##############################################################################
# SALMON: Scalable Ab-initio Light-Matter simulator for Optics and Nanoscience
#
#                             Version 2.2.1
##############################################################################
  Libxc: [enabled] 6.2.2
   theory= tddft_pulse
 
 Total time step      =       15000
 Time step[fs]        =  2.000000000000000E-003
 Energy range         =        3000
 Energy resolution[eV]=  1.000000000000000E-002
Laser frequency     = 0.10[eV]
Pulse width of laser=     21.00000000[fs]
Laser intensity     =  0.15000000E+12[W/cm^2]
   use of real value orbitals =  F
 r-space parallelization: off
 ======
 MPI distribution:
   nproc_k     :          16
   nproc_ob    :           1
   nproc_rgrid :           1           1           1
 OpenMP parallelization:
   number of threads :          72
 hpsi stencil:
   enables hand-coding vectorization : F
   enables openmp parallelization    : F
 current:
   k,orbital parallelized of openmp  : T
 force:
   k,orbital parallelized of openmp  : T
 ===================pseudopotential data===================
 ik ,atom_symbol=           1 Si
 ps_format =KY              
 ps_file =./Si_rps.dat
 Zps(ik), Mlps(ik) =           4           2
 Rps(ik), NRps(ik) =   2.26767135054939              122
 Lref(ik) =           2
 nproj(ik,l) =           1           1           1
 anorm(ik,l) =  0.6193218      0.3646551      0.0000000E+00
 inorm(ik,l) =           1           1           0
 Mass(ik) =   28.0000000000000     
 flag_nlcc_element(ik) = F
 ==========================================================
 flag_nlcc =  F
 
 ============init_ps==============
 end init_ps
 Maximal rho_NLCC= 0.000000000000000E+000
 Maximal tau_NLCC= 0.000000000000000E+000
 == Ewald ==
 cutoff length in real-space in ewald =  4.00 [A]
 (buffer length in bookkeeping =  2.00 [A])
 cutoff length in G-space in ewald =  0.1870828864+102 [1/A]
 number of ion-ion pair(/atom) used for allocation of bookkeeping=    69
 ===========
   Static dipole moment(xyz) =   -0.8729526692E+02   -0.8729526689E+02   -0.8729526689E+02
 
 
  time-step  time[fs]                               Current(xyz)[a.u.]      electrons Total energy[eV] 
#----------------------------------------------------------------------
 projection: already converged, E_kin(new)-E_kin(old)= -1.776356839400250E-015
      10    0.02000000  0.29399958E-08  0.74676774E-13 -0.15462539E-11    32.00000000     -865.02692789
      20    0.04000000  0.96637192E-08 -0.84652136E-12 -0.66277527E-12    32.00000000     -865.02692789
      30    0.06000000  0.17375343E-07 -0.10053598E-11 -0.56319374E-12    32.00000000     -865.02692789
      40    0.08000000  0.23515820E-07  0.57143601E-12  0.10691587E-11    32.00000000     -865.02692789
      50    0.10000000  0.25641328E-07  0.15115165E-11  0.24679184E-11    32.00000000     -865.02692789
      60    0.12000000  0.21507994E-07  0.25522573E-11  0.40583815E-11    32.00000000     -865.02692789
      70    0.14000000  0.91722259E-08  0.32366683E-11  0.45522883E-11    32.00000000     -865.02692789
      80    0.16000000 -0.13023875E-07  0.36274091E-11  0.51793187E-11    32.00000000     -865.02692789
      90    0.18000000 -0.46438108E-07  0.25718576E-11  0.45173572E-11    32.00000000     -865.02692789
     100    0.20000000 -0.92106858E-07  0.14964476E-11  0.38586810E-11    32.00000000     -865.02692788
     110    0.22000000 -0.15084230E-06 -0.54709574E-12  0.22228857E-11    32.00000000     -865.02692787
     120    0.24000000 -0.22324714E-06 -0.15111946E-11  0.85395565E-12    32.00000000     -865.02692786
     130    0.26000000 -0.30970277E-06 -0.22668379E-11 -0.14721495E-11    32.00000000     -865.02692783
     140    0.28000000 -0.41039336E-06 -0.32259482E-11 -0.20767770E-11    32.00000000     -865.02692777
     150    0.30000000 -0.52530636E-06 -0.26363456E-11 -0.24762356E-11    32.00000000     -865.02692769
     160    0.32000000 -0.65422210E-06 -0.26946872E-11 -0.32435463E-11    32.00000000     -865.02692757
     170    0.34000000 -0.79672573E-06 -0.12511427E-11 -0.25551596E-11    32.00000000     -865.02692739
     180    0.36000000 -0.95222600E-06 -0.32667764E-12 -0.28703519E-11    32.00000000     -865.02692715
     190    0.38000000 -0.11199856E-05  0.25434095E-12 -0.17528988E-11    32.00000000     -865.02692681
     200    0.40000000 -0.12991177E-05  0.58794637E-12 -0.16003412E-11    32.00000000     -865.02692637
     210    0.42000000 -0.14885977E-05  0.43391290E-12 -0.80692215E-12    32.00000000     -865.02692579
     220    0.44000000 -0.16873113E-05  0.86305635E-12 -0.57828098E-12    32.00000000     -865.02692506
     230    0.46000000 -0.18940887E-05  0.96207653E-12 -0.97099639E-12    32.00000000     -865.02692414
     240    0.48000000 -0.21077063E-05  0.54016645E-12 -0.80069283E-12    32.00000000     -865.02692300
     250    0.50000000 -0.23269120E-05  0.68091989E-12 -0.15095866E-11    32.00000000     -865.02692162
     260    0.52000000 -0.25504444E-05  0.14614335E-12 -0.12756899E-11    32.00000000     -865.02691995
     270    0.54000000 -0.27770514E-05  0.31654153E-12 -0.15364889E-11    32.00000000     -865.02691796
     280    0.56000000 -0.30055141E-05  0.62823727E-12 -0.12991272E-11    32.00000000     -865.02691562
     290    0.58000000 -0.32346512E-05  0.67585894E-12 -0.10061103E-11    32.00000000     -865.02691287
     300    0.60000000 -0.34633071E-05  0.44481322E-12 -0.71019743E-12    32.00000000     -865.02690970
     310    0.62000000 -0.36903556E-05 -0.18602293E-12  0.17600091E-12    32.00000000     -865.02690604
     320    0.64000000 -0.39147167E-05 -0.64787026E-12  0.12149210E-11    32.00000000     -865.02690187
     330    0.66000000 -0.41353678E-05 -0.10712197E-11  0.11357300E-11    32.00000000     -865.02689714
     340    0.68000000 -0.43513498E-05 -0.24510148E-11  0.14770518E-11    32.00000000     -865.02689181
     350    0.70000000 -0.45617856E-05 -0.20596946E-11  0.14066220E-11    32.00000000     -865.02688585
     360    0.72000000 -0.47658849E-05 -0.40037759E-11  0.12378453E-11    32.00000000     -865.02687920
     370    0.74000000 -0.49629510E-05 -0.37313754E-11  0.62202435E-12    32.00000000     -865.02687184
     380    0.76000000 -0.51523870E-05 -0.44535533E-11 -0.16375062E-12    32.00000000     -865.02686373
     390    0.78000000 -0.53337187E-05 -0.39020057E-11 -0.50415616E-12    32.00000000     -865.02685484
     400    0.80000000 -0.55065886E-05 -0.32763662E-11 -0.16772712E-11    32.00000000     -865.02684512
     410    0.82000000 -0.56707470E-05 -0.28593281E-11 -0.13292143E-11    32.00000000     -865.02683455
     420    0.84000000 -0.58260304E-05 -0.15021324E-11 -0.20119328E-11    32.00000000     -865.02682310
     430    0.86000000 -0.59723735E-05 -0.99893031E-12 -0.28717077E-11    32.00000000     -865.02681073
     440    0.88000000 -0.61098069E-05 -0.12056538E-12 -0.21579086E-11    32.00000000     -865.02679743
     450    0.90000000 -0.62384470E-05  0.57153870E-12 -0.18742027E-11    32.00000000     -865.02678317
     460    0.92000000 -0.63584915E-05  0.83069278E-12 -0.19155195E-11    32.00000000     -865.02676792
     470    0.94000000 -0.64702189E-05  0.48682047E-12 -0.23466205E-11    32.00000000     -865.02675166
     480    0.96000000 -0.65739837E-05  0.81415950E-12 -0.24177704E-11    32.00000000     -865.02673438
     490    0.98000000 -0.66702079E-05 -0.16301891E-12 -0.30896898E-11    32.00000000     -865.02671604
     500    1.00000000 -0.67593875E-05  0.57943164E-12 -0.27771414E-11    32.00000000     -865.02669664
     510    1.02000000 -0.68420735E-05 -0.38258213E-12 -0.34973686E-11    32.00000000     -865.02667615
     520    1.04000000 -0.69188692E-05 -0.82365631E-12 -0.43449253E-11    32.00000000     -865.02665456
     530    1.06000000 -0.69904206E-05 -0.21807060E-11 -0.36516356E-11    32.00000000     -865.02663184
     540    1.08000000 -0.70574032E-05 -0.26281413E-11 -0.32350777E-11    32.00000000     -865.02660799
     550    1.10000000 -0.71205056E-05 -0.39556901E-11 -0.26931925E-11    32.00000000     -865.02658297
     560    1.12000000 -0.71804306E-05 -0.46982087E-11 -0.27308900E-11    32.00000000     -865.02655677
     570    1.14000000 -0.72378836E-05 -0.47287634E-11 -0.22980867E-11    32.00000000     -865.02652936
     580    1.16000000 -0.72935499E-05 -0.50248296E-11 -0.16123296E-11    32.00000000     -865.02650073
     590    1.18000000 -0.73480923E-05 -0.50816201E-11 -0.23888579E-11    32.00000000     -865.02647084
     600    1.20000000 -0.74021584E-05 -0.57542878E-11 -0.27115575E-11    32.00000000     -865.02643966
     610    1.22000000 -0.74563705E-05 -0.58802208E-11 -0.42092226E-11    32.00000000     -865.02640717
     620    1.24000000 -0.75113184E-05 -0.45172333E-11 -0.36143687E-11    32.00000000     -865.02637332
     630    1.26000000 -0.75675541E-05 -0.55421632E-11 -0.37131080E-11    32.00000000     -865.02633808
     640    1.28000000 -0.76255878E-05 -0.40432721E-11 -0.34267566E-11    32.00000000     -865.02630141
     650    1.30000000 -0.76858818E-05 -0.44204685E-11 -0.28406975E-11    32.00000000     -865.02626327
     660    1.32000000 -0.77488483E-05 -0.40405406E-11 -0.26713210E-11    32.00000000     -865.02622360
     670    1.34000000 -0.78148464E-05 -0.37808850E-11 -0.32032005E-11    32.00000000     -865.02618235
     680    1.36000000 -0.78841858E-05 -0.34875758E-11 -0.29175825E-11    32.00000000     -865.02613948
     690    1.38000000 -0.79571242E-05 -0.21135088E-11 -0.32155353E-11    32.00000000     -865.02609491
     700    1.40000000 -0.80338614E-05 -0.15975181E-11 -0.32246528E-11    32.00000000     -865.02604859
     710    1.42000000 -0.81145495E-05 -0.29774393E-12 -0.17870876E-11    32.00000000     -865.02600045
     720    1.44000000 -0.81992924E-05  0.27916165E-12 -0.16465547E-11    32.00000000     -865.02595043
     730    1.46000000 -0.82881406E-05  0.69966924E-12 -0.17447926E-11    32.00000000     -865.02589845
     740    1.48000000 -0.83810968E-05  0.12039108E-11 -0.15006453E-11    32.00000000     -865.02584444
     750    1.50000000 -0.84781146E-05  0.10954582E-11 -0.24053341E-11    32.00000000     -865.02578832
     760    1.52000000 -0.85790931E-05  0.10372161E-11 -0.25296678E-11    32.00000000     -865.02573001
     770    1.54000000 -0.86838851E-05 -0.22398642E-12 -0.27476573E-11    32.00000000     -865.02566944
     780    1.56000000 -0.87923050E-05 -0.11538973E-11 -0.28837794E-11    32.00000000     -865.02560651
     790    1.58000000 -0.89041349E-05 -0.15066031E-11 -0.32273974E-11    32.00000000     -865.02554115
     800    1.60000000 -0.90191290E-05 -0.23911439E-11 -0.28732583E-11    32.00000000     -865.02547328
     810    1.62000000 -0.91370133E-05 -0.29480811E-11 -0.29545857E-11    32.00000000     -865.02540280
     820    1.64000000 -0.92574801E-05 -0.43988696E-11 -0.29571379E-11    32.00000000     -865.02532964
     830    1.66000000 -0.93801991E-05 -0.57342176E-11 -0.32935861E-11    32.00000000     -865.02525370
     840    1.68000000 -0.95048226E-05 -0.62336435E-11 -0.26670306E-11    32.00000000     -865.02517492
     850    1.70000000 -0.96309933E-05 -0.82005585E-11 -0.33334758E-11    32.00000000     -865.02509320
     860    1.72000000 -0.97583379E-05 -0.81946248E-11 -0.29520052E-11    32.00000000     -865.02500847
     870    1.74000000 -0.98864723E-05 -0.91817614E-11 -0.33639570E-11    32.00000000     -865.02492064
     880    1.76000000 -0.10015011E-04 -0.82766240E-11 -0.38624996E-11    32.00000000     -865.02482965
     890    1.78000000 -0.10143573E-04 -0.64797964E-11 -0.30664275E-11    32.00000000     -865.02473542
     900    1.80000000 -0.10271767E-04 -0.50305886E-11 -0.38072863E-11    32.00000000     -865.02463788
     910    1.82000000 -0.10399211E-04 -0.27152618E-11 -0.34697652E-11    32.00000000     -865.02453696
     920    1.84000000 -0.10525536E-04 -0.17450305E-11 -0.41136635E-11    32.00000000     -865.02443260
     930    1.86000000 -0.10650388E-04  0.22564936E-13 -0.28942790E-11    32.00000000     -865.02432474
     940    1.88000000 -0.10773434E-04  0.14581302E-11 -0.33502477E-11    32.00000000     -865.02421333
     950    1.90000000 -0.10894366E-04  0.17627375E-11 -0.22501354E-11    32.00000000     -865.02409831
     960    1.92000000 -0.11012904E-04  0.21051002E-11 -0.27457686E-11    32.00000000     -865.02397964
     970    1.94000000 -0.11128786E-04  0.91031116E-12 -0.26232133E-11    32.00000000     -865.02385728
     980    1.96000000 -0.11241777E-04  0.10514666E-11 -0.21270525E-11    32.00000000     -865.02373118
     990    1.98000000 -0.11351675E-04  0.24208273E-12 -0.24743246E-11    32.00000000     -865.02360131
    1000    2.00000000 -0.11458307E-04  0.21391422E-12 -0.20171048E-11    32.00000000     -865.02346764
    1010    2.02000000 -0.11561529E-04 -0.12794920E-11 -0.22091028E-11    32.00000000     -865.02333015
    1020    2.04000000 -0.11661232E-04 -0.10732011E-11 -0.10645991E-11    32.00000000     -865.02318880
    1030    2.06000000 -0.11757343E-04 -0.20685520E-11 -0.93507530E-12    32.00000000     -865.02304359
    1040    2.08000000 -0.11849823E-04 -0.21343366E-11 -0.77894850E-12    32.00000000     -865.02289449
    1050    2.10000000 -0.11938671E-04 -0.40849765E-11 -0.86527570E-12    32.00000000     -865.02274148
    1060    2.12000000 -0.12023919E-04 -0.42100345E-11 -0.13177071E-11    32.00000000     -865.02258456
    1070    2.14000000 -0.12105624E-04 -0.52898827E-11 -0.20600714E-11    32.00000000     -865.02242371
    1080    2.16000000 -0.12183875E-04 -0.57162112E-11 -0.29726728E-11    32.00000000     -865.02225893
    1090    2.18000000 -0.12258795E-04 -0.70672120E-11 -0.38297191E-11    32.00000000     -865.02209021
    1100    2.20000000 -0.12330528E-04 -0.78395854E-11 -0.46570425E-11    32.00000000     -865.02191753
    1110    2.22000000 -0.12399240E-04 -0.84002077E-11 -0.50638909E-11    32.00000000     -865.02174090
    1120    2.24000000 -0.12465121E-04 -0.75526112E-11 -0.53624179E-11    32.00000000     -865.02156029
    1130    2.26000000 -0.12528375E-04 -0.76491371E-11 -0.53340468E-11    32.00000000     -865.02137572
    1140    2.28000000 -0.12589217E-04 -0.68141726E-11 -0.53724196E-11    32.00000000     -865.02118715
    1150    2.30000000 -0.12647871E-04 -0.66937829E-11 -0.53117699E-11    32.00000000     -865.02099459
    1160    2.32000000 -0.12704571E-04 -0.44053658E-11 -0.54488653E-11    32.00000000     -865.02079802
    1170    2.34000000 -0.12759553E-04 -0.34248639E-11 -0.52677531E-11    32.00000000     -865.02059743
    1180    2.36000000 -0.12813053E-04 -0.24730007E-11 -0.58550450E-11    32.00000000     -865.02039279
    1190    2.38000000 -0.12865302E-04 -0.22774013E-11 -0.59596673E-11    32.00000000     -865.02018409
    1200    2.40000000 -0.12916534E-04 -0.15187806E-11 -0.64259450E-11    32.00000000     -865.01997130
    1210    2.42000000 -0.12966971E-04 -0.93398266E-12 -0.64145306E-11    32.00000000     -865.01975440
    1220    2.44000000 -0.13016827E-04 -0.51780463E-12 -0.65186999E-11    32.00000000     -865.01953336
    1230    2.46000000 -0.13066304E-04 -0.13891255E-11 -0.55340339E-11    32.00000000     -865.01930815
    1240    2.48000000 -0.13115582E-04 -0.95988980E-12 -0.49281992E-11    32.00000000     -865.01907874
    1250    2.50000000 -0.13164823E-04 -0.15177927E-11 -0.36872087E-11    32.00000000     -865.01884508
    1260    2.52000000 -0.13214174E-04 -0.11900815E-11 -0.20072020E-11    32.00000000     -865.01860714
    1270    2.54000000 -0.13263761E-04 -0.24611995E-11 -0.14758151E-11    32.00000000     -865.01836487
    1280    2.56000000 -0.13313678E-04 -0.41236241E-11 -0.37404734E-12    32.00000000     -865.01811824
    1290    2.58000000 -0.13364003E-04 -0.48101199E-11 -0.54602996E-13    32.00000000     -865.01786719
    1300    2.60000000 -0.13414784E-04 -0.66534740E-11  0.27535374E-12    32.00000000     -865.01761168
    1310    2.62000000 -0.13466046E-04 -0.64075217E-11 -0.19306730E-12    32.00000000     -865.01735166
    1320    2.64000000 -0.13517788E-04 -0.72423898E-11 -0.95485504E-12    32.00000000     -865.01708708
    1330    2.66000000 -0.13569981E-04 -0.69300206E-11 -0.20154415E-11    32.00000000     -865.01681790
    1340    2.68000000 -0.13622571E-04 -0.65133994E-11 -0.36045330E-11    32.00000000     -865.01654406
    1350    2.70000000 -0.13675484E-04 -0.51741763E-11 -0.54006959E-11    32.00000000     -865.01626552
    1360    2.72000000 -0.13728627E-04 -0.43282374E-11 -0.61813455E-11    32.00000000     -865.01598224
    1370    2.74000000 -0.13781894E-04 -0.38711145E-11 -0.83798313E-11    32.00000000     -865.01569417
    1380    2.76000000 -0.13835163E-04 -0.31025922E-11 -0.81116330E-11    32.00000000     -865.01540127
    1390    2.78000000 -0.13888297E-04 -0.33118572E-11 -0.92435226E-11    32.00000000     -865.01510350
    1400    2.80000000 -0.13941145E-04 -0.35961808E-11 -0.86011822E-11    32.00000000     -865.01480083
    1410    2.82000000 -0.13993548E-04 -0.51747425E-11 -0.75194502E-11    32.00000000     -865.01449324
    1420    2.84000000 -0.14045341E-04 -0.59754603E-11 -0.65936486E-11    32.00000000     -865.01418069
    1430    2.86000000 -0.14096358E-04 -0.66781709E-11 -0.52423023E-11    32.00000000     -865.01386316
    1440    2.88000000 -0.14146432E-04 -0.68872490E-11 -0.42659051E-11    32.00000000     -865.01354063
    1450    2.90000000 -0.14195394E-04 -0.66655305E-11 -0.38280911E-11    32.00000000     -865.01321310
    1460    2.92000000 -0.14243079E-04 -0.61268875E-11 -0.37457985E-11    32.00000000     -865.01288056
    1470    2.94000000 -0.14289329E-04 -0.56402484E-11 -0.37281887E-11    32.00000000     -865.01254300
    1480    2.96000000 -0.14333995E-04 -0.44538035E-11 -0.40600486E-11    32.00000000     -865.01220042
    1490    2.98000000 -0.14376937E-04 -0.41464072E-11 -0.35557012E-11    32.00000000     -865.01185285
    1500    3.00000000 -0.14418030E-04 -0.36655064E-11 -0.38115580E-11    32.00000000     -865.01150028
    1510    3.02000000 -0.14457158E-04 -0.33367267E-11 -0.29647668E-11    32.00000000     -865.01114275
    1520    3.04000000 -0.14494220E-04 -0.32185114E-11 -0.34172693E-11    32.00000000     -865.01078026
    1530    3.06000000 -0.14529134E-04 -0.29154282E-11 -0.30523321E-11    32.00000000     -865.01041285
    1540    3.08000000 -0.14561836E-04 -0.31111727E-11 -0.33517945E-11    32.00000000     -865.01004055
    1550    3.10000000 -0.14592286E-04 -0.30740861E-11 -0.37819084E-11    32.00000000     -865.00966339
    1560    3.12000000 -0.14620461E-04 -0.23180059E-11 -0.37686739E-11    32.00000000     -865.00928142
    1570    3.14000000 -0.14646357E-04 -0.34955333E-11 -0.43990729E-11    32.00000000     -865.00889466
    1580    3.16000000 -0.14670001E-04 -0.26877106E-11 -0.41862921E-11    32.00000000     -865.00850318
    1590    3.18000000 -0.14691436E-04 -0.38382043E-11 -0.45676872E-11    32.00000000     -865.00810700
    1600    3.20000000 -0.14710729E-04 -0.37121483E-11 -0.41848508E-11    32.00000000     -865.00770617
    1610    3.22000000 -0.14727965E-04 -0.44889179E-11 -0.53599012E-11    32.00000000     -865.00730074
    1620    3.24000000 -0.14743249E-04 -0.41836354E-11 -0.45819584E-11    32.00000000     -865.00689075
    1630    3.26000000 -0.14756697E-04 -0.51454683E-11 -0.52747704E-11    32.00000000     -865.00647625
    1640    3.28000000 -0.14768448E-04 -0.43651415E-11 -0.53932733E-11    32.00000000     -865.00605728
    1650    3.30000000 -0.14778647E-04 -0.50274538E-11 -0.50427571E-11    32.00000000     -865.00563387
    1660    3.32000000 -0.14787449E-04 -0.49840595E-11 -0.56179869E-11    32.00000000     -865.00520607
    1670    3.34000000 -0.14795018E-04 -0.54939795E-11 -0.48071758E-11    32.00000000     -865.00477390
    1680    3.36000000 -0.14801526E-04 -0.52752377E-11 -0.47618407E-11    32.00000000     -865.00433740
    1690    3.38000000 -0.14807151E-04 -0.60289250E-11 -0.39498866E-11    32.00000000     -865.00389659
    1700    3.40000000 -0.14812077E-04 -0.54894692E-11 -0.41673685E-11    32.00000000     -865.00345151
    1710    3.42000000 -0.14816483E-04 -0.58401936E-11 -0.35395515E-11    32.00000000     -865.00300215
    1720    3.44000000 -0.14820546E-04 -0.58055435E-11 -0.38444438E-11    32.00000000     -865.00254854
    1730    3.46000000 -0.14824430E-04 -0.56326688E-11 -0.40211287E-11    32.00000000     -865.00209069
    1740    3.48000000 -0.14828290E-04 -0.60006913E-11 -0.43425271E-11    32.00000000     -865.00162860
    1750    3.50000000 -0.14832268E-04 -0.56030459E-11 -0.40220498E-11    32.00000000     -865.00116227
    1760    3.52000000 -0.14836489E-04 -0.54597056E-11 -0.46686599E-11    32.00000000     -865.00069169
    1770    3.54000000 -0.14841051E-04 -0.54339296E-11 -0.45448255E-11    32.00000000     -865.00021686
    1780    3.56000000 -0.14846035E-04 -0.45874539E-11 -0.48742321E-11    32.00000000     -864.99973777
    1790    3.58000000 -0.14851495E-04 -0.45977277E-11 -0.44594011E-11    32.00000000     -864.99925441
    1800    3.60000000 -0.14857461E-04 -0.37348621E-11 -0.45711131E-11    32.00000000     -864.99876676
    1810    3.62000000 -0.14863938E-04 -0.32064966E-11 -0.47607560E-11    32.00000000     -864.99827481
    1820    3.64000000 -0.14870903E-04 -0.29196125E-11 -0.47909808E-11    32.00000000     -864.99777854
    1830    3.66000000 -0.14878305E-04 -0.25140904E-11 -0.45317838E-11    32.00000000     -864.99727794
    1840    3.68000000 -0.14886063E-04 -0.27747748E-11 -0.35472910E-11    32.00000000     -864.99677300
    1850    3.70000000 -0.14894069E-04 -0.32373906E-11 -0.44925330E-11    32.00000000     -864.99626372
    1860    3.72000000 -0.14902193E-04 -0.34023570E-11 -0.37566686E-11    32.00000000     -864.99575008
    1870    3.74000000 -0.14910280E-04 -0.35424842E-11 -0.43482741E-11    32.00000000     -864.99523210
    1880    3.76000000 -0.14918154E-04 -0.33903385E-11 -0.39307419E-11    32.00000000     -864.99470977
    1890    3.78000000 -0.14925618E-04 -0.28486334E-11 -0.42012872E-11    32.00000000     -864.99418312
    1900    3.80000000 -0.14932456E-04 -0.24685179E-11 -0.42037443E-11    32.00000000     -864.99365217
    1910    3.82000000 -0.14938442E-04 -0.20224750E-11 -0.47538060E-11    32.00000000     -864.99311695
    1920    3.84000000 -0.14943344E-04 -0.23331156E-11 -0.44568047E-11    32.00000000     -864.99257750
    1930    3.86000000 -0.14946925E-04 -0.28519540E-11 -0.49779631E-11    32.00000000     -864.99203387
    1940    3.88000000 -0.14948948E-04 -0.44117981E-11 -0.46905317E-11    32.00000000     -864.99148612
    1950    3.90000000 -0.14949181E-04 -0.48914885E-11 -0.50694697E-11    32.00000000     -864.99093433
    1960    3.92000000 -0.14947398E-04 -0.59552052E-11 -0.44679136E-11    32.00000000     -864.99037858
    1970    3.94000000 -0.14943387E-04 -0.62441734E-11 -0.46334129E-11    32.00000000     -864.98981896
    1980    3.96000000 -0.14936949E-04 -0.69037107E-11 -0.44816194E-11    32.00000000     -864.98925557
    1990    3.98000000 -0.14927901E-04 -0.68150379E-11 -0.35876711E-11    32.00000000     -864.98868852
    2000    4.00000000 -0.14916082E-04 -0.63455132E-11 -0.37468004E-11    32.00000000     -864.98811793
    2010    4.02000000 -0.14901353E-04 -0.57710612E-11 -0.39867641E-11    32.00000000     -864.98754394
    2020    4.04000000 -0.14883608E-04 -0.48096391E-11 -0.42784680E-11    32.00000000     -864.98696668
    2030    4.06000000 -0.14862765E-04 -0.45528976E-11 -0.46803851E-11    32.00000000     -864.98638629
    2040    4.08000000 -0.14838779E-04 -0.47000703E-11 -0.44448199E-11    32.00000000     -864.98580292
    2050    4.10000000 -0.14811632E-04 -0.41410206E-11 -0.45125818E-11    32.00000000     -864.98521673
    2060    4.12000000 -0.14781342E-04 -0.45109273E-11 -0.46288553E-11    32.00000000     -864.98462786
    2070    4.14000000 -0.14747957E-04 -0.41489396E-11 -0.42238641E-11    32.00000000     -864.98403648
    2080    4.16000000 -0.14711563E-04 -0.42390324E-11 -0.41953792E-11    32.00000000     -864.98344275
    2090    4.18000000 -0.14672275E-04 -0.48506835E-11 -0.40893633E-11    32.00000000     -864.98284681
    2100    4.20000000 -0.14630241E-04 -0.53059142E-11 -0.48853262E-11    32.00000000     -864.98224882
    2110    4.22000000 -0.14585634E-04 -0.61785020E-11 -0.47020900E-11    32.00000000     -864.98164893
    2120    4.24000000 -0.14538657E-04 -0.68482450E-11 -0.52711290E-11    32.00000000     -864.98104728
    2130    4.26000000 -0.14489533E-04 -0.72556877E-11 -0.46224278E-11    32.00000000     -864.98044402
    2140    4.28000000 -0.14438508E-04 -0.75337813E-11 -0.55821948E-11    32.00000000     -864.97983925
    2150    4.30000000 -0.14385841E-04 -0.69107957E-11 -0.59212384E-11    32.00000000     -864.97923312
    2160    4.32000000 -0.14331801E-04 -0.69150439E-11 -0.66970958E-11    32.00000000     -864.97862572
    2170    4.34000000 -0.14276662E-04 -0.57913449E-11 -0.74277712E-11    32.00000000     -864.97801715
    2180    4.36000000 -0.14220700E-04 -0.50032692E-11 -0.79442105E-11    32.00000000     -864.97740750
    2190    4.38000000 -0.14164194E-04 -0.44934141E-11 -0.80518916E-11    32.00000000     -864.97679686
    2200    4.40000000 -0.14107413E-04 -0.36639105E-11 -0.75632383E-11    32.00000000     -864.97618528
    2210    4.42000000 -0.14050617E-04 -0.38617997E-11 -0.63854374E-11    32.00000000     -864.97557282
    2220    4.44000000 -0.13994055E-04 -0.36211393E-11 -0.59164598E-11    32.00000000     -864.97495952
    2230    4.46000000 -0.13937949E-04 -0.36565246E-11 -0.45112301E-11    32.00000000     -864.97434542
    2240    4.48000000 -0.13882498E-04 -0.38783104E-11 -0.33153519E-11    32.00000000     -864.97373054
    2250    4.50000000 -0.13827872E-04 -0.35115086E-11 -0.20748224E-11    32.00000000     -864.97311489
    2260    4.52000000 -0.13774206E-04 -0.33523749E-11 -0.16874619E-11    32.00000000     -864.97249848
    2270    4.54000000 -0.13721598E-04 -0.29356655E-11 -0.84966773E-12    32.00000000     -864.97188132
    2280    4.56000000 -0.13670104E-04 -0.18725333E-11 -0.80688900E-12    32.00000000     -864.97126339
    2290    4.58000000 -0.13619740E-04 -0.14171262E-11 -0.47017081E-12    32.00000000     -864.97064470
    2300    4.60000000 -0.13570481E-04 -0.69582386E-12 -0.11258822E-11    32.00000000     -864.97002523
    2310    4.62000000 -0.13522264E-04 -0.89405167E-12 -0.17522947E-11    32.00000000     -864.96940499
    2320    4.64000000 -0.13474993E-04 -0.98449148E-12 -0.28202074E-11    32.00000000     -864.96878396
    2330    4.66000000 -0.13428533E-04 -0.13172133E-11 -0.33188761E-11    32.00000000     -864.96816216
    2340    4.68000000 -0.13382719E-04 -0.24164689E-11 -0.37412257E-11    32.00000000     -864.96753960
    2350    4.70000000 -0.13337352E-04 -0.32290416E-11 -0.50287308E-11    32.00000000     -864.96691628
    2360    4.72000000 -0.13292201E-04 -0.46202722E-11 -0.46321972E-11    32.00000000     -864.96629224
    2370    4.74000000 -0.13247009E-04 -0.48861951E-11 -0.56707446E-11    32.00000000     -864.96566752
    2380    4.76000000 -0.13201492E-04 -0.57876936E-11 -0.64664477E-11    32.00000000     -864.96504216
    2390    4.78000000 -0.13155351E-04 -0.63599814E-11 -0.73824696E-11    32.00000000     -864.96441623
    2400    4.80000000 -0.13108278E-04 -0.65103155E-11 -0.74945820E-11    32.00000000     -864.96378982
    2410    4.82000000 -0.13059963E-04 -0.61761878E-11 -0.73038752E-11    32.00000000     -864.96316302
    2420    4.84000000 -0.13010105E-04 -0.54776213E-11 -0.64034539E-11    32.00000000     -864.96253594
    2430    4.86000000 -0.12958416E-04 -0.57829134E-11 -0.63948695E-11    32.00000000     -864.96190871
    2440    4.88000000 -0.12904625E-04 -0.59860753E-11 -0.48237392E-11    32.00000000     -864.96128146
    2450    4.90000000 -0.12848487E-04 -0.65511347E-11 -0.37765177E-11    32.00000000     -864.96065436
    2460    4.92000000 -0.12789782E-04 -0.65386767E-11 -0.25907966E-11    32.00000000     -864.96002757
    2470    4.94000000 -0.12728322E-04 -0.71543948E-11 -0.18218441E-11    32.00000000     -864.95940128
    2480    4.96000000 -0.12663953E-04 -0.70462776E-11 -0.11368898E-11    32.00000000     -864.95877567
    2490    4.98000000 -0.12596557E-04 -0.79052818E-11 -0.54130931E-12    32.00000000     -864.95815095
    2500    5.00000000 -0.12526063E-04 -0.74322756E-11  0.12970890E-12    32.00000000     -864.95752731
    2510    5.02000000 -0.12452443E-04 -0.72979584E-11 -0.12160666E-11    32.00000000     -864.95690496
    2520    5.04000000 -0.12375721E-04 -0.59493002E-11 -0.15325791E-11    32.00000000     -864.95628413
    2530    5.06000000 -0.12295972E-04 -0.47558183E-11 -0.29290618E-11    32.00000000     -864.95566501
    2540    5.08000000 -0.12213320E-04 -0.24552433E-11 -0.43331179E-11    32.00000000     -864.95504782
    2550    5.10000000 -0.12127933E-04 -0.92154321E-12 -0.55177844E-11    32.00000000     -864.95443275
    2560    5.12000000 -0.12040024E-04  0.36068122E-12 -0.71059325E-11    32.00000000     -864.95382001
    2570    5.14000000 -0.11949844E-04  0.11955802E-11 -0.76773549E-11    32.00000000     -864.95320976
    2580    5.16000000 -0.11857667E-04  0.14497733E-11 -0.84431744E-11    32.00000000     -864.95260218
    2590    5.18000000 -0.11763794E-04  0.14495937E-11 -0.75692950E-11    32.00000000     -864.95199742
    2600    5.20000000 -0.11668539E-04  0.71900295E-12 -0.73568802E-11    32.00000000     -864.95139563
    2610    5.22000000 -0.11572223E-04 -0.34129337E-12 -0.55012644E-11    32.00000000     -864.95079692
    2620    5.24000000 -0.11475167E-04 -0.95167088E-12 -0.45025851E-11    32.00000000     -864.95020140
    2630    5.26000000 -0.11377689E-04 -0.25528571E-11 -0.37630896E-11    32.00000000     -864.94960916
    2640    5.28000000 -0.11280088E-04 -0.30805545E-11 -0.28496595E-11    32.00000000     -864.94902028
    2650    5.30000000 -0.11182646E-04 -0.42371653E-11 -0.21752051E-11    32.00000000     -864.94843480
    2660    5.32000000 -0.11085609E-04 -0.41930653E-11 -0.12663972E-11    32.00000000     -864.94785279
    2670    5.34000000 -0.10989198E-04 -0.49462856E-11 -0.14397731E-11    32.00000000     -864.94727425
    2680    5.36000000 -0.10893594E-04 -0.50891265E-11 -0.16757763E-11    32.00000000     -864.94669922
    2690    5.38000000 -0.10798936E-04 -0.60229284E-11 -0.21141485E-11    32.00000000     -864.94612769
    2700    5.40000000 -0.10705317E-04 -0.62339956E-11 -0.19413825E-11    32.00000000     -864.94555968
    2710    5.42000000 -0.10612776E-04 -0.71339819E-11 -0.24867051E-11    32.00000000     -864.94499517
    2720    5.44000000 -0.10521301E-04 -0.69926872E-11 -0.28513073E-11    32.00000000     -864.94443416
    2730    5.46000000 -0.10430817E-04 -0.75079376E-11 -0.35101881E-11    32.00000000     -864.94387665
    2740    5.48000000 -0.10341194E-04 -0.71822863E-11 -0.35446904E-11    32.00000000     -864.94332264
    2750    5.50000000 -0.10252244E-04 -0.71192727E-11 -0.36943683E-11    32.00000000     -864.94277214
    2760    5.52000000 -0.10163732E-04 -0.57246575E-11 -0.41261563E-11    32.00000000     -864.94222515
    2770    5.54000000 -0.10075381E-04 -0.53761995E-11 -0.42396536E-11    32.00000000     -864.94168172
    2780    5.56000000 -0.99868833E-05 -0.37777929E-11 -0.43390706E-11    31.99999999     -864.94114190
    2790    5.58000000 -0.98979142E-05 -0.26345965E-11 -0.43450647E-11    31.99999999     -864.94060573
    2800    5.60000000 -0.98081461E-05 -0.15417134E-11 -0.36723982E-11    31.99999999     -864.94007332
    2810    5.62000000 -0.97172640E-05 -0.16529265E-12 -0.41464843E-11    31.99999999     -864.93954475
    2820    5.64000000 -0.96249770E-05 -0.50696387E-12 -0.42818865E-11    31.99999999     -864.93902014
    2830    5.66000000 -0.95310358E-05 -0.50747747E-12 -0.51390599E-11    31.99999999     -864.93849962
    2840    5.68000000 -0.94352398E-05 -0.11030430E-11 -0.45207326E-11    31.99999999     -864.93798333
    2850    5.70000000 -0.93374426E-05 -0.13883183E-11 -0.45399767E-11    31.99999999     -864.93747142
    2860    5.72000000 -0.92375537E-05 -0.24453981E-11 -0.41216043E-11    31.99999999     -864.93696407
    2870    5.74000000 -0.91355390E-05 -0.30245743E-11 -0.45312684E-11    31.99999999     -864.93646141
    2880    5.76000000 -0.90314152E-05 -0.42539535E-11 -0.39460533E-11    31.99999999     -864.93596363
    2890    5.78000000 -0.89252379E-05 -0.42434049E-11 -0.37007018E-11    31.99999999     -864.93547088
    2900    5.80000000 -0.88171004E-05 -0.51013688E-11 -0.31742609E-11    31.99999999     -864.93498332
    2910    5.82000000 -0.87071154E-05 -0.52501463E-11 -0.31790867E-11    31.99999999     -864.93450109
    2920    5.84000000 -0.85954169E-05 -0.51768824E-11 -0.25528011E-11    31.99999999     -864.93402435
    2930    5.86000000 -0.84821491E-05 -0.47127636E-11 -0.27380112E-11    31.99999999     -864.93355323
    2940    5.88000000 -0.83674656E-05 -0.45534461E-11 -0.31030690E-11    31.99999999     -864.93308785
    2950    5.90000000 -0.82515237E-05 -0.36525559E-11 -0.25492752E-11    31.99999999     -864.93262833
    2960    5.92000000 -0.81344862E-05 -0.34911399E-11 -0.24598202E-11    31.99999999     -864.93217479
    2970    5.94000000 -0.80165185E-05 -0.24163329E-11 -0.21298053E-11    31.99999999     -864.93172731
    2980    5.96000000 -0.78977944E-05 -0.24501895E-11 -0.19380529E-11    31.99999999     -864.93128598
    2990    5.98000000 -0.77784904E-05 -0.12861921E-11 -0.16773874E-11    31.99999999     -864.93085089
    3000    6.00000000 -0.76587939E-05 -0.59639575E-12 -0.14030264E-11    31.99999999     -864.93042210
    3010    6.02000000 -0.75388957E-05  0.43067782E-12 -0.88927274E-12    31.99999999     -864.92999966
    3020    6.04000000 -0.74189903E-05  0.85202163E-14 -0.67340424E-12    31.99999999     -864.92958361
    3030    6.06000000 -0.72992710E-05  0.71285365E-13 -0.76214616E-12    31.99999999     -864.92917399
    3040    6.08000000 -0.71799217E-05 -0.86704829E-12 -0.11162538E-11    31.99999999     -864.92877082
    3050    6.10000000 -0.70611085E-05 -0.12549754E-11 -0.19268506E-11    31.99999999     -864.92837409
    3060    6.12000000 -0.69429707E-05 -0.17297327E-11 -0.28127703E-11    31.99999999     -864.92798381
    3070    6.14000000 -0.68256101E-05 -0.25210935E-11 -0.33434192E-11    31.99999999     -864.92759997
    3080    6.16000000 -0.67090829E-05 -0.33833749E-11 -0.35629871E-11    31.99999999     -864.92722255
    3090    6.18000000 -0.65933867E-05 -0.40891287E-11 -0.46505785E-11    31.99999999     -864.92685154
    3100    6.20000000 -0.64784577E-05 -0.41126598E-11 -0.51696651E-11    31.99999999     -864.92648691
    3110    6.22000000 -0.63641644E-05 -0.51883175E-11 -0.51143211E-11    31.99999999     -864.92612864
    3120    6.24000000 -0.62503112E-05 -0.51828583E-11 -0.50411231E-11    31.99999999     -864.92577674
    3130    6.26000000 -0.61366370E-05 -0.54609343E-11 -0.42628480E-11    31.99999999     -864.92543121
    3140    6.28000000 -0.60228320E-05 -0.56616489E-11 -0.44967583E-11    31.99999999     -864.92509207
    3150    6.30000000 -0.59085453E-05 -0.49806514E-11 -0.42201066E-11    31.99999999     -864.92475935
    3160    6.32000000 -0.57934105E-05 -0.45768059E-11 -0.35769315E-11    31.99999999     -864.92443312
    3170    6.34000000 -0.56770600E-05 -0.42606699E-11 -0.34396507E-11    31.99999999     -864.92411346
    3180    6.36000000 -0.55591564E-05 -0.35927373E-11 -0.20828971E-11    31.99999999     -864.92380046
    3190    6.38000000 -0.54394109E-05 -0.30022208E-11 -0.16416604E-11    31.99999999     -864.92349425
    3200    6.40000000 -0.53176086E-05 -0.17976088E-11 -0.12628208E-11    31.99999999     -864.92319493
    3210    6.42000000 -0.51936301E-05 -0.15609432E-11 -0.13704919E-11    31.99999999     -864.92290267
    3220    6.44000000 -0.50674637E-05 -0.49835592E-12 -0.98584995E-12    31.99999999     -864.92261759
    3230    6.46000000 -0.49392140E-05 -0.19325792E-12 -0.78088552E-12    31.99999999     -864.92233984
    3240    6.48000000 -0.48090976E-05  0.51435042E-13 -0.66062323E-12    31.99999999     -864.92206954
    3250    6.50000000 -0.46774377E-05  0.54546738E-12 -0.86327890E-12    31.99999999     -864.92180681
    3260    6.52000000 -0.45446444E-05  0.45870618E-12 -0.69346974E-12    31.99999999     -864.92155173
    3270    6.54000000 -0.44111926E-05  0.94025186E-12  0.75418830E-13    31.99999999     -864.92130436
    3280    6.56000000 -0.42775845E-05  0.11189818E-11  0.25810945E-12    31.99999999     -864.92106474
    3290    6.58000000 -0.41443229E-05  0.75820980E-12  0.78887949E-12    31.99999999     -864.92083287
    3300    6.60000000 -0.40118653E-05  0.80378175E-12  0.38894518E-13    31.99999999     -864.92060872
    3310    6.62000000 -0.38805986E-05  0.11189778E-12 -0.21496670E-12    31.99999999     -864.92039225
    3320    6.64000000 -0.37507969E-05  0.24887171E-12 -0.64521976E-12    31.99999999     -864.92018337
    3330    6.66000000 -0.36226154E-05  0.36229145E-12 -0.21856240E-11    31.99999999     -864.91998201
    3340    6.68000000 -0.34960645E-05 -0.83090416E-12 -0.23417422E-11    31.99999999     -864.91978806
    3350    6.70000000 -0.33710258E-05 -0.10836504E-11 -0.36332148E-11    31.99999999     -864.91960145
    3360    6.72000000 -0.32472506E-05 -0.19050601E-11 -0.33789434E-11    31.99999999     -864.91942208
    3370    6.74000000 -0.31243959E-05 -0.22149505E-11 -0.33540859E-11    31.99999999     -864.91924989
    3380    6.76000000 -0.30020438E-05 -0.29303121E-11 -0.19046577E-11    31.99999999     -864.91908484
    3390    6.78000000 -0.28797459E-05 -0.33347250E-11 -0.15570392E-11    31.99999999     -864.91892690
    3400    6.80000000 -0.27570588E-05 -0.35878602E-11 -0.64495730E-12    31.99999999     -864.91877607
    3410    6.82000000 -0.26335852E-05 -0.39410754E-11 -0.23218942E-12    31.99999999     -864.91863239
    3420    6.84000000 -0.25090076E-05 -0.38419177E-11  0.62232233E-12    31.99999999     -864.91849589
    3430    6.86000000 -0.23831171E-05 -0.31346738E-11 -0.26663945E-12    31.99999999     -864.91836665
    3440    6.88000000 -0.22558331E-05 -0.34716815E-11 -0.52575732E-12    31.99999999     -864.91824471
    3450    6.90000000 -0.21272053E-05 -0.36912408E-11 -0.11286463E-11    31.99999999     -864.91813015
    3460    6.92000000 -0.19974164E-05 -0.34402097E-11 -0.20946770E-11    31.99999999     -864.91802303
    3470    6.94000000 -0.18667537E-05 -0.36992771E-11 -0.23605189E-11    31.99999999     -864.91792338
    3480    6.96000000 -0.17355898E-05 -0.32857453E-11 -0.17798377E-11    31.99999999     -864.91783125
    3490    6.98000000 -0.16043404E-05 -0.30760021E-11 -0.18474597E-11    31.99999999     -864.91774661
    3500    7.00000000 -0.14734292E-05 -0.20406330E-11 -0.13296222E-11    31.99999999     -864.91766945
    3510    7.02000000 -0.13432447E-05 -0.18064090E-11 -0.61339921E-12    31.99999999     -864.91759973
    3520    7.04000000 -0.12141074E-05  0.95674828E-13  0.41993568E-12    31.99999999     -864.91753736
    3530    7.06000000 -0.10862371E-05  0.12406433E-11  0.11039338E-11    31.99999999     -864.91748226
    3540    7.08000000 -0.95974170E-06  0.22739145E-11  0.10919889E-11    31.99999999     -864.91743434
    3550    7.10000000 -0.83460281E-06  0.25354138E-11  0.20436873E-11    31.99999999     -864.91739349
    3560    7.12000000 -0.71069286E-06  0.32167851E-11  0.11384430E-11    31.99999999     -864.91735961
    3570    7.14000000 -0.58778411E-06  0.29177626E-11  0.59772749E-12    31.99999999     -864.91733262
    3580    7.16000000 -0.46558837E-06  0.26760105E-11 -0.94666192E-14    31.99999999     -864.91731245
    3590    7.18000000 -0.34378672E-06  0.19373463E-11 -0.11384411E-11    31.99999999     -864.91729902
    3600    7.20000000 -0.22207167E-06  0.14593079E-11 -0.16160686E-11    31.99999999     -864.91729230
    3610    7.22000000 -0.10018249E-06  0.13161161E-11 -0.23623942E-11    31.99999999     -864.91729226
    3620    7.24000000  0.22061010E-07  0.87301519E-12 -0.24126846E-11    31.99999999     -864.91729888
    3630    7.26000000  0.14473933E-06  0.14493381E-11 -0.26664300E-11    31.99999999     -864.91731215
    3640    7.28000000  0.26782636E-06  0.18292558E-11 -0.20283055E-11    31.99999999     -864.91733206
    3650    7.30000000  0.39118977E-06  0.25388895E-11 -0.17869441E-11    31.99999999     -864.91735859
    3660    7.32000000  0.51460977E-06  0.28930512E-11 -0.13572091E-11    31.99999999     -864.91739173
    3670    7.34000000  0.63780154E-06  0.26137343E-11 -0.46661605E-12    31.99999999     -864.91743142
    3680    7.36000000  0.76045193E-06  0.24780784E-11 -0.12545850E-12    31.99999999     -864.91747761
    3690    7.38000000  0.88225005E-06  0.95379553E-12  0.14009153E-11    31.99999999     -864.91753022
    3700    7.40000000  0.10029233E-05  0.92185172E-12  0.17134537E-11    31.99999999     -864.91758915
    3710    7.42000000  0.11222633E-05 -0.36392067E-13  0.29394322E-11    31.99999999     -864.91765431
    3720    7.44000000  0.12401460E-05 -0.63999706E-12  0.28388705E-11    31.99999999     -864.91772557
    3730    7.46000000  0.13565406E-05 -0.96668260E-12  0.31671086E-11    31.99999999     -864.91780282
    3740    7.48000000  0.14715040E-05 -0.12614391E-11  0.29459877E-11    31.99999999     -864.91788592
    3750    7.50000000  0.15851772E-05 -0.12632110E-11  0.20110178E-11    31.99999999     -864.91797477
    3760    7.52000000  0.16977650E-05 -0.13504084E-11  0.16146814E-11    31.99999999     -864.91806925
    3770    7.54000000  0.18095132E-05 -0.24169350E-11  0.87734345E-12    31.99999999     -864.91816927
    3780    7.56000000  0.19206786E-05 -0.16013004E-11  0.10539297E-11    31.99999999     -864.91827475
    3790    7.58000000  0.20315033E-05 -0.23043077E-11  0.42573229E-12    31.99999999     -864.91838561
    3800    7.60000000  0.21421852E-05 -0.24053696E-11  0.14386502E-11    31.99999999     -864.91850179
    3810    7.62000000  0.22528600E-05 -0.24915683E-11  0.15119523E-11    31.99999999     -864.91862324
    3820    7.64000000  0.23635781E-05 -0.22249734E-11  0.18716069E-11    31.99999999     -864.91874991
    3830    7.66000000  0.24743051E-05 -0.11083289E-11  0.20123514E-11    31.99999999     -864.91888176
    3840    7.68000000  0.25849111E-05 -0.37125873E-12  0.20122941E-11    31.99999999     -864.91901873
    3850    7.70000000  0.26951869E-05  0.52408505E-12  0.22609748E-11    31.99999999     -864.91916075
    3860    7.72000000  0.28048592E-05  0.12870157E-11  0.19640249E-11    31.99999999     -864.91930775
    3870    7.74000000  0.29136087E-05  0.22871513E-11  0.29457927E-11    31.99999999     -864.91945963
    3880    7.76000000  0.30211038E-05  0.26666807E-11  0.28845506E-11    31.99999999     -864.91961630
    3890    7.78000000  0.31270216E-05  0.32916955E-11  0.42770550E-11    31.99999999     -864.91977762
    3900    7.80000000  0.32310789E-05  0.42554678E-11  0.43782350E-11    31.99999999     -864.91994345
    3910    7.82000000  0.33330491E-05  0.55440618E-11  0.52030834E-11    31.99999999     -864.92011364
    3920    7.84000000  0.34327786E-05  0.59328146E-11  0.53237014E-11    31.99999999     -864.92028802
    3930    7.86000000  0.35301936E-05  0.70142991E-11  0.56866992E-11    31.99999999     -864.92046644
    3940    7.88000000  0.36252976E-05  0.74286500E-11  0.49306293E-11    31.99999999     -864.92064871
    3950    7.90000000  0.37181652E-05  0.75212156E-11  0.46728778E-11    31.99999999     -864.92083468
    3960    7.92000000  0.38089256E-05  0.79666426E-11  0.44398806E-11    31.99999999     -864.92102417
    3970    7.94000000  0.38977516E-05  0.79415338E-11  0.26251969E-11    31.99999999     -864.92121705
    3980    7.96000000  0.39848357E-05  0.74767512E-11  0.17543836E-11    31.99999999     -864.92141315
    3990    7.98000000  0.40703779E-05  0.67681282E-11  0.80487132E-12    31.99999999     -864.92161236
    4000    8.00000000  0.41545678E-05  0.57915501E-11  0.17581569E-12    31.99999999     -864.92181455
    4010    8.02000000  0.42375808E-05  0.52650818E-11 -0.19010998E-12    31.99999999     -864.92201961
    4020    8.04000000  0.43195650E-05  0.47877384E-11 -0.70589096E-13    31.99999999     -864.92222742
    4030    8.06000000  0.44006391E-05  0.42235497E-11 -0.60172419E-12    31.99999999     -864.92243788
    4040    8.08000000  0.44808909E-05  0.39296581E-11 -0.60281638E-12    31.99999999     -864.92265091
    4050    8.10000000  0.45603731E-05  0.34795757E-11  0.48978764E-12    31.99999999     -864.92286641
    4060    8.12000000  0.46391013E-05  0.38363500E-11  0.50358078E-12    31.99999999     -864.92308429
    4070    8.14000000  0.47170535E-05  0.34104170E-11  0.11995993E-11    31.99999999     -864.92330447
    4080    8.16000000  0.47941673E-05  0.35480908E-11  0.27147104E-11    31.99999999     -864.92352684
    4090    8.18000000  0.48703421E-05  0.31572649E-11  0.27033351E-11    31.99999999     -864.92375132
    4100    8.20000000  0.49454376E-05  0.35115543E-11  0.36582115E-11    31.99999999     -864.92397780
    4110    8.22000000  0.50192879E-05  0.34306307E-11  0.42925417E-11    31.99999999     -864.92420618
    4120    8.24000000  0.50917083E-05  0.34469897E-11  0.43890186E-11    31.99999999     -864.92443635
    4130    8.26000000  0.51625163E-05  0.25453827E-11  0.48042656E-11    31.99999999     -864.92466817
    4140    8.28000000  0.52315510E-05  0.21948854E-11  0.47613236E-11    31.99999999     -864.92490153
    4150    8.30000000  0.52986973E-05 -0.17013475E-12  0.57213266E-11    31.99999999     -864.92513629
    4160    8.32000000  0.53638980E-05 -0.54545661E-12  0.55240719E-11    31.99999999     -864.92537231
    4170    8.34000000  0.54271678E-05 -0.18816261E-11  0.65741146E-11    31.99999999     -864.92560946
    4180    8.36000000  0.54886034E-05 -0.19506103E-11  0.69278875E-11    31.99999999     -864.92584760
    4190    8.38000000  0.55483678E-05 -0.22602320E-11  0.72825482E-11    31.99999999     -864.92608661
    4200    8.40000000  0.56066800E-05 -0.29934774E-12  0.67260945E-11    31.99999999     -864.92632637
    4210    8.42000000  0.56637796E-05  0.30516537E-12  0.59457577E-11    31.99999999     -864.92656677
    4220    8.44000000  0.57199000E-05  0.19518624E-11  0.51971060E-11    31.99999999     -864.92680772
    4230    8.46000000  0.57752195E-05  0.29582694E-11  0.47925110E-11    31.99999999     -864.92704914
    4240    8.48000000  0.58298365E-05  0.34051040E-11  0.39082041E-11    31.99999999     -864.92729093
    4250    8.50000000  0.58837318E-05  0.42189894E-11  0.38318244E-11    31.99999999     -864.92753303
    4260    8.52000000  0.59367589E-05  0.37712382E-11  0.36899739E-11    31.99999999     -864.92777536
    4270    8.54000000  0.59886411E-05  0.38875726E-11  0.46274506E-11    31.99999999     -864.92801783
    4280    8.56000000  0.60389892E-05  0.33927676E-11  0.50697829E-11    31.99999999     -864.92826033
    4290    8.58000000  0.60873446E-05  0.34702705E-11  0.53671030E-11    31.99999999     -864.92850275
    4300    8.60000000  0.61332238E-05  0.38054474E-11  0.61161523E-11    31.99999999     -864.92874497
    4310    8.62000000  0.61761856E-05  0.49260580E-11  0.57531105E-11    31.99999999     -864.92898682
    4320    8.64000000  0.62158890E-05  0.67651298E-11  0.47818189E-11    31.99999999     -864.92922816
    4330    8.66000000  0.62521540E-05  0.81408450E-11  0.48183987E-11    31.99999999     -864.92946880
    4340    8.68000000  0.62850057E-05  0.85902300E-11  0.36175793E-11    31.99999999     -864.92970858
    4350    8.70000000  0.63146949E-05  0.90104706E-11  0.28725670E-11    31.99999999     -864.92994734
    4360    8.72000000  0.63416945E-05  0.81720359E-11  0.25028840E-11    31.99999999     -864.93018494
    4370    8.74000000  0.63666660E-05  0.74723342E-11  0.30292149E-11    31.99999999     -864.93042124
    4380    8.76000000  0.63903963E-05  0.60418930E-11  0.35073603E-11    31.99999999     -864.93065617
    4390    8.78000000  0.64137183E-05  0.49228864E-11  0.40211455E-11    31.99999999     -864.93088965
    4400    8.80000000  0.64374107E-05  0.32374469E-11  0.52397201E-11    31.99999999     -864.93112166
    4410    8.82000000  0.64621049E-05  0.25729795E-11  0.58114701E-11    31.99999999     -864.93135219
    4420    8.84000000  0.64881884E-05  0.25635044E-11  0.66753220E-11    31.99999999     -864.93158124
    4430    8.86000000  0.65157398E-05  0.29817280E-11  0.61285342E-11    31.99999999     -864.93180884
    4440    8.88000000  0.65444935E-05  0.36492013E-11  0.66820323E-11    31.99999999     -864.93203501
    4450    8.90000000  0.65738402E-05  0.49501451E-11  0.67487960E-11    31.99999999     -864.93225973
    4460    8.92000000  0.66028767E-05  0.66010566E-11  0.67898080E-11    31.99999999     -864.93248299
    4470    8.94000000  0.66304911E-05  0.77700918E-11  0.77177622E-11    31.99999999     -864.93270472
    4480    8.96000000  0.66554852E-05  0.88152591E-11  0.81803321E-11    31.99999999     -864.93292482
    4490    8.98000000  0.66767170E-05  0.10483246E-10  0.89481376E-11    31.99999999     -864.93314317
    4500    9.00000000  0.66932505E-05  0.10337145E-10  0.83813157E-11    31.99999999     -864.93335959
    4510    9.02000000  0.67044977E-05  0.10520011E-10  0.81730920E-11    31.99999999     -864.93357390
    4520    9.04000000  0.67103264E-05  0.11128175E-10  0.65654457E-11    31.99999999     -864.93378591
    4530    9.06000000  0.67111188E-05  0.10319818E-10  0.54106510E-11    31.99999999     -864.93399544
    4540    9.08000000  0.67077782E-05  0.10826864E-10  0.44806439E-11    31.99999999     -864.93420233
    4550    9.10000000  0.67016620E-05  0.10688564E-10  0.32615307E-11    31.99999999     -864.93440646
    4560    9.12000000  0.66944587E-05  0.98450625E-11  0.33109997E-11    31.99999999     -864.93460777
    4570    9.14000000  0.66880083E-05  0.10032614E-10  0.35260219E-11    31.99999999     -864.93480623
    4580    9.16000000  0.66840992E-05  0.95707265E-11  0.38042827E-11    31.99999999     -864.93500190
    4590    9.18000000  0.66842399E-05  0.91172457E-11  0.45161453E-11    31.99999999     -864.93519484
    4600    9.20000000  0.66894670E-05  0.87515771E-11  0.47453568E-11    31.99999999     -864.93538519
    4610    9.22000000  0.67001757E-05  0.79934462E-11  0.56245919E-11    31.99999999     -864.93557308
    4620    9.24000000  0.67160354E-05  0.74584863E-11  0.59884161E-11    31.99999999     -864.93575863
    4630    9.26000000  0.67359737E-05  0.74918129E-11  0.53042781E-11    31.99999999     -864.93594196
    4640    9.28000000  0.67582616E-05  0.72987510E-11  0.51270963E-11    31.99999999     -864.93612312
    4650    9.30000000  0.67806734E-05  0.68207338E-11  0.45474485E-11    31.99999999     -864.93630213
    4660    9.32000000  0.68007157E-05  0.67181189E-11  0.49597695E-11    31.99999999     -864.93647893
    4670    9.34000000  0.68159093E-05  0.54354155E-11  0.43539008E-11    31.99999999     -864.93665341
    4680    9.36000000  0.68240721E-05  0.57535703E-11  0.43927850E-11    31.99999999     -864.93682539
    4690    9.38000000  0.68235906E-05  0.46028473E-11  0.55456536E-11    31.99999999     -864.93699467
    4700    9.40000000  0.68136318E-05  0.35441759E-11  0.63391094E-11    31.99999999     -864.93716101
    4710    9.42000000  0.67942867E-05  0.29632395E-11  0.76432812E-11    31.99999999     -864.93732418
    4720    9.44000000  0.67666061E-05  0.21773967E-11  0.71253145E-11    31.99999999     -864.93748397
    4730    9.46000000  0.67325428E-05  0.13743135E-11  0.87751763E-11    31.99999999     -864.93764022
    4740    9.48000000  0.66947805E-05 -0.51550302E-12  0.87691507E-11    31.99999999     -864.93779284
    4750    9.50000000  0.66564804E-05 -0.84719941E-12  0.79946899E-11    31.99999999     -864.93794178
    4760    9.52000000  0.66209651E-05 -0.18928211E-11  0.67522769E-11    31.99999999     -864.93808709
    4770    9.54000000  0.65913638E-05 -0.16958883E-11  0.58034356E-11    31.99999999     -864.93822889
    4780    9.56000000  0.65702748E-05 -0.18517019E-11  0.54006008E-11    31.99999999     -864.93836735
    4790    9.58000000  0.65594590E-05 -0.12797485E-11  0.45337466E-11    31.99999999     -864.93850266
    4800    9.60000000  0.65596213E-05  0.38588444E-13  0.43177197E-11    31.99999999     -864.93863505
    4810    9.62000000  0.65702978E-05  0.22478592E-11  0.37418111E-11    31.99999999     -864.93876473
    4820    9.64000000  0.65898645E-05  0.30645205E-11  0.37742423E-11    31.99999999     -864.93889188
    4830    9.66000000  0.66156778E-05  0.37745379E-11  0.37992979E-11    31.99999999     -864.93901662
    4840    9.68000000  0.66443223E-05  0.41482775E-11  0.47642349E-11    31.99999999     -864.93913901
    4850    9.70000000  0.66719644E-05  0.53214058E-11  0.53797441E-11    31.99999999     -864.93925905
    4860    9.72000000  0.66947490E-05  0.53618022E-11  0.66368747E-11    31.99999999     -864.93937665
    4870    9.74000000  0.67092229E-05  0.54145705E-11  0.74835372E-11    31.99999999     -864.93949168
    4880    9.76000000  0.67127175E-05  0.54606910E-11  0.76258420E-11    31.99999999     -864.93960396
    4890    9.78000000  0.67036613E-05  0.58515871E-11  0.83202131E-11    31.99999999     -864.93971328
    4900    9.80000000  0.66817749E-05  0.66083098E-11  0.86474882E-11    31.99999999     -864.93981943
    4910    9.82000000  0.66481362E-05  0.66872104E-11  0.84399020E-11    31.99999999     -864.93992224
    4920    9.84000000  0.66050958E-05  0.60795508E-11  0.90032624E-11    31.99999999     -864.94002155
    4930    9.86000000  0.65560577E-05  0.68143586E-11  0.81338493E-11    31.99999999     -864.94011729
    4940    9.88000000  0.65051468E-05  0.68954946E-11  0.80446499E-11    31.99999999     -864.94020943
    4950    9.90000000  0.64567866E-05  0.71599866E-11  0.74924989E-11    31.99999999     -864.94029801
    4960    9.92000000  0.64152468E-05  0.61760646E-11  0.70728663E-11    31.99999999     -864.94038313
    4970    9.94000000  0.63841882E-05  0.63941061E-11  0.64979930E-11    31.99999999     -864.94046493
    4980    9.96000000  0.63662685E-05  0.63553907E-11  0.58814094E-11    31.99999999     -864.94054358
    4990    9.98000000  0.63628490E-05  0.61201938E-11  0.54814989E-11    31.99999999     -864.94061927
    5000   10.00000000  0.63738255E-05  0.63643977E-11  0.55094660E-11    31.99999999     -864.94069216
    5010   10.02000000  0.63976152E-05  0.76706895E-11  0.52974007E-11    31.99999999     -864.94076241
    5020   10.04000000  0.64313007E-05  0.81886436E-11  0.46764429E-11    31.99999999     -864.94083012
    5030   10.06000000  0.64709145E-05  0.89329985E-11  0.35559563E-11    31.99999999     -864.94089533
    5040   10.08000000  0.65118413E-05  0.85847714E-11  0.31638854E-11    31.99999999     -864.94095807
    5050   10.10000000  0.65492927E-05  0.89638366E-11  0.27524410E-11    31.99999999     -864.94101826
    5060   10.12000000  0.65788106E-05  0.95827081E-11  0.25316326E-11    31.99999999     -864.94107584
    5070   10.14000000  0.65967341E-05  0.95851892E-11  0.18863892E-11    31.99999999     -864.94113069
    5080   10.16000000  0.66006017E-05  0.92887533E-11  0.22678863E-11    31.99999999     -864.94118268
    5090   10.18000000  0.65894230E-05  0.10278794E-10  0.33478938E-11    31.99999999     -864.94123169
    5100   10.20000000  0.65638063E-05  0.95663541E-11  0.42008106E-11    31.99999999     -864.94127762
    5110   10.22000000  0.65259152E-05  0.10229987E-10  0.50789663E-11    31.99999999     -864.94132040
    5120   10.24000000  0.64792643E-05  0.10100016E-10  0.64036320E-11    31.99999999     -864.94135999
    5130   10.26000000  0.64283729E-05  0.10125985E-10  0.59020769E-11    31.99999999     -864.94139638
    5140   10.28000000  0.63783095E-05  0.10195481E-10  0.62301094E-11    31.99999999     -864.94142961
    5150   10.30000000  0.63341839E-05  0.94875517E-11  0.49846606E-11    31.99999999     -864.94145974
    5160   10.32000000  0.63006221E-05  0.93383444E-11  0.40308918E-11    31.99999999     -864.94148684
    5170   10.34000000  0.62813063E-05  0.82847239E-11  0.32814876E-11    31.99999999     -864.94151099
    5180   10.36000000  0.62785959E-05  0.82053882E-11  0.16458287E-11    31.99999999     -864.94153228
    5190   10.38000000  0.62933001E-05  0.68111436E-11  0.27785243E-11    31.99999999     -864.94155075
    5200   10.40000000  0.63245952E-05  0.66220760E-11  0.18050674E-11    31.99999999     -864.94156646
    5210   10.42000000  0.63701235E-05  0.53279640E-11  0.30326367E-11    31.99999999     -864.94157941
    5220   10.44000000  0.64262276E-05  0.46655053E-11  0.42582507E-11    31.99999999     -864.94158959
    5230   10.46000000  0.64883228E-05  0.42073716E-11  0.51176631E-11    31.99999999     -864.94159696
    5240   10.48000000  0.65513499E-05  0.29365978E-11  0.55142653E-11    31.99999999     -864.94160147
    5250   10.50000000  0.66102672E-05  0.20694889E-11  0.56688849E-11    31.99999999     -864.94160307
    5260   10.52000000  0.66605303E-05  0.10983092E-11  0.59992947E-11    31.99999999     -864.94160171
    5270   10.54000000  0.66985091E-05  0.48977624E-12  0.57443177E-11    31.99999999     -864.94159734
    5280   10.56000000  0.67218172E-05  0.48481726E-13  0.64315014E-11    31.99999999     -864.94158994
    5290   10.58000000  0.67295058E-05 -0.18922884E-12  0.71141656E-11    31.99999999     -864.94157951
    5300   10.60000000  0.67221375E-05 -0.28821151E-12  0.71301345E-11    31.99999999     -864.94156606
    5310   10.62000000  0.67017142E-05 -0.96204872E-12  0.82299956E-11    31.99999999     -864.94154964
    5320   10.64000000  0.66714931E-05 -0.15978476E-11  0.92875714E-11    31.99999999     -864.94153028
    5330   10.66000000  0.66356960E-05 -0.20810717E-11  0.90820813E-11    31.99999999     -864.94150805
    5340   10.68000000  0.65991476E-05 -0.23444415E-11  0.92617832E-11    31.99999999     -864.94148299
    5350   10.70000000  0.65668822E-05 -0.29678619E-11  0.93262010E-11    31.99999999     -864.94145512
    5360   10.72000000  0.65437361E-05 -0.19781392E-11  0.85315034E-11    31.99999999     -864.94142445
    5370   10.74000000  0.65339675E-05 -0.11806082E-11  0.82871086E-11    31.99999999     -864.94139096
    5380   10.76000000  0.65409259E-05 -0.44358896E-12  0.66336086E-11    31.99999999     -864.94135457
    5390   10.78000000  0.65667955E-05  0.11195723E-11  0.67105438E-11    31.99999999     -864.94131518
    5400   10.80000000  0.66124168E-05  0.20701026E-11  0.63448854E-11    31.99999999     -864.94127266
    5410   10.82000000  0.66772095E-05  0.45034770E-11  0.49445867E-11    31.99999999     -864.94122685
    5420   10.84000000  0.67591959E-05  0.57754279E-11  0.54916745E-11    31.99999999     -864.94117757
    5430   10.86000000  0.68551096E-05  0.71315603E-11  0.49901406E-11    31.99999999     -864.94112463
    5440   10.88000000  0.69605969E-05  0.95006365E-11  0.51926545E-11    31.99999999     -864.94106785
    5450   10.90000000  0.70704776E-05  0.10515713E-10  0.45452166E-11    31.99999999     -864.94100710
    5460   10.92000000  0.71790623E-05  0.11650448E-10  0.44444050E-11    31.99999999     -864.94094226
    5470   10.94000000  0.72804969E-05  0.12288435E-10  0.44248784E-11    31.99999999     -864.94087328
    5480   10.96000000  0.73691139E-05  0.12589476E-10  0.30958578E-11    31.99999999     -864.94080017
    5490   10.98000000  0.74397702E-05  0.11642346E-10  0.39256941E-11    31.99999999     -864.94072300
    5500   11.00000000  0.74881557E-05  0.11675494E-10  0.31532360E-11    31.99999999     -864.94064194
    5510   11.02000000  0.75110521E-05  0.98168210E-11  0.38620985E-11    31.99999999     -864.94055720
    5520   11.04000000  0.75065376E-05  0.90126869E-11  0.35876489E-11    31.99999999     -864.94046908
    5530   11.06000000  0.74741197E-05  0.75067173E-11  0.39208570E-11    31.99999999     -864.94037790
    5540   11.08000000  0.74147966E-05  0.61440477E-11  0.45996281E-11    31.99999999     -864.94028403
    5550   11.10000000  0.73310447E-05  0.56063948E-11  0.45105610E-11    31.99999999     -864.94018788
    5560   11.12000000  0.72267140E-05  0.44967729E-11  0.53880425E-11    31.99999999     -864.94008980
    5570   11.14000000  0.71068577E-05  0.42244575E-11  0.53935433E-11    31.99999999     -864.93999015
    5580   11.16000000  0.69774771E-05  0.40868317E-11  0.60523099E-11    31.99999999     -864.93988922
    5590   11.18000000  0.68452116E-05  0.42070512E-11  0.55984088E-11    31.99999999     -864.93978722
    5600   11.20000000  0.67169662E-05  0.45741962E-11  0.57875181E-11    31.99999999     -864.93968426
    5610   11.22000000  0.65995076E-05  0.44176557E-11  0.49373072E-11    31.99999999     -864.93958037
    5620   11.24000000  0.64990500E-05  0.52525185E-11  0.43220084E-11    31.99999999     -864.93947542
    5630   11.26000000  0.64208541E-05  0.58615304E-11  0.38615725E-11    31.99999999     -864.93936921
    5640   11.28000000  0.63688798E-05  0.66783514E-11  0.36430465E-11    31.99999999     -864.93926140
    5650   11.30000000  0.63455039E-05  0.70210639E-11  0.46447583E-11    31.99999999     -864.93915158
    5660   11.32000000  0.63513456E-05  0.82167445E-11  0.40396453E-11    31.99999999     -864.93903929
    5670   11.34000000  0.63852146E-05  0.78785046E-11  0.45757969E-11    31.99999999     -864.93892399
    5680   11.36000000  0.64441727E-05  0.89737903E-11  0.44736318E-11    31.99999999     -864.93880520
    5690   11.38000000  0.65237355E-05  0.90935691E-11  0.50359609E-11    31.99999999     -864.93868242
    5700   11.40000000  0.66181723E-05  0.90097609E-11  0.48306854E-11    31.99999999     -864.93855527
    5710   11.42000000  0.67208875E-05  0.87340512E-11  0.55160083E-11    31.99999999     -864.93842344
    5720   11.44000000  0.68248621E-05  0.84838505E-11  0.61998227E-11    31.99999999     -864.93828674
    5730   11.46000000  0.69231000E-05  0.78966162E-11  0.69864724E-11    31.99999999     -864.93814515
    5740   11.48000000  0.70090611E-05  0.82885365E-11  0.83110808E-11    31.99999999     -864.93799877
    5750   11.50000000  0.70770283E-05  0.78462427E-11  0.99254263E-11    31.99999999     -864.93784786
    5760   11.52000000  0.71224087E-05  0.74427279E-11  0.11159524E-10    31.99999999     -864.93769281
    5770   11.54000000  0.71419320E-05  0.71657075E-11  0.12123594E-10    31.99999999     -864.93753412
    5780   11.56000000  0.71337543E-05  0.68752716E-11  0.12319617E-10    31.99999999     -864.93737240
    5790   11.58000000  0.70974691E-05  0.59189211E-11  0.12053412E-10    31.99999999     -864.93720829
    5800   11.60000000  0.70340424E-05  0.59097633E-11  0.11711114E-10    31.99999999     -864.93704248
    5810   11.62000000  0.69456841E-05  0.46314755E-11  0.98481998E-11    31.99999999     -864.93687567
    5820   11.64000000  0.68356816E-05  0.55479325E-11  0.75262749E-11    31.99999999     -864.93670848
    5830   11.66000000  0.67081958E-05  0.52124570E-11  0.56336339E-11    31.99999999     -864.93654152
    5840   11.68000000  0.65680602E-05  0.47458691E-11  0.44321753E-11    31.99999999     -864.93637528
    5850   11.70000000  0.64205662E-05  0.48738921E-11  0.32769203E-11    31.99999999     -864.93621013
    5860   11.72000000  0.62712675E-05  0.47518290E-11  0.31686013E-11    31.99999999     -864.93604634
    5870   11.74000000  0.61257743E-05  0.45751129E-11  0.32708523E-11    31.99999999     -864.93588401
    5880   11.76000000  0.59895714E-05  0.33063052E-11  0.43171257E-11    31.99999999     -864.93572310
    5890   11.78000000  0.58678344E-05  0.22603989E-11  0.38580615E-11    31.99999999     -864.93556341
    5900   11.80000000  0.57652626E-05  0.58773256E-12  0.32109432E-11    31.99999999     -864.93540460
    5910   11.82000000  0.56859150E-05  0.42198790E-12  0.22272459E-11    31.99999999     -864.93524618
    5920   11.84000000  0.56330617E-05 -0.89997931E-12  0.13368562E-11    31.99999999     -864.93508753
    5930   11.86000000  0.56090507E-05 -0.14247002E-11  0.17631819E-12    31.99999999     -864.93492790
    5940   11.88000000  0.56152033E-05 -0.13003523E-11 -0.45928457E-12    31.99999999     -864.93476649
    5950   11.90000000  0.56517381E-05 -0.13834747E-11  0.29528548E-12    31.99999999     -864.93460240
    5960   11.92000000  0.57177349E-05 -0.97419763E-13  0.53284717E-12    31.99999999     -864.93443474
    5970   11.94000000  0.58111529E-05  0.50857017E-13  0.23511804E-11    31.99999999     -864.93426260
    5980   11.96000000  0.59288929E-05  0.19554520E-11  0.33723981E-11    31.99999999     -864.93408514
    5990   11.98000000  0.60669255E-05  0.24795314E-11  0.38834331E-11    31.99999999     -864.93390158
    6000   12.00000000  0.62204649E-05  0.36817716E-11  0.40222803E-11    31.99999999     -864.93371128
    6010   12.02000000  0.63841896E-05  0.37834236E-11  0.37910283E-11    31.99999999     -864.93351370
    6020   12.04000000  0.65524935E-05  0.47287723E-11  0.30356751E-11    31.99999999     -864.93330851
    6030   12.06000000  0.67197444E-05  0.36791492E-11  0.23960841E-11    31.99999999     -864.93309553
    6040   12.08000000  0.68805441E-05  0.42218712E-11  0.16011536E-11    31.99999999     -864.93287476
    6050   12.10000000  0.70299553E-05  0.39842969E-11  0.79136051E-12    31.99999999     -864.93264639
    6060   12.12000000  0.71636950E-05  0.34156173E-11  0.11040005E-11    31.99999999     -864.93241077
    6070   12.14000000  0.72782652E-05  0.40832404E-11  0.12879237E-11    31.99999999     -864.93216840
    6080   12.16000000  0.73710277E-05  0.38964672E-11  0.20401936E-11    31.99999999     -864.93191992
    6090   12.18000000  0.74402106E-05  0.44755553E-11  0.35424898E-11    31.99999999     -864.93166604
    6100   12.20000000  0.74848628E-05  0.42316602E-11  0.48428536E-11    31.99999999     -864.93140759
    6110   12.22000000  0.75047520E-05  0.48270510E-11  0.57430936E-11    31.99999999     -864.93114540
    6120   12.24000000  0.75002402E-05  0.56189970E-11  0.60340779E-11    31.99999999     -864.93088035
    6130   12.26000000  0.74721332E-05  0.59987075E-11  0.64880137E-11    31.99999999     -864.93061333
    6140   12.28000000  0.74215455E-05  0.55857194E-11  0.64851873E-11    31.99999999     -864.93034521
    6150   12.30000000  0.73497779E-05  0.57787914E-11  0.67655083E-11    31.99999999     -864.93007684
    6160   12.32000000  0.72582360E-05  0.60112354E-11  0.64534229E-11    31.99999999     -864.92980903
    6170   12.34000000  0.71483844E-05  0.56233600E-11  0.62972635E-11    31.99999999     -864.92954259
    6180   12.36000000  0.70217508E-05  0.56685373E-11  0.62724720E-11    31.99999999     -864.92927825
    6190   12.38000000  0.68799699E-05  0.55085066E-11  0.54508017E-11    31.99999999     -864.92901674
    6200   12.40000000  0.67248440E-05  0.63857038E-11  0.58197299E-11    31.99999999     -864.92875871
    6210   12.42000000  0.65584289E-05  0.64198702E-11  0.54756740E-11    31.99999999     -864.92850475
    6220   12.44000000  0.63831019E-05  0.84246069E-11  0.48463177E-11    31.99999999     -864.92825539
    6230   12.46000000  0.62016091E-05  0.90994602E-11  0.56218956E-11    31.99999999     -864.92801107
    6240   12.48000000  0.60170738E-05  0.10380127E-10  0.59595348E-11    31.99999999     -864.92777209
    6250   12.50000000  0.58329484E-05  0.10790943E-10  0.61456426E-11    31.99999999     -864.92753865
    6260   12.52000000  0.56529223E-05  0.11767270E-10  0.58406953E-11    31.99999999     -864.92731081
    6270   12.54000000  0.54807736E-05  0.11452644E-10  0.60335610E-11    31.99999999     -864.92708846
    6280   12.56000000  0.53201932E-05  0.10319925E-10  0.52954914E-11    31.99999999     -864.92687132
    6290   12.58000000  0.51745811E-05  0.87495126E-11  0.50949407E-11    31.99999999     -864.92665897
    6300   12.60000000  0.50468471E-05  0.64802910E-11  0.50324486E-11    31.99999999     -864.92645083
    6310   12.62000000  0.49392288E-05  0.49521514E-11  0.50407310E-11    31.99999999     -864.92624622
    6320   12.64000000  0.48531529E-05  0.26775838E-11  0.56710962E-11    31.99999999     -864.92604432
    6330   12.66000000  0.47891475E-05  0.27580335E-11  0.59923418E-11    31.99999999     -864.92584429
    6340   12.68000000  0.47468075E-05  0.16044435E-11  0.65587727E-11    31.99999999     -864.92564523
    6350   12.70000000  0.47248400E-05  0.15524936E-11  0.66366055E-11    31.99999999     -864.92544628
    6360   12.72000000  0.47211524E-05  0.14101459E-11  0.67923577E-11    31.99999999     -864.92524662
    6370   12.74000000  0.47330076E-05  0.19234458E-11  0.69823345E-11    31.99999999     -864.92504552
    6380   12.76000000  0.47572082E-05  0.17087189E-11  0.56577410E-11    31.99999999     -864.92484237
    6390   12.78000000  0.47903136E-05  0.18119721E-11  0.49562875E-11    31.99999999     -864.92463669
    6400   12.80000000  0.48288612E-05  0.11848875E-11  0.41827251E-11    31.99999999     -864.92442816
    6410   12.82000000  0.48695848E-05  0.25541724E-12  0.36242774E-11    31.99999999     -864.92421658
    6420   12.84000000  0.49096052E-05 -0.87007166E-12  0.31515390E-11    31.99999999     -864.92400192
    6430   12.86000000  0.49465866E-05 -0.12873553E-11  0.22819543E-11    31.99999999     -864.92378424
    6440   12.88000000  0.49788474E-05 -0.21905117E-11  0.15135049E-11    31.99999999     -864.92356371
    6450   12.90000000  0.50054022E-05 -0.26874658E-11  0.78622962E-12    31.99999999     -864.92334057
    6460   12.92000000  0.50259559E-05 -0.29291332E-11  0.51544390E-12    31.99999999     -864.92311508
    6470   12.94000000  0.50408227E-05 -0.30751290E-11 -0.42448905E-12    31.99999999     -864.92288754
    6480   12.96000000  0.50508043E-05 -0.27374342E-11 -0.86483471E-12    31.99999999     -864.92265818
    6490   12.98000000  0.50570111E-05 -0.25119748E-11  0.29105031E-14    31.99999999     -864.92242722
    6500   13.00000000  0.50606651E-05 -0.18181496E-11 -0.53195148E-12    31.99999999     -864.92219483
    6510   13.02000000  0.50628955E-05 -0.10558009E-11  0.42105214E-12    31.99999999     -864.92196112
    6520   13.04000000  0.50645429E-05  0.10125742E-12  0.37020936E-12    31.99999999     -864.92172614
    6530   13.06000000  0.50660067E-05  0.91754528E-12  0.13538564E-11    31.99999999     -864.92148992
    6540   13.08000000  0.50671395E-05  0.20169766E-11  0.12923394E-11    31.99999999     -864.92125250
    6550   13.10000000  0.50672124E-05  0.38428903E-11  0.23474785E-11    31.99999999     -864.92101391
    6560   13.12000000  0.50649389E-05  0.49410432E-11  0.29204880E-11    31.99999999     -864.92077423
    6570   13.14000000  0.50585796E-05  0.61790336E-11  0.32054921E-11    31.99999999     -864.92053365
    6580   13.16000000  0.50460839E-05  0.80786158E-11  0.36652277E-11    31.99999999     -864.92029243
    6590   13.18000000  0.50252847E-05  0.88512818E-11  0.31217400E-11    31.99999999     -864.92005092
    6600   13.20000000  0.49940942E-05  0.11105592E-10  0.33574595E-11    31.99999999     -864.91980961
    6610   13.22000000  0.49506993E-05  0.11334878E-10  0.27623271E-11    31.99999999     -864.91956910
    6620   13.24000000  0.48937198E-05  0.11674509E-10  0.28367030E-11    31.99999999     -864.91933004
    6630   13.26000000  0.48223263E-05  0.11151190E-10  0.34710877E-11    31.99999999     -864.91909319
    6640   13.28000000  0.47362891E-05  0.10933489E-10  0.39353388E-11    31.99999999     -864.91885932
    6650   13.30000000  0.46359757E-05  0.92874626E-11  0.41910523E-11    31.99999999     -864.91862920
    6660   13.32000000  0.45222825E-05  0.79390192E-11  0.47209227E-11    31.99999999     -864.91840361
    6670   13.34000000  0.43965302E-05  0.67088569E-11  0.52673418E-11    31.99999999     -864.91818325
    6680   13.36000000  0.42603259E-05  0.54376523E-11  0.49770260E-11    31.99999999     -864.91796877
    6690   13.38000000  0.41154140E-05  0.48205572E-11  0.49221951E-11    31.99999999     -864.91776072
    6700   13.40000000  0.39635410E-05  0.45926694E-11  0.44708829E-11    31.99999999     -864.91755959
    6710   13.42000000  0.38063322E-05  0.43655932E-11  0.36372008E-11    31.99999999     -864.91736575
    6720   13.44000000  0.36452206E-05  0.36664376E-11  0.35189522E-11    31.99999999     -864.91717954
    6730   13.46000000  0.34813870E-05  0.29593988E-11  0.32122094E-11    31.99999999     -864.91700118
    6740   13.48000000  0.33157742E-05  0.22065563E-11  0.33774984E-11    31.99999999     -864.91683088
    6750   13.50000000  0.31490998E-05  0.10818907E-11  0.38029439E-11    31.99999999     -864.91666876
    6760   13.52000000  0.29819203E-05  0.64052223E-12  0.42605941E-11    31.99999999     -864.91651495
    6770   13.54000000  0.28146917E-05  0.26632158E-13  0.50128051E-11    31.99999999     -864.91636953
    6780   13.56000000  0.26478429E-05  0.38230884E-12  0.52392357E-11    31.99999999     -864.91623255
    6790   13.58000000  0.24818312E-05  0.64916910E-12  0.61912996E-11    31.99999999     -864.91610404
    6800   13.60000000  0.23171974E-05  0.18969721E-11  0.66312312E-11    31.99999999     -864.91598401
    6810   13.62000000  0.21545906E-05  0.29554116E-11  0.60358475E-11    31.99999999     -864.91587242
    6820   13.64000000  0.19947922E-05  0.44666148E-11  0.51446318E-11    31.99999999     -864.91576922
    6830   13.66000000  0.18387104E-05  0.52954529E-11  0.49466991E-11    31.99999999     -864.91567428
    6840   13.68000000  0.16873687E-05  0.48133015E-11  0.41184512E-11    31.99999999     -864.91558743
    6850   13.70000000  0.15418938E-05  0.47719454E-11  0.41296641E-11    31.99999999     -864.91550843
    6860   13.72000000  0.14034855E-05  0.42035575E-11  0.36870519E-11    31.99999999     -864.91543699
    6870   13.74000000  0.12733930E-05  0.33628202E-11  0.37417560E-11    31.99999999     -864.91537272
    6880   13.76000000  0.11528858E-05  0.35196235E-11  0.46114305E-11    31.99999999     -864.91531520
    6890   13.78000000  0.10432184E-05  0.24399477E-11  0.48164892E-11    31.99999999     -864.91526389
    6900   13.80000000  0.94558997E-06  0.29376999E-11  0.59891922E-11    31.99999999     -864.91521822
    6910   13.82000000  0.86110001E-06  0.24015899E-11  0.54851042E-11    31.99999999     -864.91517750
    6920   13.84000000  0.79069080E-06  0.19742813E-11  0.64975808E-11    31.99999999     -864.91514103
    6930   13.86000000  0.73508913E-06  0.12279036E-11  0.67613508E-11    31.99999999     -864.91510802
    6940   13.88000000  0.69474259E-06  0.91308353E-12  0.52625381E-11    31.99999999     -864.91507767
    6950   13.90000000  0.66975968E-06  0.74338886E-12  0.50902466E-11    31.99999999     -864.91504912
    6960   13.92000000  0.65985704E-06  0.96691672E-12  0.28989880E-11    31.99999999     -864.91502155
    6970   13.94000000  0.66432390E-06  0.95707047E-12  0.15419408E-11    31.99999999     -864.91499412
    6980   13.96000000  0.68200115E-06  0.20103318E-11  0.71142585E-12    31.99999999     -864.91496608
    6990   13.98000000  0.71127705E-06  0.21346737E-11 -0.17607543E-12    31.99999999     -864.91493672
    7000   14.00000000  0.75010782E-06  0.28451479E-11 -0.18482632E-12    31.99999999     -864.91490543
    7010   14.02000000  0.79604490E-06  0.26541940E-11 -0.83768563E-12    31.99999999     -864.91487173
    7020   14.04000000  0.84628264E-06  0.23692727E-11 -0.74704228E-12    31.99999999     -864.91483530
    7030   14.06000000  0.89770957E-06  0.32776640E-11 -0.99852841E-12    31.99999999     -864.91479594
    7040   14.08000000  0.94697340E-06  0.34245849E-11 -0.12557957E-11    31.99999999     -864.91475369
    7050   14.10000000  0.99055346E-06  0.41391218E-11 -0.11075987E-11    31.99999999     -864.91470873
    7060   14.12000000  0.10248466E-05  0.45969440E-11 -0.69834970E-12    31.99999999     -864.91466149
    7070   14.14000000  0.10462577E-05  0.49748036E-11  0.15425192E-12    31.99999999     -864.91461256
    7080   14.16000000  0.10513165E-05  0.53856819E-11  0.74272346E-12    31.99999999     -864.91456277
    7090   14.18000000  0.10367945E-05  0.50305099E-11  0.22183666E-11    31.99999999     -864.91451314
    7100   14.20000000  0.99984673E-06  0.44122682E-11  0.26784621E-11    31.99999999     -864.91446484
    7110   14.22000000  0.93814813E-06  0.34961416E-11  0.43141669E-11    31.99999999     -864.91441923
    7120   14.24000000  0.85002760E-06  0.26525886E-11  0.51692265E-11    31.99999999     -864.91437776
    7130   14.26000000  0.73458608E-06  0.21934877E-11  0.55163894E-11    31.99999999     -864.91434198
    7140   14.28000000  0.59178436E-06  0.10929233E-11  0.57954922E-11    31.99999999     -864.91431347
    7150   14.30000000  0.42248509E-06  0.18457719E-11  0.56069768E-11    31.99999999     -864.91429377
    7160   14.32000000  0.22845216E-06  0.20039163E-11  0.56227386E-11    31.99999999     -864.91428439
    7170   14.34000000  0.12275782E-07  0.34043028E-11  0.51234027E-11    31.99999999     -864.91428668
    7180   14.36000000 -0.22273729E-06  0.44292518E-11  0.44898774E-11    31.99999999     -864.91430185
    7190   14.38000000 -0.47273384E-06  0.43166884E-11  0.41542446E-11    31.99999999     -864.91433090
    7200   14.40000000 -0.73349812E-06  0.44419640E-11  0.32771914E-11    31.99999999     -864.91437458
    7210   14.42000000 -0.10006592E-05  0.37738826E-11  0.34628282E-11    31.99999999     -864.91443343
    7220   14.44000000 -0.12698841E-05  0.18874220E-11  0.25146157E-11    31.99999999     -864.91450770
    7230   14.46000000 -0.15370590E-05  0.12029914E-11  0.28993485E-11    31.99999999     -864.91459741
    7240   14.48000000 -0.17984226E-05  0.63370372E-13  0.25314590E-11    31.99999999     -864.91470236
    7250   14.50000000 -0.20506757E-05 -0.32662560E-12  0.20928367E-11    31.99999999     -864.91482213
    7260   14.52000000 -0.22910383E-05  0.26430326E-12  0.23503025E-11    31.99999998     -864.91495611
    7270   14.54000000 -0.25172866E-05  0.54363086E-12  0.13207725E-11    31.99999998     -864.91510357
    7280   14.56000000 -0.27277523E-05  0.14389429E-11  0.15193346E-11    31.99999998     -864.91526365
    7290   14.58000000 -0.29213152E-05  0.19500215E-11  0.35056528E-12    31.99999998     -864.91543540
    7300   14.60000000 -0.30973795E-05  0.22694131E-11  0.36174751E-12    31.99999998     -864.91561783
    7310   14.62000000 -0.32558482E-05  0.21987129E-11  0.16978174E-13    31.99999998     -864.91580991
    7320   14.64000000 -0.33970846E-05  0.90023056E-12 -0.28492375E-12    31.99999998     -864.91601063
    7330   14.66000000 -0.35218691E-05  0.65731578E-12  0.21638847E-13    31.99999998     -864.91621900
    7340   14.68000000 -0.36313432E-05 -0.28155402E-12 -0.34423315E-12    31.99999998     -864.91643410
    7350   14.70000000 -0.37269398E-05 -0.55283923E-12  0.13481155E-13    31.99999998     -864.91665507
    7360   14.72000000 -0.38103026E-05 -0.22781028E-12 -0.10465180E-12    31.99999998     -864.91688113
    7370   14.74000000 -0.38831985E-05 -0.72501441E-12 -0.12648724E-12    31.99999998     -864.91711162
    7380   14.76000000 -0.39474244E-05 -0.39919365E-12 -0.23860862E-12    31.99999998     -864.91734596
    7390   14.78000000 -0.40047256E-05 -0.55757347E-12 -0.11881953E-11    31.99999998     -864.91758369
    7400   14.80000000 -0.40567153E-05  0.10001398E-12 -0.79713831E-12    31.99999998     -864.91782443
    7410   14.82000000 -0.41048252E-05  0.36295071E-12 -0.96728023E-12    31.99999998     -864.91806791
    7420   14.84000000 -0.41502595E-05  0.12452722E-11 -0.72366593E-12    31.99999998     -864.91831391
    7430   14.86000000 -0.41939793E-05  0.18041253E-11 -0.48141798E-12    31.99999998     -864.91856229
    7440   14.88000000 -0.42366886E-05  0.31919979E-11 -0.11680549E-11    31.99999998     -864.91881296
    7450   14.90000000 -0.42788434E-05  0.40474602E-11 -0.92095733E-13    31.99999998     -864.91906585
    7460   14.92000000 -0.43206611E-05  0.38074862E-11 -0.57359033E-12    31.99999998     -864.91932092
    7470   14.94000000 -0.43621391E-05  0.39156258E-11 -0.94244767E-12    31.99999998     -864.91957814
    7480   14.96000000 -0.44030841E-05  0.31140751E-11 -0.82150800E-12    31.99999998     -864.91983746
    7490   14.98000000 -0.44431670E-05  0.22536482E-11 -0.98348761E-12    31.99999998     -864.92009883
    7500   15.00000000 -0.44819825E-05  0.81092808E-12  0.63646929E-12    31.99999998     -864.92036217
    7510   15.02000000 -0.45191517E-05 -0.26961896E-12  0.41687452E-12    31.99999998     -864.92062737
    7520   15.04000000 -0.45544317E-05 -0.82756367E-12  0.19673463E-11    31.99999998     -864.92089432
    7530   15.06000000 -0.45878468E-05 -0.95707500E-12  0.23600383E-11    31.99999998     -864.92116290
    7540   15.08000000 -0.46198212E-05 -0.84819134E-12  0.31243140E-11    31.99999998     -864.92143298
    7550   15.10000000 -0.46512918E-05 -0.83612903E-12  0.29736246E-11    31.99999998     -864.92170448
    7560   15.12000000 -0.46837884E-05  0.20837734E-12  0.33743513E-11    31.99999998     -864.92197740
    7570   15.14000000 -0.47194596E-05  0.61770654E-12  0.32136802E-11    31.99999998     -864.92225183
    7580   15.16000000 -0.47610385E-05  0.11583340E-11  0.23246200E-11    31.99999998     -864.92252798
    7590   15.18000000 -0.48117410E-05  0.10293462E-11  0.27228701E-11    31.99999998     -864.92280626
    7600   15.20000000 -0.48750941E-05  0.82967722E-12  0.21693939E-11    31.99999998     -864.92308724
    7610   15.22000000 -0.49547175E-05  0.98171092E-12  0.27342155E-11    31.99999998     -864.92337169
    7620   15.24000000 -0.50540676E-05  0.18589060E-11  0.35422544E-11    31.99999998     -864.92366058
    7630   15.26000000 -0.51761765E-05  0.21883563E-11  0.35396220E-11    31.99999998     -864.92395507
    7640   15.28000000 -0.53234107E-05  0.34925879E-11  0.45591757E-11    31.99999998     -864.92425644
    7650   15.30000000 -0.54972707E-05  0.42812298E-11  0.42803458E-11    31.99999998     -864.92456610
    7660   15.32000000 -0.56982475E-05  0.46005127E-11  0.54968508E-11    31.99999998     -864.92488549
    7670   15.34000000 -0.59257496E-05  0.55910061E-11  0.52314751E-11    31.99999998     -864.92521604
    7680   15.36000000 -0.61780929E-05  0.48792692E-11  0.53153081E-11    31.99999998     -864.92555913
    7690   15.38000000 -0.64525445E-05  0.52611445E-11  0.57675952E-11    31.99999998     -864.92591600
    7700   15.40000000 -0.67454143E-05  0.47893251E-11  0.48746306E-11    31.99999998     -864.92628769
    7710   15.42000000 -0.70521672E-05  0.46071988E-11  0.51899423E-11    31.99999998     -864.92667502
    7720   15.44000000 -0.73675600E-05  0.43760019E-11  0.50498789E-11    31.99999998     -864.92707854
    7730   15.46000000 -0.76857747E-05  0.40456248E-11  0.47050589E-11    31.99999998     -864.92749848
    7740   15.48000000 -0.80005647E-05  0.39811001E-11  0.41177811E-11    31.99999998     -864.92793476
    7750   15.50000000 -0.83054235E-05  0.31222434E-11  0.33015293E-11    31.99999998     -864.92838691
    7760   15.52000000 -0.85937802E-05  0.32780032E-11  0.23967875E-11    31.99999998     -864.92885414
    7770   15.54000000 -0.88592476E-05  0.23375353E-11  0.97520720E-12    31.99999998     -864.92933530
    7780   15.56000000 -0.90959160E-05  0.12459554E-11  0.31250056E-12    31.99999998     -864.92982890
    7790   15.58000000 -0.92987005E-05  0.11577463E-11 -0.15942873E-11    31.99999998     -864.93033317
    7800   15.60000000 -0.94637019E-05 -0.22691898E-12 -0.18718249E-11    31.99999998     -864.93084610
    7810   15.62000000 -0.95885691E-05 -0.11005591E-11 -0.24885653E-11    31.99999998     -864.93136553
    7820   15.64000000 -0.96727863E-05 -0.27267692E-11 -0.28588824E-11    31.99999998     -864.93188921
    7830   15.66000000 -0.97178547E-05 -0.31034153E-11 -0.30529868E-11    31.99999998     -864.93241496
    7840   15.68000000 -0.97273238E-05 -0.35283273E-11 -0.26978199E-11    31.99999998     -864.93294073
    7850   15.70000000 -0.97066470E-05 -0.38065199E-11 -0.36168843E-11    31.99999998     -864.93346470
    7860   15.72000000 -0.96628488E-05 -0.43421687E-11 -0.30073701E-11    31.99999998     -864.93398544
    7870   15.74000000 -0.96040378E-05 -0.39661611E-11 -0.33384290E-11    31.99999998     -864.93450189
    7880   15.76000000 -0.95387870E-05 -0.40176351E-11 -0.32761447E-11    31.99999998     -864.93501347
    7890   15.78000000 -0.94754618E-05 -0.34605118E-11 -0.36773912E-11    31.99999998     -864.93552002
    7900   15.80000000 -0.94215560E-05 -0.38472211E-11 -0.40440244E-11    31.99999998     -864.93602184
    7910   15.82000000 -0.93831193E-05 -0.37678256E-11 -0.41985612E-11    31.99999998     -864.93651955
    7920   15.84000000 -0.93643401E-05 -0.38474689E-11 -0.49042438E-11    31.99999998     -864.93701406
    7930   15.86000000 -0.93673374E-05 -0.35066631E-11 -0.42599590E-11    31.99999998     -864.93750644
    7940   15.88000000 -0.93921775E-05 -0.43141845E-11 -0.50500165E-11    31.99999998     -864.93799779
    7950   15.90000000 -0.94371207E-05 -0.39279063E-11 -0.41234464E-11    31.99999998     -864.93848918
    7960   15.92000000 -0.94990459E-05 -0.46470141E-11 -0.30748141E-11    31.99999998     -864.93898154
    7970   15.94000000 -0.95739977E-05 -0.41222315E-11 -0.29295791E-11    31.99999998     -864.93947560
    7980   15.96000000 -0.96577741E-05 -0.43179148E-11 -0.25740242E-11    31.99999998     -864.93997188
    7990   15.98000000 -0.97464789E-05 -0.38452989E-11 -0.27744149E-11    31.99999998     -864.94047070
    8000   16.00000000 -0.98369556E-05 -0.37071675E-11 -0.18563200E-11    31.99999998     -864.94097216
    8010   16.02000000 -0.99270624E-05 -0.30236187E-11 -0.15153988E-11    31.99999998     -864.94147626
    8020   16.04000000 -0.10015754E-04 -0.28168025E-11 -0.60692087E-12    31.99999998     -864.94198288
    8030   16.06000000 -0.10102987E-04 -0.24942401E-11 -0.25910940E-12    31.99999998     -864.94249190
    8040   16.08000000 -0.10189479E-04 -0.20141259E-11  0.36619387E-13    31.99999998     -864.94300320
    8050   16.10000000 -0.10276385E-04 -0.12275877E-11  0.71363937E-12    31.99999998     -864.94351672
    8060   16.12000000 -0.10364952E-04 -0.10715033E-11  0.11330042E-12    31.99999998     -864.94403245
    8070   16.14000000 -0.10456220E-04  0.22754013E-12  0.22066971E-12    31.99999998     -864.94455043
    8080   16.16000000 -0.10550818E-04  0.71095255E-12  0.35386713E-12    31.99999998     -864.94507076
    8090   16.18000000 -0.10648869E-04  0.15655448E-11  0.57691631E-12    31.99999998     -864.94559355
    8100   16.20000000 -0.10750002E-04  0.27197153E-11  0.30765753E-12    31.99999998     -864.94611890
    8110   16.22000000 -0.10853453E-04  0.33268508E-11 -0.21361799E-13    31.99999998     -864.94664687
    8120   16.24000000 -0.10958214E-04  0.41796536E-11  0.14503198E-12    31.99999998     -864.94717750
    8130   16.26000000 -0.11063185E-04  0.39011172E-11  0.81354674E-12    31.99999998     -864.94771076
    8140   16.28000000 -0.11167302E-04  0.31092434E-11  0.87315207E-12    31.99999998     -864.94824656
    8150   16.30000000 -0.11269616E-04  0.27237399E-11  0.16154071E-11    31.99999998     -864.94878479
    8160   16.32000000 -0.11369322E-04  0.23509060E-11  0.57989081E-12    31.99999998     -864.94932528
    8170   16.34000000 -0.11465757E-04  0.19507407E-11  0.78526715E-12    31.99999998     -864.94986782
    8180   16.36000000 -0.11558395E-04  0.13460868E-11  0.16116449E-12    31.99999998     -864.95041218
    8190   16.38000000 -0.11646849E-04 -0.29583602E-12 -0.40073158E-12    31.99999998     -864.95095813
    8200   16.40000000 -0.11730931E-04  0.49939690E-13  0.26891491E-12    31.99999998     -864.95150539
    8210   16.42000000 -0.11810742E-04 -0.13067125E-11  0.40274434E-13    31.99999998     -864.95205371
    8220   16.44000000 -0.11886809E-04 -0.16717167E-11  0.10987579E-11    31.99999998     -864.95260284
    8230   16.46000000 -0.11960217E-04 -0.14236794E-11  0.63059654E-12    31.99999998     -864.95315258
    8240   16.48000000 -0.12032702E-04 -0.98707925E-12  0.57368336E-12    31.99999998     -864.95370279
    8250   16.50000000 -0.12106664E-04 -0.33855623E-12 -0.70432813E-12    31.99999998     -864.95425342
    8260   16.52000000 -0.12185055E-04  0.32229681E-12 -0.16602663E-11    31.99999998     -864.95480454
    8270   16.54000000 -0.12271134E-04  0.16657621E-12 -0.30987520E-11    31.99999998     -864.95535635
    8280   16.56000000 -0.12368094E-04  0.78639351E-12 -0.44274510E-11    31.99999998     -864.95590922
    8290   16.58000000 -0.12478610E-04  0.22780746E-12 -0.45508773E-11    31.99999998     -864.95646360
    8300   16.60000000 -0.12604365E-04 -0.50460813E-12 -0.47276581E-11    31.99999998     -864.95702007
    8310   16.62000000 -0.12745640E-04 -0.15079796E-11 -0.52862202E-11    31.99999998     -864.95757923
    8320   16.64000000 -0.12901032E-04 -0.25879207E-11 -0.47102627E-11    31.99999998     -864.95814165
    8330   16.66000000 -0.13067357E-04 -0.29072219E-11 -0.51173968E-11    31.99999998     -864.95870780
    8340   16.68000000 -0.13239764E-04 -0.35466317E-11 -0.47590069E-11    31.99999998     -864.95927795
    8350   16.70000000 -0.13412062E-04 -0.37467689E-11 -0.44114436E-11    31.99999998     -864.95985215
    8360   16.72000000 -0.13577209E-04 -0.40693403E-11 -0.41202627E-11    31.99999998     -864.96043016
    8370   16.74000000 -0.13727934E-04 -0.45232807E-11 -0.37719002E-11    31.99999998     -864.96101144
    8380   16.76000000 -0.13857391E-04 -0.60859159E-11 -0.37179424E-11    31.99999998     -864.96159515
    8390   16.78000000 -0.13959798E-04 -0.73551357E-11 -0.29833253E-11    31.99999998     -864.96218021
    8400   16.80000000 -0.14030977E-04 -0.84988067E-11 -0.28313485E-11    31.99999998     -864.96276533
    8410   16.82000000 -0.14068752E-04 -0.92278651E-11 -0.19395751E-11    31.99999998     -864.96334912
    8420   16.84000000 -0.14073169E-04 -0.91209303E-11 -0.17588890E-11    31.99999998     -864.96393017
    8430   16.86000000 -0.14046519E-04 -0.87049484E-11 -0.21731880E-11    31.99999998     -864.96450711
    8440   16.88000000 -0.13993150E-04 -0.80990843E-11 -0.24537589E-11    31.99999998     -864.96507876
    8450   16.90000000 -0.13919108E-04 -0.63051023E-11 -0.27914801E-11    31.99999998     -864.96564415
    8460   16.92000000 -0.13831613E-04 -0.51741771E-11 -0.32021566E-11    31.99999998     -864.96620261
    8470   16.94000000 -0.13738428E-04 -0.40002626E-11 -0.31325879E-11    31.99999998     -864.96675377
    8480   16.96000000 -0.13647183E-04 -0.29291016E-11 -0.29070770E-11    31.99999998     -864.96729757
    8490   16.98000000 -0.13564717E-04 -0.26978516E-11 -0.25964688E-11    31.99999998     -864.96783425
    8500   17.00000000 -0.13496524E-04 -0.19161026E-11 -0.15627386E-11    31.99999998     -864.96836428
    8510   17.02000000 -0.13446356E-04 -0.19034643E-11 -0.19253724E-11    31.99999998     -864.96888833
    8520   17.04000000 -0.13416021E-04 -0.19458374E-11 -0.15175869E-11    31.99999998     -864.96940712
    8530   17.06000000 -0.13405408E-04 -0.15766960E-11 -0.25455438E-11    31.99999998     -864.96992144
    8540   17.08000000 -0.13412722E-04 -0.21782875E-11 -0.27766073E-11    31.99999998     -864.97043199
    8550   17.10000000 -0.13434864E-04 -0.22874200E-11 -0.40765156E-11    31.99999998     -864.97093940
    8560   17.12000000 -0.13467945E-04 -0.28528498E-11 -0.35760456E-11    31.99999998     -864.97144414
    8570   17.14000000 -0.13507797E-04 -0.28722602E-11 -0.43776242E-11    31.99999998     -864.97194651
    8580   17.16000000 -0.13550456E-04 -0.29922114E-11 -0.44813156E-11    31.99999998     -864.97244666
    8590   17.18000000 -0.13592538E-04 -0.24625994E-11 -0.39386140E-11    31.99999998     -864.97294462
    8600   17.20000000 -0.13631484E-04 -0.22139675E-11 -0.46232851E-11    31.99999998     -864.97344027
    8610   17.22000000 -0.13665678E-04 -0.89404674E-12 -0.47630547E-11    31.99999998     -864.97393346
    8620   17.24000000 -0.13694472E-04 -0.55169469E-12 -0.44185571E-11    31.99999998     -864.97442396
    8630   17.26000000 -0.13718131E-04  0.23563103E-12 -0.37088670E-11    31.99999998     -864.97491157
    8640   17.28000000 -0.13737756E-04  0.11992703E-12 -0.29888878E-11    31.99999998     -864.97539610
    8650   17.30000000 -0.13755159E-04  0.58494656E-12 -0.13656106E-11    31.99999998     -864.97587741
    8660   17.32000000 -0.13772719E-04  0.49948801E-12 -0.11486703E-11    31.99999998     -864.97635545
    8670   17.34000000 -0.13793145E-04  0.19250115E-12 -0.48681656E-12    31.99999998     -864.97683024
    8680   17.36000000 -0.13819167E-04 -0.34141250E-12 -0.34348369E-12    31.99999998     -864.97730191
    8690   17.38000000 -0.13853100E-04 -0.41408872E-12 -0.88815744E-12    31.99999998     -864.97777067
    8700   17.40000000 -0.13896350E-04 -0.69621034E-12 -0.16746364E-11    31.99999998     -864.97823678
    8710   17.42000000 -0.13948881E-04 -0.11942027E-11 -0.25953202E-11    31.99999998     -864.97870053
    8720   17.44000000 -0.14008794E-04 -0.18302341E-11 -0.34848523E-11    31.99999998     -864.97916217
    8730   17.46000000 -0.14072090E-04 -0.29927282E-11 -0.50694672E-11    31.99999998     -864.97962185
    8740   17.48000000 -0.14132743E-04 -0.31750920E-11 -0.44987618E-11    31.99999998     -864.98007956
    8750   17.50000000 -0.14183147E-04 -0.37380646E-11 -0.58474475E-11    31.99999998     -864.98053506
    8760   17.52000000 -0.14214921E-04 -0.40004337E-11 -0.51932959E-11    31.99999998     -864.98098789
    8770   17.54000000 -0.14219997E-04 -0.46536226E-11 -0.56039253E-11    31.99999998     -864.98143731
    8780   17.56000000 -0.14191829E-04 -0.38321254E-11 -0.54641442E-11    31.99999998     -864.98188238
    8790   17.58000000 -0.14126525E-04 -0.45525090E-11 -0.54057594E-11    31.99999998     -864.98232202
    8800   17.60000000 -0.14023700E-04 -0.48625002E-11 -0.59423112E-11    31.99999998     -864.98275510
    8810   17.62000000 -0.13886890E-04 -0.61027318E-11 -0.57767223E-11    31.99999998     -864.98318057
    8820   17.64000000 -0.13723430E-04 -0.61231097E-11 -0.59952865E-11    31.99999998     -864.98359757
    8830   17.66000000 -0.13543817E-04 -0.70807206E-11 -0.55227231E-11    31.99999998     -864.98400552
    8840   17.68000000 -0.13360634E-04 -0.74741314E-11 -0.51911480E-11    31.99999998     -864.98440421
    8850   17.70000000 -0.13187239E-04 -0.74703392E-11 -0.52102591E-11    31.99999998     -864.98479381
    8860   17.72000000 -0.13036380E-04 -0.81269708E-11 -0.37399893E-11    31.99999998     -864.98517487
    8870   17.74000000 -0.12918976E-04 -0.80591137E-11 -0.40849136E-11    31.99999998     -864.98554828
    8880   17.76000000 -0.12843188E-04 -0.81575241E-11 -0.33001453E-11    31.99999998     -864.98591517
    8890   17.78000000 -0.12813884E-04 -0.85897119E-11 -0.28658441E-11    31.99999998     -864.98627684
    8900   17.80000000 -0.12832472E-04 -0.78390244E-11 -0.30523944E-11    31.99999998     -864.98663463
    8910   17.82000000 -0.12897083E-04 -0.77343802E-11 -0.19334830E-11    31.99999998     -864.98698984
    8920   17.84000000 -0.13002956E-04 -0.68458795E-11 -0.20126726E-11    31.99999998     -864.98734367
    8930   17.86000000 -0.13142948E-04 -0.60696265E-11 -0.12752999E-11    31.99999998     -864.98769708
    8940   17.88000000 -0.13308069E-04 -0.52895372E-11 -0.99960295E-12    31.99999998     -864.98805082
    8950   17.90000000 -0.13488005E-04 -0.39243497E-11 -0.86708489E-12    31.99999998     -864.98840534
    8960   17.92000000 -0.13671624E-04 -0.28995585E-11 -0.19601730E-12    31.99999998     -864.98876082
    8970   17.94000000 -0.13847510E-04 -0.22448708E-11 -0.56632615E-12    31.99999998     -864.98911712
    8980   17.96000000 -0.14004555E-04 -0.90273488E-12 -0.83285009E-12    31.99999998     -864.98947381
    8990   17.98000000 -0.14132631E-04 -0.37461651E-12 -0.12424393E-11    31.99999998     -864.98983021
    9000   18.00000000 -0.14223323E-04  0.34986848E-12 -0.16253025E-11    31.99999998     -864.99018544
    9010   18.02000000 -0.14270641E-04  0.41139785E-12 -0.21449428E-11    31.99999998     -864.99053843
    9020   18.04000000 -0.14271599E-04  0.10104922E-12 -0.29392995E-11    31.99999998     -864.99088807
    9030   18.06000000 -0.14226521E-04  0.13618994E-11 -0.23890679E-11    31.99999998     -864.99123322
    9040   18.08000000 -0.14138981E-04  0.40340577E-12 -0.22338469E-11    31.99999998     -864.99157283
    9050   18.10000000 -0.14015326E-04  0.17247554E-11 -0.19771156E-11    31.99999998     -864.99190603
    9060   18.12000000 -0.13863820E-04  0.13017535E-11 -0.21431525E-11    31.99999998     -864.99223210
    9070   18.14000000 -0.13693559E-04  0.16315170E-11 -0.23408724E-11    31.99999998     -864.99255060
    9080   18.16000000 -0.13513322E-04  0.10153298E-11 -0.26729892E-11    31.99999998     -864.99286129
    9090   18.18000000 -0.13330599E-04 -0.19625321E-12 -0.39189453E-11    31.99999998     -864.99316412
    9100   18.20000000 -0.13150956E-04 -0.91661498E-12 -0.35329199E-11    31.99999998     -864.99345920
    9110   18.22000000 -0.12977847E-04 -0.17687201E-11 -0.44045672E-11    31.99999998     -864.99374676
    9120   18.24000000 -0.12812867E-04 -0.23831935E-11 -0.38535514E-11    31.99999998     -864.99402706
    9130   18.26000000 -0.12656349E-04 -0.26525205E-11 -0.45974431E-11    31.99999998     -864.99430037
    9140   18.28000000 -0.12508128E-04 -0.25507116E-11 -0.44958658E-11    31.99999998     -864.99456697
    9150   18.30000000 -0.12368254E-04 -0.23950125E-11 -0.40393956E-11    31.99999998     -864.99482713
    9160   18.32000000 -0.12237494E-04 -0.24700564E-11 -0.39832021E-11    31.99999998     -864.99508111
    9170   18.34000000 -0.12117480E-04 -0.22298207E-11 -0.26035345E-11    31.99999998     -864.99532919
    9180   18.36000000 -0.12010505E-04 -0.24231641E-11 -0.19464613E-11    31.99999998     -864.99557170
    9190   18.38000000 -0.11919048E-04 -0.19790893E-11 -0.12166055E-11    31.99999998     -864.99580897
    9200   18.40000000 -0.11845162E-04 -0.18241870E-11 -0.63072521E-12    31.99999998     -864.99604139
    9210   18.42000000 -0.11789922E-04 -0.19504270E-11 -0.14393611E-12    31.99999998     -864.99626937
    9220   18.44000000 -0.11753062E-04 -0.15668256E-11  0.42807216E-12    31.99999998     -864.99649331
    9230   18.46000000 -0.11732884E-04 -0.15573985E-11  0.93371027E-12    31.99999998     -864.99671358
    9240   18.48000000 -0.11726452E-04 -0.11861262E-11  0.38342788E-12    31.99999998     -864.99693049
    9250   18.50000000 -0.11729966E-04 -0.13459577E-11  0.41369574E-12    31.99999998     -864.99714427
    9260   18.52000000 -0.11739199E-04 -0.15772512E-11 -0.86847330E-12    31.99999998     -864.99735508
    9270   18.54000000 -0.11749853E-04 -0.14291239E-11 -0.19007462E-11    31.99999998     -864.99756301
    9280   18.56000000 -0.11757754E-04 -0.12734431E-11 -0.32198068E-11    31.99999998     -864.99776804
    9290   18.58000000 -0.11758876E-04 -0.18958069E-11 -0.53221135E-11    31.99999998     -864.99797012
    9300   18.60000000 -0.11749245E-04 -0.22629318E-11 -0.55817214E-11    31.99999998     -864.99816910
    9310   18.62000000 -0.11724835E-04 -0.34543933E-11 -0.60089311E-11    31.99999998     -864.99836480
    9320   18.64000000 -0.11681608E-04 -0.32679768E-11 -0.57333610E-11    31.99999998     -864.99855697
    9330   18.66000000 -0.11615755E-04 -0.34058996E-11 -0.47657321E-11    31.99999998     -864.99874530
    9340   18.68000000 -0.11524197E-04 -0.33955586E-11 -0.38354495E-11    31.99999998     -864.99892945
    9350   18.70000000 -0.11405239E-04 -0.35776034E-11 -0.30376801E-11    31.99999998     -864.99910908
    9360   18.72000000 -0.11259274E-04 -0.32712663E-11 -0.28184716E-11    31.99999998     -864.99928381
    9370   18.74000000 -0.11089347E-04 -0.32366662E-11 -0.17377426E-11    31.99999998     -864.99945335
    9380   18.76000000 -0.10901398E-04 -0.33000377E-11 -0.23770559E-11    31.99999998     -864.99961746
    9390   18.78000000 -0.10704100E-04 -0.34946823E-11 -0.21773389E-11    31.99999998     -864.99977604
    9400   18.80000000 -0.10508253E-04 -0.36490566E-11 -0.23266557E-11    31.99999998     -864.99992914
    9410   18.82000000 -0.10325801E-04 -0.36608982E-11 -0.17160641E-11    31.99999998     -865.00007695
    9420   18.84000000 -0.10168629E-04 -0.24816809E-11 -0.11162189E-11    31.99999998     -865.00021984
    9430   18.86000000 -0.10047302E-04 -0.26995229E-11 -0.40337827E-12    31.99999998     -865.00035834
    9440   18.88000000 -0.99699563E-05 -0.17672646E-11 -0.54594710E-12    31.99999998     -865.00049304
    9450   18.90000000 -0.99414541E-05 -0.14397764E-11  0.28971778E-12    31.99999998     -865.00062462
    9460   18.92000000 -0.99628911E-05 -0.16759454E-11  0.63040661E-12    31.99999998     -865.00075378
    9470   18.94000000 -0.10031470E-04 -0.18174311E-11  0.59966349E-12    31.99999998     -865.00088115
    9480   18.96000000 -0.10140692E-04 -0.24942919E-11  0.46390262E-12    31.99999998     -865.00100727
    9490   18.98000000 -0.10280825E-04 -0.36292479E-11  0.48757821E-12    31.99999998     -865.00113258
    9500   19.00000000 -0.10439563E-04 -0.40157799E-11 -0.65174747E-12    31.99999998     -865.00125734
    9510   19.02000000 -0.10602861E-04 -0.50288351E-11 -0.56998656E-12    31.99999998     -865.00138164
    9520   19.04000000 -0.10755899E-04 -0.47378451E-11 -0.10257968E-11    31.99999998     -865.00150540
    9530   19.06000000 -0.10884150E-04 -0.57308020E-11 -0.14924312E-11    31.99999998     -865.00162839
    9540   19.08000000 -0.10974515E-04 -0.51755937E-11 -0.28904500E-11    31.99999998     -865.00175021
    9550   19.10000000 -0.11016436E-04 -0.54178999E-11 -0.38966475E-11    31.99999998     -865.00187036
    9560   19.12000000 -0.11002900E-04 -0.55322573E-11 -0.52797396E-11    31.99999998     -865.00198829
    9570   19.14000000 -0.10931169E-04 -0.55396925E-11 -0.61963588E-11    31.99999998     -865.00210340
    9580   19.16000000 -0.10803138E-04 -0.53107545E-11 -0.66079192E-11    31.99999998     -865.00221514
    9590   19.18000000 -0.10625214E-04 -0.52338138E-11 -0.71605321E-11    31.99999998     -865.00232303
    9600   19.20000000 -0.10407684E-04 -0.45776610E-11 -0.64079241E-11    31.99999998     -865.00242671
    9610   19.22000000 -0.10163654E-04 -0.35978766E-11 -0.59883755E-11    31.99999998     -865.00252596
    9620   19.24000000 -0.99076892E-05 -0.27598059E-11 -0.49772824E-11    31.99999998     -865.00262070
    9630   19.26000000 -0.96543453E-05 -0.18530709E-11 -0.41622736E-11    31.99999998     -865.00271101
    9640   19.28000000 -0.94168364E-05  0.41147927E-12 -0.39098022E-11    31.99999998     -865.00279708
    9650   19.30000000 -0.92059690E-05  0.10600317E-11 -0.29779012E-11    31.99999998     -865.00287923
    9660   19.32000000 -0.90294902E-05  0.16406822E-11 -0.26315877E-11    31.99999998     -865.00295782
    9670   19.34000000 -0.88918412E-05  0.19216284E-11 -0.27774156E-11    31.99999998     -865.00303325
    9680   19.36000000 -0.87942663E-05  0.14765665E-11 -0.18293658E-11    31.99999998     -865.00310593
    9690   19.38000000 -0.87351563E-05  0.17390773E-11 -0.15528155E-11    31.99999998     -865.00317624
    9700   19.40000000 -0.87104862E-05  0.13937343E-11 -0.66877890E-13    31.99999998     -865.00324452
    9710   19.42000000 -0.87142466E-05  0.18698668E-11  0.11667637E-11    31.99999998     -865.00331104
    9720   19.44000000 -0.87388080E-05  0.22110341E-11  0.17351838E-11    31.99999998     -865.00337601
    9730   19.46000000 -0.87752247E-05  0.29027419E-11  0.32593267E-11    31.99999998     -865.00343957
    9740   19.48000000 -0.88135599E-05  0.35570193E-11  0.35464607E-11    31.99999998     -865.00350177
    9750   19.50000000 -0.88432749E-05  0.38944254E-11  0.48189649E-11    31.99999998     -865.00356260
    9760   19.52000000 -0.88537650E-05  0.35220171E-11  0.48311793E-11    31.99999998     -865.00362199
    9770   19.54000000 -0.88350371E-05  0.32589334E-11  0.50793891E-11    31.99999998     -865.00367977
    9780   19.56000000 -0.87784702E-05  0.28088332E-11  0.51761244E-11    31.99999998     -865.00373577
    9790   19.58000000 -0.86775687E-05  0.24745223E-11  0.48484720E-11    31.99999998     -865.00378976
    9800   19.60000000 -0.85285702E-05  0.13734437E-11  0.47337366E-11    31.99999998     -865.00384151
    9810   19.62000000 -0.83307962E-05  0.13900919E-11  0.34942661E-11    31.99999998     -865.00389080
    9820   19.64000000 -0.80866896E-05  0.10812536E-11  0.24143812E-11    31.99999998     -865.00393743
    9830   19.66000000 -0.78015360E-05  0.16975549E-11  0.12757754E-11    31.99999998     -865.00398124
    9840   19.68000000 -0.74829566E-05  0.90688749E-12 -0.34889080E-12    31.99999998     -865.00402216
    9850   19.70000000 -0.71402791E-05  0.14148234E-11 -0.11533747E-11    31.99999998     -865.00406012
    9860   19.72000000 -0.67839208E-05  0.46080538E-12 -0.27026700E-11    31.99999998     -865.00409517
    9870   19.74000000 -0.64248646E-05  0.33563719E-12 -0.36088413E-11    31.99999998     -865.00412738
    9880   19.76000000 -0.60742633E-05  0.20230701E-12 -0.43260479E-11    31.99999998     -865.00415690
    9890   19.78000000 -0.57431168E-05 -0.31386409E-12 -0.49301055E-11    31.99999998     -865.00418390
    9900   19.80000000 -0.54419573E-05 -0.36706290E-12 -0.37796134E-11    31.99999998     -865.00420861
    9910   19.82000000 -0.51804338E-05 -0.12848421E-11 -0.38938888E-11    31.99999998     -865.00423128
    9920   19.84000000 -0.49667474E-05 -0.17598252E-11 -0.31257337E-11    31.99999998     -865.00425219
    9930   19.86000000 -0.48069429E-05 -0.30249126E-11 -0.31342890E-11    31.99999998     -865.00427162
    9940   19.88000000 -0.47041435E-05 -0.36059631E-11 -0.32754717E-11    31.99999998     -865.00428984
    9950   19.90000000 -0.46578785E-05 -0.55664359E-11 -0.38000061E-11    31.99999998     -865.00430712
    9960   19.92000000 -0.46636727E-05 -0.65761046E-11 -0.41474317E-11    31.99999998     -865.00432369
    9970   19.94000000 -0.47130517E-05 -0.77210122E-11 -0.38443830E-11    31.99999998     -865.00433972
    9980   19.96000000 -0.47940282E-05 -0.81249376E-11 -0.47684445E-11    31.99999998     -865.00435534
    9990   19.98000000 -0.48920638E-05 -0.76871670E-11 -0.43538651E-11    31.99999998     -865.00437064
   10000   20.00000000 -0.49913825E-05 -0.72782359E-11 -0.40904080E-11    31.99999998     -865.00438563
   10010   20.02000000 -0.50764537E-05 -0.61607689E-11 -0.34119735E-11    31.99999998     -865.00440028
   10020   20.04000000 -0.51334160E-05 -0.56843503E-11 -0.31476367E-11    31.99999998     -865.00441452
   10030   20.06000000 -0.51512432E-05 -0.50957824E-11 -0.27398200E-11    31.99999998     -865.00442826
   10040   20.08000000 -0.51224960E-05 -0.47532936E-11 -0.28900790E-11    31.99999998     -865.00444139
   10050   20.10000000 -0.50436190E-05 -0.47688820E-11 -0.27907575E-11    31.99999998     -865.00445381
   10060   20.12000000 -0.49148070E-05 -0.37475175E-11 -0.31122800E-11    31.99999998     -865.00446543
   10070   20.14000000 -0.47395615E-05 -0.36973612E-11 -0.31322404E-11    31.99999998     -865.00447617
   10080   20.16000000 -0.45240619E-05 -0.30800620E-11 -0.33009209E-11    31.99999998     -865.00448599
   10090   20.18000000 -0.42764943E-05 -0.27138348E-11 -0.28468329E-11    31.99999998     -865.00449486
   10100   20.20000000 -0.40064097E-05 -0.25510101E-11 -0.29266369E-11    31.99999998     -865.00450279
   10110   20.22000000 -0.37241549E-05 -0.16093993E-11 -0.23790020E-11    31.99999998     -865.00450981
   10120   20.24000000 -0.34403708E-05 -0.11842551E-11 -0.15417507E-11    31.99999998     -865.00451597
   10130   20.26000000 -0.31655094E-05 -0.79395256E-12 -0.10722105E-11    31.99999998     -865.00452134
   10140   20.28000000 -0.29093672E-05 -0.76668962E-12  0.41630561E-13    31.99999998     -865.00452600
   10150   20.30000000 -0.26805974E-05 -0.31651495E-12  0.29929510E-12    31.99999998     -865.00453004
   10160   20.32000000 -0.24862294E-05  0.12231977E-12  0.13773494E-11    31.99999998     -865.00453354
   10170   20.34000000 -0.23312331E-05  0.15540155E-12  0.15547299E-11    31.99999998     -865.00453661
   10180   20.36000000 -0.22181735E-05  0.28164248E-12  0.24300734E-11    31.99999998     -865.00453932
   10190   20.38000000 -0.21470085E-05  0.66634198E-12  0.26482952E-11    31.99999998     -865.00454174
   10200   20.40000000 -0.21150651E-05  0.34735308E-12  0.23937125E-11    31.99999998     -865.00454394
   10210   20.42000000 -0.21172027E-05  0.83884361E-12  0.23801382E-11    31.99999998     -865.00454597
   10220   20.44000000 -0.21461733E-05  0.14884689E-11  0.20171193E-11    31.99999998     -865.00454787
   10230   20.46000000 -0.21931310E-05  0.26169601E-11  0.31768881E-11    31.99999998     -865.00454965
   10240   20.48000000 -0.22482865E-05  0.34634070E-11  0.34564897E-11    31.99999998     -865.00455133
   10250   20.50000000 -0.23016301E-05  0.34900997E-11  0.39108080E-11    31.99999998     -865.00455290
   10260   20.52000000 -0.23437047E-05  0.42822283E-11  0.37014655E-11    31.99999998     -865.00455437
   10270   20.54000000 -0.23663598E-05  0.47338090E-11  0.40371771E-11    31.99999998     -865.00455573
   10280   20.56000000 -0.23634168E-05  0.57856455E-11  0.37747557E-11    31.99999998     -865.00455697
   10290   20.58000000 -0.23311801E-05  0.63497889E-11  0.39109159E-11    31.99999998     -865.00455807
   10300   20.60000000 -0.22687090E-05  0.63724407E-11  0.31831901E-11    31.99999998     -865.00455904
   10310   20.62000000 -0.21777947E-05  0.71867252E-11  0.29862111E-11    31.99999998     -865.00455987
   10320   20.64000000 -0.20626121E-05  0.66306834E-11  0.19887894E-11    31.99999998     -865.00456058
   10330   20.66000000 -0.19290613E-05  0.65802251E-11  0.20068236E-11    31.99999998     -865.00456115
   10340   20.68000000 -0.17838851E-05  0.59617107E-11  0.19408889E-11    31.99999998     -865.00456162
   10350   20.70000000 -0.16336592E-05  0.54228942E-11  0.30489225E-11    31.99999998     -865.00456199
   10360   20.72000000 -0.14838429E-05  0.54443673E-11  0.36797372E-11    31.99999998     -865.00456227
   10370   20.74000000 -0.13380323E-05  0.55407422E-11  0.46114041E-11    31.99999998     -865.00456248
   10380   20.76000000 -0.11975621E-05  0.58063943E-11  0.61877339E-11    31.99999998     -865.00456264
   10390   20.78000000 -0.10615368E-05  0.65368693E-11  0.56857542E-11    31.99999998     -865.00456275
   10400   20.80000000 -0.92726793E-06  0.63892123E-11  0.69301123E-11    31.99999998     -865.00456282
   10410   20.82000000 -0.79103228E-06  0.60659950E-11  0.55802599E-11    31.99999998     -865.00456287
   10420   20.84000000 -0.64898567E-06  0.55461515E-11  0.52841337E-11    31.99999998     -865.00456290
   10430   20.86000000 -0.49802076E-06  0.46872860E-11  0.44254077E-11    31.99999998     -865.00456291
   10440   20.88000000 -0.33641313E-06  0.28351655E-11  0.42025914E-11    31.99999998     -865.00456291
   10450   20.90000000 -0.16410296E-06  0.14447489E-11  0.29038520E-11    31.99999998     -865.00456291
   10460   20.92000000  0.17392815E-07  0.17219198E-12  0.20340185E-11    31.99999998     -865.00456291
   10470   20.94000000  0.20541220E-06 -0.11212071E-11  0.62106764E-12    31.99999998     -865.00456292
   10480   20.96000000  0.39677135E-06 -0.14238778E-11 -0.52332352E-12    31.99999998     -865.00456292
   10490   20.98000000  0.58842497E-06 -0.15168637E-11 -0.15683897E-11    31.99999998     -865.00456292
   10500   21.00000000  0.77800843E-06 -0.13327619E-11 -0.22561900E-11    31.99999998     -865.00456292
   10510   21.02000000  0.96036212E-06 -0.78699459E-12 -0.21957695E-11    31.99999998     -865.00456292
   10520   21.04000000  0.11302586E-05 -0.14446301E-11 -0.25189336E-11    31.99999998     -865.00456292
   10530   21.06000000  0.12865481E-05 -0.60985794E-12 -0.23570217E-11    31.99999998     -865.00456292
   10540   21.08000000  0.14287445E-05 -0.20574481E-11 -0.22945034E-11    31.99999998     -865.00456292
   10550   21.10000000  0.15568360E-05 -0.23015522E-11 -0.25295462E-11    31.99999998     -865.00456292
   10560   21.12000000  0.16710380E-05 -0.37123570E-11 -0.27263412E-11    31.99999998     -865.00456292
   10570   21.14000000  0.17716007E-05 -0.48449218E-11 -0.33224913E-11    31.99999998     -865.00456292
   10580   21.16000000  0.18588858E-05 -0.49252268E-11 -0.41928572E-11    31.99999998     -865.00456292
   10590   21.18000000  0.19334649E-05 -0.59546083E-11 -0.46354409E-11    31.99999998     -865.00456292
   10600   21.20000000  0.19961974E-05 -0.56621091E-11 -0.39045029E-11    31.99999998     -865.00456292
   10610   21.22000000  0.20483069E-05 -0.54451849E-11 -0.42026079E-11    31.99999998     -865.00456292
   10620   21.24000000  0.20912707E-05 -0.58344924E-11 -0.30923998E-11    31.99999998     -865.00456292
   10630   21.26000000  0.21265304E-05 -0.51716920E-11 -0.33558500E-11    31.99999998     -865.00456292
   10640   21.28000000  0.21551493E-05 -0.57746358E-11 -0.30393495E-11    31.99999998     -865.00456292
   10650   21.30000000  0.21775135E-05 -0.50361283E-11 -0.28594276E-11    31.99999998     -865.00456292
   10660   21.32000000  0.21931453E-05 -0.45362533E-11 -0.21208861E-11    31.99999998     -865.00456292
   10670   21.34000000  0.22007474E-05 -0.38816644E-11 -0.19535162E-11    31.99999998     -865.00456292
   10680   21.36000000  0.21984582E-05 -0.28600883E-11 -0.21787916E-11    31.99999998     -865.00456292
   10690   21.38000000  0.21842635E-05 -0.28519186E-11 -0.14312590E-11    31.99999998     -865.00456292
   10700   21.40000000  0.21563825E-05 -0.15367447E-11 -0.50536506E-12    31.99999998     -865.00456292
   10710   21.42000000  0.21135266E-05 -0.12409343E-11 -0.85021343E-12    31.99999998     -865.00456292
   10720   21.44000000  0.20550131E-05 -0.46348002E-12  0.46376642E-13    31.99999998     -865.00456292
   10730   21.46000000  0.19806759E-05  0.32091731E-12  0.69038735E-12    31.99999998     -865.00456292
   10740   21.48000000  0.18906309E-05  0.11091109E-11  0.14465278E-11    31.99999998     -865.00456292
   10750   21.50000000  0.17850719E-05  0.26283846E-11  0.27705267E-11    31.99999998     -865.00456292
   10760   21.52000000  0.16642002E-05  0.41124530E-11  0.28303560E-11    31.99999998     -865.00456292
   10770   21.54000000  0.15283905E-05  0.46579179E-11  0.37354490E-11    31.99999998     -865.00456292
   10780   21.56000000  0.13785707E-05  0.61578288E-11  0.37554250E-11    31.99999998     -865.00456292
   10790   21.58000000  0.12166972E-05  0.61054964E-11  0.40966498E-11    31.99999998     -865.00456292
   10800   21.60000000  0.10461302E-05  0.63129220E-11  0.38084118E-11    31.99999998     -865.00456292
   10810   21.62000000  0.87174929E-06  0.59960359E-11  0.46210880E-11    31.99999998     -865.00456292
   10820   21.64000000  0.69968935E-06  0.56855768E-11  0.57392583E-11    31.99999998     -865.00456292
   10830   21.66000000  0.53667348E-06  0.57803069E-11  0.67250718E-11    31.99999998     -865.00456292
   10840   21.68000000  0.38905219E-06  0.59970231E-11  0.68963491E-11    31.99999998     -865.00456292
   10850   21.70000000  0.26179028E-06  0.61048986E-11  0.77028352E-11    31.99999998     -865.00456292
   10860   21.72000000  0.15764668E-06  0.63599924E-11  0.67659699E-11    31.99999998     -865.00456292
   10870   21.74000000  0.76779384E-07  0.69053864E-11  0.77792010E-11    31.99999998     -865.00456292
   10880   21.76000000  0.16893252E-07  0.73443024E-11  0.65236560E-11    31.99999998     -865.00456292
   10890   21.78000000 -0.26085181E-07  0.77911963E-11  0.63809023E-11    31.99999998     -865.00456292
   10900   21.80000000 -0.57015724E-07  0.78510623E-11  0.61500265E-11    31.99999998     -865.00456292
   10910   21.82000000 -0.80517307E-07  0.78042903E-11  0.52319727E-11    31.99999998     -865.00456292
   10920   21.84000000 -0.10016329E-06  0.91383619E-11  0.62410774E-11    31.99999998     -865.00456292
   10930   21.86000000 -0.11807620E-06  0.89473285E-11  0.52386910E-11    31.99999998     -865.00456292
   10940   21.88000000 -0.13499234E-06  0.96611518E-11  0.52407610E-11    31.99999998     -865.00456292
   10950   21.90000000 -0.15072969E-06  0.91477278E-11  0.40164998E-11    31.99999998     -865.00456292
   10960   21.92000000 -0.16483182E-06  0.86176804E-11  0.32635193E-11    31.99999998     -865.00456292
   10970   21.94000000 -0.17715918E-06  0.75750896E-11  0.35895287E-11    31.99999998     -865.00456292
   10980   21.96000000 -0.18823587E-06  0.62351716E-11  0.25652600E-11    31.99999998     -865.00456292
   10990   21.98000000 -0.19925088E-06  0.46044403E-11  0.30762405E-11    31.99999998     -865.00456292
   11000   22.00000000 -0.21172410E-06  0.31112379E-11  0.26486347E-11    31.99999998     -865.00456292
   11010   22.02000000 -0.22699311E-06  0.17184140E-11  0.24912479E-11    31.99999998     -865.00456292
   11020   22.04000000 -0.24566931E-06  0.63701064E-12  0.17935356E-11    31.99999998     -865.00456292
   11030   22.06000000 -0.26724628E-06 -0.59851795E-12  0.10260896E-11    31.99999998     -865.00456292
   11040   22.08000000 -0.28995731E-06 -0.16479853E-11  0.30766612E-12    31.99999998     -865.00456292
   11050   22.10000000 -0.31088386E-06 -0.25480105E-11 -0.41763745E-12    31.99999998     -865.00456292
   11060   22.12000000 -0.32622564E-06 -0.38313561E-11 -0.12636512E-11    31.99999998     -865.00456292
   11070   22.14000000 -0.33165907E-06 -0.47466803E-11 -0.11448970E-11    31.99999998     -865.00456292
   11080   22.16000000 -0.32267005E-06 -0.55860532E-11 -0.16842502E-11    31.99999998     -865.00456292
   11090   22.18000000 -0.29481701E-06 -0.71992503E-11 -0.15101185E-11    31.99999998     -865.00456292
   11100   22.20000000 -0.24391597E-06 -0.76636530E-11 -0.18013475E-11    31.99999998     -865.00456292
   11110   22.22000000 -0.16625257E-06 -0.88272189E-11 -0.22458336E-11    31.99999998     -865.00456292
   11120   22.24000000 -0.58892010E-07 -0.90564057E-11 -0.25867872E-11    31.99999998     -865.00456292
   11130   22.26000000  0.79880930E-07 -0.85768537E-11 -0.32293035E-11    31.99999998     -865.00456292
   11140   22.28000000  0.24999244E-06 -0.82224876E-11 -0.32742658E-11    31.99999998     -865.00456292
   11150   22.30000000  0.44899970E-06 -0.66241473E-11 -0.39861820E-11    31.99999998     -865.00456292
   11160   22.32000000  0.67163911E-06 -0.60228856E-11 -0.42996913E-11    31.99999998     -865.00456292
   11170   22.34000000  0.90969517E-06 -0.41557122E-11 -0.46863780E-11    31.99999998     -865.00456292
   11180   22.36000000  0.11523275E-05 -0.39030020E-11 -0.38768707E-11    31.99999998     -865.00456291
   11190   22.38000000  0.13868779E-05 -0.25142026E-11 -0.36822454E-11    31.99999998     -865.00456291
   11200   22.40000000  0.16001026E-05 -0.10047709E-11 -0.29597821E-11    31.99999998     -865.00456291
   11210   22.42000000  0.17796546E-05 -0.14806330E-12 -0.22316371E-11    31.99999998     -865.00456291
   11220   22.44000000  0.19155527E-05  0.77997452E-12 -0.16858439E-11    31.99999998     -865.00456291
   11230   22.46000000  0.20013787E-05  0.19284518E-11 -0.14572271E-11    31.99999998     -865.00456291
   11240   22.48000000  0.20349925E-05  0.28285953E-11 -0.21343037E-12    31.99999998     -865.00456291
   11250   22.50000000  0.20186462E-05  0.41746317E-11 -0.81217448E-12    31.99999998     -865.00456291
   11260   22.52000000  0.19585006E-05  0.40887740E-11  0.67207488E-12    31.99999998     -865.00456291
   11270   22.54000000  0.18636584E-05  0.45584404E-11  0.14230660E-11    31.99999998     -865.00456291
   11280   22.56000000  0.17449161E-05  0.45238727E-11  0.25235271E-11    31.99999998     -865.00456291
   11290   22.58000000  0.16134459E-05  0.45106793E-11  0.34667915E-11    31.99999998     -865.00456291
   11300   22.60000000  0.14795976E-05  0.37673225E-11  0.37032637E-11    31.99999998     -865.00456291
   11310   22.62000000  0.13519726E-05  0.34507342E-11  0.38765221E-11    31.99999998     -865.00456291
   11320   22.64000000  0.12368283E-05  0.24382941E-11  0.38243880E-11    31.99999998     -865.00456291
   11330   22.66000000  0.11378403E-05  0.26549180E-11  0.36092061E-11    31.99999998     -865.00456291
   11340   22.68000000  0.10561779E-05  0.18726255E-11  0.34238781E-11    31.99999998     -865.00456291
   11350   22.70000000  0.99081675E-06  0.19366431E-11  0.28216490E-11    31.99999998     -865.00456291
   11360   22.72000000  0.93901876E-06  0.21325759E-11  0.33062835E-11    31.99999998     -865.00456291
   11370   22.74000000  0.89690242E-06  0.33454668E-11  0.32556462E-11    31.99999998     -865.00456291
   11380   22.76000000  0.86009634E-06  0.40727819E-11  0.24792935E-11    31.99999998     -865.00456291
   11390   22.78000000  0.82436871E-06  0.48067853E-11  0.27983800E-11    31.99999998     -865.00456291
   11400   22.80000000  0.78621153E-06  0.48651845E-11  0.23572300E-11    31.99999998     -865.00456291
   11410   22.82000000  0.74332317E-06  0.52724531E-11  0.29290391E-11    31.99999998     -865.00456291
   11420   22.84000000  0.69494779E-06  0.52851550E-11  0.21079829E-11    31.99999998     -865.00456291
   11430   22.86000000  0.64198378E-06  0.55089125E-11  0.11798259E-11    31.99999998     -865.00456291
   11440   22.88000000  0.58686182E-06  0.55709455E-11  0.73015329E-12    31.99999998     -865.00456291
   11450   22.90000000  0.53320045E-06  0.48066448E-11  0.17379849E-12    31.99999998     -865.00456291
   11460   22.92000000  0.48526738E-06  0.56352615E-11  0.12701844E-11    31.99999998     -865.00456291
   11470   22.94000000  0.44733925E-06  0.44989547E-11  0.15529084E-11    31.99999998     -865.00456291
   11480   22.96000000  0.42307062E-06  0.43083100E-11  0.25010322E-11    31.99999998     -865.00456291
   11490   22.98000000  0.41498532E-06  0.25732825E-11  0.31891326E-11    31.99999998     -865.00456291
   11500   23.00000000  0.42415258E-06  0.20959119E-11  0.34939439E-11    31.99999998     -865.00456291
   11510   23.02000000  0.45011585E-06  0.11268720E-11  0.33056356E-11    31.99999998     -865.00456291
   11520   23.04000000  0.49106160E-06  0.76933476E-12  0.28249314E-11    31.99999998     -865.00456291
   11530   23.06000000  0.54417604E-06  0.98060365E-13  0.22899197E-11    31.99999998     -865.00456291
   11540   23.08000000  0.60611641E-06 -0.76466704E-12  0.14761319E-11    31.99999998     -865.00456291
   11550   23.10000000  0.67349388E-06 -0.14333954E-11  0.16650407E-11    31.99999998     -865.00456291
   11560   23.12000000  0.74328191E-06 -0.16566511E-11  0.63584980E-12    31.99999998     -865.00456291
   11570   23.14000000  0.81308358E-06 -0.24205691E-11  0.29524776E-12    31.99999998     -865.00456291
   11580   23.16000000  0.88123564E-06 -0.27797451E-11 -0.10586388E-11    31.99999998     -865.00456291
   11590   23.18000000  0.94672553E-06 -0.30229224E-11 -0.10324850E-11    31.99999998     -865.00456291
   11600   23.20000000  0.10089648E-05 -0.27548522E-11 -0.18668776E-11    31.99999998     -865.00456291
   11610   23.22000000  0.10674531E-05 -0.28224089E-11 -0.13409321E-11    31.99999998     -865.00456291
   11620   23.24000000  0.11214288E-05 -0.26760761E-11 -0.92128416E-12    31.99999998     -865.00456291
   11630   23.26000000  0.11695391E-05 -0.26194308E-11  0.44268129E-12    31.99999998     -865.00456291
   11640   23.28000000  0.12096409E-05 -0.26108132E-11  0.16182285E-11    31.99999998     -865.00456291
   11650   23.30000000  0.12387641E-05 -0.24611359E-11  0.18938207E-11    31.99999998     -865.00456291
   11660   23.32000000  0.12532928E-05 -0.18359617E-11  0.27053217E-11    31.99999998     -865.00456291
   11670   23.34000000  0.12493542E-05 -0.17267479E-11  0.27249291E-11    31.99999998     -865.00456291
   11680   23.36000000  0.12233856E-05 -0.97496767E-12  0.32720882E-11    31.99999998     -865.00456291
   11690   23.38000000  0.11728075E-05  0.15150578E-12  0.32291314E-11    31.99999998     -865.00456291
   11700   23.40000000  0.10966784E-05  0.12457945E-11  0.32044400E-11    31.99999998     -865.00456291
   11710   23.42000000  0.99619833E-06  0.26812932E-11  0.37426929E-11    31.99999998     -865.00456291
   11720   23.44000000  0.87496753E-06  0.38071553E-11  0.32094318E-11    31.99999998     -865.00456291
   11730   23.46000000  0.73891625E-06  0.50522847E-11  0.45079819E-11    31.99999998     -865.00456291
   11740   23.48000000  0.59590454E-06  0.54585656E-11  0.42913898E-11    31.99999998     -865.00456291
   11750   23.50000000  0.45505540E-06  0.58508449E-11  0.44585627E-11    31.99999998     -865.00456290
   11760   23.52000000  0.32592976E-06  0.56149216E-11  0.39187764E-11    31.99999998     -865.00456290
   11770   23.54000000  0.21764256E-06  0.53522828E-11  0.32761419E-11    31.99999998     -865.00456290
   11780   23.56000000  0.13805036E-06  0.49098007E-11  0.19609097E-11    31.99999998     -865.00456290
   11790   23.58000000  0.93091702E-07  0.51303432E-11  0.13861615E-11    31.99999998     -865.00456290
   11800   23.60000000  0.86298674E-07  0.45523307E-11  0.34643726E-12    31.99999998     -865.00456290
   11810   23.62000000  0.11847677E-06  0.39815656E-11 -0.53230979E-13    31.99999998     -865.00456290
   11820   23.64000000  0.18753083E-06  0.37061541E-11 -0.26478802E-12    31.99999998     -865.00456290
   11830   23.66000000  0.28843296E-06  0.25790446E-11 -0.24301115E-12    31.99999998     -865.00456290
   11840   23.68000000  0.41334289E-06  0.23012673E-11  0.35229918E-12    31.99999998     -865.00456290
   11850   23.70000000  0.55193305E-06  0.21791697E-11  0.57878256E-12    31.99999998     -865.00456290
   11860   23.72000000  0.69196698E-06  0.20298149E-11  0.18119196E-11    31.99999998     -865.00456290
   11870   23.74000000  0.82016062E-06  0.23149160E-11  0.20187702E-11    31.99999998     -865.00456290
   11880   23.76000000  0.92331382E-06  0.25978946E-11  0.28339606E-11    31.99999998     -865.00456290
   11890   23.78000000  0.98962346E-06  0.31028913E-11  0.31950815E-11    31.99999998     -865.00456290
   11900   23.80000000  0.10100381E-05  0.30327598E-11  0.27707291E-11    31.99999998     -865.00456290
   11910   23.82000000  0.97945141E-06  0.33783681E-11  0.29121389E-11    31.99999998     -865.00456290
   11920   23.84000000  0.89752671E-06  0.26607669E-11  0.14759942E-11    31.99999998     -865.00456290
   11930   23.86000000  0.76900377E-06  0.18340432E-11  0.18669680E-11    31.99999998     -865.00456290
   11940   23.88000000  0.60337056E-06  0.51635566E-12  0.88350824E-12    31.99999998     -865.00456290
   11950   23.90000000  0.41394576E-06 -0.69063073E-12  0.13373019E-12    31.99999998     -865.00456290
   11960   23.92000000  0.21647495E-06 -0.13210478E-11 -0.20765123E-12    31.99999998     -865.00456290
   11970   23.94000000  0.27467609E-07 -0.17475729E-11 -0.13050032E-11    31.99999998     -865.00456290
   11980   23.96000000 -0.13752025E-06 -0.11535333E-11 -0.13072630E-11    31.99999998     -865.00456290
   11990   23.98000000 -0.26539229E-06 -0.84048681E-12 -0.13857330E-11    31.99999998     -865.00456290
   12000   24.00000000 -0.34664187E-06  0.45893595E-12 -0.92316389E-12    31.99999998     -865.00456290
   12010   24.02000000 -0.37597586E-06  0.10396394E-11 -0.76065383E-12    31.99999998     -865.00456289
   12020   24.04000000 -0.35240754E-06  0.17345038E-11 -0.38204067E-12    31.99999998     -865.00456289
   12030   24.06000000 -0.27885528E-06  0.19170328E-11 -0.73411979E-12    31.99999998     -865.00456289
   12040   24.08000000 -0.16137100E-06  0.14428004E-11  0.30867192E-12    31.99999998     -865.00456289
   12050   24.10000000 -0.81376505E-08  0.16091525E-11  0.46664297E-12    31.99999998     -865.00456289
   12060   24.12000000  0.17158221E-06  0.12284333E-11  0.12594238E-11    31.99999998     -865.00456289
   12070   24.14000000  0.36842014E-06  0.96609034E-12  0.10567956E-11    31.99999998     -865.00456289
   12080   24.16000000  0.57364246E-06  0.50726567E-12  0.12340958E-11    31.99999998     -865.00456289
   12090   24.18000000  0.77959065E-06 -0.31972396E-13  0.14769683E-11    31.99999998     -865.00456289
   12100   24.20000000  0.97981460E-06 -0.52851897E-12  0.14650275E-11    31.99999998     -865.00456289
   12110   24.22000000  0.11689397E-05 -0.14432457E-11  0.11538639E-11    31.99999998     -865.00456289
   12120   24.24000000  0.13423849E-05 -0.17904255E-11  0.23317670E-12    31.99999998     -865.00456289
   12130   24.26000000  0.14960816E-05 -0.24451643E-11 -0.69402599E-12    31.99999998     -865.00456289
   12140   24.28000000  0.16263238E-05 -0.29840968E-11 -0.11507393E-11    31.99999998     -865.00456289
   12150   24.30000000  0.17298406E-05 -0.28572999E-11 -0.12580990E-11    31.99999998     -865.00456289
   12160   24.32000000  0.18041259E-05 -0.34574594E-11 -0.15829883E-11    31.99999998     -865.00456289
   12170   24.34000000  0.18479549E-05 -0.29837548E-11 -0.17275478E-11    31.99999998     -865.00456289
   12180   24.36000000  0.18619174E-05 -0.29028588E-11 -0.22428894E-11    31.99999998     -865.00456289
   12190   24.38000000  0.18487772E-05 -0.26262312E-11 -0.19588952E-11    31.99999998     -865.00456289
   12200   24.40000000  0.18134863E-05 -0.20523253E-11 -0.18718296E-11    31.99999998     -865.00456289
   12210   24.42000000  0.17627299E-05 -0.12100034E-11 -0.12700302E-11    31.99999998     -865.00456289
   12220   24.44000000  0.17040280E-05 -0.52346291E-12 -0.59526413E-12    31.99999998     -865.00456289
   12230   24.46000000  0.16445295E-05  0.88568610E-12  0.86931706E-12    31.99999998     -865.00456289
   12240   24.48000000  0.15897667E-05  0.17104931E-11  0.23884134E-11    31.99999998     -865.00456289
   12250   24.50000000  0.15426402E-05  0.37406113E-11  0.33719872E-11    31.99999998     -865.00456289
   12260   24.52000000  0.15028965E-05  0.42608740E-11  0.42690336E-11    31.99999998     -865.00456289
   12270   24.54000000  0.14672608E-05  0.47281458E-11  0.46790879E-11    31.99999998     -865.00456289
   12280   24.56000000  0.14302152E-05  0.42755193E-11  0.44881575E-11    31.99999998     -865.00456289
   12290   24.58000000  0.13852602E-05  0.32611829E-11  0.38647175E-11    31.99999998     -865.00456289
   12300   24.60000000  0.13263888E-05  0.27313858E-11  0.30851315E-11    31.99999998     -865.00456289
   12310   24.62000000  0.12494179E-05  0.12572143E-11  0.26765921E-11    31.99999998     -865.00456289
   12320   24.64000000  0.11529109E-05  0.81336714E-12  0.21598602E-11    31.99999998     -865.00456289
   12330   24.66000000  0.10384756E-05  0.42245421E-12  0.13578805E-11    31.99999998     -865.00456289
   12340   24.68000000  0.91044526E-06  0.10421848E-11  0.87200430E-12    31.99999998     -865.00456289
   12350   24.70000000  0.77504677E-06  0.22414180E-11 -0.93355735E-13    31.99999998     -865.00456289
   12360   24.72000000  0.63930066E-06  0.28325223E-11 -0.60282777E-12    31.99999998     -865.00456289
   12370   24.74000000  0.50995045E-06  0.45164753E-11 -0.59628146E-12    31.99999998     -865.00456289
   12380   24.76000000  0.39265273E-06  0.44848829E-11 -0.35961080E-12    31.99999998     -865.00456289
   12390   24.78000000  0.29157849E-06  0.42694570E-11  0.72401067E-12    31.99999998     -865.00456289
   12400   24.80000000  0.20945495E-06  0.35525394E-11  0.19566137E-11    31.99999998     -865.00456289
   12410   24.82000000  0.14789238E-06  0.27207339E-11  0.35607304E-11    31.99999998     -865.00456289
   12420   24.84000000  0.10783663E-06  0.24409092E-11  0.44417248E-11    31.99999998     -865.00456289
   12430   24.86000000  0.89903825E-07  0.12186873E-11  0.57602871E-11    31.99999998     -865.00456289
   12440   24.88000000  0.94454204E-07  0.10327763E-11  0.49914853E-11    31.99999998     -865.00456289
   12450   24.90000000  0.12135199E-06  0.60089500E-12  0.44975791E-11    31.99999998     -865.00456289
   12460   24.92000000  0.16949517E-06 -0.29604417E-12  0.35385887E-11    31.99999998     -865.00456289
   12470   24.94000000  0.23628409E-06 -0.95920398E-12  0.28806524E-11    31.99999998     -865.00456289
   12480   24.96000000  0.31723944E-06 -0.14867592E-11  0.28454590E-11    31.99999998     -865.00456289
   12490   24.98000000  0.40595730E-06 -0.19759682E-11  0.29170888E-11    31.99999998     -865.00456289
   12500   25.00000000  0.49451467E-06 -0.72176519E-12  0.36851804E-11    31.99999998     -865.00456289
   12510   25.02000000  0.57431552E-06 -0.85283504E-13  0.42659551E-11    31.99999998     -865.00456289
   12520   25.04000000  0.63723866E-06  0.20116019E-11  0.51826737E-11    31.99999998     -865.00456289
   12530   25.06000000  0.67686155E-06  0.31360594E-11  0.55637443E-11    31.99999998     -865.00456289
   12540   25.08000000  0.68950102E-06  0.53213697E-11  0.50044148E-11    31.99999998     -865.00456289
   12550   25.10000000  0.67483133E-06  0.63967967E-11  0.48683846E-11    31.99999998     -865.00456289
   12560   25.12000000  0.63592691E-06  0.79175487E-11  0.40970694E-11    31.99999998     -865.00456289
   12570   25.14000000  0.57871899E-06  0.89643679E-11  0.24982084E-11    31.99999998     -865.00456289
   12580   25.16000000  0.51094065E-06  0.90204917E-11  0.14853211E-11    31.99999998     -865.00456289
   12590   25.18000000  0.44081221E-06  0.95372560E-11  0.38372381E-13    31.99999998     -865.00456289
   12600   25.20000000  0.37572053E-06  0.10225108E-10 -0.46327428E-12    31.99999998     -865.00456289
   12610   25.22000000  0.32117949E-06  0.91386452E-11 -0.12643391E-11    31.99999998     -865.00456289
   12620   25.24000000  0.28028841E-06  0.97489418E-11 -0.14008023E-11    31.99999998     -865.00456289
   12630   25.26000000  0.25376379E-06  0.76134824E-11 -0.10001189E-11    31.99999998     -865.00456289
   12640   25.28000000  0.24051455E-06  0.67704227E-11 -0.34236877E-12    31.99999998     -865.00456289
   12650   25.30000000  0.23856421E-06  0.52963452E-11  0.68292530E-12    31.99999998     -865.00456289
   12660   25.32000000  0.24606198E-06  0.40688160E-11  0.10810680E-11    31.99999998     -865.00456289
   12670   25.34000000  0.26212486E-06  0.26685150E-11  0.18520388E-11    31.99999998     -865.00456289
   12680   25.36000000  0.28724430E-06  0.97242208E-12  0.23195955E-11    31.99999998     -865.00456289
   12690   25.38000000  0.32319661E-06  0.44924553E-12  0.35730111E-11    31.99999998     -865.00456289
   12700   25.40000000  0.37243594E-06 -0.90958544E-12  0.38767806E-11    31.99999998     -865.00456289
   12710   25.42000000  0.43715391E-06 -0.18496677E-11  0.40790906E-11    31.99999998     -865.00456289
   12720   25.44000000  0.51824201E-06 -0.27780831E-11  0.41614333E-11    31.99999998     -865.00456289
   12730   25.46000000  0.61444540E-06 -0.30092797E-11  0.37861744E-11    31.99999998     -865.00456289
   12740   25.48000000  0.72195048E-06 -0.35028266E-11  0.32970255E-11    31.99999998     -865.00456289
   12750   25.50000000  0.83453836E-06 -0.37981803E-11  0.25585679E-11    31.99999998     -865.00456289
   12760   25.52000000  0.94430553E-06 -0.44448153E-11  0.19253173E-11    31.99999998     -865.00456289
   12770   25.54000000  0.10428109E-05 -0.45917159E-11  0.10462331E-11    31.99999998     -865.00456289
   12780   25.56000000  0.11223920E-05 -0.52590862E-11  0.99101435E-12    31.99999998     -865.00456289
   12790   25.58000000  0.11773823E-05 -0.50602543E-11  0.10840763E-12    31.99999998     -865.00456289
   12800   25.60000000  0.12049614E-05 -0.53736202E-11 -0.37740886E-12    31.99999998     -865.00456289
   12810   25.62000000  0.12054908E-05 -0.55436009E-11 -0.15965135E-11    31.99999998     -865.00456289
   12820   25.64000000  0.11822864E-05 -0.56957350E-11 -0.15807631E-11    31.99999998     -865.00456289
   12830   25.66000000  0.11409305E-05 -0.50701977E-11 -0.30453852E-11    31.99999998     -865.00456289
   12840   25.68000000  0.10882888E-05 -0.46025591E-11 -0.30589832E-11    31.99999998     -865.00456289
   12850   25.70000000  0.10314610E-05 -0.45369466E-11 -0.39897651E-11    31.99999998     -865.00456289
   12860   25.72000000  0.97687236E-06 -0.36605173E-11 -0.38576152E-11    31.99999998     -865.00456289
   12870   25.74000000  0.92963236E-06 -0.30139457E-11 -0.39704819E-11    31.99999998     -865.00456289
   12880   25.76000000  0.89322425E-06 -0.21739951E-11 -0.39680303E-11    31.99999998     -865.00456289
   12890   25.78000000  0.86949461E-06 -0.14240378E-11 -0.42471864E-11    31.99999998     -865.00456289
   12900   25.80000000  0.85881444E-06 -0.80125261E-12 -0.39518418E-11    31.99999998     -865.00456289
   12910   25.82000000  0.86032815E-06 -0.46236871E-12 -0.38477303E-11    31.99999998     -865.00456289
   12920   25.84000000  0.87218183E-06 -0.63502783E-12 -0.40048417E-11    31.99999998     -865.00456289
   12930   25.86000000  0.89168746E-06 -0.12380923E-11 -0.36274914E-11    31.99999998     -865.00456289
   12940   25.88000000  0.91543108E-06 -0.11676236E-11 -0.39620934E-11    31.99999998     -865.00456289
   12950   25.90000000  0.93940491E-06 -0.14365052E-11 -0.32034056E-11    31.99999997     -865.00456289
   12960   25.92000000  0.95923535E-06 -0.86638191E-12 -0.29382188E-11    31.99999997     -865.00456289
   12970   25.94000000  0.97058097E-06 -0.84803333E-12 -0.20747140E-11    31.99999997     -865.00456289
   12980   25.96000000  0.96970849E-06 -0.64262544E-13 -0.19115088E-11    31.99999997     -865.00456289
   12990   25.98000000  0.95419183E-06  0.41919585E-12 -0.98216742E-12    31.99999997     -865.00456289
   13000   26.00000000  0.92359637E-06  0.85682160E-12 -0.40587835E-12    31.99999997     -865.00456289
   13010   26.02000000  0.87998382E-06  0.17141035E-11  0.36921974E-12    31.99999997     -865.00456289
   13020   26.04000000  0.82805910E-06  0.26087808E-11  0.73428792E-12    31.99999997     -865.00456289
   13030   26.06000000  0.77482084E-06  0.34430845E-11  0.15624993E-11    31.99999997     -865.00456289
   13040   26.08000000  0.72873662E-06  0.44491899E-11  0.28053515E-11    31.99999997     -865.00456289
   13050   26.10000000  0.69849415E-06  0.47587121E-11  0.41726779E-11    31.99999997     -865.00456289
   13060   26.12000000  0.69156859E-06  0.56401129E-11  0.52590335E-11    31.99999997     -865.00456289
   13070   26.14000000  0.71285849E-06  0.60695695E-11  0.56819344E-11    31.99999997     -865.00456289
   13080   26.16000000  0.76367018E-06  0.64462891E-11  0.68540743E-11    31.99999997     -865.00456289
   13090   26.18000000  0.84127274E-06  0.65496644E-11  0.72470515E-11    31.99999997     -865.00456289
   13100   26.20000000  0.93912151E-06  0.73003913E-11  0.77645184E-11    31.99999997     -865.00456289
   13110   26.22000000  0.10477095E-05  0.78959299E-11  0.77137409E-11    31.99999997     -865.00456289
   13120   26.24000000  0.11558633E-05  0.86635604E-11  0.83149002E-11    31.99999997     -865.00456289
   13130   26.26000000  0.12522183E-05  0.87551916E-11  0.82934288E-11    31.99999997     -865.00456289
   13140   26.28000000  0.13265901E-05  0.85473732E-11  0.80281429E-11    31.99999997     -865.00456289
   13150   26.30000000  0.13710037E-05  0.79688425E-11  0.74768998E-11    31.99999997     -865.00456289
   13160   26.32000000  0.13802650E-05  0.80384214E-11  0.70064767E-11    31.99999997     -865.00456289
   13170   26.34000000  0.13520558E-05  0.78743124E-11  0.55161221E-11    31.99999997     -865.00456289
   13180   26.36000000  0.12867041E-05  0.78399567E-11  0.50353147E-11    31.99999997     -865.00456289
   13190   26.38000000  0.11867797E-05  0.87456691E-11  0.42893574E-11    31.99999997     -865.00456289
   13200   26.40000000  0.10567110E-05  0.84443704E-11  0.31652660E-11    31.99999997     -865.00456288
   13210   26.42000000  0.90252255E-06  0.88302914E-11  0.36013030E-11    31.99999997     -865.00456288
   13220   26.44000000  0.73172111E-06  0.76251309E-11  0.28183901E-11    31.99999997     -865.00456288
   13230   26.46000000  0.55320512E-06  0.62109872E-11  0.40547292E-11    31.99999997     -865.00456288
   13240   26.48000000  0.37708665E-06  0.38208627E-11  0.39589958E-11    31.99999997     -865.00456288
   13250   26.50000000  0.21425549E-06  0.13846412E-11  0.40949912E-11    31.99999997     -865.00456288
   13260   26.52000000  0.75603584E-07 -0.84128019E-12  0.38749742E-11    31.99999997     -865.00456288
   13270   26.54000000 -0.29033360E-07 -0.24841133E-11  0.33309743E-11    31.99999997     -865.00456288
   13280   26.56000000 -0.92073117E-07 -0.33561341E-11  0.32961906E-11    31.99999997     -865.00456288
   13290   26.58000000 -0.10927036E-06 -0.33473773E-11  0.29948396E-11    31.99999997     -865.00456288
   13300   26.60000000 -0.80432708E-07 -0.28743541E-11  0.31154069E-11    31.99999997     -865.00456288
   13310   26.62000000 -0.95684161E-08 -0.28710629E-11  0.22630425E-11    31.99999997     -865.00456288
   13320   26.64000000  0.95612234E-07 -0.25554751E-11  0.21494176E-11    31.99999997     -865.00456288
   13330   26.66000000  0.22475912E-06 -0.22041107E-11  0.24133874E-11    31.99999997     -865.00456288
   13340   26.68000000  0.36629851E-06 -0.21071069E-11  0.21505731E-11    31.99999997     -865.00456288
   13350   26.70000000  0.50888111E-06 -0.14776903E-11  0.18624581E-11    31.99999997     -865.00456288
   13360   26.72000000  0.64257890E-06 -0.16492426E-11  0.15439974E-11    31.99999997     -865.00456288
   13370   26.74000000  0.75961691E-06 -0.14591185E-11  0.50119708E-12    31.99999997     -865.00456288
   13380   26.76000000  0.85455170E-06 -0.11748278E-11  0.25440713E-13    31.99999997     -865.00456288
   13390   26.78000000  0.92399136E-06 -0.16699478E-11 -0.10216067E-11    31.99999997     -865.00456288
   13400   26.80000000  0.96607650E-06 -0.18652217E-11 -0.17011239E-11    31.99999997     -865.00456288
   13410   26.82000000  0.97996155E-06 -0.25599004E-11 -0.24271277E-11    31.99999997     -865.00456287
   13420   26.84000000  0.96553527E-06 -0.36385523E-11 -0.21539829E-11    31.99999997     -865.00456287
   13430   26.86000000  0.92348318E-06 -0.42907613E-11 -0.25855696E-11    31.99999997     -865.00456287
   13440   26.88000000  0.85566911E-06 -0.45733521E-11 -0.31111424E-11    31.99999997     -865.00456287
   13450   26.90000000  0.76565211E-06 -0.46236593E-11 -0.38770322E-11    31.99999997     -865.00456287
   13460   26.92000000  0.65909618E-06 -0.50789010E-11 -0.53621855E-11    31.99999997     -865.00456287
   13470   26.94000000  0.54383815E-06 -0.42813923E-11 -0.62209942E-11    31.99999997     -865.00456287
   13480   26.96000000  0.42944755E-06 -0.42413017E-11 -0.64492338E-11    31.99999997     -865.00456287
   13490   26.98000000  0.32627263E-06 -0.30199532E-11 -0.65847033E-11    31.99999997     -865.00456287
   13500   27.00000000  0.24413342E-06 -0.20887161E-11 -0.49909088E-11    31.99999997     -865.00456287
   13510   27.02000000  0.19092055E-06 -0.84487591E-12 -0.41553161E-11    31.99999997     -865.00456287
   13520   27.04000000  0.17142589E-06  0.47015275E-12 -0.24407391E-11    31.99999997     -865.00456287
   13530   27.06000000  0.18666855E-06  0.20687679E-11 -0.29149900E-12    31.99999997     -865.00456287
   13540   27.08000000  0.23388593E-06  0.38281672E-11  0.11839452E-11    31.99999997     -865.00456287
   13550   27.10000000  0.30716148E-06  0.51873996E-11  0.21691102E-11    31.99999997     -865.00456287
   13560   27.12000000  0.39854940E-06  0.64071497E-11  0.34116923E-11    31.99999997     -865.00456287
   13570   27.14000000  0.49943602E-06  0.74569694E-11  0.35203068E-11    31.99999997     -865.00456287
   13580   27.16000000  0.60185671E-06  0.74109397E-11  0.38193172E-11    31.99999997     -865.00456287
   13590   27.18000000  0.69950091E-06  0.75512491E-11  0.37915709E-11    31.99999997     -865.00456287
   13600   27.20000000  0.78826850E-06  0.76190273E-11  0.40930333E-11    31.99999997     -865.00456287
   13610   27.22000000  0.86634964E-06  0.71395908E-11  0.39580382E-11    31.99999997     -865.00456287
   13620   27.24000000  0.93388666E-06  0.69469287E-11  0.40959079E-11    31.99999997     -865.00456287
   13630   27.26000000  0.99236731E-06  0.70345511E-11  0.43906228E-11    31.99999997     -865.00456287
   13640   27.28000000  0.10439218E-05  0.72933820E-11  0.45866719E-11    31.99999997     -865.00456287
   13650   27.30000000  0.10906751E-05  0.70064669E-11  0.52730810E-11    31.99999997     -865.00456287
   13660   27.32000000  0.11342516E-05  0.73589667E-11  0.56284158E-11    31.99999997     -865.00456287
   13670   27.34000000  0.11754526E-05  0.63000481E-11  0.61511115E-11    31.99999997     -865.00456287
   13680   27.36000000  0.12141192E-05  0.59989855E-11  0.60625829E-11    31.99999997     -865.00456287
   13690   27.38000000  0.12491317E-05  0.48598251E-11  0.59568161E-11    31.99999997     -865.00456287
   13700   27.40000000  0.12785244E-05  0.36724542E-11  0.56013152E-11    31.99999997     -865.00456287
   13710   27.42000000  0.12996827E-05  0.32414226E-11  0.53714723E-11    31.99999997     -865.00456287
   13720   27.44000000  0.13096277E-05  0.18958137E-11  0.43702446E-11    31.99999997     -865.00456287
   13730   27.46000000  0.13053768E-05  0.98822938E-12  0.30947975E-11    31.99999997     -865.00456287
   13740   27.48000000  0.12843861E-05 -0.10090697E-11  0.10732204E-11    31.99999997     -865.00456287
   13750   27.50000000  0.12450165E-05 -0.23964373E-11 -0.12198012E-12    31.99999997     -865.00456287
   13760   27.52000000  0.11869722E-05 -0.41635169E-11 -0.23294255E-11    31.99999997     -865.00456287
   13770   27.54000000  0.11116478E-05 -0.58756233E-11 -0.29413697E-11    31.99999997     -865.00456287
   13780   27.56000000  0.10222837E-05 -0.69440246E-11 -0.44941543E-11    31.99999997     -865.00456286
   13790   27.58000000  0.92387813E-06 -0.80475957E-11 -0.49413226E-11    31.99999997     -865.00456286
   13800   27.60000000  0.82284278E-06 -0.79141036E-11 -0.56662744E-11    31.99999997     -865.00456286
   13810   27.62000000  0.72642839E-06 -0.77332365E-11 -0.56716303E-11    31.99999997     -865.00456286
   13820   27.64000000  0.64198889E-06 -0.70687986E-11 -0.58385291E-11    31.99999997     -865.00456286
   13830   27.66000000  0.57618166E-06 -0.58568341E-11 -0.61584777E-11    31.99999997     -865.00456286
   13840   27.68000000  0.53423673E-06 -0.47768223E-11 -0.58051261E-11    31.99999997     -865.00456286
   13850   27.70000000  0.51937425E-06 -0.41845840E-11 -0.52274183E-11    31.99999997     -865.00456286
   13860   27.72000000  0.53246817E-06 -0.31554835E-11 -0.48805023E-11    31.99999997     -865.00456286
   13870   27.74000000  0.57195752E-06 -0.25229924E-11 -0.33609322E-11    31.99999997     -865.00456286
   13880   27.76000000  0.63403207E-06 -0.15830371E-11 -0.22611712E-11    31.99999997     -865.00456286
   13890   27.78000000  0.71301981E-06 -0.15169475E-11 -0.11149887E-11    31.99999997     -865.00456286
   13900   27.80000000  0.80193956E-06 -0.11900611E-11  0.23263144E-12    31.99999997     -865.00456286
   13910   27.82000000  0.89314087E-06 -0.71649649E-12  0.29884677E-13    31.99999997     -865.00456286
   13920   27.84000000  0.97895389E-06 -0.22504978E-12  0.78636930E-12    31.99999997     -865.00456286
   13930   27.86000000  0.10522759E-05  0.53506500E-13  0.12547005E-11    31.99999997     -865.00456286
   13940   27.88000000  0.11070644E-05  0.58395011E-12  0.14094186E-11    31.99999997     -865.00456286
   13950   27.90000000  0.11386920E-05  0.16101136E-11  0.18788136E-11    31.99999997     -865.00456286
   13960   27.92000000  0.11441742E-05  0.23069567E-11  0.24970274E-11    31.99999997     -865.00456286
   13970   27.94000000  0.11222737E-05  0.26982716E-11  0.34265828E-11    31.99999997     -865.00456286
   13980   27.96000000  0.10735284E-05  0.23394664E-11  0.40852220E-11    31.99999997     -865.00456286
   13990   27.98000000  0.10002108E-05  0.27036193E-11  0.58342461E-11    31.99999997     -865.00456286
   14000   28.00000000  0.90625451E-06  0.32511958E-11  0.60735006E-11    31.99999997     -865.00456286
   14010   28.02000000  0.79712621E-06  0.33792422E-11  0.70548858E-11    31.99999997     -865.00456286
   14020   28.04000000  0.67964432E-06  0.47472669E-11  0.74532361E-11    31.99999997     -865.00456286
   14030   28.06000000  0.56168110E-06  0.50734229E-11  0.83140317E-11    31.99999997     -865.00456286
   14040   28.08000000  0.45174503E-06  0.64196345E-11  0.80330009E-11    31.99999997     -865.00456286
   14050   28.10000000  0.35840233E-06  0.75657693E-11  0.82250812E-11    31.99999997     -865.00456286
   14060   28.12000000  0.28956857E-06  0.76559337E-11  0.86431037E-11    31.99999997     -865.00456286
   14070   28.14000000  0.25170897E-06  0.79110001E-11  0.83340641E-11    31.99999997     -865.00456286
   14080   28.16000000  0.24905837E-06  0.86566665E-11  0.84197030E-11    31.99999997     -865.00456286
   14090   28.18000000  0.28297020E-06  0.85350584E-11  0.90815773E-11    31.99999997     -865.00456286
   14100   28.20000000  0.35152666E-06  0.91694564E-11  0.80339240E-11    31.99999997     -865.00456286
   14110   28.22000000  0.44950668E-06  0.93313819E-11  0.85214943E-11    31.99999997     -865.00456286
   14120   28.24000000  0.56878761E-06  0.10281790E-10  0.78655065E-11    31.99999997     -865.00456286
   14130   28.26000000  0.69913046E-06  0.97718686E-11  0.69289166E-11    31.99999997     -865.00456286
   14140   28.28000000  0.82926266E-06  0.10521286E-10  0.67853961E-11    31.99999997     -865.00456286
   14150   28.30000000  0.94808991E-06  0.98112846E-11  0.65929041E-11    31.99999997     -865.00456286
   14160   28.32000000  0.10458365E-05  0.99739665E-11  0.63851683E-11    31.99999997     -865.00456286
   14170   28.34000000  0.11149189E-05  0.93140537E-11  0.61001118E-11    31.99999997     -865.00456286
   14180   28.36000000  0.11504434E-05  0.91321873E-11  0.62852612E-11    31.99999997     -865.00456286
   14190   28.38000000  0.11502962E-05  0.80063819E-11  0.53517776E-11    31.99999997     -865.00456285
   14200   28.40000000  0.11148708E-05  0.76666517E-11  0.44719487E-11    31.99999997     -865.00456285
   14210   28.42000000  0.10465812E-05  0.65317445E-11  0.29777325E-11    31.99999997     -865.00456285
   14220   28.44000000  0.94930950E-06  0.56158450E-11  0.20576539E-11    31.99999997     -865.00456285
   14230   28.46000000  0.82793838E-06  0.54396291E-11  0.13414843E-11    31.99999997     -865.00456285
   14240   28.48000000  0.68805260E-06  0.42233917E-11  0.79204375E-12    31.99999997     -865.00456285
   14250   28.50000000  0.53583039E-06  0.43861310E-11  0.58531857E-12    31.99999997     -865.00456285
   14260   28.52000000  0.37804500E-06  0.25563154E-11  0.80785578E-12    31.99999997     -865.00456285
   14270   28.54000000  0.22207425E-06  0.14147603E-11  0.52359324E-12    31.99999997     -865.00456285
   14280   28.56000000  0.75786681E-07 -0.14258745E-12 -0.25803341E-12    31.99999997     -865.00456285
   14290   28.58000000 -0.52753106E-07 -0.13956512E-11 -0.16046271E-11    31.99999997     -865.00456285
   14300   28.60000000 -0.15580497E-06 -0.28376302E-11 -0.23645867E-11    31.99999997     -865.00456285
   14310   28.62000000 -0.22662310E-06 -0.39066267E-11 -0.43199554E-11    31.99999997     -865.00456285
   14320   28.64000000 -0.26017941E-06 -0.55862449E-11 -0.55797751E-11    31.99999997     -865.00456285
   14330   28.66000000 -0.25379867E-06 -0.66263130E-11 -0.71334088E-11    31.99999997     -865.00456285
   14340   28.68000000 -0.20756324E-06 -0.80321764E-11 -0.81323563E-11    31.99999997     -865.00456285
   14350   28.70000000 -0.12438616E-06 -0.92610699E-11 -0.84186179E-11    31.99999997     -865.00456285
   14360   28.72000000 -0.97211438E-08 -0.99734152E-11 -0.91199577E-11    31.99999997     -865.00456285
   14370   28.74000000  0.12905130E-06 -0.10544496E-10 -0.88994690E-11    31.99999997     -865.00456285
   14380   28.76000000  0.28347221E-06 -0.10761029E-10 -0.84715276E-11    31.99999997     -865.00456285
   14390   28.78000000  0.44495234E-06 -0.10938000E-10 -0.88488522E-11    31.99999997     -865.00456285
   14400   28.80000000  0.60565198E-06 -0.11223992E-10 -0.77982269E-11    31.99999997     -865.00456285
   14410   28.82000000  0.75917812E-06 -0.10864505E-10 -0.78029007E-11    31.99999997     -865.00456285
   14420   28.84000000  0.90100408E-06 -0.11525800E-10 -0.71934837E-11    31.99999997     -865.00456285
   14430   28.86000000  0.10285835E-05 -0.10717422E-10 -0.68552334E-11    31.99999997     -865.00456285
   14440   28.88000000  0.11411677E-05 -0.11006719E-10 -0.68221530E-11    31.99999997     -865.00456285
   14450   28.90000000  0.12394083E-05 -0.10438928E-10 -0.61562561E-11    31.99999997     -865.00456285
   14460   28.92000000  0.13248240E-05 -0.92087540E-11 -0.54661934E-11    31.99999997     -865.00456285
   14470   28.94000000  0.13992512E-05 -0.79630111E-11 -0.52390236E-11    31.99999997     -865.00456285
   14480   28.96000000  0.14643479E-05 -0.58044531E-11 -0.41771091E-11    31.99999997     -865.00456285
   14490   28.98000000  0.15212344E-05 -0.37292435E-11 -0.38281039E-11    31.99999997     -865.00456285
   14500   29.00000000  0.15702804E-05 -0.18851112E-11 -0.20508126E-11    31.99999997     -865.00456285
   14510   29.02000000  0.16110520E-05 -0.16087693E-12 -0.12632448E-11    31.99999997     -865.00456285
   14520   29.04000000  0.16423964E-05  0.15054121E-11 -0.26723547E-13    31.99999997     -865.00456285
   14530   29.06000000  0.16626217E-05  0.28048504E-11  0.10205028E-11    31.99999997     -865.00456285
   14540   29.08000000  0.16697391E-05  0.42991233E-11  0.22358049E-11    31.99999997     -865.00456285
   14550   29.10000000  0.16617057E-05  0.47720562E-11  0.34395781E-11    31.99999997     -865.00456285
   14560   29.12000000  0.16366746E-05  0.53505856E-11  0.40492594E-11    31.99999997     -865.00456285
   14570   29.14000000  0.15931898E-05  0.56164545E-11  0.52636950E-11    31.99999997     -865.00456285
   14580   29.16000000  0.15303668E-05  0.56110270E-11  0.56488431E-11    31.99999997     -865.00456285
   14590   29.18000000  0.14480245E-05  0.54821958E-11  0.64267504E-11    31.99999997     -865.00456285
   14600   29.20000000  0.13467984E-05  0.51236889E-11  0.67629744E-11    31.99999997     -865.00456285
   14610   29.22000000  0.12282326E-05  0.51559530E-11  0.75798751E-11    31.99999997     -865.00456285
   14620   29.24000000  0.10948416E-05  0.45350025E-11  0.82130338E-11    31.99999997     -865.00456285
   14630   29.26000000  0.95012360E-06  0.43052922E-11  0.91676077E-11    31.99999997     -865.00456285
   14640   29.28000000  0.79850556E-06  0.41831829E-11  0.94604577E-11    31.99999997     -865.00456285
   14650   29.30000000  0.64518718E-06  0.36719748E-11  0.95236784E-11    31.99999997     -865.00456285
   14660   29.32000000  0.49592151E-06  0.47126013E-11  0.91109115E-11    31.99999997     -865.00456285
   14670   29.34000000  0.35671519E-06  0.44963785E-11  0.84813944E-11    31.99999997     -865.00456285
   14680   29.36000000  0.23351033E-06  0.48884153E-11  0.79344788E-11    31.99999997     -865.00456285
   14690   29.38000000  0.13187424E-06  0.53518909E-11  0.62254951E-11    31.99999997     -865.00456285
   14700   29.40000000  0.56734743E-07  0.61341425E-11  0.50774146E-11    31.99999997     -865.00456285
   14710   29.42000000  0.12172963E-07  0.66103534E-11  0.42114391E-11    31.99999997     -865.00456284
   14720   29.44000000  0.12463851E-08  0.76296409E-11  0.31405005E-11    31.99999997     -865.00456284
   14730   29.46000000  0.25840651E-07  0.81226451E-11  0.30728525E-11    31.99999997     -865.00456284
   14740   29.48000000  0.86475217E-07  0.83709614E-11  0.31378431E-11    31.99999997     -865.00456284
   14750   29.50000000  0.18205663E-06  0.93890550E-11  0.31362037E-11    31.99999997     -865.00456284
   14760   29.52000000  0.30960410E-06  0.92893867E-11  0.33388655E-11    31.99999997     -865.00456284
   14770   29.54000000  0.46399768E-06  0.10222451E-10  0.32170736E-11    31.99999997     -865.00456284
   14780   29.56000000  0.63786396E-06  0.11092965E-10  0.28695434E-11    31.99999997     -865.00456284
   14790   29.58000000  0.82171577E-06  0.11581833E-10  0.32463469E-11    31.99999997     -865.00456284
   14800   29.60000000  0.10044202E-05  0.11991627E-10  0.36360301E-11    31.99999997     -865.00456284
   14810   29.62000000  0.11740311E-05  0.11950795E-10  0.42902255E-11    31.99999997     -865.00456284
   14820   29.64000000  0.13189058E-05  0.11597051E-10  0.45812985E-11    31.99999997     -865.00456284
   14830   29.66000000  0.14289716E-05  0.11001427E-10  0.49290941E-11    31.99999997     -865.00456284
   14840   29.68000000  0.14969067E-05  0.10686375E-10  0.54980306E-11    31.99999997     -865.00456284
   14850   29.70000000  0.15190121E-05  0.94421718E-11  0.61918547E-11    31.99999997     -865.00456284
   14860   29.72000000  0.14955818E-05  0.85706576E-11  0.64191746E-11    31.99999997     -865.00456284
   14870   29.74000000  0.14306924E-05  0.74671491E-11  0.71416729E-11    31.99999997     -865.00456284
   14880   29.76000000  0.13314207E-05  0.62411013E-11  0.72812620E-11    31.99999997     -865.00456284
   14890   29.78000000  0.12066691E-05  0.56192070E-11  0.72173889E-11    31.99999997     -865.00456284
   14900   29.80000000  0.10658363E-05  0.42789484E-11  0.69656304E-11    31.99999997     -865.00456284
   14910   29.82000000  0.91758517E-06  0.29250801E-11  0.69653085E-11    31.99999997     -865.00456284
   14920   29.84000000  0.76892520E-06  0.11972437E-11  0.65139727E-11    31.99999997     -865.00456284
   14930   29.86000000  0.62476447E-06 -0.15389888E-12  0.64159379E-11    31.99999997     -865.00456284
   14940   29.88000000  0.48791751E-06 -0.16721636E-11  0.53606800E-11    31.99999997     -865.00456284
   14950   29.90000000  0.35949910E-06 -0.24998452E-11  0.41848602E-11    31.99999997     -865.00456284
   14960   29.92000000  0.23951530E-06 -0.32233398E-11  0.33868523E-11    31.99999997     -865.00456284
   14970   29.94000000  0.12749313E-06 -0.40412703E-11  0.11941498E-11    31.99999997     -865.00456284
   14980   29.96000000  0.23006897E-07 -0.49591017E-11  0.19607905E-12    31.99999997     -865.00456284
   14990   29.98000000 -0.73996171E-07 -0.62952999E-11 -0.27126195E-11    31.99999997     -865.00456284
 projection: already converged, E_kin(new)-E_kin(old)=  0.000000000000000E+000
   15000   30.00000000 -0.16307113E-06 -0.77430515E-11 -0.38345383E-11    31.99999997     -865.00456284
=== application breakdown [s] ===
total calculation time,1359.36791086
rt calculation                         min         max     average   std. dev.  difference    relative
rt initialization              0.20027E-04 0.36240E-04 0.23142E-04 0.36583E-05 0.16212E-04 0.18095E+01
reading lda data               0.15491E+01 0.16074E+01 0.15529E+01 0.14059E-01 0.58232E-01 0.10376E+01
reading rt data                0.23499E-02 0.24631E-02 0.24132E-02 0.30256E-04 0.11325E-03 0.10482E+01
prep. time prop.               0.36597E-03 0.87619E-03 0.61379E-03 0.18159E-03 0.51022E-03 0.23941E+01
rt iterations                  0.13568E+04 0.13568E+04 0.13568E+04 0.24816E-04 0.86784E-04 0.10000E+01
after writing rt data          0.28610E-05 0.96146E+00 0.60094E-01 0.23273E+00 0.96146E+00 0.33606E+06
in rt iterations                       min         max     average   std. dev.  difference    relative
Vbox                           0.42856E+01 0.48370E+01 0.45114E+01 0.21359E+00 0.55139E+00 0.11287E+01
time propagation               0.10866E+04 0.11079E+04 0.10930E+04 0.61064E+01 0.21301E+02 0.10196E+01
calculating rho                0.55875E+02 0.76610E+02 0.70410E+02 0.59907E+01 0.20735E+02 0.13711E+01
Hartree routine                0.45655E+01 0.47403E+01 0.46381E+01 0.46952E-01 0.17477E+00 0.10383E+01
Exc_Cor routine                0.10956E+01 0.11350E+01 0.11179E+01 0.10172E-01 0.39346E-01 0.10359E+01
calculating curr               0.12932E+03 0.12933E+03 0.12933E+03 0.49116E-02 0.17442E-01 0.10001E+01
calc. projection               0.29812E+00 0.43321E+00 0.30745E+00 0.32476E-01 0.13510E+00 0.14532E+01
writing energies               0.69152E+00 0.73917E+00 0.72046E+00 0.11001E-01 0.47646E-01 0.10689E+01
calc_eigen_energy              0.51225E+02 0.51369E+02 0.51351E+02 0.32986E-01 0.14411E+00 0.10028E+01
calc_total_energy_periodic     0.63764E+00 0.79363E+00 0.71728E+00 0.39387E-01 0.15599E+00 0.12446E+01
writing info etc.              0.84267E-02 0.34162E+00 0.30337E-01 0.80375E-01 0.33319E+00 0.40540E+02
total_energy module                    min         max     average   std. dev.  difference    relative
periodic calc.                 0.14228E+00 0.19765E+00 0.16673E+00 0.23854E-01 0.55371E-01 0.13892E+01
periodic comm. coll.           0.43980E+00 0.64209E+00 0.54321E+00 0.54344E-01 0.20229E+00 0.14599E+01
eigen_energy calc.             0.14085E+02 0.14272E+02 0.14178E+02 0.54212E-01 0.18640E+00 0.10132E+01
eigen_energy comm. coll.       0.20566E+01 0.26653E+01 0.24229E+01 0.20734E+00 0.60873E+00 0.12960E+01
eigen_energy hpsi              0.29247E+02 0.29731E+02 0.29441E+02 0.16056E+00 0.48443E+00 0.10166E+01
density_matrix module                  min         max     average   std. dev.  difference    relative
density calc.                  0.40250E+02 0.41629E+02 0.40673E+02 0.35784E+00 0.13795E+01 0.10343E+01
density comm. coll.            0.14079E+02 0.36197E+02 0.29575E+02 0.61717E+01 0.22118E+02 0.25710E+01
current calc.                  0.12411E+03 0.12606E+03 0.12452E+03 0.42816E+00 0.19444E+01 0.10157E+01
current rDivided uVpsi calc.   0.65041E-03 0.22507E-02 0.13614E-02 0.43023E-03 0.16003E-02 0.34604E+01
current comm. coll.            0.32285E+01 0.51639E+01 0.47592E+01 0.42613E+00 0.19355E+01 0.15995E+01
current comm. halo.            0.68927E-03 0.13616E-02 0.10003E-02 0.17125E-03 0.67234E-03 0.19754E+01
conjugate_gradient module              min         max     average   std. dev.  difference    relative
subspace_diag module                   min         max     average   std. dev.  difference    relative
subspace_diag so module                min         max     average   std. dev.  difference    relative
force module                           min         max     average   std. dev.  difference    relative
init_ps                                min         max     average   std. dev.  difference    relative
hamiltonian module                     min         max     average   std. dev.  difference    relative
total                          0.76254E+03 0.77995E+03 0.76885E+03 0.47504E+01 0.17406E+02 0.10228E+01
update overlap (comm.)         0.26090E-02 0.44665E-02 0.31988E-02 0.46330E-03 0.18575E-02 0.17120E+01
stencil                        0.39410E+03 0.40464E+03 0.39725E+03 0.28688E+01 0.10544E+02 0.10268E+01
subtraction                    0.10891E+02 0.11273E+02 0.11054E+02 0.10060E+00 0.38187E+00 0.10351E+01
pseudo-pt                      0.35715E+03 0.36453E+03 0.36044E+03 0.20777E+01 0.73874E+01 0.10207E+01
hpsi-overlapped                        min         max     average   std. dev.  difference    relative
checkpoint/restart                     min         max     average   std. dev.  difference    relative
restart self                   0.93931E+00 0.93978E+00 0.93954E+00 0.13429E-03 0.47207E-03 0.10005E+01
restart sync                   0.93937E+00 0.93982E+00 0.93963E+00 0.14187E-03 0.44799E-03 0.10005E+01
=== performance [GFLOPS] ===
end SALMON
