# Fourier-transform spectra: 
# sigma: Conductivity
# eps: Dielectric constant
# 1:Energy[eV] 2:Re(sigma_x)[1/fs*V*Angstrom] 3:Re(sigma_y)[1/fs*V*Angstrom] 4:Re(sigma_z)[1/fs*V*Angstrom] 5:Im(sigma_x)[1/fs*V*Angstrom] 6:Im(sigma_y)[1/fs*V*Angstrom] 7:Im(sigma_z)[1/fs*V*Angstrom] 8:Re(eps_x)[none] 9:Re(eps_y)[none] 10:Re(eps_z)[none] 11:Im(eps_x)[none] 12:Im(eps_y)[none] 13:Im(eps_z)[none]
      0.01000000  0.210288872566536E-003 -0.121647746228841E-004  0.108498496269105E-001  0.158092849441539E-004  0.206454307108920E-004  0.253695973068422E-002  0.644173324769184E+000  0.535324020376934E+000 -0.561004918535326E+002  0.473306608285641E+001 -0.273798044901057E+000  0.244202437563472E+003
      0.02000000  0.217398244409111E-003 -0.243106728716043E-004  0.903429443196520E-002  0.366753510205061E-004  0.367156856591125E-004  0.446215651384366E-002  0.587265702950860E+000  0.586811788039380E+000 -0.492158801707113E+002  0.244653995365287E+001 -0.273585615386286E+000  0.101669460767459E+003
      0.03000000  0.223971900787200E-003 -0.405356887763146E-004  0.651769099060631E-002  0.653706855739835E-004  0.450688772880026E-004  0.535136727541112E-002  0.509557541923041E+000  0.661871513724896E+000 -0.391485420809133E+002  0.168034538107950E+001 -0.304118316470746E+000  0.488988659420024E+002
      0.04000000  0.224571664053499E-003 -0.561446624342176E-004  0.387851647973458E-002  0.101156600211014E-003  0.449787051740998E-004  0.508331581840900E-002  0.430805743936438E+000  0.746911021358284E+000 -0.276031179335781E+002  0.126363382109761E+001 -0.315918282143934E+000  0.218238780040812E+002
      0.05000000  0.215309628554658E-003 -0.667938315959636E-004  0.163440072238173E-002  0.140146041639566E-003  0.383600868012069E-004  0.384260725910099E-002  0.369134021943136E+000  0.827322460234529E+000 -0.162974574125735E+002  0.969214098479727E+000 -0.300671752159260E+000  0.735723819381206E+001
      0.06000000  0.195352258202928E-003 -0.698519050169792E-004  0.966559257536318E-004  0.177010867159198E-003  0.291732253209023E-004  0.201807800288986E-002  0.335989487997341E+000  0.890564186295527E+000 -0.657029796794915E+001  0.732813499374247E+000 -0.262031365413122E+000  0.362579720543587E+000
      0.07000000  0.166973029868335E-003 -0.652315391910894E-004 -0.683599061988763E-003  0.207157771366630E-003  0.221970518192969E-004  0.463208005998900E-004  0.333915288262550E+000  0.928628712478709E+000  0.851062420147296E+000  0.536876708675069E+000 -0.209742220586980E+000 -0.219801015016193E+001
      0.08000000  0.134257026048434E-003 -0.554426519433174E-004 -0.870249943694530E-003  0.228327259788146E-003  0.215524849535236E-004 -0.173301133651546E-002  0.357616979499898E+000  0.939363567904360E+000  0.587570804267812E+001  0.377722896496791E+000 -0.155984082903329E+000 -0.244838828241200E+001
      0.09000000  0.101205173054715E-003 -0.448590289696967E-004 -0.731784645337377E-003  0.240927348522506E-003  0.294240127720608E-004 -0.315724716971195E-002  0.397482220101990E+000  0.926415614666275E+000  0.889573108636280E+001  0.253096697228727E+000 -0.112184700943892E+000 -0.183006729030989E+001
      0.10000000  0.702170521112152E-004 -0.384246186314374E-004 -0.520871529036921E-003  0.247090610439306E-003  0.453605636639216E-004 -0.423808457989438E-002  0.443862067740872E+000  0.897904942493319E+000  0.105388472706886E+002  0.158040672209415E+000 -0.864840145707692E-001 -0.117234893959031E+001
      0.11000000  0.416562725075003E-004 -0.401880954354373E-004 -0.393198466811772E-003  0.249078452424981E-003  0.663595685731775E-004 -0.509582713104972E-002  0.490352675019785E+000  0.864219581096253E+000  0.114267335878173E+002  0.852342209669405E-001 -0.822301372732714E-001 -0.804535859469003E+000
      0.12000000  0.145931858805510E-004 -0.521009281686339E-004 -0.388251369964785E-003  0.247930635407380E-003  0.877056809117985E-004 -0.587252266138028E-002  0.534976154853992E+000  0.835497404700560E+000  0.120146253778400E+002  0.273712822941534E-001 -0.977215821386664E-001 -0.728212326998518E+000
      0.13000000 -0.117914936404203E-004 -0.734351613349149E-004 -0.463024484926476E-003  0.243056967283139E-003  0.104313437773976E-003 -0.666558635494796E-002  0.579185207322269E+000  0.819397739628580E+000  0.125404111693922E+002 -0.204151109392965E-001 -0.127141396265384E+000 -0.801653846038772E+000
      0.14000000 -0.369618867590005E-004 -0.100994553249794E-003 -0.548617040465127E-003  0.232928758799677E-003  0.112172529796545E-003 -0.750425935144671E-002  0.625526273678003E+000  0.819663035855511E+000  0.130644096379689E+002 -0.594226987593162E-001 -0.162366411466613E+000 -0.881997862889086E+000
      0.15000000 -0.586269465133577E-004 -0.130055594532362E-003 -0.597246742327104E-003  0.216448776478399E-003  0.109459098027424E-003 -0.836598067239756E-002  0.675219346250624E+000  0.835756995282847E+000  0.135531255766053E+002 -0.879695340658959E-001 -0.195147977748904E+000 -0.896166707793980E+000
      0.16000000 -0.734038077415399E-004 -0.155749537053444E-003 -0.600757137769261E-003  0.194253535612600E-003  0.969720175473410E-004 -0.921189356818579E-002  0.726740527904052E+000  0.863587953549986E+000  0.139585140651784E+002 -0.103258278877806E+000 -0.219095298009350E+000 -0.845094416464525E+000
      0.17000000 -0.782235050769668E-004 -0.174451937658526E-003 -0.581055017258769E-003  0.169269193061755E-003  0.777589529585421E-004 -0.100174635619104E-001  0.775893074306608E+000  0.897049666407293E+000  0.142627970955486E+002 -0.103565385541625E+000 -0.230968711569648E+000 -0.769298011180778E+000
      0.18000000 -0.718168740198277E-004 -0.184734624490135E-003 -0.566986887059046E-003  0.146230576727794E-003  0.560561901470693E-004 -0.107838545274838E-001  0.817151263682700E+000  0.929906564273259E+000  0.144842809014595E+002 -0.898008128985811E-001 -0.230994730363064E+000 -0.708968248140139E+000
      0.19000000 -0.556169973776480E-004 -0.187571452659327E-003 -0.574919192186038E-003  0.130360895912198E-003  0.358969363897985E-004 -0.115302242190607E-001  0.845574146237795E+000  0.957476396501786E+000  0.146587333696860E+002 -0.658840386423732E-001 -0.222197626946681E+000 -0.681050758943880E+000
      0.20000000 -0.337107598427043E-004 -0.185738720402201E-003 -0.603015578088765E-003  0.125756912734976E-003  0.198623250505066E-004 -0.122775612173944E-001  0.858476634762897E+000  0.977647486556029E+000  0.148168291714666E+002 -0.379371604620540E-001 -0.209025239205335E+000 -0.678617119691614E+000
      0.21000000 -0.118879119567263E-004 -0.182632691723697E-003 -0.638365802175521E-003  0.134093688153928E-003  0.840584817642702E-005 -0.130363681578095E-001  0.856280626064880E+000  0.990990752406459E+000  0.149721615224529E+002 -0.127412653595992E-001 -0.195742666757628E+000 -0.684189798142779E+000
      0.22000000  0.383190779070822E-005 -0.180938023958405E-003 -0.668711129507904E-003  0.154071582451064E-003 -0.200944384500217E-007 -0.138046318072771E-001  0.842374623161545E+000  0.100002055793406E+001  0.151230475868533E+002  0.392029406014854E-002 -0.185111516070185E+000 -0.684135530432620E+000
      0.23000000  0.868941654856564E-005 -0.181637319932970E-003 -0.689988652269583E-003  0.181710031573993E-003 -0.810020650913241E-005 -0.145743739371576E-001  0.822181335843044E+000  0.100792673848754E+001  0.152622599422862E+002  0.850333044128112E-002 -0.177747509654569E+000 -0.675212366467915E+000
      0.24000000  0.272479945018024E-006 -0.183723946738212E-003 -0.705930673559137E-003  0.211307806402248E-003 -0.183949635222547E-004 -0.153400698401556E-001  0.801833346490071E+000  0.101725098766916E+001  0.153860766745430E+002  0.255534519865314E-003 -0.172298223689102E+000 -0.662029110855110E+000
      0.25000000 -0.210213178501754E-004 -0.184711246020496E-003 -0.722127802856095E-003  0.236738956285183E-003 -0.321703535518556E-004 -0.161026968538232E-001  0.786864400230269E+000  0.102896290372599E+001  0.154972251534108E+002 -0.189254496102030E-001 -0.166295158272845E+000 -0.650130188910378E+000
      0.26000000 -0.521644088807051E-004 -0.181725056499297E-003 -0.740143011182111E-003  0.252745993427129E-003 -0.487660663839226E-004 -0.168676054816041E-001  0.781205093577372E+000  0.104221537515350E+001  0.156017988767265E+002 -0.451572220983050E-001 -0.157314132628868E+000 -0.640720427157403E+000
      0.27000000 -0.882031987367568E-004 -0.172745813262453E-003 -0.756030748421510E-003  0.255969504197546E-003 -0.657334000863522E-004 -0.176390931249734E-001  0.786621460319198E+000  0.105479596861607E+001  0.157041107263925E+002 -0.735270000253613E-001 -0.144002503288311E+000 -0.630234205272613E+000
      0.28000000 -0.123303695105571E-003 -0.157520606198196E-003 -0.763655671043108E-003  0.245549113660195E-003 -0.796707912168665E-004 -0.184163666496540E-001  0.802618422771751E+000  0.106404236690168E+001  0.158037654949666E+002 -0.991161297844834E-001 -0.126620964881087E+000 -0.613855039274856E+000
      0.29000000 -0.151930476827126E-003 -0.137810438406173E-003 -0.759669668091613E-003  0.223212260107117E-003 -0.874190835955569E-004 -0.191938222747019E-001  0.826760738988165E+000  0.106784760583114E+001  0.158966888524231E+002 -0.117916119473349E+000 -0.106957290328701E+000 -0.589594011772210E+000
      0.30000000 -0.169936188672347E-003 -0.116908614783507E-003 -0.746220505476890E-003  0.192842830173573E-003 -0.871578694873559E-004 -0.199650379169453E-001  0.855319994241447E+000  0.106539004352915E+001  0.159787357828832E+002 -0.127494336883420E+000 -0.877104896504477E-001 -0.559850666640660E+000
      0.31000000 -0.175340050364398E-003 -0.986461110212164E-004 -0.729548965182556E-003  0.159611771783545E-003 -0.790113043786911E-004 -0.207272502530057E-001  0.884114392918846E+000  0.105736590022079E+001  0.160489525418588E+002 -0.127305072521055E+000 -0.716216876371213E-001 -0.529686650181801E+000
      0.32000000 -0.168618738174142E-003 -0.862734868003268E-004 -0.715757041392730E-003  0.128854432827368E-003 -0.649874369662047E-004 -0.214830512227516E-001  0.909369231863429E+000  0.104570941955381E+001  0.161102712690047E+002 -0.118599301767257E+000 -0.606811283629601E-001 -0.503433285430632E+000
      0.33000000 -0.152439835008734E-003 -0.816136192924994E-004 -0.706920024478071E-003  0.104959217561452E-003 -0.483386055055909E-004 -0.222382865224583E-001  0.928413204833764E+000  0.103296905151684E+001  0.161674878978515E+002 -0.103970661152803E+000 -0.556640720348991E-001 -0.482150497754930E+000
      0.34000000 -0.130917773867600E-003 -0.847305026902197E-004 -0.700219592162275E-003  0.905416961464392E-004 -0.326283875532586E-004 -0.229978677825198E-001  0.940062864354056E+000  0.102159946382631E+001  0.162242157979783E+002 -0.866654448142443E-001 -0.560902197466998E-001 -0.463534023147723E+000
      0.35000000 -0.108608906298687E-003 -0.941374034180128E-004 -0.690489846336253E-003  0.860948623047071E-004 -0.208493320819603E-004 -0.237625104679638E-001  0.944634979260504E+000  0.101340757940976E+001  0.162809569544939E+002 -0.698431263928280E-001 -0.605369374325097E-001 -0.444033286533615E+000
      0.36000000 -0.895244170946818E-004 -0.107376020440154E-003 -0.674222802773320E-003  0.901555558032916E-004 -0.148519312542518E-004 -0.245285500234710E-001  0.943634122837039E+000  0.100928553016229E+001  0.163354191573632E+002 -0.559712848762708E-001 -0.671322307810165E-001 -0.421528760407254E+000
      0.37000000 -0.763999303278417E-004 -0.121711668870130E-003 -0.652251715857008E-003  0.998739206790098E-004 -0.151800208976235E-004 -0.252907617112969E-001  0.939245751890441E+000  0.100923414991273E+001  0.163846089293539E+002 -0.464747983370825E-001 -0.740383563405910E-001 -0.396770871771642E+000
      0.38000000 -0.703451781299692E-004 -0.134721646257578E-003 -0.629419653477527E-003  0.111783128797718E-003 -0.212488387715622E-004 -0.260461284156947E-001  0.933790708555636E+000  0.101258571462628E+001  0.164271554734587E+002 -0.416655397876813E-001 -0.797958049382723E-001 -0.372806073028391E+000
      0.39000000 -0.708698805895231E-004 -0.144659794327584E-003 -0.611641622741747E-003  0.122567229795758E-003 -0.317162964745879E-004 -0.267960432743277E-001  0.929264726191395E+000  0.101830392119544E+001  0.164643738065653E+002 -0.409000057897737E-001 -0.834852038176052E-001 -0.352986991135163E+000
      0.40000000 -0.762026457991549E-004 -0.150589177783510E-003 -0.602413393775776E-003  0.129689156764964E-003 -0.449005073980228E-004 -0.275456451329023E-001  0.927025697828557E+000  0.102526489705267E+001  0.164995551021950E+002 -0.428781791749090E-001 -0.847344561214066E-001 -0.338969719027383E+000
      0.41000000 -0.838055372497552E-004 -0.152334098703066E-003 -0.600997841437690E-003  0.131810944023224E-003 -0.591515217016231E-004 -0.283009139113255E-001  0.927640777915961E+000  0.103247194781233E+001  0.165361311616891E+002 -0.460060697286166E-001 -0.836256576470988E-001 -0.329925080219102E+000
      0.42000000 -0.910057759783731E-004 -0.150305401828945E-003 -0.603273599672217E-003  0.128969363215558E-003 -0.731374049291915E-004 -0.290654973906438E-001  0.930886395947011E+000  0.103919372415052E+001  0.165759571744386E+002 -0.487692348840376E-001 -0.805474088576252E-001 -0.323289280987450E+000
      0.43000000 -0.956659098479540E-004 -0.145233736606152E-003 -0.604501759047596E-003  0.122464287537586E-003 -0.860197058456364E-004 -0.298392226259966E-001  0.935898634630098E+000  0.104502521269093E+001  0.166187158751550E+002 -0.500743160631680E-001 -0.760195564063501E-001 -0.316413779907595E+000
      0.44000000 -0.967688961868243E-004 -0.137847993685329E-003 -0.602180303767909E-003  0.114420382133402E-003 -0.974795795684274E-004 -0.306190367156397E-001  0.941470206364935E+000  0.104986401521646E+001  0.166626456480582E+002 -0.495004772620356E-001 -0.705137884787293E-001 -0.308035056809583E+000
      0.45000000 -0.947334101158894E-004 -0.128575917893305E-003 -0.597291804855960E-003  0.107047109665645E-003 -0.107555056899805E-003 -0.314016087704792E-001  0.946458725208427E+000  0.105379533249130E+001  0.167060024257459E+002 -0.473823866781660E-001 -0.643092426596692E-001 -0.298744774655145E+000
      0.46000000 -0.912671142920693E-004 -0.117391165077076E-003 -0.593358294406146E-003  0.101755964459100E-003 -0.116300646463029E-003 -0.321859521789473E-001  0.950211582945128E+000  0.105690501898962E+001  0.167483408359586E+002 -0.446563026936338E-001 -0.574386014272806E-001 -0.290325686380134E+000
      0.47000000 -0.886730408704577E-004 -0.103929216644742E-003 -0.594003861970620E-003  0.984388426442339E-004 -0.123380128584002E-003 -0.329746060277777E-001  0.952859420546418E+000  0.105908450971460E+001  0.167909418035408E+002 -0.424639137992685E-001 -0.497698201562198E-001 -0.284457694735001E+000
      0.48000000 -0.887448338579422E-004 -0.879037943345713E-004 -0.600428100676634E-003  0.952661215606939E-004 -0.127797605388106E-003 -0.337728663143601E-001  0.955329221328872E+000  0.105992496022162E+001  0.168362722393103E+002 -0.416129130327670E-001 -0.412185452366745E-001 -0.281543851621625E+000
      0.49000000 -0.916341888510917E-004 -0.696929362931087E-004 -0.610036219008556E-003  0.892450544917786E-004 -0.127982412198119E-003 -0.345866074899206E-001  0.959006560898013E+000  0.105878689021421E+001  0.168868633781047E+002 -0.420908537926129E-001 -0.320124533066806E-001 -0.280211410439976E+000
      0.50000000 -0.952110010845555E-004 -0.508102711230544E-004 -0.616728418075148E-003  0.774887382047322E-004 -0.122322102180594E-003 -0.354198014189220E-001  0.965118523474502E+000  0.105506316962458E+001  0.169441875084823E+002 -0.428591350981286E-001 -0.228721917596640E-001 -0.277619668820241E+000
      0.51000000 -0.953492811238644E-004 -0.339374014898160E-004 -0.612553372768448E-003  0.587888481365318E-004 -0.110011420014861E-003 -0.362727594488043E-001  0.974055156793697E+000  0.104855051823025E+001  0.170079859767546E+002 -0.420797859969480E-001 -0.149773398934052E-001 -0.270333604343805E+000
      0.52000000 -0.872434459556519E-004 -0.223316838375032E-004 -0.589981905660351E-003  0.348341288415041E-004 -0.918597904259393E-004 -0.371416327300352E-001  0.984922550389729E+000  0.103976018368821E+001  0.170762193444911E+002 -0.377620656514146E-001 -0.966594684495950E-002 -0.255365147612553E+000
      0.53000000 -0.674011359584305E-004 -0.187098473547927E-004 -0.544029626769169E-003  0.104259080703218E-004 -0.706109511989957E-004 -0.380191806981822E-001  0.995572441611644E+000  0.102998627142904E+001  0.171455617374771E+002 -0.286231628827541E-001 -0.794548935611391E-002 -0.231032435857783E+000
      0.54000000 -0.355705862231416E-004 -0.240144806261035E-004 -0.473666248276161E-003 -0.763889001278976E-005 -0.504625808223105E-004 -0.388964874339277E-001  0.100318392458668E+001  0.102103303641218E+001  0.172122353469084E+002 -0.148259843837224E-001 -0.100093462759459E-001 -0.197426276755315E+000
      0.55000000  0.425846147841595E-005 -0.366306637993838E-004 -0.382182422628038E-003 -0.128147030081248E-004 -0.358059499239830E-004 -0.397651634138485E-001  0.100524411408929E+001  0.101465273805861E+001  0.172729525287804E+002  0.174267463112623E-002 -0.149902327044756E-001 -0.156399116383222E+000
      0.56000000  0.443935089004114E-004 -0.525192318708350E-004 -0.276380078968385E-003 -0.145024713736192E-005 -0.295938817042955E-004 -0.406194918130937E-001  0.100058288149176E+001  0.101189433543463E+001  0.173257346784267E+002  0.178425828439061E-001 -0.211084631236483E-001 -0.111082331123256E+000
      0.57000000  0.755768807070238E-004 -0.663823250824825E-004 -0.164688607341162E-003  0.251980835048273E-004 -0.319949248913780E-004 -0.414579102012515E-001  0.990050095081107E+000  0.101263375686867E+001  0.173703824760895E+002  0.298428559837640E-001 -0.262122245423635E-001 -0.650301831072024E-001
      0.58000000  0.901257654202782E-004 -0.735221428437669E-004 -0.546527837785609E-004  0.605022184258575E-004 -0.399574689015505E-004 -0.422832551963548E-001  0.976521541413894E+000  0.101550587405254E+001  0.174084174405924E+002  0.349741564196392E-001 -0.285309635056526E-001 -0.212085300993187E-001
      0.59000000  0.849892527190710E-004 -0.717097202061471E-004  0.494011721996301E-004  0.939664408240347E-004 -0.479781551641075E-004 -0.431014869639368E-001  0.964153476639556E+000  0.101830281156548E+001  0.174424495146725E+002  0.324218860080698E-001 -0.273559809012485E-001  0.188456672164860E-001
      0.60000000  0.635337427918214E-004 -0.623200972820065E-004  0.147574133774736E-003  0.114390140212541E-003 -0.498823001003522E-004 -0.439191710850118E-001  0.957089495809163E+000  0.101871205545799E+001  0.174751417508524E+002  0.238330413028827E-001 -0.233777735618139E-001  0.553586215912842E-001
      0.61000000  0.352275889944733E-004 -0.502522647883804E-004  0.243821146938314E-003  0.113700438657695E-003 -0.410015668342133E-004 -0.447406161154062E-001  0.958047429035211E+000  0.101512853567310E+001  0.175081497903519E+002  0.129980846569850E-001 -0.185418080138005E-001  0.899638039255138E-001
      0.62000000  0.131134242054766E-004 -0.426192236832565E-004  0.343651836743775E-003  0.901094499108820E-004 -0.199677823801592E-004 -0.455658897630823E-001  0.967288163679955E+000  0.100724877168310E+001  0.175414829319378E+002  0.476047946834778E-002 -0.154717742766478E-001  0.124753648432689E+000
      0.63000000  0.977877659552690E-005 -0.466534110848822E-004  0.450986807413446E-003  0.493829544979357E-004  0.105030190061631E-004 -0.463906929976329E-001  0.982357391559045E+000  0.996247679919973E+000  0.175735898182440E+002  0.349357644273123E-002 -0.166674487699981E-001  0.161120041036922E+000
      0.64000000  0.331507234672019E-004 -0.675298010701285E-004  0.565548833334477E-003  0.361286006809845E-005  0.440738276573765E-004 -0.472082861104030E-001  0.998729433377040E+000  0.984500165156683E+000  0.176021577167196E+002  0.116584096728003E-001 -0.237488055661041E-001  0.198891586650012E+000
      0.65000000  0.835961193171197E-004 -0.106779588336953E-003  0.682009716821082E-003 -0.322352312823009E-004  0.722989192962241E-004 -0.480126953020337E-001  0.101116204346710E+001  0.974965165512805E+000  0.176252814270393E+002  0.289466983911775E-001 -0.369744021992046E-001  0.236158445319474E+000
      0.66000000  0.153414155512891E-003 -0.161708382807317E-003  0.791327550194372E-003 -0.448962961987484E-004  0.866839571041143E-004 -0.488017930905367E-001  0.101531062270839E+001  0.970438867468796E+000  0.176424828942339E+002  0.523175952596652E-001 -0.551461088680132E-001  0.269860068326047E+000
      0.67000000  0.228980402451845E-003 -0.225891071929418E-003  0.883684144051637E-003 -0.269392501380879E-004  0.807085208388487E-004 -0.495788996561032E-001  0.100904975820365E+001  0.972887419107008E+000  0.176551426483903E+002  0.769218617793959E-001 -0.758840565659694E-001  0.296857848346559E+000
      0.68000000  0.294838035320491E-003 -0.290535038080683E-003  0.951708954298901E-003  0.209903577065581E-004  0.513281277914452E-004 -0.503522795543180E-001  0.993052361670583E+000  0.983010805580048E+000  0.176661965601377E+002  0.975890008069107E-001 -0.961647435849708E-001  0.315007952783508E+000
      0.69000000  0.338304099721653E-003 -0.346351091957173E-003  0.992632707787680E-003  0.905972023708207E-004 -0.340002699040473E-006 -0.511329176306688E-001  0.970447653398859E+000  0.100011090715104E+001  0.176792976494361E+002  0.110353076584419E+000 -0.112977964521547E+000  0.323791740368559E+000
      0.70000000  0.352965634498920E-003 -0.385524734569272E-003  0.100864879678665E-002  0.168824955705029E-003 -0.692625806977977E-004 -0.519317068803057E-001  0.945716870184004E+000  0.102227034293424E+001  0.176978606591509E+002  0.113490800445207E+000 -0.123959690239550E+000  0.324315877034090E+000
      0.71000000  0.339877741636484E-003 -0.403377823638164E-003  0.100569741190873E-002  0.242082960888828E-003 -0.147633122694600E-003 -0.527572881943225E-001  0.923258170344698E+000  0.104680063359979E+001  0.177243940210383E+002  0.107743393655342E+000 -0.127873321256106E+000  0.318812440107757E+000
      0.72000000  0.306179495923711E-003 -0.399322927350509E-003  0.991601962778932E-003  0.300215015904172E-003 -0.226724558351453E-003 -0.536152387952420E-001  0.906151747620232E+000  0.107087488115401E+001  0.177603090961429E+002  0.957127694643045E-001 -0.124829728300400E+000  0.309978203398243E+000
      0.73000000  0.261846229454950E-003 -0.376776993688278E-003  0.974609817525600E-003  0.338786283878616E-003 -0.299071441155026E-003 -0.545084651525845E-001  0.895544999730612E+000  0.109221007151992E+001  0.178061164608339E+002  0.807327488442677E-001 -0.116168342255879E+000  0.300492887689220E+000
      0.74000000  0.215979476429790E-003 -0.341891057665266E-003  0.962905108541865E-003  0.359006314434803E-003 -0.360400558161969E-003 -0.554380131125597E-001  0.890806536121824E+000  0.110961752968409E+001  0.178617331754020E+002  0.656911764771939E-001 -0.103987777803344E+000  0.292872130545135E+000
      0.75000000  0.174115447441527E-003 -0.301300574077002E-003  0.964898908922420E-003  0.365595612599517E-003 -0.410631366027820E-003 -0.564034144906683E-001  0.890285005071558E+000  0.112323019393166E+001  0.179266263640020E+002  0.522519274703018E-001 -0.904200975546349E-001  0.289565506944002E+000
      0.76000000  0.137493373143553E-003 -0.259528714659153E-003  0.989528738202052E-003  0.363709930283032E-003 -0.453409781178891E-003 -0.574021631495897E-001  0.892287069460655E+000  0.113427759926152E+001  0.179996876558428E+002  0.407187511748912E-001 -0.768595963087760E-001  0.293049574317921E+000
      0.77000000  0.104326522825011E-003 -0.216993674899249E-003  0.104575109458585E-002  0.356320270355051E-003 -0.494077693047549E-003 -0.584286465473378E-001  0.895845969782568E+000  0.114442114932209E+001  0.180789582416717E+002  0.304951155317896E-001 -0.634282348010338E-001  0.305677785316216E+000
      0.78000000  0.722732593410742E-004 -0.169564876120885E-003  0.114091088295437E-002  0.343114372616940E-003 -0.536614974168139E-003 -0.594734049752990E-001  0.900991932610494E+000  0.115484402801153E+001  0.181614696369820E+002  0.208549577119842E-001 -0.489291385663187E-001  0.329217866111010E+000
      0.79000000  0.408797058373734E-004 -0.110169927663584E-003  0.127843070918231E-002  0.321227717417726E-003 -0.580665641336218E-003 -0.605236191132392E-001  0.908480804052646E+000  0.116543420672581E+001  0.182434464920862E+002  0.116468088086421E-001 -0.313878991464419E-001  0.364230557435433E+000
      0.80000000  0.129095729015158E-004 -0.321667463471826E-004  0.145584715092463E-002  0.287299789109670E-003 -0.619971432281675E-003 -0.615651984221801E-001  0.919170182969588E+000  0.117442469272500E+001  0.183209445761419E+002  0.363201942752546E-002 -0.904989255217986E-002  0.409592569483456E+000
      0.81000000 -0.593308561354835E-005  0.666389491882210E-004  0.166428931909004E-002  0.239847753132848E-003 -0.643191972757708E-003 -0.625860261626387E-001  0.933353566902887E+000  0.117872358703003E+001  0.183907628942936E+002 -0.164862496411953E-002  0.185169475666287E-001  0.462455642423872E+000
      0.82000000 -0.866065476610948E-005  0.180945205509011E-003  0.188997872132894E-002  0.180937340194900E-003 -0.637238169859325E-003 -0.635792394688389E-001  0.950336122393027E+000  0.117490982480617E+001  0.184512986867366E+002 -0.237718592434817E-002  0.496660364869312E-001  0.518763411658188E+000
      0.83000000  0.107084849699869E-004  0.297354386171433E-003  0.211746646325079E-002  0.116542805038877E-003 -0.592189799951968E-003 -0.645452488662282E-001  0.968396611502072E+000  0.116058652703742E+001  0.185029987903106E+002  0.290386361146727E-002  0.806348035350951E-001  0.574202030293722E+000
      0.84000000  0.551020449390648E-004  0.396905659490328E-003  0.233353653306806E-002  0.555728492507724E-004 -0.506057497139922E-003 -0.654916438163586E-001  0.985109487232271E+000  0.113559599199896E+001  0.185482123298457E+002  0.147643627194754E-001  0.106349213148227E+000  0.625261364282659E+000
      0.85000000  0.123224135395559E-003  0.460232822659356E-003  0.253038620631960E-002  0.801265382161829E-005 -0.387473164375327E-003 -0.664309920126078E-001  0.997878301205166E+000  0.110260038236865E+001  0.185904960866403E+002  0.326289523276098E-001  0.121866668262252E+000  0.670029865751603E+000
      0.86000000  0.209486283460090E-003  0.473732817277583E-003  0.270701291515312E-002 -0.171772643777765E-004 -0.254992740943156E-003 -0.673774078590733E-001  0.100449553956535E+001  0.106673530374663E+001  0.186336462069637E+002  0.548256029005054E-001  0.123982758641792E+000  0.708464595778651E+000
      0.87000000  0.304893785905918E-003  0.434578587175359E-003  0.286854177391146E-002 -0.138517370224468E-004 -0.132881628005150E-003 -0.683432157781289E-001  0.100358353178323E+001  0.103437731575409E+001  0.186808212220567E+002  0.788779465370681E-001  0.112428223040105E+000  0.742109859699645E+000
      0.88000000  0.398552473026207E-003  0.352677303571129E-003  0.302412121583063E-002  0.201631828162537E-004 -0.445730566972182E-004 -0.693368454000866E-001  0.994842933980567E+000  0.101140029320620E+001  0.187340399363550E+002  0.101936357683947E+000  0.902030276988717E-001  0.773468797209685E+000
      0.89000000  0.479444973954520E-003  0.248690238909431E-003  0.318454461940091E-002  0.826580515832427E-004 -0.591659172455151E-005 -0.703623698485178E-001  0.979096383329093E+000  0.100149626277222E+001  0.187941286928205E+002  0.121248127174221E+000  0.628919424591540E-001  0.805348041966817E+000
      0.90000000  0.538187006303225E-003  0.148613701916983E-003  0.336065153929226E-002  0.167358280670739E-003 -0.204908430366702E-004 -0.714202200988484E-001  0.958146578071911E+000  0.100512440672693E+001  0.188609662695746E+002  0.134591295756315E+000  0.371657258051303E-001  0.840441036222191E+000
      0.91000000  0.568518345242762E-003  0.766409092814017E-004  0.356288378415791E-002  0.264907800011678E-003 -0.785712450468790E-004 -0.725080559202338E-001  0.934479133967936E+000  0.101943338784461E+001  0.189337513579653E+002  0.140614260258775E+000  0.189559490108669E-001  0.881224452807100E+000
      0.92000000  0.568287461335355E-003  0.486195499929770E-004  0.380149906124569E-002  0.364397321953682E-003 -0.160081737723785E-003 -0.736208654589351E-001  0.910851585282744E+000  0.103916338645615E+001  0.190110638864977E+002  0.139029359519223E+000  0.118945874324817E-001  0.930022243418863E+000
      0.93000000  0.539706080427454E-003  0.681766979686893E-004  0.408639024396982E-002  0.455209726489772E-003 -0.240498475211113E-003 -0.747500724498252E-001  0.889832153535116E+000  0.105820437822453E+001  0.190906822189274E+002  0.130617280661362E+000  0.164998231742882E-001  0.988970109370856E+000
      0.94000000  0.488749828446753E-003  0.126614080843482E-003  0.442558868551966E-002  0.528825684291675E-003 -0.297718012420752E-003 -0.758823644803577E-001  0.873377477234559E+000  0.107128588290095E+001  0.191693452290983E+002  0.117026721880949E+000  0.303165954496012E-001  0.105966714690358E+001
      0.95000000  0.423780612336882E-003  0.206362969630178E-003  0.482234510312380E-002  0.580165215522238E-003 -0.317684680469078E-003 -0.769995578660912E-001  0.862546957654389E+000  0.107526601848710E+001  0.192427749971775E+002  0.100402321432450E+000  0.488916212903419E-001  0.114251249114989E+001
      0.96000000  0.353702557186652E-003  0.286621117162383E-003  0.527177572927312E-002  0.608111171018352E-003 -0.297136160678473E-003 -0.780806562717827E-001  0.857426758416450E+000  0.106966434369011E+001  0.193062124167146E+002  0.829264820937980E-001  0.671990644600510E-001  0.123598149556320E+001
      0.97000000  0.286128454061460E-003  0.349188159620821E-003  0.575881188999399E-002  0.615073949102449E-003 -0.242925449236708E-003 -0.791063054196552E-001  0.857280973557509E+000  0.105636734194931E+001  0.193554756487907E+002  0.663919752425490E-001  0.810240691530703E-001  0.133624912517387E+001
      0.98000000  0.226044609891007E-003  0.382656113142713E-003  0.625908989497912E-002  0.605736934884553E-003 -0.168579053759693E-003 -0.800645173402571E-001  0.860881702109881E+000  0.103871718838384E+001  0.193882453459658E+002  0.519151789567964E-001  0.878838057775178E-001  0.143751170249622E+001
      0.99000000  0.175311901387365E-003  0.383895972331707E-003  0.674337361635487E-002  0.585357144605911E-003 -0.896071843899999E-004 -0.809555276162731E-001  0.866920241392926E+000  0.102037201147704E+001  0.194050748715729E+002  0.398568049140063E-001  0.872779700374660E-001  0.153309230327408E+001
      1.00000000  0.133097127469474E-003  0.356869931566192E-003  0.718453669910395E-002  0.558104076724116E-003 -0.192970835680865E-004 -0.817935623868593E-001  0.874385009344181E+000  0.100434328125019E+001  0.194096443717798E+002  0.299567681381744E-001  0.803223179844098E-001  0.161705593627199E+001
      1.01000000  0.970832134109123E-004  0.309750826134177E-003  0.756479959141452E-002  0.525889200317702E-003  0.337380850693703E-004 -0.826043007345995E-001  0.882807679440078E+000  0.992481601679329E+000  0.194080404873671E+002  0.216346086973559E-001  0.690267419222283E-001  0.168578555740075E+001
      1.02000000  0.651201579057591E-004  0.251779501085362E-003  0.788052361166880E-002  0.488009918321091E-003  0.658802534459372E-004 -0.834185294765101E-001  0.892315114045470E+000  0.985462779929990E+000  0.194072382464617E+002  0.143694964265230E-001  0.555579832339117E-001  0.173892630974394E+001
      1.03000000  0.368632249594267E-004  0.191091249007619E-003  0.814268251263938E-002  0.441751292423260E-003  0.772545283993301E-004 -0.842641116009441E-001  0.903468983472511E+000  0.983118423679463E+000  0.194133028904220E+002  0.805531220586774E-002  0.417570538730621E-001  0.177933021065746E+001
      1.04000000  0.148953005379100E-004  0.134029594254121E-003  0.837283052628029E-002  0.383871633421149E-003  0.700207203885541E-004 -0.851591360325692E-001  0.916923353587307E+000  0.984846271193735E+000  0.194299511009359E+002  0.322360786331176E-002  0.290063871389797E-001  0.181202938832955E+001
      1.05000000  0.486780092132823E-005  0.855998416574403E-004  0.859617879300018E-002  0.312640878006001E-003  0.472802722359002E-004 -0.861086093543467E-001  0.932983346386938E+000  0.989865158876941E+000  0.194579536847768E+002  0.104344553496212E-002  0.183488959418145E-001  0.184264815350022E+001
      1.06000000  0.143756842938443E-004  0.501235881575580E-004  0.883443789733221E-002  0.229832663415046E-003  0.130740423508872E-004 -0.871055349126281E-001  0.951198613590405E+000  0.997223930736299E+000  0.194955036613275E+002  0.305245265708529E-002  0.106429632653870E-001  0.187585529024965E+001
      1.07000000  0.506487785985571E-004  0.311360286742268E-004  0.910092323651230E-002  0.141894565024967E-003 -0.268823642759800E-004 -0.881354434721107E-001  0.970152479520790E+000  0.100565470508413E+001  0.195392897431643E+002  0.106539701235311E-001  0.654946335211464E-002  0.191437912110113E+001
      1.08000000  0.117641357327843E-003  0.301369466895167E-004  0.939920826904744E-002  0.595886995561290E-004 -0.646942685484974E-004 -0.891822381766472E-001  0.987581577605674E+000  0.101348243474537E+001  0.195857840832010E+002  0.245167301387881E-001  0.628060918351079E-002  0.195881667710036E+001
      1.09000000  0.213547588514980E-003  0.446739986186405E-004  0.972501876771726E-002 -0.418652016656446E-005 -0.910280805978018E-004 -0.902330987555939E-001  0.100086447604864E+001  0.101879642096527E+001  0.196322648799443E+002  0.440955180366981E-001  0.922474997520986E-002  0.200812260846028E+001
      1.10000000  0.329896060155673E-003  0.669322828597168E-004  0.100698932343711E-001 -0.379684430695914E-004 -0.975059674276035E-004 -0.912810678174267E-001  0.100776884361360E+001  0.101995100539018E+001  0.196773089288005E+002  0.675010796570166E-001  0.136952267778152E-001  0.206043280732175E+001
      1.11000000  0.452984161284556E-003  0.841047884413449E-004  0.104248862634470E-001 -0.355249108511028E-004 -0.801795601226316E-004 -0.923252228586599E-001  0.100720337946498E+001  0.101625799426546E+001  0.197207680049361E+002  0.918515128449896E-001  0.170539120704323E-001  0.211385221906920E+001
      1.12000000  0.567533295068531E-003  0.811785993209264E-004  0.107832004236533E-001  0.169001529201831E-005 -0.426445103454981E-004 -0.933692920572756E-001  0.999660375597670E+000  0.100856981378048E+001  0.197634337752627E+002  0.114051131401346E+000  0.163135998866995E-001  0.216698512515751E+001
      1.13000000  0.661399942626268E-003  0.456306825176908E-004  0.111415634565216E-001  0.647044655307863E-004  0.288188309422896E-005 -0.944197648604777E-001  0.987112102118942E+000  0.999425983744416E+000  0.198066198753524E+002  0.131738278790808E+000  0.908876337524443E-002  0.221918736033230E+001
      1.14000000  0.729470370181220E-003 -0.275755207884808E-004  0.115007788142491E-001  0.140138058984794E-003  0.375854223840135E-004 -0.954840730518864E-001  0.972332015604484E+000  0.992579368605836E+000  0.198517798973266E+002  0.144022080549548E+000 -0.544433884985308E-002  0.227064204452450E+001
      1.15000000  0.774938352033616E-003 -0.132777763394665E-003  0.118658354973842E-001  0.215258028718106E-003  0.409788542330555E-004 -0.965687928558253E-001  0.957870355550374E+000  0.991979743710036E+000  0.199001494261259E+002  0.151668569279290E+000 -0.259868586363362E-001  0.232234511102581E+001
      1.16000000  0.807126478166802E-003 -0.253791710122183E-003  0.122454506692834E-001  0.282940854448842E-003 -0.283974778825593E-005 -0.976776118682194E-001  0.945101061528551E+000  0.100055099550542E+001  0.199523609605166E+002  0.156606535135661E+000 -0.492431377776894E-001  0.237598152503529E+001
      1.17000000  0.836521407290773E-003 -0.367773367854420E-003  0.126504946117211E-001  0.344287731601699E-003 -0.999377563880205E-004 -0.988092247425739E-001  0.933768901077471E+000  0.101922516204292E+001  0.200080648762551E+002  0.160922760213785E+000 -0.707490626927629E-001  0.243359284442096E+001
      1.18000000  0.869073157247769E-003 -0.451493718641894E-003  0.130909404677234E-001  0.407492521076925E-003 -0.244405080546635E-003 -0.999560444722708E-001  0.922274430914413E+000  0.104661809233380E+001  0.200657252300462E+002  0.165767964392501E+000 -0.861184056268465E-001  0.249698030047343E+001
      1.19000000  0.902358689986954E-003 -0.487667657040690E-003  0.135718733011679E-001  0.483179959774805E-003 -0.420181973130527E-003 -0.101104979695044E+000  0.908612198978833E+000  0.107947247350869E+001  0.201228166228711E+002  0.170670522942803E+000 -0.922365961263471E-001  0.256696005626907E+001
      1.20000000  0.925573984798365E-003 -0.468937206612558E-003  0.140901813437498E-001  0.578107407654581E-003 -0.606043862846078E-003 -0.102240993918416E+000  0.891568974857344E+000  0.111367084465570E+001  0.201765330030192E+002  0.173602577459145E+000 -0.879548356711502E-001  0.264278365459310E+001
      1.21000000  0.923697599652254E-003 -0.398172451341545E-003  0.146340116327907E-001  0.690049292735706E-003 -0.781603672000428E-003 -0.103352754502370E+000  0.871642567843281E+000  0.114538764311242E+001  0.202248500417333E+002  0.171818815306140E+000 -0.740648442767435E-001  0.272210141378408E+001
      1.22000000  0.884261542018089E-003 -0.285429890612989E-003  0.151862934254963E-001  0.806359692853038E-003 -0.931875025052716E-003 -0.104438099101808E+000  0.851236887751124E+000  0.117191909538949E+001  0.202675015845232E+002  0.163135013069876E+000 -0.526581862074588E-001  0.280167807682472E+001
      1.23000000  0.803852459626121E-003 -0.143375189260376E-003  0.157317107699996E-001  0.907206561645105E-003 -0.104879842373876E-002 -0.105506334474886E+000  0.833992638581388E+000  0.119191688678833E+001  0.203063288336058E+002  0.147094863986000E+000 -0.262358517544763E-001  0.287870470292082E+001
      1.24000000  0.691389862782282E-003  0.165009226827001E-004  0.162643408998671E-001  0.972424223880407E-003 -0.112973523937606E-002 -0.106575279073882E+000  0.823493639808686E+000  0.120506014780917E+001  0.203446585695276E+002  0.125495339540082E+000  0.299511029342671E-002  0.295216793519464E+001
      1.25000000  0.566479434161360E-003  0.185229487812507E-003  0.167920582401153E-001  0.989250028045666E-003 -0.117445485718484E-002 -0.107663351271589E+000  0.821876043251837E+000  0.121147186277785E+001  0.203858191373006E+002  0.102000055970303E+000  0.333523460603595E-001  0.302357116085607E+001
      1.26000000  0.453205730299733E-003  0.355151054844283E-003  0.173346685946438E-001  0.957666319649085E-003 -0.118278130967201E-002 -0.108779808680053E+000  0.828931540584863E+000  0.121128087343068E+001  0.204313968284786E+002  0.809563879294575E-001  0.634408275255358E-001  0.309650134928445E+001
      1.27000000  0.371721337017504E-003  0.517560886385006E-003  0.179155075301027E-001  0.890936988581674E-003 -0.115448540935214E-002 -0.109917900018824E+000  0.842104575843541E+000  0.120460253163615E+001  0.204800908125822E+002  0.658779452740214E-001  0.917242147647821E-001  0.317505805314815E+001
      1.28000000  0.331039740784998E-003  0.661336450353031E-003  0.185496871210215E-001  0.810869086898547E-003 -0.109151773501974E-002 -0.111055024095922E+000  0.857417229288742E+000  0.119193187341111E+001  0.205278538704278E+002  0.582098444980765E-001  0.116289034798883E+000  0.326176669979910E+001
      1.29000000  0.326074270942626E-003  0.774135901579725E-003  0.192344771979280E-001  0.739539046786223E-003 -0.100109248154833E-002 -0.112160976969864E+000  0.870967927067982E+000  0.117466696133514E+001  0.205694377780236E+002  0.568922483435630E-001  0.135068405848222E+000  0.335596135917041E+001
      1.30000000  0.340306232045864E-003  0.846232769031084E-003  0.199470103817024E-001  0.690773857689261E-003 -0.897345370540358E-003 -0.113211322113855E+000  0.880403404617454E+000  0.115536119383254E+001  0.206007543320559E+002  0.589186551967870E-001  0.146511853265282E+000  0.345351015119777E+001
      1.31000000  0.353171053527022E-003  0.875351914497394E-003  0.206514209454909E-001  0.664907477212652E-003 -0.799787571078365E-003 -0.114199910648581E+000  0.885760525501386E+000  0.113741357250716E+001  0.206209822078902E+002  0.606792327440549E-001  0.150396477917116E+000  0.354817408032851E+001
      1.32000000  0.349250721557517E-003  0.869937799958612E-003  0.213130043246721E-001  0.649109295195039E-003 -0.728363551757215E-003 -0.115144347235841E+000  0.889319739525447E+000  0.112419398123768E+001  0.206333752090330E+002  0.595510819503772E-001  0.148333944697476E+000  0.363410120238870E+001
      1.33000000  0.325484288064744E-003  0.848686634902138E-003  0.219132807286802E-001  0.623357062446112E-003 -0.696793604997978E-003 -0.116081133034617E+000  0.894509944989532E+000  0.111791764327453E+001  0.206442871144301E+002  0.550813611034702E-001  0.143622339740820E+000  0.370836127284293E+001
      1.34000000  0.293260438433404E-003  0.835784253533304E-003  0.224589717381964E-001  0.569770284407329E-003 -0.707049643147488E-003 -0.117052027468577E+000  0.904297942981377E+000  0.111876032695156E+001  0.206607652478676E+002  0.492577938308134E-001  0.140383369361063E+000  0.377234449161258E+001
      1.35000000  0.274244573622402E-003  0.853338619889346E-003  0.229804782098355E-001  0.481490585357283E-003 -0.747616239311502E-003 -0.118087469846690E+000  0.919725001385867E+000  0.112464395857315E+001  0.206877608131328E+002  0.457225612233641E-001  0.142270188893045E+000  0.383134772007594E+001
      1.36000000  0.291375201788794E-003  0.913950198469568E-003  0.235202990940013E-001  0.367270151976931E-003 -0.796657985804889E-003 -0.119194456605864E+000  0.939218277725479E+000  0.113184366924545E+001  0.207261996900176E+002  0.482214154825229E-001  0.151255055269533E+000  0.389251421508124E+001
      1.37000000  0.358607046789864E-003  0.101647249663921E-002  0.241165309621959E-001  0.249516414436411E-003 -0.829066857790170E-003 -0.120354223368762E+000  0.959007459982220E+000  0.113620569381034E+001  0.207727485339853E+002  0.589148162833098E-001  0.166994181884072E+000  0.396205541343168E+001
      1.38000000  0.473750810244738E-003  0.114669592151815E-002  0.247887545023041E-001  0.156190445762050E-003 -0.824641468424416E-003 -0.121530457138258E+000  0.974525735518554E+000  0.113449692627816E+001  0.208213084839231E+002  0.772675523114888E-001  0.187023188531335E+000  0.404298281675543E+001
      1.39000000  0.617729133109654E-003  0.128257167506801E-002  0.255321961571485E-001  0.109625560826103E-003 -0.774187379624490E-003 -0.122683936929071E+000  0.982248980404924E+000  0.112535958988410E+001  0.208654853121666E+002  0.100025230098232E+000  0.207679256230545E+000  0.413427772570121E+001
      1.40000000  0.761033526802187E-003  0.140169837697784E-002  0.263218975882587E-001  0.116877484282987E-003 -0.681327287109776E-003 -0.123786906073649E+000  0.981209899847433E+000  0.110953527995583E+001  0.209009105728917E+002  0.122349452298710E+000  0.225347534203715E+000  0.423170548992550E+001
      1.41000000  0.875106129457916E-003  0.148801040313305E-002  0.271239848742712E-001  0.165877718168121E-003 -0.559753292389438E-003 -0.124831289408341E+000  0.973521388025173E+000  0.108935190569592E+001  0.209264814531069E+002  0.139690827041784E+000  0.237527080274473E+000  0.432972842060066E+001
      1.42000000  0.944081263413964E-003  0.153524832953881E-002  0.279083863179115E-001  0.229436853668451E-003 -0.427579247541406E-003 -0.125828395299592E+000  0.963633533156928E+000  0.106777266284766E+001  0.209441985557913E+002  0.149639865671810E+000  0.243341715070480E+000  0.442356748467538E+001
      1.43000000  0.971872918128451E-003  0.154646320527029E-002  0.286576990693503E-001  0.275872703223703E-003 -0.301451346447033E-003 -0.126801901834206E+000  0.956579085250454E+000  0.104744685886736E+001  0.209579534520264E+002  0.152967693549689E+000  0.243405187300826E+000  0.451057133840230E+001
      1.44000000  0.981314735523279E-003  0.153063071498696E-002  0.293697651517705E-001  0.282096129659372E-003 -0.192746134497487E-003 -0.127778483116450E+000  0.955907887065717E+000  0.103012655416496E+001  0.209719978964081E+002  0.153381190287914E+000  0.239240227887489E+000  0.459054508648840E+001
      1.45000000  0.100532229241027E-002  0.149853233081438E-002  0.300549789214733E-001  0.243705813996101E-003 -0.106804533097691E-003 -0.128780276639860E+000  0.962171060764573E+000  0.101657860404055E+001  0.209897621638550E+002  0.156049932859693E+000  0.232607862550243E+000  0.466524763073827E+001
      1.46000000  0.107348553727039E-002  0.145993361209871E-002  0.307313924457428E-001  0.177686631647343E-003 -0.445015946895504E-004 -0.129821095626547E+000  0.972607720501400E+000  0.100686039297705E+001  0.210132992743913E+002  0.165489185100744E+000  0.225064255995232E+000  0.473757020126128E+001
      1.47000000  0.119958811509519E-002  0.142293319039685E-002  0.314203970678722E-001  0.116319719775188E-003 -0.440076705820188E-005 -0.130905615462501E+000  0.982190066903918E+000  0.100067380979794E+001  0.210432072721166E+002  0.183671213393502E+000  0.217868001832726E+000  0.481083663812703E+001
      1.48000000  0.137531018630799E-002  0.139486743955442E-002  0.321437958853375E-001  0.946292805737398E-004  0.162068608084401E-004 -0.132029480767258E+000  0.985609028985446E+000  0.997535303420706E+000  0.210786946626701E+002  0.209153540079559E+000  0.212127755490342E+000  0.488834356637824E+001
      1.49000000  0.157284530573578E-002  0.138317225377843E-002  0.329211315019193E-001  0.136483465450233E-003  0.220224883883057E-004 -0.133179031180678E+000  0.979383257427183E+000  0.996673355468981E+000  0.211175856202922E+002  0.237588829300665E+000  0.208937443051749E+000  0.497295764832718E+001
      1.50000000  0.175542611407926E-002  0.139466518887738E-002  0.337657306477822E-001  0.245088129814326E-003  0.214345130373039E-004 -0.134331283743238E+000  0.963224609386853E+000  0.996783758600849E+000  0.211563634883728E+002  0.263401092034487E+000  0.209269037771760E+000  0.506653641223352E+001
      1.51000000  0.189143719162477E-002  0.143278976402312E-002  0.346793992359241E-001  0.401779156873858E-003  0.274282976778828E-004 -0.135456236851739E+000  0.940112424513544E+000  0.995911648925669E+000  0.211905585961410E+002  0.281929974846559E+000  0.213565845019918E+000  0.516917093391778E+001
      1.52000000  0.196633356879424E-002  0.149387907429712E-002  0.356479360286295E-001  0.573541516055283E-003  0.560201324235205E-004 -0.136523124639353E+000  0.915072654969553E+000  0.991704800817723E+000  0.212157057271568E+002  0.291165477593502E+000  0.221206625893785E+000  0.527857962846212E+001
      1.53000000  0.198757556978783E-002  0.156460846800179E-002  0.366408277920596E-001  0.726083255598441E-003  0.121692566895893E-003 -0.137509934464041E+000  0.893187700171335E+000  0.982098109490914E+000  0.212287440677689E+002  0.292387293131186E+000  0.230165655949379E+000  0.539014094309376E+001
      1.54000000  0.198074492063767E-002  0.162283787105352E-002  0.376174005097959E-001  0.837101308998966E-003  0.231044713083490E-003 -0.138412721526451E+000  0.877655746408065E+000  0.966232291522319E+000  0.212293329621384E+002  0.289490359489726E+000  0.237181433000258E+000  0.549786834396830E+001
      1.55000000  0.197861146829165E-002  0.164282410722611E-002  0.385385776130995E-001  0.904455142698395E-003  0.377303417597330E-003 -0.139249987251460E+000  0.868664657853161E+000  0.945212016490417E+000  0.212203999471447E+002  0.287312882525560E+000  0.238553418543129E+000  0.559616175277446E+001
      1.56000000  0.200765997666781E-002  0.160376775608896E-002  0.393799543375358E-001  0.946169884204063E-003  0.538665804961476E-003 -0.140058849344968E+000  0.863488009926968E+000  0.922282095163659E+000  0.212074834240834E+002  0.289662209060324E+000  0.231389237444221E+000  0.568168150915562E+001
      1.57000000  0.207740737798954E-002  0.149875154352800E-002  0.401403169869010E-001  0.992508360629808E-003  0.682323636674750E-003 -0.140883482952731E+000  0.857714450012028E+000  0.902182391841562E+000  0.211969924398724E+002  0.297816182766204E+000  0.214860343877488E+000  0.575449770070301E+001
      1.58000000  0.217654674287251E-002  0.134028320277730E-002  0.408412759797232E-001  0.107339775074567E-002  0.773785923722907E-003 -0.141760384607084E+000  0.847092119152043E+000  0.889772485787067E+000  0.211940799516324E+002  0.310053891754441E+000  0.190926303069316E+000  0.581792998620295E+001
      1.59000000  0.227719854938033E-002  0.115943387248859E-002  0.415177959868003E-001  0.120611826049453E-002  0.788670873749675E-003 -0.142707024526257E+000  0.829266381863896E+000  0.888358682391033E+000  0.212010759880342E+002  0.322351762911358E+000  0.164125149683387E+000  0.587710488933037E+001
      1.60000000  0.234547877496123E-002  0.997826061385531E-003  0.422039491157732E-001  0.138786111654293E-002  0.722588637421424E-003 -0.143719069674316E+000  0.804767416534778E+000  0.898352331667161E+000  0.212171852293312E+002  0.329942150003566E+000  0.140365745167988E+000  0.593689521241969E+001
      1.61000000  0.235435033549186E-002  0.894634844382225E-003  0.429206540200147E-001  0.159580172444823E-002  0.594901458577858E-003 -0.144777159414495E+000  0.776910397577032E+000  0.916834072904096E+000  0.212395312894364E+002  0.329133044702573E+000  0.125068001048798E+000  0.600021387015961E+001
      1.62000000  0.229404093569927E-002  0.873099665125009E-003  0.436710733895255E-001  0.179453124930201E-002  0.444154406831797E-003 -0.145859432562516E+000  0.750677033065554E+000  0.938291464954213E+000  0.212649613908957E+002  0.318722280584458E+000  0.121303989007217E+000  0.606743493094557E+001
      1.63000000  0.217631652122019E-002  0.931716210468609E-003  0.444452854623469E-001  0.194807047773673E-002  0.316128791326392E-003 -0.146953256088930E+000  0.731005539859310E+000  0.956348143185986E+000  0.212916743718039E+002  0.300511246595670E+000  0.128653712431652E+000  0.613711654961929E+001
      1.64000000  0.203116186072595E-002  0.104384454705015E-002  0.452310615472516E-001  0.203213053568736E-002  0.248516595700930E-003 -0.148060366623050E+000  0.721109301990793E+000  0.965893447480498E+000  0.213198851008036E+002  0.278757756531588E+000  0.143257792364925E+000  0.620753544375220E+001
      1.65000000  0.189713212240665E-002  0.116638238551694E-002  0.460246851065488E-001  0.204227006307479E-002  0.257831588732815E-003 -0.149193388499725E+000  0.721416428063837E+000  0.964829507005052E+000  0.213512884162524E+002  0.258785482219314E+000  0.159104800621480E+000  0.627817123995611E+001
      1.66000000  0.180887894292283E-002  0.125461865231673E-002  0.468362119772139E-001  0.199510786865550E-002  0.333582860031512E-003 -0.150366261953512E+000  0.729489224807316E+000  0.954770486610868E+000  0.213877167359788E+002  0.245260545942075E+000  0.170110032415496E+000  0.635038345950845E+001
      1.67000000  0.178634800032762E-002  0.127787029337239E-002  0.476869178770543E-001  0.192227274951818E-002  0.442081081694140E-003 -0.151583979241285E+000  0.740925413474734E+000  0.940418458577608E+000  0.214297526225838E+002  0.240755308886898E+000  0.172225152737225E+000  0.642701122135704E+001
      1.68000000  0.182950840923893E-002  0.123009804070281E-002  0.486008483720526E-001  0.185943718751057E-002  0.538568726435489E-003 -0.152836785784646E+000  0.750885787262097E+000  0.927846379973258E+000  0.214759890916816E+002  0.245104567191698E+000  0.164799815265809E+000  0.651119713100242E+001
      1.69000000  0.192037742193998E-002  0.113159878917243E-002  0.495950278992258E-001  0.183460987993814E-002  0.583170109034834E-003 -0.154101124807257E+000  0.755666340946780E+000  0.922333304671972E+000  0.215232142811984E+002  0.255756195034557E+000  0.150706521185864E+000  0.660507433758776E+001
      1.70000000  0.203128347174491E-002  0.102130270608511E-002  0.506727556681148E-001  0.186010732500364E-002  0.554757265613566E-003 -0.155346008280054E+000  0.753727818673870E+000  0.926551935970197E+000  0.215673080285091E+002  0.268935348382307E+000  0.135217168300420E+000  0.670890862287652E+001
      1.71000000  0.213586244083218E-002  0.942742574686953E-003  0.518220254327474E-001  0.193110477221867E-002  0.457761150697509E-003 -0.156541293276281E+000  0.745823144733531E+000  0.939748328821240E+000  0.216043577835483E+002  0.281127573346919E+000  0.124086143023942E+000  0.682094500905887E+001
      1.72000000  0.221824913853768E-002  0.928987506779890E-003  0.530182382140262E-001  0.203092691598530E-002  0.319768281406464E-003 -0.157664531245162E+000  0.734238464741842E+000  0.958155998266331E+000  0.216315488507589E+002  0.290274008386388E+000  0.121564761436870E+000  0.693782148118632E+001
      1.73000000  0.227682112481903E-002  0.991934345312458E-003  0.542288538743143E-001  0.214041054984265E-002  0.181219877562565E-003 -0.158705015994444E+000  0.721530743502300E+000  0.976423137808230E+000  0.216476593052100E+002  0.296216389819805E+000  0.129051512876349E+000  0.705522060719279E+001
      1.74000000  0.232134748559688E-002  0.111944264938380E-002  0.554181271427586E-001  0.224701846027074E-002  0.812772396735093E-004 -0.159665699804577E+000  0.709341071923762E+000  0.989486532586096E+000  0.216532620787410E+002  0.300273622039921E+000  0.144803438986218E+000  0.716850961222904E+001
      1.75000000  0.236538481047029E-002  0.128079043449438E-002  0.565517723958650E-001  0.234970260519608E-002  0.449610732982658E-004 -0.160564255130251E+000  0.697795362032383E+000  0.994217376765600E+000  0.216508102280153E+002  0.304221589030676E+000  0.164727573912045E+000  0.727334934451982E+001
      1.76000000  0.241783632910799E-002  0.143804575271568E-002  0.576026467757067E-001  0.245769025663560E-002  0.758216043329827E-004 -0.161433435168484E+000  0.685702623829553E+000  0.990303688093099E+000  0.216446296324962E+002  0.309200727063345E+000  0.183901940316236E+000  0.736641270933028E+001
      1.77000000  0.247772857691204E-002  0.155919271762531E-002  0.585580850500294E-001  0.258435418153871E-002  0.156200695634533E-003 -0.162319144820041E+000  0.671371638187045E+000  0.980137405667106E+000  0.216406207918955E+002  0.315069772194672E+000  0.198268082681616E+000  0.744628878594234E+001
      1.78000000  0.253439444408993E-002  0.162863666800500E-002  0.594274699855339E-001  0.273963003890021E-002  0.254542037205219E-003 -0.163273988741297E+000  0.653583800631937E+000  0.967814090276425E+000  0.216453987700213E+002  0.320464908967640E+000  0.205935150611885E+000  0.751438624855805E+001
      1.79000000  0.257235835539926E-002  0.165185376929602E-002  0.602464555319085E-001  0.292488079107531E-002  0.337066778427184E-003 -0.164345562145361E+000  0.632225668426717E+000  0.957617243919865E+000  0.216648009209376E+002  0.323448182097057E+000  0.207703991804843E+000  0.757538562956656E+001
      1.80000000  0.257784524353584E-002  0.165289357092414E-002  0.610738558615507E-001  0.313247155356092E-002  0.379982137617425E-003 -0.165561906081786E+000  0.608311423003751E+000  0.952486507787063E+000  0.217020898000631E+002  0.322337335836069E+000  0.206680098973461E+000  0.763675943581703E+001
      1.81000000  0.254326990210504E-002  0.166557906989755E-002  0.619795227008750E-001  0.334953300127982E-002  0.378358997446343E-003 -0.166919491202742E+000  0.583483738495641E+000  0.952950851637326E+000  0.217565300659558E+002  0.316257003951474E+000  0.207115668712195E+000  0.770718756176731E+001
      1.82000000  0.246760596235625E-002  0.172109169016347E-002  0.630257674586851E-001  0.356304229054536E-002  0.348779573057626E-003 -0.168379692722399E+000  0.559368171539099E+000  0.956867371062646E+000  0.218230623803793E+002  0.305162172786794E+000  0.212842766530710E+000  0.779422664422579E+001
      1.83000000  0.235327970470037E-002  0.183581914299747E-002  0.642487985584638E-001  0.376280740703545E-002  0.324594364843462E-003 -0.169877000999818E+000  0.537206579458218E+000  0.960077644124538E+000  0.218934313824010E+002  0.289433459175600E+000  0.225790195664904E+000  0.790205770164501E+001
      1.84000000  0.220254550813270E-002  0.200357541974910E-002  0.656478114486816E-001  0.394055660059178E-002  0.344837126128831E-003 -0.171337155063873E+000  0.517978930027609E+000  0.957818456286642E+000  0.219584906856841E+002  0.269422178159697E+000  0.245083541612575E+000  0.803024331920195E+001
      1.85000000  0.201672879176841E-002  0.219532734336511E-002  0.671866929057179E-001  0.408618788619378E-002  0.440059036710162E-003 -0.172698537356963E+000  0.502866672355903E+000  0.946461587334557E+000  0.220108298851395E+002  0.245359029768300E+000  0.267087666517402E+000  0.817405982002795E+001
      1.86000000  0.179987589118385E-002  0.236736109675641E-002  0.688078263459969E-001  0.418460192162732E-002  0.619871771911290E-003 -0.173928244047238E+000  0.493630567196529E+000  0.924990686466172E+000  0.220466725237400E+002  0.217799004828871E+000  0.286469135716348E+000  0.832628303762587E+001
      1.87000000  0.156519081470974E-002  0.247583363109579E-002  0.704519543195714E-001  0.421687122873852E-002  0.867076749056430E-003 -0.175026525316265E+000  0.492454469054601E+000  0.895638044156756E+000  0.220663133642207E+002  0.188387446519291E+000  0.297993044289118E+000  0.847964583731544E+001
      1.88000000  0.134001013268239E-002  0.249285499595242E-002  0.720754212627146E-001  0.416733686895576E-002  0.114145067070076E-002 -0.176018768298713E+000  0.501084456338953E+000  0.863344985096528E+000  0.220730503056994E+002  0.160426647732481E+000  0.298445780766797E+000  0.862890356951079E+001
      1.89000000  0.116467759113269E-002  0.241789716328288E-002  0.736578554988239E-001  0.403456924183915E-002  0.139282230759001E-002 -0.176940042302937E+000  0.519535123773228E+000  0.834132925348663E+000  0.220712644718145E+002  0.138697997512264E+000  0.287940196747300E+000  0.877169539151086E+001
      1.90000000  0.108309756973104E-002  0.227938516103335E-002  0.751985493765380E-001  0.384096885724029E-002  0.157915974380458E-002 -0.177820333277179E+000  0.544997837807992E+000  0.812932329163972E+000  0.220646425758715E+002  0.128304017660434E+000  0.270016554490817E+000  0.890803956807162E+001
      1.91000000  0.112698199521834E-002  0.212483164445270E-002  0.767056310196470E-001  0.363503208935723E-002  0.168269702933653E-002 -0.178677329167341E+000  0.571647646554958E+000  0.801710902425971E+000  0.220553449253425E+002  0.132803611653213E+000  0.250390261544227E+000  0.903899518960307E+001
      1.92000000  0.129974571090374E-002  0.200264454421594E-002  0.781854049429961E-001  0.348273137308713E-002  0.171716463153675E-002 -0.179518767542381E+000  0.591732297406871E+000  0.798703148767326E+000  0.220443203754504E+002  0.152364376835522E+000  0.234762604286922E+000  0.916538550720774E+001
      1.93000000  0.156749241692649E-002  0.194270935058053E-002  0.796382259100812E-001  0.344916968286285E-002  0.172238604320104E-002 -0.180350705516874E+000  0.597761601733266E+000  0.799137222312843E+000  0.220323021432713E+002  0.182799252299017E+000  0.226556640967203E+000  0.928732285629020E+001
      1.94000000  0.186251809699036E-002  0.194400283321906E-002  0.810626474966537E-001  0.357649215749954E-002  0.174778239831949E-002 -0.181184832471191E+000  0.585063324871429E+000  0.797226168751351E+000  0.220206617709696E+002  0.216085212129273E+000  0.225538890212579E+000  0.940470828626028E+001
      1.95000000  0.209990950569240E-002  0.197493232887941E-002  0.824640875969085E-001  0.386658442558439E-002  0.183139419063596E-002 -0.182038938905653E+000  0.553707938894342E+000  0.788615326067187E+000  0.220114468749540E+002  0.242377467624848E+000  0.227952249992983E+000  0.951823717524529E+001
      1.96000000  0.220224679624355E-002  0.198667649109066E-002  0.838611076911914E-001  0.427596301089060E-002  0.198340608209416E-002 -0.182929270304569E+000  0.508974389988631E+000  0.772237697360787E+000  0.220064858632927E+002  0.252892640503887E+000  0.228137856536289E+000  0.963010003955103E+001
      1.97000000  0.212368034158852E-002  0.193392768257394E-002  0.852834994667858E-001  0.472578958276744E-002  0.218146520625226E-002 -0.183859030909181E+000  0.460073765455125E+000  0.750765396136681E+000  0.220060800438201E+002  0.242632624692400E+000  0.220953191682896E+000  0.974372598048395E+001
      1.98000000  0.186449165548991E-002  0.179394421831570E-002  0.867611722567824E-001  0.512402124439566E-002  0.237987322505820E-002 -0.184810488203463E+000  0.417532085680120E+000  0.729470326599150E+000  0.220081446727113E+002  0.211944196567850E+000  0.203924788249349E+000  0.986248819784435E+001
      1.99000000  0.147078836635181E-002  0.157554726262283E-002  0.883086502806465E-001  0.539192260574726E-002  0.252838878581983E-002 -0.185746978572822E+000  0.390158677017292E+000  0.714032252518707E+000  0.220084957510609E+002  0.166350222128096E+000  0.178198742325333E+000  0.998795198962303E+001
      2.00000000  0.101968760022974E-002  0.131443332454124E-002  0.899134721349754E-001  0.548555873717371E-002  0.259199226879083E-002 -0.186626069311526E+000  0.382670331350541E+000  0.708304330497604E+000  0.220023837223178E+002  0.114752833491692E+000  0.147922705339387E+000  0.101186144601935E+002
      2.01000000  0.595766930416228E-003  0.105765114017369E-002  0.915357965965180E-001  0.540506305779192E-002  0.256276207179638E-002 -0.187418856583979E+000  0.394755316774579E+000  0.713028672979038E+000  0.219866684756091E+002  0.667124070932222E-001  0.118432980790966E+000  0.102499367023997E+002
      2.02000000  0.267482427054207E-003  0.845078061442180E-003  0.931213406994005E-001  0.518938545709622E-002  0.245913243164942E-002 -0.188126322922844E+000  0.421783026130206E+000  0.725996050066197E+000  0.219616021097355E+002  0.298036984944215E-001  0.941611455558117E-001  0.103758605459296E+002
      2.03000000  0.716199382309621E-004  0.696699304051632E-003  0.946230056078104E-001  0.489973174526920E-002  0.231415194912747E-002 -0.188784195016882E+000  0.456746489834178E+000  0.743420408549018E+000  0.219312839842246E+002  0.794079857114542E-002  0.772459314372812E-001  0.104912437274786E+002
      2.04000000  0.101514927181185E-004  0.610986649722224E-003  0.960217284156207E-001  0.459875866239720E-002  0.215965583237889E-002 -0.189452791707015E+000  0.492616047849648E+000  0.761723805931194E+000  0.219024463467095E+002  0.112002061287982E-002  0.674105435412365E-001  0.105941380342906E+002
      2.05000000  0.588205820968524E-004  0.573594139651684E-003  0.973368418625186E-001  0.433338741950952E-002  0.201476035940152E-002 -0.190195481147427E+000  0.524226846278831E+000  0.778794555531951E+000  0.218820248754193E+002  0.645805489763986E-002  0.629762969148397E-001  0.106868488189387E+002
      2.06000000  0.182490527533725E-003  0.570213491278985E-003  0.986208090455635E-001  0.412679246177736E-002  0.188406898776956E-002 -0.191054980494941E+000  0.549108878495757E+000  0.794147637237637E+000  0.218745642583716E+002  0.199388167410154E-001  0.623012189154043E-001  0.107752564748697E+002
      2.07000000  0.350381585729493E-003  0.595650700950308E-003  0.999404160057664E-001  0.398090993035634E-002  0.176517117910632E-002 -0.192037964354768E+000  0.567149143052327E+000  0.808070046571712E+000  0.218806023978561E+002  0.380975636964788E-001  0.647660763138000E-001  0.108666851218939E+002
      2.08000000  0.545319659436974E-003  0.653913851256703E-003  0.101352789124384E+000  0.388654457903768E-002  0.165966599244311E-002 -0.193114641130112E+000  0.579441326671765E+000  0.820409385829639E+000  0.218967208846599E+002  0.590084348316941E-001  0.707592917469042E-001  0.109672727703078E+002
      2.09000000  0.764337643227005E-003  0.749757339518708E-003  0.102886868693452E+000  0.383554211132267E-002  0.158004774967044E-002 -0.194232984118842E+000  0.586946083209135E+000  0.829842850690823E+000  0.219171722097451E+002  0.823123949945999E-001  0.807422254123304E-001  0.110800045643411E+002
      2.10000000  0.101188950020592E-002  0.877478063495404E-003  0.104538157515307E+000  0.382942838993094E-002  0.154742273388611E-002 -0.195340596092681E+000  0.589568265063691E+000  0.834149817497901E+000  0.219362786280638E+002  0.108452625521178E+000  0.940466323684059E-001  0.112042250140696E+002
      2.11000000  0.128987608010301E-002  0.101471087221026E-002  0.106278138959121E+000  0.388117626342143E-002  0.158070489518947E-002 -0.196403977685648E+000  0.585993474113211E+000  0.831385616706640E+000  0.219504858715953E+002  0.137591564645187E+000  0.108239588843870E+000  0.113367288939852E+002
      2.12000000  0.158949712541468E-002  0.112631295901215E-002  0.108072915930637E+000  0.401017059214785E-002  0.168342130127085E-002 -0.197416698374795E+000  0.574251366781596E+000  0.821275853064660E+000  0.219591805575886E+002  0.168752479003000E+000  0.119577507204940E+000  0.114738002257286E+002
      2.13000000  0.188848388222390E-002  0.117755877313004E-002  0.109901648257478E+000  0.423341734521332E-002  0.183633058260041E-002 -0.198393622368359E+000  0.552659975773958E+000  0.805957197147995E+000  0.219640110103726E+002  0.199553778126725E+000  0.124431192850663E+000  0.116131725235100E+002
      2.14000000  0.215439945639510E-002  0.115007529168224E-002  0.111766025998869E+000  0.455729323202044E-002  0.200135687606564E-002 -0.199355054093751E+000  0.520686704777721E+000  0.789507299542914E+000  0.219671669195025E+002  0.226588953156304E+000  0.120959163640552E+000  0.117549912827678E+002
      2.15000000  0.235188784240163E-002  0.105160438310705E-002  0.113686764106311E+000  0.497324170058317E-002  0.213618583196875E-002 -0.200309203417083E+000  0.479372166805656E+000  0.776371656968143E+000  0.219695311071835E+002  0.246209282601748E+000  0.110088056104432E+000  0.119013909282963E+002
      2.16000000  0.245036813028542E-002  0.913338836368853E-003  0.115689473493773E+000  0.545843323963432E-002  0.221260645358033E-002 -0.201241710870454E+000  0.431224963072435E+000  0.769443856489188E+000  0.219696182964357E+002  0.255331184353294E+000  0.951709597931944E-001  0.120549765234391E+002
      2.17000000  0.242927831018661E-002  0.775032883709017E-003  0.117787173871583E+000  0.597990255769230E-002  0.222888309838656E-002 -0.202117211042939E+000  0.379758746183479E+000  0.768818097917764E+000  0.219637918320109E+002  0.251967086493946E+000  0.803871572994701E-001  0.122169991401680E+002
      2.18000000  0.228004238747661E-002  0.664931183442879E-003  0.119967980372637E+000  0.649944587967207E-002  0.220890603732810E-002 -0.202892058482791E+000  0.328963546231948E+000  0.771941100604984E+000  0.219476269119825E+002  0.235403384605203E+000  0.686509391104918E-001  0.123861156174488E+002
      2.19000000  0.200609933579635E-002  0.584995655588965E-003  0.122193789930768E+000  0.697723650677686E-002  0.218755046883499E-002 -0.203532221801739E+000  0.282923309988460E+000  0.775177257084264E+000  0.219177676259832E+002  0.206174331363138E+000  0.601221913537582E-001  0.125583127844978E+002
      2.20000000  0.162315764993756E-002  0.509833787036365E-003  0.124410626954797E+000  0.737415146527151E-002  0.218914070282962E-002 -0.204028221817401E+000  0.245575734937072E+000  0.776036487231176E+000  0.218734309325747E+002  0.166059718586256E+000  0.521593544559770E-001  0.127280265734188E+002
      2.21000000  0.116070487640391E-002  0.400959282175189E-003  0.126566155627723E+000  0.765473004323745E-002  0.221013756526224E-002 -0.204400554632524E+000  0.220414269868885E+000  0.774911499455512E+000  0.218169007557851E+002  0.118210433735347E+000  0.408351611332841E-001  0.128899606240321E+002
      2.22000000  0.663388764443917E-003  0.229949294541336E-003  0.128626944393196E+000  0.779296882565683E-002  0.221568716347702E-002 -0.204693318909348E+000  0.209910591398391E+000  0.775362766129096E+000  0.217528128111248E+002  0.672576072480656E-001  0.233133875159841E-001  0.130408306127526E+002
      2.23000000  0.188903957790542E-003 -0.105126728162483E-005  0.130588399328690E+000  0.778120435261030E-002  0.215299445996085E-002 -0.204958735487964E+000  0.214640984609926E+000  0.782697699148859E+000  0.216865394358167E+002  0.190661264722986E-001 -0.106104685058388E-003  0.131803217176453E+002
      2.24000000 -0.200784089776091E-003 -0.252350197098542E-003  0.132473437680475E+000  0.763905854468971E-002  0.197591367488046E-002 -0.205238848761471E+000  0.232429817392673E+000  0.801460819894016E+000  0.216223345063209E+002 -0.201747217346847E-001 -0.253560678629137E-001  0.133108890521211E+002
      2.25000000 -0.455061538304982E-003 -0.457782777805855E-003  0.134320480690312E+000  0.741691899292294E-002  0.166909595454159E-002 -0.205551675500282E+000  0.258062549942211E+000  0.833035146049731E+000  0.215619727168793E+002 -0.455212194809636E-001 -0.457934335226973E-001  0.134364949959677E+002
      2.26000000 -0.552741230950737E-003 -0.549467751280303E-003  0.136165443354250E+000  0.718880588564335E-002  0.125972837710055E-002 -0.205887291544491E+000  0.284063353426218E+000  0.874543043136505E+000  0.215044147004854E+002 -0.550477658744738E-001 -0.547217584547216E-001  0.135607822001372E+002
      2.27000000 -0.514628528422335E-003 -0.484921674834265E-003  0.138024704837235E+000  0.703345903437086E-002  0.810646950349020E-003 -0.206215640438948E+000  0.302620172743529E+000  0.919622929850340E+000  0.214466432525059E+002 -0.510263232498549E-001 -0.480808364954226E-001  0.136853921159045E+002
      2.28000000 -0.402680483903042E-003 -0.263796875560826E-003  0.139885898294429E+000  0.700860872795812E-002  0.397591364274069E-003 -0.206503524378431E+000  0.308132000956056E+000  0.960751020307337E+000  0.213853839974388E+002 -0.397513617132986E-001 -0.260412049712876E-001  0.138090996807047E+002
      2.29000000 -0.302532234185193E-003  0.735883248830032E-004  0.141710851116938E+000  0.712850165016845E-002  0.810748008022451E-004 -0.206734662818186E+000  0.299369486380525E+000  0.992031498046110E+000  0.213190824806545E+002 -0.297346237716884E-001  0.723268765154273E-002  0.139281648901866E+002
      2.30000000 -0.293818176992356E-003  0.464989135612295E-003  0.143450838304051E+000  0.735557295581422E-002 -0.114114696002211E-003 -0.206925003970046E+000  0.280194854526064E+000  0.101116709002140E+001  0.212493651384587E+002 -0.287525984587911E-001  0.455031272769367E-001  0.140378801425912E+002
      2.31000000 -0.419620496910540E-003  0.853082268236635E-003  0.145069653665904E+000  0.761230531863618E-002 -0.202627818662477E-003 -0.207126344482893E+000  0.258296216311688E+000  0.101974300996763E+001  0.211813231306406E+002 -0.408856577927536E-001  0.831199380034694E-001  0.141348391214597E+002
      2.32000000 -0.668559149547960E-003  0.120767311888006E-002  0.146566332197661E+000  0.781045470276614E-002 -0.224580040601163E-003 -0.207414819556597E+000  0.242269779321098E+000  0.102178760266858E+001  0.211223210396487E+002 -0.648601766737681E-001  0.117162246463433E+000  0.142191131587895E+002
      2.33000000 -0.978578066265050E-003  0.153323077400446E-002  0.147988150551870E+000  0.788615905009313E-002 -0.221426829360898E-003 -0.207866201431968E+000  0.238208914433335E+000  0.102138949818802E+001  0.210795619560333E+002 -0.945291671999662E-001  0.148107783311735E+000  0.142954324334330E+002
      2.34000000 -0.126192629684997E-002  0.185918821831270E-002  0.149426754895640E+000  0.782565650446386E-002 -0.213671248100712E-003 -0.208525540151298E+000  0.247283910365279E+000  0.102055211422147E+001  0.210571708050463E+002 -0.121379238538047E+000  0.178827282386471E+000  0.143727139783984E+002
      2.35000000 -0.144073202075838E-002  0.221877480502825E-002  0.150995770620148E+000  0.766994435629926E-002 -0.190821018428707E-003 -0.209382310023059E+000  0.265400503255807E+000  0.101827614616145E+001  0.210538794579065E+002 -0.137988095900999E+000  0.212506216400881E+000  0.144618281379008E+002
      2.36000000 -0.147721884675428E-002  0.262719518164428E-002  0.152795450755175E+000  0.749640487429448E-002 -0.117529201671981E-003 -0.210361959381703E+000  0.285063768274030E+000  0.101120882422576E+001  0.210623350873909E+002 -0.140883169124784E+000  0.250557040964274E+000  0.145721856836150E+002
      2.37000000 -0.138513393459894E-002  0.306947501739159E-002  0.154876088411842E+000  0.738646270477954E-002  0.480433933628392E-004 -0.211339924265897E+000  0.298521380127917E+000  0.995437408321533E+000  0.210705593899478E+002 -0.131543592598354E+000  0.291502331357938E+000  0.147082939551062E+002
      2.38000000 -0.121835324321941E-002  0.350294052148285E-002  0.157214184235450E+000  0.739493326565330E-002  0.332943125342656E-003 -0.212176010064416E+000  0.300667715853422E+000  0.968513863753413E+000  0.210652972013462E+002 -0.115218586276553E+000  0.331269980149278E+000  0.148676060502495E+002
      2.39000000 -0.104408500431955E-002  0.387215575854118E-002  0.159712088273790E+000  0.753523386732481E-002  0.734936199480416E-003 -0.212758592188120E+000  0.290381203894509E+000  0.930788539510215E+000  0.210362057379957E+002 -0.983250628769236E-001  0.364654177440209E+000  0.150406346770199E+002
      2.40000000 -0.915473841763574E-003  0.412888103953239E-002  0.162223677102549E+000  0.778573774140253E-002  0.122039928908137E-002 -0.213043004721674E+000  0.269845435628319E+000  0.885549688305042E+000  0.209793940499422E+002 -0.858540868352109E-001  0.387210748280251E+000  0.152135047724130E+002
      2.41000000 -0.857668776559139E-003  0.424852923699972E-002  0.164598580542155E+000  0.811106327916391E-002  0.173409335159579E-002 -0.213069398690173E+000  0.242492350989202E+000  0.838049718918235E+000  0.208989569829339E+002 -0.800993206686276E-001  0.396778237736180E+000  0.153721749523639E+002
      2.42000000 -0.872975140259001E-003  0.423752683048817E-002  0.166729744760659E+000  0.848436775859421E-002  0.221557632013951E-002 -0.212952419499240E+000  0.210902996038921E+000  0.793938135873676E+000  0.208058501227622E+002 -0.811919152152616E-001  0.394115368555988E+000  0.155068646014976E+002
      2.43000000 -0.959341736116174E-003  0.413070943131429E-002  0.168587218300956E+000  0.889708975105180E-002  0.261563612705020E-002 -0.212845632648574E+000  0.175922657731342E+000  0.757731288743423E+000  0.207144536218478E+002 -0.888573466545684E-001  0.382599720255620E+000  0.156150955745382E+002
      2.44000000 -0.112865215761073E-002  0.398162808143994E-002  0.170226044497905E+000  0.935082299100122E-002  0.290799087758772E-002 -0.212893318731088E+000  0.137446016610845E+000  0.731756325883136E+000  0.206380554187750E+002 -0.104110987379910E+000  0.367279881709365E+000  0.157022705808407E+002
      2.45000000 -0.141161903694290E-002  0.384978013973012E-002  0.171766032839022E+000  0.983733710534066E-002  0.309469067120581E-002 -0.213186912873467E+000  0.962719853778540E-001  0.715699622142647E+000  0.205848717444040E+002 -0.129681402192332E+000  0.353668286971811E+000  0.157796540034049E+002
      2.46000000 -0.184439677150079E-002  0.378762886667353E-002  0.173351751209051E+000  0.103205562127391E-001  0.320591306572748E-002 -0.213741047125682E+000  0.557341747272806E-001  0.706679166862625E+000  0.205559582350476E+002 -0.168750676191444E+000  0.346544161370062E+000  0.158605923017827E+002
      2.47000000 -0.244354008820756E-002  0.382860962331558E-002  0.175107886438935E+000  0.107338987004593E-001  0.329510553064418E-002 -0.214496057867771E+000  0.218919919218867E-001  0.699739191050159E+000  0.205455833668968E+002 -0.222663376563582E+000  0.348875449347184E+000  0.159564041717877E+002
      2.48000000 -0.318389852597966E-002  0.397691816798822E-002  0.177105559238948E+000  0.109978276567731E-001  0.342942322765043E-002 -0.215343625931620E+000  0.188288092918032E-002  0.688759804310176E+000  0.205436922847907E+002 -0.288957394436666E+000  0.360928560484235E+000  0.160733643111910E+002
      2.49000000 -0.399366189638332E-002  0.420114317874756E-002  0.179349597781834E+000  0.110505863136523E-001  0.367497660361796E-002 -0.216164270490628E+000  0.112245658368604E-002  0.667813860935211E+000  0.205393827398372E+002 -0.360992536601098E+000  0.379747052221397E+000  0.162116543466744E+002
      2.50000000 -0.477204894180709E-002  0.443539960533715E-002  0.181788081082802E+000  0.108767416537946E-001  0.407797311272167E-002 -0.216862685465574E+000  0.207691660474603E-001  0.632860911924545E+000  0.205241033667058E+002 -0.429626593486093E+000  0.399318122347035E+000  0.163663438838082E+002
      2.51000000 -0.542288971363112E-002  0.459139519780318E-002  0.184337539988985E+000  0.105182349904845E-001  0.464614330324773E-002 -0.217389771233387E+000  0.568181751658345E-001  0.583375164829210E+000  0.204935824610954E+002 -0.486276549307388E+000  0.411715511691506E+000  0.165297521408811E+002
      2.52000000 -0.588849242952636E-002  0.458153862179380E-002  0.186913021465907E+000  0.100612424617444E-001  0.533778375548339E-002 -0.217746643620332E+000  0.101377373089903E+000  0.523254381507183E+000  0.204481011301496E+002 -0.525932314590475E+000  0.409201377191799E+000  0.166941877200597E+002
      2.53000000 -0.616769546929351E-002  0.434763194410528E-002  0.189452660789641E+000  0.960451451305564E-002  0.606564023278441E-002 -0.217972757700031E+000  0.145560786753612E+000  0.460387002248687E+000  0.203913467823067E+002 -0.548692061130516E+000  0.386775116301462E+000  0.168541348146743E+002
      2.54000000 -0.631009785206838E-002  0.388479917608636E-002  0.191930278164013E+000  0.922412582832283E-002  0.671832523290100E-002 -0.218124933025097E+000  0.182631724352260E+000  0.404675736968405E+000  0.203284874578646E+002 -0.559150416690644E+000  0.344239840489342E+000  0.170073265941163E+002
      2.55000000 -0.639051522799561E-002  0.324949240069443E-002  0.194354578518354E+000  0.895072754702196E-002  0.719429441978591E-002 -0.218255421048984E+000  0.209968454389525E+000  0.364999156752198E+000  0.202642069288059E+002 -0.564055669921540E+000  0.286814841618575E+000  0.171546108689695E+002
      2.56000000 -0.647701787978242E-002  0.254538261855072E-002  0.196757763338697E+000  0.876814293325410E-002  0.743628221921271E-002 -0.218395705687391E+000  0.229107303746477E+000  0.346204128547036E+000  0.202012899070135E+002 -0.569457616628368E+000  0.223789334269347E+000  0.172988880135292E+002
      2.57000000 -0.660758720080718E-002  0.189020680276008E-002  0.199178751623798E+000  0.863089844346735E-002  0.745172993150854E-002 -0.218549794082288E+000  0.244126432369338E+000  0.347395207434889E+000  0.201400714120279E+002 -0.578676778972543E+000  0.165539818237975E+000  0.174436015638736E+002
      2.58000000 -0.678414287658224E-002  0.137589198055859E-002  0.201646757436665E+000  0.848944717174233E-002  0.730934064713179E-002 -0.218697580415225E+000  0.259396125615648E+000  0.362346464622640E+000  0.200787776986375E+002 -0.591836240585573E+000  0.120030304791556E+000  0.175912950270454E+002
      2.59000000 -0.698263132662436E-002  0.103851461028916E-002  0.204170158228738E+000  0.831003745464579E-002  0.711202189236192E-002 -0.218806143880329E+000  0.277846546230005E+000  0.381955713089395E+000  0.200145487757021E+002 -0.606800072375761E+000  0.902483191807572E-001  0.177426618984997E+002
      2.60000000 -0.717004429873916E-002  0.851049274206025E-003  0.206733814805732E+000  0.808164268136522E-002  0.695739229044005E-002 -0.218844831304790E+000  0.300395535361778E+000  0.397718644520775E+000  0.199447649543900E+002 -0.620690025632805E+000  0.736728775740768E-001  0.178963492364338E+002
      2.61000000 -0.731784700651846E-002  0.741630120854641E-003  0.209305483878010E+000  0.781109079059437E-002  0.690306737139624E-002 -0.218798903459771E+000  0.326407172751403E+000  0.404710969051160E+000  0.198682190402687E+002 -0.631057734014428E+000  0.639547975144177E-001  0.180495498546492E+002
      2.62000000 -0.740632076694878E-002  0.628132414807047E-003  0.211849018068033E+000  0.751393626374534E-002  0.695165039391816E-002 -0.218676800065986E+000  0.354505581900821E+000  0.402809477170831E+000  0.197857134870113E+002 -0.636249569587712E+000  0.539605279248145E-001  0.181991640390286E+002
      2.63000000 -0.742183007302585E-002  0.452434443509506E-003  0.214339434530027E+000  0.720905544509146E-002  0.706060964003164E-002 -0.218508050832002E+000  0.383051528315497E+000  0.395755468971410E+000  0.196998434175385E+002 -0.635157650753412E+000  0.387191831976647E-001  0.183430946761630E+002
      2.64000000 -0.735384527359948E-002  0.198729040751319E-003  0.216773781873928E+000  0.691984256938748E-002  0.716998198242481E-002 -0.218332302874658E+000  0.410045439425901E+000  0.388719681502805E+000  0.196140271993140E+002 -0.626955673256062E+000  0.169427415051921E-001  0.184811547296138E+002
      2.65000000 -0.719764167019875E-002 -0.110784542126563E-003  0.219172972390785E+000  0.667824306732366E-002  0.723255230550641E-002 -0.218183731385793E+000  0.432791639581501E+000  0.385712066258863E+000  0.195311668505833E+002 -0.611322841872750E+000 -0.940934881612576E-002  0.186151868185365E+002
      2.66000000 -0.696290390708032E-002 -0.437437069441029E-003  0.221573350199311E+000  0.652452117248416E-002  0.723120133552271E-002 -0.218077524022129E+000  0.447931098509199E+000  0.388135731002484E+000  0.194525141299973E+002 -0.589162424267874E+000 -0.370135058211048E-001  0.187483116094474E+002
      2.67000000 -0.668220661363926E-002 -0.750879177874928E-003  0.224011416534726E+000  0.649808524600718E-002  0.717630828583276E-002 -0.218004710138606E+000  0.452227256447335E+000  0.395054707734748E+000  0.193772655573278E+002 -0.563293725946127E+000 -0.632972840105250E-001  0.188836162618433E+002
      2.68000000 -0.641116204634485E-002 -0.104266806707514E-002  0.226508648695418E+000  0.662135507174442E-002  0.708773793912817E-002 -0.217938095456632E+000  0.443918612502070E+000  0.404750371380740E+000  0.193030991688310E+002 -0.538428742693340E+000 -0.875664118834483E-001  0.190228801026442E+002
      2.69000000 -0.621588679573971E-002 -0.132186379259827E-002  0.229063781414075E+000  0.688501083969483E-002  0.697444077248828E-002 -0.217846844462054E+000  0.423925536763760E+000  0.416442861466546E+000  0.192274228629608E+002 -0.520088309628819E+000 -0.110601419884797E+000  0.191659531113861E+002
      2.70000000 -0.615124254560519E-002 -0.159710651838050E-002  0.231656712341284E+000  0.724442652923642E-002  0.682530470695720E-002 -0.217712818139235E+000  0.396097922493009E+000  0.431036304182914E+000  0.191487413315025E+002 -0.512773252313169E+000 -0.133136272492724E+000  0.193111172135921E+002
      2.71000000 -0.624012540747134E-002 -0.185793107932072E-002  0.234262670427987E+000  0.763207298479537E-002  0.661742870576001E-002 -0.217540461722769E+000  0.366131019296283E+000  0.450400592741177E+000  0.190674570341160E+002 -0.518263116636492E+000 -0.154307339803087E+000  0.194562919428240E+002
      2.72000000 -0.646526549826866E-002 -0.206859317584344E-002  0.236870095033751E+000  0.798177304499404E-002  0.633690413405760E-002 -0.217354726148283E+000  0.339524448328220E+000  0.475634018877819E+000  0.189856633171613E+002 -0.534987624003121E+000 -0.171171895178923E+000  0.196005205622933E+002
      2.73000000 -0.677920152834746E-002 -0.218016279744696E-002  0.239493436054928E+000  0.825321614191968E-002  0.599901952349898E-002 -0.217187049500309E+000  0.319564682322744E+000  0.505411625597553E+000  0.189059576873937E+002 -0.558910377023800E+000 -0.179743234656630E+000  0.197450047886118E+002
      2.74000000 -0.712829083013164E-002 -0.215548102208058E-002  0.242174000056854E+000  0.844388477201626E-002  0.565437203800064E-002 -0.217055179825360E+000  0.306385743791194E+000  0.535527406950961E+000  0.188297751776267E+002 -0.585546140867244E+000 -0.177059778321160E+000  0.198931349086182E+002
      2.75000000 -0.747846032863813E-002 -0.199328844445599E-002  0.244967167844880E+000  0.858175591118387E-002  0.537501363881601E-002 -0.216945816298458E+000  0.297623876945310E+000  0.560080561592568E+000  0.187559887442226E+002 -0.612076599056117E+000 -0.163141229398306E+000  0.200494038058510E+002
      2.76000000 -0.782887381678604E-002 -0.173728977639826E-002  0.247920335991963E+000  0.870258797124890E-002  0.522615345634765E-002 -0.216808199713433E+000  0.290315017122151E+000  0.573813831191548E+000  0.186804329941549E+002 -0.638434704592971E+000 -0.141673772134259E+000  0.202175881455958E+002
      2.77000000 -0.820603393793148E-002 -0.146356414914559E-002  0.251050032825157E+000  0.882436384341001E-002  0.523758360868656E-002 -0.216562392765323E+000  0.282982240031812E+000  0.574423660063487E+000  0.185966318376485E+002 -0.666775778606704E+000 -0.118920922393041E+000  0.203989018778575E+002
      2.78000000 -0.864170041115603E-002 -0.125135125792341E-002  0.254327143527020E+000  0.893336490393465E-002  0.538994389284094E-002 -0.216120152486084E+000  0.276736491632399E+000  0.563619109735050E+000  0.184975299225916E+002 -0.699649754022875E+000 -0.101311959238033E+000  0.205908461233286E+002
      2.79000000 -0.914728559267387E-002 -0.115139159085424E-002  0.257676130668465E+000  0.899006151302122E-002  0.562357572373811E-002 -0.215411549812832E+000  0.274755013025379E+000  0.546335684510504E+000  0.183776504656739E+002 -0.737928545973036E+000 -0.928849016330200E-001  0.207872128304847E+002
      2.80000000 -0.969973113915723E-002 -0.116763506356991E-002  0.260989127631799E+000  0.895187987627907E-002  0.586604627603373E-002 -0.214408581543616E+000  0.280414356704635E+000  0.528465222782384E+000  0.182349650811266E+002 -0.779700729682238E+000 -0.938588810356584E-001  0.209792838929477E+002
      2.81000000 -0.102477723704799E-001 -0.126139774150334E-002  0.264150912757102E+000  0.880013552413697E-002  0.606477408100581E-002 -0.213138260782698E+000  0.295129530783493E+000  0.514225645679484E+000  0.180718809356773E+002 -0.820822827033960E+000 -0.101035036958627E+000  0.211578761836542E+002
      2.82000000 -0.107362047848583E-001 -0.137563114660710E-002  0.267067650123587E+000  0.855553638481821E-002  0.620866555622703E-002 -0.211681126122907E+000  0.317151421324376E+000  0.504463746064472E+000  0.178950431164058E+002 -0.856895681107752E+000 -0.109794141593442E+000  0.213156437065407E+002
      2.83000000 -0.111354675602491E-001 -0.146695943194284E-002  0.269691505722000E+000  0.827239633541949E-002  0.632843513514010E-002 -0.210155323243979E+000  0.342082901223835E+000  0.496689288679568E+000  0.177139937395219E+002 -0.885621797324547E+000 -0.116669663100375E+000  0.214490029025182E+002
      2.84000000 -0.114602362613949E-001 -0.152965172611857E-002  0.272034531517236E+000  0.801305540068816E-002  0.647607730068110E-002 -0.208690154840382E+000  0.364952689854424E+000  0.486760634434254E+000  0.175390247362906E+002 -0.908241843779915E+000 -0.121227317865257E+000  0.215591667432995E+002
      2.85000000 -0.117658345550145E-001 -0.160020822144976E-002  0.274167891587049E+000  0.781489965006771E-002  0.669407573805305E-002 -0.207395583455339E+000  0.382829980272357E+000  0.471345373542097E+000  0.173787562302798E+002 -0.929189198784859E+000 -0.126374052620359E+000  0.216519994671972E+002
      2.86000000 -0.121225036801609E-001 -0.174103750272342E-002  0.276205965242021E+000  0.766699565732180E-002  0.698935017194641E-002 -0.206335335236853E+000  0.396627573276512E+000  0.449956493657301E+000  0.172380491009895E+002 -0.954009209132401E+000 -0.137015079959206E+000  0.217366842205564E+002
      2.87000000 -0.125790785624092E-001 -0.201159763286637E-002  0.278278593247137E+000  0.750923691333597E-002  0.732387469057758E-002 -0.205510826403936E+000  0.411101856612796E+000  0.425638549235010E+000  0.171168099384792E+002 -0.986491183647270E+000 -0.157755857873291E+000  0.218234886978469E+002
      2.88000000 -0.131335158910980E-001 -0.244056176791518E-002  0.280498120355000E+000  0.725613234412068E-002  0.762545200946412E-002 -0.204860956268845E+000  0.432926982781735E+000  0.404064331576918E+000  0.170100608798462E+002 -0.102639562370765E+001 -0.190732012565975E+000  0.219211706581735E+002
      2.89000000 -0.137250724483584E-001 -0.301102822699153E-002  0.282930039168428E+000  0.683536423434093E-002  0.781283599596223E-002 -0.204278950686635E+000  0.467658781416736E+000  0.391532844177286E+000  0.169093358907039E+002 -0.106891477056851E+001 -0.234500222752187E+000  0.220347177796377E+002
      2.90000000 -0.142531242747312E-001 -0.366398481904950E-002  0.285575961911342E+000  0.622387769076386E-002  0.782370163838867E-002 -0.203642563585247E+000  0.516953069128662E+000  0.392787703703592E+000  0.168050849039985E+002 -0.110621195953992E+001 -0.284368798607258E+000  0.221640910676337E+002
      2.91000000 -0.146154414637254E-001 -0.431694352916811E-002  0.288374764094272E+000  0.546495639594991E-002  0.763403408579993E-002 -0.202849437128128E+000  0.577311932698613E+000  0.409544215973785E+000  0.166894273843440E+002 -0.113043403413740E+001 -0.333894798931168E+000  0.223043996808165E+002
      2.92000000 -0.147498839444843E-001 -0.488882824294530E-002  0.291222465392294E+000  0.465796518186636E-002  0.726250500504469E-002 -0.201847016881674E+000  0.640962623430042E+000  0.440203899658037E+000  0.165584296103799E+002 -0.113692555211782E+001 -0.376832371714915E+000  0.224475164348028E+002
      2.93000000 -0.146618327823723E-001 -0.532101360081381E-002  0.294005294803189E+000  0.392425327510874E-002  0.676035179951576E-002 -0.200647422281091E+000  0.698549724889294E+000  0.480688485950818E+000  0.164131796310249E+002 -0.112628141356417E+001 -0.408745537401299E+000  0.225846730038009E+002
      2.94000000 -0.144256583971607E-001 -0.558758656411707E-002  0.296635670098144E+000  0.336281060667800E-002  0.619284090589038E-002 -0.199322189231443E+000  0.742556842315801E+000  0.525901186738777E+000  0.162592993760542E+002 -0.110436997018615E+001 -0.427762992671518E+000  0.227092252653725E+002
      2.95000000 -0.141592702486408E-001 -0.569327832599123E-002  0.299079484603440E+000  0.301344529267305E-002  0.562049929476688E-002 -0.197978450091395E+000  0.770084859803275E+000  0.571175927277030E+000  0.161050504282813E+002 -0.108030187646508E+001 -0.434376853524404E+000  0.228186991812181E+002
      2.96000000 -0.139816340765565E-001 -0.566244635094780E-002  0.301365897608761E+000  0.284206978112536E-002  0.508678186209583E-002 -0.196724474123296E+000  0.783892767684922E+000  0.613207825892020E+000  0.159586691761631E+002 -0.106314498806232E+001 -0.430564941495349E+000  0.229154648062829E+002
      2.97000000 -0.139697339420491E-001 -0.552511794601029E-002  0.303576861673863E+000  0.275378954992136E-002  0.461508929797857E-002 -0.195636099171464E+000  0.791310511918358E+000  0.650256272098311E+000  0.158258233413471E+002 -0.105866355149986E+001 -0.418708116521288E+000  0.230058610898421E+002
      2.98000000 -0.141314330357050E-001 -0.530595527011948E-002  0.305820638514105E+000  0.262863467088843E-002  0.421399527392359E-002 -0.194735023068070E+000  0.801463554032301E+000  0.681723879596132E+000  0.157080154627594E+002 -0.106732385538807E+001 -0.400750059892143E+000  0.230981289817811E+002
      2.99000000 -0.144043582804291E-001 -0.501976205728535E-002  0.308198899414083E+000  0.236619326919148E-002  0.388672627577184E-002 -0.193985429166167E+000  0.821883028682822E+000  0.707423767283419E+000  0.156023985329596E+002 -0.108429886268513E+001 -0.377866350149015E+000  0.231999030855504E+002
      3.00000000 -0.146809176564642E-001 -0.467406506858393E-002  0.310778722074799E+000  0.192222927265015E-002  0.364004958312933E-002 -0.193308766846788E+000  0.855785075345574E+000  0.726905898355386E+000  0.155029573956153E+002 -0.110143335335117E+001 -0.350670937794214E+000  0.233161208321549E+002
      3.01000000 -0.148496839652776E-001 -0.427654252054665E-002  0.313578388166133E+000  0.132361523131441E-002  0.348864875780048E-002 -0.192610232197068E+000  0.901025905758606E+000  0.739134271984175E+000  0.154025414805771E+002 -0.111039370465297E+001 -0.319780939688637E+000  0.234480052874573E+002
      3.02000000 -0.148372987299575E-001 -0.384342135118225E-002  0.316570429725534E+000  0.656261208601240E-003  0.345320085571726E-002 -0.191806870199306E+000  0.951090179770975E+000  0.742639926215001E+000  0.152949780014201E+002 -0.110579385777396E+001 -0.286442417877152E+000  0.235933536902212E+002
      3.03000000 -0.146349991967077E-001 -0.340477048979416E-002  0.319699003465141E+000  0.310263940526109E-004  0.355293435485800E-002 -0.190847421282256E+000  0.997695297085752E+000  0.736080894612189E+000  0.151765300621201E+002 -0.108711715713666E+001 -0.252913195676875E+000  0.237478845823671E+002
      3.04000000 -0.142998849569118E-001 -0.300384201694333E-002  0.322903732794800E+000 -0.459015029717167E-003  0.379565392551501E-002 -0.189717788815361E+000  0.103398439930824E+001  0.718978660197538E+000  0.150462613935540E+002 -0.105873003926910E+001 -0.222397437891235E+000  0.239070372056901E+002
      3.05000000 -0.139308799350684E-001 -0.268987084551126E-002  0.326140358418483E+000 -0.773350847637923E-003  0.416938050909327E-002 -0.188431788610824E+000  0.105706935997650E+001  0.692320920214666E+000  0.149053078018756E+002 -0.102802809906020E+001 -0.198498790092029E+000  0.240674999895562E+002
      3.06000000 -0.136292254457094E-001 -0.250632654740905E-002  0.329390409251000E+000 -0.937514655637221E-003  0.463943337739252E-002 -0.187012484540900E+000  0.106895772331863E+001  0.658752253877048E+000  0.147554704756431E+002 -0.100248070969474E+001 -0.184349728895590E+000  0.242279014715789E+002
      3.07000000 -0.134593169031462E-001 -0.247861157077437E-002  0.332656866029585E+000 -0.103051676171478E-002  0.515297662441776E-002 -0.185472854934548E+000  0.107555147719415E+001  0.622213815063186E+000  0.145977877219614E+002 -0.986758597079740E+000 -0.181717340774643E+000  0.243884607810643E+002
      3.08000000 -0.134252703578125E-001 -0.260580551517460E-002  0.335948638729210E+000 -0.115193735698723E-002  0.565032245758020E-002 -0.183804517043665E+000  0.108417912778908E+001  0.587096283212688E+000  0.144317233785146E+002 -0.981066845517574E+000 -0.190422191037439E+000  0.245498274872501E+002
      3.09000000 -0.134718769930608E-001 -0.285991033169151E-002  0.339261403268671E+000 -0.138243741033535E-002  0.607962415819487E-002 -0.181979749263455E+000  0.110069624454163E+001  0.557162359483398E+000  0.142553395882220E+002 -0.981286682482732E+000 -0.208314841579180E+000  0.247116787868113E+002
      3.10000000 -0.135083928136655E-001 -0.319349116411458E-002  0.342564088621355E+000 -0.175363079497012E-002  0.641006812828424E-002 -0.179966369309043E+000  0.112732179274779E+001  0.534599091171573E+000  0.140663996323858E+002 -0.980772460834063E+000 -0.231862385916996E+000  0.248717540883664E+002
      3.11000000 -0.134443292256687E-001 -0.355358120545598E-002  0.345798275151379E+000 -0.223867747686275E-002  0.663894914884294E-002 -0.177749316961785E+000  0.116201581744782E+001  0.519531158703740E+000  0.138639347051957E+002 -0.972982491692723E+000 -0.257177002859732E+000  0.250258426234797E+002
      3.12000000 -0.132221068611152E-001 -0.389740104784511E-002  0.348892592458176E+000 -0.276570371884553E-002  0.679002453395221E-002 -0.175349343393584E+000  0.119951581894281E+001  0.510172656491666E+000  0.136495718286331E+002 -0.953833001188525E+000 -0.281155626508669E+000  0.251688533493488E+002
      3.13000000 -0.128338972524007E-001 -0.420472092558052E-002  0.351787810252020E+000 -0.324646021147934E-002  0.690352500918282E-002 -0.172829552701815E+000  0.123344900245527E+001  0.503575919051734E+000  0.134279627793880E+002 -0.922869930945851E+000 -0.302356364081939E+000  0.252966332650157E+002
      3.14000000 -0.123178489075244E-001 -0.448280051744247E-002  0.354463227971692E+000 -0.360688283264961E-002  0.702103058644981E-002 -0.170284771244498E+000  0.125854054632853E+001  0.496734114238866E+000  0.132059739203227E+002 -0.882940625993158E+000 -0.321326128026729E+000  0.254078440762252E+002
      3.15000000 -0.117383141074321E-001 -0.476230859169598E-002  0.356953339504407E+000 -0.380687152746209E-002  0.717010335694599E-002 -0.167815368043835E+000  0.127200941874323E+001  0.487680203447270E+000  0.129907804580462E+002 -0.838728592324380E+000 -0.340277517262765E+000  0.255051082487614E+002
      3.16000000 -0.111611827160690E-001 -0.508554798247042E-002  0.359346454603732E+000 -0.384298505112957E-002  0.735360383683809E-002 -0.165493691707257E+000  0.127372085505601E+001  0.476231444259502E+000  0.127874709887749E+002 -0.794967567094948E+000 -0.362223772320166E+000  0.255948481471628E+002
      3.17000000 -0.106360993117660E-001 -0.549073271439799E-002  0.361763188074100E+000 -0.373646518865679E-002  0.754709426942914E-002 -0.163335123225259E+000  0.126529432120316E+001  0.464145616198223E+000  0.125970251178111E+002 -0.755178117470627E+000 -0.389849800500311E+000  0.256856988010402E+002
      3.18000000 -0.101922727716700E-001 -0.599728384298207E-002  0.364320255869991E+000 -0.351567614015766E-002  0.770519667243041E-002 -0.161285223314397E+000  0.124883302378565E+001  0.454640498604622E+000  0.124154683791397E+002 -0.721390125800692E+000 -0.424476605254984E+000  0.257859106699251E+002
      3.19000000 -0.984669443893274E-002 -0.659682164107675E-002  0.367091045747901E+000 -0.320353105579525E-002  0.777499150530862E-002 -0.159229546904888E+000  0.122602919117440E+001  0.451425626683530E+000  0.122346423590526E+002 -0.694745997778667E+000 -0.465447106297585E+000  0.259005736834241E+002
      3.20000000 -0.961702566036177E-002 -0.725281968922846E-002  0.370076643344606E+000 -0.281639741784243E-002  0.771230187767744E-002 -0.157025012849268E+000  0.119809350424047E+001  0.457549245347679E+000  0.120444764832036E+002 -0.676420984255481E+000 -0.510132717336526E+000  0.260296287211639E+002
      3.21000000 -0.952945626472657E-002 -0.790918962627563E-002  0.373198403657184E+000 -0.237377180597221E-002  0.749567799305711E-002 -0.154543910140294E+000  0.116644095935895E+001  0.474428067149779E+000  0.118361033702220E+002 -0.668173679913017E+000 -0.554565988962025E+000  0.261674269530256E+002
      3.22000000 -0.961522278254837E-002 -0.850513212654169E-002  0.376316442752323E+000 -0.191158736826245E-002  0.713349198866468E-002 -0.151716464060218E+000  0.113361787352683E+001  0.501376685067536E+000  0.116048154760315E+002 -0.672093592488337E+000 -0.594499465565204E+000  0.263041091862052E+002
      3.23000000 -0.989620350270662E-002 -0.899137090450887E-002  0.379269709235303E+000 -0.148966155830477E-002  0.666175847130419E-002 -0.148557330596277E+000  0.110380334863648E+001  0.535791983572577E+000  0.113518468973178E+002 -0.689592247743891E+000 -0.626541245907431E+000  0.264284633214356E+002
      3.24000000 -0.103664789542053E-001 -0.934227720139663E-002  0.381925483111913E+000 -0.118657775622167E-002  0.613351761854591E-002 -0.145165920444683E+000  0.108242851351702E+001  0.573920261629503E+000  0.110843041872677E+002 -0.720132706112322E+000 -0.648984037107798E+000  0.265313837901599E+002
      3.25000000 -0.109796646576491E-001 -0.955983738779667E-002  0.384222029644899E+000 -0.108165807520148E-002  0.560372890784199E-002 -0.141698870440095E+000  0.107490881232528E+001  0.611921099002485E+000  0.108131695550130E+002 -0.760382285391930E+000 -0.662054008711817E+000  0.266087930832915E+002
      3.26000000 -0.116498081846912E-001 -0.966856026634651E-002  0.386189472241036E+000 -0.123036270011783E-002  0.511531769092379E-002 -0.138322640552793E+000  0.108494578457961E+001  0.646832048315626E+000  0.105499686602616E+002 -0.804317374344782E+000 -0.667529532146393E+000  0.266630057240502E+002
      3.27000000 -0.122677812435725E-001 -0.970406217896340E-002  0.387940773792892E+000 -0.164318531349351E-002  0.469140452026663E-002 -0.135161758297486E+000  0.111310064130227E+001  0.677090066778639E+000  0.103031999601352E+002 -0.844392847605286E+000 -0.667931758314227E+000  0.267020097751421E+002
      3.28000000 -0.127282491037701E-001 -0.970058112791225E-002  0.389635060923911E+000 -0.227721434090410E-002  0.433591033212798E-002 -0.132260655487165E+000  0.115626306624946E+001  0.702468655975517E+000  0.100757620832399E+002 -0.873415908733641E+000 -0.665656510334191E+000  0.267368636516192E+002
      3.29000000 -0.129576186833973E-001 -0.968277915116133E-002  0.391425812866493E+000 -0.304454890797837E-002  0.404086878986505E-002 -0.129572885734011E+000  0.120828276411690E+001  0.723557299808436E+000  0.986430128435800E+001 -0.886452711821570E+000 -0.662415374787513E+000  0.267781049721006E+002
      3.30000000 -0.129328308564892E-001 -0.966470998416969E-002  0.393412610652975E+000 -0.383505368724588E-002  0.379574580162999E-002 -0.126981727358468E+000  0.126156750130083E+001  0.741113469100229E+000  0.966071138625175E+001 -0.882075852843525E+000 -0.659175658938915E+000  0.268324675325819E+002
      3.31000000 -0.126844943642451E-001 -0.965491331169430E-002  0.395614285277799E+000 -0.454545333237003E-002  0.359345676358466E-002 -0.124344176563971E+000  0.130908326054246E+001  0.755650921504900E+000  0.945519703132016E+001 -0.862524503004657E+000 -0.656518034269927E+000  0.269011128857151E+002
      3.32000000 -0.122839047570165E-001 -0.966326524176737E-002  0.397973120824245E+000 -0.510469924779877E-002  0.343000453622703E-002 -0.121540931833418E+000  0.134606553669154E+001  0.767467914746265E+000  0.923968773930394E+001 -0.832769157602729E+000 -0.655106777059778E+000  0.269799992048970E+002
      3.33000000 -0.118193481345877E-001 -0.970431022175053E-002  0.400387160740852E+000 -0.548748089357122E-002  0.329863378487633E-002 -0.118512421029388E+000  0.137089848818935E+001  0.777045550111295E+000  0.901024707766297E+001 -0.798868996452993E+000 -0.655913717054484E+000  0.270621429922765E+002
      3.34000000 -0.113704657355972E-001 -0.979394459929638E-002  0.402755858171331E+000 -0.571261842660436E-002  0.318296949010509E-002 -0.115266857868637E+000  0.138495948538523E+001  0.785507414393142E+000  0.876755368088864E+001 -0.766228078140300E+000 -0.659990146598622E+000  0.271407393806421E+002
      3.35000000 -0.109892604858187E-001 -0.994047194407068E-002  0.405018674195002E+000 -0.582872445591358E-002  0.305472055027736E-002 -0.111858600996682E+000  0.139161110046722E+001  0.794764277268199E+000  0.851537839271015E+001 -0.738329016017600E+000 -0.667864673759207E+000  0.272117527446953E+002
      3.36000000 -0.106929681110593E-001 -0.101349612770508E-001  0.407169682079170E+000 -0.589371922271608E-002  0.287936999338749E-002 -0.108348419905955E+000  0.139479936029213E+001  0.807121210143113E+000  0.825787660577111E+001 -0.716284032262554E+000 -0.678905132321734E+000  0.272748537791944E+002
      3.37000000 -0.104690885797135E-001 -0.103472456493374E-001  0.409242564422397E+000 -0.595606044283834E-002  0.262881211085573E-002 -0.104765457794169E+000  0.139779147446029E+001  0.824427731099716E+000  0.799704214361352E+001 -0.699206165274409E+000 -0.691068558312217E+000  0.273323625030097E+002
      3.38000000 -0.102884372838780E-001 -0.105317715048942E-001  0.411274489624333E+000 -0.604370796980513E-002  0.229546009163798E-002 -0.101089657046995E+000  0.140245103295786E+001  0.847145115282095E+000  0.773156894793359E+001 -0.685107922670252E+000 -0.701311569353916E+000  0.273868035989611E+002
      3.39000000 -0.101198192397449E-001 -0.106426957118723E-001  0.413267524825400E+000 -0.616292735486226E-002  0.190041657229046E-002 -0.972634290944835E-001  0.140917927248804E+001  0.873824397774132E+000  0.745767455382608E+001 -0.671891787100550E+000 -0.706607467190048E+000  0.274383414592056E+002
      3.40000000 -0.994053458430642E-002 -0.106524915655119E-001  0.415167488897868E+000 -0.630483819079367E-002  0.149017392923056E-002 -0.932270842253537E-001  0.141737007141564E+001  0.901352900670336E+000  0.717148190382183E+001 -0.658047281121318E+000 -0.705177679570637E+000  0.274834149976723E+002
      3.41000000 -0.973983714099754E-002 -0.105655673248717E-001  0.416871787006877E+000 -0.645491255278542E-002  0.112136076603475E-002 -0.889608934863763E-001  0.142605165787676E+001  0.925985424350807E+000  0.687179699897150E+001 -0.642870639600071E+000 -0.697372340579220E+000  0.275153093901617E+002
      3.42000000 -0.951618007318394E-002 -0.104196671312270E-001  0.418263883369055E+000 -0.660044450442824E-002  0.838957705824810E-003 -0.845133024688747E-001  0.143438353310290E+001  0.944787140906103E+000  0.656192645752781E+001 -0.626271748676886E+000 -0.685731365392421E+000  0.275264708771195E+002
      3.43000000 -0.927181268670591E-002 -0.102728308715864E-001  0.419259479343141E+000 -0.673317007752648E-002  0.657272890410180E-003 -0.800012774148020E-001  0.144182647928260E+001  0.956870157183894E+000  0.624963461954872E+001 -0.608410645916720E+000 -0.674096843537035E+000  0.275115491709199E+002
      3.44000000 -0.900881371626455E-002 -0.101802963906541E-001  0.419844218638982E+000 -0.684744644816807E-002  0.552730341243824E-003 -0.755816530309717E-001  0.144801904646094E+001  0.963835610499687E+000  0.594520408114129E+001 -0.589434347746500E+000 -0.666082855288452E+000  0.274698324288605E+002
      3.45000000 -0.872888103497934E-002 -0.101709053491030E-001  0.420087036406125E+000 -0.693694708487563E-002  0.472965011396656E-003 -0.714052115382374E-001  0.145255937102103E+001  0.969144243792878E+000  0.565840336188002E+001 -0.569463319032726E+000 -0.663539518348084E+000  0.274060509102836E+002
      3.46000000 -0.843626588217650E-002 -0.102337883432448E-001  0.420124463846140E+000 -0.699335106210363E-002  0.359624172426181E-003 -0.675719493312184E-001  0.145492049897497E+001  0.976606292675608E+000  0.539558441060476E+001 -0.548782729556090E+000 -0.665712339931164E+000  0.273292773417534E+002
      3.47000000 -0.814088688433082E-002 -0.103224770197578E-001  0.420123437666235E+000 -0.700878362933079E-002  0.175693744058024E-003 -0.641039470189544E-001  0.145461049096758E+001  0.988603982735050E+000  0.515797210592865E+001 -0.528042065374839E+000 -0.669546471133075E+000  0.272504520563538E+002
      3.48000000 -0.785830973346844E-002 -0.103763462592328E-001  0.420237625033635E+000 -0.698086844248031E-002 -0.748845334835801E-004 -0.609433925864358E-001  0.145149868023071E+001  0.100484327534835E+001  0.494161006589338E+001 -0.508248580064135E+000 -0.671106565073143E+000  0.271795314077801E+002
      3.49000000 -0.760520736197436E-002 -0.103513293553405E-001  0.420572195290793E+000 -0.691697342796788E-002 -0.345377882423979E-003 -0.579727050843070E-001  0.144608431787184E+001  0.102227385412038E+001  0.473873268012773E+001 -0.490469390069198E+000 -0.667570252022844E+000  0.271232299510618E+002
      3.50000000 -0.739202331588444E-002 -0.102466271556245E-001  0.421165748038062E+000 -0.683407835938824E-002 -0.565342306913295E-003 -0.550465822752022E-001  0.143947905830170E+001  0.103635546617914E+001  0.453988041530130E+001 -0.475358823087873E+000 -0.658929824375850E+000  0.270839046032342E+002
      3.51000000 -0.721694057592345E-002 -0.101142528542900E-001  0.421990009965660E+000 -0.675295837150105E-002 -0.674571824095849E-003 -0.520246929257363E-001  0.143302526043345E+001  0.104325609958488E+001  0.433602029863096E+001 -0.462777556220498E+000 -0.648564190000361E+000  0.270595972776710E+002
      3.52000000 -0.706529097364997E-002 -0.100443007904985E-001  0.422962310190708E+000 -0.668887338215049E-002 -0.658239133517978E-003 -0.487975374934211E-001  0.142769737721631E+001  0.104208887429953E+001  0.412019343290973E+001 -0.451766126529461E+000 -0.642248830054362E+000  0.270448938699684E+002
      3.53000000 -0.691591436573016E-002 -0.101288796333602E-001  0.423964718400694E+000 -0.664360176935207E-002 -0.567042215131674E-003 -0.453031790904455E-001  0.142359923020438E+001  0.103615488317365E+001  0.388855239292818E+001 -0.440962011750505E+000 -0.645822215792238E+000  0.270321934672291E+002
      3.54000000 -0.675200009027548E-002 -0.104177707425788E-001  0.424865923156579E+000 -0.660368696201615E-002 -0.510595853018512E-003 -0.415356792266111E-001  0.141986482420936E+001  0.103246387045642E+001  0.364085362574076E+001 -0.429294626966927E+000 -0.662365661280654E+000  0.270131302656753E+002
      3.55000000 -0.657089963256891E-002 -0.108845345215538E-001  0.425544425963838E+000 -0.654682917256187E-002 -0.622643854311011E-003 -0.375459907534778E-001  0.141507725062387E+001  0.103947640794546E+001  0.338046330568977E+001 -0.416603348235040E+000 -0.690093256512948E+000  0.269800548772016E+002
      3.56000000 -0.638724903980627E-002 -0.114198118921209E-001  0.425911901124053E+000 -0.645387653157007E-002 -0.100908149685519E-002 -0.334342856452067E-001  0.140803454253165E+001  0.106379733249193E+001  0.311382157396117E+001 -0.403822141195977E+000 -0.721996725286822E+000  0.269275011512594E+002
      3.57000000 -0.622689871243161E-002 -0.118587973658236E-001  0.425933371999028E+000 -0.632035516155603E-002 -0.169892066070011E-002 -0.293320219896117E-001  0.139847359022409E+001  0.110711028065207E+001  0.284926887998726E+001 -0.392581527854123E+000 -0.747650636920267E+000  0.268534276315762E+002
      3.58000000 -0.611409540468351E-002 -0.120357174649684E-001  0.425638298842783E+000 -0.616110183496858E-002 -0.261959761643270E-002 -0.253743238696387E-001  0.138734828373594E+001  0.116469402194342E+001  0.259528296482290E+001 -0.384392990903071E+000 -0.756685188536571E+000  0.267598668168872E+002
      3.59000000 -0.605837686428573E-002 -0.118455660760336E-001  0.425116632663581E+000 -0.600484268110716E-002 -0.360985566886827E-002 -0.216678550161718E-001  0.137647267586346E+001  0.122631933845920E+001  0.235846279267648E+001 -0.379828993132990E+000 -0.742655918662565E+000  0.266526210181103E+002
      3.60000000 -0.604832069451704E-002 -0.112882818096130E-001  0.424497802584114E+000 -0.588091205672062E-002 -0.446851190825874E-002 -0.182635146051237E-001  0.136767869006160E+001  0.127937445571485E+001  0.214184756737839E+001 -0.378145193905951E+000 -0.705751187702521E+000  0.265398962750664E+002
      3.61000000 -0.605598950897842E-002 -0.104760874877455E-001  0.423917218927199E+000 -0.580481445859372E-002 -0.502192774774873E-002 -0.151438147517244E-001  0.136191569421138E+001  0.131310466166841E+001  0.194417905481283E+001 -0.377575831736357E+000 -0.653157909316722E+000  0.264301806148276E+002
      3.62000000 -0.605024514268830E-002 -0.959920438688096E-002  0.423480792024123E+000 -0.577037098059951E-002 -0.518403670808203E-002 -0.122303969626453E-001  0.135877439443263E+001  0.132231890062386E+001  0.176042827726266E+001 -0.376175647031177E+000 -0.596833158997421E+000  0.263300341040672E+002
      3.63000000 -0.601213889632141E-002 -0.886253551199566E-002  0.423239677057730E+000 -0.575296345776417E-002 -0.498493002407631E-002 -0.940942899409450E-002  0.135670669931541E+001  0.130908556055692E+001  0.158342215860877E+001 -0.372776611093935E+000 -0.549512579605043E+000  0.262425494844452E+002
      3.64000000 -0.594416303428443E-002 -0.841829630788312E-002  0.423183568518964E+000 -0.572249363385494E-002 -0.455684543585474E-002 -0.656538930480536E-002  0.135384267539180E+001  0.128176639128623E+001  0.140596199231349E+001 -0.367549303781285E+000 -0.520533997661369E+000  0.261669851724633E+002
      3.65000000 -0.586823136089171E-002 -0.832104776309510E-002  0.423253108457252E+000 -0.565930751915000E-002 -0.408435453404350E-002 -0.361078013051526E-002  0.134897691941340E+001  0.125185863433990E+001  0.122265602679523E+001 -0.361860050156220E+000 -0.513111119130850E+000  0.260995829298462E+002
      3.66000000 -0.581328914046811E-002 -0.852130208983609E-002  0.423364275091425E+000 -0.556452803969076E-002 -0.374032399539369E-002 -0.502137647666110E-003  0.134219489421305E+001  0.123001407573056E+001  0.103087933747442E+001 -0.357492647761535E+000 -0.524023968679820E+000  0.260351088708946E+002
      3.67000000 -0.579915499483512E-002 -0.889667929051396E-002  0.423433865108137E+000 -0.545912082400551E-002 -0.363393070382312E-002  0.276032430687656E-002  0.133479804835572E+001  0.122286242542022E+001  0.830714281554763E+000 -0.355651731657141E+000 -0.545617318124375E+000  0.259684363501422E+002
      3.68000000 -0.582537324117941E-002 -0.930375569349023E-002  0.423396973444729E+000 -0.537210692974347E-002 -0.378964581417033E-002  0.614483843337236E-002  0.132856636672750E+001  0.123178059793488E+001  0.624172179633608E+000 -0.356288835221926E+000 -0.569032084638044E+000  0.258956135958371E+002
      3.69000000 -0.587120904686329E-002 -0.962675556571743E-002  0.423213182790180E+000 -0.532430514183909E-002 -0.416066995283895E-002  0.960359026937682E-002  0.132476023482512E+001  0.125378337922365E+001  0.414221358851395E+000 -0.358119074315125E+000 -0.587191626858280E+000  0.258142253237856E+002
      3.70000000 -0.590683846791623E-002 -0.980395370028898E-002  0.422864381300702E+000 -0.531650071569480E-002 -0.466473040419484E-002  0.130844417518836E-001  0.132340775385606E+001  0.128375995096007E+001  0.204061065026272E+000 -0.359318556218745E+000 -0.596383752147193E+000  0.257232392235880E+002
      3.71000000 -0.590961495602314E-002 -0.982587927759515E-002  0.422350244041523E+000 -0.532854121280898E-002 -0.522210956195606E-002  0.165364894288062E-001  0.132326649542305E+001  0.131680960874446E+001 -0.321884935416383E-002 -0.358518483734530E+000 -0.596106407300110E+000  0.256227131929038E+002
      3.72000000 -0.587648159333720E-002 -0.971372256806933E-002  0.421686123231098E+000 -0.532983338160386E-002 -0.577862450912177E-002  0.199120562262385E-001  0.132247568071304E+001  0.134962929208931E+001 -0.204756964470129E+000 -0.355550026863847E+000 -0.587718052914664E+000  0.255136530356737E+002
      3.73000000 -0.582575302334637E-002 -0.949424129316507E-002  0.420903865193739E+000 -0.529539635177127E-002 -0.630742523000351E-002  0.231697734492127E-001  0.131953314619631E+001  0.138060067542761E+001 -0.398103204192882E+000 -0.351535762170074E+000 -0.572898531030113E+000  0.253980490519009E+002
      3.74000000 -0.578744806496677E-002 -0.918545005518693E-002  0.420052061416739E+000 -0.521856110652108E-002 -0.679604463949790E-002  0.262815409485129E-001  0.131405480792599E+001  0.140898831121225E+001 -0.581632202077771E+000 -0.348290621365643E+000 -0.552783553533711E+000  0.252788779846433E+002
      3.75000000 -0.578779235554415E-002 -0.879772353989742E-002  0.419191212574209E+000 -0.511335198407276E-002 -0.723199061198561E-002  0.292419473234178E-001  0.130690269120621E+001  0.143406309374162E+001 -0.755097704523590E+000 -0.347382510649001E+000 -0.528038171299953E+000  0.251597996128072E+002
      3.76000000 -0.583679244546151E-002 -0.834410129156869E-002  0.418381902287783E+000 -0.500549797073449E-002 -0.759800809234416E-002  0.320752122362985E-001  0.129963029386547E+001  0.145481856366975E+001 -0.920029800101847E+000 -0.349391777979041E+000 -0.499479879255477E+000  0.250444397467390E+002
      3.77000000 -0.592599631119511E-002 -0.784822173162539E-002  0.417668592979266E+000 -0.491759810304160E-002 -0.787919873326899E-002  0.348343477462146E-001  0.129358776843699E+001  0.147039963915336E+001 -0.107966129103631E+001 -0.353790610032469E+000 -0.468550267042245E+000  0.249354232675412E+002
      3.78000000 -0.603761716586894E-002 -0.734135688911027E-002  0.417065122280623E+000 -0.485746555866227E-002 -0.807467631283530E-002  0.375903945739021E-001  0.128923057810189E+001  0.148079461804566E+001 -0.123826425990801E+001 -0.359500954181357E+000 -0.437130201222552E+000  0.248335237721336E+002
      3.79000000 -0.615939420235710E-002 -0.684900235698550E-002  0.416548161218706E+000 -0.481700909843585E-002 -0.820262203603955E-002  0.404143894411992E-001  0.128606487283813E+001  0.148712426772057E+001 -0.140006546387495E+001 -0.365784303755901E+000 -0.406737655728180E+000  0.247372995016096E+002
      3.80000000 -0.629576633059736E-002 -0.637621294110281E-002  0.416061652068537E+000 -0.478294577614546E-002 -0.829192812090264E-002  0.433582954960610E-001  0.128329449556601E+001  0.149113197268438E+001 -0.156811743767200E+001 -0.372899052237517E+000 -0.377663915359487E+000  0.246433853452773E+002
      3.81000000 -0.646745675182013E-002 -0.590338548099966E-002  0.415530523057478E+000 -0.475344658728676E-002 -0.836322130394518E-002  0.464414624959862E-001  0.128080828563030E+001  0.149405453360697E+001 -0.174351404316618E+001 -0.382062869439609E+000 -0.348740545600727E+000  0.245473282731118E+002
      3.82000000 -0.669783578385171E-002 -0.539849504931672E-002  0.414878500996953E+000 -0.475053368873398E-002 -0.841058701569570E-002  0.496463198957202E-001  0.127990155735447E+001  0.149555198598874E+001 -0.192516234306168E+001 -0.394636642878800E+000 -0.318079456053045E+000  0.244446510962192E+002
      3.83000000 -0.699220928005810E-002 -0.484121973446305E-002  0.414044363566731E+000 -0.481928020033883E-002 -0.839692132922935E-002  0.529228945319764E-001  0.128321071414098E+001  0.149345503630801E+001 -0.211007663629002E+001 -0.410905467478157E+000 -0.284500016872706E+000  0.243318078669793E+002
      3.84000000 -0.732123754478417E-002 -0.424559555116776E-002  0.412993237746201E+000 -0.501131404200464E-002 -0.826891288653360E-002  0.561988793392455E-001  0.129372889432589E+001  0.148466701928483E+001 -0.229399326250710E+001 -0.429120783710931E+000 -0.248847722682444E+000  0.242068339901392E+002
      3.85000000 -0.761904534645788E-002 -0.366669572640992E-002  0.411722618522268E+000 -0.535864514407703E-002 -0.798599270272153E-002  0.593917508980269E-001  0.131327125324897E+001  0.146686837347010E+001 -0.247209560182217E+001 -0.445416298349926E+000 -0.214358356377585E+000  0.240696775448889E+002
      3.86000000 -0.780015214823745E-002 -0.318469076281875E-002  0.410264440720590E+000 -0.584998812094760E-002 -0.754820249581732E-002  0.624212840564264E-001  0.134110961013903E+001  0.144013156221274E+001 -0.263975095823202E+001 -0.454822608747343E+000 -0.185697577851233E+000  0.239222953166334E+002
      3.87000000 -0.779010104758424E-002 -0.287233885570222E-002  0.408683858877589E+000 -0.642211558950865E-002 -0.700682650179004E-002  0.652227377656852E-001  0.137350242727746E+001  0.140750850237045E+001 -0.279327505549122E+001 -0.453062796746078E+000 -0.167051732348251E+000  0.237685558835567E+002
      3.88000000 -0.755718585661777E-002 -0.276210465464117E-002  0.407073374910120E+000 -0.697275994496413E-002 -0.645005913006867E-002  0.677610366744713E-001  0.140448205960220E+001  0.137416076590596E+001 -0.293074247374103E+001 -0.438383957601903E+000 -0.160226623082439E+000  0.236138743327571E+002
      3.89000000 -0.713087422478707E-002 -0.283050162506580E-002  0.405539812985593E+000 -0.739183552237962E-002 -0.596948993807488E-002  0.700440316817506E-001  0.142768987487922E+001  0.134539329196087E+001 -0.305273129458919E+001 -0.412590715221544E+000 -0.163772162165223E+000  0.234644387512715E+002
      3.90000000 -0.659760659647968E-002 -0.300864361447118E-002  0.404183181657118E+000 -0.759893184699718E-002 -0.562410181679120E-002  0.721299538887681E-001  0.143854505461694E+001  0.132457483342090E+001 -0.316272118299978E+001 -0.380757164750409E+000 -0.173633058540003E+000  0.233259804198811E+002
      3.91000000 -0.607442977678336E-002 -0.321397187636691E-002  0.403070635880047E+000 -0.757149886659620E-002 -0.542037463106285E-002  0.741230784365563E-001  0.143584430918729E+001  0.131201740609570E+001 -0.326680667662034E+001 -0.349667311111813E+000 -0.185008460924757E+000  0.232022808091360E+002
      3.92000000 -0.567082440268136E-002 -0.338657715894444E-002  0.402213376881214E+000 -0.735179312068215E-002 -0.531862221611302E-002  0.761542396708814E-001  0.142211762503161E+001  0.130537912879922E+001 -0.337254507278328E+001 -0.325601508303741E+000 -0.194446971487589E+000  0.230938701100569E+002
      3.93000000 -0.545436396530484E-002 -0.351107327440859E-002  0.401556276074767E+000 -0.702989119790191E-002 -0.526148954107313E-002  0.783488227111242E-001  0.140260793356161E+001  0.130133004508230E+001 -0.348710466786812E+001 -0.312376129750014E+000 -0.201082195413625E+000  0.229974743517237E+002
      3.94000000 -0.543393257855965E-002 -0.361307208152118E-002  0.400987171170992E+000 -0.671056229324968E-002 -0.520857662174148E-002  0.807914669146872E-001  0.138334426101885E+001  0.129754257076639E+001 -0.361525336143500E+001 -0.310416143644119E+000 -0.206398567895246E+000  0.229065947223543E+002
      3.95000000 -0.556603850877599E-002 -0.373340615472610E-002  0.400365614132455E+000 -0.647853630831701E-002 -0.515817289278621E-002  0.835002394993902E-001  0.136915272356892E+001  0.129391724942051E+001 -0.375791743117741E+001 -0.317157792627690E+000 -0.212732781698980E+000  0.228131864740192E+002
      3.96000000 -0.577926180691789E-002 -0.389538139613978E-002  0.399562462049901E+000 -0.637652883137572E-002 -0.514469146312473E-002  0.864209442169925E-001  0.136242272151723E+001  0.129240879022731E+001 -0.391190656036822E+001 -0.328475860113362E+000 -0.221401763290075E+000  0.227099286683550E+002
      3.97000000 -0.600415487123220E-002 -0.408373484506192E-002  0.398496318933606E+000 -0.640350673529406E-002 -0.521417109201201E-002  0.894448331213411E-001  0.136303929853516E+001  0.129561131016745E+001 -0.407096983204389E+001 -0.340398513323107E+000 -0.231522553944309E+000  0.225922810851633E+002
      3.98000000 -0.619465187521159E-002 -0.424689556678123E-002  0.397153461120718E+000 -0.653061667251951E-002 -0.539231301395033E-002  0.924435308594609E-001  0.136931538179138E+001  0.130494273961380E+001 -0.422780919559521E+001 -0.350316109041480E+000 -0.240167802877461E+000  0.224595760980377E+002
      3.99000000 -0.633265930825576E-002 -0.432083798063260E-002  0.395584516668243E+000 -0.672401779143726E-002 -0.566319709084534E-002  0.953080053090644E-001  0.137929946812327E+001  0.131945894717446E+001 -0.437629090863703E+001 -0.357223074347912E+000 -0.243736944002114E+000  0.223147828313513E+002
      4.00000000 -0.641694582745090E-002 -0.426093942893093E-002  0.393880699726885E+000 -0.696161338909762E-002 -0.597027702344366E-002  0.979773212681986E-001  0.139172039646881E+001  0.133593926464152E+001 -0.451304891366650E+001 -0.361072703000787E+000 -0.239757192642202E+000  0.221631244418225E+002
      4.01000000 -0.644575363021757E-002 -0.406442538712177E-002  0.392140224974592E+000 -0.723533806417345E-002 -0.623853890125272E-002  0.100448077387785E+000  0.140610723880957E+001  0.135015859451527E+001 -0.463798000727464E+001 -0.361789205369138E+000 -0.228129294950931E+000  0.220101649125618E+002
      4.02000000 -0.640537834209570E-002 -0.377201957607273E-002  0.390438057211765E+000 -0.753961003684212E-002 -0.640523701042548E-002  0.102764040588027E+000  0.142213280766570E+001  0.135862076019354E+001 -0.475362290204931E+001 -0.358628673167085E+000 -0.211190393990785E+000  0.218601111337285E+002
      4.03000000 -0.627286934981254E-002 -0.344943288191448E-002  0.388808705592216E+000 -0.785493616666330E-002 -0.644281060148385E-002  0.104993170510875E+000  0.143869621707040E+001  0.135982935802426E+001 -0.486384226988750E+001 -0.350338181692518E+000 -0.192649962294594E+000  0.217148688020211E+002
      4.04000000 -0.603222853543801E-002 -0.316018540260337E-002  0.387244778571004E+000 -0.813888155880991E-002 -0.636318847099203E-002  0.107202460906403E+000  0.145342936119579E+001  0.135450282237456E+001 -0.497241070731526E+001 -0.336064545434991E+000 -0.176058692832512E+000  0.215739903947602E+002
      4.05000000 -0.569481730486921E-002 -0.294481354743470E-002  0.385707445139874E+000 -0.833282743639223E-002 -0.620395286838404E-002  0.109439028790691E+000  0.146308812068938E+001  0.134477815562557E+001 -0.508195892205994E+001 -0.316483482168810E+000 -0.163654915678006E+000  0.214352855941366E+002
      4.06000000 -0.531094176372408E-002 -0.281615570006162E-002  0.384141956976057E+000 -0.838404061406339E-002 -0.600689547791106E-002  0.111720761781245E+000  0.146478661789601E+001  0.133300466466610E+001 -0.519347131143061E+001 -0.294423032262438E+000 -0.156119411099302E+000  0.212957032526018E+002
      4.07000000 -0.496305252519220E-002 -0.276983175515789E-002  0.382492606265339E+000 -0.827328935996302E-002 -0.580251876462328E-002  0.114035054992623E+000  0.145751999670285E+001  0.132088426387041E+001 -0.530623633650683E+001 -0.274461060911346E+000 -0.153174071442479E+000  0.211521691486159E+002
      4.08000000 -0.474012111789903E-002 -0.279986724616976E-002  0.380714969787288E+000 -0.803364801362739E-002 -0.560861809213065E-002  0.116342329827537E+000  0.144317873349917E+001  0.130940119090788E+001 -0.541806142089490E+001 -0.261490280642088E+000 -0.154455562157877E+000  0.210022617182506E+002
      4.09000000 -0.470289620220346E-002 -0.290718746623895E-002  0.378786022355195E+000 -0.774896950468122E-002 -0.544095608178561E-002  0.118582347406609E+000  0.142642918394848E+001  0.129941819495530E+001 -0.552563848712365E+001 -0.258802436696713E+000 -0.159983798886368E+000  0.208447606235174E+002
      4.10000000 -0.485556104400063E-002 -0.309455072719178E-002  0.376712746969770E+000 -0.752963791423026E-002 -0.532569524306550E-002  0.120683773596250E+000  0.141334863814661E+001  0.129236052264142E+001 -0.562508264416365E+001 -0.266551933550786E+000 -0.169879128761676E+000  0.206801047681376E+002
      4.11000000 -0.513759038241562E-002 -0.335154040876608E-002  0.374537608118217E+000 -0.747416103876295E-002 -0.530194869075278E-002  0.122578344403794E+000  0.140930486299917E+001  0.129034875904365E+001 -0.571271493919600E+001 -0.281348062573796E+000 -0.183539233464689E+000  0.205106718444801E+002
      4.12000000 -0.544097142759481E-002 -0.364104545279230E-002  0.372337029931707E+000 -0.763240158546554E-002 -0.540939381035658E-002  0.124218999981241E+000  0.141695604304259E+001  0.129551372699262E+001 -0.578605051410254E+001 -0.297238803717811E+000 -0.198909332473479E+000  0.203406716667260E+002
      4.13000000 -0.564659605570904E-002 -0.389913728175609E-002  0.370209386633073E+000 -0.798608782389348E-002 -0.566630637992443E-002  0.125597568838241E+000  0.143522146421530E+001  0.130879927866369E+001 -0.584474789372044E+001 -0.307725116150791E+000 -0.212493059726335E+000  0.201754695001767E+002
      4.14000000 -0.566511523055352E-002 -0.405277822562545E-002  0.368252796086400E+000 -0.845475329635001E-002 -0.605108534315399E-002  0.126754797517148E+000  0.145964958685698E+001  0.132897221013152E+001 -0.589112837107258E+001 -0.307988628875221E+000 -0.220332607201668E+000  0.200203648346682E+002
      4.15000000 -0.546593186329156E-002 -0.404866345273750E-002  0.366538500213038E+000 -0.892416879424361E-002 -0.650030000774637E-002  0.127776362897076E+000  0.148400066109870E+001  0.135254258112179E+001 -0.592992765386325E+001 -0.296443814135386E+000 -0.219578521302183E+000  0.198791484687816E+002
      4.16000000 -0.508380153563968E-002 -0.387840835180703E-002  0.365089494622529E+000 -0.928505587023779E-002 -0.692801609788525E-002  0.128773497887720E+000  0.150236279285553E+001  0.137483646458581E+001 -0.596721860899188E+001 -0.275056259591657E+000 -0.209839130606985E+000  0.197529644111974E+002
      4.17000000 -0.460254128330354E-002 -0.358539509904427E-002  0.363873499016423E+000 -0.946665938608832E-002 -0.725913108523114E-002  0.129853799252826E+000  0.151096008083043E+001  0.139180940760572E+001 -0.600881959055880E+001 -0.248420775505891E+000 -0.193520617453386E+000  0.196399621964544E+002
      4.18000000 -0.412458004948285E-002 -0.324737346006893E-002  0.362813933719090E+000 -0.945359056644224E-002 -0.746060057471784E-002  0.131092891282646E+000  0.150903399022512E+001  0.140172030440003E+001 -0.605877169851527E+001 -0.222090371466271E+000 -0.174856681015766E+000  0.195359237415976E+002
      4.19000000 -0.373932374744671E-002 -0.294177773237809E-002  0.361814794590554E+000 -0.928267052815868E-002 -0.755412931037955E-002  0.132517814946983E+000  0.149863778964824E+001  0.140578563362970E+001 -0.611846770104909E+001 -0.200865486128145E+000 -0.158023657271868E+000  0.194356278066084E+002
      4.20000000 -0.350128095109555E-002 -0.271053031621126E-002  0.360789270677377E+000 -0.902481952320474E-002 -0.760276807222411E-002  0.134107880057613E+000  0.148363253692580E+001  0.140742598796287E+001 -0.618672922901546E+001 -0.187630720427640E+000 -0.145255054671503E+000  0.193343955327484E+002
      4.21000000 -0.342261812965469E-002 -0.254220269434939E-002  0.359680871507076E+000 -0.876146114678829E-002 -0.767732561275078E-002  0.135810870936992E+000  0.146840413366397E+001  0.141044421612426E+001 -0.626070369743178E+001 -0.182979579892467E+000 -0.135910920643805E+000  0.192292135057326E+002
      4.22000000 -0.347813984892292E-002 -0.238088467753431E-002  0.358470197311191E+000 -0.856413610911141E-002 -0.781927705634950E-002  0.137566093128307E+000  0.145676980341898E+001  0.141704260632984E+001 -0.633711334275528E+001 -0.185507240288487E+000 -0.126984930209551E+000  0.191190751140904E+002
      4.23000000 -0.361698730759739E-002 -0.215739033824665E-002  0.357167723747681E+000 -0.848168443989171E-002 -0.801897177359687E-002  0.139324050065254E+000  0.145130279030645E+001  0.142668226605930E+001 -0.641330722651212E+001 -0.192456637120840E+000 -0.114792796917981E+000  0.190045729096695E+002
      4.24000000 -0.377569360203347E-002 -0.182684852042580E-002  0.355799040271876E+000 -0.853470410970198E-002 -0.822013542286297E-002  0.141056021684398E+000  0.145305287220748E+001  0.143635443190456E+001 -0.648776231077897E+001 -0.200427432397115E+000 -0.969757074912579E-001  0.188870961490740E+002
      4.25000000 -0.389013047948420E-002 -0.139351369222341E-002  0.354390795213480E+000 -0.871475584736232E-002 -0.834805296380338E-002  0.142753017734144E+000  0.146152217206077E+001  0.144210206273295E+001 -0.656001475736499E+001 -0.206016267114902E+000 -0.737986786200133E-001  0.187680770901658E+002
      4.26000000 -0.390655697693254E-002 -0.910479292874168E-003  0.352962797884141E+000 -0.898657890720582E-002 -0.834668337404385E-002  0.144418725175052E+000  0.147480039153287E+001  0.144099190302766E+001 -0.663027487610564E+001 -0.206400544784152E+000 -0.481046156944771E-001  0.186485732070467E+002
      4.27000000 -0.379235162916576E-002 -0.455138588838876E-003  0.351526677208415E+000 -0.929380226826004E-002 -0.820571766416773E-002  0.146062437877912E+000  0.148988239095003E+001  0.143252874041788E+001 -0.669904655062326E+001 -0.199897332630339E+000 -0.239906524453909E-001  0.185292008741884E+002
      4.28000000 -0.354504510630829E-002 -0.936384633376624E-004  0.350087615757199E+000 -0.956977308871329E-002 -0.796434827540957E-002  0.147695444988903E+000  0.150325042082568E+001  0.141882514705906E+001 -0.676693388188746E+001 -0.186425051571996E+000 -0.492421248062058E-002  0.184102317079453E+002
      4.29000000 -0.319590710753556E-002  0.147319452054450E-003  0.348645197824831E+000 -0.975363409151009E-002 -0.769098000775412E-002  0.149330303708280E+000  0.151172359502141E+001  0.140350662141729E+001 -0.683460186657557E+001 -0.167672998502794E+000  0.772910270311523E-002  0.182916410790075E+002
      4.30000000 -0.280405590208665E-002  0.287627005622048E-003  0.347192040852641E+000 -0.980824230064815E-002 -0.745049529294667E-002  0.150979884327564E+000  0.151339189243836E+001  0.138998056540633E+001 -0.690272570345568E+001 -0.146772430976761E+000  0.150552329567679E-001  0.181730399218518E+002
      4.31000000 -0.244004164334088E-002  0.377763213551589E-003  0.345712215509536E+000 -0.973333601565100E-002 -0.727645645362208E-002  0.152653716651326E+000  0.150828901242735E+001  0.137998717591122E+001 -0.697179987984597E+001 -0.127422535827496E+000  0.197273463526551E-001  0.180535964568424E+002
      4.32000000 -0.216300232976342E-002  0.469661146883199E-003  0.344182781290652E+000 -0.956717563857554E-002 -0.716200690401181E-002  0.154352215580363E+000  0.149845536605737E+001  0.137314468845438E+001 -0.704183941273724E+001 -0.112693668308749E+000  0.244696165029793E-001  0.179321213198110E+002
      4.33000000 -0.199990303496949E-002  0.590691734325381E-003  0.342579979852979E+000 -0.937375873527353E-002 -0.707255959115953E-002  0.156062270544480E+000  0.148725033958971E+001  0.136763342858327E+001 -0.711215612300699E+001 -0.103955463379754E+000  0.307043051001332E-001  0.178073936223546E+002
      4.34000000 -0.193608114336765E-002  0.734290175529351E-003  0.340888030238284E+000 -0.921917594003305E-002 -0.697163403621751E-002  0.157758005231072E+000  0.147811090473754E+001  0.136155229905972E+001 -0.718140613664730E+001 -0.100406100623510E+000  0.380806421794969E-001  0.176786174395148E+002
      4.35000000 -0.192221977677756E-002  0.870984093944350E-003  0.339105801615167E+000 -0.914639735778765E-002 -0.684471287982160E-002  0.159407704738164E+000  0.147324614350584E+001  0.135415408352255E+001 -0.724795584112922E+001 -0.994580773987576E-001  0.450658163416807E-001  0.175457621812367E+002
      4.36000000 -0.189558451635390E-002  0.972324521236768E-003  0.337247119530060E+000 -0.915943100628099E-002 -0.670793070919119E-002  0.160983775959194E+000  0.147283354725757E+001  0.134628075366362E+001 -0.731039938894752E+001 -0.978549814261959E-001  0.501939096595232E-001  0.174095696250616E+002
      4.37000000 -0.180651556248674E-002  0.103354812378557E-002  0.335334137515765E+000 -0.922405318800550E-002 -0.659732206887266E-002  0.162470109017185E+000  0.147507987887022E+001  0.133979151089713E+001 -0.736793523830548E+001 -0.930436086079142E-001  0.532323380456095E-001  0.172712036872465E+002
      4.38000000 -0.163842766835529E-002  0.108203361882573E-002  0.333387782029912E+000 -0.928476856547997E-002 -0.654514430050735E-002  0.163862377052852E+000  0.147711519481896E+001  0.133633447899445E+001 -0.742037465982089E+001 -0.841936695213353E-001  0.556023208554807E-001  0.171317545991238E+002
      4.39000000 -0.141254319028934E-002  0.116670207431384E-002  0.331421589613720E+000 -0.929006642906223E-002 -0.655663489061591E-002  0.165161244685673E+000  0.147629999254054E+001  0.133615746166485E+001 -0.746778655593682E+001 -0.724208288643987E-001  0.598166001864437E-001  0.169919237786037E+002
      4.40000000 -0.117586672941555E-002  0.133383204766058E-002  0.329443422585545E+000 -0.921429122162181E-002 -0.660005637654310E-002  0.166363409022262E+000  0.147134134114859E+001  0.133761461943772E+001 -0.751003625136157E+001 -0.601494556579884E-001  0.682299019089013E-001  0.168521160118837E+002
      4.41000000 -0.978808827995669E-003  0.160180173568954E-002  0.327464380055686E+000 -0.906644474495165E-002 -0.661568479488438E-002  0.167457502254563E+000  0.146272685502509E+001  0.133764668567342E+001 -0.754657868088328E+001 -0.499557592187853E-001  0.817516347785669E-001  0.167128976107508E+002
      4.42000000 -0.853390413565330E-003  0.194758441078468E-002  0.325508867012434E+000 -0.888287525794041E-002 -0.653961484931852E-002  0.168429386308681E+000  0.145233226740262E+001  0.133300915827765E+001 -0.757673264499968E+001 -0.434562019096918E-001  0.991745630673743E-001  0.165755073216609E+002
      4.43000000 -0.801956648540526E-003  0.231168238827560E-002  0.323617819055147E+000 -0.870860016593686E-002 -0.633103322098193E-002  0.169275420775496E+000  0.144245682717797E+001  0.132166006227622E+001 -0.760035644861696E+001 -0.407449173789629E-001  0.117449375958298E+000  0.164420125748179E+002
      4.44000000 -0.800568167380712E-003  0.261913501842870E-002  0.321840187104534E+000 -0.857700710180931E-002 -0.599037966799041E-002  0.170016405432183E+000  0.143478952760145E+001  0.130366703852320E+001 -0.761854860616380E+001 -0.405827640313824E-001  0.132770378276451E+000  0.163148684912274E+002
      4.45000000 -0.813882807812084E-003  0.280697153083526E-002  0.320214543991538E+000 -0.849756481613084E-002 -0.556067234330923E-002  0.170702875949390E+000  0.142979439788440E+001  0.128125067279136E+001 -0.763390175577494E+001 -0.411650018447677E-001  0.141972513899965E+000  0.161959832147930E+002
      4.46000000 -0.813168146177645E-003  0.284632205491371E-002  0.318749254647642E+000 -0.845638141600507E-002 -0.511227711182032E-002  0.171405951601124E+000  0.142675240757613E+001  0.125799174118808E+001 -0.765002403749359E+001 -0.410366381403678E-001  0.143640019284431E+000  0.160857233303746E+002
      4.47000000 -0.788483598680163E-003  0.275077213779613E-002  0.317412042491864E+000 -0.842774827187806E-002 -0.471841247588724E-002  0.172195420479547E+000  0.142435596140196E+001  0.123758261375431E+001 -0.767042427577512E+001 -0.397019114446138E-001  0.138507525079659E+000  0.159824057514451E+002
      4.48000000 -0.749914382935734E-003  0.256913758711828E-002  0.316136204332556E+000 -0.838970989290657E-002 -0.443160907677940E-002  0.173114155241848E+000  0.142149769613936E+001  0.122264333807681E+001 -0.769722773909542E+001 -0.376755798167025E-001  0.129073065440672E+000  0.158826328315686E+002
      4.49000000 -0.718668405032764E-003  0.236716905663111E-002  0.314842758221118E+000 -0.833557388466248E-002 -0.426952883959379E-002  0.174161056678247E+000  0.141784522143358E+001  0.121402272333999E+001 -0.773033654308200E+001 -0.360253730568900E-001  0.118661329420728E+000  0.157824216839738E+002
      4.50000000 -0.713690109679076E-003  0.220605293814217E-002  0.313469581843100E+000 -0.827624832574677E-002 -0.421368315219492E-002  0.175291548694714E+000  0.141394941651033E+001  0.121075390848100E+001 -0.776747910954217E+001 -0.356963194968158E-001  0.110339164630182E+000  0.156786680861196E+002
      4.51000000 -0.740924132416884E-003  0.212519971863584E-002  0.311994503138639E+000 -0.823341833212619E-002 -0.421940872321325E-002  0.176436614451968E+000  0.141089410982455E+001  0.121057234326911E+001 -0.780518427599155E+001 -0.369763018901946E-001  0.106059477529639E+000  0.155702890908736E+002
      4.52000000 -0.790150619892306E-003  0.213383618918955E-002  0.310441583335186E+000 -0.822804796508537E-002 -0.423215161137592E-002  0.177532506124254E+000  0.140971763333712E+001  0.121074101044315E+001 -0.784027396999768E+001 -0.393457407316866E-001  0.106254887802512E+000  0.154585135324013E+002
      4.53000000 -0.839974157232264E-003  0.221230082094879E-002  0.308867409722696E+000 -0.827038485407190E-002 -0.420436376402452E-002  0.178548042269166E+000  0.141091670119146E+001  0.120889515046827E+001 -0.787121625268936E+001 -0.417343830869029E-001  0.109918869729484E+000  0.153461754619934E+002
      4.54000000 -0.867503037879254E-003  0.232120858808595E-002  0.307333348424055E+000 -0.835608127696289E-002 -0.410843689722273E-002  0.179497376090216E+000  0.141426007381236E+001  0.120367937025566E+001 -0.789874018737223E+001 -0.430072255873182E-001  0.115075955961007E+000  0.152363208761684E+002
      4.55000000 -0.857461258943444E-003  0.241524349293111E-002  0.305875999611366E+000 -0.846943676540750E-002 -0.394288805406465E-002  0.180432696585312E+000  0.141895695909961E+001  0.119504253174758E+001 -0.792544994163939E+001 -0.424159683274268E-001  0.119474658978088E+000  0.151307438981234E+002
      4.56000000 -0.806506280567538E-003  0.245783493881559E-002  0.304488708395619E+000 -0.859117259553896E-002 -0.373069438624297E-002  0.181420270448832E+000  0.142404688461246E+001  0.118414125828982E+001 -0.795462169265749E+001 -0.398078925655193E-001  0.121314900510508E+000  0.150290879107562E+002
      4.57000000 -0.721480215079529E-003  0.243285925041583E-002  0.303121881721708E+000 -0.870633476392603E-002 -0.351022756297944E-002  0.182510384367390E+000  0.142879077903617E+001  0.117288023630342E+001 -0.798871591973951E+001 -0.355332148224941E-001  0.119819377678137E+000  0.149288846949585E+002
      4.58000000 -0.613477858908550E-003  0.234978828350620E-002  0.301701599540786E+000 -0.880853289873974E-002 -0.332098845673755E-002  0.183714037071592E+000  0.143287686753444E+001  0.116320300971757E+001 -0.802824088913096E+001 -0.301480821969871E-001  0.115475414944392E+000  0.148264920890552E+002
      4.59000000 -0.491388740205190E-003  0.223991027220986E-002  0.300158332529285E+000 -0.889912204635270E-002 -0.318826180585549E-002  0.184995957080722E+000  0.143637589532506E+001  0.115633908522820E+001 -0.807143153921599E+001 -0.240956580146664E-001  0.109835874302227E+000  0.147185149742301E+002
      4.60000000 -0.358270033517875E-003  0.214379593122776E-002  0.298453678490995E+000 -0.898269601017392E-002 -0.311213550904109E-002  0.186286405766733E+000  0.143951646236073E+001  0.115227441602963E+001 -0.811485170551861E+001 -0.175298793951490E-001  0.104894299289362E+000  0.146031107810324E+002
      4.61000000 -0.211945005025401E-003  0.209366682312682E-002  0.296594275612298E+000 -0.906196518096346E-002 -0.306589700269075E-002  0.187506425307149E+000  0.144243323103661E+001  0.114968659554944E+001 -0.815464492878879E+001 -0.103478121470215E-001  0.102219304397248E+000  0.144806519386959E+002
      4.62000000 -0.487740602096802E-004  0.209731132270151E-002  0.294627649006355E+000 -0.913500621692599E-002 -0.300594706519930E-002  0.188595888927435E+000  0.144503395433462E+001  0.114644199217594E+001 -0.818790553914621E+001 -0.237614648185464E-002  0.102175601115980E+000  0.143534995576318E+002
      4.63000000  0.132098227755689E-003  0.213085921368057E-002  0.292622264267972E+000 -0.919621899619157E-002 -0.289066324955709E-002  0.189532894403278E+000  0.144704844581529E+001  0.114052150276380E+001 -0.821361114920690E+001  0.642158559268664E-002  0.103585756289796E+000  0.142250123127910E+002
      4.64000000  0.326778662367109E-003  0.214499484768385E-002  0.290640460751703E+000 -0.924008274242182E-002 -0.270106864352280E-002  0.190336875861702E+000  0.144821269708068E+001  0.113102190699605E+001 -0.823275330557527E+001  0.158511941603664E-001  0.104048194448587E+000  0.140982227568396E+002
      4.65000000  0.528241946811948E-003  0.208367602423404E-002  0.288715704156922E+000 -0.926516840555303E-002 -0.245417670518348E-002  0.191054682039614E+000  0.144846302307523E+001  0.111878980027041E+001 -0.824764197797094E+001  0.255685563405894E-001  0.100856412753093E+000  0.139747397810822E+002
      4.66000000  0.730661465638166E-003  0.190846736901109E-002  0.286843634208186E+000 -0.927567920465950E-002 -0.220203823929682E-002  0.191736013312841E+000  0.144800831975372E+001  0.110635678852771E+001 -0.826070504005930E+001  0.352903985041777E-001  0.921775365911715E-001  0.138543315005016E+002
      4.67000000  0.933872856297442E-003  0.161819851274883E-002  0.284990433693862E+000 -0.927914783540437E-002 -0.201535169389126E-002  0.192409101711136E+000  0.144721616067444E+001  0.109713153222022E+001 -0.827331488542037E+001  0.450087702836144E-001  0.779904080544351E-001  0.137353483149843E+002
      4.68000000  0.114505519833247E-002  0.125486821821403E-002  0.283114508351196E+000 -0.928112387360146E-002 -0.195749479046495E-002  0.193067399480519E+000  0.144635560387603E+001  0.109414148342178E+001 -0.828515951920617E+001  0.550689562475102E-001  0.603501762236923E-001  0.136157807030893E+002
      4.69000000  0.137600746780638E-002  0.892360166590589E-003  0.281191549516192E+000 -0.927958820935860E-002 -0.205957960330013E-002  0.193673198209202E+000  0.144533018918826E+001  0.109883983574410E+001 -0.829443419829954E+001  0.660350063103751E-001  0.428246289432411E-001  0.134944658231599E+002
      4.70000000  0.163672839552805E-002  0.612099932691562E-003  0.279231459445590E+000 -0.926238245685109E-002 -0.230711033924832E-002  0.194176494647380E+000  0.144355872581180E+001  0.111048333699795E+001 -0.829876076156707E+001  0.783799594761314E-001  0.293123575364066E-001  0.133718890291173E+002
      4.71000000  0.192820260738697E-002  0.475614464607389E-003  0.277279270930582E+000 -0.920972860294163E-002 -0.264384617429971E-002  0.194540418359335E+000  0.144010084330775E+001  0.112634019752912E+001 -0.829640881600342E+001  0.921420847632966E-001  0.227279582262845E-001  0.132502103188284E+002
      4.72000000  0.223815824462613E-002  0.505171805761868E-003  0.275399589067066E+000 -0.910142491234028E-002 -0.299088971918082E-002  0.194761458249869E+000  0.143400393517151E+001  0.114262139393454E+001 -0.828725338222348E+001  0.106727187782131E+000  0.240892556660091E-001  0.131325046957939E+002
      4.73000000  0.254249441027078E-002  0.679716491095063E-003  0.273651802289998E+000 -0.892574693069905E-002 -0.327253763446900E-002  0.194875195282394E+000  0.142472683759368E+001  0.115572193242605E+001 -0.827303071220495E+001  0.120983220660205E+000  0.323439414050771E-001  0.130215729272685E+002
      4.74000000  0.281245422520674E-002  0.946244245235895E-003  0.272067569361908E+000 -0.868581602849849E-002 -0.343815346248761E-002  0.194945218104092E+000  0.141243789372898E+001  0.116325751866409E+001 -0.825679232481835E+001  0.133546772467615E+000  0.449315276973153E-001  0.129188754276422E+002
      4.75000000  0.302467792483643E-002  0.124016147528733E-002  0.270640683431179E+000 -0.840002311225415E-002 -0.347214173977477E-002  0.195040970929151E+000  0.139802756237754E+001  0.116452432266475E+001 -0.824184150272487E+001  0.143321651061116E+000  0.587639393804816E-001  0.128240660849082E+002
      4.76000000  0.316953115796569E-002  0.150522207955547E-002  0.269332995374167E+000 -0.809577536079710E-002 -0.339027856553083E-002  0.195215353593125E+000  0.138280514993286E+001  0.116030781941860E+001 -0.823067147629636E+001  0.149869876085898E+000  0.711737589257604E-001  0.127352913193880E+002
      4.77000000  0.325358394918454E-002  0.170543448270743E-002  0.268091971745455E+000 -0.779912909530896E-002 -0.322685163169807E-002  0.195492320260080E+000  0.136800524248390E+001  0.115226037454578E+001 -0.822438875442177E+001  0.153521750381279E+000  0.804716555758326E-001  0.126500343646723E+002
      4.78000000  0.329474503354452E-002  0.182646273478453E-002  0.266869975264577E+000 -0.752511736578904E-002 -0.302020484774959E-002  0.195868844608494E+000  0.135433304524360E+001  0.114221152029173E+001 -0.822282016410715E+001  0.155138715356718E+000  0.860021274594815E-001  0.125660300594747E+002
      4.79000000  0.331213213394250E-002  0.186948667400769E-002  0.265635425367795E+000 -0.727354078712707E-002 -0.280317049649410E-002  0.196327684037239E+000  0.134177212651917E+001  0.113171652838988E+001 -0.822512597808561E+001  0.155631827174661E+000  0.878442088625768E-001  0.124817866378715E+002
      4.80000000  0.331550970225290E-002  0.184337113068291E-002  0.264371495900671E+000 -0.703253954834662E-002 -0.260068021052551E-002  0.196851808681575E+000  0.132975942812997E+001  0.112194724438819E+001 -0.823048344213693E+001  0.155465970131847E+000  0.864366287180291E-001  0.123965166072285E+002
      4.81000000  0.329961052595825E-002  0.176015668250915E-002  0.263065737269945E+000 -0.678851502508389E-002 -0.243227582071822E-002  0.197431279171286E+000  0.131765520993903E+001  0.111381356358570E+001 -0.823840842981860E+001  0.154398785370197E+000  0.823630703389532E-001  0.123096438162802E+002
      4.82000000  0.324652989713403E-002  0.163534338369871E-002  0.261699469916304E+000 -0.653774359518011E-002 -0.231488706570203E-002  0.198058748384108E+000  0.130528616348871E+001  0.110809585614811E+001 -0.824854187982194E+001  0.151599805424941E+000  0.763639167440122E-001  0.122203059809013E+002
      4.83000000  0.313560048377152E-002  0.149061815835110E-002  0.260245764363163E+000 -0.629393951954941E-002 -0.226215183550710E-002  0.198717432033687E+000  0.129329300826851E+001  0.110541463179543E+001 -0.826008793944139E+001  0.146116704133722E+000  0.694617230566840E-001  0.121272635178856E+002
      4.84000000  0.295652295550488E-002  0.135489397865983E-002  0.258679264043375E+000 -0.608766290098840E-002 -0.227977906831306E-002  0.199370766884790E+000  0.128309455064751E+001  0.110601655206876E+001 -0.827133755292790E+001  0.137487168915319E+000  0.630066264019729E-001  0.120293602335140E+002
      4.85000000  0.271978306207413E-002  0.126067319448304E-002  0.256993249509160E+000 -0.595708949608133E-002 -0.235978625597712E-002  0.199962754967338E+000  0.127645131599287E+001  0.110951086371220E+001 -0.827969384993202E+001  0.126217275604155E+000  0.585042014025524E-001  0.119263143645612E+002
      4.86000000  0.245935462041132E-002  0.123589105299432E-002  0.255213848341531E+000 -0.593357181624780E-002 -0.247781026862512E-002  0.200432113417366E+000  0.127479334418963E+001  0.111475141635911E+001 -0.828233658150674E+001  0.113896705326880E+000  0.572361211802302E-001  0.118193676660721E+002
      4.87000000  0.222590286309690E-002  0.129449481407247E-002  0.253401555918199E+000 -0.602783245391849E-002 -0.259635570442832E-002  0.200735082253395E+000  0.127858548619089E+001  0.111999454559698E+001 -0.827727850975304E+001  0.102873501556340E+000  0.598270555638174E-001  0.117113400541033E+002
      4.88000000  0.207268235651720E-002  0.143020070207380E-002  0.251636370164736E+000 -0.622249860297749E-002 -0.267372965488363E-002  0.200865844653612E+000  0.128699297173077E+001  0.112331728268972E+001 -0.826429869325591E+001  0.955958862997849E-001  0.659634619223838E-001  0.116059278236824E+002
      4.89000000  0.203931814565943E-002  0.161653313940845E-002  0.249991587950834E+000 -0.647415729843515E-002 -0.267541733393718E-002  0.200863504343100E+000  0.129798929543551E+001  0.112314277976048E+001 -0.824524557850572E+001  0.938647223694722E-001  0.744049841632538E-001  0.115064886014246E+002
      4.90000000  0.213945814894302E-002  0.181328553445064E-002  0.248507830163973E+000 -0.672436125888064E-002 -0.258346975951585E-002  0.200800690764471E+000  0.130887391501462E+001  0.111866798766793E+001 -0.822349247850884E+001  0.982729495089561E-001  0.832906770625194E-001  0.114148516802489E+002
      4.91000000  0.235669714485123E-002  0.197670285805852E-002  0.247179487755893E+000 -0.691564275522654E-002 -0.240061646950136E-002  0.200757939589475E+000  0.131701319121865E+001  0.111004430315802E+001 -0.820274764679580E+001  0.108031040507486E+000  0.906120954050985E-001  0.113307122693791E+002
      4.92000000  0.264999175890031E-002  0.206948694646539E-002  0.245960056654150E+000 -0.700689523052155E-002 -0.214843184558588E-002  0.200795184142672E+000  0.132054336854835E+001  0.109828398430747E+001 -0.818574669605650E+001  0.121228769244782E+000  0.946725040353530E-001  0.112518972375722E+002
      4.93000000  0.296634541357803E-002  0.206758699273051E-002  0.244783739573702E+000 -0.698297040640004E-002 -0.186138666537964E-002  0.200933179272642E+000  0.131880091392717E+001  0.108497984891229E+001 -0.817341438704928E+001  0.135425696205959E+000  0.943937299665893E-001  0.111753702720955E+002
      4.94000000  0.325612658756941E-002  0.196286203533579E-002  0.243592981101591E+000 -0.685564943034657E-002 -0.157968661890695E-002  0.201152733002870E+000  0.131235461576096E+001  0.107197310946025E+001 -0.816484794981746E+001  0.148354459991383E+000  0.894312089712700E-001  0.110984951589347E+002
      4.95000000  0.348576699773655E-002  0.176267928889422E-002  0.242359180786664E+000 -0.665630456652386E-002 -0.134312510658019E-002  0.201410906140308E+000  0.130265946630737E+001  0.106107135331307E+001 -0.815807213322037E+001  0.158496410232284E+000  0.801483116519092E-001  0.110199735571731E+002
      4.96000000  0.364384216710013E-002  0.148822869418252E-002  0.241087737047731E+000 -0.642340887301270E-002 -0.118652191423741E-002  0.201665378714697E+000  0.129148094328415E+001  0.105384189822359E+001 -0.815115571460499E+001  0.165349983636764E+000  0.675327247850253E-001  0.109400603944357E+002
      4.97000000  0.373910913536992E-002  0.117261183542549E-002  0.239806571517658E+000 -0.618962210109037E-002 -0.113593435688653E-002  0.201894906851187E+000  0.128030705032957E+001  0.105144262504989E+001 -0.814313747943508E+001  0.169331606272255E+000  0.531036240018203E-001  0.108600285468025E+002
      4.98000000  0.379201508631805E-002  0.858367701813468E-003  0.238545190880711E+000 -0.597300776845403E-002 -0.120462963418093E-002  0.202106551559374E+000  0.126995415253166E+001  0.105444405643122E+001 -0.813434319229567E+001  0.171382703438072E+000  0.387945126620150E-001  0.107812123039266E+002
      4.99000000  0.382346031690745E-002  0.593169394342772E-003  0.237315304479636E+000 -0.577513640350367E-002 -0.138883387956427E-002  0.202327402196101E+000  0.126048815290136E+001  0.106264350254222E+001 -0.812599938720381E+001  0.172457591657685E+000  0.267549697694112E-001  0.107041325087353E+002
      5.00000000  0.384539420859694E-002  0.422730306395096E-003  0.236102409460735E+000 -0.558607284488270E-002 -0.166472389121107E-002  0.202586114568637E+000  0.125145649977380E+001  0.107493737629240E+001 -0.811939329951088E+001  0.173100028373246E+000  0.190291616572443E-001  0.106281258980615E+002
      5.01000000  0.385684489452851E-002  0.381420518995821E-003  0.234871804812260E+000 -0.539355977664943E-002 -0.198891309427908E-002  0.202894052704167E+000  0.124230593176489E+001  0.108935201619441E+001 -0.811502505318998E+001  0.173268941949491E+000  0.171353351175691E-001  0.105516271010329E+002
      5.02000000  0.384659197758325E-002  0.482873314884770E-003  0.233585398019269E+000 -0.519214493390218E-002 -0.230411546314423E-002  0.203235321370584E+000  0.123279270419379E+001  0.110330629754531E+001 -0.811216860312017E+001  0.172464089464230E+000  0.216498934806438E-001  0.104729311599208E+002
      5.03000000  0.380083686196961E-002  0.713876871973305E-003  0.232220845113127E+000 -0.498821533202225E-002 -0.254986920918743E-002  0.203570196184052E+000  0.122320477611001E+001  0.111409751746137E+001 -0.810903740867804E+001  0.170073840910686E+000  0.319434340286023E-001  0.103910513663690E+002
      5.04000000  0.371211241599130E-002  0.103440835143610E-002  0.230784016273776E+000 -0.479884246432618E-002 -0.267600669660991E-002  0.203850011330566E+000  0.121430496471073E+001  0.111950413562142E+001 -0.810345980499145E+001  0.165774168713619E+000  0.461942326506704E-001  0.103062688202450E+002
      5.05000000  0.358524839524700E-002  0.138484814249712E-002  0.229309324390944E+000 -0.464518171897972E-002 -0.265504509725310E-002  0.204036532922873E+000  0.120703206102764E+001  0.111833325192849E+001 -0.809374627118672E+001  0.159791674356081E+000  0.617215821676085E-001  0.102201345207956E+002
      5.06000000  0.343768529327373E-002  0.169896995546329E-002  0.227848096629474E+000 -0.454362544329477E-002 -0.248958351100275E-002  0.204117312478137E+000  0.120210556940582E+001  0.111073947431496E+001 -0.807936760607277E+001  0.152912107810382E+000  0.755720942532817E-001  0.101349395723823E+002
      5.07000000  0.329412485607390E-002  0.191926233649641E-002  0.226450235701250E+000 -0.449883311858926E-002 -0.221218875762103E-002  0.204110770536885E+000  0.119971845592441E+001  0.109820655962094E+001 -0.806116916422775E+001  0.146237371455021E+000  0.852025625878585E-001  0.100528937672962E+002
      5.08000000  0.317812660071264E-002  0.201028829225547E-002  0.225146821435759E+000 -0.450172249822442E-002 -0.187755623649605E-002  0.204059430083815E+000  0.119945332621765E+001  0.108318701045601E+001 -0.804105752683530E+001  0.140810083674185E+000  0.890678371900774E-001  0.997535553122308E+001
      5.09000000  0.310453499092348E-002  0.196637399925431E-002  0.223940347676571E+000 -0.453304217202502E-002 -0.154906135192955E-002  0.204014592688342E+000  0.120044639622901E+001  0.106849787708752E+001 -0.802131247198167E+001  0.137279298820088E+000  0.869510070348366E-001  0.990240857211975E+001
      5.10000000  0.307596477826173E-002  0.181162230337991E-002  0.222805749757211E+000 -0.457051642984217E-002 -0.128339058968659E-002  0.204018825053733E+000  0.120170718750721E+001  0.105663891822567E+001 -0.800381040781768E+001  0.135749255870381E+000  0.799509738668021E-001  0.983291972227197E+001
      5.11000000  0.308439726224324E-002  0.159243298046169E-002  0.221700964952960E+000 -0.459607693701632E-002 -0.111735143941300E-002  0.204092887059728E+000  0.120243829244877E+001  0.104921473695059E+001 -0.798945255344953E+001  0.135855017998795E+000  0.701401255508686E-001  0.976501598958403E+001
      5.12000000  0.311643659381460E-002  0.136470694691732E-002  0.220582311069996E+000 -0.460004886720158E-002 -0.106022000249982E-002  0.204231414683557E+000  0.120221751065929E+001  0.104660712436890E+001 -0.797798468407541E+001  0.136998120742158E+000  0.599923282451875E-001  0.969676782307389E+001
      5.13000000  0.315924628372678E-002  0.117921573035552E-002  0.219418684430369E+000 -0.458102389463797E-002 -0.109341108447846E-002  0.204407974875251E+000  0.120098861960449E+001  0.104797250343680E+001 -0.796823017107904E+001  0.138609307473836E+000  0.517371110282734E-001  0.962681258893077E+001
      5.14000000  0.320433428414149E-002  0.106897420901767E-002  0.218199693299224E+000 -0.454242766500404E-002 -0.117730567944258E-002  0.204586611065575E+000  0.119890750814300E+001  0.105155281631113E+001 -0.795860451889858E+001  0.140313989505259E+000  0.468091099882497E-001  0.955470520886710E+001
      5.15000000  0.324792569236855E-002  0.104183425809423E-002  0.216935636798255E+000 -0.448823911202925E-002 -0.126322450907325E-002  0.204734996781503E+000  0.119615303512796E+001  0.105520769177352E+001 -0.794769418767633E+001  0.141946644669771E+000  0.455320999448883E-001  0.948090833025073E+001
      5.16000000  0.328864907205398E-002  0.108008439677628E-002  0.215650444443417E+000 -0.442027107652388E-002 -0.130722882939633E-002  0.204834372663209E+000  0.119280818991367E+001  0.105702012841192E+001 -0.793468838032277E+001  0.143447870926194E+000  0.471122955789846E-001  0.940647555939285E+001
      5.17000000  0.332453602824068E-002  0.114693822699813E-002  0.214371047737884E+000 -0.433810209013267E-002 -0.128199498466435E-002  0.204883259312731E+000  0.118885804975170E+001  0.105581128972181E+001 -0.791953485110134E+001  0.144732737399361E+000  0.499316319063190E-001  0.933258304157770E+001
      5.18000000  0.335129845263326E-002  0.119791052568702E-002  0.213117402355880E+000 -0.424106938693448E-002 -0.118359742190709E-002  0.204894578604817E+000  0.118427732258539E+001  0.105142810551507E+001 -0.790280750272040E+001  0.145616175943355E+000  0.520500195187859E-001  0.926009473541827E+001
      5.19000000  0.336273132421923E-002  0.119375287484506E-002  0.211896494130186E+000 -0.413068940453015E-002 -0.103152563384449E-002  0.204888162566524E+000  0.117913541670577E+001  0.104473412454075E+001 -0.788537548700241E+001  0.145831414091048E+000  0.517694258117185E-001  0.918930547837190E+001
      5.20000000  0.335271110903353E-002  0.111127344945929E-002  0.210701762843561E+000 -0.401194846950643E-002 -0.862238561202710E-003  0.204881864548196E+000  0.117365139562759E+001  0.103732075091563E+001 -0.786801562582249E+001  0.145117258520380E+000  0.480998664088614E-001  0.911992151870279E+001
      5.21000000  0.331746508262827E-002  0.949128435532530E-003  0.209517364092568E+000 -0.389285111638344E-002 -0.718412739699270E-003  0.204884386779257E+000  0.116817302902149E+001  0.103103577375831E+001 -0.785110344417420E+001  0.143316077327136E+000  0.410028021010539E-001  0.905125027868538E+001
      5.22000000  0.325692409686981E-002  0.727295609184230E-003  0.208325304650544E+000 -0.378269598470884E-002 -0.637168773388512E-003  0.204891853021045E+000  0.116310122051264E+001  0.102747326378654E+001 -0.783446923461938E+001  0.140431136275250E+000  0.313593273186508E-001  0.898251183534812E+001
      5.23000000  0.317474983999803E-002  0.480864501692271E-003  0.207113026350136E+000 -0.369009060719624E-002 -0.640616551424758E-003  0.204888729625962E+000  0.115880406556874E+001  0.102756910972280E+001 -0.781744290786932E+001  0.136626233722340E+000  0.206941362652452E-001  0.891316612998785E+001
      5.24000000  0.307740801940298E-002  0.250349825132118E-003  0.205879311632749E+000 -0.362151977599195E-002 -0.731090329243782E-003  0.204852496753793E+000  0.115555567138078E+001  0.103140263039827E+001 -0.779905941086215E+001  0.132184359103688E+000  0.107533128457985E-001  0.884316434132219E+001
      5.25000000  0.297294041783365E-002  0.714727730786324E-004  0.204637047422729E+000 -0.358068401916883E-002 -0.891863599730824E-003  0.204760730106750E+000  0.115350869159589E+001  0.103823538004017E+001 -0.777836513935225E+001  0.127453914193784E+000  0.306413294814491E-002  0.877306269800430E+001
      5.26000000  0.286983883206592E-002 -0.328748379657576E-004  0.203412099068428E+000 -0.356836762744614E-002 -0.109252880999339E-002  0.204598888750367E+000  0.115268983370494E+001  0.104674911884994E+001 -0.775475106859060E+001  0.122799907346353E+000 -0.140670863154892E-002  0.870396854333052E+001
      5.27000000  0.277602766594499E-002 -0.567383261738427E-004  0.202238248573128E+000 -0.358258891566369E-002 -0.129710872426644E-002  0.204366932240117E+000  0.115300747143952E+001  0.105539773910828E+001 -0.772823209249493E+001  0.118560343877387E+000 -0.242321629021237E-002  0.863731892521621E+001
      5.28000000  0.269785660405886E-002 -0.108042219344117E-004  0.201148955855137E+000 -0.361908628204958E-002 -0.147257997094759E-002  0.204082874044461E+000  0.115427348496711E+001  0.106277276259968E+001 -0.769959258973839E+001  0.115003541726554E+000 -0.460559610984408E-003  0.857452627509417E+001
      5.29000000  0.263929385619000E-002  0.816419809217411E-004  0.200167660650021E+000 -0.367236679690074E-002 -0.159577680874484E-002  0.203781709038852E+000  0.115624878740159E+001  0.106789577542755E+001 -0.767033351864961E+001  0.112294464968528E+000  0.347363464097638E-002  0.851656601404142E+001
      5.30000000  0.260186427400302E-002  0.191117384336225E-003  0.199299234444883E+000 -0.373726674869706E-002 -0.165734621216454E-002  0.203509085434722E+000  0.115871007715691E+001  0.107038233096421E+001 -0.764239692356369E+001  0.110493070857943E+000  0.811615997830591E-002  0.846361766579477E+001
      5.31000000  0.258580675662209E-002  0.289040396796776E-003  0.198525529723380E+000 -0.381036267696975E-002 -0.166225085106177E-002  0.203310648140408E+000  0.116150949863230E+001  0.107045767668751E+001 -0.761771007947165E+001  0.109604357439846E+000  0.122515291925578E-001  0.841488369732657E+001
      5.32000000  0.259223025654773E-002  0.353949657653178E-003  0.197807274541502E+000 -0.389015692811003E-002 -0.162706281135755E-002  0.203219747142979E+000  0.116458178348671E+001  0.106883652877938E+001 -0.759766560645143E+001  0.109670094732687E+000  0.149746313574484E-001  0.836867885597176E+001
      5.33000000  0.262507804572293E-002  0.375586799814129E-003  0.197092721088304E+000 -0.397529223197963E-002 -0.157487813518495E-002  0.203247407660193E+000  0.116786808129125E+001  0.106650373240344E+001 -0.758270294617967E+001  0.110851426526659E+000  0.158602265604309E-001  0.832280370721039E+001
      5.34000000  0.269121146687178E-002  0.356064412852131E-003  0.196330982737670E+000 -0.406120418021823E-002 -0.152909802636128E-002  0.203378335161452E+000  0.117117480547771E+001  0.106444961779899E+001 -0.757214890332624E+001  0.113431282668581E+000  0.150076809495018E-001  0.827511158957835E+001
      5.35000000  0.279751928021235E-002  0.307944309423630E-003  0.195485885087162E+000 -0.413700493207879E-002 -0.150754537222900E-002  0.203574993573371E+000  0.117404379006495E+001  0.106342243110302E+001 -0.756439961413211E+001  0.117691631095853E+000  0.129552165445673E-001  0.822409083464052E+001
      5.36000000  0.294561140056458E-002  0.249738726219393E-003  0.194545459994890E+000 -0.418502813265133E-002 -0.151835127816612E-002  0.203788924672156E+000  0.117573564817975E+001  0.106375786197261E+001 -0.755740454638905E+001  0.123690668821370E+000  0.104869060700787E-001  0.816925751248680E+001
      5.37000000  0.312652827192802E-002  0.200007328880868E-003  0.193523465048041E+000 -0.418463715055488E-002 -0.155868463309212E-002  0.203975595100657E+000  0.117539200635892E+001  0.106532963677450E+001 -0.754929294603574E+001  0.131043157822803E+000  0.838296976220537E-002  0.811120954843229E+001
      5.38000000  0.331876573541270E-002  0.171672325897815E-003  0.192452187860485E+000 -0.411973521136748E-002 -0.161670618211055E-002  0.204107449698602E+000  0.117235079986230E+001  0.106763556134875E+001 -0.753891825774174E+001  0.138841915731787E+000  0.718198164801175E-002  0.805131563346114E+001
      5.39000000  0.349194127785322E-002  0.168221170439292E-003  0.191369173862834E+000 -0.398698610790817E-002 -0.167623328582859E-002  0.204180335882736E+000  0.116648773032425E+001  0.106999579825423E+001 -0.752611967484254E+001  0.145815752059484E+000  0.702454438037175E-002  0.799115385610566E+001
      5.40000000  0.361579746129805E-002  0.183011168265748E-003  0.190302964115266E+000 -0.380053221602987E-002 -0.172275168298228E-002  0.204210964486428E+000  0.115840793550947E+001  0.107180508465253E+001 -0.751160717866088E+001  0.150708105735496E+000  0.762798989517225E-002  0.793191530904108E+001
      5.41000000  0.367122102987330E-002  0.202000853639730E-003  0.189263360267248E+000 -0.358997178926330E-002 -0.174889982128897E-002  0.204226601361533E+000  0.114935509630302E+001  0.107276020998665E+001 -0.749652462596385E+001  0.152735342407505E+000  0.840392591353655E-002  0.787400265480906E+001
      5.42000000  0.365826556270278E-002  0.209152945097035E-003  0.188239916783987E+000 -0.339133407642336E-002 -0.175759996296091E-002  0.204251275364426E+000  0.114083077287985E+001  0.107298725387103E+001 -0.748187301016447E+001  0.151915545618704E+000  0.868542297642826E-002  0.781697478636057E+001
      5.43000000  0.359696293537839E-002  0.192830463803260E-003  0.187209030637781E+000 -0.323435221697791E-002 -0.176166397754640E-002  0.204294148018471E+000  0.113406448931729E+001  0.107302129318467E+001 -0.746802969721044E+001  0.149094769732687E+000  0.799285789559291E-002  0.775984846557316E+001
      5.44000000  0.351984269352254E-002  0.151069675667248E-003  0.186146527885323E+000 -0.313155966006794E-002 -0.177979443189006E-002  0.204344757234600E+000  0.112956510930699E+001  0.107363719205235E+001 -0.745455737120995E+001  0.145629926565014E+000  0.625035482810306E-002  0.770162406296138E+001
      5.45000000  0.345905379917848E-002  0.938477429534290E-004  0.185040450161408E+000 -0.307428702493783E-002 -0.183009940346224E-002  0.204377016547971E+000  0.112696212577331E+001  0.107557957625792E+001 -0.744037666933939E+001  0.142852251577530E+000  0.387573081099536E-002  0.764181376558951E+001
      5.46000000  0.343372972055931E-002  0.413394406383966E-004  0.183898695768447E+000 -0.303757091452259E-002 -0.192314844143446E-002  0.204360282083700E+000  0.112521606696402E+001  0.107927685996502E+001 -0.742422826865966E+001  0.141546697254142E+000  0.170411236902640E-002  0.758075187441601E+001
      5.47000000  0.344325611349951E-002  0.184281499298617E-004  0.182748268503513E+000 -0.299179948437734E-002 -0.205689491813720E-002  0.204272925662607E+000  0.112310379237825E+001  0.108463520575776E+001 -0.740523302466571E+001  0.141679911342583E+000  0.758264434072864E-003  0.751955638097265E+001
      5.48000000  0.346932047261368E-002  0.470073419105234E-004  0.181626284715348E+000 -0.291575519721035E-002 -0.221533676744047E-002  0.204112810534693E+000  0.111975586042472E+001  0.109098828357373E+001 -0.738331876169740E+001  0.142491886384857E+000  0.193068494987499E-002  0.745975245886280E+001
      5.49000000  0.348546464997918E-002  0.138460155314718E-003  0.180566238725258E+000 -0.280519064913667E-002 -0.237168131272705E-002  0.203900265246652E+000  0.111500489176941E+001  0.109723223366856E+001 -0.735933484366307E+001  0.142894203985864E+000  0.567647520900088E-002  0.740270567642145E+001
      5.50000000  0.346945271528147E-002  0.288825261582658E-003  0.179585002808035E+000 -0.267339850934503E-002 -0.249533931511020E-002  0.203672127580444E+000  0.110940251038408E+001  0.110211585903818E+001 -0.733480005868157E+001  0.141979145789104E+000  0.118194906479634E-001  0.734909145264145E+001
      5.51000000  0.341277967632221E-002  0.478452522536135E-003  0.178675838209808E+000 -0.254413091054838E-002 -0.256075085956312E-002  0.203469023363430E+000  0.110392358769306E+001  0.110460248543442E+001 -0.731137690464741E+001  0.139406469415101E+000  0.195440032101312E-001  0.729861583137880E+001
      5.52000000  0.332341744693222E-002  0.676592679872469E-003  0.177810355720869E+000 -0.244066258929410E-002 -0.255529106332074E-002  0.203320826868360E+000  0.109951646530987E+001  0.110419036845774E+001 -0.729027744456540E+001  0.135510233376219E+000  0.275876363454711E-001  0.725010420303511E+001
      5.53000000  0.322132388503270E-002  0.849755497977515E-003  0.176948780703792E+000 -0.237612926703548E-002 -0.248361575002003E-002  0.203236072278578E+000  0.109670996092037E+001  0.110108472862056E+001 -0.727183641914959E+001  0.131109915338089E+000  0.345855851116245E-001  0.720192706018960E+001
      5.54000000  0.312948829655658E-002  0.971335749580099E-003  0.176054483615838E+000 -0.234908270007155E-002 -0.236681889275730E-002  0.203199552204491E+000  0.109543656888327E+001  0.109615714009813E+001 -0.725542159942832E+001  0.127142235296621E+000  0.394626171189133E-001  0.715259443709674E+001
      5.55000000  0.306481555734712E-002  0.102942622806469E-002  0.175106956147929E+000 -0.234538723462777E-002 -0.223641183179275E-002  0.203179013629270E+000  0.109511474533546E+001  0.109069536096453E+001 -0.723971404531201E+001  0.124290414364557E+000  0.417473123748607E-001  0.710128088640386E+001
      5.56000000  0.303250259290689E-002  0.103017401967504E-002  0.174108053253960E+000 -0.234473364886526E-002 -0.212488191805341E-002  0.203138097878543E+000  0.109491721782902E+001  0.108601739475801E+001 -0.722323810426935E+001  0.122758808582512E+000  0.417024986503774E-001  0.704807218700139E+001
      5.57000000  0.302544598023635E-002  0.995417790974133E-003  0.173079179154928E+000 -0.232851097852670E-002 -0.205584067592788E-002  0.203050080920180E+000  0.109409127861222E+001  0.108307312252548E+001 -0.720491804087756E+001  0.122253269698031E+000  0.402231870795697E-001  0.699384345533355E+001
      5.58000000  0.302794622734603E-002  0.955250868383210E-003  0.172050974687603E+000 -0.228597868982338E-002 -0.203704601753167E-002  0.202906721148804E+000  0.109220707682166E+001  0.108216614593302E+001 -0.718443133695387E+001  0.122135027609696E+000  0.385309323298087E-001  0.693983610209738E+001
      5.59000000  0.302162915667036E-002  0.937938967244613E-003  0.171050255501720E+000 -0.221706759844426E-002 -0.205871014644264E-002  0.202718774038943E+000  0.108926750624153E+001  0.108289143776042E+001 -0.716222267624856E+001  0.121662190089265E+000  0.377649615516640E-001  0.688712863844590E+001
      5.60000000  0.299140176801644E-002  0.960623965438393E-003  0.170089999760603E+000 -0.213169921779244E-002 -0.209772574443104E-002  0.202508504225588E+000  0.108567698484271E+001  0.108431152730632E+001 -0.713919614091843E+001  0.120230040803884E+000  0.386092766931908E-001  0.683623571738074E+001
      5.61000000  0.292995343529074E-002  0.102404820272783E-002  0.169166589500940E+000 -0.204647504488173E-002 -0.212635918231986E-002  0.202298096245855E+000  0.108210504952442E+001  0.108531001949313E+001 -0.711624615335647E+001  0.117550405762552E+000  0.410850494417921E-001  0.678700248194537E+001
      5.62000000  0.284008007367347E-002  0.111314592128914E-002  0.168265007407691E+000 -0.197981476345471E-002 -0.212233314846120E-002  0.202099571940911E+000  0.107928928807122E+001  0.108499698431271E+001 -0.709385376575866E+001  0.113741917306381E+000  0.445802047987473E-001  0.673881864653499E+001
      5.63000000  0.273451382847127E-002  0.120323926519175E-002  0.167368937650210E+000 -0.194651946914831E-002 -0.207668860622606E-002  0.201910866218300E+000  0.107781738500208E+001  0.108302124862426E+001 -0.707193344923845E+001  0.109319592614584E+000  0.481027467914360E-001  0.669102634982299E+001
      5.64000000  0.263308761212640E-002  0.126952531191930E-002  0.166470506764132E+000 -0.195277907039141E-002 -0.199662217257455E-002  0.201719570267586E+000  0.107792921172368E+001  0.107967885070971E+001 -0.704998749655868E+001  0.105078165330432E+000  0.506627238693721E-001  0.664330930419590E+001
      5.65000000  0.255738681445342E-002  0.129634208483167E-002  0.165574774790769E+000 -0.199292720256768E-002 -0.190236545798074E-002  0.201512060147296E+000  0.107939063265689E+001  0.107578299752199E+001 -0.702747331787874E+001  0.101876554691137E+000  0.516413334726614E-001  0.659586868287255E+001
      5.66000000  0.252382988793942E-002  0.128283713212122E-002  0.164696828282850E+000 -0.204938910991911E-002 -0.181939596793103E-002  0.201283135412949E+000  0.108149562005923E+001  0.107234975623817E+001 -0.700418712510480E+001  0.100362142379961E+000  0.510130589702172E-001  0.654930294971136E+001
      5.67000000  0.253715924883647E-002  0.124308486902169E-002  0.163853060573419E+000 -0.209673380192384E-002 -0.176897245578856E-002  0.201041138511999E+000  0.108323126842347E+001  0.107022055978989E+001 -0.698046416206962E+001  0.100714254846873E+000  0.493450958399068E-001  0.650425822013314E+001
      5.68000000  0.258693607263693E-002  0.120083398863133E-002  0.163051112424127E+000 -0.210935138224482E-002 -0.176050160811325E-002  0.200805839514933E+000  0.108358471609540E+001  0.106976126800791E+001 -0.695709014033095E+001  0.102509387012697E+000  0.475839961337482E-001  0.646102923188909E+001
      5.69000000  0.264912604382421E-002  0.118104737730892E-002  0.162283600846207E+000 -0.207050091027792E-002 -0.178839144061453E-002  0.200599975625790E+000  0.108190104345208E+001  0.107074187910762E+001 -0.693496261636909E+001  0.104789225712610E+000  0.467176865693608E-001  0.641931436904354E+001
      5.70000000  0.269308683233986E-002  0.120143906211993E-002  0.161528919377970E+000 -0.197927157232734E-002 -0.183422498399056E-002  0.200438457443593E+000  0.107815500710422E+001  0.107242758834047E+001 -0.691466380080573E+001  0.106341253750395E+000  0.474409271310154E-001  0.637825249350599E+001
      5.71000000  0.269187077414480E-002  0.126695371736660E-002  0.160758996416707E+000 -0.185225329740272E-002 -0.187308213402761E-002  0.200320408478293E+000  0.107301137775737E+001  0.107383240048747E+001 -0.689614953658251E+001  0.106107082784362E+000  0.499402736059211E-001  0.633673365934058E+001
      5.72000000  0.263193136731927E-002  0.136878110705995E-002  0.159950602327161E+000 -0.171861936996447E-002 -0.188146635554176E-002  0.200227898433028E+000  0.106762541588759E+001  0.107403323097345E+001 -0.687870493052306E+001  0.103563043925332E+000  0.538597395337850E-001  0.629384620753359E+001
      5.73000000  0.251815101587137E-002  0.148770467099213E-002  0.159095136852074E+000 -0.161014548046299E-002 -0.184404075685154E-002  0.200132150932487E+000  0.106324653987371E+001  0.107243395002010E+001 -0.686119404584659E+001  0.989130116289437E-001  0.584370629461069E-001  0.624925948538165E+001
      5.74000000  0.237189011092895E-002  0.160012428098679E-002  0.158202509523147E+000 -0.155006818810193E-002 -0.175720210796256E-002  0.200004628334989E+000  0.106078062848674E+001  0.106890267752090E+001 -0.684249822283196E+001  0.930055675939516E-001  0.627434071622121E-001  0.620337094252024E+001
      5.75000000  0.222275510702997E-002  0.168449765413636E-002  0.157297348404538E+000 -0.154536586761487E-002 -0.162892230702293E-002  0.199828251450820E+000  0.106049085828289E+001  0.106376154054705E+001 -0.682195510638846E+001  0.870061692150827E-001  0.659369480131494E-001  0.615715139696876E+001
      5.76000000  0.209755692401888E-002  0.172628323588695E-002  0.156409096936807E+000 -0.158559317392658E-002 -0.147559550726298E-002  0.199603990511295E+000  0.106195773881852E+001  0.105765953243503E+001 -0.679961223004422E+001  0.819629437061069E-001  0.674552638183968E-001  0.611175308786954E+001
      5.77000000  0.201110341355688E-002  0.172038599792145E-002  0.155560121358691E+000 -0.164848262996444E-002 -0.131734780905057E-002  0.199350073204020E+000  0.106430353342523E+001  0.105138672214809E+001 -0.677618997166678E+001  0.784485400237641E-001  0.671083191965590E-001  0.606804420113112E+001
      5.78000000  0.196247310102276E-002  0.167107646047593E-002  0.154756715267049E+000 -0.170957483211958E-002 -0.117327913461676E-002  0.199094148481278E+000  0.106657122562815E+001  0.104568775143849E+001 -0.675277058995966E+001  0.764191406791993E-001  0.650720904415226E-001  0.602626104219213E+001
      5.79000000  0.193779675953850E-002  0.158996971612736E-002  0.153986636410308E+000 -0.175158199043818E-002 -0.105765743689398E-002  0.198861596716316E+000  0.106808919238035E+001  0.104111428473592E+001 -0.673034068047973E+001  0.753279133232124E-001  0.618068434542629E-001  0.598591774052260E+001
      5.80000000  0.191767347609333E-002  0.149282325705097E-002  0.153224152893347E+000 -0.176970254486906E-002 -0.977560367295351E-003  0.198664661255902E+000  0.106867498248903E+001  0.103793515543085E+001 -0.670937023992834E+001  0.744171345473985E-001  0.579304196258494E-001  0.594600829803646E+001
      5.81000000  0.188557595326157E-002  0.139582724411909E-002  0.152440623425104E+000 -0.177128587763432E-002 -0.932126771593894E-003  0.198496687027505E+000  0.106861811811560E+001  0.103610980345949E+001 -0.668959392043519E+001  0.730456190672332E-001  0.540731679258138E-001  0.590542093508392E+001
      5.82000000  0.183369033117047E-002  0.131198370034554E-002  0.151616531183556E+000 -0.177089371804042E-002 -0.913449456635712E-003  0.198333731795862E+000  0.106848505174071E+001  0.103532545892672E+001 -0.667007965842085E+001  0.709135595927260E-001  0.507378114710084E-001  0.586340437998849E+001
      5.83000000  0.176432491132847E-002  0.124822317071485E-002  0.150750383233243E+000 -0.178360275166378E-002 -0.909023497950767E-003  0.198142997133960E+000  0.106885822991374E+001  0.103509399666517E+001 -0.664955988082010E+001  0.681139846153896E-001  0.481892271093233E-001  0.581990835043055E+001
      5.84000000  0.168728200077379E-002  0.120397832145418E-002  0.149861100163484E+000 -0.181960160121596E-002 -0.905377558705281E-003  0.197894982930915E+000  0.107012772313610E+001  0.103489338915073E+001 -0.662690281418154E+001  0.650281055609780E-001  0.464015080731889E-001  0.577566964884719E+001
      5.85000000  0.161524422513828E-002  0.117178624232719E-002  0.148982950569745E+000 -0.188190652171217E-002 -0.892071164556946E-003  0.197574923030756E+000  0.107240498313583E+001  0.103432178850570E+001 -0.660155130186260E+001  0.621453454420152E-001  0.450836224518248E-001  0.573201054307118E+001
      5.86000000  0.155958714353734E-002  0.113997820765904E-002  0.148154810834167E+000 -0.196720140707012E-002 -0.864880844088642E-003  0.197189366997740E+000  0.107555748365184E+001  0.103321887632001E+001 -0.657377069765296E+001  0.599015838835509E-001  0.437849853497931E-001  0.569042125392589E+001
      5.87000000  0.152816820476682E-002  0.109675157266932E-002  0.147407549625909E+000 -0.206840138476366E-002 -0.827039789519453E-003  0.196765580925648E+000  0.107930909499270E+001  0.103171133886919E+001 -0.654461888484396E+001  0.585948347402205E-001  0.420529474119255E-001  0.565207480619514E+001
      5.88000000  0.152523789316391E-002  0.103426612960852E-002  0.146753923817552E+000 -0.217715690604650E-002 -0.787987807879953E-003  0.196344050131486E+000  0.108333715665603E+001  0.103016257726118E+001 -0.651565255533206E+001  0.583830172677502E-001  0.395896125942202E-001  0.561744296201374E+001
      5.89000000  0.155249705631129E-002  0.951271858992925E-003  0.146184346458816E+000 -0.228512758250616E-002 -0.760051232128313E-003  0.195966792390893E+000  0.108732154942601E+001  0.102904382746096E+001 -0.648847638907316E+001  0.593255490302806E-001  0.363509386909234E-001  0.558614045549794E+001
      5.90000000  0.160999643532483E-002  0.853330759843606E-003  0.145669680917889E+000 -0.238392883722589E-002 -0.754349855244752E-003  0.195665530693340E+000  0.109094263867382E+001  0.102877710326245E+001 -0.646429145908287E+001  0.614184961386149E-001  0.325530484592917E-001  0.555703884720936E+001
      5.91000000  0.169603574218350E-002  0.750729787777956E-003  0.145169709630781E+000 -0.246453338380339E-002 -0.777538434278536E-003  0.195453566007233E+000  0.109385847638240E+001  0.102961151723476E+001 -0.644358913111365E+001  0.645912657128507E-001  0.285905455851363E-001  0.552859533263576E+001
      5.92000000  0.180606531210782E-002  0.655177890723975E-003  0.144644095289626E+000 -0.251718145653493E-002 -0.830528671446132E-003  0.195323595511395E+000  0.109570157661491E+001  0.103157615160200E+001 -0.642607410840621E+001  0.686654104293916E-001  0.249094307217053E-001  0.549927297903682E+001
      5.93000000  0.193132072042402E-002  0.576804879522594E-003  0.144062157957267E+000 -0.253250286260642E-002 -0.909328873247871E-003  0.195251455069086E+000  0.109612171858751E+001  0.103451378292535E+001 -0.641081311104135E+001  0.733037144920629E-001  0.218927595810549E-001  0.546791176852878E+001
      5.94000000  0.205820529181151E-002  0.522607467212769E-003  0.143408706205020E+000 -0.250386399352473E-002 -0.100713133684892E-002  0.195203776503533E+000  0.109487473272053E+001  0.103816154417537E+001 -0.639653039051017E+001  0.779881325222065E-001  0.198022911379322E-001  0.543394637495643E+001
      5.95000000  0.216923157768463E-002  0.496549679183448E-003  0.142684958319331E+000 -0.243028228443011E-002 -0.111632751070813E-002  0.195146600686336E+000  0.109193185658539E+001  0.104222804127497E+001 -0.638193642045579E+001  0.820569230075969E-001  0.187833052097156E-001  0.539743601356228E+001
      5.96000000  0.224579593445493E-002  0.500581998885786E-003  0.141905415849287E+000 -0.231884815852120E-002 -0.122946520660074E-002  0.195052315447672E+000  0.108756939053382E+001  0.104642974074388E+001 -0.636599001672283E+001  0.848106334694073E-001  0.189040668288455E-001  0.535894113364251E+001
      5.97000000  0.227240084872716E-002  0.535449836242474E-003  0.141092640391042E+000 -0.218555056659066E-002 -0.133903738448684E-002  0.194903537395886E+000  0.108239726633283E+001  0.105048294085974E+001 -0.634804260560808E+001  0.856716018424591E-001  0.201869512603245E-001  0.531932230057618E+001
      5.98000000  0.224133275075663E-002  0.600524416756372E-003  0.140271915733018E+000 -0.205370686079578E-002 -0.143684301892960E-002  0.194694000707410E+000  0.107729716139021E+001  0.105407971743522E+001 -0.632786839332820E+001  0.843590011172633E-001  0.226024627208936E-001  0.527953678098339E+001
      5.99000000  0.215639244039480E-002  0.692741923657632E-003  0.139466989749306E+000 -0.194980531229488E-002 -0.151395142590697E-002  0.194427450222301E+000  0.107326401286034E+001  0.105688678558734E+001 -0.630561924499204E+001  0.810265324895805E-001  0.260298055830056E-001  0.524047773701024E+001
      6.00000000  0.203421259980469E-002  0.805510291024791E-003  0.138697095065586E+000 -0.189739216105223E-002 -0.156186101628874E-002  0.194115640650049E+000  0.107117576228792E+001  0.105858917871806E+001 -0.628174648282124E+001  0.763082273758796E-001  0.302166363766660E-001  0.520286299851593E+001
      6.01000000  0.190212519769212E-002  0.928627032073896E-003  0.137974855835747E+000 -0.191048546538791E-002 -0.157457091776051E-002  0.193776009797315E+000  0.107154767762536E+001  0.105896767835359E+001 -0.625691125720902E+001  0.712345856135186E-001  0.347770808669991E-001  0.516715813053188E+001
      6.02000000  0.179249083829631E-002  0.104971964088358E-002  0.137304763451091E+000 -0.198855882898794E-002 -0.155055535460200E-002  0.193428959118185E+000  0.107434781811530E+001  0.105797183658898E+001 -0.623188112974749E+001  0.670172694296507E-001  0.392466965496768E-001  0.513352153862175E+001
      6.03000000  0.173466585699584E-002  0.115680997442643E-002  0.136682435707340E+000 -0.211506003008739E-002 -0.149352858455459E-002  0.193094468001506E+000  0.107894627834591E+001  0.105574712853373E+001 -0.620740281649283E+001  0.647477667940661E-001  0.431788417043779E-001  0.510177936363511E+001
      6.04000000  0.174689976568729E-002  0.124089882582599E-002  0.136095338473188E+000 -0.226053285286778E-002 -0.141149106429445E-002  0.192788173524333E+000  0.108423647017871E+001  0.105259778675374E+001 -0.618405627650522E+001  0.650964527371656E-001  0.462408395453675E-001  0.507145512449185E+001
      6.05000000  0.183087157034041E-002  0.129741921499459E-002  0.135525561092996E+000 -0.238987488829922E-002 -0.131447974619217E-002  0.192517788547332E+000  0.108890906984971E+001  0.104890179487739E+001 -0.616212283457563E+001  0.681128075491397E-001  0.482671022550490E-001  0.504187547081750E+001
      6.06000000  0.197093603848423E-002  0.132604691765736E-002  0.134954479062475E+000 -0.247165247530705E-002 -0.121212047044787E-002  0.192281241799294E+000  0.109179965698222E+001  0.104501937247243E+001 -0.614151856607480E+001  0.732025452907846E-001  0.492507152196428E-001  0.501234498373808E+001
      6.07000000  0.213856693177248E-002  0.132927415649009E-002  0.134368068501541E+000 -0.248643584983620E-002 -0.111208035883490E-002  0.192067708193633E+000  0.109219658678759E+001  0.104123573641558E+001 -0.612183550954485E+001  0.792976708967703E-001  0.492892427292742E-001  0.498234341734575E+001
      6.08000000  0.230055750696512E-002  0.131076435717026E-002  0.133760905958834E+000 -0.243133744250493E-002 -0.101986313077634E-002  0.191861668051459E+000  0.109000526905412E+001  0.103775414053153E+001 -0.610249459916720E+001  0.851639487670401E-001  0.485229637693221E-001  0.495167232621747E+001
      6.09000000  0.242811902310389E-002  0.127443687830639E-002  0.133137052922674E+000 -0.231933409064156E-002 -0.939522520522723E-003  0.191648719733069E+000  0.108571805229982E+001  0.103472291502806E+001 -0.608296189305327E+001  0.897385306637926E-001  0.471006947331480E-001  0.492048511317032E+001
      6.10000000  0.250377149554510E-002  0.122455632304132E-002  0.132507194525142E+000 -0.217394613343530E-002 -0.874360594242456E-003  0.191420821268978E+000  0.108021308493905E+001  0.103226168281479E+001 -0.606294160623400E+001  0.923828022007037E-001  0.451830148144244E-001  0.488917857071509E+001
      6.11000000  0.252396219590848E-002  0.116629596179947E-002  0.131883106724680E+000 -0.202153437831341E-002 -0.826853281482521E-003  0.191178614377693E+000  0.107446740098429E+001  0.103045885122107E+001 -0.604245977175147E+001  0.929753690702601E-001  0.429629245910433E-001  0.485818707654853E+001
      6.12000000  0.249716029020194E-002  0.110586644134321E-002  0.131271919308068E+000 -0.188410959380554E-002 -0.797766523940529E-003  0.190929663866235E+000  0.106929166775708E+001  0.102933936173689E+001 -0.602179686207542E+001  0.918377581292135E-001  0.406703146617307E-001  0.482777129761146E+001
      6.13000000  0.243888497010839E-002  0.104961651161489E-002  0.130672936550017E+000 -0.177492137168662E-002 -0.785182289863470E-003  0.190683357508633E+000  0.106516957964483E+001  0.102882944596376E+001 -0.600129845317837E+001  0.895482531448859E-001  0.385386462416737E-001  0.479790287151037E+001
      6.14000000  0.236596715682378E-002  0.100231439800275E-002  0.130078690852179E+000 -0.169763156349476E-002 -0.784400876828750E-003  0.190444932168068E+000  0.106223022134061E+001  0.102875384814614E+001 -0.598115570943951E+001  0.867294547414382E-001  0.367419222061271E-001  0.476830538350954E+001
      6.15000000  0.229206947526656E-002  0.965554048093001E-003  0.129479865029655E+000 -0.164837805285648E-002 -0.789216516759821E-003  0.190211701762984E+000  0.106032647971127E+001  0.102888333419849E+001 -0.596126859209588E+001  0.838839624544059E-001  0.353368431419443E-001  0.473863652648923E+001
      6.16000000  0.222544301260940E-002  0.937366332472278E-003  0.128871700034735E+000 -0.161920046261646E-002 -0.794157604459865E-003  0.189973643182324E+000  0.105916245437826E+001  0.102901698346052E+001 -0.594126963111422E+001  0.813133850592929E-001  0.342495535055578E-001  0.470872276162359E+001
      6.17000000  0.216876749695657E-002  0.913500169792928E-003  0.128258554202338E+000 -0.160136597441421E-002 -0.796539956580990E-003  0.189718396197212E+000  0.105841598551483E+001  0.102905685977413E+001 -0.592070848339787E+001  0.791141392482711E-001  0.333234335804712E-001  0.467872426674832E+001
      6.18000000  0.212029129256215E-002  0.889824909666443E-003  0.127653970512631E+000 -0.158780207947180E-002 -0.797130308433829E-003  0.189438445126222E+000  0.105782746664799E+001  0.102903134271016E+001 -0.589931415824049E+001  0.772206281814717E-001  0.324072634439449E-001  0.464913468608017E+001
      6.19000000  0.207551791098519E-002  0.864540678614731E-003  0.127075703208083E+000 -0.157454383963168E-002 -0.798957726436251E-003  0.189136935318315E+000  0.105725196321632E+001  0.102905088903465E+001 -0.587720506164179E+001  0.754678733634601E-001  0.314355497034889E-001  0.462059759953027E+001
      6.20000000  0.202908238202571E-002  0.838896957704392E-003  0.126537677714542E+000 -0.156139788537719E-002 -0.804922011732450E-003  0.188828972959487E+000  0.105668239247652E+001  0.102922055025775E+001 -0.585493304203046E+001  0.736604327585581E-001  0.304539202014324E-001  0.459361343988940E+001
      6.21000000  0.197675156985661E-002  0.815966331925836E-003  0.126042553705656E+000 -0.155187854022201E-002 -0.815634994795009E-003  0.188537265703186E+000  0.105624609848547E+001  0.102956177629653E+001 -0.583332189992470E+001  0.716451452853730E-001  0.295737852395078E-001  0.456827110198586E+001
      6.22000000  0.191738715246675E-002  0.798216268612910E-003  0.125578530862962E+000 -0.155221685261843E-002 -0.828860141506372E-003  0.188283659363614E+000  0.105616791271463E+001  0.102999280931799E+001 -0.581315895191195E+001  0.693818225451081E-001  0.288839421033304E-001  0.454413566535070E+001
      6.23000000  0.185434355839099E-002  0.785425219868697E-003  0.125122215334118E+000 -0.156928490147937E-002 -0.840972629240964E-003  0.188080195736558E+000  0.105669438193971E+001  0.103038226098912E+001 -0.579487226464188E+001  0.669928461350444E-001  0.283754704823434E-001  0.452035615623880E+001
      6.24000000  0.179554247940137E-002  0.774361576362104E-003  0.124646588213391E+000 -0.160774843693806E-002 -0.849588117606677E-003  0.187923708686829E+000  0.105799089104592E+001  0.103064432894481E+001 -0.577833861630575E+001  0.647645526495331E-001  0.279309354456483E-001  0.449595630153081E+001
      6.25000000  0.175173705807674E-002  0.760604112603565E-003  0.124130725411769E+000 -0.166738938145752E-002 -0.855690477113706E-003  0.187796451428818E+000  0.106004589045134E+001  0.103081505569150E+001 -0.576291049652032E+001  0.630834121043083E-001  0.273908132858032E-001  0.447018556229818E+001
      6.26000000  0.173326023228813E-002  0.741527090649330E-003  0.123567085108041E+000 -0.174182872189025E-002 -0.863774430371077E-003  0.187672521132892E+000  0.106262639168276E+001  0.103105648398269E+001 -0.574765128674953E+001  0.623183168535855E-001  0.266611552782228E-001  0.444277934668312E+001
      6.27000000  0.174642651964191E-002  0.718633945202686E-003  0.122963314632796E+000 -0.181947775968212E-002 -0.879659763794215E-003  0.187527235946917E+000  0.106531388031016E+001  0.103157718868526E+001 -0.573167417318289E+001  0.626915564465686E-001  0.257968371605649E-001  0.441401999652395E+001
      6.28000000  0.179113693393624E-002  0.697661829570315E-003  0.122338067195566E+000 -0.188654465878257E-002 -0.907081601646660E-003  0.187345383249993E+000  0.106761354740161E+001  0.103250970210779E+001 -0.571443736668309E+001  0.641941453236643E-001  0.250041211398551E-001  0.438458250476116E+001
      6.29000000  0.186077435651549E-002  0.686123382558018E-003  0.121713008560199E+000 -0.193086440000301E-002 -0.945037152696565E-003  0.187124960047210E+000  0.106909194290170E+001  0.103381617735248E+001 -0.569587520234219E+001  0.665839173341858E-001  0.245514897737762E-001  0.435524536980575E+001
      6.30000000  0.194434688959307E-002  0.689505848214754E-003  0.121104739163687E+000 -0.194486848808264E-002 -0.987591072621126E-003  0.186875260621918E+000  0.106948258473646E+001  0.103528278688705E+001 -0.567632603997346E+001  0.694639500516586E-001  0.246333614938126E-001  0.432660118279930E+001
      6.31000000  0.202968196233989E-002  0.708281408371987E-003  0.120520074235539E+000 -0.192650766166986E-002 -0.102649565196860E-002  0.186610786569006E+000  0.106871754836634E+001  0.103661457777482E+001 -0.565631183663249E+001  0.723977231912400E-001  0.252640375666056E-001  0.429888974498908E+001
      6.32000000  0.210601569830663E-002  0.737583282250862E-003  0.119956263700878E+000 -0.187813676955658E-002 -0.105530831658755E-002  0.186344179789964E+000  0.106688618295875E+001  0.103758275024764E+001 -0.563628501649089E+001  0.750016471612901E-001  0.262675919899012E-001  0.427200869020778E+001
      6.33000000  0.216488176907353E-002  0.769959441499383E-003  0.119405308495900E+000 -0.180453782194196E-002 -0.107267197433336E-002  0.186081449373216E+000  0.106416357514555E+001  0.103814077377309E+001 -0.561645930324829E+001  0.769762497533562E-001  0.273772873491264E-001  0.424566966194668E+001
      6.34000000  0.219945419258687E-002  0.799806996868948E-003  0.118859757833101E+000 -0.171163615486887E-002 -0.108271953070026E-002  0.185821291879333E+000  0.106076429578834E+001  0.103843731019127E+001 -0.559678747227189E+001  0.780821816313431E-001  0.283937148634541E-001  0.421960558717800E+001
      6.35000000  0.220363093166550E-002  0.826958687662260E-003  0.118317041557058E+000 -0.160677102613504E-002 -0.109209468180953E-002  0.185558158248477E+000  0.105695168029734E+001  0.103870907936550E+001 -0.557707211123356E+001  0.781072612539134E-001  0.293113866461347E-001  0.419372406825974E+001
      6.36000000  0.217237394079802E-002  0.857151666340297E-003  0.117780497551346E+000 -0.150003220778458E-002 -0.110504179078725E-002  0.185287014523875E+000  0.105308474602871E+001  0.103910640218965E+001 -0.555713527841109E+001  0.768782952313811E-001  0.303338010208190E-001  0.416814236867760E+001
      6.37000000  0.210391048173880E-002  0.898710982802150E-003  0.117257077152829E+000 -0.140506258576510E-002 -0.111930411794136E-002  0.185007247208158E+000  0.104964579991579E+001  0.103954894881353E+001 -0.553695633982427E+001  0.743385525138428E-001  0.317546179695773E-001  0.414310469157475E+001
      6.38000000  0.200286686840506E-002  0.956907343237867E-003  0.116753268023608E+000 -0.133766844779440E-002 -0.112539621577496E-002  0.184723944941219E+000  0.104719044580004E+001  0.103970187770494E+001 -0.551671595161781E+001  0.706574043470942E-001  0.337579048015824E-001  0.411883735146013E+001
      6.39000000  0.188224165931663E-002  0.102893741667433E-002  0.116271356542558E+000 -0.131176174254077E-002 -0.111017624678619E-002  0.184446266862366E+000  0.104620408540242E+001  0.103910365461558E+001 -0.549673701396402E+001  0.662980566932931E-001  0.362421853999830E-001  0.409541726467964E+001
      6.40000000  0.176218918958226E-002  0.110245298314691E-002  0.115807656349491E+000 -0.133396182219022E-002 -0.106334882171447E-002  0.184183952309917E+000  0.104691262145864E+001  0.103739573346235E+001 -0.547736081328350E+001  0.619724740350108E-001  0.387709442759027E-001  0.407271081822697E+001
      6.41000000  0.166503107268852E-002  0.115894687678299E-002  0.115353210614672E+000 -0.139950740596148E-002 -0.983793317191365E-003  0.183943628270937E+000  0.104914093856478E+001  0.103454395936356E+001 -0.545881722221709E+001  0.584642777186447E-001  0.406941306842939E-001  0.405040017074511E+001
      6.42000000  0.160803068784114E-002  0.118086660936896E-002  0.114896401127834E+000 -0.149205058361765E-002 -0.882404715203363E-003  0.183726326103329E+000  0.105230880447830E+001  0.103093563732028E+001 -0.544113850775320E+001  0.563748734586748E-001  0.413992134466817E-001  0.402807615763529E+001
      6.43000000  0.159704485724803E-002  0.115931967495513E-002  0.114426343982945E+000 -0.158827341381405E-002 -0.779643476810502E-003  0.183526876311506E+000  0.105559561885248E+001  0.102729049117147E+001 -0.542413968266278E+001  0.559026527810866E-001  0.405806042060557E-001  0.400535786309121E+001
      6.44000000  0.162420480758466E-002  0.109872295332517E-002  0.113935986828563E+000 -0.166586006870023E-002 -0.698505718889189E-003  0.183335108050192E+000  0.105822090155767E+001  0.102441239421067E+001 -0.540746211425972E+001  0.567650728825385E-001  0.383997684479026E-001  0.398200064798798E+001
      6.45000000  0.167109568821328E-002  0.101604583335286E-002  0.113424178564784E+000 -0.171147454298593E-002 -0.655888261696287E-003  0.183138355935276E+000  0.105972236598230E+001  0.102288739786931E+001 -0.539066234633081E+001  0.583133349496415E-001  0.354551935130903E-001  0.395796731610739E+001
      6.46000000  0.171629929455565E-002  0.934788581832709E-003  0.112896328343039E+000 -0.172512584363565E-002 -0.656183757957627E-003  0.182924664157962E+000  0.106010554491065E+001  0.102286226392067E+001 -0.537332439101445E+001  0.597980168864849E-001  0.325692049044382E-001  0.393344946892087E+001
      6.47000000  0.174399879869287E-002  0.876293427208996E-003  0.112363470137180E+000 -0.171888821455023E-002 -0.689952240066623E-003  0.182686059350991E+000  0.105979565516772E+001  0.102400164587784E+001 -0.535517337103843E+001  0.606691871506277E-001  0.304839716484059E-001  0.390883319630489E+001
      6.48000000  0.174978447783343E-002  0.852191932466461E-003  0.111839718599022E+000 -0.171060727200438E-002 -0.738165683884082E-003  0.182421164771112E+000  0.105941575000180E+001  0.102563923844552E+001 -0.533616523117962E+001  0.607765200075167E-001  0.295997939688677E-001  0.388460920826362E+001
      6.49000000  0.174116278550096E-002  0.861172759629156E-003  0.111338445176754E+000 -0.171558827981325E-002 -0.779979773637578E-003  0.182136305798101E+000  0.105949694265114E+001  0.102704985363167E+001 -0.531652329889974E+001  0.603838715933188E-001  0.298656425293109E-001  0.386123941594498E+001
      6.50000000  0.173284588902459E-002  0.891155771447093E-003  0.110868061351490E+000 -0.174011161136918E-002 -0.800495188919180E-003  0.181844369484814E+000  0.106025457448594E+001  0.102771862257066E+001 -0.529669673737207E+001  0.600029854468547E-001  0.308579124800992E-001  0.383901113995722E+001
      6.51000000  0.173934267405846E-002  0.925455230569922E-003  0.110428818070926E+000 -0.177955437970867E-002 -0.795214804000923E-003  0.181561259297896E+000  0.106152569817855E+001  0.102749348183790E+001 -0.527723623838286E+001  0.601354325630196E-001  0.319963693400192E-001  0.381792779603528E+001
      6.52000000  0.176845207799891E-002  0.949841771300871E-003  0.110012091640611E+000 -0.182153391201082E-002 -0.769679254859903E-003  0.181300770837917E+000  0.106288049340219E+001  0.102656981074461E+001 -0.525861635038174E+001  0.610480751906201E-001  0.327891338391151E-001  0.379768642074424E+001
      6.53000000  0.181850805801354E-002  0.957334086469159E-003  0.109602929848621E+000 -0.185209349319057E-002 -0.735113425959588E-003  0.181069675033084E+000  0.106383751901118E+001  0.102533771511946E+001 -0.524106659019661E+001  0.626799042015066E-001  0.329971641117011E-001  0.377776777663574E+001
      6.54000000  0.188015161283529E-002  0.948991532016376E-003  0.109185296515577E+000 -0.186173101558636E-002 -0.702647613078817E-003  0.180865128311326E+000  0.106407158403439E+001  0.102418165954751E+001 -0.522448418728169E+001  0.647055299882957E-001  0.326596002228378E-001  0.375761849722093E+001
      6.55000000  0.194116490996990E-002  0.931101994257142E-003  0.108748061078643E+000 -0.184854049153385E-002 -0.678982225779059E-003  0.180675837535219E+000  0.106352050520698E+001  0.102333153869530E+001 -0.520847665035935E+001  0.667033134173008E-001  0.319950086813443E-001  0.373685716468312E+001
      6.56000000  0.199164134405780E-002  0.910838639062575E-003  0.108289112358089E+000 -0.181749403574296E-002 -0.665217031845552E-003  0.180486824546585E+000  0.106235846705641E+001  0.102282368665311E+001 -0.519252744782911E+001  0.683334848418579E-001  0.312509973351682E-001  0.371541414318270E+001
      6.57000000  0.202701633662844E-002  0.892877725722835E-003  0.107815554563722E+000 -0.177690947147325E-002 -0.658688418610453E-003  0.180285859671588E+000  0.106087321061935E+001  0.102256529073783E+001 -0.517621735021791E+001  0.694413499220911E-001  0.305881277171598E-001  0.369353592085830E+001
      6.58000000  0.204794347686286E-002  0.878530076304078E-003  0.107339663076848E+000 -0.173436850787045E-002 -0.656101712937551E-003  0.180068606630399E+000  0.105932554833820E+001  0.102244251651769E+001 -0.515939967680841E+001  0.700516465671454E-001  0.300508676626829E-001  0.367164437175495E+001
      6.59000000  0.205777236360617E-002  0.867272001616219E-003  0.106872367052939E+000 -0.169424414969691E-002 -0.655812799187027E-003  0.179839904097349E+000  0.105786511966571E+001  0.102239859356165E+001 -0.514224199807605E+001  0.702810418947971E-001  0.296207593015568E-001  0.365011283030394E+001
      6.60000000  0.205951227398504E-002  0.859146658807661E-003  0.106417409697624E+000 -0.165778544755279E-002 -0.657942853863494E-003  0.179610361431115E+000  0.105653412345326E+001  0.102243729583971E+001 -0.512510766192347E+001  0.702338902316012E-001  0.292987873341427E-001  0.362906731163700E+001
      6.61000000  0.205414262818260E-002  0.856121434623207E-003  0.105969212526126E+000 -0.162516400263759E-002 -0.662538082303140E-003  0.179389771949369E+000  0.105533781538597E+001  0.102255982167041E+001 -0.510833003078737E+001  0.699447965561250E-001  0.291514516813459E-001  0.360831565912752E+001
      6.62000000  0.204111217211136E-002  0.861290701294540E-003  0.105515780205659E+000 -0.159786194203472E-002 -0.667290520019369E-003  0.179180571327092E+000  0.105432597618193E+001  0.102268732231699E+001 -0.509199029910200E+001  0.693961151021363E-001  0.292831670204623E-001  0.358744870972436E+001
      6.63000000  0.202050989183253E-002  0.876286651660899E-003  0.105045501673171E+000 -0.157975362271090E-002 -0.666661439179287E-003  0.178974754664529E+000  0.105362929737265E+001  0.102263174716274E+001 -0.507581473599008E+001  0.685920413637132E-001  0.297480801752867E-001  0.356607281407724E+001
      6.64000000  0.199544587373727E-002  0.898519405307863E-003  0.104554663554461E+000 -0.157610501953789E-002 -0.653422984253735E-003  0.178756135190185E+000  0.105342485453025E+001  0.102214892246883E+001 -0.505925392060780E+001  0.676391510755099E-001  0.304568971776069E-001  0.354406440028574E+001
      6.65000000  0.197309980592859E-002  0.920167234933941E-003  0.104051946183076E+000 -0.159093445378784E-002 -0.622145531983793E-003  0.178507285692035E+000  0.105384643029135E+001  0.102105700579887E+001 -0.504171975321124E+001  0.667811177920340E-001  0.311437851850448E-001  0.352172011454441E+001
      6.66000000  0.196363349387136E-002  0.929988605786994E-003  0.103557436523284E+000 -0.162408186957286E-002 -0.572870507311423E-003  0.178218191229580E+000  0.105488579566865E+001  0.101936014076505E+001 -0.502287816366995E+001  0.663609321253496E-001  0.314289356637050E-001  0.349972030811522E+001
      6.67000000  0.197726854772769E-002  0.917490776986494E-003  0.103096173965700E+000 -0.166949476748515E-002 -0.512869281477136E-003  0.177892698004610E+000  0.105633593463390E+001  0.101730641561732E+001 -0.500286481983579E+001  0.667215458400366E-001  0.309600853181355E-001  0.347890836835998E+001
      6.68000000  0.202072026706676E-002  0.877613162204072E-003  0.102688750290145E+000 -0.171564968481669E-002 -0.455218458467597E-003  0.177549726274889E+000  0.105780673330924E+001  0.101533803331704E+001 -0.498232247919432E+001  0.680857162185708E-001  0.295701100668651E-001  0.345997277557049E+001
      6.69000000  0.209444758149023E-002  0.813632182247232E-003  0.102342829694974E+000 -0.174804759940971E-002 -0.414496641398007E-003  0.177218484139449E+000  0.105881030233522E+001  0.101394508525156E+001 -0.496223617431790E+001  0.704643829689204E-001  0.273733705213643E-001  0.344316296549115E+001
      6.70000000  0.219176820508024E-002  0.736733864367998E-003  0.102049049774275E+000 -0.175285113157843E-002 -0.401397573153761E-003  0.176929483797551E+000  0.105888389181755E+001  0.101348423197361E+001 -0.494362886589705E+001  0.736285241524598E-001  0.247492535938892E-001  0.342815490644720E+001
      6.71000000  0.230006688878762E-002  0.662261534388617E-003  0.101782873449119E+000 -0.172035559695681E-002 -0.418674409623555E-003  0.176704847009140E+000  0.105770613402124E+001  0.101404365564639E+001 -0.492723597478909E+001  0.771514728565312E-001  0.222143334367290E-001  0.341411749216938E+001
      6.72000000  0.240351665865248E-002  0.604230786457152E-003  0.101511518410184E+000 -0.164720727962954E-002 -0.460255782757750E-003  0.176551501063020E+000  0.105517028854715E+001  0.101541545174931E+001 -0.491327963246393E+001  0.805015308186154E-001  0.202376393366906E-001  0.339994840407029E+001
      6.73000000  0.248629631904500E-002  0.570513877492881E-003  0.101203200818438E+000 -0.153691161052441E-002 -0.513902273590698E-003  0.176459490687807E+000  0.105139964301936E+001  0.101718667048158E+001 -0.490141603890721E+001  0.831503531915271E-001  0.190799584308688E-001  0.338458526753497E+001
      6.74000000  0.253535440876404E-002  0.560744082169530E-003  0.100835341002413E+000 -0.139885868868609E-002 -0.566146469621325E-003  0.176405501925896E+000  0.104671326505787E+001  0.101890580536183E+001 -0.489085733661297E+001  0.846652227777779E-001  0.187253988925941E-001  0.336727937535341E+001
      6.75000000  0.254221150850726E-002  0.567684212987167E-003  0.100399178648923E+000 -0.124650713416478E-002 -0.607277104408877E-003  0.176359790489669E+000  0.104156399377709E+001  0.102024927182269E+001 -0.488060592156408E+001  0.847684384818537E-001  0.189290718434275E-001  0.334774725488014E+001
      6.76000000  0.250381255788707E-002  0.581210937920517E-003  0.998999111064763E-001 -0.109536669237155E-002 -0.634232145696191E-003  0.176293777827489E+000  0.103647028107703E+001  0.102111678653616E+001 -0.486970890595526E+001  0.833645466730750E-001  0.193514431455943E-001  0.332617183176837E+001
      6.77000000  0.242274172266071E-002  0.592959251708709E-003  0.993531916394832E-001 -0.961102157686458E-003 -0.650347929769721E-003  0.176185843904715E+000  0.103195267036313E+001  0.102162137797224E+001 -0.485745037394285E+001  0.805461386389292E-001  0.197134418616086E-001  0.330308256681416E+001
      6.78000000  0.230705774742524E-002  0.599537605612693E-003  0.987799081528002E-001 -0.857714504710008E-003 -0.662398676519272E-003  0.176023992367735E+000  0.102847340045010E+001  0.102198953459522E+001 -0.484343810905423E+001  0.765869980549568E-001  0.199027464683871E-001  0.327917957060694E+001
      6.79000000  0.216969539411848E-002  0.603051991452364E-003  0.982012986531384E-001 -0.795620808813153E-003 -0.676529822286167E-003  0.175805473157342E+000  0.102637318823136E+001  0.102242556774489E+001 -0.482758870095242E+001  0.719209256469348E-001  0.199899292573753E-001  0.325517043452743E+001
      6.80000000  0.202708616715197E-002  0.609002537210958E-003  0.976357796646605E-001 -0.779675165936830E-003 -0.695026948102944E-003  0.175534513054837E+000  0.102580661627155E+001  0.102300482884629E+001 -0.481005015771742E+001  0.670949097143582E-001  0.201574905458476E-001  0.323166519886781E+001
      6.81000000  0.189667242649424E-002  0.622785374509581E-003  0.970977981985821E-001 -0.807620689208726E-003 -0.715292217289763E-003  0.175219672495413E+000  0.102669233701260E+001  0.102364082691479E+001 -0.479111284787233E+001  0.626861350717543E-001  0.205834215554982E-001  0.320913912598852E+001
      6.82000000  0.179343868771212E-002  0.646529856664646E-003  0.965980673480783E-001 -0.869809993969131E-003 -0.731272335590448E-003  0.174872002252067E+000  0.102870557787870E+001  0.102413354080245E+001 -0.477114762333784E+001  0.591872871980547E-001  0.213368589462870E-001  0.318794146355868E+001
      6.83000000  0.172628754677192E-002  0.677673723530994E-003  0.961440814599460E-001 -0.950934484203620E-003 -0.736464069046109E-003  0.174504379346732E+000  0.103133690987273E+001  0.102426929356288E+001 -0.475058334598659E+001  0.568877437575698E-001  0.223319279615721E-001  0.316831334393155E+001
      6.84000000  0.169563184844640E-002  0.709764593027064E-003  0.957399612439834E-001 -0.103383033203875E-002 -0.727014295362312E-003  0.174131557838852E+000  0.103401883554650E+001  0.102392286140910E+001 -0.472990813482374E+001  0.557958295593415E-001  0.233552491338719E-001  0.315038347768809E+001
      6.85000000  0.169352351212989E-002  0.734948041618419E-003  0.953853301590077E-001 -0.110440392773222E-002 -0.703543207164663E-003  0.173769959037994E+000  0.103628805127359E+001  0.102311673413477E+001 -0.470966204034510E+001  0.556451009436316E-001  0.241486213041988E-001  0.313413205498651E+001
      6.86000000  0.170681271433747E-002  0.746926122340446E-003  0.950737528614613E-001 -0.115586329404657E-002 -0.671018035892063E-003  0.173436281491515E+000  0.103792351922352E+001  0.102201589540437E+001 -0.469039106015071E+001  0.560000002738336E-001  0.245064163772853E-001  0.311934059405157E+001
      6.87000000  0.172248321364916E-002  0.743099043136118E-003  0.947918711029777E-001 -0.119031865118850E-002 -0.636916001939195E-003  0.173144634309464E+000  0.103899714175013E+001  0.102086660037272E+001 -0.467255317783972E+001  0.564318823180941E-001  0.243453622192959E-001  0.310556507744564E+001
      6.88000000  0.173307559636731E-002  0.725096214562824E-003  0.945204126801962E-001 -0.121669253342469E-002 -0.608618780198181E-003  0.172902832436882E+000  0.103980326336155E+001  0.101991054677292E+001 -0.465639780501614E+001  0.566963817830898E-001  0.237210263051988E-001  0.309217059823848E+001
      6.89000000  0.173970676269338E-002  0.697682259432857E-003  0.942376054283161E-001 -0.124550047181216E-002 -0.591196879960262E-003  0.172709296435737E+000  0.104068655790702E+001  0.101931253069375E+001 -0.464186602056317E+001  0.568307130695529E-001  0.227910709723063E-001  0.307844426963482E+001
      6.90000000  0.175101138827473E-002  0.666720460878018E-003  0.939244032844936E-001 -0.128269004847839E-002 -0.586432435562210E-003  0.172552211581718E+000  0.104184069695587E+001  0.101912912776594E+001 -0.462856537510335E+001  0.571171008537745E-001  0.217480823141682E-001  0.306376626157573E+001
      6.91000000  0.177814531260946E-002  0.637197516552083E-003  0.935698223990913E-001 -0.132548083785625E-002 -0.593283019301127E-003  0.172411971615970E+000  0.104317393981306E+001  0.101932458368002E+001 -0.461585190295073E+001  0.579182561625308E-001  0.207549792067515E-001  0.304778293672749E+001
      6.92000000  0.182798791069264E-002  0.612155754386069E-003  0.931741925282920E-001 -0.136249000529877E-002 -0.609322149692116E-003  0.172266605418581E+000  0.104431528086854E+001  0.101981833415146E+001 -0.460300844314908E+001  0.594557004980638E-001  0.199104977544155E-001  0.303051067936878E+001
      6.93000000  0.189782691767532E-002  0.592853825758732E-003  0.927486531484696E-001 -0.137851167732758E-002 -0.632301312397735E-003  0.172098414743699E+000  0.104477169022763E+001  0.102053605998034E+001 -0.458946074980570E+001  0.616381567608792E-001  0.192548734070887E-001  0.301231686034280E+001
      6.94000000  0.197439809548080E-002  0.579848769505310E-003  0.923106967841968E-001 -0.136199769495568E-002 -0.661019188055860E-003  0.171899190024892E+000  0.104417160477100E+001  0.102143783240529E+001 -0.457494561874552E+001  0.640326578063939E-001  0.188053553749759E-001  0.299377277185473E+001
      6.95000000  0.203823142097254E-002  0.574257405319376E-003  0.918773827935412E-001 -0.131173150106139E-002 -0.695111160944315E-003  0.171671689822045E+000  0.104248018692603E+001  0.102251104896649E+001 -0.455955656142063E+001  0.660077551628228E-001  0.185972219938954E-001  0.297543239007830E+001
      6.96000000  0.207167906848623E-002  0.578410099953121E-003  0.914591097545981E-001 -0.123927317335287E-002 -0.733965833039084E-003  0.171426598553597E+000  0.104007597384369E+001  0.102373519911470E+001 -0.454364286056427E+001  0.669945561207843E-001  0.187047928859235E-001  0.295763110918941E+001
      6.97000000  0.206703871234665E-002  0.595464258978730E-003  0.910567913685791E-001 -0.116556982715540E-002 -0.775441579681350E-003  0.171176289513419E+000  0.103763845550449E+001  0.102504047609434E+001 -0.452760633140147E+001  0.667485917944469E-001  0.192286678103049E-001  0.294039611395246E+001
      6.98000000  0.203087798035241E-002  0.628114288982001E-003  0.906637789285762E-001 -0.111286518306865E-002 -0.815165582690172E-003  0.170928372578719E+000  0.103588503781620E+001  0.102628552695003E+001 -0.451169288712468E+001  0.654869378913173E-001  0.202539403298251E-001  0.292351057873872E+001
      6.99000000  0.198225797912369E-002  0.677027347969305E-003  0.902715422043667E-001 -0.109537714278107E-002 -0.846897961694150E-003  0.170682263507296E+000  0.103527059402022E+001  0.102726968914800E+001 -0.449588318716713E+001  0.638277116569181E-001  0.217999406763071E-001  0.290669833458953E+001
      7.00000000  0.194533345197157E-002  0.739794236085106E-003  0.898761236961246E-001 -0.111296424675418E-002 -0.863891618157472E-003  0.170430589937770E+000  0.103578569438080E+001  0.102777713795899E+001 -0.447993973969879E+001  0.625492764785763E-001  0.237869729548149E-001  0.288983181993509E+001
      7.01000000  0.193944272326150E-002  0.810927692970785E-003  0.894818287453661E-001 -0.115075611307117E-002 -0.860666755588208E-003  0.170164757161192E+000  0.103694805217089E+001  0.102763397024445E+001 -0.446358716136562E+001  0.622709104975124E-001  0.260369667963271E-001  0.287304950134643E+001
      7.02000000  0.197101208546186E-002  0.882905838793358E-003  0.890999313572509E-001 -0.118505362684329E-002 -0.834424080329344E-003  0.169881696472056E+000  0.103799506284217E+001  0.102675321576255E+001 -0.444672881208192E+001  0.631943790166510E-001  0.283076327254723E-001  0.285671248496089E+001
      7.03000000  0.203080625094068E-002  0.947743485535546E-003  0.887427929219658E-001 -0.119298717531576E-002 -0.785548291449627E-003  0.169587983213600E+000  0.103819501856778E+001  0.102515033874514E+001 -0.442957736825689E+001  0.650188736871413E-001  0.303432264625459E-001  0.284121463628781E+001
      7.04000000  0.209766034221925E-002  0.998370955201744E-003  0.884163699846826E-001 -0.116178572052858E-002 -0.717169962289319E-003  0.169298709455271E+000  0.103714322855052E+001  0.102292850337906E+001 -0.441261658453201E+001  0.670638966684547E-001  0.319187264157364E-001  0.282674281489222E+001
      7.05000000  0.214698827965885E-002  0.102932461215349E-002  0.881152071889398E-001 -0.109378151427030E-002 -0.634251737946314E-003  0.169031213361649E+000  0.103491947757835E+001  0.102024877825534E+001 -0.439639917846114E+001  0.685435876492703E-001  0.328616613519217E-001  0.281311848993810E+001
      7.06000000  0.216039544806561E-002  0.103676424630590E-002  0.878229597226604E-001 -0.100524663058756E-002 -0.542837862234387E-003  0.168796611635810E+000  0.103204750327201E+001  0.101730580102115E+001 -0.438127639437141E+001  0.688739241535612E-001  0.330522924074537E-001  0.279981698364330E+001
      7.07000000  0.213246278670852E-002  0.101830157237259E-002  0.875187083418478E-001 -0.919840605877245E-003 -0.449839593395690E-003  0.168593501423678E+000  0.102928326104838E+001  0.101432070965245E+001 -0.436719892740770E+001  0.678872666200609E-001  0.324177804059071E-001  0.278617095898634E+001
      7.08000000  0.207220179133131E-002  0.973229883182735E-003  0.871862402526193E-001 -0.859603915349019E-003 -0.363187439651850E-003  0.168407338530668E+000  0.102732696513960E+001  0.101154579490076E+001 -0.435369998566353E+001  0.658756726241009E-001  0.309391553664029E-001  0.277166646811834E+001
      7.09000000  0.199902955816990E-002  0.903381126062062E-003  0.868217322745591E-001 -0.837172769686437E-003 -0.291727470505976E-003  0.168216213147221E+000  0.102657633773052E+001  0.100926098896449E+001 -0.434008158677250E+001  0.634598813947525E-001  0.286781447927365E-001  0.275618577529918E+001
      7.10000000  0.193528261149895E-002  0.814205789572560E-003  0.864358815469818E-001 -0.852053380028575E-003 -0.244218198356746E-003  0.168000453327167E+000  0.102701063102802E+001  0.100774187134369E+001 -0.432572062234800E+001  0.613496827538903E-001  0.258108384738538E-001  0.274007211140751E+001
      7.11000000  0.189839768535853E-002  0.715188514789735E-003  0.860492354006316E-001 -0.891920609214498E-003 -0.227292606804698E-003  0.167751434283354E+000  0.102823468025195E+001  0.100719518532307E+001 -0.431034719891505E+001  0.600957653443495E-001  0.226400408582781E-001  0.272397859446421E+001
      7.12000000  0.189563332573864E-002  0.618760848931411E-003  0.856828876568939E-001 -0.937899917821055E-003 -0.243035314593170E-003  0.167475276988285E+000  0.102964850365796E+001  0.100768273168258E+001 -0.429415907609968E+001  0.599239753884283E-001  0.195600116221006E-001  0.270857194872354E+001
      7.13000000  0.192289643165256E-002  0.537544086460989E-003  0.853490416353916E-001 -0.971464196380195E-003 -0.287402423992770E-003  0.167189652038345E+000  0.103066645286632E+001  0.100907250408392E+001 -0.427771749393801E+001  0.607005518142720E-001  0.169687884046042E-001  0.269423450936209E+001
      7.14000000  0.196754700553835E-002  0.480745411551961E-003  0.850459663068009E-001 -0.980323333434251E-003 -0.350642667011964E-003  0.166915341811264E+000  0.103090276956507E+001  0.101105332207119E+001 -0.426167864106549E+001  0.620230587673569E-001  0.151545558143685E-001  0.268090721661316E+001
      7.15000000  0.201367106202236E-002  0.451271641739422E-003  0.847595997879471E-001 -0.961410211207744E-003 -0.420060690908661E-003  0.166666756643666E+000  0.103026418368500E+001  0.101322306936239E+001 -0.424649444997075E+001  0.633882500848949E-001  0.142055573138499E-001  0.266814317878614E+001
      7.16000000  0.204766860296454E-002  0.445103004209131E-003  0.844707108489706E-001 -0.920340751892630E-003 -0.484248372638556E-003  0.166445949931807E+000  0.102893089744715E+001  0.101522234018101E+001 -0.423222588814853E+001  0.643684311884397E-001  0.139918061236687E-001  0.265533550245812E+001
      7.17000000  0.206218663687006E-002  0.453552319792461E-003  0.841638773239778E-001 -0.868022009223484E-003 -0.536954212904005E-003  0.166242725411529E+000  0.102724820242361E+001  0.101685560611361E+001 -0.421854905213476E+001  0.647343941969378E-001  0.142375254176525E-001  0.264200025081261E+001
      7.18000000  0.205724244091486E-002  0.467607784175374E-003  0.838339158621071E-001 -0.815980730451206E-003 -0.578668773166806E-003  0.166040287857542E+000  0.102557889235071E+001  0.101813977426571E+001 -0.420493498252172E+001  0.644892470761862E-001  0.146582985693331E-001  0.262797714351615E+001
      7.19000000  0.203849013428628E-002  0.482361667004295E-003  0.834870055905685E-001 -0.772261866566393E-003 -0.614959428041064E-003  0.165823242932467E+000  0.102417474910551E+001  0.101925058134627E+001 -0.419090151579999E+001  0.638125352084656E-001  0.150997644488001E-001  0.261346248092723E+001
      7.20000000  0.201361729505532E-002  0.499267870502046E-003  0.831366050048855E-001 -0.739378779451518E-003 -0.652192279054457E-003  0.165583932556192E+000  0.102311323638800E+001  0.102038775622881E+001 -0.417621100522439E+001  0.629463731297627E-001  0.156072863227272E-001  0.259887902841809E+001
      7.21000000  0.198849971063417E-002  0.524903680007145E-003  0.827967884729351E-001 -0.714930522010761E-003 -0.692717873995715E-003  0.165324374742990E+000  0.102231797821208E+001  0.102162456622424E+001 -0.416092918100989E+001  0.620749735118945E-001  0.163859123833355E-001  0.258466643160247E+001
      7.22000000  0.196477939743060E-002  0.566647972976809E-003  0.824765433569769E-001 -0.694420222334132E-003 -0.732062188547367E-003  0.165053601166279E+000  0.102164768388664E+001  0.102282112521114E+001 -0.414534005128681E+001  0.612495459299813E-001  0.176645434558003E-001  0.257110331933216E+001
      7.23000000  0.193992121920001E-002  0.627359396618140E-003  0.821775576452953E-001 -0.674886151245765E-003 -0.759811368518738E-003  0.164782503044470E+000  0.102100963437981E+001  0.102365341031333E+001 -0.412978394172581E+001  0.603909792278116E-001  0.195300963330678E-001  0.255823954479754E+001
      7.24000000  0.190972784120774E-002  0.701836899629094E-003  0.818958412215654E-001 -0.657562395705734E-003 -0.764058852671977E-003  0.164519204614297E+000  0.102044206092764E+001  0.102375278410174E+001 -0.411451327882387E+001  0.593689255044444E-001  0.218184506248801E-001  0.254594816690323E+001
      7.25000000  0.187214748741160E-002  0.777126698397168E-003  0.816254725215868E-001 -0.648138931476874E-003 -0.737398346195225E-003  0.164267166008023E+000  0.102012131582166E+001  0.102289235268796E+001 -0.409963430038868E+001  0.581203643686430E-001  0.241257097398298E-001  0.253404298358801E+001
      7.26000000  0.183048821304648E-002  0.836893152071847E-003  0.813619433165386E-001 -0.654225598009355E-003 -0.681489544431727E-003  0.164026334518498E+000  0.102028229932163E+001  0.102112753607744E+001 -0.408514375386254E+001  0.567487881163532E-001  0.259453580877804E-001  0.252238263491498E+001
      7.27000000  0.179423854469459E-002  0.868000970089223E-003  0.811032811334395E-001 -0.680952635302575E-003 -0.607748871906410E-003  0.163795891858733E+000  0.102108185245854E+001  0.101881551136619E+001 -0.407101470272770E+001  0.555484630114788E-001  0.268727477310639E-001  0.251090504407667E+001
      7.28000000  0.177664679793127E-002  0.866225687578147E-003  0.808487672915701E-001 -0.726674357092711E-003 -0.533522520065636E-003  0.163576466030284E+000  0.102246646436888E+001  0.101649482270849E+001 -0.405726507311988E+001  0.549282792109268E-001  0.267809485162565E-001  0.249958723862366E+001
      7.29000000  0.178967900567344E-002  0.838281831567827E-003  0.805965846841018E-001 -0.780954075794002E-003 -0.475307555217800E-003  0.163370340000535E+000  0.102411150077242E+001  0.101467484304134E+001 -0.404396378891769E+001  0.552552935763829E-001  0.258814617348649E-001  0.248837245889135E+001
      7.30000000  0.183831163668630E-002  0.799040101147044E-003  0.803422587195285E-001 -0.826204984680367E-003 -0.442091633791455E-003  0.163179648804847E+000  0.102547365286142E+001  0.101363062317580E+001 -0.403117483527640E+001  0.566790486046025E-001  0.246361018589734E-001  0.247712232033527E+001
      7.31000000  0.191666787572850E-002  0.765082980748418E-003  0.800790988920869E-001 -0.842826276356458E-003 -0.431915354270048E-003  0.163003866625554E+000  0.102595057382245E+001  0.101329864955621E+001 -0.401887991971177E+001  0.590140964959313E-001  0.235568621069108E-001  0.246563096776932E+001
      7.32000000  0.200794514452274E-002  0.747502856793976E-003  0.798005188555123E-001 -0.816071545115119E-003 -0.433290972939800E-003  0.162838290747887E+000  0.102509247092108E+001  0.101332277936161E+001 -0.400693241896248E+001  0.617400587628046E-001  0.229841290384423E-001  0.245369687358301E+001
      7.33000000  0.208859036603768E-002  0.747220879926877E-003  0.795029580240393E-001 -0.741963879263718E-003 -0.430852920530119E-003  0.162674583030484E+000  0.102278269331739E+001  0.101322974099909E+001 -0.399507488072813E+001  0.641321162727098E-001  0.229441144286129E-001  0.244121251870702E+001
      7.34000000  0.213539625419081E-002  0.754929928635827E-003  0.791878023761038E-001 -0.629792402784408E-003 -0.412664162776108E-003  0.162503212003489E+000  0.101931201690887E+001  0.101265397495108E+001 -0.398301466337438E+001  0.654800032292227E-001  0.231492464538592E-001  0.242822265194392E+001
      7.35000000  0.213291641715217E-002  0.755628078369204E-003  0.788613075560352E-001 -0.500030480995409E-003 -0.375880680641810E-003  0.162316607522090E+000  0.101531212322337E+001  0.101151036090403E+001 -0.397052077831452E+001  0.653149762781988E-001  0.231391298866375E-001  0.241492089932313E+001
      7.36000000  0.207840887386687E-002  0.735640066201543E-003  0.785326167708665E-001 -0.378343077403897E-003 -0.328289201334235E-003  0.162111555937813E+000  0.101157002382351E+001  0.101003933759407E+001 -0.395749671736088E+001  0.635593502876579E-001  0.224964419856180E-001  0.240158813845866E+001
      7.37000000  0.198249943228568E-002  0.688979959168129E-003  0.782108725201707E-001 -0.287896593819970E-003 -0.285147465969019E-003  0.161889888109977E+000  0.100879215456450E+001  0.100870819818050E+001 -0.394400055174883E+001  0.605441044001691E-001  0.210409515877675E-001  0.238850370092171E+001
      7.38000000  0.186546171753418E-002  0.620319715063594E-003  0.779026766908409E-001 -0.242785363038034E-003 -0.262845591217594E-003  0.161657436324855E+000  0.100740444334161E+001  0.100801623814306E+001 -0.393021207307741E+001  0.568926619816540E-001  0.189184476625543E-001  0.237586792094375E+001
      7.39000000  0.175068569245557E-002  0.543431265145906E-003  0.776107357426044E-001 -0.244823430913432E-003 -0.272218230226499E-003  0.161421986675990E+000  0.100745649647490E+001  0.100829084972183E+001 -0.391636960616770E+001  0.533199851245632E-001  0.165510845828414E-001  0.236376140682209E+001
      7.40000000  0.165784780620313E-002  0.475976112890998E-003  0.773338064401014E-001 -0.284519983377122E-003 -0.314333242636559E-003  0.161191158886690E+000  0.100865380949536E+001  0.100956059383791E+001 -0.390270512736944E+001  0.504242229909384E-001  0.144770379795858E-001  0.235214419929446E+001
      7.41000000  0.159816358449665E-002  0.433015110367977E-003  0.770675090092327E-001 -0.345419176232030E-003 -0.380354489002479E-003  0.160970827338711E+000  0.101049190891538E+001  0.101155304895837E+001 -0.388939634705189E+001  0.485433001818840E-001  0.131525850606243E-001  0.234088128424196E+001
      7.42000000  0.157304543397521E-002  0.421986915964826E-003  0.768054688811701E-001 -0.409835297776171E-003 -0.455248185586349E-003  0.160764191388933E+000  0.101243173460818E+001  0.101380926595336E+001 -0.387653887473868E+001  0.477159567950800E-001  0.128003355881354E-001  0.232977786630004E+001
      7.43000000  0.157603379406040E-002  0.441081060626788E-003  0.765405106855013E-001 -0.463776527648373E-003 -0.523506902286662E-003  0.160571293210125E+000  0.101404902632805E+001  0.101585841847244E+001 -0.386413216571573E+001  0.477422615131608E-001  0.133615201807908E-001  0.231861594038765E+001
      7.44000000  0.159666280228661E-002  0.481355000054508E-003  0.762659433064526E-001 -0.499519933951003E-003 -0.574364404363606E-003  0.160388834047770E+000  0.101511145088387E+001  0.101737564188346E+001 -0.385207460864019E+001  0.483021594834198E-001  0.145619262548592E-001  0.230719332314004E+001
      7.45000000  0.162443229633250E-002  0.531338867894128E-003  0.759770396349421E-001 -0.515487928380379E-003 -0.604395036994711E-003  0.160210416773978E+000  0.101557358158185E+001  0.101825958455686E+001 -0.384017153171900E+001  0.490762780238306E-001  0.160524597205510E-001  0.229536825201658E+001
      7.46000000  0.165139864274519E-002  0.581913736644370E-003  0.756725599728055E-001 -0.514216617228377E-003 -0.616673614809800E-003  0.160027530711281E+000  0.101551434893768E+001  0.101860556294814E+001 -0.382816553940278E+001  0.498240895380936E-001  0.175568281137853E-001  0.228310494272555E+001
      7.47000000  0.167281165985324E-002  0.629296727644600E-003  0.753558013936843E-001 -0.499817625209141E-003 -0.617220623987689E-003  0.159831449829007E+000  0.101505973189882E+001  0.101859713753749E+001 -0.381579412574176E+001  0.504025745471998E-001  0.189609960216314E-001  0.227050449758485E+001
      7.48000000  0.168623618022783E-002  0.674941486249064E-003  0.750345065036109E-001 -0.476217458903958E-003 -0.610608584298655E-003  0.159615749728384E+000  0.101432946549195E+001  0.101837331763925E+001 -0.380286544506219E+001  0.507391375601183E-001  0.203091057571751E-001  0.225780124509481E+001
      7.49000000  0.169023178766271E-002  0.722613437882251E-003  0.747192461972642E-001 -0.446755651970227E-003 -0.596892249322935E-003  0.159378636330764E+000  0.101342500676877E+001  0.101793661132668E+001 -0.378932781734715E+001  0.507914630516564E-001  0.217145328816588E-001  0.224531325240541E+001
      7.50000000  0.168366177246210E-002  0.774196580942684E-003  0.744205342733629E-001 -0.414832089850269E-003 -0.571352071632345E-003  0.159124080309794E+000  0.101244908282965E+001  0.101714623684781E+001 -0.377530283803113E+001  0.505265753911662E-001  0.232335867894536E-001  0.223335517686262E+001
      7.51000000  0.166611725345396E-002  0.826378257656574E-003  0.741456099824327E-001 -0.384674255248022E-003 -0.527208116716415E-003  0.158861074121019E+000  0.101152867669346E+001  0.101580041254352E+001 -0.376106195756647E+001  0.499334875843902E-001  0.247665333176053E-001  0.222214186175652E+001
      7.52000000  0.163910945767666E-002  0.869981130613458E-003  0.738961411237537E-001 -0.361255511858997E-003 -0.460046371127861E-003  0.158601080551561E+000  0.101081242024387E+001  0.101376924235897E+001 -0.374694911983679E+001  0.490587401446161E-001  0.260386382481019E-001  0.221172025339826E+001
      7.53000000  0.160705666008045E-002  0.892513518130171E-003  0.736678281939064E-001 -0.348950709416593E-003 -0.371823558909354E-003  0.158354565075517E+000  0.101043026601524E+001  0.101111394396258E+001 -0.373327663161058E+001  0.480355190973208E-001  0.266775597959394E-001  0.220195868382723E+001
      7.54000000  0.157702818083866E-002  0.882997210093033E-003  0.734521144874851E-001 -0.349374264638273E-003 -0.272391754324160E-003  0.158127970578368E+000  0.101042907620298E+001  0.100813109221382E+001 -0.372023506565724E+001  0.470754395411346E-001  0.263581096925102E-001  0.219259910300732E+001
      7.55000000  0.155678262074306E-002  0.836977580474428E-003  0.732392890627737E-001 -0.359543870211992E-003 -0.177522103109968E-003  0.157922341166268E+000  0.101071843090893E+001  0.100529214528361E+001 -0.370785304104862E+001  0.464095437111107E-001  0.249512983307247E-001  0.218335041889606E+001
      7.56000000  0.155159176999793E-002  0.759375940960424E-003  0.730216566431194E-001 -0.371637702863305E-003 -0.103985533180815E-003  0.157734081973212E+000  0.101106430774912E+001  0.100309583212819E+001 -0.369602091507644E+001  0.461936146736389E-001  0.226079567367160E-001  0.217398308951299E+001
      7.57000000  0.156118743983314E-002  0.663679938927654E-003  0.727954423703066E-001 -0.375022393384579E-003 -0.636671970888701E-004  0.157557390030268E+000  0.101115032682663E+001  0.100189298044117E+001 -0.368456397212192E+001  0.464178953013033E-001  0.197328169140355E-001  0.216438534934543E+001
      7.58000000  0.157842448727464E-002  0.567562641768310E-003  0.725607058330908E-001 -0.360151423111091E-003 -0.592740965012258E-004  0.157387156698640E+000  0.101069404987093E+001  0.100176003787119E+001 -0.367332903543516E+001  0.468684811477135E-001  0.168527536098951E-001  0.215455987969051E+001
      7.59000000  0.159070043183636E-002  0.486669687032933E-003  0.723194727174096E-001 -0.322884242458603E-003 -0.836124419498585E-004  0.157220966501906E+000  0.100957483614332E+001  0.100247945029809E+001 -0.366224359878261E+001  0.471707627227944E-001  0.144317433200827E-001  0.214456765052382E+001
      7.60000000  0.158399697096238E-002  0.429235729549667E-003  0.720731211649701E-001 -0.267313105965432E-003 -0.122868702849868E-003  0.157059277093697E+000  0.100791649488171E+001  0.100363876456308E+001 -0.365132062547437E+001  0.469101725034103E-001  0.127118438273076E-001  0.213445013386218E+001
      7.61000000  0.154814533081316E-002  0.393905261151533E-003  0.718204063057027E-001 -0.205615690805825E-003 -0.162509499465355E-003  0.156903747279621E+000  0.100608132021357E+001  0.100480640509546E+001 -0.364060853613154E+001  0.457881762666917E-001  0.116502005147734E-001  0.212417100514952E+001
      7.62000000  0.148119639547459E-002  0.371716549969320E-003  0.715572133340480E-001 -0.154649149469776E-003 -0.193179536034255E-003  0.156754586329352E+000  0.100456792368856E+001  0.100570600861254E+001 -0.363011268177066E+001  0.437505936857920E-001  0.109795161490258E-001  0.211360936026473E+001
      7.63000000  0.139100055441349E-002  0.351295765633022E-003  0.712783203159787E-001 -0.130432659731920E-003 -0.213943119653514E-003  0.156608321987350E+000  0.100384758380340E+001  0.100631102734331E+001 -0.361972978543293E+001  0.410326003831188E-001  0.103627412093875E-001  0.210261227015736E+001
      7.64000000  0.129321844871099E-002  0.324807997111414E-003  0.709804732464588E-001 -0.142644758866899E-003 -0.231440381058262E-003  0.156457282239571E+000  0.100420231628396E+001  0.100681823636432E+001 -0.360923338594144E+001  0.380982308000653E-001  0.956884743794976E-002  0.209108558166400E+001
      7.65000000  0.120648684847234E-002  0.291860214926550E-003  0.706653548149823E-001 -0.191299626066840E-003 -0.255453020158573E-003  0.156291374235696E+000  0.100562832233329E+001  0.100751581154666E+001 -0.359832698159060E+001  0.354966552402192E-001  0.858696590079036E-002  0.207908087889339E+001
      7.66000000  0.114664156609747E-002  0.259539685187408E-003  0.703409008062560E-001 -0.266832956719677E-003 -0.293074928943063E-003  0.156101699736302E+000  0.100784037751360E+001  0.100861144781714E+001 -0.358675072034938E+001  0.336918754771061E-001  0.762607863978146E-002  0.206683321186213E+001
      7.67000000  0.112219844693366E-002  0.238633269060948E-003  0.700199883819625E-001 -0.353377327048863E-003 -0.344331307476683E-003  0.155884606053911E+000  0.101036978119981E+001  0.101010432771281E+001 -0.357440003493404E+001  0.329306706082379E-001  0.700264164603467E-002  0.205472140841000E+001
      7.68000000  0.113260779705998E-002  0.237905348233203E-003  0.697166020117266E-001 -0.433742663008494E-003 -0.401367409489021E-003  0.155644362074868E+000  0.101271151156758E+001  0.101176270379580E+001 -0.356140305687378E+001  0.331928545234641E-001  0.697219075725699E-002  0.204315477471761E+001
      7.69000000  0.116951609755918E-002  0.259224270409919E-003  0.694407485435216E-001 -0.494122279213688E-003 -0.451591952891782E-003  0.155393009426824E+000  0.101446220028435E+001  0.101321740294713E+001 -0.354811474741519E+001  0.342299401386725E-001  0.758709630174509E-002  0.203242406905740E+001
      7.70000000  0.122005520423646E-002  0.295887536896747E-003  0.691941317415580E-001 -0.526979214692027E-003 -0.483264511656293E-003  0.155146995444383E+000  0.101540384132407E+001  0.101412604073855E+001 -0.353501700466168E+001  0.356627666684127E-001  0.864892682871991E-002  0.202257583636711E+001
      7.71000000  0.127060628357281E-002  0.334943190483383E-003  0.689685283577795E-001 -0.531605721881317E-003 -0.490880201184563E-003  0.154921554280653E+000  0.101551892178253E+001  0.101433004035362E+001 -0.352255381074637E+001  0.370922259101562E-001  0.977784278977727E-002  0.201336658539448E+001
      7.72000000  0.130973337270785E-002  0.362416373063833E-003  0.687478720328656E-001 -0.512886927454718E-003 -0.477853945605210E-003  0.154724888971360E+000  0.101495307821592E+001  0.101393170120339E+001 -0.351096185707087E+001  0.381849185770720E-001  0.105661503209838E-001  0.200432542273434E+001
      7.73000000  0.132976917750658E-002  0.369040206778620E-003  0.685135767976672E-001 -0.479309840297904E-003 -0.455322463939363E-003  0.154554502869116E+000  0.101395606960494E+001  0.101325762891803E+001 -0.350016506745850E+001  0.387189029715025E-001  0.107453475389145E-001  0.199491052818176E+001
      7.74000000  0.132732231618071E-002  0.353953048321185E-003  0.682512305945050E-001 -0.441080349722271E-003 -0.437687050337815E-003  0.154397324713078E+000  0.101282634818305E+001  0.101272767310169E+001 -0.348978025556626E+001  0.385977253105592E-001  0.102927392731911E-001  0.198470425644203E+001
      7.75000000  0.130329942740302E-002  0.324857191914133E-003  0.679560978671522E-001 -0.408610036021887E-003 -0.436938182256098E-003  0.154233801803446E+000  0.101186679943584E+001  0.101268950176842E+001 -0.347923797968122E+001  0.378502521876497E-001  0.943446024788237E-002  0.197357214150369E+001
      7.76000000  0.126278955272287E-002  0.294775599049952E-003  0.676352478794564E-001 -0.391105019147675E-003 -0.458200524386187E-003  0.154044510067216E+000  0.101134378387570E+001  0.101328985174288E+001 -0.346797546410589E+001  0.366265096719976E-001  0.854980254341824E-002  0.196172280272936E+001
      7.77000000  0.121462962634900E-002  0.276986320545245E-003  0.673054559090878E-001 -0.394921342016253E-003 -0.498214212889952E-003  0.153816771806461E+000  0.101143973227802E+001  0.101443182883829E+001 -0.345562825334348E+001  0.351843171388240E-001  0.802349484465781E-002  0.194964494073525E+001
      7.78000000  0.117013252717882E-002  0.280318371722358E-003  0.669877394123796E-001 -0.421780529651045E-003 -0.547063003262260E-003  0.153548775877766E+000  0.101220206140997E+001  0.101582646872403E+001 -0.344214813385603E+001  0.338517972042284E-001  0.810957772026333E-002  0.193794746927074E+001
      7.79000000  0.114064744971110E-002  0.306576813215851E-003  0.667007226528825E-001 -0.467525980781359E-003 -0.592084549762656E-003  0.153249772512731E+000  0.101350810935438E+001  0.101710694843496E+001 -0.342780673316925E+001  0.329564369016180E-001  0.885784595652792E-002  0.192716702953117E+001
      7.80000000  0.113429693830371E-002  0.350744712519374E-003  0.664553722484214E-001 -0.522359047920398E-003 -0.622168432574452E-003  0.152936571130927E+000  0.101507303801457E+001  0.101795310806427E+001 -0.341309241153695E+001  0.327309365826720E-001  0.101209855678067E-001  0.191761654394816E+001
      7.81000000  0.115298877313682E-002  0.403387995367201E-003  0.662528811467614E-001 -0.573116952571161E-003 -0.630798985881547E-003  0.152628036230425E+000  0.101651651805844E+001  0.101817884254657E+001 -0.339855025281544E+001  0.332277030146534E-001  0.116251405235038E-001  0.190932566725738E+001
      7.82000000  0.119110646396356E-002  0.453929357411425E-003  0.660860027807401E-001 -0.607240318320795E-003 -0.617024985748007E-003  0.152339891473628E+000  0.101747753263339E+001  0.101775915399334E+001 -0.338463215347733E+001  0.342823120693465E-001  0.130649512524957E-001  0.190208099719821E+001
      7.83000000  0.123682887501400E-002  0.493420228799055E-003  0.659426813261384E-001 -0.617100083958495E-003 -0.584548484526589E-003  0.152081677964985E+000  0.101773863179047E+001  0.101680293132385E+001 -0.337160998292744E+001  0.355528261493079E-001  0.141834363406545E-001  0.189553197889309E+001
      7.84000000  0.127594293000672E-002  0.516005043134860E-003  0.658100705718695E-001 -0.602895728194226E-003 -0.539827553087088E-003  0.151856480094786E+000  0.101730822050821E+001  0.101549762900664E+001 -0.335956886102665E+001  0.366303832581417E-001  0.148137209342618E-001  0.188930715520344E+001
      7.85000000  0.129681610279150E-002  0.519057579263225E-003  0.656772721118390E-001 -0.572742925414772E-003 -0.490221579512533E-003  0.151662701178748E+000  0.101642163338406E+001  0.101405558881391E+001 -0.334845925855699E+001  0.371821940727751E-001  0.148823719921166E-001  0.188309280905458E+001
      7.86000000  0.129452670374820E-002  0.502558478523098E-003  0.655361202635125E-001 -0.539720210123814E-003 -0.442830532226654E-003  0.151496407837152E+000  0.101545512102408E+001  0.101268064330434E+001 -0.333816498607591E+001  0.370693305532194E-001  0.143909788100588E-001  0.187665507261426E+001
      7.87000000  0.127240472188260E-002  0.468432187345150E-003  0.653804939211438E-001 -0.517000465332343E-003 -0.404084230665033E-003  0.151352881659509E+000  0.101478571998328E+001  0.101155642341721E+001 -0.332854799355343E+001  0.363895609089435E-001  0.133967135770177E-001  0.186981973965025E+001
      7.88000000  0.124033406010359E-002  0.420287021806756E-003  0.652053173172278E-001 -0.513076444762740E-003 -0.379669928636646E-003  0.151226839294326E+000  0.101465487555056E+001  0.101084441823681E+001 -0.331945479545097E+001  0.354273548853881E-001  0.120045542198746E-001  0.186244334596346E+001
      7.89000000  0.121058649988721E-002  0.363528135290003E-003  0.650063109983644E-001 -0.529051187222494E-003 -0.374268154174717E-003  0.151111765580114E+000  0.101509200587538E+001  0.101067657973027E+001 -0.331069754506585E+001  0.345338579899461E-001  0.103702040297199E-001  0.185440587077168E+001
      7.90000000  0.119301168677059E-002  0.305429173041078E-003  0.647808236205462E-001 -0.559023139859362E-003 -0.390808383998835E-003  0.150999369219714E+000  0.101592681624337E+001  0.101113430352791E+001 -0.330203874392789E+001  0.339894300550216E-001  0.870181208529861E-002  0.184563428654882E+001
      7.91000000  0.119160483868592E-002  0.254659087506659E-003  0.645292116575324E-001 -0.593220646576336E-003 -0.429384373168542E-003  0.150880027230396E+000  0.101687975154484E+001  0.101221788482608E+001 -0.329320420222528E+001  0.339064288013844E-001  0.724617754044380E-002  0.183614152078170E+001
      7.92000000  0.120376337009394E-002  0.220000080748614E-003  0.642557728992356E-001 -0.622392088776768E-003 -0.486334328231378E-003  0.150744378395521E+000  0.101768744724837E+001  0.101382089028890E+001 -0.328392855394190E+001  0.342091448332776E-001  0.625207147238145E-002  0.182605244194513E+001
      7.93000000  0.122231303113747E-002  0.208428366183003E-003  0.639684418455662E-001 -0.641545526184836E-003 -0.554093985556593E-003  0.150585426313569E+000  0.101820876826872E+001  0.101572666096215E+001 -0.327401489134646E+001  0.346924946514404E-001  0.591575136222128E-002  0.181559450816220E+001
      7.94000000  0.123923246441695E-002  0.223138672932959E-003  0.636771700717411E-001 -0.651572615351258E-003 -0.622208238524788E-003  0.150400119841783E+000  0.101847007233693E+001  0.101763768289739E+001 -0.326337913459362E+001  0.351284150389252E-001  0.632529258157544E-002  0.180505120952975E+001
      7.95000000  0.124942771827227E-002  0.262269266603565E-003  0.633916877679364E-001 -0.658295341301745E-003 -0.679432109910429E-003  0.150189627476216E+000  0.101863716836134E+001  0.101923557684224E+001 -0.325205709015865E+001  0.353728688018864E-001  0.742517251911423E-002  0.179469834209066E+001
      7.96000000  0.125307199194612E-002  0.318925843274454E-003  0.631196967871558E-001 -0.669535166242284E-003 -0.716366109677204E-003  0.149958251849544E+000  0.101893156863608E+001  0.102025574586326E+001 -0.324017300445959E+001  0.354314748762559E-001  0.901784819706783E-002  0.178475296334543E+001
      7.97000000  0.125574165831943E-002  0.382657534616686E-003  0.628662657940077E-001 -0.691476232767083E-003 -0.727776183920918E-003  0.149711691877625E+000  0.101952743547177E+001  0.102055255379138E+001 -0.322788993167717E+001  0.354624107670630E-001  0.108063299372017E-001  0.177535667962316E+001
      7.98000000  0.126645904836313E-002  0.441984584082508E-003  0.626344546564834E-001 -0.725687905457094E-003 -0.713791562527311E-003  0.149455688608852E+000  0.102046789918625E+001  0.102013236493531E+001 -0.321537129701863E+001  0.357202537488645E-001  0.124660971208812E-001  0.176659372969305E+001
      7.99000000  0.129443333043417E-002  0.487152251737288E-003  0.624264376363619E-001 -0.767783251376352E-003 -0.679560110942606E-003  0.149195782668521E+000  0.102162808811477E+001  0.101914288431325E+001 -0.320277406171941E+001  0.364635697368249E-001  0.137228466588665E-001  0.175852298349853E+001
      8.00000000  0.134559514045382E-002  0.512184925146484E-003  0.622440853477357E-001 -0.808076988825149E-003 -0.633522260752439E-003  0.148938142418813E+000  0.102273468955743E+001  0.101782371249906E+001 -0.319027206315375E+001  0.378573925643836E-001  0.144099701268915E-001  0.175119447371481E+001
      8.01000000  0.141997211922496E-002  0.515601036386488E-003  0.620883076439951E-001 -0.834016200004505E-003 -0.584994201625394E-003  0.148690646254308E+000  0.102343517742782E+001  0.101643786164977E+001 -0.317808632111477E+001  0.399000625604334E-001  0.144879701013242E-001  0.174463098657106E+001
      8.02000000  0.151067787911773E-002  0.499711993379027E-003  0.619572784754863E-001 -0.833718122570696E-003 -0.541987928624084E-003  0.148463090198283E+000  0.102339759121825E+001  0.101521043102682E+001 -0.316649056967374E+001  0.423958919941135E-001  0.140239927997313E-001  0.173877841385352E+001
      8.03000000  0.160489518016687E-002  0.469017997847065E-003  0.618445003849283E-001 -0.799678631022078E-003 -0.510020242471381E-003  0.148265760960544E+000  0.102241435371815E+001  0.101429546029454E+001 -0.315577093289654E+001  0.449839308608690E-001  0.131462001060168E-001  0.173345198105171E+001
      8.04000000  0.168676586079610E-002  0.428551868086669E-003  0.617380315381444E-001 -0.731604121476415E-003 -0.492146240278245E-003  0.148106502655896E+000  0.102048077423033E+001  0.101377730898386E+001 -0.314614373251238E+001  0.472198963350323E-001  0.119970265319966E-001  0.172831542119558E+001
      8.05000000  0.174157297235878E-002  0.382937164697447E-003  0.616218428857001E-001 -0.637409221520519E-003 -0.489839930568046E-003  0.147987352109185E+000  0.101782168393870E+001  0.101369571090031E+001 -0.313766184606440E+001  0.486936210234322E-001  0.107067561735930E-001  0.172291986145018E+001
      8.06000000  0.176009727501616E-002  0.336451752319062E-003  0.614793284286244E-001 -0.531793834915247E-003 -0.503944232200814E-003  0.147902307679693E+000  0.101485027622686E+001  0.101407257955954E+001 -0.313015341553219E+001  0.491504959328975E-001  0.939537303915347E-002  0.171680254539377E+001
      8.07000000  0.174173834684625E-002  0.293760710688423E-003  0.612979076800036E-001 -0.432491673595759E-003 -0.534942357598783E-003  0.147837531410595E+000  0.101206231016536E+001  0.101491968754982E+001 -0.312322887774878E+001  0.485775552437572E-001  0.819306595491288E-002  0.170961528294063E+001
      8.08000000  0.169513583741119E-002  0.260538631117328E-003  0.610729782241051E-001 -0.355134084126120E-003 -0.582265126394730E-003  0.147774341188098E+000  0.100989252759981E+001  0.101621943398488E+001 -0.311636566043393E+001  0.472192864795689E-001  0.725749995381616E-002  0.170123384290468E+001
      8.09000000  0.163572180292417E-002  0.243201097569346E-003  0.608095591621966E-001 -0.308382376215731E-003 -0.643011588744789E-003  0.147694147895233E+000  0.100857960521303E+001  0.101788943209574E+001 -0.310904636239574E+001  0.455079420544454E-001  0.676617590838363E-002  0.169180229166262E+001
      8.10000000  0.158074132935785E-002  0.247445357494806E-003  0.605208137926341E-001 -0.291168979004766E-003 -0.710961576616621E-003  0.147583590603299E+000  0.100809070488496E+001  0.101975547093174E+001 -0.310090141304199E+001  0.439240184136879E-001  0.687575774551216E-002  0.168169028674599E+001
      8.11000000  0.154338672686522E-002  0.276033992161289E-003  0.602238896999640E-001 -0.293317655829648E-003 -0.776793989241342E-003  0.147437949305762E+000  0.100814036028478E+001  0.102155813949076E+001 -0.309180287359021E+001  0.428331665882799E-001  0.766069175305599E-002  0.167137623721318E+001
      8.12000000  0.152827376982829E-002  0.326853118201276E-003  0.599346123799046E-001 -0.299580765578353E-003 -0.829919129420080E-003  0.147261566035374E+000  0.100830393942667E+001  0.102300414102499E+001 -0.308187462193593E+001  0.423615073802351E-001  0.905988904101381E-002  0.166129954906451E+001
      8.13000000  0.153016766427461E-002  0.392384663190104E-003  0.596630267020849E-001 -0.295695328138002E-003 -0.861504085037752E-003  0.147065202786615E+000  0.100818615932260E+001  0.102385025743084E+001 -0.307141765952931E+001  0.423618336106858E-001  0.108629493365513E-001  0.165173743300985E+001
      8.14000000  0.153664846888817E-002  0.461228874530117E-003  0.594113991818988E-001 -0.274069045699192E-003 -0.867533080988004E-003  0.146861485791326E+000  0.100757812663313E+001  0.102398766168352E+001 -0.306078305566017E+001  0.424889890725577E-001  0.127531761535789E-001  0.164275066271436E+001
      8.15000000  0.153374824295462E-002  0.521394386100181E-003  0.591752473284652E-001 -0.236691849010366E-003 -0.850507702019820E-003  0.146660302581087E+000  0.100653660089528E+001  0.102348804755936E+001 -0.305024452325807E+001  0.423567612486620E-001  0.143990890486005E-001  0.163421332962302E+001
      8.16000000  0.151223115373917E-002  0.564173765651950E-003  0.589467136897174E-001 -0.193943022576551E-003 -0.818835976998626E-003  0.146465933449832E+000  0.100534946408971E+001  0.102258567282349E+001 -0.303991977100338E+001  0.417113549370900E-001  0.155614121076109E-001  0.162590705197898E+001
      8.17000000  0.147179275901146E-002  0.587005153872717E-003  0.587186928872383E-001 -0.159719586586520E-003 -0.783926214524465E-003  0.146276871991792E+000  0.100440009847699E+001  0.102159630272228E+001 -0.302976651408396E+001  0.405462674664552E-001  0.161713446593506E-001  0.161763523601360E+001
      8.18000000  0.142128239570936E-002  0.594037038443631E-003  0.584879283355578E-001 -0.144970694152991E-003 -0.756052510269612E-003  0.146088102041248E+000  0.100398890038003E+001  0.102080295030079E+001 -0.301964610264616E+001  0.391068962006203E-001  0.163450591324214E-001  0.160930814967732E+001
      8.19000000  0.137478445823675E-002  0.594061992701538E-003  0.582558745210411E-001 -0.152499622139729E-003 -0.740683019009464E-003  0.145894577651290E+000  0.100419093708650E+001  0.102035517131227E+001 -0.300941974556739E+001  0.377813078559252E-001  0.163257875787654E-001  0.160096596707131E+001
      8.20000000  0.134525800338701E-002  0.596644650983532E-003  0.580271841369179E-001 -0.175386181738107E-003 -0.736831197999803E-003  0.145694234281973E+000  0.100481401896060E+001  0.102022462273130E+001 -0.299903116273705E+001  0.369247877514102E-001  0.163767671666795E-001  0.159273645105480E+001
      8.21000000  0.133856231454197E-002  0.608094150500061E-003  0.578067381984707E-001 -0.199784971958182E-003 -0.738131302501516E-003  0.145489196851251E+000  0.100547704028648E+001  0.102023563054261E+001 -0.298853920087848E+001  0.366962522298326E-001  0.166707041456428E-001  0.158475300138780E+001
      8.22000000  0.135054802235737E-002  0.629018607506920E-003  0.575967248036457E-001 -0.210890802037795E-003 -0.736134232230563E-003  0.145284756221291E+000  0.100577446956175E+001  0.102015633055734E+001 -0.297808910810318E+001  0.369797941466539E-001  0.172233628386045E-001  0.157707463303863E+001
      8.23000000  0.136852526634603E-002  0.654489573443265E-003  0.573951525102025E-001 -0.199439561273804E-003 -0.724327899441226E-003  0.145086727342995E+000  0.100545428403624E+001  0.101980895903345E+001 -0.296783975938545E+001  0.374265038778788E-001  0.178990166720911E-001  0.156964577185336E+001
      8.24000000  0.137646456921231E-002  0.676658636910555E-003  0.571964499317327E-001 -0.165887683872882E-003 -0.701076582401667E-003  0.144898506610079E+000  0.100453119974641E+001  0.101914981244073E+001 -0.295788319589798E+001  0.375979443521430E-001  0.184828395477834E-001  0.156231332776261E+001
      8.25000000  0.136164717637349E-002  0.688558306626155E-003  0.569938191429434E-001 -0.120476790378251E-003 -0.670196712916850E-003  0.144719216449768E+000  0.100328681844833E+001  0.101828414346956E+001 -0.294819441124057E+001  0.371481265841798E-001  0.187850799964652E-001  0.155489149081684E+001
      8.26000000  0.131990143372298E-002  0.687305275384222E-003  0.567822342376040E-001 -0.792296598156141E-004 -0.638998620136228E-003  0.144543769076352E+000  0.100215890742217E+001  0.101741189936925E+001 -0.293863379716369E+001  0.359656346932539E-001  0.187281942618174E-001  0.154724363613735E+001
      8.27000000  0.125727083061340E-002  0.675245618765928E-003  0.565607421589956E-001 -0.576802960672658E-004 -0.614801426422576E-003  0.144364789825280E+000  0.100156981417692E+001  0.101673229960652E+001 -0.292900018148076E+001  0.342176047748831E-001  0.183773353730248E-001  0.153934464543836E+001
      8.28000000  0.118758429820423E-002  0.658582186758988E-003  0.563330950940346E-001 -0.650253888643487E-004 -0.601617187697240E-003  0.144175536211485E+000  0.100176757925862E+001  0.101635370554753E+001 -0.291911054832917E+001  0.322819964636381E-001  0.179021799598706E-001  0.153129742399026E+001
      8.29000000  0.112716371040169E-002  0.644226784019118E-003  0.561065066598579E-001 -0.101045471413160E-003 -0.598579207928955E-003  0.143972580387902E+000  0.100274339662063E+001  0.101625149700668E+001 -0.290887275773220E+001  0.306026293980610E-001  0.174908341509823E-001  0.152329835878018E+001
      8.30000000  0.108901124299311E-002  0.636452455901491E-003  0.558891062633360E-001 -0.156809386005222E-003 -0.600822555150477E-003  0.143757208951424E+000  0.100425226417400E+001  0.101629275065278E+001 -0.289832295726376E+001  0.295311627169451E-001  0.172589412255913E-001  0.151556772419626E+001
      8.31000000  0.107882618869296E-002  0.634991469101142E-003  0.556871282368624E-001 -0.218511117310961E-003 -0.602330518727975E-003  0.143535092081153E+000  0.100591832471412E+001  0.101631398731069E+001 -0.288761584884535E+001  0.292197659018527E-001  0.171986018427011E-001  0.150827340667263E+001
      8.32000000  0.109419582592245E-002  0.635504516968135E-003  0.555028617227220E-001 -0.272558391350514E-003 -0.599311227851915E-003  0.143314476225987E+000  0.100737331022067E+001  0.101621270062458E+001 -0.287697508446280E+001  0.296004288355017E-001  0.171918095312570E-001  0.150147575933685E+001
      8.33000000  0.112682680856778E-002  0.632185581609879E-003  0.553339822947564E-001 -0.309740751498483E-003 -0.592416618425421E-003  0.143103654509695E+000  0.100836911666242E+001  0.101600694699801E+001 -0.286662450328595E+001  0.304465749941591E-001  0.170814943116021E-001  0.149511018805463E+001
      8.34000000  0.116643429294365E-002  0.621223356330146E-003  0.551743226087981E-001 -0.326984011623391E-003 -0.586678823193304E-003  0.142908603413996E+000  0.100882443162869E+001  0.101583290613376E+001 -0.285672435088807E+001  0.314789693121172E-001  0.167651715044627E-001  0.148900869832632E+001
      8.35000000  0.120441379352537E-002  0.603414295092317E-003  0.550156699238636E-001 -0.326440061254643E-003 -0.589143742677291E-003  0.142731471195131E+000  0.100879920124925E+001  0.101588038654518E+001 -0.284733091527102E+001  0.324650084792728E-001  0.162650496963723E-001  0.148294896668624E+001
      8.36000000  0.123581612805070E-002  0.584616298446794E-003  0.548499516448555E-001 -0.312847989087276E-003 -0.605296367829242E-003  0.142570225273023E+000  0.100842273943957E+001  0.101629626453671E+001 -0.283838765535482E+001  0.332716130672746E-001  0.157394994556554E-001  0.147671350653508E+001
      8.37000000  0.125914467319270E-002  0.573753784254980E-003  0.546711891943853E-001 -0.290710328703059E-003 -0.635963356613819E-003  0.142419396065597E+000  0.100781738101377E+001  0.101710144903220E+001 -0.282974587715273E+001  0.338591810814695E-001  0.154285950541401E-001  0.147014218007073E+001
      8.38000000  0.127457280383360E-002  0.579242510759768E-003  0.544767702268038E-001 -0.262654325567346E-003 -0.676165973835773E-003  0.142271603333067E+000  0.100705450936480E+001  0.101816082481900E+001 -0.282120627897495E+001  0.342331532569978E-001  0.155576029742402E-001  0.146316602591177E+001
      8.39000000  0.128183893298900E-002  0.605443128919710E-003  0.542678039531643E-001 -0.229566384705092E-003 -0.716488968978989E-003  0.142119429855349E+000  0.100615846687118E+001  0.101922090459670E+001 -0.281256951726594E+001  0.343872758772865E-001  0.162419313116215E-001  0.145581624786550E+001
      8.40000000  0.127906499395057E-002  0.650729588746410E-003  0.540485322374780E-001 -0.192126703827931E-003 -0.746368419533780E-003  0.141957175080794E+000  0.100514795475658E+001  0.101999862996109E+001 -0.280368319513860E+001  0.342720121065444E-001  0.174360274490207E-001  0.144820783927684E+001
      8.41000000  0.126314092149345E-002  0.707997128463103E-003  0.538249719928319E-001 -0.152691725588819E-003 -0.757839221432359E-003  0.141782051340562E+000  0.100408644617412E+001  0.102028184025742E+001 -0.279447359721468E+001  0.338050890846231E-001  0.189479301890202E-001  0.144050275169908E+001
      8.42000000  0.123146027280831E-002  0.767312703606780E-003  0.536031664143793E-001 -0.116358847582629E-003 -0.748120355783938E-003  0.141594495953274E+000  0.100311038103593E+001  0.101999795817481E+001 -0.278495356524474E+001  0.329180870954278E-001  0.205109876172903E-001  0.143286286986370E+001
      8.43000000  0.118409801263004E-002  0.819468638527378E-003  0.533875787702646E-001 -0.905018689389072E-004 -0.720006875247631E-003  0.141397498593372E+000  0.100241633001556E+001  0.101922362758327E+001 -0.277520402597531E+001  0.316145025824368E-001  0.218791798589432E-001  0.142540712753474E+001
      8.44000000  0.112529567133256E-002  0.858873639987566E-003  0.531801786803541E-001 -0.828342108647196E-004 -0.680072724563438E-003  0.141195170247391E+000  0.100220898907555E+001  0.101813590307019E+001 -0.276533542530898E+001  0.300089276976783E-001  0.229040932267228E-001  0.141818739521013E+001
      8.45000000  0.106343198360045E-002  0.884626641241117E-003  0.529805661718535E-001 -0.987693321563297E-004 -0.635659034129458E-003  0.140991102621059E+000  0.100263082332564E+001  0.101693143587827E+001 -0.275544385474616E+001  0.283256108613220E-001  0.235629456173745E-001  0.141119218129542E+001
      8.46000000  0.100933559059291E-002  0.899530651804225E-003  0.527870696701668E-001 -0.139187239910462E-003 -0.592075748532821E-003  0.140787216876690E+000  0.100370301384069E+001  0.101575190867329E+001 -0.274558050739863E+001  0.268529188758645E-001  0.239316079254305E-001  0.140437621813665E+001
      8.47000000  0.973519047042069E-003  0.907751580596704E-003  0.525982925789291E-001 -0.199552267855134E-003 -0.551202651049074E-003  0.140583643050363E+000  0.100530273022368E+001  0.101464718486293E+001 -0.273574873876908E+001  0.258694573084312E-001  0.241218092571050E-001  0.139770175889346E+001
      8.48000000  0.963360447866970E-003  0.912360137433289E-003  0.524143053225931E-001 -0.270758767806060E-003 -0.511908046569150E-003  0.140379711306738E+000  0.100718642590611E+001  0.101358696258378E+001 -0.272593065850266E+001  0.255693233337210E-001  0.242156831355104E-001  0.139117017215432E+001
      8.49000000  0.981250588277839E-003  0.913897049639711E-003  0.522367779348373E-001 -0.341377438738108E-003 -0.471820131553601E-003  0.140175558719681E+000  0.100905010047776E+001  0.101250820679238E+001 -0.271612985213285E+001  0.260134836402848E-001  0.242279049141072E-001  0.138482522656519E+001
      8.50000000  0.102428994934889E-002  0.910480974707313E-003  0.520678393367761E-001 -0.400448824863228E-003 -0.429419479270600E-003  0.139973456190430E+000  0.101060362531591E+001  0.101137074946616E+001 -0.270640639068579E+001  0.271225339254109E-001  0.241089460466130E-001  0.137872263584374E+001
      8.51000000  0.108547731620082E-002  0.899187519262608E-003  0.519081276200561E-001 -0.439838620532534E-003 -0.385408763661432E-003  0.139777988800166E+000  0.101163295574292E+001  0.101019338202993E+001 -0.269688126881046E+001  0.287089604910431E-001  0.237819239326909E-001  0.137287842202362E+001
      8.52000000  0.115577749464843E-002  0.877867041166021E-003  0.517550156920243E-001 -0.455459111949391E-003 -0.342799896385098E-003  0.139594725969035E+000  0.101203195158657E+001  0.100905581126598E+001 -0.268770091657885E+001  0.305323979598031E-001  0.231907836766011E-001  0.136722227491150E+001
      8.53000000  0.122622757357052E-002  0.846481225540414E-003  0.516020547247995E-001 -0.447205696682144E-003 -0.305843179344065E-003  0.139427781927646E+000  0.101180006966967E+001  0.100807004662738E+001 -0.267897268044686E+001  0.323555153844277E-001  0.223354431966107E-001  0.136158337286021E+001
      8.54000000  0.128940901342076E-002  0.807403286506220E-003  0.514401912991528E-001 -0.417982316745539E-003 -0.278447846111477E-003  0.139277309375104E+000  0.101101606053108E+001  0.100733858396546E+001 -0.267069899661945E+001  0.339827958554869E-001  0.212793774301285E-001  0.135572304946799E+001
      8.55000000  0.134004990380573E-002  0.764700319845427E-003  0.512604908065858E-001 -0.372449530016685E-003 -0.262874117277902E-003  0.139138137222530E+000  0.100980454832353E+001  0.100692003017360E+001 -0.266274214383769E+001  0.352761461055419E-001  0.201303549466413E-001  0.134940688253432E+001
      8.56000000  0.137497575026736E-002  0.722883196904544E-003  0.510573452947894E-001 -0.316030125038964E-003 -0.259209497917454E-003  0.139000334549112E+000  0.100830961674562E+001  0.100681558944500E+001 -0.265483989057451E+001  0.361532670906932E-001  0.190073092474411E-001  0.134248901555198E+001
      8.57000000  0.139285582460832E-002  0.685753667334206E-003  0.508308497241088E-001 -0.254351692561054E-003 -0.265675387184791E-003  0.138851647164094E+000  0.100668005572744E+001  0.100697745068623E+001 -0.264667021305795E+001  0.365806668514403E-001  0.180099950071717E-001  0.133497404877215E+001
      8.58000000  0.139409455812612E-002  0.655782956045049E-003  0.505873579061254E-001 -0.192930881505806E-003 -0.279415479327200E-003  0.138680922039233E+000  0.100506105126297E+001  0.100732975485057E+001 -0.263794147499196E+001  0.365705270666778E-001  0.172027989092415E-001  0.132703074605239E+001
      8.59000000  0.138088939080063E-002  0.634084141249878E-003  0.503380159610245E-001 -0.136746767803348E-003 -0.297286005755711E-003  0.138481222990427E+000  0.100358302783195E+001  0.100778946405668E+001 -0.262847388751905E+001  0.361819529599226E-001  0.166142217647383E-001  0.131895265307356E+001
      8.60000000  0.135715433979445E-002  0.620722843341662E-003  0.500959166588478E-001 -0.895071427067694E-004 -0.316320232809407E-003  0.138251541112591E+000  0.100234253192226E+001  0.100827855990710E+001 -0.261824362350952E+001  0.355187001646547E-001  0.162452183303954E-001  0.131108289684181E+001
      8.61000000  0.132792852230672E-002  0.615011943362780E-003  0.498730033577320E-001 -0.527754799002455E-004 -0.333839286969418E-003  0.137996684163377E+000  0.100137960676468E+001  0.100872691142722E+001 -0.260737902023393E+001  0.347134535933351E-001  0.160770615260115E-001  0.130373296343656E+001
      8.62000000  0.129813874315123E-002  0.615574484038057E-003  0.496777676549012E-001 -0.254461234884848E-004 -0.347431304896992E-003  0.137725714420122E+000  0.100066441685344E+001  0.100907168490682E+001 -0.259611890804393E+001  0.338953498928337E-001  0.160730989901129E-001  0.129712276552985E+001
      8.63000000  0.127103739056093E-002  0.620216649156090E-003  0.495142363329134E-001 -0.408349817907208E-005 -0.355080122162528E-003  0.137449789610125E+000  0.100010649956798E+001  0.100926065788470E+001 -0.258475566064212E+001  0.331492575843522E-001  0.161755441764823E-001  0.129135475201708E+001
      8.64000000  0.124700954527750E-002  0.625858645334055E-003  0.493820773258122E-001  0.157055715168387E-004 -0.355578690751879E-003  0.137180238253857E+000  0.999590865335011E+000  0.100926292738613E+001 -0.257358474736043E+001  0.324849580926519E-001  0.163037981085192E-001  0.128641734823299E+001
      8.65000000  0.122346376463248E-002  0.628801980078009E-003  0.492772485598942E-001  0.372664332632243E-004 -0.349115349230707E-003  0.136927263201455E+000  0.999030320985486E+000  0.100908404153954E+001 -0.256287098106270E+001  0.318347379584847E-001  0.163615358641806E-001  0.128220249799599E+001
      8.66000000  0.119610005938134E-002  0.625452980921624E-003  0.491926563587739E-001  0.611283581197640E-004 -0.337725228613986E-003  0.136699137805794E+000  0.998411266275697E+000  0.100877752121521E+001 -0.255282780358172E+001  0.310867911462106E-001  0.162556017259476E-001  0.127852333269132E+001
      8.67000000  0.116115938037601E-002  0.613365097738963E-003  0.491186820212415E-001  0.844044449474970E-004 -0.325268200366116E-003  0.136501484290097E+000  0.997808848046875E+000  0.100844401089261E+001 -0.254359884829267E+001  0.301438703350655E-001  0.159230492271534E-001  0.127512829582289E+001
      8.68000000  0.111766455620808E-002  0.592243734906717E-003  0.490438640265130E-001  0.101833187121957E-003 -0.316749513010197E-003  0.136336362054843E+000  0.997359440933556E+000  0.100821339115478E+001 -0.253523470181393E+001  0.289813111083664E-001  0.153570226755199E-001  0.127171920538578E+001
      8.69000000  0.106852075949380E-002  0.564487819154687E-003  0.489561664231938E-001  0.108143183975690E-003 -0.317067290694859E-003  0.136201324370819E+000  0.997199048098622E+000  0.100821217018112E+001 -0.252766900734513E+001  0.276751168491482E-001  0.146204612462819E-001  0.126798437392091E+001
      8.70000000  0.101979488954384E-002  0.534957760402524E-003  0.488449925653786E-001  0.100696365189871E-003 -0.329531675941071E-003  0.136089006338983E+000  0.997394921485092E+000  0.100852519241739E+001 -0.252070847701742E+001  0.263827373644919E-001  0.138396948626695E-001  0.126365078275629E+001
      8.71000000  0.978357570692230E-003  0.509914515704241E-003  0.487035660666201E-001  0.811124864457996E-004 -0.354643090917123E-003  0.135987870454147E+000  0.997903978007873E+000  0.100916430688406E+001 -0.251405288660293E+001  0.252816683865941E-001  0.131766647263986E-001  0.125854538608994E+001
      8.72000000  0.948921183706039E-003  0.495371671735360E-003  0.485308364841089E-001  0.549816097093524E-004 -0.389584335386611E-003  0.135884348471688E+000  0.998580853464862E+000  0.101005567611845E+001 -0.250735097303497E+001  0.244928843861536E-001  0.127861842398794E-001  0.125264372592702E+001
      8.73000000  0.931887916839760E-003  0.495334736611142E-003  0.483320000871630E-001  0.296697841549275E-004 -0.428681815156578E-003  0.135765951904499E+000  0.999235061678260E+000  0.101105215820021E+001 -0.250028092071481E+001  0.240256813273284E-001  0.127705857293800E-001  0.124608250737332E+001
      8.74000000  0.923101648232987E-003  0.510488036876283E-003  0.481171657195749E-001  0.111757417049544E-004 -0.464788532810002E-003  0.135624341545974E+000  0.999712199728945E+000  0.101196934120863E+001 -0.249262924010992E+001  0.237719259792263E-001  0.131462053492517E-001  0.123912431962986E+001
      8.75000000  0.915706759785132E-003  0.537794697674040E-003  0.478984605744703E-001  0.150994649176971E-005 -0.491229950517936E-003  0.135457195385949E+000  0.999961159950039E+000  0.101263580923193E+001 -0.248433819677391E+001  0.235545408353728E-001  0.138335848589592E-001  0.123208246908387E+001
      8.76000000  0.903292641653468E-003  0.571216856252599E-003  0.476865799696489E-001 -0.213959737422630E-005 -0.503733201654556E-003  0.135268121736698E+000  0.100005497360601E+001  0.101294263626224E+001 -0.247550269024197E+001  0.232086907531198E-001  0.146765231536357E-001  0.122523204170425E+001
      8.77000000  0.882863672461967E-003  0.603409518777907E-003  0.474880671781668E-001 -0.603033924016842E-005 -0.501710853890253E-003  0.135064659111173E+000  0.100015476345854E+001  0.101287597659804E+001 -0.246631805242477E+001  0.226579351387989E-001  0.154859851696895E-001  0.121874031014248E+001
      8.78000000  0.856248202570790E-003  0.627898820901596E-003  0.473043059375575E-001 -0.169089050939526E-004 -0.488429494355750E-003  0.134855203887947E+000  0.100043345822291E+001  0.101252084504964E+001 -0.245700071664432E+001  0.219498437180976E-001  0.160961283751464E-001  0.121264152077052E+001
      8.79000000  0.829308877675530E-003  0.641043897019443E-003  0.471324615507031E-001 -0.388513823215800E-004 -0.469934079499648E-003  0.134646121239459E+000  0.100099481855258E+001  0.101203301177047E+001 -0.244771412077114E+001  0.212350708785577E-001  0.164144059661215E-001  0.120686174795981E+001
      8.80000000  0.809359459193614E-003  0.643095874581380E-003  0.469677814312091E-001 -0.713428401073831E-004 -0.453024852514496E-003  0.134440132464079E+000  0.100182471061142E+001  0.101158685656998E+001 -0.243852776169689E+001  0.207007008890951E-001  0.164482359370752E-001  0.120127834893108E+001
      8.81000000  0.802008924682298E-003  0.637934633329990E-003  0.468061557238962E-001 -0.109414322769810E-003 -0.442948448733599E-003  0.134236433605407E+000  0.100279527502149E+001  0.101131627654595E+001 -0.242942075892431E+001  0.204894154386804E-001  0.162977085700116E-001  0.119578565798926E+001
      8.82000000  0.808853121369980E-003  0.631516236769742E-003  0.466458624287493E-001 -0.145673293429174E-003 -0.441620595759696E-003  0.134032216171606E+000  0.100371738574633E+001  0.101126956128553E+001 -0.242032117361457E+001  0.206408394667137E-001  0.161154416288950E-001  0.119033942348827E+001
      8.83000000  0.826954866710466E-003  0.629547820494239E-003  0.464879229623802E-001 -0.173219766462158E-003 -0.447057088397619E-003  0.133824710360288E+000  0.100441532850088E+001  0.101139537331239E+001 -0.241115837899710E+001  0.210788726165546E-001  0.160470164073341E-001  0.118496552324579E+001
      8.84000000  0.850173827913474E-003  0.635233304122881E-003  0.463351888144026E-001 -0.188132717526897E-003 -0.454274464808621E-003  0.133612788816644E+000  0.100479003116786E+001  0.101156624362738E+001 -0.240190388609786E+001  0.216462037403208E-001  0.161736212903986E-001  0.117973631331882E+001
      8.85000000  0.871584634225866E-003  0.647955141803313E-003  0.461908165531041E-001 -0.190542455667355E-003 -0.457371266082837E-003  0.133397538027576E+000  0.100484590351501E+001  0.101163193272709E+001 -0.239258563745181E+001  0.221662675010322E-001  0.164788896429299E-001  0.117473158153667E+001
      8.86000000  0.885845165146651E-003  0.663438611271780E-003  0.460569310895627E-001 -0.184051743058148E-003 -0.452026203854541E-003  0.133181788876216E+000  0.100467554766084E+001  0.101148302116000E+001 -0.238327576310982E+001  0.225035157013416E-001  0.168536238532827E-001  0.117000454786927E+001
      8.87000000  0.890576719749399E-003  0.675389836344747E-003  0.459340123733845E-001 -0.174024061714002E-003 -0.437449975872864E-003  0.132969082780844E+000  0.100441582604359E+001  0.101110020635769E+001 -0.237406409753477E+001  0.225982075935597E-001  0.171378831153296E-001  0.116556645171566E+001
      8.88000000  0.886422004058560E-003  0.678018200661272E-003  0.458210604167574E-001 -0.165654499732783E-003 -0.417001747964256E-003  0.132762708812335E+000  0.100419871645371E+001  0.101056942071134E+001 -0.236503367447528E+001  0.224674527970748E-001  0.171852028144242E-001  0.116139097101813E+001
      8.89000000  0.876101056289414E-003  0.668483244193404E-003  0.457161748985457E-001 -0.162634726812967E-003 -0.397178036468417E-003  0.132565247168719E+000  0.100411753973655E+001  0.101005564051227E+001 -0.235624920703388E+001  0.221808772529240E-001  0.169244685628962E-001  0.115742910777050E+001
      8.90000000  0.863155373793823E-003  0.648304915687408E-003  0.456170404522735E-001 -0.166749461722228E-003 -0.385312506840749E-003  0.132378650928550E+000  0.100421697192367E+001  0.100974427147414E+001 -0.234775925807478E+001  0.218285680773022E-001  0.163951571369265E-001  0.115362158798927E+001
      8.91000000  0.851015185233075E-003  0.623156500202519E-003  0.455209825166117E-001 -0.178202368779298E-003 -0.386838994913079E-003  0.132204535214463E+000  0.100450154964535E+001  0.100977189558303E+001 -0.233960363538134E+001  0.214973972092463E-001  0.157414850414313E-001  0.114990033021179E+001
      8.92000000  0.842647246856714E-003  0.601077093314329E-003  0.454246242608613E-001 -0.196161113930722E-003 -0.403157203098024E-003  0.132044219465834E+000  0.100494964829072E+001  0.101017269081123E+001 -0.233181450737926E+001  0.212621524292233E-001  0.151667175409842E-001  0.114617983821510E+001
      8.93000000  0.840604308736471E-003  0.589751061827804E-003  0.453235141030711E-001 -0.219064635390717E-003 -0.430921420424541E-003  0.131898240772047E+000  0.100552137303181E+001  0.101086107716710E+001 -0.232440417981077E+001  0.211868517818982E-001  0.148642687234666E-001  0.114234791037406E+001
      8.94000000  0.847064186161330E-003  0.593862199662440E-003  0.452122137182456E-001 -0.244562308413176E-003 -0.463032180126612E-003  0.131765421628687E+000  0.100615712941117E+001  0.101165735257028E+001 -0.231734173654406E+001  0.213257874755886E-001  0.149511445138287E-001  0.113826800472540E+001
      8.95000000  0.863530893548205E-003  0.613498022467771E-003  0.450851660312381E-001 -0.269320184995786E-003 -0.490963844467408E-003  0.131641934924364E+000  0.100677286071407E+001  0.101234675274812E+001 -0.231052976733608E+001  0.217160643357922E-001  0.154282407558678E-001  0.113380120322190E+001
      8.96000000  0.890189634408062E-003  0.644171465500988E-003  0.449382770236666E-001 -0.289099371579636E-003 -0.507563852424062E-003  0.131520968805620E+000  0.100726215331827E+001  0.101274996377534E+001 -0.230379632032663E+001  0.223614931159524E-001  0.161815361969158E-001  0.112884595985628E+001
      8.97000000  0.925244381630166E-003  0.678410098561681E-003  0.447707251988585E-001 -0.299385156766363E-003 -0.509304427960013E-003  0.131393456663173E+000  0.100751214733455E+001  0.101277942414479E+001 -0.229691363429724E+001  0.232161547029944E-001  0.170226094996999E-001  0.112338329528751E+001
      8.98000000  0.964703470658864E-003  0.708283834001431E-003  0.445862593794492E-001 -0.296505070387595E-003 -0.497206907944048E-003  0.131249942060924E+000  0.100743159550300E+001  0.101246198122786E+001 -0.228964519194665E+001  0.241793031225421E-001  0.177524079056339E-001  0.111750886508131E+001
      8.99000000  0.100292225054702E-002  0.727926188589715E-003  0.443932928947531E-001 -0.278828780142678E-003 -0.476185816186765E-003  0.131083151356777E+000  0.100698078371501E+001  0.101192183313808E+001 -0.228181017696801E+001  0.251092563345113E-001  0.182244289145384E-001  0.111143468022513E+001
      9.00000000  0.103384397085365E-002  0.735164218818869E-003  0.442034611088699E-001 -0.247504085005976E-003 -0.453156422401376E-003  0.130890455907508E+000  0.100618965064481E+001  0.101133266120456E+001 -0.227334474009966E+001  0.258546560985997E-001  0.183851902118875E-001  0.110545238697284E+001
      9.01000000  0.105250672806583E-002  0.731766253836027E-003  0.440288618141311E-001 -0.206344133985395E-003 -0.434678451063320E-003  0.130675297650722E+000  0.100515458388487E+001  0.101085849399096E+001 -0.226433696180871E+001  0.262921659773902E-001  0.182799019611649E-001  0.109986388850932E+001
      9.02000000  0.105621814633646E-002  0.722370220681447E-003  0.438787394155774E-001 -0.160864089093070E-003 -0.425010524128318E-003  0.130446901677067E+000  0.100401401362255E+001  0.101060521365083E+001 -0.225501883797316E+001  0.263556276088900E-001  0.180251784142016E-001  0.109489854912613E+001
      9.03000000  0.104494064106684E-002  0.712638720664462E-003  0.437566862516801E-001 -0.116866707111049E-003 -0.425205748168157E-003  0.130218146402888E+000  0.100291292519902E+001  0.101059833522500E+001 -0.224571239665082E+001  0.260453468749399E-001  0.177626574627907E-001  0.109064383825609E+001
      9.04000000  0.102080990986143E-002  0.707411676748269E-003  0.436593697460202E-001 -0.791775729937338E-004 -0.433411582853741E-003  0.130002122382705E+000  0.100197133317392E+001  0.101079091716172E+001 -0.223674352273246E+001  0.254157378597124E-001  0.176128675490369E-001  0.108701442439537E+001
      9.05000000  0.987126324774392E-003  0.709522931979574E-003  0.435773381272173E-001 -0.510198488069136E-004 -0.446054016842891E-003  0.129808437406005E+000  0.100126886922323E+001  0.101109341221319E+001 -0.222835004398603E+001  0.245499397241627E-001  0.176459129655881E-001  0.108377316814760E+001
      9.06000000  0.947387606262470E-003  0.719584884246906E-003  0.434977501980773E-001 -0.341523844441736E-004 -0.459287411386733E-003  0.129640498233930E+000  0.100084843604024E+001  0.101140992053670E+001 -0.222061468813482E+001  0.235356272279987E-001  0.178764018893506E-001  0.108059977473985E+001
      9.07000000  0.904844774032535E-003  0.736600279545795E-003  0.434081720496404E-001 -0.294720524497670E-004 -0.470085867642420E-003  0.129494717502250E+000  0.100073135691136E+001  0.101166530728791E+001 -0.221344625695801E+001  0.224539665271856E-001  0.182789341282554E-001  0.107718546891214E+001
      9.08000000  0.862705690846958E-003  0.758931008522116E-003  0.433001656078952E-001 -0.375356847041525E-004 -0.476615174004071E-003  0.129361932942286E+000  0.100093043228044E+001  0.101181430808406E+001 -0.220661576359506E+001  0.213846964458023E-001  0.188123359017358E-001  0.107332188416278E+001
      9.09000000  0.824677188252121E-003  0.785074467603588E-003  0.431714483230344E-001 -0.585324844482114E-004 -0.477916594941441E-003  0.129230524747680E+000  0.100144930353231E+001  0.101183353509984E+001 -0.219983437854878E+001  0.204195597234194E-001  0.194389698259269E-001  0.106895398579791E+001
      9.10000000  0.795273730046669E-003  0.813883693796547E-003  0.430259342210632E-001 -0.916046332434045E-004 -0.473267392678702E-003  0.129090094137938E+000  0.100226569957638E+001  0.101170554035467E+001 -0.219284474209725E+001  0.196698713752145E-001  0.201301601782107E-001  0.106418024379743E+001
      9.11000000  0.779391332420192E-003  0.844213122870628E-003  0.428717739384830E-001 -0.133877723537000E-003 -0.461707860963598E-003  0.128934386252405E+000  0.100330762463230E+001  0.101140709786142E+001 -0.218549300549926E+001  0.192558844086091E-001  0.208573917030214E-001  0.105920336679646E+001
      9.12000000  0.781037079889846E-003  0.874304864454640E-003  0.427182634560079E-001 -0.179862690690442E-003 -0.442093145451343E-003  0.128762489643221E+000  0.100443887099212E+001  0.101091051419072E+001 -0.217775786605104E+001  0.192753862648552E-001  0.215771624798938E-001  0.105425344055948E+001
      9.13000000  0.801624494202482E-003  0.901390457452695E-003  0.425728668506536E-001 -0.221838417756477E-003 -0.413712406092101E-003  0.128578078162699E+000  0.100546880271922E+001  0.101019891664525E+001 -0.216973115206837E+001  0.197617989617128E-001  0.222212483962436E-001  0.104951438237100E+001
      9.14000000  0.838614672425909E-003  0.921893590498552E-003  0.424394373013071E-001 -0.251409953498430E-003 -0.377173954176800E-003  0.128387257026738E+000  0.100619102485381E+001  0.100928799075782E+001 -0.216156416285023E+001  0.206510689314749E-001  0.227018304244522E-001  0.104508038547314E+001
      9.15000000  0.885282953439212E-003  0.932320196601429E-003  0.423181069604202E-001 -0.261848144961019E-003 -0.335051076119429E-003  0.128196078417666E+000  0.100644102052326E+001  0.100824168854795E+001 -0.215340623174208E+001  0.217764600656110E-001  0.229334965174473E-001  0.104095370039125E+001
      9.16000000  0.931981654602555E-003  0.930551374324669E-003  0.422065462292735E-001 -0.250347760862866E-003 -0.291824367587560E-003  0.128008785214868E+000  0.100615140771808E+001  0.100717054812440E+001 -0.214536158278012E+001  0.229001414810883E-001  0.228649974194435E-001  0.103707607902501E+001
      9.17000000  0.968623908478509E-003  0.916986398855819E-003  0.421017339383969E-001 -0.219246821998014E-003 -0.252937286889082E-003  0.127827352990923E+000  0.100538133770249E+001  0.100620825855489E+001 -0.213747833510582E+001  0.237745400855843E-001  0.225071152040606E-001  0.103337255298942E+001
      9.18000000  0.987537716144163E-003  0.894952606703189E-003  0.420012883536818E-001 -0.175607184309078E-003 -0.223187047309498E-003  0.127652194045635E+000  0.100430552260545E+001  0.100547208180129E+001 -0.212976606999690E+001  0.242123690856837E-001  0.219423749325733E-001  0.102978415818309E+001
      9.19000000  0.985619864613858E-003  0.870040791712657E-003  0.419037995766813E-001 -0.129217861315168E-003 -0.205024903239438E-003  0.127483328450237E+000  0.100316470558056E+001  0.100502131399508E+001 -0.212222472086422E+001  0.241390520947487E-001  0.213083773468144E-001  0.102627598860917E+001
      9.20000000  0.964976494787179E-003  0.848453696768413E-003  0.418082431474417E-001 -0.897429661010013E-004 -0.197472696448440E-003  0.127321193432906E+000  0.100219552743062E+001  0.100483109418695E+001 -0.211486442699361E+001  0.236077818268450E-001  0.207570960242989E-001  0.102282271964165E+001
      9.21000000  0.931859113172871E-003  0.834896642563047E-003  0.417130856867948E-001 -0.640835535405908E-004 -0.196195766904518E-003  0.127166597814521E+000  0.100156607743277E+001  0.100479464302428E+001 -0.210770436463800E+001  0.227728246489610E-001  0.204032504187866E-001  0.101938669964613E+001
      9.22000000  0.894401211671699E-003  0.830799508233830E-003  0.416158293863598E-001 -0.548952200788541E-004 -0.194851242671148E-003  0.127019921359426E+000  0.100134007740611E+001  0.100475662084023E+001 -0.210075315292110E+001  0.218337198400547E-001  0.202811036806723E-001  0.101590689712395E+001
      9.23000000  0.860107313610620E-003  0.833608085013892E-003  0.415134226798745E-001 -0.606703879692868E-004 -0.187315631028396E-003  0.126880161547954E+000  0.100147945359201E+001  0.100456771074720E+001 -0.209398566647757E+001  0.209738044740588E-001  0.203276180848651E-001  0.101230904162596E+001
      9.24000000  0.834047374053541E-003  0.837515538326525E-003  0.414033876660815E-001 -0.771188676024233E-004 -0.170000867896852E-003  0.126744551995383E+000  0.100187851621487E+001  0.100414100202473E+001 -0.208733392323056E+001  0.203163190129913E-001  0.204007990245007E-001  0.100853315796024E+001
      9.25000000  0.818291605482529E-003  0.835453945103352E-003  0.412850247227276E-001 -0.990838247294465E-004 -0.143372236919719E-003  0.126609148938606E+000  0.100241094501160E+001  0.100348858736880E+001 -0.208070158666470E+001  0.199109801187183E-001  0.203285806424086E-001  0.100456280004277E+001
      9.26000000  0.812511501626395E-003  0.821653863106751E-003  0.411599444839241E-001 -0.122130213901188E-003 -0.112046367779363E-003  0.126470197652359E+000  0.100296850925006E+001  0.100272341027306E+001 -0.207399733117783E+001  0.197489861952805E-001  0.199712013519969E-001  0.100043774615427E+001
      9.27000000  0.815177453199067E-003  0.793826619775238E-003  0.410315199803273E-001 -0.143249468473958E-003 -0.833812011547493E-004  0.126325593856364E+000  0.100347807994780E+001  0.100202448558343E+001 -0.206717029784402E+001  0.197924109881265E-001  0.192740153082594E-001  0.996240393709521E+000
      9.28000000  0.824627680560638E-003  0.754148805217332E-003  0.409034553897838E-001 -0.160647925244769E-003 -0.650579763003701E-004  0.126175643962818E+000  0.100389630925726E+001  0.100157789772219E+001 -0.206022831520899E+001  0.200002860956305E-001  0.182909114241351E-001  0.992060816512186E+000
      9.29000000  0.839505126907552E-003  0.708690285204656E-003  0.407781838871308E-001 -0.173046109719347E-003 -0.625498962455355E-004  0.126022679326450E+000  0.100419249353712E+001  0.100151543444798E+001 -0.205322823762761E+001  0.203392022198445E-001  0.171698713444595E-001  0.987957907170344E+000
      9.30000000  0.858503228324122E-003  0.665535120339035E-003  0.406559311377162E-001 -0.179088769545800E-003 -0.774020840945206E-004  0.125869701086450E+000  0.100433422726246E+001  0.100187325103581E+001 -0.204624288474743E+001  0.207771157652855E-001  0.161069868870973E-001  0.983936879821362E+000
      9.31000000  0.879774611022709E-003  0.632339809779201E-003  0.405349314238133E-001 -0.177295963848247E-003 -0.106899635098553E-003  0.125718769765928E+000  0.100428622972204E+001  0.100258435884996E+001 -0.203932202342642E+001  0.212690464272854E-001  0.152871708316069E-001  0.979954783393565E+000
      9.32000000  0.900525894498381E-003  0.614244817250720E-003  0.404126527389314E-001 -0.166599960389163E-003 -0.145129892227342E-003  0.125569995917539E+000  0.100402332630733E+001  0.100350483224615E+001 -0.203246811587874E+001  0.217473612437069E-001  0.148337810322123E-001  0.975950345569547E+000
      9.33000000  0.917181547103039E-003  0.612839692476903E-003  0.402873340680874E-001 -0.147137905440723E-003 -0.184904916195550E-003  0.125421647986928E+000  0.100354951651498E+001  0.100446059804761E+001 -0.202563917525257E+001  0.221258488010215E-001  0.147839851530344E-001  0.971881155919725E+000
      9.34000000  0.926153226150075E-003  0.626391886629707E-003  0.401589804229344E-001 -0.120806066336756E-003 -0.219734226955826E-003  0.125271262987061E+000  0.100291117385624E+001  0.100529513588376E+001 -0.201877576851160E+001  0.223183581801955E-001  0.150947360460901E-001  0.967747543196782E+000
      9.35000000  0.924900452599032E-003  0.651018133140409E-003  0.400292903303280E-001 -0.911986433646827E-004 -0.245130913770232E-003  0.125117086353491E+000  0.100219534632941E+001  0.100590082518682E+001 -0.201183577012480E+001  0.222643313405824E-001  0.156713983480438E-001  0.963590601278645E+000
      9.36000000  0.912799907569481E-003  0.682145758709507E-003  0.399006155334820E-001 -0.628691939151397E-004 -0.258925680027023E-003  0.124959001843783E+000  0.100151177903654E+001  0.100622623562844E+001 -0.200481663036380E+001  0.219495698748314E-001  0.164031633564495E-001  0.959466955943226E+000
      9.37000000  0.891428029604119E-003  0.715612329142966E-003  0.397746099062186E-001 -0.401863256115176E-004 -0.260748183248536E-003  0.124798434731939E+000  0.100096530595068E+001  0.100626336867300E+001 -0.199775283877616E+001  0.214127758256769E-001  0.171895496586908E-001  0.955416227885318E+000
      9.38000000  0.864139168749315E-003  0.748052129854783E-003  0.396513891924068E-001 -0.262357164830885E-004 -0.251178722957373E-003  0.124637331149282E+000  0.100062952990592E+001  0.100602707068951E+001 -0.199069123588117E+001  0.207351474452291E-001  0.179496217394080E-001  0.951440961185307E+000
      9.39000000  0.835132744698414E-003  0.776643566465716E-003  0.395297001405308E-001 -0.221721892492377E-004 -0.231127419094618E-003  0.124476867950640E+000  0.100053145838085E+001  0.100554003046528E+001 -0.198366002341896E+001  0.200177930697363E-001  0.186158311970715E-001  0.947510874822214E+000
      9.40000000  0.808391759853752E-003  0.798623175144074E-003  0.394079788075203E-001 -0.271976936076201E-004 -0.201766277108470E-003  0.124316704972190E+000  0.100065122415198E+001  0.100483111085096E+001 -0.197665095948397E+001  0.193562088710917E-001  0.191223089534952E-001  0.943588377402459E+000
      9.41000000  0.786867043347491E-003  0.811054882550185E-003  0.392856305322965E-001 -0.390669940345709E-004 -0.164964439625780E-003  0.124155260706849E+000  0.100093442973152E+001  0.100394572658682E+001 -0.196962614595117E+001  0.188207968958265E-001  0.193993373402784E-001  0.939659221241918E+000
      9.42000000  0.772111359577286E-003  0.811157667461367E-003  0.391637151587595E-001 -0.548401309717274E-004 -0.123858502567834E-003  0.123990867666893E+000  0.100131030939826E+001  0.100295938315780E+001 -0.196254579126412E+001  0.184482559219454E-001  0.193811994303105E-001  0.935748750670525E+000
      9.43000000  0.764345267255642E-003  0.797153397188134E-003  0.390445635072767E-001 -0.715791764813837E-004 -0.830832255992589E-004  0.123823115085346E+000  0.100170844609432E+001  0.100198302382419E+001 -0.195540026796435E+001  0.182433320798594E-001  0.190263939171186E-001  0.931912538078386E+000
      9.44000000  0.762779106046975E-003  0.769277337643029E-003  0.389304874713694E-001 -0.868028147827906E-004 -0.483334532474895E-004  0.123653542310624E+000  0.100206960797691E+001  0.100115239696596E+001 -0.194822648528056E+001  0.181866651035124E-001  0.183416000786128E-001  0.928205469113465E+000
      9.45000000  0.765983493093813E-003  0.730449371965262E-003  0.388223032785150E-001 -0.986769180458752E-004 -0.252437620930713E-004  0.123485198534399E+000  0.100235022825851E+001  0.100060124094061E+001 -0.194109715676228E+001  0.182437401437832E-001  0.173974095401189E-001  0.924646574217531E+000
      9.46000000  0.772176775658229E-003  0.686194561187086E-003  0.387185352610541E-001 -0.106037628934470E-003 -0.179057381103434E-004  0.123321233862051E+000  0.100252287159567E+001  0.100042601742921E+001 -0.193408708946428E+001  0.183718070058993E-001  0.163260984324225E-001  0.921200274070444E+000
      9.47000000  0.779410989590051E-003  0.643679906464162E-003  0.386158130727047E-001 -0.108367450941699E-003 -0.275466068333466E-004  0.123163257747625E+000  0.100257558065428E+001  0.100065470311458E+001 -0.192723415764343E+001  0.185243433252288E-001  0.152984083341767E-001  0.917786108607331E+000
      9.48000000  0.785714173506160E-003  0.610079133476223E-003  0.385103181103513E-001 -0.105790626453529E-003 -0.518862070897902E-004  0.123010361534109E+000  0.100251168474025E+001  0.100123188413705E+001 -0.192051629066908E+001  0.186544532908965E-001  0.144845200493174E-001  0.914313314727906E+000
      9.49000000  0.789253151147801E-003  0.590752548915576E-003  0.383995501847444E-001 -0.990789061310448E-004 -0.854796224699463E-004  0.122859357534654E+000  0.100234985609129E+001  0.100202732165085E+001 -0.191385745914835E+001  0.187187303252802E-001  0.140108881871942E-001  0.910722780738936E+000
      9.50000000  0.788535694462484E-003  0.587833966577016E-003  0.382835052344753E-001 -0.896173368105134E-004 -0.121020591150004E-003  0.122706134221754E+000  0.100212321856980E+001  0.100286722609267E+001 -0.190716006613163E+001  0.186820283777980E-001  0.139269926804155E-001  0.907014782228193E+000
      9.51000000  0.782621348418739E-003  0.599714446557514E-003  0.381646758977638E-001 -0.792896432125235E-004 -0.151242965999163E-003  0.122547436636693E+000  0.100187655899470E+001  0.100357948827529E+001 -0.190034719770409E+001  0.185224081143289E-001  0.141935250726815E-001  0.903248683361048E+000
      9.52000000  0.771293380068608E-003  0.621633470690233E-003  0.380469183481620E-001 -0.702808627907017E-004 -0.170829123985128E-003  0.122382181436023E+000  0.100166159972449E+001  0.100403878970856E+001 -0.189339360505149E+001  0.182351328218126E-001  0.146968315785524E-001  0.899515835955547E+000
      9.53000000  0.755162157082031E-003  0.647218030289998E-003  0.379338091729810E-001 -0.648221999743413E-004 -0.177698065892482E-003  0.122211704186664E+000  0.100153093637203E+001  0.100419677876441E+001 -0.188633127387900E+001  0.178350196926035E-001  0.152856525017530E-001  0.895900605281637E+000
      9.54000000  0.735693250192030E-003  0.670469460260023E-003  0.378273261543882E-001 -0.648992964922749E-004 -0.173229407736380E-003  0.122038929139528E+000  0.100153115053302E+001  0.100408695185195E+001 -0.187922953714671E+001  0.173570003536378E-001  0.158181941397437E-001  0.892449282724167E+000
      9.55000000  0.715150008514940E-003  0.687511638184871E-003  0.377274333058465E-001 -0.719257329226086E-004 -0.161339420347030E-003  0.121867000920496E+000  0.100169514635433E+001  0.100380244898588E+001 -0.187216263121432E+001  0.168546621698619E-001  0.162032807963145E-001  0.889160505257484E+000
      9.56000000  0.696408106154989E-003  0.697470817491830E-003  0.376326104653095E-001 -0.863864807786595E-004 -0.146747768956109E-003  0.121698120355467E+000  0.100203382773413E+001  0.100345493507472E+001 -0.186518226160933E+001  0.163957844769341E-001  0.164208042690445E-001  0.885997973085495E+000
      9.57000000  0.682574767927521E-003  0.702165762736740E-003  0.375408716577127E-001 -0.107506549152540E-003 -0.133099922337248E-003  0.121533099991237E+000  0.100252842024708E+001  0.100313034453413E+001 -0.185830726714748E+001  0.160533090958711E-001  0.165140649133223E-001  0.882914582792903E+000
      9.58000000  0.676378482746998E-003  0.704752007841836E-003  0.374506444770283E-001 -0.133080239687948E-003 -0.121692939770890E-003  0.121371673036538E+000  0.100312661452290E+001  0.100285907895653E+001 -0.185153104979505E+001  0.158909751897851E-001  0.165575886241711E-001  0.879873144114385E+000
      9.59000000  0.679407528138596E-003  0.707904997575450E-003  0.373610995529523E-001 -0.159644246945827E-003 -0.111325652852720E-003  0.121213164708082E+000  0.100374680370446E+001  0.100261278045711E+001 -0.184483746358561E+001  0.159454956377515E-001  0.166143228964621E-001  0.876854060736388E+000
      9.60000000  0.691428267732416E-003  0.712344195918411E-003  0.372719468900551E-001 -0.183123685897006E-003 -0.993237030877333E-004  0.121057019093750E+000  0.100429338232109E+001  0.100232866998506E+001 -0.183821321679300E+001  0.162107151046127E-001  0.167010944668619E-001  0.873850463780526E+000
      9.61000000  0.710113630243420E-003  0.716371125630828E-003  0.371830582014821E-001 -0.199900832793117E-003 -0.832661133172570E-004  0.120902905407032E+000  0.100468184995529E+001  0.100195016420625E+001 -0.183165034565161E+001  0.166314738240670E-001  0.167780297642821E-001  0.870859300313284E+000
      9.62000000  0.731461113562489E-003  0.716647776695074E-003  0.370943110254597E-001 -0.208011016580544E-003 -0.626040681671150E-004  0.120750514799799E+000  0.100486673321760E+001  0.100146471712467E+001 -0.182514143279088E+001  0.171136421391404E-001  0.167670616561386E-001  0.867877666381857E+000
      9.63000000  0.750944681322598E-003  0.709866395290875E-003  0.370057782181212E-001 -0.207987145432861E-003 -0.393897102919768E-004  0.120599416867081E+000  0.100486112157497E+001  0.100092062502292E+001 -0.181867625059627E+001  0.175512452194398E-001  0.165911544307718E-001  0.864907235108883E+000
      9.64000000  0.765099483695611E-003  0.694527744544039E-003  0.369180175115934E-001 -0.202887321187394E-003 -0.177338183210003E-004  0.120449284599459E+000  0.100473700834272E+001  0.100041404876777E+001 -0.181224702796839E+001  0.178635245221937E-001  0.162158172373597E-001  0.861960993547731E+000
      9.65000000  0.772946143635574E-003  0.671972517451731E-003  0.368320341388175E-001 -0.197303239074718E-003 -0.220979172085926E-005  0.120300454746603E+000  0.100460185761533E+001  0.100005154069901E+001 -0.180586150739151E+001  0.180280268788844E-001  0.156729400958148E-001  0.859062312330589E+000
      9.66000000  0.776598346579396E-003  0.646150034474890E-003  0.367486568352376E-001 -0.195582183977797E-003  0.406961892248036E-005  0.120154411265448E+000  0.100455699382910E+001  0.999905179357652E+000 -0.179955412880244E+001  0.180944593268770E-001  0.150550610484345E-001  0.856230352989282E+000
      9.67000000  0.780649739582649E-003  0.622202971916391E-003  0.366675045302359E-001 -0.199908269713377E-003  0.811253733613265E-006  0.120013655398693E+000  0.100465297331245E+001  0.999981117629713E+000 -0.179338286755448E+001  0.181700457407681E-001  0.144821113574018E-001  0.853456038902158E+000
      9.68000000  0.790432499825407E-003  0.604505458023550E-003  0.365861438900777E-001 -0.209059005818798E-003 -0.929022730019114E-005  0.119880699314258E+000  0.100486093483441E+001  0.100021601169166E+001 -0.178740571346101E+001  0.183787388522230E-001  0.140556568084084E-001  0.850682612764677E+000
      9.69000000  0.809765540051981E-003  0.595037865576595E-003  0.365001336067707E-001 -0.218455205892923E-003 -0.216375392464625E-004  0.119756471367239E+000  0.100507416864194E+001  0.100050258597722E+001 -0.178164362894063E+001  0.188088303680385E-001  0.138212429680218E-001  0.847806911339326E+000
      9.70000000  0.839104888404474E-003  0.592798781142214E-003  0.364042859967929E-001 -0.221606920597624E-003 -0.315536499544250E-004  0.119638920995162E+000  0.100514206852798E+001  0.100073215687460E+001 -0.177604836848904E+001  0.194702170252824E-001  0.137550395435168E-001  0.844708878237812E+000
      9.71000000  0.874902643066640E-003  0.594447721890959E-003  0.362948039014012E-001 -0.212447594612409E-003 -0.360190061900119E-004  0.119522715892025E+000  0.100492446283140E+001  0.100083490828658E+001 -0.177049581565128E+001  0.202799450600511E-001  0.137790955788700E-001  0.841301183530295E+000
      9.72000000  0.910494803586435E-003  0.595807420726071E-003  0.361713459815457E-001 -0.187633675054837E-003 -0.345999933224918E-004  0.119400494848057E+000  0.100434481006109E+001  0.100080119093258E+001 -0.176481538382587E+001  0.210832462884909E-001  0.137964044849003E-001  0.837576878979680E+000
      9.73000000  0.938186893708040E-003  0.593513118402794E-003  0.360379200080344E-001 -0.147878018726515E-003 -0.292748144872050E-004  0.119265353817865E+000  0.100342071631094E+001  0.100067718540104E+001 -0.175884776282482E+001  0.217021517981719E-001  0.137291534087367E-001  0.833629648580581E+000
      9.74000000  0.951696400331398E-003  0.586124625998368E-003  0.359019582038349E-001 -0.977983822020322E-004 -0.233799694988135E-004  0.119113517330772E+000  0.100225995082500E+001  0.100054027050517E+001 -0.175250659264165E+001  0.219920515723765E-001  0.135443225363755E-001  0.829631924732620E+000
      9.75000000  0.947985245518746E-003  0.574357674700905E-003  0.357718037982037E-001 -0.444029667735615E-004 -0.202409941298885E-004  0.118945910140827E+000  0.100102502308908E+001  0.100046725450655E+001 -0.174581437020167E+001  0.218838252345348E-001  0.132587959935921E-001  0.825776462602631E+000
      9.76000000  0.927825826633379E-003  0.560531390233461E-003  0.356536833392917E-001  0.510321593312962E-005 -0.220719940477415E-004  0.118767781294865E+000  0.999882315192057E+000  0.100050900028814E+001 -0.173889322236034E+001  0.213965087197171E-001  0.129263644474347E-001  0.822206414782876E+000
      9.77000000  0.895026199464528E-003  0.547631525451886E-003  0.355495831394566E-001  0.452852817756446E-004 -0.294734885683413E-004  0.118586462100661E+000  0.998956749056497E+000  0.100067898980754E+001 -0.173191274565022E+001  0.206189934221369E-001  0.126159556310226E-001  0.818966664161004E+000
      9.78000000  0.854802563200767E-003  0.538426888502631E-003  0.354570658172887E-001  0.735123683490553E-004 -0.415121356176933E-004  0.118408289193798E+000  0.998308204617192E+000  0.100095534997642E+001 -0.172501895181884E+001  0.196722138343962E-001  0.123912226528088E-001  0.816000104265173E+000
      9.79000000  0.812067565120926E-003  0.534889512118123E-003  0.353711175923481E-001  0.898418930170305E-004 -0.561328477495805E-004  0.118236182836155E+000  0.997934512943116E+000  0.100129050787555E+001 -0.171827871277305E+001  0.186696316022024E-001  0.122972404859441E-001  0.813190629906493E+000
      9.80000000  0.770300549100424E-003  0.537919446735651E-003  0.352870874160770E-001  0.960536219019539E-004 -0.706352759990711E-004  0.118069070710557E+000  0.997793957142843E+000  0.100162226517851E+001 -0.171166693076944E+001  0.176913268917800E-001  0.123542801374859E-001  0.810430940579855E+000
      9.81000000  0.731281729923211E-003  0.547231889834475E-003  0.352032074965226E-001  0.944263170893211E-004 -0.820951444586619E-004  0.117903420448592E+000  0.997833541773831E+000  0.100188353953139E+001 -0.170510216852649E+001  0.167780695919811E-001  0.125553454365095E-001  0.807680324927069E+000
      9.82000000  0.695536475056638E-003  0.561297323668287E-003  0.351213839637136E-001  0.868151397075410E-004 -0.877796088186162E-004  0.117736060683654E+000  0.998010196198757E+000  0.100201190944215E+001 -0.169851159464756E+001  0.159417024108163E-001  0.128649398253037E-001  0.804982443745953E+000
      9.83000000  0.663070894625192E-003  0.577370895126776E-003  0.350458267349342E-001  0.743033825602673E-004 -0.856563276100129E-004  0.117566793211743E+000  0.998298698274227E+000  0.100196124662115E+001 -0.169189074969057E+001  0.151821305903606E-001  0.132198840273980E-001  0.802433529279972E+000
      9.84000000  0.633981801412406E-003  0.591764556756694E-003  0.349802010986928E-001  0.573625018748077E-004 -0.749916610627642E-004  0.117399383424415E+000  0.998687923183208E+000  0.100171531604650E+001 -0.168532585334230E+001  0.145013344382455E-001  0.135356815086980E-001  0.800116965059782E+000
      9.85000000  0.608728062044425E-003  0.600489702252506E-003  0.349247598226118E-001  0.362474479721334E-004 -0.568589112379512E-004  0.117240323250462E+000  0.999171738489296E+000  0.100129923761130E+001 -0.167896507708566E+001  0.139095592237087E-001  0.137213110377337E-001  0.798037819210916E+000
      9.86000000  0.588093282209459E-003  0.600221419244735E-003  0.348749597639171E-001  0.113552393270349E-004 -0.342754047160547E-004  0.117095879911277E+000  0.999740793640483E+000  0.100078240560340E+001 -0.167295086190018E+001  0.134244214805042E-001  0.137012707972030E-001  0.796091662920404E+000
      9.87000000  0.573002463427275E-003  0.589313500258401E-003  0.348223638857272E-001 -0.165784338824732E-004 -0.117575240426838E-004  0.116968811441599E+000  0.100037805294404E+001  0.100026811739941E+001 -0.166734504835642E+001  0.130666907244918E-001  0.134386459729794E-001  0.794085694621554E+000
      9.88000000  0.564331275104234E-003  0.568474390905640E-003  0.347575367447682E-001 -0.464143359629402E-004  0.568761526831588E-005  0.116856321402901E+000  0.100105735658035E+001  0.999870431466794E+000 -0.166208269120885E+001  0.128559285584828E-001  0.129503121290948E-001  0.791805148805632E+000
      9.89000000  0.562734371237187E-003  0.540791070669833E-003  0.346736987085416E-001 -0.765934460926051E-004  0.138473946044644E-004  0.116750263528514E+000  0.100174309715337E+001  0.999684863975340E+000 -0.165697735764544E+001  0.128065876474950E-001  0.123072067382156E-001  0.789096568950481E+000
      9.90000000  0.568437425522407E-003  0.511035718364538E-003  0.345695554841991E-001 -0.105149395938258E-003  0.104266594491498E-004  0.116639584994181E+000  0.100239055017233E+001  0.999762952013936E+000 -0.165177728812129E+001  0.129233094818852E-001  0.116182933216492E-001  0.785931826643771E+000
      9.91000000  0.580962997728686E-003  0.484480829520545E-003  0.344501011496825E-001 -0.129826931935298E-003 -0.437921263781110E-005  0.116514012138738E+000  0.100294861054943E+001  0.100009946004569E+001 -0.164624943551509E+001  0.131947477953474E-001  0.110034587094128E-001  0.782425727578868E+000
      9.92000000  0.598872625043482E-003  0.465630040224614E-003  0.343250888026929E-001 -0.148407934670690E-003 -0.280217346740046E-004  0.116367482299455E+000  0.100336722180106E+001  0.100063578403747E+001 -0.164025723558975E+001  0.135877974690451E-001  0.105646616951576E-001  0.778800591735370E+000
      9.93000000  0.619707288015749E-003  0.457259895647908E-003  0.342058370611847E-001 -0.159249838205895E-003 -0.563308409978316E-004  0.116199998906474E+000  0.100360957464044E+001  0.100127680114110E+001 -0.163380216895525E+001  0.140463546872057E-001  0.103643039265692E-001  0.775313327801234E+000
      9.94000000  0.640293455594345E-003  0.459991516107276E-003  0.341016618703996E-001 -0.161875418521356E-003 -0.845396196620765E-004  0.116017301263063E+000  0.100366539510373E+001  0.100191425672169E+001 -0.162701558941033E+001  0.144983624970707E-001  0.104157299872914E-001  0.772174463489791E+000
      9.95000000  0.657426913211533E-003  0.472386560418629E-003  0.340172625378150E-001 -0.157336049888423E-003 -0.108282808664846E-003  0.115828637909534E+000  0.100355902826626E+001  0.100244941688228E+001 -0.162010770357657E+001  0.148713595439969E-001  0.106856446588414E-001  0.769489249278130E+000
      9.96000000  0.668729619936100E-003  0.491412774462848E-003  0.339518990342818E-001 -0.148104402829397E-003 -0.124365226539660E-003  0.115643620279153E+000  0.100334683965783E+001  0.100281038554079E+001 -0.161329607446937E+001  0.151118452227791E-001  0.111048674483547E-001  0.767239595689686E+000
      9.97000000  0.673331313254827E-003  0.513104858702441E-003  0.339004414625481E-001 -0.137446905741802E-003 -0.131241914521168E-003  0.115469361261916E+000  0.100310288789029E+001  0.100296280913032E+001 -0.160674098718291E+001  0.152005719355611E-001  0.115834317544068E-001  0.765308383784790E+000
      9.98000000  0.672061277902719E-003  0.533315407870263E-003  0.338556862786228E-001 -0.128483342196366E-003 -0.129228126563405E-003  0.115308847806858E+000  0.100289762753197E+001  0.100291442432173E+001 -0.160050903387924E+001  0.151566983605096E-001  0.120276246138254E-001  0.763532198008001E+000
      9.99000000  0.667046746001050E-003  0.548512554902254E-003  0.338109671943848E-001 -0.123312400933321E-003 -0.120437858013160E-003  0.115160929864173E+000  0.100277822580575E+001  0.100271346241407E+001 -0.159457333358808E+001  0.150285491917468E-001  0.123579763533188E-001  0.761760381483892E+000
     10.00000000  0.660892924752910E-003  0.556561378407447E-003  0.337621236778377E-001 -0.122562059508222E-003 -0.108393490773345E-003  0.115021689172600E+000  0.100275855930855E+001  0.100243966096979E+001 -0.158884480748468E+001  0.148750138244146E-001  0.125267768618362E-001  0.759899278142815E+000
     10.01000000  0.655810745635585E-003  0.557330725715479E-003  0.337082458485677E-001 -0.125517455399158E-003 -0.972518427091104E-004  0.114886508452493E+000  0.100282225547548E+001  0.100218670418958E+001 -0.158321901530047E+001  0.147458810558661E-001  0.125315613458196E-001  0.757928696949215E+000
     10.02000000  0.653056922165737E-003  0.552881444828881E-003  0.336511156011320E-001 -0.130701086184096E-003 -0.907082869710983E-004  0.114752015259123E+000  0.100293587628412E+001  0.100203753707231E+001 -0.157761989582817E+001  0.146693067819468E-001  0.124191127189102E-001  0.755888991530334E+000
     10.03000000  0.652864937335792E-003  0.547021884769512E-003  0.335937223506101E-001 -0.136584961523123E-003 -0.908338015350054E-004  0.114617224636437E+000  0.100306498410871E+001  0.100203832219253E+001 -0.157202526674848E+001  0.146503731871729E-001  0.122752414705066E-001  0.753847451497571E+000
     10.04000000  0.654788753084161E-003  0.544207514591798E-003  0.335385090224590E-001 -0.142101747957908E-003 -0.972531888451453E-004  0.114483559942784E+000  0.100318560542887E+001  0.100218020039030E+001 -0.156646702317527E+001  0.146789088562272E-001  0.121999232087301E-001  0.751858847293231E+000
     10.05000000  0.658199602940765E-003  0.548052415509234E-003  0.334860358066327E-001 -0.146780703644023E-003 -0.107060553643130E-003  0.114353856928743E+000  0.100328722309178E+001  0.100239767159727E+001 -0.156100856446685E+001  0.147406905681402E-001  0.122738923512697E-001  0.749935566618165E+000
     10.06000000  0.662659595128429E-003  0.559964483701799E-003  0.334345472328005E-001 -0.150555809563490E-003 -0.115641693504410E-003  0.114230814265713E+000  0.100336841671108E+001  0.100258727586818E+001 -0.155570997099537E+001  0.148258221350508E-001  0.125282028636429E-001  0.748038139164627E+000
     10.07000000  0.668027697291322E-003  0.578461856248749E-003  0.333805680805176E-001 -0.153445709198832E-003 -0.118206440295091E-003  0.114115533755343E+000  0.100342966383328E+001  0.100264203121259E+001 -0.155059539285895E+001  0.149310817812622E-001  0.129291963761560E-001  0.746088813287403E+000
     10.08000000  0.674332640499968E-003  0.599512002898335E-003  0.333202576362174E-001 -0.155314619308603E-003 -0.111497289953076E-003  0.114006737859518E+000  0.100346799194362E+001  0.100248960274966E+001 -0.154563575647616E+001  0.150570511326352E-001  0.133863946962081E-001  0.744001984849981E+000
     10.09000000  0.681559613135387E-003  0.617830613110247E-003  0.332509591809281E-001 -0.155814479504174E-003 -0.950117876112677E-004  0.113900976970141E+000  0.100347570511105E+001  0.100211939838237E+001 -0.154075365183345E+001  0.152033382160531E-001  0.137817552424144E-001  0.741718800077149E+000
     10.10000000  0.689491004348738E-003  0.628667137361692E-003  0.331723057663019E-001 -0.154475083434077E-003 -0.712407146580577E-004  0.113793739376504E+000  0.100344241590917E+001  0.100158757104426E+001 -0.153584830695648E+001  0.153650333104396E-001  0.140095975811389E-001  0.739231664907291E+000
     10.11000000  0.697651190087236E-003  0.629386625971784E-003  0.330864244758296E-001 -0.150843136071855E-003 -0.448217036919762E-004  0.113681005498917E+000  0.100335815449860E+001  0.100099784590673E+001 -0.153083030466986E+001  0.155315020852679E-001  0.140117580713911E-001  0.736588538860155E+000
     10.12000000  0.705318421330815E-003  0.620243517985809E-003  0.329971574398009E-001 -0.144600685617754E-003 -0.209571344518774E-004  0.113560599888722E+000  0.100321600055594E+001  0.100046609845424E+001 -0.152565159573686E+001  0.156866782852711E-001  0.137945645979445E-001  0.733875335497329E+000
     10.13000000  0.711552712760710E-003  0.604093616639912E-003  0.329086368935455E-001 -0.135668685425939E-003 -0.373557192589669E-005  0.113432779504107E+000  0.100301436922357E+001  0.100008299920509E+001 -0.152031836534332E+001  0.158097101888943E-001  0.134221187478626E-001  0.731184074866247E+000
     10.14000000  0.715247283552650E-003  0.585237402736515E-003  0.328238302507455E-001 -0.124340864037299E-003  0.500371882772886E-005  0.113299829289262E+000  0.100275995627302E+001  0.999888933977788E+000 -0.151488178886328E+001  0.158761260208798E-001  0.129903363097406E-001  0.728580558824930E+000
     10.15000000  0.715275885158241E-003  0.567920888364514E-003  0.327436784049448E-001 -0.111450398290559E-003  0.590006237990242E-005  0.113164875031468E+000  0.100247139326104E+001  0.999869167139561E+000 -0.150941148554426E+001  0.158611187530566E-001  0.125935472446385E-001  0.726085392180986E+000
     10.16000000  0.710800617653322E-003  0.555094867447370E-003  0.326671749948608E-001 -0.984764019594523E-004  0.143800815564717E-005  0.113030470200846E+000  0.100218154783336E+001  0.999968143803857E+000 -0.150396412199953E+001  0.157463668100861E-001  0.122970171664729E-001  0.723675961082570E+000
     10.17000000  0.701700621280247E-003  0.547840141051497E-003  0.325922983799020E-001 -0.874355960036367E-004 -0.516705656888588E-005  0.112897604460720E+000  0.100193505626479E+001  0.100011435325704E+001 -0.149856153301529E+001  0.155294896503651E-001  0.121243697703895E-001  0.721307271253156E+000
     10.18000000  0.688940653533488E-003  0.545526095388467E-003  0.325173144515799E-001 -0.804553172000544E-004 -0.110605927819574E-004  0.112765570162267E+000  0.100177882510003E+001  0.100024454393751E+001 -0.149318794089653E+001  0.152321185173045E-001  0.120612974377707E-001  0.718940862395847E+000
     10.19000000  0.674628930373834E-003  0.546462196932449E-003  0.324418043256426E-001 -0.790913271707971E-004 -0.144337602441296E-004  0.112632706998471E+000  0.100174695192911E+001  0.100031880973812E+001 -0.148780658777655E+001  0.149010562030748E-001  0.120701374381231E-001  0.716567475571613E+000
     10.20000000  0.661597831703971E-003  0.548666645674655E-003  0.323669157643997E-001 -0.836491949267298E-004 -0.146812497879141E-004  0.112497621772513E+000  0.100184581371765E+001  0.100032395831513E+001 -0.148238675402458E+001  0.145989014526403E-001  0.121069476148753E-001  0.714212457972217E+000
     10.21000000  0.652567127593852E-003  0.550445881735803E-003  0.322947219729203E-001 -0.928587723614789E-004 -0.121640750677195E-004  0.112360252606011E+000  0.100204702652967E+001  0.100026815112605E+001 -0.147692718862922E+001  0.143855253370658E-001  0.121343120784997E-001  0.711921458422109E+000
     10.22000000  0.649202187741347E-003  0.550673004857035E-003  0.322270116597890E-001 -0.104148226825818E-003 -0.782484702581716E-005  0.112222223951547E+000  0.100229365059475E+001  0.100017232616994E+001 -0.147146378344825E+001  0.142973435977428E-001  0.121274408945450E-001  0.709733681630845E+000
     10.23000000  0.651503059653307E-003  0.548838253208442E-003  0.321641191476544E-001 -0.114490460439199E-003 -0.285308749705617E-005  0.112086283345216E+000  0.100251895230092E+001  0.100006277196622E+001 -0.146605699942788E+001  0.143339901409559E-001  0.120752189784890E-001  0.707656180464214E+000
     10.24000000  0.657855018978288E-003  0.545015240780089E-003  0.321043970996775E-001 -0.121487791157680E-003  0.154582997635864E-005  0.111955058480515E+000  0.100267029323086E+001  0.999966022764242E+000 -0.146076442720679E+001  0.144596077294977E-001  0.119793972242050E-001  0.705652423499531E+000
     10.25000000  0.665766323521648E-003  0.539825664369490E-003  0.320446399709747E-001 -0.124198189399200E-003  0.434493664957288E-005  0.111829711822913E+000  0.100272720431092E+001  0.999904591765639E+000 -0.145561125848928E+001  0.146192210720497E-001  0.118537547619395E-001  0.703651805984874E+000
     10.26000000  0.672968085739894E-003  0.534365824200207E-003  0.319813215789479E-001 -0.123299125343197E-003  0.493131760120997E-005  0.111709140358432E+000  0.100270482337258E+001  0.999891821267440E+000 -0.145057288875155E+001  0.147629579873025E-001  0.117224284177527E-001  0.701576964573776E+000
     10.27000000  0.678349740642081E-003  0.529989625663884E-003  0.319121217516030E-001 -0.120503039941970E-003  0.336428396145985E-005  0.111590136801970E+000  0.100264091142219E+001  0.999926269279633E+000 -0.144557869267430E+001  0.148665260159993E-001  0.116151066125330E-001  0.699377267833680E+000
     10.28000000  0.682273818562900E-003  0.527893889101824E-003  0.318370638311082E-001 -0.117518012539753E-003  0.515752793112041E-006  0.111468501131891E+000  0.100257298704130E+001  0.999988707899117E+000 -0.144053658436850E+001  0.149379797687364E-001  0.115579229642030E-001  0.697053591191287E+000
     10.29000000  0.686128060726845E-003  0.528602099844407E-003  0.317587375814398E-001 -0.115080904785145E-003 -0.208332846998901E-005  0.111340661537328E+000  0.100251717939734E+001  0.100004556891095E+001 -0.143536857684253E+001  0.150077671150162E-001  0.115621815591823E-001  0.694662942343811E+000
     10.30000000  0.691364012997589E-003  0.531589893473832E-003  0.316814732501881E-001 -0.112546848415833E-003 -0.275802644340577E-005  0.111205125563816E+000  0.100245936160706E+001  0.100006026809672E+001 -0.143004242383897E+001  0.151076119322898E-001  0.116162450847119E-001  0.692300140459772E+000
     10.31000000  0.698525950049917E-003  0.535319382117996E-003  0.316097882854275E-001 -0.108221659869067E-003 -0.420483276233127E-006  0.111063142920961E+000  0.100236255431083E+001  0.100000917944317E+001 -0.142458586756120E+001  0.152493086551771E-001  0.116863954537876E-001  0.690063723552203E+000
     10.32000000  0.706756273522511E-003  0.537793578962460E-003  0.315467460726180E-001 -0.100238488209992E-003  0.482027566031245E-005  0.110918295479252E+000  0.100218615568331E+001  0.999894871987616E+000 -0.141907740604924E+001  0.154140317922725E-001  0.117290325312455E-001  0.688020135261799E+000
     10.33000000  0.713992732972315E-003  0.537463253118229E-003  0.314929043868638E-001 -0.875189541381180E-004  0.115389706458676E-004  0.110775190416282E+000  0.100190690067788E+001  0.999748583936322E+000 -0.141361757321467E+001  0.155567812700076E-001  0.117104809101064E-001  0.686180968627169E+000
     10.34000000  0.717709942092189E-003  0.534067670320760E-003  0.314462719356134E-001 -0.703573922936594E-004  0.175443170764075E-004  0.110637815310376E+000  0.100153149460503E+001  0.999618106554614E+000 -0.140829302701670E+001  0.156226498517915E-001  0.116252426241457E-001  0.684502285369209E+000
     10.35000000  0.715807991455899E-003  0.528931997756921E-003  0.314032491084749E-001 -0.504064108934542E-004  0.209341917585695E-004  0.110508248231970E+000  0.100109615432314E+001  0.999544758208514E+000 -0.140314856572063E+001  0.155661950625416E-001  0.115023284877804E-001  0.682905342011989E+000
     10.36000000  0.707242281084584E-003  0.524453650675243E-003  0.313601022487635E-001 -0.301677674508525E-004  0.211702354329304E-004  0.110386240656881E+000  0.100065540491171E+001  0.999540069502741E+000 -0.139817826857348E+001  0.153650768340361E-001  0.113939322549525E-001  0.681308786907568E+000
     10.37000000  0.692199107462430E-003  0.522914418020363E-003  0.313143034238943E-001 -0.123106529931533E-004  0.195834124015225E-004  0.110269785626225E+000  0.100026719517347E+001  0.999574954043736E+000 -0.139333807191343E+001  0.150237571228246E-001  0.113495367556328E-001  0.679657751706299E+000
     10.38000000  0.671900112309714E-003  0.525153856545565E-003  0.312651599777078E-001  0.863982319418169E-006  0.189346344333065E-004  0.110156334868283E+000  0.999981265859321E+000  0.999589431291341E+000 -0.138857234433658E+001  0.145691305755463E-001  0.113871615260831E-001  0.677937374671257E+000
     10.39000000  0.648284937514002E-003  0.529803772787564E-003  0.312135165763389E-001  0.768709472818883E-005  0.221119097467131E-004  0.110044046868002E+000  0.999833477485220E+000  0.999520998381339E+000 -0.138384097880395E+001  0.140435420540373E-001  0.114769311038775E-001  0.676166153690308E+000
     10.40000000  0.623780764220284E-003  0.533586915919313E-003  0.311607656275798E-001  0.721743463551749E-005  0.305266415246347E-004  0.109932467353751E+000  0.999843801882448E+000  0.999339349203402E+000 -0.137913404494850E+001  0.134997247716176E-001  0.115477695367073E-001  0.674374369608896E+000
     10.41000000  0.601170112097688E-003  0.532685661723733E-003  0.311077292730234E-001 -0.626972713059160E-006  0.430134605631529E-004  0.109822354607588E+000  0.100001355576983E+001  0.999070006463366E+000 -0.137446786716963E+001  0.129978920865361E-001  0.115171905718511E-001  0.672579857200610E+000
     10.42000000  0.583374340182581E-003  0.524623395384784E-003  0.310540151236571E-001 -0.148028231082622E-004  0.558789562573838E-004  0.109714810170064E+000  0.100031974451703E+001  0.998793001189692E+000 -0.136986612166654E+001  0.126010251752274E-001  0.113319907260370E-001  0.670774148624064E+000
     10.43000000  0.572941804864232E-003  0.509769005132087E-003  0.309981780431541E-001 -0.328752212146441E-004  0.642264136440644E-004  0.109610234477634E+000  0.100070943179880E+001  0.998614024226193E+000 -0.136533726434172E+001  0.123638144540334E-001  0.110005751724887E-001  0.668926090721325E+000
     10.44000000  0.571218279649371E-003  0.491673204895584E-003  0.309385787885378E-001 -0.510697054970921E-004  0.640471658451940E-004  0.109507711233911E+000  0.100110100459189E+001  0.998619216167258E+000 -0.136086133144153E+001  0.123148144823900E-001  0.105999134130790E-001  0.667000464977275E+000
     10.45000000  0.577479581056327E-003  0.475959441026462E-003  0.308744466229017E-001 -0.649324492235665E-004  0.541398961231811E-004  0.109405186986536E+000  0.100139852994441E+001  0.998833922533020E+000 -0.135639394330321E+001  0.124378873128736E-001  0.102513233145953E-001  0.664980893766920E+000
     10.46000000  0.588518935970619E-003  0.468183946293538E-003  0.308065315020141E-001 -0.706096886875784E-004  0.369364450687554E-004  0.109300374683168E+000  0.100151935369964E+001  0.999205214956899E+000 -0.135188586345612E+001  0.126635372467637E-001  0.100742125356541E-001  0.662883783808838E+000
     10.47000000  0.599126458833083E-003  0.471601689422864E-003  0.307369421194693E-001 -0.663601761014894E-004  0.177943640922042E-004  0.109191902592153E+000  0.100142655041247E+001  0.999617473024838E+000 -0.134730772026205E+001  0.128794730089557E-001  0.101380620741237E-001  0.660754688044632E+000
     10.48000000  0.603543199943018E-003  0.485851094966469E-003  0.306682028422358E-001 -0.536339290868799E-004  0.303688683015457E-005  0.109080073080813E+000  0.100115187302071E+001  0.999934778076748E+000 -0.134266620809806E+001  0.129620399006002E-001  0.104344167564148E-001  0.658647912789493E+000
     10.49000000  0.597471317608312E-003  0.507146296008493E-003  0.306019950254727E-001 -0.370890361677828E-004 -0.238022357208583E-005  0.108966780158432E+000  0.100079578607385E+001  0.100005107031530E+001 -0.133800214624380E+001  0.128194044171659E-001  0.108813817092098E-001  0.656599469534394E+000
     10.50000000  0.579842804470065E-003  0.529846992360184E-003  0.305382430322811E-001 -0.233157816747304E-004  0.347349260167147E-005  0.108854569313399E+000  0.100049978930272E+001  0.999925543373599E+000 -0.133337016336524E+001  0.124293165452443E-001  0.113576230278638E-001  0.654607570289195E+000
     10.51000000  0.553526254233427E-003  0.548626711714664E-003  0.304750525511435E-001 -0.186286635511345E-004  0.192179990967863E-004  0.108745280258044E+000  0.100039893786446E+001  0.999588441355555E+000 -0.132880956583208E+001  0.118539143284120E-001  0.117489893012401E-001  0.652631486460203E+000
     10.52000000  0.524545186486786E-003  0.560212685760860E-003  0.304095836807978E-001 -0.267766480188169E-004  0.412568419942682E-004  0.108638949415287E+000  0.100057288406914E+001  0.999117313432780E+000 -0.132432092933920E+001  0.112225989104034E-001  0.119857019734036E-001  0.650610413504463E+000
     10.53000000  0.500029605174210E-003  0.563947768464825E-003  0.303394654039289E-001 -0.475410480125990E-004  0.655863897991336E-004  0.108533537032985E+000  0.100101617066992E+001  0.998598117449111E+000 -0.131986044999244E+001  0.106879305381566E-001  0.120541554222585E-001  0.648493800060146E+000
     10.54000000  0.485712258757879E-003  0.561073027583100E-003  0.302640803795784E-001 -0.768472094093504E-004  0.893536953899407E-004  0.108425641653082E+000  0.100164101959166E+001  0.998091912954956E+000 -0.131535541183803E+001  0.103720530472800E-001  0.119813307170219E-001  0.646268735170235E+000
     10.55000000  0.484011943646523E-003  0.553299074222744E-003  0.301851112152935E-001 -0.108357027093115E-003  0.111412894508573E-003  0.108311883354611E+000  0.100231169693400E+001  0.997623108961621E+000 -0.131073383409634E+001  0.103259470674059E-001  0.118041239020358E-001  0.643971424102933E+000
     10.56000000  0.493491008069472E-003  0.541566945498780E-003  0.301061015018404E-001 -0.135849907037926E-003  0.131736877142639E-003  0.108190325118041E+000  0.100289548755651E+001  0.997192177037021E+000 -0.130595476245901E+001  0.105182042760933E-001  0.115428886621864E-001  0.641677599743777E+000
     10.57000000  0.509850914822622E-003  0.525722776963596E-003  0.300312512075513E-001 -0.155363043558177E-003  0.150200082861051E-003  0.108061310233992E+000  0.100330825523699E+001  0.996801683338962E+000 -0.130102595385871E+001  0.108566163510798E-001  0.111945871441727E-001  0.639476685094728E+000
     10.58000000  0.527942448412093E-003  0.505250809354702E-003  0.299639959452052E-001 -0.166209520142513E-003  0.165595802710632E-003  0.107927399730459E+000  0.100353587174337E+001  0.996477184224331E+000 -0.129600231511772E+001  0.112312266100207E-001  0.107484941811871E-001  0.637441504494553E+000
     10.59000000  0.543848344468685E-003  0.480553605006087E-003  0.299059590672155E-001 -0.170542487878672E-003  0.175596081227915E-003  0.107792520674887E+000  0.100362462356468E+001  0.996267969924678E+000 -0.129096757877693E+001  0.115586769578117E-001  0.102134426585481E-001  0.635606090350779E+000
     10.60000000  0.556135646764874E-003  0.453906180553958E-003  0.298566245707622E-001 -0.171806063769199E-003  0.177790553680644E-003  0.107660758558544E+000  0.100364803417449E+001  0.996224894503147E+000 -0.128600852528852E+001  0.118086742722514E-001  0.963799078067294E-002  0.633958920770438E+000
     10.61000000  0.565828399749260E-003  0.429351599981155E-003  0.298137138037643E-001 -0.172880870277883E-003  0.171270184245905E-003  0.107535296624875E+000  0.100366739620893E+001  0.996366771966170E+000 -0.128119246816909E+001  0.120031610484775E-001  0.910802003448226E-002  0.632451125462031E+000
     10.62000000  0.575273180253613E-003  0.411382951670697E-003  0.297739641619401E-001 -0.174786579789346E-003  0.157829811763896E-003  0.107417825533149E+000  0.100370433148530E+001  0.996655041012069E+000 -0.127655483438489E+001  0.121920261660313E-001  0.871862600793793E-002  0.631013164856422E+000
     10.63000000  0.586550820604266E-003  0.402961597713587E-003  0.297339368742571E-001 -0.176455059072894E-003  0.141980208764293E-003  0.107308456670262E+000  0.100373617427078E+001  0.996993779573496E+000 -0.127209747884179E+001  0.124193440299180E-001  0.853211441711873E-002  0.629572030987589E+000
     10.64000000  0.600214042638799E-003  0.403867723007602E-003  0.296906177615621E-001 -0.175541233397958E-003  0.129542881786434E-003  0.107205952085474E+000  0.100371333210999E+001  0.997259699426473E+000 -0.126779370610000E+001  0.126966982870864E-001  0.854326334048459E-002  0.628063972009764E+000
     10.65000000  0.614883707769011E-003  0.410310424973141E-003  0.296417928139613E-001 -0.169775009494066E-003  0.125351713248554E-003  0.107108045383562E+000  0.100358798345010E+001  0.997350847607558E+000 -0.126359518609060E+001  0.129948016129616E-001  0.867139998163511E-002  0.626442386101795E+000
     10.66000000  0.627780392991494E-003  0.416154216780489E-003  0.295863213784757E-001 -0.158183374800134E-003  0.131108844314555E-003  0.107011753805359E+000  0.100333987265216E+001  0.997231777080645E+000 -0.125943864483787E+001  0.132549110724457E-001  0.878665086936443E-002  0.624683509091064E+000
     10.67000000  0.635846002638948E-003  0.415326234609644E-003  0.295244063755860E-001 -0.141665961024737E-003  0.144452196262859E-003  0.106913748487047E+000  0.100298832183542E+001  0.996952904924064E+000 -0.125525374478880E+001  0.134126255870096E-001  0.876095038446730E-002  0.622792007421514E+000
     10.68000000  0.636911170694303E-003  0.404355455045386E-003  0.294578088583834E-001 -0.122764847253321E-003  0.159764411949669E-003  0.106810915324631E+000  0.100258719432902E+001  0.996633062396745E+000 -0.125097493775937E+001  0.134225147163517E-001  0.852154475492597E-002  0.620805366754836E+000
     10.69000000  0.630437496653909E-003  0.383878634753774E-003  0.293898033493728E-001 -0.104829884864754E-003  0.170439622041353E-003  0.106701138358376E+000  0.100220715929972E+001  0.996411448917306E+000 -0.124655793643902E+001  0.132736574635186E-001  0.808244042007236E-002  0.618792798097011E+000
     10.70000000  0.617619313337449E-003  0.358396479875167E-003  0.293246562682021E-001 -0.909827505862729E-004  0.171625258240624E-003  0.106584128009112E+000  0.100191382207691E+001  0.996389862846977E+000 -0.124199703699083E+001  0.129916217016147E-001  0.753886963244066E-002  0.616844118276810E+000
     10.71000000  0.600912715506244E-003  0.334364261491485E-003  0.292665812789420E-001 -0.832764471569048E-004  0.162216307868034E-003  0.106461941329630E+000  0.100175008439829E+001  0.996590966122587E+000 -0.123733587219274E+001  0.126283961918013E-001  0.702678485166728E-002  0.615047699995283E+000
     10.72000000  0.583243650965883E-003  0.317466718534845E-003  0.292184069707411E-001 -0.822925350589324E-004  0.145216671521958E-003  0.106338839548118E+000  0.100172779387982E+001  0.996951066386231E+000 -0.123266419033991E+001  0.122456406265878E-001  0.666545334808492E-002  0.613462505511291E+000
     10.73000000  0.567190953530172E-003  0.310291317901133E-003  0.291804241664125E-001 -0.872253524296009E-004  0.126331563449039E-003  0.106220343005519E+000  0.100182965533528E+001  0.997350045455355E+000 -0.122809781654286E+001  0.118975037112973E-001  0.650872882110538E-002  0.612094044618176E+000
     10.74000000  0.554382305492632E-003  0.311410622591196E-003  0.291499123901841E-001 -0.963559714162145E-004  0.111454911016977E-003  0.106111688619072E+000  0.100201929899097E+001  0.997664277718890E+000 -0.122374620492051E+001  0.116179995244439E-001  0.652612543604962E-002  0.610884699838678E+000
     10.75000000  0.545246711423450E-003  0.316223216133635E-003  0.291216288157105E-001 -0.107742089491766E-003  0.104190013059490E-003  0.106016197051105E+000  0.100225581357083E+001  0.997818556828505E+000 -0.121967828138129E+001  0.114159186709725E-001  0.662081667183382E-002  0.609724257223834E+000
     10.76000000  0.539175995528329E-003  0.319106519437205E-003  0.290891648465689E-001 -0.119920019269891E-003  0.104480883339705E-003  0.105934151762226E+000  0.100250845141499E+001  0.997814499853749E+000 -0.121589918431833E+001  0.112783236455883E-001  0.667497558028973E-002  0.608478527309058E+000
     10.77000000  0.535058002266395E-003  0.315877195702430E-003  0.290467140268692E-001 -0.132406215469606E-003  0.108886923373233E-003  0.105862617645243E+000  0.100276706234651E+001  0.997724450437431E+000 -0.121234677050506E+001  0.111817926826046E-001  0.660129051531978E-002  0.607026402714459E+000
     10.78000000  0.532038230274520E-003  0.305478945891152E-003  0.289906258263342E-001 -0.145805769353506E-003  0.112279853744020E-003  0.105796258324060E+000  0.100304426337976E+001  0.997655720699164E+000 -0.120890899146023E+001  0.111083704591347E-001  0.637806290099490E-002  0.605292238783132E+000
     10.79000000  0.530254084980928E-003  0.290228551832040E-003  0.289202224484078E-001 -0.161418462663064E-003  0.110135521326506E-003  0.105728821873790E+000  0.100336711568343E+001  0.997702623138378E+000 -0.120545511615040E+001  0.110608589394558E-001  0.605403553304484E-002  0.603262681156008E+000
     10.80000000  0.531221215369341E-003  0.274628498942687E-003  0.288376741308745E-001 -0.180399458452508E-003  0.100398907687487E-003  0.105654734434156E+000  0.100375956631284E+001  0.997907663612599E+000 -0.120186902875393E+001  0.110707726237078E-001  0.572332124512538E-002  0.600983778626999E+000
     10.81000000  0.537606606572276E-003  0.263371470528425E-003  0.287471046954607E-001 -0.202744657687021E-003  0.841733578853036E-004  0.105570264291448E+000  0.100422133677235E+001  0.998247430561440E+000 -0.119807339835514E+001  0.111934813142475E-001  0.548364472836789E-002  0.598542085074053E+000
     10.82000000  0.552330117837371E-003  0.259446559187202E-003  0.286533590443120E-001 -0.226531554745834E-003  0.650604905473172E-004  0.105473961987451E+000  0.100471224346051E+001  0.998646630614163E+000 -0.119403865473411E+001  0.114894103328859E-001  0.539693180163468E-002  0.596038834102727E+000
     10.83000000  0.577239977349798E-003  0.263114921117792E-003  0.285609050555308E-001 -0.247842166035906E-003  0.475675657518538E-004  0.105366409945837E+000  0.100515078016794E+001  0.999011426997146E+000 -0.118977756447515E+001  0.119964906498048E-001  0.546818622214198E-002  0.593567049915201E+000
     10.84000000  0.611871342928204E-003  0.272064673527399E-003  0.284731768068379E-001 -0.261573344238502E-003  0.353391072849718E-004  0.105249567899258E+000  0.100543113350141E+001  0.999266242475723E+000 -0.118533144457337E+001  0.127044862266249E-001  0.564896842698777E-002  0.591197948313087E+000
     10.85000000  0.652866476852317E-003  0.282524119676215E-003  0.283924040116500E-001 -0.262964084305890E-003  0.299388569624257E-004  0.105126074715713E+000  0.100545497762832E+001  0.999378942583059E+000 -0.118075554781767E+001  0.135431879791006E-001  0.586073477053474E-002  0.588977498986102E+000
     10.86000000  0.694431738578378E-003  0.290754929672865E-003  0.283197544470401E-001 -0.249305806234175E-003  0.305714785804538E-004  0.104998760830054E+000  0.100516688557003E+001  0.999366403318407E+000 -0.117610889372809E+001  0.143921611118188E-001  0.602592243331792E-002  0.586929493578935E+000
     10.87000000  0.729789517039837E-003  0.294294967432316E-003  0.282555391290554E-001 -0.221141399877314E-003  0.346876695144315E-004  0.104870425078822E+000  0.100457895932682E+001  0.999281756252168E+000 -0.117144963036606E+001  0.151110398935648E-001  0.609367891633105E-002  0.585059896071417E+000
     10.88000000  0.753136795721489E-003  0.292544408486906E-003  0.281993051418251E-001 -0.182410880310017E-003  0.390789351892909E-004  0.104743755077041E+000  0.100377353271399E+001  0.999191574317749E+000 -0.116683339117462E+001  0.155801360748550E-001  0.605186430679914E-002  0.583358845062278E+000
     10.89000000  0.761367137977295E-003  0.286634664403619E-003  0.281498001028361E-001 -0.139420217656865E-003  0.409692507226314E-004  0.104621208914518E+000  0.100288153667951E+001  0.999153247637443E+000 -0.116231086142334E+001  0.157359339378715E-001  0.592416446465256E-002  0.581799991997721E+000
     10.90000000  0.754887655329193E-003  0.278804079828632E-003  0.281049338036502E-001 -0.990061074095648E-004  0.387423898314312E-004  0.104504743320355E+000  0.100204438065790E+001  0.999200007004773E+000 -0.115792218776564E+001  0.155877022319613E-001  0.575703543003299E-002  0.580339784718350E+000
     10.91000000  0.737241619785514E-003  0.271611862225038E-003  0.280619084371984E-001 -0.666043875415739E-004  0.321871575085945E-004  0.104395415243154E+000  0.100137405578221E+001  0.999335975428644E+000 -0.115368880709292E+001  0.152093750569111E-001  0.560338235338439E-002  0.578920232905759E+000
     10.92000000  0.713749304874107E-003  0.267252481956955E-003  0.280176206527336E-001 -0.449419792361800E-004  0.223498709560755E-004  0.104293013255773E+000  0.100092630888955E+001  0.999539341958258E+000 -0.114960593500535E+001  0.147112418556801E-001  0.550839891787077E-002  0.577477261033217E+000
     10.93000000  0.689761613157323E-003  0.267081234110218E-003  0.279692991061327E-001 -0.337647305799923E-004  0.111621842326905E-004  0.104195921106432E+000  0.100069529547380E+001  0.999770144288393E+000 -0.114563987595830E+001  0.142038191743028E-001  0.549983281439279E-002  0.575953864867927E+000
     10.94000000  0.669208699913152E-003  0.271344621659469E-003  0.279152047600403E-001 -0.305508049951908E-004  0.969074333946647E-006  0.104101355492225E+000  0.100062853810470E+001  0.999980062713723E+000 -0.114173304723929E+001  0.137679896801255E-001  0.558251850469064E-002  0.574314486803151E+000
     10.95000000  0.653903542938420E-003  0.279090352521631E-003  0.278551545410404E-001 -0.317744777938447E-004 -0.600028716124216E-005  0.104005984087760E+000  0.100065311638329E+001  0.100012333439041E+001 -0.113781679146480E+001  0.134408225291394E-001  0.573663186007765E-002  0.572555681569587E+000
     10.96000000  0.643671161422471E-003  0.288287263586814E-003  0.277906612367856E-001 -0.341524067967295E-004 -0.820369392996717E-005  0.103906780153944E+000  0.100070135360908E+001  0.100016847100645E+001 -0.113382897734406E+001  0.132184268831069E-001  0.592026541414696E-002  0.570708842664048E+000
     10.97000000  0.637030834588223E-003  0.296229752618580E-003  0.277245981660162E-001 -0.354493848043454E-004 -0.532199671998842E-005  0.103801868826264E+000  0.100072732472376E+001  0.100010919286232E+001 -0.112973133346185E+001  0.130701358669626E-001  0.607782685600182E-002  0.568833163501426E+000
     10.98000000  0.632021542199602E-003  0.300253663322663E-003  0.276604494229425E-001 -0.347205204934886E-004  0.141971434503844E-005  0.103691104078631E+000  0.100071172162626E+001  0.999970897861319E+000 -0.112552116657098E+001  0.129555488642052E-001  0.615477598009606E-002  0.567000141890153E+000
     10.99000000  0.626854234483651E-003  0.298639695312308E-003  0.276013407440402E-001 -0.321350667568225E-004  0.936873646986134E-005  0.103576186001092E+000  0.100065812409227E+001  0.999808128882020E+000 -0.112123360156598E+001  0.128379342473242E-001  0.611612167734403E-002  0.565273676266793E+000
     11.00000000  0.620289404264222E-003  0.291403500114725E-003  0.275491203685823E-001 -0.286279509721001E-004  0.151248882444839E-004  0.103460258218546E+000  0.100058576558874E+001  0.999690524862373E+000 -0.111693317223919E+001  0.126919383238117E-001  0.596249948068356E-002  0.563691293434333E+000
     11.01000000  0.611814615719875E-003  0.280593270863639E-003  0.275037549775345E-001 -0.255478712963934E-004  0.156764307977902E-004  0.103347073554324E+000  0.100052226831178E+001  0.999679530910716E+000 -0.111269663160861E+001  0.125071628382477E-001  0.573609331950793E-002  0.562251919664487E+000
     11.02000000  0.601729417747754E-003  0.269828648581289E-003  0.274632274665225E-001 -0.243208336241366E-004  0.961808524995277E-005  0.103239941135109E+000  0.100049673314282E+001  0.999803558472214E+000 -0.110859139195566E+001  0.122898314024505E-001  0.551102954385592E-002  0.560913967932671E+000
     11.03000000  0.591147945109989E-003  0.263110796352919E-003  0.274239928053167E-001 -0.260637215294589E-004 -0.206710723885009E-005  0.103140738395052E+000  0.100053184758305E+001  0.100004218069886E+001 -0.110465540645397E+001  0.120627672251528E-001  0.536895089813652E-002  0.559604823684618E+000
     11.04000000  0.581814979933373E-003  0.263288721168314E-003  0.273818976506201E-001 -0.311362839209807E-004 -0.160882379617321E-004  0.103049269099679E+000  0.100063478109024E+001  0.100032799383701E+001 -0.110088421450582E+001  0.118615679449672E-001  0.536771510358691E-002  0.558239733673000E+000
     11.05000000  0.575624682947211E-003  0.270797794068675E-003  0.273333350637529E-001 -0.387674053329754E-004 -0.278875546791452E-004  0.102963171224728E+000  0.100078964289586E+001  0.100056803413192E+001 -0.109722925726840E+001  0.117247449930214E-001  0.551580773755511E-002  0.556745381018871E+000
     11.06000000  0.573876217675109E-003  0.283248769212809E-003  0.272763227341780E-001 -0.470028613388156E-004 -0.333109136932831E-004  0.102878440179736E+000  0.100095652306175E+001  0.100067788760616E+001 -0.109360872477791E+001  0.116785621376849E-001  0.576420184317047E-002  0.555081775699209E+000
     11.07000000  0.576519556250126E-003  0.296122302437714E-003  0.272111886769026E-001 -0.531743974585844E-004 -0.302541369163774E-004  0.102790463415944E+000  0.100108113824842E+001  0.100061512506312E+001 -0.108992874171333E+001  0.117217565786366E-001  0.602073860123203E-002  0.553256045572238E+000
     11.08000000  0.581783337872584E-003  0.304348583773713E-003  0.271406336295476E-001 -0.548615858763225E-004 -0.195911430346590E-004  0.102695304659639E+000  0.100111443533243E+001  0.100039796629375E+001 -0.108610950922244E+001  0.118181036364378E-001  0.618240996346400E-002  0.551323491259610E+000
     11.09000000  0.586504806986947E-003  0.304149240279676E-003  0.270691023572665E-001 -0.510168423763078E-004 -0.497330022866886E-005  0.102590877121157E+000  0.100103540034260E+001  0.100010093444676E+001 -0.108210905204487E+001  0.119032705632606E-001  0.617278947338568E-002  0.549374609422950E+000
     11.10000000  0.587188715494547E-003  0.294391196531207E-003  0.270015992251448E-001 -0.427330250103345E-004  0.842508067911265E-005  0.102477643708588E+000  0.100086649674119E+001  0.999829164798164E+000 -0.107793724635568E+001  0.119064144959806E-001  0.596936473296510E-002  0.547510917607045E+000
     11.11000000  0.581440430156096E-003  0.276920170651679E-003  0.269422691984775E-001 -0.331978816230102E-004  0.156838197114151E-004  0.102358593926435E+000  0.100067254692066E+001  0.999682265730964E+000 -0.107365511840668E+001  0.117792446905661E-001  0.561005097114377E-002  0.545816157508638E+000
     11.12000000  0.569158666884337E-003  0.255801672295210E-003  0.268931709461680E-001 -0.267102022766858E-004  0.137000089166187E-004  0.102238453050345E+000  0.100054062816239E+001  0.999722704808875E+000 -0.106935860782705E+001  0.115200626711018E-001  0.517755674765523E-002  0.544331541888772E+000
     11.13000000  0.552901879839368E-003  0.235872973310859E-003  0.268536462702131E-001 -0.270808246631866E-004  0.194316860548910E-005  0.102122325048027E+000  0.100054763726959E+001  0.999960704610635E+000 -0.106515096748378E+001  0.111809621602023E-001  0.476990020357560E-002  0.543043194025567E+000
     11.14000000  0.537177742457039E-003  0.221267869581858E-003  0.268205277964218E-001 -0.360746849030723E-004 -0.177822485011629E-004  0.102014178068623E+000  0.100072885918498E+001  0.100035927563011E+001 -0.106111213122240E+001  0.108532321934318E-001  0.447053437942831E-002  0.541886591193298E+000
     11.15000000  0.526894598778063E-003  0.214500536065287E-003  0.267891610198473E-001 -0.525793707381660E-004 -0.422903278619916E-004  0.101915670966622E+000  0.100106136996181E+001  0.100085367479750E+001 -0.105727513058604E+001  0.106359222701014E-001  0.432991917885731E-002  0.540767422837715E+000
     11.16000000  0.525609873671366E-003  0.216344559560647E-003  0.267549286409740E-001 -0.728777551895094E-004 -0.681274123719189E-004  0.101825741195050E+000  0.100146979602244E+001  0.100137399127433E+001 -0.105361799359556E+001  0.106004815827010E-001  0.436322952444022E-002  0.539592466793066E+000
     11.17000000  0.534306082712962E-003  0.226317957637081E-003  0.267147589333359E-001 -0.919049149325417E-004 -0.923226721723682E-004  0.101741133266229E+000  0.100185187572902E+001  0.100186029349965E+001 -0.105007463939692E+001  0.107662192731732E-001  0.456028639053791E-002  0.538299977881350E+000
     11.18000000  0.551169491190083E-003  0.243314185183470E-003  0.266680661688747E-001 -0.104934483542377E-003 -0.112553857771811E-003  0.101657712076843E+000  0.100211252910627E+001  0.100226592148300E+001 -0.104656151523923E+001  0.110960816056036E-001  0.489837354525424E-002  0.536878479675174E+000
     11.19000000  0.572374952012191E-003  0.265937564547332E-003  0.266167467315010E-001 -0.108985562255436E-003 -0.126892800272779E-003  0.101572095252078E+000  0.100219212420778E+001  0.100255230852155E+001 -0.104301050734328E+001  0.115126899587817E-001  0.534904037687818E-002  0.535366461711728E+000
     11.20000000  0.593439679146342E-003  0.292379067472070E-003  0.265641965474393E-001 -0.103434371347465E-003 -0.133543445438807E-003  0.101482981038657E+000  0.100207861057324E+001  0.100268368061854E+001 -0.103939555723204E+001  0.119257261931953E-001  0.587563121547493E-002  0.533832410772894E+000
     11.21000000  0.610519899648395E-003  0.320031513252191E-003  0.265137045180619E-001 -0.897350254765902E-004 -0.130958613988766E-003  0.101391627022373E+000  0.100180170072522E+001  0.100262938834133E+001 -0.103574208584639E+001  0.122580245574588E-001  0.642559587470506E-002  0.532342420417065E+000
     11.22000000  0.621162719257169E-003  0.345275109486245E-003  0.264668555967093E-001 -0.705666364846225E-004 -0.118442379610117E-003  0.101301245363999E+000  0.100141557484364E+001  0.100237596775685E+001 -0.103211463249899E+001  0.124605955872478E-001  0.692625840584225E-002  0.530928167181490E+000
     11.23000000  0.624384834299817E-003  0.363825554300870E-003  0.264226147619791E-001 -0.489145184958234E-004 -0.969781790647788E-004  0.101215516192372E+000  0.100098035710804E+001  0.100194366110707E+001 -0.102858688575446E+001  0.125140782181778E-001  0.729188345741715E-002  0.529568704581015E+000
     11.24000000  0.620310332561772E-003  0.371741648672749E-003  0.263775177046465E-001 -0.274854719912916E-004 -0.697830804437681E-004  0.101136806737489E+000  0.100055038065851E+001  0.100139736577127E+001 -0.102520598190175E+001  0.124213551590600E-001  0.744391122183813E-002  0.528194515591403E+000
     11.25000000  0.609759506026085E-003  0.366795196999432E-003  0.263269457583623E-001 -0.854938890591875E-005 -0.421215618926920E-004  0.101064845340200E+000  0.100017104438677E+001  0.100084271014023E+001 -0.102196609437803E+001  0.121992275628509E-001  0.733833262611799E-002  0.526713235574150E+000
     11.26000000  0.594070467744562E-003  0.349627292238525E-003  0.262669927560932E-001  0.600154579291141E-005 -0.202160705644655E-004  0.100996444741596E+000  0.999880035980380E+000  0.100040409607283E+001 -0.101880313782231E+001  0.118747875476091E-001  0.698864872367881E-002  0.525047070051140E+000
     11.27000000  0.575153990409912E-003  0.324108291971934E-003  0.261961496867228E-001  0.146913854724618E-004 -0.952026888043415E-005  0.100926442138519E+000  0.999706596619485E+000  0.100019013040521E+001 -0.101561380050270E+001  0.114864677275884E-001  0.647280467153871E-002  0.523166374537650E+000
     11.28000000  0.555529240204198E-003  0.296601783888092E-003  0.261160807292507E-001  0.167681386860040E-004 -0.129615811563678E-004  0.100849498873398E+000  0.999665418415814E+000  0.100025862777247E+001 -0.101229162814530E+001  0.110847039572916E-001  0.591821767364683E-002  0.521104925641831E+000
     11.29000000  0.538039642714266E-003  0.274278932055360E-003  0.260311400304231E-001  0.126641998216524E-004 -0.298426783398910E-004  0.100762014731437E+000  0.999747529820982E+000  0.100059493583874E+001 -0.100876520078028E+001  0.107262177498668E-001  0.546795313182730E-002  0.518950006796941E+000
     11.30000000  0.525146064726605E-003  0.263034517039407E-003  0.259468259003712E-001  0.426225052143211E-005 -0.558723361272067E-004  0.100663347107407E+000  0.999915104082828E+000  0.100111287058239E+001 -0.100502226120464E+001  0.104599099912443E-001  0.523914689193180E-002  0.516811382025043E+000
     11.31000000  0.518019432368901E-003  0.265738862553894E-003  0.258678401164655E-001 -0.538385490804798E-005 -0.843711621922509E-004  0.100555827626288E+000  0.100010714132624E+001  0.100167902708527E+001 -0.100110978419029E+001  0.103088381746172E-001  0.528833236669792E-002  0.514782575757912E+000
     11.32000000  0.515896537039791E-003  0.281445512677107E-003  0.257965909398090E-001 -0.129680201820477E-004 -0.108251818828433E-003  0.100443607998509E+000  0.100025784191996E+001  0.100215236068526E+001 -0.997110767107564E+000  0.102575220998728E-001  0.559595453530403E-002  0.512911180185071E+000
     11.33000000  0.516147470409995E-003  0.305819457259366E-003  0.257327614429084E-001 -0.162040676119225E-004 -0.122090746715195E-003  0.100330892792249E+000  0.100032189958165E+001  0.100242537622231E+001 -0.993108964346773E+000  0.102534535631935E-001  0.607521257682253E-002  0.511190482630887E+000
     11.34000000  0.515203017453393E-003  0.332607157896246E-003  0.256740584123935E-001 -0.148819259714194E-004 -0.123593329083362E-003  0.100220377714200E+000  0.100029537406562E+001  0.100245306045499E+001 -0.989157887228932E+000  0.102256663671140E-001  0.660153320679785E-002  0.509574569094373E+000
     11.35000000  0.510048774567756E-003  0.355612829378735E-003  0.256177045849299E-001 -0.111397899550182E-004 -0.113996364440820E-003  0.100112580662000E+000  0.100022090595130E+001  0.100226058798532E+001 -0.985267671769698E+000  0.101144465209003E-001  0.705192743173516E-002  0.508008088505025E+000
     11.36000000  0.499649261881132E-003  0.370501448396680E-003  0.255619080123967E-001 -0.870244686901499E-005 -0.973426651503575E-004  0.100006294556589E+000  0.100017242066851E+001  0.100192864003102E+001 -0.981414241511863E+000  0.989949850298632E-002  0.734070639862123E-002  0.506455406637620E+000
     11.37000000  0.485621620003659E-003  0.375853150412134E-003  0.255065969238926E-001 -0.113253185262567E-004 -0.789502458357868E-004  0.998998350370888E-001  0.100022418999964E+001  0.100156285719859E+001 -0.977564156682104E+000  0.961310806041467E-002  0.744018964751179E-002  0.504915066345217E+000
     11.38000000  0.471782040872543E-003  0.373189736456213E-003  0.254531133069844E-001 -0.210934108429542E-004 -0.636468332374260E-004  0.997923811755831E-001  0.100041718705590E+001  0.100125881182391E+001 -0.973701172087539E+000  0.933094045928851E-002  0.738097449502376E-002  0.503413577023292E+000
     11.39000000  0.462699693366714E-003  0.366064835568196E-003  0.254031024504647E-001 -0.373345920393954E-004 -0.543739786980843E-004  0.996846986259960E-001  0.100073775805771E+001  0.100107446844128E+001 -0.969840451570105E+000  0.914327459967009E-002  0.723370116917366E-002  0.501983348417884E+000
     11.40000000  0.461858109769637E-003  0.358622009923861E-003  0.253572387526340E-001 -0.566499509066609E-004 -0.515870559362602E-004  0.995788876640018E-001  0.100111846130098E+001  0.100101850266016E+001 -0.966023455704781E+000  0.911863848166717E-002  0.708040930946435E-002  0.500637507900249E+000
     11.41000000  0.470208670249702E-003  0.354174534068323E-003  0.253144872173947E-001 -0.740635583573669E-004 -0.535618194978751E-004  0.994773224320914E-001  0.100146098314234E+001  0.100105656434953E+001 -0.962296902035098E+000  0.927537045009339E-002  0.698647263507154E-002  0.499355417182757E+000
     11.42000000  0.485715635433012E-003  0.354300964014492E-003  0.252722949434026E-001 -0.847979714958776E-004 -0.573830322275268E-004  0.993813666274957E-001  0.100167126621900E+001  0.100113095067740E+001 -0.958687429807415E+000  0.957287207721239E-002  0.698284666566294E-002  0.498086594175823E+000
     11.43000000  0.504037447095340E-003  0.358710319929467E-003  0.252276078446451E-001 -0.859311504884933E-004 -0.601596158973954E-004  0.992905507551790E-001  0.100169211810194E+001  0.100118463647335E+001 -0.955185486633355E+000  0.992528184993609E-002  0.706356451945775E-002  0.496770864348893E+000
     11.44000000  0.519996742426977E-003  0.365805455183538E-003  0.251781816776944E-001 -0.772931851855952E-004 -0.599705856059437E-004  0.992026363321740E-001  0.100152069268065E+001  0.100117988190506E+001 -0.951746749848171E+000  0.102305945636883E-001  0.719698220358328E-002  0.495364196693116E+000
     11.45000000  0.529199058175245E-003  0.373595272609102E-003  0.251235224341700E-001 -0.613424574158931E-004 -0.562112406835678E-004  0.991145228998190E-001  0.100120581854519E+001  0.100110495339313E+001 -0.948310107631340E+000  0.104025509463830E-001  0.734382232282258E-002  0.493857118671411E+000
     11.46000000  0.529186875783923E-003  0.380494646863699E-003  0.250650057740093E-001 -0.422124915151385E-004 -0.493089733134195E-004  0.990235285913302E-001  0.100082905366632E+001  0.100096842862482E+001 -0.944822882614914E+000  0.103932344145347E-001  0.747291786568179E-002  0.492276911110157E+000
     11.47000000  0.519809614950223E-003  0.385657014734770E-003  0.250051584144174E-001 -0.244195458923362E-004 -0.400779721444476E-004  0.989284130851960E-001  0.100047918193962E+001  0.100078644543648E+001 -0.941260868412830E+000  0.102001642708915E-001  0.756770323090880E-002  0.490673346762056E+000
     11.48000000  0.502870767416604E-003  0.388761425839262E-003  0.249464979964671E-001 -0.117467546234164E-004 -0.291386347177328E-004  0.988296809117742E-001  0.100023030442602E+001  0.100057128600696E+001 -0.937634152184381E+000  0.985917959151780E-002  0.762197559284345E-002  0.489095847010827E+000
     11.49000000  0.481380000662871E-003  0.389488619357665E-003  0.248905091758227E-001 -0.660917860665487E-005 -0.167577630678568E-004  0.987290919446987E-001  0.100012946540529E+001  0.100032826327090E+001 -0.933977376551162E+000  0.942962213536459E-002  0.762958681605010E-002  0.487573426319403E+000
     11.50000000  0.458780606537228E-003  0.387105572405481E-003  0.248372082748551E-001 -0.991016232391837E-005 -0.319675819478045E-005  0.986286950813689E-001  0.100019395867259E+001  0.100006256597579E+001 -0.930330720323625E+000  0.897911401906815E-002  0.757631212504926E-002  0.486106260459748E+000
     11.51000000  0.438371009458470E-003  0.380525278225806E-003  0.247854113803408E-001 -0.211963691976749E-004  0.106771799842820E-004  0.985298893996932E-001  0.100041448844443E+001  0.999791211047453E+000 -0.926721515662071E+000  0.857220951847293E-002  0.744105413370371E-002  0.484671054357105E+000
     11.52000000  0.422928089783676E-003  0.368928576131005E-003  0.247334697826885E-001 -0.388978363531691E-004  0.229739882784298E-004  0.984329294252035E-001  0.100075997488669E+001  0.999551140737491E+000 -0.923154637883984E+000  0.826304898277906E-002  0.720802181117053E-002  0.483235512762882E+000
     11.53000000  0.414416670938576E-003  0.352666278706905E-003  0.246800565806635E-001 -0.605656281654558E-004  0.309718215112924E-004  0.983370084950649E-001  0.100118228776191E+001  0.999395406162771E+000 -0.919614230178177E+000  0.808973295945525E-002  0.688431768944580E-002  0.481773734414769E+000
     11.54000000  0.413700494861888E-003  0.333906891664359E-003  0.246246489289698E-001 -0.831687676111098E-004  0.320261480308164E-004  0.982407533765692E-001  0.100162211161064E+001  0.999375366642345E+000 -0.916073440399575E+000  0.806875459766253E-002  0.651247170542411E-002  0.480275590020223E+000
     11.55000000  0.420306793725413E-003  0.316520369431561E-003  0.245675801819241E-001 -0.103558731928336E-003  0.248835271531716E-004  0.981428077038457E-001  0.100201804578482E+001  0.999515095481107E+000 -0.912505838081081E+000  0.819050540321454E-002  0.616802258435614E-002  0.478747670101695E+000
     11.56000000  0.432415168355437E-003  0.305015941770833E-003  0.245097790872336E-001 -0.119111667564234E-003  0.107708458467413E-004  0.980422300409679E-001  0.100231911746341E+001  0.999790290429059E+000 -0.908893162942837E+000  0.841917159658193E-002  0.593869443393544E-002  0.477208134752844E+000
     11.57000000  0.447229922708922E-003  0.302839494900364E-003  0.244524295947630E-001 -0.128383447812258E-003 -0.638488896224531E-005  0.979386169319125E-001  0.100249747961032E+001  0.100012420705526E+001 -0.905227683310315E+000  0.870009048771986E-002  0.589122255713499E-002  0.475680045803861E+000
     11.58000000  0.461731671319181E-003  0.310735954343166E-003  0.243967325756224E-001 -0.131492877427579E-003 -0.209181644144390E-004  0.978320443433044E-001  0.100255575927267E+001  0.100040657557820E+001 -0.901511012506853E+000  0.897444046815226E-002  0.603961455708653E-002  0.474186714313567E+000
     11.59000000  0.473577110311369E-003  0.325968968531051E-003  0.243437989012764E-001 -0.129991332445047E-003 -0.273350077710890E-004  0.977229874267468E-001  0.100252439455615E+001  0.100053083804521E+001 -0.897752510346086E+000  0.919673224899655E-002  0.633022428615822E-002  0.472749623121049E+000
     11.60000000  0.481770952291062E-003  0.342884895947194E-003  0.242945756601972E-001 -0.126190659266562E-003 -0.224446316356525E-004  0.976123064880964E-001  0.100244847399370E+001  0.100043549258858E+001 -0.893968977504138E+000  0.934778892877784E-002  0.665298648442361E-002  0.471387003109612E+000
     11.61000000  0.486782167732609E-003  0.354731618398710E-003  0.242496955288185E-001 -0.122199524281938E-003 -0.680043836093175E-005  0.975012524026101E-001  0.100236899187375E+001  0.100013183507309E+001 -0.890184728454001E+000  0.943688616154924E-002  0.687691974486950E-002  0.470110927077743E+000
     11.62000000  0.490019474964422E-003  0.356064049084484E-003  0.242092435876221E-001 -0.119100783773285E-003  0.152240530247391E-004  0.973913621697841E-001  0.100230693186001E+001  0.999705116525277E+000 -0.886429536075585E+000  0.949147019027864E-002  0.689681018894333E-002  0.468922819563023E+000
     11.63000000  0.492900623104419E-003  0.344770580862167E-003  0.241725692340712E-001 -0.116669148002170E-003  0.368323716184461E-004  0.972841565278518E-001  0.100225788899668E+001  0.999287185961131E+000 -0.882732756145568E+000  0.953906763202053E-002  0.667231838268239E-002  0.467809862586958E+000
     11.64000000  0.495972073920853E-003  0.322889734652638E-003  0.241383224340894E-001 -0.113776902363168E-003  0.511500147538906E-004  0.971806951913387E-001  0.100220002391049E+001  0.999010948152542E+000 -0.879114729070595E+000  0.959026304017868E-002  0.624349162204332E-002  0.466745757803502E+000
     11.65000000  0.498529539002908E-003  0.295894608469192E-003  0.241048072048181E-001 -0.109289157363459E-003  0.535894418129733E-004  0.970811909351373E-001  0.100211143359650E+001  0.998964668128190E+000 -0.875579362800438E+000  0.963144050967599E-002  0.571659469628392E-002  0.465697613535114E+000
     11.66000000  0.498946720312384E-003  0.270764342407059E-003  0.240705612906127E-001 -0.102992794266260E-003  0.433201148666169E-004  0.969849198448948E-001  0.100198808324904E+001  0.999163786211197E+000 -0.872112470844686E+000  0.963123317395863E-002  0.522659917532528E-002  0.464637162606878E+000
     11.67000000  0.495562081135534E-003  0.253638972238241E-003  0.240349038303497E-001 -0.960760908418663E-004  0.233366551887917E-004  0.968905457043931E-001  0.100185298005016E+001  0.999549915529209E+000 -0.868688106124182E+000  0.955770204545489E-002  0.489183054162189E-002  0.463551305166987E+000
     11.68000000  0.487689176304959E-003  0.247960499671525E-003  0.239981581005597E-001 -0.908969642953215E-004 -0.784329117240473E-006  0.967967570032608E-001  0.100175159143127E+001  0.100001511408188E+001 -0.865280886503175E+000  0.939780760511916E-002  0.477821773129746E-002  0.462446336035281E+000
     11.69000000  0.476253708267999E-003  0.253720100270186E-003  0.239613948808182E-001 -0.901307355328182E-004 -0.228427236483723E-004  0.967029223318090E-001  0.100173534040795E+001  0.100043980448113E+001 -0.861878611077735E+000  0.916959458399911E-002  0.488502329094732E-002  0.461342920611076E+000
     11.70000000  0.463747988726301E-003  0.267923464685226E-003  0.239257883652587E-001 -0.956879665829704E-004 -0.378934746658286E-004  0.966094256445947E-001  0.100184076242013E+001  0.100072896192305E+001 -0.858488653356442E+000  0.892118309693030E-002  0.515408010929725E-002  0.460263643042668E+000
     11.71000000  0.453525161522402E-003  0.285904257018346E-003  0.238918942821636E-001 -0.107887744574050E-003 -0.434064754170677E-004  0.965174870624744E-001  0.100207367883261E+001  0.100083430318824E+001 -0.855134433369091E+000  0.871707468922076E-002  0.549528223313797E-002  0.459219122981998E+000
     11.72000000  0.448754377951346E-003  0.302866245945021E-003  0.238592209817724E-001 -0.125225721553408E-003 -0.394600308669452E-004  0.964285376350647E-001  0.100240487333301E+001  0.100075780258859E+001 -0.851843341954515E+000  0.861801731482395E-002  0.581633668633069E-002  0.458199829665881E+000
     11.73000000  0.451475953582328E-003  0.315086208072935E-003  0.238263258600178E-001 -0.144782738824517E-003 -0.281348337638258E-004  0.963434555442254E-001  0.100277808194023E+001  0.100053984939230E+001 -0.848632068155974E+000  0.866289174577582E-002  0.604585402492556E-002  0.457178017981138E+000
     11.74000000  0.462092447490168E-003  0.320479991995187E-003  0.237914010496574E-001 -0.163042630323391E-003 -0.125283522889285E-004  0.962620531814273E-001  0.100312578679154E+001  0.100024018845885E+001 -0.845496811256036E+000  0.885904788194502E-002  0.614411165928247E-002  0.456119034669911E+000
     11.75000000  0.479389708435621E-003  0.318555800671369E-003  0.237530573003154E-001 -0.176764915485974E-003  0.417344761587254E-005  0.961830812877637E-001  0.100338598070406E+001  0.999920056459972E+000 -0.842413447270131E+000  0.918284207034505E-002  0.610202421262521E-002  0.454996363164407E+000
     11.76000000  0.500948617283695E-003  0.309997152779447E-003  0.237109103025557E-001 -0.183627018893007E-003  0.192971159410600E-004  0.961047522624088E-001  0.100351443517857E+001  0.999630672743493E+000 -0.839347630948910E+000  0.958764921335016E-002  0.593303156340181E-002  0.453802810641101E+000
     11.77000000  0.523705517373124E-003  0.296164569844894E-003  0.236656741585421E-001 -0.182536687642133E-003  0.309106698358544E-004  0.960255198218975E-001  0.100349059914608E+001  0.999408903716138E+000 -0.836269748410228E+000  0.100146773525562E-001  0.566347405529057E-002  0.452552213345631E+000
     11.78000000  0.544474686592136E-003  0.278711383880149E-003  0.236187170145398E-001 -0.173687146140789E-003  0.377989311870593E-004  0.959447242235129E-001  0.100331855228402E+001  0.999277794976707E+000 -0.833167225013229E+000  0.104030019199893E-001  0.532519717266495E-002  0.451270857030677E+000
     11.79000000  0.560385709624778E-003  0.259365423793899E-003  0.235713022032412E-001 -0.158483255839033E-003  0.393498678780846E-004  0.958627832456112E-001  0.100302549092825E+001  0.999248799706552E+000 -0.830048098966258E+000  0.106979243442072E-001  0.495136052471472E-002  0.449982937347853E+000
     11.80000000  0.569293331607264E-003  0.239821152532687E-003  0.235238891312407E-001 -0.139395994115083E-003  0.354654330739984E-004  0.957808362580969E-001  0.100265885443547E+001  0.999323528451207E+000 -0.826934144945596E+000  0.108587632624185E-001  0.457437488916406E-002  0.448697233755308E+000
     11.81000000  0.570205808854603E-003  0.221654982181815E-003  0.234758327255489E-001 -0.119686371420442E-003  0.265236469708836E-004  0.957000128922540E-001  0.100228097790471E+001  0.999494513435616E+000 -0.823846878279337E+000  0.108669586662134E-001  0.422429146130332E-002  0.447401446849396E+000
     11.82000000  0.563661143700591E-003  0.206206756719066E-003  0.234256262954040E-001 -0.102892054174928E-003  0.133533114999775E-004  0.956206696435993E-001  0.100195925352446E+001  0.999745728444929E+000 -0.820793019561909E+000  0.107331425273805E-001  0.392655504944698E-002  0.446066912065309E+000
     11.83000000  0.551855747841830E-003  0.194423947023522E-003  0.233715822875313E-001 -0.920551068901928E-004 -0.283750929398357E-005  0.955419428580175E-001  0.100175141642194E+001  0.100005398571076E+001 -0.817756052415598E+000  0.104994633319375E-001  0.369905923895371E-002  0.444661620716918E+000
     11.84000000  0.538314131528336E-003  0.186709427514141E-003  0.233126576908226E-001 -0.888533896153241E-004 -0.206212918577635E-004  0.954618162412455E-001  0.100168907359692E+001  0.100039200394900E+001 -0.814697604952663E+000  0.102331738873262E-001  0.354928456500080E-002  0.443165924789293E+000
     11.85000000  0.527036161745683E-003  0.182836875448262E-003  0.232490830781262E-001 -0.929633996895390E-004 -0.386061058112209E-004  0.953776767320176E-001  0.100176571222029E+001  0.100073327000773E+001 -0.811568100040337E+000  0.100103287362385E-001  0.347273557526204E-002  0.441584432569667E+000
     11.86000000  0.521316758874973E-003  0.182000847975282E-003  0.231825516710774E-001 -0.101999433990178E-003 -0.557510512358694E-004  0.952871385892207E-001  0.100193570578633E+001  0.100105802187571E+001 -0.808322441747616E+000  0.989334770977568E-002  0.345394166183965E-002  0.439949494385649E+000
     11.87000000  0.522661046135115E-003  0.183049852879188E-003  0.231159091091741E-001 -0.112188285225106E-003 -0.716623200288780E-004  0.951888283781554E-001  0.100212727220938E+001  0.100135883404895E+001 -0.804934881084298E+000  0.991050283133615E-002  0.347092269196178E-002  0.438315203264940E+000
     11.88000000  0.530268076703268E-003  0.184901483354622E-003  0.230524704161268E-001 -0.119616227032075E-003 -0.867514840294762E-004  0.950828631018768E-001  0.100226620886719E+001  0.100164356448307E+001 -0.801407993090294E+000  0.100462809037461E-001  0.350308140902725E-002  0.436744362899488E+000
     11.89000000  0.541364977460387E-003  0.187056157520007E-003  0.229952067936896E-001 -0.121586406541863E-003 -0.102130116128779E-003  0.949708855709491E-001  0.100230159785461E+001  0.100193329552915E+001 -0.797773227266904E+000  0.102478928864063E-001  0.354092256761852E-002  0.435293057242028E+000
     11.90000000  0.552309825847005E-003  0.190032613270043E-003  0.229460603695053E-001 -0.117518982012590E-003 -0.119169749748970E-003  0.948556817677045E-001  0.100222273319228E+001  0.100225395552060E+001 -0.794083549150984E+000  0.104462901338180E-001  0.359424315883240E-002  0.433997718002498E+000
     11.91000000  0.560020083287865E-003  0.195495997411585E-003  0.229055721132277E-001 -0.108992702183538E-003 -0.138783886882542E-003  0.947405331404861E-001  0.100205973777504E+001  0.100262272985853E+001 -0.790401109681435E+000  0.105832271080393E-001  0.369447203959639E-002  0.432868175531575E+000
     11.92000000  0.563112601630681E-003  0.205896352559281E-003  0.228728873879390E-001 -0.989021926264071E-004 -0.160653227830220E-003  0.946285153615879E-001  0.100186747991647E+001  0.100303346840471E+001 -0.786783965755473E+000  0.106327417656705E-001  0.388775307268316E-002  0.431887875225925E+000
     11.93000000  0.562260091133763E-003  0.223603890225167E-003  0.228460828999906E-001 -0.901107893271035E-004 -0.182734752069970E-003  0.945219379908409E-001  0.100170005364517E+001  0.100344752147523E+001 -0.783275525934347E+000  0.106077454720153E-001  0.421856929108763E-002  0.431020156431497E+000
     11.94000000  0.559628645333411E-003  0.249770839322539E-003  0.228226761589454E-001 -0.842112248287649E-004 -0.201379480753747E-003  0.944220459028438E-001  0.100158742031104E+001  0.100379609581295E+001 -0.779898983550783E+000  0.105492572997175E-001  0.470829517386493E-002  0.430217940193904E+000
     11.95000000  0.557686601771042E-003  0.283356270203605E-003  0.228001529945048E-001 -0.809470889695155E-004 -0.212191744602094E-003  0.943290062169872E-001  0.100152461295387E+001  0.100399656475165E+001 -0.776657155122655E+000  0.105038516898329E-001  0.533692620219127E-002  0.429433708464992E+000
     11.96000000  0.557956668940556E-003  0.320793960313887E-003  0.227763784934208E-001 -0.785263794946487E-004 -0.211445643996353E-003  0.942421184842911E-001  0.100147778301399E+001  0.100397918232179E+001 -0.773536521033244E+000  0.105001515822788E-001  0.603700143305249E-002  0.428627239334516E+000
     11.97000000  0.560285686433814E-003  0.356597050950068E-003  0.227498228676338E-001 -0.746367785676567E-004 -0.197569636374600E-003  0.941601372482269E-001  0.100140341143699E+001  0.100371494446320E+001 -0.770513358949752E+000  0.105351725438153E-001  0.670517122128633E-002  0.427769823600642E+000
     11.98000000  0.562938008412282E-003  0.384822961516698E-003  0.227196071619440E-001 -0.676588456797963E-004 -0.172080617850186E-003  0.940815952144119E-001  0.100127114192087E+001  0.100323296806089E+001 -0.767559857962694E+000  0.105762091291432E-001  0.722986911147784E-002  0.426845075454059E+000
     11.99000000  0.563422304644589E-003  0.400923034793113E-003  0.226854256832134E-001 -0.575139547134009E-004 -0.139493831356283E-003  0.940050537418289E-001  0.100107964337345E+001  0.100261855738163E+001 -0.764648837819633E+000  0.105764794074080E-001  0.752606736809917E-002  0.425847424940235E+000
     12.00000000  0.559635725022182E-003  0.403269415354095E-003  0.226474156075922E-001 -0.457903822027511E-004 -0.106123993196938E-003  0.939292615347004E-001  0.100085885391160E+001  0.100199048364062E+001 -0.761756722755173E+000  0.104966438013308E-001  0.756380484604533E-002  0.424779627219427E+000
