##############################################################################
# SALMON: Scalable Ab-initio Light-Matter simulator for Optics and Nanoscience
#
#                             Version 2.2.1
##############################################################################
  Libxc: [enabled] 6.2.2
   theory= tddft_pulse
 
 Total time step      =       15000
 Time step[fs]        =  2.000000000000000E-003
 Energy range         =        3000
 Energy resolution[eV]=  1.000000000000000E-002
Laser frequency     = 0.17 1.50[eV]
Pulse width of laser=     12.00000000      5.80000000[fs]
Laser intensity     =  0.28000000E+10  0.60000000E+12[W/cm^2]
delay time          =      0.00000000[fs]
   use of real value orbitals =  F
 ======
 MPI distribution:
   nproc_k     :         125
   nproc_ob    :           4
   nproc_rgrid :           3           2           3
 OpenMP parallelization:
   number of threads :           1
 hpsi stencil:
   enables hand-coding vectorization : F
   enables openmp parallelization    : F
 current:
   k,orbital parallelized of openmp  : T
 force:
   k,orbital parallelized of openmp  : T
 ===================pseudopotential data===================
 ik ,atom_symbol=           1 Si
 ps_format =KY              
 ps_file =./Si_rps.dat
 Zps(ik), Mlps(ik) =           4           2
 Rps(ik), NRps(ik) =   2.26767135054939              122
 Lref(ik) =           2
 nproj(ik,l) =           1           1           1
 anorm(ik,l) =  0.6193218      0.3646551      0.0000000E+00
 inorm(ik,l) =           1           1           0
 Mass(ik) =   28.0000000000000     
 flag_nlcc_element(ik) = F
 ==========================================================
 flag_nlcc =  F
 
 ============init_ps==============
 end init_ps
 Maximal rho_NLCC= 0.000000000000000E+000
 Maximal tau_NLCC= 0.000000000000000E+000
 == Ewald ==
 cutoff length in real-space in ewald =  4.00 [A]
 (buffer length in bookkeeping =  2.00 [A])
 cutoff length in G-space in ewald =  0.1870828864+102 [1/A]
 number of ion-ion pair(/atom) used for allocation of bookkeeping=    68
 ===========
   Static dipole moment(xyz) =   -0.7051511049E+04   -0.7054501641E+04   -0.7038751177E+04
 
 
  time-step  time[fs]                               Current(xyz)[a.u.]      electrons Total energy[eV] 
#----------------------------------------------------------------------
      10    0.02000000 -0.89305225E-09 -0.42003253E-13 -0.52089344E-12   864.00000000   -23332.18209964
      20    0.04000000 -0.41254870E-08 -0.58919764E-12 -0.11543197E-11   864.00000000   -23332.18209964
      30    0.06000000 -0.10491817E-07 -0.18189014E-11 -0.27162978E-11   864.00000000   -23332.18209964
      40    0.08000000 -0.20704269E-07 -0.44252434E-11 -0.56168233E-11   864.00000000   -23332.18209963
      50    0.10000000 -0.35356903E-07 -0.92852709E-11 -0.11319059E-10   864.00000000   -23332.18209962
      60    0.12000000 -0.54916859E-07 -0.17772409E-10 -0.20977867E-10   863.99999999   -23332.18209959
      70    0.14000000 -0.79745425E-07 -0.30631363E-10 -0.35793514E-10   863.99999999   -23332.18209953
      80    0.16000000 -0.11010258E-06 -0.48955555E-10 -0.56041326E-10   863.99999999   -23332.18209943
      90    0.18000000 -0.14615806E-06 -0.72796475E-10 -0.81030434E-10   863.99999999   -23332.18209925
     100    0.20000000 -0.18800798E-06 -0.10229970E-09 -0.10926775E-09   863.99999999   -23332.18209896
     110    0.22000000 -0.23567480E-06 -0.13699314E-09 -0.13834611E-09   863.99999999   -23332.18209852
     120    0.24000000 -0.28910465E-06 -0.17590197E-09 -0.16505604E-09   863.99999999   -23332.18209788
     130    0.26000000 -0.34817318E-06 -0.21752392E-09 -0.18486548E-09   863.99999999   -23332.18209697
     140    0.28000000 -0.41268782E-06 -0.25917483E-09 -0.19238199E-09   863.99999999   -23332.18209573
     150    0.30000000 -0.48239285E-06 -0.29821748E-09 -0.18139369E-09   863.99999999   -23332.18209406
     160    0.32000000 -0.55697651E-06 -0.33144335E-09 -0.14517332E-09   863.99999999   -23332.18209186
     170    0.34000000 -0.63607984E-06 -0.35519429E-09 -0.76416463E-10   863.99999999   -23332.18208903
     180    0.36000000 -0.71930379E-06 -0.36545246E-09  0.32740109E-10   863.99999999   -23332.18208544
     190    0.38000000 -0.80621556E-06 -0.35829390E-09  0.19035546E-09   863.99999999   -23332.18208096
     200    0.40000000 -0.89635832E-06 -0.32984215E-09  0.40403491E-09   863.99999999   -23332.18207545
     210    0.42000000 -0.98926345E-06 -0.27641420E-09  0.68137274E-09   863.99999999   -23332.18206874
     220    0.44000000 -0.10844546E-05 -0.19431192E-09  0.10295819E-08   863.99999999   -23332.18206067
     230    0.46000000 -0.11814515E-05 -0.80224357E-10  0.14552979E-08   863.99999999   -23332.18205107
     240    0.48000000 -0.12797771E-05  0.69189504E-10  0.19646930E-08   863.99999999   -23332.18203976
     250    0.50000000 -0.13789638E-05  0.25681549E-09  0.25632173E-08   863.99999999   -23332.18202655
     260    0.52000000 -0.14785564E-05  0.48525309E-09  0.32556991E-08   863.99999999   -23332.18201123
     270    0.54000000 -0.15781140E-05  0.75667338E-09  0.40457606E-08   863.99999999   -23332.18199362
     280    0.56000000 -0.16772112E-05  0.10729158E-08  0.49362046E-08   863.99999999   -23332.18197351
     290    0.58000000 -0.17754385E-05  0.14352195E-08  0.59286193E-08   863.99999998   -23332.18195070
     300    0.60000000 -0.18724059E-05  0.18444181E-08  0.70236073E-08   863.99999998   -23332.18192498
     310    0.62000000 -0.19677477E-05  0.23008947E-08  0.82206965E-08   863.99999998   -23332.18189615
     320    0.64000000 -0.20611255E-05  0.28037920E-08  0.95181094E-08   863.99999998   -23332.18186402
     330    0.66000000 -0.21522299E-05  0.33521968E-08  0.10912965E-07   863.99999998   -23332.18182838
     340    0.68000000 -0.22407839E-05  0.39444830E-08  0.12401469E-07   863.99999998   -23332.18178905
     350    0.70000000 -0.23265446E-05  0.45784714E-08  0.13978750E-07   863.99999998   -23332.18174583
     360    0.72000000 -0.24093043E-05  0.52515336E-08  0.15639042E-07   863.99999998   -23332.18169856
     370    0.74000000 -0.24888916E-05  0.59604151E-08  0.17376013E-07   863.99999998   -23332.18164705
     380    0.76000000 -0.25651716E-05  0.67017055E-08  0.19182597E-07   863.99999998   -23332.18159114
     390    0.78000000 -0.26380424E-05  0.74714926E-08  0.21050880E-07   863.99999998   -23332.18153067
     400    0.80000000 -0.27074320E-05  0.82658285E-08  0.22972826E-07   863.99999998   -23332.18146551
     410    0.82000000 -0.27732984E-05  0.90803667E-08  0.24939906E-07   863.99999998   -23332.18139551
     420    0.84000000 -0.28356294E-05  0.99106428E-08  0.26943451E-07   863.99999998   -23332.18132054
     430    0.86000000 -0.28944411E-05  0.10752028E-07  0.28974464E-07   863.99999998   -23332.18124049
     440    0.88000000 -0.29497747E-05  0.11599810E-07  0.31023792E-07   863.99999998   -23332.18115524
     450    0.90000000 -0.30016971E-05  0.12449215E-07  0.33082020E-07   863.99999998   -23332.18106469
     460    0.92000000 -0.30502989E-05  0.13295213E-07  0.35139834E-07   863.99999998   -23332.18096874
     470    0.94000000 -0.30956922E-05  0.14132845E-07  0.37187649E-07   863.99999998   -23332.18086731
     480    0.96000000 -0.31380096E-05  0.14956921E-07  0.39215953E-07   863.99999998   -23332.18076031
     490    0.98000000 -0.31774007E-05  0.15762573E-07  0.41215306E-07   863.99999998   -23332.18064768
     500    1.00000000 -0.32140295E-05  0.16544771E-07  0.43176351E-07   863.99999998   -23332.18052934
     510    1.02000000 -0.32480714E-05  0.17298700E-07  0.45089906E-07   863.99999998   -23332.18040523
     520    1.04000000 -0.32797107E-05  0.18019785E-07  0.46947447E-07   863.99999997   -23332.18027528
     530    1.06000000 -0.33091368E-05  0.18703813E-07  0.48740562E-07   863.99999997   -23332.18013943
     540    1.08000000 -0.33365419E-05  0.19346562E-07  0.50461345E-07   863.99999997   -23332.17999762
     550    1.10000000 -0.33621190E-05  0.19944421E-07  0.52102352E-07   863.99999997   -23332.17984980
     560    1.12000000 -0.33860586E-05  0.20493699E-07  0.53656817E-07   863.99999997   -23332.17969590
     570    1.14000000 -0.34085472E-05  0.20991106E-07  0.55118411E-07   863.99999997   -23332.17953586
     580    1.16000000 -0.34297665E-05  0.21433519E-07  0.56481702E-07   863.99999997   -23332.17936963
     590    1.18000000 -0.34498924E-05  0.21818486E-07  0.57741517E-07   863.99999997   -23332.17919713
     600    1.20000000 -0.34690932E-05  0.22143361E-07  0.58893878E-07   863.99999997   -23332.17901830
     610    1.22000000 -0.34875277E-05  0.22406178E-07  0.59935114E-07   863.99999997   -23332.17883306
     620    1.24000000 -0.35053440E-05  0.22605201E-07  0.60862587E-07   863.99999997   -23332.17864135
     630    1.26000000 -0.35226792E-05  0.22739325E-07  0.61674297E-07   863.99999997   -23332.17844307
     640    1.28000000 -0.35396580E-05  0.22807748E-07  0.62369292E-07   863.99999997   -23332.17823816
     650    1.30000000 -0.35563929E-05  0.22810354E-07  0.62947384E-07   863.99999997   -23332.17802651
     660    1.32000000 -0.35729837E-05  0.22747498E-07  0.63409111E-07   863.99999997   -23332.17780804
     670    1.34000000 -0.35895170E-05  0.22619712E-07  0.63756039E-07   863.99999997   -23332.17758266
     680    1.36000000 -0.36060661E-05  0.22428349E-07  0.63990489E-07   863.99999997   -23332.17735025
     690    1.38000000 -0.36226913E-05  0.22174955E-07  0.64115633E-07   863.99999997   -23332.17711072
     700    1.40000000 -0.36394399E-05  0.21861456E-07  0.64135439E-07   863.99999997   -23332.17686397
     710    1.42000000 -0.36563463E-05  0.21490246E-07  0.64054440E-07   863.99999997   -23332.17660987
     720    1.44000000 -0.36734315E-05  0.21063872E-07  0.63878007E-07   863.99999997   -23332.17634833
     730    1.46000000 -0.36907040E-05  0.20585386E-07  0.63611752E-07   863.99999997   -23332.17607924
     740    1.48000000 -0.37081599E-05  0.20057839E-07  0.63262343E-07   863.99999997   -23332.17580247
     750    1.50000000 -0.37257842E-05  0.19484689E-07  0.62836425E-07   863.99999996   -23332.17551793
     760    1.52000000 -0.37435512E-05  0.18869624E-07  0.62341351E-07   863.99999996   -23332.17522550
     770    1.54000000 -0.37614267E-05  0.18216436E-07  0.61784580E-07   863.99999996   -23332.17492508
     780    1.56000000 -0.37793679E-05  0.17529238E-07  0.61173837E-07   863.99999996   -23332.17461657
     790    1.58000000 -0.37973238E-05  0.16812319E-07  0.60517109E-07   863.99999996   -23332.17429988
     800    1.60000000 -0.38152356E-05  0.16070133E-07  0.59822334E-07   863.99999996   -23332.17397490
     810    1.62000000 -0.38330373E-05  0.15307298E-07  0.59097490E-07   863.99999996   -23332.17364156
     820    1.64000000 -0.38506575E-05  0.14528423E-07  0.58350766E-07   863.99999996   -23332.17329979
     830    1.66000000 -0.38680199E-05  0.13738478E-07  0.57590154E-07   863.99999996   -23332.17294951
     840    1.68000000 -0.38850434E-05  0.12942231E-07  0.56823522E-07   863.99999996   -23332.17259068
     850    1.70000000 -0.39016438E-05  0.12144673E-07  0.56058727E-07   863.99999996   -23332.17222324
     860    1.72000000 -0.39177335E-05  0.11350599E-07  0.55303399E-07   863.99999996   -23332.17184717
     870    1.74000000 -0.39332236E-05  0.10564763E-07  0.54564923E-07   863.99999996   -23332.17146244
     880    1.76000000 -0.39480239E-05  0.97918817E-08  0.53850132E-07   863.99999996   -23332.17106904
     890    1.78000000 -0.39620443E-05  0.90362148E-08  0.53165771E-07   863.99999996   -23332.17066700
     900    1.80000000 -0.39751957E-05  0.83021522E-08  0.52517802E-07   863.99999996   -23332.17025632
     910    1.82000000 -0.39873920E-05  0.75934537E-08  0.51911993E-07   863.99999996   -23332.16983706
     920    1.84000000 -0.39985491E-05  0.69139481E-08  0.51353551E-07   863.99999996   -23332.16940926
     930    1.86000000 -0.40085871E-05  0.62671080E-08  0.50847237E-07   863.99999996   -23332.16897300
     940    1.88000000 -0.40174300E-05  0.56561050E-08  0.50397064E-07   863.99999996   -23332.16852836
     950    1.90000000 -0.40250064E-05  0.50839603E-08  0.50006695E-07   863.99999996   -23332.16807546
     960    1.92000000 -0.40312494E-05  0.45533405E-08  0.49679234E-07   863.99999996   -23332.16761442
     970    1.94000000 -0.40360982E-05  0.40668861E-08  0.49417216E-07   863.99999996   -23332.16714537
     980    1.96000000 -0.40394981E-05  0.36265905E-08  0.49222368E-07   863.99999995   -23332.16666847
     990    1.98000000 -0.40414009E-05  0.32343236E-08  0.49096032E-07   863.99999995   -23332.16618390
    1000    2.00000000 -0.40417653E-05  0.28917102E-08  0.49038658E-07   863.99999995   -23332.16569184
    1010    2.02000000 -0.40405571E-05  0.25998980E-08  0.49050350E-07   863.99999995   -23332.16519249
    1020    2.04000000 -0.40377498E-05  0.23597202E-08  0.49130440E-07   863.99999995   -23332.16468607
    1030    2.06000000 -0.40333241E-05  0.21716950E-08  0.49277641E-07   863.99999995   -23332.16417282
    1040    2.08000000 -0.40272678E-05  0.20360006E-08  0.49490105E-07   863.99999995   -23332.16365297
    1050    2.10000000 -0.40195760E-05  0.19522290E-08  0.49765218E-07   863.99999995   -23332.16312679
    1060    2.12000000 -0.40102504E-05  0.19197946E-08  0.50100072E-07   863.99999995   -23332.16259454
    1070    2.14000000 -0.39992997E-05  0.19378640E-08  0.50491068E-07   863.99999995   -23332.16205650
    1080    2.16000000 -0.39867386E-05  0.20050745E-08  0.50934199E-07   863.99999995   -23332.16151295
    1090    2.18000000 -0.39725880E-05  0.21197793E-08  0.51424875E-07   863.99999995   -23332.16096419
    1100    2.20000000 -0.39568738E-05  0.22800802E-08  0.51958354E-07   863.99999995   -23332.16041052
    1110    2.22000000 -0.39396266E-05  0.24836701E-08  0.52529522E-07   863.99999995   -23332.15985225
    1120    2.24000000 -0.39208814E-05  0.27281779E-08  0.53132731E-07   863.99999995   -23332.15928969
    1130    2.26000000 -0.39006765E-05  0.30107998E-08  0.53762595E-07   863.99999995   -23332.15872316
    1140    2.28000000 -0.38790536E-05  0.33285811E-08  0.54413244E-07   863.99999995   -23332.15815297
    1150    2.30000000 -0.38560567E-05  0.36782387E-08  0.55078491E-07   863.99999995   -23332.15757946
    1160    2.32000000 -0.38317321E-05  0.40563344E-08  0.55752184E-07   863.99999995   -23332.15700293
    1170    2.34000000 -0.38061275E-05  0.44591896E-08  0.56428201E-07   863.99999995   -23332.15642373
    1180    2.36000000 -0.37792916E-05  0.48829666E-08  0.57100370E-07   863.99999995   -23332.15584217
    1190    2.38000000 -0.37512738E-05  0.53234722E-08  0.57762428E-07   863.99999995   -23332.15525858
    1200    2.40000000 -0.37221229E-05  0.57765145E-08  0.58408307E-07   863.99999995   -23332.15467329
    1210    2.42000000 -0.36918874E-05  0.62378523E-08  0.59032261E-07   863.99999994   -23332.15408661
    1220    2.44000000 -0.36606139E-05  0.67032567E-08  0.59628708E-07   863.99999994   -23332.15349886
    1230    2.46000000 -0.36283473E-05  0.71684246E-08  0.60192280E-07   863.99999994   -23332.15291038
    1240    2.48000000 -0.35951301E-05  0.76291305E-08  0.60718141E-07   863.99999994   -23332.15232146
    1250    2.50000000 -0.35610018E-05  0.80813500E-08  0.61201740E-07   863.99999994   -23332.15173244
    1260    2.52000000 -0.35259983E-05  0.85211144E-08  0.61638862E-07   863.99999994   -23332.15114362
    1270    2.54000000 -0.34901523E-05  0.89445140E-08  0.62025735E-07   863.99999994   -23332.15055532
    1280    2.56000000 -0.34534921E-05  0.93479878E-08  0.62358998E-07   863.99999994   -23332.14996784
    1290    2.58000000 -0.34160424E-05  0.97278386E-08  0.62635748E-07   863.99999994   -23332.14938150
    1300    2.60000000 -0.33778238E-05  0.10080689E-07  0.62853542E-07   863.99999994   -23332.14879660
    1310    2.62000000 -0.33388524E-05  0.10403052E-07  0.63010276E-07   863.99999994   -23332.14821345
    1320    2.64000000 -0.32991406E-05  0.10691806E-07  0.63104312E-07   863.99999994   -23332.14763237
    1330    2.66000000 -0.32586970E-05  0.10943786E-07  0.63134446E-07   863.99999994   -23332.14705366
    1340    2.68000000 -0.32175263E-05  0.11156347E-07  0.63099917E-07   863.99999994   -23332.14647763
    1350    2.70000000 -0.31756302E-05  0.11326872E-07  0.63000624E-07   863.99999994   -23332.14590460
    1360    2.72000000 -0.31330063E-05  0.11453122E-07  0.62836668E-07   863.99999994   -23332.14533487
    1370    2.74000000 -0.30896494E-05  0.11533163E-07  0.62608635E-07   863.99999994   -23332.14476877
    1380    2.76000000 -0.30455506E-05  0.11565314E-07  0.62317545E-07   863.99999994   -23332.14420661
    1390    2.78000000 -0.30006989E-05  0.11548218E-07  0.61964938E-07   863.99999994   -23332.14364872
    1400    2.80000000 -0.29550803E-05  0.11480767E-07  0.61552525E-07   863.99999994   -23332.14309542
    1410    2.82000000 -0.29086795E-05  0.11362318E-07  0.61082367E-07   863.99999994   -23332.14254704
    1420    2.84000000 -0.28614790E-05  0.11192405E-07  0.60556758E-07   863.99999994   -23332.14200392
    1430    2.86000000 -0.28134605E-05  0.10970907E-07  0.59978460E-07   863.99999994   -23332.14146639
    1440    2.88000000 -0.27646046E-05  0.10698030E-07  0.59350117E-07   863.99999993   -23332.14093479
    1450    2.90000000 -0.27148916E-05  0.10374425E-07  0.58674694E-07   863.99999993   -23332.14040948
    1460    2.92000000 -0.26643016E-05  0.10000881E-07  0.57955139E-07   863.99999993   -23332.13989080
    1470    2.94000000 -0.26128152E-05  0.95783350E-08  0.57194338E-07   863.99999993   -23332.13937910
    1480    2.96000000 -0.25604136E-05  0.91082877E-08  0.56395213E-07   863.99999993   -23332.13887476
    1490    2.98000000 -0.25070793E-05  0.85922260E-08  0.55560653E-07   863.99999993   -23332.13837811
    1500    3.00000000 -0.24527959E-05  0.80318481E-08  0.54693432E-07   863.99999993   -23332.13788954
    1510    3.02000000 -0.23975490E-05  0.74292890E-08  0.53796250E-07   863.99999993   -23332.13740941
    1520    3.04000000 -0.23413265E-05  0.67868905E-08  0.52871514E-07   863.99999993   -23332.13693810
    1530    3.06000000 -0.22841190E-05  0.61072973E-08  0.51921849E-07   863.99999993   -23332.13647596
    1540    3.08000000 -0.22259198E-05  0.53935725E-08  0.50949414E-07   863.99999993   -23332.13602337
    1550    3.10000000 -0.21667255E-05  0.46486329E-08  0.49956461E-07   863.99999993   -23332.13558071
    1560    3.12000000 -0.21065355E-05  0.38758994E-08  0.48952950E-07   863.99999993   -23332.13514834
    1570    3.14000000 -0.20453532E-05  0.30788154E-08  0.48020788E-07   863.99999993   -23332.13472663
    1580    3.16000000 -0.19831852E-05  0.22611582E-08  0.47286995E-07   863.99999993   -23332.13431595
    1590    3.18000000 -0.19200417E-05  0.14265830E-08  0.46779451E-07   863.99999993   -23332.13391665
    1600    3.20000000 -0.18559365E-05  0.57859840E-09  0.46284602E-07   863.99999993   -23332.13352910
    1610    3.22000000 -0.17908872E-05 -0.27896067E-09  0.45217078E-07   863.99999993   -23332.13315364
    1620    3.24000000 -0.17249150E-05 -0.11426830E-08  0.42506953E-07   863.99999993   -23332.13279061
    1630    3.26000000 -0.16580453E-05 -0.20092348E-08  0.36509964E-07   863.99999993   -23332.13244036
    1640    3.28000000 -0.15903071E-05 -0.28758954E-08  0.24942995E-07   863.99999993   -23332.13210320
    1650    3.30000000 -0.15217335E-05 -0.37399614E-08  0.48450003E-08   863.99999993   -23332.13177944
    1660    3.32000000 -0.14523615E-05 -0.45995594E-08 -0.27435104E-07   863.99999993   -23332.13146937
    1670    3.34000000 -0.13822323E-05 -0.54529741E-08 -0.76225745E-07   863.99999992   -23332.13117323
    1680    3.36000000 -0.13113903E-05 -0.62989242E-08 -0.14649649E-06   863.99999992   -23332.13089117
    1690    3.38000000 -0.12398827E-05 -0.71363484E-08 -0.24379742E-06   863.99999992   -23332.13062326
    1700    3.40000000 -0.11677588E-05 -0.79639649E-08 -0.37417530E-06   863.99999992   -23332.13036934
    1710    3.42000000 -0.10950687E-05 -0.87803317E-08 -0.54406787E-06   863.99999992   -23332.13012899
    1720    3.44000000 -0.10218622E-05 -0.95827537E-08 -0.76017697E-06   863.99999992   -23332.12990139
    1730    3.46000000 -0.94818767E-06 -0.10367382E-07 -0.10293228E-05   863.99999992   -23332.12968510
    1740    3.48000000 -0.87409081E-06 -0.11128242E-07 -0.13582814E-05   863.99999992   -23332.12947795
    1750    3.50000000 -0.79961273E-06 -0.11856993E-07 -0.17536095E-05   863.99999992   -23332.12927671
    1760    3.52000000 -0.72478899E-06 -0.12542164E-07 -0.22214573E-05   863.99999992   -23332.12907684
    1770    3.54000000 -0.64964805E-06 -0.13168514E-07 -0.27673757E-05   863.99999992   -23332.12887221
    1780    3.56000000 -0.57420997E-06 -0.13716584E-07 -0.33961185E-05   863.99999992   -23332.12865470
    1790    3.58000000 -0.49848525E-06 -0.14162204E-07 -0.41114471E-05   863.99999992   -23332.12841390
    1800    3.60000000 -0.42247381E-06 -0.14475770E-07 -0.49159378E-05   863.99999992   -23332.12813680
    1810    3.62000000 -0.34616411E-06 -0.14622397E-07 -0.58107977E-05   863.99999992   -23332.12780750
    1820    3.64000000 -0.26953247E-06 -0.14561146E-07 -0.67956922E-05   863.99999992   -23332.12740694
    1830    3.66000000 -0.19254315E-06 -0.14245391E-07 -0.78685861E-05   863.99999992   -23332.12691288
    1840    3.68000000 -0.11514803E-06 -0.13622543E-07 -0.90256040E-05   863.99999992   -23332.12629984
    1850    3.70000000 -0.37287277E-07 -0.12634547E-07 -0.10260911E-04   863.99999992   -23332.12553930
    1860    3.72000000  0.41110014E-07 -0.11218225E-07 -0.11566615E-04   863.99999992   -23332.12460004
    1870    3.74000000  0.12012451E-06 -0.93058519E-08 -0.12932696E-04   863.99999992   -23332.12344878
    1880    3.76000000  0.19984519E-06 -0.68259995E-08 -0.14346961E-04   863.99999992   -23332.12205093
    1890    3.78000000  0.28036708E-06 -0.37044813E-08 -0.15795027E-04   863.99999991   -23332.12037169
    1900    3.80000000  0.36178940E-06  0.13446474E-09 -0.17260341E-04   863.99999991   -23332.11837733
    1910    3.82000000  0.44421277E-06  0.47666816E-08 -0.18724219E-04   863.99999991   -23332.11603672
    1920    3.84000000  0.52773585E-06  0.10266518E-07 -0.20165934E-04   863.99999991   -23332.11332306
    1930    3.86000000  0.61245251E-06  0.16705355E-07 -0.21562824E-04   863.99999991   -23332.11021573
    1940    3.88000000  0.69844796E-06  0.24149291E-07 -0.22890440E-04   863.99999991   -23332.10670224
    1950    3.90000000  0.78579534E-06  0.32657390E-07 -0.24122726E-04   863.99999991   -23332.10278022
    1960    3.92000000  0.87455202E-06  0.42279422E-07 -0.25232230E-04   863.99999991   -23332.09845923
    1970    3.94000000  0.96475630E-06  0.53053751E-07 -0.26190344E-04   863.99999991   -23332.09376247
    1980    3.96000000  0.10564236E-05  0.65004804E-07 -0.26967578E-04   863.99999991   -23332.08872807
    1990    3.98000000  0.11495430E-05  0.78140998E-07 -0.27533849E-04   863.99999991   -23332.08340997
    2000    4.00000000  0.12440747E-05  0.92452341E-07 -0.27858809E-04   863.99999991   -23332.07787826
    2010    4.02000000  0.13399463E-05  0.10790827E-06 -0.27912178E-04   863.99999991   -23332.07221868
    2020    4.04000000  0.14370516E-05  0.12445564E-06 -0.27664105E-04   863.99999991   -23332.06653140
    2030    4.06000000  0.15352478E-05  0.14201649E-06 -0.27085537E-04   863.99999991   -23332.06092879
    2040    4.08000000  0.16343538E-05  0.16048669E-06 -0.26148603E-04   863.99999991   -23332.05553218
    2050    4.10000000  0.17341495E-05  0.17973420E-06 -0.24827001E-04   863.99999991   -23332.05046747
    2060    4.12000000  0.18343748E-05  0.19959801E-06 -0.23096389E-04   863.99999991   -23332.04585970
    2070    4.14000000  0.19347295E-05  0.21988718E-06 -0.20934770E-04   863.99999991   -23332.04182643
    2080    4.16000000  0.20348741E-05  0.24038045E-06 -0.18322880E-04   863.99999991   -23332.03847013
    2090    4.18000000  0.21344310E-05  0.26082618E-06 -0.15244554E-04   863.99999991   -23332.03586951
    2100    4.20000000  0.22329861E-05  0.28094246E-06 -0.11687081E-04   863.99999991   -23332.03407020
    2110    4.22000000  0.23300916E-05  0.30041792E-06 -0.76415464E-05   863.99999991   -23332.03307467
    2120    4.24000000  0.24252693E-05  0.31891302E-06 -0.31031368E-05   863.99999990   -23332.03283193
    2130    4.26000000  0.25180141E-05  0.33606171E-06  0.19285721E-05   863.99999990   -23332.03322715
    2140    4.28000000  0.26077983E-05  0.35147353E-06  0.74493646E-05   863.99999990   -23332.03407150
    2150    4.30000000  0.26940759E-05  0.36473649E-06  0.13450168E-04   863.99999990   -23332.03509279
    2160    4.32000000  0.27762879E-05  0.37541984E-06  0.19916876E-04   863.99999990   -23332.03592711
    2170    4.34000000  0.28538670E-05  0.38307855E-06  0.26830210E-04   863.99999990   -23332.03611195
    2180    4.36000000  0.29262434E-05  0.38725644E-06  0.34165631E-04   863.99999990   -23332.03508131
    2190    4.38000000  0.29928498E-05  0.38749173E-06  0.41893288E-04   863.99999990   -23332.03216305
    2200    4.40000000  0.30531267E-05  0.38332150E-06  0.49978028E-04   863.99999990   -23332.02657902
    2210    4.42000000  0.31065279E-05  0.37428743E-06  0.58379443E-04   863.99999990   -23332.01744817
    2220    4.44000000  0.31525254E-05  0.35994094E-06  0.67051975E-04   863.99999990   -23332.00379310
    2230    4.46000000  0.31906142E-05  0.33984994E-06  0.75945077E-04   863.99999990   -23331.98455006
    2240    4.48000000  0.32203172E-05  0.31360449E-06  0.85003412E-04   863.99999990   -23331.95858270
    2250    4.50000000  0.32411891E-05  0.28082328E-06  0.94167123E-04   863.99999990   -23331.92469954
    2260    4.52000000  0.32528202E-05  0.24116011E-06  0.10337214E-03   863.99999990   -23331.88167508
    2270    4.54000000  0.32548404E-05  0.19431024E-06  0.11255054E-03   863.99999990   -23331.82827437
    2280    4.56000000  0.32469216E-05  0.14001696E-06  0.12163098E-03   863.99999990   -23331.76328070
    2290    4.58000000  0.32287814E-05  0.78077848E-07  0.13053913E-03   863.99999990   -23331.68552603
    2300    4.60000000  0.32001844E-05  0.83510159E-08  0.13919822E-03   863.99999990   -23331.59392354
    2310    4.62000000  0.31609457E-05 -0.69239279E-07  0.14752956E-03   863.99999990   -23331.48750166
    2320    4.64000000  0.31109317E-05 -0.15469673E-06  0.15545315E-03   863.99999990   -23331.36543874
    2330    4.66000000  0.30500634E-05 -0.24794799E-06  0.16288834E-03   863.99999989   -23331.22709757
    2340    4.68000000  0.29783182E-05 -0.34883801E-06  0.16975446E-03   863.99999989   -23331.07205866
    2350    4.70000000  0.28957325E-05 -0.45712576E-06  0.17597153E-03   863.99999989   -23330.90015139
    2360    4.72000000  0.28024052E-05 -0.57248074E-06  0.18146100E-03   863.99999989   -23330.71148190
    2370    4.74000000  0.26985013E-05 -0.69448002E-06  0.18614648E-03   863.99999989   -23330.50645673
    2380    4.76000000  0.25842562E-05 -0.82260650E-06  0.18995447E-03   863.99999989   -23330.28580116
    2390    4.78000000  0.24599809E-05 -0.95624757E-06  0.19281514E-03   863.99999989   -23330.05057125
    2400    4.80000000  0.23260684E-05 -0.10946950E-05  0.19466307E-03   863.99999989   -23329.80215890
    2410    4.82000000  0.21830003E-05 -0.12371457E-05  0.19543797E-03   863.99999989   -23329.54228893
    2420    4.84000000  0.20313540E-05 -0.13827038E-05  0.19508540E-03   863.99999989   -23329.27300789
    2430    4.86000000  0.18718120E-05 -0.15303840E-05  0.19355743E-03   863.99999989   -23328.99666400
    2440    4.88000000  0.17051701E-05 -0.16791156E-05  0.19081327E-03   863.99999989   -23328.71587824
    2450    4.90000000  0.15323469E-05 -0.18277489E-05  0.18681986E-03   863.99999989   -23328.43350651
    2460    4.92000000  0.13543927E-05 -0.19750616E-05  0.18155232E-03   863.99999989   -23328.15259338
    2470    4.94000000  0.11724988E-05 -0.21197677E-05  0.17499444E-03   863.99999988   -23327.87631779
    2480    4.96000000  0.98800561E-06 -0.22605267E-05  0.16713898E-03   863.99999988   -23327.60793174
    2490    4.98000000  0.80240901E-06 -0.23959553E-05  0.15798791E-03   863.99999988   -23327.35069300
    2500    5.00000000  0.61736602E-06 -0.25246391E-05  0.14755261E-03   863.99999988   -23327.10779312
    2510    5.02000000  0.43469693E-06 -0.26451462E-05  0.13585386E-03   863.99999988   -23326.88228223
    2520    5.04000000  0.25638558E-06 -0.27560409E-05  0.12292182E-03   863.99999988   -23326.67699250
    2530    5.06000000  0.84575339E-07 -0.28558998E-05  0.10879587E-03   863.99999988   -23326.49446179
    2540    5.08000000 -0.78438021E-07 -0.29433265E-05  0.93524323E-04   863.99999988   -23326.33685954
    2550    5.10000000 -0.23021833E-06 -0.30169679E-05  0.77164104E-04   863.99999988   -23326.20591677
    2560    5.12000000 -0.36820526E-06 -0.30755301E-05  0.59780295E-04   863.99999988   -23326.10286194
    2570    5.14000000 -0.48973541E-06 -0.31177940E-05  0.41445632E-04   863.99999988   -23326.02836454
    2580    5.16000000 -0.59206821E-06 -0.31426300E-05  0.22239935E-04   863.99999988   -23325.98248796
    2590    5.18000000 -0.67241669E-06 -0.31490125E-05  0.22494941E-05   863.99999987   -23325.96465315
    2600    5.20000000 -0.72798233E-06 -0.31360320E-05 -0.18433574E-04   863.99999987   -23325.97361412
    2610    5.22000000 -0.75599399E-06 -0.31029063E-05 -0.39711976E-04   863.99999987   -23326.00744650
    2620    5.24000000 -0.75375053E-06 -0.30489903E-05 -0.61483895E-04   863.99999987   -23326.06354951
    2630    5.26000000 -0.71866542E-06 -0.29737817E-05 -0.83643614E-04   863.99999987   -23326.13866205
    2640    5.28000000 -0.64831324E-06 -0.28769270E-05 -0.10608211E-03   863.99999987   -23326.22889275
    2650    5.30000000 -0.54047685E-06 -0.27582238E-05 -0.12868762E-03   863.99999987   -23326.32976401
    2660    5.32000000 -0.39319418E-06 -0.26176211E-05 -0.15134610E-03   863.99999987   -23326.43626941
    2670    5.34000000 -0.20480291E-06 -0.24552173E-05 -0.17394172E-03   863.99999987   -23326.54294391
    2680    5.36000000  0.26017123E-07 -0.22712570E-05 -0.19635721E-03   863.99999987   -23326.64394582
    2690    5.38000000  0.30020541E-06 -0.20661254E-05 -0.21847420E-03   863.99999987   -23326.73314955
    2700    5.40000000  0.61828692E-06 -0.18403419E-05 -0.24017354E-03   863.99999987   -23326.80424755
    2710    5.42000000  0.98034410E-06 -0.15945527E-05 -0.26133553E-03   863.99999987   -23326.85086026
    2720    5.44000000  0.13859944E-05 -0.13295231E-05 -0.28184024E-03   863.99999987   -23326.86665219
    2730    5.46000000  0.18343747E-05 -0.10461301E-05 -0.30156769E-03   863.99999987   -23326.84545244
    2740    5.48000000  0.23241329E-05 -0.74535531E-06 -0.32039820E-03   863.99999987   -23326.78137775
    2750    5.50000000  0.28534258E-05 -0.42827980E-06 -0.33821274E-03   863.99999987   -23326.66895590
    2760    5.52000000  0.34199237E-05 -0.96079413E-07 -0.35489334E-03   863.99999986   -23326.50324750
    2770    5.54000000  0.40208215E-05  0.24997685E-06 -0.37032361E-03   863.99999986   -23326.27996355
    2780    5.56000000  0.46528556E-05  0.60852693E-06 -0.38438939E-03   863.99999986   -23325.99557674
    2790    5.58000000  0.53123265E-05  0.97811343E-06 -0.39697950E-03   863.99999986   -23325.64742365
    2800    5.60000000  0.59951241E-05  0.13571789E-05 -0.40798666E-03   863.99999986   -23325.23379551
    2810    5.62000000  0.66967602E-05  0.17440596E-05 -0.41730855E-03   863.99999986   -23324.75401492
    2820    5.64000000  0.74124005E-05  0.21369763E-05 -0.42484898E-03   863.99999986   -23324.20849598
    2830    5.66000000  0.81369028E-05  0.25340255E-05 -0.43051921E-03   863.99999986   -23323.59878546
    2840    5.68000000  0.88648548E-05  0.29331690E-05 -0.43423941E-03   863.99999986   -23322.92758292
    2850    5.70000000  0.95906166E-05  0.33322239E-05 -0.43594015E-03   863.99999986   -23322.19873768
    2860    5.72000000  0.10308363E-04  0.37288541E-05 -0.43556402E-03   863.99999986   -23321.41722143
    2870    5.74000000  0.11012129E-04  0.41205635E-05 -0.43306717E-03   863.99999986   -23320.58907533
    2880    5.76000000  0.11695859E-04  0.45046934E-05 -0.42842091E-03   863.99999986   -23319.72133124
    2890    5.78000000  0.12353455E-04  0.48784229E-05 -0.42161318E-03   863.99999985   -23318.82190750
    2900    5.80000000  0.12978834E-04  0.52387767E-05 -0.41264991E-03   863.99999985   -23317.89948037
    2910    5.82000000  0.13565983E-04  0.55826376E-05 -0.40155616E-03   863.99999985   -23316.96333289
    2920    5.84000000  0.14109022E-04  0.59067680E-05 -0.38837704E-03   863.99999985   -23316.02318417
    2930    5.86000000  0.14602272E-04  0.62078391E-05 -0.37317828E-03   863.99999985   -23315.08900251
    2940    5.88000000  0.15040325E-04  0.64824691E-05 -0.35604654E-03   863.99999985   -23314.17080681
    2950    5.90000000  0.15418120E-04  0.67272705E-05 -0.33708921E-03   863.99999984   -23313.27846125
    2960    5.92000000  0.15731023E-04  0.69389068E-05 -0.31643382E-03   863.99999984   -23312.42146880
    2970    5.94000000  0.15974913E-04  0.71141575E-05 -0.29422702E-03   863.99999984   -23311.60876950
    2980    5.96000000  0.16146263E-04  0.72499912E-05 -0.27063301E-03   863.99999984   -23310.84854950
    2990    5.98000000  0.16242231E-04  0.73436438E-05 -0.24583161E-03   863.99999984   -23310.14806674
    3000    6.00000000  0.16260742E-04  0.73927022E-05 -0.22001576E-03   863.99999984   -23309.51349902
    3010    6.02000000  0.16200569E-04  0.73951887E-05 -0.19338868E-03   863.99999983   -23308.94981922
    3020    6.04000000  0.16061403E-04  0.73496448E-05 -0.16616069E-03   863.99999983   -23308.46070187
    3030    6.06000000  0.15843923E-04  0.72552092E-05 -0.13854567E-03   863.99999983   -23308.04846403
    3040    6.08000000  0.15549834E-04  0.71116885E-05 -0.11075741E-03   863.99999983   -23307.71404239
    3050    6.10000000  0.15181910E-04  0.69196152E-05 -0.83005823E-04   863.99999983   -23307.45700686
    3060    6.12000000  0.14743997E-04  0.66802897E-05 -0.55493191E-04   863.99999983   -23307.27560965
    3070    6.14000000  0.14241003E-04  0.63958030E-05 -0.28410550E-04   863.99999982   -23307.16686755
    3080    6.16000000  0.13678863E-04  0.60690374E-05 -0.19343545E-05   863.99999982   -23307.12667368
    3090    6.18000000  0.13064466E-04  0.57036429E-05  0.23776492E-04   863.99999982   -23307.14993373
    3100    6.20000000  0.12405567E-04  0.53039865E-05  0.48583101E-04   863.99999982   -23307.23072129
    3110    6.22000000  0.11710662E-04  0.48750779E-05  0.72368478E-04   863.99999982   -23307.36244563
    3120    6.24000000  0.10988838E-04  0.44224683E-05  0.95038733E-04   863.99999982   -23307.53802574
    3130    6.26000000  0.10249601E-04  0.39521286E-05  0.11652357E-03   863.99999982   -23307.75006378
    3140    6.28000000  0.95026861E-05  0.34703073E-05  0.13677602E-03   863.99999981   -23307.99101225
    3150    6.30000000  0.87578492E-05  0.29833758E-05  0.15577147E-03   863.99999981   -23308.25332935
    3160    6.32000000  0.80246530E-05  0.24976639E-05  0.17350589E-03   863.99999981   -23308.52961830
    3170    6.34000000  0.73122530E-05  0.20192942E-05  0.18999353E-03   863.99999981   -23308.81274751
    3180    6.36000000  0.66291886E-05  0.15540196E-05  0.20526394E-03   863.99999981   -23309.09594977
    3190    6.38000000  0.59831899E-05  0.11070730E-05  0.21935867E-03   863.99999981   -23309.37290001
    3200    6.40000000  0.53810036E-05  0.68303202E-06  0.23232750E-03   863.99999981   -23309.63777225
    3210    6.42000000  0.48282489E-05  0.28570688E-06  0.24422471E-03   863.99999981   -23309.88527781
    3220    6.44000000  0.43293044E-05 -0.81946098E-07  0.25510516E-03   863.99999981   -23310.11068730
    3230    6.46000000  0.38872340E-05 -0.41788195E-06  0.26502063E-03   863.99999981   -23310.30983983
    3240    6.48000000  0.35037506E-05 -0.72099288E-06  0.27401644E-03   863.99999980   -23310.47914306
    3250    6.50000000  0.31792224E-05 -0.99110338E-06  0.28212850E-03   863.99999980   -23310.61556762
    3260    6.52000000  0.29127170E-05 -0.12289349E-05  0.28938088E-03   863.99999980   -23310.71663930
    3270    6.54000000  0.27020851E-05 -0.14360414E-05  0.29578409E-03   863.99999980   -23310.78043161
    3280    6.56000000  0.25440781E-05 -0.16147216E-05  0.30133395E-03   863.99999980   -23310.80556083
    3290    6.58000000  0.24344942E-05 -0.17679074E-05  0.30601134E-03   863.99999980   -23310.79118448
    3300    6.60000000  0.23683500E-05 -0.18990385E-05  0.30978254E-03   863.99999980   -23310.73700345
    3310    6.62000000  0.23400687E-05 -0.20119227E-05  0.31260033E-03   863.99999980   -23310.64326712
    3320    6.64000000  0.23436818E-05 -0.21105921E-05  0.31440580E-03   863.99999980   -23310.51077974
    3330    6.66000000  0.23730339E-05 -0.21991557E-05  0.31513060E-03   863.99999980   -23310.34090617
    3340    6.68000000  0.24219881E-05 -0.22816557E-05  0.31469973E-03   863.99999980   -23310.13557416
    3350    6.70000000  0.24846231E-05 -0.23619316E-05  0.31303470E-03   863.99999980   -23309.89727073
    3360    6.72000000  0.25554198E-05 -0.24434945E-05  0.31005685E-03   863.99999980   -23309.62902958
    3370    6.74000000  0.26294295E-05 -0.25294166E-05  0.30569088E-03   863.99999980   -23309.33440762
    3380    6.76000000  0.27024223E-05 -0.26222366E-05  0.29986824E-03   863.99999980   -23309.01744827
    3390    6.78000000  0.27710112E-05 -0.27238841E-05  0.29253049E-03   863.99999979   -23308.68263084
    3400    6.80000000  0.28327498E-05 -0.28356239E-05  0.28363236E-03   863.99999979   -23308.33480509
    3410    6.82000000  0.28862027E-05 -0.29580208E-05  0.27314454E-03   863.99999979   -23307.97911188
    3420    6.84000000  0.29309869E-05 -0.30909252E-05  0.26105595E-03   863.99999979   -23307.62089088
    3430    6.86000000  0.29677842E-05 -0.32334804E-05  0.24737567E-03   863.99999979   -23307.26557756
    3440    6.88000000  0.29983257E-05 -0.33841484E-05  0.23213423E-03   863.99999979   -23306.91859238
    3450    6.90000000  0.30253495E-05 -0.35407574E-05  0.21538444E-03   863.99999979   -23306.58522528
    3460    6.92000000  0.30525315E-05 -0.37005654E-05  0.19720159E-03   863.99999979   -23306.27051949
    3470    6.94000000  0.30843934E-05 -0.38603423E-05  0.17768317E-03   863.99999979   -23305.97915841
    3480    6.96000000  0.31261883E-05 -0.40164654E-05  0.15694800E-03   863.99999979   -23305.71535958
    3490    6.98000000  0.31837673E-05 -0.41650275E-05  0.13513486E-03   863.99999978   -23305.48277951
    3500    7.00000000  0.32634279E-05 -0.43019546E-05  0.11240075E-03   863.99999978   -23305.28443268
    3510    7.02000000  0.33717493E-05 -0.44231282E-05  0.88918613E-04   863.99999978   -23305.12262756
    3520    7.04000000  0.35154151E-05 -0.45245102E-05  0.64874857E-04   863.99999978   -23304.99892193
    3530    7.06000000  0.37010268E-05 -0.46022652E-05  0.40466525E-04   863.99999978   -23304.91409881
    3540    7.08000000  0.39349127E-05 -0.46528756E-05  0.15898304E-04   863.99999978   -23304.86816377
    3550    7.10000000  0.42229333E-05 -0.46732460E-05 -0.86206064E-05   863.99999978   -23304.86036337
    3560    7.12000000  0.45702901E-05 -0.46607929E-05 -0.32879660E-04   863.99999978   -23304.88922389
    3570    7.14000000  0.49813395E-05 -0.46135156E-05 -0.56670127E-04   863.99999978   -23304.95260865
    3580    7.16000000  0.54594176E-05 -0.45300480E-05 -0.79788165E-04   863.99999977   -23305.04779168
    3590    7.18000000  0.60066816E-05 -0.44096871E-05 -0.10203775E-03   863.99999977   -23305.17154485
    3600    7.20000000  0.66239707E-05 -0.42524014E-05 -0.12323339E-03   863.99999977   -23305.32023544
    3610    7.22000000  0.73106933E-05 -0.40588165E-05 -0.14320263E-03   863.99999977   -23305.48993063
    3620    7.24000000  0.80647430E-05 -0.38301839E-05 -0.16178822E-03   863.99999977   -23305.67650539
    3630    7.26000000  0.88824492E-05 -0.35683322E-05 -0.17885001E-03   863.99999977   -23305.87575037
    3640    7.28000000  0.97585628E-05 -0.32756073E-05 -0.19426647E-03   863.99999977   -23306.08347640
    3650    7.30000000  0.10686281E-04 -0.29548028E-05 -0.20793588E-03   863.99999977   -23306.29561266
    3660    7.32000000  0.11657311E-04 -0.26090869E-05 -0.21977712E-03   863.99999977   -23306.50829582
    3670    7.34000000  0.12661972E-04 -0.22419276E-05 -0.22973017E-03   863.99999977   -23306.71794806
    3680    7.36000000  0.13689333E-04 -0.18570196E-05 -0.23775617E-03   863.99999977   -23306.92134226
    3690    7.38000000  0.14727392E-04 -0.14582163E-05 -0.24383722E-03   863.99999976   -23307.11565319
    3700    7.40000000  0.15763274E-04 -0.10494676E-05 -0.24797580E-03   863.99999976   -23307.29849424
    3710    7.42000000  0.16783471E-04 -0.63476333E-06 -0.25019396E-03   863.99999976   -23307.46793954
    3720    7.44000000  0.17774097E-04 -0.21808498E-06 -0.25053223E-03   863.99999976   -23307.62253190
    3730    7.46000000  0.18721154E-04  0.19663823E-06 -0.24904824E-03   863.99999976   -23307.76127746
    3740    7.48000000  0.19610826E-04  0.60556681E-06 -0.24581527E-03   863.99999976   -23307.88362835
    3750    7.50000000  0.20429754E-04  0.10049859E-05 -0.24092051E-03   863.99999976   -23307.98945465
    3760    7.52000000  0.21165332E-04  0.13913375E-05 -0.23446336E-03   863.99999976   -23308.07900771
    3770    7.54000000  0.21805974E-04  0.17612508E-05 -0.22655349E-03   863.99999976   -23308.15287647
    3780    7.56000000  0.22341370E-04  0.21115726E-05 -0.21730897E-03   863.99999976   -23308.21193877
    3790    7.58000000  0.22762720E-04  0.24393963E-05 -0.20685441E-03   863.99999976   -23308.25730964
    3800    7.60000000  0.23062932E-04  0.27420905E-05 -0.19531908E-03   863.99999976   -23308.29028828
    3810    7.62000000  0.23236782E-04  0.30173253E-05 -0.18283512E-03   863.99999976   -23308.31230549
    3820    7.64000000  0.23281029E-04  0.32630958E-05 -0.16953590E-03   863.99999976   -23308.32487304
    3830    7.66000000  0.23194494E-04  0.34777410E-05 -0.15555445E-03   863.99999975   -23308.32953628
    3840    7.68000000  0.22978074E-04  0.36599571E-05 -0.14102209E-03   863.99999975   -23308.32783093
    3850    7.70000000  0.22634721E-04  0.38088034E-05 -0.12606722E-03   863.99999975   -23308.32124497
    3860    7.72000000  0.22169365E-04  0.39237014E-05 -0.11081425E-03   863.99999975   -23308.31118607
    3870    7.74000000  0.21588800E-04  0.40044251E-05 -0.95382750E-04   863.99999975   -23308.29895488
    3880    7.76000000  0.20901520E-04  0.40510845E-05 -0.79886776E-04   863.99999975   -23308.28572431
    3890    7.78000000  0.20117529E-04  0.40641028E-05 -0.64434339E-04   863.99999975   -23308.27252460
    3900    7.80000000  0.19248126E-04  0.40441880E-05 -0.49127053E-04   863.99999975   -23308.26023397
    3910    7.82000000  0.18305659E-04  0.39923025E-05 -0.34059905E-04   863.99999975   -23308.24957445
    3920    7.84000000  0.17303278E-04  0.39096307E-05 -0.19321154E-04   863.99999975   -23308.24111231
    3930    7.86000000  0.16254683E-04  0.37975485E-05 -0.49923154E-05   863.99999975   -23308.23526262
    3940    7.88000000  0.15173867E-04  0.36575945E-05  0.88517751E-05   863.99999975   -23308.23229723
    3950    7.90000000  0.14074879E-04  0.34914456E-05  0.22142844E-04   863.99999975   -23308.23235559
    3960    7.92000000  0.12971594E-04  0.33008976E-05  0.34819033E-04   863.99999975   -23308.23545783
    3970    7.94000000  0.11877507E-04  0.30878492E-05  0.46824735E-04   863.99999975   -23308.24151932
    3980    7.96000000  0.10805547E-04  0.28542919E-05  0.58110429E-04   863.99999974   -23308.25036637
    3990    7.98000000  0.97679140E-05  0.26023017E-05  0.68632523E-04   863.99999974   -23308.26175236
    4000    8.00000000  0.87759421E-05  0.23340342E-05  0.78353218E-04   863.99999974   -23308.27537391
    4010    8.02000000  0.78399814E-05  0.20517192E-05  0.87240393E-04   863.99999974   -23308.29088660
    4020    8.04000000  0.69693048E-05  0.17576563E-05  0.95267514E-04   863.99999974   -23308.30792001
    4030    8.06000000  0.61720333E-05  0.14542073E-05  0.10241356E-03   863.99999974   -23308.32609158
    4040    8.08000000  0.54550778E-05  0.11437867E-05  0.10866300E-03   863.99999974   -23308.34501921
    4050    8.10000000  0.48240978E-05  0.82884938E-06  0.11400569E-03   863.99999974   -23308.36433232
    4060    8.12000000  0.42834743E-05  0.51187456E-06  0.11843692E-03   863.99999974   -23308.38368133
    4070    8.14000000  0.38362944E-05  0.19534729E-06  0.12195734E-03   863.99999974   -23308.40274528
    4080    8.16000000  0.34843516E-05 -0.11826306E-06  0.12457290E-03   863.99999974   -23308.42123789
    4090    8.18000000  0.32281575E-05 -0.42652523E-06  0.12629481E-03   863.99999974   -23308.43891180
    4100    8.20000000  0.30669686E-05 -0.72707008E-06  0.12713946E-03   863.99999974   -23308.45556115
    4110    8.22000000  0.29988274E-05 -0.10176148E-05  0.12712831E-03   863.99999974   -23308.47102268
    4120    8.24000000  0.30206195E-05 -0.12959859E-05  0.12628772E-03   863.99999974   -23308.48517538
    4130    8.26000000  0.31281460E-05 -0.15601417E-05  0.12464882E-03   863.99999973   -23308.49793899
    4140    8.28000000  0.33162122E-05 -0.18081924E-05  0.12224726E-03   863.99999973   -23308.50927132
    4150    8.30000000  0.35787313E-05 -0.20384196E-05  0.11912304E-03   863.99999973   -23308.51916485
    4160    8.32000000  0.39088419E-05 -0.22492917E-05  0.11532016E-03   863.99999973   -23308.52764262
    4170    8.34000000  0.42990368E-05 -0.24394785E-05  0.11088636E-03   863.99999973   -23308.53475373
    4180    8.36000000  0.47413025E-05 -0.26078624E-05  0.10587277E-03   863.99999973   -23308.54056856
    4190    8.38000000  0.52272640E-05 -0.27535478E-05  0.10033355E-03   863.99999973   -23308.54517397
    4200    8.40000000  0.57483345E-05 -0.28758672E-05  0.94325453E-04   863.99999973   -23308.54866861
    4210    8.42000000  0.62958659E-05 -0.29743851E-05  0.87907435E-04   863.99999973   -23308.55115850
    4220    8.44000000  0.68612974E-05 -0.30489002E-05  0.81140157E-04   863.99999973   -23308.55275294
    4230    8.46000000  0.74362989E-05 -0.30994439E-05  0.74085521E-04   863.99999973   -23308.55356101
    4240    8.48000000  0.80129078E-05 -0.31262773E-05  0.66806160E-04   863.99999973   -23308.55368846
    4250    8.50000000  0.85836541E-05 -0.31298869E-05  0.59364923E-04   863.99999973   -23308.55323532
    4260    8.52000000  0.91416734E-05 -0.31109774E-05  0.51824346E-04   863.99999973   -23308.55229401
    4270    8.54000000  0.96808043E-05 -0.30704644E-05  0.44246128E-04   863.99999973   -23308.55094807
    4280    8.56000000  0.10195668E-04 -0.30094647E-05  0.36690601E-04   863.99999972   -23308.54927143
    4290    8.58000000  0.10681728E-04 -0.29292861E-05  0.29216226E-04   863.99999972   -23308.54732814
    4300    8.60000000  0.11135332E-04 -0.28314153E-05  0.21879089E-04   863.99999972   -23308.54517257
    4310    8.62000000  0.11553729E-04 -0.27175040E-05  0.14732441E-04   863.99999972   -23308.54284993
    4320    8.64000000  0.11935065E-04 -0.25893537E-05  0.78262550E-05   863.99999972   -23308.54039706
    4330    8.66000000  0.12278366E-04 -0.24488963E-05  0.12068385E-05   863.99999972   -23308.53784337
    4340    8.68000000  0.12583492E-04 -0.22981729E-05 -0.50835195E-05   863.99999972   -23308.53521199
    4350    8.70000000  0.12851081E-04 -0.21393082E-05 -0.11006841E-04   863.99999972   -23308.53252079
    4360    8.72000000  0.13082476E-04 -0.19744820E-05 -0.16529700E-04   863.99999972   -23308.52978349
    4370    8.74000000  0.13279639E-04 -0.18058966E-05 -0.21623401E-04   863.99999972   -23308.52701064
    4380    8.76000000  0.13445060E-04 -0.16357425E-05 -0.26264104E-04   863.99999972   -23308.52421046
    4390    8.78000000  0.13581655E-04 -0.14661600E-05 -0.30432888E-04   863.99999972   -23308.52138955
    4400    8.80000000  0.13692668E-04 -0.12992025E-05 -0.34115763E-04   863.99999972   -23308.51855341
    4410    8.82000000  0.13781565E-04 -0.11367987E-05 -0.37303636E-04   863.99999972   -23308.51570678
    4420    8.84000000  0.13851943E-04 -0.98071777E-06 -0.39992225E-04   863.99999971   -23308.51285388
    4430    8.86000000  0.13907439E-04 -0.83253753E-06 -0.42181944E-04   863.99999971   -23308.50999847
    4440    8.88000000  0.13951650E-04 -0.69361853E-06 -0.43877749E-04   863.99999971   -23308.50714381
    4450    8.90000000  0.13988070E-04 -0.56508397E-06 -0.45088953E-04   863.99999971   -23308.50429252
    4460    8.92000000  0.14020035E-04 -0.44780726E-06 -0.45829008E-04   863.99999971   -23308.50144646
    4470    8.94000000  0.14050687E-04 -0.34240731E-06 -0.46115142E-04   863.99999971   -23308.49860674
    4480    8.96000000  0.14082953E-04 -0.24925168E-06 -0.45967919E-04   863.99999971   -23308.49577379
    4490    8.98000000  0.14119536E-04 -0.16846766E-06 -0.45410854E-04   863.99999971   -23308.49294751
    4500    9.00000000  0.14162915E-04 -0.99959808E-07 -0.44470043E-04   863.99999971   -23308.49012726
    4510    9.02000000  0.14215361E-04 -0.43433982E-07 -0.43173792E-04   863.99999971   -23308.48731195
    4520    9.04000000  0.14278952E-04  0.15749932E-08 -0.41552257E-04   863.99999971   -23308.48450008
    4530    9.06000000  0.14355590E-04  0.35672405E-07 -0.39637079E-04   863.99999971   -23308.48168980
    4540    9.08000000  0.14447022E-04  0.59572069E-07 -0.37461032E-04   863.99999971   -23308.47887891
    4550    9.10000000  0.14554845E-04  0.74065252E-07 -0.35057653E-04   863.99999971   -23308.47606497
    4560    9.12000000  0.14680520E-04  0.79991645E-07 -0.32460888E-04   863.99999971   -23308.47324527
    4570    9.14000000  0.14825356E-04  0.78213392E-07 -0.29704719E-04   863.99999970   -23308.47041689
    4580    9.16000000  0.14990503E-04  0.69593122E-07 -0.26822808E-04   863.99999970   -23308.46757677
    4590    9.18000000  0.15176921E-04  0.54976882E-07 -0.23848139E-04   863.99999970   -23308.46472170
    4600    9.20000000  0.15385343E-04  0.35181250E-07 -0.20812673E-04   863.99999970   -23308.46184841
    4610    9.22000000  0.15616238E-04  0.10984457E-07 -0.17747027E-04   863.99999970   -23308.45895358
    4620    9.24000000  0.15869757E-04 -0.16877875E-07 -0.14680170E-04   863.99999970   -23308.45603395
    4630    9.26000000  0.16145681E-04 -0.47714857E-07 -0.11639159E-04   863.99999970   -23308.45308632
    4640    9.28000000  0.16443376E-04 -0.80879162E-07 -0.86489141E-05   863.99999970   -23308.45010771
    4650    9.30000000  0.16761743E-04 -0.11576514E-06 -0.57320372E-05   863.99999970   -23308.44709536
    4660    9.32000000  0.17099176E-04 -0.15180589E-06 -0.29086864E-05   863.99999970   -23308.44404686
    4670    9.34000000  0.17453538E-04 -0.18847010E-06 -0.19650158E-06   863.99999970   -23308.44096022
    4680    9.36000000  0.17822142E-04 -0.22525951E-06  0.23894151E-05   863.99999970   -23308.43783396
    4690    9.38000000  0.18201743E-04 -0.26170752E-06  0.48364659E-05   863.99999970   -23308.43466723
    4700    9.40000000  0.18588557E-04 -0.29737879E-06  0.71344760E-05   863.99999970   -23308.43145981
    4710    9.42000000  0.18978286E-04 -0.33186954E-06  0.92755712E-05   863.99999970   -23308.42821226
    4720    9.44000000  0.19366156E-04 -0.36480961E-06  0.11254021E-04   863.99999969   -23308.42492595
    4730    9.46000000  0.19746979E-04 -0.39586461E-06  0.13066058E-04   863.99999969   -23308.42160310
    4740    9.48000000  0.20115221E-04 -0.42473873E-06  0.14709683E-04   863.99999969   -23308.41824685
    4750    9.50000000  0.20465077E-04 -0.45117758E-06  0.16184466E-04   863.99999969   -23308.41486121
    4760    9.52000000  0.20790558E-04 -0.47497032E-06  0.17491348E-04   863.99999969   -23308.41145115
    4770    9.54000000  0.21085586E-04 -0.49595108E-06  0.18632457E-04   863.99999969   -23308.40802251
    4780    9.56000000  0.21344080E-04 -0.51399872E-06  0.19610949E-04   863.99999969   -23308.40458199
    4790    9.58000000  0.21560056E-04 -0.52903583E-06  0.20430862E-04   863.99999969   -23308.40113713
    4800    9.60000000  0.21727713E-04 -0.54102607E-06  0.21097001E-04   863.99999969   -23308.39769621
    4810    9.62000000  0.21841529E-04 -0.54996982E-06  0.21614853E-04   863.99999969   -23308.39426816
    4820    9.64000000  0.21896342E-04 -0.55589932E-06  0.21990520E-04   863.99999969   -23308.39086253
    4830    9.66000000  0.21887439E-04 -0.55887217E-06  0.22230672E-04   863.99999969   -23308.38748932
    4840    9.68000000  0.21810635E-04 -0.55896577E-06  0.22342517E-04   863.99999969   -23308.38415891
    4850    9.70000000  0.21662357E-04 -0.55627005E-06  0.22333782E-04   863.99999969   -23308.38088192
    4860    9.72000000  0.21439714E-04 -0.55088211E-06  0.22212686E-04   863.99999969   -23308.37766909
    4870    9.74000000  0.21140581E-04 -0.54290093E-06  0.21987914E-04   863.99999968   -23308.37453116
    4880    9.76000000  0.20763668E-04 -0.53242313E-06  0.21668578E-04   863.99999968   -23308.37147870
    4890    9.78000000  0.20308592E-04 -0.51954058E-06  0.21264162E-04   863.99999968   -23308.36852199
    4900    9.80000000  0.19775944E-04 -0.50433878E-06  0.20784446E-04   863.99999968   -23308.36567088
    4910    9.82000000  0.19167349E-04 -0.48689740E-06  0.20239411E-04   863.99999968   -23308.36293463
    4920    9.84000000  0.18485517E-04 -0.46729140E-06  0.19639129E-04   863.99999968   -23308.36032179
    4930    9.86000000  0.17734290E-04 -0.44559381E-06  0.18993632E-04   863.99999968   -23308.35784002
    4940    9.88000000  0.16918668E-04 -0.42187975E-06  0.18312775E-04   863.99999968   -23308.35549601
    4950    9.90000000  0.16044827E-04 -0.39623008E-06  0.17606093E-04   863.99999968   -23308.35329531
    4960    9.92000000  0.15120111E-04 -0.36873669E-06  0.16882655E-04   863.99999968   -23308.35124223
    4970    9.94000000  0.14153007E-04 -0.33950769E-06  0.16150935E-04   863.99999968   -23308.34933977
    4980    9.96000000  0.13153088E-04 -0.30867321E-06  0.15418682E-04   863.99999968   -23308.34758945
    4990    9.98000000  0.12130934E-04 -0.27639152E-06  0.14692826E-04   863.99999968   -23308.34599132
    5000   10.00000000  0.11098013E-04 -0.24285604E-06  0.13979388E-04   863.99999968   -23308.34454391
    5010   10.02000000  0.10066535E-04 -0.20830303E-06  0.13283427E-04   863.99999968   -23308.34324416
    5020   10.04000000  0.90492703E-05 -0.17302035E-06  0.12609005E-04   863.99999967   -23308.34208747
    5030   10.06000000  0.80593371E-05 -0.13735646E-06  0.11959179E-04   863.99999967   -23308.34106772
    5040   10.08000000  0.71099630E-05 -0.10173047E-06  0.11336018E-04   863.99999967   -23308.34017737
    5050   10.10000000  0.62142250E-05 -0.66641065E-07  0.10740641E-04   863.99999967   -23308.33940751
    5060   10.12000000  0.53847758E-05 -0.32675368E-07  0.10173272E-04   863.99999967   -23308.33874804
    5070   10.14000000  0.46335658E-05 -0.51436365E-09  0.96333143E-05   863.99999967   -23308.33818777
    5080   10.16000000  0.39715698E-05  0.29064659E-07  0.91194369E-05   863.99999967   -23308.33771468
    5090   10.18000000  0.34085279E-05  0.55190947E-07  0.86296708E-05   863.99999967   -23308.33731606
    5100   10.20000000  0.29527101E-05  0.76909224E-07  0.81615142E-05   863.99999967   -23308.33697876
    5110   10.22000000  0.26107124E-05  0.93196135E-07  0.77120430E-05   863.99999967   -23308.33668941
    5120   10.24000000  0.23872923E-05  0.10298480E-06  0.72780257E-05   863.99999967   -23308.33643466
    5130   10.26000000  0.22852472E-05  0.10519652E-06  0.68560392E-05   863.99999967   -23308.33620141
    5140   10.28000000  0.23053422E-05  0.98780661E-07  0.64425849E-05   863.99999967   -23308.33597705
    5150   10.30000000  0.24462874E-05  0.82760148E-07  0.60342026E-05   863.99999967   -23308.33574962
    5160   10.32000000  0.27047665E-05  0.56281165E-07  0.56275802E-05   863.99999966   -23308.33550806
    5170   10.34000000  0.30755170E-05  0.18665222E-07  0.52196564E-05   863.99999966   -23308.33524235
    5180   10.36000000  0.35514589E-05 -0.30540167E-07  0.48077145E-05   863.99999966   -23308.33494363
    5190   10.38000000  0.41238682E-05 -0.91513941E-07  0.43894641E-05   863.99999966   -23308.33460435
    5200   10.40000000  0.47825931E-05 -0.16412070E-06  0.39631088E-05   863.99999966   -23308.33421830
    5210   10.42000000  0.55163040E-05 -0.24787868E-06  0.35273977E-05   863.99999966   -23308.33378069
    5220   10.44000000  0.63127714E-05 -0.34193985E-06  0.30816584E-05   863.99999966   -23308.33328812
    5230   10.46000000  0.71591622E-05 -0.44508242E-06  0.26258128E-05   863.99999966   -23308.33273859
    5240   10.48000000  0.80423450E-05 -0.55571826E-06  0.21603729E-05   863.99999966   -23308.33213142
    5250   10.50000000  0.89491943E-05 -0.67191520E-06  0.16864187E-05   863.99999966   -23308.33146718
    5260   10.52000000  0.98668809E-05 -0.79143394E-06  0.12055598E-05   863.99999966   -23308.33074756
    5270   10.54000000  0.10783141E-04 -0.91177903E-06  0.71988143E-06   863.99999966   -23308.32997528
    5280   10.56000000  0.11686514E-04 -0.10302620E-05  0.23187864E-06   863.99999966   -23308.32915392
    5290   10.58000000  0.12566537E-04 -0.11440747E-05 -0.25561814E-06   863.99999966   -23308.32828780
    5300   10.60000000  0.13413899E-04 -0.12503702E-05 -0.73952465E-06   863.99999966   -23308.32738178
    5310   10.62000000  0.14220542E-04 -0.13463475E-05 -0.12165852E-05   863.99999965   -23308.32644118
    5320   10.64000000  0.14979716E-04 -0.14293374E-05 -0.16834558E-05   863.99999965   -23308.32547156
    5330   10.66000000  0.15685985E-04 -0.14968868E-05 -0.21367824E-05   863.99999965   -23308.32447866
    5340   10.68000000  0.16335189E-04 -0.15468366E-05 -0.25732722E-05   863.99999965   -23308.32346821
    5350   10.70000000  0.16924365E-04 -0.15773917E-05 -0.29897545E-05   863.99999965   -23308.32244586
    5360   10.72000000  0.17451646E-04 -0.15871806E-05 -0.33832311E-05   863.99999965   -23308.32141710
    5370   10.74000000  0.17916128E-04 -0.15753021E-05 -0.37509112E-05   863.99999965   -23308.32038716
    5380   10.76000000  0.18317731E-04 -0.15413581E-05 -0.40902336E-05   863.99999965   -23308.31936096
    5390   10.78000000  0.18657048E-04 -0.14854723E-05 -0.43988743E-05   863.99999965   -23308.31834311
    5400   10.80000000  0.18935201E-04 -0.14082932E-05 -0.46747408E-05   863.99999965   -23308.31733780
    5410   10.82000000  0.19153704E-04 -0.13109833E-05 -0.49159567E-05   863.99999965   -23308.31634888
    5420   10.84000000  0.19314339E-04 -0.11951940E-05 -0.51208370E-05   863.99999965   -23308.31537977
    5430   10.86000000  0.19419057E-04 -0.10630278E-05 -0.52878602E-05   863.99999965   -23308.31443355
    5440   10.88000000  0.19469893E-04 -0.91698875E-06 -0.54156380E-05   863.99999965   -23308.31351290
    5450   10.90000000  0.19468907E-04 -0.75992290E-06 -0.55028892E-05   863.99999965   -23308.31262016
    5460   10.92000000  0.19418150E-04 -0.59494985E-06 -0.55484191E-05   863.99999964   -23308.31175730
    5470   10.94000000  0.19319645E-04 -0.42538800E-06 -0.55511070E-05   863.99999964   -23308.31092601
    5480   10.96000000  0.19175389E-04 -0.25467439E-06 -0.55099055E-05   863.99999964   -23308.31012765
    5490   10.98000000  0.18987376E-04 -0.86282297E-07 -0.54238499E-05   863.99999964   -23308.30936331
    5500   11.00000000  0.18757617E-04  0.76362567E-07 -0.52920795E-05   863.99999964   -23308.30863380
    5510   11.02000000  0.18488185E-04  0.22996388E-06 -0.51138691E-05   863.99999964   -23308.30793969
    5520   11.04000000  0.18181246E-04  0.37143336E-06 -0.48886678E-05   863.99999964   -23308.30728130
    5530   11.06000000  0.17839100E-04  0.49796364E-06 -0.46161448E-05   863.99999964   -23308.30665874
    5540   11.08000000  0.17464216E-04  0.60709375E-06 -0.42962382E-05   863.99999964   -23308.30607190
    5550   11.10000000  0.17059253E-04  0.69676568E-06 -0.39292054E-05   863.99999964   -23308.30552047
    5560   11.12000000  0.16627078E-04  0.76537001E-06 -0.35156720E-05   863.99999964   -23308.30500394
    5570   11.14000000  0.16170774E-04  0.81178081E-06 -0.30566778E-05   863.99999964   -23308.30452164
    5580   11.16000000  0.15693625E-04  0.83537823E-06 -0.25537196E-05   863.99999964   -23308.30407274
    5590   11.18000000  0.15199103E-04  0.83605893E-06 -0.20087868E-05   863.99999964   -23308.30365624
    5600   11.20000000  0.14690830E-04  0.81423465E-06 -0.14243918E-05   863.99999964   -23308.30327104
    5610   11.22000000  0.14172535E-04  0.77081931E-06 -0.80359241E-06   863.99999963   -23308.30291589
    5620   11.24000000  0.13648002E-04  0.70720508E-06 -0.15000496E-06   863.99999963   -23308.30258946
    5630   11.26000000  0.13121009E-04  0.62522851E-06  0.53219081E-06   863.99999963   -23308.30229035
    5640   11.28000000  0.12595263E-04  0.52712735E-06  0.12382596E-05   863.99999963   -23308.30201708
    5650   11.30000000  0.12074332E-04  0.41548894E-06  0.19629305E-05   863.99999963   -23308.30176813
    5660   11.32000000  0.11561584E-04  0.29319120E-06  0.27004306E-05   863.99999963   -23308.30154197
    5670   11.34000000  0.11060133E-04  0.16333753E-06  0.34445352E-05   863.99999963   -23308.30133706
    5680   11.36000000  0.10572789E-04  0.29185223E-07  0.41886334E-05   863.99999963   -23308.30115188
    5690   11.38000000  0.10102027E-04 -0.10592987E-06  0.49258112E-05   863.99999963   -23308.30098492
    5700   11.40000000  0.96499700E-05 -0.23867267E-06  0.56489495E-05   863.99999963   -23308.30083473
    5710   11.42000000  0.92183917E-05 -0.36578943E-06  0.63508378E-05   863.99999963   -23308.30069991
    5720   11.44000000  0.88087333E-05 -0.48418981E-06  0.70242991E-05   863.99999963   -23308.30057913
    5730   11.46000000  0.84221388E-05 -0.59102608E-06  0.76623232E-05   863.99999963   -23308.30047112
    5740   11.48000000  0.80595056E-05 -0.68376954E-06  0.82582048E-05   863.99999963   -23308.30037470
    5750   11.50000000  0.77215444E-05 -0.76028033E-06  0.88056798E-05   863.99999963   -23308.30028875
    5760   11.52000000  0.74088471E-05 -0.81886901E-06  0.92990557E-05   863.99999962   -23308.30021225
    5770   11.54000000  0.71219550E-05 -0.85834683E-06  0.97333316E-05   863.99999962   -23308.30014424
    5780   11.56000000  0.68614251E-05 -0.87806262E-06  0.10104300E-04   863.99999962   -23308.30008386
    5790   11.58000000  0.66278864E-05 -0.87792425E-06  0.10408630E-04   863.99999962   -23308.30003031
    5800   11.60000000  0.64220845E-05 -0.85840324E-06  0.10643927E-04   863.99999962   -23308.29998286
    5810   11.62000000  0.62449102E-05 -0.82052133E-06  0.10808763E-04   863.99999962   -23308.29994085
    5820   11.64000000  0.60974084E-05 -0.76581946E-06  0.10902682E-04   863.99999962   -23308.29990370
    5830   11.66000000  0.59807684E-05 -0.69630973E-06  0.10926185E-04   863.99999962   -23308.29987086
    5840   11.68000000  0.58962944E-05 -0.61441184E-06  0.10880679E-04   863.99999962   -23308.29984185
    5850   11.70000000  0.58453578E-05 -0.52287665E-06  0.10768407E-04   863.99999962   -23308.29981627
    5860   11.72000000  0.58293329E-05 -0.42469997E-06  0.10592371E-04   863.99999962   -23308.29979373
    5870   11.74000000  0.58495205E-05 -0.32302972E-06  0.10356221E-04   863.99999962   -23308.29977392
    5880   11.76000000  0.59070617E-05 -0.22107066E-06  0.10064147E-04   863.99999962   -23308.29975655
    5890   11.78000000  0.60028463E-05 -0.12198985E-06  0.97207685E-05   863.99999962   -23308.29974138
    5900   11.80000000  0.61374211E-05 -0.28826692E-07  0.93310083E-05   863.99999962   -23308.29972822
    5910   11.82000000  0.63109000E-05  0.55590159E-07  0.88999861E-05   863.99999961   -23308.29971689
    5920   11.84000000  0.65228822E-05  0.12871602E-06  0.84329098E-05   863.99999961   -23308.29970725
    5930   11.86000000  0.67723816E-05  0.18835268E-06  0.79349799E-05   863.99999961   -23308.29969917
    5940   11.88000000  0.70577697E-05  0.23269824E-06  0.74113047E-05   863.99999961   -23308.29969255
    5950   11.90000000  0.73767372E-05  0.26038441E-06  0.68668291E-05   863.99999961   -23308.29968726
    5960   11.92000000  0.77262740E-05  0.27050168E-06  0.63062763E-05   863.99999961   -23308.29968322
    5970   11.94000000  0.81026727E-05  0.26261116E-06  0.57341030E-05   863.99999961   -23308.29968029
    5980   11.96000000  0.85015535E-05  0.23674582E-06  0.51544664E-05   863.99999961   -23308.29967833
    5990   11.98000000  0.89179131E-05  0.19339964E-06  0.45712034E-05   863.99999961   -23308.29967719
    6000   12.00000000  0.93461962E-05  0.13350761E-06  0.39878196E-05   863.99999961   -23308.29967668
    6010   12.02000000  0.97809280E-05  0.58415558E-07  0.34074888E-05   863.99999961   -23308.29967642
    6020   12.04000000  0.10215514E-04 -0.30157259E-07  0.28330614E-05   863.99999961   -23308.29967616
    6030   12.06000000  0.10642332E-04 -0.13016410E-06  0.22670805E-05   863.99999961   -23308.29967590
    6040   12.08000000  0.11053776E-04 -0.23928066E-06  0.17118074E-05   863.99999961   -23308.29967564
    6050   12.10000000  0.11442394E-04 -0.35496122E-06  0.11692531E-05   863.99999960   -23308.29967538
    6060   12.12000000  0.11801056E-04 -0.47449777E-06  0.64121714E-06   863.99999960   -23308.29967512
    6070   12.14000000  0.12123139E-04 -0.59508106E-06  0.12933038E-06   863.99999960   -23308.29967486
    6080   12.16000000  0.12402662E-04 -0.71386214E-06 -0.36489689E-06   863.99999960   -23308.29967461
    6090   12.18000000  0.12634418E-04 -0.82801375E-06 -0.84002619E-06   863.99999960   -23308.29967437
    6100   12.20000000  0.12814091E-04 -0.93478988E-06 -0.12946436E-05   863.99999960   -23308.29967413
    6110   12.22000000  0.12938336E-04 -0.10315834E-05 -0.17273169E-05   863.99999960   -23308.29967389
    6120   12.24000000  0.13004847E-04 -0.11159804E-05 -0.21365599E-05   863.99999960   -23308.29967365
    6130   12.26000000  0.13012410E-04 -0.11858107E-05 -0.25208063E-05   863.99999960   -23308.29967342
    6140   12.28000000  0.12960932E-04 -0.12391931E-05 -0.28783958E-05   863.99999960   -23308.29967319
    6150   12.30000000  0.12851437E-04 -0.12745757E-05 -0.32075737E-05   863.99999960   -23308.29967296
    6160   12.32000000  0.12686046E-04 -0.12907701E-05 -0.35065047E-05   863.99999960   -23308.29967273
    6170   12.34000000  0.12467927E-04 -0.12869790E-05 -0.37733013E-05   863.99999960   -23308.29967250
    6180   12.36000000  0.12201223E-04 -0.12628163E-05 -0.40060645E-05   863.99999960   -23308.29967227
    6190   12.38000000  0.11890959E-04 -0.12183198E-05 -0.42029362E-05   863.99999960   -23308.29967203
    6200   12.40000000  0.11542935E-04 -0.11539539E-05 -0.43621588E-05   863.99999959   -23308.29967180
    6210   12.42000000  0.11163602E-04 -0.10706059E-05 -0.44821417E-05   863.99999959   -23308.29967157
    6220   12.44000000  0.10759920E-04 -0.96957035E-06 -0.45615280E-05   863.99999959   -23308.29967133
    6230   12.46000000  0.10339206E-04 -0.85252562E-06 -0.45992595E-05   863.99999959   -23308.29967109
    6240   12.48000000  0.99089885E-05 -0.72150033E-06 -0.45946366E-05   863.99999959   -23308.29967086
    6250   12.50000000  0.94768441E-05 -0.57883071E-06 -0.45473693E-05   863.99999959   -23308.29967062
    6260   12.52000000  0.90502390E-05 -0.42710984E-06 -0.44576159E-05   863.99999959   -23308.29967039
    6270   12.54000000  0.86363733E-05 -0.26912917E-06 -0.43260109E-05   863.99999959   -23308.29967015
    6280   12.56000000  0.82420316E-05 -0.10781439E-06 -0.41536761E-05   863.99999959   -23308.29966992
    6290   12.58000000  0.78734466E-05  0.53843315E-07 -0.39422190E-05   863.99999959   -23308.29966968
    6300   12.60000000  0.75361767E-05  0.21285832E-06 -0.36937149E-05   863.99999959   -23308.29966945
    6310   12.62000000  0.72350000E-05  0.36632143E-06 -0.34106772E-05   863.99999959   -23308.29966922
    6320   12.64000000  0.69738243E-05  0.51146860E-06 -0.30960160E-05   863.99999959   -23308.29966900
    6330   12.66000000  0.67556198E-05  0.64574493E-06 -0.27529873E-05   863.99999959   -23308.29966877
    6340   12.68000000  0.65823765E-05  0.76686188E-06 -0.23851356E-05   863.99999959   -23308.29966855
    6350   12.70000000  0.64550857E-05  0.87284582E-06 -0.19962317E-05   863.99999958   -23308.29966833
    6360   12.72000000  0.63737455E-05  0.96207616E-06 -0.15902101E-05   863.99999958   -23308.29966811
    6370   12.74000000  0.63373921E-05  0.10333122E-05 -0.11711051E-05   863.99999958   -23308.29966789
    6380   12.76000000  0.63441530E-05  0.10857084E-05 -0.74298941E-06   863.99999958   -23308.29966767
    6390   12.78000000  0.63913212E-05  0.11188177E-05 -0.30991729E-06   863.99999958   -23308.29966745
    6400   12.80000000  0.64754492E-05  0.11325844E-05  0.12412955E-06   863.99999958   -23308.29966724
    6410   12.82000000  0.65924609E-05  0.11273268E-05  0.55529054E-06   863.99999958   -23308.29966702
    6420   12.84000000  0.67377703E-05  0.11037119E-05  0.97986925E-06   863.99999958   -23308.29966680
    6430   12.86000000  0.69064060E-05  0.10627221E-05  0.13943717E-05   863.99999958   -23308.29966659
    6440   12.88000000  0.70931377E-05  0.10056184E-05  0.17955384E-05   863.99999958   -23308.29966637
    6450   12.90000000  0.72926017E-05  0.93389855E-06  0.21803717E-05   863.99999958   -23308.29966616
    6460   12.92000000  0.74994186E-05  0.84925387E-06  0.25461569E-05   863.99999958   -23308.29966595
    6470   12.94000000  0.77083008E-05  0.75352494E-06  0.28904778E-05   863.99999958   -23308.29966573
    6480   12.96000000  0.79141491E-05  0.64865775E-06  0.32112281E-05   863.99999958   -23308.29966552
    6490   12.98000000  0.81121351E-05  0.53666055E-06  0.35066160E-05   863.99999958   -23308.29966531
    6500   13.00000000  0.82977706E-05  0.41956297E-06  0.37751658E-05   863.99999957   -23308.29966510
    6510   13.02000000  0.84669624E-05  0.29937744E-06  0.40157143E-05   863.99999957   -23308.29966489
    6520   13.04000000  0.86160564E-05  0.17806361E-06  0.42274035E-05   863.99999957   -23308.29966468
    6530   13.06000000  0.87418688E-05  0.57497071E-07  0.44096713E-05   863.99999957   -23308.29966448
    6540   13.08000000  0.88417096E-05 -0.60558331E-07  0.45622389E-05   863.99999957   -23308.29966427
    6550   13.10000000  0.89133969E-05 -0.17447334E-06  0.46850976E-05   863.99999957   -23308.29966407
    6560   13.12000000  0.89552652E-05 -0.28277099E-06  0.47784933E-05   863.99999957   -23308.29966386
    6570   13.14000000  0.89661680E-05 -0.38413885E-06  0.48429105E-05   863.99999957   -23308.29966366
    6580   13.16000000  0.89454755E-05 -0.47743599E-06  0.48790556E-05   863.99999957   -23308.29966346
    6590   13.18000000  0.88930662E-05 -0.56169546E-06  0.48878394E-05   863.99999957   -23308.29966326
    6600   13.20000000  0.88093121E-05 -0.63612138E-06  0.48703588E-05   863.99999957   -23308.29966306
    6610   13.22000000  0.86950592E-05 -0.70008205E-06  0.48278769E-05   863.99999957   -23308.29966286
    6620   13.24000000  0.85516016E-05 -0.75310062E-06  0.47618027E-05   863.99999957   -23308.29966266
    6630   13.26000000  0.83806503E-05 -0.79484279E-06  0.46736695E-05   863.99999957   -23308.29966246
    6640   13.28000000  0.81842947E-05 -0.82510290E-06  0.45651124E-05   863.99999957   -23308.29966227
    6650   13.30000000  0.79649593E-05 -0.84379069E-06  0.44378451E-05   863.99999956   -23308.29966207
    6660   13.32000000  0.77253561E-05 -0.85091797E-06  0.42936378E-05   863.99999956   -23308.29966188
    6670   13.34000000  0.74684340E-05 -0.84658696E-06  0.41342945E-05   863.99999956   -23308.29966168
    6680   13.36000000  0.71973281E-05 -0.83098096E-06  0.39616345E-05   863.99999956   -23308.29966149
    6690   13.38000000  0.69153090E-05 -0.80435809E-06  0.37774748E-05   863.99999956   -23308.29966130
    6700   13.40000000  0.66257354E-05 -0.76704822E-06  0.35836182E-05   863.99999956   -23308.29966111
    6710   13.42000000  0.63320077E-05 -0.71945345E-06  0.33818449E-05   863.99999956   -23308.29966093
    6720   13.44000000  0.60375278E-05 -0.66205224E-06  0.31739085E-05   863.99999956   -23308.29966074
    6730   13.46000000  0.57456617E-05 -0.59540660E-06  0.29615358E-05   863.99999956   -23308.29966056
    6740   13.48000000  0.54597060E-05 -0.52017241E-06  0.27464308E-05   863.99999956   -23308.29966038
    6750   13.50000000  0.51828563E-05 -0.43711122E-06  0.25302792E-05   863.99999956   -23308.29966019
    6760   13.52000000  0.49181773E-05 -0.34710275E-06  0.23147524E-05   863.99999956   -23308.29966001
    6770   13.54000000  0.46685730E-05 -0.25115734E-06  0.21015104E-05   863.99999956   -23308.29965982
    6780   13.56000000  0.44367551E-05 -0.15042533E-06  0.18922000E-05   863.99999956   -23308.29965964
    6790   13.58000000  0.42252116E-05 -0.46203781E-07  0.16884485E-05   863.99999956   -23308.29965944
    6800   13.60000000  0.40361744E-05  0.60062542E-07  0.14918502E-05   863.99999955   -23308.29965925
    6810   13.62000000  0.38715872E-05  0.16678650E-06  0.13039479E-05   863.99999955   -23308.29965905
    6820   13.64000000  0.37330741E-05  0.27225141E-06  0.11262074E-05   863.99999955   -23308.29965884
    6830   13.66000000  0.36219092E-05  0.37463182E-06  0.95998795E-06   863.99999955   -23308.29965864
    6840   13.68000000  0.35389909E-05  0.47202212E-06  0.80650938E-06   863.99999955   -23308.29965843
    6850   13.70000000  0.34848228E-05  0.56247414E-06  0.66681754E-06   863.99999955   -23308.29965823
    6860   13.72000000  0.34595030E-05  0.64404087E-06  0.54175127E-06   863.99999955   -23308.29965803
    6870   13.74000000  0.34627210E-05  0.71482666E-06  0.43191186E-06   863.99999955   -23308.29965783
    6880   13.76000000  0.34937644E-05  0.77304186E-06  0.33763738E-06   863.99999955   -23308.29965763
    6890   13.78000000  0.35515367E-05  0.81705908E-06  0.25898389E-06   863.99999955   -23308.29965744
    6900   13.80000000  0.36345834E-05  0.84546983E-06  0.19571336E-06   863.99999955   -23308.29965726
    6910   13.82000000  0.37411255E-05  0.85713854E-06  0.14729171E-06   863.99999955   -23308.29965708
    6920   13.84000000  0.38690991E-05  0.85125077E-06  0.11289425E-06   863.99999955   -23308.29965690
    6930   13.86000000  0.40162009E-05  0.82735347E-06  0.91420937E-07   863.99999955   -23308.29965673
    6940   13.88000000  0.41799346E-05  0.78538470E-06  0.81520047E-07   863.99999954   -23308.29965657
    6950   13.90000000  0.43576583E-05  0.72569088E-06  0.81619348E-07   863.99999954   -23308.29965640
    6960   13.92000000  0.45466308E-05  0.64902942E-06  0.89964607E-07   863.99999954   -23308.29965624
    6970   13.94000000  0.47440556E-05  0.55655656E-06  0.10466384E-06   863.99999954   -23308.29965607
    6980   13.96000000  0.49471205E-05  0.44980062E-06  0.12373454E-06   863.99999954   -23308.29965591
    6990   13.98000000  0.51530323E-05  0.33062077E-06  0.14515535E-06   863.99999954   -23308.29965574
    7000   14.00000000  0.53590492E-05  0.20115504E-06  0.16691731E-06   863.99999954   -23308.29965557
    7010   14.02000000  0.55625071E-05  0.63758156E-07  0.18707586E-06   863.99999954   -23308.29965540
    7020   14.04000000  0.57608433E-05 -0.79065662E-07  0.20379995E-06   863.99999954   -23308.29965523
    7030   14.06000000  0.59516158E-05 -0.22473286E-06  0.21541888E-06   863.99999954   -23308.29965505
    7040   14.08000000  0.61325211E-05 -0.37064891E-06  0.22046403E-06   863.99999954   -23308.29965486
    7050   14.10000000  0.63014094E-05 -0.51427339E-06  0.21770599E-06   863.99999954   -23308.29965468
    7060   14.12000000  0.64562986E-05 -0.65317726E-06  0.20618476E-06   863.99999954   -23308.29965449
    7070   14.14000000  0.65953878E-05 -0.78509244E-06  0.18523393E-06   863.99999954   -23308.29965430
    7080   14.16000000  0.67170703E-05 -0.90795117E-06  0.15449733E-06   863.99999954   -23308.29965411
    7090   14.18000000  0.68199451E-05 -0.10199162E-05  0.11393852E-06   863.99999953   -23308.29965392
    7100   14.20000000  0.69028307E-05 -0.11194011E-05  0.63842077E-07   863.99999953   -23308.29965374
    7110   14.22000000  0.69647770E-05 -0.12050830E-05  0.48077689E-08   863.99999953   -23308.29965355
    7120   14.24000000  0.70050768E-05 -0.12759075E-05 -0.62263361E-07   863.99999953   -23308.29965337
    7130   14.26000000  0.70232776E-05 -0.13310882E-05 -0.13618942E-06   863.99999953   -23308.29965320
    7140   14.28000000  0.70191899E-05 -0.13701023E-05 -0.21553508E-06   863.99999953   -23308.29965302
    7150   14.30000000  0.69928956E-05 -0.13926820E-05 -0.29864470E-06   863.99999953   -23308.29965286
    7160   14.32000000  0.69447522E-05 -0.13988041E-05 -0.38367979E-06   863.99999953   -23308.29965270
    7170   14.34000000  0.68753945E-05 -0.13886773E-05 -0.46866038E-06   863.99999953   -23308.29965254
    7180   14.36000000  0.67857333E-05 -0.13627276E-05 -0.55150895E-06   863.99999953   -23308.29965238
    7190   14.38000000  0.66769490E-05 -0.13215823E-05 -0.63009472E-06   863.99999953   -23308.29965223
    7200   14.40000000  0.65504814E-05 -0.12660510E-05 -0.70227889E-06   863.99999953   -23308.29965208
    7210   14.42000000  0.64080146E-05 -0.11971063E-05 -0.76595848E-06   863.99999953   -23308.29965193
    7220   14.44000000  0.62514569E-05 -0.11158613E-05 -0.81910880E-06   863.99999953   -23308.29965178
    7230   14.46000000  0.60829137E-05 -0.10235448E-05 -0.85982425E-06   863.99999953   -23308.29965163
    7240   14.48000000  0.59046560E-05 -0.92147725E-06 -0.88635655E-06   863.99999952   -23308.29965147
    7250   14.50000000  0.57190823E-05 -0.81104401E-06 -0.89715073E-06   863.99999952   -23308.29965132
    7260   14.52000000  0.55286751E-05 -0.69367023E-06 -0.89087871E-06   863.99999952   -23308.29965116
    7270   14.54000000  0.53359529E-05 -0.57079632E-06 -0.86647059E-06   863.99999952   -23308.29965100
    7280   14.56000000  0.51434188E-05 -0.44385630E-06 -0.82314232E-06   863.99999952   -23308.29965084
    7290   14.58000000  0.49535082E-05 -0.31425903E-06 -0.76042006E-06   863.99999952   -23308.29965068
    7300   14.60000000  0.47685353E-05 -0.18337392E-06 -0.67815997E-06   863.99999952   -23308.29965051
    7310   14.62000000  0.45906447E-05 -0.52520325E-07 -0.57656267E-06   863.99999952   -23308.29965034
    7320   14.64000000  0.44217662E-05  0.77038191E-07 -0.45618077E-06   863.99999952   -23308.29965017
    7330   14.66000000  0.42635776E-05  0.20409558E-06 -0.31791912E-06   863.99999952   -23308.29965000
    7340   14.68000000  0.41174755E-05  0.32750249E-06 -0.16302673E-06   863.99999952   -23308.29964983
    7350   14.70000000  0.39845561E-05  0.44616242E-06  0.69207724E-08   863.99999952   -23308.29964966
    7360   14.72000000  0.38656061E-05  0.55902770E-06  0.19004735E-06   863.99999952   -23308.29964949
    7370   14.74000000  0.37611036E-05  0.66509528E-06  0.38421114E-06   863.99999952   -23308.29964932
    7380   14.76000000  0.36712286E-05  0.76340424E-06  0.58704714E-06   863.99999952   -23308.29964916
    7390   14.78000000  0.35958807E-05  0.85303617E-06  0.79601554E-06   863.99999951   -23308.29964899
    7400   14.80000000  0.35347029E-05  0.93311894E-06  0.10084550E-05   863.99999951   -23308.29964882
    7410   14.82000000  0.34871103E-05  0.10028343E-05  0.12216380E-05   863.99999951   -23308.29964866
    7420   14.84000000  0.34523205E-05  0.10614294E-05  0.14328270E-05   863.99999951   -23308.29964850
    7430   14.86000000  0.34293856E-05  0.11082323E-05  0.16393287E-05   863.99999951   -23308.29964834
    7440   14.88000000  0.34172229E-05  0.11426702E-05  0.18385452E-05   863.99999951   -23308.29964818
    7450   14.90000000  0.34146451E-05  0.11642898E-05  0.20280195E-05   863.99999951   -23308.29964802
    7460   14.92000000  0.34203876E-05  0.11727776E-05  0.22054758E-05   863.99999951   -23308.29964787
    7470   14.94000000  0.34331332E-05  0.11679811E-05  0.23688522E-05   863.99999951   -23308.29964771
    7480   14.96000000  0.34515345E-05  0.11499251E-05  0.25163259E-05   863.99999951   -23308.29964755
    7490   14.98000000  0.34742338E-05  0.11188270E-05  0.26463316E-05   863.99999951   -23308.29964739
    7500   15.00000000  0.34998814E-05  0.10751053E-05  0.27575718E-05   863.99999951   -23308.29964723
    7510   15.02000000  0.35271522E-05  0.10193820E-05  0.28490214E-05   863.99999951   -23308.29964707
    7520   15.04000000  0.35547619E-05  0.95247928E-06  0.29199259E-05   863.99999951   -23308.29964691
    7530   15.06000000  0.35814831E-05  0.87540695E-06  0.29697952E-05   863.99999951   -23308.29964674
    7540   15.08000000  0.36061614E-05  0.78934428E-06  0.29983935E-05   863.99999950   -23308.29964658
    7550   15.10000000  0.36277320E-05  0.69561345E-06  0.30057259E-05   863.99999950   -23308.29964641
    7560   15.12000000  0.36452386E-05  0.59564883E-06  0.29920242E-05   863.99999950   -23308.29964624
    7570   15.14000000  0.36578511E-05  0.49096040E-06  0.29577304E-05   863.99999950   -23308.29964607
    7580   15.16000000  0.36648857E-05  0.38309565E-06  0.29034797E-05   863.99999950   -23308.29964590
    7590   15.18000000  0.36658222E-05  0.27360008E-06  0.28300844E-05   863.99999950   -23308.29964573
    7600   15.20000000  0.36603222E-05  0.16397953E-06  0.27385158E-05   863.99999950   -23308.29964556
    7610   15.22000000  0.36482426E-05  0.55665033E-07  0.26298879E-05   863.99999950   -23308.29964540
    7620   15.24000000  0.36296462E-05 -0.50017513E-07  0.25054403E-05   863.99999950   -23308.29964523
    7630   15.26000000  0.36048051E-05 -0.15187229E-06  0.23665206E-05   863.99999950   -23308.29964508
    7640   15.28000000  0.35741988E-05 -0.24885250E-06  0.22145677E-05   863.99999950   -23308.29964492
    7650   15.30000000  0.35385031E-05 -0.34007237E-06  0.20510954E-05   863.99999950   -23308.29964477
    7660   15.32000000  0.34985715E-05 -0.42481385E-06  0.18776758E-05   863.99999950   -23308.29964462
    7670   15.34000000  0.34554079E-05 -0.50252713E-06  0.16959247E-05   863.99999950   -23308.29964447
    7680   15.36000000  0.34101322E-05 -0.57282739E-06  0.15074879E-05   863.99999950   -23308.29964433
    7690   15.38000000  0.33639399E-05 -0.63548632E-06  0.13140303E-05   863.99999949   -23308.29964418
    7700   15.40000000  0.33180581E-05 -0.69042156E-06  0.11172263E-05   863.99999949   -23308.29964403
    7710   15.42000000  0.32736995E-05 -0.73768380E-06  0.91875395E-06   863.99999949   -23308.29964389
    7720   15.44000000  0.32320182E-05 -0.77744215E-06  0.72029112E-06   863.99999949   -23308.29964374
    7730   15.46000000  0.31940665E-05 -0.80996837E-06  0.52351354E-06   863.99999949   -23308.29964359
    7740   15.48000000  0.31607592E-05 -0.83562065E-06  0.33009399E-06   863.99999949   -23308.29964344
    7750   15.50000000  0.31328428E-05 -0.85482740E-06  0.14170223E-06   863.99999949   -23308.29964329
    7760   15.52000000  0.31108726E-05 -0.86807092E-06 -0.39996711E-07   863.99999949   -23308.29964313
    7770   15.54000000  0.30951987E-05 -0.87587167E-06 -0.21334611E-06   863.99999949   -23308.29964297
    7780   15.56000000  0.30859593E-05 -0.87877259E-06 -0.37670549E-06   863.99999949   -23308.29964282
    7790   15.58000000  0.30830834E-05 -0.87732470E-06 -0.52846224E-06   863.99999949   -23308.29964266
    7800   15.60000000  0.30862990E-05 -0.87207302E-06 -0.66704953E-06   863.99999949   -23308.29964250
    7810   15.62000000  0.30951506E-05 -0.86354389E-06 -0.79096904E-06   863.99999949   -23308.29964233
    7820   15.64000000  0.31090206E-05 -0.85223229E-06 -0.89881903E-06   863.99999949   -23308.29964217
    7830   15.66000000  0.31271580E-05 -0.83859133E-06 -0.98932665E-06   863.99999949   -23308.29964200
    7840   15.68000000  0.31487086E-05 -0.82302246E-06 -0.10613831E-05   863.99999948   -23308.29964184
    7850   15.70000000  0.31727523E-05 -0.80586738E-06 -0.11140790E-05   863.99999948   -23308.29964167
    7860   15.72000000  0.31983391E-05 -0.78740153E-06 -0.11467395E-05   863.99999948   -23308.29964150
    7870   15.74000000  0.32245283E-05 -0.76783024E-06 -0.11589548E-05   863.99999948   -23308.29964133
    7880   15.76000000  0.32504253E-05 -0.74728707E-06 -0.11506058E-05   863.99999948   -23308.29964116
    7890   15.78000000  0.32752172E-05 -0.72583501E-06 -0.11218823E-05   863.99999948   -23308.29964099
    7900   15.80000000  0.32982036E-05 -0.70347033E-06 -0.10732921E-05   863.99999948   -23308.29964082
    7910   15.82000000  0.33188216E-05 -0.68012976E-06 -0.10056617E-05   863.99999948   -23308.29964065
    7920   15.84000000  0.33366636E-05 -0.65570046E-06 -0.92012620E-06   863.99999948   -23308.29964048
    7930   15.86000000  0.33514860E-05 -0.63003230E-06 -0.81811173E-06   863.99999948   -23308.29964032
    7940   15.88000000  0.33632090E-05 -0.60295232E-06 -0.70130873E-06   863.99999948   -23308.29964016
    7950   15.90000000  0.33719064E-05 -0.57428137E-06 -0.57163913E-06   863.99999948   -23308.29964000
    7960   15.92000000  0.33777870E-05 -0.54385118E-06 -0.43121817E-06   863.99999948   -23308.29963984
    7970   15.94000000  0.33811684E-05 -0.51152218E-06 -0.28231216E-06   863.99999948   -23308.29963969
    7980   15.96000000  0.33824448E-05 -0.47720068E-06 -0.12729489E-06   863.99999947   -23308.29963954
    7990   15.98000000  0.33820517E-05 -0.44085482E-06  0.31397305E-07   863.99999947   -23308.29963939
    8000   16.00000000  0.33804289E-05 -0.40252872E-06  0.19130971E-06   863.99999947   -23308.29963924
    8010   16.02000000  0.33779857E-05 -0.36235376E-06  0.35001302E-06   863.99999947   -23308.29963909
    8020   16.04000000  0.33750694E-05 -0.32055618E-06  0.50514377E-06   863.99999947   -23308.29963894
    8030   16.06000000  0.33719396E-05 -0.27746057E-06  0.65444316E-06   863.99999947   -23308.29963879
    8040   16.08000000  0.33687507E-05 -0.23348884E-06  0.79579220E-06   863.99999947   -23308.29963863
    8050   16.10000000  0.33655418E-05 -0.18915430E-06  0.92724374E-06   863.99999947   -23308.29963847
    8060   16.12000000  0.33622360E-05 -0.14505086E-06  0.10470502E-05   863.99999947   -23308.29963831
    8070   16.14000000  0.33586475E-05 -0.10183737E-06  0.11536873E-05   863.99999947   -23308.29963815
    8080   16.16000000  0.33544962E-05 -0.60218622E-07  0.12458726E-05   863.99999947   -23308.29963798
    8090   16.18000000  0.33494297E-05 -0.20922339E-07  0.13225802E-05   863.99999947   -23308.29963781
    8100   16.20000000  0.33430475E-05  0.15324988E-07  0.13830494E-05   863.99999947   -23308.29963764
    8110   16.22000000  0.33349298E-05  0.47824527E-07  0.14267888E-05   863.99999947   -23308.29963747
    8120   16.24000000  0.33246650E-05  0.75930236E-07  0.14535769E-05   863.99999947   -23308.29963731
    8130   16.26000000  0.33118769E-05  0.99073367E-07  0.14634570E-05   863.99999946   -23308.29963714
    8140   16.28000000  0.32962462E-05  0.11678352E-06  0.14567296E-05   863.99999946   -23308.29963698
    8150   16.30000000  0.32775286E-05  0.12870747E-06  0.14339420E-05   863.99999946   -23308.29963681
    8160   16.32000000  0.32555650E-05  0.13462207E-06  0.13958755E-05   863.99999946   -23308.29963665
    8170   16.34000000  0.32302853E-05  0.13444337E-06  0.13435309E-05   863.99999946   -23308.29963649
    8180   16.36000000  0.32017065E-05  0.12822944E-06  0.12781131E-05   863.99999946   -23308.29963633
    8190   16.38000000  0.31699235E-05  0.11617826E-06  0.12010142E-05   863.99999946   -23308.29963617
    8200   16.40000000  0.31350967E-05  0.98620073E-07  0.11137949E-05   863.99999946   -23308.29963602
    8210   16.42000000  0.30974363E-05  0.76004733E-07  0.10181649E-05   863.99999946   -23308.29963586
    8220   16.44000000  0.30571863E-05  0.48884873E-07  0.91596077E-06   863.99999946   -23308.29963570
    8230   16.46000000  0.30146092E-05  0.17895859E-07  0.80912092E-06   863.99999946   -23308.29963554
    8240   16.48000000  0.29699742E-05 -0.16266026E-07  0.69965777E-06   863.99999946   -23308.29963538
    8250   16.50000000  0.29235487E-05 -0.52866162E-07  0.58962663E-06   863.99999946   -23308.29963522
    8260   16.52000000  0.28755949E-05 -0.91153674E-07  0.48109168E-06   863.99999946   -23308.29963507
    8270   16.54000000  0.28263700E-05 -0.13038083E-06  0.37608894E-06   863.99999946   -23308.29963491
    8280   16.56000000  0.27761304E-05 -0.16981993E-06  0.27658764E-06   863.99999945   -23308.29963475
    8290   16.58000000  0.27251393E-05 -0.20877518E-06  0.18445004E-06   863.99999945   -23308.29963459
    8300   16.60000000  0.26736742E-05 -0.24659164E-06  0.10139193E-06   863.99999945   -23308.29963443
    8310   16.62000000  0.26220349E-05 -0.28265855E-06  0.28944586E-07   863.99999945   -23308.29963427
    8320   16.64000000  0.25705491E-05 -0.31640969E-06 -0.31580296E-07   863.99999945   -23308.29963411
    8330   16.66000000  0.25195757E-05 -0.34732109E-06 -0.79121288E-07   863.99999945   -23308.29963395
    8340   16.68000000  0.24695048E-05 -0.37490746E-06 -0.11289242E-06   863.99999945   -23308.29963379
    8350   16.70000000  0.24207535E-05 -0.39871818E-06 -0.13240185E-06   863.99999945   -23308.29963363
    8360   16.72000000  0.23737589E-05 -0.41833568E-06 -0.13746264E-06   863.99999945   -23308.29963347
    8370   16.74000000  0.23289688E-05 -0.43337552E-06 -0.12819610E-06   863.99999945   -23308.29963331
    8380   16.76000000  0.22868298E-05 -0.44349022E-06 -0.10502648E-06   863.99999945   -23308.29963315
    8390   16.78000000  0.22477761E-05 -0.44837668E-06 -0.68667576E-07   863.99999945   -23308.29963299
    8400   16.80000000  0.22122171E-05 -0.44778661E-06 -0.20101731E-07   863.99999945   -23308.29963283
    8410   16.82000000  0.21805274E-05 -0.44153958E-06  0.39447611E-07   863.99999945   -23308.29963267
    8420   16.84000000  0.21530374E-05 -0.42953683E-06  0.10855033E-06   863.99999945   -23308.29963251
    8430   16.86000000  0.21300259E-05 -0.41177510E-06  0.18560752E-06   863.99999944   -23308.29963236
    8440   16.88000000  0.21117145E-05 -0.38835804E-06  0.26889367E-06   863.99999944   -23308.29963220
    8450   16.90000000  0.20982632E-05 -0.35950474E-06  0.35659981E-06   863.99999944   -23308.29963204
    8460   16.92000000  0.20897670E-05 -0.32555376E-06  0.44687717E-06   863.99999944   -23308.29963189
    8470   16.94000000  0.20862535E-05 -0.28696194E-06  0.53788003E-06   863.99999944   -23308.29963173
    8480   16.96000000  0.20876802E-05 -0.24429924E-06  0.62780597E-06   863.99999944   -23308.29963158
    8490   16.98000000  0.20939331E-05 -0.19823804E-06  0.71493304E-06   863.99999944   -23308.29963142
    8500   17.00000000  0.21048258E-05 -0.14953993E-06  0.79765310E-06   863.99999944   -23308.29963127
    8510   17.02000000  0.21200994E-05 -0.99039718E-07  0.87450003E-06   863.99999944   -23308.29963112
    8520   17.04000000  0.21394248E-05 -0.47628242E-07  0.94417394E-06   863.99999944   -23308.29963097
    8530   17.06000000  0.21624059E-05  0.37653462E-08  0.10055590E-05   863.99999944   -23308.29963082
    8540   17.08000000  0.21885872E-05  0.54190216E-07  0.10577378E-05   863.99999944   -23308.29963068
    8550   17.10000000  0.22174627E-05  0.10269067E-06  0.10999991E-05   863.99999944   -23308.29963053
    8560   17.12000000  0.22484887E-05  0.14832118E-06  0.11318418E-05   863.99999944   -23308.29963039
    8570   17.14000000  0.22810987E-05  0.19016193E-06  0.11529736E-05   863.99999944   -23308.29963024
    8580   17.16000000  0.23147200E-05  0.22733341E-06  0.11633057E-05   863.99999943   -23308.29963010
    8590   17.18000000  0.23487911E-05  0.25901275E-06  0.11629426E-05   863.99999943   -23308.29962995
    8600   17.20000000  0.23827782E-05  0.28445016E-06  0.11521694E-05   863.99999943   -23308.29962980
    8610   17.22000000  0.24161893E-05  0.30298643E-06  0.11314341E-05   863.99999943   -23308.29962965
    8620   17.24000000  0.24485859E-05  0.31407166E-06  0.11013289E-05   863.99999943   -23308.29962950
    8630   17.26000000  0.24795886E-05  0.31728372E-06  0.10625683E-05   863.99999943   -23308.29962935
    8640   17.28000000  0.25088785E-05  0.31234569E-06  0.10159660E-05   863.99999943   -23308.29962919
    8650   17.30000000  0.25361926E-05  0.29914115E-06  0.96241106E-06   863.99999943   -23308.29962904
    8660   17.32000000  0.25613135E-05  0.27772629E-06  0.90284442E-06   863.99999943   -23308.29962888
    8670   17.34000000  0.25840549E-05  0.24833627E-06  0.83823589E-06   863.99999943   -23308.29962873
    8680   17.36000000  0.26042445E-05  0.21138555E-06  0.76956228E-06   863.99999943   -23308.29962857
    8690   17.38000000  0.26217059E-05  0.16746203E-06  0.69778875E-06   863.99999943   -23308.29962841
    8700   17.40000000  0.26362413E-05  0.11731303E-06  0.62385123E-06   863.99999943   -23308.29962825
    8710   17.42000000  0.26476184E-05  0.61825083E-07  0.54864293E-06   863.99999943   -23308.29962809
    8720   17.44000000  0.26555618E-05  0.19971531E-08  0.47300349E-06   863.99999943   -23308.29962794
    8730   17.46000000  0.26597523E-05 -0.61090287E-07  0.39771169E-06   863.99999942   -23308.29962778
    8740   17.48000000  0.26598327E-05 -0.12630899E-06  0.32348069E-06   863.99999942   -23308.29962762
    8750   17.50000000  0.26554227E-05 -0.19251754E-06  0.25095695E-06   863.99999942   -23308.29962747
    8760   17.52000000  0.26461405E-05 -0.25859370E-06  0.18072083E-06   863.99999942   -23308.29962731
    8770   17.54000000  0.26316297E-05 -0.32346414E-06  0.11328959E-06   863.99999942   -23308.29962716
    8780   17.56000000  0.26115905E-05 -0.38612827E-06  0.49121825E-07   863.99999942   -23308.29962700
    8790   17.58000000  0.25858119E-05 -0.44567640E-06 -0.11377495E-07   863.99999942   -23308.29962685
    8800   17.60000000  0.25542021E-05 -0.50130150E-06 -0.67850829E-07   863.99999942   -23308.29962670
    8810   17.62000000  0.25168152E-05 -0.55230476E-06 -0.11998247E-06   863.99999942   -23308.29962656
    8820   17.64000000  0.24738706E-05 -0.59809655E-06 -0.16749194E-06   863.99999942   -23308.29962641
    8830   17.66000000  0.24257651E-05 -0.63819362E-06 -0.21012829E-06   863.99999942   -23308.29962627
    8840   17.68000000  0.23730748E-05 -0.67221473E-06 -0.24766388E-06   863.99999942   -23308.29962612
    8850   17.70000000  0.23165471E-05 -0.69987621E-06 -0.27988882E-06   863.99999942   -23308.29962598
    8860   17.72000000  0.22570839E-05 -0.72098868E-06 -0.30660515E-06   863.99999942   -23308.29962584
    8870   17.74000000  0.21957152E-05 -0.73545596E-06 -0.32762185E-06   863.99999941   -23308.29962570
    8880   17.76000000  0.21335667E-05 -0.74327659E-06 -0.34275080E-06   863.99999941   -23308.29962556
    8890   17.78000000  0.20718218E-05 -0.74454737E-06 -0.35180404E-06   863.99999941   -23308.29962541
    8900   17.80000000  0.20116812E-05 -0.73946826E-06 -0.35459271E-06   863.99999941   -23308.29962527
    8910   17.82000000  0.19543222E-05 -0.72834710E-06 -0.35092900E-06   863.99999941   -23308.29962512
    8920   17.84000000  0.19008587E-05 -0.71160294E-06 -0.34063038E-06   863.99999941   -23308.29962497
    8930   17.86000000  0.18523063E-05 -0.68976614E-06 -0.32352762E-06   863.99999941   -23308.29962482
    8940   17.88000000  0.18095512E-05 -0.66347444E-06 -0.29947470E-06   863.99999941   -23308.29962466
    8950   17.90000000  0.17733261E-05 -0.63346315E-06 -0.26836314E-06   863.99999941   -23308.29962451
    8960   17.92000000  0.17441931E-05 -0.60055114E-06 -0.23013652E-06   863.99999941   -23308.29962435
    8970   17.94000000  0.17225342E-05 -0.56562028E-06 -0.18480789E-06   863.99999941   -23308.29962419
    8980   17.96000000  0.17085482E-05 -0.52959103E-06 -0.13247653E-06   863.99999941   -23308.29962403
    8990   17.98000000  0.17022545E-05 -0.49339492E-06 -0.73343929E-07   863.99999941   -23308.29962387
    9000   18.00000000  0.17035021E-05 -0.45794489E-06 -0.77279623E-08   863.99999941   -23308.29962371
    9010   18.02000000  0.17119840E-05 -0.42410529E-06  0.63925847E-07   863.99999941   -23308.29962356
    9020   18.04000000  0.17272533E-05 -0.39266328E-06  0.14103771E-06   863.99999940   -23308.29962341
    9030   18.06000000  0.17487419E-05 -0.36430259E-06  0.22289081E-06   863.99999940   -23308.29962326
    9040   18.08000000  0.17757797E-05 -0.33958137E-06  0.30863399E-06   863.99999940   -23308.29962311
    9050   18.10000000  0.18076134E-05 -0.31891430E-06  0.39728989E-06   863.99999940   -23308.29962297
    9060   18.12000000  0.18434243E-05 -0.30256002E-06  0.48776831E-06   863.99999940   -23308.29962282
    9070   18.14000000  0.18823451E-05 -0.29061518E-06  0.57888450E-06   863.99999940   -23308.29962268
    9080   18.16000000  0.19234752E-05 -0.28301350E-06  0.66938221E-06   863.99999940   -23308.29962254
    9090   18.18000000  0.19658951E-05 -0.27953178E-06  0.75796072E-06   863.99999940   -23308.29962241
    9100   18.20000000  0.20086799E-05 -0.27980130E-06  0.84330478E-06   863.99999940   -23308.29962227
    9110   18.22000000  0.20509139E-05 -0.28332498E-06  0.92411658E-06   863.99999940   -23308.29962212
    9120   18.24000000  0.20917044E-05 -0.28949885E-06  0.99914883E-06   863.99999940   -23308.29962198
    9130   18.26000000  0.21301977E-05 -0.29763737E-06  0.10672370E-05   863.99999940   -23308.29962183
    9140   18.28000000  0.21655948E-05 -0.30700069E-06  0.11273295E-05   863.99999940   -23308.29962168
    9150   18.30000000  0.21971697E-05 -0.31682260E-06  0.11785149E-05   863.99999940   -23308.29962153
    9160   18.32000000  0.22242860E-05 -0.32633748E-06  0.12200443E-05   863.99999940   -23308.29962138
    9170   18.34000000  0.22464144E-05 -0.33480522E-06  0.12513479E-05   863.99999939   -23308.29962122
    9180   18.36000000  0.22631487E-05 -0.34153185E-06  0.12720442E-05   863.99999939   -23308.29962106
    9190   18.38000000  0.22742178E-05 -0.34588601E-06  0.12819434E-05   863.99999939   -23308.29962090
    9200   18.40000000  0.22794949E-05 -0.34731040E-06  0.12810416E-05   863.99999939   -23308.29962073
    9210   18.42000000  0.22790018E-05 -0.34532866E-06  0.12695104E-05   863.99999939   -23308.29962057
    9220   18.44000000  0.22729072E-05 -0.33954800E-06  0.12476780E-05   863.99999939   -23308.29962040
    9230   18.46000000  0.22615190E-05 -0.32965920E-06  0.12160074E-05   863.99999939   -23308.29962024
    9240   18.48000000  0.22452720E-05 -0.31543505E-06  0.11750709E-05   863.99999939   -23308.29962008
    9250   18.50000000  0.22247097E-05 -0.29672857E-06  0.11255218E-05   863.99999939   -23308.29961992
    9260   18.52000000  0.22004633E-05 -0.27347274E-06  0.10680678E-05   863.99999939   -23308.29961976
    9270   18.54000000  0.21732272E-05 -0.24568201E-06  0.10034456E-05   863.99999939   -23308.29961960
    9280   18.56000000  0.21437348E-05 -0.21345627E-06  0.93239773E-06   863.99999939   -23308.29961944
    9290   18.58000000  0.21127344E-05 -0.17698728E-06  0.85565512E-06   863.99999939   -23308.29961929
    9300   18.60000000  0.20809670E-05 -0.13656631E-06  0.77392347E-06   863.99999939   -23308.29961914
    9310   18.62000000  0.20491473E-05 -0.92591938E-07  0.68787559E-06   863.99999939   -23308.29961899
    9320   18.64000000  0.20179479E-05 -0.45576609E-07  0.59814933E-06   863.99999938   -23308.29961884
    9330   18.66000000  0.19879883E-05  0.38500976E-08  0.50535003E-06   863.99999938   -23308.29961869
    9340   18.68000000  0.19598259E-05  0.54942581E-07  0.41005834E-06   863.99999938   -23308.29961854
    9350   18.70000000  0.19339519E-05  0.10684660E-06  0.31284038E-06   863.99999938   -23308.29961839
    9360   18.72000000  0.19107889E-05  0.15861308E-06  0.21426167E-06   863.99999938   -23308.29961824
    9370   18.74000000  0.18906915E-05  0.20921878E-06  0.11490091E-06   863.99999938   -23308.29961809
    9380   18.76000000  0.18739470E-05  0.25759337E-06  0.15364320E-07   863.99999938   -23308.29961794
    9390   18.78000000  0.18607778E-05  0.30265119E-06 -0.83702391E-07   863.99999938   -23308.29961779
    9400   18.80000000  0.18513442E-05  0.34332719E-06 -0.18160419E-06   863.99999938   -23308.29961764
    9410   18.82000000  0.18457461E-05  0.37861338E-06 -0.27759103E-06   863.99999938   -23308.29961750
    9420   18.84000000  0.18440255E-05  0.40759549E-06 -0.37085724E-06   863.99999938   -23308.29961735
    9430   18.86000000  0.18461679E-05  0.42948629E-06 -0.46054481E-06   863.99999938   -23308.29961720
    9440   18.88000000  0.18521025E-05  0.44365433E-06 -0.54575260E-06   863.99999938   -23308.29961706
    9450   18.90000000  0.18617027E-05  0.44964672E-06 -0.62554886E-06   863.99999938   -23308.29961691
    9460   18.92000000  0.18747854E-05  0.44720451E-06 -0.69898830E-06   863.99999938   -23308.29961677
    9470   18.94000000  0.18911105E-05  0.43627088E-06 -0.76513115E-06   863.99999937   -23308.29961663
    9480   18.96000000  0.19103793E-05  0.41699107E-06 -0.82306375E-06   863.99999937   -23308.29961649
    9490   18.98000000  0.19322344E-05  0.38970564E-06 -0.87191947E-06   863.99999937   -23308.29961635
    9500   19.00000000  0.19562588E-05  0.35493631E-06 -0.91089786E-06   863.99999937   -23308.29961621
    9510   19.02000000  0.19819773E-05  0.31336703E-06 -0.93928309E-06   863.99999937   -23308.29961608
    9520   19.04000000  0.20088591E-05  0.26581935E-06 -0.95645815E-06   863.99999937   -23308.29961594
    9530   19.06000000  0.20363209E-05  0.21322503E-06 -0.96191780E-06   863.99999937   -23308.29961580
    9540   19.08000000  0.20637348E-05  0.15659532E-06 -0.95527729E-06   863.99999937   -23308.29961566
    9550   19.10000000  0.20904356E-05  0.96989453E-07 -0.93627938E-06   863.99999937   -23308.29961552
    9560   19.12000000  0.21157329E-05  0.35482367E-07 -0.90479910E-06   863.99999937   -23308.29961537
    9570   19.14000000  0.21389234E-05 -0.26866798E-07 -0.86084708E-06   863.99999937   -23308.29961522
    9580   19.16000000  0.21593061E-05 -0.89044064E-07 -0.80457262E-06   863.99999937   -23308.29961508
    9590   19.18000000  0.21761983E-05 -0.15010773E-06 -0.73626651E-06   863.99999937   -23308.29961493
    9600   19.20000000  0.21889526E-05 -0.20921083E-06 -0.65636392E-06   863.99999937   -23308.29961477
    9610   19.22000000  0.21969739E-05 -0.26561936E-06 -0.56544736E-06   863.99999937   -23308.29961462
    9620   19.24000000  0.21997364E-05 -0.31872409E-06 -0.46424939E-06   863.99999936   -23308.29961446
    9630   19.26000000  0.21967988E-05 -0.36804697E-06 -0.35365385E-06   863.99999936   -23308.29961431
    9640   19.28000000  0.21878189E-05 -0.41324066E-06 -0.23469494E-06   863.99999936   -23308.29961415
    9650   19.30000000  0.21725663E-05 -0.45408186E-06 -0.10855300E-06   863.99999936   -23308.29961400
    9660   19.32000000  0.21509327E-05 -0.49045869E-06  0.23454049E-07   863.99999936   -23308.29961384
    9670   19.34000000  0.21229404E-05 -0.52235374E-06  0.15988399E-06   863.99999936   -23308.29961369
    9680   19.36000000  0.20887478E-05 -0.54982349E-06  0.29918885E-06   863.99999936   -23308.29961354
    9690   19.38000000  0.20486532E-05 -0.57297586E-06  0.43973851E-06   863.99999936   -23308.29961339
    9700   19.40000000  0.20030944E-05 -0.59194760E-06  0.57984808E-06   863.99999936   -23308.29961324
    9710   19.42000000  0.19526466E-05 -0.60688365E-06  0.71780901E-06   863.99999936   -23308.29961309
    9720   19.44000000  0.18980158E-05 -0.61791968E-06  0.85192036E-06   863.99999936   -23308.29961294
    9730   19.46000000  0.18400298E-05 -0.62516898E-06  0.98052124E-06   863.99999936   -23308.29961279
    9740   19.48000000  0.17796244E-05 -0.62871577E-06  0.11020208E-05   863.99999936   -23308.29961264
    9750   19.50000000  0.17178266E-05 -0.62861347E-06  0.12149256E-05   863.99999936   -23308.29961249
    9760   19.52000000  0.16557339E-05 -0.62488905E-06  0.13178623E-05   863.99999936   -23308.29961235
    9770   19.54000000  0.15944901E-05 -0.61755315E-06  0.14095965E-05   863.99999935   -23308.29961220
    9780   19.56000000  0.15352591E-05 -0.60661310E-06  0.14890467E-05   863.99999935   -23308.29961205
    9790   19.58000000  0.14791965E-05 -0.59208919E-06  0.15552945E-05   863.99999935   -23308.29961191
    9800   19.60000000  0.14274194E-05 -0.57403112E-06  0.16075906E-05   863.99999935   -23308.29961176
    9810   19.62000000  0.13809775E-05 -0.55253387E-06  0.16453584E-05   863.99999935   -23308.29961161
    9820   19.64000000  0.13408246E-05 -0.52775059E-06  0.16681962E-05   863.99999935   -23308.29961146
    9830   19.66000000  0.13077924E-05 -0.49990221E-06  0.16758769E-05   863.99999935   -23308.29961131
    9840   19.68000000  0.12825681E-05 -0.46928188E-06  0.16683488E-05   863.99999935   -23308.29961116
    9850   19.70000000  0.12656757E-05 -0.43625520E-06  0.16457334E-05   863.99999935   -23308.29961100
    9860   19.72000000  0.12574617E-05 -0.40125475E-06  0.16083243E-05   863.99999935   -23308.29961085
    9870   19.74000000  0.12580876E-05 -0.36477147E-06  0.15565838E-05   863.99999935   -23308.29961069
    9880   19.76000000  0.12675264E-05 -0.32734162E-06  0.14911381E-05   863.99999935   -23308.29961053
    9890   19.78000000  0.12855653E-05 -0.28953200E-06  0.14127700E-05   863.99999935   -23308.29961037
    9900   19.80000000  0.13118136E-05 -0.25192370E-06  0.13224102E-05   863.99999935   -23308.29961021
    9910   19.82000000  0.13457154E-05 -0.21509516E-06  0.12211243E-05   863.99999934   -23308.29961005
    9920   19.84000000  0.13865662E-05 -0.17960612E-06  0.11100985E-05   863.99999934   -23308.29960989
    9930   19.86000000  0.14335332E-05 -0.14598248E-06  0.99062219E-06   863.99999934   -23308.29960973
    9940   19.88000000  0.14856781E-05 -0.11470264E-06  0.86406963E-06   863.99999934   -23308.29960957
    9950   19.90000000  0.15419818E-05 -0.86186066E-07  0.73187953E-06   863.99999934   -23308.29960941
    9960   19.92000000  0.16013699E-05 -0.60783514E-07  0.59553460E-06   863.99999934   -23308.29960925
    9970   19.94000000  0.16627388E-05 -0.38769486E-07  0.45654186E-06   863.99999934   -23308.29960909
    9980   19.96000000  0.17249794E-05 -0.20337278E-07  0.31641287E-06   863.99999934   -23308.29960893
    9990   19.98000000  0.17870018E-05 -0.55957616E-08  0.17664580E-06   863.99999934   -23308.29960878
   10000   20.00000000  0.18477552E-05  0.54314814E-08  0.38707884E-07   863.99999934   -23308.29960862
   10010   20.02000000  0.19062474E-05  0.12804266E-07 -0.95979681E-07   863.99999934   -23308.29960847
   10020   20.04000000  0.19615597E-05  0.16662243E-07 -0.22605682E-06   863.99999934   -23308.29960831
   10030   20.06000000  0.20128593E-05  0.17218995E-07 -0.35023798E-06   863.99999934   -23308.29960816
   10040   20.08000000  0.20594087E-05  0.14754228E-07 -0.46732503E-06   863.99999934   -23308.29960801
   10050   20.10000000  0.21005725E-05  0.96042614E-08 -0.57621937E-06   863.99999934   -23308.29960786
   10060   20.12000000  0.21358212E-05  0.21516959E-08 -0.67593376E-06   863.99999933   -23308.29960771
   10070   20.14000000  0.21647336E-05 -0.71855265E-08 -0.76560278E-06   863.99999933   -23308.29960756
   10080   20.16000000  0.21869973E-05 -0.17965737E-07 -0.84449218E-06   863.99999933   -23308.29960741
   10090   20.18000000  0.22024083E-05 -0.29734160E-07 -0.91200649E-06   863.99999933   -23308.29960725
   10100   20.20000000  0.22108695E-05 -0.42033505E-07 -0.96769407E-06   863.99999933   -23308.29960710
   10110   20.22000000  0.22123886E-05 -0.54413364E-07 -0.10112496E-05   863.99999933   -23308.29960695
   10120   20.24000000  0.22070751E-05 -0.66438553E-07 -0.10425129E-05   863.99999933   -23308.29960679
   10130   20.26000000  0.21951362E-05 -0.77696207E-07 -0.10614639E-05   863.99999933   -23308.29960664
   10140   20.28000000  0.21768715E-05 -0.87801892E-07 -0.10682147E-05   863.99999933   -23308.29960648
   10150   20.30000000  0.21526663E-05 -0.96404276E-07 -0.10629973E-05   863.99999933   -23308.29960633
   10160   20.32000000  0.21229828E-05 -0.10318887E-06 -0.10461499E-05   863.99999933   -23308.29960617
   10170   20.34000000  0.20883508E-05 -0.10788081E-06 -0.10181005E-05   863.99999933   -23308.29960601
   10180   20.36000000  0.20493555E-05 -0.11024668E-06 -0.97935064E-06   863.99999933   -23308.29960585
   10190   20.38000000  0.20066254E-05 -0.11009462E-06 -0.93045914E-06   863.99999933   -23308.29960570
   10200   20.40000000  0.19608182E-05 -0.10727479E-06 -0.87202773E-06   863.99999933   -23308.29960554
   10210   20.42000000  0.19126090E-05 -0.10167816E-06 -0.80468981E-06   863.99999932   -23308.29960538
   10220   20.44000000  0.18626766E-05 -0.93235253E-07 -0.72910197E-06   863.99999932   -23308.29960523
   10230   20.46000000  0.18116928E-05 -0.81914066E-07 -0.64593999E-06   863.99999932   -23308.29960508
   10240   20.48000000  0.17603126E-05 -0.67718602E-07 -0.55589857E-06   863.99999932   -23308.29960492
   10250   20.50000000  0.17091669E-05 -0.50686772E-07 -0.45969493E-06   863.99999932   -23308.29960477
   10260   20.52000000  0.16588561E-05 -0.30889296E-07 -0.35807533E-06   863.99999932   -23308.29960462
   10270   20.54000000  0.16099467E-05 -0.84288091E-08 -0.25182424E-06   863.99999932   -23308.29960448
   10280   20.56000000  0.15629679E-05  0.16560233E-07 -0.14177480E-06   863.99999932   -23308.29960433
   10290   20.58000000  0.15184099E-05  0.43911179E-07 -0.28818787E-07   863.99999932   -23308.29960418
   10300   20.60000000  0.14767215E-05  0.73424161E-07  0.86083923E-07   863.99999932   -23308.29960404
   10310   20.62000000  0.14383088E-05  0.10486452E-06  0.20189879E-06   863.99999932   -23308.29960389
   10320   20.64000000  0.14035319E-05  0.13796081E-06  0.31751379E-06   863.99999932   -23308.29960375
   10330   20.66000000  0.13727022E-05  0.17240306E-06  0.43174172E-06   863.99999932   -23308.29960360
   10340   20.68000000  0.13460781E-05  0.20784068E-06  0.54332802E-06   863.99999932   -23308.29960346
   10350   20.70000000  0.13238615E-05  0.24388094E-06  0.65096569E-06   863.99999932   -23308.29960332
   10360   20.72000000  0.13061937E-05  0.28008796E-06  0.75331686E-06   863.99999931   -23308.29960318
   10370   20.74000000  0.12931523E-05  0.31598269E-06  0.84904042E-06   863.99999931   -23308.29960304
   10380   20.76000000  0.12847501E-05  0.35104446E-06  0.93682657E-06   863.99999931   -23308.29960290
   10390   20.78000000  0.12809355E-05  0.38471396E-06  0.10154348E-05   863.99999931   -23308.29960276
   10400   20.80000000  0.12815947E-05  0.41639886E-06  0.10837352E-05   863.99999931   -23308.29960262
   10410   20.82000000  0.12865576E-05  0.44548188E-06  0.11407500E-05   863.99999931   -23308.29960248
   10420   20.84000000  0.12956053E-05  0.47133122E-06  0.11856922E-05   863.99999931   -23308.29960234
   10430   20.86000000  0.13084801E-05  0.49331399E-06  0.12180006E-05   863.99999931   -23308.29960220
   10440   20.88000000  0.13248966E-05  0.51081167E-06  0.12373660E-05   863.99999931   -23308.29960206
   10450   20.90000000  0.13445543E-05  0.52323727E-06  0.12437494E-05   863.99999931   -23308.29960192
   10460   20.92000000  0.13671503E-05  0.53005345E-06  0.12373880E-05   863.99999931   -23308.29960177
   10470   20.94000000  0.13923910E-05  0.53079040E-06  0.12187908E-05   863.99999931   -23308.29960163
   10480   20.96000000  0.14200025E-05  0.52506248E-06  0.11887212E-05   863.99999931   -23308.29960149
   10490   20.98000000  0.14497402E-05  0.51258253E-06  0.11481705E-05   863.99999931   -23308.29960134
   10500   21.00000000  0.14813944E-05  0.49317362E-06  0.10983220E-05   863.99999931   -23308.29960120
   10510   21.02000000  0.15147951E-05  0.46677612E-06  0.10405086E-05   863.99999930   -23308.29960105
   10520   21.04000000  0.15498128E-05  0.43345161E-06  0.97616657E-06   863.99999930   -23308.29960091
   10530   21.06000000  0.15863579E-05  0.39338207E-06  0.90678861E-06   863.99999930   -23308.29960076
   10540   21.08000000  0.16243769E-05  0.34686537E-06  0.83387873E-06   863.99999930   -23308.29960061
   10550   21.10000000  0.16638471E-05  0.29430735E-06  0.75891104E-06   863.99999930   -23308.29960047
   10560   21.12000000  0.17047678E-05  0.23621166E-06  0.68329509E-06   863.99999930   -23308.29960032
   10570   21.14000000  0.17471517E-05  0.17316712E-06  0.60834756E-06   863.99999930   -23308.29960017
   10580   21.16000000  0.17910127E-05  0.10583467E-06  0.53527292E-06   863.99999930   -23308.29960003
   10590   21.18000000  0.18363530E-05  0.34933475E-07  0.46515002E-06   863.99999930   -23308.29959988
   10600   21.20000000  0.18831490E-05 -0.38772368E-07  0.39892647E-06   863.99999930   -23308.29959974
   10610   21.22000000  0.19313365E-05 -0.11448668E-06  0.33741722E-06   863.99999930   -23308.29959960
   10620   21.24000000  0.19807963E-05 -0.19139300E-06  0.28130690E-06   863.99999930   -23308.29959945
   10630   21.26000000  0.20313395E-05 -0.26866558E-06  0.23115423E-06   863.99999930   -23308.29959931
   10640   21.28000000  0.20826958E-05 -0.34547877E-06  0.18739624E-06   863.99999930   -23308.29959917
   10650   21.30000000  0.21345043E-05 -0.42101628E-06  0.15035190E-06   863.99999930   -23308.29959902
   10660   21.32000000  0.21863076E-05 -0.49447876E-06  0.12022437E-06   863.99999929   -23308.29959888
   10670   21.34000000  0.22375507E-05 -0.56509127E-06  0.97101235E-07   863.99999929   -23308.29959873
   10680   21.36000000  0.22875851E-05 -0.63211022E-06  0.80954211E-07   863.99999929   -23308.29959858
   10690   21.38000000  0.23356790E-05 -0.69482951E-06  0.71637576E-07   863.99999929   -23308.29959843
   10700   21.40000000  0.23810318E-05 -0.75258679E-06  0.68887772E-07   863.99999929   -23308.29959829
   10710   21.42000000  0.24227945E-05 -0.80476869E-06  0.72323973E-07   863.99999929   -23308.29959814
   10720   21.44000000  0.24600938E-05 -0.85081621E-06  0.81450999E-07   863.99999929   -23308.29959798
   10730   21.46000000  0.24920591E-05 -0.89022887E-06  0.95665889E-07   863.99999929   -23308.29959783
   10740   21.48000000  0.25178517E-05 -0.92256845E-06  0.11426656E-06   863.99999929   -23308.29959768
   10750   21.50000000  0.25366943E-05 -0.94746126E-06  0.13646457E-06   863.99999929   -23308.29959752
   10760   21.52000000  0.25478991E-05 -0.96459960E-06  0.16140002E-06   863.99999929   -23308.29959737
   10770   21.54000000  0.25508937E-05 -0.97374207E-06  0.18815949E-06   863.99999929   -23308.29959721
   10780   21.56000000  0.25452443E-05 -0.97471271E-06  0.21579471E-06   863.99999929   -23308.29959705
   10790   21.58000000  0.25306742E-05 -0.96739953E-06  0.24334324E-06   863.99999929   -23308.29959689
   10800   21.60000000  0.25070780E-05 -0.95175288E-06  0.26984872E-06   863.99999929   -23308.29959673
   10810   21.62000000  0.24745299E-05 -0.92778333E-06  0.29438154E-06   863.99999928   -23308.29959657
   10820   21.64000000  0.24332865E-05 -0.89556058E-06  0.31605912E-06   863.99999928   -23308.29959641
   10830   21.66000000  0.23837846E-05 -0.85521270E-06  0.33406490E-06   863.99999928   -23308.29959625
   10840   21.68000000  0.23266322E-05 -0.80692681E-06  0.34766678E-06   863.99999928   -23308.29959609
   10850   21.70000000  0.22625946E-05 -0.75095016E-06  0.35623277E-06   863.99999928   -23308.29959593
   10860   21.72000000  0.21925748E-05 -0.68759293E-06  0.35924546E-06   863.99999928   -23308.29959578
   10870   21.74000000  0.21175897E-05 -0.61723117E-06  0.35631259E-06   863.99999928   -23308.29959562
   10880   21.76000000  0.20387419E-05 -0.54031054E-06  0.34717515E-06   863.99999928   -23308.29959547
   10890   21.78000000  0.19571893E-05 -0.45734937E-06  0.33171067E-06   863.99999928   -23308.29959532
   10900   21.80000000  0.18741125E-05 -0.36894190E-06  0.30993269E-06   863.99999928   -23308.29959517
   10910   21.82000000  0.17906821E-05 -0.27576052E-06  0.28198580E-06   863.99999928   -23308.29959502
   10920   21.84000000  0.17080267E-05 -0.17855638E-06  0.24813712E-06   863.99999928   -23308.29959487
   10930   21.86000000  0.16272039E-05 -0.78159325E-07  0.20876387E-06   863.99999928   -23308.29959473
   10940   21.88000000  0.15491740E-05  0.24524190E-07  0.16433988E-06   863.99999928   -23308.29959459
   10950   21.90000000  0.14747793E-05  0.12851477E-06  0.11541971E-06   863.99999927   -23308.29959444
   10960   21.92000000  0.14047282E-05  0.23276570E-06  0.62623967E-07   863.99999927   -23308.29959430
   10970   21.94000000  0.13395863E-05  0.33617059E-06  0.66258365E-08   863.99999927   -23308.29959416
   10980   21.96000000  0.12797735E-05  0.43757247E-06 -0.51861018E-07   863.99999927   -23308.29959401
   10990   21.98000000  0.12255671E-05  0.53577582E-06 -0.11209119E-06   863.99999927   -23308.29959387
   11000   22.00000000  0.11771119E-05  0.62956015E-06 -0.17329438E-06   863.99999927   -23308.29959373
   11010   22.02000000  0.11344351E-05  0.71769579E-06 -0.23467966E-06   863.99999927   -23308.29959358
   11020   22.04000000  0.10974645E-05  0.79896172E-06 -0.29543924E-06   863.99999927   -23308.29959344
   11030   22.06000000  0.10660510E-05  0.87216575E-06 -0.35475138E-06   863.99999927   -23308.29959329
   11040   22.08000000  0.10399912E-05  0.93616572E-06 -0.41178436E-06   863.99999927   -23308.29959314
   11050   22.10000000  0.10190501E-05  0.98989300E-06 -0.46570247E-06   863.99999927   -23308.29959300
   11060   22.12000000  0.10029822E-05  0.10323761E-05 -0.51567438E-06   863.99999927   -23308.29959285
   11070   22.14000000  0.99154908E-06  0.10627654E-05 -0.56088508E-06   863.99999927   -23308.29959270
   11080   22.16000000  0.98453299E-06  0.10803572E-05 -0.60054992E-06   863.99999927   -23308.29959255
   11090   22.18000000  0.98174572E-06  0.10846169E-05 -0.63393220E-06   863.99999927   -23308.29959240
   11100   22.20000000  0.98303292E-06  0.10751999E-05 -0.66036190E-06   863.99999926   -23308.29959225
   11110   22.22000000  0.98827412E-06  0.10519698E-05 -0.67925567E-06   863.99999926   -23308.29959210
   11120   22.24000000  0.99737914E-06  0.10150126E-05 -0.69013588E-06   863.99999926   -23308.29959196
   11130   22.26000000  0.10102823E-05  0.96464525E-06 -0.69264830E-06   863.99999926   -23308.29959181
   11140   22.28000000  0.10269354E-05  0.90141932E-06 -0.68657628E-06   863.99999926   -23308.29959166
   11150   22.30000000  0.10473005E-05  0.82611774E-06 -0.67185108E-06   863.99999926   -23308.29959152
   11160   22.32000000  0.10713442E-05  0.73974471E-06 -0.64855625E-06   863.99999926   -23308.29959137
   11170   22.34000000  0.10990328E-05  0.64350931E-06 -0.61692634E-06   863.99999926   -23308.29959123
   11180   22.36000000  0.11303287E-05  0.53880308E-06 -0.57733911E-06   863.99999926   -23308.29959108
   11190   22.38000000  0.11651885E-05  0.42717175E-06 -0.53030109E-06   863.99999926   -23308.29959094
   11200   22.40000000  0.12035616E-05  0.31028323E-06 -0.47642783E-06   863.99999926   -23308.29959080
   11210   22.42000000  0.12453874E-05  0.18989241E-06 -0.41641789E-06   863.99999926   -23308.29959066
   11220   22.44000000  0.12905921E-05  0.67804624E-07 -0.35102372E-06   863.99999926   -23308.29959051
   11230   22.46000000  0.13390831E-05 -0.54160635E-07 -0.28102068E-06   863.99999926   -23308.29959037
   11240   22.48000000  0.13907395E-05 -0.17420569E-06 -0.20717484E-06   863.99999926   -23308.29959023
   11250   22.50000000  0.14454014E-05 -0.29058783E-06 -0.13021410E-06   863.99999925   -23308.29959009
   11260   22.52000000  0.15028556E-05 -0.40164943E-06 -0.50802696E-07   863.99999925   -23308.29958995
   11270   22.54000000  0.15628198E-05 -0.50584493E-06  0.30477285E-07   863.99999925   -23308.29958980
   11280   22.56000000  0.16249273E-05 -0.60176438E-06  0.11313690E-06   863.99999925   -23308.29958966
   11290   22.58000000  0.16887124E-05 -0.68815285E-06  0.19678212E-06   863.99999925   -23308.29958952
   11300   22.60000000  0.17535989E-05 -0.76392676E-06  0.28110592E-06   863.99999925   -23308.29958937
   11310   22.62000000  0.18188943E-05 -0.82818696E-06  0.36587201E-06   863.99999925   -23308.29958923
   11320   22.64000000  0.18837892E-05 -0.88022893E-06  0.45088991E-06   863.99999925   -23308.29958908
   11330   22.66000000  0.19473648E-05 -0.91955032E-06  0.53598527E-06   863.99999925   -23308.29958893
   11340   22.68000000  0.20086081E-05 -0.94585588E-06  0.62096587E-06   863.99999925   -23308.29958879
   11350   22.70000000  0.20664352E-05 -0.95905993E-06  0.70558740E-06   863.99999925   -23308.29958864
   11360   22.72000000  0.21197210E-05 -0.95928648E-06  0.78952082E-06   863.99999925   -23308.29958849
   11370   22.74000000  0.21673358E-05 -0.94686662E-06  0.87232478E-06   863.99999925   -23308.29958834
   11380   22.76000000  0.22081848E-05 -0.92233315E-06  0.95342485E-06   863.99999925   -23308.29958820
   11390   22.78000000  0.22412505E-05 -0.88641227E-06  0.10321014E-05   863.99999925   -23308.29958805
   11400   22.80000000  0.22656339E-05 -0.84001163E-06  0.11074875E-05   863.99999924   -23308.29958790
   11410   22.82000000  0.22805934E-05 -0.78420562E-06  0.11785767E-05   863.99999924   -23308.29958775
   11420   22.84000000  0.22855780E-05 -0.72021676E-06  0.12442417E-05   863.99999924   -23308.29958761
   11430   22.86000000  0.22802536E-05 -0.64939405E-06  0.13032613E-05   863.99999924   -23308.29958746
   11440   22.88000000  0.22645201E-05 -0.57318793E-06  0.13543562E-05   863.99999924   -23308.29958732
   11450   22.90000000  0.22385200E-05 -0.49312266E-06  0.13962311E-05   863.99999924   -23308.29958718
   11460   22.92000000  0.22026351E-05 -0.41076634E-06  0.14276212E-05   863.99999924   -23308.29958704
   11470   22.94000000  0.21574746E-05 -0.32769907E-06  0.14473396E-05   863.99999924   -23308.29958689
   11480   22.96000000  0.21038536E-05 -0.24548006E-06  0.14543265E-05   863.99999924   -23308.29958675
   11490   22.98000000  0.20427643E-05 -0.16561419E-06  0.14476944E-05   863.99999924   -23308.29958662
   11500   23.00000000  0.19753419E-05 -0.89519155E-07  0.14267691E-05   863.99999924   -23308.29958648
   11510   23.02000000  0.19028268E-05 -0.18493963E-07  0.13911252E-05   863.99999924   -23308.29958634
   11520   23.04000000  0.18265255E-05  0.46310768E-07  0.13406123E-05   863.99999924   -23308.29958620
   11530   23.06000000  0.17477738E-05  0.10391898E-06  0.12753729E-05   863.99999924   -23308.29958606
   11540   23.08000000  0.16679010E-05  0.15355084E-06  0.11958503E-05   863.99999924   -23308.29958591
   11550   23.10000000  0.15882006E-05  0.19463943E-06  0.11027863E-05   863.99999923   -23308.29958577
   11560   23.12000000  0.15099047E-05  0.22684137E-06  0.99720846E-06   863.99999923   -23308.29958563
   11570   23.14000000  0.14341653E-05  0.25004012E-06  0.88040864E-06   863.99999923   -23308.29958548
   11580   23.16000000  0.13620406E-05  0.26434208E-06  0.75391293E-06   863.99999923   -23308.29958533
   11590   23.18000000  0.12944869E-05  0.27006533E-06  0.61944426E-06   863.99999923   -23308.29958519
   11600   23.20000000  0.12323546E-05  0.26772065E-06  0.47888010E-06   863.99999923   -23308.29958504
   11610   23.22000000  0.11763876E-05  0.25798675E-06  0.33420683E-06   863.99999923   -23308.29958489
   11620   23.24000000  0.11272248E-05  0.24167948E-06  0.18747163E-06   863.99999923   -23308.29958475
   11630   23.26000000  0.10854036E-05  0.21971751E-06  0.40735189E-07   863.99999923   -23308.29958460
   11640   23.28000000  0.10513624E-05  0.19308602E-06 -0.10397413E-06   863.99999923   -23308.29958446
   11650   23.30000000  0.10254446E-05  0.16280052E-06 -0.24470299E-06   863.99999923   -23308.29958431
   11660   23.32000000  0.10079013E-05  0.12987208E-06 -0.37961125E-06   863.99999923   -23308.29958417
   11670   23.34000000  0.99889353E-06  0.95276725E-07 -0.50700561E-06   863.99999923   -23308.29958403
   11680   23.36000000  0.99849467E-06  0.59928828E-07 -0.62536694E-06   863.99999923   -23308.29958389
   11690   23.38000000  0.10066922E-05  0.24661681E-07 -0.73337262E-06   863.99999923   -23308.29958375
   11700   23.40000000  0.10233900E-05 -0.97872881E-08 -0.82991235E-06   863.99999922   -23308.29958361
   11710   23.42000000  0.10484114E-05 -0.42784240E-07 -0.91409903E-06   863.99999922   -23308.29958347
   11720   23.44000000  0.10815022E-05 -0.73802640E-07 -0.98527369E-06   863.99999922   -23308.29958333
   11730   23.46000000  0.11223348E-05 -0.10242206E-06 -0.10430058E-05   863.99999922   -23308.29958318
   11740   23.48000000  0.11705122E-05 -0.12832455E-06 -0.10870889E-05   863.99999922   -23308.29958304
   11750   23.50000000  0.12255721E-05 -0.15128937E-06 -0.11175320E-05   863.99999922   -23308.29958290
   11760   23.52000000  0.12869897E-05 -0.17118730E-06 -0.11345463E-05   863.99999922   -23308.29958275
   11770   23.54000000  0.13541808E-05 -0.18797426E-06 -0.11385300E-05   863.99999922   -23308.29958261
   11780   23.56000000  0.14265011E-05 -0.20168582E-06 -0.11300485E-05   863.99999922   -23308.29958246
   11790   23.58000000  0.15032462E-05 -0.21243097E-06 -0.11098130E-05   863.99999922   -23308.29958232
   11800   23.60000000  0.15836483E-05 -0.22038556E-06 -0.10786569E-05   863.99999922   -23308.29958217
   11810   23.62000000  0.16668724E-05 -0.22578427E-06 -0.10375122E-05   863.99999922   -23308.29958203
   11820   23.64000000  0.17520126E-05 -0.22891092E-06 -0.98738347E-06   863.99999922   -23308.29958189
   11830   23.66000000  0.18380890E-05 -0.23008586E-06 -0.92932538E-06   863.99999922   -23308.29958175
   11840   23.68000000  0.19240477E-05 -0.22965189E-06 -0.86441916E-06   863.99999921   -23308.29958160
   11850   23.70000000  0.20087635E-05 -0.22795739E-06 -0.79375250E-06   863.99999921   -23308.29958146
   11860   23.72000000  0.20910490E-05 -0.22533950E-06 -0.71840163E-06   863.99999921   -23308.29958132
   11870   23.74000000  0.21696686E-05 -0.22210655E-06 -0.63941670E-06   863.99999921   -23308.29958118
   11880   23.76000000  0.22433593E-05 -0.21852257E-06 -0.55780952E-06   863.99999921   -23308.29958104
   11890   23.78000000  0.23108574E-05 -0.21479489E-06 -0.47454490E-06   863.99999921   -23308.29958090
   11900   23.80000000  0.23709299E-05 -0.21106535E-06 -0.39053452E-06   863.99999921   -23308.29958076
   11910   23.82000000  0.24224089E-05 -0.20740645E-06 -0.30663287E-06   863.99999921   -23308.29958061
   11920   23.84000000  0.24642280E-05 -0.20382249E-06 -0.22363515E-06   863.99999921   -23308.29958047
   11930   23.86000000  0.24954558E-05 -0.20025506E-06 -0.14227622E-06   863.99999921   -23308.29958033
   11940   23.88000000  0.25153269E-05 -0.19659299E-06 -0.63230813E-07   863.99999921   -23308.29958018
   11950   23.90000000  0.25232661E-05 -0.19268412E-06  0.12886843E-07   863.99999921   -23308.29958004
   11960   23.92000000  0.25189052E-05 -0.18834885E-06  0.85522948E-07   863.99999921   -23308.29957989
   11970   23.94000000  0.25020913E-05 -0.18339377E-06  0.15418488E-06   863.99999921   -23308.29957974
   11980   23.96000000  0.24728863E-05 -0.17762423E-06  0.21844227E-06   863.99999921   -23308.29957959
   11990   23.98000000  0.24315583E-05 -0.17085462E-06  0.27792912E-06   863.99999920   -23308.29957944
   12000   24.00000000  0.23785657E-05 -0.16291704E-06  0.33234712E-06   863.99999920   -23308.29957929
   12010   24.02000000  0.23145371E-05 -0.15366666E-06  0.38146873E-06   863.99999920   -23308.29957914
   12020   24.04000000  0.22402461E-05 -0.14298517E-06  0.42514106E-06   863.99999920   -23308.29957899
   12030   24.06000000  0.21565865E-05 -0.13078296E-06  0.46328972E-06   863.99999920   -23308.29957884
   12040   24.08000000  0.20645462E-05 -0.11699945E-06  0.49592227E-06   863.99999920   -23308.29957869
   12050   24.10000000  0.19651833E-05 -0.10160326E-06  0.52312968E-06   863.99999920   -23308.29957854
   12060   24.12000000  0.18596055E-05 -0.84592551E-07  0.54508768E-06   863.99999920   -23308.29957840
   12070   24.14000000  0.17489509E-05 -0.65995838E-07  0.56205467E-06   863.99999920   -23308.29957825
   12080   24.16000000  0.16343740E-05 -0.45873772E-07  0.57436848E-06   863.99999920   -23308.29957811
   12090   24.18000000  0.15170335E-05 -0.24321449E-07  0.58243976E-06   863.99999920   -23308.29957796
   12100   24.20000000  0.13980834E-05 -0.14717297E-08  0.58674352E-06   863.99999920   -23308.29957782
   12110   24.22000000  0.12786652E-05  0.22501080E-07  0.58780796E-06   863.99999920   -23308.29957768
   12120   24.24000000  0.11599028E-05  0.47377476E-07  0.58620206E-06   863.99999920   -23308.29957753
   12130   24.26000000  0.10428967E-05  0.72889352E-07  0.58252114E-06   863.99999920   -23308.29957739
   12140   24.28000000  0.92871873E-06  0.98718220E-07  0.57737172E-06   863.99999919   -23308.29957725
   12150   24.30000000  0.81840701E-06  0.12449434E-06  0.57135578E-06   863.99999919   -23308.29957710
   12160   24.32000000  0.71295897E-06  0.14979848E-06  0.56505531E-06   863.99999919   -23308.29957695
   12170   24.34000000  0.61332488E-06  0.17416593E-06  0.55901694E-06   863.99999919   -23308.29957681
   12180   24.36000000  0.52039951E-06  0.19709410E-06  0.55373703E-06   863.99999919   -23308.29957666
   12190   24.38000000  0.43501446E-06  0.21805301E-06  0.54964830E-06   863.99999919   -23308.29957651
   12200   24.40000000  0.35792944E-06  0.23649855E-06  0.54710722E-06   863.99999919   -23308.29957636
   12210   24.42000000  0.28982465E-06  0.25188968E-06  0.54638357E-06   863.99999919   -23308.29957621
   12220   24.44000000  0.23129333E-06  0.26370700E-06  0.54765157E-06   863.99999919   -23308.29957606
   12230   24.46000000  0.18283613E-06  0.27147437E-06  0.55098315E-06   863.99999919   -23308.29957591
   12240   24.48000000  0.14485577E-06  0.27477955E-06  0.55634510E-06   863.99999919   -23308.29957576
   12250   24.50000000  0.11765404E-06  0.27329580E-06  0.56359787E-06   863.99999919   -23308.29957561
   12260   24.52000000  0.10142929E-06  0.26680070E-06  0.57249884E-06   863.99999919   -23308.29957547
   12270   24.54000000  0.96275680E-07  0.25519168E-06  0.58270839E-06   863.99999919   -23308.29957532
   12280   24.56000000  0.10218169E-06  0.23849692E-06  0.59379995E-06   863.99999919   -23308.29957518
   12290   24.58000000  0.11903024E-06  0.21688037E-06  0.60527267E-06   863.99999918   -23308.29957503
   12300   24.60000000  0.14659789E-06  0.19063976E-06  0.61656731E-06   863.99999918   -23308.29957489
   12310   24.62000000  0.18455411E-06  0.16019724E-06  0.62708423E-06   863.99999918   -23308.29957475
   12320   24.64000000  0.23245998E-06  0.12608295E-06  0.63620299E-06   863.99999918   -23308.29957461
   12330   24.66000000  0.28976702E-06  0.88911800E-07  0.64330271E-06   863.99999918   -23308.29957447
   12340   24.68000000  0.35581637E-06  0.49354684E-07  0.64778282E-06   863.99999918   -23308.29957433
   12350   24.70000000  0.42983890E-06  0.81058902E-08  0.64908305E-06   863.99999918   -23308.29957418
   12360   24.72000000  0.51095697E-06 -0.34150577E-07  0.64670200E-06   863.99999918   -23308.29957404
   12370   24.74000000  0.59818905E-06 -0.76774322E-07  0.64021356E-06   863.99999918   -23308.29957390
   12380   24.76000000  0.69045771E-06 -0.11919776E-06  0.62928124E-06   863.99999918   -23308.29957375
   12390   24.78000000  0.78660152E-06 -0.16094990E-06  0.61366866E-06   863.99999918   -23308.29957361
   12400   24.80000000  0.88539224E-06 -0.20167177E-06  0.59324705E-06   863.99999918   -23308.29957346
   12410   24.82000000  0.98555642E-06 -0.24112249E-06  0.56799809E-06   863.99999918   -23308.29957331
   12420   24.84000000  0.10858019E-05 -0.27917624E-06  0.53801275E-06   863.99999918   -23308.29957316
   12430   24.86000000  0.11848483E-05 -0.31580869E-06  0.50348585E-06   863.99999918   -23308.29957301
   12440   24.88000000  0.12814605E-05 -0.35107556E-06  0.46470609E-06   863.99999917   -23308.29957285
   12450   24.90000000  0.13744836E-05 -0.38508552E-06  0.42204236E-06   863.99999917   -23308.29957270
   12460   24.92000000  0.14628768E-05 -0.41796822E-06  0.37592651E-06   863.99999917   -23308.29957254
   12470   24.94000000  0.15457439E-05 -0.44984277E-06  0.32683436E-06   863.99999917   -23308.29957239
   12480   24.96000000  0.16223603E-05 -0.48078745E-06  0.27526494E-06   863.99999917   -23308.29957223
   12490   24.98000000  0.16921900E-05 -0.51081502E-06  0.22172067E-06   863.99999917   -23308.29957208
   12500   25.00000000  0.17548960E-05 -0.53985496E-06  0.16668872E-06   863.99999917   -23308.29957193
   12510   25.02000000  0.18103387E-05 -0.56774424E-06  0.11062617E-06   863.99999917   -23308.29957178
   12520   25.04000000  0.18585650E-05 -0.59422713E-06  0.53949022E-07   863.99999917   -23308.29957163
   12530   25.06000000  0.18997863E-05 -0.61896456E-06 -0.29731186E-08   863.99999917   -23308.29957148
   12540   25.08000000  0.19343486E-05 -0.64155082E-06 -0.59816614E-07   863.99999917   -23308.29957134
   12550   25.10000000  0.19626958E-05 -0.66153656E-06 -0.11629822E-06   863.99999917   -23308.29957120
   12560   25.12000000  0.19853292E-05 -0.67845604E-06 -0.17216436E-06   863.99999917   -23308.29957105
   12570   25.14000000  0.20027672E-05 -0.69185554E-06 -0.22717669E-06   863.99999917   -23308.29957092
   12580   25.16000000  0.20155059E-05 -0.70132146E-06 -0.28109565E-06   863.99999917   -23308.29957078
   12590   25.18000000  0.20239861E-05 -0.70650518E-06 -0.33366368E-06   863.99999916   -23308.29957064
   12600   25.20000000  0.20285682E-05 -0.70714379E-06 -0.38458989E-06   863.99999916   -23308.29957050
   12610   25.22000000  0.20295148E-05 -0.70307449E-06 -0.43353807E-06   863.99999916   -23308.29957036
   12620   25.24000000  0.20269847E-05 -0.69424353E-06 -0.48011919E-06   863.99999916   -23308.29957022
   12630   25.26000000  0.20210352E-05 -0.68070826E-06 -0.52388935E-06   863.99999916   -23308.29957008
   12640   25.28000000  0.20116334E-05 -0.66263332E-06 -0.56435398E-06   863.99999916   -23308.29956994
   12650   25.30000000  0.19986740E-05 -0.64028140E-06 -0.60097686E-06   863.99999916   -23308.29956979
   12660   25.32000000  0.19820019E-05 -0.61399996E-06 -0.63319482E-06   863.99999916   -23308.29956965
   12670   25.34000000  0.19614375E-05 -0.58420455E-06 -0.66043543E-06   863.99999916   -23308.29956950
   12680   25.36000000  0.19368017E-05 -0.55136002E-06 -0.68213777E-06   863.99999916   -23308.29956935
   12690   25.38000000  0.19079403E-05 -0.51596032E-06 -0.69777257E-06   863.99999916   -23308.29956920
   12700   25.40000000  0.18747456E-05 -0.47850907E-06 -0.70686231E-06   863.99999916   -23308.29956904
   12710   25.42000000  0.18371738E-05 -0.43950059E-06 -0.70899839E-06   863.99999916   -23308.29956889
   12720   25.44000000  0.17952598E-05 -0.39940383E-06 -0.70385541E-06   863.99999916   -23308.29956874
   12730   25.46000000  0.17491275E-05 -0.35864816E-06 -0.69120087E-06   863.99999916   -23308.29956859
   12740   25.48000000  0.16989965E-05 -0.31761363E-06 -0.67090197E-06   863.99999915   -23308.29956845
   12750   25.50000000  0.16451856E-05 -0.27662495E-06 -0.64292779E-06   863.99999915   -23308.29956830
   12760   25.52000000  0.15881132E-05 -0.23594942E-06 -0.60734933E-06   863.99999915   -23308.29956816
   12770   25.54000000  0.15282942E-05 -0.19579935E-06 -0.56433749E-06   863.99999915   -23308.29956801
   12780   25.56000000  0.14663347E-05 -0.15633798E-06 -0.51415985E-06   863.99999915   -23308.29956787
   12790   25.58000000  0.14029223E-05 -0.11768853E-06 -0.45717778E-06   863.99999915   -23308.29956773
   12800   25.60000000  0.13388138E-05 -0.79945621E-07 -0.39384302E-06   863.99999915   -23308.29956759
   12810   25.62000000  0.12748194E-05 -0.43187193E-07 -0.32469551E-06   863.99999915   -23308.29956745
   12820   25.64000000  0.12117841E-05 -0.74871508E-08 -0.25036068E-06   863.99999915   -23308.29956731
   12830   25.66000000  0.11505667E-05  0.27074117E-07 -0.17154673E-06   863.99999915   -23308.29956717
   12840   25.68000000  0.10920166E-05  0.60400735E-07 -0.89040225E-07   863.99999915   -23308.29956702
   12850   25.70000000  0.10369507E-05  0.92375975E-07 -0.36998527E-08   863.99999915   -23308.29956688
   12860   25.72000000  0.98613031E-06  0.12286004E-06  0.83553105E-07   863.99999915   -23308.29956673
   12870   25.74000000  0.94024109E-06  0.15169232E-06  0.17174772E-06   863.99999915   -23308.29956658
   12880   25.76000000  0.89987409E-06  0.17869626E-06  0.25987969E-06   863.99999914   -23308.29956642
   12890   25.78000000  0.86551172E-06  0.20368804E-06  0.34693128E-06   863.99999914   -23308.29956627
   12900   25.80000000  0.83751787E-06  0.22648648E-06  0.43189282E-06   863.99999914   -23308.29956612
   12910   25.82000000  0.81613162E-06  0.24692489E-06  0.51378614E-06   863.99999914   -23308.29956596
   12920   25.84000000  0.80146612E-06  0.26486210E-06  0.59168710E-06   863.99999914   -23308.29956580
   12930   25.86000000  0.79351012E-06  0.28019296E-06  0.66474664E-06   863.99999914   -23308.29956565
   12940   25.88000000  0.79213335E-06  0.29285625E-06  0.73220847E-06   863.99999914   -23308.29956549
   12950   25.90000000  0.79709419E-06  0.30284103E-06  0.79342318E-06   863.99999914   -23308.29956533
   12960   25.92000000  0.80804875E-06  0.31018886E-06  0.84785699E-06   863.99999914   -23308.29956518
   12970   25.94000000  0.82456200E-06  0.31499395E-06  0.89509676E-06   863.99999914   -23308.29956503
   12980   25.96000000  0.84611921E-06  0.31740016E-06  0.93484975E-06   863.99999914   -23308.29956488
   12990   25.98000000  0.87213955E-06  0.31759549E-06  0.96693980E-06   863.99999914   -23308.29956473
   13000   26.00000000  0.90198937E-06  0.31580436E-06  0.99130088E-06   863.99999914   -23308.29956458
   13010   26.02000000  0.93499773E-06  0.31227861E-06  0.10079686E-05   863.99999914   -23308.29956443
   13020   26.04000000  0.97047189E-06  0.30728673E-06  0.10170706E-05   863.99999914   -23308.29956428
   13030   26.06000000  0.10077145E-05  0.30110241E-06  0.10188160E-05   863.99999913   -23308.29956413
   13040   26.08000000  0.10460406E-05  0.29399177E-06  0.10134867E-05   863.99999913   -23308.29956399
   13050   26.10000000  0.10847946E-05  0.28620120E-06  0.10014275E-05   863.99999913   -23308.29956384
   13060   26.12000000  0.11233657E-05  0.27794378E-06  0.98303790E-06   863.99999913   -23308.29956369
   13070   26.14000000  0.11612026E-05  0.26938675E-06  0.95876371E-06   863.99999913   -23308.29956354
   13080   26.16000000  0.11978233E-05  0.26063953E-06  0.92909044E-06   863.99999913   -23308.29956339
   13090   26.18000000  0.12328237E-05  0.25174366E-06  0.89453600E-06   863.99999913   -23308.29956324
   13100   26.20000000  0.12658797E-05  0.24266440E-06  0.85564452E-06   863.99999913   -23308.29956308
   13110   26.22000000  0.12967473E-05  0.23328642E-06  0.81297953E-06   863.99999913   -23308.29956292
   13120   26.24000000  0.13252568E-05  0.22341341E-06  0.76711830E-06   863.99999913   -23308.29956276
   13130   26.26000000  0.13513048E-05  0.21277235E-06  0.71864503E-06   863.99999913   -23308.29956260
   13140   26.28000000  0.13748433E-05  0.20102330E-06  0.66814515E-06   863.99999913   -23308.29956244
   13150   26.30000000  0.13958667E-05  0.18777384E-06  0.61619864E-06   863.99999913   -23308.29956227
   13160   26.32000000  0.14143993E-05  0.17259860E-06  0.56337342E-06   863.99999913   -23308.29956211
   13170   26.34000000  0.14304830E-05  0.15506160E-06  0.51021919E-06   863.99999913   -23308.29956194
   13180   26.36000000  0.14441669E-05  0.13474142E-06  0.45726088E-06   863.99999912   -23308.29956178
   13190   26.38000000  0.14554991E-05  0.11125633E-06  0.40499219E-06   863.99999912   -23308.29956162
   13200   26.40000000  0.14645220E-05  0.84288377E-07  0.35386963E-06   863.99999912   -23308.29956146
   13210   26.42000000  0.14712701E-05  0.53604705E-07  0.30430755E-06   863.99999912   -23308.29956130
   13220   26.44000000  0.14757711E-05  0.19074402E-07  0.25667401E-06   863.99999912   -23308.29956114
   13230   26.46000000  0.14780490E-05 -0.19319728E-07  0.21128761E-06   863.99999912   -23308.29956098
   13240   26.48000000  0.14781294E-05 -0.61475079E-07  0.16841700E-06   863.99999912   -23308.29956083
   13250   26.50000000  0.14760463E-05 -0.10716883E-06  0.12828146E-06   863.99999912   -23308.29956067
   13260   26.52000000  0.14718484E-05 -0.15606322E-06  0.91053811E-07   863.99999912   -23308.29956052
   13270   26.54000000  0.14656059E-05 -0.20771551E-06  0.56864560E-07   863.99999912   -23308.29956037
   13280   26.56000000  0.14574153E-05 -0.26159150E-06  0.25808655E-07   863.99999912   -23308.29956021
   13290   26.58000000  0.14474042E-05 -0.31708268E-06 -0.20480495E-08   863.99999912   -23308.29956006
   13300   26.60000000  0.14357331E-05 -0.37352498E-06 -0.26661580E-07   863.99999912   -23308.29955991
   13310   26.62000000  0.14225958E-05 -0.43021900E-06 -0.48003103E-07   863.99999912   -23308.29955976
   13320   26.64000000  0.14082182E-05 -0.48645064E-06 -0.66053528E-07   863.99999912   -23308.29955961
   13330   26.66000000  0.13928549E-05 -0.54151185E-06 -0.80800076E-07   863.99999911   -23308.29955945
   13340   26.68000000  0.13767853E-05 -0.59472004E-06 -0.92234865E-07   863.99999911   -23308.29955930
   13350   26.70000000  0.13603082E-05 -0.64543706E-06 -0.10035585E-06   863.99999911   -23308.29955914
   13360   26.72000000  0.13437364E-05 -0.69308526E-06 -0.10517034E-06   863.99999911   -23308.29955899
   13370   26.74000000  0.13273910E-05 -0.73716145E-06 -0.10669982E-06   863.99999911   -23308.29955883
   13380   26.76000000  0.13115959E-05 -0.77724823E-06 -0.10498624E-06   863.99999911   -23308.29955867
   13390   26.78000000  0.12966731E-05 -0.81302074E-06 -0.10009857E-06   863.99999911   -23308.29955852
   13400   26.80000000  0.12829385E-05 -0.84425036E-06 -0.92138994E-07   863.99999911   -23308.29955836
   13410   26.82000000  0.12706983E-05 -0.87080311E-06 -0.81248277E-07   863.99999911   -23308.29955820
   13420   26.84000000  0.12602449E-05 -0.89263428E-06 -0.67609100E-07   863.99999911   -23308.29955805
   13430   26.86000000  0.12518548E-05 -0.90977829E-06 -0.51448697E-07   863.99999911   -23308.29955789
   13440   26.88000000  0.12457845E-05 -0.92233521E-06 -0.33038778E-07   863.99999911   -23308.29955774
   13450   26.90000000  0.12422668E-05 -0.93045314E-06 -0.12695145E-07   863.99999911   -23308.29955758
   13460   26.92000000  0.12415069E-05 -0.93430965E-06  0.92246487E-08   863.99999911   -23308.29955742
   13470   26.94000000  0.12436759E-05 -0.93409068E-06  0.32323213E-07   863.99999911   -23308.29955727
   13480   26.96000000  0.12489052E-05 -0.92997057E-06  0.56166634E-07   863.99999910   -23308.29955711
   13490   26.98000000  0.12572780E-05 -0.92209278E-06  0.80287176E-07   863.99999910   -23308.29955695
   13500   27.00000000  0.12688217E-05 -0.91055367E-06  0.10418717E-06   863.99999910   -23308.29955679
   13510   27.02000000  0.12834977E-05 -0.89538988E-06  0.12734268E-06   863.99999910   -23308.29955663
   13520   27.04000000  0.13011927E-05 -0.87657047E-06  0.14920921E-06   863.99999910   -23308.29955647
   13530   27.06000000  0.13217099E-05 -0.85399423E-06  0.16922829E-06   863.99999910   -23308.29955632
   13540   27.08000000  0.13447619E-05 -0.82749311E-06  0.18683655E-06   863.99999910   -23308.29955616
   13550   27.10000000  0.13699651E-05 -0.79684105E-06  0.20147725E-06   863.99999910   -23308.29955600
   13560   27.12000000  0.13968376E-05 -0.76176848E-06  0.21261385E-06   863.99999910   -23308.29955585
   13570   27.14000000  0.14248011E-05 -0.72198083E-06  0.21974596E-06   863.99999910   -23308.29955569
   13580   27.16000000  0.14531871E-05 -0.67718173E-06  0.22242717E-06   863.99999910   -23308.29955554
   13590   27.18000000  0.14812480E-05 -0.62709778E-06  0.22028401E-06   863.99999910   -23308.29955539
   13600   27.20000000  0.15081737E-05 -0.57150488E-06  0.21303454E-06   863.99999910   -23308.29955525
   13610   27.22000000  0.15331133E-05 -0.51025383E-06  0.20050695E-06   863.99999910   -23308.29955510
   13620   27.24000000  0.15552011E-05 -0.44329411E-06  0.18265559E-06   863.99999910   -23308.29955495
   13630   27.26000000  0.15735863E-05 -0.37069453E-06  0.15957512E-06   863.99999909   -23308.29955481
   13640   27.28000000  0.15874652E-05 -0.29265939E-06  0.13151036E-06   863.99999909   -23308.29955466
   13650   27.30000000  0.15961139E-05 -0.20953936E-06  0.98861946E-07   863.99999909   -23308.29955451
   13660   27.32000000  0.15989200E-05 -0.12183630E-06  0.62186919E-07   863.99999909   -23308.29955436
   13670   27.34000000  0.15954119E-05 -0.30202561E-07  0.22194021E-07   863.99999909   -23308.29955421
   13680   27.36000000  0.15852832E-05  0.64566262E-07 -0.20267055E-07   863.99999909   -23308.29955405
   13690   27.38000000  0.15684110E-05  0.16154408E-06 -0.64222533E-07   863.99999909   -23308.29955390
   13700   27.40000000  0.15448672E-05  0.25969176E-06 -0.10859576E-06   863.99999909   -23308.29955374
   13710   27.42000000  0.15149217E-05  0.35787921E-06 -0.15223451E-06   863.99999909   -23308.29955359
   13720   27.44000000  0.14790368E-05  0.45491053E-06 -0.19394147E-06   863.99999909   -23308.29955343
   13730   27.46000000  0.14378530E-05  0.54955162E-06 -0.23250818E-06   863.99999909   -23308.29955328
   13740   27.48000000  0.13921673E-05  0.64055953E-06 -0.26675001E-06   863.99999909   -23308.29955312
   13750   27.50000000  0.13429038E-05  0.72671226E-06 -0.29554180E-06   863.99999909   -23308.29955297
   13760   27.52000000  0.12910792E-05  0.80683845E-06 -0.31785263E-06   863.99999909   -23308.29955281
   13770   27.54000000  0.12377642E-05  0.87984588E-06 -0.33277755E-06   863.99999908   -23308.29955266
   13780   27.56000000  0.11840433E-05  0.94474826E-06 -0.33956609E-06   863.99999908   -23308.29955251
   13790   27.58000000  0.11309747E-05  0.10006888E-05 -0.33764601E-06   863.99999908   -23308.29955236
   13800   27.60000000  0.10795533E-05  0.10469609E-05 -0.32664188E-06   863.99999908   -23308.29955221
   13810   27.62000000  0.10306779E-05  0.10830236E-05 -0.30638724E-06   863.99999908   -23308.29955206
   13820   27.64000000  0.98512558E-06  0.11085123E-05 -0.27693067E-06   863.99999908   -23308.29955191
   13830   27.66000000  0.94353338E-06  0.11232442E-05 -0.23853530E-06   863.99999908   -23308.29955176
   13840   27.68000000  0.90638830E-06  0.11272168E-05 -0.19167162E-06   863.99999908   -23308.29955162
   13850   27.70000000  0.87402657E-06  0.11206025E-05 -0.13700417E-06   863.99999908   -23308.29955147
   13860   27.72000000  0.84664002E-06  0.11037350E-05 -0.75372237E-07   863.99999908   -23308.29955132
   13870   27.74000000  0.82428992E-06  0.10770927E-05 -0.77658839E-08   863.99999908   -23308.29955117
   13880   27.76000000  0.80692495E-06  0.10412775E-05  0.64702482E-07   863.99999908   -23308.29955102
   13890   27.78000000  0.79440284E-06  0.99699026E-06  0.14082897E-06   863.99999908   -23308.29955087
   13900   27.80000000  0.78651236E-06  0.94500529E-06  0.21935138E-06   863.99999908   -23308.29955072
   13910   27.82000000  0.78299482E-06  0.88614445E-06  0.29898104E-06   863.99999908   -23308.29955057
   13920   27.84000000  0.78356273E-06  0.82125275E-06  0.37843434E-06   863.99999907   -23308.29955042
   13930   27.86000000  0.78791515E-06  0.75117650E-06  0.45646103E-06   863.99999907   -23308.29955027
   13940   27.88000000  0.79574873E-06  0.67674523E-06  0.53186865E-06   863.99999907   -23308.29955012
   13950   27.90000000  0.80676446E-06  0.59875825E-06  0.60354294E-06   863.99999907   -23308.29954997
   13960   27.92000000  0.82067099E-06  0.51797623E-06  0.67046218E-06   863.99999907   -23308.29954982
   13970   27.94000000  0.83718438E-06  0.43511718E-06  0.73170842E-06   863.99999907   -23308.29954967
   13980   27.96000000  0.85602607E-06  0.35085711E-06  0.78647238E-06   863.99999907   -23308.29954952
   13990   27.98000000  0.87691942E-06  0.26583459E-06  0.83405582E-06   863.99999907   -23308.29954937
   14000   28.00000000  0.89958640E-06  0.18065728E-06  0.87387039E-06   863.99999907   -23308.29954922
   14010   28.02000000  0.92374492E-06  0.95910519E-07  0.90543446E-06   863.99999907   -23308.29954907
   14020   28.04000000  0.94910746E-06  0.12165174E-07  0.92836871E-06   863.99999907   -23308.29954891
   14030   28.06000000  0.97538189E-06 -0.70014938E-07  0.94239124E-06   863.99999907   -23308.29954876
   14040   28.08000000  0.10022747E-05 -0.15006811E-06  0.94731294E-06   863.99999907   -23308.29954860
   14050   28.10000000  0.10294957E-05 -0.22743214E-06  0.94303313E-06   863.99999907   -23308.29954845
   14060   28.12000000  0.10567655E-05 -0.30154474E-06  0.92953680E-06   863.99999907   -23308.29954829
   14070   28.14000000  0.10838233E-05 -0.37184692E-06  0.90689170E-06   863.99999906   -23308.29954814
   14080   28.16000000  0.11104358E-05 -0.43778863E-06  0.87524693E-06   863.99999906   -23308.29954799
   14090   28.18000000  0.11364067E-05 -0.49883642E-06  0.83483182E-06   863.99999906   -23308.29954783
   14100   28.20000000  0.11615833E-05 -0.55448138E-06  0.78595508E-06   863.99999906   -23308.29954768
   14110   28.22000000  0.11858633E-05 -0.60424820E-06  0.72900441E-06   863.99999906   -23308.29954753
   14120   28.24000000  0.12091980E-05 -0.64770266E-06  0.66444542E-06   863.99999906   -23308.29954738
   14130   28.26000000  0.12315936E-05 -0.68445833E-06  0.59282129E-06   863.99999906   -23308.29954724
   14140   28.28000000  0.12531095E-05 -0.71418154E-06  0.51475185E-06   863.99999906   -23308.29954709
   14150   28.30000000  0.12738537E-05 -0.73659480E-06  0.43093212E-06   863.99999906   -23308.29954694
   14160   28.32000000  0.12939762E-05 -0.75147912E-06  0.34213169E-06   863.99999906   -23308.29954680
   14170   28.34000000  0.13136599E-05 -0.75867533E-06  0.24919406E-06   863.99999906   -23308.29954665
   14180   28.36000000  0.13331103E-05 -0.75808557E-06  0.15303503E-06   863.99999906   -23308.29954650
   14190   28.38000000  0.13525439E-05 -0.74967559E-06  0.54641709E-07   863.99999906   -23308.29954635
   14200   28.40000000  0.13721763E-05 -0.73347838E-06 -0.44930476E-07   863.99999906   -23308.29954620
   14210   28.42000000  0.13922092E-05 -0.70959975E-06 -0.14456098E-06   863.99999906   -23308.29954605
   14220   28.44000000  0.14128175E-05 -0.67822634E-06 -0.24307119E-06   863.99999905   -23308.29954590
   14230   28.46000000  0.14341372E-05 -0.63963488E-06 -0.33923343E-06   863.99999905   -23308.29954575
   14240   28.48000000  0.14562534E-05 -0.59420319E-06 -0.43178453E-06   863.99999905   -23308.29954560
   14250   28.50000000  0.14791888E-05 -0.54242131E-06 -0.51944367E-06   863.99999905   -23308.29954544
   14260   28.52000000  0.15028949E-05 -0.48490152E-06 -0.60093400E-06   863.99999905   -23308.29954529
   14270   28.54000000  0.15272448E-05 -0.42238570E-06 -0.67500876E-06   863.99999905   -23308.29954513
   14280   28.56000000  0.15520284E-05 -0.35574913E-06 -0.74047950E-06   863.99999905   -23308.29954498
   14290   28.58000000  0.15769516E-05 -0.28599831E-06 -0.79624695E-06   863.99999905   -23308.29954483
   14300   28.60000000  0.16016396E-05 -0.21426289E-06 -0.84133061E-06   863.99999905   -23308.29954468
   14310   28.62000000  0.16256428E-05 -0.14178026E-06 -0.87489751E-06   863.99999905   -23308.29954453
   14320   28.64000000  0.16484496E-05 -0.69873305E-07 -0.89628642E-06   863.99999905   -23308.29954438
   14330   28.66000000  0.16695008E-05  0.79305802E-10 -0.90502815E-06   863.99999905   -23308.29954424
   14340   28.68000000  0.16882090E-05  0.66678953E-07 -0.90085866E-06   863.99999905   -23308.29954410
   14350   28.70000000  0.17039809E-05  0.12854690E-06 -0.88372593E-06   863.99999905   -23308.29954396
   14360   28.72000000  0.17162407E-05  0.18436826E-06 -0.85379065E-06   863.99999905   -23308.29954382
   14370   28.74000000  0.17244559E-05  0.23293627E-06 -0.81141964E-06   863.99999904   -23308.29954368
   14380   28.76000000  0.17281618E-05  0.27319627E-06 -0.75717459E-06   863.99999904   -23308.29954355
   14390   28.78000000  0.17269852E-05  0.30428544E-06 -0.69179615E-06   863.99999904   -23308.29954341
   14400   28.80000000  0.17206650E-05  0.32556755E-06 -0.61618509E-06   863.99999904   -23308.29954327
   14410   28.82000000  0.17090701E-05  0.33666016E-06 -0.53138063E-06   863.99999904   -23308.29954313
   14420   28.84000000  0.16922104E-05  0.33745234E-06 -0.43853841E-06   863.99999904   -23308.29954298
   14430   28.86000000  0.16702441E-05  0.32811255E-06 -0.33890717E-06   863.99999904   -23308.29954284
   14440   28.88000000  0.16434773E-05  0.30908459E-06 -0.23380610E-06   863.99999904   -23308.29954269
   14450   28.90000000  0.16123571E-05  0.28107337E-06 -0.12460176E-06   863.99999904   -23308.29954254
   14460   28.92000000  0.15774578E-05  0.24501979E-06 -0.12685828E-07   863.99999904   -23308.29954239
   14470   28.94000000  0.15394612E-05  0.20206685E-06  0.10054620E-06   863.99999904   -23308.29954224
   14480   28.96000000  0.14991311E-05  0.15351803E-06  0.21371650E-06   863.99999904   -23308.29954208
   14490   28.98000000  0.14572838E-05  0.10079110E-06  0.32548441E-06   863.99999904   -23308.29954192
   14500   29.00000000  0.14147555E-05  0.45369253E-07  0.43456521E-06   863.99999904   -23308.29954177
   14510   29.02000000  0.13723697E-05 -0.11247417E-07  0.53974690E-06   863.99999904   -23308.29954161
   14520   29.04000000  0.13309042E-05 -0.67589248E-07  0.63990479E-06   863.99999903   -23308.29954145
   14530   29.06000000  0.12910618E-05 -0.12225809E-06  0.73401370E-06   863.99999903   -23308.29954129
   14540   29.08000000  0.12534452E-05 -0.17396354E-06  0.82115707E-06   863.99999903   -23308.29954114
   14550   29.10000000  0.12185372E-05 -0.22155189E-06  0.90053365E-06   863.99999903   -23308.29954098
   14560   29.12000000  0.11866893E-05 -0.26402712E-06  0.97146039E-06   863.99999903   -23308.29954082
   14570   29.14000000  0.11581160E-05 -0.30056442E-06  0.10333734E-05   863.99999903   -23308.29954067
   14580   29.16000000  0.11328985E-05 -0.33051679E-06  0.10858260E-05   863.99999903   -23308.29954052
   14590   29.18000000  0.11109945E-05 -0.35341507E-06  0.11284860E-05   863.99999903   -23308.29954037
   14600   29.20000000  0.10922552E-05 -0.36896284E-06  0.11611301E-05   863.99999903   -23308.29954022
   14610   29.22000000  0.10764463E-05 -0.37702730E-06  0.11836400E-05   863.99999903   -23308.29954007
   14620   29.24000000  0.10632722E-05 -0.37762717E-06  0.11959971E-05   863.99999903   -23308.29953993
   14630   29.26000000  0.10524011E-05 -0.37091831E-06  0.11982782E-05   863.99999903   -23308.29953979
   14640   29.28000000  0.10434889E-05 -0.35717865E-06  0.11906523E-05   863.99999903   -23308.29953965
   14650   29.30000000  0.10361997E-05 -0.33679186E-06  0.11733782E-05   863.99999903   -23308.29953951
   14660   29.32000000  0.10302221E-05 -0.31023139E-06  0.11468035E-05   863.99999903   -23308.29953937
   14670   29.34000000  0.10252797E-05 -0.27804415E-06  0.11113635E-05   863.99999902   -23308.29953923
   14680   29.36000000  0.10211352E-05 -0.24083453E-06  0.10675805E-05   863.99999902   -23308.29953909
   14690   29.38000000  0.10175903E-05 -0.19924876E-06  0.10160629E-05   863.99999902   -23308.29953895
   14700   29.40000000  0.10144787E-05 -0.15395999E-06  0.95750253E-06   863.99999902   -23308.29953880
   14710   29.42000000  0.10116580E-05 -0.10565380E-06  0.89267039E-06   863.99999902   -23308.29953865
   14720   29.44000000  0.10089982E-05 -0.55015713E-07  0.82240955E-06   863.99999902   -23308.29953850
   14730   29.46000000  0.10063718E-05 -0.27192395E-08  0.74762562E-06   863.99999902   -23308.29953835
   14740   29.48000000  0.10036445E-05  0.50582855E-07  0.66927367E-06   863.99999902   -23308.29953819
   14750   29.50000000  0.10006700E-05  0.10426528E-06  0.58834246E-06   863.99999902   -23308.29953803
   14760   29.52000000  0.99728797E-06  0.15773415E-06  0.50583594E-06   863.99999902   -23308.29953787
   14770   29.54000000  0.99332748E-06  0.21042744E-06  0.42275293E-06   863.99999902   -23308.29953771
   14780   29.56000000  0.98861359E-06  0.26181328E-06  0.34006646E-06   863.99999902   -23308.29953755
   14790   29.58000000  0.98297844E-06  0.31138463E-06  0.25870296E-06   863.99999902   -23308.29953739
   14800   29.60000000  0.97627387E-06  0.35865314E-06  0.17952336E-06   863.99999902   -23308.29953723
   14810   29.62000000  0.96838571E-06  0.40314099E-06  0.10330672E-06   863.99999901   -23308.29953707
   14820   29.64000000  0.95924750E-06  0.44437317E-06  0.30737988E-07   863.99999901   -23308.29953692
   14830   29.66000000  0.94885269E-06  0.48187033E-06 -0.37599699E-07   863.99999901   -23308.29953677
   14840   29.68000000  0.93726402E-06  0.51514354E-06 -0.10122809E-06   863.99999901   -23308.29953662
   14850   29.70000000  0.92461953E-06  0.54369210E-06 -0.15977236E-06   863.99999901   -23308.29953647
   14860   29.72000000  0.91113452E-06  0.56700482E-06 -0.21295424E-06   863.99999901   -23308.29953632
   14870   29.74000000  0.89709961E-06  0.58456561E-06 -0.26058291E-06   863.99999901   -23308.29953618
   14880   29.76000000  0.88287551E-06  0.59586349E-06 -0.30254315E-06   863.99999901   -23308.29953603
   14890   29.78000000  0.86888349E-06  0.60040638E-06 -0.33878257E-06   863.99999901   -23308.29953589
   14900   29.80000000  0.85559416E-06  0.59773894E-06 -0.36929937E-06   863.99999901   -23308.29953575
   14910   29.82000000  0.84351302E-06  0.58746345E-06 -0.39413197E-06   863.99999901   -23308.29953561
   14920   29.84000000  0.83316518E-06  0.56926175E-06 -0.41335115E-06   863.99999901   -23308.29953547
   14930   29.86000000  0.82507825E-06  0.54291780E-06 -0.42705521E-06   863.99999901   -23308.29953533
   14940   29.88000000  0.81976474E-06  0.50833888E-06 -0.43536925E-06   863.99999901   -23308.29953519
   14950   29.90000000  0.81770353E-06  0.46557430E-06 -0.43844661E-06   863.99999901   -23308.29953505
   14960   29.92000000  0.81932205E-06  0.41482936E-06 -0.43647338E-06   863.99999900   -23308.29953491
   14970   29.94000000  0.82497837E-06  0.35647424E-06 -0.42967321E-06   863.99999900   -23308.29953476
   14980   29.96000000  0.83494524E-06  0.29104604E-06 -0.41831335E-06   863.99999900   -23308.29953462
   14990   29.98000000  0.84939554E-06  0.21924413E-06 -0.40270829E-06   863.99999900   -23308.29953448
   15000   30.00000000  0.86839137E-06  0.14191794E-06 -0.38322157E-06   863.99999900   -23308.29953433
=== application breakdown [s] ===
total calculation time,7392.48738503
rt calculation                         min         max     average   std. dev.  difference    relative
rt initialization              0.50068E-04 0.55909E-03 0.16865E-03 0.53437E-04 0.50902E-03 0.11167E+02
reading lda data               0.29038E+01 0.29112E+01 0.29081E+01 0.97570E-03 0.74708E-02 0.10026E+01
reading rt data                0.22280E-02 0.46170E-02 0.25988E-02 0.27200E-03 0.23890E-02 0.20722E+01
prep. time prop.               0.62108E-03 0.67461E-02 0.10420E-02 0.26053E-03 0.61250E-02 0.10862E+02
rt iterations                  0.73884E+04 0.73884E+04 0.73884E+04 0.20946E-03 0.12901E-02 0.10000E+01
after writing rt data          0.19073E-05 0.97999E+00 0.11851E-03 0.10329E-01 0.97999E+00 0.51380E+06
in rt iterations                       min         max     average   std. dev.  difference    relative
Vbox                           0.13075E+01 0.15472E+01 0.14101E+01 0.33975E-01 0.23975E+00 0.11834E+01
time propagation               0.56463E+04 0.58238E+04 0.57522E+04 0.32573E+02 0.17751E+03 0.10314E+01
calculating rho                0.12069E+03 0.29940E+03 0.19292E+03 0.32543E+02 0.17871E+03 0.24808E+01
Hartree routine                0.39199E+02 0.50387E+02 0.45859E+02 0.20413E+01 0.11188E+02 0.12854E+01
Exc_Cor routine                0.63053E+01 0.10226E+02 0.81025E+01 0.77760E+00 0.39207E+01 0.16218E+01
calculating curr               0.11543E+04 0.11544E+04 0.11543E+04 0.16085E-01 0.96060E-01 0.10001E+01
calc. projection               0.40257E-02 0.86308E-02 0.58772E-02 0.62675E-03 0.46051E-02 0.21439E+01
writing energies               0.14824E+01 0.19304E+01 0.15810E+01 0.11309E+00 0.44803E+00 0.13022E+01
calc_eigen_energy              0.21028E+03 0.21084E+03 0.21045E+03 0.74051E-01 0.55585E+00 0.10026E+01
calc_total_energy_periodic     0.17700E+02 0.21614E+02 0.19080E+02 0.60354E+00 0.39138E+01 0.12211E+01
writing info etc.              0.88878E-02 0.43886E+00 0.11253E-01 0.45783E-02 0.42997E+00 0.49378E+02
total_energy module                    min         max     average   std. dev.  difference    relative
periodic calc.                 0.29541E+01 0.99291E+01 0.48234E+01 0.15045E+01 0.69750E+01 0.33611E+01
periodic comm. coll.           0.88903E+01 0.18435E+02 0.14240E+02 0.16452E+01 0.95447E+01 0.20736E+01
eigen_energy calc.             0.35319E+02 0.39060E+02 0.37836E+02 0.38613E+00 0.37409E+01 0.11059E+01
eigen_energy comm. coll.       0.41871E+01 0.10395E+02 0.71604E+01 0.82810E+00 0.62078E+01 0.24826E+01
eigen_energy hpsi              0.14746E+03 0.15396E+03 0.14984E+03 0.74794E+00 0.64943E+01 0.10440E+01
density_matrix module                  min         max     average   std. dev.  difference    relative
density calc.                  0.79856E+02 0.14285E+03 0.10809E+03 0.11336E+02 0.62998E+02 0.17889E+01
density comm. coll.            0.24853E+02 0.16564E+03 0.84586E+02 0.24477E+02 0.14079E+03 0.66648E+01
current calc.                  0.25159E+03 0.27761E+03 0.26130E+03 0.36342E+01 0.26018E+02 0.11034E+01
current rDivided uVpsi calc.   0.11403E+03 0.11751E+03 0.11555E+03 0.43065E+00 0.34857E+01 0.10306E+01
current comm. coll.            0.83801E+02 0.12484E+03 0.10620E+03 0.53534E+01 0.41040E+02 0.14897E+01
current comm. halo.            0.63926E+03 0.69747E+03 0.67112E+03 0.79942E+01 0.58213E+02 0.10911E+01
conjugate_gradient module              min         max     average   std. dev.  difference    relative
subspace_diag module                   min         max     average   std. dev.  difference    relative
subspace_diag so module                min         max     average   std. dev.  difference    relative
force module                           min         max     average   std. dev.  difference    relative
init_ps                                min         max     average   std. dev.  difference    relative
hamiltonian module                     min         max     average   std. dev.  difference    relative
total                          0.49366E+04 0.51534E+04 0.50300E+04 0.32077E+02 0.21675E+03 0.10439E+01
update overlap (comm.)         0.26295E+04 0.30328E+04 0.27799E+04 0.53843E+02 0.40327E+03 0.11534E+01
stencil                        0.10642E+04 0.13255E+04 0.11824E+04 0.24732E+02 0.26132E+03 0.12456E+01
subtraction                    0.26023E+02 0.30167E+02 0.28584E+02 0.43257E+00 0.41432E+01 0.11592E+01
pseudo-pt                      0.93253E+03 0.11008E+04 0.10203E+04 0.24108E+02 0.16826E+03 0.11804E+01
pseudo-pt (comm.)              0.24749E+02 0.27385E+03 0.13390E+03 0.31205E+02 0.24910E+03 0.11065E+02
hpsi-overlapped                        min         max     average   std. dev.  difference    relative
checkpoint/restart                     min         max     average   std. dev.  difference    relative
restart self                   0.22250E+01 0.25279E+01 0.22319E+01 0.12236E-01 0.30289E+00 0.11361E+01
restart sync                   0.25231E+01 0.25318E+01 0.25276E+01 0.10297E-02 0.87652E-02 0.10035E+01
=== performance [GFLOPS] ===
end SALMON
