##############################################################################
# SALMON: Scalable Ab-initio Light-Matter simulator for Optics and Nanoscience
#
#                             Version 2.2.1
##############################################################################
  Libxc: [enabled] 6.2.2
   theory= tddft_pulse
 
 Total time step      =       15000
 Time step[fs]        =  2.000000000000000E-003
 Energy range         =        3000
 Energy resolution[eV]=  1.000000000000000E-002
Laser frequency     = 0.17[eV]
Pulse width of laser=     12.00000000[fs]
Laser intensity     =  0.28000000E+10[W/cm^2]
   use of real value orbitals =  F
 ======
 MPI distribution:
   nproc_k     :         125
   nproc_ob    :           4
   nproc_rgrid :           3           2           3
 OpenMP parallelization:
   number of threads :           1
 hpsi stencil:
   enables hand-coding vectorization : F
   enables openmp parallelization    : F
 current:
   k,orbital parallelized of openmp  : T
 force:
   k,orbital parallelized of openmp  : T
 ===================pseudopotential data===================
 ik ,atom_symbol=           1 Si
 ps_format =KY              
 ps_file =./Si_rps.dat
 Zps(ik), Mlps(ik) =           4           2
 Rps(ik), NRps(ik) =   2.26767135054939              122
 Lref(ik) =           2
 nproj(ik,l) =           1           1           1
 anorm(ik,l) =  0.6193218      0.3646551      0.0000000E+00
 inorm(ik,l) =           1           1           0
 Mass(ik) =   28.0000000000000     
 flag_nlcc_element(ik) = F
 ==========================================================
 flag_nlcc =  F
 
 ============init_ps==============
 end init_ps
 Maximal rho_NLCC= 0.000000000000000E+000
 Maximal tau_NLCC= 0.000000000000000E+000
 == Ewald ==
 cutoff length in real-space in ewald =  4.00 [A]
 (buffer length in bookkeeping =  2.00 [A])
 cutoff length in G-space in ewald =  0.1870828864+102 [1/A]
 number of ion-ion pair(/atom) used for allocation of bookkeeping=    68
 ===========
   Static dipole moment(xyz) =   -0.7051511049E+04   -0.7054501641E+04   -0.7038751177E+04
 
 
  time-step  time[fs]                               Current(xyz)[a.u.]      electrons Total energy[eV] 
#----------------------------------------------------------------------
      10    0.02000000 -0.89305225E-09 -0.42003253E-13 -0.52089344E-12   864.00000000   -23332.18209964
      20    0.04000000 -0.41254870E-08 -0.58919764E-12 -0.11543197E-11   864.00000000   -23332.18209964
      30    0.06000000 -0.10491817E-07 -0.18189014E-11 -0.27162978E-11   864.00000000   -23332.18209964
      40    0.08000000 -0.20704269E-07 -0.44252434E-11 -0.56168233E-11   864.00000000   -23332.18209963
      50    0.10000000 -0.35356903E-07 -0.92852709E-11 -0.11319059E-10   864.00000000   -23332.18209962
      60    0.12000000 -0.54916859E-07 -0.17772409E-10 -0.20977867E-10   863.99999999   -23332.18209959
      70    0.14000000 -0.79745425E-07 -0.30631363E-10 -0.35793514E-10   863.99999999   -23332.18209953
      80    0.16000000 -0.11010258E-06 -0.48955555E-10 -0.56041326E-10   863.99999999   -23332.18209943
      90    0.18000000 -0.14615806E-06 -0.72796475E-10 -0.81030434E-10   863.99999999   -23332.18209925
     100    0.20000000 -0.18800798E-06 -0.10229970E-09 -0.10926775E-09   863.99999999   -23332.18209896
     110    0.22000000 -0.23567480E-06 -0.13699314E-09 -0.13834611E-09   863.99999999   -23332.18209852
     120    0.24000000 -0.28910465E-06 -0.17590197E-09 -0.16505604E-09   863.99999999   -23332.18209788
     130    0.26000000 -0.34817318E-06 -0.21752392E-09 -0.18486548E-09   863.99999999   -23332.18209697
     140    0.28000000 -0.41268782E-06 -0.25917483E-09 -0.19238199E-09   863.99999999   -23332.18209573
     150    0.30000000 -0.48239285E-06 -0.29821748E-09 -0.18139369E-09   863.99999999   -23332.18209406
     160    0.32000000 -0.55697651E-06 -0.33144335E-09 -0.14517332E-09   863.99999999   -23332.18209186
     170    0.34000000 -0.63607984E-06 -0.35519429E-09 -0.76416463E-10   863.99999999   -23332.18208903
     180    0.36000000 -0.71930379E-06 -0.36545246E-09  0.32740109E-10   863.99999999   -23332.18208544
     190    0.38000000 -0.80621556E-06 -0.35829390E-09  0.19035546E-09   863.99999999   -23332.18208096
     200    0.40000000 -0.89635832E-06 -0.32984215E-09  0.40403491E-09   863.99999999   -23332.18207545
     210    0.42000000 -0.98926345E-06 -0.27641420E-09  0.68137274E-09   863.99999999   -23332.18206874
     220    0.44000000 -0.10844546E-05 -0.19431192E-09  0.10295819E-08   863.99999999   -23332.18206067
     230    0.46000000 -0.11814515E-05 -0.80224357E-10  0.14552979E-08   863.99999999   -23332.18205107
     240    0.48000000 -0.12797771E-05  0.69189504E-10  0.19646930E-08   863.99999999   -23332.18203976
     250    0.50000000 -0.13789638E-05  0.25681549E-09  0.25632173E-08   863.99999999   -23332.18202655
     260    0.52000000 -0.14785564E-05  0.48525309E-09  0.32556991E-08   863.99999999   -23332.18201123
     270    0.54000000 -0.15781140E-05  0.75667338E-09  0.40457606E-08   863.99999999   -23332.18199362
     280    0.56000000 -0.16772112E-05  0.10729158E-08  0.49362046E-08   863.99999999   -23332.18197351
     290    0.58000000 -0.17754385E-05  0.14352195E-08  0.59286193E-08   863.99999998   -23332.18195070
     300    0.60000000 -0.18724059E-05  0.18444181E-08  0.70236073E-08   863.99999998   -23332.18192498
     310    0.62000000 -0.19677477E-05  0.23008947E-08  0.82206965E-08   863.99999998   -23332.18189615
     320    0.64000000 -0.20611255E-05  0.28037920E-08  0.95181094E-08   863.99999998   -23332.18186402
     330    0.66000000 -0.21522299E-05  0.33521968E-08  0.10912965E-07   863.99999998   -23332.18182838
     340    0.68000000 -0.22407839E-05  0.39444830E-08  0.12401469E-07   863.99999998   -23332.18178905
     350    0.70000000 -0.23265446E-05  0.45784714E-08  0.13978750E-07   863.99999998   -23332.18174583
     360    0.72000000 -0.24093043E-05  0.52515336E-08  0.15639042E-07   863.99999998   -23332.18169856
     370    0.74000000 -0.24888916E-05  0.59604151E-08  0.17376013E-07   863.99999998   -23332.18164705
     380    0.76000000 -0.25651716E-05  0.67017055E-08  0.19182597E-07   863.99999998   -23332.18159114
     390    0.78000000 -0.26380424E-05  0.74714926E-08  0.21050880E-07   863.99999998   -23332.18153067
     400    0.80000000 -0.27074320E-05  0.82658285E-08  0.22972826E-07   863.99999998   -23332.18146551
     410    0.82000000 -0.27732984E-05  0.90803667E-08  0.24939906E-07   863.99999998   -23332.18139551
     420    0.84000000 -0.28356294E-05  0.99106428E-08  0.26943451E-07   863.99999998   -23332.18132054
     430    0.86000000 -0.28944411E-05  0.10752028E-07  0.28974464E-07   863.99999998   -23332.18124049
     440    0.88000000 -0.29497747E-05  0.11599810E-07  0.31023792E-07   863.99999998   -23332.18115524
     450    0.90000000 -0.30016971E-05  0.12449215E-07  0.33082020E-07   863.99999998   -23332.18106469
     460    0.92000000 -0.30502989E-05  0.13295213E-07  0.35139834E-07   863.99999998   -23332.18096874
     470    0.94000000 -0.30956922E-05  0.14132845E-07  0.37187649E-07   863.99999998   -23332.18086731
     480    0.96000000 -0.31380096E-05  0.14956921E-07  0.39215953E-07   863.99999998   -23332.18076031
     490    0.98000000 -0.31774007E-05  0.15762573E-07  0.41215306E-07   863.99999998   -23332.18064768
     500    1.00000000 -0.32140295E-05  0.16544771E-07  0.43176351E-07   863.99999998   -23332.18052934
     510    1.02000000 -0.32480714E-05  0.17298700E-07  0.45089906E-07   863.99999998   -23332.18040523
     520    1.04000000 -0.32797107E-05  0.18019785E-07  0.46947447E-07   863.99999997   -23332.18027528
     530    1.06000000 -0.33091368E-05  0.18703813E-07  0.48740562E-07   863.99999997   -23332.18013943
     540    1.08000000 -0.33365419E-05  0.19346562E-07  0.50461345E-07   863.99999997   -23332.17999762
     550    1.10000000 -0.33621190E-05  0.19944421E-07  0.52102352E-07   863.99999997   -23332.17984980
     560    1.12000000 -0.33860586E-05  0.20493699E-07  0.53656817E-07   863.99999997   -23332.17969590
     570    1.14000000 -0.34085472E-05  0.20991106E-07  0.55118411E-07   863.99999997   -23332.17953586
     580    1.16000000 -0.34297665E-05  0.21433519E-07  0.56481702E-07   863.99999997   -23332.17936963
     590    1.18000000 -0.34498924E-05  0.21818486E-07  0.57741517E-07   863.99999997   -23332.17919713
     600    1.20000000 -0.34690932E-05  0.22143361E-07  0.58893878E-07   863.99999997   -23332.17901830
     610    1.22000000 -0.34875277E-05  0.22406178E-07  0.59935114E-07   863.99999997   -23332.17883306
     620    1.24000000 -0.35053440E-05  0.22605201E-07  0.60862587E-07   863.99999997   -23332.17864135
     630    1.26000000 -0.35226792E-05  0.22739325E-07  0.61674297E-07   863.99999997   -23332.17844307
     640    1.28000000 -0.35396580E-05  0.22807748E-07  0.62369292E-07   863.99999997   -23332.17823816
     650    1.30000000 -0.35563929E-05  0.22810354E-07  0.62947384E-07   863.99999997   -23332.17802651
     660    1.32000000 -0.35729837E-05  0.22747498E-07  0.63409111E-07   863.99999997   -23332.17780804
     670    1.34000000 -0.35895170E-05  0.22619712E-07  0.63756039E-07   863.99999997   -23332.17758266
     680    1.36000000 -0.36060661E-05  0.22428349E-07  0.63990489E-07   863.99999997   -23332.17735025
     690    1.38000000 -0.36226913E-05  0.22174955E-07  0.64115633E-07   863.99999997   -23332.17711072
     700    1.40000000 -0.36394399E-05  0.21861456E-07  0.64135439E-07   863.99999997   -23332.17686397
     710    1.42000000 -0.36563463E-05  0.21490246E-07  0.64054440E-07   863.99999997   -23332.17660987
     720    1.44000000 -0.36734315E-05  0.21063872E-07  0.63878007E-07   863.99999997   -23332.17634833
     730    1.46000000 -0.36907040E-05  0.20585386E-07  0.63611752E-07   863.99999997   -23332.17607924
     740    1.48000000 -0.37081599E-05  0.20057839E-07  0.63262343E-07   863.99999997   -23332.17580247
     750    1.50000000 -0.37257842E-05  0.19484689E-07  0.62836425E-07   863.99999996   -23332.17551793
     760    1.52000000 -0.37435512E-05  0.18869624E-07  0.62341351E-07   863.99999996   -23332.17522550
     770    1.54000000 -0.37614267E-05  0.18216436E-07  0.61784580E-07   863.99999996   -23332.17492508
     780    1.56000000 -0.37793679E-05  0.17529238E-07  0.61173837E-07   863.99999996   -23332.17461657
     790    1.58000000 -0.37973238E-05  0.16812319E-07  0.60517109E-07   863.99999996   -23332.17429988
     800    1.60000000 -0.38152356E-05  0.16070133E-07  0.59822334E-07   863.99999996   -23332.17397490
     810    1.62000000 -0.38330373E-05  0.15307298E-07  0.59097490E-07   863.99999996   -23332.17364156
     820    1.64000000 -0.38506575E-05  0.14528423E-07  0.58350766E-07   863.99999996   -23332.17329979
     830    1.66000000 -0.38680199E-05  0.13738478E-07  0.57590154E-07   863.99999996   -23332.17294951
     840    1.68000000 -0.38850434E-05  0.12942231E-07  0.56823522E-07   863.99999996   -23332.17259068
     850    1.70000000 -0.39016438E-05  0.12144673E-07  0.56058727E-07   863.99999996   -23332.17222324
     860    1.72000000 -0.39177335E-05  0.11350599E-07  0.55303399E-07   863.99999996   -23332.17184717
     870    1.74000000 -0.39332236E-05  0.10564763E-07  0.54564923E-07   863.99999996   -23332.17146244
     880    1.76000000 -0.39480239E-05  0.97918817E-08  0.53850132E-07   863.99999996   -23332.17106904
     890    1.78000000 -0.39620443E-05  0.90362148E-08  0.53165771E-07   863.99999996   -23332.17066700
     900    1.80000000 -0.39751957E-05  0.83021522E-08  0.52517802E-07   863.99999996   -23332.17025632
     910    1.82000000 -0.39873920E-05  0.75934537E-08  0.51911993E-07   863.99999996   -23332.16983706
     920    1.84000000 -0.39985491E-05  0.69139481E-08  0.51353551E-07   863.99999996   -23332.16940926
     930    1.86000000 -0.40085871E-05  0.62671080E-08  0.50847237E-07   863.99999996   -23332.16897300
     940    1.88000000 -0.40174300E-05  0.56561050E-08  0.50397064E-07   863.99999996   -23332.16852836
     950    1.90000000 -0.40250064E-05  0.50839603E-08  0.50006695E-07   863.99999996   -23332.16807546
     960    1.92000000 -0.40312494E-05  0.45533405E-08  0.49679234E-07   863.99999996   -23332.16761442
     970    1.94000000 -0.40360982E-05  0.40668861E-08  0.49417216E-07   863.99999996   -23332.16714537
     980    1.96000000 -0.40394981E-05  0.36265905E-08  0.49222368E-07   863.99999995   -23332.16666847
     990    1.98000000 -0.40414009E-05  0.32343236E-08  0.49096032E-07   863.99999995   -23332.16618390
    1000    2.00000000 -0.40417653E-05  0.28917102E-08  0.49038658E-07   863.99999995   -23332.16569184
    1010    2.02000000 -0.40405571E-05  0.25998980E-08  0.49050350E-07   863.99999995   -23332.16519249
    1020    2.04000000 -0.40377498E-05  0.23597202E-08  0.49130440E-07   863.99999995   -23332.16468607
    1030    2.06000000 -0.40333241E-05  0.21716950E-08  0.49277641E-07   863.99999995   -23332.16417282
    1040    2.08000000 -0.40272678E-05  0.20360006E-08  0.49490105E-07   863.99999995   -23332.16365297
    1050    2.10000000 -0.40195760E-05  0.19522290E-08  0.49765218E-07   863.99999995   -23332.16312679
    1060    2.12000000 -0.40102504E-05  0.19197946E-08  0.50100072E-07   863.99999995   -23332.16259454
    1070    2.14000000 -0.39992997E-05  0.19378640E-08  0.50491068E-07   863.99999995   -23332.16205650
    1080    2.16000000 -0.39867386E-05  0.20050745E-08  0.50934199E-07   863.99999995   -23332.16151295
    1090    2.18000000 -0.39725880E-05  0.21197793E-08  0.51424875E-07   863.99999995   -23332.16096419
    1100    2.20000000 -0.39568738E-05  0.22800802E-08  0.51958354E-07   863.99999995   -23332.16041052
    1110    2.22000000 -0.39396266E-05  0.24836701E-08  0.52529522E-07   863.99999995   -23332.15985225
    1120    2.24000000 -0.39208814E-05  0.27281779E-08  0.53132731E-07   863.99999995   -23332.15928969
    1130    2.26000000 -0.39006765E-05  0.30107998E-08  0.53762595E-07   863.99999995   -23332.15872316
    1140    2.28000000 -0.38790536E-05  0.33285811E-08  0.54413244E-07   863.99999995   -23332.15815297
    1150    2.30000000 -0.38560567E-05  0.36782387E-08  0.55078491E-07   863.99999995   -23332.15757946
    1160    2.32000000 -0.38317321E-05  0.40563344E-08  0.55752184E-07   863.99999995   -23332.15700293
    1170    2.34000000 -0.38061275E-05  0.44591896E-08  0.56428201E-07   863.99999995   -23332.15642373
    1180    2.36000000 -0.37792916E-05  0.48829666E-08  0.57100370E-07   863.99999995   -23332.15584217
    1190    2.38000000 -0.37512738E-05  0.53234722E-08  0.57762428E-07   863.99999995   -23332.15525858
    1200    2.40000000 -0.37221229E-05  0.57765145E-08  0.58408307E-07   863.99999995   -23332.15467329
    1210    2.42000000 -0.36918874E-05  0.62378523E-08  0.59032261E-07   863.99999994   -23332.15408661
    1220    2.44000000 -0.36606139E-05  0.67032567E-08  0.59628708E-07   863.99999994   -23332.15349886
    1230    2.46000000 -0.36283473E-05  0.71684246E-08  0.60192280E-07   863.99999994   -23332.15291038
    1240    2.48000000 -0.35951301E-05  0.76291305E-08  0.60718141E-07   863.99999994   -23332.15232146
    1250    2.50000000 -0.35610018E-05  0.80813500E-08  0.61201740E-07   863.99999994   -23332.15173244
    1260    2.52000000 -0.35259983E-05  0.85211144E-08  0.61638862E-07   863.99999994   -23332.15114362
    1270    2.54000000 -0.34901523E-05  0.89445140E-08  0.62025735E-07   863.99999994   -23332.15055532
    1280    2.56000000 -0.34534921E-05  0.93479878E-08  0.62358998E-07   863.99999994   -23332.14996784
    1290    2.58000000 -0.34160424E-05  0.97278386E-08  0.62635748E-07   863.99999994   -23332.14938150
    1300    2.60000000 -0.33778238E-05  0.10080689E-07  0.62853542E-07   863.99999994   -23332.14879660
    1310    2.62000000 -0.33388524E-05  0.10403052E-07  0.63010276E-07   863.99999994   -23332.14821345
    1320    2.64000000 -0.32991406E-05  0.10691806E-07  0.63104312E-07   863.99999994   -23332.14763237
    1330    2.66000000 -0.32586970E-05  0.10943786E-07  0.63134446E-07   863.99999994   -23332.14705366
    1340    2.68000000 -0.32175263E-05  0.11156347E-07  0.63099917E-07   863.99999994   -23332.14647763
    1350    2.70000000 -0.31756302E-05  0.11326872E-07  0.63000624E-07   863.99999994   -23332.14590460
    1360    2.72000000 -0.31330063E-05  0.11453122E-07  0.62836668E-07   863.99999994   -23332.14533487
    1370    2.74000000 -0.30896494E-05  0.11533163E-07  0.62608635E-07   863.99999994   -23332.14476877
    1380    2.76000000 -0.30455506E-05  0.11565314E-07  0.62317545E-07   863.99999994   -23332.14420661
    1390    2.78000000 -0.30006989E-05  0.11548218E-07  0.61964938E-07   863.99999994   -23332.14364872
    1400    2.80000000 -0.29550803E-05  0.11480767E-07  0.61552525E-07   863.99999994   -23332.14309542
    1410    2.82000000 -0.29086795E-05  0.11362318E-07  0.61082367E-07   863.99999994   -23332.14254704
    1420    2.84000000 -0.28614790E-05  0.11192405E-07  0.60556758E-07   863.99999994   -23332.14200392
    1430    2.86000000 -0.28134605E-05  0.10970907E-07  0.59978460E-07   863.99999994   -23332.14146639
    1440    2.88000000 -0.27646046E-05  0.10698030E-07  0.59350117E-07   863.99999993   -23332.14093479
    1450    2.90000000 -0.27148916E-05  0.10374425E-07  0.58674694E-07   863.99999993   -23332.14040948
    1460    2.92000000 -0.26643016E-05  0.10000881E-07  0.57955139E-07   863.99999993   -23332.13989080
    1470    2.94000000 -0.26128152E-05  0.95783350E-08  0.57194338E-07   863.99999993   -23332.13937910
    1480    2.96000000 -0.25604136E-05  0.91082877E-08  0.56395213E-07   863.99999993   -23332.13887476
    1490    2.98000000 -0.25070793E-05  0.85922260E-08  0.55560653E-07   863.99999993   -23332.13837811
    1500    3.00000000 -0.24527959E-05  0.80318481E-08  0.54693432E-07   863.99999993   -23332.13788954
    1510    3.02000000 -0.23975490E-05  0.74292890E-08  0.53796250E-07   863.99999993   -23332.13740941
    1520    3.04000000 -0.23413265E-05  0.67868905E-08  0.52871514E-07   863.99999993   -23332.13693810
    1530    3.06000000 -0.22841190E-05  0.61072973E-08  0.51921849E-07   863.99999993   -23332.13647596
    1540    3.08000000 -0.22259198E-05  0.53935725E-08  0.50949414E-07   863.99999993   -23332.13602337
    1550    3.10000000 -0.21667255E-05  0.46486329E-08  0.49956461E-07   863.99999993   -23332.13558071
    1560    3.12000000 -0.21065355E-05  0.38758995E-08  0.48945017E-07   863.99999993   -23332.13514834
    1570    3.14000000 -0.20453532E-05  0.30788160E-08  0.47917056E-07   863.99999993   -23332.13472663
    1580    3.16000000 -0.19831853E-05  0.22611362E-08  0.46874339E-07   863.99999993   -23332.13431595
    1590    3.18000000 -0.19200419E-05  0.14264526E-08  0.45818340E-07   863.99999993   -23332.13391665
    1600    3.20000000 -0.18559369E-05  0.57822801E-09  0.44750426E-07   863.99999993   -23332.13352910
    1610    3.22000000 -0.17908879E-05 -0.27965043E-09  0.43671843E-07   863.99999993   -23332.13315364
    1620    3.24000000 -0.17249158E-05 -0.11435518E-08  0.42583706E-07   863.99999993   -23332.13279061
    1630    3.26000000 -0.16580455E-05 -0.20096991E-08  0.41486857E-07   863.99999993   -23332.13244035
    1640    3.28000000 -0.15903050E-05 -0.28746421E-08  0.40382222E-07   863.99999993   -23332.13210318
    1650    3.30000000 -0.15217256E-05 -0.37345959E-08  0.39270467E-07   863.99999993   -23332.13177942
    1660    3.32000000 -0.14523418E-05 -0.45862100E-08  0.38152188E-07   863.99999993   -23332.13146936
    1670    3.34000000 -0.13821916E-05 -0.54259257E-08  0.37028083E-07   863.99999992   -23332.13117330
    1680    3.36000000 -0.13113158E-05 -0.62503824E-08  0.35898624E-07   863.99999992   -23332.13089151
    1690    3.38000000 -0.12397572E-05 -0.70564184E-08  0.34764161E-07   863.99999992   -23332.13062426
    1700    3.40000000 -0.11675614E-05 -0.78409242E-08  0.33625128E-07   863.99999992   -23332.13037180
    1710    3.42000000 -0.10947754E-05 -0.86012824E-08  0.32481787E-07   863.99999992   -23332.13013434
    1720    3.44000000 -0.10214473E-05 -0.93347337E-08  0.31334355E-07   863.99999992   -23332.12991212
    1730    3.46000000 -0.94762619E-06 -0.10039008E-07  0.30182913E-07   863.99999992   -23332.12970532
    1740    3.48000000 -0.87336189E-06 -0.10711939E-07  0.29027708E-07   863.99999992   -23332.12951413
    1750    3.50000000 -0.79870401E-06 -0.11351819E-07  0.27868643E-07   863.99999992   -23332.12933871
    1760    3.52000000 -0.72370207E-06 -0.11957247E-07  0.26705861E-07   863.99999992   -23332.12917921
    1770    3.54000000 -0.64840498E-06 -0.12527072E-07  0.25539182E-07   863.99999992   -23332.12903576
    1780    3.56000000 -0.57286068E-06 -0.13060515E-07  0.24368538E-07   863.99999992   -23332.12890845
    1790    3.58000000 -0.49711577E-06 -0.13557183E-07  0.23193861E-07   863.99999992   -23332.12879739
    1800    3.60000000 -0.42121513E-06 -0.14016779E-07  0.22015085E-07   863.99999992   -23332.12870266
    1810    3.62000000 -0.34520152E-06 -0.14439585E-07  0.20832165E-07   863.99999992   -23332.12862429
    1820    3.64000000 -0.26911501E-06 -0.14825892E-07  0.19645041E-07   863.99999992   -23332.12856235
    1830    3.66000000 -0.19299318E-06 -0.15176430E-07  0.18453757E-07   863.99999992   -23332.12851685
    1840    3.68000000 -0.11687037E-06 -0.15491997E-07  0.17258507E-07   863.99999992   -23332.12848779
    1850    3.70000000 -0.40777755E-07 -0.15773695E-07  0.16059484E-07   863.99999992   -23332.12847518
    1860    3.72000000  0.35256991E-07 -0.16022837E-07  0.14856990E-07   863.99999992   -23332.12847899
    1870    3.74000000  0.11120965E-06 -0.16240889E-07  0.13651327E-07   863.99999992   -23332.12849918
    1880    3.76000000  0.18705967E-06 -0.16429505E-07  0.12442855E-07   863.99999992   -23332.12853571
    1890    3.78000000  0.26278984E-06 -0.16590442E-07  0.11232190E-07   863.99999991   -23332.12858851
    1900    3.80000000  0.33838674E-06 -0.16725524E-07  0.10019958E-07   863.99999991   -23332.12865752
    1910    3.82000000  0.41384053E-06 -0.16836724E-07  0.88069570E-08   863.99999991   -23332.12874264
    1920    3.84000000  0.48914441E-06 -0.16926132E-07  0.75940880E-08   863.99999991   -23332.12884380
    1930    3.86000000  0.56429489E-06 -0.16995659E-07  0.63823969E-08   863.99999991   -23332.12896088
    1940    3.88000000  0.63929108E-06 -0.17047425E-07  0.51731445E-08   863.99999991   -23332.12909378
    1950    3.90000000  0.71413464E-06 -0.17083440E-07  0.39677438E-08   863.99999991   -23332.12924238
    1960    3.92000000  0.78882944E-06 -0.17105695E-07  0.27675434E-08   863.99999991   -23332.12940656
    1970    3.94000000  0.86338157E-06 -0.17116010E-07  0.15740920E-08   863.99999991   -23332.12958617
    1980    3.96000000  0.93779882E-06 -0.17116283E-07  0.38882400E-09   863.99999991   -23332.12978108
    1990    3.98000000  0.10120902E-05 -0.17108235E-07 -0.78669160E-09   863.99999991   -23332.12999116
    2000    4.00000000  0.10862663E-05 -0.17093541E-07 -0.19509905E-08   863.99999991   -23332.13021623
    2010    4.02000000  0.11603383E-05 -0.17073780E-07 -0.31027231E-08   863.99999991   -23332.13045616
    2020    4.04000000  0.12343182E-05 -0.17050355E-07 -0.42408186E-08   863.99999991   -23332.13071078
    2030    4.06000000  0.13082187E-05 -0.17024780E-07 -0.53642038E-08   863.99999991   -23332.13097992
    2040    4.08000000  0.13820524E-05 -0.16998298E-07 -0.64719586E-08   863.99999991   -23332.13126341
    2050    4.10000000  0.14558315E-05 -0.16972197E-07 -0.75633439E-08   863.99999991   -23332.13156108
    2060    4.12000000  0.15295676E-05 -0.16947586E-07 -0.86377697E-08   863.99999991   -23332.13187273
    2070    4.14000000  0.16032712E-05 -0.16925595E-07 -0.96947660E-08   863.99999991   -23332.13219819
    2080    4.16000000  0.16769511E-05 -0.16907180E-07 -0.10734086E-07   863.99999991   -23332.13253726
    2090    4.18000000  0.17506148E-05 -0.16893092E-07 -0.11755568E-07   863.99999991   -23332.13288974
    2100    4.20000000  0.18242673E-05 -0.16884085E-07 -0.12759273E-07   863.99999991   -23332.13325542
    2110    4.22000000  0.18979118E-05 -0.16880855E-07 -0.13745445E-07   863.99999991   -23332.13363409
    2120    4.24000000  0.19715493E-05 -0.16883930E-07 -0.14714882E-07   863.99999990   -23332.13402554
    2130    4.26000000  0.20451785E-05 -0.16893781E-07 -0.15668202E-07   863.99999990   -23332.13442953
    2140    4.28000000  0.21187957E-05 -0.16910871E-07 -0.16606483E-07   863.99999990   -23332.13484583
    2150    4.30000000  0.21923949E-05 -0.16935550E-07 -0.17531273E-07   863.99999990   -23332.13527419
    2160    4.32000000  0.22659676E-05 -0.16968423E-07 -0.18444064E-07   863.99999990   -23332.13571437
    2170    4.34000000  0.23395026E-05 -0.17009644E-07 -0.19346622E-07   863.99999990   -23332.13616609
    2180    4.36000000  0.24129865E-05 -0.17059857E-07 -0.20240988E-07   863.99999990   -23332.13662910
    2190    4.38000000  0.24864032E-05 -0.17119311E-07 -0.21129123E-07   863.99999990   -23332.13710310
    2200    4.40000000  0.25597340E-05 -0.17188378E-07 -0.22013232E-07   863.99999990   -23332.13758781
    2210    4.42000000  0.26329577E-05 -0.17267190E-07 -0.22895377E-07   863.99999990   -23332.13808292
    2220    4.44000000  0.27060507E-05 -0.17356192E-07 -0.23777862E-07   863.99999990   -23332.13858813
    2230    4.46000000  0.27789871E-05 -0.17455377E-07 -0.24662538E-07   863.99999990   -23332.13910310
    2240    4.48000000  0.28517391E-05 -0.17564823E-07 -0.25551575E-07   863.99999990   -23332.13962751
    2250    4.50000000  0.29242768E-05 -0.17684506E-07 -0.26446909E-07   863.99999990   -23332.14016101
    2260    4.52000000  0.29965686E-05 -0.17814364E-07 -0.27350345E-07   863.99999990   -23332.14070323
    2270    4.54000000  0.30685817E-05 -0.17954320E-07 -0.28263682E-07   863.99999990   -23332.14125382
    2280    4.56000000  0.31402820E-05 -0.18104220E-07 -0.29188544E-07   863.99999990   -23332.14181239
    2290    4.58000000  0.32116346E-05 -0.18263840E-07 -0.30126450E-07   863.99999990   -23332.14237854
    2300    4.60000000  0.32826037E-05 -0.18432866E-07 -0.31078910E-07   863.99999990   -23332.14295189
    2310    4.62000000  0.33531532E-05 -0.18611142E-07 -0.32047256E-07   863.99999990   -23332.14353202
    2320    4.64000000  0.34232461E-05 -0.18798313E-07 -0.33032643E-07   863.99999990   -23332.14411850
    2330    4.66000000  0.34928451E-05 -0.18994076E-07 -0.34036165E-07   863.99999990   -23332.14471090
    2340    4.68000000  0.35619128E-05 -0.19198111E-07 -0.35058671E-07   863.99999990   -23332.14530878
    2350    4.70000000  0.36304112E-05 -0.19410068E-07 -0.36100730E-07   863.99999989   -23332.14591170
    2360    4.72000000  0.36983026E-05 -0.19629534E-07 -0.37162779E-07   863.99999989   -23332.14651919
    2370    4.74000000  0.37655490E-05 -0.19855912E-07 -0.38244830E-07   863.99999989   -23332.14713079
    2380    4.76000000  0.38321127E-05 -0.20088632E-07 -0.39346872E-07   863.99999989   -23332.14774601
    2390    4.78000000  0.38979562E-05 -0.20327057E-07 -0.40468407E-07   863.99999989   -23332.14836439
    2400    4.80000000  0.39630426E-05 -0.20570477E-07 -0.41608791E-07   863.99999989   -23332.14898543
    2410    4.82000000  0.40273356E-05 -0.20818074E-07 -0.42767287E-07   863.99999989   -23332.14960865
    2420    4.84000000  0.40907995E-05 -0.21068967E-07 -0.43942800E-07   863.99999989   -23332.15023353
    2430    4.86000000  0.41533999E-05 -0.21322443E-07 -0.45134063E-07   863.99999989   -23332.15085958
    2440    4.88000000  0.42151036E-05 -0.21577440E-07 -0.46339498E-07   863.99999989   -23332.15148629
    2450    4.90000000  0.42758788E-05 -0.21833312E-07 -0.47557585E-07   863.99999989   -23332.15211316
    2460    4.92000000  0.43356955E-05 -0.22089270E-07 -0.48786477E-07   863.99999989   -23332.15273966
    2470    4.94000000  0.43945262E-05 -0.22344667E-07 -0.50024200E-07   863.99999989   -23332.15336529
    2480    4.96000000  0.44523457E-05 -0.22598637E-07 -0.51268686E-07   863.99999989   -23332.15398953
    2490    4.98000000  0.45091317E-05 -0.22850724E-07 -0.52517847E-07   863.99999989   -23332.15461188
    2500    5.00000000  0.45648653E-05 -0.23100118E-07 -0.53769311E-07   863.99999989   -23332.15523181
    2510    5.02000000  0.46195306E-05 -0.23346377E-07 -0.55020790E-07   863.99999989   -23332.15584881
    2520    5.04000000  0.46731157E-05 -0.23588715E-07 -0.56269873E-07   863.99999989   -23332.15646239
    2530    5.06000000  0.47256118E-05 -0.23826599E-07 -0.57514054E-07   863.99999989   -23332.15707203
    2540    5.08000000  0.47770141E-05 -0.24059370E-07 -0.58750783E-07   863.99999989   -23332.15767724
    2550    5.10000000  0.48273210E-05 -0.24286387E-07 -0.59977510E-07   863.99999989   -23332.15827753
    2560    5.12000000  0.48765339E-05 -0.24507154E-07 -0.61191505E-07   863.99999989   -23332.15887240
    2570    5.14000000  0.49246576E-05 -0.24720907E-07 -0.62390305E-07   863.99999989   -23332.15946139
    2580    5.16000000  0.49716991E-05 -0.24927053E-07 -0.63571305E-07   863.99999988   -23332.16004401
    2590    5.18000000  0.50176677E-05 -0.25125029E-07 -0.64731995E-07   863.99999988   -23332.16061980
    2600    5.20000000  0.50625745E-05 -0.25314341E-07 -0.65869886E-07   863.99999988   -23332.16118830
    2610    5.22000000  0.51064321E-05 -0.25494258E-07 -0.66982623E-07   863.99999988   -23332.16174908
    2620    5.24000000  0.51492535E-05 -0.25664404E-07 -0.68067985E-07   863.99999988   -23332.16230168
    2630    5.26000000  0.51910526E-05 -0.25823893E-07 -0.69123780E-07   863.99999988   -23332.16284568
    2640    5.28000000  0.52318430E-05 -0.25972135E-07 -0.70147856E-07   863.99999988   -23332.16338066
    2650    5.30000000  0.52716381E-05 -0.26108120E-07 -0.71138361E-07   863.99999988   -23332.16390621
    2660    5.32000000  0.53104503E-05 -0.26231084E-07 -0.72093404E-07   863.99999988   -23332.16442192
    2670    5.34000000  0.53482910E-05 -0.26339905E-07 -0.73011489E-07   863.99999988   -23332.16492740
    2680    5.36000000  0.53851704E-05 -0.26433662E-07 -0.73891039E-07   863.99999988   -23332.16542227
    2690    5.38000000  0.54210970E-05 -0.26511410E-07 -0.74730805E-07   863.99999988   -23332.16590615
    2700    5.40000000  0.54560775E-05 -0.26572234E-07 -0.75529848E-07   863.99999988   -23332.16637867
    2710    5.42000000  0.54901173E-05 -0.26615426E-07 -0.76287399E-07   863.99999988   -23332.16683949
    2720    5.44000000  0.55232190E-05 -0.26640425E-07 -0.77003025E-07   863.99999988   -23332.16728825
    2730    5.46000000  0.55553838E-05 -0.26646734E-07 -0.77676602E-07   863.99999988   -23332.16772461
    2740    5.48000000  0.55866104E-05 -0.26633899E-07 -0.78308306E-07   863.99999988   -23332.16814824
    2750    5.50000000  0.56168958E-05 -0.26601935E-07 -0.78898426E-07   863.99999988   -23332.16855883
    2760    5.52000000  0.56462346E-05 -0.26550563E-07 -0.79447609E-07   863.99999988   -23332.16895606
    2770    5.54000000  0.56746195E-05 -0.26479839E-07 -0.79956672E-07   863.99999988   -23332.16933963
    2780    5.56000000  0.57020412E-05 -0.26389932E-07 -0.80426528E-07   863.99999988   -23332.16970924
    2790    5.58000000  0.57284888E-05 -0.26280975E-07 -0.80858174E-07   863.99999988   -23332.17006461
    2800    5.60000000  0.57539497E-05 -0.26153164E-07 -0.81252894E-07   863.99999988   -23332.17040547
    2810    5.62000000  0.57784102E-05 -0.26006791E-07 -0.81611829E-07   863.99999987   -23332.17073155
    2820    5.64000000  0.58018553E-05 -0.25842181E-07 -0.81936398E-07   863.99999987   -23332.17104259
    2830    5.66000000  0.58242694E-05 -0.25659626E-07 -0.82228173E-07   863.99999987   -23332.17133836
    2840    5.68000000  0.58456362E-05 -0.25459756E-07 -0.82488645E-07   863.99999987   -23332.17161861
    2850    5.70000000  0.58659390E-05 -0.25243081E-07 -0.82719562E-07   863.99999987   -23332.17188312
    2860    5.72000000  0.58851612E-05 -0.25010288E-07 -0.82922757E-07   863.99999987   -23332.17213168
    2870    5.74000000  0.59032864E-05 -0.24762168E-07 -0.83100056E-07   863.99999987   -23332.17236408
    2880    5.76000000  0.59202981E-05 -0.24499677E-07 -0.83253333E-07   863.99999987   -23332.17258015
    2890    5.78000000  0.59361806E-05 -0.24223814E-07 -0.83384588E-07   863.99999987   -23332.17277969
    2900    5.80000000  0.59509188E-05 -0.23935433E-07 -0.83495681E-07   863.99999987   -23332.17296254
    2910    5.82000000  0.59644988E-05 -0.23635722E-07 -0.83588547E-07   863.99999987   -23332.17312855
    2920    5.84000000  0.59769075E-05 -0.23325790E-07 -0.83664964E-07   863.99999987   -23332.17327757
    2930    5.86000000  0.59881332E-05 -0.23006736E-07 -0.83727055E-07   863.99999987   -23332.17340948
    2940    5.88000000  0.59981659E-05 -0.22679755E-07 -0.83776613E-07   863.99999987   -23332.17352417
    2950    5.90000000  0.60069967E-05 -0.22345988E-07 -0.83815551E-07   863.99999987   -23332.17362152
    2960    5.92000000  0.60146186E-05 -0.22006829E-07 -0.83845713E-07   863.99999987   -23332.17370147
    2970    5.94000000  0.60210263E-05 -0.21663475E-07 -0.83868966E-07   863.99999987   -23332.17376391
    2980    5.96000000  0.60262158E-05 -0.21317197E-07 -0.83887192E-07   863.99999987   -23332.17380881
    2990    5.98000000  0.60301850E-05 -0.20969415E-07 -0.83902111E-07   863.99999987   -23332.17383611
    3000    6.00000000  0.60329327E-05 -0.20621426E-07 -0.83915333E-07   863.99999987   -23332.17384578
    3010    6.02000000  0.60344593E-05 -0.20274540E-07 -0.83928505E-07   863.99999987   -23332.17383780
    3020    6.04000000  0.60347661E-05 -0.19930073E-07 -0.83943034E-07   863.99999987   -23332.17381217
    3030    6.06000000  0.60338554E-05 -0.19589156E-07 -0.83960208E-07   863.99999987   -23332.17376890
    3040    6.08000000  0.60317305E-05 -0.19252701E-07 -0.83981132E-07   863.99999986   -23332.17370801
    3050    6.10000000  0.60283952E-05 -0.18921650E-07 -0.84006624E-07   863.99999986   -23332.17362953
    3060    6.12000000  0.60238543E-05 -0.18596754E-07 -0.84037270E-07   863.99999986   -23332.17353353
    3070    6.14000000  0.60181130E-05 -0.18278475E-07 -0.84073643E-07   863.99999986   -23332.17342006
    3080    6.16000000  0.60111769E-05 -0.17967402E-07 -0.84115943E-07   863.99999986   -23332.17328921
    3090    6.18000000  0.60030522E-05 -0.17663746E-07 -0.84164134E-07   863.99999986   -23332.17314106
    3100    6.20000000  0.59937454E-05 -0.17367879E-07 -0.84218069E-07   863.99999986   -23332.17297573
    3110    6.22000000  0.59832630E-05 -0.17079729E-07 -0.84277495E-07   863.99999986   -23332.17279334
    3120    6.24000000  0.59716118E-05 -0.16799300E-07 -0.84341970E-07   863.99999986   -23332.17259400
    3130    6.26000000  0.59587987E-05 -0.16526545E-07 -0.84410799E-07   863.99999986   -23332.17237788
    3140    6.28000000  0.59448304E-05 -0.16261265E-07 -0.84483298E-07   863.99999986   -23332.17214513
    3150    6.30000000  0.59297136E-05 -0.16003232E-07 -0.84558493E-07   863.99999986   -23332.17189592
    3160    6.32000000  0.59134548E-05 -0.15751874E-07 -0.84635281E-07   863.99999986   -23332.17163044
    3170    6.34000000  0.58960606E-05 -0.15506905E-07 -0.84712609E-07   863.99999986   -23332.17134888
    3180    6.36000000  0.58775371E-05 -0.15267778E-07 -0.84789062E-07   863.99999986   -23332.17105144
    3190    6.38000000  0.58578905E-05 -0.15034090E-07 -0.84863369E-07   863.99999986   -23332.17073836
    3200    6.40000000  0.58371264E-05 -0.14805003E-07 -0.84934118E-07   863.99999986   -23332.17040985
    3210    6.42000000  0.58152506E-05 -0.14579843E-07 -0.85000144E-07   863.99999986   -23332.17006617
    3220    6.44000000  0.57922686E-05 -0.14357888E-07 -0.85059878E-07   863.99999986   -23332.16970757
    3230    6.46000000  0.57681858E-05 -0.14138382E-07 -0.85112157E-07   863.99999986   -23332.16933431
    3240    6.48000000  0.57430076E-05 -0.13920526E-07 -0.85155686E-07   863.99999986   -23332.16894668
    3250    6.50000000  0.57167395E-05 -0.13703504E-07 -0.85189293E-07   863.99999986   -23332.16854495
    3260    6.52000000  0.56893868E-05 -0.13486668E-07 -0.85211721E-07   863.99999986   -23332.16812944
    3270    6.54000000  0.56609551E-05 -0.13269180E-07 -0.85221964E-07   863.99999985   -23332.16770044
    3280    6.56000000  0.56314501E-05 -0.13050589E-07 -0.85218913E-07   863.99999985   -23332.16725829
    3290    6.58000000  0.56008778E-05 -0.12830192E-07 -0.85201648E-07   863.99999985   -23332.16680329
    3300    6.60000000  0.55692441E-05 -0.12607477E-07 -0.85169321E-07   863.99999985   -23332.16633581
    3310    6.62000000  0.55365554E-05 -0.12381784E-07 -0.85121118E-07   863.99999985   -23332.16585618
    3320    6.64000000  0.55028182E-05 -0.12152812E-07 -0.85056188E-07   863.99999985   -23332.16536476
    3330    6.66000000  0.54680394E-05 -0.11919973E-07 -0.84973891E-07   863.99999985   -23332.16486192
    3340    6.68000000  0.54322258E-05 -0.11682845E-07 -0.84873677E-07   863.99999985   -23332.16434803
    3350    6.70000000  0.53953850E-05 -0.11440979E-07 -0.84754865E-07   863.99999985   -23332.16382348
    3360    6.72000000  0.53575244E-05 -0.11194099E-07 -0.84617108E-07   863.99999985   -23332.16328865
    3370    6.74000000  0.53186519E-05 -0.10941963E-07 -0.84459777E-07   863.99999985   -23332.16274395
    3380    6.76000000  0.52787757E-05 -0.10684334E-07 -0.84282797E-07   863.99999985   -23332.16218978
    3390    6.78000000  0.52379044E-05 -0.10421144E-07 -0.84085659E-07   863.99999985   -23332.16162656
    3400    6.80000000  0.51960472E-05 -0.10152378E-07 -0.83868222E-07   863.99999985   -23332.16105470
    3410    6.82000000  0.51532131E-05 -0.98781594E-08 -0.83630342E-07   863.99999985   -23332.16047463
    3420    6.84000000  0.51094118E-05 -0.95985519E-08 -0.83372098E-07   863.99999985   -23332.15988678
    3430    6.86000000  0.50646534E-05 -0.93137547E-08 -0.83093427E-07   863.99999985   -23332.15929159
    3440    6.88000000  0.50189481E-05 -0.90239360E-08 -0.82794586E-07   863.99999985   -23332.15868950
    3450    6.90000000  0.49723067E-05 -0.87294669E-08 -0.82475726E-07   863.99999985   -23332.15808096
    3460    6.92000000  0.49247400E-05 -0.84305815E-08 -0.82137164E-07   863.99999985   -23332.15746643
    3470    6.94000000  0.48762591E-05 -0.81274589E-08 -0.81779146E-07   863.99999985   -23332.15684635
    3480    6.96000000  0.48268756E-05 -0.78203376E-08 -0.81402311E-07   863.99999985   -23332.15622118
    3490    6.98000000  0.47766013E-05 -0.75095342E-08 -0.81006835E-07   863.99999985   -23332.15559140
    3500    7.00000000  0.47254478E-05 -0.71953299E-08 -0.80593332E-07   863.99999984   -23332.15495746
    3510    7.02000000  0.46734276E-05 -0.68779273E-08 -0.80162321E-07   863.99999984   -23332.15431984
    3520    7.04000000  0.46205530E-05 -0.65574802E-08 -0.79714532E-07   863.99999984   -23332.15367900
    3530    7.06000000  0.45668368E-05 -0.62343230E-08 -0.79250605E-07   863.99999984   -23332.15303542
    3540    7.08000000  0.45122917E-05 -0.59084681E-08 -0.78771151E-07   863.99999984   -23332.15238957
    3550    7.10000000  0.44569307E-05 -0.55802020E-08 -0.78277059E-07   863.99999984   -23332.15174193
    3560    7.12000000  0.44007669E-05 -0.52495262E-08 -0.77769120E-07   863.99999984   -23332.15109297
    3570    7.14000000  0.43438134E-05 -0.49164807E-08 -0.77248109E-07   863.99999984   -23332.15044317
    3580    7.16000000  0.42860834E-05 -0.45811010E-08 -0.76714871E-07   863.99999984   -23332.14979301
    3590    7.18000000  0.42275900E-05 -0.42434269E-08 -0.76170231E-07   863.99999984   -23332.14914295
    3600    7.20000000  0.41683466E-05 -0.39034332E-08 -0.75614956E-07   863.99999984   -23332.14849348
    3610    7.22000000  0.41083664E-05 -0.35610740E-08 -0.75049796E-07   863.99999984   -23332.14784507
    3620    7.24000000  0.40476627E-05 -0.32162538E-08 -0.74475617E-07   863.99999984   -23332.14719819
    3630    7.26000000  0.39862491E-05 -0.28689387E-08 -0.73893116E-07   863.99999984   -23332.14655331
    3640    7.28000000  0.39241391E-05 -0.25189308E-08 -0.73303014E-07   863.99999984   -23332.14591090
    3650    7.30000000  0.38613463E-05 -0.21662016E-08 -0.72705925E-07   863.99999984   -23332.14527142
    3660    7.32000000  0.37978843E-05 -0.18105753E-08 -0.72102483E-07   863.99999984   -23332.14463534
    3670    7.34000000  0.37337668E-05 -0.14519800E-08 -0.71493309E-07   863.99999984   -23332.14400312
    3680    7.36000000  0.36690076E-05 -0.10903334E-08 -0.70878984E-07   863.99999984   -23332.14337522
    3690    7.38000000  0.36036205E-05 -0.72573722E-09 -0.70260017E-07   863.99999984   -23332.14275208
    3700    7.40000000  0.35376191E-05 -0.35809026E-09 -0.69636809E-07   863.99999984   -23332.14213415
    3710    7.42000000  0.34710176E-05  0.12375408E-10 -0.69009716E-07   863.99999984   -23332.14152188
    3720    7.44000000  0.34038300E-05  0.38536297E-09 -0.68379226E-07   863.99999984   -23332.14091571
    3730    7.46000000  0.33360705E-05  0.76087342E-09 -0.67745443E-07   863.99999983   -23332.14031606
    3740    7.48000000  0.32677537E-05  0.11382493E-08 -0.67108713E-07   863.99999983   -23332.13972338
    3750    7.50000000  0.31988945E-05  0.15172449E-08 -0.66469199E-07   863.99999983   -23332.13913807
    3760    7.52000000  0.31295082E-05  0.18970670E-08 -0.65827065E-07   863.99999983   -23332.13856056
    3770    7.54000000  0.30596103E-05  0.22773942E-08 -0.65182159E-07   863.99999983   -23332.13799126
    3780    7.56000000  0.29892169E-05  0.26574981E-08 -0.64534293E-07   863.99999983   -23332.13743056
    3790    7.58000000  0.29183448E-05  0.30366285E-08 -0.63883336E-07   863.99999983   -23332.13687887
    3800    7.60000000  0.28470110E-05  0.34140011E-08 -0.63228879E-07   863.99999983   -23332.13633656
    3810    7.62000000  0.27752329E-05  0.37888879E-08 -0.62570648E-07   863.99999983   -23332.13580403
    3820    7.64000000  0.27030287E-05  0.41602787E-08 -0.61908162E-07   863.99999983   -23332.13528163
    3830    7.66000000  0.26304169E-05  0.45272049E-08 -0.61240879E-07   863.99999983   -23332.13476974
    3840    7.68000000  0.25574167E-05  0.48886549E-08 -0.60568340E-07   863.99999983   -23332.13426871
    3850    7.70000000  0.24840473E-05  0.52435702E-08 -0.59890010E-07   863.99999983   -23332.13377887
    3860    7.72000000  0.24103290E-05  0.55908547E-08 -0.59205201E-07   863.99999983   -23332.13330057
    3870    7.74000000  0.23362820E-05  0.59294455E-08 -0.58513393E-07   863.99999983   -23332.13283413
    3880    7.76000000  0.22619268E-05  0.62583150E-08 -0.57813955E-07   863.99999983   -23332.13237986
    3890    7.78000000  0.21872844E-05  0.65764026E-08 -0.57106087E-07   863.99999983   -23332.13193807
    3900    7.80000000  0.21123758E-05  0.68828040E-08 -0.56389080E-07   863.99999983   -23332.13150904
    3910    7.82000000  0.20372224E-05  0.71765313E-08 -0.55662325E-07   863.99999983   -23332.13109306
    3920    7.84000000  0.19618454E-05  0.74567766E-08 -0.54925086E-07   863.99999983   -23332.13069040
    3930    7.86000000  0.18862663E-05  0.77227947E-08 -0.54176661E-07   863.99999983   -23332.13030131
    3940    7.88000000  0.18105066E-05  0.79739207E-08 -0.53416517E-07   863.99999983   -23332.12992604
    3950    7.90000000  0.17345874E-05  0.82094889E-08 -0.52643916E-07   863.99999983   -23332.12956483
    3960    7.92000000  0.16585301E-05  0.84291189E-08 -0.51858423E-07   863.99999982   -23332.12921789
    3970    7.94000000  0.15823556E-05  0.86323688E-08 -0.51059572E-07   863.99999982   -23332.12888545
    3980    7.96000000  0.15060853E-05  0.88189310E-08 -0.50246970E-07   863.99999982   -23332.12856769
    3990    7.98000000  0.14297397E-05  0.89887280E-08 -0.49420397E-07   863.99999982   -23332.12826480
    4000    8.00000000  0.13533394E-05  0.91416787E-08 -0.48579602E-07   863.99999982   -23332.12797696
    4010    8.02000000  0.12769047E-05  0.92778561E-08 -0.47724620E-07   863.99999982   -23332.12770432
    4020    8.04000000  0.12004558E-05  0.93975873E-08 -0.46855417E-07   863.99999982   -23332.12744703
    4030    8.06000000  0.11240122E-05  0.95011112E-08 -0.45972208E-07   863.99999982   -23332.12720524
    4040    8.08000000  0.10475933E-05  0.95889596E-08 -0.45075290E-07   863.99999982   -23332.12697906
    4050    8.10000000  0.97121796E-06  0.96616591E-08 -0.44164979E-07   863.99999982   -23332.12676860
    4060    8.12000000  0.89490457E-06  0.97200232E-08 -0.43241701E-07   863.99999982   -23332.12657397
    4070    8.14000000  0.81867106E-06  0.97647937E-08 -0.42306072E-07   863.99999982   -23332.12639524
    4080    8.16000000  0.74253496E-06  0.97968582E-08 -0.41358686E-07   863.99999982   -23332.12623250
    4090    8.18000000  0.66651317E-06  0.98172238E-08 -0.40400158E-07   863.99999982   -23332.12608580
    4100    8.20000000  0.59062204E-06  0.98269936E-08 -0.39431325E-07   863.99999982   -23332.12595519
    4110    8.22000000  0.51487758E-06  0.98272168E-08 -0.38452845E-07   863.99999982   -23332.12584072
    4120    8.24000000  0.43929538E-06  0.98189921E-08 -0.37465496E-07   863.99999982   -23332.12574241
    4130    8.26000000  0.36389038E-06  0.98032121E-08 -0.36470428E-07   863.99999982   -23332.12566028
    4140    8.28000000  0.28867728E-06  0.97810625E-08 -0.35468392E-07   863.99999982   -23332.12559432
    4150    8.30000000  0.21367006E-06  0.97534031E-08 -0.34460390E-07   863.99999982   -23332.12554453
    4160    8.32000000  0.13888247E-06  0.97211360E-08 -0.33447328E-07   863.99999982   -23332.12551089
    4170    8.34000000  0.64327942E-07  0.96851313E-08 -0.32430231E-07   863.99999982   -23332.12549337
    4180    8.36000000 -0.99804575E-08  0.96460326E-08 -0.31409776E-07   863.99999982   -23332.12549194
    4190    8.38000000 -0.84029816E-07  0.96047284E-08 -0.30386849E-07   863.99999981   -23332.12550653
    4200    8.40000000 -0.15780736E-06  0.95617618E-08 -0.29362133E-07   863.99999981   -23332.12553708
    4210    8.42000000 -0.23130038E-06  0.95178953E-08 -0.28336240E-07   863.99999981   -23332.12558353
    4220    8.44000000 -0.30449639E-06  0.94735510E-08 -0.27309691E-07   863.99999981   -23332.12564579
    4230    8.46000000 -0.37738286E-06  0.94293235E-08 -0.26283065E-07   863.99999981   -23332.12572376
    4240    8.48000000 -0.44994743E-06  0.93857151E-08 -0.25256689E-07   863.99999981   -23332.12581735
    4250    8.50000000 -0.52217750E-06  0.93431208E-08 -0.24230993E-07   863.99999981   -23332.12592643
    4260    8.52000000 -0.59406079E-06  0.93019254E-08 -0.23206391E-07   863.99999981   -23332.12605089
    4270    8.54000000 -0.66558470E-06  0.92623980E-08 -0.22183046E-07   863.99999981   -23332.12619059
    4280    8.56000000 -0.73673663E-06  0.92248765E-08 -0.21161190E-07   863.99999981   -23332.12634539
    4290    8.58000000 -0.80750357E-06  0.91894450E-08 -0.20141064E-07   863.99999981   -23332.12651514
    4300    8.60000000 -0.87787265E-06  0.91562951E-08 -0.19122961E-07   863.99999981   -23332.12669968
    4310    8.62000000 -0.94783014E-06  0.91254720E-08 -0.18106953E-07   863.99999981   -23332.12689883
    4320    8.64000000 -0.10173625E-05  0.90971194E-08 -0.17093122E-07   863.99999981   -23332.12711241
    4330    8.66000000 -0.10864556E-05  0.90711286E-08 -0.16081666E-07   863.99999981   -23332.12734025
    4340    8.68000000 -0.11550950E-05  0.90476164E-08 -0.15072692E-07   863.99999981   -23332.12758213
    4350    8.70000000 -0.12232661E-05  0.90265556E-08 -0.14066228E-07   863.99999981   -23332.12783785
    4360    8.72000000 -0.12909537E-05  0.90079823E-08 -0.13062332E-07   863.99999981   -23332.12810720
    4370    8.74000000 -0.13581427E-05  0.89917609E-08 -0.12061195E-07   863.99999981   -23332.12838995
    4380    8.76000000 -0.14248174E-05  0.89779918E-08 -0.11062742E-07   863.99999981   -23332.12868588
    4390    8.78000000 -0.14909619E-05  0.89664528E-08 -0.10067125E-07   863.99999981   -23332.12899473
    4400    8.80000000 -0.15565597E-05  0.89571609E-08 -0.90743818E-08   863.99999981   -23332.12931626
    4410    8.82000000 -0.16215946E-05  0.89499215E-08 -0.80846746E-08   863.99999980   -23332.12965022
    4420    8.84000000 -0.16860497E-05  0.89446204E-08 -0.70981020E-08   863.99999980   -23332.12999634
    4430    8.86000000 -0.17499077E-05  0.89409310E-08 -0.61147196E-08   863.99999980   -23332.13035435
    4440    8.88000000 -0.18131512E-05  0.89388072E-08 -0.51345319E-08   863.99999980   -23332.13072397
    4450    8.90000000 -0.18757624E-05  0.89381538E-08 -0.41576420E-08   863.99999980   -23332.13110492
    4460    8.92000000 -0.19377235E-05  0.89387936E-08 -0.31840384E-08   863.99999980   -23332.13149689
    4470    8.94000000 -0.19990161E-05  0.89404593E-08 -0.22135433E-08   863.99999980   -23332.13189959
    4480    8.96000000 -0.20596217E-05  0.89430292E-08 -0.12462104E-08   863.99999980   -23332.13231272
    4490    8.98000000 -0.21195221E-05  0.89463647E-08 -0.28179344E-09   863.99999980   -23332.13273595
    4500    9.00000000 -0.21786988E-05  0.89502924E-08  0.67972916E-09   863.99999980   -23332.13316898
    4510    9.02000000 -0.22371332E-05  0.89546913E-08  0.16386096E-08   863.99999980   -23332.13361148
    4520    9.04000000 -0.22948068E-05  0.89594245E-08  0.25950321E-08   863.99999980   -23332.13406311
    4530    9.06000000 -0.23517015E-05  0.89644150E-08  0.35493551E-08   863.99999980   -23332.13452354
    4540    9.08000000 -0.24077992E-05  0.89693253E-08  0.45019305E-08   863.99999980   -23332.13499244
    4550    9.10000000 -0.24630824E-05  0.89740502E-08  0.54529780E-08   863.99999980   -23332.13546946
    4560    9.12000000 -0.25175334E-05  0.89784892E-08  0.64029842E-08   863.99999980   -23332.13595424
    4570    9.14000000 -0.25711353E-05  0.89824588E-08  0.73522987E-08   863.99999980   -23332.13644645
    4580    9.16000000 -0.26238717E-05  0.89856506E-08  0.83012252E-08   863.99999980   -23332.13694572
    4590    9.18000000 -0.26757264E-05  0.89878344E-08  0.92501020E-08   863.99999980   -23332.13745169
    4600    9.20000000 -0.27266841E-05  0.89888113E-08  0.10199255E-07   863.99999980   -23332.13796401
    4610    9.22000000 -0.27767300E-05  0.89884216E-08  0.11148948E-07   863.99999980   -23332.13848231
    4620    9.24000000 -0.28258497E-05  0.89862676E-08  0.12099329E-07   863.99999980   -23332.13900623
    4630    9.26000000 -0.28740299E-05  0.89820817E-08  0.13050692E-07   863.99999980   -23332.13953540
    4640    9.28000000 -0.29212576E-05  0.89754410E-08  0.14003072E-07   863.99999979   -23332.14006946
    4650    9.30000000 -0.29675205E-05  0.89660924E-08  0.14956498E-07   863.99999979   -23332.14060803
    4660    9.32000000 -0.30128072E-05  0.89533088E-08  0.15910869E-07   863.99999979   -23332.14115077
    4670    9.34000000 -0.30571067E-05  0.89367772E-08  0.16866256E-07   863.99999979   -23332.14169728
    4680    9.36000000 -0.31004089E-05  0.89159441E-08  0.17822127E-07   863.99999979   -23332.14224723
    4690    9.38000000 -0.31427042E-05  0.88904249E-08  0.18778354E-07   863.99999979   -23332.14280023
    4700    9.40000000 -0.31839838E-05  0.88597166E-08  0.19734392E-07   863.99999979   -23332.14335592
    4710    9.42000000 -0.32242397E-05  0.88233350E-08  0.20689774E-07   863.99999979   -23332.14391395
    4720    9.44000000 -0.32634645E-05  0.87809363E-08  0.21643849E-07   863.99999979   -23332.14447396
    4730    9.46000000 -0.33016515E-05  0.87321933E-08  0.22595698E-07   863.99999979   -23332.14503559
    4740    9.48000000 -0.33387947E-05  0.86767736E-08  0.23544544E-07   863.99999979   -23332.14559850
    4750    9.50000000 -0.33748891E-05  0.86144745E-08  0.24489427E-07   863.99999979   -23332.14616232
    4760    9.52000000 -0.34099299E-05  0.85449553E-08  0.25429378E-07   863.99999979   -23332.14672672
    4770    9.54000000 -0.34439134E-05  0.84681008E-08  0.26363183E-07   863.99999979   -23332.14729136
    4780    9.56000000 -0.34768360E-05  0.83837672E-08  0.27289667E-07   863.99999979   -23332.14785589
    4790    9.58000000 -0.35086948E-05  0.82919046E-08  0.28207743E-07   863.99999979   -23332.14842000
    4800    9.60000000 -0.35394875E-05  0.81924528E-08  0.29116035E-07   863.99999979   -23332.14898334
    4810    9.62000000 -0.35692117E-05  0.80854553E-08  0.30013508E-07   863.99999979   -23332.14954561
    4820    9.64000000 -0.35978659E-05  0.79710198E-08  0.30898795E-07   863.99999979   -23332.15010648
    4830    9.66000000 -0.36254484E-05  0.78491300E-08  0.31770776E-07   863.99999979   -23332.15066565
    4840    9.68000000 -0.36519581E-05  0.77197953E-08  0.32628190E-07   863.99999979   -23332.15122280
    4850    9.70000000 -0.36773939E-05  0.75831940E-08  0.33469789E-07   863.99999979   -23332.15177765
    4860    9.72000000 -0.37017548E-05  0.74393017E-08  0.34294513E-07   863.99999979   -23332.15232990
    4870    9.74000000 -0.37250400E-05  0.72881461E-08  0.35101107E-07   863.99999978   -23332.15287926
    4880    9.76000000 -0.37472488E-05  0.71297417E-08  0.35888586E-07   863.99999978   -23332.15342545
    4890    9.78000000 -0.37683807E-05  0.69640831E-08  0.36655901E-07   863.99999978   -23332.15396821
    4900    9.80000000 -0.37884347E-05  0.67912179E-08  0.37402156E-07   863.99999978   -23332.15450727
    4910    9.82000000 -0.38074105E-05  0.66111500E-08  0.38126610E-07   863.99999978   -23332.15504236
    4920    9.84000000 -0.38253070E-05  0.64239134E-08  0.38828548E-07   863.99999978   -23332.15557324
    4930    9.86000000 -0.38421235E-05  0.62295816E-08  0.39507351E-07   863.99999978   -23332.15609967
    4940    9.88000000 -0.38578590E-05  0.60282453E-08  0.40162744E-07   863.99999978   -23332.15662140
    4950    9.90000000 -0.38725124E-05  0.58200762E-08  0.40794301E-07   863.99999978   -23332.15713820
    4960    9.92000000 -0.38860822E-05  0.56050942E-08  0.41401734E-07   863.99999978   -23332.15764986
    4970    9.94000000 -0.38985673E-05  0.53834007E-08  0.41984939E-07   863.99999978   -23332.15815616
    4980    9.96000000 -0.39099657E-05  0.51550859E-08  0.42543885E-07   863.99999978   -23332.15865689
    4990    9.98000000 -0.39202758E-05  0.49201258E-08  0.43078571E-07   863.99999978   -23332.15915186
    5000   10.00000000 -0.39294954E-05  0.46786886E-08  0.43589202E-07   863.99999978   -23332.15964086
    5010   10.02000000 -0.39376226E-05  0.44306912E-08  0.44076128E-07   863.99999978   -23332.16012371
    5020   10.04000000 -0.39446549E-05  0.41763129E-08  0.44539632E-07   863.99999978   -23332.16060024
    5030   10.06000000 -0.39505899E-05  0.39155133E-08  0.44980158E-07   863.99999978   -23332.16107029
    5040   10.08000000 -0.39554252E-05  0.36484445E-08  0.45398305E-07   863.99999978   -23332.16153367
    5050   10.10000000 -0.39591586E-05  0.33751506E-08  0.45794574E-07   863.99999978   -23332.16199025
    5060   10.12000000 -0.39617875E-05  0.30959601E-08  0.46169783E-07   863.99999978   -23332.16243988
    5070   10.14000000 -0.39633096E-05  0.28109669E-08  0.46524548E-07   863.99999978   -23332.16288242
    5080   10.16000000 -0.39637231E-05  0.25205053E-08  0.46859736E-07   863.99999978   -23332.16331774
    5090   10.18000000 -0.39630260E-05  0.22249770E-08  0.47176164E-07   863.99999978   -23332.16374572
    5100   10.20000000 -0.39612167E-05  0.19248962E-08  0.47474750E-07   863.99999977   -23332.16416624
    5110   10.22000000 -0.39582939E-05  0.16206573E-08  0.47756246E-07   863.99999977   -23332.16457919
    5120   10.24000000 -0.39542569E-05  0.13128916E-08  0.48021550E-07   863.99999977   -23332.16498449
    5130   10.26000000 -0.39491050E-05  0.10023485E-08  0.48271362E-07   863.99999977   -23332.16538204
    5140   10.28000000 -0.39428383E-05  0.68962129E-09  0.48506504E-07   863.99999977   -23332.16577176
    5150   10.30000000 -0.39354570E-05  0.37552480E-09  0.48727768E-07   863.99999977   -23332.16615358
    5160   10.32000000 -0.39269622E-05  0.60735797E-10  0.48935698E-07   863.99999977   -23332.16652742
    5170   10.34000000 -0.39173554E-05 -0.25385892E-09  0.49131030E-07   863.99999977   -23332.16689324
    5180   10.36000000 -0.39066385E-05 -0.56761991E-09  0.49314454E-07   863.99999977   -23332.16725099
    5190   10.38000000 -0.38948142E-05 -0.87956267E-09  0.49486392E-07   863.99999977   -23332.16760062
    5200   10.40000000 -0.38818856E-05 -0.11889582E-08  0.49647387E-07   863.99999977   -23332.16794210
    5210   10.42000000 -0.38678564E-05 -0.14948793E-08  0.49797712E-07   863.99999977   -23332.16827540
    5220   10.44000000 -0.38527313E-05 -0.17965342E-08  0.49937662E-07   863.99999977   -23332.16860052
    5230   10.46000000 -0.38365148E-05 -0.20929984E-08  0.50067479E-07   863.99999977   -23332.16891744
    5240   10.48000000 -0.38192127E-05 -0.23833286E-08  0.50187043E-07   863.99999977   -23332.16922615
    5250   10.50000000 -0.38008309E-05 -0.26668364E-08  0.50296423E-07   863.99999977   -23332.16952668
    5260   10.52000000 -0.37813759E-05 -0.29427290E-08  0.50395496E-07   863.99999977   -23332.16981902
    5270   10.54000000 -0.37608547E-05 -0.32100286E-08  0.50484030E-07   863.99999977   -23332.17010321
    5280   10.56000000 -0.37392749E-05 -0.34681475E-08  0.50561766E-07   863.99999977   -23332.17037927
    5290   10.58000000 -0.37166444E-05 -0.37163154E-08  0.50628296E-07   863.99999977   -23332.17064724
    5300   10.60000000 -0.36929716E-05 -0.39539387E-08  0.50683240E-07   863.99999977   -23332.17090716
    5310   10.62000000 -0.36682650E-05 -0.41804292E-08  0.50726118E-07   863.99999977   -23332.17115909
    5320   10.64000000 -0.36425338E-05 -0.43953116E-08  0.50756342E-07   863.99999977   -23332.17140308
    5330   10.66000000 -0.36157874E-05 -0.45983524E-08  0.50773403E-07   863.99999976   -23332.17163919
    5340   10.68000000 -0.35880354E-05 -0.47892694E-08  0.50776591E-07   863.99999976   -23332.17186750
    5350   10.70000000 -0.35592877E-05 -0.49678567E-08  0.50765429E-07   863.99999976   -23332.17208808
    5360   10.72000000 -0.35295543E-05 -0.51342561E-08  0.50739276E-07   863.99999976   -23332.17230101
    5370   10.74000000 -0.34988458E-05 -0.52884553E-08  0.50697460E-07   863.99999976   -23332.17250640
    5380   10.76000000 -0.34671727E-05 -0.54306429E-08  0.50639332E-07   863.99999976   -23332.17270432
    5390   10.78000000 -0.34345458E-05 -0.55611718E-08  0.50564236E-07   863.99999976   -23332.17289488
    5400   10.80000000 -0.34009761E-05 -0.56803072E-08  0.50471500E-07   863.99999976   -23332.17307818
    5410   10.82000000 -0.33664750E-05 -0.57883273E-08  0.50360322E-07   863.99999976   -23332.17325434
    5420   10.84000000 -0.33310536E-05 -0.58858610E-08  0.50230182E-07   863.99999976   -23332.17342347
    5430   10.86000000 -0.32947235E-05 -0.59733602E-08  0.50080435E-07   863.99999976   -23332.17358570
    5440   10.88000000 -0.32574962E-05 -0.60513595E-08  0.49910709E-07   863.99999976   -23332.17374113
    5450   10.90000000 -0.32193834E-05 -0.61204608E-08  0.49720471E-07   863.99999976   -23332.17388991
    5460   10.92000000 -0.31803967E-05 -0.61814771E-08  0.49509523E-07   863.99999976   -23332.17403216
    5470   10.94000000 -0.31405478E-05 -0.62350094E-08  0.49277783E-07   863.99999976   -23332.17416802
    5480   10.96000000 -0.30998485E-05 -0.62819648E-08  0.49024979E-07   863.99999976   -23332.17429763
    5490   10.98000000 -0.30583106E-05 -0.63230649E-08  0.48751322E-07   863.99999976   -23332.17442113
    5500   11.00000000 -0.30159460E-05 -0.63592949E-08  0.48456802E-07   863.99999976   -23332.17453867
    5510   11.02000000 -0.29727668E-05 -0.63914101E-08  0.48141669E-07   863.99999976   -23332.17465039
    5520   11.04000000 -0.29287850E-05 -0.64203195E-08  0.47805831E-07   863.99999976   -23332.17475644
    5530   11.06000000 -0.28840128E-05 -0.64467939E-08  0.47449712E-07   863.99999976   -23332.17485698
    5540   11.08000000 -0.28384623E-05 -0.64716927E-08  0.47073392E-07   863.99999976   -23332.17495217
    5550   11.10000000 -0.27921457E-05 -0.64956882E-08  0.46677168E-07   863.99999976   -23332.17504214
    5560   11.12000000 -0.27450753E-05 -0.65194641E-08  0.46261202E-07   863.99999975   -23332.17512707
    5570   11.14000000 -0.26972632E-05 -0.65436707E-08  0.45825860E-07   863.99999975   -23332.17520711
    5580   11.16000000 -0.26487217E-05 -0.65688632E-08  0.45371593E-07   863.99999975   -23332.17528243
    5590   11.18000000 -0.25994630E-05 -0.65956788E-08  0.44898744E-07   863.99999975   -23332.17535317
    5600   11.20000000 -0.25494996E-05 -0.66246159E-08  0.44407965E-07   863.99999975   -23332.17541951
    5610   11.22000000 -0.24988437E-05 -0.66563034E-08  0.43899714E-07   863.99999975   -23332.17548159
    5620   11.24000000 -0.24475081E-05 -0.66913771E-08  0.43374540E-07   863.99999975   -23332.17553959
    5630   11.26000000 -0.23955055E-05 -0.67303161E-08  0.42833205E-07   863.99999975   -23332.17559367
    5640   11.28000000 -0.23428486E-05 -0.67735689E-08  0.42276161E-07   863.99999975   -23332.17564397
    5650   11.30000000 -0.22895506E-05 -0.68217561E-08  0.41703902E-07   863.99999975   -23332.17569067
    5660   11.32000000 -0.22356247E-05 -0.68753006E-08  0.41116967E-07   863.99999975   -23332.17573392
    5670   11.34000000 -0.21810843E-05 -0.69344999E-08  0.40515748E-07   863.99999975   -23332.17577388
    5680   11.36000000 -0.21259430E-05 -0.69996638E-08  0.39900603E-07   863.99999975   -23332.17581070
    5690   11.38000000 -0.20702144E-05 -0.70711500E-08  0.39271974E-07   863.99999975   -23332.17584453
    5700   11.40000000 -0.20139125E-05 -0.71490549E-08  0.38630174E-07   863.99999975   -23332.17587554
    5710   11.42000000 -0.19570511E-05 -0.72336094E-08  0.37975532E-07   863.99999975   -23332.17590386
    5720   11.44000000 -0.18996446E-05 -0.73251340E-08  0.37308528E-07   863.99999975   -23332.17592966
    5730   11.46000000 -0.18417071E-05 -0.74236514E-08  0.36629602E-07   863.99999975   -23332.17595306
    5740   11.48000000 -0.17832532E-05 -0.75292129E-08  0.35939204E-07   863.99999975   -23332.17597422
    5750   11.50000000 -0.17242977E-05 -0.76419040E-08  0.35237692E-07   863.99999975   -23332.17599328
    5760   11.52000000 -0.16648554E-05 -0.77615496E-08  0.34525557E-07   863.99999975   -23332.17601037
    5770   11.54000000 -0.16049414E-05 -0.78881722E-08  0.33803245E-07   863.99999975   -23332.17602562
    5780   11.56000000 -0.15445710E-05 -0.80214879E-08  0.33071204E-07   863.99999975   -23332.17603917
    5790   11.58000000 -0.14837597E-05 -0.81613641E-08  0.32329826E-07   863.99999974   -23332.17605114
    5800   11.60000000 -0.14225233E-05 -0.83072858E-08  0.31579507E-07   863.99999974   -23332.17606166
    5810   11.62000000 -0.13608777E-05 -0.84591827E-08  0.30820601E-07   863.99999974   -23332.17607084
    5820   11.64000000 -0.12988391E-05 -0.86164577E-08  0.30053463E-07   863.99999974   -23332.17607880
    5830   11.66000000 -0.12364241E-05 -0.87788479E-08  0.29278514E-07   863.99999974   -23332.17608565
    5840   11.68000000 -0.11736493E-05 -0.89459176E-08  0.28496080E-07   863.99999974   -23332.17609149
    5850   11.70000000 -0.11105318E-05 -0.91172283E-08  0.27706281E-07   863.99999974   -23332.17609643
    5860   11.72000000 -0.10470889E-05 -0.92922620E-08  0.26909535E-07   863.99999974   -23332.17610056
    5870   11.74000000 -0.98333778E-06 -0.94705424E-08  0.26106129E-07   863.99999974   -23332.17610397
    5880   11.76000000 -0.91929637E-06 -0.96515975E-08  0.25296269E-07   863.99999974   -23332.17610675
    5890   11.78000000 -0.85498248E-06 -0.98348734E-08  0.24480122E-07   863.99999974   -23332.17610899
    5900   11.80000000 -0.79041410E-06 -0.10019782E-07  0.23657879E-07   863.99999974   -23332.17611075
    5910   11.82000000 -0.72560950E-06 -0.10205713E-07  0.22829903E-07   863.99999974   -23332.17611211
    5920   11.84000000 -0.66058718E-06 -0.10392289E-07  0.21996069E-07   863.99999974   -23332.17611313
    5930   11.86000000 -0.59536560E-06 -0.10578969E-07  0.21156515E-07   863.99999974   -23332.17611388
    5940   11.88000000 -0.52996363E-06 -0.10765135E-07  0.20311216E-07   863.99999974   -23332.17611441
    5950   11.90000000 -0.46440007E-06 -0.10950260E-07  0.19460189E-07   863.99999974   -23332.17611476
    5960   11.92000000 -0.39869392E-06 -0.11133858E-07  0.18603072E-07   863.99999974   -23332.17611498
    5970   11.94000000 -0.33286410E-06 -0.11315461E-07  0.17739735E-07   863.99999974   -23332.17611511
    5980   11.96000000 -0.26692979E-06 -0.11494406E-07  0.16870028E-07   863.99999974   -23332.17611517
    5990   11.98000000 -0.20090989E-06 -0.11670220E-07  0.15993688E-07   863.99999974   -23332.17611520
    6000   12.00000000 -0.13482357E-06 -0.11842443E-07  0.15110532E-07   863.99999974   -23332.17611520
    6010   12.02000000 -0.68150827E-07 -0.12010415E-07  0.14220327E-07   863.99999974   -23332.17611520
    6020   12.04000000 -0.11453573E-08 -0.12173524E-07  0.13323178E-07   863.99999974   -23332.17611520
    6030   12.06000000  0.65126345E-07 -0.12331629E-07  0.12418484E-07   863.99999973   -23332.17611520
    6040   12.08000000  0.12969246E-06 -0.12484335E-07  0.11506058E-07   863.99999973   -23332.17611521
    6050   12.10000000  0.19165404E-06 -0.12631351E-07  0.10585506E-07   863.99999973   -23332.17611521
    6060   12.12000000  0.25020970E-06 -0.12772885E-07  0.96561200E-08   863.99999973   -23332.17611521
    6070   12.14000000  0.30467865E-06 -0.12909557E-07  0.87167466E-08   863.99999973   -23332.17611521
    6080   12.16000000  0.35449477E-06 -0.13042248E-07  0.77657570E-08   863.99999973   -23332.17611521
    6090   12.18000000  0.39920510E-06 -0.13171978E-07  0.68020998E-08   863.99999973   -23332.17611521
    6100   12.20000000  0.43846464E-06 -0.13299417E-07  0.58253590E-08   863.99999973   -23332.17611521
    6110   12.22000000  0.47201679E-06 -0.13425018E-07  0.48356971E-08   863.99999973   -23332.17611521
    6120   12.24000000  0.49968570E-06 -0.13548954E-07  0.38341523E-08   863.99999973   -23332.17611521
    6130   12.26000000  0.52137659E-06 -0.13671046E-07  0.28225529E-08   863.99999973   -23332.17611521
    6140   12.28000000  0.53707142E-06 -0.13790666E-07  0.18040218E-08   863.99999973   -23332.17611521
    6150   12.30000000  0.54682635E-06 -0.13906502E-07  0.78252795E-09   863.99999973   -23332.17611521
    6160   12.32000000  0.55076986E-06 -0.14016696E-07 -0.23668094E-09   863.99999973   -23332.17611521
    6170   12.34000000  0.54909792E-06 -0.14118932E-07 -0.12475711E-08   863.99999973   -23332.17611521
    6180   12.36000000  0.54206633E-06 -0.14210602E-07 -0.22432972E-08   863.99999973   -23332.17611521
    6190   12.38000000  0.52998300E-06 -0.14288568E-07 -0.32162114E-08   863.99999973   -23332.17611521
    6200   12.40000000  0.51320367E-06 -0.14349365E-07 -0.41580562E-08   863.99999973   -23332.17611521
    6210   12.42000000  0.49212386E-06 -0.14389426E-07 -0.50604878E-08   863.99999973   -23332.17611521
    6220   12.44000000  0.46716559E-06 -0.14405218E-07 -0.59149927E-08   863.99999973   -23332.17611521
    6230   12.46000000  0.43877011E-06 -0.14393256E-07 -0.67130277E-08   863.99999973   -23332.17611521
    6240   12.48000000  0.40739274E-06 -0.14349955E-07 -0.74467867E-08   863.99999973   -23332.17611521
    6250   12.50000000  0.37349635E-06 -0.14272106E-07 -0.81084522E-08   863.99999973   -23332.17611521
    6260   12.52000000  0.33754380E-06 -0.14156205E-07 -0.86906943E-08   863.99999972   -23332.17611521
    6270   12.54000000  0.29999261E-06 -0.13999214E-07 -0.91866116E-08   863.99999972   -23332.17611521
    6280   12.56000000  0.26129000E-06 -0.13798391E-07 -0.95901875E-08   863.99999972   -23332.17611522
    6290   12.58000000  0.22187142E-06 -0.13551443E-07 -0.98962697E-08   863.99999972   -23332.17611522
    6300   12.60000000  0.18215990E-06 -0.13256358E-07 -0.10100493E-07   863.99999972   -23332.17611522
    6310   12.62000000  0.14256422E-06 -0.12911720E-07 -0.10199565E-07   863.99999972   -23332.17611522
    6320   12.64000000  0.10347513E-06 -0.12516786E-07 -0.10191384E-07   863.99999972   -23332.17611522
    6330   12.66000000  0.65260948E-07 -0.12071391E-07 -0.10074892E-07   863.99999972   -23332.17611522
    6340   12.68000000  0.28265826E-07 -0.11576060E-07 -0.98502032E-08   863.99999972   -23332.17611522
    6350   12.70000000 -0.71937667E-08 -0.11031849E-07 -0.95187058E-08   863.99999972   -23332.17611522
    6360   12.72000000 -0.40832267E-07 -0.10440337E-07 -0.90830955E-08   863.99999972   -23332.17611522
    6370   12.74000000 -0.72396374E-07 -0.98034894E-08 -0.85468102E-08   863.99999972   -23332.17611522
    6380   12.76000000 -0.10166789E-06 -0.91240541E-08 -0.79144656E-08   863.99999972   -23332.17611522
    6390   12.78000000 -0.12846545E-06 -0.84049262E-08 -0.71915216E-08   863.99999972   -23332.17611522
    6400   12.80000000 -0.15264383E-06 -0.76495595E-08 -0.63843557E-08   863.99999972   -23332.17611522
    6410   12.82000000 -0.17409053E-06 -0.68616517E-08 -0.54999164E-08   863.99999972   -23332.17611522
    6420   12.84000000 -0.19272459E-06 -0.60453728E-08 -0.45458563E-08   863.99999972   -23332.17611522
    6430   12.86000000 -0.20849656E-06 -0.52048195E-08 -0.35300269E-08   863.99999972   -23332.17611522
    6440   12.88000000 -0.22138775E-06 -0.43445167E-08 -0.24609467E-08   863.99999972   -23332.17611522
    6450   12.90000000 -0.23140712E-06 -0.34690734E-08 -0.13471979E-08   863.99999972   -23332.17611522
    6460   12.92000000 -0.23859127E-06 -0.25832337E-08 -0.19761078E-09   863.99999972   -23332.17611522
    6470   12.94000000 -0.24300281E-06 -0.16917615E-08  0.97860928E-09   863.99999972   -23332.17611522
    6480   12.96000000 -0.24472930E-06 -0.79944136E-09  0.21721722E-08   863.99999972   -23332.17611523
    6490   12.98000000 -0.24388141E-06  0.88751969E-10  0.33736034E-08   863.99999971   -23332.17611523
    6500   13.00000000 -0.24059151E-06  0.96797114E-09  0.45732713E-08   863.99999971   -23332.17611523
    6510   13.02000000 -0.23501077E-06  0.18334080E-08  0.57616338E-08   863.99999971   -23332.17611523
    6520   13.04000000 -0.22730661E-06  0.26803122E-08  0.69288593E-08   863.99999971   -23332.17611523
    6530   13.06000000 -0.21766020E-06  0.35039179E-08  0.80654468E-08   863.99999971   -23332.17611523
    6540   13.08000000 -0.20626269E-06  0.43001237E-08  0.91622386E-08   863.99999971   -23332.17611523
    6550   13.10000000 -0.19331279E-06  0.50645448E-08  0.10210358E-07   863.99999971   -23332.17611523
    6560   13.12000000 -0.17901396E-06  0.57933456E-08  0.11201238E-07   863.99999971   -23332.17611523
    6570   13.14000000 -0.16357167E-06  0.64826099E-08  0.12126954E-07   863.99999971   -23332.17611523
    6580   13.16000000 -0.14719016E-06  0.71291115E-08  0.12980044E-07   863.99999971   -23332.17611523
    6590   13.18000000 -0.13007107E-06  0.77295469E-08  0.13753768E-07   863.99999971   -23332.17611523
    6600   13.20000000 -0.11241266E-06  0.82810686E-08  0.14441953E-07   863.99999971   -23332.17611523
    6610   13.22000000 -0.94408078E-07  0.87810977E-08  0.15039016E-07   863.99999971   -23332.17611523
    6620   13.24000000 -0.76243492E-07  0.92274385E-08  0.15540071E-07   863.99999971   -23332.17611523
    6630   13.26000000 -0.58096450E-07  0.96178879E-08  0.15940840E-07   863.99999971   -23332.17611523
    6640   13.28000000 -0.40134789E-07  0.99509731E-08  0.16237942E-07   863.99999971   -23332.17611523
    6650   13.30000000 -0.22515192E-07  0.10225397E-07  0.16428765E-07   863.99999971   -23332.17611523
    6660   13.32000000 -0.53827875E-08  0.10440272E-07  0.16511626E-07   863.99999971   -23332.17611523
    6670   13.34000000  0.11129673E-07  0.10595314E-07  0.16485662E-07   863.99999971   -23332.17611523
    6680   13.36000000  0.26902152E-07  0.10690562E-07  0.16351105E-07   863.99999971   -23332.17611524
    6690   13.38000000  0.41827806E-07  0.10726601E-07  0.16108936E-07   863.99999971   -23332.17611524
    6700   13.40000000  0.55813607E-07  0.10704374E-07  0.15761164E-07   863.99999971   -23332.17611524
    6710   13.42000000  0.68779709E-07  0.10625277E-07  0.15310663E-07   863.99999971   -23332.17611524
    6720   13.44000000  0.80659616E-07  0.10490990E-07  0.14761100E-07   863.99999970   -23332.17611524
    6730   13.46000000  0.91400186E-07  0.10303485E-07  0.14116842E-07   863.99999970   -23332.17611524
    6740   13.48000000  0.10096237E-06  0.10065108E-07  0.13382808E-07   863.99999970   -23332.17611524
    6750   13.50000000  0.10932025E-06  0.97783356E-08  0.12564767E-07   863.99999970   -23332.17611524
    6760   13.52000000  0.11646110E-06  0.94459677E-08  0.11668931E-07   863.99999970   -23332.17611524
    6770   13.54000000  0.12238468E-06  0.90709797E-08  0.10702216E-07   863.99999970   -23332.17611524
    6780   13.56000000  0.12710167E-06  0.86564867E-08  0.96717957E-08   863.99999970   -23332.17611524
    6790   13.58000000  0.13063247E-06  0.82056411E-08  0.85855171E-08   863.99999970   -23332.17611524
    6800   13.60000000  0.13300709E-06  0.77220978E-08  0.74514933E-08   863.99999970   -23332.17611524
    6810   13.62000000  0.13426487E-06  0.72094083E-08  0.62781336E-08   863.99999970   -23332.17611524
    6820   13.64000000  0.13445403E-06  0.66713737E-08  0.50738779E-08   863.99999970   -23332.17611524
    6830   13.66000000  0.13363057E-06  0.61120760E-08  0.38474483E-08   863.99999970   -23332.17611524
    6840   13.68000000  0.13185685E-06  0.55356355E-08  0.26075341E-08   863.99999970   -23332.17611524
    6850   13.70000000  0.12920130E-06  0.49462649E-08  0.13627135E-08   863.99999970   -23332.17611524
    6860   13.72000000  0.12573791E-06  0.43482480E-08  0.12155680E-09   863.99999970   -23332.17611524
    6870   13.74000000  0.12154539E-06  0.37459290E-08 -0.11074225E-08   863.99999970   -23332.17611525
    6880   13.76000000  0.11670591E-06  0.31435738E-08 -0.23159285E-08   863.99999970   -23332.17611525
    6890   13.78000000  0.11130453E-06  0.25454412E-08 -0.34958471E-08   863.99999970   -23332.17611525
    6900   13.80000000  0.10542848E-06  0.19556519E-08 -0.46395755E-08   863.99999970   -23332.17611525
    6910   13.82000000  0.99165961E-07  0.13782896E-08 -0.57395588E-08   863.99999970   -23332.17611525
    6920   13.84000000  0.92604756E-07  0.81727126E-09 -0.67887235E-08   863.99999970   -23332.17611525
    6930   13.86000000  0.85831342E-07  0.27643858E-09 -0.77806388E-08   863.99999970   -23332.17611525
    6940   13.88000000  0.78929905E-07 -0.24041390E-09 -0.87090334E-08   863.99999970   -23332.17611525
    6950   13.90000000  0.71981789E-07 -0.72977772E-09 -0.95684213E-08   863.99999969   -23332.17611525
    6960   13.92000000  0.65064842E-07 -0.11883379E-08 -0.10353807E-07   863.99999969   -23332.17611525
    6970   13.94000000  0.58253339E-07 -0.16128737E-08 -0.11060698E-07   863.99999969   -23332.17611525
    6980   13.96000000  0.51616939E-07 -0.20003722E-08 -0.11685076E-07   863.99999969   -23332.17611525
    6990   13.98000000  0.45219909E-07 -0.23480408E-08 -0.12223785E-07   863.99999969   -23332.17611525
    7000   14.00000000  0.39120891E-07 -0.26533097E-08 -0.12674334E-07   863.99999969   -23332.17611525
    7010   14.02000000  0.33372708E-07 -0.29140145E-08 -0.13034775E-07   863.99999969   -23332.17611525
    7020   14.04000000  0.28021585E-07 -0.31279115E-08 -0.13303793E-07   863.99999969   -23332.17611525
    7030   14.06000000  0.23106786E-07 -0.32930960E-08 -0.13480938E-07   863.99999969   -23332.17611525
    7040   14.08000000  0.18660177E-07 -0.34079545E-08 -0.13566376E-07   863.99999969   -23332.17611525
    7050   14.10000000  0.14706822E-07 -0.34713173E-08 -0.13561093E-07   863.99999969   -23332.17611525
    7060   14.12000000  0.11264356E-07 -0.34822526E-08 -0.13466500E-07   863.99999969   -23332.17611526
    7070   14.14000000  0.83434961E-08 -0.34401728E-08 -0.13284985E-07   863.99999969   -23332.17611526
    7080   14.16000000  0.59480906E-08 -0.33449697E-08 -0.13019371E-07   863.99999969   -23332.17611526
    7090   14.18000000  0.40748873E-08 -0.31968851E-08 -0.12673094E-07   863.99999969   -23332.17611526
    7100   14.20000000  0.27144577E-08 -0.29966286E-08 -0.12250283E-07   863.99999969   -23332.17611526
    7110   14.22000000  0.18513248E-08 -0.27453385E-08 -0.11755497E-07   863.99999969   -23332.17611526
    7120   14.24000000  0.14646366E-08 -0.24443857E-08 -0.11193674E-07   863.99999969   -23332.17611526
    7130   14.26000000  0.15284500E-08 -0.20955637E-08 -0.10570361E-07   863.99999969   -23332.17611526
    7140   14.28000000  0.20128787E-08 -0.17009116E-08 -0.98911818E-08   863.99999969   -23332.17611526
    7150   14.30000000  0.28838733E-08 -0.12631247E-08 -0.91623435E-08   863.99999969   -23332.17611526
    7160   14.32000000  0.41042798E-08 -0.78479350E-09 -0.83900435E-08   863.99999969   -23332.17611526
    7170   14.34000000  0.56341274E-08 -0.26903373E-09 -0.75809547E-08   863.99999969   -23332.17611526
    7180   14.36000000  0.74313362E-08  0.28091431E-09 -0.67417524E-08   863.99999968   -23332.17611526
    7190   14.38000000  0.94520013E-08  0.86147136E-09 -0.58793355E-08   863.99999968   -23332.17611526
    7200   14.40000000  0.11650944E-07  0.14687805E-08 -0.50005044E-08   863.99999968   -23332.17611526
    7210   14.42000000  0.13982486E-07  0.20988271E-08 -0.41124656E-08   863.99999968   -23332.17611526
    7220   14.44000000  0.16400959E-07  0.27473366E-08 -0.32219674E-08   863.99999968   -23332.17611526
    7230   14.46000000  0.18861446E-07  0.34098406E-08 -0.23358375E-08   863.99999968   -23332.17611526
    7240   14.48000000  0.21320290E-07  0.40818827E-08 -0.14606271E-08   863.99999968   -23332.17611526
    7250   14.50000000  0.23735858E-07  0.47589803E-08 -0.60276194E-09   863.99999968   -23332.17611527
    7260   14.52000000  0.26068711E-07  0.54365121E-08  0.23190112E-09   863.99999968   -23332.17611527
    7270   14.54000000  0.28282666E-07  0.61099583E-08  0.10375222E-08   863.99999968   -23332.17611527
    7280   14.56000000  0.30344944E-07  0.67749785E-08  0.18088912E-08   863.99999968   -23332.17611527
    7290   14.58000000  0.32226468E-07  0.74272217E-08  0.25412418E-08   863.99999968   -23332.17611527
    7300   14.60000000  0.33902147E-07  0.80624855E-08  0.32301512E-08   863.99999968   -23332.17611527
    7310   14.62000000  0.35351028E-07  0.86767770E-08  0.38718679E-08   863.99999968   -23332.17611527
    7320   14.64000000  0.36556701E-07  0.92661041E-08  0.44630197E-08   863.99999968   -23332.17611527
    7330   14.66000000  0.37507162E-07  0.98266945E-08  0.50009388E-08   863.99999968   -23332.17611527
    7340   14.68000000  0.38194796E-07  0.10354872E-07  0.54831810E-08   863.99999968   -23332.17611527
    7350   14.70000000  0.38616117E-07  0.10847210E-07  0.59081655E-08   863.99999968   -23332.17611527
    7360   14.72000000  0.38771800E-07  0.11300442E-07  0.62745941E-08   863.99999968   -23332.17611527
    7370   14.74000000  0.38666300E-07  0.11711588E-07  0.65818027E-08   863.99999968   -23332.17611527
    7380   14.76000000  0.38308100E-07  0.12077849E-07  0.68296781E-08   863.99999968   -23332.17611527
    7390   14.78000000  0.37709721E-07  0.12396923E-07  0.70187152E-08   863.99999968   -23332.17611527
    7400   14.80000000  0.36887086E-07  0.12666519E-07  0.71498147E-08   863.99999968   -23332.17611527
    7410   14.82000000  0.35859585E-07  0.12884789E-07  0.72243398E-08   863.99999967   -23332.17611527
    7420   14.84000000  0.34649260E-07  0.13050222E-07  0.72444599E-08   863.99999967   -23332.17611527
    7430   14.86000000  0.33280965E-07  0.13161678E-07  0.72123752E-08   863.99999967   -23332.17611527
    7440   14.88000000  0.31781549E-07  0.13218243E-07  0.71309607E-08   863.99999967   -23332.17611528
    7450   14.90000000  0.30179771E-07  0.13219379E-07  0.70031315E-08   863.99999967   -23332.17611528
    7460   14.92000000  0.28505873E-07  0.13165050E-07  0.68322904E-08   863.99999967   -23332.17611528
    7470   14.94000000  0.26791201E-07  0.13055388E-07  0.66219467E-08   863.99999967   -23332.17611528
    7480   14.96000000  0.25067546E-07  0.12890708E-07  0.63757118E-08   863.99999967   -23332.17611528
    7490   14.98000000  0.23366850E-07  0.12671972E-07  0.60974299E-08   863.99999967   -23332.17611528
    7500   15.00000000  0.21720849E-07  0.12400120E-07  0.57908797E-08   863.99999967   -23332.17611528
    7510   15.02000000  0.20160790E-07  0.12076602E-07  0.54599582E-08   863.99999967   -23332.17611528
    7520   15.04000000  0.18716897E-07  0.11703062E-07  0.51085245E-08   863.99999967   -23332.17611528
    7530   15.06000000  0.17418035E-07  0.11281739E-07  0.47402852E-08   863.99999967   -23332.17611528
    7540   15.08000000  0.16291214E-07  0.10814880E-07  0.43589185E-08   863.99999967   -23332.17611528
    7550   15.10000000  0.15361211E-07  0.10305325E-07  0.39679868E-08   863.99999967   -23332.17611528
    7560   15.12000000  0.14650288E-07  0.97561513E-08  0.35706320E-08   863.99999967   -23332.17611528
    7570   15.14000000  0.14178068E-07  0.91707605E-08  0.31700097E-08   863.99999967   -23332.17611528
    7580   15.16000000  0.13961160E-07  0.85528105E-08  0.27690022E-08   863.99999967   -23332.17611528
    7590   15.18000000  0.14012888E-07  0.79061117E-08  0.23701915E-08   863.99999967   -23332.17611528
    7600   15.20000000  0.14343206E-07  0.72346176E-08  0.19759735E-08   863.99999967   -23332.17611528
    7610   15.22000000  0.14959011E-07  0.65424332E-08  0.15884737E-08   863.99999967   -23332.17611528
    7620   15.24000000  0.15863645E-07  0.58338158E-08  0.12094976E-08   863.99999967   -23332.17611528
    7630   15.26000000  0.17057007E-07  0.51128336E-08  0.84082264E-09   863.99999967   -23332.17611529
    7640   15.28000000  0.18535141E-07  0.43839937E-08  0.48359277E-09   863.99999966   -23332.17611529
    7650   15.30000000  0.20291059E-07  0.36513268E-08  0.13914812E-09   863.99999966   -23332.17611529
    7660   15.32000000  0.22314383E-07  0.29190254E-08 -0.19187212E-09   863.99999966   -23332.17611529
    7670   15.34000000  0.24591354E-07  0.21912934E-08 -0.50853840E-09   863.99999966   -23332.17611529
    7680   15.36000000  0.27104726E-07  0.14721901E-08 -0.81045943E-09   863.99999966   -23332.17611529
    7690   15.38000000  0.29834208E-07  0.76563679E-09 -0.10972661E-08   863.99999966   -23332.17611529
    7700   15.40000000  0.32756457E-07  0.75545320E-10 -0.13687824E-08   863.99999966   -23332.17611529
    7710   15.42000000  0.35845389E-07 -0.59451839E-09 -0.16249377E-08   863.99999966   -23332.17611529
    7720   15.44000000  0.39072673E-07 -0.12411304E-08 -0.18657659E-08   863.99999966   -23332.17611529
    7730   15.46000000  0.42408028E-07 -0.18610388E-08 -0.20915088E-08   863.99999966   -23332.17611529
    7740   15.48000000  0.45819718E-07 -0.24513683E-08 -0.23024830E-08   863.99999966   -23332.17611529
    7750   15.50000000  0.49274868E-07 -0.30095430E-08 -0.24992342E-08   863.99999966   -23332.17611529
    7760   15.52000000  0.52739889E-07 -0.35331121E-08 -0.26823167E-08   863.99999966   -23332.17611529
    7770   15.54000000  0.56180655E-07 -0.40201470E-08 -0.28523973E-08   863.99999966   -23332.17611529
    7780   15.56000000  0.59563148E-07 -0.44689272E-08 -0.30103296E-08   863.99999966   -23332.17611529
    7790   15.58000000  0.62853535E-07 -0.48780487E-08 -0.31568571E-08   863.99999966   -23332.17611529
    7800   15.60000000  0.66018924E-07 -0.52465619E-08 -0.32929456E-08   863.99999966   -23332.17611529
    7810   15.62000000  0.69026978E-07 -0.55738737E-08 -0.34192310E-08   863.99999966   -23332.17611529
    7820   15.64000000  0.71847375E-07 -0.58596316E-08 -0.35366654E-08   863.99999966   -23332.17611530
    7830   15.66000000  0.74451280E-07 -0.61038985E-08 -0.36458172E-08   863.99999966   -23332.17611530
    7840   15.68000000  0.76812172E-07 -0.63071441E-08 -0.37474751E-08   863.99999966   -23332.17611530
    7850   15.70000000  0.78905834E-07 -0.64700681E-08 -0.38422995E-08   863.99999966   -23332.17611530
    7860   15.72000000  0.80711048E-07 -0.65934132E-08 -0.39309203E-08   863.99999966   -23332.17611530
    7870   15.74000000  0.82209453E-07 -0.66785920E-08 -0.40139003E-08   863.99999966   -23332.17611530
    7880   15.76000000  0.83385993E-07 -0.67267345E-08 -0.40916630E-08   863.99999965   -23332.17611530
    7890   15.78000000  0.84228936E-07 -0.67395173E-08 -0.41649211E-08   863.99999965   -23332.17611530
    7900   15.80000000  0.84729842E-07 -0.67186860E-08 -0.42338725E-08   863.99999965   -23332.17611530
    7910   15.82000000  0.84884388E-07 -0.66661877E-08 -0.42989626E-08   863.99999965   -23332.17611530
    7920   15.84000000  0.84691899E-07 -0.65841328E-08 -0.43601857E-08   863.99999965   -23332.17611530
    7930   15.86000000  0.84155900E-07 -0.64747846E-08 -0.44176951E-08   863.99999965   -23332.17611530
    7940   15.88000000  0.83283426E-07 -0.63405701E-08 -0.44713135E-08   863.99999965   -23332.17611530
    7950   15.90000000  0.82085315E-07 -0.61839765E-08 -0.45207091E-08   863.99999965   -23332.17611530
    7960   15.92000000  0.80575760E-07 -0.60073987E-08 -0.45654252E-08   863.99999965   -23332.17611530
    7970   15.94000000  0.78771749E-07 -0.58132972E-08 -0.46048153E-08   863.99999965   -23332.17611530
    7980   15.96000000  0.76692903E-07 -0.56041216E-08 -0.46380763E-08   863.99999965   -23332.17611530
    7990   15.98000000  0.74360842E-07 -0.53824138E-08 -0.46641806E-08   863.99999965   -23332.17611530
    8000   16.00000000  0.71799430E-07 -0.51504453E-08 -0.46821395E-08   863.99999965   -23332.17611530
    8010   16.02000000  0.69033746E-07 -0.49106974E-08 -0.46909951E-08   863.99999965   -23332.17611531
    8020   16.04000000  0.66090501E-07 -0.46655719E-08 -0.46896084E-08   863.99999965   -23332.17611531
    8030   16.06000000  0.62997495E-07 -0.44175009E-08 -0.46769848E-08   863.99999965   -23332.17611531
    8040   16.08000000  0.59784105E-07 -0.41688587E-08 -0.46522463E-08   863.99999965   -23332.17611531
    8050   16.10000000  0.56480586E-07 -0.39219784E-08 -0.46147788E-08   863.99999965   -23332.17611531
    8060   16.12000000  0.53118358E-07 -0.36792272E-08 -0.45638421E-08   863.99999965   -23332.17611531
    8070   16.14000000  0.49729414E-07 -0.34426858E-08 -0.44990709E-08   863.99999965   -23332.17611531
    8080   16.16000000  0.46346123E-07 -0.32144843E-08 -0.44199638E-08   863.99999965   -23332.17611531
    8090   16.18000000  0.43000529E-07 -0.29962577E-08 -0.43263078E-08   863.99999965   -23332.17611531
    8100   16.20000000  0.39724076E-07 -0.27896176E-08 -0.42178977E-08   863.99999965   -23332.17611531
    8110   16.22000000  0.36546871E-07 -0.25958218E-08 -0.40946526E-08   863.99999964   -23332.17611531
    8120   16.24000000  0.33497547E-07 -0.24160268E-08 -0.39565056E-08   863.99999964   -23332.17611531
    8130   16.26000000  0.30602975E-07 -0.22511472E-08 -0.38037514E-08   863.99999964   -23332.17611531
    8140   16.28000000  0.27888130E-07 -0.21017768E-08 -0.36367915E-08   863.99999964   -23332.17611531
    8150   16.30000000  0.25375781E-07 -0.19686376E-08 -0.34561905E-08   863.99999964   -23332.17611531
    8160   16.32000000  0.23086617E-07 -0.18521724E-08 -0.32630890E-08   863.99999964   -23332.17611531
    8170   16.34000000  0.21038901E-07 -0.17526069E-08 -0.30585657E-08   863.99999964   -23332.17611531
    8180   16.36000000  0.19248765E-07 -0.16701614E-08 -0.28438388E-08   863.99999964   -23332.17611531
    8190   16.38000000  0.17729792E-07 -0.16050184E-08 -0.26206481E-08   863.99999964   -23332.17611531
    8200   16.40000000  0.16493088E-07 -0.15571116E-08 -0.23906689E-08   863.99999964   -23332.17611532
    8210   16.42000000  0.15546612E-07 -0.15262566E-08 -0.21558524E-08   863.99999964   -23332.17611532
    8220   16.44000000  0.14895428E-07 -0.15121794E-08 -0.19177997E-08   863.99999964   -23332.17611532
    8230   16.46000000  0.14541417E-07 -0.15145489E-08 -0.16784612E-08   863.99999964   -23332.17611532
    8240   16.48000000  0.14482708E-07 -0.15326832E-08 -0.14397046E-08   863.99999964   -23332.17611532
    8250   16.50000000  0.14714024E-07 -0.15658763E-08 -0.12032282E-08   863.99999964   -23332.17611532
    8260   16.52000000  0.15226663E-07 -0.16133762E-08 -0.97077293E-09   863.99999964   -23332.17611532
    8270   16.54000000  0.16008383E-07 -0.16740063E-08 -0.74406815E-09   863.99999964   -23332.17611532
    8280   16.56000000  0.17043752E-07 -0.17467565E-08 -0.52494864E-09   863.99999964   -23332.17611532
    8290   16.58000000  0.18314261E-07 -0.18304214E-08 -0.31496973E-09   863.99999964   -23332.17611532
    8300   16.60000000  0.19799094E-07 -0.19240317E-08 -0.11590823E-09   863.99999964   -23332.17611532
    8310   16.62000000  0.21474937E-07 -0.20262872E-08  0.70467804E-10   863.99999964   -23332.17611532
    8320   16.64000000  0.23317021E-07 -0.21361869E-08  0.24254777E-09   863.99999964   -23332.17611532
    8330   16.66000000  0.25299055E-07 -0.22525439E-08  0.39855312E-09   863.99999964   -23332.17611532
    8340   16.68000000  0.27394079E-07 -0.23743605E-08  0.53681770E-09   863.99999963   -23332.17611532
    8350   16.70000000  0.29574659E-07 -0.25005414E-08  0.65573422E-09   863.99999963   -23332.17611532
    8360   16.72000000  0.31813707E-07 -0.26300383E-08  0.75359381E-09   863.99999963   -23332.17611532
    8370   16.74000000  0.34084700E-07 -0.27618557E-08  0.82883707E-09   863.99999963   -23332.17611532
    8380   16.76000000  0.36362304E-07 -0.28951642E-08  0.88003855E-09   863.99999963   -23332.17611532
    8390   16.78000000  0.38622875E-07 -0.30289768E-08  0.90597764E-09   863.99999963   -23332.17611533
    8400   16.80000000  0.40844531E-07 -0.31624533E-08  0.90566911E-09   863.99999963   -23332.17611533
    8410   16.82000000  0.43007681E-07 -0.32948285E-08  0.87797465E-09   863.99999963   -23332.17611533
    8420   16.84000000  0.45094915E-07 -0.34254701E-08  0.82230838E-09   863.99999963   -23332.17611533
    8430   16.86000000  0.47091137E-07 -0.35537844E-08  0.73808903E-09   863.99999963   -23332.17611533
    8440   16.88000000  0.48983533E-07 -0.36792215E-08  0.62522101E-09   863.99999963   -23332.17611533
    8450   16.90000000  0.50761517E-07 -0.38013424E-08  0.48374336E-09   863.99999963   -23332.17611533
    8460   16.92000000  0.52416401E-07 -0.39197180E-08  0.31401955E-09   863.99999963   -23332.17611533
    8470   16.94000000  0.53941210E-07 -0.40338713E-08  0.11666020E-09   863.99999963   -23332.17611533
    8480   16.96000000  0.55330588E-07 -0.41433882E-08 -0.10742053E-09   863.99999963   -23332.17611533
    8490   16.98000000  0.56580261E-07 -0.42477152E-08 -0.35711561E-09   863.99999963   -23332.17611533
    8500   17.00000000  0.57686843E-07 -0.43462378E-08 -0.63085948E-09   863.99999963   -23332.17611533
    8510   17.02000000  0.58647757E-07 -0.44385498E-08 -0.92702077E-09   863.99999963   -23332.17611533
    8520   17.04000000  0.59460943E-07 -0.45242386E-08 -0.12437909E-08   863.99999963   -23332.17611533
    8530   17.06000000  0.60124826E-07 -0.46028016E-08 -0.15790441E-08   863.99999963   -23332.17611533
    8540   17.08000000  0.60637921E-07 -0.46740608E-08 -0.19304838E-08   863.99999963   -23332.17611533
    8550   17.10000000  0.60999058E-07 -0.47376275E-08 -0.22957214E-08   863.99999963   -23332.17611533
    8560   17.12000000  0.61207143E-07 -0.47935506E-08 -0.26722687E-08   863.99999963   -23332.17611533
    8570   17.14000000  0.61261461E-07 -0.48416796E-08 -0.30574663E-08   863.99999962   -23332.17611533
    8580   17.16000000  0.61161774E-07 -0.48820812E-08 -0.34487330E-08   863.99999962   -23332.17611534
    8590   17.18000000  0.60908407E-07 -0.49149466E-08 -0.38436858E-08   863.99999962   -23332.17611534
    8600   17.20000000  0.60502345E-07 -0.49404967E-08 -0.42398032E-08   863.99999962   -23332.17611534
    8610   17.22000000  0.59945366E-07 -0.49590975E-08 -0.46349189E-08   863.99999962   -23332.17611534
    8620   17.24000000  0.59240281E-07 -0.49712249E-08 -0.50268289E-08   863.99999962   -23332.17611534
    8630   17.26000000  0.58391047E-07 -0.49774143E-08 -0.54137533E-08   863.99999962   -23332.17611534
    8640   17.28000000  0.57402793E-07 -0.49783396E-08 -0.57939456E-08   863.99999962   -23332.17611534
    8650   17.30000000  0.56281979E-07 -0.49748975E-08 -0.61657163E-08   863.99999962   -23332.17611534
    8660   17.32000000  0.55036263E-07 -0.49678395E-08 -0.65274668E-08   863.99999962   -23332.17611534
    8670   17.34000000  0.53674545E-07 -0.49581084E-08 -0.68777809E-08   863.99999962   -23332.17611534
    8680   17.36000000  0.52206949E-07 -0.49466071E-08 -0.72151850E-08   863.99999962   -23332.17611534
    8690   17.38000000  0.50644889E-07 -0.49342583E-08 -0.75383895E-08   863.99999962   -23332.17611534
    8700   17.40000000  0.49000855E-07 -0.49219815E-08 -0.78459959E-08   863.99999962   -23332.17611534
    8710   17.42000000  0.47288513E-07 -0.49104644E-08 -0.81368624E-08   863.99999962   -23332.17611534
    8720   17.44000000  0.45522460E-07 -0.49004768E-08 -0.84100774E-08   863.99999962   -23332.17611534
    8730   17.46000000  0.43718103E-07 -0.48924930E-08 -0.86647020E-08   863.99999962   -23332.17611534
    8740   17.48000000  0.41891561E-07 -0.48868759E-08 -0.89000431E-08   863.99999962   -23332.17611534
    8750   17.50000000  0.40059297E-07 -0.48838465E-08 -0.91155193E-08   863.99999962   -23332.17611534
    8760   17.52000000  0.38238038E-07 -0.48834782E-08 -0.93108168E-08   863.99999962   -23332.17611534
    8770   17.54000000  0.36444367E-07 -0.48855645E-08 -0.94858256E-08   863.99999962   -23332.17611535
    8780   17.56000000  0.34694721E-07 -0.48897594E-08 -0.96404465E-08   863.99999962   -23332.17611535
    8790   17.58000000  0.33004849E-07 -0.48955791E-08 -0.97746814E-08   863.99999962   -23332.17611535
    8800   17.60000000  0.31389645E-07 -0.49024757E-08 -0.98885262E-08   863.99999961   -23332.17611535
    8810   17.62000000  0.29863051E-07 -0.49097109E-08 -0.99822325E-08   863.99999961   -23332.17611535
    8820   17.64000000  0.28437921E-07 -0.49165213E-08 -0.10055876E-07   863.99999961   -23332.17611535
    8830   17.66000000  0.27125442E-07 -0.49219656E-08 -0.10109531E-07   863.99999961   -23332.17611535
    8840   17.68000000  0.25935732E-07 -0.49252808E-08 -0.10143489E-07   863.99999961   -23332.17611535
    8850   17.70000000  0.24877050E-07 -0.49254512E-08 -0.10157978E-07   863.99999961   -23332.17611535
    8860   17.72000000  0.23956396E-07 -0.49215149E-08 -0.10153345E-07   863.99999961   -23332.17611535
    8870   17.74000000  0.23178726E-07 -0.49124842E-08 -0.10130041E-07   863.99999961   -23332.17611535
    8880   17.76000000  0.22547766E-07 -0.48973910E-08 -0.10088479E-07   863.99999961   -23332.17611535
    8890   17.78000000  0.22065032E-07 -0.48752414E-08 -0.10029277E-07   863.99999961   -23332.17611535
    8900   17.80000000  0.21730587E-07 -0.48451094E-08 -0.99532216E-08   863.99999961   -23332.17611535
    8910   17.82000000  0.21542544E-07 -0.48060833E-08 -0.98610160E-08   863.99999961   -23332.17611535
    8920   17.84000000  0.21497415E-07 -0.47571768E-08 -0.97535733E-08   863.99999961   -23332.17611535
    8930   17.86000000  0.21589877E-07 -0.46976727E-08 -0.96318461E-08   863.99999961   -23332.17611535
    8940   17.88000000  0.21813060E-07 -0.46266729E-08 -0.94969545E-08   863.99999961   -23332.17611535
    8950   17.90000000  0.22158414E-07 -0.45434995E-08 -0.93499168E-08   863.99999961   -23332.17611535
    8960   17.92000000  0.22616182E-07 -0.44475726E-08 -0.91918017E-08   863.99999961   -23332.17611536
    8970   17.94000000  0.23175336E-07 -0.43384320E-08 -0.90240807E-08   863.99999961   -23332.17611536
    8980   17.96000000  0.23823752E-07 -0.42154647E-08 -0.88480464E-08   863.99999961   -23332.17611536
    8990   17.98000000  0.24548580E-07 -0.40784477E-08 -0.86649141E-08   863.99999961   -23332.17611536
    9000   18.00000000  0.25335973E-07 -0.39271586E-08 -0.84762693E-08   863.99999961   -23332.17611536
    9010   18.02000000  0.26171777E-07 -0.37616913E-08 -0.82836618E-08   863.99999961   -23332.17611536
    9020   18.04000000  0.27041335E-07 -0.35822238E-08 -0.80886046E-08   863.99999961   -23332.17611536
    9030   18.06000000  0.27929760E-07 -0.33891749E-08 -0.78928784E-08   863.99999960   -23332.17611536
    9040   18.08000000  0.28822155E-07 -0.31832143E-08 -0.76982231E-08   863.99999960   -23332.17611536
    9050   18.10000000  0.29703958E-07 -0.29652061E-08 -0.75061683E-08   863.99999960   -23332.17611536
    9060   18.12000000  0.30560990E-07 -0.27362619E-08 -0.73184580E-08   863.99999960   -23332.17611536
    9070   18.14000000  0.31379947E-07 -0.24976721E-08 -0.71366337E-08   863.99999960   -23332.17611536
    9080   18.16000000  0.32148367E-07 -0.22508699E-08 -0.69622353E-08   863.99999960   -23332.17611536
    9090   18.18000000  0.32855052E-07 -0.19975624E-08 -0.67966226E-08   863.99999960   -23332.17611536
    9100   18.20000000  0.33490013E-07 -0.17395408E-08 -0.66411183E-08   863.99999960   -23332.17611536
    9110   18.22000000  0.34044707E-07 -0.14787085E-08 -0.64968637E-08   863.99999960   -23332.17611536
    9120   18.24000000  0.34511986E-07 -0.12169805E-08 -0.63648173E-08   863.99999960   -23332.17611536
    9130   18.26000000  0.34886175E-07 -0.95644840E-09 -0.62459707E-08   863.99999960   -23332.17611536
    9140   18.28000000  0.35163164E-07 -0.69914228E-09 -0.61411352E-08   863.99999960   -23332.17611536
    9150   18.30000000  0.35340420E-07 -0.44717779E-09 -0.60511330E-08   863.99999960   -23332.17611537
    9160   18.32000000  0.35416750E-07 -0.20244232E-09 -0.59765358E-08   863.99999960   -23332.17611537
    9170   18.34000000  0.35392494E-07  0.33030408E-10 -0.59179847E-08   863.99999960   -23332.17611537
    9180   18.36000000  0.35269588E-07  0.25743093E-09 -0.58758956E-08   863.99999960   -23332.17611537
    9190   18.38000000  0.35051130E-07  0.46910897E-09 -0.58505566E-08   863.99999960   -23332.17611537
    9200   18.40000000  0.34741875E-07  0.66646167E-09 -0.58421243E-08   863.99999960   -23332.17611537
    9210   18.42000000  0.34347669E-07  0.84820859E-09 -0.58506257E-08   863.99999960   -23332.17611537
    9220   18.44000000  0.33875594E-07  0.10131292E-08 -0.58758773E-08   863.99999960   -23332.17611537
    9230   18.46000000  0.33333533E-07  0.11603097E-08 -0.59173804E-08   863.99999960   -23332.17611537
    9240   18.48000000  0.32730329E-07  0.12889137E-08 -0.59747722E-08   863.99999960   -23332.17611537
    9250   18.50000000  0.32075749E-07  0.13982773E-08 -0.60472826E-08   863.99999960   -23332.17611537
    9260   18.52000000  0.31379658E-07  0.14879239E-08 -0.61340548E-08   863.99999959   -23332.17611537
    9270   18.54000000  0.30652576E-07  0.15576762E-08 -0.62340261E-08   863.99999959   -23332.17611537
    9280   18.56000000  0.29905160E-07  0.16075178E-08 -0.63462220E-08   863.99999959   -23332.17611537
    9290   18.58000000  0.29148319E-07  0.16374000E-08 -0.64693601E-08   863.99999959   -23332.17611537
    9300   18.60000000  0.28392579E-07  0.16475967E-08 -0.66021309E-08   863.99999959   -23332.17611537
    9310   18.62000000  0.27648604E-07  0.16384695E-08 -0.67431574E-08   863.99999959   -23332.17611537
    9320   18.64000000  0.26926540E-07  0.16105021E-08 -0.68909062E-08   863.99999959   -23332.17611537
    9330   18.66000000  0.26236143E-07  0.15642534E-08 -0.70437893E-08   863.99999959   -23332.17611537
    9340   18.68000000  0.25586520E-07  0.15002746E-08 -0.72001734E-08   863.99999959   -23332.17611538
    9350   18.70000000  0.24986102E-07  0.14194288E-08 -0.73584419E-08   863.99999959   -23332.17611538
    9360   18.72000000  0.24442332E-07  0.13223094E-08 -0.75167963E-08   863.99999959   -23332.17611538
    9370   18.74000000  0.23962241E-07  0.12099477E-08 -0.76735633E-08   863.99999959   -23332.17611538
    9380   18.76000000  0.23551566E-07  0.10831702E-08 -0.78269642E-08   863.99999959   -23332.17611538
    9390   18.78000000  0.23215369E-07  0.94318326E-09 -0.79753289E-08   863.99999959   -23332.17611538
    9400   18.80000000  0.22957694E-07  0.79118076E-09 -0.81169158E-08   863.99999959   -23332.17611538
    9410   18.82000000  0.22781402E-07  0.62835907E-09 -0.82502602E-08   863.99999959   -23332.17611538
    9420   18.84000000  0.22688601E-07  0.45614893E-09 -0.83738184E-08   863.99999959   -23332.17611538
    9430   18.86000000  0.22680302E-07  0.27592051E-09 -0.84861452E-08   863.99999959   -23332.17611538
    9440   18.88000000  0.22756403E-07  0.89259776E-10 -0.85861548E-08   863.99999959   -23332.17611538
    9450   18.90000000  0.22915629E-07 -0.10217891E-09 -0.86726911E-08   863.99999959   -23332.17611538
    9460   18.92000000  0.23155795E-07 -0.29675185E-09 -0.87449204E-08   863.99999959   -23332.17611538
    9470   18.94000000  0.23473285E-07 -0.49267333E-09 -0.88019728E-08   863.99999959   -23332.17611538
    9480   18.96000000  0.23863487E-07 -0.68817217E-09 -0.88433078E-08   863.99999959   -23332.17611538
    9490   18.98000000  0.24320810E-07 -0.88140348E-09 -0.88685020E-08   863.99999958   -23332.17611538
    9500   19.00000000  0.24838557E-07 -0.10705135E-08 -0.88773244E-08   863.99999958   -23332.17611538
    9510   19.02000000  0.25408997E-07 -0.12538509E-08 -0.88694808E-08   863.99999958   -23332.17611538
    9520   19.04000000  0.26023768E-07 -0.14296765E-08 -0.88451576E-08   863.99999958   -23332.17611538
    9530   19.06000000  0.26673848E-07 -0.15964246E-08 -0.88045395E-08   863.99999958   -23332.17611539
    9540   19.08000000  0.27349613E-07 -0.17525956E-08 -0.87480500E-08   863.99999958   -23332.17611539
    9550   19.10000000  0.28041286E-07 -0.18967911E-08 -0.86760297E-08   863.99999958   -23332.17611539
    9560   19.12000000  0.28738695E-07 -0.20278608E-08 -0.85893803E-08   863.99999958   -23332.17611539
    9570   19.14000000  0.29431747E-07 -0.21445406E-08 -0.84889748E-08   863.99999958   -23332.17611539
    9580   19.16000000  0.30110565E-07 -0.22459483E-08 -0.83758340E-08   863.99999958   -23332.17611539
    9590   19.18000000  0.30765623E-07 -0.23312710E-08 -0.82512328E-08   863.99999958   -23332.17611539
    9600   19.20000000  0.31387713E-07 -0.23997773E-08 -0.81165360E-08   863.99999958   -23332.17611539
    9610   19.22000000  0.31968147E-07 -0.24509353E-08 -0.79731590E-08   863.99999958   -23332.17611539
    9620   19.24000000  0.32498811E-07 -0.24843099E-08 -0.78226449E-08   863.99999958   -23332.17611539
    9630   19.26000000  0.32972632E-07 -0.24997062E-08 -0.76665885E-08   863.99999958   -23332.17611539
    9640   19.28000000  0.33382906E-07 -0.24970764E-08 -0.75066506E-08   863.99999958   -23332.17611539
    9650   19.30000000  0.33724016E-07 -0.24764832E-08 -0.73442276E-08   863.99999958   -23332.17611539
    9660   19.32000000  0.33991294E-07 -0.24382959E-08 -0.71808470E-08   863.99999958   -23332.17611539
    9670   19.34000000  0.34181256E-07 -0.23829939E-08 -0.70178096E-08   863.99999958   -23332.17611539
    9680   19.36000000  0.34291239E-07 -0.23112167E-08 -0.68565583E-08   863.99999958   -23332.17611539
    9690   19.38000000  0.34319765E-07 -0.22237019E-08 -0.66980297E-08   863.99999958   -23332.17611539
    9700   19.40000000  0.34266315E-07 -0.21212202E-08 -0.65434147E-08   863.99999958   -23332.17611539
    9710   19.42000000  0.34131610E-07 -0.20047574E-08 -0.63936104E-08   863.99999958   -23332.17611539
    9720   19.44000000  0.33917254E-07 -0.18752738E-08 -0.62495960E-08   863.99999958   -23332.17611540
    9730   19.46000000  0.33625891E-07 -0.17338363E-08 -0.61121961E-08   863.99999957   -23332.17611540
    9740   19.48000000  0.33261130E-07 -0.15813932E-08 -0.59820732E-08   863.99999957   -23332.17611540
    9750   19.50000000  0.32827415E-07 -0.14193311E-08 -0.58600340E-08   863.99999957   -23332.17611540
    9760   19.52000000  0.32329979E-07 -0.12487521E-08 -0.57464556E-08   863.99999957   -23332.17611540
    9770   19.54000000  0.31774947E-07 -0.10710794E-08 -0.56420003E-08   863.99999957   -23332.17611540
    9780   19.56000000  0.31168906E-07 -0.88761504E-09 -0.55468232E-08   863.99999957   -23332.17611540
    9790   19.58000000  0.30519006E-07 -0.69999691E-09 -0.54611976E-08   863.99999957   -23332.17611540
    9800   19.60000000  0.29833367E-07 -0.50962332E-09 -0.53851455E-08   863.99999957   -23332.17611540
    9810   19.62000000  0.29120188E-07 -0.31806170E-09 -0.53185938E-08   863.99999957   -23332.17611540
    9820   19.64000000  0.28388059E-07 -0.12667961E-09 -0.52613870E-08   863.99999957   -23332.17611540
    9830   19.66000000  0.27645803E-07  0.63027688E-10 -0.52131530E-08   863.99999957   -23332.17611540
    9840   19.68000000  0.26902400E-07  0.24963848E-09 -0.51735805E-08   863.99999957   -23332.17611540
    9850   19.70000000  0.26166488E-07  0.43193988E-09 -0.51422028E-08   863.99999957   -23332.17611540
    9860   19.72000000  0.25446650E-07  0.60854579E-09 -0.51185549E-08   863.99999957   -23332.17611540
    9870   19.74000000  0.24750753E-07  0.77826845E-09 -0.51019688E-08   863.99999957   -23332.17611540
    9880   19.76000000  0.24086442E-07  0.94003011E-09 -0.50922092E-08   863.99999957   -23332.17611540
    9890   19.78000000  0.23460679E-07  0.10927992E-08 -0.50886117E-08   863.99999957   -23332.17611540
    9900   19.80000000  0.22879905E-07  0.12356325E-08 -0.50907499E-08   863.99999957   -23332.17611540
    9910   19.82000000  0.22349861E-07  0.13676356E-08 -0.50979995E-08   863.99999957   -23332.17611541
    9920   19.84000000  0.21875652E-07  0.14881313E-08 -0.51099447E-08   863.99999957   -23332.17611541
    9930   19.86000000  0.21461799E-07  0.15964821E-08 -0.51261330E-08   863.99999957   -23332.17611541
    9940   19.88000000  0.21112083E-07  0.16923653E-08 -0.51458423E-08   863.99999957   -23332.17611541
    9950   19.90000000  0.20829598E-07  0.17753610E-08 -0.51684878E-08   863.99999957   -23332.17611541
    9960   19.92000000  0.20616537E-07  0.18453402E-08 -0.51936422E-08   863.99999956   -23332.17611541
    9970   19.94000000  0.20474288E-07  0.19023475E-08 -0.52205012E-08   863.99999956   -23332.17611541
    9980   19.96000000  0.20403452E-07  0.19464419E-08 -0.52484029E-08   863.99999956   -23332.17611541
    9990   19.98000000  0.20403868E-07  0.19778566E-08 -0.52767344E-08   863.99999956   -23332.17611541
   10000   20.00000000  0.20474048E-07  0.19968134E-08 -0.53049288E-08   863.99999956   -23332.17611541
   10010   20.02000000  0.20612307E-07  0.20036329E-08 -0.53324473E-08   863.99999956   -23332.17611541
   10020   20.04000000  0.20815997E-07  0.19984741E-08 -0.53588075E-08   863.99999956   -23332.17611541
   10030   20.06000000  0.21081934E-07  0.19817757E-08 -0.53837622E-08   863.99999956   -23332.17611541
   10040   20.08000000  0.21406213E-07  0.19537962E-08 -0.54070027E-08   863.99999956   -23332.17611541
   10050   20.10000000  0.21784563E-07  0.19149179E-08 -0.54284333E-08   863.99999956   -23332.17611541
   10060   20.12000000  0.22212051E-07  0.18653968E-08 -0.54479822E-08   863.99999956   -23332.17611541
   10070   20.14000000  0.22683471E-07  0.18056546E-08 -0.54658206E-08   863.99999956   -23332.17611541
   10080   20.16000000  0.23193268E-07  0.17359997E-08 -0.54820256E-08   863.99999956   -23332.17611541
   10090   20.18000000  0.23735466E-07  0.16569092E-08 -0.54968567E-08   863.99999956   -23332.17611541
   10100   20.20000000  0.24303730E-07  0.15686016E-08 -0.55104595E-08   863.99999956   -23332.17611542
   10110   20.22000000  0.24891591E-07  0.14716090E-08 -0.55232773E-08   863.99999956   -23332.17611542
   10120   20.24000000  0.25492359E-07  0.13661516E-08 -0.55355395E-08   863.99999956   -23332.17611542
   10130   20.26000000  0.26099332E-07  0.12526751E-08 -0.55476493E-08   863.99999956   -23332.17611542
   10140   20.28000000  0.26705745E-07  0.11313214E-08 -0.55598378E-08   863.99999956   -23332.17611542
   10150   20.30000000  0.27305032E-07  0.10025130E-08 -0.55725653E-08   863.99999956   -23332.17611542
   10160   20.32000000  0.27890712E-07  0.86646134E-09 -0.55863636E-08   863.99999956   -23332.17611542
   10170   20.34000000  0.28456939E-07  0.72347361E-09 -0.56016135E-08   863.99999956   -23332.17611542
   10180   20.36000000  0.28998108E-07  0.57369994E-09 -0.56189560E-08   863.99999956   -23332.17611542
   10190   20.38000000  0.29509160E-07  0.41753680E-09 -0.56389019E-08   863.99999955   -23332.17611542
   10200   20.40000000  0.29985843E-07  0.25531317E-09 -0.56621760E-08   863.99999955   -23332.17611542
   10210   20.42000000  0.30424510E-07  0.87356166E-10 -0.56895280E-08   863.99999955   -23332.17611542
   10220   20.44000000  0.30822038E-07 -0.85951070E-10 -0.57213820E-08   863.99999955   -23332.17611542
   10230   20.46000000  0.31176075E-07 -0.26431528E-09 -0.57586192E-08   863.99999955   -23332.17611542
   10240   20.48000000  0.31485083E-07 -0.44715800E-09 -0.58017782E-08   863.99999955   -23332.17611542
   10250   20.50000000  0.31747983E-07 -0.63399805E-09 -0.58515857E-08   863.99999955   -23332.17611542
   10260   20.52000000  0.31964426E-07 -0.82430024E-09 -0.59085623E-08   863.99999955   -23332.17611542
   10270   20.54000000  0.32134592E-07 -0.10174032E-08 -0.59734223E-08   863.99999955   -23332.17611542
   10280   20.56000000  0.32259322E-07 -0.12127382E-08 -0.60466795E-08   863.99999955   -23332.17611542
   10290   20.58000000  0.32340029E-07 -0.14094652E-08 -0.61289401E-08   863.99999955   -23332.17611543
   10300   20.60000000  0.32378591E-07 -0.16068505E-08 -0.62205142E-08   863.99999955   -23332.17611543
   10310   20.62000000  0.32377288E-07 -0.18039484E-08 -0.63217460E-08   863.99999955   -23332.17611543
   10320   20.64000000  0.32338619E-07 -0.20000781E-08 -0.64329918E-08   863.99999955   -23332.17611543
   10330   20.66000000  0.32265735E-07 -0.21942498E-08 -0.65543303E-08   863.99999955   -23332.17611543
   10340   20.68000000  0.32161996E-07 -0.23854221E-08 -0.66858522E-08   863.99999955   -23332.17611543
   10350   20.70000000  0.32030958E-07 -0.25727717E-08 -0.68274952E-08   863.99999955   -23332.17611543
   10360   20.72000000  0.31876314E-07 -0.27553486E-08 -0.69791263E-08   863.99999955   -23332.17611543
   10370   20.74000000  0.31702131E-07 -0.29323375E-08 -0.71403122E-08   863.99999955   -23332.17611543
   10380   20.76000000  0.31512445E-07 -0.31028134E-08 -0.73107727E-08   863.99999955   -23332.17611543
   10390   20.78000000  0.31311355E-07 -0.32660689E-08 -0.74898192E-08   863.99999955   -23332.17611543
   10400   20.80000000  0.31103146E-07 -0.34213318E-08 -0.76766810E-08   863.99999955   -23332.17611543
   10410   20.82000000  0.30892035E-07 -0.35679506E-08 -0.78704421E-08   863.99999955   -23332.17611543
   10420   20.84000000  0.30681985E-07 -0.37052400E-08 -0.80702082E-08   863.99999954   -23332.17611543
   10430   20.86000000  0.30476993E-07 -0.38328549E-08 -0.82747923E-08   863.99999954   -23332.17611543
   10440   20.88000000  0.30281010E-07 -0.39502293E-08 -0.84829797E-08   863.99999954   -23332.17611543
   10450   20.90000000  0.30097650E-07 -0.40571009E-08 -0.86935008E-08   863.99999954   -23332.17611543
   10460   20.92000000  0.29930219E-07 -0.41532048E-08 -0.89050503E-08   863.99999954   -23332.17611543
   10470   20.94000000  0.29781882E-07 -0.42383806E-08 -0.91163722E-08   863.99999954   -23332.17611543
   10480   20.96000000  0.29655531E-07 -0.43125362E-08 -0.93260196E-08   863.99999954   -23332.17611544
   10490   20.98000000  0.29553701E-07 -0.43756832E-08 -0.95327379E-08   863.99999954   -23332.17611544
   10500   21.00000000  0.29478542E-07 -0.44281100E-08 -0.97351868E-08   863.99999954   -23332.17611544
   10510   21.02000000  0.29432217E-07 -0.44697948E-08 -0.99322128E-08   863.99999954   -23332.17611544
   10520   21.04000000  0.29416162E-07 -0.45013147E-08 -0.10122398E-07   863.99999954   -23332.17611544
   10530   21.06000000  0.29431553E-07 -0.45229699E-08 -0.10304564E-07   863.99999954   -23332.17611544
   10540   21.08000000  0.29479274E-07 -0.45352291E-08 -0.10477674E-07   863.99999954   -23332.17611544
   10550   21.10000000  0.29559749E-07 -0.45386983E-08 -0.10640330E-07   863.99999954   -23332.17611544
   10560   21.12000000  0.29672803E-07 -0.45338799E-08 -0.10791470E-07   863.99999954   -23332.17611544
   10570   21.14000000  0.29817980E-07 -0.45215321E-08 -0.10930030E-07   863.99999954   -23332.17611544
   10580   21.16000000  0.29994335E-07 -0.45021627E-08 -0.11055003E-07   863.99999954   -23332.17611544
   10590   21.18000000  0.30200512E-07 -0.44765322E-08 -0.11165507E-07   863.99999954   -23332.17611544
   10600   21.20000000  0.30434497E-07 -0.44453636E-08 -0.11260692E-07   863.99999954   -23332.17611544
   10610   21.22000000  0.30694241E-07 -0.44094451E-08 -0.11339940E-07   863.99999954   -23332.17611544
   10620   21.24000000  0.30977285E-07 -0.43694001E-08 -0.11402613E-07   863.99999954   -23332.17611544
   10630   21.26000000  0.31280876E-07 -0.43259998E-08 -0.11448236E-07   863.99999954   -23332.17611544
   10640   21.28000000  0.31602179E-07 -0.42798776E-08 -0.11476459E-07   863.99999954   -23332.17611544
   10650   21.30000000  0.31938170E-07 -0.42317957E-08 -0.11487170E-07   863.99999953   -23332.17611544
   10660   21.32000000  0.32286019E-07 -0.41823692E-08 -0.11480144E-07   863.99999953   -23332.17611544
   10670   21.34000000  0.32642809E-07 -0.41322515E-08 -0.11455322E-07   863.99999953   -23332.17611545
   10680   21.36000000  0.33005803E-07 -0.40820512E-08 -0.11412786E-07   863.99999953   -23332.17611545
   10690   21.38000000  0.33372040E-07 -0.40324134E-08 -0.11352835E-07   863.99999953   -23332.17611545
   10700   21.40000000  0.33738929E-07 -0.39839357E-08 -0.11275678E-07   863.99999953   -23332.17611545
   10710   21.42000000  0.34103949E-07 -0.39371555E-08 -0.11181819E-07   863.99999953   -23332.17611545
   10720   21.44000000  0.34464819E-07 -0.38926330E-08 -0.11071991E-07   863.99999953   -23332.17611545
   10730   21.46000000  0.34819211E-07 -0.38509354E-08 -0.10946741E-07   863.99999953   -23332.17611545
   10740   21.48000000  0.35165324E-07 -0.38126897E-08 -0.10807121E-07   863.99999953   -23332.17611545
   10750   21.50000000  0.35501363E-07 -0.37781345E-08 -0.10654039E-07   863.99999953   -23332.17611545
   10760   21.52000000  0.35825974E-07 -0.37477731E-08 -0.10488646E-07   863.99999953   -23332.17611545
   10770   21.54000000  0.36138014E-07 -0.37217615E-08 -0.10312136E-07   863.99999953   -23332.17611545
   10780   21.56000000  0.36436572E-07 -0.37003650E-08 -0.10125730E-07   863.99999953   -23332.17611545
   10790   21.58000000  0.36720921E-07 -0.36835070E-08 -0.99306445E-08   863.99999953   -23332.17611545
   10800   21.60000000  0.36990522E-07 -0.36711484E-08 -0.97280445E-08   863.99999953   -23332.17611545
   10810   21.62000000  0.37245296E-07 -0.36632278E-08 -0.95194468E-08   863.99999953   -23332.17611545
   10820   21.64000000  0.37484916E-07 -0.36593720E-08 -0.93060709E-08   863.99999953   -23332.17611545
   10830   21.66000000  0.37709492E-07 -0.36593726E-08 -0.90891878E-08   863.99999953   -23332.17611545
   10840   21.68000000  0.37919044E-07 -0.36628465E-08 -0.88702173E-08   863.99999953   -23332.17611545
   10850   21.70000000  0.38113917E-07 -0.36696084E-08 -0.86505739E-08   863.99999953   -23332.17611545
   10860   21.72000000  0.38294371E-07 -0.36791903E-08 -0.84316765E-08   863.99999953   -23332.17611546
   10870   21.74000000  0.38460921E-07 -0.36914622E-08 -0.82149478E-08   863.99999953   -23332.17611546
   10880   21.76000000  0.38614178E-07 -0.37060649E-08 -0.80019208E-08   863.99999952   -23332.17611546
   10890   21.78000000  0.38754637E-07 -0.37226935E-08 -0.77938119E-08   863.99999952   -23332.17611546
   10900   21.80000000  0.38883189E-07 -0.37413043E-08 -0.75919743E-08   863.99999952   -23332.17611546
   10910   21.82000000  0.39000502E-07 -0.37615095E-08 -0.73976311E-08   863.99999952   -23332.17611546
   10920   21.84000000  0.39107491E-07 -0.37831077E-08 -0.72120284E-08   863.99999952   -23332.17611546
   10930   21.86000000  0.39205297E-07 -0.38059688E-08 -0.70362184E-08   863.99999952   -23332.17611546
   10940   21.88000000  0.39295061E-07 -0.38299081E-08 -0.68712557E-08   863.99999952   -23332.17611546
   10950   21.90000000  0.39377868E-07 -0.38548736E-08 -0.67181281E-08   863.99999952   -23332.17611546
   10960   21.92000000  0.39454821E-07 -0.38808806E-08 -0.65777431E-08   863.99999952   -23332.17611546
   10970   21.94000000  0.39527248E-07 -0.39079970E-08 -0.64508154E-08   863.99999952   -23332.17611546
   10980   21.96000000  0.39596078E-07 -0.39363363E-08 -0.63380160E-08   863.99999952   -23332.17611546
   10990   21.98000000  0.39662527E-07 -0.39661209E-08 -0.62398954E-08   863.99999952   -23332.17611546
   11000   22.00000000  0.39727532E-07 -0.39976627E-08 -0.61565331E-08   863.99999952   -23332.17611546
   11010   22.02000000  0.39792173E-07 -0.40312016E-08 -0.60882002E-08   863.99999952   -23332.17611546
   11020   22.04000000  0.39857342E-07 -0.40672467E-08 -0.60349714E-08   863.99999952   -23332.17611546
   11030   22.06000000  0.39923948E-07 -0.41061036E-08 -0.59967593E-08   863.99999952   -23332.17611546
   11040   22.08000000  0.39992791E-07 -0.41481586E-08 -0.59732425E-08   863.99999952   -23332.17611546
   11050   22.10000000  0.40064701E-07 -0.41937804E-08 -0.59641827E-08   863.99999952   -23332.17611547
   11060   22.12000000  0.40140060E-07 -0.42432634E-08 -0.59690275E-08   863.99999952   -23332.17611547
   11070   22.14000000  0.40219428E-07 -0.42968095E-08 -0.59871105E-08   863.99999952   -23332.17611547
   11080   22.16000000  0.40303078E-07 -0.43545554E-08 -0.60176466E-08   863.99999952   -23332.17611547
   11090   22.18000000  0.40391168E-07 -0.44165590E-08 -0.60597338E-08   863.99999952   -23332.17611547
   11100   22.20000000  0.40483548E-07 -0.44829650E-08 -0.61121970E-08   863.99999952   -23332.17611547
   11110   22.22000000  0.40579900E-07 -0.45536600E-08 -0.61739972E-08   863.99999951   -23332.17611547
   11120   22.24000000  0.40679650E-07 -0.46283682E-08 -0.62436737E-08   863.99999951   -23332.17611547
   11130   22.26000000  0.40781984E-07 -0.47071372E-08 -0.63198939E-08   863.99999951   -23332.17611547
   11140   22.28000000  0.40885871E-07 -0.47897079E-08 -0.64011488E-08   863.99999951   -23332.17611547
   11150   22.30000000  0.40990033E-07 -0.48758010E-08 -0.64859957E-08   863.99999951   -23332.17611547
   11160   22.32000000  0.41093181E-07 -0.49650395E-08 -0.65728289E-08   863.99999951   -23332.17611547
   11170   22.34000000  0.41193718E-07 -0.50572934E-08 -0.66602457E-08   863.99999951   -23332.17611547
   11180   22.36000000  0.41289800E-07 -0.51520958E-08 -0.67466923E-08   863.99999951   -23332.17611547
   11190   22.38000000  0.41379774E-07 -0.52492155E-08 -0.68306994E-08   863.99999951   -23332.17611547
   11200   22.40000000  0.41461597E-07 -0.53485054E-08 -0.69108200E-08   863.99999951   -23332.17611547
   11210   22.42000000  0.41533485E-07 -0.54496524E-08 -0.69856941E-08   863.99999951   -23332.17611547
   11220   22.44000000  0.41593446E-07 -0.55524424E-08 -0.70541652E-08   863.99999951   -23332.17611547
   11230   22.46000000  0.41639608E-07 -0.56566456E-08 -0.71150572E-08   863.99999951   -23332.17611547
   11240   22.48000000  0.41670109E-07 -0.57621787E-08 -0.71672901E-08   863.99999951   -23332.17611548
   11250   22.50000000  0.41683397E-07 -0.58687546E-08 -0.72101662E-08   863.99999951   -23332.17611548
   11260   22.52000000  0.41677753E-07 -0.59762978E-08 -0.72429367E-08   863.99999951   -23332.17611548
   11270   22.54000000  0.41651686E-07 -0.60844755E-08 -0.72651382E-08   863.99999951   -23332.17611548
   11280   22.56000000  0.41603958E-07 -0.61931951E-08 -0.72764520E-08   863.99999951   -23332.17611548
   11290   22.58000000  0.41533406E-07 -0.63021412E-08 -0.72768926E-08   863.99999951   -23332.17611548
   11300   22.60000000  0.41439079E-07 -0.64110960E-08 -0.72663970E-08   863.99999951   -23332.17611548
   11310   22.62000000  0.41320123E-07 -0.65198448E-08 -0.72454122E-08   863.99999951   -23332.17611548
   11320   22.64000000  0.41175910E-07 -0.66281921E-08 -0.72145162E-08   863.99999951   -23332.17611548
   11330   22.66000000  0.41005966E-07 -0.67359014E-08 -0.71745321E-08   863.99999951   -23332.17611548
   11340   22.68000000  0.40810124E-07 -0.68428553E-08 -0.71263255E-08   863.99999950   -23332.17611548
   11350   22.70000000  0.40588426E-07 -0.69488190E-08 -0.70709937E-08   863.99999950   -23332.17611548
   11360   22.72000000  0.40341071E-07 -0.70535547E-08 -0.70098048E-08   863.99999950   -23332.17611548
   11370   22.74000000  0.40068743E-07 -0.71568445E-08 -0.69439906E-08   863.99999950   -23332.17611548
   11380   22.76000000  0.39772158E-07 -0.72583496E-08 -0.68748844E-08   863.99999950   -23332.17611548
   11390   22.78000000  0.39452399E-07 -0.73576758E-08 -0.68038171E-08   863.99999950   -23332.17611548
   11400   22.80000000  0.39110709E-07 -0.74545865E-08 -0.67320288E-08   863.99999950   -23332.17611548
   11410   22.82000000  0.38748456E-07 -0.75488454E-08 -0.66607135E-08   863.99999950   -23332.17611548
   11420   22.84000000  0.38367368E-07 -0.76399588E-08 -0.65909105E-08   863.99999950   -23332.17611548
   11430   22.86000000  0.37969070E-07 -0.77276371E-08 -0.65237243E-08   863.99999950   -23332.17611549
   11440   22.88000000  0.37555394E-07 -0.78115239E-08 -0.64600704E-08   863.99999950   -23332.17611549
   11450   22.90000000  0.37128243E-07 -0.78912286E-08 -0.64007398E-08   863.99999950   -23332.17611549
   11460   22.92000000  0.36689783E-07 -0.79663283E-08 -0.63464940E-08   863.99999950   -23332.17611549
   11470   22.94000000  0.36242153E-07 -0.80364290E-08 -0.62981306E-08   863.99999950   -23332.17611549
   11480   22.96000000  0.35787471E-07 -0.81009722E-08 -0.62561261E-08   863.99999950   -23332.17611549
   11490   22.98000000  0.35327836E-07 -0.81594858E-08 -0.62211246E-08   863.99999950   -23332.17611549
   11500   23.00000000  0.34865426E-07 -0.82113677E-08 -0.61937216E-08   863.99999950   -23332.17611549
   11510   23.02000000  0.34402275E-07 -0.82560514E-08 -0.61741546E-08   863.99999950   -23332.17611549
   11520   23.04000000  0.33940250E-07 -0.82929005E-08 -0.61626682E-08   863.99999950   -23332.17611549
   11530   23.06000000  0.33481062E-07 -0.83211827E-08 -0.61594861E-08   863.99999950   -23332.17611549
   11540   23.08000000  0.33026357E-07 -0.83403195E-08 -0.61648226E-08   863.99999950   -23332.17611549
   11550   23.10000000  0.32577639E-07 -0.83495927E-08 -0.61783733E-08   863.99999950   -23332.17611549
   11560   23.12000000  0.32136119E-07 -0.83484000E-08 -0.62000893E-08   863.99999950   -23332.17611549
   11570   23.14000000  0.31702900E-07 -0.83361886E-08 -0.62295379E-08   863.99999950   -23332.17611549
   11580   23.16000000  0.31278952E-07 -0.83123515E-08 -0.62664037E-08   863.99999949   -23332.17611549
   11590   23.18000000  0.30865082E-07 -0.82762404E-08 -0.63099259E-08   863.99999949   -23332.17611549
   11600   23.20000000  0.30461714E-07 -0.82274124E-08 -0.63595502E-08   863.99999949   -23332.17611549
   11610   23.22000000  0.30069220E-07 -0.81651978E-08 -0.64143202E-08   863.99999949   -23332.17611549
   11620   23.24000000  0.29687793E-07 -0.80893241E-08 -0.64733149E-08   863.99999949   -23332.17611550
   11630   23.26000000  0.29317221E-07 -0.79994711E-08 -0.65356520E-08   863.99999949   -23332.17611550
   11640   23.28000000  0.28957255E-07 -0.78951964E-08 -0.66001553E-08   863.99999949   -23332.17611550
   11650   23.30000000  0.28607338E-07 -0.77763859E-08 -0.66657404E-08   863.99999949   -23332.17611550
   11660   23.32000000  0.28266751E-07 -0.76428154E-08 -0.67313182E-08   863.99999949   -23332.17611550
   11670   23.34000000  0.27934669E-07 -0.74945383E-08 -0.67959519E-08   863.99999949   -23332.17611550
   11680   23.36000000  0.27610234E-07 -0.73314048E-08 -0.68584264E-08   863.99999949   -23332.17611550
   11690   23.38000000  0.27292217E-07 -0.71536922E-08 -0.69177674E-08   863.99999949   -23332.17611550
   11700   23.40000000  0.26979684E-07 -0.69615750E-08 -0.69730975E-08   863.99999949   -23332.17611550
   11710   23.42000000  0.26671325E-07 -0.67555084E-08 -0.70235666E-08   863.99999949   -23332.17611550
   11720   23.44000000  0.26366142E-07 -0.65360179E-08 -0.70683721E-08   863.99999949   -23332.17611550
   11730   23.46000000  0.26063043E-07 -0.63037930E-08 -0.71068662E-08   863.99999949   -23332.17611550
   11740   23.48000000  0.25761031E-07 -0.60594855E-08 -0.71384603E-08   863.99999949   -23332.17611550
   11750   23.50000000  0.25459211E-07 -0.58039765E-08 -0.71626725E-08   863.99999949   -23332.17611550
   11760   23.52000000  0.25156771E-07 -0.55381036E-08 -0.71790593E-08   863.99999949   -23332.17611550
   11770   23.54000000  0.24853007E-07 -0.52628206E-08 -0.71874545E-08   863.99999949   -23332.17611550
   11780   23.56000000  0.24547257E-07 -0.49791046E-08 -0.71875785E-08   863.99999949   -23332.17611550
   11790   23.58000000  0.24238979E-07 -0.46881433E-08 -0.71793540E-08   863.99999949   -23332.17611550
   11800   23.60000000  0.23927511E-07 -0.43908496E-08 -0.71628222E-08   863.99999949   -23332.17611550
   11810   23.62000000  0.23612456E-07 -0.40884296E-08 -0.71379427E-08   863.99999948   -23332.17611551
   11820   23.64000000  0.23293293E-07 -0.37819478E-08 -0.71049494E-08   863.99999948   -23332.17611551
   11830   23.66000000  0.22969646E-07 -0.34726174E-08 -0.70641342E-08   863.99999948   -23332.17611551
   11840   23.68000000  0.22640980E-07 -0.31614396E-08 -0.70158050E-08   863.99999948   -23332.17611551
   11850   23.70000000  0.22307204E-07 -0.28496048E-08 -0.69602056E-08   863.99999948   -23332.17611551
   11860   23.72000000  0.21968036E-07 -0.25382162E-08 -0.68978928E-08   863.99999948   -23332.17611551
   11870   23.74000000  0.21623686E-07 -0.22283268E-08 -0.68292070E-08   863.99999948   -23332.17611551
   11880   23.76000000  0.21274011E-07 -0.19209106E-08 -0.67546070E-08   863.99999948   -23332.17611551
   11890   23.78000000  0.20919365E-07 -0.16170193E-08 -0.66745590E-08   863.99999948   -23332.17611551
   11900   23.80000000  0.20560074E-07 -0.13175822E-08 -0.65895490E-08   863.99999948   -23332.17611551
   11910   23.82000000  0.20196509E-07 -0.10234550E-08 -0.65000115E-08   863.99999948   -23332.17611551
   11920   23.84000000  0.19829077E-07 -0.73544915E-09 -0.64064076E-08   863.99999948   -23332.17611551
   11930   23.86000000  0.19458371E-07 -0.45430566E-09 -0.63092599E-08   863.99999948   -23332.17611551
   11940   23.88000000  0.19085113E-07 -0.18076035E-09 -0.62088627E-08   863.99999948   -23332.17611551
   11950   23.90000000  0.18710027E-07  0.84512565E-10 -0.61055797E-08   863.99999948   -23332.17611551
   11960   23.92000000  0.18334017E-07  0.34110943E-09 -0.59997890E-08   863.99999948   -23332.17611551
   11970   23.94000000  0.17957885E-07  0.58834453E-09 -0.58917937E-08   863.99999948   -23332.17611551
   11980   23.96000000  0.17582762E-07  0.82611457E-09 -0.57816561E-08   863.99999948   -23332.17611551
   11990   23.98000000  0.17209877E-07  0.10541367E-08 -0.56695183E-08   863.99999948   -23332.17611551
   12000   24.00000000  0.16840314E-07  0.12722323E-08 -0.55553671E-08   863.99999948   -23332.17611552
   12010   24.02000000  0.16475286E-07  0.14804642E-08 -0.54392645E-08   863.99999948   -23332.17611552
   12020   24.04000000  0.16116139E-07  0.16788167E-08 -0.53211622E-08   863.99999948   -23332.17611552
   12030   24.06000000  0.15764325E-07  0.18674657E-08 -0.52012645E-08   863.99999948   -23332.17611552
   12040   24.08000000  0.15421026E-07  0.20464290E-08 -0.50793636E-08   863.99999947   -23332.17611552
   12050   24.10000000  0.15087486E-07  0.22160997E-08 -0.49557186E-08   863.99999947   -23332.17611552
   12060   24.12000000  0.14764970E-07  0.23766366E-08 -0.48301298E-08   863.99999947   -23332.17611552
   12070   24.14000000  0.14454631E-07  0.25285342E-08 -0.47028453E-08   863.99999947   -23332.17611552
   12080   24.16000000  0.14157348E-07  0.26720231E-08 -0.45738038E-08   863.99999947   -23332.17611552
   12090   24.18000000  0.13874037E-07  0.28078660E-08 -0.44431044E-08   863.99999947   -23332.17611552
   12100   24.20000000  0.13605286E-07  0.29364901E-08 -0.43106636E-08   863.99999947   -23332.17611552
   12110   24.22000000  0.13351785E-07  0.30584490E-08 -0.41765329E-08   863.99999947   -23332.17611552
   12120   24.24000000  0.13113942E-07  0.31744441E-08 -0.40406142E-08   863.99999947   -23332.17611552
   12130   24.26000000  0.12891931E-07  0.32850513E-08 -0.39031072E-08   863.99999947   -23332.17611552
   12140   24.28000000  0.12686115E-07  0.33908372E-08 -0.37639159E-08   863.99999947   -23332.17611552
   12150   24.30000000  0.12496462E-07  0.34923392E-08 -0.36232803E-08   863.99999947   -23332.17611552
   12160   24.32000000  0.12322930E-07  0.35902217E-08 -0.34813127E-08   863.99999947   -23332.17611552
   12170   24.34000000  0.12165379E-07  0.36850237E-08 -0.33382116E-08   863.99999947   -23332.17611552
   12180   24.36000000  0.12023501E-07  0.37773971E-08 -0.31942987E-08   863.99999947   -23332.17611552
   12190   24.38000000  0.11896871E-07  0.38679803E-08 -0.30498406E-08   863.99999947   -23332.17611553
   12200   24.40000000  0.11784964E-07  0.39572632E-08 -0.29053383E-08   863.99999947   -23332.17611553
   12210   24.42000000  0.11687289E-07  0.40459728E-08 -0.27610231E-08   863.99999947   -23332.17611553
   12220   24.44000000  0.11603198E-07  0.41345784E-08 -0.26173116E-08   863.99999947   -23332.17611553
   12230   24.46000000  0.11531987E-07  0.42237615E-08 -0.24746649E-08   863.99999947   -23332.17611553
   12240   24.48000000  0.11472993E-07  0.43140934E-08 -0.23334909E-08   863.99999947   -23332.17611553
   12250   24.50000000  0.11425453E-07  0.44060835E-08 -0.21939713E-08   863.99999947   -23332.17611553
   12260   24.52000000  0.11388639E-07  0.45005153E-08 -0.20564061E-08   863.99999947   -23332.17611553
   12270   24.54000000  0.11362000E-07  0.45979657E-08 -0.19210286E-08   863.99999946   -23332.17611553
   12280   24.56000000  0.11344750E-07  0.46990256E-08 -0.17881600E-08   863.99999946   -23332.17611553
   12290   24.58000000  0.11336289E-07  0.48043804E-08 -0.16578877E-08   863.99999946   -23332.17611553
   12300   24.60000000  0.11335942E-07  0.49143670E-08 -0.15304657E-08   863.99999946   -23332.17611553
   12310   24.62000000  0.11343217E-07  0.50295767E-08 -0.14060868E-08   863.99999946   -23332.17611553
   12320   24.64000000  0.11357443E-07  0.51501120E-08 -0.12849885E-08   863.99999946   -23332.17611553
   12330   24.66000000  0.11378275E-07  0.52760580E-08 -0.11673681E-08   863.99999946   -23332.17611553
   12340   24.68000000  0.11405157E-07  0.54072754E-08 -0.10534119E-08   863.99999946   -23332.17611553
   12350   24.70000000  0.11437754E-07  0.55436135E-08 -0.94314676E-09   863.99999946   -23332.17611553
   12360   24.72000000  0.11475595E-07  0.56846919E-08 -0.83661384E-09   863.99999946   -23332.17611553
   12370   24.74000000  0.11518381E-07  0.58300218E-08 -0.73386270E-09   863.99999946   -23332.17611554
   12380   24.76000000  0.11565801E-07  0.59789105E-08 -0.63479814E-09   863.99999946   -23332.17611554
   12390   24.78000000  0.11617607E-07  0.61307220E-08 -0.53932106E-09   863.99999946   -23332.17611554
   12400   24.80000000  0.11673491E-07  0.62845570E-08 -0.44713906E-09   863.99999946   -23332.17611554
   12410   24.82000000  0.11733438E-07  0.64395965E-08 -0.35807461E-09   863.99999946   -23332.17611554
   12420   24.84000000  0.11797406E-07  0.65946867E-08 -0.27184238E-09   863.99999946   -23332.17611554
   12430   24.86000000  0.11865205E-07  0.67489715E-08 -0.18823312E-09   863.99999946   -23332.17611554
   12440   24.88000000  0.11936934E-07  0.69013001E-08 -0.10674824E-09   863.99999946   -23332.17611554
   12450   24.90000000  0.12012416E-07  0.70506405E-08 -0.27211928E-10   863.99999946   -23332.17611554
   12460   24.92000000  0.12091742E-07  0.71959275E-08  0.50798643E-10   863.99999946   -23332.17611554
   12470   24.94000000  0.12174715E-07  0.73363277E-08  0.12768424E-09   863.99999946   -23332.17611554
   12480   24.96000000  0.12261346E-07  0.74707506E-08  0.20388325E-09   863.99999946   -23332.17611554
   12490   24.98000000  0.12351510E-07  0.75980944E-08  0.27976393E-09   863.99999946   -23332.17611554
   12500   25.00000000  0.12445250E-07  0.77173393E-08  0.35581592E-09   863.99999945   -23332.17611554
   12510   25.02000000  0.12542389E-07  0.78274781E-08  0.43238825E-09   863.99999945   -23332.17611554
   12520   25.04000000  0.12643040E-07  0.79274938E-08  0.50982938E-09   863.99999945   -23332.17611554
   12530   25.06000000  0.12747241E-07  0.80162229E-08  0.58854736E-09   863.99999945   -23332.17611554
   12540   25.08000000  0.12855124E-07  0.80928180E-08  0.66865163E-09   863.99999945   -23332.17611554
   12550   25.10000000  0.12966882E-07  0.81563300E-08  0.75039937E-09   863.99999945   -23332.17611554
   12560   25.12000000  0.13082683E-07  0.82061128E-08  0.83394131E-09   863.99999945   -23332.17611555
   12570   25.14000000  0.13202857E-07  0.82414898E-08  0.91941958E-09   863.99999945   -23332.17611555
   12580   25.16000000  0.13327695E-07  0.82617915E-08  0.10068930E-08   863.99999945   -23332.17611555
   12590   25.18000000  0.13457491E-07  0.82665646E-08  0.10963590E-08   863.99999945   -23332.17611555
   12600   25.20000000  0.13592442E-07  0.82553814E-08  0.11879723E-08   863.99999945   -23332.17611555
   12610   25.22000000  0.13733063E-07  0.82278987E-08  0.12816411E-08   863.99999945   -23332.17611555
   12620   25.24000000  0.13879531E-07  0.81839788E-08  0.13772966E-08   863.99999945   -23332.17611555
   12630   25.26000000  0.14032186E-07  0.81232101E-08  0.14748627E-08   863.99999945   -23332.17611555
   12640   25.28000000  0.14191388E-07  0.80455769E-08  0.15742914E-08   863.99999945   -23332.17611555
   12650   25.30000000  0.14357461E-07  0.79510759E-08  0.16754092E-08   863.99999945   -23332.17611555
   12660   25.32000000  0.14530767E-07  0.78399420E-08  0.17781449E-08   863.99999945   -23332.17611555
   12670   25.34000000  0.14711448E-07  0.77122812E-08  0.18822701E-08   863.99999945   -23332.17611555
   12680   25.36000000  0.14899588E-07  0.75685788E-08  0.19878777E-08   863.99999945   -23332.17611555
   12690   25.38000000  0.15095288E-07  0.74091606E-08  0.20945599E-08   863.99999945   -23332.17611555
   12700   25.40000000  0.15298648E-07  0.72345399E-08  0.22023469E-08   863.99999945   -23332.17611555
   12710   25.42000000  0.15509591E-07  0.70453290E-08  0.23110310E-08   863.99999945   -23332.17611555
   12720   25.44000000  0.15727914E-07  0.68423171E-08  0.24203515E-08   863.99999945   -23332.17611555
   12730   25.46000000  0.15953342E-07  0.66262775E-08  0.25301209E-08   863.99999944   -23332.17611555
   12740   25.48000000  0.16185712E-07  0.63980109E-08  0.26399332E-08   863.99999944   -23332.17611555
   12750   25.50000000  0.16424516E-07  0.61585691E-08  0.27496109E-08   863.99999944   -23332.17611556
   12760   25.52000000  0.16669533E-07  0.59089127E-08  0.28588455E-08   863.99999944   -23332.17611556
   12770   25.54000000  0.16920283E-07  0.56501894E-08  0.29673376E-08   863.99999944   -23332.17611556
   12780   25.56000000  0.17176282E-07  0.53833039E-08  0.30746851E-08   863.99999944   -23332.17611556
   12790   25.58000000  0.17436959E-07  0.51094070E-08  0.31804987E-08   863.99999944   -23332.17611556
   12800   25.60000000  0.17701802E-07  0.48294454E-08  0.32844340E-08   863.99999944   -23332.17611556
   12810   25.62000000  0.17970184E-07  0.45444002E-08  0.33860222E-08   863.99999944   -23332.17611556
   12820   25.64000000  0.18241594E-07  0.42552949E-08  0.34849713E-08   863.99999944   -23332.17611556
   12830   25.66000000  0.18515273E-07  0.39630847E-08  0.35807226E-08   863.99999944   -23332.17611556
   12840   25.68000000  0.18790683E-07  0.36686618E-08  0.36730048E-08   863.99999944   -23332.17611556
   12850   25.70000000  0.19067375E-07  0.33730263E-08  0.37615342E-08   863.99999944   -23332.17611556
   12860   25.72000000  0.19344787E-07  0.30769164E-08  0.38461824E-08   863.99999944   -23332.17611556
   12870   25.74000000  0.19622390E-07  0.27812965E-08  0.39266446E-08   863.99999944   -23332.17611556
   12880   25.76000000  0.19899576E-07  0.24867698E-08  0.40028340E-08   863.99999944   -23332.17611556
   12890   25.78000000  0.20176040E-07  0.21943536E-08  0.40746359E-08   863.99999944   -23332.17611556
   12900   25.80000000  0.20451033E-07  0.19043891E-08  0.41419544E-08   863.99999944   -23332.17611556
   12910   25.82000000  0.20724005E-07  0.16176075E-08  0.42046812E-08   863.99999944   -23332.17611556
   12920   25.84000000  0.20994690E-07  0.13346435E-08  0.42629102E-08   863.99999944   -23332.17611556
   12930   25.86000000  0.21262503E-07  0.10559844E-08  0.43163922E-08   863.99999944   -23332.17611556
   12940   25.88000000  0.21527095E-07  0.78231569E-09  0.43653303E-08   863.99999944   -23332.17611557
   12950   25.90000000  0.21788179E-07  0.51401564E-09  0.44095565E-08   863.99999944   -23332.17611557
   12960   25.92000000  0.22045715E-07  0.25156686E-09  0.44491339E-08   863.99999943   -23332.17611557
   12970   25.94000000  0.22299454E-07 -0.45087252E-11  0.44840599E-08   863.99999943   -23332.17611557
   12980   25.96000000  0.22549146E-07 -0.25390255E-09  0.45143628E-08   863.99999943   -23332.17611557
   12990   25.98000000  0.22794783E-07 -0.49614154E-09  0.45401599E-08   863.99999943   -23332.17611557
   13000   26.00000000  0.23036224E-07 -0.73101887E-09  0.45612815E-08   863.99999943   -23332.17611557
   13010   26.02000000  0.23273441E-07 -0.95822491E-09  0.45778854E-08   863.99999943   -23332.17611557
   13020   26.04000000  0.23506018E-07 -0.11775351E-08  0.45898234E-08   863.99999943   -23332.17611557
   13030   26.06000000  0.23733871E-07 -0.13887004E-08  0.45969664E-08   863.99999943   -23332.17611557
   13040   26.08000000  0.23956739E-07 -0.15917582E-08  0.45993549E-08   863.99999943   -23332.17611557
   13050   26.10000000  0.24174464E-07 -0.17865234E-08  0.45966470E-08   863.99999943   -23332.17611557
   13060   26.12000000  0.24386872E-07 -0.19729283E-08  0.45888172E-08   863.99999943   -23332.17611557
   13070   26.14000000  0.24593721E-07 -0.21509311E-08  0.45757207E-08   863.99999943   -23332.17611557
   13080   26.16000000  0.24795055E-07 -0.23206756E-08  0.45573355E-08   863.99999943   -23332.17611557
   13090   26.18000000  0.24990838E-07 -0.24819855E-08  0.45336644E-08   863.99999943   -23332.17611557
   13100   26.20000000  0.25181142E-07 -0.26348068E-08  0.45046239E-08   863.99999943   -23332.17611557
   13110   26.22000000  0.25366016E-07 -0.27791722E-08  0.44703955E-08   863.99999943   -23332.17611557
   13120   26.24000000  0.25545460E-07 -0.29150748E-08  0.44310398E-08   863.99999943   -23332.17611557
   13130   26.26000000  0.25719586E-07 -0.30424529E-08  0.43866658E-08   863.99999943   -23332.17611558
   13140   26.28000000  0.25888525E-07 -0.31612230E-08  0.43373520E-08   863.99999943   -23332.17611558
   13150   26.30000000  0.26052233E-07 -0.32713948E-08  0.42833972E-08   863.99999943   -23332.17611558
   13160   26.32000000  0.26211061E-07 -0.33728776E-08  0.42250146E-08   863.99999943   -23332.17611558
   13170   26.34000000  0.26365004E-07 -0.34656651E-08  0.41624495E-08   863.99999943   -23332.17611558
   13180   26.36000000  0.26514439E-07 -0.35497702E-08  0.40960958E-08   863.99999943   -23332.17611558
   13190   26.38000000  0.26659442E-07 -0.36252283E-08  0.40264546E-08   863.99999942   -23332.17611558
   13200   26.40000000  0.26800314E-07 -0.36920812E-08  0.39539783E-08   863.99999942   -23332.17611558
   13210   26.42000000  0.26937150E-07 -0.37504083E-08  0.38791035E-08   863.99999942   -23332.17611558
   13220   26.44000000  0.27070151E-07 -0.38004475E-08  0.38025275E-08   863.99999942   -23332.17611558
   13230   26.46000000  0.27199262E-07 -0.38423242E-08  0.37248135E-08   863.99999942   -23332.17611558
   13240   26.48000000  0.27324431E-07 -0.38764096E-08  0.36464603E-08   863.99999942   -23332.17611558
   13250   26.50000000  0.27445476E-07 -0.39029998E-08  0.35678520E-08   863.99999942   -23332.17611558
   13260   26.52000000  0.27562374E-07 -0.39226162E-08  0.34895083E-08   863.99999942   -23332.17611558
   13270   26.54000000  0.27674969E-07 -0.39357810E-08  0.34118052E-08   863.99999942   -23332.17611558
   13280   26.56000000  0.27783078E-07 -0.39430500E-08  0.33351484E-08   863.99999942   -23332.17611558
   13290   26.58000000  0.27886615E-07 -0.39450478E-08  0.32598286E-08   863.99999942   -23332.17611558
   13300   26.60000000  0.27985661E-07 -0.39425743E-08  0.31860749E-08   863.99999942   -23332.17611558
   13310   26.62000000  0.28080205E-07 -0.39364987E-08  0.31141541E-08   863.99999942   -23332.17611558
   13320   26.64000000  0.28170471E-07 -0.39275383E-08  0.30443809E-08   863.99999942   -23332.17611559
   13330   26.66000000  0.28256845E-07 -0.39165207E-08  0.29768745E-08   863.99999942   -23332.17611559
   13340   26.68000000  0.28339599E-07 -0.39043882E-08  0.29116892E-08   863.99999942   -23332.17611559
   13350   26.70000000  0.28419365E-07 -0.38920126E-08  0.28489638E-08   863.99999942   -23332.17611559
   13360   26.72000000  0.28496584E-07 -0.38803294E-08  0.27887945E-08   863.99999942   -23332.17611559
   13370   26.74000000  0.28572007E-07 -0.38701308E-08  0.27312426E-08   863.99999942   -23332.17611559
   13380   26.76000000  0.28646184E-07 -0.38622294E-08  0.26764024E-08   863.99999942   -23332.17611559
   13390   26.78000000  0.28719961E-07 -0.38573573E-08  0.26242919E-08   863.99999942   -23332.17611559
   13400   26.80000000  0.28793924E-07 -0.38560790E-08  0.25749155E-08   863.99999942   -23332.17611559
   13410   26.82000000  0.28868844E-07 -0.38591680E-08  0.25282245E-08   863.99999942   -23332.17611559
   13420   26.84000000  0.28945430E-07 -0.38671318E-08  0.24841291E-08   863.99999942   -23332.17611559
   13430   26.86000000  0.29024459E-07 -0.38803717E-08  0.24425669E-08   863.99999941   -23332.17611559
   13440   26.88000000  0.29106620E-07 -0.38994749E-08  0.24033651E-08   863.99999941   -23332.17611559
   13450   26.90000000  0.29192618E-07 -0.39247904E-08  0.23662234E-08   863.99999941   -23332.17611559
   13460   26.92000000  0.29283054E-07 -0.39566117E-08  0.23310835E-08   863.99999941   -23332.17611559
   13470   26.94000000  0.29378472E-07 -0.39951647E-08  0.22977758E-08   863.99999941   -23332.17611559
   13480   26.96000000  0.29479387E-07 -0.40406852E-08  0.22659892E-08   863.99999941   -23332.17611559
   13490   26.98000000  0.29586139E-07 -0.40932304E-08  0.22356165E-08   863.99999941   -23332.17611559
   13500   27.00000000  0.29699030E-07 -0.41527876E-08  0.22063066E-08   863.99999941   -23332.17611559
   13510   27.02000000  0.29818139E-07 -0.42192598E-08  0.21778353E-08   863.99999941   -23332.17611560
   13520   27.04000000  0.29943705E-07 -0.42926064E-08  0.21499045E-08   863.99999941   -23332.17611560
   13530   27.06000000  0.30075633E-07 -0.43725159E-08  0.21221492E-08   863.99999941   -23332.17611560
   13540   27.08000000  0.30213827E-07 -0.44588290E-08  0.20941633E-08   863.99999941   -23332.17611560
   13550   27.10000000  0.30358138E-07 -0.45512327E-08  0.20654228E-08   863.99999941   -23332.17611560
   13560   27.12000000  0.30508413E-07 -0.46495866E-08  0.20355620E-08   863.99999941   -23332.17611560
   13570   27.14000000  0.30664205E-07 -0.47533403E-08  0.20039878E-08   863.99999941   -23332.17611560
   13580   27.16000000  0.30825292E-07 -0.48620227E-08  0.19699761E-08   863.99999941   -23332.17611560
   13590   27.18000000  0.30991203E-07 -0.49750877E-08  0.19330642E-08   863.99999941   -23332.17611560
   13600   27.20000000  0.31161596E-07 -0.50918860E-08  0.18927915E-08   863.99999941   -23332.17611560
   13610   27.22000000  0.31335911E-07 -0.52117555E-08  0.18485138E-08   863.99999941   -23332.17611560
   13620   27.24000000  0.31513628E-07 -0.53337228E-08  0.17997315E-08   863.99999941   -23332.17611560
   13630   27.26000000  0.31694248E-07 -0.54569965E-08  0.17460346E-08   863.99999941   -23332.17611560
   13640   27.28000000  0.31877112E-07 -0.55807182E-08  0.16871239E-08   863.99999941   -23332.17611560
   13650   27.30000000  0.32061651E-07 -0.57039259E-08  0.16226581E-08   863.99999941   -23332.17611560
   13660   27.32000000  0.32247214E-07 -0.58254208E-08  0.15524864E-08   863.99999940   -23332.17611560
   13670   27.34000000  0.32433003E-07 -0.59442794E-08  0.14762481E-08   863.99999940   -23332.17611560
   13680   27.36000000  0.32618171E-07 -0.60593263E-08  0.13939171E-08   863.99999940   -23332.17611560
   13690   27.38000000  0.32801958E-07 -0.61692988E-08  0.13053541E-08   863.99999940   -23332.17611560
   13700   27.40000000  0.32983398E-07 -0.62729883E-08  0.12104794E-08   863.99999940   -23332.17611561
   13710   27.42000000  0.33161550E-07 -0.63691907E-08  0.11092033E-08   863.99999940   -23332.17611561
   13720   27.44000000  0.33335450E-07 -0.64566626E-08  0.10017214E-08   863.99999940   -23332.17611561
   13730   27.46000000  0.33504185E-07 -0.65342026E-08  0.88804869E-09   863.99999940   -23332.17611561
   13740   27.48000000  0.33666769E-07 -0.66008634E-08  0.76828754E-09   863.99999940   -23332.17611561
   13750   27.50000000  0.33822477E-07 -0.66555018E-08  0.64282370E-09   863.99999940   -23332.17611561
   13760   27.52000000  0.33970373E-07 -0.66973291E-08  0.51198609E-09   863.99999940   -23332.17611561
   13770   27.54000000  0.34109600E-07 -0.67255028E-08  0.37610329E-09   863.99999940   -23332.17611561
   13780   27.56000000  0.34239395E-07 -0.67392873E-08  0.23562470E-09   863.99999940   -23332.17611561
   13790   27.58000000  0.34358950E-07 -0.67380623E-08  0.90879435E-10   863.99999940   -23332.17611561
   13800   27.60000000  0.34467658E-07 -0.67212567E-08 -0.57723777E-10   863.99999940   -23332.17611561
   13810   27.62000000  0.34564843E-07 -0.66884655E-08 -0.20980130E-09   863.99999940   -23332.17611561
   13820   27.64000000  0.34650049E-07 -0.66395256E-08 -0.36498748E-09   863.99999940   -23332.17611561
   13830   27.66000000  0.34722889E-07 -0.65742147E-08 -0.52310655E-09   863.99999940   -23332.17611561
   13840   27.68000000  0.34783317E-07 -0.64926455E-08 -0.68375968E-09   863.99999940   -23332.17611561
   13850   27.70000000  0.34831382E-07 -0.63950958E-08 -0.84651676E-09   863.99999940   -23332.17611561
   13860   27.72000000  0.34867383E-07 -0.62819425E-08 -0.10108601E-08   863.99999940   -23332.17611561
   13870   27.74000000  0.34891822E-07 -0.61538698E-08 -0.11763952E-08   863.99999940   -23332.17611561
   13880   27.76000000  0.34905344E-07 -0.60117060E-08 -0.13425762E-08   863.99999940   -23332.17611561
   13890   27.78000000  0.34908745E-07 -0.58564156E-08 -0.15088178E-08   863.99999939   -23332.17611562
   13900   27.80000000  0.34902935E-07 -0.56892465E-08 -0.16744739E-08   863.99999939   -23332.17611562
   13910   27.82000000  0.34888759E-07 -0.55114567E-08 -0.18389752E-08   863.99999939   -23332.17611562
   13920   27.84000000  0.34867319E-07 -0.53243828E-08 -0.20018046E-08   863.99999939   -23332.17611562
   13930   27.86000000  0.34839403E-07 -0.51295553E-08 -0.21625282E-08   863.99999939   -23332.17611562
   13940   27.88000000  0.34806239E-07 -0.49285910E-08 -0.23207581E-08   863.99999939   -23332.17611562
   13950   27.90000000  0.34768642E-07 -0.47230359E-08 -0.24759211E-08   863.99999939   -23332.17611562
   13960   27.92000000  0.34727559E-07 -0.45146600E-08 -0.26278669E-08   863.99999939   -23332.17611562
   13970   27.94000000  0.34683959E-07 -0.43050926E-08 -0.27762105E-08   863.99999939   -23332.17611562
   13980   27.96000000  0.34638582E-07 -0.40960302E-08 -0.29208864E-08   863.99999939   -23332.17611562
   13990   27.98000000  0.34592183E-07 -0.38893062E-08 -0.30616800E-08   863.99999939   -23332.17611562
   14000   28.00000000  0.34545289E-07 -0.36866464E-08 -0.31985899E-08   863.99999939   -23332.17611562
   14010   28.02000000  0.34498621E-07 -0.34896818E-08 -0.33317144E-08   863.99999939   -23332.17611562
   14020   28.04000000  0.34452671E-07 -0.32999559E-08 -0.34611715E-08   863.99999939   -23332.17611562
   14030   28.06000000  0.34407740E-07 -0.31188170E-08 -0.35870243E-08   863.99999939   -23332.17611562
   14040   28.08000000  0.34364267E-07 -0.29476623E-08 -0.37096569E-08   863.99999939   -23332.17611562
   14050   28.10000000  0.34322576E-07 -0.27876191E-08 -0.38293103E-08   863.99999939   -23332.17611562
   14060   28.12000000  0.34282898E-07 -0.26397120E-08 -0.39465404E-08   863.99999939   -23332.17611562
   14070   28.14000000  0.34245249E-07 -0.25046522E-08 -0.40615456E-08   863.99999939   -23332.17611562
   14080   28.16000000  0.34209873E-07 -0.23831806E-08 -0.41749038E-08   863.99999939   -23332.17611563
   14090   28.18000000  0.34176676E-07 -0.22759901E-08 -0.42871638E-08   863.99999939   -23332.17611563
   14100   28.20000000  0.34145527E-07 -0.21836000E-08 -0.43988902E-08   863.99999939   -23332.17611563
   14110   28.22000000  0.34116362E-07 -0.21063117E-08 -0.45107018E-08   863.99999939   -23332.17611563
   14120   28.24000000  0.34089000E-07 -0.20444289E-08 -0.46231292E-08   863.99999938   -23332.17611563
   14130   28.26000000  0.34063162E-07 -0.19981365E-08 -0.47368332E-08   863.99999938   -23332.17611563
   14140   28.28000000  0.34038711E-07 -0.19674007E-08 -0.48522426E-08   863.99999938   -23332.17611563
   14150   28.30000000  0.34015409E-07 -0.19520276E-08 -0.49698365E-08   863.99999938   -23332.17611563
   14160   28.32000000  0.33993002E-07 -0.19518022E-08 -0.50902069E-08   863.99999938   -23332.17611563
   14170   28.34000000  0.33971373E-07 -0.19661729E-08 -0.52136642E-08   863.99999938   -23332.17611563
   14180   28.36000000  0.33950394E-07 -0.19945929E-08 -0.53405211E-08   863.99999938   -23332.17611563
   14190   28.38000000  0.33929970E-07 -0.20365011E-08 -0.54711166E-08   863.99999938   -23332.17611563
   14200   28.40000000  0.33909871E-07 -0.20910630E-08 -0.56056185E-08   863.99999938   -23332.17611563
   14210   28.42000000  0.33889918E-07 -0.21574933E-08 -0.57441436E-08   863.99999938   -23332.17611563
   14220   28.44000000  0.33870040E-07 -0.22348488E-08 -0.58866410E-08   863.99999938   -23332.17611563
   14230   28.46000000  0.33850188E-07 -0.23221705E-08 -0.60330124E-08   863.99999938   -23332.17611563
   14240   28.48000000  0.33830316E-07 -0.24184035E-08 -0.61830103E-08   863.99999938   -23332.17611563
   14250   28.50000000  0.33810353E-07 -0.25225150E-08 -0.63363821E-08   863.99999938   -23332.17611563
   14260   28.52000000  0.33790299E-07 -0.26332575E-08 -0.64927421E-08   863.99999938   -23332.17611563
   14270   28.54000000  0.33770217E-07 -0.27495911E-08 -0.66518719E-08   863.99999938   -23332.17611564
   14280   28.56000000  0.33750050E-07 -0.28702589E-08 -0.68133193E-08   863.99999938   -23332.17611564
   14290   28.58000000  0.33729905E-07 -0.29941094E-08 -0.69768861E-08   863.99999938   -23332.17611564
   14300   28.60000000  0.33709702E-07 -0.31199735E-08 -0.71422742E-08   863.99999938   -23332.17611564
   14310   28.62000000  0.33689495E-07 -0.32466364E-08 -0.73092218E-08   863.99999938   -23332.17611564
   14320   28.64000000  0.33669317E-07 -0.33730214E-08 -0.74774203E-08   863.99999938   -23332.17611564
   14330   28.66000000  0.33649222E-07 -0.34979441E-08 -0.76466825E-08   863.99999938   -23332.17611564
   14340   28.68000000  0.33629268E-07 -0.36205309E-08 -0.78166608E-08   863.99999938   -23332.17611564
   14350   28.70000000  0.33609458E-07 -0.37397581E-08 -0.79870177E-08   863.99999937   -23332.17611564
   14360   28.72000000  0.33589898E-07 -0.38548520E-08 -0.81575506E-08   863.99999937   -23332.17611564
   14370   28.74000000  0.33570496E-07 -0.39649545E-08 -0.83279024E-08   863.99999937   -23332.17611564
   14380   28.76000000  0.33551258E-07 -0.40693703E-08 -0.84976861E-08   863.99999937   -23332.17611564
   14390   28.78000000  0.33532338E-07 -0.41674354E-08 -0.86664139E-08   863.99999937   -23332.17611564
   14400   28.80000000  0.33513794E-07 -0.42587241E-08 -0.88338280E-08   863.99999937   -23332.17611564
   14410   28.82000000  0.33495583E-07 -0.43428105E-08 -0.89995026E-08   863.99999937   -23332.17611564
   14420   28.84000000  0.33477660E-07 -0.44192965E-08 -0.91627764E-08   863.99999937   -23332.17611564
   14430   28.86000000  0.33460255E-07 -0.44879811E-08 -0.93233186E-08   863.99999937   -23332.17611564
   14440   28.88000000  0.33443120E-07 -0.45486368E-08 -0.94807109E-08   863.99999937   -23332.17611564
   14450   28.90000000  0.33426448E-07 -0.46011656E-08 -0.96345696E-08   863.99999937   -23332.17611564
   14460   28.92000000  0.33410114E-07 -0.46454527E-08 -0.97844983E-08   863.99999937   -23332.17611565
   14470   28.94000000  0.33394008E-07 -0.46816486E-08 -0.99302539E-08   863.99999937   -23332.17611565
   14480   28.96000000  0.33378110E-07 -0.47096881E-08 -0.10071484E-07   863.99999937   -23332.17611565
   14490   28.98000000  0.33362614E-07 -0.47298436E-08 -0.10208040E-07   863.99999937   -23332.17611565
   14500   29.00000000  0.33347427E-07 -0.47422448E-08 -0.10339643E-07   863.99999937   -23332.17611565
   14510   29.02000000  0.33332659E-07 -0.47472854E-08 -0.10466146E-07   863.99999937   -23332.17611565
   14520   29.04000000  0.33318445E-07 -0.47451967E-08 -0.10587227E-07   863.99999937   -23332.17611565
   14530   29.06000000  0.33305044E-07 -0.47364777E-08 -0.10702720E-07   863.99999937   -23332.17611565
   14540   29.08000000  0.33292641E-07 -0.47215028E-08 -0.10812613E-07   863.99999937   -23332.17611565
   14550   29.10000000  0.33281594E-07 -0.47007540E-08 -0.10916722E-07   863.99999937   -23332.17611565
   14560   29.12000000  0.33272093E-07 -0.46746146E-08 -0.11015056E-07   863.99999937   -23332.17611565
   14570   29.14000000  0.33264445E-07 -0.46435905E-08 -0.11107551E-07   863.99999937   -23332.17611565
   14580   29.16000000  0.33258901E-07 -0.46081610E-08 -0.11194335E-07   863.99999936   -23332.17611565
   14590   29.18000000  0.33255529E-07 -0.45689627E-08 -0.11275463E-07   863.99999936   -23332.17611565
   14600   29.20000000  0.33254476E-07 -0.45265127E-08 -0.11351077E-07   863.99999936   -23332.17611565
   14610   29.22000000  0.33255665E-07 -0.44814031E-08 -0.11421368E-07   863.99999936   -23332.17611565
   14620   29.24000000  0.33259178E-07 -0.44342522E-08 -0.11486590E-07   863.99999936   -23332.17611565
   14630   29.26000000  0.33264855E-07 -0.43856370E-08 -0.11546936E-07   863.99999936   -23332.17611565
   14640   29.28000000  0.33272500E-07 -0.43362457E-08 -0.11602718E-07   863.99999936   -23332.17611565
   14650   29.30000000  0.33281984E-07 -0.42868678E-08 -0.11654171E-07   863.99999936   -23332.17611566
   14660   29.32000000  0.33293160E-07 -0.42379709E-08 -0.11701770E-07   863.99999936   -23332.17611566
   14670   29.34000000  0.33305932E-07 -0.41902231E-08 -0.11745693E-07   863.99999936   -23332.17611566
   14680   29.36000000  0.33320093E-07 -0.41440871E-08 -0.11786312E-07   863.99999936   -23332.17611566
   14690   29.38000000  0.33335597E-07 -0.41001416E-08 -0.11823924E-07   863.99999936   -23332.17611566
   14700   29.40000000  0.33352319E-07 -0.40586548E-08 -0.11858816E-07   863.99999936   -23332.17611566
   14710   29.42000000  0.33370344E-07 -0.40202493E-08 -0.11891225E-07   863.99999936   -23332.17611566
   14720   29.44000000  0.33389616E-07 -0.39851036E-08 -0.11921415E-07   863.99999936   -23332.17611566
   14730   29.46000000  0.33410181E-07 -0.39534665E-08 -0.11949580E-07   863.99999936   -23332.17611566
   14740   29.48000000  0.33431944E-07 -0.39256295E-08 -0.11976076E-07   863.99999936   -23332.17611566
   14750   29.50000000  0.33455193E-07 -0.39017265E-08 -0.12001117E-07   863.99999936   -23332.17611566
   14760   29.52000000  0.33479985E-07 -0.38818886E-08 -0.12024762E-07   863.99999936   -23332.17611566
   14770   29.54000000  0.33506323E-07 -0.38662456E-08 -0.12047318E-07   863.99999936   -23332.17611566
   14780   29.56000000  0.33534496E-07 -0.38547730E-08 -0.12069144E-07   863.99999936   -23332.17611566
   14790   29.58000000  0.33564737E-07 -0.38475229E-08 -0.12090381E-07   863.99999936   -23332.17611566
   14800   29.60000000  0.33597211E-07 -0.38445410E-08 -0.12111125E-07   863.99999936   -23332.17611566
   14810   29.62000000  0.33632102E-07 -0.38458751E-08 -0.12131750E-07   863.99999935   -23332.17611566
   14820   29.64000000  0.33669744E-07 -0.38515730E-08 -0.12152687E-07   863.99999935   -23332.17611566
   14830   29.66000000  0.33710444E-07 -0.38615249E-08 -0.12174208E-07   863.99999935   -23332.17611566
   14840   29.68000000  0.33754393E-07 -0.38757409E-08 -0.12196588E-07   863.99999935   -23332.17611567
   14850   29.70000000  0.33801753E-07 -0.38941845E-08 -0.12220213E-07   863.99999935   -23332.17611567
   14860   29.72000000  0.33852740E-07 -0.39166112E-08 -0.12245442E-07   863.99999935   -23332.17611567
   14870   29.74000000  0.33907320E-07 -0.39431294E-08 -0.12272478E-07   863.99999935   -23332.17611567
   14880   29.76000000  0.33965571E-07 -0.39734742E-08 -0.12301524E-07   863.99999935   -23332.17611567
   14890   29.78000000  0.34027313E-07 -0.40077186E-08 -0.12332656E-07   863.99999935   -23332.17611567
   14900   29.80000000  0.34092408E-07 -0.40458535E-08 -0.12365958E-07   863.99999935   -23332.17611567
   14910   29.82000000  0.34160583E-07 -0.40876742E-08 -0.12401345E-07   863.99999935   -23332.17611567
   14920   29.84000000  0.34231402E-07 -0.41331703E-08 -0.12438877E-07   863.99999935   -23332.17611567
   14930   29.86000000  0.34304323E-07 -0.41821909E-08 -0.12478214E-07   863.99999935   -23332.17611567
   14940   29.88000000  0.34378922E-07 -0.42347419E-08 -0.12519301E-07   863.99999935   -23332.17611567
   14950   29.90000000  0.34454515E-07 -0.42906193E-08 -0.12561924E-07   863.99999935   -23332.17611567
   14960   29.92000000  0.34530504E-07 -0.43496145E-08 -0.12605922E-07   863.99999935   -23332.17611567
   14970   29.94000000  0.34606115E-07 -0.44116201E-08 -0.12650940E-07   863.99999935   -23332.17611567
   14980   29.96000000  0.34680651E-07 -0.44763328E-08 -0.12696657E-07   863.99999935   -23332.17611567
   14990   29.98000000  0.34753283E-07 -0.45435524E-08 -0.12742979E-07   863.99999935   -23332.17611567
   15000   30.00000000  0.34823496E-07 -0.46131174E-08 -0.12789520E-07   863.99999935   -23332.17611567
=== application breakdown [s] ===
total calculation time,7394.39340591
rt calculation                         min         max     average   std. dev.  difference    relative
rt initialization              0.51975E-04 0.46182E-03 0.16668E-03 0.50449E-04 0.40984E-03 0.88853E+01
reading lda data               0.39815E+01 0.40002E+01 0.39914E+01 0.35562E-02 0.18729E-01 0.10047E+01
reading rt data                0.19879E-02 0.85690E-02 0.25634E-02 0.29995E-03 0.65811E-02 0.43105E+01
prep. time prop.               0.65804E-03 0.23110E-02 0.10140E-02 0.12353E-03 0.16530E-02 0.35120E+01
rt iterations                  0.73892E+04 0.73892E+04 0.73892E+04 0.11524E-03 0.14930E-02 0.10000E+01
after writing rt data          0.19073E-05 0.97136E+00 0.11751E-03 0.10238E-01 0.97136E+00 0.50927E+06
in rt iterations                       min         max     average   std. dev.  difference    relative
Vbox                           0.13074E+01 0.15500E+01 0.14121E+01 0.34381E-01 0.24263E+00 0.11856E+01
time propagation               0.56201E+04 0.58235E+04 0.57519E+04 0.33127E+02 0.20340E+03 0.10362E+01
calculating rho                0.12269E+03 0.32592E+03 0.19495E+03 0.33086E+02 0.20323E+03 0.26565E+01
Hartree routine                0.38370E+02 0.49023E+02 0.43887E+02 0.17754E+01 0.10653E+02 0.12777E+01
Exc_Cor routine                0.63813E+01 0.98985E+01 0.81611E+01 0.55036E+00 0.35171E+01 0.15512E+01
calculating curr               0.11543E+04 0.11544E+04 0.11544E+04 0.19195E-01 0.10284E+00 0.10001E+01
calc. projection               0.39670E-02 0.10679E-01 0.58674E-02 0.60256E-03 0.67122E-02 0.26920E+01
writing energies               0.14798E+01 0.19433E+01 0.15844E+01 0.11532E+00 0.46349E+00 0.13132E+01
calc_eigen_energy              0.21050E+03 0.21107E+03 0.21076E+03 0.90752E-01 0.56823E+00 0.10027E+01
calc_total_energy_periodic     0.17246E+02 0.22276E+02 0.19615E+02 0.78556E+00 0.50299E+01 0.12917E+01
writing info etc.              0.89247E-02 0.45029E+00 0.11352E-01 0.46968E-02 0.44137E+00 0.50455E+02
total_energy module                    min         max     average   std. dev.  difference    relative
periodic calc.                 0.29468E+01 0.96939E+01 0.47970E+01 0.15028E+01 0.67471E+01 0.32897E+01
periodic comm. coll.           0.92217E+01 0.18877E+02 0.14802E+02 0.17308E+01 0.96551E+01 0.20470E+01
eigen_energy calc.             0.35498E+02 0.38829E+02 0.37738E+02 0.39512E+00 0.33312E+01 0.10938E+01
eigen_energy comm. coll.       0.44991E+01 0.11224E+02 0.75493E+01 0.87706E+00 0.67249E+01 0.24947E+01
eigen_energy hpsi              0.14752E+03 0.15364E+03 0.14987E+03 0.74032E+00 0.61140E+01 0.10414E+01
density_matrix module                  min         max     average   std. dev.  difference    relative
density calc.                  0.82941E+02 0.14041E+03 0.10800E+03 0.11813E+02 0.57468E+02 0.16929E+01
density comm. coll.            0.26421E+02 0.19564E+03 0.86710E+02 0.24386E+02 0.16922E+03 0.74050E+01
current calc.                  0.25136E+03 0.28096E+03 0.26125E+03 0.36282E+01 0.29607E+02 0.11178E+01
current rDivided uVpsi calc.   0.11369E+03 0.11701E+03 0.11533E+03 0.46172E+00 0.33221E+01 0.10292E+01
current comm. coll.            0.78738E+02 0.12643E+03 0.10643E+03 0.54938E+01 0.47696E+02 0.16057E+01
current comm. halo.            0.63651E+03 0.70464E+03 0.67121E+03 0.80418E+01 0.68135E+02 0.11070E+01
conjugate_gradient module              min         max     average   std. dev.  difference    relative
subspace_diag module                   min         max     average   std. dev.  difference    relative
subspace_diag so module                min         max     average   std. dev.  difference    relative
force module                           min         max     average   std. dev.  difference    relative
init_ps                                min         max     average   std. dev.  difference    relative
hamiltonian module                     min         max     average   std. dev.  difference    relative
total                          0.49467E+04 0.51441E+04 0.50325E+04 0.31866E+02 0.19739E+03 0.10399E+01
update overlap (comm.)         0.26354E+04 0.30464E+04 0.27808E+04 0.55734E+02 0.41094E+03 0.11559E+01
stencil                        0.10618E+04 0.13272E+04 0.11819E+04 0.25426E+02 0.26544E+03 0.12500E+01
subtraction                    0.25011E+02 0.30922E+02 0.28553E+02 0.43464E+00 0.59106E+01 0.12363E+01
pseudo-pt                      0.93317E+03 0.11024E+04 0.10202E+04 0.24725E+02 0.16919E+03 0.11813E+01
pseudo-pt (comm.)              0.40752E+02 0.29717E+03 0.13605E+03 0.31707E+02 0.25641E+03 0.72920E+01
hpsi-overlapped                        min         max     average   std. dev.  difference    relative
checkpoint/restart                     min         max     average   std. dev.  difference    relative
restart self                   0.33196E+01 0.35614E+01 0.33350E+01 0.23261E-01 0.24176E+00 0.10728E+01
restart sync                   0.35495E+01 0.35649E+01 0.35609E+01 0.10124E-02 0.15338E-01 0.10043E+01
=== performance [GFLOPS] ===
end SALMON
