# Units: Time [fs], Current Jm [1/fs*Angstrom^2]
time,delta_Jm_x,delta_Jm_x_drude_fit
0.002,4.7208081954566e-11,
0.004,4.93266672139059e-11,
0.006,4.89029276635016e-11,
0.008,4.63126399172856e-11,
0.01,4.1972871482984e-11,
0.012,3.587840266502679e-11,
0.014,3.01226203685181e-11,
0.016,2.77915883613104e-11,
0.018,3.04694260719699e-11,
0.02,3.70128381519813e-11,
0.022,4.5002304948883604e-11,
0.024,5.27157461202977e-11,
0.026,5.97847236847772e-11,
0.028,6.64351992882499e-11,
0.03,7.25305581265252e-11,
0.032,7.7329274759301e-11,
0.034,7.99875329337555e-11,
0.036,8.0276572979857e-11,
0.038,7.89414048201162e-11,
0.04,7.736582574370801e-11,
0.042,7.67525442605031e-11,
0.044,7.752260378199899e-11,
0.046,7.94039341879711e-11,
0.048,8.191297294238229e-11,
0.05,8.46529046845114e-11,
0.052,8.73144967578324e-11,
0.054,8.96547021638048e-11,
0.056,9.15586324448749e-11,
0.058,9.303443680343071e-11,
0.06,9.409951758704891e-11,
0.062,9.47206089177122e-11,
0.064,9.488898726979841e-11,
0.066,9.47086190577928e-11,
0.068,9.438963632421809e-11,
0.07,9.41926232906093e-11,
0.072,9.437189319697141e-11,
0.074,9.50684258224777e-11,
0.076,9.61687172774271e-11,
0.078,9.731193582983679e-11,
0.08,9.8156061036622e-11,
0.082,9.86915246052385e-11,
0.084,9.92529922447673e-11,
0.086,1.0017990689666799e-10,
0.088,1.0147037392303999e-10,
0.09,1.0277251462106901e-10,
0.092,1.0368043654762e-10,
0.094,1.04011910067452e-10,
0.096,1.03835270195948e-10,
0.098,1.0330562713719799e-10,
0.1,1.02522737207783e-10,
0.102,1.01530464964782e-10,
0.104,1.00401148381151e-10,
0.106,9.92746515115072e-11,
0.108,9.82958334427016e-11,
0.11,9.7520551437959e-11,
0.112,9.69034741797957e-11,
0.114,9.638864420150391e-11,
0.116,9.599539055822929e-11,
0.118,9.57860816317803e-11,
0.12,9.5738877906249e-11,
0.122,9.566361949862071e-11,
0.124,9.5247643514384e-11,
0.126,9.4172288196394e-11,
0.128,9.21904081764742e-11,
0.13,8.914393376562129e-11,
0.132,8.497865315858429e-11,
0.134,7.97709853050657e-11,
0.136,7.3707318637798e-11,
0.138,6.698962725005121e-11,
0.14,5.97503545112724e-11,
0.142,5.20833955189885e-11,
0.144,4.41781091268684e-11,
0.146,3.6412206577058896e-11,
0.148,2.92720722371772e-11,
0.15,2.31185707448525e-11,
0.152,1.7956657825101802e-11,
0.154,1.3375454781945001e-11,
0.156,8.7082244867105e-12,
0.158,3.32014283274873e-12,
0.16,-3.13421300701219e-12,
0.162,-1.0604122179412401e-11,
0.164,-1.87148619977786e-11,
0.166,-2.69685025128462e-11,
0.168,-3.49869652149889e-11,
0.17,-4.27000474396675e-11,
0.172,-5.03867756472838e-11,
0.174,-5.85252576026571e-11,
0.176,-6.75073770937675e-11,
0.178,-7.73761852192763e-11,
0.18,-8.775645005518721e-11,
0.182,-9.80403221945057e-11,
0.184,-1.07730635498412e-10,
0.186,-1.16744649135362e-10,
0.188,-1.25501751567116e-10,
0.19,-1.34739011236382e-10,
0.192,-1.45148746637255e-10,
0.194,-1.57032921908561e-10,
0.196,-1.70160626591623e-10,
0.198,-1.8389258301393698e-10,
0.2,-1.97472845765968e-10,
0.202,-2.1029590048602499e-10,
0.204,-2.22003416612799e-10,
0.206,-2.32406645292916e-10,
0.208,-2.4135455173668896e-10,
0.21,-2.4868322891835e-10,
0.212,-2.5429250007979597e-10,
0.214,-2.58281714592089e-10,
0.216,-2.61028270586292e-10,
0.218,-2.63138975447504e-10,
0.22,-2.65300206014739e-10,
0.222,-2.68117001947681e-10,
0.224,-2.7201616103437e-10,
0.226,-2.77218540847069e-10,
0.228,-2.83732173518752e-10,
0.23,-2.91329467152505e-10,
0.232,-2.99529898050039e-10,
0.234,-3.07649163501499e-10,
0.236,-3.14950574900599e-10,
0.238,-3.20859280587438e-10,
0.24,-3.2513583952919196e-10,
0.242,-3.27907241856174e-10,
0.244,-3.2952845674765e-10,
0.246,-3.3035136182324003e-10,
0.248,-3.30543069149901e-10,
0.25,-3.3007189025834704e-10,
0.252,-3.28870401238368e-10,
0.254,-3.2705681129193303e-10,
0.256,-3.25040598185424e-10,
0.258,-3.23407711450382e-10,
0.26,-3.22635273406234e-10,
0.262,-3.22814910144196e-10,
0.264,-3.23569204045488e-10,
0.266,-3.24220912873338e-10,
0.268,-3.24112150919538e-10,
0.27,-3.22885528354744e-10,
0.272,-3.20581695821121e-10,
0.274,-3.17532105808943e-10,
0.276,-3.14139491344378e-10,
0.278,-3.10674670373304e-10,
0.28,-3.07178019330672e-10,
0.282,-3.0348533074290397e-10,
0.284,-2.99346454012335e-10,
0.286,-2.94581525789223e-10,
0.288,-2.89211911121673e-10,
0.29,-2.83505478040478e-10,
0.292,-2.77901555318431e-10,
0.294,-2.7283659924039597e-10,
0.296,-2.6855305846927503e-10,
0.298,-2.6499593081699e-10,
0.3,-2.61856625836848e-10,
0.302,-2.58735686214894e-10,
0.304,-2.5532564813899003e-10,
0.306,-2.51512290030894e-10,
0.308,-2.4735565224997497e-10,
0.31,-2.42990875569939e-10,
0.312,-2.3852676544145297e-10,
0.314,-2.3399734815377e-10,
0.316,-2.29367770508761e-10,
0.318,-2.2455835547811397e-10,
0.32,-2.19454671012357e-10,
0.322,-2.13902467213102e-10,
0.324,-2.07709291025736e-10,
0.326,-2.00669614143824e-10,
0.328,-1.9260866530460501e-10,
0.33,-1.83426455386323e-10,
0.332,-1.73129430594051e-10,
0.334,-1.61849545930083e-10,
0.336,-1.49851039209634e-10,
0.338,-1.37512404114263e-10,
0.34,-1.25264530582232e-10,
0.342,-1.1348466852607301e-10,
0.344,-1.02384186070895e-10,
0.346,-9.19549015380363e-11,
0.348,-8.202183670005971e-11,
0.35,-7.238867504246899e-11,
0.352,-6.29945707624558e-11,
0.354,-5.39802013470288e-11,
0.356,-4.5611423845047396e-11,
0.358,-3.81023706933767e-11,
0.36,-3.1451102166614895e-11,
0.362,-2.5396801911391802e-11,
0.364,-1.95286083969208e-11,
0.366,-1.3478337086144699e-11,
0.368,-7.081243791493639e-12,
0.37,-4.20568039406628e-13,
0.372,6.24633302445178e-12,
0.374,1.26120444975238e-11,
0.376,1.8412808139343498e-11,
0.378,2.34552776481702e-11,
0.38,2.75976445599092e-11,
0.382,3.07330667843704e-11,
0.384,3.28042356935761e-11,
0.386,3.38367246249583e-11,
0.388,3.3953851343057e-11,
0.39,3.33480106540265e-11,
0.392,3.22209496945572e-11,
0.394,3.07344996697864e-11,
0.396,2.9007489452644304e-11,
0.398,2.7156654621217998e-11,
0.4,2.5339958786413302e-11,
0.402,2.3753304341457397e-11,
0.404,2.2564534046670604e-11,
0.406,2.1818062610571302e-11,
0.408,2.13718728250899e-11,
0.41,2.0914857917916197e-11,
0.412,2.00667999236447e-11,
0.414,1.85169539995473e-11,
0.416,1.61386382731689e-11,
0.418,1.303265841487e-11,
0.42,9.4876196614737e-12,
0.422,5.8791487494349295e-12,
0.424,2.54913893936828e-12,
0.426,-2.92285757445229e-13,
0.428,-2.6114945050195097e-12,
0.43,-4.53255776666566e-12,
0.432,-6.26774633807416e-12,
0.434,-8.02877059105161e-12,
0.436,-9.95716175409205e-12,
0.438,-1.21031651488755e-11,
0.44,-1.4459672755678399e-11,
0.442,-1.7029861979629698e-11,
0.444,-1.98867289944423e-11,
0.446,-2.31805657991562e-11,
0.448,-2.7071733510855497e-11,
0.45,-3.16052221371425e-11,
0.452,-3.6583714605473205e-11,
0.454,-4.1513930847343794e-11,
0.456,-4.56807767918545e-11,
0.458,-4.8348210697354105e-11,
0.46,-4.9021035604816097e-11,
0.462,-4.76622864638634e-11,
0.464,-4.47701964755099e-11,
0.466,-4.12736258266155e-11,
0.468,-3.8278158030195297e-11,
0.47,-3.67538107259838e-11,
0.472,-3.72751095425519e-11,
0.474,-3.99002019709101e-11,
0.476,-4.42194312023071e-11,
0.478,-4.9538085006504106e-11,
0.48,-5.51101435120168e-11,
0.482,-6.03300148454243e-11,
0.484,-6.48218268896524e-11,
0.486,-6.842338218371521e-11,
0.488,-7.111275277696691e-11,
0.49,-7.29418161612433e-11,
0.492,-7.401601579688992e-11,
0.494,-7.451290671686471e-11,
0.496,-7.4696292161309e-11,
0.498,-7.488330166697408e-11,
0.5,-7.53585936992729e-11,
0.502,-7.62775405364446e-11,
0.504,-7.76233225887395e-11,
0.506,-7.92605702034489e-11,
0.508,-8.106922657014621e-11,
0.51,-8.30833855101251e-11,
0.512,-8.55419157074435e-11,
0.514,-8.87987212015965e-11,
0.516,-9.31211040208881e-11,
0.518,-9.847742992724491e-11,
0.52,-1.04434276939104e-10,
0.522,-1.1023408636922301e-10,
0.524,-1.15033018427289e-10,
0.526,-1.18196725198459e-10,
0.528,-1.1952361412386101e-10,
0.53,-1.1930340409282199e-10,
0.532,-1.18197980772014e-10,
0.534,-1.17007897871773e-10,
0.536,-1.16423902251234e-10,
0.538,-1.16849484143762e-10,
0.54,-1.18334906934011e-10,
0.542,-1.2061455087045502e-10,
0.544,-1.23209876195947e-10,
0.546,-1.25554554128532e-10,
0.548,-1.27107948505028e-10,
0.55,-1.2743716887285098e-10,
0.552,-1.26259767273971e-10,
0.554,-1.23449158978503e-10,
0.556,-1.1901409489766e-10,
0.558,-1.1307045694936299e-10,
0.56,-1.05824064148877e-10,
0.562,-9.75727426198815e-11,
0.564,-8.871758898320029e-11,
0.566,-7.97565747983226e-11,
0.568,-7.12325191485483e-11,
0.57,-6.362888067121411e-11,
0.572,-5.72428979570149e-11,
0.574,-5.209350330019121e-11,
0.576,-4.79181536661895e-11,
0.578,-4.4272934127684e-11,
0.58,-4.06953973987771e-11,
0.582,-3.68551073397413e-11,
0.584,-3.26268605682388e-11,
0.586,-2.80698022155379e-11,
0.588,-2.3348642405554e-11,
0.59,-1.86556996590302e-11,
0.592,-1.41731340591575e-11,
0.594,-1.0072577658320801e-11,
0.596,-6.518465950352731e-12,
0.598,-3.6426699038899e-12,
0.6,-1.48804944541611e-12,
0.602,4.81836866484287e-14,
0.604,1.22857656687441e-12,
0.606,2.42245989687663e-12,
0.608,3.99752039057629e-12,
0.61,6.19912795224814e-12,
0.612,9.06965743959343e-12,
0.614,1.24425574079626e-11,
0.616,1.6011640889041e-11,
0.618,1.9442326464377898e-11,
0.62,2.2474009865236e-11,
0.622,2.49695788188472e-11,
0.624,2.68964409655337e-11,
0.626,2.82597901506112e-11,
0.628,2.9033853517703998e-11,
0.63,2.91353461373468e-11,
0.632,2.8454785185927e-11,
0.634,2.69227133332652e-11,
0.636,2.45657039186073e-11,
0.638,2.15160848651472e-11,
0.64,1.79739772319735e-11,
0.642,1.4153200253789101e-11,
0.644,1.0249406324181098e-11,
0.646,6.44528880859591e-12,
0.648,2.93425443663022e-12,
0.65,-7.17818395594085e-14,
0.652,-2.37144481206987e-12,
0.654,-3.83075818519636e-12,
0.656,-4.43692278796389e-12,
0.658,-4.3194812510458305e-12,
0.66,-3.72935906820342e-12,
0.662,-2.98703996296654e-12,
0.664,-2.4189785601563197e-12,
0.666,-2.2958773886740898e-12,
0.668,-2.77803252848512e-12,
0.67,-3.8701957618116094e-12,
0.672,-5.39305362687367e-12,
0.674,-6.98478373200769e-12,
0.676,-8.14824922689108e-12,
0.678,-8.35300202569731e-12,
0.68,-7.184905848266519e-12,
0.682,-4.51134040363046e-12,
0.684,-6.05255172802129e-13,
0.686,3.8375190854809e-12,
0.688,7.83052718682854e-12,
0.69,1.0364861184323401e-11,
0.692,1.0730490748867999e-11,
0.694,8.763769071478921e-12,
0.696,4.90754503542426e-12,
0.698,4.43875961653749e-14,
0.7,-4.834412353372379e-12,
0.702,-8.983945543052341e-12,
0.704,-1.21344051860224e-11,
0.706,-1.45050415197616e-11,
0.708,-1.6616983445916402e-11,
0.71,-1.90075277835622e-11,
0.712,-2.19823706519487e-11,
0.714,-2.550989665991e-11,
0.716,-2.9285812566239e-11,
0.718,-3.2916701035406603e-11,
0.72,-3.6124264895151794e-11,
0.722,-3.8873331441196206e-11,
0.724,-4.1369914146341295e-11,
0.726,-4.39369328871897e-11,
0.728,-4.68285860787844e-11,
0.73,-5.00689917318549e-11,
0.732,-5.338858434160029e-11,
0.734,-5.62885337115346e-11,
0.736,-5.820656422148161e-11,
0.738,-5.87115481479224e-11,
0.74,-5.76407542499325e-11,
0.742,-5.5121262709220105e-11,
0.744,-5.1474173325898294e-11,
0.746,-4.7058405716584206e-11,
0.748,-4.21386376647634e-11,
0.75,-3.6842813011513295e-11,
0.752,-3.12194230084868e-11,
0.754,-2.53454789460559e-11,
0.756,-1.9408519360689898e-11,
0.758,-1.37058307768128e-11,
0.76,-8.557995364908929e-12,
0.762,-4.18743658119158e-12,
0.764,-6.3305273481012e-13,
0.766,2.25091345902455e-12,
0.768,4.71302977328093e-12,
0.77,6.985555518395779e-12,
0.772,9.188395142154359e-12,
0.774,1.12978258691541e-11,
0.776,1.31854088000883e-11,
0.778,1.4700950330826e-11,
0.78,1.57599586825143e-11,
0.782,1.6401252011274402e-11,
0.784,1.6795488608271402e-11,
0.786,1.72024859505414e-11,
0.788,1.78909129225718e-11,
0.79,1.90464429814142e-11,
0.792,2.0701223717296898e-11,
0.794,2.27125433742532e-11,
0.796,2.4801215023183302e-11,
0.798,2.6635872481199e-11,
0.8,2.7931956624370605e-11,
0.802,2.85329528645067e-11,
0.804,2.8455953944654197e-11,
0.806,2.7901269149013102e-11,
0.808,2.72334039512871e-11,
0.81,2.6935357178269304e-11,
0.812,2.7530563696592197e-11,
0.814,2.94713319951996e-11,
0.816,3.30131404589277e-11,
0.818,3.81176523605192e-11,
0.82,4.44326650216196e-11,
0.822,5.1372331013826396e-11,
0.824,5.82753531727955e-11,
0.826,6.457846540082829e-11,
0.828,6.9933479830463e-11,
0.83,7.422577530234591e-11,
0.832,7.75035971085067e-11,
0.834,7.987144036569879e-11,
0.836,8.141249806209691e-11,
0.838,8.21799720865067e-11,
0.84,8.22506283616923e-11,
0.842,8.179345411130041e-11,
0.844,8.10940338201515e-11,
0.846,8.04991823484187e-11,
0.848,8.02944025803841e-11,
0.85,8.05726368461311e-11,
0.852,8.11692487959697e-11,
0.854,8.171166935532971e-11,
0.856,8.17730283606631e-11,
0.858,8.105924340167659e-11,
0.86,7.95341088926543e-11,
0.862,7.741575612621391e-11,
0.864,7.50469544026171e-11,
0.866,7.27122572704399e-11,
0.868,7.05049382208123e-11,
0.87,6.83174446605072e-11,
0.872,6.59578774108447e-11,
0.874,6.33237151929201e-11,
0.876,6.05340748170814e-11,
0.878,5.7947520450004297e-11,
0.88,5.60561543293179e-11,
0.882,5.530960876443479e-11,
0.884,5.5951243204653704e-11,
0.886,5.79327459416252e-11,
0.888,6.09282175113302e-11,
0.89,6.44238060522385e-11,
0.892,6.78365743209447e-11,
0.894,7.06221238216721e-11,
0.896,7.23522869403612e-11,
0.898,7.276345699573771e-11,
0.9,7.178254297777791e-11,
0.902,6.95318015837967e-11,
0.904,6.63068019894092e-11,
0.906,6.25226869432187e-11,
0.908,5.86338536750477e-11,
0.91,5.50442556377711e-11,
0.912,5.20309922784558e-11,
0.914,4.9699221527125294e-11,
0.916,4.79759312776967e-11,
0.918,4.6640510932412705e-11,
0.92,4.53848621915257e-11,
0.922,4.3892946121221895e-11,
0.924,4.19248203492311e-11,
0.926,3.93833614725855e-11,
0.928,3.6338857578439997e-11,
0.93,3.29957113210282e-11,
0.932,2.9607817089469705e-11,
0.934,2.6376215036981397e-11,
0.936,2.33770717423112e-11,
0.938,2.0558300520758e-11,
0.94,1.7809578631759002e-11,
0.942,1.50709115190686e-11,
0.944,1.24219507738549e-11,
0.946,1.01023206511974e-11,
0.948,8.449002853643621e-12,
0.95,7.77935100878008e-12,
0.952,8.27431111611238e-12,
0.954,9.91214131299577e-12,
0.956,1.24740525289258e-11,
0.958,1.56077272866085e-11,
0.96,1.89125887644866e-11,
0.962,2.2010658331134198e-11,
0.964,2.45845693704074e-11,
0.966,2.6386018649136003e-11,
0.968,2.7231869180673803e-11,
0.97,2.70055839202695e-11,
0.972,2.56722297802457e-11,
0.974,2.3302305956540896e-11,
0.976,2.00901414736669e-11,
0.978,1.63500387314265e-11,
0.98,1.24788639388076e-11,
0.982,8.8858797133935e-12,
0.984,5.9058982880733395e-12,
0.986,3.7238402324633895e-12,
0.988,2.3409749348951803e-12,
0.99,1.60141781238619e-12,
0.992,1.27382602034021e-12,
0.994,1.1577032204648402e-12,
0.996,1.16919818479679e-12,
0.998,1.36750827207161e-12,
1.0,1.90952424421323e-12,
1.002,2.95518381670833e-12,
1.004,4.5709011589753605e-12,
1.006,6.67956634177118e-12,
1.008,9.08121484528448e-12,
1.01,1.1531644938458e-11,
1.012,1.38374764217911e-11,
1.014,1.5920989837408e-11,
1.016,1.78286417256188e-11,
1.018,1.96892016588515e-11,
1.02,2.1652163108228e-11,
1.022,2.38398548375516e-11,
1.024,2.6329336965452197e-11,
1.026,2.91564640287858e-11,
1.028,3.2321677335988897e-11,
1.03,3.578265168709039e-11,
1.032,3.94371284986284e-11,
1.034,4.3114549913872e-11,
1.036,4.6595310804888205e-11,
1.038,4.9660530677082e-11,
1.04,5.21543012896254e-11,
1.042,5.40293547646384e-11,
1.044,5.5353420762256e-11,
1.046,5.62735538323674e-11,
1.048,5.69557171449924e-11,
1.05,5.7526361667068696e-11,
1.052,5.80373912839093e-11,
1.054,5.84626325691673e-11,
1.056,5.872150052183341e-11,
1.058,5.87194890714906e-11,
1.06,5.83940727668419e-11,
1.062,5.77540483775225e-11,
1.064,5.68985329053023e-11,
1.066,5.60021227081785e-11,
1.068,5.52610836085161e-11,
1.07,5.481266476149789e-11,
1.072,5.4658918619411297e-11,
1.074,5.463449315752629e-11,
1.076,5.44452502120128e-11,
1.078,5.3772873001548905e-11,
1.08,5.240548279426e-11,
1.082,5.03358483368901e-11,
1.084,4.77806009242156e-11,
1.086,4.51115033936769e-11,
1.088,4.2733728362757496e-11,
1.09,4.09709062696483e-11,
1.092,4.00087141267461e-11,
1.094,3.99124019767746e-11,
1.096,4.06906209535843e-11,
1.098,4.2353313106598004e-11,
1.1,4.49189490849155e-11,
1.102,4.83613298493926e-11,
1.104,5.25275387625778e-11,
1.106,5.7082663850000895e-11,
1.108,6.15292212394851e-11,
1.11,6.53131031649796e-11,
1.112,6.798212452070339e-11,
1.114,6.93317134758943e-11,
1.116,6.947198563403921e-11,
1.118,6.878273393578329e-11,
1.12,6.77720868916235e-11,
1.122,6.68972450348325e-11,
1.124,6.64208585384846e-11,
1.126,6.63576918466976e-11,
1.128,6.652354003887211e-11,
1.13,6.665280020989681e-11,
1.132,6.65246353323933e-11,
1.134,6.60407551410676e-11,
1.136,6.522679739568529e-11,
1.138,6.41685821266749e-11,
1.14,6.29248513808944e-11,
1.142,6.146645030998379e-11,
1.144,5.96754521488536e-11,
1.146,5.7405671920632105e-11,
1.148,5.45740657859881e-11,
1.15,5.12363112534084e-11,
1.152,4.76074771654575e-11,
1.154,4.4016217867950504e-11,
1.156,4.0813975358021495e-11,
1.158,3.828183989749e-11,
1.16,3.6575312134349104e-11,
1.162,3.5723620343131103e-11,
1.164,3.566936566881e-11,
1.166,3.63141977174961e-11,
1.168,3.75384766755345e-11,
1.17,3.9184434856583996e-11,
1.172,4.10198749264121e-11,
1.174,4.2715677761585605e-11,
1.176,4.38668861829235e-11,
1.178,4.40660462156288e-11,
1.18,4.30108775456224e-11,
1.182,4.0609426641882004e-11,
1.184,3.7042841403929703e-11,
1.186,3.27585201581069e-11,
1.188,2.83891295215844e-11,
1.19,2.46169483475724e-11,
1.192,2.20209516506095e-11,
1.194,2.0950256928208102e-11,
1.196,2.14605369982715e-11,
1.198,2.33305430899732e-11,
1.2,2.61501989353965e-11,
1.202,2.94480118943502e-11,
1.204,3.28131932799626e-11,
1.206,3.59722532540563e-11,
1.208,3.88003242794176e-11,
1.21,4.12756609575736e-11,
1.212,4.34092982016032e-11,
1.214,4.5189988063967706e-11,
1.216,4.65730087720804e-11,
1.218,4.75157730648298e-11,
1.22,4.80365050234128e-11,
1.222,4.82581033272797e-11,
1.224,4.84054691894355e-11,
1.226,4.8748006975899995e-11,
1.228,4.95072831615809e-11,
1.23,5.0768458678370295e-11,
1.232,5.2433578110731803e-11,
1.234,5.4236341351346e-11,
1.236,5.58119929431334e-11,
1.238,5.67955705944518e-11,
1.24,5.69157790844247e-11,
1.242,5.605978568013479e-11,
1.244,5.42988557137397e-11,
1.246,5.1876877382345794e-11,
1.248,4.9168785593878295e-11,
1.25,4.66154037908331e-11,
1.252,4.46412497701266e-11,
1.254,4.3566312216576604e-11,
1.256,4.35306123486193e-11,
1.258,4.4454906259001204e-11,
1.26,4.60554843268374e-11,
1.262,4.79142499785364e-11,
1.264,4.9583850277771396e-11,
1.266,5.06927084263108e-11,
1.268,5.10155797543991e-11,
1.27,5.0492097289078796e-11,
1.272,4.91996939625372e-11,
1.274,4.73044058797886e-11,
1.276,4.5014910628412296e-11,
1.278,4.2551911154060104e-11,
1.28,4.0127937294935105e-11,
1.282,3.7923604185504206e-11,
1.284,3.605221893866221e-11,
1.286,3.45202370690863e-11,
1.288,3.32047658402499e-11,
1.29,3.18696236250954e-11,
1.292,3.02258502475533e-11,
1.294,2.80193507586543e-11,
1.296,2.51111855585785e-11,
1.298,2.15160369606934e-11,
1.3,1.7382772718144598e-11,
1.302,1.2928699189143099e-11,
1.304,8.36140327700951e-12,
1.306,3.8275617477485995e-12,
1.308,-5.8642468243816e-13,
1.31,-4.804800742371821e-12,
1.312,-8.694012054653741e-12,
1.314,-1.20190403740227e-11,
1.316,-1.4460047976331401e-11,
1.318,-1.5697063133774097e-11,
1.32,-1.55349408099499e-11,
1.322,-1.4014398508980501e-11,
1.324,-1.1452283577953801e-11,
1.326,-8.380474330548701e-12,
1.328,-5.39781257183148e-12,
1.33,-2.99269665371794e-12,
1.332,-1.41185052050896e-12,
1.334,-6.320989752530589e-13,
1.336,-4.43165234171236e-13,
1.338,-5.954228706711101e-13,
1.34,-9.359046462500942e-13,
1.342,-1.4659070680983999e-12,
1.344,-2.29904775467504e-12,
1.346,-3.5539316507169904e-12,
1.348,-5.2498282650310994e-12,
1.35,-7.2678262231142204e-12,
1.352,-9.399012126599212e-12,
1.354,-1.1449516179261e-11,
1.356,-1.3339977593093802e-11,
1.358,-1.5141447185757e-11,
1.36,-1.70271343695754e-11,
1.362,-1.9166773208616897e-11,
1.364,-2.16215922631545e-11,
1.366,-2.4296135069895102e-11,
1.368,-2.6971424160822603e-11,
1.37,-2.94009017430311e-11,
1.372,-3.14196036984878e-11,
1.374,-3.30136166767549e-11,
1.376,-3.43206143828624e-11,
1.378,-3.5568645730084e-11,
1.38,-3.6988921049154604e-11,
1.382,-3.87452682081806e-11,
1.384,-4.09068860315461e-11,
1.386,-4.34638585965731e-11,
1.388,-4.63630823410553e-11,
1.39,-4.9537579288745296e-11,
1.392,-5.2914576188998705e-11,
1.394,-5.6406931109339106e-11,
1.396,-5.99052015677735e-11,
1.398,-6.328553771454889e-11,
1.4,-6.64346201378134e-11,
1.402,-6.92769725487599e-11,
1.404,-7.178418870248371e-11,
1.406,-7.39545574110395e-11,
1.408,-7.577060161255691e-11,
1.41,-7.71593921871976e-11,
1.412,-7.798460073935751e-11,
1.414,-7.808552375887791e-11,
1.416,-7.735265088367229e-11,
1.418,-7.5805487420324e-11,
1.42,-7.36302717256651e-11,
1.422,-7.114985973863679e-11,
1.424,-6.87298270105116e-11,
1.426,-6.66581696625896e-11,
1.428,-6.5052628680978e-11,
1.43,-6.383897861430111e-11,
1.432,-6.28097653170623e-11,
1.434,-6.17326900317337e-11,
1.436,-6.04533526409024e-11,
1.438,-5.894158032900439e-11,
1.44,-5.7262565706765196e-11,
1.442,-5.549578864510971e-11,
1.444,-5.36530248407649e-11,
1.446,-5.16461609160509e-11,
1.448,-4.9325800145569e-11,
1.45,-4.65701488758628e-11,
1.452,-4.33731659477271e-11,
1.454,-3.98794154324345e-11,
1.456,-3.6341427969375296e-11,
1.458,-3.30190386138887e-11,
1.46,-3.00743856156633e-11,
1.462,-2.75217264161895e-11,
1.464,-2.526294530038e-11,
1.466,-2.3191798019252897e-11,
1.468,-2.13083591309657e-11,
1.47,-1.97735661674075e-11,
1.472,-1.8861302865168897e-11,
1.474,-1.88191445549858e-11,
1.476,-1.9701226711158002e-11,
1.478,-2.12583228817963e-11,
1.48,-2.29484343738013e-11,
1.482,-2.4075067176033102e-11,
1.484,-2.39993291643796e-11,
1.486,-2.23370933771607e-11,
1.488,-1.9061392524672102e-11,
1.49,-1.4476789094767001e-11,
1.492,-9.09103275038199e-12,
1.494,-3.4496365473376298e-12,
1.496,1.9970797970218603e-12,
1.498,6.9548875925574e-12,
1.5,1.1278195403361698e-11,
1.502,1.49298012623067e-11,
1.504,1.7947977965493698e-11,
1.506,2.0440575717488998e-11,
1.508,2.25959053388332e-11,
1.51,2.46810900887006e-11,
1.512,2.70018808217417e-11,
1.514,2.98211922215537e-11,
1.516,3.32624132506589e-11,
1.518,3.7240158434186496e-11,
1.52,4.145534796805089e-11,
1.522,4.5465127875049293e-11,
1.524,4.88048458331631e-11,
1.526,5.11161277809648e-11,
1.528,5.22331816148584e-11,
1.53,5.21994953408601e-11,
1.532,5.1217733023402796e-11,
1.534,4.9561918316383896e-11,
1.536,4.74910387172907e-11,
1.538,4.51946250602616e-11,
1.54,4.27809570179916e-11,
1.542,4.0298989318618796e-11,
1.544,3.77750496410265e-11,
1.546,3.52470784102161e-11,
1.548,3.2787727848719604e-11,
1.55,3.0515158792149505e-11,
1.552,2.8592278915026497e-11,
1.554,2.72120972166984e-11,
1.556,2.65649049978374e-11,
1.558,2.6786873867554897e-11,
1.56,2.7900651621667198e-11,
1.562,2.97701529942294e-11,
1.564,3.20957633635639e-11,
1.566,3.4466179034952694e-11,
1.568,3.64606279676434e-11,
1.57,3.7770548375644794e-11,
1.572,3.82954266278344e-11,
1.574,3.81728349864299e-11,
1.576,3.77273028031821e-11,
1.578,3.7355206830226504e-11,
1.58,3.7388914660741107e-11,
1.582,3.79900770327554e-11,
1.584,3.9107239543759206e-11,
1.586,4.05047879906728e-11,
1.588,4.1842257733835295e-11,
1.59,4.27682909073539e-11,
1.592,4.29962248427825e-11,
1.594,4.23449810267539e-11,
1.596,4.07486119736269e-11,
1.598,3.82502447454435e-11,
1.6,3.49956965213846e-11,
1.602,3.12310230848253e-11,
1.604,2.7294577324015896e-11,
1.606,2.3587473737344398e-11,
1.608,2.0511893101460897e-11,
1.61,1.8382866733486e-11,
1.612,1.7337828503908498e-11,
1.614,1.72784530233569e-11,
1.616,1.78739453484924e-11,
1.618,1.86342543635656e-11,
1.62,1.90344458774384e-11,
1.622,1.86501536426277e-11,
1.624,1.7259340483201e-11,
1.626,1.48797631525175e-11,
1.628,1.1737666998735301e-11,
1.63,8.18881295338989e-12,
1.632,4.62633840354746e-12,
1.634,1.4065766815538798e-12,
1.636,-1.1921451890923701e-12,
1.638,-2.98123616289732e-12,
1.64,-3.8591050008638605e-12,
1.642,-3.80875582602316e-12,
1.644,-2.90160566959629e-12,
1.646,-1.30279494984652e-12,
1.648,7.31851482769963e-13,
1.65,2.87434015051478e-12,
1.652,4.758147708251691e-12,
1.654,6.01948546327961e-12,
1.656,6.33725732696671e-12,
1.658,5.46663318295721e-12,
1.66,3.2672036426385297e-12,
1.662,-2.70505677279741e-13,
1.664,-4.99976651195992e-12,
1.666,-1.0600754886974801e-11,
1.668,-1.65860037849432e-11,
1.67,-2.2342025138566e-11,
1.672,-2.7211564207680896e-11,
1.674,-3.06052450253229e-11,
1.676,-3.2116521280372497e-11,
1.678,-3.16075446622952e-11,
1.68,-2.9239877038502796e-11,
1.682,-2.5440506832496104e-11,
1.684,-2.08137569099457e-11,
1.686,-1.6024504901965e-11,
1.688,-1.16827529136061e-11,
1.69,-8.253742214853518e-12,
1.692,-6.0055725324573205e-12,
1.694,-4.99446690407138e-12,
1.696,-5.08025121840667e-12,
1.698,-5.96272346392602e-12,
1.7,-7.2313065699829996e-12,
1.702,-8.422700985980659e-12,
1.704,-9.0819297071162e-12,
1.706,-8.821252893724269e-12,
1.708,-7.369994956856451e-12,
1.71,-4.60828892785537e-12,
1.712,-5.7976487691291e-13,
1.714,4.518037645996809e-12,
1.716,1.03628022979346e-11,
1.718,1.65505839467694e-11,
1.72,2.26465020736903e-11,
1.722,2.82368113336207e-11,
1.724,3.29768091219874e-11,
1.726,3.6628759465577704e-11,
1.728,3.90837762044618e-11,
1.73,4.03623317446435e-11,
1.732,4.0591804539495e-11,
1.734,3.99657803479692e-11,
1.736,3.86967177875174e-11,
1.738,3.69767190265343e-11,
1.74,3.49578614783746e-11,
1.742,3.27539993887458e-11,
1.744,3.04550355083385e-11,
1.746,2.81386501959904e-11,
1.748,2.5868097189267103e-11,
1.75,2.36765841079687e-11,
1.752,2.15517709248335e-11,
1.754,1.94391761813605e-11,
1.756,1.72753914873492e-11,
1.758,1.5043888131027302e-11,
1.76,1.2828106738653499e-11,
1.762,1.0830352193721598e-11,
1.764,9.3368940762198e-12,
1.766,8.63551164440525e-12,
1.768,8.91786225168384e-12,
1.77,1.0210821483926e-11,
1.772,1.23700133290764e-11,
1.774,1.51394908448905e-11,
1.776,1.82490076665861e-11,
1.778,2.1501531617639396e-11,
1.78,2.48093959049e-11,
1.782,2.81648447917665e-11,
1.784,3.15651173429228e-11,
1.786,3.49357557116787e-11,
1.788,3.80956185106814e-11,
1.79,4.07838681813502e-11,
1.792,4.27354027286472e-11,
1.794,4.37652592896371e-11,
1.796,4.38179295583846e-11,
1.798,4.2956919363666297e-11,
1.8,4.13025785179855e-11,
1.802,3.8954537951017797e-11,
1.804,3.59438482712507e-11,
1.806,3.2243928306619396e-11,
1.808,2.78369068105913e-11,
1.81,2.28001672040011e-11,
1.812,1.7363806679027e-11,
1.814,1.1901737674471199e-11,
1.816,6.85160228201557e-12,
1.818,2.59513779648661e-12,
1.82,-6.4777126845982e-13,
1.822,-2.86317217709877e-12,
1.824,-4.20640752557952e-12,
1.826,-4.90502386959247e-12,
1.828,-5.15022018324579e-12,
1.83,-5.0294911263369505e-12,
1.832,-4.530655136557719e-12,
1.834,-3.6098670241913002e-12,
1.836,-2.28396268218046e-12,
1.838,-6.96101859497663e-13,
1.84,8.812509990983229e-13,
1.842,2.10920648328159e-12,
1.844,2.6812698092650297e-12,
1.846,2.41156268267337e-12,
1.848,1.2731998697371298e-12,
1.85,-6.2618186929401e-13,
1.852,-3.11432172591386e-12,
1.854,-6.03335093853888e-12,
1.856,-9.29282973021381e-12,
1.858,-1.28800852764561e-11,
1.86,-1.68350605723793e-11,
1.862,-2.12125047097255e-11,
1.864,-2.6054280026766103e-11,
1.866,-3.13810205887391e-11,
1.868,-3.71956430179959e-11,
1.87,-4.3482514331801794e-11,
1.872,-5.0190697461268e-11,
1.874,-5.7204040477410205e-11,
1.876,-6.43148168816315e-11,
1.878,-7.12215484528748e-11,
1.88,-7.756229480625621e-11,
1.882,-8.29775521393382e-11,
1.884,-8.718203056977029e-11,
1.886,-9.002073414918179e-11,
1.888,-9.14934170838438e-11,
1.89,-9.17466844050615e-11,
1.892,-9.10453052293316e-11,
1.894,-8.973686835659e-11,
1.896,-8.82170867270825e-11,
1.898,-8.68933666616203e-11,
1.9,-8.61394787365057e-11,
1.902,-8.623886437338879e-11,
1.904,-8.73253744875732e-11,
1.906,-8.934034644683599e-11,
1.908,-9.20264574293937e-11,
1.91,-9.49688715425303e-11,
1.912,-9.767706124774041e-11,
1.914,-9.96850690340071e-11,
1.916,-1.00641807703571e-10,
1.918,-1.00368867841182e-10,
1.92,-9.887735424700859e-11,
1.922,-9.634965605889891e-11,
1.924,-9.309963531804591e-11,
1.926,-8.95236474249971e-11,
1.928,-8.60483821282378e-11,
1.93,-8.30761663086108e-11,
1.932,-8.09287641018244e-11,
1.934,-7.979646439169659e-11,
1.936,-7.97056874261977e-11,
1.938,-8.05189856534284e-11,
1.94,-8.197356344343499e-11,
1.942,-8.37501979613697e-11,
1.944,-8.555150116518109e-11,
1.946,-8.71634482314382e-11,
1.948,-8.84809560615127e-11,
1.95,-8.94934768571398e-11,
1.952,-9.024292331693251e-11,
1.954,-9.07756789974138e-11,
1.956,-9.11091684857715e-11,
1.958,-9.122355648864809e-11,
1.96,-9.10763931835809e-11,
1.962,-9.06287791359406e-11,
1.964,-8.98693998745258e-11,
1.966,-8.882630829562899e-11,
1.968,-8.75628862821244e-11,
1.97,-8.616015869920041e-11,
1.972,-8.46913678688575e-11,
1.974,-8.31965962871533e-11,
1.976,-8.1665928379463e-11,
1.978,-8.00388416061486e-11,
1.98,-7.82242951254904e-11,
1.982,-7.61394722531599e-11,
1.984,-7.375653074950441e-11,
1.986,-7.11397685468762e-11,
1.988,-6.84542828659325e-11,
1.99,-6.593437846930341e-11,
1.992,-6.381432460194879e-11,
1.994,-6.22404200540719e-11,
1.996,-6.11946815483605e-11,
1.998,-6.04610490491048e-11,
2.0,-5.965312846845021e-11,
2.002,-5.83018374950466e-11,
2.004,-5.59792218355434e-11,
2.006,-5.24196220538656e-11,
2.008,-4.75976289927602e-11,
2.01,-4.17351570890575e-11,
2.012,-3.5233692916310496e-11,
2.014,-2.85539363391776e-11,
2.016,-2.2084107978874398e-11,
2.018,-1.60422291660401e-11,
2.02,-1.04447366321226e-11,
2.022,-5.14823894195192e-12,
2.024,5.67366402769423e-14,
2.026,5.3401262412900495e-12,
2.028,1.07568510764239e-11,
2.03,1.62278351496019e-11,
2.032,2.15780950288546e-11,
2.034,2.66082757132447e-11,
2.036,3.1164477299326896e-11,
2.038,3.5176345797574e-11,
2.04,3.86516537714864e-11,
2.042,4.16371845376031e-11,
2.044,4.4170176224783293e-11,
2.046,4.62459946504325e-11,
2.048,4.7817123394299203e-11,
2.05,4.88222960656767e-11,
2.052,4.9231187414797707e-11,
2.054,4.9084540529305795e-11,
2.056,4.8513199221384e-11,
2.058,4.7728559548208505e-11,
2.06,4.6986803696819107e-11,
2.062,4.65362221688025e-11,
2.064,4.656009371572e-11,
2.066,4.7127606629286205e-11,
2.068,4.8163997133980795e-11,
2.07,4.9448411349504e-11,
2.072,5.06441130677764e-11,
2.074,5.13593433347434e-11,
2.076,5.1229308667721705e-11,
2.078,5.0002191623702796e-11,
2.08,4.76079799003695e-11,
2.082,4.41905915110608e-11,
2.084,4.00920001361514e-11,
2.086,3.57896643370387e-11,
2.088,3.1801591253181e-11,
2.09,2.8582680764739196e-11,
2.092,2.6438204642791803e-11,
2.094,2.5474772016221298e-11,
2.096,2.55979663975986e-11,
2.098,2.6552195507434802e-11,
2.1,2.79872078264811e-11,
2.102,2.95301070713118e-11,
2.104,3.08436008418977e-11,
2.106,3.16592353374954e-11,
2.108,3.17854814898793e-11,
2.11,3.1099768306620896e-11,
2.112,2.95376992555307e-11,
2.114,2.70898682692916e-11,
2.116,2.38092429742692e-11,
2.118,1.98237005252366e-11,
2.12,1.53436110980263e-11,
2.122,1.06552416671084e-11,
2.124,6.09633103163013e-12,
2.126,2.01695242312986e-12,
2.128,-1.2666489690203001e-12,
2.13,-3.5169279794678704e-12,
2.132,-4.61201255500459e-12,
2.134,-4.56971786659569e-12,
2.136,-3.5535660844688196e-12,
2.138,-1.85472578749572e-12,
2.14,1.5460569638215697e-13,
2.142,2.09418809709159e-12,
2.144,3.66201727247854e-12,
2.146,4.71024071723403e-12,
2.148,5.2839197215159995e-12,
2.15,5.604790590580179e-12,
2.152,6.00117597898386e-12,
2.154,6.80663801407151e-12,
2.156,8.26287796209015e-12,
2.158,1.04595786237501e-11,
2.16,1.3326165617159e-11,
2.162,1.6666898432769502e-11,
2.164,2.0214078509070697e-11,
2.166,2.36725364304635e-11,
2.168,2.67426808883157e-11,
2.17,2.91289261273285e-11,
2.172,3.05534027291271e-11,
2.174,3.07924113695257e-11,
2.176,2.9736116572405603e-11,
2.178,2.74506966443519e-11,
2.18,2.42097430127319e-11,
2.182,2.04672005295451e-11,
2.184,1.6766560231819e-11,
2.186,1.3609828488345e-11,
2.188,1.13305197171838e-11,
2.19,1.0016858900674001e-11,
2.192,9.513123154101508e-12,
2.194,9.49684582442284e-12,
2.196,9.60110720894783e-12,
2.198,9.536315177951859e-12,
2.2,9.169891928955538e-12,
2.202,8.54176457024189e-12,
2.204,7.818935802056589e-12,
2.206,7.21375388627926e-12,
2.208,6.89996705380989e-12,
2.21,6.95728184590397e-12,
2.212,7.36170187521267e-12,
2.214,8.02155419022551e-12,
2.216,8.84337554587e-12,
2.218,9.802294637377222e-12,
2.22,1.0989920774603699e-11,
2.222,1.2619302040166401e-11,
2.224,1.49795332253261e-11,
2.226,1.8348938705776e-11,
2.228,2.2890825060558302e-11,
2.23,2.85646864180403e-11,
2.232,3.50846319449566e-11,
2.234,4.19445225822513e-11,
2.236,4.8508948859929794e-11,
2.238,5.41474780105265e-11,
2.24,5.837421068316171e-11,
2.242,6.09521150386152e-11,
2.244,6.193289854320499e-11,
2.246,6.16245321092799e-11,
2.248,6.05013183520396e-11,
2.25,5.90872072728236e-11,
2.252,5.7846474515728894e-11,
2.254,5.7106979275092004e-11,
2.256,5.7025821590275704e-11,
2.258,5.759260855961221e-11,
2.26,5.86577845666284e-11,
2.262,5.997407986787111e-11,
2.264,6.12446443420824e-11,
2.266,6.21764415205261e-11,
2.268,6.25373769690505e-11,
2.27,6.22104383879153e-11,
2.272,6.123124994192329e-11,
2.274,5.9793189146989e-11,
2.276,5.82101214044808e-11,
2.278,5.68404437473245e-11,
2.28,5.59918746225821e-11,
2.282,5.58366056184993e-11,
2.284,5.63650221352185e-11,
2.286,5.73932239611585e-11,
2.288,5.86196961833199e-11,
2.29,5.97092054441982e-11,
2.292,6.037423055219921e-11,
2.294,6.042914899937589e-11,
2.296,5.98064483139191e-11,
2.298,5.85402456171566e-11,
2.3,5.6732865268062e-11,
2.302,5.452173979695761e-11,
2.304,5.2057298241434004e-11,
2.306,4.94930904481904e-11,
2.308,4.69821291140539e-11,
2.31,4.467151939972329e-11,
2.312,4.26903562974249e-11,
2.314,4.113100802869511e-11,
2.316,4.0028181384956105e-11,
2.318,3.9342006185734105e-11,
2.32,3.89508690983031e-11,
2.322,3.865808461343461e-11,
2.324,3.82142575093144e-11,
2.326,3.73544126123104e-11,
2.328,3.5845459103606e-11,
2.33,3.35355387879398e-11,
2.332,3.0393588048750104e-11,
2.334,2.65272530729931e-11,
2.336,2.2170970008427898e-11,
2.338,1.76435908117798e-11,
2.34,1.32836812203472e-11,
2.342,9.377567013293221e-12,
2.344,6.097862617721151e-12,
2.346,3.46738603061765e-12,
2.348,1.3567387705501801e-12,
2.35,-4.84730637692247e-13,
2.352,-2.37240234491181e-12,
2.354,-4.61717929122006e-12,
2.356,-7.45841325173575e-12,
2.358,-1.10123719204736e-11,
2.36,-1.5246098061108002e-11,
2.362,-1.99810226224147e-11,
2.364,-2.4924964162011397e-11,
2.366,-2.97258173848217e-11,
2.368,-3.40365549556997e-11,
2.37,-3.75797420996548e-11,
2.372,-4.02002409017253e-11,
2.374,-4.18969636702581e-11,
2.376,-4.28276589421736e-11,
2.378,-4.32846287585929e-11,
2.38,-4.36439255605736e-11,
2.382,-4.4295889394172296e-11,
2.384,-4.5569982465497e-11,
2.386,-4.76703435395493e-11,
2.388,-5.06380627225743e-11,
2.39,-5.43511220068011e-11,
2.392,-5.85632636307702e-11,
2.394,-6.297156919841249e-11,
2.396,-6.72931232286917e-11,
2.398,-7.13275133193869e-11,
2.4,-7.498624031672609e-11,
2.402,-7.82813806579998e-11,
2.404,-8.12801327378431e-11,
2.406,-8.40441028321039e-11,
2.408,-8.65774258885116e-11,
2.41,-8.8804136047557e-11,
2.412,-9.05837344937758e-11,
2.414,-9.17592973058768e-11,
2.416,-9.2220111426252e-11,
2.418,-9.19554956027066e-11,
2.42,-9.1079924086952e-11,
2.422,-8.982014559961369e-11,
2.424,-8.84684348092332e-11,
2.426,-8.731735352157309e-11,
2.428,-8.659655406502991e-11,
2.43,-8.64300644827353e-11,
2.432,-8.68244661869684e-11,
2.434,-8.76879907263302e-11,
2.436,-8.88713004761227e-11,
2.438,-9.02153630685208e-11,
2.44,-9.15913411160591e-11,
2.442,-9.2921483504303e-11,
2.444,-9.417652397865609e-11,
2.446,-9.5352799717154e-11,
2.448,-9.643856401230641e-11,
2.45,-9.73825916040862e-11,
2.452,-9.807771848905791e-11,
2.454,-9.836706237892429e-11,
2.456,-9.8072718610102e-11,
2.458,-9.703776325154149e-11,
2.46,-9.51661246611481e-11,
2.462,-9.24442449514369e-11,
2.464,-8.893483630251429e-11,
2.466,-8.47442420836526e-11,
2.468,-7.99769840783203e-11,
2.47,-7.46979435264251e-11,
2.472,-6.89207849725538e-11,
2.474,-6.263012123745911e-11,
2.476,-5.582926817654939e-11,
2.478,-4.8591951609489797e-11,
2.48,-4.10921037831277e-11,
2.482,-3.35936295723335e-11,
2.484,-2.63990010130919e-11,
2.486,-1.97745694318116e-11,
2.488,-1.38824401139839e-11,
2.49,-8.74791719593456e-12,
2.492,-4.27766421821585e-12,
2.494,-3.2259393960433697e-13,
2.496,3.23942540895705e-12,
2.498,6.4342413656091395e-12,
2.5,9.16306785217193e-12,
2.502,1.12257813504161e-11,
2.504,1.23859462521777e-11,
2.506,1.2452578907802e-11,
2.508,1.13495221457307e-11,
2.51,9.15104945515924e-12,
2.512,6.077120782912871e-12,
2.514,2.4564171610387597e-12,
2.516,-1.3260828964536002e-12,
2.518,-4.88013586153229e-12,
2.52,-7.84947976572818e-12,
2.522,-9.93715782092308e-12,
2.524,-1.09205079496689e-11,
2.526,-1.06602883347968e-11,
2.528,-9.10581524446322e-12,
2.53,-6.29480363688696e-12,
2.532,-2.3459573493971403e-12,
2.534,2.55548386101751e-12,
2.536,8.17556772809682e-12,
2.538,1.4247645457217499e-11,
2.54,2.04835514447846e-11,
2.542,2.65821976566732e-11,
2.544,3.2242563769705e-11,
2.546,3.71885792335318e-11,
2.548,4.12077917086679e-11,
2.55,4.41959471684939e-11,
2.552,4.6190845447368395e-11,
2.554,4.73769659333317e-11,
2.556,4.8049901544418206e-11,
2.558,4.85448155363541e-11,
2.56,4.9149071959682707e-11,
2.562,5.0028080196316704e-11,
2.564,5.1190311049617704e-11,
2.566,5.2502978587917005e-11,
2.568,5.37502622912682e-11,
2.57,5.471018736979971e-11,
2.572,5.52211534067901e-11,
2.574,5.521659861606121e-11,
2.576,5.4721948360474195e-11,
2.578,5.3824350671564906e-11,
2.58,5.2635233634667495e-11,
2.582,5.1264967533734203e-11,
2.584,4.9819506871755e-11,
2.586,4.84162254063919e-11,
2.588,4.7206305449758e-11,
2.59,4.6387808042567505e-11,
2.592,4.61975828199206e-11,
2.594,4.68784476704035e-11,
2.596,4.8627118764437207e-11,
2.598,5.15350713919554e-11,
2.6,5.55375612865443e-11,
2.602,6.03853603113474e-11,
2.604,6.56501267802648e-11,
2.606,7.07680901009038e-11,
2.608,7.511857239703909e-11,
2.61,7.812473169532709e-11,
2.612,7.9356251528498e-11,
2.614,7.861009127780491e-11,
2.616,7.59483852675447e-11,
2.618,7.16824002573064e-11,
2.62,6.63055526255102e-11,
2.622,6.039246255729461e-11,
2.624,5.4489764769455894e-11,
2.626,4.90249147466005e-11,
2.628,4.4251630623157206e-11,
2.63,4.0238434849184e-11,
2.632,3.6894366817310204e-11,
2.634,3.40182293048299e-11,
2.636,3.1355623216495696e-11,
2.638,2.86515002601436e-11,
2.64,2.5691629893501896e-11,
2.642,2.23316303502558e-11,
2.644,1.85150800236347e-11,
2.646,1.42824253202531e-11,
2.648,9.770872802714289e-12,
2.65,5.20403633355443e-12,
2.652,8.69576436164605e-13,
2.654,-2.9155230990849503e-12,
2.656,-5.84969734690582e-12,
2.658,-7.695794845188711e-12,
2.66,-8.325650732694259e-12,
2.662,-7.75056432568061e-12,
2.664,-6.12941762331767e-12,
2.666,-3.7504840703327e-12,
2.668,-9.88910116060898e-13,
2.67,1.7520145171916399e-12,
2.672,4.10362000564539e-12,
2.674,5.78569606956012e-12,
2.676,6.6413853145604095e-12,
2.678,6.64866767956243e-12,
2.68,5.90989653879947e-12,
2.682,4.62544136036553e-12,
2.684,3.05915186086227e-12,
2.686,1.50243739377073e-12,
2.688,2.4096693621700196e-13,
2.69,-4.74881638775637e-13,
2.692,-4.56375553326339e-13,
2.694,3.998167843974771e-13,
2.696,2.09176549856878e-12,
2.698,4.49991758710766e-12,
2.7,7.388105709393841e-12,
2.702,1.04240555602122e-11,
2.704,1.3222967378418599e-11,
2.706,1.54122337808432e-11,
2.708,1.67075618520571e-11,
2.71,1.6983256573472698e-11,
2.712,1.6315643463705e-11,
2.714,1.4981262603107102e-11,
2.716,1.3402195375295998e-11,
2.718,1.2046949124327e-11,
2.72,1.13118880041178e-11,
2.722,1.1418358656698199e-11,
2.724,1.2358794110548301e-11,
2.726,1.39107438524e-11,
2.728,1.57148698148484e-11,
2.73,1.7390593104777903e-11,
2.732,1.86499994193667e-11,
2.734,1.93727068439148e-11,
2.736,1.96205571918202e-11,
2.738,1.95943498221736e-11,
2.74,1.9555253005711302e-11,
2.742,1.9743159541546997e-11,
2.744,2.0319630383047102e-11,
2.746,2.13483997012745e-11,
2.748,2.2809102235252e-11,
2.75,2.46280992013347e-11,
2.752,2.67083507650565e-11,
2.754,2.89471176687486e-11,
2.756,3.12406989810453e-11,
2.758,3.34831729517199e-11,
2.76,3.5567716096780396e-11,
2.762,3.73944267826363e-11,
2.764,3.88821480303359e-11,
2.766,3.9977422584260607e-11,
2.768,4.06547457157066e-11,
2.77,4.09076318017855e-11,
2.772,4.0736151513520704e-11,
2.774,4.01395443648619e-11,
2.776,3.91201565875999e-11,
2.778,3.76982383737872e-11,
2.78,3.59302002250269e-11,
2.782,3.39194102104072e-11,
2.784,3.18110903092005e-11,
2.786,2.9769987024992807e-11,
2.788,2.79476925885069e-11,
2.79,2.6451543517112198e-11,
2.792,2.5326312617073498e-11,
2.794,2.4554127643239002e-11,
2.796,2.4070461439452698e-11,
2.798,2.3788175953866602e-11,
2.8,2.36205819928917e-11,
2.802,2.34976978080598e-11,
2.804,2.33752889497794e-11,
2.806,2.32402077809638e-11,
2.808,2.3115944984214397e-11,
2.81,2.30688312580332e-11,
2.812,2.3210631616071198e-11,
2.814,2.3690199817791602e-11,
2.816,2.4668366708706303e-11,
2.818,2.62764380226298e-11,
2.82,2.8567209210288e-11,
2.822,3.14745487147945e-11,
2.824,3.47989094262192e-11,
2.826,3.8229954419952203e-11,
2.828,4.14051859188647e-11,
2.83,4.39895050505302e-11,
2.832,4.5750948525216296e-11,
2.834,4.660753905183829e-11,
2.836,4.6629807359286e-11,
2.838,4.60001150209102e-11,
2.84,4.49462701753754e-11,
2.842,4.36756142998436e-11,
2.844,4.23329939772812e-11,
2.846,4.0992979107927896e-11,
2.848,3.96797470341654e-11,
2.85,3.8395804879350395e-11,
2.852,3.713921742650629e-11,
2.854,3.5898841309889293e-11,
2.856,3.4632743035533e-11,
2.858,3.32475168749366e-11,
2.86,3.1598433529236695e-11,
2.862,2.95203530518307e-11,
2.864,2.68820292422315e-11,
2.866,2.36412283180529e-11,
2.868,1.98735717972832e-11,
2.87,1.57573986778709e-11,
2.872,1.1516383152623499e-11,
2.874,7.34160251697024e-12,
2.876,3.3253908572307003e-12,
2.878,-5.649273384120799e-13,
2.88,-4.46247863491939e-12,
2.882,-8.53649752970525e-12,
2.884,-1.29159986993262e-11,
2.886,-1.7633049558212397e-11,
2.888,-2.26073454929494e-11,
2.89,-2.7675028413370397e-11,
2.892,-3.2646094796832e-11,
2.894,-3.73641252622767e-11,
2.896,-4.17435367643364e-11,
2.898,-4.5771223877922795e-11,
2.9,-4.9475811617142497e-11,
2.902,-5.28814645537592e-11,
2.904,-5.59688438708792e-11,
2.906,-5.86616586892933e-11,
2.908,-6.08455687186617e-11,
2.91,-6.24120026438965e-11,
2.912,-6.33085550125395e-11,
2.914,-6.357452627482871e-11,
2.916,-6.334582821343089e-11,
2.918,-6.282567921435049e-11,
2.92,-6.22314008005003e-11,
2.922,-6.1737040447041e-11,
2.924,-6.143312937778829e-11,
2.926,-6.13173812228146e-11,
2.928,-6.13172807363349e-11,
2.93,-6.13328937076482e-11,
2.932,-6.128120822722029e-11,
2.934,-6.11251203975489e-11,
2.936,-6.08789845066851e-11,
2.938,-6.05943236179127e-11,
2.94,-6.03374948947728e-11,
2.942,-6.01722759596557e-11,
2.944,-6.01544605512338e-11,
2.946,-6.0336311703231e-11,
2.948,-6.077174740886649e-11,
2.95,-6.151232174392229e-11,
2.952,-6.25902033086673e-11,
2.954,-6.39935466461439e-11,
2.956,-6.56469925206967e-11,
2.958,-6.74103989882903e-11,
2.96,-6.91021200432701e-11,
2.962,-7.05417771914293e-11,
2.964,-7.15977547170949e-11,
2.966,-7.22212970435025e-11,
2.968,-7.245424314057979e-11,
2.97,-7.240843957697659e-11,
2.972,-7.222639142047471e-11,
2.974,-7.203914228519709e-11,
2.976,-7.19361041248149e-11,
2.978,-7.19538030460775e-11,
2.98,-7.20809472500212e-11,
2.982,-7.227093283329709e-11,
2.984,-7.24529062917696e-11,
2.986,-7.25378547389305e-11,
2.988,-7.24229181882589e-11,
2.99,-7.20005472440615e-11,
2.992,-7.11765423144799e-11,
2.994,-6.98936642910576e-11,
2.996,-6.81500282358386e-11,
2.998,-6.59991001317892e-11,
3.0,-6.352410364128771e-11,
3.002,-6.079217272687721e-11,
3.004,-5.7807036952125003e-11,
3.006,-5.4485618827155e-11,
3.008,-5.06785070408708e-11,
3.01,-4.62368576541085e-11,
3.012,-4.1105645910642704e-11,
3.014,-3.5405524230665296e-11,
3.016,-2.9462449243461297e-11,
3.018,-2.37595588083602e-11,
3.02,-1.8815200659078898e-11,
3.022,-1.5022926440571002e-11,
3.024,-1.25098664574298e-11,
3.026,-1.10690433382203e-11,
3.028,-1.0197304276355401e-11,
3.03,-9.232250877551831e-12,
3.032,-7.5437685891199e-12,
3.034,-4.71442095739329e-12,
3.036,-6.466799564047471e-13,
3.038,4.436836574910059e-12,
3.04,1.0093642925447e-11,
3.042,1.5818822229145598e-11,
3.044,2.11985342070334e-11,
3.046,2.6005557365406603e-11,
3.048,3.0210950898742796e-11,
3.05,3.39221196631545e-11,
3.052,3.72860446002002e-11,
3.054,4.04059489336214e-11,
3.056,4.3307401274485504e-11,
3.058,4.5962778763874396e-11,
3.06,4.8354087393383796e-11,
3.062,5.05365652366951e-11,
3.064,5.2666098194187706e-11,
3.066,5.49716732828132e-11,
3.068,5.76801243660692e-11,
3.07,6.09230314142599e-11,
3.072,6.46645237825062e-11,
3.074,6.868052478235321e-11,
3.076,7.25995093713758e-11,
3.078,7.59905404094697e-11,
3.08,7.84674489535329e-11,
3.082,7.9774214433473e-11,
3.084,7.98268433782453e-11,
3.086,7.870529185708501e-11,
3.088,7.6607427708762e-11,
3.09,7.37877960253732e-11,
3.092,7.05040845248668e-11,
3.094,6.69853515457844e-11,
3.096,6.34234282208176e-11,
3.098,5.9979106315957e-11,
3.1,5.6791219157755296e-11,
3.102,5.3980155771602596e-11,
3.104,5.1644467612174505e-11,
3.106,4.9855359736655504e-11,
3.108,4.86555438822716e-11,
3.11,4.80654917426561e-11,
3.112,4.80938795927967e-11,
3.114,4.8743994468012105e-11,
3.116,5.00078403612805e-11,
3.118,5.18453061353601e-11,
3.12,5.4154816119307e-11,
3.122,5.6750057180191705e-11,
3.124,5.93591879954721e-11,
3.126,6.165710893993879e-11,
3.128,6.332841823471079e-11,
3.13,6.41444948389416e-11,
3.132,6.40287608305334e-11,
3.134,6.30846702932056e-11,
3.136,6.1572158885879e-11,
3.138,5.983651356809429e-11,
3.14,5.82111873444479e-11,
3.142,5.69261550388389e-11,
3.144,5.6051313266621493e-11,
3.146,5.549121399259e-11,
3.148,5.5028610219460595e-11,
3.15,5.43976324335226e-11,
3.152,5.33595787331627e-11,
3.154,5.17576211881556e-11,
3.156,4.95384813087599e-11,
3.158,4.67437339739955e-11,
3.16,4.3483625082779706e-11,
3.162,3.99090582250806e-11,
3.164,3.61920980636473e-11,
3.166,3.2516405245505e-11,
3.168,2.90714060815483e-11,
3.17,2.60416556889943e-11,
3.172,2.3586683660283102e-11,
3.174,2.1813923466688897e-11,
3.176,2.07538459872583e-11,
3.178,2.03484085827612e-11,
3.18,2.04600022925317e-11,
3.182,2.09001456947602e-11,
3.184,2.14690123751146e-11,
3.186,2.1992688048884898e-11,
3.188,2.23467501369712e-11,
3.19,2.2461642097824603e-11,
3.192,2.23137061476217e-11,
3.194,2.19114918960798e-11,
3.196,2.1287123633393303e-11,
3.198,2.0496862354510102e-11,
3.2,1.9626838357966302e-11,
3.202,1.87938855972408e-11,
3.204,1.81312264299383e-11,
3.206,1.7755614737830298e-11,
3.208,1.77236553792194e-11,
3.21,1.7994603187902e-11,
3.212,1.8419830944632603e-11,
3.214,1.87722700388017e-11,
3.216,1.8814335539188198e-11,
3.218,1.83859078352043e-11,
3.22,1.74825971164969e-11,
3.222,1.6293920607356402e-11,
3.224,1.5182927781447502e-11,
3.226,1.46084164263023e-11,
3.228,1.50108380393653e-11,
3.23,1.66954122065344e-11,
3.232,1.9746118444206e-11,
3.234,2.3992931930689498e-11,
3.236,2.9036840456520103e-11,
3.238,3.43202338438295e-11,
3.24,3.92201484059517e-11,
3.242,4.31410702319597e-11,
3.244,4.55906177798226e-11,
3.246,4.62312256913843e-11,
3.248,4.49086846310696e-11,
3.25,4.1661616944284e-11,
3.252,3.6714693998938e-11,
3.254,3.04553231985408e-11,
3.256,2.33919808626285e-11,
3.258,1.60943862387685e-11,
3.26,9.12103286985335e-12,
3.262,2.94535368421612e-12,
3.264,-2.1046572386309502e-12,
3.266,-5.880299119904031e-12,
3.268,-8.41281505115904e-12,
3.27,-9.88320766045025e-12,
3.272,-1.05716841470862e-11,
3.274,-1.08010461732567e-11,
3.276,-1.08867474558076e-11,
3.278,-1.11008939904456e-11,
3.28,-1.1650494730349699e-11,
3.282,-1.26657228546249e-11,
3.284,-1.4193088474468102e-11,
3.286,-1.61912559468791e-11,
3.288,-1.85315532030627e-11,
3.29,-2.10081399932691e-11,
3.292,-2.33625025852031e-11,
3.294,-2.5323005541058e-11,
3.296,-2.66545758053569e-11,
3.298,-2.7208293273879397e-11,
3.3,-2.6958559116750897e-11,
3.302,-2.6017104856466396e-11,
3.304,-2.4618272149274198e-11,
3.306,-2.3076969856189498e-11,
3.308,-2.17273190223794e-11,
3.31,-2.08548226297109e-11,
3.312,-2.06365569788759e-11,
3.314,-2.1102347434210398e-11,
3.316,-2.2125582540562e-11,
3.318,-2.34458167673846e-11,
3.32,-2.4718472500166603e-11,
3.322,-2.5580799304575498e-11,
3.324,-2.57200321927213e-11,
3.326,-2.49298211700892e-11,
3.328,-2.31449606536608e-11,
3.33,-2.04503393620993e-11,
3.332,-1.7066162056856502e-11,
3.334,-1.3315470172859e-11,
3.336,-9.58078705173615e-12,
3.338,-6.25524095310815e-12,
3.34,-3.69145618088073e-12,
3.342,-2.1510718239165302e-12,
3.344,-1.7599550309030802e-12,
3.346,-2.47778219613168e-12,
3.348,-4.09289748802638e-12,
3.35,-6.251284641142321e-12,
3.352,-8.52069029277158e-12,
3.354,-1.0479200280874e-11,
3.356,-1.1806457433340501e-11,
3.358,-1.23507136860358e-11,
3.36,-1.2149692786330099e-11,
3.362,-1.13974989360129e-11,
3.364,-1.03684933971407e-11,
3.366,-9.32480891158174e-12,
3.368,-8.43975953851245e-12,
3.37,-7.7623199589411e-12,
3.372,-7.230706054947281e-12,
3.374,-6.723384972116389e-12,
3.376,-6.12224949126254e-12,
3.378,-5.3607872269641204e-12,
3.38,-4.440257649668581e-12,
3.382,-3.41347442596006e-12,
3.384,-2.3507298066182098e-12,
3.386,-1.3086129647906698e-12,
3.388,-3.1762641981916e-13,
3.39,6.07977786506828e-13,
3.392,1.44805666571202e-12,
3.394,2.15888518768603e-12,
3.396,2.67388514595596e-12,
3.398,2.9261069647488103e-12,
3.4,2.88310201401234e-12,
3.402,2.5771820674067798e-12,
3.404,2.11526115800281e-12,
3.406,1.6620944321605301e-12,
3.408,1.40334595275336e-12,
3.41,1.5043727506193401e-12,
3.412,2.08172877222376e-12,
3.414,3.1970182473832596e-12,
3.416,4.87092028655065e-12,
3.418,7.1052501520247595e-12,
3.42,9.897704198088609e-12,
3.422,1.32394975377012e-11,
3.424,1.70967035613872e-11,
3.426,2.1386441204771198e-11,
3.428,2.5963572710901498e-11,
3.43,3.06295376350517e-11,
3.432,3.51647915959223e-11,
3.434,3.93746805753241e-11,
3.436,4.313154094737429e-11,
3.438,4.6396679227236e-11,
3.44,4.92142763814405e-11,
3.442,5.1681113774439795e-11,
3.444,5.39057378143886e-11,
3.446,5.59741058044699e-11,
3.448,5.7934267726934e-11,
3.45,5.98030114303981e-11,
3.452,6.158719463568511e-11,
3.454,6.330610264410009e-11,
3.456,6.50017732126273e-11,
3.458,6.673080301219151e-11,
3.46,6.8540668671153e-11,
3.462,7.044148736489271e-11,
3.464,7.238699225174499e-11,
3.466,7.42748073958353e-11,
3.468,7.59678682369323e-11,
3.47,7.73293680179885e-11,
3.472,7.82574886963099e-11,
3.474,7.870574951750691e-11,
3.476,7.868077873138321e-11,
3.478,7.82189453296601e-11,
3.48,7.73526230459378e-11,
3.482,7.608183805575359e-11,
3.484,7.43653989141408e-11,
3.486,7.2137754437714e-11,
3.488,6.93468951542403e-11,
3.49,6.59991543922763e-11,
3.492,6.2192441728453e-11,
3.494,5.81224400353913e-11,
3.496,5.4055389841543395e-11,
3.498,5.02729559824308e-11,
3.5,4.70050140901e-11,
3.502,4.43711221141879e-11,
3.504,4.23492979086182e-11,
3.506,4.0782446518204003e-11,
3.508,3.94210135958524e-11,
3.51,3.79894221141079e-11,
3.512,3.6256838218481796e-11,
3.514,3.4092237151517103e-11,
3.516,3.14891138026101e-11,
3.518,2.8555201329680496e-11,
3.52,2.54733183614744e-11,
3.522,2.2447855058098397e-11,
3.524,1.96545654441207e-11,
3.526,1.72086032682973e-11,
3.528,1.51579764537637e-11,
3.53,1.35001119259982e-11,
3.532,1.22110935320011e-11,
3.534,1.1273401405888501e-11,
3.536,1.0689538927008e-11,
3.538,1.0475387600948801e-11,
3.54,1.06352539005135e-11,
3.542,1.1128057806488301e-11,
3.544,1.1838131651969401e-11,
3.546,1.25634083289617e-11,
3.548,1.30292256787095e-11,
3.55,1.2928546611814999e-11,
3.552,1.1981740239684e-11,
3.554,1.00025947648559e-11,
3.556,6.953986808618921e-12,
3.558,2.9771941843534e-12,
3.56,-1.6163725048768601e-12,
3.562,-6.3939921846918304e-12,
3.564,-1.08839241637061e-11,
3.566,-1.4674465101034902e-11,
3.568,-1.75070155229897e-11,
3.57,-1.9339875553983397e-11,
3.572,-2.0365324479101898e-11,
3.574,-2.0973809183662503e-11,
3.576,-2.16724273687782e-11,
3.578,-2.29766541403647e-11,
3.58,-2.5300908999393102e-11,
3.582,-2.88731897213687e-11,
3.584,-3.36920303981274e-11,
3.586,-3.9532889439988495e-11,
3.588,-4.5999107703477604e-11,
3.59,-5.2602784165384594e-11,
3.592,-5.885597213274091e-11,
3.594,-6.43523119028813e-11,
3.596,-6.88237248143946e-11,
3.598,-7.21638689845525e-11,
3.6,-7.44181994978355e-11,
3.602,-7.5747926141648e-11,
3.604,-7.637990998617259e-11,
3.606,-7.65562084274394e-11,
3.608,-7.64946062956993e-11,
3.61,-7.63662190481088e-11,
3.612,-7.62895560319313e-11,
3.614,-7.63348821513896e-11,
3.616,-7.653006925341141e-11,
3.618,-7.68609794738559e-11,
3.62,-7.726450611941841e-11,
3.622,-7.7618957460874e-11,
3.624,-7.77409941789333e-11,
3.626,-7.73986959375077e-11,
3.628,-7.63456521278245e-11,
3.63,-7.437291307593641e-11,
3.632,-7.136741046583629e-11,
3.634,-6.73605144316787e-11,
3.636,-6.25512484555429e-11,
3.638,-5.7294898845024695e-11,
3.64,-5.2057461364442705e-11,
3.642,-4.7345569223541604e-11,
3.644,-4.3627237268126204e-11,
3.646,-4.12593861000471e-11,
3.648,-4.0434165902749394e-11,
3.65,-4.1150300281301896e-11,
3.652,-4.3210451618275096e-11,
3.654,-4.62429511578828e-11,
3.656,-4.97454972295047e-11,
3.658,-5.3148474926658894e-11,
3.66,-5.58934777034392e-11,
3.662,-5.7518352333195e-11,
3.664,-5.773406964729429e-11,
3.666,-5.6474835134269494e-11,
3.668,-5.3904153773132104e-11,
3.67,-5.03685056035735e-11,
3.672,-4.63049685786578e-11,
3.674,-4.2125351535110504e-11,
3.676,-3.8109917884426295e-11,
3.678,-3.4343715184297896e-11,
3.68,-3.07159861873976e-11,
3.682,-2.6982078619442003e-11,
3.684,-2.2865633963390102e-11,
3.686,-1.8165123601285897e-11,
3.688,-1.28288378028404e-11,
3.69,-6.97616396846698e-12,
3.692,-8.640756406296941e-13,
3.694,5.182530779380901e-12,
3.696,1.08481871484098e-11,
3.698,1.5886376444545002e-11,
3.7,2.01487096306431e-11,
3.702,2.35868664889469e-11,
3.704,2.6240423641619402e-11,
3.706,2.8224251815028e-11,
3.708,2.97207242439255e-11,
3.71,3.0971358653525e-11,
3.712,3.22561415059696e-11,
3.714,3.38519121616544e-11,
3.716,3.59722602964371e-11,
3.718,3.870487382085211e-11,
3.72,4.19702776749126e-11,
3.722,4.55229276676165e-11,
3.724,4.90018050226474e-11,
3.726,5.20186054364388e-11,
3.728,5.42559644397159e-11,
3.73,5.55435752976152e-11,
3.732,5.5888547906744397e-11,
3.734,5.5454369797925103e-11,
3.736,5.45020752935334e-11,
3.738,5.33192502969987e-11,
3.74,5.2162507309226205e-11,
3.742,5.12282645900371e-11,
3.744,5.0650962646761206e-11,
3.746,5.0515438930180206e-11,
3.748,5.08666518173598e-11,
3.75,5.17061359357887e-11,
3.752,5.2976654281592406e-11,
3.754,5.45471685817976e-11,
3.756,5.6213871883015495e-11,
3.758,5.77273525138615e-11,
3.76,5.88436845411275e-11,
3.762,5.93846062606541e-11,
3.764,5.928522802396329e-11,
3.766,5.86106476802848e-11,
3.768,5.7534043317173296e-11,
3.77,5.628367519414279e-11,
3.772,5.50776950836402e-11,
3.774,5.40691334852407e-11,
3.776,5.33176646098093e-11,
3.778,5.27928673108445e-11,
3.78,5.2401428191475896e-11,
3.782,5.20236081095771e-11,
3.784,5.15445416799306e-11,
3.786,5.0872682333299295e-11,
3.788,4.9946428881264504e-11,
3.79,4.87358531862696e-11,
3.792,4.7246780530084796e-11,
3.794,4.5529309024234704e-11,
3.796,4.36859903225672e-11,
3.798,4.187021872461821e-11,
3.8,4.0266672177786205e-11,
3.802,3.9052216758749896e-11,
3.804,3.8345260586647495e-11,
3.806,3.8159150062852105e-11,
3.808,3.8376966253654205e-11,
3.81,3.87599720715589e-11,
3.812,3.89912278313423e-11,
3.814,3.874413223149221e-11,
3.816,3.7756819964958704e-11,
3.818,3.58910507354594e-11,
3.82,3.31587959528515e-11,
3.822,2.97095849604859e-11,
3.824,2.5783424256958997e-11,
3.826,2.1644146354645e-11,
3.828,1.7513517019697304e-11,
3.83,1.3525729846742801e-11,
3.832,9.715576626951369e-12,
3.834,6.042850716687081e-12,
3.836,2.4438921061989e-12,
3.838,-1.10816381207624e-12,
3.84,-4.55653792888953e-12,
3.842,-7.74571430793828e-12,
3.844,-1.04460253129995e-11,
3.846,-1.24119024836929e-11,
3.848,-1.3455054266000501e-11,
3.85,-1.3507583885554098e-11,
3.852,-1.26526642898314e-11,
3.854,-1.1111597078900302e-11,
3.856,-9.191499322786822e-12,
3.858,-7.2118632656262994e-12,
3.86,-5.43491562685036e-12,
3.862,-4.021780110922899e-12,
3.864,-3.02520567584523e-12,
3.866,-2.41487912033879e-12,
3.868,-2.11942554385991e-12,
3.87,-2.06487844971917e-12,
3.872,-2.1938992773805702e-12,
3.874,-2.4612391556352003e-12,
3.876,-2.8129933075194102e-12,
3.878,-3.16510734946031e-12,
3.88,-3.39668298946941e-12,
3.882,-3.36613551599231e-12,
3.884,-2.9468882011085896e-12,
3.886,-2.06911223148973e-12,
3.888,-7.49896707010893e-13,
3.89,9.023058246345141e-13,
3.892,2.71315743642933e-12,
3.894,4.490229209772139e-12,
3.896,6.07654198052937e-12,
3.898,7.390916513874099e-12,
3.9,8.44146200886886e-12,
3.902,9.30871596867323e-12,
3.904,1.01063313765335e-11,
3.906,1.09348501534501e-11,
3.908,1.18456677638739e-11,
3.91,1.28272525092437e-11,
3.912,1.3816688403277e-11,
3.914,1.47302758715345e-11,
3.916,1.5500699300334402e-11,
3.918,1.61070391103808e-11,
3.92,1.6587665071196302e-11,
3.922,1.7032499398417e-11,
3.924,1.75581953734853e-11,
3.926,1.82746785174097e-11,
3.928,1.9253473113781e-11,
3.93,2.0506985173554102e-11,
3.932,2.19844868987733e-11,
3.934,2.3585859399212602e-11,
3.936,2.51894509945121e-11,
3.938,2.66866403507895e-11,
3.94,2.8013565945364303e-11,
3.942,2.91707127331699e-11,
3.944,3.02238220906665e-11,
3.946,3.12845643480777e-11,
3.948,3.24751962482579e-11,
3.95,3.38864778517391e-11,
3.952,3.55406387735351e-11,
3.954,3.73701366450596e-11,
3.956,3.9218874460402794e-11,
3.958,4.08665111156687e-11,
3.96,4.20708131683175e-11,
3.962,4.26188301792369e-11,
3.964,4.23761397756342e-11,
3.966,4.13241072095515e-11,
3.968,3.9577085776150107e-11,
3.97,3.7374540845940597e-11,
3.972,3.50467840857893e-11,
3.974,3.2957527915997395e-11,
3.976,3.14320759858903e-11,
3.978,3.0685150301589603e-11,
3.98,3.07657736339688e-11,
3.982,3.1535762982124496e-11,
3.984,3.26920502286459e-11,
3.986,3.38320869065358e-11,
3.988,3.45485973287076e-11,
3.99,3.45295734932747e-11,
3.992,3.36356619621452e-11,
3.994,3.19320699837877e-11,
3.996,2.96649131969352e-11,
3.998,2.7188561888980696e-11,
4.0,2.4865301368586e-11,
4.002,2.29669591532749e-11,
4.004,2.16067548254915e-11,
4.006,2.07199000429509e-11,
4.008,2.0096226965716498e-11,
4.01,1.9452901163561798e-11,
4.012,1.85242174363212e-11,
4.014,1.71419988635171e-11,
4.016,1.5284206439573503e-11,
4.018,1.3079564704715001e-11,
4.02,1.0768730840998499e-11,
4.022,8.63456765310206e-12,
4.024,6.92168685900226e-12,
4.026,5.76762650763172e-12,
4.028,5.16376712169894e-12,
4.03,4.95533716895132e-12,
4.032,4.87888047664161e-12,
4.034,4.625437658642951e-12,
4.036,3.9114972728477795e-12,
4.038,2.53878723156229e-12,
4.04,4.2861363584912997e-13,
4.042,-2.37549239199013e-12,
4.044,-5.73386093284713e-12,
4.046,-9.45562072240547e-12,
4.048,-1.3349206267229101e-11,
4.05,-1.72663278846689e-11,
4.052,-2.11310276944122e-11,
4.054,-2.49505407360111e-11,
4.056,-2.8808651951222696e-11,
4.058,-3.2844860417176704e-11,
4.06,-3.7223594562555294e-11,
4.062,-4.20983965736387e-11,
4.064,-4.75766402712717e-11,
4.066,-5.36911643716005e-11,
4.068,-6.038515871709701e-11,
4.07,-6.751463203089189e-11,
4.072,-7.48687081851898e-11,
4.074,-8.22025117842166e-11,
4.076,-8.92730634395401e-11,
4.078,-9.58675591675468e-11,
4.08,-1.01816867858828e-10,
4.082,-1.06994114556087e-10,
4.084,-1.1130571131368999e-10,
4.086,-1.14686318252207e-10,
4.088,-1.17107231583702e-10,
4.09,-1.18599888515722e-10,
4.092,-1.19285546426862e-10,
4.094,-1.19394244582873e-10,
4.096,-1.19255439712093e-10,
4.098,-1.1925083084954101e-10,
4.1,-1.19734689279422e-10,
4.102,-1.2094224332138e-10,
4.104,-1.22915722877173e-10,
4.106,-1.25475669951946e-10,
4.108,-1.28252044684467e-10,
4.11,-1.3077005913052602e-10,
4.112,-1.32566889703634e-10,
4.114,-1.3330507936818599e-10,
4.116,-1.3284994173854898e-10,
4.118,-1.3129097013473e-10,
4.12,-1.28905596329354e-10,
4.122,-1.2608068426231298e-10,
4.124,-1.23217165508998e-10,
4.126,-1.20643597672754e-10,
4.128,-1.18557090637004e-10,
4.13,-1.16999046883937e-10,
4.132,-1.15863366840769e-10,
4.134,-1.1492891413177e-10,
4.136,-1.13906911956012e-10,
4.138,-1.1249517567495502e-10,
4.14,-1.1043302292913101e-10,
4.142,-1.07550822983926e-10,
4.144,-1.03807409717668e-10,
4.146,-9.93078521539831e-11,
4.148,-9.429548987712579e-11,
4.15,-8.911642176321071e-11,
4.152,-8.416122255986699e-11,
4.154,-7.97951918578767e-11,
4.156,-7.62925254802709e-11,
4.158,-7.37895631392558e-11,
4.16,-7.22675617708274e-11,
4.162,-7.156774371039549e-11,
4.164,-7.14332312471735e-11,
4.166,-7.15662781112502e-11,
4.168,-7.16866348165037e-11,
4.17,-7.15779410810914e-11,
4.172,-7.11131648359399e-11,
4.174,-7.02555350588357e-11,
4.176,-6.90370014279622e-11,
4.178,-6.75207913914987e-11,
4.18,-6.57576372558258e-11,
4.182,-6.37463928043405e-11,
4.184,-6.14089617125814e-11,
4.186,-5.858653822125e-11,
4.188,-5.5059636825302303e-11,
4.19,-5.05887581328599e-11,
4.192,-4.4967165839852004e-11,
4.194,-3.80734031463239e-11,
4.196,-2.9910352165334495e-11,
4.198,-2.06202718196311e-11,
4.2,-1.04710701173105e-11,
4.202,1.8346060437564302e-13,
4.204,1.0959550222647802e-11,
4.206,2.1501324223589997e-11,
4.208,3.15260965126111e-11,
4.21,4.08467185450039e-11,
4.212,4.93679662235145e-11,
4.214,5.7062015436521706e-11,
4.216,6.393437342016751e-11,
4.218,6.99937869187872e-11,
4.22,7.52369239656964e-11,
4.222,7.96521879846037e-11,
4.224,8.32388249463297e-11,
4.226,8.60311350578395e-11,
4.228,8.81150308991318e-11,
4.23,8.96269934691614e-11,
4.232,9.073231710693909e-11,
4.234,9.158809961713249e-11,
4.236,9.230334515939759e-11,
4.238,9.29107846022428e-11,
4.24,9.336182415174571e-11,
4.242,9.35481190525528e-11,
4.244,9.33437300049146e-11,
4.246,9.265433656776609e-11,
4.248,9.145740021766991e-11,
4.25,8.98205203973985e-11,
4.252,8.78933053997833e-11,
4.254,8.587729456411391e-11,
4.256,8.39856278752642e-11,
4.258,8.240605727173321e-11,
4.26,8.12778590637182e-11,
4.262,8.06860996428082e-11,
4.264,8.066983059809209e-11,
4.266,8.12360176541668e-11,
4.268,8.23710420370418e-11,
4.27,8.4044736369888e-11,
4.272,8.62070691982097e-11,
4.274,8.87813041089332e-11,
4.276,9.165870944188008e-11,
4.278,9.469830347918958e-11,
4.28,9.77321876517064e-11,
4.282,1.0057473667356499e-10,
4.284,1.03033258049203e-10,
4.286,1.0491904384261801e-10,
4.288,1.06059440212141e-10,
4.29,1.0631241416046e-10,
4.292,1.05584143294089e-10,
4.294,1.03847585680594e-10,
4.296,1.0115742651308999e-10,
4.298,9.76556235378795e-11,
4.3,9.356292998939519e-11,
4.302,8.915521682422609e-11,
4.304,8.47276049680079e-11,
4.306,8.05529909781802e-11,
4.308,7.6842971068418e-11,
4.31,7.37188078738931e-11,
4.312,7.11977290130698e-11,
4.314,6.91971064886332e-11,
4.316,6.755600132768979e-11,
4.318,6.607082126049599e-11,
4.32,6.45391622084529e-11,
4.322,6.28036116391527e-11,
4.324,6.07861481571142e-11,
4.326,5.850461172313379e-11,
4.328,5.606624611309379e-11,
4.33,5.36389824472373e-11,
4.332,5.1407602184576e-11,
4.334,4.95263721089477e-11,
4.336,4.80808053526068e-11,
4.338,4.7067818510757396e-11,
4.34,4.63971846067003e-11,
4.342,4.5910629159647895e-11,
4.344,4.54106392700771e-11,
4.346,4.46909191942019e-11,
4.348,4.356355831063e-11,
4.35,4.18822742006605e-11,
4.352,3.95635757313152e-11,
4.354,3.66069717737859e-11,
4.356,3.31114443438284e-11,
4.358,2.92813260687136e-11,
4.36,2.54131422581808e-11,
4.362,2.1857989348031498e-11,
4.364,1.8961687407661602e-11,
4.366,1.69938931317588e-11,
4.368,1.60840951669999e-11,
4.37,1.6183323005760003e-11,
4.372,1.7064381837314502e-11,
4.374,1.8362835030892e-11,
4.376,1.96489188566648e-11,
4.378,2.05122924808955e-11,
4.38,2.06390180486403e-11,
4.382,1.98640772757112e-11,
4.384,1.81909376059838e-11,
4.386,1.5778640544488e-11,
4.388,1.29039699095159e-11,
4.39,9.90954016003021e-12,
4.392,7.1484521267829e-12,
4.394,4.933754070520691e-12,
4.396,3.4978246318146406e-12,
4.398,2.96429340467168e-12,
4.4,3.3334750159941e-12,
4.402,4.481517960337269e-12,
4.404,6.1730910082176796e-12,
4.406,8.087010618620769e-12,
4.408,9.85359618932146e-12,
4.41,1.11014835531967e-11,
4.412,1.15099689554155e-11,
4.414,1.08608091604069e-11,
4.416,9.0812100180821e-12,
4.418,6.268634009847691e-12,
4.42,2.68878663512983e-12,
4.422,-1.25777778435186e-12,
4.424,-5.098418755628661e-12,
4.426,-8.37047245829633e-12,
4.428,-1.0705763108668001e-11,
4.43,-1.18979861120025e-11,
4.432,-1.1936246056165401e-11,
4.434,-1.0996368986673599e-11,
4.436,-9.392994634998211e-12,
4.438,-7.505990295013371e-12,
4.44,-5.70109689196013e-12,
4.442,-4.26457113111855e-12,
4.444,-3.36541429812727e-12,
4.446,-3.0492728285497204e-12,
4.448,-3.25873952384627e-12,
4.45,-3.86887243177043e-12,
4.452,-4.72565218537634e-12,
4.454,-5.6781024288487e-12,
4.456,-6.59962672210641e-12,
4.458,-7.398686354754218e-12,
4.46,-8.021046003567389e-12,
4.462,-8.44645223341995e-12,
4.464,-8.681783222193902e-12,
4.466,-8.75268719076196e-12,
4.468,-8.696135935874539e-12,
4.47,-8.55707210390276e-12,
4.472,-8.39174565618925e-12,
4.474,-8.277488654607429e-12,
4.476,-8.32434010496124e-12,
4.478,-8.67954624001166e-12,
4.48,-9.515126934266869e-12,
4.482,-1.09928046051577e-11,
4.484,-1.32096450512536e-11,
4.486,-1.61388278482058e-11,
4.488,-1.9587779560602e-11,
4.49,-2.3196225146092397e-11,
4.492,-2.64871051885107e-11,
4.494,-2.8966196802321896e-11,
4.496,-3.0247250771041106e-11,
4.498,-3.01663549521954e-11,
4.5,-2.8847754869997396e-11,
4.502,-2.66955992448144e-11,
4.504,-2.43086118689753e-11,
4.506,-2.23393803944016e-11,
4.508,-2.13385494532705e-11,
4.51,-2.16292349378285e-11,
4.512,-2.3247147873246102e-11,
4.514,-2.59604750587025e-11,
4.516,-2.93584443447231e-11,
4.518,-3.29772561228795e-11,
4.52,-3.64233457206267e-11,
4.522,-3.94586243691217e-11,
4.524,-4.20279521293652e-11,
4.526,-4.42292760831387e-11,
4.528,-4.62444374678081e-11,
4.53,-4.8258372043714105e-11,
4.532,-5.03938171531029e-11,
4.534,-5.26793956111669e-11,
4.536,-5.50553013892854e-11,
4.538,-5.74078090961764e-11,
4.54,-5.96157800750991e-11,
4.542,-6.15911486739215e-11,
4.544,-6.330041761467811e-11,
4.546,-6.47628836909289e-11,
4.548,-6.6029990535058e-11,
4.55,-6.715623373912029e-11,
4.552,-6.81732645762693e-11,
4.554,-6.9076039117701e-11,
4.556,-6.98243217923462e-11,
4.558,-7.035689318364239e-11,
4.56,-7.06118355083049e-11,
4.562,-7.054508223442491e-11,
4.564,-7.01412770781515e-11,
4.566,-6.941478889696941e-11,
4.568,-6.840267131261279e-11,
4.57,-6.715424686717459e-11,
4.572,-6.57225196642764e-11,
4.574,-6.416103691985271e-11,
4.576,-6.2526702768995e-11,
4.578,-6.08857635415069e-11,
4.58,-5.93182766485982e-11,
4.582,-5.79164062876893e-11,
4.584,-5.67742472964436e-11,
4.586,-5.5970684814285e-11,
4.588,-5.5550318509000505e-11,
4.59,-5.55095245145391e-11,
4.592,-5.57940244922284e-11,
4.594,-5.6310684481158294e-11,
4.596,-5.69512383664369e-11,
4.598,-5.7620703755729206e-11,
4.6,-5.82607924795557e-11,
4.602,-5.88595225205745e-11,
4.604,-5.9442912411788e-11,
4.606,-6.00509878092712e-11,
4.608,-6.070648267960721e-11,
4.61,-6.13878696486268e-11,
4.612,-6.20173272171209e-11,
4.614,-6.24695101435045e-11,
4.616,-6.25995311714025e-11,
4.618,-6.2281923959555e-11,
4.62,-6.14480819169043e-11,
4.622,-6.01099996980436e-11,
4.624,-5.83624097932525e-11,
4.626,-5.6362324825292305e-11,
4.628,-5.42922233913903e-11,
4.63,-5.23179390524836e-11,
4.632,-5.05537698413743e-11,
4.634,-4.90445738926108e-11,
4.636,-4.7769136318562795e-11,
4.638,-4.66623573768524e-11,
4.64,-4.5648222659455894e-11,
4.642,-4.4672483317874e-11,
4.644,-4.37245129101275e-11,
4.646,-4.28415678850241e-11,
4.648,-4.20945220834038e-11,
4.65,-4.15601959780199e-11,
4.652,-4.128969370970779e-11,
4.654,-4.128353208187729e-11,
4.656,-4.1481959954191296e-11,
4.658,-4.177377355659621e-11,
4.66,-4.20206456316041e-11,
4.662,-4.20886299656986e-11,
4.664,-4.18761392427978e-11,
4.666,-4.13289286609251e-11,
4.668,-4.04373532485323e-11,
4.67,-3.92176349460785e-11,
4.672,-3.7684646988640497e-11,
4.674,-3.5826864622452706e-11,
4.676,-3.35933801679615e-11,
4.678,-3.08984761272493e-11,
4.68,-2.7642862740650104e-11,
4.682,-2.37447333020842e-11,
4.684,-1.91703584050036e-11,
4.686,-1.3954318315432302e-11,
4.688,-8.2033938044283e-12,
4.69,-2.08386546960183e-12,
4.692,4.20245650597102e-12,
4.694,1.04451595620594e-11,
4.696,1.644705214314e-11,
4.698,2.20361770632789e-11,
4.7,2.7068025598136696e-11,
4.702,3.14220565776217e-11,
4.704,3.49984914162645e-11,
4.706,3.7720119545459205e-11,
4.708,3.9540696688434204e-11,
4.71,4.04573919804958e-11,
4.712,4.0522070656809503e-11,
4.714,3.98456844938028e-11,
4.716,3.85921058713328e-11,
4.718,3.69612165994566e-11,
4.72,3.51646248167306e-11,
4.722,3.3399547200298e-11,
4.724,3.18264779568556e-11,
4.726,3.0554651442459805e-11,
4.728,2.9636719166776995e-11,
4.73,2.90718095758152e-11,
4.732,2.8814826622908702e-11,
4.734,2.87897486299549e-11,
4.736,2.89051710691226e-11,
4.738,2.9071159185109602e-11,
4.74,2.92165152558669e-11,
4.742,2.93053018363617e-11,
4.744,2.9350576860338196e-11,
4.746,2.94226142163406e-11,
4.748,2.96487030284745e-11,
4.75,3.0202246782768e-11,
4.752,3.1280584079005696e-11,
4.754,3.3073219374113e-11,
4.756,3.57249763966601e-11,
4.758,3.93009290615406e-11,
4.76,4.37611366538761e-11,
4.762,4.8952504150919795e-11,
4.764,5.462188698356721e-11,
4.766,6.044948236308471e-11,
4.768,6.60958413270213e-11,
4.77,7.12514397293416e-11,
4.772,7.56765307775395e-11,
4.774,7.92220104327683e-11,
4.776,8.182843833999909e-11,
4.778,8.35079610480586e-11,
4.78,8.43197041842358e-11,
4.782,8.43503451213287e-11,
4.784,8.370756045376541e-11,
4.786,8.25262672417445e-11,
4.788,8.09794384687651e-11,
4.79,7.928088730625151e-11,
4.792,7.766924227193201e-11,
4.794,7.63700112286881e-11,
4.796,7.554364304199409e-11,
4.798,7.52364348503911e-11,
4.8,7.535425933018479e-11,
4.802,7.567386193314441e-11,
4.804,7.58945111550263e-11,
4.806,7.57183370369906e-11,
4.808,7.49366261029648e-11,
4.81,7.349573091401409e-11,
4.812,7.152218110681299e-11,
4.814,6.929954294994899e-11,
4.816,6.720491223352971e-11,
4.818,6.56248623414982e-11,
4.82,6.48752379355424e-11,
4.822,6.51450877898874e-11,
4.824,6.64749394465314e-11,
4.826,6.87674466867815e-11,
4.828,7.18193155353282e-11,
4.83,7.536008042556059e-11,
4.832,7.908611466053979e-11,
4.834,8.26848801926912e-11,
4.836,8.585146504991401e-11,
4.838,8.83034137764024e-11,
4.84,8.97995683841168e-11,
4.842,9.01646116257308e-11,
4.844,8.931571584511409e-11,
4.846,8.72839432340882e-11,
4.848,8.422235723040309e-11,
4.85,8.03958437857676e-11,
4.852,7.61522895391552e-11,
4.854,7.18795052322059e-11,
4.856,6.79550284286186e-11,
4.858,6.46963080509403e-11,
4.86,6.23175403338258e-11,
4.862,6.0897871485726e-11,
4.864,6.036492138023561e-11,
4.866,6.049743849463221e-11,
4.868,6.095052516503129e-11,
4.87,6.130455720020469e-11,
4.872,6.113425226741e-11,
4.874,6.008790884883429e-11,
4.876,5.7960880334365296e-11,
4.878,5.4744892134707794e-11,
4.88,5.0637900054962005e-11,
4.882,4.6007982277596795e-11,
4.884,4.13169239030361e-11,
4.886,3.70210425321549e-11,
4.888,3.34736881365979e-11,
4.89,3.08536972349363e-11,
4.892,2.91363255031957e-11,
4.894,2.81110002670061e-11,
4.896,2.74374758478256e-11,
4.898,2.67232083312427e-11,
4.9,2.56019837977455e-11,
4.902,2.37974218615047e-11,
4.904,2.1162139140612602e-11,
4.906,1.76913827924237e-11,
4.908,1.351532420048e-11,
4.91,8.87626308702166e-12,
4.912,4.0958776121599395e-12,
4.914,-4.64599632649299e-13,
4.916,-4.4497272220207506e-12,
4.918,-7.55832926284271e-12,
4.92,-9.590037425512311e-12,
4.922,-1.0481751675271599e-11,
4.924,-1.03244261528616e-11,
4.926,-9.352580330580619e-12,
4.928,-7.90433269761972e-12,
4.93,-6.35759766474684e-12,
4.932,-5.05552200708894e-12,
4.934,-4.2388276608252495e-12,
4.936,-4.0023247840999e-12,
4.938,-4.2870235033060895e-12,
4.94,-4.91005031442557e-12,
4.942,-5.62396687973352e-12,
4.944,-6.18941111914009e-12,
4.946,-6.44171445715049e-12,
4.948,-6.33482371110262e-12,
4.95,-5.95306867533158e-12,
4.952,-5.49058257339232e-12,
4.954,-5.20656286005301e-12,
4.956,-5.36955748602054e-12,
4.958,-6.2046582932542195e-12,
4.96,-7.85410733531555e-12,
4.962,-1.03565368364604e-11,
4.964,-1.3644614408153499e-11,
4.966,-1.75572457677944e-11,
4.968,-2.18613108340918e-11,
4.97,-2.62788339869658e-11,
4.972,-3.05171842296689e-11,
4.974,-3.43012086129317e-11,
4.976,-3.740604717616221e-11,
4.978,-3.96876564052653e-11,
4.98,-4.1105925657429703e-11,
4.982,-4.17338461262828e-11,
4.984,-4.17469535876438e-11,
4.986,-4.13909718864147e-11,
4.988,-4.09313846821463e-11,
4.99,-4.0595020233706894e-11,
4.992,-4.05180530777568e-11,
4.994,-4.07151956163579e-11,
4.996,-4.1079977980862106e-11,
4.998,-4.14175019467336e-11,
5.0,-4.15008618572245e-11,
5.002,-4.1134787282520793e-11,
5.004,-4.02074957575289e-11,
5.006,-3.87157092572739e-11,
5.008,-3.67569627785417e-11,
5.01,-3.44942530323649e-11,
5.012,-3.2106876484477396e-11,
5.014,-2.97445603122067e-11,
5.016,-2.74989250639431e-11,
5.018,-2.53985399384526e-11,
5.02,-2.34246230199082e-11,
5.022,-2.15379141151181e-11,
5.024,-1.97050936450647e-11,
5.026,-1.79161427869892e-11,
5.028,-1.6189568803866e-11,
5.03,-1.4567921985120698e-11,
5.032,-1.31088297785334e-11,
5.034,-1.18760898634552e-11,
5.036,-1.09325024448736e-11,
5.038,-1.0332787524456e-11,
5.04,-1.0113805414648899e-11,
5.042,-1.02806323708985e-11,
5.044,-1.07905108723715e-11,
5.046,-1.15400331296506e-11,
5.048,-1.23624226997111e-11,
5.05,-1.30399789713701e-11,
5.052,-1.33324903257115e-11,
5.054,-1.30170887680233e-11,
5.056,-1.19308128251997e-11,
5.058,-1.00057577859627e-11,
5.06,-7.28829527219554e-12,
5.062,-3.93783915359463e-12,
5.064,-2.05333123515013e-13,
5.066,3.6042454119779504e-12,
5.068,7.1784916413001e-12,
5.07,1.02451611737634e-11,
5.072,1.26128049055063e-11,
5.074,1.4197279260307998e-11,
5.076,1.50288343182462e-11,
5.078,1.52372560413294e-11,
5.08,1.5016626687744002e-11,
5.082,1.45760687218621e-11,
5.084,1.4087127407263498e-11,
5.086,1.36406791908018e-11,
5.088,1.32250116758568e-11,
5.09,1.2731763504621401e-11,
5.092,1.19887814494954e-11,
5.094,1.0811015842474302e-11,
5.096,9.05500957696726e-12,
5.098,6.661601231524469e-12,
5.1,3.6754172479913095e-12,
5.102,2.3768360587356695e-13,
5.104,-3.44254533174306e-12,
5.106,-7.12695178364591e-12,
5.108,-1.0582676220370199e-11,
5.11,-1.3602758282791e-11,
5.112,-1.60088597633981e-11,
5.114,-1.76409031855338e-11,
5.116,-1.83441053685551e-11,
5.118,-1.79650215224709e-11,
5.12,-1.63647099623962e-11,
5.122,-1.3449329125909699e-11,
5.124,-9.210465465995029e-12,
5.126,-3.7615048758799195e-12,
5.128,2.64456063639508e-12,
5.13,9.62610019239561e-12,
5.132,1.67143498679474e-11,
5.134,2.3417654367762802e-11,
5.136,2.9293460806508196e-11,
5.138,3.4010492509468e-11,
5.14,3.7386551875289294e-11,
5.142,3.93946434447445e-11,
5.144,4.0138739806193495e-11,
5.146,3.9807988750061496e-11,
5.148,3.86219008737369e-11,
5.15,3.67790469659515e-11,
5.152,3.44185289688542e-11,
5.154,3.15994220583128e-11,
5.156,2.82994856247423e-11,
5.158,2.44319146444664e-11,
5.16,1.98771717159865e-11,
5.162,1.4525069455576302e-11,
5.164,8.32000112010484e-12,
5.166,1.2997686810411499e-12,
5.168,-6.3825277026466e-12,
5.17,-1.44620141309914e-11,
5.172,-2.2593757812778103e-11,
5.174,-3.04069324984242e-11,
5.176,-3.7567547880578e-11,
5.178,-4.3831282169413603e-11,
5.18,-4.90699156121551e-11,
5.182,-5.32633612633661e-11,
5.184,-5.6461681658349895e-11,
5.186,-5.873300352065989e-11,
5.188,-6.011882204469549e-11,
5.19,-6.061524192209851e-11,
5.192,-6.01877013304011e-11,
5.194,-5.88124045884817e-11,
5.196,-5.6525546593251103e-11,
5.198,-5.34572420997023e-11,
5.2,-4.9832659566994894e-11,
5.202,-4.593605703044221e-11,
5.204,-4.2048994990986e-11,
5.206,-3.83850836628642e-11,
5.208,-3.50457336227959e-11,
5.21,-3.2013439749984004e-11,
5.212,-2.91846372863602e-11,
5.214,-2.6428916617487604e-11,
5.216,-2.3651971029251702e-11,
5.218,-2.0839366405856e-11,
5.22,-1.8067130137376e-11,
5.222,-1.5478757629244e-11,
5.224,-1.3241203345463e-11,
5.226,-1.1498907570791699e-11,
5.228,-1.03431484019949e-11,
5.23,-9.80501915724135e-12,
5.232,-9.868842768167369e-12,
5.234,-1.04937166705448e-11,
5.236,-1.1628436168748801e-11,
5.238,-1.32097717555576e-11,
5.24,-1.51437863719141e-11,
5.242,-1.72798442334919e-11,
5.244,-1.93928161850981e-11,
5.246,-2.11877500807802e-11,
5.248,-2.2333522346856602e-11,
5.25,-2.2520564156394198e-11,
5.252,-2.15276281047558e-11,
5.254,-1.9277422592042602e-11,
5.256,-1.58631057899917e-11,
5.258,-1.1536175765575e-11,
5.26,-6.657924656587139e-12,
5.262,-1.62727148536778e-12,
5.264,3.19610234753543e-12,
5.266,7.55451343417634e-12,
5.268,1.13275642039756e-11,
5.27,1.4535134998758198e-11,
5.272,1.73114722456452e-11,
5.274,1.9859829096907102e-11,
5.276,2.2399289235276602e-11,
5.278,2.51148127880575e-11,
5.28,2.8118934990677e-11,
5.282,3.1430391367074704e-11,
5.284,3.4972118649879803e-11,
5.286,3.8588303889971294e-11,
5.288,4.20774541984976e-11,
5.29,4.52355234738764e-11,
5.292,4.79005083255722e-11,
5.294,4.9988653012499e-11,
5.296,5.1513316508225e-11,
5.298,5.2581448083747504e-11,
5.3,5.3368367507337606e-11,
5.302,5.4077814141792606e-11,
5.304,5.48986484906862e-11,
5.306,5.59703046037881e-11,
5.308,5.7365854507595605e-11,
5.31,5.90951392120704e-11,
5.312,6.11236308738258e-11,
5.314,6.33976048479641e-11,
5.316,6.586527157319879e-11,
5.318,6.848648717904161e-11,
5.32,7.12293535577044e-11,
5.322,7.40579225916132e-11,
5.324,7.69185728189477e-11,
5.326,7.97325801349746e-11,
5.328,8.2398899041298e-11,
5.33,8.480626922714191e-11,
5.332,8.68497249235209e-11,
5.334,8.844518151179042e-11,
5.336,8.95377293859707e-11,
5.338,9.01027710288919e-11,
5.34,9.01429820378282e-11,
5.342,8.96855581000679e-11,
5.344,8.87829249364644e-11,
5.346,8.75166139138976e-11,
5.348,8.6000248863735e-11,
5.35,8.43757860164615e-11,
5.352,8.279857992238321e-11,
5.354,8.14113107394587e-11,
5.356,8.03125242721948e-11,
5.358,7.95297325392663e-11,
5.36,7.9007849923965e-11,
5.362,7.861991104677509e-11,
5.364,7.820011863209799e-11,
5.366,7.759121970543141e-11,
5.368,7.66925637272154e-11,
5.37,7.54936679623266e-11,
5.372,7.40817846923071e-11,
5.374,7.26193650242075e-11,
5.376,7.129625388885691e-11,
5.378,7.02688841535535e-11,
5.38,6.960259118605179e-11,
5.382,6.92325235066019e-11,
5.384,6.89537260423055e-11,
5.386,6.84438778279493e-11,
5.388,6.7314268961118e-11,
5.39,6.51785620443095e-11,
5.392,6.172525284494971e-11,
5.394,5.67795555308421e-11,
5.396,5.0343065710312893e-11,
5.398,4.2604235103565e-11,
5.4,3.39182981843193e-11,
5.402,2.4760706594824897e-11,
5.404,1.56623136066478e-11,
5.406,7.13712320650263e-12,
5.408,-3.8592580043128795e-13,
5.41,-6.61673395977164e-12,
5.412,-1.1435413211499699e-11,
5.414,-1.4896720899792002e-11,
5.416,-1.7207121313913802e-11,
5.418,-1.8678401907250398e-11,
5.42,-1.96658894884061e-11,
5.422,-2.0502405352284603e-11,
5.424,-2.14405749095307e-11,
5.426,-2.2614865669231002e-11,
5.428,-2.40308930241843e-11,
5.43,-2.55834088693641e-11,
5.432,-2.70975657704455e-11,
5.434,-2.8382266254683398e-11,
5.436,-2.92817710040575e-11,
5.438,-2.9712935738296606e-11,
5.44,-2.9680478000315304e-11,
5.442,-2.92695387658828e-11,
5.444,-2.8621473080364604e-11,
5.446,-2.79026859784514e-11,
5.448,-2.7276451302686003e-11,
5.45,-2.6884263781537104e-11,
5.452,-2.6838088806347002e-11,
5.454,-2.7220229445810103e-11,
5.456,-2.80853405603843e-11,
5.458,-2.94598412302734e-11,
5.46,-3.1337396032097103e-11,
5.462,-3.36726286291798e-11,
5.464,-3.63777728641185e-11,
5.466,-3.932664154535829e-11,
5.468,-4.23677027334138e-11,
5.47,-4.5344166839188396e-11,
5.472,-4.81159939307044e-11,
5.474,-5.057757822155129e-11,
5.476,-5.2666578933451103e-11,
5.478,-5.43625643760958e-11,
5.48,-5.56778449206798e-11,
5.482,-5.6644871549052504e-11,
5.484,-5.73047940992094e-11,
5.486,-5.76996795548282e-11,
5.488,-5.78683258426692e-11,
5.49,-5.784356656868e-11,
5.492,-5.7648757530286196e-11,
5.494,-5.7292599925672295e-11,
5.496,-5.67638600612088e-11,
5.498,-5.602932225983121e-11,
5.5,-5.50384151067253e-11,
5.502,-5.3736007149530004e-11,
5.504,-5.20814410712701e-11,
5.506,-5.00686895632984e-11,
5.508,-4.77408137299865e-11,
5.51,-4.5192859335338106e-11,
5.512,-4.2560548697579395e-11,
5.514,-3.9996730957901707e-11,
5.516,-3.764159003162929e-11,
5.518,-3.5594785675033204e-11,
5.52,-3.38971119476315e-11,
5.522,-3.2526368526161e-11,
5.524,-3.1407758173220696e-11,
5.526,-3.04351369636668e-11,
5.528,-2.94967522218391e-11,
5.53,-2.84984756286769e-11,
5.532,-2.7378976728951303e-11,
5.534,-2.6113884399332498e-11,
5.536,-2.47092724021587e-11,
5.538,-2.3187521989703e-11,
5.54,-2.1570612504101e-11,
5.542,-1.98663490046426e-11,
5.544,-1.80623119095587e-11,
5.546,-1.6129966555398803e-11,
5.548,-1.4038263882023299e-11,
5.55,-1.17726010134696e-11,
5.552,-9.35228291766416e-12,
5.554,-6.838981688253131e-12,
5.556,-4.33050135723422e-12,
5.558,-1.9384724206527e-12,
5.56,2.45411010310122e-13,
5.562,2.18473120024876e-12,
5.564,3.92250790353716e-12,
5.566,5.58296763483883e-12,
5.568,7.345491215574419e-12,
5.57,9.39424564808297e-12,
5.572,1.18559580224345e-11,
5.574,1.47442195416173e-11,
5.576,1.79289171290992e-11,
5.578,2.1143370366226197e-11,
5.58,2.4030817669083e-11,
5.582,2.6219792926797997e-11,
5.584,2.74083815444235e-11,
5.586,2.7434118531823e-11,
5.588,2.63103106350973e-11,
5.59,2.42197129161534e-11,
5.592,2.14693950772807e-11,
5.594,1.84215409810758e-11,
5.596,1.54207400042901e-11,
5.598,1.27368187109932e-11,
5.6,1.05349879269924e-11,
5.602,8.87476361939175e-12,
5.604,7.729942055210531e-12,
5.606,7.01726212872365e-12,
5.608,6.622162077285809e-12,
5.61,6.4155370623489005e-12,
5.612,6.26236179549468e-12,
5.614,6.02820745681789e-12,
5.616,5.59056483167157e-12,
5.618,4.858318891001451e-12,
5.62,3.79624345722729e-12,
5.622,2.44573994886095e-12,
5.624,9.30707795317879e-13,
5.626,-5.59311073854197e-13,
5.628,-1.80905479630509e-12,
5.63,-2.63147978645098e-12,
5.632,-2.9195730698365803e-12,
5.634,-2.6781973209727202e-12,
5.636,-2.02332229399894e-12,
5.638,-1.14645863960728e-12,
5.64,-2.5441266606176393e-13,
5.642,4.96109492193368e-13,
5.644,1.04661686462749e-12,
5.646,1.45029381378867e-12,
5.648,1.84503925776865e-12,
5.65,2.39424721823377e-12,
5.652,3.2149754109619e-12,
5.654,4.31801952277038e-12,
5.656,5.580711132413019e-12,
5.658,6.76256188630877e-12,
5.66,7.55972606459558e-12,
5.662,7.681673427365501e-12,
5.664,6.92669049823166e-12,
5.666,5.233951066191231e-12,
5.668,2.69794540590988e-12,
5.67,-4.56776594958043e-13,
5.672,-3.93079202362934e-12,
5.674,-7.41737679119253e-12,
5.676,-1.06632425891591e-11,
5.678,-1.3507477833479098e-11,
5.68,-1.58918048515612e-11,
5.682,-1.78441739616471e-11,
5.684,-1.9444790217728602e-11,
5.686,-2.07868640840668e-11,
5.688,-2.19437564971734e-11,
5.69,-2.29503597477092e-11,
5.692,-2.3801252337672697e-11,
5.694,-2.44630563582667e-11,
5.696,-2.4894800415342397e-11,
5.698,-2.50686454732863e-11,
5.7,-2.4984242932621e-11,
5.702,-2.46727306200128e-11,
5.704,-2.41900379595065e-11,
5.706,-2.36028088875472e-11,
5.708,-2.29725580737337e-11,
5.71,-2.23438849451434e-11,
5.712,-2.17407384986188e-11,
5.714,-2.11712011526582e-11,
5.716,-2.0637569468311e-11,
5.718,-2.01461052150873e-11,
5.72,-1.9710899195157398e-11,
5.722,-1.9348986859441896e-11,
5.724,-1.90680988164165e-11,
5.726,-1.8852690823850897e-11,
5.728,-1.8655869453596897e-11,
5.73,-1.84034321412035e-11,
5.732,-1.8011931214778e-11,
5.734,-1.74164790393453e-11,
5.736,-1.65991635485866e-11,
5.738,-1.5606890222392002e-11,
5.74,-1.45501335914667e-11,
5.742,-1.3580082997293598e-11,
5.744,-1.28492866713533e-11,
5.746,-1.24671119519716e-11,
5.748,-1.24636782627313e-11,
5.75,-1.27736152776949e-11,
5.752,-1.32448866342452e-11,
5.754,-1.3670247008928e-11,
5.756,-1.3832420138732e-11,
5.758,-1.3550889453246302e-11,
5.76,-1.2718786029671698e-11,
5.762,-1.13221910495602e-11,
5.764,-9.43937602188251e-12,
5.766,-7.222369691123669e-12,
5.768,-4.866510347674361e-12,
5.77,-2.57504288811806e-12,
5.772,-5.25670788391757e-13,
5.774,1.15524636311759e-12,
5.776,2.40678681973741e-12,
5.778,3.2339260479209598e-12,
5.78,3.69507413653633e-12,
5.782,3.87997743361577e-12,
5.784,3.88374783323333e-12,
5.786,3.78374420384921e-12,
5.788,3.6251257491111297e-12,
5.79,3.4181954526576597e-12,
5.792,3.1465309963386297e-12,
5.794,2.78158827698552e-12,
5.796,2.29765951112261e-12,
5.798,1.6820011056588998e-12,
5.8,9.380649884624608e-13,
5.802,8.32886669689127e-14,
5.804,-8.545686249307621e-13,
5.806,-1.83865794343732e-12,
5.808,-2.82041473108057e-12,
5.81,-3.73526699792398e-12,
5.812,-4.50148865607099e-12,
5.814,-5.026887842766559e-12,
5.816,-5.2249835228866e-12,
5.818,-5.03721215522319e-12,
5.82,-4.45349060528013e-12,
5.822,-3.52177316024933e-12,
5.824,-2.34022754474554e-12,
5.826,-1.03195965986841e-12,
5.828,2.90588768110384e-13,
5.83,1.558953088701e-12,
5.832,2.76679125250467e-12,
5.834,3.96463329180975e-12,
5.836,5.23165318123935e-12,
5.838,6.633664910217871e-12,
5.84,8.18221909902923e-12,
5.842,9.809775207178859e-12,
5.844,1.13701288904346e-11,
5.846,1.2664448759445699e-11,
5.848,1.3484249426705199e-11,
5.85,1.3657484380265302e-11,
5.852,1.30841415366321e-11,
5.854,1.1752972525398999e-11,
5.856,9.73857022806238e-12,
5.858,7.184950008710941e-12,
5.86,4.28489496077732e-12,
5.862,1.26295961695969e-12,
5.864,-1.6349883799048201e-12,
5.866,-4.14845042281401e-12,
5.868,-6.01189506811816e-12,
5.87,-6.97363089401801e-12,
5.872,-6.8262941186840806e-12,
5.874,-5.4448438777607596e-12,
5.876,-2.82229381393916e-12,
5.878,9.09126612805177e-13,
5.88,5.4815199888483705e-12,
5.882,1.05235639654729e-11,
5.884,1.5617170202004102e-11,
5.886,2.0366889162756397e-11,
5.888,2.44662963316152e-11,
5.89,2.77459225518808e-11,
5.892,3.01919659346498e-11,
5.894,3.19321971207183e-11,
5.896,3.31929983666816e-11,
5.898,3.42375911274507e-11,
5.9,3.52986860276094e-11,
5.902,3.65190929025084e-11,
5.904,3.79115941092353e-11,
5.906,3.9345342003771295e-11,
5.908,4.05613440012003e-11,
5.91,4.1214427274090705e-11,
5.912,4.09344964093486e-11,
5.914,3.9396285760482605e-11,
5.916,3.638491878258529e-11,
5.918,3.18451452591542e-11,
5.92,2.59053163898979e-11,
5.922,1.8872395903098898e-11,
5.924,1.12003707163775e-11,
5.926,3.4397361927126804e-12,
5.928,-3.821764655018541e-12,
5.93,-1.00173369563512e-11,
5.932,-1.46518650665481e-11,
5.934,-1.73431013474971e-11,
5.936,-1.78544395995238e-11,
5.938,-1.61210090698501e-11,
5.94,-1.22682550734309e-11,
5.942,-6.6180741069531795e-12,
5.944,3.25712930379949e-13,
5.946,7.92043683352243e-12,
5.948,1.54590188766812e-11,
5.95,2.2269412119162803e-11,
5.952,2.7822406219924497e-11,
5.954,3.18240915656035e-11,
5.956,3.42684906126259e-11,
5.958,3.5433252952994e-11,
5.96,3.5815011586397003e-11,
5.962,3.6016908405395106e-11,
5.964,3.6613904774894896e-11,
5.966,3.80273585901717e-11,
5.968,4.04372554684086e-11,
5.97,4.374985266821421e-11,
5.972,4.7624127103765204e-11,
5.974,5.15467877732946e-11,
5.976,5.4936635730443e-11,
5.978,5.7255928420594497e-11,
5.98,5.81085377510875e-11,
5.982,5.73099141377716e-11,
5.984,5.4919857555747496e-11,
5.986,5.1234682518243105e-11,
5.988,4.67404688562573e-11,
5.99,4.2034241404820894e-11,
5.992,3.772537339251e-11,
5.994,3.43345305860335e-11,
5.996,3.22098031150159e-11,
5.998,3.14781073843379e-11,
6.0,3.20426154262262e-11,
6.002,3.362594047495575e-11,
6.004,3.584674606077943e-11,
6.006,3.830844550023205e-11,
6.008,4.06768225496361e-11,
6.01,4.2728460278316743e-11,
6.012,4.436288532894964e-11,
6.014,4.558418296770195e-11,
6.016,4.6465875414993204e-11,
6.018,4.711578182654485e-11,
6.02,4.765218562965163e-11,
6.022,4.819371930918675e-11,
6.024,4.885655514519788e-11,
6.026,4.974805151992072e-11,
6.028,5.094839781263495e-11,
6.03,5.247943163720751e-11,
6.032,5.42690969350088e-11,
6.034,5.612707939886604e-11,
6.036,5.774683164224644e-11,
6.038,5.874326314622706e-11,
6.04,5.872335891148137e-11,
6.042,5.737509927415115e-11,
6.044,5.455189364429571e-11,
6.046,5.0329123781699366e-11,
6.048,4.501540418853719e-11,
6.05,3.911332959128011e-11,
6.052,3.3237387602490373e-11,
6.054,2.800728230416611e-11,
6.056,2.393994621147513e-11,
6.058,2.136241660403611e-11,
6.06,2.036133252396017e-11,
6.062,2.077631223410866e-11,
6.064,2.2235155727762783e-11,
6.066,2.4222072660037902e-11,
6.068,2.616546868283614e-11,
6.07,2.7530609681158416e-11,
6.072,2.7902802884135472e-11,
6.074,2.7048825614770208e-11,
6.076,2.4948122083603852e-11,
6.078,2.1788556409992054e-11,
6.08,1.792811433940763e-11,
6.082,1.3828238305830906e-11,
6.084,9.970653174047248e-12,
6.086,6.772816771462137e-12,
6.088,4.5180874291679154e-12,
6.09,3.3140535196150146e-12,
6.092,3.086482258771303e-12,
6.094,3.6087473493461622e-12,
6.096,4.558263563278209e-12,
6.098,5.586087851071495e-12,
6.1,6.383204655157124e-12,
6.102,6.729604082997987e-12,
6.104,6.517846193992922e-12,
6.106,5.749941679372036e-12,
6.108,4.513691920980061e-12,
6.11,2.9482130881884095e-12,
6.112,1.2098042586133703e-12,
6.114,-5.542827844898121e-13,
6.116,-2.2206528109963277e-12,
6.118,-3.694908134188682e-12,
6.12,-4.912070828350522e-12,
6.122,-5.837670301020643e-12,
6.124,-6.472776285550972e-12,
6.126,-6.862838913727938e-12,
6.128,-7.106344025458549e-12,
6.13,-7.357868221538198e-12,
6.132,-7.82033242013208e-12,
6.134,-8.724414475991699e-12,
6.136,-1.0296899980978956e-11,
6.138,-1.2723776967245856e-11,
6.14,-1.611561515736664e-11,
6.142,-2.048273608919431e-11,
6.144,-2.572508559611448e-11,
6.146,-3.163825473841883e-11,
6.148,-3.793373756744406e-11,
6.15,-4.426944693557663e-11,
6.152,-5.028581325724761e-11,
6.154,-5.5643342496307674e-11,
6.156,-6.0058261228095e-11,
6.158,-6.333321004972243e-11,
6.16,-6.537956010815613e-11,
6.162,-6.622754840021091e-11,
6.164,-6.60207338120178e-11,
6.166,-6.499333541774326e-11,
6.168,-6.34324147752852e-11,
6.17,-6.163175711002047e-11,
6.172,-5.98467306108759e-11,
6.174,-5.826130246329342e-11,
6.176,-5.697461200173006e-11,
6.178,-5.6009253905896927e-11,
6.18,-5.533614725442821e-11,
6.182,-5.4905967678465144e-11,
6.184,-5.467538974275748e-11,
6.186,-5.461976054833237e-11,
6.188,-5.473018284209653e-11,
6.19,-5.500043990697895e-11,
6.192,-5.541363922679618e-11,
6.194,-5.593822850296929e-11,
6.196,-5.653894362458119e-11,
6.198,-5.719924654790801e-11,
6.2,-5.7946133275523834e-11,
6.202,-5.886392088110641e-11,
6.204,-6.008688560544448e-11,
6.206,-6.176756472610369e-11,
6.208,-6.402765082837453e-11,
6.21,-6.690567210192459e-11,
6.212,-7.031931415792313e-11,
6.214,-7.405666837845689e-11,
6.216,-7.780234384741748e-11,
6.218,-8.119435023421278e-11,
6.22,-8.38982669210824e-11,
6.222,-8.56805000864051e-11,
6.224,-8.646314669520874e-11,
6.226,-8.634761332377957e-11,
6.228,-8.560196109951884e-11,
6.23,-8.461488187960387e-11,
6.232,-8.382504005828034e-11,
6.234,-8.363917324276809e-11,
6.236,-8.435361783808473e-11,
6.238,-8.609339133113659e-11,
6.24,-8.878119792186411e-11,
6.242,-9.21436602055795e-11,
6.244,-9.575699865835426e-11,
6.246,-9.912613035308367e-11,
6.248,-1.0178419145747289e-10,
6.25,-1.0339338399219186e-10,
6.252,-1.0382591616778572e-10,
6.254,-1.0320646983144933e-10,
6.256,-1.0190477719739703e-10,
6.258,-1.00478196519182e-10,
6.26,-9.957472175719935e-11,
6.262,-9.981624292534964e-11,
6.264,-1.0168600988290338e-10,
6.266,-1.0544205434155488e-10,
6.268,-1.1107252314449687e-10,
6.27,-1.1829864698027655e-10,
6.272,-1.2662162224727323e-10,
6.274,-1.354022558047911e-10,
6.276,-1.4395766323720618e-10,
6.278,-1.5165910929781055e-10,
6.28,-1.5801788662694538e-10,
6.282,-1.6274892586809726e-10,
6.284,-1.658064712052775e-10,
6.286,-1.6738887030981296e-10,
6.288,-1.6791236029034108e-10,
6.29,-1.6795606402819436e-10,
6.292,-1.6818373723455597e-10,
6.294,-1.6925100238713977e-10,
6.296,-1.717107694772007e-10,
6.298,-1.75931538088219e-10,
6.3,-1.820432901985278e-10,
6.302,-1.8992197838030409e-10,
6.304,-1.9921695466667707e-10,
6.306,-2.094169731954523e-10,
6.308,-2.1994203072851504e-10,
6.31,-2.3024271843996088e-10,
6.312,-2.3988736535378043e-10,
6.314,-2.4862076476085786e-10,
6.316,-2.5638555982265356e-10,
6.318,-2.633065874765531e-10,
6.32,-2.6964563996714667e-10,
6.322,-2.757398601306407e-10,
6.324,-2.8193748395165096e-10,
6.326,-2.8854204900505367e-10,
6.328,-2.9577245664638553e-10,
6.33,-3.037409278150192e-10,
6.332,-3.1244823834115515e-10,
6.334,-3.217932363186235e-10,
6.336,-3.3159387441111036e-10,
6.338,-3.4161695966292556e-10,
6.34,-3.516133622821039e-10,
6.342,-3.613555677922206e-10,
6.344,-3.7067283849935846e-10,
6.346,-3.794790382878448e-10,
6.348,-3.8778856114704407e-10,
6.35,-3.957172796406763e-10,
6.352,-4.0346759059090047e-10,
6.354,-4.112995191557186e-10,
6.356,-4.194920643221385e-10,
6.358,-4.283005490735358e-10,
6.36,-4.3791659682032954e-10,
6.362,-4.4843749626526194e-10,
6.364,-4.5985089720135113e-10,
6.366,-4.7203886646717e-10,
6.368,-4.848028995204957e-10,
6.37,-4.979067386964229e-10,
6.372,-5.111292859311966e-10,
6.374,-5.243162747917124e-10,
6.376,-5.374171091455528e-10,
6.378,-5.504959626029735e-10,
6.38,-5.637113313509922e-10,
6.382,-5.772678426434785e-10,
6.384,-5.913518760422255e-10,
6.386,-6.060692934355041e-10,
6.388,-6.214040010216929e-10,
6.39,-6.372105821428732e-10,
6.392,-6.532444525599737e-10,
6.394,-6.692210084000607e-10,
6.396,-6.848861253396037e-10,
6.398,-7.000766630191695e-10,
6.4,-7.147527311432168e-10,
6.402,-7.289924917562572e-10,
6.404,-7.429523423574659e-10,
6.406,-7.5680560804619e-10,
6.408,-7.70678894003274e-10,
6.41,-7.846049559937961e-10,
6.412,-7.985047976416654e-10,
6.414,-8.122020674862276e-10,
6.416,-8.25463822762781e-10,
6.418,-8.380546631367223e-10,
6.42,-8.497898736427122e-10,
6.422,-8.605750559392044e-10,
6.424,-8.704250343548626e-10,
6.426,-8.794611329988855e-10,
6.428,-8.878902966386995e-10,
6.43,-8.95972084098071e-10,
6.432,-9.039802506831657e-10,
6.434,-9.121644055242641e-10,
6.436,-9.207156052433928e-10,
6.438,-9.297392288301679e-10,
6.44,-9.392373032208996e-10,
6.442,-9.491027312084215e-10,
6.444,-9.59127127454589e-10,
6.446,-9.690227233682354e-10,
6.448,-9.78456835132085e-10,
6.45,-9.870953506214879e-10,
6.452,-9.946490960265509e-10,
6.454,-1.000916176037279e-09,
6.456,-1.0058132973278138e-09,
6.458,-1.0093902773858776e-09,
6.46,-1.0118248742831084e-09,
6.462,-1.0133976935922023e-09,
6.464,-1.0144501508522496e-09,
6.466,-1.0153313751211957e-09,
6.468,-1.0163415807612715e-09,
6.47,-1.0176805678410148e-09,
6.472,-1.0194090307126921e-09,
6.474,-1.0214297492570828e-09,
6.476,-1.0234918690157845e-09,
6.478,-1.025218766240001e-09,
6.48,-1.0261557547785905e-09,
6.482,-1.025829847533981e-09,
6.484,-1.0238121102360535e-09,
6.486,-1.019771066026306e-09,
6.488,-1.0135075658871115e-09,
6.49,-1.0049644113800431e-09,
6.492,-9.942088835125211e-10,
6.494,-9.81392336752877e-10,
6.496,-9.666949684951423e-10,
6.498,-9.502685996130993e-10,
6.5,-9.321887963817055e-10,
6.502,-9.124264164580078e-10,
6.504,-8.90842674313791e-10,
6.506,-8.672065404429298e-10,
6.508,-8.412279367028828e-10,
6.51,-8.125976172734233e-10,
6.512,-7.810247438685892e-10,
6.514,-7.462659248478001e-10,
6.516,-7.081434402067728e-10,
6.518,-6.665536045734405e-10,
6.52,-6.214683147060386e-10,
6.522,-5.729323836509402e-10,
6.524,-5.210575226012067e-10,
6.526,-4.660118104257177e-10,
6.528,-4.0800300576389084e-10,
6.53,-3.472546233061395e-10,
6.532,-2.8397652086814414e-10,
6.534,-2.1833447946874668e-10,
6.536,-1.504244400057575e-10,
6.538,-8.025699170532126e-11,
6.54,-7.75464089936338e-12,
6.542,6.723948525891203e-11,
6.544,1.4494615178102327e-10,
6.546,2.2563349576087354e-10,
6.548,3.096047099613644e-10,
6.55,3.971910828901064e-10,
6.552,4.887483264965565e-10,
6.554,5.846516428280634e-10,
6.556,6.85284770872718e-10,
6.558,7.910212991319472e-10,
6.56,9.022002482287802e-10,
6.562,1.0191017533082295e-09,
6.564,1.1419304272765592e-09,
6.566,1.2708120469214903e-09,
6.568,1.4058057871010589e-09,
6.57,1.5469286775247907e-09,
6.572,1.6941849176443658e-09,
6.574,1.847591477264949e-09,
6.576,2.0071926087900393e-09,
6.578,2.173060381219511e-09,
6.58,2.3452836927782086e-09,
6.582,2.5239519717946776e-09,
6.584,2.709141997858959e-09,
6.586,2.9009143662793005e-09,
6.588,3.099322692341355e-09,
6.59,3.3044337303310143e-09,
6.592,3.5163520237153107e-09,
6.594,3.73524138082829e-09,
6.596,3.961335223214863e-09,
6.598,4.194931702039217e-09,
6.6,4.436373378893908e-09,
6.602,4.6860160893078435e-09,
6.604,4.9441942180700055e-09,
6.606,5.211191503351219e-09,
6.608,5.487223897412948e-09,
6.61,5.772439055180608e-09,
6.612,6.066931706849006e-09,
6.614,6.3707709846257046e-09,
6.616,6.684032309126652e-09,
6.618,7.006826169413745e-09,
6.62,7.339316953905627e-09,
6.622,7.68172746462525e-09,
6.624,8.034329250281567e-09,
6.626,8.397421213845893e-09,
6.628,8.771302275788425e-09,
6.63,9.156243972744006e-09,
6.632,9.55246886438469e-09,
6.634,9.960138154696448e-09,
6.636,1.0379350484524566e-08,
6.638,1.0810150976156705e-08,
6.64,1.125254898039572e-08,
6.642,1.170654169274795e-08,
6.644,1.2172141011896333e-08,
6.646,1.2649400208850947e-08,
6.648,1.3138437690651784e-08,
6.65,1.3639454415262177e-08,
6.652,1.415274195463609e-08,
6.654,1.467867897094613e-08,
6.656,1.5217715370718286e-08,
6.658,1.5770345226836716e-08,
6.66,1.633707229747582e-08,
6.662,1.691837309371138e-08,
6.664,1.7514663760899467e-08,
6.666,1.8126276249537556e-08,
6.668,1.875344847136557e-08,
6.67,1.9396329517408434e-08,
6.672,2.005500019494993e-08,
6.674,2.0729504936495563e-08,
6.676,2.1419890592427192e-08,
6.678,2.212624564013264e-08,
6.68,2.284873289420726e-08,
6.682,2.3587609879312126e-08,
6.684,2.4343232288991167e-08,
6.686,2.5116038987739443e-08,
6.688,2.5906520799084504e-08,
6.69,2.6715178819014363e-08,
6.692,2.7542480920872188e-08,
6.694,2.8388825764864853e-08,
6.696,2.925452238179382e-08,
6.698,3.0139789047678697e-08,
6.7,3.104477039204982e-08,
6.702,3.196956626268895e-08,
6.704,3.29142637099755e-08,
6.706,3.387896250619719e-08,
6.708,3.4863788538563254e-08,
6.71,3.5868894099077524e-08,
6.712,3.689444925743131e-08,
6.714,3.7940632279962915e-08,
6.716,3.900762745992491e-08,
6.718,4.009563534020294e-08,
6.72,4.120489544843893e-08,
6.722,4.233571549441574e-08,
6.724,4.3488497107894185e-08,
6.726,4.466374714219827e-08,
6.728,4.586206653408571e-08,
6.73,4.708411535165104e-08,
6.732,4.8330559282460526e-08,
6.734,4.960200928962693e-08,
6.736,5.0898969372369426e-08,
6.738,5.2221805296639736e-08,
6.74,5.357074245952571e-08,
6.742,5.4945892647709074e-08,
6.744,5.63473019288279e-08,
6.746,5.777500601541819e-08,
6.748,5.9229078970744676e-08,
6.75,6.070966355926866e-08,
6.752,6.221697874478906e-08,
6.754,6.375130731583402e-08,
6.756,6.531297256879562e-08,
6.758,6.690231519253882e-08,
6.76,6.851967962507726e-08,
6.762,7.016541319450395e-08,
6.764,7.183987513526016e-08,
6.766,7.354344670735665e-08,
6.768,7.527653302059205e-08,
6.77,7.70395494708157e-08,
6.772,7.883289240786741e-08,
6.774,8.06569012376556e-08,
6.776,8.251182381355679e-08,
6.778,8.43977987713271e-08,
6.78,8.631486347823241e-08,
6.782,8.826298940586088e-08,
6.784,9.024213700062624e-08,
6.786,9.225231581476256e-08,
6.788,9.429363352205582e-08,
6.79,9.636632100155023e-08,
6.792,9.847072804191511e-08,
6.794,1.0060729385056976e-07,
6.796,1.0277650363647802e-07,
6.798,1.0497884533659106e-07,
6.8,1.0721477844910919e-07,
6.802,1.0948472072051759e-07,
6.804,1.1178905057745562e-07,
6.806,1.1412811745256052e-07,
6.808,1.1650225068722406e-07,
6.81,1.1891175963300617e-07,
6.812,1.213569240263506e-07,
6.814,1.238379792374532e-07,
6.816,1.2635510512056186e-07,
6.818,1.2890842663898812e-07,
6.82,1.3149803049911563e-07,
6.822,1.3412399543701863e-07,
6.824,1.3678642792175068e-07,
6.826,1.3948549236419197e-07,
6.828,1.4222142577453687e-07,
6.83,1.4499453210054107e-07,
6.832,1.4780515750061813e-07,
6.834,1.5065365367313074e-07,
6.836,1.5354033932141025e-07,
6.838,1.564654681072511e-07,
6.84,1.5942920929468793e-07,
6.842,1.624316416931959e-07,
6.844,1.654727591961901e-07,
6.846,1.6855248437598646e-07,
6.848,1.7167068762757482e-07,
6.85,1.7482721096292805e-07,
6.852,1.7802189614062573e-07,
6.854,1.812546160826111e-07,
6.856,1.845253058276921e-07,
6.858,1.8783398672313698e-07,
6.86,1.9118077599528171e-07,
6.862,1.9456587583117712e-07,
6.864,1.9798954039758648e-07,
6.866,2.0145202644493448e-07,
6.868,2.0495353923545554e-07,
6.87,2.0849418834423788e-07,
6.872,2.120739672206497e-07,
6.874,2.1569276365622735e-07,
6.876,2.1935039942048e-07,
6.878,2.2304668849233216e-07,
6.88,2.2678149715895357e-07,
6.882,2.3055478874335682e-07,
6.884,2.343666404208381e-07,
6.886,2.3821722769399656e-07,
6.888,2.421067819748355e-07,
6.89,2.460355337374073e-07,
6.892,2.5000365616271573e-07,
6.894,2.540112232803808e-07,
6.896,2.5805818998002555e-07,
6.898,2.6214439455048194e-07,
6.9,2.6626957847834054e-07,
6.902,2.704334146162684e-07,
6.904,2.746355350437464e-07,
6.906,2.788755527656452e-07,
6.908,2.831530752081332e-07,
6.91,2.874677105526646e-07,
6.912,2.9181907012666556e-07,
6.914,2.962067694071316e-07,
6.916,3.006304291908343e-07,
6.918,3.050896767020769e-07,
6.92,3.095841457142198e-07,
6.922,3.1411347451248506e-07,
6.924,3.186773018550761e-07,
6.926,3.232752614791664e-07,
6.928,3.2790697674679736e-07,
6.93,3.325720559987721e-07,
6.932,3.372700893596116e-07,
6.934,3.4200064570988135e-07,
6.936,3.46763270053982e-07,
6.938,3.515574806844222e-07,
6.94,3.563827678245734e-07,
6.942,3.6123859543643157e-07,
6.944,3.6612440781649137e-07,
6.946,3.7103964113545035e-07,
6.948,3.7598373708221054e-07,
6.95,3.8095615417479225e-07,
6.952,3.8595637100104314e-07,
6.954,3.909838772055944e-07,
6.956,3.9603815133501943e-07,
6.958,4.0111862902587684e-07,
6.96,4.0622466905244493e-07,
6.962,4.1135552620846055e-07,
6.964,4.1651033889631774e-07,
6.966,4.2168813547288957e-07,
6.968,4.2688785856351905e-07,
6.97,4.3210840123324825e-07,
6.972,4.373486466428206e-07,
6.974,4.4260750229138707e-07,
6.976,4.4788392277048435e-07,
6.978,4.5317691784971484e-07,
6.98,4.584855470885515e-07,
6.982,4.638089039635808e-07,
6.984,4.6914609355858827e-07,
6.986,4.7449620728988493e-07,
6.988,4.798582971113061e-07,
6.99,4.852313508396439e-07,
6.992,4.906142704661564e-07,
6.994,4.960058556276927e-07,
6.996,5.01404795273189e-07,
6.998,5.068096703879967e-07,
7.0,5.122189692898704e-07,
7.002,5.176311147772873e-07,
7.004,5.230444991314642e-07,
7.006,5.284575207148469e-07,
7.008,5.338686144964748e-07,
7.01,5.392762695226764e-07,
7.012,5.446790292363867e-07,
7.014,5.500754743935635e-07,
7.016,5.554641926600425e-07,
7.018,5.608437421916211e-07,
7.02,5.662126179325927e-07,
7.022,5.715692284901648e-07,
7.024,5.769118882445946e-07,
7.026,5.822388249130646e-07,
7.028,5.875481989935709e-07,
7.03,5.92838128376218e-07,
7.032,5.981067099712833e-07,
7.034,6.033520326937137e-07,
7.036,6.085721786588214e-07,
7.038,6.137652138432203e-07,
7.04,6.189291725930133e-07,
7.042,6.240620422720592e-07,
7.044,6.291617532745423e-07,
7.046,6.342261774130016e-07,
7.048,6.392531338193952e-07,
7.05,6.442403985859553e-07,
7.052,6.491857127937422e-07,
7.054,6.540867842186299e-07,
7.056,6.589412810376513e-07,
7.058,6.637468195340981e-07,
7.06,6.685009505074023e-07,
7.062,6.732011511816575e-07,
7.064,6.778448278969441e-07,
7.066,6.824293312387136e-07,
7.068,6.869519812454445e-07,
7.07,6.914100956856517e-07,
7.072,6.958010126950863e-07,
7.074,7.001220990784337e-07,
7.076,7.043707393317195e-07,
7.078,7.085443054201133e-07,
7.08,7.126401126310247e-07,
7.082,7.166553714218125e-07,
7.084,7.205871464096642e-07,
7.086,7.244323333425084e-07,
7.088,7.281876601491902e-07,
7.09,7.318497140267341e-07,
7.092,7.35414989444903e-07,
7.094,7.388799484670162e-07,
7.096,7.4224108054604e-07,
7.098,7.454949499470829e-07,
7.1,7.486382203241409e-07,
7.102,7.516676513796609e-07,
7.104,7.545800681894555e-07,
7.106,7.573723094977623e-07,
7.108,7.60041166383805e-07,
7.11,7.62583323997033e-07,
7.112,7.64995318356127e-07,
7.114,7.672735160474791e-07,
7.116,7.694141191359105e-07,
7.118,7.714131913046405e-07,
7.12,7.732666970740905e-07,
7.122,7.749705438895724e-07,
7.124,7.765206181102144e-07,
7.126,7.779128087091831e-07,
7.128,7.791430170544036e-07,
7.13,7.802071547991291e-07,
7.132,7.811011330220396e-07,
7.134,7.818208465341681e-07,
7.136,7.823621555481654e-07,
7.138,7.82720865135698e-07,
7.14,7.828927022706056e-07,
7.142,7.828732911770167e-07,
7.144,7.826581292191725e-07,
7.146,7.822425681677957e-07,
7.148,7.816218067138844e-07,
7.15,7.807908996171494e-07,
7.152,7.797447860327539e-07,
7.154,7.784783355220147e-07,
7.156,7.769864050955987e-07,
7.158,7.752638976433603e-07,
7.16,7.733058103059733e-07,
7.162,7.711072626312551e-07,
7.164,7.686634975512838e-07,
7.166,7.659698530312358e-07,
7.168,7.6302170751976e-07,
7.17,7.598144068401066e-07,
7.172,7.563431842999045e-07,
7.174,7.526030873400118e-07,
7.176,7.48588924243987e-07,
7.178,7.442952421494862e-07,
7.18,7.397163421651724e-07,
7.182,7.348463307923573e-07,
7.184,7.296791986203662e-07,
7.186,7.242089105974006e-07,
7.188,7.184294879905437e-07,
7.19,7.123350637097719e-07,
7.192,7.059198980372545e-07,
7.194,6.991783524023062e-07,
7.196,6.921048294670804e-07,
7.198,6.846936969411667e-07,
7.2,6.769392163849818e-07,
7.202,6.688354953711986e-07,
7.204,6.603764734159221e-07,
7.206,6.515559413934163e-07,
7.208,6.423675832707454e-07,
7.21,6.328050244745008e-07,
7.212,6.228618700228754e-07,
7.214,6.125317222831946e-07,
7.216,6.018081758777451e-07,
7.218,5.906847956397624e-07,
7.22,5.791550890852873e-07,
7.222,5.672124843006385e-07,
7.224,5.548503212195663e-07,
7.226,5.420618578933964e-07,
7.228,5.2884028734433e-07,
7.23,5.15178757894613e-07,
7.232,5.010703890218554e-07,
7.234,4.865082781256244e-07,
7.236,4.7148549699026237e-07,
7.238,4.5599508099154556e-07,
7.24,4.400300156678509e-07,
7.242,4.235832253580155e-07,
7.244,4.0664756747382845e-07,
7.246,3.8921583362792645e-07,
7.248,3.712807567441339e-07,
7.25,3.5283502268594467e-07,
7.252,3.338712838427474e-07,
7.254,3.1438217263466827e-07,
7.256,2.943603122472228e-07,
7.258,2.737983228154152e-07,
7.26,2.5268882073038447e-07,
7.262,2.3102441023382199e-07,
7.264,2.0879766766445978e-07,
7.266,1.8600112080068525e-07,
7.268,1.6262722763735811e-07,
7.27,1.386683599439252e-07,
7.272,1.1411679610331244e-07,
7.274,8.896472566883348e-08,
7.276,6.320426532180242e-08,
7.278,3.6827481615202e-08,
7.28,9.826414847341047e-09,
7.282,-1.7806902450323277e-08,
7.284,-4.608043671329242e-08,
7.286,-7.500215550171753e-08,
7.288,-1.0458003791516418e-07,
7.29,-1.34822088901994e-07,
7.292,-1.6573635188540036e-07,
7.294,-1.9733091573596005e-07,
7.296,-2.296139155739767e-07,
7.298,-2.6259352846210143e-07,
7.3,-2.962779683680076e-07,
7.302,-3.3067548351516985e-07,
7.304,-3.6579435882584275e-07,
7.306,-4.0164292250851046e-07,
7.308,-4.3822955435038e-07,
7.31,-4.7556269166122147e-07,
7.312,-5.136508289567946e-07,
7.314,-5.52502509797395e-07,
7.316,-5.921263110687656e-07,
7.318,-6.325308224612803e-07,
7.32,-6.737246248219637e-07,
7.322,-7.157162710381233e-07,
7.324,-7.585142720161619e-07,
7.326,-8.021270891941999e-07,
7.328,-8.465631337965774e-07,
7.33,-8.918307728489268e-07,
7.332,-9.379383417549859e-07,
7.334,-9.84894163400565e-07,
7.336,-1.0327065727828533e-06,
7.338,-1.0813839453119707e-06,
7.34,-1.130934725239685e-06,
7.342,-1.1813674486238973e-06,
7.344,-1.232690755925079e-06,
7.346,-1.2849133894644285e-06,
7.348,-1.3380441744243246e-06,
7.35,-1.3920919856314222e-06,
7.352,-1.447065705907554e-06,
7.354,-1.5029741849021267e-06,
7.356,-1.5598262069956172e-06,
7.358,-1.6176304756629372e-06,
7.36,-1.6763956170694476e-06,
7.362,-1.7361302009610542e-06,
7.364,-1.7968427722206572e-06,
7.366,-1.8585418836292172e-06,
7.368,-1.921236119885848e-06,
7.37,-1.984934105826177e-06,
7.372,-2.0496444962358465e-06,
7.374,-2.1153759503262927e-06,
7.376,-2.182137098151422e-06,
7.378,-2.2499365092613194e-06,
7.38,-2.318782672455926e-06,
7.382,-2.3886839924600203e-06,
7.384,-2.4596488037861256e-06,
7.386,-2.53168539712452e-06,
7.388,-2.604802049802269e-06,
7.39,-2.6790070512553647e-06,
7.392,-2.7543087165451876e-06,
7.394,-2.830715384900947e-06,
7.396,-2.908235405159741e-06,
7.398,-2.98687711259691e-06,
7.4,-3.0666488040007733e-06,
7.402,-3.1475587163533905e-06,
7.404,-3.2296150129136354e-06,
7.406,-3.312825777935721e-06,
7.408,-3.3971990194813097e-06,
7.41,-3.482742679331057e-06,
7.412,-3.5694646481131907e-06,
7.414,-3.6573727847232114e-06,
7.416,-3.746474937013221e-06,
7.418,-3.836778960880738e-06,
7.42,-3.928292732329337e-06,
7.422,-4.0210241481529e-06,
7.424,-4.1149811113536805e-06,
7.426,-4.210171501798808e-06,
7.428,-4.306603136129618e-06,
7.43,-4.404283725466821e-06,
7.432,-4.503220840314508e-06,
7.434,-4.6034218914635605e-06,
7.436,-4.704894130660531e-06,
7.438,-4.807644669480704e-06,
7.44,-4.911680509788718e-06,
7.442,-5.017008576166398e-06,
7.444,-5.123635741204023e-06,
7.446,-5.231568837697518e-06,
7.448,-5.340814656989924e-06,
7.45,-5.451379935913513e-06,
7.452,-5.563271338095548e-06,
7.454,-5.676495434231012e-06,
7.456,-5.791058685237889e-06,
7.458,-5.906967429405812e-06,
7.46,-6.0242278730812665e-06,
7.462,-6.1428460854082064e-06,
7.464,-6.262827997539038e-06,
7.466,-6.384179408617247e-06,
7.468,-6.506905999812006e-06,
7.47,-6.631013356721814e-06,
7.472,-6.756506996702624e-06,
7.474,-6.883392395426287e-06,
7.476,-7.011675004997797e-06,
7.478,-7.141360257616224e-06,
7.48,-7.272453551791807e-06,
7.482,-7.404960223336755e-06,
7.484,-7.538885507610429e-06,
7.486,-7.674234501696972e-06,
7.488,-7.811012135258588e-06,
7.49,-7.949223154822476e-06,
7.492,-8.08887212308689e-06,
7.494,-8.22996342975731e-06,
7.496,-8.372501308705302e-06,
7.498,-8.516489855801279e-06,
7.5,-8.661933043270877e-06,
7.502,-8.808834728682376e-06,
7.504,-8.957198657945606e-06,
7.506,-9.107028463282234e-06,
7.508,-9.258327656210512e-06,
7.51,-9.411099615886891e-06,
7.512,-9.565347572762029e-06,
7.514,-9.721074588726103e-06,
7.516,-9.878283536082067e-06,
7.518,-1.0036977079108997e-05,
7.52,-1.0197157662311318e-05,
7.522,-1.0358827508041946e-05,
7.524,-1.0521988624222718e-05,
7.526,-1.0686642819700328e-05,
7.528,-1.0852791722841296e-05,
7.53,-1.1020436798096878e-05,
7.532,-1.1189579356685406e-05,
7.534,-1.1360220560059772e-05,
7.536,-1.153236141760183e-05,
7.538,-1.170600278235769e-05,
7.54,-1.1881145348856246e-05,
7.542,-1.2057789655168033e-05,
7.544,-1.2235936089084116e-05,
7.546,-1.2415584894738066e-05,
7.548,-1.2596736174565873e-05,
7.55,-1.2779389881062542e-05,
7.552,-1.2963545796176027e-05,
7.554,-1.3149203498968848e-05,
7.556,-1.3336362327256125e-05,
7.558,-1.3525021341975879e-05,
7.56,-1.3715179303956882e-05,
7.562,-1.3906834670344233e-05,
7.564,-1.4099985614848947e-05,
7.566,-1.4294630068420122e-05,
7.568,-1.4490765772488828e-05,
7.57,-1.468839033196325e-05,
7.572,-1.4887501254214048e-05,
7.574,-1.5088095962271727e-05,
7.576,-1.5290171776271915e-05,
7.578,-1.5493725863726976e-05,
7.58,-1.5698755167946728e-05,
7.582,-1.590525632904095e-05,
7.584,-1.6113225616271433e-05,
7.586,-1.632265888803285e-05,
7.588,-1.6533551592006986e-05,
7.59,-1.674589880814597e-05,
7.592,-1.69596953279112e-05,
7.594,-1.7174935753309754e-05,
7.596,-1.7391614593518205e-05,
7.598,-1.7609726335531353e-05,
7.6,-1.7829265470279868e-05,
7.602,-1.8050226465407006e-05,
7.604,-1.8272603688653053e-05,
7.606,-1.849639129825929e-05,
7.608,-1.8721583125275062e-05,
7.61,-1.8948172574760115e-05,
7.612,-1.917615256800598e-05,
7.614,-1.9405515536564076e-05,
7.616,-1.963625346519145e-05,
7.618,-1.9868357968543134e-05,
7.62,-2.0101820378745666e-05,
7.622,-2.033663182127171e-05,
7.624,-2.0572783262849252e-05,
7.626,-2.0810265525630955e-05,
7.628,-2.1049069273521226e-05,
7.63,-2.1289184982324914e-05,
7.632,-2.153060290802222e-05,
7.634,-2.1773313061765906e-05,
7.636,-2.2017305194050576e-05,
7.638,-2.226256878205688e-05,
7.64,-2.2509093012814394e-05,
7.642,-2.2756866755554994e-05,
7.644,-2.3005878524955705e-05,
7.646,-2.3256116443652933e-05,
7.648,-2.3507568218636535e-05,
7.65,-2.3760221145815096e-05,
7.652,-2.4014062149704888e-05,
7.654,-2.4269077854435783e-05,
7.656,-2.452525467077412e-05,
7.658,-2.4782578875387723e-05,
7.66,-2.504103665919622e-05,
7.662,-2.530061412903188e-05,
7.664,-2.5561297260186364e-05,
7.666,-2.5823071812197153e-05,
7.668,-2.608592323110416e-05,
7.67,-2.6349836564757627e-05,
7.672,-2.6614796412937036e-05,
7.674,-2.6880786922827153e-05,
7.676,-2.7147791826610102e-05,
7.678,-2.7415794505858897e-05,
7.68,-2.7684778062205418e-05,
7.682,-2.7954725373553334e-05,
7.684,-2.8225619122588315e-05,
7.686,-2.849744179346094e-05,
7.688,-2.8770175642015076e-05,
7.69,-2.9043802651534755e-05,
7.692,-2.9318304487411894e-05,
7.694,-2.9593662462831593e-05,
7.696,-2.986985752198164e-05,
7.698,-3.0146870242509313e-05,
7.7,-3.0424680853454865e-05,
7.702,-3.070326926186791e-05,
7.704,-3.0982615080095264e-05,
7.706,-3.126269764713936e-05,
7.708,-3.154349603843288e-05,
7.71,-3.1824989063164905e-05,
7.712,-3.2107155250935964e-05,
7.714,-3.238997283236118e-05,
7.716,-3.267341972091418e-05,
7.718,-3.295747350192803e-05,
7.72,-3.324211143408687e-05,
7.722,-3.352731046329073e-05,
7.724,-3.381304724674812e-05,
7.726,-3.409929818035275e-05,
7.728,-3.438603942203312e-05,
7.73,-3.4673246904362066e-05,
7.732,-3.4960896333385746e-05,
7.734,-3.524896317376176e-05,
7.736,-3.553742262479587e-05,
7.738,-3.582624959332694e-05,
7.74,-3.6115418669845024e-05,
7.742,-3.640490411252177e-05,
7.744,-3.6694679841633955e-05,
7.746,-3.698471944485815e-05,
7.748,-3.727499619171878e-05,
7.75,-3.756548305563988e-05,
7.752,-3.7856152740305794e-05,
7.754,-3.814697770737049e-05,
7.756,-3.843793020114319e-05,
7.758,-3.8728982265401964e-05,
7.76,-3.902010574790096e-05,
7.762,-3.931127228964918e-05,
7.764,-3.9602453299530905e-05,
7.766,-3.98936199184399e-05,
7.768,-4.0184742980863756e-05,
7.77,-4.047579298306251e-05,
7.772,-4.076674006598492e-05,
7.774,-4.105755401681105e-05,
7.776,-4.134820428830589e-05,
7.778,-4.163866002970397e-05,
7.78,-4.1928890121330724e-05,
7.782,-4.221886320453919e-05,
7.784,-4.250854770261383e-05,
7.786,-4.2797911832540236e-05,
7.788,-4.3086923611005155e-05,
7.79,-4.3375550860054874e-05,
7.792,-4.3663761216123926e-05,
7.794,-4.395152214304221e-05,
7.796,-4.423880094587914e-05,
7.798,-4.452556477956533e-05,
7.8,-4.481178064737003e-05,
7.802,-4.509741538572665e-05,
7.804,-4.5382435637650906e-05,
7.806,-4.5666807820332985e-05,
7.808,-4.595049809519994e-05,
7.81,-4.6233472348738806e-05,
7.812,-4.6515696188971175e-05,
7.814,-4.679713495830463e-05,
7.816,-4.707775375949191e-05,
7.818,-4.735751748804681e-05,
7.82,-4.76363908643617e-05,
7.822,-4.791433845971306e-05,
7.824,-4.8191324713462146e-05,
7.826,-4.846731394072583e-05,
7.828,-4.8742270332505244e-05,
7.83,-4.901615795053986e-05,
7.832,-4.928894071911673e-05,
7.834,-4.9560582415832284e-05,
7.836,-4.9831046662784115e-05,
7.838,-5.0100296919416325e-05,
7.84,-5.0368296478739145e-05,
7.842,-5.0635008468765855e-05,
7.844,-5.090039586027077e-05,
7.846,-5.116442148145458e-05,
7.848,-5.1427048038357953e-05,
7.85,-5.168823813815908e-05,
7.852,-5.194795431204784e-05,
7.854,-5.22061590337817e-05,
7.856,-5.2462814732520165e-05,
7.858,-5.271788379921288e-05,
7.86,-5.297132858904464e-05,
7.862,-5.322311142274378e-05,
7.864,-5.347319458969628e-05,
7.866,-5.3721540353203706e-05,
7.868,-5.396811095589074e-05,
7.87,-5.421286862087739e-05,
7.872,-5.445577554292894e-05,
7.874,-5.4696793866848065e-05,
7.876,-5.4935885653555026e-05,
7.878,-5.517301284094235e-05,
7.88,-5.5408137210819226e-05,
7.882,-5.564122037515796e-05,
7.884,-5.5872223792980874e-05,
7.886,-5.610110882146189e-05,
7.888,-5.632783679593589e-05,
7.89,-5.655236912370782e-05,
7.892,-5.6774667371239484e-05,
7.894,-5.699469332365187e-05,
7.896,-5.721240900227319e-05,
7.898,-5.7427776637028794e-05,
7.9,-5.764075860258145e-05,
7.902,-5.7851317337507236e-05,
7.904,-5.8059415269764994e-05,
7.906,-5.826501476928307e-05,
7.908,-5.846807813977862e-05,
7.91,-5.86685676509721e-05,
7.912,-5.886644560121718e-05,
7.914,-5.906167439423217e-05,
7.916,-5.925421661176695e-05,
7.918,-5.944403506794984e-05,
7.92,-5.963109283722017e-05,
7.922,-5.981535325569322e-05,
7.924,-5.999677990040397e-05,
7.926,-6.017533655457377e-05,
7.928,-6.035098716717781e-05,
7.93,-6.052369581419552e-05,
7.932,-6.069342666717392e-05,
7.934,-6.086014397424607e-05,
7.936,-6.102381205691038e-05,
7.938,-6.118439532510343e-05,
7.94,-6.13418583106875e-05,
7.942,-6.149616571614402e-05,
7.944,-6.164728247187098e-05,
7.946,-6.179517379324374e-05,
7.948,-6.193980522764394e-05,
7.95,-6.208114268439406e-05,
7.952,-6.221915244481802e-05,
7.954,-6.235380115465523e-05,
7.956,-6.248505580557939e-05,
7.958,-6.261288371485549e-05,
7.96,-6.273725250985605e-05,
7.962,-6.285813012239031e-05,
7.964,-6.297548479189735e-05,
7.966,-6.308928507444462e-05,
7.968,-6.319949985262524e-05,
7.97,-6.330609834343087e-05,
7.972,-6.340905010376798e-05,
7.974,-6.350832503712631e-05,
7.976,-6.360389340550807e-05,
7.978,-6.369572585091585e-05,
7.98,-6.378379342637242e-05,
7.982,-6.386806763326491e-05,
7.984,-6.394852045754866e-05,
7.986,-6.402512439658607e-05,
7.988,-6.40978524701664e-05,
7.99,-6.416667821330927e-05,
7.992,-6.423157565397482e-05,
7.994,-6.429251928276261e-05,
7.996,-6.434948402439114e-05,
7.998,-6.440244521921985e-05,
8.0,-6.445137862038126e-05,
8.002,-6.449626040758081e-05,
8.004,-6.45370672147222e-05,
8.006,-6.457377616655177e-05,
8.008,-6.460636491874604e-05,
8.01,-6.463481169780014e-05,
8.012,-6.465909533774382e-05,
8.014,-6.467919531314922e-05,
8.016,-6.469509176674903e-05,
8.018,-6.47067655304619e-05,
8.02,-6.471419813693017e-05,
8.022,-6.471737181952944e-05,
8.024,-6.47162694994927e-05,
8.026,-6.47108747621771e-05,
8.028,-6.470117182763638e-05,
8.03,-6.46871455233007e-05,
8.032,-6.466878126810074e-05,
8.034,-6.464606507535028e-05,
8.036,-6.461898357835994e-05,
8.038,-6.458752407685538e-05,
8.04,-6.455167459812753e-05,
8.042,-6.451142396075457e-05,
8.044,-6.44667618293647e-05,
8.046,-6.441767874864747e-05,
8.048,-6.436416614986773e-05,
8.05,-6.430621632857063e-05,
8.052,-6.424382239871387e-05,
8.054,-6.417697823402668e-05,
8.056,-6.410567841066319e-05,
8.058,-6.402991816603508e-05,
8.06,-6.394969338582789e-05,
8.062,-6.386500062595775e-05,
8.064,-6.377583716918856e-05,
8.066,-6.368220110881102e-05,
8.068,-6.358409144565315e-05,
8.07,-6.348150818150149e-05,
8.072,-6.33744523931165e-05,
8.074,-6.326292627422566e-05,
8.076,-6.314693314073151e-05,
8.078,-6.302647740104555e-05,
8.08,-6.290156450145811e-05,
8.082,-6.277220085959431e-05,
8.084,-6.263839380118615e-05,
8.086,-6.25001515121025e-05,
8.088,-6.235748301407077e-05,
8.09,-6.221039816646561e-05,
8.092,-6.205890769235878e-05,
8.094,-6.190302322321768e-05,
8.096,-6.174275735503252e-05,
8.098,-6.157812370864179e-05,
8.1,-6.140913698702629e-05,
8.102,-6.123581302398728e-05,
8.104,-6.105816881882399e-05,
8.106,-6.0876222553992804e-05,
8.108,-6.068999359380786e-05,
8.11,-6.0499502465512595e-05,
8.112,-6.0304770826569136e-05,
8.114,-6.01058214256916e-05,
8.116,-5.9902678066847466e-05,
8.118,-5.9695365585686077e-05,
8.12,-5.948390984666546e-05,
8.122,-5.926833776444939e-05,
8.124,-5.904867734880321e-05,
8.126,-5.882495776621974e-05,
8.128,-5.8597209408169267e-05,
8.13,-5.836546395353978e-05,
8.132,-5.812975441379872e-05,
8.134,-5.7890115152636995e-05,
8.136,-5.764658187703822e-05,
8.138,-5.739919160249271e-05,
8.14,-5.714798260005331e-05,
8.142,-5.6892994337322044e-05,
8.144,-5.663426742696513e-05,
8.146,-5.6371843595061325e-05,
8.148,-5.610576567887733e-05,
8.15,-5.583607765720702e-05,
8.152,-5.556282470997289e-05,
8.154,-5.5286053297232234e-05,
8.156,-5.5005811242354156e-05,
8.158,-5.4722147802634805e-05,
8.16,-5.4435113712607394e-05,
8.162,-5.4144761191526506e-05,
8.164,-5.3851143915097175e-05,
8.166,-5.3554316960627296e-05,
8.168,-5.325433674235413e-05,
8.17,-5.295126095608702e-05,
8.172,-5.264514855005274e-05,
8.174,-5.2336059731737834e-05,
8.176,-5.2024056009799685e-05,
8.178,-5.170920026083698e-05,
8.18,-5.1391556803182096e-05,
8.182,-5.1071191458254435e-05,
8.184,-5.074817158414393e-05,
8.186,-5.0422566073409575e-05,
8.188,-5.0094445317577164e-05,
8.19,-4.976388114951729e-05,
8.192,-4.943094677939439e-05,
8.194,-4.909571674184717e-05,
8.196,-4.875826686687931e-05,
8.198,-4.84186742816026e-05,
8.2,-4.807701744188258e-05,
8.202,-4.773337618678295e-05,
8.204,-4.738783180514369e-05,
8.206,-4.704046710179423e-05,
8.208,-4.6691366452710845e-05,
8.21,-4.634061584104119e-05,
8.212,-4.5988302870142344e-05,
8.214,-4.5634516753430794e-05,
8.216,-4.5279348285842574e-05,
8.218,-4.492288980313158e-05,
8.22,-4.4565235138927106e-05,
8.222,-4.42064795880422e-05,
8.224,-4.384671988378007e-05,
8.226,-4.348605419319745e-05,
8.228,-4.312458213010198e-05,
8.23,-4.276240478131061e-05,
8.232,-4.2399624738683744e-05,
8.234,-4.203634612886109e-05,
8.236,-4.167267463383903e-05,
8.238,-4.130871749901989e-05,
8.24,-4.094458352902051e-05,
8.242,-4.058038307499094e-05,
8.244,-4.021622801913158e-05,
8.246,-3.9852231761520156e-05,
8.248,-3.9488509213403904e-05,
8.25,-3.912517679829499e-05,
8.252,-3.876235246047295e-05,
8.254,-3.840015567861404e-05,
8.256,-3.803870748243394e-05,
8.258,-3.767813046966124e-05,
8.26,-3.7318548820957793e-05,
8.262,-3.6960088310893115e-05,
8.264,-3.660287631216907e-05,
8.266,-3.624704179130392e-05,
8.268,-3.589271529451077e-05,
8.27,-3.5540028924175e-05,
8.272,-3.5189116309275977e-05,
8.274,-3.484011257488291e-05,
8.276,-3.449315431731305e-05,
8.278,-3.414837959103993e-05,
8.28,-3.3805927910897e-05,
8.282,-3.3465940269368976e-05,
8.284,-3.312855916517193e-05,
8.286,-3.2793928635267976e-05,
8.288,-3.246219428293935e-05,
8.29,-3.213350329434191e-05,
8.292,-3.180800443993394e-05,
8.294,-3.1485848060579e-05,
8.296,-3.1167186041843004e-05,
8.298,-3.085217178244395e-05,
8.3,-3.054096016312505e-05,
8.302,-3.0233707521672143e-05,
8.304,-2.993057163806591e-05,
8.306,-2.9631711730867996e-05,
8.308,-2.93372884643149e-05,
8.31,-2.9047463963506864e-05,
8.312,-2.8762401833303116e-05,
8.314,-2.8482267177235796e-05,
8.316,-2.82072266112943e-05,
8.318,-2.7937448269582058e-05,
8.32,-2.7673101800022165e-05,
8.322,-2.7414358349679837e-05,
8.324,-2.7161390542428983e-05,
8.326,-2.691437245149191e-05,
8.328,-2.6673479571203015e-05,
8.33,-2.643888879072493e-05,
8.332,-2.6210778371435944e-05,
8.334,-2.598932792903912e-05,
8.336,-2.5774718419057887e-05,
8.338,-2.5567132125650936e-05,
8.34,-2.5366752653513e-05,
8.342,-2.517376492332108e-05,
8.344,-2.498835517187692e-05,
8.346,-2.4810710957252002e-05,
8.348,-2.4641021168362795e-05,
8.35,-2.4479476035577e-05,
8.352,-2.4326267138759813e-05,
8.354,-2.418158740779213e-05,
8.356,-2.4045631112772087e-05,
8.358,-2.3918593842935028e-05,
8.36,-2.380067247668489e-05,
8.362,-2.3692065147526848e-05,
8.364,-2.3592971211427782e-05,
8.366,-2.3503591220171068e-05,
8.368,-2.3424126902899076e-05,
8.37,-2.3354781155210212e-05,
8.372,-2.3295758033110945e-05,
8.374,-2.324726274814887e-05,
8.376,-2.320950166144703e-05,
8.378,-2.3182682276146966e-05,
8.38,-2.316701322961382e-05,
8.382,-2.3162704288187062e-05,
8.384,-2.3169966346039017e-05,
8.386,-2.3189011427684006e-05,
8.388,-2.3220052691102984e-05,
8.39,-2.3263304425286775e-05,
8.392,-2.3318982036844784e-05,
8.394,-2.3387302020976247e-05,
8.396,-2.346848191608615e-05,
8.398,-2.3562740245726996e-05,
8.4,-2.367029645561618e-05,
8.402,-2.379137085506812e-05,
8.404,-2.392618457170483e-05,
8.406,-2.407495952599909e-05,
8.408,-2.4237918426975996e-05,
8.41,-2.4415284787139904e-05,
8.412,-2.4607282949630905e-05,
8.414,-2.481413812018289e-05,
8.416,-2.5036076394725e-05,
8.418,-2.527332477577699e-05,
8.42,-2.5526111172109007e-05,
8.422,-2.5794664379311973e-05,
8.424,-2.6079214041160913e-05,
8.426,-2.6379990594847943e-05,
8.428,-2.6697225205490763e-05,
8.43,-2.7031149697516e-05,
8.432,-2.7381996491329056e-05,
8.434,-2.774999855317871e-05,
8.436,-2.8135389363863892e-05,
8.438,-2.8538402907662898e-05,
8.44,-2.895927367888197e-05,
8.442,-2.9398236698947747e-05,
8.444,-2.9855527534824924e-05,
8.446,-3.0331382309853946e-05,
8.448,-3.082603770011101e-05,
8.45,-3.1339730913982245e-05,
8.452,-3.187269965577804e-05,
8.454,-3.2425182078062794e-05,
8.456,-3.299741672777479e-05,
8.458,-3.3589642490951005e-05,
8.46,-3.420209853928979e-05,
8.462,-3.483502428041621e-05,
8.464,-3.548865931286821e-05,
8.466,-3.616324338802607e-05,
8.468,-3.685901638186096e-05,
8.47,-3.757621827957003e-05,
8.472,-3.8315089176182906e-05,
8.474,-3.9075869292220144e-05,
8.476,-3.9858799000082876e-05,
8.478,-4.066411885200998e-05,
8.48,-4.149206959790813e-05,
8.482,-4.234289218111876e-05,
8.484,-4.321682770313596e-05,
8.486,-4.411411735501627e-05,
8.488,-4.50350023197881e-05,
8.49,-4.5979723658228964e-05,
8.492,-4.694852219427312e-05,
8.494,-4.7941638418281043e-05,
8.496,-4.895931242329893e-05,
8.498,-5.000178388339904e-05,
8.5,-5.106929207500404e-05,
8.502,-5.2162075932434134e-05,
8.504,-5.328037412202801e-05,
8.506,-5.4424425113780786e-05,
8.508,-5.5594467229243966e-05,
8.51,-5.679073864849494e-05,
8.512,-5.801347736695704e-05,
8.514,-5.9262921102953814e-05,
8.516,-6.0539307168155844e-05,
8.518,-6.184287232054424e-05,
8.52,-6.317385262400891e-05,
8.522,-6.453248333624311e-05,
8.524,-6.59189988402201e-05,
8.526,-6.733363262406488e-05,
8.528,-6.877661730293722e-05,
8.53,-7.024818466824204e-05,
8.532,-7.174856574419016e-05,
8.534,-7.327799083334594e-05,
8.536,-7.483668953644406e-05,
8.538,-7.642489074062981e-05,
8.54,-7.804282257691886e-05,
8.542,-7.969071235399983e-05,
8.544,-8.136878647785193e-05,
8.546,-8.307727036683805e-05,
8.548,-8.481638836938199e-05,
8.55,-8.658636368869498e-05,
8.552,-8.8387418317099e-05,
8.554,-9.021977298101985e-05,
8.556,-9.208364709823173e-05,
8.558,-9.397925874861498e-05,
8.56,-9.59068246592661e-05,
8.562,-9.786656020242297e-05,
8.564,-9.985867940288094e-05,
8.566,-0.00010188339494737189,
8.568,-0.00010394091818753589,
8.57,-0.00010603145912775207,
8.572,-0.0001081552263919272,
8.574,-0.000110312427167576,
8.576,-0.00011250326713106615,
8.578,-0.00011472795036174835,
8.58,-0.00011698667925553498,
8.582,-0.00011927965444719394,
8.584,-0.00012160707474830117,
8.586,-0.0001239691371024238,
8.588,-0.00012636603655549977,
8.59,-0.00012879796623569713,
8.592,-0.00013126511733644003,
8.594,-0.00013376767909761708,
8.596,-0.00013630583878243498,
8.598,-0.000138879781650013,
8.6,-0.00014148969092610698,
8.602,-0.00014413574777356598,
8.604,-0.00014681813126366395,
8.606,-0.00014953701834685202,
8.608,-0.00015229258381990702,
8.61,-0.00015508500028562304,
8.612,-0.000157914438102349,
8.614,-0.00016078106532251403,
8.616,-0.00016368504762244093,
8.618,-0.00016662654822773492,
8.62,-0.00016960572784058606,
8.622,-0.00017262274457471502,
8.624,-0.00017567775390303284,
8.626,-0.00017877090862034191,
8.628,-0.0001819023588212499,
8.63,-0.0001850722518906288,
8.632,-0.00018828073250216903,
8.634,-0.00019152794261902725,
8.636,-0.00019481402148937492,
8.638,-0.0001981391056307761,
8.64,-0.0002015033287979959,
8.642,-0.00020490682193190408,
8.644,-0.00020834971309071975,
8.646,-0.00021183212736834397,
8.648,-0.00021535418680810703,
8.65,-0.00021891601032138512,
8.652,-0.00022251771362005084,
8.654,-0.00022615940916820103,
8.656,-0.00022984120615439298,
8.658,-0.00023356321048042302,
8.66,-0.0002373255247583889,
8.662,-0.00024112824830677929,
8.664,-0.00024497147713677494,
8.666,-0.00024885530392311603,
8.668,-0.00025277981795882574,
8.67,-0.0002567451050960411,
8.672,-0.0002607512476790148,
8.674,-0.0002647983244755569,
8.676,-0.00026888641061184094,
8.678,-0.0002730155775141188,
8.68,-0.00027718589285861473,
8.682,-0.0002813974205294488,
8.684,-0.0002856502205844171,
8.686,-0.000289944349229339,
8.688,-0.0002942798588008612,
8.69,-0.0002986567977583559,
8.692,-0.00030307521068210304,
8.694,-0.00030753513827334,
8.696,-0.0003120366173481028,
8.698,-0.00031657968081579403,
8.7,-0.0003211643576352271,
8.702,-0.000325790672744828,
8.704,-0.00033045864697062003,
8.706,-0.00033516829692262803,
8.708,-0.0003399196348952159,
8.71,-0.0003447126687879839,
8.712,-0.000349547402059868,
8.714,-0.00035442383372121195,
8.716,-0.00035934195835821625,
8.718,-0.00036430176617572316,
8.72,-0.00036930324303913805,
8.722,-0.00037434637049758087,
8.724,-0.00037943112577588,
8.726,-0.000384557481733124,
8.728,-0.00038972540679467905,
8.73,-0.000394934864870794,
8.732,-0.0004001858152764341,
8.734,-0.0004054782126630288,
8.736,-0.0004108120069657949,
8.738,-0.0004161871433635718,
8.74,-0.00042160356224317985,
8.742,-0.00042706119916076715,
8.744,-0.00043255998479636035,
8.746,-0.0004380998449041041,
8.748,-0.00044368070026622,
8.75,-0.00044930246666065104,
8.752,-0.0004549650548503658,
8.754,-0.0004606683705960671,
8.756,-0.00046641231468668896,
8.758,-0.00047219678297542693,
8.76,-0.00047802166640649815,
8.762,-0.0004838868510196831,
8.764,-0.000489792217925586,
8.766,-0.000495737643252228,
8.768,-0.0005017229980711619,
8.77,-0.0005077481483156091,
8.772,-0.0005138129547038088,
8.774,-0.000519917272678455,
8.776,-0.0005260609523679321,
8.778,-0.0005322438385697971,
8.78,-0.0005384657707530619,
8.782,-0.0005447265830729772,
8.784,-0.0005510261043918428,
8.786,-0.000557364158299719,
8.788,-0.000563740563130487,
8.79,-0.000570155131969788,
8.792,-0.000576607672652417,
8.794,-0.000583097987747625,
8.796,-0.0005896258745320269,
8.798,-0.0005961911249512009,
8.8,-0.0006027935255727819,
8.802,-0.0006094328575357239,
8.804,-0.0006161088965014441,
8.806,-0.000622821412613184,
8.808,-0.0006295701704683289,
8.81,-0.00063635492910683,
8.812,-0.0006431754420152821,
8.814,-0.000650031457143488,
8.816,-0.0006569227169276411,
8.818,-0.00066384895831286,
8.82,-0.0006708099127692439,
8.822,-0.0006778053062970441,
8.824,-0.0006848348594207729,
8.826,-0.000691898287175394,
8.828,-0.0006989952990903229,
8.83,-0.000706125599178105,
8.832,-0.00071328888593238,
8.834,-0.0007204848523375201,
8.836,-0.0007277131858865762,
8.838,-0.0007349735686022418,
8.84,-0.000742265677052827,
8.842,-0.000749589182356933,
8.844,-0.0007569437501741869,
8.846,-0.0007643290406845919,
8.848,-0.0007717447085633758,
8.85,-0.0007791904029614578,
8.852,-0.000786665767500613,
8.854,-0.0007941704402888741,
8.856,-0.0008017040539559771,
8.858,-0.000809266235702543,
8.86,-0.000816856607352845,
8.862,-0.0008244747853999271,
8.864,-0.0008321203810349301,
8.866,-0.0008397930001575091,
8.868,-0.0008474922433707989,
8.87,-0.0008552177059689058,
8.872,-0.0008629689779271571,
8.874,-0.0008707456439038658,
8.876,-0.0008785472832580739,
8.878,-0.00088637347008202,
8.88,-0.0008942237732422119,
8.882,-0.0009020977564201569,
8.884,-0.0009099949781439362,
8.886,-0.000917914991805514,
8.888,-0.000925857345663234,
8.89,-0.0009338215828349947,
8.892,-0.000941807241291226,
8.894,-0.0009498138538584291,
8.896,-0.0009578409482422699,
8.898,-0.0009658880470752759,
8.9,-0.0009739546679877262,
8.902,-0.0009820403236948448,
8.904,-0.000990144522088711,
8.906,-0.000998266766321987,
8.908,-0.001006406554871787,
8.91,-0.00101456338157755,
8.912,-0.0010227367356526761,
8.914,-0.0010309261016769877,
8.916,-0.0010391309595822779,
8.918,-0.0010473507846448142,
8.92,-0.001055585047497704,
8.922,-0.001063833214170265,
8.924,-0.0010720947461552621,
8.926,-0.00108036910049767,
8.928,-0.001088655729893829,
8.93,-0.001096954082788201,
8.932,-0.001105263603456793,
8.934,-0.0011135837320710492,
8.936,-0.0011219139047418008,
8.938,-0.0011302535535485702,
8.94,-0.001138602106562667,
8.942,-0.001146958987873619,
8.944,-0.0011553236176259148,
8.946,-0.0011636954120702908,
8.948,-0.0011720737836285137,
8.95,-0.001180458140967958,
8.952,-0.001188847889078968,
8.954,-0.00119724242934892,
8.956,-0.001205641159627826,
8.958,-0.001214043474282943,
8.96,-0.001222448764243936,
8.962,-0.0012308564170428042,
8.964,-0.0012392658168558551,
8.966,-0.0012476763445545818,
8.968,-0.0012560873777728069,
8.97,-0.0012644982909927982,
8.972,-0.001272908455650037,
8.974,-0.001281317240250537,
8.976,-0.001289724010491817,
8.978,-0.001298128129375748,
8.98,-0.0013065289573031009,
8.982,-0.0013149258521434433,
8.984,-0.0013233181692793381,
8.986,-0.00133170526163072,
8.988,-0.0013400864796701086,
8.99,-0.0013484611714418122,
8.992,-0.0013568286825978168,
8.994,-0.0013651883564592252,
8.996,-0.0013735395341067437,
8.998,-0.00138188155449824,
9.0,-0.0013902137546064467,
9.002,-0.001398535469568029,
9.004,-0.0014068460328343071,
9.006,-0.001415144776314557,
9.008,-0.0014234310305051563,
9.01,-0.0014317041245988662,
9.012,-0.001439963386570437,
9.014,-0.0014482081432369391,
9.016,-0.001456437720294038,
9.018,-0.0014646514423334559,
9.02,-0.001472848632850981,
9.022,-0.001481028614258277,
9.024,-0.001489190707913237,
9.026,-0.001497334234181425,
9.028,-0.0015054585125363821,
9.03,-0.0015135628616982648,
9.032,-0.001521646599801999,
9.034,-0.001529709044579703,
9.036,-0.001537749513539075,
9.038,-0.001545767324121408,
9.04,-0.0015537617938288727,
9.042,-0.001561732240318605,
9.044,-0.0015696779814694329,
9.046,-0.001577598335431715,
9.048,-0.0015854926206736258,
9.05,-0.0015933601560347128,
9.052,-0.001601200260793833,
9.054,-0.001609012254753477,
9.056,-0.0016167954583390111,
9.058,-0.0016245491927084012,
9.06,-0.001632272779868175,
9.062,-0.0016399655427917327,
9.064,-0.001647626805537487,
9.066,-0.0016552558933649398,
9.068,-0.0016628521328476058,
9.07,-0.0016704148519813534,
9.072,-0.001677943380286824,
9.074,-0.0016854370489054371,
9.076,-0.0016928951906889109,
9.078,-0.00170031714028313,
9.08,-0.0017077022342087567,
9.082,-0.001715049810940667,
9.084,-0.001722359210988863,
9.086,-0.001729629776983295,
9.088,-0.0017368608537642587,
9.09,-0.0017440517884804018,
9.092,-0.0017512019306955271,
9.094,-0.001758310632505782,
9.096,-0.001765377248666511,
9.098,-0.001772401136727407,
9.1,-0.001779381657171859,
9.102,-0.001786318173553969,
9.104,-0.0017932100526258077,
9.106,-0.001800056664447483,
9.108,-0.001806857382475235,
9.11,-0.0018136115836262263,
9.112,-0.0018203186483247821,
9.114,-0.0018269779605385506,
9.116,-0.001833588907816831,
9.118,-0.0018401508813435728,
9.12,-0.001846663276014811,
9.122,-0.0018531254905451177,
9.124,-0.001859536927601183,
9.126,-0.0018658969939538599,
9.128,-0.001872205100635885,
9.13,-0.001878460663090619,
9.132,-0.001884663101299662,
9.134,-0.0018908118398821912,
9.136,-0.0018969063081658948,
9.138,-0.0019029459402359929,
9.14,-0.0019089301749735973,
9.142,-0.0019148584560964152,
9.144,-0.0019207302322127222,
9.146,-0.0019265449568949804,
9.148,-0.001932302088773583,
9.15,-0.0019380010916458528,
9.152,-0.0019436414345918307,
9.154,-0.001949222592088158,
9.156,-0.0019547440441131133,
9.158,-0.0019602052762396024,
9.16,-0.0019656057797163514,
9.162,-0.001970945051541096,
9.164,-0.0019762225945298487,
9.166,-0.001981437917386263,
9.168,-0.00198659053477303,
9.17,-0.001991679967384975,
9.172,-0.0019967057420220164,
9.174,-0.0020016673916596096,
9.176,-0.002006564455514326,
9.178,-0.002011396479104,
9.18,-0.0020161630143029708,
9.182,-0.0020208636193945846,
9.184,-0.002025497859123958,
9.186,-0.0020300653047537337,
9.188,-0.002034565534125601,
9.19,-0.002038998131728631,
9.192,-0.0020433626887742208,
9.194,-0.002047658803275958,
9.196,-0.002051886080131125,
9.198,-0.002056044131200518,
9.2,-0.002060132575382832,
9.202,-0.002064151038680849,
9.204,-0.00206809915425837,
9.206,-0.002071976562487613,
9.208,-0.0020757829109889,
9.21,-0.0020795178546639424,
9.212,-0.002083181055725363,
9.214,-0.002086772183723864,
9.216,-0.002090290915575106,
9.218,-0.002093736935587629,
9.22,-0.00209710993549408,
9.222,-0.0021004096144880643,
9.224,-0.002103635679268626,
9.226,-0.0021067878440935895,
9.228,-0.0021098658308410763,
9.23,-0.002112869369075917,
9.232,-0.002115798196115594,
9.234,-0.002118652057088683,
9.236,-0.002121430704978974,
9.238,-0.0021241339006506602,
9.24,-0.0021267614128530734,
9.242,-0.002129313018207954,
9.244,-0.002131788501186232,
9.246,-0.002134187654083435,
9.248,-0.002136510277003449,
9.25,-0.0021387561778588595,
9.252,-0.002140925172391712,
9.254,-0.002143017084214491,
9.256,-0.002145031744865582,
9.258,-0.002146968993870094,
9.26,-0.0021488286787950846,
9.262,-0.0021506106552887276,
9.264,-0.002152314787096405,
9.266,-0.0021539409460515687,
9.268,-0.002155489012045148,
9.27,-0.002156958872982809,
9.272,-0.002158350424742084,
9.274,-0.002159663571142285,
9.276,-0.002160898223936786,
9.278,-0.002162054302831287,
9.28,-0.0021631317355248992,
9.282,-0.002164130457764024,
9.284,-0.002165050413394526,
9.286,-0.0021658915543971403,
9.288,-0.0021666538408941214,
9.29,-0.002167337241121048,
9.292,-0.002167941731365699,
9.294,-0.002168467295883388,
9.296,-0.002168913926802246,
9.298,-0.0021692816240340782,
9.3,-0.0021695703952040735,
9.302,-0.002169780255607443,
9.304,-0.002169911228194888,
9.306,-0.0021699633435829325,
9.308,-0.002169936640080313,
9.31,-0.002169831163720415,
9.312,-0.002169646968289382,
9.314,-0.00216938411534215,
9.316,-0.002169042674201992,
9.318,-0.002168622721941202,
9.32,-0.0021681243433439345,
9.322,-0.0021675476308522317,
9.324,-0.002166892684498078,
9.326,-0.002166159611824227,
9.328,-0.00216534852779744,
9.33,-0.002164459554719438,
9.332,-0.002163492822141909,
9.334,-0.002162448466793409,
9.336,-0.0021613266325250366,
9.338,-0.0021601274702806672,
9.34,-0.002158851138092149,
9.342,-0.002157497801095926,
9.344,-0.0021560676315607076,
9.346,-0.0021545608089130093,
9.348,-0.002152977519744715,
9.35,-0.002151317957790019,
9.352,-0.002149582323863901,
9.354,-0.002147770825761339,
9.356,-0.0021458836781251566,
9.358,-0.0021439211022961343,
9.36,-0.0021418833261628474,
9.362,-0.002139770584028319,
9.364,-0.0021375831165069744,
9.366,-0.002135321170458868,
9.368,-0.0021329849989610477,
9.37,-0.002130574861307983,
9.372,-0.002128091023029326,
9.374,-0.002125533755909162,
9.376,-0.0021229033379932902,
9.378,-0.002120200053573577,
9.38,-0.00211742419314438,
9.382,-0.002114576053331225,
9.384,-0.002111655936797613,
9.386,-0.002108664152137436,
9.388,-0.0021056010137615842,
9.39,-0.002102466841784327,
9.392,-0.002099261961912314,
9.394,-0.002095986705336109,
9.396,-0.0020926414086231237,
9.398,-0.002089226413611897,
9.4,-0.002085742067311658,
9.402,-0.0020821887218138314,
9.404,-0.002078566734224664,
9.406,-0.002074876466626629,
9.408,-0.0020711182860709033,
9.41,-0.0020672925645952903,
9.412,-0.002063399679253002,
9.414,-0.0020594400121317887,
9.416,-0.002055413950341166,
9.418,-0.002051321885951074,
9.42,-0.0020471642158748802,
9.422,-0.002042941341702767,
9.424,-0.0020386536695040087,
9.426,-0.0020343016096240492,
9.428,-0.002029885576503952,
9.43,-0.002025405988544635,
9.432,-0.002020863268027659,
9.434,-0.00201625784109138,
9.436,-0.002011590137749646,
9.438,-0.0020068605919309128,
9.44,-0.0020020696415136074,
9.442,-0.0019972177283341984,
9.444,-0.0019923052981527236,
9.446,-0.001987332800569133,
9.448,-0.001982300688894989,
9.45,-0.001977209419993982,
9.452,-0.001972059454110632,
9.454,-0.001966851254708736,
9.456,-0.001961585288337597,
9.458,-0.001956262024537541,
9.46,-0.0019508819357868339,
9.462,-0.001945445497482615,
9.464,-0.001939953187941343,
9.466,-0.0019344054884009728,
9.468,-0.0019288028830080667,
9.47,-0.0019231458587786138,
9.472,-0.001917434905528511,
9.474,-0.0019116705157771112,
9.476,-0.0019058531846327807,
9.478,-0.001899983409671695,
9.48,-0.001894061690820605,
9.482,-0.0018880885302510109,
9.484,-0.0018820644322886451,
9.486,-0.0018759899033387773,
9.488,-0.001869865451825438,
9.49,-0.0018636915881421919,
9.492,-0.001857468824611566,
9.494,-0.0018511976754502666,
9.496,-0.001844878656737372,
9.498,-0.0018385122863818482,
9.5,-0.001832099084085204,
9.502,-0.001825639571295516,
9.504,-0.001819134271149154,
9.506,-0.001812583708399272,
9.508,-0.0018059884093316791,
9.51,-0.001799348901671555,
9.512,-0.0017926657144860427,
9.514,-0.0017859393780881023,
9.516,-0.0017791704239465969,
9.518,-0.0017723593846056688,
9.52,-0.0017655067936142642,
9.522,-0.001758613185464799,
9.524,-0.0017516790955386908,
9.526,-0.001744705060056466,
9.528,-0.0017376916160308862,
9.53,-0.0017306393012231519,
9.532,-0.0017235486541033942,
9.534,-0.0017164202138168962,
9.536,-0.0017092545201570649,
9.538,-0.0017020521135437808,
9.54,-0.001694813535003404,
9.542,-0.0016875393261445131,
9.544,-0.001680230029123356,
9.546,-0.0016728861865932892,
9.548,-0.0016655083416374672,
9.55,-0.001658097037687272,
9.552,-0.0016506528184344611,
9.554,-0.0016431762277472122,
9.556,-0.0016356678096007629,
9.558,-0.001628128108029935,
9.56,-0.001620557667106251,
9.562,-0.0016129570309352899,
9.564,-0.001605326743664953,
9.566,-0.001597667349491987,
9.568,-0.001589979392653769,
9.57,-0.001582263417395763,
9.572,-0.001574519967910261,
9.574,-0.0015667495882491262,
9.576,-0.001558952822219381,
9.578,-0.0015511302132752301,
9.58,-0.001543282304422102,
9.582,-0.0015354096381464109,
9.584,-0.001527512756380329,
9.586,-0.0015195922005038361,
9.588,-0.001511648511377472,
9.59,-0.0015036822293931372,
9.592,-0.001495693894524653,
9.594,-0.001487684046360767,
9.596,-0.001479653224106952,
9.598,-0.001471601966551082,
9.6,-0.0014635308119982067,
9.602,-0.0014554402981879128,
9.604,-0.001447330962213558,
9.606,-0.001439203340461279,
9.608,-0.001431057968580665,
9.61,-0.001422895381488564,
9.612,-0.0014147161133966739,
9.614,-0.001406520697845241,
9.616,-0.001398309667722526,
9.618,-0.001390083555253832,
9.62,-0.001381842891952769,
9.622,-0.001373588208539524,
9.624,-0.0013653200348411878,
9.626,-0.0013570388996951468,
9.628,-0.001348745330876842,
9.63,-0.0013404398550665472,
9.632,-0.001332122997860507,
9.634,-0.0013237952838202978,
9.636,-0.001315457236546545,
9.638,-0.001307109378758399,
9.64,-0.001298752232361105,
9.642,-0.0012903863184885239,
9.644,-0.0012820121575144732,
9.646,-0.001273630269033054,
9.648,-0.001265241171814375,
9.65,-0.0012568453837449019,
9.652,-0.0012484434217628101,
9.654,-0.001240035801798604,
9.656,-0.0012316230387289788,
9.658,-0.0012232056463495522,
9.66,-0.0012147841373685623,
9.662,-0.0012063590234200887,
9.664,-0.0011979308150912608,
9.666,-0.001189500021955001,
9.668,-0.0011810671525991706,
9.67,-0.0011726327146435239,
9.672,-0.001164197214740527,
9.674,-0.0011557611585606337,
9.676,-0.0011473250507685632,
9.678,-0.001138889395000398,
9.68,-0.0011304546938512318,
9.682,-0.0011220214488795923,
9.684,-0.001113590160628636,
9.686,-0.001105161328656891,
9.688,-0.001096735451567124,
9.69,-0.001088313027020242,
9.692,-0.0010798945517255182,
9.694,-0.001071480521406672,
9.696,-0.001063071430751387,
9.698,-0.001054667773360685,
9.7,-0.0010462700417169146,
9.702,-0.0010378787271868575,
9.704,-0.0010294943200684567,
9.706,-0.0010211173096780477,
9.708,-0.0010127481844630051,
9.71,-0.001004387432117182,
9.712,-0.0009960355396725436,
9.714,-0.0009876929935452167,
9.716,-0.000979360279523465,
9.718,-0.000971037882698841,
9.72,-0.0009627262873543063,
9.722,-0.0009544259768342091,
9.724,-0.000946137433424263,
9.726,-0.0009378611382682628,
9.728,-0.0009295975713386799,
9.73,-0.0009213472114671784,
9.732,-0.0009131105364269757,
9.734,-0.0009048880230504038,
9.736,-0.000896680147358176,
9.738,-0.0008884873846793126,
9.74,-0.0008803102097442451,
9.742,-0.0008721490967440265,
9.744,-0.000864004519354311,
9.746,-0.000855876950730612,
9.748,-0.0008477668634817669,
9.75,-0.0008396747296289982,
9.752,-0.000831601020554138,
9.754,-0.000823546206939952,
9.756,-0.0008155107587050989,
9.758,-0.0008074951449391411,
9.76,-0.000799499833847679,
9.762,-0.0007915252927208192,
9.764,-0.000783571987938598,
9.766,-0.000775640385022647,
9.768,-0.000767730948734292,
9.77,-0.000759844143207523,
9.772,-0.0007519804320947458,
9.774,-0.0007441402786955971,
9.776,-0.0007363241460402061,
9.778,-0.0007285324969057189,
9.78,-0.00072076579375952,
9.782,-0.0007130244986400881,
9.784,-0.0007053090730019681,
9.786,-0.000697619977561463,
9.788,-0.0006899576721807061,
9.79,-0.000682322615819629,
9.792,-0.000674715266569516,
9.794,-0.0006671360817625431,
9.796,-0.000659585518133711,
9.798,-0.0006520640319998041,
9.8,-0.0006445720794164911,
9.802,-0.000637110116282223,
9.804,-0.000629678598371143,
9.806,-0.0006222779812959301,
9.808,-0.0006149087204178259,
9.81,-0.000607571270732038,
9.812,-0.0006002660867589092,
9.814,-0.000592993622465472,
9.816,-0.00058575433122932,
9.818,-0.0005785486658433709,
9.82,-0.0005713770785481431,
9.822,-0.000564240021073625,
9.824,-0.0005571379446740342,
9.826,-0.000550071300147011,
9.828,-0.0005430405378379078,
9.83,-0.000536046107639242,
9.832,-0.0005290884589979391,
9.834,-0.0005221680409413686,
9.836,-0.0005152853021248743,
9.838,-0.0005084406908937747,
9.84,-0.000501634655344388,
9.842,-0.0004948676433642535,
9.844,-0.0004881401026347216,
9.846,-0.00048145248058698313,
9.848,-0.00047480522431482915,
9.85,-0.00046819878045954234,
9.852,-0.00046163359509107215,
9.854,-0.0004551101136124959,
9.856,-0.0004486287807105424,
9.858,-0.0004421900403653449,
9.86,-0.00043579433591902446,
9.862,-0.0004294421101892254,
9.864,-0.00042313380560321734,
9.866,-0.00041686986432310717,
9.868,-0.00041065072833404957,
9.87,-0.000404476839474493,
9.872,-0.0003983486393996748,
9.874,-0.0003922665694824035,
9.876,-0.00038623107066853337,
9.878,-0.0003802425833127104,
9.88,-0.0003743015470245389,
9.882,-0.0003684084005527861,
9.884,-0.00036256358172798956,
9.886,-0.0003567675274720303,
9.888,-0.0003510206738703797,
9.89,-0.0003453234562895768,
9.892,-0.00033967630951382084,
9.894,-0.0003340796678698811,
9.896,-0.0003285339653119712,
9.898,-0.00032303963544561714,
9.9,-0.0003175971114819711,
9.902,-0.000312206826127606,
9.904,-0.00030686921142744064,
9.906,-0.00030158469858718845,
9.908,-0.0002963537178040555,
9.91,-0.00029117669813196845,
9.912,-0.0002860540673980329,
9.914,-0.0002809862521770851,
9.916,-0.00027597367781876986,
9.918,-0.0002710167685139428,
9.92,-0.0002661159473810375,
9.922,-0.0002612716365533339,
9.924,-0.0002564842572493495,
9.926,-0.0002517542298141232,
9.928,-0.0002470819737231514,
9.93,-0.00024246790754638408,
9.932,-0.00023791244887370726,
9.934,-0.00023341601420743912,
9.936,-0.0002289790188317681,
9.938,-0.0002246018766722368,
9.94,-0.00022028500016159401,
9.942,-0.00021602880012830058,
9.944,-0.00021183368572180142,
9.946,-0.00020770006438223057,
9.948,-0.00020362834185383362,
9.95,-0.00019961892223101132,
9.952,-0.00019567220801801496,
9.954,-0.0001917886001780194,
9.956,-0.00018796849814820753,
9.958,-0.0001842122998040902,
9.96,-0.0001805204013665807,
9.962,-0.00017689319725909514,
9.964,-0.0001733310799333287,
9.966,-0.000169834439690475,
9.968,-0.00016640366452641835,
9.97,-0.00016303914002415364,
9.972,-0.00015974124930612937,
9.974,-0.00015651037304519522,
9.976,-0.00015334688951888244,
9.978,-0.00015025117468197788,
9.98,-0.00014722360222780586,
9.982,-0.00014426454361166302,
9.984,-0.00014137436801929374,
9.986,-0.00013855344227553946,
9.988,-0.00013580213070218147,
9.99,-0.0001331207949439914,
9.992,-0.00013050979378733058,
9.994,-0.0001279694829941357,
9.996,-0.0001255002151686241,
9.998,-0.00012310233966352185,
10.0,-0.00012077620252412427,
10.002,-0.0001185221464601008,
10.004,-0.00011634051083097706,
10.006,-0.00011423163163134793,
10.008,-0.00011219584146368502,
10.01,-0.00011023346949098802,
10.012,-0.00010834484136592205,
10.014,-0.00010653027913639897,
10.016,-0.00010479010113091094,
10.018,-0.00010312462182943203,
10.02,-0.00010153415172751783,
10.022,-0.00010001899720288798,
10.024,-9.857946039421017e-05,
10.026,-9.721583910006905e-05,
10.028,-9.592842670282109e-05,
10.03,-9.47175121165032e-05,
10.032,-9.358337975178693e-05,
10.034,-9.252630948532496e-05,
10.036,-9.154657661852297e-05,
10.038,-9.0644451811136e-05,
10.04,-8.982020098043488e-05,
10.042,-8.907408516404982e-05,
10.044,-8.840636035369303e-05,
10.046,-8.781727731404815e-05,
10.048,-8.730708140542007e-05,
10.05,-8.687601242821704e-05,
10.052,-8.652430450237301e-05,
10.054,-8.625218598697689e-05,
10.056,-8.605987943550812e-05,
10.058,-8.594760157371907e-05,
10.06,-8.591556328133487e-05,
10.062,-8.596396955672493e-05,
10.064,-8.6093019446726e-05,
10.066,-8.630290593062404e-05,
10.068,-8.659381575653192e-05,
10.07,-8.696592923919486e-05,
10.072,-8.741942003678588e-05,
10.074,-8.795445493019497e-05,
10.076,-8.857119362854697e-05,
10.078,-8.926978861994788e-05,
10.08,-9.005038507669215e-05,
10.082,-9.091312081147321e-05,
10.084,-9.185812626910086e-05,
10.086,-9.288552452874207e-05,
10.088,-9.39954312881039e-05,
10.09,-9.51879548047531e-05,
10.092,-9.646319577962014e-05,
10.094,-9.78212471813959e-05,
10.096,-9.926219402532914e-05,
10.098,-0.00010078611313062689,
10.1,-0.0001023930728856579,
10.102,-0.00010408313304720892,
10.104,-0.0001058563445904962,
10.106,-0.00010771274961233405,
10.108,-0.00010965238127739812,
10.11,-0.00011167526378550179,
10.112,-0.00011378141233559695,
10.114,-0.0001159708330638531,
10.116,-0.00011824352294311402,
10.118,-0.00012059946964190706,
10.12,-0.00012303865135224103,
10.122,-0.00012556103660284396,
10.124,-0.00012816658407538688,
10.126,-0.0001308552424380701,
10.128,-0.00013362695020226406,
10.13,-0.00013648163560022104,
10.132,-0.0001394192164742578,
10.134,-0.00014243960016496987,
10.136,-0.00014554268338746817,
10.138,-0.00014872835208965484,
10.14,-0.00015199648129384804,
10.142,-0.00015534693492854994,
10.144,-0.000158779565662888,
10.146,-0.00016229421475496024,
10.148,-0.0001658907119236261,
10.15,-0.00016956887524716417,
10.152,-0.000173328511085747,
10.154,-0.00017716941401876006,
10.156,-0.000181091366784692,
10.158,-0.0001850941402099437,
10.16,-0.0001891774931155792,
10.162,-0.00019334117219525966,
10.164,-0.00019758491186416404,
10.166,-0.00020190843408459096,
10.168,-0.00020631144817977588,
10.17,-0.00021079365064999105,
10.172,-0.00021535472500562808,
10.174,-0.00021999434162834198,
10.176,-0.00022471215766547785,
10.178,-0.00022950781695452106,
10.18,-0.0002343809499683509,
10.182,-0.00023933117376400597,
10.184,-0.00024435809191785903,
10.186,-0.0002494612944313943,
10.188,-0.0002546403575987503,
10.19,-0.0002598948438369351,
10.192,-0.00026522430148922995,
10.194,-0.00027062826461981887,
10.196,-0.0002761062528217331,
10.198,-0.00028165777105787883,
10.2,-0.00028728230954925887,
10.202,-0.00029297934371414294,
10.204,-0.000298748334152105,
10.206,-0.00030458872665771507,
10.208,-0.000310499952243298,
10.21,-0.0003164814271493211,
10.212,-0.0003225325528241952,
10.214,-0.0003286527158622111,
10.216,-0.00033484128789623225,
10.218,-0.00034109762545053083,
10.22,-0.00034742106976596806,
10.222,-0.0003538109466143481,
10.224,-0.000360266566119949,
10.226,-0.00036678722260474186,
10.228,-0.000373372194470048,
10.23,-0.0003800207441206371,
10.232,-0.00038673211793137613,
10.234,-0.0003935055462505599,
10.236,-0.0004003402434289991,
10.238,-0.0004072354078618551,
10.24,-0.00041419022202994504,
10.242,-0.00042120385252837796,
10.244,-0.000428275450073775,
10.246,-0.00043540414948397914,
10.248,-0.00044258906962815585,
10.25,-0.00044982931334852086,
10.252,-0.0004571239673583599,
10.254,-0.00046447210212498106,
10.256,-0.000471872771748937,
10.258,-0.0004793250138544762,
10.26,-0.0004868278495056219,
10.262,-0.0004943802831613249,
10.264,-0.000501981302677916,
10.266,-0.0005096298793590861,
10.268,-0.000517324968045962,
10.27,-0.0005250655072315731,
10.272,-0.0005328504191794939,
10.274,-0.0005406786100266201,
10.276,-0.0005485489698541421,
10.278,-0.0005564603727191701,
10.28,-0.000564411676648318,
10.282,-0.0005724017236037389,
10.284,-0.000580429339436756,
10.286,-0.0005884933338454119,
10.288,-0.000596592500350396,
10.29,-0.0006047256162981149,
10.292,-0.0006128914428947222,
10.294,-0.0006210887252702851,
10.296,-0.0006293161925687268,
10.298,-0.000637572558059382,
10.3,-0.0006458565192642581,
10.302,-0.0006541667580964993,
10.304,-0.0006625019410044953,
10.306,-0.000670860719116127,
10.308,-0.0006792417283769192,
10.31,-0.0006876435896775999,
10.312,-0.0006960649089673759,
10.314,-0.0007045042773539841,
10.316,-0.0007129602711938871,
10.318,-0.0007214314521797481,
10.32,-0.000729916367432696,
10.322,-0.0007384135496065348,
10.324,-0.0007469215170078677,
10.326,-0.0007554387737335568,
10.328,-0.000763963809823515,
10.33,-0.0007724951014268448,
10.332,-0.0007810311109786999,
10.334,-0.0007895702873877729,
10.336,-0.000798111066235428,
10.338,-0.0008066518699880022,
10.34,-0.0008151911082228793,
10.342,-0.0008237271778661099,
10.344,-0.000832258463436604,
10.346,-0.0008407833372901382,
10.348,-0.0008493001598557101,
10.35,-0.0008578072798594797,
10.352,-0.000866303034535203,
10.354,-0.0008747857498249362,
10.356,-0.0008832537405774252,
10.358,-0.000891705310754355,
10.36,-0.0009001387536537672,
10.362,-0.0009085523521584512,
10.364,-0.0009169443790126178,
10.366,-0.0009253130971265812,
10.368,-0.0009336567599044971,
10.37,-0.000941973611588156,
10.372,-0.000950261887607499,
10.374,-0.0009585198149287899,
10.376,-0.000966745612393342,
10.378,-0.0009749374910416819,
10.38,-0.000983093654423176,
10.382,-0.000991212298894437,
10.384,-0.0009992916139143489,
10.386,-0.001007329782345059,
10.388,-0.001015324980768629,
10.39,-0.0010232753798255086,
10.392,-0.0010311791445774597,
10.394,-0.0010390344348912134,
10.396,-0.0010468394058365262,
10.398,-0.0010545922080892483,
10.4,-0.0010622909883326432,
10.402,-0.001069933889653074,
10.404,-0.00107751905193186,
10.406,-0.00108504461223902,
10.408,-0.00109250870523667,
10.41,-0.0010999094635992543,
10.412,-0.0011072450184537682,
10.414,-0.0011145134998381575,
10.416,-0.0011217130371707503,
10.418,-0.001128841759721026,
10.42,-0.0011358977970712533,
10.422,-0.0011428792795616979,
10.424,-0.001149784338716829,
10.426,-0.001156611107656564,
10.428,-0.001163357721500654,
10.43,-0.0011700223177785179,
10.432,-0.0011766030368563255,
10.434,-0.0011830980223911743,
10.436,-0.001189505421816844,
10.438,-0.0011958233868608397,
10.44,-0.0012020500740859482,
10.442,-0.0012081836454469871,
10.444,-0.0012142222688509682,
10.446,-0.001220164118710846,
10.448,-0.001226007376486435,
10.45,-0.0012317502312101482,
10.452,-0.001237390880000041,
10.454,-0.001242927528565488,
10.456,-0.0012483583917114692,
10.458,-0.0012536816938466177,
10.46,-0.001258895669497486,
10.462,-0.0012639985638289541,
10.464,-0.0012689886331688953,
10.466,-0.001273864145535119,
10.468,-0.00127862338116419,
10.47,-0.0012832646330439453,
10.472,-0.001287786207453329,
10.474,-0.0012921864245137448,
10.476,-0.001296463618754584,
10.478,-0.00130061613969241,
10.48,-0.001304642352419198,
10.482,-0.0013085406381920398,
10.484,-0.0013123093950152295,
10.486,-0.0013159470382065731,
10.488,-0.0013194520009436918,
10.49,-0.001322822734790442,
10.492,-0.00132605771020866,
10.494,-0.0013291554170641608,
10.496,-0.001332114365137004,
10.498,-0.0013349330846462307,
10.5,-0.0013376101267953261,
10.502,-0.0013401440643420138,
10.504,-0.0013425334921901776,
10.506,-0.001344777027998054,
10.508,-0.0013468733127928799,
10.51,-0.001348821011580041,
10.512,-0.001350618813934194,
10.514,-0.0013522654345620591,
10.516,-0.0013537596138306495,
10.518,-0.001355100118261411,
10.52,-0.0013562857409973829,
10.522,-0.0013573153022571301,
10.524,-0.0013581876497924003,
10.526,-0.001358901659366346,
10.528,-0.001359456235263791,
10.53,-0.00135985031083695,
10.532,-0.001360082849080301,
10.534,-0.0013601528432201008,
10.536,-0.0013600593172990668,
10.538,-0.001359801326737911,
10.54,-0.0013593779588607032,
10.542,-0.0013587883333797438,
10.544,-0.001358031602845615,
10.546,-0.001357106953074898,
10.548,-0.0013560136035714147,
10.55,-0.0013547508079550631,
10.552,-0.001353317854406764,
10.554,-0.001351714066129765,
10.556,-0.001349938801820391,
10.558,-0.001347991456136205,
10.56,-0.0013458714601480412,
10.562,-0.0013435782817652953,
10.564,-0.001341111426129183,
10.566,-0.001338470435975426,
10.568,-0.0013356548919742912,
10.57,-0.001332664413059331,
10.572,-0.00132949865675751,
10.574,-0.001326157319530164,
10.576,-0.001322640137129451,
10.578,-0.0013189468849687741,
10.58,-0.0013150773784993638,
10.582,-0.0013110314735824118,
10.584,-0.0013068090668445658,
10.586,-0.0013024100960076297,
10.588,-0.0012978345401870829,
10.59,-0.0012930824201599143,
10.592,-0.001288153798605893,
10.594,-0.0012830487803295284,
10.596,-0.001277767512469265,
10.598,-0.0012723101846994049,
10.6,-0.001266677029426288,
10.602,-0.0012608683219791118,
10.604,-0.0012548843807931261,
10.606,-0.0012487255675832022,
10.608,-0.001242392287506625,
10.61,-0.0012358849893138928,
10.612,-0.001229204165486828,
10.614,-0.0012223503523621474,
10.616,-0.0012153241302372958,
10.618,-0.001208126123454872,
10.62,-0.0012007570004624287,
10.622,-0.0011932174738466409,
10.624,-0.0011855083003446494,
10.626,-0.0011776302808389249,
10.628,-0.001169584260344082,
10.63,-0.00116137112799446,
10.632,-0.001152991817036794,
10.634,-0.001144447304828091,
10.636,-0.001135738612830743,
10.638,-0.001126866806593024,
10.64,-0.0011178329956995367,
10.642,-0.001108638333678335,
10.644,-0.0010992840178561329,
10.646,-0.001089771289160603,
10.648,-0.0010801014318772098,
10.65,-0.0010702757733739043,
10.652,-0.0010602956838113471,
10.654,-0.001050162575855097,
10.656,-0.0010398779044028562,
10.658,-0.001029443166333174,
10.66,-0.001018859900273931,
10.662,-0.001008129686382574,
10.664,-0.0009972541461244731,
10.666,-0.000986234942034038,
10.668,-0.000975073777444053,
10.67,-0.0009637723961722139,
10.672,-0.000952332582159519,
10.674,-0.0009407561590606639,
10.676,-0.0009290449897916391,
10.678,-0.0009172009760437329,
10.68,-0.0009052260577738951,
10.682,-0.000893122212680888,
10.684,-0.0008808914556748651,
10.686,-0.0008685358383447221,
10.688,-0.0008560574484252558,
10.69,-0.0008434584092640701,
10.692,-0.0008307408792871169,
10.694,-0.000817907051460992,
10.696,-0.000804959152749553,
10.698,-0.0007918994435613249,
10.7,-0.0007787302171820571,
10.702,-0.0007654537991847181,
10.704,-0.000752072546807535,
10.706,-0.0007385888482904341,
10.708,-0.0007250051221624951,
10.71,-0.0007113238164784389,
10.712,-0.0006975474080089412,
10.714,-0.0006836784013974301,
10.716,-0.0006697193283023031,
10.718,-0.0006556727465457739,
10.72,-0.0006415412392883679,
10.722,-0.0006273274142407299,
10.724,-0.000613033902913362,
10.726,-0.000598663359893416,
10.728,-0.000584218462127128,
10.73,-0.0005697019081818,
10.732,-0.000555116417460966,
10.734,-0.0005404647293537751,
10.736,-0.000525749602309535,
10.738,-0.0005109738128418779,
10.74,-0.000496140154477902,
10.742,-0.0004812514366764641,
10.744,-0.000466310483742701,
10.746,-0.000451320133763685,
10.748,-0.000436283237583982,
10.75,-0.00042120265782986444,
10.752,-0.00040608126797987427,
10.754,-0.0003909219514694281,
10.756,-0.0003757276008093355,
10.758,-0.0003605011166941199,
10.76,-0.0003452454070768891,
10.762,-0.00032996338619287386,
10.764,-0.00031465797352282906,
10.766,-0.0002993320926981515,
10.768,-0.00028398867036069403,
10.77,-0.000268630634997243,
10.772,-0.0002532609157723739,
10.774,-0.00023788244138050107,
10.776,-0.00022249813893147397,
10.778,-0.000207110932873413,
10.78,-0.00019172374394700804,
10.782,-0.000176339488157225,
10.784,-0.000160961075744823,
10.786,-0.00014559141014176195,
10.788,-0.00013023338689931597,
10.79,-0.00011488989258577099,
10.792,-9.956380365789804e-05,
10.794,-8.425798531596924e-05,
10.796,-6.897529035425592e-05,
10.798,-5.371855801864498e-05,
10.8,-3.849061287903698e-05,
10.802,-2.329426372037896e-05,
10.804,-8.13230245213408e-06,
10.806,6.992496966760973e-06,
10.808,2.2077379591681017e-05,
10.81,3.711961054815409e-05,
10.812,5.2116476082648944e-05,
10.814,6.706528460943611e-05,
10.816,8.196336775411883e-05,
10.818,9.68080813935619e-05,
10.82,0.00011159680669238004,
10.822,0.0001263269511352469,
10.824,0.000140995949554469,
10.826,0.00015560126515118107,
10.828,0.0001701403905082279,
10.83,0.00018461084859208298,
10.832,0.00019901019374185102,
10.834,0.0002133360126445131,
10.836,0.00022758592529747307,
10.838,0.000241757585961053,
10.84,0.00025584868410452415,
10.842,0.000269856945349014,
10.844,0.00028378013240816004,
10.846,0.00029761604602423597,
10.848,0.00031136252589381193,
10.85,0.00032501745157426294,
10.852,0.00033857874336131193,
10.854,0.000352044363130092,
10.856,0.0003654123151355939,
10.858,0.000378680646774331,
10.86,0.0003918474493136311,
10.862,0.00040491085859919085,
10.864,0.0004178690557513398,
10.866,0.0004307202678591538,
10.868,0.0004434627686753989,
10.87,0.0004560948793106051,
10.872,0.0004686149689183079,
10.874,0.00048102145536036106,
10.876,0.0004933128058412457,
10.878,0.0005054875375022709,
10.88,0.0005175442179727219,
10.882,0.0005294814658797129,
10.884,0.0005412979513251639,
10.886,0.0005529923963405138,
10.888,0.0005645635753306201,
10.89,0.0005760103155150592,
10.892,0.000587331497369829,
10.894,0.0005985260550659638,
10.896,0.0006095929768957031,
10.898,0.0006205313056737462,
10.9,0.0006313401391002389,
10.902,0.0006420186300759282,
10.904,0.0006525659869650698,
10.906,0.000662981473808679,
10.908,0.000673264410495721,
10.91,0.0006834141729036109,
10.912,0.0006934301930180013,
10.914,0.000703311959038515,
10.916,0.0007130590154717689,
10.918,0.0007226709632061842,
10.92,0.0007321474595608589,
10.922,0.0007414882182986578,
10.924,0.0007506930095982069,
10.926,0.0007597616599837548,
10.928,0.000768694052219529,
10.93,0.0007774901251798729,
10.932,0.0007861498737085261,
10.934,0.0007946733484783957,
10.936,0.0008030606558563729,
10.938,0.0008113119577695591,
10.94,0.0008194274715598862,
10.942,0.000827407469806956,
10.944,0.0008352522800975988,
10.946,0.000842962284723081,
10.948,0.0008505379202936931,
10.95,0.000857979677272468,
10.952,0.0008652880994416419,
10.954,0.000872463783326287,
10.956,0.0008795073776037381,
10.958,0.0008864195825270871,
10.96,0.0008932011493829149,
10.962,0.0008998528799921549,
10.964,0.0009063756262488802,
10.966,0.0009127702896796801,
10.968,0.0009190378209968918,
10.97,0.000925179219616149,
10.972,0.0009311955331104511,
10.974,0.00093708785658098,
10.976,0.0009428573319352849,
10.978,0.0009485051470764432,
10.98,0.000954032535017755,
10.982,0.0009594407729472061,
10.984,0.0009647311812699009,
10.986,0.0009699051226569601,
10.988,0.0009749640011236992,
10.99,0.000979909261149895,
10.992,0.00098474238684344,
10.994,0.000989464901135652,
10.996,0.0009940783649869782,
10.998,0.000998584376576904,
11.0,0.001002984570453025,
11.002,0.0010072806166214112,
11.004,0.001011474219571507,
11.006,0.0010155671172416743,
11.008,0.001019561079941624,
11.01,0.001023457909253218,
11.012,0.0010272594369304853,
11.014,0.0010309675238132088,
11.016,0.0010345840587577615,
11.018,0.001038110957579822,
11.02,0.0010415501619953802,
11.022,0.0010449036385453158,
11.024,0.001048173377491461,
11.026,0.001051361391679543,
11.028,0.001054469715372957,
11.03,0.0010575004030680191,
11.032,0.001060455528304633,
11.034,0.001063337182484826,
11.036,0.0010661474737071151,
11.038,0.001068888525618227,
11.04,0.0010715624762769492,
11.042,0.001074171477021939,
11.044,0.0010767176913343652,
11.046,0.001079203293688247,
11.048,0.0010816304683851211,
11.05,0.001084001408373795,
11.052,0.001086318314058029,
11.054,0.0010885833920966461,
11.056,0.001090798854199839,
11.058,0.0010929669159240733,
11.06,0.0010950897954668491,
11.062,0.001097169712462139,
11.064,0.001099208886778598,
11.066,0.001101209537323415,
11.068,0.001103173880858102,
11.07,0.001105104130832285,
11.072,0.0011070024962432838,
11.074,0.001108871180525784,
11.076,0.0011107123804727191,
11.078,0.0011125282851836978,
11.08,0.0011143210750314719,
11.082,0.0011160929206341682,
11.084,0.001117845981819302,
11.086,0.001119582406568631,
11.088,0.001121304329937692,
11.09,0.001123013872951446,
11.092,0.001124713141485565,
11.094,0.0011264042251476697,
11.096,0.0011280891961764788,
11.098,0.0011297701083748469,
11.1,0.0011314489960880698,
11.102,0.0011331278732316869,
11.104,0.0011348087323664483,
11.106,0.0011364935438118841,
11.108,0.0011381842547869851,
11.11,0.0011398827885668733,
11.112,0.0011415910436453753,
11.114,0.0011433108928975491,
11.116,0.001145044182739672,
11.118,0.0011467927322869288,
11.12,0.0011485583325133737,
11.122,0.001150342745420121,
11.124,0.001152147703221044,
11.126,0.0011539749075563858,
11.128,0.001155826028744995,
11.13,0.001157702705084089,
11.132,0.0011596065422007254,
11.134,0.001161539112452747,
11.136,0.0011635019543693881,
11.138,0.00116549657211542,
11.14,0.0011675244349602981,
11.142,0.001169586976735003,
11.144,0.001171685595266477,
11.146,0.0011738216517894937,
11.148,0.0011759964703472064,
11.15,0.001178211337200934,
11.152,0.0011804675002738602,
11.154,0.001182766168652422,
11.156,0.0011851085121616402,
11.158,0.001187495661019838,
11.16,0.0011899287055661587,
11.162,0.001192408696044167,
11.164,0.001194936642418952,
11.166,0.0011975135142044267,
11.168,0.001200140240282096,
11.17,0.001202817708699604,
11.172,0.0012055467664476788,
11.174,0.001208328219221201,
11.176,0.0012111628311779143,
11.178,0.0012140513247104949,
11.18,0.0012169943802488742,
11.182,0.0012199926361065052,
11.184,0.0012230466883809158,
11.186,0.00122615709091235,
11.188,0.0012293243553000012,
11.19,0.001232548950968748,
11.192,0.0012358313052757831,
11.194,0.001239171803643802,
11.196,0.001242570789706625,
11.198,0.0012460285654552383,
11.2,0.001249545391376426,
11.202,0.001253121486582172,
11.204,0.0012567570289343222,
11.206,0.001260452155174817,
11.208,0.0012642069610755836,
11.21,0.001268021501622055,
11.212,0.0012718957912416762,
11.214,0.001275829804082567,
11.216,0.0012798234743402986,
11.218,0.0012838766966234262,
11.22,0.001287989326343793,
11.222,0.0012921611801159061,
11.224,0.001296392036152239,
11.226,0.001300681634646707,
11.228,0.001305029678145797,
11.23,0.001309435831915114,
11.232,0.001313899724313548,
11.234,0.001318420947190473,
11.236,0.001322999056319736,
11.238,0.001327633571879735,
11.24,0.001332323978981518,
11.242,0.0013370697282406299,
11.244,0.0013418702363809112,
11.246,0.001346724886856442,
11.248,0.0013516330304761373,
11.25,0.0013565939860192239,
11.252,0.0013616070408347392,
11.254,0.001366671451424356,
11.256,0.0013717864440138143,
11.258,0.0013769512151221288,
11.26,0.0013821649321401385,
11.262,0.001387426733928165,
11.264,0.0013927357314399897,
11.266,0.0013980910083759611,
11.268,0.0014034916218631142,
11.27,0.001408936603157082,
11.272,0.0014144249583583827,
11.274,0.001419955669135746,
11.276,0.0014255276934511166,
11.278,0.0014311399662833783,
11.28,0.0014367914003509071,
11.282,0.0014424808868339703,
11.284,0.0014482072960991118,
11.286,0.0014539694784261102,
11.288,0.0014597662647360809,
11.29,0.0014655964673181959,
11.292,0.0014714588805515866,
11.294,0.0014773522816207982,
11.296,0.0014832754312262449,
11.298,0.001489227074294601,
11.3,0.0014952059406977908,
11.302,0.0015012107459886738,
11.304,0.0015072401921608061,
11.306,0.001513292968432505,
11.308,0.0015193677520500858,
11.31,0.001525463209097908,
11.312,0.0015315779953002807,
11.314,0.001537710756801221,
11.316,0.001543860130914232,
11.318,0.0015500247468426297,
11.32,0.001556203226379913,
11.322,0.0015623941846056796,
11.324,0.001568596230592458,
11.326,0.0015748079681345921,
11.328,0.0015810279965000492,
11.33,0.001587254911196107,
11.332,0.0015934873047316479,
11.334,0.001599723767356745,
11.336,0.0016059628877637437,
11.338,0.001612203253744028,
11.34,0.0016184434528065932,
11.342,0.00162468207277502,
11.344,0.001630917702385182,
11.346,0.0016371489319058248,
11.348,0.0016433743537964138,
11.35,0.001649592563406303,
11.352,0.001655802159706798,
11.354,0.0016620017460386872,
11.356,0.001668189930853142,
11.358,0.001674365328424704,
11.36,0.001680526559520805,
11.362,0.0016866722520203848,
11.364,0.001692801041482817,
11.366,0.0016989115716760476,
11.368,0.001705002495076587,
11.37,0.0017110724733568482,
11.372,0.0017171201778738011,
11.374,0.001723144290171205,
11.376,0.0017291435025036236,
11.378,0.0017351165183867878,
11.38,0.001741062053173972,
11.382,0.001746978834653299,
11.384,0.0017528656036563737,
11.386,0.0017587211146642082,
11.388,0.0017645441363943548,
11.39,0.0017703334523517108,
11.392,0.0017760878613288927,
11.394,0.0017818061778465547,
11.396,0.001787487232532272,
11.398,0.0017931298724452658,
11.4,0.0017987329613637062,
11.402,0.0018042953800570763,
11.404,0.00180981602656902,
11.406,0.001815293816533648,
11.408,0.0018207276835414767,
11.41,0.0018261165795595367,
11.412,0.0018314594753993509,
11.414,0.001836755361213945,
11.416,0.001842003246999133,
11.418,0.0018472021630710107,
11.42,0.0018523511604961443,
11.422,0.0018574493114587,
11.424,0.0018624957095594089,
11.426,0.0018674894700527979,
11.428,0.0018724297300365083,
11.43,0.0018773156486117629,
11.432,0.001882146407033118,
11.434,0.0018869212088630989,
11.436,0.0018916392801410049,
11.438,0.001896299869570305,
11.44,0.0019009022487242423,
11.442,0.0019054457122676454,
11.444,0.0019099295781917127,
11.446,0.0019143531880591001,
11.448,0.001918715907255964,
11.45,0.0019230171252468393,
11.452,0.0019272562558247794,
11.454,0.0019314327373476218,
11.456,0.0019355460329484328,
11.458,0.001939595630709087,
11.46,0.0019435810437890418,
11.462,0.0019475018105076702,
11.464,0.0019513574943853499,
11.466,0.001955147684156405,
11.468,0.001958871993770624,
11.47,0.001962530062402012,
11.472,0.0019661215544794094,
11.474,0.0019696461597472938,
11.476,0.001973103593356637,
11.478,0.0019764935959781975,
11.48,0.001979815933923871,
11.482,0.0019830703992606245,
11.484,0.0019862568099014554,
11.486,0.0019893750096627453,
11.488,0.0019924248682824707,
11.49,0.0019954062814005018,
11.492,0.001998319170506748,
11.494,0.0020011634828679087,
11.496,0.0020039391914443315,
11.498,0.002006646294809518,
11.5,0.002009284817081801,
11.502,0.002011854807875056,0.001667812462381251
11.504,0.0020143563422695843,0.0016772916985214436
11.506,0.002016789520800083,0.0016867685570883264
11.508,0.002019154469452352,0.0016962430365444752
11.51,0.0020214513396580322,0.0017057151353408447
11.512,0.002023680308275656,0.0017151848519171185
11.514,0.002025841577548732,0.001724652184701467
11.516,0.0020279353750357718,0.0017341171321107783
11.518,0.002029961953512953,0.0017435796925505942
11.52,0.0020319215908557024,0.0017530398644152218
11.522,0.002033814589909059,0.0017624976460877682
11.524,0.0020356412783581017,0.0017719530359400742
11.526,0.0020374020086072558,0.0017814060323328078
11.528,0.0020390971576724906,0.0017908566336157735
11.53,0.002040727127085393,0.0018003048381273724
11.532,0.0020422923428011852,0.0018097506441952676
11.534,0.00204379325510105,0.0018191940501359233
11.536,0.0020452303384772925,0.001828635054254993
11.538,0.0020466040914937085,0.001838073654847174
11.54,0.0020479150366182293,0.0018475098501963
11.542,0.0020491637200307513,0.001856943638575353
11.544,0.0020503507114143526,0.0018663750182465746
11.546,0.00205147660374056,0.0018758039874614395
11.548,0.0020525420130592235,0.0018852305444606475
11.55,0.0020535475783005257,0.0018946546874744129
11.552,0.0020544939610919032,0.0019040764147220206
11.554,0.0020553818455877992,0.001913495724412453
11.556,0.0020562119383064383,0.0019229126147439649
11.558,0.002056984967965967,0.0019323270839043726
11.56,0.0020577016853133975,0.0019417391300709868
11.562,0.0020583628629422656,0.0019511487514106433
11.564,0.00205896929509799,0.001960555946079814
11.566,0.0020595217974730354,0.001969960712224696
11.568,0.0020600212069951255,0.0019793630479809266
11.57,0.002060468381611323,0.0019887629514740894
11.572,0.002060864200069706,0.0019981604208193886
11.574,0.002061209561697818,0.0020075554541219356
11.576,0.002061505386175515,0.0020169480494764843
11.578,0.002061752613299752,0.002026338204967816
11.58,0.0020619522027395206,0.0020357259186705337
11.582,0.002062105133780856,0.00204511118864919
11.584,0.002062212405065246,0.0020544940129583376
11.586,0.0020622750343248807,0.002063874389642538
11.588,0.0020622940581202483,0.002073252316736354
11.59,0.0020622705315837936,0.002082627792264456
11.592,0.002062205528171487,0.0020920008142417132
11.594,0.0020621001394217887,0.0021013713806730433
11.596,0.002061955474718833,0.0021107394895536397
11.598,0.0020617726610549754,0.0021201051388688636
11.6,0.0020615528427878407,0.0021294683265944097
11.602,0.0020612971813867348,0.002138829050696258
11.604,0.0020610068551656694,0.0021481873091307208
11.606,0.0020606830590010365,0.002157543099844472
11.608,0.002060327004034571,0.0021668964207745968
11.61,0.002059939917362984,0.002176247269848697
11.612,0.002059523041717059,0.002185595644984802
11.614,0.0020590776351342246,0.0021949415440915367
11.616,0.0020586049706279833,0.0022042849650679304
11.618,0.0020581063358591617,0.0022136259058037427
11.62,0.002057583032813072,0.002222964364179312
11.622,0.002057036377486086,0.002232300338065685
11.624,0.0020564676995841616,0.0022416338253245425
11.626,0.0020558783422342398,0.0022509648238083087
11.628,0.0020552696617070873,0.0022602933313602565
11.63,0.0020546430271483063,0.0022696193458143572
11.632,0.002053999820312934,0.0022789428649955066
11.634,0.0020533414352984277,0.0022882638867194123
11.636,0.002052669278271266,0.002297582408792741
11.638,0.0020519847671839992,0.002306898429013045
11.64,0.002051289331481282,0.0023162119451689504
11.642,0.002050584411795232,0.0023255229550400015
11.644,0.0020498714596316747,0.00233483145639683
11.646,0.002049151937048625,0.00234413744700118
11.648,0.002048427316328365,0.0023534409246058156
11.65,0.002047699079642926,0.0023627418869547456
11.652,0.002046968718712486,0.0023720403317831116
11.654,0.002046237734456249,0.0023813362568173325
11.656,0.002045507636637044,0.002390629659775052
11.658,0.0020447799435025513,0.002399920538365124
11.66,0.0020440561814299638,0.0024092088902877783
11.662,0.00204333788458176,0.002418494713234706
11.664,0.0020426265945811487,0.0024277780048888057
11.666,0.002041923860214115,0.0024370587629244105
11.668,0.0020412312371598192,0.002446336985007549
11.67,0.002040550287746078,0.002455612668795396
11.672,0.0020398825807192715,0.0024648858119368745
11.674,0.0020392296910132887,0.002474156412072362
11.676,0.002038593199499419,0.0024834244668338738
11.678,0.0020379746927006487,0.002492689973845051
11.68,0.0020373757624587703,0.002501952930721083
11.682,0.0020367980055526497,0.002511213335068954
11.684,0.0020362430232754203,0.002520471184487305
11.686,0.0020357124209899563,0.0025297264765666407
11.688,0.002035207807687436,0.002538979208889054
11.69,0.002034730795577618,0.0025482293790285685
11.692,0.002034282999734342,0.0025574769845510253
11.694,0.0020338660378105464,0.002566722023014224
11.696,0.0020334815298237194,0.0025759644919677695
11.698,0.0020331310979977285,0.0025852043889532357
11.7,0.0020328163666347193,0.002594441711504188
11.702,0.002032538961983822,0.002603676457146148
11.704,0.0020323005120727686,0.0026129086233968157
11.706,0.0020321026464767238,0.0026221382077657963
11.708,0.0020319469960106895,0.002631365207754901
11.71,0.0020318351923485785,0.002640589620857992
11.712,0.0020317688675860705,0.0026498114445611632
11.714,0.0020317496537761316,0.002659030676342707
11.716,0.002031779182469745,0.002668247313673035
11.718,0.002031859084292706,0.002677461354015021
11.72,0.0020319909885802177,0.0026866727948236064
11.722,0.0020321765230805473,0.0026958816335462188
11.724,0.00203241731372497,0.0027050878676224996
11.726,0.002032714984451617,0.0027142914944846227
11.728,0.002033071157063015,0.0027234925115570395
11.73,0.0020334874510942397,0.0027326909162567197
11.732,0.0020339654836700567,0.002741886705993115
11.734,0.0020345068693339696,0.0027510798781681207
11.736,0.002035113219838001,0.0027602704301761985
11.738,0.0020357861438900517,0.002769458359404397
11.74,0.002036527246862211,0.002778643663232297
11.742,0.0020373381304691182,0.0027878263390322486
11.744,0.002038220392429024,0.0027970063841690775
11.746,0.0020391756261222502,0.002806183796000444
11.748,0.0020402054202604608,0.0028153585718765865
11.75,0.002041311358577871,0.0028245307091406017
11.752,0.002042495019551099,0.002833700205128327
11.754,0.0020437579761502485,0.00284286705716838
11.756,0.0020451017956190963,0.002852031262582243
11.758,0.002046528039279134,0.0028611928186843007
11.76,0.002048038262349991,0.0028703517227817044
11.762,0.0020496340137780436,0.002879507972174691
11.764,0.002051316836065127,0.0028886615641563244
11.766,0.002053088265090513,0.0028978124960127166
11.768,0.0020549498299206664,0.002906960765022988
11.77,0.0020569030526033172,0.00291610636845923
11.772,0.0020589494479452126,0.0029252493035867616
11.774,0.002061090523275166,0.0029343895676638143
11.776,0.0020633277781967356,0.0029435271579418493
11.778,0.0020656627043374636,0.0029526620716654995
11.78,0.0020680967851020304,0.002961794306072529
11.782,0.0020706314954365562,0.002970923858393974
11.784,0.0020732683016091023,0.0029800507258540216
11.786,0.002076008661007784,0.002989174905670231
11.788,0.00207885402195513,0.0029982963950534124
11.79,0.002081805823533214,0.0030074151912077083
11.792,0.002084865495413661,0.003016531291330592
11.794,0.002088034457686879,0.0030256446926130256
11.796,0.0020913141206868645,0.0030347553922392247
11.798,0.002094705884811315,0.0030438633873870113
11.8,0.0020982111403393803,0.0030529686752275185
11.802,0.002101831267251112,0.003062071252925527
11.804,0.0021055676350523363,0.003071171117639205
11.806,0.0021094216026068774,0.003080268266520387
11.808,0.002113394517975131,0.0030893626967144344
11.81,0.0021174877182547247,0.0030984544053602723
11.812,0.002121702529417295,0.0031075433895905494
11.814,0.00212604026613453,0.0031166296465315766
11.816,0.0021305022315885533,0.0031257131733032463
11.818,0.0021350897172646628,0.00313479396701931
11.82,0.0021398040027287932,0.003143872024787138
11.822,0.0021446463553959198,0.0031529473437080157
11.824,0.0021496180302995214,0.003162019920876866
11.826,0.0021547202698727883,0.003171089753382563
11.828,0.0021599543037524715,0.003180156838307714
11.83,0.002165321348612367,0.0031892211727290137
11.832,0.0021708226080290344,0.003198282753716807
11.834,0.0021764592723765535,0.003207341578335563
11.836,0.002182232518741113,0.003216397643643694
11.838,0.002188143510842588,0.0032254509466934753
11.84,0.0021941933989484547,0.003234501484531379
11.842,0.002200383319766681,0.0032435492541976764
11.844,0.002206714396308507,0.003252594252727011
11.846,0.0022131877377171948,0.0032616364771478196
11.848,0.002219804439066079,0.0032706759244828876
11.85,0.0022265655811333916,0.0032797125917490267
11.852,0.0022334722301653636,0.0032887464759572527
11.854,0.0022405254376389777,0.003297777574112782
11.856,0.002247726240034365,0.003306805883215129
11.858,0.00225507565862358,0.003315831400257864
11.86,0.002262574699278487,0.0033248541222290484
11.862,0.002270224352297668,0.003333874046110913
11.864,0.0022780255922504066,0.0033428911688800533
11.866,0.002285979377834832,0.003351905487507468
11.868,0.00229408665174706,0.003360916998958475
11.87,0.0023023483405582865,0.003369925700192806
11.872,0.0023107653545954656,0.0033789315881646463
11.874,0.002319338587820446,0.0033879346598226887
11.876,0.0023280689176998913,0.0033969349121099708
11.878,0.002336957205058186,0.0034059323419641315
11.88,0.002346004293905491,0.003414926946317366
11.882,0.0023552110112364045,0.003423918722096304
11.884,0.0023645781667991756,0.003432907666222342
11.886,0.0023741065528426236,0.0034418937756113236
11.888,0.0023837969438532764,0.0034508770471738124
11.89,0.0023936500963002974,0.0034598574778150286
11.892,0.002403666748405513,0.0034688350644348056
11.894,0.002413847619952251,0.0034778098039277634
11.896,0.00242419341213853,0.003486781693183247
11.898,0.0024347048074697033,0.0034957507290853396
11.9,0.0024453824696752742,0.0035047169085128393
11.902,0.0024562270436277863,0.003513680228339454
11.904,0.0024672391552390954,0.003522640685433716
11.906,0.002478419411314492,0.0035315982766589782
11.908,0.0024897683993532534,0.00354055299887341
11.91,0.002501286687297369,0.003549504848930229
11.912,0.0025129748232413473,0.003558453823677499
11.914,0.0025248333351246695,0.003567399919958225
11.916,0.0025368627304303846,0.0035763431346104253
11.918,0.0025490634959106236,0.0035852834644670697
11.92,0.0025614360973508373,0.003594220906356251
11.922,0.0025739809793750962,0.0036031554571010014
11.924,0.0025866985652845814,0.003612087113519507
11.926,0.002599589256915818,0.0036210158724249626
11.928,0.002612653434503245,0.003629941730625744
11.93,0.002625891456533315,0.003638864684925444
11.932,0.002639303659581859,0.0036477847321226865
11.934,0.0026528903581324688,0.003656701869011341
11.936,0.0026666518443774546,0.0036656160923805147
11.938,0.002680588388005527,0.00367452739901455
11.94,0.0026947002359797214,0.003683435785692975
11.942,0.0027089876123086313,0.0036923412491907397
11.944,0.002723450717811998,0.003701243786277988
11.946,0.002738089729882356,0.003710143393720292
11.948,0.0027529048022440043,0.0037190400682784682
11.95,0.002767896064713831,0.003727933806708767
11.952,0.0027830636229683407,0.0037368246057628888
11.954,0.0027984075583229744,0.0037457124621878765
11.956,0.002813927927527773,0.0037545973727262302
11.958,0.002829624762580661,0.003763479334115998
11.96,0.0028454980705556847,0.0037723583430906518
11.962,0.002861547833439763,0.003781234396379179
11.964,0.0028777740079691068,0.0037901074907061368
11.966,0.002894176525455518,0.003798977622791643
11.968,0.0029107552915955477,0.0038078447893513724
11.97,0.0029275101862583854,0.003816708987096606
11.972,0.0029444410632539003,0.003825570212734287
11.974,0.002961547750085886,0.003834428462966991
11.976,0.0029788300477001485,0.003843283734492941
11.978,0.0029962877302368005,0.0038521360240060983
11.98,0.00301392054479572,0.0038609853281961156
11.982,0.0030317282112213985,0.0038698316437484294
11.984,0.0030497104219083786,0.0038786749673441535
11.986,0.0030678668416249336,0.0038875152956602695
11.988,0.0030861971073491133,0.0038963526253696
11.99,0.003104700828110294,0.0039051869531405822
11.992,0.003123377584829151,0.003914018275637797
11.994,0.0031422269301518866,0.003922846589521445
11.996,0.003161248388276804,0.003931671891447755
11.998,0.0031804414547745357,0.003940494178068956
12.0,0.0031998055964045377,0.003949313446032934
12.002,0.0032193402509308306,0.003958129691983776
12.004,0.0032390448269391287,0.003966942912561569
12.006,0.0032589187036559893,0.003975753104402169
12.008,0.0032789612307692275,0.00398456026413769
12.01,0.0032991717282495996,0.00399336438839618
12.012,0.0033195494861747426,0.00400216547380177
12.014,0.0033400937645588647,0.004010963516974685
12.016,0.00336080379319456,0.004019758514531276
12.018,0.0033816787715131493,0.0040285504630839545
12.02,0.00340271786846951,0.004037339359241398
12.022,0.003423920222452753,0.004046125199608384
12.024,0.003445284941218542,0.004054907980785842
12.026,0.003466811101832993,0.0040636876993710444
12.028,0.0034884977506133845,0.004072464351957396
12.03,0.003510343903050706,0.004081237935134545
12.032,0.0035323485437021543,0.004090008445488535
12.034,0.0035545106260498234,0.004098775879601556
12.036,0.003576829072331072,0.004107540234052255
12.038,0.0035993027733560224,0.004116301505415543
12.04,0.0036219305883336697,0.004125059690262653
12.042,0.0036447113447295437,0.004133814785161343
12.044,0.003667643838173233,0.004142566786675591
12.046,0.0036907268324244554,0.004151315691365985
12.048,0.00371395905939408,0.004160061495789333
12.05,0.0037373392192049143,0.00416880419649913
12.052,0.003760865980268953,0.004177543790045254
12.054,0.0037845379793547984,0.004186280272973991
12.056,0.0038083538216241494,0.00419501364182835
12.058,0.0038323120806239607,0.004203743893147709
12.06,0.003856411298234453,0.0042124710234681655
12.062,0.003880649984584313,0.00422119502932223
12.064,0.003905026617953126,0.00422991590723917
12.066,0.003929539644684466,0.004238633653744766
12.068,0.0039541874791309654,0.004247348265361497
12.07,0.003978968503644392,0.0042560597386085315
12.072,0.004003881068614759,0.004264768070001597
12.074,0.004028923492552256,0.00427347325605331
12.076,0.004054094062197805,0.004282175293272885
12.078,0.004079391032646272,0.004290874178166285
12.08,0.00410481262746642,0.0042995699072362874
12.082,0.004130357038807798,0.0043082624769824
12.084,0.004156022427491222,0.004316951883900962
12.086,0.004181806923086715,0.004325638124485122
12.088,0.00420770862398798,0.0043343211952249164
12.09,0.004233725597493974,0.004343001092607111
12.092,0.004259855879908035,0.00435167781311552
12.094,0.0042860974766612036,0.00436035135323072
12.096,0.00431244836246217,0.0043690217094302965
12.098,0.0043389064814728364,0.004377688878188714
12.1,0.004365469747504725,0.004386352855977426
12.102,0.004392136044230576,0.00439501363926484
12.104,0.004418903225405687,0.004403671224516352
12.106,0.004445769115092932,0.004412325608194408
12.108,0.00447273150788835,0.004420976786758497
12.11,0.004499788169143075,0.0044296247566650605
12.112,0.00452693683518061,0.004438269514367678
12.114,0.0045541752135083175,0.004446911056317036
12.116,0.0045815009830254775,0.004455549378960937
12.118,0.0046089117942320484,0.0044641844787442495
12.12,0.0046364052694457475,0.004472816352109012
12.122,0.0046639790030357405,0.004481444995494425
12.124,0.004691630561682014,0.004490070405336916
12.126,0.004719357484665753,0.00449869257807001
12.128,0.004747157284191654,0.004507311510124538
12.13,0.004775027445737702,0.004515927197928602
12.132,0.004802965428421511,0.004524539637907424
12.134,0.004830968665371322,0.004533148826483617
12.136,0.0048590345640895545,0.004541754760077066
12.138,0.004887160506802058,0.004550357435104922
12.14,0.004915343850793141,0.0045589568479816696
12.142,0.00494358192873339,0.004567552995119228
12.144,0.004971872049012832,0.004576145872926766
12.146,0.005000211496092677,0.004584735477810905
12.148,0.005028597530886179,0.004593321806175648
12.15,0.005057027391172569,0.004601904854422428
12.152,0.005085498292040327,0.004610484618950073
12.154,0.005114007426350027,0.0046190610961549345
12.156,0.005142551965203862,0.004627634282430775
12.158,0.005171129058410171,0.004636204174168935
12.16,0.0051997358349365865,0.004644770767758119
12.162,0.005228369403352119,0.004653334059584664
12.164,0.005257026852265027,0.004661894046032466
12.166,0.005285705250767869,0.004670450723482907
12.168,0.005314401648901826,0.004679004088315001
12.17,0.005343113078148871,0.004687554136905342
12.172,0.005371836551955822,0.0046961008656281516
12.174,0.005400569066287109,0.004704644270855283
12.176,0.00542930760019787,0.004713184348956208
12.178,0.0054580491164153925,0.004721721096298048
12.18,0.005486790561916673,0.004730254509245676
12.182,0.005515528868491901,0.004738784584161682
12.184,0.005544260953288313,0.004747311317406265
12.186,0.0055729837193346544,0.0047558347053374365
12.188,0.0056016940560524205,0.004764354744310944
12.19,0.005630388839764231,0.004772871430680342
12.192,0.0056590649342129085,0.004781384760796915
12.194,0.0056877191911041125,0.004789894731009726
12.196,0.005716348450683089,0.004798401337665762
12.198,0.005744949542349963,0.004806904577109798
12.2,0.005773519285311969,0.004815404445684426
12.202,0.005802054489263906,0.004823900939730158
12.204,0.0058305519550837575,0.004832394055585336
12.206,0.0058590084755277445,0.004840883789586294
12.208,0.005887420835911958,0.004849370138067265
12.21,0.005915785814771725,0.004857853097360348
12.212,0.005944100184497849,0.004866332663795633
12.214,0.005972360711955224,0.0048748088337012855
12.216,0.0060005641590955535,0.004883281603403334
12.218,0.0060287072835776495,0.0048917509692257945
12.22,0.00605678683940751,0.0049002169274908166
12.222,0.0060847995776055555,0.004908679474518508
12.224,0.006112742246902343,0.00491713860662706
12.226,0.006140611594457205,0.004925594320132755
12.228,0.0061684043665902475,0.004934046611349869
12.23,0.006196117309515955,0.0049424954765909
12.232,0.006223747170068583,0.004950940912166428
12.234,0.0062512906964130865,0.0049593829143851275
12.236,0.00627874463874167,0.004967821479553865
12.238,0.006306105749960158,0.00497625660397769
12.24,0.006333370786373057,0.004984688283959737
12.242,0.0063605365083769004,0.004993116515801452
12.244,0.006387599681170214,0.0050015412958024745
12.246,0.006414557075485103,0.005009962620260627
12.248,0.00644140546834054,0.005018380485472077
12.25,0.006468141643813066,0.0050267948877311605
12.252,0.006494762393817486,0.00503520582333051
12.254,0.006521264518888762,0.005043613288561097
12.256,0.006547644828957495,0.005052017279712176
12.258,0.006573900144114459,0.005060417793071314
12.26,0.006600027295363207,0.005068814824924466
12.262,0.006626023125363656,0.00507720837155585
12.264,0.006651884489171687,0.005085598429248222
12.266,0.006677608254980594,0.005093984994282588
12.268,0.0067031913048686605,0.005102368062938441
12.27,0.006728630535554351,0.005110747631493594
12.272,0.006753922859157979,0.005119123696224416
12.274,0.006779065203965882,0.005127496253405721
12.276,0.006804054515192416,0.005135865299310612
12.278,0.006828887755736174,0.005144230830210881
12.28,0.006853561906929279,0.005152592842376778
12.282,0.006878073969282213,0.005160951332076954
12.284,0.006902420963228976,0.005169306295578761
12.286,0.0069265999298800335,0.005177657729147923
12.288,0.006950607931788866,0.005186005629048872
12.29,0.006974442053735488,0.005194349991544478
12.292,0.00699809940352598,0.005202690812896309
12.294,0.0070215771128014776,0.005211028089364456
12.296,0.007044872337846548,0.0052193618172077585
12.298,0.007067982260384733,0.005227691992683466
12.3,0.00709090408835026,0.00523601861204774
12.302,0.007113635056629628,0.005244341671555183
12.304,0.007136172427773236,0.0052526611674592735
12.306,0.007158513492682531,0.0052609770960120004
12.308,0.00718065557128773,0.005269289453464157
12.31,0.007202596013228581,0.005277598236065288
12.312,0.007224332198555575,0.005285903440063613
12.314,0.0072458615384596425,0.005294205061706111
12.316,0.007267181476034162,0.005302503097238601
12.318,0.00728828948706593,0.005310797542905586
12.32,0.0073091830808423314,0.005319088394950357
12.322,0.0073298598009612905,0.005327375649615194
12.324,0.00735031722612792,0.005335659303141033
12.326,0.007370552970924648,0.005343939351767625
12.328,0.007390564686548742,0.005352215791733761
12.33,0.007410350061513674,0.005360488619276913
12.332,0.007429906822318136,0.005368757830633501
12.334,0.00744923273409174,0.0053770234220389315
12.336,0.007468325601225232,0.0053852853897274604
12.338,0.007487183267995498,0.005393543729932081
12.34,0.007505803619194155,0.0054017984388851185
12.342,0.00752418458076415,0.005410049512817541
12.344,0.007542324120448107,0.005418296947959395
12.346,0.007560220248447073,0.005426540740539674
12.348,0.007577871018089929,0.005434780886786456
12.35,0.007595274526505315,0.005443017382926728
12.352,0.007612428915294346,0.00545125022518657
12.354,0.00762933237119479,0.005459479409791055
12.356,0.007645983126734104,0.005467704932964313
12.358,0.007662379460864035,0.005475926790929631
12.36,0.007678519699574914,0.005484144979909297
12.362,0.007694402216487256,0.005492359496124683
12.364,0.007710025433421312,0.0055005703357962465
12.366,0.007725387820944472,0.005508777495143731
12.368,0.007740487898900766,0.00551698097038581
12.37,0.007755324236924151,0.005525180757740468
12.372,0.0077698954549414705,0.005533376853424703
12.374,0.007784200223669239,0.005541569253654849
12.376,0.007798237265109913,0.0055497579546463175
12.378,0.007812005353051484,0.0055579429526138166
12.38,0.007825503313573663,0.005566124243771158
12.382,0.007838730025559706,0.005574301824331555
12.384,0.007851684421209749,0.005582475690507226
12.386,0.007864365486548067,0.005590645838509914
12.388,0.00787677226191352,0.005598812264550433
12.39,0.007888903842421692,0.005606974964839002
12.392,0.00790075937838991,0.005615133935585016
12.394,0.007912338075717564,0.005623289172997399
12.396,0.007923639196224243,0.00563144067328411
12.398,0.007934662057948804,0.005639588432652762
12.4,0.007945406035422712,0.005647732447310088
12.402,0.007955870559930356,0.005655872713462258
12.404,0.007966055119772374,0.005664009227314801
12.406,0.007975959260543038,0.005672141985072727
12.408,0.00798558258543035,0.005680270982940427
12.41,0.007994924755538287,0.00568839621712154
12.412,0.00800398549022641,0.005696517683819363
12.414,0.008012764567452382,0.005704635379236563
12.416,0.008021261824100422,0.005712749299575232
12.418,0.008029477156276233,0.005720859441036892
12.42,0.008037410519551029,0.00572896579982267
12.422,0.00804506192914147,0.005737068372133085
12.424,0.008052431460022437,0.005745167154168307
12.426,0.008059519246976347,0.005753262142127817
12.428,0.008066325484595042,0.005761353332210767
12.43,0.008072850427251949,0.0057694407206159036
12.432,0.008079094389069385,0.005777524303541368
12.434,0.008085057743897688,0.005785604077185075
12.436,0.008090740925322608,0.005793680037744334
12.438,0.008096144426701635,0.005801752181416212
12.44,0.008101268801227721,0.005809820504397272
12.442,0.008106114662003894,0.005817885002883792
12.444,0.008110682682115586,0.005825945673071572
12.446,0.008114973594680741,0.005834002511156207
12.448,0.008118988192861895,0.0058420555133328915
12.45,0.00812272732983035,0.005850104675796418
12.452,0.008126191918673547,0.0058581499947413995
12.454,0.008129382932245018,0.0058661914663620095
12.456,0.008132301402959232,0.00587422908685226
12.458,0.008134948422537942,0.005882262852405803
12.46,0.008137325141720286,0.005890292759216072
12.462,0.008139432769950447,0.005898318803476241
12.464,0.008141272575060251,0.005906340981379205
12.466,0.00814284588296161,0.0059143592891177385
12.468,0.008144154077361056,0.005922373722884239
12.47,0.008145198599499456,0.005930384278871064
12.472,0.008145980947912357,0.005938390953270251
12.474,0.008146502678194525,0.005946393742273779
12.476,0.008146765402749107,0.0059543926420733105
12.478,0.008146770790497112,0.005962387648860524
12.48,0.008146520566530075,0.005970378758826881
12.482,0.008146016511695645,0.005978365968163644
12.484,0.008145260462119648,0.005986349273062074
12.486,0.008144254308676864,0.005994328669713214
12.488,0.0081429999964296,0.0060023041543081825
12.49,0.008141499524056543,0.006010275723037822
12.492,0.0081397549432853,0.00601824337209301
12.494,0.008137768358336907,0.006026207097664486
12.496,0.008135541925380184,0.006034166895943103
12.498,0.008133077851984076,0.006042122763119613
12.5,0.008130378396557052,0.006050074695384548
12.502,0.008127445867759358,0.00605802268892875
12.504,0.008124282623883029,0.006065966739942783
12.506,0.008120891072199227,0.006073906844617481
12.508,0.008117273668277712,0.006081842999143477
12.51,0.008113432915290302,0.006089775199711513
12.512,0.008109371363304666,0.006097703442512448
12.514,0.008105091608577678,0.006105627723737169
12.516,0.008100596292848716,0.006113548039576517
12.518,0.008095888102630558,0.0061214643862215826
12.52,0.008090969768492043,0.006129376759863485
12.522,0.008085844064323399,0.006137285156693394
12.524,0.00808051380657774,0.006145189572902664
12.526,0.00807498185348021,0.006153090004682779
12.528,0.00806925110420331,0.006160986448225307
12.53,0.00806332449800592,0.006168878899722
12.532,0.008057205013341418,0.006176767355364794
12.534,0.008050895666938044,0.006184651811345747
12.536,0.008044399512863922,0.006192532263857137
12.538,0.0080377196415828,0.006200408709091464
12.54,0.00803085917901331,0.0062082811432413445
12.542,0.008023821285595442,0.0062161495624996925
12.544,0.008016609155369144,0.006224013963059639
12.546,0.008009226015060758,0.006231874341114547
12.548,0.00800167512317033,0.006239730692857977
12.55,0.007993959769050379,0.006247583014483897
12.552,0.007986083271963384,0.006255431302186367
12.554,0.00797804898011251,0.006263275552159835
12.556,0.007969860269639476,0.006271115760599097
12.558,0.007961520543592898,0.006278951923699114
12.56,0.00795303323087428,0.006286784037655291
12.562,0.007944401785169714,0.006294612098663257
12.564,0.007935629683880242,0.006302436102919119
12.566,0.007926720427057932,0.0063102560466191055
12.568,0.007917677536352547,0.0063180719259601
12.57,0.007908504553970852,0.006325883737139123
12.572,0.00789920504164399,0.006333691476353669
12.574,0.007889782579598137,0.006341495139801662
12.576,0.007880240765522633,0.006349294723681321
12.578,0.007870583213526669,0.006357090224191445
12.58,0.007860813553081707,0.006364881637531047
12.582,0.007850935427946073,0.00637266895989982
12.584,0.007840952495071163,0.006380452187497641
12.586,0.007830868423490567,0.006388231316525103
12.588,0.007820686893199326,0.006396006343183025
12.59,0.007810411594025365,0.006403777263672873
12.592,0.007800046224503056,0.006411544074196642
12.594,0.007789594490752,0.006419306770956568
12.596,0.007779060105366582,0.006427065350155765
12.598,0.007768446786316791,0.006434819807997475
12.6,0.007757758255858165,0.006442570140685825
12.602,0.0077469982394483255,0.006450316344425194
12.604,0.007736170464663746,0.006458058415420782
12.606,0.007725278660112723,0.006465796349878106
12.608,0.0077143265543420944,0.006473530144003448
12.61,0.007703317874736881,0.006481259794003534
12.612,0.007692256346415606,0.006488985296085722
12.614,0.007681145691126008,0.006496706646458094
12.616,0.00766998962614669,0.006504423841329161
12.618,0.00765879186319979,0.006512136876908235
12.62,0.007647556107376313,0.00651984574940506
12.622,0.007636286056076121,0.006527550455030186
12.624,0.007624985397958153,0.00653525098999475
12.626,0.007613657811895969,0.006542947350510628
12.628,0.007602306965934346,0.0065506395327902985
12.63,0.007590936516239414,0.006558327533046877
12.632,0.007579550106042489,0.00656601134749434
12.634,0.007568151364576287,0.0065736909723472185
12.636,0.007556743906011509,0.0065813664038208404
12.638,0.007545331328399971,0.00658903763813118
12.64,0.007533917212637293,0.006596704671495043
12.642,0.007522505121453505,0.006604367500129935
12.644,0.007511098598439843,0.006612026120254138
12.646,0.007499701167111552,0.00661968052808659
12.648,0.007488316330002799,0.006627330719847197
12.65,0.007476947567780265,0.006634976691756523
12.652,0.007465598338362035,0.0066426184400359065
12.654,0.007454272076023063,0.006650255960907617
12.656,0.007442972190476121,0.006657889250594594
12.658,0.00743170206592056,0.006665518305320709
12.66,0.007420465060063679,0.006673143121310549
12.662,0.007409264503124655,0.006680763694789715
12.664,0.007398103696842449,0.006688380021984476
12.666,0.007386985913508435,0.0066959920991221025
12.668,0.0073759143950459785,0.006703599922430792
12.67,0.007364892352151346,0.0067112034881393594
12.672,0.007353922963501266,0.00671880279247778
12.674,0.007343009375022981,0.006726397831676767
12.676,0.007332154699210813,0.006733988601968059
12.678,0.007321362014469429,0.006741575099584197
12.68,0.00731063436445825,0.006749157320758807
12.682,0.007299974757417366,0.006756735261726281
12.684,0.0072893861654588984,0.0067643089187220725
12.686,0.0072788715238211385,0.006771878287982659
12.688,0.007268433730087773,0.0067794433657452444
12.69,0.007258075643391929,0.0067870041482482706
12.692,0.007247800083622495,0.006794560631730987
12.694,0.007237609830660874,0.006802112812433802
12.696,0.007227507623666894,0.006809660686597916
12.698,0.007217496160431207,0.006817204250465762
12.7,0.007207578096797842,0.006824743500280625
12.702,0.007197756046152877,0.006832278432286977
12.704,0.007188032578964675,0.00683980904273027
12.706,0.007178410222355127,0.006847335327856901
12.708,0.007168891459680579,0.006854857283914496
12.71,0.007159478730103886,0.0068623749071516265
12.712,0.007150174428145176,0.0068698881938181085
12.714,0.00714098090320722,0.006877397140164584
12.716,0.007131900459082234,0.0068849017424430625
12.718,0.007122935353449315,0.006892401996906478
12.72,0.007114087797378988,0.006899897899808986
12.722,0.007105359954859578,0.006907389447405742
12.724,0.007096753942357302,0.006914876635953277
12.726,0.007088271828417621,0.006922359461709007
12.728,0.007079915633309421,0.00692983792093161
12.73,0.007071687328708486,0.0069373120098809825
12.732,0.007063588837413504,0.0069447817248180195
12.734,0.007055622033085723,0.006952247062005015
12.736,0.007047788740003649,0.00695970801770528
12.738,0.007040090732826727,0.00696716458818341
12.74,0.007032529736364368,0.006974616769705197
12.742,0.007025107425351462,0.006982064558537538
12.744,0.007017825424234554,0.006989507950948847
12.746,0.007010685306975664,0.006996946943208357
12.748,0.00700368859688103,0.007004381531586928
12.75,0.006996836766461206,0.007011811712356397
12.752,0.006990131237324766,0.007019237481790031
12.754,0.006983573380104582,0.0070266588361622365
12.756,0.006977164514410048,0.007034075771748849
12.758,0.006970905908796645,0.007041488284826802
12.76,0.006964798780743427,0.007048896371674484
12.762,0.006958844296631238,0.007056300028571519
12.764,0.00695304357171888,0.007063699251798795
12.766,0.006947397670120403,0.007071094037638688
12.768,0.0069419076047905134,0.007078484382374669
12.77,0.006936574337528463,0.007085870282291747
12.772,0.006931398779009533,0.007093251733676155
12.774,0.006926381788850104,0.007100628732815525
12.776,0.006921524175706663,0.007108001275998815
12.778,0.0069168266974037615,0.00711536935951645
12.78,0.006912290061081507,0.007122732979660182
12.782,0.006907914923352542,0.00713009213272305
12.784,0.00690370189045962,0.007137446814999688
12.786,0.0068996515184296765,0.007144797022785961
12.788,0.006895764313225162,0.007152142752379257
12.79,0.006892040730898142,0.007159484000078314
12.792,0.0068884811777553245,0.007166820762183343
12.794,0.006885086010541935,0.007174153034995956
12.796,0.006881855536650736,0.007181480814819267
12.798,0.0068787900143580825,0.007188804097957869
12.8,0.006875889653086484,0.007196122880717641
12.802,0.006873154613690065,0.0072034371594062166
12.804,0.006870585008758798,0.007210746930332444
12.806,0.006868180902938833,0.00721805218980681
12.808,0.006865942313266989,0.007225352934141213
12.81,0.00686386920951923,0.007232649159649178
12.812,0.006861961514573478,0.007239940862645593
12.814,0.006860219104785399,0.007247228039447021
12.816,0.006858641810374272,0.0072545106863714254
12.818,0.00685722941581344,0.007261788799738327
12.82,0.006855981660219106,0.007269062375868904
12.822,0.006854898237731038,0.007276331411085753
12.824,0.0068539787978819915,0.007283595901713095
12.826,0.006853222945956512,0.0072908558440766885
12.828,0.006852630243344512,0.007298111234503966
12.83,0.006852200207899483,0.0073053620693238055
12.832,0.006851932314313311,0.007312608344866839
12.834,0.00685182599451994,0.007319850057465062
12.836,0.006851880638137235,0.007327087203452343
12.838,0.00685209559295139,0.007334319779164091
12.84,0.006852470165442469,0.007341547780937178
12.842,0.0068530036213430125,0.007348771205110347
12.844,0.006853695186216579,0.00735599004802378
12.846,0.006854544046039919,0.0073632043060195065
12.848,0.00685554934777168,0.0073704139754409885
12.85,0.0068567101998925975,0.0073776190526335895
12.852,0.006858025672908092,0.007384819533944126
12.854,0.006859494799810015,0.007392015415721274
12.856,0.006861116576504139,0.007399206694315319
12.858,0.006862889962216988,0.007406393366078197
12.86,0.006864813879901981,0.007413575427363708
12.862,0.006866887216667725,0.0074207528745270845
12.864,0.006869108824248918,0.007427925703925609
12.866,0.006871477519534351,0.007435093911918023
12.868,0.006873992085156696,0.007442257494864998
12.87,0.0068766512701367785,0.007449416449128821
12.872,0.006879453790565497,0.00745657077107357
12.874,0.006882398330298877,0.0074637204570651115
12.876,0.006885483541640247,0.0074708655034709925
12.878,0.006888708045988008,0.007478005906660658
12.88,0.006892070434436039,0.00748514166300522
12.882,0.006895569268326074,0.007492272768877685
12.884,0.006899203079762472,0.007499399220652704
12.886,0.006902970372109156,0.007506521014706912
12.888,0.00690686962049103,0.007513638147418585
12.89,0.006910899272321107,0.007520750615167958
12.892,0.006915057747866861,0.007527858414337066
12.894,0.006919343440860084,0.007534961541309634
12.896,0.006923754719144572,0.0075420599924714785
12.898,0.006928289925348305,0.0075491537642100055
12.9,0.006932947377563033,0.00755624285291469
12.902,0.006937725370015275,0.0075633272549767115
12.904,0.00694262217371573,0.00757040696678922
12.906,0.0069476360370821725,0.007577481984747173
12.908,0.006952765186535868,0.007584552305247507
12.91,0.00695800782707859,0.007591617924688942
12.912,0.006963362142859908,0.007598678839472184
12.914,0.00696882629774619,0.007605735045999841
12.916,0.006974398435901314,0.007612786540676321
12.918,0.006980076682387162,0.007619833319908154
12.92,0.0069858591437876125,0.0076268753801035935
12.922,0.006991743908857279,0.007633912717672973
12.924,0.006997729049191973,0.007640945329028477
12.926,0.007003812619915467,0.0076479732105842755
12.928,0.007009992660375607,0.0076549963587566145
12.93,0.007016267194841438,0.007662014769963475
12.932,0.007022634233194251,0.007669028440625019
12.934,0.007029091771606706,0.0076760373671631785
12.936,0.007035637793206441,0.007683041546002136
12.938,0.007042270268724254,0.007690040973567787
12.94,0.007048987157129569,0.007697035646288305
12.942,0.007055786406258422,0.007704025560593603
12.944,0.0070626659534415,0.007711010712915869
12.946,0.007069623726139394,0.007717991099689045
12.948,0.007076657642592213,0.007724966717349303
12.95,0.007083765612488085,0.0077319375623348474
12.952,0.007090945537651961,0.007738903631085769
12.954,0.007098195312752642,0.0077458649200443635
12.956,0.0071055128260217,0.007752821425654901
12.958,0.007112895959976407,0.007759773144363765
12.96,0.007120342592135129,0.007766720072619295
12.962,0.007127850595718429,0.007773662206872139
12.964,0.007135417840327154,0.007780599543574791
12.966,0.007143042192597416,0.007787532079181978
12.968,0.007150721516835621,0.007794459810150494
12.97,0.007158453675641188,0.007801382732939177
12.972,0.007166236530527084,0.007808300844009067
12.974,0.007174067942549638,0.007815214139823251
12.976,0.007181945772956177,0.007822122616847034
12.978,0.007189867883854488,0.007829026271547725
12.98,0.007197832138905689,0.007835925100394873
12.982,0.007205836404035983,0.00784281909986014
12.984,0.007213878548164405,0.007849708266417335
12.986,0.007221956443937935,0.007856592596542478
12.988,0.00723006796847157,0.007863472086713674
12.99,0.007238211004087857,0.00787034673341123
12.992,0.007246383439054046,0.007877216533117647
12.994,0.0072545831683121466,0.007884081482317652
12.996,0.0072628080941997695,0.007890941577498067
12.998,0.007271056127155241,0.007897796815147991
13.0,0.007279325186404942,0.007904647191758693
13.002,0.007287613200627792,0.007911492703823693
13.004,0.007295918108599937,0.007918333347838728
13.006,0.007304237859821249,0.00792516912030167
13.008,0.007312570415133514,0.007932000017712805
13.01,0.0073209137473397015,0.007938826036574396
13.012,0.007329265841832682,0.007945647173391251
13.014,0.007337624697243504,0.007952463424670188
13.016,0.007345988326110994,0.0079592747869204
13.018,0.007354354755572248,0.007966081256653391
13.02,0.007362722028070065,0.007972882830382765
13.022,0.007371088202067586,0.007979679504624623
13.024,0.0073794513527630475,0.00798647127589713
13.026,0.0073878095727930235,0.007993258140720957
13.028,0.0073961609729190445,0.008000040095618891
13.03,0.0074045036826889095,0.00800681713711617
13.032,0.0074128358510705174,0.008013589261740181
13.034,0.007421155647054053,0.008020356466020808
13.036,0.007429461260226099,0.008027118746490126
13.038,0.007437750901315963,0.008033876099682643
13.04,0.0074460228027227356,0.008040628522135053
13.042,0.007454275219031196,0.008047376010386544
13.044,0.007462506427527824,0.008054118560978676
13.046,0.007470714728726976,0.00806085617045509
13.048,0.007478898446916694,0.008067588835362174
13.05,0.0074870559307281615,0.008074316552248368
13.052,0.007495185553728828,0.008081039317664707
13.054,0.007503285715033476,0.008087757128164383
13.056,0.007511354839921443,0.008094469980303217
13.058,0.007519391380448849,0.008101177870639287
13.06,0.0075273938160401645,0.008107880795733024
13.062,0.007535360654049338,0.008114578752147461
13.064,0.007543290430282054,0.008121271736447814
13.066,0.007551181709475951,0.008127959745201845
13.068,0.007559033085740724,0.008134642774979703
13.07,0.007566843182964343,0.008141320822353965
13.072,0.007574610655192938,0.008147993883899694
13.074,0.0075823341869939226,0.00815466195619436
13.076,0.007590012493811196,0.008161325035817794
13.078,0.007597644322321234,0.008167983119352453
13.08,0.007605228450792398,0.00817463620338318
13.082,0.0076127636894511115,0.0081812842844972
13.084,0.007620248880852827,0.008187927359284362
13.086,0.007627682900252843,0.008194565424336811
13.088,0.007635064655969471,0.008201198476249434
13.09,0.007642393089732911,0.008207826511619285
13.092,0.007649667177010106,0.008214449527046228
13.094,0.007656885927299782,0.008221067519132406
13.096,0.007664048384393306,0.00822768048448258
13.098,0.00767115362660031,0.008234288419704031
13.1,0.007678200766940408,0.008240891321406487
13.102,0.007685188953307043,0.008247489186202283
13.104,0.007692117368607439,0.008254082010706177
13.106,0.007698985230888672,0.008260669791535646
13.108,0.007705791793452844,0.008267252525310515
13.11,0.00771253634497004,0.008273830208653318
13.112,0.00771921820959015,0.008280402838189009
13.114,0.007725836747056183,0.008286970410545177
13.116,0.007732391352817064,0.008293532922352062
13.118,0.007738881458137843,0.008300090370242303
13.12,0.007745306530199572,0.00830664275085129
13.122,0.007751666072182699,0.008313190060816777
13.124,0.007757959623324095,0.008319732296779408
13.126,0.007764186758938849,0.008326269455382129
13.128,0.007770347090400109,0.008332801533270746
13.13,0.0077764402650711256,0.008339328527093426
13.132,0.007782465966190683,0.008345850433501174
13.134,0.007788423912716874,0.008352367249147487
13.136,0.007794313859138012,0.00835887897068853
13.138,0.007800135595264397,0.008365385594783071
13.14,0.007805888946016448,0.008371887118092503
13.142,0.007811573771220032,0.008378383537280962
13.144,0.007817189965422409,0.008384874849015123
13.146,0.007822737457728143,0.008391361049964421
13.148,0.007828216211657364,0.008397842136800757
13.15,0.007833626225014611,0.008404318106198985
13.152,0.007838967529756186,0.00841078895483632
13.154,0.007844240191839835,0.008417254679392909
13.156,0.007849444311041055,0.008423715276551502
13.158,0.007854580020721692,0.00843017074299744
13.16,0.00785964748754295,0.008436621075418878
13.162,0.007864646911118517,0.008443066270506604
13.164,0.007869578523613842,0.008449506324954186
13.166,0.007874442589300845,0.008455941235457766
13.168,0.00787923940408417,0.008462370998716403
13.17,0.007883969295019362,0.008468795611431648
13.172,0.007888632619838864,0.008475215070307966
13.174,0.007893229766505217,0.008481629372052484
13.176,0.007897761152798324,0.00848803851337501
13.178,0.007902227225939666,0.008494442490988218
13.18,0.007906628462246618,0.008500841301607458
13.182,0.00791096536680062,0.008507234941950834
13.184,0.007915238473111789,0.008513623408739188
13.186,0.007919448342755356,0.008520006698696216
13.188,0.007923595564965248,0.008526384808548275
13.19,0.007927680756169316,0.008532757735024564
13.192,0.007931704559467373,0.008539125474857153
13.194,0.007935667644056595,0.008545488024780638
13.196,0.007939570704622367,0.008551845381532704
13.198,0.007943414460715868,0.00855819754185363
13.2,0.007947199656141626,0.008564544502486603
13.202,0.007950927058374328,0.008570886260177522
13.204,0.007954597458017743,0.008577222811675304
13.206,0.007958211668306752,0.00858355415373137
13.208,0.007961770524645919,0.008589880283100251
13.21,0.007965274884166056,0.008596201196539222
13.212,0.007968725625279264,0.00860251689080823
13.214,0.007972123647211955,0.008608827362670364
13.216,0.007975469869499215,0.008615132608891329
13.218,0.00797876523143582,0.008621432626239755
13.22,0.007982010691487273,0.008627727411487115
13.222,0.007985207226673804,0.008634016961407798
13.224,0.007988355831946774,0.00864030127277892
13.226,0.007991457519578277,0.008646580342380644
13.228,0.007994513318577619,0.008652854166995976
13.23,0.007997524274144938,0.008659122743410661
13.232,0.008000491447158725,0.008665386068413553
13.234,0.008003415913687263,0.008671644138796094
13.236,0.008006298764507314,0.008677896951353018
13.238,0.008009141104613447,0.008684144502881618
13.24,0.008011944052704117,0.008690386790182325
13.242,0.008014708740638716,0.008696623810058278
13.244,0.008017436312867261,0.008702855559315721
13.246,0.008020127925844181,0.008709082034763787
13.248,0.008022784747442136,0.008715303233214422
13.25,0.008025407956382114,0.008721519151482648
13.252,0.008027998741696398,0.008727729786386352
13.254,0.00803055830223153,0.008733935134746379
13.256,0.008033087846192468,0.008740135193386466
13.258,0.008035588590722327,0.00874632995913345
13.26,0.008038061761502527,0.008752519428816951
13.262,0.008040508592357247,0.008758703599269746
13.264,0.008042930324846096,0.008764882467327388
13.266,0.008045328207830433,0.008771056029828512
13.268,0.008047703497007229,0.00877722428361479
13.27,0.008050057454412046,0.0087833872255307
13.272,0.008052391347898785,0.00878954485242395
13.274,0.008054706450613394,0.008795697161144972
13.276,0.008057004040478141,0.008801844148547438
13.278,0.00805928539970434,0.008807985811487822
13.28,0.008061551814345334,0.008814122146825832
13.282,0.008063804573892355,0.008820253151423915
13.284,0.00806604497090995,0.008826378822147783
13.286,0.008068274300696069,0.00883249915586613
13.288,0.00807049386095239,0.00883861414945052
13.29,0.008072704951448054,0.008844723799775729
13.292,0.008074908873665116,0.008850828103719477
13.294,0.008077106930425055,0.008856927058162585
13.296,0.008079300425498958,0.008863020659988806
13.298,0.008081490663215538,0.008869108906085154
13.3,0.00808367894807947,0.008875191793341503
13.302,0.008085866584412406,0.008881269318650863
13.304,0.008088054876021943,0.008887341478909402
13.306,0.008090245125896876,0.008893408271016168
13.308,0.008092438635918693,0.008899469691873503
13.31,0.008094636706577044,0.008905525738386629
13.312,0.008096840636674395,0.008911576407464095
13.314,0.008099051723012824,0.008917621696017217
13.316,0.008101271260060779,0.008923661600960765
13.318,0.00810350053960559,0.008929696119212273
13.32,0.008105740850403284,0.008935725247692651
13.322,0.008107993477841033,0.00894174898332585
13.324,0.0081102597036231,0.008947767323038832
13.326,0.008112540805486346,0.008953780263761766
13.328,0.00811483805694763,0.008959787802427968
13.33,0.008117152727072283,0.008965789935973835
13.332,0.008119486080254125,0.00897178666133889
13.334,0.008121839375993856,0.008977777975465865
13.336,0.008124213868662652,0.008983763875300548
13.338,0.008126610807246894,0.008989744357791913
13.34,0.008129031435073583,0.008995719419892181
13.342,0.008131476989519127,0.00900168905855657
13.344,0.008133948701713143,0.009007653270743573
13.346,0.008136447796244914,0.009013612053414777
13.348,0.008138975490880822,0.009019565403535044
13.35,0.00814153299629887,0.009025513318072291
13.352,0.008144121515840864,0.009031455793997709
13.354,0.008146742245279935,0.00903739282828564
13.356,0.008149396372600566,0.009043324417913662
13.358,0.00815208507778459,0.009049250559862394
13.36,0.008154809532598754,0.009055171251115835
13.362,0.008157570900378096,0.009061086488661168
13.364,0.008160370335801652,0.009066996269488635
13.366,0.008163208984657127,0.009072900590591938
13.368,0.008166087983589664,0.00907879944896771
13.37,0.008169008459834867,0.00908469284161604
13.372,0.008171971530932897,0.00909058076554013
13.374,0.008174978304429427,0.009096463217746455
13.376,0.008178029877566502,0.009102340195244672
13.378,0.00818112733697321,0.00910821169504779
13.38,0.008184271758367,0.009114077714172004
13.382,0.008187464206274987,0.00911993824963663
13.384,0.008190705733783566,0.009125793298464482
13.386,0.008193997382316817,0.009131642857681433
13.388,0.008197340181441044,0.009137486924316755
13.39,0.008200735148684602,0.009143325495402864
13.392,0.008204183289359474,0.009149158567975617
13.394,0.008207685596370976,0.009154986139073895
13.396,0.008211243050003425,0.009160808205740107
13.398,0.0082148566176782,0.00916662476501989
13.4,0.008218527253682988,0.009172435813962033
13.402,0.00822225589888328,0.009178241349618782
13.404,0.008226043480424852,0.0091840413690456
13.406,0.008229890911441324,0.009189835869301277
13.408,0.008233799090776456,0.009195624847447877
13.41,0.008237768902725661,0.00920140830055085
13.412,0.008241801216797186,0.00920718622567888
13.414,0.008245896887487416,0.009212958619904012
13.416,0.008250056754062885,0.009218725480301667
13.418,0.00825428164034122,0.009224486803950466
13.42,0.008258572354465588,0.009230242587932527
13.422,0.008262929688671448,0.009235992829333075
13.424,0.008267354419047237,0.009241737525241035
13.426,0.008271847305294337,0.009247476672748256
13.428,0.00827640909049224,0.009253210268950271
13.43,0.00828104050087415,0.009258938310945772
13.432,0.008285742245615409,0.009264660795836932
13.434,0.008290515016635353,0.009270377720729271
13.436,0.00829535948840947,0.00927608908273155
13.438,0.008300276317786754,0.009281794878956102
13.44,0.008305266143808367,0.009287495106518414
13.442,0.008310329587523582,0.009293189762537648
13.444,0.00831546725180061,0.009298878844135971
13.446,0.008320679721135139,0.009304562348439313
13.448,0.008325967561457934,0.009310240272576722
13.45,0.008331331319946957,0.009315912613680756
13.452,0.008336771524849256,0.009321579368887462
13.454,0.008342288685315419,0.009327240535336115
13.456,0.00834788329125069,0.009332896110169568
13.458,0.008353555813182654,0.009338546090533872
13.46,0.008359306702144765,0.009344190473578812
13.462,0.00836513638957557,0.009349829256457248
13.464,0.00837104528722997,0.009355462436325745
13.466,0.008377033787101964,0.009361090010344145
13.468,0.008383102261357016,0.009366711975675835
13.47,0.008389251062272812,0.00937232832948745
13.472,0.00839548052218581,0.009377939068949279
13.474,0.008401790953442963,0.009383544191235027
13.476,0.008408182648354915,0.009389143693521677
13.478,0.008414655879149337,0.00939473757298992
13.48,0.008421210897925267,0.009400325826823694
13.482,0.008427847936608845,0.009405908452210527
13.484,0.008434567206917052,0.00941148544634132
13.486,0.00844136890033657,0.009417056806410603
13.488,0.008448253188127154,0.00942262252961615
13.49,0.008455220221355376,0.009428182613159442
13.492,0.008462270130963874,0.009433737054245326
13.494,0.008469403027873947,0.00943928585008214
13.496,0.008476619003113053,0.009444828997881797
13.498,0.0084839181279576,0.00945036649485955
13.5,0.008491300454074618,0.009455898338234354
13.502,0.00849876601365428,0.009461424525228456
13.504,0.008506314819525714,0.00946694505306784
13.506,0.008513946865260536,0.009472459918981763
13.508,0.008521662125271747,0.009477969120203166
13.51,0.008529460554924845,0.009483472653968508
13.512,0.00853734209067488,0.009488970517517632
13.514,0.00854530665024249,0.009494462708094113
13.516,0.008553354132832237,0.009499949222944889
13.518,0.0085614844193883,0.00950543005932054
13.52,0.008569697372874156,0.009510905214475073
13.522,0.008577992838558339,0.00951637468566622
13.524,0.008586370644288601,0.009521838470154996
13.526,0.008594830600740514,0.009527296565206254
13.528,0.008603372501638678,0.009532748968088292
13.53,0.008611996123954064,0.009538195676072827
13.532,0.00862070122809395,0.009543636686435413
13.534,0.008629487558103267,0.009549071996454911
13.536,0.008638354841898045,0.00955450160341392
13.538,0.008647302791544732,0.009559925504598511
13.54,0.008656331103595016,0.00956534369729855
13.542,0.008665439459471026,0.00957075617880707
13.544,0.008674627525892773,0.0095761629464211
13.546,0.008683894955328385,0.00958156399744113
13.548,0.00869324138644885,0.00958695932917116
13.55,0.008702666444568559,0.009592348938918884
13.552,0.008712169742058547,0.009597732823995562
13.554,0.00872175087872434,0.00960311098171606
13.556,0.008731409442147483,0.009608483409398842
13.558,0.008741145007996502,0.009613850104366072
13.56,0.008750957140316559,0.009619211063943338
13.562,0.008760845391810343,0.009624566285460077
13.564,0.00877080930412305,0.009629915766249305
13.566,0.00878084840814588,0.009635259503647516
13.568,0.008790962224347039,0.00964059749499503
13.57,0.008801150263139308,0.009645929737635589
13.572,0.008811412025286108,0.009651256228916816
13.574,0.00882174700234468,0.00965657696618979
13.576,0.00883215467713647,0.00966189194680942
13.578,0.008842634524233936,0.00966720116813403
13.58,0.008853186010444552,0.009672504627525863
13.582,0.00886380859527672,0.009677802322350543
13.584,0.008874501731371031,0.009683094249977578
13.586,0.008885264864887412,0.00968838040778013
13.588,0.00889609743584499,0.009693660793134933
13.59,0.008906998878422043,0.009698935403422457
13.592,0.008917968621226076,0.0097042042360268
13.594,0.008929006087553924,0.009709467288335794
13.596,0.00894011069565904,0.009714724557740886
13.598,0.008951281859042145,0.009719976041637381
13.6,0.008962518986773428,0.009725221737424055
13.602,0.00897382148384715,0.009730461642503546
13.604,0.00898518875155989,0.009735695754282158
13.606,0.008996620187897942,0.009740924070169769
13.608,0.009008115187913154,0.009746146587580244
13.61,0.009019673144070666,0.00975136330393085
13.612,0.009031293446554274,0.0097565742166428
13.614,0.00904297548352494,0.00976177932314088
13.616,0.009054718641335963,0.009766978620853734
13.618,0.009066522304717828,0.009772172107213553
13.62,0.00907838585694968,0.009777359779656419
13.622,0.009090308680035103,0.00978254163562214
13.624,0.009102290154895819,0.009787717672554135
13.626,0.009114329661588058,0.00979288788789973
13.628,0.009126426579536964,0.009798052279109817
13.63,0.009138580287778326,0.009803210843639196
13.632,0.009150790165186506,0.0098083635789463
13.634,0.009163055590673907,0.009813510482493439
13.636,0.00917537594334762,0.009818651551746537
13.638,0.009187750602617268,0.009823786784175413
13.64,0.009200178948261015,0.00982891617725364
13.642,0.009212660360459923,0.0098340397284584
13.644,0.009225194219817545,0.009839157435270899
13.646,0.0092377799073826,0.009844269295175867
13.648,0.009250416804684244,0.00984937530566208
13.65,0.009263104293784696,0.0098544754642218
13.652,0.009275841757343849,0.00985956976835142
13.654,0.009288628578685773,0.009864658215550751
13.656,0.009301464141850123,0.009869740803323666
13.658,0.009314347831615166,0.00987481752917781
13.66,0.009327279033481167,0.009879888390624512
13.662,0.009340257133611784,0.009884953385179043
13.664,0.00935328151873664,0.009890012510360337
13.666,0.009366351576027509,0.00989506576369126
13.668,0.009379466692962966,0.009900113142698426
13.67,0.009392626257199431,0.009905154644912335
13.672,0.009405829656461407,0.009910190267867222
13.674,0.009419076278460396,0.00991522000910129
13.676,0.009432365510840972,0.009920243866156343
13.678,0.009445696741148061,0.009925261836578249
13.68,0.009459069356798152,0.009930273917916654
13.682,0.009472482745037428,0.009935280107724874
13.684,0.009485936292866735,0.009940280403560398
13.686,0.009499429386918373,0.00994527480298418
13.688,0.009512961413277317,0.009950263303561403
13.69,0.009526531757247814,0.00995524590286074
13.692,0.009540139803075205,0.009960222598455025
13.694,0.009553784933640055,0.00996519338792074
13.696,0.009567466530146092,0.009970158268838384
13.698,0.009581183971821354,0.009975117238792283
13.7,0.009594936635648092,0.009980070295370576
13.702,0.009608723896132727,0.009985017436165285
13.704,0.009622545125113681,0.009989958658772386
13.706,0.009636399691604278,0.009994893960791715
13.708,0.009650286961656302,0.00999982333982686
13.71,0.009664206298232992,0.010004746793485548
13.712,0.00967815706107528,0.010009664319379167
13.714,0.009692138606553853,0.010014575915123117
13.716,0.009706150287498527,0.010019481578336684
13.718,0.009720191453004434,0.010024381306643008
13.72,0.009734261448215625,0.010029275097669267
13.722,0.00974835961409115,0.010034162949046332
13.724,0.00976248528715637,0.010039044858409205
13.726,0.009776637799244578,0.010043920823396639
13.728,0.009790816477234388,0.010048790841651412
13.73,0.009805020642784188,0.010053654910820138
13.732,0.00981924961207192,0.010058513028553455
13.734,0.009833502695544923,0.010063365192505898
13.736,0.00984777919768947,0.010068211400335852
13.738,0.009862078416827662,0.010073051649705766
13.74,0.009876399644950908,0.010077885938281924
13.742,0.009890742167593084,0.010082714263734619
13.744,0.009905105263743073,0.010087536623738054
13.746,0.00991948820578806,0.010092353015970409
13.748,0.009933890259474281,0.010097163438113746
13.75,0.009948310683866913,0.01010196788785418
13.752,0.009962748731290105,0.010106766362881795
13.754,0.00997720364723239,0.010111558860890471
13.756,0.009991674670210901,0.010116345379578274
13.758,0.010006161031596978,0.010121125916647032
13.76,0.010020661955417249,0.010125900469802782
13.762,0.010035176658152036,0.010130669036755267
13.764,0.010049704348557783,0.010135431615218408
13.766,0.010064244227537347,0.010140188202909997
13.768,0.01007879548807341,0.010144938797551888
13.77,0.010093357315233515,0.01014968339686994
13.772,0.010107928886235731,0.010154421998593868
13.774,0.010122509370559685,0.010159154600457571
13.776,0.010137097930076227,0.01016388120019872
13.778,0.010151693719170771,0.010168601795559251
13.78,0.010166295884840599,0.010173316384284838
13.782,0.010180903566754674,0.010178024964125407
13.784,0.01019551589727847,0.010182727532834685
13.786,0.01021013200147515,0.01018742408817059
13.788,0.01022475099710299,0.01019211462789491
13.79,0.010239371994628791,0.010196799149773525
13.792,0.01025399409727728,0.010201477651576436
13.794,0.010268616401124774,0.010206150131077401
13.796,0.010283237995241397,0.010210816586054588
13.798,0.01029785796187347,0.010215477014289794
13.8,0.010312475376656565,0.010220131413569181
13.802,0.010327089308845083,0.010224779781682715
13.804,0.010341698821545701,0.010229422116424625
13.806,0.010356302971948778,0.010234058415592936
13.808,0.010370900811552997,0.01023868867698993
13.81,0.010385491386383543,0.0102433128984219
13.812,0.010400073737207223,0.010247931077699106
13.814,0.010414646899747956,0.01025254321263598
13.816,0.010429209904903904,0.010257149301050893
13.818,0.010443761778968818,0.010261749340766388
13.82,0.01045830154386021,0.010266343329609042
13.822,0.010472828217354686,0.010270931265409487
13.824,0.01048734081333633,0.010275513146002422
13.826,0.010501838342062223,0.010280088969226648
13.828,0.01051631981045271,0.01028465873292514
13.83,0.010530784222408858,0.010289222434944715
13.832,0.01054523057916195,0.01029378007313657
13.834,0.010559657879648174,0.010298331645355664
13.836,0.010574065120902894,0.010302877149461445
13.838,0.010588451298460972,0.01030741658331704
13.84,0.01060281540674725,0.010311949944790023
13.842,0.010617156439445531,0.010316477231751824
13.844,0.010631473389834029,0.010320998442078158
13.846,0.010645765251087352,0.010325513573648777
13.848,0.01066003101654681,0.010330022624347478
13.85,0.010674269679973527,0.010334525592062332
13.852,0.0106884802357993,0.010339022474685294
13.854,0.010702661679393058,0.010343513270112742
13.856,0.010716813007357504,0.010347997976244866
13.858,0.010730933217864391,0.010352476590986263
13.86,0.010745021311030122,0.010356949112245393
13.862,0.010759076289322551,0.010361415537935077
13.864,0.010773097157985691,0.010365875865972245
13.866,0.010787082925464027,0.010370330094277734
13.868,0.010801032603809334,0.01037477822077688
13.87,0.010814945209052958,0.010379220243398825
13.872,0.010828819761537552,0.010383656160077134
13.874,0.01084265528620509,0.010388085968749298
13.876,0.010856450812850431,0.010392509667357183
13.878,0.010870205376350861,0.010396927253846572
13.88,0.01088391801689195,0.010401338726167626
13.882,0.010897587780204727,0.01040574408227459
13.884,0.010911213717829058,0.010410143320125761
13.886,0.010924794887411167,0.010414536437683884
13.888,0.010938330353033225,0.01041892343291554
13.89,0.010951819185565675,0.010423304303791766
13.892,0.010965260463022732,0.010427679048287557
13.894,0.010978653270900047,0.010432047664382285
13.896,0.010991996702472693,0.010436410150059323
13.898,0.011005289859037013,0.010440766503306487
13.9,0.011018531850092344,0.010445116722115445
13.902,0.011031721793467154,0.010449460804482339
13.904,0.011044858815409012,0.010453798748407395
13.906,0.011057942050663122,0.010458130551895007
13.908,0.011070970642564782,0.010462456212953894
13.91,0.01108394374316871,0.01046677572959682
13.912,0.011096860513424215,0.010471089099840932
13.914,0.011109720123392865,0.010475396321707384
13.916,0.011122521752492762,0.010479697393221748
13.918,0.011135264589744391,0.010483992312413646
13.92,0.011147947833989667,0.010488281077317018
13.922,0.011160570694061664,0.010492563685970135
13.924,0.011173132388893363,0.010496840136415194
13.926,0.01118563214756382,0.010501110426698919
13.928,0.011198069209297144,0.010505374554872028
13.93,0.011210442823433118,0.010509632518989676
13.932,0.011222752249396568,0.010513884317111073
13.934,0.011234996756683558,0.010518129947299943
13.936,0.011247175624878855,0.010522369407623888
13.938,0.011259288143704565,0.010526602696155027
13.94,0.011271333613091936,0.010530829810969674
13.942,0.01128331134325636,0.010535050750148293
13.944,0.011295220654756742,0.010539265511775767
13.946,0.01130706087851981,0.010543474093941085
13.948,0.01131883135581468,0.010547676494737616
13.95,0.011330531438177045,0.010551872712262883
13.952,0.0113421604872887,0.010556062744618783
13.954,0.01135371787482826,0.010560246589911358
13.956,0.011365202982313801,0.01056442424625106
13.958,0.01137661520095866,0.010568595711752601
13.96,0.011387953931556866,0.010572760984534848
13.962,0.011399218584405872,0.01057692006272111
13.964,0.011410408579264826,0.010581072944438776
13.966,0.01142152334533659,0.010585219627819753
13.968,0.011432562321253623,0.01058936011100002
13.97,0.011443524955047555,0.010593494392120109
13.972,0.011454410704083158,0.010597622469324578
13.974,0.011465219034946655,0.010601744340762444
13.976,0.011475949423285937,0.010605860004587023
13.978,0.011486601353613228,0.010609969458955804
13.98,0.011497174319086612,0.010614072702030797
13.982,0.0115076678212912,0.010618169731978102
13.984,0.011518081370038959,0.010622260546968364
13.986,0.011528414483202564,0.010626345145176222
13.988,0.011538666686586348,0.010630423524781015
13.99,0.01154883751383309,0.010634495683966008
13.992,0.01155892650635446,0.010638561620919171
13.994,0.011568933213272117,0.010642621333832585
13.996,0.011578857191353747,0.01064667482090269
13.998,0.011588698004934183,0.010650722080330287
14.0,0.011598455225816541,0.010654763110320419
14.002,0.011608128433152176,0.010658797909082657
14.004,0.011617717213305985,0.010662826474830668
14.006,0.011627221159714686,0.010666848805782735
14.008,0.011636639872743163,0.010670864900161281
14.01,0.011645972959545904,0.010674874756193175
14.012,0.011655220033935843,0.010678878372109502
14.014,0.011664380716259783,0.010682875746145912
14.016,0.011673454633279741,0.010686866876542345
14.018,0.01168244141805966,0.010690851761542977
14.02,0.01169134070985782,0.010694830399396501
14.022,0.011700152154028356,0.010698802788355862
14.024,0.011708875401934576,0.010702768926678489
14.026,0.011717510110881488,0.01070672881262599
14.028,0.011726055944067216,0.010710682444464648
14.03,0.011734512570557893,0.010714629820464812
14.032,0.01174287966528062,0.010718570938901448
14.034,0.011751156909033044,0.010722505798053799
14.036,0.011759343988499083,0.010726434396205384
14.038,0.01176744059626817,0.010730356731644382
14.04,0.011775446430849948,0.010734272802663081
14.042,0.011783361196682093,0.010738182607558423
14.044,0.011791184604132855,0.01074208614463149
14.046,0.011798916369499389,0.010745983412187998
14.048,0.011806556215007155,0.010749874408537826
14.05,0.011814103868816941,0.010753759131995458
14.052,0.011821559065044247,0.010757637580879784
14.054,0.011828921543796387,0.010761509753513886
14.056,0.011836191051232202,0.010765375648225555
14.058,0.011843367339645935,0.010769235263346787
14.06,0.011850450167576548,0.010773088597214025
14.062,0.01185743929994227,0.010776935648168146
14.064,0.0118643345081972,0.01078077641455459
14.066,0.011871135570505112,0.010784610894722983
14.068,0.011877842271924679,0.010788439087027552
14.07,0.011884454404598264,0.010792260989826972
14.072,0.011890971767937762,0.01079607660148418
14.074,0.01189739416880221,0.010799885920366719
14.076,0.011903721421661923,0.010803688944846457
14.078,0.011909953348753161,0.010807485673299831
14.08,0.01191608978022278,0.010811276104107566
14.082,0.011922130554272745,0.010815060235655032
14.084,0.01192807551730988,0.01081883806633178
14.086,0.011933924524110526,0.01082260959453207
14.088,0.011939677438004828,0.010826374818654536
14.09,0.011945334131085245,0.010830133737102177
14.092,0.011950894484439457,0.010833886348282635
14.094,0.011956358388405877,0.010837632650607805
14.096,0.01196172574284479,0.010841372642494223
14.098,0.011966996457422231,0.010845106322362744
14.1,0.011972170451896717,0.010848833688638851
14.102,0.011977247656402668,0.01085255473975238
14.104,0.011982228011725674,0.010856269474137776
14.106,0.011987111469562524,0.010859977890233727
14.108,0.01199189799276357,0.01086367998648371
14.11,0.011996587555557558,0.010867375761335467
14.112,0.012001180143759067,0.010871065213241217
14.114,0.012005675754965323,0.010874748340657903
14.116,0.012010074398751052,0.010878425142046644
14.118,0.01201437609686969,0.010882095615873373
14.12,0.01201858088347326,0.010885759760608184
14.122,0.012022688805358266,0.010889417574725991
14.124,0.012026699922240673,0.01089306905670595
14.126,0.012030614307059064,0.010896714205031952
14.128,0.012034432046295828,0.01090035301819227
14.13,0.012038153240304056,0.010903985494679653
14.132,0.012041778003623018,0.010907611632991471
14.134,0.01204530646526751,0.010911231431629463
14.136,0.012048738768978965,0.010914844889100137
14.138,0.012052075073435961,0.01091845200391418
14.14,0.012055315552425354,0.010922052774587162
14.142,0.012058460394984427,0.010925647199638887
14.144,0.012061509805528139,0.010929235277593837
14.146,0.012064464003974373,0.01093281700698105
14.148,0.012067323225878073,0.010936392386333958
14.15,0.01207008772257972,0.010939961414190727
14.152,0.012072757761368427,0.010943524089093864
14.154,0.012075333625652995,0.010947080409590557
14.156,0.012077815615135658,0.010950630374232436
14.158,0.012080204045977986,0.010954173981575796
14.16,0.012082499250956596,0.010957711230181334
14.162,0.01208470157960283,0.010961242118614442
14.164,0.012086811398327565,0.010964766645445096
14.166,0.012088829090531588,0.010968284809247596
14.168,0.012090755056699168,0.010971796608601026
14.17,0.01209258971447489,0.010975302042088906
14.172,0.01209433349871907,0.01097880110829943
14.174,0.012095986861537613,0.010982293805825227
14.176,0.012097550272285503,0.010985780133263678
14.178,0.012099024217545254,0.010989260089216548
14.18,0.012100409201084896,0.010992733672290247
14.182,0.012101705743806814,0.010996200881095868
14.184,0.01210291438369551,0.010999661714248848
14.186,0.012104035675774246,0.011003116170369498
14.188,0.012105070192074345,0.011006564248082468
14.19,0.01210601852161346,0.011010005946017162
14.192,0.01210688127037449,0.011013441262807462
14.194,0.012107659061272463,0.011016870197091936
14.196,0.012108352534096773,0.011020292747513602
14.198,0.012108962345415671,0.01102370891272024
14.2,0.012109489168442303,0.011027118691364237
14.202,0.012109933692860909,0.011030522082102426
14.204,0.01211029662462505,0.011033919083596338
14.206,0.012110578685737363,0.011037309694512104
14.208,0.012110780614023159,0.01104069391352049
14.21,0.012110903162908571,0.011044071739296807
14.212,0.012110947101205199,0.011047443170521113
14.214,0.01211091321290146,0.011050808205877918
14.216,0.012110802296954862,0.011054166844056508
14.218,0.012110615167077265,0.01105751908375062
14.22,0.0121103526515059,0.011060864923658742
14.222,0.012110015592753206,0.011064204362484061
14.224,0.012109604847333129,0.01106753739893416
14.226,0.012109121285462847,0.011070864031721486
14.228,0.01210856579074274,0.011074184259562964
14.23,0.012107939259818219,0.011077498081180292
14.232,0.012107242602028449,0.011080805495299625
14.234,0.012106476739048798,0.011084106500651988
14.236,0.012105642604530726,0.01108740109597285
14.238,0.01210474114374605,0.011090689280002435
14.24,0.012103773313235342,0.01109397105148563
14.242,0.012102740080464162,0.01109724640917187
14.244,0.012101642423482587,0.011100515351815403
14.246,0.012100481330584301,0.011103777878174985
14.248,0.012099257799959382,0.011107033987014105
14.25,0.012097972839333301,0.011110283677100893
14.252,0.01209662746558963,0.011113526947208177
14.254,0.012095222704371874,0.011116763796113389
14.256,0.012093759589669647,0.011119994222598671
14.258,0.012092239163390287,0.011123218225450917
14.26,0.012090662474926647,0.011126435803461532
14.262,0.012089030580723154,0.011129646955426762
14.264,0.012087344543847868,0.011132851680147295
14.266,0.012085605433570196,0.011136049976428843
14.268,0.012083814324942401,0.011139241843081488
14.27,0.012081972298382548,0.011142427278920182
14.272,0.012080080439252194,0.011145606282764483
14.274,0.012078139837427962,0.01114877885343867
14.276,0.012076151586865213,0.011151944989771782
14.278,0.012074116785156134,0.011155104690597367
14.28,0.012072036533086939,0.011158257954753937
14.282,0.012069911934198848,0.011161404781084384
14.284,0.012067744094357633,0.011164545168436658
14.286,0.012065534121333384,0.011167679115663097
14.288,0.012063283124390218,0.011170806621620975
14.29,0.012060992213883856,0.011173927685172077
14.292,0.012058662500860622,0.011177042305183127
14.294,0.012056295096655931,0.01118015048052546
14.296,0.012053891112486859,0.011183252210074998
14.298,0.012051451659040062,0.01118634749271262
14.3,0.012048977846053854,0.011189436327323691
14.302,0.012046470781901021,0.011192518712798546
14.304,0.012043931573173487,0.011195594648032024
14.306,0.012041361324277695,0.011198664131923849
14.308,0.012038761137042041,0.011201727163378371
14.31,0.01203613211034155,0.01120478374130475
14.312,0.012033475339740352,0.011207833864616885
14.314,0.0120307919171529,0.01121087753223328
14.316,0.012028082930522275,0.011213914743077431
14.318,0.01202534946351283,0.01121694549607727
14.32,0.01202259259521332,0.011219969790165787
14.322,0.01201981339984459,0.011222987624280449
14.324,0.012017012946466246,0.011225998997363677
14.326,0.012014192298674951,0.011229003908362468
14.328,0.012011352514288027,0.011232002356228775
14.33,0.012008494645009204,0.011234994339919124
14.332,0.012005619736075737,0.011237979858394878
14.334,0.012002728825890603,0.011240958910622224
14.336,0.011999822945649068,0.011243931495571966
14.338,0.01199690311897282,0.01124689761221987
14.34,0.011993970361567673,0.011249857259546267
14.342,0.01199102568091748,0.01125281043653641
14.344,0.011988070076027382,0.011255757142180198
14.346,0.01198510453722022,0.011258697375472465
14.348,0.011982130045981509,0.011261631135412656
14.35,0.011979147574842322,0.011264558421005098
14.352,0.011976158087282742,0.01126747923125898
14.354,0.011973162537633572,0.011270393565188046
14.356,0.011970161870957714,0.011273301421811053
14.358,0.011967157022896788,0.01127620280015134
14.36,0.011964148919475054,0.011279097699237281
14.362,0.011961138476864515,0.01128198611810179
14.364,0.011958126601121789,0.011284868055782845
14.366,0.011955114187915136,0.011287743511322954
14.368,0.011952102122261641,0.01129061248376957
14.37,0.011949091278293168,0.011293474972175033
14.372,0.011946082519066668,0.011296330975596267
14.374,0.011943076696424368,0.011299180493095189
14.376,0.011940074650901546,0.01130202352373843
14.378,0.011937077211674044,0.011304860066597559
14.38,0.011934085196530853,0.01130769012074872
14.382,0.011931099411854473,0.01131051368527315
14.384,0.011928120652595216,0.011313330759256657
14.386,0.011925149702228152,0.01131614134179007
14.388,0.011922187332687727,0.011318945431968996
14.39,0.011919234304280626,0.011321743028893737
14.392,0.011916291365583238,0.011324534131669606
14.394,0.011913359253331727,0.011327318739406586
14.396,0.011910438692314939,0.01133009685121964
14.398,0.011907530395278417,0.011332868466228425
14.4,0.01190463506284563,0.011335633583557585
14.402,0.011901753383459937,0.011338392202336433
14.404,0.011898886033346394,0.011341144321699258
14.406,0.01189603367649432,0.011343889940785171
14.408,0.011893196964655134,0.011346629058738048
14.41,0.011890376537354674,0.011349361674706753
14.412,0.011887573021915072,0.011352087787844823
14.414,0.011884787033484449,0.011354807397310849
14.416,0.01188201917506845,0.011357520502268084
14.418,0.011879270037561515,0.011360227101884779
14.42,0.011876540199774173,0.011362927195333942
14.422,0.011873830228451747,0.01136562078179357
14.424,0.011871140678285258,0.011368307860446345
14.426,0.011868472091914797,0.01137098843047995
14.428,0.011865824999927893,0.011373662491087011
14.43,0.011863199920859591,0.011376330041464754
14.432,0.01186059736119758,0.011378991080815562
14.434,0.011858017815398447,0.01138164560834648
14.436,0.011855461765915858,0.01138429362326959
14.438,0.011852929683240416,0.011386935124801717
14.44,0.01185042202594646,0.01138957011216474
14.442,0.011847939240742265,0.011392198584585173
14.444,0.011845481762517766,0.011394820541294598
14.446,0.011843050014389733,0.011397435981529563
14.448,0.011840644407745243,0.011400044904531215
14.45,0.01183826534228877,0.011402647309545901
14.452,0.011835913206100933,0.011405243195824635
14.454,0.011833588375715035,0.011407832562623498
14.456,0.011831291216213645,0.011410415409203262
14.458,0.01182902208134492,0.011412991734829887
14.46,0.011826781313648897,0.011415561538773938
14.462,0.011824569244582752,0.011418124820311095
14.464,0.011822386194630548,0.011420681578721894
14.466,0.011820232473385331,0.011423231813291667
14.468,0.011818108379598298,0.011425775523310849
14.47,0.011816014201196764,0.011428312708074614
14.472,0.011813950215280386,0.011430843366883199
14.474,0.011811916688112229,0.01143336749904159
14.476,0.011809913875122445,0.011435885103859874
14.478,0.011807942020942751,0.011438396180652932
14.48,0.011806001359480879,0.01144090072874058
14.482,0.01180409211403883,0.0114433987474477
14.484,0.011802214497467474,0.011445890236103875
14.486,0.011800368712345069,0.011448375194043825
14.488,0.011798554951160852,0.011450853620607026
14.49,0.01179677339648631,0.011453325515138075
14.492,0.011795024221122193,0.011455790876986307
14.494,0.011793307588211194,0.011458249705506181
14.496,0.01179162365131942,0.011460702000056939
14.498,0.011789972554491249,0.01146314776000286
14.5,0.011788354432288897,0.011465586984713219
14.502,0.011786769409827915,0.011468019673562082
14.504,0.011785217602817859,0.011470445825928585
14.506,0.011783699117615462,0.011472865441196719
14.508,0.011782214051292308,0.011475278518755594
14.51,0.011780762491715184,0.011477685057999044
14.512,0.011779344517639496,0.011480085058326093
14.514,0.011777960198811019,0.011482478519140542
14.516,0.011776609596076452,0.011484865439851208
14.518,0.011775292761502253,0.011487245819871993
14.52,0.011774009738501711,0.011489619658621546
14.522,0.011772760561969907,0.011491986955523718
14.524,0.011771545258423501,0.011494347710007074
14.526,0.011770363846140046,0.011496701921505446
14.528,0.011769216335289214,0.01149904958945733
14.53,0.011768102728048947,0.011501390713306449
14.532,0.011767023018699254,0.01150372529250131
14.534,0.011765977193692427,0.011506053326495616
14.536,0.01176496523170113,0.011508374814747802
14.538,0.011763987103652142,0.0115106897567215
14.54,0.011763042772756537,0.011512998151885253
14.542,0.011762132194549559,0.011515299999712476
14.544,0.011761255316950835,0.0115175952996818
14.546,0.011760412080351447,0.01151988405127662
14.548,0.011759602417731923,0.011522166253985548
14.55,0.011758826254803387,0.01152444190730195
14.552,0.011758083510163922,0.011526711010724406
14.554,0.011757374095455053,0.011528973563756345
14.556,0.011756697915506296,0.011531229565906251
14.558,0.011756054868454012,0.011533479016687704
14.56,0.01175544484583163,0.011535721915619107
14.562,0.011754867732629208,0.011537958262224052
14.564,0.011754323407331861,0.011540188056031006
14.566,0.011753811741948433,0.011542411296573492
14.568,0.011753332602045403,0.011544627983390036
14.57,0.011752885846797982,0.011546838116024274
14.572,0.011752471329066885,0.011549041694024683
14.574,0.01175208889550182,0.011551238716944892
14.576,0.011751738386663994,0.011553429184343622
14.578,0.011751419637156821,0.011555613095784335
14.58,0.011751132475749004,0.011557790450835841
14.582,0.011750876725477916,0.011559961249071738
14.584,0.011750652203723391,0.011562125490070806
14.586,0.011750458722252525,0.011564283173416757
14.588,0.011750296087241088,0.011566434298698448
14.59,0.01175016409928351,0.011568578865509589
14.592,0.011750062553405176,0.011570716873449103
14.594,0.011749991239090356,0.011572848322120915
14.596,0.011749949940331012,0.01157497321113393
14.598,0.011749938435699752,0.011577091540102138
14.6,0.011749956498437275,0.01157920330864452
14.602,0.011750003896545926,0.011581308516385275
14.604,0.011750080392875792,0.011583407162953353
14.606,0.011750185745192885,0.011585499247983069
14.608,0.011750319706223127,0.011587584771113523
14.61,0.011750482023673169,0.011589663731989068
14.612,0.011750672440232233,0.01159173613025909
14.614,0.011750890693565406,0.011593801965577846
14.616,0.011751136516307664,0.011595861237604926
14.618,0.011751409636068183,0.011597913946004726
14.62,0.011751709775449835,0.011599960090446929
14.622,0.011752036652083802,0.011601999670606088
14.624,0.011752389978676475,0.011604032686161985
14.626,0.011752769463059603,0.011606059136799317
14.628,0.011753174808236172,0.011608079022207982
14.63,0.011753605712412761,0.011610092342082946
14.632,0.011754061869013887,0.01161209909612414
14.634,0.01175454296667532,0.01161409928403669
14.636,0.011755048689219833,0.011616092905530695
14.638,0.01175557871562136,0.011618079960321475
14.64,0.011756132719967638,0.011620060448129231
14.642,0.011756710371429457,0.01162203436867948
14.644,0.01175731133424668,0.011624001721702597
14.646,0.011757935267735675,0.011625962506934278
14.648,0.011758581826317713,0.011627916724115072
14.65,0.011759250659564744,0.011629864372990809
14.652,0.011759941412252842,0.011631805453312325
14.654,0.011760653724412757,0.011633739964835525
14.656,0.011761387231365942,0.01163566790732153
14.658,0.011762141563739894,0.011637589280536351
14.66,0.011762916347457603,0.011639504084251386
14.662,0.011763711203705125,0.01164141231824286
14.664,0.011764525748883481,0.01164331398229228
14.666,0.011765359594554358,0.011645209076186117
14.668,0.011766212347388767,0.011647097599716093
14.67,0.011767083609125813,0.011648979552679021
14.672,0.011767972976544213,0.011650854934876687
14.674,0.01176888004144588,0.011652723746116207
14.676,0.01176980439064745,0.011654585986209543
14.678,0.011770745605975068,0.011656441654974025
14.68,0.011771703264259543,0.01165829075223194
14.682,0.011772676937330046,0.011660133277810802
14.684,0.011773666192008043,0.011661969231543102
14.686,0.011774670590105266,0.011663798613266673
14.688,0.011775689688427673,0.011665621422824278
14.69,0.011776723038789115,0.011667437660063886
14.692,0.011777770188031547,0.011669247324838629
14.694,0.01177883067804939,0.011671050417006619
14.696,0.011779904045813678,0.011672846936431364
14.698,0.011780989823388644,0.011674636882981244
14.7,0.011782087537940437,0.011676420256529913
14.702,0.011783196711736346,0.011678197056956099
14.704,0.01178431686213909,0.011679967284143713
14.706,0.01178544750160319,0.011681730937981877
14.708,0.011786588137679578,0.011683488018364671
14.71,0.011787738273038412,0.011685238525191498
14.712,0.011788897405511712,0.011686982458366774
14.714,0.011790065028160225,0.011688719817800185
14.716,0.011791240629359627,0.011690450603406413
14.718,0.011792423692903082,0.011692174815105491
14.72,0.011793613698110803,0.011693892452822366
14.722,0.011794810119939686,0.011695603516487383
14.724,0.011796012429085359,0.011697308006035894
14.726,0.011797220092071339,0.011699005921408389
14.728,0.011798432571323248,0.011700697262550679
14.73,0.011799649325228798,0.01170238202941351
14.732,0.01180086980818889,0.011704060221953035
14.734,0.011802093470666956,0.011705731840130311
14.736,0.011803319759247788,0.01170739688391185
14.738,0.011804548116715179,0.011709055353269032
14.74,0.011805777982158167,0.011710707248178668
14.742,0.011807008791112522,0.011712352568622537
14.744,0.011808239975736733,0.011713991314587715
14.746,0.01180947096501912,0.011715623486066475
14.748,0.011810701185004813,0.011717249083056139
14.75,0.011811930059028647,0.011718868105559312
14.752,0.011813157007938266,0.011720480553583663
14.754,0.01181438145029591,0.011722086427142278
14.756,0.01181560280254908,0.011723685726253107
14.758,0.011816820479173486,0.011725278450939569
14.76,0.011818033892795484,0.011726864601230078
14.762,0.011819242454310916,0.011728444177158277
14.764,0.011820445573021308,0.011730017178763144
14.766,0.011821642656808112,0.011731583606088603
14.768,0.011822833112358393,0.011733143459184008
14.77,0.01182401634545265,0.011734696738103671
14.772,0.011825191761306336,0.011736243442907334
14.774,0.011826358764954468,0.011737783573659746
14.776,0.01182751676165461,0.011739317130431018
14.778,0.011828665157284195,0.011740844113296258
14.78,0.011829803358707031,0.011742364522335976
14.782,0.01183093077409291,0.011743878357635839
14.784,0.011832046813183037,0.011745385619286609
14.786,0.011833150887507799,0.011746886307384357
14.788,0.01183424241057029,0.011748380422030328
14.79,0.011835320798022676,0.011749867963331006
14.792,0.011836385467859064,0.011751348931398
14.794,0.011837435840652177,0.011752823326348307
14.796,0.011838471339849489,0.011754291148303892
14.798,0.011839491392137688,0.011755752397392127
14.8,0.0118404954278705,0.011757207073745609
14.802,0.011841482881544525,0.011758655177501966
14.804,0.01184245319229803,0.01176009670880425
14.806,0.011843405804405923,0.011761531667800626
14.808,0.011844340167742193,0.011762960054644521
14.81,0.011845255738190374,0.011764381869494545
14.812,0.011846151977991727,0.011765797112514602
14.814,0.011847028356032567,0.011767205783873738
14.816,0.011847884348088483,0.011768607883746274
14.818,0.011848719437047302,0.011770003412311833
14.82,0.011849533113142664,0.011771392369755114
14.822,0.01185032487422431,0.011772774756266237
14.824,0.011851094226087218,0.011774150572040308
14.826,0.01185184068286829,0.011775519817277966
14.828,0.011852563767507585,0.011776882492184806
14.83,0.011853263012255559,0.011778238596971904
14.832,0.011853937959205658,0.011779588131855385
14.834,0.011854588160819562,0.011780931097056715
14.836,0.01185521318042328,0.011782267492802645
14.838,0.011855812592653427,0.011783597319325032
14.84,0.011856385983846546,0.011784920576861129
14.842,0.011856932952372275,0.011786237265653312
14.844,0.01185745310892443,0.011787547385949313
14.846,0.011857946076784075,0.011788850938002002
14.848,0.011858411492074762,0.011790147922069632
14.85,0.011858849004027065,0.011791438338415559
14.852,0.011859258275261481,0.011792722187308572
14.854,0.011859638982099041,0.01179399946902251
14.856,0.011859990814894479,0.011795270183836649
14.858,0.011860313478389894,0.011796534332035525
14.86,0.011860606692077896,0.011797791913908695
14.862,0.011860870190565245,0.011799042929751287
14.864,0.011861103723927405,0.011800287379863467
14.866,0.01186130705804639,0.01180152526455083
14.868,0.011861479974928377,0.011802756584124054
14.87,0.011861622272996602,0.011803981338899296
14.872,0.011861733767360954,0.011805199529197783
14.874,0.01186181429006392,0.011806411155346157
14.876,0.011861863690306234,0.011807616217676285
14.878,0.011861881834654135,0.011808814716525229
14.88,0.011861868607230444,0.011810006652235501
14.882,0.01186182390989499,0.011811192025154673
14.884,0.011861747662415663,0.01181237083563582
14.886,0.011861639802635552,0.011813543084037061
14.888,0.011861500286639657,0.011814708770721981
14.89,0.011861329088923938,0.011815867896059342
14.892,0.011861126202567514,0.011817020460423216
14.894,0.011860891639407005,0.011818166464193034
14.896,0.011860625430208497,0.011819305907753347
14.898,0.011860327624830658,0.011820438791494154
14.9,0.011859998292368673,0.011821565115810615
14.902,0.011859637521270918,0.011822684881103326
14.904,0.011859245419420253,0.011823798087777955
14.906,0.011858822114173245,0.01182490473624574
14.908,0.01185836775235824,0.011826004826922898
14.91,0.01185788250023428,0.011827098360231197
14.912,0.011857366543419009,0.011828185336597625
14.914,0.011856820086795065,0.011829265756454349
14.916,0.011856243354406604,0.011830339620239059
14.918,0.011855636589354932,0.011831406928394454
14.92,0.01185500005370063,0.011832467681368863
14.922,0.011854334028374299,0.011833521879615581
14.924,0.011853638813095887,0.011834569523593479
14.926,0.011852914726296905,0.011835610613766558
14.928,0.011852162105039055,0.011836645150604197
14.93,0.011851381304921001,0.011837673134581141
14.932,0.011850572699964885,0.01183869456617727
14.934,0.011849736682477382,0.011839709445877943
14.936,0.011848873662881582,0.011840717774173675
14.938,0.011847984069516478,0.01184171955156047
14.94,0.011847068348406568,0.011842714778539465
14.942,0.011846126963002523,0.01184370345561727
14.944,0.011845160393896265,0.011844685583305628
14.946,0.011844169138514757,0.011845661162121756
14.948,0.011843153710795432,0.011846630192588192
14.95,0.011842114640848047,0.011847592675232598
14.952,0.011841052474605897,0.011848548610588218
14.954,0.011839967773471717,0.011849497999193364
14.956,0.011838861113958463,0.011850440841591895
14.958,0.01183773308732947,0.01185137713833278
14.96,0.011836584299236315,0.011852306889970512
14.962,0.011835415369353381,0.011853230097064722
14.964,0.011834226931004764,0.01185414676018054
14.966,0.011833019630778395,0.01185505687988825
14.968,0.011831794128121784,0.0118559604567636
14.97,0.011830551094911943,0.01185685749138768
14.972,0.011829291214998466,0.011857747984346707
14.974,0.011828015183715823,0.011858631936232496
14.976,0.011826723707369206,0.011859509347641978
14.978,0.011825417502699045,0.01186038021917758
14.98,0.011824097296331257,0.01186124455144689
14.982,0.011822763824222792,0.011862102345063052
14.984,0.011821417831110828,0.011862953600644302
14.986,0.011820060069970445,0.011863798318814366
14.988,0.011818691301485352,0.011864636500202355
14.99,0.011817312293529622,0.011865468145442535
14.992,0.011815923820656327,0.01186629325517472
14.994,0.011814526663587498,0.011867111830043854
14.996,0.011813121608697878,0.011867923870700412
14.998,0.011811709447484619,0.01186872937780003
15.0,0.011810290976020937,0.011869528352003915
15.002,0.011808866994388156,0.01187032079397838
15.004,0.01180743830608949,0.011871106704395255
15.006,0.011806005717447169,0.01187188608393172
15.008,0.011804570036987648,0.011872658933270094
15.01,0.01180313207481908,0.011873425253098329
15.012,0.011801692642007105,0.011874185044109451
15.014,0.01180025254995235,0.011874938307002142
15.016,0.011798812609773201,0.011875685042480112
15.018,0.011797373631697264,0.01187642525125269
15.02,0.011795936424464406,0.011877158934034427
15.022,0.011794501794742214,0.01187788609154517
15.024,0.011793070546554414,0.011878606724510346
15.026,0.011791643480720532,0.011879320833660485
15.028,0.011790221394301555,0.01188002841973165
15.03,0.011788805080045974,0.01188072948346514
15.032,0.011787395325826793,0.011881424025607764
15.034,0.01178599291406397,0.011882112046911475
15.036,0.011784598621126432,0.011882793548133833
15.038,0.011783213216715202,0.011883468530037517
15.04,0.011781837463233745,0.011884136993390755
15.042,0.011780472115158914,0.011884798938967116
15.044,0.011779117918427204,0.011885454367545425
15.046,0.011777775609853935,0.011886103279909981
15.048,0.011776445916596613,0.01188674567685033
15.05,0.011775129555670033,0.011887381559161579
15.052,0.011773827233507872,0.011888010927643992
15.054,0.0117725396455599,0.011888633783103342
15.056,0.011771267475906065,0.01188925012635069
15.058,0.011770011396865208,0.011889859958202572
15.06,0.011768772068581627,0.011890463279480722
15.062,0.01176755013857488,0.011891060091012423
15.064,0.011766346241251667,0.011891650393630276
15.066,0.011765160997387756,0.011892234188172186
15.068,0.011763995013593981,0.011892811475481564
15.07,0.011762848881790284,0.011893382256406971
15.072,0.011761723178706494,0.011893946531802655
15.074,0.011760618465430191,0.011894504302527956
15.076,0.011759535287010814,0.011895055569447796
15.078,0.011758474172122486,0.011895600333432314
15.08,0.011757435632777875,0.011896138595357165
15.082,0.011756420164082414,0.011896670356103334
15.084,0.011755428244009831,0.011897195616557114
15.086,0.01175446033318582,0.011897714377610311
15.088,0.011753516874665863,0.011898226640160008
15.09,0.011752598293701273,0.01189873240510873
15.092,0.01175170499749152,0.011899231673364324
15.094,0.011750837374928278,0.011899724445840114
15.096,0.01174999579633878,0.011900210723454697
15.098,0.011749180613238878,0.011900690507132152
15.1,0.011748392158105745,0.011901163797801947
15.102,0.011747630744178113,0.011901630596398833
15.104,0.011746896665288437,0.01190209090386307
15.106,0.011746190195730484,0.011902544721140164
15.108,0.011745511590159064,0.011902992049181207
15.11,0.0117448610835205,0.011903432888942453
15.112,0.011744238891009819,0.011903867241385794
15.114,0.011743645208049143,0.011904295107478247
15.116,0.011743080210284286,0.011904716488192437
15.118,0.011742544053597304,0.011905131384506341
15.12,0.01174203687413155,0.01190553979740318
15.122,0.011741558788329292,0.011905941727871789
15.124,0.011741109892980882,0.011906337176906163
15.126,0.011740690265284676,0.011906726145505945
15.128,0.011740299962916858,0.01190710863467594
15.13,0.011739939024111995,0.011907484645426566
15.132,0.011739607467751623,0.011907854178773375
15.134,0.011739305293462465,0.011908217235737527
15.136,0.011739032481724405,0.011908573817345619
15.138,0.01173878899399051,0.011908923924629392
15.14,0.011738574772822587,0.011909267558626256
15.142,0.011738389742046258,0.011909604720378835
15.144,0.011738233806931907,0.011909935410935272
15.146,0.011738106854404788,0.011910259631348976
15.148,0.011738008753287508,0.011910577382678965
15.15,0.011737939354575795,0.011910888665989402
15.152,0.011737898491743731,0.011911193482350068
15.154,0.011737885981072838,0.011911491832836105
15.156,0.011737901621996026,0.01191178371852791
15.158,0.011737945197447999,0.011912069140511475
15.16,0.01173801647421398,0.01191234809987803
15.162,0.011738115203270744,0.011912620597724402
15.164,0.011738241120120167,0.011912886635152598
15.166,0.011738393945117291,0.011913146213270246
15.168,0.011738573383800327,0.011913399333190196
15.17,0.01173877912723123,0.011913645996030856
15.172,0.01173901085235473,0.011913886202915907
15.174,0.01173926822238203,0.011914119954974524
15.176,0.011739550887202814,0.011914347253341336
15.178,0.011739858483822824,0.011914568099156243
15.18,0.01174019063682302,0.01191478249356465
15.182,0.011740546958832624,0.011914990437717307
15.184,0.01174092705100918,0.011915191932770476
15.186,0.011741330503517975,0.011915386979885673
15.188,0.01174175689600809,0.01191557558023003
15.19,0.011742205798082004,0.011915757734975864
15.192,0.011742676769759163,0.011915933445301083
15.194,0.011743169361934792,0.011916102712388963
15.196,0.011743683116835072,0.011916265537428066
15.198,0.011744217568470185,0.011916421921612576
15.2,0.011744772243084406,0.011916571866141885
15.202,0.011745346659603894,0.011916715372220959
15.204,0.011745940330082645,0.011916852441060099
15.206,0.011746552760148764,0.011916983073875006
15.208,0.011747183449453571,0.011917107271886824
15.21,0.01174783189212849,0.011917225036322103
15.212,0.011748497577255448,0.011917336368412874
15.214,0.011749179989351802,0.011917441269396437
15.216,0.011749878608874751,0.011917539740515664
15.218,0.011750592912739015,0.011917631783018677
15.22,0.011751322374844829,0.011917717398159208
15.222,0.011752066466606705,0.011917796587196203
15.224,0.011752824657472547,0.011917869351394222
15.226,0.011753596415424781,0.011917935692023034
15.228,0.01175438120745787,0.011917995610358015
15.23,0.011755178500028642,0.01191804910767987
15.232,0.011755987759482292,0.011918096185274663
15.234,0.011756808452460053,0.011918136844434017
15.236,0.011757640046295797,0.011918171086454833
15.238,0.011758482009409071,0.011918198912639549
15.24,0.01175933381170242,0.011918220324295896
15.242,0.011760194924964459,0.011918235322737163
15.244,0.011761064823278959,0.011918243909281876
15.246,0.011761942983437992,0.011918246085254174
15.248,0.011762828885351052,0.011918241851983525
15.25,0.011763722012446366,0.011918231210804776
15.252,0.011764621852055648,0.011918214163058294
15.254,0.011765527895780033,0.01191819071008974
15.256,0.011766439639830645,0.011918160853250342
15.258,0.01176735658534679,0.011918124593896542
15.26,0.011768278238689336,0.011918081933390447
15.262,0.011769204111716792,0.011918032873099392
15.264,0.011770133722046227,0.0119179774143962
15.266,0.011771066593307853,0.011917915558659177
15.268,0.011772002255398803,0.011917847307271915
15.27,0.011772940244742212,0.011917772661623551
15.272,0.011773880104554052,0.01191769162310852
15.274,0.011774821385117096,0.011917604193126858
15.276,0.011775763644057797,0.011917510373083771
15.278,0.01177670644661718,0.011917410164390178
15.28,0.011777649365908084,0.011917303568462096
15.282,0.011778591983146304,0.011917190586721258
15.284,0.0117795338878503,0.011917071220594589
15.286,0.011780474678005276,0.011916945471514584
15.288,0.01178141396019262,0.011916813340919173
15.29,0.011782351349689808,0.01191667483025155
15.292,0.011783286470550465,0.011916529940960461
15.294,0.011784218955670979,0.011916378674499961
15.296,0.011785148446854398,0.011916221032329704
15.298,0.011786074594875623,0.011916057015914576
15.3,0.011786997059551392,0.011915886626725037
15.302,0.011787915509814777,0.01191570986623681
15.304,0.011788829623793334,0.011915526735931152
15.306,0.011789739088887152,0.01191533723729475
15.308,0.011790643601844973,0.01191514137181961
15.31,0.011791542868833289,0.011914939141003278
15.312,0.011792436605496613,0.011914730546348583
15.314,0.011793324537002822,0.011914515589363977
15.316,0.011794206398068715,0.011914294271563049
15.318,0.011795081932961034,0.0119140665944651
15.32,0.011795950895466327,0.011913832559594606
15.322,0.011796813048827931,0.011913592168481623
15.324,0.011797668165649138,0.011913345422661622
15.326,0.011798516027767434,0.011913092323675357
15.328,0.011799356426106423,0.011912832873069153
15.33,0.011800189160517423,0.011912567072394645
15.332,0.011801014039623008,0.011912294923208956
15.334,0.011801830880673532,0.011912016427074599
15.336,0.011802639509427313,0.011911731585559521
15.338,0.011803439760057398,0.011911440400237014
15.34,0.011804231475085709,0.011911142872685932
15.342,0.011805014505336905,0.011910839004490446
15.344,0.011805788709900667,0.011910528797240083
15.346,0.011806553956087585,0.011910212252530005
15.348,0.011807310119364839,0.011909889371960497
15.35,0.011808057083256615,0.011909560157137544
15.352,0.011808794739204221,0.011909224609672317
15.354,0.01180952298638172,0.011908882731181602
15.356,0.011810241731475093,0.011908534523287408
15.358,0.011810950888436469,0.011908179987617293
15.36,0.011811650378228561,0.011907819125804272
15.362,0.011812340128577271,0.011907451939486557
15.364,0.011813020073743444,0.011907078430308053
15.366,0.011813690154323295,0.011906698599917819
15.368,0.011814350317075695,0.011906312449970523
15.37,0.011815000514769232,0.011905919982126109
15.372,0.011815640706038412,0.011905521198050084
15.374,0.011816270855234732,0.011905116099413198
15.376,0.011816890932261435,0.011904704687891822
15.378,0.0118175009123875,0.011904286965167451
15.38,0.011818100776038846,0.011903862932927244
15.382,0.01181869050857299,0.011903432592863729
15.384,0.011819270100046261,0.01190299594667469
15.386,0.011819839544979387,0.011902552996063565
15.388,0.011820398842130958,0.011902103742738973
15.39,0.01182094799427684,0.011901648188415093
15.392,0.011821487007995403,0.011901186334811395
15.394,0.011822015893452394,0.011900718183652927
15.396,0.011822534664179438,0.01190024373666992
15.398,0.011823043336843085,0.011899762995598216
15.4,0.011823541931003304,0.011899275962179037
15.402,0.011824030468867996,0.011898782638158842
15.404,0.011824508975048635,0.01189828302528973
15.406,0.011824977476326753,0.011897777125328964
15.408,0.011825436001439033,0.011897264940039487
15.41,0.01182588458088324,0.011896746471189374
15.412,0.011826323246744097,0.011896221720552363
15.414,0.01182675203253307,0.011895690689907335
15.416,0.0118271709730312,0.011895153381038786
15.418,0.011827580104125178,0.01189460979573656
15.42,0.01182797946262606,0.011894059935795797
15.422,0.011828369086066428,0.011893503803017206
15.424,0.011828749012473792,0.011892941399206752
15.426,0.011829119280126896,0.011892372726175956
15.428,0.01182947992730324,0.01189179778574152
15.43,0.011829830992028811,0.011891216579725816
15.432,0.011830172511841467,0.011890629109956323
15.434,0.011830504523575985,0.011890035378266163
15.436,0.011830827063172901,0.011889435386493808
15.438,0.01183114016551037,0.011888829136482997
15.44,0.011831443864251185,0.011888216630083
15.442,0.011831738191695258,0.011887597869148362
15.444,0.011832023178627686,0.011886972855539232
15.446,0.011832298854152427,0.0118863415911209
15.448,0.011832565245508828,0.011885704077764249
15.45,0.01183282237787006,0.011885060317345424
15.452,0.011833070274129266,0.01188441031174603
15.454,0.011833308954682506,0.011883754062853092
15.456,0.011833538437218103,0.011883091572558924
15.458,0.011833758736520249,0.01188242284276136
15.46,0.011833969864293761,0.011881747875363507
15.462,0.011834171829007485,0.011881066672273982
15.464,0.011834364635753998,0.011880379235406588
15.466,0.01183454828611715,0.011879685566680807
15.468,0.011834722778036698,0.011878985668021204
15.47,0.011834888105664576,0.01187827954135798
15.472,0.011835044259205878,0.011877567188626622
15.474,0.011835191224746662,0.011876848611767937
15.476,0.01183532898407201,0.011876123812728272
15.478,0.011835457514485078,0.011875392793459137
15.48,0.011835576788634687,0.01187465555591766
15.482,0.011835686774362116,0.011873912102066196
15.484,0.011835787434570694,0.011873162433872562
15.486,0.011835878727117792,0.011872406553309879
15.488,0.011835960604723039,0.011871644462356747
15.49,0.011836033014882667,0.011870876162997007
15.492,0.011836095899777516,0.011870101657220017
15.494,0.011836149196164051,0.011869320947020475
15.496,0.01183619283524283,0.011868534034398349
15.498,0.011836226742502431,0.011867740921359187
15.5,0.011836250837547788,0.011866941609913693
15.502,0.01183626503392365,0.011866136102078102
15.504,0.01183626923894931,0.011865324399873896
15.506,0.011836263353578725,0.011864506505328078
15.508,0.011836247272299183,0.011863682420472858
15.51,0.011836220883070792,0.011862852147345913
15.512,0.011836184067305359,0.011862015687990385
15.514,0.011836136699873467,0.0118611730444545
15.516,0.01183607864912502,0.011860324218792136
15.518,0.011836009776903997,0.011859469213062352
15.52,0.011835929938543965,0.011858608029329724
15.522,0.01183583898283071,0.011857740669663996
15.524,0.011835736751931905,0.011856867136140526
15.526,0.01183562308129495,0.011855987430839763
15.528,0.011835497799527039,0.011855101555847706
15.53,0.011835360728273245,0.011854209513255711
15.532,0.011835211682108734,0.011853311305160319
15.534,0.011835050468463669,0.011852406933663679
15.536,0.011834876887588035,0.011851496400873077
15.538,0.011834690732562391,0.011850579708901283
15.54,0.011834491789350072,0.011849656859866322
15.542,0.011834279836879569,0.011848727855891738
15.544,0.01183405464714502,0.011847792699106213
15.546,0.011833815985308027,0.011846851391643936
15.548,0.011833563609789068,0.011845903935644445
15.55,0.0118332972723396,0.011844950333252491
15.552,0.011833016718093815,0.011843990586618338
15.554,0.011832721685601337,0.011843024697897442
15.556,0.011832411906852136,0.011842052669250765
15.558,0.011832087107301015,0.011841074502844473
15.56,0.011831747005905321,0.011840090200850174
15.562,0.01183139131518124,0.011839099765444729
15.564,0.011831019741286124,0.011838103198810406
15.566,0.011830631984125707,0.011837100503134834
15.568,0.011830227737484898,0.011836091680610863
15.57,0.011829806689178412,0.011835076733436855
15.572,0.011829368521214786,0.011834055663816297
15.574,0.011828912909971878,0.011833028473958241
15.576,0.011828439526379426,0.011831995166076852
15.578,0.011827948036109613,0.011830955742391803
15.58,0.011827438099774396,0.011829910205127957
15.582,0.011826909373129732,0.011828858556515609
15.584,0.011826361507289182,0.01182780079879039
15.586,0.011825794148943799,0.011826736934193142
15.588,0.011825206940589195,0.011825666964970172
15.59,0.011824599520758663,0.011824590893372965
15.592,0.01182397152426169,0.011823508721658495
15.594,0.011823322582427851,0.01182242045208887
15.596,0.011822652323358468,0.01182132608693175
15.598,0.011821960372186207,0.011820225628459868
15.6,0.011821246351346824,0.011819119078951454
15.602,0.011820509880863849,0.011818006440689931
15.604,0.011819750578647297,0.011816887715964158
15.606,0.011818968060806062,0.011815762907068249
15.608,0.011818161941973054,0.011814632016301535
15.61,0.01181733183564005,0.011813495045968878
15.612,0.011816477354497975,0.01181235199838021
15.614,0.01181559811077985,0.01181120287585096
15.616,0.011814693716602853,0.0118100476807017
15.618,0.01181376378430662,0.01180888641525848
15.62,0.01181280792678844,0.011807719081852469
15.622,0.011811825757836819,0.01180654568282031
15.624,0.011810816892469286,0.011805366220503877
15.626,0.01180978094728081,0.011804180697250258
15.628,0.011808717540811373,0.011802989115412
15.63,0.011807626293940979,0.011801791477346764
15.632,0.011806506830316083,0.011800587785417715
15.634,0.011805358776805873,0.011799378041993117
15.636,0.011804181763983838,0.011798162249446643
15.638,0.011802975426619209,0.01179694041015718
15.64,0.011801739404162421,0.011795712526508939
15.642,0.011800473341205882,0.01179447860089152
15.644,0.011799176887904658,0.011793238635699595
15.646,0.011797849700352398,0.011791992633333307
15.648,0.011796491440911787,0.011790740596197944
15.65,0.0117951017785169,0.011789482526704214
15.652,0.011793680388966204,0.011788218427267926
15.654,0.011792226955234481,0.011786948300310381
15.656,0.011790741167824751,0.011785672148257936
15.658,0.011789222725178478,0.011784389973542355
15.66,0.0117876713341458,0.011783101778600752
15.662,0.011786086710507394,0.01178180756587525
15.664,0.011784468579527228,0.011780507337813504
15.666,0.011782816676505409,0.011779201096868235
15.668,0.011781130747303432,0.011777888845497636
15.67,0.011779410548816002,0.011776570586164936
15.672,0.011777655849374388,0.011775246321338835
15.674,0.011775866429081357,0.011773916053493115
15.676,0.011774042080088365,0.011772579785106922
15.678,0.01177218260683783,0.011771237518664698
15.68,0.011770287826296756,0.011769889256655989
15.682,0.011768357568208706,0.011768535001575757
15.684,0.011766391675383318,0.011767174755924089
15.686,0.011764390004032383,0.01176580852220643
15.688,0.011762352424150434,0.011764436302933308
15.69,0.011760278819926232,0.011763058100620739
15.692,0.011758169090163927,0.011761673917789718
15.694,0.011756023148690403,0.011760283756966675
15.696,0.011753840924728663,0.01175888762068332
15.698,0.01175162236322219,0.011757485511476314
15.7,0.01174936742510563,0.011756077431887866
15.702,0.011747076087526065,0.011754663384465234
15.704,0.011744748344027767,0.011753243371761025
15.706,0.011742384204715179,0.011751817396332952
15.708,0.011739983696409348,0.011750385460744105
15.71,0.011737546862810502,0.011748947567562654
15.712,0.011735073764671394,0.011747503719362147
15.714,0.011732564479978605,0.011746053918721149
15.716,0.011730019104135871,0.011744598168223652
15.718,0.011727437750137338,0.011743136470458831
15.72,0.011724820548720814,0.011741668828020937
15.722,0.011722167648492604,0.011740195243509602
15.724,0.011719479216019145,0.01173871571952953
15.726,0.011716755435887028,0.011737230258690785
15.728,0.011713996510734027,0.011735738863608501
15.73,0.01171120266125676,0.01173424153690315
15.732,0.011708374126201179,0.011732738281200278
15.734,0.011705511162339814,0.011731229099130727
15.736,0.01170261404443778,0.011729713993330544
15.738,0.01169968306520745,0.0117281929664409
15.74,0.011696718535252849,0.011726666021108246
15.742,0.011693720782999404,0.01172513315998412
15.744,0.01169069015461112,0.011723594385725443
15.746,0.011687627013890079,0.01172204970099409
15.748,0.01168453174215912,0.011720499108457353
15.75,0.011681404738124422,0.011718942610787472
15.752,0.011678246417714207,0.01171738021066207
15.754,0.011675057213889698,0.011715811910763955
15.756,0.011671837576427313,0.011714237713780898
15.758,0.011668587971668079,0.011712657622406173
15.76,0.011665308882237161,0.011711071639337878
15.762,0.011662000806738225,0.011709479767279577
15.764,0.01165866425943004,0.011707882008939812
15.766,0.01165529976989381,0.011706278367032466
15.768,0.011651907882699146,0.011704668844276383
15.77,0.011648489157075281,0.011703053443395759
15.772,0.011645044166585485,0.01170143216711989
15.774,0.011641573498801376,0.01169980501818317
15.776,0.011638077754964869,0.01169817199932526
15.778,0.011634557549626914,0.011696533113290839
15.78,0.011631013510248698,0.011694888362829937
15.782,0.011627446276757755,0.01169323775069753
15.784,0.011623856501056332,0.011691581279653881
15.786,0.011620244846485788,0.011689918952464318
15.788,0.011616611987262509,0.011688250771899377
15.79,0.011612958607898736,0.01168657674073474
15.792,0.011609285402629043,0.011684896861751108
15.794,0.011605593074855494,0.011683211137734533
15.796,0.011601882336620135,0.011681519571476012
15.798,0.011598153908102588,0.011679822165771767
15.8,0.01159440851713496,0.011678118923423061
15.802,0.01159064689871429,0.01167640984723649
15.804,0.011586869794496633,0.011674694940023506
15.806,0.011583077952251442,0.011672974204600933
15.808,0.011579272125267737,0.011671247643790504
15.81,0.011575453071705941,0.011669515260419212
15.812,0.011571621553904128,0.011667777057319183
15.814,0.011567778337651501,0.011666033037327488
15.816,0.011563924191448367,0.011664283203286527
15.818,0.011560059885773744,0.011662527558043628
15.82,0.01155618619237532,0.01166076610445136
15.822,0.011552303883593787,0.011658998845367287
15.824,0.011548413731720787,0.01165722578365417
15.826,0.011544516508387047,0.011655446922179763
15.828,0.011540612983965835,0.01165366226381703
15.83,0.011536703926977929,0.011651871811444014
15.832,0.011532790103481749,0.011650075567943745
15.834,0.011528872276439036,0.011648273536204465
15.836,0.011524951205047696,0.01164646571911938
15.838,0.011521027644044834,0.011644652119586959
15.84,0.01151710234298586,0.011642832740510521
15.842,0.011513176045512058,0.0116410075847987
15.844,0.011509249488619476,0.011639176655365024
15.846,0.011505323401942899,0.011637339955128159
15.848,0.011501398507063517,0.011635497487011927
15.85,0.011497475516845511,0.011633649253945057
15.852,0.011493555134799086,0.011631795258861497
15.854,0.01148963805446485,0.011629935504700107
15.856,0.011485724958808998,0.011628069994404997
15.858,0.01148181651961935,0.011626198730925123
15.86,0.011477913396894903,0.01162432171721467
15.862,0.011474016238224546,0.011622438956232753
15.864,0.01147012567815643,0.011620550450943646
15.866,0.01146624233756579,0.011618656204316609
15.868,0.01146236682303191,0.01161675621932593
15.87,0.011458499726234321,0.011614850498951008
15.872,0.011454641623379537,0.011612939046176168
15.874,0.01145079307466377,0.011611021863990906
15.876,0.011446954623769335,0.01160909895538962
15.878,0.01144312679738992,0.011607170323371893
15.88,0.011439310104772914,0.011605235970942169
15.882,0.01143550503726731,0.011603295901110033
15.884,0.011431712067865878,0.011601350116890088
15.886,0.011427931650735324,0.011599398621301847
15.888,0.011424164220735012,0.011597441417370008
15.89,0.011420410192928127,0.01159547850812411
15.892,0.011416669962099175,0.011593509896598882
15.894,0.011412943902286431,0.011591535585833894
15.896,0.011409232366344498,0.011589555578873846
15.898,0.011405535685543271,0.011587569878768317
15.9,0.01140185416920884,0.011585578488572033
15.902,0.01139818810440391,0.01158358141134464
15.904,0.011394537755645875,0.011581578650150734
15.906,0.011390903364654646,0.01157957020806004
15.908,0.01138728515012617,0.011577556088147069
15.91,0.011383683307528245,0.011575536293491543
15.912,0.01138009800891431,0.011573510827177943
15.914,0.011376529402755464,0.01157147969229595
15.916,0.011372977613789399,0.011569442891940031
15.918,0.011369442742882098,0.0115674004292098
15.92,0.011365924866901512,0.011565352307209628
15.922,0.011362424038598508,0.01156329852904907
15.924,0.011358940286493422,0.011561239097842561
15.926,0.011355473614768902,0.011559174016709433
15.928,0.011352024003174728,0.011557103288774089
15.93,0.01134859140695183,0.011555026917165789
15.932,0.011345175756786218,0.01155294490501883
15.934,0.011341776958804412,0.011550857255472368
15.936,0.011338394894615198,0.01154876397167062
15.938,0.011335029421402295,0.011546665056762625
15.94,0.011331680372061516,0.011544560513902437
15.942,0.011328347555373111,0.011542450346249088
15.944,0.011325030756196997,0.011540334556966413
15.946,0.011321729735677237,0.011538213149223321
15.948,0.011318444231446427,0.011536086126193527
15.95,0.011315173957824828,0.011533953491055762
15.952,0.011311918606017974,0.011531815246993588
15.954,0.011308677844317747,0.011529671397195638
15.956,0.011305451318318888,0.011527521944855271
15.958,0.01130223865116026,0.011525366893170878
15.96,0.011299039443801392,0.011523206245345785
15.962,0.011295853275336169,0.011521040004588099
15.964,0.01129267970334658,0.011518868174110986
15.966,0.011289518264293376,0.011516690757132306
15.968,0.011286368473937599,0.011514507756875098
15.97,0.011283229827789454,0.011512319176566983
15.972,0.0112801018015798,0.011510125019440732
15.974,0.011276983851751497,0.011507925288733825
15.976,0.011273875415969565,0.011505719987688717
15.978,0.01127077591364928,0.011503509119552778
15.98,0.011267684746499529,0.011501292687578114
15.982,0.011264601299080563,0.011499070695021854
15.984,0.011261524939371065,0.011496843145145895
15.986,0.011258455019339586,0.01149461004121707
15.988,0.011255390875517449,0.011492371386506989
15.99,0.011252331829570344,0.011490127184292275
15.992,0.011249277188868236,0.011487877437854229
15.994,0.011246226247060134,0.011485622150479102
15.996,0.011243178284659186,0.011483361325458049
15.998,0.011240132569648262,0.011481094966086913
16.0,0.011237088358114497,0.01147882307566657
16.002,0.011234044894921077,0.011476545657502531
16.004,0.011231001414417668,0.011474262714905401
16.006,0.011227957141188037,0.011471974251190304
16.008,0.0112249112908273,0.011469680269677492
16.01,0.011221863070737682,0.011467380773691832
16.012,0.011218811680929206,0.011465075766563122
16.014,0.0112157563148137,0.01146276525162601
16.016,0.011212696159982655,0.011460449232219831
16.018,0.011209630398964715,0.011458127711688847
16.02,0.011206558209963096,0.011455800693382048
16.022,0.011203478767580323,0.011453468180653344
16.024,0.01120039124353751,0.011451130176861272
16.026,0.011197294807399453,0.0114487866853694
16.028,0.011194188627313419,0.011446437709545832
16.03,0.011191071870768716,0.011444083252763698
16.032,0.01118794370537799,0.011441723318400744
16.034,0.011184803299678851,0.011439357909839583
16.036,0.01118164982395021,0.011436987030467659
16.038,0.011178482451035974,0.011434610683677036
16.04,0.011175300357168154,0.011432228872864745
16.042,0.011172102722782809,0.011429841601432412
16.044,0.011168888733322634,0.011427448872786562
16.046,0.011165657580025827,0.011425050690338365
16.048,0.011162408460698648,0.011422647057503926
16.05,0.011159140580477607,0.011420237977703855
16.052,0.01115585315258208,0.011417823454363768
16.054,0.011152545399063326,0.011415403490913908
16.056,0.011149216551551575,0.011412978090789195
16.058,0.011145865852003388,0.011410547257429475
16.06,0.011142492553447817,0.01140811099427913
16.062,0.011139095920726677,0.011405669304787466
16.064,0.011135675231226425,0.011403222192408316
16.066,0.011132229775594832,0.011400769660600484
16.068,0.011128758858439022,0.011398311712827248
16.07,0.011125261799002884,0.011395848352556734
16.072,0.01112173793182426,0.01139337958326186
16.074,0.0111181866073753,0.011390905408420075
16.076,0.011114607192689734,0.011388425831513699
16.078,0.011110999071981726,0.01138594085602964
16.08,0.011107361647257907,0.011383450485459568
16.082,0.01110369433892463,0.011380954723299802
16.084,0.011099996586387828,0.011378453573051468
16.086,0.011096267848639783,0.011375947038220192
16.088,0.011092507604830236,0.011373435122316458
16.09,0.011088715354816151,0.011370917828855428
16.092,0.011084890619688818,0.011368395161356753
16.094,0.01108103294227665,0.011365867123345
16.096,0.011077141887628955,0.011363333718349206
16.098,0.011073217043480469,0.011360794949903238
16.1,0.01106925802070226,0.011358250821545476
16.102,0.011065264453738868,0.011355701336819108
16.104,0.011061236001030537,0.01135314649927185
16.106,0.011057172345417303,0.0113505863124561
16.108,0.011053073194518762,0.01134802077992901
16.11,0.0110489382810829,0.011345449905252214
16.112,0.011044767363300624,0.01134287369199211
16.114,0.01104056022508357,0.011340292143719595
16.116,0.01103631667630582,0.01133770526401042
16.118,0.011032036553016126,0.011335113056444681
16.12,0.011027719717627489,0.011332515524607368
16.122,0.01102336605909399,0.011329912672087845
16.124,0.01101897549308285,0.011327304502480337
16.126,0.011014547962148721,0.011324691019383454
16.128,0.011010083435911618,0.011322072226400557
16.13,0.011005581911237159,0.011319448127139604
16.132,0.011001043412411688,0.011316818725213033
16.134,0.010996467991302753,0.011314184024238045
16.136,0.010991855727492755,0.011311544027836278
16.138,0.01098720672837361,0.011308898739634097
16.14,0.010982521129195334,0.011306248163262325
16.142,0.010977799093061843,0.011303592302356474
16.144,0.01097304081087524,0.011300931160556502
16.146,0.010968246501235878,0.011298264741507068
16.148,0.010963416410305802,0.011295593048857355
16.15,0.010958550811650161,0.011292916086261038
16.152,0.010953650006067637,0.011290233857376533
16.154,0.010948714321419872,0.011287546365866517
16.156,0.010943744112467261,0.011284853615398526
16.158,0.010938739760709732,0.011282155609644424
16.16,0.010933701674231196,0.011279452352280743
16.162,0.01092863028753868,0.01127674384698846
16.164,0.010923526061386832,0.011274030097453197
16.166,0.010918389482580242,0.011271311107365017
16.168,0.01091322106374415,0.011268586880418504
16.17,0.010908021343060716,0.011265857420312844
16.172,0.010902790883970184,0.011263122730751647
16.174,0.010897530274839968,0.011260382815443117
16.176,0.010892240128605624,0.011257637678099872
16.178,0.010886921082392371,0.011254887322439176
16.18,0.01088157379712098,0.011252131752182587
16.182,0.010876198957104522,0.011249370971056355
16.184,0.0108707972696368,0.011246604982791184
16.186,0.010865369464573097,0.011243833791122142
16.188,0.010859916293902526,0.011241057399788954
16.19,0.010854438531306205,0.01123827581253564
16.192,0.010848936971700517,0.011235489033110863
16.194,0.010843412430762277,0.011232697065267635
16.196,0.01083786574443608,0.011229899912763533
16.198,0.010832297768426175,0.011227097579360466
16.2,0.010826709377677464,0.011224290068824937
16.202,0.010821101465850887,0.01122147738492789
16.204,0.010815474944796916,0.011218659531444547
16.206,0.01080983074403175,0.011215836512154815
16.208,0.010804169810213413,0.011213008330842832
16.21,0.010798493106614772,0.01121017499129735
16.212,0.010792801612584507,0.011207336497311367
16.214,0.010787096322988894,0.011204492852682513
16.216,0.010781378247624322,0.01120164406121263
16.218,0.010775648410598427,0.011198790126708127
16.22,0.010769907849678892,0.011195931052979832
16.222,0.010764157615618698,0.011193066843842817
16.224,0.010758398771468147,0.011190197503116783
16.226,0.010752632391889422,0.011187323034625652
16.228,0.010746859562487327,0.01118444344219785
16.23,0.010741081379165206,0.011181558729666086
16.232,0.010735298947509672,0.011178668900867604
16.234,0.01072951338220007,0.01117577395964387
16.236,0.010723725806429593,0.011172873909840893
16.238,0.01071793735132474,0.011169968755308889
16.24,0.010712149155345648,0.011167058499902535
16.242,0.01070636236365511,0.01116414314748093
16.244,0.010700578127448915,0.011161222701907366
16.246,0.010694797603250001,0.01115829716704966
16.248,0.01068902195217147,0.01115536654677984
16.25,0.010683252339165348,0.011152430844974406
16.252,0.010677489932269916,0.011149490065514094
16.254,0.010671735901872476,0.011146544212284053
16.256,0.010665991419998147,0.011143593289173684
16.258,0.010660257659630103,0.01114063730007677
16.26,0.010654535794061311,0.01113767624889148
16.262,0.01064882699627043,0.011134710139520158
16.264,0.010643132438311246,0.011131738975869582
16.266,0.010637453290703498,0.011128762761850727
16.268,0.01063179072181084,0.011125781501379018
16.27,0.010626145897198545,0.01112279519837402
16.272,0.010620519978964932,0.011119803856759746
16.274,0.010614914125048149,0.011116807480464355
16.276,0.010609329488515874,0.011113806073420392
16.278,0.010603767216848345,0.011110799639564696
16.28,0.010598228451228856,0.011107788182838257
16.282,0.010592714325853354,0.011104771707186491
16.284,0.010587225967268589,0.011101750216558952
16.286,0.01058176449374072,0.011098723714909558
16.288,0.01057633101465182,0.011095692206196403
16.29,0.01057092662991388,0.011092655694381911
16.292,0.01056555242938994,0.011089614183432657
16.294,0.010560209492308497,0.011086567677319536
16.296,0.010554898886664919,0.0110835161800177
16.298,0.010549621668605626,0.011080459695506454
16.3,0.010544378881799236,0.011077398227769417
16.302,0.010539171556803336,0.011074331780794306
16.304,0.010534000710437908,0.011071260358573228
16.306,0.010528867345175455,0.011068183965102346
16.308,0.010523772448554684,0.01106510260438216
16.31,0.010518716992620225,0.011062016280417251
16.312,0.010513701933382582,0.011058924997216528
16.314,0.010508728210293361,0.011055828758793037
16.316,0.010503796745727562,0.011052727569163945
16.318,0.010498908444465483,0.011049621432350741
16.32,0.010494064193173957,0.011046510352378977
16.322,0.010489264859886152,0.011043394333278476
16.324,0.010484511293486123,0.011040273379083124
16.326,0.010479804323201685,0.011037147493831098
16.328,0.010475144758110762,0.01103401668156459
16.33,0.010470533386661556,0.011030880946330082
16.332,0.010465970976205358,0.01102774029217818
16.334,0.010461458272538941,0.011024594723163542
16.336,0.010456995999452507,0.011021444243345108
16.338,0.010452584858282505,0.01101828885678582
16.34,0.010448225527471156,0.011015128567552872
16.342,0.010443918662137718,0.011011963379717453
16.344,0.010439664893669673,0.011008793297355034
16.346,0.010435464829338893,0.01100561832454503
16.348,0.010431319051949155,0.011002438465371123
16.35,0.010427228119514142,0.010999253723920997
16.352,0.010423192564961811,0.010996064104286458
16.354,0.01041921289585688,0.010992869610563475
16.356,0.010415289594133199,0.010989670246852021
16.358,0.010411423115826613,0.010986466017256212
16.36,0.01040761389080399,0.01098325692588417
16.362,0.010403862322486713,0.01098004297684826
16.364,0.010400168787573133,0.010976824174264672
16.366,0.0103965336357649,0.010973600522253914
16.368,0.010392957189505635,0.01097037202494034
16.37,0.010389439743737357,0.01096713868645252
16.372,0.010385981565682392,0.010963900510923049
16.374,0.01038258289465203,0.010960657502488445
16.376,0.010379243941885934,0.01095740966528945
16.378,0.010375964890419925,0.01095415700347063
16.38,0.01037274589498488,0.010950899521180828
16.382,0.010369587081931185,0.01094763722257269
16.384,0.010366488549179048,0.010944370111803037
16.386,0.010363450366186392,0.010941098193032602
16.388,0.010360472573930886,0.010937821470426184
16.39,0.010357555184896061,0.010934539948152612
16.392,0.010354698183057233,0.010931253630384618
16.394,0.010351901523862485,0.010927962521299054
16.396,0.010349165134209621,0.01092466662507663
16.398,0.010346488912424857,0.010921365945902192
16.4,0.010343872728253234,0.01091806048796438
16.402,0.010341316422875379,0.010914750255456004
16.404,0.010338819808961393,0.010911435252573652
16.406,0.010336382670772791,0.010908115483518029
16.408,0.010334004764315617,0.010904790952493781
16.41,0.010331685817541712,0.010901461663709387
16.412,0.010329425530586746,0.01089812762137742
16.414,0.010327223576032706,0.010894788829714263
16.416,0.010325079599178886,0.010891445292940366
16.418,0.010322993218308518,0.010888097015279994
16.42,0.010320964024944613,0.010884744000961476
16.422,0.0103189915840926,0.010881386254216875
16.424,0.010317075434475721,0.01087802377928235
16.426,0.010315215088770957,0.010874656580397907
16.428,0.010313410033856614,0.010871284661807375
16.43,0.01031165973108233,0.010867908027758647
16.432,0.01030996361656649,0.01086452668250335
16.434,0.010308321101527398,0.010861140630297134
16.436,0.010306731572646478,0.010857749875399402
16.438,0.010305194392462311,0.010854354422073574
16.44,0.010303708899791385,0.010850954274586825
16.442,0.010302274410171848,0.010847549437210289
16.444,0.010300890216324372,0.01084413991421888
16.446,0.010299555588630648,0.010840725709891447
16.448,0.010298269775622851,0.0108373068285107
16.45,0.010297032004485071,0.010833883274363068
16.452,0.010295841481563832,0.01083045505173898
16.454,0.010294697392887384,0.01082702216493258
16.456,0.0102935989046938,0.010823584618241948
16.458,0.010292545163969085,0.01082014241596886
16.46,0.01029153529899679,0.010816695562419102
16.462,0.010290568419922668,0.010813244061902028
16.464,0.010289643619335364,0.010809787918730992
16.466,0.01028875997286647,0.010806327137223149
16.468,0.01028791653980871,0.010802861721699303
16.47,0.01028711236375068,0.010799391676484225
16.472,0.010286346473224808,0.010795917005906337
16.474,0.010285617882363615,0.01079243771429795
16.476,0.010284925591557154,0.010788953805995049
16.478,0.010284268588109088,0.010785465285337489
16.48,0.010283645846885446,0.010781972156668792
16.482,0.010283056330956285,0.010778474424336328
16.484,0.010282498992230634,0.010774972092691232
16.486,0.01028197277208734,0.010771465166088259
16.488,0.010281476602008364,0.010767953648886068
16.49,0.010281009404219681,0.0107644375454469
16.492,0.010280570092345814,0.010760916860136893
16.494,0.010280157572085044,0.010757391597325739
16.496,0.010279770741908474,0.010753861761387025
16.498,0.010279408493784304,0.010750327356697934
16.5,0.010279069713925072,0.010746788387639358
16.502,0.010278753283553719,0.010743244858596027
16.504,0.010278458079676832,0.010739696773956158
16.506,0.010278182975856974,0.010736144138111891
16.508,0.010277926842970072,0.010732586955458853
16.51,0.010277688549939126,0.010729025230396521
16.512,0.010277466964438346,0.010725458967327874
16.514,0.010277260953565839,0.010721888170659775
16.516,0.0102770693844904,0.01071831284480252
16.518,0.010276891125081686,0.010714732994170247
16.52,0.010276725044536736,0.010711148623180714
16.522,0.01027657001401359,0.010707559736255248
16.524,0.010276424907283204,0.010703966337818909
16.526,0.010276288601402783,0.01070036843230028
16.528,0.010276159977408777,0.010696766024131756
16.53,0.010276037921022968,0.010693159117749151
16.532,0.010275921323360051,0.010689547717592103
16.534,0.010275809081625035,0.01068593182810369
16.536,0.010275700099788405,0.010682311453730688
16.538,0.010275593289233737,0.01067868659892352
16.54,0.010275487569372415,0.01067505726813607
16.542,0.010275381868227126,0.010671423465825971
16.544,0.010275275122988769,0.010667785196454305
16.546,0.010275166280552663,0.010664142464485873
16.548,0.010275054298040877,0.01066049527438887
16.55,0.01027493814331653,0.010656843630635269
16.552,0.010274816795496869,0.010653187537700433
16.554,0.010274689245465977,0.010649527000063413
16.556,0.010274554496392418,0.010645862022206673
16.558,0.0102744115642478,0.010642192608616385
16.56,0.0102742594783256,0.01063851876378218
16.562,0.010274097281754787,0.010634840492197149
16.564,0.01027392403199925,0.010631157798358085
16.566,0.010273738801335435,0.010627470686765153
16.568,0.010273540677299124,0.010623779161922113
16.57,0.01027332876309498,0.010620083228336187
16.572,0.010273102177966576,0.010616382890518205
16.574,0.010272860057527781,0.010612678152982332
16.576,0.01027260155406501,0.010608969020246365
16.578,0.01027232583681826,0.010605255496831587
16.58,0.010272032092255428,0.010601537587262658
16.582,0.010271719524349401,0.010597815296067847
16.584,0.010271387354865203,0.010594088627778777
16.586,0.01027103482365902,0.010590357586930627
16.588,0.010270661188983546,0.010586622178061946
16.59,0.010270265727790424,0.01058288240571485
16.592,0.01026984773601548,0.01057913827443479
16.594,0.010269406528834589,0.010575389788770725
16.596,0.010268941440876221,0.010571636953275107
16.598,0.01026845182638667,0.010567879772503647
16.6,0.010267937059342992,0.010564118251015655
16.602,0.010267396533521022,0.010560352393373744
16.604,0.010266829662524577,0.010556582204144033
16.606,0.010266235879790513,0.010552807687895939
16.608,0.01026561463858064,0.010549028849202429
16.61,0.01026496541197324,0.01054524569263966
16.612,0.010264287692863317,0.010541458222787367
16.614,0.010263580993975544,0.010537666444228646
16.616,0.01026284484789038,0.010533870361549817
16.618,0.010262078807079454,0.010530069979340778
16.62,0.010261282443939916,0.010526265302194611
16.622,0.010260455350820276,0.010522456334707908
16.624,0.0102595971400247,0.010518643081480473
16.626,0.010258707443785386,0.010514825547115615
16.628,0.010257785914196913,0.010511003736219828
16.63,0.010256832223106702,0.010507177653403053
16.632,0.010255846061960743,0.01050334730327855
16.634,0.010254827141609156,0.010499512690462847
16.636,0.010253775192076328,0.010495673819575845
16.638,0.010252689962306554,0.01049183069524068
16.64,0.010251571219894121,0.010487983322083921
16.642,0.010250418750809205,0.010484131704735309
16.644,0.010249232359128838,0.010480275847827993
16.646,0.010248011866779675,0.010476415755998295
16.648,0.010246757113294725,0.010472551433885893
16.65,0.010245467955583244,0.010468682886133783
16.652,0.010244144267707294,0.010464810117388096
16.654,0.010242785940656115,0.010460933132298381
16.656,0.010241392882107183,0.010457051935517296
16.658,0.010239965016164003,0.010453166531700918
16.66,0.010238502283061956,0.010449276925508386
16.662,0.010237004638841989,0.01044538312160224
16.664,0.010235472054991443,0.010441485124648141
16.666,0.010233904518062144,0.010437582939315076
16.668,0.01023230202927417,0.01043367657027515
16.67,0.010230664604117458,0.010429766022203779
16.672,0.010228992271959404,0.010425851299779557
16.674,0.010227285075662864,0.010421932407684197
16.676,0.010225543071215006,0.010418009350602803
16.678,0.010223766327361028,0.010414082133223446
16.68,0.010221954925235557,0.010410150760237583
16.682,0.010220108957985193,0.01040621523633968
16.684,0.010218228530375163,0.010402275566227515
16.686,0.010216313758380514,0.010398331754601938
16.688,0.010214364768762581,0.010394383806166993
16.69,0.010212381698637937,0.010390431725629942
16.692,0.010210364695044728,0.010386475517701079
16.694,0.010208313914512513,0.010382515187093967
16.696,0.010206229522637915,0.010378550738525151
16.698,0.010204111693664206,0.010374582176714477
16.7,0.010201960610062516,0.010370609506384776
16.702,0.010199776462108867,0.010366632732262118
16.704,0.010197559447454662,0.01036265185907555
16.706,0.010195309770689505,0.010358666891557369
16.708,0.010193027642899864,0.0103546778344429
16.71,0.0101907132812288,0.010350684692470509
16.712,0.010188366908444275,0.010346687470381795
16.714,0.010185988752521089,0.010342686172921254
16.716,0.010183579046240395,0.010338680804836648
16.718,0.010181138026802098,0.010334671370878654
16.72,0.01017866593544721,0.010330657875801135
16.722,0.010176163017079522,0.01032664032436088
16.724,0.010173629519877542,0.010322618721317824
16.726,0.010171065694893603,0.01031859307143498
16.728,0.010168471795635329,0.010314563379478267
16.73,0.010165848077638085,0.01031052965021679
16.732,0.010163194798035844,0.010306491888422536
16.734,0.010160512215143254,0.010302450098870652
16.736,0.01015780058806204,0.010298404286339134
16.738,0.010155060176318958,0.010294354455609177
16.74,0.010152291239539065,0.010290300611464801
16.742,0.010149494037149435,0.010286242758693135
16.744,0.010146668828104402,0.010282180902084317
16.746,0.010143815870618304,0.010278115046431321
16.748,0.010140935421893168,0.010274045196530274
16.75,0.01013802773782821,0.01026997135718011
16.752,0.0101350930727092,0.010265893533182888
16.754,0.01013213167887543,0.010261811729343482
16.756,0.01012914380637504,0.010257725950469851
16.758,0.010126129702618022,0.010253636201372734
16.76,0.010123089612043645,0.010249542486866018
16.762,0.01012002377581239,0.010245444811766312
16.764,0.010116932431534147,0.010241343180893299
16.766,0.01011381581303354,0.010237237599069565
16.768,0.010110674150151041,0.01023312807112052
16.77,0.010107507668572399,0.010229014601874593
16.772,0.010104316589674395,0.010224897196163003
16.774,0.010101101130377136,0.010220775858820011
16.776,0.01009786150299144,0.01021665059468259
16.778,0.01009459791505861,0.010212521408590776
16.78,0.010091310569180698,0.010208388305387336
16.782,0.010087999662845983,0.010204251289917952
16.784,0.010084665388259648,0.010200110367031267
16.786,0.010081307932188786,0.010195965541578603
16.788,0.010077927475831229,0.010191816818414315
16.79,0.010074524194713155,0.01018766420239545
16.792,0.010071098258618592,0.010183507698382013
16.794,0.010067649831544477,0.010179347311236745
16.796,0.010064179071673278,0.01017518304582532
16.798,0.010060686131352824,0.010171014907016086
16.8,0.010057171157069885,0.010166842899680338
16.802,0.010053634289412422,0.010162667028692176
16.804,0.010050075663013731,0.01015848729892837
16.806,0.010046495406484638,0.01015430371526866
16.808,0.01004289364234046,0.010150116282595377
16.81,0.010039270486937405,0.010145925005793846
16.812,0.010035626050433049,0.010141729889751993
16.814,0.010031960436785182,0.01013753093936063
16.816,0.010028273743796418,0.010133328159513242
16.818,0.01002456606320826,0.010129121555106153
16.82,0.010020837480837801,0.010124911131038413
16.822,0.010017088076744311,0.010120696892211744
16.824,0.010013317925407227,0.010116478843530723
16.826,0.010009527095896928,0.010112256989902554
16.828,0.010005715652019985,0.010108031336237272
16.83,0.0100018836524285,0.010103801887447496
16.832,0.009998031150690808,0.010099568648448708
16.834,0.009994158195329601,0.01009533162415893
16.836,0.009990264829843741,0.010091090819499032
16.838,0.009986351092735251,0.010086846239392554
16.84,0.009982417017562108,0.0100825978887656
16.842,0.009978462633036589,0.010078345772547131
16.844,0.00997448796318134,0.010074089895668608
16.846,0.009970493027541823,0.01006983026306431
16.848,0.009966477841446896,0.010065566879671056
16.85,0.009962442416297892,0.01006129975042844
16.852,0.009958386759862185,0.010057028880278575
16.854,0.009954310876549083,0.010052754274166317
16.856,0.009950214767650326,0.010048475937039137
16.858,0.009946098431537704,0.010044193873847062
16.86,0.00994196186382108,0.010039908089542884
16.862,0.00993780505748099,0.010035618589081823
16.864,0.00993362800299419,0.010031325377421922
16.866,0.009929430688474223,0.010027028459523638
16.868,0.009925213099841753,0.010022727840350151
16.87,0.009920975221033908,0.010018423524867133
16.872,0.009916717034249645,0.01001411551804297
16.874,0.00991243852022144,0.01000980382484847
16.876,0.009908139658497043,0.010005488450257135
16.878,0.009903820427713681,0.010001169399245016
16.88,0.009899480805853532,0.009996846676790645
16.882,0.00989512077047265,0.009992520287875197
16.884,0.009890740298907092,0.009988190237482297
16.886,0.009886339368464453,0.009983856530598245
16.888,0.009881917956612848,0.00997951917221171
16.89,0.009877476041180038,0.009975178167314042
16.892,0.00987301360057022,0.009970833520898987
16.894,0.009868530614000866,0.009966485237962877
16.896,0.009864027061754953,0.009962133323504565
16.898,0.009859502925440466,0.009957777782525297
16.9,0.009854958188245987,0.009953418620028982
16.902,0.009850392835183217,0.009949055841021832
16.904,0.009845806853310575,0.009944689450512714
16.906,0.009841200231935545,0.009940319453512807
16.908,0.009836572962799132,0.009935945855035898
16.91,0.009831925040246837,0.009931568660098129
16.912,0.009827256461391357,0.00992718787371816
16.914,0.009822567226273395,0.009922803500917128
16.916,0.009817857338020573,0.009918415546718512
16.918,0.009813126803006948,0.009914024016148316
16.92,0.009808375631012584,0.009909628914234902
16.922,0.009803603835380106,0.009905230246009145
16.924,0.009798811433171689,0.009900828016504238
16.926,0.009793998445325457,0.009896422230755887
16.928,0.009789164896813545,0.009892012893802073
16.93,0.009784310816805537,0.009887600010683293
16.932,0.009779436238833799,0.009883183586442414
16.934,0.009774541200961282,0.009878763626124594
16.936,0.009769625745943882,0.0098743401347775
16.938,0.009764689921380843,0.009869913117451069
16.94,0.00975973377984451,0.009865482579197666
16.942,0.009754757378983734,0.009861048525071966
16.944,0.009749760781597934,0.009856610960131039
16.946,0.00974474405568439,0.00985216988943423
16.948,0.009739707274465178,0.009847725318043319
16.95,0.009734650516404087,0.009843277251022393
16.952,0.009729573865224338,0.009838825693437773
16.954,0.009724477409935506,0.009834370650358255
16.956,0.009719361244874792,0.009829912126854771
16.958,0.009714225469761396,0.009825450128000733
16.96,0.009709070189758768,0.009820984658871691
16.962,0.009703895515534435,0.009816515724545637
16.964,0.009698701563308853,0.009812043330102728
16.966,0.009693488454882921,0.00980756748062547
16.968,0.0096882563176418,0.009803088181198667
16.97,0.009683005284534297,0.009798605436909264
16.972,0.00967773549403404,0.009794119252846631
16.974,0.009672447090089667,0.009789629634102256
16.976,0.009667140222074166,0.00978513658576997
16.978,0.009661815044738689,0.009780640112945781
16.98,0.009656471718175831,0.009776140220727978
16.982,0.009651110407789822,0.009771636914217006
16.984,0.009645731284269387,0.00976713019851565
16.986,0.009640334523555928,0.009762620078728785
16.988,0.00963492030679787,0.009758106559963559
16.99,0.009629488820285744,0.009753589647329388
16.992,0.009624040255363035,0.009749069345937706
16.994,0.009618574808312106,0.00974454566090231
16.996,0.009613092680218814,0.009740018597339053
16.998,0.009607594076820072,0.009735488160366068
17.0,0.009602079208340998,0.009730954355103577
17.002,0.009596548289329024,0.009726417186674038
17.004,0.009591001538491033,0.009721876660201955
17.006,0.009585439178536955,0.009717332780814093
17.008,0.009579861436035142,0.009712785553639329
17.01,0.009574268541278179,0.00970823498380863
17.012,0.009568660728158755,0.009703681076455176
17.014,0.009563038234053823,0.00969912383671417
17.016,0.009557401299710827,0.00969456326972303
17.018,0.009551750169130851,0.009689999380621175
17.02,0.009546085089442874,0.009685432174550273
17.022,0.009540406310761855,0.009680861656653932
17.024,0.009534714086026375,0.009676287832077956
17.026,0.009529008670813096,0.009671710705970261
17.028,0.009523290323127808,0.0096671302834807
17.03,0.0095175593031757,0.009662546569761338
17.032,0.00951181587311785,0.009657959569966186
17.034,0.009506060296820029,0.009653369289251462
17.036,0.009500292839603852,0.009648775732775255
17.038,0.009494513768006961,0.009644178905697881
17.04,0.009488723349558045,0.009639578813181525
17.042,0.00948292185257054,0.009634975460390528
17.044,0.009477109545951889,0.009630368852491238
17.046,0.009471286699027665,0.009625758994651934
17.048,0.009465453581371335,0.009621145892043043
17.05,0.009459610462634226,0.00961652954983685
17.052,0.009453757612366288,0.009611909973207808
17.054,0.009447895299823553,0.009607287167332158
17.056,0.009442023793757609,0.009602661137388328
17.058,0.009436143362186556,0.00959803188855658
17.06,0.009430254272151606,0.009593399426019228
17.062,0.009424356789464317,0.009588763754960556
17.064,0.009418451178451645,0.009584124880566747
17.066,0.0094125377017086,0.009579482808026002
17.068,0.009406616619862314,0.009574837542528391
17.07,0.009400688191354497,0.009570189089266028
17.072,0.009394752672239628,0.009565537453432846
17.074,0.009388810315996934,0.009560882640224833
17.076,0.009382861373347807,0.00955622465483977
17.078,0.009376906092071188,0.009551563502477458
17.08,0.009370944716805928,0.009546899188339505
17.082,0.009364977488838966,0.009542231717629508
17.084,0.009359004645874136,0.00953756109555295
17.086,0.00935302642178977,0.009532887327317118
17.088,0.00934704304639206,0.009528210418131303
17.09,0.009341054745177617,0.009523530373206563
17.092,0.009335061739116754,0.009518847197755887
17.094,0.00932906424446542,0.00951416089699407
17.096,0.009323062472608895,0.00950947147613786
17.098,0.009317056629933523,0.009504778940405745
17.1,0.009311046917716892,0.009500083295018115
17.102,0.009305033532022947,0.009495384545197218
17.104,0.009299016663591146,0.009490682696167032
17.106,0.009292996497708485,0.009485977753153498
17.108,0.009286973214063915,0.00948126972138422
17.11,0.009280946986586687,0.009476558606088765
17.112,0.009274917983278935,0.009471844412498353
17.114,0.009268886366054543,0.009467127145846153
17.116,0.009262852290593992,0.009462406811366958
17.118,0.009256815906222751,0.009457683414297481
17.12,0.00925077735581322,0.009452956959876193
17.122,0.009244736775706636,0.009448227453343222
17.124,0.009238694295643042,0.00944349489994062
17.126,0.009232650038690952,0.00943875930491208
17.128,0.009226604121167301,0.0094340206735031
17.13,0.009220556652544518,0.009429279010960861
17.132,0.009214507735346772,0.009424534322534393
17.134,0.009208457465045474,0.009419786613474337
17.136,0.009202405929963872,0.009415035889033125
17.138,0.009196353211207178,0.00941028215446494
17.14,0.009190299382625463,0.009405525415025555
17.142,0.009184244510817202,0.009400765675972589
17.144,0.009178188655170819,0.009396002942565219
17.146,0.009172131867937543,0.009391237220064486
17.148,0.009166074194321564,0.009386468513732918
17.15,0.009160015672573648,0.009381696828834914
17.152,0.009153956334073654,0.009376922170636359
17.154,0.009147896203391535,0.00937214454440496
17.156,0.009141835298322687,0.009367363955410022
17.158,0.009135773629901082,0.009362580408922464
17.16,0.009129711202399443,0.009357793910214943
17.162,0.009123648013330423,0.009353004464561656
17.164,0.00911758405346616,0.009348212077238505
17.166,0.009111519306889545,0.009343416753522947
17.168,0.009105453751087591,0.009338618498694181
17.17,0.009099387357091681,0.00933381731803285
17.172,0.009093320089659124,0.009329013216821353
17.174,0.009087251907486804,0.00932420620034366
17.176,0.00908118276344132,0.009319396273885247
17.178,0.009075112604790908,0.009314583442733285
17.18,0.009069041373424562,0.00930976771217643
17.182,0.00906296900605061,0.009304949087505019
17.184,0.009056895434372247,0.009300127574010839
17.186,0.009050820585245393,0.009295303176987365
17.188,0.009044744380828194,0.009290475901729512
17.19,0.009038666738734043,0.009285645753533816
17.192,0.009032587572200327,0.009280812737698292
17.194,0.009026506790280792,0.009275976859522571
17.196,0.009020424298065157,0.00927113812430779
17.198,0.009014339996923656,0.009266296537356526
17.2,0.009008253784771781,0.009261452103973023
17.202,0.009002165556345464,0.009256604829462839
17.204,0.00899607520347977,0.009251754719133242
17.206,0.008989982615385321,0.009246901778292821
17.208,0.008983887678918952,0.0092420460122518
17.21,0.00897779027885087,0.009237187426321743
17.212,0.008971690298131468,0.009232326025815833
17.214,0.008965587618162426,0.009227461816048643
17.216,0.008959482119075901,0.009222594802336172
17.218,0.008953373680025179,0.009217724989996007
17.22,0.008947262179483847,0.009212852384347036
17.222,0.008941147495553579,0.009207976990709717
17.224,0.008935029506273218,0.009203098814405846
17.226,0.008928908089927948,0.009198217860758747
17.228,0.008922783125353813,0.009193334135093042
17.23,0.00891665449223755,0.009188447642734899
17.232,0.008910522071412883,0.009183558389011881
17.234,0.008904385745156541,0.009178666379252841
17.236,0.00889824539748584,0.009173771618788209
17.238,0.008892100914462625,0.0091688741129496
17.24,0.008885952184502529,0.009163973867070215
17.242,0.00887979909869027,0.009159070886484492
17.244,0.008873641551097202,0.009154165176528346
17.246,0.008867479439097655,0.009149256742538947
17.248,0.008861312663679507,0.009144345589854944
17.25,0.008855141129743659,0.009139431723816278
17.252,0.008848964746390985,0.009134515149764192
17.254,0.008842783427194455,0.009129595873041393
17.256,0.008836597090456824,0.009124673898991803
17.258,0.008830405659456622,0.009119749232960755
17.26,0.00882420906268665,0.009114821880294811
17.262,0.008818007234089625,0.009109891846342002
17.264,0.008811800113296292,0.009104959136451459
17.266,0.008805587645870588,0.00910002375597379
17.268,0.008799369783563452,0.00909508571026087
17.27,0.008793146484576098,0.009090145004665758
17.272,0.008786917713829327,0.009085201644542941
17.274,0.00878068344323336,0.009080255635248051
17.276,0.00877444365194957,0.009075306982138098
17.278,0.008768198326637631,0.009070355690571262
17.28,0.008761947461678151,0.009065401765907073
17.282,0.008755691059368385,0.00906044521350621
17.284,0.008749429130087383,0.009055486038730699
17.286,0.008743161692434531,0.009050524246943772
17.288,0.008736888773346512,0.009045559843509821
17.29,0.008730610408200747,0.009040592833794568
17.292,0.008724326640914852,0.009035623223164866
17.294,0.008718037524050834,0.009030651016988868
17.296,0.008711743118928021,0.009025676220635843
17.298,0.008705443495748453,0.009020698839476359
17.3,0.008699138733732622,0.009015718878882037
17.302,0.008692828921260118,0.009010736344225851
17.304,0.00868651415600585,0.009005751240881819
17.306,0.008680194545064548,0.0090007635742252
17.308,0.008673870205051481,0.008995773349632443
17.31,0.00866754126217372,0.008990780572481098
17.312,0.00866120785226625,0.008985785248149903
17.314,0.008654870120794165,0.00898078738201871
17.316,0.008648528222824553,0.008975786979468589
17.318,0.008642182322976172,0.008970784045881641
17.32,0.008635832595357808,0.008965778586641226
17.322,0.008629479223505192,0.008960770607131678
17.324,0.008623122400326373,0.008955760112738555
17.326,0.00861676232805941,0.008950747108848547
17.328,0.008610399218243997,0.008945731600849303
17.33,0.00860403329170171,0.008940713594129738
17.332,0.008597664778518078,0.00893569309407974
17.334,0.008591293918014883,0.008930670106090359
17.336,0.008584920958703626,0.008925644635553653
17.338,0.0085785461582138,0.008920616687862818
17.34,0.008572169783190949,0.008915586268412067
17.342,0.008565792109167372,0.008910553382596685
17.344,0.008559413420408503,0.008905518035813067
17.346,0.008553034009744609,0.008900480233458555
17.348,0.008546654178394496,0.008895439980931629
17.35,0.00854027423578872,0.008890397283631692
17.352,0.00853389449939789,0.008885352146959328
17.354,0.008527515294566782,0.00888030457631595
17.356,0.00852113695435287,0.008875254577104197
17.358,0.00851475981936555,0.008870202154727513
17.36,0.008508384237600367,0.008865147314590503
17.362,0.008502010564261935,0.008860090062098726
17.364,0.008495639161571493,0.008855030402658644
17.366,0.008489270398555149,0.008849968341677842
17.368,0.008482904650811779,0.008844903884564758
17.37,0.008476542300262223,0.0088398370367289
17.372,0.008470183734883141,0.00883476780358066
17.374,0.00846382934843089,0.008829696190531467
17.376,0.00845747954016048,0.008824622202993607
17.378,0.008451134714546499,0.008819545846380384
17.38,0.008444795281009452,0.00881446712610608
17.382,0.008438461653649238,0.008809386047585778
17.384,0.008432134250986796,0.008804302616235637
17.386,0.008425813495709221,0.008799216837472578
17.388,0.008419499814414247,0.008794128716714608
17.39,0.008413193637348396,0.008789038259380485
17.392,0.008406895398133312,0.008783945470890014
17.394,0.008400605533476374,0.00877885035666375
17.396,0.008394324482865876,0.00877375292212326
17.398,0.00838805268825184,0.008768653172690962
17.4,0.008381790593717665,0.008763551113790074
17.402,0.008375538645148317,0.0087584467508448
17.404,0.008369297289901758,0.008753340089280132
17.406,0.008363066976488868,0.008748231134521958
17.408,0.008356848154265253,0.008743119891996966
17.41,0.008350641273134835,0.008738006367132808
17.412,0.008344446783263905,0.008732890565357799
17.414,0.008338265134802021,0.008727772492101257
17.416,0.008332096777603146,0.008722652152793204
17.418,0.008325942160943452,0.00871752955286455
17.42,0.008319801733230258,0.008712404697747048
17.422,0.008313675941699723,0.008707277592873165
17.424,0.008307565232101853,0.008702148243676244
17.426,0.008301470048373314,0.008697016655590365
17.428,0.008295390832300582,0.0086918828340505
17.43,0.008289328023176805,0.008686746784492284
17.432,0.008283282057455661,0.008681608512352229
17.434,0.00827725336840756,0.008676468023067527
17.436,0.008271242385780699,0.008671325322076215
17.438,0.008265249535472472,0.008666180414817069
17.44,0.008259275239211567,0.008661033306729573
17.442,0.008253319914255089,0.008655884003254033
17.444,0.008247383973097999,0.008650732509831402
17.446,0.00824146782319636,0.008645578831903504
17.448,0.008235571866701041,0.00864042297491271
17.45,0.008229696500197722,0.00863526494430228
17.452,0.008223842114451381,0.008630104745516091
17.454,0.008218009094148607,0.008624942383998753
17.456,0.008212197817635767,0.008619777865195634
17.458,0.008206408656650831,0.008614611194552717
17.46,0.008200641976046657,0.008609442377516737
17.462,0.008194898133509635,0.00860427141953504
17.464,0.008189177479273644,0.008599098326055767
17.466,0.00818348035583706,0.008593923102527616
17.468,0.008177807097684458,0.00858874575440005
17.47,0.008172158031020425,0.008583566287123099
17.472,0.008166533473517017,0.008578384706147519
17.474,0.008160933734076635,0.008573201016924712
17.476,0.008155359112611435,0.008568015224906654
17.478,0.008149809899833712,0.008562827335546072
17.48,0.008144286377056248,0.008557637354296183
17.482,0.00813878881599791,0.008552445286610977
17.484,0.008133317478589367,0.008547251137944923
17.486,0.00812787261677898,0.008542054913753216
17.488,0.008122454472337044,0.008536856619491573
17.49,0.008117063276659354,0.00853165626061635
17.492,0.008111699250573787,0.00852645384258455
17.494,0.008106362604151152,0.008521249370853638
17.496,0.008101053536523148,0.00851604285088179
17.498,0.008095772235708901,0.008510834288127647
17.5,0.008090518878450009,0.008505623688050506
17.502,0.008085293630052667,0.008500411056110178
17.504,0.008080096644237362,0.008495196397767076
17.506,0.008074928062994818,0.008489979718482088
17.508,0.008069788016450804,0.008484761023716777
17.51,0.008064676622742123,0.008479540318933073
17.512,0.008059593987908474,0.008474317609593577
17.514,0.008054540205804523,0.008469092901161405
17.516,0.008049515358035709,0.008463866199100101
17.518,0.00804451951391782,0.008458637508873853
17.52,0.008039552730457524,0.00845340683594723
17.522,0.008034615052347056,0.008448174185785416
17.524,0.008029706511963792,0.008442939563854003
17.526,0.008024827129364464,0.008437702975619158
17.528,0.008019976912265026,0.008432464426547447
17.53,0.008015155856001318,0.008427223922105995
17.532,0.008010363943470529,0.008421981467762386
17.534,0.00800560114505935,0.008416737068984598
17.536,0.008000867418570057,0.008411490731241169
17.538,0.007996162709158414,0.008406242460001009
17.54,0.007991486949297697,0.00840099226073357
17.542,0.007986840058780788,0.00839574013890865
17.544,0.007982221944766374,0.008390486099996576
17.546,0.007977632501869357,0.008385230149468017
17.548,0.007973071612287897,0.008379972292794137
17.55,0.00796853914595478,0.008374712535446523
17.552,0.007964034960697107,0.008369450882897093
17.554,0.007959558902389025,0.008364187340618294
17.556,0.007955110805085031,0.008358921914082874
17.558,0.00795069049112779,0.00835365460876404
17.56,0.007946297771230742,0.008348385430135333
17.562,0.007941932444543274,0.008343114383670754
17.564,0.007937594298710732,0.008337841474844591
17.566,0.007933283109944362,0.0083325667091316
17.568,0.007928998643115508,0.008327290092006863
17.57,0.00792474065188475,0.008322011628945787
17.572,0.007920508878871064,0.008316731325424211
17.574,0.007916303055860203,0.008311449186918217
17.576,0.00791212290404505,0.008306165218904359
17.578,0.007907968134287695,0.008300879426859413
17.58,0.0079038384473903,0.008295591816260585
17.582,0.00789973353436359,0.008290302392585313
17.584,0.007895653076684219,0.008285011161311428
17.586,0.007891596746536347,0.008279718127917066
17.588,0.007887564207037692,0.008274423297880607
17.59,0.007883555112453951,0.008269126676680838
17.592,0.007879569108407893,0.008263828269796741
17.594,0.007875605832091211,0.008258528082707686
17.596,0.007871664912486477,0.008253226120893213
17.598,0.007867745970604741,0.00824792238983327
17.6,0.007863848619742396,0.008242616895007951
17.602,0.00785997246575754,0.008237309641897714
17.604,0.007856117107363916,0.008232000635983285
17.606,0.007852282136438262,0.008226689882745547
17.608,0.00784846713833595,0.008221377387665745
17.61,0.007844671692209669,0.008216063156225261
17.612,0.007840895371327027,0.00821074719390583
17.614,0.00783713774338485,0.008205429506189323
17.616,0.007833398370819995,0.008200110098557915
17.618,0.007829676811119053,0.008194788976493941
17.62,0.007825972617130333,0.008189466145479992
17.622,0.007822285337382509,0.008184141610998827
17.624,0.007818614516413015,0.008178815378533462
17.626,0.007814959695107204,0.008173487453567108
17.628,0.007811320411046971,0.008168157841583097
17.63,0.007807696198863792,0.008162826548065058
17.632,0.007804086590589762,0.008157493578496695
17.634,0.007800491115998747,0.008152158938361983
17.636,0.007796909302931436,0.008146822633144958
17.638,0.007793340677600048,0.008141484668329943
17.64,0.007789784764873136,0.008136145049401316
17.642,0.007786241088544985,0.008130803781843669
17.644,0.007782709171597479,0.008125460871141755
17.646,0.0077791885364649925,0.008120116322780369
17.648,0.007775678705311962,0.00811477014224458
17.65,0.007772179200330955,0.008109422335019463
17.652,0.0077686895440640565,0.008104072906590319
17.654,0.00776520925974552,0.00809872186244247
17.656,0.007761737871658642,0.008093369208061476
17.658,0.0077582749054957365,0.008088014948932847
17.66,0.007754819888709266,0.008082659090542328
17.662,0.007751372350842487,0.00807730163837572
17.664,0.00774793182383232,0.008071942597918866
17.666,0.007744497842280903,0.008066581974657787
17.668,0.00774106994369875,0.008061219774078494
17.67,0.0077376476687261225,0.008055856001667134
17.672,0.007734230561343343,0.008050490662909849
17.674,0.007730818169080802,0.008045123763292963
17.676,0.007727410043238629,0.008039755308302724
17.678,0.007724005739122258,0.008034385303425519
17.68,0.007720604816295609,0.00802901375414779
17.682,0.007717206838848708,0.008023640665955926
17.684,0.007713811375672061,0.008018266044336458
17.686,0.007710418000727259,0.008012889894775856
17.688,0.007707026293302548,0.008007512222760697
17.69,0.00770363583824324,0.008002133033777486
17.692,0.007700246226149837,0.007996752333312861
17.694,0.007696857053541372,0.00799137012685331
17.696,0.00769346792298574,0.007985986419885448
17.698,0.007690078443203265,0.00798060121789588
17.7,0.007686688229152245,0.007975214526371106
17.702,0.007683296902106249,0.007969826350797722
17.704,0.007679904089732106,0.007964436696662221
17.706,0.007676509426174683,0.007959045569451118
17.708,0.0076731125521515,0.00795365297465085
17.71,0.007669713115056564,0.007948258917747896
17.712,0.007666310769069697,0.007942863404228598
17.714,0.00766290517526634,0.007937466439579308
17.716,0.00765949600172155,0.007932068029286341
17.718,0.007656082923603332,0.007926668178835888
17.72,0.007652665623250802,0.007921266893714132
17.722,0.0076492437902349825,0.007915864179407123
17.724,0.007645817121400815,0.007910460041400945
17.726,0.007642385320890309,0.007905054485181452
17.728,0.007638948100147231,0.007899647516234573
17.73,0.007635505177904654,0.007894239140045998
17.732,0.007632056280156834,0.007888829362101427
17.734,0.007628601140118264,0.007883418187886381
17.736,0.007625139498173525,0.00787800562288632
17.738,0.007621671101822313,0.00787259167258662
17.74,0.0076181957056246944,0.007867176342472424
17.742,0.00761471307115096,0.007861759638028895
17.744,0.007611222966938992,0.007856341564740925
17.746,0.00760772516845981,0.007850922128093392
17.748,0.0076042194580889354,0.007845501333570933
17.75,0.007600705625078469,0.007840079186658137
17.752,0.007597183465523001,0.00783465569283935
17.754,0.007593652782311837,0.007829230857598816
17.756,0.007590113385061164,0.007823804686420617
17.758,0.007586565090022476,0.007818377184788627
17.76,0.0075830077199665795,0.007812948358186602
17.762,0.007579441104046427,0.00780751821209805
17.764,0.007575865077644107,0.007802086752006397
17.766,0.007572279482208706,0.007796653983394757
17.768,0.007568684165091735,0.007791219911746158
17.77,0.00756507897938436,0.007785784542543343
17.772,0.007561463783759506,0.007780347881268908
17.774,0.007557838442318753,0.007774909933405244
17.776,0.007554202824443818,0.007769470704434464
17.778,0.007550556804651316,0.007764030199838543
17.78,0.007546900262451186,0.007758588425099125
17.782,0.0075432330822097935,0.007753145385697752
17.784,0.0075395551530198545,0.007747701087115593
17.786,0.007535866368578261,0.0077422555348337
17.788,0.007532166627072055,0.007736808734332781
17.79,0.007528455831068707,0.007731360691093345
17.792,0.007524733887404954,0.007725911410595646
17.794,0.007521000707065617,0.007720460898319631
17.796,0.00751725620504429,0.007715009159745029
17.798,0.007513500300180811,0.007709556200351241
17.8,0.007509732914975162,0.007704102025617462
17.802,0.007505953975384684,0.007698646641022523
17.804,0.007502163410617251,0.007693190052045045
17.806,0.007498361152937178,0.00768773226416326
17.808,0.007494547137500659,0.007682273282855194
17.81,0.007490721302232995,0.0076768131135985344
17.812,0.00748688358775217,0.00767135176187062
17.814,0.007483033937332596,0.007665889233148542
17.816,0.007479172296894178,0.007660425532909
17.818,0.007475298614994625,0.007654960666628451
17.82,0.007471412842802308,0.007649494639782911
17.822,0.007467514934030944,0.007644027457848184
17.824,0.007463604844826589,0.007638559126299634
17.826,0.00745968253360987,0.0076330896506123435
17.828,0.00745574796088718,0.007627619036260994
17.83,0.007451801089053791,0.00762214728871994
17.832,0.007447841882214221,0.007616674413463192
17.834,0.007443870306042376,0.007611200415964324
17.836,0.007439886327695464,0.00760572530169664
17.838,0.007435889915784388,0.007600249076132961
17.84,0.00743188104039156,0.007594771744745826
17.842,0.007427859673118618,0.007589293313007274
17.844,0.00742382578714291,0.0075838137863890815
17.846,0.007419779357262703,0.007578333170362496
17.848,0.007415720359918499,0.0075728514703984565
17.85,0.007411648773185946,0.0075673686919675
17.852,0.007407564576745557,0.00756188484053966
17.854,0.007403467751840668,0.007556399921584655
17.856,0.007399358281237811,0.007550913940571676
17.858,0.007395236149201617,0.007545426902969603
17.86,0.0073911013414918085,0.00753993881424678
17.862,0.007386953845382574,0.007534449679871196
17.864,0.007382793649699933,0.0075289595053103205
17.866,0.007378620744868696,0.007523468296031231
17.868,0.007374435122961798,0.007517976057500551
17.87,0.0073702367777475925,0.007512482795184393
17.872,0.007366025704736069,0.007506988514548482
17.874,0.007361801901229947,0.007501493221057988
17.876,0.007357565366389226,0.007495996920177702
17.878,0.007353316101317183,0.007490499617371865
17.88,0.007349054109172064,0.007485001318104275
17.882,0.007344779395302614,0.007479502027838192
17.884,0.0073404919673983405,0.007474001752036452
17.886,0.007336191835640798,0.007468500496161368
17.888,0.00733187901283988,0.007462998265674704
17.89,0.007327553514541799,0.007457495066037816
17.892,0.007323215359101488,0.007451990902711405
17.894,0.007318864567721125,0.007446485781155799
17.896,0.007314501164465186,0.0074409797068306985
17.898,0.007310125176269601,0.007435472685195351
17.9,0.00730573663296539,0.007429964721708396
17.902,0.007301335567335478,0.007424455821828019
17.904,0.007296922015217115,0.007418945991011809
17.906,0.0072924960156526535,0.007413435234716801
17.908,0.0072880576110815505,0.00740792355839953
17.91,0.007283606847557489,0.007402410967515898
17.912,0.007279143774969263,0.007396897467521339
17.914,0.007274668447243686,0.007391383063870636
17.916,0.007270180922512759,0.0073858677620180545
17.918,0.007265681263235099,0.0073803515674172255
17.92,0.00726116953627173,0.0073748344855212745
17.922,0.007256645812925019,0.007369316521782707
17.924,0.007252110168957226,0.007363797681653397
17.926,0.0072475626846079414,0.007358277970584712
17.928,0.007243003444628666,0.007352757394027317
17.93,0.0072384325383479655,0.0073472359574313535
17.932,0.007233850059772699,0.007341713666246288
17.934,0.007229256107722141,0.007336190525921042
17.936,0.007224650785984511,0.007330666541903838
17.938,0.007220034203479486,0.00732514171964237
17.94,0.0072154064744093535,0.0073196160645835895
17.942,0.007210767718382997,0.007314089582173895
17.944,0.007206118060502453,0.007308562277859054
17.946,0.007201457631408831,0.007303034157084104
17.948,0.007196786567292196,0.007297505225293548
17.95,0.0071921050098758925,0.0072919754879311165
17.952,0.007187413106389974,0.007286444950440005
17.954,0.007182711009548427,0.007280913618262628
17.956,0.0071779988775421775,0.00727538149684082
17.958,0.007173276874054017,0.007269848591615698
17.96,0.007168545168295498,0.007264314908027721
17.962,0.007163803935058648,0.0072587804515166715
17.964,0.007159053354770961,0.007253245227521623
17.966,0.007154293613540442,0.007247709241480985
17.968,0.007149524903178018,0.0072421724988324205
17.97,0.007144747421189013,0.007236635005012984
17.972,0.007139961370730999,0.007231096765458907
17.974,0.007135166960540878,0.007225557785605835
17.976,0.007130364404839585,0.007220018070888584
17.978,0.007125553923225205,0.007214477626741319
17.98,0.007120735740565536,0.007208936458597502
17.982,0.007115910086898719,0.007203394571889772
17.984,0.007111077197346343,0.0071978519720501555
17.986,0.007106237312038358,0.007192308664509818
17.988,0.007101390676044818,0.007186764654699304
17.99,0.00709653753930635,0.007181219948048302
17.992,0.007091678156554262,0.007175674549985831
17.994,0.007086812787212375,0.007170128465940086
17.996,0.007081941695275698,0.007164581701338566
17.998,0.007077065149164438,0.007159034261607983
18.0,0.007072183421556052,0.00715348615217424
18.002,0.007067296789200918,0.007147937378462525
18.004,0.007062405532729242,0.007142387945897189
18.006,0.007057509936456868,0.007136837859901859
18.008,0.007052610288196772,0.007131287125899303
18.01,0.007047706879080454,0.007125735749311595
18.012,0.007042800003390808,0.007120183735559894
18.014,0.007037889958404892,0.007114631090064637
18.016,0.00703297704424204,0.007109077818245464
18.018,0.007028061563711541,0.007103523925521118
18.02,0.007023143822152368,0.007097969417309634
18.022,0.007018224127258395,0.0070924142990281365
18.024,0.007013302788883617,0.007086858576092992
18.026,0.00700838011882415,0.007081302253919684
18.028,0.007003456430577306,0.007075745337922925
18.03,0.006998532039080732,0.007070187833516498
18.032,0.00699360726043806,0.007064629746113438
18.034,0.006988682411639825,0.0070590710811259
18.036,0.006983757810288988,0.007053511843965142
18.038,0.0069788337743403464,0.0070479520400416554
18.04,0.006973910621860844,0.007042391674764974
18.042,0.006968988670813652,0.007036830753543847
18.044,0.006964068238865184,0.007031269281786086
18.046,0.006959149643208928,0.007025707264898702
18.048,0.006954233200396502,0.007020144708287761
18.05,0.006949319226164187,0.007014581617358504
18.052,0.0069444080352437515,0.0070090179975152095
18.054,0.00693949994114904,0.007003453854161345
18.056,0.006934595255934863,0.006997889192699455
18.058,0.006929694289931363,0.006992324018531149
18.06,0.006924797351462765,0.00698675833705719
18.062,0.006919904746564394,0.006981192153677368
18.064,0.006915016778713383,0.006975625473790634
18.066,0.006910133748587141,0.00697005830279493
18.068,0.006905255953858278,0.006964490646087383
18.07,0.0069003836890276365,0.006958922509064076
18.072,0.0068955172452888494,0.0069533538971202555
18.074,0.006890656910410763,0.006947784815650236
18.076,0.006885802968620361,0.006942215270047278
18.078,0.006880955700468806,0.006936645265703842
18.08,0.006876115382667532,0.006931074808011331
18.082,0.006871282287889321,0.006925503902360273
18.084,0.006866456684538517,0.006919932554140167
18.086,0.006861638836503422,0.006914360768739632
18.088,0.006856829002910077,0.006908788551546256
18.09,0.006852027437898256,0.006903215907946662
18.092,0.00684723439043757,0.0068976428433265595
18.094,0.006842450104194173,0.006892069363070592
18.096,0.006837674817448568,0.006886495472562517
18.098,0.006832908763055195,0.006880921177185006
18.1,0.006828152168425656,0.006875346482319828
18.102,0.006823405255513873,0.006869771393347665
18.104,0.006818668240782032,0.006864195915648303
18.106,0.006813941335131595,0.0068586200546004355
18.108,0.0068092247437931954,0.006853043815581789
18.11,0.006804518666179422,0.006847467203969112
18.112,0.006799823295714488,0.006841890225138045
18.114,0.0067951388196610795,0.006836312884463297
18.116,0.00679046541896682,0.006830735187318486
18.118,0.0067858032681497775,0.00682515713907626
18.12,0.0067811525352353755,0.006819578745108168
18.122,0.006776513381747429,0.0068140000107848
18.124,0.0067718859627461684,0.0068084209414756335
18.126,0.006767270426898246,0.0068028415425491215
18.128,0.006762666916559236,0.00679726181937271
18.13,0.006758075567849426,0.006791681777312719
18.132,0.0067534965107077,0.006786101421734473
18.134,0.006748929868915607,0.006780520758002177
18.136,0.006744375760091837,0.006774939791479049
18.138,0.006739834295664719,0.006769358527527122
18.14,0.006735305580835203,0.0067637769715074725
18.142,0.006730789714544459,0.006758195128780009
18.144,0.006726286789458203,0.006752613004703621
18.146,0.006721796891975936,0.006747030604636049
18.148,0.006717320102267518,0.006741447933934006
18.15,0.006712856494334169,0.006735864997953075
18.152,0.006708406136087684,0.006730281802047723
18.154,0.006703969089439293,0.006724698351571362
18.156,0.00669954541039042,0.006719114651876231
18.158,0.006695135149119377,0.006713530708313537
18.16,0.006690738350060769,0.006707946526233304
18.162,0.006686355051977141,0.006702362110984468
18.164,0.006681985288024488,0.006696777467914815
18.166,0.0066776290858143236,0.006691192602371045
18.168,0.006673286467475616,0.006685607519698708
18.17,0.006668957449719414,0.006680022225242184
18.172,0.006664642043909103,0.00667443672434478
18.174,0.006660340256138635,0.006668851022348593
18.176,0.006656052087320771,0.006663265124594616
18.178,0.006651777533287057,0.0066576790364226545
18.18,0.006647516584900217,0.006652092763171399
18.182,0.006643269228178283,0.0066465063101783335
18.184,0.006639035444427988,0.0066409196827798235
18.186,0.006634815210382599,0.006635332886311059
18.188,0.0066306084983381005,0.006629745926106001
18.19,0.006626415276280519,0.00662415880749753
18.192,0.006622235507998058,0.006618571535817245
18.194,0.0066180691531736975,0.00661298411639566
18.196,0.006613916167456946,0.006607396554562005
18.198,0.006609776502517474,0.006601808855644413
18.2,0.006605650106086655,0.0065962210249697305
18.202,0.006601536921995423,0.006590633067863663
18.204,0.006597436890217281,0.0065850449896507224
18.206,0.006593349946924233,0.006579456795654155
18.208,0.0065892760245606155,0.006573868491196058
18.21,0.006585215051935526,0.006568280081597253
18.212,0.00658116695433158,0.006562691572177407
18.214,0.006577131653623928,0.0065571029682548986
18.216,0.00657310906840239,0.006551514275146942
18.218,0.00656909911408908,0.006545925498169457
18.22,0.006565101703045512,0.006540336642637191
18.222,0.006561116744664712,0.006534747713863632
18.224,0.006557144145446728,0.0065291587171609775
18.226,0.006553183809057428,0.0065235696578402665
18.228,0.006549235636372209,0.006517980541211194
18.23,0.006545299525507124,0.006512391372582291
18.232,0.006541375371840347,0.006506802157260754
18.234,0.006537463068027139,0.006501212900552585
18.236,0.006533562504012136,0.006495623607762453
18.238,0.006529673567042835,0.006490034284193797
18.24,0.006525796141688111,0.006484444935148813
18.242,0.006521930109865157,0.006478855565928345
18.244,0.006518075350877257,0.006473266181832027
18.246,0.006514231741461659,0.006467676788158154
18.248,0.0065103991558454815,0.006462087390203782
18.25,0.006506577465804008,0.006456497993264623
18.252,0.006502766540714563,0.00645090860263515
18.254,0.006498966247598534,0.006445319223608474
18.256,0.006495176451145595,0.006439729861476477
18.258,0.006491397013716957,0.006434140521529661
18.26,0.006487627795328112,0.006428551209057262
18.262,0.006483868653615308,0.006422961929347209
18.264,0.006480119443792729,0.006417372687686049
18.266,0.006476380018608139,0.0064117834893590965
18.268,0.006472650228304286,0.006406194339650267
18.27,0.006468929920590266,0.006400605243842195
18.272,0.006465218940624497,0.006395016207216144
18.274,0.0064615171310070186,0.006389427235052086
18.276,0.006457824331777196,0.006383838332628585
18.278,0.006454140380412085,0.00637824950522293
18.28,0.006450465111821334,0.006372660758111049
18.282,0.006446798358336996,0.006367072096567463
18.284,0.006443139949698075,0.0063614835258654304
18.286,0.006439489713031791,0.0063558950512767505
18.288,0.006435847472833916,0.006350306678071943
18.29,0.006432213050949595,0.0063447184115201
18.292,0.006428586266554824,0.006339130256889005
18.294,0.006424966936136203,0.0063335422194450075
18.296,0.00642135487346572,0.006327954304453117
18.298,0.00641774988956696,0.006322366517176969
18.3,0.0064141517926698775,0.006316778862878772
18.302,0.006410560388154363,0.0063111913468193994
18.304,0.006406975478485183,0.0063056039742582885
18.306,0.006403396863143553,0.006300016750453518
18.308,0.006399824338562605,0.006294429680661732
18.31,0.006396257698072938,0.006288842770138222
18.312,0.006392696731863541,0.0062832560241368
18.314,0.006389141226959089,0.006277669447909936
18.316,0.006385590967211561,0.00627208304670869
18.318,0.00638204573330052,0.0062664968257826305
18.32,0.006378505302733961,0.00626091079038
18.322,0.006374969449842453,0.006255324945747537
18.324,0.006371437945759759,0.006249739297130612
18.326,0.006367910558387388,0.006244153849773118
18.328,0.006364387052343778,0.0062385686089175664
18.33,0.006360867188902688,0.00623298357980497
18.332,0.006357350725927962,0.0062273987676749595
18.334,0.006353837417812362,0.006221814177765691
18.336,0.006350327015428108,0.0062162298153138505
18.338,0.006346819266093963,0.006210645685554735
18.34,0.0063433139135612255,0.006205061793722116
18.342,0.0063398106980179425,0.006199478145048367
18.344,0.006336309356108387,0.006193894744764336
18.346,0.006332809620963005,0.0061883115980994954
18.348,0.006329311222234007,0.006182728710281731
18.35,0.00632581388613144,0.00617714608653755
18.352,0.006322317335455541,0.006171563732091977
18.354,0.006318821289622078,0.006165981652168486
18.356,0.006315325464677714,0.0061603998519891645
18.358,0.0063118295733039795,0.00615481833677452
18.36,0.006308333324808767,0.006149237111743647
18.362,0.0063048364251062404,0.006143656182114091
18.364,0.0063013385766872545,0.006138075553101953
18.366,0.006297839478584633,0.006132495229921768
18.368,0.006294338826339291,0.0061269152177866465
18.37,0.006290836311974465,0.006121335521908127
18.372,0.006287331623985274,0.006115756147496259
18.374,0.006283824447349571,0.006110177099759607
18.376,0.0062803144635636,0.006104598383905167
18.378,0.006276801350701837,0.006099020005138465
18.38,0.006273284783496971,0.006093441968663448
18.382,0.006269764433432359,0.006087864279682615
18.384,0.006266239968837122,0.0060822869433968295
18.386,0.006262711054973997,0.006076709965005525
18.388,0.006259177354111499,0.006071133349706518
18.39,0.006255638525575489,0.006065557102696142
18.392,0.006252094225779216,0.006059981229169166
18.394,0.006248544108235527,0.0060544057343187895
18.396,0.006244987823557826,0.006048830623336706
18.398,0.006241425019458966,0.006043255901412994
18.4,0.0062378553407572,0.006037681573736254
18.402,0.006234278429396678,0.006032107645493442
18.404,0.006230693924487682,0.006026534121870035
18.406,0.006227101462368253,0.006020961008049853
18.408,0.006223500676685638,0.006015388309215225
18.41,0.0062198911984936165,0.006009816030546881
18.412,0.006216272656359779,0.006004244177223932
18.414,0.006212644676476584,0.005998672754423981
18.416,0.006209006882770065,0.005993101767322984
18.418,0.006205358897001369,0.00598753122109536
18.42,0.006201700338857336,0.005981961120913893
18.422,0.00619803082602858,0.005976391471949825
18.424,0.006194349974274787,0.005970822279372733
18.426,0.00619065739747932,0.005965253548350657
18.428,0.0061869527076961585,0.005959685284050035
18.43,0.006183235515194377,0.005954117491635632
18.432,0.00617950542850581,0.005948550176270696
18.434,0.006175762054481293,0.00594298334311676
18.436,0.006172004998360952,0.005937416997333832
18.438,0.006168233863860809,0.005931851144080255
18.44,0.006164448253276527,0.00592628578851276
18.442,0.006160647767601509,0.005920720935786441
18.444,0.00615683200665435,0.005915156591054801
18.446,0.006153000569208991,0.005909592759469665
18.448,0.006149153053121375,0.005904029446181243
18.45,0.0061452890554469074,0.0058984666563381225
18.452,0.006141408172546834,0.005892904395087208
18.454,0.006137510000183682,0.005887342667573825
18.456,0.0061335941336096095,0.005881781478941575
18.458,0.006129660167652518,0.005876220834332475
18.46,0.006125707696805574,0.005870660738886839
18.462,0.006121736315323987,0.005865101197743363
18.464,0.006117745617331094,0.005859542216039044
18.466,0.006113735196932606,0.005853983798909255
18.468,0.006109704648336256,0.0058484259514876985
18.47,0.006105653565973085,0.005842868678906354
18.472,0.006101581544617086,0.005837311986295615
18.474,0.006097488179501916,0.005831755878784107
18.476,0.006093373066435459,0.005826200361498869
18.478,0.006089235801915532,0.005820645439565168
18.48,0.006085075983250796,0.00581509111810667
18.482,0.006080893208691171,0.005809537402245289
18.484,0.006076687077569951,0.0058039842971012705
18.486,0.006072457190457729,0.005798431807793193
18.488,0.0060682031493249754,0.005792879939437888
18.49,0.006063924557708436,0.00578732869715053
18.492,0.006059621020875009,0.0057817780860445495
18.494,0.006055292145978048,0.005776228111231731
18.496,0.006050937542202271,0.005770678777822074
18.498,0.006046556820897371,0.0057651300909239275
18.5,0.006042149595702944,0.005759582055643878
18.502,0.006037715482670479,0.005754034677086839
18.504,0.006033254100389484,0.005748487960355985
18.506,0.006028765070125159,0.005742941910552745
18.508,0.006024248015973189,0.005737396532776845
18.51,0.0060197025650349295,0.005731851832126264
18.512,0.006015128347612665,0.005726307813697277
18.514,0.006010524997421459,0.005720764482584374
18.516,0.006005892151811258,0.005715221843880369
18.518,0.006001229451991409,0.0057096799026762615
18.52,0.005996536543249224,0.005704138664061358
18.522,0.005991813075156228,0.0056985981331232225
18.524,0.005987058701757323,0.005693058314947605
18.526,0.005982273081742679,0.0056875192146185844
18.528,0.005977455878604819,0.005681980837218403
18.53,0.005972606760787399,0.005676443187827621
18.532,0.005967725401833828,0.005670906271524947
18.534,0.005962811480544474,0.005665370093387413
18.536,0.005957864681150233,0.005659834658490214
18.538,0.005952884693506849,0.005654299971906804
18.54,0.00594787121331094,0.005648766038708879
18.542,0.005942823942334307,0.005643232863966317
18.544,0.005937742588669521,0.005637700452747243
18.546,0.005932626866978137,0.005632168810117972
18.548,0.005927476498732479,0.005626637941143081
18.55,0.00592229121244435,0.005621107850885293
18.552,0.005917070743877492,0.005615578544405597
18.554,0.005911814836245035,0.005610050026763158
18.556,0.005906523240397333,0.0056045223030153375
18.558,0.005901195715008193,0.00559899537821773
18.56,0.00589583202676824,0.005593469257424065
18.562,0.005890431950592254,0.005587943945686333
18.564,0.005884995269844023,0.005582419448054675
18.566,0.005879521776577074,0.005576895769577431
18.568,0.005874011271785488,0.005571372915301118
18.57,0.0058684635656554105,0.005565850890270458
18.572,0.005862878477806865,0.005560329699528303
18.574,0.005857255837517161,0.005554809348115754
18.576,0.005851595483920636,0.005549289841072004
18.578,0.005845897266185176,0.005543771183434475
18.58,0.005840161043670892,0.005538253380238769
18.582,0.0058343866860809945,0.00553273643651857
18.584,0.005828574073616716,0.005527220357305816
18.586,0.005822723097147421,0.005521705147630547
18.588,0.005816833658403567,0.005516190812520988
18.59,0.005810905670194657,0.005510677357003492
18.592,0.005804939056648318,0.005505164786102613
18.594,0.00579893375346097,0.005499653104840972
18.596,0.005792889708146657,0.005494142318239404
18.598,0.0057868068802701894,0.00548863243131689
18.6,0.005780685241652098,0.005483123449090482
18.602,0.005774524776538061,0.005477615376575455
18.604,0.005768325481731318,0.005472108218785138
18.606,0.005762087366693312,0.005466601980731064
18.608,0.005755810453623619,0.005461096667422823
18.61,0.005749494777533416,0.005455592283868201
18.612,0.005743140386327636,0.0054500888350730555
18.614,0.0057367473409083766,0.0054445863260413835
18.616,0.005730315715306865,0.005439084761775329
18.618,0.005723845596844636,0.005433584147275079
18.62,0.005717337086317318,0.005428084487539015
18.622,0.005710790298187763,0.005422585787563562
18.624,0.005704205360772073,0.005417088052343297
18.626,0.005697582416400765,0.005411591286870868
18.628,0.005690921621540738,0.005406095496137051
18.63,0.005684223146868882,0.00540060068513071
18.632,0.005677487177296957,0.005395106858838795
18.634,0.005670713911954532,0.0053896140222463714
18.636,0.005663903564144421,0.005384122180336574
18.638,0.005657056361288886,0.005378631338090649
18.64,0.0056501725448852265,0.0053731415004878895
18.642,0.005643252370485938,0.005367652672505736
18.644,0.0056362961077120015,0.005362164859119618
18.646,0.005629304040299301,0.00535667806530314
18.648,0.00562227646616998,0.005351192296027893
18.65,0.005615213697513541,0.005345707556263603
18.652,0.0056081160608593686,0.005340223850978062
18.654,0.005600983897122373,0.005334741185137078
18.656,0.005593817561607767,0.005329259563704587
18.658,0.005586617423967385,0.005323778991642517
18.66,0.00557938386810803,0.00531829947391093
18.662,0.005572117292059794,0.005312821015467885
18.664,0.0055648181078175015,0.005307343621269535
18.666,0.0055574867411714276,0.005301867296270048
18.668,0.005550123631542232,0.005296392045421665
18.67,0.005542729231832032,0.0052909178736746795
18.672,0.005535304008297816,0.005285444785977394
18.674,0.005527848440447246,0.0052799727872762
18.676,0.005520363020951134,0.005274501882515467
18.678,0.005512848255562553,0.0052690320766376735
18.68,0.005505304663030109,0.005263563374583243
18.682,0.005497732774992821,0.005258095781290709
18.684,0.005490133135845852,0.005252629301696591
18.686,0.005482506302570152,0.005247163940735444
18.688,0.005474852844523365,0.005241699703339835
18.69,0.005467173343194668,0.005236236594440382
18.692,0.005459468391930537,0.00523077461896568
18.694,0.0054517385956421565,0.0052253137818423535
18.696,0.005443984570507254,0.005219854087995073
18.698,0.00543620694367872,0.005214395542346448
18.7,0.005428406353010517,0.0052089381498171775
18.702,0.005420583446806704,0.005203481915325889
18.704,0.0054127388835939734,0.005198026843789272
18.706,0.005404873331911777,0.005192572940121969
18.708,0.005396987470108876,0.005187120209236652
18.71,0.005389081986131584,0.00518166865604399
18.712,0.00538115757728823,0.00517621828545261
18.714,0.00537321494997708,0.005170769102369168
18.716,0.005365254819370283,0.005165321111698272
18.718,0.005357277909054028,0.005159874318342552
18.72,0.005349284950632979,0.005154428727202567
18.722,0.0053412766833139365,0.005148984343176925
18.724,0.005333253853487725,0.005143541171162137
18.726,0.005325217214328562,0.005138099216052745
18.728,0.005317167525426468,0.005132658482741265
18.73,0.005309105552461092,0.005127218976118115
18.732,0.005301032066916185,0.0051217807010717695
18.734,0.005292947845824427,0.005116343662488587
18.736,0.005284853671525376,0.005110907865252957
18.738,0.005276750331414481,0.005105473314247175
18.74,0.0052686386176622425,0.005100040014351534
18.742,0.005260519326886698,0.005094607970444247
18.744,0.00525239325977114,0.005089177187401506
18.746,0.005244261220628392,0.005083747670097447
18.748,0.0052361240169232605,0.005078319423404139
18.75,0.005227982458771794,0.005072892452191622
18.752,0.005219837358440021,0.00506746676132785
18.754,0.005211689529863989,0.005062042355678734
18.756,0.005203539788207882,0.005056619240108118
18.758,0.005195388949469077,0.005051197419477795
18.76,0.005187237830129244,0.005045776898647456
18.762,0.0051790872468421055,0.005040357682474762
18.764,0.005170938016141727,0.005034939775815296
18.766,0.0051627909541527815,0.0050295231835225255
18.768,0.0051546468762851206,0.0050241079104479044
18.77,0.005146506596900252,0.005018693961440744
18.772,0.005138370928944138,0.005013281341348336
18.774,0.0051302406835485115,0.005007870055015826
18.776,0.005122116669609522,0.005002460107286338
18.778,0.005113999693356891,0.004997051503000843
18.78,0.005105890557927593,0.004991644246998275
18.782,0.005097790062956333,0.004986238344115432
18.784,0.005089699004190786,0.004980833799187044
18.786,0.0050816181731342695,0.00497543061704575
18.788,0.005073548356713213,0.004970028802522057
18.79,0.00506549033696355,0.004964628360444393
18.792,0.005057444890727766,0.004959229295639055
18.794,0.005049412789355365,0.004953831612930282
18.796,0.005041394798401199,0.004948435317140136
18.798,0.005033391677319068,0.004943040413088635
18.8,0.005025404179150833,0.0049376469055936265
18.802,0.005017433050213375,0.0049322547994708745
18.804,0.005009479029786263,0.0049268640995340255
18.806,0.005001542849802591,0.004921474810594562
18.808,0.004993625234544173,0.004916086937461901
18.81,0.004985726900340956,0.004910700484943294
18.812,0.0049778485552732085,0.004905315457843878
18.814,0.004969990898875735,0.004899931860966652
18.816,0.004962154621844191,0.004894549699112501
18.818,0.0049543404057454925,0.004889168977080131
18.82,0.004946548922736978,0.004883789699666162
18.822,0.004938780835300022,0.0048784118716650535
18.824,0.004931036795994306,0.004873035497869099
18.826,0.004923317447237548,0.0048676605830685025
18.828,0.004915623421112606,0.004862287132051245
18.83,0.0049079553391999245,0.004856915149603232
18.832,0.004900313812429653,0.004851544640508166
18.834,0.004892699440944909,0.004846175609547632
18.836,0.004885112813966701,0.004840808061501023
18.838,0.004877554509652154,0.00483544200114561
18.84,0.004870025094941313,0.004830077433256484
18.842,0.004862525125391588,0.004824714362606559
18.844,0.004855055145004067,0.0048193527939666275
18.846,0.004847615686049396,0.0048139927321052545
18.848,0.0048402072689026744,0.004808634181788901
18.85,0.00483283040189661,0.004803277147781795
18.852,0.004825485581199678,0.004797921634846042
18.854,0.004818173290722423,0.004792567647741519
18.856,0.0048108940020510525,0.004787215191225969
18.858,0.004803648174403485,0.004781864270054955
18.86,0.004796436254601631,0.004776514888981806
18.862,0.004789258677052032,0.004771167052757728
18.864,0.0047821158637289885,0.004765820766131694
18.866,0.004775008224155531,0.00476047603385051
18.868,0.004767936155380942,0.004755132860658777
18.87,0.004760900041955387,0.004749791251298922
18.872,0.00475390025590468,0.004744451210511147
18.874,0.004746937156709304,0.0047391127430334735
18.876,0.004740011091291781,0.00473377585360174
18.878,0.004733122394016454,0.0047284405469495295
18.88,0.004726271386704274,0.004723106827808271
18.882,0.00471945837866414,0.004717774700907155
18.884,0.004712683666740672,0.004712444170973188
18.886,0.004705947535376927,0.004707115242731132
18.888,0.004699250256689673,0.004701787920903579
18.89,0.004692592090553954,0.004696462210210843
18.892,0.00468597328469404,0.0046911381153710895
18.894,0.004679394074777969,0.0046858156411001975
18.896,0.004672854684514096,0.004680494792111872
18.898,0.004666355325749351,0.004675175573117591
18.9,0.004659896198569938,0.004669857988826562
18.902,0.004653477491406146,0.004664542043945815
18.904,0.004647099381143211,0.004659227743180097
18.906,0.004640762033239581,0.004653915091231978
18.908,0.004634465601853297,0.004648604092801744
18.91,0.004628210229975406,0.004643294752587477
18.912,0.004621996049568732,0.004637987075284991
18.914,0.004615823181709181,0.004632681065587875
18.916,0.0046096917367272495,0.004627376728187481
18.918,0.004603601814348329,0.004622074067772882
18.92,0.004597553503832041,0.004616773089030952
18.922,0.00459154688411274,0.004611473796646255
18.924,0.004585582023944784,0.0046061761953011615
18.926,0.00457965898205671,0.004600880289675735
18.928,0.004573777807317606,0.004595586084447816
18.93,0.00456793853891721,0.004590293584292973
18.932,0.004562141206557834,0.004585002793884508
18.934,0.004556385830653628,0.004579713717893481
18.936,0.0045506724225297095,0.0045744263609886655
18.938,0.004545000984613052,0.004569140727836568
18.94,0.004539371510607712,0.004563856823101426
18.942,0.004533783985650168,0.00455857465144523
18.944,0.004528238386444491,0.004553294217527648
18.946,0.004522734681382454,0.004548015526006129
18.948,0.004517272830657409,0.004542738581535782
18.95,0.004511852786383232,0.004537463388769488
18.952,0.004506474492729721,0.004532189952357833
18.954,0.0045011378860824736,0.004526918276949083
18.956,0.004495842895230811,0.004521648367189272
18.958,0.004490589441580596,0.004516380227722098
18.96,0.004485377439383487,0.004511113863189004
18.962,0.004480206795969455,0.004505849278229109
18.964,0.004475077411968127,0.0045005864774792705
18.966,0.004469989181505668,0.004495325465574005
18.968,0.004464941992368579,0.00449006624714557
18.97,0.0044599357261317415,0.004484808826823921
18.972,0.004454970258254789,0.004479553209236669
18.974,0.004450045458157552,0.0044742993990091766
18.976,0.004445161189288556,0.004469047400764435
18.978,0.004440317309202366,0.004463797219123194
18.98,0.004435513669659332,0.004458548858703825
18.982,0.004430750116756907,0.004453302324122448
18.984,0.00442602649109504,0.004448057619992819
18.986,0.004421342627971626,0.004442814750926402
18.988,0.004416698357597234,0.004437573721532342
18.99,0.004412093505314305,0.004432334536417441
18.992,0.0044075278918045075,0.0044270972001862014
18.994,0.004403001333268704,0.004421861717440782
18.996,0.004398513641568822,0.0044166280927810326
18.998,0.00439406462432672,0.00441139633080445
19.0,0.004389654084982101,0.004406166436106218
19.002,0.004385281822818892,0.004400938413279165
19.004,0.0043809476329740825,0.004395712266913819
19.006,0.00437665130644597,0.004390488001598328
19.008,0.004372392630118113,0.004385265621918526
19.01,0.00436817138681214,0.0043800451324579135
19.012,0.0043639873553762525,0.004374826537797617
19.014,0.004359840310810027,0.00436960984251644
19.016,0.0043557300244185535,0.004364395051190816
19.018,0.004351656263984196,0.004359182168394868
19.02,0.00434761879394098,0.004353971198700311
19.022,0.004343617375536724,0.004348762146676567
19.024,0.0043396517669707915,0.004343555016890644
19.026,0.004335721723500135,0.004338349813907227
19.028,0.0043318269975122815,0.004333146542288651
19.03,0.0043279673385694245,0.0043279452065948425
19.032,0.004324142493432561,0.0043227458113834155
19.034,0.004320352206076979,0.004317548361209577
19.036,0.004316596217710953,0.004312352860626202
19.038,0.0043128742668079156,0.004307159314183749
19.04,0.004309186089158817,0.004301967726430362
19.042,0.004305531417947868,0.004296778101911754
19.044,0.004301909983850027,0.0042915904451713005
19.046,0.004298321515145499,0.004286404760750003
19.048,0.004294765737843292,0.004281221053186442
19.05,0.004291242375805082,0.004276039327016861
19.052,0.004287751150860523,0.004270859586775079
19.054,0.004284291782907026,0.004265681836992568
19.056,0.004280863989989828,0.004260506082198385
19.058,0.00427746748836193,0.00425533232691921
19.06,0.004274101992527077,0.004250160575679323
19.062,0.004270767215272583,0.004244990833000621
19.064,0.004267462867700571,0.004239823103402595
19.066,0.004264188659266816,0.004234657391402343
19.068,0.004260944297835206,0.004229493701514561
19.07,0.004257729489752421,0.004224332038251539
19.072,0.0042545439399441064,0.004219172406123193
19.074,0.00425138735202878,0.004214014809636976
19.076,0.004248259428443201,0.004208859253297994
19.078,0.004245159870570045,0.0042037057416089004
19.08,0.0042420883788593655,0.004198554279069957
19.082,0.004239044652936783,0.004193404870179024
19.084,0.0042360283916947255,0.004188257519431516
19.086,0.004233039293367144,0.004183112231320453
19.088,0.004230077055591693,0.004177969010336417
19.09,0.004227141375466153,0.004172827860967603
19.092,0.004224231949606835,0.004167688787699735
19.094,0.0042213484742165625,0.0041625517950161645
19.096,0.004218490645166936,0.0041574168873977635
19.098,0.004215658158097688,0.004152284069323017
19.1,0.004212850708531806,0.004147153345267971
19.102,0.004210067992002822,0.004142024719706211
19.104,0.004207309704188794,0.004136898197108932
19.106,0.004204575541046104,0.004131773781944844
19.108,0.00420186519893748,0.004126651478680268
19.11,0.004199178374748907,0.004121531291779047
19.112,0.004196514765992803,0.0041164132257026
19.114,0.00419387407089659,0.004111297284909895
19.116,0.00419125598847821,0.004106183473857464
19.118,0.00418866021861194,0.00410107179699937
19.12,0.004186086462089462,0.004095962258787253
19.122,0.004183534420681514,0.004090854863670293
19.124,0.004181003797205764,0.004085749616095194
19.126,0.004178494295604945,0.004080646520506237
19.128,0.004176005621038011,0.004075545581345218
19.13,0.0041735374799846,0.004070446803051505
19.132,0.004171089580360222,0.004065350190061968
19.134,0.004168661631637688,0.00406025574681105
19.136,0.004166253344968568,0.004055163477730691
19.138,0.004163864433297917,0.004050073387250397
19.14,0.004161494611466327,0.0040449854797971994
19.142,0.004159143596295318,0.004039899759795637
19.144,0.00415681110665478,0.00403481623166781
19.146,0.00415449686351392,0.004029734899833309
19.148,0.00415220058998012,0.00402465576870928
19.15,0.0041499220113309305,0.004019578842710356
19.152,0.004147660855045343,0.004014504126248731
19.154,0.004145416850838629,0.0040094316237340825
19.156,0.004143189730703027,0.004004361339573619
19.158,0.004140979228953684,0.003999293278172078
19.16,0.0041387850822763835,0.003994227443931675
19.162,0.004136607029771924,0.003989163841252166
19.164,0.004134444812991074,0.003984102474530791
19.166,0.004132298175955311,0.003979043348162333
19.168,0.004130166865159985,0.003973986466539033
19.17,0.004128050629560366,0.003968931834050679
19.172,0.004125949220543227,0.003963879455084531
19.174,0.004123862391889934,0.003958829334025355
19.176,0.0041217898997379385,0.003953781475255433
19.178,0.004119731502547568,0.003948735883154508
19.18,0.0041176869610792385,0.003943692562099851
19.182,0.00411565603838306,0.003938651516466207
19.184,0.004113638499798772,0.003933612750625816
19.186,0.004111634112960279,0.0039285762689483935
19.188,0.004109642647795915,0.003923542075801173
19.19,0.004107663876514096,0.003918510175548829
19.192,0.004105697573564681,0.0039134805725535605
19.194,0.004103743515568919,0.003908453271175022
19.196,0.0041018014812153406,0.0039034282757703515
19.198,0.00409987125112391,0.0038984055906941787
19.2,0.004097952607686326,0.003893385220298576
19.202,0.0040960453348937165,0.0038883671689331325
19.204,0.0040941492181653365,0.003883351440944864
19.206,0.004092264044190724,0.0038783380406782995
19.208,0.0040903896007943846,0.0038733269724753987
19.21,0.004088525676826949,0.003868318240675619
19.212,0.004086672062079898,0.0038633118496158468
19.214,0.004084828547215067,0.0038583078036304626
19.216,0.004082994923695775,0.0038533061070513065
19.218,0.004081170983703971,0.0038483067642076456
19.22,0.0040793565200297295,0.0038433097794262493
19.222,0.004077551325922585,0.0038383151570312904
19.224,0.004075755194901005,0.0038333229013444484
19.226,0.004073967920522675,0.003828333016684805
19.228,0.004072189296124982,0.0038233455073689365
19.23,0.0040704191145492855,0.0038183603777108294
19.232,0.004068657167864765,0.00381337763202194
19.234,0.004066903247106082,0.0038083972746111652
19.236,0.004065157142035968,0.0038034193097848303
19.238,0.004063418640938078,0.0037984437418467193
19.24,0.0040616875304399554,0.003793470575098041
19.242,0.004059963595360477,0.0037884998138374548
19.244,0.00405824661857213,0.0037835314623610393
19.246,0.00405653638086709,0.00377856552496232
19.248,0.0040548326608154045,0.003773602005932237
19.25,0.004053135234605909,0.0037686409095591816
19.252,0.004051443875863245,0.0037636822401289657
19.254,0.004049758355437859,0.00375872600192481
19.256,0.004048078441169815,0.003753772199227391
19.258,0.0040464038976307645,0.0037488208363147778
19.26,0.00404473448585138,0.003743871917462478
19.262,0.004043069963044098,0.0037389254469434013
19.264,0.004041410082332189,0.0037339814290279043
19.266,0.004039754592495894,0.003729039867983717
19.268,0.004038103237744919,0.0037241007680760183
19.27,0.004036455757523215,0.0037191641335673985
19.272,0.004034811886347007,0.0037142299687178176
19.274,0.004033171353672093,0.0037092982777846943
19.276,0.0040315338837812855,0.0037043690650228104
19.278,0.004029899195678933,0.0036994423346843885
19.28,0.0040282670029788276,0.003694518091019025
19.282,0.004026637013773233,0.003689596338273741
19.284,0.004025008930475317,0.003684677080692926
19.286,0.004023382449634107,0.0036797603225183985
19.288,0.00402175726172814,0.0036748460679893614
19.29,0.004020133050950221,0.0036699343213423947
19.292,0.004018509494999321,0.0036650250868115034
19.294,0.004016886264895988,0.0036601183686280434
19.296,0.004015263024833962,0.003655214171020796
19.298,0.004013639432075011,0.0036503124982158906
19.3,0.004012015136885893,0.0036454133544368793
19.302,0.004010389782509677,0.003640516743904673
19.304,0.004008763005158153,0.0036356226708375654
19.306,0.004007134434010466,0.003630731139451246
19.308,0.00400550369120427,0.0036258421539587613
19.31,0.004003870391810525,0.0036209557185705424
19.312,0.004002234143789406,0.0036160718374943896
19.314,0.004000594547931498,0.003611190514935494
19.316,0.0039989511977939025,0.0036063117550963813
19.318,0.0039973036796447795,0.0036014355621769877
19.32,0.003995651572429196,0.0035965619403745775
19.322,0.003993994447767932,0.0035916908938838114
19.324,0.003992331869994937,0.0035868224268966816
19.326,0.003990663396234415,0.00358195654360257
19.328,0.00398898857651174,0.003577093248188216
19.33,0.003987306953888372,0.0035722325448376887
19.332,0.003985618064608059,0.003567374437732452
19.334,0.003983921438241781,0.003562518931051287
19.336,0.003982216597821604,0.003557666028970356
19.338,0.003980503059958074,0.00355281573566315
19.34,0.003978780334941963,0.003547968055300535
19.342,0.003977047926836704,0.003543122992050689
19.344,0.003975305333572798,0.003538280550079168
19.346,0.003973552047057369,0.003533440733548861
19.348,0.003971787553311926,0.0035286035466199806
19.35,0.003970011332647858,0.0035237689934501134
19.352,0.003968222859883919,0.0035189370781941462
19.354,0.003966421604603572,0.003514107805004338
19.356,0.0039646070314442155,0.003509281178030257
19.358,0.003962778600406332,0.003504457201418815
19.36,0.00396093576716892,0.003499635879314251
19.362,0.003959077983399586,0.003494817215858137
19.364,0.003957204697050903,0.0034900012151893737
19.366,0.003955315352640767,0.0034851878814441796
19.368,0.003953409391519435,0.0034803772187561133
19.37,0.003951486252130567,0.003475569231256028
19.372,0.003949545370275556,0.0034707639230721274
19.374,0.003947586179390647,0.0034659612983299086
19.376,0.003945608110843921,0.0034611613611522105
19.378,0.003943610594256036,0.003456364115659163
19.38,0.003941593057844758,0.0034515695659682257
19.382,0.003939554928790105,0.0034467777161941685
19.384,0.0039374956336153165,0.0034419885704490573
19.386,0.003935414598577723,0.0034372021328422865
19.388,0.0039333112500646245,0.0034324184074805333
19.39,0.003931185014989824,0.00342763739846781
19.392,0.003929035321188115,0.0034228591099053963
19.394,0.003926861597805972,0.0034180835458919047
19.396,0.003924663275687097,0.003413310710523217
19.398,0.003922439787752637,0.0034085406078925374
19.4,0.003920190569375504,0.003403773242090366
19.402,0.003917915058749797,0.0033990086172044683
19.404,0.003915612697256639,0.003394246737319937
19.406,0.003913282929828962,0.003389487606519131
19.408,0.003910925205318636,0.00338473122888171
19.41,0.003908538976869311,0.003379977608484607
19.412,0.003906123702297922,0.003375226749402066
19.414,0.003903678844486183,0.0033704786557055798
19.416,0.003901203871781544,0.0033657333314639506
19.418,0.0038986982584046366,0.0033609907807432607
19.42,0.003896161484858415,0.0033562510076068394
19.422,0.003893593038333297,0.003351514016115332
19.424,0.003890992413102423,0.0033467798103266225
19.426,0.003888359110902196,0.0033420483942958983
19.428,0.003885692641295172,0.0033373197720755997
19.43,0.003882992522014665,0.0033325939477154426
19.432,0.0038802582792921815,0.0033278709252624
19.434,0.003877489448170925,0.0033231507087607337
19.436,0.0038746855728091435,0.0033184333022519374
19.438,0.003871846206777683,0.003313718709774798
19.44,0.003868970913355154,0.003309006935365345
19.442,0.0038660592658237803,0.0033042979830568676
19.444,0.003863110847766975,0.003299591856879924
19.446,0.003860125253368442,0.003294888560862303
19.448,0.0038571020877108857,0.00329018809902908
19.45,0.003854040967070778,0.003285490475402546
19.452,0.003850941519204607,0.003280795694002276
19.454,0.003847803383621112,0.0032761037588450678
19.456,0.0038446262118348924,0.0032714146739449726
19.458,0.0038414096675973594,0.003266728443313299
19.46,0.003838153427103845,0.003262045070958577
19.462,0.0038348571791778025,0.0032573645608865963
19.464,0.003831520625436352,0.0032526869171003673
19.466,0.003828143480442954,0.003248012143600164
19.468,0.003824725471854258,0.003243340244383465
19.47,0.003821266340567224,0.00323867122344501
19.472,0.003817765840869991,0.0032340050847767463
19.474,0.0038142237405966173,0.003229341832367872
19.476,0.0038106398212813925,0.003224681470204815
19.478,0.0038070138783048786,0.003220024002271207
19.48,0.0038033457210218074,0.0032153694325479294
19.482,0.003799635172860361,0.003210717765013069
19.484,0.00379588207138496,0.0032060690036419485
19.486,0.003792086268318381,0.0032014231524071
19.488,0.0037882476295246,0.003196780215278284
19.49,0.0037843660349588066,0.003192140196222461
19.492,0.0037804413785959517,0.003187503099203827
19.494,0.003776473568350998,0.0031828689281837774
19.496,0.003772462526004438,0.0031782376871209153
19.498,0.0037684081871435945,0.0031736093799710676
19.5,0.003764310501125251,0.0031689840106872503
19.502,0.0037601694310591253,0.003164361583219707
19.504,0.003755984953805138,0.0031597421015158653
19.506,0.003751757059972452,0.0031551255695203674
19.508,0.0037474857539053384,0.0031505119911750435
19.51,0.003743171053640896,0.0031459013704189394
19.512,0.0037388129908265946,0.003141293711188291
19.514,0.0037344116105907745,0.0031366890174165172
19.516,0.003729966971366202,0.003132087293034257
19.518,0.0037254791446733534,0.0031274885419693053
19.52,0.003720948214875446,0.0031228927681466834
19.522,0.003716374278920818,0.0031182999754885686
19.524,0.003711757446087676,0.003113710167914355
19.526,0.0037070978377445603,0.0031091233493405913
19.528,0.0037023955871344403,0.0031045395236810377
19.53,0.0036976508391848846,0.003099958694846609
19.532,0.0036928637503411263,0.0030953808667454155
19.534,0.0036880344884140837,0.003090806043282749
19.536,0.0036831632324330933,0.00308623422836106
19.538,0.003678250172491947,0.0030816654258799896
19.54,0.003673295509578083,0.0030770996397363366
19.542,0.0036682994553769565,0.003072536873824085
19.544,0.003663262232046472,0.0030679771320343725
19.546,0.003658184071959916,0.0030634204182555178
19.548,0.003653065217418718,0.003058866736372995
19.55,0.0036479059203401746,0.0030543160902694426
19.552,0.0036427064419280878,0.00304976848382467
19.554,0.0036374670523369344,0.0030452239209156377
19.556,0.003632188030342183,0.003040682405416462
19.558,0.0036268696630293498,0.003036143941198418
19.56,0.0036215122455125997,0.0030316085321299485
19.562,0.003616116080689452,0.003027076182076622
19.564,0.00361068147903231,0.0030225468949011893
19.566,0.003605208758410067,0.0030180206744635212
19.568,0.003599698243926921,0.0030134975246206533
19.57,0.003594150267760902,0.0030089774492267725
19.572,0.003588565168983937,0.003004460452133185
19.574,0.003582943293348607,0.0029999465371883696
19.576,0.0035772849930336818,0.0029954357082379156
19.578,0.003571590626349975,0.0029909279691245805
19.58,0.003565860557417694,0.0029864233236882305
19.582,0.0035600951558334005,0.002981921775765889
19.584,0.0035542947963485773,0.002977423329191695
19.586,0.003548459858579825,0.002972927987796935
19.588,0.0035425907267647794,0.0029684357554100207
19.59,0.0035366877895686008,0.002963946635856481
19.592,0.0035307514399361708,0.0029594606329589883
19.594,0.0035247820749768825,0.0029549777505373177
19.596,0.003518780095864167,0.0029504979924083936
19.598,0.0035127459077322486,0.0029460213623862335
19.6,0.0035066799195562597,0.0029415478642819994
19.602,0.0035005825440092065,0.002937077501903952
19.604,0.003494454197297177,0.002932610279057473
19.606,0.0034882952989806417,0.0029281461995450675
19.608,0.0034821062717940478,0.0029236852671663356
19.61,0.003475887541476312,0.0029192274857180018
19.612,0.003469639536622101,0.0029147728589938903
19.614,0.0034633626885593374,0.0029103213907849413
19.616,0.0034570574312527322,0.0029058730848791833
19.618,0.0034507242012283153,0.0029014279450617674
19.62,0.00344436343751172,0.002896985975114928
19.622,0.0034379755815719367,0.0028925471788180147
19.624,0.003431561077264201,0.0028881115599474695
19.626,0.0034251203707687775,0.0028836791222768225
19.628,0.0034186539105259504,0.0028792498695767105
19.63,0.0034121621471706613,0.0028748238056148494
19.632,0.0034056455334725722,0.00287040093415606
19.634,0.0033991045242878918,0.0028659812589622363
19.636,0.0033925395765291486,0.0028615647837923787
19.638,0.00338595114915692,0.002857151512402549
19.64,0.003379339703195876,0.0028527414485459194
19.642,0.003372705701774291,0.002848334595972713
19.644,0.0033660496101838664,0.0028439309584302585
19.646,0.0033593718959544928,0.002839530539662959
19.648,0.0033526730289366626,0.002835133343412275
19.65,0.0033459534813835897,0.002830739373416768
19.652,0.003339213728025329,0.0028263486334120483
19.654,0.0033324542461285606,0.002821961127130815
19.656,0.0033256755155384858,0.002817576858302823
19.658,0.0033188780187026457,0.002813195830654907
19.66,0.003312062240680681,0.002808818047910953
19.662,0.003305228669147148,0.002804443513791924
19.664,0.0032983777943977055,0.002800072232015844
19.666,0.003291510109368919,0.00279570420629778
19.668,0.0032846261096812343,0.002791339440349884
19.67,0.0032777262937109214,0.002786977937881337
19.672,0.0032708111626920627,0.002782619702598398
19.674,0.003263881220844216,0.002778264738204366
19.676,0.003256936975516791,0.0027739130483995958
19.678,0.003249978937337695,0.0027695646368814837
19.68,0.0032430076203529916,0.0027652195073444882
19.682,0.0032360235421458857,0.0027608776634801017
19.684,0.0032290272239272225,0.002756539108976861
19.686,0.003222019190594785,0.002752203847520358
19.688,0.0032149999707643926,0.0027478718827932042
19.69,0.003207970096780718,0.002743543218475069
19.692,0.0032009301047188302,0.00273921785824264
19.694,0.0031938805343886814,0.002734895805769662
19.696,0.0031868219293529915,0.0027305770647268884
19.698,0.003179754836966345,0.0027262616387821225
19.7,0.0031726798084379107,0.0027219495316001987
19.702,0.003165597398916039,0.002717640746842956
19.704,0.003158508167588009,0.002713335288169286
19.706,0.0031514126777854347,0.002709033159235086
19.708,0.0031443114970843016,0.0027047343636932885
19.71,0.0031372051973891308,0.002700438905193833
19.712,0.0031300943549928033,0.002696146787383695
19.714,0.0031229795506072136,0.002691858013906848
19.716,0.003115861369363084,0.002687572588404291
19.718,0.0031087404007815412,0.002683290514514043
19.72,0.0031016172387223644,0.002679011795871114
19.722,0.003094492481315578,0.0026747364361075473
19.724,0.0030873667308833896,0.0026704644388523707
19.726,0.0030802405938581126,0.0026661958077316417
19.728,0.0030731146807004435,0.002661930546368399
19.73,0.003065989605819454,0.002657668658382701
19.732,0.003058865987494499,0.0026534101473915965
19.734,0.0030517444477970385,0.0026491550170091383
19.736,0.0030446256125102587,0.002644903270846376
19.738,0.0030375101110442708,0.002640654912511351
19.74,0.003030398576345374,0.0026364099456091003
19.742,0.003023291644798769,0.0026321683737416473
19.744,0.003016189956124404,0.002627930200508015
19.746,0.0030090941532655603,0.002623695429504201
19.748,0.003002004882269177,0.002619464064323205
19.75,0.0029949227921554,0.0026152361085549957
19.752,0.002987848534772999,0.002611011565786533
19.754,0.0029807827646361447,0.002606790439601749
19.756,0.0029737261387386676,0.0026025727335815653
19.758,0.002966679316343081,0.002598358451303876
19.76,0.002959642958744298,0.0025941475963435425
19.762,0.002952617729011271,0.002589940172272416
19.764,0.0029456042917128233,0.0025857361826592956
19.766,0.0029386033126364247,0.0025815356310699747
19.768,0.002931615458509204,0.0025773385210671926
19.77,0.0029246413967296972,0.0025731448562106743
19.772,0.002917681795115455,0.0025689546400570885
19.774,0.002910737321667504,0.0025647678761600828
19.776,0.002903808644347893,0.0025605845680702613
19.778,0.002896896430862329,0.0025564047193351743
19.78,0.002890001348437833,0.0025522283334993476
19.782,0.0028831240635848617,0.0025480554141042457
19.784,0.0028762652418355137,0.002543885964688298
19.786,0.002869425547453496,0.0025397199887868733
19.788,0.002862605643116377,0.0025355574899323047
19.79,0.002855806189574993,0.0025313984716538542
19.792,0.002849027845298208,0.002527242937477743
19.794,0.002842271266112598,0.002523090890927137
19.796,0.002835537104845395,0.0025189423355221298
19.798,0.002828826010976635,0.002514797274779772
19.8,0.0028221386303027064,0.002510655712214042
19.802,0.002815475604610381,0.0025065176513358557
19.804,0.0028088375713580457,0.0025023830956530627
19.806,0.0028022251633598545,0.002498252048670455
19.808,0.002795639008470236,0.002494124513889738
19.81,0.002789079729267148,0.0024900004948095627
19.812,0.002782547942735866,0.002485879994925499
19.814,0.002776044259955972,0.0024817630177300385
19.816,0.0027695692857952502,0.002477649566712609
19.818,0.00276312361861305,0.0024735396453595413
19.82,0.002756707849973627,0.0024694332571541058
19.822,0.0027503225643671645,0.0024653304055764717
19.824,0.0027439683389344958,0.0024612310941037425
19.826,0.0027376457431896152,0.002457135326209918
19.828,0.002731355338735226,0.002453043105365921
19.83,0.0027250976789682003,0.002448954435039588
19.832,0.00271887330877467,0.0024448693186956507
19.834,0.0027126827642182205,0.002440787759795761
19.836,0.0027065265722266557,0.002436709761798464
19.838,0.00270040525028491,0.0024326353281592197
19.84,0.00269431930614105,0.0024285644623303734
19.842,0.002688269237530915,0.002424497167761189
19.844,0.002682255531924926,0.002420433447897807
19.846,0.0026762786662971453,0.002416373306183284
19.848,0.002670339106915021,0.0024123167460575507
19.85,0.0026644373091464046,0.0024082637709574414
19.852,0.002658573717279715,0.002404214384316683
19.854,0.002652748764353786,0.002400168589565875
19.856,0.0026469628719940673,0.0023961263901325198
19.858,0.002641216450253475,0.002392087789440994
19.86,0.002635509897456354,0.0023880527909125593
19.862,0.0026298436000455347,0.0023840213979653573
19.864,0.002624217932432638,0.00237999361401441
19.866,0.002618633256852704,0.0023759694424716096
19.868,0.002613089923225135,0.002371948886745733
19.87,0.0026075882690234954,0.0023679319502424257
19.872,0.002602128619157633,0.002363918636364198
19.874,0.002596711285871398,0.0023599089485104425
19.876,0.0025913365686588514,0.0023559028900774037
19.878,0.002586004754200562,0.002351900464458204
19.88,0.0025807161163193784,0.0023479016750428193
19.882,0.0025754709159531933,0.0023439065252180997
19.884,0.0025702694011400934,0.0023399150183677385
19.886,0.002565111807010734,0.0023359271578723014
19.888,0.002559998355782327,0.002331942947109206
19.89,0.002554929256751089,0.002327962389452715
19.892,0.002549904706281792,0.0023239854882739592
19.894,0.002544924887796766,0.0023200122469409015
19.896,0.00253998997176909,0.0023160426688183717
19.898,0.0025351001157268645,0.0023120767572680292
19.9,0.002530255464275648,0.0023081145156483907
19.902,0.002525456149144969,0.0023041559473148065
19.904,0.002520702289261834,0.0023002010556194726
19.906,0.002515993990850479,0.002296249843911427
19.908,0.002511331347553689,0.0022923023155365352
19.91,0.00250671444056731,0.0022883584738375086
19.912,0.002502143338778374,0.002284418322153878
19.914,0.00249761809889677,0.002280481863822022
19.916,0.002493138765573073,0.0022765491021751343
19.918,0.0024887053714991885,0.002272620040543246
19.92,0.002484317937493564,0.0022686946822532065
19.922,0.0024799764725780713,0.002264773030628693
19.924,0.002475680974057554,0.002260855088990206
19.926,0.0024714314276148893,0.0022569408606550588
19.928,0.002467227807433275,0.0022530303489373903
19.93,0.0024630700763531507,0.0022491235571481497
19.932,0.002458958186065397,0.0022452204885951062
19.934,0.002454892077334737,0.0022413211465828332
19.936,0.002450871680241096,0.002237425534412724
19.938,0.0024468969144228075,0.0022335336553829677
19.94,0.002442967689305028,0.0022296455127885713
19.942,0.00243908390430018,0.002225761109921346
19.944,0.0024352454489742254,0.002221880450069894
19.946,0.002431452203181005,0.0022180035365196335
19.948,0.0024277040371751013,0.002214130372552767
19.95,0.002424000811719608,0.002210260961448306
19.952,0.002420342378207373,0.0022063953064820462
19.954,0.0024167285788115026,0.0022025334109265866
19.956,0.002413159246675032,0.002198675278051307
19.958,0.0024096342061406613,0.002194820911122388
19.96,0.0024061532730125495,0.0021909703134027855
19.962,0.002402716254835212,0.0021871234881522465
19.964,0.0023993229511706372,0.0021832804386273065
19.966,0.002395973153855385,0.002179441168081269
19.968,0.002392666647224028,0.002175605679764232
19.97,0.0023894032082919544,0.002171773976923057
19.972,0.00238618260689918,0.002167946062801396
19.974,0.0023830046058234628,0.0021641219406396575
19.976,0.002379868960876339,0.0021603016136750373
19.978,0.002376775420997288,0.0021564850851414925
19.98,0.0023737237283600102,0.0021526723582697485
19.982,0.002370713618501014,0.0021488634362873023
19.984,0.0023677448204751706,0.0021450583224184097
19.986,0.0023648170570374303,0.002141257019884088
19.988,0.0023619300448446813,0.002137459531902116
19.99,0.002359083494668259,0.0021336658616870345
19.992,0.002356277111605666,0.002129876012450132
19.994,0.002353510595280477,0.0021260899873994615
19.996,0.002350783640021211,0.00212230778973982
19.998,0.002348095935013161,0.002118529422672757
20.0,0.002345447164421689,0.0021147548893965763
20.002,0.0023428370074895463,0.002110984193106318
20.004,0.00234026513861512,0.002107217336993777
20.006,0.0023377312274211774,0.0021034543242474803
20.008,0.002335234938824764,0.002099695158052708
20.01,0.002332775933118343,0.002095939841591466
20.012,0.002330353866068836,0.002092188378042508
20.014,0.002327968389037073,0.0020884407705813114
20.016,0.002325619149114475,0.0020846970223800964
20.018,0.0023233057892693082,0.002080957136607813
20.02,0.002321027948490684,0.0020772211164301322
20.022,0.002318785261917861,0.0020734889650094613
20.024,0.002316577360943795,0.0020697606855049227
20.026,0.00231440387328587,0.002066036281072373
20.028,0.0023122644230231873,0.002062315754864381
20.03,0.0023101586306056143,0.0020585991100302405
20.032,0.0023080861128456937,0.0020548863497159564
20.034,0.002306046482907858,0.002051177477064256
20.036,0.002304039350309269,0.0020474724952145753
20.038,0.002302064320944406,0.002043771407303059
20.04,0.002300120997139622,0.0020400742164625708
20.042,0.0022982089777375306,0.002036380925822668
20.044,0.002296327858204001,0.0020326915385096267
20.046,0.002294477230745614,0.0020290060576464166
20.048,0.0022926566844223115,0.0020253244863527135
20.05,0.002290865805240785,0.002021646827744891
20.052,0.0022891041762170914,0.002017973084936021
20.054,0.00228737137740272,0.002014303261035872
20.056,0.002285666985875081,0.0020106373591509035
20.058,0.002283990575699333,0.0020069753823842686
20.06,0.002282341717873729,0.002003317333835805
20.062,0.0022807199802727333,0.0019996632166020484
20.064,0.002279124927602247,0.0019960130337762067
20.066,0.002277556121378071,0.001992366788448185
20.068,0.0022760131199344217,0.0019887244837045568
20.07,0.002274495478463288,0.001985086122628588
20.072,0.0022730027490801097,0.0019814517083002105
20.074,0.002271534480906907,0.001977821243796039
20.076,0.002270090220161138,0.0019741947321893633
20.078,0.002268669510238454,0.0019705721765501372
20.08,0.002267271891778879,0.0019669535799449927
20.082,0.002265896902709727,0.0019633389454372222
20.084,0.0022645440782625226,0.0019597282760867906
20.086,0.002263212950966329,0.001956121574950318
20.088,0.002261903050623722,0.0019525188450810979
20.09,0.0022606139042787316,0.0019489200895290706
20.092,0.002259345036187213,0.0019453253113408439
20.094,0.0022580959677995626,0.0019417345135596805
20.096,0.0022568662177632347,0.0019381476992254899
20.098,0.002255655301949054,0.0019345648713748416
20.1,0.002254462733500755,0.0019309860330409467
20.102,0.0022532880229034773,0.0019274111872536724
20.104,0.002252130678063641,0.0019238403370395263
20.106,0.002250990204391109,0.0019202734854216615
20.108,0.002249866104875455,0.001916710635419872
20.11,0.002248757880150025,0.001913151790050593
20.112,0.002247665028541801,0.0019095969523268965
20.114,0.0022465870461093715,0.0019060461252584896
20.116,0.0022455234266750943,0.0019024993118517159
20.118,0.002244473661860693,0.0018989565151095451
20.12,0.0022434372411357546,0.0018954177380315863
20.122,0.002242413651887152,0.0018918829836140631
20.124,0.0022414023795136622,0.0018883522548498377
20.126,0.002240402907545156,0.0018848255547283866
20.128,0.0022394147177807744,0.0018813028862358129
20.13,0.002238437290436389,0.0018777842523548403
20.132,0.002237470104289836,0.0018742696560648054
20.134,0.002236512636812689,0.0018707591003416658
20.136,0.002235564364280524,0.0018672525881579859
20.138,0.002234624761858306,0.0018637501224829508
20.14,0.002233693303663466,0.0018602517062823454
20.142,0.0022327694628140574,0.0018567573425185718
20.144,0.002231852711473799,0.0018532670341506287
20.146,0.0022309425209068572,0.0018497807841341236
20.148,0.00223003836155446,0.001846298595421268
20.15,0.002229139703142153,0.0018428204709608638
20.152,0.002228246014821411,0.0018393464136983208
20.154,0.002227356765344075,0.0018358764265756359
20.156,0.002226471423262477,0.0018324105125314062
20.158,0.002225589457144833,0.0018289486745008126
20.16,0.0022247103357932465,0.0018254909154156338
20.162,0.0022238335284524863,0.0018220372382042288
20.164,0.0022229585049999296,0.0018185876457915472
20.166,0.002222084736111819,0.001815142141099117
20.168,0.002221211693405542,0.0018117007270450516
20.17,0.002220338849563316,0.0018082634065440426
20.172,0.002219465678446375,0.0018048301825073561
20.174,0.0022185916552113815,0.0018014010578428373
20.176,0.0022177162564407295,0.0017979760354549011
20.178,0.0022168389602966088,0.001794555118244537
20.18,0.002215959246704051,0.0017911383091092988
20.182,0.002215076597563481,0.0017877256109433146
20.184,0.0022141904969876164,0.0017843170266372672
20.186,0.002213300431553199,0.001780912559078411
20.188,0.002212405890555858,0.0017775122111505603
20.19,0.002211506366256014,0.0017741159857340824
20.192,0.002210601354106097,0.0017707238857059095
20.194,0.0022096903529537407,0.001767335913939521
20.196,0.0022087728652200192,0.0017639520733049546
20.198,0.0022078483970567036,0.0017605723666687947
20.2,0.002206916458489752,0.0017571967968941784
20.202,0.0022059765635576915,0.0017538253668407844
20.204,0.00220502823045328,0.0017504580793648407
20.206,0.0022040709816750423,0.0017470949373191173
20.208,0.002203104344192577,0.0017437359435529191
20.21,0.0022021278496274005,0.0017403811009120977
20.212,0.00220114103444906,0.001737030412239033
20.214,0.0022001434401854843,0.0017336838803726467
20.216,0.0021991346136460204,0.0017303415081483854
20.218,0.00219811410715583,0.0017270032983982338
20.22,0.002197081478799116,0.0017236692539506957
20.222,0.002196036292668006,0.0017203393776308081
20.224,0.0021949781191111565,0.0017170136722601318
20.226,0.002193906534974669,0.0017136921406567436
20.228,0.00219282112382576,0.001710374785635247
20.23,0.0021917214761500827,0.0017070616100067601
20.232,0.002190607189515575,0.001703752616578916
20.234,0.0021894778687001734,0.0017004478081558629
20.236,0.002188333125786765,0.0016971471875382618
20.238,0.002187172580235368,0.0016938507575232798
20.24,0.0021859958589476682,0.0016905585209045955
20.242,0.002184802596342254,0.001687270480472392
20.244,0.0021835924344577756,0.001683986639013353
20.246,0.0021823650230969943,0.001680706999310668
20.248,0.002181120020016757,0.0016774315641440202
20.25,0.0021798570911596977,0.001674160336289597
20.252,0.0021785759109141933,0.0016708933185200744
20.254,0.002177276162382119,0.0016676305136046265
20.256,0.002175957537630835,0.0016643719243089146
20.258,0.0021746197379067986,0.0016611175533950912
20.26,0.0021732624737942946,0.0016578674036217967
20.262,0.0021718854653108993,0.001654621477744152
20.264,0.002170488441942542,0.001651379778513767
20.266,0.0021690711426300643,0.0016481423086787252
20.268,0.0021676333157271167,0.0016449090709835966
20.27,0.0021661747189530116,0.0016416800681694186
20.272,0.002164695119362987,0.001638455302973712
20.274,0.0021631942933540097,0.0016352347781304632
20.276,0.002161672026715914,0.0016320184963701339
20.278,0.0021601281147279223,0.0016288064604196492
20.28,0.002158562362291171,0.0016255986730024056
20.282,0.0021569745840803265,0.00162239513683826
20.284,0.0021553646046930707,0.0016191958546435308
20.286,0.00215373225877602,0.001616000829131001
20.288,0.0021520773911095957,0.001612810063009905
20.29,0.0021503998566418233,0.0016096235589859388
20.292,0.002148699520469737,0.0016064413197612482
20.294,0.002146976257776663,0.001603263348034432
20.296,0.0021452299537405343,0.001600089646500538
20.298,0.0021434605034326456,0.0015969202178510626
20.3,0.0021416678117258435,0.0015937550647739471
20.302,0.0021398517932264827,0.0015905941899535749
20.304,0.0021380123722368857,0.001587437596070773
20.306,0.0021361494827456555,0.0015842852858028028
20.308,0.00213426306843472,0.0015811372618233694
20.31,0.002132353082685584,0.001577993526802606
20.312,0.0021304194885662336,0.001574854083407085
20.314,0.002128462258782288,0.001571718934299803
20.316,0.002126481375583535,0.0015685880821401908
20.318,0.002124476830626158,0.0015654615295841042
20.32,0.0021224486248006447,0.0015623392792838203
20.322,0.0021203967680422397,0.0015592213338880435
20.324,0.0021183212791442835,0.0015561076960418942
20.326,0.002116222185591968,0.0015529983683869146
20.328,0.0021140995234276345,0.0015498933535610592
20.33,0.002111953337148441,0.0015467926541987017
20.332,0.0021097836796266567,0.0015436962729306206
20.334,0.0021075906120343844,0.0015406042123840102
20.336,0.002105374203750453,0.0015375164751824718
20.338,0.0021031345322284913,0.001534433063946008
20.34,0.0021008716828120697,0.0015313539812910307
20.342,0.0020985857484934474,0.0015282792298303481
20.344,0.0020962768296239522,0.001525208812173172
20.346,0.002093945033594349,0.0015221427309251069
20.348,0.002091590474509279,0.001519080988688157
20.35,0.0020892132728803276,0.0015160235880607171
20.352,0.0020868135553571707,0.0015129705316375723
20.354,0.002084391454506261,0.0015099218220098994
20.356,0.002081947108635899,0.0015068774617652582
20.358,0.002079480661655129,0.0015038374534875956
20.36,0.00207699226294693,0.0015008017997572398
20.362,0.00207448206723329,0.001497770503150901
20.364,0.002071950234412035,0.001494743566241665
20.366,0.002069396929351434,0.0014917209915989982
20.368,0.002066822321637579,0.0014887027817887346
20.37,0.0020642265852780788,0.0014856889393730856
20.372,0.002061609898373003,0.001482679466910632
20.374,0.0020589724427680363,0.001479674366956319
20.376,0.0020563144037054884,0.0014766736420614613
20.378,0.0020536359694868006,0.0014736772947737343
20.38,0.002050937331155481,0.0014706853276371765
20.382,0.002048218682204893,0.001467697743192184
20.384,0.002045480218310168,0.0014647145439755135
20.386,0.002042722137080389,0.0014617357325202721
20.388,0.002039944637824843,0.001458761311355925
20.39,0.0020371479213265827,0.0014557912830082836
20.392,0.0020343321896166603,0.0014528256499995106
20.394,0.002031497645743516,0.0014498644148481165
20.396,0.002028644493532975,0.0014469075800689524
20.398,0.002025772937336081,0.0014439551481732163
20.4,0.002022883181763279,0.0014410071216684433
20.402,0.0020199754314059667,0.0014380635030585088
20.404,0.002017049890547715,0.0014351242948436223
20.406,0.0020141067628702855,0.0014321894995203293
20.408,0.00201114625116067,0.0014292591195815055
20.41,0.002008168557026417,0.001426333157516357
20.412,0.002005173880626378,0.0014234116158104194
20.414,0.002002162420421843,0.0014204944969455496
20.416,0.001999134372951211,0.0014175818033999325
20.418,0.001996089932627011,0.0014146735376480704
20.42,0.001993029291551826,0.0014117697021607874
20.422,0.001989952639346284,0.0014088702994052233
20.424,0.001986860162981944,0.001405975331844834
20.426,0.001983752046612098,0.0014030848019393862
20.428,0.0019806284713959257,0.00140019871214496
20.43,0.001977489615314857,0.0013973170649139418
20.432,0.0019743356529833824,0.001394439862695025
20.434,0.001971166755460069,0.001391567107933209
20.436,0.0019679830900660106,0.0013886988030697921
20.438,0.0019647848202184698,0.0013858349505423769
20.44,0.0019615721052857068,0.0013829755527848596
20.442,0.001958345100466274,0.0013801206122274357
20.444,0.001955103956692442,0.0013772701312965915
20.446,0.0019518488205544412,0.0013744241124151076
20.448,0.0019485798342394373,0.0013715825580020535
20.45,0.0019452971354786239,0.0013687454704727838
20.452,0.001942000857495928,0.001365912852238942
20.454,0.0019386911289542036,0.0013630847057084507
20.456,0.001935368073897052,0.001360261033285517
20.458,0.001932031811687443,0.0013574418373706238
20.46,0.0019286824569469331,0.0013546271203605342
20.462,0.001925320119500756,0.001351816884648282
20.464,0.0019219449043346947,0.0013490111326231766
20.466,0.0019185569115693262,0.0013462098666707967
20.468,0.0019151562364560192,0.001343413089172988
20.47,0.0019117429693972642,0.001340620802507865
20.472,0.001908317195991863,0.0013378330090498027
20.474,0.001904878997103894,0.0013350497111694413
20.476,0.0019014284489522473,0.0013322709112336788
20.478,0.001897965623216399,0.0013294966116056714
20.48,0.0018944905871530252,0.0013267268146448298
20.482,0.0018910034037176954,0.0013239615227068197
20.484,0.001887504131686115,0.001321200738143557
20.486,0.0018839928257705749,0.0013184444633032063
20.488,0.0018804695367288418,0.0013156927005301806
20.49,0.0018769343114655131,0.0013129454521651359
20.492,0.001873387193128226,0.0013102027205449725
20.494,0.001869828221204406,0.0013074645080028294
20.496,0.001866257431625461,0.0013047308168680867
20.498,0.0018626748568867327,0.001302001649466358
20.5,0.0018590805261903623,0.001299277008119493
20.502,0.001855474465615955,0.0012965568951455726
20.504,0.0018518566983205568,0.0012938413128589076
20.506,0.001848227244764937,0.0012911302635700375
20.508,0.0018445861229596302,0.0012884237495857257
20.51,0.0018409333487213158,0.0012857217732089614
20.512,0.001837268935929549,0.0012830243367389525
20.514,0.001833592896774794,0.0012803314424711292
20.516,0.0018299052419920284,0.0012776430926971355
20.518,0.0018262059810790349,0.0012749592897048337
20.52,0.001822495122502053,0.001272280035778296
20.522,0.001818772673896398,0.0012696053331978077
20.524,0.0018150386422703967,0.001266935184239862
20.526,0.0018112930342213478,0.0012642695911771573
20.528,0.0018075358561689143,0.001261608556278598
20.53,0.0018037671146075328,0.0012589520818092896
20.532,0.0017999868163739521,0.0012563001700305388
20.534,0.001796194968922133,0.0012536528231998488
20.536,0.001792391580594741,0.0012510100435709204
20.538,0.001788576660880708,0.0012483718333936463
20.54,0.0017847502206504338,0.0012457381949141113
20.542,0.001780912272365151,0.0012431091303745905
20.544,0.0017770628302624905,0.001240484642013545
20.546,0.0017732019105263425,0.0012378647320656223
20.548,0.0017693295314532452,0.0012352494027616516
20.55,0.0017654457136292065,0.0012326386563286443
20.552,0.0017615504801299598,0.0012300324949897894
20.554,0.0017576438567531172,0.0012274309209644536
20.556,0.001753725872284289,0.0012248339364681767
20.558,0.001749796558791852,0.001222241543712672
20.56,0.0017458559519377911,0.0012196537449058237
20.562,0.0017419040912873092,0.0012170705422516815
20.564,0.0017379410205977338,0.001214491937950464
20.566,0.00173396678806923,0.001211917934198551
20.568,0.001729981446545114,0.0012093485331884865
20.57,0.0017259850536570382,0.0012067837371089716
20.572,0.001721977671919857,0.0012042235481448673
20.574,0.001717959368788729,0.0012016679684771878
20.576,0.001713930216697569,0.0011991170002831016
20.578,0.001709890293099908,0.0011965706457359282
20.58,0.00170583968053204,0.001194028907005135
20.582,0.0017017784667126552,0.0011914917862563378
20.584,0.0016977067446847117,0.0011889592856512954
20.586,0.0016936246129962342,0.0011864314073479108
20.588,0.001689532175907387,0.0011839081535002256
20.59,0.0016854295436050351,0.001181389526258421
20.592,0.0016813168324029777,0.0011788755277688133
20.594,0.0016771941649075214,0.0011763661601738534
20.596,0.0016730616701327976,0.001173861425612124
20.598,0.0016689194835586203,0.0011713613262183374
20.6,0.001664767747132136,0.001168865864123334
20.602,0.001660606609223469,0.0011663750414540783
20.604,0.0016564362245515885,0.0011638888603336596
20.606,0.0016522567540997438,0.0011614073228812874
20.608,0.0016480683650391505,0.001158930431212291
20.61,0.00164387123067562,0.0011564581874381158
20.612,0.0016396655304274192,0.0011539905936663233
20.614,0.0016354514498350128,0.0011515276520005857
20.616,0.0016312291805964853,0.0011490693645406877
20.618,0.0016269989206165855,0.001146615733382522
20.62,0.0016227608740547854,0.001144166760618086
20.622,0.0016185152513573172,0.0011417224483354833
20.624,0.0016142622692603933,0.0011392827986189185
20.626,0.0016100021507565732,0.0011368478135486964
20.628,0.0016057351250205458,0.0011344174952012188
20.63,0.0016014614272965963,0.0011319918456489846
20.632,0.0015971812987535974,0.0011295708669605846
20.634,0.0015928949863166667,0.0011271545612007022
20.636,0.0015886027424860966,0.00112474293043011
20.638,0.0015843048251536853,0.001122335976705667
20.64,0.0015800014974258697,0.0011199337020803175
20.642,0.00157569302746054,0.0011175361086030887
20.644,0.0015713796883217344,0.0011151431983190889
20.646,0.0015670617578535855,0.0011127549732695044
20.648,0.001562739518571648,0.0011103714354915987
20.65,0.0015584132575667219,0.001107992587018709
20.652,0.0015540832664142188,0.001105618429880245
20.654,0.0015497498410797087,0.0011032489661016867
20.656,0.0015454132818113271,0.001100884197704582
20.658,0.0015410738930099193,0.0010985241267065448
20.66,0.0015367319830702506,0.0010961687551212522
20.662,0.0015323878641902847,0.001093818084958444
20.664,0.0015280418521500202,0.001091472118223918
20.666,0.0015236942660663885,0.001089130856919531
20.668,0.0015193454281349705,0.0010867943030431937
20.67,0.0015149956633722223,0.0010844624585888707
20.672,0.0015106452993722016,0.0010821353255465777
20.674,0.0015062946660898394,0.0010798129059023788
20.676,0.0015019440956581442,0.0010774952016383854
20.678,0.0014975939222401408,0.0010751822147327527
20.68,0.001493244481909216,0.0010728739471596797
20.682,0.001488896112545434,0.0010705704008894044
20.684,0.001484549153730829,0.0010682715778882045
20.686,0.0014802039466259272,0.0010659774801183928
20.688,0.0014758608338129198,0.0010636881095383165
20.69,0.001471520159096624,0.0010614034681023553
20.692,0.0014671822672635466,0.0010591235577609177
20.694,0.0014628475038083318,0.001056848380460441
20.696,0.0014585162146445675,0.0010545779381433869
20.698,0.001454188745822072,0.0010523122327482416
20.7,0.001449865443272425,0.0010500512662095123
20.702,0.001445546652600199,0.0010477950404577253
20.704,0.0014412327189291547,0.0010455435574194241
20.706,0.0014369239868015052,0.0010432968190171674
20.708,0.0014326208001181264,0.0010410548271695265
20.71,0.0014283235020994445,0.0010388175837910839
20.712,0.0014240324352428639,0.0010365850907924305
20.714,0.001419747941254249,0.0010343573500801637
20.716,0.0014154703609373471,0.0010321343635568856
20.718,0.0014112000340353308,0.0010299161331212006
20.72,0.0014069372990296897,0.0010277026606677132
20.722,0.0014026824929119085,0.001025493948087026
20.724,0.0013984359509495161,0.0010232899972657378
20.726,0.0013941980064698853,0.001021090810086441
20.728,0.0013899689906808647,0.0010188963884277201
20.73,0.0013857492325399286,0.0010167067341641496
20.732,0.0013815390586726537,0.0010145218491662909
20.734,0.0013773387933317073,0.0010123417353006911
20.736,0.0013731487583796395,0.001010166394429881
20.738,0.0013689692732752087,0.0010079958284123724
20.74,0.0013648006550440244,0.001005830039102656
20.742,0.001360643218219644,0.0010036690283512003
20.744,0.0013564972747492506,0.001001512798004448
20.746,0.0013523631338669333,0.0009993613499048152
20.748,0.0013482411019451084,0.0009972146858906886
20.75,0.001344131482339776,0.0009950728077964233
20.752,0.0013400345752459682,0.0009929357174523414
20.754,0.0013359506775778853,0.000990803416684729
20.756,0.0013318800828824916,0.0009886759073158352
20.758,0.0013278230812888616,0.0009865531911638684
20.76,0.0013237799594892372,0.0009844352700429963
20.762,0.0013197510007425188,0.0009823221457633416
20.764,0.0013157364848882832,0.0009802138201309815
20.766,0.0013117366883598897,0.0009781102949479453
20.768,0.0013077518841869188,0.0009760115720122116
20.77,0.0013037823419816271,0.0009739176531177072
20.772,0.0012998283279082251,0.0009718285400543039
20.774,0.0012958901046375162,0.0009697442346078175
20.776,0.0012919679312922904,0.0009676647385600048
20.778,0.0012880620633898266,0.0009655900536885624
20.78,0.0012841727527873107,0.0009635201817671236
20.782,0.0012803002476344243,0.0009614551245652574
20.784,0.001276444792335044,0.0009593948838484654
20.786,0.0012726066275175814,0.0009573394613781803
20.788,0.0012687859900119482,0.0009552888589117639
20.79,0.0012649831128297752,0.0009532430782025044
20.792,0.001261198225144836,0.0009512021209996151
20.794,0.001257431552270923,0.0009491659890482316
20.796,0.001253683315636252,0.0009471346840894104
20.798,0.0012499537327542484,0.0009451082078601261
20.8,0.001246243017192562,0.0009430865620932698
20.802,0.0012425513785425833,0.0009410697485176471
20.804,0.0012388790223920657,0.0009390577688579754
20.806,0.0012352261503030778,0.0009370506248348827
20.808,0.0012315929597961931,0.0009350483181649046
20.81,0.0012279796443407278,0.0009330508505604833
20.812,0.001224386393348762,0.0009310582237299643
20.814,0.0012208133921697132,0.0009290704393775951
20.816,0.0012172608220812017,0.0009270874992035232
20.818,0.0012137288602720698,0.0009251094049037935
20.82,0.001210217679813948,0.0009231361581703466
20.822,0.0012067274496195043,0.0009211677606910167
20.824,0.00120325833438734,0.0009192042141495295
20.826,0.0011998104945359443,0.0009172455202254998
20.828,0.001196384086130824,0.0009152916805944304
20.83,0.001192979260810314,0.0009133426969277084
20.832,0.001189596165716032,0.000911398570892605
20.834,0.0011862349434328548,0.000909459304152272
20.836,0.0011828957319421482,0.0009075248983657404
20.838,0.001179578664588438,0.0009055953551879182
20.84,0.001176283870057969,0.0009036706762695884
20.842,0.0011730114723635578,0.0009017508632574067
20.844,0.0011697615908292682,0.0008998359177939
20.846,0.0011665343400667832,0.0008979258415174635
20.848,0.0011633298299363732,0.0008960206360623593
20.85,0.0011601481654874449,0.0008941203030587143
20.852,0.001156989446876642,0.0008922248441325176
20.854,0.0011538537692657312,0.0008903342609056192
20.856,0.0011507412227047366,0.0008884485549957273
20.858,0.0011476518920089081,0.0008865677280164068
20.86,0.0011445858566390599,0.0008846917815770767
20.862,0.001141543190594175,0.0008828207172830084
20.864,0.001138523962322835,0.0008809545367353236
20.866,0.001135528234656142,0.0008790932415309922
20.868,0.0011325560647605397,0.0008772368332628304
20.87,0.001129607504104973,0.0008753853135194981
20.872,0.0011266825984342051,0.0008735386838854979
20.874,0.0011237813877390584,0.000871696945941172
20.876,0.0011209039062154763,0.0008698601012627006
20.878,0.001118050182206908,0.0008680281514221
20.88,0.0011152202381281792,0.0008662010979872203
20.882,0.001112414090373246,0.0008643789425217436
20.884,0.001109631749212248,0.0008625616865851816
20.886,0.0011068732186855247,0.0008607493317328741
20.888,0.001104138496502492,0.0008589418795159864
20.89,0.001101427573952188,0.0008571393314815075
20.892,0.0010987404358295152,0.0008553416891722484
20.894,0.0010960770603780999,0.0008535489541268393
20.896,0.0010934374192473053,0.0008517611278797283
20.898,0.0010908214774586831,0.0008499782119611792
20.9,0.0010882291933755172,0.0008482002078972691
20.902,0.00108566051866939,0.0008464271172098867
20.904,0.001083115398279288,0.0008446589414167304
20.906,0.0010805937703610032,0.0008428956820313056
20.908,0.0010780955662278433,0.0008411373405629238
20.91,0.001075620710286391,0.0008393839185166995
20.912,0.0010731691199728217,0.0008376354173935487
20.914,0.001070740705696573,0.0008358918386901869
20.916,0.001068335370797111,0.0008341531838991269
20.918,0.001065953011518074,0.0008324194545086767
20.92,0.0010635935169999418,0.000830690652002938
20.922,0.001061256769289736,0.0008289667778618035
20.924,0.001058942643363519,0.0008272478335609553
20.926,0.0010566510071555039,0.000825533820571863
20.928,0.001054381721587869,0.0008238247403617811
20.93,0.001052134640595938,0.0008221205943937478
20.932,0.001049909611146238,0.0008204213841265824
20.934,0.0010477064732475991,0.0008187271110148834
20.936,0.0010455250599589218,0.0008170377765090264
20.938,0.0010433651973994378,0.0008153533820551628
20.94,0.0010412267047686333,0.0008136739290952167
20.942,0.001039109394382669,0.0008119994190668837
20.944,0.001037013071732316,0.0008103298534036287
20.946,0.0010349375355644778,0.0008086652335346837
20.948,0.001032882577985905,0.000807005560885046
20.95,0.001030847984584554,0.0008053508368754764
20.952,0.001028833534561802,0.0008037010629224965
20.954,0.0010268390008677398,0.0008020562404383876
20.956,0.001024864150332887,0.0008004163708311882
20.958,0.001022908743791847,0.0007987814555046919
20.96,0.001020972536197727,0.0007971514958584458
20.962,0.0010190552767294866,0.0007955264932877483
20.964,0.001017156708897623,0.0007939064491836469
20.966,0.001015276570654844,0.0007922913649329368
20.968,0.001013414594518894,0.0007906812419181584
20.97,0.0010115705077132359,0.0007890760815175954
20.972,0.0010097440323288739,0.0007874758851052731
20.974,0.0010079348855077362,0.0007858806540509561
20.976,0.0010061427796453318,0.0007842903897201464
20.978,0.0010043674226083892,0.0007827050934740818
20.98,0.001002608517962325,0.0007811247666697334
20.982,0.001000865765203663,0.0007795494106598036
20.984,0.0009991388599932178,0.0007779790267927248
20.986,0.0009974274943876321,0.0007764136164126566
20.988,0.000995731357068012,0.0007748531808594846
20.99,0.000994050133565649,0.0007732977214688178
20.992,0.000992383506485832,0.000771747239571987
20.994,0.0009907311557310317,0.0007702017364960427
20.996,0.00098909275872552,0.0007686612135637534
20.998,0.0009874679906435948,0.0007671256720936031
21.0,0.000985856524644413,0.0007655951133997899
21.002,0.0009842580313204358,0.0007640695387922235
21.004,0.000982672178900624,0.0007625487300375816
21.006,0.000981098635069162,0.0007610324587695013
21.008,0.0009795370672887249,0.0007595207114499328
21.01,0.0009779871423427101,0.0007580134745812188
21.012,0.0009764485266735081,0.0007565107347059736
21.014,0.0009749208867369892,0.0007550124784069628
21.016,0.000973403889360989,0.0007535186923069838
21.018,0.0009718972020917301,0.000752029363068746
21.02,0.000970400493514121,0.0007505444773947523
21.022,0.0009689134335396819,0.0007490640220271798
21.024,0.0009674356936658809,0.0007475879837477617
21.026,0.0009659669472173968,0.0007461163493776694
21.028,0.00096450686958134,0.0007446491057773943
21.03,0.000963055138446344,0.0007431862398466312
21.032,0.0009616114340528451,0.0007417277385241608
21.034,0.00096017543945968,0.0007402735887877334
21.036,0.000958746840829209,0.0007388237776539522
21.038,0.0009573253277300299,0.0007373782921781581
21.04,0.0009559105934540092,0.0007359371194543134
21.042,0.00095450233534232,0.000734500246614887
21.044,0.000953100255115221,0.0007330676608307392
21.046,0.000951704059200192,0.0007316393493110077
21.048,0.0009503134590540868,0.0007302152993029926
21.05,0.000948928171475616,0.0007287954980920434
21.052,0.0009475479189056189,0.0007273799330014446
21.054,0.0009461724297131839,0.0007259685913923031
21.056,0.000944801438466359,0.0007245614606634355
21.058,0.0009434346861863692,0.000723158528251255
21.06,0.0009420719205851177,0.0007217597816296596
21.062,0.0009407128962869713,0.0007203652083099204
21.064,0.0009393573750374389,0.0007189747958405694
21.066,0.0009380051259036521,0.0007175885318072893
21.068,0.0009366559254722741,0.000716206403832802
21.07,0.0009353095580511817,0.0007148283995767581
21.072,0.0009339658158795222,0.0007134545067356272
21.074,0.000932624499348019,0.0007120847130425874
21.076,0.0009312854172280129,0.0007107190062674163
21.078,0.0009299483869040329,0.0007093573742163816
21.08,0.0009286132346021162,0.000707999804732132
21.082,0.000927279795605693,0.0007066462856935892
21.084,0.0009259479144513449,0.0007052968050158394
21.086,0.0009246174450997343,0.0007039513506500248
21.088,0.0009232882510810098,0.0007026099105832374
21.09,0.0009219602056174137,0.0007012724728384102
21.092,0.0009206331917294439,0.0006999390254742114
21.094,0.0009193071023329962,0.0006986095565849372
21.096,0.0009179818403340958,0.0006972840543004058
21.098,0.00091665731872475,0.0006959625067858512
21.1,0.0009153334606795121,0.0006946449022418176
21.102,0.0009140101996473261,0.0006933312289040542
21.104,0.0009126874794305132,0.0006920214750434099
21.106,0.0009113652542411542,0.0006907156289657287
21.108,0.0009100434887269385,0.0006894136790117454
21.11,0.000908722157962003,0.0006881156135569813
21.112,0.0009074012474039131,0.0006868214210116405
21.114,0.0009060807528233517,0.0006855310898205065
21.116,0.0009047606802174911,0.0006842446084628389
21.118,0.0009034410457199053,0.0006829619654522707
21.12,0.0009021218755188229,0.0006816831493367055
21.122,0.0009008032057914353,0.0006804081486982155
21.124,0.0008994850826560264,0.0006791369521529393
21.126,0.0008981675621374465,0.0006778695483509805
21.128,0.0008968507101354963,0.0006766059259763063
21.13,0.0008955346023830364,0.0006753460737466463
21.132,0.0008942193243796533,0.0006740899804133921
21.134,0.0008929049712898779,0.0006728376347614963
21.136,0.0008915916477990492,0.0006715890256093731
21.138,0.0008902794679263003,0.0006703441418087979
21.14,0.0008889685547997923,0.000669102972244808
21.142,0.0008876590404038726,0.0006678655058356033
21.144,0.0008863510653103571,0.0006666317315324475
21.146,0.00088504477840562,0.000665401638319569
21.148,0.0008837403366231311,0.0006641752152140632
21.15,0.0008824379046858456,0.000662952451265794
21.152,0.0008811376548586753,0.0006617333355572961
21.154,0.0008798397667055785,0.0006605178572036775
21.156,0.0008785444268430576,0.0006593060053525225
21.158,0.0008772518286799812,0.0006580977691837945
21.16,0.0008759621721346888,0.0006568931379097399
21.162,0.0008746756633230968,0.0006556921007747912
21.164,0.0008733925142157223,0.0006544946470554712
21.166,0.0008721129422659047,0.0006533007660602973
21.168,0.0008708371700156373,0.0006521104471296863
21.17,0.0008695654246874906,0.0006509236796358585
21.172,0.0008682979377717011,0.0006497404529827435
21.174,0.0008670349446158759,0.0006485607566058854
21.176,0.0008657766840212904,0.0006473845799723483
21.178,0.0008645233978463229,0.0006462119125806224
21.18,0.0008632753306136407,0.0006450427439605303
21.182,0.0008620327291155736,0.0006438770636731332
21.184,0.0008607958420114836,0.0006427148613106382
21.186,0.0008595649194118694,0.000641556126496305
21.188,0.0008583402124466153,0.0006404008488843534
21.19,0.0008571219728179776,0.0006392490181598707
21.192,0.0008559104523418356,0.00063810062403872
21.194,0.0008547059024826729,0.000636955656267448
21.196,0.000853508573888587,0.0006358141046231936
21.198,0.0008523187159308987,0.000634675958913597
21.2,0.0008511365762510829,0.0006335412089767078
21.202,0.0008499624003140757,0.0006324098446808952
21.204,0.0008487964309643405,0.000631281855924757
21.206,0.0008476389079790087,0.0006301572326370294
21.208,0.0008464900676117501,0.0006290359647764976
21.21,0.0008453501421223502,0.0006279180423319055
21.212,0.000844219359289772,0.0006268034553218667
21.214,0.0008430979419102838,0.0006256921937947752
21.216,0.0008419861072862547,0.0006245842478287167
21.218,0.0008408840667147851,0.0006234796075313798
21.22,0.0008397920249872416,0.0006223782630399681
21.222,0.0008387101799108652,0.0006212802045211115
21.224,0.0008376387218613909,0.0006201854221707789
21.226,0.0008365778333716981,0.0006190939062141906
21.228,0.000835527688756107,0.0006180056469057309
21.23,0.0008344884537647943,0.0006169206345288611
21.232,0.0008334602852577803,0.0006158388593960326
21.234,0.0008324433308855655,0.000614760311848601
21.236,0.0008314377287632088,0.000613684982256739
21.238,0.0008304436071269976,0.0006126128610193512
21.24,0.0008294610839679256,0.0006115439385639878
21.242,0.0008284902666425795,0.0006104782053467595
21.244,0.0008275312514683928,0.0006094156518522522
21.246,0.0008265841233158239,0.0006083562685934418
21.248,0.0008256489552131899,0.0006073000461116098
21.25,0.00082472580797971,0.000606246974976259
21.252,0.0008238147298997429,0.0006051970457850286
21.254,0.0008229157564454317,0.0006041502491636109
21.256,0.0008220289100483905,0.0006031065757656674
21.258,0.0008211541999144811,0.0006020660162727455
21.26,0.0008202916218707989,0.0006010285613941948
21.262,0.0008194411582317403,0.0005999942018670846
21.264,0.0008186027776722739,0.0005989629284561214
21.266,0.0008177764351000486,0.0005979347319535658
21.268,0.0008169620715241649,0.0005969096031791507
21.27,0.0008161596139241585,0.0005958875329799992
21.272,0.0008153689751279416,0.0005948685122305432
21.274,0.0008145900537099506,0.0005938525318324412
21.276,0.0008138227339201944,0.000592839582714498
21.278,0.0008130668856518275,0.0005918296558325829
21.28,0.0008123223644497323,0.0005908227421695494
21.282,0.000811589011556989,0.0005898188327351546
21.284,0.0008108666539918614,0.0005888179185659788
21.286,0.0008101551046454231,0.0005878199907253456
21.288,0.0008094541623906163,0.0005868250403032421
21.29,0.0008087636121963616,0.0005858330584162393
21.292,0.0008080832252451539,0.0005848440362074129
21.294,0.0008074127590574885,0.000583857964846264
21.296,0.0008067519576305827,0.0005828748355286405
21.298,0.000806100551600745,0.0005818946394766583
21.3,0.0008054582584385693,0.000580917367938623
21.302,0.0008048247826830836,0.0005799430121889518
21.304,0.0008041998162168459,0.0005789715635280955
21.306,0.0008035830385791854,0.0005780030132824609
21.308,0.000802974117310666,0.0005770373528043335
21.31,0.0008023727083195181,0.0005760745734717999
21.312,0.0008017784562604267,0.0005751146666886711
21.314,0.0008011909949181438,0.0005741576238844059
21.316,0.0008006099475910628,0.0005732034365140339
21.318,0.0008000349274750936,0.0005722520960580797
21.32,0.000799465538050969,0.0005713035940224864
21.322,0.0007989013734816322,0.0005703579219385401
21.324,0.0007983420190277834,0.0005694150713627943
21.326,0.0007977870514888429,0.0005684750338769942
21.328,0.0007972360396755546,0.0005675378010880017
21.33,0.0007966885449174419,0.0005666033646277205
21.332,0.0007961441216053713,0.0005656717161530216
21.334,0.0007956023177667495,0.000564742847345668
21.336,0.000795062675668129,0.0005638167499122416
21.338,0.0007945247324388434,0.0005628934155840683
21.34,0.0007939880207078967,0.0005619728361171444
21.342,0.0007934520692466719,0.0005610550032920629
21.344,0.0007929164036104214,0.0005601399089139405
21.346,0.000792380546773153,0.000559227544812344
21.348,0.0007918440197523712,0.0005583179028412177
21.35,0.0007913063422222933,0.0005574109748788102
21.352,0.0007907670331169928,0.0005565067528276024
21.354,0.0007902256112264576,0.0005556052286142347
21.356,0.0007896815957906955,0.0005547063941894354
21.358,0.0007891345070972091,0.0005538102415279486
21.36,0.0007885838670868458,0.0005529167626284626
21.362,0.0007880291999717952,0.0005520259495135384
21.364,0.000787470032867337,0.0005511377942295382
21.366,0.0007869058964361665,0.0005502522888465551
21.368,0.0007863363255425475,0.0005493694254583417
21.37,0.0007857608599108597,0.0005484891961822396
21.372,0.000785179044782923,0.0005476115931591093
21.374,0.0007845904315679729,0.0005467366085532598
21.376,0.0007839945784800899,0.0005458642345523785
21.378,0.0007833910511595465,0.0005449944633674616
21.38,0.0007827794232761117,0.000544127287232745
21.382,0.0007821592771142514,0.0005432626984056341
21.384,0.0007815302041417822,0.0005424006891666353
21.386,0.0007808918055642208,0.0005415412518192868
21.388,0.0007802436928680225,0.0005406843786900901
21.39,0.0007795854883550815,0.0005398300621284413
21.392,0.000778916825670527,0.0005389782945065629
21.394,0.0007782373503244577,0.0005381290682194353
21.396,0.0007775467202068824,0.0005372823756847299
21.398,0.0007768446060935499,0.0005364382093427402
21.4,0.0007761306921391491,0.0005355965616563149
21.402,0.000775404676353364,0.0005347574251107909
21.404,0.0007746662710549332,0.0005339207922139255
21.406,0.0007739152032994844,0.00053308665549583
21.408,0.0007731512152776711,0.0005322550075089029
21.41,0.0007723740646824995,0.0005314258408277634
21.412,0.0007715835250462511,0.0005305991480491849
21.414,0.0007707793860497528,0.0005297749217920291
21.416,0.0007699614538079223,0.0005289531546971803
21.418,0.0007691295511361513,0.0005281338394274792
21.42,0.0007682835178014068,0.0005273169686676579
21.422,0.0007674232107600187,0.0005265025351242741
21.424,0.0007665485043821829,0.0005256905315256464
21.426,0.0007656592906602075,0.0005248809506217891
21.428,0.0007647554793957936,0.0005240737851843477
21.43,0.0007638369983602946,0.000523269028006534
21.432,0.0007629037934220127,0.000522466671903062
21.434,0.0007619558286362767,0.000521666709710084
21.436,0.000760993086295874,0.0005208691342851263
21.438,0.0007600155669429347,0.0005200739385070252
21.44,0.0007590232893457148,0.0005192811152758639
21.442,0.0007580162904461676,0.000518490657512909
21.444,0.0007569946252853754,0.000517702558160547
21.446,0.0007559583669137079,0.0005169168101822217
21.448,0.0007549076062916002,0.0005161334065623712
21.45,0.0007538424521844934,0.0005153523403063651
21.452,0.0007527630310527194,0.0005145736044404422
21.454,0.0007516694869345188,0.0005137971920116482
21.456,0.0007505619813174465,0.0005130230960877738
21.458,0.0007494406929916145,0.0005122513097572925
21.46,0.0007483058178773802,0.0005114818261292991
21.462,0.0007471575688201951,0.0005107146383334481
21.464,0.0007459961753463291,0.0005099497395198923
21.466,0.0007448218833760039,0.0005091871228592217
21.468,0.0007436349548931408,0.0005084267815424029
21.47,0.0007424356675745762,0.0005076687087807175
21.472,0.0007412243143851258,0.000506912897805702
21.474,0.0007400012031473888,0.0005061593418690874
21.476,0.0007387666560969726,0.0005054080342427388
21.478,0.0007375210094341103,0.0005046589682185954
21.48,0.0007362646128805231,0.0005039121371086106
21.482,0.0007349978292478469,0.0005031675342446922
21.484,0.0007337210340191009,0.000502425152978643
21.486,0.0007324346149401397,0.0005016849866821012
21.488,0.0007311389716134333,0.0005009470287464816
21.49,0.0007298345150837402,0.0005002112725829163
21.492,0.0007285216674036874,0.0004994777116221959
21.494,0.0007272008611690324,0.0004987463393147109
21.496,0.0007258725390164425,0.0004980171491303933
21.498,0.0007245371530819978,0.0004972901345586581
21.5,0.0007231951644241776,0.0004965652891083455
21.502,0.0007218470424205765,0.0004958426063076625
21.504,0.0007204932641509946,0.0004951220797041255
21.506,0.0007191343137810404,0.0004944037028645025
21.508,0.0007177706819592294,0.0004936874693747556
21.51,0.0007164028652364587,0.0004929733728399839
21.512,0.0007150313655120431,0.0004922614068843664
21.514,0.0007136566895041066,0.000491551565151105
21.516,0.0007122793482371336,0.0004908438413023675
21.518,0.0007108998565361087,0.0004901382290192317
21.52,0.0007095187325148475,0.0004894347220016283
21.522,0.0007081364970481672,0.0004887333139682846
21.524,0.000706753673220381,0.0004880339986566693
21.526,0.00070537078574828,0.0004873367698229356
21.528,0.0007039883603818928,0.00048664162124186595
21.53,0.0007026069232914957,0.00048594854670681636
21.532,0.0007012270004527048,0.000485257540029661
21.534,0.000699849117042634,0.000484568595040737
21.536,0.0006984737968590408,0.00048388170558878914
21.538,0.0006971015617708725,0.0004831968655409152
21.54,0.0006957329312039465,0.0004825140687825112
21.542,0.0006943684216603077,0.00048183330921721643
21.544,0.0006930085462649222,0.0004811545807668595
21.546,0.0006916538143302013,0.00048047787737140376
21.548,0.0006903047309275919,0.00047980319298889337
21.55,0.0006889617964567997,0.0004791305215953992
21.552,0.0006876255062059375,0.00047845985718496524
21.554,0.0006862963499004039,0.0004777911937695547
21.556,0.0006849748112431469,0.00047712452537899676
21.558,0.0006836613674526304,0.00047645984606093327
21.56,0.0006823564888076343,0.00047579714988076543
21.562,0.000681060638208453,0.00047513643092160105
21.564,0.0006797742707625215,0.00047447768328420147
21.566,0.0006784978333994544,0.00047382090108692904
21.568,0.0006772317645163651,0.0004731660784656946
21.57,0.000675976493650553,0.00047251320957390514
21.572,0.0006747324411736131,0.00047186228858241136
21.574,0.0006735000179996379,0.000471213309679456
21.576,0.0006722796253007012,0.0004705662670706217
21.578,0.0006710716542250609,0.00046992115497877936
21.58,0.0006698764856166309,0.00046927796764403644
21.582,0.0006686944897379329,0.00046863669932368574
21.584,0.000667526026001486,0.0004679973442921539
21.586,0.000666371442716512,0.0004673598968409505
21.588,0.000665231076857466,0.00046672435127861683
21.59,0.000664105253859909,0.00046609070193067537
21.592,0.00066299428744586,0.0004654589431395789
21.594,0.000661898479478327,0.00046482906926466
21.596,0.0006608181198414101,0.00046420107468208096
21.598,0.0006597534863406119,0.00046357495378478316
21.6,0.0006587048446173698,0.00046295070098243725
21.602,0.000657672448072396,0.00046232831070139324
21.604,0.000656656537794136,0.00046170777738463063
21.606,0.0006556573424908148,0.0004610890954917089
21.608,0.0006546750784268082,0.00046047225949871805
21.61,0.000653709949365735,0.00045985726389822905
21.612,0.00065276214652377,0.000459244103199245
21.614,0.000651831848536789,0.00045863277192715186
21.616,0.0006509192214447082,0.0004580232646236697
21.618,0.0006500244186949541,0.0004574155758468039
21.62,0.0006491475811662299,0.0004568097001707966
21.622,0.0006482888372121599,0.0004562056321860781
21.624,0.0006474483027233121,0.00045560336649921895
21.626,0.000646626081205481,0.00045500289773288134
21.628,0.000645822263871057,0.00045440422052577136
21.63,0.0006450369297409141,0.0004538073295325911
21.632,0.0006442701457539179,0.0004532122194239908
21.634,0.0006435219668821851,0.00045261888488652143
21.636,0.00064279243625145,0.00045202732062258716
21.638,0.000642081585266612,0.00045143752135039803
21.64,0.0006413894337443911,0.00045084948180392284
21.642,0.0006407159900550291,0.00045026319673284216
21.644,0.0006400612512758008,0.00044967866090250136
21.646,0.000639425203358107,0.00044909586909386404
21.648,0.0006388078213086211,0.0004485148161034652
21.65,0.000638209069383597,0.000447935496743365
21.652,0.000637628901293191,0.0004473579058411023
21.654,0.00063706726041151,0.0004467820382396485
21.656,0.0006365240799879209,0.0004462078887973615
21.658,0.0006359992833556611,0.00044563545238793993
21.66,0.0006354927841359769,0.00044506472390037715
21.662,0.000635004486438825,0.00044449569823891573
21.664,0.0006345342850642791,0.000443928370323002
21.666,0.000634082065711192,0.0004433627350872405
21.668,0.0006336477052010681,0.0004427987874813491
21.67,0.0006332310717240582,0.00044223652247011355
21.672,0.0006328320251119521,0.0004416759350333427
21.674,0.0006324504171382321,0.00044111702016582364
21.676,0.000632086091840752,0.0004405597728772771
21.678,0.0006317388858577548,0.00044000418819231267
21.68,0.000631408628764226,0.00043945026115038466
21.682,0.000631095143395194,0.0004388979868057475
21.684,0.0006307982461435651,0.000438347360227412
21.686,0.000630517747225021,0.0004377983764991008
21.688,0.0006302534509082442,0.000437251030719205
21.69,0.000630005155716074,0.00043670531800073996
21.692,0.0006297726546090849,0.0004361612334713019
21.694,0.0006295557351674709,0.00043561877227302437
21.696,0.0006293541797878535,0.0004350779295625349
21.698,0.0006291677659095496,0.00043453870051091164
21.7,0.0006289962662787848,0.00043400108030364036
21.702,0.0006288394492523348,0.00043346506414057134
21.704,0.0006286970791334649,0.0004329306472358767
21.706,0.0006285689165264009,0.0004323978248180075
21.708,0.0006284547186913963,0.00043186659212965123
21.71,0.0006283542398815579,0.00043133694442768926
21.712,0.0006282672316464535,0.0004308088769831546
21.714,0.0006281934430934969,0.00043028238508118947
21.716,0.0006281326211066353,0.00042975746402100355
21.718,0.0006280845105302829,0.0004292341091158316
21.72,0.0006280488543326906,0.000428712315692892
21.722,0.0006280253937665174,0.0004281920790933447
21.724,0.0006280138685437468,0.00042767339467224985
21.726,0.0006280140170375681,0.0004271562577985262
21.728,0.0006280255765169629,0.0004266406638549099
21.73,0.0006280482834116587,0.00042612660823791303
21.732,0.0006280818735973723,0.00042561408635778274
21.734,0.00062812608268656,0.00042510309363846013
21.736,0.0006281806463082426,0.0004245936255175394
21.738,0.0006282453003624198,0.0004240856774462273
21.74,0.0006283197812397446,0.0004235792448893022
21.742,0.0006284038260044016,0.00042307432332507375
21.744,0.000628497172544566,0.0004225709082453427
21.746,0.0006285995597008904,0.0004220689951553603
21.748,0.0006287107273861892,0.00042156857957378836
21.75,0.0006288304167091882,0.00042106965703265933
21.752,0.0006289583701121829,0.0004205722230773362
21.754,0.0006290943315270324,0.0004200762732664728
21.756,0.0006292380465484658,0.00041958180317197417
21.758,0.0006293892626177261,0.00041908880837895706
21.76,0.0006295477292067221,0.0004185972844857105
21.762,0.0006297131979914317,0.0004181072271036564
21.764,0.0006298854230046055,0.0004176186318573104
21.766,0.0006300641607613548,0.000417131494384243
21.768,0.0006302491703555693,0.0004166458103350403
21.77,0.0006304402135294682,0.00041616157537326543
21.772,0.0006306370547226979,0.00041567878517541953
21.774,0.000630839461109194,0.00041519743543090354
21.776,0.000631047202630694,0.0004147175218419794
21.778,0.0006312600520348098,0.0004142390401237318
21.78,0.0006314777849223708,0.00041376198600403
21.782,0.0006317001798062208,0.0004132863552234894
21.784,0.0006319270181797002,0.0004128121435354339
21.786,0.0006321580845901958,0.00041233934670585766
21.788,0.0006323931667110997,0.00041186796051338753
21.79,0.0006326320554042255,0.00041139798074924514
21.792,0.0006328745447652445,0.0004109294032172095
21.794,0.0006331204321459932,0.0004104622237335794
21.796,0.0006333695181500143,0.0004099964381271363
21.798,0.0006336216066009658,0.0004095320422391067
21.8,0.0006338765044868376,0.0004090690319231253
21.802,0.0006341340218861996,0.000408607403045198
21.804,0.0006343939718848032,0.00040814715148366473
21.806,0.0006346561704920549,0.0004076882731291629
21.808,0.0006349204365659975,0.00040723076388459064
21.81,0.0006351865917531324,0.0004067746196650701
21.812,0.0006354544604456169,0.00040631983639791125
21.814,0.0006357238697537789,0.0004058664100225751
21.816,0.0006359946494871748,0.00040541433649063786
21.818,0.0006362666321337825,0.0004049636117657546
21.82,0.0006365396528249978,0.00040451423182362315
21.822,0.0006368135492743624,0.00040406619265194834
21.824,0.000637088161680856,0.0004036194902504061
21.826,0.0006373633325922255,0.0004031741206306077
21.828,0.0006376389067301353,0.00040273007981606404
21.83,0.0006379147307847446,0.0004022873638421505
21.832,0.0006381906531915574,0.0004018459687560712
21.834,0.000638466523906105,0.0004014058906168238
21.836,0.0006387421941921479,0.00040096712549516446
21.838,0.0006390175164360937,0.0004005296694735725
21.84,0.0006392923439952454,0.0004000935186462156
21.842,0.0006395665310809853,0.00039965866911891495
21.844,0.000639839932670892,0.0003992251170091103
21.846,0.000640112404438781,0.0003987928584458256
21.848,0.0006403838026877265,0.00039836188956963395
21.85,0.0006406539842710176,0.0003979322065326238
21.852,0.000640922806487947,0.00039750380549836387
21.854,0.0006411901269458073,0.0003970766826418696
21.856,0.0006414558033854523,0.0003966508341495684
21.858,0.0006417196934732513,0.000396226256219266
21.86,0.0006419816545677055,0.00039580294506011226
21.862,0.0006422415434715111,0.0003953808968925675
21.864,0.0006424992161810493,0.0003949601079483687
21.866,0.0006427545276435109,0.0003945405744704958
21.868,0.0006430073315288822,0.0003941222927131381
21.87,0.0006432574800199346,0.000393705258941661
21.872,0.0006435048236191683,0.00039328946943257263
21.874,0.0006437492109685376,0.0003928749204734904
21.876,0.0006439904886761351,0.000392461608363108
21.878,0.0006442285011434964,0.0003920495294111624
21.88,0.0006444630903891636,0.0003916386799384009
21.882,0.0006446940958657978,0.0003912290562765481
21.884,0.000644921354271577,0.00039082065476827324
21.886,0.0006451446993584126,0.0003904134717671577
21.888,0.0006453639617417347,0.00039000750363766233
21.89,0.0006455789687166634,0.00038960274675509484
21.892,0.0006457895440853996,0.00038919919750557766
21.894,0.0006459955079988294,0.0003887968522860156
21.896,0.0006461966768139183,0.0003883957075040636
21.898,0.0006463928629662286,0.0003879957595780949
21.9,0.0006465838748553294,0.0003875970049371686
21.902,0.0006467695167396578,0.0003871994400209984
21.904,0.0006469495886364932,0.0003868030612799201
21.906,0.0006471238862228082,0.00038640786517486064
21.908,0.0006472922007329778,0.0003860138481773059
21.91,0.0006474543188504782,0.0003856210067692695
21.912,0.0006476100225919901,0.00038522933744326144
21.914,0.0006477590891844143,0.0003848388367022565
21.916,0.0006479012909373309,0.0003844495010596633
21.918,0.0006480363951159465,0.000384061327039293
21.92,0.0006481641638211824,0.0003836743111753283
21.922,0.0006482843538850567,0.00038328845001229264
21.924,0.0006483967167892483,0.00038290374010501913
21.926,0.0006485009986133918,0.0003825201780186199
21.928,0.0006485969400168074,0.00038213776032845536
21.93,0.000648684276253515,0.0003817564836201038
21.932,0.0006487627372161694,0.0003813763444893306
21.934,0.0006488320475010828,0.00038099733954205826
21.936,0.0006488919264838995,0.00038061946539433565
21.938,0.0006489420883955721,0.00038024271867230806
21.94,0.0006489822423899239,0.00037986709601218707
21.942,0.0006490120925980294,0.0003794925940602204
21.944,0.0006490313381696643,0.00037911920947266206
21.946,0.0006490396733072289,0.00037874693891574247
21.948,0.0006490367873016503,0.00037837577906563863
21.95,0.0006490223645822056,0.0003780057266084446
21.952,0.0006489960847918479,0.0003776367782401417
21.954,0.0006489576228972745,0.0003772689306665692
21.956,0.0006489066493383659,0.0003769021806033948
21.958,0.0006488428302166159,0.0003765365247760854
21.96,0.000648765827516932,0.0003761719599198777
21.962,0.0006486752993537317,0.0003758084827797492
21.964,0.000648570900230513,0.00037544609011038913
21.966,0.0006484522813028457,0.00037508477867616936
21.968,0.0006483190906374659,0.00037472454525111563
21.97,0.0006481709734639919,0.0003743653866188787
21.972,0.0006480075724201742,0.0003740072995727056
21.974,0.0006478285277950511,0.00037365028091541105
21.976,0.0006476334777764186,0.0003732943274593489
21.978,0.0006474220587093067,0.00037293943602638365
21.98,0.0006471939053707947,0.0003725856034478621
21.982,0.0006469486512638307,0.000372232826564585
21.984,0.0006466859289302582,0.00037188110222677903
21.986,0.0006464053702808783,0.0003715304272940684
21.988,0.0006461066069397005,0.000371180798635447
21.99,0.0006457892705999914,0.00037083221312925034
21.992,0.0006454529933914782,0.00037048466766312783
21.994,0.0006450974082603106,0.0003701381591340148
21.996,0.0006447221493650029,0.0003697926844481049
21.998,0.0006443268524923831,0.00036944824052082253
22.0,0.0006439111554959365,0.0003691048242767952
22.002,0.0006434746987565039,0.0003687624326498261
22.004,0.0006430171256609566,0.0003684210625828667
22.006,0.0006425380830906391,0.0003680807110279895
22.008,0.0006420372219087248,0.0003677413749463608
22.01,0.0006415141974348583,0.00036740305130821357
22.012,0.0006409686698980204,0.00036706573709282045
22.014,0.0006404003048633063,0.00036672942928846664
22.016,0.0006398087736349447,0.0003663941248924231
22.018,0.000639193753644649,0.0003660598209109198
22.02,0.0006385549288398145,0.0003657265143591189
22.022,0.0006378919900885158,0.0003653942022610881
22.024,0.0006372046356167109,0.0003650628816497741
22.026,0.0006364925714883867,0.00036473254956697617
22.028,0.0006357555121309485,0.00036440320306331954
22.03,0.0006349931808995377,0.00036407483919822934
22.032,0.0006342053106653481,0.00036374745503990407
22.034,0.0006333916444073481,0.00036342104766528963
22.036,0.0006325519357851524,0.0003630956141600532
22.038,0.0006316859496732018,0.000362771151618557
22.04,0.000630793462642749,0.00036244765714383274
22.042,0.0006298742633869806,0.00036212512784755533
22.044,0.0006289281530939224,0.00036180356085001737
22.046,0.0006279549457799382,0.0003614829532801034
22.048,0.0006269544686019585,0.00036116330227526413
22.05,0.0006259265621681901,0.00036084460498149104
22.052,0.0006248710808650531,0.0003605268585532908
22.054,0.0006237878932128,0.0003602100601536599
22.056,0.0006226768822553729,0.00035989420695405934
22.058,0.0006215379459824425,0.0003595792961343893
22.06,0.0006203709977750172,0.00035926532488296417
22.062,0.0006191759668612214,0.0003589522903964871
22.064,0.0006179527987666054,0.00035864018988002514
22.066,0.0006167014557433921,0.00035832902054698453
22.068,0.0006154219171656385,0.0003580187796190854
22.07,0.0006141141798810162,0.00035770946432633725
22.072,0.0006127782585148426,0.00035740107190701406
22.074,0.0006114141857270388,0.0003570935996076297
22.076,0.000610022012427012,0.00035678704468291347
22.078,0.000608601807955124,0.00035648140439578527
22.08,0.0006071536602413597,0.0003561766760173315
22.082,0.0006056776759521097,0.0003558728568267805
22.084,0.0006041739806347439,0.0003555699441114783
22.086,0.0006026427188662736,0.00035526793516686445
22.088,0.0006010840544084703,0.0003549668272964477
22.09,0.0005994981703667688,0.0003546666178117823
22.092,0.0005978852693457634,0.0003543673040324435
22.094,0.0005962455735907463,0.000354068883286004
22.096,0.0005945793251030263,0.0003537713529080099
22.098,0.0005928867857176098,0.000353474710241957
22.1,0.0005911682371345845,0.00035317895263926706
22.102,0.0005894239809003091,0.00035288407745926413
22.104,0.000587654338339987,0.00035259008206915096
22.106,0.0005858596504484009,0.0003522969638439855
22.108,0.000584040277749449,0.00035200472016665754
22.11,0.0005821966001368983,0.00035171334842786525
22.112,0.0005803290167077775,0.00035142284602609195
22.114,0.0005784379455968049,0.0003511332103675828
22.116,0.0005765238238154191,0.00035084443886632165
22.118,0.0005745871070935433,0.00035055652894400814
22.12,0.0005726282697174985,0.00035026947803003434
22.122,0.0005706478043539874,0.0003499832835614622
22.124,0.0005686462218489571,0.0003496979429830002
22.126,0.0005666240509910074,0.0003494134537469811
22.128,0.0005645818382318245,0.0003491298133133386
22.13,0.0005625201473600015,0.0003488470191495851
22.132,0.0005604395591290094,0.0003485650687307888
22.134,0.0005583406708436169,0.0003482839595395515
22.136,0.0005562240959119909,0.00034800368906598574
22.138,0.0005540904633718782,0.0003477242548076926
22.14,0.0005519404173994826,0.0003474456542697394
22.142,0.0005497746168084273,0.0003471678849646372
22.144,0.0005475937345445215,0.00034689094441231884
22.146,0.0005453984571798278,0.00034661483014011667
22.148,0.0005431894844071274,0.0003463395396827405
22.15,0.000540967528533682,0.00034606507058225554
22.152,0.0005387333139711313,0.00034579142038806054
22.154,0.0005364875767165296,0.00034551858665686584
22.156,0.0005342310638183946,0.0003452465669526716
22.158,0.0005319645328210768,0.00034497535884674607
22.16,0.0005296887511810674,0.0003447049599176038
22.162,0.0005274044956504683,0.000344435367750984
22.164,0.0005251125516252233,0.0003441665799398293
22.166,0.0005228137124590137,0.0003438985940842639
22.168,0.0005205087787471938,0.00034363140779157227
22.17,0.0005181985575882912,0.0003433650186761778
22.172,0.0005158838618327687,0.0003430994243596214
22.174,0.0005135655093292373,0.0003428346224705406
22.176,0.0005112443221771423,0.00034257061064464785
22.178,0.0005089211259921451,0.0003423073865247099
22.18,0.0005065967491867966,0.00034204494776052637
22.182,0.0005042720222646627,0.00034178329200890904
22.184,0.0005019477771230991,0.00034152241693366086
22.186,0.0004996248463573969,0.000341262320205555
22.188,0.0004973040625589697,0.0003410029995023141
22.19,0.0004949862576015183,0.0003407444525085896
22.192,0.0004926722619118913,0.000340486676915941
22.194,0.0004903629037258548,0.0003402296704228152
22.196,0.00048805900833189957,0.0003399734307345261
22.198,0.00048576139730869937,0.000339717955563234
22.2,0.00048347088776274673,0.00033946324262792526
22.202,0.00048118829157203444,0.00033920928965439176
22.204,0.00047891441464035253,0.00033895609437521084
22.206,0.0004766500561643808,0.0003387036545297248
22.208,0.00047439600791377844,0.00033845196786402084
22.21,0.0004721530535228979,0.00033820103213091105
22.212,0.0004699219677920093,0.00033795084508991217
22.214,0.00046770351599639224,0.00033770140450722566
22.216,0.0004654984532024939,0.0003374527081557177
22.218,0.0004633075235917452,0.00033720475381489936
22.22,0.00046113145979394975,0.0003369575392709068
22.222,0.000458970982232799,0.0003367110623164815
22.224,0.00045682679848634716,0.00033646532075095047
22.226,0.0004546996026647357,0.0003362203123802066
22.228,0.00045259007480658617,0.0003359760350166892
22.23,0.0004504988802942996,0.0003357324864793643
22.232,0.00044842666928761115,0.00033548966459370544
22.234,0.00044637407617398816,0.0003352475671916739
22.236,0.0004443417190342656,0.00033500619211169954
22.238,0.00044233019912221774,0.0003347655371986616
22.24,0.00044034010035704456,0.00033452560030386924
22.242,0.0004383719888289018,0.0003342863792850425
22.244,0.000436426412318047,0.00033404787200629304
22.246,0.0004345038998292487,0.00033381007633810536
22.248,0.00043260496114364575,0.0003335729901573174
22.25,0.00043073008639096593,0.00033333661134710173
22.252,0.0004288797456453493,0.00033310093779694694
22.254,0.00042705438854821515,0.0003328659674026383
22.256,0.00042525444396157867,0.0003326316980662393
22.258,0.00042348031965453825,0.0003323981276960729
22.26,0.00042173240202495295,0.0003321652542067027
22.262,0.00042001105585664323,0.00033193307551891444
22.264,0.0004183166241109846,0.0003317015895596974
22.266,0.00041664942774982563,0.00033147079426222586
22.268,0.0004150097655852149,0.0003312406875658408
22.27,0.00041339791415033873,0.0003310112674160313
22.272,0.0004118141275859487,0.00033078253176441625
22.274,0.00041025863753747126,0.0003305544785687262
22.276,0.00040873165305977527,0.0003303271057927849
22.278,0.0004072333605291399,0.0003301004114064913
22.28,0.00040576392356493775,0.00032987439338580133
22.282,0.0004043234829661137,0.0003296490497127099
22.284,0.0004029121566694477,0.0003294243783752329
22.286,0.0004015300397372429,0.00032920037736738894
22.288,0.00040017720438108724,0.000328977044689182
22.29,0.0003988537000262298,0.00032875437834658296
22.292,0.00039755955341751713,0.0003285323763515123
22.294,0.0003962947687642688,0.00032831103672182206
22.296,0.0003950593279179557,0.00032809035748127815
22.298,0.0003938531905741872,0.00032787033665954287
22.3,0.0003926762944899194,0.0003276509722921572
22.302,0.0003915285557080715,0.0003274322624205232
22.304,0.0003904098687846601,0.0003272142050918867
22.306,0.0003893201070177668,0.0003269967983593198
22.308,0.0003882591226819569,0.00032678004028170336
22.31,0.00038722674727556755,0.0003265639289237098
22.312,0.0003862227917903187,0.0003263484623557858
22.314,0.0003852470470127215,0.00032613363865413505
22.316,0.00038429928386471076,0.00032591945590070107
22.318,0.00038337925378694566,0.0003257059121831501
22.32,0.00038248668916340817,0.00032549300559485406
22.322,0.0003816213037813289,0.00032528073423487337
22.324,0.0003807827933166341,0.0003250690962079402
22.326,0.00037997083583355356,0.00032485808962444147
22.328,0.00037918509228726126,0.0003246477126004019
22.33,0.00037842520702093864,0.0003244379632574672
22.332,0.00037769080825249024,0.0003242288397228874
22.334,0.0003769815085505165,0.00032402034012950004
22.336,0.0003762969053034472,0.0003238124626157135
22.338,0.0003756365811885506,0.0003236052053254905
22.34,0.00037500010464915973,0.0003233985664083314
22.342,0.00037438703038814356,0.0003231925440192576
22.344,0.0003737968998838069,0.0003229871363187954
22.346,0.00037322924193186396,0.0003227823414729591
22.348,0.00037268357321367353,0.0003225781576532351
22.35,0.00037215939888807985,0.0003223745830365652
22.352,0.00037165621320156604,0.0003221716158053306
22.354,0.0003711735001099232,0.00032196925414733547
22.356,0.0003707107339037853,0.00032176749625579084
22.358,0.00037026737983110756,0.00032156634032929856
22.36,0.00036984289471039995,0.00032136578457183507
22.362,0.00036943672753078193,0.0003211658271927354
22.364,0.00036904832003713294,0.0003209664664066773
22.366,0.0003686771073011398,0.0003207677004336651
22.368,0.00036832251828156,0.000320569527499014
22.37,0.0003679839763790081,0.0003203719458333342
22.372,0.0003676608999917115,0.00032017495367251493
22.374,0.00036735270307914264,0.0003199785492577089
22.376,0.00036705879573902857,0.0003197827308353165
22.378,0.0003667785848016479,0.00031958749665697014
22.38,0.000366511474441861,0.00031939284497951875
22.382,0.00036625686680618637,0.000319198774065012
22.384,0.00036601416264884227,0.000319005282180685
22.386,0.00036578276196798707,0.0003188123675989427
22.388,0.00036556206463246105,0.0003186200285973445
22.39,0.0003653514709891523,0.000318428263458589
22.392,0.00036515038244337836,0.0003182370704704983
22.394,0.0003649582020076711,0.0003180464479260031
22.396,0.0003647743348183199,0.00031785639412312735
22.398,0.0003645981886230158,0.00031766690736497296
22.4,0.00036442917424635583,0.0003174779859597047
22.402,0.0003642667060419913,0.0003172896282205351
22.404,0.00036411020234075077,0.0003171018324657095
22.406,0.00036395908590276403,0.00031691459701849075
22.408,0.00036381278437926524,0.0003167279202071445
22.41,0.00036367073078586435,0.0003165418003649243
22.412,0.0003635323639855049,0.00031635623583005633
22.414,0.0003633971291755609,0.0003161712249457251
22.416,0.00036326447837091663,0.00031598676606005825
22.418,0.0003631338708734582,0.00031580285752611203
22.42,0.0003630047737184682,0.0003156194977018565
22.422,0.00036287666208994617,0.0003154366849501609
22.424,0.0003627490196994949,0.00031525441763877887
22.426,0.00036262133912712556,0.0003150726941403342
22.428,0.00036249312212587243,0.000314891512832306
22.43,0.00036236387989586205,0.00031471087209701445
22.432,0.00036223313333587527,0.00031453077032160613
22.434,0.0003621004132819766,0.0003143512058980398
22.436,0.0003619652607425855,0.000314172177223072
22.438,0.0003618272271374498,0.00031399368269824254
22.44,0.00036168587454512413,0.0003138157207298606
22.442,0.00036154077595960824,0.00031363828972899024
22.444,0.00036139151555268114,0.00031346138811143623
22.446,0.0003612376889350756,0.00031328501429772994
22.448,0.00036107890340743987,0.00031310916671311526
22.45,0.00036091477819111533,0.0003129338437875346
22.452,0.0003607449446300173,0.0003127590439556146
22.454,0.00036056904635725623,0.0003125847656566526
22.456,0.00036038673942372535,0.00031241100733460223
22.458,0.0003601976923894687,0.00031223776743805997
22.46,0.00036000158638221274,0.00031206504442025083
22.462,0.00035979811512965357,0.00031189283673901496
22.464,0.00035958698497327553,0.0003117211428567936
22.466,0.0003593679148711753,0.0003115499612406155
22.468,0.00035914063639587847,0.0003113792903620831
22.47,0.00035890489373119913,0.0003112091286973591
22.472,0.000358660443669465,0.00031103947472715265
22.474,0.0003584070556083287,0.0003108703269367059
22.476,0.0003581445115445916,0.00031070168381578035
22.478,0.00035787260606113196,0.0003105335438586435
22.48,0.0003575911463027471,0.0003103659055640554
22.482,0.0003572999519368108,0.0003101987674352551
22.484,0.0003569988550953074,0.0003100321279799474
22.486,0.0003566877002959116,0.00030986598571028964
22.488,0.0003563663443410651,0.0003097003391428782
22.49,0.00035603465619533285,0.00030953518679873533
22.492,0.0003556925168427718,0.000309370527203296
22.494,0.0003553398191270489,0.00030920635888639464
22.496,0.0003549764675780112,0.0003090426803822521
22.498,0.0003546023782287384,0.00030887949022946257
22.5,0.00035421747842676233,0.0003087167869709804
22.502,0.00035382170664276865,0.00030855456915410725
22.504,0.00035341501227860456,0.00030839283533047905
22.506,0.00035299735547522914,0.00030823158405605304
22.508,0.00035256870691981255,0.00030807081389109495
22.51,0.0003521290476498997,0.0003079105234001661
22.512,0.0003516783688519732,0.0003077507111521105
22.514,0.00035121667165138366,0.0003075913757200422
22.516,0.0003507439668910533,0.00030743251568133266
22.518,0.0003502602748971678,0.00030727412961759765
22.52,0.0003497656252310697,0.000307116216114685
22.522,0.0003492600564278739,0.0003069587737626617
22.524,0.0003487436157232025,0.0003068018011558016
22.526,0.0003482163587704011,0.0003066452968925724
22.528,0.00034767834935094366,0.00030648925957562365
22.53,0.00034712965908096374,0.00030633368781177395
22.532,0.00034657036711649723,0.00030617858021199856
22.534,0.0003460005598599054,0.0003060239353914171
22.536,0.0003454203306690848,0.000305869751969281
22.538,0.00034482977957081627,0.0003057160285689615
22.54,0.0003442290129786909,0.000305562763817937
22.542,0.0003436181434154975,0.000305409956347781
22.544,0.00034299728923944245,0.0003052576047941498
22.546,0.0003423665743725474,0.0003051057077967704
22.548,0.0003417261280295832,0.00030495426399942835
22.55,0.0003410760844450859,0.0003048032720499555
22.552,0.000340416582596342,0.0003046527306002181
22.554,0.0003397477659206424,0.00030450263830610465
22.556,0.00033906978202597496,0.000304352993827514
22.558,0.0003383827823960248,0.0003042037958283433
22.56,0.0003376869220919189,0.00030405504297647607
22.562,0.0003369823594550125,0.00030390673394377034
22.564,0.0003362692558163006,0.00030375886740604684
22.566,0.00033554777521871925,0.00030361144204307713
22.568,0.00033481808415795417,0.0003034644565385717
22.57,0.00033408035134568036,0.0003033179095801684
22.572,0.000333334747496276,0.0003031717998594206
22.574,0.00033258144513458596,0.00030302612607178563
22.576,0.00033182061841864244,0.00030288088691661296
22.578,0.0003310524429685397,0.00030273608109713276
22.58,0.0003302770956911098,0.00030259170732044424
22.582,0.00032949475459067434,0.00030244776429750404
22.584,0.00032870559855875393,0.00030230425074311484
22.586,0.0003279098071398782,0.0003021611653759138
22.588,0.00032710756027622053,0.00030201850691836127
22.59,0.0003262990380390921,0.0003018762740967291
22.592,0.0003254844203597523,0.0003017344656410896
22.594,0.00032466388677428,0.0003015930802853039
22.596,0.0003238376161967465,0.0003014521167670109
22.598,0.00032300578673183096,0.00030131157382761576
22.6,0.0003221685755322783,0.00030117145021227884
22.602,0.00032132615870011537,0.0003010317446699045
22.604,0.00032047871122342273,0.00030089245595312983
22.606,0.00031962640693533525,0.0003007535828183135
22.608,0.0003187694184790542,0.0003006151240255247
22.61,0.00031790791726310844,0.0003004770783385323
22.612,0.00031704207339461793,0.0003003394445247932
22.614,0.0003161720555845565,0.0003002022213554421
22.616,0.0003152980310264029,0.00030006540760528
22.618,0.00031442016525666283,0.0002999290020527633
22.62,0.00031353862201148966,0.00029979300347999306
22.622,0.00031265356309605294,0.00029965741067270417
22.624,0.00031176514828283944,0.00029952222242025434
22.626,0.0003108735352509663,0.0002993874375156133
22.628,0.00030997887957247034,0.0002992530547553521
22.63,0.0003090813347441655,0.00029911907293963234
22.632,0.0003081810522567617,0.0002989854908721955
22.634,0.00030727818168801974,0.00029885230736035223
22.636,0.00030637287080438846,0.0002987195212149716
22.638,0.000305465265656244,0.0002985871312504706
22.64,0.0003045555106555874,0.00029845513628480363
22.642,0.00030364374862998345,0.0002983235351394517
22.644,0.0003027301208526593,0.00029819232663941215
22.646,0.0003018147670537237,0.000298061509613188
22.648,0.0003008978254212297,0.0002979310828927775
22.65,0.0002999794326022422,0.000297801045313664
22.652,0.00029905972371364106,0.000297671395714805
22.654,0.00029813883237018047,0.0002975421329386223
22.656,0.0002972168907343969,0.0002974132558309912
22.658,0.00029629402958970276,0.0002972847632412308
22.66,0.00029537037843562625,0.0002971566540220931
22.662,0.0002944460656023563,0.0002970289270297531
22.664,0.0002935212183811343,0.00029690158112379857
22.666,0.0002925959631669713,0.00029677461516721976
22.668,0.00029167042561034737,0.00029664802802639934
22.67,0.00029074473077496296,0.00029652181857110223
22.672,0.00028981900329858083,0.0002963959856744655
22.674,0.0002888933675539033,0.0002962705282129884
22.676,0.0002879679478062704,0.0002961454450665221
22.678,0.0002870428683652934,0.00029602073511826
22.68,0.0002861182537281146,0.00029589639725472757
22.682,0.0002851942287134926,0.0002957724303657724
22.684,0.00028427091858768263,0.00029564883334455436
22.686,0.0002833484491851463,0.00029552560508753573
22.688,0.0002824269470287392,0.00029540274449447123
22.69,0.00028150653945502546,0.00029528025046839833
22.692,0.00028058735475011367,0.00029515812191562734
22.694,0.00027966952229999364,0.0002950363577457318
22.696,0.00027875317275698853,0.0002949149568715385
22.698,0.000277838438220829,0.0002947939182091181
22.7,0.0002769254524298972,0.00029467324067777514
22.702,0.00027601435095574514,0.00029455292320003856
22.704,0.0002751052713924614,0.0002944329647016521
22.706,0.00027419835353282196,0.0002943133641115645
22.708,0.00027329373952434836,0.0002941941203619203
22.71,0.0002723915740013492,0.00029407523238804997
22.712,0.00027149200419234983,0.00029395669912846053
22.714,0.0002705951800061576,0.00029383851952482603
22.716,0.0002697012541027929,0.00029372069252197827
22.718,0.00026881038195776443,0.00029360321706789716
22.72,0.0002679227219287567,0.00029348609211370146
22.722,0.00026703843533270477,0.0002933693166136393
22.724,0.00026615768653878393,0.000293252889525079
22.726,0.00026528064307886816,0.00029313680980849966
22.728,0.0002644074757731348,0.0002930210764274819
22.73,0.00026353835886402043,0.0002929056883486985
22.732,0.00026267347014923643,0.00029279064454190544
22.734,0.000261812991102637,0.0002926759439799324
22.736,0.00026095710697269196,0.00029256158563867383
22.738,0.00026010600685055747,0.00029244756849707964
22.74,0.000259259883703769,0.0002923338915371461
22.742,0.0002584189343764816,0.00029222055374390695
22.744,0.00025758335956179655,0.00029210755410542403
22.746,0.00025675336375558726,0.0002919948916127785
22.748,0.0002559291552030323,0.0002918825652600617
22.75,0.0002551109458489634,0.0002917705740443662
22.752,0.0002542989513005854,0.0002916589169657768
22.754,0.00025349339080689534,0.00029154759302736167
22.756,0.0002526944872539022,0.00029143660123516344
22.758,0.0002519024671694594,0.00029132594059819037
22.76,0.0002511175607275055,0.0002912156101284074
22.762,0.0002503400017391511,0.0002911056088407273
22.764,0.0002495700276183026,0.00029099593575300205
22.766,0.00024880787931217226,0.0002908865898860139
22.768,0.0002480538011914526,0.00029077757026346675
22.77,0.00024730804090071837,0.00029066887591197734
22.772,0.0002465708491750649,0.0002905605058610666
22.774,0.0002458424796335158,0.00029045245914315103
22.776,0.0002451231885620968,0.00029034473479353396
22.778,0.0002444132346993538,0.000290237331850397
22.78,0.00024371287903439778,0.0002901302493547914
22.782,0.00024302238462310666,0.0002900234863506296
22.784,0.00024234201642253943,0.00028991704188467666
22.786,0.00024167204113794354,0.00028981091500654156
22.788,0.00024101272707286478,0.000289705104768669
22.79,0.00024036434397023643,0.0002895996102263308
22.792,0.00023972716283275928,0.0002894944304376174
22.794,0.00023910145571330336,0.0002893895644634296
22.796,0.00023848749547032938,0.00028928501136747003
22.798,0.00023788555548860088,0.0002891807702162349
22.8,0.000237295909370451,0.0002890768400790056
22.802,0.0002367188306071054,0.0002889732200278404
22.804,0.00023615459224162383,0.00028886990913756626
22.806,0.00023560346653527078,0.0002887669064857704
22.808,0.0002350657246470666,0.00028866421115279214
22.81,0.00023454163633240116,0.00028856182222171476
22.812,0.00023403146966183546,0.00028845973877835725
22.814,0.00023353549075612193,0.0002883579599112662
22.816,0.00023305396352922385,0.00028825648471170743
22.818,0.00023258714942822086,0.0002881553122736582
22.82,0.00023213530715835698,0.00028805444169379904
22.822,0.0002316986923829271,0.0002879538720715055
22.824,0.00023127755739115596,0.00028785360250884026
22.826,0.00023087215073244028,0.00028775363211054513
22.828,0.0002304827168207811,0.000287653959984033
22.83,0.00023010949551864588,0.0002875545852393798
22.832,0.00022975272171319664,0.00028745550698931673
22.834,0.00022941262489965865,0.0002873567243492223
22.836,0.00022908942878542337,0.0002872582364371143
22.838,0.00022878335092525514,0.0002871600423736419
22.84,0.00022849460239224165,0.0002870621412820781
22.842,0.00022822338748288687,0.0002869645322883116
22.844,0.00022796990344841706,0.0002868672145208391
22.846,0.00022773434023968248,0.0002867701871107575
22.848,0.00022751688025073944,0.00028667344919175626
22.85,0.00022731769804688992,0.0002865769999001094
22.852,0.00022713696006651982,0.00028648083837466817
22.854,0.00022697482429201316,0.00028638496375685296
22.856,0.00022683143989200543,0.00028628937519064587
22.858,0.00022670694684396008,0.000286194071822583
22.86,0.00022660147555159045,0.00028609905280174697
22.862,0.0002265151464738741,0.000286004317279759
22.864,0.00022644806978231198,0.00028590986441077174
22.866,0.00022640034505917543,0.0002858156933514613
22.868,0.00022637206104357272,0.0002857218032610201
22.87,0.0002263632954246813,0.00028562819330114913
22.872,0.0002263741146743014,0.00028553486263605053
22.874,0.0002264045739048607,0.0002854418104324201
22.876,0.00022645471673576035,0.00028534903585944
22.878,0.0002265245751507529,0.00028525653808877103
22.88,0.00022661416933222563,0.0002851643162945456
22.882,0.00022672350746405883,0.00028507236965336004
22.884,0.00022685258550255742,0.00028498069734426756
22.886,0.00022700138692277697,0.0002848892985487706
22.888,0.00022716988245465248,0.00028479817245081367
22.89,0.00022735802982797536,0.00028470731823677616
22.892,0.00022756577354648616,0.00028461673509546493
22.894,0.0002277930447090948,0.0002845264222181071
22.896,0.00022803976089054542,0.00028443637879834284
22.898,0.00022830582608586905,0.0002843466040322182
22.9,0.00022859113071386247,0.000284257097118178
22.902,0.00022889555166670148,0.00028416785725705835
22.904,0.00022921895238677583,0.00028407888365207995
22.906,0.00022956118294949277,0.0002839901755088407
22.908,0.00022992208013253957,0.0002839017320353087
22.91,0.00023030146745741807,0.0002838135524418151
22.912,0.000230699155197598,0.0002837256359410472
22.914,0.0002311149403567176,0.0002836379817480412
22.916,0.00023154860662913537,0.00028355058908017546
22.918,0.00023199992436111024,0.0002834634571571633
22.92,0.00023246865053357782,0.00028337658520104605
22.922,0.00023295452878565966,0.00028328997243618625
22.924,0.0002334572894930129,0.0002832036180892606
22.926,0.000233976649907207,0.00028311752138925305
22.928,0.00023451231435393612,0.00028303168156744804
22.93,0.00023506397448012518,0.0002829460978574235
22.932,0.00023563130953451115,0.00028286076949504403
22.934,0.00023621398666420396,0.0002827756957184542
22.936,0.00023681166121080228,0.0002826908757680715
22.938,0.00023742397699321745,0.0002826063088865798
22.94,0.00023805056657026028,0.00028252199431892254
22.942,0.0002386910514818473,0.0002824379313122959
22.944,0.0002393450424733887,0.00028235411911614215
22.946,0.0002400121397119095,0.00028227055698214285
22.948,0.0002406919330046377,0.00028218724416421233
22.95,0.00024138400203110272,0.00028210417991849095
22.952,0.00024208791659843868,0.00028202136350333835
22.954,0.00024280323692716665,0.00028193879417932703
22.956,0.00024352951397160454,0.00028185647120923556
22.958,0.00024426628977594384,0.0002817743938580422
22.96,0.00024501309786414244,0.0002816925613929181
22.962,0.00024576946365926746,0.00028161097308322094
22.964,0.0002465349049263432,0.00028152962820048835
22.966,0.00024730893223171805,0.0002814485260184314
22.968,0.000248091049411689,0.00028136766581292804
22.97,0.00024888075404392093,0.00028128704686201684
22.972,0.00024967753791611444,0.00028120666844589037
22.974,0.0002504808874883244,0.0002811265298468887
22.976,0.000251290284347093,0.0002810466303494933
22.978,0.00025210520565173194,0.0002809669692403204
22.98,0.00025292512457458414,0.0002808875458081146
22.982,0.0002537495107385013,0.0002808083593437426
22.984,0.00025457783065551586,0.000280729409140187
22.986,0.0002554095481707672,0.00028065069449253983
22.988,0.00025624412491546207,0.0002805722146979961
22.99,0.0002570810207717976,0.00028049396905584803
22.992,0.00025791969435183835,0.00028041595686747816
22.994,0.0002587596034908929,0.00028033817743635357
22.996,0.00025960020575474963,0.0002802606300680195
22.998,0.0002604409589587332,0.00028018331407009327
23.0,0.00026128132169512847,0.00028010622875225777
23.002,0.00026212075386474766,0.0002800293734262557
23.004,0.0002629587172076443,0.00027995274740588315
23.006,0.0002637946758280084,0.00027987635000698366
23.008,0.00026462809670893246,0.000279800180547442
23.01,0.0002654584502138981,0.000279724238347178
23.012,0.000266285210573848,0.0002796485227281407
23.014,0.00026710785636053006,0.00027957303301430204
23.016,0.0002679258709488874,0.0002794977685316511
23.018,0.00026873874297261873,0.00027942272860818787
23.02,0.0002695459667777135,0.0002793479125739173
23.022,0.00027034704287839294,0.00027927331976084337
23.024,0.00027114147841869217,0.0002791989495029631
23.026,0.00027192878764088177,0.0002791248011362606
23.028,0.00027270849235974865,0.0002790508739987011
23.03,0.0002734801224394448,0.0002789771674302251
23.032,0.00027424321626826086,0.0002789036807727425
23.034,0.0002749973212255337,0.0002788304133701266
23.036,0.0002757419941353537,0.00027875736456820833
23.038,0.00027647680170266807,0.0002786845337147705
23.04,0.0002772013209289906,0.00027861192015954167
23.042,0.0002779151395070342,0.0002785395232541908
23.044,0.0002786178561955854,0.00027846734235232104
23.046,0.0002793090811772692,0.0002783953768094642
23.048,0.0002799884364030823,0.00027832362598307486
23.05,0.00028065555592755013,0.00027825208923252484
23.052,0.0002813100862379012,0.0002781807659190972
23.054,0.00028195168657956405,0.0002781096554059807
23.056,0.0002825800292786444,0.00027803875705826415
23.058,0.00028319480006064,0.00027796807024293063
23.06,0.00028379569836295583,0.0002778975943288519
23.062,0.00028438243763791713,0.00027782732868678273
23.064,0.00028495474564233067,0.00027775727268935537
23.066,0.0002855123647098723,0.00027768742571107385
23.068,0.00028605505200315966,0.00027761778712830846
23.07,0.0002865825797435156,0.00027754835631929007
23.072,0.00028709473541783183,0.00027747913266410476
23.074,0.0002875913219630728,0.0002774101155446881
23.076,0.0002880721579302045,0.00027734130434481976
23.078,0.0002885370776298005,0.000277272698450118
23.08,0.0002889859312617853,0.00027720429724803415
23.082,0.0002894185850314435,0.000277136100127847
23.084,0.00028983492125301966,0.0002770681064806577
23.086,0.0002902348384414207,0.0002770003156993839
23.088,0.0002906182513915288,0.00027693272717875474
23.09,0.0002909850912439137,0.00027686534031530507
23.092,0.0002913353055350314,0.00027679815450737036
23.094,0.00029166885823005243,0.00027673116915508117
23.096,0.0002919857297361351,0.00027666438366035786
23.098,0.0002922859168948535,0.00027659779742690517
23.1,0.00029256943295261854,0.00027653140986020697
23.102,0.00029283630750914086,0.0002764652203675209
23.104,0.0002930865864447719,0.0002763992283578731
23.106,0.00029332033182839193,0.0002763334332420531
23.108,0.0002935376218084547,0.0002762678344326082
23.11,0.00029373855048999824,0.0002762024313438385
23.112,0.0002939232278005156,0.0002761372233917916
23.114,0.0002940917793468469,0.0002760722099942573
23.116,0.00029424434626401316,0.0002760073905707627
23.118,0.0002943810850555289,0.0002759427645425665
23.12,0.00029450216742276183,0.0002758783313326544
23.122,0.00029460778007994113,0.00027581409036573354
23.124,0.00029469812455042995,0.00027575004106822755
23.126,0.0002947734169403706,0.00027568618286827134
23.128,0.0002948338876869408,0.0002756225151957061
23.13,0.0002948797812806012,0.000275559037482074
23.132,0.000294911355962946,0.00027549574916061354
23.134,0.00029492888340404855,0.00027543264966625394
23.136,0.0002949326483645713,0.0002753697384356105
23.138,0.0002949229483479918,0.0002753070149069793
23.14,0.00029490009324741127,0.0002752444785203326
23.142,0.00029486440498923165,0.00027518212871731324
23.144,0.00029481621717337563,0.0002751199649412302
23.146,0.00029475587470727786,0.0002750579866370533
23.148,0.0002946837334292248,0.0002749961932514084
23.15,0.0002946001597161781,0.00027493458423257227
23.152,0.0002945055300722673,0.000274873159030468
23.154,0.00029440023069625637,0.0002748119170966598
23.156,0.000294284657029055,0.0002747508578843482
23.158,0.0002941592132849267,0.0002746899808483651
23.16,0.0002940243119718505,0.00027462928544516905
23.162,0.0002938803734069761,0.0002745687711328403
23.164,0.0002937278252320254,0.0002745084373710759
23.166,0.0002935671019314014,0.0002744482836211851
23.168,0.00029339864435268406,0.00027438830934608415
23.17,0.00029322289922649946,0.00027432851401029196
23.172,0.0002930403186806146,0.00027426889707992503
23.174,0.00029285135974259737,0.0002742094580226928
23.176,0.00029265648382615305,0.00027415019630789265
23.178,0.00029245615619880375,0.00027409111140640565
23.18,0.00029225084543180787,0.0002740322027906914
23.182,0.0002920410228367529,0.00027397346993478347
23.184,0.0002918271618961874,0.0002739149123142847
23.186,0.00029160973769727877,0.00027385652940636255
23.188,0.000291389226377192,0.0002737983206897444
23.19,0.0002911661045871257,0.0002737402856447129
23.192,0.0002909408489783532,0.0002736824237531014
23.194,0.00029071393570931207,0.00027362473449828905
23.196,0.000290485839968762,0.0002735672173651966
23.198,0.0002902570355063428,0.00027350987184028146
23.2,0.00029002799416054603,0.00027345269741153335
23.202,0.0002897991853742461,0.00027339569356846954
23.204,0.0002895710756905282,0.0002733388598021304
23.206,0.00028934412822562096,0.00027328219560507485
23.208,0.0002891188021208984,0.0002732257004713758
23.21,0.00028889555198081577,0.0002731693738966157
23.212,0.000288674827307611,0.00027311321537788183
23.214,0.0002884570719457301,0.0002730572244137621
23.216,0.00028824272354871484,0.0002730014005043404
23.218,0.00028803221307872645,0.0002729457431511922
23.22,0.00028782596434460007,0.00027289025185738
23.222,0.00028762439357893127,0.00027283492612744894
23.224,0.0002874279090493479,0.0002727797654674225
23.226,0.00028723691069465593,0.0002727247693847979
23.228,0.00028705178977407966,0.0002726699373885419
23.23,0.000286872928517384,0.00027261526898908625
23.232,0.0002867006997656677,0.0002725607636983233
23.234,0.0002865354665961927,0.00027250642102960186
23.236,0.0002863775819295765,0.00027245224049772255
23.238,0.00028622738812272646,0.0002723982216189338
23.24,0.00028608521655523864,0.00027234436391092726
23.242,0.00028595138721999484,0.0002722906668928336
23.244,0.0002858262083299222,0.00027223713008521825
23.246,0.0002857099759520009,0.00027218375301007704
23.248,0.0002856029736769697,0.000272130535190832
23.25,0.00028550547232956915,0.0002720774761523271
23.252,0.000285417729719263,0.000272024575420824
23.254,0.00028533999042749806,0.0002719718325239977
23.256,0.000285272485623727,0.0002719192469909325
23.258,0.0002852154329005438,0.00027186681835211774
23.26,0.0002851690361181089,0.00027181454613944356
23.262,0.00028513348524943164,0.0002717624298861968
23.264,0.00028510895622152124,0.0002717104691270567
23.266,0.00028509561075124214,0.0002716586633980909
23.268,0.00028509359617940835,0.0002716070122367512
23.27,0.0002851030453100142,0.00027155551518186953
23.272,0.00028512407626409675,0.00027150417177365367
23.274,0.00028515679235782546,0.00027145298155368326
23.276,0.0002852012820131756,0.00027140194406490573
23.278,0.0002852576187058965,0.0002713510588516321
23.28,0.00028532586095135015,0.000271300325459533
23.282,0.000285406052324413,0.00027124974343563466
23.284,0.000285498221505963,0.00027119931232831476
23.286,0.0002856023823464793,0.00027114903168729844
23.288,0.000285718533937471,0.00027109890106365424
23.29,0.00028584666068320555,0.0002710489200097902
23.292,0.00028598673236870795,0.00027099908807944983
23.294,0.00028613870422417313,0.00027094940482770796
23.296,0.0002863025169895471,0.00027089986981096697
23.298,0.0002864780969860769,0.00027085048258695276
23.3,0.00028666535620256996,0.00027080124271471084
23.302,0.0002868641924037332,0.0002707521497546023
23.304,0.00028707448926568765,0.00027070320326829994
23.306,0.0002872961165409348,0.00027065440281878435
23.308,0.0002875289302515068,0.00027060574797034
23.31,0.00028777277290630005,0.0002705572382885514
23.312,0.0002880274737365854,0.00027050887334029925
23.314,0.000288292848943095,0.00027046065269375634
23.316,0.0002885687019486094,0.00027041257591838393
23.318,0.0002888548236516388,0.00027036464258492786
23.32,0.00028915099267896974,0.0002703168522654147
23.322,0.0002894569756374349,0.0002702692045331479
23.324,0.00028977252736710283,0.000270221698962704
23.326,0.00029009739119977387,0.0002701743351299289
23.328,0.00029043129922726293,0.0002701271126119338
23.33,0.00029077397258376464,0.0002700800309870919
23.332,0.0002911251217455995,0.00027003308983503425
23.334,0.0002914844468501552,0.00026998628873664603
23.336,0.00029185163803404225,0.000269939627274063
23.338,0.00029222637578860605,0.00026989310503066765
23.34,0.00029260833132954716,0.00026984672159108546
23.342,0.00029299716697622264,0.0002698004765411812
23.344,0.00029339253653597777,0.0002697543694680553
23.346,0.0002937940856889856,0.00026970839996004014
23.348,0.0002942014523701211,0.0002696625676066963
23.35,0.0002946142671455091,0.0002696168719988089
23.352,0.0002950321535831519,0.0002695713127283841
23.354,0.0002954547286183314,0.0002695258893886453
23.356,0.0002958816029158594,0.0002694806015740296
23.358,0.00029631238123187215,0.00026943544888018405
23.36,0.000296746662778296,0.00026939043090396225
23.362,0.0002971840415924245,0.0002693455472434205
23.364,0.0002976241069135813,0.0002693007974978144
23.366,0.0002980664435674512,0.0002692561812675952
23.368,0.0002985106323576291,0.00026921169815440635
23.37,0.0002989562504627169,0.00026916734776107965
23.372,0.0002994028718366462,0.000269123129691632
23.374,0.00029985006760951456,0.00026907904355126175
23.376,0.0003002974064863732,0.0002690350889463452
23.378,0.0003007444551419538,0.00026899126548443294
23.38,0.0003011907786101193,0.00026894757277424666
23.382,0.00030163594066772727,0.00026890401042567534
23.384,0.0003020795042133679,0.00026886057804977195
23.386,0.00030252103164199495,0.00026881727525874985
23.388,0.0003029600852165422,0.0002687741016659795
23.39,0.00030339622743735714,0.0002687310568859849
23.392,0.00030382902140984447,0.00026868814053444004
23.394,0.00030425803120978125,0.0002686453522281657
23.396,0.00030468282224545024,0.0002686026915851259
23.398,0.0003051029616149506,0.0002685601582244245
23.4,0.0003055180184574939,0.0002685177517663017
23.402,0.0003059275642975569,0.0002684754718321309
23.404,0.00030633117338180047,0.0002684333180444151
23.406,0.00030672842300949113,0.00026839129002678355
23.408,0.00030711889385796464,0.0002683493874039886
23.41,0.0003075021703052073,0.000268307609801902
23.412,0.0003078778407515121,0.00026826595684751193
23.414,0.0003082454979414035,0.0002682244281689193
23.416,0.00030860473928598684,0.00026818302339533473
23.418,0.0003089551671842949,0.00026814174215707517
23.42,0.0003092963893409525,0.0002681005840855604
23.422,0.0003096280190767794,0.00026805954881331013
23.424,0.00030994967562851685,0.00026801863597394025
23.426,0.00031026098443492255,0.0002679778452021599
23.428,0.00031056157740766416,0.0002679371761337681
23.43,0.0003108510931872328,0.0002678966284056505
23.432,0.00031112917738595493,0.00026785620165577613
23.434,0.00031139548282128784,0.0002678158955231942
23.436,0.000311649669743197,0.0002677757096480308
23.438,0.0003118914060589021,0.0002677356436714858
23.44,0.00031212036755720417,0.00026769569723582954
23.442,0.0003123362381328807,0.00026765586998439973
23.444,0.000312538710010256,0.00026761616156159817
23.446,0.0003127274839638274,0.0002675765716128876
23.448,0.00031290226953355053,0.0002675370997847887
23.45,0.0003130627852329754,0.0002674977457248766
23.452,0.0003132087587492925,0.0002674585090817781
23.454,0.0003133399271360169,0.00026741938950516816
23.456,0.00031345603699985407,0.00026738038664576717
23.458,0.0003135568446838735,0.00026734150015533754
23.46,0.00031364211644867887,0.0002673027296866807
23.462,0.00031371162865201477,0.0002672640748936339
23.464,0.00031376516792560867,0.0002672255354310673
23.466,0.000313802531346237,0.0002671871109548808
23.468,0.0003138235265970152,0.0002671488011220009
23.47,0.000313827972114658,0.00026711060559037774
23.472,0.00031381569721955347,0.0002670725240189819
23.474,0.0003137865422274112,0.00026703455606780154
23.476,0.00031374035854386166,0.0002669967013978393
23.478,0.0003136770087458749,0.00026695895967110926
23.48,0.0003135963666557154,0.00026692133055063384
23.482,0.0003134983174135073,0.0002668838137004409
23.484,0.0003133827575539427,0.0002668464087855607
23.486,0.0003132495950903423,0.0002668091154720229
23.488,0.00031309874960655623,0.00026677193342685367
23.49,0.00031293015235417604,0.0002667348623180726
23.492,0.0003127437463503897,0.00026669790181468975
23.494,0.0003125394864705074,0.0002666610515867027
23.496,0.0003123173395296458,0.0002666243113050937
23.498,0.00031207728434964557,0.00026658768064182663
23.5,0.00031181931180964095,0.0002665511592698441
23.502,0.00031154342488150905,0.0002665147468630645
23.504,0.0003112496386532507,0.00026647844309637915
23.506,0.0003109379803446563,0.00026644224764564936
23.508,0.00031060848931911857,0.0002664061601877035
23.51,0.0003102612170940987,0.0002663701804003342
23.512,0.00030989622735066324,0.00026633430796229544
23.514,0.0003095135959400267,0.00026629854255329964
23.516,0.0003091134108836411,0.00026626288385401485
23.518,0.00030869577236239127,0.00026622733154606183
23.52,0.00030826079269147364,0.00026619188531201135
23.522,0.00030780859627903566,0.00026615654483538116
23.524,0.00030733931956945847,0.0002661213098006333
23.526,0.0003068531109746835,0.0002660861798931713
23.528,0.0003063501307991314,0.00026605115479933725
23.53,0.0003058305511647601,0.00026601623420640914
23.532,0.00030529455594224814,0.00026598141780259795
23.534,0.0003047423406926002,0.0002659467052770449
23.536,0.00030417411262029194,0.00026591209631981875
23.538,0.00030359009053575,0.00026587759062191284
23.54,0.0003029905048216194,0.00026584318787524263
23.542,0.00030237559739467135,0.0002658088877726427
23.544,0.0003017456216543171,0.00026577469000786414
23.546,0.00030110084240904964,0.00026574059427557166
23.548,0.0003004415357743612,0.00026570660027134104
23.55,0.00029976798903920887,0.00026567270769165636
23.552,0.0002990805005020421,0.0002656389162339072
23.554,0.0002983793792818387,0.0002656052255963861
23.556,0.0002976649451126846,0.0002655716354782857
23.558,0.0002969375281325552,0.0002655381455796961
23.56,0.0002961974686771083,0.0002655047556016023
23.562,0.0002954451170874591,0.0002654714652458814
23.564,0.0002946808335375119,0.00026543827421530005
23.566,0.000293904987882025,0.0002654051822135116
23.568,0.00029311795952164553,0.00026537218894505366
23.57,0.0002923201372770182,0.0002653392941153454
23.572,0.0002915119192611532,0.00026530649743068473
23.574,0.000290693712738342,0.00026527379859824613
23.576,0.0002898659339590408,0.00026524119732607756
23.578,0.0002890290079632353,0.0002652086933230981
23.58,0.000288183368349276,0.0002651762862990953
23.582,0.00028732945701006826,0.0002651439759647226
23.584,0.00028646772384317794,0.00026511176203149666
23.586,0.0002855986264444342,0.000265079644211795
23.588,0.00028472262979637933,0.0002650476222188532
23.59,0.00028384020596192253,0.00026501569576676236
23.592,0.0002829518337911965,0.00026498386457046675
23.594,0.0002820579986456473,0.0002649521283457611
23.596,0.0002811591921388567,0.00026492048680928806
23.598,0.00028025591188968527,0.00026488893967853574
23.6,0.00027934866128011737,0.00026485748667183506
23.602,0.00027843794920894005,0.0002648261275083575
23.604,0.0002775242898329644,0.00026479486190811226
23.606,0.00027660820228935103,0.00026476368959194404
23.608,0.00027569021039603565,0.00026473261028153033
23.61,0.00027477084233078035,0.0002647016236993791
23.612,0.00027385063029260794,0.00026467072956882614
23.614,0.00027293011015163174,0.00026463992761403284
23.616,0.0002720098210942975,0.00026460921755998344
23.618,0.00027109030527013207,0.00026457859913248284
23.62,0.0002701721074444563,0.00026454807205815396
23.622,0.000269255774658469,0.0002645176360644354
23.624,0.0002683418558953768,0.00026448729087957893
23.626,0.0002674309017486627,0.00026445703623264715
23.628,0.00026652346408722916,0.000264426871853511
23.63,0.0002656200957120027,0.00026439679747284744
23.632,0.0002647213500000109,0.0002643668128221369
23.634,0.00026382778053429665,0.00026433691763366095
23.636,0.0002629399407210114,0.00026430711164050004
23.638,0.0002620583833980312,0.00026427739457653094
23.64,0.0002611836604413553,0.0002642477661764244
23.642,0.0002603163223763589,0.0002642182261756428
23.644,0.000259456918000107,0.0002641887743104379
23.646,0.00025860599401832877,0.00026415941031784825
23.648,0.00025776409469745925,0.000264130133935697
23.65,0.0002569317615281398,0.0002641009449025896
23.652,0.00025610953289349135,0.00026407184295791137
23.654,0.00025529794373363804,0.0002640428278418252
23.656,0.0002544975251979985,0.0002640138992952691
23.658,0.00025370880427908393,0.00026398505705995426
23.66,0.00025293230342517885,0.0002639563008783623
23.662,0.0002521685401342307,0.0002639276304937432
23.664,0.00025141802653566277,0.00026389904565011314
23.666,0.0002506812689702514,0.00026387054609225186
23.668,0.00024995876757957726,0.00026384213156570063
23.67,0.000249251015915312,0.00026381380181676
23.672,0.00024855850057529244,0.00026378555659248743
23.674,0.0002478817008680248,0.000263757395640695
23.676,0.0002472210885018763,0.0002637293187099472
23.678,0.00024657712729013036,0.0002637013255495588
23.68,0.00024595027286021683,0.0002636734159095925
23.682,0.0002453409723548455,0.00026364558954085663
23.684,0.0002447496641151002,0.0002636178461949031
23.686,0.0002441767773402653,0.00026359018562402506
23.688,0.00024362273172484167,0.0002635626075812547
23.69,0.0002430879370792705,0.000263535111820361
23.692,0.00024257279294550156,0.00026350769809584774
23.694,0.0002420776882209481,0.0002634803661629511
23.696,0.00024160300080389022,0.0002634531157776375
23.698,0.00024114909727042502,0.0002634259466966015
23.7,0.00024071633258789164,0.00026339885867726354
23.702,0.0002403050498636238,0.0002633718514777679
23.704,0.00023991558012235445,0.0002633449248569804
23.706,0.00023954824210111923,0.0002633180785744863
23.708,0.00023920334204893527,0.00026329131239058825
23.71,0.00023888117351889362,0.0002632646260663039
23.712,0.00023858201714359908,0.00026323801936336416
23.714,0.00023830614038957464,0.00026321149204421056
23.716,0.00023805379729171405,0.00026318504387199364
23.718,0.00023782522817394596,0.0002631586746105705
23.72,0.00023762065936608324,0.0002631323840245028
23.722,0.00023744030292874177,0.0002631061718790547
23.724,0.0002372843563978159,0.00026308003794019066
23.726,0.00023715300255808605,0.00026305398197457345
23.728,0.00023704640925161549,0.00026302800374956197
23.73,0.0002369647292227738,0.0002630021030332093
23.732,0.00023690809999733198,0.00026297627959426056
23.734,0.00023687664379005915,0.00026295053320215075
23.736,0.0002368704674331693,0.00026292486362700286
23.738,0.00023688966231751648,0.00026289927063962576
23.74,0.00023693430433913048,0.0002628737540115121
23.742,0.00023700445384556025,0.0002628483135148362
23.744,0.00023710015557857426,0.00026282294892245235
23.746,0.00023722143861213307,0.00026279766000789236
23.748,0.00023736831628635768,0.0002627724465453638
23.75,0.00023754078613928727,0.000262747308309748
23.752,0.00023773882983914324,0.0002627222450765977
23.754,0.00023796241311956426,0.0002626972566221356
23.756,0.00023821148572039468,0.00026267234272325183
23.758,0.00023848598133650997,0.0002626475031575024
23.76,0.00023878581757719476,0.00026262273770310683
23.762,0.00023911089593899927,0.0002625980461389464
23.764,0.00023946110179545374,0.00026257342824456215
23.766,0.0002398363044070048,0.00026254888380015283
23.768,0.00024023635695452872,0.00026252441258657307
23.77,0.00024066109659852416,0.0002625000143853313
23.772,0.00024111034456450364,0.00026247568897858775
23.774,0.00024158390625289648,0.00026245143614915274
23.776,0.00024208157136954537,0.0002624272556804845
23.778,0.00024260311407114007,0.0002624031473566875
23.78,0.00024314829311921732,0.00026237911096251004
23.782,0.0002437168520368526,0.00026235514628334295
23.784,0.00024430851926405774,0.0002623312531052172
23.786,0.0002449230083105397,0.0002623074312148023
23.788,0.0002455600179074624,0.00026228368039940406
23.79,0.0002462192321624273,0.000262260000446963
23.792,0.00024690032072304213,0.00026223639114605234
23.794,0.0002476029389545833,0.00026221285228587615
23.796,0.0002483267281352984,0.00026218938365626737
23.798,0.0002490713156704854,0.00026216598504768597
23.8,0.0002498363153234187,0.00026214265625121714
23.802,0.00025062132745878277,0.0002621193970585694
23.804,0.00025142593929317097,0.0002620962072620727
23.806,0.0002522497251474525,0.00026207308665467664
23.808,0.0002530922466976712,0.00026205003502994856
23.81,0.0002539530532238669,0.00026202705218207167
23.812,0.00025483168185887813,0.0002620041379058433
23.814,0.0002557276578414014,0.000261981291996673
23.816,0.00025664049477831504,0.0002619585142505807
23.818,0.0002575696949205156,0.0002619358044641951
23.82,0.0002585147494547024,0.0002619131624347515
23.822,0.0002594751388110033,0.00026189058796009015
23.824,0.0002604503329837191,0.00026186808083865457
23.826,0.0002614397918613238,0.0002618456408694896
23.828,0.0002624429655612739,0.0002618232678522397
23.83,0.0002634592947663853,0.000261800961587147
23.832,0.0002644882110613217,0.00026177872187504975
23.834,0.000265529137269644,0.0002617565485173803
23.836,0.0002665814877934428,0.0002617344413161636
23.838,0.0002676446689577109,0.0002617124000740151
23.84,0.00026871807936096467,0.00026169042459413933
23.842,0.0002698011102315582,0.0002616685146803279
23.844,0.0002708931457873914,0.00026164667013695773
23.846,0.00027199356359488544,0.0002616248907689896
23.848,0.00027310173492302916,0.00026160317638196617
23.85,0.00027421702508926584,0.0002615815267820101
23.852,0.00027533879379674825,0.0002615599417758227
23.854,0.0002764663954654971,0.00026153842117068195
23.856,0.00027759917956325273,0.0002615169647744408
23.858,0.0002787364909433878,0.00026149557239552544
23.86,0.0002798776701971916,0.0002614742438429338
23.862,0.0002810220540251786,0.00026145297892623355
23.864,0.0002821689756278331,0.0002614317774555606
23.866,0.0002833177651109683,0.00026141063924161733
23.868,0.0002844677498957724,0.00026138956409567084
23.87,0.0002856182551207098,0.00026136855182955145
23.872,0.0002867686040219798,0.00026134760225565083
23.874,0.0002879181182820212,0.0002613267151869204
23.876,0.00028906611834143104,0.00026130589043686967
23.878,0.0002902119236768924,0.0002612851278195646
23.88,0.0002913548530553582,0.0002612644271496258
23.882,0.00029249422478036367,0.0002612437882422271
23.884,0.0002936293569490437,0.00026122321091309373
23.886,0.000294759567736921,0.0002612026949785006
23.888,0.0002958841757220908,0.0002611822402552711
23.89,0.0002970025002520137,0.00026116184656077476
23.892,0.00029811386184658615,0.00026114151371292625
23.894,0.0002992175826224857,0.00026112124153018345
23.896,0.0003003129867177972,0.0002611010298315459
23.898,0.00030139940069463187,0.0002610808784365531
23.9,0.00030247615390041225,0.0002610607871652831
23.902,0.0003035425787758544,0.00026104075583835076
23.904,0.00030459801110757894,0.000261020784276906
23.906,0.0003056417902337328,0.0002610008723026324
23.908,0.0003066732592194621,0.00026098101973774575
23.91,0.000307691765024302,0.00026096122640499207
23.912,0.00030869665868396004,0.0002609414921276463
23.914,0.000309687295524598,0.0002609218167295107
23.916,0.0003106630354199347,0.00026090220003491314
23.918,0.00031162324309172613,0.00026088264186870574
23.92,0.0003125672884443957,0.0002608631420562631
23.922,0.0003134945469174116,0.00026084370042348085
23.924,0.00031440439983513934,0.00026082431679677414
23.926,0.000315296234734459,0.000260804991003076
23.928,0.0003161694456548455,0.00026078572286983574
23.93,0.0003170234333829194,0.0002607665122250176
23.932,0.0003178576056515323,0.0002607473588970991
23.934,0.0003186713773013285,0.0002607282627150694
23.936,0.00031946417041794483,0.00026070922350842805
23.938,0.00032023541446027094,0.00026069024110718315
23.94,0.00032098454639436304,0.0002606713153418501
23.942,0.0003217110108436666,0.0002606524460434499
23.944,0.00032241426026106935,0.0002606336330435078
23.946,0.00032309375512256543,0.0002606148761740516
23.948,0.00032374896413785306,0.0002605961752676104
23.95,0.0003243793644703376,0.00026057753015721284
23.952,0.0003249844419586184,0.00026055894067638583
23.954,0.00032556369133287193,0.0002605404066591529
23.956,0.00032611661642220434,0.0002605219279400328
23.958,0.0003266427303520462,0.00026050350435403806
23.96,0.00032714155573283896,0.0002604851357366734
23.962,0.00032761262484224085,0.00026046682192393435
23.964,0.0003280554798026647,0.0002604485627523058
23.966,0.00032846967275414825,0.00026043035805876046
23.968,0.0003288547660205384,0.0002604122076807575
23.97,0.0003292103322648535,0.00026039411145624094
23.972,0.0003295359546292949,0.0002603760692236384
23.974,0.0003298312268559359,0.0002603580808218596
23.976,0.0003300957533868614,0.00026034014609029483
23.978,0.0003303291494459598,0.0002603222648688135
23.98,0.00033053104110879406,0.000260304436997763
23.982,0.0003307010653699027,0.00026028666231796684
23.984,0.0003308388702187688,0.0002602689406707236
23.986,0.0003309441147348031,0.00026025127189780524
23.988,0.0003310164692090231,0.0002602336558414559
23.99,0.000331055615295049,0.0002602160923443904
23.992,0.00033106124618670607,0.00026019858124979277
23.994,0.00033103306681382937,0.00026018112240131495
23.996,0.00033097079404419073,0.00026016371564307534
23.998,0.0003308741568776518,0.0002601463608196575
24.0,0.00033074289661967605,0.00026012905777610866
24.002,0.00033057676702478187,0.00026011180635793826
24.004,0.0003303755344055945,0.00026009460641111684
24.006,0.0003301389777089526,0.0002600774577820744
24.008,0.0003298668885658565,0.0002600603603176992
24.01,0.00032955907132568016,0.00026004331386533623
24.012,0.000329215343086992,0.00026002631827278606
24.014,0.00032883553373657857,0.00026000937338830325
24.016,0.0003284194860058835,0.0002599924790605952
24.018,0.00032796705555032847,0.0002599756351388206
24.02,0.0003274781110528484,0.00025995884147258835
24.022,0.000326952534348964,0.00025994209791195587
24.024,0.0003263902205680056,0.0002599254043074281
24.026,0.00032579107828322146,0.0002599087605099559
24.028,0.00032515502966303227,0.00025989216637093494
24.03,0.00032448201061625594,0.00025987562174220423
24.032,0.0003237719709251757,0.0002598591264760448
24.034,0.00032302487436189375,0.00025984268042517837
24.036,0.0003222406987850866,0.00025982628344276617
24.038,0.0003214194362158129,0.00025980993538240755
24.04,0.0003205610928929909,0.0002597936360981386
24.042,0.0003196656893105841,0.0002597773854444309
24.044,0.0003187332602406633,0.00025976118327619035
24.046,0.0003177638547478028,0.00025974502944875553
24.048,0.0003167575362016551,0.00025972892381789683
24.05,0.00031571438229504917,0.0002597128662398149
24.052,0.00031463448507422563,0.00025969685657113945
24.054,0.00031351795098631885,0.0002596808946689279
24.056,0.00031236490094635174,0.00025966498039066416
24.058,0.00031117547042256,0.00025964911359425735
24.06,0.0003099498095354786,0.00025963329413804064
24.062,0.00030868808316319573,0.0002596175218807697
24.064,0.00030739047104360435,0.00025960179668162175
24.066,0.0003060571678645446,0.0002595861184001941
24.068,0.000304688383334386,0.0002595704868965031
24.07,0.0003032843422288073,0.00025955490203098246
24.072,0.0003018452844133001,0.0002595393636644826
24.074,0.0003003714648448144,0.000259523871658269
24.076,0.0002988631535586643,0.00025950842587402104
24.078,0.0002973206356482763,0.0002594930261738308
24.08,0.0002957442112448501,0.00025947767242020186
24.082,0.0002941341955020484,0.00025946236447604805
24.084,0.0002924909185878856,0.0002594471022046921
24.086,0.00029081472568268806,0.0002594318854698646
24.088,0.00028910597697943497,0.0002594167141357028
24.09,0.00028736504768105776,0.00025940158806674914
24.092,0.0002855923279893348,0.0002593865071279504
24.094,0.00028378822308102456,0.00025937147118465606
24.096,0.0002819531530688863,0.00025935648010261763
24.098,0.00028008755294747865,0.00025934153374798695
24.1,0.0002781918725254332,0.0002593266319873153
24.102,0.00027626657634673444,0.00025931177468755203
24.104,0.0002743121436036455,0.0002592969617160436
24.106,0.0002723290680428888,0.0002592821929405322
24.108,0.0002703178578655166,0.0002592674682291546
24.11,0.00026827903561956883,0.00025925278745044097
24.112,0.0002662131380841121,0.0002592381504733138
24.114,0.0002641207161434007,0.00025922355716708655
24.116,0.00026200233465081504,0.0002592090074014628
24.118,0.0002598585722836875,0.00025919450104653464
24.12,0.0002576900213914527,0.00025918003797278195
24.122,0.0002554972878403487,0.000259165618051071
24.124,0.00025328099085771797,0.00025915124115265324
24.126,0.0002510417628776775,0.00025913690714916436
24.128,0.00024878024938792935,0.000259122615912623
24.13,0.0002464971087747404,0.00025910836731542967
24.132,0.0002441930121609963,0.00025909416123036556
24.134,0.00024186864323063343,0.0002590799975305914
24.136,0.0002395246980324891,0.0002590658760896464
24.138,0.00023716188475783335,0.00025905179678144713
24.14,0.00023478092348806228,0.00025903775948028627
24.142,0.000232382545912348,0.0002590237640608316
24.144,0.00022996749501801283,0.00025900981039812473
24.146,0.0002275365247593318,0.00025899589836758023
24.148,0.000225090399711944,0.00025898202784498434
24.15,0.0002226298947205553,0.0002589681987064939
24.152,0.00022015579454655947,0.00025895441082863526
24.154,0.0002176688935201936,0.00025894066408830316
24.156,0.00021516999519933906,0.00025892695836275963
24.158,0.00021265991203410617,0.0002589132935296329
24.16,0.00021013946503412227,0.0002588996694669163
24.162,0.0002076094834335862,0.0002588860860529672
24.164,0.00020507080434829783,0.00025887254316650597
24.166,0.00020252427241897165,0.0002588590406866146
24.168,0.00019997073943598426,0.00025884557849273614
24.17,0.0001974110639422606,0.00025883215646467316
24.172,0.00019484611081289387,0.0002588187744825869
24.174,0.00019227675081226833,0.00025880543242699615
24.176,0.00018970386013133134,0.0002587921301787761
24.178,0.0001871283199091738,0.00025877886761915754
24.18,0.0001845510157441033,0.00025876564462972546
24.182,0.0001819728371994708,0.0002587524610924182
24.184,0.00017939467730876141,0.0002587393168895264
24.186,0.00017681743208308213,0.00025872621190369183
24.188,0.0001742420000221075,0.00025871314601790647
24.19,0.00017166928162740683,0.00025870011911551135
24.192,0.0001691001789151865,0.0002586871310801956
24.194,0.0001665355949242551,0.00025867418179599533
24.196,0.00016397643321471757,0.0002586612711472927
24.198,0.000161423597353887,0.0002586483990188148
24.2,0.0001588779903874698,0.00025863556529563263
24.202,0.0001563405142965865,0.0002586227698631601
24.204,0.00015381206944339724,0.00025861001260715305
24.206,0.0001512935540098924,0.0002585972934137081
24.208,0.00014878586343512743,0.0002585846121692618
24.21,0.00014628988985564877,0.0002585719687605894
24.212,0.00014380652155200057,0.0002585593630748041
24.214,0.0001413366424016827,0.00025854679499935586
24.216,0.0001388811313361557,0.00025853426442203043
24.218,0.00013644086179704623,0.00025852177123094835
24.22,0.00013401670118578032,0.00025850931531456404
24.222,0.0001316095103010862,0.00025849689656166463
24.224,0.00012922014276085323,0.0002584845148613691
24.226,0.000126849444408035,0.0002584721701031273
24.228,0.00012449825270412904,0.0002584598621767189
24.23,0.00012216739611724988,0.00025844759097225234
24.232,0.0001198576935144977,0.00025843535638016404
24.234,0.00011756995356889328,0.00025842315829121724
24.236,0.00011530497419023989,0.0002584109965965011
24.238,0.0001130635419860952,0.00025839887118742983
24.24,0.00011084643175478355,0.0002583867819557415
24.242,0.00010865440600746476,0.0002583747287934973
24.244,0.00010648821451192031,0.0002583627115930803
24.246,0.00010434859384756591,0.0002583507302471948
24.248,0.00010223626696016785,0.0002583387846488652
24.25,0.00010015194270559091,0.000258326874691435
24.252,9.80963153751953e-05,0.00025831500026856605
24.254,9.607006419992315e-05,0.0002583031612742374
24.256,9.407385283547577e-05,0.0002582913576027443
24.258,9.210832883582403e-05,0.00025827958914869764
24.26,9.017412312620939e-05,0.00025826785580702254
24.262,8.827184948871419e-05,0.0002582561574729577
24.264,8.640210407345031e-05,0.00025824449404205437
24.266,8.45654649460883e-05,0.0002582328654101755
24.268,8.276249167869809e-05,0.0002582212714734946
24.27,8.099372498600056e-05,0.0002582097121284951
24.272,7.925968640424638e-05,0.0002581981872719692
24.274,7.756087800559613e-05,0.0002581866968010171
24.276,7.589778213813371e-05,0.0002581752406130459
24.278,7.427086118063809e-05,0.0002581638186057689
24.28,7.26805573019193e-05,0.0002581524306772045
24.282,7.112729221728253e-05,0.0002581410767256755
24.284,6.96114669382831e-05,0.0002581297566498079
24.286,6.813346151596087e-05,0.0002581184703485303
24.288,6.669363478182676e-05,0.00025810721772107277
24.29,6.529232409359511e-05,0.0002580959986669661
24.292,6.39298450943079e-05,0.0002580848130860407
24.294,6.260649149343158e-05,0.0002580736608784261
24.296,6.132253487715802e-05,0.00025806254194454955
24.298,6.00782245525018e-05,0.00025805145618513554
24.3,5.887378742691773e-05,0.0002580404035012047
24.302,5.770942792222363e-05,0.00025802938379407297
24.304,5.658532791935021e-05,0.0002580183969653508
24.306,5.55016467289406e-05,0.00025800744291694204
24.308,5.4458521082893305e-05,0.0002579965215510434
24.31,5.3456065142456416e-05,0.0002579856327701432
24.312,5.249437051998066e-05,0.0002579747764770209
24.314,5.157350631339451e-05,0.0002579639525747459
24.316,5.069351915404157e-05,0.0002579531609666769
24.318,4.98544332698714e-05,0.00025794240155646076
24.32,4.905625056675833e-05,0.000257931674248032
24.322,4.829895073076298e-05,0.00025792097894561166
24.324,4.7582491353855924e-05,0.0002579103155537066
24.326,4.6906808084654504e-05,0.0002578996839771086
24.328,4.6271814805008266e-05,0.00025788908412089343
24.33,4.567740383228389e-05,0.00025787851589042013
24.332,4.512344614650686e-05,0.00025786797919133013
24.334,4.460979164090429e-05,0.0002578574739295464
24.336,4.413626939409005e-05,0.00025784700001127246
24.338,4.370268796162922e-05,0.00025783655734299186
24.34,4.330883568474665e-05,0.00025782614583146703
24.342,4.295448101348864e-05,0.0002578157653837387
24.344,4.2639372841974935e-05,0.0002578054159071249
24.346,4.236324085336566e-05,0.0002577950973092201
24.348,4.212579587313264e-05,0.0002577848094978946
24.35,4.192673022999673e-05,0.00025777455238129354
24.352,4.1765718125457866e-05,0.0002577643258678361
24.354,4.164241601409748e-05,0.0002577541298662147
24.356,4.1556462998207014e-05,0.0002577439642853942
24.358,4.150748124088495e-05,0.0002577338290346111
24.36,4.1495076401567786e-05,0.0002577237240233726
24.362,4.1518838096853275e-05,0.00025771364916145605
24.364,4.1578340387450255e-05,0.00025770360435890783
24.366,4.167314228956911e-05,0.0002576935895260428
24.368,4.1802788306177216e-05,0.0002576836045734434
24.37,4.196680897178329e-05,0.00025767364941195887
24.372,4.21647214029221e-05,0.0002576637239527043
24.374,4.23960298470028e-05,0.0002576538281070602
24.376,4.2660226223663806e-05,0.0002576439617866713
24.378,4.295679065548071e-05,0.00025763412490344606
24.38,4.328519198807848e-05,0.0002576243173695557
24.382,4.364488830277549e-05,0.0002576145390974335
24.384,4.403532742699252e-05,0.000257604789999774
24.386,4.445594744866917e-05,0.00025759506998953235
24.388,4.490617724039778e-05,0.0002575853789799232
24.39,4.5385436997108184e-05,0.0002575757168844203
24.392,4.589313878890768e-05,0.0002575660836167554
24.394,4.6428687127513705e-05,0.00025755647909091786
24.396,4.69914795431746e-05,0.00025754690322115346
24.398,4.7580907167220184e-05,0.0002575373559219639
24.4,4.81963553154842e-05,0.000257527837108106
24.402,4.883720406860941e-05,0.0002575183466945909
24.404,4.95028288465124e-05,0.00025750888459668327
24.406,5.019260097596981e-05,0.00025749945072990073
24.408,5.090588825116561e-05,0.0002574900450100128
24.41,5.164205548770179e-05,0.0002574806673530404
24.412,5.24004650701999e-05,0.0002574713176752549
24.414,5.318047749306528e-05,0.0002574619958931777
24.416,5.3981451892989815e-05,0.0002574527019235791
24.418,5.4802746571221966e-05,0.0002574434356834777
24.42,5.5643719503513595e-05,0.00025743419709013974
24.422,5.650372883628709e-05,0.0002574249860610784
24.424,5.738213336871311e-05,0.0002574158025140528
24.426,5.827829302185376e-05,0.0002574066463670675
24.428,5.91915692972789e-05,0.0002573975175383718
24.43,6.012132572839952e-05,0.0002573884159464587
24.432,6.106692832772058e-05,0.0002573793415100646
24.434,6.202774603211668e-05,0.00025737029414816826
24.436,6.30031511468155e-05,0.00025736127377999017
24.438,6.399251978654428e-05,0.0002573522803249918
24.44,6.499523231036589e-05,0.00025734331370287503
24.442,6.60106737454972e-05,0.0002573343738335812
24.444,6.7038234194767e-05,0.00025732546063729055
24.446,6.807730922312892e-05,0.0002573165740344215
24.448,6.91273002200412e-05,0.0002573077139456299
24.45,7.018761473685678e-05,0.00025729888029180835
24.452,7.125766680054758e-05,0.0002572900729940854
24.454,7.23368772071338e-05,0.000257281291973825
24.456,7.342467379931582e-05,0.0002572725371526256
24.458,7.45204917330763e-05,0.00025726380845231977
24.46,7.56237737370131e-05,0.0002572551057949731
24.462,7.673397036664381e-05,0.00025724642910288385
24.464,7.785054025379162e-05,0.000257237778298582
24.466,7.89729503492741e-05,0.0002572291533048288
24.468,8.010067615554928e-05,0.00025722055404461575
24.47,8.123320194552313e-05,0.0002572119804411643
24.472,8.237002096390113e-05,0.00025720343241792494
24.474,8.351063560857812e-05,0.0002571949098985765
24.476,8.465455759118471e-05,0.0002571864128070255
24.478,8.580130807755847e-05,0.00025717794106740557
24.48,8.695041781023319e-05,0.0002571694946040767
24.482,8.81014272159004e-05,0.00025716107334162444
24.484,8.925388650074211e-05,0.00025715267720485954
24.486,9.040735573608259e-05,0.0002571443061188169
24.488,9.156140493555128e-05,0.00025713596000875513
24.49,9.271561412392643e-05,0.00025712763880015595
24.492,9.386957339649899e-05,0.0002571193424187233
24.494,9.502288296740958e-05,0.0002571110707903828
24.496,9.617515320492179e-05,0.0002571028238412811
24.498,9.732600465215458e-05,0.0002570946014977852
24.5,9.847506803250503e-05,0.00025708640368648177
24.502,9.96219842399878e-05,0.0002570782303341766
24.504,0.00010076640431578828,0.00025707008136789374
24.506,0.00010190798941312069,0.000257061956714875
24.508,0.00010304641075308298,0.0002570538563025794
24.51,0.00010418134957426158,0.0002570457800586822
24.512,0.00010531249707863307,0.0002570377279110746
24.514,0.0001064395543755858,0.0002570296997878629
24.516,0.00010756223242485509,0.0002570216956173678
24.518,0.00010868025197847,0.00025701371532812405
24.52,0.00010979334352034619,0.0002570057588488795
24.522,0.0001109012472017846,0.0002569978261085946
24.524,0.00011200371277057072,0.0002569899170364417
24.526,0.0001131004994914843,0.0002569820315618046
24.528,0.00011419137605661142,0.00025697416961427774
24.53,0.00011527612048489009,0.0002569663311236656
24.532,0.00011635452001149192,0.0002569585160199821
24.534,0.0001174263709689288,0.00025695072423345
24.536,0.00011849147866268092,0.0002569429556945002
24.538,0.00011954965724462082,0.0002569352103337711
24.54,0.00012060072958713763,0.00025692748808210826
24.542,0.00012164452716018542,0.0002569197888705634
24.544,0.0001226808899118243,0.00025691211263039403
24.546,0.00012370966615144618,0.0002569044592930627
24.548,0.00012473071243338923,0.0002568968287902365
24.55,0.00012574389343797718,0.00025688922105378633
24.552,0.00012674908184698747,0.00025688163601578646
24.554,0.00012774615821180556,0.00025687407360851374
24.556,0.00012873501081424503,0.00025686653376444716
24.558,0.000129715535522412,0.00025685901641626707
24.56,0.00013068763564614072,0.0002568515214968547
24.562,0.000131651221797955,0.0002568440489392916
24.564,0.0001326062117658513,0.0002568365986768589
24.566,0.00013355253040290676,0.00025682917064303684
24.568,0.000134490109536207,0.0002568217647715041
24.57,0.00013541888789403032,0.0002568143809961373
24.572,0.00013633881104637167,0.0002568070192510103
24.574,0.0001372498313507938,0.00025679967947039357
24.576,0.00013815190789368372,0.00025679236158875383
24.578,0.00013904500641707493,0.00025678506554075326
24.58,0.00013992909922367808,0.000256777791261249
24.582,0.00014080416505647978,0.0002567705386852925
24.584,0.0001416701889547603,0.00025676330774812914
24.586,0.00014252716209347638,0.0002567560983851973
24.588,0.0001433750816171242,0.0002567489105321281
24.59,0.0001442139504815622,0.0002567417441247447
24.592,0.00014504377731688347,0.0002567345990990617
24.594,0.00014586457632159526,0.00025672747539128466
24.596,0.00014667636719331722,0.0002567203729378095
24.598,0.00014747917509513623,0.0002567132916752218
24.6,0.00014827303065059218,0.0002567062315402964
24.602,0.00014905796995563894,0.00025669919246999685
24.604,0.00014983403459309548,0.00025669217440147464
24.606,0.00015060127163557584,0.00025668517727206886
24.608,0.0001513597336255714,0.00025667820101930557
24.61,0.00015210947852649706,0.0002566712455808972
24.612,0.00015285056964451383,0.000256664310894742
24.614,0.00015358307552704956,0.00025665739689892354
24.616,0.00015430706984852097,0.0002566505035317101
24.618,0.00015502263129630028,0.0002566436307315542
24.62,0.0001557298434698084,0.00025663677843709183
24.622,0.00015642879480287603,0.0002566299465871423
24.624,0.00015711957851486432,0.00025662313512070725
24.626,0.0001578022925902762,0.0002566163439769705
24.628,0.00015847703978120152,0.0002566095730952971
24.63,0.00015914392762233942,0.0002566028224152333
24.632,0.0001598030684463678,0.0002565960918765054
24.634,0.00016045457938727604,0.0002565893814190198
24.636,0.00016109858236211403,0.000256582690982862
24.638,0.0001617352040255885,0.0002565760205082964
24.64,0.00016236457569747777,0.00025656936993576556
24.642,0.00016298683326775907,0.00025656273920588975
24.644,0.00016360211708833853,0.00025655612825946643
24.646,0.00016421057186251906,0.00025654953703746963
24.648,0.00016481234654308692,0.00025654296548104956
24.65,0.000165407594247666,0.00025653641353153196
24.652,0.00016599647219627054,0.0002565298811304177
24.654,0.00016657914167111313,0.00025652336821938205
24.656,0.00016715576799440754,0.0002565168747402745
24.658,0.00016772652051633954,0.00025651040063511785
24.66,0.00016829157260362206,0.00025650394584610797
24.662,0.0001688511016191292,0.00025649751031561323
24.664,0.00016940528888501202,0.0002564910939861739
24.666,0.0001699543196249022,0.00025648469680050165
24.668,0.00017049838288433128,0.00025647831870147914
24.67,0.00017103767143205258,0.0002564719596321594
24.672,0.00017157238164724743,0.00025646561953576545
24.674,0.0001721027133986811,0.0002564592983556896
24.676,0.00017262886992154867,0.00025645299603549313
24.678,0.00017315105769612958,0.00025644671251890566
24.68,0.0001736694863302676,0.0002564404477498247
24.682,0.0001741843684453893,0.00025643420167231523
24.684,0.00017469591956416732,0.00025642797423060904
24.686,0.00017520435799704925,0.0002564217653691043
24.688,0.00017570990472506775,0.0002564155750323651
24.69,0.00017621278327731142,0.00025640940316512095
24.692,0.00017671321960273525,0.00025640324971226626
24.694,0.00017721144193726462,0.0002563971146188598
24.696,0.000177707680667968,0.00025639099783012436
24.698,0.00017820216819594442,0.00025638489929144607
24.7,0.000178695138799076,0.00025637881894837404
24.702,0.00017918682849441778,0.00025637275674661984
24.704,0.0001796774748987375,0.000256366712632057
24.706,0.0001801673170846507,0.0002563606865507206
24.708,0.00018065659542948698,0.0002563546784488066
24.71,0.00018114555145439258,0.0002563486882726717
24.712,0.00018163442765243806,0.00025634271596883246
24.714,0.0001821234673061662,0.00025633676148396504
24.716,0.0001826129142966903,0.0002563308247649048
24.718,0.0001831030129078065,0.00025632490575864565
24.72,0.0001835940076291401,0.00025631900441233966
24.722,0.0001840861429619592,0.00025631312067329653
24.724,0.00018457966323023748,0.00025630725448898327
24.726,0.00018507481239774426,0.0002563014058070236
24.728,0.00018557183389017505,0.00025629557457519734
24.73,0.0001860709704198152,0.00025628976074144037
24.732,0.0001865724638094427,0.00025628396425384376
24.734,0.0001870765548119833,0.0002562781850606535
24.736,0.00018758348292325408,0.00025627242311027
24.738,0.00018809348618628824,0.00025626667835124757
24.74,0.0001886068009869858,0.00025626095073229407
24.742,0.0001891236618420847,0.00025625524020227034
24.744,0.0001896443011812183,0.0002562495467101899
24.746,0.0001901689491250921,0.00025624387020521823
24.748,0.0001906978332618404,0.00025623821063667265
24.75,0.00019123117842347154,0.00025623256795402155
24.752,0.00019176920646433863,0.00025622694210688423
24.754,0.00019231213604364769,0.0002562213330450302
24.756,0.00019286018241471478,0.00025621574071837884
24.758,0.0001934135572237252,0.00025621016507699904
24.76,0.00019397246832118394,0.0002562046060711086
24.762,0.00019453711958835148,0.00025619906365107386
24.764,0.0001951077107796438,0.0002561935377674092
24.766,0.00019568443737962813,0.0002561880283707767
24.768,0.00019626749047045458,0.00025618253541198567
24.77,0.0001968570566029311,0.0002561770588419921
24.772,0.00019745331766280754,0.0002561715986118984
24.774,0.00019805645072343546,0.00025616615467295283
24.776,0.00019866662787773598,0.00025616072697654907
24.778,0.00019928401604590772,0.0002561553154742259
24.78,0.00019990877676004013,0.0002561499201176666
24.782,0.0002005410659321949,0.0002561445408586986
24.784,0.0002011810336170122,0.0002561391776492933
24.786,0.0002018288237827027,0.00025613383044156504
24.788,0.000202484574104806,0.00025612849918777125
24.79,0.0002031484157944634,0.0002561231838403117
24.792,0.0002038204734683701,0.00025611788435172834
24.794,0.00020450086506115488,0.00025611260067470455
24.796,0.00020518970177425114,0.0002561073327620649
24.798,0.0002058870880496878,0.00025610208056677485
24.8,0.00020659312155375388,0.00025609684404194005
24.802,0.0002073078931544097,0.0002560916231408061
24.804,0.00020803148687895297,0.0002560864178167582
24.806,0.0002087639798427366,0.0002560812280233204
24.808,0.00020950544214632717,0.0002560760537141557
24.81,0.0002102559367451164,0.00025607089484306505
24.812,0.0002110155193013886,0.00025606575136398756
24.814,0.00021178423803277008,0.0002560606232309995
24.816,0.0002125621335727244,0.00025605551039831426
24.818,0.00021334923885695095,0.0002560504128202819
24.82,0.0002141455790461882,0.0002560453304513886
24.822,0.000214951171489904,0.0002560402632462563
24.824,0.0002157660257292112,0.00025603521115964245
24.826,0.00021659014353133809,0.00025603017414643943
24.828,0.0002174235189435984,0.00025602515216167416
24.83,0.0002182661383527624,0.0002560201451605078
24.832,0.00021911798053620657,0.0002560151530982352
24.834,0.0002199790166945498,0.0002560101759302848
24.836,0.0002208492104603556,0.00025600521361221777
24.838,0.0002217285178836434,0.000256000266099728
24.84,0.00022261688740051188,0.0002559953333486416
24.842,0.00022351425979563313,0.00025599041531491646
24.844,0.00022442056817123908,0.00025598551195464173
24.846,0.00022533573793472118,0.00025598062322403775
24.848,0.00022625968681378456,0.00025597574907945545
24.85,0.0002271923249032099,0.0002559708894773759
24.852,0.00022813355474175193,0.0002559660443744101
24.854,0.00022908327141262638,0.0002559612137272985
24.856,0.00023004136265777447,0.0002559563974929106
24.858,0.00023100770899488733,0.00025595159562824456
24.86,0.0002319821838277815,0.00025594680809042683
24.862,0.0002329646535440613,0.00025594203483671185
24.864,0.00023395497759870368,0.00025593727582448155
24.866,0.00023495300858669612,0.00025593253101124507
24.868,0.0002359585923113987,0.00025592780035463823
24.87,0.00023697156785681717,0.0002559230838124233
24.872,0.0002379917676714174,0.0002559183813424885
24.874,0.00023901901766851241,0.00025591369290284787
24.876,0.0002400531373447515,0.00025590901845164057
24.878,0.00024109393991437892,0.0002559043579471307
24.88,0.00024214123245398672,0.00025589971134770684
24.882,0.00024319481605140935,0.0002558950786118818
24.884,0.000244254485952687,0.0002558904596982921
24.886,0.0002453200317034414,0.0002558858545656978
24.888,0.00024639123728381157,0.0002558812631729818
24.89,0.00024746788123944504,0.0002558766854791498
24.892,0.000248549736812903,0.0002558721214433298
24.894,0.0002496365720807689,0.0002558675710247718
24.896,0.00025072815010046133,0.00025586303418284725
24.898,0.00025182422906869044,0.0002558585108770489
24.9,0.0002529245624900748,0.00025585400106699043
24.902,0.00025402889935190605,0.00025584950471240587
24.904,0.00025513698429901956,0.00025584502177314946
24.906,0.00025624855780269774,0.0002558405522091952
24.908,0.00025736335631882556,0.0002558360959806366
24.91,0.000258481112433532,0.00025583165304768606
24.912,0.00025960155499787343,0.00025582722337067485
24.914,0.000260724409256544,0.0002558228069100525
24.916,0.0002618493969774874,0.0002558184036263866
24.918,0.00026297623659007105,0.0002558140134803624
24.92,0.0002641046433381611,0.0002558096364327823
24.922,0.00026523432945161675,0.0002558052724445659
24.924,0.00026636500433640213,0.0002558009214767492
24.926,0.0002674963747797406,0.0002557965834904846
24.928,0.00026862814516415113,0.0002557922584470402
24.93,0.0002697600176825978,0.0002557879463077999
24.932,0.0002708916925473996,0.0002557836470342627
24.934,0.00027202286818688373,0.00025577936058804237
24.936,0.00027315324142664587,0.0002557750869308674
24.938,0.00027428250765509823,0.0002557708260245804
24.94,0.00027541036097574725,0.00025576657783113775
24.942,0.0002765364943504793,0.0002557623423126094
24.944,0.0002776605997390453,0.00025575811943117846
24.946,0.00027878236823952745,0.0002557539091491409
24.948,0.000279901490233553,0.00025574971142890515
24.95,0.0002810176555383052,0.00025574552623299185
24.952,0.0002821305535656411,0.0002557413535240333
24.954,0.00028323987348721725,0.00025573719326477356
24.956,0.0002843453044033834,0.0002557330454180676
24.958,0.00028544653551333487,0.0002557289099468813
24.96,0.0002865432562838779,0.0002557247868142911
24.962,0.0002876351566146052,0.0002557206759834835
24.964,0.0002887219269979436,0.00025571657741775496
24.966,0.0002898032586730636,0.00025571249108051133
24.968,0.00029087884377336374,0.00025570841693526767
24.97,0.0002919483754677196,0.00025570435494564795
24.972,0.00029301154809624393,0.00025570030507538464
24.974,0.000294068057301765,0.0002556962672883184
24.976,0.00029511760015871506,0.0002556922415483978
24.978,0.0002961598753013412,0.00025568822781967893
24.98,0.00029719458305351376,0.0002556842260663252
24.982,0.0002982214255622694,0.00025568023625260693
24.984,0.0002992401069368017,0.00025567625834290093
24.986,0.0003002503333937438,0.0002556722923016904
24.988,0.00030125181340853144,0.0002556683380935645
24.99,0.00030224425787095583,0.000255664395683218
24.992,0.00030322738024181177,0.0002556604650354511
24.994,0.00030420089670608343,0.0002556565461151689
24.996,0.0003051645263177355,0.0002556526388873813
24.998,0.0003061179911313267,0.0002556487433172025
25.0,0.00030706101631684313,0.0002556448593698509
25.002,0.00030799333025622325,0.0002556409870106486
25.004,0.000308914664622657,0.0002556371262050212
25.006,0.00030982475444640194,0.0002556332769184975
25.008,0.00031072333817301704,0.0002556294391167089
25.01,0.0003116101577210951,0.00025562561276538975
25.012,0.0003124849585462169,0.0002556217978303763
25.014,0.0003133474897162554,0.00025561799427760684
25.016,0.0003141975040001171,0.00025561420207312135
25.018,0.0003150347579687366,0.00025561042118306106
25.02,0.0003158590121038096,0.0002556066515736682
25.022,0.00031667003090754325,0.0002556028932112858
25.024,0.00031746758300649404,0.00025559914606235727
25.026,0.0003182514412433654,0.00025559541009342613
25.028,0.00031902138275395023,0.00025559168527113573
25.03,0.0003197771890298488,0.00025558797156222893
25.032,0.00032051864597116056,0.00025558426893354785
25.034,0.00032124554393587893,0.0002555805773520335
25.036,0.0003219576777930643,0.00025557689678472556
25.038,0.0003226548469853831,0.000255573227198762
25.04,0.0003233368556030872,0.0002555695685613789
25.042,0.00032400351246715216,0.00025556592083991004
25.044,0.0003246546312151405,0.0002555622840017867
25.046,0.00032529003038068787,0.0002555586580145373
25.048,0.0003259095334571246,0.0002555550428457872
25.05,0.0003265129689380734,0.00025555143846325834
25.052,0.00032710017033230835,0.00025554784483476883
25.054,0.0003276709761559988,0.000255544261928233
25.056,0.0003282252299109284,0.00025554068971166073
25.058,0.0003287627800611979,0.00025553712815315754
25.06,0.00032928348002223413,0.00025553357722092395
25.062,0.0003297871881736902,0.0002555300368832554
25.064,0.00033027376790321445,0.000255526507108542
25.066,0.00033074308768104844,0.00025552298786526805
25.068,0.00033119502115848464,0.0002555194791220119
25.07,0.00033162944727713835,0.0002555159808474458
25.072,0.0003320462503726814,0.00025551249301033525
25.074,0.00033244532025668684,0.0002555090155795391
25.076,0.0003328265522633085,0.000255505548524009
25.078,0.00033318984725377746,0.00025550209181278937
25.08,0.0003335351115785653,0.0002554986454150169
25.082,0.00033386225700467924,0.00025549520929992034
25.084,0.0003341712006210794,0.0002554917834368203
25.086,0.00033446186473844045,0.00025548836779512894
25.088,0.00033473417679982483,0.0002554849623443496
25.09,0.0003349880693161751,0.0002554815670540767
25.092,0.00033522347983563254,0.00025547818189399537
25.094,0.00033544035094972414,0.0002554748068338811
25.096,0.0003356386303330416,0.0002554714418435997
25.098,0.00033581827080778797,0.00025546808689310677
25.1,0.000335979230420629,0.00025546474195244757
25.102,0.00033612147251770545,0.0002554614069917567
25.104,0.000336244965804169,0.000255458081981258
25.106,0.0003363496843772844,0.00025545476689126404
25.108,0.00033643560772624135,0.000255451461692176
25.11,0.00033650272069707756,0.00025544816635448333
25.112,0.0003365510134265477,0.0002554448808487636
25.114,0.0003365804812533878,0.00025544160514568207
25.116,0.0003365911246189915,0.00025543833921599164
25.118,0.0003365829489709235,0.0002554350830305324
25.12,0.0003365559646818218,0.00025543183656023143
25.122,0.00033651018699333937,0.00025542859977610257
25.124,0.0003364456359898392,0.0002554253726492462
25.126,0.00033636233660070823,0.0002554221551508488
25.128,0.00033626031862461477,0.00025541894725218293
25.13,0.0003361396167641952,0.00025541574892460684
25.132,0.000336000270657491,0.0002554125601395642
25.134,0.000335842324892532,0.00025540938086858386
25.136,0.0003356658289946776,0.00025540621108327967
25.138,0.0003354708373814566,0.00025540305075535014
25.14,0.00033525740928598053,0.0002553998998565783
25.142,0.00033502560865647274,0.00025539675835883126
25.144,0.0003347755040439858,0.00025539362623406013
25.146,0.0003345071684928458,0.00025539050345429966
25.148,0.00033422067944750166,0.0002553873899916681
25.15,0.00033391611868588937,0.00025538428581836685
25.152,0.0003335935722836803,0.0002553811909066803
25.154,0.0003332531306071457,0.00025537810522897533
25.156,0.000332894888326287,0.0002553750287577016
25.158,0.00033251894443556476,0.0002553719614653907
25.16,0.0003321254022680776,0.0002553689033246563
25.162,0.00033171436949042257,0.0002553658543081937
25.164,0.00033128595806970133,0.0002553628143887798
25.166,0.00033084028420982147,0.00025535978353927256
25.168,0.00033037746826076396,0.000255356761732611
25.17,0.0003298976346098306,0.0002553537489418149
25.172,0.00032940091156736574,0.00025535074513998455
25.174,0.0003288874312602454,0.0002553477503003004
25.176,0.0003283573295444035,0.000255344764396023
25.178,0.0003278107459434858,0.0002553417874004927
25.18,0.00032724782361514664,0.0002553388192871293
25.182,0.00032666870934083543,0.000255335860029432
25.184,0.00032607355353048633,0.00025533290960097894
25.186,0.00032546251023077955,0.0002553299679754273
25.188,0.00032483573712567516,0.00025532703512651266
25.19,0.000324193395520116,0.00025532411102804903
25.192,0.00032353565030172394,0.0002553211956539286
25.194,0.00032286266988031716,0.00025531828897812136
25.196,0.0003221746261095938,0.00025531539097467504
25.198,0.00032147169419882883,0.0002553125016177148
25.2,0.0003207540526239618,0.00025530962088144294
25.202,0.00032002188304691595,0.0002553067487401388
25.204,0.00031927537024953236,0.0002553038851681584
25.206,0.00031851470208486615,0.0002553010301399343
25.208,0.0003177400694444623,0.00025529818362997537
25.21,0.00031695166623683837,0.00025529534561286645
25.212,0.0003161496893700735,0.0002552925160632683
25.214,0.0003153343387310604,0.0002552896949559172
25.216,0.0003145058171552057,0.0002552868822656249
25.218,0.0003136643303829835,0.00025528407796727824
25.22,0.0003128100870033499,0.000255281282035839
25.222,0.00031194329838696804,0.0002552784944463437
25.224,0.0003110641786149172,0.00025527571517390324
25.226,0.0003101729444093041,0.0002552729441937029
25.228,0.0003092698150716893,0.0002552701814810019
25.23,0.00030835501243313233,0.0002552674270111334
25.232,0.000307428760816744,0.00025526468075950405
25.234,0.0003064912870103527,0.0002552619427015939
25.236,0.00030554282024446687,0.0002552592128129561
25.238,0.000304583592168976,0.00025525649106921685
25.24,0.000303613836822511,0.000255253777446075
25.242,0.00030263379058961153,0.00025525107191930196
25.244,0.00030164369214386423,0.00025524837446474135
25.246,0.00030064378237825275,0.00025524568505830894
25.248,0.00029963430432710937,0.00025524300367599234
25.25,0.000298615503086124,0.00025524033029385076
25.252,0.00029758762573736235,0.0002552376648880149
25.254,0.00029655092128548375,0.0002552350074346866
25.256,0.0002955056406086037,0.00025523235791013874
25.258,0.0002944520364240701,0.0002552297162907151
25.26,0.00029339036326548316,0.0002552270825528299
25.262,0.0002923208774644401,0.0002552244566729677
25.264,0.0002912438371283082,0.0002552218386276834
25.266,0.0002901595021053371,0.00025521922839360166
25.268,0.00028906813392980926,0.000255216625947417
25.27,0.00028796999574296113,0.0002552140312658935
25.272,0.00028686535218952686,0.00025521144432586444
25.274,0.0002857544692935701,0.00025520886510423227
25.276,0.0002846376143211034,0.0002552062935779684
25.278,0.00028351505563891695,0.00025520372972411297
25.28,0.00028238706257961986,0.00025520117351977454
25.282,0.0002812539053215205,0.00025519862494213
25.284,0.0002801158547890477,0.0002551960839684243
25.286,0.0002789731825754994,0.00025519355057597036
25.288,0.00027782616088555564,0.00025519102474214875
25.29,0.0002766750624912491,0.00025518850644440757
25.292,0.000275520160692113,0.0002551859956602621
25.294,0.0002743617292690668,0.00025518349236729475
25.296,0.00027320004242191453,0.0002551809965431549
25.298,0.0002720353746822898,0.0002551785081655585
25.3,0.0002708680007972263,0.00025517602721228806
25.302,0.0002696981955824757,0.00025517355366119234
25.304,0.000268526233748773,0.0002551710874901862
25.306,0.00026735238970798094,0.0002551686286772504
25.308,0.00026617693736852755,0.00025516617720043144
25.31,0.0002650001499307755,0.0002551637330378412
25.312,0.0002638222996923486,0.000255161296167657
25.314,0.0002626436578714981,0.00025515886656812115
25.316,0.0002614644944530436,0.000255156444217541
25.318,0.0002602850780573522,0.0002551540290942885
25.32,0.0002591056758283223,0.0002551516211768002
25.322,0.00025792655333262653,0.00025514922044357705
25.324,0.0002567479744597951,0.000255146826873184
25.326,0.000255570201311928,0.00025514444044425004
25.328,0.0002543934940728499,0.00025514206113546787
25.33,0.0002532181108494262,0.0002551396889255938
25.332,0.00025204430748208985,0.0002551373237934476
25.334,0.0002508723373265039,0.000255134965717912
25.336,0.0002497024510129117,0.00025513261467793305
25.338,0.00024853489619323113,0.0002551302706525194
25.34,0.0002473699172877608,0.00025512793362074236
25.342,0.00024620775524270596,0.00025512560356173573
25.344,0.0002450486473074476,0.00025512328045469555
25.346,0.00024389282683618053,0.00025512096427887995
25.348,0.00024274052311382163,0.00025511865501360887
25.35,0.0002415919612013765,0.000255116352638264
25.352,0.00024044736179221232,0.0002551140571322886
25.354,0.00023930694106902235,0.0002551117684751872
25.356,0.00023817091055116746,0.0002551094866465255
25.358,0.00023703947692432632,0.0002551072116259301
25.36,0.00023591284184778366,0.00025510494339308845
25.362,0.00023479120173888093,0.00025510268192774864
25.364,0.00023367474753825844,0.00025510042720971917
25.366,0.00023256366446274,0.00025509817921886874
25.368,0.000231458131754526,0.0002550959379351261
25.37,0.0002303583224356584,0.0002550937033384799
25.372,0.000229264403075468,0.0002550914754089786
25.374,0.0002281765335764029,0.00025508925412673003
25.376,0.00022709486698068443,0.0002550870394719015
25.378,0.00022601954929725424,0.0002550848314247193
25.38,0.00022495071934601168,0.000255082629965469
25.382,0.00022388850861471672,0.0002550804350744948
25.384,0.0002228330411231928,0.0002550782467321995
25.386,0.0002217844332899003,0.00025507606491904455
25.388,0.00022074279379707097,0.00025507388961554955
25.39,0.00021970822345204278,0.0002550717208022923
25.392,0.00021868081504449157,0.00025506955845990855
25.394,0.00021766065320058593,0.0002550674025690917
25.396,0.00021664781423670897,0.00025506525311059294
25.398,0.00021564236601585222,0.00025506311006522075
25.4,0.00021464436781023588,0.00025506097341384095
25.402,0.0002136538701734022,0.0002550588431373764
25.404,0.00021267091482438853,0.00025505671921680686
25.406,0.00021169553454584753,0.0002550546016331689
25.408,0.0002107277530969996,0.00025505249036755567
25.41,0.0002097675851415923,0.0002550503854011167
25.412,0.00020881503619020418,0.0002550482867150578
25.414,0.0002078701025557453,0.00025504619429064074
25.416,0.00020693277132076253,0.00025504410810918334
25.418,0.00020600302031477418,0.00025504202815205906
25.42,0.00020508081810014956,0.00025503995440069696
25.422,0.00020416612396514125,0.0002550378868365816
25.424,0.0002032588879232655,0.00025503582544125265
25.426,0.00020235905071876064,0.0002550337701963049
25.428,0.00020146654383876742,0.0002550317210833881
25.43,0.00020058128953365193,0.0002550296780842067
25.432,0.0001997032008475064,0.00025502764118051977
25.434,0.0001988321816613749,0.00025502561035414074
25.436,0.00019796812675168554,0.0002550235855869374
25.438,0.00019711092186586757,0.0002550215668608316
25.44,0.0001962604438161843,0.000255019554157799
25.442,0.0001954165605915827,0.0002550175474598693
25.444,0.000194579131486223,0.00025501554674912556
25.446,0.00019374800724217007,0.00025501355200770447
25.448,0.00019292303020346262,0.00025501156321779594
25.45,0.00019210403447893646,0.000255009580361643
25.452,0.0001912908461120621,0.00025500760342154176
25.454,0.0001904832832574497,0.000255005632379841
25.456,0.00018968115636513807,0.0002550036672189423
25.458,0.00018888426837502427,0.0002550017079212997
25.46,0.00018809241492434418,0.0002549997544694195
25.462,0.0001873053845709418,0.00025499780684586033
25.464,0.0001865229590337999,0.0002549958650332328
25.466,0.00018574491345069578,0.00025499392901419946
25.468,0.00018497101665072434,0.0002549919987714745
25.47,0.00018420103143777417,0.0002549900742878237
25.472,0.0001834347148801263,0.0002549881555460643
25.474,0.000182671818601291,0.00025498624252906477
25.476,0.00018191208906864897,0.00025498433521974474
25.478,0.00018115526787849988,0.00025498243360107476
25.48,0.00018040109203891838,0.00025498053765607616
25.482,0.00017964929425446768,0.000254978647367821
25.484,0.00017889960321873838,0.00025497676271943185
25.486,0.00017815174392162814,0.00025497488369408155
25.488,0.00017740543797744243,0.00025497301027499323
25.49,0.00017666040397799508,0.00025497114244544004
25.492,0.00017591635787173022,0.000254969280188745
25.494,0.00017517301336611416,0.00025496742348828094
25.496,0.0001744300823472182,0.0002549655723274703
25.498,0.0001736872753076029,0.000254963726689785
25.5,0.00017294430177256732,0.0002549618865587461
25.502,0.00017220087071525436,0.00025496005191792415
25.504,0.0001714566909533408,0.0002549582227509384
25.506,0.0001707114715237173,0.0002549563990414572
25.508,0.0001699649220356456,0.00025495458077319744
25.51,0.00016921675300719363,0.0002549527679299247
25.512,0.00016846667619279838,0.000254950960495453
25.514,0.00016771440491154363,0.0002549491584536447
25.516,0.0001669596543851908,0.00025494736178841015
25.518,0.00016620214209281598,0.0002549455704837079
25.52,0.000165441588145119,0.0002549437845235441
25.522,0.00016467771567689238,0.0002549420038919729
25.524,0.00016391025125207177,0.00025494022857309594
25.526,0.00016313892527264096,0.00025493845855106216
25.528,0.00016236347238155648,0.0002549366938100679
25.53,0.00016158363185081497,0.00025493493433435675
25.532,0.00016079914794856346,0.00025493318010821913
25.534,0.0001600097702833183,0.0002549314311159924
25.536,0.00015921525412754365,0.0002549296873420607
25.538,0.0001584153607263299,0.00025492794877085464
25.54,0.0001576098575988378,0.00025492621538685147
25.542,0.0001567985188395401,0.00025492448717457457
25.544,0.0001559811254241431,0.0002549227641185936
25.546,0.0001551574655208626,0.0002549210462035242
25.548,0.0001543273348035654,0.000254919333414028
25.55,0.00015349053675927052,0.0002549176257348123
25.552,0.00015264688298061158,0.00025491592315063003
25.554,0.00015179619343402728,0.0002549142256462797
25.556,0.00015093829669692038,0.00025491253320660505
25.558,0.00015007303016172752,0.0002549108458164952
25.56,0.0001492002402097709,0.0002549091634608842
25.562,0.00014831978236286018,0.0002549074861247511
25.564,0.00014743152142369218,0.0002549058137931198
25.566,0.0001465353316166722,0.0002549041464510589
25.568,0.00014563109673890474,0.00025490248408368144
25.57,0.00014471871032640266,0.00025490082667614503
25.572,0.00014379807583462644,0.0002548991742136515
25.574,0.00014286910682629364,0.0002548975266814467
25.576,0.00014193172715435366,0.0002548958840648207
25.578,0.00014098587112555748,0.0002548942463491073
25.58,0.00014003148363006678,0.0002548926135196843
25.582,0.00013906852022618147,0.00025489098556197277
25.584,0.0001380969471745148,0.00025488936246143755
25.586,0.00013711674142301977,0.00025488774420358675
25.588,0.0001361278905505084,0.00025488613077397174
25.59,0.00013513039268166872,0.00025488452215818695
25.592,0.00013412425638879068,0.0002548829183418699
25.594,0.0001331095005952873,0.00025488131931070086
25.596,0.00013208615449256496,0.00025487972505040287
25.598,0.0001310542574766123,0.0002548781355467415
25.6,0.0001300138591040154,0.0002548765507855249
25.602,0.0001289650190610883,0.0002548749707526035
25.604,0.0001279078071346343,0.00025487339543386997
25.606,0.0001268423031703403,0.000254871824815259
25.608,0.0001257685970046554,0.00025487025888274736
25.61,0.0001246867883585845,0.00025486869762235355
25.612,0.00012359698668629787,0.0002548671410201378
25.614,0.00012249931097741963,0.00025486558906220207
25.616,0.0001213938895176351,0.00025486404173468964
25.618,0.00012028085961734749,0.00025486249902378514
25.62,0.00011916036732161216,0.0002548609609157145
25.622,0.00011803256711539697,0.00025485942739674464
25.624,0.00011689762163700987,0.0002548578984531836
25.626,0.0001157557014090123,0.0002548563740713801
25.628,0.0001146069845907312,0.0002548548542377237
25.63,0.0001134516567508973,0.00025485333893864455
25.632,0.00011228991065349232,0.00025485182816061333
25.634,0.0001111219460459002,0.000254850321890141
25.636,0.00010994796943649981,0.00025484882011377876
25.638,0.00010876819384918891,0.00025484732281811804
25.64,0.0001075828385453104,0.0002548458299897902
25.642,0.00010639212870790091,0.0002548443416154665
25.644,0.00010519629508900466,0.00025484285768185796
25.646,0.00010399557362632519,0.00025484137817571525
25.648,0.00010279020503985838,0.00025483990308382856
25.65,0.0001015804344219737,0.00025483843239302754
25.652,0.00010036651083407289,0.00025483696609018114
25.654,9.914868692115691e-05,0.0002548355041621974
25.656,9.79272185510523e-05,0.0002548340465960235
25.658,9.670236448010773e-05,0.0002548325933786455
25.66,9.547438604165132e-05,0.0002548311444970884
25.662,9.42435468494296e-05,0.0002548296999384158
25.664,9.301011250556963e-05,0.0002548282596897299
25.666,9.177435030237751e-05,0.0002548268237381715
25.668,9.05365289088785e-05,0.00025482539207091965
25.67,8.929691803657312e-05,0.00025482396467519167
25.672,8.8055788083032e-05,0.00025482254153824305
25.674,8.681340975653102e-05,0.00025482112264736727
25.676,8.55700536884005e-05,0.00025481970798989576
25.678,8.43259900422657e-05,0.00025481829755319776
25.68,8.308148812991168e-05,0.00025481689132468013
25.682,8.183681604277997e-05,0.00025481548929178735
25.684,8.059224030568459e-05,0.00025481409144200134
25.686,7.934802555653608e-05,0.00025481269776284136
25.688,7.81044342522224e-05,0.00025481130824186397
25.69,7.68617263979064e-05,0.0002548099228666628
25.692,7.562015929443033e-05,0.0002548085416248685
25.694,7.43799872971887e-05,0.00025480716450414865
25.696,7.314146157925101e-05,0.0002548057914922076
25.698,7.190482989256603e-05,0.00025480442257678636
25.7,7.06703363226206e-05,0.0002548030577456626
25.702,6.943822103421693e-05,0.00025480169698665034
25.704,6.820872000907471e-05,0.0002548003402876001
25.706,6.698206477844291e-05,0.00025479898763639854
25.708,6.5758482156277e-05,0.0002547976390209685
25.71,6.453819398010861e-05,0.00025479629442926884
25.712,6.332141686721811e-05,0.00025479495384929434
25.714,6.210836199305152e-05,0.00025479361726907565
25.716,6.089923489719979e-05,0.00025479228467667904
25.718,5.9694235319591004e-05,0.0002547909560602065
25.72,5.84935570666838e-05,0.0002547896314077954
25.722,5.729738790441011e-05,0.00025478831070761864
25.724,5.610590947219859e-05,0.00025478699394788424
25.726,5.491929721123538e-05,0.00025478568111683556
25.728,5.373772029976118e-05,0.0002547843722027509
25.73,5.256134158959316e-05,0.0002547830671939437
25.732,5.139031754037308e-05,0.0002547817660787621
25.734,5.022479815099914e-05,0.0002547804688455891
25.736,4.90649268909028e-05,0.00025477917548284235
25.738,4.791084063641694e-05,0.000254777885978974
25.74,4.676266961898347e-05,0.0002547766003224707
25.742,4.5620537392196884e-05,0.0002547753185018534
25.744,4.448456082325037e-05,0.0002547740405056775
25.746,4.3354850111808536e-05,0.0002547727663225323
25.748,4.223150883592156e-05,0.0002547714959410412
25.75,4.111463402122443e-05,0.00025477022934986167
25.752,4.000431622674501e-05,0.00025476896653768485
25.754,3.890063963915958e-05,0.00025476770749323574
25.756,3.780368216741143e-05,0.0002547664522052729
25.758,3.6713515531441185e-05,0.0002547652006625886
25.76,3.5630205342061744e-05,0.0002547639528540083
25.762,3.4553811173177124e-05,0.00025476270876839094
25.764,3.3484386631629944e-05,0.00025476146839462874
25.766,3.2421979433449464e-05,0.00025476023172164695
25.768,3.1366631496785376e-05,0.00025475899873840394
25.77,3.0318379061665185e-05,0.000254757769433891
25.772,2.9277252844005625e-05,0.00025475654379713224
25.774,2.8243278227216474e-05,0.0002547553218171846
25.776,2.721647548904434e-05,0.0002547541034831376
25.778,2.6196860056274352e-05,0.00025475288878411327
25.78,2.5184442775179238e-05,0.0002547516777092662
25.782,2.417923018356369e-05,0.0002547504702477833
25.784,2.3181224770269492e-05,0.00025474926638888374
25.786,2.2190425211069428e-05,0.0002547480661218188
25.788,2.1206826575044203e-05,0.0002547468694358719
25.79,2.0230420501992677e-05,0.00025474567632035846
25.792,1.9261195358190695e-05,0.0002547444867646257
25.794,1.8299136383044905e-05,0.0002547433007580526
25.796,1.734422584246497e-05,0.00025474211829005
25.798,1.639644320471141e-05,0.0002547409393500601
25.8,1.54557653515165e-05,0.0002547397639275567
25.802,1.4522166831449494e-05,0.00025473859201204514
25.804,1.3595620155459e-05,0.0002547374235930619
25.806,1.2676096126827291e-05,0.00025473625866017475
25.808,1.1763564191713688e-05,0.00025473509720298255
25.81,1.0857992792569093e-05,0.00025473393921111523
25.812,9.959349706140714e-06,0.0002547327846742336
25.814,9.06760235047562e-06,0.0002547316335820294
25.816,8.182718050840118e-06,0.0002547304859242251
25.818,7.304664261837701e-06,0.0002547293416905738
25.82,6.433408750577118e-06,0.00025472820087085924
25.822,5.568919752528318e-06,0.00025472706345489553
25.824,4.711166116116599e-06,0.0002547259294325272
25.826,3.860117453423595e-06,0.00025472479879362923
25.828,3.015744312574774e-06,0.0002547236715281066
25.83,2.178018382707315e-06,0.0002547225476258946
25.832,1.3469127356376099e-06,0.00025472142707695834
25.834,5.224021009747899e-07,0.00025472030987129307
25.836,-2.9553683525562085e-07,0.00025471919599892373
25.838,-1.1069251234848977e-06,0.00025471808544990515
25.84,-1.911781252110587e-06,0.00025471697821432177
25.842,-2.7101208739530784e-06,0.0002547158742822876
25.844,-3.501956570222588e-06,0.0002547147736439462
25.846,-4.287297658756104e-06,0.00025471367628947044
25.848,-5.066150046292525e-06,0.0002547125822090627
25.85,-5.838516117913714e-06,0.00025471149139295434
25.852,-6.6043946515050044e-06,0.00025471040383140604
25.854,-7.3637807424190835e-06,0.0002547093195147075
25.856,-8.116665723567305e-06,0.00025470823843317736
25.858,-8.863037069071303e-06,0.0002547071605771632
25.86,-9.602878274890281e-06,0.00025470608593704133
25.862,-1.0336168716101613e-05,0.00025470501450321686
25.864,-1.1062883486623104e-05,0.00025470394626612346
25.866,-1.1782993232384776e-05,0.0002547028812162233
25.868,-1.2496463991175888e-05,0.00025470181934400716
25.87,-1.320325705276967e-05,0.00025470076063999404
25.872,-1.390332884998551e-05,0.0002546997050947313
25.874,-1.4596630886881311e-05,0.00025469865269879446
25.876,-1.5283109704668787e-05,0.00025469760344278724
25.878,-1.5962706880640875e-05,0.0002546965573173413
25.88,-1.6635359051279003e-05,0.00025469551431311633
25.882,-1.7300997948626568e-05,0.00025469447442079987
25.884,-1.79595504391848e-05,0.00025469343763110714
25.886,-1.8610938556876897e-05,0.00025469240393478123
25.888,-1.9255079524972116e-05,0.00025469137332259276
25.89,-1.9891885766326216e-05,0.00025469034578533983
25.892,-2.052126490498479e-05,0.00025468932131384814
25.894,-2.1143119765184204e-05,0.0002546882998989706
25.896,-2.1757348375047928e-05,0.00025468728153158756
25.898,-2.236384398247469e-05,0.0002546862662026065
25.9,-2.2962495089146317e-05,0.000254685253902962
25.902,-2.35531855064516e-05,0.0002546842446236158
25.904,-2.413579443447457e-05,0.00025468323835555644
25.906,-2.4710196562615277e-05,0.0002546822350897995
25.908,-2.527626218849457e-05,0.00025468123481738736
25.91,-2.583385735035481e-05,0.000254680237529389
25.912,-2.638284396773827e-05,0.0002546792432169001
25.914,-2.6923079985608712e-05,0.00025467825187104295
25.916,-2.7454419518151214e-05,0.0002546772634829664
25.918,-2.79767129902376e-05,0.00025467627804384545
25.92,-2.8489807276413202e-05,0.0002546752955448817
25.922,-2.899354583934242e-05,0.00025467431597730284
25.924,-2.9487768871113313e-05,0.00025467333933236285
25.926,-2.9972313441849207e-05,0.0002546723656013417
25.928,-3.0447013659893896e-05,0.0002546713947755454
25.93,-3.091170084693579e-05,0.000254670426846306
25.932,-3.136620372933772e-05,0.00025466946180498126
25.934,-3.181034864454159e-05,0.00025466849964295477
25.936,-3.224395975878278e-05,0.0002546675403516359
25.938,-3.266685929033111e-05,0.0002546665839224596
25.94,-3.30788677315835e-05,0.0002546656303468864
25.942,-3.347980406349227e-05,0.0002546646796164022
25.944,-3.386948595765642e-05,0.0002546637317225185
25.946,-3.4247729964107686e-05,0.0002546627866567719
25.948,-3.461435168593999e-05,0.0002546618444107245
25.95,-3.4969165944978e-05,0.00025466090497596334
25.952,-3.531198694462699e-05,0.0002546599683441007
25.954,-3.564262843671298e-05,0.00025465903450677386
25.956,-3.5960903898374e-05,0.00025465810345564504
25.958,-3.6266626722742e-05,0.0002546571751824013
25.96,-3.6559610424565983e-05,0.00025465624967875453
25.962,-3.6839668858879e-05,0.0002546553269364414
25.964,-3.7106616448523e-05,0.00025465440694722325
25.966,-3.7360268415325985e-05,0.00025465348970288586
25.968,-3.760044100960498e-05,0.0002546525751952396
25.97,-3.782695173391402e-05,0.0002546516634161193
25.972,-3.8039619558574006e-05,0.0002546507543573841
25.974,-3.8238265128369e-05,0.0002546498480109175
25.976,-3.842271096079903e-05,0.0002546489443686271
25.978,-3.8592781636862005e-05,0.0002546480434224448
25.98,-3.8748303984593996e-05,0.00025464714516432646
25.982,-3.8889107254607e-05,0.000254646249586252
25.984,-3.901502328556302e-05,0.00025464535668022514
25.986,-3.912588665688301e-05,0.00025464446643827364
25.988,-3.922153482606299e-05,0.0002546435788524489
25.99,-3.930180824928599e-05,0.00025464269391482617
25.992,-3.936655048637502e-05,0.0002546418116175042
25.994,-3.941560829370501e-05,0.00025464093195260546
25.996,-3.944883171123999e-05,0.00025464005491227583
25.998,-3.946607415142696e-05,0.0002546391804886846
26.0,-3.946719249774499e-05,0.00025463830867402456
26.002,-3.945204721893902e-05,0.0002546374394605116
26.004,-3.942050250176402e-05,0.00025463657284038497
26.006,-3.9372426400799e-05,0.00025463570880590705
26.008,-3.9307690999536014e-05,0.00025463484734936326
26.01,-3.9226172573243e-05,0.0002546339884630621
26.012,-3.912775174215902e-05,0.000254633132139335
26.014,-3.9012313603491955e-05,0.00025463227837053623
26.016,-3.8879747832912015e-05,0.0002546314271490429
26.018,-3.8729948749925005e-05,0.00025463057846725494
26.02,-3.8562815346432014e-05,0.00025462973231759483
26.022,-3.8378251282695976e-05,0.00025462888869250773
26.024,-3.817616485892002e-05,0.0002546280475844613
26.026,-3.795646897335799e-05,0.0002546272089859457
26.028,-3.771908107859303e-05,0.00025462637288947346
26.03,-3.746392314644903e-05,0.0002546255392875795
26.032,-3.7190921649480016e-05,0.00025462470817282106
26.034,-3.6900007563348035e-05,0.00025462387953777745
26.036,-3.659111639042101e-05,0.0002546230533750502
26.038,-3.626418820136597e-05,0.0002546222296772629
26.04,-3.591916768838601e-05,0.0002546214084370612
26.042,-3.5556004221865977e-05,0.0002546205896471126
26.044,-3.517465190129899e-05,0.0002546197733001065
26.046,-3.477506959147102e-05,0.00025461895938875417
26.048,-3.4357220936343015e-05,0.0002546181479057886
26.05,-3.392107434500597e-05,0.00025461733884396445
26.052,-3.346660294713201e-05,0.000254616532196058
26.054,-3.2993784518675975e-05,0.00025461572795486704
26.056,-3.250260138219996e-05,0.0002546149261132109
26.058,-3.1993040289424984e-05,0.0002546141266639304
26.06,-3.146509229624e-05,0.0002546133295998876
26.062,-3.091875264178705e-05,0.00025461253491396586
26.064,-3.0354020642783003e-05,0.0002546117425990699
26.066,-2.9770899612358018e-05,0.00025461095264812543
26.068,-2.9169396808767002e-05,0.0002546101650540794
26.07,-2.8549523414663e-05,0.0002546093798098998
26.072,-2.791129454210899e-05,0.0002546085969085755
26.074,-2.725472925386798e-05,0.00025460781634311643
26.076,-2.657985058824997e-05,0.00025460703810655324
26.078,-2.588668557357697e-05,0.0002546062621919375
26.08,-2.5175265219778e-05,0.00025460548859234137
26.082,-2.4445624478336935e-05,0.0002546047173008578
26.084,-2.3697802167320023e-05,0.0002546039483106003
26.086,-2.2931840864397006e-05,0.00025460318161470293
26.088,-2.214778677658296e-05,0.0002546024172063202
26.09,-2.134568959959499e-05,0.0002546016550786271
26.092,-2.052560238169804e-05,0.000254600895224819
26.094,-1.968758140588305e-05,0.0002546001376381115
26.096,-1.883168610098101e-05,0.0002545993823117404
26.098,-1.795797898686299e-05,0.0002545986292389619
26.1,-1.7066525653032023e-05,0.0002545978784130521
26.102,-1.6157394764004026e-05,0.0002545971298273073
26.104,-1.5230658081060025e-05,0.00025459638347504366
26.106,-1.4286390487857047e-05,0.0002545956393495974
26.108,-1.3324670008258994e-05,0.0002545948974443246
26.11,-1.2345577807809931e-05,0.00025459415775260115
26.112,-1.134919817491798e-05,0.00025459342026782267
26.114,-1.0335618483051003e-05,0.0002545926849834045
26.116,-9.30492913993699e-06,0.0002545919518927817
26.118,-8.257223532961983e-06,0.0002545912209894088
26.12,-7.192597981080039e-06,0.00025459049226676003
26.122,-6.111151702189001e-06,0.00025458976571832886
26.124,-5.012986802178937e-06,0.0002545890413376283
26.126,-3.898208287338016e-06,0.0002545883191181908
26.128,-2.7669240976099503e-06,0.0002545875990535679
26.13,-1.619245154458026e-06,0.0002545868811373306
26.132,-4.552854151120174e-07,0.0002545861653630689
26.134,7.248380754179985e-07,0.00025458545172439204
26.136,1.9210051410870164e-06,0.0002545847402149282
26.138,3.1330924441120157e-06,0.0002545840308283248
26.14,4.3609734662410126e-06,0.00025458332355824797
26.142,5.604518497975033e-06,0.0002545826183983829
26.144,6.863594628737029e-06,0.0002545819153424335
26.146,8.138065729617017e-06,0.0002545812143841226
26.148,9.427792421081013e-06,0.00025458051551719156
26.15,1.0732632019950974e-05,0.00025457981873540066
26.152,1.205243846367002e-05,0.0002545791240325286
26.154,1.3387062213747025e-05,0.00025457843140237274
26.156,1.4736350144270026e-05,0.00025457774083874893
26.158,1.6100145424040985e-05,0.0002545770523354915
26.16,1.7478287402472017e-05,0.00025457636588645304
26.162,1.8870611508658042e-05,0.00025457568148550463
26.164,2.027694917101e-05,0.0002545749991265356
26.166,2.169712776104498e-05,0.0002545743188034535
26.168,2.3130970560654012e-05,0.0002545736405101841
26.17,2.4578296747555003e-05,0.00025457296424067114
26.172,2.6038921390294964e-05,0.0002545722899888766
26.174,2.751265544176498e-05,0.0002545716177487804
26.176,2.899930572003605e-05,0.00025457094751438046
26.178,3.049867486707e-05,0.00025457027927969255
26.18,3.2010561279238975e-05,0.00025456961303875036
26.182,3.353475900820104e-05,0.0002545689487856053
26.184,3.5071057635831997e-05,0.00025456828651432663
26.186,3.661924213129098e-05,0.0002545676262190012
26.188,3.817909270183395e-05,0.0002545669678937336
26.19,3.975038465040199e-05,0.00025456631153264594
26.192,4.133288825263699e-05,0.0002545656571298779
26.194,4.292636866337103e-05,0.00025456500467958663
26.196,4.4530585858882954e-05,0.0002545643541759467
26.198,4.6145294616183025e-05,0.0002545637056131501
26.2,4.7770244525807004e-05,0.00025456305898540615
26.202,4.9405180030307995e-05,0.0002545624142869414
26.204,5.104984047778796e-05,0.0002545617715119996
26.206,5.270396017859099e-05,0.00025456113065484186
26.208,5.4367268453814994e-05,0.00025456049170974614
26.21,5.6039489666691035e-05,0.00025455985467100765
26.212,5.772034323118998e-05,0.0002545592195329386
26.214,5.9409543596475e-05,0.00025455858628986816
26.216,6.110680020996999e-05,0.0002545579549361424
26.218,6.281181746553604e-05,0.00025455732546612425
26.22,6.452429464575901e-05,0.0002545566978741935
26.222,6.624392586875201e-05,0.0002545560721547467
26.224,6.797040004972998e-05,0.0002545554483021971
26.226,6.970340088604103e-05,0.00025455482631097455
26.228,7.144260687191501e-05,0.0002545542061755257
26.23,7.3187691346041e-05,0.0002545535878903136
26.232,7.493832257176697e-05,0.0002545529714498179
26.234,7.669416384692003e-05,0.0002545523568485347
26.236,7.845487363792001e-05,0.00025455174408097646
26.238,8.022010573160099e-05,0.00025455113314167216
26.24,8.198950939777101e-05,0.000254550524025167
26.242,8.376272955607299e-05,0.0002545499167260225
26.244,8.553940694183572e-05,0.0002545493112388163
26.246,8.731917826714612e-05,0.0002545487075581424
26.248,8.91016763752606e-05,0.0002545481056786108
26.25,9.08865303882049e-05,0.0002545475055948475
26.252,9.267336584940973e-05,0.00025454690730149476
26.254,9.44618048647415e-05,0.0002545463107932107
26.256,9.625146624698752e-05,0.0002545457160646694
26.258,9.804196566975739e-05,0.0002545451231105607
26.26,9.983291583725543e-05,0.00025454453192559054
26.262,0.000101623926675888,0.00025454394250448047
26.264,0.00010341460555198285,0.0002545433548419678
26.266,0.00010520455751732598,0.00025454276893280563
26.268,0.00010699338558039977,0.00025454218477176263
26.27,0.00010878069099768756,0.00025454160235362314
26.272,0.00011056607357561992,0.000254541021673187
26.274,0.00011234913197192147,0.0002545404427252696
26.276,0.00011412946398479079,0.00025453986550470184
26.278,0.00011590666682077069,0.0002545392900063299
26.28,0.00011768033733643205,0.0002545387162250155
26.282,0.00011945007225509972,0.0002545381441556356
26.284,0.00012121546836614118,0.00025453757379308254
26.286,0.00012297612271966446,0.00025453700513226375
26.288,0.0001247316328326056,0.000254536438168102
26.29,0.00012648159692234376,0.00025453587289553506
26.292,0.0001282256141804749,0.00025453530930951595
26.294,0.0001299632850935457,0.00025453474740501266
26.296,0.00013169421180963208,0.0002545341871770082
26.298,0.00013341799854190846,0.00025453362862050063
26.3,0.00013513425199384278,0.0002545330717305028
26.302,0.00013684258178700513,0.00025453251650204255
26.304,0.00013854260087235346,0.0002545319629301625
26.306,0.00014023392590879,0.00025453141100992006
26.308,0.0001419161775989201,0.00025453086073638743
26.31,0.0001435889809791171,0.00025453031210465147
26.312,0.00014525196566846682,0.00025452976510981375
26.314,0.0001469047660873174,0.0002545292197469904
26.316,0.0001485470216599477,0.0002545286760113121
26.318,0.0001501783770169648,0.0002545281338979241
26.32,0.0001517984822114369,0.00025452759340198624
26.322,0.00015340699295904434,0.00025452705451867256
26.324,0.0001550035709074529,0.0002545265172431717
26.326,0.00015658788393454464,0.0002545259815706866
26.328,0.00015815960647029532,0.00025452544749643446
26.33,0.0001597184198330764,0.0002545249150156468
26.332,0.00016126401256887974,0.0002545243841235694
26.334,0.00016279608078139177,0.0002545238548154621
26.336,0.0001643143284416882,0.00025452332708659906
26.338,0.00016581846766891117,0.00025452280093226834
26.34,0.0001673082189762671,0.0002545222763477723
26.342,0.00016878331148093858,0.00025452175332842705
26.344,0.00017024348307988365,0.00025452123186956284
26.346,0.00017168848059713135,0.00025452071196652387
26.348,0.0001731180599103621,0.00025452019361466813
26.35,0.00017453198606571304,0.0002545196768093675
26.352,0.00017593003338946378,0.00025451916154600767
26.354,0.00017731198560359536,0.00025451864781998816
26.356,0.0001786776359495849,0.0002545181356267221
26.358,0.00018002678732142232,0.0002545176249616364
26.36,0.00018135925240575387,0.0002545171158201716
26.362,0.00018267485382395356,0.0002545166081977818
26.364,0.00018397342426936338,0.00025451610208993464
26.366,0.0001852548066320593,0.0002545155974921114
26.368,0.00018651885410412558,0.0002545150943998068
26.37,0.00018776543025999094,0.00025451459280852884
26.372,0.0001889944091084153,0.00025451409271379916
26.374,0.00019020567511537583,0.00025451359411115263
26.376,0.00019139912319890982,0.00025451309699613746
26.378,0.00019257465869907891,0.00025451260136431515
26.38,0.00019373219732681776,0.00025451210721126046
26.382,0.00019487166509598824,0.00025451161453256136
26.384,0.00019599299824253768,0.0002545111233238189
26.386,0.00019709614313391337,0.00025451063358064737
26.388,0.00019818105617103225,0.0002545101452986741
26.39,0.00019924770368386893,0.00025450965847353935
26.392,0.00020029606182098448,0.0002545091731008966
26.394,0.00020132611643219265,0.0002545086891764122
26.396,0.00020233786294296597,0.00025450820669576534
26.398,0.0002033313062185933,0.00025450772565464825
26.4,0.00020430646041575532,0.00025450724604876595
26.402,0.00020526334881921601,0.00025450676787383623
26.404,0.0002062020036615242,0.0002545062911255897
26.406,0.0002071224659243884,0.0002545058157997698
26.408,0.0002080247851212123,0.0002545053418921325
26.41,0.0002089090190614919,0.0002545048693984465
26.412,0.00020977523359899997,0.0002545043983144931
26.414,0.0002106235023664957,0.0002545039286360663
26.416,0.00021145390650048412,0.00025450346035897257
26.418,0.00021226653435950095,0.0002545029934790308
26.42,0.00021306148123885065,0.0002545025279920725
26.422,0.00021383884908379765,0.0002545020638939416
26.424,0.00021459874620177434,0.00025450160118049435
26.426,0.00021534128697284156,0.0002545011398475994
26.428,0.00021606659155649598,0.00025450067989113775
26.43,0.00021677478559225337,0.0002545002213070027
26.432,0.00021746599989157835,0.0002544997640910997
26.434,0.0002181403701192827,0.0002544993082393465
26.436,0.00021879803646387297,0.00025449885374767317
26.438,0.00021943914329768373,0.0002544984006120216
26.44,0.00022006383882908754,0.00025449794882834604
26.442,0.00022067227474996078,0.00025449749839261273
26.444,0.00022126460588196793,0.00025449704930079995
26.446,0.00022184098982466164,0.00025449660154889793
26.448,0.00022240158660724854,0.00025449615513290896
26.45,0.00022294655834422797,0.0002544957100488472
26.452,0.00022347606889347725,0.00025449526629273866
26.454,0.0002239902835137999,0.00025449482386062135
26.456,0.0002244893685185619,0.00025449438274854496
26.458,0.00022497349092203973,0.000254493942952571
26.46,0.0002254428180767402,0.00025449350446877275
26.462,0.0002258975173018645,0.0002544930672932352
26.464,0.00022633775550587258,0.0002544926314220551
26.466,0.0002267636988085537,0.00025449219685134066
26.468,0.0002271755121698677,0.00025449176357721185
26.47,0.00022757335903364346,0.00025449133159580016
26.472,0.00022795740099336448,0.00025449090090324866
26.474,0.00022832779748516028,0.0002544904714957119
26.476,0.0002286847055096529,0.0002544900433693559
26.478,0.00022902827938033252,0.00025448961652035814
26.48,0.00022935867049211003,0.0002544891909449075
26.482,0.00022967602710077212,0.0002544887666392042
26.484,0.0002299804941026487,0.00025448834359945985
26.486,0.00023027221280429348,0.0002544879218218973
26.488,0.00023055132067477442,0.00025448750130275074
26.49,0.0002308179510774931,0.0002544870820382655
26.492,0.0002310722329835539,0.00025448666402469824
26.494,0.0002313142906743098,0.0002544862472583167
26.496,0.00023154424344463324,0.0002544858317353997
26.498,0.00023176220532092443,0.00025448541745223737
26.5,0.0002319682848077854,0.00025448500440513065
26.502,0.0002321625846745574,0.0002544845925903917
26.504,0.0002323452017883774,0.00025448418200434364
26.506,0.00023251622699445301,0.00025448377264332054
26.508,0.00023267574503829213,0.0002544833645036674
26.51,0.00023282383451954342,0.00025448295758174013
26.512,0.00023296056786417955,0.00025448255187390556
26.514,0.00023308601130099912,0.0002544821473765413
26.516,0.0002332002248303947,0.0002544817440860358
26.518,0.00023330326217748182,0.0002544813419987883
26.52,0.00023339517072681052,0.00025448094111120873
26.522,0.00023347599144164216,0.0002544805414197177
26.524,0.00023354575877530763,0.00025448014292074665
26.526,0.00023360450058552705,0.00025447974561073754
26.528,0.0002336522380634196,0.000254479349486143
26.53,0.0002336889856878623,0.00025447895454342617
26.532,0.00023371475121289077,0.0002544785607790608
26.534,0.00023372953569154837,0.00025447816818953124
26.536,0.00023373333353526003,0.0002544777767713322
26.538,0.000233726132603616,0.00025447738652096885
26.54,0.00023370791431660704,0.0002544769974349569
26.542,0.00023367865378005342,0.0002544766095098224
26.544,0.00023363831991529604,0.00025447622274210173
26.546,0.00023358687558611678,0.00025447583712834163
26.548,0.00023352427771882844,0.00025447545266509914
26.55,0.000233450477415008,0.00025447506934894157
26.552,0.00023336542005958675,0.00025447468717644647
26.554,0.00023326904542978526,0.00025447430614420165
26.556,0.0002331612878117654,0.000254473926248805
26.558,0.00023304207613202775,0.00025447354748686467
26.56,0.00023291133410921434,0.00025447316985499884
26.562,0.0002327689804294925,0.00025447279334983586
26.564,0.00023261492894573267,0.00025447241796801404
26.566,0.00023244908889721185,0.0002544720437061818
26.568,0.00023227136514412873,0.00025447167056099755
26.57,0.00023208165840953325,0.0002544712985291297
26.572,0.000231879865521154,0.00025447092760725644
26.574,0.0002316658796470327,0.0002544705577920661
26.576,0.0002314395905215929,0.00025447018908025674
26.578,0.00023120088466221277,0.0002544698214685363
26.58,0.00023094964557988354,0.0002544694549536226
26.582,0.00023068575399037128,0.0002544690895322431
26.584,0.00023040908803359097,0.0002544687252011353
26.586,0.00023011952350852173,0.00025446836195704614
26.588,0.00022981693412862199,0.0002544679997967324
26.59,0.00022950119179899832,0.00025446763871696054
26.592,0.00022917216691206908,0.00025446727871450664
26.594,0.00022882972865406512,0.00025446691978615643
26.596,0.00022847374531173418,0.00025446656192870524
26.598,0.00022810408456724803,0.0002544662051389579
26.6,0.00022772061377067499,0.00025446584941372886
26.602,0.00022732320018249485,0.00025446549474984195
26.604,0.0002269117111839418,0.00025446514114413056
26.606,0.0002264860144586021,0.00025446478859343755
26.608,0.0002260459781540908,0.00025446443709461515
26.61,0.0002255914710364478,0.000254464086644525
26.612,0.00022512236265141822,0.0002544637372400381
26.614,0.00022463852350547873,0.0002544633888780348
26.616,0.0002241398252757256,0.0002544630415554047
26.618,0.0002236261410520498,0.00025446269526904677
26.62,0.00022309734560858443,0.00025446235001586916
26.622,0.0002225533156952763,0.00025446200579278927
26.624,0.0002219939303360629,0.0002544616625967337
26.626,0.00022141907111788178,0.00025446132042463825
26.628,0.00022082862245553973,0.00025446097927344784
26.63,0.0002202224718206734,0.00025446063914011646
26.632,0.0002196005099283389,0.00025446030002160725
26.634,0.0002189626308808972,0.00025445996191489237
26.636,0.00021830873227494466,0.000254459624816953
26.638,0.0002176387152817985,0.00025445928872477945
26.64,0.00021695248471471687,0.0002544589536353708
26.642,0.0002162499490964655,0.0002544586195457353
26.644,0.00021553102073873238,0.00025445828645288994
26.646,0.00021479561584110632,0.00025445795435386073
26.648,0.00021404365461267998,0.00025445762324568253
26.65,0.00021327506141401138,0.00025445729312539904
26.652,0.00021248976491346726,0.00025445696399006276
26.654,0.00021168769824874122,0.000254456635836735
26.656,0.00021086879918363188,0.0002544563086624859
26.658,0.00021003301025046767,0.0002544559824643942
26.66,0.00020918027887095936,0.00025445565723954746
26.662,0.0002083105574509598,0.0002544553329850419
26.664,0.00020742380344818102,0.0002544550096979824
26.666,0.00020651997941474322,0.0002544546873754825
26.668,0.00020559905301908212,0.0002544543660146643
26.67,0.00020466099705303563,0.00025445404561265866
26.672,0.0002037057894304885,0.00025445372616660474
26.674,0.00020273341318351762,0.0002544534076736504
26.676,0.00020174385646067644,0.00025445309013095193
26.678,0.00020073711253070392,0.0002544527735356742
26.68,0.0001997131797928276,0.0002544524578849905
26.682,0.00019867206179345663,0.0002544521431760825
26.684,0.00019761376724730493,0.0002544518294061403
26.686,0.0001965383100601341,0.0002544515165723624
26.688,0.00019544570934958041,0.0002544512046719557
26.69,0.0001943359894604299,0.0002544508937021354
26.692,0.0001932091799710345,0.00025445058366012493
26.694,0.00019206531568823217,0.00025445027454315614
26.696,0.00019090443662925612,0.00025444996634846903
26.698,0.0001897265879902686,0.00025444965907331195
26.7,0.00018853182010259437,0.0002544493527149413
26.702,0.00018732018837874697,0.00025444904727062184
26.704,0.0001860917532516575,0.00025444874273762634
26.706,0.00018484658011083227,0.0002544484391132358
26.708,0.00018358473923948666,0.0002544481363947393
26.71,0.00018230630575626877,0.00025444783457943403
26.712,0.0001810113595641944,0.0002544475336646252
26.714,0.00017969998530811734,0.00025444723364762613
26.716,0.00017837227234043397,0.00025444693452575807
26.718,0.0001770283146931307,0.0002544466362963503
26.72,0.0001756682110530003,0.00025444633895674014
26.722,0.00017429206473599227,0.00025444604250427275
26.724,0.0001728999836567808,0.00025444574693630123
26.726,0.00017149208029018968,0.0002544454522501866
26.728,0.0001700684716225797,0.00025444515844329777
26.73,0.00016862927909328557,0.00025444486551301146
26.732,0.00016717462852807501,0.0002544445734567123
26.734,0.00016570465006839335,0.0002544442822717926
26.736,0.00016421947810132552,0.00025444399195565247
26.738,0.00016271925119542102,0.0002544437025056999
26.74,0.0001612041120469084,0.00025444341391935054
26.742,0.00015967420743923178,0.0002544431261940277
26.744,0.0001581296882168257,0.0002544428393271624
26.746,0.0001565707092719145,0.0002544425533161934
26.748,0.0001549974295408797,0.000254442268158567
26.75,0.00015341001200575518,0.00025444198385173717
26.752,0.00015180862369560758,0.0002544417003931655
26.754,0.00015019343568302039,0.00025444141778032113
26.756,0.0001485646230721314,0.00025444113601068074
26.758,0.00014692236497619018,0.00025444085508172855
26.76,0.00014526684448446447,0.00025444057499095625
26.762,0.0001435982486200717,0.0002544402957358631
26.764,0.00014191676829156312,0.0002544400173139557
26.766,0.0001402225982420347,0.0002544397397227482
26.768,0.0001385159369996614,0.0002544394629597621
26.77,0.00013679698683357903,0.0002544391870225263
26.772,0.0001350659537181889,0.00025443891190857714
26.774,0.0001333230473082963,0.00025443863761545827
26.776,0.00013156848092618702,0.0002544383641407206
26.778,0.0001298024715603906,0.00025443809148192247
26.78,0.0001280252398746528,0.0002544378196366294
26.782,0.0001262370102240185,0.0002544375486024142
26.784,0.0001244380106737846,0.000254437278376857
26.786,0.00012262847301641651,0.000254437008957545
26.788,0.00012080863278114229,0.0002544367403420727
26.79,0.00011897872923192792,0.0002544364725280419
26.792,0.0001171390053510334,0.0002544362055130613
26.794,0.00011528970780776363,0.00025443593929474687
26.796,0.0001134310869148531,0.00025443567387072166
26.798,0.00011156339657761701,0.0002544354092386158
26.8,0.00010968689424288773,0.0002544351453960666
26.802,0.0001078018408554638,0.00025443488234071834
26.804,0.00010590850082877289,0.0002544346200702222
26.806,0.000104007142033878,0.00025443435858223665
26.808,0.00010209803580731871,0.00025443409787442693
26.81,0.00010018145697365989,0.00025443383794446526
26.812,9.825768387507489e-05,0.0002544335787900309
26.814,9.632699839755275e-05,0.00025443332040881
26.816,9.438968598269789e-05,0.00025443306279849555
26.818,9.244603561599387e-05,0.0002544328059567875
26.82,9.049633978576362e-05,0.0002544325498813926
26.822,8.854089441231053e-05,0.00025443229457002453
26.824,8.657999875189306e-05,0.00025443204002040373
26.826,8.461395528458528e-05,0.00025443178623025744
26.828,8.264306959775317e-05,0.0002544315331973197
26.83,8.06676502772249e-05,0.00025443128091933126
26.832,7.868800881607714e-05,0.0002544310293940397
26.834,7.670445954697285e-05,0.00025443077861919927
26.836,7.471731959890291e-05,0.0002544305285925709
26.838,7.272690887395245e-05,0.00025443027931192227
26.84,7.073355003563419e-05,0.0002544300307750276
26.842,6.873756849766336e-05,0.0002544297829796679
26.844,6.673929240167878e-05,0.00025442953592363064
26.846,6.473905257375358e-05,0.0002544292896047101
26.848,6.27371824525467e-05,0.00025442904402070687
26.85,6.073401798580496e-05,0.00025442879916942834
26.852,5.872989749590096e-05,0.00025442855504868834
26.854,5.672516151875829e-05,0.0002544283116563072
26.856,5.472015262315937e-05,0.00025442806899011187
26.858,5.271521521921055e-05,0.0002544278270479356
26.86,5.0710695365147726e-05,0.0002544275858276183
26.862,4.8706940581119126e-05,0.0002544273453270062
26.864,4.6704299677119056e-05,0.00025442710554395194
26.866,4.4703122600014934e-05,0.00025442686647631467
26.868,4.2703760301704753e-05,0.00025442662812195986
26.87,4.0706564627378326e-05,0.00025442639047875933
26.872,3.871188821955196e-05,0.0002544261535445913
26.874,3.672008443095818e-05,0.00025442591731734027
26.876,3.473150723690226e-05,0.00025442568179489714
26.878,3.274651113722703e-05,0.000254425446975159
26.88,3.0765451038171446e-05,0.00025442521285602926
26.882,2.878868210673266e-05,0.0002544249794354176
26.884,2.6816559593508876e-05,0.00025442474671123993
26.886,2.484943862430009e-05,0.00025442451468141836
26.888,2.288767396545319e-05,0.0002544242833438812
26.89,2.0931619771984415e-05,0.00025442405269656294
26.892,1.8981629330315708e-05,0.0002544238227374043
26.894,1.7038054808343684e-05,0.000254423593464352
26.896,1.5101247024481106e-05,0.00025442336487535897
26.898,1.3171555244069503e-05,0.0002544231369683843
26.9,1.1249327006961703e-05,0.0002544229097413932
26.902,9.334907984748499e-06,0.0002544226831923567
26.904,7.428641860999703e-06,0.0002544224573192522
26.906,5.5308702238807905e-06,0.00025442223212006294
26.908,3.6419324585245968e-06,0.00025442200759277816
26.91,1.7621656265032226e-06,0.0002544217837353932
26.912,-1.0809567790079599e-07,0.0002544215605459094
26.914,-1.9685195008835196e-06,0.000254421338022334
26.916,-3.818776732861199e-06,0.0002544211161626801
26.918,-5.658541338691906e-06,0.000254420894964967
26.92,-7.487490605694489e-06,0.0002544206744272195
26.922,-9.30530539777661e-06,0.0002544204545474687
26.924,-1.1111670402814194e-05,0.00025442023532375136
26.926,-1.2906274361579796e-05,0.00025442001675411014
26.928,-1.4688810268824816e-05,0.00025441979883659353
26.93,-1.645897554148628e-05,0.00025441958156925584
26.932,-1.8216472153018407e-05,0.0002544193649501572
26.934,-1.9961006737171995e-05,0.0002544191489773635
26.936,-2.16922906676256e-05,0.0002544189336489465
26.938,-2.341004012173302e-05,0.0002544187189629835
26.94,-2.5113976137124285e-05,0.0002544185049175578
26.942,-2.68038246688732e-05,0.00025441829151075826
26.944,-2.847931665313828e-05,0.00025441807874067947
26.946,-3.0140188080829478e-05,0.0002544178666054217
26.948,-3.17861800825491e-05,0.0002544176551030909
26.95,-3.341703902387489e-05,0.0002544174442317987
26.952,-3.503251660868378e-05,0.0002544172339896623
26.954,-3.6632369987183006e-05,0.00025441702437480453
26.956,-3.82163618645493e-05,0.0002544168153853539
26.958,-3.9784260606103914e-05,0.00025441660701944435
26.96,-4.133584033441911e-05,0.0002544163992752156
26.962,-4.287088101390819e-05,0.0002544161921508127
26.964,-4.4389168518578315e-05,0.0002544159856443864
26.966,-4.58904946788987e-05,0.00025441577975409286
26.968,-4.737465730495849e-05,0.0002544155744780938
26.97,-4.8841460184452104e-05,0.00025441536981455644
26.972,-5.0290713056188e-05,0.00025441516576165345
26.974,-5.1722231562124494e-05,0.0002544149623175629
26.976,-5.31358371832276e-05,0.0002544147594804683
26.978,-5.453135716607049e-05,0.0002544145572485587
26.98,-5.590862444776311e-05,0.00025441435562002844
26.982,-5.72674775861216e-05,0.0002544141545930773
26.984,-5.8607760700035816e-05,0.00025441395416591034
26.986,-5.992932342191531e-05,0.0002544137543367381
26.988,-6.12320208605332e-05,0.00025441355510377636
26.99,-6.25157135691684e-05,0.0002544133564652463
26.992,-6.37802675112721e-05,0.0002544131584193744
26.994,-6.502555401486729e-05,0.00025441296096439235
26.996,-6.625144970723109e-05,0.0002544127640985372
26.998,-6.745783642377412e-05,0.00025441256782005115
27.0,-6.86446010882332e-05,0.00025441237212718186
27.002,-6.98116355654808e-05,0.000254412177018182
27.004,-7.09588364919484e-05,0.0002544119824913095
27.006,-7.208610509158099e-05,0.00025441178854482765
27.008,-7.319334698664812e-05,0.0002544115951770047
27.01,-7.428047201251561e-05,0.0002544114023861142
27.012,-7.53473940435978e-05,0.0002544112101704348
27.014,-7.63940308347034e-05,0.00025441101852825024
27.016,-7.74203038785193e-05,0.0002544108274578495
27.018,-7.84261382763247e-05,0.00025441063695752665
27.02,-7.941146261656682e-05,0.0002544104470255807
27.022,-8.037620885423571e-05,0.00025441025766031593
27.024,-8.132031218372341e-05,0.0002544100688600416
27.026,-8.22437108990472e-05,0.0002544098806230719
27.028,-8.314634623715199e-05,0.00025440969294772625
27.03,-8.40281622026832e-05,0.00025440950583232897
27.032,-8.48891053751224e-05,0.00025440931927520934
27.034,-8.572912470158442e-05,0.00025440913327470175
27.036,-8.654817128020192e-05,0.00025440894782914543
27.038,-8.734619813994187e-05,0.0002544087629368847
27.04,-8.8123160022928e-05,0.0002544085785962687
27.042,-8.887901317473259e-05,0.0002544083948056515
27.044,-8.96137151471777e-05,0.00025440821156339226
27.046,-9.032722461676889e-05,0.0002544080288678548
27.048,-9.10195012203053e-05,0.0002544078467174079
27.05,-9.169050540762918e-05,0.00025440766511042524
27.052,-9.234019830993531e-05,0.00025440748404528536
27.054,-9.296854162044388e-05,0.00025440730352037166
27.056,-9.357549748341152e-05,0.00025440712353407225
27.058,-9.41610283864283e-05,0.0002544069440847802
27.06,-9.47250970508415e-05,0.00025440676517089316
27.062,-9.52676663157274e-05,0.00025440658679081385
27.064,-9.57886990118155e-05,0.0002544064089429495
27.066,-9.628815782388418e-05,0.0002544062316257122
27.068,-9.676600514229729e-05,0.0002544060548375188
27.07,-9.72222029070453e-05,0.00025440587857679083
27.072,-9.76567124498501e-05,0.0002544057028419546
27.074,-9.806949434169299e-05,0.00025440552763144095
27.076,-9.84605082537038e-05,0.0002544053529436856
27.078,-9.8829712838776e-05,0.0002544051787771288
27.08,-9.917706563946488e-05,0.00025440500513021556
27.082,-9.95025230248213e-05,0.0002544048320013954
27.084,-9.980604015534709e-05,0.0002544046593891226
27.086,-0.00010008757097182381,0.0002544044872918559
27.088,-0.00010034706820087429,0.00025440431570805883
27.09,-0.00010058448336846439,0.0002544041446361993
27.092,-0.00010079976681251699,0.00025440397407474995
27.094,-0.00010099286768709329,0.0002544038040221879
27.096,-0.0001011637339536786,0.00025440363447699487
27.098,-0.0001013123123586728,0.00025440346543765705
27.1,-0.00010143854840035662,0.0002544032969026652
27.102,-0.0001015423862917583,0.0002544031288705145
27.104,-0.0001016237689284321,0.0002544029613397047
27.106,-0.00010168263787053202,0.00025440279430874
27.108,-0.00010171893334768949,0.0002544026277761291
27.11,-0.00010173259429246471,0.000254402461740385
27.112,-0.0001017235584045507,0.00025440229620002537
27.114,-0.0001016917622438659,0.0002544021311535721
27.116,-0.00010163714134705441,0.00025440196659955156
27.118,-0.00010155963035946671,0.0002544018025364946
27.12,-0.0001014591631736288,0.00025440163896293635
27.122,-0.00010133567306612751,0.0002544014758774163
27.124,-0.00010118909282688459,0.00025440131327847843
27.126,-0.00010101935487845269,0.0002544011511646709
27.128,-0.00010082639138637031,0.0002544009895345463
27.13,-0.0001006101343651166,0.0002544008283866615
27.132,-0.000100370515786516,0.0002544006677195777
27.134,-0.0001001074676980529,0.0002544005075318604
27.136,-9.98209223578742e-05,0.0002544003478220793
27.138,-9.951081239084051e-05,0.0002544001885888085
27.14,-9.917707096683419e-05,0.0002544000298306262
27.142,-9.88196319987766e-05,0.000254399871546115
27.144,-9.843843035495388e-05,0.0002543997137338616
27.146,-9.803340207797381e-05,0.00025439955639245705
27.148,-9.760448460220168e-05,0.0002543993995204965
27.15,-9.71516169624899e-05,0.0002543992431165792
27.152,-9.66747399893486e-05,0.00025439908717930884
27.154,-9.61737964889915e-05,0.0002543989317072931
27.156,-9.56487314100691e-05,0.0002543987766991438
27.158,-9.50994920020779e-05,0.00025439862215347693
27.16,-9.452602797237688e-05,0.0002543984680689127
27.162,-9.392829164940939e-05,0.00025439831444407535
27.164,-9.330623815904018e-05,0.0002543981612775932
27.166,-9.26598256187386e-05,0.00025439800856809873
27.168,-9.198901535150859e-05,0.00025439785631422847
27.17,-9.129377211835361e-05,0.00025439770451462303
27.172,-9.057406436509171e-05,0.00025439755316792706
27.174,-8.982986447747529e-05,0.0002543974022727892
27.176,-8.90611490375355e-05,0.00025439725182786223
27.178,-8.826789907447851e-05,0.00025439710183180293
27.18,-8.74501003047605e-05,0.00025439695228327204
27.182,-8.660774335821962e-05,0.0002543968031809343
27.184,-8.574082398926189e-05,0.00025439665452345843
27.186,-8.48493432745817e-05,0.00025439650630951715
27.188,-8.393330780036137e-05,0.00025439635853778713
27.19,-8.299272984289248e-05,0.000254396211206949
27.192,-8.20276275465715e-05,0.0002543960643156873
27.194,-8.1038025102626e-05,0.00025439591786269056
27.196,-8.002395293076251e-05,0.00025439577184665113
27.198,-7.898544786443009e-05,0.0002543956262662653
27.2,-7.79225533390538e-05,0.0002543954811202332
27.202,-7.683531958128031e-05,0.000254395336407259
27.204,-7.572380379631559e-05,0.00025439519212605056
27.206,-7.458807034980592e-05,0.0002543950482753197
27.208,-7.342819094054571e-05,0.00025439490485378203
27.21,-7.224424476028239e-05,0.000254394761860157
27.212,-7.103631863767641e-05,0.0002543946192931679
27.214,-6.980450716413119e-05,0.0002543944771515418
27.216,-6.854891280085681e-05,0.00025439433543400963
27.218,-6.726964596789381e-05,0.000254394194139306
27.22,-6.596682511778472e-05,0.0002543940532661694
27.222,-6.464057679801041e-05,0.000254393912813342
27.224,-6.3291035707611e-05,0.00025439377277956983
27.226,-6.191834475353938e-05,0.0002543936331636026
27.228,-6.0522655111851e-05,0.0002543934939641937
27.23,-5.910412629686928e-05,0.0002543933551801003
27.232,-5.7662926239270075e-05,0.00025439321681008324
27.234,-5.61992313707851e-05,0.0002543930788529071
27.236,-5.471322671078009e-05,0.00025439294130734017
27.238,-5.3205105947821916e-05,0.0002543928041721543
27.24,-5.1675071508750495e-05,0.00025439266744612516
27.242,-5.012333460857759e-05,0.0002543925311280319
27.244,-4.8550115276697694e-05,0.00025439239521665746
27.246,-4.695564235802521e-05,0.00025439225971078834
27.248,-4.534015349105481e-05,0.00025439212460921464
27.25,-4.370389506764859e-05,0.0002543919899107302
27.252,-4.204712218108132e-05,0.00025439185561413225
27.254,-4.037009856888844e-05,0.0002543917217182218
27.256,-3.867309655556678e-05,0.00025439158822180327
27.258,-3.695639699772001e-05,0.0002543914551236848
27.26,-3.522028923083548e-05,0.00025439132242267804
27.262,-3.346507101438162e-05,0.0002543911901175981
27.264,-3.16910484701981e-05,0.0002543910582072638
27.266,-2.9898536008764233e-05,0.00025439092669049724
27.268,-2.8087856239609587e-05,0.00025439079556612427
27.27,-2.6259339864359902e-05,0.0002543906648329741
27.272,-2.4413325553954398e-05,0.0002543905344898795
27.274,-2.2550159814095516e-05,0.0002543904045356767
27.276,-2.0670196844296306e-05,0.0002543902749692054
27.278,-1.8773798395842485e-05,0.00025439014578930875
27.28,-1.6861333632313603e-05,0.00025439001699483334
27.282,-1.4933178993425307e-05,0.00025438988858462926
27.284,-1.2989718059891597e-05,0.00025438976055755004
27.286,-1.103134141443921e-05,0.00025438963291245253
27.288,-9.058446492522392e-06,0.0002543895056481971
27.29,-7.071437416773213e-06,0.0002543893787636474
27.292,-5.070724811016006e-06,0.0002543892522576706
27.294,-3.0567255928634954e-06,0.00025438912612913713
27.296,-1.0298627475952953e-06,0.00025438900037692087
27.298,1.0094349108596891e-06,0.00025438887499989907
27.3,3.0607329841702142e-06,0.00025438874999695227
27.302,5.1235917307809904e-06,0.0002543886253669644
27.304,7.197566297630499e-06,0.0002543885011088227
27.306,9.28220693848929e-06,0.0002543883772214177
27.308,1.1377059218935321e-05,0.0002543882537036433
27.31,1.3481664211219705e-05,0.00025438813055439664
27.312,1.5595558685094202e-05,0.0002543880077725782
27.314,1.771827530189651e-05,0.0002543878853570917
27.316,1.9849342818864773e-05,0.0002543877633068442
27.318,2.1988286308892603e-05,0.0002543876416207459
27.32,2.4134627398400197e-05,0.0002543875202977104
27.322,2.6287884522852126e-05,0.00025438739933665447
27.324,2.84475731969193e-05,0.00025438727873649804
27.326,3.061320629424671e-05,0.00025438715849616434
27.328,3.278429433109311e-05,0.00025438703861457987
27.33,3.496034574823059e-05,0.0002543869190906742
27.332,3.714086718670919e-05,0.00025438679992338014
27.334,3.9325363754504105e-05,0.0002543866811116338
27.336,4.151333928307914e-05,0.00025438656265437426
27.338,4.3704296574082824e-05,0.00025438644455054395
27.34,4.5897737637849115e-05,0.00025438632679908833
27.342,4.8093163925725196e-05,0.0002543862093989561
27.344,5.029007655868911e-05,0.00025438609234909896
27.346,5.248797655441542e-05,0.00025438597564847194
27.348,5.468636505482228e-05,0.000254385859296033
27.35,5.6884743555772203e-05,0.0002543857432907434
27.352,5.908261414024662e-05,0.00025438562763156725
27.354,6.127947971601926e-05,0.00025438551231747196
27.356,6.347484425836569e-05,0.0002543853973474279
27.358,6.56682130577925e-05,0.0002543852827204086
27.36,6.785909297203887e-05,0.00025438516843539057
27.362,7.004699268065373e-05,0.0002543850544913534
27.364,7.223142293966847e-05,0.00025438494088727984
27.366,7.441189683309034e-05,0.0002543848276221555
27.368,7.658793001774687e-05,0.0002543847146949691
27.37,7.875904095811011e-05,0.00025438460210471236
27.372,8.092475114863883e-05,0.00025438448985038
27.374,8.308458532240126e-05,0.0002543843779309698
27.376,8.523807164652892e-05,0.0002543842663454825
27.378,8.738474190659082e-05,0.0002543841550929217
27.38,8.952413168344172e-05,0.0002543840441722942
27.382,9.165578052682441e-05,0.0002543839335826096
27.384,9.37792321300409e-05,0.00025438382332288053
27.386,9.58940345091462e-05,0.00025438371339212246
27.388,9.799974018868658e-05,0.0002543836037893539
27.39,0.00010009590639402708,0.0002543834945135963
27.392,0.00010218209524857647,0.00025438338556387397
27.394,0.00010425787397227411,0.00025438327693921414
27.396,0.00010632281507704412,0.00025438316863864695
27.398,0.00010837649655420268,0.00025438306066120545
27.4,0.00011041850204938038,0.0002543829530059255
27.402,0.00011244842102129849,0.000254382845671846
27.404,0.0001144658488821095,0.0002543827386580086
27.406,0.00011647038711837463,0.0002543826319634578
27.408,0.00011846164339319529,0.00025438252558724093
27.41,0.0001204392316313497,0.00025438241952840826
27.412,0.00012240277209033334,0.00025438231378601284
27.414,0.00012435189142124167,0.00025438220835911056
27.416,0.0001262862227241136,0.00025438210324676004
27.418,0.00012820540560279129,0.00025438199844802286
27.42,0.00013010908622454947,0.0002543818939619633
27.422,0.00013199691738901052,0.00025438178978764845
27.424,0.0001338685586098171,0.0002543816859241482
27.426,0.0001357236762104657,0.0002543815823705352
27.428,0.0001375619434330222,0.00025438147912588483
27.43,0.00013938304055541108,0.00025438137618927534
27.432,0.0001411866550100982,0.00025438127355978765
27.434,0.00014297248149474333,0.00025438117123650537
27.436,0.00014474022206449367,0.00025438106921851496
27.438,0.00014648958619630162,0.0002543809675049055
27.44,0.0001482202908183766,0.0002543808660947689
27.442,0.00014993206030186674,0.0002543807649871997
27.444,0.00015162462641715637,0.0002543806641812951
27.446,0.0001532977282621288,0.00025438056367615514
27.448,0.0001549511121740432,0.0002543804634708824
27.45,0.0001565845316387443,0.0002543803635645822
27.452,0.000158197747210902,0.0002543802639563626
27.454,0.00015979052645580773,0.0002543801646453341
27.456,0.0001613626439185351,0.0002543800656306101
27.458,0.00016291388112012412,0.00025437996691130655
27.46,0.0001644440265740508,0.000254379868486542
27.462,0.0001659528758118357,0.0002543797703554377
27.464,0.00016744023140394175,0.00025437967251711746
27.466,0.0001689059029626381,0.00025437957497070776
27.468,0.0001703497071165741,0.0002543794777153376
27.47,0.00017177146745211787,0.00025437938075013866
27.472,0.00017317101442230782,0.0002543792840742452
27.474,0.0001745481852301678,0.000254379187686794
27.476,0.00017590282369669738,0.0002543790915869245
27.478,0.00017723478012562842,0.0002543789957737787
27.48,0.0001785439111756596,0.0002543789002465011
27.482,0.00017983007974763367,0.00025437880500423876
27.484,0.00018109315488947308,0.00025437871004614133
27.486,0.0001823330117168421,0.000254378615371361
27.488,0.0001835495313436065,0.0002543785209790524
27.49,0.0001847426008141525,0.0002543784268683728
27.492,0.0001859121130294168,0.000254378333038482
27.494,0.00018705796666018513,0.0002543782394885421
27.496,0.0001881800660443163,0.00025437814621771793
27.498,0.00018927832106740015,0.00025437805322517664
27.5,0.00019035264702940967,0.000254377960510088
27.502,0.00019140296450136026,0.0002543778680716242
27.504,0.0001924291991762898,0.00025437777590895993
27.506,0.00019343128171824556,0.00025437768402127226
27.508,0.000194409147611209,0.0002543775924077408
27.51,0.00019536273700895818,0.0002543775010675475
27.512,0.00019629199458531685,0.00025437740999987695
27.514,0.00019719686938453538,0.000254377319203916
27.516,0.00019807731467178343,0.0002543772286788539
27.518,0.00019893328778509888,0.00025437713842388257
27.52,0.00019976474999081458,0.000254377048438196
27.522,0.00020057166634532457,0.00025437695872099084
27.524,0.00020135400556536444,0.000254376869271466
27.526,0.00020211173990797806,0.0002543767800888229
27.528,0.00020284484505909183,0.0002543766911722652
27.53,0.0002035533000275044,0.00025437660252099903
27.532,0.00020423708703920103,0.00025437651413423286
27.534,0.00020489619142611453,0.00025437642601117757
27.536,0.00020553060150363045,0.0002543763381510463
27.538,0.00020614030843317104,0.0002543762505530546
27.54,0.000206725306068862,0.00025437616321642036
27.542,0.0002072855907906348,0.0002543760761403638
27.544,0.0002078211613293266,0.0002543759893241075
27.546,0.0002083320185913627,0.0002543759027668762
27.548,0.0002088181654915307,0.0002543758164678972
27.55,0.00020927960680134066,0.00025437573042639986
27.552,0.00020971634901820275,0.00025437564464161606
27.554,0.00021012840025718166,0.0002543755591127798
27.556,0.0002105157701634603,0.0002543754738391275
27.558,0.00021087846984031678,0.0002543753888198977
27.56,0.00021121651178519817,0.0002543753040543314
27.562,0.00021152990982595165,0.0002543752195416717
27.564,0.00021181867904981896,0.00025437513528116414
27.566,0.00021208283572049858,0.00025437505127205625
27.568,0.00021232239718132833,0.000254374967513598
27.57,0.00021253738174621843,0.0002543748840050416
27.572,0.0002127278085827053,0.0002543748007456414
27.574,0.00021289369759353705,0.0002543747177346541
27.576,0.00021303506930360746,0.0002543746349713384
27.578,0.00021315194475837168,0.00025437455245495545
27.58,0.00021324434543804554,0.0002543744701847685
27.582,0.00021331229318929186,0.0002543743881600429
27.584,0.00021335581017347402,0.00025437430638004636
27.586,0.0002133749188283964,0.00025437422484404874
27.588,0.0002133696418389759,0.00025437414355132195
27.59,0.00021334000211190138,0.00025437406250114025
27.592,0.00021328602274992752,0.00025437398169278
27.594,0.00021320772702281297,0.0002543739011255196
27.596,0.00021310513833358807,0.0002543738207986398
27.598,0.00021297828018068573,0.0002543737407114233
27.6,0.00021282717611794002,0.0002543736608631551
27.602,0.00021265184971519868,0.0002543735812531223
27.604,0.00021245232452286064,0.00025437350188061407
27.606,0.0002122286240430259,0.00025437342274492176
27.608,0.0002119807717095421,0.00025437334384533877
27.61,0.0002117087908780803,0.0002543732651811607
27.612,0.0002114127048266072,0.0002543731867516851
27.614,0.00021109253676575174,0.0002543731085562118
27.616,0.00021074830985801682,0.00025437303059404256
27.618,0.00021038004724451188,0.0002543729528644813
27.62,0.00020998777207756155,0.0002543728753668341
27.622,0.0002095715075578608,0.00025437279810040895
27.624,0.00020913127697484322,0.000254372721064516
27.626,0.00020866710374926246,0.00025437264425846737
27.628,0.0002081790114775192,0.00025437256768157736
27.63,0.00020766702397771372,0.00025437249133316225
27.632,0.00020713116533796683,0.00025437241521254034
27.634,0.00020657145996794948,0.000254372339319032
27.636,0.00020598793265500477,0.00025437226365195964
27.638,0.00020538060862593986,0.0002543721882106476
27.64,0.0002047495136153667,0.0002543721129944223
27.642,0.0002040946739404479,0.00025437203800261223
27.644,0.0002034161165810486,0.0002543719632345478
27.646,0.00020271386926323467,0.0002543718886895615
27.648,0.0002019879605432195,0.00025437181436698767
27.65,0.00020123841988893754,0.00025437174026616275
27.652,0.00020046527775687762,0.00025437166638642513
27.654,0.00019966856566326543,0.00025437159272711515
27.656,0.00019884831625060812,0.00025437151928757516
27.658,0.00019800456335280776,0.00025437144606714945
27.66,0.0001971373420637638,0.0002543713730651843
27.662,0.00019624668881546082,0.0002543713002810279
27.664,0.0001953326414712448,0.00025437122771403034
27.666,0.00019439523943840886,0.0002543711553635438
27.668,0.0001934345238014311,0.0002543710832289222
27.67,0.00019245053747353745,0.00025437101130952155
27.672,0.00019144332536070928,0.0002543709396046997
27.674,0.00019041293452933358,0.0002543708681138164
27.676,0.00018935941436726422,0.0002543707968362334
27.678,0.00018828281672845018,0.00025437072577131427
27.68,0.00018718319605384685,0.0002543706549184245
27.682,0.00018606060946539543,0.00025437058427693154
27.684,0.0001849151168349671,0.0002543705138462046
27.686,0.00018374678083507508,0.00025437044362561483
27.688,0.0001825556669823264,0.00025437037361453527
27.69,0.00018134184368641756,0.00025437030381234086
27.692,0.00018010538231714147,0.0002543702342184083
27.694,0.00017884635729902403,0.0002543701648321163
27.696,0.00017756484623833305,0.0002543700956528453
27.698,0.0001762609300813114,0.00025437002667997764
27.7,0.00017493469329682,0.0002543699579128975
27.702,0.0001735862240719646,0.0002543698893509909
27.704,0.00017221561450703272,0.0002543698209936457
27.706,0.0001708229607965721,0.0002543697528402515
27.708,0.0001694083633861978,0.0002543696848901999
27.71,0.0001679719270998581,0.0002543696171428841
27.712,0.00016651376123809724,0.0002543695495976993
27.714,0.00016503397965337527,0.0002543694822540423
27.716,0.00016353270081284252,0.00025436941511131197
27.718,0.0001620100478605478,0.00025436934816890875
27.72,0.00016046614869052658,0.0002543692814262349
27.722,0.00015890113603879812,0.0002543692148826946
27.724,0.0001573151475974389,0.00025436914853769365
27.726,0.00015570832614848691,0.0002543690823906397
27.728,0.0001540808197103662,0.00025436901644094225
27.73,0.00015243278168637758,0.00025436895068801235
27.732,0.00015076437100380549,0.000254368885131263
27.734,0.0001490757522337783,0.00025436881977010877
27.736,0.00014736709568562612,0.00025436875460396616
27.738,0.0001456385774745173,0.0002543686896322533
27.74,0.0001438903795663019,0.0002543686248543901
27.742,0.0001421226898077169,0.00025436856026979826
27.744,0.00014033570195263328,0.00025436849587790107
27.746,0.0001385296156952733,0.0002543684316781236
27.748,0.0001367046367190333,0.0002543683676698926
27.75,0.0001348609767657549,0.00025436830385263667
27.752,0.00013299885372520991,0.000254368240225786
27.754,0.00013111849173974221,0.0002543681767887724
27.756,0.0001292201213149825,0.0002543681135410296
27.758,0.00012730397942562198,0.0002543680504819928
27.76,0.00012537030960526273,0.000254367987611099
27.762,0.00012341936201163588,0.00025436792492778684
27.764,0.00012145139346234478,0.0002543678624314967
27.766,0.00011946666744121731,0.00025436780012167055
27.768,0.0001174654540797238,0.0002543677379977521
27.77,0.0001154480301216457,0.0002543676760591866
27.772,0.00011341467888125358,0.00025436761430542107
27.774,0.000111365690204659,0.0002543675527359041
27.776,0.00010930136044247811,0.0002543674913500861
27.778,0.00010722199243790881,0.0002543674301474188
27.78,0.0001051278955303865,0.0002543673691273559
27.782,0.00010301938557090399,0.00025436730828935246
27.784,0.000100896784941973,0.0002543672476328654
27.786,9.87604225739009e-05,0.0002543671871573531
27.788,9.661063394940359e-05,0.0002543671268622756
27.79,9.444776109074868e-05,0.00025436706674709453
27.792,9.227215252669674e-05,0.0002543670068112732
27.794,9.008416324023073e-05,0.00025436694705427643
27.796,8.78841546009623e-05,0.0002543668874755707
27.798,8.567249428816726e-05,0.00025436682807462407
27.8,8.344955621062029e-05,0.0002543667688509062
27.802,8.121572042800923e-05,0.0002543667098038882
27.804,7.897137307631012e-05,0.000254366650933043
27.806,7.67169062960127e-05,0.0002543665922378449
27.808,7.445271815937336e-05,0.0002543665337177698
27.81,7.217921259078519e-05,0.0002543664753722953
27.812,6.989679927391234e-05,0.0002543664172009004
27.814,6.760589354071194e-05,0.00025436635920306574
27.816,6.530691624017721e-05,0.0002543663013782735
27.818,6.300029358829235e-05,0.0002543662437260073
27.82,6.0686457004465414e-05,0.00025436618624575255
27.822,5.836584294226644e-05,0.0002543661289369959
27.824,5.6038892723419386e-05,0.00025436607179922576
27.826,5.370605238290393e-05,0.0002543660148319319
27.828,5.1367772530158264e-05,0.00025436595803460574
27.83,4.9024508226991135e-05,0.0002543659014067401
27.832,4.667671887795283e-05,0.0002543658449478294
27.834,4.432486812492098e-05,0.0002543657886573696
27.836,4.196942373479726e-05,0.00025436573253485807
27.838,3.961085746919118e-05,0.0002543656765797937
27.84,3.724964492688495e-05,0.00025436562079167696
27.842,3.488626535412482e-05,0.0002543655651700097
27.844,3.252120142334297e-05,0.0002543655097142953
27.846,3.01549389864925e-05,0.0002543654544240386
27.848,2.778796681369658e-05,0.00025436539929874597
27.85,2.5420776330453113e-05,0.00025436534433792525
27.852,2.305386136657528e-05,0.00025436528954108566
27.854,2.06877179271794e-05,0.000254365234907738
27.856,1.83228439912999e-05,0.00025436518043739446
27.858,1.595973933772338e-05,0.0002543651261295687
27.86,1.3598905391817109e-05,0.0002543650719837758
27.862,1.124084508264008e-05,0.00025436501799953236
27.864,8.886062697350691e-06,0.00025436496417635636
27.866,6.5350637203079854e-06,0.0002543649105137672
27.868,4.1883546472267074e-06,0.00025436485701128586
27.87,1.8464427693711947e-06,0.00025436480366843457
27.872,-4.901640714478007e-07,0.00025436475048473705
27.874,-2.820957751229182e-06,0.00025436469745971843
27.876,-5.145430145675086e-06,0.00025436464459290534
27.878,-7.463073413989609e-06,0.00025436459188382573
27.88,-9.773380273632881e-06,0.000254364539332009
27.882,-1.2075844257449726e-05,0.0002543644869369859
27.884,-1.4369959948560506e-05,0.00025436443469828863
27.886,-1.6655223192786236e-05,0.0002543643826154508
27.888,-1.8931131292099492e-05,0.0002543643306880074
27.89,-2.1197183185301394e-05,0.00025436427891549474
27.892,-2.3452879623047786e-05,0.00025436422729745064
27.894,-2.5697723343925618e-05,0.00025436417583341416
27.896,-2.7931219256493618e-05,0.00025436412452292586
27.898,-3.015287462988139e-05,0.00025436407336552755
27.9,-3.236219929333051e-05,0.0002543640223607625
27.902,-3.45587058433879e-05,0.00025436397150817536
27.904,-3.6741909856486796e-05,0.00025436392080731204
27.906,-3.891133010475821e-05,0.00025436387025771985
27.908,-4.106648877331139e-05,0.0002543638198589475
27.91,-4.3206911677941317e-05,0.00025436376961054496
27.912,-4.5332128482679396e-05,0.0002543637195120636
27.914,-4.744167291660079e-05,0.0002543636695630561
27.916,-4.95350829886374e-05,0.00025436361976307654
27.918,-5.161190119851021e-05,0.00025436357011168027
27.92,-5.367167474078499e-05,0.00025436352060842396
27.922,-5.571395569878828e-05,0.0002543634712528656
27.924,-5.773830122535009e-05,0.0002543634220445645
27.926,-5.974427370841122e-05,0.0002543633729830814
27.928,-6.17314409214503e-05,0.00025436332406797814
27.93,-6.369937616079219e-05,0.00025436327529881805
27.932,-6.564765837392149e-05,0.0002543632266751657
27.934,-6.757587228414619e-05,0.0002543631781965869
27.936,-6.948360851716103e-05,0.00025436312986264886
27.938,-7.137046373386877e-05,0.00025436308167292
27.94,-7.32360407716225e-05,0.0002543630336269701
27.942,-7.507994879295127e-05,0.0002543629857243701
27.944,-7.69018034379734e-05,0.0002543629379646923
27.946,-7.870122697428739e-05,0.00025436289034751035
27.948,-8.04778484371369e-05,0.0002543628428723991
27.95,-8.223130375329149e-05,0.00025436279553893464
27.952,-8.39612358442727e-05,0.00025436274834669435
27.954,-8.56672947079674e-05,0.0002543627012952569
27.956,-8.73491374815495e-05,0.00025436265438420215
27.958,-8.90064284921496e-05,0.00025436260761311125
27.96,-9.063883930396878e-05,0.00025436256098156665
27.962,-9.224604877111239e-05,0.00025436251448915197
27.964,-9.382774310361869e-05,0.0002543624681354521
27.966,-9.53836159511951e-05,0.0002543624219200532
27.968,-9.691336850428549e-05,0.0002543623758425426
27.97,-9.84167096076153e-05,0.00025436232990250885
27.972,-9.989335587735321e-05,0.00025436228409954185
27.974,-0.00010134303181061342,0.00025436223843323263
27.976,-0.00010276546987611807,0.00025436219290317347
27.978,-0.0001041604105769529,0.00025436214750895785
27.98,-0.000105527602480623,0.00025436210225018044
27.982,-0.00010686680221676759,0.0002543620571264372
27.984,-0.00010817777444845941,0.0002543620121373252
27.986,-0.00010946029182739259,0.00025436196728244277
27.988,-0.00011071413494562219,0.0002543619225613894
27.99,-0.0001119390922968246,0.00025436187797376583
27.992,-0.00011313496025755608,0.0002543618335191739
27.994,-0.00011430154309456551,0.0002543617891972168
27.996,-0.00011543865299866803,0.00025436174500749866
27.998,-0.00011654611013992002,0.00025436170094962504
28.0,-0.000117623742734168,0.00025436165702320254
28.002,-0.000118671387108048,0.00025436161322783894
28.004,-0.000119688887749273,0.0002543615695631432
28.006,-0.000120676097330994,0.00025436152602872556
28.008,-0.000121632876703315,0.0002543614826241972
28.01,-0.00012255909485060697,0.0002543614393491707
28.012,-0.000123454628819003,0.0002543613962032596
28.014,-0.00012431936362358102,0.0002543613531860787
28.016,-0.00012515319214793198,0.00025436131029724383
28.018,-0.00012595601504964402,0.00025436126753637217
28.02,-0.00012672774068378601,0.0002543612249030819
28.022,-0.000127468285052544,0.00025436118239699235
28.024,-0.00012817757178392098,0.000254361140017724
28.026,-0.00012885553213694504,0.0002543610977648985
28.028,-0.000129502105025558,0.00025436105563813856
28.03,-0.00013011723705019004,0.0002543610136370681
28.032,-0.000130700882524627,0.000254360971761312
28.034,-0.00013125300348698702,0.00025436093001049654
28.036,-0.000131773569686731,0.0002543608883842488
28.038,-0.00013226255854395,0.00025436084688219715
28.04,-0.00013271995508208097,0.0002543608055039711
28.042,-0.00013314575183916,0.00025436076424920117
28.044,-0.000133539948765674,0.000254360723117519
28.046,-0.000133902553117767,0.0002543606821085574
28.048,-0.00013423357935401202,0.00025436064122195013
28.05,-0.00013453304904153103,0.0002543606004573322
28.052,-0.000134800990774626,0.00025436055981433966
28.054,-0.000135037440106274,0.0002543605192926096
28.056,-0.000135242439490901,0.00025436047889178015
28.058,-0.00013541603823611,0.0002543604386114907
28.06,-0.000135558292461163,0.00025436039845138156
28.062,-0.00013566926506107998,0.0002543603584110942
28.064,-0.00013574902567639502,0.000254360318490271
28.066,-0.00013579765066904,0.00025436027868855566
28.068,-0.000135815223104882,0.00025436023900559274
28.07,-0.000135801832741947,0.00025436019944102795
28.072,-0.000135757576021355,0.00025436015999450806
28.074,-0.00013568255605599498,0.0002543601206656808
28.076,-0.00013557688260991196,0.0002543600814541951
28.078,-0.00013544067206134098,0.0002543600423597008
28.08,-0.000135274047343226,0.00025436000338184886
28.082,-0.000135077137858159,0.00025435996452029134
28.084,-0.00013485007936884003,0.00025435992577468115
28.086,-0.000134593013869667,0.00025435988714467246
28.088,-0.00013430608944942202,0.00025435984862992025
28.09,-0.00013398946015736902,0.00025435981023008074
28.092,-0.00013364328588573102,0.000254359771944811
28.094,-0.000133267732279453,0.00025435973377376924
28.096,-0.00013286297067998998,0.00025435969571661464
28.098,-0.00013242917810435,0.0002543596577730074
28.1,-0.00013196653725476,0.00025435961994260876
28.102,-0.00013147523654904,0.00025435958222508093
28.104,-0.000130955470158419,0.00025435954462008716
28.106,-0.000130407438038415,0.00025435950712729167
28.108,-0.00012983134593965999,0.0002543594697463597
28.11,-0.00012922740538917502,0.0002543594324769576
28.112,-0.00012859583363734802,0.00025435939531875246
28.114,-0.000127936853571559,0.0002543593582714126
28.116,-0.00012725069360205,0.0002543593213346072
28.118,-0.000126537587529656,0.0002543592845080065
28.12,-0.00012579777440678797,0.0002543592477912817
28.122,-0.000125031498403179,0.00025435921118410493
28.124,-0.000124239008686097,0.0002543591746861494
28.126,-0.000123420559321712,0.0002543591382970892
28.128,-0.000122576409200382,0.0002543591020165994
28.13,-0.000121706821984854,0.0002543590658443561
28.132,-0.00012081206607677302,0.0002543590297800364
28.134,-0.00011989241459461203,0.00025435899382331823
28.136,-0.00011894814535471198,0.00025435895797388055
28.138,-0.00011797954084743199,0.00025435892223140327
28.14,-0.00011698688820145701,0.0002543588865955673
28.142,-0.00011597047913180196,0.00025435885106605443
28.144,-0.000114930609869776,0.0002543588156425475
28.146,-0.000113867581076137,0.0002543587803247301
28.148,-0.000112781697741371,0.000254358745112287
28.15,-0.00011167326907872801,0.0002543587100049038
28.152,-0.000110542608416471,0.0002543586750022671
28.154,-0.00010939003309505001,0.0002543586401040642
28.156,-0.00010821586437344496,0.00025435860530998366
28.158,-0.00010702042734597001,0.0002543585706197148
28.16,-0.00010580405086805096,0.0002543585360329478
28.162,-0.000104567067486625,0.0002543585015493739
28.164,-0.00010330981336898902,0.0002543584671686853
28.166,-0.000102032628223398,0.00025435843289057494
28.168,-0.000100735855205773,0.0002543583987147368
28.17,-9.941984080953601e-05,0.00025435836464086567
28.172,-9.8084934739213e-05,0.00025435833066865743
28.174,-9.673148977206898e-05,0.0002543582967978087
28.176,-9.5359861615716e-05,0.00025435826302801706
28.178,-9.397040877097201e-05,0.00025435822935898097
28.18,-9.256349240938001e-05,0.0002543581957903999
28.182,-9.113947627235399e-05,0.00025435816232197405
28.184,-8.969872659462898e-05,0.00025435812895340464
28.186,-8.824161204965798e-05,0.0002543580956843937
28.188,-8.676850370928603e-05,0.0002543580625146443
28.19,-8.527977500602598e-05,0.0002543580294438601
28.192,-8.377580168448098e-05,0.00025435799647174597
28.194,-8.2256961729219e-05,0.00025435796359800746
28.196,-8.072363525996698e-05,0.0002543579308223511
28.198,-7.917620439073299e-05,0.00025435789814448416
28.2,-7.761505305603101e-05,0.000254357865564115
28.202,-7.604056681394399e-05,0.0002543578330809526
28.204,-7.445313264046202e-05,0.0002543578006947071
28.206,-7.2853138731627e-05,0.00025435776840508916
28.208,-7.124097432902802e-05,0.00025435773621181057
28.21,-6.961702957999299e-05,0.0002543577041145839
28.212,-6.7981695437492e-05,0.0002543576721131225
28.214,-6.633536359734798e-05,0.00025435764020714075
28.216,-6.467842646335499e-05,0.00025435760839635367
28.218,-6.301127712583099e-05,0.00025435757668047733
28.22,-6.1334309336927e-05,0.00025435754505922847
28.222,-5.964791746702498e-05,0.0002543575135323248
28.224,-5.795249643074599e-05,0.0002543574820994849
28.226,-5.624844157746499e-05,0.000254357450760428
28.228,-5.4536148548528005e-05,0.0002543574195148743
28.23,-5.281601310988402e-05,0.0002543573883625449
28.232,-5.108843097381699e-05,0.00025435735730316164
28.234,-4.935379762525999e-05,0.0002543573263364472
28.236,-4.761250816704102e-05,0.00025435729546212507
28.238,-4.5864957194309e-05,0.0002543572646799196
28.24,-4.411153870271702e-05,0.00025435723398955595
28.242,-4.2352646028172e-05,0.0002543572033907601
28.244,-4.0588671810414995e-05,0.00025435717288325885
28.246,-3.882000796875701e-05,0.0002543571424667798
28.248,-3.704704567687701e-05,0.00025435711214105136
28.25,-3.5270175325152e-05,0.0002543570819058028
28.252,-3.348978646270299e-05,0.0002543570517607642
28.254,-3.1706267716264994e-05,0.0002543570217056664
28.256,-2.992000668855898e-05,0.00025435699174024094
28.258,-2.813138984319701e-05,0.0002543569618642204
28.26,-2.6340802386036976e-05,0.00025435693207733796
28.262,-2.4548628153394015e-05,0.0002543569023793277
28.264,-2.2755249515911996e-05,0.00025435687276992444
28.266,-2.096104730377802e-05,0.0002543568432488638
28.268,-1.9166400754471802e-05,0.00025435681381588227
28.27,-1.7371687480491487e-05,0.000254356784470717
28.272,-1.557728345097019e-05,0.00025435675521310604
28.274,-1.3783562979630579e-05,0.0002543567260427881
28.276,-1.1990898711630192e-05,0.0002543566969595027
28.278,-1.0199661603747199e-05,0.0002543566679629903
28.28,-8.41022089520921e-06,0.00025435663905299186
28.282,-6.622944070276414e-06,0.00025435661022924936
28.284,-4.838196816517223e-06,0.0002543565814915054
28.286,-3.0563429849624996e-06,0.0002543565528395034
28.288,-1.277744558926281e-06,0.00025435652427298756
28.29,4.972383631306985e-07,0.0002543564957917028
28.292,2.268247567615699e-06,0.0002543564673953948
28.294,4.034926709451278e-06,0.00025435643908381007
28.296,5.796921283521798e-06,0.0002543564108566958
28.298,7.553878591225991e-06,0.00025435638271379996
28.3,9.305447710836903e-06,0.0002543563546548713
28.302,1.1051279480047598e-05,0.0002543563266796593
28.304,1.27910264968713e-05,0.0002543562987879142
28.306,1.4524343140977992e-05,0.0002543562709793869
28.308,1.6250885613187198e-05,0.00025435624325382915
28.31,1.797031198592751e-05,0.00025435621561099343
28.312,1.9682282254294094e-05,0.0002543561880506329
28.314,2.1386458375716576e-05,0.0002543561605725015
28.316,2.308250428711091e-05,0.00025435613317635386
28.318,2.477008589179862e-05,0.0002543561058619454
28.32,2.6448871013213095e-05,0.0002543560786290323
28.322,2.8118529318560206e-05,0.00025435605147737126
28.324,2.9778732220965987e-05,0.00025435602440672
28.326,3.142915277298469e-05,0.00025435599741683673
28.328,3.30694655660031e-05,0.00025435597050748053
28.33,3.469934664957051e-05,0.0002543559436784111
28.332,3.631847348119578e-05,0.00025435591692938886
28.334,3.7926524912093307e-05,0.0002543558902601751
28.336,3.952318120836288e-05,0.0002543558636705316
28.338,4.1108124101164505e-05,0.000254355837160221
28.34,4.268103685502949e-05,0.00025435581072900655
28.342,4.424160434095851e-05,0.00025435578437665233
28.344,4.5789513100669996e-05,0.00025435575810292305
28.346,4.7324451390543504e-05,0.00025435573190758407
28.348,4.8846109197406596e-05,0.00025435570579040155
28.35,5.0354178223110375e-05,0.00025435567975114226
28.352,5.1848351839652094e-05,0.00025435565378957375
28.354,5.332832502084342e-05,0.00025435562790546417
28.356,5.479379425985103e-05,0.00025435560209858247
28.358,5.62444574834996e-05,0.0002543555763686982
28.36,5.768001397469189e-05,0.00025435555071558164
28.362,5.9100164313227304e-05,0.00025435552513900373
28.364,6.050461034302921e-05,0.00025435549963873615
28.366,6.189305517085348e-05,0.0002543554742145512
28.368,6.326520319803892e-05,0.00025435544886622186
28.37,6.462076018319432e-05,0.0002543554235935218
28.372,6.5959433330335e-05,0.0002543553983962254
28.374,6.72809313940853e-05,0.0002543553732741077
28.376,6.858496479182279e-05,0.00025435534822694435
28.378,6.98712457121182e-05,0.00025435532325451175
28.38,7.113948820957719e-05,0.00025435529835658694
28.382,7.238940827882541e-05,0.0002543552735329476
28.384,7.362072390373179e-05,0.0002543552487833721
28.386,7.48331550824462e-05,0.00025435522410763946
28.388,7.602642383311152e-05,0.00025435519950552934
28.39,7.72002541889259e-05,0.0002543551749768221
28.392,7.835437219365449e-05,0.00025435515052129877
28.394,7.948850590947059e-05,0.00025435512613874095
28.396,8.06023854475791e-05,0.0002543551018289309
28.398,8.169574302954979e-05,0.0002543550775916517
28.4,8.27683130828163e-05,0.00025435505342668685
28.402,8.38198323695179e-05,0.0002543550293338206
28.404,8.485004014345371e-05,0.00025435500531283784
28.406,8.585867832686879e-05,0.0002543549813635241
28.408,8.684549169711378e-05,0.0002543549574856656
28.41,8.781022807328689e-05,0.0002543549336790491
28.412,8.875263849469657e-05,0.00025435490994346204
28.414,8.967247738563569e-05,0.0002543548862786925
28.416,9.056950270460028e-05,0.0002543548626845292
28.418,9.144347607903031e-05,0.0002543548391607615
28.42,9.229416292965098e-05,0.00025435481570717925
28.422,9.312133258996631e-05,0.00025435479232357316
28.424,9.392475842709606e-05,0.00025435476900973446
28.426,9.470421796952312e-05,0.0002543547457654549
28.428,9.545949304605386e-05,0.00025435472259052706
28.43,9.619036993841527e-05,0.00025435469948474393
28.432,9.689663954790026e-05,0.00025435467644789925
28.434,9.757809757492677e-05,0.0002543546534797873
28.436,9.823454470907734e-05,0.00025435463058020306
28.438,9.886578682658614e-05,0.00025435460774894203
28.44,9.947163519240295e-05,0.00025435458498580034
28.442,0.00010005190666428223,0.0002543545622905748
28.444,0.00010060642389747824,0.00025435453966306276
28.446,0.00010113501554945952,0.0002543545171030622
28.448,0.00010163751648504106,0.00025435449461037163
28.45,0.00010211376798279538,0.00025435447218479033
28.452,0.00010256361794399616,0.000254354449826118
28.454,0.00010298692110488393,0.00025435442753415504
28.456,0.00010338353925245199,0.0002543544053087024
28.458,0.00010375334144323216,0.00025435438314956165
28.46,0.0001040962042235045,0.0002543543610565349
28.462,0.00010441201184883386,0.00025435433902942496
28.464,0.00010470065650051851,0.0002543543170680351
28.466,0.00010496203849672956,0.0002543542951721693
28.468,0.00010519606649671264,0.00025435427334163203
28.47,0.00010540265769729507,0.00025435425157622837
28.472,0.00010558173802205022,0.00025435422987576397
28.474,0.00010573324230419457,0.0002543542082400451
28.476,0.00010585711446493825,0.0002543541866688786
28.478,0.00010595330768909857,0.00025435416516207183
28.48,0.00010602178459939084,0.0002543541437194328
28.482,0.00010606251743041977,0.0002543541223407701
28.484,0.00010607548820233034,0.00025435410102589277
28.486,0.00010606068889363391,0.0002543540797746105
28.488,0.00010601812161193814,0.0002543540585867336
28.49,0.00010594779876124727,0.00025435403746207287
28.492,0.00010584974320419885,0.0002543540164004397
28.494,0.00010572398841794121,0.000254353995401646
28.496,0.00010557057864230032,0.00025435397446550435
28.498,0.00010538956901913359,0.0002543539535918278
28.5,0.00010518102572174171,0.00025435393278042996
28.502,0.00010494502607332382,0.000254353912031125
28.504,0.0001046816586535751,0.00025435389134372774
28.506,0.000104391023392786,0.0002543538707180534
28.508,0.000104073231653537,0.0002543538501539178
28.51,0.000103728406300773,0.00025435382965113747
28.512,0.000103356681762009,0.0002543538092095292
28.514,0.00010295820408032122,0.0002543537888289106
28.516,0.00010253313096311351,0.0002543537685090996
28.518,0.0001020816318297813,0.0002543537482499148
28.52,0.00010160388786033341,0.0002543537280511753
28.522,0.0001011000920457443,0.0002543537079127008
28.524,0.00010057044923878309,0.0002543536878343115
28.526,0.0001000151762019775,0.00025435366781582805
28.528,9.943450164743549e-05,0.0002543536478570718
28.53,9.88286662622728e-05,0.0002543536279578645
28.532,9.8197922713085e-05,0.0002543536081180285
28.534,9.75425356239633e-05,0.00025435358833738664
28.536,9.686278152465949e-05,0.00025435356861576235
28.538,9.615894876828899e-05,0.0002543535489529795
28.54,9.5431337421195e-05,0.00025435352934886256
28.542,9.468025913059511e-05,0.0002543535098032365
28.544,9.390603697779977e-05,0.00025435349031592677
28.546,9.310900532592714e-05,0.0002543534708867594
28.548,9.228950967059576e-05,0.0002543534515155609
28.55,9.14479065003461e-05,0.00025435343220215836
28.552,9.05845631705781e-05,0.00025435341294637926
28.554,8.969985779098947e-05,0.00025435339374805176
28.556,8.879417912282458e-05,0.0002543533746070044
28.558,8.78679264787784e-05,0.0002543533555230663
28.56,8.692150961618262e-05,0.00025435333649606704
28.562,8.595534861351574e-05,0.00025435331752583676
28.564,8.496987372112699e-05,0.00025435329861220606
28.566,8.396552517962354e-05,0.0002543532797550061
28.568,8.294275300331939e-05,0.0002543532609540685
28.57,8.190201673027881e-05,0.0002543532422092254
28.572,8.084378514488458e-05,0.00025435322352030943
28.574,7.976853598198014e-05,0.00025435320488715376
28.576,7.867675562356332e-05,0.00025435318630959196
28.578,7.756893879863916e-05,0.0002543531677874582
28.58,7.644558829517107e-05,0.0002543531493205871
28.582,7.530721468902211e-05,0.00025435313090881376
28.584,7.415433609065049e-05,0.00025435311255197384
28.586,7.298747790546279e-05,0.00025435309424990337
28.588,7.180717260005488e-05,0.000254353076002439
28.59,7.061395946420899e-05,0.0002543530578094178
28.592,6.940838435845713e-05,0.0002543530396706773
28.594,6.819099943876114e-05,0.00025435302158605556
28.596,6.696236285363315e-05,0.0002543530035553911
28.598,6.57230384135767e-05,0.00025435298557852294
28.6,6.447359523766418e-05,0.0002543529676552906
28.602,6.32146073859371e-05,0.00025435294978553403
28.604,6.19466534886331e-05,0.0002543529319690937
28.606,6.0670316383269145e-05,0.0002543529142058105
28.608,5.9386182768662154e-05,0.0002543528964955259
28.61,5.809484288098672e-05,0.0002543528788380817
28.612,5.679689019224144e-05,0.00025435286123332024
28.614,5.549292112662065e-05,0.00025435284368108437
28.616,5.418353478654208e-05,0.00025435282618121736
28.618,5.286933267799759e-05,0.000254352808733563
28.62,5.1550918425154483e-05,0.00025435279133796543
28.622,5.022889746649949e-05,0.0002543527739942694
28.624,4.89038767285551e-05,0.00025435275670232006
28.626,4.757646427826618e-05,0.000254352739461963
28.628,4.62472689592761e-05,0.00025435272227304433
28.63,4.4916900021062494e-05,0.00025435270513541046
28.632,4.35859667511797e-05,0.0002543526880489085
28.634,4.225507812051998e-05,0.0002543526710133858
28.636,4.0924842448963986e-05,0.0002543526540286903
28.638,3.95958670950202e-05,0.0002543526370946704
28.64,3.8268758168704704e-05,0.0002543526202111748
28.642,3.69441202628431e-05,0.0002543526033780529
28.644,3.562255619516121e-05,0.00025435258659515424
28.646,3.4304666752354e-05,0.0002543525698623291
28.648,3.2991050427915014e-05,0.000254352553179428
28.65,3.1682303147969915e-05,0.000254352536546302
28.652,3.037901798273291e-05,0.0002543525199628027
28.654,2.9081784845157606e-05,0.0002543525034287819
28.656,2.7791190181833595e-05,0.00025435248694409204
28.658,2.650781666392782e-05,0.00025435247050858593
28.66,2.5232242886672192e-05,0.00025435245412211676
28.662,2.3965043085700984e-05,0.0002543524377845383
28.664,2.270678687626688e-05,0.00025435242149570467
28.666,2.1458039018296993e-05,0.0002543524052554704
28.668,2.02193592067335e-05,0.0002543523890636905
28.67,1.899130188302902e-05,0.0002543523729202204
28.672,1.777441606134351e-05,0.00025435235682491603
28.674,1.656924516135071e-05,0.0002543523407776336
28.676,1.537632683998638e-05,0.00025435232477822987
28.678,1.4196192815854006e-05,0.000254352308826562
28.68,1.302936868286071e-05,0.0002543522929224875
28.682,1.1876373712913777e-05,0.0002543522770658644
28.684,1.073772065085031e-05,0.0002543522612565512
28.686,9.613915507440892e-06,0.0002543522454944066
28.688,8.505457357944622e-06,0.00025435222977929
28.69,7.4128381537489095e-06,0.00025435221411106103
28.692,6.3365425532886814e-06,0.0002543521984895798
28.694,5.277047775979208e-06,0.0002543521829147069
28.696,4.2348234795282875e-06,0.0002543521673863031
28.698,3.210331657737804e-06,0.0002543521519042299
28.7,2.2040265529303e-06,0.00025435213646834905
28.702,1.2163545754767847e-06,0.0002543521210785227
28.704,2.4775422251529985e-07,0.00025435210573461345
28.706,-7.013440108908175e-07,0.0002543520904364843
28.708,-1.6305177325240917e-06,0.0002543520751839987
28.71,-2.5393527668389105e-06,0.0002543520599770204
28.712,-3.4274432793895127e-06,0.00025435204481541365
28.714,-4.294391906518404e-06,0.0002543520296990431
28.716,-5.139809882653833e-06,0.00025435201462777377
28.718,-5.963317156902517e-06,0.0002543519996014711
28.72,-6.76454249132031e-06,0.00025435198462000087
28.722,-7.543123535268595e-06,0.00025435196968322943
28.724,-8.298706873414207e-06,0.0002543519547910233
28.726,-9.030948048554307e-06,0.00025435193994324964
28.728,-9.739511563880906e-06,0.00025435192513977576
28.73,-1.0424070872166785e-05,0.00025435191038046957
28.732,-1.1084308360904984e-05,0.0002543518956651992
28.734,-1.1719915342598607e-05,0.0002543518809938334
28.736,-1.233059205795957e-05,0.00025435186636624105
28.738,-1.291604769713572e-05,0.0002543518517822916
28.74,-1.3476000440309333e-05,0.0002543518372418549
28.742,-1.4010177515445495e-05,0.000254351822744801
28.744,-1.4518315267208131e-05,0.00025435180829100053
28.746,-1.5000159228840777e-05,0.0002543517938803244
28.748,-1.5455464187818304e-05,0.00025435177951264404
28.75,-1.5883994236785603e-05,0.0002543517651878311
28.752,-1.6285522803554216e-05,0.0002543517509057577
28.754,-1.6659832657457717e-05,0.0002543517366662963
28.756,-1.700671589314108e-05,0.00025435172246931977
28.758,-1.73259738967123e-05,0.00025435170831470137
28.76,-1.7617417301905017e-05,0.00025435169420231466
28.762,-1.78808659451833e-05,0.0002543516801320337
28.764,-1.811614882857372e-05,0.0002543516661037328
28.766,-1.832310409697268e-05,0.0002543516521172868
28.768,-1.850157903372321e-05,0.00025435163817257077
28.77,-1.8651430074637302e-05,0.0002543516242694602
28.772,-1.8772522837392998e-05,0.000254351610407831
28.774,-1.8864732160498896e-05,0.00025435159658755935
28.776,-1.8927942144811267e-05,0.00025435158280852187
28.778,-1.8962046190805425e-05,0.00025435156907059554
28.78,-1.8966947026030005e-05,0.0002543515553736577
28.782,-1.8942556719718214e-05,0.0002543515417175861
28.784,-1.888879668404862e-05,0.00025435152810225875
28.786,-1.8805597664153486e-05,0.00025435151452755407
28.788,-1.86928997206853e-05,0.0002543515009933509
28.79,-1.8550652209604524e-05,0.0002543514874995284
28.792,-1.8378813763616502e-05,0.0002543514740459661
28.794,-1.8177352278552492e-05,0.00025435146063254387
28.796,-1.79462449064162e-05,0.00025435144725914193
28.798,-1.768547805493802e-05,0.00025435143392564085
28.8,-1.7395047392137e-05,0.00025435142063192165
28.802,-1.707495785327e-05,0.0002543514073778656
28.804,-1.6725223647539005e-05,0.00025435139416335434
28.806,-1.6345868262302002e-05,0.00025435138098826995
28.808,-1.5936924463570018e-05,0.0002543513678524947
28.81,-1.549843429286501e-05,0.00025435135475591143
28.812,-1.5030449061668015e-05,0.0002543513416984031
28.814,-1.453302934564899e-05,0.0002543513286798532
28.816,-1.400624498098297e-05,0.00025435131570014543
28.818,-1.3450175064981e-05,0.0002543513027591639
28.82,-1.2864907962292012e-05,0.0002543512898567931
28.822,-1.2250541316718988e-05,0.0002543512769929179
28.824,-1.1607182067446012e-05,0.00025435126416742333
28.826,-1.0934946467184981e-05,0.0002543512513801949
28.828,-1.0233960099050008e-05,0.0002543512386311185
28.83,-9.504357888720987e-06,0.0002543512259200802
28.832,-8.746284108913018e-06,0.0002543512132469666
28.834,-7.959892374058961e-06,0.00025435120061166453
28.836,-7.145345624714978e-06,0.0002543511880140611
28.838,-6.302816102465007e-06,0.00025435117545404397
28.84,-5.4324853178429995e-06,0.0002543511629315009
28.842,-4.53454401455398e-06,0.0002543511504463201
28.844,-3.6091921339860068e-06,0.0002543511379983901
28.846,-2.6566387836580725e-06,0.00025435112558759977
28.848,-1.6771022123700013e-06,0.00025435111321383825
28.85,-6.708097934440035e-07,0.0002543511008769951
28.852,3.6200198437998034e-07,0.0002543510885769602
28.854,1.421087520665044e-06,0.0002543510763136237
28.856,2.5061921054130042e-06,0.0002543510640868761
28.858,3.617051924470992e-06,0.0002543510518966082
28.86,4.753394073366034e-06,0.00025435103974271123
28.862,5.914936584123988e-06,0.00025435102762507664
28.864,7.101388468326976e-06,0.00025435101554359624
28.866,8.312449777689009e-06,0.00025435100349816215
28.868,9.54781168120697e-06,0.0002543509914886668
28.87,1.0807156555810003e-05,0.000254350979515003
28.872,1.2090158085759924e-05,0.00025435096757706386
28.874,1.3396481365475033e-05,0.00025435095567474277
28.876,1.4725783000479008e-05,0.0002543509438079334
28.878,1.607771120269098e-05,0.0002543509319765299
28.88,1.7451905878343996e-05,0.00025435092018042657
28.882,1.8847998709338e-05,0.00025435090841951813
28.884,2.0265613231255024e-05,0.0002543508966936995
28.886,2.1704364913166003e-05,0.0002543508850028661
28.888,2.3163861245032005e-05,0.0002543508733469135
28.89,2.4643701838263017e-05,0.00025435086172573756
28.892,2.6143478543398982e-05,0.0002543508501392346
28.894,2.766277558667398e-05,0.0002543508385873011
28.896,2.9201169724647037e-05,0.000254350827069834
28.898,3.075823041374901e-05,0.0002543508155867304
28.9,3.233351999016104e-05,0.0002543508041378878
28.902,3.3926593854778e-05,0.000254350792723204
28.904,3.553700065868801e-05,0.00025435078134257704
28.906,3.7164282486053035e-05,0.00025435076999590534
28.908,3.880797503318602e-05,0.0002543507586830876
28.91,4.046760778461897e-05,0.00025435074740402276
28.912,4.214270418864905e-05,0.0002543507361586102
28.914,4.383278183571501e-05,0.0002543507249467494
28.916,4.553735264316698e-05,0.00025435071376834036
28.918,4.725592304951601e-05,0.0002543507026232832
28.92,4.8987994220289034e-05,0.0002543506915114785
28.922,5.073306226633799e-05,0.0002543506804328269
28.924,5.249061847449298e-05,0.00025435066938722965
28.926,5.426014954936501e-05,0.00025435065837458806
28.928,5.604113786454804e-05,0.00025435064739480376
28.93,5.783306172095804e-05,0.0002543506364477788
28.932,5.963539560995901e-05,0.00025435062553341535
28.934,6.144761047881202e-05,0.00025435061465161604
28.936,6.326917399622202e-05,0.00025435060380228365
28.938,6.509955081617606e-05,0.00025435059298532136
28.94,6.693820283905995e-05,0.00025435058220063257
28.942,6.878458947004703e-05,0.00025435057144812095
28.944,7.063816787611897e-05,0.00025435056072769055
28.946,7.249839324444495e-05,0.0002543505500392456
28.948,7.436471904588904e-05,0.0002543505393826908
28.95,7.623659730797997e-05,0.00025435052875793086
28.952,7.811347890133996e-05,0.00025435051816487096
28.954,7.999481384228299e-05,0.0002543505076034165
28.956,8.188005161212099e-05,0.00025435049707347323
28.958,8.376864149113299e-05,0.00025435048657494714
28.96,8.566003290210396e-05,0.00025435047610774446
28.962,8.755367575656597e-05,0.00025435046567177174
28.964,8.944902079520498e-05,0.0002543504552669358
28.966,9.134551991445502e-05,0.0002543504448931437
28.968,9.324262647291299e-05,0.00025435043455030283
28.97,9.5139795574209e-05,0.00025435042423832093
28.972,9.703648432674201e-05,0.0002543504139571059
28.974,9.893215208476501e-05,0.0002543504037065658
28.976,0.00010082626067866202,0.0002543503934866093
28.978,0.00010271827464426196,0.0002543503832971451
28.98,0.00010460766146190703,0.00025435037313808215
28.982,0.00010649389181422797,0.00025435036300932977
28.984,0.00010837643986893702,0.00025435035291079757
28.986,0.00011025478358848498,0.00025435034284239534
28.988,0.00011212840506365002,0.0002543503328040332
28.99,0.00011399679086343404,0.0002543503227956216
28.992,0.00011585943238984501,0.00025435031281707105
28.994,0.00011771582622432795,0.00025435030286829254
28.996,0.00011956547445228003,0.0002543502929491972
28.998,0.00012140788495449,0.0002543502830596965
29.0,0.00012324257165848,0.0002543502731997021
29.002,0.00012506905474808603,0.000254350263369126
29.004,0.000126886860835777,0.0002543502535678804
29.006,0.00012869552310762995,0.00025435024379587783
29.008,0.00013049458145479297,0.000254350234053031
29.01,0.00013228358260712104,0.00025435022433925293
29.012,0.00013406208028337503,0.0002543502146544569
29.014,0.00013582963536892,0.00025435020499855646
29.016,0.000137585816125838,0.00025435019537146535
29.018,0.00013933019843360598,0.00025435018577309767
29.02,0.00014106236605160703,0.0002543501762033677
29.022,0.000142781910889458,0.00025435016666218994
29.024,0.00014448843326808305,0.0002543501571494793
29.026,0.00014618154215463803,0.00025435014766515075
29.028,0.000147860855357429,0.0002543501382091197
29.03,0.00014952599967262302,0.0002543501287813016
29.032,0.00015117661098135304,0.0002543501193816124
29.034,0.00015281233430314002,0.0002543501100099681
29.036,0.00015443282381711397,0.00025435010066628507
29.038,0.00015603774286631703,0.00025435009135047984
29.04,0.00015762676396099701,0.00025435008206246926
29.042,0.00015919956879473002,0.0002543500728021704
29.044,0.00016075584828286198,0.0002543500635695006
29.046,0.000162295302627005,0.0002543500543643774
29.048,0.00016381764140341507,0.0002543500451867186
29.05,0.00016532258366795604,0.00025435003603644225
29.052,0.000166809858067059,0.0002543500269134667
29.054,0.00016827920294268904,0.0002543500178177105
29.056,0.00016973036642017503,0.00025435000874909235
29.058,0.00017116310647004784,0.00025434999970753134
29.06,0.00017257719093831476,0.00025434999069294675
29.062,0.00017397239754338075,0.0002543499817052581
29.064,0.00017534851384062774,0.0002543499727443851
29.066,0.00017670533715840567,0.0002543499638102478
29.068,0.00017804267451036537,0.0002543499549027664
29.07,0.00017936034248983574,0.0002543499460218614
29.072,0.00018065816715193977,0.0002543499371674534
29.074,0.00018193598388896448,0.0002543499283394635
29.076,0.00018319363730407356,0.0002543499195378127
29.078,0.00018443098108830307,0.0002543499107624226
29.08,0.00018564787790505239,0.00025434990201321473
29.082,0.00018684419928566423,0.000254349893290111
29.084,0.00018801982553831722,0.00025434988459303355
29.086,0.00018917464567050915,0.0002543498759219047
29.088,0.00019030855732297253,0.00025434986727664705
29.09,0.00019142146671010307,0.0002543498586571834
29.092,0.0001925132885596154,0.00025434985006343676
29.094,0.0001935839460423174,0.00025434984149533046
29.096,0.00019463337068256124,0.000254349832952788
29.098,0.0001956615022410292,0.000254349824435733
29.1,0.00019666828856430014,0.00025434981594408954
29.102,0.0001976536853995315,0.00025434980747778176
29.104,0.00019861765617733773,0.00025434979903673404
29.106,0.00019956017177032268,0.00025434979062087103
29.108,0.00020048121023822393,0.0002543497822301176
29.11,0.00020138075657225377,0.00025434977386439885
29.112,0.00020225880245112841,0.00025434976552364004
29.114,0.0002031153460185414,0.00025434975720776677
29.116,0.0002039503916878921,0.00025434974891670476
29.118,0.00020476394997490932,0.00025434974065037996
29.12,0.00020555603735352888,0.00025434973240871854
29.122,0.0002063266761261767,0.000254349724191647
29.124,0.00020707589429679342,0.0002543497159990919
29.126,0.00020780372543438032,0.0002543497078309801
29.128,0.00020851020851643057,0.0002543496996872387
29.13,0.00020919538774506855,0.000254349691567795
29.132,0.00020985931233339088,0.00025434968347257645
29.134,0.00021050203626451534,0.00025434967540151083
29.136,0.00021112361803043452,0.00025434966735452604
29.138,0.00021172412036094787,0.0002543496593315502
29.14,0.00021230360995416089,0.00025434965133251176
29.142,0.0002128621572194455,0.00025434964335733926
29.144,0.00021339983604116912,0.0002543496354059615
29.146,0.0002139167235673948,0.00025434962747830745
29.148,0.00021441290002356656,0.00025434961957430637
29.15,0.00021488844854660372,0.00025434961169388767
29.152,0.00021534345503203156,0.000254349603836981
29.154,0.00021577800798494687,0.0002543495960035162
29.156,0.0002161921983660145,0.00025434958819342334
29.158,0.00021658611942580229,0.00025434958040663265
29.16,0.00021695986652364144,0.0002543495726430747
29.162,0.0002173135369314263,0.00025434956490268004
29.164,0.00021764722962559253,0.00025434955718537966
29.166,0.00021796104507344288,0.00025434954949110465
29.168,0.00021825508502055778,0.00025434954181978626
29.17,0.0002185294522855845,0.00025434953417135603
29.172,0.00021878425056661753,0.00025434952654574566
29.174,0.0002190195842607288,0.00025434951894288705
29.176,0.00021923555829536022,0.00025434951136271233
29.178,0.00021943227796833778,0.00025434950380515386
29.18,0.00021960984879236073,0.00025434949627014413
29.182,0.00021976837634033348,0.0002543494887576159
29.184,0.00021990796608997742,0.000254349481267502
29.186,0.00022002872326837167,0.0002543494737997356
29.188,0.00022013075269992628,0.0002543494663542501
29.19,0.00022021415866274336,0.0002543494589309789
29.192,0.0002202790447589432,0.0002543494515298558
29.194,0.00022032551380309534,0.00025434944415081467
29.196,0.00022035366773040546,0.0002543494367937897
29.198,0.0002203636075226239,0.00025434942945871513
29.2,0.0002203554331461717,0.0002543494221455255
29.202,0.00022032924349428627,0.00025434941485415555
29.204,0.0002202851363238775,0.0002543494075845401
29.206,0.0002202232081789568,0.00025434940033661424
29.208,0.0002201435542952893,0.00025434939311031336
29.21,0.00022004626848564471,0.00025434938590557286
29.212,0.00021993144300986244,0.0002543493787223284
29.214,0.0002197991684386329,0.00025434937156051593
29.216,0.00021964953352289192,0.00025434936442007144
29.218,0.0002194826250814518,0.0002543493573009312
29.22,0.00021929852791777104,0.0002543493502030316
29.222,0.0002190973247728421,0.00025434934312630933
29.224,0.0002188790963155067,0.0002543493360707012
29.226,0.0002186439211657306,0.0002543493290361441
29.228,0.00021839187594095637,0.00025434932202257534
29.23,0.0002181230353123927,0.0002543493150299323
29.232,0.0002178374720569862,0.00025434930805815246
29.234,0.00021753525709261186,0.00025434930110717366
29.236,0.00021721645948814851,0.0002543492941769338
29.238,0.00021688114644575124,0.00025434928726737104
29.24,0.00021652938325881875,0.00025434928037842367
29.242,0.00021616123325476094,0.0002543492735100302
29.244,0.000215776757735359,0.0002543492666621292
29.246,0.00021537601592894594,0.0002543492598346596
29.248,0.00021495906496731874,0.0002543492530275605
29.25,0.00021452595989644572,0.00025434924624077106
29.252,0.0002140767537246988,0.00025434923947423066
29.254,0.00021361149750610277,0.0002543492327278789
29.256,0.0002131302404504914,0.0002543492260016556
29.258,0.00021263303004819537,0.00025434921929550066
29.26,0.00021211991219532468,0.00025434921260935424
29.262,0.00021159093130616592,0.0002543492059431566
29.264,0.00021104613040288098,0.0002543491992968482
29.266,0.00021048555117749406,0.00025434919267036974
29.268,0.0002099092340275367,0.00025434918606366205
29.27,0.00020931721807216071,0.00025434917947666613
29.272,0.000208709541160035,0.0002543491729093232
29.274,0.0002080862398826461,0.0002543491663615746
29.276,0.0002074473496059577,0.0002543491598333619
29.278,0.00020679290453051274,0.0002543491533246267
29.28,0.0002061229377851008,0.000254349146835311
29.282,0.00020543748155310286,0.0002543491403653569
29.284,0.0002047365672246973,0.0002543491339147065
29.286,0.0002040202255636317,0.00025434912748330225
29.288,0.0002032884868745208,0.00025434912107108676
29.29,0.00020254138115701067,0.0002543491146780028
29.292,0.00020177893823559347,0.00025434910830399323
29.294,0.0002010011878588472,0.0002543491019490012
29.296,0.0002002081597676759,0.00025434909561296987
29.298,0.00019939988373816441,0.00025434908929584276
29.3,0.0001985763896096814,0.0002543490829975634
29.302,0.0001977377073115373,0.00025434907671807565
29.304,0.0001968838669021589,0.00025434907045732337
29.306,0.0001960148986321989,0.00025434906421525064
29.308,0.0001951308330388613,0.0002543490579918018
29.31,0.00019423170107264038,0.00025434905178692123
29.312,0.0001933175342518513,0.00025434904560055357
29.314,0.0001923883648348916,0.0002543490394326435
29.316,0.00019144422599679884,0.0002543490332831361
29.318,0.00019048515199559323,0.0002543490271519763
29.32,0.0001895111783153214,0.0002543490210391095
29.322,0.00018852234177663723,0.000254349014944481
29.324,0.00018751868061100697,0.0002543490088680365
29.326,0.00018650023450074606,0.0002543490028097216
29.328,0.0001854670445925753,0.0002543489967694823
29.33,0.000184419153496632,0.0002543489907472647
29.332,0.0001833566052847929,0.00025434898474301505
29.334,0.00018227944550184153,0.00025434897875667965
29.336,0.00018118772120021597,0.0002543489727882051
29.338,0.00018008148100449493,0.00025434896683753803
29.34,0.00017896077520627676,0.0002543489609046254
29.342,0.00017782565588442514,0.0002543489549894142
29.344,0.0001766761770410855,0.00025434894909185166
29.346,0.00017551239474084,0.0002543489432118851
29.348,0.00017433436723978698,0.00025434893734946204
29.35,0.00017314215509260644,0.0002543489315045301
29.352,0.0001719358212292952,0.0002543489256770371
29.354,0.0001707154309979965,0.000254348919866931
29.356,0.00016948105217539508,0.00025434891407415995
29.358,0.00016823275495099949,0.0002543489082986722
29.36,0.00016697061189498952,0.0002543489025404162
29.362,0.0001656946979209634,0.00025434889679934057
29.364,0.000164405090254291,0.00025434889107539397
29.366,0.00016310186841469367,0.00025434888536852535
29.368,0.00016178511421773966,0.0002543488796786838
29.37,0.0001604549117957223,0.0002543488740058184
29.372,0.00015911134763432847,0.0002543488683498786
29.374,0.00015775451061828232,0.00025434886271081386
29.376,0.00015638449207760948,0.00025434885708857383
29.378,0.000155001385826377,0.00025434885148310836
29.38,0.0001536052881874113,0.00025434884589436735
29.382,0.00015219629799948856,0.0002543488403223009
29.384,0.00015077451660681733,0.00025434883476685926
29.386,0.0001493400478337573,0.00025434882922799286
29.388,0.00014789299794982429,0.00025434882370565224
29.39,0.00014643347563107853,0.0002543488181997881
29.392,0.00014496159192332794,0.0002543488127103512
29.394,0.00014347746021097478,0.00025434880723729263
29.396,0.00014198119619305774,0.0002543488017805635
29.398,0.00014047291786556566,0.00025434879634011505
29.4,0.0001389527455073799,0.00025434879091589874
29.402,0.00013742080166635328,0.0002543487855078661
29.404,0.00013587721114233605,0.0002543487801159689
29.406,0.0001343221009652233,0.00025434877474015896
29.408,0.00013275560036820204,0.0002543487693803883
29.41,0.0001311778407580977,0.00025434876403660904
29.412,0.000129588955686349,0.0002543487587087735
29.414,0.0001279890808244244,0.00025434875339683407
29.416,0.0001263783539470094,0.00025434874810074335
29.418,0.00012475691492431012,0.00025434874282045407
29.42,0.00012312490572264563,0.00025434873755591906
29.422,0.00012148247041000958,0.0002543487323070913
29.424,0.0001198297551612674,0.000254348727073924
29.426,0.0001181669082571241,0.00025434872185637036
29.428,0.00011649408007138259,0.00025434871665438384
29.43,0.000114811423043206,0.00025434871146791794
29.432,0.0001131190916340931,0.0002543487062969264
29.434,0.0001114172422728616,0.000254348701141363
29.436,0.00010970603329516306,0.00025434869600118176
29.438,0.00010798562488640433,0.00025434869087633677
29.44,0.00010625617903758629,0.0002543486857667823
29.442,0.00010451785952257535,0.00025434868067247265
29.444,0.00010277083190247081,0.00025434867559336245
29.446,0.00010101526355859,0.00025434867052940625
29.448,9.925132375104059e-05,0.0002543486654805589
29.45,9.747918369529021e-05,0.0002543486604467753
29.452,9.56990166461817e-05,0.0002543486554280105
29.454,9.391099797717628e-05,0.00025434865042421964
29.456,9.21153052434774e-05,0.00025434864543535815
29.458,9.0312118220597e-05,0.0002543486404613814
29.46,8.850161891426649e-05,0.000254348635502245
29.462,8.668399154309429e-05,0.0002543486305579047
29.464,8.485942250061779e-05,0.00025434862562831635
29.466,8.302810030745522e-05,0.00025434862071343594
29.468,8.119021556676461e-05,0.00025434861581321953
29.47,7.934596093584077e-05,0.00025434861092762343
29.472,7.74955311244563e-05,0.000254348606056604
29.474,7.563912292597013e-05,0.00025434860120011774
29.476,7.377693528175704e-05,0.0002543485963581213
29.478,7.190916937376067e-05,0.0002543485915305715
29.48,7.00360287354515e-05,0.00025434858671742513
29.482,6.815771936846632e-05,0.0002543485819186393
29.484,6.627444985183399e-05,0.0002543485771341711
29.486,6.438643143263388e-05,0.0002543485723639779
29.488,6.249387809088932e-05,0.000254348567608017
29.49,6.059700657650741e-05,0.000254348562866246
29.492,5.869603642154519e-05,0.00025434855813862256
29.494,5.6791189935362e-05,0.00025434855342510446
29.496,5.4882692193029966e-05,0.0002543485487256496
29.498,5.297077102806297e-05,0.00025434854404021603
29.5,5.105565703891102e-05,0.00025434853936876195
29.502,4.913758361557499e-05,0.0002543485347112456
29.504,4.721678698831401e-05,0.0002543485300676254
29.506,4.529350629618102e-05,0.00025434852543786
29.508,4.336798366948904e-05,0.0002543485208219079
29.51,4.1440464318006986e-05,0.000254348516219728
29.512,3.9511196616125014e-05,0.0002543485116312791
29.514,3.7580432177318986e-05,0.00025434850705652036
29.516,3.564842591251905e-05,0.00025434850249541084
29.518,3.3715436069894995e-05,0.0002543484979479099
29.52,3.178172425664501e-05,0.0002543484934139769
29.522,2.984755544563202e-05,0.0002543484888935713
29.524,2.791319797118204e-05,0.0002543484843866528
29.526,2.5978923518579008e-05,0.0002543484798931811
29.528,2.4045007111111997e-05,0.0002543484754131162
29.53,2.2111727097191e-05,0.000254348470946418
29.532,2.0179365138301008e-05,0.0002543484664930466
29.534,1.8248206197331974e-05,0.00025434846205296235
29.536,1.631853852566295e-05,0.0002543484576261255
29.538,1.4390653647166994e-05,0.0002543484532124966
29.54,1.2464846337409017e-05,0.0002543484488120362
29.542,1.054141459690602e-05,0.000254348444424705
29.544,8.620659617963964e-06,0.00025434844005046384
29.546,6.702885745005991e-06,0.00025434843568927367
29.548,4.788400428588978e-06,0.00025434843134109554
29.55,2.8775141728900624e-06,0.00025434842700589066
29.552,9.705404761620206e-07,0.0002543484226836203
29.554,-9.322042370659908e-07,0.0002543484183742459
29.556,-2.830400693492951e-06,0.0002543484140777289
29.558,-4.7237268598200155e-06,0.00025434840979403106
29.56,-6.611858043878037e-06,0.00025434840552311406
29.562,-8.494467008380999e-06,0.00025434840126493973
29.564,-1.0371224096663006e-05,0.0002543483970194701
29.566,-1.2241797368578981e-05,0.00025434839278666723
29.568,-1.410585274436396e-05,0.0002543483885664934
29.57,-1.596305415385498e-05,0.00025434838435891085
29.572,-1.7813063688969016e-05,0.0002543483801638821
29.574,-1.965554175817703e-05,0.0002543483759813696
29.576,-2.1490147242748985e-05,0.0002543483718113361
29.578,-2.3316537655655e-05,0.0002543483676537443
29.58,-2.513436930474601e-05,0.0002543483635085571
29.582,-2.6943297462108957e-05,0.00025434835937573745
29.584,-2.8742976541221033e-05,0.0002543483552552485
29.586,-3.053306028298397e-05,0.00025434835114705344
29.588,-3.231320195070403e-05,0.0002543483470511156
29.59,-3.408305453346701e-05,0.0002543483429673984
29.592,-3.5842270956921003e-05,0.00025434833889586536
29.594,-3.759050430058401e-05,0.00025434833483648016
29.596,-3.9327408021259e-05,0.00025434833078920657
29.598,-4.105263618308401e-05,0.0002543483267540084
29.6,-4.2765843695455e-05,0.00025434832273084964
29.602,-4.446668656064905e-05,0.0002543483187196944
29.604,-4.615482213279799e-05,0.00025434831472050687
29.606,-4.7829909389126006e-05,0.0002543483107332513
29.608,-4.9491609212857994e-05,0.0002543483067578921
29.61,-5.113958468550201e-05,0.0002543483027943938
29.612,-5.2773501384354964e-05,0.00025434829884272097
29.614,-5.439302767998899e-05,0.00025434829490283837
29.616,-5.599783502791598e-05,0.0002543482909747108
29.618,-5.7587598249297e-05,0.00025434828705830323
29.62,-5.9161995797308976e-05,0.00025434828315358066
29.622,-6.0720710008038976e-05,0.0002543482792605082
29.624,-6.226342733743198e-05,0.00025434827537905116
29.626,-6.3789838588362e-05,0.0002543482715091748
29.628,-6.529963913342996e-05,0.0002543482676508446
29.63,-6.6792529139767e-05,0.0002543482638040261
29.632,-6.826821380166698e-05,0.000254348259968685
29.634,-6.972640358516002e-05,0.000254348256144787
29.636,-7.116681448647499e-05,0.000254348252332298
29.638,-7.258916830371398e-05,0.00025434824853118397
29.64,-7.399319291882201e-05,0.00025434824474141095
29.642,-7.537862258515499e-05,0.00025434824096294507
29.644,-7.674519821496602e-05,0.0002543482371957526
29.646,-7.809266766121802e-05,0.0002543482334398
29.648,-7.942078598857798e-05,0.0002543482296950536
29.65,-8.0729315729861e-05,0.00025434822596148005
29.652,-8.201802712547896e-05,0.000254348222239046
29.654,-8.328669834520702e-05,0.0002543482185277182
29.656,-8.453511569268601e-05,0.00025434821482746354
29.658,-8.576307379453603e-05,0.00025434821113824897
29.66,-8.697037577665302e-05,0.00025434820746004155
29.662,-8.8156833430845e-05,0.0002543482037928084
29.664,-8.932226737523103e-05,0.00025434820013651684
29.666,-9.046650721154299e-05,0.0002543481964911342
29.668,-9.158939168186e-05,0.0002543481928566279
29.67,-9.269076882619e-05,0.00025434818923296556
29.672,-9.377049614091604e-05,0.00025434818562011476
29.674,-9.482844073635802e-05,0.00025434818201804327
29.676,-9.5864479490183e-05,0.00025434817842671893
29.678,-9.687849919198898e-05,0.00025434817484610965
29.68,-9.787039667379198e-05,0.0002543481712761835
29.682,-9.884007892119703e-05,0.00025434816771690856
29.684,-9.978746316108701e-05,0.0002543481641682531
29.686,-0.00010071247692342402,0.00025434816063018537
29.688,-0.00010161505807692198,0.00025434815710267386
29.69,-0.000102495154840796,0.000254348153585687
29.692,-0.000103352725776568,0.0002543481500791935
29.694,-0.000104187739765404,0.0002543481465831619
29.696,-0.00010500017597647402,0.0002543481430975611
29.698,-0.00010579002383149598,0.0002543481396223599
29.7,-0.00010655728296895098,0.00025434813615752736
29.702,-0.00010730196320950102,0.0002543481327030325
29.704,-0.00010802408452219501,0.00025434812925884446
29.706,-0.00010872367698899,0.0002543481258249325
29.708,-0.000109400780763805,0.000254348122401266
29.71,-0.00011005544602171198,0.0002543481189878143
29.712,-0.000110687732893749,0.000254348115584547
29.714,-0.00011129771138351899,0.00025434811219143366
29.716,-0.00011188546126282201,0.000254348108808444
29.718,-0.00011245107194473601,0.0002543481054355479
29.72,-0.000112994642334132,0.00025434810207271513
29.722,-0.00011351628065671402,0.00025434809871991576
29.724,-0.000114016104268971,0.0002543480953771198
29.726,-0.000114494239451988,0.00025434809204429737
29.728,-0.00011495082119291399,0.0002543480887214188
29.73,-0.00011538599295750601,0.00025434808540845434
29.732,-0.000115799906457341,0.00025434808210537447
29.734,-0.00011619272141406002,0.0002543480788121497
29.736,-0.000116564605322355,0.0002543480755287505
29.738,-0.00011691573321188803,0.0002543480722551477
29.74,-0.00011724628740719502,0.00025434806899131206
29.742,-0.00011755645728353699,0.0002543480657372144
29.744,-0.00011784643901597102,0.00025434806249282564
29.746,-0.00011811643531869898,0.00025434805925811686
29.748,-0.00011836665517213501,0.00025434805603305916
29.75,-0.000118597313535671,0.00025434805281762375
29.752,-0.000118808631045253,0.0002543480496117819
29.754,-0.000119000833695728,0.000254348046415505
29.756,-0.00011917415250861898,0.00025434804322876453
29.758,-0.000119328823186742,0.000254348040051532
29.76,-0.00011946508575706402,0.00025434803688377907
29.762,-0.00011958318420351999,0.00025434803372547743
29.764,-0.00011968336609149001,0.0002543480305765989
29.766,-0.00011976588218605801,0.0002543480274371154
29.768,-0.000119830986066534,0.00025434802430699885
29.77,-0.00011987893374060797,0.00025434802118622134
29.772,-0.00011990998326188301,0.00025434801807475496
29.774,-0.000119924394355086,0.00025434801497257195
29.776,-0.000119922428052697,0.0002543480118796446
29.778,-0.000119904346345701,0.00025434800879594536
29.78,-0.000119870411849016,0.00025434800572144664
29.782,-0.00011982088747966197,0.000254348002656121
29.784,-0.000119756036142926,0.00025434799959994105
29.786,-0.00011967612041948001,0.00025434799655287953
29.788,-0.00011958140224526198,0.0002543479935149092
29.79,-0.00011947214257613701,0.000254347990486003
29.792,-0.00011934860103130602,0.0002543479874661338
29.794,-0.00011921103551263101,0.0002543479844552747
29.796,-0.00011905970180147701,0.00025434798145339884
29.798,-0.00011889485313863402,0.00025434797846047934
29.8,-0.00011871673979660602,0.00025434797547648955
29.802,-0.000118525608655576,0.0002543479725014028
29.804,-0.000118321702794271,0.0002543479695351925
29.806,-0.00011810526110541501,0.0002543479665778322
29.808,-0.00011787651794166001,0.0002543479636292955
29.81,-0.000117635702793881,0.000254347960689556
29.812,-0.00011738303999901399,0.00025434795775858754
29.814,-0.00011711874847112399,0.00025434795483636393
29.816,-0.00011684304144707401,0.00025434795192285904
29.818,-0.000116556126237671,0.0002543479490180469
29.82,-0.00011625820397632002,0.00025434794612190156
29.822,-0.00011594946935959699,0.0002543479432343972
29.824,-0.00011563011037763499,0.00025434794035550796
29.826,-0.00011530030803527197,0.0002543479374852082
29.828,-0.00011496023606793503,0.00025434793462347224
29.83,-0.00011461006065818899,0.0002543479317702746
29.832,-0.000114249940159559,0.0002543479289255897
29.834,-0.00011388002483420998,0.0002543479260893922
29.836,-0.00011350045661001197,0.00025434792326165683
29.838,-0.00011311136886080401,0.0002543479204423583
29.84,-0.00011271288621212802,0.0002543479176314714
29.842,-0.00011230512437284198,0.0002543479148289711
29.844,-0.00011188818999153499,0.0002543479120348323
29.846,-0.00011146218053559198,0.0002543479092490301
29.848,-0.00011102718418960899,0.00025434790647153963
29.85,-0.000110583279769464,0.0002543479037023361
29.852,-0.00011013053664789502,0.00025434790094139477
29.854,-0.00010966901468748,0.000254347898188691
29.856,-0.00010919876417740199,0.00025434789544420016
29.858,-0.000108719825771221,0.0002543478927078978
29.86,-0.00010823223042439399,0.0002543478899797595
29.862,-0.00010773599933214402,0.00025434788725976087
29.864,-0.00010723114387034701,0.00025434788454787763
29.866,-0.000106717665544011,0.0002543478818440856
29.868,-0.00010619555594962402,0.00025434787914836054
29.87,-0.00010566479675811898,0.0002543478764606785
29.872,-0.00010512535972486903,0.0002543478737810154
29.874,-0.00010457720673141699,0.00025434787110934734
29.876,-0.00010402028986105004,0.0002543478684456505
29.878,-0.00010345455150703503,0.00025434786578990107
29.88,-0.00010287992450909599,0.0002543478631420753
29.882,-0.00010229633231112099,0.0002543478605021496
29.884,-0.000101703689131587,0.0002543478578701004
29.886,-0.000101101900138638,0.0002543478552459042
29.888,-0.000100490861623252,0.00025434785262953754
29.89,-9.9870461167398e-05,0.0002543478500209771
29.892,-9.9240577807786e-05,0.00025434784742019953
29.894,-9.860108219960398e-05,0.00025434784482718166
29.896,-9.795183678761702e-05,0.0002543478422419003
29.898,-9.729269599325599e-05,0.00025434783966433235
29.9,-9.662350642599402e-05,0.0002543478370944549
29.902,-9.5944107125004e-05,0.0002543478345322449
29.904,-9.525432983371803e-05,0.0002543478319776795
29.906,-9.4553999305953e-05,0.00025434782943073594
29.908,-9.384293363864498e-05,0.00025434782689139144
29.91,-9.312094462381697e-05,0.00025434782435962335
29.912,-9.2387838111475e-05,0.000254347821835409
29.914,-9.164341437594505e-05,0.0002543478193187259
29.916,-9.088746848044297e-05,0.0002543478168095516
29.918,-9.011979063759001e-05,0.0002543478143078637
29.92,-8.934016656664699e-05,0.0002543478118136398
29.922,-8.854837785067897e-05,0.0002543478093268577
29.924,-8.774420229801098e-05,0.0002543478068474951
29.926,-8.692741431217901e-05,0.00025434780437553
29.928,-8.609778527342703e-05,0.0002543478019109402
29.93,-8.5255083932639e-05,0.0002543477994537038
29.932,-8.4399076816823e-05,0.00025434779700379877
29.934,-8.3529528643469e-05,0.00025434779456120333
29.936,-8.2646202740743e-05,0.00025434779212589557
29.938,-8.174886147068201e-05,0.0002543477896978538
29.94,-8.083726665398202e-05,0.00025434778727705635
29.942,-7.9911179996436e-05,0.0002543477848634816
29.944,-7.897036351876398e-05,0.000254347782457108
29.946,-7.801457999233598e-05,0.000254347780057914
29.948,-7.704359338333701e-05,0.00025434777766587834
29.95,-7.605716930678098e-05,0.00025434777528097953
29.952,-7.505507549011498e-05,0.0002543477729031963
29.954,-7.403708224408e-05,0.0002543477705325074
29.956,-7.300296293656297e-05,0.0002543477681688917
29.958,-7.1952494464342e-05,0.0002543477658123281
29.96,-7.0885457717326e-05,0.0002543477634627955
29.962,-6.980163803115496e-05,0.000254347761120273
29.964,-6.870082562580897e-05,0.00025434775878473967
29.966,-6.758281603018999e-05,0.00025434775645617465
29.968,-6.644741049485902e-05,0.00025434775413455714
29.97,-6.529441639645502e-05,0.0002543477518198664
29.972,-6.412364763790497e-05,0.0002543477495120817
29.974,-6.293492504782399e-05,0.0002543477472111826
29.976,-6.1728076780944e-05,0.00025434774491714846
29.978,-6.050293871922099e-05,0.00025434774262995876
29.98,-5.925935487108801e-05,0.00025434774034959314
29.982,-5.799717776453303e-05,0.0002543477380760312
29.984,-5.671626882889898e-05,0.0002543477358092527
29.986,-5.541649876029798e-05,0.00025434773354923734
29.988,-5.4097747866899994e-05,0.00025434773129596496
29.99,-5.275990639205301e-05,0.00025434772904941544
29.992,-5.1402874815474e-05,0.00025434772680956873
29.994,-5.0026564134692e-05,0.0002543477245764048
29.996,-4.863089613033503e-05,0.00025434772234990383
29.998,-4.721580361941998e-05,0.0002543477201300458
30.0,-4.578123070045397e-05,0.00025434771791681094
