##############################################################################
# SALMON: Scalable Ab-initio Light-Matter simulator for Optics and Nanoscience
#
#                             Version 2.2.1
##############################################################################
  Libxc: [enabled] 6.2.2
   theory= tddft_pulse
 
 Total time step      =       15000
 Time step[fs]        =  2.000000000000000E-003
 Energy range         =        3000
 Energy resolution[eV]=  1.000000000000000E-002
Laser frequency     = 0.17[eV]
Pulse width of laser=     12.00000000[fs]
Laser intensity     =  0.90000000E+11[W/cm^2]
   use of real value orbitals =  F
 ======
 MPI distribution:
   nproc_k     :         125
   nproc_ob    :           4
   nproc_rgrid :           3           2           3
 OpenMP parallelization:
   number of threads :           1
 hpsi stencil:
   enables hand-coding vectorization : F
   enables openmp parallelization    : F
 current:
   k,orbital parallelized of openmp  : T
 force:
   k,orbital parallelized of openmp  : T
 ===================pseudopotential data===================
 ik ,atom_symbol=           1 Si
 ps_format =KY              
 ps_file =./Si_rps.dat
 Zps(ik), Mlps(ik) =           4           2
 Rps(ik), NRps(ik) =   2.26767135054939              122
 Lref(ik) =           2
 nproj(ik,l) =           1           1           1
 anorm(ik,l) =  0.6193218      0.3646551      0.0000000E+00
 inorm(ik,l) =           1           1           0
 Mass(ik) =   28.0000000000000     
 flag_nlcc_element(ik) = F
 ==========================================================
 flag_nlcc =  F
 
 ============init_ps==============
 end init_ps
 Maximal rho_NLCC= 0.000000000000000E+000
 Maximal tau_NLCC= 0.000000000000000E+000
 == Ewald ==
 cutoff length in real-space in ewald =  4.00 [A]
 (buffer length in bookkeeping =  2.00 [A])
 cutoff length in G-space in ewald =  0.1870828864+102 [1/A]
 number of ion-ion pair(/atom) used for allocation of bookkeeping=    69
 ===========
   Static dipole moment(xyz) =   -0.7050264709E+04   -0.7046945684E+04   -0.7046780739E+04
 
 
  time-step  time[fs]                               Current(xyz)[a.u.]      electrons Total energy[eV] 
#----------------------------------------------------------------------
 projection: already converged, E_kin(new)-E_kin(old)= -2.273736754432321E-013
      10    0.02000000 -0.50609845E-08  0.11553073E-12  0.34149397E-12   864.00000000   -23334.39283074
      20    0.04000000 -0.23392209E-07  0.26401230E-11  0.56285923E-11   864.00000000   -23334.39283075
      30    0.06000000 -0.59494871E-07  0.94643878E-11  0.17894515E-10   864.00000000   -23334.39283072
      40    0.08000000 -0.11740976E-06  0.23980414E-10  0.43462244E-10   864.00000000   -23334.39283057
      50    0.10000000 -0.20050613E-06  0.50714316E-10  0.93939786E-10   864.00000000   -23334.39283014
      60    0.12000000 -0.31143551E-06  0.94871247E-10  0.18178843E-09   864.00000000   -23334.39282918
      70    0.14000000 -0.45224707E-06  0.16110554E-09  0.31968321E-09   864.00000000   -23334.39282727
      80    0.16000000 -0.62441466E-06  0.25141383E-09  0.51670814E-09   864.00000000   -23334.39282380
      90    0.18000000 -0.82889830E-06  0.36504699E-09  0.77823237E-09   864.00000000   -23334.39281795
     100    0.20000000 -0.10662423E-05  0.49851553E-09  0.11050148E-08   864.00000000   -23334.39280866
     110    0.22000000 -0.13365703E-05  0.64479507E-09  0.14943471E-08   863.99999999   -23334.39279455
     120    0.24000000 -0.16395734E-05  0.79331253E-09  0.19381717E-08   863.99999999   -23334.39277394
     130    0.26000000 -0.19745421E-05  0.92952913E-09  0.24228053E-08   863.99999999   -23334.39274481
     140    0.28000000 -0.23403827E-05  0.10353284E-08  0.29288004E-08   863.99999999   -23334.39270475
     150    0.30000000 -0.27356401E-05  0.10889855E-08  0.34322937E-08   863.99999999   -23334.39265099
     160    0.32000000 -0.31585433E-05  0.10664713E-08  0.39074748E-08   863.99999999   -23334.39258038
     170    0.34000000 -0.36070529E-05  0.94256667E-09  0.43252608E-08   863.99999999   -23334.39248936
     180    0.36000000 -0.40789039E-05  0.69039070E-09  0.46538770E-08   863.99999999   -23334.39237400
     190    0.38000000 -0.45716368E-05  0.28242745E-09  0.48608306E-08   863.99999999   -23334.39222999
     200    0.40000000 -0.50826563E-05 -0.30818718E-09  0.49143711E-08   863.99999999   -23334.39205266
     210    0.42000000 -0.56093001E-05 -0.11073705E-08  0.47823545E-08   863.99999999   -23334.39183699
     220    0.44000000 -0.61488616E-05 -0.21402858E-08  0.44334623E-08   863.99999999   -23334.39157769
     230    0.46000000 -0.66986130E-05 -0.34298993E-08  0.38379317E-08   863.99999999   -23334.39126912
     240    0.48000000 -0.72558455E-05 -0.49981849E-08  0.29659437E-08   863.99999999   -23334.39090546
     250    0.50000000 -0.78179030E-05 -0.68650773E-08  0.17882348E-08   863.99999999   -23334.39048061
     260    0.52000000 -0.83822000E-05 -0.90477909E-08  0.27789923E-09   863.99999999   -23334.38998835
     270    0.54000000 -0.89462332E-05 -0.11560387E-07 -0.15894117E-08   863.99999999   -23334.38942229
     280    0.56000000 -0.95075850E-05 -0.14414581E-07 -0.38352587E-08   863.99999999   -23334.38877595
     290    0.58000000 -0.10063930E-04 -0.17617609E-07 -0.64765939E-08   863.99999999   -23334.38804282
     300    0.60000000 -0.10613053E-04 -0.21173825E-07 -0.95267026E-08   863.99999999   -23334.38721635
     310    0.62000000 -0.11152877E-04 -0.25083979E-07 -0.12994494E-07   863.99999999   -23334.38629005
     320    0.64000000 -0.11681482E-04 -0.29344449E-07 -0.16883140E-07   863.99999999   -23334.38525750
     330    0.66000000 -0.12197116E-04 -0.33948747E-07 -0.21191870E-07   863.99999999   -23334.38411241
     340    0.68000000 -0.12698207E-04 -0.38885959E-07 -0.25915420E-07   863.99999998   -23334.38284863
     350    0.70000000 -0.13183383E-04 -0.44141811E-07 -0.31044950E-07   863.99999998   -23334.38146020
     360    0.72000000 -0.13651473E-04 -0.49698053E-07 -0.36568332E-07   863.99999998   -23334.37994137
     370    0.74000000 -0.14101509E-04 -0.55533448E-07 -0.42470489E-07   863.99999998   -23334.37828665
     380    0.76000000 -0.14532737E-04 -0.61622923E-07 -0.48734367E-07   863.99999998   -23334.37649079
     390    0.78000000 -0.14944588E-04 -0.67939048E-07 -0.55339617E-07   863.99999998   -23334.37454879
     400    0.80000000 -0.15336668E-04 -0.74451470E-07 -0.62264067E-07   863.99999998   -23334.37245597
     410    0.82000000 -0.15708751E-04 -0.81127550E-07 -0.69483311E-07   863.99999998   -23334.37020792
     420    0.84000000 -0.16060787E-04 -0.87933276E-07 -0.76971861E-07   863.99999998   -23334.36780051
     430    0.86000000 -0.16392883E-04 -0.94833155E-07 -0.84701210E-07   863.99999998   -23334.36522991
     440    0.88000000 -0.16705297E-04 -0.10179087E-06 -0.92641824E-07   863.99999998   -23334.36249256
     450    0.90000000 -0.16998428E-04 -0.10876883E-06 -0.10076192E-06   863.99999998   -23334.35958519
     460    0.92000000 -0.17272815E-04 -0.11573008E-06 -0.10902857E-06   863.99999998   -23334.35650475
     470    0.94000000 -0.17529118E-04 -0.12263733E-06 -0.11740551E-06   863.99999998   -23334.35324843
     480    0.96000000 -0.17768115E-04 -0.12945406E-06 -0.12585632E-06   863.99999998   -23334.34981365
     490    0.98000000 -0.17990683E-04 -0.13614440E-06 -0.13434269E-06   863.99999998   -23334.34619799
     500    1.00000000 -0.18197780E-04 -0.14267436E-06 -0.14282470E-06   863.99999998   -23334.34239916
     510    1.02000000 -0.18390432E-04 -0.14901107E-06 -0.15126229E-06   863.99999998   -23334.33841502
     520    1.04000000 -0.18569712E-04 -0.15512361E-06 -0.15961547E-06   863.99999998   -23334.33424351
     530    1.06000000 -0.18736727E-04 -0.16098322E-06 -0.16784377E-06   863.99999998   -23334.32988262
     540    1.08000000 -0.18892596E-04 -0.16656383E-06 -0.17590765E-06   863.99999998   -23334.32533036
     550    1.10000000 -0.19038444E-04 -0.17184179E-06 -0.18376789E-06   863.99999998   -23334.32058475
     560    1.12000000 -0.19175383E-04 -0.17679601E-06 -0.19138602E-06   863.99999998   -23334.31564378
     570    1.14000000 -0.19304498E-04 -0.18140940E-06 -0.19872494E-06   863.99999997   -23334.31050537
     580    1.16000000 -0.19426847E-04 -0.18566759E-06 -0.20574933E-06   863.99999997   -23334.30516739
     590    1.18000000 -0.19543457E-04 -0.18955949E-06 -0.21242540E-06   863.99999997   -23334.29962758
     600    1.20000000 -0.19655309E-04 -0.19307770E-06 -0.21872028E-06   863.99999997   -23334.29388359
     610    1.22000000 -0.19763328E-04 -0.19621772E-06 -0.22460417E-06   863.99999997   -23334.28793291
     620    1.24000000 -0.19868379E-04 -0.19897846E-06 -0.23004936E-06   863.99999997   -23334.28177290
     630    1.26000000 -0.19971261E-04 -0.20136172E-06 -0.23503114E-06   863.99999997   -23334.27540077
     640    1.28000000 -0.20072703E-04 -0.20337214E-06 -0.23952823E-06   863.99999997   -23334.26881355
     650    1.30000000 -0.20173365E-04 -0.20501707E-06 -0.24352244E-06   863.99999997   -23334.26200813
     660    1.32000000 -0.20273830E-04 -0.20630671E-06 -0.24699955E-06   863.99999997   -23334.25498123
     670    1.34000000 -0.20374609E-04 -0.20725328E-06 -0.24994912E-06   863.99999997   -23334.24772942
     680    1.36000000 -0.20476135E-04 -0.20787167E-06 -0.25236574E-06   863.99999997   -23334.24024912
     690    1.38000000 -0.20578765E-04 -0.20817894E-06 -0.25424748E-06   863.99999997   -23334.23253662
     700    1.40000000 -0.20682782E-04 -0.20819388E-06 -0.25559632E-06   863.99999997   -23334.22458810
     710    1.42000000 -0.20788393E-04 -0.20793686E-06 -0.25641862E-06   863.99999997   -23334.21639962
     720    1.44000000 -0.20895731E-04 -0.20743001E-06 -0.25672420E-06   863.99999997   -23334.20796718
     730    1.46000000 -0.21004852E-04 -0.20669571E-06 -0.25652690E-06   863.99999997   -23334.19928671
     740    1.48000000 -0.21115746E-04 -0.20575760E-06 -0.25584378E-06   863.99999997   -23334.19035414
     750    1.50000000 -0.21228333E-04 -0.20463935E-06 -0.25469595E-06   863.99999997   -23334.18116538
     760    1.52000000 -0.21342478E-04 -0.20336417E-06 -0.25310703E-06   863.99999997   -23334.17171639
     770    1.54000000 -0.21457991E-04 -0.20195482E-06 -0.25110380E-06   863.99999997   -23334.16200320
     780    1.56000000 -0.21574637E-04 -0.20043400E-06 -0.24871563E-06   863.99999997   -23334.15202191
     790    1.58000000 -0.21692132E-04 -0.19882302E-06 -0.24597504E-06   863.99999996   -23334.14176877
     800    1.60000000 -0.21810145E-04 -0.19714276E-06 -0.24291598E-06   863.99999996   -23334.13124021
     810    1.62000000 -0.21928309E-04 -0.19541338E-06 -0.23957504E-06   863.99999996   -23334.12043281
     820    1.64000000 -0.22046222E-04 -0.19365351E-06 -0.23599015E-06   863.99999996   -23334.10934342
     830    1.66000000 -0.22163455E-04 -0.19188034E-06 -0.23220034E-06   863.99999996   -23334.09796916
     840    1.68000000 -0.22279553E-04 -0.19011054E-06 -0.22824546E-06   863.99999996   -23334.08630741
     850    1.70000000 -0.22394041E-04 -0.18835882E-06 -0.22416619E-06   863.99999996   -23334.07435592
     860    1.72000000 -0.22506424E-04 -0.18663902E-06 -0.22000296E-06   863.99999996   -23334.06211279
     870    1.74000000 -0.22616204E-04 -0.18496358E-06 -0.21579528E-06   863.99999996   -23334.04957649
     880    1.76000000 -0.22722871E-04 -0.18334358E-06 -0.21158305E-06   863.99999996   -23334.03674593
     890    1.78000000 -0.22825917E-04 -0.18178854E-06 -0.20740494E-06   863.99999996   -23334.02362046
     900    1.80000000 -0.22924842E-04 -0.18030646E-06 -0.20329806E-06   863.99999996   -23334.01019989
     910    1.82000000 -0.23019158E-04 -0.17890417E-06 -0.19929894E-06   863.99999996   -23333.99648452
     920    1.84000000 -0.23108395E-04 -0.17758701E-06 -0.19544224E-06   863.99999996   -23333.98247511
     930    1.86000000 -0.23192105E-04 -0.17635937E-06 -0.19176068E-06   863.99999996   -23333.96817297
     940    1.88000000 -0.23269863E-04 -0.17522418E-06 -0.18828499E-06   863.99999996   -23333.95357989
     950    1.90000000 -0.23341271E-04 -0.17418347E-06 -0.18504450E-06   863.99999996   -23333.93869817
     960    1.92000000 -0.23405957E-04 -0.17323892E-06 -0.18206632E-06   863.99999996   -23333.92353064
     970    1.94000000 -0.23463584E-04 -0.17239101E-06 -0.17937505E-06   863.99999996   -23333.90808061
     980    1.96000000 -0.23513851E-04 -0.17163929E-06 -0.17699308E-06   863.99999996   -23333.89235194
     990    1.98000000 -0.23556495E-04 -0.17098355E-06 -0.17493965E-06   863.99999995   -23333.87634893
    1000    2.00000000 -0.23591291E-04 -0.17042221E-06 -0.17323110E-06   863.99999995   -23333.86007638
    1010    2.02000000 -0.23618056E-04 -0.16995352E-06 -0.17188112E-06   863.99999995   -23333.84353956
    1020    2.04000000 -0.23636652E-04 -0.16957571E-06 -0.17090026E-06   863.99999995   -23333.82674413
    1030    2.06000000 -0.23646979E-04 -0.16928634E-06 -0.17029549E-06   863.99999995   -23333.80969621
    1040    2.08000000 -0.23648981E-04 -0.16908266E-06 -0.17007036E-06   863.99999995   -23333.79240228
    1050    2.10000000 -0.23642641E-04 -0.16896138E-06 -0.17022496E-06   863.99999995   -23333.77486916
    1060    2.12000000 -0.23627980E-04 -0.16891950E-06 -0.17075655E-06   863.99999995   -23333.75710403
    1070    2.14000000 -0.23605061E-04 -0.16895305E-06 -0.17165911E-06   863.99999995   -23333.73911432
    1080    2.16000000 -0.23573979E-04 -0.16905875E-06 -0.17292399E-06   863.99999995   -23333.72090777
    1090    2.18000000 -0.23534863E-04 -0.16923277E-06 -0.17453977E-06   863.99999995   -23333.70249231
    1100    2.20000000 -0.23487871E-04 -0.16947184E-06 -0.17649242E-06   863.99999995   -23333.68387608
    1110    2.22000000 -0.23433188E-04 -0.16977210E-06 -0.17876541E-06   863.99999995   -23333.66506739
    1120    2.24000000 -0.23371020E-04 -0.17013030E-06 -0.18134006E-06   863.99999995   -23333.64607467
    1130    2.26000000 -0.23301594E-04 -0.17054285E-06 -0.18419576E-06   863.99999995   -23333.62690646
    1140    2.28000000 -0.23225150E-04 -0.17100689E-06 -0.18731040E-06   863.99999995   -23333.60757140
    1150    2.30000000 -0.23141946E-04 -0.17151932E-06 -0.19065882E-06   863.99999995   -23333.58807817
    1160    2.32000000 -0.23052244E-04 -0.17207755E-06 -0.19421521E-06   863.99999995   -23333.56843548
    1170    2.34000000 -0.22956315E-04 -0.17267950E-06 -0.19795109E-06   863.99999995   -23333.54865206
    1180    2.36000000 -0.22854431E-04 -0.17332297E-06 -0.20183747E-06   863.99999994   -23333.52873661
    1190    2.38000000 -0.22746865E-04 -0.17400558E-06 -0.20584320E-06   863.99999994   -23333.50869785
    1200    2.40000000 -0.22633883E-04 -0.17472555E-06 -0.20993685E-06   863.99999994   -23333.48854443
    1210    2.42000000 -0.22515743E-04 -0.17548045E-06 -0.21408605E-06   863.99999994   -23333.46828496
    1220    2.44000000 -0.22392689E-04 -0.17626805E-06 -0.21825819E-06   863.99999994   -23333.44792804
    1230    2.46000000 -0.22264950E-04 -0.17708589E-06 -0.22242056E-06   863.99999994   -23333.42748217
    1240    2.48000000 -0.22132739E-04 -0.17793161E-06 -0.22654126E-06   863.99999994   -23333.40695586
    1250    2.50000000 -0.21996246E-04 -0.17880277E-06 -0.23058866E-06   863.99999994   -23333.38635753
    1260    2.52000000 -0.21855638E-04 -0.17969698E-06 -0.23453278E-06   863.99999994   -23333.36569561
    1270    2.54000000 -0.21711057E-04 -0.18061188E-06 -0.23834481E-06   863.99999994   -23333.34497849
    1280    2.56000000 -0.21562621E-04 -0.18154476E-06 -0.24199741E-06   863.99999994   -23333.32421458
    1290    2.58000000 -0.21410419E-04 -0.18249344E-06 -0.24546485E-06   863.99999994   -23333.30341227
    1300    2.60000000 -0.21254514E-04 -0.18345421E-06 -0.24872295E-06   863.99999994   -23333.28258002
    1310    2.62000000 -0.21094943E-04 -0.18442370E-06 -0.25174941E-06   863.99999994   -23333.26172632
    1320    2.64000000 -0.20931717E-04 -0.18539739E-06 -0.25452390E-06   863.99999994   -23333.24085974
    1330    2.66000000 -0.20764825E-04 -0.18636999E-06 -0.25702800E-06   863.99999994   -23333.21998893
    1340    2.68000000 -0.20594232E-04 -0.18733577E-06 -0.25924590E-06   863.99999994   -23333.19912266
    1350    2.70000000 -0.20419885E-04 -0.18828813E-06 -0.26116384E-06   863.99999993   -23333.17826982
    1360    2.72000000 -0.20241712E-04 -0.18921992E-06 -0.26277064E-06   863.99999993   -23333.15743946
    1370    2.74000000 -0.20059623E-04 -0.19012322E-06 -0.26405748E-06   863.99999993   -23333.13664076
    1380    2.76000000 -0.19873513E-04 -0.19098989E-06 -0.26501883E-06   863.99999993   -23333.11588310
    1390    2.78000000 -0.19683266E-04 -0.19181161E-06 -0.26565132E-06   863.99999993   -23333.09517602
    1400    2.80000000 -0.19488754E-04 -0.19257956E-06 -0.26595433E-06   863.99999993   -23333.07452929
    1410    2.82000000 -0.19289846E-04 -0.19328481E-06 -0.26592980E-06   863.99999993   -23333.05395285
    1420    2.84000000 -0.19086403E-04 -0.19391833E-06 -0.26558212E-06   863.99999993   -23333.03345685
    1430    2.86000000 -0.18878286E-04 -0.19447105E-06 -0.26491755E-06   863.99999993   -23333.01305166
    1440    2.88000000 -0.18665359E-04 -0.19493322E-06 -0.26394478E-06   863.99999993   -23332.99274785
    1450    2.90000000 -0.18447487E-04 -0.19529563E-06 -0.26267448E-06   863.99999993   -23332.97255620
    1460    2.92000000 -0.18224545E-04 -0.19554858E-06 -0.26111898E-06   863.99999993   -23332.95248765
    1470    2.94000000 -0.17996417E-04 -0.19568283E-06 -0.25929209E-06   863.99999993   -23332.93255334
    1480    2.96000000 -0.17762999E-04 -0.19568934E-06 -0.25720965E-06   863.99999993   -23332.91276457
    1490    2.98000000 -0.17524201E-04 -0.19556016E-06 -0.25488884E-06   863.99999993   -23332.89313278
    1500    3.00000000 -0.17279948E-04 -0.19528794E-06 -0.25234839E-06   863.99999993   -23332.87366953
    1510    3.02000000 -0.17030188E-04 -0.19486650E-06 -0.24960810E-06   863.99999992   -23332.85438648
    1520    3.04000000 -0.16774884E-04 -0.19429064E-06 -0.24668984E-06   863.99999992   -23332.83529535
    1530    3.06000000 -0.16514023E-04 -0.19355674E-06 -0.24361595E-06   863.99999992   -23332.81640789
    1540    3.08000000 -0.16247616E-04 -0.19266256E-06 -0.24040924E-06   863.99999992   -23332.79773588
    1550    3.10000000 -0.15975693E-04 -0.19160710E-06 -0.23709404E-06   863.99999992   -23332.77929105
    1560    3.12000000 -0.15698309E-04 -0.19039066E-06 -0.23369463E-06   863.99999992   -23332.76108507
    1570    3.14000000 -0.15415540E-04 -0.18901498E-06 -0.23023522E-06   863.99999992   -23332.74312951
    1580    3.16000000 -0.15127484E-04 -0.18748312E-06 -0.22673988E-06   863.99999992   -23332.72543581
    1590    3.18000000 -0.14834258E-04 -0.18579933E-06 -0.22323256E-06   863.99999992   -23332.70801524
    1600    3.20000000 -0.14535999E-04 -0.18396979E-06 -0.21973604E-06   863.99999992   -23332.69087887
    1610    3.22000000 -0.14232861E-04 -0.18200154E-06 -0.21627259E-06   863.99999992   -23332.67403754
    1620    3.24000000 -0.13925014E-04 -0.17990360E-06 -0.21286334E-06   863.99999992   -23332.65750183
    1630    3.26000000 -0.13612641E-04 -0.17768609E-06 -0.20952830E-06   863.99999992   -23332.64128203
    1640    3.28000000 -0.13295936E-04 -0.17536063E-06 -0.20628606E-06   863.99999992   -23332.62538810
    1650    3.30000000 -0.12975101E-04 -0.17293958E-06 -0.20315374E-06   863.99999992   -23332.60982969
    1660    3.32000000 -0.12650346E-04 -0.17043699E-06 -0.20014685E-06   863.99999992   -23332.59461608
    1670    3.34000000 -0.12321881E-04 -0.16786683E-06 -0.19727927E-06   863.99999991   -23332.57975619
    1680    3.36000000 -0.11989919E-04 -0.16524398E-06 -0.19456233E-06   863.99999991   -23332.56525854
    1690    3.38000000 -0.11654667E-04 -0.16258341E-06 -0.19200516E-06   863.99999991   -23332.55113128
    1700    3.40000000 -0.11316326E-04 -0.15990038E-06 -0.18961456E-06   863.99999991   -23332.53738217
    1710    3.42000000 -0.10975085E-04 -0.15720990E-06 -0.18739430E-06   863.99999991   -23332.52401858
    1720    3.44000000 -0.10631122E-04 -0.15452659E-06 -0.18534569E-06   863.99999991   -23332.51104748
    1730    3.46000000 -0.10284599E-04 -0.15186487E-06 -0.18346745E-06   863.99999991   -23332.49847551
    1740    3.48000000 -0.99356616E-05 -0.14923823E-06 -0.18175586E-06   863.99999991   -23332.48630892
    1750    3.50000000 -0.95844330E-05 -0.14665941E-06 -0.18020427E-06   863.99999991   -23332.47455363
    1760    3.52000000 -0.92310164E-05 -0.14413963E-06 -0.17880407E-06   863.99999991   -23332.46321523
    1770    3.54000000 -0.88754917E-05 -0.14168948E-06 -0.17754416E-06   863.99999991   -23332.45229904
    1780    3.56000000 -0.85179154E-05 -0.13931708E-06 -0.17641121E-06   863.99999991   -23332.44181007
    1790    3.58000000 -0.81583189E-05 -0.13702932E-06 -0.17538993E-06   863.99999991   -23332.43175309
    1800    3.60000000 -0.77967106E-05 -0.13483158E-06 -0.17446345E-06   863.99999991   -23332.42213266
    1810    3.62000000 -0.74330757E-05 -0.13272731E-06 -0.17361353E-06   863.99999990   -23332.41295314
    1820    3.64000000 -0.70673786E-05 -0.13071779E-06 -0.17282013E-06   863.99999990   -23332.40421868
    1830    3.66000000 -0.66995642E-05 -0.12880262E-06 -0.17206292E-06   863.99999990   -23332.39593331
    1840    3.68000000 -0.63295611E-05 -0.12697946E-06 -0.17132050E-06   863.99999990   -23332.38810091
    1850    3.70000000 -0.59572819E-05 -0.12524339E-06 -0.17057052E-06   863.99999990   -23332.38072523
    1860    3.72000000 -0.55826267E-05 -0.12358779E-06 -0.16979119E-06   863.99999990   -23332.37380991
    1870    3.74000000 -0.52054854E-05 -0.12200390E-06 -0.16896003E-06   863.99999990   -23332.36735852
    1880    3.76000000 -0.48257395E-05 -0.12048057E-06 -0.16805477E-06   863.99999990   -23332.36137451
    1890    3.78000000 -0.44432655E-05 -0.11900483E-06 -0.16705341E-06   863.99999990   -23332.35586125
    1900    3.80000000 -0.40579387E-05 -0.11756180E-06 -0.16593520E-06   863.99999990   -23332.35082201
    1910    3.82000000 -0.36696379E-05 -0.11613494E-06 -0.16467959E-06   863.99999990   -23332.34625999
    1920    3.84000000 -0.32782490E-05 -0.11470622E-06 -0.16326794E-06   863.99999990   -23332.34217828
    1930    3.86000000 -0.28836717E-05 -0.11325589E-06 -0.16168291E-06   863.99999990   -23332.33857982
    1940    3.88000000 -0.24858238E-05 -0.11176398E-06 -0.15990856E-06   863.99999990   -23332.33546744
    1950    3.90000000 -0.20846462E-05 -0.11020890E-06 -0.15793056E-06   863.99999990   -23332.33284376
    1960    3.92000000 -0.16801054E-05 -0.10856929E-06 -0.15573551E-06   863.99999989   -23332.33071122
    1970    3.94000000 -0.12721970E-05 -0.10682293E-06 -0.15331149E-06   863.99999989   -23332.32907199
    1980    3.96000000 -0.86094542E-06 -0.10494861E-06 -0.15064751E-06   863.99999989   -23332.32792795
    1990    3.98000000 -0.44640566E-06 -0.10292449E-06 -0.14773327E-06   863.99999989   -23332.32728067
    2000    4.00000000 -0.28662981E-07 -0.10073067E-06 -0.14456041E-06   863.99999989   -23332.32713132
    2010    4.02000000  0.39216657E-06 -0.98347490E-07 -0.14112147E-06   863.99999989   -23332.32748070
    2020    4.04000000  0.81593647E-06 -0.95757288E-07 -0.13741095E-06   863.99999989   -23332.32832914
    2030    4.06000000  0.12424673E-05 -0.92944046E-07 -0.13342489E-06   863.99999989   -23332.32967649
    2040    4.08000000  0.16715472E-05 -0.89894042E-07 -0.12916186E-06   863.99999989   -23332.33152208
    2050    4.10000000  0.21029319E-05 -0.86596024E-07 -0.12462223E-06   863.99999989   -23332.33386467
    2060    4.12000000  0.25363453E-05 -0.83041402E-07 -0.11980843E-06   863.99999989   -23332.33670243
    2070    4.14000000  0.29714838E-05 -0.79224796E-07 -0.11472483E-06   863.99999989   -23332.34003290
    2080    4.16000000  0.34080196E-05 -0.75143792E-07 -0.10937749E-06   863.99999989   -23332.34385295
    2090    4.18000000  0.38456064E-05 -0.70798705E-07 -0.10377385E-06   863.99999989   -23332.34815880
    2100    4.20000000  0.42838859E-05 -0.66193594E-07 -0.97922682E-07   863.99999989   -23332.35294596
    2110    4.22000000  0.47224946E-05 -0.61334934E-07 -0.91833954E-07   863.99999988   -23332.35820926
    2120    4.24000000  0.51610713E-05 -0.56232357E-07 -0.85518961E-07   863.99999988   -23332.36394284
    2130    4.26000000  0.55992628E-05 -0.50898023E-07 -0.78989804E-07   863.99999988   -23332.37014018
    2140    4.28000000  0.60367304E-05 -0.45347078E-07 -0.72260031E-07   863.99999988   -23332.37679411
    2150    4.30000000  0.64731554E-05 -0.39596172E-07 -0.65343676E-07   863.99999988   -23332.38389685
    2160    4.32000000  0.69082452E-05 -0.33665007E-07 -0.58255732E-07   863.99999988   -23332.39144002
    2170    4.34000000  0.73417377E-05 -0.27574597E-07 -0.51011737E-07   863.99999988   -23332.39941473
    2180    4.36000000  0.77734057E-05 -0.21347583E-07 -0.43627254E-07   863.99999988   -23332.40781159
    2190    4.38000000  0.82030604E-05 -0.15007403E-07 -0.36118430E-07   863.99999988   -23332.41662076
    2200    4.40000000  0.86305527E-05 -0.85783509E-08 -0.28500766E-07   863.99999988   -23332.42583202
    2210    4.42000000  0.90557733E-05 -0.20845826E-08 -0.20789844E-07   863.99999988   -23332.43543483
    2220    4.44000000  0.94786518E-05  0.44497994E-08 -0.13000330E-07   863.99999988   -23332.44541834
    2230    4.46000000  0.98991528E-05  0.11001405E-07 -0.51460892E-08   863.99999988   -23332.45577147
    2240    4.48000000  0.10317271E-04  0.17548306E-07  0.27591688E-08   863.99999988   -23332.46648297
    2250    4.50000000  0.10733023E-04  0.24069875E-07  0.10703381E-07   863.99999988   -23332.47754140
    2260    4.52000000  0.11146441E-04  0.30547554E-07  0.18674419E-07   863.99999988   -23332.48893519
    2270    4.54000000  0.11557562E-04  0.36965570E-07  0.26661395E-07   863.99999987   -23332.50065266
    2280    4.56000000  0.11966421E-04  0.43310556E-07  0.34653947E-07   863.99999987   -23332.51268200
    2290    4.58000000  0.12373039E-04  0.49571869E-07  0.42641982E-07   863.99999987   -23332.52501128
    2300    4.60000000  0.12777420E-04  0.55741999E-07  0.50616488E-07   863.99999987   -23332.53762846
    2310    4.62000000  0.13179539E-04  0.61816443E-07  0.58569426E-07   863.99999987   -23332.55052133
    2320    4.64000000  0.13579344E-04  0.67793124E-07  0.66493714E-07   863.99999987   -23332.56367753
    2330    4.66000000  0.13976749E-04  0.73672347E-07  0.74383343E-07   863.99999987   -23332.57708448
    2340    4.68000000  0.14371639E-04  0.79455851E-07  0.82233436E-07   863.99999987   -23332.59072941
    2350    4.70000000  0.14763870E-04  0.85147137E-07  0.90040346E-07   863.99999987   -23332.60459932
    2360    4.72000000  0.15153272E-04  0.90749883E-07  0.97801096E-07   863.99999987   -23332.61868094
    2370    4.74000000  0.15539662E-04  0.96268105E-07  0.10551355E-06   863.99999987   -23332.63296077
    2380    4.76000000  0.15922843E-04  0.10170556E-06  0.11317574E-06   863.99999987   -23332.64742504
    2390    4.78000000  0.16302613E-04  0.10706557E-06  0.12078562E-06   863.99999987   -23332.66205975
    2400    4.80000000  0.16678774E-04  0.11234998E-06  0.12834060E-06   863.99999987   -23332.67685065
    2410    4.82000000  0.17051130E-04  0.11755996E-06  0.13583784E-06   863.99999987   -23332.69178330
    2420    4.84000000  0.17419494E-04  0.12269519E-06  0.14327300E-06   863.99999987   -23332.70684305
    2430    4.86000000  0.17783689E-04  0.12775393E-06  0.15064090E-06   863.99999987   -23332.72201509
    2440    4.88000000  0.18143543E-04  0.13273305E-06  0.15793443E-06   863.99999986   -23332.73728445
    2450    4.90000000  0.18498891E-04  0.13762823E-06  0.16514603E-06   863.99999986   -23332.75263606
    2460    4.92000000  0.18849571E-04  0.14243432E-06  0.17226651E-06   863.99999986   -23332.76805473
    2470    4.94000000  0.19195421E-04  0.14714557E-06  0.17928645E-06   863.99999986   -23332.78352519
    2480    4.96000000  0.19536273E-04  0.15175629E-06  0.18619690E-06   863.99999986   -23332.79903208
    2490    4.98000000  0.19871959E-04  0.15626133E-06  0.19298996E-06   863.99999986   -23332.81455999
    2500    5.00000000  0.20202301E-04  0.16065674E-06  0.19965928E-06   863.99999986   -23332.83009348
    2510    5.02000000  0.20527120E-04  0.16494105E-06  0.20620142E-06   863.99999986   -23332.84561704
    2520    5.04000000  0.20846235E-04  0.16911443E-06  0.21261677E-06   863.99999986   -23332.86111516
    2530    5.06000000  0.21159469E-04  0.17318076E-06  0.21890876E-06   863.99999986   -23332.87657234
    2540    5.08000000  0.21466658E-04  0.17714686E-06  0.22508547E-06   863.99999986   -23332.89197309
    2550    5.10000000  0.21767654E-04  0.18102304E-06  0.23115946E-06   863.99999986   -23332.90730196
    2560    5.12000000  0.22062333E-04  0.18482262E-06  0.23714642E-06   863.99999986   -23332.92254360
    2570    5.14000000  0.22350602E-04  0.18856200E-06  0.24306510E-06   863.99999986   -23332.93768277
    2580    5.16000000  0.22632404E-04  0.19225992E-06  0.24893714E-06   863.99999986   -23332.95270438
    2590    5.18000000  0.22907717E-04  0.19593691E-06  0.25478556E-06   863.99999986   -23332.96759352
    2600    5.20000000  0.23176556E-04  0.19961392E-06  0.26063307E-06   863.99999986   -23332.98233552
    2610    5.22000000  0.23438968E-04  0.20331223E-06  0.26650173E-06   863.99999986   -23332.99691595
    2620    5.24000000  0.23695026E-04  0.20705140E-06  0.27241209E-06   863.99999986   -23333.01132066
    2630    5.26000000  0.23944817E-04  0.21084917E-06  0.27838062E-06   863.99999985   -23333.02553578
    2640    5.28000000  0.24188434E-04  0.21472010E-06  0.28442023E-06   863.99999985   -23333.03954777
    2650    5.30000000  0.24425963E-04  0.21867495E-06  0.29053881E-06   863.99999985   -23333.05334337
    2660    5.32000000  0.24657468E-04  0.22271961E-06  0.29673934E-06   863.99999985   -23333.06690964
    2670    5.34000000  0.24882981E-04  0.22685481E-06  0.30301971E-06   863.99999985   -23333.08023390
    2680    5.36000000  0.25102492E-04  0.23107589E-06  0.30937316E-06   863.99999985   -23333.09330377
    2690    5.38000000  0.25315942E-04  0.23537189E-06  0.31578906E-06   863.99999985   -23333.10610711
    2700    5.40000000  0.25523215E-04  0.23972620E-06  0.32225317E-06   863.99999985   -23333.11863201
    2710    5.42000000  0.25724144E-04  0.24411640E-06  0.32874889E-06   863.99999985   -23333.13086682
    2720    5.44000000  0.25918508E-04  0.24851463E-06  0.33525843E-06   863.99999985   -23333.14280005
    2730    5.46000000  0.26106049E-04  0.25288820E-06  0.34176307E-06   863.99999985   -23333.15442046
    2740    5.48000000  0.26286474E-04  0.25720063E-06  0.34824443E-06   863.99999985   -23333.16571701
    2750    5.50000000  0.26459480E-04  0.26141249E-06  0.35468504E-06   863.99999985   -23333.17667890
    2760    5.52000000  0.26624769E-04  0.26548275E-06  0.36106881E-06   863.99999985   -23333.18729556
    2770    5.54000000  0.26782069E-04  0.26936973E-06  0.36738113E-06   863.99999985   -23333.19755673
    2780    5.56000000  0.26931152E-04  0.27303293E-06  0.37360935E-06   863.99999985   -23333.20745245
    2790    5.58000000  0.27071858E-04  0.27643472E-06  0.37974289E-06   863.99999985   -23333.21697312
    2800    5.60000000  0.27204111E-04  0.27954089E-06  0.38577214E-06   863.99999985   -23333.22610955
    2810    5.62000000  0.27327930E-04  0.28232262E-06  0.39168879E-06   863.99999985   -23333.23485301
    2820    5.64000000  0.27443442E-04  0.28475733E-06  0.39748505E-06   863.99999985   -23333.24319521
    2830    5.66000000  0.27550883E-04  0.28682905E-06  0.40315272E-06   863.99999985   -23333.25112843
    2840    5.68000000  0.27650599E-04  0.28853037E-06  0.40868285E-06   863.99999985   -23333.25864546
    2850    5.70000000  0.27743034E-04  0.28986164E-06  0.41406525E-06   863.99999984   -23333.26573962
    2860    5.72000000  0.27828722E-04  0.29083157E-06  0.41928719E-06   863.99999984   -23333.27240484
    2870    5.74000000  0.27908261E-04  0.29145665E-06  0.42433361E-06   863.99999984   -23333.27863553
    2880    5.76000000  0.27982295E-04  0.29176170E-06  0.42918668E-06   863.99999984   -23333.28442666
    2890    5.78000000  0.28051488E-04  0.29177742E-06  0.43382571E-06   863.99999984   -23333.28977369
    2900    5.80000000  0.28116495E-04  0.29154104E-06  0.43822760E-06   863.99999984   -23333.29467250
    2910    5.82000000  0.28177936E-04  0.29109394E-06  0.44236730E-06   863.99999984   -23333.29911940
    2920    5.84000000  0.28236366E-04  0.29048055E-06  0.44621829E-06   863.99999984   -23333.30311106
    2930    5.86000000  0.28292259E-04  0.28974666E-06  0.44975428E-06   863.99999984   -23333.30664445
    2940    5.88000000  0.28345980E-04  0.28893743E-06  0.45294958E-06   863.99999984   -23333.30971681
    2950    5.90000000  0.28397775E-04  0.28809562E-06  0.45578066E-06   863.99999984   -23333.31232562
    2960    5.92000000  0.28447762E-04  0.28725953E-06  0.45822723E-06   863.99999984   -23333.31446854
    2970    5.94000000  0.28495923E-04  0.28646139E-06  0.46027343E-06   863.99999984   -23333.31614345
    2980    5.96000000  0.28542112E-04  0.28572572E-06  0.46190833E-06   863.99999984   -23333.31734838
    2990    5.98000000  0.28586058E-04  0.28506839E-06  0.46312733E-06   863.99999984   -23333.31808153
    3000    6.00000000  0.28627384E-04  0.28449527E-06  0.46393187E-06   863.99999984   -23333.31834131
    3010    6.02000000  0.28665624E-04  0.28400201E-06  0.46432991E-06   863.99999984   -23333.31812633
    3020    6.04000000  0.28700248E-04  0.28357346E-06  0.46433544E-06   863.99999984   -23333.31743546
    3030    6.06000000  0.28730684E-04  0.28318416E-06  0.46396881E-06   863.99999984   -23333.31626781
    3040    6.08000000  0.28756355E-04  0.28279915E-06  0.46325565E-06   863.99999984   -23333.31462285
    3050    6.10000000  0.28776701E-04  0.28237525E-06  0.46222666E-06   863.99999984   -23333.31250038
    3060    6.12000000  0.28791213E-04  0.28186203E-06  0.46091670E-06   863.99999984   -23333.30990060
    3070    6.14000000  0.28799457E-04  0.28120456E-06  0.45936364E-06   863.99999983   -23333.30682413
    3080    6.16000000  0.28801102E-04  0.28034470E-06  0.45760757E-06   863.99999983   -23333.30327201
    3090    6.18000000  0.28795934E-04  0.27922390E-06  0.45569021E-06   863.99999983   -23333.29924574
    3100    6.20000000  0.28783874E-04  0.27778558E-06  0.45365358E-06   863.99999983   -23333.29474727
    3110    6.22000000  0.28764990E-04  0.27597819E-06  0.45153863E-06   863.99999983   -23333.28977897
    3120    6.24000000  0.28739492E-04  0.27375654E-06  0.44938582E-06   863.99999983   -23333.28434362
    3130    6.26000000  0.28707737E-04  0.27108442E-06  0.44723282E-06   863.99999983   -23333.27844437
    3140    6.28000000  0.28670215E-04  0.26793695E-06  0.44511454E-06   863.99999983   -23333.27208464
    3150    6.30000000  0.28627535E-04  0.26430133E-06  0.44306309E-06   863.99999983   -23333.26526815
    3160    6.32000000  0.28580408E-04  0.26017818E-06  0.44110793E-06   863.99999983   -23333.25799877
    3170    6.34000000  0.28529618E-04  0.25558229E-06  0.43927439E-06   863.99999983   -23333.25028050
    3180    6.36000000  0.28476002E-04  0.25054298E-06  0.43758477E-06   863.99999983   -23333.24211739
    3190    6.38000000  0.28420412E-04  0.24510227E-06  0.43605855E-06   863.99999983   -23333.23351345
    3200    6.40000000  0.28363696E-04  0.23931550E-06  0.43471279E-06   863.99999983   -23333.22447263
    3210    6.42000000  0.28306658E-04  0.23324912E-06  0.43356206E-06   863.99999983   -23333.21499875
    3220    6.44000000  0.28250038E-04  0.22697886E-06  0.43261959E-06   863.99999983   -23333.20509547
    3230    6.46000000  0.28194484E-04  0.22058808E-06  0.43189693E-06   863.99999983   -23333.19476626
    3240    6.48000000  0.28140528E-04  0.21416549E-06  0.43140438E-06   863.99999983   -23333.18401441
    3250    6.50000000  0.28088574E-04  0.20780205E-06  0.43115118E-06   863.99999983   -23333.17284300
    3260    6.52000000  0.28038881E-04  0.20158906E-06  0.43114586E-06   863.99999983   -23333.16125500
    3270    6.54000000  0.27991559E-04  0.19561598E-06  0.43139564E-06   863.99999983   -23333.14925323
    3280    6.56000000  0.27946562E-04  0.18996726E-06  0.43190658E-06   863.99999983   -23333.13684047
    3290    6.58000000  0.27903698E-04  0.18472051E-06  0.43268313E-06   863.99999982   -23333.12401951
    3300    6.60000000  0.27862630E-04  0.17994448E-06  0.43372800E-06   863.99999982   -23333.11079322
    3310    6.62000000  0.27822890E-04  0.17569703E-06  0.43504097E-06   863.99999982   -23333.09716465
    3320    6.64000000  0.27783895E-04  0.17202430E-06  0.43661992E-06   863.99999982   -23333.08313709
    3330    6.66000000  0.27744965E-04  0.16895895E-06  0.43845955E-06   863.99999982   -23333.06871420
    3340    6.68000000  0.27705340E-04  0.16652019E-06  0.44055103E-06   863.99999982   -23333.05390005
    3350    6.70000000  0.27664209E-04  0.16471257E-06  0.44288181E-06   863.99999982   -23333.03869922
    3360    6.72000000  0.27620723E-04  0.16352717E-06  0.44543610E-06   863.99999982   -23333.02311687
    3370    6.74000000  0.27574028E-04  0.16294144E-06  0.44819400E-06   863.99999982   -23333.00715881
    3380    6.76000000  0.27523276E-04  0.16292015E-06  0.45113222E-06   863.99999982   -23332.99083151
    3390    6.78000000  0.27467653E-04  0.16341670E-06  0.45422384E-06   863.99999982   -23332.97414217
    3400    6.80000000  0.27406395E-04  0.16437462E-06  0.45743899E-06   863.99999982   -23332.95709875
    3410    6.82000000  0.27338801E-04  0.16572921E-06  0.46074553E-06   863.99999982   -23332.93970992
    3420    6.84000000  0.27264249E-04  0.16740934E-06  0.46410947E-06   863.99999982   -23332.92198509
    3430    6.86000000  0.27182204E-04  0.16933943E-06  0.46749605E-06   863.99999982   -23332.90393440
    3440    6.88000000  0.27092228E-04  0.17144220E-06  0.47087066E-06   863.99999982   -23332.88556863
    3450    6.90000000  0.26993981E-04  0.17363910E-06  0.47419976E-06   863.99999982   -23332.86689922
    3460    6.92000000  0.26887225E-04  0.17585411E-06  0.47745129E-06   863.99999982   -23332.84793814
    3470    6.94000000  0.26771820E-04  0.17801415E-06  0.48059568E-06   863.99999982   -23332.82869791
    3480    6.96000000  0.26647724E-04  0.18005152E-06  0.48360621E-06   863.99999982   -23332.80919143
    3490    6.98000000  0.26514985E-04  0.18190557E-06  0.48645942E-06   863.99999981   -23332.78943200
    3500    7.00000000  0.26373734E-04  0.18352411E-06  0.48913501E-06   863.99999981   -23332.76943319
    3510    7.02000000  0.26224174E-04  0.18486399E-06  0.49161633E-06   863.99999981   -23332.74920877
    3520    7.04000000  0.26066574E-04  0.18589271E-06  0.49388952E-06   863.99999981   -23332.72877266
    3530    7.06000000  0.25901255E-04  0.18658826E-06  0.49594395E-06   863.99999981   -23332.70813885
    3540    7.08000000  0.25728578E-04  0.18693991E-06  0.49777124E-06   863.99999981   -23332.68732133
    3550    7.10000000  0.25548933E-04  0.18694765E-06  0.49936487E-06   863.99999981   -23332.66633405
    3560    7.12000000  0.25362726E-04  0.18662194E-06  0.50071988E-06   863.99999981   -23332.64519085
    3570    7.14000000  0.25170368E-04  0.18598239E-06  0.50183218E-06   863.99999981   -23332.62390545
    3580    7.16000000  0.24972263E-04  0.18505717E-06  0.50269740E-06   863.99999981   -23332.60249142
    3590    7.18000000  0.24768799E-04  0.18388067E-06  0.50331118E-06   863.99999981   -23332.58096213
    3600    7.20000000  0.24560333E-04  0.18249291E-06  0.50366804E-06   863.99999981   -23332.55933079
    3610    7.22000000  0.24347192E-04  0.18093739E-06  0.50376028E-06   863.99999981   -23332.53761040
    3620    7.24000000  0.24129656E-04  0.17925845E-06  0.50357845E-06   863.99999981   -23332.51581382
    3630    7.26000000  0.23907959E-04  0.17749979E-06  0.50311067E-06   863.99999981   -23332.49395375
    3640    7.28000000  0.23682282E-04  0.17570276E-06  0.50234182E-06   863.99999981   -23332.47204276
    3650    7.30000000  0.23452754E-04  0.17390316E-06  0.50125382E-06   863.99999981   -23332.45009335
    3660    7.32000000  0.23219447E-04  0.17213088E-06  0.49982583E-06   863.99999981   -23332.42811796
    3670    7.34000000  0.22982381E-04  0.17040787E-06  0.49803378E-06   863.99999980   -23332.40612902
    3680    7.36000000  0.22741522E-04  0.16874599E-06  0.49585104E-06   863.99999980   -23332.38413901
    3690    7.38000000  0.22496792E-04  0.16714718E-06  0.49324888E-06   863.99999980   -23332.36216046
    3700    7.40000000  0.22248071E-04  0.16560303E-06  0.49019676E-06   863.99999980   -23332.34020605
    3710    7.42000000  0.21995204E-04  0.16409385E-06  0.48666264E-06   863.99999980   -23332.31828858
    3720    7.44000000  0.21738010E-04  0.16258942E-06  0.48261411E-06   863.99999980   -23332.29642105
    3730    7.46000000  0.21476293E-04  0.16104989E-06  0.47801850E-06   863.99999980   -23332.27461666
    3740    7.48000000  0.21209851E-04  0.15942654E-06  0.47284400E-06   863.99999980   -23332.25288881
    3750    7.50000000  0.20938485E-04  0.15766273E-06  0.46706074E-06   863.99999980   -23332.23125114
    3760    7.52000000  0.20662014E-04  0.15569723E-06  0.46064138E-06   863.99999980   -23332.20971747
    3770    7.54000000  0.20380279E-04  0.15346405E-06  0.45356152E-06   863.99999980   -23332.18830181
    3780    7.56000000  0.20093161E-04  0.15089618E-06  0.44580167E-06   863.99999980   -23332.16701832
    3790    7.58000000  0.19800582E-04  0.14792761E-06  0.43734807E-06   863.99999980   -23332.14588126
    3800    7.60000000  0.19502518E-04  0.14449497E-06  0.42819277E-06   863.99999980   -23332.12490494
    3810    7.62000000  0.19199002E-04  0.14054038E-06  0.41833536E-06   863.99999980   -23332.10410364
    3820    7.64000000  0.18890131E-04  0.13601396E-06  0.40778336E-06   863.99999980   -23332.08349154
    3830    7.66000000  0.18576069E-04  0.13087552E-06  0.39655298E-06   863.99999980   -23332.06308267
    3840    7.68000000  0.18257046E-04  0.12509534E-06  0.38466968E-06   863.99999979   -23332.04289078
    3850    7.70000000  0.17933357E-04  0.11865667E-06  0.37216894E-06   863.99999979   -23332.02292925
    3860    7.72000000  0.17605363E-04  0.11155585E-06  0.35909696E-06   863.99999979   -23332.00321106
    3870    7.74000000  0.17273483E-04  0.10380278E-06  0.34551004E-06   863.99999979   -23331.98374864
    3880    7.76000000  0.16938192E-04  0.95420795E-07  0.33147515E-06   863.99999979   -23331.96455383
    3890    7.78000000  0.16600008E-04  0.86446763E-07  0.31707026E-06   863.99999979   -23331.94563778
    3900    7.80000000  0.16259490E-04  0.76929416E-07  0.30238301E-06   863.99999979   -23331.92701090
    3910    7.82000000  0.15917226E-04  0.66928057E-07  0.28750959E-06   863.99999979   -23331.90868279
    3920    7.84000000  0.15573821E-04  0.56511762E-07  0.27255447E-06   863.99999979   -23331.89066219
    3930    7.86000000  0.15229888E-04  0.45757341E-07  0.25762854E-06   863.99999979   -23331.87295700
    3940    7.88000000  0.14886037E-04  0.34747645E-07  0.24284698E-06   863.99999979   -23331.85557416
    3950    7.90000000  0.14542863E-04  0.23569525E-07  0.22832800E-06   863.99999979   -23331.83851975
    3960    7.92000000  0.14200935E-04  0.12312605E-07  0.21419004E-06   863.99999979   -23331.82179894
    3970    7.94000000  0.13860785E-04  0.10666228E-08  0.20055042E-06   863.99999979   -23331.80541602
    3980    7.96000000  0.13522898E-04 -0.10079358E-07  0.18752179E-06   863.99999979   -23331.78937448
    3990    7.98000000  0.13187703E-04 -0.21038876E-07  0.17521084E-06   863.99999978   -23331.77367699
    4000    8.00000000  0.12855563E-04 -0.31729234E-07  0.16371558E-06   863.99999978   -23331.75832554
    4010    8.02000000  0.12526771E-04 -0.42072756E-07  0.15312312E-06   863.99999978   -23331.74332149
    4020    8.04000000  0.12201539E-04 -0.51997040E-07  0.14350748E-06   863.99999978   -23331.72866563
    4030    8.06000000  0.11880000E-04 -0.61436026E-07  0.13492859E-06   863.99999978   -23331.71435832
    4040    8.08000000  0.11562201E-04 -0.70329568E-07  0.12743024E-06   863.99999978   -23331.70039956
    4050    8.10000000  0.11248102E-04 -0.78623756E-07  0.12103962E-06   863.99999978   -23331.68678912
    4060    8.12000000  0.10937577E-04 -0.86271414E-07  0.11576689E-06   863.99999978   -23331.67352663
    4070    8.14000000  0.10630417E-04 -0.93230587E-07  0.11160545E-06   863.99999978   -23331.66061168
    4080    8.16000000  0.10326330E-04 -0.99464485E-07  0.10853188E-06   863.99999978   -23331.64804398
    4090    8.18000000  0.10024949E-04 -0.10494160E-06  0.10650712E-06   863.99999978   -23331.63582339
    4100    8.20000000  0.97258326E-05 -0.10963471E-06  0.10547776E-06   863.99999978   -23331.62395006
    4110    8.22000000  0.94284795E-05 -0.11352122E-06  0.10537822E-06   863.99999978   -23331.61242451
    4120    8.24000000  0.91323311E-05 -0.11658209E-06  0.10613152E-06   863.99999978   -23331.60124771
    4130    8.26000000  0.88367828E-05 -0.11880308E-06  0.10765263E-06   863.99999977   -23331.59042116
    4140    8.28000000  0.85411951E-05 -0.12017333E-06  0.10985030E-06   863.99999977   -23331.57994690
    4150    8.30000000  0.82449050E-05 -0.12068748E-06  0.11262859E-06   863.99999977   -23331.56982762
    4160    8.32000000  0.79472381E-05 -0.12034526E-06  0.11589024E-06   863.99999977   -23331.56006660
    4170    8.34000000  0.76475224E-05 -0.11915258E-06  0.11953843E-06   863.99999977   -23331.55066781
    4180    8.36000000  0.73451019E-05 -0.11712270E-06  0.12347771E-06   863.99999977   -23331.54163582
    4190    8.38000000  0.70393506E-05 -0.11427710E-06  0.12761635E-06   863.99999977   -23331.53297582
    4200    8.40000000  0.67296859E-05 -0.11064684E-06  0.13186697E-06   863.99999977   -23331.52469354
    4210    8.42000000  0.64155827E-05 -0.10627375E-06  0.13614764E-06   863.99999977   -23331.51679523
    4220    8.44000000  0.60965862E-05 -0.10121180E-06  0.14038186E-06   863.99999977   -23331.50928753
    4230    8.46000000  0.57723240E-05 -0.95527985E-07  0.14449931E-06   863.99999977   -23331.50217739
    4240    8.48000000  0.54425173E-05 -0.89303088E-07  0.14843534E-06   863.99999977   -23331.49547197
    4250    8.50000000  0.51069897E-05 -0.82632175E-07  0.15213010E-06   863.99999977   -23331.48917849
    4260    8.52000000  0.47656756E-05 -0.75624886E-07  0.15552887E-06   863.99999977   -23331.48330412
    4270    8.54000000  0.44186243E-05 -0.68405028E-07  0.15858006E-06   863.99999977   -23331.47785580
    4280    8.56000000  0.40660050E-05 -0.61109577E-07  0.16123600E-06   863.99999976   -23331.47284015
    4290    8.58000000  0.37081054E-05 -0.53887519E-07  0.16345084E-06   863.99999976   -23331.46826325
    4300    8.60000000  0.33453305E-05 -0.46897274E-07  0.16518065E-06   863.99999976   -23331.46413056
    4310    8.62000000  0.29781970E-05 -0.40304129E-07  0.16638267E-06   863.99999976   -23331.46044671
    4320    8.64000000  0.26073260E-05 -0.34277158E-07  0.16701542E-06   863.99999976   -23331.45721544
    4330    8.66000000  0.22334313E-05 -0.28984585E-07  0.16703773E-06   863.99999976   -23331.45443944
    4340    8.68000000  0.18573072E-05 -0.24589876E-07  0.16640974E-06   863.99999976   -23331.45212026
    4350    8.70000000  0.14798130E-05 -0.21246685E-07  0.16509333E-06   863.99999976   -23331.45025823
    4360    8.72000000  0.11018545E-05 -0.19094704E-07  0.16305244E-06   863.99999976   -23331.44885239
    4370    8.74000000  0.72436577E-06 -0.18254160E-07  0.16025498E-06   863.99999976   -23331.44790049
    4380    8.76000000  0.34828834E-06 -0.18822158E-07  0.15667363E-06   863.99999976   -23331.44739895
    4390    8.78000000 -0.25449104E-07 -0.20869403E-07  0.15228845E-06   863.99999976   -23331.44734286
    4400    8.80000000 -0.39595174E-06 -0.24436231E-07  0.14708849E-06   863.99999976   -23331.44772610
    4410    8.82000000 -0.76237763E-06 -0.29531800E-07  0.14107512E-06   863.99999976   -23331.44854133
    4420    8.84000000 -0.11239575E-05 -0.36133291E-07  0.13426377E-06   863.99999976   -23331.44978012
    4430    8.86000000 -0.14800110E-05 -0.44184645E-07  0.12668706E-06   863.99999975   -23331.45143307
    4440    8.88000000 -0.18299614E-05 -0.53599040E-07  0.11839679E-06   863.99999975   -23331.45348991
    4450    8.90000000 -0.21733474E-05 -0.64261169E-07  0.10946622E-06   863.99999975   -23331.45593968
    4460    8.92000000 -0.25098327E-05 -0.76029517E-07  0.99990783E-07   863.99999975   -23331.45877089
    4470    8.94000000 -0.28392111E-05 -0.88741250E-07  0.90088329E-07   863.99999975   -23331.46197163
    4480    8.96000000 -0.31614090E-05 -0.10221669E-06  0.79898446E-07   863.99999975   -23331.46552981
    4490    8.98000000 -0.34764848E-05 -0.11626469E-06  0.69579039E-07   863.99999975   -23331.46943327
    4500    9.00000000 -0.37846237E-05 -0.13068742E-06  0.59303884E-07   863.99999975   -23331.47366995
    4510    9.02000000 -0.40861304E-05 -0.14528678E-06  0.49256942E-07   863.99999975   -23331.47822805
    4520    9.04000000 -0.43814178E-05 -0.15986863E-06  0.39625784E-07   863.99999975   -23331.48309614
    4530    9.06000000 -0.46709940E-05 -0.17424836E-06  0.30594149E-07   863.99999975   -23331.48826331
    4540    9.08000000 -0.49554453E-05 -0.18825382E-06  0.22333974E-07   863.99999975   -23331.49371922
    4550    9.10000000 -0.52354195E-05 -0.20172986E-06  0.14996404E-07   863.99999975   -23331.49945420
    4560    9.12000000 -0.55116053E-05 -0.21454031E-06  0.87031022E-08   863.99999975   -23331.50545929
    4570    9.14000000 -0.57847119E-05 -0.22656937E-06  0.35385283E-08   863.99999975   -23331.51172626
    4580    9.16000000 -0.60554474E-05 -0.23772325E-06 -0.45736505E-09   863.99999974   -23331.51824763
    4590    9.18000000 -0.63244977E-05 -0.24793030E-06 -0.32945684E-08   863.99999974   -23331.52501662
    4600    9.20000000 -0.65925039E-05 -0.25714086E-06 -0.50367726E-08   863.99999974   -23331.53202711
    4610    9.22000000 -0.68600424E-05 -0.26532663E-06 -0.58024886E-08   863.99999974   -23331.53927356
    4620    9.24000000 -0.71276056E-05 -0.27248109E-06 -0.57634743E-08   863.99999974   -23331.54675095
    4630    9.26000000 -0.73955842E-05 -0.27861691E-06 -0.51412043E-08   863.99999974   -23331.55445463
    4640    9.28000000 -0.76642524E-05 -0.28376611E-06 -0.41999299E-08   863.99999974   -23331.56238020
    4650    9.30000000 -0.79337557E-05 -0.28797848E-06 -0.32375206E-08   863.99999974   -23331.57052342
    4660    9.32000000 -0.82041032E-05 -0.29132058E-06 -0.25738646E-08   863.99999974   -23331.57888003
    4670    9.34000000 -0.84751614E-05 -0.29387360E-06 -0.25386684E-08   863.99999974   -23331.58744560
    4680    9.36000000 -0.87466544E-05 -0.29573328E-06 -0.34570420E-08   863.99999974   -23331.59621543
    4690    9.38000000 -0.90181669E-05 -0.29700656E-06 -0.56360381E-08   863.99999974   -23331.60518438
    4700    9.40000000 -0.92891519E-05 -0.29780964E-06 -0.93508065E-08   863.99999974   -23331.61434679
    4710    9.42000000 -0.95589426E-05 -0.29826635E-06 -0.14832373E-07   863.99999974   -23331.62369633
    4720    9.44000000 -0.98267672E-05 -0.29850461E-06 -0.22257256E-07   863.99999974   -23331.63322592
    4730    9.46000000 -0.10091769E-04 -0.29865354E-06 -0.31739649E-07   863.99999974   -23331.64292772
    4740    9.48000000 -0.10353027E-04 -0.29883985E-06 -0.43326124E-07   863.99999973   -23331.65279299
    4750    9.50000000 -0.10609578E-04 -0.29918506E-06 -0.56993832E-07   863.99999973   -23331.66281219
    4760    9.52000000 -0.10860446E-04 -0.29980143E-06 -0.72652073E-07   863.99999973   -23331.67297490
    4770    9.54000000 -0.11104661E-04 -0.30078926E-06 -0.90145819E-07   863.99999973   -23331.68326989
    4780    9.56000000 -0.11341289E-04 -0.30223446E-06 -0.10926288E-06   863.99999973   -23331.69368518
    4790    9.58000000 -0.11569456E-04 -0.30420634E-06 -0.12974350E-06   863.99999973   -23331.70420814
    4800    9.60000000 -0.11788367E-04 -0.30675563E-06 -0.15129000E-06   863.99999973   -23331.71482555
    4810    9.62000000 -0.11997331E-04 -0.30991452E-06 -0.17357874E-06   863.99999973   -23331.72552375
    4820    9.64000000 -0.12195772E-04 -0.31369628E-06 -0.19627172E-06   863.99999973   -23331.73628877
    4830    9.66000000 -0.12383250E-04 -0.31809512E-06 -0.21902651E-06   863.99999973   -23331.74710647
    4840    9.68000000 -0.12559465E-04 -0.32308676E-06 -0.24150704E-06   863.99999973   -23331.75796267
    4850    9.70000000 -0.12724265E-04 -0.32862923E-06 -0.26339148E-06   863.99999973   -23331.76884331
    4860    9.72000000 -0.12877648E-04 -0.33466377E-06 -0.28437824E-06   863.99999973   -23331.77973459
    4870    9.74000000 -0.13019756E-04 -0.34111443E-06 -0.30419046E-06   863.99999973   -23331.79062309
    4880    9.76000000 -0.13150873E-04 -0.34788922E-06 -0.32257976E-06   863.99999973   -23331.80149592
    4890    9.78000000 -0.13271407E-04 -0.35487947E-06 -0.33932605E-06   863.99999973   -23331.81234080
    4900    9.80000000 -0.13381880E-04 -0.36196020E-06 -0.35423862E-06   863.99999973   -23331.82314616
    4910    9.82000000 -0.13482908E-04 -0.36898926E-06 -0.36715563E-06   863.99999973   -23331.83390122
    4920    9.84000000 -0.13575178E-04 -0.37580963E-06 -0.37794350E-06   863.99999972   -23331.84459601
    4930    9.86000000 -0.13659428E-04 -0.38224868E-06 -0.38649584E-06   863.99999972   -23331.85522142
    4940    9.88000000 -0.13736424E-04 -0.38812220E-06 -0.39273465E-06   863.99999972   -23331.86576920
    4950    9.90000000 -0.13806930E-04 -0.39323695E-06 -0.39661068E-06   863.99999972   -23331.87623195
    4960    9.92000000 -0.13871692E-04 -0.39739682E-06 -0.39810576E-06   863.99999972   -23331.88660308
    4970    9.94000000 -0.13931411E-04 -0.40040799E-06 -0.39723460E-06   863.99999972   -23331.89687674
    4980    9.96000000 -0.13986723E-04 -0.40208877E-06 -0.39404894E-06   863.99999972   -23331.90704778
    4990    9.98000000 -0.14038184E-04 -0.40227753E-06 -0.38863934E-06   863.99999972   -23331.91711167
    5000   10.00000000 -0.14086251E-04 -0.40084187E-06 -0.38113861E-06   863.99999972   -23331.92706440
    5010   10.02000000 -0.14131276E-04 -0.39768804E-06 -0.37172255E-06   863.99999972   -23331.93690238
    5020   10.04000000 -0.14173492E-04 -0.39276988E-06 -0.36061153E-06   863.99999972   -23331.94662240
    5030   10.06000000 -0.14213013E-04 -0.38609470E-06 -0.34806738E-06   863.99999972   -23331.95622148
    5040   10.08000000 -0.14249828E-04 -0.37772776E-06 -0.33439105E-06   863.99999972   -23331.96569679
    5050   10.10000000 -0.14283808E-04 -0.36779458E-06 -0.31991667E-06   863.99999972   -23331.97504562
    5060   10.12000000 -0.14314707E-04 -0.35647880E-06 -0.30500449E-06   863.99999972   -23331.98426525
    5070   10.14000000 -0.14342171E-04 -0.34401720E-06 -0.29003041E-06   863.99999972   -23331.99335290
    5080   10.16000000 -0.14365752E-04 -0.33069200E-06 -0.27537668E-06   863.99999972   -23332.00230570
    5090   10.18000000 -0.14384917E-04 -0.31681984E-06 -0.26141886E-06   863.99999972   -23332.01112065
    5100   10.20000000 -0.14399068E-04 -0.30273899E-06 -0.24851475E-06   863.99999971   -23332.01979456
    5110   10.22000000 -0.14407564E-04 -0.28879579E-06 -0.23699200E-06   863.99999971   -23332.02832407
    5120   10.24000000 -0.14409738E-04 -0.27533001E-06 -0.22713768E-06   863.99999971   -23332.03670566
    5130   10.26000000 -0.14404926E-04 -0.26266167E-06 -0.21918942E-06   863.99999971   -23332.04493566
    5140   10.28000000 -0.14392490E-04 -0.25107882E-06 -0.21332721E-06   863.99999971   -23332.05301027
    5150   10.30000000 -0.14371847E-04 -0.24082853E-06 -0.20966986E-06   863.99999971   -23332.06092564
    5160   10.32000000 -0.14342495E-04 -0.23211056E-06 -0.20827145E-06   863.99999971   -23332.06867789
    5170   10.34000000 -0.14304034E-04 -0.22507339E-06 -0.20912168E-06   863.99999971   -23332.07626321
    5180   10.36000000 -0.14256196E-04 -0.21981540E-06 -0.21214892E-06   863.99999971   -23332.08367794
    5190   10.38000000 -0.14198851E-04 -0.21638694E-06 -0.21722401E-06   863.99999971   -23332.09091862
    5200   10.40000000 -0.14132029E-04 -0.21479644E-06 -0.22416724E-06   863.99999971   -23332.09798209
    5210   10.42000000 -0.14055917E-04 -0.21501650E-06 -0.23275639E-06   863.99999971   -23332.10486559
    5220   10.44000000 -0.13970859E-04 -0.21699230E-06 -0.24273621E-06   863.99999971   -23332.11156676
    5230   10.46000000 -0.13877340E-04 -0.22064878E-06 -0.25382846E-06   863.99999971   -23332.11808377
    5240   10.48000000 -0.13775972E-04 -0.22589858E-06 -0.26574189E-06   863.99999971   -23332.12441532
    5250   10.50000000 -0.13667459E-04 -0.23264566E-06 -0.27818259E-06   863.99999971   -23332.13056069
    5260   10.52000000 -0.13552570E-04 -0.24078955E-06 -0.29086486E-06   863.99999971   -23332.13651970
    5270   10.54000000 -0.13432099E-04 -0.25022569E-06 -0.30351832E-06   863.99999971   -23332.14229277
    5280   10.56000000 -0.13306826E-04 -0.26084416E-06 -0.31589696E-06   863.99999971   -23332.14788080
    5290   10.58000000 -0.13177480E-04 -0.27252583E-06 -0.32778473E-06   863.99999971   -23332.15328520
    5300   10.60000000 -0.13044699E-04 -0.28513811E-06 -0.33900030E-06   863.99999971   -23332.15850780
    5310   10.62000000 -0.12909006E-04 -0.29852968E-06 -0.34939983E-06   863.99999970   -23332.16355076
    5320   10.64000000 -0.12770779E-04 -0.31252398E-06 -0.35887810E-06   863.99999970   -23332.16841653
    5330   10.66000000 -0.12630243E-04 -0.32691617E-06 -0.36736842E-06   863.99999970   -23332.17310776
    5340   10.68000000 -0.12487461E-04 -0.34147016E-06 -0.37484032E-06   863.99999970   -23332.17762721
    5350   10.70000000 -0.12342341E-04 -0.35591894E-06 -0.38129687E-06   863.99999970   -23332.18197772
    5360   10.72000000 -0.12194650E-04 -0.36996753E-06 -0.38677066E-06   863.99999970   -23332.18616213
    5370   10.74000000 -0.12044040E-04 -0.38329865E-06 -0.39131891E-06   863.99999970   -23332.19018328
    5380   10.76000000 -0.11890075E-04 -0.39558212E-06 -0.39501869E-06   863.99999970   -23332.19404391
    5390   10.78000000 -0.11732270E-04 -0.40648639E-06 -0.39796191E-06   863.99999970   -23332.19774672
    5400   10.80000000 -0.11570127E-04 -0.41569117E-06 -0.40024994E-06   863.99999970   -23332.20129434
    5410   10.82000000 -0.11403172E-04 -0.42290187E-06 -0.40198833E-06   863.99999970   -23332.20468936
    5420   10.84000000 -0.11230993E-04 -0.42786414E-06 -0.40328281E-06   863.99999970   -23332.20793434
    5430   10.86000000 -0.11053269E-04 -0.43037582E-06 -0.40423445E-06   863.99999970   -23332.21103183
    5440   10.88000000 -0.10869798E-04 -0.43029855E-06 -0.40493619E-06   863.99999970   -23332.21398447
    5450   10.90000000 -0.10680510E-04 -0.42756532E-06 -0.40547012E-06   863.99999970   -23332.21679494
    5460   10.92000000 -0.10485480E-04 -0.42218524E-06 -0.40590384E-06   863.99999970   -23332.21946604
    5470   10.94000000 -0.10284925E-04 -0.41424363E-06 -0.40629044E-06   863.99999970   -23332.22200074
    5480   10.96000000 -0.10079196E-04 -0.40389981E-06 -0.40666597E-06   863.99999970   -23332.22440215
    5490   10.98000000 -0.98687630E-05 -0.39137924E-06 -0.40705037E-06   863.99999970   -23332.22667358
    5500   11.00000000 -0.96541913E-05 -0.37696424E-06 -0.40744678E-06   863.99999970   -23332.22881851
    5510   11.02000000 -0.94361131E-05 -0.36098143E-06 -0.40784256E-06   863.99999970   -23332.23084062
    5520   11.04000000 -0.92151962E-05 -0.34378749E-06 -0.40820979E-06   863.99999969   -23332.23274374
    5530   11.06000000 -0.89921104E-05 -0.32575443E-06 -0.40850657E-06   863.99999969   -23332.23453188
    5540   11.08000000 -0.87674943E-05 -0.30725446E-06 -0.40867751E-06   863.99999969   -23332.23620913
    5550   11.10000000 -0.85419234E-05 -0.28864462E-06 -0.40865491E-06   863.99999969   -23332.23777970
    5560   11.12000000 -0.83158826E-05 -0.27025456E-06 -0.40835959E-06   863.99999969   -23332.23924786
    5570   11.14000000 -0.80897426E-05 -0.25237487E-06 -0.40770246E-06   863.99999969   -23332.24061788
    5580   11.16000000 -0.78637432E-05 -0.23524845E-06 -0.40658561E-06   863.99999969   -23332.24189402
    5590   11.18000000 -0.76379830E-05 -0.21906404E-06 -0.40490550E-06   863.99999969   -23332.24308050
    5600   11.20000000 -0.74124169E-05 -0.20395453E-06 -0.40255625E-06   863.99999969   -23332.24418148
    5610   11.22000000 -0.71868607E-05 -0.18999476E-06 -0.39943469E-06   863.99999969   -23332.24520099
    5620   11.24000000 -0.69610029E-05 -0.17720509E-06 -0.39544602E-06   863.99999969   -23332.24614299
    5630   11.26000000 -0.67344230E-05 -0.16555609E-06 -0.39051062E-06   863.99999969   -23332.24701128
    5640   11.28000000 -0.65066155E-05 -0.15497503E-06 -0.38457193E-06   863.99999969   -23332.24780955
    5650   11.30000000 -0.62770170E-05 -0.14535385E-06 -0.37760357E-06   863.99999969   -23332.24854137
    5660   11.32000000 -0.60450367E-05 -0.13655845E-06 -0.36961622E-06   863.99999969   -23332.24921017
    5670   11.34000000 -0.58100870E-05 -0.12843828E-06 -0.36066293E-06   863.99999969   -23332.24981927
    5680   11.36000000 -0.55716127E-05 -0.12083509E-06 -0.35084244E-06   863.99999969   -23332.25037190
    5690   11.38000000 -0.53291176E-05 -0.11359255E-06 -0.34030040E-06   863.99999969   -23332.25087120
    5700   11.40000000 -0.50821874E-05 -0.10656383E-06 -0.32922637E-06   863.99999969   -23332.25132021
    5710   11.42000000 -0.48305065E-05 -0.99617722E-07 -0.31784863E-06   863.99999969   -23332.25172195
    5720   11.44000000 -0.45738695E-05 -0.92644441E-07 -0.30642675E-06   863.99999969   -23332.25207934
    5730   11.46000000 -0.43121849E-05 -0.85559522E-07 -0.29523979E-06   863.99999969   -23332.25239528
    5740   11.48000000 -0.40454753E-05 -0.78307125E-07 -0.28457498E-06   863.99999968   -23332.25267262
    5750   11.50000000 -0.37738697E-05 -0.70860281E-07 -0.27471325E-06   863.99999968   -23332.25291416
    5760   11.52000000 -0.34975931E-05 -0.63223371E-07 -0.26591582E-06   863.99999968   -23332.25312269
    5770   11.54000000 -0.32169522E-05 -0.55429811E-07 -0.25841131E-06   863.99999968   -23332.25330091
    5780   11.56000000 -0.29323181E-05 -0.47541847E-07 -0.25238428E-06   863.99999968   -23332.25345149
    5790   11.58000000 -0.26441098E-05 -0.39647374E-07 -0.24796532E-06   863.99999968   -23332.25357703
    5800   11.60000000 -0.23527756E-05 -0.31856950E-07 -0.24522558E-06   863.99999968   -23332.25368008
    5810   11.62000000 -0.20587770E-05 -0.24298925E-07 -0.24417234E-06   863.99999968   -23332.25376307
    5820   11.64000000 -0.17625729E-05 -0.17114756E-07 -0.24474922E-06   863.99999968   -23332.25382836
    5830   11.66000000 -0.14646052E-05 -0.10452426E-07 -0.24683852E-06   863.99999968   -23332.25387821
    5840   11.68000000 -0.11652859E-05 -0.44598360E-08 -0.25026725E-06   863.99999968   -23332.25391475
    5850   11.70000000 -0.86498642E-06  0.72242111E-09 -0.25481480E-06   863.99999968   -23332.25394000
    5860   11.72000000 -0.56402710E-06  0.49678755E-08 -0.26022391E-06   863.99999968   -23332.25395585
    5870   11.74000000 -0.26266756E-06  0.81706665E-08 -0.26621141E-06   863.99999968   -23332.25396405
    5880   11.76000000  0.38899804E-07  0.10251281E-07 -0.27248072E-06   863.99999968   -23332.25396620
    5890   11.78000000  0.34055738E-06  0.11160302E-07 -0.27873452E-06   863.99999968   -23332.25396377
    5900   11.80000000  0.64226679E-06  0.10880978E-07 -0.28468602E-06   863.99999968   -23332.25395805
    5910   11.82000000  0.94407337E-06  0.94300584E-08 -0.29006964E-06   863.99999968   -23332.25395021
    5920   11.84000000  0.12461044E-05  0.68568721E-08 -0.29464982E-06   863.99999968   -23332.25394125
    5930   11.86000000  0.15485693E-05  0.32404672E-08 -0.29822714E-06   863.99999968   -23332.25393200
    5940   11.88000000  0.18517529E-05 -0.13137426E-08 -0.30064278E-06   863.99999968   -23332.25392316
    5950   11.90000000  0.21560055E-05 -0.66777432E-08 -0.30177964E-06   863.99999968   -23332.25391527
    5960   11.92000000  0.24617310E-05 -0.12705028E-07 -0.30156176E-06   863.99999967   -23332.25390870
    5970   11.94000000  0.27693702E-05 -0.19233682E-07 -0.29995133E-06   863.99999967   -23332.25390368
    5980   11.96000000  0.30793803E-05 -0.26088362E-07 -0.29694357E-06   863.99999967   -23332.25390027
    5990   11.98000000  0.33922150E-05 -0.33081882E-07 -0.29256187E-06   863.99999967   -23332.25389840
    6000   12.00000000  0.37083011E-05 -0.40014600E-07 -0.28685095E-06   863.99999967   -23332.25389781
    6010   12.02000000  0.40310726E-05 -0.46673697E-07 -0.27987126E-06   863.99999967   -23332.25389779
    6020   12.04000000  0.43595081E-05 -0.52833179E-07 -0.27169517E-06   863.99999967   -23332.25389778
    6030   12.06000000  0.46878888E-05 -0.58250833E-07 -0.26239818E-06   863.99999967   -23332.25389776
    6040   12.08000000  0.50109273E-05 -0.62671488E-07 -0.25206171E-06   863.99999967   -23332.25389775
    6050   12.10000000  0.53236380E-05 -0.65829342E-07 -0.24076899E-06   863.99999967   -23332.25389773
    6060   12.12000000  0.56214661E-05 -0.67453172E-07 -0.22860308E-06   863.99999967   -23332.25389772
    6070   12.14000000  0.59004206E-05 -0.67274908E-07 -0.21564769E-06   863.99999967   -23332.25389770
    6080   12.16000000  0.61570409E-05 -0.65042460E-07 -0.20199130E-06   863.99999967   -23332.25389768
    6090   12.18000000  0.63884024E-05 -0.60534804E-07 -0.18773193E-06   863.99999967   -23332.25389767
    6100   12.20000000  0.65920939E-05 -0.53579193E-07 -0.17298054E-06   863.99999967   -23332.25389765
    6110   12.22000000  0.67661231E-05 -0.44068009E-07 -0.15786240E-06   863.99999967   -23332.25389763
    6120   12.24000000  0.69088918E-05 -0.31973927E-07 -0.14251721E-06   863.99999967   -23332.25389761
    6130   12.26000000  0.70192151E-05 -0.17363125E-07 -0.12709728E-06   863.99999967   -23332.25389759
    6140   12.28000000  0.70963174E-05 -0.40550928E-09 -0.11176462E-06   863.99999967   -23332.25389758
    6150   12.30000000  0.71398383E-05  0.18621047E-07 -0.96689875E-07   863.99999967   -23332.25389756
    6160   12.32000000  0.71498411E-05  0.39331022E-07 -0.82046100E-07   863.99999967   -23332.25389754
    6170   12.34000000  0.71268044E-05  0.61239426E-07 -0.68002177E-07   863.99999967   -23332.25389752
    6180   12.36000000  0.70715970E-05  0.83774859E-07 -0.54719865E-07   863.99999966   -23332.25389750
    6190   12.38000000  0.69854485E-05  0.10629833E-06 -0.42350826E-07   863.99999966   -23332.25389748
    6200   12.40000000  0.68699398E-05  0.12812643E-06 -0.31032984E-07   863.99999966   -23332.25389746
    6210   12.42000000  0.67269706E-05  0.14855867E-06 -0.20888241E-07   863.99999966   -23332.25389744
    6220   12.44000000  0.65586921E-05  0.16690591E-06 -0.12023999E-07   863.99999966   -23332.25389742
    6230   12.46000000  0.63674710E-05  0.18251986E-06 -0.45331634E-08   863.99999966   -23332.25389741
    6240   12.48000000  0.61558656E-05  0.19482065E-06  0.15048667E-08   863.99999966   -23332.25389739
    6250   12.50000000  0.59265882E-05  0.20332171E-06  0.60206899E-08   863.99999966   -23332.25389737
    6260   12.52000000  0.56824630E-05  0.20765054E-06  0.89533624E-08   863.99999966   -23332.25389735
    6270   12.54000000  0.54263915E-05  0.20756532E-06  0.10249260E-07   863.99999966   -23332.25389734
    6280   12.56000000  0.51613206E-05  0.20296538E-06  0.98628303E-08   863.99999966   -23332.25389732
    6290   12.58000000  0.48902252E-05  0.19389613E-06  0.77580930E-08   863.99999966   -23332.25389730
    6300   12.60000000  0.46160940E-05  0.18054722E-06  0.39112354E-08   863.99999966   -23332.25389729
    6310   12.62000000  0.43419084E-05  0.16324447E-06 -0.16858270E-08   863.99999966   -23332.25389727
    6320   12.64000000  0.40706032E-05  0.14243716E-06 -0.90203325E-08   863.99999966   -23332.25389726
    6330   12.66000000  0.38050271E-05  0.11868079E-06 -0.18052939E-07   863.99999966   -23332.25389724
    6340   12.68000000  0.35479100E-05  0.92615826E-07 -0.28712154E-07   863.99999966   -23332.25389723
    6350   12.70000000  0.33018211E-05  0.64943546E-07 -0.40889794E-07   863.99999966   -23332.25389721
    6360   12.72000000  0.30691283E-05  0.36401923E-07 -0.54436411E-07   863.99999966   -23332.25389719
    6370   12.74000000  0.28519647E-05  0.77394654E-08 -0.69158871E-07   863.99999966   -23332.25389718
    6380   12.76000000  0.26521916E-05 -0.20308097E-07 -0.84820195E-07   863.99999966   -23332.25389716
    6390   12.78000000  0.24713615E-05 -0.47041640E-07 -0.10114164E-06   863.99999966   -23332.25389714
    6400   12.80000000  0.23107048E-05 -0.71817369E-07 -0.11780614E-06   863.99999965   -23332.25389713
    6410   12.82000000  0.21711307E-05 -0.94063817E-07 -0.13446586E-06   863.99999965   -23332.25389711
    6420   12.84000000  0.20532245E-05 -0.11329573E-06 -0.15075122E-06   863.99999965   -23332.25389709
    6430   12.86000000  0.19572393E-05 -0.12912278E-06 -0.16628438E-06   863.99999965   -23332.25389708
    6440   12.88000000  0.18831027E-05 -0.14125518E-06 -0.18069178E-06   863.99999965   -23332.25389706
    6450   12.90000000  0.18304385E-05 -0.14950582E-06 -0.19361929E-06   863.99999965   -23332.25389704
    6460   12.92000000  0.17985824E-05 -0.15378801E-06 -0.20474727E-06   863.99999965   -23332.25389703
    6470   12.94000000  0.17866073E-05 -0.15411235E-06 -0.21380457E-06   863.99999965   -23332.25389701
    6480   12.96000000  0.17933566E-05 -0.15058004E-06 -0.22058120E-06   863.99999965   -23332.25389699
    6490   12.98000000  0.18174765E-05 -0.14337384E-06 -0.22493804E-06   863.99999965   -23332.25389698
    6500   13.00000000  0.18574522E-05 -0.13274919E-06 -0.22681486E-06   863.99999965   -23332.25389696
    6510   13.02000000  0.19116509E-05 -0.11902371E-06 -0.22623185E-06   863.99999965   -23332.25389695
    6520   13.04000000  0.19783601E-05 -0.10256619E-06 -0.22328979E-06   863.99999965   -23332.25389693
    6530   13.06000000  0.20558226E-05 -0.83785722E-07 -0.21816527E-06   863.99999965   -23332.25389692
    6540   13.08000000  0.21422719E-05 -0.63121483E-07 -0.21110210E-06   863.99999965   -23332.25389690
    6550   13.10000000  0.22359596E-05 -0.41031598E-07 -0.20239923E-06   863.99999965   -23332.25389689
    6560   13.12000000  0.23351736E-05 -0.17982998E-07 -0.19239648E-06   863.99999965   -23332.25389687
    6570   13.14000000  0.24382566E-05  0.55582974E-08 -0.18145835E-06   863.99999965   -23332.25389686
    6580   13.16000000  0.25436207E-05  0.29137281E-07 -0.16995790E-06   863.99999965   -23332.25389684
    6590   13.18000000  0.26497494E-05  0.52319130E-07 -0.15826133E-06   863.99999965   -23332.25389683
    6600   13.20000000  0.27551927E-05  0.74698431E-07 -0.14671351E-06   863.99999965   -23332.25389682
    6610   13.22000000  0.28585716E-05  0.95908755E-07 -0.13562554E-06   863.99999964   -23332.25389680
    6620   13.24000000  0.29585833E-05  0.11563124E-06 -0.12526599E-06   863.99999964   -23332.25389679
    6630   13.26000000  0.30540053E-05  0.13360067E-06 -0.11585500E-06   863.99999964   -23332.25389677
    6640   13.28000000  0.31437037E-05  0.14961195E-06 -0.10756267E-06   863.99999964   -23332.25389676
    6650   13.30000000  0.32266416E-05  0.16352382E-06 -0.10050774E-06   863.99999964   -23332.25389674
    6660   13.32000000  0.33018895E-05  0.17525998E-06 -0.94760750E-07   863.99999964   -23332.25389672
    6670   13.34000000  0.33686374E-05  0.18480677E-06 -0.90348515E-07   863.99999964   -23332.25389671
    6680   13.36000000  0.34262068E-05  0.19220935E-06 -0.87258607E-07   863.99999964   -23332.25389669
    6690   13.38000000  0.34740660E-05  0.19756358E-06 -0.85445302E-07   863.99999964   -23332.25389668
    6700   13.40000000  0.35118395E-05  0.20100640E-06 -0.84834493E-07   863.99999964   -23332.25389666
    6710   13.42000000  0.35393147E-05  0.20270345E-06 -0.85327998E-07   863.99999964   -23332.25389664
    6720   13.44000000  0.35564452E-05  0.20283783E-06 -0.86806436E-07   863.99999964   -23332.25389663
    6730   13.46000000  0.35633524E-05  0.20159644E-06 -0.89131972E-07   863.99999964   -23332.25389661
    6740   13.48000000  0.35603221E-05  0.19915853E-06 -0.92150712E-07   863.99999964   -23332.25389659
    6750   13.50000000  0.35477916E-05  0.19568534E-06 -0.95693779E-07   863.99999964   -23332.25389658
    6760   13.52000000  0.35263374E-05  0.19131378E-06 -0.99579015E-07   863.99999964   -23332.25389656
    6770   13.54000000  0.34966550E-05  0.18615049E-06 -0.10361272E-06   863.99999964   -23332.25389655
    6780   13.56000000  0.34595321E-05  0.18027133E-06 -0.10759246E-06   863.99999964   -23332.25389653
    6790   13.58000000  0.34158244E-05  0.17372320E-06 -0.11131162E-06   863.99999964   -23332.25389652
    6800   13.60000000  0.33664358E-05  0.16652812E-06 -0.11456466E-06   863.99999964   -23332.25389650
    6810   13.62000000  0.33123018E-05  0.15869044E-06 -0.11715366E-06   863.99999964   -23332.25389649
    6820   13.64000000  0.32543699E-05  0.15020485E-06 -0.11889623E-06   863.99999964   -23332.25389648
    6830   13.66000000  0.31935809E-05  0.14106604E-06 -0.11963354E-06   863.99999963   -23332.25389646
    6840   13.68000000  0.31308520E-05  0.13127625E-06 -0.11923846E-06   863.99999963   -23332.25389645
    6850   13.70000000  0.30670640E-05  0.12085412E-06 -0.11762305E-06   863.99999963   -23332.25389643
    6860   13.72000000  0.30030507E-05  0.10983867E-06 -0.11474409E-06   863.99999963   -23332.25389642
    6870   13.74000000  0.29395864E-05  0.98293926E-07 -0.11060740E-06   863.99999963   -23332.25389640
    6880   13.76000000  0.28773737E-05  0.86307675E-07 -0.10526803E-06   863.99999963   -23332.25389638
    6890   13.78000000  0.28170327E-05  0.73990387E-07 -0.98828859E-07   863.99999963   -23332.25389637
    6900   13.80000000  0.27590928E-05  0.61469343E-07 -0.91435432E-07   863.99999963   -23332.25389635
    6910   13.82000000  0.27039800E-05  0.48882927E-07 -0.83269351E-07   863.99999963   -23332.25389634
    6920   13.84000000  0.26520056E-05  0.36372358E-07 -0.74538049E-07   863.99999963   -23332.25389632
    6930   13.86000000  0.26033627E-05  0.24073872E-07 -0.65464917E-07   863.99999963   -23332.25389631
    6940   13.88000000  0.25581232E-05  0.12110850E-07 -0.56278840E-07   863.99999963   -23332.25389629
    6950   13.90000000  0.25162419E-05  0.58823905E-09 -0.47204385E-07   863.99999963   -23332.25389627
    6960   13.92000000  0.24775647E-05 -0.10412109E-07 -0.38453815E-07   863.99999963   -23332.25389626
    6970   13.94000000  0.24418458E-05 -0.20833332E-07 -0.30222053E-07   863.99999963   -23332.25389624
    6980   13.96000000  0.24087633E-05 -0.30642840E-07 -0.22683373E-07   863.99999963   -23332.25389623
    6990   13.98000000  0.23779387E-05 -0.39829626E-07 -0.15990755E-07   863.99999963   -23332.25389621
    7000   14.00000000  0.23489633E-05 -0.48399735E-07 -0.10277372E-07   863.99999963   -23332.25389620
    7010   14.02000000  0.23214228E-05 -0.56370488E-07 -0.56588315E-08   863.99999963   -23332.25389618
    7020   14.04000000  0.22949206E-05 -0.63764878E-07 -0.22366916E-08   863.99999963   -23332.25389616
    7030   14.06000000  0.22691006E-05 -0.70605887E-07 -0.10109213E-09   863.99999963   -23332.25389615
    7040   14.08000000  0.22436666E-05 -0.76912440E-07  0.66816503E-09   863.99999963   -23332.25389613
    7050   14.10000000  0.22183977E-05 -0.82696868E-07  0.24158017E-11   863.99999962   -23332.25389612
    7060   14.12000000  0.21931595E-05 -0.87964185E-07 -0.21543055E-08   863.99999962   -23332.25389610
    7070   14.14000000  0.21679088E-05 -0.92713923E-07 -0.58408119E-08   863.99999962   -23332.25389609
    7080   14.16000000  0.21426924E-05 -0.96943517E-07 -0.11073856E-07   863.99999962   -23332.25389608
    7090   14.18000000  0.21176405E-05 -0.10065209E-06 -0.17841597E-07   863.99999962   -23332.25389606
    7100   14.20000000  0.20929580E-05 -0.10384473E-06 -0.26098607E-07   863.99999962   -23332.25389605
    7110   14.22000000  0.20689120E-05 -0.10653741E-06 -0.35760425E-07   863.99999962   -23332.25389603
    7120   14.24000000  0.20458157E-05 -0.10875906E-06 -0.46701632E-07   863.99999962   -23332.25389602
    7130   14.26000000  0.20240130E-05 -0.11055289E-06 -0.58754738E-07   863.99999962   -23332.25389600
    7140   14.28000000  0.20038596E-05 -0.11197539E-06 -0.71713045E-07   863.99999962   -23332.25389599
    7150   14.30000000  0.19857067E-05 -0.11309316E-06 -0.85335171E-07   863.99999962   -23332.25389597
    7160   14.32000000  0.19698816E-05 -0.11397739E-06 -0.99352279E-07   863.99999962   -23332.25389596
    7170   14.34000000  0.19566731E-05 -0.11469753E-06 -0.11347687E-06   863.99999962   -23332.25389594
    7180   14.36000000  0.19463156E-05 -0.11531353E-06 -0.12741367E-06   863.99999962   -23332.25389593
    7190   14.38000000  0.19389772E-05 -0.11586798E-06 -0.14086947E-06   863.99999962   -23332.25389591
    7200   14.40000000  0.19347488E-05 -0.11637888E-06 -0.15356324E-06   863.99999962   -23332.25389590
    7210   14.42000000  0.19336373E-05 -0.11683471E-06 -0.16523497E-06   863.99999962   -23332.25389588
    7220   14.44000000  0.19355620E-05 -0.11719122E-06 -0.17565372E-06   863.99999962   -23332.25389587
    7230   14.46000000  0.19403553E-05 -0.11737059E-06 -0.18462322E-06   863.99999962   -23332.25389585
    7240   14.48000000  0.19477660E-05 -0.11726449E-06 -0.19198728E-06   863.99999962   -23332.25389584
    7250   14.50000000  0.19574668E-05 -0.11673829E-06 -0.19763296E-06   863.99999962   -23332.25389582
    7260   14.52000000  0.19690629E-05 -0.11563916E-06 -0.20149251E-06   863.99999962   -23332.25389581
    7270   14.54000000  0.19821075E-05 -0.11380569E-06 -0.20354540E-06   863.99999961   -23332.25389580
    7280   14.56000000  0.19961174E-05 -0.11107828E-06 -0.20381857E-06   863.99999961   -23332.25389578
    7290   14.58000000  0.20105877E-05 -0.10731018E-06 -0.20238598E-06   863.99999961   -23332.25389577
    7300   14.60000000  0.20250087E-05 -0.10237767E-06 -0.19936772E-06   863.99999961   -23332.25389575
    7310   14.62000000  0.20388818E-05 -0.96188888E-07 -0.19492778E-06   863.99999961   -23332.25389574
    7320   14.64000000  0.20517321E-05 -0.88691724E-07 -0.18926968E-06   863.99999961   -23332.25389572
    7330   14.66000000  0.20631219E-05 -0.79878097E-07 -0.18263266E-06   863.99999961   -23332.25389571
    7340   14.68000000  0.20726576E-05 -0.69786535E-07 -0.17528507E-06   863.99999961   -23332.25389569
    7350   14.70000000  0.20799961E-05 -0.58502296E-07 -0.16751729E-06   863.99999961   -23332.25389568
    7360   14.72000000  0.20848470E-05 -0.46155106E-07 -0.15963224E-06   863.99999961   -23332.25389566
    7370   14.74000000  0.20869749E-05 -0.32913777E-07 -0.15193622E-06   863.99999961   -23332.25389564
    7380   14.76000000  0.20862003E-05 -0.18981714E-07 -0.14472847E-06   863.99999961   -23332.25389563
    7390   14.78000000  0.20824002E-05 -0.45888525E-08 -0.13829187E-06   863.99999961   -23332.25389561
    7400   14.80000000  0.20755036E-05  0.10015671E-07 -0.13288271E-06   863.99999961   -23332.25389560
    7410   14.82000000  0.20654922E-05  0.24571903E-07 -0.12872331E-06   863.99999961   -23332.25389558
    7420   14.84000000  0.20523970E-05  0.38816171E-07 -0.12599487E-06   863.99999961   -23332.25389556
    7430   14.86000000  0.20362973E-05  0.52489900E-07 -0.12483268E-06   863.99999961   -23332.25389555
    7440   14.88000000  0.20173180E-05  0.65346228E-07 -0.12532371E-06   863.99999961   -23332.25389553
    7450   14.90000000  0.19956296E-05  0.77157208E-07 -0.12750604E-06   863.99999961   -23332.25389552
    7460   14.92000000  0.19714436E-05  0.87721321E-07 -0.13136962E-06   863.99999961   -23332.25389550
    7470   14.94000000  0.19450077E-05  0.96869632E-07 -0.13685904E-06   863.99999961   -23332.25389549
    7480   14.96000000  0.19165997E-05  0.10447188E-06 -0.14387680E-06   863.99999961   -23332.25389548
    7490   14.98000000  0.18865185E-05  0.11044191E-06 -0.15228730E-06   863.99999960   -23332.25389546
    7500   15.00000000  0.18550754E-05  0.11474156E-06 -0.16192147E-06   863.99999960   -23332.25389545
    7510   15.02000000  0.18225852E-05  0.11738457E-06 -0.17258038E-06   863.99999960   -23332.25389543
    7520   15.04000000  0.17893556E-05  0.11843744E-06 -0.18403871E-06   863.99999960   -23332.25389542
    7530   15.06000000  0.17556772E-05  0.11801762E-06 -0.19604803E-06   863.99999960   -23332.25389540
    7540   15.08000000  0.17218162E-05  0.11629062E-06 -0.20833953E-06   863.99999960   -23332.25389539
    7550   15.10000000  0.16880114E-05  0.11346331E-06 -0.22062554E-06   863.99999960   -23332.25389537
    7560   15.12000000  0.16544736E-05  0.10977366E-06 -0.23260290E-06   863.99999960   -23332.25389536
    7570   15.14000000  0.16213895E-05  0.10547895E-06 -0.24395620E-06   863.99999960   -23332.25389534
    7580   15.16000000  0.15889264E-05  0.10084049E-06 -0.25436160E-06   863.99999960   -23332.25389533
    7590   15.18000000  0.15572424E-05  0.96107911E-07 -0.26349217E-06   863.99999960   -23332.25389531
    7600   15.20000000  0.15264964E-05  0.91502826E-07 -0.27102526E-06   863.99999960   -23332.25389530
    7610   15.22000000  0.14968587E-05  0.87204497E-07 -0.27665023E-06   863.99999960   -23332.25389528
    7620   15.24000000  0.14685186E-05  0.83337481E-07 -0.28007837E-06   863.99999960   -23332.25389527
    7630   15.26000000  0.14416892E-05  0.79963358E-07 -0.28105278E-06   863.99999960   -23332.25389525
    7640   15.28000000  0.14166076E-05  0.77078686E-07 -0.27935885E-06   863.99999960   -23332.25389523
    7650   15.30000000  0.13935331E-05  0.74615750E-07 -0.27483406E-06   863.99999960   -23332.25389522
    7660   15.32000000  0.13727382E-05  0.72451568E-07 -0.26737581E-06   863.99999960   -23332.25389520
    7670   15.34000000  0.13544960E-05  0.70420544E-07 -0.25694876E-06   863.99999960   -23332.25389519
    7680   15.36000000  0.13390639E-05  0.68330385E-07 -0.24358865E-06   863.99999960   -23332.25389517
    7690   15.38000000  0.13266675E-05  0.65980667E-07 -0.22740315E-06   863.99999960   -23332.25389516
    7700   15.40000000  0.13174827E-05  0.63182347E-07 -0.20857087E-06   863.99999960   -23332.25389514
    7710   15.42000000  0.13116233E-05  0.59774663E-07 -0.18733690E-06   863.99999959   -23332.25389513
    7720   15.44000000  0.13091287E-05  0.55639868E-07 -0.16400598E-06   863.99999959   -23332.25389511
    7730   15.46000000  0.13099587E-05  0.50713201E-07 -0.13893344E-06   863.99999959   -23332.25389510
    7740   15.48000000  0.13139900E-05  0.44986956E-07 -0.11251525E-06   863.99999959   -23332.25389508
    7750   15.50000000  0.13210213E-05  0.38509982E-07 -0.85176914E-07   863.99999959   -23332.25389507
    7760   15.52000000  0.13307793E-05  0.31380621E-07 -0.57361657E-07   863.99999959   -23332.25389505
    7770   15.54000000  0.13429320E-05  0.23735874E-07 -0.29519032E-07   863.99999959   -23332.25389504
    7780   15.56000000  0.13571008E-05  0.15736927E-07 -0.20946735E-08   863.99999959   -23332.25389502
    7790   15.58000000  0.13728782E-05  0.75535989E-08  0.24479112E-07   863.99999959   -23332.25389501
    7800   15.60000000  0.13898412E-05 -0.65108975E-09  0.49792306E-07   863.99999959   -23332.25389499
    7810   15.62000000  0.14075678E-05 -0.87352990E-08  0.73462784E-07   863.99999959   -23332.25389498
    7820   15.64000000  0.14256481E-05 -0.16587960E-07  0.95141824E-07   863.99999959   -23332.25389496
    7830   15.66000000  0.14436953E-05 -0.24136719E-07  0.11451789E-06   863.99999959   -23332.25389495
    7840   15.68000000  0.14613520E-05 -0.31349897E-07  0.13131852E-06   863.99999959   -23332.25389493
    7850   15.70000000  0.14782947E-05 -0.38233733E-07  0.14531112E-06   863.99999959   -23332.25389492
    7860   15.72000000  0.14942354E-05 -0.44827597E-07  0.15630385E-06   863.99999959   -23332.25389490
    7870   15.74000000  0.15089204E-05 -0.51194809E-07  0.16414530E-06   863.99999959   -23332.25389489
    7880   15.76000000  0.15221293E-05 -0.57412262E-07  0.16872421E-06   863.99999959   -23332.25389487
    7890   15.78000000  0.15336711E-05 -0.63558976E-07  0.16997006E-06   863.99999959   -23332.25389486
    7900   15.80000000  0.15433822E-05 -0.69705345E-07  0.16785433E-06   863.99999959   -23332.25389484
    7910   15.82000000  0.15511248E-05 -0.75902980E-07  0.16239179E-06   863.99999959   -23332.25389483
    7920   15.84000000  0.15567855E-05 -0.82177594E-07  0.15364298E-06   863.99999959   -23332.25389481
    7930   15.86000000  0.15602751E-05 -0.88523858E-07  0.14171822E-06   863.99999958   -23332.25389480
    7940   15.88000000  0.15615288E-05 -0.94903452E-07  0.12677965E-06   863.99999958   -23332.25389478
    7950   15.90000000  0.15605064E-05 -0.10124526E-06  0.10904446E-06   863.99999958   -23332.25389477
    7960   15.92000000  0.15571926E-05 -0.10744885E-06  0.88786168E-07   863.99999958   -23332.25389475
    7970   15.94000000  0.15515980E-05 -0.11339013E-06  0.66334777E-07   863.99999958   -23332.25389474
    7980   15.96000000  0.15437600E-05 -0.11892758E-06  0.42074480E-07   863.99999958   -23332.25389472
    7990   15.98000000  0.15337446E-05 -0.12391075E-06  0.16439548E-07   863.99999958   -23332.25389471
    8000   16.00000000  0.15216465E-05 -0.12818723E-06 -0.10094476E-07   863.99999958   -23332.25389469
    8010   16.02000000  0.15075871E-05 -0.13161200E-06 -0.37020757E-07   863.99999958   -23332.25389468
    8020   16.04000000  0.14917149E-05 -0.13405265E-06 -0.63816419E-07   863.99999958   -23332.25389467
    8030   16.06000000  0.14742030E-05 -0.13539659E-06 -0.89956281E-07   863.99999958   -23332.25389465
    8040   16.08000000  0.14552460E-05 -0.13555393E-06 -0.11493168E-06   863.99999958   -23332.25389464
    8050   16.10000000  0.14350557E-05 -0.13446061E-06 -0.13826731E-06   863.99999958   -23332.25389462
    8060   16.12000000  0.14138553E-05 -0.13207777E-06 -0.15953779E-06   863.99999958   -23332.25389461
    8070   16.14000000  0.13918726E-05 -0.12839155E-06 -0.17838096E-06   863.99999958   -23332.25389459
    8080   16.16000000  0.13693339E-05 -0.12341027E-06 -0.19451002E-06   863.99999958   -23332.25389458
    8090   16.18000000  0.13464573E-05 -0.11716100E-06 -0.20771941E-06   863.99999958   -23332.25389456
    8100   16.20000000  0.13234478E-05 -0.10968643E-06 -0.21788722E-06   863.99999958   -23332.25389454
    8110   16.22000000  0.13004951E-05 -0.10104056E-06 -0.22497326E-06   863.99999958   -23332.25389453
    8120   16.24000000  0.12777731E-05 -0.91287365E-07 -0.22901360E-06   863.99999958   -23332.25389451
    8130   16.26000000  0.12554417E-05 -0.80497884E-07 -0.23011120E-06   863.99999958   -23332.25389450
    8140   16.28000000  0.12336518E-05 -0.68751090E-07 -0.22842511E-06   863.99999958   -23332.25389448
    8150   16.30000000  0.12125497E-05 -0.56134487E-07 -0.22415981E-06   863.99999957   -23332.25389447
    8160   16.32000000  0.11922824E-05 -0.42745995E-07 -0.21755334E-06   863.99999957   -23332.25389445
    8170   16.34000000  0.11730021E-05 -0.28697238E-07 -0.20886832E-06   863.99999957   -23332.25389444
    8180   16.36000000  0.11548704E-05 -0.14116249E-07 -0.19838328E-06   863.99999957   -23332.25389442
    8190   16.38000000  0.11380582E-05  0.84921621E-09 -0.18638799E-06   863.99999957   -23332.25389441
    8200   16.40000000  0.11227437E-05  0.16030780E-07 -0.17318030E-06   863.99999957   -23332.25389439
    8210   16.42000000  0.11091091E-05  0.31238961E-07 -0.15906382E-06   863.99999957   -23332.25389438
    8220   16.44000000  0.10973328E-05  0.46264408E-07 -0.14434787E-06   863.99999957   -23332.25389436
    8230   16.46000000  0.10875827E-05  0.60882194E-07 -0.12934711E-06   863.99999957   -23332.25389435
    8240   16.48000000  0.10800049E-05  0.74856837E-07 -0.11438055E-06   863.99999957   -23332.25389433
    8250   16.50000000  0.10747173E-05  0.87949052E-07 -0.99769255E-07   863.99999957   -23332.25389432
    8260   16.52000000  0.10717990E-05  0.99925321E-07 -0.85832285E-07   863.99999957   -23332.25389430
    8270   16.54000000  0.10712851E-05  0.11056588E-06 -0.72880381E-07   863.99999957   -23332.25389429
    8280   16.56000000  0.10731611E-05  0.11967290E-06 -0.61207032E-07   863.99999957   -23332.25389427
    8290   16.58000000  0.10773612E-05  0.12707955E-06 -0.51079230E-07   863.99999957   -23332.25389425
    8300   16.60000000  0.10837694E-05  0.13265606E-06 -0.42725826E-07   863.99999957   -23332.25389424
    8310   16.62000000  0.10922212E-05  0.13631453E-06 -0.36326010E-07   863.99999957   -23332.25389422
    8320   16.64000000  0.11025109E-05  0.13801224E-06 -0.31999163E-07   863.99999957   -23332.25389421
    8330   16.66000000  0.11143988E-05  0.13775248E-06 -0.29796528E-07   863.99999957   -23332.25389419
    8340   16.68000000  0.11276206E-05  0.13558212E-06 -0.29694934E-07   863.99999957   -23332.25389418
    8350   16.70000000  0.11418980E-05  0.13158901E-06 -0.31595985E-07   863.99999957   -23332.25389416
    8360   16.72000000  0.11569502E-05  0.12589690E-06 -0.35326685E-07   863.99999957   -23332.25389415
    8370   16.74000000  0.11725045E-05  0.11865913E-06 -0.40646021E-07   863.99999956   -23332.25389413
    8380   16.76000000  0.11883047E-05  0.11005116E-06 -0.47253448E-07   863.99999956   -23332.25389412
    8390   16.78000000  0.12041192E-05  0.10026354E-06 -0.54801650E-07   863.99999956   -23332.25389411
    8400   16.80000000  0.12197445E-05  0.89494884E-07 -0.62910645E-07   863.99999956   -23332.25389409
    8410   16.82000000  0.12350061E-05  0.77945118E-07 -0.71182830E-07   863.99999956   -23332.25389408
    8420   16.84000000  0.12497568E-05  0.65809582E-07 -0.79218253E-07   863.99999956   -23332.25389406
    8430   16.86000000  0.12638728E-05  0.53274733E-07 -0.86629542E-07   863.99999956   -23332.25389405
    8440   16.88000000  0.12772473E-05  0.40514720E-07 -0.93054785E-07   863.99999956   -23332.25389403
    8450   16.90000000  0.12897831E-05  0.27688087E-07 -0.98168319E-07   863.99999956   -23332.25389402
    8460   16.92000000  0.13013856E-05  0.14937608E-07 -0.10168987E-06   863.99999956   -23332.25389400
    8470   16.94000000  0.13119561E-05  0.23892179E-08 -0.10339216E-06   863.99999956   -23332.25389399
    8480   16.96000000  0.13213869E-05 -0.98474700E-08 -0.10310388E-06   863.99999956   -23332.25389397
    8490   16.98000000  0.13295592E-05 -0.21678788E-07 -0.10071432E-06   863.99999956   -23332.25389396
    8500   17.00000000  0.13363430E-05 -0.33023801E-07 -0.96174703E-07   863.99999956   -23332.25389394
    8510   17.02000000  0.13416002E-05 -0.43813895E-07 -0.89499008E-07   863.99999956   -23332.25389393
    8520   17.04000000  0.13451905E-05 -0.53989144E-07 -0.80764046E-07   863.99999956   -23332.25389391
    8530   17.06000000  0.13469787E-05 -0.63497242E-07 -0.70109304E-07   863.99999956   -23332.25389390
    8540   17.08000000  0.13468426E-05 -0.72289869E-07 -0.57735298E-07   863.99999956   -23332.25389388
    8550   17.10000000  0.13446822E-05 -0.80322494E-07 -0.43900670E-07   863.99999956   -23332.25389387
    8560   17.12000000  0.13404279E-05 -0.87551053E-07 -0.28919470E-07   863.99999956   -23332.25389385
    8570   17.14000000  0.13340476E-05 -0.93932514E-07 -0.13154154E-07   863.99999956   -23332.25389384
    8580   17.16000000  0.13255518E-05 -0.99423162E-07  0.29917139E-08   863.99999956   -23332.25389382
    8590   17.18000000  0.13149963E-05 -0.10398037E-06  0.19083566E-07   863.99999955   -23332.25389381
    8600   17.20000000  0.13024825E-05 -0.10756360E-06  0.34668681E-07   863.99999955   -23332.25389379
    8610   17.22000000  0.12881544E-05 -0.11013679E-06  0.49290431E-07   863.99999955   -23332.25389378
    8620   17.24000000  0.12721948E-05 -0.11167178E-06  0.62503829E-07   863.99999955   -23332.25389376
    8630   17.26000000  0.12548190E-05 -0.11215084E-06  0.73892650E-07   863.99999955   -23332.25389375
    8640   17.28000000  0.12362662E-05 -0.11157099E-06  0.83085210E-07   863.99999955   -23332.25389373
    8650   17.30000000  0.12167920E-05 -0.10994701E-06  0.89768958E-07   863.99999955   -23332.25389372
    8660   17.32000000  0.11966589E-05 -0.10731414E-06  0.93703603E-07   863.99999955   -23332.25389370
    8670   17.34000000  0.11761277E-05 -0.10372884E-06  0.94729852E-07   863.99999955   -23332.25389369
    8680   17.36000000  0.11554499E-05 -0.99271471E-07  0.92775207E-07   863.99999955   -23332.25389368
    8690   17.38000000  0.11348610E-05 -0.94043872E-07  0.87855480E-07   863.99999955   -23332.25389366
    8700   17.40000000  0.11145754E-05 -0.88168509E-07  0.80071985E-07   863.99999955   -23332.25389365
    8710   17.42000000  0.10947833E-05 -0.81785673E-07  0.69603961E-07   863.99999955   -23332.25389363
    8720   17.44000000  0.10756474E-05 -0.75049925E-07  0.56699591E-07   863.99999955   -23332.25389362
    8730   17.46000000  0.10573016E-05 -0.68124539E-07  0.41661712E-07   863.99999955   -23332.25389361
    8740   17.48000000  0.10398508E-05 -0.61177186E-07  0.24834514E-07   863.99999955   -23332.25389359
    8750   17.50000000  0.10233714E-05 -0.54374794E-07  0.65885657E-08   863.99999955   -23332.25389358
    8760   17.52000000  0.10079126E-05 -0.47877802E-07 -0.12694485E-07   863.99999955   -23332.25389357
    8770   17.54000000  0.99349876E-06 -0.41834592E-07 -0.32636092E-07   863.99999955   -23332.25389355
    8780   17.56000000  0.98013150E-06 -0.36378069E-07 -0.52871751E-07   863.99999955   -23332.25389354
    8790   17.58000000  0.96779274E-06 -0.31620405E-07 -0.73061844E-07   863.99999955   -23332.25389352
    8800   17.60000000  0.95644713E-06 -0.27650057E-07 -0.92898969E-07   863.99999955   -23332.25389351
    8810   17.62000000  0.94604557E-06 -0.24528712E-07 -0.11211279E-06   863.99999954   -23332.25389350
    8820   17.64000000  0.93652734E-06 -0.22289738E-07 -0.13047318E-06   863.99999954   -23332.25389348
    8830   17.66000000  0.92782303E-06 -0.20936124E-07 -0.14779072E-06   863.99999954   -23332.25389347
    8840   17.68000000  0.91985572E-06 -0.20440191E-07 -0.16391542E-06   863.99999954   -23332.25389346
    8850   17.70000000  0.91254487E-06 -0.20743769E-07 -0.17873385E-06   863.99999954   -23332.25389344
    8860   17.72000000  0.90580753E-06 -0.21758499E-07 -0.19216503E-06   863.99999954   -23332.25389343
    8870   17.74000000  0.89956170E-06 -0.23367218E-07 -0.20415479E-06   863.99999954   -23332.25389341
    8880   17.76000000  0.89372887E-06 -0.25426835E-07 -0.21467095E-06   863.99999954   -23332.25389340
    8890   17.78000000  0.88823816E-06 -0.27770973E-07 -0.22369798E-06   863.99999954   -23332.25389338
    8900   17.80000000  0.88302841E-06 -0.30214651E-07 -0.23123189E-06   863.99999954   -23332.25389337
    8910   17.82000000  0.87805312E-06 -0.32560814E-07 -0.23727487E-06   863.99999954   -23332.25389335
    8920   17.84000000  0.87328259E-06 -0.34607094E-07 -0.24183205E-06   863.99999954   -23332.25389334
    8930   17.86000000  0.86870796E-06 -0.36154156E-07 -0.24490925E-06   863.99999954   -23332.25389333
    8940   17.88000000  0.86434193E-06 -0.37015426E-07 -0.24651102E-06   863.99999954   -23332.25389331
    8950   17.90000000  0.86022091E-06 -0.37027231E-07 -0.24664055E-06   863.99999954   -23332.25389330
    8960   17.92000000  0.85640344E-06 -0.36059002E-07 -0.24530016E-06   863.99999954   -23332.25389328
    8970   17.94000000  0.85296711E-06 -0.34021914E-07 -0.24249378E-06   863.99999954   -23332.25389327
    8980   17.96000000  0.85000572E-06 -0.30878209E-07 -0.23822858E-06   863.99999954   -23332.25389325
    8990   17.98000000  0.84762192E-06 -0.26647125E-07 -0.23251844E-06   863.99999954   -23332.25389324
    9000   18.00000000  0.84591875E-06 -0.21407454E-07 -0.22538666E-06   863.99999954   -23332.25389322
    9010   18.02000000  0.84499156E-06 -0.15298587E-07 -0.21686925E-06   863.99999954   -23332.25389321
    9020   18.04000000  0.84491901E-06 -0.85166836E-08 -0.20701752E-06   863.99999954   -23332.25389319
    9030   18.06000000  0.84575303E-06 -0.13056597E-08 -0.19590103E-06   863.99999953   -23332.25389318
    9040   18.08000000  0.84751160E-06  0.60517211E-08 -0.18360960E-06   863.99999953   -23332.25389316
    9050   18.10000000  0.85017299E-06  0.13248759E-07 -0.17025481E-06   863.99999953   -23332.25389315
    9060   18.12000000  0.85367230E-06  0.19970840E-07 -0.15597160E-06   863.99999953   -23332.25389313
    9070   18.14000000  0.85790057E-06  0.25912540E-07 -0.14091786E-06   863.99999953   -23332.25389312
    9080   18.16000000  0.86270827E-06  0.30794778E-07 -0.12527401E-06   863.99999953   -23332.25389311
    9090   18.18000000  0.86790930E-06  0.34381173E-07 -0.10924154E-06   863.99999953   -23332.25389309
    9100   18.20000000  0.87328973E-06  0.36490896E-07 -0.93040829E-07   863.99999953   -23332.25389308
    9110   18.22000000  0.87861773E-06  0.37010106E-07 -0.76907405E-07   863.99999953   -23332.25389306
    9120   18.24000000  0.88365383E-06  0.35897146E-07 -0.61086732E-07   863.99999953   -23332.25389305
    9130   18.26000000  0.88816336E-06  0.33185626E-07 -0.45829334E-07   863.99999953   -23332.25389303
    9140   18.28000000  0.89192746E-06  0.28981565E-07 -0.31384127E-07   863.99999953   -23332.25389302
    9150   18.30000000  0.89475397E-06  0.23457075E-07 -0.17991313E-07   863.99999953   -23332.25389301
    9160   18.32000000  0.89648539E-06  0.16840779E-07 -0.58765379E-08   863.99999953   -23332.25389299
    9170   18.34000000  0.89700587E-06  0.94049258E-08  0.47561554E-08   863.99999953   -23332.25389298
    9180   18.36000000  0.89624439E-06  0.14509860E-08  0.13730390E-07   863.99999953   -23332.25389296
    9190   18.38000000  0.89417612E-06 -0.67065742E-08  0.20902338E-07   863.99999953   -23332.25389295
    9200   18.40000000  0.89082141E-06 -0.14755469E-07  0.26163194E-07   863.99999953   -23332.25389293
    9210   18.42000000  0.88624194E-06 -0.22401501E-07  0.29443207E-07   863.99999953   -23332.25389292
    9220   18.44000000  0.88053514E-06 -0.29381763E-07  0.30711605E-07   863.99999953   -23332.25389290
    9230   18.46000000  0.87382824E-06 -0.35476778E-07  0.29977413E-07   863.99999953   -23332.25389289
    9240   18.48000000  0.86627140E-06 -0.40519488E-07  0.27287481E-07   863.99999953   -23332.25389288
    9250   18.50000000  0.85803023E-06 -0.44401714E-07  0.22725990E-07   863.99999952   -23332.25389286
    9260   18.52000000  0.84928038E-06 -0.47076307E-07  0.16410841E-07   863.99999952   -23332.25389285
    9270   18.54000000  0.84020094E-06 -0.48557669E-07  0.84927378E-08   863.99999952   -23332.25389283
    9280   18.56000000  0.83097079E-06 -0.48917319E-07 -0.84831778E-09   863.99999952   -23332.25389282
    9290   18.58000000  0.82176461E-06 -0.48277634E-07 -0.11404419E-07   863.99999952   -23332.25389280
    9300   18.60000000  0.81274957E-06 -0.46803038E-07 -0.22943026E-07   863.99999952   -23332.25389279
    9310   18.62000000  0.80408414E-06 -0.44688409E-07 -0.35209471E-07   863.99999952   -23332.25389277
    9320   18.64000000  0.79591661E-06 -0.42147703E-07 -0.47929753E-07   863.99999952   -23332.25389276
    9330   18.66000000  0.78838370E-06 -0.39400695E-07 -0.60813659E-07   863.99999952   -23332.25389274
    9340   18.68000000  0.78161037E-06 -0.36661343E-07 -0.73559172E-07   863.99999952   -23332.25389273
    9350   18.70000000  0.77570918E-06 -0.34127173E-07 -0.85856769E-07   863.99999952   -23332.25389271
    9360   18.72000000  0.77077969E-06 -0.31970939E-07 -0.97395811E-07   863.99999952   -23332.25389270
    9370   18.74000000  0.76690738E-06 -0.30334228E-07 -0.10786978E-06   863.99999952   -23332.25389268
    9380   18.76000000  0.76416267E-06 -0.29324416E-07 -0.11698432E-06   863.99999952   -23332.25389267
    9390   18.78000000  0.76259890E-06 -0.29014126E-07 -0.12446430E-06   863.99999952   -23332.25389265
    9400   18.80000000  0.76225052E-06 -0.29443550E-07 -0.13006273E-06   863.99999952   -23332.25389264
    9410   18.82000000  0.76313128E-06 -0.30624705E-07 -0.13356831E-06   863.99999952   -23332.25389263
    9420   18.84000000  0.76523163E-06 -0.32547107E-07 -0.13481532E-06   863.99999952   -23332.25389261
    9430   18.86000000  0.76851681E-06 -0.35183785E-07 -0.13369016E-06   863.99999952   -23332.25389260
    9440   18.88000000  0.77292498E-06 -0.38496046E-07 -0.13014025E-06   863.99999952   -23332.25389258
    9450   18.90000000  0.77836564E-06 -0.42438394E-07 -0.12418027E-06   863.99999952   -23332.25389257
    9460   18.92000000  0.78471916E-06 -0.46960900E-07 -0.11589768E-06   863.99999952   -23332.25389255
    9470   18.94000000  0.79183706E-06 -0.52008812E-07 -0.10545661E-06   863.99999951   -23332.25389254
    9480   18.96000000  0.79954342E-06 -0.57520716E-07 -0.93099190E-07   863.99999951   -23332.25389252
    9490   18.98000000  0.80763786E-06 -0.63424370E-07 -0.79145678E-07   863.99999951   -23332.25389251
    9500   19.00000000  0.81589937E-06 -0.69631536E-07 -0.63989461E-07   863.99999951   -23332.25389249
    9510   19.02000000  0.82409149E-06 -0.76031527E-07 -0.48091057E-07   863.99999951   -23332.25389247
    9520   19.04000000  0.83196969E-06 -0.82485678E-07 -0.31967077E-07   863.99999951   -23332.25389246
    9530   19.06000000  0.83928853E-06 -0.88823151E-07 -0.16176532E-07   863.99999951   -23332.25389244
    9540   19.08000000  0.84581053E-06 -0.94838301E-07 -0.13025919E-08   863.99999951   -23332.25389243
    9550   19.10000000  0.85131592E-06 -0.10029133E-06  0.12067518E-07   863.99999951   -23332.25389241
    9560   19.12000000  0.85561170E-06 -0.10491236E-06  0.23366127E-07   863.99999951   -23332.25389240
    9570   19.14000000  0.85854059E-06 -0.10840922E-06  0.32068529E-07   863.99999951   -23332.25389238
    9580   19.16000000  0.85998870E-06 -0.11047801E-06  0.37718255E-07   863.99999951   -23332.25389237
    9590   19.18000000  0.85989188E-06 -0.11081738E-06  0.39950043E-07   863.99999951   -23332.25389236
    9600   19.20000000  0.85823855E-06 -0.10914503E-06  0.38510572E-07   863.99999951   -23332.25389234
    9610   19.22000000  0.85507184E-06 -0.10521435E-06  0.33275088E-07   863.99999951   -23332.25389233
    9620   19.24000000  0.85048749E-06 -0.98832093E-07  0.24259406E-07   863.99999951   -23332.25389231
    9630   19.26000000  0.84462852E-06 -0.89873546E-07  0.11623810E-07   863.99999951   -23332.25389230
    9640   19.28000000  0.83767872E-06 -0.78295170E-07 -0.43287293E-08   863.99999951   -23332.25389228
    9650   19.30000000  0.82985220E-06 -0.64144048E-07 -0.23161585E-07   863.99999951   -23332.25389226
    9660   19.32000000  0.82138204E-06 -0.47561461E-07 -0.44321657E-07   863.99999951   -23332.25389225
    9670   19.34000000  0.81250652E-06 -0.28782887E-07 -0.67162957E-07   863.99999951   -23332.25389223
    9680   19.36000000  0.80345752E-06 -0.81322627E-08 -0.90974079E-07   863.99999950   -23332.25389222
    9690   19.38000000  0.79444699E-06  0.13988838E-07 -0.11501155E-06   863.99999950   -23332.25389220
    9700   19.40000000  0.78565670E-06  0.37115083E-07 -0.13853359E-06   863.99999950   -23332.25389219
    9710   19.42000000  0.77723048E-06  0.60735456E-07 -0.16083379E-06   863.99999950   -23332.25389217
    9720   19.44000000  0.76926980E-06  0.84311721E-07 -0.18127246E-06   863.99999950   -23332.25389216
    9730   19.46000000  0.76183174E-06  0.10729867E-06 -0.19930483E-06   863.99999950   -23332.25389214
    9740   19.48000000  0.75493264E-06  0.12916300E-06 -0.21450183E-06   863.99999950   -23332.25389213
    9750   19.50000000  0.74855336E-06  0.14940142E-06 -0.22656464E-06   863.99999950   -23332.25389211
    9760   19.52000000  0.74264782E-06  0.16755521E-06 -0.23533081E-06   863.99999950   -23332.25389210
    9770   19.54000000  0.73715382E-06  0.18322343E-06 -0.24077282E-06   863.99999950   -23332.25389209
    9780   19.56000000  0.73200459E-06  0.19607182E-06 -0.24298834E-06   863.99999950   -23332.25389207
    9790   19.58000000  0.72713986E-06  0.20583916E-06 -0.24218449E-06   863.99999950   -23332.25389206
    9800   19.60000000  0.72251591E-06  0.21234058E-06 -0.23865639E-06   863.99999950   -23332.25389204
    9810   19.62000000  0.71811390E-06  0.21546863E-06 -0.23276253E-06   863.99999950   -23332.25389203
    9820   19.64000000  0.71394363E-06  0.21519090E-06 -0.22489831E-06   863.99999950   -23332.25389201
    9830   19.66000000  0.71004628E-06  0.21154777E-06 -0.21546988E-06   863.99999950   -23332.25389200
    9840   19.68000000  0.70649135E-06  0.20464649E-06 -0.20486967E-06   863.99999950   -23332.25389198
    9850   19.70000000  0.70337203E-06  0.19465543E-06 -0.19345555E-06   863.99999950   -23332.25389197
    9860   19.72000000  0.70079645E-06  0.18179642E-06 -0.18153423E-06   863.99999950   -23332.25389195
    9870   19.74000000  0.69887881E-06  0.16633680E-06 -0.16935008E-06   863.99999950   -23332.25389194
    9880   19.76000000  0.69772656E-06  0.14858083E-06 -0.15707931E-06   863.99999950   -23332.25389192
    9890   19.78000000  0.69743083E-06  0.12886123E-06 -0.14482899E-06   863.99999950   -23332.25389191
    9900   19.80000000  0.69805541E-06  0.10752950E-06 -0.13264162E-06   863.99999949   -23332.25389189
    9910   19.82000000  0.69962756E-06  0.84948157E-07 -0.12050304E-06   863.99999949   -23332.25389187
    9920   19.84000000  0.70213266E-06  0.61482907E-07 -0.10835413E-06   863.99999949   -23332.25389186
    9930   19.86000000  0.70551047E-06  0.37496363E-07 -0.96104602E-07   863.99999949   -23332.25389184
    9940   19.88000000  0.70965546E-06  0.13341146E-07 -0.83648024E-07   863.99999949   -23332.25389183
    9950   19.90000000  0.71441987E-06 -0.10641989E-07 -0.70877395E-07   863.99999949   -23332.25389181
    9960   19.92000000  0.71962147E-06 -0.34130014E-07 -0.57699669E-07   863.99999949   -23332.25389180
    9970   19.94000000  0.72505181E-06 -0.56817642E-07 -0.44049135E-07   863.99999949   -23332.25389178
    9980   19.96000000  0.73048830E-06 -0.78419703E-07 -0.29898310E-07   863.99999949   -23332.25389177
    9990   19.98000000  0.73570673E-06 -0.98671460E-07 -0.15266497E-07   863.99999949   -23332.25389175
   10000   20.00000000  0.74049418E-06 -0.11733045E-06 -0.22515304E-09   863.99999949   -23332.25389174
   10010   20.02000000  0.74466114E-06 -0.13417651E-06  0.15100374E-07   863.99999949   -23332.25389172
   10020   20.04000000  0.74805197E-06 -0.14901464E-06  0.30531943E-07   863.99999949   -23332.25389170
   10030   20.06000000  0.75055279E-06 -0.16167733E-06  0.45843801E-07   863.99999949   -23332.25389169
   10040   20.08000000  0.75209594E-06 -0.17202835E-06  0.60770350E-07   863.99999949   -23332.25389167
   10050   20.10000000  0.75266149E-06 -0.17996621E-06  0.75017216E-07   863.99999949   -23332.25389166
   10060   20.12000000  0.75227509E-06 -0.18542944E-06  0.88274633E-07   863.99999949   -23332.25389164
   10070   20.14000000  0.75100177E-06 -0.18839938E-06  0.10023257E-06   863.99999949   -23332.25389163
   10080   20.16000000  0.74893835E-06 -0.18890356E-06  0.11059593E-06   863.99999949   -23332.25389161
   10090   20.18000000  0.74620210E-06 -0.18701670E-06  0.11910174E-06   863.99999949   -23332.25389160
   10100   20.20000000  0.74291958E-06 -0.18286035E-06  0.12553310E-06   863.99999949   -23332.25389158
   10110   20.22000000  0.73921508E-06 -0.17659877E-06  0.12973289E-06   863.99999949   -23332.25389157
   10120   20.24000000  0.73519984E-06 -0.16843293E-06  0.13161373E-06   863.99999948   -23332.25389155
   10130   20.26000000  0.73096386E-06 -0.15859282E-06  0.13116634E-06   863.99999948   -23332.25389154
   10140   20.28000000  0.72656971E-06 -0.14732612E-06  0.12846210E-06   863.99999948   -23332.25389152
   10150   20.30000000  0.72205001E-06 -0.13488658E-06  0.12365331E-06   863.99999948   -23332.25389151
   10160   20.32000000  0.71740803E-06 -0.12152297E-06  0.11696804E-06   863.99999948   -23332.25389149
   10170   20.34000000  0.71262162E-06 -0.10746729E-06  0.10870153E-06   863.99999948   -23332.25389148
   10180   20.36000000  0.70764943E-06 -0.92925787E-07  0.99203908E-07   863.99999948   -23332.25389146
   10190   20.38000000  0.70243845E-06 -0.78072018E-07  0.88865384E-07   863.99999948   -23332.25389145
   10200   20.40000000  0.69693357E-06 -0.63045258E-07  0.78098643E-07   863.99999948   -23332.25389143
   10210   20.42000000  0.69108570E-06 -0.47948695E-07  0.67320413E-07   863.99999948   -23332.25389142
   10220   20.44000000  0.68485970E-06 -0.32855486E-07  0.56931767E-07   863.99999948   -23332.25389140
   10230   20.46000000  0.67824074E-06 -0.17815052E-07  0.47300320E-07   863.99999948   -23332.25389139
   10240   20.48000000  0.67123829E-06 -0.28625952E-08  0.38743487E-07   863.99999948   -23332.25389137
   10250   20.50000000  0.66388749E-06  0.11971174E-07  0.31514593E-07   863.99999948   -23332.25389135
   10260   20.52000000  0.65624853E-06  0.26648476E-07  0.25792063E-07   863.99999948   -23332.25389134
   10270   20.54000000  0.64840506E-06  0.41115754E-07  0.21673444E-07   863.99999948   -23332.25389132
   10280   20.56000000  0.64045922E-06  0.55296798E-07  0.19172202E-07   863.99999948   -23332.25389131
   10290   20.58000000  0.63252775E-06  0.69087646E-07  0.18221388E-07   863.99999948   -23332.25389129
   10300   20.60000000  0.62473786E-06  0.82356737E-07  0.18678899E-07   863.99999948   -23332.25389128
   10310   20.62000000  0.61722263E-06  0.94948678E-07  0.20337454E-07   863.99999948   -23332.25389126
   10320   20.64000000  0.61011762E-06  0.10669012E-06  0.22938549E-07   863.99999948   -23332.25389125
   10330   20.66000000  0.60355865E-06  0.11740052E-06  0.26186418E-07   863.99999948   -23332.25389123
   10340   20.68000000  0.59768118E-06  0.12690351E-06  0.29764255E-07   863.99999947   -23332.25389122
   10350   20.70000000  0.59261813E-06  0.13504047E-06  0.33350389E-07   863.99999947   -23332.25389121
   10360   20.72000000  0.58850043E-06  0.14168250E-06  0.36633648E-07   863.99999947   -23332.25389119
   10370   20.74000000  0.58545655E-06  0.14674174E-06  0.39325143E-07   863.99999947   -23332.25389118
   10380   20.76000000  0.58361010E-06  0.15017944E-06  0.41171372E-07   863.99999947   -23332.25389116
   10390   20.78000000  0.58307839E-06  0.15201055E-06  0.41961422E-07   863.99999947   -23332.25389115
   10400   20.80000000  0.58396967E-06  0.15230340E-06  0.41532798E-07   863.99999947   -23332.25389113
   10410   20.82000000  0.58637774E-06  0.15117597E-06  0.39774374E-07   863.99999947   -23332.25389112
   10420   20.84000000  0.59037717E-06  0.14878709E-06  0.36627011E-07   863.99999947   -23332.25389110
   10430   20.86000000  0.59601763E-06  0.14532472E-06  0.32080953E-07   863.99999947   -23332.25389109
   10440   20.88000000  0.60331849E-06  0.14099227E-06  0.26173604E-07   863.99999947   -23332.25389107
   10450   20.90000000  0.61226331E-06  0.13599334E-06  0.18984490E-07   863.99999947   -23332.25389105
   10460   20.92000000  0.62279623E-06  0.13051710E-06  0.10630579E-07   863.99999947   -23332.25389104
   10470   20.94000000  0.63481934E-06  0.12472620E-06  0.12608323E-08   863.99999947   -23332.25389102
   10480   20.96000000  0.64819214E-06  0.11874599E-06 -0.89492321E-08   863.99999947   -23332.25389101
   10490   20.98000000  0.66273251E-06  0.11265868E-06 -0.19803221E-07   863.99999947   -23332.25389099
   10500   21.00000000  0.67821951E-06  0.10650190E-06 -0.31088769E-07   863.99999947   -23332.25389098
   10510   21.02000000  0.69439803E-06  0.10027102E-06 -0.42583334E-07   863.99999947   -23332.25389096
   10520   21.04000000  0.71098339E-06  0.93925239E-07 -0.54058934E-07   863.99999947   -23332.25389095
   10530   21.06000000  0.72766799E-06  0.87397481E-07 -0.65287922E-07   863.99999947   -23332.25389094
   10540   21.08000000  0.74412876E-06  0.80605757E-07 -0.76047982E-07   863.99999947   -23332.25389092
   10550   21.10000000  0.76003401E-06  0.73465193E-07 -0.86127426E-07   863.99999947   -23332.25389091
   10560   21.12000000  0.77505158E-06  0.65900829E-07 -0.95329323E-07   863.99999946   -23332.25389089
   10570   21.14000000  0.78885544E-06  0.57857817E-07 -0.10347645E-06   863.99999946   -23332.25389088
   10580   21.16000000  0.80113470E-06  0.49309247E-07 -0.11041488E-06   863.99999946   -23332.25389087
   10590   21.18000000  0.81160003E-06  0.40262819E-07 -0.11601702E-06   863.99999946   -23332.25389085
   10600   21.20000000  0.81999150E-06  0.30762398E-07 -0.12018272E-06   863.99999946   -23332.25389084
   10610   21.22000000  0.82608479E-06  0.20886991E-07 -0.12284045E-06   863.99999946   -23332.25389083
   10620   21.24000000  0.82969658E-06  0.10747858E-07 -0.12394643E-06   863.99999946   -23332.25389081
   10630   21.26000000  0.83068881E-06  0.48378472E-09 -0.12348253E-06   863.99999946   -23332.25389080
   10640   21.28000000  0.82897138E-06 -0.97469853E-08 -0.12145423E-06   863.99999946   -23332.25389079
   10650   21.30000000  0.82450321E-06 -0.19773338E-07 -0.11788632E-06   863.99999946   -23332.25389077
   10660   21.32000000  0.81729125E-06 -0.29418401E-07 -0.11281975E-06   863.99999946   -23332.25389076
   10670   21.34000000  0.80738829E-06 -0.38507522E-07 -0.10630813E-06   863.99999946   -23332.25389074
   10680   21.36000000  0.79488927E-06 -0.46872862E-07 -0.98414489E-07   863.99999946   -23332.25389073
   10690   21.38000000  0.77992623E-06 -0.54358895E-07 -0.89209208E-07   863.99999946   -23332.25389072
   10700   21.40000000  0.76266281E-06 -0.60826223E-07 -0.78769381E-07   863.99999946   -23332.25389070
   10710   21.42000000  0.74328982E-06 -0.66154870E-07 -0.67179230E-07   863.99999946   -23332.25389069
   10720   21.44000000  0.72202036E-06 -0.70246423E-07 -0.54531263E-07   863.99999946   -23332.25389067
   10730   21.46000000  0.69908633E-06 -0.73026485E-07 -0.40928857E-07   863.99999946   -23332.25389066
   10740   21.48000000  0.67473480E-06 -0.74446045E-07 -0.26489827E-07   863.99999946   -23332.25389064
   10750   21.50000000  0.64922687E-06 -0.74483392E-07 -0.11349827E-07   863.99999946   -23332.25389063
   10760   21.52000000  0.62283661E-06 -0.73145243E-07  0.43349057E-08   863.99999946   -23332.25389061
   10770   21.54000000  0.59585085E-06 -0.70467788E-07  0.20385534E-07   863.99999946   -23332.25389060
   10780   21.56000000  0.56856884E-06 -0.66516573E-07  0.36599147E-07   863.99999945   -23332.25389059
   10790   21.58000000  0.54130163E-06 -0.61385682E-07  0.52750754E-07   863.99999945   -23332.25389057
   10800   21.60000000  0.51437079E-06 -0.55195061E-07  0.68595940E-07   863.99999945   -23332.25389056
   10810   21.62000000  0.48810525E-06 -0.48085963E-07  0.83875830E-07   863.99999945   -23332.25389054
   10820   21.64000000  0.46283870E-06 -0.40215956E-07  0.98323596E-07   863.99999945   -23332.25389053
   10830   21.66000000  0.43890281E-06 -0.31751600E-07  0.11167321E-06   863.99999945   -23332.25389051
   10840   21.68000000  0.41662125E-06 -0.22860248E-07  0.12366741E-06   863.99999945   -23332.25389050
   10850   21.70000000  0.39630315E-06 -0.13701623E-07  0.13406651E-06   863.99999945   -23332.25389048
   10860   21.72000000  0.37823349E-06 -0.44192882E-08  0.14265693E-06   863.99999945   -23332.25389047
   10870   21.74000000  0.36266587E-06  0.48664707E-08  0.14925792E-06   863.99999945   -23332.25389046
   10880   21.76000000  0.34981530E-06  0.14064021E-07  0.15372702E-06   863.99999945   -23332.25389044
   10890   21.78000000  0.33985164E-06  0.23113630E-07  0.15596436E-06   863.99999945   -23332.25389043
   10900   21.80000000  0.33289547E-06  0.31987873E-07  0.15591441E-06   863.99999945   -23332.25389041
   10910   21.82000000  0.32901475E-06  0.40688050E-07  0.15356651E-06   863.99999945   -23332.25389040
   10920   21.84000000  0.32822472E-06  0.49239405E-07  0.14895435E-06   863.99999945   -23332.25389038
   10930   21.86000000  0.33048924E-06  0.57682254E-07  0.14215546E-06   863.99999945   -23332.25389037
   10940   21.88000000  0.33572415E-06  0.66061851E-07  0.13328837E-06   863.99999945   -23332.25389036
   10950   21.90000000  0.34380118E-06  0.74417574E-07  0.12251208E-06   863.99999945   -23332.25389034
   10960   21.92000000  0.35455429E-06  0.82772671E-07  0.11002420E-06   863.99999945   -23332.25389033
   10970   21.94000000  0.36778613E-06  0.91123554E-07  0.96059607E-07   863.99999945   -23332.25389031
   10980   21.96000000  0.38327262E-06  0.99433663E-07  0.80889223E-07   863.99999945   -23332.25389030
   10990   21.98000000  0.40076905E-06  0.10762845E-06  0.64819418E-07   863.99999945   -23332.25389028
   11000   22.00000000  0.42001411E-06  0.11559421E-06  0.48188332E-07   863.99999944   -23332.25389026
   11010   22.02000000  0.44073335E-06  0.12318067E-06  0.31362482E-07   863.99999944   -23332.25389025
   11020   22.04000000  0.46264000E-06  0.13020626E-06  0.14731691E-07   863.99999944   -23332.25389024
   11030   22.06000000  0.48543728E-06  0.13646588E-06 -0.12994835E-08   863.99999944   -23332.25389022
   11040   22.08000000  0.50881776E-06  0.14174030E-06 -0.16323255E-07   863.99999944   -23332.25389021
   11050   22.10000000  0.53246313E-06  0.14580674E-06 -0.29939514E-07   863.99999944   -23332.25389019
   11060   22.12000000  0.55604572E-06  0.14844919E-06 -0.41771588E-07   863.99999944   -23332.25389018
   11070   22.14000000  0.57922979E-06  0.14946769E-06 -0.51482777E-07   863.99999944   -23332.25389016
   11080   22.16000000  0.60167393E-06  0.14868643E-06 -0.58791780E-07   863.99999944   -23332.25389015
   11090   22.18000000  0.62303655E-06  0.14596003E-06 -0.63487918E-07   863.99999944   -23332.25389014
   11100   22.20000000  0.64298230E-06  0.14117899E-06 -0.65444774E-07   863.99999944   -23332.25389012
   11110   22.22000000  0.66119027E-06  0.13427125E-06 -0.64630401E-07   863.99999944   -23332.25389011
   11120   22.24000000  0.67736337E-06  0.12520571E-06 -0.61113440E-07   863.99999944   -23332.25389009
   11130   22.26000000  0.69123904E-06  0.11399172E-06 -0.55064523E-07   863.99999944   -23332.25389008
   11140   22.28000000  0.70259864E-06  0.10067975E-06 -0.46752258E-07   863.99999944   -23332.25389007
   11150   22.30000000  0.71127685E-06  0.85361054E-07 -0.36535065E-07   863.99999944   -23332.25389005
   11160   22.32000000  0.71716951E-06  0.68167802E-07 -0.24847062E-07   863.99999944   -23332.25389004
   11170   22.34000000  0.72023887E-06  0.49271944E-07 -0.12180944E-07   863.99999944   -23332.25389002
   11180   22.36000000  0.72051655E-06  0.28884348E-07  0.93249880E-09   863.99999944   -23332.25389001
   11190   22.38000000  0.71810264E-06  0.72535650E-08  0.13947022E-07   863.99999944   -23332.25388999
   11200   22.40000000  0.71316308E-06 -0.15336993E-07  0.26324390E-07   863.99999944   -23332.25388998
   11210   22.42000000  0.70592288E-06 -0.38573102E-07  0.37556005E-07   863.99999944   -23332.25388997
   11220   22.44000000  0.69665745E-06 -0.62114583E-07  0.47184118E-07   863.99999943   -23332.25388995
   11230   22.46000000  0.68568207E-06 -0.85602014E-07  0.54819370E-07   863.99999943   -23332.25388994
   11240   22.48000000  0.67334054E-06 -0.10866504E-06  0.60154550E-07   863.99999943   -23332.25388992
   11250   22.50000000  0.65999232E-06 -0.13093211E-06  0.62974837E-07   863.99999943   -23332.25388991
   11260   22.52000000  0.64600142E-06 -0.15204017E-06  0.63162994E-07   863.99999943   -23332.25388989
   11270   22.54000000  0.63172579E-06 -0.17164532E-06  0.60701196E-07   863.99999943   -23332.25388988
   11280   22.56000000  0.61750752E-06 -0.18943349E-06  0.55667096E-07   863.99999943   -23332.25388986
   11290   22.58000000  0.60366611E-06 -0.20512972E-06  0.48228105E-07   863.99999943   -23332.25388985
   11300   22.60000000  0.59049214E-06 -0.21850555E-06  0.38631392E-07   863.99999943   -23332.25388983
   11310   22.62000000  0.57824451E-06 -0.22938545E-06  0.27192094E-07   863.99999943   -23332.25388982
   11320   22.64000000  0.56714717E-06 -0.23765148E-06  0.14279679E-07   863.99999943   -23332.25388980
   11330   22.66000000  0.55738942E-06 -0.24324345E-06  0.30325847E-09   863.99999943   -23332.25388979
   11340   22.68000000  0.54912405E-06 -0.24615876E-06 -0.14302511E-07   863.99999943   -23332.25388977
   11350   22.70000000  0.54246849E-06 -0.24644949E-06 -0.29092906E-07   863.99999943   -23332.25388976
   11360   22.72000000  0.53750467E-06 -0.24421667E-06 -0.43626249E-07   863.99999943   -23332.25388974
   11370   22.74000000  0.53427830E-06 -0.23960303E-06 -0.57476798E-07   863.99999943   -23332.25388973
   11380   22.76000000  0.53279919E-06 -0.23278496E-06 -0.70246777E-07   863.99999943   -23332.25388971
   11390   22.78000000  0.53303935E-06 -0.22396415E-06 -0.81575616E-07   863.99999943   -23332.25388970
   11400   22.80000000  0.53493248E-06 -0.21335678E-06 -0.91148463E-07   863.99999943   -23332.25388968
   11410   22.82000000  0.53837265E-06 -0.20118555E-06 -0.98703554E-07   863.99999943   -23332.25388967
   11420   22.84000000  0.54321445E-06 -0.18767145E-06 -0.10403721E-06   863.99999943   -23332.25388965
   11430   22.86000000  0.54927317E-06 -0.17302730E-06 -0.10700835E-06   863.99999943   -23332.25388964
   11440   22.88000000  0.55632732E-06 -0.15745293E-06 -0.10754124E-06   863.99999942   -23332.25388962
   11450   22.90000000  0.56412237E-06 -0.14113267E-06 -0.10562705E-06   863.99999942   -23332.25388961
   11460   22.92000000  0.57237752E-06 -0.12423507E-06 -0.10132421E-06   863.99999942   -23332.25388959
   11470   22.94000000  0.58079326E-06 -0.10691357E-06 -0.94757150E-07   863.99999942   -23332.25388958
   11480   22.96000000  0.58906207E-06 -0.89309678E-07 -0.86113456E-07   863.99999942   -23332.25388956
   11490   22.98000000  0.59687927E-06 -0.71556843E-07 -0.75639402E-07   863.99999942   -23332.25388955
   11500   23.00000000  0.60395596E-06 -0.53784721E-07 -0.63633455E-07   863.99999942   -23332.25388953
   11510   23.02000000  0.61003124E-06 -0.36123318E-07 -0.50437684E-07   863.99999942   -23332.25388952
   11520   23.04000000  0.61488454E-06 -0.18706404E-07 -0.36427571E-07   863.99999942   -23332.25388950
   11530   23.06000000  0.61834623E-06 -0.16737058E-08 -0.21999901E-07   863.99999942   -23332.25388949
   11540   23.08000000  0.62030503E-06  0.14828046E-07 -0.75594201E-08   863.99999942   -23332.25388947
   11550   23.10000000  0.62071412E-06  0.30646924E-07  0.64954789E-08   863.99999942   -23332.25388946
   11560   23.12000000  0.61959228E-06  0.45627456E-07  0.19786690E-07   863.99999942   -23332.25388944
   11570   23.14000000  0.61702208E-06  0.59616012E-07  0.31970238E-07   863.99999942   -23332.25388942
   11580   23.16000000  0.61314423E-06  0.72465133E-07  0.42747183E-07   863.99999942   -23332.25388941
   11590   23.18000000  0.60814833E-06  0.84040128E-07  0.51873035E-07   863.99999942   -23332.25388939
   11600   23.20000000  0.60226049E-06  0.94224976E-07  0.59163377E-07   863.99999942   -23332.25388938
   11610   23.22000000  0.59572923E-06  0.10292772E-06  0.64495779E-07   863.99999942   -23332.25388936
   11620   23.24000000  0.58881069E-06  0.11008523E-06  0.67808277E-07   863.99999942   -23332.25388935
   11630   23.26000000  0.58175241E-06  0.11566593E-06  0.69093712E-07   863.99999942   -23332.25388933
   11640   23.28000000  0.57477952E-06  0.11967158E-06  0.68392273E-07   863.99999942   -23332.25388932
   11650   23.30000000  0.56808252E-06  0.12213507E-06  0.65780506E-07   863.99999942   -23332.25388931
   11660   23.32000000  0.56180776E-06  0.12311899E-06  0.61360778E-07   863.99999941   -23332.25388929
   11670   23.34000000  0.55605103E-06  0.12270949E-06  0.55250641E-07   863.99999941   -23332.25388928
   11680   23.36000000  0.55085646E-06  0.12101003E-06  0.47572571E-07   863.99999941   -23332.25388926
   11690   23.38000000  0.54621763E-06  0.11813316E-06  0.38448043E-07   863.99999941   -23332.25388925
   11700   23.40000000  0.54208458E-06  0.11419266E-06  0.27993500E-07   863.99999941   -23332.25388924
   11710   23.42000000  0.53837161E-06  0.10929374E-06  0.16318845E-07   863.99999941   -23332.25388922
   11720   23.44000000  0.53497067E-06  0.10352602E-06  0.35301272E-08   863.99999941   -23332.25388921
   11730   23.46000000  0.53176359E-06  0.96955708E-07 -0.10264807E-07   863.99999941   -23332.25388919
   11740   23.48000000  0.52863662E-06  0.89620595E-07 -0.24949662E-07   863.99999941   -23332.25388918
   11750   23.50000000  0.52549346E-06  0.81527452E-07 -0.40392803E-07   863.99999941   -23332.25388916
   11760   23.52000000  0.52226699E-06  0.72650938E-07 -0.56439093E-07   863.99999941   -23332.25388915
   11770   23.54000000  0.51892776E-06  0.62937092E-07 -0.72904356E-07   863.99999941   -23332.25388913
   11780   23.56000000  0.51548978E-06  0.52308418E-07 -0.89572847E-07   863.99999941   -23332.25388912
   11790   23.58000000  0.51201180E-06  0.40672844E-07 -0.10619657E-06   863.99999941   -23332.25388910
   11800   23.60000000  0.50859487E-06  0.27934097E-07 -0.12249787E-06   863.99999941   -23332.25388909
   11810   23.62000000  0.50537510E-06  0.14005798E-07 -0.13817620E-06   863.99999941   -23332.25388907
   11820   23.64000000  0.50251492E-06 -0.11748905E-08 -0.15291660E-06   863.99999941   -23332.25388905
   11830   23.66000000  0.50018979E-06 -0.17633095E-07 -0.16640132E-06   863.99999941   -23332.25388904
   11840   23.68000000  0.49857588E-06 -0.35342208E-07 -0.17832009E-06   863.99999941   -23332.25388902
   11850   23.70000000  0.49783485E-06 -0.54211973E-07 -0.18838350E-06   863.99999941   -23332.25388901
   11860   23.72000000  0.49810314E-06 -0.74080721E-07 -0.19633311E-06   863.99999941   -23332.25388899
   11870   23.74000000  0.49948001E-06 -0.94710035E-07 -0.20195130E-06   863.99999941   -23332.25388898
   11880   23.76000000  0.50202092E-06 -0.11578479E-06 -0.20506776E-06   863.99999940   -23332.25388896
   11890   23.78000000  0.50573384E-06 -0.13691716E-06 -0.20556403E-06   863.99999940   -23332.25388895
   11900   23.80000000  0.51057883E-06 -0.15765708E-06 -0.20337519E-06   863.99999940   -23332.25388894
   11910   23.82000000  0.51647076E-06 -0.17750577E-06 -0.19849000E-06   863.99999940   -23332.25388892
   11920   23.84000000  0.52328577E-06 -0.19593426E-06 -0.19094718E-06   863.99999940   -23332.25388891
   11930   23.86000000  0.53086926E-06 -0.21240477E-06 -0.18083253E-06   863.99999940   -23332.25388889
   11940   23.88000000  0.53904524E-06 -0.22639402E-06 -0.16827348E-06   863.99999940   -23332.25388888
   11950   23.90000000  0.54762592E-06 -0.23741710E-06 -0.15343450E-06   863.99999940   -23332.25388886
   11960   23.92000000  0.55642135E-06 -0.24505041E-06 -0.13651255E-06   863.99999940   -23332.25388885
   11970   23.94000000  0.56524648E-06 -0.24895369E-06 -0.11773372E-06   863.99999940   -23332.25388883
   11980   23.96000000  0.57392797E-06 -0.24888625E-06 -0.97349839E-07   863.99999940   -23332.25388882
   11990   23.98000000  0.58230786E-06 -0.24472190E-06 -0.75636539E-07   863.99999940   -23332.25388880
   12000   24.00000000  0.59024718E-06 -0.23645588E-06 -0.52891656E-07   863.99999940   -23332.25388879
   12010   24.02000000  0.59762649E-06 -0.22420824E-06 -0.29434203E-07   863.99999940   -23332.25388877
   12020   24.04000000  0.60434618E-06 -0.20822025E-06 -0.56028941E-08   863.99999940   -23332.25388876
   12030   24.06000000  0.61032652E-06 -0.18884571E-06  0.18246172E-07   863.99999940   -23332.25388874
   12040   24.08000000  0.61550663E-06 -0.16653725E-06  0.41742162E-07   863.99999940   -23332.25388873
   12050   24.10000000  0.61984456E-06 -0.14182845E-06  0.64504241E-07   863.99999940   -23332.25388871
   12060   24.12000000  0.62331691E-06 -0.11531159E-06  0.86147387E-07   863.99999940   -23332.25388870
   12070   24.14000000  0.62591882E-06 -0.87614205E-07  0.10629020E-06   863.99999940   -23332.25388868
   12080   24.16000000  0.62766479E-06 -0.59375372E-07  0.12456355E-06   863.99999940   -23332.25388867
   12090   24.18000000  0.62858881E-06 -0.31220677E-07  0.14062138E-06   863.99999940   -23332.25388865
   12100   24.20000000  0.62874349E-06 -0.37400006E-08  0.15415037E-06   863.99999939   -23332.25388863
   12110   24.22000000  0.62819991E-06  0.22531676E-07  0.16488226E-06   863.99999939   -23332.25388862
   12120   24.24000000  0.62704502E-06  0.47130688E-07  0.17260438E-06   863.99999939   -23332.25388860
   12130   24.26000000  0.62537826E-06  0.69676544E-07  0.17716886E-06   863.99999939   -23332.25388859
   12140   24.28000000  0.62330800E-06  0.89879044E-07  0.17850140E-06   863.99999939   -23332.25388857
   12150   24.30000000  0.62094547E-06  0.10754066E-06  0.17660671E-06   863.99999939   -23332.25388856
   12160   24.32000000  0.61839984E-06  0.12255481E-06  0.17157162E-06   863.99999939   -23332.25388854
   12170   24.34000000  0.61577143E-06  0.13490061E-06  0.16356482E-06   863.99999939   -23332.25388853
   12180   24.36000000  0.61314628E-06  0.14463265E-06  0.15283341E-06   863.99999939   -23332.25388851
   12190   24.38000000  0.61059174E-06  0.15186959E-06  0.13969478E-06   863.99999939   -23332.25388850
   12200   24.40000000  0.60815252E-06  0.15678062E-06  0.12452654E-06   863.99999939   -23332.25388848
   12210   24.42000000  0.60584926E-06  0.15957026E-06  0.10775266E-06   863.99999939   -23332.25388847
   12220   24.44000000  0.60367793E-06  0.16046371E-06  0.89827166E-07   863.99999939   -23332.25388845
   12230   24.46000000  0.60161152E-06  0.15969374E-06  0.71216622E-07   863.99999939   -23332.25388844
   12240   24.48000000  0.59960183E-06  0.15748748E-06  0.52382271E-07   863.99999939   -23332.25388842
   12250   24.50000000  0.59758457E-06  0.15405723E-06  0.33762227E-07   863.99999939   -23332.25388841
   12260   24.52000000  0.59548197E-06  0.14959239E-06  0.15756467E-07   863.99999939   -23332.25388840
   12270   24.54000000  0.59320799E-06  0.14425534E-06 -0.12862256E-08   863.99999939   -23332.25388838
   12280   24.56000000  0.59067258E-06  0.13817871E-06 -0.17076856E-07   863.99999939   -23332.25388837
   12290   24.58000000  0.58778432E-06  0.13146596E-06 -0.31391655E-07   863.99999939   -23332.25388835
   12300   24.60000000  0.58445422E-06  0.12419432E-06 -0.44073298E-07   863.99999939   -23332.25388833
   12310   24.62000000  0.58059808E-06  0.11641853E-06 -0.55027337E-07   863.99999939   -23332.25388832
   12320   24.64000000  0.57613707E-06  0.10817513E-06 -0.64215727E-07   863.99999938   -23332.25388830
   12330   24.66000000  0.57099971E-06  0.99487702E-07 -0.71648230E-07   863.99999938   -23332.25388829
   12340   24.68000000  0.56512267E-06  0.90371541E-07 -0.77370958E-07   863.99999938   -23332.25388827
   12350   24.70000000  0.55845113E-06  0.80836937E-07 -0.81455730E-07   863.99999938   -23332.25388825
   12360   24.72000000  0.55094086E-06  0.70892351E-07 -0.83989800E-07   863.99999938   -23332.25388824
   12370   24.74000000  0.54256043E-06  0.60546626E-07 -0.85065958E-07   863.99999938   -23332.25388822
   12380   24.76000000  0.53329341E-06  0.49809634E-07 -0.84777443E-07   863.99999938   -23332.25388821
   12390   24.78000000  0.52314288E-06  0.38693610E-07 -0.83213820E-07   863.99999938   -23332.25388819
   12400   24.80000000  0.51213582E-06  0.27213333E-07 -0.80460021E-07   863.99999938   -23332.25388818
   12410   24.82000000  0.50032602E-06  0.15388008E-07 -0.76599439E-07   863.99999938   -23332.25388816
   12420   24.84000000  0.48779906E-06  0.32423421E-08 -0.71718202E-07   863.99999938   -23332.25388815
   12430   24.86000000  0.47467511E-06 -0.91910542E-08 -0.65911402E-07   863.99999938   -23332.25388813
   12440   24.88000000  0.46111015E-06 -0.21867505E-07 -0.59289085E-07   863.99999938   -23332.25388812
   12450   24.90000000  0.44729473E-06 -0.34727261E-07 -0.51983791E-07   863.99999938   -23332.25388810
   12460   24.92000000  0.43345166E-06 -0.47690547E-07 -0.44155079E-07   863.99999938   -23332.25388809
   12470   24.94000000  0.41983077E-06 -0.60654062E-07 -0.35992252E-07   863.99999938   -23332.25388808
   12480   24.96000000  0.40669995E-06 -0.73487888E-07 -0.27715656E-07   863.99999938   -23332.25388806
   12490   24.98000000  0.39433636E-06 -0.86034036E-07 -0.19574379E-07   863.99999938   -23332.25388805
   12500   25.00000000  0.38301466E-06 -0.98107407E-07 -0.11841163E-07   863.99999938   -23332.25388803
   12510   25.02000000  0.37299536E-06 -0.10949967E-06 -0.48040985E-08   863.99999938   -23332.25388802
   12520   25.04000000  0.36451263E-06 -0.11998525E-06  0.12436114E-08   863.99999938   -23332.25388800
   12530   25.06000000  0.35776414E-06 -0.12933114E-06  0.60160691E-08   863.99999938   -23332.25388799
   12540   25.08000000  0.35290188E-06 -0.13730783E-06  0.92496750E-08   863.99999937   -23332.25388797
   12550   25.10000000  0.35002617E-06 -0.14370238E-06  0.10716516E-07   863.99999937   -23332.25388796
   12560   25.12000000  0.34918270E-06 -0.14833163E-06  0.10239615E-07   863.99999937   -23332.25388794
   12570   25.14000000  0.35036250E-06 -0.15105470E-06  0.77063522E-08   863.99999937   -23332.25388793
   12580   25.16000000  0.35350531E-06 -0.15178292E-06  0.30802680E-08   863.99999937   -23332.25388791
   12590   25.18000000  0.35850510E-06 -0.15048860E-06 -0.35893838E-08   863.99999937   -23332.25388790
   12600   25.20000000  0.36521771E-06 -0.14720802E-06 -0.12161879E-07   863.99999937   -23332.25388788
   12610   25.22000000  0.37347114E-06 -0.14204163E-06 -0.22402394E-07   863.99999937   -23332.25388787
   12620   25.24000000  0.38307417E-06 -0.13514963E-06 -0.33983979E-07   863.99999937   -23332.25388785
   12630   25.26000000  0.39382679E-06 -0.12674400E-06 -0.46494273E-07   863.99999937   -23332.25388784
   12640   25.28000000  0.40552840E-06 -0.11707515E-06 -0.59446982E-07   863.99999937   -23332.25388782
   12650   25.30000000  0.41798451E-06 -0.10641939E-06 -0.72297774E-07   863.99999937   -23332.25388781
   12660   25.32000000  0.43101159E-06 -0.95061824E-07 -0.84464627E-07   863.99999937   -23332.25388779
   12670   25.34000000  0.44443985E-06 -0.83280513E-07 -0.95351870E-07   863.99999937   -23332.25388778
   12680   25.36000000  0.45811420E-06 -0.71331149E-07 -0.10437654E-06   863.99999937   -23332.25388776
   12690   25.38000000  0.47189223E-06 -0.59434419E-07 -0.11099605E-06   863.99999937   -23332.25388775
   12700   25.40000000  0.48564217E-06 -0.47764785E-07 -0.11473528E-06   863.99999937   -23332.25388773
   12710   25.42000000  0.49923989E-06 -0.36445057E-07 -0.11521137E-06   863.99999937   -23332.25388771
   12720   25.44000000  0.51256423E-06 -0.25543988E-07 -0.11215602E-06   863.99999937   -23332.25388770
   12730   25.46000000  0.52549501E-06 -0.15077500E-07 -0.10543126E-06   863.99999937   -23332.25388768
   12740   25.48000000  0.53791005E-06 -0.50153712E-08 -0.95039228E-07   863.99999937   -23332.25388767
   12750   25.50000000  0.54968475E-06  0.47097511E-08 -0.81125155E-07   863.99999937   -23332.25388765
   12760   25.52000000  0.56069244E-06  0.14190588E-07 -0.63973441E-07   863.99999936   -23332.25388764
   12770   25.54000000  0.57080738E-06  0.23531080E-07 -0.43994597E-07   863.99999936   -23332.25388762
   12780   25.56000000  0.57990814E-06  0.32832264E-07 -0.21707207E-07   863.99999936   -23332.25388761
   12790   25.58000000  0.58788329E-06  0.42178369E-07  0.22860458E-08   863.99999936   -23332.25388759
   12800   25.60000000  0.59463663E-06  0.51624186E-07  0.27326992E-07   863.99999936   -23332.25388758
   12810   25.62000000  0.60009354E-06  0.61185476E-07  0.52730883E-07   863.99999936   -23332.25388756
   12820   25.64000000  0.60420620E-06  0.70832498E-07  0.77817358E-07   863.99999936   -23332.25388755
   12830   25.66000000  0.60695731E-06  0.80486492E-07  0.10193805E-06   863.99999936   -23332.25388753
   12840   25.68000000  0.60836401E-06  0.90021111E-07  0.12450224E-06   863.99999936   -23332.25388752
   12850   25.70000000  0.60847738E-06  0.99268048E-07  0.14499647E-06   863.99999936   -23332.25388750
   12860   25.72000000  0.60738131E-06  0.10802511E-06  0.16299952E-06   863.99999936   -23332.25388749
   12870   25.74000000  0.60518849E-06  0.11606771E-06  0.17819085E-06   863.99999936   -23332.25388747
   12880   25.76000000  0.60203438E-06  0.12316393E-06  0.19035282E-06   863.99999936   -23332.25388746
   12890   25.78000000  0.59806946E-06  0.12908891E-06  0.19936770E-06   863.99999936   -23332.25388744
   12900   25.80000000  0.59344939E-06  0.13364068E-06  0.20521027E-06   863.99999936   -23332.25388743
   12910   25.82000000  0.58832680E-06  0.13665462E-06  0.20793545E-06   863.99999936   -23332.25388741
   12920   25.84000000  0.58284054E-06  0.13801599E-06  0.20766419E-06   863.99999936   -23332.25388740
   12930   25.86000000  0.57710880E-06  0.13766848E-06  0.20456851E-06   863.99999936   -23332.25388738
   12940   25.88000000  0.57122317E-06  0.13562044E-06  0.19885520E-06   863.99999936   -23332.25388736
   12950   25.90000000  0.56524470E-06  0.13194476E-06  0.19075202E-06   863.99999936   -23332.25388735
   12960   25.92000000  0.55920440E-06  0.12677650E-06  0.18049541E-06   863.99999936   -23332.25388733
   12970   25.94000000  0.55310588E-06  0.12030469E-06  0.16832064E-06   863.99999935   -23332.25388731
   12980   25.96000000  0.54693079E-06  0.11276107E-06  0.15445592E-06   863.99999935   -23332.25388730
   12990   25.98000000  0.54064734E-06  0.10440599E-06  0.13911885E-06   863.99999935   -23332.25388728
   13000   26.00000000  0.53421996E-06  0.95512702E-07  0.12251694E-06   863.99999935   -23332.25388727
   13010   26.02000000  0.52762011E-06  0.86350518E-07  0.10485056E-06   863.99999935   -23332.25388725
   13020   26.04000000  0.52083516E-06  0.77169196E-07  0.86317510E-07   863.99999935   -23332.25388724
   13030   26.06000000  0.51387769E-06  0.68185041E-07  0.67119503E-07   863.99999935   -23332.25388722
   13040   26.08000000  0.50679089E-06  0.59569868E-07  0.47467857E-07   863.99999935   -23332.25388721
   13050   26.10000000  0.49965140E-06  0.51442822E-07  0.27590107E-07   863.99999935   -23332.25388719
   13060   26.12000000  0.49256850E-06  0.43866982E-07  0.77330064E-08   863.99999935   -23332.25388718
   13070   26.14000000  0.48568027E-06  0.36848896E-07 -0.11834822E-07   863.99999935   -23332.25388716
   13080   26.16000000  0.47914606E-06  0.30343961E-07 -0.30824319E-07   863.99999935   -23332.25388714
   13090   26.18000000  0.47313595E-06  0.24262612E-07 -0.48929753E-07   863.99999935   -23332.25388713
   13100   26.20000000  0.46781974E-06  0.18481662E-07 -0.65836430E-07   863.99999935   -23332.25388711
   13110   26.22000000  0.46335397E-06  0.12856430E-07 -0.81228573E-07   863.99999935   -23332.25388710
   13120   26.24000000  0.45987053E-06  0.72339869E-08 -0.94801782E-07   863.99999935   -23332.25388708
   13130   26.26000000  0.45746608E-06  0.14655780E-08 -0.10627341E-06   863.99999935   -23332.25388706
   13140   26.28000000  0.45619465E-06 -0.45795724E-08 -0.11539595E-06   863.99999935   -23332.25388705
   13150   26.30000000  0.45606321E-06 -0.11004455E-07 -0.12196665E-06   863.99999935   -23332.25388703
   13160   26.32000000  0.45703106E-06 -0.17877014E-07 -0.12583852E-06   863.99999935   -23332.25388701
   13170   26.34000000  0.45901230E-06 -0.25223599E-07 -0.12692581E-06   863.99999935   -23332.25388700
   13180   26.36000000  0.46188327E-06 -0.33027852E-07 -0.12520962E-06   863.99999935   -23332.25388698
   13190   26.38000000  0.46549094E-06 -0.41231640E-07 -0.12073927E-06   863.99999934   -23332.25388697
   13200   26.40000000  0.46966445E-06 -0.49738691E-07 -0.11363154E-06   863.99999934   -23332.25388695
   13210   26.42000000  0.47422694E-06 -0.58420149E-07 -0.10406579E-06   863.99999934   -23332.25388693
   13220   26.44000000  0.47900774E-06 -0.67123125E-07 -0.92279120E-07   863.99999934   -23332.25388692
   13230   26.46000000  0.48385288E-06 -0.75679008E-07 -0.78557105E-07   863.99999934   -23332.25388690
   13240   26.48000000  0.48863380E-06 -0.83913031E-07 -0.63224427E-07   863.99999934   -23332.25388689
   13250   26.50000000  0.49325375E-06 -0.91653133E-07 -0.46633309E-07   863.99999934   -23332.25388687
   13260   26.52000000  0.49765155E-06 -0.98738864E-07 -0.29153066E-07   863.99999934   -23332.25388685
   13270   26.54000000  0.50180139E-06 -0.10502782E-06 -0.11156695E-07   863.99999934   -23332.25388684
   13280   26.56000000  0.50571051E-06 -0.11040190E-06  0.69894437E-08   863.99999934   -23332.25388682
   13290   26.58000000  0.50941408E-06 -0.11477138E-06  0.24937538E-07   863.99999934   -23332.25388681
   13300   26.60000000  0.51296859E-06 -0.11807817E-06  0.42367774E-07   863.99999934   -23332.25388679
   13310   26.62000000  0.51644438E-06 -0.12029667E-06  0.58997143E-07   863.99999934   -23332.25388677
   13320   26.64000000  0.51991767E-06 -0.12143477E-06  0.74585536E-07   863.99999934   -23332.25388676
   13330   26.66000000  0.52346141E-06 -0.12153244E-06  0.88940182E-07   863.99999934   -23332.25388674
   13340   26.68000000  0.52713911E-06 -0.12066047E-06  0.10191720E-06   863.99999934   -23332.25388673
   13350   26.70000000  0.53099860E-06 -0.11891683E-06  0.11342135E-06   863.99999934   -23332.25388671
   13360   26.72000000  0.53506719E-06 -0.11642367E-06  0.12340316E-06   863.99999934   -23332.25388670
   13370   26.74000000  0.53934964E-06 -0.11332160E-06  0.13185455E-06   863.99999934   -23332.25388668
   13380   26.76000000  0.54382722E-06 -0.10976465E-06  0.13880253E-06   863.99999934   -23332.25388667
   13390   26.78000000  0.54845816E-06 -0.10591273E-06  0.14430291E-06   863.99999934   -23332.25388665
   13400   26.80000000  0.55318067E-06 -0.10192463E-06  0.14843263E-06   863.99999934   -23332.25388664
   13410   26.82000000  0.55791622E-06 -0.97950898E-07  0.15128411E-06   863.99999933   -23332.25388662
   13420   26.84000000  0.56257357E-06 -0.94125759E-07  0.15295851E-06   863.99999933   -23332.25388660
   13430   26.86000000  0.56705487E-06 -0.90561229E-07  0.15356199E-06   863.99999933   -23332.25388659
   13440   26.88000000  0.57126072E-06 -0.87340855E-07  0.15320192E-06   863.99999933   -23332.25388657
   13450   26.90000000  0.57509624E-06 -0.84516061E-07  0.15198499E-06   863.99999933   -23332.25388656
   13460   26.92000000  0.57847590E-06 -0.82104510E-07  0.15001591E-06   863.99999933   -23332.25388654
   13470   26.94000000  0.58132997E-06 -0.80090598E-07  0.14739680E-06   863.99999933   -23332.25388653
   13480   26.96000000  0.58360756E-06 -0.78427457E-07  0.14422649E-06   863.99999933   -23332.25388651
   13490   26.98000000  0.58528050E-06 -0.77042451E-07  0.14060021E-06   863.99999933   -23332.25388650
   13500   27.00000000  0.58634519E-06 -0.75843473E-07  0.13660811E-06   863.99999933   -23332.25388648
   13510   27.02000000  0.58682335E-06 -0.74725510E-07  0.13233305E-06   863.99999933   -23332.25388647
   13520   27.04000000  0.58676062E-06 -0.73579466E-07  0.12784841E-06   863.99999933   -23332.25388645
   13530   27.06000000  0.58622394E-06 -0.72299734E-07  0.12321503E-06   863.99999933   -23332.25388644
   13540   27.08000000  0.58529796E-06 -0.70790074E-07  0.11847829E-06   863.99999933   -23332.25388642
   13550   27.10000000  0.58407783E-06 -0.68969217E-07  0.11366549E-06   863.99999933   -23332.25388641
   13560   27.12000000  0.58266298E-06 -0.66773495E-07  0.10878441E-06   863.99999933   -23332.25388639
   13570   27.14000000  0.58114945E-06 -0.64157406E-07  0.10382260E-06   863.99999933   -23332.25388638
   13580   27.16000000  0.57962244E-06 -0.61091769E-07  0.98748384E-07   863.99999933   -23332.25388636
   13590   27.18000000  0.57814790E-06 -0.57560971E-07  0.93513606E-07   863.99999933   -23332.25388635
   13600   27.20000000  0.57676750E-06 -0.53558328E-07  0.88058138E-07   863.99999933   -23332.25388633
   13610   27.22000000  0.57549361E-06 -0.49080534E-07  0.82314882E-07   863.99999933   -23332.25388632
   13620   27.24000000  0.57430761E-06 -0.44123398E-07  0.76217306E-07   863.99999933   -23332.25388631
   13630   27.26000000  0.57315935E-06 -0.38678498E-07  0.69705778E-07   863.99999932   -23332.25388629
   13640   27.28000000  0.57197027E-06 -0.32730214E-07  0.62735621E-07   863.99999932   -23332.25388628
   13650   27.30000000  0.57063796E-06 -0.26256035E-07  0.55283340E-07   863.99999932   -23332.25388626
   13660   27.32000000  0.56904300E-06 -0.19229004E-07  0.47353449E-07   863.99999932   -23332.25388624
   13670   27.34000000  0.56705782E-06 -0.11621070E-07  0.38982094E-07   863.99999932   -23332.25388623
   13680   27.36000000  0.56455566E-06 -0.34094798E-08  0.30241011E-07   863.99999932   -23332.25388621
   13690   27.38000000  0.56141985E-06  0.54166700E-08  0.21237840E-07   863.99999932   -23332.25388620
   13700   27.40000000  0.55755267E-06  0.14848603E-07  0.12114899E-07   863.99999932   -23332.25388619
   13710   27.42000000  0.55288277E-06  0.24851300E-07  0.30458535E-08   863.99999932   -23332.25388617
   13720   27.44000000  0.54737016E-06  0.35357188E-07 -0.57696452E-08   863.99999932   -23332.25388616
   13730   27.46000000  0.54101047E-06  0.46262128E-07 -0.14113434E-07   863.99999932   -23332.25388614
   13740   27.48000000  0.53383412E-06  0.57422795E-07 -0.21758009E-07   863.99999932   -23332.25388612
   13750   27.50000000  0.52590519E-06  0.68657810E-07 -0.28475458E-07   863.99999932   -23332.25388611
   13760   27.52000000  0.51731724E-06  0.79750456E-07 -0.34048829E-07   863.99999932   -23332.25388609
   13770   27.54000000  0.50818686E-06  0.90454809E-07 -0.38282765E-07   863.99999932   -23332.25388608
   13780   27.56000000  0.49864591E-06  0.10050328E-06 -0.41012185E-07   863.99999932   -23332.25388606
   13790   27.58000000  0.48883422E-06  0.10961734E-06 -0.42111990E-07   863.99999932   -23332.25388605
   13800   27.60000000  0.47889026E-06  0.11751822E-06 -0.41503346E-07   863.99999932   -23332.25388603
   13810   27.62000000  0.46894375E-06  0.12393895E-06 -0.39158047E-07   863.99999932   -23332.25388602
   13820   27.64000000  0.45910917E-06  0.12863654E-06 -0.35100971E-07   863.99999932   -23332.25388600
   13830   27.66000000  0.44948069E-06  0.13140306E-06 -0.29409158E-07   863.99999932   -23332.25388599
   13840   27.68000000  0.44012901E-06  0.13207641E-06 -0.22209183E-07   863.99999932   -23332.25388597
   13850   27.70000000  0.43110106E-06  0.13054836E-06 -0.13672036E-07   863.99999931   -23332.25388596
   13860   27.72000000  0.42242029E-06  0.12677092E-06 -0.40064227E-08   863.99999931   -23332.25388594
   13870   27.74000000  0.41409155E-06  0.12075942E-06  0.65486692E-08   863.99999931   -23332.25388593
   13880   27.76000000  0.40610458E-06  0.11259450E-06  0.17731773E-07   863.99999931   -23332.25388591
   13890   27.78000000  0.39844198E-06  0.10241929E-06  0.29265943E-07   863.99999931   -23332.25388590
   13900   27.80000000  0.39108487E-06  0.90434628E-07  0.40865716E-07   863.99999931   -23332.25388588
   13910   27.82000000  0.38402169E-06  0.76892272E-07  0.52242262E-07   863.99999931   -23332.25388587
   13920   27.84000000  0.37725394E-06  0.62084543E-07  0.63107522E-07   863.99999931   -23332.25388585
   13930   27.86000000  0.37080174E-06  0.46333757E-07  0.73178394E-07   863.99999931   -23332.25388584
   13940   27.88000000  0.36470893E-06  0.29979194E-07  0.82179382E-07   863.99999931   -23332.25388582
   13950   27.90000000  0.35904582E-06  0.13365507E-07  0.89846397E-07   863.99999931   -23332.25388581
   13960   27.92000000  0.35390990E-06 -0.31703912E-08  0.95930136E-07   863.99999931   -23332.25388579
   13970   27.94000000  0.34942513E-06 -0.19309719E-07  0.10020184E-06   863.99999931   -23332.25388578
   13980   27.96000000  0.34573972E-06 -0.34761564E-07  0.10245946E-06   863.99999931   -23332.25388576
   13990   27.98000000  0.34302203E-06 -0.49269516E-07  0.10253505E-06   863.99999931   -23332.25388575
   14000   28.00000000  0.34145547E-06 -0.62615831E-07  0.10030380E-06   863.99999931   -23332.25388573
   14010   28.02000000  0.34123204E-06 -0.74623859E-07  0.95692547E-07   863.99999931   -23332.25388572
   14020   28.04000000  0.34254525E-06 -0.85157456E-07  0.88688278E-07   863.99999931   -23332.25388570
   14030   28.06000000  0.34558084E-06 -0.94118853E-07  0.79345033E-07   863.99999931   -23332.25388569
   14040   28.08000000  0.35051013E-06 -0.10144571E-06  0.67788767E-07   863.99999931   -23332.25388567
   14050   28.10000000  0.35747978E-06 -0.10710805E-06  0.54218896E-07   863.99999931   -23332.25388566
   14060   28.12000000  0.36660329E-06 -0.11110326E-06  0.38905516E-07   863.99999931   -23332.25388565
   14070   28.14000000  0.37795197E-06 -0.11345431E-06  0.22184363E-07   863.99999930   -23332.25388563
   14080   28.16000000  0.39154747E-06 -0.11420691E-06  0.44463856E-08   863.99999930   -23332.25388562
   14090   28.18000000  0.40735345E-06 -0.11342822E-06 -0.13873952E-07   863.99999930   -23332.25388560
   14100   28.20000000  0.42527025E-06 -0.11120577E-06 -0.32315214E-07   863.99999930   -23332.25388559
   14110   28.22000000  0.44513153E-06 -0.10764784E-06 -0.50404213E-07   863.99999930   -23332.25388557
   14120   28.24000000  0.46670216E-06 -0.10288160E-06 -0.67673147E-07   863.99999930   -23332.25388556
   14130   28.26000000  0.48967936E-06 -0.97052801E-07 -0.83674799E-07   863.99999930   -23332.25388555
   14140   28.28000000  0.51369720E-06 -0.90323914E-07 -0.97996542E-07   863.99999930   -23332.25388553
   14150   28.30000000  0.53833395E-06 -0.82869711E-07 -0.11027110E-06   863.99999930   -23332.25388552
   14160   28.32000000  0.56312148E-06 -0.74873180E-07 -0.12018540E-06   863.99999930   -23332.25388550
   14170   28.34000000  0.58755854E-06 -0.66519558E-07 -0.12748527E-06   863.99999930   -23332.25388549
   14180   28.36000000  0.61112583E-06 -0.57988933E-07 -0.13197882E-06   863.99999930   -23332.25388547
   14190   28.38000000  0.63330192E-06 -0.49449481E-07 -0.13353658E-06   863.99999930   -23332.25388546
   14200   28.40000000  0.65358162E-06 -0.41051348E-07 -0.13209017E-06   863.99999930   -23332.25388544
   14210   28.42000000  0.67149413E-06 -0.32920582E-07 -0.12763031E-06   863.99999930   -23332.25388543
   14220   28.44000000  0.68662082E-06 -0.25155821E-07 -0.12020362E-06   863.99999930   -23332.25388541
   14230   28.46000000  0.69861281E-06 -0.17826110E-07 -0.10991044E-06   863.99999930   -23332.25388540
   14240   28.48000000  0.70720557E-06 -0.10971577E-07 -0.96900743E-07   863.99999930   -23332.25388539
   14250   28.50000000  0.71223220E-06 -0.46063749E-08 -0.81372217E-07   863.99999930   -23332.25388537
   14260   28.52000000  0.71363243E-06  0.12770305E-08 -0.63566368E-07   863.99999930   -23332.25388536
   14270   28.54000000  0.71145802E-06  0.67016137E-08 -0.43765305E-07   863.99999930   -23332.25388534
   14280   28.56000000  0.70587401E-06  0.11699802E-07 -0.22287939E-07   863.99999930   -23332.25388533
   14290   28.58000000  0.69715356E-06  0.16305795E-07  0.51480424E-09   863.99999929   -23332.25388531
   14300   28.60000000  0.68566892E-06  0.20550632E-07  0.24266621E-07   863.99999929   -23332.25388530
   14310   28.62000000  0.67187660E-06  0.24456705E-07  0.48573211E-07   863.99999929   -23332.25388528
   14320   28.64000000  0.65629709E-06  0.28034291E-07  0.73030213E-07   863.99999929   -23332.25388527
   14330   28.66000000  0.63949110E-06  0.31280972E-07  0.97232091E-07   863.99999929   -23332.25388525
   14340   28.68000000  0.62203235E-06  0.34180581E-07  0.12078262E-06   863.99999929   -23332.25388524
   14350   28.70000000  0.60447919E-06  0.36705308E-07  0.14330324E-06   863.99999929   -23332.25388522
   14360   28.72000000  0.58734614E-06  0.38818729E-07  0.16444199E-06   863.99999929   -23332.25388521
   14370   28.74000000  0.57107709E-06  0.40478447E-07  0.18388076E-06   863.99999929   -23332.25388519
   14380   28.76000000  0.55602297E-06  0.41640174E-07  0.20134126E-06   863.99999929   -23332.25388518
   14390   28.78000000  0.54242498E-06  0.42262233E-07  0.21658930E-06   863.99999929   -23332.25388516
   14400   28.80000000  0.53040484E-06  0.42308192E-07  0.22943622E-06   863.99999929   -23332.25388515
   14410   28.82000000  0.51996284E-06  0.41749996E-07  0.23974004E-06   863.99999929   -23332.25388513
   14420   28.84000000  0.51098492E-06  0.40571285E-07  0.24740327E-06   863.99999929   -23332.25388512
   14430   28.86000000  0.50325698E-06  0.38767167E-07  0.25236997E-06   863.99999929   -23332.25388511
   14440   28.88000000  0.49648639E-06  0.36346359E-07  0.25462229E-06   863.99999929   -23332.25388509
   14450   28.90000000  0.49032865E-06  0.33331108E-07  0.25417481E-06   863.99999929   -23332.25388508
   14460   28.92000000  0.48441838E-06  0.29757409E-07  0.25107121E-06   863.99999929   -23332.25388506
   14470   28.94000000  0.47839952E-06  0.25672955E-07  0.24537932E-06   863.99999929   -23332.25388505
   14480   28.96000000  0.47195586E-06  0.21136849E-07  0.23718846E-06   863.99999929   -23332.25388503
   14490   28.98000000  0.46483710E-06  0.16217385E-07  0.22660666E-06   863.99999929   -23332.25388502
   14500   29.00000000  0.45688040E-06  0.10989905E-07  0.21376095E-06   863.99999929   -23332.25388501
   14510   29.02000000  0.44802386E-06  0.55348749E-08  0.19879691E-06   863.99999928   -23332.25388499
   14520   29.04000000  0.43831389E-06 -0.64361679E-10  0.18188104E-06   863.99999928   -23332.25388498
   14530   29.06000000  0.42790328E-06 -0.57240506E-08  0.16320233E-06   863.99999928   -23332.25388496
   14540   29.08000000  0.41704247E-06 -0.11362388E-07  0.14297499E-06   863.99999928   -23332.25388495
   14550   29.10000000  0.40606420E-06 -0.16900247E-07  0.12144001E-06   863.99999928   -23332.25388493
   14560   29.12000000  0.39536296E-06 -0.22262847E-07  0.98866743E-07   863.99999928   -23332.25388492
   14570   29.14000000  0.38537102E-06 -0.27380598E-07  0.75552231E-07   863.99999928   -23332.25388491
   14580   29.16000000  0.37653229E-06 -0.32189205E-07  0.51817577E-07   863.99999928   -23332.25388489
   14590   29.18000000  0.36927673E-06 -0.36628835E-07  0.28004374E-07   863.99999928   -23332.25388488
   14600   29.20000000  0.36399574E-06 -0.40644406E-07  0.44672447E-08   863.99999928   -23332.25388486
   14610   29.22000000  0.36102160E-06 -0.44184606E-07 -0.18434537E-07   863.99999928   -23332.25388485
   14620   29.24000000  0.36060978E-06 -0.47201538E-07 -0.40346882E-07   863.99999928   -23332.25388483
   14630   29.26000000  0.36292666E-06 -0.49651168E-07 -0.60932129E-07   863.99999928   -23332.25388482
   14640   29.28000000  0.36804188E-06 -0.51493539E-07 -0.79879033E-07   863.99999928   -23332.25388480
   14650   29.30000000  0.37592532E-06 -0.52694359E-07 -0.96912598E-07   863.99999928   -23332.25388479
   14660   29.32000000  0.38644963E-06 -0.53226834E-07 -0.11180326E-06   863.99999928   -23332.25388478
   14670   29.34000000  0.39939448E-06 -0.53073531E-07 -0.12437251E-06   863.99999928   -23332.25388476
   14680   29.36000000  0.41445776E-06 -0.52228977E-07 -0.13449746E-06   863.99999928   -23332.25388475
   14690   29.38000000  0.43126563E-06 -0.50701539E-07 -0.14211225E-06   863.99999928   -23332.25388473
   14700   29.40000000  0.44938692E-06 -0.48515390E-07 -0.14720736E-06   863.99999928   -23332.25388472
   14710   29.42000000  0.46834839E-06 -0.45711220E-07 -0.14982616E-06   863.99999928   -23332.25388470
   14720   29.44000000  0.48765001E-06 -0.42346707E-07 -0.15006044E-06   863.99999928   -23332.25388469
   14730   29.46000000  0.50678185E-06 -0.38495567E-07 -0.14804373E-06   863.99999927   -23332.25388467
   14740   29.48000000  0.52523937E-06 -0.34245343E-07 -0.14394390E-06   863.99999927   -23332.25388466
   14750   29.50000000  0.54253985E-06 -0.29695274E-07 -0.13795612E-06   863.99999927   -23332.25388464
   14760   29.52000000  0.55823665E-06 -0.24952155E-07 -0.13029506E-06   863.99999927   -23332.25388463
   14770   29.54000000  0.57193407E-06 -0.20126351E-07 -0.12118788E-06   863.99999927   -23332.25388461
   14780   29.56000000  0.58329956E-06 -0.15327668E-07 -0.11086845E-06   863.99999927   -23332.25388460
   14790   29.58000000  0.59207439E-06 -0.10660782E-07 -0.99571849E-07   863.99999927   -23332.25388458
   14800   29.60000000  0.59808261E-06 -0.62213309E-08 -0.87529752E-07   863.99999927   -23332.25388457
   14810   29.62000000  0.60123613E-06 -0.20921830E-08 -0.74967680E-07   863.99999927   -23332.25388455
   14820   29.64000000  0.60153726E-06  0.16595833E-08 -0.62102419E-07   863.99999927   -23332.25388454
   14830   29.66000000  0.59907798E-06  0.49848851E-08 -0.49140232E-07   863.99999927   -23332.25388452
   14840   29.68000000  0.59403454E-06  0.78538866E-08 -0.36275556E-07   863.99999927   -23332.25388451
   14850   29.70000000  0.58665958E-06  0.10256137E-07 -0.23691138E-07   863.99999927   -23332.25388449
   14860   29.72000000  0.57727038E-06  0.12201099E-07 -0.11556400E-07   863.99999927   -23332.25388447
   14870   29.74000000  0.56623523E-06  0.13715845E-07 -0.27715889E-10   863.99999927   -23332.25388446
   14880   29.76000000  0.55395776E-06  0.14843847E-07  0.10752685E-07   863.99999927   -23332.25388444
   14890   29.78000000  0.54086010E-06  0.15641885E-07  0.20657313E-07   863.99999927   -23332.25388443
   14900   29.80000000  0.52736704E-06  0.16176438E-07  0.29575596E-07   863.99999927   -23332.25388441
   14910   29.82000000  0.51389067E-06  0.16520580E-07  0.37415064E-07   863.99999927   -23332.25388440
   14920   29.84000000  0.50081681E-06  0.16749740E-07  0.44103513E-07   863.99999927   -23332.25388438
   14930   29.86000000  0.48849422E-06  0.16937481E-07  0.49591148E-07   863.99999927   -23332.25388437
   14940   29.88000000  0.47722606E-06  0.17152776E-07  0.53852791E-07   863.99999927   -23332.25388435
   14950   29.90000000  0.46726428E-06  0.17455950E-07  0.56890049E-07   863.99999926   -23332.25388433
   14960   29.92000000  0.45880581E-06  0.17896760E-07  0.58731293E-07   863.99999926   -23332.25388432
   14970   29.94000000  0.45199231E-06  0.18512444E-07  0.59432536E-07   863.99999926   -23332.25388430
   14980   29.96000000  0.44691125E-06  0.19327638E-07  0.59076085E-07   863.99999926   -23332.25388429
   14990   29.98000000  0.44359740E-06  0.20352437E-07  0.57767978E-07   863.99999926   -23332.25388427
 projection: already converged, E_kin(new)-E_kin(old)=  0.000000000000000E+000
   15000   30.00000000  0.44203703E-06  0.21585060E-07  0.55634004E-07   863.99999926   -23332.25388426
=== application breakdown [s] ===
total calculation time,7402.51838589
rt calculation                         min         max     average   std. dev.  difference    relative
rt initialization              0.55075E-04 0.53692E-03 0.16903E-03 0.51940E-04 0.48184E-03 0.97489E+01
reading lda data               0.84311E+01 0.84783E+01 0.84389E+01 0.19397E-02 0.47227E-01 0.10056E+01
reading rt data                0.21238E-02 0.92261E-02 0.25793E-02 0.30873E-03 0.71023E-02 0.43441E+01
prep. time prop.               0.77605E-03 0.46089E-02 0.10138E-02 0.16866E-03 0.38328E-02 0.59389E+01
rt iterations                  0.73929E+04 0.73929E+04 0.73929E+04 0.99219E-04 0.40817E-03 0.10000E+01
after writing rt data          0.19073E-05 0.97169E+00 0.11738E-03 0.10242E-01 0.97169E+00 0.50945E+06
in rt iterations                       min         max     average   std. dev.  difference    relative
Vbox                           0.12958E+01 0.15566E+01 0.14176E+01 0.38566E-01 0.26083E+00 0.12013E+01
time propagation               0.56196E+04 0.58328E+04 0.57548E+04 0.36111E+02 0.21311E+03 0.10379E+01
calculating rho                0.11532E+03 0.32591E+03 0.19187E+03 0.36094E+02 0.21058E+03 0.28260E+01
Hartree routine                0.38383E+02 0.48625E+02 0.43652E+02 0.18019E+01 0.10242E+02 0.12668E+01
Exc_Cor routine                0.65121E+01 0.10117E+02 0.84134E+01 0.41411E+00 0.36049E+01 0.15536E+01
calculating curr               0.11418E+04 0.11419E+04 0.11419E+04 0.15962E-01 0.86346E-01 0.10001E+01
calc. projection               0.16357E+02 0.16705E+02 0.16616E+02 0.50666E-01 0.34844E+00 0.10213E+01
writing energies               0.14903E+01 0.19672E+01 0.16053E+01 0.11004E+00 0.47694E+00 0.13200E+01
calc_eigen_energy              0.21020E+03 0.21104E+03 0.21049E+03 0.10678E+00 0.84550E+00 0.10040E+01
calc_total_energy_periodic     0.17909E+02 0.22518E+02 0.19672E+02 0.69922E+00 0.46086E+01 0.12573E+01
writing info etc.              0.96500E-02 0.40869E+00 0.12315E-01 0.43137E-02 0.39904E+00 0.42351E+02
total_energy module                    min         max     average   std. dev.  difference    relative
periodic calc.                 0.29448E+01 0.10163E+02 0.48088E+01 0.15002E+01 0.72179E+01 0.34510E+01
periodic comm. coll.           0.94271E+01 0.18966E+02 0.14848E+02 0.16717E+01 0.95385E+01 0.20118E+01
eigen_energy calc.             0.35763E+02 0.39088E+02 0.38023E+02 0.38745E+00 0.33245E+01 0.10930E+01
eigen_energy comm. coll.       0.39384E+01 0.10656E+02 0.69430E+01 0.80569E+00 0.67172E+01 0.27056E+01
eigen_energy hpsi              0.14805E+03 0.15376E+03 0.15027E+03 0.74882E+00 0.57117E+01 0.10386E+01
density_matrix module                  min         max     average   std. dev.  difference    relative
density calc.                  0.79880E+02 0.14384E+03 0.10825E+03 0.12784E+02 0.63962E+02 0.18007E+01
density comm. coll.            0.20756E+02 0.18609E+03 0.83377E+02 0.26610E+02 0.16533E+03 0.89653E+01
current calc.                  0.25211E+03 0.27681E+03 0.26079E+03 0.34809E+01 0.24702E+02 0.10980E+01
current rDivided uVpsi calc.   0.11368E+03 0.11828E+03 0.11557E+03 0.49371E+00 0.45986E+01 0.10405E+01
current comm. coll.            0.75376E+02 0.11158E+03 0.93501E+02 0.51662E+01 0.36209E+02 0.14804E+01
current comm. halo.            0.64040E+03 0.69409E+03 0.67187E+03 0.79243E+01 0.53684E+02 0.10838E+01
conjugate_gradient module              min         max     average   std. dev.  difference    relative
subspace_diag module                   min         max     average   std. dev.  difference    relative
subspace_diag so module                min         max     average   std. dev.  difference    relative
force module                           min         max     average   std. dev.  difference    relative
init_ps                                min         max     average   std. dev.  difference    relative
hamiltonian module                     min         max     average   std. dev.  difference    relative
total                          0.49342E+04 0.51714E+04 0.50318E+04 0.35053E+02 0.23718E+03 0.10481E+01
update overlap (comm.)         0.26315E+04 0.30389E+04 0.27825E+04 0.53692E+02 0.40739E+03 0.11548E+01
stencil                        0.10693E+04 0.13497E+04 0.11831E+04 0.25304E+02 0.28042E+03 0.12622E+01
subtraction                    0.25890E+02 0.31013E+02 0.28655E+02 0.43361E+00 0.51230E+01 0.11979E+01
pseudo-pt                      0.93849E+03 0.11133E+04 0.10209E+04 0.24951E+02 0.17483E+03 0.11863E+01
pseudo-pt (comm.)              0.32264E+02 0.29697E+03 0.13191E+03 0.31336E+02 0.26471E+03 0.92045E+01
hpsi-overlapped                        min         max     average   std. dev.  difference    relative
checkpoint/restart                     min         max     average   std. dev.  difference    relative
restart self                   0.30717E+01 0.34690E+01 0.30796E+01 0.30027E-01 0.39729E+00 0.11293E+01
restart sync                   0.34657E+01 0.34740E+01 0.34700E+01 0.99984E-03 0.83139E-02 0.10024E+01
=== performance [GFLOPS] ===
end SALMON
