##############################################################################
# SALMON: Scalable Ab-initio Light-Matter simulator for Optics and Nanoscience
#
#                             Version 2.2.1
##############################################################################
  Libxc: [enabled] 6.2.2
   theory= tddft_pulse
 
 Total time step      =       15000
 Time step[fs]        =  2.000000000000000E-003
 Energy range         =        3000
 Energy resolution[eV]=  1.000000000000000E-002
Laser frequency     = 0.17 1.50[eV]
Pulse width of laser=     12.00000000      5.80000000[fs]
Laser intensity     =  0.35000000E+10  0.60000000E+12[W/cm^2]
delay time          =      0.00000000[fs]
   use of real value orbitals =  F
 ======
 MPI distribution:
   nproc_k     :         125
   nproc_ob    :           4
   nproc_rgrid :           3           2           3
 OpenMP parallelization:
   number of threads :           1
 hpsi stencil:
   enables hand-coding vectorization : F
   enables openmp parallelization    : F
 current:
   k,orbital parallelized of openmp  : T
 force:
   k,orbital parallelized of openmp  : T
 ===================pseudopotential data===================
 ik ,atom_symbol=           1 Si
 ps_format =KY              
 ps_file =./Si_rps.dat
 Zps(ik), Mlps(ik) =           4           2
 Rps(ik), NRps(ik) =   2.26767135054939              122
 Lref(ik) =           2
 nproj(ik,l) =           1           1           1
 anorm(ik,l) =  0.6193218      0.3646551      0.0000000E+00
 inorm(ik,l) =           1           1           0
 Mass(ik) =   28.0000000000000     
 flag_nlcc_element(ik) = F
 ==========================================================
 flag_nlcc =  F
 
 ============init_ps==============
 end init_ps
 Maximal rho_NLCC= 0.000000000000000E+000
 Maximal tau_NLCC= 0.000000000000000E+000
 == Ewald ==
 cutoff length in real-space in ewald =  4.00 [A]
 (buffer length in bookkeeping =  2.00 [A])
 cutoff length in G-space in ewald =  0.1870828864+102 [1/A]
 number of ion-ion pair(/atom) used for allocation of bookkeeping=    68
 ===========
   Static dipole moment(xyz) =   -0.7049457855E+04   -0.7052103528E+04   -0.7048051271E+04
 
 
  time-step  time[fs]                               Current(xyz)[a.u.]      electrons Total energy[eV] 
#----------------------------------------------------------------------
      10    0.02000000 -0.99807295E-09  0.13856584E-12 -0.15623263E-12   864.00000000   -23331.94415369
      20    0.04000000 -0.46119681E-08 -0.84108771E-12 -0.23862838E-12   864.00000000   -23331.94415369
      30    0.06000000 -0.11729653E-07 -0.31673825E-11 -0.13596295E-12   864.00000000   -23331.94415369
      40    0.08000000 -0.23148161E-07 -0.69877535E-11  0.46171649E-12   864.00000000   -23331.94415368
      50    0.10000000 -0.39529724E-07 -0.14360621E-10  0.21177097E-11   864.00000000   -23331.94415367
      60    0.12000000 -0.61395854E-07 -0.27022211E-10  0.53736936E-11   864.00000000   -23331.94415363
      70    0.14000000 -0.89150854E-07 -0.46180701E-10  0.11195543E-10   864.00000000   -23331.94415356
      80    0.16000000 -0.12308558E-06 -0.72218886E-10  0.20810305E-10   864.00000000   -23331.94415342
      90    0.18000000 -0.16338905E-06 -0.10507302E-09  0.35239490E-10   864.00000000   -23331.94415319
     100    0.20000000 -0.21016878E-06 -0.14405747E-09  0.55661001E-10   864.00000000   -23331.94415283
     110    0.22000000 -0.26345030E-06 -0.18752269E-09  0.83845094E-10   863.99999999   -23331.94415229
     120    0.24000000 -0.32317505E-06 -0.23243377E-09  0.12140196E-09   863.99999999   -23331.94415149
     130    0.26000000 -0.38920567E-06 -0.27484905E-09  0.16983588E-09   863.99999999   -23331.94415035
     140    0.28000000 -0.46132917E-06 -0.30997154E-09  0.23113727E-09   863.99999999   -23331.94414880
     150    0.30000000 -0.53926164E-06 -0.33188826E-09  0.30722273E-09   863.99999999   -23331.94414671
     160    0.32000000 -0.62265833E-06 -0.33475021E-09  0.39963512E-09   863.99999999   -23331.94414396
     170    0.34000000 -0.71112191E-06 -0.31202012E-09  0.51001917E-09   863.99999999   -23331.94414043
     180    0.36000000 -0.80420980E-06 -0.25636279E-09  0.64032636E-09   863.99999999   -23331.94413594
     190    0.38000000 -0.90144185E-06 -0.16080594E-09  0.79217877E-09   863.99999999   -23331.94413034
     200    0.40000000 -0.10023116E-05 -0.18371453E-10  0.96701155E-09   863.99999999   -23331.94412345
     210    0.42000000 -0.11062993E-05  0.17835215E-09  0.11662747E-08   863.99999999   -23331.94411506
     220    0.44000000 -0.12128760E-05  0.43623782E-09  0.13910753E-08   863.99999999   -23331.94410497
     230    0.46000000 -0.13215089E-05  0.76228917E-09  0.16423474E-08   863.99999999   -23331.94409297
     240    0.48000000 -0.14316689E-05  0.11627749E-08  0.19208084E-08   863.99999999   -23331.94407882
     250    0.50000000 -0.15428369E-05  0.16439999E-08  0.22266695E-08   863.99999999   -23331.94406229
     260    0.52000000 -0.16545080E-05  0.22115508E-08  0.25600010E-08   863.99999999   -23331.94404313
     270    0.54000000 -0.17661931E-05  0.28703166E-08  0.29202860E-08   863.99999999   -23331.94402110
     280    0.56000000 -0.18774201E-05  0.36248772E-08  0.33067877E-08   863.99999999   -23331.94399593
     290    0.58000000 -0.19877344E-05  0.44785213E-08  0.37185653E-08   863.99999999   -23331.94396738
     300    0.60000000 -0.20967031E-05  0.54333822E-08  0.41542830E-08   863.99999999   -23331.94393519
     310    0.62000000 -0.22039199E-05  0.64905779E-08  0.46126286E-08   863.99999999   -23331.94389909
     320    0.64000000 -0.23090080E-05  0.76506081E-08  0.50925057E-08   863.99999999   -23331.94385885
     330    0.66000000 -0.24116235E-05  0.89129258E-08  0.55920636E-08   863.99999999   -23331.94381421
     340    0.68000000 -0.25114579E-05  0.10275557E-07  0.61092156E-08   863.99999999   -23331.94376493
     350    0.70000000 -0.26082399E-05  0.11735378E-07  0.66421417E-08   863.99999998   -23331.94371077
     360    0.72000000 -0.27017371E-05  0.13288819E-07  0.71884442E-08   863.99999998   -23331.94365150
     370    0.74000000 -0.27917573E-05  0.14931802E-07  0.77458147E-08   863.99999998   -23331.94358691
     380    0.76000000 -0.28781485E-05  0.16659089E-07  0.83112552E-08   863.99999998   -23331.94351679
     390    0.78000000 -0.29607949E-05  0.18464337E-07  0.88819572E-08   863.99999998   -23331.94344093
     400    0.80000000 -0.30396129E-05  0.20341083E-07  0.94550887E-08   863.99999998   -23331.94335915
     410    0.82000000 -0.31145520E-05  0.22282945E-07  0.10027779E-07   863.99999998   -23331.94327127
     420    0.84000000 -0.31855960E-05  0.24282075E-07  0.10596722E-07   863.99999998   -23331.94317713
     430    0.86000000 -0.32527586E-05  0.26329995E-07  0.11158881E-07   863.99999998   -23331.94307656
     440    0.88000000 -0.33160811E-05  0.28418089E-07  0.11711069E-07   863.99999998   -23331.94296943
     450    0.90000000 -0.33756332E-05  0.30538138E-07  0.12250586E-07   863.99999998   -23331.94285560
     460    0.92000000 -0.34315111E-05  0.32681004E-07  0.12775264E-07   863.99999998   -23331.94273494
     470    0.94000000 -0.34838342E-05  0.34836858E-07  0.13282977E-07   863.99999998   -23331.94260735
     480    0.96000000 -0.35327438E-05  0.36996256E-07  0.13771230E-07   863.99999998   -23331.94247270
     490    0.98000000 -0.35784005E-05  0.39149979E-07  0.14238674E-07   863.99999998   -23331.94233091
     500    1.00000000 -0.36209810E-05  0.41288849E-07  0.14684543E-07   863.99999998   -23331.94218187
     510    1.02000000 -0.36606747E-05  0.43403401E-07  0.15107900E-07   863.99999998   -23331.94202551
     520    1.04000000 -0.36976806E-05  0.45484764E-07  0.15507569E-07   863.99999998   -23331.94186174
     530    1.06000000 -0.37322034E-05  0.47524149E-07  0.15883638E-07   863.99999998   -23331.94169046
     540    1.08000000 -0.37644510E-05  0.49513251E-07  0.16236477E-07   863.99999998   -23331.94151162
     550    1.10000000 -0.37946330E-05  0.51444187E-07  0.16566774E-07   863.99999998   -23331.94132512
     560    1.12000000 -0.38229563E-05  0.53309412E-07  0.16874889E-07   863.99999998   -23331.94113089
     570    1.14000000 -0.38496233E-05  0.55101712E-07  0.17162135E-07   863.99999998   -23331.94092884
     580    1.16000000 -0.38748309E-05  0.56814360E-07  0.17430390E-07   863.99999997   -23331.94071890
     590    1.18000000 -0.38987705E-05  0.58441447E-07  0.17681613E-07   863.99999997   -23331.94050098
     600    1.20000000 -0.39216256E-05  0.59977575E-07  0.17917896E-07   863.99999997   -23331.94027499
     610    1.22000000 -0.39435694E-05  0.61417417E-07  0.18141603E-07   863.99999997   -23331.94004084
     620    1.24000000 -0.39647631E-05  0.62756731E-07  0.18355917E-07   863.99999997   -23331.93979843
     630    1.26000000 -0.39853555E-05  0.63991942E-07  0.18564321E-07   863.99999997   -23331.93954767
     640    1.28000000 -0.40054837E-05  0.65120150E-07  0.18769276E-07   863.99999997   -23331.93928844
     650    1.30000000 -0.40252711E-05  0.66139155E-07  0.18973848E-07   863.99999997   -23331.93902064
     660    1.32000000 -0.40448264E-05  0.67047851E-07  0.19181604E-07   863.99999997   -23331.93874415
     670    1.34000000 -0.40642444E-05  0.67845066E-07  0.19395884E-07   863.99999997   -23331.93845885
     680    1.36000000 -0.40836064E-05  0.68531013E-07  0.19619504E-07   863.99999997   -23331.93816462
     690    1.38000000 -0.41029792E-05  0.69106665E-07  0.19855370E-07   863.99999997   -23331.93786133
     700    1.40000000 -0.41224148E-05  0.69573454E-07  0.20106589E-07   863.99999997   -23331.93754884
     710    1.42000000 -0.41419511E-05  0.69933339E-07  0.20375743E-07   863.99999997   -23331.93722703
     720    1.44000000 -0.41616128E-05  0.70189302E-07  0.20664915E-07   863.99999997   -23331.93689577
     730    1.46000000 -0.41814101E-05  0.70345064E-07  0.20976227E-07   863.99999997   -23331.93655490
     740    1.48000000 -0.42013402E-05  0.70404434E-07  0.21311886E-07   863.99999997   -23331.93620431
     750    1.50000000 -0.42213870E-05  0.70371544E-07  0.21673203E-07   863.99999997   -23331.93584386
     760    1.52000000 -0.42415238E-05  0.70251644E-07  0.22061340E-07   863.99999997   -23331.93547341
     770    1.54000000 -0.42617147E-05  0.70050330E-07  0.22477176E-07   863.99999997   -23331.93509284
     780    1.56000000 -0.42819143E-05  0.69773534E-07  0.22920783E-07   863.99999997   -23331.93470203
     790    1.58000000 -0.43020680E-05  0.69427696E-07  0.23392247E-07   863.99999997   -23331.93430086
     800    1.60000000 -0.43221122E-05  0.69019391E-07  0.23890829E-07   863.99999997   -23331.93388923
     810    1.62000000 -0.43419768E-05  0.68555911E-07  0.24415578E-07   863.99999996   -23331.93346703
     820    1.64000000 -0.43615850E-05  0.68044554E-07  0.24964995E-07   863.99999996   -23331.93303418
     830    1.66000000 -0.43808547E-05  0.67492922E-07  0.25537140E-07   863.99999996   -23331.93259060
     840    1.68000000 -0.43996987E-05  0.66908474E-07  0.26130111E-07   863.99999996   -23331.93213622
     850    1.70000000 -0.44180264E-05  0.66298566E-07  0.26741283E-07   863.99999996   -23331.93167100
     860    1.72000000 -0.44357437E-05  0.65670921E-07  0.27367587E-07   863.99999996   -23331.93119489
     870    1.74000000 -0.44527546E-05  0.65033324E-07  0.28005896E-07   863.99999996   -23331.93070788
     880    1.76000000 -0.44689617E-05  0.64392703E-07  0.28653064E-07   863.99999996   -23331.93020997
     890    1.78000000 -0.44842681E-05  0.63755985E-07  0.29305533E-07   863.99999996   -23331.92970116
     900    1.80000000 -0.44985784E-05  0.63130241E-07  0.29959299E-07   863.99999996   -23331.92918150
     910    1.82000000 -0.45117992E-05  0.62521787E-07  0.30610742E-07   863.99999996   -23331.92865104
     920    1.84000000 -0.45238406E-05  0.61936828E-07  0.31255814E-07   863.99999996   -23331.92810985
     930    1.86000000 -0.45346174E-05  0.61381088E-07  0.31890325E-07   863.99999996   -23331.92755803
     940    1.88000000 -0.45440487E-05  0.60860065E-07  0.32510019E-07   863.99999996   -23331.92699569
     950    1.90000000 -0.45520585E-05  0.60378641E-07  0.33110936E-07   863.99999996   -23331.92642297
     960    1.92000000 -0.45585762E-05  0.59941075E-07  0.33688948E-07   863.99999996   -23331.92584001
     970    1.94000000 -0.45635377E-05  0.59551270E-07  0.34239632E-07   863.99999996   -23331.92524701
     980    1.96000000 -0.45668860E-05  0.59212587E-07  0.34759031E-07   863.99999996   -23331.92464415
     990    1.98000000 -0.45685717E-05  0.58927694E-07  0.35243422E-07   863.99999996   -23331.92403165
    1000    2.00000000 -0.45685524E-05  0.58698714E-07  0.35689356E-07   863.99999996   -23331.92340975
    1010    2.02000000 -0.45667938E-05  0.58526938E-07  0.36093107E-07   863.99999996   -23331.92277869
    1020    2.04000000 -0.45632697E-05  0.58412486E-07  0.36451651E-07   863.99999996   -23331.92213876
    1030    2.06000000 -0.45579624E-05  0.58355747E-07  0.36762417E-07   863.99999995   -23331.92149023
    1040    2.08000000 -0.45508620E-05  0.58356470E-07  0.37022939E-07   863.99999995   -23331.92083341
    1050    2.10000000 -0.45419656E-05  0.58413473E-07  0.37231023E-07   863.99999995   -23331.92016862
    1060    2.12000000 -0.45312774E-05  0.58524830E-07  0.37385258E-07   863.99999995   -23331.91949619
    1070    2.14000000 -0.45188100E-05  0.58688706E-07  0.37484188E-07   863.99999995   -23331.91881646
    1080    2.16000000 -0.45045820E-05  0.58902872E-07  0.37526799E-07   863.99999995   -23331.91812979
    1090    2.18000000 -0.44886182E-05  0.59164073E-07  0.37512215E-07   863.99999995   -23331.91743653
    1100    2.20000000 -0.44709486E-05  0.59468810E-07  0.37440646E-07   863.99999995   -23331.91673706
    1110    2.22000000 -0.44516086E-05  0.59813138E-07  0.37312284E-07   863.99999995   -23331.91603176
    1120    2.24000000 -0.44306379E-05  0.60192878E-07  0.37127513E-07   863.99999995   -23331.91532101
    1130    2.26000000 -0.44080799E-05  0.60603465E-07  0.36887046E-07   863.99999995   -23331.91460520
    1140    2.28000000 -0.43839814E-05  0.61040133E-07  0.36592325E-07   863.99999995   -23331.91388473
    1150    2.30000000 -0.43583910E-05  0.61497766E-07  0.36245041E-07   863.99999995   -23331.91315998
    1160    2.32000000 -0.43313598E-05  0.61971430E-07  0.35847325E-07   863.99999995   -23331.91243137
    1170    2.34000000 -0.43029402E-05  0.62455954E-07  0.35401373E-07   863.99999995   -23331.91169928
    1180    2.36000000 -0.42731849E-05  0.62946028E-07  0.34909893E-07   863.99999995   -23331.91096412
    1190    2.38000000 -0.42421466E-05  0.63436257E-07  0.34376103E-07   863.99999995   -23331.91022629
    1200    2.40000000 -0.42098778E-05  0.63921382E-07  0.33803184E-07   863.99999995   -23331.90948618
    1210    2.42000000 -0.41764295E-05  0.64396757E-07  0.33194352E-07   863.99999995   -23331.90874419
    1220    2.44000000 -0.41418501E-05  0.64857357E-07  0.32553155E-07   863.99999995   -23331.90800072
    1230    2.46000000 -0.41061860E-05  0.65298214E-07  0.31883878E-07   863.99999995   -23331.90725616
    1240    2.48000000 -0.40694809E-05  0.65715093E-07  0.31190085E-07   863.99999995   -23331.90651090
    1250    2.50000000 -0.40317749E-05  0.66104042E-07  0.30475421E-07   863.99999995   -23331.90576533
    1260    2.52000000 -0.39931039E-05  0.66461316E-07  0.29744035E-07   863.99999994   -23331.90501984
    1270    2.54000000 -0.39534996E-05  0.66783502E-07  0.29000375E-07   863.99999994   -23331.90427482
    1280    2.56000000 -0.39129893E-05  0.67067347E-07  0.28247994E-07   863.99999994   -23331.90353065
    1290    2.58000000 -0.38715956E-05  0.67310447E-07  0.27490836E-07   863.99999994   -23331.90278773
    1300    2.60000000 -0.38293369E-05  0.67510548E-07  0.26732936E-07   863.99999994   -23331.90204643
    1310    2.62000000 -0.37862267E-05  0.67665319E-07  0.25978178E-07   863.99999994   -23331.90130714
    1320    2.64000000 -0.37422740E-05  0.67773180E-07  0.25229974E-07   863.99999994   -23331.90057026
    1330    2.66000000 -0.36974837E-05  0.67833311E-07  0.24491516E-07   863.99999994   -23331.89983617
    1340    2.68000000 -0.36518566E-05  0.67845127E-07  0.23766029E-07   863.99999994   -23331.89910526
    1350    2.70000000 -0.36053901E-05  0.67808052E-07  0.23056672E-07   863.99999994   -23331.89837793
    1360    2.72000000 -0.35580778E-05  0.67721951E-07  0.22365848E-07   863.99999994   -23331.89765458
    1370    2.74000000 -0.35099099E-05  0.67587538E-07  0.21695600E-07   863.99999994   -23331.89693561
    1380    2.76000000 -0.34608731E-05  0.67405726E-07  0.21048277E-07   863.99999994   -23331.89622142
    1390    2.78000000 -0.34109520E-05  0.67177269E-07  0.20425796E-07   863.99999994   -23331.89551243
    1400    2.80000000 -0.33601282E-05  0.66903705E-07  0.19829085E-07   863.99999994   -23331.89480906
    1410    2.82000000 -0.33083822E-05  0.66586906E-07  0.19259058E-07   863.99999994   -23331.89411173
    1420    2.84000000 -0.32556927E-05  0.66228872E-07  0.18716750E-07   863.99999994   -23331.89342087
    1430    2.86000000 -0.32020377E-05  0.65831906E-07  0.18202903E-07   863.99999994   -23331.89273690
    1440    2.88000000 -0.31473939E-05  0.65398177E-07  0.17717146E-07   863.99999994   -23331.89206028
    1450    2.90000000 -0.30917385E-05  0.64929768E-07  0.17259478E-07   863.99999994   -23331.89139145
    1460    2.92000000 -0.30350486E-05  0.64429067E-07  0.16830213E-07   863.99999994   -23331.89073085
    1470    2.94000000 -0.29773024E-05  0.63898380E-07  0.16428445E-07   863.99999994   -23331.89007895
    1480    2.96000000 -0.29184790E-05  0.63340238E-07  0.16053223E-07   863.99999994   -23331.88943621
    1490    2.98000000 -0.28585594E-05  0.62756694E-07  0.15703335E-07   863.99999993   -23331.88880309
    1500    3.00000000 -0.27975263E-05  0.62150298E-07  0.15378015E-07   863.99999993   -23331.88818007
    1510    3.02000000 -0.27353646E-05  0.61523132E-07  0.15075518E-07   863.99999993   -23331.88756762
    1520    3.04000000 -0.26720632E-05  0.60877207E-07  0.14793904E-07   863.99999993   -23331.88696621
    1530    3.06000000 -0.26076135E-05  0.60214717E-07  0.14531196E-07   863.99999993   -23331.88637633
    1540    3.08000000 -0.25420102E-05  0.59537488E-07  0.14285544E-07   863.99999993   -23331.88579844
    1550    3.10000000 -0.24752522E-05  0.58846852E-07  0.14054689E-07   863.99999993   -23331.88523303
    1560    3.12000000 -0.24073423E-05  0.58143994E-07  0.13844079E-07   863.99999993   -23331.88468057
    1570    3.14000000 -0.23382869E-05  0.57430176E-07  0.13731252E-07   863.99999993   -23331.88414153
    1580    3.16000000 -0.22680969E-05  0.56706295E-07  0.13838923E-07   863.99999993   -23331.88361638
    1590    3.18000000 -0.21967874E-05  0.55972689E-07  0.14191289E-07   863.99999993   -23331.88310558
    1600    3.20000000 -0.21243773E-05  0.55229489E-07  0.14570761E-07   863.99999993   -23331.88260958
    1610    3.22000000 -0.20508901E-05  0.54476972E-07  0.14388190E-07   863.99999993   -23331.88212883
    1620    3.24000000 -0.19763531E-05  0.53714405E-07  0.12570165E-07   863.99999993   -23331.88166376
    1630    3.26000000 -0.19007975E-05  0.52941116E-07  0.74695691E-08   863.99999993   -23331.88121480
    1640    3.28000000 -0.18242585E-05  0.52155957E-07 -0.31996258E-08   863.99999993   -23331.88078236
    1650    3.30000000 -0.17467748E-05  0.51356992E-07 -0.22401389E-07   863.99999993   -23331.88036683
    1660    3.32000000 -0.16683876E-05  0.50540821E-07 -0.53789167E-07   863.99999993   -23331.87996856
    1670    3.34000000 -0.15891411E-05  0.49703490E-07 -0.10169294E-06   863.99999993   -23331.87958787
    1680    3.36000000 -0.15090822E-05  0.48839692E-07 -0.17108405E-06   863.99999993   -23331.87922500
    1690    3.38000000 -0.14282594E-05  0.47942709E-07 -0.26751384E-06   863.99999993   -23331.87888006
    1700    3.40000000 -0.13467222E-05  0.47004548E-07 -0.39702992E-06   863.99999993   -23331.87855297
    1710    3.42000000 -0.12645199E-05  0.46016558E-07 -0.56607040E-06   863.99999992   -23331.87824336
    1720    3.44000000 -0.11817023E-05  0.44969094E-07 -0.78133757E-06   863.99999992   -23331.87795047
    1730    3.46000000 -0.10983188E-05  0.43851147E-07 -0.10496521E-05   863.99999992   -23331.87767294
    1740    3.48000000 -0.10144164E-05  0.42652147E-07 -0.13777901E-05   863.99999992   -23331.87740861
    1750    3.50000000 -0.93004058E-06  0.41361769E-07 -0.17723075E-05   863.99999992   -23331.87715433
    1760    3.52000000 -0.84523520E-06  0.39970153E-07 -0.22393553E-05   863.99999992   -23331.87690560
    1770    3.54000000 -0.76004117E-06  0.38468305E-07 -0.27844850E-05   863.99999992   -23331.87665632
    1780    3.56000000 -0.67449603E-06  0.36849052E-07 -0.34124512E-05   863.99999992   -23331.87639841
    1790    3.58000000 -0.58863382E-06  0.35107325E-07 -0.41270164E-05   863.99999992   -23331.87612150
    1800    3.60000000 -0.50248492E-06  0.33240846E-07 -0.49307596E-05   863.99999992   -23331.87581259
    1810    3.62000000 -0.41607627E-06  0.31249832E-07 -0.58248915E-05   863.99999992   -23331.87545578
    1820    3.64000000 -0.32943028E-06  0.29138114E-07 -0.68090818E-05   863.99999992   -23331.87503204
    1830    3.66000000 -0.24256531E-06  0.26913613E-07 -0.78813011E-05   863.99999992   -23331.87451910
    1840    3.68000000 -0.15549614E-06  0.24588394E-07 -0.90376811E-05   863.99999992   -23331.87389145
    1850    3.70000000 -0.68234386E-07  0.22179033E-07 -0.10272395E-04   863.99999992   -23331.87312053
    1860    3.72000000  0.19211799E-07  0.19706656E-07 -0.11577562E-04   863.99999992   -23331.87217507
    1870    3.74000000  0.10683699E-06  0.17197718E-07 -0.12943171E-04   863.99999992   -23331.87102170
    1880    3.76000000  0.19463736E-06  0.14683655E-07 -0.14357043E-04   863.99999992   -23331.86962571
    1890    3.78000000  0.28260953E-06  0.12201138E-07 -0.15804810E-04   863.99999992   -23331.86795219
    1900    3.80000000  0.37075057E-06  0.97911866E-08 -0.17269930E-04   863.99999992   -23331.86596723
    1910    3.82000000  0.45905706E-06  0.74996216E-08 -0.18733739E-04   863.99999992   -23331.86363954
    1920    3.84000000  0.54752394E-06  0.53763151E-08 -0.20175524E-04   863.99999992   -23331.86094208
    1930    3.86000000  0.63614248E-06  0.34749967E-08 -0.21572643E-04   863.99999992   -23331.85785400
    1940    3.88000000  0.72490014E-06  0.18517322E-08 -0.22900664E-04   863.99999991   -23331.85436255
    1950    3.90000000  0.81377920E-06  0.56466127E-09 -0.24133549E-04   863.99999991   -23331.85046505
    1960    3.92000000  0.90275627E-06 -0.32628118E-09 -0.25243866E-04   863.99999991   -23331.84617074
    1970    3.94000000  0.99180090E-06 -0.76136056E-09 -0.26203024E-04   863.99999991   -23331.84150247
    1980    3.96000000  0.10808752E-05 -0.68176867E-09 -0.26981550E-04   863.99999991   -23331.83649800
    1990    3.98000000  0.11699318E-05 -0.30719290E-10 -0.27549378E-04   863.99999991   -23331.83121092
    2000    4.00000000  0.12589150E-05  0.12461494E-08 -0.27876174E-04   863.99999991   -23331.82571091
    2010    4.02000000  0.13477594E-05  0.31986097E-08 -0.27931670E-04   863.99999991   -23331.82008333
    2020    4.04000000  0.14363901E-05  0.58704045E-08 -0.27686024E-04   863.99999991   -23331.81442800
    2030    4.06000000  0.15247219E-05  0.92989389E-08 -0.27110192E-04   863.99999991   -23331.80885692
    2040    4.08000000  0.16126599E-05  0.13514183E-07 -0.26176306E-04   863.99999991   -23331.80349109
    2050    4.10000000  0.17001010E-05  0.18536181E-07 -0.24858061E-04   863.99999991   -23331.79845615
    2060    4.12000000  0.17869333E-05  0.24374954E-07 -0.23131111E-04   863.99999991   -23331.79387689
    2070    4.14000000  0.18730373E-05  0.31029431E-07 -0.20973450E-04   863.99999991   -23331.78987073
    2080    4.16000000  0.19582872E-05  0.38486362E-07 -0.18365793E-04   863.99999991   -23331.78654002
    2090    4.18000000  0.20425536E-05  0.46718963E-07 -0.15291954E-04   863.99999991   -23331.78396353
    2100    4.20000000  0.21257046E-05  0.55686289E-07 -0.11739193E-04   863.99999991   -23331.78218696
    2110    4.22000000  0.22076075E-05  0.65332701E-07 -0.76985550E-05   863.99999991   -23331.78121303
    2120    4.24000000  0.22881315E-05  0.75587842E-07 -0.31651820E-05   863.99999991   -23331.78099111
    2130    4.26000000  0.23671506E-05  0.86365280E-07  0.18614051E-05   863.99999991   -23331.78140683
    2140    4.28000000  0.24445451E-05  0.97562755E-07  0.73770541E-05   863.99999991   -23331.78227198
    2150    4.30000000  0.25202040E-05  0.10906207E-06  0.13372765E-04   863.99999991   -23331.78331511
    2160    4.32000000  0.25940271E-05  0.12072984E-06  0.19834514E-04   863.99999990   -23331.78417319
    2170    4.34000000  0.26659271E-05  0.13241724E-06  0.26743113E-04   863.99999990   -23331.78438470
    2180    4.36000000  0.27358309E-05  0.14396064E-06  0.34074123E-04   863.99999990   -23331.78338473
    2190    4.38000000  0.28036810E-05  0.15518299E-06  0.41797805E-04   863.99999990   -23331.78050231
    2200    4.40000000  0.28694361E-05  0.16589493E-06  0.49879122E-04   863.99999990   -23331.77496051
    2210    4.42000000  0.29330705E-05  0.17589534E-06  0.58277793E-04   863.99999990   -23331.76587954
    2220    4.44000000  0.29945747E-05  0.18497323E-06  0.66948394E-04   863.99999990   -23331.75228323
    2230    4.46000000  0.30539542E-05  0.19290909E-06  0.75840516E-04   863.99999990   -23331.73310897
    2240    4.48000000  0.31112280E-05  0.19947729E-06  0.84898968E-04   863.99999990   -23331.70722148
    2250    4.50000000  0.31664249E-05  0.20444735E-06  0.94064040E-04   863.99999990   -23331.67343015
    2260    4.52000000  0.32195815E-05  0.20758604E-06  0.10327181E-03   863.99999990   -23331.63051012
    2270    4.54000000  0.32707390E-05  0.20866005E-06  0.11245452E-03   863.99999990   -23331.57722679
    2280    4.56000000  0.33199376E-05  0.20743891E-06  0.12154095E-03   863.99999990   -23331.51236348
    2290    4.58000000  0.33672120E-05  0.20369689E-06  0.13045694E-03   863.99999990   -23331.43475173
    2300    4.60000000  0.34125869E-05  0.19721505E-06  0.13912584E-03   863.99999990   -23331.34330387
    2310    4.62000000  0.34560710E-05  0.18778505E-06  0.14746910E-03   863.99999990   -23331.23704696
    2320    4.64000000  0.34976512E-05  0.17521196E-06  0.15540685E-03   863.99999990   -23331.11515744
    2330    4.66000000  0.35372882E-05  0.15931745E-06  0.16285853E-03   863.99999990   -23330.97699561
    2340    4.68000000  0.35749113E-05  0.13994176E-06  0.16974356E-03   863.99999990   -23330.82213891
    2350    4.70000000  0.36104139E-05  0.11694675E-06  0.17598204E-03   863.99999990   -23330.65041306
    2360    4.72000000  0.36436502E-05  0.90220999E-07  0.18149546E-03   863.99999989   -23330.46191999
    2370    4.74000000  0.36744340E-05  0.59681074E-07  0.18620744E-03   863.99999989   -23330.25706151
    2380    4.76000000  0.37025374E-05  0.25274430E-07  0.19004450E-03   863.99999989   -23330.03655772
    2390    4.78000000  0.37276907E-05 -0.13017043E-07  0.19293674E-03   863.99999989   -23329.80145914
    2400    4.80000000  0.37495859E-05 -0.55173660E-07  0.19481869E-03   863.99999989   -23329.55315187
    2410    4.82000000  0.37678812E-05 -0.10113501E-06  0.19562995E-03   863.99999989   -23329.29335480
    2420    4.84000000  0.37822078E-05 -0.15079820E-06  0.19531593E-03   863.99999989   -23329.02410858
    2430    4.86000000  0.37921776E-05 -0.20401486E-06  0.19382851E-03   863.99999989   -23328.74775572
    2440    4.88000000  0.37973944E-05 -0.26058852E-06  0.19112668E-03   863.99999989   -23328.46691186
    2450    4.90000000  0.37974670E-05 -0.32027351E-06  0.18717710E-03   863.99999989   -23328.18442814
    2460    4.92000000  0.37920246E-05 -0.38277305E-06  0.18195459E-03   863.99999989   -23327.90334510
    2470    4.94000000  0.37807328E-05 -0.44773820E-06  0.17544257E-03   863.99999989   -23327.62683863
    2480    4.96000000  0.37633115E-05 -0.51476826E-06  0.16763342E-03   863.99999989   -23327.35815880
    2490    4.98000000  0.37395544E-05 -0.58341118E-06  0.15852867E-03   863.99999988   -23327.10056277
    2500    5.00000000  0.37093475E-05 -0.65316451E-06  0.14813922E-03   863.99999988   -23326.85724287
    2510    5.02000000  0.36726896E-05 -0.72347704E-06  0.13648535E-03   863.99999988   -23326.63125162
    2520    5.04000000  0.36297103E-05 -0.79375286E-06  0.12359670E-03   863.99999988   -23326.42542519
    2530    5.06000000  0.35806873E-05 -0.86335526E-06  0.10951207E-03   863.99999988   -23326.24230706
    2540    5.08000000  0.35260617E-05 -0.93161183E-06  0.94279211E-04   863.99999988   -23326.08407394
    2550    5.10000000  0.34664504E-05 -0.99781955E-06  0.77954460E-04   863.99999988   -23325.95246563
    2560    5.12000000  0.34026555E-05 -0.10612527E-05  0.60602310E-04   863.99999988   -23325.84872077
    2570    5.14000000  0.33356692E-05 -0.11211703E-05  0.42294916E-04   863.99999988   -23325.77352020
    2580    5.16000000  0.32666745E-05 -0.11768249E-05  0.23111527E-04   863.99999988   -23325.72693961
    2590    5.18000000  0.31970401E-05 -0.12274714E-05  0.31378841E-05   863.99999988   -23325.70841278
    2600    5.20000000  0.31283107E-05 -0.12723764E-05 -0.17534411E-04   863.99999988   -23325.71670685
    2610    5.22000000  0.30621910E-05 -0.13108281E-05 -0.38808545E-04   863.99999987   -23325.74991034
    2620    5.24000000  0.30005244E-05 -0.13421459E-05 -0.60583131E-04   863.99999987   -23325.80543475
    2630    5.26000000  0.29452661E-05 -0.13656890E-05 -0.82752828E-04   863.99999987   -23325.88003017
    2640    5.28000000  0.28984506E-05 -0.13808662E-05 -0.10520893E-03   863.99999987   -23325.96981486
    2650    5.30000000  0.28621552E-05 -0.13871421E-05 -0.12783992E-03   863.99999987   -23326.07031883
    2660    5.32000000  0.28384589E-05 -0.13840447E-05 -0.15053193E-03   863.99999987   -23326.17654086
    2670    5.34000000  0.28293975E-05 -0.13711704E-05 -0.17316924E-03   863.99999987   -23326.28301823
    2680    5.36000000  0.28369173E-05 -0.13481882E-05 -0.19563459E-03   863.99999987   -23326.38390847
    2690    5.38000000  0.28628286E-05 -0.13148419E-05 -0.21780957E-03   863.99999987   -23326.47308170
    2700    5.40000000  0.29087565E-05 -0.12709508E-05 -0.23957490E-03   863.99999987   -23326.54422253
    2710    5.42000000  0.29760940E-05 -0.12164094E-05 -0.26081070E-03   863.99999987   -23326.59093980
    2720    5.44000000  0.30659590E-05 -0.11511854E-05 -0.28139673E-03   863.99999987   -23326.60688269
    2730    5.46000000  0.31791532E-05 -0.10753177E-05 -0.30121270E-03   863.99999987   -23326.58586135
    2740    5.48000000  0.33161261E-05 -0.98891142E-06 -0.32013853E-03   863.99999987   -23326.52197009
    2750    5.50000000  0.34769429E-05 -0.89213383E-06 -0.33805474E-03   863.99999987   -23326.40971109
    2760    5.52000000  0.36612621E-05 -0.78521139E-06 -0.35484284E-03   863.99999987   -23326.24411653
    2770    5.54000000  0.38683180E-05 -0.66842622E-06 -0.37038591E-03   863.99999987   -23326.02086665
    2780    5.56000000  0.40969124E-05 -0.54211239E-06 -0.38456919E-03   863.99999987   -23325.73640148
    2790    5.58000000  0.43454120E-05 -0.40665472E-06 -0.39728090E-03   863.99999987   -23325.38802371
    2800    5.60000000  0.46117581E-05 -0.26249080E-06 -0.40841312E-03   863.99999986   -23324.97399000
    2810    5.62000000  0.48934830E-05 -0.11011263E-06 -0.41786285E-03   863.99999986   -23324.49358842
    2820    5.64000000  0.51877364E-05  0.49928674E-07 -0.42553320E-03   863.99999986   -23323.94719925
    2830    5.66000000  0.54913196E-05  0.21701453E-06 -0.43133475E-03   863.99999986   -23323.33633687
    2840    5.68000000  0.58007295E-05  0.39044901E-06 -0.43518691E-03   863.99999986   -23322.66367053
    2850    5.70000000  0.61122109E-05  0.56944717E-06 -0.43701952E-03   863.99999986   -23321.93302213
    2860    5.72000000  0.64218172E-05  0.75312003E-06 -0.43677437E-03   863.99999986   -23321.14933939
    2870    5.74000000  0.67254794E-05  0.94045911E-06 -0.43440684E-03   863.99999986   -23320.31864370
    2880    5.76000000  0.70190808E-05  0.11303203E-05 -0.42988739E-03   863.99999986   -23319.44795190
    2890    5.78000000  0.72985391E-05  0.13214075E-05 -0.42320311E-03   863.99999986   -23318.54517272
    2900    5.80000000  0.75598943E-05  0.15122573E-05 -0.41435903E-03   863.99999985   -23317.61897862
    2910    5.82000000  0.77993993E-05  0.17012272E-05 -0.40337927E-03   863.99999985   -23316.67865518
    2920    5.84000000  0.80136134E-05  0.18864876E-05 -0.39030795E-03   863.99999985   -23315.73393077
    2930    5.86000000  0.81994967E-05  0.20660175E-05 -0.37520981E-03   863.99999985   -23314.79478986
    2940    5.88000000  0.83545018E-05  0.22376083E-05 -0.35817042E-03   863.99999985   -23313.87127470
    2950    5.90000000  0.84766617E-05  0.23988764E-05 -0.33929608E-03   863.99999985   -23312.97327993
    2960    5.92000000  0.85646694E-05  0.25472821E-05 -0.31871319E-03   863.99999985   -23312.11034610
    2970    5.94000000  0.86179490E-05  0.26801605E-05 -0.29656724E-03   863.99999984   -23311.29145759
    2980    5.96000000  0.86367110E-05  0.27947628E-05 -0.27302130E-03   863.99999984   -23310.52485124
    2990    5.98000000  0.86219929E-05  0.28883072E-05 -0.24825405E-03   863.99999984   -23309.81784142
    3000    6.00000000  0.85756777E-05  0.29580393E-05 -0.22245732E-03   863.99999984   -23309.17666725
    3010    6.02000000  0.85004914E-05  0.30013037E-05 -0.19583333E-03   863.99999984   -23308.60636676
    3020    6.04000000  0.83999761E-05  0.30156209E-05 -0.16859146E-03   863.99999983   -23308.11068222
    3030    6.06000000  0.82784351E-05  0.29987687E-05 -0.14094483E-03   863.99999983   -23307.69199965
    3040    6.08000000  0.81408521E-05  0.29488668E-05 -0.11310660E-03   863.99999983   -23307.35132429
    3050    6.10000000  0.79927838E-05  0.28644594E-05 -0.85286312E-04   863.99999983   -23307.08829243
    3060    6.12000000  0.78402271E-05  0.27445933E-05 -0.57686090E-04   863.99999983   -23306.90121880
    3070    6.14000000  0.76894654E-05  0.25888870E-05 -0.30497119E-04   863.99999983   -23306.78717701
    3080    6.16000000  0.75468946E-05  0.23975868E-05 -0.38963094E-05   863.99999982   -23306.74210949
    3090    6.18000000  0.74188368E-05  0.21716078E-05  0.21956643E-04   863.99999982   -23306.76096223
    3100    6.20000000  0.73113468E-05  0.19125568E-05  0.46921712E-04   863.99999982   -23306.83783859
    3110    6.22000000  0.72300176E-05  0.16227357E-05  0.70880416E-04   863.99999982   -23306.96616606
    3120    6.24000000  0.71797937E-05  0.13051205E-05  0.93737047E-04   863.99999982   -23307.13886947
    3130    6.26000000  0.71647942E-05  0.96332196E-06  0.11541918E-03   863.99999982   -23307.34854418
    3140    6.28000000  0.71881601E-05  0.60152445E-06  0.13587746E-03   863.99999982   -23307.58762333
    3150    6.30000000  0.72519274E-05  0.22440660E-06  0.15508467E-03   863.99999981   -23307.84853380
    3160    6.32000000  0.73569326E-05 -0.16295588E-06  0.17303402E-03   863.99999981   -23308.12383658
    3170    6.34000000  0.75027527E-05 -0.55519817E-06  0.18973696E-03   863.99999981   -23308.40634848
    3180    6.36000000  0.76876869E-05 -0.94678364E-06  0.20522024E-03   863.99999981   -23308.68924312
    3190    6.38000000  0.79087793E-05 -0.13321271E-05  0.21952268E-03   863.99999981   -23308.96613082
    3200    6.40000000  0.81618804E-05 -0.17057190E-05  0.23269160E-03   863.99999981   -23309.23111791
    3210    6.42000000  0.84417480E-05 -0.20622468E-05  0.24477900E-03   863.99999981   -23309.47884719
    3220    6.44000000  0.87421843E-05 -0.23967085E-05  0.25583786E-03   863.99999981   -23309.70452231
    3230    6.46000000  0.90562044E-05 -0.27045195E-05  0.26591846E-03   863.99999981   -23309.90391898
    3240    6.48000000  0.93762301E-05 -0.29816051E-05  0.27506510E-03   863.99999981   -23310.07338688
    3250    6.50000000  0.96943020E-05 -0.32244793E-05  0.28331309E-03   863.99999981   -23310.20984551
    3260    6.52000000  0.10002305E-04 -0.34303087E-05  0.29068643E-03   863.99999981   -23310.31077737
    3270    6.54000000  0.10292198E-04 -0.35969581E-05  0.29719598E-03   863.99999980   -23310.37422106
    3280    6.56000000  0.10556242E-04 -0.37230184E-05  0.30283838E-03   863.99999980   -23310.39876643
    3290    6.58000000  0.10787218E-04 -0.38078178E-05  0.30759568E-03   863.99999980   -23310.38355271
    3300    6.60000000  0.10978629E-04 -0.38514166E-05  0.31143568E-03   863.99999980   -23310.32826998
    3310    6.62000000  0.11124878E-04 -0.38545825E-05  0.31431291E-03   863.99999980   -23310.23316328
    3320    6.64000000  0.11221425E-04 -0.38187528E-05  0.31617035E-03   863.99999980   -23310.09903788
    3330    6.66000000  0.11264906E-04 -0.37459813E-05  0.31694160E-03   863.99999980   -23309.92726372
    3340    6.68000000  0.11253221E-04 -0.36388746E-05  0.31655363E-03   863.99999980   -23309.71977654
    3350    6.70000000  0.11185592E-04 -0.35005163E-05  0.31492976E-03   863.99999980   -23309.47907300
    3360    6.72000000  0.11062576E-04 -0.33343835E-05  0.31199301E-03   863.99999980   -23309.20819729
    3370    6.74000000  0.10886052E-04 -0.31442569E-05  0.30766944E-03   863.99999980   -23308.91071677
    3380    6.76000000  0.10659166E-04 -0.29341275E-05  0.30189161E-03   863.99999980   -23308.59068493
    3390    6.78000000  0.10386259E-04 -0.27081026E-05  0.29460180E-03   863.99999980   -23308.25259043
    3400    6.80000000  0.10072751E-04 -0.24703109E-05  0.28575511E-03   863.99999979   -23307.90129190
    3410    6.82000000  0.97250175E-05 -0.22248110E-05  0.27532215E-03   863.99999979   -23307.54193872
    3420    6.84000000  0.93502397E-05 -0.19755059E-05  0.26329143E-03   863.99999979   -23307.17987931
    3430    6.86000000  0.89562448E-05 -0.17260625E-05  0.24967117E-03   863.99999979   -23306.82055878
    3440    6.88000000  0.85513371E-05 -0.14798428E-05  0.23449072E-03   863.99999979   -23306.46940873
    3450    6.90000000  0.81441258E-05 -0.12398406E-05  0.21780138E-03   863.99999979   -23306.13173251
    3460    6.92000000  0.77433534E-05 -0.10086325E-05  0.19967663E-03   863.99999979   -23305.81258966
    3470    6.94000000  0.73577271E-05 -0.78833936E-06  0.18021196E-03   863.99999979   -23305.51668333
    3480    6.96000000  0.69957583E-05 -0.58060269E-06  0.15952399E-03   863.99999979   -23305.24825462
    3490    6.98000000  0.66656097E-05 -0.38657104E-06  0.13774925E-03   863.99999979   -23305.01098758
    3500    7.00000000  0.63749534E-05 -0.20690028E-06  0.11504243E-03   863.99999978   -23304.80792809
    3510    7.02000000  0.61308402E-05 -0.41766822E-07  0.91574244E-04   863.99999978   -23304.64141964
    3520    7.04000000  0.59395795E-05  0.10910612E-06  0.67528955E-04   863.99999978   -23304.51305806
    3530    7.06000000  0.58066312E-05  0.24641261E-06  0.43101671E-04   863.99999978   -23304.42366671
    3540    7.08000000  0.57365096E-05  0.37121725E-06  0.18495380E-04   863.99999978   -23304.37329280
    3550    7.10000000  0.57327001E-05  0.48489933E-06 -0.60821148E-05   863.99999978   -23304.36122483
    3560    7.12000000  0.57975886E-05  0.58909029E-06 -0.30421322E-04   863.99999978   -23304.38603011
    3570    7.14000000  0.59324044E-05  0.68560461E-06 -0.54314193E-04   863.99999978   -23304.44561088
    3580    7.16000000  0.61371817E-05  0.77636755E-06 -0.77557176E-04   863.99999978   -23304.53727688
    3590    7.18000000  0.64107368E-05  0.86334115E-06 -0.99954134E-04   863.99999978   -23304.65783140
    3600    7.20000000  0.67506661E-05  0.94845069E-06 -0.12131908E-03   863.99999977   -23304.80366795
    3610    7.22000000  0.71533663E-05  0.10335147E-05 -0.14147868E-03   863.99999977   -23304.97087400
    3620    7.24000000  0.76140769E-05  0.11201780E-05 -0.16027446E-03   863.99999977   -23305.15533840
    3630    7.26000000  0.81269465E-05  0.12098531E-05 -0.17756473E-03   863.99999977   -23305.35285892
    3640    7.28000000  0.86851222E-05  0.13036711E-05 -0.19322612E-03   863.99999977   -23305.55924669
    3650    7.30000000  0.92808625E-05  0.14024423E-05 -0.20715486E-03   863.99999977   -23305.77042453
    3660    7.32000000  0.99056680E-05  0.15066277E-05 -0.21926753E-03   863.99999977   -23305.98251644
    3670    7.34000000  0.10550432E-04  0.16163238E-05 -0.22950166E-03   863.99999977   -23306.19192606
    3680    7.36000000  0.11205602E-04  0.17312591E-05 -0.23781577E-03   863.99999977   -23306.39540257
    3690    7.38000000  0.11861358E-04  0.18508046E-05 -0.24418921E-03   863.99999977   -23306.59009260
    3700    7.40000000  0.12507787E-04  0.19739923E-05 -0.24862161E-03   863.99999977   -23306.77357782
    3710    7.42000000  0.13135066E-04  0.20995451E-05 -0.25113209E-03   863.99999976   -23306.94389788
    3720    7.44000000  0.13733646E-04  0.22259163E-05 -0.25175811E-03   863.99999976   -23307.09955934
    3730    7.46000000  0.14294419E-04  0.23513352E-05 -0.25055426E-03   863.99999976   -23307.23953118
    3740    7.48000000  0.14808891E-04  0.24738566E-05 -0.24759068E-03   863.99999976   -23307.36322833
    3750    7.50000000  0.15269325E-04  0.25914131E-05 -0.24295144E-03   863.99999976   -23307.47048453
    3760    7.52000000  0.15668887E-04  0.27018710E-05 -0.23673283E-03   863.99999976   -23307.56151641
    3770    7.54000000  0.16001759E-04  0.28030836E-05 -0.22904147E-03   863.99999976   -23307.63688052
    3780    7.56000000  0.16263240E-04  0.28929410E-05 -0.21999251E-03   863.99999976   -23307.69742531
    3790    7.58000000  0.16449824E-04  0.29694177E-05 -0.20970779E-03   863.99999976   -23307.74423985
    3800    7.60000000  0.16559258E-04  0.30306155E-05 -0.19831401E-03   863.99999976   -23307.77860128
    3810    7.62000000  0.16590573E-04  0.30747978E-05 -0.18594105E-03   863.99999976   -23307.80192247
    3820    7.64000000  0.16544095E-04  0.31004192E-05 -0.17272034E-03   863.99999976   -23307.81570147
    3830    7.66000000  0.16421434E-04  0.31061496E-05 -0.15878337E-03   863.99999976   -23307.82147413
    3840    7.68000000  0.16225449E-04  0.30908902E-05 -0.14426038E-03   863.99999976   -23307.82077068
    3850    7.70000000  0.15960199E-04  0.30537848E-05 -0.12927917E-03   863.99999975   -23307.81507733
    3860    7.72000000  0.15630861E-04  0.29942269E-05 -0.11396409E-03   863.99999975   -23307.80580322
    3870    7.74000000  0.15243648E-04  0.29118633E-05 -0.98435213E-04   863.99999975   -23307.79425325
    3880    7.76000000  0.14805694E-04  0.28065941E-05 -0.82807674E-04   863.99999975   -23307.78160664
    3890    7.78000000  0.14324942E-04  0.26785701E-05 -0.67191118E-04   863.99999975   -23307.76890143
    3900    7.80000000  0.13810005E-04  0.25281898E-05 -0.51689338E-04   863.99999975   -23307.75702440
    3910    7.82000000  0.13270028E-04  0.23560937E-05 -0.36400006E-04   863.99999975   -23307.74670623
    3920    7.84000000  0.12714539E-04  0.21631572E-05 -0.21414515E-04   863.99999975   -23307.73852132
    3930    7.86000000  0.12153303E-04  0.19504799E-05 -0.68178981E-05   863.99999975   -23307.73289182
    3940    7.88000000  0.11596160E-04  0.17193738E-05  0.73111893E-05   863.99999975   -23307.73009510
    3950    7.90000000  0.11052883E-04  0.14713491E-05  0.20900442E-04   863.99999975   -23307.73027430
    3960    7.92000000  0.10533026E-04  0.12080955E-05  0.33883852E-04   863.99999975   -23307.73345113
    3970    7.94000000  0.10045778E-04  0.93146098E-06  0.46201643E-04   863.99999975   -23307.73954037
    3980    7.96000000  0.95998323E-05  0.64342816E-06  0.57800199E-04   863.99999975   -23307.74836559
    3990    7.98000000  0.92032522E-05  0.34608956E-06  0.68632002E-04   863.99999975   -23307.75967545
    4000    8.00000000  0.88633560E-05  0.41621445E-07  0.78655577E-04   863.99999974   -23307.77316006
    4010    8.02000000  0.85866071E-05 -0.26774361E-06  0.87835450E-04   863.99999974   -23307.78846708
    4020    8.04000000  0.83785172E-05 -0.57974359E-06  0.96142116E-04   863.99999974   -23307.80521711
    4030    8.06000000  0.82435642E-05 -0.89211081E-06  0.10355202E-03   863.99999974   -23307.82301797
    4040    8.08000000  0.81851221E-05 -0.12025949E-05  0.11004752E-03   863.99999974   -23307.84147773
    4050    8.10000000  0.82054069E-05 -0.15089855E-05  0.11561690E-03   863.99999974   -23307.86021619
    4060    8.12000000  0.83054414E-05 -0.18091313E-05  0.12025429E-03   863.99999974   -23307.87887471
    4070    8.14000000  0.84850363E-05 -0.21009573E-05  0.12395965E-03   863.99999974   -23307.89712427
    4080    8.16000000  0.87427899E-05 -0.23824810E-05  0.12673869E-03   863.99999974   -23307.91467174
    4090    8.18000000  0.90761079E-05 -0.26518300E-05  0.12860277E-03   863.99999974   -23307.93126435
    4100    8.20000000  0.94812444E-05 -0.29072552E-05  0.12956877E-03   863.99999974   -23307.94669250
    4110    8.22000000  0.99533605E-05 -0.31471460E-05  0.12965896E-03   863.99999974   -23307.96079095
    4120    8.24000000  0.10486602E-04 -0.33700451E-05  0.12890074E-03   863.99999974   -23307.97343847
    4130    8.26000000  0.11074195E-04 -0.35746616E-05  0.12732651E-03   863.99999974   -23307.98455636
    4140    8.28000000  0.11708556E-04 -0.37598823E-05  0.12497332E-03   863.99999973   -23307.99410573
    4150    8.30000000  0.12381413E-04 -0.39247811E-05  0.12188266E-03   863.99999973   -23308.00208397
    4160    8.32000000  0.13083944E-04 -0.40686259E-05  0.11810008E-03   863.99999973   -23308.00852056
    4170    8.34000000  0.13806911E-04 -0.41908808E-05  0.11367491E-03   863.99999973   -23308.01347238
    4180    8.36000000  0.14540813E-04 -0.42912041E-05  0.10865984E-03   863.99999973   -23308.01701881
    4190    8.38000000  0.15276028E-04 -0.43694418E-05  0.10311051E-03   863.99999973   -23308.01925675
    4200    8.40000000  0.16002967E-04 -0.44256147E-05  0.97085117E-04   863.99999973   -23308.02029576
    4210    8.42000000  0.16712218E-04 -0.44599015E-05  0.90643954E-04   863.99999973   -23308.02025348
    4220    8.44000000  0.17394689E-04 -0.44726189E-05  0.83848898E-04   863.99999973   -23308.01925141
    4230    8.46000000  0.18041745E-04 -0.44641958E-05  0.76762940E-04   863.99999973   -23308.01741123
    4240    8.48000000  0.18645339E-04 -0.44351467E-05  0.69449658E-04   863.99999973   -23308.01485158
    4250    8.50000000  0.19198127E-04 -0.43860450E-05  0.61972688E-04   863.99999973   -23308.01168554
    4260    8.52000000  0.19693571E-04 -0.43174972E-05  0.54395197E-04   863.99999973   -23308.00801861
    4270    8.54000000  0.20126033E-04 -0.42301188E-05  0.46779349E-04   863.99999973   -23308.00394737
    4280    8.56000000  0.20490843E-04 -0.41245138E-05  0.39185783E-04   863.99999973   -23307.99955861
    4290    8.58000000  0.20784352E-04 -0.40012588E-05  0.31673107E-04   863.99999972   -23307.99492901
    4300    8.60000000  0.21003958E-04 -0.38608951E-05  0.24297409E-04   863.99999972   -23307.99012524
    4310    8.62000000  0.21148122E-04 -0.37039246E-05  0.17111808E-04   863.99999972   -23307.98520441
    4320    8.64000000  0.21216355E-04 -0.35308119E-05  0.10166029E-04   863.99999972   -23307.98021479
    4330    8.66000000  0.21209184E-04 -0.33419927E-05  0.35060311E-05   863.99999972   -23307.97519673
    4340    8.68000000  0.21128111E-04 -0.31378879E-05 -0.28263228E-05   863.99999972   -23307.97018367
    4350    8.70000000  0.20975548E-04 -0.29189221E-05 -0.87935462E-05   863.99999972   -23307.96520318
    4360    8.72000000  0.20754748E-04 -0.26855440E-05 -0.14362750E-04   863.99999972   -23307.96027804
    4370    8.74000000  0.20469721E-04 -0.24382485E-05 -0.19505809E-04   863.99999972   -23307.95542710
    4380    8.76000000  0.20125152E-04 -0.21776015E-05 -0.24199476E-04   863.99999972   -23307.95066616
    4390    8.78000000  0.19726308E-04 -0.19042637E-05 -0.28425441E-04   863.99999972   -23307.94600858
    4400    8.80000000  0.19278949E-04 -0.16190118E-05 -0.32170335E-04   863.99999972   -23307.94146582
    4410    8.82000000  0.18789241E-04 -0.13227593E-05 -0.35425688E-04   863.99999972   -23307.93704772
    4420    8.84000000  0.18263667E-04 -0.10165731E-05 -0.38187841E-04   863.99999972   -23307.93276273
    4430    8.86000000  0.17708944E-04 -0.70168747E-06 -0.40457818E-04   863.99999971   -23307.92861791
    4440    8.88000000  0.17131942E-04 -0.37951326E-06 -0.42241157E-04   863.99999971   -23307.92461888
    4450    8.90000000  0.16539615E-04 -0.51643105E-07 -0.43547706E-04   863.99999971   -23307.92076969
    4460    8.92000000  0.15938928E-04  0.28014807E-06 -0.44391378E-04   863.99999971   -23307.91707263
    4470    8.94000000  0.15336801E-04  0.61390691E-06 -0.44789759E-04   863.99999971   -23307.91352826
    4480    8.96000000  0.14740049E-04  0.94751100E-06 -0.44763628E-04   863.99999971   -23307.91013547
    4490    8.98000000  0.14155341E-04  0.12786834E-05 -0.44336539E-04   863.99999971   -23307.90689159
    4500    9.00000000  0.13589149E-04  0.16050110E-05 -0.43534414E-04   863.99999971   -23307.90379243
    4510    9.02000000  0.13047719E-04  0.19239690E-05 -0.42385142E-04   863.99999971   -23307.90083240
    4520    9.04000000  0.12537028E-04  0.22329482E-05 -0.40918194E-04   863.99999971   -23307.89800456
    4530    9.06000000  0.12062756E-04  0.25292890E-05 -0.39164250E-04   863.99999971   -23307.89530072
    4540    9.08000000  0.11630253E-04  0.28103160E-05 -0.37154834E-04   863.99999971   -23307.89271158
    4550    9.10000000  0.11244501E-04  0.30733789E-05 -0.34921966E-04   863.99999971   -23307.89022677
    4560    9.12000000  0.10910082E-04  0.33158936E-05 -0.32497821E-04   863.99999971   -23307.88783503
    4570    9.14000000  0.10631138E-04  0.35353864E-05 -0.29914402E-04   863.99999971   -23307.88552432
    4580    9.16000000  0.10411327E-04  0.37295389E-05 -0.27203218E-04   863.99999970   -23307.88328191
    4590    9.18000000  0.10253780E-04  0.38962340E-05 -0.24394985E-04   863.99999970   -23307.88109456
    4600    9.20000000  0.10161055E-04  0.40335982E-05 -0.21519338E-04   863.99999970   -23307.87894867
    4610    9.22000000  0.10135089E-04  0.41400424E-05 -0.18604573E-04   863.99999970   -23307.87683039
    4620    9.24000000  0.10177153E-04  0.42142995E-05 -0.15677399E-04   863.99999970   -23307.87472579
    4630    9.26000000  0.10287805E-04  0.42554563E-05 -0.12762740E-04   863.99999970   -23307.87262106
    4640    9.28000000  0.10466857E-04  0.42629765E-05 -0.98835573E-05   863.99999970   -23307.87050262
    4650    9.30000000  0.10713340E-04  0.42367155E-05 -0.70607253E-05   863.99999970   -23307.86835731
    4660    9.32000000  0.11025476E-04  0.41769286E-05 -0.43129429E-05   863.99999970   -23307.86617259
    4670    9.34000000  0.11400669E-04  0.40842665E-05 -0.16566969E-05   863.99999970   -23307.86393664
    4680    9.36000000  0.11835503E-04  0.39597618E-05  0.89373088E-06   863.99999970   -23307.86163856
    4690    9.38000000  0.12325747E-04  0.38048059E-05  0.33262106E-05   863.99999970   -23307.85926851
    4700    9.40000000  0.12866388E-04  0.36211198E-05  0.56306703E-05   863.99999970   -23307.85681784
    4710    9.42000000  0.13451667E-04  0.34107162E-05  0.77989695E-05   863.99999970   -23307.85427924
    4720    9.44000000  0.14075136E-04  0.31758588E-05  0.98247456E-05   863.99999970   -23307.85164683
    4730    9.46000000  0.14729730E-04  0.29190200E-05  0.11703242E-04   863.99999969   -23307.84891624
    4740    9.48000000  0.15407851E-04  0.26428391E-05  0.13431132E-04   863.99999969   -23307.84608469
    4750    9.50000000  0.16101467E-04  0.23500824E-05  0.15006338E-04   863.99999969   -23307.84315105
    4760    9.52000000  0.16802220E-04  0.20436069E-05  0.16427865E-04   863.99999969   -23307.84011580
    4770    9.54000000  0.17501539E-04  0.17263290E-05  0.17695652E-04   863.99999969   -23307.83698111
    4780    9.56000000  0.18190760E-04  0.14011990E-05  0.18810447E-04   863.99999969   -23307.83375074
    4790    9.58000000  0.18861247E-04  0.10711780E-05  0.19773706E-04   863.99999969   -23307.83042999
    4800    9.60000000  0.19504507E-04  0.73921886E-06  0.20587530E-04   863.99999969   -23307.82702567
    4810    9.62000000  0.20112303E-04  0.40824870E-06  0.21254624E-04   863.99999969   -23307.82354594
    4820    9.64000000  0.20676760E-04  0.81152494E-07  0.21778286E-04   863.99999969   -23307.82000022
    4830    9.66000000  0.21190458E-04 -0.23924569E-06  0.22162422E-04   863.99999969   -23307.81639907
    4840    9.68000000  0.21646525E-04 -0.55020273E-06  0.22411569E-04   863.99999969   -23307.81275400
    4850    9.70000000  0.22038705E-04 -0.84908226E-06  0.22530934E-04   863.99999969   -23307.80907735
    4860    9.72000000  0.22361430E-04 -0.11333820E-05  0.22526428E-04   863.99999969   -23307.80538212
    4870    9.74000000  0.22609873E-04 -0.14007657E-05  0.22404700E-04   863.99999968   -23307.80168178
    4880    9.76000000  0.22780005E-04 -0.16490967E-05  0.22173145E-04   863.99999968   -23307.79799013
    4890    9.78000000  0.22868630E-04 -0.18764746E-05  0.21839902E-04   863.99999968   -23307.79432108
    4900    9.80000000  0.22873429E-04 -0.20812699E-05  0.21413821E-04   863.99999968   -23307.79068855
    4910    9.82000000  0.22792992E-04 -0.22621563E-05  0.20904401E-04   863.99999968   -23307.78710623
    4920    9.84000000  0.22626849E-04 -0.24181391E-05  0.20321703E-04   863.99999968   -23307.78358747
    4930    9.86000000  0.22375503E-04 -0.25485750E-05  0.19676235E-04   863.99999968   -23307.78014511
    4940    9.88000000  0.22040456E-04 -0.26531857E-05  0.18978803E-04   863.99999968   -23307.77679128
    4950    9.90000000  0.21624235E-04 -0.27320596E-05  0.18240357E-04   863.99999968   -23307.77353733
    4960    9.92000000  0.21130412E-04 -0.27856442E-05  0.17471809E-04   863.99999968   -23307.77039363
    4970    9.94000000  0.20563618E-04 -0.28147265E-05  0.16683845E-04   863.99999968   -23307.76736947
    4980    9.96000000  0.19929550E-04 -0.28204051E-05  0.15886735E-04   863.99999968   -23307.76447293
    4990    9.98000000  0.19234954E-04 -0.28040508E-05  0.15090144E-04   863.99999968   -23307.76171075
    5000   10.00000000  0.18487603E-04 -0.27672609E-05  0.14302952E-04   863.99999968   -23307.75908828
    5010   10.02000000  0.17696238E-04 -0.27118079E-05  0.13533093E-04   863.99999968   -23307.75660936
    5020   10.04000000  0.16870496E-04 -0.26395849E-05  0.12787402E-04   863.99999967   -23307.75427628
    5030   10.06000000  0.16020798E-04 -0.25525483E-05  0.12071502E-04   863.99999967   -23307.75208975
    5040   10.08000000  0.15158217E-04 -0.24526644E-05  0.11389708E-04   863.99999967   -23307.75004884
    5050   10.10000000  0.14294310E-04 -0.23418590E-05  0.10744967E-04   863.99999967   -23307.74815109
    5060   10.12000000  0.13440932E-04 -0.22219731E-05  0.10138842E-04   863.99999967   -23307.74639246
    5070   10.14000000  0.12610018E-04 -0.20947247E-05  0.95715146E-05   863.99999967   -23307.74476744
    5080   10.16000000  0.11813363E-04 -0.19616822E-05  0.90418460E-05   863.99999967   -23307.74326917
    5090   10.18000000  0.11062379E-04 -0.18242444E-05  0.85474625E-05   863.99999967   -23307.74188954
    5100   10.20000000  0.10367859E-04 -0.16836320E-05  0.80848859E-05   863.99999967   -23307.74061936
    5110   10.22000000  0.97397415E-05 -0.15408864E-05  0.76496927E-05   863.99999967   -23307.73944856
    5120   10.24000000  0.91868891E-05 -0.13968771E-05  0.72367043E-05   863.99999967   -23307.73836632
    5130   10.26000000  0.87168823E-05 -0.12523157E-05  0.68402020E-05   863.99999967   -23307.73736136
    5140   10.28000000  0.83358413E-05 -0.11077751E-05  0.64541594E-05   863.99999967   -23307.73642209
    5150   10.30000000  0.80482744E-05 -0.96371037E-06  0.60724831E-05   863.99999967   -23307.73553688
    5160   10.32000000  0.78569637E-05 -0.82048168E-06  0.56892530E-05   863.99999966   -23307.73469427
    5170   10.34000000  0.77628900E-05 -0.67837685E-06  0.52989560E-05   863.99999966   -23307.73388315
    5180   10.36000000  0.77652013E-05 -0.53763341E-06  0.48967037E-05   863.99999966   -23307.73309299
    5190   10.38000000  0.78612278E-05 -0.39845595E-06  0.44784226E-05   863.99999966   -23307.73231403
    5200   10.40000000  0.80465483E-05 -0.26103161E-06  0.40410140E-05   863.99999966   -23307.73153739
    5210   10.42000000  0.83151054E-05 -0.12554166E-06  0.35824755E-05   863.99999966   -23307.73075526
    5220   10.44000000  0.86593691E-05  0.78296415E-08  0.31019800E-05   863.99999966   -23307.72996096
    5230   10.46000000  0.90705473E-05  0.13888913E-06  0.25999113E-05   863.99999966   -23307.72914904
    5240   10.48000000  0.95388345E-05  0.26743306E-06  0.20778547E-05   863.99999966   -23307.72831527
    5250   10.50000000  0.10053691E-04  0.39324540E-06  0.15385430E-05   863.99999966   -23307.72745669
    5260   10.52000000  0.10604142E-04  0.51609702E-06  0.98576115E-06   863.99999966   -23307.72657156
    5270   10.54000000  0.11179086E-04  0.63574550E-06  0.42421497E-06   863.99999966   -23307.72565926
    5280   10.56000000  0.11767594E-04  0.75193511E-06 -0.14063015E-06   863.99999966   -23307.72472028
    5290   10.58000000  0.12359192E-04  0.86439597E-06 -0.70273532E-06   863.99999966   -23307.72375602
    5300   10.60000000  0.12944108E-04  0.97284081E-06 -0.12556929E-05   863.99999966   -23307.72276872
    5310   10.62000000  0.13513484E-04  0.10769621E-05 -0.17929368E-05   863.99999965   -23307.72176129
    5320   10.64000000  0.14059529E-04  0.11764278E-05 -0.23079532E-05   863.99999965   -23307.72073718
    5330   10.66000000  0.14575626E-04  0.12708787E-05 -0.27944851E-05   863.99999965   -23307.71970024
    5340   10.68000000  0.15056373E-04  0.13599239E-05 -0.32467197E-05   863.99999965   -23307.71865455
    5350   10.70000000  0.15497587E-04  0.14431397E-05 -0.36594527E-05   863.99999965   -23307.71760432
    5360   10.72000000  0.15896241E-04  0.15200705E-05 -0.40282237E-05   863.99999965   -23307.71655378
    5370   10.74000000  0.16250380E-04  0.15902316E-05 -0.43494174E-05   863.99999965   -23307.71550706
    5380   10.76000000  0.16558991E-04  0.16531145E-05 -0.46203289E-05   863.99999965   -23307.71446813
    5390   10.78000000  0.16821865E-04  0.17081957E-05 -0.48391906E-05   863.99999965   -23307.71344073
    5400   10.80000000  0.17039444E-04  0.17549482E-05 -0.50051618E-05   863.99999965   -23307.71242833
    5410   10.82000000  0.17212675E-04  0.17928551E-05 -0.51182839E-05   863.99999965   -23307.71143409
    5420   10.84000000  0.17342867E-04  0.18214242E-05 -0.51794054E-05   863.99999965   -23307.71046085
    5430   10.86000000  0.17431570E-04  0.18402047E-05 -0.51900822E-05   863.99999965   -23307.70951115
    5440   10.88000000  0.17480478E-04  0.18488022E-05 -0.51524609E-05   863.99999965   -23307.70858719
    5450   10.90000000  0.17491350E-04  0.18468951E-05 -0.50691478E-05   863.99999965   -23307.70769087
    5460   10.92000000  0.17465961E-04  0.18342492E-05 -0.49430766E-05   863.99999964   -23307.70682379
    5470   10.94000000  0.17406078E-04  0.18107299E-05 -0.47773782E-05   863.99999964   -23307.70598728
    5480   10.96000000  0.17313450E-04  0.17763128E-05 -0.45752583E-05   863.99999964   -23307.70518239
    5490   10.98000000  0.17189823E-04  0.17310915E-05 -0.43398870E-05   863.99999964   -23307.70440996
    5500   11.00000000  0.17036959E-04  0.16752816E-05 -0.40743050E-05   863.99999964   -23307.70367057
    5510   11.02000000  0.16856668E-04  0.16092202E-05 -0.37813488E-05   863.99999964   -23307.70296459
    5520   11.04000000  0.16650836E-04  0.15333627E-05 -0.34635950E-05   863.99999964   -23307.70229220
    5530   11.06000000  0.16421452E-04  0.14482748E-05 -0.31233225E-05   863.99999964   -23307.70165337
    5540   11.08000000  0.16170627E-04  0.13546194E-05 -0.27624937E-05   863.99999964   -23307.70104791
    5550   11.10000000  0.15900609E-04  0.12531413E-05 -0.23827527E-05   863.99999964   -23307.70047545
    5560   11.12000000  0.15613781E-04  0.11446491E-05 -0.19854403E-05   863.99999964   -23307.69993548
    5570   11.14000000  0.15312649E-04  0.10299938E-05 -0.15716216E-05   863.99999964   -23307.69942732
    5580   11.16000000  0.14999820E-04  0.91004873E-06 -0.11421282E-05   863.99999964   -23307.69895017
    5590   11.18000000  0.14677972E-04  0.78568782E-06 -0.69761106E-06   863.99999964   -23307.69850314
    5600   11.20000000  0.14349810E-04  0.65776893E-06 -0.23860417E-06   863.99999963   -23307.69808521
    5610   11.22000000  0.14018023E-04  0.52711792E-06  0.23440259E-06   863.99999963   -23307.69769527
    5620   11.24000000  0.13685232E-04  0.39451921E-06  0.72088679E-06   863.99999963   -23307.69733218
    5630   11.26000000  0.13353941E-04  0.26071056E-06  0.12202117E-05   863.99999963   -23307.69699470
    5640   11.28000000  0.13026483E-04  0.12638318E-06  0.17315446E-05   863.99999963   -23307.69668160
    5650   11.30000000  0.12704979E-04 -0.78132937E-08  0.22537779E-05   863.99999963   -23307.69639160
    5660   11.32000000  0.12391292E-04 -0.14126014E-06  0.27854607E-05   863.99999963   -23307.69612344
    5670   11.34000000  0.12086999E-04 -0.27335715E-06  0.33247382E-05   863.99999963   -23307.69587585
    5680   11.36000000  0.11793364E-04 -0.40350797E-06  0.38693087E-05   863.99999963   -23307.69564760
    5690   11.38000000  0.11511328E-04 -0.53110428E-06  0.44163966E-05   863.99999963   -23307.69543748
    5700   11.40000000  0.11241512E-04 -0.65551178E-06  0.49627487E-05   863.99999963   -23307.69524435
    5710   11.42000000  0.10984227E-04 -0.77605797E-06  0.55046503E-05   863.99999963   -23307.69506708
    5720   11.44000000  0.10739509E-04 -0.89202353E-06  0.60379635E-05   863.99999963   -23307.69490464
    5730   11.46000000  0.10507158E-04 -0.10026382E-05  0.65581869E-05   863.99999963   -23307.69475601
    5740   11.48000000  0.10286795E-04 -0.11070804E-05  0.70605345E-05   863.99999963   -23307.69462027
    5750   11.50000000  0.10077933E-04 -0.12044819E-05  0.75400303E-05   863.99999962   -23307.69449654
    5760   11.52000000  0.98800541E-05 -0.12939375E-05  0.79916147E-05   863.99999962   -23307.69438398
    5770   11.54000000  0.96926922E-05 -0.13745188E-05  0.84102587E-05   863.99999962   -23307.69428182
    5780   11.56000000  0.95155200E-05 -0.14452902E-05  0.87910834E-05   863.99999962   -23307.69418935
    5790   11.58000000  0.93484322E-05 -0.15053293E-05  0.91294753E-05   863.99999962   -23307.69410587
    5800   11.60000000  0.91916211E-05 -0.15537493E-05  0.94211976E-05   863.99999962   -23307.69403075
    5810   11.62000000  0.90456383E-05 -0.15897228E-05  0.96624895E-05   863.99999962   -23307.69396336
    5820   11.64000000  0.89114401E-05 -0.16125055E-05  0.98501514E-05   863.99999962   -23307.69390314
    5830   11.66000000  0.87904094E-05 -0.16214587E-05  0.99816127E-05   863.99999962   -23307.69384954
    5840   11.68000000  0.86843533E-05 -0.16160732E-05  0.10054979E-04   863.99999962   -23307.69380202
    5850   11.70000000  0.85954748E-05 -0.15959896E-05  0.10069061E-04   863.99999962   -23307.69376010
    5860   11.72000000  0.85263159E-05 -0.15610159E-05  0.10023378E-04   863.99999962   -23307.69372331
    5870   11.74000000  0.84796740E-05 -0.15111416E-05  0.99181466E-05   863.99999962   -23307.69369119
    5880   11.76000000  0.84584979E-05 -0.14465480E-05  0.97542509E-05   863.99999962   -23307.69366334
    5890   11.78000000  0.84657641E-05 -0.13676162E-05  0.95331978E-05   863.99999962   -23307.69363936
    5900   11.80000000  0.85043379E-05 -0.12749265E-05  0.92570641E-05   863.99999961   -23307.69361890
    5910   11.82000000  0.85768279E-05 -0.11692571E-05  0.89284350E-05   863.99999961   -23307.69360162
    5920   11.84000000  0.86854395E-05 -0.10515755E-05  0.85503424E-05   863.99999961   -23307.69358722
    5930   11.86000000  0.88318343E-05 -0.92302595E-06  0.81262028E-05   863.99999961   -23307.69357542
    5940   11.88000000  0.90169986E-05 -0.78491244E-06  0.76597572E-05   863.99999961   -23307.69356596
    5950   11.90000000  0.92411302E-05 -0.63867911E-06  0.71550155E-05   863.99999961   -23307.69355859
    5960   11.92000000  0.95035465E-05 -0.48588587E-06  0.66162071E-05   863.99999961   -23307.69355307
    5970   11.94000000  0.98026201E-05 -0.32818187E-06  0.60477347E-05   863.99999961   -23307.69354917
    5980   11.96000000  0.10135743E-04 -0.16727820E-06  0.54541347E-05   863.99999961   -23307.69354665
    5990   11.98000000  0.10499321E-04 -0.49207403E-08  0.48400387E-05   863.99999961   -23307.69354524
    6000   12.00000000  0.10888802E-04  0.15713792E-06  0.42101395E-05   863.99999961   -23307.69354466
    6010   12.02000000  0.11299344E-04  0.31716395E-06  0.35691601E-05   863.99999961   -23307.69354442
    6020   12.04000000  0.11724434E-04  0.47346568E-06  0.29218218E-05   863.99999961   -23307.69354418
    6030   12.06000000  0.12155971E-04  0.62441383E-06  0.22728167E-05   863.99999961   -23307.69354393
    6040   12.08000000  0.12585425E-04  0.76845873E-06  0.16267804E-05   863.99999960   -23307.69354368
    6050   12.10000000  0.13003981E-04  0.90414504E-06  0.98826774E-06   863.99999960   -23307.69354343
    6060   12.12000000  0.13402751E-04  0.10301232E-05  0.36173015E-06   863.99999960   -23307.69354317
    6070   12.14000000  0.13772993E-04  0.11451594E-05 -0.24850407E-06   863.99999960   -23307.69354291
    6080   12.16000000  0.14106299E-04  0.12481428E-05 -0.83824863E-06   863.99999960   -23307.69354266
    6090   12.18000000  0.14394790E-04  0.13380945E-05 -0.14034756E-05   863.99999960   -23307.69354240
    6100   12.20000000  0.14631296E-04  0.14141747E-05 -0.19403299E-05   863.99999960   -23307.69354215
    6110   12.22000000  0.14809504E-04  0.14756902E-05 -0.24451450E-05   863.99999960   -23307.69354190
    6120   12.24000000  0.14924103E-04  0.15221028E-05 -0.29144581E-05   863.99999960   -23307.69354165
    6130   12.26000000  0.14970915E-04  0.15530369E-05 -0.33450263E-05   863.99999960   -23307.69354140
    6140   12.28000000  0.14946997E-04  0.15682878E-05 -0.37338448E-05   863.99999960   -23307.69354116
    6150   12.30000000  0.14850708E-04  0.15678286E-05 -0.40781678E-05   863.99999960   -23307.69354092
    6160   12.32000000  0.14681762E-04  0.15518150E-05 -0.43755302E-05   863.99999960   -23307.69354068
    6170   12.34000000  0.14441230E-04  0.15205881E-05 -0.46237720E-05   863.99999960   -23307.69354044
    6180   12.36000000  0.14131525E-04  0.14746750E-05 -0.48210657E-05   863.99999960   -23307.69354021
    6190   12.38000000  0.13756349E-04  0.14147844E-05 -0.49659429E-05   863.99999959   -23307.69353998
    6200   12.40000000  0.13320619E-04  0.13417993E-05 -0.50573227E-05   863.99999959   -23307.69353975
    6210   12.42000000  0.12830363E-04  0.12567668E-05 -0.50945390E-05   863.99999959   -23307.69353952
    6220   12.44000000  0.12292587E-04  0.11608840E-05 -0.50773670E-05   863.99999959   -23307.69353929
    6230   12.46000000  0.11715131E-04  0.10554803E-05 -0.50060472E-05   863.99999959   -23307.69353905
    6240   12.48000000  0.11106510E-04  0.94199798E-06 -0.48813064E-05   863.99999959   -23307.69353882
    6250   12.50000000  0.10475739E-04  0.82197058E-06 -0.47043748E-05   863.99999959   -23307.69353858
    6260   12.52000000  0.98321513E-05  0.69699865E-06 -0.44769971E-05   863.99999959   -23307.69353834
    6270   12.54000000  0.91852165E-05  0.56872503E-06 -0.42014382E-05   863.99999959   -23307.69353811
    6280   12.56000000  0.85443584E-05  0.43880921E-06 -0.38804810E-05   863.99999959   -23307.69353786
    6290   12.58000000  0.79187827E-05  0.30889984E-06 -0.35174162E-05   863.99999959   -23307.69353762
    6300   12.60000000  0.73173124E-05  0.18060849E-06 -0.31160229E-05   863.99999959   -23307.69353738
    6310   12.62000000  0.67482360E-05  0.55483165E-07 -0.26805409E-05   863.99999959   -23307.69353714
    6320   12.64000000  0.62191694E-05 -0.65016619E-07 -0.22156305E-05   863.99999959   -23307.69353690
    6330   12.66000000  0.57369334E-05 -0.17954509E-06 -0.17263251E-05   863.99999959   -23307.69353667
    6340   12.68000000  0.53074511E-05 -0.28689163E-06 -0.12179723E-05   863.99999958   -23307.69353643
    6350   12.70000000  0.49356633E-05 -0.38599944E-06 -0.69616657E-06   863.99999958   -23307.69353620
    6360   12.72000000  0.46254666E-05 -0.47598165E-06 -0.16667400E-06   863.99999958   -23307.69353598
    6370   12.74000000  0.43796714E-05 -0.55613474E-06  0.36465038E-06   863.99999958   -23307.69353575
    6380   12.76000000  0.41999778E-05 -0.62594564E-06  0.89194978E-06   863.99999958   -23307.69353554
    6390   12.78000000  0.40869716E-05 -0.68509449E-06  0.14094562E-05   863.99999958   -23307.69353532
    6400   12.80000000  0.40401441E-05 -0.73345438E-06  0.19115808E-05   863.99999958   -23307.69353511
    6410   12.82000000  0.40579328E-05 -0.77108458E-06  0.23930038E-05   863.99999958   -23307.69353490
    6420   12.84000000  0.41377758E-05 -0.79821947E-06  0.28487595E-05   863.99999958   -23307.69353469
    6430   12.86000000  0.42761805E-05 -0.81525180E-06  0.32743148E-05   863.99999958   -23307.69353448
    6440   12.88000000  0.44688095E-05 -0.82271268E-06  0.36656378E-05   863.99999958   -23307.69353427
    6450   12.90000000  0.47105793E-05 -0.82124730E-06  0.40192568E-05   863.99999958   -23307.69353406
    6460   12.92000000  0.49957669E-05 -0.81158719E-06  0.43323066E-05   863.99999958   -23307.69353385
    6470   12.94000000  0.53181232E-05 -0.79452117E-06  0.46025599E-05   863.99999958   -23307.69353364
    6480   12.96000000  0.56709916E-05 -0.77086450E-06  0.48284445E-05   863.99999957   -23307.69353343
    6490   12.98000000  0.60474267E-05 -0.74142876E-06  0.50090473E-05   863.99999957   -23307.69353322
    6500   13.00000000  0.64403131E-05 -0.70699477E-06  0.51441045E-05   863.99999957   -23307.69353300
    6510   13.02000000  0.68424818E-05 -0.66828877E-06  0.52339783E-05   863.99999957   -23307.69353279
    6520   13.04000000  0.72468208E-05 -0.62596302E-06  0.52796235E-05   863.99999957   -23307.69353257
    6530   13.06000000  0.76463813E-05 -0.58058458E-06  0.52825461E-05   863.99999957   -23307.69353236
    6540   13.08000000  0.80344773E-05 -0.53262970E-06  0.52447550E-05   863.99999957   -23307.69353215
    6550   13.10000000  0.84047796E-05 -0.48248814E-06  0.51687071E-05   863.99999957   -23307.69353194
    6560   13.12000000  0.87514012E-05 -0.43047439E-06  0.50572524E-05   863.99999957   -23307.69353173
    6570   13.14000000  0.90689773E-05 -0.37684610E-06  0.49135765E-05   863.99999957   -23307.69353152
    6580   13.16000000  0.93527384E-05 -0.32182676E-06  0.47411424E-05   863.99999957   -23307.69353132
    6590   13.18000000  0.95985735E-05 -0.26563364E-06  0.45436328E-05   863.99999957   -23307.69353112
    6600   13.20000000  0.98030822E-05 -0.20850618E-06  0.43248911E-05   863.99999957   -23307.69353092
    6610   13.22000000  0.99636187E-05 -0.15073214E-06  0.40888646E-05   863.99999957   -23307.69353071
    6620   13.24000000  0.10078322E-04 -0.92668750E-07  0.38395460E-05   863.99999957   -23307.69353051
    6630   13.26000000  0.10146137E-04 -0.34759605E-07  0.35809139E-05   863.99999956   -23307.69353031
    6640   13.28000000  0.10166810E-04  0.22457655E-07  0.33168733E-05   863.99999956   -23307.69353011
    6650   13.30000000  0.10140881E-04  0.78352247E-07  0.30511966E-05   863.99999956   -23307.69352991
    6660   13.32000000  0.10069650E-04  0.13221150E-06  0.27874670E-05   863.99999956   -23307.69352970
    6670   13.34000000  0.99551365E-05  0.18325916E-06  0.25290234E-05   863.99999956   -23307.69352950
    6680   13.36000000  0.98000211E-05  0.23067994E-06  0.22789096E-05   863.99999956   -23307.69352930
    6690   13.38000000  0.96075760E-05  0.27365020E-06  0.20398328E-05   863.99999956   -23307.69352909
    6700   13.40000000  0.93815900E-05  0.31137180E-06  0.18141305E-05   863.99999956   -23307.69352889
    6710   13.42000000  0.91262851E-05  0.34310456E-06  0.16037461E-05   863.99999956   -23307.69352869
    6720   13.44000000  0.88462277E-05  0.36819823E-06  0.14102169E-05   863.99999956   -23307.69352850
    6730   13.46000000  0.85462403E-05  0.38612066E-06  0.12346731E-05   863.99999956   -23307.69352830
    6740   13.48000000  0.82313104E-05  0.39648140E-06  0.10778467E-05   863.99999956   -23307.69352811
    6750   13.50000000  0.79065011E-05  0.39904935E-06  0.94008927E-06   863.99999956   -23307.69352792
    6760   13.52000000  0.75768608E-05  0.39376361E-06  0.82139561E-06   863.99999956   -23307.69352773
    6770   13.54000000  0.72473359E-05  0.38073929E-06  0.72143312E-06   863.99999956   -23307.69352755
    6780   13.56000000  0.69226833E-05  0.36026588E-06  0.63957262E-06   863.99999955   -23307.69352737
    6790   13.58000000  0.66073874E-05  0.33280090E-06  0.57491937E-06   863.99999955   -23307.69352718
    6800   13.60000000  0.63055840E-05  0.29895712E-06  0.52634356E-06   863.99999955   -23307.69352700
    6810   13.62000000  0.60209911E-05  0.25948570E-06  0.49250943E-06   863.99999955   -23307.69352682
    6820   13.64000000  0.57568447E-05  0.21525524E-06  0.47190257E-06   863.99999955   -23307.69352663
    6830   13.66000000  0.55158481E-05  0.16722653E-06  0.46285706E-06   863.99999955   -23307.69352645
    6840   13.68000000  0.53001338E-05  0.11642433E-06  0.46358368E-06   863.99999955   -23307.69352626
    6850   13.70000000  0.51112406E-05  0.63908214E-07  0.47219965E-06   863.99999955   -23307.69352608
    6860   13.72000000  0.49501053E-05  0.10742342E-07  0.48676006E-06   863.99999955   -23307.69352589
    6870   13.74000000  0.48170711E-05 -0.42035478E-07  0.50529473E-06   863.99999955   -23307.69352570
    6880   13.76000000  0.47119136E-05 -0.93443614E-07  0.52584818E-06   863.99999955   -23307.69352551
    6890   13.78000000  0.46338798E-05 -0.14258113E-06  0.54652372E-06   863.99999955   -23307.69352532
    6900   13.80000000  0.45817399E-05 -0.18864978E-06  0.56552790E-06   863.99999955   -23307.69352514
    6910   13.82000000  0.45538481E-05 -0.23097225E-06  0.58121605E-06   863.99999955   -23307.69352495
    6920   13.84000000  0.45482104E-05 -0.26900499E-06  0.59213648E-06   863.99999954   -23307.69352476
    6930   13.86000000  0.45625569E-05 -0.30234322E-06  0.59706941E-06   863.99999954   -23307.69352458
    6940   13.88000000  0.45944134E-05 -0.33072102E-06  0.59505933E-06   863.99999954   -23307.69352440
    6950   13.90000000  0.46411722E-05 -0.35400801E-06  0.58543752E-06   863.99999954   -23307.69352421
    6960   13.92000000  0.47001576E-05 -0.37219994E-06  0.56783572E-06   863.99999954   -23307.69352404
    6970   13.94000000  0.47686875E-05 -0.38540486E-06  0.54218772E-06   863.99999954   -23307.69352386
    6980   13.96000000  0.48441264E-05 -0.39382706E-06  0.50871825E-06   863.99999954   -23307.69352368
    6990   13.98000000  0.49239305E-05 -0.39774955E-06  0.46792153E-06   863.99999954   -23307.69352351
    7000   14.00000000  0.50056863E-05 -0.39751622E-06  0.42053062E-06   863.99999954   -23307.69352333
    7010   14.02000000  0.50871421E-05 -0.39351297E-06  0.36747629E-06   863.99999954   -23307.69352316
    7020   14.04000000  0.51662317E-05 -0.38615080E-06  0.30984061E-06   863.99999954   -23307.69352299
    7030   14.06000000  0.52410911E-05 -0.37584941E-06  0.24880684E-06   863.99999954   -23307.69352281
    7040   14.08000000  0.53100703E-05 -0.36302438E-06  0.18560993E-06   863.99999954   -23307.69352263
    7050   14.10000000  0.53717397E-05 -0.34807643E-06  0.12148606E-06   863.99999954   -23307.69352246
    7060   14.12000000  0.54248918E-05 -0.33138177E-06  0.57628471E-07   863.99999954   -23307.69352228
    7070   14.14000000  0.54685399E-05 -0.31328510E-06 -0.48488886E-08   863.99999953   -23307.69352210
    7080   14.16000000  0.55019126E-05 -0.29409681E-06 -0.64939569E-07   863.99999953   -23307.69352192
    7090   14.18000000  0.55244461E-05 -0.27409011E-06 -0.12176345E-06   863.99999953   -23307.69352174
    7100   14.20000000  0.55357762E-05 -0.25349915E-06 -0.17457423E-06   863.99999953   -23307.69352156
    7110   14.22000000  0.55357286E-05 -0.23251966E-06 -0.22275665E-06   863.99999953   -23307.69352137
    7120   14.24000000  0.55243078E-05 -0.21130971E-06 -0.26581593E-06   863.99999953   -23307.69352119
    7130   14.26000000  0.55016850E-05 -0.18999179E-06 -0.30335987E-06   863.99999953   -23307.69352102
    7140   14.28000000  0.54681872E-05 -0.16865500E-06 -0.33507713E-06   863.99999953   -23307.69352084
    7150   14.30000000  0.54242844E-05 -0.14735871E-06 -0.36071222E-06   863.99999953   -23307.69352067
    7160   14.32000000  0.53705756E-05 -0.12613813E-06 -0.38004136E-06   863.99999953   -23307.69352049
    7170   14.34000000  0.53077756E-05 -0.10501204E-06 -0.39285141E-06   863.99999953   -23307.69352033
    7180   14.36000000  0.52367010E-05 -0.83990876E-07 -0.39892132E-06   863.99999953   -23307.69352016
    7190   14.38000000  0.51582567E-05 -0.63087736E-07 -0.39801026E-06   863.99999953   -23307.69352000
    7200   14.40000000  0.50734235E-05 -0.42331097E-07 -0.38984781E-06   863.99999953   -23307.69351983
    7210   14.42000000  0.49832471E-05 -0.21777898E-07 -0.37413269E-06   863.99999952   -23307.69351967
    7220   14.44000000  0.48888275E-05 -0.15260224E-08 -0.35053404E-06   863.99999952   -23307.69351951
    7230   14.46000000  0.47913116E-05  0.18273878E-07 -0.31869724E-06   863.99999952   -23307.69351935
    7240   14.48000000  0.46918877E-05  0.37410228E-07 -0.27825336E-06   863.99999952   -23307.69351919
    7250   14.50000000  0.45917803E-05  0.55606344E-07 -0.22883040E-06   863.99999952   -23307.69351903
    7260   14.52000000  0.44922443E-05  0.72520939E-07 -0.17006840E-06   863.99999952   -23307.69351887
    7270   14.54000000  0.43945583E-05  0.87753849E-07 -0.10163716E-06   863.99999952   -23307.69351871
    7280   14.56000000  0.43000178E-05  0.10085821E-06 -0.23255483E-07   863.99999952   -23307.69351854
    7290   14.58000000  0.42099219E-05  0.11135826E-06  0.65288374E-07   863.99999952   -23307.69351838
    7300   14.60000000  0.41255554E-05  0.11877046E-06  0.16411273E-06   863.99999952   -23307.69351821
    7310   14.62000000  0.40481681E-05  0.12262676E-06  0.27321751E-06   863.99999952   -23307.69351804
    7320   14.64000000  0.39789503E-05  0.12250090E-06  0.39245864E-06   863.99999952   -23307.69351786
    7330   14.66000000  0.39190032E-05  0.11803324E-06  0.52152395E-06   863.99999952   -23307.69351769
    7340   14.68000000  0.38693075E-05  0.10895485E-06  0.65990981E-06   863.99999952   -23307.69351751
    7350   14.70000000  0.38306947E-05  0.95105511E-07  0.80690166E-06   863.99999952   -23307.69351733
    7360   14.72000000  0.38038190E-05  0.76448738E-07  0.96156018E-06   863.99999951   -23307.69351716
    7370   14.74000000  0.37891323E-05  0.53081112E-07  0.11227136E-05   863.99999951   -23307.69351698
    7380   14.76000000  0.37868664E-05  0.25235188E-07  0.12889578E-05   863.99999951   -23307.69351681
    7390   14.78000000  0.37970191E-05 -0.67235035E-08  0.14586668E-05   863.99999951   -23307.69351664
    7400   14.80000000  0.38193495E-05 -0.42306217E-07  0.16300110E-05   863.99999951   -23307.69351647
    7410   14.82000000  0.38533751E-05 -0.80914711E-07  0.18009851E-05   863.99999951   -23307.69351630
    7420   14.84000000  0.38983766E-05 -0.12185914E-06  0.19694442E-05   863.99999951   -23307.69351614
    7430   14.86000000  0.39534067E-05 -0.16437876E-06  0.21331466E-05   863.99999951   -23307.69351598
    7440   14.88000000  0.40173037E-05 -0.20766616E-06  0.22898018E-05   863.99999951   -23307.69351582
    7450   14.90000000  0.40887073E-05 -0.25088999E-06  0.24371218E-05   863.99999951   -23307.69351567
    7460   14.92000000  0.41660778E-05 -0.29321747E-06  0.25728719E-05   863.99999951   -23307.69351552
    7470   14.94000000  0.42477192E-05 -0.33383506E-06  0.26949217E-05   863.99999951   -23307.69351536
    7480   14.96000000  0.43318054E-05 -0.37196661E-06  0.28012921E-05   863.99999951   -23307.69351521
    7490   14.98000000  0.44164118E-05 -0.40688849E-06  0.28901976E-05   863.99999951   -23307.69351506
    7500   15.00000000  0.44995502E-05 -0.43793950E-06  0.29600831E-05   863.99999951   -23307.69351491
    7510   15.02000000  0.45792079E-05 -0.46452786E-06  0.30096542E-05   863.99999950   -23307.69351476
    7520   15.04000000  0.46533919E-05 -0.48613613E-06  0.30379008E-05   863.99999950   -23307.69351461
    7530   15.06000000  0.47201751E-05 -0.50232180E-06  0.30441159E-05   863.99999950   -23307.69351445
    7540   15.08000000  0.47777446E-05 -0.51271701E-06  0.30279069E-05   863.99999950   -23307.69351430
    7550   15.10000000  0.48244496E-05 -0.51702608E-06  0.29892029E-05   863.99999950   -23307.69351414
    7560   15.12000000  0.48588465E-05 -0.51502488E-06  0.29282565E-05   863.99999950   -23307.69351397
    7570   15.14000000  0.48797406E-05 -0.50656156E-06  0.28456406E-05   863.99999950   -23307.69351381
    7580   15.16000000  0.48862209E-05 -0.49155764E-06  0.27422407E-05   863.99999950   -23307.69351365
    7590   15.18000000  0.48776876E-05 -0.47001006E-06  0.26192413E-05   863.99999950   -23307.69351348
    7600   15.20000000  0.48538700E-05 -0.44199718E-06  0.24781076E-05   863.99999950   -23307.69351331
    7610   15.22000000  0.48148341E-05 -0.40768585E-06  0.23205606E-05   863.99999950   -23307.69351315
    7620   15.24000000  0.47609812E-05 -0.36733976E-06  0.21485469E-05   863.99999950   -23307.69351298
    7630   15.26000000  0.46930367E-05 -0.32132431E-06  0.19642023E-05   863.99999950   -23307.69351281
    7640   15.28000000  0.46120301E-05 -0.27011553E-06  0.17698101E-05   863.99999950   -23307.69351264
    7650   15.30000000  0.45192675E-05 -0.21430385E-06  0.15677564E-05   863.99999949   -23307.69351247
    7660   15.32000000  0.44162970E-05 -0.15459595E-06  0.13604827E-05   863.99999949   -23307.69351230
    7670   15.34000000  0.43048704E-05 -0.91812542E-07  0.11504375E-05   863.99999949   -23307.69351213
    7680   15.36000000  0.41869009E-05 -0.26881772E-07  0.94003020E-06   863.99999949   -23307.69351196
    7690   15.38000000  0.40644169E-05  0.39171660E-07  0.73158828E-06   863.99999949   -23307.69351179
    7700   15.40000000  0.39395163E-05  0.10524283E-06  0.52731781E-06   863.99999949   -23307.69351163
    7710   15.42000000  0.38143209E-05  0.17016597E-06  0.32927242E-06   863.99999949   -23307.69351146
    7720   15.44000000  0.36909303E-05  0.23274107E-06  0.13932867E-06   863.99999949   -23307.69351130
    7730   15.46000000  0.35713790E-05  0.29176175E-06 -0.40832127E-07   863.99999949   -23307.69351113
    7740   15.48000000  0.34575951E-05  0.34604761E-06 -0.20973517E-06   863.99999949   -23307.69351097
    7750   15.50000000  0.33513635E-05  0.39447773E-06 -0.36611513E-06   863.99999949   -23307.69351081
    7760   15.52000000  0.32542911E-05  0.43602605E-06 -0.50891452E-06   863.99999949   -23307.69351065
    7770   15.54000000  0.31677783E-05  0.46979621E-06 -0.63727766E-06   863.99999949   -23307.69351049
    7780   15.56000000  0.30929956E-05  0.49505367E-06 -0.75054007E-06   863.99999949   -23307.69351033
    7790   15.58000000  0.30308624E-05  0.51125437E-06 -0.84821426E-06   863.99999949   -23307.69351018
    7800   15.60000000  0.29820336E-05  0.51806914E-06 -0.92997509E-06   863.99999948   -23307.69351002
    7810   15.62000000  0.29468903E-05  0.51540037E-06 -0.99564441E-06   863.99999948   -23307.69350987
    7820   15.64000000  0.29255341E-05  0.50338989E-06 -0.10451759E-05   863.99999948   -23307.69350971
    7830   15.66000000  0.29177877E-05  0.48241743E-06 -0.10786393E-05   863.99999948   -23307.69350955
    7840   15.68000000  0.29231992E-05  0.45309058E-06 -0.10962085E-05   863.99999948   -23307.69350939
    7850   15.70000000  0.29410511E-05  0.41622333E-06 -0.10981519E-05   863.99999948   -23307.69350923
    7860   15.72000000  0.29703731E-05  0.37280442E-06 -0.10848260E-05   863.99999948   -23307.69350907
    7870   15.74000000  0.30099607E-05  0.32395947E-06 -0.10566714E-05   863.99999948   -23307.69350890
    7880   15.76000000  0.30583991E-05  0.27090755E-06 -0.10142125E-05   863.99999948   -23307.69350874
    7890   15.78000000  0.31140895E-05  0.21491337E-06 -0.95806030E-06   863.99999948   -23307.69350857
    7900   15.80000000  0.31752830E-05  0.15723857E-06 -0.88891637E-06   863.99999948   -23307.69350840
    7910   15.82000000  0.32401174E-05  0.99097348E-07 -0.80757899E-06   863.99999948   -23307.69350824
    7920   15.84000000  0.33066588E-05  0.41616494E-07 -0.71494867E-06   863.99999948   -23307.69350807
    7930   15.86000000  0.33729443E-05 -0.14198039E-07 -0.61203188E-06   863.99999948   -23307.69350791
    7940   15.88000000  0.34370288E-05 -0.67485925E-07 -0.49994342E-06   863.99999948   -23307.69350774
    7950   15.90000000  0.34970300E-05 -0.11754741E-06 -0.37990607E-06   863.99999947   -23307.69350758
    7960   15.92000000  0.35511725E-05 -0.16384807E-06 -0.25324744E-06   863.99999947   -23307.69350741
    7970   15.94000000  0.35978299E-05 -0.20601673E-06 -0.12139185E-06   863.99999947   -23307.69350725
    7980   15.96000000  0.36355642E-05 -0.24383543E-06  0.14150575E-07   863.99999947   -23307.69350708
    7990   15.98000000  0.36631585E-05 -0.27722428E-06  0.15179792E-06   863.99999947   -23307.69350692
    8000   16.00000000  0.36796447E-05 -0.30622077E-06  0.28991193E-06   863.99999947   -23307.69350675
    8010   16.02000000  0.36843250E-05 -0.33095970E-06  0.42681752E-06   863.99999947   -23307.69350659
    8020   16.04000000  0.36767886E-05 -0.35165179E-06  0.56082342E-06   863.99999947   -23307.69350643
    8030   16.06000000  0.36569191E-05 -0.36856360E-06  0.69024663E-06   863.99999947   -23307.69350626
    8040   16.08000000  0.36248979E-05 -0.38199729E-06  0.81343570E-06   863.99999947   -23307.69350610
    8050   16.10000000  0.35811998E-05 -0.39227507E-06  0.92879677E-06   863.99999947   -23307.69350595
    8060   16.12000000  0.35265825E-05 -0.39972500E-06  0.10348206E-05   863.99999947   -23307.69350579
    8070   16.14000000  0.34620710E-05 -0.40466924E-06  0.11301109E-05   863.99999947   -23307.69350564
    8080   16.16000000  0.33889356E-05 -0.40741397E-06  0.12134110E-05   863.99999947   -23307.69350549
    8090   16.18000000  0.33086635E-05 -0.40824220E-06  0.12836296E-05   863.99999946   -23307.69350534
    8100   16.20000000  0.32229260E-05 -0.40740796E-06  0.13398656E-05   863.99999946   -23307.69350519
    8110   16.22000000  0.31335426E-05 -0.40513218E-06  0.13814291E-05   863.99999946   -23307.69350505
    8120   16.24000000  0.30424393E-05 -0.40160039E-06  0.14078569E-05   863.99999946   -23307.69350490
    8130   16.26000000  0.29516027E-05 -0.39696256E-06  0.14189256E-05   863.99999946   -23307.69350476
    8140   16.28000000  0.28630327E-05 -0.39133487E-06  0.14146579E-05   863.99999946   -23307.69350461
    8150   16.30000000  0.27786948E-05 -0.38480275E-06  0.13953242E-05   863.99999946   -23307.69350447
    8160   16.32000000  0.27004707E-05 -0.37742573E-06  0.13614389E-05   863.99999946   -23307.69350432
    8170   16.34000000  0.26301089E-05 -0.36924357E-06  0.13137522E-05   863.99999946   -23307.69350417
    8180   16.36000000  0.25691791E-05 -0.36028258E-06  0.12532387E-05   863.99999946   -23307.69350402
    8190   16.38000000  0.25190304E-05 -0.35056159E-06  0.11810813E-05   863.99999946   -23307.69350386
    8200   16.40000000  0.24807541E-05 -0.34009556E-06  0.10986534E-05   863.99999946   -23307.69350371
    8210   16.42000000  0.24551521E-05 -0.32889875E-06  0.10074974E-05   863.99999946   -23307.69350355
    8220   16.44000000  0.24427145E-05 -0.31698493E-06  0.90930126E-06   863.99999946   -23307.69350339
    8230   16.46000000  0.24436050E-05 -0.30436401E-06  0.80587162E-06   863.99999946   -23307.69350323
    8240   16.48000000  0.24576553E-05 -0.29103501E-06  0.69910392E-06   863.99999945   -23307.69350307
    8250   16.50000000  0.24843695E-05 -0.27697897E-06  0.59094900E-06   863.99999945   -23307.69350290
    8260   16.52000000  0.25229393E-05 -0.26215090E-06  0.48337822E-06   863.99999945   -23307.69350274
    8270   16.54000000  0.25722672E-05 -0.24646901E-06  0.37834461E-06   863.99999945   -23307.69350258
    8280   16.56000000  0.26309999E-05 -0.22980716E-06  0.27774315E-06   863.99999945   -23307.69350242
    8290   16.58000000  0.26975694E-05 -0.21198990E-06  0.18337080E-06   863.99999945   -23307.69350226
    8300   16.60000000  0.27702406E-05 -0.19279096E-06  0.96889075E-07   863.99999945   -23307.69350211
    8310   16.62000000  0.28471641E-05 -0.17193545E-06  0.19786753E-07   863.99999945   -23307.69350195
    8320   16.64000000  0.29264313E-05 -0.14910686E-06 -0.46652137E-07   863.99999945   -23307.69350180
    8330   16.66000000  0.30061308E-05 -0.12395830E-06 -0.10137364E-06   863.99999945   -23307.69350164
    8340   16.68000000  0.30844034E-05 -0.96126558E-07 -0.14357436E-06   863.99999945   -23307.69350149
    8350   16.70000000  0.31594927E-05 -0.65250900E-07 -0.17271460E-06   863.99999945   -23307.69350134
    8360   16.72000000  0.32297905E-05 -0.30992431E-07 -0.18852421E-06   863.99999945   -23307.69350119
    8370   16.74000000  0.32938741E-05  0.69462743E-08 -0.19100002E-06   863.99999945   -23307.69350104
    8380   16.76000000  0.33505360E-05  0.48801005E-07 -0.18039867E-06   863.99999945   -23307.69350089
    8390   16.78000000  0.33988024E-05  0.94725293E-07 -0.15722115E-06   863.99999944   -23307.69350074
    8400   16.80000000  0.34379427E-05  0.14477395E-06 -0.12219219E-06   863.99999944   -23307.69350059
    8410   16.82000000  0.34674685E-05  0.19888826E-06 -0.76235067E-07   863.99999944   -23307.69350044
    8420   16.84000000  0.34871250E-05  0.25688234E-06 -0.20443882E-07   863.99999944   -23307.69350029
    8430   16.86000000  0.34968739E-05  0.31843616E-06  0.43949000E-07   863.99999944   -23307.69350014
    8440   16.88000000  0.34968710E-05  0.38308986E-06  0.11560682E-06   863.99999944   -23307.69349999
    8450   16.90000000  0.34874412E-05  0.45024216E-06  0.19312084E-06   863.99999944   -23307.69349984
    8460   16.92000000  0.34690500E-05  0.51915460E-06  0.27504350E-06   863.99999944   -23307.69349969
    8470   16.94000000  0.34422757E-05  0.58895984E-06  0.35992020E-06   863.99999944   -23307.69349955
    8480   16.96000000  0.34077846E-05  0.65867408E-06  0.44631749E-06   863.99999944   -23307.69349940
    8490   16.98000000  0.33663092E-05  0.72721278E-06  0.53284713E-06   863.99999944   -23307.69349925
    8500   17.00000000  0.33186288E-05  0.79341270E-06  0.61818737E-06   863.99999944   -23307.69349910
    8510   17.02000000  0.32655542E-05  0.85605528E-06  0.70109917E-06   863.99999944   -23307.69349894
    8520   17.04000000  0.32079192E-05  0.91389325E-06  0.78043887E-06   863.99999944   -23307.69349879
    8530   17.06000000  0.31465722E-05  0.96567983E-06  0.85516604E-06   863.99999943   -23307.69349864
    8540   17.08000000  0.30823701E-05  0.10101991E-05  0.92435018E-06   863.99999943   -23307.69349848
    8550   17.10000000  0.30161733E-05  0.10462958E-05  0.98717374E-06   863.99999943   -23307.69349833
    8560   17.12000000  0.29488397E-05  0.10729067E-05  0.10429332E-05   863.99999943   -23307.69349817
    8570   17.14000000  0.28812173E-05  0.10890899E-05  0.10910399E-05   863.99999943   -23307.69349801
    8580   17.16000000  0.28141341E-05  0.10940529E-05  0.11310185E-05   863.99999943   -23307.69349786
    8590   17.18000000  0.27483843E-05  0.10871774E-05  0.11625047E-05   863.99999943   -23307.69349770
    8600   17.20000000  0.26847121E-05  0.10680433E-05  0.11852410E-05   863.99999943   -23307.69349755
    8610   17.22000000  0.26237941E-05  0.10364474E-05  0.11990717E-05   863.99999943   -23307.69349739
    8620   17.24000000  0.25662201E-05  0.99241835E-06  0.12039363E-05   863.99999943   -23307.69349724
    8630   17.26000000  0.25124761E-05  0.93622687E-06  0.11998604E-05   863.99999943   -23307.69349709
    8640   17.28000000  0.24629290E-05  0.86839145E-06  0.11869469E-05   863.99999943   -23307.69349694
    8650   17.30000000  0.24178155E-05  0.78967576E-06  0.11653683E-05   863.99999943   -23307.69349679
    8660   17.32000000  0.23772373E-05  0.70108084E-06  0.11353573E-05   863.99999943   -23307.69349664
    8670   17.34000000  0.23411626E-05  0.60383172E-06  0.10972022E-05   863.99999943   -23307.69349650
    8680   17.36000000  0.23094330E-05  0.49935531E-06  0.10512440E-05   863.99999942   -23307.69349635
    8690   17.38000000  0.22817780E-05  0.38925164E-06  0.99787783E-06   863.99999942   -23307.69349620
    8700   17.40000000  0.22578348E-05  0.27525927E-06  0.93755696E-06   863.99999942   -23307.69349605
    8710   17.42000000  0.22371698E-05  0.15921626E-06  0.87080148E-06   863.99999942   -23307.69349589
    8720   17.44000000  0.22193050E-05  0.43014386E-07  0.79820749E-06   863.99999942   -23307.69349574
    8730   17.46000000  0.22037436E-05 -0.71449410E-07  0.72045791E-06   863.99999942   -23307.69349558
    8740   17.48000000  0.21899946E-05 -0.18232265E-06  0.63833314E-06   863.99999942   -23307.69349542
    8750   17.50000000  0.21775962E-05 -0.28784590E-06  0.55271831E-06   863.99999942   -23307.69349526
    8760   17.52000000  0.21661365E-05 -0.38640180E-06  0.46460591E-06   863.99999942   -23307.69349509
    8770   17.54000000  0.21552718E-05 -0.47655805E-06  0.37509416E-06   863.99999942   -23307.69349493
    8780   17.56000000  0.21447405E-05 -0.55710402E-06  0.28538029E-06   863.99999942   -23307.69349476
    8790   17.58000000  0.21343738E-05 -0.62708062E-06  0.19674586E-06   863.99999942   -23307.69349460
    8800   17.60000000  0.21241040E-05 -0.68580247E-06  0.11053786E-06   863.99999942   -23307.69349444
    8810   17.62000000  0.21139673E-05 -0.73286874E-06  0.28144574E-07   863.99999942   -23307.69349428
    8820   17.64000000  0.21041050E-05 -0.76816388E-06 -0.49032877E-07   863.99999942   -23307.69349413
    8830   17.66000000  0.20947581E-05 -0.79184890E-06 -0.11961016E-06   863.99999941   -23307.69349397
    8840   17.68000000  0.20862582E-05 -0.80434500E-06 -0.18225222E-06   863.99999941   -23307.69349383
    8850   17.70000000  0.20790144E-05 -0.80630709E-06 -0.23570482E-06   863.99999941   -23307.69349368
    8860   17.72000000  0.20734961E-05 -0.79859171E-06 -0.27882591E-06   863.99999941   -23307.69349354
    8870   17.74000000  0.20702104E-05 -0.78221964E-06 -0.31061329E-06   863.99999941   -23307.69349340
    8880   17.76000000  0.20696773E-05 -0.75833597E-06 -0.33023052E-06   863.99999941   -23307.69349326
    8890   17.78000000  0.20724037E-05 -0.72816652E-06 -0.33702883E-06   863.99999941   -23307.69349312
    8900   17.80000000  0.20788564E-05 -0.69297513E-06 -0.33056736E-06   863.99999941   -23307.69349298
    8910   17.82000000  0.20894352E-05 -0.65402276E-06 -0.31062575E-06   863.99999941   -23307.69349284
    8920   17.84000000  0.21044508E-05 -0.61252688E-06 -0.27721519E-06   863.99999941   -23307.69349269
    8930   17.86000000  0.21241061E-05 -0.56962570E-06 -0.23058398E-06   863.99999941   -23307.69349255
    8940   17.88000000  0.21484817E-05 -0.52634586E-06 -0.17121952E-06   863.99999941   -23307.69349240
    8950   17.90000000  0.21775276E-05 -0.48357628E-06 -0.99844873E-07   863.99999941   -23307.69349225
    8960   17.92000000  0.22110624E-05 -0.44204828E-06 -0.17411639E-07   863.99999941   -23307.69349209
    8970   17.94000000  0.22487786E-05 -0.40232188E-06  0.74912263E-07   863.99999940   -23307.69349194
    8980   17.96000000  0.22902531E-05 -0.36478014E-06  0.17575827E-06   863.99999940   -23307.69349178
    8990   17.98000000  0.23349617E-05 -0.32963214E-06  0.28357718E-06   863.99999940   -23307.69349163
    9000   18.00000000  0.23822993E-05 -0.29692472E-06  0.39666328E-06   863.99999940   -23307.69349147
    9010   18.02000000  0.24316032E-05 -0.26656054E-06  0.51318292E-06   863.99999940   -23307.69349131
    9020   18.04000000  0.24821757E-05 -0.23832325E-06  0.63120431E-06   863.99999940   -23307.69349116
    9030   18.06000000  0.25333060E-05 -0.21190760E-06  0.74873265E-06   863.99999940   -23307.69349101
    9040   18.08000000  0.25842922E-05 -0.18695230E-06  0.86374550E-06   863.99999940   -23307.69349086
    9050   18.10000000  0.26344605E-05 -0.16307345E-06  0.97423027E-06   863.99999940   -23307.69349071
    9060   18.12000000  0.26831799E-05 -0.13989594E-06  0.10782219E-05   863.99999940   -23307.69349056
    9070   18.14000000  0.27298721E-05 -0.11708005E-06  0.11738406E-05   863.99999940   -23307.69349042
    9080   18.16000000  0.27740188E-05 -0.94342376E-07  0.12593275E-05   863.99999940   -23307.69349027
    9090   18.18000000  0.28151650E-05 -0.71468177E-07  0.13330790E-05   863.99999940   -23307.69349012
    9100   18.20000000  0.28529179E-05 -0.48318027E-07  0.13936772E-05   863.99999940   -23307.69348998
    9110   18.22000000  0.28869436E-05 -0.24825353E-07  0.14399159E-05   863.99999940   -23307.69348983
    9120   18.24000000  0.29169628E-05 -0.98860377E-09  0.14708232E-05   863.99999939   -23307.69348969
    9130   18.26000000  0.29427462E-05  0.23141686E-07  0.14856767E-05   863.99999939   -23307.69348954
    9140   18.28000000  0.29641083E-05  0.47476475E-07  0.14840149E-05   863.99999939   -23307.69348939
    9150   18.30000000  0.29809026E-05  0.71902466E-07  0.14656412E-05   863.99999939   -23307.69348924
    9160   18.32000000  0.29930178E-05  0.96294818E-07  0.14306235E-05   863.99999939   -23307.69348909
    9170   18.34000000  0.30003747E-05  0.12052539E-06  0.13792873E-05   863.99999939   -23307.69348894
    9180   18.36000000  0.30029216E-05  0.14446635E-06  0.13122059E-05   863.99999939   -23307.69348880
    9190   18.38000000  0.30006331E-05  0.16798952E-06  0.12301865E-05   863.99999939   -23307.69348865
    9200   18.40000000  0.29935072E-05  0.19096261E-06  0.11342540E-05   863.99999939   -23307.69348850
    9210   18.42000000  0.29815623E-05  0.21324148E-06  0.10256330E-05   863.99999939   -23307.69348836
    9220   18.44000000  0.29648345E-05  0.23466223E-06  0.90573200E-06   863.99999939   -23307.69348821
    9230   18.46000000  0.29433754E-05  0.25503325E-06  0.77612474E-06   863.99999939   -23307.69348807
    9240   18.48000000  0.29172496E-05  0.27413038E-06  0.63853381E-06   863.99999939   -23307.69348793
    9250   18.50000000  0.28865335E-05  0.29169490E-06  0.49481382E-06   863.99999939   -23307.69348778
    9260   18.52000000  0.28513139E-05  0.30743648E-06  0.34693476E-06   863.99999939   -23307.69348764
    9270   18.54000000  0.28116890E-05  0.32104049E-06  0.19696300E-06   863.99999938   -23307.69348749
    9280   18.56000000  0.27677706E-05  0.33217993E-06  0.47039648E-07   863.99999938   -23307.69348735
    9290   18.58000000  0.27196865E-05  0.34053083E-06 -0.10064361E-06   863.99999938   -23307.69348720
    9300   18.60000000  0.26675856E-05  0.34578939E-06 -0.24387380E-06   863.99999938   -23307.69348706
    9310   18.62000000  0.26116419E-05  0.34769003E-06 -0.38045034E-06   863.99999938   -23307.69348691
    9320   18.64000000  0.25520614E-05  0.34602315E-06 -0.50822346E-06   863.99999938   -23307.69348676
    9330   18.66000000  0.24890871E-05  0.34065076E-06 -0.62513532E-06   863.99999938   -23307.69348661
    9340   18.68000000  0.24230046E-05  0.33151855E-06 -0.72926334E-06   863.99999938   -23307.69348646
    9350   18.70000000  0.23541461E-05  0.31866422E-06 -0.81886497E-06   863.99999938   -23307.69348631
    9360   18.72000000  0.22828949E-05  0.30222185E-06 -0.89241836E-06   863.99999938   -23307.69348616
    9370   18.74000000  0.22096885E-05  0.28242313E-06 -0.94866053E-06   863.99999938   -23307.69348601
    9380   18.76000000  0.21350183E-05  0.25959335E-06 -0.98661927E-06   863.99999938   -23307.69348586
    9390   18.78000000  0.20594287E-05  0.23414514E-06 -0.10056372E-05   863.99999938   -23307.69348571
    9400   18.80000000  0.19835131E-05  0.20656836E-06 -0.10053884E-05   863.99999938   -23307.69348556
    9410   18.82000000  0.19079092E-05  0.17741857E-06 -0.98588471E-06   863.99999937   -23307.69348541
    9420   18.84000000  0.18332907E-05  0.14730277E-06 -0.94747457E-06   863.99999937   -23307.69348526
    9430   18.86000000  0.17603566E-05  0.11686239E-06 -0.89083307E-06   863.99999937   -23307.69348511
    9440   18.88000000  0.16898175E-05  0.86754127E-07 -0.81694477E-06   863.99999937   -23307.69348495
    9450   18.90000000  0.16223825E-05  0.57631497E-07 -0.72708004E-06   863.99999937   -23307.69348480
    9460   18.92000000  0.15587452E-05  0.30123426E-07 -0.62276656E-06   863.99999937   -23307.69348465
    9470   18.94000000  0.14995664E-05  0.48127178E-08 -0.50575635E-06   863.99999937   -23307.69348450
    9480   18.96000000  0.14454593E-05 -0.17783414E-07 -0.37798845E-06   863.99999937   -23307.69348434
    9490   18.98000000  0.13969771E-05 -0.37230920E-07 -0.24154900E-06   863.99999937   -23307.69348419
    9500   19.00000000  0.13546020E-05 -0.53193614E-07 -0.98629292E-07   863.99999937   -23307.69348404
    9510   19.02000000  0.13187346E-05 -0.65443046E-07  0.48518910E-07   863.99999937   -23307.69348388
    9520   19.04000000  0.12896874E-05 -0.73862170E-07  0.19762928E-06   863.99999937   -23307.69348373
    9530   19.06000000  0.12676806E-05 -0.78443188E-07  0.34646736E-06   863.99999937   -23307.69348358
    9540   19.08000000  0.12528407E-05 -0.79280155E-07  0.49287662E-06   863.99999937   -23307.69348343
    9550   19.10000000  0.12452009E-05 -0.76555413E-07  0.63482319E-06   863.99999937   -23307.69348328
    9560   19.12000000  0.12447019E-05 -0.70522588E-07  0.77043603E-06   863.99999936   -23307.69348314
    9570   19.14000000  0.12511965E-05 -0.61486706E-07  0.89804237E-06   863.99999936   -23307.69348299
    9580   19.16000000  0.12644533E-05 -0.49784320E-07  0.10161971E-05   863.99999936   -23307.69348284
    9590   19.18000000  0.12841649E-05 -0.35763432E-07  0.11237040E-05   863.99999936   -23307.69348270
    9600   19.20000000  0.13099562E-05 -0.19766146E-07  0.12196264E-05   863.99999936   -23307.69348255
    9610   19.22000000  0.13413941E-05 -0.21162249E-08  0.13032907E-05   863.99999936   -23307.69348241
    9620   19.24000000  0.13779992E-05  0.16890876E-07  0.13742791E-05   863.99999936   -23307.69348226
    9630   19.26000000  0.14192619E-05  0.36991817E-07  0.14324153E-05   863.99999936   -23307.69348211
    9640   19.28000000  0.14646578E-05  0.57954565E-07  0.14777430E-05   863.99999936   -23307.69348196
    9650   19.30000000  0.15136627E-05  0.79573288E-07  0.15104982E-05   863.99999936   -23307.69348181
    9660   19.32000000  0.15657694E-05  0.10166231E-06  0.15310793E-05   863.99999936   -23307.69348166
    9670   19.34000000  0.16205036E-05  0.12404421E-06  0.15400170E-05   863.99999936   -23307.69348151
    9680   19.36000000  0.16774352E-05  0.14653840E-06  0.15379451E-05   863.99999936   -23307.69348136
    9690   19.38000000  0.17361868E-05  0.16894938E-06  0.15255722E-05   863.99999936   -23307.69348121
    9700   19.40000000  0.17964363E-05  0.19105755E-06  0.15036592E-05   863.99999936   -23307.69348105
    9710   19.42000000  0.18579162E-05  0.21261064E-06  0.14730015E-05   863.99999935   -23307.69348090
    9720   19.44000000  0.19204049E-05  0.23331787E-06  0.14344153E-05   863.99999935   -23307.69348075
    9730   19.46000000  0.19837137E-05  0.25284946E-06  0.13887275E-05   863.99999935   -23307.69348060
    9740   19.48000000  0.20476699E-05  0.27084025E-06  0.13367701E-05   863.99999935   -23307.69348045
    9750   19.50000000  0.21120967E-05  0.28689643E-06  0.12793780E-05   863.99999935   -23307.69348030
    9760   19.52000000  0.21767919E-05  0.30060821E-06  0.12173866E-05   863.99999935   -23307.69348015
    9770   19.54000000  0.22415068E-05  0.31156485E-06  0.11516297E-05   863.99999935   -23307.69348001
    9780   19.56000000  0.23059289E-05  0.31937254E-06  0.10829368E-05   863.99999935   -23307.69347987
    9790   19.58000000  0.23696683E-05  0.32367398E-06  0.10121299E-05   863.99999935   -23307.69347972
    9800   19.60000000  0.24322493E-05  0.32416978E-06  0.94001706E-06   863.99999935   -23307.69347958
    9810   19.62000000  0.24931084E-05  0.32063645E-06  0.86738418E-06   863.99999935   -23307.69347944
    9820   19.64000000  0.25516010E-05  0.31294327E-06  0.79498575E-06   863.99999935   -23307.69347930
    9830   19.66000000  0.26070126E-05  0.30106661E-06  0.72353563E-06   863.99999935   -23307.69347916
    9840   19.68000000  0.26585781E-05  0.28509885E-06  0.65369761E-06   863.99999935   -23307.69347902
    9850   19.70000000  0.27055058E-05  0.26525259E-06  0.58607748E-06   863.99999934   -23307.69347887
    9860   19.72000000  0.27470050E-05  0.24185883E-06  0.52121738E-06   863.99999934   -23307.69347873
    9870   19.74000000  0.27823161E-05  0.21536120E-06  0.45959366E-06   863.99999934   -23307.69347858
    9880   19.76000000  0.28107413E-05  0.18630319E-06  0.40161610E-06   863.99999934   -23307.69347843
    9890   19.78000000  0.28316736E-05  0.15531076E-06  0.34763114E-06   863.99999934   -23307.69347828
    9900   19.80000000  0.28446240E-05  0.12307069E-06  0.29792573E-06   863.99999934   -23307.69347812
    9910   19.82000000  0.28492412E-05  0.90306644E-07  0.25273254E-06   863.99999934   -23307.69347797
    9920   19.84000000  0.28453290E-05  0.57752497E-07  0.21223558E-06   863.99999934   -23307.69347781
    9930   19.86000000  0.28328539E-05  0.26124188E-07  0.17657418E-06   863.99999934   -23307.69347766
    9940   19.88000000  0.28119480E-05 -0.39065491E-08  0.14584520E-06   863.99999934   -23307.69347750
    9950   19.90000000  0.27829015E-05 -0.31736766E-07  0.12010284E-06   863.99999934   -23307.69347734
    9960   19.92000000  0.27461509E-05 -0.56853337E-07  0.99357528E-07   863.99999934   -23307.69347719
    9970   19.94000000  0.27022603E-05 -0.78849600E-07  0.83572413E-07   863.99999934   -23307.69347703
    9980   19.96000000  0.26518963E-05 -0.97436094E-07  0.72658371E-07   863.99999934   -23307.69347688
    9990   19.98000000  0.25958009E-05 -0.11244614E-06  0.66469387E-07   863.99999934   -23307.69347673
   10000   20.00000000  0.25347625E-05 -0.12383448E-06  0.64800155E-07   863.99999933   -23307.69347658
   10010   20.02000000  0.24695877E-05 -0.13166971E-06  0.67384932E-07   863.99999933   -23307.69347644
   10020   20.04000000  0.24010735E-05 -0.13612262E-06  0.73898097E-07   863.99999933   -23307.69347630
   10030   20.06000000  0.23299854E-05 -0.13745003E-06  0.83958637E-07   863.99999933   -23307.69347615
   10040   20.08000000  0.22570394E-05 -0.13597410E-06  0.97138074E-07   863.99999933   -23307.69347601
   10050   20.10000000  0.21828895E-05 -0.13206121E-06  0.11297026E-06   863.99999933   -23307.69347587
   10060   20.12000000  0.21081229E-05 -0.12609876E-06  0.13096362E-06   863.99999933   -23307.69347573
   10070   20.14000000  0.20332609E-05 -0.11847333E-06  0.15061422E-06   863.99999933   -23307.69347559
   10080   20.16000000  0.19587650E-05 -0.10954930E-06  0.17142016E-06   863.99999933   -23307.69347545
   10090   20.18000000  0.18850478E-05 -0.99650348E-07  0.19289625E-06   863.99999933   -23307.69347530
   10100   20.20000000  0.18124878E-05 -0.89043028E-07  0.21458631E-06   863.99999933   -23307.69347516
   10110   20.22000000  0.17414469E-05 -0.77924391E-07  0.23607461E-06   863.99999933   -23307.69347501
   10120   20.24000000  0.16722862E-05 -0.66413829E-07  0.25699609E-06   863.99999933   -23307.69347485
   10130   20.26000000  0.16053828E-05 -0.54548489E-07  0.27704381E-06   863.99999933   -23307.69347470
   10140   20.28000000  0.15411436E-05 -0.42282825E-07  0.29597448E-06   863.99999932   -23307.69347454
   10150   20.30000000  0.14800183E-05 -0.29493710E-07  0.31361097E-06   863.99999932   -23307.69347438
   10160   20.32000000  0.14225051E-05 -0.15989216E-07  0.32984336E-06   863.99999932   -23307.69347422
   10170   20.34000000  0.13691543E-05 -0.15220051E-08  0.34462729E-06   863.99999932   -23307.69347406
   10180   20.36000000  0.13205654E-05  0.14194746E-07  0.35798082E-06   863.99999932   -23307.69347390
   10190   20.38000000  0.12773813E-05  0.31467414E-07  0.36997856E-06   863.99999932   -23307.69347374
   10200   20.40000000  0.12402759E-05  0.50599926E-07  0.38074450E-06   863.99999932   -23307.69347358
   10210   20.42000000  0.12099361E-05  0.71871861E-07  0.39044422E-06   863.99999932   -23307.69347343
   10220   20.44000000  0.11870399E-05  0.95516657E-07  0.39927557E-06   863.99999932   -23307.69347327
   10230   20.46000000  0.11722314E-05  0.12170117E-06  0.40745828E-06   863.99999932   -23307.69347311
   10240   20.48000000  0.11660926E-05  0.15050765E-06  0.41522313E-06   863.99999932   -23307.69347295
   10250   20.50000000  0.11691142E-05  0.18191945E-06  0.42280168E-06   863.99999932   -23307.69347280
   10260   20.52000000  0.11816649E-05  0.21581083E-06  0.43041613E-06   863.99999932   -23307.69347264
   10270   20.54000000  0.12039636E-05  0.25194240E-06  0.43826937E-06   863.99999932   -23307.69347249
   10280   20.56000000  0.12360556E-05  0.28996064E-06  0.44653569E-06   863.99999932   -23307.69347233
   10290   20.58000000  0.12777919E-05  0.32940113E-06  0.45535327E-06   863.99999931   -23307.69347218
   10300   20.60000000  0.13288148E-05  0.36969795E-06  0.46481853E-06   863.99999931   -23307.69347202
   10310   20.62000000  0.13885509E-05  0.41019695E-06  0.47498151E-06   863.99999931   -23307.69347187
   10320   20.64000000  0.14562125E-05  0.45017147E-06  0.48584337E-06   863.99999931   -23307.69347171
   10330   20.66000000  0.15308054E-05  0.48884075E-06  0.49735672E-06   863.99999931   -23307.69347156
   10340   20.68000000  0.16111457E-05  0.52539186E-06  0.50942948E-06   863.99999931   -23307.69347140
   10350   20.70000000  0.16958834E-05  0.55900367E-06  0.52192876E-06   863.99999931   -23307.69347125
   10360   20.72000000  0.17835340E-05  0.58887025E-06  0.53468752E-06   863.99999931   -23307.69347110
   10370   20.74000000  0.18725141E-05  0.61422638E-06  0.54751440E-06   863.99999931   -23307.69347095
   10380   20.76000000  0.19611835E-05  0.63437331E-06  0.56020447E-06   863.99999931   -23307.69347080
   10390   20.78000000  0.20478880E-05  0.64870304E-06  0.57254966E-06   863.99999931   -23307.69347065
   10400   20.80000000  0.21310043E-05  0.65672066E-06  0.58434917E-06   863.99999931   -23307.69347051
   10410   20.82000000  0.22089848E-05  0.65806596E-06  0.59542078E-06   863.99999931   -23307.69347036
   10420   20.84000000  0.22803994E-05  0.65252992E-06  0.60561020E-06   863.99999931   -23307.69347022
   10430   20.86000000  0.23439726E-05  0.64006756E-06  0.61479749E-06   863.99999931   -23307.69347007
   10440   20.88000000  0.23986145E-05  0.62080605E-06  0.62290142E-06   863.99999930   -23307.69346993
   10450   20.90000000  0.24434453E-05  0.59504517E-06  0.62988140E-06   863.99999930   -23307.69346978
   10460   20.92000000  0.24778127E-05  0.56325267E-06  0.63573601E-06   863.99999930   -23307.69346963
   10470   20.94000000  0.25012991E-05  0.52605093E-06  0.64049896E-06   863.99999930   -23307.69346948
   10480   20.96000000  0.25137214E-05  0.48419848E-06  0.64423140E-06   863.99999930   -23307.69346934
   10490   20.98000000  0.25151225E-05  0.43856482E-06  0.64701169E-06   863.99999930   -23307.69346919
   10500   21.00000000  0.25057585E-05  0.39009910E-06  0.64892499E-06   863.99999930   -23307.69346904
   10510   21.02000000  0.24860774E-05  0.33979599E-06  0.65005303E-06   863.99999930   -23307.69346889
   10520   21.04000000  0.24566965E-05  0.28866019E-06  0.65046355E-06   863.99999930   -23307.69346874
   10530   21.06000000  0.24183755E-05  0.23767012E-06  0.65020029E-06   863.99999930   -23307.69346859
   10540   21.08000000  0.23719910E-05  0.18774242E-06  0.64927915E-06   863.99999930   -23307.69346844
   10550   21.10000000  0.23185103E-05  0.13970182E-06  0.64768731E-06   863.99999930   -23307.69346830
   10560   21.12000000  0.22589671E-05  0.94256973E-07  0.64538525E-06   863.99999930   -23307.69346815
   10570   21.14000000  0.21944392E-05  0.51981747E-07  0.64231386E-06   863.99999930   -23307.69346801
   10580   21.16000000  0.21260287E-05  0.13304310E-07  0.63840594E-06   863.99999929   -23307.69346787
   10590   21.18000000  0.20548459E-05 -0.21495651E-07  0.63360039E-06   863.99999929   -23307.69346773
   10600   21.20000000  0.19819943E-05 -0.52279864E-07  0.62785760E-06   863.99999929   -23307.69346759
   10610   21.22000000  0.19085579E-05 -0.79039015E-07  0.62117416E-06   863.99999929   -23307.69346745
   10620   21.24000000  0.18355912E-05 -0.10187324E-06  0.61359824E-06   863.99999929   -23307.69346731
   10630   21.26000000  0.17641110E-05 -0.12096824E-06  0.60524179E-06   863.99999929   -23307.69346717
   10640   21.28000000  0.16950877E-05 -0.13656758E-06  0.59628683E-06   863.99999929   -23307.69346704
   10650   21.30000000  0.16294379E-05 -0.14894394E-06  0.58698765E-06   863.99999929   -23307.69346690
   10660   21.32000000  0.15680182E-05 -0.15837100E-06  0.57766857E-06   863.99999929   -23307.69346675
   10670   21.34000000  0.15116194E-05 -0.16509823E-06  0.56871634E-06   863.99999929   -23307.69346661
   10680   21.36000000  0.14609599E-05 -0.16933005E-06  0.56056674E-06   863.99999929   -23307.69346647
   10690   21.38000000  0.14166784E-05 -0.17120891E-06  0.55368741E-06   863.99999929   -23307.69346632
   10700   21.40000000  0.13793278E-05 -0.17080648E-06  0.54855927E-06   863.99999929   -23307.69346617
   10710   21.42000000  0.13493688E-05 -0.16812116E-06  0.54565510E-06   863.99999929   -23307.69346602
   10720   21.44000000  0.13271627E-05 -0.16308239E-06  0.54541825E-06   863.99999929   -23307.69346587
   10730   21.46000000  0.13129640E-05 -0.15556129E-06  0.54824230E-06   863.99999928   -23307.69346572
   10740   21.48000000  0.13069122E-05 -0.14538790E-06  0.55445272E-06   863.99999928   -23307.69346556
   10750   21.50000000  0.13090276E-05 -0.13237170E-06  0.56429100E-06   863.99999928   -23307.69346540
   10760   21.52000000  0.13192059E-05 -0.11632609E-06  0.57790113E-06   863.99999928   -23307.69346525
   10770   21.54000000  0.13372150E-05 -0.97093970E-07  0.59532026E-06   863.99999928   -23307.69346509
   10780   21.56000000  0.13626956E-05 -0.74571930E-07  0.61647324E-06   863.99999928   -23307.69346493
   10790   21.58000000  0.13951671E-05 -0.48732181E-07  0.64116973E-06   863.99999928   -23307.69346477
   10800   21.60000000  0.14340347E-05 -0.19640336E-07  0.66910454E-06   863.99999928   -23307.69346462
   10810   21.62000000  0.14786023E-05  0.12532809E-07  0.69986240E-06   863.99999928   -23307.69346446
   10820   21.64000000  0.15280884E-05  0.47505875E-07  0.73292533E-06   863.99999928   -23307.69346431
   10830   21.66000000  0.15816471E-05  0.84888963E-07  0.76768290E-06   863.99999928   -23307.69346416
   10840   21.68000000  0.16383876E-05  0.12419122E-06  0.80344563E-06   863.99999928   -23307.69346401
   10850   21.70000000  0.16973981E-05  0.16483590E-06  0.83946095E-06   863.99999928   -23307.69346386
   10860   21.72000000  0.17577654E-05  0.20618006E-06  0.87493177E-06   863.99999928   -23307.69346371
   10870   21.74000000  0.18185950E-05  0.24753728E-06  0.90903750E-06   863.99999928   -23307.69346356
   10880   21.76000000  0.18790258E-05  0.28820225E-06  0.94095524E-06   863.99999927   -23307.69346341
   10890   21.78000000  0.19382425E-05  0.32747645E-06  0.96988192E-06   863.99999927   -23307.69346325
   10900   21.80000000  0.19954818E-05  0.36469199E-06  0.99505734E-06   863.99999927   -23307.69346310
   10910   21.82000000  0.20500369E-05  0.39923339E-06  0.10157851E-05   863.99999927   -23307.69346295
   10920   21.84000000  0.21012556E-05  0.43055604E-06  0.10314511E-05   863.99999927   -23307.69346280
   10930   21.86000000  0.21485390E-05  0.45820186E-06  0.10415411E-05   863.99999927   -23307.69346265
   10940   21.88000000  0.21913361E-05  0.48180950E-06  0.10456527E-05   863.99999927   -23307.69346250
   10950   21.90000000  0.22291403E-05  0.50112246E-06  0.10435052E-05   863.99999927   -23307.69346235
   10960   21.92000000  0.22614860E-05  0.51599344E-06  0.10349435E-05   863.99999927   -23307.69346220
   10970   21.94000000  0.22879479E-05  0.52638448E-06  0.10199402E-05   863.99999927   -23307.69346205
   10980   21.96000000  0.23081422E-05  0.53236437E-06  0.99859150E-06   863.99999927   -23307.69346190
   10990   21.98000000  0.23217315E-05  0.53410439E-06  0.97110945E-06   863.99999927   -23307.69346174
   11000   22.00000000  0.23284332E-05  0.53187006E-06  0.93781249E-06   863.99999927   -23307.69346159
   11010   22.02000000  0.23280291E-05  0.52601062E-06  0.89911389E-06   863.99999927   -23307.69346144
   11020   22.04000000  0.23203787E-05  0.51694643E-06  0.85550640E-06   863.99999926   -23307.69346128
   11030   22.06000000  0.23054321E-05  0.50515390E-06  0.80754662E-06   863.99999926   -23307.69346113
   11040   22.08000000  0.22832446E-05  0.49114993E-06  0.75583964E-06   863.99999926   -23307.69346097
   11050   22.10000000  0.22539876E-05  0.47547381E-06  0.70102378E-06   863.99999926   -23307.69346082
   11060   22.12000000  0.22179619E-05  0.45866861E-06  0.64375503E-06   863.99999926   -23307.69346066
   11070   22.14000000  0.21756043E-05  0.44126311E-06  0.58469279E-06   863.99999926   -23307.69346051
   11080   22.16000000  0.21274915E-05  0.42375460E-06  0.52448585E-06   863.99999926   -23307.69346036
   11090   22.18000000  0.20743382E-05  0.40659245E-06  0.46376136E-06   863.99999926   -23307.69346020
   11100   22.20000000  0.20169928E-05  0.39016510E-06  0.40311372E-06   863.99999926   -23307.69346005
   11110   22.22000000  0.19564267E-05  0.37478899E-06  0.34309581E-06   863.99999926   -23307.69345990
   11120   22.24000000  0.18937148E-05  0.36070117E-06  0.28421117E-06   863.99999926   -23307.69345975
   11130   22.26000000  0.18300139E-05  0.34805535E-06  0.22691095E-06   863.99999926   -23307.69345960
   11140   22.28000000  0.17665354E-05  0.33692280E-06  0.17159064E-06   863.99999926   -23307.69345944
   11150   22.30000000  0.17045130E-05  0.32729708E-06  0.11859175E-06   863.99999926   -23307.69345929
   11160   22.32000000  0.16451665E-05  0.31910091E-06  0.68205540E-07   863.99999926   -23307.69345914
   11170   22.34000000  0.15896659E-05  0.31219882E-06  0.20678746E-07   863.99999925   -23307.69345899
   11180   22.36000000  0.15390924E-05  0.30641165E-06 -0.23777114E-07   863.99999925   -23307.69345884
   11190   22.38000000  0.14944023E-05  0.30153294E-06 -0.64975415E-07   863.99999925   -23307.69345868
   11200   22.40000000  0.14563948E-05  0.29734526E-06 -0.10274324E-06   863.99999925   -23307.69345853
   11210   22.42000000  0.14256859E-05  0.29363681E-06 -0.13691100E-06   863.99999925   -23307.69345837
   11220   22.44000000  0.14026865E-05  0.29021632E-06 -0.16730229E-06   863.99999925   -23307.69345821
   11230   22.46000000  0.13875918E-05  0.28692338E-06 -0.19372491E-06   863.99999925   -23307.69345805
   11240   22.48000000  0.13803802E-05  0.28363437E-06 -0.21596611E-06   863.99999925   -23307.69345789
   11250   22.50000000  0.13808225E-05  0.28026437E-06 -0.23379080E-06   863.99999925   -23307.69345773
   11260   22.52000000  0.13884987E-05  0.27676442E-06 -0.24694202E-06   863.99999925   -23307.69345756
   11270   22.54000000  0.14028238E-05  0.27311272E-06 -0.25514502E-06   863.99999925   -23307.69345740
   11280   22.56000000  0.14230833E-05  0.26930211E-06 -0.25811470E-06   863.99999925   -23307.69345723
   11290   22.58000000  0.14484714E-05  0.26532703E-06 -0.25556548E-06   863.99999925   -23307.69345707
   11300   22.60000000  0.14781321E-05  0.26116771E-06 -0.24722412E-06   863.99999925   -23307.69345691
   11310   22.62000000  0.15112008E-05  0.25677531E-06 -0.23284345E-06   863.99999925   -23307.69345675
   11320   22.64000000  0.15468439E-05  0.25205941E-06 -0.21221624E-06   863.99999924   -23307.69345660
   11330   22.66000000  0.15842940E-05  0.24687830E-06 -0.18519007E-06   863.99999924   -23307.69345644
   11340   22.68000000  0.16228778E-05  0.24103333E-06 -0.15168247E-06   863.99999924   -23307.69345629
   11350   22.70000000  0.16620372E-05  0.23426827E-06 -0.11169392E-06   863.99999924   -23307.69345614
   11360   22.72000000  0.17013411E-05  0.22627190E-06 -0.65318461E-07   863.99999924   -23307.69345598
   11370   22.74000000  0.17404886E-05  0.21668550E-06 -0.12753851E-07   863.99999924   -23307.69345583
   11380   22.76000000  0.17793030E-05  0.20511450E-06  0.45692466E-07   863.99999924   -23307.69345568
   11390   22.78000000  0.18177170E-05  0.19114317E-06  0.10960039E-06   863.99999924   -23307.69345553
   11400   22.80000000  0.18557519E-05  0.17435243E-06  0.17843829E-06   863.99999924   -23307.69345538
   11410   22.82000000  0.18934909E-05  0.15434016E-06  0.25156530E-06   863.99999924   -23307.69345523
   11420   22.84000000  0.19310501E-05  0.13074141E-06  0.32824144E-06   863.99999924   -23307.69345508
   11430   22.86000000  0.19685462E-05  0.10325064E-06  0.40763865E-06   863.99999924   -23307.69345493
   11440   22.88000000  0.20060664E-05  0.71643340E-07  0.48885548E-06   863.99999924   -23307.69345478
   11450   22.90000000  0.20436411E-05  0.35796265E-07  0.57093405E-06   863.99999924   -23307.69345463
   11460   22.92000000  0.20812197E-05 -0.42948374E-08  0.65287981E-06   863.99999923   -23307.69345448
   11470   22.94000000  0.21186537E-05 -0.48500090E-07  0.73368211E-06   863.99999923   -23307.69345432
   11480   22.96000000  0.21556860E-05 -0.96544171E-07  0.81233404E-06   863.99999923   -23307.69345417
   11490   22.98000000  0.21919468E-05 -0.14800048E-06  0.88785235E-06   863.99999923   -23307.69345402
   11500   23.00000000  0.22269577E-05 -0.20228983E-06  0.95929634E-06   863.99999923   -23307.69345387
   11510   23.02000000  0.22601431E-05 -0.25868364E-06  0.10257850E-05   863.99999923   -23307.69345371
   11520   23.04000000  0.22908474E-05 -0.31631329E-06  0.10865114E-05   863.99999923   -23307.69345355
   11530   23.06000000  0.23183572E-05 -0.37418507E-06  0.11407539E-05   863.99999923   -23307.69345340
   11540   23.08000000  0.23419288E-05 -0.43119846E-06  0.11878882E-05   863.99999923   -23307.69345324
   11550   23.10000000  0.23608175E-05 -0.48616912E-06  0.12273929E-05   863.99999923   -23307.69345308
   11560   23.12000000  0.23743088E-05 -0.53785492E-06  0.12588531E-05   863.99999923   -23307.69345291
   11570   23.14000000  0.23817499E-05 -0.58498599E-06  0.12819638E-05   863.99999923   -23307.69345275
   11580   23.16000000  0.23825780E-05 -0.62629570E-06  0.12965295E-05   863.99999923   -23307.69345259
   11590   23.18000000  0.23763472E-05 -0.66055311E-06  0.13024608E-05   863.99999923   -23307.69345242
   11600   23.20000000  0.23627517E-05 -0.68659645E-06  0.12997688E-05   863.99999923   -23307.69345226
   11610   23.22000000  0.23416425E-05 -0.70336583E-06  0.12885587E-05   863.99999922   -23307.69345210
   11620   23.24000000  0.23130384E-05 -0.70993578E-06  0.12690223E-05   863.99999922   -23307.69345194
   11630   23.26000000  0.22771318E-05 -0.70554490E-06  0.12414284E-05   863.99999922   -23307.69345178
   11640   23.28000000  0.22342871E-05 -0.68962298E-06  0.12061133E-05   863.99999922   -23307.69345162
   11650   23.30000000  0.21850313E-05 -0.66181393E-06  0.11634721E-05   863.99999922   -23307.69345146
   11660   23.32000000  0.21300404E-05 -0.62199471E-06  0.11139503E-05   863.99999922   -23307.69345130
   11670   23.34000000  0.20701198E-05 -0.57028819E-06  0.10580365E-05   863.99999922   -23307.69345114
   11680   23.36000000  0.20061782E-05 -0.50707119E-06  0.99625713E-06   863.99999922   -23307.69345099
   11690   23.38000000  0.19391999E-05 -0.43297413E-06  0.92917259E-06   863.99999922   -23307.69345083
   11700   23.40000000  0.18702146E-05 -0.34887480E-06  0.85737621E-06   863.99999922   -23307.69345068
   11710   23.42000000  0.18002653E-05 -0.25588657E-06  0.78149308E-06   863.99999922   -23307.69345052
   11720   23.44000000  0.17303772E-05 -0.15533999E-06  0.70218015E-06   863.99999922   -23307.69345037
   11730   23.46000000  0.16615289E-05 -0.48755925E-07  0.62012845E-06   863.99999922   -23307.69345021
   11740   23.48000000  0.15946255E-05  0.62185400E-07  0.53606302E-06   863.99999922   -23307.69345005
   11750   23.50000000  0.15304764E-05  0.17567867E-06  0.45074221E-06   863.99999922   -23307.69344990
   11760   23.52000000  0.14697781E-05  0.28983306E-06  0.36495546E-06   863.99999921   -23307.69344974
   11770   23.54000000  0.14131029E-05  0.40271430E-06  0.27951958E-06   863.99999921   -23307.69344958
   11780   23.56000000  0.13608932E-05  0.51238850E-06  0.19527284E-06   863.99999921   -23307.69344943
   11790   23.58000000  0.13134618E-05  0.61696638E-06  0.11306655E-06   863.99999921   -23307.69344927
   11800   23.60000000  0.12709992E-05  0.71464570E-06  0.33755437E-07   863.99999921   -23307.69344911
   11810   23.62000000  0.12335858E-05  0.80375329E-06 -0.41812952E-07   863.99999921   -23307.69344895
   11820   23.64000000  0.12012084E-05  0.88278274E-06 -0.11280906E-06   863.99999921   -23307.69344879
   11830   23.66000000  0.11737813E-05  0.95042890E-06 -0.17843160E-06   863.99999921   -23307.69344863
   11840   23.68000000  0.11511685E-05  0.10056165E-05 -0.23791798E-06   863.99999921   -23307.69344848
   11850   23.70000000  0.11332081E-05  0.10475242E-05 -0.29055320E-06   863.99999921   -23307.69344832
   11860   23.72000000  0.11197347E-05  0.10756019E-05 -0.33567806E-06   863.99999921   -23307.69344817
   11870   23.74000000  0.11105994E-05  0.10895809E-05 -0.37269601E-06   863.99999921   -23307.69344801
   11880   23.76000000  0.11056869E-05  0.10894777E-05 -0.40107984E-06   863.99999921   -23307.69344786
   11890   23.78000000  0.11049270E-05  0.10755921E-05 -0.42037902E-06   863.99999921   -23307.69344771
   11900   23.80000000  0.11083008E-05  0.10484948E-05 -0.43022717E-06   863.99999920   -23307.69344756
   11910   23.82000000  0.11158415E-05  0.10090114E-05 -0.43034887E-06   863.99999920   -23307.69344741
   11920   23.84000000  0.11276282E-05  0.95819869E-06 -0.42056786E-06   863.99999920   -23307.69344726
   11930   23.86000000  0.11437750E-05  0.89731449E-06 -0.40081701E-06   863.99999920   -23307.69344711
   11940   23.88000000  0.11644153E-05  0.82778253E-06 -0.37114612E-06   863.99999920   -23307.69344697
   11950   23.90000000  0.11896819E-05  0.75115303E-06 -0.33172945E-06   863.99999920   -23307.69344682
   11960   23.92000000  0.12196850E-05  0.66905992E-06 -0.28287285E-06   863.99999920   -23307.69344667
   11970   23.94000000  0.12544907E-05  0.58317725E-06 -0.22501939E-06   863.99999920   -23307.69344653
   11980   23.96000000  0.12940972E-05  0.49517355E-06 -0.15875062E-06   863.99999920   -23307.69344638
   11990   23.98000000  0.13384139E-05  0.40666903E-06 -0.84785398E-07   863.99999920   -23307.69344624
   12000   24.00000000  0.13872446E-05  0.31919623E-06 -0.39758612E-08   863.99999920   -23307.69344609
   12010   24.02000000  0.14402752E-05  0.23416533E-06  0.82701419E-07   863.99999920   -23307.69344595
   12020   24.04000000  0.14970654E-05  0.15283382E-06  0.17415824E-06   863.99999920   -23307.69344581
   12030   24.06000000  0.15570484E-05  0.76283727E-07  0.26921080E-06   863.99999920   -23307.69344566
   12040   24.08000000  0.16195366E-05  0.54064390E-08  0.36659879E-06   863.99999920   -23307.69344552
   12050   24.10000000  0.16837347E-05 -0.59104411E-07  0.46500866E-06   863.99999919   -23307.69344538
   12060   24.12000000  0.17487588E-05 -0.11675601E-06  0.56309719E-06   863.99999919   -23307.69344523
   12070   24.14000000  0.18136618E-05 -0.16725096E-06  0.65951707E-06   863.99999919   -23307.69344509
   12080   24.16000000  0.18774619E-05 -0.21047804E-06  0.75294286E-06   863.99999919   -23307.69344494
   12090   24.18000000  0.19391758E-05 -0.24649702E-06  0.84209611E-06   863.99999919   -23307.69344479
   12100   24.20000000  0.19978521E-05 -0.27552029E-06  0.92576799E-06   863.99999919   -23307.69344464
   12110   24.22000000  0.20526032E-05 -0.29789347E-06  0.10028410E-05   863.99999919   -23307.69344449
   12120   24.24000000  0.21026337E-05 -0.31407343E-06  0.10723064E-05   863.99999919   -23307.69344434
   12130   24.26000000  0.21472670E-05 -0.32460488E-06  0.11332783E-05   863.99999919   -23307.69344419
   12140   24.28000000  0.21859630E-05 -0.33009616E-06  0.11850052E-05   863.99999919   -23307.69344403
   12150   24.30000000  0.22183307E-05 -0.33119709E-06  0.12268786E-05   863.99999919   -23307.69344388
   12160   24.32000000  0.22441338E-05 -0.32857587E-06  0.12584373E-05   863.99999919   -23307.69344373
   12170   24.34000000  0.22632883E-05 -0.32289738E-06  0.12793701E-05   863.99999919   -23307.69344357
   12180   24.36000000  0.22758556E-05 -0.31480361E-06  0.12895176E-05   863.99999919   -23307.69344342
   12190   24.38000000  0.22820290E-05 -0.30489539E-06  0.12888725E-05   863.99999919   -23307.69344326
   12200   24.40000000  0.22821175E-05 -0.29371724E-06  0.12775777E-05   863.99999918   -23307.69344311
   12210   24.42000000  0.22765260E-05 -0.28174407E-06  0.12559255E-05   863.99999918   -23307.69344296
   12220   24.44000000  0.22657342E-05 -0.26937226E-06  0.12243569E-05   863.99999918   -23307.69344280
   12230   24.46000000  0.22502760E-05 -0.25691413E-06  0.11834564E-05   863.99999918   -23307.69344265
   12240   24.48000000  0.22307194E-05 -0.24459462E-06  0.11339492E-05   863.99999918   -23307.69344250
   12250   24.50000000  0.22076484E-05 -0.23255237E-06  0.10766939E-05   863.99999918   -23307.69344234
   12260   24.52000000  0.21816448E-05 -0.22084536E-06  0.10126729E-05   863.99999918   -23307.69344219
   12270   24.54000000  0.21532759E-05 -0.20945827E-06  0.94297840E-06   863.99999918   -23307.69344204
   12280   24.56000000  0.21230830E-05 -0.19831095E-06  0.86879573E-06   863.99999918   -23307.69344189
   12290   24.58000000  0.20915719E-05 -0.18727079E-06  0.79138121E-06   863.99999918   -23307.69344174
   12300   24.60000000  0.20592051E-05 -0.17616551E-06  0.71203686E-06   863.99999918   -23307.69344159
   12310   24.62000000  0.20263970E-05 -0.16479447E-06  0.63208229E-06   863.99999918   -23307.69344144
   12320   24.64000000  0.19935093E-05 -0.15293950E-06  0.55282217E-06   863.99999918   -23307.69344129
   12330   24.66000000  0.19608460E-05 -0.14037506E-06  0.47551494E-06   863.99999918   -23307.69344115
   12340   24.68000000  0.19286500E-05 -0.12687775E-06  0.40134157E-06   863.99999917   -23307.69344100
   12350   24.70000000  0.18971003E-05 -0.11223223E-06  0.33137671E-06   863.99999917   -23307.69344085
   12360   24.72000000  0.18663076E-05 -0.96234315E-07  0.26656078E-06   863.99999917   -23307.69344070
   12370   24.74000000  0.18363129E-05 -0.78695856E-07  0.20767970E-06   863.99999917   -23307.69344055
   12380   24.76000000  0.18070869E-05 -0.59447058E-07  0.15535030E-06   863.99999917   -23307.69344040
   12390   24.78000000  0.17785330E-05 -0.38337890E-07  0.11001060E-06   863.99999917   -23307.69344025
   12400   24.80000000  0.17504917E-05 -0.15238460E-07  0.71917596E-07   863.99999917   -23307.69344010
   12410   24.82000000  0.17227510E-05  0.99584836E-08  0.41152547E-07   863.99999917   -23307.69343995
   12420   24.84000000  0.16950603E-05  0.37334068E-07  0.17631572E-07   863.99999917   -23307.69343980
   12430   24.86000000  0.16671491E-05  0.66939654E-07  0.11224672E-08   863.99999917   -23307.69343965
   12440   24.88000000  0.16387492E-05  0.98792731E-07 -0.87340543E-08   863.99999917   -23307.69343949
   12450   24.90000000  0.16096198E-05  0.13287068E-06 -0.12399410E-07   863.99999917   -23307.69343934
   12460   24.92000000  0.15795741E-05  0.16910300E-06 -0.10411959E-07   863.99999917   -23307.69343918
   12470   24.94000000  0.15485054E-05  0.20736422E-06 -0.33591881E-08   863.99999917   -23307.69343903
   12480   24.96000000  0.15164092E-05  0.24746646E-06  0.81476714E-08   863.99999917   -23307.69343888
   12490   24.98000000  0.14834016E-05  0.28915318E-06  0.23496675E-07   863.99999916   -23307.69343872
   12500   25.00000000  0.14497306E-05  0.33209483E-06  0.42095629E-07   863.99999916   -23307.69343857
   12510   25.02000000  0.14157806E-05  0.37588600E-06  0.63388245E-07   863.99999916   -23307.69343841
   12520   25.04000000  0.13820667E-05  0.42004641E-06  0.86865559E-07   863.99999916   -23307.69343826
   12530   25.06000000  0.13492206E-05  0.46402684E-06  0.11207311E-06   863.99999916   -23307.69343810
   12540   25.08000000  0.13179689E-05  0.50721833E-06  0.13861386E-06   863.99999916   -23307.69343795
   12550   25.10000000  0.12891041E-05  0.54896507E-06  0.16614807E-06   863.99999916   -23307.69343780
   12560   25.12000000  0.12634500E-05  0.58858089E-06  0.19438854E-06   863.99999916   -23307.69343765
   12570   25.14000000  0.12418236E-05  0.62537048E-06  0.22309517E-06   863.99999916   -23307.69343750
   12580   25.16000000  0.12249969E-05  0.65865121E-06  0.25206725E-06   863.99999916   -23307.69343735
   12590   25.18000000  0.12136599E-05  0.68777496E-06  0.28113534E-06   863.99999916   -23307.69343720
   12600   25.20000000  0.12083876E-05  0.71215020E-06  0.31015316E-06   863.99999916   -23307.69343706
   12610   25.22000000  0.12096107E-05  0.73126203E-06  0.33899149E-06   863.99999916   -23307.69343691
   12620   25.24000000  0.12175951E-05  0.74468737E-06  0.36753078E-06   863.99999916   -23307.69343677
   12630   25.26000000  0.12324292E-05  0.75210740E-06  0.39565731E-06   863.99999916   -23307.69343663
   12640   25.28000000  0.12540193E-05  0.75331443E-06  0.42326061E-06   863.99999915   -23307.69343648
   12650   25.30000000  0.12820926E-05  0.74821294E-06  0.45023316E-06   863.99999915   -23307.69343634
   12660   25.32000000  0.13162099E-05  0.73681700E-06  0.47647021E-06   863.99999915   -23307.69343619
   12670   25.34000000  0.13557831E-05  0.71924387E-06  0.50187134E-06   863.99999915   -23307.69343604
   12680   25.36000000  0.14001004E-05  0.69570397E-06  0.52634360E-06   863.99999915   -23307.69343590
   12690   25.38000000  0.14483536E-05  0.66648801E-06  0.54980340E-06   863.99999915   -23307.69343575
   12700   25.40000000  0.14996681E-05  0.63195461E-06  0.57217898E-06   863.99999915   -23307.69343560
   12710   25.42000000  0.15531345E-05  0.59251764E-06  0.59340978E-06   863.99999915   -23307.69343545
   12720   25.44000000  0.16078374E-05  0.54863534E-06  0.61344528E-06   863.99999915   -23307.69343529
   12730   25.46000000  0.16628821E-05  0.50079845E-06  0.63224089E-06   863.99999915   -23307.69343514
   12740   25.48000000  0.17174181E-05  0.44952242E-06  0.64975289E-06   863.99999915   -23307.69343499
   12750   25.50000000  0.17706590E-05  0.39534145E-06  0.66593106E-06   863.99999915   -23307.69343484
   12760   25.52000000  0.18218961E-05  0.33880388E-06  0.68070937E-06   863.99999915   -23307.69343469
   12770   25.54000000  0.18705090E-05  0.28046816E-06  0.69399825E-06   863.99999915   -23307.69343454
   12780   25.56000000  0.19159717E-05  0.22090073E-06  0.70567793E-06   863.99999914   -23307.69343439
   12790   25.58000000  0.19578556E-05  0.16067498E-06  0.71559286E-06   863.99999914   -23307.69343424
   12800   25.60000000  0.19958300E-05  0.10036933E-06  0.72354914E-06   863.99999914   -23307.69343409
   12810   25.62000000  0.20296590E-05  0.40564860E-07  0.72931701E-06   863.99999914   -23307.69343395
   12820   25.64000000  0.20591980E-05 -0.18158167E-07  0.73263749E-06   863.99999914   -23307.69343380
   12830   25.66000000  0.20843892E-05 -0.75223487E-07  0.73323198E-06   863.99999914   -23307.69343365
   12840   25.68000000  0.21052547E-05 -0.13006388E-06  0.73081607E-06   863.99999914   -23307.69343350
   12850   25.70000000  0.21218889E-05 -0.18212739E-06  0.72511651E-06   863.99999914   -23307.69343335
   12860   25.72000000  0.21344489E-05 -0.23088457E-06  0.71588988E-06   863.99999914   -23307.69343320
   12870   25.74000000  0.21431448E-05 -0.27583586E-06  0.70294107E-06   863.99999914   -23307.69343305
   12880   25.76000000  0.21482273E-05 -0.31651949E-06  0.68614087E-06   863.99999914   -23307.69343290
   12890   25.78000000  0.21499751E-05 -0.35251914E-06  0.66544253E-06   863.99999914   -23307.69343274
   12900   25.80000000  0.21486812E-05 -0.38347277E-06  0.64089433E-06   863.99999914   -23307.69343259
   12910   25.82000000  0.21446385E-05 -0.40907942E-06  0.61264748E-06   863.99999914   -23307.69343244
   12920   25.84000000  0.21381270E-05 -0.42910599E-06  0.58096029E-06   863.99999914   -23307.69343229
   12930   25.86000000  0.21294003E-05 -0.44339337E-06  0.54619738E-06   863.99999913   -23307.69343213
   12940   25.88000000  0.21186757E-05 -0.45186164E-06  0.50882384E-06   863.99999913   -23307.69343198
   12950   25.90000000  0.21061271E-05 -0.45451336E-06  0.46939462E-06   863.99999913   -23307.69343183
   12960   25.92000000  0.20918779E-05 -0.45143522E-06  0.42853990E-06   863.99999913   -23307.69343167
   12970   25.94000000  0.20759995E-05 -0.44279943E-06  0.38694750E-06   863.99999913   -23307.69343152
   12980   25.96000000  0.20585127E-05 -0.42886147E-06  0.34534194E-06   863.99999913   -23307.69343136
   12990   25.98000000  0.20393917E-05 -0.40995568E-06  0.30446161E-06   863.99999913   -23307.69343121
   13000   26.00000000  0.20185707E-05 -0.38648847E-06  0.26503562E-06   863.99999913   -23307.69343106
   13010   26.02000000  0.19959531E-05 -0.35893067E-06  0.22776105E-06   863.99999913   -23307.69343090
   13020   26.04000000  0.19714237E-05 -0.32780493E-06  0.19328139E-06   863.99999913   -23307.69343075
   13030   26.06000000  0.19448629E-05 -0.29367223E-06  0.16216528E-06   863.99999913   -23307.69343061
   13040   26.08000000  0.19161603E-05 -0.25711713E-06  0.13488973E-06   863.99999913   -23307.69343046
   13050   26.10000000  0.18852305E-05 -0.21873272E-06  0.11182607E-06   863.99999913   -23307.69343031
   13060   26.12000000  0.18520291E-05 -0.17910392E-06  0.93229106E-07   863.99999913   -23307.69343017
   13070   26.14000000  0.18165670E-05 -0.13879258E-06  0.79230091E-07   863.99999912   -23307.69343002
   13080   26.16000000  0.17789233E-05 -0.98324273E-07  0.69833454E-07   863.99999912   -23307.69342988
   13090   26.18000000  0.17392562E-05 -0.58177529E-07  0.64917654E-07   863.99999912   -23307.69342974
   13100   26.20000000  0.16978116E-05 -0.18774690E-07  0.64239898E-07   863.99999912   -23307.69342960
   13110   26.22000000  0.16549273E-05  0.19522865E-07  0.67443523E-07   863.99999912   -23307.69342946
   13120   26.24000000  0.16110341E-05  0.56415145E-07  0.74070100E-07   863.99999912   -23307.69342932
   13130   26.26000000  0.15666528E-05  0.91661857E-07  0.83574128E-07   863.99999912   -23307.69342917
   13140   26.28000000  0.15223861E-05  0.12507691E-06  0.95341718E-07   863.99999912   -23307.69342903
   13150   26.30000000  0.14789090E-05  0.15651945E-06  0.10871050E-06   863.99999912   -23307.69342888
   13160   26.32000000  0.14369551E-05  0.18588126E-06  0.12299387E-06   863.99999912   -23307.69342873
   13170   26.34000000  0.13972995E-05  0.21307402E-06  0.13750586E-06   863.99999912   -23307.69342858
   13180   26.36000000  0.13607409E-05  0.23801578E-06  0.15158684E-06   863.99999912   -23307.69342842
   13190   26.38000000  0.13280818E-05  0.26061706E-06  0.16462749E-06   863.99999912   -23307.69342826
   13200   26.40000000  0.13001083E-05  0.28076731E-06  0.17609335E-06   863.99999912   -23307.69342810
   13210   26.42000000  0.12775710E-05  0.29832555E-06  0.18554560E-06   863.99999912   -23307.69342794
   13220   26.44000000  0.12611630E-05  0.31311508E-06  0.19265559E-06   863.99999911   -23307.69342778
   13230   26.46000000  0.12515003E-05  0.32492119E-06  0.19721434E-06   863.99999911   -23307.69342762
   13240   26.48000000  0.12491028E-05  0.33349244E-06  0.19913714E-06   863.99999911   -23307.69342746
   13250   26.50000000  0.12543761E-05  0.33855092E-06  0.19846133E-06   863.99999911   -23307.69342730
   13260   26.52000000  0.12675925E-05  0.33980514E-06  0.19533541E-06   863.99999911   -23307.69342713
   13270   26.54000000  0.12888744E-05  0.33696743E-06  0.19000397E-06   863.99999911   -23307.69342697
   13280   26.56000000  0.13181813E-05  0.32977402E-06  0.18278875E-06   863.99999911   -23307.69342682
   13290   26.58000000  0.13552971E-05  0.31800823E-06  0.17406660E-06   863.99999911   -23307.69342666
   13300   26.60000000  0.13998227E-05  0.30152479E-06  0.16424488E-06   863.99999911   -23307.69342650
   13310   26.62000000  0.14511718E-05  0.28027088E-06  0.15373997E-06   863.99999911   -23307.69342635
   13320   26.64000000  0.15085729E-05  0.25430554E-06  0.14295623E-06   863.99999911   -23307.69342620
   13330   26.66000000  0.15710789E-05  0.22381498E-06  0.13226918E-06   863.99999911   -23307.69342605
   13340   26.68000000  0.16375800E-05  0.18912421E-06  0.12201322E-06   863.99999911   -23307.69342590
   13350   26.70000000  0.17068245E-05  0.15070072E-06  0.11247475E-06   863.99999911   -23307.69342574
   13360   26.72000000  0.17774464E-05  0.10915335E-06  0.10388873E-06   863.99999911   -23307.69342559
   13370   26.74000000  0.18479988E-05  0.65224507E-07  0.96440204E-07   863.99999910   -23307.69342544
   13380   26.76000000  0.19169894E-05  0.19777667E-07  0.90270690E-07   863.99999910   -23307.69342529
   13390   26.78000000  0.19829207E-05 -0.26221709E-07  0.85484831E-07   863.99999910   -23307.69342514
   13400   26.80000000  0.20443312E-05 -0.71727679E-07  0.82158289E-07   863.99999910   -23307.69342498
   13410   26.82000000  0.20998368E-05 -0.11564019E-06  0.80347845E-07   863.99999910   -23307.69342482
   13420   26.84000000  0.21481701E-05 -0.15683356E-06  0.80100205E-07   863.99999910   -23307.69342467
   13430   26.86000000  0.21882169E-05 -0.19418702E-06  0.81458271E-07   863.99999910   -23307.69342451
   13440   26.88000000  0.22190462E-05 -0.22661571E-06  0.84465964E-07   863.99999910   -23307.69342434
   13450   26.90000000  0.22399362E-05 -0.25310151E-06  0.89172883E-07   863.99999910   -23307.69342418
   13460   26.92000000  0.22503941E-05 -0.27272383E-06  0.95635943E-07   863.99999910   -23307.69342402
   13470   26.94000000  0.22501667E-05 -0.28468919E-06  0.10391837E-06   863.99999910   -23307.69342386
   13480   26.96000000  0.22392429E-05 -0.28835719E-06  0.11408879E-06   863.99999910   -23307.69342370
   13490   26.98000000  0.22178501E-05 -0.28326338E-06  0.12621990E-06   863.99999910   -23307.69342354
   13500   27.00000000  0.21864436E-05 -0.26913691E-06  0.14038523E-06   863.99999910   -23307.69342338
   13510   27.02000000  0.21456883E-05 -0.24591476E-06  0.15665692E-06   863.99999909   -23307.69342323
   13520   27.04000000  0.20964325E-05 -0.21374756E-06  0.17510328E-06   863.99999909   -23307.69342307
   13530   27.06000000  0.20396802E-05 -0.17299956E-06  0.19578534E-06   863.99999909   -23307.69342291
   13540   27.08000000  0.19765587E-05 -0.12424009E-06  0.21875459E-06   863.99999909   -23307.69342275
   13550   27.10000000  0.19082844E-05 -0.68229198E-07  0.24405059E-06   863.99999909   -23307.69342260
   13560   27.12000000  0.18361258E-05 -0.58968212E-08  0.27169786E-06   863.99999909   -23307.69342244
   13570   27.14000000  0.17613698E-05  0.61684245E-07  0.30170121E-06   863.99999909   -23307.69342229
   13580   27.16000000  0.16852886E-05  0.13332991E-06  0.33404300E-06   863.99999909   -23307.69342213
   13590   27.18000000  0.16091099E-05  0.20777744E-06  0.36867844E-06   863.99999909   -23307.69342198
   13600   27.20000000  0.15339910E-05  0.28371907E-06  0.40553087E-06   863.99999909   -23307.69342182
   13610   27.22000000  0.14609970E-05  0.35983322E-06  0.44448675E-06   863.99999909   -23307.69342167
   13620   27.24000000  0.13910841E-05  0.43481467E-06  0.48539177E-06   863.99999909   -23307.69342152
   13630   27.26000000  0.13250897E-05  0.50739907E-06  0.52804774E-06   863.99999909   -23307.69342136
   13640   27.28000000  0.12637257E-05  0.57638360E-06  0.57220984E-06   863.99999909   -23307.69342121
   13650   27.30000000  0.12075782E-05  0.64064378E-06  0.61758584E-06   863.99999909   -23307.69342105
   13660   27.32000000  0.11571117E-05  0.69914519E-06  0.66383766E-06   863.99999908   -23307.69342090
   13670   27.34000000  0.11126778E-05  0.75095291E-06  0.71058329E-06   863.99999908   -23307.69342074
   13680   27.36000000  0.10745274E-05  0.79523823E-06  0.75740071E-06   863.99999908   -23307.69342058
   13690   27.38000000  0.10428243E-05  0.83128523E-06  0.80383294E-06   863.99999908   -23307.69342042
   13700   27.40000000  0.10176604E-05  0.85849521E-06  0.84939410E-06   863.99999908   -23307.69342026
   13710   27.42000000  0.99907163E-06  0.87639221E-06  0.89357563E-06   863.99999908   -23307.69342010
   13720   27.44000000  0.98705172E-06  0.88462841E-06  0.93585251E-06   863.99999908   -23307.69341993
   13730   27.46000000  0.98156366E-06  0.88298982E-06  0.97568960E-06   863.99999908   -23307.69341977
   13740   27.48000000  0.98254760E-06  0.87140117E-06  0.10125486E-05   863.99999908   -23307.69341961
   13750   27.50000000  0.98992487E-06  0.84993003E-06  0.10458936E-05   863.99999908   -23307.69341945
   13760   27.52000000  0.10035988E-05  0.81878950E-06  0.10751982E-05   863.99999908   -23307.69341930
   13770   27.54000000  0.10234503E-05  0.77833919E-06  0.10999519E-05   863.99999908   -23307.69341914
   13780   27.56000000  0.10493295E-05  0.72908321E-06  0.11196682E-05   863.99999908   -23307.69341899
   13790   27.58000000  0.10810453E-05  0.67166619E-06  0.11338921E-05   863.99999908   -23307.69341884
   13800   27.60000000  0.11183553E-05  0.60686618E-06  0.11422097E-05   863.99999908   -23307.69341869
   13810   27.62000000  0.11609533E-05  0.53558447E-06  0.11442574E-05   863.99999907   -23307.69341854
   13820   27.64000000  0.12084581E-05  0.45883244E-06  0.11397313E-05   863.99999907   -23307.69341839
   13830   27.66000000  0.12604056E-05  0.37771572E-06  0.11283979E-05   863.99999907   -23307.69341824
   13840   27.68000000  0.13162450E-05  0.29341557E-06  0.11101026E-05   863.99999907   -23307.69341809
   13850   27.70000000  0.13753402E-05  0.20716785E-06  0.10847770E-05   863.99999907   -23307.69341794
   13860   27.72000000  0.14369741E-05  0.12023995E-06  0.10524472E-05   863.99999907   -23307.69341778
   13870   27.74000000  0.15003597E-05  0.33906564E-07  0.10132371E-05   863.99999907   -23307.69341763
   13880   27.76000000  0.15646569E-05 -0.50576375E-07  0.96737034E-06   863.99999907   -23307.69341748
   13890   27.78000000  0.16289946E-05 -0.13199738E-06  0.91517178E-06   863.99999907   -23307.69341733
   13900   27.80000000  0.16924942E-05 -0.20921433E-06  0.85706414E-06   863.99999907   -23307.69341717
   13910   27.82000000  0.17542967E-05 -0.28117907E-06  0.79356209E-06   863.99999907   -23307.69341702
   13920   27.84000000  0.18135908E-05 -0.34695938E-06  0.72526358E-06   863.99999907   -23307.69341686
   13930   27.86000000  0.18696410E-05 -0.40575811E-06  0.65284131E-06   863.99999907   -23307.69341670
   13940   27.88000000  0.19218114E-05 -0.45692872E-06  0.57702991E-06   863.99999907   -23307.69341654
   13950   27.90000000  0.19695861E-05 -0.49998790E-06  0.49861015E-06   863.99999906   -23307.69341638
   13960   27.92000000  0.20125845E-05 -0.53462275E-06  0.41839372E-06   863.99999906   -23307.69341622
   13970   27.94000000  0.20505710E-05 -0.56069345E-06  0.33720795E-06   863.99999906   -23307.69341606
   13980   27.96000000  0.20834571E-05 -0.57823132E-06  0.25587803E-06   863.99999906   -23307.69341590
   13990   27.98000000  0.21112957E-05 -0.58743256E-06  0.17521019E-06   863.99999906   -23307.69341574
   14000   28.00000000  0.21342718E-05 -0.58864750E-06  0.95976468E-07   863.99999906   -23307.69341558
   14010   28.02000000  0.21526843E-05 -0.58236479E-06  0.18900038E-07   863.99999906   -23307.69341542
   14020   28.04000000  0.21669257E-05 -0.56919218E-06 -0.55355990E-07   863.99999906   -23307.69341526
   14030   28.06000000  0.21774560E-05 -0.54983570E-06 -0.12619790E-06   863.99999906   -23307.69341511
   14040   28.08000000  0.21847763E-05 -0.52507558E-06 -0.19310783E-06   863.99999906   -23307.69341495
   14050   28.10000000  0.21894004E-05 -0.49574023E-06 -0.25564644E-06   863.99999906   -23307.69341480
   14060   28.12000000  0.21918266E-05 -0.46268000E-06 -0.31345221E-06   863.99999906   -23307.69341465
   14070   28.14000000  0.21925117E-05 -0.42674335E-06 -0.36623858E-06   863.99999906   -23307.69341451
   14080   28.16000000  0.21918475E-05 -0.38875235E-06 -0.41378892E-06   863.99999906   -23307.69341436
   14090   28.18000000  0.21901415E-05 -0.34948033E-06 -0.45594806E-06   863.99999906   -23307.69341421
   14100   28.20000000  0.21876011E-05 -0.30963428E-06 -0.49261462E-06   863.99999905   -23307.69341407
   14110   28.22000000  0.21843239E-05 -0.26983920E-06 -0.52373148E-06   863.99999905   -23307.69341392
   14120   28.24000000  0.21802937E-05 -0.23062684E-06 -0.54927788E-06   863.99999905   -23307.69341378
   14130   28.26000000  0.21753837E-05 -0.19242857E-06 -0.56926085E-06   863.99999905   -23307.69341363
   14140   28.28000000  0.21693647E-05 -0.15557244E-06 -0.58370900E-06   863.99999905   -23307.69341348
   14150   28.30000000  0.21619199E-05 -0.12028320E-06 -0.59266654E-06   863.99999905   -23307.69341334
   14160   28.32000000  0.21526643E-05 -0.86687674E-07 -0.59618977E-06   863.99999905   -23307.69341319
   14170   28.34000000  0.21411701E-05 -0.54822088E-07 -0.59434408E-06   863.99999905   -23307.69341304
   14180   28.36000000  0.21269936E-05 -0.24643088E-07 -0.58720173E-06   863.99999905   -23307.69341289
   14190   28.38000000  0.21097036E-05  0.39593090E-08 -0.57484102E-06   863.99999905   -23307.69341274
   14200   28.40000000  0.20889093E-05  0.31146410E-07 -0.55734691E-06   863.99999905   -23307.69341259
   14210   28.42000000  0.20642852E-05  0.57114864E-07 -0.53481075E-06   863.99999905   -23307.69341244
   14220   28.44000000  0.20355929E-05  0.82079118E-07 -0.50733228E-06   863.99999905   -23307.69341229
   14230   28.46000000  0.20026966E-05  0.10625478E-06 -0.47502211E-06   863.99999905   -23307.69341214
   14240   28.48000000  0.19655730E-05  0.12984214E-06 -0.43800492E-06   863.99999905   -23307.69341199
   14250   28.50000000  0.19243129E-05  0.15301125E-06 -0.39642390E-06   863.99999904   -23307.69341185
   14260   28.52000000  0.18791183E-05  0.17588934E-06 -0.35044697E-06   863.99999904   -23307.69341170
   14270   28.54000000  0.18302937E-05  0.19855039E-06 -0.30027181E-06   863.99999904   -23307.69341155
   14280   28.56000000  0.17782319E-05  0.22100850E-06 -0.24613267E-06   863.99999904   -23307.69341140
   14290   28.58000000  0.17233973E-05  0.24321610E-06 -0.18830771E-06   863.99999904   -23307.69341125
   14300   28.60000000  0.16663094E-05  0.26506526E-06 -0.12712420E-06   863.99999904   -23307.69341110
   14310   28.62000000  0.16075263E-05  0.28639312E-06 -0.62962472E-07   863.99999904   -23307.69341095
   14320   28.64000000  0.15476299E-05  0.30699147E-06  0.37420813E-08   863.99999904   -23307.69341080
   14330   28.66000000  0.14872141E-05  0.32661927E-06  0.72499914E-07   863.99999904   -23307.69341065
   14340   28.68000000  0.14268783E-05  0.34501708E-06  0.14277022E-06   863.99999904   -23307.69341050
   14350   28.70000000  0.13672220E-05  0.36192142E-06  0.21396993E-06   863.99999904   -23307.69341034
   14360   28.72000000  0.13088448E-05  0.37707970E-06  0.28548372E-06   863.99999904   -23307.69341019
   14370   28.74000000  0.12523474E-05  0.39026198E-06  0.35667661E-06   863.99999904   -23307.69341004
   14380   28.76000000  0.11983332E-05  0.40127061E-06  0.42690922E-06   863.99999904   -23307.69340988
   14390   28.78000000  0.11474096E-05  0.40994610E-06  0.49555487E-06   863.99999903   -23307.69340973
   14400   28.80000000  0.11001881E-05  0.41616846E-06  0.56201601E-06   863.99999903   -23307.69340957
   14410   28.82000000  0.10572794E-05  0.41985486E-06  0.62573950E-06   863.99999903   -23307.69340941
   14420   28.84000000  0.10192858E-05  0.42095448E-06  0.68622953E-06   863.99999903   -23307.69340926
   14430   28.86000000  0.98678964E-06  0.41944077E-06  0.74305870E-06   863.99999903   -23307.69340910
   14440   28.88000000  0.96033715E-06  0.41530211E-06  0.79587532E-06   863.99999903   -23307.69340894
   14450   28.90000000  0.94041848E-06  0.40853212E-06  0.84440706E-06   863.99999903   -23307.69340879
   14460   28.92000000  0.92744759E-06  0.39912256E-06  0.88845889E-06   863.99999903   -23307.69340863
   14470   28.94000000  0.92174067E-06  0.38705653E-06  0.92790953E-06   863.99999903   -23307.69340847
   14480   28.96000000  0.92349588E-06  0.37230357E-06  0.96270536E-06   863.99999903   -23307.69340832
   14490   28.98000000  0.93277636E-06  0.35482040E-06  0.99285002E-06   863.99999903   -23307.69340817
   14500   29.00000000  0.94949750E-06  0.33455236E-06  0.10183937E-05   863.99999903   -23307.69340802
   14510   29.02000000  0.97341923E-06  0.31143819E-06  0.10394215E-05   863.99999903   -23307.69340786
   14520   29.04000000  0.10041449E-05  0.28541829E-06  0.10560437E-05   863.99999903   -23307.69340771
   14530   29.06000000  0.10411272E-05  0.25644469E-06  0.10683851E-05   863.99999903   -23307.69340757
   14540   29.08000000  0.10836796E-05  0.22449072E-06  0.10765777E-05   863.99999902   -23307.69340742
   14550   29.10000000  0.11309927E-05  0.18956322E-06  0.10807552E-05   863.99999902   -23307.69340727
   14560   29.12000000  0.11821582E-05  0.15171452E-06  0.10810492E-05   863.99999902   -23307.69340712
   14570   29.14000000  0.12361960E-05  0.11105151E-06  0.10775893E-05   863.99999902   -23307.69340697
   14580   29.16000000  0.12920835E-05  0.67743498E-07  0.10705030E-05   863.99999902   -23307.69340682
   14590   29.18000000  0.13487864E-05  0.22028765E-07  0.10599186E-05   863.99999902   -23307.69340668
   14600   29.20000000  0.14052929E-05 -0.25783223E-07  0.10459687E-05   863.99999902   -23307.69340653
   14610   29.22000000  0.14606444E-05 -0.75311840E-07  0.10287932E-05   863.99999902   -23307.69340638
   14620   29.24000000  0.15139644E-05 -0.12610953E-06  0.10085423E-05   863.99999902   -23307.69340623
   14630   29.26000000  0.15644844E-05 -0.17766787E-06  0.98537807E-06   863.99999902   -23307.69340608
   14640   29.28000000  0.16115655E-05 -0.22942545E-06  0.95947515E-06   863.99999902   -23307.69340592
   14650   29.30000000  0.16547132E-05 -0.28077860E-06  0.93101763E-06   863.99999902   -23307.69340577
   14660   29.32000000  0.16935855E-05 -0.33109261E-06  0.90019570E-06   863.99999902   -23307.69340561
   14670   29.34000000  0.17279949E-05 -0.37971345E-06  0.86719976E-06   863.99999902   -23307.69340546
   14680   29.36000000  0.17579013E-05 -0.42597898E-06  0.83221374E-06   863.99999902   -23307.69340530
   14690   29.38000000  0.17833978E-05 -0.46922888E-06  0.79540680E-06   863.99999901   -23307.69340515
   14700   29.40000000  0.18046898E-05 -0.50881599E-06  0.75692620E-06   863.99999901   -23307.69340500
   14710   29.42000000  0.18220708E-05 -0.54411562E-06  0.71689042E-06   863.99999901   -23307.69340484
   14720   29.44000000  0.18358921E-05 -0.57453535E-06  0.67538442E-06   863.99999901   -23307.69340469
   14730   29.46000000  0.18465321E-05 -0.59952407E-06  0.63245732E-06   863.99999901   -23307.69340454
   14740   29.48000000  0.18543670E-05 -0.61858242E-06  0.58812403E-06   863.99999901   -23307.69340439
   14750   29.50000000  0.18597456E-05 -0.63127399E-06  0.54236860E-06   863.99999901   -23307.69340424
   14760   29.52000000  0.18629668E-05 -0.63723809E-06  0.49515162E-06   863.99999901   -23307.69340409
   14770   29.54000000  0.18642660E-05 -0.63620146E-06  0.44642114E-06   863.99999901   -23307.69340394
   14780   29.56000000  0.18638088E-05 -0.62799172E-06  0.39612653E-06   863.99999901   -23307.69340379
   14790   29.58000000  0.18616931E-05 -0.61255106E-06  0.34423208E-06   863.99999901   -23307.69340365
   14800   29.60000000  0.18579593E-05 -0.58994815E-06  0.29073366E-06   863.99999901   -23307.69340350
   14810   29.62000000  0.18526073E-05 -0.56038747E-06  0.23567449E-06   863.99999901   -23307.69340335
   14820   29.64000000  0.18456177E-05 -0.52421576E-06  0.17916118E-06   863.99999901   -23307.69340321
   14830   29.66000000  0.18369775E-05 -0.48192299E-06  0.12137542E-06   863.99999900   -23307.69340306
   14840   29.68000000  0.18267079E-05 -0.43414022E-06  0.62584064E-07   863.99999900   -23307.69340291
   14850   29.70000000  0.18148873E-05 -0.38163045E-06  0.31467497E-08   863.99999900   -23307.69340276
   14860   29.72000000  0.18016715E-05 -0.32527288E-06 -0.56482698E-07   863.99999900   -23307.69340262
   14870   29.74000000  0.17873102E-05 -0.26604181E-06 -0.11575889E-06   863.99999900   -23307.69340247
   14880   29.76000000  0.17721562E-05 -0.20498106E-06 -0.17405302E-06   863.99999900   -23307.69340232
   14890   29.78000000  0.17566621E-05 -0.14317422E-06 -0.23066532E-06   863.99999900   -23307.69340217
   14900   29.80000000  0.17413709E-05 -0.81711147E-07 -0.28484212E-06   863.99999900   -23307.69340203
   14910   29.82000000  0.17269003E-05 -0.21653564E-07 -0.33579708E-06   863.99999900   -23307.69340188
   14920   29.84000000  0.17139177E-05  0.35997709E-07 -0.38273610E-06   863.99999900   -23307.69340174
   14930   29.86000000  0.17031079E-05  0.90333721E-07 -0.42488322E-06   863.99999900   -23307.69340159
   14940   29.88000000  0.16951386E-05  0.14056440E-06 -0.46150610E-06   863.99999900   -23307.69340145
   14950   29.90000000  0.16906231E-05  0.18603909E-06 -0.49194161E-06   863.99999900   -23307.69340131
   14960   29.92000000  0.16900836E-05  0.22625994E-06 -0.51562103E-06   863.99999900   -23307.69340117
   14970   29.94000000  0.16939161E-05  0.26088788E-06 -0.53208899E-06   863.99999900   -23307.69340103
   14980   29.96000000  0.17023606E-05  0.28974059E-06 -0.54101871E-06   863.99999899   -23307.69340089
   14990   29.98000000  0.17154773E-05  0.31278268E-06 -0.54222360E-06   863.99999899   -23307.69340075
   15000   30.00000000  0.17331300E-05  0.33010849E-06 -0.53566461E-06   863.99999899   -23307.69340060
=== application breakdown [s] ===
total calculation time,7402.19453692
rt calculation                         min         max     average   std. dev.  difference    relative
rt initialization              0.60320E-04 0.48804E-03 0.17166E-03 0.50082E-04 0.42772E-03 0.80909E+01
reading lda data               0.37567E+01 0.37632E+01 0.37590E+01 0.93995E-03 0.64540E-02 0.10017E+01
reading rt data                0.22039E-02 0.36321E-02 0.25843E-02 0.26434E-03 0.14281E-02 0.16480E+01
prep. time prop.               0.32806E-03 0.63291E-02 0.10060E-02 0.24468E-03 0.60010E-02 0.19292E+02
rt iterations                  0.73972E+04 0.73972E+04 0.73972E+04 0.13492E-03 0.10161E-02 0.10000E+01
after writing rt data          0.19073E-05 0.97879E+00 0.11761E-03 0.10317E-01 0.97878E+00 0.51317E+06
in rt iterations                       min         max     average   std. dev.  difference    relative
Vbox                           0.13155E+01 0.15426E+01 0.14205E+01 0.31195E-01 0.22710E+00 0.11726E+01
time propagation               0.56315E+04 0.58271E+04 0.57539E+04 0.31893E+02 0.19563E+03 0.10347E+01
calculating rho                0.12815E+03 0.31861E+03 0.19885E+03 0.31826E+02 0.19046E+03 0.24862E+01
Hartree routine                0.38874E+02 0.48818E+02 0.44828E+02 0.17879E+01 0.99435E+01 0.12558E+01
Exc_Cor routine                0.63834E+01 0.97256E+01 0.81796E+01 0.49102E+00 0.33422E+01 0.15236E+01
calculating curr               0.11560E+04 0.11561E+04 0.11560E+04 0.18264E-01 0.99234E-01 0.10001E+01
calc. projection               0.41058E-02 0.92371E-02 0.59007E-02 0.62635E-03 0.51312E-02 0.22498E+01
writing energies               0.14923E+01 0.19904E+01 0.16012E+01 0.12798E+00 0.49812E+00 0.13338E+01
calc_eigen_energy              0.21080E+03 0.21135E+03 0.21100E+03 0.80865E-01 0.54558E+00 0.10026E+01
calc_total_energy_periodic     0.17178E+02 0.21578E+02 0.18764E+02 0.66545E+00 0.43996E+01 0.12561E+01
writing info etc.              0.92454E-02 0.43726E+00 0.11447E-01 0.45567E-02 0.42801E+00 0.47295E+02
total_energy module                    min         max     average   std. dev.  difference    relative
periodic calc.                 0.29307E+01 0.96665E+01 0.48293E+01 0.14965E+01 0.67358E+01 0.32984E+01
periodic comm. coll.           0.87625E+01 0.18113E+02 0.13918E+02 0.16446E+01 0.93502E+01 0.20671E+01
eigen_energy calc.             0.35147E+02 0.38852E+02 0.37782E+02 0.39356E+00 0.37047E+01 0.11054E+01
eigen_energy comm. coll.       0.41364E+01 0.11520E+02 0.76627E+01 0.83552E+00 0.73838E+01 0.27851E+01
eigen_energy hpsi              0.14779E+03 0.15399E+03 0.14993E+03 0.77090E+00 0.61927E+01 0.10419E+01
density_matrix module                  min         max     average   std. dev.  difference    relative
density calc.                  0.80939E+02 0.14136E+03 0.10816E+03 0.11124E+02 0.60424E+02 0.17465E+01
density comm. coll.            0.29535E+02 0.18372E+03 0.90443E+02 0.23707E+02 0.15418E+03 0.62203E+01
current calc.                  0.25252E+03 0.27489E+03 0.26099E+03 0.34614E+01 0.22370E+02 0.10886E+01
current rDivided uVpsi calc.   0.11436E+03 0.11737E+03 0.11551E+03 0.45757E+00 0.30081E+01 0.10263E+01
current comm. coll.            0.81832E+02 0.12963E+03 0.10810E+03 0.53463E+01 0.47802E+02 0.15841E+01
current comm. halo.            0.64061E+03 0.70406E+03 0.67128E+03 0.80052E+01 0.63458E+02 0.10991E+01
conjugate_gradient module              min         max     average   std. dev.  difference    relative
subspace_diag module                   min         max     average   std. dev.  difference    relative
subspace_diag so module                min         max     average   std. dev.  difference    relative
force module                           min         max     average   std. dev.  difference    relative
init_ps                                min         max     average   std. dev.  difference    relative
hamiltonian module                     min         max     average   std. dev.  difference    relative
total                          0.49443E+04 0.51502E+04 0.50344E+04 0.31336E+02 0.20596E+03 0.10417E+01
update overlap (comm.)         0.26299E+04 0.30529E+04 0.27812E+04 0.54089E+02 0.42302E+03 0.11609E+01
stencil                        0.10750E+04 0.13621E+04 0.11821E+04 0.24952E+02 0.28710E+03 0.12671E+01
subtraction                    0.24657E+02 0.31239E+02 0.28574E+02 0.43833E+00 0.65823E+01 0.12670E+01
pseudo-pt                      0.94234E+03 0.11098E+04 0.10207E+04 0.24880E+02 0.16748E+03 0.11777E+01
pseudo-pt (comm.)              0.40147E+02 0.28035E+03 0.13685E+03 0.30995E+02 0.24020E+03 0.69831E+01
hpsi-overlapped                        min         max     average   std. dev.  difference    relative
checkpoint/restart                     min         max     average   std. dev.  difference    relative
restart self                   0.18480E+01 0.22601E+01 0.18584E+01 0.29154E-01 0.41211E+00 0.12230E+01
restart sync                   0.22558E+01 0.22656E+01 0.22604E+01 0.13763E-02 0.98000E-02 0.10043E+01
=== performance [GFLOPS] ===
end SALMON
