##############################################################################
# SALMON: Scalable Ab-initio Light-Matter simulator for Optics and Nanoscience
#
#                             Version 2.2.1
##############################################################################
  Libxc: [enabled] 6.2.2
   theory= tddft_pulse
 
 Total time step      =       15000
 Time step[fs]        =  2.000000000000000E-003
 Energy range         =        3000
 Energy resolution[eV]=  1.000000000000000E-002
Laser frequency     = 0.17 1.50[eV]
Pulse width of laser=     12.00000000      5.80000000[fs]
Laser intensity     =  0.00000000E+00  0.60000000E+12[W/cm^2]
delay time          =      0.00000000[fs]
   use of real value orbitals =  F
 ======
 MPI distribution:
   nproc_k     :         125
   nproc_ob    :           4
   nproc_rgrid :           3           2           3
 OpenMP parallelization:
   number of threads :           1
 hpsi stencil:
   enables hand-coding vectorization : F
   enables openmp parallelization    : F
 current:
   k,orbital parallelized of openmp  : T
 force:
   k,orbital parallelized of openmp  : T
 ===================pseudopotential data===================
 ik ,atom_symbol=           1 Si
 ps_format =KY              
 ps_file =./Si_rps.dat
 Zps(ik), Mlps(ik) =           4           2
 Rps(ik), NRps(ik) =   2.26767135054939              122
 Lref(ik) =           2
 nproj(ik,l) =           1           1           1
 anorm(ik,l) =  0.6193218      0.3646551      0.0000000E+00
 inorm(ik,l) =           1           1           0
 Mass(ik) =   28.0000000000000     
 flag_nlcc_element(ik) = F
 ==========================================================
 flag_nlcc =  F
 
 ============init_ps==============
 end init_ps
 Maximal rho_NLCC= 0.000000000000000E+000
 Maximal tau_NLCC= 0.000000000000000E+000
 == Ewald ==
 cutoff length in real-space in ewald =  4.00 [A]
 (buffer length in bookkeeping =  2.00 [A])
 cutoff length in G-space in ewald =  0.1870828864+102 [1/A]
 number of ion-ion pair(/atom) used for allocation of bookkeeping=    68
 ===========
   Static dipole moment(xyz) =   -0.7049457855E+04   -0.7052103528E+04   -0.7048051271E+04
 
 
  time-step  time[fs]                               Current(xyz)[a.u.]      electrons Total energy[eV] 
#----------------------------------------------------------------------
      10    0.02000000 -0.16925021E-12  0.20039300E-12 -0.19280384E-12   864.00000000   -23331.94415369
      20    0.04000000  0.30241995E-12 -0.15824516E-12 -0.40134124E-12   864.00000000   -23331.94415369
      30    0.06000000  0.47144136E-12 -0.60370510E-12 -0.38686173E-12   864.00000000   -23331.94415369
      40    0.08000000 -0.41371381E-12 -0.32304497E-12 -0.74847866E-13   864.00000000   -23331.94415369
      50    0.10000000 -0.10350322E-11  0.50356716E-14  0.41979466E-12   864.00000000   -23331.94415369
      60    0.12000000 -0.76535471E-12  0.46226821E-13  0.76991100E-12   864.00000000   -23331.94415369
      70    0.14000000 -0.44584080E-12 -0.80854681E-13  0.10457473E-11   864.00000000   -23331.94415369
      80    0.16000000 -0.66679851E-12 -0.56555652E-13  0.13499058E-11   864.00000000   -23331.94415369
      90    0.18000000 -0.11073302E-11  0.10270504E-12  0.14277467E-11   864.00000000   -23331.94415369
     100    0.20000000 -0.13700252E-11  0.19697644E-12  0.11630951E-11   864.00000000   -23331.94415369
     110    0.22000000 -0.11915131E-11  0.82177801E-14  0.84923253E-12   863.99999999   -23331.94415369
     120    0.24000000 -0.10434131E-11 -0.27072066E-12  0.44750589E-12   863.99999999   -23331.94415370
     130    0.26000000 -0.12984484E-11 -0.47204312E-12 -0.12549691E-12   863.99999999   -23331.94415370
     140    0.28000000 -0.15417628E-11 -0.60037901E-12 -0.47164251E-12   863.99999999   -23331.94415370
     150    0.30000000 -0.11022300E-11 -0.41810218E-12 -0.48999211E-12   863.99999999   -23331.94415370
     160    0.32000000 -0.64520890E-12 -0.30426072E-12 -0.52048600E-12   863.99999999   -23331.94415370
     170    0.34000000 -0.53139869E-12 -0.34885513E-12 -0.63887035E-12   863.99999999   -23331.94415370
     180    0.36000000 -0.23338211E-12 -0.21366373E-12 -0.53099550E-12   863.99999999   -23331.94415370
     190    0.38000000  0.18660038E-12 -0.80463187E-13 -0.26000156E-12   863.99999999   -23331.94415370
     200    0.40000000  0.48625930E-12 -0.11602058E-12 -0.36681828E-13   863.99999999   -23331.94415370
     210    0.42000000  0.47282723E-12 -0.91402858E-13  0.12693483E-12   863.99999999   -23331.94415370
     220    0.44000000  0.41277111E-12 -0.17933427E-12  0.13383745E-12   863.99999999   -23331.94415370
     230    0.46000000  0.17492988E-12 -0.13010970E-12  0.29612519E-13   863.99999999   -23331.94415370
     240    0.48000000 -0.18923588E-12 -0.17786086E-12 -0.33437731E-13   863.99999999   -23331.94415370
     250    0.50000000 -0.46084975E-12 -0.17922724E-12 -0.10930697E-12   863.99999999   -23331.94415370
     260    0.52000000 -0.61447128E-12 -0.22613853E-12 -0.38044259E-13   863.99999999   -23331.94415370
     270    0.54000000 -0.62053382E-12 -0.40586383E-12  0.13177456E-12   863.99999999   -23331.94415370
     280    0.56000000 -0.54345823E-12 -0.33899300E-12  0.38558227E-12   863.99999999   -23331.94415370
     290    0.58000000 -0.30740761E-12 -0.87870906E-13  0.69364302E-12   863.99999999   -23331.94415371
     300    0.60000000 -0.20119971E-12  0.12872401E-12  0.80426160E-12   863.99999999   -23331.94415371
     310    0.62000000 -0.17904381E-12  0.12726550E-12  0.66833557E-12   863.99999999   -23331.94415371
     320    0.64000000  0.20248337E-12  0.11897031E-12  0.64017737E-12   863.99999999   -23331.94415371
     330    0.66000000  0.52367062E-12  0.31310924E-12  0.54546570E-12   863.99999999   -23331.94415371
     340    0.68000000  0.46562268E-12  0.58497392E-12  0.23430750E-12   863.99999999   -23331.94415371
     350    0.70000000  0.38045902E-12  0.62174223E-12 -0.12021307E-13   863.99999998   -23331.94415371
     360    0.72000000  0.46939746E-12  0.48023916E-12 -0.31523854E-12   863.99999998   -23331.94415371
     370    0.74000000  0.62076680E-12  0.52237926E-12 -0.45355822E-12   863.99999998   -23331.94415371
     380    0.76000000  0.48794444E-12  0.68192943E-12 -0.67482564E-12   863.99999998   -23331.94415371
     390    0.78000000  0.12390517E-12  0.47253250E-12 -0.90178547E-12   863.99999998   -23331.94415371
     400    0.80000000 -0.48907331E-13 -0.37146954E-13 -0.97825246E-12   863.99999998   -23331.94415371
     410    0.82000000  0.28100127E-12 -0.10521796E-12 -0.73081374E-12   863.99999998   -23331.94415371
     420    0.84000000  0.52926613E-12  0.33080333E-13 -0.43132394E-12   863.99999998   -23331.94415371
     430    0.86000000  0.52112917E-12  0.13059728E-13 -0.10903279E-12   863.99999998   -23331.94415371
     440    0.88000000  0.66928083E-12 -0.24533817E-12  0.89474638E-14   863.99999998   -23331.94415371
     450    0.90000000  0.94854913E-12 -0.13773994E-12 -0.36170714E-13   863.99999998   -23331.94415371
     460    0.92000000  0.82717013E-12  0.27844772E-12  0.45414893E-13   863.99999998   -23331.94415372
     470    0.94000000  0.53563563E-12  0.48183007E-12  0.35121358E-12   863.99999998   -23331.94415372
     480    0.96000000  0.25934355E-12  0.43132197E-12  0.30047821E-12   863.99999998   -23331.94415372
     490    0.98000000  0.13098009E-12  0.30931622E-12  0.85570946E-13   863.99999998   -23331.94415372
     500    1.00000000  0.26796562E-13  0.32272025E-12  0.14838372E-12   863.99999998   -23331.94415372
     510    1.02000000 -0.14186712E-12  0.26653298E-12  0.44857861E-12   863.99999998   -23331.94415372
     520    1.04000000 -0.33770636E-12  0.25199675E-12  0.35416899E-12   863.99999998   -23331.94415372
     530    1.06000000 -0.40616080E-12  0.17645292E-12  0.14108081E-12   863.99999998   -23331.94415372
     540    1.08000000 -0.18096728E-12  0.71850879E-13  0.42945356E-13   863.99999998   -23331.94415372
     550    1.10000000  0.50637214E-13  0.55497325E-14  0.25822477E-12   863.99999998   -23331.94415372
     560    1.12000000  0.11689167E-12  0.13860120E-13  0.26639064E-12   863.99999998   -23331.94415372
     570    1.14000000 -0.75708816E-13  0.34788820E-13  0.12079611E-12   863.99999998   -23331.94415372
     580    1.16000000 -0.11559271E-12 -0.59221430E-13  0.85231053E-13   863.99999997   -23331.94415372
     590    1.18000000  0.23133270E-12 -0.94422198E-13  0.15440908E-12   863.99999997   -23331.94415372
     600    1.20000000  0.39662338E-12  0.99244859E-13  0.12638979E-12   863.99999997   -23331.94415372
     610    1.22000000  0.80491769E-13  0.15835292E-12 -0.21068519E-12   863.99999997   -23331.94415372
     620    1.24000000 -0.11304630E-12  0.14556110E-12 -0.47033456E-12   863.99999997   -23331.94415372
     630    1.26000000  0.22425908E-12  0.12412431E-12 -0.16399215E-12   863.99999997   -23331.94415372
     640    1.28000000  0.45950485E-12  0.10987426E-12  0.31641908E-13   863.99999997   -23331.94415373
     650    1.30000000  0.12815087E-12  0.73898035E-13 -0.51079816E-13   863.99999997   -23331.94415373
     660    1.32000000 -0.20545612E-13  0.33489966E-12 -0.92415684E-13   863.99999997   -23331.94415373
     670    1.34000000  0.28633481E-12  0.36700586E-12  0.74031368E-13   863.99999997   -23331.94415373
     680    1.36000000  0.35189208E-12  0.25505622E-12  0.16737035E-12   863.99999997   -23331.94415373
     690    1.38000000 -0.10924922E-13  0.14425633E-12  0.11484552E-12   863.99999997   -23331.94415373
     700    1.40000000 -0.40896534E-12 -0.14735604E-13  0.18298321E-12   863.99999997   -23331.94415373
     710    1.42000000 -0.35575651E-12 -0.39260281E-12  0.32171422E-12   863.99999997   -23331.94415373
     720    1.44000000 -0.35178809E-12 -0.77634992E-12  0.24074656E-12   863.99999997   -23331.94415373
     730    1.46000000 -0.39767155E-12 -0.81581529E-12 -0.27897306E-13   863.99999997   -23331.94415373
     740    1.48000000 -0.61731023E-12 -0.63492643E-12 -0.70671019E-13   863.99999997   -23331.94415373
     750    1.50000000 -0.67325947E-12 -0.58867830E-12 -0.63268820E-13   863.99999997   -23331.94415373
     760    1.52000000 -0.40407493E-12 -0.49131755E-12 -0.30815651E-14   863.99999997   -23331.94415373
     770    1.54000000 -0.39094123E-12 -0.29928697E-12  0.20246604E-12   863.99999997   -23331.94415373
     780    1.56000000 -0.46282994E-12 -0.83806861E-13  0.27880369E-12   863.99999997   -23331.94415373
     790    1.58000000 -0.54240068E-12  0.15954508E-12  0.43680273E-12   863.99999997   -23331.94415373
     800    1.60000000 -0.30566440E-12  0.20260798E-12  0.50311882E-12   863.99999997   -23331.94415373
     810    1.62000000 -0.82880470E-13  0.22610606E-12  0.52058354E-12   863.99999996   -23331.94415373
     820    1.64000000 -0.68338778E-14  0.19270025E-12  0.40550509E-12   863.99999996   -23331.94415374
     830    1.66000000  0.77037274E-13  0.22560438E-12  0.82878353E-13   863.99999996   -23331.94415374
     840    1.68000000  0.28436135E-12  0.21846338E-12 -0.81705911E-13   863.99999996   -23331.94415374
     850    1.70000000  0.46893089E-12 -0.29164368E-13 -0.11580703E-12   863.99999996   -23331.94415374
     860    1.72000000  0.33453264E-12 -0.31201037E-12 -0.22771431E-12   863.99999996   -23331.94415374
     870    1.74000000  0.18629387E-12 -0.24759783E-12 -0.41713629E-12   863.99999996   -23331.94415374
     880    1.76000000  0.34886613E-12 -0.18873809E-12 -0.46441200E-12   863.99999996   -23331.94415374
     890    1.78000000  0.40877838E-12 -0.24630152E-12 -0.35547936E-12   863.99999996   -23331.94415374
     900    1.80000000  0.56561475E-13 -0.14072851E-12 -0.36662079E-12   863.99999996   -23331.94415374
     910    1.82000000 -0.13722413E-12 -0.79089449E-13 -0.27875381E-12   863.99999996   -23331.94415374
     920    1.84000000 -0.81255166E-13 -0.17582669E-13 -0.14947574E-12   863.99999996   -23331.94415374
     930    1.86000000 -0.60424651E-13 -0.50020639E-13 -0.10047571E-12   863.99999996   -23331.94415374
     940    1.88000000 -0.13666433E-12 -0.22981871E-13 -0.18228325E-12   863.99999996   -23331.94415374
     950    1.90000000 -0.28264139E-12  0.31041373E-13 -0.17194757E-12   863.99999996   -23331.94415374
     960    1.92000000 -0.44900715E-12 -0.34738010E-13  0.59854346E-14   863.99999996   -23331.94415374
     970    1.94000000 -0.44602097E-12 -0.19333519E-12  0.53328790E-13   863.99999996   -23331.94415374
     980    1.96000000 -0.33368961E-12 -0.30147527E-12  0.57418944E-13   863.99999996   -23331.94415374
     990    1.98000000 -0.24951770E-12 -0.30715851E-12  0.11230042E-12   863.99999996   -23331.94415374
    1000    2.00000000 -0.39719957E-12 -0.66189717E-13  0.35282596E-12   863.99999996   -23331.94415375
    1010    2.02000000 -0.19803044E-12  0.34665109E-12  0.43937715E-12   863.99999996   -23331.94415375
    1020    2.04000000  0.13892448E-12  0.35820934E-12  0.40902917E-12   863.99999996   -23331.94415375
    1030    2.06000000  0.37690272E-12  0.26292137E-12  0.43229955E-12   863.99999996   -23331.94415375
    1040    2.08000000  0.23001606E-12  0.25684253E-12  0.37355648E-12   863.99999995   -23331.94415375
    1050    2.10000000  0.10985459E-12  0.23998493E-12  0.90140298E-13   863.99999995   -23331.94415375
    1060    2.12000000  0.28972003E-12 -0.90392833E-13 -0.86115014E-13   863.99999995   -23331.94415375
    1070    2.14000000  0.37357449E-12 -0.41031374E-12 -0.18130941E-12   863.99999995   -23331.94415375
    1080    2.16000000  0.21107470E-12 -0.41032742E-12 -0.26104890E-12   863.99999995   -23331.94415375
    1090    2.18000000  0.84095914E-13 -0.28617715E-12 -0.58363891E-12   863.99999995   -23331.94415375
    1100    2.20000000  0.10165098E-12 -0.54837945E-13 -0.69096136E-12   863.99999995   -23331.94415375
    1110    2.22000000  0.20698645E-12  0.15156130E-12 -0.51416857E-12   863.99999995   -23331.94415375
    1120    2.24000000  0.35264957E-12  0.34559628E-12 -0.27053562E-12   863.99999995   -23331.94415375
    1130    2.26000000  0.41193042E-12  0.48916789E-12 -0.16566384E-12   863.99999995   -23331.94415375
    1140    2.28000000  0.29933780E-12  0.57313984E-12 -0.86897806E-13   863.99999995   -23331.94415375
    1150    2.30000000  0.29954721E-12  0.40638122E-12 -0.55578234E-13   863.99999995   -23331.94415375
    1160    2.32000000  0.36953885E-12  0.21228781E-12  0.12890869E-13   863.99999995   -23331.94415375
    1170    2.34000000  0.18565900E-12  0.76559236E-13 -0.98089841E-13   863.99999995   -23331.94415375
    1180    2.36000000 -0.77937638E-13  0.48216149E-13 -0.29460357E-12   863.99999995   -23331.94415376
    1190    2.38000000 -0.12768643E-12 -0.59678442E-13 -0.32353574E-12   863.99999995   -23331.94415376
    1200    2.40000000 -0.26817802E-12 -0.27299584E-12 -0.20995582E-12   863.99999995   -23331.94415376
    1210    2.42000000 -0.64533842E-12 -0.20705711E-12 -0.15474370E-12   863.99999995   -23331.94415376
    1220    2.44000000 -0.60741562E-12  0.85262226E-14 -0.22297867E-12   863.99999995   -23331.94415376
    1230    2.46000000 -0.46457690E-12 -0.94695305E-15  0.92193647E-13   863.99999995   -23331.94415376
    1240    2.48000000 -0.28634417E-12 -0.10776301E-12  0.42547695E-12   863.99999995   -23331.94415376
    1250    2.50000000 -0.21373849E-12 -0.14845577E-12  0.47908183E-12   863.99999995   -23331.94415376
    1260    2.52000000 -0.29215984E-12 -0.83680131E-13  0.37743938E-12   863.99999995   -23331.94415376
    1270    2.54000000 -0.24480965E-12  0.11361842E-13  0.53660796E-12   863.99999994   -23331.94415376
    1280    2.56000000 -0.42101158E-13 -0.10702058E-12  0.49280009E-12   863.99999994   -23331.94415376
    1290    2.58000000  0.17458747E-12 -0.12275508E-12  0.26705531E-12   863.99999994   -23331.94415376
    1300    2.60000000  0.30850071E-12  0.62769394E-13  0.70647115E-13   863.99999994   -23331.94415376
    1310    2.62000000  0.50915059E-12  0.79208590E-13  0.24175827E-13   863.99999994   -23331.94415376
    1320    2.64000000  0.45877232E-12 -0.13549790E-12  0.22114245E-13   863.99999994   -23331.94415376
    1330    2.66000000  0.40999876E-12 -0.20029068E-12 -0.12449692E-12   863.99999994   -23331.94415376
    1340    2.68000000  0.31461610E-12  0.24667386E-13 -0.30897721E-12   863.99999994   -23331.94415376
    1350    2.70000000  0.25730962E-12  0.28714297E-12 -0.33256387E-12   863.99999994   -23331.94415377
    1360    2.72000000  0.21383747E-12  0.28320650E-12 -0.24500673E-12   863.99999994   -23331.94415377
    1370    2.74000000  0.96763731E-13  0.34843869E-12 -0.41220117E-12   863.99999994   -23331.94415377
    1380    2.76000000 -0.68592432E-13  0.51926003E-12 -0.54095625E-12   863.99999994   -23331.94415377
    1390    2.78000000 -0.32120785E-12  0.40427519E-12 -0.38050762E-12   863.99999994   -23331.94415377
    1400    2.80000000 -0.29111324E-12  0.39716606E-13 -0.17434729E-12   863.99999994   -23331.94415377
    1410    2.82000000 -0.28215331E-12 -0.28028941E-12 -0.16461332E-12   863.99999994   -23331.94415377
    1420    2.84000000 -0.36000007E-12 -0.52213572E-12 -0.15367377E-12   863.99999994   -23331.94415377
    1430    2.86000000 -0.39671603E-12 -0.54784104E-12  0.15272486E-12   863.99999994   -23331.94415377
    1440    2.88000000 -0.16211859E-12 -0.37173222E-12  0.28950446E-12   863.99999994   -23331.94415377
    1450    2.90000000 -0.10676468E-12 -0.19609404E-12  0.16615026E-12   863.99999994   -23331.94415377
    1460    2.92000000 -0.94262899E-13 -0.24852068E-13  0.28734988E-12   863.99999994   -23331.94415377
    1470    2.94000000 -0.26365759E-13  0.69977543E-13  0.37945375E-12   863.99999994   -23331.94415377
    1480    2.96000000  0.13242780E-12  0.15984752E-12  0.43726271E-12   863.99999994   -23331.94415377
    1490    2.98000000  0.10253974E-12  0.14424450E-13  0.16481616E-12   863.99999994   -23331.94415377
    1500    3.00000000  0.34700959E-13  0.27709406E-14  0.19330333E-12   863.99999993   -23331.94415377
    1510    3.02000000  0.23733764E-12  0.58142593E-13  0.22874823E-12   863.99999993   -23331.94415377
    1520    3.04000000  0.19738471E-12 -0.19528734E-13  0.26976581E-12   863.99999993   -23331.94415377
    1530    3.06000000  0.97738309E-13 -0.10317308E-12  0.14657397E-12   863.99999993   -23331.94415378
    1540    3.08000000  0.10141760E-12 -0.44076067E-13  0.20153488E-12   863.99999993   -23331.94415378
    1550    3.10000000  0.14033469E-12  0.13504784E-12  0.28722734E-12   863.99999993   -23331.94415378
    1560    3.12000000  0.10180287E-12  0.13030050E-12  0.81607717E-11   863.99999993   -23331.94415378
    1570    3.14000000  0.19636888E-13  0.89711086E-13  0.10386779E-09   863.99999993   -23331.94415378
    1580    3.16000000  0.62922890E-13  0.18591561E-12  0.41254953E-09   863.99999993   -23331.94415378
    1590    3.18000000  0.15174186E-12  0.38968825E-12  0.96082175E-09   863.99999993   -23331.94415378
    1600    3.20000000  0.34035710E-12  0.53771327E-12  0.15336329E-08   863.99999993   -23331.94415378
    1610    3.22000000  0.19634041E-12  0.86419627E-12  0.15445402E-08   863.99999993   -23331.94415378
    1620    3.24000000 -0.59732966E-13  0.89693060E-12 -0.77439059E-10   863.99999993   -23331.94415378
    1630    3.26000000 -0.25216887E-12  0.39246176E-12 -0.49773411E-08   863.99999993   -23331.94415378
    1640    3.28000000 -0.38485041E-12 -0.10370981E-11 -0.15438711E-07   863.99999993   -23331.94415378
    1650    3.30000000 -0.45895177E-12 -0.44931798E-11 -0.34423183E-07   863.99999993   -23331.94415376
    1660    3.32000000  0.72149071E-12 -0.12484750E-10 -0.65582111E-07   863.99999993   -23331.94415372
    1670    3.34000000  0.47007410E-11 -0.28000251E-10 -0.11324368E-06   863.99999993   -23331.94415358
    1680    3.36000000  0.13352936E-10 -0.55209439E-10 -0.18237716E-06   863.99999993   -23331.94415324
    1690    3.38000000  0.29179398E-10 -0.99525107E-10 -0.27853182E-06   863.99999993   -23331.94415248
    1700    3.40000000  0.56036938E-10 -0.16768045E-09 -0.40775368E-06   863.99999993   -23331.94415090
    1710    3.42000000  0.99237827E-10 -0.26717771E-09 -0.57647908E-06   863.99999993   -23331.94414785
    1720    3.44000000  0.16488565E-09 -0.40630883E-09 -0.79140872E-06   863.99999993   -23331.94414228
    1730    3.46000000  0.26043637E-09 -0.59456155E-09 -0.10593616E-05   863.99999992   -23331.94413257
    1740    3.48000000  0.39541524E-09 -0.84141528E-09 -0.13871122E-05   863.99999992   -23331.94411634
    1750    3.50000000  0.58102701E-09 -0.11561024E-08 -0.17812149E-05   863.99999992   -23331.94409022
    1760    3.52000000  0.82970471E-09 -0.15475127E-08 -0.22478191E-05   863.99999992   -23331.94404953
    1770    3.54000000  0.11559538E-08 -0.20233795E-08 -0.27924744E-05   863.99999992   -23331.94398796
    1780    3.56000000  0.15761833E-08 -0.25901402E-08 -0.34199336E-05   863.99999992   -23331.94389731
    1790    3.58000000  0.21084878E-08 -0.32520567E-08 -0.41339570E-05   863.99999992   -23331.94376706
    1800    3.60000000  0.27728389E-08 -0.40110359E-08 -0.49371213E-05   863.99999992   -23331.94358411
    1810    3.62000000  0.35901995E-08 -0.48663527E-08 -0.58306347E-05   863.99999992   -23331.94333244
    1820    3.64000000  0.45830197E-08 -0.58139908E-08 -0.68141637E-05   863.99999992   -23331.94299295
    1830    3.66000000  0.57746713E-08 -0.68461351E-08 -0.78856759E-05   863.99999992   -23331.94254332
    1840    3.68000000  0.71890581E-08 -0.79511539E-08 -0.90412995E-05   863.99999992   -23331.94195798
    1850    3.70000000  0.88496231E-08 -0.91129324E-08 -0.10275204E-04   863.99999992   -23331.94120834
    1860    3.72000000  0.10779194E-07 -0.10310723E-07 -0.11579503E-04   863.99999992   -23331.94026312
    1870    3.74000000  0.12999935E-07 -0.11519354E-07 -0.12944184E-04   863.99999992   -23331.93908895
    1880    3.76000000  0.15532092E-07 -0.12708692E-07 -0.14357060E-04   863.99999992   -23331.93765116
    1890    3.78000000  0.18393111E-07 -0.13843419E-07 -0.15803758E-04   863.99999992   -23331.93591483
    1900    3.80000000  0.21597045E-07 -0.14883964E-07 -0.17267734E-04   863.99999992   -23331.93384612
    1910    3.82000000  0.25154840E-07 -0.15786737E-07 -0.18730314E-04   863.99999992   -23331.93141380
    1920    3.84000000  0.29072775E-07 -0.16504142E-07 -0.20170784E-04   863.99999992   -23331.92859090
    1930    3.86000000  0.33351400E-07 -0.16984913E-07 -0.21566493E-04   863.99999992   -23331.92535667
    1940    3.88000000  0.37985150E-07 -0.17175308E-07 -0.22893004E-04   863.99999992   -23331.92169846
    1950    3.90000000  0.42962324E-07 -0.17020179E-07 -0.24124275E-04   863.99999992   -23331.91761370
    1960    3.92000000  0.48263678E-07 -0.16462708E-07 -0.25232867E-04   863.99999991   -23331.91311179
    1970    3.94000000  0.53862201E-07 -0.15446048E-07 -0.26190186E-04   863.99999991   -23331.90821572
    1980    3.96000000  0.59722249E-07 -0.13914647E-07 -0.26966754E-04   863.99999991   -23331.90296343
    1990    3.98000000  0.65799260E-07 -0.11814929E-07 -0.27532503E-04   863.99999991   -23331.89740870
    2000    4.00000000  0.72039605E-07 -0.90957401E-08 -0.27857096E-04   863.99999991   -23331.89162140
    2010    4.02000000  0.78380272E-07 -0.57104984E-08 -0.27910264E-04   863.99999991   -23331.88568714
    2020    4.04000000  0.84748398E-07 -0.16183942E-08 -0.27662166E-04   863.99999991   -23331.87970595
    2030    4.06000000  0.91061388E-07  0.32150263E-08 -0.27083758E-04   863.99999991   -23331.87379011
    2040    4.08000000  0.97227067E-07  0.88168466E-08 -0.26147177E-04   863.99999991   -23331.86806087
    2050    4.10000000  0.10314421E-06  0.15204643E-07 -0.24826124E-04   863.99999991   -23331.86264415
    2060    4.12000000  0.10870264E-06  0.22386094E-07 -0.23096258E-04   863.99999991   -23331.85766505
    2070    4.14000000  0.11378425E-06  0.30357855E-07 -0.20935583E-04   863.99999991   -23331.85324128
    2080    4.16000000  0.11826351E-06  0.39104423E-07 -0.18324827E-04   863.99999991   -23331.84947551
    2090    4.18000000  0.12200883E-06  0.48597725E-07 -0.15247817E-04   863.99999991   -23331.84644680
    2100    4.20000000  0.12488343E-06  0.58795136E-07 -0.11691830E-04   863.99999991   -23331.84420119
    2110    4.22000000  0.12674682E-06  0.69639929E-07 -0.76479300E-05   863.99999991   -23331.84274173
    2120    4.24000000  0.12745614E-06  0.81060984E-07 -0.31112805E-05   863.99999991   -23331.84201808
    2130    4.26000000  0.12686831E-06  0.92971267E-07  0.19185732E-05   863.99999991   -23331.84191620
    2140    4.28000000  0.12484110E-06  0.10526816E-06  0.74374519E-05   863.99999991   -23331.84224821
    2150    4.30000000  0.12123500E-06  0.11783390E-06  0.13436326E-04   863.99999991   -23331.84274298
    2160    4.32000000  0.11591586E-06  0.13053556E-06  0.19901138E-04   863.99999991   -23331.84303777
    2170    4.34000000  0.10875713E-06  0.14322477E-06  0.26812669E-04   863.99999991   -23331.84267139
    2180    4.36000000  0.99641152E-07  0.15573839E-06  0.34146441E-04   863.99999990   -23331.84107926
    2190    4.38000000  0.88461601E-07  0.16790093E-06  0.41872676E-04   863.99999990   -23331.83759075
    2200    4.40000000  0.75126255E-07  0.17952453E-06  0.49956298E-04   863.99999990   -23331.83142927
    2210    4.42000000  0.59558766E-07  0.19040891E-06  0.58356983E-04   863.99999990   -23331.82171544
    2220    4.44000000  0.41700725E-07  0.20034392E-06  0.67029266E-04   863.99999990   -23331.80747349
    2230    4.46000000  0.21513800E-07  0.20911211E-06  0.75922692E-04   863.99999990   -23331.78764129
    2240    4.48000000 -0.10180645E-08  0.21648987E-06  0.84982028E-04   863.99999990   -23331.76108409
    2250    4.50000000 -0.25886672E-07  0.22224838E-06  0.94147519E-04   863.99999990   -23331.72661190
    2260    4.52000000 -0.53058770E-07  0.22615627E-06  0.10335520E-03   863.99999990   -23331.68300056
    2270    4.54000000 -0.82473734E-07  0.22798278E-06  0.11253727E-03   863.99999990   -23331.62901630
    2280    4.56000000 -0.11404307E-06  0.22749999E-06  0.12162247E-03   863.99999990   -23331.56344335
    2290    4.58000000 -0.14764928E-06  0.22448492E-06  0.13053660E-03   863.99999990   -23331.48511434
    2300    4.60000000 -0.18314468E-06  0.21872215E-06  0.13920297E-03   863.99999990   -23331.39294284
    2310    4.62000000 -0.22035170E-06  0.21000713E-06  0.14754301E-03   863.99999990   -23331.28595729
    2320    4.64000000 -0.25906452E-06  0.19814875E-06  0.15547681E-03   863.99999990   -23331.16333570
    2330    4.66000000 -0.29904794E-06  0.18297350E-06  0.16292379E-03   863.99999990   -23331.02444012
    2340    4.68000000 -0.34003766E-06  0.16432726E-06  0.16980334E-03   863.99999990   -23330.86884992
    2350    4.70000000 -0.38174240E-06  0.14207811E-06  0.17603556E-03   863.99999990   -23330.69639294
    2360    4.72000000 -0.42384826E-06  0.11612055E-06  0.18154192E-03   863.99999990   -23330.50717342
    2370    4.74000000 -0.46601812E-06  0.86378682E-07  0.18624604E-03   863.99999990   -23330.30159562
    2380    4.76000000 -0.50789444E-06  0.52809286E-07  0.19007444E-03   863.99999989   -23330.08038223
    2390    4.78000000 -0.54910385E-06  0.15403373E-07  0.19295725E-03   863.99999989   -23329.84458652
    2400    4.80000000 -0.58926117E-06 -0.25809922E-07  0.19482899E-03   863.99999989   -23329.59559741
    2410    4.82000000 -0.62797301E-06 -0.70759270E-07  0.19562929E-03   863.99999989   -23329.33513666
    2420    4.84000000 -0.66484145E-06 -0.11932938E-06  0.19530359E-03   863.99999989   -23329.06524783
    2430    4.86000000 -0.69947040E-06 -0.17136059E-06  0.19380383E-03   863.99999989   -23328.78827629
    2440    4.88000000 -0.73147044E-06 -0.22664491E-06  0.19108903E-03   863.99999989   -23328.50684046
    2450    4.90000000 -0.76046429E-06 -0.28492467E-06  0.18712592E-03   863.99999989   -23328.22379410
    2460    4.92000000 -0.78609168E-06 -0.34589114E-06  0.18188937E-03   863.99999989   -23327.94218021
    2470    4.94000000 -0.80801487E-06 -0.40918499E-06  0.17536289E-03   863.99999989   -23327.66517683
    2480    4.96000000 -0.82592445E-06 -0.47439625E-06  0.16753890E-03   863.99999989   -23327.39603589
    2490    4.98000000 -0.83954477E-06 -0.54106474E-06  0.15841906E-03   863.99999989   -23327.13801599
    2500    5.00000000 -0.84863763E-06 -0.60868176E-06  0.14801434E-03   863.99999989   -23326.89431049
    2510    5.02000000 -0.85300677E-06 -0.67669365E-06  0.13634514E-03   863.99999988   -23326.66797242
    2520    5.04000000 -0.85250149E-06 -0.74450444E-06  0.12344119E-03   863.99999988   -23326.46183789
    2530    5.06000000 -0.84701899E-06 -0.81148085E-06  0.10934140E-03   863.99999988   -23326.27844979
    2540    5.08000000 -0.83650654E-06 -0.87695728E-06  0.94093660E-04   863.99999988   -23326.11998359
    2550    5.10000000 -0.82096219E-06 -0.94024301E-06  0.77754409E-04   863.99999988   -23325.98817725
    2560    5.12000000 -0.80043462E-06 -0.10006290E-05  0.60388271E-04   863.99999988   -23325.88426691
    2570    5.14000000 -0.77502073E-06 -0.10573957E-05  0.42067519E-04   863.99999988   -23325.80893036
    2580    5.16000000 -0.74486365E-06 -0.11098222E-05  0.22871528E-04   863.99999988   -23325.76223958
    2590    5.18000000 -0.71014914E-06 -0.11571951E-05  0.28861593E-05   863.99999988   -23325.74362420
    2600    5.20000000 -0.67110067E-06 -0.11988174E-05 -0.17796872E-04   863.99999988   -23325.75184669
    2610    5.22000000 -0.62797307E-06 -0.12340188E-05 -0.39080642E-04   863.99999988   -23325.78499052
    2620    5.24000000 -0.58104546E-06 -0.12621633E-05 -0.60863662E-04   863.99999988   -23325.84046189
    2630    5.26000000 -0.53061576E-06 -0.12826593E-05 -0.83040502E-04   863.99999987   -23325.91500537
    2640    5.28000000 -0.47699221E-06 -0.12949672E-05 -0.10550237E-03   863.99999987   -23326.00473368
    2650    5.30000000 -0.42048545E-06 -0.12986052E-05 -0.12813769E-03   863.99999987   -23326.10517133
    2660    5.32000000 -0.36140114E-06 -0.12931558E-05 -0.15083254E-03   863.99999987   -23326.21131178
    2670    5.34000000 -0.30003407E-06 -0.12782695E-05 -0.17347115E-03   863.99999987   -23326.31768736
    2680    5.36000000 -0.23666169E-06 -0.12536683E-05 -0.19593624E-03   863.99999987   -23326.41845105
    2690    5.38000000 -0.17153923E-06 -0.12191458E-05 -0.21810941E-03   863.99999987   -23326.50746902
    2700    5.40000000 -0.10489680E-06 -0.11745673E-05 -0.23987137E-03   863.99999987   -23326.57842256
    2710    5.42000000 -0.36936794E-07 -0.11198680E-05 -0.26110226E-03   863.99999987   -23326.62491799
    2720    5.44000000  0.32165807E-07 -0.10550498E-05 -0.28168190E-03   863.99999987   -23326.64060281
    2730    5.46000000  0.10226095E-06 -0.98017640E-06 -0.30149003E-03   863.99999987   -23326.61928635
    2740    5.48000000  0.17322100E-06 -0.89536990E-06 -0.32040665E-03   863.99999987   -23326.55506305
    2750    5.50000000  0.24493508E-06 -0.80080522E-06 -0.33831234E-03   863.99999987   -23326.44243617
    2760    5.52000000  0.31730281E-06 -0.69670458E-06 -0.35508871E-03   863.99999987   -23326.27643990
    2770    5.54000000  0.39022488E-06 -0.58333373E-06 -0.37061892E-03   863.99999987   -23326.05275740
    2780    5.56000000  0.46359536E-06 -0.46099983E-06 -0.38478832E-03   863.99999987   -23325.76783253
    2790    5.58000000  0.53729186E-06 -0.33004939E-06 -0.39748521E-03   863.99999987   -23325.41897254
    2800    5.60000000  0.61116601E-06 -0.19086913E-06 -0.40860178E-03   863.99999987   -23325.00443945
    2810    5.62000000  0.68503448E-06 -0.43888825E-07 -0.41803513E-03   863.99999986   -23324.52352730
    2820    5.64000000  0.75867136E-06  0.11041240E-06 -0.42568849E-03   863.99999986   -23323.97662284
    2830    5.66000000  0.83180211E-06  0.27149813E-06 -0.43147251E-03   863.99999986   -23323.36524737
    2840    5.68000000  0.90409865E-06  0.43876333E-06 -0.43530674E-03   863.99999986   -23322.69207733
    2850    5.70000000  0.97517785E-06  0.61152083E-06 -0.43712110E-03   863.99999986   -23321.96094195
    2860    5.72000000  0.10446033E-05  0.78898513E-06 -0.43685749E-03   863.99999986   -23321.17679637
    2870    5.74000000  0.11118901E-05  0.97025580E-06 -0.43447136E-03   863.99999986   -23320.34566918
    2880    5.76000000  0.11765128E-05  0.11542989E-05 -0.42993331E-03   863.99999986   -23319.47458426
    2890    5.78000000  0.12379171E-05  0.13399284E-05 -0.42323050E-03   863.99999986   -23318.57145692
    2900    5.80000000  0.12955346E-05  0.15257899E-05 -0.41436806E-03   863.99999986   -23317.64496568
    2910    5.82000000  0.13488019E-05  0.17103462E-05 -0.40337022E-03   863.99999985   -23316.70440156
    2920    5.84000000  0.13971812E-05  0.18918673E-05 -0.39028120E-03   863.99999985   -23315.75949751
    2930    5.86000000  0.14401822E-05  0.20684238E-05 -0.37516584E-03   863.99999985   -23314.82024176
    2940    5.88000000  0.14773869E-05  0.22378887E-05 -0.35810982E-03   863.99999985   -23313.89667930
    2950    5.90000000  0.15084737E-05  0.23979472E-05 -0.33921953E-03   863.99999985   -23312.99870647
    2960    5.92000000  0.15332400E-05  0.25461156E-05 -0.31862149E-03   863.99999985   -23312.13586440
    2970    5.94000000  0.15516225E-05  0.26797687E-05 -0.29646128E-03   863.99999984   -23311.31713695
    2980    5.96000000  0.15637148E-05  0.27961795E-05 -0.27290206E-03   863.99999984   -23310.55075932
    2990    5.98000000  0.15697799E-05  0.28925684E-05 -0.24812259E-03   863.99999984   -23309.84404316
    3000    6.00000000  0.15702557E-05  0.29661636E-05 -0.22231479E-03   863.99999984   -23309.20322390
    3010    6.02000000  0.15657539E-05  0.30142706E-05 -0.19568093E-03   863.99999984   -23308.63333498
    3020    6.04000000  0.15570524E-05  0.30343481E-05 -0.16843044E-03   863.99999984   -23308.13811338
    3030    6.06000000  0.15450775E-05  0.30240901E-05 -0.14077644E-03   863.99999983   -23307.71993926
    3040    6.08000000  0.15308788E-05  0.29815098E-05 -0.11293213E-03   863.99999983   -23307.37981163
    3050    6.10000000  0.15155973E-05  0.29050243E-05 -0.85106985E-04   863.99999983   -23307.11736043
    3060    6.12000000  0.15004259E-05  0.27935333E-05 -0.57503103E-04   863.99999983   -23306.93089409
    3070    6.14000000  0.14865643E-05  0.26464896E-05 -0.30311587E-04   863.99999983   -23306.81748023
    3080    6.16000000  0.14751713E-05  0.24639591E-05 -0.37092421E-05   863.99999983   -23306.77305581
    3090    6.18000000  0.14673158E-05  0.22466657E-05  0.22144364E-04   863.99999982   -23306.79256203
    3100    6.20000000  0.14639282E-05  0.19960177E-05  0.47109357E-04   863.99999982   -23306.87009833
    3110    6.22000000  0.14657554E-05  0.17141148E-05  0.71067433E-04   863.99999982   -23306.99908928
    3120    6.24000000  0.14733218E-05  0.14037347E-05  0.93923072E-04   863.99999982   -23307.17245782
    3130    6.26000000  0.14868970E-05  0.10682982E-05  0.11560406E-03   863.99999982   -23307.38279855
    3140    6.28000000  0.15064729E-05  0.71181394E-06  0.13606124E-03   863.99999982   -23307.62254486
    3150    6.30000000  0.15317520E-05  0.33880386E-06  0.15526760E-03   863.99999982   -23307.88412492
    3160    6.32000000  0.15621460E-05 -0.45786478E-07  0.17321659E-03   863.99999981   -23308.16010185
    3170    6.34000000  0.15967841E-05 -0.43669190E-06  0.18991981E-03   863.99999981   -23308.44329528
    3180    6.36000000  0.16345322E-05 -0.82844152E-06  0.20540421E-03   863.99999981   -23308.72688218
    3190    6.38000000  0.16740222E-05 -0.12154777E-05  0.21970877E-03   863.99999981   -23309.00447645
    3200    6.40000000  0.17136878E-05 -0.15922783E-05  0.23288088E-03   863.99999981   -23309.27018805
    3210    6.42000000  0.17518065E-05 -0.19534765E-05  0.24497267E-03   863.99999981   -23309.51866322
    3220    6.44000000  0.17865477E-05 -0.22939758E-05  0.25603713E-03   863.99999981   -23309.74510854
    3230    6.46000000  0.18160223E-05 -0.26090576E-05  0.26612455E-03   863.99999981   -23309.94530210
    3240    6.48000000  0.18383345E-05 -0.28944766E-05  0.27527917E-03   863.99999981   -23310.11559508
    3250    6.50000000  0.18516326E-05 -0.31465447E-05  0.28353620E-03   863.99999981   -23310.25290755
    3260    6.52000000  0.18541610E-05 -0.33621984E-05  0.29091949E-03   863.99999981   -23310.35472157
    3270    6.54000000  0.18443077E-05 -0.35390508E-05  0.29743971E-03   863.99999981   -23310.41907424
    3280    6.56000000  0.18206494E-05 -0.36754272E-05  0.30309330E-03   863.99999981   -23310.44455291
    3290    6.58000000  0.17819934E-05 -0.37703827E-05  0.30786204E-03   863.99999980   -23310.43029335
    3300    6.60000000  0.17274147E-05 -0.38237030E-05  0.31171344E-03   863.99999980   -23310.37598139
    3310    6.62000000  0.16562871E-05 -0.38358875E-05  0.31460175E-03   863.99999980   -23310.28185715
    3320    6.64000000  0.15683079E-05 -0.38081189E-05  0.31646962E-03   863.99999980   -23310.14872051
    3330    6.66000000  0.14635164E-05 -0.37422162E-05  0.31725039E-03   863.99999980   -23309.97793581
    3340    6.68000000  0.13423038E-05 -0.36405771E-05  0.31687070E-03   863.99999980   -23309.77143311
    3350    6.70000000  0.12054131E-05 -0.35061051E-05  0.31525364E-03   863.99999980   -23309.53170361
    3360    6.72000000  0.10539313E-05 -0.33421329E-05  0.31232195E-03   863.99999980   -23309.26178637
    3370    6.74000000  0.88927003E-06 -0.31523361E-05  0.30800151E-03   863.99999980   -23308.96524422
    3380    6.76000000  0.71313825E-06 -0.29406413E-05  0.30222469E-03   863.99999980   -23308.64612681
    3390    6.78000000  0.52750243E-06 -0.27111335E-05  0.29493365E-03   863.99999980   -23308.30891984
    3400    6.80000000  0.33454197E-06 -0.24679624E-05  0.28608339E-03   863.99999980   -23307.95847986
    3410    6.82000000  0.13659581E-06 -0.22152518E-05  0.27564448E-03   863.99999980   -23307.59995526
    3420    6.84000000 -0.63895544E-07 -0.19570107E-05  0.26360540E-03   863.99999979   -23307.23869447
    3430    6.86000000 -0.26445159E-06 -0.16970514E-05  0.24997441E-03   863.99999979   -23306.88014370
    3440    6.88000000 -0.46261247E-06 -0.14389164E-05  0.23478092E-03   863.99999979   -23306.52973671
    3450    6.90000000 -0.65599756E-06 -0.11858123E-05  0.21807629E-03   863.99999979   -23306.19278008
    3460    6.92000000 -0.84236101E-06 -0.94055506E-06  0.19993414E-03   863.99999979   -23305.87433758
    3470    6.94000000 -0.10196407E-05 -0.70552624E-06  0.18045005E-03   863.99999979   -23305.57911757
    3480    6.96000000 -0.11859990E-05 -0.48264210E-06  0.15974079E-03   863.99999979   -23305.31136729
    3490    6.98000000 -0.13398559E-05 -0.27333445E-06  0.13794303E-03   863.99999979   -23305.07477774
    3500    7.00000000 -0.14799133E-05 -0.78544158E-07  0.11521161E-03   863.99999979   -23304.87240262
    3510    7.02000000 -0.16051713E-05  0.10127113E-06  0.91717373E-04   863.99999978   -23304.70659389
    3520    7.04000000 -0.17149369E-05  0.26611731E-06  0.67644752E-04   863.99999978   -23304.57895652
    3530    7.06000000 -0.18088242E-05  0.41643268E-06  0.43188995E-04   863.99999978   -23304.49032351
    3540    7.08000000 -0.18867500E-05  0.55304558E-06  0.18553247E-04   863.99999978   -23304.44075216
    3550    7.10000000 -0.19489234E-05  0.67712212E-06 -0.60545289E-05   863.99999978   -23304.42954135
    3560    7.12000000 -0.19958310E-05  0.79010556E-06 -0.30424673E-04   863.99999978   -23304.45526890
    3570    7.14000000 -0.20282167E-05  0.89364917E-06 -0.54348957E-04   863.99999978   -23304.51584760
    3580    7.16000000 -0.20470568E-05  0.98954497E-06 -0.77623627E-04   863.99999978   -23304.60859753
    3590    7.18000000 -0.20535311E-05  0.10796498E-05 -0.10005233E-03   863.99999978   -23304.73033200
    3600    7.20000000 -0.20489908E-05  0.11658116E-05 -0.12144883E-03   863.99999978   -23304.87745399
    3610    7.22000000 -0.20349197E-05  0.12497979E-05 -0.14163953E-03   863.99999977   -23305.04605973
    3620    7.24000000 -0.20128916E-05  0.13332298E-05 -0.16046566E-03   863.99999977   -23305.23204593
    3630    7.26000000 -0.19845260E-05  0.14175229E-05 -0.17778520E-03   863.99999977   -23305.43121713
    3640    7.28000000 -0.19514425E-05  0.15038375E-05 -0.19347444E-03   863.99999977   -23305.63939005
    3650    7.30000000 -0.19152120E-05  0.15930397E-05 -0.20742921E-03   863.99999977   -23305.85249174
    3660    7.32000000 -0.18773119E-05  0.16856754E-05 -0.21956575E-03   863.99999977   -23306.06664895
    3670    7.34000000 -0.18390840E-05  0.17819549E-05 -0.22982114E-03   863.99999977   -23306.27826659
    3680    7.36000000 -0.18016979E-05  0.18817531E-05 -0.23815353E-03   863.99999977   -23306.48409352
    3690    7.38000000 -0.17661218E-05  0.19846190E-05 -0.24454185E-03   863.99999977   -23306.68127449
    3700    7.40000000 -0.17331017E-05  0.20897985E-05 -0.24898537E-03   863.99999977   -23306.86738773
    3710    7.42000000 -0.17031483E-05  0.21962634E-05 -0.25150281E-03   863.99999977   -23307.04046796
    3720    7.44000000 -0.16765349E-05  0.23027511E-05 -0.25213133E-03   863.99999977   -23307.19901539
    3730    7.46000000 -0.16533049E-05  0.24078084E-05 -0.25092521E-03   863.99999976   -23307.34199130
    3740    7.48000000 -0.16332854E-05  0.25098368E-05 -0.24795435E-03   863.99999976   -23307.46880171
    3750    7.50000000 -0.16161101E-05  0.26071419E-05 -0.24330266E-03   863.99999976   -23307.57927040
    3760    7.52000000 -0.16012473E-05  0.26979804E-05 -0.23706629E-03   863.99999976   -23307.67360304
    3770    7.54000000 -0.15880328E-05  0.27806049E-05 -0.22935183E-03   863.99999976   -23307.75234448
    3780    7.56000000 -0.15757043E-05  0.28533046E-05 -0.22027447E-03   863.99999976   -23307.81633076
    3790    7.58000000 -0.15634372E-05  0.29144424E-05 -0.20995616E-03   863.99999976   -23307.86663808
    3800    7.60000000 -0.15503780E-05  0.29624840E-05 -0.19852380E-03   863.99999976   -23307.90453035
    3810    7.62000000 -0.15356774E-05  0.29960239E-05 -0.18610756E-03   863.99999976   -23307.93140699
    3820    7.64000000 -0.15185178E-05  0.30138045E-05 -0.17283922E-03   863.99999976   -23307.94875260
    3830    7.66000000 -0.14981359E-05  0.30147307E-05 -0.15885073E-03   863.99999976   -23307.95808963
    3840    7.68000000 -0.14738415E-05  0.29978785E-05 -0.14427281E-03   863.99999976   -23307.96093517
    3850    7.70000000 -0.14450300E-05  0.29625030E-05 -0.12923385E-03   863.99999976   -23307.95876269
    3860    7.72000000 -0.14111892E-05  0.29080428E-05 -0.11385882E-03   863.99999976   -23307.95296914
    3870    7.74000000 -0.13719021E-05  0.28341239E-05 -0.98268468E-04   863.99999976   -23307.94484789
    3880    7.76000000 -0.13268461E-05  0.27405626E-05 -0.82578602E-04   863.99999975   -23307.93556753
    3890    7.78000000 -0.12757879E-05  0.26273684E-05 -0.66899579E-04   863.99999975   -23307.92615643
    3900    7.80000000 -0.12185772E-05  0.24947477E-05 -0.51335899E-04   863.99999975   -23307.91749287
    3910    7.82000000 -0.11551401E-05  0.23431057E-05 -0.35985927E-04   863.99999975   -23307.91030033
    3920    7.84000000 -0.10854702E-05  0.21730474E-05 -0.20941722E-04   863.99999975   -23307.90514748
    3930    7.86000000 -0.10096214E-05  0.19853774E-05 -0.62889426E-05   863.99999975   -23307.90245227
    3940    7.88000000 -0.92770218E-06  0.17810958E-05  0.78931775E-05   863.99999975   -23307.90248962
    3950    7.90000000 -0.83987097E-06  0.15613907E-05  0.21531818E-04   863.99999975   -23307.90540200
    3960    7.92000000 -0.74633379E-06  0.13276254E-05  0.34560527E-04   863.99999975   -23307.91121230
    3970    7.94000000 -0.64734293E-06  0.10813225E-05  0.46919162E-04   863.99999975   -23307.91983848
    3980    7.96000000 -0.54319948E-06  0.82414310E-06  0.58553828E-04   863.99999975   -23307.93110919
    3990    7.98000000 -0.43425749E-06  0.55786157E-06  0.69416816E-04   863.99999975   -23307.94478013
    4000    8.00000000 -0.32092889E-06  0.28433836E-06  0.79466560E-04   863.99999975   -23307.96055034
    4010    8.02000000 -0.20368974E-06  0.54923339E-08  0.88667586E-04   863.99999975   -23307.97807824
    4020    8.04000000 -0.83085818E-07 -0.27672883E-06  0.96990493E-04   863.99999974   -23307.99699684
    4030    8.06000000  0.40261036E-07 -0.56037613E-06  0.10441192E-03   863.99999974   -23308.01692793
    4040    8.08000000  0.16565055E-06 -0.84352349E-06  0.11091453E-03   863.99999974   -23308.03749484
    4050    8.10000000  0.29230407E-06 -0.11242901E-05  0.11648697E-03   863.99999974   -23308.05833375
    4060    8.12000000  0.41936859E-06 -0.14008591E-05  0.12112385E-03   863.99999974   -23308.07910319
    4070    8.14000000  0.54592457E-06 -0.16714923E-05  0.12482565E-03   863.99999974   -23308.09949187
    4080    8.16000000  0.67099771E-06 -0.19345409E-05  0.12759869E-03   863.99999974   -23308.11922459
    4090    8.18000000  0.79357605E-06 -0.21884542E-05  0.12945496E-03   863.99999974   -23308.13806644
    4100    8.20000000  0.91262923E-06 -0.24317860E-05  0.13041201E-03   863.99999974   -23308.15582522
    4110    8.22000000  0.10271296E-05 -0.26631990E-05  0.13049279E-03   863.99999974   -23308.17235233
    4120    8.24000000  0.11360744E-05 -0.28814661E-05  0.12972539E-03   863.99999974   -23308.18754216
    4130    8.26000000  0.12385069E-05 -0.30854745E-05  0.12814285E-03   863.99999974   -23308.20133021
    4140    8.28000000  0.13335359E-05 -0.32742264E-05  0.12578284E-03   863.99999974   -23308.21369018
    4150    8.30000000  0.14203522E-05 -0.34468402E-05  0.12268740E-03   863.99999974   -23308.22463017
    4160    8.32000000  0.14982413E-05 -0.36025494E-05  0.11890260E-03   863.99999974   -23308.23418831
    4170    8.34000000  0.15665931E-05 -0.37407029E-05  0.11447815E-03   863.99999973   -23308.24242787
    4180    8.36000000  0.16249081E-05 -0.38607630E-05  0.10946707E-03   863.99999973   -23308.24943228
    4190    8.38000000  0.16728006E-05 -0.39623007E-05  0.10392522E-03   863.99999973   -23308.25530007
    4200    8.40000000  0.17099994E-05 -0.40449911E-05  0.97910928E-04   863.99999973   -23308.26013998
    4210    8.42000000  0.17363490E-05 -0.41086060E-05  0.91484482E-04   863.99999973   -23308.26406641
    4220    8.44000000  0.17518098E-05 -0.41530069E-05  0.84707670E-04   863.99999973   -23308.26719526
    4230    8.46000000  0.17564567E-05 -0.41781350E-05  0.77643276E-04   863.99999973   -23308.26964034
    4240    8.48000000  0.17504786E-05 -0.41839995E-05  0.70354566E-04   863.99999973   -23308.27151033
    4250    8.50000000  0.17341781E-05 -0.41706687E-05  0.62904763E-04   863.99999973   -23308.27290637
    4260    8.52000000  0.17079695E-05 -0.41382602E-05  0.55356520E-04   863.99999973   -23308.27392035
    4270    8.54000000  0.16723747E-05 -0.40869321E-05  0.47771397E-04   863.99999973   -23308.27463367
    4280    8.56000000  0.16280141E-05 -0.40168746E-05  0.40209341E-04   863.99999973   -23308.27511674
    4290    8.58000000  0.15755966E-05 -0.39283064E-05  0.32728198E-04   863.99999973   -23308.27542885
    4300    8.60000000  0.15159047E-05 -0.38214734E-05  0.25383230E-04   863.99999973   -23308.27561855
    4310    8.62000000  0.14497742E-05 -0.36966492E-05  0.18226680E-04   863.99999973   -23308.27572442
    4320    8.64000000  0.13780684E-05 -0.35541380E-05  0.11307368E-04   863.99999972   -23308.27577598
    4330    8.66000000  0.13016516E-05 -0.33942826E-05  0.46703277E-05   863.99999972   -23308.27579495
    4340    8.68000000  0.12213607E-05 -0.32174737E-05 -0.16435026E-05   863.99999972   -23308.27579646
    4350    8.70000000  0.11379749E-05 -0.30241600E-05 -0.75975397E-05   863.99999972   -23308.27579036
    4360    8.72000000  0.10521868E-05 -0.28148588E-05 -0.13159760E-04   863.99999972   -23308.27578246
    4370    8.74000000  0.96457723E-06 -0.25901700E-05 -0.18302848E-04   863.99999972   -23308.27577566
    4380    8.76000000  0.87559485E-06 -0.23507874E-05 -0.23004293E-04   863.99999972   -23308.27577090
    4390    8.78000000  0.78554021E-06 -0.20975078E-05 -0.27246426E-04   863.99999972   -23308.27576804
    4400    8.80000000  0.69455720E-06 -0.18312407E-05 -0.31016412E-04   863.99999972   -23308.27576643
    4410    8.82000000  0.60263261E-06 -0.15530159E-05 -0.34306197E-04   863.99999972   -23308.27576532
    4420    8.84000000  0.50960149E-06 -0.12639875E-05 -0.37112406E-04   863.99999972   -23308.27576420
    4430    8.86000000  0.41516026E-06 -0.96543567E-06 -0.39436208E-04   863.99999972   -23308.27576281
    4440    8.88000000  0.31888771E-06 -0.65876811E-06 -0.41283141E-04   863.99999972   -23308.27576116
    4450    8.90000000  0.22027094E-06 -0.34551769E-06 -0.42662911E-04   863.99999972   -23308.27575939
    4460    8.92000000  0.11873497E-06 -0.27338978E-07 -0.43589149E-04   863.99999972   -23308.27575760
    4470    8.94000000  0.13677698E-07  0.29399738E-06 -0.44079019E-04   863.99999971   -23308.27575580
    4480    8.96000000 -0.95493167E-07  0.61661264E-06 -0.44152752E-04   863.99999971   -23308.27575401
    4490    8.98000000 -0.20932455E-06  0.93852850E-06 -0.43833231E-04   863.99999971   -23308.27575222
    4500    9.00000000 -0.32828256E-06  0.12576782E-05 -0.43145602E-04   863.99999971   -23308.27575045
    4510    9.02000000 -0.45272068E-06  0.15719194E-05 -0.42116878E-04   863.99999971   -23308.27574869
    4520    9.04000000 -0.58285070E-06  0.18790505E-05 -0.40775565E-04   863.99999971   -23308.27574695
    4530    9.06000000 -0.71872069E-06  0.21768283E-05 -0.39151297E-04   863.99999971   -23308.27574524
    4540    9.08000000 -0.86019966E-06  0.24629875E-05 -0.37274486E-04   863.99999971   -23308.27574356
    4550    9.10000000 -0.10069678E-05  0.27352650E-05 -0.35175976E-04   863.99999971   -23308.27574192
    4560    9.12000000 -0.11585125E-05  0.29914269E-05 -0.32886717E-04   863.99999971   -23308.27574033
    4570    9.14000000 -0.13141335E-05  0.32292968E-05 -0.30437433E-04   863.99999971   -23308.27573878
    4580    9.16000000 -0.14729533E-05  0.34467880E-05 -0.27858325E-04   863.99999971   -23308.27573729
    4590    9.18000000 -0.16339311E-05  0.36419362E-05 -0.25178769E-04   863.99999971   -23308.27573585
    4600    9.20000000 -0.17958805E-05  0.38129354E-05 -0.22427042E-04   863.99999971   -23308.27573447
    4610    9.22000000 -0.19574910E-05  0.39581707E-05 -0.19630071E-04   863.99999971   -23308.27573314
    4620    9.24000000 -0.21173527E-05  0.40762511E-05 -0.16813204E-04   863.99999970   -23308.27573187
    4630    9.26000000 -0.22739785E-05  0.41660399E-05 -0.14000018E-04   863.99999970   -23308.27573066
    4640    9.28000000 -0.24258286E-05  0.42266790E-05 -0.11212160E-04   863.99999970   -23308.27572951
    4650    9.30000000 -0.25713340E-05  0.42576088E-05 -0.84692303E-05   863.99999970   -23308.27572841
    4660    9.32000000 -0.27089189E-05  0.42585811E-05 -0.57887158E-05   863.99999970   -23308.27572736
    4670    9.34000000 -0.28370230E-05  0.42296647E-05 -0.31859611E-05   863.99999970   -23308.27572637
    4680    9.36000000 -0.29541207E-05  0.41712442E-05 -0.67419215E-06   863.99999970   -23308.27572544
    4690    9.38000000 -0.30587408E-05  0.40840112E-05  0.17354163E-05   863.99999970   -23308.27572455
    4700    9.40000000 -0.31494837E-05  0.39689496E-05  0.40336335E-05   863.99999970   -23308.27572370
    4710    9.42000000 -0.32250382E-05  0.38273153E-05  0.62130294E-05   863.99999970   -23308.27572290
    4720    9.44000000 -0.32841985E-05  0.36606141E-05  0.82678058E-05   863.99999970   -23308.27572213
    4730    9.46000000 -0.33258778E-05  0.34705749E-05  0.10193606E-04   863.99999970   -23308.27572140
    4740    9.48000000 -0.33491247E-05  0.32591234E-05  0.11987317E-04   863.99999970   -23308.27572069
    4750    9.50000000 -0.33531366E-05  0.30283552E-05  0.13646875E-04   863.99999970   -23308.27572000
    4760    9.52000000 -0.33372752E-05  0.27805113E-05  0.15171069E-04   863.99999969   -23308.27571933
    4770    9.54000000 -0.33010794E-05  0.25179529E-05  0.16559380E-04   863.99999969   -23308.27571867
    4780    9.56000000 -0.32442788E-05  0.22431370E-05  0.17811835E-04   863.99999969   -23308.27571801
    4790    9.58000000 -0.31668059E-05  0.19585953E-05  0.18928897E-04   863.99999969   -23308.27571735
    4800    9.60000000 -0.30688069E-05  0.16669116E-05  0.19911390E-04   863.99999969   -23308.27571670
    4810    9.62000000 -0.29506515E-05  0.13706989E-05  0.20760464E-04   863.99999969   -23308.27571604
    4820    9.64000000 -0.28129364E-05  0.10725757E-05  0.21477595E-04   863.99999969   -23308.27571537
    4830    9.66000000 -0.26564882E-05  0.77514103E-06  0.22064613E-04   863.99999969   -23308.27571469
    4840    9.68000000 -0.24823618E-05  0.48094766E-06  0.22523769E-04   863.99999969   -23308.27571401
    4850    9.70000000 -0.22918316E-05  0.19247368E-06  0.22857810E-04   863.99999969   -23308.27571333
    4860    9.72000000 -0.20863789E-05 -0.87907362E-07  0.23070071E-04   863.99999969   -23308.27571264
    4870    9.74000000 -0.18676730E-05 -0.35795799E-06  0.23164570E-04   863.99999969   -23308.27571194
    4880    9.76000000 -0.16375491E-05 -0.61560673E-06  0.23146088E-04   863.99999969   -23308.27571125
    4890    9.78000000 -0.13979794E-05 -0.85897795E-06  0.23020246E-04   863.99999969   -23308.27571057
    4900    9.80000000 -0.11510407E-05 -0.10864196E-05  0.22793541E-04   863.99999969   -23308.27570988
    4910    9.82000000 -0.89888169E-06 -0.12965276E-05  0.22473368E-04   863.99999968   -23308.27570921
    4920    9.84000000 -0.64368838E-06 -0.14881661E-05  0.22067994E-04   863.99999968   -23308.27570854
    4930    9.86000000 -0.38764938E-06 -0.16604808E-05  0.21586503E-04   863.99999968   -23308.27570789
    4940    9.88000000 -0.13292357E-06 -0.18129070E-05  0.21038699E-04   863.99999968   -23308.27570725
    4950    9.90000000  0.11839013E-06 -0.19451718E-05  0.20434973E-04   863.99999968   -23308.27570663
    4960    9.92000000  0.36427846E-06 -0.20572877E-05  0.19786136E-04   863.99999968   -23308.27570602
    4970    9.94000000  0.60283544E-06 -0.21495389E-05  0.19103226E-04   863.99999968   -23308.27570543
    4980    9.96000000  0.83228070E-06 -0.22224607E-05  0.18397285E-04   863.99999968   -23308.27570486
    4990    9.98000000  0.10509742E-05 -0.22768140E-05  0.17679129E-04   863.99999968   -23308.27570431
    5000   10.00000000  0.12574265E-05 -0.23135532E-05  0.16959101E-04   863.99999968   -23308.27570377
    5010   10.02000000  0.14503043E-05 -0.23337906E-05  0.16246832E-04   863.99999968   -23308.27570325
    5020   10.04000000  0.16284352E-05 -0.23387572E-05  0.15551006E-04   863.99999968   -23308.27570274
    5030   10.06000000  0.17908094E-05 -0.23297630E-05  0.14879138E-04   863.99999968   -23308.27570225
    5040   10.08000000  0.19365791E-05 -0.23081582E-05  0.14237385E-04   863.99999968   -23308.27570177
    5050   10.10000000  0.20650539E-05 -0.22752951E-05  0.13630382E-04   863.99999968   -23308.27570131
    5060   10.12000000  0.21756957E-05 -0.22324937E-05  0.13061118E-04   863.99999967   -23308.27570085
    5070   10.14000000  0.22681114E-05 -0.21810113E-05  0.12530857E-04   863.99999967   -23308.27570040
    5080   10.16000000  0.23420448E-05 -0.21220180E-05  0.12039102E-04   863.99999967   -23308.27569995
    5090   10.18000000  0.23973654E-05 -0.20565774E-05  0.11583620E-04   863.99999967   -23308.27569951
    5100   10.20000000  0.24340556E-05 -0.19856332E-05  0.11160509E-04   863.99999967   -23308.27569907
    5110   10.22000000  0.24522017E-05 -0.19100016E-05  0.10764321E-04   863.99999967   -23308.27569862
    5120   10.24000000  0.24519844E-05 -0.18303712E-05  0.10388239E-04   863.99999967   -23308.27569818
    5130   10.26000000  0.24336698E-05 -0.17473066E-05  0.10024296E-04   863.99999967   -23308.27569773
    5140   10.28000000  0.23976032E-05 -0.16612551E-05  0.96636377E-05   863.99999967   -23308.27569728
    5150   10.30000000  0.23442077E-05 -0.15725596E-05  0.92968244E-05   863.99999967   -23308.27569683
    5160   10.32000000  0.22739858E-05 -0.14814727E-05  0.89141550E-05   863.99999967   -23308.27569639
    5170   10.34000000  0.21875230E-05 -0.13881725E-05  0.85060106E-05   863.99999967   -23308.27569594
    5180   10.36000000  0.20854950E-05 -0.12927775E-05  0.80632056E-05   863.99999967   -23308.27569550
    5190   10.38000000  0.19686756E-05 -0.11953616E-05  0.75773341E-05   863.99999967   -23308.27569507
    5200   10.40000000  0.18379462E-05 -0.10959709E-05  0.70411028E-05   863.99999967   -23308.27569465
    5210   10.42000000  0.16943029E-05 -0.99463430E-06  0.64486358E-05   863.99999966   -23308.27569423
    5220   10.44000000  0.15388610E-05 -0.89137413E-06  0.57957449E-05   863.99999966   -23308.27569383
    5230   10.46000000  0.13728563E-05 -0.78621486E-06  0.50801539E-05   863.99999966   -23308.27569344
    5240   10.48000000  0.11976415E-05 -0.67919028E-06  0.43016701E-05   863.99999966   -23308.27569305
    5250   10.50000000  0.10146756E-05 -0.57034859E-06  0.34622954E-05   863.99999966   -23308.27569268
    5260   10.52000000  0.82551012E-06 -0.45975625E-06  0.25662724E-05   863.99999966   -23308.27569231
    5270   10.54000000  0.63176824E-06 -0.34750212E-06  0.16200639E-05   863.99999966   -23308.27569194
    5280   10.56000000  0.43512035E-06 -0.23370155E-06  0.63226521E-06   863.99999966   -23308.27569158
    5290   10.58000000  0.23725690E-06 -0.11850114E-06 -0.38655141E-06   863.99999966   -23308.27569122
    5300   10.60000000  0.39860896E-07 -0.20838918E-08 -0.14240564E-05   863.99999966   -23308.27569087
    5310   10.62000000 -0.15542150E-06  0.11532480E-06 -0.24664386E-05   863.99999966   -23308.27569051
    5320   10.64000000 -0.34700698E-06  0.23345056E-06 -0.34987322E-05   863.99999966   -23308.27569016
    5330   10.66000000 -0.53339862E-06  0.35196376E-06 -0.45051849E-05   863.99999966   -23308.27568982
    5340   10.68000000 -0.71320415E-06  0.47047364E-06 -0.54696559E-05   863.99999966   -23308.27568948
    5350   10.70000000 -0.88515065E-06  0.58852642E-06 -0.63760311E-05   863.99999966   -23308.27568914
    5360   10.72000000 -0.10480950E-05  0.70560322E-06 -0.72086423E-05   863.99999965   -23308.27568880
    5370   10.74000000 -0.12010284E-05  0.82112272E-06 -0.79526764E-05   863.99999965   -23308.27568847
    5380   10.76000000 -0.13430779E-05  0.93444692E-06 -0.85945630E-05   863.99999965   -23308.27568814
    5390   10.78000000 -0.14735048E-05  0.10448920E-05 -0.91223264E-05   863.99999965   -23308.27568781
    5400   10.80000000 -0.15917008E-05  0.11517413E-05 -0.95258911E-05   863.99999965   -23308.27568747
    5410   10.82000000 -0.16971842E-05  0.12542604E-05 -0.97973345E-05   863.99999965   -23308.27568713
    5420   10.84000000 -0.17895943E-05  0.13517151E-05 -0.99310800E-05   863.99999965   -23308.27568678
    5430   10.86000000 -0.18686875E-05  0.14433889E-05 -0.99240274E-05   863.99999965   -23308.27568644
    5440   10.88000000 -0.19343332E-05  0.15286003E-05 -0.97756192E-05   863.99999965   -23308.27568608
    5450   10.90000000 -0.19865116E-05  0.16067164E-05 -0.94878446E-05   863.99999965   -23308.27568573
    5460   10.92000000 -0.20253124E-05  0.16771639E-05 -0.90651887E-05   863.99999965   -23308.27568538
    5470   10.94000000 -0.20509332E-05  0.17394373E-05 -0.85145272E-05   863.99999965   -23308.27568502
    5480   10.96000000 -0.20636787E-05  0.17931026E-05 -0.78449749E-05   863.99999965   -23308.27568467
    5490   10.98000000 -0.20639583E-05  0.18377974E-05 -0.70676933E-05   863.99999965   -23308.27568433
    5500   11.00000000 -0.20522843E-05  0.18732288E-05 -0.61956648E-05   863.99999965   -23308.27568400
    5510   11.02000000 -0.20292655E-05  0.18991681E-05 -0.52434375E-05   863.99999964   -23308.27568368
    5520   11.04000000 -0.19956009E-05  0.19154466E-05 -0.42268442E-05   863.99999964   -23308.27568336
    5530   11.06000000 -0.19520672E-05  0.19219488E-05 -0.31627004E-05   863.99999964   -23308.27568306
    5540   11.08000000 -0.18995054E-05  0.19186067E-05 -0.20684852E-05   863.99999964   -23308.27568277
    5550   11.10000000 -0.18388024E-05  0.19053958E-05 -0.96200601E-06   863.99999964   -23308.27568248
    5560   11.12000000 -0.17708695E-05  0.18823307E-05  0.13894738E-06   863.99999964   -23308.27568220
    5570   11.14000000 -0.16966185E-05  0.18494617E-05  0.12169581E-05   863.99999964   -23308.27568192
    5580   11.16000000 -0.16169359E-05  0.18068721E-05  0.22553387E-05   863.99999964   -23308.27568165
    5590   11.18000000 -0.15326570E-05  0.17546755E-05  0.32384846E-05   863.99999964   -23308.27568137
    5600   11.20000000 -0.14445398E-05  0.16930138E-05  0.41522173E-05   863.99999964   -23308.27568110
    5610   11.22000000 -0.13532443E-05  0.16220549E-05  0.49841067E-05   863.99999964   -23308.27568082
    5620   11.24000000 -0.12593146E-05  0.15419931E-05  0.57237643E-05   863.99999964   -23308.27568054
    5630   11.26000000 -0.11631662E-05  0.14530475E-05  0.63630954E-05   863.99999964   -23308.27568026
    5640   11.28000000 -0.10650829E-05  0.13554651E-05  0.68965025E-05   863.99999964   -23308.27567998
    5650   11.30000000 -0.96522029E-06  0.12495247E-05  0.73210297E-05   863.99999964   -23308.27567970
    5660   11.32000000 -0.86361737E-06  0.11355458E-05  0.76364384E-05   863.99999963   -23308.27567943
    5670   11.34000000 -0.76021666E-06  0.10138981E-05  0.78452105E-05   863.99999963   -23308.27567916
    5680   11.36000000 -0.65489014E-06  0.88501505E-06  0.79524750E-05   863.99999963   -23308.27567889
    5690   11.38000000 -0.54746936E-06  0.74941162E-06  0.79658565E-05   863.99999963   -23308.27567863
    5700   11.40000000 -0.43778129E-06  0.60770260E-06  0.78952478E-05   863.99999963   -23308.27567837
    5710   11.42000000 -0.32568213E-06  0.46062100E-06  0.77525123E-05   863.99999963   -23308.27567812
    5720   11.44000000 -0.21108981E-06  0.30903628E-06  0.75511223E-05   863.99999963   -23308.27567787
    5730   11.46000000 -0.94013637E-07  0.15396953E-06  0.73057441E-05   863.99999963   -23308.27567761
    5740   11.48000000  0.25420190E-07 -0.33949831E-08  0.70317848E-05   863.99999963   -23308.27567736
    5750   11.50000000  0.14695056E-06 -0.16170524E-06  0.67449125E-05   863.99999963   -23308.27567710
    5760   11.52000000  0.27017155E-06 -0.31944378E-06  0.64605655E-05   863.99999963   -23308.27567683
    5770   11.54000000  0.39452678E-06 -0.47493825E-06  0.61934668E-05   863.99999963   -23308.27567656
    5780   11.56000000  0.51931096E-06 -0.62638048E-06  0.59571627E-05   863.99999963   -23308.27567629
    5790   11.58000000  0.64367771E-06 -0.77185510E-06  0.57635990E-05   863.99999963   -23308.27567602
    5800   11.60000000  0.76665322E-06 -0.90937655E-06  0.56227487E-05   863.99999963   -23308.27567574
    5810   11.62000000  0.88715289E-06 -0.10369337E-05  0.55423043E-05   863.99999962   -23308.27567546
    5820   11.64000000  0.10040017E-05 -0.11525407E-05  0.55274444E-05   863.99999962   -23308.27567518
    5830   11.66000000  0.11159557E-05 -0.12542925E-05  0.55806819E-05   863.99999962   -23308.27567491
    5840   11.68000000  0.12217278E-05 -0.13404212E-05  0.57017992E-05   863.99999962   -23308.27567465
    5850   11.70000000  0.13200135E-05 -0.14093544E-05  0.58878687E-05   863.99999962   -23308.27567439
    5860   11.72000000  0.14095176E-05 -0.14597688E-05  0.61333582E-05   863.99999962   -23308.27567415
    5870   11.74000000  0.14889807E-05 -0.14906395E-05  0.64303176E-05   863.99999962   -23308.27567391
    5880   11.76000000  0.15572064E-05 -0.15012814E-05  0.67686374E-05   863.99999962   -23308.27567368
    5890   11.78000000  0.16130898E-05 -0.14913801E-05  0.71363710E-05   863.99999962   -23308.27567346
    5900   11.80000000  0.16556411E-05 -0.14610132E-05  0.75201078E-05   863.99999962   -23308.27567324
    5910   11.82000000  0.16840112E-05 -0.14106565E-05  0.79053869E-05   863.99999962   -23308.27567303
    5920   11.84000000  0.16975131E-05 -0.13411789E-05  0.82771357E-05   863.99999962   -23308.27567281
    5930   11.86000000  0.16956425E-05 -0.12538233E-05  0.86201200E-05   863.99999962   -23308.27567259
    5940   11.88000000  0.16780941E-05 -0.11501773E-05  0.89193943E-05   863.99999962   -23308.27567236
    5950   11.90000000  0.16447743E-05 -0.10321313E-05  0.91607353E-05   863.99999962   -23308.27567213
    5960   11.92000000  0.15958119E-05 -0.90182945E-06  0.93310486E-05   863.99999961   -23308.27567189
    5970   11.94000000  0.15315641E-05 -0.76161418E-06  0.94187363E-05   863.99999961   -23308.27567165
    5980   11.96000000  0.14526184E-05 -0.61396705E-06  0.94140181E-05   863.99999961   -23308.27567139
    5990   11.98000000  0.13597910E-05 -0.46144885E-06  0.93091939E-05   863.99999961   -23308.27567113
    6000   12.00000000  0.12541215E-05 -0.30664075E-06  0.90988456E-05   863.99999961   -23308.27567087
    6010   12.02000000  0.11368636E-05 -0.15208782E-06  0.87799727E-05   863.99999961   -23308.27567061
    6020   12.04000000  0.10094712E-05 -0.24753366E-09  0.83520625E-05   863.99999961   -23308.27567034
    6030   12.06000000  0.87358079E-06  0.14655483E-06  0.78170912E-05   863.99999961   -23308.27567009
    6040   12.08000000  0.73098853E-06  0.28616611E-06  0.71794613E-05   863.99999961   -23308.27566984
    6050   12.10000000  0.58362426E-06  0.41663928E-06  0.64458822E-05   863.99999961   -23308.27566959
    6060   12.12000000  0.43352002E-06  0.53626033E-06  0.56251969E-05   863.99999961   -23308.27566936
    6070   12.14000000  0.28277494E-06  0.64356867E-06  0.47281602E-05   863.99999961   -23308.27566914
    6080   12.16000000  0.13351708E-06  0.73737412E-06  0.37671808E-05   863.99999961   -23308.27566892
    6090   12.18000000 -0.12138756E-07  0.81676723E-06  0.27560343E-05   863.99999961   -23308.27566871
    6100   12.20000000 -0.15213446E-06  0.88112508E-06  0.17095539E-05   863.99999960   -23308.27566851
    6110   12.22000000 -0.28451129E-06  0.93011248E-06  0.64330770E-06   863.99999960   -23308.27566832
    6120   12.24000000 -0.40745338E-06  0.96367871E-06 -0.42672985E-06   863.99999960   -23308.27566813
    6130   12.26000000 -0.51933015E-06  0.98204801E-06 -0.14845035E-05   863.99999960   -23308.27566793
    6140   12.28000000 -0.61873371E-06  0.98570548E-06 -0.25141957E-05   863.99999960   -23308.27566774
    6150   12.30000000 -0.70451178E-06  0.97537749E-06 -0.35005292E-05   863.99999960   -23308.27566755
    6160   12.32000000 -0.77579619E-06  0.95200803E-06 -0.44290501E-05   863.99999960   -23308.27566735
    6170   12.34000000 -0.83202306E-06  0.91672831E-06 -0.52863878E-05   863.99999960   -23308.27566715
    6180   12.36000000 -0.87294542E-06  0.87082398E-06 -0.60604815E-05   863.99999960   -23308.27566694
    6190   12.38000000 -0.89863625E-06  0.81569870E-06 -0.67407747E-05   863.99999960   -23308.27566672
    6200   12.40000000 -0.90948436E-06  0.75283690E-06 -0.73183745E-05   863.99999960   -23308.27566651
    6210   12.42000000 -0.90617918E-06  0.68376619E-06 -0.77861696E-05   863.99999960   -23308.27566628
    6220   12.44000000 -0.88968753E-06  0.61002103E-06 -0.81389088E-05   863.99999960   -23308.27566606
    6230   12.46000000 -0.86122340E-06  0.53311006E-06 -0.83732389E-05   863.99999960   -23308.27566583
    6240   12.48000000 -0.82221064E-06  0.45448690E-06 -0.84877031E-05   863.99999960   -23308.27566559
    6250   12.50000000 -0.77424063E-06  0.37552715E-06 -0.84827031E-05   863.99999959   -23308.27566536
    6260   12.52000000 -0.71902701E-06  0.29751125E-06 -0.83604259E-05   863.99999959   -23308.27566513
    6270   12.54000000 -0.65836046E-06  0.22161065E-06 -0.81247410E-05   863.99999959   -23308.27566490
    6280   12.56000000 -0.59406337E-06  0.14888176E-06 -0.77810730E-05   863.99999959   -23308.27566468
    6290   12.58000000 -0.52794672E-06  0.80263453E-07 -0.73362544E-05   863.99999959   -23308.27566445
    6300   12.60000000 -0.46177217E-06  0.16577967E-07 -0.67983627E-05   863.99999959   -23308.27566423
    6310   12.62000000 -0.39721812E-06 -0.41465931E-07 -0.61765472E-05   863.99999959   -23308.27566402
    6320   12.64000000 -0.33585159E-06 -0.93267415E-07 -0.54808504E-05   863.99999959   -23308.27566381
    6330   12.66000000 -0.27910463E-06 -0.13832833E-06 -0.47220272E-05   863.99999959   -23308.27566360
    6340   12.68000000 -0.22825751E-06 -0.17624876E-06 -0.39113661E-05   863.99999959   -23308.27566340
    6350   12.70000000 -0.18442590E-06 -0.20672186E-06 -0.30605114E-05   863.99999959   -23308.27566320
    6360   12.72000000 -0.14855094E-06 -0.22953130E-06 -0.21812914E-05   863.99999959   -23308.27566300
    6370   12.74000000 -0.12139316E-06 -0.24454944E-06 -0.12855531E-05   863.99999959   -23308.27566280
    6380   12.76000000 -0.10352981E-06 -0.25173634E-06 -0.38500217E-06   863.99999959   -23308.27566261
    6390   12.78000000 -0.95353284E-07 -0.25113926E-06  0.50894931E-06   863.99999959   -23308.27566241
    6400   12.80000000 -0.97069037E-07 -0.24289374E-06  0.13853263E-05   863.99999958   -23308.27566222
    6410   12.82000000 -0.10869576E-06 -0.22722389E-06  0.22337267E-05   863.99999958   -23308.27566202
    6420   12.84000000 -0.13006670E-06 -0.20444174E-06  0.30444467E-05   863.99999958   -23308.27566182
    6430   12.86000000 -0.16083092E-06 -0.17494505E-06  0.38085935E-05   863.99999958   -23308.27566161
    6440   12.88000000 -0.20045472E-06 -0.13921448E-06  0.45181857E-05   863.99999958   -23308.27566141
    6450   12.90000000 -0.24822543E-06 -0.97808427E-07  0.51662383E-05   863.99999958   -23308.27566120
    6460   12.92000000 -0.30325727E-06 -0.51355903E-07  0.57468306E-05   863.99999958   -23308.27566099
    6470   12.94000000 -0.36449882E-06 -0.54607780E-09  0.62551549E-05   863.99999958   -23308.27566078
    6480   12.96000000 -0.43074300E-06  0.53883941E-07  0.66875468E-05   863.99999958   -23308.27566057
    6490   12.98000000 -0.50064041E-06  0.11116090E-06  0.70414967E-05   863.99999958   -23308.27566036
    6500   13.00000000 -0.57271776E-06  0.17048893E-06  0.73156415E-05   863.99999958   -23308.27566015
    6510   13.02000000 -0.64539794E-06  0.23106510E-06  0.75097383E-05   863.99999958   -23308.27565994
    6520   13.04000000 -0.71702508E-06  0.29209213E-06  0.76246245E-05   863.99999958   -23308.27565974
    6530   13.06000000 -0.78589217E-06  0.35278860E-06  0.76621623E-05   863.99999958   -23308.27565954
    6540   13.08000000 -0.85027403E-06  0.41239890E-06  0.76251728E-05   863.99999958   -23308.27565934
    6550   13.10000000 -0.90846068E-06  0.47019948E-06  0.75173587E-05   863.99999957   -23308.27565915
    6560   13.12000000 -0.95879326E-06  0.52550311E-06  0.73432200E-05   863.99999957   -23308.27565896
    6570   13.14000000 -0.99970228E-06  0.57765965E-06  0.71079634E-05   863.99999957   -23308.27565878
    6580   13.16000000 -0.10297435E-05  0.62605563E-06  0.68174033E-05   863.99999957   -23308.27565860
    6590   13.18000000 -0.10476349E-05  0.67011300E-06  0.64778584E-05   863.99999957   -23308.27565842
    6600   13.20000000 -0.10522908E-05  0.70928681E-06  0.60960437E-05   863.99999957   -23308.27565824
    6610   13.22000000 -0.10428530E-05  0.74306511E-06  0.56789573E-05   863.99999957   -23308.27565807
    6620   13.24000000 -0.10187167E-05  0.77096926E-06  0.52337657E-05   863.99999957   -23308.27565790
    6630   13.26000000 -0.97955325E-06  0.79255632E-06  0.47676876E-05   863.99999957   -23308.27565772
    6640   13.28000000 -0.92532625E-06  0.80742368E-06  0.42878793E-05   863.99999957   -23308.27565755
    6650   13.30000000 -0.85630044E-06  0.81521443E-06  0.38013241E-05   863.99999957   -23308.27565738
    6660   13.32000000 -0.77304404E-06  0.81562455E-06  0.33147278E-05   863.99999957   -23308.27565720
    6670   13.34000000 -0.67642377E-06  0.80841060E-06  0.28344268E-05   863.99999957   -23308.27565702
    6680   13.36000000 -0.56759306E-06  0.79339627E-06  0.23663052E-05   863.99999957   -23308.27565684
    6690   13.38000000 -0.44797144E-06  0.77047746E-06  0.19157312E-05   863.99999957   -23308.27565666
    6700   13.40000000 -0.31921707E-06  0.73962608E-06  0.14875057E-05   863.99999956   -23308.27565648
    6710   13.42000000 -0.18319329E-06  0.70089338E-06  0.10858311E-05   863.99999956   -23308.27565629
    6720   13.44000000 -0.41929089E-07  0.65440979E-06  0.71429602E-06   863.99999956   -23308.27565610
    6730   13.46000000  0.10242479E-06  0.60038384E-06  0.37587560E-06   863.99999956   -23308.27565592
    6740   13.48000000  0.24764562E-06  0.53910290E-06  0.72945309E-07   863.99999956   -23308.27565573
    6750   13.50000000  0.39148747E-06  0.47093266E-06 -0.19269486E-06   863.99999956   -23308.27565554
    6760   13.52000000  0.53173255E-06  0.39631801E-06 -0.41978844E-06   863.99999956   -23308.27565535
    6770   13.54000000  0.66624119E-06  0.31578454E-06 -0.60758716E-06   863.99999956   -23308.27565516
    6780   13.56000000  0.79299970E-06  0.22994375E-06 -0.75581562E-06   863.99999956   -23308.27565497
    6790   13.58000000  0.91016342E-06  0.13949752E-06 -0.86463888E-06   863.99999956   -23308.27565479
    6800   13.60000000  0.10160952E-05  0.45242113E-07 -0.93463447E-06   863.99999956   -23308.27565461
    6810   13.62000000  0.11093959E-05 -0.51927058E-07 -0.96676971E-06   863.99999956   -23308.27565443
    6820   13.64000000  0.11889275E-05 -0.15101381E-06 -0.96238535E-06   863.99999956   -23308.27565425
    6830   13.66000000  0.12538295E-05 -0.25092365E-06 -0.92318467E-06   863.99999956   -23308.27565408
    6840   13.68000000  0.13035250E-05 -0.35047114E-06 -0.85122516E-06   863.99999956   -23308.27565391
    6850   13.70000000  0.13377180E-05 -0.44839207E-06 -0.74890932E-06   863.99999955   -23308.27565374
    6860   13.72000000  0.13563840E-05 -0.54336179E-06 -0.61897557E-06   863.99999955   -23308.27565358
    6870   13.74000000  0.13597526E-05 -0.63402014E-06 -0.46448260E-06   863.99999955   -23308.27565341
    6880   13.76000000  0.13482849E-05 -0.71900092E-06 -0.28878741E-06   863.99999955   -23308.27565325
    6890   13.78000000  0.13226440E-05 -0.79696190E-06 -0.95514038E-07   863.99999955   -23308.27565309
    6900   13.80000000  0.12836631E-05 -0.86662049E-06  0.11148558E-06   863.99999955   -23308.27565293
    6910   13.82000000  0.12323120E-05 -0.92678820E-06  0.32818058E-06   863.99999955   -23308.27565277
    6920   13.84000000  0.11696634E-05 -0.97640089E-06  0.55041824E-06   863.99999955   -23308.27565260
    6930   13.86000000  0.10968582E-05 -0.10145451E-05  0.77398597E-06   863.99999955   -23308.27565244
    6940   13.88000000  0.10150744E-05 -0.10404824E-05  0.99467804E-06   863.99999955   -23308.27565227
    6950   13.90000000  0.92549869E-06 -0.10536654E-05  0.12083639E-05   863.99999955   -23308.27565209
    6960   13.92000000  0.82930261E-06 -0.10537468E-05  0.14110560E-05   863.99999955   -23308.27565192
    6970   13.94000000  0.72762345E-06 -0.10405835E-05  0.15989741E-05   863.99999955   -23308.27565174
    6980   13.96000000  0.62154963E-06 -0.10142354E-05  0.17686055E-05   863.99999955   -23308.27565155
    6990   13.98000000  0.51211117E-06 -0.97495905E-06  0.19167602E-05   863.99999955   -23308.27565137
    7000   14.00000000  0.40027624E-06 -0.92319922E-06  0.20406191E-05   863.99999954   -23308.27565118
    7010   14.02000000  0.28695108E-06 -0.85957705E-06  0.21377750E-05   863.99999954   -23308.27565099
    7020   14.04000000  0.17298368E-06 -0.78487747E-06  0.22062654E-05   863.99999954   -23308.27565079
    7030   14.06000000  0.59169156E-07 -0.70003679E-06  0.22446010E-05   863.99999954   -23308.27565060
    7040   14.08000000 -0.53742397E-07 -0.60612946E-06  0.22517841E-05   863.99999954   -23308.27565041
    7050   14.10000000 -0.16503879E-06 -0.50435572E-06  0.22273223E-05   863.99999954   -23308.27565023
    7060   14.12000000 -0.27403916E-06 -0.39602873E-06  0.21712331E-05   863.99999954   -23308.27565004
    7070   14.14000000 -0.38008848E-06 -0.28256005E-06  0.20840434E-05   863.99999954   -23308.27564986
    7080   14.16000000 -0.48255597E-06 -0.16544623E-06  0.19667820E-05   863.99999954   -23308.27564968
    7090   14.18000000 -0.58083355E-06 -0.46253582E-07  0.18209650E-05   863.99999954   -23308.27564951
    7100   14.20000000 -0.67433661E-06  0.73399882E-07  0.16485734E-05   863.99999954   -23308.27564934
    7110   14.22000000 -0.76250642E-06  0.19186417E-06  0.14520251E-05   863.99999954   -23308.27564917
    7120   14.24000000 -0.84481378E-06  0.30747861E-06  0.12341397E-05   863.99999954   -23308.27564901
    7130   14.26000000 -0.92076150E-06  0.41859464E-06  0.99809800E-06   863.99999954   -23308.27564885
    7140   14.28000000 -0.98988638E-06  0.52360070E-06  0.74739396E-06   863.99999954   -23308.27564869
    7150   14.30000000 -0.10517612E-05  0.62094932E-06  0.48578324E-06   863.99999953   -23308.27564853
    7160   14.32000000 -0.11059956E-05  0.70918254E-06  0.21722575E-06   863.99999953   -23308.27564837
    7170   14.34000000 -0.11522363E-05  0.78695912E-06 -0.54174548E-07   863.99999953   -23308.27564822
    7180   14.36000000 -0.11901672E-05  0.85307995E-06 -0.32423155E-06   863.99999953   -23308.27564806
    7190   14.38000000 -0.12195103E-05  0.90651224E-06 -0.58874199E-06   863.99999953   -23308.27564790
    7200   14.40000000 -0.12400285E-05  0.94641004E-06 -0.84354940E-06   863.99999953   -23308.27564774
    7210   14.42000000 -0.12515301E-05  0.97213395E-06 -0.10846075E-05   863.99999953   -23308.27564757
    7220   14.44000000 -0.12538741E-05  0.98326444E-06 -0.13080417E-05   863.99999953   -23308.27564740
    7230   14.46000000 -0.12469783E-05  0.97961058E-06 -0.15102051E-05   863.99999953   -23308.27564723
    7240   14.48000000 -0.12308290E-05  0.96121486E-06 -0.16877325E-05   863.99999953   -23308.27564706
    7250   14.50000000 -0.12054906E-05  0.92835401E-06 -0.18375886E-05   863.99999953   -23308.27564689
    7260   14.52000000 -0.11711152E-05  0.88153260E-06 -0.19571096E-05   863.99999953   -23308.27564671
    7270   14.54000000 -0.11279502E-05  0.82147280E-06 -0.20440395E-05   863.99999953   -23308.27564653
    7280   14.56000000 -0.10763442E-05  0.74910001E-06 -0.20965609E-05   863.99999953   -23308.27564635
    7290   14.58000000 -0.10167485E-05  0.66552655E-06 -0.21133193E-05   863.99999952   -23308.27564616
    7300   14.60000000 -0.94971623E-06  0.57203114E-06 -0.20934415E-05   863.99999952   -23308.27564598
    7310   14.62000000 -0.87589815E-06  0.47003614E-06 -0.20365504E-05   863.99999952   -23308.27564580
    7320   14.64000000 -0.79603359E-06  0.36108503E-06 -0.19427737E-05   863.99999952   -23308.27564562
    7330   14.66000000 -0.71093896E-06  0.24681752E-06 -0.18127477E-05   863.99999952   -23308.27564545
    7340   14.68000000 -0.62149540E-06  0.12894475E-06 -0.16476155E-05   863.99999952   -23308.27564527
    7350   14.70000000 -0.52863384E-06  0.92237858E-08 -0.14490206E-05   863.99999952   -23308.27564510
    7360   14.72000000 -0.43331933E-06 -0.11056638E-06 -0.12190927E-05   863.99999952   -23308.27564493
    7370   14.74000000 -0.33653589E-06 -0.22865039E-06 -0.96042839E-06   863.99999952   -23308.27564476
    7380   14.76000000 -0.23927157E-06 -0.34328128E-06 -0.67606096E-06   863.99999952   -23308.27564459
    7390   14.78000000 -0.14250494E-06 -0.45276444E-06 -0.36942409E-06   863.99999952   -23308.27564443
    7400   14.80000000 -0.47192989E-07 -0.55548106E-06 -0.44306147E-07   863.99999952   -23308.27564426
    7410   14.82000000  0.45741412E-07 -0.64991113E-06  0.29520455E-06   863.99999952   -23308.27564410
    7420   14.84000000  0.13541897E-06 -0.73465555E-06  0.64478134E-06   863.99999952   -23308.27564394
    7430   14.86000000  0.22101225E-06 -0.80845727E-06  0.99992718E-06   863.99999952   -23308.27564378
    7440   14.88000000  0.30175373E-06 -0.87021955E-06  0.13560478E-05   863.99999951   -23308.27564362
    7450   14.90000000  0.37694279E-06 -0.91902368E-06  0.17085260E-05   863.99999951   -23308.27564346
    7460   14.92000000  0.44595148E-06 -0.95414470E-06  0.20527978E-05   863.99999951   -23308.27564330
    7470   14.94000000  0.50822995E-06 -0.97506296E-06  0.23844245E-05   863.99999951   -23308.27564314
    7480   14.96000000  0.56331115E-06 -0.98147310E-06  0.26991628E-05   863.99999951   -23308.27564298
    7490   14.98000000  0.61081532E-06 -0.97329018E-06  0.29930280E-05   863.99999951   -23308.27564282
    7500   15.00000000  0.65045432E-06 -0.95065254E-06  0.32623501E-05   863.99999951   -23308.27564266
    7510   15.02000000  0.68203511E-06 -0.91392073E-06  0.35038236E-05   863.99999951   -23308.27564250
    7520   15.04000000  0.70546294E-06 -0.86367213E-06  0.37145489E-05   863.99999951   -23308.27564234
    7530   15.06000000  0.72074380E-06 -0.80069303E-06  0.38920655E-05   863.99999951   -23308.27564218
    7540   15.08000000  0.72798521E-06 -0.72596701E-06  0.40343781E-05   863.99999951   -23308.27564202
    7550   15.10000000  0.72739661E-06 -0.64066045E-06  0.41399765E-05   863.99999951   -23308.27564186
    7560   15.12000000  0.71928772E-06 -0.54610447E-06  0.42078473E-05   863.99999951   -23308.27564170
    7570   15.14000000  0.70406398E-06 -0.44377310E-06  0.42374784E-05   863.99999951   -23308.27564154
    7580   15.16000000  0.68221977E-06 -0.33525994E-06  0.42288587E-05   863.99999951   -23308.27564137
    7590   15.18000000  0.65433021E-06 -0.22225179E-06  0.41824701E-05   863.99999950   -23308.27564121
    7600   15.20000000  0.62104065E-06 -0.10649907E-06  0.40992717E-05   863.99999950   -23308.27564105
    7610   15.22000000  0.58305307E-06  0.10214809E-07  0.39806775E-05   863.99999950   -23308.27564088
    7620   15.24000000  0.54111126E-06  0.12610598E-06  0.38285278E-05   863.99999950   -23308.27564071
    7630   15.26000000  0.49598577E-06  0.23942305E-06  0.36450520E-05   863.99999950   -23308.27564054
    7640   15.28000000  0.44845806E-06  0.34847992E-06  0.34328257E-05   863.99999950   -23308.27564037
    7650   15.30000000  0.39930540E-06  0.45168858E-06  0.31947227E-05   863.99999950   -23308.27564021
    7660   15.32000000  0.34928567E-06  0.54758885E-06  0.29338630E-05   863.99999950   -23308.27564004
    7670   15.34000000  0.29912338E-06  0.63487817E-06  0.26535568E-05   863.99999950   -23308.27563987
    7680   15.36000000  0.24949816E-06  0.71243627E-06  0.23572483E-05   863.99999950   -23308.27563970
    7690   15.38000000  0.20103428E-06  0.77934530E-06  0.20484594E-05   863.99999950   -23308.27563954
    7700   15.40000000  0.15429078E-06  0.83490590E-06  0.17307369E-05   863.99999950   -23308.27563937
    7710   15.42000000  0.10975424E-06  0.87864952E-06  0.14076023E-05   863.99999950   -23308.27563921
    7720   15.44000000  0.67832837E-07  0.91034406E-06  0.10825060E-05   863.99999950   -23308.27563905
    7730   15.46000000  0.28852259E-07  0.92999137E-06  0.75878838E-06   863.99999950   -23308.27563889
    7740   15.48000000 -0.69471216E-08  0.93781962E-06  0.43964645E-06   863.99999949   -23308.27563874
    7750   15.50000000 -0.39411314E-07  0.93426975E-06  0.12810732E-06   863.99999949   -23308.27563858
    7760   15.52000000 -0.68470254E-07  0.91997502E-06 -0.17299350E-06   863.99999949   -23308.27563842
    7770   15.54000000 -0.94134364E-07  0.89573495E-06 -0.46102652E-06   863.99999949   -23308.27563827
    7780   15.56000000 -0.11648889E-06  0.86248345E-06 -0.73357886E-06   863.99999949   -23308.27563811
    7790   15.58000000 -0.13568445E-06  0.82125468E-06 -0.98846012E-06   863.99999949   -23308.27563796
    7800   15.60000000 -0.15192514E-06  0.77314747E-06 -0.12237067E-05   863.99999949   -23308.27563780
    7810   15.62000000 -0.16545680E-06  0.71928831E-06 -0.14375828E-05   863.99999949   -23308.27563764
    7820   15.64000000 -0.17655260E-06  0.66079498E-06 -0.16285811E-05   863.99999949   -23308.27563748
    7830   15.66000000 -0.18549710E-06  0.59874423E-06 -0.17954236E-05   863.99999949   -23308.27563732
    7840   15.68000000 -0.19257143E-06  0.53414502E-06 -0.19370640E-05   863.99999949   -23308.27563717
    7850   15.70000000 -0.19804135E-06  0.46791528E-06 -0.20526907E-05   863.99999949   -23308.27563701
    7860   15.72000000 -0.20214503E-06  0.40086522E-06 -0.21417314E-05   863.99999949   -23308.27563685
    7870   15.74000000 -0.20508379E-06  0.33368760E-06 -0.22038599E-05   863.99999949   -23308.27563669
    7880   15.76000000 -0.20701803E-06  0.26695573E-06 -0.22390044E-05   863.99999949   -23308.27563653
    7890   15.78000000 -0.20806490E-06  0.20112552E-06 -0.22473546E-05   863.99999948   -23308.27563638
    7900   15.80000000 -0.20830032E-06  0.13654334E-06 -0.22293675E-05   863.99999948   -23308.27563622
    7910   15.82000000 -0.20776353E-06  0.73460279E-07 -0.21857727E-05   863.99999948   -23308.27563607
    7920   15.84000000 -0.20646435E-06  0.12048390E-07 -0.21175720E-05   863.99999948   -23308.27563591
    7930   15.86000000 -0.20439217E-06 -0.47580854E-07 -0.20260344E-05   863.99999948   -23308.27563576
    7940   15.88000000 -0.20152607E-06 -0.10535619E-06 -0.19126856E-05   863.99999948   -23308.27563561
    7950   15.90000000 -0.19784497E-06 -0.16122664E-06 -0.17792887E-05   863.99999948   -23308.27563545
    7960   15.92000000 -0.19333706E-06 -0.21514224E-06 -0.16278208E-05   863.99999948   -23308.27563530
    7970   15.94000000 -0.18800762E-06 -0.26703766E-06 -0.14604413E-05   863.99999948   -23308.27563514
    7980   15.96000000 -0.18188607E-06 -0.31681796E-06 -0.12794573E-05   863.99999948   -23308.27563498
    7990   15.98000000 -0.17503116E-06 -0.36434879E-06 -0.10872842E-05   863.99999948   -23308.27563483
    8000   16.00000000 -0.16753333E-06 -0.40944861E-06 -0.88640528E-06   863.99999948   -23308.27563467
    8010   16.02000000 -0.15951680E-06 -0.45188582E-06 -0.67933167E-06   863.99999948   -23308.27563451
    8020   16.04000000 -0.15113949E-06 -0.49137984E-06 -0.46856506E-06   863.99999948   -23308.27563435
    8030   16.06000000 -0.14259241E-06 -0.52760485E-06 -0.25656425E-06   863.99999948   -23308.27563419
    8040   16.08000000 -0.13409721E-06 -0.56019518E-06 -0.45715934E-07   863.99999947   -23308.27563404
    8050   16.10000000 -0.12590301E-06 -0.58875369E-06  0.16168931E-06   863.99999947   -23308.27563388
    8060   16.12000000 -0.11828186E-06 -0.61286154E-06  0.36347511E-06   863.99999947   -23308.27563372
    8070   16.14000000 -0.11152353E-06 -0.63208778E-06  0.55759296E-06   863.99999947   -23308.27563357
    8080   16.16000000 -0.10592899E-06 -0.64599925E-06  0.74213307E-06   863.99999947   -23308.27563342
    8090   16.18000000 -0.10180029E-06 -0.65416992E-06  0.91533209E-06   863.99999947   -23308.27563327
    8100   16.20000000 -0.99430383E-07 -0.65619071E-06  0.10755796E-05   863.99999947   -23308.27563312
    8110   16.22000000 -0.99089796E-07 -0.65167826E-06  0.12214248E-05   863.99999947   -23308.27563298
    8120   16.24000000 -0.10101247E-06 -0.64028437E-06  0.13515832E-05   863.99999947   -23308.27563283
    8130   16.26000000 -0.10537893E-06 -0.62170434E-06  0.14649447E-05   863.99999947   -23308.27563269
    8140   16.28000000 -0.11229987E-06 -0.59568791E-06  0.15605835E-05   863.99999947   -23308.27563254
    8150   16.30000000 -0.12180077E-06 -0.56205043E-06  0.16377668E-05   863.99999947   -23308.27563240
    8160   16.32000000 -0.13380746E-06 -0.52068402E-06  0.16959659E-05   863.99999947   -23308.27563225
    8170   16.34000000 -0.14813397E-06 -0.47157056E-06  0.17348658E-05   863.99999947   -23308.27563210
    8180   16.36000000 -0.16447581E-06 -0.41479462E-06  0.17543739E-05   863.99999947   -23308.27563195
    8190   16.38000000 -0.18240868E-06 -0.35055647E-06  0.17546263E-05   863.99999946   -23308.27563180
    8200   16.40000000 -0.20139112E-06 -0.27918277E-06  0.17359926E-05   863.99999946   -23308.27563165
    8210   16.42000000 -0.22077463E-06 -0.20113494E-06  0.16990766E-05   863.99999946   -23308.27563150
    8220   16.44000000 -0.23982002E-06 -0.11701443E-06  0.16447152E-05   863.99999946   -23308.27563134
    8230   16.46000000 -0.25771854E-06 -0.27562468E-07  0.15739719E-05   863.99999946   -23308.27563119
    8240   16.48000000 -0.27361780E-06  0.66344185E-07  0.14881279E-05   863.99999946   -23308.27563103
    8250   16.50000000 -0.28665118E-06  0.16370432E-06  0.13886688E-05   863.99999946   -23308.27563087
    8260   16.52000000 -0.29596875E-06  0.26340925E-06  0.12772674E-05   863.99999946   -23308.27563071
    8270   16.54000000 -0.30076919E-06  0.36426317E-06  0.11557648E-05   863.99999946   -23308.27563055
    8280   16.56000000 -0.30033069E-06  0.46500891E-06  0.10261456E-05   863.99999946   -23308.27563039
    8290   16.58000000 -0.29403895E-06  0.56435700E-06  0.89051106E-06   863.99999946   -23308.27563023
    8300   16.60000000 -0.28141027E-06  0.66101572E-06  0.75104895E-06   863.99999946   -23308.27563007
    8310   16.62000000 -0.26211253E-06  0.75372087E-06  0.61000193E-06   863.99999946   -23308.27562991
    8320   16.64000000 -0.23598046E-06  0.84126467E-06  0.46963377E-06   863.99999946   -23308.27562975
    8330   16.66000000 -0.20302355E-06  0.92252119E-06  0.33219334E-06   863.99999946   -23308.27562960
    8340   16.68000000 -0.16343047E-06  0.99646782E-06  0.19987911E-06   863.99999945   -23308.27562944
    8350   16.70000000 -0.11756794E-06  0.10622023E-05  0.74804314E-07   863.99999945   -23308.27562929
    8360   16.72000000 -0.65975857E-07  0.11189550E-05 -0.41036726E-07   863.99999945   -23308.27562914
    8370   16.74000000 -0.93562830E-08  0.11660963E-05 -0.14580112E-06   863.99999945   -23308.27562898
    8380   16.76000000  0.51440929E-07  0.12031395E-05 -0.23782523E-06   863.99999945   -23308.27562884
    8390   16.78000000  0.11543422E-06  0.12297410E-05 -0.31565143E-06   863.99999945   -23308.27562869
    8400   16.80000000  0.18153046E-06  0.12456964E-05 -0.37804971E-06   863.99999945   -23308.27562854
    8410   16.82000000  0.24854917E-06  0.12509371E-05 -0.42403687E-06   863.99999945   -23308.27562840
    8420   16.84000000  0.31524677E-06  0.12455250E-05 -0.45288963E-06   863.99999945   -23308.27562825
    8430   16.86000000  0.38034353E-06  0.12296465E-05 -0.46415635E-06   863.99999945   -23308.27562810
    8440   16.88000000  0.44255206E-06  0.12036080E-05 -0.45766488E-06   863.99999945   -23308.27562795
    8450   16.90000000  0.50060681E-06  0.11678311E-05 -0.43352635E-06   863.99999945   -23308.27562780
    8460   16.92000000  0.55329363E-06  0.11228464E-05 -0.39213617E-06   863.99999945   -23308.27562765
    8470   16.94000000  0.59947790E-06  0.10692883E-05 -0.33417221E-06   863.99999945   -23308.27562750
    8480   16.96000000  0.63813212E-06  0.10078898E-05 -0.26058924E-06   863.99999945   -23308.27562735
    8490   16.98000000  0.66835952E-06  0.93947445E-06 -0.17261143E-06   863.99999944   -23308.27562719
    8500   17.00000000  0.68941559E-06  0.86494604E-06 -0.71718725E-07   863.99999944   -23308.27562704
    8510   17.02000000  0.70072441E-06  0.78527867E-06  0.40369723E-07   863.99999944   -23308.27562688
    8520   17.04000000  0.70189079E-06  0.70150428E-06  0.16171684E-06   863.99999944   -23308.27562672
    8530   17.06000000  0.69270660E-06  0.61469817E-06  0.29019434E-06   863.99999944   -23308.27562656
    8540   17.08000000  0.67315342E-06  0.52596348E-06  0.42351493E-06   863.99999944   -23308.27562640
    8550   17.10000000  0.64339926E-06  0.43641565E-06  0.55926981E-06   863.99999944   -23308.27562625
    8560   17.12000000  0.60379009E-06  0.34716591E-06  0.69497105E-06   863.99999944   -23308.27562609
    8570   17.14000000  0.55483798E-06  0.25930568E-06  0.82809792E-06   863.99999944   -23308.27562593
    8580   17.16000000  0.49720733E-06  0.17389057E-06  0.95614617E-06   863.99999944   -23308.27562577
    8590   17.18000000  0.43169733E-06  0.91925777E-07  0.10766800E-05   863.99999944   -23308.27562562
    8600   17.20000000  0.35922125E-06  0.14351380E-07  0.11873836E-05   863.99999944   -23308.27562546
    8610   17.22000000  0.28078716E-06 -0.57970922E-07  0.12861125E-05   863.99999944   -23308.27562531
    8620   17.24000000  0.19747805E-06 -0.12427021E-06  0.13709408E-05   863.99999944   -23308.27562516
    8630   17.26000000  0.11043032E-06 -0.18387937E-06  0.14402044E-05   863.99999943   -23308.27562501
    8640   17.28000000  0.20813915E-07 -0.23624708E-06  0.14925407E-05   863.99999943   -23308.27562486
    8650   17.30000000 -0.70185440E-07 -0.28094898E-06  0.15269199E-05   863.99999943   -23308.27562471
    8660   17.32000000 -0.16138333E-06 -0.31769672E-06  0.15426703E-05   863.99999943   -23308.27562456
    8670   17.34000000 -0.25161104E-06 -0.34634704E-06  0.15394944E-05   863.99999943   -23308.27562442
    8680   17.36000000 -0.33972885E-06 -0.36690860E-06  0.15174780E-05   863.99999943   -23308.27562427
    8690   17.38000000 -0.42463724E-06 -0.37954444E-06  0.14770891E-05   863.99999943   -23308.27562412
    8700   17.40000000 -0.50528523E-06 -0.38457128E-06  0.14191677E-05   863.99999943   -23308.27562397
    8710   17.42000000 -0.58067697E-06 -0.38245575E-06  0.13449061E-05   863.99999943   -23308.27562382
    8720   17.44000000 -0.64987782E-06 -0.37380547E-06  0.12558188E-05   863.99999943   -23308.27562367
    8730   17.46000000 -0.71202011E-06 -0.35935560E-06  0.11537055E-05   863.99999943   -23308.27562352
    8740   17.48000000 -0.76630589E-06 -0.33995019E-06  0.10406029E-05   863.99999943   -23308.27562336
    8750   17.50000000 -0.81201248E-06 -0.31652028E-06  0.91873103E-06   863.99999943   -23308.27562321
    8760   17.52000000 -0.84849884E-06 -0.29005848E-06  0.79043453E-06   863.99999943   -23308.27562306
    8770   17.54000000 -0.87521196E-06 -0.26159090E-06  0.65812143E-06   863.99999943   -23308.27562291
    8780   17.56000000 -0.89169609E-06 -0.23214869E-06  0.52420068E-06   863.99999942   -23308.27562276
    8790   17.58000000 -0.89760331E-06 -0.20273750E-06  0.39102319E-06   863.99999942   -23308.27562260
    8800   17.60000000 -0.89270553E-06 -0.17430990E-06  0.26082711E-06   863.99999942   -23308.27562245
    8810   17.62000000 -0.87690636E-06 -0.14773943E-06  0.13569094E-06   863.99999942   -23308.27562230
    8820   17.64000000 -0.85025514E-06 -0.12379718E-06  0.17494352E-07   863.99999942   -23308.27562215
    8830   17.66000000 -0.81295773E-06 -0.10313341E-06 -0.92110599E-07   863.99999942   -23308.27562200
    8840   17.68000000 -0.76538562E-06 -0.86262095E-07 -0.19171930E-06   863.99999942   -23308.27562186
    8850   17.70000000 -0.70808290E-06 -0.73552068E-07 -0.28018436E-06   863.99999942   -23308.27562171
    8860   17.72000000 -0.64176840E-06 -0.65222008E-07 -0.35661866E-06   863.99999942   -23308.27562156
    8870   17.74000000 -0.56733147E-06 -0.61340213E-07 -0.42038986E-06   863.99999942   -23308.27562141
    8880   17.76000000 -0.48582351E-06 -0.61828714E-07 -0.47111146E-06   863.99999942   -23308.27562126
    8890   17.78000000 -0.39844431E-06 -0.66471312E-07 -0.50862952E-06   863.99999942   -23308.27562111
    8900   17.80000000 -0.30652141E-06 -0.74925783E-07 -0.53300800E-06   863.99999942   -23308.27562096
    8910   17.82000000 -0.21148599E-06 -0.86738616E-07 -0.54451109E-06   863.99999942   -23308.27562081
    8920   17.84000000 -0.11484341E-06 -0.10136113E-06 -0.54358736E-06   863.99999942   -23308.27562066
    8930   17.86000000 -0.18141943E-07 -0.11816854E-06 -0.53085168E-06   863.99999941   -23308.27562052
    8940   17.88000000  0.77060349E-07 -0.13648047E-06 -0.50706855E-06   863.99999941   -23308.27562037
    8950   17.90000000  0.16922966E-06 -0.15558133E-06 -0.47313375E-06   863.99999941   -23308.27562022
    8960   17.92000000  0.25689019E-06 -0.17474246E-06 -0.43005608E-06   863.99999941   -23308.27562007
    8970   17.94000000  0.33865616E-06 -0.19324221E-06 -0.37893654E-06   863.99999941   -23308.27561992
    8980   17.96000000  0.41326034E-06 -0.21038709E-06 -0.32094886E-06   863.99999941   -23308.27561977
    8990   17.98000000  0.47957911E-06 -0.22553168E-06 -0.25731737E-06   863.99999941   -23308.27561962
    9000   18.00000000  0.53665420E-06 -0.23809627E-06 -0.18929510E-06   863.99999941   -23308.27561948
    9010   18.02000000  0.58370866E-06 -0.24758178E-06 -0.11814058E-06   863.99999941   -23308.27561933
    9020   18.04000000  0.62015862E-06 -0.25358268E-06 -0.45097351E-07   863.99999941   -23308.27561918
    9030   18.06000000  0.64561720E-06 -0.25579679E-06  0.28626476E-07   863.99999941   -23308.27561903
    9040   18.08000000  0.65989660E-06 -0.25403136E-06  0.10187551E-06   863.99999941   -23308.27561887
    9050   18.10000000  0.66300279E-06 -0.24820415E-06  0.17356360E-06   863.99999941   -23308.27561872
    9060   18.12000000  0.65512738E-06 -0.23834236E-06  0.24268591E-06   863.99999941   -23308.27561857
    9070   18.14000000  0.63663503E-06 -0.22457689E-06  0.30832609E-06   863.99999941   -23308.27561841
    9080   18.16000000  0.60804977E-06 -0.20713267E-06  0.36966235E-06   863.99999940   -23308.27561825
    9090   18.18000000  0.57003986E-06 -0.18631568E-06  0.42597094E-06   863.99999940   -23308.27561810
    9100   18.20000000  0.52340237E-06 -0.16249811E-06  0.47662469E-06   863.99999940   -23308.27561794
    9110   18.22000000  0.46904753E-06 -0.13610078E-06  0.52109032E-06   863.99999940   -23308.27561779
    9120   18.24000000  0.40798476E-06 -0.10757321E-06  0.55892413E-06   863.99999940   -23308.27561763
    9130   18.26000000  0.34130827E-06 -0.77374816E-07  0.58976692E-06   863.99999940   -23308.27561748
    9140   18.28000000  0.27018500E-06 -0.45956176E-07  0.61333832E-06   863.99999940   -23308.27561732
    9150   18.30000000  0.19584133E-06 -0.13741660E-07  0.62942986E-06   863.99999940   -23308.27561717
    9160   18.32000000  0.11954927E-06  0.18885163E-07  0.63790077E-06   863.99999940   -23308.27561702
    9170   18.34000000  0.42611683E-07  0.51592066E-07  0.63867365E-06   863.99999940   -23308.27561687
    9180   18.36000000 -0.33654882E-07  0.84105481E-07  0.63173317E-06   863.99999940   -23308.27561672
    9190   18.38000000 -0.10793870E-06  0.11621302E-06  0.61712536E-06   863.99999940   -23308.27561657
    9200   18.40000000 -0.17895444E-06  0.14776161E-06  0.59496000E-06   863.99999940   -23308.27561642
    9210   18.42000000 -0.24546685E-06  0.17865080E-06  0.56541520E-06   863.99999940   -23308.27561627
    9220   18.44000000 -0.30631550E-06  0.20882406E-06  0.52874452E-06   863.99999940   -23308.27561612
    9230   18.46000000 -0.36043954E-06  0.23825714E-06  0.48528476E-06   863.99999939   -23308.27561597
    9240   18.48000000 -0.40690347E-06  0.26694490E-06  0.43546430E-06   863.99999939   -23308.27561582
    9250   18.50000000 -0.44492083E-06  0.29488835E-06  0.37981124E-06   863.99999939   -23308.27561567
    9260   18.52000000 -0.47387447E-06  0.32208273E-06  0.31896159E-06   863.99999939   -23308.27561552
    9270   18.54000000 -0.49333427E-06  0.34850926E-06  0.25366182E-06   863.99999939   -23308.27561537
    9280   18.56000000 -0.50307129E-06  0.37412591E-06  0.18476907E-06   863.99999939   -23308.27561522
    9290   18.58000000 -0.50306494E-06  0.39886280E-06  0.11324715E-06   863.99999939   -23308.27561506
    9300   18.60000000 -0.49350563E-06  0.42262026E-06  0.40157011E-07   863.99999939   -23308.27561491
    9310   18.62000000 -0.47479245E-06  0.44526731E-06 -0.33359363E-07   863.99999939   -23308.27561476
    9320   18.64000000 -0.44752356E-06  0.46664275E-06 -0.10609971E-06   863.99999939   -23308.27561461
    9330   18.66000000 -0.41248159E-06  0.48655584E-06 -0.17682621E-06   863.99999939   -23308.27561445
    9340   18.68000000 -0.37061348E-06  0.50478911E-06 -0.24429351E-06   863.99999939   -23308.27561430
    9350   18.70000000 -0.32300691E-06  0.52110024E-06 -0.30728049E-06   863.99999939   -23308.27561415
    9360   18.72000000 -0.27086134E-06  0.53522362E-06 -0.36462221E-06   863.99999939   -23308.27561400
    9370   18.74000000 -0.21545736E-06  0.54687322E-06 -0.41524013E-06   863.99999939   -23308.27561385
    9380   18.76000000 -0.15812464E-06  0.55574620E-06 -0.45816990E-06   863.99999938   -23308.27561370
    9390   18.78000000 -0.10020947E-06  0.56152800E-06 -0.49258686E-06   863.99999938   -23308.27561355
    9400   18.80000000 -0.43043134E-07  0.56389787E-06 -0.51782568E-06   863.99999938   -23308.27561340
    9410   18.82000000  0.12086900E-07  0.56253815E-06 -0.53339526E-06   863.99999938   -23308.27561325
    9420   18.84000000  0.63964291E-07  0.55714566E-06 -0.53898777E-06   863.99999938   -23308.27561310
    9430   18.86000000  0.11146393E-06  0.54744514E-06 -0.53448253E-06   863.99999938   -23308.27561295
    9440   18.88000000  0.15357037E-06  0.53320438E-06 -0.51994492E-06   863.99999938   -23308.27561280
    9450   18.90000000  0.18939141E-06  0.51425009E-06 -0.49562004E-06   863.99999938   -23308.27561265
    9460   18.92000000  0.21816568E-06  0.49048507E-06 -0.46192322E-06   863.99999938   -23308.27561250
    9470   18.94000000  0.23926706E-06  0.46190372E-06 -0.41942729E-06   863.99999938   -23308.27561235
    9480   18.96000000  0.25220616E-06  0.42860492E-06 -0.36884620E-06   863.99999938   -23308.27561220
    9490   18.98000000  0.25663043E-06  0.39080034E-06 -0.31101713E-06   863.99999938   -23308.27561206
    9500   19.00000000  0.25232215E-06  0.34882035E-06 -0.24688209E-06   863.99999938   -23308.27561191
    9510   19.02000000  0.23919634E-06  0.30311298E-06 -0.17746619E-06   863.99999938   -23308.27561176
    9520   19.04000000  0.21730010E-06  0.25423681E-06 -0.10385485E-06   863.99999938   -23308.27561161
    9530   19.06000000  0.18681295E-06  0.20284865E-06 -0.27171465E-07   863.99999937   -23308.27561146
    9540   19.08000000  0.14804873E-06  0.14968741E-06  0.51445449E-07   863.99999937   -23308.27561131
    9550   19.10000000  0.10145777E-06  0.95553250E-07  0.13086649E-06   863.99999937   -23308.27561116
    9560   19.12000000  0.47630612E-07  0.41282125E-07  0.20999436E-06   863.99999937   -23308.27561101
    9570   19.14000000 -0.12698837E-07 -0.12279453E-07  0.28778645E-06   863.99999937   -23308.27561086
    9580   19.16000000 -0.78651691E-07 -0.64298194E-07  0.36327442E-06   863.99999937   -23308.27561071
    9590   19.18000000 -0.14920565E-06 -0.11397821E-06  0.43558287E-06   863.99999937   -23308.27561056
    9600   19.20000000 -0.22320062E-06 -0.16058388E-06  0.50394482E-06   863.99999937   -23308.27561040
    9610   19.22000000 -0.29934777E-06 -0.20345926E-06  0.56771322E-06   863.99999937   -23308.27561025
    9620   19.24000000 -0.37624550E-06 -0.24204212E-06  0.62636785E-06   863.99999937   -23308.27561010
    9630   19.26000000 -0.45240169E-06 -0.27587564E-06  0.67951857E-06   863.99999937   -23308.27560995
    9640   19.28000000 -0.52626053E-06 -0.30461883E-06  0.72690456E-06   863.99999937   -23308.27560979
    9650   19.30000000 -0.59623567E-06 -0.32805114E-06  0.76838842E-06   863.99999937   -23308.27560964
    9660   19.32000000 -0.66074749E-06 -0.34607443E-06  0.80394589E-06   863.99999937   -23308.27560949
    9670   19.34000000 -0.71826385E-06 -0.35871290E-06  0.83365332E-06   863.99999937   -23308.27560934
    9680   19.36000000 -0.76734259E-06 -0.36610903E-06  0.85767277E-06   863.99999936   -23308.27560920
    9690   19.38000000 -0.80667404E-06 -0.36851863E-06  0.87623434E-06   863.99999936   -23308.27560905
    9700   19.40000000 -0.83512273E-06 -0.36630134E-06  0.88961855E-06   863.99999936   -23308.27560890
    9710   19.42000000 -0.85176574E-06 -0.35990947E-06  0.89813974E-06   863.99999936   -23308.27560876
    9720   19.44000000 -0.85592694E-06 -0.34987373E-06  0.90213127E-06   863.99999936   -23308.27560862
    9730   19.46000000 -0.84720448E-06 -0.33678670E-06  0.90193303E-06   863.99999936   -23308.27560848
    9740   19.48000000 -0.82549127E-06 -0.32128485E-06  0.89788141E-06   863.99999936   -23308.27560834
    9750   19.50000000 -0.79098684E-06 -0.30402876E-06  0.89030375E-06   863.99999936   -23308.27560820
    9760   19.52000000 -0.74420093E-06 -0.28568270E-06  0.87951600E-06   863.99999936   -23308.27560806
    9770   19.54000000 -0.68594580E-06 -0.26689345E-06  0.86582336E-06   863.99999936   -23308.27560792
    9780   19.56000000 -0.61731855E-06 -0.24827116E-06  0.84952287E-06   863.99999936   -23308.27560778
    9790   19.58000000 -0.53967559E-06 -0.23037101E-06  0.83090825E-06   863.99999936   -23308.27560764
    9800   19.60000000 -0.45459591E-06 -0.21367777E-06  0.81027515E-06   863.99999936   -23308.27560750
    9810   19.62000000 -0.36383666E-06 -0.19859262E-06  0.78792510E-06   863.99999936   -23308.27560735
    9820   19.64000000 -0.26928294E-06 -0.18542467E-06  0.76416809E-06   863.99999935   -23308.27560721
    9830   19.66000000 -0.17289263E-06 -0.17438627E-06  0.73932312E-06   863.99999935   -23308.27560706
    9840   19.68000000 -0.76638160E-07 -0.16559181E-06  0.71371754E-06   863.99999935   -23308.27560691
    9850   19.70000000  0.17552343E-07 -0.15906178E-06  0.68768124E-06   863.99999935   -23308.27560676
    9860   19.72000000  0.10785128E-06 -0.15472932E-06  0.66154069E-06   863.99999935   -23308.27560661
    9870   19.74000000  0.19258352E-06 -0.15245034E-06  0.63561049E-06   863.99999935   -23308.27560647
    9880   19.76000000  0.27027285E-06 -0.15201660E-06  0.61018501E-06   863.99999935   -23308.27560632
    9890   19.78000000  0.33968038E-06 -0.15316875E-06  0.58552950E-06   863.99999935   -23308.27560617
    9900   19.80000000  0.39983243E-06 -0.15561143E-06  0.56187259E-06   863.99999935   -23308.27560602
    9910   19.82000000  0.45003885E-06 -0.15902640E-06  0.53939900E-06   863.99999935   -23308.27560587
    9920   19.84000000  0.48989947E-06 -0.16308615E-06  0.51824500E-06   863.99999935   -23308.27560573
    9930   19.86000000  0.51929992E-06 -0.16746360E-06  0.49849532E-06   863.99999935   -23308.27560558
    9940   19.88000000  0.53839668E-06 -0.17184157E-06  0.48018234E-06   863.99999935   -23308.27560543
    9950   19.90000000  0.54759259E-06 -0.17591806E-06  0.46328408E-06   863.99999935   -23308.27560528
    9960   19.92000000  0.54750296E-06 -0.17940971E-06  0.44772521E-06   863.99999935   -23308.27560513
    9970   19.94000000  0.53891686E-06 -0.18205398E-06  0.43337859E-06   863.99999934   -23308.27560499
    9980   19.96000000  0.52275343E-06 -0.18360933E-06  0.42006733E-06   863.99999934   -23308.27560484
    9990   19.98000000  0.50001658E-06 -0.18385347E-06  0.40756640E-06   863.99999934   -23308.27560469
   10000   20.00000000  0.47174958E-06 -0.18258237E-06  0.39560557E-06   863.99999934   -23308.27560455
   10010   20.02000000  0.43899250E-06 -0.17960927E-06  0.38387496E-06   863.99999934   -23308.27560440
   10020   20.04000000  0.40274516E-06 -0.17476402E-06  0.37203094E-06   863.99999934   -23308.27560426
   10030   20.06000000  0.36393498E-06 -0.16789389E-06  0.35970450E-06   863.99999934   -23308.27560411
   10040   20.08000000  0.32339071E-06 -0.15886637E-06  0.34651159E-06   863.99999934   -23308.27560397
   10050   20.10000000  0.28182561E-06 -0.14757310E-06  0.33206665E-06   863.99999934   -23308.27560383
   10060   20.12000000  0.23982679E-06 -0.13393470E-06  0.31599649E-06   863.99999934   -23308.27560369
   10070   20.14000000  0.19785155E-06 -0.11790685E-06  0.29795599E-06   863.99999934   -23308.27560355
   10080   20.16000000  0.15622964E-06 -0.99486167E-07  0.27764439E-06   863.99999934   -23308.27560341
   10090   20.18000000  0.11517163E-06 -0.78716370E-07  0.25482117E-06   863.99999934   -23308.27560326
   10100   20.20000000  0.74780866E-07 -0.55692691E-07  0.22931903E-06   863.99999934   -23308.27560312
   10110   20.22000000  0.35068707E-07 -0.30564524E-07  0.20105658E-06   863.99999934   -23308.27560297
   10120   20.24000000 -0.40282510E-08 -0.35365187E-08  0.17004764E-06   863.99999933   -23308.27560282
   10130   20.26000000 -0.42628648E-07  0.25134156E-07  0.13640795E-06   863.99999933   -23308.27560267
   10140   20.28000000 -0.80886341E-07  0.55142893E-07  0.10035717E-06   863.99999933   -23308.27560252
   10150   20.30000000 -0.11896972E-06  0.86144863E-07  0.62219080E-07   863.99999933   -23308.27560237
   10160   20.32000000 -0.15704285E-06  0.11776575E-06  0.22418148E-07   863.99999933   -23308.27560222
   10170   20.34000000 -0.19524473E-06  0.14961453E-06 -0.18528003E-07   863.99999933   -23308.27560206
   10180   20.36000000 -0.23367021E-06  0.18129716E-06 -0.60016727E-07   863.99999933   -23308.27560191
   10190   20.38000000 -0.27235374E-06  0.21243059E-06 -0.10137350E-06   863.99999933   -23308.27560176
   10200   20.40000000 -0.31125589E-06  0.24265716E-06 -0.14186655E-06   863.99999933   -23308.27560161
   10210   20.42000000 -0.35025049E-06  0.27165849E-06 -0.18072382E-06   863.99999933   -23308.27560145
   10220   20.44000000 -0.38911694E-06  0.29916602E-06 -0.21715097E-06   863.99999933   -23308.27560130
   10230   20.46000000 -0.42753762E-06  0.32496995E-06 -0.25035174E-06   863.99999933   -23308.27560115
   10240   20.48000000 -0.46510108E-06  0.34892506E-06 -0.27954931E-06   863.99999933   -23308.27560100
   10250   20.50000000 -0.50130771E-06  0.37095260E-06 -0.30400613E-06   863.99999933   -23308.27560086
   10260   20.52000000 -0.53558335E-06  0.39103701E-06 -0.32304361E-06   863.99999933   -23308.27560071
   10270   20.54000000 -0.56729728E-06  0.40921986E-06 -0.33606117E-06   863.99999932   -23308.27560056
   10280   20.56000000 -0.59578481E-06  0.42558986E-06 -0.34255268E-06   863.99999932   -23308.27560042
   10290   20.58000000 -0.62037118E-06  0.44027024E-06 -0.34211904E-06   863.99999932   -23308.27560027
   10300   20.60000000 -0.64039958E-06  0.45340224E-06 -0.33447859E-06   863.99999932   -23308.27560013
   10310   20.62000000 -0.65525982E-06  0.46512797E-06 -0.31947445E-06   863.99999932   -23308.27559999
   10320   20.64000000 -0.66441388E-06  0.47557443E-06 -0.29707840E-06   863.99999932   -23308.27559984
   10330   20.66000000 -0.66742026E-06  0.48483787E-06 -0.26739150E-06   863.99999932   -23308.27559970
   10340   20.68000000 -0.66395486E-06  0.49297062E-06 -0.23064214E-06   863.99999932   -23308.27559956
   10350   20.70000000 -0.65382812E-06  0.49997261E-06 -0.18718167E-06   863.99999932   -23308.27559942
   10360   20.72000000 -0.63699479E-06  0.50578490E-06 -0.13747803E-06   863.99999932   -23308.27559928
   10370   20.74000000 -0.61355939E-06  0.51028952E-06 -0.82108043E-07   863.99999932   -23308.27559914
   10380   20.76000000 -0.58377550E-06  0.51331385E-06 -0.21746951E-07   863.99999932   -23308.27559899
   10390   20.78000000 -0.54804043E-06  0.51463798E-06  0.42843036E-07   863.99999932   -23308.27559885
   10400   20.80000000 -0.50688479E-06  0.51400497E-06  0.11082638E-06   863.99999932   -23308.27559871
   10410   20.82000000 -0.46095668E-06  0.51113398E-06  0.18130916E-06   863.99999932   -23308.27559856
   10420   20.84000000 -0.41100346E-06  0.50573454E-06  0.25335534E-06   863.99999931   -23308.27559842
   10430   20.86000000 -0.35785062E-06  0.49752111E-06  0.32600579E-06   863.99999931   -23308.27559828
   10440   20.88000000 -0.30238016E-06  0.48622610E-06  0.39829863E-06   863.99999931   -23308.27559814
   10450   20.90000000 -0.24550831E-06  0.47161090E-06  0.46928888E-06   863.99999931   -23308.27559799
   10460   20.92000000 -0.18816214E-06  0.45347601E-06  0.53806975E-06   863.99999931   -23308.27559785
   10470   20.94000000 -0.13125906E-06  0.43166967E-06  0.60379367E-06   863.99999931   -23308.27559771
   10480   20.96000000 -0.75688303E-07  0.40609415E-06  0.66569142E-06   863.99999931   -23308.27559757
   10490   20.98000000 -0.22295777E-07  0.37670985E-06  0.72308958E-06   863.99999931   -23308.27559743
   10500   21.00000000  0.28130880E-07  0.34353979E-06  0.77542446E-06   863.99999931   -23308.27559729
   10510   21.02000000  0.74872956E-07  0.30667350E-06  0.82225274E-06   863.99999931   -23308.27559715
   10520   21.04000000  0.11728753E-06  0.26627106E-06  0.86325729E-06   863.99999931   -23308.27559701
   10530   21.06000000  0.15481289E-06  0.22256687E-06  0.89824883E-06   863.99999931   -23308.27559687
   10540   21.08000000  0.18697206E-06  0.17587270E-06  0.92716257E-06   863.99999931   -23308.27559673
   10550   21.10000000  0.21337604E-06  0.12658188E-06  0.95004982E-06   863.99999931   -23308.27559659
   10560   21.12000000  0.23372400E-06  0.75171674E-07  0.96706551E-06   863.99999931   -23308.27559645
   10570   21.14000000  0.24780426E-06  0.22203483E-07  0.97845314E-06   863.99999930   -23308.27559631
   10580   21.16000000  0.25549528E-06 -0.31680624E-07  0.98452610E-06   863.99999930   -23308.27559617
   10590   21.18000000  0.25676784E-06 -0.85764179E-07  0.98564718E-06   863.99999930   -23308.27559603
   10600   21.20000000  0.25168612E-06 -0.13926735E-06  0.98220943E-06   863.99999930   -23308.27559588
   10610   21.22000000  0.24040952E-06 -0.19136387E-06  0.97461717E-06   863.99999930   -23308.27559574
   10620   21.24000000  0.22319402E-06 -0.24120193E-06  0.96326806E-06   863.99999930   -23308.27559560
   10630   21.26000000  0.20039444E-06 -0.28792901E-06  0.94853906E-06   863.99999930   -23308.27559546
   10640   21.28000000  0.17246355E-06 -0.33072006E-06  0.93077689E-06   863.99999930   -23308.27559533
   10650   21.30000000  0.13994936E-06 -0.36880630E-06  0.91029271E-06   863.99999930   -23308.27559519
   10660   21.32000000  0.10349102E-06 -0.40150383E-06  0.88736042E-06   863.99999930   -23308.27559505
   10670   21.34000000  0.63812005E-07 -0.42823853E-06  0.86221977E-06   863.99999930   -23308.27559491
   10680   21.36000000  0.21709152E-07 -0.44856703E-06  0.83508469E-06   863.99999930   -23308.27559477
   10690   21.38000000 -0.21961390E-07 -0.46219180E-06  0.80615481E-06   863.99999930   -23308.27559463
   10700   21.40000000 -0.66300660E-07 -0.46896829E-06  0.77562713E-06   863.99999930   -23308.27559449
   10710   21.42000000 -0.11038588E-06 -0.46890446E-06  0.74370931E-06   863.99999930   -23308.27559435
   10720   21.44000000 -0.15329249E-06 -0.46215404E-06  0.71063188E-06   863.99999929   -23308.27559421
   10730   21.46000000 -0.19411608E-06 -0.44900429E-06  0.67666019E-06   863.99999929   -23308.27559407
   10740   21.48000000 -0.23199480E-06 -0.42985801E-06  0.64210040E-06   863.99999929   -23308.27559393
   10750   21.50000000 -0.26613156E-06 -0.40521350E-06  0.60730229E-06   863.99999929   -23308.27559379
   10760   21.52000000 -0.29581428E-06 -0.37564345E-06  0.57265665E-06   863.99999929   -23308.27559365
   10770   21.54000000 -0.32043290E-06 -0.34177719E-06  0.53858977E-06   863.99999929   -23308.27559351
   10780   21.56000000 -0.33949365E-06 -0.30428220E-06  0.50555294E-06   863.99999929   -23308.27559337
   10790   21.58000000 -0.35263120E-06 -0.26385040E-06  0.47400756E-06   863.99999929   -23308.27559323
   10800   21.60000000 -0.35961511E-06 -0.22118745E-06  0.44440716E-06   863.99999929   -23308.27559309
   10810   21.62000000 -0.36035159E-06 -0.17700544E-06  0.41717909E-06   863.99999929   -23308.27559295
   10820   21.64000000 -0.35488404E-06 -0.13201690E-06  0.39270655E-06   863.99999929   -23308.27559281
   10830   21.66000000 -0.34338858E-06 -0.86930779E-07  0.37131079E-06   863.99999929   -23308.27559267
   10840   21.68000000 -0.32616612E-06 -0.42447554E-07  0.35323532E-06   863.99999929   -23308.27559253
   10850   21.70000000 -0.30363154E-06  0.74595043E-09  0.33863420E-06   863.99999929   -23308.27559240
   10860   21.72000000 -0.27630202E-06  0.41983908E-07  0.32756501E-06   863.99999929   -23308.27559226
   10870   21.74000000 -0.24478313E-06  0.80631303E-07  0.31998550E-06   863.99999928   -23308.27559212
   10880   21.76000000 -0.20975263E-06  0.11609712E-06  0.31575566E-06   863.99999928   -23308.27559198
   10890   21.78000000 -0.17194568E-06  0.14784760E-06  0.31464477E-06   863.99999928   -23308.27559184
   10900   21.80000000 -0.13213892E-06  0.17542060E-06  0.31634269E-06   863.99999928   -23308.27559169
   10910   21.82000000 -0.91134209E-07  0.19844130E-06  0.32047635E-06   863.99999928   -23308.27559155
   10920   21.84000000 -0.49742429E-07  0.21663665E-06  0.32662798E-06   863.99999928   -23308.27559141
   10930   21.86000000 -0.87683481E-08  0.22984600E-06  0.33435536E-06   863.99999928   -23308.27559126
   10940   21.88000000  0.31004066E-07  0.23802927E-06  0.34321411E-06   863.99999928   -23308.27559112
   10950   21.90000000  0.68827754E-07  0.24127050E-06  0.35277821E-06   863.99999928   -23308.27559097
   10960   21.92000000  0.10400671E-06  0.23977666E-06  0.36265857E-06   863.99999928   -23308.27559083
   10970   21.94000000  0.13591009E-06  0.23387110E-06  0.37251859E-06   863.99999928   -23308.27559068
   10980   21.96000000  0.16398646E-06  0.22398289E-06  0.38208498E-06   863.99999928   -23308.27559053
   10990   21.98000000  0.18777745E-06  0.21063005E-06  0.39115372E-06   863.99999928   -23308.27559039
   11000   22.00000000  0.20692943E-06  0.19439965E-06  0.39958975E-06   863.99999928   -23308.27559024
   11010   22.02000000  0.22120399E-06  0.17592712E-06  0.40732192E-06   863.99999928   -23308.27559010
   11020   22.04000000  0.23048642E-06  0.15587347E-06  0.41433234E-06   863.99999927   -23308.27558995
   11030   22.06000000  0.23479241E-06  0.13490231E-06  0.42064265E-06   863.99999927   -23308.27558981
   11040   22.08000000  0.23427054E-06  0.11365990E-06  0.42629665E-06   863.99999927   -23308.27558967
   11050   22.10000000  0.22920128E-06  0.92758074E-07  0.43134297E-06   863.99999927   -23308.27558952
   11060   22.12000000  0.21999287E-06  0.72761434E-07  0.43581843E-06   863.99999927   -23308.27558938
   11070   22.14000000  0.20717360E-06  0.54178503E-07  0.43973331E-06   863.99999927   -23308.27558924
   11080   22.16000000  0.19137907E-06  0.37458993E-07  0.44306042E-06   863.99999927   -23308.27558910
   11090   22.18000000  0.17333490E-06  0.22994830E-07  0.44572931E-06   863.99999927   -23308.27558896
   11100   22.20000000  0.15383631E-06  0.11125084E-07  0.44762580E-06   863.99999927   -23308.27558882
   11110   22.22000000  0.13372540E-06  0.21431709E-08  0.44859593E-06   863.99999927   -23308.27558869
   11120   22.24000000  0.11386446E-06 -0.36936918E-08  0.44845558E-06   863.99999927   -23308.27558855
   11130   22.26000000  0.95106682E-07 -0.61559659E-08  0.44700374E-06   863.99999927   -23308.27558841
   11140   22.28000000  0.78267432E-07 -0.50350305E-08  0.44403812E-06   863.99999927   -23308.27558827
   11150   22.30000000  0.64098368E-07 -0.13981773E-09  0.43937102E-06   863.99999927   -23308.27558813
   11160   22.32000000  0.53261348E-07  0.87031674E-08  0.43284575E-06   863.99999926   -23308.27558798
   11170   22.34000000  0.46305558E-07  0.21645566E-07  0.42435066E-06   863.99999926   -23308.27558784
   11180   22.36000000  0.43651861E-07  0.38807176E-07  0.41382927E-06   863.99999926   -23308.27558769
   11190   22.38000000  0.45582185E-07  0.60261735E-07  0.40128596E-06   863.99999926   -23308.27558755
   11200   22.40000000  0.52234993E-07  0.86019681E-07  0.38678884E-06   863.99999926   -23308.27558740
   11210   22.42000000  0.63606144E-07  0.11601000E-06  0.37046555E-06   863.99999926   -23308.27558725
   11220   22.44000000  0.79556711E-07  0.15006060E-06  0.35249490E-06   863.99999926   -23308.27558710
   11230   22.46000000  0.99824785E-07  0.18787932E-06  0.33309722E-06   863.99999926   -23308.27558695
   11240   22.48000000  0.12404240E-06  0.22903905E-06  0.31251976E-06   863.99999926   -23308.27558681
   11250   22.50000000  0.15175305E-06  0.27296858E-06  0.29102125E-06   863.99999926   -23308.27558666
   11260   22.52000000  0.18243118E-06  0.31894780E-06  0.26885685E-06   863.99999926   -23308.27558651
   11270   22.54000000  0.21550040E-06  0.36611093E-06  0.24626443E-06   863.99999926   -23308.27558636
   11280   22.56000000  0.25035326E-06  0.41345718E-06  0.22345276E-06   863.99999926   -23308.27558621
   11290   22.58000000  0.28636856E-06  0.45986987E-06  0.20059295E-06   863.99999926   -23308.27558606
   11300   22.60000000  0.32292583E-06  0.50414199E-06  0.17781416E-06   863.99999926   -23308.27558592
   11310   22.62000000  0.35941820E-06  0.54500973E-06  0.15520272E-06   863.99999925   -23308.27558577
   11320   22.64000000  0.39526453E-06  0.58119039E-06  0.13280531E-06   863.99999925   -23308.27558562
   11330   22.66000000  0.42991875E-06  0.61142405E-06  0.11063654E-06   863.99999925   -23308.27558547
   11340   22.68000000  0.46287686E-06  0.63451867E-06  0.88689115E-07   863.99999925   -23308.27558532
   11350   22.70000000  0.49368243E-06  0.64939421E-06  0.66945479E-07   863.99999925   -23308.27558517
   11360   22.72000000  0.52192979E-06  0.65512517E-06  0.45392109E-07   863.99999925   -23308.27558503
   11370   22.74000000  0.54726481E-06  0.65097833E-06  0.24033463E-07   863.99999925   -23308.27558488
   11380   22.76000000  0.56938412E-06  0.63644485E-06  0.29055421E-08   863.99999925   -23308.27558473
   11390   22.78000000  0.58803010E-06  0.61126548E-06 -0.17912428E-07   863.99999925   -23308.27558458
   11400   22.80000000  0.60298596E-06  0.57544558E-06 -0.38288898E-07   863.99999925   -23308.27558444
   11410   22.82000000  0.61406844E-06  0.52925934E-06 -0.58033348E-07   863.99999925   -23308.27558429
   11420   22.84000000  0.62111909E-06  0.47324572E-06 -0.76894624E-07   863.99999925   -23308.27558414
   11430   22.86000000  0.62399600E-06  0.40819211E-06 -0.94562602E-07   863.99999925   -23308.27558400
   11440   22.88000000  0.62256580E-06  0.33510838E-06 -0.11067457E-06   863.99999925   -23308.27558385
   11450   22.90000000  0.61669831E-06  0.25519262E-06 -0.12482535E-06   863.99999925   -23308.27558371
   11460   22.92000000  0.60626300E-06  0.16979035E-06 -0.13658186E-06   863.99999924   -23308.27558356
   11470   22.94000000  0.59112812E-06  0.80348412E-07 -0.14550049E-06   863.99999924   -23308.27558342
   11480   22.96000000  0.57116321E-06 -0.11633167E-07 -0.15114764E-06   863.99999924   -23308.27558328
   11490   22.98000000  0.54624532E-06 -0.10464878E-06 -0.15312113E-06   863.99999924   -23308.27558313
   11500   23.00000000  0.51626734E-06 -0.19723238E-06 -0.15107271E-06   863.99999924   -23308.27558299
   11510   23.02000000  0.48114854E-06 -0.28799850E-06 -0.14472988E-06   863.99999924   -23308.27558284
   11520   23.04000000  0.44084605E-06 -0.37567459E-06 -0.13391613E-06   863.99999924   -23308.27558270
   11530   23.06000000  0.39536719E-06 -0.45912545E-06 -0.11856799E-06   863.99999924   -23308.27558255
   11540   23.08000000  0.34477984E-06 -0.53737009E-06 -0.98749109E-07   863.99999924   -23308.27558241
   11550   23.10000000  0.28922298E-06 -0.60958886E-06 -0.74660600E-07   863.99999924   -23308.27558226
   11560   23.12000000  0.22891301E-06 -0.67512024E-06 -0.46645289E-07   863.99999924   -23308.27558211
   11570   23.14000000  0.16414871E-06 -0.73345205E-06 -0.15186087E-07   863.99999924   -23308.27558196
   11580   23.16000000  0.95313322E-07 -0.78420643E-06  0.19100781E-07   863.99999924   -23308.27558182
   11590   23.18000000  0.22874620E-07 -0.82711947E-06  0.55476698E-07   863.99999924   -23308.27558167
   11600   23.20000000 -0.52619766E-07 -0.86201926E-06  0.93098583E-07   863.99999924   -23308.27558152
   11610   23.22000000 -0.13054686E-06 -0.88880436E-06  0.13104213E-06   863.99999923   -23308.27558138
   11620   23.24000000 -0.21021421E-06 -0.90742299E-06  0.16832934E-06   863.99999923   -23308.27558123
   11630   23.26000000 -0.29086844E-06 -0.91785550E-06  0.20395758E-06   863.99999923   -23308.27558108
   11640   23.28000000 -0.37170417E-06 -0.92010250E-06  0.23693203E-06   863.99999923   -23308.27558094
   11650   23.30000000 -0.45187237E-06 -0.91417705E-06  0.26629986E-06   863.99999923   -23308.27558079
   11660   23.32000000 -0.53049033E-06 -0.90010291E-06  0.29118407E-06   863.99999923   -23308.27558064
   11670   23.34000000 -0.60665177E-06 -0.87791866E-06  0.31081424E-06   863.99999923   -23308.27558049
   11680   23.36000000 -0.67943711E-06 -0.84768536E-06  0.32455524E-06   863.99999923   -23308.27558035
   11690   23.38000000 -0.74792532E-06 -0.80949961E-06  0.33193074E-06   863.99999923   -23308.27558020
   11700   23.40000000 -0.81120565E-06 -0.76350896E-06  0.33264154E-06   863.99999923   -23308.27558005
   11710   23.42000000 -0.86839166E-06 -0.70992868E-06  0.32657624E-06   863.99999923   -23308.27557990
   11720   23.44000000 -0.91863382E-06 -0.64905728E-06  0.31381506E-06   863.99999923   -23308.27557975
   11730   23.46000000 -0.96113596E-06 -0.58129080E-06  0.29462517E-06   863.99999923   -23308.27557960
   11740   23.48000000 -0.99517082E-06 -0.50713494E-06  0.26944951E-06   863.99999923   -23308.27557946
   11750   23.50000000 -0.10200941E-05 -0.42721108E-06  0.23888858E-06   863.99999923   -23308.27557931
   11760   23.52000000 -0.10353590E-05 -0.34225879E-06  0.20367648E-06   863.99999922   -23308.27557916
   11770   23.54000000 -0.10405299E-05 -0.25313135E-06  0.16465272E-06   863.99999922   -23308.27557902
   11780   23.56000000 -0.10352926E-05 -0.16078625E-06  0.12273076E-06   863.99999922   -23308.27557888
   11790   23.58000000 -0.10194628E-05 -0.66269986E-07  0.78868183E-07   863.99999922   -23308.27557873
   11800   23.60000000 -0.99299013E-06  0.29301401E-07  0.34035562E-07   863.99999922   -23308.27557859
   11810   23.62000000 -0.95596118E-06  0.12476578E-06 -0.10812871E-07   863.99999922   -23308.27557845
   11820   23.64000000 -0.90859798E-06  0.21894228E-06 -0.54763796E-07   863.99999922   -23308.27557831
   11830   23.66000000 -0.85125395E-06  0.31065816E-06 -0.96964648E-07   863.99999922   -23308.27557816
   11840   23.68000000 -0.78440961E-06  0.39877538E-06 -0.13664060E-06   863.99999922   -23308.27557802
   11850   23.70000000 -0.70866395E-06  0.48221803E-06 -0.17310680E-06   863.99999922   -23308.27557788
   11860   23.72000000 -0.62472583E-06  0.55999599E-06 -0.20577569E-06   863.99999922   -23308.27557773
   11870   23.74000000 -0.53340529E-06  0.63122372E-06 -0.23415961E-06   863.99999922   -23308.27557759
   11880   23.76000000 -0.43560441E-06  0.69513696E-06 -0.25787128E-06   863.99999922   -23308.27557744
   11890   23.78000000 -0.33230480E-06  0.75110392E-06 -0.27662075E-06   863.99999922   -23308.27557729
   11900   23.80000000 -0.22455786E-06  0.79863228E-06 -0.29021110E-06   863.99999922   -23308.27557714
   11910   23.82000000 -0.11347215E-06  0.83737067E-06 -0.29853138E-06   863.99999921   -23308.27557699
   11920   23.84000000 -0.20035607E-09  0.86710742E-06 -0.30154760E-06   863.99999921   -23308.27557684
   11930   23.86000000  0.11407590E-06  0.88776598E-06 -0.29929307E-06   863.99999921   -23308.27557669
   11940   23.88000000  0.22816066E-06  0.89939688E-06 -0.29185909E-06   863.99999921   -23308.27557654
   11950   23.90000000  0.34085975E-06  0.90216781E-06 -0.27938413E-06   863.99999921   -23308.27557639
   11960   23.92000000  0.45099781E-06  0.89635350E-06 -0.26204298E-06   863.99999921   -23308.27557623
   11970   23.94000000  0.55743343E-06  0.88232511E-06 -0.24003664E-06   863.99999921   -23308.27557608
   11980   23.96000000  0.65907454E-06  0.86053896E-06 -0.21358405E-06   863.99999921   -23308.27557594
   11990   23.98000000  0.75489160E-06  0.83152623E-06 -0.18291405E-06   863.99999921   -23308.27557579
   12000   24.00000000  0.84392792E-06  0.79588347E-06 -0.14826149E-06   863.99999921   -23308.27557564
   12010   24.02000000  0.92530830E-06  0.75426407E-06 -0.10986505E-06   863.99999921   -23308.27557549
   12020   24.04000000  0.99824475E-06  0.70736901E-06 -0.67966559E-07   863.99999921   -23308.27557535
   12030   24.06000000  0.10620401E-05  0.65593878E-06 -0.22815843E-07   863.99999921   -23308.27557521
   12040   24.08000000  0.11160894E-05  0.60074525E-06  0.25323066E-07   863.99999921   -23308.27557506
   12050   24.10000000  0.11598799E-05  0.54258235E-06  0.76162730E-07   863.99999921   -23308.27557492
   12060   24.12000000  0.11929926E-05  0.48225611E-06  0.12938319E-06   863.99999920   -23308.27557478
   12070   24.14000000  0.12151019E-05  0.42057443E-06  0.18462047E-06   863.99999920   -23308.27557464
   12080   24.16000000  0.12259767E-05  0.35833595E-06  0.24145580E-06   863.99999920   -23308.27557450
   12090   24.18000000  0.12254833E-05  0.29631799E-06  0.29940677E-06   863.99999920   -23308.27557436
   12100   24.20000000  0.12135898E-05  0.23526614E-06  0.35791997E-06   863.99999920   -23308.27557421
   12110   24.22000000  0.11903717E-05  0.17588341E-06  0.41636803E-06   863.99999920   -23308.27557407
   12120   24.24000000  0.11560185E-05  0.11882066E-06  0.47404965E-06   863.99999920   -23308.27557393
   12130   24.26000000  0.11108400E-05  0.64668460E-07  0.53019479E-06   863.99999920   -23308.27557379
   12140   24.28000000  0.10552743E-05  0.13951165E-07  0.58397345E-06   863.99999920   -23308.27557364
   12150   24.30000000  0.98989284E-06 -0.32876182E-07  0.63450949E-06   863.99999920   -23308.27557350
   12160   24.32000000  0.91540439E-06 -0.75430736E-07  0.68089909E-06   863.99999920   -23308.27557335
   12170   24.34000000  0.83265668E-06 -0.11340250E-06  0.72223258E-06   863.99999920   -23308.27557321
   12180   24.36000000  0.74263340E-06 -0.14655292E-06  0.75761866E-06   863.99999920   -23308.27557306
   12190   24.38000000  0.64644966E-06 -0.17471293E-06  0.78621159E-06   863.99999920   -23308.27557291
   12200   24.40000000  0.54534193E-06 -0.19778053E-06  0.80724018E-06   863.99999920   -23308.27557276
   12210   24.42000000  0.44065461E-06 -0.21571860E-06  0.82003448E-06   863.99999919   -23308.27557261
   12220   24.44000000  0.33382024E-06 -0.22855124E-06  0.82405259E-06   863.99999919   -23308.27557246
   12230   24.46000000  0.22633863E-06 -0.23636103E-06  0.81890514E-06   863.99999919   -23308.27557231
   12240   24.48000000  0.11975029E-06 -0.23928494E-06  0.80437532E-06   863.99999919   -23308.27557216
   12250   24.50000000  0.15606842E-07 -0.23751165E-06  0.78043474E-06   863.99999919   -23308.27557201
   12260   24.52000000 -0.84562302E-07 -0.23127711E-06  0.74725327E-06   863.99999919   -23308.27557186
   12270   24.54000000 -0.17928404E-06 -0.22085985E-06  0.70520268E-06   863.99999919   -23308.27557171
   12280   24.56000000 -0.26717743E-06 -0.20657547E-06  0.65485352E-06   863.99999919   -23308.27557156
   12290   24.58000000 -0.34698807E-06 -0.18877069E-06  0.59696459E-06   863.99999919   -23308.27557141
   12300   24.60000000 -0.41762178E-06 -0.16781745E-06  0.53246667E-06   863.99999919   -23308.27557127
   12310   24.62000000 -0.47817599E-06 -0.14410558E-06  0.46243995E-06   863.99999919   -23308.27557112
   12320   24.64000000 -0.52796520E-06 -0.11803698E-06  0.38808601E-06   863.99999919   -23308.27557098
   12330   24.66000000 -0.56653909E-06 -0.90019363E-07  0.31069526E-06   863.99999919   -23308.27557083
   12340   24.68000000 -0.59369606E-06 -0.60461260E-07  0.23161294E-06   863.99999919   -23308.27557069
   12350   24.70000000 -0.60948871E-06 -0.29768644E-07  0.15220459E-06   863.99999918   -23308.27557055
   12360   24.72000000 -0.61422007E-06  0.16585444E-08  0.73820154E-07   863.99999918   -23308.27557040
   12370   24.74000000 -0.60843111E-06  0.33427603E-07 -0.22393869E-08   863.99999918   -23308.27557026
   12380   24.76000000 -0.59288287E-06  0.65153172E-07 -0.74750592E-07   863.99999918   -23308.27557012
   12390   24.78000000 -0.56853146E-06  0.96458066E-07 -0.14259180E-06   863.99999918   -23308.27556997
   12400   24.80000000 -0.53649734E-06  0.12697440E-06 -0.20476488E-06   863.99999918   -23308.27556983
   12410   24.82000000 -0.49803046E-06  0.15634508E-06 -0.26040993E-06   863.99999918   -23308.27556968
   12420   24.84000000 -0.45447379E-06  0.18422506E-06 -0.30881421E-06   863.99999918   -23308.27556953
   12430   24.86000000 -0.40722511E-06  0.21028514E-06 -0.34941662E-06   863.99999918   -23308.27556939
   12440   24.88000000 -0.35769895E-06  0.23421844E-06 -0.38180884E-06   863.99999918   -23308.27556924
   12450   24.90000000 -0.30729037E-06  0.25574607E-06 -0.40573231E-06   863.99999918   -23308.27556909
   12460   24.92000000 -0.25733980E-06  0.27462355E-06 -0.42107241E-06   863.99999918   -23308.27556894
   12470   24.94000000 -0.20910124E-06  0.29064702E-06 -0.42784947E-06   863.99999918   -23308.27556879
   12480   24.96000000 -0.16371328E-06  0.30365801E-06 -0.42620984E-06   863.99999918   -23308.27556865
   12490   24.98000000 -0.12217520E-06  0.31354696E-06 -0.41641417E-06   863.99999918   -23308.27556850
   12500   25.00000000 -0.85324970E-07  0.32025450E-06 -0.39882402E-06   863.99999917   -23308.27556835
   12510   25.02000000 -0.53822865E-07  0.32376836E-06 -0.37388952E-06   863.99999917   -23308.27556820
   12520   25.04000000 -0.28139572E-07  0.32411849E-06 -0.34213481E-06   863.99999917   -23308.27556805
   12530   25.06000000 -0.85490146E-08  0.32137050E-06 -0.30414322E-06   863.99999917   -23308.27556791
   12540   25.08000000  0.48749230E-08  0.31561778E-06 -0.26054123E-06   863.99999917   -23308.27556776
   12550   25.10000000  0.12255552E-07  0.30697230E-06 -0.21198533E-06   863.99999917   -23308.27556761
   12560   25.12000000  0.13906705E-07  0.29555642E-06 -0.15914791E-06   863.99999917   -23308.27556746
   12570   25.14000000  0.10320241E-07  0.28149732E-06 -0.10270288E-06   863.99999917   -23308.27556731
   12580   25.16000000  0.21495799E-08  0.26492475E-06 -0.43314551E-07   863.99999917   -23308.27556716
   12590   25.18000000 -0.98112274E-08  0.24597011E-06  0.18370354E-07   863.99999917   -23308.27556701
   12600   25.20000000 -0.24651476E-07  0.22477089E-06  0.81731122E-07   863.99999917   -23308.27556686
   12610   25.22000000 -0.41371695E-07  0.20147782E-06  0.14617803E-06   863.99999917   -23308.27556671
   12620   25.24000000 -0.58913793E-07  0.17626413E-06  0.21115367E-06   863.99999917   -23308.27556656
   12630   25.26000000 -0.76191354E-07  0.14933633E-06  0.27613371E-06   863.99999917   -23308.27556641
   12640   25.28000000 -0.92121248E-07  0.12094477E-06  0.34062413E-06   863.99999917   -23308.27556626
   12650   25.30000000 -0.10565388E-06  0.91393475E-07  0.40415850E-06   863.99999916   -23308.27556611
   12660   25.32000000 -0.11580341E-06  0.61045172E-07  0.46629304E-06   863.99999916   -23308.27556597
   12670   25.34000000 -0.12167463E-06  0.30323968E-07  0.52660112E-06   863.99999916   -23308.27556582
   12680   25.36000000 -0.12248716E-06 -0.28723617E-09  0.58466769E-06   863.99999916   -23308.27556568
   12690   25.38000000 -0.11759669E-06 -0.30254802E-07  0.64008370E-06   863.99999916   -23308.27556554
   12700   25.40000000 -0.10651355E-06 -0.59007503E-07  0.69244162E-06   863.99999916   -23308.27556540
   12710   25.42000000 -0.88916948E-07 -0.85954508E-07  0.74133200E-06   863.99999916   -23308.27556526
   12720   25.44000000 -0.64665885E-07 -0.11050480E-06  0.78634078E-06   863.99999916   -23308.27556512
   12730   25.46000000 -0.33807095E-07 -0.13208919E-06  0.82704905E-06   863.99999916   -23308.27556499
   12740   25.48000000  0.34217751E-08 -0.15018465E-06  0.86303493E-06   863.99999916   -23308.27556485
   12750   25.50000000  0.46591968E-07 -0.16433539E-06  0.89387710E-06   863.99999916   -23308.27556471
   12760   25.52000000  0.95088188E-07 -0.17417233E-06  0.91916200E-06   863.99999916   -23308.27556457
   12770   25.54000000  0.14811783E-06 -0.17942897E-06  0.93849198E-06   863.99999916   -23308.27556443
   12780   25.56000000  0.20472586E-06 -0.17995324E-06  0.95149667E-06   863.99999916   -23308.27556429
   12790   25.58000000  0.26381524E-06 -0.17571459E-06  0.95784547E-06   863.99999916   -23308.27556415
   12800   25.60000000  0.32417361E-06 -0.16680617E-06  0.95726170E-06   863.99999915   -23308.27556401
   12810   25.62000000  0.38450484E-06 -0.15344325E-06  0.94953810E-06   863.99999915   -23308.27556386
   12820   25.64000000  0.44346600E-06 -0.13595702E-06  0.93455021E-06   863.99999915   -23308.27556372
   12830   25.66000000  0.49970930E-06 -0.11478419E-06  0.91226949E-06   863.99999915   -23308.27556357
   12840   25.68000000  0.55192632E-06 -0.90454440E-07  0.88277343E-06   863.99999915   -23308.27556343
   12850   25.70000000  0.59889229E-06 -0.63575666E-07  0.84625493E-06   863.99999915   -23308.27556328
   12860   25.72000000  0.63950846E-06 -0.34816828E-07  0.80302615E-06   863.99999915   -23308.27556314
   12870   25.74000000  0.67284194E-06 -0.48884903E-08  0.75351912E-06   863.99999915   -23308.27556299
   12880   25.76000000  0.69815897E-06  0.25476186E-07  0.69828081E-06   863.99999915   -23308.27556285
   12890   25.78000000  0.71494936E-06  0.55541115E-07  0.63796712E-06   863.99999915   -23308.27556270
   12900   25.80000000  0.72294133E-06  0.84586574E-07  0.57333107E-06   863.99999915   -23308.27556255
   12910   25.82000000  0.72210748E-06  0.11192862E-06  0.50520628E-06   863.99999915   -23308.27556241
   12920   25.84000000  0.71265827E-06  0.13693739E-06  0.43448863E-06   863.99999915   -23308.27556226
   12930   25.86000000  0.69502511E-06  0.15905202E-06  0.36211643E-06   863.99999915   -23308.27556212
   12940   25.88000000  0.66983628E-06  0.17779309E-06  0.28904783E-06   863.99999915   -23308.27556198
   12950   25.90000000  0.63788345E-06  0.19277525E-06  0.21623682E-06   863.99999914   -23308.27556183
   12960   25.92000000  0.60008277E-06  0.20371401E-06  0.14461108E-06   863.99999914   -23308.27556169
   12970   25.94000000  0.55743312E-06  0.21042949E-06  0.75050339E-07   863.99999914   -23308.27556155
   12980   25.96000000  0.51097413E-06  0.21284735E-06  0.83667363E-08   863.99999914   -23308.27556141
   12990   25.98000000  0.46174520E-06  0.21099710E-06 -0.54712249E-07   863.99999914   -23308.27556127
   13000   26.00000000  0.41074734E-06  0.20500814E-06 -0.11355731E-06   863.99999914   -23308.27556113
   13010   26.02000000  0.35891103E-06  0.19510115E-06 -0.16764673E-06   863.99999914   -23308.27556099
   13020   26.04000000  0.30707130E-06  0.18157916E-06 -0.21657080E-06   863.99999914   -23308.27556085
   13030   26.06000000  0.25594926E-06  0.16481805E-06 -0.26003362E-06   863.99999914   -23308.27556071
   13040   26.08000000  0.20614233E-06  0.14525463E-06 -0.29785037E-06   863.99999914   -23308.27556057
   13050   26.10000000  0.15811922E-06  0.12337447E-06 -0.32994068E-06   863.99999914   -23308.27556043
   13060   26.12000000  0.11222453E-06  0.99699669E-07 -0.35631953E-06   863.99999914   -23308.27556029
   13070   26.14000000  0.68689078E-07  0.74776656E-07 -0.37708655E-06   863.99999914   -23308.27556015
   13080   26.16000000  0.27643541E-07  0.49163879E-07 -0.39241339E-06   863.99999914   -23308.27556000
   13090   26.18000000 -0.10865541E-07  0.23418459E-07 -0.40253159E-06   863.99999914   -23308.27555985
   13100   26.20000000 -0.46853863E-07 -0.19168525E-08 -0.40772092E-06   863.99999913   -23308.27555970
   13110   26.22000000 -0.80377137E-07 -0.26326806E-07 -0.40829955E-06   863.99999913   -23308.27555955
   13120   26.24000000 -0.11150975E-06 -0.49337321E-07 -0.40461513E-06   863.99999913   -23308.27555939
   13130   26.26000000 -0.14032398E-06 -0.70529094E-07 -0.39703988E-06   863.99999913   -23308.27555924
   13140   26.28000000 -0.16686954E-06 -0.89550976E-07 -0.38596680E-06   863.99999913   -23308.27555908
   13150   26.30000000 -0.19115546E-06 -0.10613066E-06 -0.37180802E-06   863.99999913   -23308.27555893
   13160   26.32000000 -0.21313663E-06 -0.12008535E-06 -0.35499540E-06   863.99999913   -23308.27555877
   13170   26.34000000 -0.23270421E-06 -0.13132984E-06 -0.33598177E-06   863.99999913   -23308.27555862
   13180   26.36000000 -0.24968064E-06 -0.13987979E-06 -0.31524118E-06   863.99999913   -23308.27555846
   13190   26.38000000 -0.26382047E-06 -0.14585072E-06 -0.29326930E-06   863.99999913   -23308.27555831
   13200   26.40000000 -0.27481722E-06 -0.14945372E-06 -0.27058034E-06   863.99999913   -23308.27555816
   13210   26.42000000 -0.28231624E-06 -0.15098571E-06 -0.24770249E-06   863.99999913   -23308.27555801
   13220   26.44000000 -0.28593320E-06 -0.15081441E-06 -0.22516897E-06   863.99999913   -23308.27555787
   13230   26.46000000 -0.28527723E-06 -0.14935907E-06 -0.20350526E-06   863.99999913   -23308.27555772
   13240   26.48000000 -0.27997808E-06 -0.14706866E-06 -0.18321276E-06   863.99999913   -23308.27555757
   13250   26.50000000 -0.26971479E-06 -0.14439789E-06 -0.16475127E-06   863.99999912   -23308.27555743
   13260   26.52000000 -0.25424406E-06 -0.14178247E-06 -0.14851980E-06   863.99999912   -23308.27555729
   13270   26.54000000 -0.23342847E-06 -0.13961606E-06 -0.13483630E-06   863.99999912   -23308.27555714
   13280   26.56000000 -0.20726021E-06 -0.13822787E-06 -0.12391922E-06   863.99999912   -23308.27555700
   13290   26.58000000 -0.17587905E-06 -0.13786696E-06 -0.11587460E-06   863.99999912   -23308.27555685
   13300   26.60000000 -0.13958348E-06 -0.13869059E-06 -0.11068703E-06   863.99999912   -23308.27555670
   13310   26.62000000 -0.98835859E-07 -0.14075714E-06 -0.10821715E-06   863.99999912   -23308.27555656
   13320   26.64000000 -0.54258035E-07 -0.14402590E-06 -0.10820541E-06   863.99999912   -23308.27555641
   13330   26.66000000 -0.66189235E-08 -0.14836192E-06 -0.11028420E-06   863.99999912   -23308.27555627
   13340   26.68000000  0.43185548E-07 -0.15354475E-06 -0.11399491E-06   863.99999912   -23308.27555612
   13350   26.70000000  0.94158010E-07 -0.15928134E-06 -0.11881069E-06   863.99999912   -23308.27555597
   13360   26.72000000  0.14522983E-06 -0.16522235E-06 -0.12416162E-06   863.99999912   -23308.27555582
   13370   26.74000000  0.19529643E-06 -0.17097777E-06 -0.12946200E-06   863.99999912   -23308.27555568
   13380   26.76000000  0.24325288E-06 -0.17613327E-06 -0.13413684E-06   863.99999912   -23308.27555553
   13390   26.78000000  0.28802788E-06 -0.18026741E-06 -0.13764514E-06   863.99999912   -23308.27555538
   13400   26.80000000  0.32861528E-06 -0.18296664E-06 -0.13949988E-06   863.99999911   -23308.27555524
   13410   26.82000000  0.36410457E-06 -0.18383946E-06 -0.13928215E-06   863.99999911   -23308.27555509
   13420   26.84000000  0.39370352E-06 -0.18252966E-06 -0.13665070E-06   863.99999911   -23308.27555494
   13430   26.86000000  0.41675591E-06 -0.17872905E-06 -0.13134617E-06   863.99999911   -23308.27555479
   13440   26.88000000  0.43275428E-06 -0.17218901E-06 -0.12319039E-06   863.99999911   -23308.27555465
   13450   26.90000000  0.44134683E-06 -0.16273142E-06 -0.11208144E-06   863.99999911   -23308.27555450
   13460   26.92000000  0.44233942E-06 -0.15025917E-06 -0.97986581E-07   863.99999911   -23308.27555435
   13470   26.94000000  0.43569437E-06 -0.13476538E-06 -0.80932899E-07   863.99999911   -23308.27555421
   13480   26.96000000  0.42152580E-06 -0.11633941E-06 -0.60997697E-07   863.99999911   -23308.27555406
   13490   26.98000000  0.40009206E-06 -0.95171610E-07 -0.38296257E-07   863.99999911   -23308.27555391
   13500   27.00000000  0.37178831E-06 -0.71552160E-07 -0.12971960E-07   863.99999911   -23308.27555376
   13510   27.02000000  0.33713826E-06 -0.45865899E-07  0.14815744E-07   863.99999911   -23308.27555362
   13520   27.04000000  0.29678545E-06 -0.18582158E-07  0.44900549E-07   863.99999911   -23308.27555347
   13530   27.06000000  0.25148307E-06  0.97609294E-08  0.77119537E-07   863.99999911   -23308.27555332
   13540   27.08000000  0.20208404E-06  0.38577558E-07  0.11132265E-06   863.99999911   -23308.27555316
   13550   27.10000000  0.14953041E-06  0.67258957E-07  0.14737973E-06   863.99999910   -23308.27555301
   13560   27.12000000  0.94840770E-07  0.95200647E-07  0.18518517E-06   863.99999910   -23308.27555286
   13570   27.14000000  0.39094448E-07  0.12183007E-06  0.22466066E-06   863.99999910   -23308.27555270
   13580   27.16000000 -0.16586231E-07  0.14663239E-06  0.26575512E-06   863.99999910   -23308.27555254
   13590   27.18000000 -0.71055126E-07  0.16917299E-06  0.30843943E-06   863.99999910   -23308.27555238
   13600   27.20000000 -0.12316539E-06  0.18911552E-06  0.35269737E-06   863.99999910   -23308.27555222
   13610   27.22000000 -0.17179479E-06  0.20623316E-06  0.39851445E-06   863.99999910   -23308.27555205
   13620   27.24000000 -0.21587210E-06  0.22041185E-06  0.44586336E-06   863.99999910   -23308.27555189
   13630   27.26000000 -0.25440349E-06  0.23164727E-06  0.49468680E-06   863.99999910   -23308.27555173
   13640   27.28000000 -0.28649846E-06  0.24003495E-06  0.54488089E-06   863.99999910   -23308.27555156
   13650   27.30000000 -0.31139410E-06  0.24575525E-06  0.59628079E-06   863.99999910   -23308.27555140
   13660   27.32000000 -0.32847605E-06  0.24905358E-06  0.64864742E-06   863.99999910   -23308.27555124
   13670   27.34000000 -0.33729604E-06  0.25021908E-06  0.70165835E-06   863.99999910   -23308.27555109
   13680   27.36000000 -0.33758394E-06  0.24956211E-06  0.75490313E-06   863.99999910   -23308.27555094
   13690   27.38000000 -0.32925427E-06  0.24739410E-06  0.80788569E-06   863.99999909   -23308.27555079
   13700   27.40000000 -0.31240731E-06  0.24401116E-06  0.86003129E-06   863.99999909   -23308.27555064
   13710   27.42000000 -0.28732575E-06  0.23968022E-06  0.91069665E-06   863.99999909   -23308.27555049
   13720   27.44000000 -0.25446426E-06  0.23463070E-06  0.95918644E-06   863.99999909   -23308.27555035
   13730   27.46000000 -0.21443399E-06  0.22905099E-06  0.10047735E-05   863.99999909   -23308.27555020
   13740   27.48000000 -0.16798470E-06  0.22308990E-06  0.10467211E-05   863.99999909   -23308.27555006
   13750   27.50000000 -0.11598172E-06  0.21686120E-06  0.10843063E-05   863.99999909   -23308.27554992
   13760   27.52000000 -0.59381558E-07  0.21045072E-06  0.11168423E-05   863.99999909   -23308.27554977
   13770   27.54000000  0.79476951E-09  0.20392617E-06  0.11437021E-05   863.99999909   -23308.27554963
   13780   27.56000000  0.63487509E-07  0.19734626E-06  0.11643381E-05   863.99999909   -23308.27554948
   13790   27.58000000  0.12762568E-06  0.19076862E-06  0.11782986E-05   863.99999909   -23308.27554933
   13800   27.60000000  0.19215007E-06  0.18425711E-06  0.11852390E-05   863.99999909   -23308.27554918
   13810   27.62000000  0.25603593E-06  0.17788674E-06  0.11849286E-05   863.99999909   -23308.27554903
   13820   27.64000000  0.31831379E-06  0.17174487E-06  0.11772534E-05   863.99999909   -23308.27554888
   13830   27.66000000  0.37808705E-06  0.16592951E-06  0.11622106E-05   863.99999909   -23308.27554873
   13840   27.68000000  0.43454475E-06  0.16054529E-06  0.11398999E-05   863.99999908   -23308.27554858
   13850   27.70000000  0.48697257E-06  0.15569668E-06  0.11105099E-05   863.99999908   -23308.27554843
   13860   27.72000000  0.53476213E-06  0.15147944E-06  0.10743012E-05   863.99999908   -23308.27554828
   13870   27.74000000  0.57741560E-06  0.14797028E-06  0.10315902E-05   863.99999908   -23308.27554814
   13880   27.76000000  0.61454685E-06  0.14521688E-06  0.98273068E-06   863.99999908   -23308.27554799
   13890   27.78000000  0.64588122E-06  0.14322942E-06  0.92809826E-06   863.99999908   -23308.27554785
   13900   27.80000000  0.67125212E-06  0.14197289E-06  0.86807750E-06   863.99999908   -23308.27554770
   13910   27.82000000  0.69059405E-06  0.14136288E-06  0.80305327E-06   863.99999908   -23308.27554756
   13920   27.84000000  0.70393419E-06  0.14126504E-06  0.73340664E-06   863.99999908   -23308.27554742
   13930   27.86000000  0.71138180E-06  0.14149878E-06  0.65951445E-06   863.99999908   -23308.27554728
   13940   27.88000000  0.71311664E-06  0.14184340E-06  0.58175295E-06   863.99999908   -23308.27554714
   13950   27.90000000  0.70937579E-06  0.14204919E-06  0.50050411E-06   863.99999908   -23308.27554699
   13960   27.92000000  0.70044084E-06  0.14185071E-06  0.41616310E-06   863.99999908   -23308.27554685
   13970   27.94000000  0.68662564E-06  0.14098207E-06  0.32914561E-06   863.99999908   -23308.27554670
   13980   27.96000000  0.66826500E-06  0.13919134E-06  0.23989529E-06   863.99999908   -23308.27554656
   13990   27.98000000  0.64570556E-06  0.13625365E-06  0.14888760E-06   863.99999907   -23308.27554641
   14000   28.00000000  0.61929876E-06  0.13198416E-06  0.56630362E-07   863.99999907   -23308.27554626
   14010   28.02000000  0.58939433E-06  0.12624536E-06 -0.36336641E-07   863.99999907   -23308.27554610
   14020   28.04000000  0.55633674E-06  0.11895072E-06 -0.12944633E-06   863.99999907   -23308.27554595
   14030   28.06000000  0.52046359E-06  0.11006430E-06 -0.22211193E-06   863.99999907   -23308.27554579
   14040   28.08000000  0.48210419E-06  0.99597825E-07 -0.31373526E-06   863.99999907   -23308.27554564
   14050   28.10000000  0.44157824E-06  0.87603009E-07 -0.40371542E-06   863.99999907   -23308.27554548
   14060   28.12000000  0.39919615E-06  0.74161232E-07 -0.49145760E-06   863.99999907   -23308.27554533
   14070   28.14000000  0.35525912E-06  0.59373705E-07 -0.57638145E-06   863.99999907   -23308.27554517
   14080   28.16000000  0.31005869E-06  0.43350518E-07 -0.65792694E-06   863.99999907   -23308.27554502
   14090   28.18000000  0.26387658E-06  0.26202718E-07 -0.73555839E-06   863.99999907   -23308.27554487
   14100   28.20000000  0.21698530E-06  0.80347953E-08 -0.80876581E-06   863.99999907   -23308.27554471
   14110   28.22000000  0.16964866E-06 -0.11059228E-07 -0.87706503E-06   863.99999907   -23308.27554456
   14120   28.24000000  0.12212425E-06 -0.30995795E-07 -0.93999522E-06   863.99999907   -23308.27554441
   14130   28.26000000  0.74666662E-07 -0.51698180E-07 -0.99711538E-06   863.99999907   -23308.27554426
   14140   28.28000000  0.27530497E-07 -0.73091234E-07 -0.10479992E-05   863.99999906   -23308.27554411
   14150   28.30000000 -0.19024227E-07 -0.95094454E-07 -0.10922305E-05   863.99999906   -23308.27554397
   14160   28.32000000 -0.64725604E-07 -0.11761218E-06 -0.11293992E-05   863.99999906   -23308.27554382
   14170   28.34000000 -0.10928394E-06 -0.14052344E-06 -0.11590991E-05   863.99999906   -23308.27554367
   14180   28.36000000 -0.15238843E-06 -0.16367534E-06 -0.11809247E-05   863.99999906   -23308.27554353
   14190   28.38000000 -0.19370263E-06 -0.18687691E-06 -0.11944736E-05   863.99999906   -23308.27554338
   14200   28.40000000 -0.23286271E-06 -0.20989437E-06 -0.11993508E-05   863.99999906   -23308.27554323
   14210   28.42000000 -0.26947950E-06 -0.23245219E-06 -0.11951783E-05   863.99999906   -23308.27554308
   14220   28.44000000 -0.30314282E-06 -0.25423734E-06 -0.11816043E-05   863.99999906   -23308.27554293
   14230   28.46000000 -0.33342917E-06 -0.27490598E-06 -0.11583202E-05   863.99999906   -23308.27554278
   14240   28.48000000 -0.35991193E-06 -0.29409373E-06 -0.11250804E-05   863.99999906   -23308.27554263
   14250   28.50000000 -0.38217557E-06 -0.31142897E-06 -0.10817233E-05   863.99999906   -23308.27554248
   14260   28.52000000 -0.39982960E-06 -0.32654687E-06 -0.10281936E-05   863.99999906   -23308.27554232
   14270   28.54000000 -0.41252459E-06 -0.33910353E-06 -0.96456755E-06   863.99999906   -23308.27554217
   14280   28.56000000 -0.41996661E-06 -0.34878852E-06 -0.89107482E-06   863.99999906   -23308.27554201
   14290   28.58000000 -0.42193103E-06 -0.35533579E-06 -0.80811567E-06   863.99999905   -23308.27554185
   14300   28.60000000 -0.41827368E-06 -0.35853209E-06 -0.71627516E-06   863.99999905   -23308.27554169
   14310   28.62000000 -0.40893912E-06 -0.35822040E-06 -0.61632991E-06   863.99999905   -23308.27554153
   14320   28.64000000 -0.39396306E-06 -0.35430060E-06 -0.50924593E-06   863.99999905   -23308.27554137
   14330   28.66000000 -0.37347407E-06 -0.34672694E-06 -0.39616735E-06   863.99999905   -23308.27554120
   14340   28.68000000 -0.34768854E-06 -0.33550310E-06 -0.27839669E-06   863.99999905   -23308.27554104
   14350   28.70000000 -0.31690408E-06 -0.32067561E-06 -0.15736659E-06   863.99999905   -23308.27554087
   14360   28.72000000 -0.28148918E-06 -0.30232698E-06 -0.34602990E-07   863.99999905   -23308.27554071
   14370   28.74000000 -0.24187225E-06 -0.28057131E-06  0.88318072E-07   863.99999905   -23308.27554054
   14380   28.76000000 -0.19852897E-06 -0.25554990E-06  0.20981639E-06   863.99999905   -23308.27554038
   14390   28.78000000 -0.15197076E-06 -0.22743052E-06  0.32835524E-06   863.99999905   -23308.27554021
   14400   28.80000000 -0.10273450E-06 -0.19640969E-06  0.44248733E-06   863.99999905   -23308.27554004
   14410   28.82000000 -0.51374016E-07 -0.16271843E-06  0.55089839E-06   863.99999905   -23308.27553988
   14420   28.84000000  0.15465956E-08 -0.12662799E-06  0.65244347E-06   863.99999905   -23308.27553972
   14430   28.86000000  0.55456458E-07 -0.88457751E-07  0.74617505E-06   863.99999905   -23308.27553955
   14440   28.88000000  0.10978039E-06 -0.48582672E-07  0.83136343E-06   863.99999904   -23308.27553939
   14450   28.90000000  0.16393951E-06 -0.74403149E-08  0.90750651E-06   863.99999904   -23308.27553924
   14460   28.92000000  0.21735158E-06  0.34467187E-07  0.97432855E-06   863.99999904   -23308.27553908
   14470   28.94000000  0.26943148E-06  0.76573378E-07  0.10317700E-05   863.99999904   -23308.27553893
   14480   28.96000000  0.31959268E-06  0.11825178E-06  0.10799692E-05   863.99999904   -23308.27553878
   14490   28.98000000  0.36725154E-06  0.15882571E-06  0.11192354E-05   863.99999904   -23308.27553863
   14500   29.00000000  0.41183350E-06  0.19758333E-06  0.11500172E-05   863.99999904   -23308.27553848
   14510   29.02000000  0.45278248E-06  0.23379516E-06  0.11728676E-05   863.99999904   -23308.27553834
   14520   29.04000000  0.48957253E-06  0.26673611E-06  0.11884064E-05   863.99999904   -23308.27553819
   14530   29.06000000  0.52172237E-06  0.29570846E-06  0.11972855E-05   863.99999904   -23308.27553805
   14540   29.08000000  0.54881097E-06  0.32006817E-06  0.12001545E-05   863.99999904   -23308.27553790
   14550   29.10000000  0.57049369E-06  0.33924923E-06  0.11976324E-05   863.99999904   -23308.27553775
   14560   29.12000000  0.58651798E-06  0.35278774E-06  0.11902840E-05   863.99999904   -23308.27553760
   14570   29.14000000  0.59673630E-06  0.36034247E-06  0.11786034E-05   863.99999904   -23308.27553745
   14580   29.16000000  0.60111619E-06  0.36171228E-06  0.11630038E-05   863.99999904   -23308.27553730
   14590   29.18000000  0.59974695E-06  0.35685014E-06  0.11438149E-05   863.99999903   -23308.27553715
   14600   29.20000000  0.59283986E-06  0.34587036E-06  0.11212858E-05   863.99999903   -23308.27553699
   14610   29.22000000  0.58072387E-06  0.32905014E-06  0.10955933E-05   863.99999903   -23308.27553684
   14620   29.24000000  0.56383586E-06  0.30682521E-06  0.10668540E-05   863.99999903   -23308.27553668
   14630   29.26000000  0.54270712E-06  0.27977969E-06  0.10351397E-05   863.99999903   -23308.27553653
   14640   29.28000000  0.51794269E-06  0.24862924E-06  0.10004932E-05   863.99999903   -23308.27553638
   14650   29.30000000  0.49020017E-06  0.21419802E-06  0.96294397E-06   863.99999903   -23308.27553622
   14660   29.32000000  0.46016583E-06  0.17739167E-06  0.92252320E-06   863.99999903   -23308.27553607
   14670   29.34000000  0.42852937E-06  0.13916645E-06  0.87927592E-06   863.99999903   -23308.27553591
   14680   29.36000000  0.39595863E-06  0.10049633E-06  0.83327162E-06   863.99999903   -23308.27553576
   14690   29.38000000  0.36307840E-06  0.62339372E-07  0.78461118E-06   863.99999903   -23308.27553561
   14700   29.40000000  0.33045035E-06  0.25605712E-07  0.73343113E-06   863.99999903   -23308.27553545
   14710   29.42000000  0.29855709E-06 -0.88717653E-08  0.67990598E-06   863.99999903   -23308.27553530
   14720   29.44000000  0.26779131E-06 -0.40362671E-07  0.62424748E-06   863.99999903   -23308.27553515
   14730   29.46000000  0.23844971E-06 -0.68258141E-07  0.56670207E-06   863.99999903   -23308.27553499
   14740   29.48000000  0.21073130E-06 -0.92083647E-07  0.50754694E-06   863.99999902   -23308.27553484
   14750   29.50000000  0.18474100E-06 -0.11150574E-06  0.44708571E-06   863.99999902   -23308.27553469
   14760   29.52000000  0.16049766E-06 -0.12633290E-06  0.38564232E-06   863.99999902   -23308.27553454
   14770   29.54000000  0.13794449E-06 -0.13651103E-06  0.32355369E-06   863.99999902   -23308.27553439
   14780   29.56000000  0.11696208E-06 -0.14211351E-06  0.26116308E-06   863.99999902   -23308.27553425
   14790   29.58000000  0.97383954E-07 -0.14332936E-06  0.19881259E-06   863.99999902   -23308.27553410
   14800   29.60000000  0.79011019E-07 -0.14045014E-06  0.13683687E-06   863.99999902   -23308.27553396
   14810   29.62000000  0.61626159E-07 -0.13385602E-06  0.75556473E-07   863.99999902   -23308.27553381
   14820   29.64000000  0.45007622E-07 -0.12400058E-06  0.15271834E-07   863.99999902   -23308.27553367
   14830   29.66000000  0.28940800E-07 -0.11139868E-06 -0.43740176E-07   863.99999902   -23308.27553352
   14840   29.68000000  0.13227823E-07 -0.96615333E-07 -0.10122765E-06   863.99999902   -23308.27553338
   14850   29.70000000 -0.23052904E-08 -0.80255196E-07 -0.15696461E-06   863.99999902   -23308.27553323
   14860   29.72000000 -0.17801814E-07 -0.62950830E-07 -0.21074999E-06   863.99999902   -23308.27553309
   14870   29.74000000 -0.33369645E-07 -0.45353151E-07 -0.26240365E-06   863.99999902   -23308.27553294
   14880   29.76000000 -0.49078522E-07 -0.28122095E-07 -0.31176084E-06   863.99999902   -23308.27553280
   14890   29.78000000 -0.64955741E-07 -0.11914385E-07 -0.35866767E-06   863.99999901   -23308.27553265
   14900   29.80000000 -0.80982808E-07  0.26293421E-08 -0.40297493E-06   863.99999901   -23308.27553250
   14910   29.82000000 -0.97093237E-07  0.14897654E-07 -0.44453253E-06   863.99999901   -23308.27553235
   14920   29.84000000 -0.11317017E-06  0.24323236E-07 -0.48318446E-06   863.99999901   -23308.27553220
   14930   29.86000000 -0.12904291E-06  0.30396296E-07 -0.51876592E-06   863.99999901   -23308.27553204
   14940   29.88000000 -0.14448640E-06  0.32679665E-07 -0.55110108E-06   863.99999901   -23308.27553189
   14950   29.90000000 -0.15922180E-06  0.30822828E-07 -0.58000260E-06   863.99999901   -23308.27553174
   14960   29.92000000 -0.17291829E-06  0.24573873E-07 -0.60527123E-06   863.99999901   -23308.27553159
   14970   29.94000000 -0.18519807E-06  0.13788146E-07 -0.62669672E-06   863.99999901   -23308.27553144
   14980   29.96000000 -0.19564453E-06 -0.15639406E-08 -0.64405905E-06   863.99999901   -23308.27553129
   14990   29.98000000 -0.20381401E-06 -0.21393512E-07 -0.65712897E-06   863.99999901   -23308.27553114
   15000   30.00000000 -0.20924931E-06 -0.45493285E-07 -0.66566793E-06   863.99999901   -23308.27553099
=== application breakdown [s] ===
total calculation time,7401.72031808
rt calculation                         min         max     average   std. dev.  difference    relative
rt initialization              0.55313E-04 0.50306E-03 0.17000E-03 0.49438E-04 0.44775E-03 0.90948E+01
reading lda data               0.46182E+01 0.46281E+01 0.46214E+01 0.17171E-02 0.98820E-02 0.10021E+01
reading rt data                0.21889E-02 0.37749E-02 0.25765E-02 0.27029E-03 0.15860E-02 0.17245E+01
prep. time prop.               0.29707E-03 0.26882E-02 0.10165E-02 0.10781E-03 0.23911E-02 0.90490E+01
rt iterations                  0.73959E+04 0.73959E+04 0.73959E+04 0.13649E-03 0.13850E-02 0.10000E+01
after writing rt data          0.19073E-05 0.97537E+00 0.11722E-03 0.10281E-01 0.97536E+00 0.51137E+06
in rt iterations                       min         max     average   std. dev.  difference    relative
Vbox                           0.13138E+01 0.15444E+01 0.14188E+01 0.30729E-01 0.23060E+00 0.11755E+01
time propagation               0.55798E+04 0.58250E+04 0.57545E+04 0.32944E+02 0.24519E+03 0.10439E+01
calculating rho                0.12610E+03 0.36938E+03 0.19676E+03 0.32883E+02 0.24328E+03 0.29293E+01
Hartree routine                0.38946E+02 0.48216E+02 0.43603E+02 0.14701E+01 0.92696E+01 0.12380E+01
Exc_Cor routine                0.61232E+01 0.96632E+01 0.80011E+01 0.44981E+00 0.35400E+01 0.15781E+01
calculating curr               0.11573E+04 0.11574E+04 0.11574E+04 0.18202E-01 0.10094E+00 0.10001E+01
calc. projection               0.40669E-02 0.94328E-02 0.59316E-02 0.62727E-03 0.53658E-02 0.23194E+01
writing energies               0.14895E+01 0.19840E+01 0.16000E+01 0.12641E+00 0.49448E+00 0.13320E+01
calc_eigen_energy              0.21072E+03 0.21126E+03 0.21094E+03 0.81721E-01 0.54222E+00 0.10026E+01
calc_total_energy_periodic     0.17112E+02 0.22163E+02 0.19218E+02 0.74443E+00 0.50510E+01 0.12952E+01
writing info etc.              0.93315E-02 0.42092E+00 0.11571E-01 0.43822E-02 0.41159E+00 0.45108E+02
total_energy module                    min         max     average   std. dev.  difference    relative
periodic calc.                 0.28884E+01 0.94710E+01 0.48131E+01 0.14911E+01 0.65826E+01 0.32790E+01
periodic comm. coll.           0.86686E+01 0.18948E+02 0.14389E+02 0.17000E+01 0.10279E+02 0.21858E+01
eigen_energy calc.             0.35366E+02 0.38905E+02 0.37765E+02 0.37903E+00 0.35384E+01 0.11000E+01
eigen_energy comm. coll.       0.49272E+01 0.10780E+02 0.76344E+01 0.80964E+00 0.58524E+01 0.21878E+01
eigen_energy hpsi              0.14766E+03 0.15395E+03 0.14992E+03 0.73293E+00 0.62951E+01 0.10426E+01
density_matrix module                  min         max     average   std. dev.  difference    relative
density calc.                  0.77791E+02 0.14106E+03 0.10802E+03 0.10917E+02 0.63267E+02 0.18133E+01
density comm. coll.            0.27542E+02 0.23666E+03 0.88489E+02 0.25031E+02 0.20911E+03 0.85925E+01
current calc.                  0.25126E+03 0.27622E+03 0.26102E+03 0.35223E+01 0.24955E+02 0.10993E+01
current rDivided uVpsi calc.   0.11382E+03 0.11773E+03 0.11552E+03 0.45304E+00 0.39127E+01 0.10344E+01
current comm. coll.            0.88776E+02 0.12820E+03 0.10961E+03 0.54068E+01 0.39420E+02 0.14440E+01
current comm. halo.            0.64057E+03 0.69418E+03 0.67107E+03 0.81380E+01 0.53601E+02 0.10837E+01
conjugate_gradient module              min         max     average   std. dev.  difference    relative
subspace_diag module                   min         max     average   std. dev.  difference    relative
subspace_diag so module                min         max     average   std. dev.  difference    relative
force module                           min         max     average   std. dev.  difference    relative
init_ps                                min         max     average   std. dev.  difference    relative
hamiltonian module                     min         max     average   std. dev.  difference    relative
total                          0.49462E+04 0.51729E+04 0.50356E+04 0.31483E+02 0.22668E+03 0.10458E+01
update overlap (comm.)         0.26313E+04 0.30274E+04 0.27811E+04 0.56370E+02 0.39615E+03 0.11506E+01
stencil                        0.10518E+04 0.13390E+04 0.11819E+04 0.25714E+02 0.28718E+03 0.12730E+01
subtraction                    0.25355E+02 0.30680E+02 0.28571E+02 0.42806E+00 0.53243E+01 0.12100E+01
pseudo-pt                      0.93136E+03 0.11251E+04 0.10210E+04 0.25335E+02 0.19377E+03 0.12080E+01
pseudo-pt (comm.)              0.44598E+02 0.27434E+03 0.13807E+03 0.32041E+02 0.22974E+03 0.61513E+01
hpsi-overlapped                        min         max     average   std. dev.  difference    relative
checkpoint/restart                     min         max     average   std. dev.  difference    relative
restart self                   0.30329E+01 0.35009E+01 0.30432E+01 0.36048E-01 0.46805E+00 0.11543E+01
restart sync                   0.34954E+01 0.35046E+01 0.34997E+01 0.13578E-02 0.92061E-02 0.10026E+01
=== performance [GFLOPS] ===
end SALMON
