##############################################################################
# SALMON: Scalable Ab-initio Light-Matter simulator for Optics and Nanoscience
#
#                             Version 2.2.1
##############################################################################
  Libxc: [enabled] 6.2.2
   theory= tddft_pulse
 
 Total time step      =       15000
 Time step[fs]        =  2.000000000000000E-003
 Energy range         =        3000
 Energy resolution[eV]=  1.000000000000000E-002
Laser frequency     = 0.17 1.50[eV]
Pulse width of laser=     12.00000000      5.80000000[fs]
Laser intensity     =  0.13000000E+10  0.60000000E+12[W/cm^2]
delay time          =      0.00000000[fs]
   use of real value orbitals =  F
 ======
 MPI distribution:
   nproc_k     :         125
   nproc_ob    :           4
   nproc_rgrid :           3           2           3
 OpenMP parallelization:
   number of threads :           1
 hpsi stencil:
   enables hand-coding vectorization : F
   enables openmp parallelization    : F
 current:
   k,orbital parallelized of openmp  : T
 force:
   k,orbital parallelized of openmp  : T
 ===================pseudopotential data===================
 ik ,atom_symbol=           1 Si
 ps_format =KY              
 ps_file =./Si_rps.dat
 Zps(ik), Mlps(ik) =           4           2
 Rps(ik), NRps(ik) =   2.26767135054939              122
 Lref(ik) =           2
 nproj(ik,l) =           1           1           1
 anorm(ik,l) =  0.6193218      0.3646551      0.0000000E+00
 inorm(ik,l) =           1           1           0
 Mass(ik) =   28.0000000000000     
 flag_nlcc_element(ik) = F
 ==========================================================
 flag_nlcc =  F
 
 ============init_ps==============
 end init_ps
 Maximal rho_NLCC= 0.000000000000000E+000
 Maximal tau_NLCC= 0.000000000000000E+000
 == Ewald ==
 cutoff length in real-space in ewald =  4.00 [A]
 (buffer length in bookkeeping =  2.00 [A])
 cutoff length in G-space in ewald =  0.1870828864+102 [1/A]
 number of ion-ion pair(/atom) used for allocation of bookkeeping=    68
 ===========
   Static dipole moment(xyz) =   -0.7050332771E+04   -0.7047822657E+04   -0.7039882194E+04
 
 
  time-step  time[fs]                               Current(xyz)[a.u.]      electrons Total energy[eV] 
#----------------------------------------------------------------------
      10    0.02000000  0.11161763E-07  0.21216444E-07 -0.61532267E-07   864.00000000   -23328.16587970
      20    0.04000000  0.87677823E-08  0.21262074E-07 -0.62009107E-07   864.00000000   -23328.16587967
      30    0.06000000  0.42923141E-08  0.21361833E-07 -0.62047283E-07   864.00000000   -23328.16587961
      40    0.08000000 -0.27493893E-08  0.21433151E-07 -0.61852363E-07   864.00000000   -23328.16587956
      50    0.10000000 -0.12771517E-07  0.21492397E-07 -0.61467822E-07   864.00000000   -23328.16587954
      60    0.12000000 -0.26098075E-07  0.21555889E-07 -0.60922384E-07   864.00000000   -23328.16587952
      70    0.14000000 -0.42982605E-07  0.21622707E-07 -0.60257127E-07   864.00000000   -23328.16587950
      80    0.16000000 -0.63631537E-07  0.21671921E-07 -0.59613176E-07   864.00000000   -23328.16587944
      90    0.18000000 -0.88138255E-07  0.21704321E-07 -0.59131909E-07   864.00000000   -23328.16587933
     100    0.20000000 -0.11655872E-06  0.21740011E-07 -0.58847592E-07   864.00000000   -23328.16587919
     110    0.22000000 -0.14893541E-06  0.21795401E-07 -0.58707915E-07   864.00000000   -23328.16587899
     120    0.24000000 -0.18525027E-06  0.21854284E-07 -0.58663146E-07   863.99999999   -23328.16587871
     130    0.26000000 -0.22542388E-06  0.21899743E-07 -0.58683259E-07   863.99999999   -23328.16587830
     140    0.28000000 -0.26932456E-06  0.21910998E-07 -0.58740187E-07   863.99999999   -23328.16587774
     150    0.30000000 -0.31676649E-06  0.21858291E-07 -0.58832398E-07   863.99999999   -23328.16587698
     160    0.32000000 -0.36751528E-06  0.21778402E-07 -0.58949074E-07   863.99999999   -23328.16587598
     170    0.34000000 -0.42131574E-06  0.21706314E-07 -0.59054698E-07   863.99999999   -23328.16587470
     180    0.36000000 -0.47791053E-06  0.21617769E-07 -0.59170502E-07   863.99999999   -23328.16587308
     190    0.38000000 -0.53702569E-06  0.21488664E-07 -0.59341757E-07   863.99999999   -23328.16587104
     200    0.40000000 -0.59837608E-06  0.21353443E-07 -0.59570007E-07   863.99999999   -23328.16586853
     210    0.42000000 -0.66166489E-06  0.21236386E-07 -0.59808979E-07   863.99999999   -23328.16586547
     220    0.44000000 -0.72658741E-06  0.21113827E-07 -0.59998372E-07   863.99999999   -23328.16586178
     230    0.46000000 -0.79284669E-06  0.20960154E-07 -0.60095515E-07   863.99999999   -23328.16585739
     240    0.48000000 -0.86013213E-06  0.20736453E-07 -0.60122192E-07   863.99999999   -23328.16585221
     250    0.50000000 -0.92808717E-06  0.20413048E-07 -0.60147941E-07   863.99999999   -23328.16584615
     260    0.52000000 -0.99636340E-06  0.19989797E-07 -0.60242079E-07   863.99999999   -23328.16583912
     270    0.54000000 -0.10646482E-05  0.19479835E-07 -0.60442324E-07   863.99999999   -23328.16583103
     280    0.56000000 -0.11326545E-05  0.18883784E-07 -0.60757297E-07   863.99999999   -23328.16582178
     290    0.58000000 -0.12001095E-05  0.18206041E-07 -0.61191388E-07   863.99999999   -23328.16581127
     300    0.60000000 -0.12667565E-05  0.17454363E-07 -0.61738251E-07   863.99999999   -23328.16579942
     310    0.62000000 -0.13323706E-05  0.16666091E-07 -0.62343968E-07   863.99999999   -23328.16578613
     320    0.64000000 -0.13967478E-05  0.15877259E-07 -0.62945850E-07   863.99999999   -23328.16577129
     330    0.66000000 -0.14596881E-05  0.15091790E-07 -0.63489529E-07   863.99999999   -23328.16575483
     340    0.68000000 -0.15210212E-05  0.14292174E-07 -0.63941252E-07   863.99999999   -23328.16573664
     350    0.70000000 -0.15806075E-05  0.13445769E-07 -0.64307284E-07   863.99999998   -23328.16571665
     360    0.72000000 -0.16382992E-05  0.12510581E-07 -0.64603595E-07   863.99999998   -23328.16569475
     370    0.74000000 -0.16939660E-05  0.11461385E-07 -0.64861774E-07   863.99999998   -23328.16567087
     380    0.76000000 -0.17475014E-05  0.10289483E-07 -0.65133168E-07   863.99999998   -23328.16564493
     390    0.78000000 -0.17988064E-05  0.89969287E-08 -0.65457691E-07   863.99999998   -23328.16561686
     400    0.80000000 -0.18478205E-05  0.75985361E-08 -0.65862372E-07   863.99999998   -23328.16558657
     410    0.82000000 -0.18945185E-05  0.61243528E-08 -0.66354266E-07   863.99999998   -23328.16555400
     420    0.84000000 -0.19388921E-05  0.46140014E-08 -0.66913353E-07   863.99999998   -23328.16551909
     430    0.86000000 -0.19809604E-05  0.30965849E-08 -0.67487925E-07   863.99999998   -23328.16548177
     440    0.88000000 -0.20207653E-05  0.15814663E-08 -0.68020970E-07   863.99999998   -23328.16544200
     450    0.90000000 -0.20583622E-05  0.78466300E-10 -0.68491873E-07   863.99999998   -23328.16539971
     460    0.92000000 -0.20938039E-05 -0.14138234E-08 -0.68900771E-07   863.99999998   -23328.16535486
     470    0.94000000 -0.21271470E-05 -0.28972692E-08 -0.69250437E-07   863.99999998   -23328.16530739
     480    0.96000000 -0.21584604E-05 -0.43808737E-08 -0.69553063E-07   863.99999998   -23328.16525728
     490    0.98000000 -0.21878277E-05 -0.58751312E-08 -0.69803154E-07   863.99999998   -23328.16520446
     500    1.00000000 -0.22153534E-05 -0.73801796E-08 -0.69990706E-07   863.99999998   -23328.16514891
     510    1.02000000 -0.22411516E-05 -0.88851392E-08 -0.70128135E-07   863.99999998   -23328.16509059
     520    1.04000000 -0.22653490E-05 -0.10379409E-07 -0.70234863E-07   863.99999998   -23328.16502946
     530    1.06000000 -0.22880767E-05 -0.11848693E-07 -0.70321120E-07   863.99999998   -23328.16496550
     540    1.08000000 -0.23094614E-05 -0.13270357E-07 -0.70388683E-07   863.99999998   -23328.16489865
     550    1.10000000 -0.23296287E-05 -0.14630953E-07 -0.70431505E-07   863.99999998   -23328.16482890
     560    1.12000000 -0.23487023E-05 -0.15929083E-07 -0.70437467E-07   863.99999998   -23328.16475620
     570    1.14000000 -0.23667976E-05 -0.17164871E-07 -0.70409134E-07   863.99999998   -23328.16468052
     580    1.16000000 -0.23840267E-05 -0.18335803E-07 -0.70349234E-07   863.99999997   -23328.16460183
     590    1.18000000 -0.24004962E-05 -0.19429642E-07 -0.70255626E-07   863.99999997   -23328.16452009
     600    1.20000000 -0.24162937E-05 -0.20443066E-07 -0.70116254E-07   863.99999997   -23328.16443526
     610    1.22000000 -0.24315065E-05 -0.21381796E-07 -0.69923076E-07   863.99999997   -23328.16434731
     620    1.24000000 -0.24462292E-05 -0.22249611E-07 -0.69679042E-07   863.99999997   -23328.16425619
     630    1.26000000 -0.24605514E-05 -0.23050989E-07 -0.69387448E-07   863.99999997   -23328.16416186
     640    1.28000000 -0.24745595E-05 -0.23779207E-07 -0.69058545E-07   863.99999997   -23328.16406429
     650    1.30000000 -0.24883337E-05 -0.24430132E-07 -0.68702857E-07   863.99999997   -23328.16396343
     660    1.32000000 -0.25019498E-05 -0.25008190E-07 -0.68322622E-07   863.99999997   -23328.16385923
     670    1.34000000 -0.25154780E-05 -0.25511813E-07 -0.67924882E-07   863.99999997   -23328.16375165
     680    1.36000000 -0.25289716E-05 -0.25938158E-07 -0.67519185E-07   863.99999997   -23328.16364063
     690    1.38000000 -0.25424621E-05 -0.26287647E-07 -0.67109546E-07   863.99999997   -23328.16352613
     700    1.40000000 -0.25559626E-05 -0.26555779E-07 -0.66694297E-07   863.99999997   -23328.16340808
     710    1.42000000 -0.25694769E-05 -0.26742931E-07 -0.66265837E-07   863.99999997   -23328.16328645
     720    1.44000000 -0.25830004E-05 -0.26853463E-07 -0.65808802E-07   863.99999997   -23328.16316117
     730    1.46000000 -0.25965294E-05 -0.26887328E-07 -0.65318303E-07   863.99999997   -23328.16303220
     740    1.48000000 -0.26100652E-05 -0.26845765E-07 -0.64811905E-07   863.99999997   -23328.16289949
     750    1.50000000 -0.26236054E-05 -0.26740271E-07 -0.64303854E-07   863.99999997   -23328.16276298
     760    1.52000000 -0.26371344E-05 -0.26579883E-07 -0.63794991E-07   863.99999997   -23328.16262263
     770    1.54000000 -0.26506390E-05 -0.26371858E-07 -0.63286322E-07   863.99999997   -23328.16247840
     780    1.56000000 -0.26641068E-05 -0.26125883E-07 -0.62780913E-07   863.99999997   -23328.16233023
     790    1.58000000 -0.26775160E-05 -0.25855617E-07 -0.62284841E-07   863.99999997   -23328.16217808
     800    1.60000000 -0.26908304E-05 -0.25577480E-07 -0.61805315E-07   863.99999997   -23328.16202192
     810    1.62000000 -0.27039985E-05 -0.25297249E-07 -0.61346780E-07   863.99999996   -23328.16186170
     820    1.64000000 -0.27169648E-05 -0.25003879E-07 -0.60905718E-07   863.99999996   -23328.16169738
     830    1.66000000 -0.27296764E-05 -0.24689237E-07 -0.60478388E-07   863.99999996   -23328.16152895
     840    1.68000000 -0.27420788E-05 -0.24350463E-07 -0.60057803E-07   863.99999996   -23328.16135638
     850    1.70000000 -0.27541107E-05 -0.23986109E-07 -0.59649106E-07   863.99999996   -23328.16117964
     860    1.72000000 -0.27657123E-05 -0.23596323E-07 -0.59267442E-07   863.99999996   -23328.16099873
     870    1.74000000 -0.27768364E-05 -0.23190725E-07 -0.58920571E-07   863.99999996   -23328.16081365
     880    1.76000000 -0.27874376E-05 -0.22778221E-07 -0.58609405E-07   863.99999996   -23328.16062438
     890    1.78000000 -0.27974657E-05 -0.22372442E-07 -0.58333846E-07   863.99999996   -23328.16043094
     900    1.80000000 -0.28068804E-05 -0.21993126E-07 -0.58089314E-07   863.99999996   -23328.16023334
     910    1.82000000 -0.28156382E-05 -0.21651214E-07 -0.57871608E-07   863.99999996   -23328.16003160
     920    1.84000000 -0.28236845E-05 -0.21342964E-07 -0.57680576E-07   863.99999996   -23328.15982573
     930    1.86000000 -0.28309567E-05 -0.21063911E-07 -0.57517588E-07   863.99999996   -23328.15961579
     940    1.88000000 -0.28373954E-05 -0.20810151E-07 -0.57384861E-07   863.99999996   -23328.15940180
     950    1.90000000 -0.28429493E-05 -0.20578287E-07 -0.57280302E-07   863.99999996   -23328.15918381
     960    1.92000000 -0.28475769E-05 -0.20359861E-07 -0.57202342E-07   863.99999996   -23328.15896189
     970    1.94000000 -0.28512401E-05 -0.20151631E-07 -0.57155197E-07   863.99999996   -23328.15873609
     980    1.96000000 -0.28539041E-05 -0.19961629E-07 -0.57144512E-07   863.99999996   -23328.15850650
     990    1.98000000 -0.28555449E-05 -0.19798044E-07 -0.57171414E-07   863.99999996   -23328.15827319
    1000    2.00000000 -0.28561514E-05 -0.19664516E-07 -0.57239069E-07   863.99999996   -23328.15803625
    1010    2.02000000 -0.28557155E-05 -0.19571220E-07 -0.57343803E-07   863.99999996   -23328.15779576
    1020    2.04000000 -0.28542269E-05 -0.19525249E-07 -0.57479617E-07   863.99999996   -23328.15755184
    1030    2.06000000 -0.28516754E-05 -0.19521663E-07 -0.57645542E-07   863.99999995   -23328.15730457
    1040    2.08000000 -0.28480483E-05 -0.19552223E-07 -0.57837252E-07   863.99999995   -23328.15705407
    1050    2.10000000 -0.28433302E-05 -0.19606845E-07 -0.58043169E-07   863.99999995   -23328.15680046
    1060    2.12000000 -0.28375150E-05 -0.19669580E-07 -0.58255748E-07   863.99999995   -23328.15654385
    1070    2.14000000 -0.28306071E-05 -0.19728084E-07 -0.58473985E-07   863.99999995   -23328.15628438
    1080    2.16000000 -0.28226130E-05 -0.19783060E-07 -0.58700014E-07   863.99999995   -23328.15602217
    1090    2.18000000 -0.28135452E-05 -0.19837912E-07 -0.58936924E-07   863.99999995   -23328.15575736
    1100    2.20000000 -0.28034241E-05 -0.19897431E-07 -0.59183260E-07   863.99999995   -23328.15549009
    1110    2.22000000 -0.27922756E-05 -0.19972675E-07 -0.59429974E-07   863.99999995   -23328.15522049
    1120    2.24000000 -0.27801258E-05 -0.20073561E-07 -0.59668171E-07   863.99999995   -23328.15494871
    1130    2.26000000 -0.27670054E-05 -0.20206961E-07 -0.59901315E-07   863.99999995   -23328.15467490
    1140    2.28000000 -0.27529463E-05 -0.20373213E-07 -0.60137713E-07   863.99999995   -23328.15439920
    1150    2.30000000 -0.27379752E-05 -0.20561241E-07 -0.60381292E-07   863.99999995   -23328.15412175
    1160    2.32000000 -0.27221174E-05 -0.20754849E-07 -0.60628901E-07   863.99999995   -23328.15384271
    1170    2.34000000 -0.27053958E-05 -0.20936597E-07 -0.60875029E-07   863.99999995   -23328.15356222
    1180    2.36000000 -0.26878334E-05 -0.21094564E-07 -0.61118054E-07   863.99999995   -23328.15328043
    1190    2.38000000 -0.26694568E-05 -0.21226476E-07 -0.61358430E-07   863.99999995   -23328.15299749
    1200    2.40000000 -0.26502916E-05 -0.21331361E-07 -0.61594456E-07   863.99999995   -23328.15271356
    1210    2.42000000 -0.26303644E-05 -0.21408330E-07 -0.61819092E-07   863.99999995   -23328.15242878
    1220    2.44000000 -0.26097011E-05 -0.21460716E-07 -0.62025148E-07   863.99999995   -23328.15214331
    1230    2.46000000 -0.25883313E-05 -0.21497656E-07 -0.62208355E-07   863.99999995   -23328.15185730
    1240    2.48000000 -0.25662883E-05 -0.21527516E-07 -0.62368819E-07   863.99999995   -23328.15157090
    1250    2.50000000 -0.25435969E-05 -0.21553739E-07 -0.62507116E-07   863.99999995   -23328.15128425
    1260    2.52000000 -0.25202827E-05 -0.21569116E-07 -0.62625867E-07   863.99999994   -23328.15099752
    1270    2.54000000 -0.24963723E-05 -0.21564442E-07 -0.62731597E-07   863.99999994   -23328.15071083
    1280    2.56000000 -0.24718833E-05 -0.21533246E-07 -0.62826257E-07   863.99999994   -23328.15042435
    1290    2.58000000 -0.24468275E-05 -0.21471448E-07 -0.62911006E-07   863.99999994   -23328.15013822
    1300    2.60000000 -0.24212134E-05 -0.21375824E-07 -0.62985713E-07   863.99999994   -23328.14985258
    1310    2.62000000 -0.23950474E-05 -0.21244301E-07 -0.63044160E-07   863.99999994   -23328.14956759
    1320    2.64000000 -0.23683327E-05 -0.21078723E-07 -0.63079855E-07   863.99999994   -23328.14928339
    1330    2.66000000 -0.23410726E-05 -0.20881536E-07 -0.63090175E-07   863.99999994   -23328.14900013
    1340    2.68000000 -0.23132649E-05 -0.20659282E-07 -0.63074899E-07   863.99999994   -23328.14871797
    1350    2.70000000 -0.22849091E-05 -0.20418986E-07 -0.63040220E-07   863.99999994   -23328.14843706
    1360    2.72000000 -0.22560080E-05 -0.20162093E-07 -0.62991334E-07   863.99999994   -23328.14815755
    1370    2.74000000 -0.22265629E-05 -0.19889600E-07 -0.62932022E-07   863.99999994   -23328.14787960
    1380    2.76000000 -0.21965716E-05 -0.19595791E-07 -0.62862632E-07   863.99999994   -23328.14760335
    1390    2.78000000 -0.21660314E-05 -0.19281091E-07 -0.62784250E-07   863.99999994   -23328.14732897
    1400    2.80000000 -0.21349382E-05 -0.18950130E-07 -0.62700670E-07   863.99999994   -23328.14705662
    1410    2.82000000 -0.21032878E-05 -0.18604754E-07 -0.62612935E-07   863.99999994   -23328.14678645
    1420    2.84000000 -0.20710688E-05 -0.18241455E-07 -0.62517375E-07   863.99999994   -23328.14651862
    1430    2.86000000 -0.20382661E-05 -0.17853450E-07 -0.62414188E-07   863.99999994   -23328.14625330
    1440    2.88000000 -0.20048668E-05 -0.17444291E-07 -0.62303397E-07   863.99999994   -23328.14599064
    1450    2.90000000 -0.19708555E-05 -0.17024172E-07 -0.62185688E-07   863.99999994   -23328.14573082
    1460    2.92000000 -0.19362206E-05 -0.16600835E-07 -0.62063267E-07   863.99999994   -23328.14547401
    1470    2.94000000 -0.19009474E-05 -0.16173949E-07 -0.61936229E-07   863.99999994   -23328.14522037
    1480    2.96000000 -0.18650246E-05 -0.15744138E-07 -0.61809535E-07   863.99999994   -23328.14497007
    1490    2.98000000 -0.18284388E-05 -0.15314355E-07 -0.61685476E-07   863.99999993   -23328.14472330
    1500    3.00000000 -0.17911825E-05 -0.14883449E-07 -0.61557519E-07   863.99999993   -23328.14448023
    1510    3.02000000 -0.17532566E-05 -0.14443797E-07 -0.61418563E-07   863.99999993   -23328.14424102
    1520    3.04000000 -0.17146562E-05 -0.13991233E-07 -0.61270891E-07   863.99999993   -23328.14400587
    1530    3.06000000 -0.16753754E-05 -0.13526542E-07 -0.61115489E-07   863.99999993   -23328.14377494
    1540    3.08000000 -0.16354095E-05 -0.13051020E-07 -0.60950248E-07   863.99999993   -23328.14354841
    1550    3.10000000 -0.15947549E-05 -0.12567380E-07 -0.60773364E-07   863.99999993   -23328.14332646
    1560    3.12000000 -0.15534074E-05 -0.12075859E-07 -0.60581764E-07   863.99999993   -23328.14310927
    1570    3.14000000 -0.15113663E-05 -0.11574051E-07 -0.60300872E-07   863.99999993   -23328.14289700
    1580    3.16000000 -0.14686338E-05 -0.11058786E-07 -0.59810962E-07   863.99999993   -23328.14268984
    1590    3.18000000 -0.14252204E-05 -0.10530105E-07 -0.59084926E-07   863.99999993   -23328.14248796
    1600    3.20000000 -0.13811385E-05 -0.99916198E-08 -0.58335143E-07   863.99999993   -23328.14229152
    1610    3.22000000 -0.13363983E-05 -0.94438306E-08 -0.58147017E-07   863.99999993   -23328.14210069
    1620    3.24000000 -0.12910135E-05 -0.88847707E-08 -0.59589478E-07   863.99999993   -23328.14191565
    1630    3.26000000 -0.12449967E-05 -0.83074801E-08 -0.64301897E-07   863.99999993   -23328.14173653
    1640    3.28000000 -0.11983603E-05 -0.77108811E-08 -0.74562853E-07   863.99999993   -23328.14156349
    1650    3.30000000 -0.11511187E-05 -0.70982052E-08 -0.93332505E-07   863.99999993   -23328.14139668
    1660    3.32000000 -0.11032965E-05 -0.64755935E-08 -0.12426019E-06   863.99999993   -23328.14123620
    1670    3.34000000 -0.10549173E-05 -0.58510643E-08 -0.17167225E-06   863.99999993   -23328.14108213
    1680    3.36000000 -0.10060072E-05 -0.52376283E-08 -0.24053670E-06   863.99999993   -23328.14093450
    1690    3.38000000 -0.95659132E-06 -0.46510075E-08 -0.33639994E-06   863.99999993   -23328.14079318
    1700    3.40000000 -0.90669695E-06 -0.41061584E-08 -0.46530307E-06   863.99999993   -23328.14065790
    1710    3.42000000 -0.85634906E-06 -0.36202395E-08 -0.63367240E-06   863.99999993   -23328.14052811
    1720    3.44000000 -0.80557812E-06 -0.32069069E-08 -0.84819652E-06   863.99999992   -23328.14040284
    1730    3.46000000 -0.75441026E-06 -0.28774283E-08 -0.11156800E-05   863.99999992   -23328.14028056
    1740    3.48000000 -0.70287304E-06 -0.26402500E-08 -0.14428820E-05   863.99999992   -23328.14015897
    1750    3.50000000 -0.65099636E-06 -0.24988992E-08 -0.18363473E-05   863.99999992   -23328.14003475
    1760    3.52000000 -0.59881246E-06 -0.24547653E-08 -0.23022161E-05   863.99999992   -23328.13990328
    1770    3.54000000 -0.54636137E-06 -0.25094412E-08 -0.28460346E-05   863.99999992   -23328.13975834
    1780    3.56000000 -0.49369028E-06 -0.26591454E-08 -0.34725582E-05   863.99999992   -23328.13959173
    1790    3.58000000 -0.44084199E-06 -0.28869372E-08 -0.41855515E-05   863.99999992   -23328.13939299
    1800    3.60000000 -0.38785632E-06 -0.31684497E-08 -0.49875990E-05   863.99999992   -23328.13914903
    1810    3.62000000 -0.33478211E-06 -0.34641695E-08 -0.58799221E-05   863.99999992   -23328.13884387
    1820    3.64000000 -0.28167057E-06 -0.37190998E-08 -0.68622049E-05   863.99999992   -23328.13845842
    1830    3.66000000 -0.22857354E-06 -0.38682256E-08 -0.79324317E-05   863.99999992   -23328.13797035
    1840    3.68000000 -0.17554591E-06 -0.38327206E-08 -0.90867510E-05   863.99999992   -23328.13735410
    1850    3.70000000 -0.12263797E-06 -0.35142388E-08 -0.10319365E-04   863.99999992   -23328.13658106
    1860    3.72000000 -0.69898401E-07 -0.28028958E-08 -0.11622427E-04   863.99999992   -23328.13561994
    1870    3.74000000 -0.17375486E-07 -0.15779808E-08 -0.12985970E-04   863.99999992   -23328.13443732
    1880    3.76000000  0.34874542E-07  0.29941013E-09 -0.14397863E-04   863.99999992   -23328.13299847
    1890    3.78000000  0.86799272E-07  0.29805220E-08 -0.15843791E-04   863.99999992   -23328.13126843
    1900    3.80000000  0.13835313E-06  0.66232790E-08 -0.17307279E-04   863.99999992   -23328.12921327
    1910    3.82000000  0.18949082E-06  0.11386654E-07 -0.18769738E-04   863.99999992   -23328.12680161
    1920    3.84000000  0.24016294E-06  0.17433398E-07 -0.20210545E-04   863.99999992   -23328.12400638
    1930    3.86000000  0.29032393E-06  0.24930782E-07 -0.21607149E-04   863.99999992   -23328.12080663
    1940    3.88000000  0.33993889E-06  0.34046763E-07 -0.22935215E-04   863.99999991   -23328.11718951
    1950    3.90000000  0.38897784E-06  0.44943451E-07 -0.24168799E-04   863.99999991   -23328.11315220
    1960    3.92000000  0.43740996E-06  0.57775019E-07 -0.25280566E-04   863.99999991   -23328.10870383
    1970    3.94000000  0.48521905E-06  0.72682415E-07 -0.26242026E-04   863.99999991   -23328.10386706
    1980    3.96000000  0.53240380E-06  0.89791254E-07 -0.27023808E-04   863.99999991   -23328.09867948
    1990    3.98000000  0.57897535E-06  0.10921308E-06 -0.27595945E-04   863.99999991   -23328.09319448
    2000    4.00000000  0.62495678E-06  0.13103188E-06 -0.27928201E-04   863.99999991   -23328.08748158
    2010    4.02000000  0.67037937E-06  0.15530443E-06 -0.27990401E-04   863.99999991   -23328.08162595
    2020    4.04000000  0.71528155E-06  0.18205753E-06 -0.27752791E-04   863.99999991   -23328.07572727
    2030    4.06000000  0.75971901E-06  0.21127777E-06 -0.27186406E-04   863.99999991   -23328.06989745
    2040    4.08000000  0.80376445E-06  0.24291201E-06 -0.26263446E-04   863.99999991   -23328.06425748
    2050    4.10000000  0.84750172E-06  0.27685920E-06 -0.24957657E-04   863.99999991   -23328.05893305
    2060    4.12000000  0.89102496E-06  0.31296958E-06 -0.23244725E-04   863.99999991   -23328.05404918
    2070    4.14000000  0.93445279E-06  0.35104547E-06 -0.21102663E-04   863.99999991   -23328.04972365
    2080    4.16000000  0.97791886E-06  0.39084056E-06 -0.18512181E-04   863.99999991   -23328.04605940
    2090    4.18000000  0.10215735E-05  0.43205487E-06 -0.15457067E-04   863.99999991   -23328.04313597
    2100    4.20000000  0.10655788E-05  0.47433786E-06 -0.11924526E-04   863.99999991   -23328.04100015
    2110    4.22000000  0.11101069E-05  0.51728877E-06 -0.79055244E-05   863.99999991   -23328.03965601
    2120    4.24000000  0.11553450E-05  0.56044974E-06 -0.33950958E-05   863.99999991   -23328.03905463
    2130    4.26000000  0.12014940E-05  0.60330379E-06  0.16073806E-05   863.99999991   -23328.03908367
    2140    4.28000000  0.12487691E-05  0.64528637E-06  0.70979225E-05   863.99999991   -23328.03955734
    2150    4.30000000  0.12973908E-05  0.68578611E-06  0.13067729E-04   863.99999991   -23328.04020695
    2160    4.32000000  0.13475886E-05  0.72414191E-06  0.19503001E-04   863.99999991   -23328.04067260
    2170    4.34000000  0.13995966E-05  0.75964452E-06  0.26384809E-04   863.99999990   -23328.04049625
    2180    4.36000000  0.14536450E-05  0.79154617E-06  0.33689003E-04   863.99999990   -23328.03911674
    2190    4.38000000  0.15099596E-05  0.81907132E-06  0.41386161E-04   863.99999990   -23328.03586711
    2200    4.40000000  0.15687617E-05  0.84141299E-06  0.49441589E-04   863.99999990   -23328.02997463
    2210    4.42000000  0.16302636E-05  0.85774260E-06  0.57815380E-04   863.99999990   -23328.02056377
    2220    4.44000000  0.16946619E-05  0.86721929E-06  0.66462508E-04   863.99999990   -23328.00666257
    2230    4.46000000  0.17621343E-05  0.86899338E-06  0.75332980E-04   863.99999990   -23327.98721255
    2240    4.48000000  0.18328347E-05  0.86221669E-06  0.84372047E-04   863.99999990   -23327.96108218
    2250    4.50000000  0.19068805E-05  0.84605877E-06  0.93520455E-04   863.99999990   -23327.92708422
    2260    4.52000000  0.19843559E-05  0.81971589E-06  0.10271475E-03   863.99999990   -23327.88399653
    2270    4.54000000  0.20652990E-05  0.78241640E-06  0.11188764E-03   863.99999990   -23327.83058644
    2280    4.56000000  0.21496935E-05  0.73343406E-06  0.12096839E-03   863.99999990   -23327.76563822
    2290    4.58000000  0.22374659E-05  0.67209680E-06  0.12988330E-03   863.99999990   -23327.68798324
    2300    4.60000000  0.23284780E-05  0.59779387E-06  0.13855619E-03   863.99999990   -23327.59653234
    2310    4.62000000  0.24225213E-05  0.50999109E-06  0.14690896E-03   863.99999990   -23327.49030962
    2320    4.64000000  0.25193153E-05  0.40824216E-06  0.15486217E-03   863.99999990   -23327.36848700
    2330    4.66000000  0.26185040E-05  0.29219711E-06  0.16233567E-03   863.99999990   -23327.23041852
    2340    4.68000000  0.27196496E-05  0.16161462E-06  0.16924926E-03   863.99999990   -23327.07567361
    2350    4.70000000  0.28222296E-05  0.16376653E-07  0.17552339E-03   863.99999990   -23326.90406819
    2360    4.72000000  0.29256380E-05 -0.14350462E-06  0.18107984E-03   863.99999990   -23326.71569261
    2370    4.74000000  0.30291852E-05 -0.31787072E-06  0.18584250E-03   863.99999989   -23326.51093539
    2380    4.76000000  0.31320974E-05 -0.50641028E-06  0.18973806E-03   863.99999989   -23326.29050170
    2390    4.78000000  0.32335150E-05 -0.70865132E-06  0.19269677E-03   863.99999989   -23326.05542580
    2400    4.80000000  0.33325011E-05 -0.92395679E-06  0.19465320E-03   863.99999989   -23325.80707630
    2410    4.82000000  0.34280471E-05 -0.11515109E-05  0.19554695E-03   863.99999989   -23325.54715379
    2420    4.84000000  0.35190840E-05 -0.13903172E-05  0.19532334E-03   863.99999989   -23325.27768008
    2430    4.86000000  0.36044962E-05 -0.16392003E-05  0.19393409E-03   863.99999989   -23325.00097877
    2440    4.88000000  0.36831288E-05 -0.18968010E-05  0.19133792E-03   863.99999989   -23324.71964692
    2450    4.90000000  0.37538127E-05 -0.21615765E-05  0.18750114E-03   863.99999989   -23324.43651801
    2460    4.92000000  0.38153782E-05 -0.24318033E-05  0.18239815E-03   863.99999989   -23324.15461624
    2470    4.94000000  0.38666735E-05 -0.27055846E-05  0.17601184E-03   863.99999989   -23323.87710311
    2480    4.96000000  0.39065913E-05 -0.29808620E-05  0.16833396E-03   863.99999989   -23323.60721677
    2490    4.98000000  0.39340848E-05 -0.32554166E-05  0.15936534E-03   863.99999989   -23323.34820539
    2500    5.00000000  0.39481948E-05 -0.35268890E-05  0.14911610E-03   863.99999988   -23323.10325583
    2510    5.02000000  0.39480764E-05 -0.37927969E-05  0.13760567E-03   863.99999988   -23322.87541902
    2520    5.04000000  0.39330196E-05 -0.40505529E-05  0.12486273E-03   863.99999988   -23322.66753379
    2530    5.06000000  0.39024672E-05 -0.42974939E-05  0.11092511E-03   863.99999988   -23322.48215083
    2540    5.08000000  0.38560321E-05 -0.45309020E-05  0.95839528E-04   863.99999988   -23322.32145880
    2550    5.10000000  0.37935219E-05 -0.47480334E-05  0.79661246E-04   863.99999988   -23322.18721423
    2560    5.12000000  0.37149528E-05 -0.49461543E-05  0.62453670E-04   863.99999988   -23322.08067723
    2570    5.14000000  0.36205670E-05 -0.51225741E-05  0.44287852E-04   863.99999988   -23322.00255468
    2580    5.16000000  0.35108381E-05 -0.52746724E-05  0.25241939E-04   863.99999988   -23321.95295255
    2590    5.18000000  0.33864742E-05 -0.53999358E-05  0.54005855E-05   863.99999988   -23321.93133878
    2600    5.20000000  0.32484135E-05 -0.54959894E-05 -0.15145670E-04   863.99999988   -23321.93651796
    2610    5.22000000  0.30978265E-05 -0.55606277E-05 -0.36301033E-04   863.99999988   -23321.96661869
    2620    5.24000000  0.29361023E-05 -0.55918470E-05 -0.57965090E-04   863.99999987   -23322.01909454
    2630    5.26000000  0.27648201E-05 -0.55878678E-05 -0.80033413E-04   863.99999987   -23322.09073869
    2640    5.28000000  0.25857317E-05 -0.55471636E-05 -0.10239816E-03   863.99999987   -23322.17771280
    2650    5.30000000  0.24007394E-05 -0.54684774E-05 -0.12494858E-03   863.99999987   -23322.27558959
    2660    5.32000000  0.22118620E-05 -0.53508452E-05 -0.14757156E-03   863.99999987   -23322.37940894
    2670    5.34000000  0.20211991E-05 -0.51936054E-05 -0.17015199E-03   863.99999987   -23322.48374678
    2680    5.36000000  0.18308978E-05 -0.49963990E-05 -0.19257320E-03   863.99999987   -23322.58279588
    2690    5.38000000  0.16431127E-05 -0.47591714E-05 -0.21471731E-03   863.99999987   -23322.67045736
    2700    5.40000000  0.14599603E-05 -0.44821636E-05 -0.23646549E-03   863.99999987   -23322.74044182
    2710    5.42000000  0.12834839E-05 -0.41659013E-05 -0.25769829E-03   863.99999987   -23322.78637833
    2720    5.44000000  0.11156148E-05 -0.38111851E-05 -0.27829587E-03   863.99999987   -23322.80192996
    2730    5.46000000  0.95814091E-06 -0.34190749E-05 -0.29813830E-03   863.99999987   -23322.78091374
    2740    5.48000000  0.81266675E-06 -0.29908660E-05 -0.31710586E-03   863.99999987   -23322.71742344
    2750    5.50000000  0.68058441E-06 -0.25280711E-05 -0.33507943E-03   863.99999987   -23322.60595288
    2760    5.52000000  0.56305162E-06 -0.20323879E-05 -0.35194088E-03   863.99999987   -23322.44151768
    2770    5.54000000  0.46097363E-06 -0.15056861E-05 -0.36757365E-03   863.99999987   -23322.21977315
    2780    5.56000000  0.37498875E-06 -0.94998448E-06 -0.38186336E-03   863.99999987   -23321.93712588
    2790    5.58000000  0.30546916E-06 -0.36743699E-06 -0.39469862E-03   863.99999987   -23321.59083651
    2800    5.60000000  0.25251528E-06  0.23968164E-06 -0.40597188E-03   863.99999986   -23321.17911118
    2810    5.62000000  0.21596767E-06  0.86898037E-06 -0.41558052E-03   863.99999986   -23320.70117910
    2820    5.64000000  0.19541633E-06  0.15179577E-05 -0.42342804E-03   863.99999986   -23320.15735366
    2830    5.66000000  0.19022462E-06  0.21840044E-05 -0.42942532E-03   863.99999986   -23319.54907477
    2840    5.68000000  0.19955113E-06  0.28643923E-05 -0.43349207E-03   863.99999986   -23318.87893026
    2850    5.70000000  0.22237798E-06  0.35562687E-05 -0.43555832E-03   863.99999986   -23318.15065436
    2860    5.72000000  0.25754489E-06  0.42566394E-05 -0.43556595E-03   863.99999986   -23317.36910197
    2870    5.74000000  0.30378394E-06  0.49623420E-05 -0.43347027E-03   863.99999986   -23316.54019758
    2880    5.76000000  0.35975880E-06  0.56700257E-05 -0.42924153E-03   863.99999986   -23315.67085860
    2890    5.78000000  0.42410924E-06  0.63761235E-05 -0.42286635E-03   863.99999986   -23314.76889331
    2900    5.80000000  0.49548713E-06  0.70768273E-05 -0.41434907E-03   863.99999985   -23313.84287467
    2910    5.82000000  0.57260289E-06  0.77680685E-05 -0.40371288E-03   863.99999985   -23312.90199173
    2920    5.84000000  0.65427149E-06  0.84454979E-05 -0.39100065E-03   863.99999985   -23311.95588140
    2930    5.86000000  0.73944861E-06  0.91044791E-05 -0.37627554E-03   863.99999985   -23311.01444428
    2940    5.88000000  0.82726697E-06  0.97400870E-05 -0.35962123E-03   863.99999985   -23310.08764858
    2950    5.90000000  0.91707635E-06  0.10347126E-04 -0.34114176E-03   863.99999985   -23309.18532721
    2960    5.92000000  0.10084771E-05  0.10920146E-04 -0.32096097E-03   863.99999985   -23308.31697357
    2970    5.94000000  0.11013424E-05  0.11453483E-04 -0.29922143E-03   863.99999984   -23307.49154159
    2980    5.96000000  0.11958445E-05  0.11941311E-04 -0.27608301E-03   863.99999984   -23306.71725622
    2990    5.98000000  0.12924587E-05  0.12377706E-04 -0.25172088E-03   863.99999984   -23306.00144004
    3000    6.00000000  0.13919706E-05  0.12756745E-04 -0.22632317E-03   863.99999984   -23305.35036147
    3010    6.02000000  0.14954657E-05  0.13072594E-04 -0.20008817E-03   863.99999984   -23304.76910950
    3020    6.04000000  0.16043102E-05  0.13319633E-04 -0.17322126E-03   863.99999983   -23304.26149899
    3030    6.06000000  0.17201234E-05  0.13492574E-04 -0.14593152E-03   863.99999983   -23303.83000936
    3040    6.08000000  0.18447385E-05  0.13586599E-04 -0.11842811E-03   863.99999983   -23303.47575878
    3050    6.10000000  0.19801520E-05  0.13597500E-04 -0.90916679E-04   863.99999983   -23303.19851401
    3060    6.12000000  0.21284681E-05  0.13521816E-04 -0.63595692E-04   863.99999983   -23302.99673509
    3070    6.14000000  0.22918300E-05  0.13356970E-04 -0.36652972E-04   863.99999983   -23302.86765268
    3080    6.16000000  0.24723370E-05  0.13101383E-04 -0.10262452E-04   863.99999982   -23302.80737435
    3090    6.18000000  0.26719617E-05  0.12754583E-04  0.15418694E-04   863.99999982   -23302.81101535
    3100    6.20000000  0.28924592E-05  0.12317291E-04  0.40252444E-04   863.99999982   -23302.87284832
    3110    6.22000000  0.31352713E-05  0.11791483E-04  0.64121741E-04   863.99999982   -23302.98646584
    3120    6.24000000  0.34014392E-05  0.11180423E-04  0.86931685E-04   863.99999982   -23303.14494955
    3130    6.26000000  0.36915225E-05  0.10488660E-04  0.10861003E-03   863.99999982   -23303.34103954
    3140    6.28000000  0.40055173E-05  0.97219852E-05  0.12910693E-03   863.99999982   -23303.56729821
    3150    6.30000000  0.43427954E-05  0.88873696E-05  0.14839405E-03   863.99999981   -23303.81626331
    3160    6.32000000  0.47020579E-05  0.79928567E-05  0.16646287E-03   863.99999981   -23304.08058610
    3170    6.34000000  0.50813184E-05  0.70474257E-05  0.18332252E-03   863.99999981   -23304.35315151
    3180    6.36000000  0.54779053E-05  0.60608290E-05  0.19899695E-03   863.99999981   -23304.62717836
    3190    6.38000000  0.58884778E-05  0.50434057E-05  0.21352175E-03   863.99999981   -23304.89629919
    3200    6.40000000  0.63090670E-05  0.40058841E-05  0.22694064E-03   863.99999981   -23305.15462032
    3210    6.42000000  0.67351479E-05  0.29591610E-05  0.23930184E-03   863.99999981   -23305.39676369
    3220    6.44000000  0.71617252E-05  0.19140791E-05  0.25065442E-03   863.99999981   -23305.61789308
    3230    6.46000000  0.75834389E-05  0.88120769E-06  0.26104475E-03   863.99999981   -23305.81372786
    3240    6.48000000  0.79946878E-05 -0.12936535E-06  0.27051333E-03   863.99999981   -23305.98054744
    3250    6.50000000  0.83897622E-05 -0.11082434E-05  0.27909192E-03   863.99999981   -23306.11519006
    3260    6.52000000  0.87629846E-05 -0.20468883E-05  0.28680130E-03   863.99999981   -23306.21504879
    3270    6.54000000  0.91088528E-05 -0.29377712E-05  0.29364954E-03   863.99999980   -23306.27806743
    3280    6.56000000  0.94221870E-05 -0.37744829E-05  0.29963103E-03   863.99999980   -23306.30273807
    3290    6.58000000  0.96982653E-05 -0.45518157E-05  0.30472613E-03   863.99999980   -23306.28810141
    3300    6.60000000  0.99329474E-05 -0.52658105E-05  0.30890155E-03   863.99999980   -23306.23374998
    3310    6.62000000  0.10122784E-04 -0.59137693E-05  0.31211138E-03   863.99999980   -23306.13983343
    3320    6.64000000  0.10265104E-04 -0.64942207E-05  0.31429876E-03   863.99999980   -23306.00706470
    3330    6.66000000  0.10358082E-04 -0.70068502E-05  0.31539806E-03   863.99999980   -23305.83672487
    3340    6.68000000  0.10400790E-04 -0.74524058E-05  0.31533749E-03   863.99999980   -23305.63066428
    3350    6.70000000  0.10393209E-04 -0.78325793E-05  0.31404211E-03   863.99999980   -23305.39129750
    3360    6.72000000  0.10336230E-04 -0.81498611E-05  0.31143694E-03   863.99999980   -23305.12158953
    3370    6.74000000  0.10231628E-04 -0.84073879E-05  0.30745029E-03   863.99999980   -23304.82503108
    3380    6.76000000  0.10082004E-04 -0.86087668E-05  0.30201702E-03   863.99999980   -23304.50560120
    3390    6.78000000  0.98907224E-05 -0.87579024E-05  0.29508162E-03   863.99999980   -23304.16771623
    3400    6.80000000  0.96618115E-05 -0.88588302E-05  0.28660117E-03   863.99999980   -23303.81616471
    3410    6.82000000  0.93998728E-05 -0.89155572E-05  0.27654793E-03   863.99999979   -23303.45602870
    3420    6.84000000  0.91099561E-05 -0.89319142E-05  0.26491148E-03   863.99999979   -23303.09259295
    3430    6.86000000  0.87974387E-05 -0.89114343E-05  0.25170057E-03   863.99999979   -23302.73124376
    3440    6.88000000  0.84679022E-05 -0.88572518E-05  0.23694428E-03   863.99999979   -23302.37736036
    3450    6.90000000  0.81270008E-05 -0.87720235E-05  0.22069288E-03   863.99999979   -23302.03620203
    3460    6.92000000  0.77803322E-05 -0.86578733E-05  0.20301796E-03   863.99999979   -23301.71279452
    3470    6.94000000  0.74333182E-05 -0.85163734E-05  0.18401224E-03   863.99999979   -23301.41181945
    3480    6.96000000  0.70910936E-05 -0.83485465E-05  0.16378874E-03   863.99999979   -23301.13751062
    3490    6.98000000  0.67584069E-05 -0.81548906E-05  0.14247958E-03   863.99999979   -23300.89356062
    3500    7.00000000  0.64395409E-05 -0.79354312E-05  0.12023435E-03   863.99999978   -23300.68304102
    3510    7.02000000  0.61382455E-05 -0.76897884E-05  0.97218051E-04   863.99999978   -23300.50833886
    3520    7.04000000  0.58576889E-05 -0.74172620E-05  0.73608822E-04   863.99999978   -23300.37111155
    3530    7.06000000  0.56004252E-05 -0.71169218E-05  0.49595357E-04   863.99999978   -23300.27226148
    3540    7.08000000  0.53683933E-05 -0.67877116E-05  0.25374157E-04   863.99999978   -23300.21193115
    3550    7.10000000  0.51629255E-05 -0.64285583E-05  0.11466565E-05   863.99999978   -23300.18951860
    3560    7.12000000  0.49847689E-05 -0.60384761E-05 -0.22883707E-04   863.99999978   -23300.20371240
    3570    7.14000000  0.48341285E-05 -0.56166610E-05 -0.46514422E-04   863.99999978   -23300.25254467
    3580    7.16000000  0.47107152E-05 -0.51625797E-05 -0.69546771E-04   863.99999978   -23300.33346006
    3590    7.18000000  0.46138060E-05 -0.46760468E-05 -0.91788595E-04   863.99999978   -23300.44339810
    3600    7.20000000  0.45423106E-05 -0.41572915E-05 -0.11305688E-03   863.99999977   -23300.57888594
    3610    7.22000000  0.44948477E-05 -0.36070092E-05 -0.13318015E-03   863.99999977   -23300.73613837
    3620    7.24000000  0.44698000E-05 -0.30263998E-05 -0.15200061E-03   863.99999977   -23300.91116165
    3630    7.26000000  0.44653832E-05 -0.24171854E-05 -0.16937604E-03   863.99999977   -23301.09985799
    3640    7.28000000  0.44797056E-05 -0.17816119E-05 -0.18518136E-03   863.99999977   -23301.29812744
    3650    7.30000000  0.45108108E-05 -0.11224380E-05 -0.19930993E-03   863.99999977   -23301.50196429
    3660    7.32000000  0.45567248E-05 -0.44290428E-06 -0.21167443E-03   863.99999977   -23301.70754534
    3670    7.34000000  0.46154833E-05  0.25330838E-06 -0.22220755E-03   863.99999977   -23301.91130793
    3680    7.36000000  0.46851514E-05  0.96213035E-06 -0.23086223E-03   863.99999977   -23302.11001602
    3690    7.38000000  0.47638449E-05  0.16791664E-05 -0.23761165E-03   863.99999977   -23302.30081304
    3700    7.40000000  0.48497431E-05  0.23997598E-05 -0.24244888E-03   863.99999977   -23302.48126085
    3710    7.42000000  0.49410936E-05  0.31190595E-05 -0.24538627E-03   863.99999976   -23302.64936470
    3720    7.44000000  0.50362193E-05  0.38320994E-05 -0.24645454E-03   863.99999976   -23302.80358426
    3730    7.46000000  0.51335262E-05  0.45338730E-05 -0.24570169E-03   863.99999976   -23302.94283166
    3740    7.48000000  0.52315126E-05  0.52194017E-05 -0.24319161E-03   863.99999976   -23303.06645744
    3750    7.50000000  0.53287796E-05  0.58838115E-05 -0.23900266E-03   863.99999976   -23303.17422596
    3760    7.52000000  0.54240497E-05  0.65223931E-05 -0.23322596E-03   863.99999976   -23303.26628171
    3770    7.54000000  0.55161820E-05  0.71306572E-05 -0.22596373E-03   863.99999976   -23303.34310845
    3780    7.56000000  0.56041998E-05  0.77043807E-05 -0.21732747E-03   863.99999976   -23303.40548302
    3790    7.58000000  0.56873174E-05  0.82396481E-05 -0.20743616E-03   863.99999976   -23303.45442550
    3800    7.60000000  0.57649646E-05  0.87328773E-05 -0.19641451E-03   863.99999976   -23303.49114787
    3810    7.62000000  0.58368065E-05  0.91808423E-05 -0.18439120E-03   863.99999976   -23303.51700243
    3820    7.64000000  0.59027617E-05  0.95806877E-05 -0.17149723E-03   863.99999976   -23303.53343189
    3830    7.66000000  0.59630195E-05  0.99299410E-05 -0.15786444E-03   863.99999976   -23303.54192212
    3840    7.68000000  0.60180435E-05  0.10226510E-04 -0.14362401E-03   863.99999976   -23303.54395889
    3850    7.70000000  0.60685755E-05  0.10468676E-04 -0.12890527E-03   863.99999975   -23303.54098925
    3860    7.72000000  0.61156250E-05  0.10655089E-04 -0.11383457E-03   863.99999975   -23303.53438830
    3870    7.74000000  0.61604524E-05  0.10784758E-04 -0.98534299E-04   863.99999975   -23303.52543161
    3880    7.76000000  0.62045416E-05  0.10857032E-04 -0.83122136E-04   863.99999975   -23303.51527351
    3890    7.78000000  0.62495688E-05  0.10871596E-04 -0.67710376E-04   863.99999975   -23303.50493116
    3900    7.80000000  0.62973627E-05  0.10828457E-04 -0.52405441E-04   863.99999975   -23303.49527418
    3910    7.82000000  0.63498610E-05  0.10727929E-04 -0.37307504E-04   863.99999975   -23303.48701956
    3920    7.84000000  0.64090655E-05  0.10570627E-04 -0.22510216E-04   863.99999975   -23303.48073125
    3930    7.86000000  0.64769973E-05  0.10357462E-04 -0.81005464E-05   863.99999975   -23303.47682405
    3940    7.88000000  0.65556518E-05  0.10089629E-04  0.58413199E-05   863.99999975   -23303.47557100
    3950    7.90000000  0.66469508E-05  0.97686045E-05  0.19242011E-04   863.99999975   -23303.47711387
    3960    7.92000000  0.67527091E-05  0.93961429E-05  0.32034951E-04   863.99999975   -23303.48147594
    3970    7.94000000  0.68745897E-05  0.89742705E-05  0.44160315E-04   863.99999975   -23303.48857650
    3980    7.96000000  0.70140676E-05  0.85052860E-05  0.55564956E-04   863.99999975   -23303.49824649
    3990    7.98000000  0.71724017E-05  0.79917595E-05  0.66202323E-04   863.99999975   -23303.51024473
    4000    8.00000000  0.73506100E-05  0.74365152E-05  0.76032373E-04   863.99999974   -23303.52427421
    4010    8.02000000  0.75494487E-05  0.68426196E-05  0.85021485E-04   863.99999974   -23303.53999799
    4020    8.04000000  0.77693996E-05  0.62133739E-05  0.93142365E-04   863.99999974   -23303.55705430
    4030    8.06000000  0.80106488E-05  0.55522937E-05  0.10037396E-03   863.99999974   -23303.57507059
    4040    8.08000000  0.82730746E-05  0.48630788E-05  0.10670138E-03   863.99999974   -23303.59367612
    4050    8.10000000  0.85562317E-05  0.41495854E-05  0.11211576E-03   863.99999974   -23303.61251312
    4060    8.12000000  0.88593373E-05  0.34157876E-05  0.11661421E-03   863.99999974   -23303.63124610
    4070    8.14000000  0.91812610E-05  0.26657462E-05  0.12019965E-03   863.99999974   -23303.64956947
    4080    8.16000000  0.95205153E-05  0.19035765E-05  0.12288068E-03   863.99999974   -23303.66721331
    4090    8.18000000  0.98752503E-05  0.11334215E-05  0.12467141E-03   863.99999974   -23303.68394743
    4100    8.20000000  0.10243247E-04  0.35942302E-06  0.12559128E-03   863.99999974   -23303.69958371
    4110    8.22000000  0.10621931E-04 -0.41429181E-06  0.12566482E-03   863.99999974   -23303.71397685
    4120    8.24000000  0.11008377E-04 -0.11836322E-05  0.12492143E-03   863.99999974   -23303.72702377
    4130    8.26000000  0.11399328E-04 -0.19445479E-05  0.12339508E-03   863.99999974   -23303.73866174
    4140    8.28000000  0.11791216E-04 -0.26930325E-05  0.12112406E-03   863.99999973   -23303.74886552
    4150    8.30000000  0.12180196E-04 -0.34251263E-05  0.11815061E-03   863.99999973   -23303.75764366
    4160    8.32000000  0.12562181E-04 -0.41369187E-05  0.11452060E-03   863.99999973   -23303.76503420
    4170    8.34000000  0.12932898E-04 -0.48245447E-05  0.11028318E-03   863.99999973   -23303.77110002
    4180    8.36000000  0.13287943E-04 -0.54841924E-05  0.10549037E-03   863.99999973   -23303.77592394
    4190    8.38000000  0.13622849E-04 -0.61121147E-05  0.10019668E-03   863.99999973   -23303.77960389
    4200    8.40000000  0.13933154E-04 -0.67046416E-05  0.94458635E-04   863.99999973   -23303.78224817
    4210    8.42000000  0.14214479E-04 -0.72581949E-05  0.88334401E-04   863.99999973   -23303.78397107
    4220    8.44000000  0.14462608E-04 -0.77693162E-05  0.81883268E-04   863.99999973   -23303.78488889
    4230    8.46000000  0.14673557E-04 -0.82346972E-05  0.75165204E-04   863.99999973   -23303.78511640
    4240    8.48000000  0.14843652E-04 -0.86512157E-05  0.68240373E-04   863.99999973   -23303.78476398
    4250    8.50000000  0.14969611E-04 -0.90159762E-05  0.61168648E-04   863.99999973   -23303.78393526
    4260    8.52000000  0.15048611E-04 -0.93263460E-05  0.54009138E-04   863.99999973   -23303.78272538
    4270    8.54000000  0.15078349E-04 -0.95799972E-05  0.46819724E-04   863.99999973   -23303.78121980
    4280    8.56000000  0.15057101E-04 -0.97749409E-05  0.39656603E-04   863.99999973   -23303.77949374
    4290    8.58000000  0.14983772E-04 -0.99095717E-05  0.32573859E-04   863.99999972   -23303.77761193
    4300    8.60000000  0.14857931E-04 -0.99826982E-05  0.25623057E-04   863.99999972   -23303.77562897
    4310    8.62000000  0.14679839E-04 -0.99935756E-05  0.18852871E-04   863.99999972   -23303.77358985
    4320    8.64000000  0.14450460E-04 -0.99419360E-05  0.12308748E-04   863.99999972   -23303.77153084
    4330    8.66000000  0.14171457E-04 -0.98279976E-05  0.60326164E-05   863.99999972   -23303.76948043
    4340    8.68000000  0.13845174E-04 -0.96524768E-05  0.62620555E-07   863.99999972   -23303.76746054
    4350    8.70000000  0.13474608E-04 -0.94165932E-05 -0.55671013E-05   863.99999972   -23303.76548752
    4360    8.72000000  0.13063356E-04 -0.91220691E-05 -0.10826591E-04   863.99999972   -23303.76357332
    4370    8.74000000  0.12615564E-04 -0.87711248E-05 -0.15690206E-04   863.99999972   -23303.76172645
    4380    8.76000000  0.12135861E-04 -0.83664620E-05 -0.20136712E-04   863.99999972   -23303.75995285
    4390    8.78000000  0.11629284E-04 -0.79112390E-05 -0.24149333E-04   863.99999972   -23303.75825657
    4400    8.80000000  0.11101201E-04 -0.74090390E-05 -0.27715764E-04   863.99999972   -23303.75664035
    4410    8.82000000  0.10557232E-04 -0.68638278E-05 -0.30828142E-04   863.99999972   -23303.75510599
    4420    8.84000000  0.10003170E-04 -0.62799179E-05 -0.33482988E-04   863.99999972   -23303.75365457
    4430    8.86000000  0.94449035E-05 -0.56619081E-05 -0.35681115E-04   863.99999971   -23303.75228655
    4440    8.88000000  0.88883466E-05 -0.50146310E-05 -0.37427504E-04   863.99999971   -23303.75100174
    4450    8.90000000  0.83393708E-05 -0.43430924E-05 -0.38731145E-04   863.99999971   -23303.74979920
    4460    8.92000000  0.78037451E-05 -0.36524091E-05 -0.39604835E-04   863.99999971   -23303.74867715
    4470    8.94000000  0.72870871E-05 -0.29477635E-05 -0.40064834E-04   863.99999971   -23303.74763288
    4480    8.96000000  0.67948062E-05 -0.22343496E-05 -0.40130427E-04   863.99999971   -23303.74666296
    4490    8.98000000  0.63320629E-05 -0.15173205E-05 -0.39823554E-04   863.99999971   -23303.74576321
    4500    9.00000000  0.59037311E-05 -0.80174817E-06 -0.39168421E-04   863.99999971   -23303.74492879
    4510    9.02000000  0.55143487E-05 -0.92587592E-07 -0.38191117E-04   863.99999971   -23303.74415427
    4520    9.04000000  0.51680751E-05  0.60536061E-06 -0.36919242E-04   863.99999971   -23303.74343368
    4530    9.06000000  0.48686506E-05  0.12874729E-05 -0.35381532E-04   863.99999971   -23303.74276058
    4540    9.08000000  0.46193580E-05  0.19493314E-05 -0.33607486E-04   863.99999971   -23303.74212814
    4550    9.10000000  0.44229780E-05  0.25867488E-05 -0.31627009E-04   863.99999971   -23303.74152921
    4560    9.12000000  0.42817524E-05  0.31957968E-05 -0.29470061E-04   863.99999971   -23303.74095643
    4570    9.14000000  0.41973516E-05  0.37728199E-05 -0.27166329E-04   863.99999971   -23303.74040228
    4580    9.16000000  0.41708486E-05  0.43144576E-05 -0.24744907E-04   863.99999970   -23303.73985919
    4590    9.18000000  0.42027000E-05  0.48176723E-05 -0.22234015E-04   863.99999970   -23303.73931962
    4600    9.20000000  0.42927355E-05  0.52797703E-05 -0.19660742E-04   863.99999970   -23303.73877617
    4610    9.22000000  0.44401548E-05  0.56984178E-05 -0.17050819E-04   863.99999970   -23303.73822161
    4620    9.24000000  0.46435347E-05  0.60716597E-05 -0.14428437E-04   863.99999970   -23303.73764905
    4630    9.26000000  0.49008413E-05  0.63979338E-05 -0.11816093E-04   863.99999970   -23303.73705192
    4640    9.28000000  0.52094559E-05  0.66760772E-05 -0.92344845E-05   863.99999970   -23303.73642413
    4650    9.30000000  0.55662087E-05  0.69053266E-05 -0.67024226E-05   863.99999970   -23303.73576008
    4660    9.32000000  0.59674225E-05  0.70853182E-05 -0.42368049E-05   863.99999970   -23303.73505474
    4670    9.34000000  0.64089538E-05  0.72160847E-05 -0.18526011E-05   863.99999970   -23303.73430372
    4680    9.36000000  0.68862471E-05  0.72980430E-05  0.43712370E-06   863.99999970   -23303.73350326
    4690    9.38000000  0.73943953E-05  0.73319741E-05  0.26211612E-05   863.99999970   -23303.73265031
    4700    9.40000000  0.79281931E-05  0.73190075E-05  0.46900908E-05   863.99999970   -23303.73174254
    4710    9.42000000  0.84821993E-05  0.72605979E-05  0.66361966E-05   863.99999970   -23303.73077835
    4720    9.44000000  0.90507934E-05  0.71585037E-05  0.84533782E-05   863.99999970   -23303.72975687
    4730    9.46000000  0.96282389E-05  0.70147565E-05  0.10137050E-04   863.99999969   -23303.72867795
    4740    9.48000000  0.10208741E-04  0.68316454E-05  0.11684032E-04   863.99999969   -23303.72754219
    4750    9.50000000  0.10786507E-04  0.66116821E-05  0.13092440E-04   863.99999969   -23303.72635085
    4760    9.52000000  0.11355794E-04  0.63575773E-05  0.14361586E-04   863.99999969   -23303.72510589
    4770    9.54000000  0.11910959E-04  0.60722150E-05  0.15491869E-04   863.99999969   -23303.72380990
    4780    9.56000000  0.12446508E-04  0.57586252E-05  0.16484668E-04   863.99999969   -23303.72246605
    4790    9.58000000  0.12957149E-04  0.54199626E-05  0.17342247E-04   863.99999969   -23303.72107808
    4800    9.60000000  0.13437832E-04  0.50594727E-05  0.18067649E-04   863.99999969   -23303.71965023
    4810    9.62000000  0.13883782E-04  0.46804544E-05  0.18664604E-04   863.99999969   -23303.71818718
    4820    9.64000000  0.14290543E-04  0.42862291E-05  0.19137446E-04   863.99999969   -23303.71669401
    4830    9.66000000  0.14654007E-04  0.38801098E-05  0.19491041E-04   863.99999969   -23303.71517614
    4840    9.68000000  0.14970462E-04  0.34653632E-05  0.19730721E-04   863.99999969   -23303.71363925
    4850    9.70000000  0.15236632E-04  0.30451662E-05  0.19862221E-04   863.99999969   -23303.71208925
    4860    9.72000000  0.15449720E-04  0.26225726E-05  0.19891621E-04   863.99999969   -23303.71053218
    4870    9.74000000  0.15607455E-04  0.22004748E-05  0.19825307E-04   863.99999968   -23303.70897415
    4880    9.76000000  0.15708131E-04  0.17815723E-05  0.19669924E-04   863.99999968   -23303.70742131
    4890    9.78000000  0.15750661E-04  0.13683420E-05  0.19432332E-04   863.99999968   -23303.70587972
    4900    9.80000000  0.15734613E-04  0.96301401E-06  0.19119574E-04   863.99999968   -23303.70435532
    4910    9.82000000  0.15660247E-04  0.56755738E-06  0.18738823E-04   863.99999968   -23303.70285385
    4920    9.84000000  0.15528533E-04  0.18367225E-06  0.18297343E-04   863.99999968   -23303.70138076
    4930    9.86000000  0.15341155E-04 -0.18720534E-06  0.17802441E-04   863.99999968   -23303.69994119
    4940    9.88000000  0.15100510E-04 -0.54388909E-06  0.17261418E-04   863.99999968   -23303.69853985
    4950    9.90000000  0.14809686E-04 -0.88542056E-06  0.16681519E-04   863.99999968   -23303.69718104
    4960    9.92000000  0.14472417E-04 -0.12110426E-05  0.16069880E-04   863.99999968   -23303.69586850
    4970    9.94000000  0.14093014E-04 -0.15201588E-05  0.15433473E-04   863.99999968   -23303.69460548
    4980    9.96000000  0.13676301E-04 -0.18122887E-05  0.14779043E-04   863.99999968   -23303.69339464
    4990    9.98000000  0.13227514E-04 -0.20870302E-05  0.14113054E-04   863.99999968   -23303.69223804
    5000   10.00000000  0.12752200E-04 -0.23440293E-05  0.13441633E-04   863.99999968   -23303.69113716
    5010   10.02000000  0.12256103E-04 -0.25829405E-05  0.12770515E-04   863.99999968   -23303.69009289
    5020   10.04000000  0.11745039E-04 -0.28033992E-05  0.12104991E-04   863.99999967   -23303.68910555
    5030   10.06000000  0.11224779E-04 -0.30049978E-05  0.11449860E-04   863.99999967   -23303.68817490
    5040   10.08000000  0.10700936E-04 -0.31872708E-05  0.10809398E-04   863.99999967   -23303.68730020
    5050   10.10000000  0.10178863E-04 -0.33496979E-05  0.10187323E-04   863.99999967   -23303.68648025
    5060   10.12000000  0.96635530E-05 -0.34917084E-05  0.95867820E-05   863.99999967   -23303.68571345
    5070   10.14000000  0.91595702E-05 -0.36126974E-05  0.90103454E-05   863.99999967   -23303.68499782
    5080   10.16000000  0.86709910E-05 -0.37120545E-05  0.84600054E-05   863.99999967   -23303.68433110
    5090   10.18000000  0.82013653E-05 -0.37891897E-05  0.79371882E-05   863.99999967   -23303.68371079
    5100   10.20000000  0.77537064E-05 -0.38435748E-05  0.74427711E-05   863.99999967   -23303.68313423
    5110   10.22000000  0.73304922E-05 -0.38747860E-05  0.69771052E-05   863.99999967   -23303.68259860
    5120   10.24000000  0.69336868E-05 -0.38825468E-05  0.65400481E-05   863.99999967   -23303.68210106
    5130   10.26000000  0.65647856E-05 -0.38667654E-05  0.61309964E-05   863.99999967   -23303.68163870
    5140   10.28000000  0.62248641E-05 -0.38275650E-05  0.57489254E-05   863.99999967   -23303.68120865
    5150   10.30000000  0.59146490E-05 -0.37653155E-05  0.53924167E-05   863.99999967   -23303.68080807
    5160   10.32000000  0.56345998E-05 -0.36806611E-05  0.50596945E-05   863.99999967   -23303.68043421
    5170   10.34000000  0.53849944E-05 -0.35745304E-05  0.47486665E-05   863.99999966   -23303.68008438
    5180   10.36000000  0.51660098E-05 -0.34481370E-05  0.44569614E-05   863.99999966   -23303.67975602
    5190   10.38000000  0.49778061E-05 -0.33029758E-05  0.41819611E-05   863.99999966   -23303.67944666
    5200   10.40000000  0.48206040E-05 -0.31408068E-05  0.39208387E-05   863.99999966   -23303.67915392
    5210   10.42000000  0.46947427E-05 -0.29636352E-05  0.36705927E-05   863.99999966   -23303.67887554
    5220   10.44000000  0.46007221E-05 -0.27736758E-05  0.34280994E-05   863.99999966   -23303.67860935
    5230   10.46000000  0.45392171E-05 -0.25733164E-05  0.31901519E-05   863.99999966   -23303.67835324
    5240   10.48000000  0.45110682E-05 -0.23650689E-05  0.29535129E-05   863.99999966   -23303.67810521
    5250   10.50000000  0.45172404E-05 -0.21515234E-05  0.27149770E-05   863.99999966   -23303.67786330
    5260   10.52000000  0.45587506E-05 -0.19352902E-05  0.24714396E-05   863.99999966   -23303.67762563
    5270   10.54000000  0.46365802E-05 -0.17189412E-05  0.22199685E-05   863.99999966   -23303.67739039
    5280   10.56000000  0.47515612E-05 -0.15049499E-05  0.19578813E-05   863.99999966   -23303.67715586
    5290   10.58000000  0.49042415E-05 -0.12956282E-05  0.16828280E-05   863.99999966   -23303.67692039
    5300   10.60000000  0.50947578E-05 -0.10930804E-05  0.13928788E-05   863.99999966   -23303.67668246
    5310   10.62000000  0.53227108E-05 -0.89914871E-06  0.10866021E-05   863.99999965   -23303.67644068
    5320   10.64000000  0.55870433E-05 -0.71537343E-06  0.76314960E-06   863.99999965   -23303.67619380
    5330   10.66000000  0.58859445E-05 -0.54295871E-06  0.42232365E-06   863.99999965   -23303.67594076
    5340   10.68000000  0.62167871E-05 -0.38275677E-06  0.64641547E-07   863.99999965   -23303.67568072
    5350   10.70000000  0.65760910E-05 -0.23526626E-06 -0.30861908E-06   863.99999965   -23303.67541304
    5360   10.72000000  0.69595288E-05 -0.10063636E-06 -0.69538855E-06   863.99999965   -23303.67513737
    5370   10.74000000  0.73619713E-05  0.21309492E-07 -0.10928019E-05   863.99999965   -23303.67485358
    5380   10.76000000  0.77775782E-05  0.13104680E-06 -0.14972062E-05   863.99999965   -23303.67456185
    5390   10.78000000  0.81999187E-05  0.22930508E-06 -0.19042031E-05   863.99999965   -23303.67426260
    5400   10.80000000  0.86221280E-05  0.31702528E-06 -0.23087074E-05   863.99999965   -23303.67395652
    5410   10.82000000  0.90370854E-05  0.39530443E-06 -0.27050307E-05   863.99999965   -23303.67364455
    5420   10.84000000  0.94376107E-05  0.46535186E-06 -0.30869903E-05   863.99999965   -23303.67332784
    5430   10.86000000  0.98166629E-05  0.52844054E-06 -0.34480353E-05   863.99999965   -23303.67300772
    5440   10.88000000  0.10167534E-04  0.58585835E-06 -0.37813999E-05   863.99999965   -23303.67268571
    5450   10.90000000  0.10484036E-04  0.63886792E-06 -0.40802666E-05   863.99999965   -23303.67236338
    5460   10.92000000  0.10760665E-04  0.68866706E-06 -0.43379414E-05   863.99999964   -23303.67204243
    5470   10.94000000  0.10992738E-04  0.73635539E-06 -0.45480337E-05   863.99999964   -23303.67172454
    5480   10.96000000  0.11176497E-04  0.78292204E-06 -0.47046338E-05   863.99999964   -23303.67141140
    5490   10.98000000  0.11309183E-04  0.82922328E-06 -0.48024874E-05   863.99999964   -23303.67110463
    5500   11.00000000  0.11389077E-04  0.87597461E-06 -0.48371571E-05   863.99999964   -23303.67080575
    5510   11.02000000  0.11415496E-04  0.92374640E-06 -0.48051695E-05   863.99999964   -23303.67051616
    5520   11.04000000  0.11388772E-04  0.97296325E-06 -0.47041339E-05   863.99999964   -23303.67023713
    5530   11.06000000  0.11310200E-04  0.10239001E-05 -0.45328436E-05   863.99999964   -23303.66996973
    5540   11.08000000  0.11181948E-04  0.10766876E-05 -0.42913469E-05   863.99999964   -23303.66971487
    5550   11.10000000  0.11006971E-04  0.11313068E-05 -0.39809826E-05   863.99999964   -23303.66947324
    5560   11.12000000  0.10788898E-04  0.11875848E-05 -0.36043784E-05   863.99999964   -23303.66924537
    5570   11.14000000  0.10531910E-04  0.12451991E-05 -0.31654221E-05   863.99999964   -23303.66903157
    5580   11.16000000  0.10240612E-04  0.13036741E-05 -0.26691897E-05   863.99999964   -23303.66883200
    5590   11.18000000  0.99199242E-05  0.13623731E-05 -0.21218438E-05   863.99999964   -23303.66864661
    5600   11.20000000  0.95749556E-05  0.14205046E-05 -0.15305031E-05   863.99999963   -23303.66847523
    5610   11.22000000  0.92108906E-05  0.14771256E-05 -0.90308370E-06   863.99999963   -23303.66831754
    5620   11.24000000  0.88328879E-05  0.15311513E-05 -0.24811225E-06   863.99999963   -23303.66817309
    5630   11.26000000  0.84459829E-05  0.15813703E-05  0.42547513E-06   863.99999963   -23303.66804133
    5640   11.28000000  0.80550094E-05  0.16264705E-05  0.11085372E-05   863.99999963   -23303.66792166
    5650   11.30000000  0.76645397E-05  0.16650614E-05  0.17919448E-05   863.99999963   -23303.66781338
    5660   11.32000000  0.72788371E-05  0.16957100E-05  0.24667964E-05   863.99999963   -23303.66771576
    5670   11.34000000  0.69018252E-05  0.17169732E-05  0.31246216E-05   863.99999963   -23303.66762804
    5680   11.36000000  0.65370640E-05  0.17274392E-05  0.37575669E-05   863.99999963   -23303.66754947
    5690   11.38000000  0.61877479E-05  0.17257749E-05  0.43585577E-05   863.99999963   -23303.66747926
    5700   11.40000000  0.58567237E-05  0.17107688E-05  0.49214339E-05   863.99999963   -23303.66741668
    5710   11.42000000  0.55465095E-05  0.16813764E-05  0.54410565E-05   863.99999963   -23303.66736098
    5720   11.44000000  0.52593253E-05  0.16367659E-05  0.59133734E-05   863.99999963   -23303.66731147
    5730   11.46000000  0.49971249E-05  0.15763466E-05  0.63354592E-05   863.99999963   -23303.66726749
    5740   11.48000000  0.47616295E-05  0.14998014E-05  0.67055150E-05   863.99999963   -23303.66722842
    5750   11.50000000  0.45543686E-05  0.14071134E-05  0.70228331E-05   863.99999962   -23303.66719369
    5760   11.52000000  0.43767126E-05  0.12985845E-05  0.72877223E-05   863.99999962   -23303.66716276
    5770   11.54000000  0.42298958E-05  0.11748446E-05  0.75014094E-05   863.99999962   -23303.66713517
    5780   11.56000000  0.41150283E-05  0.10368456E-05  0.76659098E-05   863.99999962   -23303.66711048
    5790   11.58000000  0.40330995E-05  0.88585634E-06  0.77838849E-05   863.99999962   -23303.66708830
    5800   11.60000000  0.39849648E-05  0.72344782E-06  0.78584903E-05   863.99999962   -23303.66706831
    5810   11.62000000  0.39713247E-05  0.55146014E-06  0.78932153E-05   863.99999962   -23303.66705021
    5820   11.64000000  0.39926983E-05  0.37196601E-06  0.78917208E-05   863.99999962   -23303.66703377
    5830   11.66000000  0.40493751E-05  0.18722102E-06  0.78576745E-05   863.99999962   -23303.66701877
    5840   11.68000000  0.41413665E-05 -0.38235535E-09  0.77946072E-05   863.99999962   -23303.66700504
    5850   11.70000000  0.42683564E-05 -0.18837714E-06  0.77057899E-05   863.99999962   -23303.66699247
    5860   11.72000000  0.44296496E-05 -0.37428572E-06  0.75941269E-05   863.99999962   -23303.66698094
    5870   11.74000000  0.46241266E-05 -0.55567656E-06  0.74620803E-05   863.99999962   -23303.66697039
    5880   11.76000000  0.48502057E-05 -0.73022607E-06  0.73116144E-05   863.99999962   -23303.66696077
    5890   11.78000000  0.51058140E-05 -0.89576797E-06  0.71441729E-05   863.99999962   -23303.66695205
    5900   11.80000000  0.53883666E-05 -0.10503390E-05  0.69606891E-05   863.99999961   -23303.66694422
    5910   11.82000000  0.56947648E-05 -0.11922213E-05  0.67616196E-05   863.99999961   -23303.66693728
    5920   11.84000000  0.60214102E-05 -0.13199726E-05  0.65470032E-05   863.99999961   -23303.66693120
    5930   11.86000000  0.63642321E-05 -0.14324478E-05  0.63165353E-05   863.99999961   -23303.66692601
    5940   11.88000000  0.67187262E-05 -0.15288085E-05  0.60696593E-05   863.99999961   -23303.66692167
    5950   11.90000000  0.70800151E-05 -0.16085158E-05  0.58056704E-05   863.99999961   -23303.66691816
    5960   11.92000000  0.74429116E-05 -0.16713155E-05  0.55238182E-05   863.99999961   -23303.66691544
    5970   11.94000000  0.78020020E-05 -0.17172221E-05  0.52234131E-05   863.99999961   -23303.66691346
    5980   11.96000000  0.81517401E-05 -0.17465018E-05  0.49039235E-05   863.99999961   -23303.66691211
    5990   11.98000000  0.84865407E-05 -0.17596460E-05  0.45650709E-05   863.99999961   -23303.66691131
    6000   12.00000000  0.88008832E-05 -0.17573323E-05  0.42069098E-05   863.99999961   -23303.66691092
    6010   12.02000000  0.90897859E-05 -0.17403982E-05  0.38298964E-05   863.99999961   -23303.66691070
    6020   12.04000000  0.93480217E-05 -0.17098215E-05  0.34349410E-05   863.99999961   -23303.66691047
    6030   12.06000000  0.95701999E-05 -0.16666991E-05  0.30234377E-05   863.99999961   -23303.66691024
    6040   12.08000000  0.97514861E-05 -0.16122314E-05  0.25972898E-05   863.99999960   -23303.66691001
    6050   12.10000000  0.98876833E-05 -0.15477091E-05  0.21589112E-05   863.99999960   -23303.66690978
    6060   12.12000000  0.99753401E-05 -0.14744983E-05  0.17112043E-05   863.99999960   -23303.66690955
    6070   12.14000000  0.10011840E-04 -0.13940228E-05  0.12575268E-05   863.99999960   -23303.66690932
    6080   12.16000000  0.99954649E-05 -0.13077521E-05  0.80164598E-06   863.99999960   -23303.66690908
    6090   12.18000000  0.99254283E-05 -0.12171813E-05  0.34766807E-06   863.99999960   -23303.66690885
    6100   12.20000000  0.98019005E-05 -0.11238122E-05 -0.10003476E-06   863.99999960   -23303.66690862
    6110   12.22000000  0.96260004E-05 -0.10291282E-05 -0.53690944E-06   863.99999960   -23303.66690839
    6120   12.24000000  0.93997727E-05 -0.93456440E-06 -0.95831766E-06   863.99999960   -23303.66690816
    6130   12.26000000  0.91261495E-05 -0.84147669E-06 -0.13596246E-05   863.99999960   -23303.66690793
    6140   12.28000000  0.88088981E-05 -0.75111160E-06 -0.17363000E-05   863.99999960   -23303.66690770
    6150   12.30000000  0.84525478E-05 -0.66457044E-06 -0.20840147E-05   863.99999960   -23303.66690747
    6160   12.32000000  0.80622979E-05 -0.58278134E-06 -0.23987331E-05   863.99999960   -23303.66690725
    6170   12.34000000  0.76439097E-05 -0.50647758E-06 -0.26767963E-05   863.99999960   -23303.66690703
    6180   12.36000000  0.72035866E-05 -0.43617323E-06 -0.29150052E-05   863.99999960   -23303.66690680
    6190   12.38000000  0.67478437E-05 -0.37214595E-06 -0.31106867E-05   863.99999959   -23303.66690658
    6200   12.40000000  0.62833813E-05 -0.31443656E-06 -0.32617412E-05   863.99999959   -23303.66690636
    6210   12.42000000  0.58169593E-05 -0.26285645E-06 -0.33666790E-05   863.99999959   -23303.66690615
    6220   12.44000000  0.53552602E-05 -0.21699435E-06 -0.34246464E-05   863.99999959   -23303.66690593
    6230   12.46000000  0.49047580E-05 -0.17623435E-06 -0.34354394E-05   863.99999959   -23303.66690572
    6240   12.48000000  0.44716076E-05 -0.13979015E-06 -0.33994939E-05   863.99999959   -23303.66690550
    6250   12.50000000  0.40615336E-05 -0.10673789E-06 -0.33178623E-05   863.99999959   -23303.66690529
    6260   12.52000000  0.36797380E-05 -0.76047484E-07 -0.31921825E-05   863.99999959   -23303.66690507
    6270   12.54000000  0.33308231E-05 -0.46623984E-07 -0.30246335E-05   863.99999959   -23303.66690486
    6280   12.56000000  0.30187249E-05 -0.17342346E-07 -0.28178746E-05   863.99999959   -23303.66690465
    6290   12.58000000  0.27466627E-05  0.12913212E-07 -0.25749805E-05   863.99999959   -23303.66690443
    6300   12.60000000  0.25171105E-05  0.45206675E-07 -0.22993786E-05   863.99999959   -23303.66690422
    6310   12.62000000  0.23317813E-05  0.80517270E-07 -0.19947742E-05   863.99999959   -23303.66690400
    6320   12.64000000  0.21916195E-05  0.11970610E-06 -0.16650822E-05   863.99999959   -23303.66690379
    6330   12.66000000  0.20968056E-05  0.16347874E-06 -0.13143608E-05   863.99999959   -23303.66690358
    6340   12.68000000  0.20467763E-05  0.21236098E-06 -0.94675322E-06   863.99999958   -23303.66690336
    6350   12.70000000  0.20402602E-05  0.26667082E-06 -0.56643136E-06   863.99999958   -23303.66690315
    6360   12.72000000  0.20753150E-05  0.32650209E-06 -0.17754072E-06   863.99999958   -23303.66690294
    6370   12.74000000  0.21493765E-05  0.39171762E-06  0.21583796E-06   863.99999958   -23303.66690273
    6380   12.76000000  0.22593212E-05  0.46194669E-06  0.60972899E-06   863.99999958   -23303.66690252
    6390   12.78000000  0.24015380E-05  0.53659585E-06  0.10003033E-05   863.99999958   -23303.66690232
    6400   12.80000000  0.25720019E-05  0.61486236E-06  0.13839034E-05   863.99999958   -23303.66690211
    6410   12.82000000  0.27663577E-05  0.69575770E-06  0.17570797E-05   863.99999958   -23303.66690191
    6420   12.84000000  0.29800146E-05  0.77813982E-06  0.21166146E-05   863.99999958   -23303.66690171
    6430   12.86000000  0.32082351E-05  0.86074295E-06  0.24595365E-05   863.99999958   -23303.66690151
    6440   12.88000000  0.34462304E-05  0.94222114E-06  0.27831390E-05   863.99999958   -23303.66690131
    6450   12.90000000  0.36892541E-05  0.10211797E-05  0.30849954E-05   863.99999958   -23303.66690111
    6460   12.92000000  0.39326792E-05  0.10962125E-05  0.33629640E-05   863.99999958   -23303.66690091
    6470   12.94000000  0.41720831E-05  0.11659426E-05  0.36151989E-05   863.99999958   -23303.66690071
    6480   12.96000000  0.44033147E-05  0.12290565E-05  0.38401481E-05   863.99999957   -23303.66690051
    6490   12.98000000  0.46225588E-05  0.12843367E-05  0.40365470E-05   863.99999957   -23303.66690031
    6500   13.00000000  0.48263869E-05  0.13306819E-05  0.42034115E-05   863.99999957   -23303.66690011
    6510   13.02000000  0.50117995E-05  0.13671304E-05  0.43400219E-05   863.99999957   -23303.66689990
    6520   13.04000000  0.51762589E-05  0.13928702E-05  0.44459128E-05   863.99999957   -23303.66689970
    6530   13.06000000  0.53177046E-05  0.14072474E-05  0.45208525E-05   863.99999957   -23303.66689949
    6540   13.08000000  0.54345654E-05  0.14097746E-05  0.45648311E-05   863.99999957   -23303.66689929
    6550   13.10000000  0.55257674E-05  0.14001198E-05  0.45780450E-05   863.99999957   -23303.66689909
    6560   13.12000000  0.55907277E-05  0.13781045E-05  0.45608889E-05   863.99999957   -23303.66689888
    6570   13.14000000  0.56293476E-05  0.13436979E-05  0.45139465E-05   863.99999957   -23303.66689868
    6580   13.16000000  0.56419910E-05  0.12970112E-05  0.44379932E-05   863.99999957   -23303.66689848
    6590   13.18000000  0.56294574E-05  0.12382905E-05  0.43339887E-05   863.99999957   -23303.66689828
    6600   13.20000000  0.55929535E-05  0.11679107E-05  0.42030865E-05   863.99999957   -23303.66689809
    6610   13.22000000  0.55340607E-05  0.10863803E-05  0.40466378E-05   863.99999957   -23303.66689789
    6620   13.24000000  0.54546934E-05  0.99433683E-06  0.38661957E-05   863.99999957   -23303.66689770
    6630   13.26000000  0.53570629E-05  0.89254199E-06  0.36635229E-05   863.99999956   -23303.66689751
    6640   13.28000000  0.52436239E-05  0.78187491E-06  0.34406005E-05   863.99999956   -23303.66689732
    6650   13.30000000  0.51170256E-05  0.66331636E-06  0.31996214E-05   863.99999956   -23303.66689714
    6660   13.32000000  0.49800590E-05  0.53794584E-06  0.29429815E-05   863.99999956   -23303.66689695
    6670   13.34000000  0.48356047E-05  0.40692417E-06  0.26732801E-05   863.99999956   -23303.66689677
    6680   13.36000000  0.46865759E-05  0.27147837E-06  0.23933053E-05   863.99999956   -23303.66689659
    6690   13.38000000  0.45358668E-05  0.13288238E-06  0.21060001E-05   863.99999956   -23303.66689641
    6700   13.40000000  0.43863003E-05 -0.75656256E-08  0.18144374E-05   863.99999956   -23303.66689623
    6710   13.42000000  0.42405712E-05 -0.14855712E-06  0.15217877E-05   863.99999956   -23303.66689605
    6720   13.44000000  0.41011973E-05 -0.28878585E-06  0.12312838E-05   863.99999956   -23303.66689587
    6730   13.46000000  0.39704734E-05 -0.42696068E-06  0.94617101E-06   863.99999956   -23303.66689569
    6740   13.48000000  0.38504312E-05 -0.56181423E-06  0.66965445E-06   863.99999956   -23303.66689550
    6750   13.50000000  0.37428028E-05 -0.69211680E-06  0.40484818E-06   863.99999956   -23303.66689532
    6760   13.52000000  0.36489896E-05 -0.81668493E-06  0.15472026E-06   863.99999956   -23303.66689513
    6770   13.54000000  0.35700382E-05 -0.93438042E-06 -0.77957927E-07   863.99999956   -23303.66689494
    6780   13.56000000  0.35066263E-05 -0.10441085E-05 -0.29066505E-06   863.99999955   -23303.66689475
    6790   13.58000000  0.34590562E-05 -0.11448211E-05 -0.48117686E-06   863.99999955   -23303.66689455
    6800   13.60000000  0.34272576E-05 -0.12355138E-05 -0.64760304E-06   863.99999955   -23303.66689436
    6810   13.62000000  0.34108094E-05 -0.13152308E-05 -0.78842004E-06   863.99999955   -23303.66689416
    6820   13.64000000  0.34089567E-05 -0.13830687E-05 -0.90249699E-06   863.99999955   -23303.66689397
    6830   13.66000000  0.34206407E-05 -0.14381969E-05 -0.98911145E-06   863.99999955   -23303.66689377
    6840   13.68000000  0.34445430E-05 -0.14798724E-05 -0.10479586E-05   863.99999955   -23303.66689358
    6850   13.70000000  0.34791266E-05 -0.15074594E-05 -0.10791450E-05   863.99999955   -23303.66689339
    6860   13.72000000  0.35226782E-05 -0.15204530E-05 -0.10831777E-05   863.99999955   -23303.66689321
    6870   13.74000000  0.35733665E-05 -0.15185147E-05 -0.10609440E-05   863.99999955   -23303.66689302
    6880   13.76000000  0.36292896E-05 -0.15014907E-05 -0.10136843E-05   863.99999955   -23303.66689284
    6890   13.78000000  0.36885173E-05 -0.14694350E-05 -0.94295802E-06   863.99999955   -23303.66689267
    6900   13.80000000  0.37491342E-05 -0.14226253E-05 -0.85060289E-06   863.99999955   -23303.66689249
    6910   13.82000000  0.38092720E-05 -0.13615695E-05 -0.73868548E-06   863.99999955   -23303.66689232
    6920   13.84000000  0.38671392E-05 -0.12870145E-05 -0.60945449E-06   863.99999954   -23303.66689215
    6930   13.86000000  0.39210463E-05 -0.11999380E-05 -0.46529471E-06   863.99999954   -23303.66689198
    6940   13.88000000  0.39694139E-05 -0.11015290E-05 -0.30868307E-06   863.99999954   -23303.66689180
    6950   13.90000000  0.40107775E-05 -0.99316426E-06 -0.14214401E-06   863.99999954   -23303.66689163
    6960   13.92000000  0.40438103E-05 -0.87637833E-06  0.31783145E-07   863.99999954   -23303.66689146
    6970   13.94000000  0.40673275E-05 -0.75282631E-06  0.21058695E-06   863.99999954   -23303.66689128
    6980   13.96000000  0.40802821E-05 -0.62423574E-06  0.39181559E-06   863.99999954   -23303.66689110
    6990   13.98000000  0.40817758E-05 -0.49237234E-06  0.57310523E-06   863.99999954   -23303.66689092
    7000   14.00000000  0.40710529E-05 -0.35900315E-06  0.75219819E-06   863.99999954   -23303.66689074
    7010   14.02000000  0.40475101E-05 -0.22586046E-06  0.92696841E-06   863.99999954   -23303.66689056
    7020   14.04000000  0.40107053E-05 -0.94605517E-07  0.10954400E-05   863.99999954   -23303.66689038
    7030   14.06000000  0.39603607E-05  0.33189188E-07  0.12558030E-05   863.99999954   -23303.66689019
    7040   14.08000000  0.38963683E-05  0.15605670E-06  0.14064261E-05   863.99999954   -23303.66689001
    7050   14.10000000  0.38188054E-05  0.27265010E-06  0.15458745E-05   863.99999954   -23303.66688983
    7060   14.12000000  0.37279393E-05  0.38175411E-06  0.16729211E-05   863.99999954   -23303.66688965
    7070   14.14000000  0.36242311E-05  0.48229954E-06  0.17865574E-05   863.99999953   -23303.66688947
    7080   14.16000000  0.35083423E-05  0.57336823E-06  0.18860053E-05   863.99999953   -23303.66688930
    7090   14.18000000  0.33811360E-05  0.65419715E-06  0.19707250E-05   863.99999953   -23303.66688913
    7100   14.20000000  0.32436717E-05  0.72418971E-06  0.20404100E-05   863.99999953   -23303.66688896
    7110   14.22000000  0.30971984E-05  0.78291769E-06  0.20949892E-05   863.99999953   -23303.66688880
    7120   14.24000000  0.29431435E-05  0.83011984E-06  0.21346154E-05   863.99999953   -23303.66688864
    7130   14.26000000  0.27830901E-05  0.86570756E-06  0.21596462E-05   863.99999953   -23303.66688848
    7140   14.28000000  0.26187613E-05  0.88976895E-06  0.21706259E-05   863.99999953   -23303.66688832
    7150   14.30000000  0.24519951E-05  0.90256735E-06  0.21682647E-05   863.99999953   -23303.66688817
    7160   14.32000000  0.22847198E-05  0.90454811E-06  0.21534080E-05   863.99999953   -23303.66688801
    7170   14.34000000  0.21189249E-05  0.89633613E-06  0.21269982E-05   863.99999953   -23303.66688786
    7180   14.36000000  0.19566257E-05  0.87872753E-06  0.20900441E-05   863.99999953   -23303.66688770
    7190   14.38000000  0.17998283E-05  0.85268612E-06  0.20435841E-05   863.99999953   -23303.66688754
    7200   14.40000000  0.16504962E-05  0.81932688E-06  0.19886563E-05   863.99999953   -23303.66688738
    7210   14.42000000  0.15105194E-05  0.77989259E-06  0.19262657E-05   863.99999952   -23303.66688722
    7220   14.44000000  0.13816784E-05  0.73572983E-06  0.18573596E-05   863.99999952   -23303.66688705
    7230   14.46000000  0.12656176E-05  0.68826354E-06  0.17828169E-05   863.99999952   -23303.66688688
    7240   14.48000000  0.11638132E-05  0.63894768E-06  0.17034471E-05   863.99999952   -23303.66688672
    7250   14.50000000  0.10775462E-05  0.58922868E-06  0.16199891E-05   863.99999952   -23303.66688655
    7260   14.52000000  0.10078755E-05  0.54050405E-06  0.15331166E-05   863.99999952   -23303.66688638
    7270   14.54000000  0.95561640E-06  0.49408407E-06  0.14434492E-05   863.99999952   -23303.66688620
    7280   14.56000000  0.92132693E-06  0.45115245E-06  0.13515673E-05   863.99999952   -23303.66688603
    7290   14.58000000  0.90529517E-06  0.41273638E-06  0.12580341E-05   863.99999952   -23303.66688586
    7300   14.60000000  0.90752818E-06  0.37967969E-06  0.11634152E-05   863.99999952   -23303.66688569
    7310   14.62000000  0.92774391E-06  0.35262646E-06  0.10683036E-05   863.99999952   -23303.66688552
    7320   14.64000000  0.96537959E-06  0.33200687E-06  0.97333067E-06   863.99999952   -23303.66688535
    7330   14.66000000  0.10195952E-05  0.31803318E-06  0.87917649E-06   863.99999952   -23303.66688518
    7340   14.68000000  0.10892921E-05  0.31070629E-06  0.78658915E-06   863.99999952   -23303.66688501
    7350   14.70000000  0.11731353E-05  0.30983498E-06  0.69638688E-06   863.99999952   -23303.66688484
    7360   14.72000000  0.12695868E-05  0.31504997E-06  0.60945991E-06   863.99999951   -23303.66688467
    7370   14.74000000  0.13769357E-05  0.32582403E-06  0.52676350E-06   863.99999951   -23303.66688451
    7380   14.76000000  0.14933396E-05  0.34149220E-06  0.44930384E-06   863.99999951   -23303.66688434
    7390   14.78000000  0.16168659E-05  0.36127451E-06  0.37811913E-06   863.99999951   -23303.66688418
    7400   14.80000000  0.17455398E-05  0.38430085E-06  0.31425842E-06   863.99999951   -23303.66688401
    7410   14.82000000  0.18773829E-05  0.40963484E-06  0.25875399E-06   863.99999951   -23303.66688385
    7420   14.84000000  0.20104562E-05  0.43629395E-06  0.21258911E-06   863.99999951   -23303.66688369
    7430   14.86000000  0.21428958E-05  0.46327139E-06  0.17666868E-06   863.99999951   -23303.66688353
    7440   14.88000000  0.22729405E-05  0.48955124E-06  0.15178222E-06   863.99999951   -23303.66688337
    7450   14.90000000  0.23989499E-05  0.51412726E-06  0.13857685E-06   863.99999951   -23303.66688320
    7460   14.92000000  0.25194279E-05  0.53602080E-06  0.13752760E-06   863.99999951   -23303.66688304
    7470   14.94000000  0.26330264E-05  0.55429688E-06  0.14890411E-06   863.99999951   -23303.66688288
    7480   14.96000000  0.27385481E-05  0.56808482E-06  0.17275509E-06   863.99999951   -23303.66688271
    7490   14.98000000  0.28349494E-05  0.57659568E-06  0.20888733E-06   863.99999951   -23303.66688254
    7500   15.00000000  0.29213301E-05  0.57914064E-06  0.25685987E-06   863.99999951   -23303.66688237
    7510   15.02000000  0.29969255E-05  0.57513862E-06  0.31597988E-06   863.99999950   -23303.66688220
    7520   15.04000000  0.30611022E-05  0.56413603E-06  0.38530926E-06   863.99999950   -23303.66688203
    7530   15.06000000  0.31133535E-05  0.54582014E-06  0.46367295E-06   863.99999950   -23303.66688186
    7540   15.08000000  0.31532928E-05  0.52002100E-06  0.54968082E-06   863.99999950   -23303.66688169
    7550   15.10000000  0.31806576E-05  0.48671855E-06  0.64174634E-06   863.99999950   -23303.66688152
    7560   15.12000000  0.31953116E-05  0.44605038E-06  0.73811090E-06   863.99999950   -23303.66688136
    7570   15.14000000  0.31972545E-05  0.39831128E-06  0.83688167E-06   863.99999950   -23303.66688119
    7580   15.16000000  0.31866218E-05  0.34394351E-06  0.93607085E-06   863.99999950   -23303.66688102
    7590   15.18000000  0.31636950E-05  0.28353780E-06  0.10336364E-05   863.99999950   -23303.66688086
    7600   15.20000000  0.31289067E-05  0.21781695E-06  0.11275190E-05   863.99999950   -23303.66688070
    7610   15.22000000  0.30828475E-05  0.14761790E-06  0.12156891E-05   863.99999950   -23303.66688054
    7620   15.24000000  0.30262618E-05  0.73877601E-07  0.12961938E-05   863.99999950   -23303.66688038
    7630   15.26000000  0.29600359E-05 -0.23868230E-08  0.13672061E-05   863.99999950   -23303.66688022
    7640   15.28000000  0.28851834E-05 -0.80102973E-07  0.14270695E-05   863.99999950   -23303.66688006
    7650   15.30000000  0.28028265E-05 -0.15816947E-06  0.14743364E-05   863.99999949   -23303.66687990
    7660   15.32000000  0.27141736E-05 -0.23548699E-06  0.15078102E-05   863.99999949   -23303.66687974
    7670   15.34000000  0.26204876E-05 -0.31098741E-06  0.15265816E-05   863.99999949   -23303.66687958
    7680   15.36000000  0.25230511E-05 -0.38365849E-06  0.15300620E-05   863.99999949   -23303.66687942
    7690   15.38000000  0.24231389E-05 -0.45256206E-06  0.15180082E-05   863.99999949   -23303.66687926
    7700   15.40000000  0.23219842E-05 -0.51685250E-06  0.14905298E-05   863.99999949   -23303.66687909
    7710   15.42000000  0.22207565E-05 -0.57579972E-06  0.14480899E-05   863.99999949   -23303.66687893
    7720   15.44000000  0.21205447E-05 -0.62879630E-06  0.13915005E-05   863.99999949   -23303.66687876
    7730   15.46000000  0.20223421E-05 -0.67536424E-06  0.13219121E-05   863.99999949   -23303.66687860
    7740   15.48000000  0.19270398E-05 -0.71516104E-06  0.12407849E-05   863.99999949   -23303.66687843
    7750   15.50000000  0.18354264E-05 -0.74797703E-06  0.11498447E-05   863.99999949   -23303.66687826
    7760   15.52000000  0.17481928E-05 -0.77372493E-06  0.10510427E-05   863.99999949   -23303.66687810
    7770   15.54000000  0.16659388E-05 -0.79242523E-06  0.94649771E-06   863.99999949   -23303.66687793
    7780   15.56000000  0.15891838E-05 -0.80418992E-06  0.83843660E-06   863.99999949   -23303.66687776
    7790   15.58000000  0.15183818E-05 -0.80921158E-06  0.72913209E-06   863.99999949   -23303.66687760
    7800   15.60000000  0.14539324E-05 -0.80774851E-06  0.62084886E-06   863.99999948   -23303.66687743
    7810   15.62000000  0.13961903E-05 -0.80011149E-06  0.51577968E-06   863.99999948   -23303.66687727
    7820   15.64000000  0.13454789E-05 -0.78665109E-06  0.41599228E-06   863.99999948   -23303.66687710
    7830   15.66000000  0.13020956E-05 -0.76774717E-06  0.32338523E-06   863.99999948   -23303.66687694
    7840   15.68000000  0.12663078E-05 -0.74380884E-06  0.23964492E-06   863.99999948   -23303.66687678
    7850   15.70000000  0.12383526E-05 -0.71526264E-06  0.16622015E-06   863.99999948   -23303.66687662
    7860   15.72000000  0.12184257E-05 -0.68254979E-06  0.10429472E-06   863.99999948   -23303.66687645
    7870   15.74000000  0.12066696E-05 -0.64613008E-06  0.54769617E-07   863.99999948   -23303.66687629
    7880   15.76000000  0.12031613E-05 -0.60647747E-06  0.18252114E-07   863.99999948   -23303.66687613
    7890   15.78000000  0.12078925E-05 -0.56407343E-06 -0.49420387E-08   863.99999948   -23303.66687597
    7900   15.80000000  0.12207619E-05 -0.51941328E-06 -0.14780125E-07   863.99999948   -23303.66687581
    7910   15.82000000  0.12415595E-05 -0.47299356E-06 -0.11506500E-07   863.99999948   -23303.66687565
    7920   15.84000000  0.12699529E-05 -0.42530633E-06  0.43764389E-08   863.99999948   -23303.66687549
    7930   15.86000000  0.13054857E-05 -0.37683383E-06  0.32128573E-07   863.99999948   -23303.66687533
    7940   15.88000000  0.13475778E-05 -0.32803076E-06  0.70795853E-07   863.99999948   -23303.66687517
    7950   15.90000000  0.13955305E-05 -0.27931397E-06  0.11924704E-06   863.99999947   -23303.66687501
    7960   15.92000000  0.14485357E-05 -0.23104572E-06  0.17620931E-06   863.99999947   -23303.66687485
    7970   15.94000000  0.15056945E-05 -0.18352658E-06  0.24030160E-06   863.99999947   -23303.66687468
    7980   15.96000000  0.15660385E-05 -0.13697812E-06  0.31007193E-06   863.99999947   -23303.66687452
    7990   15.98000000  0.16285520E-05 -0.91536172E-07  0.38403502E-06   863.99999947   -23303.66687436
    8000   16.00000000  0.16921944E-05 -0.47243123E-07  0.46071506E-06   863.99999947   -23303.66687419
    8010   16.02000000  0.17559283E-05 -0.40462352E-08  0.53868340E-06   863.99999947   -23303.66687403
    8020   16.04000000  0.18187443E-05  0.38200313E-07  0.61658946E-06   863.99999947   -23303.66687387
    8030   16.06000000  0.18796808E-05  0.79727674E-07  0.69319102E-06   863.99999947   -23303.66687371
    8040   16.08000000  0.19378459E-05  0.12084324E-06  0.76737493E-06   863.99999947   -23303.66687355
    8050   16.10000000  0.19924350E-05  0.16190863E-06  0.83817379E-06   863.99999947   -23303.66687339
    8060   16.12000000  0.20427509E-05  0.20331575E-06  0.90478020E-06   863.99999947   -23303.66687323
    8070   16.14000000  0.20882040E-05  0.24546147E-06  0.96655100E-06   863.99999947   -23303.66687307
    8080   16.16000000  0.21283116E-05  0.28872346E-06  0.10229969E-05   863.99999947   -23303.66687292
    8090   16.18000000  0.21627023E-05  0.33342379E-06  0.10737752E-05   863.99999946   -23303.66687276
    8100   16.20000000  0.21911150E-05  0.37980762E-06  0.11186760E-05   863.99999946   -23303.66687261
    8110   16.22000000  0.22133840E-05  0.42802826E-06  0.11576056E-05   863.99999946   -23303.66687245
    8120   16.24000000  0.22294254E-05  0.47811956E-06  0.11905643E-05   863.99999946   -23303.66687229
    8130   16.26000000  0.22392259E-05  0.52998322E-06  0.12176245E-05   863.99999946   -23303.66687214
    8140   16.28000000  0.22428327E-05  0.58338507E-06  0.12389031E-05   863.99999946   -23303.66687198
    8150   16.30000000  0.22403478E-05  0.63794937E-06  0.12545442E-05   863.99999946   -23303.66687182
    8160   16.32000000  0.22319119E-05  0.69316900E-06  0.12646980E-05   863.99999946   -23303.66687166
    8170   16.34000000  0.22177036E-05  0.74841490E-06  0.12695012E-05   863.99999946   -23303.66687150
    8180   16.36000000  0.21979361E-05  0.80295357E-06  0.12690686E-05   863.99999946   -23303.66687134
    8190   16.38000000  0.21728492E-05  0.85596744E-06  0.12634850E-05   863.99999946   -23303.66687119
    8200   16.40000000  0.21427104E-05  0.90657623E-06  0.12528019E-05   863.99999946   -23303.66687103
    8210   16.42000000  0.21078139E-05  0.95386777E-06  0.12370376E-05   863.99999946   -23303.66687087
    8220   16.44000000  0.20684854E-05  0.99692281E-06  0.12161842E-05   863.99999946   -23303.66687072
    8230   16.46000000  0.20250883E-05  0.10348398E-05  0.11902213E-05   863.99999946   -23303.66687056
    8240   16.48000000  0.19780271E-05  0.10667637E-05  0.11591259E-05   863.99999945   -23303.66687041
    8250   16.50000000  0.19277542E-05  0.10919070E-05  0.11228899E-05   863.99999945   -23303.66687026
    8260   16.52000000  0.18747729E-05  0.11095761E-05  0.10815394E-05   863.99999945   -23303.66687011
    8270   16.54000000  0.18196365E-05  0.11191973E-05  0.10351453E-05   863.99999945   -23303.66686996
    8280   16.56000000  0.17629475E-05  0.11203310E-05  0.98384663E-06   863.99999945   -23303.66686981
    8290   16.58000000  0.17053535E-05  0.11126918E-05  0.92786235E-06   863.99999945   -23303.66686966
    8300   16.60000000  0.16475385E-05  0.10961545E-05  0.86750855E-06   863.99999945   -23303.66686951
    8310   16.62000000  0.15902222E-05  0.10707590E-05  0.80319836E-06   863.99999945   -23303.66686936
    8320   16.64000000  0.15341556E-05  0.10367116E-05  0.73544041E-06   863.99999945   -23303.66686921
    8330   16.66000000  0.14801025E-05  0.99438399E-06  0.66484245E-06   863.99999945   -23303.66686906
    8340   16.68000000  0.14288279E-05  0.94430300E-06  0.59210309E-06   863.99999945   -23303.66686891
    8350   16.70000000  0.13810841E-05  0.88713397E-06  0.51800725E-06   863.99999945   -23303.66686877
    8360   16.72000000  0.13375854E-05  0.82365972E-06  0.44340847E-06   863.99999945   -23303.66686862
    8370   16.74000000  0.12989983E-05  0.75477034E-06  0.36921593E-06   863.99999945   -23303.66686847
    8380   16.76000000  0.12659198E-05  0.68144028E-06  0.29637649E-06   863.99999945   -23303.66686833
    8390   16.78000000  0.12388639E-05  0.60470112E-06  0.22585822E-06   863.99999944   -23303.66686818
    8400   16.80000000  0.12182561E-05  0.52561987E-06  0.15863900E-06   863.99999944   -23303.66686803
    8410   16.82000000  0.12044173E-05  0.44527337E-06  0.95688240E-07   863.99999944   -23303.66686789
    8420   16.84000000  0.11975553E-05  0.36472317E-06  0.37945349E-07   863.99999944   -23303.66686774
    8430   16.86000000  0.11977620E-05  0.28499943E-06 -0.13694354E-07   863.99999944   -23303.66686759
    8440   16.88000000  0.12050081E-05  0.20708681E-06 -0.58401812E-07   863.99999944   -23303.66686744
    8450   16.90000000  0.12191364E-05  0.13190424E-06 -0.95425757E-07   863.99999944   -23303.66686729
    8460   16.92000000  0.12398601E-05  0.60289337E-07 -0.12410835E-06   863.99999944   -23303.66686714
    8470   16.94000000  0.12667657E-05 -0.70082853E-08 -0.14390382E-06   863.99999944   -23303.66686698
    8480   16.96000000  0.12993121E-05 -0.69341710E-07 -0.15439555E-06   863.99999944   -23303.66686683
    8490   16.98000000  0.13368298E-05 -0.12617849E-06 -0.15531059E-06   863.99999944   -23303.66686667
    8500   17.00000000  0.13785388E-05 -0.17710970E-06 -0.14653118E-06   863.99999944   -23303.66686651
    8510   17.02000000  0.14235516E-05 -0.22186454E-06 -0.12810702E-06   863.99999944   -23303.66686635
    8520   17.04000000  0.14708859E-05 -0.26031040E-06 -0.10026517E-06   863.99999944   -23303.66686619
    8530   17.06000000  0.15194927E-05 -0.29244704E-06 -0.63411703E-07   863.99999943   -23303.66686603
    8540   17.08000000  0.15682703E-05 -0.31840524E-06 -0.18128859E-07   863.99999943   -23303.66686587
    8550   17.10000000  0.16160929E-05 -0.33843749E-06  0.34838771E-07   863.99999943   -23303.66686571
    8560   17.12000000  0.16618412E-05 -0.35290631E-06  0.94600931E-07   863.99999943   -23303.66686556
    8570   17.14000000  0.17044268E-05 -0.36226745E-06  0.16014165E-06   863.99999943   -23303.66686540
    8580   17.16000000  0.17428160E-05 -0.36705006E-06  0.23034562E-06   863.99999943   -23303.66686524
    8590   17.18000000  0.17760634E-05 -0.36783559E-06  0.30402873E-06   863.99999943   -23303.66686509
    8600   17.20000000  0.18033408E-05 -0.36523307E-06  0.37996040E-06   863.99999943   -23303.66686493
    8610   17.22000000  0.18239544E-05 -0.35985617E-06  0.45689935E-06   863.99999943   -23303.66686478
    8620   17.24000000  0.18373623E-05 -0.35229226E-06  0.53362189E-06   863.99999943   -23303.66686462
    8630   17.26000000  0.18431939E-05 -0.34308158E-06  0.60894234E-06   863.99999943   -23303.66686447
    8640   17.28000000  0.18412535E-05 -0.33270344E-06  0.68172876E-06   863.99999943   -23303.66686431
    8650   17.30000000  0.18315281E-05 -0.32155311E-06  0.75092399E-06   863.99999943   -23303.66686416
    8660   17.32000000  0.18141901E-05 -0.30993693E-06  0.81555450E-06   863.99999943   -23303.66686401
    8670   17.34000000  0.17895827E-05 -0.29807176E-06  0.87474042E-06   863.99999943   -23303.66686386
    8680   17.36000000  0.17582055E-05 -0.28608572E-06  0.92770092E-06   863.99999942   -23303.66686370
    8690   17.38000000  0.17206984E-05 -0.27402248E-06  0.97376428E-06   863.99999942   -23303.66686355
    8700   17.40000000  0.16778200E-05 -0.26185709E-06  0.10123710E-05   863.99999942   -23303.66686340
    8710   17.42000000  0.16304207E-05 -0.24950324E-06  0.10430822E-05   863.99999942   -23303.66686325
    8720   17.44000000  0.15794274E-05 -0.23682875E-06  0.10655828E-05   863.99999942   -23303.66686310
    8730   17.46000000  0.15258159E-05 -0.22368386E-06  0.10796878E-05   863.99999942   -23303.66686294
    8740   17.48000000  0.14705834E-05 -0.20992106E-06  0.10853487E-05   863.99999942   -23303.66686279
    8750   17.50000000  0.14147234E-05 -0.19540916E-06  0.10826594E-05   863.99999942   -23303.66686264
    8760   17.52000000  0.13592064E-05 -0.18005053E-06  0.10718558E-05   863.99999942   -23303.66686249
    8770   17.54000000  0.13049617E-05 -0.16379624E-06  0.10533224E-05   863.99999942   -23303.66686233
    8780   17.56000000  0.12528628E-05 -0.14665457E-06  0.10275849E-05   863.99999942   -23303.66686218
    8790   17.58000000  0.12037104E-05 -0.12869831E-06  0.99530543E-06   863.99999942   -23303.66686202
    8800   17.60000000  0.11582253E-05 -0.11006923E-06  0.95727625E-06   863.99999942   -23303.66686186
    8810   17.62000000  0.11170402E-05 -0.90971069E-07  0.91439912E-06   863.99999942   -23303.66686170
    8820   17.64000000  0.10806962E-05 -0.71667157E-07  0.86767259E-06   863.99999941   -23303.66686154
    8830   17.66000000  0.10496401E-05 -0.52467861E-07  0.81816206E-06   863.99999941   -23303.66686138
    8840   17.68000000  0.10242204E-05 -0.33718692E-07  0.76696139E-06   863.99999941   -23303.66686122
    8850   17.70000000  0.10046873E-05 -0.15781084E-07  0.71516372E-06   863.99999941   -23303.66686105
    8860   17.72000000  0.99119305E-06  0.99515676E-09  0.66382601E-06   863.99999941   -23303.66686089
    8870   17.74000000  0.98379464E-06  0.16292805E-07  0.61393205E-06   863.99999941   -23303.66686073
    8880   17.76000000  0.98245059E-06  0.29848762E-07  0.56635556E-06   863.99999941   -23303.66686057
    8890   17.78000000  0.98702650E-06  0.41475577E-07  0.52183116E-06   863.99999941   -23303.66686042
    8900   17.80000000  0.99729414E-06  0.51084607E-07  0.48093079E-06   863.99999941   -23303.66686026
    8910   17.82000000  0.10129380E-05  0.58701186E-07  0.44404946E-06   863.99999941   -23303.66686011
    8920   17.84000000  0.10335607E-05  0.64476534E-07  0.41139989E-06   863.99999941   -23303.66685996
    8930   17.86000000  0.10586959E-05  0.68686395E-07  0.38301450E-06   863.99999941   -23303.66685981
    8940   17.88000000  0.10878191E-05  0.71731961E-07  0.35875285E-06   863.99999941   -23303.66685966
    8950   17.90000000  0.11203620E-05  0.74134497E-07  0.33832131E-06   863.99999941   -23303.66685951
    8960   17.92000000  0.11557337E-05  0.76522500E-07  0.32130003E-06   863.99999941   -23303.66685937
    8970   17.94000000  0.11933405E-05  0.79615911E-07  0.30716782E-06   863.99999940   -23303.66685922
    8980   17.96000000  0.12326037E-05  0.84198261E-07  0.29533284E-06   863.99999940   -23303.66685907
    8990   17.98000000  0.12729778E-05  0.91085836E-07  0.28516226E-06   863.99999940   -23303.66685893
    9000   18.00000000  0.13139711E-05  0.10109147E-06  0.27601503E-06   863.99999940   -23303.66685878
    9010   18.02000000  0.13551521E-05  0.11498776E-06  0.26727559E-06   863.99999940   -23303.66685863
    9020   18.04000000  0.13961552E-05  0.13346560E-06  0.25838004E-06   863.99999940   -23303.66685848
    9030   18.06000000  0.14366811E-05  0.15709830E-06  0.24883853E-06   863.99999940   -23303.66685832
    9040   18.08000000  0.14764958E-05  0.18631502E-06  0.23825616E-06   863.99999940   -23303.66685817
    9050   18.10000000  0.15154210E-05  0.22137126E-06  0.22634025E-06   863.99999940   -23303.66685802
    9060   18.12000000  0.15533215E-05  0.26232393E-06  0.21291393E-06   863.99999940   -23303.66685786
    9070   18.14000000  0.15900805E-05  0.30902394E-06  0.19792642E-06   863.99999940   -23303.66685771
    9080   18.16000000  0.16255818E-05  0.36112144E-06  0.18145040E-06   863.99999940   -23303.66685756
    9090   18.18000000  0.16596941E-05  0.41807240E-06  0.16367489E-06   863.99999940   -23303.66685741
    9100   18.20000000  0.16922588E-05  0.47915365E-06  0.14489888E-06   863.99999940   -23303.66685726
    9110   18.22000000  0.17230674E-05  0.54349068E-06  0.12551351E-06   863.99999940   -23303.66685711
    9120   18.24000000  0.17518516E-05  0.61007832E-06  0.10598563E-06   863.99999939   -23303.66685696
    9130   18.26000000  0.17782778E-05  0.67781255E-06  0.86835210E-07   863.99999939   -23303.66685681
    9140   18.28000000  0.18019401E-05  0.74552517E-06  0.68613358E-07   863.99999939   -23303.66685667
    9150   18.30000000  0.18223665E-05  0.81201733E-06  0.51876064E-07   863.99999939   -23303.66685652
    9160   18.32000000  0.18390221E-05  0.87609962E-06  0.37166470E-07   863.99999939   -23303.66685637
    9170   18.34000000  0.18513329E-05  0.93662339E-06  0.24984947E-07   863.99999939   -23303.66685622
    9180   18.36000000  0.18586954E-05  0.99250403E-06  0.15763510E-07   863.99999939   -23303.66685607
    9190   18.38000000  0.18605018E-05  0.10427423E-05  0.98444714E-08   863.99999939   -23303.66685592
    9200   18.40000000  0.18561666E-05  0.10864450E-05  0.74691617E-08   863.99999939   -23303.66685577
    9210   18.42000000  0.18451417E-05  0.11228321E-05  0.87586953E-08   863.99999939   -23303.66685562
    9220   18.44000000  0.18269419E-05  0.11512447E-05  0.13702320E-07   863.99999939   -23303.66685547
    9230   18.46000000  0.18011752E-05  0.11711504E-05  0.22158096E-07   863.99999939   -23303.66685532
    9240   18.48000000  0.17675553E-05  0.11821441E-05  0.33854396E-07   863.99999939   -23303.66685517
    9250   18.50000000  0.17259203E-05  0.11839445E-05  0.48396836E-07   863.99999939   -23303.66685502
    9260   18.52000000  0.16762437E-05  0.11763968E-05  0.65282495E-07   863.99999938   -23303.66685487
    9270   18.54000000  0.16186426E-05  0.11594699E-05  0.83923564E-07   863.99999938   -23303.66685472
    9280   18.56000000  0.15533840E-05  0.11332425E-05  0.10366624E-06   863.99999938   -23303.66685457
    9290   18.58000000  0.14808756E-05  0.10979057E-05  0.12382057E-06   863.99999938   -23303.66685442
    9300   18.60000000  0.14016613E-05  0.10537581E-05  0.14369792E-06   863.99999938   -23303.66685427
    9310   18.62000000  0.13164085E-05  0.10011984E-05  0.16263731E-06   863.99999938   -23303.66685411
    9320   18.64000000  0.12258935E-05  0.94071982E-06  0.18003456E-06   863.99999938   -23303.66685396
    9330   18.66000000  0.11309856E-05  0.87289604E-06  0.19537211E-06   863.99999938   -23303.66685381
    9340   18.68000000  0.10326369E-05  0.79837721E-06  0.20824494E-06   863.99999938   -23303.66685365
    9350   18.70000000  0.93186291E-06  0.71787561E-06  0.21837269E-06   863.99999938   -23303.66685350
    9360   18.72000000  0.82972797E-06  0.63214736E-06  0.22561594E-06   863.99999938   -23303.66685334
    9370   18.74000000  0.72733546E-06  0.54197685E-06  0.22997688E-06   863.99999938   -23303.66685318
    9380   18.76000000  0.62581306E-06  0.44816344E-06  0.23159790E-06   863.99999938   -23303.66685302
    9390   18.78000000  0.52630763E-06  0.35151130E-06  0.23074278E-06   863.99999938   -23303.66685287
    9400   18.80000000  0.42997163E-06  0.25281974E-06  0.22778462E-06   863.99999938   -23303.66685271
    9410   18.82000000  0.33795335E-06  0.15287687E-06  0.22318836E-06   863.99999937   -23303.66685255
    9420   18.84000000  0.25139007E-06  0.52459606E-07  0.21748409E-06   863.99999937   -23303.66685240
    9430   18.86000000  0.17139285E-06 -0.47662607E-07  0.21124031E-06   863.99999937   -23303.66685224
    9440   18.88000000  0.99031509E-07 -0.14673394E-06  0.20503742E-06   863.99999937   -23303.66685208
    9450   18.90000000  0.35315279E-07 -0.24400264E-06  0.19944606E-06   863.99999937   -23303.66685193
    9460   18.92000000 -0.18824571E-07 -0.33871183E-06  0.19500788E-06   863.99999937   -23303.66685178
    9470   18.94000000 -0.62551561E-07 -0.43009522E-06  0.19221878E-06   863.99999937   -23303.66685162
    9480   18.96000000 -0.95144778E-07 -0.51737915E-06  0.19151751E-06   863.99999937   -23303.66685147
    9490   18.98000000 -0.11601467E-06 -0.59978858E-06  0.19327616E-06   863.99999937   -23303.66685132
    9500   19.00000000 -0.12471687E-06 -0.67654567E-06  0.19779499E-06   863.99999937   -23303.66685117
    9510   19.02000000 -0.12097142E-06 -0.74689000E-06  0.20529870E-06   863.99999937   -23303.66685101
    9520   19.04000000 -0.10465915E-06 -0.81009255E-06  0.21594030E-06   863.99999937   -23303.66685086
    9530   19.06000000 -0.75831162E-07 -0.86547987E-06  0.22980774E-06   863.99999937   -23303.66685070
    9540   19.08000000 -0.34703223E-07 -0.91245647E-06  0.24691517E-06   863.99999937   -23303.66685055
    9550   19.10000000  0.18353414E-07 -0.95053193E-06  0.26720991E-06   863.99999937   -23303.66685039
    9560   19.12000000  0.82810630E-07 -0.97933526E-06  0.29057988E-06   863.99999936   -23303.66685024
    9570   19.14000000  0.15799524E-06 -0.99863471E-06  0.31685163E-06   863.99999936   -23303.66685008
    9580   19.16000000  0.24311017E-06 -0.10083445E-05  0.34579511E-06   863.99999936   -23303.66684992
    9590   19.18000000  0.33723818E-06 -0.10085315E-05  0.37712626E-06   863.99999936   -23303.66684977
    9600   19.20000000  0.43936018E-06 -0.99941287E-06  0.41050929E-06   863.99999936   -23303.66684961
    9610   19.22000000  0.54837225E-06 -0.98135590E-06  0.44556651E-06   863.99999936   -23303.66684945
    9620   19.24000000  0.66309649E-06 -0.95486618E-06  0.48188494E-06   863.99999936   -23303.66684930
    9630   19.26000000  0.78229657E-06 -0.92057528E-06  0.51902207E-06   863.99999936   -23303.66684914
    9640   19.28000000  0.90468760E-06 -0.87922317E-06  0.55651207E-06   863.99999936   -23303.66684899
    9650   19.30000000  0.10289487E-05 -0.83163404E-06  0.59387978E-06   863.99999936   -23303.66684883
    9660   19.32000000  0.11537395E-05 -0.77869199E-06  0.63064646E-06   863.99999936   -23303.66684868
    9670   19.34000000  0.12777090E-05 -0.72131968E-06  0.66634211E-06   863.99999936   -23303.66684852
    9680   19.36000000  0.13995011E-05 -0.66045125E-06  0.70051510E-06   863.99999936   -23303.66684837
    9690   19.38000000  0.15177669E-05 -0.59701031E-06  0.73273874E-06   863.99999936   -23303.66684821
    9700   19.40000000  0.16311860E-05 -0.53189156E-06  0.76262925E-06   863.99999935   -23303.66684806
    9710   19.42000000  0.17384778E-05 -0.46593641E-06  0.78985241E-06   863.99999935   -23303.66684790
    9720   19.44000000  0.18384163E-05 -0.39991373E-06  0.81413035E-06   863.99999935   -23303.66684774
    9730   19.46000000  0.19298491E-05 -0.33450557E-06  0.83524599E-06   863.99999935   -23303.66684758
    9740   19.48000000  0.20117148E-05 -0.27029334E-06  0.85304889E-06   863.99999935   -23303.66684743
    9750   19.50000000  0.20830613E-05 -0.20774367E-06  0.86744749E-06   863.99999935   -23303.66684727
    9760   19.52000000  0.21430626E-05 -0.14720005E-06  0.87840475E-06   863.99999935   -23303.66684711
    9770   19.54000000  0.21910325E-05 -0.88881206E-07  0.88593416E-06   863.99999935   -23303.66684695
    9780   19.56000000  0.22264365E-05 -0.32887618E-07  0.89008791E-06   863.99999935   -23303.66684679
    9790   19.58000000  0.22489011E-05  0.20792126E-07  0.89093949E-06   863.99999935   -23303.66684663
    9800   19.60000000  0.22582193E-05  0.72268196E-07  0.88857553E-06   863.99999935   -23303.66684647
    9810   19.62000000  0.22543531E-05  0.12173490E-06  0.88308026E-06   863.99999935   -23303.66684631
    9820   19.64000000  0.22374292E-05  0.16944916E-06  0.87451928E-06   863.99999935   -23303.66684615
    9830   19.66000000  0.22077310E-05  0.21571083E-06  0.86293433E-06   863.99999935   -23303.66684599
    9840   19.68000000  0.21656863E-05  0.26083931E-06  0.84832906E-06   863.99999935   -23303.66684584
    9850   19.70000000  0.21118606E-05  0.30515360E-06  0.83065724E-06   863.99999934   -23303.66684568
    9860   19.72000000  0.20469419E-05  0.34894733E-06  0.80982450E-06   863.99999934   -23303.66684552
    9870   19.74000000  0.19717322E-05  0.39246019E-06  0.78568951E-06   863.99999934   -23303.66684537
    9880   19.76000000  0.18871385E-05  0.43587114E-06  0.75807424E-06   863.99999934   -23303.66684522
    9890   19.78000000  0.17941563E-05  0.47928032E-06  0.72676953E-06   863.99999934   -23303.66684506
    9900   19.80000000  0.16938483E-05  0.52268878E-06  0.69154871E-06   863.99999934   -23303.66684491
    9910   19.82000000  0.15873354E-05  0.56598468E-06  0.65219601E-06   863.99999934   -23303.66684476
    9920   19.84000000  0.14757822E-05  0.60894237E-06  0.60852357E-06   863.99999934   -23303.66684461
    9930   19.86000000  0.13603819E-05  0.65122653E-06  0.56038949E-06   863.99999934   -23303.66684446
    9940   19.88000000  0.12423438E-05  0.69239435E-06  0.50771579E-06   863.99999934   -23303.66684431
    9950   19.90000000  0.11228782E-05  0.73191422E-06  0.45051769E-06   863.99999934   -23303.66684416
    9960   19.92000000  0.10031797E-05  0.76918372E-06  0.38891767E-06   863.99999934   -23303.66684401
    9970   19.94000000  0.88442191E-06  0.80355189E-06  0.32315758E-06   863.99999934   -23303.66684386
    9980   19.96000000  0.76774364E-06  0.83433721E-06  0.25360454E-06   863.99999934   -23303.66684372
    9990   19.98000000  0.65423648E-06  0.86085924E-06  0.18075417E-06   863.99999934   -23303.66684357
   10000   20.00000000  0.54493955E-06  0.88246268E-06  0.10523313E-06   863.99999933   -23303.66684342
   10010   20.02000000  0.44083263E-06  0.89854261E-06  0.27792427E-07   863.99999933   -23303.66684327
   10020   20.04000000  0.34282750E-06  0.90856520E-06 -0.50707121E-07   863.99999933   -23303.66684312
   10030   20.06000000  0.25176329E-06  0.91208052E-06 -0.12931311E-06   863.99999933   -23303.66684297
   10040   20.08000000  0.16840238E-06  0.90873492E-06 -0.20700552E-06   863.99999933   -23303.66684281
   10050   20.10000000  0.93431024E-07  0.89828013E-06 -0.28271344E-06   863.99999933   -23303.66684266
   10060   20.12000000  0.27457304E-07  0.88057747E-06 -0.35533407E-06   863.99999933   -23303.66684251
   10070   20.14000000 -0.28995569E-07  0.85559600E-06 -0.42375150E-06   863.99999933   -23303.66684235
   10080   20.16000000 -0.75482632E-07  0.82341439E-06 -0.48686204E-06   863.99999933   -23303.66684220
   10090   20.18000000 -0.11164663E-06  0.78421675E-06 -0.54358930E-06   863.99999933   -23303.66684204
   10100   20.20000000 -0.13721641E-06  0.73828858E-06 -0.59288944E-06   863.99999933   -23303.66684189
   10110   20.22000000 -0.15201438E-06  0.68601111E-06 -0.63376998E-06   863.99999933   -23303.66684174
   10120   20.24000000 -0.15595340E-06  0.62785615E-06 -0.66530853E-06   863.99999933   -23303.66684159
   10130   20.26000000 -0.14904013E-06  0.56437651E-06 -0.68666371E-06   863.99999933   -23303.66684144
   10140   20.28000000 -0.13137417E-06  0.49620708E-06 -0.69708552E-06   863.99999932   -23303.66684129
   10150   20.30000000 -0.10315411E-06  0.42405333E-06 -0.69593079E-06   863.99999932   -23303.66684114
   10160   20.32000000 -0.64688666E-07  0.34868983E-06 -0.68268183E-06   863.99999932   -23303.66684100
   10170   20.34000000 -0.16390305E-07  0.27095449E-06 -0.65696208E-06   863.99999932   -23303.66684085
   10180   20.36000000  0.41221361E-07  0.19173663E-06 -0.61855901E-06   863.99999932   -23303.66684070
   10190   20.38000000  0.10751493E-06  0.11197142E-06 -0.56744380E-06   863.99999932   -23303.66684056
   10200   20.40000000  0.18174081E-06  0.32630943E-07 -0.50378145E-06   863.99999932   -23303.66684041
   10210   20.42000000  0.26303165E-06 -0.45286641E-07 -0.42793926E-06   863.99999932   -23303.66684027
   10220   20.44000000  0.35040841E-06 -0.12076647E-06 -0.34049588E-06   863.99999932   -23303.66684012
   10230   20.46000000  0.44278196E-06 -0.19279183E-06 -0.24224119E-06   863.99999932   -23303.66683998
   10240   20.48000000  0.53895401E-06 -0.26036913E-06 -0.13416725E-06   863.99999932   -23303.66683984
   10250   20.50000000  0.63763337E-06 -0.32254505E-06 -0.17455741E-07   863.99999932   -23303.66683969
   10260   20.52000000  0.73744985E-06 -0.37842678E-06  0.10654330E-06   863.99999932   -23303.66683955
   10270   20.54000000  0.83697743E-06 -0.42720892E-06  0.23633503E-06   863.99999932   -23303.66683940
   10280   20.56000000  0.93475560E-06 -0.46819577E-06  0.37031267E-06   863.99999932   -23303.66683926
   10290   20.58000000  0.10293141E-05 -0.50081680E-06  0.50679428E-06   863.99999931   -23303.66683911
   10300   20.60000000  0.11192049E-05 -0.52465178E-06  0.64405437E-06   863.99999931   -23303.66683896
   10310   20.62000000  0.12030317E-05 -0.53944830E-06  0.78036261E-06   863.99999931   -23303.66683881
   10320   20.64000000  0.12794765E-05 -0.54512717E-06  0.91402231E-06   863.99999931   -23303.66683866
   10330   20.66000000  0.13473323E-05 -0.54179848E-06  0.10433976E-05   863.99999931   -23303.66683851
   10340   20.68000000  0.14055245E-05 -0.52976349E-06  0.11669476E-05   863.99999931   -23303.66683836
   10350   20.70000000  0.14531314E-05 -0.50950838E-06  0.12832473E-05   863.99999931   -23303.66683820
   10360   20.72000000  0.14894039E-05 -0.48169904E-06  0.13910117E-05   863.99999931   -23303.66683805
   10370   20.74000000  0.15137771E-05 -0.44716923E-06  0.14891087E-05   863.99999931   -23303.66683789
   10380   20.76000000  0.15258811E-05 -0.40690704E-06  0.15765580E-05   863.99999931   -23303.66683774
   10390   20.78000000  0.15255486E-05 -0.36202537E-06  0.16525364E-05   863.99999931   -23303.66683759
   10400   20.80000000  0.15128220E-05 -0.31373185E-06  0.17163806E-05   863.99999931   -23303.66683743
   10410   20.82000000  0.14879526E-05 -0.26329979E-06  0.17675834E-05   863.99999931   -23303.66683728
   10420   20.84000000  0.14513965E-05 -0.21203384E-06  0.18057835E-05   863.99999931   -23303.66683713
   10430   20.86000000  0.14038070E-05 -0.16123748E-06  0.18307558E-05   863.99999931   -23303.66683698
   10440   20.88000000  0.13460292E-05 -0.11217205E-06  0.18424071E-05   863.99999930   -23303.66683683
   10450   20.90000000  0.12790827E-05 -0.66018823E-07  0.18407662E-05   863.99999930   -23303.66683668
   10460   20.92000000  0.12041365E-05 -0.23849258E-07  0.18259718E-05   863.99999930   -23303.66683653
   10470   20.94000000  0.11224929E-05  0.13409670E-07  0.17982685E-05   863.99999930   -23303.66683638
   10480   20.96000000  0.10355601E-05  0.45006109E-07  0.17579984E-05   863.99999930   -23303.66683624
   10490   20.98000000  0.94482472E-06  0.70373815E-07  0.17055993E-05   863.99999930   -23303.66683609
   10500   21.00000000  0.85182819E-06  0.89146817E-07  0.16415933E-05   863.99999930   -23303.66683594
   10510   21.02000000  0.75814401E-06  0.10116653E-06  0.15665861E-05   863.99999930   -23303.66683579
   10520   21.04000000  0.66534225E-06  0.10648147E-06  0.14812665E-05   863.99999930   -23303.66683564
   10530   21.06000000  0.57495804E-06  0.10533645E-06  0.13864010E-05   863.99999930   -23303.66683549
   10540   21.08000000  0.48846631E-06  0.98159216E-07  0.12828359E-05   863.99999930   -23303.66683534
   10550   21.10000000  0.40725543E-06  0.85537747E-07  0.11714970E-05   863.99999930   -23303.66683519
   10560   21.12000000  0.33260680E-06  0.68194154E-07  0.10533874E-05   863.99999930   -23303.66683504
   10570   21.14000000  0.26567415E-06  0.46959560E-07  0.92958748E-06   863.99999930   -23303.66683490
   10580   21.16000000  0.20746000E-06  0.22750411E-07  0.80125201E-06   863.99999929   -23303.66683476
   10590   21.18000000  0.15880028E-06 -0.34607649E-08  0.66959810E-06   863.99999929   -23303.66683461
   10600   21.20000000  0.12034592E-06 -0.30673708E-07  0.53589995E-06   863.99999929   -23303.66683447
   10610   21.22000000  0.92557824E-07 -0.57881174E-07  0.40147748E-06   863.99999929   -23303.66683433
   10620   21.24000000  0.75702455E-07 -0.84094693E-07  0.26768411E-06   863.99999929   -23303.66683419
   10630   21.26000000  0.69848223E-07 -0.10836613E-06  0.13588371E-06   863.99999929   -23303.66683404
   10640   21.28000000  0.74867565E-07 -0.12980324E-06  0.74220380E-08   863.99999929   -23303.66683390
   10650   21.30000000  0.90443626E-07 -0.14759725E-06 -0.11639877E-06   863.99999929   -23303.66683376
   10660   21.32000000  0.11607953E-06 -0.16103449E-06 -0.23433856E-06   863.99999929   -23303.66683362
   10670   21.34000000  0.15111119E-06 -0.16951124E-06 -0.34524387E-06   863.99999929   -23303.66683348
   10680   21.36000000  0.19472692E-06 -0.17255013E-06 -0.44807281E-06   863.99999929   -23303.66683334
   10690   21.38000000  0.24598643E-06 -0.16981140E-06 -0.54191260E-06   863.99999929   -23303.66683319
   10700   21.40000000  0.30383720E-06 -0.16110395E-06 -0.62599080E-06   863.99999929   -23303.66683305
   10710   21.42000000  0.36713810E-06 -0.14638280E-06 -0.69967717E-06   863.99999929   -23303.66683291
   10720   21.44000000  0.43469741E-06 -0.12575173E-06 -0.76248214E-06   863.99999929   -23303.66683277
   10730   21.46000000  0.50529685E-06 -0.99459631E-07 -0.81405552E-06   863.99999928   -23303.66683262
   10740   21.48000000  0.57772003E-06 -0.67896345E-07 -0.85417648E-06   863.99999928   -23303.66683248
   10750   21.50000000  0.65077803E-06 -0.31588026E-07 -0.88274238E-06   863.99999928   -23303.66683234
   10760   21.52000000  0.72333596E-06  0.88194036E-08 -0.89975394E-06   863.99999928   -23303.66683219
   10770   21.54000000  0.79434540E-06  0.52570236E-07 -0.90530089E-06   863.99999928   -23303.66683204
   10780   21.56000000  0.86285915E-06  0.98817082E-07 -0.89955294E-06   863.99999928   -23303.66683190
   10790   21.58000000  0.92804725E-06  0.14663749E-06 -0.88275041E-06   863.99999928   -23303.66683175
   10800   21.60000000  0.98921364E-06  0.19505552E-06 -0.85519841E-06   863.99999928   -23303.66683160
   10810   21.62000000  0.10458029E-05  0.24306542E-06 -0.81726418E-06   863.99999928   -23303.66683145
   10820   21.64000000  0.10974074E-05  0.28964496E-06 -0.76937781E-06   863.99999928   -23303.66683130
   10830   21.66000000  0.11437652E-05  0.33378674E-06 -0.71203327E-06   863.99999928   -23303.66683116
   10840   21.68000000  0.11847543E-05  0.37452385E-06 -0.64579401E-06   863.99999928   -23303.66683101
   10850   21.70000000  0.12203825E-05  0.41094969E-06 -0.57130370E-06   863.99999928   -23303.66683086
   10860   21.72000000  0.12507715E-05  0.44225123E-06 -0.48928389E-06   863.99999928   -23303.66683072
   10870   21.74000000  0.12761427E-05  0.46772864E-06 -0.40054340E-06   863.99999927   -23303.66683057
   10880   21.76000000  0.12968059E-05  0.48681700E-06 -0.30598651E-06   863.99999927   -23303.66683043
   10890   21.78000000  0.13131432E-05  0.49910050E-06 -0.20660528E-06   863.99999927   -23303.66683029
   10900   21.80000000  0.13255912E-05  0.50432910E-06 -0.10347178E-06   863.99999927   -23303.66683015
   10910   21.82000000  0.13346206E-05  0.50241683E-06  0.22703012E-08   863.99999927   -23303.66683001
   10920   21.84000000  0.13407138E-05  0.49344856E-06  0.10941692E-06   863.99999927   -23303.66682986
   10930   21.86000000  0.13443439E-05  0.47767650E-06  0.21671913E-06   863.99999927   -23303.66682972
   10940   21.88000000  0.13459597E-05  0.45551136E-06  0.32289713E-06   863.99999927   -23303.66682958
   10950   21.90000000  0.13459658E-05  0.42751008E-06  0.42666843E-06   863.99999927   -23303.66682943
   10960   21.92000000  0.13447043E-05  0.39436157E-06  0.52677197E-06   863.99999927   -23303.66682929
   10970   21.94000000  0.13424399E-05  0.35686619E-06  0.62199264E-06   863.99999927   -23303.66682914
   10980   21.96000000  0.13393463E-05  0.31591159E-06  0.71119064E-06   863.99999927   -23303.66682900
   10990   21.98000000  0.13354953E-05  0.27244023E-06  0.79333396E-06   863.99999927   -23303.66682885
   11000   22.00000000  0.13308539E-05  0.22742498E-06  0.86751919E-06   863.99999927   -23303.66682871
   11010   22.02000000  0.13252799E-05  0.18184500E-06  0.93298522E-06   863.99999927   -23303.66682856
   11020   22.04000000  0.13185264E-05  0.13666037E-06  0.98912719E-06   863.99999926   -23303.66682842
   11030   22.06000000  0.13102586E-05  0.92793106E-07  0.10355065E-05   863.99999926   -23303.66682828
   11040   22.08000000  0.13000704E-05  0.51112286E-07  0.10718540E-05   863.99999926   -23303.66682813
   11050   22.10000000  0.12875044E-05  0.12422397E-07  0.10980614E-05   863.99999926   -23303.66682799
   11060   22.12000000  0.12720843E-05 -0.22544888E-07  0.11141751E-05   863.99999926   -23303.66682785
   11070   22.14000000  0.12533428E-05 -0.53138759E-07  0.11203879E-05   863.99999926   -23303.66682771
   11080   22.16000000  0.12308493E-05 -0.78791993E-07  0.11170176E-05   863.99999926   -23303.66682757
   11090   22.18000000  0.12042504E-05 -0.99025586E-07  0.11044978E-05   863.99999926   -23303.66682743
   11100   22.20000000  0.11733041E-05 -0.11344492E-06  0.10833655E-05   863.99999926   -23303.66682729
   11110   22.22000000  0.11379030E-05 -0.12173647E-06  0.10542453E-05   863.99999926   -23303.66682714
   11120   22.24000000  0.10980977E-05 -0.12367220E-06  0.10178334E-05   863.99999926   -23303.66682700
   11130   22.26000000  0.10541107E-05 -0.11911369E-06  0.97488561E-06   863.99999926   -23303.66682686
   11140   22.28000000  0.10063377E-05 -0.10800841E-06  0.92620171E-06   863.99999926   -23303.66682672
   11150   22.30000000  0.95535303E-06 -0.90392936E-07  0.87261150E-06   863.99999926   -23303.66682658
   11160   22.32000000  0.90187938E-06 -0.66394391E-07  0.81496636E-06   863.99999926   -23303.66682644
   11170   22.34000000  0.84676293E-06 -0.36235117E-07  0.75412886E-06   863.99999925   -23303.66682629
   11180   22.36000000  0.79094626E-06 -0.23166143E-09  0.69096146E-06   863.99999925   -23303.66682615
   11190   22.38000000  0.73543441E-06  0.41198190E-07  0.62631260E-06   863.99999925   -23303.66682600
   11200   22.40000000  0.68125048E-06  0.87533316E-07  0.56101084E-06   863.99999925   -23303.66682586
   11210   22.42000000  0.62939382E-06  0.13815004E-06  0.49585737E-06   863.99999925   -23303.66682571
   11220   22.44000000  0.58080854E-06  0.19232700E-06  0.43161231E-06   863.99999925   -23303.66682557
   11230   22.46000000  0.53634129E-06  0.24924827E-06  0.36898664E-06   863.99999925   -23303.66682542
   11240   22.48000000  0.49670904E-06  0.30801034E-06  0.30863873E-06   863.99999925   -23303.66682527
   11250   22.50000000  0.46248093E-06  0.36763511E-06  0.25116338E-06   863.99999925   -23303.66682512
   11260   22.52000000  0.43406979E-06  0.42708399E-06  0.19708344E-06   863.99999925   -23303.66682498
   11270   22.54000000  0.41173023E-06  0.48527979E-06  0.14684517E-06   863.99999925   -23303.66682483
   11280   22.56000000  0.39554783E-06  0.54112301E-06  0.10081393E-06   863.99999925   -23303.66682469
   11290   22.58000000  0.38546097E-06  0.59351280E-06  0.59281742E-07   863.99999925   -23303.66682454
   11300   22.60000000  0.38126896E-06  0.64136948E-06  0.22473141E-07   863.99999925   -23303.66682440
   11310   22.62000000  0.38264475E-06  0.68365959E-06 -0.94565984E-08   863.99999924   -23303.66682426
   11320   22.64000000  0.38915767E-06  0.71941368E-06 -0.36405105E-07   863.99999924   -23303.66682412
   11330   22.66000000  0.40029269E-06  0.74774930E-06 -0.58312200E-07   863.99999924   -23303.66682397
   11340   22.68000000  0.41546556E-06  0.76789314E-06 -0.75150121E-07   863.99999924   -23303.66682383
   11350   22.70000000  0.43404223E-06  0.77919954E-06 -0.86906046E-07   863.99999924   -23303.66682369
   11360   22.72000000  0.45535713E-06  0.78117216E-06 -0.93571893E-07   863.99999924   -23303.66682355
   11370   22.74000000  0.47873053E-06  0.77348257E-06 -0.95128890E-07   863.99999924   -23303.66682341
   11380   22.76000000  0.50348782E-06  0.75598163E-06 -0.91546420E-07   863.99999924   -23303.66682326
   11390   22.78000000  0.52897705E-06  0.72871138E-06 -0.82784594E-07   863.99999924   -23303.66682312
   11400   22.80000000  0.55458696E-06  0.69190923E-06 -0.68798258E-07   863.99999924   -23303.66682298
   11410   22.82000000  0.57976179E-06  0.64600615E-06 -0.49535495E-07   863.99999924   -23303.66682284
   11420   22.84000000  0.60401366E-06  0.59162413E-06 -0.24951617E-07   863.99999924   -23303.66682271
   11430   22.86000000  0.62693453E-06  0.52956374E-06  0.49860204E-08   863.99999924   -23303.66682257
   11440   22.88000000  0.64820550E-06  0.46078731E-06  0.40282740E-07   863.99999924   -23303.66682243
   11450   22.90000000  0.66759907E-06  0.38639789E-06  0.80897622E-07   863.99999924   -23303.66682229
   11460   22.92000000  0.68498119E-06  0.30761368E-06  0.12673242E-06   863.99999923   -23303.66682215
   11470   22.94000000  0.70030669E-06  0.22573642E-06  0.17762705E-06   863.99999923   -23303.66682202
   11480   22.96000000  0.71361065E-06  0.14212852E-06  0.23333945E-06   863.99999923   -23303.66682188
   11490   22.98000000  0.72500200E-06  0.58179032E-07  0.29353707E-06   863.99999923   -23303.66682174
   11500   23.00000000  0.73465133E-06 -0.24729647E-07  0.35779109E-06   863.99999923   -23303.66682160
   11510   23.02000000  0.74277529E-06 -0.10524662E-06  0.42557551E-06   863.99999923   -23303.66682147
   11520   23.04000000  0.74962766E-06 -0.18207752E-06  0.49626253E-06   863.99999923   -23303.66682133
   11530   23.06000000  0.75548617E-06 -0.25400930E-06  0.56912484E-06   863.99999923   -23303.66682119
   11540   23.08000000  0.76064166E-06 -0.31992829E-06  0.64333682E-06   863.99999923   -23303.66682105
   11550   23.10000000  0.76539558E-06 -0.37883504E-06  0.71798246E-06   863.99999923   -23303.66682091
   11560   23.12000000  0.77004206E-06 -0.42986024E-06  0.79206601E-06   863.99999923   -23303.66682077
   11570   23.14000000  0.77485947E-06 -0.47227846E-06  0.86452459E-06   863.99999923   -23303.66682062
   11580   23.16000000  0.78010419E-06 -0.50551290E-06  0.93424519E-06   863.99999923   -23303.66682048
   11590   23.18000000  0.78600523E-06 -0.52914609E-06  0.10000862E-05   863.99999923   -23303.66682033
   11600   23.20000000  0.79275861E-06 -0.54292372E-06  0.10608912E-05   863.99999923   -23303.66682018
   11610   23.22000000  0.80052645E-06 -0.54675535E-06  0.11155187E-05   863.99999922   -23303.66682003
   11620   23.24000000  0.80943165E-06 -0.54071672E-06  0.11628677E-05   863.99999922   -23303.66681988
   11630   23.26000000  0.81955493E-06 -0.52504941E-06  0.12019026E-05   863.99999922   -23303.66681973
   11640   23.28000000  0.83093524E-06 -0.50015567E-06  0.12316831E-05   863.99999922   -23303.66681958
   11650   23.30000000  0.84357227E-06 -0.46659292E-06  0.12513984E-05   863.99999922   -23303.66681943
   11660   23.32000000  0.85742584E-06 -0.42506464E-06  0.12603914E-05   863.99999922   -23303.66681928
   11670   23.34000000  0.87241852E-06 -0.37641381E-06  0.12581752E-05   863.99999922   -23303.66681913
   11680   23.36000000  0.88843595E-06 -0.32161003E-06  0.12444557E-05   863.99999922   -23303.66681898
   11690   23.38000000  0.90533601E-06 -0.26173318E-06  0.12191462E-05   863.99999922   -23303.66681884
   11700   23.40000000  0.92295510E-06 -0.19795496E-06  0.11823696E-05   863.99999922   -23303.66681869
   11710   23.42000000  0.94111458E-06 -0.13151924E-06  0.11344672E-05   863.99999922   -23303.66681855
   11720   23.44000000  0.95963070E-06 -0.63709697E-07  0.10759965E-05   863.99999922   -23303.66681841
   11730   23.46000000  0.97832120E-06  0.41731834E-08  0.10077166E-05   863.99999922   -23303.66681826
   11740   23.48000000  0.99701898E-06  0.70845208E-07  0.93058187E-06   863.99999922   -23303.66681812
   11750   23.50000000  0.10155729E-05  0.13506468E-06  0.84571550E-06   863.99999921   -23303.66681797
   11760   23.52000000  0.10338579E-05  0.19566319E-06  0.75438940E-06   863.99999921   -23303.66681782
   11770   23.54000000  0.10517804E-05  0.25157668E-06  0.65800095E-06   863.99999921   -23303.66681768
   11780   23.56000000  0.10692791E-05  0.30186734E-06  0.55803328E-06   863.99999921   -23303.66681753
   11790   23.58000000  0.10863219E-05  0.34575222E-06  0.45602561E-06   863.99999921   -23303.66681738
   11800   23.60000000  0.11029090E-05  0.38262141E-06  0.35354290E-06   863.99999921   -23303.66681723
   11810   23.62000000  0.11190680E-05  0.41204407E-06  0.25214006E-06   863.99999921   -23303.66681708
   11820   23.64000000  0.11348405E-05  0.43377556E-06  0.15332643E-06   863.99999921   -23303.66681693
   11830   23.66000000  0.11502718E-05  0.44776188E-06  0.58536093E-07   863.99999921   -23303.66681678
   11840   23.68000000  0.11654049E-05  0.45413477E-06 -0.30900242E-07   863.99999921   -23303.66681663
   11850   23.70000000  0.11802717E-05  0.45319804E-06 -0.11378783E-06   863.99999921   -23303.66681649
   11860   23.72000000  0.11948828E-05  0.44540195E-06 -0.18908104E-06   863.99999921   -23303.66681634
   11870   23.74000000  0.12092183E-05  0.43132841E-06 -0.25590100E-06   863.99999921   -23303.66681619
   11880   23.76000000  0.12232231E-05  0.41166251E-06 -0.31355242E-06   863.99999921   -23303.66681605
   11890   23.78000000  0.12368079E-05  0.38716594E-06 -0.36152631E-06   863.99999921   -23303.66681590
   11900   23.80000000  0.12498510E-05  0.35865462E-06 -0.39950566E-06   863.99999920   -23303.66681576
   11910   23.82000000  0.12622007E-05  0.32696557E-06 -0.42736061E-06   863.99999920   -23303.66681562
   11920   23.84000000  0.12736891E-05  0.29293533E-06 -0.44514011E-06   863.99999920   -23303.66681548
   11930   23.86000000  0.12841441E-05  0.25737568E-06 -0.45305653E-06   863.99999920   -23303.66681534
   11940   23.88000000  0.12934001E-05  0.22105270E-06 -0.45147272E-06   863.99999920   -23303.66681520
   11950   23.90000000  0.13013143E-05  0.18466883E-06 -0.44088842E-06   863.99999920   -23303.66681506
   11960   23.92000000  0.13077746E-05  0.14885266E-06 -0.42192159E-06   863.99999920   -23303.66681492
   11970   23.94000000  0.13127105E-05  0.11415221E-06 -0.39528569E-06   863.99999920   -23303.66681478
   11980   23.96000000  0.13161006E-05  0.81029810E-07 -0.36176420E-06   863.99999920   -23303.66681464
   11990   23.98000000  0.13179764E-05  0.49869783E-07 -0.32219253E-06   863.99999920   -23303.66681450
   12000   24.00000000  0.13184223E-05  0.20987813E-07 -0.27744603E-06   863.99999920   -23303.66681436
   12010   24.02000000  0.13175748E-05 -0.53699392E-08 -0.22841892E-06   863.99999920   -23303.66681422
   12020   24.04000000  0.13156099E-05 -0.29018515E-07 -0.17601143E-06   863.99999920   -23303.66681408
   12030   24.06000000  0.13127270E-05 -0.49821824E-07 -0.12111734E-06   863.99999920   -23303.66681394
   12040   24.08000000  0.13091285E-05 -0.67686276E-07 -0.64610795E-07   863.99999920   -23303.66681381
   12050   24.10000000  0.13049943E-05 -0.82556200E-07 -0.73336360E-08   863.99999919   -23303.66681367
   12060   24.12000000  0.13004645E-05 -0.94406164E-07  0.49907060E-07   863.99999919   -23303.66681353
   12070   24.14000000  0.12956183E-05 -0.10323847E-06  0.10635403E-06   863.99999919   -23303.66681339
   12080   24.16000000  0.12904523E-05 -0.10907815E-06  0.16131174E-06   863.99999919   -23303.66681325
   12090   24.18000000  0.12848698E-05 -0.11197031E-06  0.21415711E-06   863.99999919   -23303.66681311
   12100   24.20000000  0.12786735E-05 -0.11197111E-06  0.26434712E-06   863.99999919   -23303.66681297
   12110   24.22000000  0.12715607E-05 -0.10914361E-06  0.31143044E-06   863.99999919   -23303.66681283
   12120   24.24000000  0.12631352E-05 -0.10355039E-06  0.35505719E-06   863.99999919   -23303.66681269
   12130   24.26000000  0.12529220E-05 -0.95251959E-07  0.39498088E-06   863.99999919   -23303.66681255
   12140   24.28000000  0.12403872E-05 -0.84301993E-07  0.43106636E-06   863.99999919   -23303.66681241
   12150   24.30000000  0.12249690E-05 -0.70749975E-07  0.46329181E-06   863.99999919   -23303.66681226
   12160   24.32000000  0.12061118E-05 -0.54638615E-07  0.49174262E-06   863.99999919   -23303.66681212
   12170   24.34000000  0.11832926E-05 -0.36001762E-07  0.51660312E-06   863.99999919   -23303.66681198
   12180   24.36000000  0.11560579E-05 -0.14873996E-07  0.53814981E-06   863.99999919   -23303.66681183
   12190   24.38000000  0.11240534E-05  0.86965077E-08  0.55673465E-06   863.99999918   -23303.66681169
   12200   24.40000000  0.10870565E-05  0.34640970E-07  0.57275316E-06   863.99999918   -23303.66681154
   12210   24.42000000  0.10450012E-05  0.62860585E-07  0.58661995E-06   863.99999918   -23303.66681139
   12220   24.44000000  0.99799038E-06  0.93217280E-07  0.59874126E-06   863.99999918   -23303.66681125
   12230   24.46000000  0.94631497E-06  0.12552130E-06  0.60949197E-06   863.99999918   -23303.66681110
   12240   24.48000000  0.89045384E-06  0.15952626E-06  0.61919251E-06   863.99999918   -23303.66681095
   12250   24.50000000  0.83106730E-06  0.19492677E-06  0.62808900E-06   863.99999918   -23303.66681081
   12260   24.52000000  0.76898455E-06  0.23136074E-06  0.63633353E-06   863.99999918   -23303.66681066
   12270   24.54000000  0.70518509E-06  0.26842149E-06  0.64397679E-06   863.99999918   -23303.66681051
   12280   24.56000000  0.64076733E-06  0.30566106E-06  0.65097053E-06   863.99999918   -23303.66681037
   12290   24.58000000  0.57691432E-06  0.34259718E-06  0.65717187E-06   863.99999918   -23303.66681022
   12300   24.60000000  0.51486744E-06  0.37872332E-06  0.66234949E-06   863.99999918   -23303.66681008
   12310   24.62000000  0.45588353E-06  0.41352788E-06  0.66620414E-06   863.99999918   -23303.66680994
   12320   24.64000000  0.40120160E-06  0.44650430E-06  0.66838657E-06   863.99999918   -23303.66680979
   12330   24.66000000  0.35200516E-06  0.47716510E-06  0.66852791E-06   863.99999918   -23303.66680965
   12340   24.68000000  0.30938360E-06  0.50505766E-06  0.66626439E-06   863.99999917   -23303.66680951
   12350   24.70000000  0.27430432E-06  0.52978345E-06  0.66126022E-06   863.99999917   -23303.66680937
   12360   24.72000000  0.24758814E-06  0.55100877E-06  0.65323297E-06   863.99999917   -23303.66680922
   12370   24.74000000  0.22988411E-06  0.56847531E-06  0.64197710E-06   863.99999917   -23303.66680908
   12380   24.76000000  0.22166210E-06  0.58200668E-06  0.62737719E-06   863.99999917   -23303.66680894
   12390   24.78000000  0.22320114E-06  0.59152056E-06  0.60942111E-06   863.99999917   -23303.66680879
   12400   24.80000000  0.23458546E-06  0.59703065E-06  0.58820982E-06   863.99999917   -23303.66680864
   12410   24.82000000  0.25571548E-06  0.59864663E-06  0.56395279E-06   863.99999917   -23303.66680850
   12420   24.84000000  0.28631646E-06  0.59658010E-06  0.53697342E-06   863.99999917   -23303.66680835
   12430   24.86000000  0.32595173E-06  0.59114076E-06  0.50769321E-06   863.99999917   -23303.66680820
   12440   24.88000000  0.37403554E-06  0.58272927E-06  0.47662048E-06   863.99999917   -23303.66680804
   12450   24.90000000  0.42984956E-06  0.57182339E-06  0.44433540E-06   863.99999917   -23303.66680789
   12460   24.92000000  0.49256193E-06  0.55896372E-06  0.41146834E-06   863.99999917   -23303.66680774
   12470   24.94000000  0.56123576E-06  0.54474047E-06  0.37868193E-06   863.99999917   -23303.66680759
   12480   24.96000000  0.63484316E-06  0.52976082E-06  0.34664521E-06   863.99999916   -23303.66680744
   12490   24.98000000  0.71228402E-06  0.51463286E-06  0.31600826E-06   863.99999916   -23303.66680729
   12500   25.00000000  0.79239726E-06  0.49993354E-06  0.28738197E-06   863.99999916   -23303.66680714
   12510   25.02000000  0.87397541E-06  0.48618075E-06  0.26131594E-06   863.99999916   -23303.66680700
   12520   25.04000000  0.95578835E-06  0.47380897E-06  0.23828445E-06   863.99999916   -23303.66680685
   12530   25.06000000  0.10366025E-05  0.46314677E-06  0.21866672E-06   863.99999916   -23303.66680671
   12540   25.08000000  0.11152060E-05  0.45440053E-06  0.20272917E-06   863.99999916   -23303.66680657
   12550   25.10000000  0.11904210E-05  0.44764302E-06  0.19061729E-06   863.99999916   -23303.66680642
   12560   25.12000000  0.12611256E-05  0.44280678E-06  0.18234819E-06   863.99999916   -23303.66680628
   12570   25.14000000  0.13262758E-05  0.43968531E-06  0.17780675E-06   863.99999916   -23303.66680614
   12580   25.16000000  0.13849237E-05  0.43793858E-06  0.17674698E-06   863.99999916   -23303.66680599
   12590   25.18000000  0.14362377E-05  0.43710792E-06  0.17879682E-06   863.99999916   -23303.66680584
   12600   25.20000000  0.14795195E-05  0.43663309E-06  0.18347470E-06   863.99999916   -23303.66680569
   12610   25.22000000  0.15142192E-05  0.43587280E-06  0.19020666E-06   863.99999916   -23303.66680554
   12620   25.24000000  0.15399463E-05  0.43413302E-06  0.19834390E-06   863.99999916   -23303.66680539
   12630   25.26000000  0.15564767E-05  0.43069626E-06  0.20719159E-06   863.99999915   -23303.66680523
   12640   25.28000000  0.15637509E-05  0.42485233E-06  0.21602699E-06   863.99999915   -23303.66680508
   12650   25.30000000  0.15618730E-05  0.41592631E-06  0.22412501E-06   863.99999915   -23303.66680492
   12660   25.32000000  0.15511015E-05  0.40330380E-06  0.23079104E-06   863.99999915   -23303.66680476
   12670   25.34000000  0.15318376E-05  0.38645283E-06  0.23538947E-06   863.99999915   -23303.66680461
   12680   25.36000000  0.15046144E-05  0.36493856E-06  0.23736577E-06   863.99999915   -23303.66680445
   12690   25.38000000  0.14700835E-05  0.33843542E-06  0.23626174E-06   863.99999915   -23303.66680429
   12700   25.40000000  0.14290007E-05  0.30673652E-06  0.23173184E-06   863.99999915   -23303.66680414
   12710   25.42000000  0.13821998E-05  0.26976282E-06  0.22354867E-06   863.99999915   -23303.66680398
   12720   25.44000000  0.13305756E-05  0.22755594E-06  0.21161572E-06   863.99999915   -23303.66680383
   12730   25.46000000  0.12750675E-05  0.18027317E-06  0.19596723E-06   863.99999915   -23303.66680367
   12740   25.48000000  0.12166367E-05  0.12818310E-06  0.17676610E-06   863.99999915   -23303.66680352
   12750   25.50000000  0.11562521E-05  0.71651739E-07  0.15430236E-06   863.99999915   -23303.66680337
   12760   25.52000000  0.10948625E-05  0.11135426E-07  0.12899032E-06   863.99999915   -23303.66680321
   12770   25.54000000  0.10333782E-05 -0.52829815E-07  0.10135281E-06   863.99999915   -23303.66680306
   12780   25.56000000  0.97265956E-06 -0.11964167E-06  0.72003209E-07   863.99999914   -23303.66680290
   12790   25.58000000  0.91350031E-06 -0.18863824E-06  0.41635996E-07   863.99999914   -23303.66680275
   12800   25.60000000  0.85661253E-06 -0.25910868E-06  0.11008768E-07   863.99999914   -23303.66680259
   12810   25.62000000  0.80261534E-06 -0.33031151E-06 -0.19076445E-07   863.99999914   -23303.66680243
   12820   25.64000000  0.75203104E-06 -0.40149175E-06 -0.47794806E-07   863.99999914   -23303.66680227
   12830   25.66000000  0.70528020E-06 -0.47189193E-06 -0.74317885E-07   863.99999914   -23303.66680211
   12840   25.68000000  0.66267599E-06 -0.54076503E-06 -0.97839969E-07   863.99999914   -23303.66680195
   12850   25.70000000  0.62442847E-06 -0.60738437E-06 -0.11760426E-06   863.99999914   -23303.66680179
   12860   25.72000000  0.59064459E-06 -0.67105644E-06 -0.13292206E-06   863.99999914   -23303.66680162
   12870   25.74000000  0.56133342E-06 -0.73112695E-06 -0.14319415E-06   863.99999914   -23303.66680146
   12880   25.76000000  0.53641917E-06 -0.78698230E-06 -0.14793074E-06   863.99999914   -23303.66680129
   12890   25.78000000  0.51574859E-06 -0.83805045E-06 -0.14677017E-06   863.99999914   -23303.66680113
   12900   25.80000000  0.49910317E-06 -0.88379830E-06 -0.13948908E-06   863.99999914   -23303.66680097
   12910   25.82000000  0.48620409E-06 -0.92372393E-06 -0.12601300E-06   863.99999914   -23303.66680080
   12920   25.84000000  0.47672368E-06 -0.95735151E-06 -0.10641868E-06   863.99999913   -23303.66680064
   12930   25.86000000  0.47029486E-06 -0.98423460E-06 -0.80933015E-07   863.99999913   -23303.66680048
   12940   25.88000000  0.46652506E-06 -0.10039510E-05 -0.49931884E-07   863.99999913   -23303.66680033
   12950   25.90000000  0.46500995E-06 -0.10160978E-05 -0.13932739E-07   863.99999913   -23303.66680017
   12960   25.92000000  0.46534216E-06 -0.10202962E-05  0.26419168E-07   863.99999913   -23303.66680001
   12970   25.94000000  0.46712527E-06 -0.10161900E-05  0.70372181E-07   863.99999913   -23303.66679986
   12980   25.96000000  0.46998833E-06 -0.10034455E-05  0.11709354E-06   863.99999913   -23303.66679970
   12990   25.98000000  0.47359671E-06 -0.98176729E-06  0.16569556E-06   863.99999913   -23303.66679955
   13000   26.00000000  0.47766443E-06 -0.95090316E-06  0.21526184E-06   863.99999913   -23303.66679939
   13010   26.02000000  0.48196744E-06 -0.91065558E-06  0.26487089E-06   863.99999913   -23303.66679924
   13020   26.04000000  0.48634663E-06 -0.86090375E-06  0.31363109E-06   863.99999913   -23303.66679909
   13030   26.06000000  0.49072539E-06 -0.80162035E-06  0.36070225E-06   863.99999913   -23303.66679893
   13040   26.08000000  0.49511178E-06 -0.73288152E-06  0.40531395E-06   863.99999913   -23303.66679878
   13050   26.10000000  0.49959254E-06 -0.65489110E-06  0.44679060E-06   863.99999913   -23303.66679862
   13060   26.12000000  0.50433242E-06 -0.56799242E-06  0.48456865E-06   863.99999913   -23303.66679846
   13070   26.14000000  0.50957425E-06 -0.47267854E-06  0.51820691E-06   863.99999912   -23303.66679831
   13080   26.16000000  0.51562871E-06 -0.36959286E-06  0.54740049E-06   863.99999912   -23303.66679815
   13090   26.18000000  0.52286575E-06 -0.25953004E-06  0.57198659E-06   863.99999912   -23303.66679799
   13100   26.20000000  0.53170641E-06 -0.14343593E-06  0.59193916E-06   863.99999912   -23303.66679783
   13110   26.22000000  0.54260811E-06 -0.22399231E-07  0.60736283E-06   863.99999912   -23303.66679767
   13120   26.24000000  0.55604816E-06  0.10235575E-06  0.61848948E-06   863.99999912   -23303.66679752
   13130   26.26000000  0.57251092E-06  0.22948658E-06  0.62566661E-06   863.99999912   -23303.66679736
   13140   26.28000000  0.59247525E-06  0.35755196E-06  0.62933936E-06   863.99999912   -23303.66679720
   13150   26.30000000  0.61639424E-06  0.48502962E-06  0.63003376E-06   863.99999912   -23303.66679705
   13160   26.32000000  0.64467347E-06  0.61034320E-06  0.62833314E-06   863.99999912   -23303.66679690
   13170   26.34000000  0.67765121E-06  0.73188251E-06  0.62484826E-06   863.99999912   -23303.66679675
   13180   26.36000000  0.71557563E-06  0.84803375E-06  0.62019839E-06   863.99999912   -23303.66679659
   13190   26.38000000  0.75859411E-06  0.95721216E-06  0.61499350E-06   863.99999912   -23303.66679644
   13200   26.40000000  0.80673639E-06  0.10578926E-05  0.60980864E-06   863.99999912   -23303.66679630
   13210   26.42000000  0.85989962E-06  0.11486480E-05  0.60516531E-06   863.99999912   -23303.66679615
   13220   26.44000000  0.91783720E-06  0.12281745E-05  0.60152286E-06   863.99999911   -23303.66679600
   13230   26.46000000  0.98014881E-06  0.12953164E-05  0.59926047E-06   863.99999911   -23303.66679585
   13240   26.48000000  0.10462783E-05  0.13490912E-05  0.59866211E-06   863.99999911   -23303.66679570
   13250   26.50000000  0.11155194E-05  0.13887164E-05  0.59991380E-06   863.99999911   -23303.66679555
   13260   26.52000000  0.11870217E-05  0.14136211E-05  0.60309223E-06   863.99999911   -23303.66679540
   13270   26.54000000  0.12597942E-05  0.14234479E-05  0.60815458E-06   863.99999911   -23303.66679525
   13280   26.56000000  0.13327289E-05  0.14180530E-05  0.61493680E-06   863.99999911   -23303.66679510
   13290   26.58000000  0.14046228E-05  0.13975060E-05  0.62315679E-06   863.99999911   -23303.66679496
   13300   26.60000000  0.14742155E-05  0.13620881E-05  0.63242071E-06   863.99999911   -23303.66679481
   13310   26.62000000  0.15402181E-05  0.13122821E-05  0.64222970E-06   863.99999911   -23303.66679466
   13320   26.64000000  0.16013518E-05  0.12487506E-05  0.65199130E-06   863.99999911   -23303.66679451
   13330   26.66000000  0.16563849E-05  0.11723220E-05  0.66103245E-06   863.99999911   -23303.66679436
   13340   26.68000000  0.17041746E-05  0.10839818E-05  0.66862371E-06   863.99999911   -23303.66679421
   13350   26.70000000  0.17437051E-05  0.98485932E-06  0.67400462E-06   863.99999911   -23303.66679407
   13360   26.72000000  0.17741177E-05  0.87620710E-06  0.67641793E-06   863.99999910   -23303.66679392
   13370   26.74000000  0.17947417E-05  0.75939272E-06  0.67513650E-06   863.99999910   -23303.66679377
   13380   26.76000000  0.18051155E-05  0.63588531E-06  0.66949596E-06   863.99999910   -23303.66679362
   13390   26.78000000  0.18050008E-05  0.50723367E-06  0.65893321E-06   863.99999910   -23303.66679347
   13400   26.80000000  0.17943936E-05  0.37505265E-06  0.64300985E-06   863.99999910   -23303.66679332
   13410   26.82000000  0.17735264E-05  0.24100967E-06  0.62143583E-06   863.99999910   -23303.66679317
   13420   26.84000000  0.17428509E-05  0.10681110E-06  0.59409351E-06   863.99999910   -23303.66679302
   13430   26.86000000  0.17030161E-05 -0.25819934E-07  0.56104967E-06   863.99999910   -23303.66679287
   13440   26.88000000  0.16548362E-05 -0.15516212E-06  0.52256057E-06   863.99999910   -23303.66679272
   13450   26.90000000  0.15992629E-05 -0.27952398E-06  0.47905887E-06   863.99999910   -23303.66679258
   13460   26.92000000  0.15373507E-05 -0.39727006E-06  0.43114712E-06   863.99999910   -23303.66679243
   13470   26.94000000  0.14702135E-05 -0.50684807E-06  0.37957936E-06   863.99999910   -23303.66679228
   13480   26.96000000  0.13989923E-05 -0.60680917E-06  0.32523149E-06   863.99999910   -23303.66679214
   13490   26.98000000  0.13248270E-05 -0.69583663E-06  0.26906983E-06   863.99999910   -23303.66679200
   13500   27.00000000  0.12488274E-05 -0.77276962E-06  0.21211634E-06   863.99999910   -23303.66679185
   13510   27.02000000  0.11720442E-05 -0.83661636E-06  0.15540884E-06   863.99999909   -23303.66679171
   13520   27.04000000  0.10954493E-05 -0.88657224E-06  0.99964455E-07   863.99999909   -23303.66679157
   13530   27.06000000  0.10199266E-05 -0.92203719E-06  0.46744935E-07   863.99999909   -23303.66679143
   13540   27.08000000  0.94626431E-06 -0.94262215E-06 -0.33768786E-08   863.99999909   -23303.66679129
   13550   27.10000000  0.87515428E-06 -0.94815642E-06 -0.49645494E-07   863.99999909   -23303.66679115
   13560   27.12000000  0.80719665E-06 -0.93869491E-06 -0.91441924E-07   863.99999909   -23303.66679101
   13570   27.14000000  0.74290726E-06 -0.91452373E-06 -0.12830295E-06   863.99999909   -23303.66679086
   13580   27.16000000  0.68272457E-06 -0.87615169E-06 -0.15992705E-06   863.99999909   -23303.66679072
   13590   27.18000000  0.62701669E-06 -0.82430315E-06 -0.18617122E-06   863.99999909   -23303.66679057
   13600   27.20000000  0.57609196E-06 -0.75991441E-06 -0.20704298E-06   863.99999909   -23303.66679042
   13610   27.22000000  0.53020895E-06 -0.68411448E-06 -0.22268847E-06   863.99999909   -23303.66679027
   13620   27.24000000  0.48957446E-06 -0.59821131E-06 -0.23338121E-06   863.99999909   -23303.66679012
   13630   27.26000000  0.45434603E-06 -0.50366985E-06 -0.23949088E-06   863.99999909   -23303.66678996
   13640   27.28000000  0.42462647E-06 -0.40209051E-06 -0.24146097E-06   863.99999909   -23303.66678981
   13650   27.30000000  0.40046545E-06 -0.29517764E-06 -0.23978417E-06   863.99999909   -23303.66678965
   13660   27.32000000  0.38185819E-06 -0.18471121E-06 -0.23497249E-06   863.99999908   -23303.66678949
   13670   27.34000000  0.36874012E-06 -0.72516495E-07 -0.22753444E-06   863.99999908   -23303.66678934
   13680   27.36000000  0.36098677E-06  0.39574363E-07 -0.21795678E-06   863.99999908   -23303.66678918
   13690   27.38000000  0.35842131E-06  0.14974802E-06 -0.20668892E-06   863.99999908   -23303.66678902
   13700   27.40000000  0.36081486E-06  0.25624948E-06 -0.19413077E-06   863.99999908   -23303.66678887
   13710   27.42000000  0.36789183E-06  0.35741747E-06 -0.18062169E-06   863.99999908   -23303.66678872
   13720   27.44000000  0.37933812E-06  0.45171279E-06 -0.16643590E-06   863.99999908   -23303.66678856
   13730   27.46000000  0.39480780E-06  0.53774192E-06 -0.15178311E-06   863.99999908   -23303.66678841
   13740   27.48000000  0.41393775E-06  0.61428307E-06 -0.13680999E-06   863.99999908   -23303.66678826
   13750   27.50000000  0.43635879E-06  0.68030452E-06 -0.12159947E-06   863.99999908   -23303.66678811
   13760   27.52000000  0.46170897E-06  0.73497496E-06 -0.10617677E-06   863.99999908   -23303.66678796
   13770   27.54000000  0.48964231E-06  0.77767864E-06 -0.90516069E-07   863.99999908   -23303.66678781
   13780   27.56000000  0.51983967E-06  0.80801738E-06 -0.74543337E-07   863.99999908   -23303.66678766
   13790   27.58000000  0.55201601E-06  0.82581079E-06 -0.58142168E-07   863.99999908   -23303.66678751
   13800   27.60000000  0.58592189E-06  0.83109515E-06 -0.41158822E-07   863.99999907   -23303.66678736
   13810   27.62000000  0.62134416E-06  0.82411416E-06 -0.23404449E-07   863.99999907   -23303.66678721
   13820   27.64000000  0.65809660E-06  0.80530793E-06 -0.46583974E-08   863.99999907   -23303.66678706
   13830   27.66000000  0.69601339E-06  0.77529949E-06  0.15327161E-07   863.99999907   -23303.66678690
   13840   27.68000000  0.73493220E-06  0.73487661E-06  0.36820875E-07   863.99999907   -23303.66678675
   13850   27.70000000  0.77469036E-06  0.68496583E-06  0.60104222E-07   863.99999907   -23303.66678660
   13860   27.72000000  0.81511228E-06  0.62660988E-06  0.85455002E-07   863.99999907   -23303.66678644
   13870   27.74000000  0.85599752E-06  0.56093822E-06  0.11313352E-06   863.99999907   -23303.66678628
   13880   27.76000000  0.89710571E-06  0.48914119E-06  0.14337298E-06   863.99999907   -23303.66678612
   13890   27.78000000  0.93815755E-06  0.41244173E-06  0.17635994E-06   863.99999907   -23303.66678596
   13900   27.80000000  0.97882894E-06  0.33207123E-06  0.21221273E-06   863.99999907   -23303.66678580
   13910   27.82000000  0.10187533E-05  0.24924659E-06  0.25097213E-06   863.99999907   -23303.66678564
   13920   27.84000000  0.10575268E-05  0.16514488E-06  0.29258080E-06   863.99999907   -23303.66678547
   13930   27.86000000  0.10947228E-05  0.80890185E-07  0.33686947E-06   863.99999907   -23303.66678531
   13940   27.88000000  0.11299083E-05 -0.24665614E-08  0.38355714E-06   863.99999907   -23303.66678515
   13950   27.90000000  0.11626514E-05 -0.83953647E-07  0.43224867E-06   863.99999906   -23303.66678498
   13960   27.92000000  0.11925385E-05 -0.16269043E-06  0.48243988E-06   863.99999906   -23303.66678482
   13970   27.94000000  0.12191984E-05 -0.23788846E-06  0.53352493E-06   863.99999906   -23303.66678466
   13980   27.96000000  0.12423149E-05 -0.30884727E-06  0.58480876E-06   863.99999906   -23303.66678450
   13990   27.98000000  0.12616350E-05 -0.37495220E-06  0.63552407E-06   863.99999906   -23303.66678434
   14000   28.00000000  0.12769843E-05 -0.43566131E-06  0.68484868E-06   863.99999906   -23303.66678419
   14010   28.02000000  0.12882634E-05 -0.49049711E-06  0.73192704E-06   863.99999906   -23303.66678403
   14020   28.04000000  0.12954518E-05 -0.53904012E-06  0.77589133E-06   863.99999906   -23303.66678388
   14030   28.06000000  0.12986064E-05 -0.58092665E-06  0.81587718E-06   863.99999906   -23303.66678373
   14040   28.08000000  0.12978626E-05 -0.61584467E-06  0.85104383E-06   863.99999906   -23303.66678358
   14050   28.10000000  0.12934285E-05 -0.64353055E-06  0.88059191E-06   863.99999906   -23303.66678343
   14060   28.12000000  0.12855696E-05 -0.66377410E-06  0.90378403E-06   863.99999906   -23303.66678328
   14070   28.14000000  0.12746018E-05 -0.67642576E-06  0.91995403E-06   863.99999906   -23303.66678313
   14080   28.16000000  0.12608837E-05 -0.68141050E-06  0.92852380E-06   863.99999906   -23303.66678299
   14090   28.18000000  0.12448066E-05 -0.67873945E-06  0.92902441E-06   863.99999905   -23303.66678284
   14100   28.20000000  0.12267858E-05 -0.66851297E-06  0.92111155E-06   863.99999905   -23303.66678269
   14110   28.22000000  0.12072565E-05 -0.65093200E-06  0.90458578E-06   863.99999905   -23303.66678254
   14120   28.24000000  0.11866545E-05 -0.62630908E-06  0.87940078E-06   863.99999905   -23303.66678239
   14130   28.26000000  0.11654090E-05 -0.59507355E-06  0.84567770E-06   863.99999905   -23303.66678223
   14140   28.28000000  0.11439324E-05 -0.55777928E-06  0.80370932E-06   863.99999905   -23303.66678208
   14150   28.30000000  0.11226177E-05 -0.51509957E-06  0.75396373E-06   863.99999905   -23303.66678192
   14160   28.32000000  0.11018271E-05 -0.46781944E-06  0.69707718E-06   863.99999905   -23303.66678177
   14170   28.34000000  0.10818785E-05 -0.41682499E-06  0.63384740E-06   863.99999905   -23303.66678161
   14180   28.36000000  0.10630403E-05 -0.36308577E-06  0.56522151E-06   863.99999905   -23303.66678145
   14190   28.38000000  0.10455250E-05 -0.30763353E-06  0.49227310E-06   863.99999905   -23303.66678130
   14200   28.40000000  0.10294869E-05 -0.25153010E-06  0.41618188E-06   863.99999905   -23303.66678114
   14210   28.42000000  0.10150139E-05 -0.19584019E-06  0.33820402E-06   863.99999905   -23303.66678099
   14220   28.44000000  0.10021368E-05 -0.14160038E-06  0.25964150E-06   863.99999905   -23303.66678084
   14230   28.46000000  0.99083114E-06 -0.89793919E-07  0.18180780E-06   863.99999905   -23303.66678069
   14240   28.48000000  0.98102712E-06 -0.41323810E-07  0.10598809E-06   863.99999904   -23303.66678054
   14250   28.50000000  0.97262285E-06  0.30160795E-08  0.33404718E-07   863.99999904   -23303.66678040
   14260   28.52000000  0.96549145E-06  0.42560916E-07 -0.34818448E-07   863.99999904   -23303.66678026
   14270   28.54000000  0.95949712E-06  0.76788204E-07 -0.97691773E-07   863.99999904   -23303.66678011
   14280   28.56000000  0.95450454E-06  0.10533173E-06 -0.15437973E-06   863.99999904   -23303.66677997
   14290   28.58000000  0.95039070E-06  0.12798495E-06 -0.20422049E-06   863.99999904   -23303.66677983
   14300   28.60000000  0.94704537E-06  0.14469792E-06 -0.24674398E-06   863.99999904   -23303.66677969
   14310   28.62000000  0.94438077E-06  0.15557487E-06 -0.28167376E-06   863.99999904   -23303.66677954
   14320   28.64000000  0.94232319E-06  0.16085810E-06 -0.30892901E-06   863.99999904   -23303.66677940
   14330   28.66000000  0.94081495E-06  0.16091815E-06 -0.32862191E-06   863.99999904   -23303.66677925
   14340   28.68000000  0.93981778E-06  0.15623271E-06 -0.34104113E-06   863.99999904   -23303.66677911
   14350   28.70000000  0.93930445E-06  0.14736221E-06 -0.34663815E-06   863.99999904   -23303.66677896
   14360   28.72000000  0.93925409E-06  0.13493012E-06 -0.34600185E-06   863.99999904   -23303.66677881
   14370   28.74000000  0.93964094E-06  0.11960077E-06 -0.33983396E-06   863.99999904   -23303.66677865
   14380   28.76000000  0.94041912E-06  0.10205320E-06 -0.32891946E-06   863.99999904   -23303.66677850
   14390   28.78000000  0.94151254E-06  0.82958562E-07 -0.31409986E-06   863.99999903   -23303.66677835
   14400   28.80000000  0.94281385E-06  0.62958426E-07 -0.29624005E-06   863.99999903   -23303.66677820
   14410   28.82000000  0.94417779E-06  0.42642221E-07 -0.27619344E-06   863.99999903   -23303.66677805
   14420   28.84000000  0.94541393E-06  0.22528740E-07 -0.25476972E-06   863.99999903   -23303.66677790
   14430   28.86000000  0.94628724E-06  0.30502668E-08 -0.23270530E-06   863.99999903   -23303.66677775
   14440   28.88000000  0.94652526E-06 -0.15461450E-07 -0.21064510E-06   863.99999903   -23303.66677761
   14450   28.90000000  0.94582259E-06 -0.32788161E-07 -0.18912306E-06   863.99999903   -23303.66677746
   14460   28.92000000  0.94384872E-06 -0.48821764E-07 -0.16854525E-06   863.99999903   -23303.66677731
   14470   28.94000000  0.94026147E-06 -0.63562721E-07 -0.14918947E-06   863.99999903   -23303.66677717
   14480   28.96000000  0.93471965E-06 -0.77109383E-07 -0.13120715E-06   863.99999903   -23303.66677702
   14490   28.98000000  0.92689931E-06 -0.89638094E-07 -0.11462958E-06   863.99999903   -23303.66677687
   14500   29.00000000  0.91650793E-06 -0.10138672E-06 -0.99387830E-07   863.99999903   -23303.66677672
   14510   29.02000000  0.90329962E-06 -0.11262738E-06 -0.85331344E-07   863.99999903   -23303.66677657
   14520   29.04000000  0.88709378E-06 -0.12363924E-06 -0.72245170E-07   863.99999903   -23303.66677642
   14530   29.06000000  0.86778292E-06 -0.13468570E-06 -0.59873815E-07   863.99999902   -23303.66677626
   14540   29.08000000  0.84535325E-06 -0.14598679E-06 -0.47941058E-07   863.99999902   -23303.66677611
   14550   29.10000000  0.81989958E-06 -0.15769064E-06 -0.36173773E-07   863.99999902   -23303.66677595
   14560   29.12000000  0.79162546E-06 -0.16984853E-06 -0.24321638E-07   863.99999902   -23303.66677579
   14570   29.14000000  0.76085037E-06 -0.18240749E-06 -0.12173192E-07   863.99999902   -23303.66677563
   14580   29.16000000  0.72801088E-06 -0.19520106E-06  0.43335381E-09   863.99999902   -23303.66677547
   14590   29.18000000  0.69364019E-06 -0.20794310E-06  0.13598482E-07   863.99999902   -23303.66677531
   14600   29.20000000  0.65836094E-06 -0.22023169E-06  0.27356776E-07   863.99999902   -23303.66677516
   14610   29.22000000  0.62287374E-06 -0.23156654E-06  0.41678742E-07   863.99999902   -23303.66677500
   14620   29.24000000  0.58793668E-06 -0.24136373E-06  0.56474246E-07   863.99999902   -23303.66677484
   14630   29.26000000  0.55433547E-06 -0.24898899E-06  0.71597857E-07   863.99999902   -23303.66677469
   14640   29.28000000  0.52285855E-06 -0.25378938E-06  0.86855632E-07   863.99999902   -23303.66677454
   14650   29.30000000  0.49427071E-06 -0.25512252E-06  0.10202053E-06   863.99999902   -23303.66677438
   14660   29.32000000  0.46928886E-06 -0.25239636E-06  0.11684006E-06   863.99999902   -23303.66677423
   14670   29.34000000  0.44855911E-06 -0.24510309E-06  0.13104564E-06   863.99999902   -23303.66677408
   14680   29.36000000  0.43264331E-06 -0.23285158E-06  0.14436941E-06   863.99999901   -23303.66677393
   14690   29.38000000  0.42200554E-06 -0.21539886E-06  0.15656046E-06   863.99999901   -23303.66677378
   14700   29.40000000  0.41700214E-06 -0.19267604E-06  0.16740424E-06   863.99999901   -23303.66677363
   14710   29.42000000  0.41788013E-06 -0.16480275E-06  0.17673924E-06   863.99999901   -23303.66677348
   14720   29.44000000  0.42477462E-06 -0.13209669E-06  0.18447435E-06   863.99999901   -23303.66677333
   14730   29.46000000  0.43771169E-06 -0.95076490E-07  0.19060597E-06   863.99999901   -23303.66677318
   14740   29.48000000  0.45661549E-06 -0.54459562E-07  0.19522890E-06   863.99999901   -23303.66677303
   14750   29.50000000  0.48131397E-06 -0.11147143E-07  0.19854242E-06   863.99999901   -23303.66677288
   14760   29.52000000  0.51155136E-06  0.33803663E-07  0.20085164E-06   863.99999901   -23303.66677273
   14770   29.54000000  0.54699847E-06  0.79214265E-07  0.20256340E-06   863.99999901   -23303.66677258
   14780   29.56000000  0.58726598E-06  0.12382366E-06  0.20417804E-06   863.99999901   -23303.66677243
   14790   29.58000000  0.63190971E-06  0.16633708E-06  0.20627321E-06   863.99999901   -23303.66677228
   14800   29.60000000  0.68043844E-06  0.20546967E-06  0.20947365E-06   863.99999901   -23303.66677212
   14810   29.62000000  0.73232016E-06  0.23999922E-06  0.21443031E-06   863.99999901   -23303.66677197
   14820   29.64000000  0.78698857E-06  0.26881565E-06  0.22179249E-06   863.99999901   -23303.66677182
   14830   29.66000000  0.84384753E-06  0.29095728E-06  0.23216952E-06   863.99999900   -23303.66677166
   14840   29.68000000  0.90227486E-06  0.30564650E-06  0.24610521E-06   863.99999900   -23303.66677151
   14850   29.70000000  0.96161675E-06  0.31231308E-06  0.26404992E-06   863.99999900   -23303.66677135
   14860   29.72000000  0.10211883E-05  0.31060735E-06  0.28633541E-06   863.99999900   -23303.66677120
   14870   29.74000000  0.10802792E-05  0.30040471E-06  0.31314844E-06   863.99999900   -23303.66677104
   14880   29.76000000  0.11381509E-05  0.28179879E-06  0.34451781E-06   863.99999900   -23303.66677089
   14890   29.78000000  0.11940472E-05  0.25508594E-06  0.38030564E-06   863.99999900   -23303.66677073
   14900   29.80000000  0.12471977E-05  0.22074729E-06  0.42020731E-06   863.99999900   -23303.66677058
   14910   29.82000000  0.12968211E-05  0.17942286E-06  0.46375842E-06   863.99999900   -23303.66677042
   14920   29.84000000  0.13421422E-05  0.13188021E-06  0.51034349E-06   863.99999900   -23303.66677027
   14930   29.86000000  0.13824010E-05  0.78981745E-07  0.55921354E-06   863.99999900   -23303.66677011
   14940   29.88000000  0.14168716E-05  0.21657588E-07  0.60951174E-06   863.99999900   -23303.66676996
   14950   29.90000000  0.14448775E-05 -0.39125800E-07  0.66029347E-06   863.99999900   -23303.66676980
   14960   29.92000000  0.14658093E-05 -0.10239271E-06  0.71055502E-06   863.99999900   -23303.66676965
   14970   29.94000000  0.14791454E-05 -0.16717988E-06  0.75927283E-06   863.99999899   -23303.66676949
   14980   29.96000000  0.14844651E-05 -0.23256090E-06  0.80543504E-06   863.99999899   -23303.66676934
   14990   29.98000000  0.14814630E-05 -0.29765831E-06  0.84807014E-06   863.99999899   -23303.66676919
   15000   30.00000000  0.14699696E-05 -0.36165214E-06  0.88628109E-06   863.99999899   -23303.66676904
=== application breakdown [s] ===
total calculation time,7399.50979495
rt calculation                         min         max     average   std. dev.  difference    relative
rt initialization              0.49829E-04 0.19248E-01 0.13324E-02 0.42853E-02 0.19198E-01 0.38628E+03
reading lda data               0.29296E+01 0.29793E+01 0.29471E+01 0.73337E-02 0.49762E-01 0.10170E+01
reading rt data                0.19820E-02 0.37291E-02 0.25730E-02 0.27520E-03 0.17471E-02 0.18815E+01
prep. time prop.               0.28491E-03 0.36639E-01 0.29716E-02 0.66503E-02 0.36354E-01 0.12860E+03
rt iterations                  0.73952E+04 0.73952E+04 0.73952E+04 0.47351E-03 0.18959E-02 0.10000E+01
after writing rt data          0.19073E-05 0.11337E+01 0.27149E-03 0.11969E-01 0.11337E+01 0.59437E+06
in rt iterations                       min         max     average   std. dev.  difference    relative
Vbox                           0.13262E+01 0.15524E+01 0.14281E+01 0.35211E-01 0.22624E+00 0.11706E+01
time propagation               0.56099E+04 0.58426E+04 0.57498E+04 0.35228E+02 0.23270E+03 0.10415E+01
calculating rho                0.11209E+03 0.34281E+03 0.20204E+03 0.35189E+02 0.23072E+03 0.30583E+01
Hartree routine                0.38458E+02 0.50075E+02 0.44265E+02 0.17777E+01 0.11617E+02 0.13021E+01
Exc_Cor routine                0.64749E+01 0.10228E+02 0.82581E+01 0.63410E+00 0.37534E+01 0.15797E+01
calculating curr               0.11541E+04 0.11546E+04 0.11543E+04 0.76137E-01 0.53350E+00 0.10005E+01
calc. projection               0.39330E-02 0.81611E-02 0.58304E-02 0.61501E-03 0.42281E-02 0.20750E+01
writing energies               0.14836E+01 0.19736E+01 0.15926E+01 0.12060E+00 0.48997E+00 0.13303E+01
calc_eigen_energy              0.21054E+03 0.21115E+03 0.21076E+03 0.91459E-01 0.61019E+00 0.10029E+01
calc_total_energy_periodic     0.18470E+02 0.23416E+02 0.20120E+02 0.70191E+00 0.49459E+01 0.12678E+01
writing info etc.              0.91529E-02 0.42809E+00 0.11303E-01 0.44658E-02 0.41893E+00 0.46771E+02
total_energy module                    min         max     average   std. dev.  difference    relative
periodic calc.                 0.28544E+01 0.98563E+01 0.48012E+01 0.15020E+01 0.70019E+01 0.34530E+01
periodic comm. coll.           0.10124E+02 0.20118E+02 0.15302E+02 0.16829E+01 0.99948E+01 0.19873E+01
eigen_energy calc.             0.35830E+02 0.38904E+02 0.37821E+02 0.38385E+00 0.30738E+01 0.10858E+01
eigen_energy comm. coll.       0.46017E+01 0.10821E+02 0.74916E+01 0.82372E+00 0.62195E+01 0.23516E+01
eigen_energy hpsi              0.14796E+03 0.15325E+03 0.14983E+03 0.72749E+00 0.52874E+01 0.10357E+01
density_matrix module                  min         max     average   std. dev.  difference    relative
density calc.                  0.81419E+02 0.14203E+03 0.10835E+03 0.12351E+02 0.60606E+02 0.17444E+01
density comm. coll.            0.15069E+02 0.20495E+03 0.93445E+02 0.26010E+02 0.18989E+03 0.13601E+02
current calc.                  0.25025E+03 0.27447E+03 0.26126E+03 0.35237E+01 0.24216E+02 0.10968E+01
current rDivided uVpsi calc.   0.11411E+03 0.11684E+03 0.11536E+03 0.38919E+00 0.27329E+01 0.10240E+01
current comm. coll.            0.85355E+02 0.12581E+03 0.10643E+03 0.53237E+01 0.40453E+02 0.14739E+01
current comm. halo.            0.64338E+03 0.69625E+03 0.67109E+03 0.80411E+01 0.52868E+02 0.10822E+01
conjugate_gradient module              min         max     average   std. dev.  difference    relative
subspace_diag module                   min         max     average   std. dev.  difference    relative
subspace_diag so module                min         max     average   std. dev.  difference    relative
force module                           min         max     average   std. dev.  difference    relative
init_ps                                min         max     average   std. dev.  difference    relative
hamiltonian module                     min         max     average   std. dev.  difference    relative
total                          0.49200E+04 0.51468E+04 0.50306E+04 0.33995E+02 0.22675E+03 0.10461E+01
update overlap (comm.)         0.26462E+04 0.30381E+04 0.27795E+04 0.53121E+02 0.39190E+03 0.11481E+01
stencil                        0.10776E+04 0.13399E+04 0.11821E+04 0.25565E+02 0.26228E+03 0.12434E+01
subtraction                    0.25513E+02 0.31430E+02 0.28577E+02 0.43274E+00 0.59170E+01 0.12319E+01
pseudo-pt                      0.94363E+03 0.11043E+04 0.10212E+04 0.24116E+02 0.16064E+03 0.11702E+01
pseudo-pt (comm.)              0.32520E+02 0.28477E+03 0.13420E+03 0.31526E+02 0.25225E+03 0.87569E+01
hpsi-overlapped                        min         max     average   std. dev.  difference    relative
checkpoint/restart                     min         max     average   std. dev.  difference    relative
restart self                   0.22574E+01 0.23606E+01 0.22648E+01 0.41009E-02 0.10321E+00 0.10457E+01
restart sync                   0.23547E+01 0.23648E+01 0.23603E+01 0.10415E-02 0.10085E-01 0.10043E+01
=== performance [GFLOPS] ===
end SALMON
