##############################################################################
# SALMON: Scalable Ab-initio Light-Matter simulator for Optics and Nanoscience
#
#                             Version 2.2.1
##############################################################################
  Libxc: [enabled] 6.2.2
   theory= tddft_pulse
 
 Total time step      =       15000
 Time step[fs]        =  2.000000000000000E-003
 Energy range         =        3000
 Energy resolution[eV]=  1.000000000000000E-002
Laser frequency     = 0.17[eV]
Pulse width of laser=     12.00000000[fs]
Laser intensity     =  0.13000000E+10[W/cm^2]
   use of real value orbitals =  F
 ======
 MPI distribution:
   nproc_k     :         125
   nproc_ob    :           4
   nproc_rgrid :           3           2           3
 OpenMP parallelization:
   number of threads :           1
 hpsi stencil:
   enables hand-coding vectorization : F
   enables openmp parallelization    : F
 current:
   k,orbital parallelized of openmp  : T
 force:
   k,orbital parallelized of openmp  : T
 ===================pseudopotential data===================
 ik ,atom_symbol=           1 Si
 ps_format =KY              
 ps_file =./Si_rps.dat
 Zps(ik), Mlps(ik) =           4           2
 Rps(ik), NRps(ik) =   2.26767135054939              122
 Lref(ik) =           2
 nproj(ik,l) =           1           1           1
 anorm(ik,l) =  0.6193218      0.3646551      0.0000000E+00
 inorm(ik,l) =           1           1           0
 Mass(ik) =   28.0000000000000     
 flag_nlcc_element(ik) = F
 ==========================================================
 flag_nlcc =  F
 
 ============init_ps==============
 end init_ps
 Maximal rho_NLCC= 0.000000000000000E+000
 Maximal tau_NLCC= 0.000000000000000E+000
 == Ewald ==
 cutoff length in real-space in ewald =  4.00 [A]
 (buffer length in bookkeeping =  2.00 [A])
 cutoff length in G-space in ewald =  0.1870828864+102 [1/A]
 number of ion-ion pair(/atom) used for allocation of bookkeeping=    68
 ===========
   Static dipole moment(xyz) =   -0.7050332771E+04   -0.7047822657E+04   -0.7039882194E+04
 
 
  time-step  time[fs]                               Current(xyz)[a.u.]      electrons Total energy[eV] 
#----------------------------------------------------------------------
      10    0.02000000  0.11161763E-07  0.21216444E-07 -0.61532267E-07   864.00000000   -23328.16587970
      20    0.04000000  0.87677823E-08  0.21262074E-07 -0.62009107E-07   864.00000000   -23328.16587967
      30    0.06000000  0.42923141E-08  0.21361833E-07 -0.62047283E-07   864.00000000   -23328.16587961
      40    0.08000000 -0.27493893E-08  0.21433151E-07 -0.61852363E-07   864.00000000   -23328.16587956
      50    0.10000000 -0.12771517E-07  0.21492397E-07 -0.61467822E-07   864.00000000   -23328.16587954
      60    0.12000000 -0.26098075E-07  0.21555889E-07 -0.60922384E-07   864.00000000   -23328.16587952
      70    0.14000000 -0.42982605E-07  0.21622707E-07 -0.60257127E-07   864.00000000   -23328.16587950
      80    0.16000000 -0.63631537E-07  0.21671921E-07 -0.59613176E-07   864.00000000   -23328.16587944
      90    0.18000000 -0.88138255E-07  0.21704321E-07 -0.59131909E-07   864.00000000   -23328.16587933
     100    0.20000000 -0.11655872E-06  0.21740011E-07 -0.58847592E-07   864.00000000   -23328.16587919
     110    0.22000000 -0.14893541E-06  0.21795401E-07 -0.58707915E-07   864.00000000   -23328.16587899
     120    0.24000000 -0.18525027E-06  0.21854284E-07 -0.58663146E-07   863.99999999   -23328.16587871
     130    0.26000000 -0.22542388E-06  0.21899743E-07 -0.58683259E-07   863.99999999   -23328.16587830
     140    0.28000000 -0.26932456E-06  0.21910998E-07 -0.58740187E-07   863.99999999   -23328.16587774
     150    0.30000000 -0.31676649E-06  0.21858291E-07 -0.58832398E-07   863.99999999   -23328.16587698
     160    0.32000000 -0.36751528E-06  0.21778402E-07 -0.58949074E-07   863.99999999   -23328.16587598
     170    0.34000000 -0.42131574E-06  0.21706314E-07 -0.59054698E-07   863.99999999   -23328.16587470
     180    0.36000000 -0.47791053E-06  0.21617769E-07 -0.59170502E-07   863.99999999   -23328.16587308
     190    0.38000000 -0.53702569E-06  0.21488664E-07 -0.59341757E-07   863.99999999   -23328.16587104
     200    0.40000000 -0.59837608E-06  0.21353443E-07 -0.59570007E-07   863.99999999   -23328.16586853
     210    0.42000000 -0.66166489E-06  0.21236386E-07 -0.59808979E-07   863.99999999   -23328.16586547
     220    0.44000000 -0.72658741E-06  0.21113827E-07 -0.59998372E-07   863.99999999   -23328.16586178
     230    0.46000000 -0.79284669E-06  0.20960154E-07 -0.60095515E-07   863.99999999   -23328.16585739
     240    0.48000000 -0.86013213E-06  0.20736453E-07 -0.60122192E-07   863.99999999   -23328.16585221
     250    0.50000000 -0.92808717E-06  0.20413048E-07 -0.60147941E-07   863.99999999   -23328.16584615
     260    0.52000000 -0.99636340E-06  0.19989797E-07 -0.60242079E-07   863.99999999   -23328.16583912
     270    0.54000000 -0.10646482E-05  0.19479835E-07 -0.60442324E-07   863.99999999   -23328.16583103
     280    0.56000000 -0.11326545E-05  0.18883784E-07 -0.60757297E-07   863.99999999   -23328.16582178
     290    0.58000000 -0.12001095E-05  0.18206041E-07 -0.61191388E-07   863.99999999   -23328.16581127
     300    0.60000000 -0.12667565E-05  0.17454363E-07 -0.61738251E-07   863.99999999   -23328.16579942
     310    0.62000000 -0.13323706E-05  0.16666091E-07 -0.62343968E-07   863.99999999   -23328.16578613
     320    0.64000000 -0.13967478E-05  0.15877259E-07 -0.62945850E-07   863.99999999   -23328.16577129
     330    0.66000000 -0.14596881E-05  0.15091790E-07 -0.63489529E-07   863.99999999   -23328.16575483
     340    0.68000000 -0.15210212E-05  0.14292174E-07 -0.63941252E-07   863.99999999   -23328.16573664
     350    0.70000000 -0.15806075E-05  0.13445769E-07 -0.64307284E-07   863.99999998   -23328.16571665
     360    0.72000000 -0.16382992E-05  0.12510581E-07 -0.64603595E-07   863.99999998   -23328.16569475
     370    0.74000000 -0.16939660E-05  0.11461385E-07 -0.64861774E-07   863.99999998   -23328.16567087
     380    0.76000000 -0.17475014E-05  0.10289483E-07 -0.65133168E-07   863.99999998   -23328.16564493
     390    0.78000000 -0.17988064E-05  0.89969287E-08 -0.65457691E-07   863.99999998   -23328.16561686
     400    0.80000000 -0.18478205E-05  0.75985361E-08 -0.65862372E-07   863.99999998   -23328.16558657
     410    0.82000000 -0.18945185E-05  0.61243528E-08 -0.66354266E-07   863.99999998   -23328.16555400
     420    0.84000000 -0.19388921E-05  0.46140014E-08 -0.66913353E-07   863.99999998   -23328.16551909
     430    0.86000000 -0.19809604E-05  0.30965849E-08 -0.67487925E-07   863.99999998   -23328.16548177
     440    0.88000000 -0.20207653E-05  0.15814663E-08 -0.68020970E-07   863.99999998   -23328.16544200
     450    0.90000000 -0.20583622E-05  0.78466300E-10 -0.68491873E-07   863.99999998   -23328.16539971
     460    0.92000000 -0.20938039E-05 -0.14138234E-08 -0.68900771E-07   863.99999998   -23328.16535486
     470    0.94000000 -0.21271470E-05 -0.28972692E-08 -0.69250437E-07   863.99999998   -23328.16530739
     480    0.96000000 -0.21584604E-05 -0.43808737E-08 -0.69553063E-07   863.99999998   -23328.16525728
     490    0.98000000 -0.21878277E-05 -0.58751312E-08 -0.69803154E-07   863.99999998   -23328.16520446
     500    1.00000000 -0.22153534E-05 -0.73801796E-08 -0.69990706E-07   863.99999998   -23328.16514891
     510    1.02000000 -0.22411516E-05 -0.88851392E-08 -0.70128135E-07   863.99999998   -23328.16509059
     520    1.04000000 -0.22653490E-05 -0.10379409E-07 -0.70234863E-07   863.99999998   -23328.16502946
     530    1.06000000 -0.22880767E-05 -0.11848693E-07 -0.70321120E-07   863.99999998   -23328.16496550
     540    1.08000000 -0.23094614E-05 -0.13270357E-07 -0.70388683E-07   863.99999998   -23328.16489865
     550    1.10000000 -0.23296287E-05 -0.14630953E-07 -0.70431505E-07   863.99999998   -23328.16482890
     560    1.12000000 -0.23487023E-05 -0.15929083E-07 -0.70437467E-07   863.99999998   -23328.16475620
     570    1.14000000 -0.23667976E-05 -0.17164871E-07 -0.70409134E-07   863.99999998   -23328.16468052
     580    1.16000000 -0.23840267E-05 -0.18335803E-07 -0.70349234E-07   863.99999997   -23328.16460183
     590    1.18000000 -0.24004962E-05 -0.19429642E-07 -0.70255626E-07   863.99999997   -23328.16452009
     600    1.20000000 -0.24162937E-05 -0.20443066E-07 -0.70116254E-07   863.99999997   -23328.16443526
     610    1.22000000 -0.24315065E-05 -0.21381796E-07 -0.69923076E-07   863.99999997   -23328.16434731
     620    1.24000000 -0.24462292E-05 -0.22249611E-07 -0.69679042E-07   863.99999997   -23328.16425619
     630    1.26000000 -0.24605514E-05 -0.23050989E-07 -0.69387448E-07   863.99999997   -23328.16416186
     640    1.28000000 -0.24745595E-05 -0.23779207E-07 -0.69058545E-07   863.99999997   -23328.16406429
     650    1.30000000 -0.24883337E-05 -0.24430132E-07 -0.68702857E-07   863.99999997   -23328.16396343
     660    1.32000000 -0.25019498E-05 -0.25008190E-07 -0.68322622E-07   863.99999997   -23328.16385923
     670    1.34000000 -0.25154780E-05 -0.25511813E-07 -0.67924882E-07   863.99999997   -23328.16375165
     680    1.36000000 -0.25289716E-05 -0.25938158E-07 -0.67519185E-07   863.99999997   -23328.16364063
     690    1.38000000 -0.25424621E-05 -0.26287647E-07 -0.67109546E-07   863.99999997   -23328.16352613
     700    1.40000000 -0.25559626E-05 -0.26555779E-07 -0.66694297E-07   863.99999997   -23328.16340808
     710    1.42000000 -0.25694769E-05 -0.26742931E-07 -0.66265837E-07   863.99999997   -23328.16328645
     720    1.44000000 -0.25830004E-05 -0.26853463E-07 -0.65808802E-07   863.99999997   -23328.16316117
     730    1.46000000 -0.25965294E-05 -0.26887328E-07 -0.65318303E-07   863.99999997   -23328.16303220
     740    1.48000000 -0.26100652E-05 -0.26845765E-07 -0.64811905E-07   863.99999997   -23328.16289949
     750    1.50000000 -0.26236054E-05 -0.26740271E-07 -0.64303854E-07   863.99999997   -23328.16276298
     760    1.52000000 -0.26371344E-05 -0.26579883E-07 -0.63794991E-07   863.99999997   -23328.16262263
     770    1.54000000 -0.26506390E-05 -0.26371858E-07 -0.63286322E-07   863.99999997   -23328.16247840
     780    1.56000000 -0.26641068E-05 -0.26125883E-07 -0.62780913E-07   863.99999997   -23328.16233023
     790    1.58000000 -0.26775160E-05 -0.25855617E-07 -0.62284841E-07   863.99999997   -23328.16217808
     800    1.60000000 -0.26908304E-05 -0.25577480E-07 -0.61805315E-07   863.99999997   -23328.16202192
     810    1.62000000 -0.27039985E-05 -0.25297249E-07 -0.61346780E-07   863.99999996   -23328.16186170
     820    1.64000000 -0.27169648E-05 -0.25003879E-07 -0.60905718E-07   863.99999996   -23328.16169738
     830    1.66000000 -0.27296764E-05 -0.24689237E-07 -0.60478388E-07   863.99999996   -23328.16152895
     840    1.68000000 -0.27420788E-05 -0.24350463E-07 -0.60057803E-07   863.99999996   -23328.16135638
     850    1.70000000 -0.27541107E-05 -0.23986109E-07 -0.59649106E-07   863.99999996   -23328.16117964
     860    1.72000000 -0.27657123E-05 -0.23596323E-07 -0.59267442E-07   863.99999996   -23328.16099873
     870    1.74000000 -0.27768364E-05 -0.23190725E-07 -0.58920571E-07   863.99999996   -23328.16081365
     880    1.76000000 -0.27874376E-05 -0.22778221E-07 -0.58609405E-07   863.99999996   -23328.16062438
     890    1.78000000 -0.27974657E-05 -0.22372442E-07 -0.58333846E-07   863.99999996   -23328.16043094
     900    1.80000000 -0.28068804E-05 -0.21993126E-07 -0.58089314E-07   863.99999996   -23328.16023334
     910    1.82000000 -0.28156382E-05 -0.21651214E-07 -0.57871608E-07   863.99999996   -23328.16003160
     920    1.84000000 -0.28236845E-05 -0.21342964E-07 -0.57680576E-07   863.99999996   -23328.15982573
     930    1.86000000 -0.28309567E-05 -0.21063911E-07 -0.57517588E-07   863.99999996   -23328.15961579
     940    1.88000000 -0.28373954E-05 -0.20810151E-07 -0.57384861E-07   863.99999996   -23328.15940180
     950    1.90000000 -0.28429493E-05 -0.20578287E-07 -0.57280302E-07   863.99999996   -23328.15918381
     960    1.92000000 -0.28475769E-05 -0.20359861E-07 -0.57202342E-07   863.99999996   -23328.15896189
     970    1.94000000 -0.28512401E-05 -0.20151631E-07 -0.57155197E-07   863.99999996   -23328.15873609
     980    1.96000000 -0.28539041E-05 -0.19961629E-07 -0.57144512E-07   863.99999996   -23328.15850650
     990    1.98000000 -0.28555449E-05 -0.19798044E-07 -0.57171414E-07   863.99999996   -23328.15827319
    1000    2.00000000 -0.28561514E-05 -0.19664516E-07 -0.57239069E-07   863.99999996   -23328.15803625
    1010    2.02000000 -0.28557155E-05 -0.19571220E-07 -0.57343803E-07   863.99999996   -23328.15779576
    1020    2.04000000 -0.28542269E-05 -0.19525249E-07 -0.57479617E-07   863.99999996   -23328.15755184
    1030    2.06000000 -0.28516754E-05 -0.19521663E-07 -0.57645542E-07   863.99999995   -23328.15730457
    1040    2.08000000 -0.28480483E-05 -0.19552223E-07 -0.57837252E-07   863.99999995   -23328.15705407
    1050    2.10000000 -0.28433302E-05 -0.19606845E-07 -0.58043169E-07   863.99999995   -23328.15680046
    1060    2.12000000 -0.28375150E-05 -0.19669580E-07 -0.58255748E-07   863.99999995   -23328.15654385
    1070    2.14000000 -0.28306071E-05 -0.19728084E-07 -0.58473985E-07   863.99999995   -23328.15628438
    1080    2.16000000 -0.28226130E-05 -0.19783060E-07 -0.58700014E-07   863.99999995   -23328.15602217
    1090    2.18000000 -0.28135452E-05 -0.19837912E-07 -0.58936924E-07   863.99999995   -23328.15575736
    1100    2.20000000 -0.28034241E-05 -0.19897431E-07 -0.59183260E-07   863.99999995   -23328.15549009
    1110    2.22000000 -0.27922756E-05 -0.19972675E-07 -0.59429974E-07   863.99999995   -23328.15522049
    1120    2.24000000 -0.27801258E-05 -0.20073561E-07 -0.59668171E-07   863.99999995   -23328.15494871
    1130    2.26000000 -0.27670054E-05 -0.20206961E-07 -0.59901315E-07   863.99999995   -23328.15467490
    1140    2.28000000 -0.27529463E-05 -0.20373213E-07 -0.60137713E-07   863.99999995   -23328.15439920
    1150    2.30000000 -0.27379752E-05 -0.20561241E-07 -0.60381292E-07   863.99999995   -23328.15412175
    1160    2.32000000 -0.27221174E-05 -0.20754849E-07 -0.60628901E-07   863.99999995   -23328.15384271
    1170    2.34000000 -0.27053958E-05 -0.20936597E-07 -0.60875029E-07   863.99999995   -23328.15356222
    1180    2.36000000 -0.26878334E-05 -0.21094564E-07 -0.61118054E-07   863.99999995   -23328.15328043
    1190    2.38000000 -0.26694568E-05 -0.21226476E-07 -0.61358430E-07   863.99999995   -23328.15299749
    1200    2.40000000 -0.26502916E-05 -0.21331361E-07 -0.61594456E-07   863.99999995   -23328.15271356
    1210    2.42000000 -0.26303644E-05 -0.21408330E-07 -0.61819092E-07   863.99999995   -23328.15242878
    1220    2.44000000 -0.26097011E-05 -0.21460716E-07 -0.62025148E-07   863.99999995   -23328.15214331
    1230    2.46000000 -0.25883313E-05 -0.21497656E-07 -0.62208355E-07   863.99999995   -23328.15185730
    1240    2.48000000 -0.25662883E-05 -0.21527516E-07 -0.62368819E-07   863.99999995   -23328.15157090
    1250    2.50000000 -0.25435969E-05 -0.21553739E-07 -0.62507116E-07   863.99999995   -23328.15128425
    1260    2.52000000 -0.25202827E-05 -0.21569116E-07 -0.62625867E-07   863.99999994   -23328.15099752
    1270    2.54000000 -0.24963723E-05 -0.21564442E-07 -0.62731597E-07   863.99999994   -23328.15071083
    1280    2.56000000 -0.24718833E-05 -0.21533246E-07 -0.62826257E-07   863.99999994   -23328.15042435
    1290    2.58000000 -0.24468275E-05 -0.21471448E-07 -0.62911006E-07   863.99999994   -23328.15013822
    1300    2.60000000 -0.24212134E-05 -0.21375824E-07 -0.62985713E-07   863.99999994   -23328.14985258
    1310    2.62000000 -0.23950474E-05 -0.21244301E-07 -0.63044160E-07   863.99999994   -23328.14956759
    1320    2.64000000 -0.23683327E-05 -0.21078723E-07 -0.63079855E-07   863.99999994   -23328.14928339
    1330    2.66000000 -0.23410726E-05 -0.20881536E-07 -0.63090175E-07   863.99999994   -23328.14900013
    1340    2.68000000 -0.23132649E-05 -0.20659282E-07 -0.63074899E-07   863.99999994   -23328.14871797
    1350    2.70000000 -0.22849091E-05 -0.20418986E-07 -0.63040220E-07   863.99999994   -23328.14843706
    1360    2.72000000 -0.22560080E-05 -0.20162093E-07 -0.62991334E-07   863.99999994   -23328.14815755
    1370    2.74000000 -0.22265629E-05 -0.19889600E-07 -0.62932022E-07   863.99999994   -23328.14787960
    1380    2.76000000 -0.21965716E-05 -0.19595791E-07 -0.62862632E-07   863.99999994   -23328.14760335
    1390    2.78000000 -0.21660314E-05 -0.19281091E-07 -0.62784250E-07   863.99999994   -23328.14732897
    1400    2.80000000 -0.21349382E-05 -0.18950130E-07 -0.62700670E-07   863.99999994   -23328.14705662
    1410    2.82000000 -0.21032878E-05 -0.18604754E-07 -0.62612935E-07   863.99999994   -23328.14678645
    1420    2.84000000 -0.20710688E-05 -0.18241455E-07 -0.62517375E-07   863.99999994   -23328.14651862
    1430    2.86000000 -0.20382661E-05 -0.17853450E-07 -0.62414188E-07   863.99999994   -23328.14625330
    1440    2.88000000 -0.20048668E-05 -0.17444291E-07 -0.62303397E-07   863.99999994   -23328.14599064
    1450    2.90000000 -0.19708555E-05 -0.17024172E-07 -0.62185688E-07   863.99999994   -23328.14573082
    1460    2.92000000 -0.19362206E-05 -0.16600835E-07 -0.62063267E-07   863.99999994   -23328.14547401
    1470    2.94000000 -0.19009474E-05 -0.16173949E-07 -0.61936229E-07   863.99999994   -23328.14522037
    1480    2.96000000 -0.18650246E-05 -0.15744138E-07 -0.61809535E-07   863.99999994   -23328.14497007
    1490    2.98000000 -0.18284388E-05 -0.15314355E-07 -0.61685476E-07   863.99999993   -23328.14472330
    1500    3.00000000 -0.17911825E-05 -0.14883449E-07 -0.61557519E-07   863.99999993   -23328.14448023
    1510    3.02000000 -0.17532566E-05 -0.14443797E-07 -0.61418563E-07   863.99999993   -23328.14424102
    1520    3.04000000 -0.17146562E-05 -0.13991233E-07 -0.61270891E-07   863.99999993   -23328.14400587
    1530    3.06000000 -0.16753754E-05 -0.13526542E-07 -0.61115489E-07   863.99999993   -23328.14377494
    1540    3.08000000 -0.16354095E-05 -0.13051020E-07 -0.60950248E-07   863.99999993   -23328.14354841
    1550    3.10000000 -0.15947549E-05 -0.12567380E-07 -0.60773364E-07   863.99999993   -23328.14332646
    1560    3.12000000 -0.15534074E-05 -0.12075860E-07 -0.60589697E-07   863.99999993   -23328.14310927
    1570    3.14000000 -0.15113663E-05 -0.11574077E-07 -0.60404582E-07   863.99999993   -23328.14289700
    1580    3.16000000 -0.14686338E-05 -0.11058923E-07 -0.60223480E-07   863.99999993   -23328.14268984
    1590    3.18000000 -0.14252204E-05 -0.10530498E-07 -0.60045580E-07   863.99999993   -23328.14248795
    1600    3.20000000 -0.13811383E-05 -0.99924690E-08 -0.59868291E-07   863.99999993   -23328.14229152
    1610    3.22000000 -0.13363981E-05 -0.94453485E-08 -0.59690556E-07   863.99999993   -23328.14210069
    1620    3.24000000 -0.12910132E-05 -0.88869186E-08 -0.59510805E-07   863.99999993   -23328.14191564
    1630    3.26000000 -0.12449966E-05 -0.83093263E-08 -0.59324457E-07   863.99999993   -23328.14173654
    1640    3.28000000 -0.11983609E-05 -0.77094957E-08 -0.59128042E-07   863.99999993   -23328.14156352
    1650    3.30000000 -0.11511210E-05 -0.70870962E-08 -0.58923068E-07   863.99999993   -23328.14139675
    1660    3.32000000 -0.11033025E-05 -0.64427720E-08 -0.58711521E-07   863.99999993   -23328.14123638
    1670    3.34000000 -0.10549299E-05 -0.57768641E-08 -0.58496321E-07   863.99999993   -23328.14108255
    1680    3.36000000 -0.10060307E-05 -0.50924204E-08 -0.58282509E-07   863.99999993   -23328.14093538
    1690    3.38000000 -0.95663121E-06 -0.43929990E-08 -0.58074405E-07   863.99999993   -23328.14079502
    1700    3.40000000 -0.90676010E-06 -0.36795238E-08 -0.57875474E-07   863.99999993   -23328.14066159
    1710    3.42000000 -0.85644341E-06 -0.29538592E-08 -0.57684400E-07   863.99999993   -23328.14053520
    1720    3.44000000 -0.80571215E-06 -0.22139651E-08 -0.57498718E-07   863.99999992   -23328.14041595
    1730    3.46000000 -0.75459219E-06 -0.14560838E-08 -0.57313834E-07   863.99999992   -23328.14030396
    1740    3.48000000 -0.70310968E-06 -0.67556232E-09 -0.57123601E-07   863.99999992   -23328.14019932
    1750    3.50000000 -0.65129156E-06  0.13382049E-09 -0.56925982E-07   863.99999992   -23328.14010211
    1760    3.52000000 -0.59916526E-06  0.97554656E-09 -0.56719370E-07   863.99999992   -23328.14001242
    1770    3.54000000 -0.54676373E-06  0.18464842E-08 -0.56505590E-07   863.99999992   -23328.13993031
    1780    3.56000000 -0.49412460E-06  0.27409758E-08 -0.56289541E-07   863.99999992   -23328.13985586
    1790    3.58000000 -0.44127827E-06  0.36572084E-08 -0.56074283E-07   863.99999992   -23328.13978912
    1800    3.60000000 -0.38824919E-06  0.45901964E-08 -0.55863312E-07   863.99999992   -23328.13973013
    1810    3.62000000 -0.33506767E-06  0.55383757E-08 -0.55660938E-07   863.99999992   -23328.13967894
    1820    3.64000000 -0.28176326E-06  0.65029750E-08 -0.55470499E-07   863.99999992   -23328.13963558
    1830    3.66000000 -0.22836292E-06  0.74817748E-08 -0.55288940E-07   863.99999992   -23328.13960008
    1840    3.68000000 -0.17489366E-06  0.84723746E-08 -0.55110459E-07   863.99999992   -23328.13957244
    1850    3.70000000 -0.12137500E-06  0.94776920E-08 -0.54935236E-07   863.99999992   -23328.13955268
    1860    3.72000000 -0.67822342E-07  0.10498094E-07 -0.54762447E-07   863.99999992   -23328.13954080
    1870    3.74000000 -0.14248595E-07  0.11531162E-07 -0.54592778E-07   863.99999992   -23328.13953680
    1880    3.76000000  0.39326956E-07  0.12579921E-07 -0.54424432E-07   863.99999992   -23328.13954066
    1890    3.78000000  0.92889748E-07  0.13648331E-07 -0.54253245E-07   863.99999992   -23328.13955238
    1900    3.80000000  0.14643221E-06  0.14737328E-07 -0.54079302E-07   863.99999992   -23328.13957193
    1910    3.82000000  0.19994637E-06  0.15841318E-07 -0.53907452E-07   863.99999992   -23328.13959928
    1920    3.84000000  0.25341853E-06  0.16953427E-07 -0.53744244E-07   863.99999992   -23328.13963441
    1930    3.86000000  0.30683622E-06  0.18069169E-07 -0.53597908E-07   863.99999992   -23328.13967726
    1940    3.88000000  0.36019396E-06  0.19185802E-07 -0.53471507E-07   863.99999991   -23328.13972781
    1950    3.90000000  0.41348640E-06  0.20299338E-07 -0.53362297E-07   863.99999991   -23328.13978599
    1960    3.92000000  0.46670145E-06  0.21406150E-07 -0.53266696E-07   863.99999991   -23328.13985177
    1970    3.94000000  0.51983457E-06  0.22501528E-07 -0.53181472E-07   863.99999991   -23328.13992507
    1980    3.96000000  0.57288791E-06  0.23581693E-07 -0.53104567E-07   863.99999991   -23328.14000585
    1990    3.98000000  0.62586682E-06  0.24649232E-07 -0.53032677E-07   863.99999991   -23328.14009402
    2000    4.00000000  0.67877816E-06  0.25703655E-07 -0.52965001E-07   863.99999991   -23328.14018953
    2010    4.02000000  0.73162564E-06  0.26745877E-07 -0.52898363E-07   863.99999991   -23328.14029230
    2020    4.04000000  0.78440779E-06  0.27779494E-07 -0.52833031E-07   863.99999991   -23328.14040226
    2030    4.06000000  0.83712721E-06  0.28804236E-07 -0.52772478E-07   863.99999991   -23328.14051933
    2040    4.08000000  0.88978952E-06  0.29820182E-07 -0.52718313E-07   863.99999991   -23328.14064342
    2050    4.10000000  0.94239662E-06  0.30822936E-07 -0.52667143E-07   863.99999991   -23328.14077445
    2060    4.12000000  0.99494551E-06  0.31805842E-07 -0.52618436E-07   863.99999991   -23328.14091233
    2070    4.14000000  0.10474419E-05  0.32763694E-07 -0.52572730E-07   863.99999991   -23328.14105696
    2080    4.16000000  0.10998907E-05  0.33693853E-07 -0.52529282E-07   863.99999991   -23328.14120827
    2090    4.18000000  0.11522974E-05  0.34593467E-07 -0.52488385E-07   863.99999991   -23328.14136613
    2100    4.20000000  0.12046638E-05  0.35463194E-07 -0.52448755E-07   863.99999991   -23328.14153045
    2110    4.22000000  0.12569865E-05  0.36308192E-07 -0.52409614E-07   863.99999991   -23328.14170114
    2120    4.24000000  0.13092627E-05  0.37131343E-07 -0.52369656E-07   863.99999991   -23328.14187806
    2130    4.26000000  0.13614900E-05  0.37930370E-07 -0.52324096E-07   863.99999991   -23328.14206112
    2140    4.28000000  0.14136686E-05  0.38707669E-07 -0.52269645E-07   863.99999991   -23328.14225020
    2150    4.30000000  0.14657934E-05  0.39469046E-07 -0.52205278E-07   863.99999991   -23328.14244517
    2160    4.32000000  0.15178609E-05  0.40217662E-07 -0.52132730E-07   863.99999991   -23328.14264591
    2170    4.34000000  0.15698664E-05  0.40951786E-07 -0.52053721E-07   863.99999990   -23328.14285228
    2180    4.36000000  0.16217987E-05  0.41669982E-07 -0.51967547E-07   863.99999990   -23328.14306417
    2190    4.38000000  0.16736434E-05  0.42376591E-07 -0.51873092E-07   863.99999990   -23328.14328142
    2200    4.40000000  0.17253863E-05  0.43071795E-07 -0.51772814E-07   863.99999990   -23328.14350390
    2210    4.42000000  0.17770142E-05  0.43755131E-07 -0.51665742E-07   863.99999990   -23328.14373145
    2220    4.44000000  0.18285125E-05  0.44427453E-07 -0.51550331E-07   863.99999990   -23328.14396393
    2230    4.46000000  0.18798680E-05  0.45086296E-07 -0.51427058E-07   863.99999990   -23328.14420117
    2240    4.48000000  0.19310683E-05  0.45727187E-07 -0.51292208E-07   863.99999990   -23328.14444301
    2250    4.50000000  0.19820964E-05  0.46350614E-07 -0.51142033E-07   863.99999990   -23328.14468928
    2260    4.52000000  0.20329387E-05  0.46961510E-07 -0.50973358E-07   863.99999990   -23328.14493982
    2270    4.54000000  0.20835791E-05  0.47563975E-07 -0.50784721E-07   863.99999990   -23328.14519445
    2280    4.56000000  0.21339971E-05  0.48164961E-07 -0.50575713E-07   863.99999990   -23328.14545298
    2290    4.58000000  0.21841713E-05  0.48771135E-07 -0.50348366E-07   863.99999990   -23328.14571523
    2300    4.60000000  0.22340781E-05  0.49385037E-07 -0.50104830E-07   863.99999990   -23328.14598101
    2310    4.62000000  0.22836920E-05  0.50009817E-07 -0.49844905E-07   863.99999990   -23328.14625012
    2320    4.64000000  0.23329894E-05  0.50648529E-07 -0.49568556E-07   863.99999990   -23328.14652237
    2330    4.66000000  0.23819494E-05  0.51300291E-07 -0.49277472E-07   863.99999990   -23328.14679754
    2340    4.68000000  0.24305524E-05  0.51962461E-07 -0.48973081E-07   863.99999990   -23328.14707544
    2350    4.70000000  0.24787790E-05  0.52634187E-07 -0.48654723E-07   863.99999990   -23328.14735585
    2360    4.72000000  0.25266132E-05  0.53312848E-07 -0.48320408E-07   863.99999990   -23328.14763854
    2370    4.74000000  0.25740414E-05  0.53999812E-07 -0.47971051E-07   863.99999990   -23328.14792332
    2380    4.76000000  0.26210506E-05  0.54697370E-07 -0.47609295E-07   863.99999990   -23328.14820995
    2390    4.78000000  0.26676233E-05  0.55407889E-07 -0.47239397E-07   863.99999990   -23328.14849821
    2400    4.80000000  0.27137405E-05  0.56130324E-07 -0.46865107E-07   863.99999989   -23328.14878788
    2410    4.82000000  0.27593805E-05  0.56867785E-07 -0.46485209E-07   863.99999989   -23328.14907874
    2420    4.84000000  0.28045211E-05  0.57624157E-07 -0.46097272E-07   863.99999989   -23328.14937054
    2430    4.86000000  0.28491420E-05  0.58399513E-07 -0.45704195E-07   863.99999989   -23328.14966306
    2440    4.88000000  0.28932179E-05  0.59193567E-07 -0.45307681E-07   863.99999989   -23328.14995607
    2450    4.90000000  0.29367278E-05  0.60005711E-07 -0.44904747E-07   863.99999989   -23328.15024933
    2460    4.92000000  0.29796508E-05  0.60836214E-07 -0.44493217E-07   863.99999989   -23328.15054259
    2470    4.94000000  0.30219656E-05  0.61683363E-07 -0.44074626E-07   863.99999989   -23328.15083563
    2480    4.96000000  0.30636550E-05  0.62540232E-07 -0.43648515E-07   863.99999989   -23328.15112820
    2490    4.98000000  0.31047005E-05  0.63405783E-07 -0.43217608E-07   863.99999989   -23328.15142007
    2500    5.00000000  0.31450860E-05  0.64279347E-07 -0.42788232E-07   863.99999989   -23328.15171099
    2510    5.02000000  0.31848014E-05  0.65158912E-07 -0.42366228E-07   863.99999989   -23328.15200072
    2520    5.04000000  0.32238399E-05  0.66045050E-07 -0.41954590E-07   863.99999989   -23328.15228903
    2530    5.06000000  0.32621935E-05  0.66934869E-07 -0.41557120E-07   863.99999989   -23328.15257567
    2540    5.08000000  0.32998505E-05  0.67828103E-07 -0.41178313E-07   863.99999989   -23328.15286042
    2550    5.10000000  0.33368010E-05  0.68725637E-07 -0.40816471E-07   863.99999989   -23328.15314304
    2560    5.12000000  0.33730345E-05  0.69625570E-07 -0.40467520E-07   863.99999989   -23328.15342330
    2570    5.14000000  0.34085464E-05  0.70522625E-07 -0.40127941E-07   863.99999989   -23328.15370096
    2580    5.16000000  0.34433344E-05  0.71412745E-07 -0.39797367E-07   863.99999989   -23328.15397580
    2590    5.18000000  0.34773970E-05  0.72290986E-07 -0.39477043E-07   863.99999989   -23328.15424759
    2600    5.20000000  0.35107331E-05  0.73153677E-07 -0.39165598E-07   863.99999989   -23328.15451611
    2610    5.22000000  0.35433487E-05  0.73998448E-07 -0.38861726E-07   863.99999989   -23328.15478115
    2620    5.24000000  0.35752532E-05  0.74823885E-07 -0.38567432E-07   863.99999989   -23328.15504249
    2630    5.26000000  0.36064489E-05  0.75630963E-07 -0.38285612E-07   863.99999988   -23328.15529992
    2640    5.28000000  0.36369354E-05  0.76420362E-07 -0.38023882E-07   863.99999988   -23328.15555323
    2650    5.30000000  0.36667130E-05  0.77195449E-07 -0.37788831E-07   863.99999988   -23328.15580222
    2660    5.32000000  0.36957792E-05  0.77956812E-07 -0.37581378E-07   863.99999988   -23328.15604668
    2670    5.34000000  0.37241310E-05  0.78700592E-07 -0.37400017E-07   863.99999988   -23328.15628643
    2680    5.36000000  0.37517683E-05  0.79424413E-07 -0.37240956E-07   863.99999988   -23328.15652128
    2690    5.38000000  0.37786950E-05  0.80124942E-07 -0.37100406E-07   863.99999988   -23328.15675102
    2700    5.40000000  0.38049111E-05  0.80799976E-07 -0.36974063E-07   863.99999988   -23328.15697549
    2710    5.42000000  0.38304163E-05  0.81449981E-07 -0.36857241E-07   863.99999988   -23328.15719449
    2720    5.44000000  0.38552116E-05  0.82074305E-07 -0.36744869E-07   863.99999988   -23328.15740787
    2730    5.46000000  0.38793017E-05  0.82671189E-07 -0.36635823E-07   863.99999988   -23328.15761544
    2740    5.48000000  0.39026871E-05  0.83238395E-07 -0.36533980E-07   863.99999988   -23328.15781703
    2750    5.50000000  0.39253677E-05  0.83774283E-07 -0.36444262E-07   863.99999988   -23328.15801250
    2760    5.52000000  0.39473415E-05  0.84279092E-07 -0.36372188E-07   863.99999988   -23328.15820168
    2770    5.54000000  0.39686061E-05  0.84757751E-07 -0.36318327E-07   863.99999988   -23328.15838442
    2780    5.56000000  0.39891585E-05  0.85216962E-07 -0.36279769E-07   863.99999988   -23328.15856058
    2790    5.58000000  0.40089974E-05  0.85660833E-07 -0.36250352E-07   863.99999988   -23328.15873000
    2800    5.60000000  0.40281167E-05  0.86092459E-07 -0.36224757E-07   863.99999988   -23328.15889256
    2810    5.62000000  0.40465107E-05  0.86508182E-07 -0.36199548E-07   863.99999988   -23328.15904812
    2820    5.64000000  0.40641693E-05  0.86903768E-07 -0.36172110E-07   863.99999988   -23328.15919655
    2830    5.66000000  0.40810852E-05  0.87277244E-07 -0.36140185E-07   863.99999988   -23328.15933774
    2840    5.68000000  0.40972561E-05  0.87626812E-07 -0.36105957E-07   863.99999988   -23328.15947156
    2850    5.70000000  0.41126774E-05  0.87951334E-07 -0.36073462E-07   863.99999988   -23328.15959790
    2860    5.72000000  0.41273452E-05  0.88255708E-07 -0.36044353E-07   863.99999987   -23328.15971665
    2870    5.74000000  0.41412555E-05  0.88544217E-07 -0.36020597E-07   863.99999987   -23328.15982773
    2880    5.76000000  0.41544037E-05  0.88821566E-07 -0.36006306E-07   863.99999987   -23328.15993102
    2890    5.78000000  0.41667860E-05  0.89092106E-07 -0.35997915E-07   863.99999987   -23328.16002643
    2900    5.80000000  0.41783924E-05  0.89357659E-07 -0.35995426E-07   863.99999987   -23328.16011390
    2910    5.82000000  0.41892090E-05  0.89621504E-07 -0.35997100E-07   863.99999987   -23328.16019333
    2920    5.84000000  0.41992252E-05  0.89885381E-07 -0.35998792E-07   863.99999987   -23328.16026466
    2930    5.86000000  0.42084328E-05  0.90145693E-07 -0.35992785E-07   863.99999987   -23328.16032782
    2940    5.88000000  0.42168187E-05  0.90398241E-07 -0.35974079E-07   863.99999987   -23328.16038275
    2950    5.90000000  0.42243728E-05  0.90640191E-07 -0.35940622E-07   863.99999987   -23328.16042939
    2960    5.92000000  0.42310864E-05  0.90870474E-07 -0.35892290E-07   863.99999987   -23328.16046770
    2970    5.94000000  0.42369535E-05  0.91089006E-07 -0.35834609E-07   863.99999987   -23328.16049764
    2980    5.96000000  0.42419730E-05  0.91297382E-07 -0.35777819E-07   863.99999987   -23328.16051917
    2990    5.98000000  0.42461441E-05  0.91495372E-07 -0.35727955E-07   863.99999987   -23328.16053226
    3000    6.00000000  0.42494688E-05  0.91688691E-07 -0.35683867E-07   863.99999987   -23328.16053690
    3010    6.02000000  0.42519520E-05  0.91882761E-07 -0.35644681E-07   863.99999987   -23328.16053307
    3020    6.04000000  0.42535953E-05  0.92076427E-07 -0.35611711E-07   863.99999987   -23328.16052077
    3030    6.06000000  0.42543982E-05  0.92266742E-07 -0.35580146E-07   863.99999987   -23328.16049998
    3040    6.08000000  0.42543568E-05  0.92453900E-07 -0.35545710E-07   863.99999987   -23328.16047072
    3050    6.10000000  0.42534612E-05  0.92632745E-07 -0.35504328E-07   863.99999987   -23328.16043300
    3060    6.12000000  0.42517010E-05  0.92798347E-07 -0.35448575E-07   863.99999987   -23328.16038683
    3070    6.14000000  0.42490734E-05  0.92952634E-07 -0.35379672E-07   863.99999987   -23328.16033226
    3080    6.16000000  0.42455822E-05  0.93099444E-07 -0.35300498E-07   863.99999987   -23328.16026929
    3090    6.18000000  0.42412345E-05  0.93241036E-07 -0.35218800E-07   863.99999986   -23328.16019799
    3100    6.20000000  0.42360374E-05  0.93375041E-07 -0.35143170E-07   863.99999986   -23328.16011838
    3110    6.22000000  0.42299952E-05  0.93502587E-07 -0.35083269E-07   863.99999986   -23328.16003053
    3120    6.24000000  0.42231141E-05  0.93624996E-07 -0.35043138E-07   863.99999986   -23328.15993449
    3130    6.26000000  0.42153992E-05  0.93740580E-07 -0.35016040E-07   863.99999986   -23328.15983033
    3140    6.28000000  0.42068581E-05  0.93844838E-07 -0.34998371E-07   863.99999986   -23328.15971812
    3150    6.30000000  0.41974951E-05  0.93935880E-07 -0.34987277E-07   863.99999986   -23328.15959794
    3160    6.32000000  0.41873076E-05  0.94013982E-07 -0.34978595E-07   863.99999986   -23328.15946986
    3170    6.34000000  0.41762942E-05  0.94077440E-07 -0.34969016E-07   863.99999986   -23328.15933399
    3180    6.36000000  0.41644558E-05  0.94123220E-07 -0.34958083E-07   863.99999986   -23328.15919041
    3190    6.38000000  0.41517957E-05  0.94149761E-07 -0.34945741E-07   863.99999986   -23328.15903923
    3200    6.40000000  0.41383180E-05  0.94158288E-07 -0.34935641E-07   863.99999986   -23328.15888056
    3210    6.42000000  0.41240323E-05  0.94151070E-07 -0.34931744E-07   863.99999986   -23328.15871450
    3220    6.44000000  0.41089482E-05  0.94126338E-07 -0.34937435E-07   863.99999986   -23328.15854119
    3230    6.46000000  0.40930790E-05  0.94083340E-07 -0.34952798E-07   863.99999986   -23328.15836073
    3240    6.48000000  0.40764336E-05  0.94023560E-07 -0.34975194E-07   863.99999986   -23328.15817328
    3250    6.50000000  0.40590158E-05  0.93946539E-07 -0.35003234E-07   863.99999986   -23328.15797894
    3260    6.52000000  0.40408304E-05  0.93851414E-07 -0.35035456E-07   863.99999986   -23328.15777788
    3270    6.54000000  0.40218796E-05  0.93734939E-07 -0.35071040E-07   863.99999986   -23328.15757023
    3280    6.56000000  0.40021664E-05  0.93594140E-07 -0.35110822E-07   863.99999986   -23328.15735614
    3290    6.58000000  0.39816943E-05  0.93428880E-07 -0.35153093E-07   863.99999986   -23328.15713576
    3300    6.60000000  0.39604681E-05  0.93241430E-07 -0.35198659E-07   863.99999986   -23328.15690927
    3310    6.62000000  0.39384931E-05  0.93031850E-07 -0.35249066E-07   863.99999985   -23328.15667681
    3320    6.64000000  0.39157766E-05  0.92797091E-07 -0.35305988E-07   863.99999985   -23328.15643856
    3330    6.66000000  0.38923273E-05  0.92536996E-07 -0.35371492E-07   863.99999985   -23328.15619469
    3340    6.68000000  0.38681521E-05  0.92254854E-07 -0.35444780E-07   863.99999985   -23328.15594538
    3350    6.70000000  0.38432551E-05  0.91956575E-07 -0.35524550E-07   863.99999985   -23328.15569081
    3360    6.72000000  0.38176414E-05  0.91642642E-07 -0.35610261E-07   863.99999985   -23328.15543116
    3370    6.74000000  0.37913177E-05  0.91313747E-07 -0.35699257E-07   863.99999985   -23328.15516662
    3380    6.76000000  0.37642908E-05  0.90967293E-07 -0.35790349E-07   863.99999985   -23328.15489738
    3390    6.78000000  0.37365676E-05  0.90599390E-07 -0.35883169E-07   863.99999985   -23328.15462364
    3400    6.80000000  0.37081542E-05  0.90203831E-07 -0.35980141E-07   863.99999985   -23328.15434559
    3410    6.82000000  0.36790574E-05  0.89780228E-07 -0.36082864E-07   863.99999985   -23328.15406344
    3420    6.84000000  0.36492851E-05  0.89332314E-07 -0.36191277E-07   863.99999985   -23328.15377739
    3430    6.86000000  0.36188422E-05  0.88865236E-07 -0.36308594E-07   863.99999985   -23328.15348764
    3440    6.88000000  0.35877309E-05  0.88385414E-07 -0.36437786E-07   863.99999985   -23328.15319441
    3450    6.90000000  0.35559584E-05  0.87894128E-07 -0.36578583E-07   863.99999985   -23328.15289791
    3460    6.92000000  0.35235328E-05  0.87393554E-07 -0.36731399E-07   863.99999985   -23328.15259835
    3470    6.94000000  0.34904609E-05  0.86886138E-07 -0.36894913E-07   863.99999985   -23328.15229595
    3480    6.96000000  0.34567447E-05  0.86373777E-07 -0.37064599E-07   863.99999985   -23328.15199092
    3490    6.98000000  0.34223876E-05  0.85855236E-07 -0.37238817E-07   863.99999985   -23328.15168350
    3500    7.00000000  0.33873979E-05  0.85329796E-07 -0.37414449E-07   863.99999985   -23328.15137389
    3510    7.02000000  0.33517888E-05  0.84794506E-07 -0.37592703E-07   863.99999985   -23328.15106233
    3520    7.04000000  0.33155729E-05  0.84245323E-07 -0.37778163E-07   863.99999985   -23328.15074903
    3530    7.06000000  0.32787629E-05  0.83681905E-07 -0.37974265E-07   863.99999985   -23328.15043423
    3540    7.08000000  0.32413681E-05  0.83108578E-07 -0.38182164E-07   863.99999984   -23328.15011815
    3550    7.10000000  0.32033933E-05  0.82524615E-07 -0.38402666E-07   863.99999984   -23328.14980101
    3560    7.12000000  0.31648409E-05  0.81931712E-07 -0.38639496E-07   863.99999984   -23328.14948305
    3570    7.14000000  0.31257163E-05  0.81330163E-07 -0.38892804E-07   863.99999984   -23328.14916448
    3580    7.16000000  0.30860264E-05  0.80720235E-07 -0.39159143E-07   863.99999984   -23328.14884555
    3590    7.18000000  0.30457825E-05  0.80102180E-07 -0.39434269E-07   863.99999984   -23328.14852647
    3600    7.20000000  0.30049971E-05  0.79476664E-07 -0.39717094E-07   863.99999984   -23328.14820748
    3610    7.22000000  0.29636823E-05  0.78847800E-07 -0.40005119E-07   863.99999984   -23328.14788880
    3620    7.24000000  0.29218482E-05  0.78221310E-07 -0.40297819E-07   863.99999984   -23328.14757067
    3630    7.26000000  0.28795099E-05  0.77597307E-07 -0.40596203E-07   863.99999984   -23328.14725330
    3640    7.28000000  0.28366802E-05  0.76974635E-07 -0.40901412E-07   863.99999984   -23328.14693692
    3650    7.30000000  0.27933665E-05  0.76353473E-07 -0.41213950E-07   863.99999984   -23328.14662175
    3660    7.32000000  0.27495778E-05  0.75732144E-07 -0.41534806E-07   863.99999984   -23328.14630801
    3670    7.34000000  0.27053240E-05  0.75108620E-07 -0.41865680E-07   863.99999984   -23328.14599593
    3680    7.36000000  0.26606129E-05  0.74479851E-07 -0.42204987E-07   863.99999984   -23328.14568572
    3690    7.38000000  0.26154526E-05  0.73843325E-07 -0.42549738E-07   863.99999984   -23328.14537760
    3700    7.40000000  0.25698492E-05  0.73199670E-07 -0.42897938E-07   863.99999984   -23328.14507179
    3710    7.42000000  0.25238106E-05  0.72550737E-07 -0.43248388E-07   863.99999984   -23328.14476850
    3720    7.44000000  0.24773503E-05  0.71894522E-07 -0.43598492E-07   863.99999984   -23328.14446794
    3730    7.46000000  0.24304820E-05  0.71226323E-07 -0.43949078E-07   863.99999984   -23328.14417032
    3740    7.48000000  0.23832215E-05  0.70548653E-07 -0.44300782E-07   863.99999984   -23328.14387584
    3750    7.50000000  0.23355817E-05  0.69865189E-07 -0.44653791E-07   863.99999984   -23328.14358471
    3760    7.52000000  0.22875741E-05  0.69179167E-07 -0.45009640E-07   863.99999984   -23328.14329713
    3770    7.54000000  0.22392086E-05  0.68492279E-07 -0.45367271E-07   863.99999983   -23328.14301329
    3780    7.56000000  0.21904906E-05  0.67805130E-07 -0.45724748E-07   863.99999983   -23328.14273339
    3790    7.58000000  0.21414274E-05  0.67115822E-07 -0.46081554E-07   863.99999983   -23328.14245762
    3800    7.60000000  0.20920304E-05  0.66417210E-07 -0.46439668E-07   863.99999983   -23328.14218616
    3810    7.62000000  0.20423112E-05  0.65705225E-07 -0.46804562E-07   863.99999983   -23328.14191920
    3820    7.64000000  0.19922829E-05  0.64977788E-07 -0.47178669E-07   863.99999983   -23328.14165692
    3830    7.66000000  0.19419569E-05  0.64235920E-07 -0.47557248E-07   863.99999983   -23328.14139949
    3840    7.68000000  0.18913448E-05  0.63480460E-07 -0.47934387E-07   863.99999983   -23328.14114709
    3850    7.70000000  0.18404582E-05  0.62712636E-07 -0.48304960E-07   863.99999983   -23328.14089988
    3860    7.72000000  0.17893098E-05  0.61931864E-07 -0.48667530E-07   863.99999983   -23328.14065803
    3870    7.74000000  0.17379131E-05  0.61139740E-07 -0.49025071E-07   863.99999983   -23328.14042170
    3880    7.76000000  0.16862827E-05  0.60337451E-07 -0.49379329E-07   863.99999983   -23328.14019103
    3890    7.78000000  0.16344334E-05  0.59522487E-07 -0.49726162E-07   863.99999983   -23328.13996618
    3900    7.80000000  0.15823793E-05  0.58696353E-07 -0.50067731E-07   863.99999983   -23328.13974729
    3910    7.82000000  0.15301339E-05  0.57859537E-07 -0.50409247E-07   863.99999983   -23328.13953450
    3920    7.84000000  0.14777078E-05  0.57008069E-07 -0.50750212E-07   863.99999983   -23328.13932795
    3930    7.86000000  0.14251096E-05  0.56137883E-07 -0.51092859E-07   863.99999983   -23328.13912775
    3940    7.88000000  0.13723525E-05  0.55249853E-07 -0.51439546E-07   863.99999983   -23328.13893405
    3950    7.90000000  0.13194552E-05  0.54348166E-07 -0.51791842E-07   863.99999983   -23328.13874695
    3960    7.92000000  0.12664372E-05  0.53434313E-07 -0.52151115E-07   863.99999983   -23328.13856656
    3970    7.94000000  0.12133173E-05  0.52509383E-07 -0.52515804E-07   863.99999983   -23328.13839300
    3980    7.96000000  0.11601104E-05  0.51577616E-07 -0.52885685E-07   863.99999983   -23328.13822636
    3990    7.98000000  0.11068288E-05  0.50639678E-07 -0.53264244E-07   863.99999983   -23328.13806674
    4000    8.00000000  0.10534834E-05  0.49693301E-07 -0.53653185E-07   863.99999982   -23328.13791422
    4010    8.02000000  0.10000844E-05  0.48738551E-07 -0.54052401E-07   863.99999982   -23328.13776889
    4020    8.04000000  0.94664382E-06  0.47773519E-07 -0.54460051E-07   863.99999982   -23328.13763082
    4030    8.06000000  0.89317182E-06  0.46796105E-07 -0.54871246E-07   863.99999982   -23328.13750010
    4040    8.08000000  0.83968140E-06  0.45806019E-07 -0.55284630E-07   863.99999982   -23328.13737677
    4050    8.10000000  0.78618893E-06  0.44803031E-07 -0.55700334E-07   863.99999982   -23328.13726091
    4060    8.12000000  0.73270946E-06  0.43788497E-07 -0.56119305E-07   863.99999982   -23328.13715257
    4070    8.14000000  0.67925916E-06  0.42766360E-07 -0.56542962E-07   863.99999982   -23328.13705180
    4080    8.16000000  0.62585560E-06  0.41737968E-07 -0.56975778E-07   863.99999982   -23328.13695863
    4090    8.18000000  0.57251292E-06  0.40704943E-07 -0.57423392E-07   863.99999982   -23328.13687311
    4100    8.20000000  0.51924525E-06  0.39670289E-07 -0.57886316E-07   863.99999982   -23328.13679526
    4110    8.22000000  0.46606543E-06  0.38634628E-07 -0.58364406E-07   863.99999982   -23328.13672511
    4120    8.24000000  0.41298663E-06  0.37599790E-07 -0.58853781E-07   863.99999982   -23328.13666267
    4130    8.26000000  0.36002160E-06  0.36567076E-07 -0.59350720E-07   863.99999982   -23328.13660795
    4140    8.28000000  0.30717846E-06  0.35536732E-07 -0.59854128E-07   863.99999982   -23328.13656097
    4150    8.30000000  0.25446759E-06  0.34509936E-07 -0.60363776E-07   863.99999982   -23328.13652171
    4160    8.32000000  0.20189955E-06  0.33485773E-07 -0.60880269E-07   863.99999982   -23328.13649019
    4170    8.34000000  0.14948389E-06  0.32464458E-07 -0.61403298E-07   863.99999982   -23328.13646638
    4180    8.36000000  0.97229862E-07  0.31449434E-07 -0.61933106E-07   863.99999982   -23328.13645027
    4190    8.38000000  0.45147299E-07  0.30442698E-07 -0.62469352E-07   863.99999982   -23328.13644184
    4200    8.40000000 -0.67513977E-08  0.29443259E-07 -0.63012523E-07   863.99999982   -23328.13644106
    4210    8.42000000 -0.58453018E-07  0.28451738E-07 -0.63562913E-07   863.99999982   -23328.13644791
    4220    8.44000000 -0.10994639E-06  0.27469056E-07 -0.64116382E-07   863.99999982   -23328.13646234
    4230    8.46000000 -0.16121964E-06  0.26496625E-07 -0.64671370E-07   863.99999981   -23328.13648432
    4240    8.48000000 -0.21226281E-06  0.25536374E-07 -0.65225759E-07   863.99999981   -23328.13651379
    4250    8.50000000 -0.26306565E-06  0.24588772E-07 -0.65779883E-07   863.99999981   -23328.13655070
    4260    8.52000000 -0.31362237E-06  0.23653278E-07 -0.66333755E-07   863.99999981   -23328.13659500
    4270    8.54000000 -0.36392217E-06  0.22730728E-07 -0.66886401E-07   863.99999981   -23328.13664662
    4280    8.56000000 -0.41395637E-06  0.21821285E-07 -0.67439326E-07   863.99999981   -23328.13670550
    4290    8.58000000 -0.46371670E-06  0.20926652E-07 -0.67991336E-07   863.99999981   -23328.13677157
    4300    8.60000000 -0.51319356E-06  0.20046986E-07 -0.68541422E-07   863.99999981   -23328.13684475
    4310    8.62000000 -0.56237912E-06  0.19182444E-07 -0.69091250E-07   863.99999981   -23328.13692496
    4320    8.64000000 -0.61126596E-06  0.18332454E-07 -0.69638252E-07   863.99999981   -23328.13701211
    4330    8.66000000 -0.65984438E-06  0.17496411E-07 -0.70179833E-07   863.99999981   -23328.13710613
    4340    8.68000000 -0.70809981E-06  0.16671048E-07 -0.70714523E-07   863.99999981   -23328.13720691
    4350    8.70000000 -0.75601706E-06  0.15856682E-07 -0.71238689E-07   863.99999981   -23328.13731436
    4360    8.72000000 -0.80358552E-06  0.15055702E-07 -0.71751990E-07   863.99999981   -23328.13742837
    4370    8.74000000 -0.85079614E-06  0.14267494E-07 -0.72257762E-07   863.99999981   -23328.13754885
    4380    8.76000000 -0.89764525E-06  0.13494261E-07 -0.72756134E-07   863.99999981   -23328.13767568
    4390    8.78000000 -0.94412703E-06  0.12736990E-07 -0.73247723E-07   863.99999981   -23328.13780874
    4400    8.80000000 -0.99023244E-06  0.11992861E-07 -0.73736465E-07   863.99999981   -23328.13794793
    4410    8.82000000 -0.10359526E-05  0.11259696E-07 -0.74225557E-07   863.99999981   -23328.13809312
    4420    8.84000000 -0.10812761E-05  0.10535893E-07 -0.74716736E-07   863.99999981   -23328.13824419
    4430    8.86000000 -0.11261904E-05  0.98211773E-08 -0.75209290E-07   863.99999981   -23328.13840101
    4440    8.88000000 -0.11706820E-05  0.91106677E-08 -0.75703117E-07   863.99999981   -23328.13856346
    4450    8.90000000 -0.12147366E-05  0.84035865E-08 -0.76195540E-07   863.99999980   -23328.13873140
    4460    8.92000000 -0.12583394E-05  0.77017937E-08 -0.76683301E-07   863.99999980   -23328.13890468
    4470    8.94000000 -0.13014781E-05  0.70073642E-08 -0.77165263E-07   863.99999980   -23328.13908318
    4480    8.96000000 -0.13441426E-05  0.63211677E-08 -0.77636755E-07   863.99999980   -23328.13926675
    4490    8.98000000 -0.13863235E-05  0.56413976E-08 -0.78099279E-07   863.99999980   -23328.13945523
    4500    9.00000000 -0.14280114E-05  0.49669780E-08 -0.78553153E-07   863.99999980   -23328.13964849
    4510    9.02000000 -0.14691979E-05  0.42966547E-08 -0.78999202E-07   863.99999980   -23328.13984637
    4520    9.04000000 -0.15098731E-05  0.36296437E-08 -0.79441947E-07   863.99999980   -23328.14004871
    4530    9.06000000 -0.15500257E-05  0.29661060E-08 -0.79887351E-07   863.99999980   -23328.14025537
    4540    9.08000000 -0.15896438E-05  0.23056708E-08 -0.80339985E-07   863.99999980   -23328.14046618
    4550    9.10000000 -0.16287151E-05  0.16461593E-08 -0.80800617E-07   863.99999980   -23328.14068098
    4560    9.12000000 -0.16672262E-05  0.98633933E-09 -0.81265475E-07   863.99999980   -23328.14089962
    4570    9.14000000 -0.17051683E-05  0.32951780E-09 -0.81729430E-07   863.99999980   -23328.14112192
    4580    9.16000000 -0.17425316E-05 -0.32459088E-09 -0.82189629E-07   863.99999980   -23328.14134773
    4590    9.18000000 -0.17793048E-05 -0.97471442E-09 -0.82646093E-07   863.99999980   -23328.14157687
    4600    9.20000000 -0.18154778E-05 -0.16197223E-08 -0.83095312E-07   863.99999980   -23328.14180918
    4610    9.22000000 -0.18510409E-05 -0.22615168E-08 -0.83538861E-07   863.99999980   -23328.14204450
    4620    9.24000000 -0.18859850E-05 -0.29012331E-08 -0.83980413E-07   863.99999980   -23328.14228264
    4630    9.26000000 -0.19203005E-05 -0.35404719E-08 -0.84424710E-07   863.99999980   -23328.14252345
    4640    9.28000000 -0.19539777E-05 -0.41808172E-08 -0.84872758E-07   863.99999980   -23328.14276674
    4650    9.30000000 -0.19870073E-05 -0.48200496E-08 -0.85324728E-07   863.99999980   -23328.14301236
    4660    9.32000000 -0.20193816E-05 -0.54600899E-08 -0.85782366E-07   863.99999980   -23328.14326012
    4670    9.34000000 -0.20510946E-05 -0.61001849E-08 -0.86246545E-07   863.99999980   -23328.14350986
    4680    9.36000000 -0.20821388E-05 -0.67376688E-08 -0.86714681E-07   863.99999979   -23328.14376140
    4690    9.38000000 -0.21125091E-05 -0.73708352E-08 -0.87181188E-07   863.99999979   -23328.14401458
    4700    9.40000000 -0.21421979E-05 -0.79991900E-08 -0.87643488E-07   863.99999979   -23328.14426923
    4710    9.42000000 -0.21711987E-05 -0.86234843E-08 -0.88102584E-07   863.99999979   -23328.14452518
    4720    9.44000000 -0.21995033E-05 -0.92462699E-08 -0.88556950E-07   863.99999979   -23328.14478225
    4730    9.46000000 -0.22271069E-05 -0.98710137E-08 -0.89004222E-07   863.99999979   -23328.14504029
    4740    9.48000000 -0.22540060E-05 -0.10494961E-07 -0.89447450E-07   863.99999979   -23328.14529912
    4750    9.50000000 -0.22801936E-05 -0.11112648E-07 -0.89888777E-07   863.99999979   -23328.14555859
    4760    9.52000000 -0.23056633E-05 -0.11721585E-07 -0.90327520E-07   863.99999979   -23328.14581853
    4770    9.54000000 -0.23304106E-05 -0.12321618E-07 -0.90764603E-07   863.99999979   -23328.14607877
    4780    9.56000000 -0.23544329E-05 -0.12910054E-07 -0.91200164E-07   863.99999979   -23328.14633916
    4790    9.58000000 -0.23777254E-05 -0.13483709E-07 -0.91630581E-07   863.99999979   -23328.14659954
    4800    9.60000000 -0.24002835E-05 -0.14042444E-07 -0.92048948E-07   863.99999979   -23328.14685976
    4810    9.62000000 -0.24221089E-05 -0.14586751E-07 -0.92452307E-07   863.99999979   -23328.14711966
    4820    9.64000000 -0.24432004E-05 -0.15120396E-07 -0.92839223E-07   863.99999979   -23328.14737908
    4830    9.66000000 -0.24635548E-05 -0.15646710E-07 -0.93207823E-07   863.99999979   -23328.14763790
    4840    9.68000000 -0.24831675E-05 -0.16167012E-07 -0.93559959E-07   863.99999979   -23328.14789594
    4850    9.70000000 -0.25020356E-05 -0.16680796E-07 -0.93900415E-07   863.99999979   -23328.14815309
    4860    9.72000000 -0.25201555E-05 -0.17184623E-07 -0.94233806E-07   863.99999979   -23328.14840918
    4870    9.74000000 -0.25375239E-05 -0.17674718E-07 -0.94564117E-07   863.99999979   -23328.14866409
    4880    9.76000000 -0.25541393E-05 -0.18147643E-07 -0.94893107E-07   863.99999979   -23328.14891769
    4890    9.78000000 -0.25700030E-05 -0.18601153E-07 -0.95220518E-07   863.99999979   -23328.14916983
    4900    9.80000000 -0.25851137E-05 -0.19033017E-07 -0.95544888E-07   863.99999979   -23328.14942039
    4910    9.82000000 -0.25994673E-05 -0.19443892E-07 -0.95860456E-07   863.99999978   -23328.14966924
    4920    9.84000000 -0.26130613E-05 -0.19835034E-07 -0.96161160E-07   863.99999978   -23328.14991627
    4930    9.86000000 -0.26258964E-05 -0.20209255E-07 -0.96446786E-07   863.99999978   -23328.15016135
    4940    9.88000000 -0.26379738E-05 -0.20567397E-07 -0.96715548E-07   863.99999978   -23328.15040437
    4950    9.90000000 -0.26492912E-05 -0.20908541E-07 -0.96965046E-07   863.99999978   -23328.15064521
    4960    9.92000000 -0.26598465E-05 -0.21234720E-07 -0.97195410E-07   863.99999978   -23328.15088377
    4970    9.94000000 -0.26696426E-05 -0.21548988E-07 -0.97412344E-07   863.99999978   -23328.15111994
    4980    9.96000000 -0.26786802E-05 -0.21849746E-07 -0.97621480E-07   863.99999978   -23328.15135363
    4990    9.98000000 -0.26869598E-05 -0.22135629E-07 -0.97826915E-07   863.99999978   -23328.15158472
    5000   10.00000000 -0.26944794E-05 -0.22403066E-07 -0.98032128E-07   863.99999978   -23328.15181314
    5010   10.02000000 -0.27012371E-05 -0.22650523E-07 -0.98235949E-07   863.99999978   -23328.15203878
    5020   10.04000000 -0.27072317E-05 -0.22876856E-07 -0.98434268E-07   863.99999978   -23328.15226157
    5030   10.06000000 -0.27124637E-05 -0.23083139E-07 -0.98624731E-07   863.99999978   -23328.15248142
    5040   10.08000000 -0.27169317E-05 -0.23272188E-07 -0.98807171E-07   863.99999978   -23328.15269824
    5050   10.10000000 -0.27206349E-05 -0.23445774E-07 -0.98981181E-07   863.99999978   -23328.15291197
    5060   10.12000000 -0.27235714E-05 -0.23602593E-07 -0.99146277E-07   863.99999978   -23328.15312254
    5070   10.14000000 -0.27257392E-05 -0.23745523E-07 -0.99302348E-07   863.99999978   -23328.15332986
    5080   10.16000000 -0.27271361E-05 -0.23878076E-07 -0.99449722E-07   863.99999978   -23328.15353389
    5090   10.18000000 -0.27277647E-05 -0.23998342E-07 -0.99591893E-07   863.99999978   -23328.15373456
    5100   10.20000000 -0.27276286E-05 -0.24104453E-07 -0.99732488E-07   863.99999978   -23328.15393182
    5110   10.22000000 -0.27267260E-05 -0.24196661E-07 -0.99873488E-07   863.99999978   -23328.15412560
    5120   10.24000000 -0.27250602E-05 -0.24270153E-07 -0.10001814E-06   863.99999978   -23328.15431587
    5130   10.26000000 -0.27226330E-05 -0.24324755E-07 -0.10016701E-06   863.99999978   -23328.15450258
    5140   10.28000000 -0.27194420E-05 -0.24360592E-07 -0.10031830E-06   863.99999977   -23328.15468569
    5150   10.30000000 -0.27154857E-05 -0.24377147E-07 -0.10046932E-06   863.99999977   -23328.15486515
    5160   10.32000000 -0.27107638E-05 -0.24379030E-07 -0.10062035E-06   863.99999977   -23328.15504095
    5170   10.34000000 -0.27052753E-05 -0.24371633E-07 -0.10077500E-06   863.99999977   -23328.15521304
    5180   10.36000000 -0.26990227E-05 -0.24357506E-07 -0.10093364E-06   863.99999977   -23328.15538140
    5190   10.38000000 -0.26920081E-05 -0.24341352E-07 -0.10109396E-06   863.99999977   -23328.15554602
    5200   10.40000000 -0.26842327E-05 -0.24325220E-07 -0.10125539E-06   863.99999977   -23328.15570687
    5210   10.42000000 -0.26756970E-05 -0.24307417E-07 -0.10141827E-06   863.99999977   -23328.15586393
    5220   10.44000000 -0.26664005E-05 -0.24285022E-07 -0.10158214E-06   863.99999977   -23328.15601721
    5230   10.46000000 -0.26563483E-05 -0.24255153E-07 -0.10174603E-06   863.99999977   -23328.15616668
    5240   10.48000000 -0.26455469E-05 -0.24212885E-07 -0.10190947E-06   863.99999977   -23328.15631235
    5250   10.50000000 -0.26340005E-05 -0.24154459E-07 -0.10207417E-06   863.99999977   -23328.15645422
    5260   10.52000000 -0.26217117E-05 -0.24078411E-07 -0.10224293E-06   863.99999977   -23328.15659229
    5270   10.54000000 -0.26086839E-05 -0.23987005E-07 -0.10241578E-06   863.99999977   -23328.15672657
    5280   10.56000000 -0.25949187E-05 -0.23884796E-07 -0.10259255E-06   863.99999977   -23328.15685707
    5290   10.58000000 -0.25804201E-05 -0.23771891E-07 -0.10277106E-06   863.99999977   -23328.15698380
    5300   10.60000000 -0.25651942E-05 -0.23652832E-07 -0.10294725E-06   863.99999977   -23328.15710678
    5310   10.62000000 -0.25492458E-05 -0.23532472E-07 -0.10311886E-06   863.99999977   -23328.15722604
    5320   10.64000000 -0.25325784E-05 -0.23412399E-07 -0.10328574E-06   863.99999977   -23328.15734160
    5330   10.66000000 -0.25151966E-05 -0.23295096E-07 -0.10344640E-06   863.99999977   -23328.15745347
    5340   10.68000000 -0.24971038E-05 -0.23177224E-07 -0.10360153E-06   863.99999977   -23328.15756171
    5350   10.70000000 -0.24783073E-05 -0.23050088E-07 -0.10375315E-06   863.99999977   -23328.15766633
    5360   10.72000000 -0.24588170E-05 -0.22906214E-07 -0.10390228E-06   863.99999977   -23328.15776737
    5370   10.74000000 -0.24386396E-05 -0.22742089E-07 -0.10404918E-06   863.99999976   -23328.15786488
    5380   10.76000000 -0.24177802E-05 -0.22557766E-07 -0.10419155E-06   863.99999976   -23328.15795889
    5390   10.78000000 -0.23962450E-05 -0.22355570E-07 -0.10432933E-06   863.99999976   -23328.15804946
    5400   10.80000000 -0.23740393E-05 -0.22137745E-07 -0.10446072E-06   863.99999976   -23328.15813662
    5410   10.82000000 -0.23511705E-05 -0.21907134E-07 -0.10458366E-06   863.99999976   -23328.15822042
    5420   10.84000000 -0.23276404E-05 -0.21671710E-07 -0.10469769E-06   863.99999976   -23328.15830092
    5430   10.86000000 -0.23034553E-05 -0.21436258E-07 -0.10480474E-06   863.99999976   -23328.15837818
    5440   10.88000000 -0.22786248E-05 -0.21201937E-07 -0.10490201E-06   863.99999976   -23328.15845224
    5450   10.90000000 -0.22531612E-05 -0.20964851E-07 -0.10498589E-06   863.99999976   -23328.15852316
    5460   10.92000000 -0.22270740E-05 -0.20721064E-07 -0.10506027E-06   863.99999976   -23328.15859101
    5470   10.94000000 -0.22003741E-05 -0.20463873E-07 -0.10512992E-06   863.99999976   -23328.15865585
    5480   10.96000000 -0.21730730E-05 -0.20184697E-07 -0.10519900E-06   863.99999976   -23328.15871774
    5490   10.98000000 -0.21451806E-05 -0.19881072E-07 -0.10526793E-06   863.99999976   -23328.15877674
    5500   11.00000000 -0.21167044E-05 -0.19558408E-07 -0.10533468E-06   863.99999976   -23328.15883293
    5510   11.02000000 -0.20876494E-05 -0.19218087E-07 -0.10539623E-06   863.99999976   -23328.15888637
    5520   11.04000000 -0.20580156E-05 -0.18861033E-07 -0.10545037E-06   863.99999976   -23328.15893713
    5530   11.06000000 -0.20278059E-05 -0.18491932E-07 -0.10549538E-06   863.99999976   -23328.15898528
    5540   11.08000000 -0.19970296E-05 -0.18115661E-07 -0.10553253E-06   863.99999976   -23328.15903089
    5550   11.10000000 -0.19656963E-05 -0.17737120E-07 -0.10556182E-06   863.99999976   -23328.15907404
    5560   11.12000000 -0.19338155E-05 -0.17356403E-07 -0.10558110E-06   863.99999976   -23328.15911479
    5570   11.14000000 -0.19013976E-05 -0.16969022E-07 -0.10559261E-06   863.99999976   -23328.15915322
    5580   11.16000000 -0.18684555E-05 -0.16573013E-07 -0.10559600E-06   863.99999976   -23328.15918941
    5590   11.18000000 -0.18350016E-05 -0.16168018E-07 -0.10559235E-06   863.99999975   -23328.15922342
    5600   11.20000000 -0.18010455E-05 -0.15752664E-07 -0.10558622E-06   863.99999975   -23328.15925534
    5610   11.22000000 -0.17665924E-05 -0.15322948E-07 -0.10558068E-06   863.99999975   -23328.15928523
    5620   11.24000000 -0.17316486E-05 -0.14876406E-07 -0.10557697E-06   863.99999975   -23328.15931318
    5630   11.26000000 -0.16962233E-05 -0.14416544E-07 -0.10557189E-06   863.99999975   -23328.15933926
    5640   11.28000000 -0.16603250E-05 -0.13945768E-07 -0.10556188E-06   863.99999975   -23328.15936354
    5650   11.30000000 -0.16239632E-05 -0.13468117E-07 -0.10554707E-06   863.99999975   -23328.15938609
    5660   11.32000000 -0.15871476E-05 -0.12985813E-07 -0.10552876E-06   863.99999975   -23328.15940700
    5670   11.34000000 -0.15498860E-05 -0.12501474E-07 -0.10550603E-06   863.99999975   -23328.15942634
    5680   11.36000000 -0.15121884E-05 -0.12016368E-07 -0.10547820E-06   863.99999975   -23328.15944418
    5690   11.38000000 -0.14740646E-05 -0.11531549E-07 -0.10544572E-06   863.99999975   -23328.15946058
    5700   11.40000000 -0.14355235E-05 -0.11049720E-07 -0.10540858E-06   863.99999975   -23328.15947563
    5710   11.42000000 -0.13965767E-05 -0.10568563E-07 -0.10536637E-06   863.99999975   -23328.15948940
    5720   11.44000000 -0.13572382E-05 -0.10081659E-07 -0.10532025E-06   863.99999975   -23328.15950194
    5730   11.46000000 -0.13175187E-05 -0.95862950E-08 -0.10527260E-06   863.99999975   -23328.15951334
    5740   11.48000000 -0.12774280E-05 -0.90830655E-08 -0.10522469E-06   863.99999975   -23328.15952366
    5750   11.50000000 -0.12369740E-05 -0.85735618E-08 -0.10517887E-06   863.99999975   -23328.15953297
    5760   11.52000000 -0.11961667E-05 -0.80583677E-08 -0.10513686E-06   863.99999975   -23328.15954133
    5770   11.54000000 -0.11550148E-05 -0.75390209E-08 -0.10510302E-06   863.99999975   -23328.15954880
    5780   11.56000000 -0.11135279E-05 -0.70172978E-08 -0.10507706E-06   863.99999975   -23328.15955545
    5790   11.58000000 -0.10717163E-05 -0.64956879E-08 -0.10505562E-06   863.99999975   -23328.15956134
    5800   11.60000000 -0.10295900E-05 -0.59734551E-08 -0.10503561E-06   863.99999975   -23328.15956652
    5810   11.62000000 -0.98715961E-06 -0.54497935E-08 -0.10501402E-06   863.99999975   -23328.15957105
    5820   11.64000000 -0.94443825E-06 -0.49244369E-08 -0.10498874E-06   863.99999974   -23328.15957499
    5830   11.66000000 -0.90144130E-06 -0.43977095E-08 -0.10495956E-06   863.99999974   -23328.15957839
    5840   11.68000000 -0.85818484E-06 -0.38681851E-08 -0.10493133E-06   863.99999974   -23328.15958129
    5850   11.70000000 -0.81468402E-06 -0.33335152E-08 -0.10490591E-06   863.99999974   -23328.15958376
    5860   11.72000000 -0.77095358E-06 -0.27946349E-08 -0.10488783E-06   863.99999974   -23328.15958582
    5870   11.74000000 -0.72700285E-06 -0.22548559E-08 -0.10488116E-06   863.99999974   -23328.15958754
    5880   11.76000000 -0.68283843E-06 -0.17173501E-08 -0.10488739E-06   863.99999974   -23328.15958894
    5890   11.78000000 -0.63846764E-06 -0.11826683E-08 -0.10490546E-06   863.99999974   -23328.15959008
    5900   11.80000000 -0.59390122E-06 -0.65320927E-09 -0.10492866E-06   863.99999974   -23328.15959098
    5910   11.82000000 -0.54914794E-06 -0.12742164E-09 -0.10495223E-06   863.99999974   -23328.15959168
    5920   11.84000000 -0.50421787E-06  0.39990847E-09 -0.10497581E-06   863.99999974   -23328.15959221
    5930   11.86000000 -0.45912112E-06  0.93082830E-09 -0.10499951E-06   863.99999974   -23328.15959260
    5940   11.88000000 -0.41387247E-06  0.14669393E-08 -0.10502140E-06   863.99999974   -23328.15959287
    5950   11.90000000 -0.36848937E-06  0.20119374E-08 -0.10504435E-06   863.99999974   -23328.15959306
    5960   11.92000000 -0.32298750E-06  0.25672875E-08 -0.10507236E-06   863.99999974   -23328.15959318
    5970   11.94000000 -0.27738397E-06  0.31326564E-08 -0.10510525E-06   863.99999974   -23328.15959326
    5980   11.96000000 -0.23169345E-06  0.37083828E-08 -0.10514405E-06   863.99999974   -23328.15959329
    5990   11.98000000 -0.18592991E-06  0.42905020E-08 -0.10518745E-06   863.99999974   -23328.15959331
    6000   12.00000000 -0.14010647E-06  0.48741723E-08 -0.10523526E-06   863.99999974   -23328.15959331
    6010   12.02000000 -0.93867796E-07  0.54565610E-08 -0.10528231E-06   863.99999974   -23328.15959331
    6020   12.04000000 -0.47381100E-07  0.60356657E-08 -0.10532651E-06   863.99999974   -23328.15959331
    6030   12.06000000 -0.13663325E-08  0.66114337E-08 -0.10536898E-06   863.99999974   -23328.15959331
    6040   12.08000000  0.43520516E-07  0.71877771E-08 -0.10541423E-06   863.99999974   -23328.15959331
    6050   12.10000000  0.86670037E-07  0.77656916E-08 -0.10545970E-06   863.99999973   -23328.15959331
    6060   12.12000000  0.12753465E-06  0.83508430E-08 -0.10550494E-06   863.99999973   -23328.15959332
    6070   12.14000000  0.16564536E-06  0.89458717E-08 -0.10555041E-06   863.99999973   -23328.15959332
    6080   12.16000000  0.20061279E-06  0.95544561E-08 -0.10559614E-06   863.99999973   -23328.15959332
    6090   12.18000000  0.23212675E-06  0.10181109E-07 -0.10564026E-06   863.99999973   -23328.15959332
    6100   12.20000000  0.25995245E-06  0.10823503E-07 -0.10568138E-06   863.99999973   -23328.15959332
    6110   12.22000000  0.28391534E-06  0.11481069E-07 -0.10571813E-06   863.99999973   -23328.15959332
    6120   12.24000000  0.30389813E-06  0.12154116E-07 -0.10575139E-06   863.99999973   -23328.15959332
    6130   12.26000000  0.31984045E-06  0.12839118E-07 -0.10578294E-06   863.99999973   -23328.15959332
    6140   12.28000000  0.33173528E-06  0.13529480E-07 -0.10581381E-06   863.99999973   -23328.15959332
    6150   12.30000000  0.33962291E-06  0.14220452E-07 -0.10584577E-06   863.99999973   -23328.15959332
    6160   12.32000000  0.34358832E-06  0.14909000E-07 -0.10587748E-06   863.99999973   -23328.15959332
    6170   12.34000000  0.34375908E-06  0.15591094E-07 -0.10590623E-06   863.99999973   -23328.15959332
    6180   12.36000000  0.34030536E-06  0.16264754E-07 -0.10593437E-06   863.99999973   -23328.15959332
    6190   12.38000000  0.33342876E-06  0.16927727E-07 -0.10596277E-06   863.99999973   -23328.15959332
    6200   12.40000000  0.32336152E-06  0.17575631E-07 -0.10599178E-06   863.99999973   -23328.15959332
    6210   12.42000000  0.31036285E-06  0.18205762E-07 -0.10602585E-06   863.99999973   -23328.15959332
    6220   12.44000000  0.29471416E-06  0.18814607E-07 -0.10606514E-06   863.99999973   -23328.15959332
    6230   12.46000000  0.27671068E-06  0.19391610E-07 -0.10610804E-06   863.99999973   -23328.15959332
    6240   12.48000000  0.25665906E-06  0.19929730E-07 -0.10615862E-06   863.99999973   -23328.15959332
    6250   12.50000000  0.23487266E-06  0.20422245E-07 -0.10621811E-06   863.99999973   -23328.15959332
    6260   12.52000000  0.21166494E-06  0.20863976E-07 -0.10628615E-06   863.99999973   -23328.15959332
    6270   12.54000000  0.18734221E-06  0.21249156E-07 -0.10636554E-06   863.99999973   -23328.15959332
    6280   12.56000000  0.16220232E-06  0.21567542E-07 -0.10645960E-06   863.99999972   -23328.15959333
    6290   12.58000000  0.13653658E-06  0.21815251E-07 -0.10656919E-06   863.99999972   -23328.15959333
    6300   12.60000000  0.11062403E-06  0.21990219E-07 -0.10669429E-06   863.99999972   -23328.15959333
    6310   12.62000000  0.84728273E-07  0.22086682E-07 -0.10683492E-06   863.99999972   -23328.15959333
    6320   12.64000000  0.59105121E-07  0.22101760E-07 -0.10698898E-06   863.99999972   -23328.15959333
    6330   12.66000000  0.33997058E-07  0.22037599E-07 -0.10715644E-06   863.99999972   -23328.15959333
    6340   12.68000000  0.96288497E-08  0.21897852E-07 -0.10733575E-06   863.99999972   -23328.15959333
    6350   12.70000000 -0.13786833E-07  0.21681630E-07 -0.10752824E-06   863.99999972   -23328.15959333
    6360   12.72000000 -0.36056843E-07  0.21388591E-07 -0.10773207E-06   863.99999972   -23328.15959333
    6370   12.74000000 -0.57011894E-07  0.21016097E-07 -0.10794738E-06   863.99999972   -23328.15959333
    6380   12.76000000 -0.76503632E-07  0.20560796E-07 -0.10817586E-06   863.99999972   -23328.15959333
    6390   12.78000000 -0.94409762E-07  0.20021420E-07 -0.10841695E-06   863.99999972   -23328.15959333
    6400   12.80000000 -0.11063239E-06  0.19398045E-07 -0.10866792E-06   863.99999972   -23328.15959333
    6410   12.82000000 -0.12509749E-06  0.18694515E-07 -0.10892348E-06   863.99999972   -23328.15959333
    6420   12.84000000 -0.13775365E-06  0.17916972E-07 -0.10917514E-06   863.99999972   -23328.15959333
    6430   12.86000000 -0.14857152E-06  0.17071716E-07 -0.10941540E-06   863.99999972   -23328.15959333
    6440   12.88000000 -0.15753893E-06  0.16166590E-07 -0.10964078E-06   863.99999972   -23328.15959333
    6450   12.90000000 -0.16466002E-06  0.15212317E-07 -0.10984884E-06   863.99999972   -23328.15959333
    6460   12.92000000 -0.16995598E-06  0.14215923E-07 -0.11004009E-06   863.99999972   -23328.15959333
    6470   12.94000000 -0.17346605E-06  0.13182878E-07 -0.11021464E-06   863.99999972   -23328.15959333
    6480   12.96000000 -0.17524650E-06  0.12116858E-07 -0.11037245E-06   863.99999972   -23328.15959334
    6490   12.98000000 -0.17536670E-06  0.11023964E-07 -0.11051235E-06   863.99999972   -23328.15959334
    6500   13.00000000 -0.17390883E-06  0.99076405E-08 -0.11063447E-06   863.99999972   -23328.15959334
    6510   13.02000000 -0.17096679E-06  0.87726977E-08 -0.11073515E-06   863.99999971   -23328.15959334
    6520   13.04000000 -0.16664468E-06  0.76239456E-08 -0.11080947E-06   863.99999971   -23328.15959334
    6530   13.06000000 -0.16105809E-06  0.64682658E-08 -0.11085385E-06   863.99999971   -23328.15959334
    6540   13.08000000 -0.15432896E-06  0.53129618E-08 -0.11086389E-06   863.99999971   -23328.15959334
    6550   13.10000000 -0.14658584E-06  0.41654101E-08 -0.11083365E-06   863.99999971   -23328.15959334
    6560   13.12000000 -0.13796204E-06  0.30368505E-08 -0.11076019E-06   863.99999971   -23328.15959334
    6570   13.14000000 -0.12858900E-06  0.19401174E-08 -0.11064265E-06   863.99999971   -23328.15959334
    6580   13.16000000 -0.11860050E-06  0.88221474E-09 -0.11048196E-06   863.99999971   -23328.15959334
    6590   13.18000000 -0.10812261E-06 -0.13558745E-09 -0.11028227E-06   863.99999971   -23328.15959334
    6600   13.20000000 -0.97280258E-07 -0.11106837E-08 -0.11004568E-06   863.99999971   -23328.15959334
    6610   13.22000000 -0.86196233E-07 -0.20372320E-08 -0.10977400E-06   863.99999971   -23328.15959334
    6620   13.24000000 -0.74986231E-07 -0.29133537E-08 -0.10946845E-06   863.99999971   -23328.15959334
    6630   13.26000000 -0.63758819E-07 -0.37335974E-08 -0.10912556E-06   863.99999971   -23328.15959334
    6640   13.28000000 -0.52621964E-07 -0.44902640E-08 -0.10874024E-06   863.99999971   -23328.15959334
    6650   13.30000000 -0.41676108E-07 -0.51805968E-08 -0.10830747E-06   863.99999971   -23328.15959334
    6660   13.32000000 -0.31009922E-07 -0.58020815E-08 -0.10782602E-06   863.99999971   -23328.15959334
    6670   13.34000000 -0.20707765E-07 -0.63494514E-08 -0.10729791E-06   863.99999971   -23328.15959335
    6680   13.36000000 -0.10848707E-07 -0.68200186E-08 -0.10672652E-06   863.99999971   -23328.15959335
    6690   13.38000000 -0.14985459E-08 -0.72122018E-08 -0.10611480E-06   863.99999971   -23328.15959335
    6700   13.40000000  0.72857310E-08 -0.75256650E-08 -0.10547001E-06   863.99999971   -23328.15959335
    6710   13.42000000  0.15454427E-07 -0.77657955E-08 -0.10480003E-06   863.99999971   -23328.15959335
    6720   13.44000000  0.22966499E-07 -0.79346785E-08 -0.10410943E-06   863.99999971   -23328.15959335
    6730   13.46000000  0.29783437E-07 -0.80359401E-08 -0.10339883E-06   863.99999971   -23328.15959335
    6740   13.48000000  0.35877304E-07 -0.80723551E-08 -0.10266933E-06   863.99999970   -23328.15959335
    6750   13.50000000  0.41232446E-07 -0.80450915E-08 -0.10192055E-06   863.99999970   -23328.15959335
    6760   13.52000000  0.45840387E-07 -0.79537856E-08 -0.10115055E-06   863.99999970   -23328.15959335
    6770   13.54000000  0.49699524E-07 -0.78039688E-08 -0.10036102E-06   863.99999970   -23328.15959335
    6780   13.56000000  0.52819827E-07 -0.75992532E-08 -0.99554589E-07   863.99999970   -23328.15959335
    6790   13.58000000  0.55216678E-07 -0.73445499E-08 -0.98734785E-07   863.99999970   -23328.15959335
    6800   13.60000000  0.56906279E-07 -0.70429669E-08 -0.97907146E-07   863.99999970   -23328.15959335
    6810   13.62000000  0.57911841E-07 -0.67002062E-08 -0.97079261E-07   863.99999970   -23328.15959335
    6820   13.64000000  0.58264434E-07 -0.63251856E-08 -0.96256283E-07   863.99999970   -23328.15959335
    6830   13.66000000  0.57999794E-07 -0.59240367E-08 -0.95441666E-07   863.99999970   -23328.15959335
    6840   13.68000000  0.57157209E-07 -0.54998553E-08 -0.94637325E-07   863.99999970   -23328.15959335
    6850   13.70000000  0.55778014E-07 -0.50562959E-08 -0.93843603E-07   863.99999970   -23328.15959335
    6860   13.72000000  0.53907367E-07 -0.45991132E-08 -0.93062512E-07   863.99999970   -23328.15959336
    6870   13.74000000  0.51590372E-07 -0.41320150E-08 -0.92297698E-07   863.99999970   -23328.15959336
    6880   13.76000000  0.48874502E-07 -0.36621778E-08 -0.91548561E-07   863.99999970   -23328.15959336
    6890   13.78000000  0.45807486E-07 -0.31968022E-08 -0.90816011E-07   863.99999970   -23328.15959336
    6900   13.80000000  0.42442934E-07 -0.27438306E-08 -0.90103151E-07   863.99999970   -23328.15959336
    6910   13.82000000  0.38837501E-07 -0.23093368E-08 -0.89410026E-07   863.99999970   -23328.15959336
    6920   13.84000000  0.35045737E-07 -0.18935886E-08 -0.88743380E-07   863.99999970   -23328.15959336
    6930   13.86000000  0.31123703E-07 -0.14992965E-08 -0.88108981E-07   863.99999970   -23328.15959336
    6940   13.88000000  0.27122503E-07 -0.11279185E-08 -0.87510315E-07   863.99999970   -23328.15959336
    6950   13.90000000  0.23091906E-07 -0.77574999E-09 -0.86947082E-07   863.99999970   -23328.15959336
    6960   13.92000000  0.19076514E-07 -0.44469339E-09 -0.86419874E-07   863.99999970   -23328.15959336
    6970   13.94000000  0.15121481E-07 -0.13993388E-09 -0.85924682E-07   863.99999969   -23328.15959336
    6980   13.96000000  0.11268619E-07  0.13592489E-09 -0.85453432E-07   863.99999969   -23328.15959336
    6990   13.98000000  0.75542971E-08  0.37691357E-09 -0.85001878E-07   863.99999969   -23328.15959336
    7000   14.00000000  0.40082368E-08  0.57747363E-09 -0.84569187E-07   863.99999969   -23328.15959336
    7010   14.02000000  0.65728406E-09  0.73339796E-09 -0.84154305E-07   863.99999969   -23328.15959336
    7020   14.04000000 -0.24690788E-08  0.84538581E-09 -0.83758971E-07   863.99999969   -23328.15959336
    7030   14.06000000 -0.53443965E-08  0.91620246E-09 -0.83389706E-07   863.99999969   -23328.15959336
    7040   14.08000000 -0.79476079E-08  0.94647395E-09 -0.83054360E-07   863.99999969   -23328.15959336
    7050   14.10000000 -0.10258174E-07  0.93763512E-09 -0.82755694E-07   863.99999969   -23328.15959336
    7060   14.12000000 -0.12263936E-07  0.89063774E-09 -0.82487829E-07   863.99999969   -23328.15959337
    7070   14.14000000 -0.13962046E-07  0.80637355E-09 -0.82247064E-07   863.99999969   -23328.15959337
    7080   14.16000000 -0.15350478E-07  0.68680118E-09 -0.82029051E-07   863.99999969   -23328.15959337
    7090   14.18000000 -0.16432154E-07  0.53164008E-09 -0.81825350E-07   863.99999969   -23328.15959337
    7100   14.20000000 -0.17219055E-07  0.33998259E-09 -0.81633198E-07   863.99999969   -23328.15959337
    7110   14.22000000 -0.17720810E-07  0.11166539E-09 -0.81449095E-07   863.99999969   -23328.15959337
    7120   14.24000000 -0.17948626E-07 -0.15174300E-09 -0.81270842E-07   863.99999969   -23328.15959337
    7130   14.26000000 -0.17917361E-07 -0.44730011E-09 -0.81099014E-07   863.99999969   -23328.15959337
    7140   14.28000000 -0.17643790E-07 -0.77446580E-09 -0.80934304E-07   863.99999969   -23328.15959337
    7150   14.30000000 -0.17144193E-07 -0.11314338E-08 -0.80776955E-07   863.99999969   -23328.15959337
    7160   14.32000000 -0.16445761E-07 -0.15108743E-08 -0.80627249E-07   863.99999969   -23328.15959337
    7170   14.34000000 -0.15574431E-07 -0.19036458E-08 -0.80484619E-07   863.99999969   -23328.15959337
    7180   14.36000000 -0.14552735E-07 -0.23062984E-08 -0.80345835E-07   863.99999969   -23328.15959337
    7190   14.38000000 -0.13409496E-07 -0.27140946E-08 -0.80205641E-07   863.99999969   -23328.15959337
    7200   14.40000000 -0.12175990E-07 -0.31243146E-08 -0.80059441E-07   863.99999968   -23328.15959337
    7210   14.42000000 -0.10877898E-07 -0.35397461E-08 -0.79906633E-07   863.99999968   -23328.15959337
    7220   14.44000000 -0.95398821E-08 -0.39622662E-08 -0.79747715E-07   863.99999968   -23328.15959337
    7230   14.46000000 -0.81907191E-08 -0.43895723E-08 -0.79580885E-07   863.99999968   -23328.15959337
    7240   14.48000000 -0.68541943E-08 -0.48185002E-08 -0.79405169E-07   863.99999968   -23328.15959337
    7250   14.50000000 -0.55519258E-08 -0.52480595E-08 -0.79220474E-07   863.99999968   -23328.15959338
    7260   14.52000000 -0.43073135E-08 -0.56768297E-08 -0.79027044E-07   863.99999968   -23328.15959338
    7270   14.54000000 -0.31437798E-08 -0.60985640E-08 -0.78824344E-07   863.99999968   -23328.15959338
    7280   14.56000000 -0.20835185E-08 -0.65069268E-08 -0.78612708E-07   863.99999968   -23328.15959338
    7290   14.58000000 -0.11431694E-08 -0.68981780E-08 -0.78392860E-07   863.99999968   -23328.15959338
    7300   14.60000000 -0.33678052E-09 -0.72702645E-08 -0.78164827E-07   863.99999968   -23328.15959338
    7310   14.62000000  0.32459057E-09 -0.76216557E-08 -0.77926755E-07   863.99999968   -23328.15959338
    7320   14.64000000  0.83486385E-09 -0.79511396E-08 -0.77679942E-07   863.99999968   -23328.15959338
    7330   14.66000000  0.11897700E-08 -0.82589493E-08 -0.77429188E-07   863.99999968   -23328.15959338
    7340   14.68000000  0.13849985E-08 -0.85497757E-08 -0.77172266E-07   863.99999968   -23328.15959338
    7350   14.70000000  0.14177312E-08 -0.88252871E-08 -0.76908092E-07   863.99999968   -23328.15959338
    7360   14.72000000  0.12861732E-08 -0.90869394E-08 -0.76637048E-07   863.99999968   -23328.15959338
    7370   14.74000000  0.99161253E-09 -0.93343661E-08 -0.76359374E-07   863.99999968   -23328.15959338
    7380   14.76000000  0.53942266E-09 -0.95643357E-08 -0.76073241E-07   863.99999968   -23328.15959338
    7390   14.78000000 -0.63167105E-10 -0.97764119E-08 -0.75774554E-07   863.99999968   -23328.15959338
    7400   14.80000000 -0.80504132E-09 -0.99729863E-08 -0.75465194E-07   863.99999968   -23328.15959338
    7410   14.82000000 -0.16744004E-08 -0.10156437E-07 -0.75147409E-07   863.99999968   -23328.15959338
    7420   14.84000000 -0.26583783E-08 -0.10327659E-07 -0.74821386E-07   863.99999968   -23328.15959338
    7430   14.86000000 -0.37444252E-08 -0.10484536E-07 -0.74486503E-07   863.99999967   -23328.15959338
    7440   14.88000000 -0.49143673E-08 -0.10629577E-07 -0.74144211E-07   863.99999967   -23328.15959339
    7450   14.90000000 -0.61502397E-08 -0.10766870E-07 -0.73796056E-07   863.99999967   -23328.15959339
    7460   14.92000000 -0.74326346E-08 -0.10896228E-07 -0.73443608E-07   863.99999967   -23328.15959339
    7470   14.94000000 -0.87414797E-08 -0.11018622E-07 -0.73089088E-07   863.99999967   -23328.15959339
    7480   14.96000000 -0.10055897E-07 -0.11135922E-07 -0.72732065E-07   863.99999967   -23328.15959339
    7490   14.98000000 -0.11359154E-07 -0.11252580E-07 -0.72371677E-07   863.99999967   -23328.15959339
    7500   15.00000000 -0.12636056E-07 -0.11367557E-07 -0.72006897E-07   863.99999967   -23328.15959339
    7510   15.02000000 -0.13870319E-07 -0.11478564E-07 -0.71635136E-07   863.99999967   -23328.15959339
    7520   15.04000000 -0.15044832E-07 -0.11589438E-07 -0.71254365E-07   863.99999967   -23328.15959339
    7530   15.06000000 -0.16142450E-07 -0.11700068E-07 -0.70867970E-07   863.99999967   -23328.15959339
    7540   15.08000000 -0.17143828E-07 -0.11809110E-07 -0.70479737E-07   863.99999967   -23328.15959339
    7550   15.10000000 -0.18029639E-07 -0.11918701E-07 -0.70090301E-07   863.99999967   -23328.15959339
    7560   15.12000000 -0.18782993E-07 -0.12030108E-07 -0.69702709E-07   863.99999967   -23328.15959339
    7570   15.14000000 -0.19392210E-07 -0.12142294E-07 -0.69319177E-07   863.99999967   -23328.15959339
    7580   15.16000000 -0.19847929E-07 -0.12261748E-07 -0.68940974E-07   863.99999967   -23328.15959339
    7590   15.18000000 -0.20139807E-07 -0.12391724E-07 -0.68566209E-07   863.99999967   -23328.15959339
    7600   15.20000000 -0.20262194E-07 -0.12529765E-07 -0.68192688E-07   863.99999967   -23328.15959339
    7610   15.22000000 -0.20214499E-07 -0.12673354E-07 -0.67820494E-07   863.99999967   -23328.15959339
    7620   15.24000000 -0.19993012E-07 -0.12820052E-07 -0.67449124E-07   863.99999967   -23328.15959339
    7630   15.26000000 -0.19598002E-07 -0.12964441E-07 -0.67080563E-07   863.99999967   -23328.15959340
    7640   15.28000000 -0.19030561E-07 -0.13100441E-07 -0.66714642E-07   863.99999967   -23328.15959340
    7650   15.30000000 -0.18287194E-07 -0.13226559E-07 -0.66348159E-07   863.99999966   -23328.15959340
    7660   15.32000000 -0.17369569E-07 -0.13341301E-07 -0.65981907E-07   863.99999966   -23328.15959340
    7670   15.34000000 -0.16282376E-07 -0.13444938E-07 -0.65621250E-07   863.99999966   -23328.15959340
    7680   15.36000000 -0.15033099E-07 -0.13538251E-07 -0.65267520E-07   863.99999966   -23328.15959340
    7690   15.38000000 -0.13629515E-07 -0.13622562E-07 -0.64917365E-07   863.99999966   -23328.15959340
    7700   15.40000000 -0.12086441E-07 -0.13698311E-07 -0.64571747E-07   863.99999966   -23328.15959340
    7710   15.42000000 -0.10421842E-07 -0.13764544E-07 -0.64232939E-07   863.99999966   -23328.15959340
    7720   15.44000000 -0.86530908E-08 -0.13818568E-07 -0.63900764E-07   863.99999966   -23328.15959340
    7730   15.46000000 -0.67946074E-08 -0.13858212E-07 -0.63575204E-07   863.99999966   -23328.15959340
    7740   15.48000000 -0.48606377E-08 -0.13880771E-07 -0.63257016E-07   863.99999966   -23328.15959340
    7750   15.50000000 -0.28644277E-08 -0.13883071E-07 -0.62946512E-07   863.99999966   -23328.15959340
    7760   15.52000000 -0.82060982E-09 -0.13866012E-07 -0.62643304E-07   863.99999966   -23328.15959340
    7770   15.54000000  0.12514344E-08 -0.13831147E-07 -0.62348263E-07   863.99999966   -23328.15959340
    7780   15.56000000  0.33307099E-08 -0.13777929E-07 -0.62063275E-07   863.99999966   -23328.15959340
    7790   15.58000000  0.53954357E-08 -0.13709932E-07 -0.61787767E-07   863.99999966   -23328.15959340
    7800   15.60000000  0.74223490E-08 -0.13625196E-07 -0.61521779E-07   863.99999966   -23328.15959340
    7810   15.62000000  0.93913643E-08 -0.13522517E-07 -0.61270786E-07   863.99999966   -23328.15959340
    7820   15.64000000  0.11283476E-07 -0.13403817E-07 -0.61036096E-07   863.99999966   -23328.15959341
    7830   15.66000000  0.13081277E-07 -0.13267048E-07 -0.60817076E-07   863.99999966   -23328.15959341
    7840   15.68000000  0.14770799E-07 -0.13112094E-07 -0.60610244E-07   863.99999966   -23328.15959341
    7850   15.70000000  0.16339992E-07 -0.12941417E-07 -0.60416677E-07   863.99999966   -23328.15959341
    7860   15.72000000  0.17781768E-07 -0.12755817E-07 -0.60235181E-07   863.99999966   -23328.15959341
    7870   15.74000000  0.19086577E-07 -0.12553419E-07 -0.60065828E-07   863.99999966   -23328.15959341
    7880   15.76000000  0.20244365E-07 -0.12335641E-07 -0.59908093E-07   863.99999965   -23328.15959341
    7890   15.78000000  0.21245661E-07 -0.12105424E-07 -0.59762357E-07   863.99999965   -23328.15959341
    7900   15.80000000  0.22086389E-07 -0.11864706E-07 -0.59628206E-07   863.99999965   -23328.15959341
    7910   15.82000000  0.22761064E-07 -0.11614104E-07 -0.59504874E-07   863.99999965   -23328.15959341
    7920   15.84000000  0.23262469E-07 -0.11352605E-07 -0.59390690E-07   863.99999965   -23328.15959341
    7930   15.86000000  0.23586069E-07 -0.11081307E-07 -0.59286425E-07   863.99999965   -23328.15959341
    7940   15.88000000  0.23729181E-07 -0.10802945E-07 -0.59195464E-07   863.99999965   -23328.15959341
    7950   15.90000000  0.23694347E-07 -0.10521539E-07 -0.59118959E-07   863.99999965   -23328.15959341
    7960   15.92000000  0.23489181E-07 -0.10239821E-07 -0.59057598E-07   863.99999965   -23328.15959341
    7970   15.94000000  0.23120902E-07 -0.99591677E-08 -0.59009755E-07   863.99999965   -23328.15959341
    7980   15.96000000  0.22602328E-07 -0.96804491E-08 -0.58973248E-07   863.99999965   -23328.15959341
    7990   15.98000000  0.21944807E-07 -0.94071593E-08 -0.58946130E-07   863.99999965   -23328.15959341
    8000   16.00000000  0.21159752E-07 -0.91410836E-08 -0.58927380E-07   863.99999965   -23328.15959341
    8010   16.02000000  0.20261110E-07 -0.88856439E-08 -0.58917235E-07   863.99999965   -23328.15959341
    8020   16.04000000  0.19260568E-07 -0.86404611E-08 -0.58913886E-07   863.99999965   -23328.15959342
    8030   16.06000000  0.18168173E-07 -0.84049764E-08 -0.58918718E-07   863.99999965   -23328.15959342
    8040   16.08000000  0.16993292E-07 -0.81827281E-08 -0.58931812E-07   863.99999965   -23328.15959342
    8050   16.10000000  0.15745814E-07 -0.79783126E-08 -0.58954175E-07   863.99999965   -23328.15959342
    8060   16.12000000  0.14441506E-07 -0.77951618E-08 -0.58984212E-07   863.99999965   -23328.15959342
    8070   16.14000000  0.13096672E-07 -0.76333265E-08 -0.59018090E-07   863.99999965   -23328.15959342
    8080   16.16000000  0.11727264E-07 -0.74950880E-08 -0.59057582E-07   863.99999965   -23328.15959342
    8090   16.18000000  0.10352163E-07 -0.73803358E-08 -0.59100468E-07   863.99999965   -23328.15959342
    8100   16.20000000  0.89915324E-08 -0.72897729E-08 -0.59146137E-07   863.99999965   -23328.15959342
    8110   16.22000000  0.76626581E-08 -0.72248326E-08 -0.59194520E-07   863.99999964   -23328.15959342
    8120   16.24000000  0.63828289E-08 -0.71859268E-08 -0.59243078E-07   863.99999964   -23328.15959342
    8130   16.26000000  0.51694204E-08 -0.71723344E-08 -0.59290076E-07   863.99999964   -23328.15959342
    8140   16.28000000  0.40373199E-08 -0.71838964E-08 -0.59337381E-07   863.99999964   -23328.15959342
    8150   16.30000000  0.29983590E-08 -0.72206124E-08 -0.59387228E-07   863.99999964   -23328.15959342
    8160   16.32000000  0.20586540E-08 -0.72816429E-08 -0.59442461E-07   863.99999964   -23328.15959342
    8170   16.34000000  0.12222874E-08 -0.73655866E-08 -0.59499098E-07   863.99999964   -23328.15959342
    8180   16.36000000  0.49544294E-09 -0.74727240E-08 -0.59551928E-07   863.99999964   -23328.15959342
    8190   16.38000000 -0.11456212E-09 -0.76033891E-08 -0.59599662E-07   863.99999964   -23328.15959342
    8200   16.40000000 -0.60237274E-09 -0.77608727E-08 -0.59640891E-07   863.99999964   -23328.15959342
    8210   16.42000000 -0.96542679E-09 -0.79458868E-08 -0.59675171E-07   863.99999964   -23328.15959343
    8220   16.44000000 -0.11999252E-08 -0.81553655E-08 -0.59701897E-07   863.99999964   -23328.15959343
    8230   16.46000000 -0.12998902E-08 -0.83862477E-08 -0.59718784E-07   863.99999964   -23328.15959343
    8240   16.48000000 -0.12607009E-08 -0.86334336E-08 -0.59722279E-07   863.99999964   -23328.15959343
    8250   16.50000000 -0.10770007E-08 -0.88917496E-08 -0.59714704E-07   863.99999964   -23328.15959343
    8260   16.52000000 -0.74577638E-09 -0.91550582E-08 -0.59697175E-07   863.99999964   -23328.15959343
    8270   16.54000000 -0.26934357E-09 -0.94211711E-08 -0.59670423E-07   863.99999964   -23328.15959343
    8280   16.56000000  0.34866308E-09 -0.96888212E-08 -0.59635162E-07   863.99999964   -23328.15959343
    8290   16.58000000  0.10994963E-08 -0.99582462E-08 -0.59591160E-07   863.99999964   -23328.15959343
    8300   16.60000000  0.19675723E-08 -0.10231881E-07 -0.59535946E-07   863.99999964   -23328.15959343
    8310   16.62000000  0.29369486E-08 -0.10509838E-07 -0.59466195E-07   863.99999964   -23328.15959343
    8320   16.64000000  0.39940332E-08 -0.10794063E-07 -0.59379431E-07   863.99999964   -23328.15959343
    8330   16.66000000  0.51235258E-08 -0.11079721E-07 -0.59274578E-07   863.99999964   -23328.15959343
    8340   16.68000000  0.63133287E-08 -0.11361779E-07 -0.59152569E-07   863.99999963   -23328.15959343
    8350   16.70000000  0.75514822E-08 -0.11634737E-07 -0.59016930E-07   863.99999963   -23328.15959343
    8360   16.72000000  0.88305479E-08 -0.11896440E-07 -0.58869497E-07   863.99999963   -23328.15959343
    8370   16.74000000  0.10144863E-07 -0.12146646E-07 -0.58707830E-07   863.99999963   -23328.15959343
    8380   16.76000000  0.11488337E-07 -0.12383716E-07 -0.58531740E-07   863.99999963   -23328.15959343
    8390   16.78000000  0.12848058E-07 -0.12605275E-07 -0.58344333E-07   863.99999963   -23328.15959343
    8400   16.80000000  0.14212799E-07 -0.12808433E-07 -0.58148284E-07   863.99999963   -23328.15959344
    8410   16.82000000  0.15573341E-07 -0.12991025E-07 -0.57945720E-07   863.99999963   -23328.15959344
    8420   16.84000000  0.16921575E-07 -0.13153956E-07 -0.57737482E-07   863.99999963   -23328.15959344
    8430   16.86000000  0.18251089E-07 -0.13298478E-07 -0.57523754E-07   863.99999963   -23328.15959344
    8440   16.88000000  0.19558708E-07 -0.13422941E-07 -0.57302981E-07   863.99999963   -23328.15959344
    8450   16.90000000  0.20840140E-07 -0.13529663E-07 -0.57072497E-07   863.99999963   -23328.15959344
    8460   16.92000000  0.22093504E-07 -0.13621911E-07 -0.56831642E-07   863.99999963   -23328.15959344
    8470   16.94000000  0.23314548E-07 -0.13702278E-07 -0.56582922E-07   863.99999963   -23328.15959344
    8480   16.96000000  0.24499741E-07 -0.13768543E-07 -0.56328356E-07   863.99999963   -23328.15959344
    8490   16.98000000  0.25648269E-07 -0.13817145E-07 -0.56068411E-07   863.99999963   -23328.15959344
    8500   17.00000000  0.26757973E-07 -0.13846335E-07 -0.55804388E-07   863.99999963   -23328.15959344
    8510   17.02000000  0.27825901E-07 -0.13857084E-07 -0.55535814E-07   863.99999963   -23328.15959344
    8520   17.04000000  0.28851100E-07 -0.13850557E-07 -0.55266264E-07   863.99999963   -23328.15959344
    8530   17.06000000  0.29833170E-07 -0.13828489E-07 -0.54998838E-07   863.99999963   -23328.15959344
    8540   17.08000000  0.30770736E-07 -0.13796193E-07 -0.54733902E-07   863.99999963   -23328.15959344
    8550   17.10000000  0.31659460E-07 -0.13758413E-07 -0.54475543E-07   863.99999963   -23328.15959344
    8560   17.12000000  0.32496620E-07 -0.13720678E-07 -0.54228326E-07   863.99999963   -23328.15959344
    8570   17.14000000  0.33278141E-07 -0.13685659E-07 -0.53990037E-07   863.99999962   -23328.15959344
    8580   17.16000000  0.33997621E-07 -0.13649884E-07 -0.53759244E-07   863.99999962   -23328.15959344
    8590   17.18000000  0.34650510E-07 -0.13610625E-07 -0.53537921E-07   863.99999962   -23328.15959345
    8600   17.20000000  0.35234135E-07 -0.13568205E-07 -0.53328835E-07   863.99999962   -23328.15959345
    8610   17.22000000  0.35747396E-07 -0.13522804E-07 -0.53131310E-07   863.99999962   -23328.15959345
    8620   17.24000000  0.36190113E-07 -0.13477455E-07 -0.52942613E-07   863.99999962   -23328.15959345
    8630   17.26000000  0.36563570E-07 -0.13434350E-07 -0.52761560E-07   863.99999962   -23328.15959345
    8640   17.28000000  0.36869773E-07 -0.13396395E-07 -0.52585923E-07   863.99999962   -23328.15959345
    8650   17.30000000  0.37107604E-07 -0.13366760E-07 -0.52416256E-07   863.99999962   -23328.15959345
    8660   17.32000000  0.37277809E-07 -0.13344751E-07 -0.52254303E-07   863.99999962   -23328.15959345
    8670   17.34000000  0.37382348E-07 -0.13330717E-07 -0.52104661E-07   863.99999962   -23328.15959345
    8680   17.36000000  0.37422205E-07 -0.13324105E-07 -0.51967411E-07   863.99999962   -23328.15959345
    8690   17.38000000  0.37397209E-07 -0.13326795E-07 -0.51841087E-07   863.99999962   -23328.15959345
    8700   17.40000000  0.37311951E-07 -0.13342242E-07 -0.51724971E-07   863.99999962   -23328.15959345
    8710   17.42000000  0.37174804E-07 -0.13369317E-07 -0.51620408E-07   863.99999962   -23328.15959345
    8720   17.44000000  0.36992028E-07 -0.13404636E-07 -0.51526292E-07   863.99999962   -23328.15959345
    8730   17.46000000  0.36768179E-07 -0.13447638E-07 -0.51444954E-07   863.99999962   -23328.15959345
    8740   17.48000000  0.36512672E-07 -0.13497776E-07 -0.51374829E-07   863.99999962   -23328.15959345
    8750   17.50000000  0.36235357E-07 -0.13553382E-07 -0.51314637E-07   863.99999962   -23328.15959345
    8760   17.52000000  0.35945298E-07 -0.13616006E-07 -0.51262319E-07   863.99999962   -23328.15959345
    8770   17.54000000  0.35653250E-07 -0.13690396E-07 -0.51215423E-07   863.99999962   -23328.15959345
    8780   17.56000000  0.35370646E-07 -0.13781790E-07 -0.51174909E-07   863.99999962   -23328.15959346
    8790   17.58000000  0.35104589E-07 -0.13891585E-07 -0.51143531E-07   863.99999962   -23328.15959346
    8800   17.60000000  0.34862248E-07 -0.14019570E-07 -0.51123709E-07   863.99999961   -23328.15959346
    8810   17.62000000  0.34651115E-07 -0.14163537E-07 -0.51116931E-07   863.99999961   -23328.15959346
    8820   17.64000000  0.34475711E-07 -0.14316514E-07 -0.51125253E-07   863.99999961   -23328.15959346
    8830   17.66000000  0.34340996E-07 -0.14476929E-07 -0.51146649E-07   863.99999961   -23328.15959346
    8840   17.68000000  0.34253202E-07 -0.14644198E-07 -0.51176481E-07   863.99999961   -23328.15959346
    8850   17.70000000  0.34217598E-07 -0.14815137E-07 -0.51211814E-07   863.99999961   -23328.15959346
    8860   17.72000000  0.34240307E-07 -0.14985247E-07 -0.51249872E-07   863.99999961   -23328.15959346
    8870   17.74000000  0.34328867E-07 -0.15154975E-07 -0.51291357E-07   863.99999961   -23328.15959346
    8880   17.76000000  0.34484362E-07 -0.15327343E-07 -0.51336029E-07   863.99999961   -23328.15959346
    8890   17.78000000  0.34709328E-07 -0.15504197E-07 -0.51387403E-07   863.99999961   -23328.15959346
    8900   17.80000000  0.35004566E-07 -0.15690488E-07 -0.51446947E-07   863.99999961   -23328.15959346
    8910   17.82000000  0.35367118E-07 -0.15883504E-07 -0.51514527E-07   863.99999961   -23328.15959346
    8920   17.84000000  0.35792269E-07 -0.16077676E-07 -0.51589071E-07   863.99999961   -23328.15959346
    8930   17.86000000  0.36278728E-07 -0.16272214E-07 -0.51670413E-07   863.99999961   -23328.15959346
    8940   17.88000000  0.36827524E-07 -0.16462283E-07 -0.51758252E-07   863.99999961   -23328.15959346
    8950   17.90000000  0.37435461E-07 -0.16646196E-07 -0.51851060E-07   863.99999961   -23328.15959346
    8960   17.92000000  0.38099633E-07 -0.16821937E-07 -0.51947383E-07   863.99999961   -23328.15959346
    8970   17.94000000  0.38815077E-07 -0.16987354E-07 -0.52043237E-07   863.99999961   -23328.15959347
    8980   17.96000000  0.39573164E-07 -0.17142323E-07 -0.52135798E-07   863.99999961   -23328.15959347
    8990   17.98000000  0.40369416E-07 -0.17283893E-07 -0.52226044E-07   863.99999961   -23328.15959347
    9000   18.00000000  0.41198325E-07 -0.17411528E-07 -0.52315471E-07   863.99999961   -23328.15959347
    9010   18.02000000  0.42050500E-07 -0.17525553E-07 -0.52406664E-07   863.99999961   -23328.15959347
    9020   18.04000000  0.42918345E-07 -0.17629990E-07 -0.52498758E-07   863.99999961   -23328.15959347
    9030   18.06000000  0.43797494E-07 -0.17729474E-07 -0.52590488E-07   863.99999960   -23328.15959347
    9040   18.08000000  0.44680091E-07 -0.17825768E-07 -0.52680858E-07   863.99999960   -23328.15959347
    9050   18.10000000  0.45556463E-07 -0.17916555E-07 -0.52770096E-07   863.99999960   -23328.15959347
    9060   18.12000000  0.46419172E-07 -0.17998026E-07 -0.52858129E-07   863.99999960   -23328.15959347
    9070   18.14000000  0.47265210E-07 -0.18067694E-07 -0.52942205E-07   863.99999960   -23328.15959347
    9080   18.16000000  0.48087911E-07 -0.18125549E-07 -0.53021398E-07   863.99999960   -23328.15959347
    9090   18.18000000  0.48878207E-07 -0.18169993E-07 -0.53096997E-07   863.99999960   -23328.15959347
    9100   18.20000000  0.49627869E-07 -0.18198038E-07 -0.53167393E-07   863.99999960   -23328.15959347
    9110   18.22000000  0.50329232E-07 -0.18208979E-07 -0.53231668E-07   863.99999960   -23328.15959347
    9120   18.24000000  0.50980225E-07 -0.18205277E-07 -0.53291178E-07   863.99999960   -23328.15959347
    9130   18.26000000  0.51581006E-07 -0.18190970E-07 -0.53347973E-07   863.99999960   -23328.15959347
    9140   18.28000000  0.52128255E-07 -0.18171323E-07 -0.53403803E-07   863.99999960   -23328.15959347
    9150   18.30000000  0.52618479E-07 -0.18149332E-07 -0.53462822E-07   863.99999960   -23328.15959347
    9160   18.32000000  0.53054009E-07 -0.18123289E-07 -0.53524644E-07   863.99999960   -23328.15959348
    9170   18.34000000  0.53436693E-07 -0.18089294E-07 -0.53586692E-07   863.99999960   -23328.15959348
    9180   18.36000000  0.53768423E-07 -0.18048083E-07 -0.53648020E-07   863.99999960   -23328.15959348
    9190   18.38000000  0.54049714E-07 -0.18000343E-07 -0.53708563E-07   863.99999960   -23328.15959348
    9200   18.40000000  0.54281233E-07 -0.17948161E-07 -0.53766599E-07   863.99999960   -23328.15959348
    9210   18.42000000  0.54462779E-07 -0.17895764E-07 -0.53821121E-07   863.99999960   -23328.15959348
    9220   18.44000000  0.54597382E-07 -0.17845263E-07 -0.53873270E-07   863.99999960   -23328.15959348
    9230   18.46000000  0.54688241E-07 -0.17800955E-07 -0.53923842E-07   863.99999960   -23328.15959348
    9240   18.48000000  0.54736132E-07 -0.17765169E-07 -0.53973666E-07   863.99999960   -23328.15959348
    9250   18.50000000  0.54744286E-07 -0.17735035E-07 -0.54027109E-07   863.99999960   -23328.15959348
    9260   18.52000000  0.54720703E-07 -0.17705954E-07 -0.54083175E-07   863.99999959   -23328.15959348
    9270   18.54000000  0.54672658E-07 -0.17675677E-07 -0.54140253E-07   863.99999959   -23328.15959348
    9280   18.56000000  0.54606533E-07 -0.17642948E-07 -0.54199307E-07   863.99999959   -23328.15959348
    9290   18.58000000  0.54528605E-07 -0.17606654E-07 -0.54260294E-07   863.99999959   -23328.15959348
    9300   18.60000000  0.54444288E-07 -0.17568805E-07 -0.54321645E-07   863.99999959   -23328.15959348
    9310   18.62000000  0.54359438E-07 -0.17532568E-07 -0.54382008E-07   863.99999959   -23328.15959348
    9320   18.64000000  0.54280527E-07 -0.17502482E-07 -0.54442603E-07   863.99999959   -23328.15959348
    9330   18.66000000  0.54212926E-07 -0.17483001E-07 -0.54505923E-07   863.99999959   -23328.15959348
    9340   18.68000000  0.54158186E-07 -0.17474977E-07 -0.54573973E-07   863.99999959   -23328.15959348
    9350   18.70000000  0.54118251E-07 -0.17482675E-07 -0.54648599E-07   863.99999959   -23328.15959348
    9360   18.72000000  0.54097779E-07 -0.17507644E-07 -0.54726238E-07   863.99999959   -23328.15959349
    9370   18.74000000  0.54100448E-07 -0.17546056E-07 -0.54803161E-07   863.99999959   -23328.15959349
    9380   18.76000000  0.54131339E-07 -0.17591788E-07 -0.54877953E-07   863.99999959   -23328.15959349
    9390   18.78000000  0.54195141E-07 -0.17643666E-07 -0.54950251E-07   863.99999959   -23328.15959349
    9400   18.80000000  0.54295239E-07 -0.17697522E-07 -0.55023538E-07   863.99999959   -23328.15959349
    9410   18.82000000  0.54432354E-07 -0.17750014E-07 -0.55099225E-07   863.99999959   -23328.15959349
    9420   18.84000000  0.54605194E-07 -0.17798961E-07 -0.55177526E-07   863.99999959   -23328.15959349
    9430   18.86000000  0.54813598E-07 -0.17840892E-07 -0.55255931E-07   863.99999959   -23328.15959349
    9440   18.88000000  0.55058570E-07 -0.17870726E-07 -0.55330472E-07   863.99999959   -23328.15959349
    9450   18.90000000  0.55338893E-07 -0.17887977E-07 -0.55400739E-07   863.99999959   -23328.15959349
    9460   18.92000000  0.55655474E-07 -0.17899457E-07 -0.55468124E-07   863.99999959   -23328.15959349
    9470   18.94000000  0.56009560E-07 -0.17906857E-07 -0.55534151E-07   863.99999959   -23328.15959349
    9480   18.96000000  0.56396901E-07 -0.17914796E-07 -0.55597403E-07   863.99999959   -23328.15959349
    9490   18.98000000  0.56815191E-07 -0.17927978E-07 -0.55658843E-07   863.99999958   -23328.15959349
    9500   19.00000000  0.57265220E-07 -0.17945546E-07 -0.55720027E-07   863.99999958   -23328.15959349
    9510   19.02000000  0.57741995E-07 -0.17968170E-07 -0.55782099E-07   863.99999958   -23328.15959349
    9520   19.04000000  0.58237524E-07 -0.17993351E-07 -0.55848141E-07   863.99999958   -23328.15959349
    9530   19.06000000  0.58746022E-07 -0.18012173E-07 -0.55919563E-07   863.99999958   -23328.15959349
    9540   19.08000000  0.59261397E-07 -0.18018872E-07 -0.55993278E-07   863.99999958   -23328.15959349
    9550   19.10000000  0.59778168E-07 -0.18009607E-07 -0.56064610E-07   863.99999958   -23328.15959350
    9560   19.12000000  0.60290691E-07 -0.17981577E-07 -0.56128467E-07   863.99999958   -23328.15959350
    9570   19.14000000  0.60793416E-07 -0.17935313E-07 -0.56184200E-07   863.99999958   -23328.15959350
    9580   19.16000000  0.61283885E-07 -0.17874512E-07 -0.56232562E-07   863.99999958   -23328.15959350
    9590   19.18000000  0.61760228E-07 -0.17801974E-07 -0.56276123E-07   863.99999958   -23328.15959350
    9600   19.20000000  0.62221454E-07 -0.17721799E-07 -0.56317514E-07   863.99999958   -23328.15959350
    9610   19.22000000  0.62663481E-07 -0.17638315E-07 -0.56358253E-07   863.99999958   -23328.15959350
    9620   19.24000000  0.63080243E-07 -0.17555061E-07 -0.56399589E-07   863.99999958   -23328.15959350
    9630   19.26000000  0.63466389E-07 -0.17472185E-07 -0.56443669E-07   863.99999958   -23328.15959350
    9640   19.28000000  0.63817187E-07 -0.17386469E-07 -0.56493588E-07   863.99999958   -23328.15959350
    9650   19.30000000  0.64127333E-07 -0.17293481E-07 -0.56549704E-07   863.99999958   -23328.15959350
    9660   19.32000000  0.64395991E-07 -0.17190068E-07 -0.56609074E-07   863.99999958   -23328.15959350
    9670   19.34000000  0.64623145E-07 -0.17076187E-07 -0.56669689E-07   863.99999958   -23328.15959350
    9680   19.36000000  0.64808213E-07 -0.16947814E-07 -0.56730830E-07   863.99999958   -23328.15959350
    9690   19.38000000  0.64947287E-07 -0.16804980E-07 -0.56793394E-07   863.99999958   -23328.15959350
    9700   19.40000000  0.65036746E-07 -0.16651002E-07 -0.56859575E-07   863.99999958   -23328.15959350
    9710   19.42000000  0.65078066E-07 -0.16488457E-07 -0.56930824E-07   863.99999958   -23328.15959350
    9720   19.44000000  0.65074981E-07 -0.16323139E-07 -0.57006701E-07   863.99999957   -23328.15959350
    9730   19.46000000  0.65030775E-07 -0.16161706E-07 -0.57089164E-07   863.99999957   -23328.15959350
    9740   19.48000000  0.64948824E-07 -0.16008408E-07 -0.57181303E-07   863.99999957   -23328.15959351
    9750   19.50000000  0.64829482E-07 -0.15866387E-07 -0.57280684E-07   863.99999957   -23328.15959351
    9760   19.52000000  0.64671635E-07 -0.15733706E-07 -0.57387061E-07   863.99999957   -23328.15959351
    9770   19.54000000  0.64479194E-07 -0.15602669E-07 -0.57501730E-07   863.99999957   -23328.15959351
    9780   19.56000000  0.64256046E-07 -0.15468802E-07 -0.57626623E-07   863.99999957   -23328.15959351
    9790   19.58000000  0.64006597E-07 -0.15330776E-07 -0.57760132E-07   863.99999957   -23328.15959351
    9800   19.60000000  0.63736180E-07 -0.15187674E-07 -0.57898824E-07   863.99999957   -23328.15959351
    9810   19.62000000  0.63448143E-07 -0.15041253E-07 -0.58046136E-07   863.99999957   -23328.15959351
    9820   19.64000000  0.63147835E-07 -0.14893612E-07 -0.58200698E-07   863.99999957   -23328.15959351
    9830   19.66000000  0.62840418E-07 -0.14745105E-07 -0.58359157E-07   863.99999957   -23328.15959351
    9840   19.68000000  0.62528674E-07 -0.14600030E-07 -0.58518579E-07   863.99999957   -23328.15959351
    9850   19.70000000  0.62214729E-07 -0.14465789E-07 -0.58676039E-07   863.99999957   -23328.15959351
    9860   19.72000000  0.61899586E-07 -0.14346225E-07 -0.58834926E-07   863.99999957   -23328.15959351
    9870   19.74000000  0.61582554E-07 -0.14242524E-07 -0.58999395E-07   863.99999957   -23328.15959351
    9880   19.76000000  0.61269899E-07 -0.14153221E-07 -0.59173140E-07   863.99999957   -23328.15959351
    9890   19.78000000  0.60972258E-07 -0.14070189E-07 -0.59355833E-07   863.99999957   -23328.15959351
    9900   19.80000000  0.60693886E-07 -0.13984091E-07 -0.59545534E-07   863.99999957   -23328.15959351
    9910   19.82000000  0.60434741E-07 -0.13891307E-07 -0.59741146E-07   863.99999957   -23328.15959351
    9920   19.84000000  0.60197173E-07 -0.13793827E-07 -0.59940199E-07   863.99999957   -23328.15959351
    9930   19.86000000  0.59980323E-07 -0.13694420E-07 -0.60140314E-07   863.99999957   -23328.15959352
    9940   19.88000000  0.59784942E-07 -0.13594313E-07 -0.60339794E-07   863.99999956   -23328.15959352
    9950   19.90000000  0.59612896E-07 -0.13498650E-07 -0.60534873E-07   863.99999956   -23328.15959352
    9960   19.92000000  0.59467599E-07 -0.13411197E-07 -0.60721050E-07   863.99999956   -23328.15959352
    9970   19.94000000  0.59350892E-07 -0.13330079E-07 -0.60896626E-07   863.99999956   -23328.15959352
    9980   19.96000000  0.59260615E-07 -0.13252453E-07 -0.61066792E-07   863.99999956   -23328.15959352
    9990   19.98000000  0.59194417E-07 -0.13178917E-07 -0.61237311E-07   863.99999956   -23328.15959352
   10000   20.00000000  0.59155247E-07 -0.13109512E-07 -0.61410440E-07   863.99999956   -23328.15959352
   10010   20.02000000  0.59144983E-07 -0.13040579E-07 -0.61586854E-07   863.99999956   -23328.15959352
   10020   20.04000000  0.59162019E-07 -0.12968481E-07 -0.61765263E-07   863.99999956   -23328.15959352
   10030   20.06000000  0.59203230E-07 -0.12891416E-07 -0.61943846E-07   863.99999956   -23328.15959352
   10040   20.08000000  0.59265861E-07 -0.12805372E-07 -0.62118810E-07   863.99999956   -23328.15959352
   10050   20.10000000  0.59345912E-07 -0.12707404E-07 -0.62288853E-07   863.99999956   -23328.15959352
   10060   20.12000000  0.59439531E-07 -0.12596899E-07 -0.62448171E-07   863.99999956   -23328.15959352
   10070   20.14000000  0.59544101E-07 -0.12480251E-07 -0.62591266E-07   863.99999956   -23328.15959352
   10080   20.16000000  0.59659159E-07 -0.12363887E-07 -0.62718942E-07   863.99999956   -23328.15959352
   10090   20.18000000  0.59784854E-07 -0.12250344E-07 -0.62830320E-07   863.99999956   -23328.15959352
   10100   20.20000000  0.59918745E-07 -0.12142337E-07 -0.62929142E-07   863.99999956   -23328.15959352
   10110   20.22000000  0.60058067E-07 -0.12041678E-07 -0.63018371E-07   863.99999956   -23328.15959352
   10120   20.24000000  0.60202123E-07 -0.11946792E-07 -0.63101360E-07   863.99999956   -23328.15959353
   10130   20.26000000  0.60348406E-07 -0.11853295E-07 -0.63185862E-07   863.99999956   -23328.15959353
   10140   20.28000000  0.60494512E-07 -0.11757741E-07 -0.63274336E-07   863.99999956   -23328.15959353
   10150   20.30000000  0.60638482E-07 -0.11653883E-07 -0.63369319E-07   863.99999956   -23328.15959353
   10160   20.32000000  0.60777029E-07 -0.11538703E-07 -0.63469657E-07   863.99999956   -23328.15959353
   10170   20.34000000  0.60906994E-07 -0.11411519E-07 -0.63571473E-07   863.99999955   -23328.15959353
   10180   20.36000000  0.61023552E-07 -0.11274558E-07 -0.63673118E-07   863.99999955   -23328.15959353
   10190   20.38000000  0.61123409E-07 -0.11130832E-07 -0.63768758E-07   863.99999955   -23328.15959353
   10200   20.40000000  0.61204551E-07 -0.10985318E-07 -0.63854021E-07   863.99999955   -23328.15959353
   10210   20.42000000  0.61262954E-07 -0.10839846E-07 -0.63932989E-07   863.99999955   -23328.15959353
   10220   20.44000000  0.61297589E-07 -0.10695972E-07 -0.64008933E-07   863.99999955   -23328.15959353
   10230   20.46000000  0.61310965E-07 -0.10556946E-07 -0.64086944E-07   863.99999955   -23328.15959353
   10240   20.48000000  0.61306064E-07 -0.10423611E-07 -0.64173180E-07   863.99999955   -23328.15959353
   10250   20.50000000  0.61285580E-07 -0.10294386E-07 -0.64274162E-07   863.99999955   -23328.15959353
   10260   20.52000000  0.61250727E-07 -0.10165448E-07 -0.64390548E-07   863.99999955   -23328.15959353
   10270   20.54000000  0.61200652E-07 -0.10033073E-07 -0.64519701E-07   863.99999955   -23328.15959353
   10280   20.56000000  0.61136068E-07 -0.98961328E-08 -0.64657349E-07   863.99999955   -23328.15959353
   10290   20.58000000  0.61057545E-07 -0.97550868E-08 -0.64798696E-07   863.99999955   -23328.15959353
   10300   20.60000000  0.60963475E-07 -0.96139819E-08 -0.64941231E-07   863.99999955   -23328.15959353
   10310   20.62000000  0.60847797E-07 -0.94756167E-08 -0.65084132E-07   863.99999955   -23328.15959354
   10320   20.64000000  0.60711648E-07 -0.93396660E-08 -0.65230858E-07   863.99999955   -23328.15959354
   10330   20.66000000  0.60559659E-07 -0.92057010E-08 -0.65381118E-07   863.99999955   -23328.15959354
   10340   20.68000000  0.60396151E-07 -0.90741765E-08 -0.65537785E-07   863.99999955   -23328.15959354
   10350   20.70000000  0.60224110E-07 -0.89424546E-08 -0.65704769E-07   863.99999955   -23328.15959354
   10360   20.72000000  0.60048920E-07 -0.88064990E-08 -0.65883789E-07   863.99999955   -23328.15959354
   10370   20.74000000  0.59873581E-07 -0.86640427E-08 -0.66073201E-07   863.99999955   -23328.15959354
   10380   20.76000000  0.59697432E-07 -0.85153814E-08 -0.66268884E-07   863.99999955   -23328.15959354
   10390   20.78000000  0.59521408E-07 -0.83622013E-08 -0.66470765E-07   863.99999955   -23328.15959354
   10400   20.80000000  0.59347690E-07 -0.82054568E-08 -0.66677688E-07   863.99999954   -23328.15959354
   10410   20.82000000  0.59172598E-07 -0.80462355E-08 -0.66887307E-07   863.99999954   -23328.15959354
   10420   20.84000000  0.58995081E-07 -0.78894776E-08 -0.67098298E-07   863.99999954   -23328.15959354
   10430   20.86000000  0.58815393E-07 -0.77354786E-08 -0.67313000E-07   863.99999954   -23328.15959354
   10440   20.88000000  0.58636298E-07 -0.75832873E-08 -0.67531723E-07   863.99999954   -23328.15959354
   10450   20.90000000  0.58462450E-07 -0.74303907E-08 -0.67753577E-07   863.99999954   -23328.15959354
   10460   20.92000000  0.58301330E-07 -0.72754865E-08 -0.67979466E-07   863.99999954   -23328.15959354
   10470   20.94000000  0.58156347E-07 -0.71154892E-08 -0.68208580E-07   863.99999954   -23328.15959354
   10480   20.96000000  0.58027685E-07 -0.69476532E-08 -0.68440152E-07   863.99999954   -23328.15959354
   10490   20.98000000  0.57914745E-07 -0.67713497E-08 -0.68668713E-07   863.99999954   -23328.15959354
   10500   21.00000000  0.57813672E-07 -0.65889219E-08 -0.68890748E-07   863.99999954   -23328.15959355
   10510   21.02000000  0.57721655E-07 -0.64037504E-08 -0.69102565E-07   863.99999954   -23328.15959355
   10520   21.04000000  0.57637579E-07 -0.62184038E-08 -0.69306029E-07   863.99999954   -23328.15959355
   10530   21.06000000  0.57562707E-07 -0.60337382E-08 -0.69504428E-07   863.99999954   -23328.15959355
   10540   21.08000000  0.57496366E-07 -0.58502111E-08 -0.69695763E-07   863.99999954   -23328.15959355
   10550   21.10000000  0.57437540E-07 -0.56666132E-08 -0.69876836E-07   863.99999954   -23328.15959355
   10560   21.12000000  0.57389567E-07 -0.54778188E-08 -0.70043856E-07   863.99999954   -23328.15959355
   10570   21.14000000  0.57351769E-07 -0.52817288E-08 -0.70198585E-07   863.99999954   -23328.15959355
   10580   21.16000000  0.57324915E-07 -0.50783937E-08 -0.70343307E-07   863.99999954   -23328.15959355
   10590   21.18000000  0.57309868E-07 -0.48691551E-08 -0.70479900E-07   863.99999954   -23328.15959355
   10600   21.20000000  0.57304458E-07 -0.46523350E-08 -0.70613079E-07   863.99999954   -23328.15959355
   10610   21.22000000  0.57310620E-07 -0.44285214E-08 -0.70739957E-07   863.99999954   -23328.15959355
   10620   21.24000000  0.57327652E-07 -0.42013924E-08 -0.70856474E-07   863.99999954   -23328.15959355
   10630   21.26000000  0.57350168E-07 -0.39723055E-08 -0.70962620E-07   863.99999953   -23328.15959355
   10640   21.28000000  0.57373926E-07 -0.37456169E-08 -0.71057172E-07   863.99999953   -23328.15959355
   10650   21.30000000  0.57398410E-07 -0.35223320E-08 -0.71139177E-07   863.99999953   -23328.15959355
   10660   21.32000000  0.57422301E-07 -0.32986934E-08 -0.71210915E-07   863.99999953   -23328.15959355
   10670   21.34000000  0.57443033E-07 -0.30730747E-08 -0.71267850E-07   863.99999953   -23328.15959355
   10680   21.36000000  0.57458493E-07 -0.28441136E-08 -0.71305315E-07   863.99999953   -23328.15959355
   10690   21.38000000  0.57468660E-07 -0.26176921E-08 -0.71324937E-07   863.99999953   -23328.15959356
   10700   21.40000000  0.57474661E-07 -0.23974599E-08 -0.71327343E-07   863.99999953   -23328.15959356
   10710   21.42000000  0.57477292E-07 -0.21843865E-08 -0.71312948E-07   863.99999953   -23328.15959356
   10720   21.44000000  0.57473857E-07 -0.19739769E-08 -0.71284572E-07   863.99999953   -23328.15959356
   10730   21.46000000  0.57459215E-07 -0.17653517E-08 -0.71244255E-07   863.99999953   -23328.15959356
   10740   21.48000000  0.57428844E-07 -0.15586486E-08 -0.71194156E-07   863.99999953   -23328.15959356
   10750   21.50000000  0.57378979E-07 -0.13556863E-08 -0.71135408E-07   863.99999953   -23328.15959356
   10760   21.52000000  0.57307658E-07 -0.11557544E-08 -0.71072140E-07   863.99999953   -23328.15959356
   10770   21.54000000  0.57218222E-07 -0.95795963E-09 -0.71006500E-07   863.99999953   -23328.15959356
   10780   21.56000000  0.57116016E-07 -0.76392507E-09 -0.70936595E-07   863.99999953   -23328.15959356
   10790   21.58000000  0.57007655E-07 -0.57135298E-09 -0.70856760E-07   863.99999953   -23328.15959356
   10800   21.60000000  0.56895383E-07 -0.37916020E-09 -0.70763115E-07   863.99999953   -23328.15959356
   10810   21.62000000  0.56773658E-07 -0.18702334E-09 -0.70655379E-07   863.99999953   -23328.15959356
   10820   21.64000000  0.56640138E-07  0.23146375E-11 -0.70535204E-07   863.99999953   -23328.15959356
   10830   21.66000000  0.56495625E-07  0.18439597E-09 -0.70404322E-07   863.99999953   -23328.15959356
   10840   21.68000000  0.56340102E-07  0.35279351E-09 -0.70266957E-07   863.99999953   -23328.15959356
   10850   21.70000000  0.56173704E-07  0.50402923E-09 -0.70127723E-07   863.99999953   -23328.15959356
   10860   21.72000000  0.55995937E-07  0.64055000E-09 -0.69989279E-07   863.99999952   -23328.15959356
   10870   21.74000000  0.55802526E-07  0.76525308E-09 -0.69853285E-07   863.99999952   -23328.15959356
   10880   21.76000000  0.55591344E-07  0.88616793E-09 -0.69716972E-07   863.99999952   -23328.15959357
   10890   21.78000000  0.55363279E-07  0.10070871E-08 -0.69579158E-07   863.99999952   -23328.15959357
   10900   21.80000000  0.55116456E-07  0.11291213E-08 -0.69439567E-07   863.99999952   -23328.15959357
   10910   21.82000000  0.54850869E-07  0.12562880E-08 -0.69295787E-07   863.99999952   -23328.15959357
   10920   21.84000000  0.54572811E-07  0.13874331E-08 -0.69144446E-07   863.99999952   -23328.15959357
   10930   21.86000000  0.54284612E-07  0.15170072E-08 -0.68983343E-07   863.99999952   -23328.15959357
   10940   21.88000000  0.53987170E-07  0.16395761E-08 -0.68812736E-07   863.99999952   -23328.15959357
   10950   21.90000000  0.53682494E-07  0.17499044E-08 -0.68637447E-07   863.99999952   -23328.15959357
   10960   21.92000000  0.53370299E-07  0.18455889E-08 -0.68456858E-07   863.99999952   -23328.15959357
   10970   21.94000000  0.53054813E-07  0.19311854E-08 -0.68275370E-07   863.99999952   -23328.15959357
   10980   21.96000000  0.52741547E-07  0.20097827E-08 -0.68096510E-07   863.99999952   -23328.15959357
   10990   21.98000000  0.52432807E-07  0.20820280E-08 -0.67921844E-07   863.99999952   -23328.15959357
   11000   22.00000000  0.52128260E-07  0.21492313E-08 -0.67753137E-07   863.99999952   -23328.15959357
   11010   22.02000000  0.51828323E-07  0.22129434E-08 -0.67588552E-07   863.99999952   -23328.15959357
   11020   22.04000000  0.51528038E-07  0.22711386E-08 -0.67426552E-07   863.99999952   -23328.15959357
   11030   22.06000000  0.51226329E-07  0.23276787E-08 -0.67263978E-07   863.99999952   -23328.15959357
   11040   22.08000000  0.50925351E-07  0.23839233E-08 -0.67097925E-07   863.99999952   -23328.15959357
   11050   22.10000000  0.50626576E-07  0.24366361E-08 -0.66929128E-07   863.99999952   -23328.15959357
   11060   22.12000000  0.50330582E-07  0.24859415E-08 -0.66755249E-07   863.99999952   -23328.15959357
   11070   22.14000000  0.50040691E-07  0.25343983E-08 -0.66574474E-07   863.99999952   -23328.15959357
   11080   22.16000000  0.49759068E-07  0.25825112E-08 -0.66390536E-07   863.99999952   -23328.15959358
   11090   22.18000000  0.49488444E-07  0.26276008E-08 -0.66205719E-07   863.99999951   -23328.15959358
   11100   22.20000000  0.49228865E-07  0.26696801E-08 -0.66021218E-07   863.99999951   -23328.15959358
   11110   22.22000000  0.48979264E-07  0.27074428E-08 -0.65841749E-07   863.99999951   -23328.15959358
   11120   22.24000000  0.48741241E-07  0.27390663E-08 -0.65667238E-07   863.99999951   -23328.15959358
   11130   22.26000000  0.48512875E-07  0.27645354E-08 -0.65493198E-07   863.99999951   -23328.15959358
   11140   22.28000000  0.48291710E-07  0.27865447E-08 -0.65317240E-07   863.99999951   -23328.15959358
   11150   22.30000000  0.48077577E-07  0.28054416E-08 -0.65135780E-07   863.99999951   -23328.15959358
   11160   22.32000000  0.47873691E-07  0.28215119E-08 -0.64947137E-07   863.99999951   -23328.15959358
   11170   22.34000000  0.47678928E-07  0.28361594E-08 -0.64751696E-07   863.99999951   -23328.15959358
   11180   22.36000000  0.47489403E-07  0.28486939E-08 -0.64550161E-07   863.99999951   -23328.15959358
   11190   22.38000000  0.47304003E-07  0.28552420E-08 -0.64344552E-07   863.99999951   -23328.15959358
   11200   22.40000000  0.47122393E-07  0.28579490E-08 -0.64133096E-07   863.99999951   -23328.15959358
   11210   22.42000000  0.46943152E-07  0.28588595E-08 -0.63919739E-07   863.99999951   -23328.15959358
   11220   22.44000000  0.46765225E-07  0.28610356E-08 -0.63708616E-07   863.99999951   -23328.15959358
   11230   22.46000000  0.46589043E-07  0.28627225E-08 -0.63498239E-07   863.99999951   -23328.15959358
   11240   22.48000000  0.46414117E-07  0.28628952E-08 -0.63287491E-07   863.99999951   -23328.15959358
   11250   22.50000000  0.46238658E-07  0.28602358E-08 -0.63074354E-07   863.99999951   -23328.15959358
   11260   22.52000000  0.46063822E-07  0.28536196E-08 -0.62853828E-07   863.99999951   -23328.15959358
   11270   22.54000000  0.45888553E-07  0.28453909E-08 -0.62621855E-07   863.99999951   -23328.15959359
   11280   22.56000000  0.45708929E-07  0.28337527E-08 -0.62380013E-07   863.99999951   -23328.15959359
   11290   22.58000000  0.45523768E-07  0.28156984E-08 -0.62130136E-07   863.99999951   -23328.15959359
   11300   22.60000000  0.45332376E-07  0.27898049E-08 -0.61872962E-07   863.99999951   -23328.15959359
   11310   22.62000000  0.45132349E-07  0.27597992E-08 -0.61610475E-07   863.99999951   -23328.15959359
   11320   22.64000000  0.44920046E-07  0.27269357E-08 -0.61342611E-07   863.99999950   -23328.15959359
   11330   22.66000000  0.44692810E-07  0.26908239E-08 -0.61069002E-07   863.99999950   -23328.15959359
   11340   22.68000000  0.44452778E-07  0.26508932E-08 -0.60788874E-07   863.99999950   -23328.15959359
   11350   22.70000000  0.44202736E-07  0.26046548E-08 -0.60503054E-07   863.99999950   -23328.15959359
   11360   22.72000000  0.43946070E-07  0.25507644E-08 -0.60213362E-07   863.99999950   -23328.15959359
   11370   22.74000000  0.43685258E-07  0.24898660E-08 -0.59920498E-07   863.99999950   -23328.15959359
   11380   22.76000000  0.43421253E-07  0.24229234E-08 -0.59623664E-07   863.99999950   -23328.15959359
   11390   22.78000000  0.43150718E-07  0.23538216E-08 -0.59326586E-07   863.99999950   -23328.15959359
   11400   22.80000000  0.42874533E-07  0.22822570E-08 -0.59031752E-07   863.99999950   -23328.15959359
   11410   22.82000000  0.42593626E-07  0.22069632E-08 -0.58737110E-07   863.99999950   -23328.15959359
   11420   22.84000000  0.42306470E-07  0.21258145E-08 -0.58440310E-07   863.99999950   -23328.15959359
   11430   22.86000000  0.42010678E-07  0.20374185E-08 -0.58139958E-07   863.99999950   -23328.15959359
   11440   22.88000000  0.41702989E-07  0.19411045E-08 -0.57834702E-07   863.99999950   -23328.15959359
   11450   22.90000000  0.41382036E-07  0.18343859E-08 -0.57525574E-07   863.99999950   -23328.15959359
   11460   22.92000000  0.41049568E-07  0.17151736E-08 -0.57215397E-07   863.99999950   -23328.15959360
   11470   22.94000000  0.40711796E-07  0.15870232E-08 -0.56902463E-07   863.99999950   -23328.15959360
   11480   22.96000000  0.40371843E-07  0.14561582E-08 -0.56587093E-07   863.99999950   -23328.15959360
   11490   22.98000000  0.40031161E-07  0.13270265E-08 -0.56270514E-07   863.99999950   -23328.15959360
   11500   23.00000000  0.39692513E-07  0.12022370E-08 -0.55954150E-07   863.99999950   -23328.15959360
   11510   23.02000000  0.39354057E-07  0.10787332E-08 -0.55640647E-07   863.99999950   -23328.15959360
   11520   23.04000000  0.39013833E-07  0.95608038E-09 -0.55330072E-07   863.99999950   -23328.15959360
   11530   23.06000000  0.38672524E-07  0.83489314E-09 -0.55021633E-07   863.99999950   -23328.15959360
   11540   23.08000000  0.38330491E-07  0.71395229E-09 -0.54715775E-07   863.99999950   -23328.15959360
   11550   23.10000000  0.37989730E-07  0.59178324E-09 -0.54415229E-07   863.99999949   -23328.15959360
   11560   23.12000000  0.37652364E-07  0.46783601E-09 -0.54122592E-07   863.99999949   -23328.15959360
   11570   23.14000000  0.37318830E-07  0.34127816E-09 -0.53835821E-07   863.99999949   -23328.15959360
   11580   23.16000000  0.36987518E-07  0.21041821E-09 -0.53552734E-07   863.99999949   -23328.15959360
   11590   23.18000000  0.36658378E-07  0.77098977E-10 -0.53271119E-07   863.99999949   -23328.15959360
   11600   23.20000000  0.36329821E-07 -0.57307130E-10 -0.52989555E-07   863.99999949   -23328.15959360
   11610   23.22000000  0.36003258E-07 -0.18926622E-09 -0.52703706E-07   863.99999949   -23328.15959360
   11620   23.24000000  0.35682582E-07 -0.31596095E-09 -0.52413296E-07   863.99999949   -23328.15959360
   11630   23.26000000  0.35368816E-07 -0.43816008E-09 -0.52121884E-07   863.99999949   -23328.15959360
   11640   23.28000000  0.35060673E-07 -0.55853004E-09 -0.51836305E-07   863.99999949   -23328.15959360
   11650   23.30000000  0.34758541E-07 -0.67633630E-09 -0.51561544E-07   863.99999949   -23328.15959361
   11660   23.32000000  0.34461586E-07 -0.79052396E-09 -0.51297684E-07   863.99999949   -23328.15959361
   11670   23.34000000  0.34169601E-07 -0.90318050E-09 -0.51040464E-07   863.99999949   -23328.15959361
   11680   23.36000000  0.33882783E-07 -0.10140276E-08 -0.50784980E-07   863.99999949   -23328.15959361
   11690   23.38000000  0.33600372E-07 -0.11225009E-08 -0.50528178E-07   863.99999949   -23328.15959361
   11700   23.40000000  0.33318926E-07 -0.12301103E-08 -0.50267067E-07   863.99999949   -23328.15959361
   11710   23.42000000  0.33036964E-07 -0.13409312E-08 -0.50001091E-07   863.99999949   -23328.15959361
   11720   23.44000000  0.32754788E-07 -0.14578523E-08 -0.49731791E-07   863.99999949   -23328.15959361
   11730   23.46000000  0.32472704E-07 -0.15790784E-08 -0.49462976E-07   863.99999949   -23328.15959361
   11740   23.48000000  0.32191718E-07 -0.17028130E-08 -0.49197229E-07   863.99999949   -23328.15959361
   11750   23.50000000  0.31915410E-07 -0.18284852E-08 -0.48937577E-07   863.99999949   -23328.15959361
   11760   23.52000000  0.31643907E-07 -0.19552682E-08 -0.48686867E-07   863.99999949   -23328.15959361
   11770   23.54000000  0.31372135E-07 -0.20856867E-08 -0.48444345E-07   863.99999949   -23328.15959361
   11780   23.56000000  0.31095882E-07 -0.22221485E-08 -0.48206297E-07   863.99999948   -23328.15959361
   11790   23.58000000  0.30813766E-07 -0.23642763E-08 -0.47970331E-07   863.99999948   -23328.15959361
   11800   23.60000000  0.30524385E-07 -0.25123960E-08 -0.47735481E-07   863.99999948   -23328.15959361
   11810   23.62000000  0.30229266E-07 -0.26668473E-08 -0.47504557E-07   863.99999948   -23328.15959361
   11820   23.64000000  0.29928651E-07 -0.28267277E-08 -0.47276818E-07   863.99999948   -23328.15959361
   11830   23.66000000  0.29625057E-07 -0.29901248E-08 -0.47051928E-07   863.99999948   -23328.15959361
   11840   23.68000000  0.29320993E-07 -0.31547275E-08 -0.46825491E-07   863.99999948   -23328.15959362
   11850   23.70000000  0.29015937E-07 -0.33235235E-08 -0.46596627E-07   863.99999948   -23328.15959362
   11860   23.72000000  0.28709214E-07 -0.34972037E-08 -0.46367324E-07   863.99999948   -23328.15959362
   11870   23.74000000  0.28400464E-07 -0.36739436E-08 -0.46141963E-07   863.99999948   -23328.15959362
   11880   23.76000000  0.28084701E-07 -0.38559377E-08 -0.45923564E-07   863.99999948   -23328.15959362
   11890   23.78000000  0.27757583E-07 -0.40498927E-08 -0.45715059E-07   863.99999948   -23328.15959362
   11900   23.80000000  0.27417735E-07 -0.42608581E-08 -0.45517668E-07   863.99999948   -23328.15959362
   11910   23.82000000  0.27061768E-07 -0.44890124E-08 -0.45330778E-07   863.99999948   -23328.15959362
   11920   23.84000000  0.26691838E-07 -0.47307515E-08 -0.45154761E-07   863.99999948   -23328.15959362
   11930   23.86000000  0.26313769E-07 -0.49811557E-08 -0.44991877E-07   863.99999948   -23328.15959362
   11940   23.88000000  0.25931463E-07 -0.52364916E-08 -0.44839914E-07   863.99999948   -23328.15959362
   11950   23.90000000  0.25549292E-07 -0.54955354E-08 -0.44697410E-07   863.99999948   -23328.15959362
   11960   23.92000000  0.25168619E-07 -0.57572392E-08 -0.44562411E-07   863.99999948   -23328.15959362
   11970   23.94000000  0.24786821E-07 -0.60211207E-08 -0.44436917E-07   863.99999948   -23328.15959362
   11980   23.96000000  0.24403408E-07 -0.62908124E-08 -0.44324358E-07   863.99999948   -23328.15959362
   11990   23.98000000  0.24019256E-07 -0.65707331E-08 -0.44226925E-07   863.99999948   -23328.15959362
   12000   24.00000000  0.23635666E-07 -0.68639757E-08 -0.44145683E-07   863.99999948   -23328.15959362
   12010   24.02000000  0.23247346E-07 -0.71712022E-08 -0.44079876E-07   863.99999947   -23328.15959362
   12020   24.04000000  0.22848161E-07 -0.74906726E-08 -0.44027902E-07   863.99999947   -23328.15959362
   12030   24.06000000  0.22440677E-07 -0.78184287E-08 -0.43986680E-07   863.99999947   -23328.15959363
   12040   24.08000000  0.22026004E-07 -0.81501579E-08 -0.43956416E-07   863.99999947   -23328.15959363
   12050   24.10000000  0.21610712E-07 -0.84831171E-08 -0.43937685E-07   863.99999947   -23328.15959363
   12060   24.12000000  0.21200094E-07 -0.88130780E-08 -0.43929226E-07   863.99999947   -23328.15959363
   12070   24.14000000  0.20791695E-07 -0.91371272E-08 -0.43930930E-07   863.99999947   -23328.15959363
   12080   24.16000000  0.20383308E-07 -0.94567544E-08 -0.43944695E-07   863.99999947   -23328.15959363
   12090   24.18000000  0.19974544E-07 -0.97775503E-08 -0.43972492E-07   863.99999947   -23328.15959363
   12100   24.20000000  0.19563511E-07 -0.10101781E-07 -0.44013351E-07   863.99999947   -23328.15959363
   12110   24.22000000  0.19148646E-07 -0.10430695E-07 -0.44068066E-07   863.99999947   -23328.15959363
   12120   24.24000000  0.18729932E-07 -0.10763543E-07 -0.44136476E-07   863.99999947   -23328.15959363
   12130   24.26000000  0.18310011E-07 -0.11097023E-07 -0.44216772E-07   863.99999947   -23328.15959363
   12140   24.28000000  0.17894359E-07 -0.11428544E-07 -0.44305728E-07   863.99999947   -23328.15959363
   12150   24.30000000  0.17483907E-07 -0.11756333E-07 -0.44399182E-07   863.99999947   -23328.15959363
   12160   24.32000000  0.17081353E-07 -0.12077905E-07 -0.44493722E-07   863.99999947   -23328.15959363
   12170   24.34000000  0.16690053E-07 -0.12389182E-07 -0.44589910E-07   863.99999947   -23328.15959363
   12180   24.36000000  0.16310247E-07 -0.12690430E-07 -0.44687887E-07   863.99999947   -23328.15959363
   12190   24.38000000  0.15941336E-07 -0.12981485E-07 -0.44787096E-07   863.99999947   -23328.15959363
   12200   24.40000000  0.15579368E-07 -0.13266302E-07 -0.44889659E-07   863.99999947   -23328.15959363
   12210   24.42000000  0.15218535E-07 -0.13548423E-07 -0.44997442E-07   863.99999947   -23328.15959363
   12220   24.44000000  0.14852626E-07 -0.13828421E-07 -0.45114993E-07   863.99999947   -23328.15959364
   12230   24.46000000  0.14483261E-07 -0.14105417E-07 -0.45244971E-07   863.99999946   -23328.15959364
   12240   24.48000000  0.14116817E-07 -0.14378429E-07 -0.45383725E-07   863.99999946   -23328.15959364
   12250   24.50000000  0.13755771E-07 -0.14645238E-07 -0.45526498E-07   863.99999946   -23328.15959364
   12260   24.52000000  0.13402899E-07 -0.14906440E-07 -0.45669385E-07   863.99999946   -23328.15959364
   12270   24.54000000  0.13060192E-07 -0.15162827E-07 -0.45809440E-07   863.99999946   -23328.15959364
   12280   24.56000000  0.12728424E-07 -0.15411485E-07 -0.45945169E-07   863.99999946   -23328.15959364
   12290   24.58000000  0.12405320E-07 -0.15649994E-07 -0.46077748E-07   863.99999946   -23328.15959364
   12300   24.60000000  0.12086846E-07 -0.15879917E-07 -0.46210288E-07   863.99999946   -23328.15959364
   12310   24.62000000  0.11768178E-07 -0.16101881E-07 -0.46343378E-07   863.99999946   -23328.15959364
   12320   24.64000000  0.11443426E-07 -0.16316374E-07 -0.46476754E-07   863.99999946   -23328.15959364
   12330   24.66000000  0.11109587E-07 -0.16523918E-07 -0.46608456E-07   863.99999946   -23328.15959364
   12340   24.68000000  0.10769364E-07 -0.16728066E-07 -0.46737965E-07   863.99999946   -23328.15959364
   12350   24.70000000  0.10427308E-07 -0.16932242E-07 -0.46862502E-07   863.99999946   -23328.15959364
   12360   24.72000000  0.10086198E-07 -0.17135060E-07 -0.46980904E-07   863.99999946   -23328.15959364
   12370   24.74000000  0.97503066E-08 -0.17336134E-07 -0.47093122E-07   863.99999946   -23328.15959364
   12380   24.76000000  0.94226381E-08 -0.17533260E-07 -0.47197651E-07   863.99999946   -23328.15959364
   12390   24.78000000  0.91030811E-08 -0.17725190E-07 -0.47294011E-07   863.99999946   -23328.15959364
   12400   24.80000000  0.87890157E-08 -0.17914509E-07 -0.47383911E-07   863.99999946   -23328.15959364
   12410   24.82000000  0.84743435E-08 -0.18107425E-07 -0.47470920E-07   863.99999946   -23328.15959364
   12420   24.84000000  0.81536453E-08 -0.18307595E-07 -0.47558161E-07   863.99999946   -23328.15959365
   12430   24.86000000  0.78229544E-08 -0.18514632E-07 -0.47650520E-07   863.99999946   -23328.15959365
   12440   24.88000000  0.74788871E-08 -0.18727893E-07 -0.47750437E-07   863.99999946   -23328.15959365
   12450   24.90000000  0.71212533E-08 -0.18948871E-07 -0.47854430E-07   863.99999946   -23328.15959365
   12460   24.92000000  0.67568765E-08 -0.19180471E-07 -0.47964021E-07   863.99999945   -23328.15959365
   12470   24.94000000  0.63942144E-08 -0.19419693E-07 -0.48079252E-07   863.99999945   -23328.15959365
   12480   24.96000000  0.60421216E-08 -0.19660856E-07 -0.48194549E-07   863.99999945   -23328.15959365
   12490   24.98000000  0.57029365E-08 -0.19902778E-07 -0.48307477E-07   863.99999945   -23328.15959365
   12500   25.00000000  0.53761955E-08 -0.20142061E-07 -0.48416546E-07   863.99999945   -23328.15959365
   12510   25.02000000  0.50588299E-08 -0.20380224E-07 -0.48522344E-07   863.99999945   -23328.15959365
   12520   25.04000000  0.47444965E-08 -0.20624953E-07 -0.48626664E-07   863.99999945   -23328.15959365
   12530   25.06000000  0.44276337E-08 -0.20881109E-07 -0.48730336E-07   863.99999945   -23328.15959365
   12540   25.08000000  0.41094561E-08 -0.21152043E-07 -0.48836077E-07   863.99999945   -23328.15959365
   12550   25.10000000  0.37875515E-08 -0.21438653E-07 -0.48948945E-07   863.99999945   -23328.15959365
   12560   25.12000000  0.34621770E-08 -0.21738643E-07 -0.49069800E-07   863.99999945   -23328.15959365
   12570   25.14000000  0.31370716E-08 -0.22049950E-07 -0.49198782E-07   863.99999945   -23328.15959365
   12580   25.16000000  0.28153172E-08 -0.22370573E-07 -0.49338128E-07   863.99999945   -23328.15959365
   12590   25.18000000  0.24942612E-08 -0.22698064E-07 -0.49485526E-07   863.99999945   -23328.15959365
   12600   25.20000000  0.21779850E-08 -0.23027690E-07 -0.49638155E-07   863.99999945   -23328.15959365
   12610   25.22000000  0.18685758E-08 -0.23360464E-07 -0.49794784E-07   863.99999945   -23328.15959366
   12620   25.24000000  0.15665463E-08 -0.23698196E-07 -0.49952692E-07   863.99999945   -23328.15959366
   12630   25.26000000  0.12745939E-08 -0.24039355E-07 -0.50109878E-07   863.99999945   -23328.15959366
   12640   25.28000000  0.99301210E-09 -0.24380992E-07 -0.50266753E-07   863.99999945   -23328.15959366
   12650   25.30000000  0.72358954E-09 -0.24724369E-07 -0.50425031E-07   863.99999945   -23328.15959366
   12660   25.32000000  0.46701075E-09 -0.25070315E-07 -0.50588180E-07   863.99999945   -23328.15959366
   12670   25.34000000  0.22539421E-09 -0.25418144E-07 -0.50760332E-07   863.99999945   -23328.15959366
   12680   25.36000000 -0.15625401E-11 -0.25766263E-07 -0.50943167E-07   863.99999945   -23328.15959366
   12690   25.38000000 -0.21421724E-09 -0.26113869E-07 -0.51136975E-07   863.99999944   -23328.15959366
   12700   25.40000000 -0.41389029E-09 -0.26464394E-07 -0.51341313E-07   863.99999944   -23328.15959366
   12710   25.42000000 -0.60244352E-09 -0.26817060E-07 -0.51555513E-07   863.99999944   -23328.15959366
   12720   25.44000000 -0.78365018E-09 -0.27166572E-07 -0.51776565E-07   863.99999944   -23328.15959366
   12730   25.46000000 -0.95808030E-09 -0.27512193E-07 -0.52002470E-07   863.99999944   -23328.15959366
   12740   25.48000000 -0.11265801E-08 -0.27855852E-07 -0.52232560E-07   863.99999944   -23328.15959366
   12750   25.50000000 -0.12886112E-08 -0.28195228E-07 -0.52463715E-07   863.99999944   -23328.15959366
   12760   25.52000000 -0.14394972E-08 -0.28529096E-07 -0.52694224E-07   863.99999944   -23328.15959366
   12770   25.54000000 -0.15773291E-08 -0.28856586E-07 -0.52922996E-07   863.99999944   -23328.15959366
   12780   25.56000000 -0.17029980E-08 -0.29177368E-07 -0.53152600E-07   863.99999944   -23328.15959366
   12790   25.58000000 -0.18183553E-08 -0.29490680E-07 -0.53385351E-07   863.99999944   -23328.15959366
   12800   25.60000000 -0.19235229E-08 -0.29796603E-07 -0.53622347E-07   863.99999944   -23328.15959367
   12810   25.62000000 -0.20180487E-08 -0.30094166E-07 -0.53863397E-07   863.99999944   -23328.15959367
   12820   25.64000000 -0.21028678E-08 -0.30382261E-07 -0.54105516E-07   863.99999944   -23328.15959367
   12830   25.66000000 -0.21786828E-08 -0.30662474E-07 -0.54346002E-07   863.99999944   -23328.15959367
   12840   25.68000000 -0.22470798E-08 -0.30935778E-07 -0.54582133E-07   863.99999944   -23328.15959367
   12850   25.70000000 -0.23075783E-08 -0.31199812E-07 -0.54810828E-07   863.99999944   -23328.15959367
   12860   25.72000000 -0.23570742E-08 -0.31454184E-07 -0.55032959E-07   863.99999944   -23328.15959367
   12870   25.74000000 -0.23963008E-08 -0.31700689E-07 -0.55251602E-07   863.99999944   -23328.15959367
   12880   25.76000000 -0.24275687E-08 -0.31940162E-07 -0.55468429E-07   863.99999944   -23328.15959367
   12890   25.78000000 -0.24543456E-08 -0.32171459E-07 -0.55688274E-07   863.99999944   -23328.15959367
   12900   25.80000000 -0.24814078E-08 -0.32394835E-07 -0.55913431E-07   863.99999944   -23328.15959367
   12910   25.82000000 -0.25111221E-08 -0.32610346E-07 -0.56140595E-07   863.99999944   -23328.15959367
   12920   25.84000000 -0.25427160E-08 -0.32814232E-07 -0.56369111E-07   863.99999943   -23328.15959367
   12930   25.86000000 -0.25755455E-08 -0.33003426E-07 -0.56597171E-07   863.99999943   -23328.15959367
   12940   25.88000000 -0.26092247E-08 -0.33177750E-07 -0.56819233E-07   863.99999943   -23328.15959367
   12950   25.90000000 -0.26436879E-08 -0.33337125E-07 -0.57031573E-07   863.99999943   -23328.15959367
   12960   25.92000000 -0.26808779E-08 -0.33484615E-07 -0.57237266E-07   863.99999943   -23328.15959367
   12970   25.94000000 -0.27224015E-08 -0.33624570E-07 -0.57439525E-07   863.99999943   -23328.15959367
   12980   25.96000000 -0.27684090E-08 -0.33759242E-07 -0.57639234E-07   863.99999943   -23328.15959367
   12990   25.98000000 -0.28208098E-08 -0.33891337E-07 -0.57838182E-07   863.99999943   -23328.15959368
   13000   26.00000000 -0.28804205E-08 -0.34024206E-07 -0.58034578E-07   863.99999943   -23328.15959368
   13010   26.02000000 -0.29475306E-08 -0.34157987E-07 -0.58230041E-07   863.99999943   -23328.15959368
   13020   26.04000000 -0.30250123E-08 -0.34290048E-07 -0.58423692E-07   863.99999943   -23328.15959368
   13030   26.06000000 -0.31124352E-08 -0.34418168E-07 -0.58612510E-07   863.99999943   -23328.15959368
   13040   26.08000000 -0.32097552E-08 -0.34539341E-07 -0.58797611E-07   863.99999943   -23328.15959368
   13050   26.10000000 -0.33174490E-08 -0.34651164E-07 -0.58977359E-07   863.99999943   -23328.15959368
   13060   26.12000000 -0.34350454E-08 -0.34755022E-07 -0.59152126E-07   863.99999943   -23328.15959368
   13070   26.14000000 -0.35604056E-08 -0.34852688E-07 -0.59325716E-07   863.99999943   -23328.15959368
   13080   26.16000000 -0.36914036E-08 -0.34944731E-07 -0.59499871E-07   863.99999943   -23328.15959368
   13090   26.18000000 -0.38272851E-08 -0.35034019E-07 -0.59674990E-07   863.99999943   -23328.15959368
   13100   26.20000000 -0.39656534E-08 -0.35119290E-07 -0.59850169E-07   863.99999943   -23328.15959368
   13110   26.22000000 -0.41049881E-08 -0.35201921E-07 -0.60022945E-07   863.99999943   -23328.15959368
   13120   26.24000000 -0.42455711E-08 -0.35285823E-07 -0.60192053E-07   863.99999943   -23328.15959368
   13130   26.26000000 -0.43885229E-08 -0.35372005E-07 -0.60360970E-07   863.99999943   -23328.15959368
   13140   26.28000000 -0.45371705E-08 -0.35461625E-07 -0.60530671E-07   863.99999943   -23328.15959368
   13150   26.30000000 -0.46922618E-08 -0.35554347E-07 -0.60697218E-07   863.99999942   -23328.15959368
   13160   26.32000000 -0.48502915E-08 -0.35649476E-07 -0.60859878E-07   863.99999942   -23328.15959368
   13170   26.34000000 -0.50099797E-08 -0.35746174E-07 -0.61020063E-07   863.99999942   -23328.15959368
   13180   26.36000000 -0.51709761E-08 -0.35840856E-07 -0.61178560E-07   863.99999942   -23328.15959369
   13190   26.38000000 -0.53301972E-08 -0.35930089E-07 -0.61336524E-07   863.99999942   -23328.15959369
   13200   26.40000000 -0.54841797E-08 -0.36011485E-07 -0.61492576E-07   863.99999942   -23328.15959369
   13210   26.42000000 -0.56328446E-08 -0.36085208E-07 -0.61645508E-07   863.99999942   -23328.15959369
   13220   26.44000000 -0.57738745E-08 -0.36152820E-07 -0.61797236E-07   863.99999942   -23328.15959369
   13230   26.46000000 -0.59059742E-08 -0.36219082E-07 -0.61949932E-07   863.99999942   -23328.15959369
   13240   26.48000000 -0.60334203E-08 -0.36288393E-07 -0.62101480E-07   863.99999942   -23328.15959369
   13250   26.50000000 -0.61526411E-08 -0.36362470E-07 -0.62252218E-07   863.99999942   -23328.15959369
   13260   26.52000000 -0.62585468E-08 -0.36444043E-07 -0.62402227E-07   863.99999942   -23328.15959369
   13270   26.54000000 -0.63524816E-08 -0.36531658E-07 -0.62550605E-07   863.99999942   -23328.15959369
   13280   26.56000000 -0.64356631E-08 -0.36619980E-07 -0.62696085E-07   863.99999942   -23328.15959369
   13290   26.58000000 -0.65092118E-08 -0.36706541E-07 -0.62837445E-07   863.99999942   -23328.15959369
   13300   26.60000000 -0.65691992E-08 -0.36787485E-07 -0.62972299E-07   863.99999942   -23328.15959369
   13310   26.62000000 -0.66163194E-08 -0.36862864E-07 -0.63100498E-07   863.99999942   -23328.15959369
   13320   26.64000000 -0.66484792E-08 -0.36934720E-07 -0.63222035E-07   863.99999942   -23328.15959369
   13330   26.66000000 -0.66644510E-08 -0.37005172E-07 -0.63336532E-07   863.99999942   -23328.15959369
   13340   26.68000000 -0.66660689E-08 -0.37075279E-07 -0.63443158E-07   863.99999942   -23328.15959369
   13350   26.70000000 -0.66560290E-08 -0.37142285E-07 -0.63544265E-07   863.99999942   -23328.15959369
   13360   26.72000000 -0.66361532E-08 -0.37206314E-07 -0.63642291E-07   863.99999942   -23328.15959369
   13370   26.74000000 -0.66046705E-08 -0.37265044E-07 -0.63737459E-07   863.99999942   -23328.15959370
   13380   26.76000000 -0.65617159E-08 -0.37316111E-07 -0.63832370E-07   863.99999941   -23328.15959370
   13390   26.78000000 -0.65093470E-08 -0.37357741E-07 -0.63924133E-07   863.99999941   -23328.15959370
   13400   26.80000000 -0.64468073E-08 -0.37389886E-07 -0.64011335E-07   863.99999941   -23328.15959370
   13410   26.82000000 -0.63733972E-08 -0.37414048E-07 -0.64096228E-07   863.99999941   -23328.15959370
   13420   26.84000000 -0.62891203E-08 -0.37434530E-07 -0.64177747E-07   863.99999941   -23328.15959370
   13430   26.86000000 -0.61926047E-08 -0.37454476E-07 -0.64253314E-07   863.99999941   -23328.15959370
   13440   26.88000000 -0.60842472E-08 -0.37474502E-07 -0.64321878E-07   863.99999941   -23328.15959370
   13450   26.90000000 -0.59672365E-08 -0.37492456E-07 -0.64381080E-07   863.99999941   -23328.15959370
   13460   26.92000000 -0.58437245E-08 -0.37508198E-07 -0.64431405E-07   863.99999941   -23328.15959370
   13470   26.94000000 -0.57176819E-08 -0.37521375E-07 -0.64474080E-07   863.99999941   -23328.15959370
   13480   26.96000000 -0.55954693E-08 -0.37531304E-07 -0.64513278E-07   863.99999941   -23328.15959370
   13490   26.98000000 -0.54788297E-08 -0.37538639E-07 -0.64552962E-07   863.99999941   -23328.15959370
   13500   27.00000000 -0.53624636E-08 -0.37541960E-07 -0.64598584E-07   863.99999941   -23328.15959370
   13510   27.02000000 -0.52439394E-08 -0.37543542E-07 -0.64649847E-07   863.99999941   -23328.15959370
   13520   27.04000000 -0.51235687E-08 -0.37544975E-07 -0.64703446E-07   863.99999941   -23328.15959370
   13530   27.06000000 -0.49991649E-08 -0.37548033E-07 -0.64755331E-07   863.99999941   -23328.15959370
   13540   27.08000000 -0.48723826E-08 -0.37555262E-07 -0.64802359E-07   863.99999941   -23328.15959370
   13550   27.10000000 -0.47447933E-08 -0.37566309E-07 -0.64841966E-07   863.99999941   -23328.15959370
   13560   27.12000000 -0.46174075E-08 -0.37577008E-07 -0.64870924E-07   863.99999941   -23328.15959371
   13570   27.14000000 -0.44970215E-08 -0.37587346E-07 -0.64890043E-07   863.99999941   -23328.15959371
   13580   27.16000000 -0.43875906E-08 -0.37598032E-07 -0.64901227E-07   863.99999941   -23328.15959371
   13590   27.18000000 -0.42915977E-08 -0.37605676E-07 -0.64905581E-07   863.99999941   -23328.15959371
   13600   27.20000000 -0.42097544E-08 -0.37609109E-07 -0.64906983E-07   863.99999941   -23328.15959371
   13610   27.22000000 -0.41396622E-08 -0.37609016E-07 -0.64908257E-07   863.99999940   -23328.15959371
   13620   27.24000000 -0.40779105E-08 -0.37603339E-07 -0.64913322E-07   863.99999940   -23328.15959371
   13630   27.26000000 -0.40213294E-08 -0.37596635E-07 -0.64922690E-07   863.99999940   -23328.15959371
   13640   27.28000000 -0.39680709E-08 -0.37595771E-07 -0.64933681E-07   863.99999940   -23328.15959371
   13650   27.30000000 -0.39188335E-08 -0.37602722E-07 -0.64945637E-07   863.99999940   -23328.15959371
   13660   27.32000000 -0.38728880E-08 -0.37617087E-07 -0.64955850E-07   863.99999940   -23328.15959371
   13670   27.34000000 -0.38330174E-08 -0.37637576E-07 -0.64961642E-07   863.99999940   -23328.15959371
   13680   27.36000000 -0.38026763E-08 -0.37663440E-07 -0.64962235E-07   863.99999940   -23328.15959371
   13690   27.38000000 -0.37841216E-08 -0.37692324E-07 -0.64957975E-07   863.99999940   -23328.15959371
   13700   27.40000000 -0.37773759E-08 -0.37716270E-07 -0.64949052E-07   863.99999940   -23328.15959371
   13710   27.42000000 -0.37781577E-08 -0.37730247E-07 -0.64936868E-07   863.99999940   -23328.15959371
   13720   27.44000000 -0.37783690E-08 -0.37733431E-07 -0.64923343E-07   863.99999940   -23328.15959371
   13730   27.46000000 -0.37755077E-08 -0.37725070E-07 -0.64913249E-07   863.99999940   -23328.15959371
   13740   27.48000000 -0.37706276E-08 -0.37709929E-07 -0.64909237E-07   863.99999940   -23328.15959371
   13750   27.50000000 -0.37628417E-08 -0.37693492E-07 -0.64911284E-07   863.99999940   -23328.15959372
   13760   27.52000000 -0.37531401E-08 -0.37678055E-07 -0.64916087E-07   863.99999940   -23328.15959372
   13770   27.54000000 -0.37445236E-08 -0.37668424E-07 -0.64923896E-07   863.99999940   -23328.15959372
   13780   27.56000000 -0.37387922E-08 -0.37669004E-07 -0.64931753E-07   863.99999940   -23328.15959372
   13790   27.58000000 -0.37368400E-08 -0.37677599E-07 -0.64938986E-07   863.99999940   -23328.15959372
   13800   27.60000000 -0.37390723E-08 -0.37690059E-07 -0.64950705E-07   863.99999940   -23328.15959372
   13810   27.62000000 -0.37431522E-08 -0.37702341E-07 -0.64963599E-07   863.99999940   -23328.15959372
   13820   27.64000000 -0.37471857E-08 -0.37710715E-07 -0.64975554E-07   863.99999940   -23328.15959372
   13830   27.66000000 -0.37514392E-08 -0.37711244E-07 -0.64987457E-07   863.99999940   -23328.15959372
   13840   27.68000000 -0.37540077E-08 -0.37702680E-07 -0.64997012E-07   863.99999939   -23328.15959372
   13850   27.70000000 -0.37531281E-08 -0.37685757E-07 -0.65003393E-07   863.99999939   -23328.15959372
   13860   27.72000000 -0.37489623E-08 -0.37661483E-07 -0.65010026E-07   863.99999939   -23328.15959372
   13870   27.74000000 -0.37380732E-08 -0.37630041E-07 -0.65018931E-07   863.99999939   -23328.15959372
   13880   27.76000000 -0.37175606E-08 -0.37596165E-07 -0.65032333E-07   863.99999939   -23328.15959372
   13890   27.78000000 -0.36868410E-08 -0.37564342E-07 -0.65051207E-07   863.99999939   -23328.15959372
   13900   27.80000000 -0.36460174E-08 -0.37533299E-07 -0.65075426E-07   863.99999939   -23328.15959372
   13910   27.82000000 -0.35942747E-08 -0.37504783E-07 -0.65105752E-07   863.99999939   -23328.15959372
   13920   27.84000000 -0.35336652E-08 -0.37480469E-07 -0.65142612E-07   863.99999939   -23328.15959372
   13930   27.86000000 -0.34647915E-08 -0.37459805E-07 -0.65184557E-07   863.99999939   -23328.15959372
   13940   27.88000000 -0.33893722E-08 -0.37441719E-07 -0.65230168E-07   863.99999939   -23328.15959372
   13950   27.90000000 -0.33081694E-08 -0.37420778E-07 -0.65277874E-07   863.99999939   -23328.15959373
   13960   27.92000000 -0.32198787E-08 -0.37393205E-07 -0.65322802E-07   863.99999939   -23328.15959373
   13970   27.94000000 -0.31246174E-08 -0.37358149E-07 -0.65361700E-07   863.99999939   -23328.15959373
   13980   27.96000000 -0.30194975E-08 -0.37315166E-07 -0.65396725E-07   863.99999939   -23328.15959373
   13990   27.98000000 -0.29041436E-08 -0.37263745E-07 -0.65433620E-07   863.99999939   -23328.15959373
   14000   28.00000000 -0.27750951E-08 -0.37206434E-07 -0.65479259E-07   863.99999939   -23328.15959373
   14010   28.02000000 -0.26308318E-08 -0.37148384E-07 -0.65537282E-07   863.99999939   -23328.15959373
   14020   28.04000000 -0.24719695E-08 -0.37092247E-07 -0.65604369E-07   863.99999939   -23328.15959373
   14030   28.06000000 -0.23005545E-08 -0.37038874E-07 -0.65678813E-07   863.99999939   -23328.15959373
   14040   28.08000000 -0.21200991E-08 -0.36989853E-07 -0.65759747E-07   863.99999939   -23328.15959373
   14050   28.10000000 -0.19307465E-08 -0.36943950E-07 -0.65843217E-07   863.99999939   -23328.15959373
   14060   28.12000000 -0.17341881E-08 -0.36900372E-07 -0.65922145E-07   863.99999939   -23328.15959373
   14070   28.14000000 -0.15316885E-08 -0.36858036E-07 -0.65993004E-07   863.99999938   -23328.15959373
   14080   28.16000000 -0.13207438E-08 -0.36814509E-07 -0.66058515E-07   863.99999938   -23328.15959373
   14090   28.18000000 -0.11024960E-08 -0.36771554E-07 -0.66126244E-07   863.99999938   -23328.15959373
   14100   28.20000000 -0.87865833E-09 -0.36729890E-07 -0.66201837E-07   863.99999938   -23328.15959373
   14110   28.22000000 -0.64540080E-09 -0.36689235E-07 -0.66285814E-07   863.99999938   -23328.15959373
   14120   28.24000000 -0.40371453E-09 -0.36647056E-07 -0.66380393E-07   863.99999938   -23328.15959373
   14130   28.26000000 -0.15409594E-09 -0.36604352E-07 -0.66482542E-07   863.99999938   -23328.15959373
   14140   28.28000000  0.10279712E-09 -0.36563937E-07 -0.66588571E-07   863.99999938   -23328.15959374
   14150   28.30000000  0.36564180E-09 -0.36527786E-07 -0.66694093E-07   863.99999938   -23328.15959374
   14160   28.32000000  0.63637878E-09 -0.36497539E-07 -0.66792987E-07   863.99999938   -23328.15959374
   14170   28.34000000  0.91676587E-09 -0.36477364E-07 -0.66883988E-07   863.99999938   -23328.15959374
   14180   28.36000000  0.12059395E-08 -0.36469940E-07 -0.66966152E-07   863.99999938   -23328.15959374
   14190   28.38000000  0.15038175E-08 -0.36470349E-07 -0.67042489E-07   863.99999938   -23328.15959374
   14200   28.40000000  0.18103256E-08 -0.36472868E-07 -0.67117227E-07   863.99999938   -23328.15959374
   14210   28.42000000  0.21237981E-08 -0.36475868E-07 -0.67190988E-07   863.99999938   -23328.15959374
   14220   28.44000000  0.24425970E-08 -0.36474876E-07 -0.67265503E-07   863.99999938   -23328.15959374
   14230   28.46000000  0.27655913E-08 -0.36467037E-07 -0.67341443E-07   863.99999938   -23328.15959374
   14240   28.48000000  0.30897931E-08 -0.36455621E-07 -0.67417296E-07   863.99999938   -23328.15959374
   14250   28.50000000  0.34150205E-08 -0.36448338E-07 -0.67491470E-07   863.99999938   -23328.15959374
   14260   28.52000000  0.37435908E-08 -0.36445368E-07 -0.67564879E-07   863.99999938   -23328.15959374
   14270   28.54000000  0.40747415E-08 -0.36444173E-07 -0.67637164E-07   863.99999938   -23328.15959374
   14280   28.56000000  0.44083566E-08 -0.36447853E-07 -0.67705530E-07   863.99999938   -23328.15959374
   14290   28.58000000  0.47490049E-08 -0.36454592E-07 -0.67770307E-07   863.99999938   -23328.15959374
   14300   28.60000000  0.51002140E-08 -0.36463774E-07 -0.67830681E-07   863.99999937   -23328.15959374
   14310   28.62000000  0.54642428E-08 -0.36474266E-07 -0.67885272E-07   863.99999937   -23328.15959374
   14320   28.64000000  0.58340728E-08 -0.36484833E-07 -0.67934492E-07   863.99999937   -23328.15959374
   14330   28.66000000  0.62071426E-08 -0.36491667E-07 -0.67981224E-07   863.99999937   -23328.15959375
   14340   28.68000000  0.65805881E-08 -0.36489983E-07 -0.68025833E-07   863.99999937   -23328.15959375
   14350   28.70000000  0.69484093E-08 -0.36480275E-07 -0.68069532E-07   863.99999937   -23328.15959375
   14360   28.72000000  0.73118256E-08 -0.36465350E-07 -0.68110766E-07   863.99999937   -23328.15959375
   14370   28.74000000  0.76752068E-08 -0.36445713E-07 -0.68148963E-07   863.99999937   -23328.15959375
   14380   28.76000000  0.80409605E-08 -0.36421667E-07 -0.68186187E-07   863.99999937   -23328.15959375
   14390   28.78000000  0.84118087E-08 -0.36396379E-07 -0.68221026E-07   863.99999937   -23328.15959375
   14400   28.80000000  0.87883102E-08 -0.36372985E-07 -0.68253553E-07   863.99999937   -23328.15959375
   14410   28.82000000  0.91704655E-08 -0.36348604E-07 -0.68285096E-07   863.99999937   -23328.15959375
   14420   28.84000000  0.95580992E-08 -0.36317177E-07 -0.68314725E-07   863.99999937   -23328.15959375
   14430   28.86000000  0.99494497E-08 -0.36277312E-07 -0.68339197E-07   863.99999937   -23328.15959375
   14440   28.88000000  0.10340405E-07 -0.36228778E-07 -0.68358696E-07   863.99999937   -23328.15959375
   14450   28.90000000  0.10728068E-07 -0.36172584E-07 -0.68377233E-07   863.99999937   -23328.15959375
   14460   28.92000000  0.11113126E-07 -0.36110438E-07 -0.68395228E-07   863.99999937   -23328.15959375
   14470   28.94000000  0.11496736E-07 -0.36043585E-07 -0.68414515E-07   863.99999937   -23328.15959375
   14480   28.96000000  0.11882273E-07 -0.35974550E-07 -0.68436960E-07   863.99999937   -23328.15959375
   14490   28.98000000  0.12272739E-07 -0.35904638E-07 -0.68463952E-07   863.99999937   -23328.15959375
   14500   29.00000000  0.12670003E-07 -0.35831664E-07 -0.68496036E-07   863.99999937   -23328.15959375
   14510   29.02000000  0.13077847E-07 -0.35754338E-07 -0.68533723E-07   863.99999937   -23328.15959375
   14520   29.04000000  0.13499066E-07 -0.35672635E-07 -0.68580714E-07   863.99999936   -23328.15959376
   14530   29.06000000  0.13933482E-07 -0.35584044E-07 -0.68636749E-07   863.99999936   -23328.15959376
   14540   29.08000000  0.14378048E-07 -0.35490072E-07 -0.68696913E-07   863.99999936   -23328.15959376
   14550   29.10000000  0.14829175E-07 -0.35393281E-07 -0.68759166E-07   863.99999936   -23328.15959376
   14560   29.12000000  0.15284290E-07 -0.35294938E-07 -0.68822815E-07   863.99999936   -23328.15959376
   14570   29.14000000  0.15743394E-07 -0.35195570E-07 -0.68886231E-07   863.99999936   -23328.15959376
   14580   29.16000000  0.16207553E-07 -0.35095346E-07 -0.68951711E-07   863.99999936   -23328.15959376
   14590   29.18000000  0.16678478E-07 -0.34995843E-07 -0.69020443E-07   863.99999936   -23328.15959376
   14600   29.20000000  0.17156313E-07 -0.34895054E-07 -0.69093273E-07   863.99999936   -23328.15959376
   14610   29.22000000  0.17639326E-07 -0.34792594E-07 -0.69171253E-07   863.99999936   -23328.15959376
   14620   29.24000000  0.18124918E-07 -0.34691494E-07 -0.69252494E-07   863.99999936   -23328.15959376
   14630   29.26000000  0.18614815E-07 -0.34592331E-07 -0.69333354E-07   863.99999936   -23328.15959376
   14640   29.28000000  0.19109896E-07 -0.34493709E-07 -0.69413258E-07   863.99999936   -23328.15959376
   14650   29.30000000  0.19609862E-07 -0.34392815E-07 -0.69494056E-07   863.99999936   -23328.15959376
   14660   29.32000000  0.20116057E-07 -0.34292294E-07 -0.69577496E-07   863.99999936   -23328.15959376
   14670   29.34000000  0.20630563E-07 -0.34194061E-07 -0.69665135E-07   863.99999936   -23328.15959376
   14680   29.36000000  0.21152822E-07 -0.34100072E-07 -0.69758896E-07   863.99999936   -23328.15959376
   14690   29.38000000  0.21681581E-07 -0.34011466E-07 -0.69857251E-07   863.99999936   -23328.15959376
   14700   29.40000000  0.22217217E-07 -0.33931535E-07 -0.69956626E-07   863.99999936   -23328.15959376
   14710   29.42000000  0.22754672E-07 -0.33860907E-07 -0.70057253E-07   863.99999936   -23328.15959377
   14720   29.44000000  0.23293829E-07 -0.33800506E-07 -0.70158960E-07   863.99999936   -23328.15959377
   14730   29.46000000  0.23833279E-07 -0.33748400E-07 -0.70262819E-07   863.99999936   -23328.15959377
   14740   29.48000000  0.24371753E-07 -0.33699851E-07 -0.70371153E-07   863.99999936   -23328.15959377
   14750   29.50000000  0.24907202E-07 -0.33649182E-07 -0.70486590E-07   863.99999935   -23328.15959377
   14760   29.52000000  0.25440795E-07 -0.33593808E-07 -0.70609857E-07   863.99999935   -23328.15959377
   14770   29.54000000  0.25975777E-07 -0.33532018E-07 -0.70742306E-07   863.99999935   -23328.15959377
   14780   29.56000000  0.26513624E-07 -0.33467421E-07 -0.70879482E-07   863.99999935   -23328.15959377
   14790   29.58000000  0.27056403E-07 -0.33404712E-07 -0.71016826E-07   863.99999935   -23328.15959377
   14800   29.60000000  0.27604635E-07 -0.33345613E-07 -0.71147759E-07   863.99999935   -23328.15959377
   14810   29.62000000  0.28156011E-07 -0.33295564E-07 -0.71268565E-07   863.99999935   -23328.15959377
   14820   29.64000000  0.28706110E-07 -0.33255025E-07 -0.71380678E-07   863.99999935   -23328.15959377
   14830   29.66000000  0.29250055E-07 -0.33220922E-07 -0.71486444E-07   863.99999935   -23328.15959377
   14840   29.68000000  0.29785617E-07 -0.33191232E-07 -0.71589084E-07   863.99999935   -23328.15959377
   14850   29.70000000  0.30310806E-07 -0.33160808E-07 -0.71692912E-07   863.99999935   -23328.15959377
   14860   29.72000000  0.30825330E-07 -0.33124319E-07 -0.71801462E-07   863.99999935   -23328.15959377
   14870   29.74000000  0.31329376E-07 -0.33080564E-07 -0.71914577E-07   863.99999935   -23328.15959377
   14880   29.76000000  0.31826081E-07 -0.33031265E-07 -0.72032181E-07   863.99999935   -23328.15959377
   14890   29.78000000  0.32319792E-07 -0.32980606E-07 -0.72156111E-07   863.99999935   -23328.15959377
   14900   29.80000000  0.32812369E-07 -0.32930011E-07 -0.72284839E-07   863.99999935   -23328.15959378
   14910   29.82000000  0.33303759E-07 -0.32877105E-07 -0.72414677E-07   863.99999935   -23328.15959378
   14920   29.84000000  0.33791139E-07 -0.32818180E-07 -0.72542088E-07   863.99999935   -23328.15959378
   14930   29.86000000  0.34268805E-07 -0.32752076E-07 -0.72662163E-07   863.99999935   -23328.15959378
   14940   29.88000000  0.34735571E-07 -0.32681108E-07 -0.72771856E-07   863.99999935   -23328.15959378
   14950   29.90000000  0.35190631E-07 -0.32608787E-07 -0.72873278E-07   863.99999935   -23328.15959378
   14960   29.92000000  0.35633909E-07 -0.32537214E-07 -0.72969159E-07   863.99999935   -23328.15959378
   14970   29.94000000  0.36067347E-07 -0.32465584E-07 -0.73062064E-07   863.99999935   -23328.15959378
   14980   29.96000000  0.36492475E-07 -0.32391358E-07 -0.73152452E-07   863.99999934   -23328.15959378
   14990   29.98000000  0.36907742E-07 -0.32314481E-07 -0.73239546E-07   863.99999934   -23328.15959378
   15000   30.00000000  0.37313679E-07 -0.32235246E-07 -0.73321309E-07   863.99999934   -23328.15959378
=== application breakdown [s] ===
total calculation time,7399.04923606
rt calculation                         min         max     average   std. dev.  difference    relative
rt initialization              0.49829E-04 0.12262E-02 0.17209E-03 0.74430E-04 0.11764E-02 0.24608E+02
reading lda data               0.52141E+01 0.52243E+01 0.52204E+01 0.91681E-03 0.10207E-01 0.10020E+01
reading rt data                0.21162E-02 0.90950E-02 0.25938E-02 0.34395E-03 0.69788E-02 0.42978E+01
prep. time prop.               0.29206E-03 0.21679E-02 0.10100E-02 0.13668E-03 0.18759E-02 0.74229E+01
rt iterations                  0.73926E+04 0.73926E+04 0.73926E+04 0.14890E-03 0.74792E-03 0.10000E+01
after writing rt data          0.19073E-05 0.96845E+00 0.11784E-03 0.10208E-01 0.96845E+00 0.50775E+06
in rt iterations                       min         max     average   std. dev.  difference    relative
Vbox                           0.13187E+01 0.15614E+01 0.14250E+01 0.35180E-01 0.24273E+00 0.11841E+01
time propagation               0.56071E+04 0.58326E+04 0.57490E+04 0.35385E+02 0.22548E+03 0.10402E+01
calculating rho                0.11721E+03 0.34052E+03 0.20046E+03 0.35359E+02 0.22331E+03 0.29053E+01
Hartree routine                0.37982E+02 0.47509E+02 0.43521E+02 0.14567E+01 0.95266E+01 0.12508E+01
Exc_Cor routine                0.64877E+01 0.95569E+01 0.81233E+01 0.47892E+00 0.30692E+01 0.14731E+01
calculating curr               0.11557E+04 0.11558E+04 0.11557E+04 0.18991E-01 0.11389E+00 0.10001E+01
calc. projection               0.40734E-02 0.87252E-02 0.59102E-02 0.61009E-03 0.46518E-02 0.21420E+01
writing energies               0.14892E+01 0.21121E+01 0.15956E+01 0.12389E+00 0.62291E+00 0.14183E+01
calc_eigen_energy              0.21066E+03 0.21126E+03 0.21085E+03 0.90495E-01 0.59378E+00 0.10028E+01
calc_total_energy_periodic     0.17502E+02 0.22771E+02 0.19277E+02 0.77894E+00 0.52691E+01 0.13011E+01
writing info etc.              0.91465E-02 0.42650E+00 0.11516E-01 0.44434E-02 0.41735E+00 0.46630E+02
total_energy module                    min         max     average   std. dev.  difference    relative
periodic calc.                 0.29298E+01 0.80881E+01 0.48112E+01 0.14935E+01 0.51583E+01 0.27606E+01
periodic comm. coll.           0.10065E+02 0.19626E+02 0.14450E+02 0.17142E+01 0.95609E+01 0.19499E+01
eigen_energy calc.             0.35311E+02 0.38740E+02 0.37714E+02 0.39179E+00 0.34285E+01 0.10971E+01
eigen_energy comm. coll.       0.45631E+01 0.11287E+02 0.76566E+01 0.87201E+00 0.67234E+01 0.24734E+01
eigen_energy hpsi              0.14779E+03 0.15407E+03 0.14987E+03 0.75371E+00 0.62809E+01 0.10425E+01
density_matrix module                  min         max     average   std. dev.  difference    relative
density calc.                  0.79927E+02 0.14113E+03 0.10800E+03 0.11782E+02 0.61203E+02 0.17657E+01
density comm. coll.            0.24875E+02 0.20638E+03 0.92203E+02 0.27077E+02 0.18150E+03 0.82964E+01
current calc.                  0.25156E+03 0.27698E+03 0.26122E+03 0.35321E+01 0.25418E+02 0.11010E+01
current rDivided uVpsi calc.   0.11377E+03 0.11710E+03 0.11521E+03 0.42500E+00 0.33277E+01 0.10292E+01
current comm. coll.            0.82131E+02 0.12992E+03 0.10803E+03 0.54285E+01 0.47786E+02 0.15818E+01
current comm. halo.            0.63913E+03 0.69998E+03 0.67113E+03 0.80725E+01 0.60852E+02 0.10952E+01
conjugate_gradient module              min         max     average   std. dev.  difference    relative
subspace_diag module                   min         max     average   std. dev.  difference    relative
subspace_diag so module                min         max     average   std. dev.  difference    relative
force module                           min         max     average   std. dev.  difference    relative
init_ps                                min         max     average   std. dev.  difference    relative
hamiltonian module                     min         max     average   std. dev.  difference    relative
total                          0.49351E+04 0.51718E+04 0.50322E+04 0.33841E+02 0.23674E+03 0.10480E+01
update overlap (comm.)         0.26432E+04 0.30409E+04 0.27796E+04 0.53273E+02 0.39768E+03 0.11505E+01
stencil                        0.10621E+04 0.13082E+04 0.11816E+04 0.24998E+02 0.24606E+03 0.12317E+01
subtraction                    0.24989E+02 0.30368E+02 0.28545E+02 0.43901E+00 0.53783E+01 0.12152E+01
pseudo-pt                      0.94265E+03 0.11140E+04 0.10210E+04 0.23884E+02 0.17134E+03 0.11818E+01
pseudo-pt (comm.)              0.37632E+02 0.28429E+03 0.13621E+03 0.31743E+02 0.24666E+03 0.75544E+01
hpsi-overlapped                        min         max     average   std. dev.  difference    relative
checkpoint/restart                     min         max     average   std. dev.  difference    relative
restart self                   0.32240E+01 0.35055E+01 0.32312E+01 0.12135E-01 0.28152E+00 0.10873E+01
restart sync                   0.35025E+01 0.35099E+01 0.35060E+01 0.10100E-02 0.74840E-02 0.10021E+01
=== performance [GFLOPS] ===
end SALMON
