##############################################################################
# SALMON: Scalable Ab-initio Light-Matter simulator for Optics and Nanoscience
#
#                             Version 2.2.1
##############################################################################
  Libxc: [enabled] 6.2.2
   theory= tddft_pulse
 
 Total time step      =       15000
 Time step[fs]        =  2.000000000000000E-003
 Energy range         =        3000
 Energy resolution[eV]=  1.000000000000000E-002
Laser frequency     = 0.17 1.50[eV]
Pulse width of laser=     12.00000000      5.80000000[fs]
Laser intensity     =  0.00000000E+00  0.60000000E+12[W/cm^2]
delay time          =      0.00000000[fs]
   use of real value orbitals =  F
 ======
 MPI distribution:
   nproc_k     :         125
   nproc_ob    :           4
   nproc_rgrid :           3           2           3
 OpenMP parallelization:
   number of threads :           1
 hpsi stencil:
   enables hand-coding vectorization : F
   enables openmp parallelization    : F
 current:
   k,orbital parallelized of openmp  : T
 force:
   k,orbital parallelized of openmp  : T
 ===================pseudopotential data===================
 ik ,atom_symbol=           1 Si
 ps_format =KY              
 ps_file =./Si_rps.dat
 Zps(ik), Mlps(ik) =           4           2
 Rps(ik), NRps(ik) =   2.26767135054939              122
 Lref(ik) =           2
 nproj(ik,l) =           1           1           1
 anorm(ik,l) =  0.6193218      0.3646551      0.0000000E+00
 inorm(ik,l) =           1           1           0
 Mass(ik) =   28.0000000000000     
 flag_nlcc_element(ik) = F
 ==========================================================
 flag_nlcc =  F
 
 ============init_ps==============
 end init_ps
 Maximal rho_NLCC= 0.000000000000000E+000
 Maximal tau_NLCC= 0.000000000000000E+000
 == Ewald ==
 cutoff length in real-space in ewald =  4.00 [A]
 (buffer length in bookkeeping =  2.00 [A])
 cutoff length in G-space in ewald =  0.1870828864+102 [1/A]
 number of ion-ion pair(/atom) used for allocation of bookkeeping=    68
 ===========
   Static dipole moment(xyz) =   -0.7045581630E+04   -0.7054251567E+04   -0.7056981012E+04
 
 
  time-step  time[fs]                               Current(xyz)[a.u.]      electrons Total energy[eV] 
#----------------------------------------------------------------------
      10    0.02000000 -0.68694370E-12 -0.32678455E-12 -0.29050481E-12   864.00000000   -23329.57087453
      20    0.04000000 -0.83072682E-12 -0.34801573E-12 -0.61361866E-13   864.00000000   -23329.57087453
      30    0.06000000 -0.86177253E-12 -0.43880724E-12  0.28028928E-12   864.00000000   -23329.57087453
      40    0.08000000 -0.86269252E-12 -0.42038322E-12  0.46175720E-12   864.00000000   -23329.57087453
      50    0.10000000 -0.92202614E-12 -0.35488946E-12  0.76719904E-12   864.00000000   -23329.57087453
      60    0.12000000 -0.77228608E-12 -0.20494137E-12  0.11315275E-11   864.00000000   -23329.57087453
      70    0.14000000 -0.70622527E-12 -0.66640907E-13  0.13635993E-11   864.00000000   -23329.57087453
      80    0.16000000 -0.52704837E-12  0.10616848E-12  0.15926528E-11   864.00000000   -23329.57087453
      90    0.18000000 -0.43672856E-12  0.22493553E-12  0.15938034E-11   864.00000000   -23329.57087453
     100    0.20000000 -0.47424339E-12  0.17239252E-12  0.14596563E-11   864.00000000   -23329.57087453
     110    0.22000000 -0.58498306E-12  0.84878372E-13  0.10907154E-11   864.00000000   -23329.57087453
     120    0.24000000 -0.59282743E-12  0.51459208E-13  0.68339388E-12   863.99999999   -23329.57087453
     130    0.26000000 -0.53792815E-12 -0.61391746E-14  0.40445806E-12   863.99999999   -23329.57087453
     140    0.28000000 -0.48719111E-12 -0.37087225E-13  0.18869573E-12   863.99999999   -23329.57087453
     150    0.30000000 -0.46002304E-12 -0.37886525E-13  0.31283173E-13   863.99999999   -23329.57087453
     160    0.32000000 -0.45811757E-12  0.26627007E-13 -0.37741150E-13   863.99999999   -23329.57087453
     170    0.34000000 -0.54138017E-12 -0.62880452E-13  0.91523413E-13   863.99999999   -23329.57087454
     180    0.36000000 -0.66006356E-12 -0.18408933E-12  0.24228330E-12   863.99999999   -23329.57087454
     190    0.38000000 -0.73284617E-12 -0.35405592E-12  0.57459382E-12   863.99999999   -23329.57087454
     200    0.40000000 -0.77345760E-12 -0.56400794E-12  0.74275356E-12   863.99999999   -23329.57087454
     210    0.42000000 -0.10087631E-11 -0.84401149E-12  0.78423700E-12   863.99999999   -23329.57087454
     220    0.44000000 -0.11610352E-11 -0.10351906E-11  0.91892686E-12   863.99999999   -23329.57087454
     230    0.46000000 -0.12846546E-11 -0.11204557E-11  0.10630264E-11   863.99999999   -23329.57087454
     240    0.48000000 -0.13455010E-11 -0.11551418E-11  0.12510393E-11   863.99999999   -23329.57087454
     250    0.50000000 -0.12872759E-11 -0.11268043E-11  0.14433581E-11   863.99999999   -23329.57087454
     260    0.52000000 -0.11287236E-11 -0.10390740E-11  0.14884560E-11   863.99999999   -23329.57087454
     270    0.54000000 -0.91430829E-12 -0.85848480E-12  0.14202468E-11   863.99999999   -23329.57087454
     280    0.56000000 -0.61293840E-12 -0.53420238E-12  0.13123920E-11   863.99999999   -23329.57087454
     290    0.58000000 -0.32809579E-12 -0.22623436E-12  0.11563202E-11   863.99999999   -23329.57087454
     300    0.60000000  0.22604936E-12  0.37422473E-13  0.92353792E-12   863.99999999   -23329.57087454
     310    0.62000000  0.68923716E-12  0.34355171E-12  0.73235667E-12   863.99999999   -23329.57087454
     320    0.64000000  0.11625792E-11  0.62131747E-12  0.40124307E-12   863.99999999   -23329.57087454
     330    0.66000000  0.13395693E-11  0.83768255E-12  0.11932994E-12   863.99999999   -23329.57087454
     340    0.68000000  0.13641709E-11  0.89907019E-12 -0.15053651E-12   863.99999999   -23329.57087455
     350    0.70000000  0.12259110E-11  0.81257999E-12 -0.36821557E-12   863.99999998   -23329.57087455
     360    0.72000000  0.93563297E-12  0.57928409E-12 -0.56572151E-12   863.99999998   -23329.57087455
     370    0.74000000  0.45457101E-12  0.34220625E-12 -0.65696553E-12   863.99999998   -23329.57087455
     380    0.76000000  0.22257961E-13  0.12483655E-12 -0.65218097E-12   863.99999998   -23329.57087455
     390    0.78000000 -0.34764847E-12 -0.67507328E-14 -0.57549118E-12   863.99999998   -23329.57087455
     400    0.80000000 -0.56917644E-12 -0.22923493E-12 -0.53164893E-12   863.99999998   -23329.57087455
     410    0.82000000 -0.66658525E-12 -0.49069149E-12 -0.38268303E-12   863.99999998   -23329.57087455
     420    0.84000000 -0.67982987E-12 -0.68782856E-12 -0.28911552E-12   863.99999998   -23329.57087455
     430    0.86000000 -0.60432170E-12 -0.72307329E-12 -0.23406380E-12   863.99999998   -23329.57087455
     440    0.88000000 -0.33394837E-12 -0.67552895E-12 -0.25005930E-12   863.99999998   -23329.57087455
     450    0.90000000 -0.35423618E-13 -0.60685127E-12 -0.26343199E-12   863.99999998   -23329.57087455
     460    0.92000000  0.33710635E-12 -0.45909051E-12 -0.33127674E-12   863.99999998   -23329.57087455
     470    0.94000000  0.77700039E-12 -0.33333157E-12 -0.44154471E-12   863.99999998   -23329.57087455
     480    0.96000000  0.10421646E-11 -0.15048902E-12 -0.43510285E-12   863.99999998   -23329.57087455
     490    0.98000000  0.12118825E-11  0.65509266E-13 -0.22668333E-12   863.99999998   -23329.57087455
     500    1.00000000  0.12403928E-11  0.21543766E-12  0.73810831E-14   863.99999998   -23329.57087455
     510    1.02000000  0.12484685E-11  0.25553660E-12  0.29655515E-12   863.99999998   -23329.57087455
     520    1.04000000  0.11242098E-11  0.30929390E-12  0.41872592E-12   863.99999998   -23329.57087456
     530    1.06000000  0.92593586E-12  0.35160950E-12  0.34570580E-12   863.99999998   -23329.57087456
     540    1.08000000  0.63013996E-12  0.37398397E-12  0.16880824E-12   863.99999998   -23329.57087456
     550    1.10000000  0.43890882E-12  0.41962819E-12 -0.81204274E-13   863.99999998   -23329.57087456
     560    1.12000000  0.19704371E-12  0.45927611E-12 -0.34309484E-12   863.99999998   -23329.57087456
     570    1.14000000  0.97087436E-13  0.47623552E-12 -0.65920499E-12   863.99999997   -23329.57087456
     580    1.16000000  0.46238771E-14  0.40221517E-12 -0.90901903E-12   863.99999997   -23329.57087456
     590    1.18000000 -0.89504804E-13  0.39136784E-12 -0.10102991E-11   863.99999997   -23329.57087456
     600    1.20000000 -0.23357558E-12  0.30010966E-12 -0.10552264E-11   863.99999997   -23329.57087456
     610    1.22000000 -0.32516912E-12  0.14770222E-12 -0.10380885E-11   863.99999997   -23329.57087456
     620    1.24000000 -0.40861757E-12  0.79836467E-14 -0.84011367E-12   863.99999997   -23329.57087456
     630    1.26000000 -0.40519257E-12 -0.89328688E-13 -0.62224181E-12   863.99999997   -23329.57087456
     640    1.28000000 -0.34711563E-12 -0.81810797E-13 -0.41587321E-12   863.99999997   -23329.57087456
     650    1.30000000 -0.26750777E-12 -0.41151904E-13 -0.24624657E-12   863.99999997   -23329.57087456
     660    1.32000000 -0.16912720E-12 -0.53229610E-13 -0.73645113E-13   863.99999997   -23329.57087456
     670    1.34000000 -0.11223105E-12 -0.36384762E-13  0.24404639E-13   863.99999997   -23329.57087456
     680    1.36000000  0.33492927E-13  0.85933235E-13  0.24035797E-13   863.99999997   -23329.57087456
     690    1.38000000  0.22512735E-12  0.15363863E-12  0.16934452E-13   863.99999997   -23329.57087456
     700    1.40000000  0.31682244E-12  0.21344295E-12 -0.35330455E-13   863.99999997   -23329.57087457
     710    1.42000000  0.26924803E-12  0.20728016E-12 -0.96961112E-13   863.99999997   -23329.57087457
     720    1.44000000  0.10337677E-12  0.13021950E-12 -0.15214185E-12   863.99999997   -23329.57087457
     730    1.46000000 -0.12660573E-12  0.33836652E-13 -0.13012508E-12   863.99999997   -23329.57087457
     740    1.48000000 -0.35939541E-12 -0.14992659E-13  0.16904528E-14   863.99999997   -23329.57087457
     750    1.50000000 -0.50191922E-12 -0.15736738E-12  0.17543223E-12   863.99999997   -23329.57087457
     760    1.52000000 -0.61475119E-12 -0.30635685E-12  0.41164572E-12   863.99999997   -23329.57087457
     770    1.54000000 -0.73035207E-12 -0.37336844E-12  0.58524179E-12   863.99999997   -23329.57087457
     780    1.56000000 -0.76447142E-12 -0.34641444E-12  0.55240253E-12   863.99999997   -23329.57087457
     790    1.58000000 -0.68754601E-12 -0.27372764E-12  0.42039858E-12   863.99999997   -23329.57087457
     800    1.60000000 -0.53302930E-12 -0.21752302E-12  0.32409037E-12   863.99999996   -23329.57087457
     810    1.62000000 -0.32019516E-12 -0.97983297E-13  0.27891507E-12   863.99999996   -23329.57087457
     820    1.64000000 -0.52916058E-13 -0.73851059E-13  0.20113495E-12   863.99999996   -23329.57087457
     830    1.66000000  0.26801945E-12 -0.91676050E-13  0.10516205E-12   863.99999996   -23329.57087457
     840    1.68000000  0.56223466E-12 -0.13375915E-12 -0.45898105E-13   863.99999996   -23329.57087457
     850    1.70000000  0.69798791E-12 -0.76428802E-13 -0.19458102E-12   863.99999996   -23329.57087457
     860    1.72000000  0.73275890E-12  0.12615957E-13 -0.29386422E-12   863.99999996   -23329.57087457
     870    1.74000000  0.68554729E-12 -0.26329271E-13 -0.31226436E-12   863.99999996   -23329.57087457
     880    1.76000000  0.45906474E-12  0.38132795E-13 -0.36981881E-12   863.99999996   -23329.57087458
     890    1.78000000  0.28534587E-12  0.11324560E-12 -0.36533658E-12   863.99999996   -23329.57087458
     900    1.80000000  0.66564207E-13  0.17863953E-12 -0.21958808E-12   863.99999996   -23329.57087458
     910    1.82000000 -0.26617501E-12  0.26243786E-12 -0.39309254E-13   863.99999996   -23329.57087458
     920    1.84000000 -0.62001887E-12  0.34785344E-12  0.11832939E-12   863.99999996   -23329.57087458
     930    1.86000000 -0.81591343E-12  0.33936560E-12  0.22849259E-12   863.99999996   -23329.57087458
     940    1.88000000 -0.85646177E-12  0.41633903E-12  0.19075989E-12   863.99999996   -23329.57087458
     950    1.90000000 -0.84497731E-12  0.39556847E-12  0.18227001E-12   863.99999996   -23329.57087458
     960    1.92000000 -0.69278565E-12  0.30191999E-12  0.30036486E-12   863.99999996   -23329.57087458
     970    1.94000000 -0.62217944E-12  0.12060796E-12  0.48687793E-12   863.99999996   -23329.57087458
     980    1.96000000 -0.46225775E-12 -0.51632564E-13  0.59294821E-12   863.99999996   -23329.57087458
     990    1.98000000 -0.26554616E-12 -0.28770413E-12  0.73065221E-12   863.99999996   -23329.57087458
    1000    2.00000000  0.44443306E-13 -0.45173128E-12  0.76738800E-12   863.99999996   -23329.57087458
    1010    2.02000000  0.38478385E-12 -0.52032268E-12  0.73660769E-12   863.99999996   -23329.57087458
    1020    2.04000000  0.57521757E-12 -0.47640491E-12  0.72766045E-12   863.99999996   -23329.57087458
    1030    2.06000000  0.71923335E-12 -0.38846851E-12  0.61832187E-12   863.99999995   -23329.57087458
    1040    2.08000000  0.76178554E-12 -0.28516352E-12  0.30643615E-12   863.99999995   -23329.57087458
    1050    2.10000000  0.75751399E-12 -0.18477753E-12 -0.82580967E-13   863.99999995   -23329.57087458
    1060    2.12000000  0.58868193E-12 -0.12622260E-12 -0.46159612E-12   863.99999995   -23329.57087459
    1070    2.14000000  0.33311072E-12 -0.10592364E-12 -0.63857668E-12   863.99999995   -23329.57087459
    1080    2.16000000  0.20457208E-13 -0.40733084E-13 -0.77076055E-12   863.99999995   -23329.57087459
    1090    2.18000000 -0.11213792E-12  0.86431406E-13 -0.82625767E-12   863.99999995   -23329.57087459
    1100    2.20000000 -0.17094132E-12  0.14381836E-12 -0.74119833E-12   863.99999995   -23329.57087459
    1110    2.22000000 -0.13616040E-12  0.14588914E-12 -0.57255658E-12   863.99999995   -23329.57087459
    1120    2.24000000 -0.72662669E-13  0.14055134E-12 -0.33202615E-12   863.99999995   -23329.57087459
    1130    2.26000000  0.37541907E-13  0.43449119E-13 -0.11934175E-12   863.99999995   -23329.57087459
    1140    2.28000000  0.27211710E-12 -0.81230215E-13  0.91217729E-13   863.99999995   -23329.57087459
    1150    2.30000000  0.53003348E-12 -0.11207567E-12  0.25914883E-12   863.99999995   -23329.57087459
    1160    2.32000000  0.69209972E-12 -0.13949250E-12  0.37182779E-12   863.99999995   -23329.57087459
    1170    2.34000000  0.68654782E-12 -0.58149314E-13  0.45597103E-12   863.99999995   -23329.57087459
    1180    2.36000000  0.41512144E-12  0.23363753E-13  0.43806978E-12   863.99999995   -23329.57087459
    1190    2.38000000  0.12916546E-12  0.25131078E-12  0.44904332E-12   863.99999995   -23329.57087459
    1200    2.40000000 -0.19405371E-12  0.42810110E-12  0.43399032E-12   863.99999995   -23329.57087459
    1210    2.42000000 -0.44697888E-12  0.50711100E-12  0.27135011E-12   863.99999995   -23329.57087459
    1220    2.44000000 -0.60943231E-12  0.55092673E-12  0.13033036E-12   863.99999995   -23329.57087459
    1230    2.46000000 -0.71624826E-12  0.53760319E-12 -0.36885785E-13   863.99999995   -23329.57087459
    1240    2.48000000 -0.75113346E-12  0.42154226E-12 -0.25245858E-12   863.99999995   -23329.57087460
    1250    2.50000000 -0.69381263E-12  0.31726858E-12 -0.45685184E-12   863.99999995   -23329.57087460
    1260    2.52000000 -0.47385813E-12  0.17431936E-12 -0.54794399E-12   863.99999994   -23329.57087460
    1270    2.54000000 -0.32450180E-12  0.30100726E-15 -0.50819399E-12   863.99999994   -23329.57087460
    1280    2.56000000 -0.20129099E-12 -0.17759150E-12 -0.35807565E-12   863.99999994   -23329.57087460
    1290    2.58000000 -0.33117389E-13 -0.32201786E-12 -0.24099721E-12   863.99999994   -23329.57087460
    1300    2.60000000  0.17390585E-12 -0.48110590E-12 -0.17395442E-12   863.99999994   -23329.57087460
    1310    2.62000000  0.29796854E-12 -0.54622492E-12 -0.71941966E-13   863.99999994   -23329.57087460
    1320    2.64000000  0.41357699E-12 -0.64284004E-12  0.20037967E-13   863.99999994   -23329.57087460
    1330    2.66000000  0.41319463E-12 -0.66265523E-12  0.61596618E-13   863.99999994   -23329.57087460
    1340    2.68000000  0.48119626E-12 -0.58358228E-12  0.91521740E-13   863.99999994   -23329.57087460
    1350    2.70000000  0.45840790E-12 -0.53537411E-12  0.13008437E-12   863.99999994   -23329.57087460
    1360    2.72000000  0.38009474E-12 -0.46763268E-12  0.18914406E-12   863.99999994   -23329.57087460
    1370    2.74000000  0.25616534E-12 -0.28698532E-12  0.16591986E-12   863.99999994   -23329.57087460
    1380    2.76000000  0.10109208E-12 -0.14364970E-12  0.10161469E-12   863.99999994   -23329.57087460
    1390    2.78000000 -0.98172213E-14 -0.36688745E-14  0.10280698E-12   863.99999994   -23329.57087460
    1400    2.80000000 -0.32054990E-13  0.11779609E-12  0.11093187E-12   863.99999994   -23329.57087460
    1410    2.82000000 -0.20964715E-13  0.20057419E-12  0.13605627E-12   863.99999994   -23329.57087460
    1420    2.84000000 -0.27128023E-13  0.24249247E-12  0.10585395E-12   863.99999994   -23329.57087461
    1430    2.86000000 -0.74039076E-13  0.37289982E-12  0.11354179E-12   863.99999994   -23329.57087461
    1440    2.88000000 -0.18310629E-12  0.45064842E-12  0.52965217E-13   863.99999994   -23329.57087461
    1450    2.90000000 -0.35689047E-12  0.50101224E-12 -0.49092417E-14   863.99999994   -23329.57087461
    1460    2.92000000 -0.55212196E-12  0.48989265E-12  0.74135808E-14   863.99999994   -23329.57087461
    1470    2.94000000 -0.61599456E-12  0.47972795E-12  0.65070247E-13   863.99999994   -23329.57087461
    1480    2.96000000 -0.72926734E-12  0.32944520E-12  0.11717796E-12   863.99999994   -23329.57087461
    1490    2.98000000 -0.64621178E-12  0.23582784E-12  0.17867731E-12   863.99999993   -23329.57087461
    1500    3.00000000 -0.53508061E-12  0.13974722E-12  0.19122994E-12   863.99999993   -23329.57087461
    1510    3.02000000 -0.46587594E-12  0.38946567E-13  0.19440016E-12   863.99999993   -23329.57087461
    1520    3.04000000 -0.32490607E-12 -0.10670152E-12  0.17033552E-12   863.99999993   -23329.57087461
    1530    3.06000000 -0.11861889E-12 -0.14714707E-12  0.11708661E-12   863.99999993   -23329.57087461
    1540    3.08000000  0.15486277E-12 -0.12097876E-12  0.58419275E-13   863.99999993   -23329.57087461
    1550    3.10000000  0.34131805E-12 -0.13939871E-12 -0.21896284E-13   863.99999993   -23329.57087461
    1560    3.12000000  0.44575893E-12 -0.25442766E-12  0.78889320E-11   863.99999993   -23329.57087461
    1570    3.14000000  0.52663502E-12 -0.34992908E-12  0.10365908E-09   863.99999993   -23329.57087461
    1580    3.16000000  0.71881989E-12 -0.34080235E-12  0.41247091E-09   863.99999993   -23329.57087461
    1590    3.18000000  0.10995314E-11 -0.16511386E-12  0.96077324E-09   863.99999993   -23329.57087461
    1600    3.20000000  0.17134195E-11  0.29651559E-12  0.15336488E-08   863.99999993   -23329.57087462
    1610    3.22000000  0.24960338E-11  0.97164231E-12  0.15445560E-08   863.99999993   -23329.57087462
    1620    3.24000000  0.29082591E-11  0.13822947E-11 -0.77493069E-10   863.99999993   -23329.57087462
    1630    3.26000000  0.18681473E-11  0.62849933E-12 -0.49769897E-08   863.99999993   -23329.57087462
    1640    3.28000000 -0.28706887E-11 -0.31236180E-11 -0.15437649E-07   863.99999993   -23329.57087461
    1650    3.30000000 -0.15159435E-10 -0.12741420E-10 -0.34420471E-07   863.99999993   -23329.57087460
    1660    3.32000000 -0.40634669E-10 -0.33055205E-10 -0.65576127E-07   863.99999993   -23329.57087455
    1670    3.34000000 -0.86890212E-10 -0.69490831E-10 -0.11323283E-06   863.99999993   -23329.57087442
    1680    3.36000000 -0.16314247E-09 -0.12900149E-09 -0.18235928E-06   863.99999993   -23329.57087408
    1690    3.38000000 -0.28041276E-09 -0.21935813E-09 -0.27850480E-06   863.99999993   -23329.57087331
    1700    3.40000000 -0.45076050E-09 -0.34883168E-09 -0.40771569E-06   863.99999993   -23329.57087174
    1710    3.42000000 -0.68647274E-09 -0.52521824E-09 -0.57642993E-06   863.99999993   -23329.57086869
    1720    3.44000000 -0.99892732E-09 -0.75504079E-09 -0.79135012E-06   863.99999992   -23329.57086311
    1730    3.46000000 -0.13972518E-08 -0.10423605E-08 -0.10592987E-05   863.99999992   -23329.57085341
    1740    3.48000000 -0.18869199E-08 -0.13875869E-08 -0.13870560E-05   863.99999992   -23329.57083718
    1750    3.50000000 -0.24681558E-08 -0.17859992E-08 -0.17811849E-05   863.99999992   -23329.57081106
    1760    3.52000000 -0.31341888E-08 -0.22268985E-08 -0.22478450E-05   863.99999992   -23329.57077037
    1770    3.54000000 -0.38695185E-08 -0.26914860E-08 -0.27925994E-05   863.99999992   -23329.57070880
    1780    3.56000000 -0.46484963E-08 -0.31524728E-08 -0.34202181E-05   863.99999992   -23329.57061815
    1790    3.58000000 -0.54339628E-08 -0.35723669E-08 -0.41344820E-05   863.99999992   -23329.57048788
    1800    3.60000000 -0.61760441E-08 -0.39030132E-08 -0.49379920E-05   863.99999992   -23329.57030490
    1810    3.62000000 -0.68112895E-08 -0.40849076E-08 -0.58319842E-05   863.99999992   -23329.57005318
    1820    3.64000000 -0.72618109E-08 -0.40462326E-08 -0.68161573E-05   863.99999992   -23329.56971361
    1830    3.66000000 -0.74353758E-08 -0.37034321E-08 -0.78885147E-05   863.99999992   -23329.56926382
    1840    3.68000000 -0.72248367E-08 -0.29607063E-08 -0.90452240E-05   863.99999992   -23329.56867825
    1850    3.70000000 -0.65091657E-08 -0.17111879E-08 -0.10280497E-04   863.99999992   -23329.56792826
    1860    3.72000000 -0.51537734E-08  0.16277611E-09 -0.11586495E-04   863.99999992   -23329.56698252
    1870    3.74000000 -0.30120645E-08  0.27880302E-08 -0.12953252E-04   863.99999992   -23329.56580759
    1880    3.76000000  0.72838207E-10  0.62992554E-08 -0.14368634E-04   863.99999992   -23329.56436871
    1890    3.78000000  0.42658891E-08  0.10836856E-07 -0.15818319E-04   863.99999992   -23329.56263089
    1900    3.80000000  0.97372563E-08  0.16544823E-07 -0.17285815E-04   863.99999992   -23329.56056016
    1910    3.82000000  0.16659495E-07  0.23567810E-07 -0.18752503E-04   863.99999992   -23329.55812513
    1920    3.84000000  0.25203918E-07  0.32047720E-07 -0.20197716E-04   863.99999992   -23329.55529870
    1930    3.86000000  0.35536810E-07  0.42120703E-07 -0.21598851E-04   863.99999992   -23329.55205990
    1940    3.88000000  0.47814903E-07  0.53913623E-07 -0.22931517E-04   863.99999991   -23329.54839589
    1950    3.90000000  0.62181532E-07  0.67540089E-07 -0.24169708E-04   863.99999991   -23329.54430388
    1960    3.92000000  0.78761792E-07  0.83096480E-07 -0.25286014E-04   863.99999991   -23329.53979304
    1970    3.94000000  0.97658606E-07  0.10065790E-06 -0.26251863E-04   863.99999991   -23329.53488610
    1980    3.96000000  0.11894724E-06  0.12027410E-06 -0.27037788E-04   863.99999991   -23329.52962078
    1990    3.98000000  0.14267106E-06  0.14196594E-06 -0.27613718E-04   863.99999991   -23329.52405062
    2000    4.00000000  0.16883749E-06  0.16572128E-06 -0.27949299E-04   863.99999991   -23329.51824531
    2010    4.02000000  0.19741357E-06  0.19149111E-06 -0.28014232E-04   863.99999991   -23329.51229031
    2020    4.04000000  0.22832218E-06  0.21918617E-06 -0.27778627E-04   863.99999991   -23329.50628555
    2030    4.06000000  0.26143862E-06  0.24867423E-06 -0.27213371E-04   863.99999991   -23329.50034330
    2040    4.08000000  0.29658772E-06  0.27977740E-06 -0.26290515E-04   863.99999991   -23329.49458489
    2050    4.10000000  0.33354091E-06  0.31226968E-06 -0.24983651E-04   863.99999991   -23329.48913645
    2060    4.12000000  0.37201453E-06  0.34587594E-06 -0.23268312E-04   863.99999991   -23329.48412341
    2070    4.14000000  0.41166835E-06  0.38027040E-06 -0.21122349E-04   863.99999991   -23329.47966395
    2080    4.16000000  0.45210515E-06  0.41507647E-06 -0.18526319E-04   863.99999991   -23329.47586138
    2090    4.18000000  0.49287057E-06  0.44986698E-06 -0.15463856E-04   863.99999991   -23329.47279557
    2100    4.20000000  0.53345390E-06  0.48416545E-06 -0.11922021E-04   863.99999991   -23329.47051351
    2110    4.22000000  0.57328987E-06  0.51744771E-06 -0.78916439E-05   863.99999991   -23329.46901935
    2120    4.24000000  0.61176115E-06  0.54914465E-06 -0.33676348E-05   863.99999991   -23329.46826403
    2130    4.26000000  0.64820173E-06  0.57864535E-06  0.16507322E-05   863.99999991   -23329.46813486
    2140    4.28000000  0.68190106E-06  0.60530138E-06  0.71595643E-05   863.99999991   -23329.46844538
    2150    4.30000000  0.71210906E-06  0.62843177E-06  0.13150132E-04   863.99999991   -23329.46892593
    2160    4.32000000  0.73804213E-06  0.64732870E-06  0.19608689E-04   863.99999991   -23329.46921517
    2170    4.34000000  0.75889009E-06  0.66126359E-06  0.26516333E-04   863.99999990   -23329.46885321
    2180    4.36000000  0.77382351E-06  0.66949437E-06  0.33848909E-04   863.99999990   -23329.46727656
    2190    4.38000000  0.78200169E-06  0.67127315E-06  0.41576966E-04   863.99999990   -23329.46381537
    2200    4.40000000  0.78258181E-06  0.66585439E-06  0.49665746E-04   863.99999990   -23329.45769346
    2210    4.42000000  0.77472837E-06  0.65250363E-06  0.58075243E-04   863.99999990   -23329.44803129
    2220    4.44000000  0.75762293E-06  0.63050639E-06  0.66760296E-04   863.99999990   -23329.43385236
    2230    4.46000000  0.73047456E-06  0.59917797E-06  0.75670743E-04   863.99999990   -23329.41409302
    2240    4.48000000  0.69253055E-06  0.55787304E-06  0.84751622E-04   863.99999990   -23329.38761617
    2250    4.50000000  0.64308765E-06  0.50599540E-06  0.93943429E-04   863.99999990   -23329.35322847
    2260    4.52000000  0.58150273E-06  0.44300826E-06  0.10318242E-03   863.99999990   -23329.30970140
    2270    4.54000000  0.50720390E-06  0.36844409E-06  0.11240099E-03   863.99999990   -23329.25579563
    2280    4.56000000  0.41970159E-06  0.28191434E-06  0.12152804E-03   863.99999990   -23329.19028869
    2290    4.58000000  0.31859953E-06  0.18311967E-06  0.13048948E-03   863.99999990   -23329.11200527
    2300    4.60000000  0.20360487E-06  0.71858961E-07  0.13920871E-03   863.99999990   -23329.01984976
    2310    4.62000000  0.74538411E-07 -0.51961871E-07  0.14760716E-03   863.99999990   -23328.91284022
    2320    4.64000000 -0.68656021E-07 -0.18832097E-06  0.15560492E-03   863.99999990   -23328.79014320
    2330    4.66000000 -0.22590295E-06 -0.33707276E-06  0.16312132E-03   863.99999990   -23328.65110822
    2340    4.68000000 -0.39698701E-06 -0.49794119E-06  0.17007563E-03   863.99999990   -23328.49530129
    2350    4.70000000 -0.58154609E-06 -0.67051315E-06  0.17638775E-03   863.99999990   -23328.32253622
    2360    4.72000000 -0.77906493E-06 -0.85423281E-06  0.18197889E-03   863.99999990   -23328.13290277
    2370    4.74000000 -0.98887069E-06 -0.10483977E-05  0.18677237E-03   863.99999989   -23327.92679060
    2380    4.76000000 -0.12101292E-05 -0.12521552E-05  0.19069431E-03   863.99999989   -23327.70490795
    2390    4.78000000 -0.14418427E-05 -0.14645010E-05  0.19367441E-03   863.99999989   -23327.46829414
    2400    4.80000000 -0.16828489E-05 -0.16842786E-05  0.19564666E-03   863.99999989   -23327.21832502
    2410    4.82000000 -0.19318220E-05 -0.19101800E-05  0.19655014E-03   863.99999989   -23326.95671059
    2420    4.84000000 -0.21872752E-05 -0.21407490E-05  0.19632965E-03   863.99999989   -23326.68548428
    2430    4.86000000 -0.24475653E-05 -0.23743853E-05  0.19493643E-03   863.99999989   -23326.40698344
    2440    4.88000000 -0.27108988E-05 -0.26093510E-05  0.19232875E-03   863.99999989   -23326.12382094
    2450    4.90000000 -0.29753402E-05 -0.28437791E-05  0.18847254E-03   863.99999989   -23325.83884781
    2460    4.92000000 -0.32388223E-05 -0.30756844E-05  0.18334184E-03   863.99999989   -23325.55510746
    2470    4.94000000 -0.34991588E-05 -0.33029756E-05  0.17691925E-03   863.99999989   -23325.27578177
    2480    4.96000000 -0.37540587E-05 -0.35234709E-05  0.16919631E-03   863.99999989   -23325.00413018
    2490    4.98000000 -0.40011431E-05 -0.37349143E-05  0.16017371E-03   863.99999989   -23324.74342253
    2500    5.00000000 -0.42379639E-05 -0.39349957E-05  0.14986148E-03   863.99999988   -23324.49686727
    2510    5.02000000 -0.44620240E-05 -0.41213715E-05  0.13827907E-03   863.99999988   -23324.26753629
    2520    5.04000000 -0.46708005E-05 -0.42916878E-05  0.12545524E-03   863.99999988   -23324.05828819
    2530    5.06000000 -0.48617683E-05 -0.44436052E-05  0.11142799E-03   863.99999988   -23323.87169172
    2540    5.08000000 -0.50324255E-05 -0.45748248E-05  0.96244274E-04   863.99999988   -23323.70995125
    2550    5.10000000 -0.51803198E-05 -0.46831147E-05  0.79959679E-04   863.99999988   -23323.57483615
    2560    5.12000000 -0.53030753E-05 -0.47663381E-05  0.62638001E-04   863.99999988   -23323.46761604
    2570    5.14000000 -0.53984201E-05 -0.48224803E-05  0.44350753E-04   863.99999988   -23323.38900343
    2580    5.16000000 -0.54642130E-05 -0.48496755E-05  0.25176610E-04   863.99999988   -23323.33910573
    2590    5.18000000 -0.54984701E-05 -0.48462332E-05  0.52008127E-05   863.99999988   -23323.31738776
    2600    5.20000000 -0.54993894E-05 -0.48106622E-05 -0.15485462E-04   863.99999988   -23323.32264619
    2610    5.22000000 -0.54653750E-05 -0.47416925E-05 -0.36785741E-04   863.99999988   -23323.35299682
    2620    5.24000000 -0.53950572E-05 -0.46382953E-05 -0.58598898E-04   863.99999987   -23323.40587546
    2630    5.26000000 -0.52873118E-05 -0.44996983E-05 -0.80819768E-04   863.99999987   -23323.47805270
    2640    5.28000000 -0.51412748E-05 -0.43253989E-05 -0.10333974E-03   863.99999987   -23323.56566290
    2650    5.30000000 -0.49563549E-05 -0.41151720E-05 -0.12604730E-03   863.99999987   -23323.66424712
    2660    5.32000000 -0.47322413E-05 -0.38690747E-05 -0.14882853E-03   863.99999987   -23323.76880960
    2670    5.34000000 -0.44689078E-05 -0.35874459E-05 -0.17156757E-03   863.99999987   -23323.87388709
    2680    5.36000000 -0.41666137E-05 -0.32709021E-05 -0.19414697E-03   863.99999987   -23323.97363022
    2690    5.38000000 -0.38259002E-05 -0.29203287E-05 -0.21644806E-03   863.99999987   -23324.06189569
    2700    5.40000000 -0.34475835E-05 -0.25368684E-05 -0.23835126E-03   863.99999987   -23324.13234803
    2710    5.42000000 -0.30327447E-05 -0.21219056E-05 -0.25973631E-03   863.99999987   -23324.17856939
    2720    5.44000000 -0.25827171E-05 -0.16770480E-05 -0.28048261E-03   863.99999987   -23324.19417580
    2730    5.46000000 -0.20990702E-05 -0.12041077E-05 -0.30046942E-03   863.99999987   -23324.17293802
    2740    5.48000000 -0.15835943E-05 -0.70507995E-06 -0.31957622E-03   863.99999987   -23324.10890516
    2750    5.50000000 -0.10382826E-05 -0.18212211E-06 -0.33768301E-03   863.99999987   -23323.99652885
    2760    5.52000000 -0.46531418E-06  0.36246655E-06 -0.35467081E-03   863.99999987   -23323.83078592
    2770    5.54000000  0.13296293E-06  0.92626365E-06 -0.37042213E-03   863.99999987   -23323.60729719
    2780    5.56000000  0.75404683E-06  0.15067398E-05 -0.38482163E-03   863.99999987   -23323.32243993
    2790    5.58000000  0.13952945E-05  0.21012719E-05 -0.39775690E-03   863.99999987   -23322.97345154
    2800    5.60000000  0.20539329E-05  0.27071532E-05 -0.40911935E-03   863.99999986   -23322.55852190
    2810    5.62000000  0.27270661E-05  0.33215988E-05 -0.41880525E-03   863.99999986   -23322.07687168
    2820    5.64000000  0.34116802E-05  0.39417475E-05 -0.42671693E-03   863.99999986   -23321.52881427
    2830    5.66000000  0.41046452E-05  0.45646597E-05 -0.43276408E-03   863.99999986   -23320.91579881
    2840    5.68000000  0.48027129E-05  0.51873112E-05 -0.43686519E-03   863.99999986   -23320.24043209
    2850    5.70000000  0.55025142E-05  0.58065844E-05 -0.43894905E-03   863.99999986   -23319.50647755
    2860    5.72000000  0.62005525E-05  0.64192566E-05 -0.43895632E-03   863.99999986   -23318.71882976
    2870    5.74000000  0.68931983E-05  0.70219877E-05 -0.43684112E-03   863.99999986   -23317.88346339
    2880    5.76000000  0.75766823E-05  0.76113073E-05 -0.43257257E-03   863.99999986   -23317.00735637
    2890    5.78000000  0.82470900E-05  0.81836038E-05 -0.42613628E-03   863.99999986   -23316.09838739
    2900    5.80000000  0.89003588E-05  0.87351161E-05 -0.41753568E-03   863.99999985   -23315.16520899
    2910    5.82000000  0.95322782E-05  0.92619301E-05 -0.40679320E-03   863.99999985   -23314.21709793
    2920    5.84000000  0.10138496E-04  0.97599815E-05 -0.39395114E-03   863.99999985   -23313.26378573
    2930    5.86000000  0.10714527E-04  0.10225067E-04 -0.37907233E-03   863.99999985   -23312.31527280
    2940    5.88000000  0.11255774E-04  0.10652864E-04 -0.36224035E-03   863.99999985   -23311.38163057
    2950    5.90000000  0.11757555E-04  0.11038961E-04 -0.34355943E-03   863.99999985   -23310.47279646
    2960    5.92000000  0.12215133E-04  0.11378903E-04 -0.32315386E-03   863.99999985   -23309.59836736
    2970    5.94000000  0.12623763E-04  0.11668241E-04 -0.30116700E-03   863.99999984   -23308.76739732
    2980    5.96000000  0.12978742E-04  0.11902602E-04 -0.27775982E-03   863.99999984   -23307.98820553
    2990    5.98000000  0.13275472E-04  0.12077766E-04 -0.25310890E-03   863.99999984   -23307.26820050
    3000    6.00000000  0.13509529E-04  0.12189754E-04 -0.22740411E-03   863.99999984   -23306.61372591
    3010    6.02000000  0.13676735E-04  0.12234929E-04 -0.20084579E-03   863.99999984   -23306.02993319
    3020    6.04000000  0.13773241E-04  0.12210091E-04 -0.17364166E-03   863.99999983   -23305.52068485
    3030    6.06000000  0.13795616E-04  0.12112593E-04 -0.14600337E-03   863.99999983   -23305.08849172
    3040    6.08000000  0.13740926E-04  0.11940441E-04 -0.11814291E-03   863.99999983   -23304.73448588
    3050    6.10000000  0.13606828E-04  0.11692401E-04 -0.90268955E-04   863.99999983   -23304.45842975
    3060    6.12000000  0.13391654E-04  0.11368090E-04 -0.62583158E-04   863.99999983   -23304.25876065
    3070    6.14000000  0.13094485E-04  0.10968063E-04 -0.35276643E-04   863.99999983   -23304.13266826
    3080    6.16000000  0.12715228E-04  0.10493874E-04 -0.85267188E-05   863.99999982   -23304.07620179
    3090    6.18000000  0.12254677E-04  0.99481225E-05  0.17506032E-04   863.99999982   -23304.08440194
    3100    6.20000000  0.11714560E-04  0.93344764E-05  0.42680189E-04   863.99999982   -23304.15145237
    3110    6.22000000  0.11097575E-04  0.86576647E-05  0.66875366E-04   863.99999982   -23304.27084431
    3120    6.24000000  0.10407406E-04  0.79234432E-05  0.89993449E-04   863.99999982   -23304.43554824
    3130    6.26000000  0.96487184E-05  0.71385290E-05  0.11195913E-03   863.99999982   -23304.63818603
    3140    6.28000000  0.88271363E-05  0.63105059E-05  0.13271976E-03   863.99999982   -23304.87119777
    3150    6.30000000  0.79491942E-05  0.54476999E-05  0.15224441E-03   863.99999981   -23305.12699794
    3160    6.32000000  0.70222673E-05  0.45590285E-05  0.17052236E-03   863.99999981   -23305.39811671
    3170    6.34000000  0.60544790E-05  0.36538270E-05  0.18756086E-03   863.99999981   -23305.67732313
    3180    6.36000000  0.50545848E-05  0.27416566E-05  0.20338242E-03   863.99999981   -23305.95772819
    3190    6.38000000  0.40318371E-05  0.18320996E-05  0.21802161E-03   863.99999981   -23306.23286726
    3200    6.40000000  0.29958316E-05  0.93454980E-06  0.23152159E-03   863.99999981   -23306.49676227
    3210    6.42000000  0.19563393E-05  0.58003379E-07  0.24393047E-03   863.99999981   -23306.74396533
    3220    6.44000000  0.92312867E-06 -0.78914098E-06  0.25529765E-03   863.99999981   -23306.96958614
    3230    6.46000000 -0.94216394E-07 -0.15992660E-05  0.26567026E-03   863.99999981   -23307.16930642
    3240    6.48000000 -0.10864788E-05 -0.23656971E-05  0.27508990E-03   863.99999981   -23307.33938455
    3250    6.50000000 -0.20449831E-05 -0.30828345E-05  0.28358979E-03   863.99999981   -23307.47665397
    3260    6.52000000 -0.29617581E-05 -0.37462518E-05  0.29119235E-03   863.99999981   -23307.57851837
    3270    6.54000000 -0.38296816E-05 -0.43527570E-05  0.29790753E-03   863.99999980   -23307.64294640
    3280    6.56000000 -0.46426018E-05 -0.49004147E-05  0.30373161E-03   863.99999980   -23307.66846776
    3290    6.58000000 -0.53954319E-05 -0.53885293E-05  0.30864687E-03   863.99999980   -23307.65417182
    3300    6.60000000 -0.60842141E-05 -0.58175896E-05  0.31262186E-03   863.99999980   -23307.59970903
    3310    6.62000000 -0.67061519E-05 -0.61891784E-05  0.31561238E-03   863.99999980   -23307.50529453
    3320    6.64000000 -0.72596092E-05 -0.65058505E-05  0.31756306E-03   863.99999980   -23307.37171252
    3330    6.66000000 -0.77440778E-05 -0.67709864E-05  0.31840954E-03   863.99999980   -23307.20031956
    3340    6.68000000 -0.81601147E-05 -0.69886244E-05  0.31808108E-03   863.99999980   -23306.99304427
    3350    6.70000000 -0.85092519E-05 -0.71632796E-05  0.31650351E-03   863.99999980   -23306.75238108
    3360    6.72000000 -0.87938840E-05 -0.72997560E-05  0.31360246E-03   863.99999980   -23306.48137527
    3370    6.74000000 -0.90171362E-05 -0.74029579E-05  0.30930665E-03   863.99999980   -23306.18359732
    3380    6.76000000 -0.91827203E-05 -0.74777051E-05  0.30355124E-03   863.99999980   -23305.86310465
    3390    6.78000000 -0.92947814E-05 -0.75285607E-05  0.29628103E-03   863.99999980   -23305.52438963
    3400    6.80000000 -0.93577433E-05 -0.75596728E-05  0.28745342E-03   863.99999979   -23305.17231367
    3410    6.82000000 -0.93761561E-05 -0.75746364E-05  0.27704113E-03   863.99999979   -23304.81202763
    3420    6.84000000 -0.93545514E-05 -0.75763781E-05  0.26503440E-03   863.99999979   -23304.44887990
    3430    6.86000000 -0.92973076E-05 -0.75670668E-05  0.25144288E-03   863.99999979   -23304.08831422
    3440    6.88000000 -0.92085322E-05 -0.75480519E-05  0.23629694E-03   863.99999979   -23303.73575997
    3450    6.90000000 -0.90919594E-05 -0.75198306E-05  0.21964843E-03   863.99999979   -23303.39651807
    3460    6.92000000 -0.89508669E-05 -0.74820447E-05  0.20157095E-03   863.99999979   -23303.07564628
    3470    6.94000000 -0.87880123E-05 -0.74335071E-05  0.18215960E-03   863.99999979   -23302.77784758
    3480    6.96000000 -0.86055895E-05 -0.73722564E-05  0.16153014E-03   863.99999979   -23302.50736557
    3490    6.98000000 -0.84052027E-05 -0.72956379E-05  0.13981777E-03   863.99999979   -23302.26789048
    3500    7.00000000 -0.81878600E-05 -0.72004092E-05  0.11717537E-03   863.99999978   -23302.06247899
    3510    7.02000000 -0.79539820E-05 -0.70828654E-05  0.93771436E-04   863.99999978   -23301.89349080
    3520    7.04000000 -0.77034271E-05 -0.69389811E-05  0.69787666E-04   863.99999978   -23301.76254384
    3530    7.06000000 -0.74355303E-05 -0.67645644E-05  0.45416294E-04   863.99999978   -23301.67048979
    3540    7.08000000 -0.71491550E-05 -0.65554169E-05  0.20857237E-04   863.99999978   -23301.61741034
    3550    7.10000000 -0.68427572E-05 -0.63074955E-05 -0.36848796E-05   863.99999978   -23301.60263417
    3560    7.12000000 -0.65144610E-05 -0.60170704E-05 -0.28003734E-04   863.99999978   -23301.62477377
    3570    7.14000000 -0.61621446E-05 -0.56808731E-05 -0.51894311E-04   863.99999978   -23301.68178045
    3580    7.16000000 -0.57835368E-05 -0.52962332E-05 -0.75155827E-04   863.99999978   -23301.77101546
    3590    7.18000000 -0.53763214E-05 -0.48611958E-05 -0.97594515E-04   863.99999977   -23301.88933448
    3600    7.20000000 -0.49382491E-05 -0.43746206E-05 -0.11902623E-03   863.99999977   -23302.03318243
    3610    7.22000000 -0.44672539E-05 -0.38362582E-05 -0.13927883E-03   863.99999977   -23302.19869536
    3620    7.24000000 -0.39615711E-05 -0.32468026E-05 -0.15819429E-03   863.99999977   -23302.38180598
    3630    7.26000000 -0.34198546E-05 -0.26079203E-05 -0.17563054E-03   863.99999977   -23302.57834956
    3640    7.28000000 -0.28412869E-05 -0.19222553E-05 -0.19146299E-03   863.99999977   -23302.78416686
    3650    7.30000000 -0.22256815E-05 -0.11934109E-05 -0.20558570E-03   863.99999977   -23302.99520135
    3660    7.32000000 -0.15735681E-05 -0.42591111E-06 -0.21791233E-03   863.99999977   -23303.20758794
    3670    7.34000000 -0.88626287E-06  0.37485962E-06 -0.22837662E-03   863.99999977   -23303.41773125
    3680    7.36000000 -0.16591565E-06  0.12027339E-05 -0.23693270E-03   863.99999977   -23303.62237160
    3690    7.38000000  0.58446625E-06  0.20508555E-05 -0.24355497E-03   863.99999977   -23303.81863766
    3700    7.40000000  0.13610197E-05  0.29117873E-05 -0.24823779E-03   863.99999977   -23304.00408498
    3710    7.42000000  0.21590532E-05  0.37776304E-05 -0.25099481E-03   863.99999976   -23304.17672041
    3720    7.44000000  0.29730985E-05  0.46401533E-05 -0.25185811E-03   863.99999976   -23304.33501253
    3730    7.46000000  0.37969876E-05  0.54909276E-05 -0.25087709E-03   863.99999976   -23304.47788895
    3740    7.48000000  0.46239481E-05  0.63214667E-05 -0.24811717E-03   863.99999976   -23304.60472152
    3750    7.50000000  0.54467178E-05  0.71233660E-05 -0.24365832E-03   863.99999976   -23304.71530088
    3760    7.52000000  0.62576713E-05  0.78884413E-05 -0.23759342E-03   863.99999976   -23304.80980198
    3770    7.54000000  0.70489573E-05  0.86088622E-05 -0.23002657E-03   863.99999976   -23304.88874230
    3780    7.56000000  0.78126383E-05  0.92772764E-05 -0.22107131E-03   863.99999976   -23304.95293477
    3790    7.58000000  0.85408324E-05  0.98869257E-05 -0.21084880E-03   863.99999976   -23305.00343708
    3800    7.60000000  0.92258478E-05  0.10431747E-04 -0.19948601E-03   863.99999976   -23305.04149941
    3810    7.62000000  0.98603118E-05  0.10906458E-04 -0.18711399E-03   863.99999976   -23305.06851206
    3820    7.64000000  0.10437286E-04  0.11306632E-04 -0.17386614E-03   863.99999976   -23305.08595474
    3830    7.66000000  0.10950369E-04  0.11628744E-04 -0.15987668E-03   863.99999976   -23305.09534865
    3840    7.68000000  0.11393781E-04  0.11870211E-04 -0.14527917E-03   863.99999976   -23305.09821258
    3850    7.70000000  0.11762437E-04  0.12029409E-04 -0.13020520E-03   863.99999975   -23305.09602389
    3860    7.72000000  0.12051996E-04  0.12105670E-04 -0.11478330E-03   863.99999975   -23305.09018481
    3870    7.74000000  0.12258903E-04  0.12099266E-04 -0.99137891E-04   863.99999975   -23305.08199471
    3880    7.76000000  0.12380418E-04  0.12011377E-04 -0.83388549E-04   863.99999975   -23305.07262818
    3890    7.78000000  0.12414627E-04  0.11844042E-04 -0.67649311E-04   863.99999975   -23305.06311913
    3900    7.80000000  0.12360451E-04  0.11600101E-04 -0.52028184E-04   863.99999975   -23305.05435049
    3910    7.82000000  0.12217650E-04  0.11283122E-04 -0.36626774E-04   863.99999975   -23305.04704924
    3920    7.84000000  0.11986811E-04  0.10897319E-04 -0.21540028E-04   863.99999975   -23305.04178627
    3930    7.86000000  0.11669349E-04  0.10447468E-04 -0.68560740E-05   863.99999975   -23305.03898051
    3940    7.88000000  0.11267486E-04  0.99388154E-05  0.73438594E-05   863.99999975   -23305.03890669
    3950    7.90000000  0.10784239E-04  0.93769814E-05  0.20985470E-04   863.99999975   -23305.04170609
    3960    7.92000000  0.10223390E-04  0.87678679E-05  0.34001359E-04   863.99999975   -23305.04739974
    3970    7.94000000  0.95894597E-05  0.81175658E-05  0.46330983E-04   863.99999975   -23305.05590323
    3980    7.96000000  0.88876638E-05  0.74322665E-05  0.57920582E-04   863.99999975   -23305.06704277
    3990    7.98000000  0.81238626E-05  0.67181776E-05  0.68723107E-04   863.99999974   -23305.08057168
    4000    8.00000000  0.73044998E-05  0.59814451E-05  0.78698132E-04   863.99999974   -23305.09618704
    4010    8.02000000  0.64365296E-05  0.52280814E-05  0.87811777E-04   863.99999974   -23305.11354587
    4020    8.04000000  0.55273350E-05  0.44639012E-05  0.96036624E-04   863.99999974   -23305.13228050
    4030    8.06000000  0.45846374E-05  0.36944641E-05  0.10335163E-03   863.99999974   -23305.15201283
    4040    8.08000000  0.36164007E-05  0.29250258E-05  0.10974206E-03   863.99999974   -23305.17236715
    4050    8.10000000  0.26307320E-05  0.21604972E-05  0.11519936E-03   863.99999974   -23305.19298134
    4060    8.12000000  0.16357827E-05  0.14054133E-05  0.11972105E-03   863.99999974   -23305.21351636
    4070    8.14000000  0.63965122E-06  0.66391115E-06  0.12331064E-03   863.99999974   -23305.23366391
    4080    8.16000000 -0.34970729E-06 -0.60281915E-07  0.12597741E-03   863.99999974   -23305.25315217
    4090    8.18000000 -0.13245652E-05 -0.76384973E-06  0.12773630E-03   863.99999974   -23305.27174988
    4100    8.20000000 -0.22774969E-05 -0.14438788E-05  0.12860766E-03   863.99999974   -23305.28926851
    4110    8.22000000 -0.32014431E-05 -0.20978398E-05  0.12861701E-03   863.99999974   -23305.30556304
    4120    8.24000000 -0.40897651E-05 -0.27235610E-05  0.12779483E-03   863.99999974   -23305.32053114
    4130    8.26000000 -0.49362882E-05 -0.33191940E-05  0.12617620E-03   863.99999974   -23305.33411119
    4140    8.28000000 -0.57353348E-05 -0.38831744E-05  0.12380056E-03   863.99999973   -23305.34627924
    4150    8.30000000 -0.64817508E-05 -0.44141793E-05  0.12071131E-03   863.99999973   -23305.35704517
    4160    8.32000000 -0.71709237E-05 -0.49110845E-05  0.11695549E-03   863.99999973   -23305.36644824
    4170    8.34000000 -0.77987940E-05 -0.53729221E-05  0.11258339E-03   863.99999973   -23305.37455225
    4180    8.36000000 -0.83618645E-05 -0.57988422E-05  0.10764818E-03   863.99999973   -23305.38144055
    4190    8.38000000 -0.88572044E-05 -0.61880802E-05  0.10220542E-03   863.99999973   -23305.38721102
    4200    8.40000000 -0.92824534E-05 -0.65399310E-05  0.96312729E-04   863.99999973   -23305.39197133
    4210    8.42000000 -0.96358232E-05 -0.68537310E-05  0.90029245E-04   863.99999973   -23305.39583438
    4220    8.44000000 -0.99161004E-05 -0.71288491E-05  0.83415216E-04   863.99999973   -23305.39891434
    4230    8.46000000 -0.10122647E-04 -0.73646867E-05  0.76531507E-04   863.99999973   -23305.40132310
    4240    8.48000000 -0.10255402E-04 -0.75606864E-05  0.69439124E-04   863.99999973   -23305.40316734
    4250    8.50000000 -0.10314880E-04 -0.77163488E-05  0.62198729E-04   863.99999973   -23305.40454625
    4260    8.52000000 -0.10302166E-04 -0.78312566E-05  0.54870165E-04   863.99999973   -23305.40554985
    4270    8.54000000 -0.10218909E-04 -0.79051035E-05  0.47511984E-04   863.99999973   -23305.40625785
    4280    8.56000000 -0.10067309E-04 -0.79377268E-05  0.40180992E-04   863.99999972   -23305.40673917
    4290    8.58000000 -0.98500949E-05 -0.79291407E-05  0.32931816E-04   863.99999972   -23305.40705185
    4300    8.60000000 -0.95704982E-05 -0.78795685E-05  0.25816491E-04   863.99999972   -23305.40724346
    4310    8.62000000 -0.92322150E-05 -0.77894717E-05  0.18884086E-04   863.99999972   -23305.40735181
    4320    8.64000000 -0.88393623E-05 -0.76595729E-05  0.12180356E-04   863.99999972   -23305.40740590
    4330    8.66000000 -0.83964248E-05 -0.74908710E-05  0.57474443E-05   863.99999972   -23305.40742712
    4340    8.68000000 -0.79081963E-05 -0.72846487E-05 -0.37638461E-06   863.99999972   -23305.40743043
    4350    8.70000000 -0.73797156E-05 -0.70424696E-05 -0.61569533E-05   863.99999972   -23305.40742563
    4360    8.72000000 -0.68161996E-05 -0.67661670E-05 -0.11564338E-04   863.99999972   -23305.40741857
    4370    8.74000000 -0.62229764E-05 -0.64578238E-05 -0.16572986E-04   863.99999972   -23305.40741223
    4380    8.76000000 -0.56054183E-05 -0.61197446E-05 -0.21161782E-04   863.99999972   -23305.40740768
    4390    8.78000000 -0.49688801E-05 -0.57544231E-05 -0.25314072E-04   863.99999972   -23305.40740486
    4400    8.80000000 -0.43186411E-05 -0.53645053E-05 -0.29017641E-04   863.99999972   -23305.40740322
    4410    8.82000000 -0.36598536E-05 -0.49527506E-05 -0.32264656E-04   863.99999972   -23305.40740208
    4420    8.84000000 -0.29974980E-05 -0.45219936E-05 -0.35051570E-04   863.99999972   -23305.40740095
    4430    8.86000000 -0.23363452E-05 -0.40751073E-05 -0.37378997E-04   863.99999971   -23305.40739958
    4440    8.88000000 -0.16809261E-05 -0.36149700E-05 -0.39251563E-04   863.99999971   -23305.40739800
    4450    8.90000000 -0.10355064E-05 -0.31444363E-05 -0.40677736E-04   863.99999971   -23305.40739632
    4460    8.92000000 -0.40406844E-06 -0.26663127E-05 -0.41669620E-04   863.99999971   -23305.40739463
    4470    8.94000000  0.20970268E-06 -0.21833383E-05 -0.42242617E-04   863.99999971   -23305.40739296
    4480    8.96000000  0.80242946E-06 -0.16981715E-05 -0.42415015E-04   863.99999971   -23305.40739129
    4490    8.98000000  0.13710492E-05 -0.12133801E-05 -0.42207643E-04   863.99999971   -23305.40738963
    4500    9.00000000  0.19128190E-05 -0.73143583E-06 -0.41643533E-04   863.99999971   -23305.40738798
    4510    9.02000000  0.24253192E-05 -0.25471285E-06 -0.40747600E-04   863.99999971   -23305.40738633
    4520    9.04000000  0.29064564E-05  0.21451244E-06 -0.39546323E-04   863.99999971   -23305.40738471
    4530    9.06000000  0.33544650E-05  0.67405925E-06 -0.38067442E-04   863.99999971   -23305.40738309
    4540    9.08000000  0.37679088E-05  0.11218397E-05 -0.36339640E-04   863.99999971   -23305.40738150
    4550    9.10000000  0.41456794E-05  0.15558563E-05 -0.34392245E-04   863.99999971   -23305.40737992
    4560    9.12000000  0.44869944E-05  0.19741991E-05 -0.32254913E-04   863.99999971   -23305.40737837
    4570    9.14000000  0.47913918E-05  0.23750460E-05 -0.29957313E-04   863.99999971   -23305.40737685
    4580    9.16000000  0.50587212E-05  0.27566630E-05 -0.27528823E-04   863.99999970   -23305.40737537
    4590    9.18000000  0.52891299E-05  0.31174080E-05 -0.24998212E-04   863.99999970   -23305.40737392
    4600    9.20000000  0.54830439E-05  0.34557354E-05 -0.22393345E-04   863.99999970   -23305.40737251
    4610    9.22000000  0.56411424E-05  0.37702030E-05 -0.19740896E-04   863.99999970   -23305.40737115
    4620    9.24000000  0.57643281E-05  0.40594806E-05 -0.17066087E-04   863.99999970   -23305.40736985
    4630    9.26000000  0.58536908E-05  0.43223591E-05 -0.14392454E-04   863.99999970   -23305.40736859
    4640    9.28000000  0.59104681E-05  0.45577603E-05 -0.11741647E-04   863.99999970   -23305.40736739
    4650    9.30000000  0.59360031E-05  0.47647456E-05 -0.91332760E-05   863.99999970   -23305.40736624
    4660    9.32000000  0.59317026E-05  0.49425245E-05 -0.65848044E-05   863.99999970   -23305.40736516
    4670    9.34000000  0.58989966E-05  0.50904604E-05 -0.41114869E-05   863.99999970   -23305.40736413
    4680    9.36000000  0.58393036E-05  0.52080752E-05 -0.17263630E-05   863.99999970   -23305.40736316
    4690    9.38000000  0.57540009E-05  0.52950512E-05  0.55970103E-06   863.99999970   -23305.40736225
    4700    9.40000000  0.56444043E-05  0.53512316E-05  0.27379228E-05   863.99999970   -23305.40736138
    4710    9.42000000  0.55117567E-05  0.53766184E-05  0.48014739E-05   863.99999970   -23305.40736057
    4720    9.44000000  0.53572270E-05  0.53713692E-05  0.67453148E-05   863.99999969   -23305.40735980
    4730    9.46000000  0.51819178E-05  0.53357940E-05  0.85660035E-05   863.99999969   -23305.40735906
    4740    9.48000000  0.49868819E-05  0.52703511E-05  0.10261487E-04   863.99999969   -23305.40735836
    4750    9.50000000  0.47731448E-05  0.51756446E-05  0.11830884E-04   863.99999969   -23305.40735768
    4760    9.52000000  0.45417308E-05  0.50524221E-05  0.13274271E-04   863.99999969   -23305.40735702
    4770    9.54000000  0.42936910E-05  0.49015740E-05  0.14592483E-04   863.99999969   -23305.40735637
    4780    9.56000000  0.40301298E-05  0.47241347E-05  0.15786927E-04   863.99999969   -23305.40735574
    4790    9.58000000  0.37522280E-05  0.45212845E-05  0.16859437E-04   863.99999969   -23305.40735510
    4800    9.60000000  0.34612594E-05  0.42943528E-05  0.17812146E-04   863.99999969   -23305.40735447
    4810    9.62000000  0.31586006E-05  0.40448214E-05  0.18647411E-04   863.99999969   -23305.40735383
    4820    9.64000000  0.28457329E-05  0.37743269E-05  0.19367769E-04   863.99999969   -23305.40735319
    4830    9.66000000  0.25242371E-05  0.34846610E-05  0.19975926E-04   863.99999969   -23305.40735255
    4840    9.68000000  0.21957784E-05  0.31777689E-05  0.20474787E-04   863.99999969   -23305.40735190
    4850    9.70000000  0.18620875E-05  0.28557435E-05  0.20867508E-04   863.99999969   -23305.40735125
    4860    9.72000000  0.15249342E-05  0.25208152E-05  0.21157568E-04   863.99999969   -23305.40735059
    4870    9.74000000  0.11860998E-05  0.21753369E-05  0.21348852E-04   863.99999968   -23305.40734993
    4880    9.76000000  0.84734629E-06  0.18217632E-05  0.21445731E-04   863.99999968   -23305.40734928
    4890    9.78000000  0.51038737E-06  0.14626260E-05  0.21453143E-04   863.99999968   -23305.40734863
    4900    9.80000000  0.17686121E-06  0.11005052E-05  0.21376639E-04   863.99999968   -23305.40734799
    4910    9.82000000 -0.15169291E-06  0.73799585E-06  0.21222422E-04   863.99999968   -23305.40734736
    4920    9.84000000 -0.47385222E-06  0.37767462E-06  0.20997346E-04   863.99999968   -23305.40734673
    4930    9.86000000 -0.78832204E-06  0.22064719E-07  0.20708876E-04   863.99999968   -23305.40734612
    4940    9.88000000 -0.10939400E-05 -0.32639699E-06  0.20365023E-04   863.99999968   -23305.40734551
    4950    9.90000000 -0.13896735E-05 -0.66539051E-06  0.19974231E-04   863.99999968   -23305.40734492
    4960    9.92000000 -0.16746094E-05 -0.99273890E-06  0.19545244E-04   863.99999968   -23305.40734434
    4970    9.94000000 -0.19479393E-05 -0.13064295E-05  0.19086927E-04   863.99999968   -23305.40734378
    4980    9.96000000 -0.22089388E-05 -0.16046302E-05  0.18608082E-04   863.99999968   -23305.40734322
    4990    9.98000000 -0.24569448E-05 -0.18856991E-05  0.18117239E-04   863.99999968   -23305.40734268
    5000   10.00000000 -0.26913310E-05 -0.21481898E-05  0.17622439E-04   863.99999968   -23305.40734214
    5010   10.02000000 -0.29114861E-05 -0.23908520E-05  0.17131018E-04   863.99999968   -23305.40734162
    5020   10.04000000 -0.31167939E-05 -0.26126283E-05  0.16649407E-04   863.99999967   -23305.40734110
    5030   10.06000000 -0.33066203E-05 -0.28126488E-05  0.16182942E-04   863.99999967   -23305.40734059
    5040   10.08000000 -0.34803061E-05 -0.29902247E-05  0.15735698E-04   863.99999967   -23305.40734010
    5050   10.10000000 -0.36371685E-05 -0.31448408E-05  0.15310365E-04   863.99999967   -23305.40733961
    5060   10.12000000 -0.37765104E-05 -0.32761498E-05  0.14908150E-04   863.99999967   -23305.40733913
    5070   10.14000000 -0.38976377E-05 -0.33839655E-05  0.14528728E-04   863.99999967   -23305.40733865
    5080   10.16000000 -0.39998835E-05 -0.34682588E-05  0.14170243E-04   863.99999967   -23305.40733818
    5090   10.18000000 -0.40826376E-05 -0.35291532E-05  0.13829345E-04   863.99999967   -23305.40733772
    5100   10.20000000 -0.41453780E-05 -0.35669211E-05  0.13501288E-04   863.99999967   -23305.40733726
    5110   10.22000000 -0.41877041E-05 -0.35819801E-05  0.13180068E-04   863.99999967   -23305.40733680
    5120   10.24000000 -0.42093673E-05 -0.35748865E-05  0.12858606E-04   863.99999967   -23305.40733634
    5130   10.26000000 -0.42102976E-05 -0.35463295E-05  0.12528978E-04   863.99999967   -23305.40733589
    5140   10.28000000 -0.41906229E-05 -0.34971205E-05  0.12182671E-04   863.99999967   -23305.40733544
    5150   10.30000000 -0.41506814E-05 -0.34281823E-05  0.11810871E-04   863.99999967   -23305.40733500
    5160   10.32000000 -0.40910249E-05 -0.33405332E-05  0.11404768E-04   863.99999966   -23305.40733456
    5170   10.34000000 -0.40124124E-05 -0.32352707E-05  0.10955875E-04   863.99999966   -23305.40733413
    5180   10.36000000 -0.39157948E-05 -0.31135524E-05  0.10456341E-04   863.99999966   -23305.40733370
    5190   10.38000000 -0.38022930E-05 -0.29765769E-05  0.98992567E-05   863.99999966   -23305.40733328
    5200   10.40000000 -0.36731677E-05 -0.28255652E-05  0.92789427E-05   863.99999966   -23305.40733288
    5210   10.42000000 -0.35297869E-05 -0.26617438E-05  0.85912025E-05   863.99999966   -23305.40733248
    5220   10.44000000 -0.33735886E-05 -0.24863315E-05  0.78335416E-05   863.99999966   -23305.40733210
    5230   10.46000000 -0.32060445E-05 -0.23005293E-05  0.70053403E-05   863.99999966   -23305.40733172
    5240   10.48000000 -0.30286244E-05 -0.21055158E-05  0.61079754E-05   863.99999966   -23305.40733136
    5250   10.50000000 -0.28427646E-05 -0.19024471E-05  0.51448863E-05   863.99999966   -23305.40733100
    5260   10.52000000 -0.26498392E-05 -0.16924618E-05  0.41215828E-05   863.99999966   -23305.40733065
    5270   10.54000000 -0.24511385E-05 -0.14766894E-05  0.30455938E-05   863.99999966   -23305.40733031
    5280   10.56000000 -0.22478520E-05 -0.12562612E-05  0.19263569E-05   863.99999966   -23305.40732996
    5290   10.58000000 -0.20410578E-05 -0.10323238E-05  0.77505294E-06   863.99999966   -23305.40732962
    5300   10.60000000 -0.18317175E-05 -0.80605017E-06 -0.39561346E-06   863.99999966   -23305.40732928
    5310   10.62000000 -0.16206760E-05 -0.57865063E-06 -0.15716790E-05   863.99999965   -23305.40732893
    5320   10.64000000 -0.14086653E-05 -0.35137923E-06 -0.27382276E-05   863.99999965   -23305.40732858
    5330   10.66000000 -0.11963121E-05 -0.12553624E-06 -0.38797284E-05   863.99999965   -23305.40732823
    5340   10.68000000 -0.98414765E-06  0.97534711E-07 -0.49803958E-05   863.99999965   -23305.40732788
    5350   10.70000000 -0.77261887E-06  0.31645419E-06 -0.60245617E-05   863.99999965   -23305.40732753
    5360   10.72000000 -0.56210119E-06  0.52981918E-06 -0.69970493E-05   863.99999965   -23305.40732717
    5370   10.74000000 -0.35291151E-06  0.73621973E-06 -0.78835358E-05   863.99999965   -23305.40732681
    5380   10.76000000 -0.14532131E-06  0.93425744E-06 -0.86708939E-05   863.99999965   -23305.40732645
    5390   10.78000000  0.60430161E-07  0.11225666E-05 -0.93475022E-05   863.99999965   -23305.40732609
    5400   10.80000000  0.26412265E-06  0.12998348E-05 -0.99035139E-05   863.99999965   -23305.40732572
    5410   10.82000000  0.46554270E-06  0.14648231E-05 -0.10331078E-04   863.99999965   -23305.40732535
    5420   10.84000000  0.66447086E-06  0.16163847E-05 -0.10624509E-04   863.99999965   -23305.40732498
    5430   10.86000000  0.86066928E-06  0.17534821E-05 -0.10780399E-04   863.99999965   -23305.40732462
    5440   10.88000000  0.10538699E-05  0.18752016E-05 -0.10797671E-04   863.99999965   -23305.40732425
    5450   10.90000000  0.12437628E-05  0.19807660E-05 -0.10677584E-04   863.99999965   -23305.40732388
    5460   10.92000000  0.14299847E-05  0.20695447E-05 -0.10423681E-04   863.99999964   -23305.40732352
    5470   10.94000000  0.16121087E-05  0.21410626E-05 -0.10041688E-04   863.99999964   -23305.40732317
    5480   10.96000000  0.17896333E-05  0.21950067E-05 -0.95393813E-05   863.99999964   -23305.40732283
    5490   10.98000000  0.19619745E-05  0.22312322E-05 -0.89264043E-05   863.99999964   -23305.40732249
    5500   11.00000000  0.21284579E-05  0.22497648E-05 -0.82140674E-05   863.99999964   -23305.40732216
    5510   11.02000000  0.22883139E-05  0.22508030E-05 -0.74151155E-05   863.99999964   -23305.40732185
    5520   11.04000000  0.24406758E-05  0.22347168E-05 -0.65434771E-05   863.99999964   -23305.40732154
    5530   11.06000000  0.25845795E-05  0.22020440E-05 -0.56139961E-05   863.99999964   -23305.40732124
    5540   11.08000000  0.27189690E-05  0.21534845E-05 -0.46421513E-05   863.99999964   -23305.40732095
    5550   11.10000000  0.28427035E-05  0.20898902E-05 -0.36437632E-05   863.99999964   -23305.40732067
    5560   11.12000000  0.29545695E-05  0.20122529E-05 -0.26346951E-05   863.99999964   -23305.40732038
    5570   11.14000000  0.30532966E-05  0.19216893E-05 -0.16305472E-05   863.99999964   -23305.40732010
    5580   11.16000000  0.31375768E-05  0.18194230E-05 -0.64635183E-06   863.99999964   -23305.40731982
    5590   11.18000000  0.32060868E-05  0.17067652E-05  0.30372943E-06   863.99999964   -23305.40731954
    5600   11.20000000  0.32575133E-05  0.15850935E-05  0.12066990E-05   863.99999964   -23305.40731926
    5610   11.22000000  0.32905807E-05  0.14558309E-05  0.20510000E-05   863.99999963   -23305.40731897
    5620   11.24000000  0.33040801E-05  0.13204242E-05  0.28267697E-05   863.99999963   -23305.40731869
    5630   11.26000000  0.32969000E-05  0.11803235E-05  0.35260610E-05   863.99999963   -23305.40731840
    5640   11.28000000  0.32680584E-05  0.10369628E-05  0.41430225E-05   863.99999963   -23305.40731812
    5650   11.30000000  0.32167337E-05  0.89174251E-06  0.46740307E-05   863.99999963   -23305.40731784
    5660   11.32000000  0.31422957E-05  0.74601356E-06  0.51177666E-05   863.99999963   -23305.40731756
    5670   11.34000000  0.30443357E-05  0.60106399E-06  0.54752297E-05   863.99999963   -23305.40731729
    5680   11.36000000  0.29226935E-05  0.45810642E-06  0.57496877E-05   863.99999963   -23305.40731702
    5690   11.38000000  0.27774818E-05  0.31826765E-06  0.59465591E-05   863.99999963   -23305.40731676
    5700   11.40000000  0.26091048E-05  0.18257963E-06  0.60732307E-05   863.99999963   -23305.40731650
    5710   11.42000000  0.24182724E-05  0.51971479E-07  0.61388120E-05   863.99999963   -23305.40731625
    5720   11.44000000  0.22060051E-05 -0.72737530E-07  0.61538353E-05   863.99999963   -23305.40731600
    5730   11.46000000  0.19736339E-05 -0.19084413E-06  0.61299076E-05   863.99999963   -23305.40731576
    5740   11.48000000  0.17227893E-05 -0.30176608E-06  0.60793264E-05   863.99999963   -23305.40731551
    5750   11.50000000  0.14553833E-05 -0.40504587E-06  0.60146722E-05   863.99999962   -23305.40731526
    5760   11.52000000  0.11735831E-05 -0.50035350E-06  0.59483905E-05   863.99999962   -23305.40731501
    5770   11.54000000  0.87977769E-06 -0.58748638E-06  0.58923777E-05   863.99999962   -23305.40731475
    5780   11.56000000  0.57653845E-06 -0.66636776E-06  0.58575861E-05   863.99999962   -23305.40731450
    5790   11.58000000  0.26657622E-06 -0.73704258E-06  0.58536609E-05   863.99999962   -23305.40731424
    5800   11.60000000 -0.47304468E-07 -0.79967043E-06  0.58886243E-05   863.99999962   -23305.40731398
    5810   11.62000000 -0.36225236E-06 -0.85451658E-06  0.59686131E-05   863.99999962   -23305.40731372
    5820   11.64000000 -0.67541438E-06 -0.90194063E-06  0.60976836E-05   863.99999962   -23305.40731346
    5830   11.66000000 -0.98397997E-06 -0.94238353E-06  0.62776862E-05   863.99999962   -23305.40731321
    5840   11.68000000 -0.12852210E-05 -0.97635322E-06  0.65082153E-05   863.99999962   -23305.40731295
    5850   11.70000000 -0.15765281E-05 -0.10044113E-05  0.67866322E-05   863.99999962   -23305.40731271
    5860   11.72000000 -0.18554423E-05 -0.10271586E-05  0.71081610E-05   863.99999962   -23305.40731246
    5870   11.74000000 -0.21196815E-05 -0.10452225E-05  0.74660502E-05   863.99999962   -23305.40731223
    5880   11.76000000 -0.23671633E-05 -0.10592452E-05  0.78517937E-05   863.99999962   -23305.40731200
    5890   11.78000000 -0.25960218E-05 -0.10698739E-05  0.82554009E-05   863.99999962   -23305.40731177
    5900   11.80000000 -0.28046197E-05 -0.10777515E-05  0.86657063E-05   863.99999961   -23305.40731155
    5910   11.82000000 -0.29915572E-05 -0.10835091E-05  0.90707073E-05   863.99999961   -23305.40731133
    5920   11.84000000 -0.31556767E-05 -0.10877586E-05  0.94579187E-05   863.99999961   -23305.40731111
    5930   11.86000000 -0.32960628E-05 -0.10910853E-05  0.98147314E-05   863.99999961   -23305.40731089
    5940   11.88000000 -0.34120405E-05 -0.10940396E-05  0.10128768E-04   863.99999961   -23305.40731067
    5950   11.90000000 -0.35031706E-05 -0.10971281E-05  0.10388222E-04   863.99999961   -23305.40731044
    5960   11.92000000 -0.35692426E-05 -0.11008035E-05  0.10582173E-04   863.99999961   -23305.40731021
    5970   11.94000000 -0.36102660E-05 -0.11054522E-05  0.10700872E-04   863.99999961   -23305.40730997
    5980   11.96000000 -0.36264605E-05 -0.11113822E-05  0.10735988E-04   863.99999961   -23305.40730973
    5990   11.98000000 -0.36182453E-05 -0.11188101E-05  0.10680810E-04   863.99999961   -23305.40730948
    6000   12.00000000 -0.35862279E-05 -0.11278473E-05  0.10530407E-04   863.99999961   -23305.40730924
    6010   12.02000000 -0.35311923E-05 -0.11384886E-05  0.10281738E-04   863.99999961   -23305.40730899
    6020   12.04000000 -0.34540872E-05 -0.11506022E-05  0.99337050E-05   863.99999961   -23305.40730874
    6030   12.06000000 -0.33560131E-05 -0.11639219E-05  0.94871739E-05   863.99999961   -23305.40730849
    6040   12.08000000 -0.32382099E-05 -0.11780435E-05  0.89449325E-05   863.99999961   -23305.40730824
    6050   12.10000000 -0.31020425E-05 -0.11924252E-05  0.83116152E-05   863.99999960   -23305.40730800
    6060   12.12000000 -0.29489854E-05 -0.12063928E-05  0.75935857E-05   863.99999960   -23305.40730776
    6070   12.14000000 -0.27806074E-05 -0.12191498E-05  0.67987862E-05   863.99999960   -23305.40730753
    6080   12.16000000 -0.25985522E-05 -0.12297931E-05  0.59365587E-05   863.99999960   -23305.40730730
    6090   12.18000000 -0.24045190E-05 -0.12373329E-05  0.50174430E-05   863.99999960   -23305.40730707
    6100   12.20000000 -0.22002417E-05 -0.12407181E-05  0.40529578E-05   863.99999960   -23305.40730685
    6110   12.22000000 -0.19874656E-05 -0.12388658E-05  0.30553718E-05   863.99999960   -23305.40730663
    6120   12.24000000 -0.17679257E-05 -0.12306936E-05  0.20374664E-05   863.99999960   -23305.40730642
    6130   12.26000000 -0.15433237E-05 -0.12151549E-05  0.10122983E-05   863.99999960   -23305.40730620
    6140   12.28000000 -0.13153078E-05 -0.11912748E-05 -0.70347685E-08   863.99999960   -23305.40730600
    6150   12.30000000 -0.10854546E-05 -0.11581863E-05 -0.10076201E-05   863.99999960   -23305.40730579
    6160   12.32000000 -0.85525508E-06 -0.11151644E-05 -0.19769459E-05   863.99999960   -23305.40730558
    6170   12.34000000 -0.62610491E-06 -0.10616578E-05 -0.29031001E-05   863.99999960   -23305.40730537
    6180   12.36000000 -0.39929936E-06 -0.99731564E-06 -0.37749526E-05   863.99999960   -23305.40730517
    6190   12.38000000 -0.17603420E-06 -0.92200845E-06 -0.45823141E-05   863.99999959   -23305.40730496
    6200   12.40000000  0.42588863E-07 -0.83584334E-06 -0.53160733E-05   863.99999959   -23305.40730475
    6210   12.42000000  0.25555220E-06 -0.73917148E-06 -0.59683079E-05   863.99999959   -23305.40730453
    6220   12.44000000  0.46190934E-06 -0.63258790E-06 -0.65323696E-05   863.99999959   -23305.40730432
    6230   12.46000000  0.66076936E-06 -0.51692357E-06 -0.70029441E-05   863.99999959   -23305.40730410
    6240   12.48000000  0.85128109E-06 -0.39323057E-06 -0.73760845E-05   863.99999959   -23305.40730388
    6250   12.50000000  0.10326183E-05 -0.26276063E-06 -0.76492208E-05   863.99999959   -23305.40730365
    6260   12.52000000  0.12039673E-05 -0.12693747E-06 -0.78211486E-05   863.99999959   -23305.40730342
    6270   12.54000000  0.13645177E-05  0.12675087E-07 -0.78919949E-05   863.99999959   -23305.40730319
    6280   12.56000000  0.15134579E-05  0.15440829E-06 -0.78631692E-05   863.99999959   -23305.40730296
    6290   12.58000000  0.16499761E-05  0.29652631E-06 -0.77372986E-05   863.99999959   -23305.40730272
    6300   12.60000000  0.17732651E-05  0.43726437E-06 -0.75181506E-05   863.99999959   -23305.40730248
    6310   12.62000000  0.18825334E-05  0.57486657E-06 -0.72105453E-05   863.99999959   -23305.40730225
    6320   12.64000000  0.19770198E-05  0.70762211E-06 -0.68202617E-05   863.99999959   -23305.40730201
    6330   12.66000000  0.20560119E-05  0.83389870E-06 -0.63539350E-05   863.99999959   -23305.40730178
    6340   12.68000000  0.21188672E-05  0.95217227E-06 -0.58189513E-05   863.99999958   -23305.40730156
    6350   12.70000000  0.21650364E-05  0.10610521E-05 -0.52233364E-05   863.99999958   -23305.40730134
    6360   12.72000000  0.21940869E-05  0.11593014E-05 -0.45756420E-05   863.99999958   -23305.40730112
    6370   12.74000000  0.22057259E-05  0.12458526E-05 -0.38848285E-05   863.99999958   -23305.40730091
    6380   12.76000000  0.21998214E-05  0.13198180E-05 -0.31601447E-05   863.99999958   -23305.40730070
    6390   12.78000000  0.21764214E-05  0.13804951E-05 -0.24110066E-05   863.99999958   -23305.40730050
    6400   12.80000000  0.21357686E-05  0.14273685E-05 -0.16468729E-05   863.99999958   -23305.40730031
    6410   12.82000000  0.20783104E-05  0.14601088E-05 -0.87712224E-06   863.99999958   -23305.40730011
    6420   12.84000000  0.20047043E-05  0.14785679E-05 -0.11093137E-06   863.99999958   -23305.40729992
    6430   12.86000000  0.19158165E-05  0.14827735E-05  0.64284379E-06   863.99999958   -23305.40729974
    6440   12.88000000  0.18127154E-05  0.14729222E-05  0.13757797E-05   863.99999958   -23305.40729955
    6450   12.90000000  0.16966584E-05  0.14493723E-05  0.20799885E-05   863.99999958   -23305.40729936
    6460   12.92000000  0.15690736E-05  0.14126356E-05  0.27482116E-05   863.99999958   -23305.40729917
    6470   12.94000000  0.14315364E-05  0.13633698E-05  0.33738985E-05   863.99999958   -23305.40729898
    6480   12.96000000  0.12857427E-05  0.13023700E-05  0.39512723E-05   863.99999958   -23305.40729879
    6490   12.98000000  0.11334781E-05  0.12305584E-05  0.44753797E-05   863.99999957   -23305.40729859
    6500   13.00000000  0.97658591E-06  0.11489729E-05  0.49421256E-05   863.99999957   -23305.40729839
    6510   13.02000000  0.81693438E-06  0.10587533E-05  0.53482927E-05   863.99999957   -23305.40729819
    6520   13.04000000  0.65638302E-06  0.96112511E-06  0.56915477E-05   863.99999957   -23305.40729799
    6530   13.06000000  0.49675111E-06  0.85737940E-06  0.59704359E-05   863.99999957   -23305.40729779
    6540   13.08000000  0.33978698E-06  0.74885106E-06  0.61843649E-05   863.99999957   -23305.40729758
    6550   13.10000000  0.18713993E-06  0.63689411E-06  0.63335800E-05   863.99999957   -23305.40729738
    6560   13.12000000  0.40334924E-07  0.52285486E-06  0.64191323E-05   863.99999957   -23305.40729718
    6570   13.14000000 -0.99249463E-07  0.40804567E-06  0.64428403E-05   863.99999957   -23305.40729697
    6580   13.16000000 -0.23039942E-06  0.29371831E-06  0.64072453E-05   863.99999957   -23305.40729678
    6590   13.18000000 -0.35208090E-06  0.18103977E-06  0.63155612E-05   863.99999957   -23305.40729658
    6600   13.20000000 -0.46345061E-06  0.71071586E-07  0.61716195E-05   863.99999957   -23305.40729639
    6610   13.22000000 -0.56386334E-06 -0.35246106E-07  0.59798063E-05   863.99999957   -23305.40729620
    6620   13.24000000 -0.65287557E-06 -0.13710614E-06  0.57449948E-05   863.99999957   -23305.40729602
    6630   13.26000000 -0.73024520E-06 -0.23383886E-06  0.54724710E-05   863.99999956   -23305.40729583
    6640   13.28000000 -0.79592853E-06 -0.32491168E-06  0.51678547E-05   863.99999956   -23305.40729565
    6650   13.30000000 -0.85007353E-06 -0.40992305E-06  0.48370154E-05   863.99999956   -23305.40729547
    6660   13.32000000 -0.89301016E-06 -0.48859197E-06  0.44859855E-05   863.99999956   -23305.40729529
    6670   13.34000000 -0.92523757E-06 -0.56074358E-06  0.41208715E-05   863.99999956   -23305.40729511
    6680   13.36000000 -0.94740855E-06 -0.62629249E-06  0.37477662E-05   863.99999956   -23305.40729494
    6690   13.38000000 -0.96031062E-06 -0.68522573E-06  0.33726618E-05   863.99999956   -23305.40729476
    6700   13.40000000 -0.96484537E-06 -0.73758535E-06  0.30013684E-05   863.99999956   -23305.40729458
    6710   13.42000000 -0.96200432E-06 -0.78345216E-06  0.26394368E-05   863.99999956   -23305.40729440
    6720   13.44000000 -0.95284332E-06 -0.82293210E-06  0.22920881E-05   863.99999956   -23305.40729421
    6730   13.46000000 -0.93845530E-06 -0.85614471E-06  0.19641503E-05   863.99999956   -23305.40729403
    6740   13.48000000 -0.91994240E-06 -0.88321391E-06  0.16600029E-05   863.99999956   -23305.40729385
    6750   13.50000000 -0.89838834E-06 -0.90426206E-06  0.13835276E-05   863.99999956   -23305.40729366
    6760   13.52000000 -0.87483127E-06 -0.91940615E-06  0.11380676E-05   863.99999956   -23305.40729348
    6770   13.54000000 -0.85023935E-06 -0.92875625E-06  0.92639203E-06   863.99999956   -23305.40729330
    6780   13.56000000 -0.82548800E-06 -0.93241604E-06  0.75066633E-06   863.99999955   -23305.40729311
    6790   13.58000000 -0.80134125E-06 -0.93048426E-06  0.61242946E-06   863.99999955   -23305.40729292
    6800   13.60000000 -0.77843645E-06 -0.92305845E-06  0.51257622E-06   863.99999955   -23305.40729274
    6810   13.62000000 -0.75727389E-06 -0.91023993E-06  0.45134552E-06   863.99999955   -23305.40729255
    6820   13.64000000 -0.73821065E-06 -0.89213909E-06  0.42831636E-06   863.99999955   -23305.40729237
    6830   13.66000000 -0.72145928E-06 -0.86888232E-06  0.44241202E-06   863.99999955   -23305.40729218
    6840   13.68000000 -0.70709089E-06 -0.84061959E-06  0.49191457E-06   863.99999955   -23305.40729200
    6850   13.70000000 -0.69504314E-06 -0.80753180E-06  0.57449061E-06   863.99999955   -23305.40729181
    6860   13.72000000 -0.68513169E-06 -0.76983845E-06  0.68722961E-06   863.99999955   -23305.40729163
    6870   13.74000000 -0.67706558E-06 -0.72780469E-06  0.82669557E-06   863.99999955   -23305.40729144
    6880   13.76000000 -0.67046541E-06 -0.68174668E-06  0.98899212E-06   863.99999955   -23305.40729126
    6890   13.78000000 -0.66488372E-06 -0.63203601E-06  0.11698398E-05   863.99999955   -23305.40729108
    6900   13.80000000 -0.65982637E-06 -0.57910080E-06  0.13646638E-05   863.99999955   -23305.40729090
    6910   13.82000000 -0.65477457E-06 -0.52342600E-06  0.15686893E-05   863.99999955   -23305.40729072
    6920   13.84000000 -0.64920640E-06 -0.46554979E-06  0.17770416E-05   863.99999955   -23305.40729055
    6930   13.86000000 -0.64261644E-06 -0.40605813E-06  0.19848466E-05   863.99999954   -23305.40729037
    6940   13.88000000 -0.63453338E-06 -0.34557833E-06  0.21873287E-05   863.99999954   -23305.40729020
    6950   13.90000000 -0.62453521E-06 -0.28476970E-06  0.23799010E-05   863.99999954   -23305.40729002
    6960   13.92000000 -0.61226067E-06 -0.22431442E-06  0.25582468E-05   863.99999954   -23305.40728985
    6970   13.94000000 -0.59741726E-06 -0.16490790E-06  0.27183893E-05   863.99999954   -23305.40728968
    6980   13.96000000 -0.57978564E-06 -0.10724868E-06  0.28567477E-05   863.99999954   -23305.40728950
    6990   13.98000000 -0.55922099E-06 -0.52028683E-07  0.29701808E-05   863.99999954   -23305.40728933
    7000   14.00000000 -0.53565086E-06  0.75709687E-10  0.30560182E-05   863.99999954   -23305.40728915
    7010   14.02000000 -0.50907022E-06  0.48412920E-07  0.31120802E-05   863.99999954   -23305.40728898
    7020   14.04000000 -0.47953427E-06  0.92366421E-07  0.31366895E-05   863.99999954   -23305.40728880
    7030   14.06000000 -0.44714929E-06  0.13136463E-06  0.31286747E-05   863.99999954   -23305.40728862
    7040   14.08000000 -0.41206258E-06  0.16489220E-06  0.30873702E-05   863.99999954   -23305.40728843
    7050   14.10000000 -0.37445108E-06  0.19250302E-06  0.30126112E-05   863.99999954   -23305.40728825
    7060   14.12000000 -0.33451067E-06  0.21383388E-06  0.29047278E-05   863.99999954   -23305.40728807
    7070   14.14000000 -0.29244594E-06  0.22861932E-06  0.27645352E-05   863.99999953   -23305.40728788
    7080   14.16000000 -0.24846107E-06  0.23670626E-06  0.25933229E-05   863.99999953   -23305.40728770
    7090   14.18000000 -0.20275268E-06  0.23806796E-06  0.23928394E-05   863.99999953   -23305.40728752
    7100   14.20000000 -0.15550453E-06  0.23281556E-06  0.21652741E-05   863.99999953   -23305.40728733
    7110   14.22000000 -0.10688474E-06  0.22120714E-06  0.19132322E-05   863.99999953   -23305.40728715
    7120   14.24000000 -0.57045688E-07  0.20365124E-06  0.16397043E-05   863.99999953   -23305.40728697
    7130   14.26000000 -0.61257473E-08  0.18070519E-06  0.13480283E-05   863.99999953   -23305.40728679
    7140   14.28000000  0.45746480E-07  0.15306750E-06  0.10418441E-05   863.99999953   -23305.40728662
    7150   14.30000000  0.98446605E-07  0.12156353E-06  0.72504059E-06   863.99999953   -23305.40728645
    7160   14.32000000  0.15184734E-06  0.87126414E-07  0.40169737E-06   863.99999953   -23305.40728628
    7170   14.34000000  0.20581090E-06  0.50771707E-07  0.76021188E-07   863.99999953   -23305.40728611
    7180   14.36000000  0.26018172E-06  0.13569349E-07 -0.24772049E-06   863.99999953   -23305.40728594
    7190   14.38000000  0.31477928E-06 -0.23387682E-07 -0.56526611E-06   863.99999953   -23305.40728578
    7200   14.40000000  0.36939291E-06 -0.59014266E-07 -0.87242581E-06   863.99999953   -23305.40728562
    7210   14.42000000  0.42377788E-06 -0.92263950E-07 -0.11651431E-05   863.99999953   -23305.40728545
    7220   14.44000000  0.47765456E-06 -0.12215756E-06 -0.14395516E-05   863.99999952   -23305.40728529
    7230   14.46000000  0.53070945E-06 -0.14780843E-06 -0.16920235E-05   863.99999952   -23305.40728513
    7240   14.48000000  0.58259995E-06 -0.16844427E-06 -0.19192135E-05   863.99999952   -23305.40728496
    7250   14.50000000  0.63296201E-06 -0.18342454E-06 -0.21180924E-05   863.99999952   -23305.40728480
    7260   14.52000000  0.68141953E-06 -0.19225396E-06 -0.22859761E-05   863.99999952   -23305.40728463
    7270   14.54000000  0.72759671E-06 -0.19459159E-06 -0.24205469E-05   863.99999952   -23305.40728447
    7280   14.56000000  0.77113034E-06 -0.19025686E-06 -0.25198710E-05   863.99999952   -23305.40728430
    7290   14.58000000  0.81168254E-06 -0.17923071E-06 -0.25824139E-05   863.99999952   -23305.40728414
    7300   14.60000000  0.84895162E-06 -0.16165368E-06 -0.26070532E-05   863.99999952   -23305.40728397
    7310   14.62000000  0.88268017E-06 -0.13782033E-06 -0.25930916E-05   863.99999952   -23305.40728380
    7320   14.64000000  0.91265949E-06 -0.10817061E-06 -0.25402700E-05   863.99999952   -23305.40728364
    7330   14.66000000  0.93872960E-06 -0.73278283E-07 -0.24487809E-05   863.99999952   -23305.40728347
    7340   14.68000000  0.96077383E-06 -0.33836169E-07 -0.23192814E-05   863.99999952   -23305.40728330
    7350   14.70000000  0.97870929E-06  0.93597717E-08 -0.21529039E-05   863.99999952   -23305.40728313
    7360   14.72000000  0.99247402E-06  0.55427935E-07 -0.19512635E-05   863.99999952   -23305.40728296
    7370   14.74000000  0.10020114E-05  0.10341985E-06 -0.17164580E-05   863.99999951   -23305.40728280
    7380   14.76000000  0.10072533E-05  0.15233787E-06 -0.14510613E-05   863.99999951   -23305.40728263
    7390   14.78000000  0.10081050E-05  0.20115180E-06 -0.11581044E-05   863.99999951   -23305.40728246
    7400   14.80000000  0.10044321E-05  0.24881474E-06 -0.84104527E-06   863.99999951   -23305.40728230
    7410   14.82000000  0.99605181E-06  0.29427682E-06 -0.50372625E-06   863.99999951   -23305.40728213
    7420   14.84000000  0.98272912E-06  0.33649783E-06 -0.15031866E-06   863.99999951   -23305.40728197
    7430   14.86000000  0.96417850E-06  0.37445865E-06  0.21474478E-06   863.99999951   -23305.40728181
    7440   14.88000000  0.94007144E-06  0.40717262E-06  0.58684646E-06   863.99999951   -23305.40728164
    7450   14.90000000  0.91004928E-06  0.43369713E-06  0.96126712E-06   863.99999951   -23305.40728148
    7460   14.92000000  0.87374049E-06  0.45314667E-06  0.13332729E-05   863.99999951   -23305.40728132
    7470   14.94000000  0.83078175E-06  0.46470751E-06  0.16982037E-05   863.99999951   -23305.40728117
    7480   14.96000000  0.78084172E-06  0.46765435E-06  0.20515573E-05   863.99999951   -23305.40728101
    7490   14.98000000  0.72364636E-06  0.46136893E-06  0.23890692E-05   863.99999951   -23305.40728085
    7500   15.00000000  0.65900483E-06  0.44535964E-06  0.27067845E-05   863.99999951   -23305.40728069
    7510   15.02000000  0.58683529E-06  0.41928177E-06  0.30011192E-05   863.99999950   -23305.40728053
    7520   15.04000000  0.50718919E-06  0.38295689E-06  0.32689123E-05   863.99999950   -23305.40728038
    7530   15.06000000  0.42027388E-06  0.33639058E-06  0.35074667E-05   863.99999950   -23305.40728022
    7540   15.08000000  0.32647214E-06  0.27978624E-06  0.37145790E-05   863.99999950   -23305.40728005
    7550   15.10000000  0.22635726E-06  0.21355522E-06  0.38885584E-05   863.99999950   -23305.40727989
    7560   15.12000000  0.12070330E-06  0.13832167E-06  0.40282364E-05   863.99999950   -23305.40727973
    7570   15.14000000  0.10489044E-07  0.54921677E-07  0.41329663E-05   863.99999950   -23305.40727957
    7580   15.16000000 -0.10310592E-06 -0.35602818E-07  0.42026134E-05   863.99999950   -23305.40727940
    7590   15.18000000 -0.21871266E-06 -0.13201619E-06  0.42375359E-05   863.99999950   -23305.40727923
    7600   15.20000000 -0.33479367E-06 -0.23290714E-06  0.42385568E-05   863.99999950   -23305.40727907
    7610   15.22000000 -0.44967201E-06 -0.33671100E-06  0.42069271E-05   863.99999950   -23305.40727890
    7620   15.24000000 -0.56156938E-06 -0.44173727E-06  0.41442800E-05   863.99999950   -23305.40727873
    7630   15.26000000 -0.66865010E-06 -0.54620049E-06  0.40525784E-05   863.99999950   -23305.40727856
    7640   15.28000000 -0.76907128E-06 -0.64825558E-06  0.39340546E-05   863.99999950   -23305.40727839
    7650   15.30000000 -0.86103557E-06 -0.74603548E-06  0.37911474E-05   863.99999950   -23305.40727822
    7660   15.32000000 -0.94284472E-06 -0.83769139E-06  0.36264358E-05   863.99999949   -23305.40727805
    7670   15.34000000 -0.10129506E-05 -0.92143480E-06  0.34425740E-05   863.99999949   -23305.40727788
    7680   15.36000000 -0.10700018E-05 -0.99558002E-06  0.32422295E-05   863.99999949   -23305.40727772
    7690   15.38000000 -0.11128828E-05 -0.10585866E-05  0.30280295E-05   863.99999949   -23305.40727755
    7700   15.40000000 -0.11407454E-05 -0.11091001E-05  0.28025146E-05   863.99999949   -23305.40727738
    7710   15.42000000 -0.11530292E-05 -0.11459900E-05  0.25681053E-05   863.99999949   -23305.40727722
    7720   15.44000000 -0.11494723E-05 -0.11683834E-05  0.23270798E-05   863.99999949   -23305.40727706
    7730   15.46000000 -0.11301118E-05 -0.11756923E-05  0.20815649E-05   863.99999949   -23305.40727689
    7740   15.48000000 -0.10952742E-05 -0.11676347E-05  0.18335377E-05   863.99999949   -23305.40727673
    7750   15.50000000 -0.10455590E-05 -0.11442458E-05  0.15848365E-05   863.99999949   -23305.40727657
    7760   15.52000000 -0.98181418E-06 -0.11058814E-05  0.13371786E-05   863.99999949   -23305.40727641
    7770   15.54000000 -0.90510754E-06 -0.10532114E-05  0.10921813E-05   863.99999949   -23305.40727626
    7780   15.56000000 -0.81669538E-06 -0.98720388E-06  0.85138299E-06   863.99999949   -23305.40727610
    7790   15.58000000 -0.71798945E-06 -0.90909944E-06  0.61626221E-06   863.99999949   -23305.40727594
    7800   15.60000000 -0.61052438E-06 -0.82037821E-06  0.38825081E-06   863.99999949   -23305.40727578
    7810   15.62000000 -0.49592658E-06 -0.72272001E-06  0.16874057E-06   863.99999948   -23305.40727562
    7820   15.64000000 -0.37588557E-06 -0.61795949E-06 -0.40917337E-07   863.99999948   -23305.40727546
    7830   15.66000000 -0.25212715E-06 -0.50803789E-06 -0.23942006E-06   863.99999948   -23305.40727531
    7840   15.68000000 -0.12639019E-06 -0.39495330E-06 -0.42552696E-06   863.99999948   -23305.40727515
    7850   15.70000000 -0.40510952E-09 -0.28071128E-06 -0.59807773E-06   863.99999948   -23305.40727499
    7860   15.72000000  0.12412560E-06 -0.16727796E-06 -0.75601320E-06   863.99999948   -23305.40727483
    7870   15.74000000  0.24554588E-06 -0.56535592E-07 -0.89839573E-06   863.99999948   -23305.40727467
    7880   15.76000000  0.36226396E-06  0.49756691E-07 -0.10244284E-05   863.99999948   -23305.40727451
    7890   15.78000000  0.47277011E-06  0.14999695E-06 -0.11334702E-05   863.99999948   -23305.40727435
    7900   15.80000000  0.57565522E-06  0.24276899E-06 -0.12250468E-05   863.99999948   -23305.40727419
    7910   15.82000000  0.66962912E-06  0.32686510E-06 -0.12988551E-05   863.99999948   -23305.40727403
    7920   15.84000000  0.75353925E-06  0.40130248E-06 -0.13547631E-05   863.99999948   -23305.40727387
    7930   15.86000000  0.82638996E-06  0.46533443E-06 -0.13928035E-05   863.99999948   -23305.40727371
    7940   15.88000000  0.88736048E-06  0.51845578E-06 -0.14131623E-05   863.99999948   -23305.40727355
    7950   15.90000000  0.93582151E-06  0.56040307E-06 -0.14161637E-05   863.99999947   -23305.40727339
    7960   15.92000000  0.97134997E-06  0.59115030E-06 -0.14022526E-05   863.99999947   -23305.40727322
    7970   15.94000000  0.99374034E-06  0.61090033E-06 -0.13719746E-05   863.99999947   -23305.40727306
    7980   15.96000000  0.10030127E-05  0.62007153E-06 -0.13259562E-05   863.99999947   -23305.40727290
    7990   15.98000000  0.99941576E-06  0.61928075E-06 -0.12648863E-05   863.99999947   -23305.40727273
    8000   16.00000000  0.98342548E-06  0.60932187E-06 -0.11895007E-05   863.99999947   -23305.40727257
    8010   16.02000000  0.95573788E-06  0.59114149E-06 -0.11005685E-05   863.99999947   -23305.40727240
    8020   16.04000000  0.91725641E-06  0.56580946E-06 -0.99888473E-06   863.99999947   -23305.40727224
    8030   16.06000000  0.86907421E-06  0.53448753E-06 -0.88526801E-06   863.99999947   -23305.40727208
    8040   16.08000000  0.81245073E-06  0.49839414E-06 -0.76056211E-06   863.99999947   -23305.40727191
    8050   16.10000000  0.74878367E-06  0.45876759E-06 -0.62564390E-06   863.99999947   -23305.40727175
    8060   16.12000000  0.67957760E-06  0.41682806E-06 -0.48143514E-06   863.99999947   -23305.40727159
    8070   16.14000000  0.60640888E-06  0.37374003E-06 -0.32891695E-06   863.99999947   -23305.40727144
    8080   16.16000000  0.53088920E-06  0.33057641E-06 -0.16914531E-06   863.99999947   -23305.40727128
    8090   16.18000000  0.45462792E-06  0.28828677E-06 -0.32668944E-08   863.99999947   -23305.40727113
    8100   16.20000000  0.37919485E-06  0.24767073E-06  0.16746812E-06   863.99999946   -23305.40727097
    8110   16.22000000  0.30608490E-06  0.20935798E-06  0.34169720E-06   863.99999946   -23305.40727082
    8120   16.24000000  0.23668477E-06  0.17379646E-06  0.51794192E-06   863.99999946   -23305.40727067
    8130   16.26000000  0.17224333E-06  0.14124898E-06  0.69461022E-06   863.99999946   -23305.40727051
    8140   16.28000000  0.11384608E-06  0.11179874E-06  0.87000595E-06   863.99999946   -23305.40727036
    8150   16.30000000  0.62394300E-07  0.85362562E-07  0.10423443E-05   863.99999946   -23305.40727021
    8160   16.32000000  0.18589471E-07  0.61711345E-07  0.12097728E-05   863.99999946   -23305.40727006
    8170   16.34000000 -0.17077177E-07  0.40495509E-07  0.13703983E-05   863.99999946   -23305.40726990
    8180   16.36000000 -0.44328933E-07  0.21274042E-07  0.15223167E-05   863.99999946   -23305.40726975
    8190   16.38000000 -0.63102955E-07  0.35450287E-08  0.16636455E-05   863.99999946   -23305.40726960
    8200   16.40000000 -0.73543493E-07 -0.13224297E-07  0.17925584E-05   863.99999946   -23305.40726944
    8210   16.42000000 -0.75989456E-07 -0.29569735E-07  0.19073205E-05   863.99999946   -23305.40726929
    8220   16.44000000 -0.70957574E-07 -0.46005364E-07  0.20063223E-05   863.99999946   -23305.40726913
    8230   16.46000000 -0.59120619E-07 -0.63002848E-07  0.20881146E-05   863.99999946   -23305.40726898
    8240   16.48000000 -0.41281748E-07 -0.80975251E-07  0.21514406E-05   863.99999946   -23305.40726883
    8250   16.50000000 -0.18346095E-07 -0.10026512E-06  0.21952663E-05   863.99999945   -23305.40726867
    8260   16.52000000  0.87100973E-08 -0.12113620E-06  0.22188086E-05   863.99999945   -23305.40726852
    8270   16.54000000  0.38870881E-07 -0.14376896E-06  0.22215605E-05   863.99999945   -23305.40726837
    8280   16.56000000  0.71112090E-07 -0.16825883E-06  0.22033119E-05   863.99999945   -23305.40726822
    8290   16.58000000  0.10443176E-06 -0.19461699E-06  0.21641669E-05   863.99999945   -23305.40726807
    8300   16.60000000  0.13787838E-06 -0.22277247E-06  0.21045546E-05   863.99999945   -23305.40726792
    8310   16.62000000  0.17057554E-06 -0.25257543E-06  0.20252352E-05   863.99999945   -23305.40726778
    8320   16.64000000  0.20174377E-06 -0.28380223E-06  0.19272993E-05   863.99999945   -23305.40726763
    8330   16.66000000  0.23071700E-06 -0.31616065E-06  0.18121603E-05   863.99999945   -23305.40726748
    8340   16.68000000  0.25695447E-06 -0.34929520E-06  0.16815385E-05   863.99999945   -23305.40726734
    8350   16.70000000  0.28004808E-06 -0.38279319E-06  0.15374388E-05   863.99999945   -23305.40726720
    8360   16.72000000  0.29972482E-06 -0.41619043E-06  0.13821204E-05   863.99999945   -23305.40726705
    8370   16.74000000  0.31584360E-06 -0.44897710E-06  0.12180598E-05   863.99999945   -23305.40726691
    8380   16.76000000  0.32838879E-06 -0.48060336E-06  0.10479068E-05   863.99999945   -23305.40726676
    8390   16.78000000  0.33745943E-06 -0.51048502E-06  0.87443587E-06   863.99999944   -23305.40726661
    8400   16.80000000  0.34325527E-06 -0.53800923E-06  0.70049244E-06   863.99999944   -23305.40726647
    8410   16.82000000  0.34606025E-06 -0.56254178E-06  0.52893702E-06   863.99999944   -23305.40726632
    8420   16.84000000  0.34622464E-06 -0.58343428E-06  0.36258750E-06   863.99999944   -23305.40726617
    8430   16.86000000  0.34414608E-06 -0.60003382E-06  0.20416194E-06   863.99999944   -23305.40726602
    8440   16.88000000  0.34024982E-06 -0.61169388E-06  0.56223139E-07   863.99999944   -23305.40726587
    8450   16.90000000  0.33496976E-06 -0.61778745E-06 -0.78873546E-07   863.99999944   -23305.40726572
    8460   16.92000000  0.32873084E-06 -0.61772235E-06 -0.19902710E-06   863.99999944   -23305.40726557
    8470   16.94000000  0.32193243E-06 -0.61095775E-06 -0.30243259E-06   863.99999944   -23305.40726541
    8480   16.96000000  0.31493400E-06 -0.59702223E-06 -0.38761569E-06   863.99999944   -23305.40726526
    8490   16.98000000  0.30804348E-06 -0.57553172E-06 -0.45346019E-06   863.99999944   -23305.40726511
    8500   17.00000000  0.30150796E-06 -0.54620741E-06 -0.49922606E-06   863.99999944   -23305.40726496
    8510   17.02000000  0.29550780E-06 -0.50889128E-06 -0.52456064E-06   863.99999944   -23305.40726481
    8520   17.04000000  0.29015406E-06 -0.46355990E-06 -0.52950011E-06   863.99999944   -23305.40726466
    8530   17.06000000  0.28548903E-06 -0.41033401E-06 -0.51446316E-06   863.99999944   -23305.40726451
    8540   17.08000000  0.28148971E-06 -0.34948421E-06 -0.48023597E-06   863.99999943   -23305.40726436
    8550   17.10000000  0.27807540E-06 -0.28143190E-06 -0.42795011E-06   863.99999943   -23305.40726421
    8560   17.12000000  0.27511716E-06 -0.20674634E-06 -0.35905295E-06   863.99999943   -23305.40726406
    8570   17.14000000  0.27245049E-06 -0.12613715E-06 -0.27527193E-06   863.99999943   -23305.40726391
    8580   17.16000000  0.26988878E-06 -0.40442820E-07 -0.17857353E-06   863.99999943   -23305.40726376
    8590   17.18000000  0.26723831E-06  0.49383853E-07 -0.71117942E-07   863.99999943   -23305.40726361
    8600   17.20000000  0.26431292E-06  0.14229143E-06  0.44789587E-07   863.99999943   -23305.40726346
    8610   17.22000000  0.26094772E-06  0.23714842E-06  0.16674934E-06   863.99999943   -23305.40726331
    8620   17.24000000  0.25701094E-06  0.33276180E-06  0.29231906E-06   863.99999943   -23305.40726316
    8630   17.26000000  0.25241256E-06  0.42789535E-06  0.41906629E-06   863.99999943   -23305.40726301
    8640   17.28000000  0.24710986E-06  0.52128793E-06  0.54461940E-06   863.99999943   -23305.40726286
    8650   17.30000000  0.24110950E-06  0.61167174E-06  0.66671631E-06   863.99999943   -23305.40726272
    8660   17.32000000  0.23446493E-06  0.69778951E-06  0.78325103E-06   863.99999943   -23305.40726257
    8670   17.34000000  0.22727133E-06  0.77841163E-06  0.89231532E-06   863.99999943   -23305.40726242
    8680   17.36000000  0.21965682E-06  0.85235394E-06  0.99223493E-06   863.99999943   -23305.40726227
    8690   17.38000000  0.21177195E-06  0.91849565E-06  0.10815992E-05   863.99999942   -23305.40726212
    8700   17.40000000  0.20377774E-06  0.97579785E-06  0.11592834E-05   863.99999942   -23305.40726197
    8710   17.42000000  0.19583311E-06  0.10233223E-05  0.12244619E-05   863.99999942   -23305.40726182
    8720   17.44000000  0.18808305E-06  0.10602513E-05  0.12766131E-05   863.99999942   -23305.40726166
    8730   17.46000000  0.18064759E-06  0.10859066E-05  0.13155135E-05   863.99999942   -23305.40726151
    8740   17.48000000  0.17361204E-06  0.10997682E-05  0.13412247E-05   863.99999942   -23305.40726136
    8750   17.50000000  0.16701925E-06  0.11014903E-05  0.13540706E-05   863.99999942   -23305.40726121
    8760   17.52000000  0.16086341E-06  0.10909139E-05  0.13546082E-05   863.99999942   -23305.40726106
    8770   17.54000000  0.15508584E-06  0.10680765E-05  0.13435937E-05   863.99999942   -23305.40726091
    8780   17.56000000  0.14957262E-06  0.10332140E-05  0.13219446E-05   863.99999942   -23305.40726077
    8790   17.58000000  0.14415412E-06  0.98675940E-06  0.12907020E-05   863.99999942   -23305.40726062
    8800   17.60000000  0.13860698E-06  0.92933273E-06  0.12509929E-05   863.99999942   -23305.40726047
    8810   17.62000000  0.13265796E-06  0.86172643E-06  0.12039970E-05   863.99999942   -23305.40726032
    8820   17.64000000  0.12599054E-06  0.78488439E-06  0.11509173E-05   863.99999942   -23305.40726018
    8830   17.66000000  0.11825507E-06  0.69987717E-06  0.10929573E-05   863.99999941   -23305.40726003
    8840   17.68000000  0.10908080E-06  0.60787436E-06  0.10313039E-05   863.99999941   -23305.40725988
    8850   17.70000000  0.98091622E-07  0.51011491E-06  0.96711670E-06   863.99999941   -23305.40725973
    8860   17.72000000  0.84924070E-07  0.40787844E-06  0.90152280E-06   863.99999941   -23305.40725959
    8870   17.74000000  0.69247307E-07  0.30245801E-06  0.83561482E-06   863.99999941   -23305.40725944
    8880   17.76000000  0.50783813E-07  0.19513548E-06  0.77045188E-06   863.99999941   -23305.40725929
    8890   17.78000000  0.29328689E-07  0.87160957E-07  0.70706071E-06   863.99999941   -23305.40725914
    8900   17.80000000  0.47683309E-08 -0.20263594E-07  0.64643558E-06   863.99999941   -23305.40725898
    8910   17.82000000 -0.22904761E-07 -0.12599755E-06  0.58953523E-06   863.99999941   -23305.40725883
    8920   17.84000000 -0.53582341E-07 -0.22897041E-06  0.53727608E-06   863.99999941   -23305.40725867
    8930   17.86000000 -0.87036477E-07 -0.32818804E-06  0.49052039E-06   863.99999941   -23305.40725852
    8940   17.88000000 -0.12292179E-06 -0.42273675E-06  0.45006055E-06   863.99999941   -23305.40725836
    8950   17.90000000 -0.16078429E-06 -0.51178624E-06  0.41659926E-06   863.99999941   -23305.40725821
    8960   17.92000000 -0.20007688E-06 -0.59459188E-06  0.39072697E-06   863.99999941   -23305.40725805
    8970   17.94000000 -0.24017905E-06 -0.67049639E-06  0.37289813E-06   863.99999941   -23305.40725790
    8980   17.96000000 -0.28042081E-06 -0.73893317E-06  0.36340837E-06   863.99999940   -23305.40725774
    8990   17.98000000 -0.32010832E-06 -0.79942882E-06  0.36237473E-06   863.99999940   -23305.40725759
    9000   18.00000000 -0.35854976E-06 -0.85160687E-06  0.36971956E-06   863.99999940   -23305.40725744
    9010   18.02000000 -0.39507940E-06 -0.89519050E-06  0.38516064E-06   863.99999940   -23305.40725729
    9020   18.04000000 -0.42907789E-06 -0.93000647E-06  0.40820920E-06   863.99999940   -23305.40725714
    9030   18.06000000 -0.45998870E-06 -0.95598707E-06  0.43817520E-06   863.99999940   -23305.40725700
    9040   18.08000000 -0.48732893E-06 -0.97317129E-06  0.47418051E-06   863.99999940   -23305.40725685
    9050   18.10000000 -0.51069475E-06 -0.98170462E-06  0.51518066E-06   863.99999940   -23305.40725670
    9060   18.12000000 -0.52976173E-06 -0.98183627E-06  0.55999354E-06   863.99999940   -23305.40725656
    9070   18.14000000 -0.54428128E-06 -0.97391501E-06  0.60733339E-06   863.99999940   -23305.40725641
    9080   18.16000000 -0.55407301E-06 -0.95838217E-06  0.65585021E-06   863.99999940   -23305.40725626
    9090   18.18000000 -0.55901562E-06 -0.93576294E-06  0.70417165E-06   863.99999940   -23305.40725612
    9100   18.20000000 -0.55903704E-06 -0.90665462E-06  0.75094590E-06   863.99999940   -23305.40725597
    9110   18.22000000 -0.55410492E-06 -0.87171389E-06  0.79488354E-06   863.99999940   -23305.40725582
    9120   18.24000000 -0.54421928E-06 -0.83164178E-06  0.83479645E-06   863.99999940   -23305.40725567
    9130   18.26000000 -0.52940735E-06 -0.78716779E-06  0.86963231E-06   863.99999939   -23305.40725552
    9140   18.28000000 -0.50972125E-06 -0.73903296E-06  0.89850249E-06   863.99999939   -23305.40725537
    9150   18.30000000 -0.48523832E-06 -0.68797263E-06  0.92070277E-06   863.99999939   -23305.40725521
    9160   18.32000000 -0.45606486E-06 -0.63469925E-06  0.93572566E-06   863.99999939   -23305.40725506
    9170   18.34000000 -0.42234118E-06 -0.57988618E-06  0.94326414E-06   863.99999939   -23305.40725491
    9180   18.36000000 -0.38424805E-06 -0.52415254E-06  0.94320675E-06   863.99999939   -23305.40725476
    9190   18.38000000 -0.34201340E-06 -0.46805015E-06  0.93562541E-06   863.99999939   -23305.40725460
    9200   18.40000000 -0.29591804E-06 -0.41205265E-06  0.92075775E-06   863.99999939   -23305.40725445
    9210   18.42000000 -0.24630016E-06 -0.35654868E-06  0.89898321E-06   863.99999939   -23305.40725430
    9220   18.44000000 -0.19355733E-06 -0.30183732E-06  0.87079725E-06   863.99999939   -23305.40725415
    9230   18.46000000 -0.13814593E-06 -0.24812871E-06  0.83678479E-06   863.99999939   -23305.40725399
    9240   18.48000000 -0.80577929E-07 -0.19554814E-06  0.79759408E-06   863.99999939   -23305.40725384
    9250   18.50000000 -0.21415033E-07 -0.14414441E-06  0.75391338E-06   863.99999939   -23305.40725369
    9260   18.52000000  0.38739782E-07 -0.93901766E-07  0.70645135E-06   863.99999939   -23305.40725354
    9270   18.54000000  0.99251945E-07 -0.44755062E-07  0.65592215E-06   863.99999938   -23305.40725339
    9280   18.56000000  0.15946632E-06  0.33926212E-08  0.60303469E-06   863.99999938   -23305.40725323
    9290   18.58000000  0.21871921E-06  0.50651447E-07  0.54848690E-06   863.99999938   -23305.40725308
    9300   18.60000000  0.27635065E-06  0.97126471E-07  0.49296445E-06   863.99999938   -23305.40725293
    9310   18.62000000  0.33171597E-06  0.14290054E-06  0.43714183E-06   863.99999938   -23305.40725278
    9320   18.64000000  0.38419739E-06  0.18802004E-06  0.38168596E-06   863.99999938   -23305.40725262
    9330   18.66000000  0.43321471E-06  0.23248375E-06  0.32726092E-06   863.99999938   -23305.40725247
    9340   18.68000000  0.47823571E-06  0.27623648E-06  0.27453161E-06   863.99999938   -23305.40725232
    9350   18.70000000  0.51878540E-06  0.31916717E-06  0.22416730E-06   863.99999938   -23305.40725216
    9360   18.72000000  0.55445465E-06  0.36111157E-06  0.17684206E-06   863.99999938   -23305.40725200
    9370   18.74000000  0.58490831E-06  0.40185848E-06  0.13323267E-06   863.99999938   -23305.40725184
    9380   18.76000000  0.60989193E-06  0.44116025E-06  0.94012809E-07   863.99999938   -23305.40725168
    9390   18.78000000  0.62923720E-06  0.47874456E-06  0.59844224E-07   863.99999938   -23305.40725152
    9400   18.80000000  0.64286571E-06  0.51432807E-06  0.31363558E-07   863.99999938   -23305.40725136
    9410   18.82000000  0.65079050E-06  0.54763001E-06  0.91661977E-08   863.99999938   -23305.40725120
    9420   18.84000000  0.65311493E-06  0.57838506E-06 -0.62124143E-08   863.99999937   -23305.40725104
    9430   18.86000000  0.65002852E-06  0.60635454E-06 -0.14316983E-07   863.99999937   -23305.40725088
    9440   18.88000000  0.64179919E-06  0.63133557E-06 -0.14793528E-07   863.99999937   -23305.40725071
    9450   18.90000000  0.62876210E-06  0.65316790E-06 -0.74103924E-08   863.99999937   -23305.40725055
    9460   18.92000000  0.61130461E-06  0.67173814E-06  0.79239557E-08   863.99999937   -23305.40725040
    9470   18.94000000  0.58984890E-06  0.68698106E-06  0.31145289E-07   863.99999937   -23305.40725024
    9480   18.96000000  0.56483248E-06  0.69887916E-06  0.62023538E-07   863.99999937   -23305.40725008
    9490   18.98000000  0.53668745E-06  0.70745984E-06  0.10015769E-06   863.99999937   -23305.40724993
    9500   19.00000000  0.50582059E-06  0.71279017E-06  0.14497797E-06   863.99999937   -23305.40724977
    9510   19.02000000  0.47259552E-06  0.71497080E-06  0.19575421E-06   863.99999937   -23305.40724962
    9520   19.04000000  0.43731815E-06  0.71412813E-06  0.25161194E-06   863.99999937   -23305.40724947
    9530   19.06000000  0.40022715E-06  0.71040608E-06  0.31155505E-06   863.99999937   -23305.40724932
    9540   19.08000000  0.36148955E-06  0.70395729E-06  0.37449381E-06   863.99999937   -23305.40724917
    9550   19.10000000  0.32120320E-06  0.69493498E-06  0.43927765E-06   863.99999937   -23305.40724902
    9560   19.12000000  0.27940477E-06  0.68348588E-06  0.50473074E-06   863.99999937   -23305.40724888
    9570   19.14000000  0.23608319E-06  0.66974414E-06  0.56968869E-06   863.99999936   -23305.40724873
    9580   19.16000000  0.19119676E-06  0.65382808E-06  0.63303464E-06   863.99999936   -23305.40724858
    9590   19.18000000  0.14469403E-06  0.63583897E-06  0.69373272E-06   863.99999936   -23305.40724843
    9600   19.20000000  0.96534554E-07  0.61586272E-06  0.75085690E-06   863.99999936   -23305.40724828
    9610   19.22000000  0.46709057E-07  0.59397384E-06  0.80361444E-06   863.99999936   -23305.40724813
    9620   19.24000000 -0.47427006E-08  0.57024094E-06  0.85136280E-06   863.99999936   -23305.40724798
    9630   19.26000000 -0.57718703E-07  0.54473403E-06  0.89361962E-06   863.99999936   -23305.40724782
    9640   19.28000000 -0.11204533E-06  0.51753184E-06  0.93006543E-06   863.99999936   -23305.40724767
    9650   19.30000000 -0.16747385E-06  0.48872857E-06  0.96053999E-06   863.99999936   -23305.40724751
    9660   19.32000000 -0.22368215E-06  0.45843907E-06  0.98503250E-06   863.99999936   -23305.40724736
    9670   19.34000000 -0.28028084E-06  0.42680209E-06  0.10036674E-05   863.99999936   -23305.40724720
    9680   19.36000000 -0.33682275E-06  0.39398064E-06  0.10166867E-05   863.99999936   -23305.40724704
    9690   19.38000000 -0.39281469E-06  0.36015968E-06  0.10244296E-05   863.99999936   -23305.40724689
    9700   19.40000000 -0.44773086E-06  0.32554122E-06  0.10273109E-05   863.99999936   -23305.40724673
    9710   19.42000000 -0.50102541E-06  0.29033702E-06  0.10258000E-05   863.99999935   -23305.40724658
    9720   19.44000000 -0.55214425E-06  0.25476047E-06  0.10204002E-05   863.99999935   -23305.40724642
    9730   19.46000000 -0.60053498E-06  0.21901742E-06  0.10116294E-05   863.99999935   -23305.40724627
    9740   19.48000000 -0.64565471E-06  0.18329801E-06  0.10000032E-05   863.99999935   -23305.40724612
    9750   19.50000000 -0.68697653E-06  0.14776889E-06  0.98601904E-06   863.99999935   -23305.40724596
    9760   19.52000000 -0.72399499E-06  0.11256824E-06  0.97014460E-06   863.99999935   -23305.40724581
    9770   19.54000000 -0.75623141E-06  0.77802489E-07  0.95280620E-06   863.99999935   -23305.40724565
    9780   19.56000000 -0.78323891E-06  0.43546012E-07  0.93438090E-06   863.99999935   -23305.40724550
    9790   19.58000000 -0.80461001E-06  0.98426197E-08  0.91518954E-06   863.99999935   -23305.40724534
    9800   19.60000000 -0.81998555E-06 -0.23289807E-07  0.89549243E-06   863.99999935   -23305.40724518
    9810   19.62000000 -0.82906522E-06 -0.55853587E-07  0.87548657E-06   863.99999935   -23305.40724502
    9820   19.64000000 -0.83161974E-06 -0.87864792E-07  0.85530465E-06   863.99999935   -23305.40724486
    9830   19.66000000 -0.82750428E-06 -0.11934566E-06  0.83501615E-06   863.99999935   -23305.40724471
    9840   19.68000000 -0.81667088E-06 -0.15031755E-06  0.81463038E-06   863.99999935   -23305.40724455
    9850   19.70000000 -0.79917912E-06 -0.18079466E-06  0.79410139E-06   863.99999935   -23305.40724439
    9860   19.72000000 -0.77520436E-06 -0.21077870E-06  0.77333448E-06   863.99999934   -23305.40724424
    9870   19.74000000 -0.74504142E-06 -0.24025505E-06  0.75219516E-06   863.99999934   -23305.40724408
    9880   19.76000000 -0.70910272E-06 -0.26918990E-06  0.73051940E-06   863.99999934   -23305.40724393
    9890   19.78000000 -0.66791164E-06 -0.29752940E-06  0.70812595E-06   863.99999934   -23305.40724377
    9900   19.80000000 -0.62208970E-06 -0.32519948E-06  0.68482872E-06   863.99999934   -23305.40724362
    9910   19.82000000 -0.57233887E-06 -0.35210654E-06  0.66045070E-06   863.99999934   -23305.40724347
    9920   19.84000000 -0.51942066E-06 -0.37813947E-06  0.63483739E-06   863.99999934   -23305.40724331
    9930   19.86000000 -0.46413103E-06 -0.40317187E-06  0.60786990E-06   863.99999934   -23305.40724316
    9940   19.88000000 -0.40727547E-06 -0.42706485E-06  0.57947692E-06   863.99999934   -23305.40724300
    9950   19.90000000 -0.34964447E-06 -0.44967036E-06  0.54964486E-06   863.99999934   -23305.40724285
    9960   19.92000000 -0.29199003E-06 -0.47083406E-06  0.51842530E-06   863.99999934   -23305.40724269
    9970   19.94000000 -0.23500668E-06 -0.49039890E-06  0.48593953E-06   863.99999934   -23305.40724253
    9980   19.96000000 -0.17931668E-06 -0.50820843E-06  0.45237962E-06   863.99999934   -23305.40724237
    9990   19.98000000 -0.12545998E-06 -0.52410992E-06  0.41800582E-06   863.99999934   -23305.40724220
   10000   20.00000000 -0.73889510E-07 -0.53795761E-06  0.38314007E-06   863.99999934   -23305.40724204
   10010   20.02000000 -0.24972326E-07 -0.54961521E-06  0.34815597E-06   863.99999933   -23305.40724188
   10020   20.04000000  0.21005118E-07 -0.55895780E-06  0.31346584E-06   863.99999933   -23305.40724171
   10030   20.06000000  0.63828279E-07 -0.56587315E-06  0.27950484E-06   863.99999933   -23305.40724155
   10040   20.08000000  0.10334288E-06 -0.57026215E-06  0.24671382E-06   863.99999933   -23305.40724139
   10050   20.10000000  0.13944163E-06 -0.57203837E-06  0.21552139E-06   863.99999933   -23305.40724123
   10060   20.12000000  0.17205205E-06 -0.57112705E-06  0.18632694E-06   863.99999933   -23305.40724107
   10070   20.14000000  0.20112463E-06 -0.56746324E-06  0.15948480E-06   863.99999933   -23305.40724091
   10080   20.16000000  0.22662383E-06 -0.56098940E-06  0.13529083E-06   863.99999933   -23305.40724075
   10090   20.18000000  0.24852297E-06 -0.55165354E-06  0.11397291E-06   863.99999933   -23305.40724060
   10100   20.20000000  0.26680185E-06 -0.53940753E-06  0.95684629E-07   863.99999933   -23305.40724044
   10110   20.22000000  0.28144878E-06 -0.52420659E-06  0.80503290E-07   863.99999933   -23305.40724029
   10120   20.24000000  0.29246596E-06 -0.50600935E-06  0.68432117E-07   863.99999933   -23305.40724013
   10130   20.26000000  0.29987776E-06 -0.48478005E-06  0.59405004E-07   863.99999933   -23305.40723998
   10140   20.28000000  0.30374089E-06 -0.46049179E-06  0.53294948E-07   863.99999933   -23305.40723982
   10150   20.30000000  0.30415470E-06 -0.43313136E-06  0.49924140E-07   863.99999933   -23305.40723967
   10160   20.32000000  0.30127030E-06 -0.40270530E-06  0.49074938E-07   863.99999932   -23305.40723951
   10170   20.34000000  0.29529802E-06 -0.36924628E-06  0.50500779E-07   863.99999932   -23305.40723936
   10180   20.36000000  0.28651094E-06 -0.33282017E-06  0.53936315E-07   863.99999932   -23305.40723921
   10190   20.38000000  0.27524420E-06 -0.29353284E-06  0.59106031E-07   863.99999932   -23305.40723905
   10200   20.40000000  0.26188944E-06 -0.25153538E-06  0.65731232E-07   863.99999932   -23305.40723890
   10210   20.42000000  0.24688478E-06 -0.20702823E-06  0.73534368E-07   863.99999932   -23305.40723875
   10220   20.44000000  0.23069964E-06 -0.16026363E-06  0.82242064E-07   863.99999932   -23305.40723859
   10230   20.46000000  0.21381705E-06 -0.11154573E-06  0.91586652E-07   863.99999932   -23305.40723844
   10240   20.48000000  0.19671321E-06 -0.61228296E-07  0.10130715E-06   863.99999932   -23305.40723829
   10250   20.50000000  0.17983674E-06 -0.97100845E-08  0.11114987E-06   863.99999932   -23305.40723814
   10260   20.52000000  0.16358820E-06  0.42571809E-07  0.12087004E-06   863.99999932   -23305.40723799
   10270   20.54000000  0.14830263E-06  0.95151270E-07  0.13023414E-06   863.99999932   -23305.40723784
   10280   20.56000000  0.13423537E-06  0.14754334E-06  0.13902369E-06   863.99999932   -23305.40723769
   10290   20.58000000  0.12155247E-06  0.19925552E-06  0.14704128E-06   863.99999932   -23305.40723754
   10300   20.60000000  0.11032638E-06  0.24980064E-06  0.15411790E-06   863.99999931   -23305.40723739
   10310   20.62000000  0.10053632E-06  0.29870917E-06  0.16012145E-06   863.99999931   -23305.40723724
   10320   20.64000000  0.92073933E-07  0.34554162E-06  0.16496587E-06   863.99999931   -23305.40723709
   10330   20.66000000  0.84752770E-07  0.38989936E-06  0.16862123E-06   863.99999931   -23305.40723694
   10340   20.68000000  0.78320913E-07  0.43143508E-06  0.17112223E-06   863.99999931   -23305.40723679
   10350   20.70000000  0.72475785E-07  0.46986059E-06  0.17257564E-06   863.99999931   -23305.40723663
   10360   20.72000000  0.66879784E-07  0.50495337E-06  0.17316580E-06   863.99999931   -23305.40723648
   10370   20.74000000  0.61176435E-07  0.53655989E-06  0.17315688E-06   863.99999931   -23305.40723633
   10380   20.76000000  0.55005952E-07  0.56459734E-06  0.17289169E-06   863.99999931   -23305.40723618
   10390   20.78000000  0.48020089E-07  0.58905226E-06  0.17278740E-06   863.99999931   -23305.40723603
   10400   20.80000000  0.39896012E-07  0.60997603E-06  0.17332654E-06   863.99999931   -23305.40723587
   10410   20.82000000  0.30349218E-07  0.62747800E-06  0.17504436E-06   863.99999931   -23305.40723572
   10420   20.84000000  0.19144704E-07  0.64171621E-06  0.17851304E-06   863.99999931   -23305.40723558
   10430   20.86000000  0.61071802E-08  0.65288619E-06  0.18432327E-06   863.99999931   -23305.40723543
   10440   20.88000000 -0.88697779E-08  0.66120728E-06  0.19306300E-06   863.99999931   -23305.40723528
   10450   20.90000000 -0.25817337E-07  0.66690882E-06  0.20529578E-06   863.99999930   -23305.40723514
   10460   20.92000000 -0.44686732E-07  0.67021627E-06  0.22153906E-06   863.99999930   -23305.40723499
   10470   20.94000000 -0.65348114E-07  0.67133740E-06  0.24224298E-06   863.99999930   -23305.40723485
   10480   20.96000000 -0.87592002E-07  0.67045073E-06  0.26777161E-06   863.99999930   -23305.40723471
   10490   20.98000000 -0.11113524E-06  0.66769588E-06  0.29838668E-06   863.99999930   -23305.40723457
   10500   21.00000000 -0.13563010E-06  0.66316635E-06  0.33423478E-06   863.99999930   -23305.40723443
   10510   21.02000000 -0.16067646E-06  0.65690537E-06  0.37533837E-06   863.99999930   -23305.40723430
   10520   21.04000000 -0.18583784E-06  0.64890520E-06  0.42159075E-06   863.99999930   -23305.40723416
   10530   21.06000000 -0.21065900E-06  0.63910936E-06  0.47275505E-06   863.99999930   -23305.40723402
   10540   21.08000000 -0.23468428E-06  0.62741720E-06  0.52846762E-06   863.99999930   -23305.40723389
   10550   21.10000000 -0.25747587E-06  0.61369065E-06  0.58824445E-06   863.99999930   -23305.40723375
   10560   21.12000000 -0.27863105E-06  0.59776302E-06  0.65149163E-06   863.99999930   -23305.40723361
   10570   21.14000000 -0.29779756E-06  0.57944889E-06  0.71751821E-06   863.99999930   -23305.40723348
   10580   21.16000000 -0.31468554E-06  0.55855497E-06  0.78555199E-06   863.99999930   -23305.40723334
   10590   21.18000000 -0.32907610E-06  0.53489069E-06  0.85475778E-06   863.99999930   -23305.40723320
   10600   21.20000000 -0.34082656E-06  0.50827941E-06  0.92425574E-06   863.99999929   -23305.40723306
   10610   21.22000000 -0.34987167E-06  0.47856921E-06  0.99314223E-06   863.99999929   -23305.40723292
   10620   21.24000000 -0.35622145E-06  0.44564255E-06  0.10605097E-05   863.99999929   -23305.40723278
   10630   21.26000000 -0.35995632E-06  0.40942556E-06  0.11254661E-05   863.99999929   -23305.40723264
   10640   21.28000000 -0.36121856E-06  0.36989597E-06  0.11871528E-05   863.99999929   -23305.40723249
   10650   21.30000000 -0.36020196E-06  0.32708957E-06  0.12447610E-05   863.99999929   -23305.40723235
   10660   21.32000000 -0.35714005E-06  0.28110514E-06  0.12975440E-05   863.99999929   -23305.40723221
   10670   21.34000000 -0.35229295E-06  0.23210815E-06  0.13448269E-05   863.99999929   -23305.40723206
   10680   21.36000000 -0.34593352E-06  0.18033262E-06  0.13860119E-05   863.99999929   -23305.40723192
   10690   21.38000000 -0.33833366E-06  0.12608124E-06  0.14205811E-05   863.99999929   -23305.40723178
   10700   21.40000000 -0.32975117E-06  0.69723740E-07  0.14480959E-05   863.99999929   -23305.40723163
   10710   21.42000000 -0.32041804E-06  0.11693841E-07  0.14681924E-05   863.99999929   -23305.40723149
   10720   21.44000000 -0.31053008E-06 -0.47515502E-07  0.14805772E-05   863.99999929   -23305.40723134
   10730   21.46000000 -0.30023951E-06 -0.10735835E-06  0.14850220E-05   863.99999929   -23305.40723120
   10740   21.48000000 -0.28964984E-06 -0.16724401E-06  0.14813585E-05   863.99999928   -23305.40723105
   10750   21.50000000 -0.27881386E-06 -0.22654588E-06  0.14694759E-05   863.99999928   -23305.40723091
   10760   21.52000000 -0.26773444E-06 -0.28461269E-06  0.14493197E-05   863.99999928   -23305.40723076
   10770   21.54000000 -0.25636795E-06 -0.34078055E-06  0.14208950E-05   863.99999928   -23305.40723062
   10780   21.56000000 -0.24463014E-06 -0.39438678E-06  0.13842707E-05   863.99999928   -23305.40723047
   10790   21.58000000 -0.23240350E-06 -0.44478466E-06  0.13395872E-05   863.99999928   -23305.40723033
   10800   21.60000000 -0.21954568E-06 -0.49135877E-06  0.12870660E-05   863.99999928   -23305.40723018
   10810   21.62000000 -0.20589808E-06 -0.53354059E-06  0.12270188E-05   863.99999928   -23305.40723003
   10820   21.64000000 -0.19129476E-06 -0.57082431E-06  0.11598565E-05   863.99999928   -23305.40722989
   10830   21.66000000 -0.17557024E-06 -0.60278124E-06  0.10860949E-05   863.99999928   -23305.40722974
   10840   21.68000000 -0.15856602E-06 -0.62907306E-06  0.10063586E-05   863.99999928   -23305.40722959
   10850   21.70000000 -0.14013714E-06 -0.64946222E-06  0.92137958E-06   863.99999928   -23305.40722944
   10860   21.72000000 -0.12015661E-06 -0.66382061E-06  0.83199171E-06   863.99999928   -23305.40722929
   10870   21.74000000 -0.98520042E-07 -0.67213425E-06  0.73912036E-06   863.99999928   -23305.40722914
   10880   21.76000000 -0.75149957E-07 -0.67450469E-06  0.64376732E-06   863.99999928   -23305.40722899
   10890   21.78000000 -0.49999470E-07 -0.67114712E-06  0.54699230E-06   863.99999927   -23305.40722884
   10900   21.80000000 -0.23057288E-07 -0.66238463E-06  0.44989231E-06   863.99999927   -23305.40722869
   10910   21.82000000  0.56476412E-08 -0.64863931E-06  0.35357831E-06   863.99999927   -23305.40722854
   10920   21.84000000  0.36040726E-07 -0.63042005E-06  0.25915225E-06   863.99999927   -23305.40722839
   10930   21.86000000  0.67996642E-07 -0.60830769E-06  0.16768468E-06   863.99999927   -23305.40722824
   10940   21.88000000  0.10133460E-06 -0.58293875E-06  0.80193774E-07   863.99999927   -23305.40722809
   10950   21.90000000  0.13581515E-06 -0.55498598E-06 -0.23730250E-08   863.99999927   -23305.40722794
   10960   21.92000000  0.17113912E-06 -0.52513856E-06 -0.79155128E-07   863.99999927   -23305.40722779
   10970   21.94000000  0.20694875E-06 -0.49408200E-06 -0.14939094E-06   863.99999927   -23305.40722764
   10980   21.96000000  0.24283268E-06 -0.46247711E-06 -0.21242764E-06   863.99999927   -23305.40722750
   10990   21.98000000  0.27833378E-06 -0.43094078E-06 -0.26772723E-06   863.99999927   -23305.40722735
   11000   22.00000000  0.31296002E-06 -0.40002737E-06 -0.31487020E-06   863.99999927   -23305.40722720
   11010   22.02000000  0.34619808E-06 -0.37021227E-06 -0.35355618E-06   863.99999927   -23305.40722705
   11020   22.04000000  0.37752850E-06 -0.34187826E-06 -0.38360207E-06   863.99999927   -23305.40722691
   11030   22.06000000  0.40644107E-06 -0.31530501E-06 -0.40493819E-06   863.99999927   -23305.40722676
   11040   22.08000000  0.43245020E-06 -0.29066241E-06 -0.41760312E-06   863.99999926   -23305.40722661
   11050   22.10000000  0.45510808E-06 -0.26800779E-06 -0.42173647E-06   863.99999926   -23305.40722647
   11060   22.12000000  0.47401529E-06 -0.24728659E-06 -0.41757096E-06   863.99999926   -23305.40722632
   11070   22.14000000  0.48882931E-06 -0.22833755E-06 -0.40542374E-06   863.99999926   -23305.40722618
   11080   22.16000000  0.49926918E-06 -0.21090190E-06 -0.38568755E-06   863.99999926   -23305.40722604
   11090   22.18000000  0.50511791E-06 -0.19463530E-06 -0.35882120E-06   863.99999926   -23305.40722589
   11100   22.20000000  0.50622249E-06 -0.17912350E-06 -0.32534013E-06   863.99999926   -23305.40722575
   11110   22.22000000  0.50249231E-06 -0.16389977E-06 -0.28580663E-06   863.99999926   -23305.40722561
   11120   22.24000000  0.49389772E-06 -0.14846479E-06 -0.24082006E-06   863.99999926   -23305.40722547
   11130   22.26000000  0.48046848E-06 -0.13230724E-06 -0.19100742E-06   863.99999926   -23305.40722533
   11140   22.28000000  0.46229267E-06 -0.11492523E-06 -0.13701299E-06   863.99999926   -23305.40722519
   11150   22.30000000  0.43951757E-06 -0.95847294E-07 -0.79488576E-07   863.99999926   -23305.40722504
   11160   22.32000000  0.41235133E-06 -0.74652491E-07 -0.19083937E-07   863.99999926   -23305.40722490
   11170   22.34000000  0.38106557E-06 -0.50988773E-07  0.43562263E-07   863.99999926   -23305.40722475
   11180   22.36000000  0.34599885E-06 -0.24588513E-07  0.10783053E-06   863.99999925   -23305.40722461
   11190   22.38000000  0.30755988E-06  0.47191134E-08  0.17312690E-06   863.99999925   -23305.40722446
   11200   22.40000000  0.26622908E-06  0.36999362E-07  0.23888755E-06   863.99999925   -23305.40722431
   11210   22.42000000  0.22255925E-06  0.72208058E-07  0.30458137E-06   863.99999925   -23305.40722416
   11220   22.44000000  0.17717399E-06  0.11019220E-06  0.36971059E-06   863.99999925   -23305.40722400
   11230   22.46000000  0.13076247E-06  0.15069516E-06  0.43380885E-06   863.99999925   -23305.40722385
   11240   22.48000000  0.84071098E-07  0.19336608E-06  0.49643833E-06   863.99999925   -23305.40722370
   11250   22.50000000  0.37892322E-07  0.23777296E-06  0.55718568E-06   863.99999925   -23305.40722354
   11260   22.52000000 -0.69499937E-08  0.28341888E-06  0.61565791E-06   863.99999925   -23305.40722339
   11270   22.54000000 -0.49617958E-07  0.32976002E-06  0.67147840E-06   863.99999925   -23305.40722324
   11280   22.56000000 -0.89279678E-07  0.37622442E-06  0.72428422E-06   863.99999925   -23305.40722309
   11290   22.58000000 -0.12513017E-06  0.42223097E-06  0.77372575E-06   863.99999925   -23305.40722295
   11300   22.60000000 -0.15641336E-06  0.46720709E-06  0.81946757E-06   863.99999925   -23305.40722280
   11310   22.62000000 -0.18244360E-06  0.51060462E-06  0.86119173E-06   863.99999925   -23305.40722266
   11320   22.64000000 -0.20262620E-06  0.55191320E-06  0.89860237E-06   863.99999925   -23305.40722251
   11330   22.66000000 -0.21647567E-06  0.59067157E-06  0.93143232E-06   863.99999924   -23305.40722237
   11340   22.68000000 -0.22363159E-06  0.62647525E-06  0.95944921E-06   863.99999924   -23305.40722222
   11350   22.70000000 -0.22387091E-06  0.65898208E-06  0.98246228E-06   863.99999924   -23305.40722208
   11360   22.72000000 -0.21711696E-06  0.68791447E-06  0.10003289E-05   863.99999924   -23305.40722194
   11370   22.74000000 -0.20344407E-06  0.71305980E-06  0.10129593E-05   863.99999924   -23305.40722180
   11380   22.76000000 -0.18307815E-06  0.73426829E-06  0.10203204E-05   863.99999924   -23305.40722165
   11390   22.78000000 -0.15639380E-06  0.75144900E-06  0.10224393E-05   863.99999924   -23305.40722151
   11400   22.80000000 -0.12390798E-06  0.76456427E-06  0.10194040E-05   863.99999924   -23305.40722137
   11410   22.82000000 -0.86270167E-07  0.77362339E-06  0.10113648E-05   863.99999924   -23305.40722123
   11420   22.84000000 -0.44249706E-07  0.77867435E-06  0.99853501E-06   863.99999924   -23305.40722109
   11430   22.86000000  0.12787115E-08  0.77979628E-06  0.98119062E-06   863.99999924   -23305.40722095
   11440   22.88000000  0.49351930E-07  0.77709121E-06  0.95967100E-06   863.99999924   -23305.40722081
   11450   22.90000000  0.98936479E-07  0.77067623E-06  0.93437938E-06   863.99999924   -23305.40722067
   11460   22.92000000  0.14894791E-06  0.76067663E-06  0.90578241E-06   863.99999924   -23305.40722053
   11470   22.94000000  0.19827106E-06  0.74722018E-06  0.87440973E-06   863.99999924   -23305.40722039
   11480   22.96000000  0.24578099E-06  0.73043278E-06  0.84085202E-06   863.99999923   -23305.40722025
   11490   22.98000000  0.29036490E-06  0.71043526E-06  0.80575697E-06   863.99999923   -23305.40722011
   11500   23.00000000  0.33094432E-06  0.68734199E-06  0.76982324E-06   863.99999923   -23305.40721997
   11510   23.02000000  0.36649746E-06  0.66126027E-06  0.73379115E-06   863.99999923   -23305.40721982
   11520   23.04000000  0.39608217E-06  0.63229063E-06  0.69842929E-06   863.99999923   -23305.40721968
   11530   23.06000000  0.41885889E-06  0.60052720E-06  0.66451829E-06   863.99999923   -23305.40721953
   11540   23.08000000  0.43411276E-06  0.56605899E-06  0.63283076E-06   863.99999923   -23305.40721938
   11550   23.10000000  0.44127433E-06  0.52897017E-06  0.60410828E-06   863.99999923   -23305.40721923
   11560   23.12000000  0.43993851E-06  0.48934056E-06  0.57903537E-06   863.99999923   -23305.40721908
   11570   23.14000000  0.42988063E-06  0.44724537E-06  0.55821358E-06   863.99999923   -23305.40721893
   11580   23.16000000  0.41106738E-06  0.40275488E-06  0.54213438E-06   863.99999923   -23305.40721878
   11590   23.18000000  0.38366326E-06  0.35593472E-06  0.53115445E-06   863.99999923   -23305.40721862
   11600   23.20000000  0.34803054E-06  0.30684600E-06  0.52547378E-06   863.99999923   -23305.40721847
   11610   23.22000000  0.30472200E-06  0.25554672E-06  0.52511881E-06   863.99999923   -23305.40721832
   11620   23.24000000  0.25446608E-06  0.20209422E-06  0.52993178E-06   863.99999922   -23305.40721817
   11630   23.26000000  0.19814531E-06  0.14654862E-06  0.53956727E-06   863.99999922   -23305.40721803
   11640   23.28000000  0.13676869E-06  0.88978593E-07  0.55349692E-06   863.99999922   -23305.40721788
   11650   23.30000000  0.71438038E-07  0.29467263E-07  0.57102198E-06   863.99999922   -23305.40721773
   11660   23.32000000  0.33115497E-08 -0.31879850E-07  0.59129423E-06   863.99999922   -23305.40721758
   11670   23.34000000 -0.66433492E-07 -0.94925978E-07  0.61334378E-06   863.99999922   -23305.40721744
   11680   23.36000000 -0.13663715E-06 -0.15949459E-06  0.63611295E-06   863.99999922   -23305.40721729
   11690   23.38000000 -0.20618947E-06 -0.22536022E-06  0.65849336E-06   863.99999922   -23305.40721714
   11700   23.40000000 -0.27405816E-06 -0.29223994E-06  0.67936586E-06   863.99999922   -23305.40721700
   11710   23.42000000 -0.33930891E-06 -0.35978482E-06  0.69764047E-06   863.99999922   -23305.40721686
   11720   23.44000000 -0.40111833E-06 -0.42757365E-06  0.71229362E-06   863.99999922   -23305.40721671
   11730   23.46000000 -0.45877955E-06 -0.49510761E-06  0.72240299E-06   863.99999922   -23305.40721657
   11740   23.48000000 -0.51170028E-06 -0.56180641E-06  0.72717644E-06   863.99999922   -23305.40721642
   11750   23.50000000 -0.55939540E-06 -0.62700746E-06  0.72597544E-06   863.99999922   -23305.40721628
   11760   23.52000000 -0.60147506E-06 -0.68996806E-06  0.71833267E-06   863.99999922   -23305.40721613
   11770   23.54000000 -0.63763090E-06 -0.74987000E-06  0.70396244E-06   863.99999921   -23305.40721599
   11780   23.56000000 -0.66762164E-06 -0.80582937E-06  0.68276471E-06   863.99999921   -23305.40721584
   11790   23.58000000 -0.69126018E-06 -0.85691099E-06  0.65482453E-06   863.99999921   -23305.40721569
   11800   23.60000000 -0.70840252E-06 -0.90214716E-06  0.62040542E-06   863.99999921   -23305.40721554
   11810   23.62000000 -0.71894053E-06 -0.94056184E-06  0.57993855E-06   863.99999921   -23305.40721539
   11820   23.64000000 -0.72279870E-06 -0.97119915E-06  0.53400836E-06   863.99999921   -23305.40721524
   11830   23.66000000 -0.71993384E-06 -0.99315556E-06  0.48333574E-06   863.99999921   -23305.40721508
   11840   23.68000000 -0.71033771E-06 -0.10056148E-05  0.42875796E-06   863.99999921   -23305.40721493
   11850   23.70000000 -0.69404160E-06 -0.10078825E-05  0.37120716E-06   863.99999921   -23305.40721478
   11860   23.72000000 -0.67112289E-06 -0.99942115E-06  0.31168710E-06   863.99999921   -23305.40721463
   11870   23.74000000 -0.64171127E-06 -0.97987912E-06  0.25124954E-06   863.99999921   -23305.40721448
   11880   23.76000000 -0.60599442E-06 -0.94911559E-06  0.19096949E-06   863.99999921   -23305.40721433
   11890   23.78000000 -0.56422327E-06 -0.90721745E-06  0.13192102E-06   863.99999921   -23305.40721419
   11900   23.80000000 -0.51671552E-06 -0.85450726E-06  0.75153559E-07   863.99999921   -23305.40721404
   11910   23.82000000 -0.46385738E-06 -0.79154163E-06  0.21668752E-07   863.99999921   -23305.40721390
   11920   23.84000000 -0.40610351E-06 -0.71909949E-06 -0.27600193E-07   863.99999920   -23305.40721376
   11930   23.86000000 -0.34397499E-06 -0.63816190E-06 -0.71807314E-07   863.99999920   -23305.40721362
   11940   23.88000000 -0.27805526E-06 -0.54988317E-06 -0.11021083E-06   863.99999920   -23305.40721348
   11950   23.90000000 -0.20898428E-06 -0.45555636E-06 -0.14218605E-06   863.99999920   -23305.40721334
   11960   23.92000000 -0.13745040E-06 -0.35657490E-06 -0.16723573E-06   863.99999920   -23305.40721320
   11970   23.94000000 -0.64180997E-07 -0.25439169E-06 -0.18499675E-06   863.99999920   -23305.40721306
   11980   23.96000000  0.10069174E-07 -0.15047918E-06 -0.19524389E-06   863.99999920   -23305.40721292
   11990   23.98000000  0.84530374E-07 -0.46291141E-07 -0.19788997E-06   863.99999920   -23305.40721278
   12000   24.00000000  0.15843130E-06  0.56771034E-07 -0.19298329E-06   863.99999920   -23305.40721264
   12010   24.02000000  0.23101239E-06  0.15738731E-06 -0.18070248E-06   863.99999920   -23305.40721250
   12020   24.04000000  0.30153915E-06  0.25434198E-06 -0.16134935E-06   863.99999920   -23305.40721236
   12030   24.06000000  0.36931438E-06  0.34654055E-06 -0.13534001E-06   863.99999920   -23305.40721222
   12040   24.08000000  0.43368827E-06  0.43302081E-06 -0.10319589E-06   863.99999920   -23305.40721207
   12050   24.10000000  0.49406669E-06  0.51295819E-06 -0.65533802E-07   863.99999920   -23305.40721193
   12060   24.12000000  0.54991684E-06  0.58566732E-06 -0.23056952E-07   863.99999919   -23305.40721178
   12070   24.14000000  0.60076971E-06  0.65060009E-06  0.23453905E-07   863.99999919   -23305.40721163
   12080   24.16000000  0.64622063E-06  0.70734154E-06  0.73148313E-07   863.99999919   -23305.40721148
   12090   24.18000000  0.68592694E-06  0.75560459E-06  0.12511414E-06   863.99999919   -23305.40721133
   12100   24.20000000  0.71960484E-06  0.79522460E-06  0.17838456E-06   863.99999919   -23305.40721117
   12110   24.22000000  0.74702457E-06  0.82615467E-06  0.23194666E-06   863.99999919   -23305.40721102
   12120   24.24000000  0.76800579E-06  0.84846075E-06  0.28475104E-06   863.99999919   -23305.40721086
   12130   24.26000000  0.78241325E-06  0.86231843E-06  0.33572339E-06   863.99999919   -23305.40721071
   12140   24.28000000  0.79015382E-06  0.86800919E-06  0.38377906E-06   863.99999919   -23305.40721055
   12150   24.30000000  0.79117515E-06  0.86591679E-06  0.42784082E-06   863.99999919   -23305.40721040
   12160   24.32000000  0.78546553E-06  0.85652239E-06  0.46685961E-06   863.99999919   -23305.40721024
   12170   24.34000000  0.77305644E-06  0.84039743E-06  0.49983820E-06   863.99999919   -23305.40721008
   12180   24.36000000  0.75402591E-06  0.81819473E-06  0.52585775E-06   863.99999919   -23305.40720993
   12190   24.38000000  0.72850311E-06  0.79063585E-06  0.54410458E-06   863.99999919   -23305.40720977
   12200   24.40000000  0.69667426E-06  0.75849568E-06  0.55389737E-06   863.99999919   -23305.40720962
   12210   24.42000000  0.65878853E-06  0.72258411E-06  0.55471312E-06   863.99999918   -23305.40720947
   12220   24.44000000  0.61516253E-06  0.68372525E-06  0.54621101E-06   863.99999918   -23305.40720932
   12230   24.46000000  0.56618498E-06  0.64273519E-06  0.52825108E-06   863.99999918   -23305.40720917
   12240   24.48000000  0.51231883E-06  0.60039975E-06  0.50090927E-06   863.99999918   -23305.40720902
   12250   24.50000000  0.45410153E-06  0.55745390E-06  0.46448576E-06   863.99999918   -23305.40720887
   12260   24.52000000  0.39214250E-06  0.51456271E-06  0.41950741E-06   863.99999918   -23305.40720872
   12270   24.54000000  0.32711719E-06  0.47230684E-06  0.36672319E-06   863.99999918   -23305.40720858
   12280   24.56000000  0.25975790E-06  0.43117271E-06  0.30709302E-06   863.99999918   -23305.40720843
   12290   24.58000000  0.19084132E-06  0.39154768E-06  0.24176999E-06   863.99999918   -23305.40720828
   12300   24.60000000  0.12117332E-06  0.35372038E-06  0.17207692E-06   863.99999918   -23305.40720814
   12310   24.62000000  0.51570891E-07  0.31788585E-06  0.99477791E-07   863.99999918   -23305.40720799
   12320   24.64000000 -0.17158025E-07  0.28415540E-06  0.25544852E-07   863.99999918   -23305.40720784
   12330   24.66000000 -0.84235307E-07  0.25256818E-06 -0.48077342E-07   863.99999918   -23305.40720769
   12340   24.68000000 -0.14893287E-06  0.22310465E-06 -0.11970904E-06   863.99999918   -23305.40720753
   12350   24.70000000 -0.21059204E-06  0.19570004E-06 -0.18767241E-06   863.99999918   -23305.40720738
   12360   24.72000000 -0.26863996E-06  0.17025645E-06 -0.25032859E-06   863.99999917   -23305.40720723
   12370   24.74000000 -0.32260255E-06  0.14665276E-06 -0.30611199E-06   863.99999917   -23305.40720707
   12380   24.76000000 -0.37211355E-06  0.12475081E-06 -0.35356140E-06   863.99999917   -23305.40720691
   12390   24.78000000 -0.41691868E-06  0.10439942E-06 -0.39134755E-06   863.99999917   -23305.40720676
   12400   24.80000000 -0.45687478E-06  0.85434815E-07 -0.41829712E-06   863.99999917   -23305.40720660
   12410   24.82000000 -0.49194498E-06  0.67679106E-07 -0.43341201E-06   863.99999917   -23305.40720645
   12420   24.84000000 -0.52218955E-06  0.50936577E-07 -0.43588565E-06   863.99999917   -23305.40720629
   12430   24.86000000 -0.54775334E-06  0.34990113E-07 -0.42511543E-06   863.99999917   -23305.40720613
   12440   24.88000000 -0.56885141E-06  0.19597736E-07 -0.40071238E-06   863.99999917   -23305.40720598
   12450   24.90000000 -0.58575309E-06  0.44906401E-08 -0.36250801E-06   863.99999917   -23305.40720582
   12460   24.92000000 -0.59876558E-06 -0.10625724E-07 -0.31055867E-06   863.99999917   -23305.40720567
   12470   24.94000000 -0.60821878E-06 -0.26069439E-07 -0.24514803E-06   863.99999917   -23305.40720551
   12480   24.96000000 -0.61445157E-06 -0.42175662E-07 -0.16678655E-06   863.99999917   -23305.40720536
   12490   24.98000000 -0.61779996E-06 -0.59288056E-07 -0.76208535E-07   863.99999917   -23305.40720520
   12500   25.00000000 -0.61858882E-06 -0.77747602E-07  0.25635114E-07   863.99999916   -23305.40720505
   12510   25.02000000 -0.61712634E-06 -0.97880012E-07  0.13758688E-06   863.99999916   -23305.40720490
   12520   25.04000000 -0.61370154E-06 -0.11998178E-06  0.25829794E-06   863.99999916   -23305.40720474
   12530   25.06000000 -0.60858491E-06 -0.14430639E-06  0.38624757E-06   863.99999916   -23305.40720459
   12540   25.08000000 -0.60203129E-06 -0.17105136E-06  0.51976796E-06   863.99999916   -23305.40720444
   12550   25.10000000 -0.59428431E-06 -0.20034740E-06  0.65707291E-06   863.99999916   -23305.40720429
   12560   25.12000000 -0.58558180E-06 -0.23224919E-06  0.79629031E-06   863.99999916   -23305.40720414
   12570   25.14000000 -0.57616113E-06 -0.26672923E-06  0.93549779E-06   863.99999916   -23305.40720400
   12580   25.16000000 -0.56626274E-06 -0.30367542E-06  0.10727599E-05   863.99999916   -23305.40720385
   12590   25.18000000 -0.55613200E-06 -0.34289178E-06  0.12061656E-05   863.99999916   -23305.40720370
   12600   25.20000000 -0.54601733E-06 -0.38410159E-06  0.13338644E-05   863.99999916   -23305.40720356
   12610   25.22000000 -0.53616524E-06 -0.42695416E-06  0.14541004E-05   863.99999916   -23305.40720341
   12620   25.24000000 -0.52681113E-06 -0.47103296E-06  0.15652426E-05   863.99999916   -23305.40720326
   12630   25.26000000 -0.51816639E-06 -0.51586578E-06  0.16658094E-05   863.99999916   -23305.40720312
   12640   25.28000000 -0.51040246E-06 -0.56093506E-06  0.17544900E-05   863.99999916   -23305.40720297
   12650   25.30000000 -0.50363284E-06 -0.60568925E-06  0.18301591E-05   863.99999915   -23305.40720282
   12660   25.32000000 -0.49789410E-06 -0.64955348E-06  0.18918864E-05   863.99999915   -23305.40720268
   12670   25.34000000 -0.49312813E-06 -0.69193904E-06  0.19389425E-05   863.99999915   -23305.40720253
   12680   25.36000000 -0.48916708E-06 -0.73225222E-06  0.19707995E-05   863.99999915   -23305.40720239
   12690   25.38000000 -0.48572263E-06 -0.76990242E-06  0.19871297E-05   863.99999915   -23305.40720224
   12700   25.40000000 -0.48238085E-06 -0.80430909E-06  0.19878012E-05   863.99999915   -23305.40720210
   12710   25.42000000 -0.47860513E-06 -0.83490798E-06  0.19728712E-05   863.99999915   -23305.40720196
   12720   25.44000000 -0.47374590E-06 -0.86115739E-06  0.19425795E-05   863.99999915   -23305.40720182
   12730   25.46000000 -0.46705910E-06 -0.88254402E-06  0.18973401E-05   863.99999915   -23305.40720169
   12740   25.48000000 -0.45773224E-06 -0.89858954E-06  0.18377322E-05   863.99999915   -23305.40720155
   12750   25.50000000 -0.44491737E-06 -0.90885799E-06  0.17644906E-05   863.99999915   -23305.40720141
   12760   25.52000000 -0.42776898E-06 -0.91296385E-06  0.16784954E-05   863.99999915   -23305.40720128
   12770   25.54000000 -0.40548607E-06 -0.91058052E-06  0.15807601E-05   863.99999915   -23305.40720114
   12780   25.56000000 -0.37735488E-06 -0.90145096E-06  0.14724191E-05   863.99999915   -23305.40720101
   12790   25.58000000 -0.34279101E-06 -0.88539756E-06  0.13547133E-05   863.99999915   -23305.40720088
   12800   25.60000000 -0.30137760E-06 -0.86233207E-06  0.12289742E-05   863.99999914   -23305.40720074
   12810   25.62000000 -0.25289829E-06 -0.83226517E-06  0.10966078E-05   863.99999914   -23305.40720061
   12820   25.64000000 -0.19736171E-06 -0.79531413E-06  0.95907579E-06   863.99999914   -23305.40720047
   12830   25.66000000 -0.13501749E-06 -0.75170805E-06  0.81787642E-06   863.99999914   -23305.40720033
   12840   25.68000000 -0.66361595E-07 -0.70178969E-06  0.67452471E-06   863.99999914   -23305.40720020
   12850   25.70000000  0.78687733E-08 -0.64601351E-06  0.53053175E-06   863.99999914   -23305.40720006
   12860   25.72000000  0.86710629E-07 -0.58493958E-06  0.38738448E-06   863.99999914   -23305.40719992
   12870   25.74000000  0.16899969E-06 -0.51922280E-06  0.24652542E-06   863.99999914   -23305.40719978
   12880   25.76000000  0.25340299E-06 -0.44959832E-06  0.10933345E-06   863.99999914   -23305.40719964
   12890   25.78000000  0.33845771E-06 -0.37686315E-06 -0.22893513E-07   863.99999914   -23305.40719950
   12900   25.80000000  0.42261466E-06 -0.30185530E-06 -0.14895357E-06   863.99999914   -23305.40719935
   12910   25.82000000  0.50428327E-06 -0.22543144E-06 -0.26775359E-06   863.99999914   -23305.40719921
   12920   25.84000000  0.58187807E-06 -0.14844326E-06 -0.37831816E-06   863.99999914   -23305.40719907
   12930   25.86000000  0.65386333E-06 -0.71714883E-07 -0.47979542E-06   863.99999914   -23305.40719892
   12940   25.88000000  0.71879524E-06  0.39778848E-08 -0.57145935E-06   863.99999913   -23305.40719878
   12950   25.90000000  0.77536139E-06  0.77926818E-07 -0.65270878E-06   863.99999913   -23305.40719863
   12960   25.92000000  0.82241503E-06  0.14950619E-06 -0.72306442E-06   863.99999913   -23305.40719849
   12970   25.94000000  0.85900499E-06  0.21818460E-06 -0.78216390E-06   863.99999913   -23305.40719834
   12980   25.96000000  0.88440086E-06  0.28353170E-06 -0.82975648E-06   863.99999913   -23305.40719820
   12990   25.98000000  0.89811296E-06  0.34522123E-06 -0.86569728E-06   863.99999913   -23305.40719806
   13000   26.00000000  0.89990618E-06  0.40302827E-06 -0.88994279E-06   863.99999913   -23305.40719791
   13010   26.02000000  0.88980790E-06  0.45682223E-06 -0.90254694E-06   863.99999913   -23305.40719777
   13020   26.04000000  0.86811031E-06  0.50655541E-06 -0.90365870E-06   863.99999913   -23305.40719764
   13030   26.06000000  0.83536525E-06  0.55224744E-06 -0.89352013E-06   863.99999913   -23305.40719750
   13040   26.08000000  0.79237220E-06  0.59396684E-06 -0.87246511E-06   863.99999913   -23305.40719736
   13050   26.10000000  0.74015891E-06  0.63180979E-06 -0.84091784E-06   863.99999913   -23305.40719723
   13060   26.12000000  0.67995491E-06  0.66587872E-06 -0.79939016E-06   863.99999913   -23305.40719709
   13070   26.14000000  0.61315759E-06  0.69626122E-06 -0.74847776E-06   863.99999913   -23305.40719696
   13080   26.16000000  0.54129251E-06  0.72301020E-06 -0.68885500E-06   863.99999913   -23305.40719683
   13090   26.18000000  0.46596837E-06  0.74612801E-06 -0.62126867E-06   863.99999912   -23305.40719669
   13100   26.20000000  0.38882784E-06  0.76555403E-06 -0.54653003E-06   863.99999912   -23305.40719656
   13110   26.22000000  0.31149723E-06  0.78115833E-06 -0.46550670E-06   863.99999912   -23305.40719643
   13120   26.24000000  0.23553585E-06  0.79274022E-06 -0.37911457E-06   863.99999912   -23305.40719629
   13130   26.26000000  0.16238768E-06  0.80003349E-06 -0.28831057E-06   863.99999912   -23305.40719616
   13140   26.28000000  0.93337568E-07  0.80271695E-06 -0.19408609E-06   863.99999912   -23305.40719603
   13150   26.30000000  0.29474273E-07  0.80042985E-06 -0.97461324E-07   863.99999912   -23305.40719589
   13160   26.32000000 -0.28338932E-07  0.79279197E-06  0.51947839E-09   863.99999912   -23305.40719575
   13170   26.34000000 -0.79484316E-07  0.77942616E-06  0.98792052E-07   863.99999912   -23305.40719561
   13180   26.36000000 -0.12359841E-06  0.75998335E-06  0.19627725E-06   863.99999912   -23305.40719547
   13190   26.38000000 -0.16057102E-06  0.73416722E-06  0.29188718E-06   863.99999912   -23305.40719533
   13200   26.40000000 -0.19053346E-06  0.70175775E-06  0.38453266E-06   863.99999912   -23305.40719518
   13210   26.42000000 -0.21383719E-06  0.66263290E-06  0.47313391E-06   863.99999912   -23305.40719504
   13220   26.44000000 -0.23102454E-06  0.61678657E-06  0.55663330E-06   863.99999912   -23305.40719489
   13230   26.46000000 -0.24279242E-06  0.56434223E-06  0.63401077E-06   863.99999912   -23305.40719475
   13240   26.48000000 -0.24995218E-06  0.50556171E-06  0.70430176E-06   863.99999911   -23305.40719460
   13250   26.50000000 -0.25338659E-06  0.44084796E-06  0.76661605E-06   863.99999911   -23305.40719446
   13260   26.52000000 -0.25400727E-06  0.37074269E-06  0.82015750E-06   863.99999911   -23305.40719431
   13270   26.54000000 -0.25271405E-06  0.29591836E-06  0.86424380E-06   863.99999911   -23305.40719417
   13280   26.56000000 -0.25035841E-06  0.21716502E-06  0.89832427E-06   863.99999911   -23305.40719402
   13290   26.58000000 -0.24771149E-06  0.13537260E-06  0.92199598E-06   863.99999911   -23305.40719388
   13300   26.60000000 -0.24543936E-06  0.51509571E-07  0.93501636E-06   863.99999911   -23305.40719374
   13310   26.62000000 -0.24408539E-06 -0.33400812E-07  0.93731254E-06   863.99999911   -23305.40719360
   13320   26.64000000 -0.24405918E-06 -0.11830597E-06  0.92898648E-06   863.99999911   -23305.40719346
   13330   26.66000000 -0.24563336E-06 -0.20214941E-06  0.91031529E-06   863.99999911   -23305.40719332
   13340   26.68000000 -0.24894712E-06 -0.28389558E-06  0.88174755E-06   863.99999911   -23305.40719318
   13350   26.70000000 -0.25401573E-06 -0.36255325E-06  0.84389503E-06   863.99999911   -23305.40719304
   13360   26.72000000 -0.26074500E-06 -0.43719652E-06  0.79752000E-06   863.99999911   -23305.40719290
   13370   26.74000000 -0.26895007E-06 -0.50698278E-06  0.74351940E-06   863.99999911   -23305.40719276
   13380   26.76000000 -0.27837717E-06 -0.57116857E-06  0.68290522E-06   863.99999910   -23305.40719262
   13390   26.78000000 -0.28872642E-06 -0.62912155E-06  0.61678270E-06   863.99999910   -23305.40719248
   13400   26.80000000 -0.29967491E-06 -0.68032988E-06  0.54632709E-06   863.99999910   -23305.40719233
   13410   26.82000000 -0.31089824E-06 -0.72440927E-06  0.47275978E-06   863.99999910   -23305.40719219
   13420   26.84000000 -0.32208997E-06 -0.76110669E-06  0.39732435E-06   863.99999910   -23305.40719205
   13430   26.86000000 -0.33297715E-06 -0.79030196E-06  0.32126372E-06   863.99999910   -23305.40719191
   13440   26.88000000 -0.34333139E-06 -0.81200624E-06  0.24579920E-06   863.99999910   -23305.40719176
   13450   26.90000000 -0.35297531E-06 -0.82635902E-06  0.17211193E-06   863.99999910   -23305.40719162
   13460   26.92000000 -0.36178419E-06 -0.83362032E-06  0.10132616E-06   863.99999910   -23305.40719147
   13470   26.94000000 -0.36968282E-06 -0.83416189E-06  0.34496125E-07   863.99999910   -23305.40719132
   13480   26.96000000 -0.37663922E-06 -0.82845468E-06 -0.27405565E-07   863.99999910   -23305.40719118
   13490   26.98000000 -0.38265465E-06 -0.81705394E-06 -0.83497117E-07   863.99999910   -23305.40719103
   13500   27.00000000 -0.38775223E-06 -0.80058161E-06 -0.13299460E-06   863.99999910   -23305.40719088
   13510   27.02000000 -0.39196503E-06 -0.77970664E-06 -0.17521805E-06   863.99999910   -23305.40719073
   13520   27.04000000 -0.39532417E-06 -0.75512500E-06 -0.20959638E-06   863.99999910   -23305.40719057
   13530   27.06000000 -0.39784755E-06 -0.72753837E-06 -0.23567068E-06   863.99999909   -23305.40719042
   13540   27.08000000 -0.39953102E-06 -0.69763413E-06 -0.25309758E-06   863.99999909   -23305.40719027
   13550   27.10000000 -0.40034183E-06 -0.66606670E-06 -0.26165091E-06   863.99999909   -23305.40719012
   13560   27.12000000 -0.40021355E-06 -0.63344183E-06 -0.26122206E-06   863.99999909   -23305.40718997
   13570   27.14000000 -0.39904399E-06 -0.60030411E-06 -0.25181903E-06   863.99999909   -23305.40718982
   13580   27.16000000 -0.39669515E-06 -0.56712906E-06 -0.23356410E-06   863.99999909   -23305.40718967
   13590   27.18000000 -0.39299526E-06 -0.53431944E-06 -0.20668945E-06   863.99999909   -23305.40718952
   13600   27.20000000 -0.38774241E-06 -0.50220652E-06 -0.17153129E-06   863.99999909   -23305.40718937
   13610   27.22000000 -0.38071037E-06 -0.47105511E-06 -0.12852301E-06   863.99999909   -23305.40718922
   13620   27.24000000 -0.37165506E-06 -0.44107246E-06 -0.78186340E-07   863.99999909   -23305.40718907
   13630   27.26000000 -0.36032302E-06 -0.41241925E-06 -0.21122156E-07   863.99999909   -23305.40718893
   13640   27.28000000 -0.34646093E-06 -0.38522230E-06  0.41999336E-07   863.99999909   -23305.40718878
   13650   27.30000000 -0.32982539E-06 -0.35958661E-06  0.11044936E-06   863.99999909   -23305.40718863
   13660   27.32000000 -0.31019403E-06 -0.33560688E-06  0.18345129E-06   863.99999909   -23305.40718849
   13670   27.34000000 -0.28737641E-06 -0.31337606E-06  0.26019200E-06   863.99999909   -23305.40718834
   13680   27.36000000 -0.26122480E-06 -0.29299117E-06  0.33983317E-06   863.99999908   -23305.40718819
   13690   27.38000000 -0.23164379E-06 -0.27455534E-06  0.42152385E-06   863.99999908   -23305.40718804
   13700   27.40000000 -0.19859918E-06 -0.25817612E-06  0.50441238E-06   863.99999908   -23305.40718789
   13710   27.42000000 -0.16212449E-06 -0.24395989E-06  0.58765900E-06   863.99999908   -23305.40718774
   13720   27.44000000 -0.12232613E-06 -0.23200435E-06  0.67044831E-06   863.99999908   -23305.40718760
   13730   27.46000000 -0.79385157E-07 -0.22238794E-06  0.75200121E-06   863.99999908   -23305.40718745
   13740   27.48000000 -0.33557706E-07 -0.21515904E-06  0.83158543E-06   863.99999908   -23305.40718730
   13750   27.50000000  0.14827518E-07 -0.21032430E-06  0.90852455E-06   863.99999908   -23305.40718715
   13760   27.52000000  0.65373019E-07 -0.20783826E-06  0.98220471E-06   863.99999908   -23305.40718700
   13770   27.54000000  0.11761851E-06 -0.20759479E-06  0.10520783E-05   863.99999908   -23305.40718686
   13780   27.56000000  0.17104779E-06 -0.20942106E-06  0.11176642E-05   863.99999908   -23305.40718671
   13790   27.58000000  0.22509660E-06 -0.21307536E-06  0.11785455E-05   863.99999908   -23305.40718657
   13800   27.60000000  0.27916075E-06 -0.21824820E-06  0.12343630E-05   863.99999908   -23305.40718642
   13810   27.62000000  0.33260455E-06 -0.22456803E-06  0.12848069E-05   863.99999908   -23305.40718627
   13820   27.64000000  0.38476972E-06 -0.23161087E-06  0.13296064E-05   863.99999907   -23305.40718612
   13830   27.66000000  0.43498347E-06 -0.23891396E-06  0.13685184E-05   863.99999907   -23305.40718597
   13840   27.68000000  0.48256792E-06 -0.24599252E-06  0.14013165E-05   863.99999907   -23305.40718582
   13850   27.70000000  0.52684906E-06 -0.25235892E-06  0.14277817E-05   863.99999907   -23305.40718567
   13860   27.72000000  0.56716661E-06 -0.25754251E-06  0.14476945E-05   863.99999907   -23305.40718551
   13870   27.74000000  0.60288402E-06 -0.26111000E-06  0.14608310E-05   863.99999907   -23305.40718536
   13880   27.76000000  0.63339977E-06 -0.26268351E-06  0.14669624E-05   863.99999907   -23305.40718520
   13890   27.78000000  0.65815822E-06 -0.26195564E-06  0.14658580E-05   863.99999907   -23305.40718505
   13900   27.80000000  0.67666065E-06 -0.25870026E-06  0.14572916E-05   863.99999907   -23305.40718489
   13910   27.82000000  0.68847685E-06 -0.25277844E-06  0.14410518E-05   863.99999907   -23305.40718473
   13920   27.84000000  0.69325535E-06 -0.24413847E-06  0.14169542E-05   863.99999907   -23305.40718458
   13930   27.86000000  0.69073238E-06 -0.23281059E-06  0.13848539E-05   863.99999907   -23305.40718442
   13940   27.88000000  0.68073970E-06 -0.21889720E-06  0.13446608E-05   863.99999907   -23305.40718427
   13950   27.90000000  0.66321084E-06 -0.20255870E-06  0.12963523E-05   863.99999907   -23305.40718412
   13960   27.92000000  0.63818505E-06 -0.18399701E-06  0.12399856E-05   863.99999907   -23305.40718397
   13970   27.94000000  0.60580934E-06 -0.16343886E-06  0.11757081E-05   863.99999906   -23305.40718382
   13980   27.96000000  0.56633926E-06 -0.14111920E-06  0.11037642E-05   863.99999906   -23305.40718367
   13990   27.98000000  0.52013803E-06 -0.11726758E-06  0.10245014E-05   863.99999906   -23305.40718352
   14000   28.00000000  0.46767474E-06 -0.92098268E-07  0.93837097E-06   863.99999906   -23305.40718337
   14010   28.02000000  0.40952123E-06 -0.65804530E-07  0.84592860E-06   863.99999906   -23305.40718322
   14020   28.04000000  0.34634889E-06 -0.38559025E-07  0.74783040E-06   863.99999906   -23305.40718307
   14030   28.06000000  0.27892413E-06 -0.10518888E-07  0.64482845E-06   863.99999906   -23305.40718292
   14040   28.08000000  0.20810329E-06  0.18164865E-07  0.53776374E-06   863.99999906   -23305.40718277
   14050   28.10000000  0.13482563E-06  0.47333968E-07  0.42755815E-06   863.99999906   -23305.40718262
   14060   28.12000000  0.60104229E-07  0.76807147E-07  0.31520468E-06   863.99999906   -23305.40718247
   14070   28.14000000 -0.14985253E-07  0.10636422E-06  0.20175701E-06   863.99999906   -23305.40718232
   14080   28.16000000 -0.89319777E-07  0.13573089E-06  0.88317786E-07   863.99999906   -23305.40718217
   14090   28.18000000 -0.16174673E-06  0.16456597E-06 -0.23974166E-07   863.99999906   -23305.40718202
   14100   28.20000000 -0.23110579E-06  0.19245281E-06 -0.13395794E-06   863.99999906   -23305.40718187
   14110   28.22000000 -0.29625405E-06  0.21889619E-06 -0.24046597E-06   863.99999906   -23305.40718172
   14120   28.24000000 -0.35609467E-06  0.24332447E-06 -0.34234041E-06   863.99999905   -23305.40718157
   14130   28.26000000 -0.40960617E-06  0.26509813E-06 -0.43845046E-06   863.99999905   -23305.40718141
   14140   28.28000000 -0.45587369E-06  0.28352490E-06 -0.52771157E-06   863.99999905   -23305.40718126
   14150   28.30000000 -0.49411907E-06  0.29787976E-06 -0.60910385E-06   863.99999905   -23305.40718111
   14160   28.32000000 -0.52372836E-06  0.30743030E-06 -0.68169088E-06   863.99999905   -23305.40718096
   14170   28.34000000 -0.54427567E-06  0.31146512E-06 -0.74463782E-06   863.99999905   -23305.40718080
   14180   28.36000000 -0.55554175E-06  0.30932502E-06 -0.79722719E-06   863.99999905   -23305.40718065
   14190   28.38000000 -0.55752564E-06  0.30043396E-06 -0.83887319E-06   863.99999905   -23305.40718050
   14200   28.40000000 -0.55044813E-06  0.28433062E-06 -0.86913217E-06   863.99999905   -23305.40718035
   14210   28.42000000 -0.53474763E-06  0.26069650E-06 -0.88770984E-06   863.99999905   -23305.40718020
   14220   28.44000000 -0.51106675E-06  0.22938132E-06 -0.89446447E-06   863.99999905   -23305.40718005
   14230   28.46000000 -0.48023073E-06  0.19042298E-06 -0.88940672E-06   863.99999905   -23305.40717990
   14240   28.48000000 -0.44321820E-06  0.14406215E-06 -0.87269554E-06   863.99999905   -23305.40717975
   14250   28.50000000 -0.40112567E-06  0.90750291E-07 -0.84463046E-06   863.99999905   -23305.40717960
   14260   28.52000000 -0.35512687E-06  0.31150199E-07 -0.80564334E-06   863.99999905   -23305.40717946
   14270   28.54000000 -0.30642919E-06 -0.33870578E-07 -0.75628667E-06   863.99999904   -23305.40717931
   14280   28.56000000 -0.25622993E-06 -0.10325392E-06 -0.69722332E-06   863.99999904   -23305.40717916
   14290   28.58000000 -0.20567305E-06 -0.17577303E-06 -0.62921466E-06   863.99999904   -23305.40717901
   14300   28.60000000 -0.15581019E-06 -0.25006099E-06 -0.55311065E-06   863.99999904   -23305.40717886
   14310   28.62000000 -0.10756671E-06 -0.32464575E-06 -0.46984063E-06   863.99999904   -23305.40717871
   14320   28.64000000 -0.61715688E-07 -0.39798997E-06 -0.38040477E-06   863.99999904   -23305.40717856
   14330   28.66000000 -0.18859642E-07 -0.46853550E-06 -0.28586625E-06   863.99999904   -23305.40717841
   14340   28.68000000  0.20578582E-07 -0.53474982E-06 -0.18734334E-06   863.99999904   -23305.40717825
   14350   28.70000000  0.56355280E-07 -0.59517227E-06 -0.86000495E-07   863.99999904   -23305.40717809
   14360   28.72000000  0.88396806E-07 -0.64845988E-06  0.16962099E-07   863.99999904   -23305.40717794
   14370   28.74000000  0.11678313E-06 -0.69342873E-06  0.12032113E-06   863.99999904   -23305.40717778
   14380   28.76000000  0.14172500E-06 -0.72908995E-06  0.22284653E-06   863.99999904   -23305.40717762
   14390   28.78000000  0.16353620E-06 -0.75467838E-06  0.32331946E-06   863.99999904   -23305.40717746
   14400   28.80000000  0.18260402E-06 -0.76967266E-06  0.42055356E-06   863.99999904   -23305.40717731
   14410   28.82000000  0.19935884E-06 -0.77380548E-06  0.51341783E-06   863.99999903   -23305.40717715
   14420   28.84000000  0.21424457E-06 -0.76706383E-06  0.60085954E-06   863.99999903   -23305.40717700
   14430   28.86000000  0.22769250E-06 -0.74967988E-06  0.68192665E-06   863.99999903   -23305.40717685
   14440   28.88000000  0.24009921E-06 -0.72211270E-06  0.75578727E-06   863.99999903   -23305.40717670
   14450   28.90000000  0.25180944E-06 -0.68502266E-06  0.82174520E-06   863.99999903   -23305.40717656
   14460   28.92000000  0.26310406E-06 -0.63923986E-06  0.87925025E-06   863.99999903   -23305.40717642
   14470   28.94000000  0.27419353E-06 -0.58572922E-06  0.92790290E-06   863.99999903   -23305.40717628
   14480   28.96000000  0.28521601E-06 -0.52555293E-06  0.96745242E-06   863.99999903   -23305.40717615
   14490   28.98000000  0.29624053E-06 -0.45983384E-06  0.99778959E-06   863.99999903   -23305.40717601
   14500   29.00000000  0.30727358E-06 -0.38972084E-06  0.10189348E-05   863.99999903   -23305.40717588
   14510   29.02000000  0.31826772E-06 -0.31635687E-06  0.10310225E-05   863.99999903   -23305.40717575
   14520   29.04000000  0.32913260E-06 -0.24085218E-06  0.10342841E-05   863.99999903   -23305.40717561
   14530   29.06000000  0.33974645E-06 -0.16426324E-06  0.10290306E-05   863.99999903   -23305.40717548
   14540   29.08000000  0.34996718E-06 -0.87576038E-07  0.10156365E-05   863.99999903   -23305.40717534
   14550   29.10000000  0.35964266E-06 -0.11695690E-07  0.99452626E-06   863.99999903   -23305.40717520
   14560   29.12000000  0.36861927E-06  0.62559153E-07  0.96616440E-06   863.99999902   -23305.40717506
   14570   29.14000000  0.37674902E-06  0.13445733E-06  0.93104855E-06   863.99999902   -23305.40717491
   14580   29.16000000  0.38389325E-06  0.20335304E-06  0.88970724E-06   863.99999902   -23305.40717477
   14590   29.18000000  0.38992475E-06  0.26868056E-06  0.84270041E-06   863.99999902   -23305.40717462
   14600   29.20000000  0.39472712E-06  0.32994764E-06  0.79062235E-06   863.99999902   -23305.40717446
   14610   29.22000000  0.39819197E-06  0.38672818E-06  0.73410638E-06   863.99999902   -23305.40717431
   14620   29.24000000  0.40021523E-06  0.43865434E-06  0.67383048E-06   863.99999902   -23305.40717416
   14630   29.26000000  0.40069166E-06  0.48540933E-06  0.61052155E-06   863.99999902   -23305.40717400
   14640   29.28000000  0.39951001E-06  0.52672161E-06  0.54495916E-06   863.99999902   -23305.40717385
   14650   29.30000000  0.39654827E-06  0.56235979E-06  0.47797610E-06   863.99999902   -23305.40717369
   14660   29.32000000  0.39167041E-06  0.59212924E-06  0.41045652E-06   863.99999902   -23305.40717354
   14670   29.34000000  0.38472485E-06  0.61586991E-06  0.34333080E-06   863.99999902   -23305.40717338
   14680   29.36000000  0.37554608E-06  0.63345533E-06  0.27756680E-06   863.99999902   -23305.40717323
   14690   29.38000000  0.36395860E-06  0.64479243E-06  0.21415744E-06   863.99999902   -23305.40717308
   14700   29.40000000  0.34978407E-06  0.64982290E-06  0.15410536E-06   863.99999902   -23305.40717293
   14710   29.42000000  0.33285056E-06  0.64852510E-06  0.98405635E-07   863.99999901   -23305.40717279
   14720   29.44000000  0.31300423E-06  0.64091639E-06  0.48025354E-07   863.99999901   -23305.40717264
   14730   29.46000000  0.29012174E-06  0.62705588E-06  0.38828468E-08   863.99999901   -23305.40717250
   14740   29.48000000  0.26412310E-06  0.60704750E-06 -0.33173247E-07   863.99999901   -23305.40717235
   14750   29.50000000  0.23498403E-06  0.58104290E-06 -0.62384974E-07   863.99999901   -23305.40717221
   14760   29.52000000  0.20274594E-06  0.54924414E-06 -0.83103489E-07   863.99999901   -23305.40717207
   14770   29.54000000  0.16752392E-06  0.51190583E-06 -0.94805907E-07   863.99999901   -23305.40717192
   14780   29.56000000  0.12951140E-06  0.46933586E-06 -0.97109685E-07   863.99999901   -23305.40717178
   14790   29.58000000  0.88981564E-07  0.42189512E-06 -0.89782695E-07   863.99999901   -23305.40717163
   14800   29.60000000  0.46284415E-07  0.36999582E-06 -0.72750833E-07   863.99999901   -23305.40717148
   14810   29.62000000  0.18415084E-08  0.31409801E-06 -0.46102243E-07   863.99999901   -23305.40717134
   14820   29.64000000 -0.43862785E-07  0.25470451E-06 -0.10088735E-07   863.99999901   -23305.40717119
   14830   29.66000000 -0.90292552E-07  0.19235389E-06  0.34875883E-07   863.99999901   -23305.40717104
   14840   29.68000000 -0.13687329E-06  0.12761286E-06  0.88218873E-07   863.99999901   -23305.40717089
   14850   29.70000000 -0.18300590E-06  0.61067152E-07  0.14921340E-06   863.99999900   -23305.40717074
   14860   29.72000000 -0.22808187E-06 -0.66872954E-08  0.21698509E-06   863.99999900   -23305.40717060
   14870   29.74000000 -0.27149848E-06 -0.75053653E-07  0.29052024E-06   863.99999900   -23305.40717045
   14880   29.76000000 -0.31267441E-06 -0.14344278E-06  0.36867530E-06   863.99999900   -23305.40717031
   14890   29.78000000 -0.35106368E-06 -0.21128006E-06  0.45018925E-06   863.99999900   -23305.40717016
   14900   29.80000000 -0.38617045E-06 -0.27801194E-06  0.53369785E-06   863.99999900   -23305.40717002
   14910   29.82000000 -0.41756218E-06 -0.34311010E-06  0.61775162E-06   863.99999900   -23305.40716988
   14920   29.84000000 -0.44488161E-06 -0.40607446E-06  0.70083728E-06   863.99999900   -23305.40716973
   14930   29.86000000 -0.46785711E-06 -0.46643447E-06  0.78140291E-06   863.99999900   -23305.40716959
   14940   29.88000000 -0.48631075E-06 -0.52375018E-06  0.85788676E-06   863.99999900   -23305.40716945
   14950   29.90000000 -0.50016376E-06 -0.57761157E-06  0.92874903E-06   863.99999900   -23305.40716930
   14960   29.92000000 -0.50943871E-06 -0.62763826E-06  0.99250543E-06   863.99999900   -23305.40716916
   14970   29.94000000 -0.51425851E-06 -0.67347920E-06  0.10477622E-05   863.99999900   -23305.40716902
   14980   29.96000000 -0.51484143E-06 -0.71481313E-06  0.10932503E-05   863.99999900   -23305.40716887
   14990   29.98000000 -0.51149278E-06 -0.75134957E-06  0.11278576E-05   863.99999900   -23305.40716873
   15000   30.00000000 -0.50459369E-06 -0.78283084E-06  0.11506582E-05   863.99999899   -23305.40716859
=== application breakdown [s] ===
total calculation time,7397.73320889
rt calculation                         min         max     average   std. dev.  difference    relative
rt initialization              0.55790E-04 0.46492E-03 0.16844E-03 0.49042E-04 0.40913E-03 0.83333E+01
reading lda data               0.35137E+01 0.35430E+01 0.35277E+01 0.44039E-02 0.29294E-01 0.10083E+01
reading rt data                0.22240E-02 0.36550E-02 0.25924E-02 0.26190E-03 0.14310E-02 0.16434E+01
prep. time prop.               0.29516E-03 0.46101E-02 0.10158E-02 0.17879E-03 0.43149E-02 0.15619E+02
rt iterations                  0.73930E+04 0.73930E+04 0.73930E+04 0.18085E-03 0.99874E-03 0.10000E+01
after writing rt data          0.19073E-05 0.97990E+00 0.11827E-03 0.10328E-01 0.97990E+00 0.51375E+06
in rt iterations                       min         max     average   std. dev.  difference    relative
Vbox                           0.13103E+01 0.15376E+01 0.14179E+01 0.34152E-01 0.22727E+00 0.11735E+01
time propagation               0.55939E+04 0.58324E+04 0.57523E+04 0.34311E+02 0.23853E+03 0.10426E+01
calculating rho                0.11768E+03 0.35362E+03 0.19758E+03 0.34306E+02 0.23594E+03 0.30050E+01
Hartree routine                0.37365E+02 0.50506E+02 0.45038E+02 0.24450E+01 0.13141E+02 0.13517E+01
Exc_Cor routine                0.63713E+01 0.10728E+02 0.82304E+01 0.87586E+00 0.43566E+01 0.16838E+01
calculating curr               0.11547E+04 0.11548E+04 0.11548E+04 0.16989E-01 0.97481E-01 0.10001E+01
calc. projection               0.36776E-02 0.89395E-02 0.58896E-02 0.63473E-03 0.52619E-02 0.24308E+01
writing energies               0.14887E+01 0.21459E+01 0.15918E+01 0.12424E+00 0.65714E+00 0.14414E+01
calc_eigen_energy              0.21044E+03 0.21109E+03 0.21063E+03 0.83188E-01 0.65282E+00 0.10031E+01
calc_total_energy_periodic     0.17044E+02 0.22368E+02 0.18908E+02 0.70024E+00 0.53238E+01 0.13124E+01
writing info etc.              0.93169E-02 0.44116E+00 0.11330E-01 0.45986E-02 0.43184E+00 0.47350E+02
total_energy module                    min         max     average   std. dev.  difference    relative
periodic calc.                 0.28970E+01 0.93965E+01 0.48276E+01 0.15040E+01 0.64995E+01 0.32435E+01
periodic comm. coll.           0.85997E+01 0.19320E+02 0.14065E+02 0.16905E+01 0.10720E+02 0.22466E+01
eigen_energy calc.             0.34728E+02 0.38938E+02 0.37806E+02 0.39001E+00 0.42099E+01 0.11212E+01
eigen_energy comm. coll.       0.41246E+01 0.12011E+02 0.73417E+01 0.83068E+00 0.78869E+01 0.29121E+01
eigen_energy hpsi              0.14702E+03 0.15372E+03 0.14987E+03 0.71221E+00 0.67056E+01 0.10456E+01
density_matrix module                  min         max     average   std. dev.  difference    relative
density calc.                  0.79434E+02 0.14147E+03 0.10820E+03 0.12110E+02 0.62032E+02 0.17809E+01
density comm. coll.            0.19001E+02 0.21848E+03 0.89136E+02 0.25356E+02 0.19948E+03 0.11499E+02
current calc.                  0.25138E+03 0.27743E+03 0.26119E+03 0.35414E+01 0.26054E+02 0.11036E+01
current rDivided uVpsi calc.   0.11400E+03 0.11748E+03 0.11554E+03 0.47308E+00 0.34799E+01 0.10305E+01
current comm. coll.            0.86493E+02 0.12482E+03 0.10667E+03 0.52667E+01 0.38331E+02 0.14432E+01
current comm. halo.            0.64391E+03 0.69806E+03 0.67122E+03 0.79408E+01 0.54152E+02 0.10841E+01
conjugate_gradient module              min         max     average   std. dev.  difference    relative
subspace_diag module                   min         max     average   std. dev.  difference    relative
subspace_diag so module                min         max     average   std. dev.  difference    relative
force module                           min         max     average   std. dev.  difference    relative
init_ps                                min         max     average   std. dev.  difference    relative
hamiltonian module                     min         max     average   std. dev.  difference    relative
total                          0.49429E+04 0.51564E+04 0.50327E+04 0.33134E+02 0.21354E+03 0.10432E+01
update overlap (comm.)         0.26325E+04 0.30444E+04 0.27804E+04 0.53825E+02 0.41188E+03 0.11565E+01
stencil                        0.10781E+04 0.13195E+04 0.11822E+04 0.24990E+02 0.24142E+03 0.12239E+01
subtraction                    0.24910E+02 0.30985E+02 0.28579E+02 0.43507E+00 0.60751E+01 0.12439E+01
pseudo-pt                      0.94322E+03 0.11115E+04 0.10214E+04 0.24813E+02 0.16827E+03 0.11784E+01
pseudo-pt (comm.)              0.38559E+02 0.29182E+03 0.13523E+03 0.31851E+02 0.25327E+03 0.75682E+01
hpsi-overlapped                        min         max     average   std. dev.  difference    relative
checkpoint/restart                     min         max     average   std. dev.  difference    relative
restart self                   0.25927E+01 0.29997E+01 0.26005E+01 0.32121E-01 0.40699E+00 0.11570E+01
restart sync                   0.29973E+01 0.30058E+01 0.30003E+01 0.11362E-02 0.85139E-02 0.10028E+01
=== performance [GFLOPS] ===
end SALMON
