# Units: Time [fs], Current Jm [1/fs*Angstrom^2]
time,fid_signal,fid_exp_fit,normalized_fid
12.576,0.018226006456808868,0.01685229731960074,0.9955100202644223
12.586,0.017287346017968473,0.016641726203602845,0.953101979188805
12.596,0.016334685613786596,0.016433806276498594,0.9087102840816415
12.606,0.015370994722089398,0.01622850415857916,0.8624601241084835
12.616,0.014399187893445173,0.016025786890401766,0.8144809380024063
12.626,0.013422116514502029,0.015825621927498555,0.7649059461638051
12.636,0.012442561000280159,0.015627977135151645,0.7138716702865415
12.646,0.01146322347910163,0.015432820783234331,0.6615174453202932
12.656,0.010486720922334063,0.015240121541117152,0.6079849216239793
12.666,0.009515578722614958,0.015049848472637786,0.5534175583827214
12.676,0.008552224786950119,0.014861971031134732,0.4979601137176911
12.686,0.00759898449869996,0.014676459054543196,0.4417581567887886
12.696,0.006658078761789206,0.014493282760553054,0.38495775670996324
12.706,0.005731623024525912,0.01431241274182725,0.3277052199012195
12.716,0.004821625235139782,0.014133819961280911,0.2701467376354491
12.726,0.003929984057868055,0.013957475747419608,0.21242803086540932
12.736,0.003058487467895931,0.013783351789736534,0.15469400163647293
12.746,0.002208811717824578,0.01361142013416742,0.0970883921512255
12.756,0.0013825206549426664,0.013441653178602646,0.03975345159523956
12.766,0.0005810653320813777,0.013274023668456121,-0.017170391965056604
12.776,-0.00019421609271241022,0.013108504692289743,-0.07354485365992222
12.786,-0.0009420981679596396,0.01294506967749297,-0.12923410652299755
12.796,-0.0016614676922732093,0.01278369238601699,-0.1841050890308864
12.806,-0.002351322983990167,0.01262434691016218,-0.23802780365335668
12.816,-0.003010772873098719,0.01246700766841897,-0.2908756046024759
12.826,-0.003639035423392727,0.012311649401361107,-0.3425254739158571
12.836,-0.004235436421581142,0.012158247167590156,-0.3928582872239477
12.846,-0.004799407634760683,0.012006776339731733,-0.44175906781320673
12.856,-0.005330484856110472,0.011857212600481499,-0.48911722919347433
12.866,-0.005828305732092351,0.011709531938701391,-0.5348268041749741
12.876,-0.006292607350081201,0.01156371064556482,-0.5787866570357036
12.886,-0.006723223637968624,0.011419725310750374,-0.6209006814324048
12.896,-0.007120082624066884,0.011277552818683622,-0.6610779868018692
12.906,-0.007483203527302971,0.01113717034482604,-0.6992330693333323
12.916,-0.00781269368875585,0.010998555352010633,-0.7352859669421031
12.926,-0.008108745409435358,0.010861685586823936,-0.7691624026540548
12.936,-0.008371632659347625,0.010726539076033374,-0.8007939121116243
12.946,-0.00860170766610699,0.010593094123059607,-0.8301179545156784
12.956,-0.00879939744869508,0.010461329304493502,-0.8570780117332293
12.966,-0.008965200284550157,0.01033122346665656,-0.8816236734994587
12.976,-0.00909968211442631,0.01020275572220499,-0.9037107081155983
12.986,-0.009203472909367643,0.010075905446776546,-0.923301119820072
12.996,-0.009277262992165301,0.009950652275679215,-0.9403631910551324
13.006,-0.009321799325603859,0.009826976100622121,-0.9548715099150319
13.016,-0.009337881783081049,0.00970485706648708,-0.9668069833302176
13.026,-0.009326359412072618,0.00958427556814117,-0.9761568360312332
13.036,-0.009288126722769272,0.00946521224728927,-0.9829145978752327
13.046,-0.009224119981560738,0.009347647989366218,-0.9870800768126419
13.056,-0.009135313519149564,0.009231563920468273,-0.9886593176968363
13.066,-0.009022716063155245,0.009116941404322844,-0.9876645473251974
13.076,-0.008887367090909332,0.009003762039296863,-0.9841141045365164
13.086,-0.008730333217303267,0.008892007655442336,-0.9780323561996008
13.096,-0.008552704625190363,0.008781660311579422,-0.9694495993431078
13.106,-0.008355591588620955,0.008672702292416215,-0.9584019546286191
13.116,-0.008140121034922853,0.008565116105704542,-0.9449312449013216
13.126,-0.007907433120838848,0.008458884479431848,-0.9290848553347766
13.136,-0.007658677913156306,0.008353990359048293,-0.9109155848784185
13.146,-0.007395012139384748,0.008250416904728781,-0.890481485004999
13.156,-0.007117595997151323,0.008148147488669547,-0.8678456841640116
13.166,-0.006827590096970598,0.008047165692418656,-0.8430762065129241
13.176,-0.006526152463753558,0.007947455304240113,-0.8162457761308233
13.186,-0.006214435622124371,0.007849000316511293,-0.7874316095219861
13.196,-0.005893583795143186,0.0077517849231530005,-0.7567151999930244
13.206,-0.0055647301947944075,0.007655793517092059,-0.7241820913097728
13.216,-0.00522899444039471,0.007561010687755569,-0.6899216453494306
13.226,-0.004887480109858989,0.007467421218596947,-0.6540268048649541
13.236,-0.004541272395414064,0.007375010084653141,-0.6165938480909139
13.246,-0.004191435848360264,0.007283762450132329,-0.5777221333164396
13.256,-0.0038390122819968037,0.007193663666032256,-0.5375138429069225
13.266,-0.0034850188121223103,0.007104699267788536,-0.49607372482405726
13.276,-0.003130446012828458,0.00701685497295234,-0.45350882925177216
13.286,-0.0027762562090070655,0.00693011667889758,-0.40992824383340914
13.296,-0.0024233819053347994,0.006844470460556808,-0.3654428282697184
13.306,-0.002072724348799104,0.006759902568185762,-0.32016494866613365
13.316,-0.0017251522252720883,0.0066763994251558,-0.27420821248785116
13.326,-0.0013815004888741483,0.006593947625774481,-0.22768720482555915
13.336,-0.0010425692955942558,0.006512533933133237,-0.1807172225327866
13.346,-0.000709123066569664,0.006432145276982398,-0.1334140106386732
13.356,-0.0003818897042656585,0.006352768751632828,-0.08589350563137065
13.366,-6.155993356233587e-05,0.0062743916138841265,-0.03827158249259586
13.376,0.0002512132553441946,0.006197001280978682,0.009336197131423401
13.386,0.0005558150806297176,0.006120585328581712,0.05681483781120735
13.396,0.000851669308350957,0.006045131488786602,0.10405015567741988
13.406,0.00113823847205551,0.005970627648145488,0.15092901730442507
13.416,0.0014150240162431559,0.005897061845724396,0.19733957814768183
13.426,0.001681566330490471,0.005824422271183193,0.24317151446487517
13.436,0.0019374446968319023,0.005752697262879397,0.2883162516173629
13.446,0.002182277171301291,0.005681875305996076,0.3326671914400535
13.456,0.002415720375398801,0.005611945030693217,0.3761199338300806
13.466,0.002637469213961885,0.005542895210282472,0.4185724946446482
13.476,0.002847256536953782,0.005474714759424674,0.45992552227707856
13.486,0.0030448526961554547,0.005407392732350341,0.5000825034548243
13.496,0.0032300650451341697,0.005340918321102294,0.538949965831255
13.506,0.0034027374345464083,0.005275280853800613,0.5764376862788232
13.516,0.0035627496131390335,0.005210469792929321,0.6124588881667806
13.526,0.003710016547622586,0.005146474733644752,0.6469304288528308
13.536,0.003844487728926714,0.00508328540210504,0.6797729891273281
13.546,0.00396614645378907,0.005020891653820811,0.7109112622214906
13.556,0.004075009014910796,0.004959283472026543,0.7402741289102158
13.566,0.004171123861832429,0.004898450966072533,0.767794829606889
13.576,0.004254570740317522,0.0048383843698369166,0.7934111343615597
13.586,0.004325459744471161,0.004779074040157941,0.8170654968183136
13.596,0.004383930347838532,0.004720510455285721,0.8387052041753681
13.606,0.004430150413401135,0.004662684213353681,0.8582825226362389
13.616,0.0044643151437366935,0.004605586030869124,0.87575482950934
13.626,0.004486645982201843,0.004549206741222921,0.8910847328551094
13.636,0.004497389465975712,0.004493537293217793,0.9042401776827619
13.646,0.004496816043250066,0.004438568749615269,0.9151945400975943
13.656,0.004485218877616525,0.0043842922857009435,0.9239267134245255
13.666,0.004462912598563731,0.004330699187867646,0.9304211763943185
13.676,0.0044302319888373356,0.004277780852216599,0.9346680397232934
13.686,0.004387530660593467,0.004225528783176183,0.9366630811521192
13.696,0.0043351796905957245,0.004173934592137953,0.9364077611916873
13.706,0.004273566224277626,0.004122989996109989,0.9339092205471766
13.716,0.004203092081298564,0.0040726868163871,0.9291802655511562
13.726,0.004124172328945349,0.004023016977237861,0.9222393326870109
13.736,0.004037233804206843,0.003973972504608032,0.9131104261552198
13.746,0.0039427136548632336,0.003925545524840501,0.9018230438594292
13.756,0.003841057898974389,0.0038777282634111423,0.8884120911947933
13.766,0.0037327199730549277,0.0038305130436807433,0.8729177747142747
13.776,0.003618159259006693,0.0037838922856625566,0.8553854719039458
13.786,0.003497839646810299,0.0037378585048054545,0.8358655903042806
13.796,0.0033722281318534953,0.0036924043107922715,0.8144134154808725
13.806,0.0032417934305260204,0.0036475224063534082,0.791088943244723
13.816,0.0031070046159570016,0.0036032055860952903,0.765956696058512
13.826,0.0029683298007599813,0.003559446735343658,0.7390855304324215
13.836,0.0028262348679320855,0.0035162388290012818,0.7105484356955258
13.846,0.0026811822611610765,0.003473574930420242,0.6804223272546741
13.856,0.002533629815058495,0.003431448190288225,0.648787829277026
13.866,0.002384029629060746,0.0033898518455289786,0.6157290478628914
13.876,0.0022328270220151472,0.0033487792182165335,0.5813333453982004
13.886,0.0020804595278347483,0.0033082237145031666,0.5456911056529026
13.896,0.0019273559726111793,0.00326817882356074,0.5088955015773838
13.906,0.0017739356217854935,0.0032286381165355328,0.47104226347056866
13.916,0.0016206073352672521,0.0031895952455160666,0.4322294298299596
13.926,0.0014677688293758537,0.003151043942514052,0.39255711036269264
13.936,0.0013158060261360325,0.003112978018458095,0.35212725701950764
13.946,0.001165092398537312,0.0030753913622001373,0.3110434161021061
13.956,0.0010159883889245909,0.0030382779395343026,0.2694104849749514
13.966,0.0008688409193861843,0.0030016317922282026,0.22733448060823463
13.976,0.0007239829477087125,0.0029654470370663725,0.1849223067565704
13.986,0.0005817330506487203,0.0029297178649058124,0.1422815144222117
13.996,0.0004423950335147552,0.0028944385397433135,0.09952005541850115
14.006,0.0003062576206261394,0.002859603397794669,0.056746047340592076
14.016,0.00017359420792280262,0.0028252068465853377,0.014067545314478826
14.026,4.4662607113843316e-05,0.0027912433640526597,-0.028407702298737635
14.036,-8.029517283137961e-05,0.002757707497659319,-0.07057249914688293
14.046,-0.00020105305705664844,0.002724593863518024,-0.1123204292326096
14.056,-0.00031740105850252176,0.0026918971455271146,-0.1535461048835597
14.066,-0.00042914541890031095,0.0026596120945171398,-0.19414542281160535
14.076,-0.0005361086817493537,0.0026277335274081763,-0.23401580851251425
14.086,-0.0006381297506473998,0.002596256326377674,-0.273056466894183
14.096,-0.0007350639240377343,0.002565175438038865,-0.3111686356533002
14.106,-0.000826782900432632,0.0025344858726295107,-0.3482558389406587
14.116,-0.0009131747662440836,0.00250418270321079,-0.38422414521361065
14.126,-0.0009941439700235527,0.002474261064876355,-0.4189824304355495
14.136,-0.001069611256021312,0.0024447161539712953,-0.45244263618221986
14.146,-0.0011395135714794655,0.0024155432273209924,-0.48452002712782827
14.156,-0.0012038039603990002,0.00238673760146958,-0.5151334522582074
14.166,-0.001262451414223607,0.0023582946519281273,-0.5442055979019208
14.176,-0.0013154406827585018,0.0023302098124321565,-0.5716632326068287
14.186,-0.0013627720708425802,0.0023024785742086083,-0.5974374529409398
14.196,-0.0014044612022593185,0.0022750964852519756,-0.6214639222175143
14.206,-0.0014405387324494669,0.0022480591496096083,-0.6436830933541553
14.216,-0.0014710500155976582,0.002221362226675934,-0.6640404163335795
14.226,-0.0014960547502277592,0.0021950014304956368,-0.6824865389455197
14.236,-0.001515626586634346,0.0021689725290756044,-0.6989774926414587
14.246,-0.0015298526775082634,0.0021432713437054786,-0.7134748537685894
14.256,-0.0015388331727850305,0.002117893748286819,-0.7259458784355023
14.266,-0.0015426807175474792,0.0020928356686707155,-0.7363636348395618
14.276,-0.001541519909701227,0.002068093082003681,-0.7447071130524657
14.286,-0.0015354866800919285,0.0020436620160818415,-0.7509612934653531
14.296,-0.0015247276566068234,0.002019538548713223,-0.755117198961359
14.306,-0.0015093995173998827,0.001995718807088103,-0.757171931758091
14.316,-0.0014896682892840535,0.00197219896715722,-0.7571286731665742
14.326,-0.0014657085885607833,0.0019489752530179084,-0.7549966423943965
14.336,-0.0014377028796680568,0.0019260439363078647,-0.7507910477520388
14.346,-0.0014058407479419883,0.001903401335606618,-0.7445330283139268
14.356,-0.0013703181237791056,0.0018810438158444974,-0.7362495548627842
14.366,-0.0013313364601166278,0.0018589677877190798,-0.7259732882514913
14.376,-0.0012891019288330686,0.0018371697071189199,-0.7137424256588171
14.386,-0.0012438246477931394,0.0018156460745546007,-0.6996005406660807
14.396,-0.0011957179084745796,0.0017943934345969086,-0.6835964019099804
14.406,-0.0011449973579986837,0.0017734083753221184,-0.6657837454654085
14.416,-0.0010918802275150232,0.0017526875277641986,-0.6462210468617404
14.426,-0.0010365846094430682,0.0017322275653739985,-0.6249712949503525
14.436,-0.0009793287160314965,0.0017120252034851624,-0.6021017324101446
14.446,-0.0009203301654788084,0.0016920771987868253,-0.5776835866715287
14.456,-0.0008598053180746958,0.0016723803488029193,-0.5517918039185536
14.466,-0.0007979686319278044,0.0016529314913780653,-0.524504770625804
14.476,-0.0007350320286982306,0.001633727504169878,-0.495904017512796
14.486,-0.000671204319381573,0.0016147653041477454,-0.46607393410055525
14.496,-0.000606690695286369,0.0015960418470978386,-0.43510149863933034
14.506,-0.0005416922504486001,0.0015775541271344094,-0.4030760059886521
14.516,-0.0004764055169704463,0.001559299176217214,-0.37008878360804
14.526,-0.00041102202433595175,0.001541274063675039,-0.3362329023585164
14.536,-0.00034572793991348823,0.001523475895735178,-0.30160291693622776
14.546,-0.0002807037353798004,0.0015059018150588815,-0.2662946055086922
14.556,-0.00021612389065014094,0.0014885490002826283,-0.2304047163890792
14.566,-0.00015215667154058678,0.0014714146655651936,-0.19403074564002332
14.576,-8.89638969072497e-05,0.001454496060140397,-0.15727069590841286
14.586,-2.6700736121926004e-05,0.001437790467875482,-0.12022284136130532
14.596,3.448445066402559e-05,0.00142129520683508,-0.0829855078356081
14.606,9.44502501308039e-05,0.0014050076288506432,-0.04565685669969313
14.616,0.00015306227843723806,0.0013889251190953007,-0.008334694469174245
14.626,0.0002101932589522576,0.0013730450956640895,0.028883722541270473
14.636,0.0002657231145669999,0.0013573650091594242,0.06590190137059035
14.646,0.0003195390288170794,0.001341882342281829,0.10262431352372822
14.656,0.0003715354938542864,0.0013265946094258186,0.13895659509807207
14.666,0.0004216143570240308,0.001311499356280828,0.17480575351687702
14.676,0.00046968483733119185,0.0012965941594372263,0.21008036108628006
14.686,0.000515663553010665,0.0012818766259972327,0.24469076311813898
14.696,0.0005594745755186006,0.0012673443931907726,0.2785493121831839
14.706,0.000601049442279239,0.0012529951279961525,0.3115705815613287
14.716,0.0006403271538753157,0.0012388265267655107,0.3436715744831169
14.726,0.0006772542104117277,0.0012248363148549969,0.3747719685139746
14.736,0.0007117846317814071,0.0012110222462595917,0.40479435663891095
14.746,0.0007438799542086001,0.0011973821032525223,0.43366447865688856
14.756,0.0007735092199454064,0.0011839136960292383,0.4613114543940069
14.766,0.0008006489673813836,0.001170614862355852,0.4876680239468245
14.776,0.0008252832032231679,0.0011574834672220097,0.5126707809530977
14.786,0.000847403337281519,0.001144517402498148,0.5362603829243668
14.796,0.0008670081196556244,0.0011317145865970297,0.5583817677547627
14.806,0.0008841035633045172,0.0011190729641395794,0.5789843631619451
14.816,0.0008987028152075795,0.0011065905056249024,0.5980222587604971
14.826,0.0009108259929940132,0.001094265207104477,0.6154543512711637
14.836,0.0009205000170902748,0.001082095089860431,0.6312444853838015
14.846,0.0009277584130030363,0.0010700782000878696,0.6453615690120472
14.856,0.0009326410544826761,0.001058212608581219,0.6577796366571712
14.866,0.0009351939015226871,0.0010464964104245072,0.6684779024328666
14.876,0.0009354687238901493,0.0010349277246855418,0.6774407943346245
14.886,0.0009335227519375764,0.0010235046941139566,0.684657918830769
14.896,0.0009294183115801988,0.0010122254848430243,0.690124000255852
14.906,0.0009232224727996108,0.0010010882860952703,0.6938388192864609
14.916,0.0009150066631517008,0.0009900913098917464,0.695807108224886
14.926,0.0009048462555117399,0.0009792327907649965,0.6960384088578825
14.936,0.0008928201465397841,0.0009685109854756343,0.6945469055979958
14.946,0.0008790103366643079,0.0009579241727324648,0.6913512426029709
14.956,0.0008635015146823243,0.0009474706529161578,0.6864743275018181
14.966,0.000846380631357957,0.0009371487478063855,0.6799431072492481
14.976,0.0008277364869573295,0.0009269568003123964,0.6717883381827299
14.986,0.0008076593330174258,0.000916893174206993,0.6620443509066593
14.996,0.0007862404982187099,0.0009069562538638439,0.6507488198028775
15.006,0.0007635720286567107,0.0008971444439981037,0.6379425289226065
15.016,0.0007397463158639738,0.0008874561694103125,0.6236691092524256
15.026,0.0007148557623604363,0.0008778898747335059,0.6079747949886112
15.036,0.0006889925154962561,0.0008684440241835259,0.5909082312736761
15.046,0.0006622482168267431,0.0008591171013124475,0.572520284872846
15.056,0.0006347137324362465,0.0008499076087651374,0.5528638235845846
15.066,0.0006064789204106366,0.0008408140680388616,0.53199351989758
15.076,0.0005776324476248769,0.0008318350192459354,0.5099656934791041
15.086,0.0005482616398359118,0.0008229690208793327,0.48674233604556083
15.096,0.0005184523375898593,0.0008142146495812854,0.46232809840286604
15.106,0.0004882887614662579,0.0008055704999147588,0.4367965371753333
15.116,0.00045785341141744485,0.0007970351841378306,0.41022277877164237
15.126,0.0004272269986004423,0.0007886073319808984,0.3826834000985129
15.136,0.0003964883701429195,0.000780285590426693,0.35425629610262144
15.146,0.00036571443717309027,0.000772068623493071,0.32502054489265064
15.156,0.0003349801326110021,0.0007639551120185289,0.29505629975778297
15.166,0.0003043583466486989,0.0007559437534504194,0.2644446522227901
15.176,0.0002739198986382463,0.000748033261635845,0.2332675303403841
15.186,0.0002437335218422179,0.0007402223666151726,0.20160760799648716
15.196,0.00021386581956285837,0.0007325098144181621,0.16954817902593483
15.206,0.00018438120974663942,0.0007248943668626389,0.13717301399988352
15.216,0.00015534188554159085,0.0007173748013557234,0.10456623042815871
15.226,0.0001268077832783315,0.0007099499106975508,0.07181216747995858
15.236,9.883653991768628e-05,0.0007026185028874732,0.03899524459111385
15.246,7.148343527285488e-05,0.0006953794009326811,0.006199797399381202
15.256,4.480133392058905e-05,0.0006882314426592632,-0.026490092362856932
15.266,1.8840636712071802e-05,0.0006811734805256152,-0.05899076105036144
15.276,-6.3507856364610504e-06,0.0006742043814382211,-0.09121915438775989
15.286,-3.072766590488384e-05,0.0006673230265697405,-0.12309303374951967
15.296,-5.424740556397422e-05,0.0006605283111793982,-0.15453117917794784
15.306,-7.687014492148956e-05,0.0006538191444356173,-0.1854536051905349
15.316,-9.855882056147657e-05,0.0006471944492409004,-0.21578176752370393
15.326,-0.00011927922218632585,0.0006406531620589172,-0.24543877529382657
15.336,-0.00013900007233656715,0.0006341942327437526,-0.27434963890788777
15.346,-0.0001576930910948537,0.0006278166243713194,-0.3024415064112276
15.356,-0.0001753330444046543,0.0006215193130728958,-0.3296438852746547
15.366,-0.00019189779686318702,0.0006153012878707403,-0.355888875969199
15.376,-0.00020736835571542655,0.0006091615505157969,-0.3811114001219147
15.386,-0.00022172889593611783,0.0006030991153274302,-0.40524940900368667
15.396,-0.00023496678310141686,0.0005971130090351903,-0.42824409353001214
15.406,-0.00024707259776793745,0.0005912022706225513,-0.4500401006093737
15.416,-0.00025804013597878874,0.0005853659511726414,-0.47058572097942764
15.426,-0.00026786639051085213,0.0005796031137158919,-0.48983305309720665
15.436,-0.00027655152636683845,0.0005739128330796204,-0.5077381605217931
15.446,-0.000284098847333151,0.0005682941957395006,-0.5242612176363877
15.456,-0.0002905147576687454,0.0005627462996729091,-0.539366648390798
15.466,-0.00029580869722529155,0.0005572682542141053,-0.5530232268648285
15.476,-0.00029999305603995466,0.0005518591799112466,-0.5652041463595704
15.486,-0.00030308310679915014,0.000546518208385206,-0.5758871105473187
15.496,-0.00030509691996403766,0.0005412444821901505,-0.5850543964896111
15.506,-0.00030605524560595843,0.0005360371546758923,-0.5926928646532343
15.516,-0.00030598141357692193,0.0005308953898519697,-0.5987939895502956
15.526,-0.00030490123723132524,0.0005258183622534278,-0.6033538901306386
15.536,-0.0003028428838825819,0.0005208052568083034,-0.6063733046647547
15.546,-0.00029983675666570497,0.0005158552687067691,-0.6078575751440508
15.556,-0.00029591536940174146,0.0005109676032719342,-0.607816613775433
15.566,-0.00029111320894712703,0.0005061414758322565,-0.6062648421447536
15.576,-0.0002854666114839095,0.000501376111595581,-0.6032211428079399
15.586,-0.0002790136476673434,0.0004966707455247445,-0.5987088163295415
15.596,-0.00027179400260209644,0.0004920246222147611,-0.5927555223354286
15.606,-0.00026384884387797305,0.0004874369957715459,-0.5853931935290866
15.616,-0.00025522069574789074,0.00048290712969217353,-0.5766579502476411
15.626,-0.0002459533222197905,0.0004784342967466311,-0.5665900199661431
15.636,-0.0002360916153811593,0.00047401777886107316,-0.555233656425414
15.646,-0.00022568145123850266,0.00046965686700253914,-0.542636997387615
15.656,-0.00021476955909032966,0.0004653508610651286,-0.5288519337117332
15.666,-0.00020340341391292737,0.00046109906975759724,-0.5139340064872738
15.676,-0.00019163110215715453,0.00045690081049238587,-0.49794225137646164
15.686,-0.00017950117848401347,0.00045275540927602854,-0.48093901697497676
15.696,-0.00016706252394666746,0.00044866220060095355,-0.4629897741801168
15.706,-0.00015436420134184797,0.00044462052733864005,-0.44416290941991143
15.716,-0.00014145529971171635,0.00044062974063412586,-0.42452948763898535
15.726,-0.0001283847695473957,0.0004366891998018323,-0.40416298674937345
15.736,-0.00011520125082255126,0.00043279827222271613,-0.3831390064376926
15.746,-0.00010195289520069492,0.00042895633324270066,-0.36153495283516773
15.756,-8.86871900617449e-05,0.00042516276607239745,-0.3394297117709385
15.766,-7.54507753126283e-05,0.0004214169616880843,-0.3169032949893612
15.776,-6.228923904746144e-05,0.0004177183187339354,-0.2940364341767623
15.786,-4.924692000121257e-05,0.0004140662434254734,-0.2709101709831129
15.796,-3.6366709275098666e-05,0.00041046014945424626,-0.2476054298282772
15.806,-2.3689841683090808e-05,0.0004068994578936988,-0.22420255592360855
15.816,-1.1255692908060763e-05,0.00040338359710623533,-0.2007808474048447
15.826,8.984185934014883e-07,0.00039991200265144047,-0.1774180801467906
15.836,1.273739143617124e-05,0.0003964841171954723,-0.15419008767553663
15.846,2.422851604182152e-05,0.00039309939042157956,-0.13117030068616653
15.856,3.534165845095293e-05,0.0003897572789417575,-0.1084292559042863
15.866,4.604940516103084e-05,0.0003864572462095097,-0.08603416415023454
15.876,5.632720974355376e-05,0.000383198762433714,-0.06404846361985353
15.886,6.615351249458281e-05,0.00037998130449356355,-0.04253141327554946
15.896,7.550981781090766e-05,0.00037680435585458756,-0.021537758259793427
15.906,8.438077029801683e-05,0.00037366740648572827,-0.0011173916573154474
15.916,9.275422656216306e-05,0.0003705699527774553,0.018684981033887937
15.926,0.00010062127797365466,0.0003675114974609176,0.03783008685425093
15.936,0.00010797623252135208,0.00036449154952811457,0.05628425193102793
15.946,0.00011481660861237234,0.0003615096241530634,0.07401959046667494
15.956,0.00012114310332131079,0.0003585652426139681,0.09101414224699367
15.966,0.0001269595015589148,0.00035565793221636346,0.10725188941008526
15.976,0.00013227258514782655,0.0003527872262172311,0.12272276628489989
15.986,0.00013709201948296476,0.00034995266375006256,0.13742261726792737
15.996,0.0001414301961038267,0.00034715378975087743,0.15135305678858124
16.006,0.00014530208669860943,0.0003443901548851615,0.16452134113440747
16.016,0.00014872507992285417,0.00034166131547573315,0.176940194217666
16.026,0.00015171877738028242,0.00033896683343151337,0.18862753713238709
16.036,0.00015430478253638104,0.00033630627617719643,0.19960618845608608
16.046,0.0001565064989473025,0.0003336792165838027,0.2099035690331812
16.056,0.00015834889827651927,0.0003310852329001019,0.21955132915856318
16.066,0.00015985826630489909,0.00032852390868491437,0.22858491321655855
16.076,0.00016106198228319144,0.0003259948327402468,0.23704317747757106
16.086,0.00016198830053915144,0.00032349759904528176,0.24496799749680398
16.096,0.00016266610246738305,0.00032103180669119317,0.25240379716882577
16.106,0.00016312464155402253,0.0003185970598167863,0.2593970462002184
16.116,0.0001633933194872277,0.0003161929675449444,0.26599580809339374
16.126,0.00016350146628806833,0.0003138191439198729,0.2722492820237187
16.136,0.00016347812708201464,0.0003114752078451458,0.2782073448791047
16.146,0.0001633518578213584,0.000309160783022516,0.2839200992708947
16.156,0.0001631505104571981,0.00030687549789151097,0.28943738507834255
16.166,0.00016290104976321107,0.0003046189855697738,0.2948083476913041
16.176,0.00016262938981253418,0.00030239088379417243,0.30008103859751456
16.186,0.000162360251224928,0.0003001908348626343,0.30530205232729607
16.196,0.0001621170200654509,0.00029801848557672503,0.3105161582169062
16.206,0.00016192160335482602,0.0002958734871849445,0.31576591580065005
16.216,0.00016179433526291497,0.0002937554953267335,0.321091396848724
16.226,0.00016175389924465093,0.00029166416997719765,0.3265299379832738
16.236,0.000161817259174656,0.00028959917539251266,0.3321159090764713
16.246,0.00016199961926667648,0.0002875601800560268,0.3378805440250884
16.256,0.00016231437999999387,0.0002855468566250376,0.3438517595800804
16.266,0.00016277309697615587,0.0002835588818782419,0.3500539779209265
16.276,0.00016338548427670754,0.0002815959366638425,0.35650805088002574
16.286,0.00016415943296129102,0.0002796577058483127,0.3632312197638107
16.296,0.0001651010378662505,0.00027774387826580584,0.37023709535003474
16.306,0.00016621464509787364,0.000275854146668197,0.3775356882183561
16.316,0.00016750289891608006,0.0002739882076757612,0.38513343993755955
16.326,0.00016896677384840584,0.00027214576172846297,0.3930332208697655
16.336,0.0001706056283005627,0.0002703265130378712,0.4012343809603583
16.346,0.00017241728110092632,0.0002685301695396669,0.40973285858795494
16.356,0.00017439808246334624,0.0002667564428467596,0.41852127967852476
16.366,0.0001765429873541486,0.000265005048202987,0.4275890661057518
16.376,0.0001788456265427143,0.0002632757044373978,0.4369225419645219
16.386,0.00018129836596017808,0.00026156813391911755,0.4465050144188654
16.396,0.00018389237133904093,0.0002598820625127724,0.4563168704475568
16.406,0.0001866176756936592,0.0002582172195344832,0.4663356838879166
16.416,0.00018946323017390138,0.0002565733377084044,0.4765362844039238
16.426,0.00019241694969775045,0.00025495015312382156,0.4868908158277212
16.436,0.00019546576517519108,0.000253347405192778,0.49736881329042015
16.446,0.00019859567360125578,0.0002517648366082412,0.5079372776124987
16.456,0.00020179177393301492,0.00025020219330279596,0.5185607163640918
16.466,0.00020503830168507986,0.000248659224407853,0.5292011837412421
16.476,0.000208318663305262,0.00024713568221337823,0.539818321934914
16.486,0.0002116154747107763,0.0002456313221281196,0.5503694153363579
16.496,0.00021491060668180756,0.0002441459026403465,0.560809464893996
16.506,0.00021818523062730615,0.000242679185279072,0.5710912662870421
16.516,0.0002214198594314463,0.0002412309345757724,0.581165478434581
16.526,0.00022459439257346999,0.00023980091802658013,0.590980706165878
16.536,0.0002276881719541408,0.0002383889060549626,0.6004836139355777
16.546,0.0002306800581241102,0.00023699467197486275,0.609619096675672
16.556,0.0002335484911050091,0.0002356179919543058,0.6183304153384038
16.566,0.00023627156974972353,0.00023425864497946835,0.6265593855862053
16.576,0.0002388271734447662,0.00023291641281919173,0.634246683604492
16.586,0.00024119306839567,0.00023159107998995234,0.6413321184518376
16.596,0.00024334702549841554,0.00023028243372126344,0.6477549419684718
16.606,0.00024526697025131544,0.00022899026392151842,0.653454251445916
16.616,0.00024693110515666835,0.0002277143631442633,0.6583693270854941
16.626,0.0002483180624924168,0.00022645452655489063,0.6624400582976646
16.636,0.0002494070839216026,0.00022521055189775823,0.6656074511793162
16.646,0.0002501781665955572,0.00022398223946371482,0.6678140549794694
16.656,0.00025061222992313277,0.00022276939205804306,0.6690044525153616
16.666,0.0002506913112555189,0.00022157181496879774,0.6691258381956543
16.676,0.0002503987312778047,0.00022038931593554986,0.6681285231135883
16.686,0.0002497192479460433,0.00021922170511851682,0.6659664168110452
16.696,0.00024863923015753885,0.0002180687950680898,0.6625975707417423
16.706,0.0002471468100307841,0.00021693040069473778,0.657984670603022
16.716,0.00024523201373483674,0.00021580633923929274,0.6520954759241477
16.726,0.00024288688852002176,0.00021469643024361163,0.6449032546458563
16.736,0.00024010560271868215,0.0002136004955216017,0.6363871472861836
16.746,0.0002368845359844777,0.00021251835913061866,0.6265325070955027
16.756,0.00023322235430124253,0.00021144984734321694,0.6153312000687184
16.766,0.00022912002960591744,0.00021039478861926226,0.6027817508265574
16.776,0.00022458084907934516,0.0002093530135783889,0.5888894582412406
16.786,0.00021961042916751735,0.0002083243549728109,0.5736665226420019
16.796,0.00021421667129080719,0.00020730864766047025,0.5571320057158399
16.806,0.00020840966442422484,0.00020630572857852298,0.5393116345269067
16.816,0.00020220160183271788,0.00020531543671716468,0.5202376387081719
16.826,0.00019560667849946958,0.00020433761309377824,0.4999485257926633
16.836,0.00018864094038773416,0.0002033721007274135,0.47848871096770396
16.846,0.00018132213942715126,0.0002024187446135821,0.45590815380045396
16.856,0.00017366956158061789,0.00020147739169937623,0.43226190789330243
16.866,0.0001657038130821347,0.00020054789085889563,0.4076095390371984
16.876,0.0001574466213178669,0.00019963009286898508,0.38201457383148696
16.886,0.0001489206343635977,0.00019872385038527987,0.35554393324285216
16.896,0.00014014920349383282,0.00019782901791854816,0.32826730556671285
16.906,0.00013115618648321443,0.0001969454518113373,0.3002565688429053
16.916,0.00012196575593956221,0.00019607301021490803,0.27158521777012645
16.926,0.00011260219097431384,0.00019521155306646427,0.24232773183419926
16.936,0.00010308969761951706,0.0001943609420666644,0.21255901817756365
16.946,9.345225292657999e-05,0.0001935210406574217,0.18235391604179949
16.956,8.371344646841976e-05,0.0001926917139999796,0.15178668641494975
16.966,7.389636516522808e-05,0.00019187282895326323,0.1209306235748698
16.976,6.402350920074714e-05,0.0001910642540525078,0.08985775449566183
16.986,5.4116717328046844e-05,0.00019026585948815026,0.05863856320949071
16.996,4.4197091652476804e-05,0.00018947751708499176,0.027341711244906697
17.006,3.428495471012054e-05,0.00018869910028161777,-0.003966147230520273
17.016,2.4399859154796855e-05,0.00018793048411008267,-0.0352203926716462
17.026,1.4560617401735527e-05,0.00018717154517584463,-0.06635840535621793
17.036,4.785341784475507e-06,0.00018642216163795752,-0.09731949594452283
17.046,-4.908518686559267e-06,0.00018568221318951002,-0.12804484300676988
17.056,-1.4504113308490908e-05,0.00018495158103830976,-0.15847734154864654
17.066,-2.3985086747924783e-05,0.00018423014788781518,-0.1885613316840474
17.076,-3.33354929190768e-05,0.00018351779791830205,-0.21824237237880018
17.086,-4.253971634162252e-05,0.00018281441676827164,-0.24746703273038542
17.096,-5.1582360690920025e-05,0.00018211989151608866,-0.27618257786606815
17.106,-6.0448130600686164e-05,0.00018143411066185518,-0.30433662773932757
17.116,-6.912175013504245e-05,0.00018075696410950899,-0.3318769221736194
17.126,-7.758787993277264e-05,0.0001800883431491485,-0.35875107688343144
17.136,-8.583102215716347e-05,0.00017942814043958073,-0.3849062968995586
17.146,-9.383544590532605e-05,0.0001787762499910885,-0.4102891480213859
17.156,-0.00010158512678748983,0.00017813256714841537,-0.4348453677895335
17.166,-0.00010906368232596726,0.00017749698857396243,-0.4585196596637809
17.176,-0.00011625433492097424,0.00017686941223120064,-0.4812555690740948
17.186,-0.00012313990445098218,0.00017624973736828775,-0.5029954491297873
17.196,-0.00012970280050302364,0.00017563786450189493,-0.5236804236142215
17.206,-0.00013592501921924762,0.0001750336954012351,-0.5432503629719396
17.216,-0.00014178813865972086,0.00017443713307229184,-0.5616438544194771
17.226,-0.00014727334586407182,0.0001738480817422499,-0.5787982702137792
17.236,-0.00015236148978215965,0.0001732664468441178,-0.594649917180988
17.246,-0.0001570331266912281,0.00017269213500154746,-0.6091341634453531
17.256,-0.00016126856609952156,0.00017212505401384176,-0.622185567247802
17.266,-0.00016504791334194478,0.00017156511284115446,-0.6337379958379227
17.276,-0.00016835112060960527,0.0001710122215898729,-0.6437247715676746
17.286,-0.0001711580407341012,0.00017046629149818765,-0.6520788276030147
17.296,-0.00017344847835556283,0.00016992723492184158,-0.658732856253502
17.306,-0.000175202264595981,0.00016939496532005968,-0.663619532993918
17.316,-0.00017639929918476094,0.00016886939724165655,-0.6666716383954517
17.326,-0.0001770195778672288,0.00016835044631131597,-0.6678221337249165
17.336,-0.00017704324005232428,0.00016783802921604767,-0.6670043015074791
17.346,-0.00017645061525070082,0.00016733206369181004,-0.6641518831459811
17.356,-0.00017522224936166218,0.00016683246851030475,-0.6591991529175635
17.366,-0.00017333891712912513,0.00016633916346593588,-0.6520809480386319
17.376,-0.00017078165917898118,0.00016585206936293266,-0.642732777986253
17.386,-0.00016753181731755422,0.0001653711080026371,-0.6310909292429095
17.396,-0.000163571052795008,0.00016489620217094824,-0.6170925161420033
17.406,-0.00015888137862831185,0.00016442727562592747,-0.6006755777672284
17.416,-0.00015344521230796265,0.00016396425308555686,-0.5817792419325603
17.426,-0.0001472454309853913,0.00016350706021565537,-0.5603438989902199
17.436,-0.0001402654094535263,0.0001630556236179433,-0.5363113217473539
17.446,-0.00013248907013060766,0.0001626098708182603,-0.509624826083634
17.456,-0.00012390097511841955,0.00016216973025492905,-0.4802295705575807
17.466,-0.00011448643362053221,0.00016173513126726738,-0.44807290910279557
17.476,-0.00010423160243275536,0.0001613060040842445,-0.4131047245950109
17.486,-9.312359680234742e-05,0.0001608822798132792,-0.3752777997265335
17.496,-8.115062786982245e-05,0.0001604638904291802,-0.3345482784662212
17.506,-6.830215555587773e-05,0.0001600507687632251,-0.2908761822651794
17.516,-5.4569042309348745e-05,0.00015964284849237766,-0.24422593362858028
17.526,-3.9943716900148634e-05,0.00015924006412863884,-0.19456691719704602
17.536,-2.4420365268429686e-05,0.00015884235100853487,-0.14187413437012822
17.546,-7.995117288458995e-06,0.00015844964528273525,-0.086128849408962
17.556,9.333776673780113e-06,0.0001580618839058021,-0.027319206652750266
17.566,2.7565753837538058e-05,0.00015767900462606966,0.034559096985642024
17.576,4.669774852664715e-05,0.00015730094597564903,0.09950213975681838
17.586,6.560757996056869e-05,0.00015692764726056148,0.16379600740717504
17.596,8.354590344368803e-05,0.00015655904855099346,0.2249461783822789
17.606,0.00010051076703479161,0.00015619509067167615,0.28293020468777846
17.616,0.0001165030494866429,0.00015583571519238475,0.3377355745359131
17.626,0.00013152625974744821,0.0001554808644185584,0.3893590968754437
17.636,0.0001455863419267775,0.000155130481382038,0.43780629676230326
17.646,0.00015869146638279849,0.00015478450983191994,0.48309075726356404
17.656,0.00017085182325017817,0.00015444289422552593,0.5252334623258805
17.666,0.0001820794093079989,0.00015410557971948588,0.5642621104361181
17.676,0.00019238782098687026,0.00015377251216093372,0.6002104421335887
17.686,0.00020179205898772351,0.00015344363807881297,0.6331176002462762
17.696,0.00021030832987969396,0.00015311890467529282,0.6630274740623107
17.706,0.0002179538700821648,0.00015279825981729208,0.6899881127823809
17.716,0.00022474678245391634,0.00015248165202810915,0.714051176188266
17.726,0.00023070585308645797,0.0001521690304791586,0.7352713140633313
17.736,0.00023585037761435674,0.00015186034498181005,0.7537055729503029
17.746,0.00024020002920294416,0.00015155554597933213,0.7694129391457721
17.756,0.0002437747380659514,0.0001512545845389354,0.7824539171856225
17.766,0.0002465945686183601,0.00015095741234391765,0.7928900973628725
17.776,0.0002486796200012445,0.0001506639816859059,0.8007837993971125
17.786,0.00025004992951839755,0.00015037424545719845,0.806197723603136
17.796,0.00025072538341912645,0.00015008815714320154,0.8091946249925579
17.806,0.00025072566396620936,0.0001498056708149617,0.8098371088310771
17.816,0.00025007018955759436,0.00014952674112179258,0.8081874016888124
17.826,0.0002487780716272184,0.00014925132328399415,0.804307178660225
17.836,0.00024686810943421583,0.00014897937308566396,0.7982575188428853
17.846,0.0002443587735105966,0.00014871084686759824,0.7900988222657491
17.856,0.00024126818692851086,0.000148445701520283,0.7798907196742295
17.866,0.00023761413839397838,0.00014818389447697353,0.7676920911794975
17.876,0.00023341409692522754,0.0001479253837068599,0.7535610910211
17.886,0.00022868523230885787,0.00014767012770832027,0.737555192955737
17.896,0.00022344446026996,0.00014741808550225698,0.7197313212359957
17.906,0.00021770847489695135,0.0001471692166255191,0.7001459392780861
17.916,0.00021149376889145933,0.0001469234811244051,0.6788550977928487
17.926,0.00020481668580134906,0.0001466808395482498,0.6559145938018032
17.936,0.0001976934930536566,0.00014644125294308976,0.6313802027476784
17.946,0.00019014041300611324,0.00014620468284541065,0.6053077682318403
17.956,0.00018217363752421538,0.00014597109127597165,0.577753236293639
17.966,0.00017380939879685074,0.00014574044073370826,0.548772884127106
17.976,0.00016506404078984292,0.00014551269418971205,0.5184235527476316
17.986,0.00015595404401805117,0.0001452878150812857,0.4867627205183031
17.996,0.00014649606083149807,0.0001450657673060736,0.45384861391343895
18.006,0.00013670695375708235,0.00014484651521626553,0.41974032999606753
18.016,0.0001266038312673514,0.00014463002361287395,0.3844979512197063
18.026,0.00011620406440601974,0.0001444162577400829,0.34818259499419446
18.036,0.00010552531289016283,0.00014420518327966866,0.31085649666556103
18.046,9.458557548188912e-05,0.00014399676634548996,0.27258317726957165
18.056,8.340320733361923e-05,0.00014379097347804758,0.23342749791420744
18.066,7.19969148226047e-05,0.00014358777163911348,0.1934556366918773
18.076,6.0385754129911714e-05,0.00014338712820642608,0.1527350787485246
18.086,4.8589127952915534e-05,0.00014318901096845363,0.11133460003912213
18.096,3.662680169748475e-05,0.0001429933881192222,0.06932431887499202
18.106,2.4518944844184037e-05,0.00014280022825321036,0.026775835263895417
18.116,1.2286119703117384e-05,0.00014260950036030677,-0.0162378123168593
18.126,-5.076536825236516e-08,0.0001424211738208318,-0.05964231398277522
18.136,-1.2470478520751758e-05,0.00014223521840062213,-0.10336217171730397
18.146,-2.49514857847606e-05,0.0001420516042461764,-0.14732077886296707
18.156,-3.747196581370402e-05,0.00014187030187986306,-0.19144047666453387
18.166,-5.0009811668707426e-05,0.00014169128219518768,-0.23564256571272965
18.176,-6.254267807832012e-05,0.00014151451645212014,-0.2798474762510107
18.186,-7.504804894835835e-05,0.00014133997627248075,-0.323975009728676
18.196,-8.750327731230518e-05,0.0001411676336353845,-0.3679444846411917
18.206,-9.988562866205095e-05,0.00014099746087274244,-0.41167489448681566
18.216,-0.00011217233867029681,0.00014082943066481954,-0.4550851163571016
18.226,-0.0001243406654568176,0.00014066351603584935,-0.49809410062860415
18.236,-0.0001363679474111725,0.00014049969034970273,-0.5406210799904403
18.246,-0.0001482317000039433,0.00014033792730561208,-0.5825859153664306
18.256,-0.0001599097181264911,0.00014017820093394843,-0.6239094618377092
18.266,-0.00017138013132531242,0.00014002048559205298,-0.6645137693949521
18.276,-0.00018262144495996845,0.0001398647559601197,-0.704322233870049
18.286,-0.0001936126080794716,0.00013971098703713096,-0.7432598411640251
18.296,-0.00020433310946349606,0.00013955915413684363,-0.7812535099598679
18.306,-0.00021476305863359077,0.00013940923288382573,-0.8182323813765232
18.316,-0.00022488324665942628,0.00013926119920954364,-0.8541280372133648
18.326,-0.00023467521302796156,0.0001391150293484977,-0.8888747386024127
18.336,-0.0002441212883020057,0.00013897069983440704,-0.9224095785705037
18.346,-0.0002532046282410704,0.00013882818749644217,-0.9546726038946519
18.356,-0.00026190924820208004,0.00013868746945550534,-0.9856069368362158
18.366,-0.0002702200535285201,0.00013854852312055732,-1.0151588814135089
18.376,-0.00027812287948166426,0.00013841132618499046,-1.0432780623344644
18.386,-0.0002856044854674852,0.00013827585662304795,-1.0699174015676378
18.396,-0.00029265253916302696,0.00013814209268628742,-1.0950330579911705
18.406,-0.00029925561645773003,0.00013801001290008976,-1.1185844218997543
18.416,-0.0003054031466542111,0.00013787959606021105,-1.140533914847943
18.426,-0.0003110853851692039,0.00013775082122937906,-1.1608468854601912
18.436,-0.00031629341915785436,0.00013762366773393135,-1.1794916210110502
18.446,-0.00032101912842373646,0.00013749811516049673,-1.1964392000857005
18.456,-0.0003252551201602112,0.0001373741433527179,-1.2116632517651877
18.466,-0.00032899466372679476,0.0001372517324080154,-1.2251397143382288
18.476,-0.0003322316516832284,0.00013713086267439273,-1.236846686769702
18.486,-0.00033496058252582107,0.00013701151474728102,-1.246764357061139
18.496,-0.00033717653039815737,0.0001368936694664243,-1.2548748845997684
18.506,-0.00033887509788195014,0.00013677730791280282,-1.2611622227227262
18.516,-0.0003400523917187493,0.00013666241140559643,-1.2656120230522787
18.526,-0.0003407050188933623,0.00013654896149918516,-1.268211612919225
18.536,-0.0003408300823365213,0.00013643693998018796,-1.2689499724077462
18.546,-0.0003404251932100765,0.00013632632886453888,-1.2678177714844139
18.556,-0.00033948852470244435,0.00013621711039459968,-1.2648075562560974
18.566,-0.000338018855605461,0.00013610926703630922,-1.2599139004893951
18.576,-0.0003360155949520872,0.00013600278147636824,-1.2531334911317233
18.586,-0.0003334788477371175,0.00013589763661946011,-1.2444653617190922
18.596,-0.00033040950634300955,0.00013579381558550624,-1.233911219280323
18.606,-0.0003268093580837898,0.0001356913017069561,-1.2214758307858669
18.616,-0.00032268117753638887,0.00013559007852611147,-1.207167357449145
18.626,-0.0003180288093342357,0.00013549012979248415,-1.1909976567438572
18.636,-0.00031285727780640385,0.00013539143946018732,-1.172982681894027
18.646,-0.00030717289678472464,0.00013529399168535927,-1.153142883699909
18.656,-0.0003009833688558405,0.00013519777082362003,-1.131503576474592
18.666,-0.00029429787863484544,0.0001351027614275596,-1.1080952842531022
18.676,-0.00028712716955555355,0.00013500894824425814,-1.0829540293461855
18.686,-0.00027948360321557945,0.0001349163162128372,-1.0561215595898303
18.696,-0.0002713812163237997,0.0001348248504620419,-1.0276455677753589
18.706,-0.00026283578204788484,0.00013473453630785334,-0.9975799274136353
18.716,-0.00025386482745866053,0.00013464535925113128,-0.9659847720367979
18.726,-0.0002444875932235293,0.00013455730497528655,-0.9329263680276129
18.736,-0.00023472501212270592,0.0001344703593439824,-0.8984770544644426
18.746,-0.0002245996722916721,0.00013438450839886525,-0.8627151278516622
18.756,-0.00021413571401522185,0.0001342997383573237,-0.825724488169973
18.766,-0.00020335872816490083,0.000134216035610276,-0.7875942898167159
18.776,-0.00019229566728778432,0.00013413338671998485,-0.7484186369380821
18.786,-0.00018097469240023782,0.00013405177841790055,-0.7082960471387253
18.796,-0.0001694249927379335,0.00013397119760253065,-0.6673288166486665
18.806,-0.00015767662214612166,0.00013389163133733652,-0.6256224436037137
18.816,-0.0001457602978724705,0.0001338130668486567,-0.58328491476196
18.826,-0.0001337071898045699,0.000133735491523656,-0.5404259561461485
18.836,-0.00012154872894324716,0.00013365889290830086,-0.49715635130294156
18.846,-0.00010931640627811519,0.0001335832587053597,-0.453587223637838
18.856,-9.704155322080255e-05,0.00013350857677242895,-0.40982925086620925
18.866,-8.47551327233399e-05,0.0001334348351199835,-0.36599191634661143
18.876,-7.248752359361691e-05,0.00013336202190945202,-0.32218273457505475
18.886,-6.0268319914596346e-05,0.00013329012545131635,-0.2785065297000373
18.896,-4.812616977232035e-05,0.00013321913420323475,-0.23506485447859807
18.906,-3.608861253106638e-05,0.00013314903676818905,-0.19195540331582578
18.916,-2.418192527233817e-05,0.00013307982189265482,-0.14927145773900857
18.926,-1.2430991210154087e-05,0.00013301147846479482,-0.10710141063686716
18.936,-8.591785696158423e-07,0.00013294399551267498,-0.06552832786554944
18.946,1.0511768673708406e-05,0.00013287736220250307,-0.02462955229836756
18.956,2.166179844894904e-05,0.00013281156783688934,0.015523542207471458
18.966,3.2572592261573415e-05,0.00013274660185312918,0.05486570283638681
18.976,4.322759817034772e-05,0.0001326824538215074,0.0933379180129496
18.986,5.361203136863244e-05,0.0001326191134436238,0.13088742042172474
18.996,6.371287039515548e-05,0.00013255657055073983,0.16746767381833857
19.006,7.351885319854209e-05,0.00013249481510214613,0.20303835889264962
19.016,8.302042279788085e-05,0.00013243383718355064,0.23756517689114082
19.026,9.220965032889993e-05,0.00013237362700548673,0.2710195710241341
19.036,0.00010108019224765306,0.00013231417490174185,0.30337857061531565
19.046,0.00010962721375406599,0.0001322554713278056,0.3346245131329737
19.056,0.00011784725958372147,0.00013219750685933732,0.364744576054482
19.066,0.0001257381547122961,0.00013214027219065336,0.3937304165423629
19.076,0.00013329891705782455,0.0001320837581332328,0.4215778544434446
19.086,0.00014052962124832006,0.00013202795561424274,0.4482863787119289
19.096,0.0001474312674778363,0.00013197285567508122,0.4738586725124243
19.106,0.00015400566791986398,0.00013191844946993945,0.4983002023797755
19.116,0.00016025532490192328,0.0001318647282643815,0.5216187782970305
19.126,0.00016618329992619784,0.00013181168343394202,0.5438240812582718
19.136,0.00017179306989975688,0.00013175930646274178,0.5649271453513592
19.146,0.0001770884016835064,0.0001317075889421203,0.5849399069791114
19.156,0.00018207323789060732,0.0001316565225692863,0.6038747957557775
19.166,0.00018675157412089397,0.00013160609914598435,0.6217442955511399
19.176,0.00019112734032051214,0.000131556310577179,0.6385605214819638
19.186,0.00019520428995335246,0.00013150714886975498,0.6543348260332387
19.196,0.0001989858991865952,0.00013145860613123414,0.66907744234189
19.206,0.00020247528785729684,0.00013141067456850838,0.6827972073689946
19.216,0.00020567512020016902,0.0001313633464865884,0.6955012127105326
19.226,0.0002085875123110448,0.00013131661428736842,0.7071944803544351
19.236,0.00021121397336891046,0.0001312704704684064,0.7178797612059992
19.246,0.0002135553750240515,0.00013122490762171952,0.7275574362865058
19.256,0.000215611927332365,0.000131179918432595,0.7362254420570084
19.266,0.00021738314239759288,0.0001311354956784156,0.7438791512491695
19.276,0.00021886782789123536,0.00013109163222750034,0.7505113619184127
19.286,0.00022006411591341812,0.00013104832103795933,0.7561124145323062
19.296,0.00022096949435397272,0.0001310055551565635,0.7606703179637438
19.306,0.00022158085346297355,0.00013096332771762802,0.7641709301374501
19.316,0.00022189457876193423,0.00013092163194191038,0.766598306076818
19.326,0.00022190664243158245,0.00013088046113552182,0.7679350398021287
19.336,0.00022161268281426324,0.00013083980868885291,0.7681625623484835
19.346,0.0002210081278174467,0.00013079966807551209,0.7672615982480032
19.356,0.00022008834751379195,0.00013076003285127826,0.7652127270691282
19.366,0.00021884880501503985,0.00013072089665306605,0.7619969376530038
19.376,0.00021728521607716037,0.00013068225319790437,0.7575962129981864
19.386,0.00021539370681063503,0.00013064409628192754,0.7519941073336628
19.396,0.00021317096626479116,0.00013060641977937957,0.745176303662587
19.406,0.00021061441633226537,0.00013056921764163058,0.7371312332627402
19.416,0.00020772239096239356,0.0001305324838962057,0.7278507282111322
19.426,0.00020449429631676333,0.00013049621264582645,0.7173306039091076
19.436,0.00020093074815268937,0.0001304603980674637,0.7055711581248602
19.446,0.0001970337123857341,0.00013042503441140307,0.692577681090687
19.456,0.00019280661784566348,0.0001303901160003218,0.6783608641512907
19.466,0.00018825445420414104,0.00013035563722837716,0.6629371542333714
19.476,0.00018338386870851654,0.0001303215925603067,0.6463291039182317
19.486,0.00017820322404107127,0.00013028797653053952,0.6285655801681009
19.496,0.00017272262997245933,0.00013025478374231877,0.6096818777367506
19.506,0.00016695395708903803,0.00013022200886683529,0.5897197675243174
19.516,0.0001609108259483292,0.00013018964664237215,0.5687274560588521
19.526,0.00015460856013060223,0.0001301576918734599,0.5467594141517281
19.536,0.0001480641237019945,0.00013012613943004254,0.5238761492938931
19.546,0.00014129604914229859,0.0001300949842466537,0.5001439439214208
19.556,0.00013432433866744422,0.00013006422132160375,0.47563449756643744
19.566,0.00012717032842128883,0.00013003384571617663,0.45042443464837756
19.576,0.0001198565471677844,0.00013000385255383708,0.42459479286295987
19.586,0.00011240659052221871,0.00012997423701944757,0.3982305687452347
19.596,0.00010484495517025484,0.00012994499435849556,0.3714201181837238
19.606,9.719686019612351e-05,0.0001299161198763299,0.34425451057258794
19.616,8.948808416710098e-05,0.00012988760893740747,0.3168269410211705
19.626,8.174478088650153e-05,0.0001298594569645486,0.28923206534396145
19.636,7.399330587554346e-05,0.00012983165943820262,0.2615653743709875
19.646,6.626005354580351e-05,0.00012980421189572204,0.23392260738088388
19.656,5.857128526097434e-05,0.00012977710993064624,0.20639913236684615
19.666,5.0952956652298505e-05,0.00012975034919199393,0.17908932364712546
19.676,4.3430557501387756e-05,0.00012972392538356477,0.15208598524449224
19.686,3.602896619363488e-05,0.00012969783426324956,0.12547982695513477
19.696,2.8772314384127118e-05,0.00012967207164234925,0.09935897707729226
19.706,2.1683869250404738e-05,0.00012964663338490252,0.07380855872253371
19.716,1.4785906627799096e-05,0.00012962151540702165,0.04891023235756296
19.726,8.099595048039168e-06,0.00012959671367623703,0.024741777339392333
19.736,1.6449076320596386e-06,0.00012957222421084973,0.0013767740816839338
19.746,-4.559463570543505e-06,0.00012954804307929225,-0.02111570573006278
19.756,-1.049619321717196e-05,0.0001295241663994974,-0.04267140972549065
19.766,-1.614940163407271e-05,0.00012950059033827499,-0.06323119196067209
19.776,-2.1504711293960448e-05,0.0001294773111106965,-0.08274121884491328
19.786,-2.654929568328092e-05,0.00012945432497948748,-0.10115314823530998
19.796,-3.1271925772303875e-05,0.00012943162825442743,-0.1184243005605414
19.806,-3.5663002224756824e-05,0.00012940921729175754,-0.13451777861544253
19.816,-3.971457922592743e-05,0.00012938708849359555,-0.14940255736510416
19.826,-4.342038903590743e-05,0.00012936523830735827,-0.16305357685457372
19.836,-4.6775860161273004e-05,0.0001293436632251912,-0.17545181221428047
19.846,-4.977812011766381e-05,0.00012932235978340532,-0.1865842875721132
19.856,-5.2425982336840466e-05,0.00012930132456192114,-0.19644403225915646
19.866,-5.4719928440583795e-05,0.00012928055418371954,-0.2050300200084025
19.876,-5.666208825246809e-05,0.00012926004531429961,-0.2123470995566697
19.886,-5.825620314029515e-05,0.00012923979466114346,-0.2184058642542962
19.896,-5.950758599994704e-05,0.00012921979897318747,-0.22322250919368614
19.906,-6.0423084272320954e-05,0.0001292000550403004,-0.22681869886874303
19.916,-6.101103594606693e-05,0.0001291805596927682,-0.22922140873208308
19.926,-6.128121080432556e-05,0.00012916130980078488,-0.2304627126508435
19.936,-6.124472730321006e-05,0.0001291423022739502,-0.23057948092508637
19.946,-6.091396317349207e-05,0.00012912353406077353,-0.2296130547976198
19.956,-6.03024865077856e-05,0.00012910500214818394,-0.22760899556525416
19.966,-5.942498777745985e-05,0.0001290867035610464,-0.2246168370461408
19.976,-5.829717892689596e-05,0.00012906863536168433,-0.22068971768134105
19.986,-5.693568885615895e-05,0.0001290507946494078,-0.21588399942990982
19.996,-5.535797558671667e-05,0.00012903317856004793,-0.2102589479243786
20.006,-5.3582230246384475e-05,0.0001290157842654971,-0.20387638326802168
20.016,-5.162726289384049e-05,0.00012899860897325487,-0.19680026504943593
20.026,-4.9512398230006896e-05,0.00012898164992597964,-0.1890963141868846
20.036,-4.725738023687577e-05,0.00012896490440104615,-0.1808316683616012
20.046,-4.4882266621481764e-05,0.00012894836971010816,-0.17207450134300276
20.056,-4.2407315022762686e-05,0.00012893204319866698,-0.16289361341880432
20.066,-3.985286739766291e-05,0.00012891592224564537,-0.15335801647064332
20.076,-3.7239258147536076e-05,0.00012890000426296657,-0.14353660719524758
20.086,-3.458672419119116e-05,0.00012888428669513902,-0.13350130291926363
20.096,-3.191528033794923e-05,0.00012886876701884595,-0.12333104701736981
20.106,-2.9244606290328306e-05,0.00012885344274254028,-0.11310448894970618
20.116,-2.659395822498662e-05,0.00012883831140604482,-0.10289865013839214
20.126,-2.3982074360629282e-05,0.00012882337058015697,-0.0927885547645976
20.136,-2.1427070955924875e-05,0.0001288086178662591,-0.08284682733170673
20.146,-1.8946336488679433e-05,0.00012879405089593317,-0.07314328542939677
20.156,-1.655642784061413e-05,0.00012877966733058072,-0.06374454179314859
20.166,-1.4272976826710321e-05,0.00012876546486104728,-0.0547136462107472
20.176,-1.2110621192107736e-05,0.00012875144120725178,-0.046109818867944505
20.186,-1.0082937167358964e-05,0.00012873759411782034,-0.03798819133420164
20.196,-8.202353365370873e-06,0.000128723921369725,-0.03039948135797356
20.206,-6.480060845067312e-06,0.0001287104207679268,-0.023389655495799924
20.216,-4.925946070288433e-06,0.00012869709014502325,-0.016999677202803
20.226,-3.5485473443600117e-06,0.00012868392736090052,-0.01126534268730725
20.236,-2.3550218668934214e-06,0.00012867093030238984,-0.006217157485773481
20.246,-1.351107828063401e-06,0.00012865809688292817,-0.0018801964927431985
20.256,-5.4109648151019e-07,0.00012864542504222333,0.0017259981495494
20.266,7.217937199147805e-08,0.00012863291274592314,0.004587457831171671
20.276,4.873671570621391e-07,0.00012862055798528889,0.0066958645319298
20.286,7.045841895558799e-07,0.0001286083587768728,0.00804850926129335
20.296,7.253835724198598e-07,0.00012859631316219968,0.008648162478732213
20.306,5.527193327879736e-07,0.00012858441920745242,0.008502940977336889
20.316,1.9089344820555552e-07,0.00012857267500316155,0.007626107879438435
20.326,-3.5449447963158137e-07,0.00012856107866389876,0.00603588175674496
20.336,-1.0765784278645062e-06,0.0001285496283279742,0.0037553153781516814
20.346,-1.967303050905954e-06,0.00012853832215713743,0.0008120063977195965
20.356,-3.0175338549505367e-06,0.00012852715833628256,-0.002762313165246085
20.366,-4.217143008263347e-06,0.00012851613507315672,-0.006932098384898942
20.376,-5.555098818005204e-06,0.0001285052505980723,-0.011658326096817575
20.386,-7.0195714855955085e-06,0.00012849450316362293,-0.016898888925980037
20.396,-8.59803283966836e-06,0.00012848389104440288,-0.02260896704234026
20.406,-1.027735637852065e-05,0.00012847341253673005,-0.028741400659878152
20.416,-1.204393261164104e-05,0.0001284630659583726,-0.0352471181369924
20.426,-1.3883792277306399e-05,0.00012845284964827866,-0.04207559248518506
20.436,-1.5782719842215023e-05,0.00012844276196630983,-0.04917526177736034
20.446,-1.772636483228584e-05,0.00012843280129297782,-0.056493941234632826
20.456,-1.970034997551106e-05,0.0001284229660291845,-0.06397922349758947
20.466,-2.1690352031203454e-05,0.00012841325459596502,-0.07157877850541462
20.476,-2.3682193299017822e-05,0.00012840366543423454,-0.07924069176110592
20.486,-2.5661941382977664e-05,0.0001283941970045378,-0.08691383260786903
20.496,-2.7615989557706504e-05,0.000128384847786802,-0.09454815154238395
20.506,-2.9531140528024722e-05,0.00012837561628009273,-0.10209498981216202
20.516,-3.139468273558808e-05,0.0001283665010023731,-0.10950736153548715
20.526,-3.3194444428864635e-05,0.00012835750049026572,-0.11674015444542873
20.536,-3.4918831717661255e-05,0.00012834861329881787,-0.12375027213602008
20.546,-3.655686381176911e-05,0.00012833983800126936,-0.13049676579556904
20.556,-3.809821546242541e-05,0.00012833117318882366,-0.13694099230967988
20.566,-3.953324356102296e-05,0.00012832261747042163,-0.14304671471828204
20.576,-4.0853002827667486e-05,0.0001283141694725182,-0.14878016296577606
20.586,-4.20492589782457e-05,0.00012830582783886186,-0.1541100855420982
20.596,-4.311448539447569e-05,0.00012829759123027698,-0.1590077408418517
20.606,-4.4041833883538176e-05,0.00012828945832444878,-0.16344679348031388
20.616,-4.48251135730949e-05,0.00012828142781571097,-0.1674032402909914
20.626,-4.545878463536444e-05,0.00012827349841483632,-0.1708553908926097
20.636,-4.59379265795681e-05,0.00012826566884882948,-0.17378375531501333
20.646,-4.625820104752947e-05,0.00012825793786072273,-0.17617091157928
20.656,-4.641582927310404e-05,0.00012825030420937424,-0.17800142689179607
20.666,-4.640756100240356e-05,0.0001282427666692686,-0.17926174715187224
20.676,-4.623063877076282e-05,0.00012823532403032032,-0.1799400692495796
20.686,-4.588276756060479e-05,0.00012822797509767943,-0.18002623318185165
20.696,-4.5362077295189045e-05,0.00012822071869153962,-0.17951158782139529
20.706,-4.466709111255246e-05,0.000128213553646949,-0.17838887765328887
20.716,-4.379669386138398e-05,0.00012820647881362285,-0.17665213014953132
20.726,-4.275013196539211e-05,0.00012819949305575918,-0.17429665781096787
20.736,-4.152702375763584e-05,0.0001281925952518562,-0.1713190982598806
20.746,-4.012731582255275e-05,0.00012818578429453243,-0.16771725652158476
20.756,-3.855126938675868e-05,0.00012817905909034874,-0.16349005774793546
20.766,-3.679947632012931e-05,0.000128172418559633,-0.15863760838758784
20.776,-3.487285465036981e-05,0.0001281658616363066,-0.15316118187212122
20.786,-3.277267427598048e-05,0.0001281593872677134,-0.14706331482786697
20.796,-3.0500597888994505e-05,0.00012815299441445066,-0.14034795921689597
20.806,-2.805867256074937e-05,0.00012814668205020225,-0.13302045390329031
20.816,-2.544934251601671e-05,0.00012814044916157377,-0.1250875739789225
20.826,-2.2675517176388116e-05,0.00012813429474793002,-0.1165577828092505
20.836,-1.9740580531870152e-05,0.00012812821782123417,-0.10744126923568184
20.846,-1.6648375246825133e-05,0.00012812221740588932,-0.09774989216218827
20.856,-1.34032550800895e-05,0.00012811629253858174,-0.08749737547810375
20.866,-1.001013592387167e-05,0.00012811044226812627,-0.07669949801894915
20.876,-6.474504910015998e-06,0.00012810466565531367,-0.06537413005313666
20.886,-2.8024392728796113e-06,0.00012809896177275973,-0.05354130557528134
20.896,9.99384836064852e-07,0.00012809332970475644,-0.04122325757068708
20.906,4.923703372153937e-06,0.000128087768547125,-0.028444380503167752
20.916,8.962660299711745e-06,0.0001280822774070707,-0.015231248022271625
20.926,1.3107813191147976e-05,0.0001280768554030394,-0.0016125948191461278
20.936,1.7350140020388955e-05,0.00012807150166457623,0.012380706008121578
20.946,2.168005408617862e-05,0.00012806621533218576,0.02671569556494513
20.956,2.6087445806398812e-05,0.00012806099555719402,0.0413574805670303
20.966,3.056173254472348e-05,0.00012805584150161217,0.05626941467124297
20.976,3.509191454231447e-05,0.0001280507523380021,0.0714133026883173
20.986,3.966661940800511e-05,0.00012804572724934348,0.08674956301994396
20.996,4.4274153817462846e-05,0.00012804076542890274,0.10223741667439773
21.006,4.890257226207594e-05,0.0001280358660801034,0.11783513918779688
21.016,5.3539751681512055e-05,0.00012803102841639822,0.13350033437095957
21.026,5.8173465852818235e-05,0.00012802625166114304,0.1491902073192246
21.036,6.279145865293695e-05,0.00012802153504747193,0.16486183341180022
21.046,6.738153963008538e-05,0.00012801687781817424,0.18047250900408424
21.056,7.193167115893594e-05,0.00012801227922557291,0.19598007109042767
21.066,7.643001776752038e-05,0.00012800773853140448,0.21134307805537755
21.076,8.08650140975944e-05,0.00012800325500670058,0.22652105839344638
21.086,8.522545714629066e-05,0.0001279988279316709,0.24147484808248576
21.096,8.950057313015142e-05,0.00012799445659558765,0.25616683452431444
21.106,9.368008506246056e-05,0.0001279901402966714,0.2705612023439106
21.116,9.775427036694876e-05,0.00012798587834197842,0.2846241417873274
21.126,0.0001017139951381939,0.00012798167004728954,0.2983239708870958
21.136,0.00010555074685904559,0.00012797751473700021,0.3116312511389461
21.146,0.00010925666011445473,0.00012797341174401202,0.3245188765188835
21.156,0.00011282455528265997,0.0001279693604096257,0.3369622093680492
21.166,0.00011624795378224016,0.0001279653600834352,0.34893912959010265
21.176,0.00011952107576202297,0.00012796141012322355,0.3604300187059285
21.186,0.00012263884061172834,0.00012795750989485946,0.371417753603758
21.196,0.00012559683261820388,0.00012795365877219572,0.3818875718353919
21.206,0.00012839125724250561,0.00012794985613696853,0.3918269019062535
21.216,0.00013101894049137987,0.00012794610137869844,0.4012253511595766
21.226,0.0001334773056426814,0.00012794239389459213,0.41007461063091766
21.236,0.00013576431167657574,0.00012793873308944575,0.4183682195958349
21.246,0.0001378784039997498,0.00012793511837554933,0.42610137519709657
21.256,0.00013981845047388947,0.0001279315491725925,0.4332706885264628
21.266,0.00014158367522178433,0.0001279280249075712,0.4398739331066687
21.276,0.00014317361408310836,0.00012792454501469583,0.4459098732494697
21.286,0.00014458805721686115,0.00012792110893530028,0.4513780460286877
21.296,0.00014582698543914199,0.00012791771611775233,0.45627852136701563
21.306,0.0001468905239929151,0.00012791436601736507,0.4606117271188147
21.316,0.00014777887067536302,0.00012791105809630948,0.4643781813550166
21.326,0.00014849224300955927,0.00012790779182352804,0.46757829577870247
21.336,0.00014903086529325407,0.00012790456667464945,0.4702123264617823
21.346,0.00014939493632222243,0.00012790138213190455,0.4722802549301205
21.356,0.0001495845928152605,0.00012789823768404312,0.4737816549387087
21.366,0.00014959989596464624,0.0001278951328262518,0.47471564539411676
21.376,0.0001494408159024158,0.0001278920670600731,0.4750808369270003
21.386,0.00014910723004767684,0.0001278890398933253,0.47487533060776943
21.396,0.00014859894619944665,0.00012788605084002353,0.4740968082657534
21.406,0.0001479157319251412,0.00012788309942030163,0.4727426467240679
21.416,0.0001470573564406373,0.00012788018516033523,0.47081007875441444
21.426,0.0001460236341040349,0.00012787730759226563,0.4682963606231641
21.436,0.000144814453273364,0.00012787446625412468,0.4651988865347764
21.446,0.00014342981523395487,0.00012787166068976063,0.4615153405927658
21.456,0.00014186989557990167,0.00012786889044876486,0.457243931324397
21.466,0.000140135114273359,0.00012786615508639964,0.4523836579683911
21.476,0.0001382261957518356,0.0001278634541635267,0.44693454024459633
21.486,0.00013614420930753082,0.0001278607872465367,0.4408977755100908
21.496,0.0001338906119091153,0.00012785815390727967,0.43427590460109844
21.506,0.00013146728353797524,0.00012785555372299626,0.4270729501811381
21.516,0.00012887656014414113,0.0001278529862762498,0.41929454587191695
21.526,0.00012612126484112346,0.0001278504511548594,0.41094805810145985
21.536,0.00012320472209719104,0.0001278479479518337,0.4020426451923686
21.546,0.00012013075698970644,0.00012784547626530553,0.3925892612433951
21.556,0.00011690366301960751,0.00012784303569846745,0.38260054391284437
21.566,0.00011352817898488777,0.000127840625859508,0.3720907348886652
21.576,0.00011000948536927773,0.00012783824636154883,0.3610756716031458
21.586,0.00010635315976530667,0.0001278358968225825,0.34957262798926125
21.596,0.00010256510970482391,0.0001278335768654113,0.3376000715431262
21.606,9.865150089293794e-05,0.0001278312861175866,0.32517740305994863
21.616,9.461868537408373e-05,0.00012782902421134903,0.31232469580472777
21.626,9.04731525525901e-05,0.0001278267907835695,0.2990625182112151
21.636,8.622146669866123e-05,0.00012782458547569095,0.285411706599631
21.646,8.187018183396755e-05,0.0001278224079336706,0.27139305449749046
21.656,7.742576594674048e-05,0.00012782025780792334,0.25702703595435167
21.666,7.289453995812823e-05,0.0001278181347532655,0.24233358280684056
21.676,6.828262639337632e-05,0.0001278160384288593,0.22733189745642104
21.686,6.359591000132419e-05,0.0001278139684981584,0.21204030952086425
21.696,5.884000536017076e-05,0.00012781192462885376,0.19647615799959736
21.706,5.4020210950738703e-05,0.00012780990649282015,0.18065562386359404
21.716,4.9141485574043745e-05,0.00012780791376606362,0.16459364483842095
21.726,4.420846706538681e-05,0.00012780594612866954,0.14830398527836347
21.736,3.922547142645466e-05,0.00012780400326475107,0.13179923427990428
21.746,3.4196494690334746e-05,0.00012780208486239854,0.11509081434200868
21.756,2.9125262543394505e-05,0.00012780019061362942,0.09818916572312002
21.766,2.40152716449288e-05,0.00012779832021433875,0.08110390055982603
21.776,1.8869836776539367e-05,0.0001277964733642505,0.06384397869219106
21.786,1.3692158018473534e-05,0.0001277946497668691,0.04641795745601999
21.796,8.485373235641745e-06,0.00012779284912943219,0.028834188154531343
21.806,3.2526221482172846e-06,0.00012779107116286326,0.011101055547588914
21.816,-2.002864817876639e-06,0.00012778931558172547,-0.006772691165292038
21.826,-7.277686382052959e-06,0.00012778758210417582,-0.024777638465833793
21.836,-1.256821501342384e-05,0.00012778587045191971,-0.04290349884860887
21.846,-1.7870528349789863e-05,0.00012778418035016656,-0.06113885236710234
21.856,-2.318033233286853e-05,0.0001277825115275854,-0.07947085703081601
21.866,-2.8492905268888786e-05,0.00012778086371626152,-0.09788503505584029
21.876,-3.3803042720516145e-05,0.00012777923665165334,-0.11636506151184321
21.886,-3.910502376447639e-05,0.00012777763007255002,-0.13489263085422132
21.896,-4.4392590326812164e-05,0.00012777604372102945,-0.15344737090157035
21.906,-4.965891916718144e-05,0.0001277744773424169,-0.17200672914711623
21.916,-5.4896611152080967e-05,0.00012777293068524416,-0.19054592187009858
21.926,-6.009769437808684e-05,0.000127771403501209,-0.20903793375648563
21.936,-6.525363703530957e-05,0.00012776989554513554,-0.22745355304746853
21.946,-7.035538224494234e-05,0.00012776840657493474,-0.24576148702820463
21.956,-7.539339611966386e-05,0.00012776693635156556,-0.2639285259433564
21.966,-8.03577228535216e-05,0.00012776548463899667,-0.28191973279966387
21.976,-8.523804031721478e-05,0.00012776405120416837,-0.29969863504376115
21.986,-9.002371714622766e-05,0.0001277626358169554,-0.3172274219789588
21.996,-9.470388482501559e-05,0.00012776123825012977,-0.33446719773915007
22.006,-9.926753226254594e-05,0.00012775985827932456,-0.3513783173650834
22.016,-0.00010370360344940575,0.00012775849568299756,-0.36792073493037775
22.026,-0.000108001071139752,0.000127757150242396,-0.38405426466899667
22.036,-0.0001121490164075546,0.00012775582174152122,-0.39973886469016423
22.046,-0.00011613672772881513,0.0001277545099670942,-0.4149349933992019
22.056,-0.00011995380171176878,0.0001277532147085211,-0.4296039732448042
22.066,-0.00012359021608832313,0.00012775193575785958,-0.4437082540741455
22.076,-0.00012703640017364346,0.00012775067290978542,-0.4572116686405187
22.086,-0.00013028331496266643,0.0001277494259615595,-0.47007972489845345
22.096,-0.00013332249447793406,0.0001277481947129953,-0.48227975755184865
22.106,-0.00013614609884205088,0.00012774697896642673,-0.49378112416168063
22.116,-0.00013874699494866559,0.00012774577852667638,-0.5045555040425341
22.126,-0.00014111878786437476,0.00012774459320102427,-0.5145770179784558
22.136,-0.00014325583015988277,0.00012774342279917687,-0.5238222683349772
22.146,-0.00014515322331759767,0.0001277422671332364,-0.5322703512262433
22.156,-0.00014680681266992775,0.000127741126017671,-0.5399028462575179
22.166,-0.0001482131922569762,0.00012773999926928456,-0.5467038439954686
22.176,-0.00014936969250148977,0.0001277388867071876,-0.5526599115670672
22.186,-0.0001502743373963236,0.00012773778815276812,-0.5577599472704899
22.196,-0.00015092579330220452,0.00012773670342966286,-0.5619950050973641
22.206,-0.0001513233230547621,0.00012773563236372914,-0.5653581393683274
22.216,-0.00015146672182056835,0.00012773457478301674,-0.5678441830659164
22.226,-0.0001513562465939544,0.00012773353051774046,-0.5694495034185768
22.236,-0.0001509925512621201,0.0001277324994002527,-0.5701717780724967
22.246,-0.0001503766186539839,0.00012773148126501665,-0.570009760428411
22.256,-0.00014950968541243878,0.0001277304759485797,-0.568963019041798
22.266,-0.00014839317806206358,0.00012772948328954714,-0.567031718124696
22.276,-0.00014702864462763364,0.00012772850312855636,-0.5642163815765358
22.286,-0.00014541767753729434,0.00012772753530825115,-0.5605176251561257
22.296,-0.0001435618634740685,0.00012772657967325652,-0.5559359875605965
22.306,-0.00014146275282622488,0.00012772563607015366,-0.550471833184415
22.316,-0.000139121823867181,0.00012772470434745548,-0.544125235443597
22.326,-0.00013654043876122022,0.00012772378435558208,-0.5368958299828812
22.336,-0.00013371984376234802,0.0001277228759468369,-0.528782829914151
22.346,-0.0001306611882747459,0.00012772197897538296,-0.5197851101965376
22.356,-0.00012736551874900626,0.0001277210932972194,-0.5099011994451487
22.366,-0.0001238338150558597,0.00012772021877015835,-0.49912942740417054
22.376,-0.0001200670507379418,0.0001277193552538023,-0.48746816009519855
22.386,-0.00011606622406927768,0.00012771850260952128,-0.4749159276867777
22.396,-0.00011183240659122545,0.00012771766070043076,-0.4614716160600142
22.406,-0.00010736684145751807,0.0001277168293913697,-0.44713484103081425
22.416,-0.00010267102443281666,0.00012771600854887875,-0.43190625894724005
22.426,-9.774676938864598e-05,0.00012771519804117892,-0.4157878202191014
22.436,-9.259630699388389e-05,0.00012771439773815032,-0.3987831443236655
22.446,-8.722237212206062e-05,0.00012771360751131136,-0.3808978529887303
22.456,-8.162827632841933e-05,0.00012771282723379813,-0.3621398482220658
22.466,-7.58179993490832e-05,0.00012771205678034395,-0.3425196598162859
22.476,-6.979628031971233e-05,0.00012771129602725932,-0.3220507913384683
22.486,-6.356868289809621e-05,0.00012771054485241203,-0.3007499697804934
22.496,-5.714164133056323e-05,0.00012770980313520758,-0.2786373247413616
22.506,-5.0522510343794976e-05,0.0001277090707565699,-0.255736585909219
22.516,-4.371960768715797e-05,0.00012770834759892195,-0.23207528217573747
22.526,-3.674223707399609e-05,0.00012770763354616726,-0.2076848115587529
22.536,-2.960070425954362e-05,0.0001277069284836709,-0.18260048996280326
22.546,-2.2306317449899324e-05,0.0001277062322982413,-0.15686155864367407
22.556,-1.4871368444470866e-05,0.00012770554487811207,-0.13051112004484278
22.566,-7.309116765489744e-06,0.000127704866112924,-0.10359608364251008
22.576,3.6624175989797897e-07,0.00012770419589370726,-0.07616705365359293
22.586,8.139643024592358e-06,0.0001277035341128641,-0.04827808135442972
22.596,1.5995215323058075e-05,0.00012770288066415149,-0.019986443272630987
22.606,2.3916336263647555e-05,0.00012770223544266397,0.00864756790793525
22.616,3.188571670302881e-05,0.00012770159834481692,0.037560952646754436
22.626,3.988548818262081e-05,0.0001277009692683299,0.06668832790272532
22.636,4.789729034392451e-05,0.00012770034811221027,0.0959622516207922
22.646,5.5902365320142926e-05,0.00012769973477673685,0.12531357383398523
22.656,6.388166240453677e-05,0.0001276991291634441,0.15467182657133682
22.666,7.181593944015546e-05,0.0001276985311751061,0.18396560288681676
22.676,7.968585022405833e-05,0.00012769794071572113,0.2131228855054672
22.686,8.747204703721752e-05,0.00012769735769049614,0.24207143175040358
22.696,9.515528494206477e-05,0.00012769678200583157,0.27073916581431035
22.706,0.00010271650807006905,0.00012769621356930634,0.2990545058965355
22.716,0.0001101369506756977,0.000127695652289663,0.32694674643108446
22.726,0.0001173982368352698,0.00012769509807679301,0.3543464359205223
22.736,0.00012448246272923674,0.00012769455084172242,0.38118569122701057
22.746,0.0001313722758973057,0.00012769401049659746,0.40739850114615195
22.756,0.00013805093942644952,0.00012769347695467051,0.43292097497504134
22.766,0.00014450238963180048,0.0001276929501302861,0.4576915673746321
22.776,0.00015071130078799492,0.00012769242993886725,0.4816513292680032
22.786,0.00015666314421455748,0.00012769191629690178,0.5047441379581928
22.796,0.0001623442227056337,0.00012769140912192902,0.5269168364075855
22.806,0.00016774169790637967,0.00012769090833252654,0.5481193461246409
22.816,0.00017284360393235746,0.000127690413848297,0.5683047288925976
22.826,0.00017763886027824906,0.0001276899255898553,0.5874292453031642
22.836,0.00018211728506061184,0.0001276894434788159,0.6054524140228985
22.846,0.00018626957642824924,0.00012768896743778007,0.6223369532272941
22.856,0.00019008730390282462,0.00012768849739032369,0.6380487571618723
22.866,0.00019356289702402335,0.00012768803326098475,0.6525568617433417
22.876,0.00019668960576683795,0.00012768757497525138,0.6658333054912241
22.886,0.0001994614767249519,0.00012768712245954988,0.6778530471374946
22.896,0.00020187333741019008,0.00012768667564123283,0.688593911747308
22.906,0.00020392075260997734,0.00012768623444856748,0.6980364329287561
22.916,0.00020559997503230535,0.00012768579881072427,0.7061636727965296
22.926,0.00020690791209242222,0.00012768536865776536,0.7129611000209898
22.936,0.00020784210719714436,0.0001276849439206335,0.7184165199957089
22.946,0.00020840071896989206,0.00012768452453114094,0.7225199963565689
22.956,0.0002085825026085548,0.0001276841104219583,0.7252637793524576
22.966,0.00020838678124296872,0.0001276837015266041,0.7266421968615034
22.976,0.00020781341885799858,0.00012768329777943378,0.7266515506263818
22.986,0.00020686283731460384,0.00012768289911562925,0.7252901738561979
22.996,0.00020553603925949724,0.0001276825054711886,0.7225585102553691
23.006,0.00020383461008528507,0.00012768211678291567,0.718459116160175
23.016,0.000201760725131099,0.00012768173298841,0.7129966819587454
23.026,0.0001993171857164322,0.00012768135402605677,0.7061781596710232
23.036,0.00019650744390740097,0.0001276809798350169,0.6980128498850977
23.046,0.00019333561353878176,0.00012768061035521735,0.6885124393230185
23.056,0.000189806512927782,0.00012768024552734138,0.6776911557539519
23.066,0.0001859257123694345,0.0001276798852928191,0.6655659414086719
23.076,0.0001816995538702062,0.00012767952959381803,0.652156525802774
23.086,0.00017713516925228632,0.00012767917837323386,0.6374854941361677
23.096,0.00017224050688106337,0.0001276788315746812,0.6215783888915448
23.106,0.00016702434093164077,0.00012767848914248462,0.6044637490081921
23.116,0.00016149627210175187,0.00012767815102166964,0.5861731194261613
23.126,0.00015566672759336113,0.00012767781715795394,0.5667410596027884
23.136,0.00014954696301030688,0.0001276774874977387,0.5462051608957492
23.146,0.00014314905385582135,0.0001276771619880998,0.5246060274539599
23.156,0.0001364858515318682,0.0001276768405767796,0.5019871280884303
23.166,0.00012957092612412847,0.00012767652321217835,0.47839460105832693
23.176,0.000122418524363286,0.00012767620984334595,0.4538771160187972
23.186,0.0001150435192053652,0.0001276759004199738,0.42848570630664706
23.196,0.00010746134758035905,0.0001276755948923867,0.4022735586890783
23.206,9.968794645283037e-05,0.0001276752932115349,0.3752957975835899
23.216,9.173967396994616e-05,0.0001276749953289862,0.347609214977242
23.226,8.363321695871685e-05,0.00012767470119691822,0.31927195046222223
23.236,7.538550044668989e-05,0.00012767441076811062,0.29034317851069263
23.246,6.70136270639874e-05,0.0001276741239959376,0.2608829052203901
23.256,5.853481985673943e-05,0.00012767384083436047,0.23095177724529822
23.266,4.99663270160538e-05,0.00012767356123792007,0.20061075011552262
23.276,4.132532918006072e-05,0.00012767328516172973,0.169920764971006
23.286,3.262887666769497e-05,0.0001276730125614678,0.1389425339294586
23.296,2.389382784840145e-05,0.00012767274339337077,0.10773632813182063
23.306,1.5136793401517972e-05,0.00012767247761422603,0.0763617858870542
23.316,6.374089125597443e-06,0.0001276722151813651,0.04487775057305754
23.326,-2.378303639779559e-06,0.00012767195605265674,0.013342134375315194
23.336,-1.1104768068047271e-05,0.00012767170018650005,-0.018188185015158512
23.346,-1.9790095658307405e-05,0.00012767144754181802,-0.04965751981649672
23.356,-2.8419521886303636e-05,0.00012767119807805075,-0.08101149969422579
23.366,-3.6978738918392955e-05,0.0001276709517551491,-0.1121971177155069
23.376,-4.545390753634329e-05,0.000127670708533568,-0.14316277566033786
23.386,-5.383166835178854e-05,0.00012767046837426047,-0.17385832867155268
23.396,-6.209915281264123e-05,0.00012767023123867098,-0.2042351312892618
23.406,-7.024398956685726e-05,0.00012766999708872958,-0.23424606857228364
23.416,-7.825429813304417e-05,0.0001276697658868455,-0.26384554254831694
23.426,-8.61186938486071e-05,0.00012766953759590132,-0.29298950186155126
23.436,-9.382630707566518e-05,0.00012766931217924698,-0.32163552562585396
23.446,-0.00010136677681165407,0.0001276690896006938,-0.3497428151697542
23.456,-0.00010873023437508179,0.00012766886982450878,-0.37727215079508125
23.466,-0.00011590731409378025,0.00012766865281540877,-0.40418594889626
23.476,-0.00012288916729723623,0.0001276684385385549,-0.43044833238721136
23.486,-0.00012966745211171482,0.00012766822695954688,-0.4560251133865093
23.496,-0.0001362343397820519,0.00012766801804441757,-0.48088383743168905
23.506,-0.0001425825213992334,0.00012766781175962754,-0.50499382972477
23.516,-0.0001487052034836411,0.00012766760807205954,-0.5283262008948019
23.526,-0.0001545961250982242,0.00012766740694901334,-0.5508539320624004
23.536,-0.00016024955602852412,0.00012766720835820044,-0.572551890393097
23.546,-0.00016566028298368906,0.00012766701226773878,-0.5933968004353743
23.556,-0.00017082363524632967,0.0001276668186461478,-0.6133673599651517
23.566,-0.00017573548960920777,0.00012766662746234328,-0.632444279326193
23.576,-0.00018039223849763928,0.00012766643868563233,-0.6506101848369248
23.586,-0.00018479080462734508,0.00012766625228570849,-0.6678496920135503
23.596,-0.00018892866290879672,0.00012766606823264693,-0.6841495044113739
23.606,-0.00019280381893665294,0.00012766588649689957,-0.6994983520726706
23.616,-0.00019641479720970649,0.0001276657070492903,-0.713886964353881
23.626,-0.00019976064043214213,0.0001276655298610104,-0.7273080820474707
23.636,-0.00020284088326039056,0.00012766535490361388,-0.7397563743828484
23.646,-0.0002056555394604652,0.00012766518214901286,-0.7512284038596974
23.656,-0.00020820511028284638,0.0001276650115694731,-0.7617226673845622
23.666,-0.00021049057253292355,0.0001276648431376096,-0.771239561373478
23.676,-0.00021251335899860485,0.00012766467682638207,-0.7797813173159615
23.686,-0.0002142753338134597,0.00012766451260909072,-0.7873519170397644
23.696,-0.00021577876597291478,0.0001276643504593719,-0.7939569999750977
23.706,-0.00021702631362274073,0.00012766419035119394,-0.799603808899499
23.716,-0.0002180210046248177,0.00012766403225885289,-0.8043011204268662
23.726,-0.00021876622626454517,0.00012766387615696838,-0.8080592076696961
23.736,-0.00021926571325673382,0.00012766372202047965,-0.8108897956678505
23.746,-0.00021952352631663085,0.00012766356982464144,-0.8128059810868296
23.756,-0.00021954402630216505,0.00012766341954502006,-0.8138221347352997
23.766,-0.00021933184932301523,0.00012766327115748945,-0.8139538069381682
23.776,-0.00021889189215814185,0.00012766312463822728,-0.8132176699203305
23.786,-0.00021822929576409042,0.00012766297996371118,-0.8116314523454841
23.796,-0.00021734942221527417,0.00012766283711071496,-0.8092138490677867
23.806,-0.00021625784471004432,0.0001276626960563048,-0.8059844782284309
23.816,-0.00021496033773586918,0.0001276625567778357,-0.8019638386188792
23.826,-0.00021346283153616234,0.0001276624192529477,-0.7971731356824877
23.836,-0.0002117713684497817,0.0001276622834595624,-0.7916341137839491
23.846,-0.00020989209319059818,0.00012766214937587935,-0.7853690126881959
23.856,-0.00020783123483456142,0.00012766201698037263,-0.7784004933814679
23.866,-0.00020559507282359623,0.0001276618862517873,-0.7707515048362409
23.876,-0.00020318990647653402,0.00012766175716913603,-0.7624451633796291
23.886,-0.00020062200298178901,0.00012766162971169576,-0.7535045529298595
23.896,-0.00019789753743476368,0.0001276615038590043,-0.7439524957607795
23.906,-0.0001950225530200161,0.00012766137959085712,-0.7338113969631347
23.916,-0.00019200292044600615,0.00012766125688730407,-0.7231030859446826
23.926,-0.0001888442849802828,0.0001276611357286462,-0.7118486122212678
23.936,-0.00018555202842281755,0.0001276610160954325,-0.7000680960038127
23.946,-0.00018213122404273346,0.00012766089796845695,-0.6877805530125299
23.956,-0.00017858656673951404,0.0001276607813287553,-0.6750036283708748
23.966,-0.00017492232108942929,0.00012766066615760212,-0.6617533962374631
23.976,-0.0001711422790246367,0.00012766055243650763,-0.6480441950273735
23.986,-0.00016724970719722015,0.00012766044014721493,-0.633888425206261
23.996,-0.0001632473285212783,0.00012766032927169697,-0.6192964730698981
24.006,-0.00015913731151234183,0.0001276602197921537,-0.6042766637971392
24.016,-0.00015492121696555766,0.00012766011169100907,-0.5888350586304031
24.026,-0.00015059997547790398,0.00012766000495090848,-0.572975366057147
24.036,-0.0001461738949821717,0.00012765989955471567,-0.5566989642193213
24.046,-0.00014164265369784885,0.0001276597954855103,-0.5400048710010722
24.056,-0.0001370053238972941,0.00012765969272658488,-0.5228898285961442
24.066,-0.00013226041435416958,0.00012765959126144244,-0.5053484580643216
24.076,-0.0001274058997674383,0.00012765949107379363,-0.4873733673073767
24.086,-0.0001224392435581292,0.00012765939214755422,-0.4689552361159976
24.096,-0.00011735743308491362,0.00012765929446684245,-0.450082948478534
24.106,-0.00011215704559170572,0.00012765919801597655,-0.43074383935623933
24.116,-0.00010683432615995743,0.00012765910277947218,-0.4109239870198821
24.126,-0.00010138527151275452,0.00012765900874203996,-0.3906085282033801
24.136,-9.580571406346195e-05,0.00012765891588858305,-0.3697819754077495
24.146,-9.009140004360996e-05,0.0001276588242041946,-0.3484285136964417
24.156,-8.42380789917291e-05,0.0001276587336741555,-0.32653234042786894
24.166,-7.82416021124792e-05,0.00012765864428393195,-0.3040780385647172
24.176,-7.209803877079303e-05,0.00012765855601917317,-0.28105101717467473
24.186,-6.580378599395798e-05,0.000127658468865709,-0.25743792668117177
24.196,-5.9355650191341166e-05,0.00012765838280954774,-0.2332269724552311
24.206,-5.27509583625093e-05,0.00012765829783687382,-0.20840833681492474
24.216,-4.598766769131286e-05,0.0001276582139340456,-0.18297459502515112
24.226,-3.906443719395108e-05,0.00012765813108759328,-0.15692099156314016
24.236,-3.1980726786925085e-05,0.00012765804928421658,-0.13024581636675198
24.246,-2.473690754935896e-05,0.00012765796851078266,-0.10295082132237829
24.256,-1.7334330421912013e-05,0.00012765788875432406,-0.0750414830214689
24.266,-9.77539075070111e-06,0.00012765781000203662,-0.04652724909688974
24.276,-2.0635870964955276e-06,0.0001276577322412773,-0.01742176223444304
24.286,5.796435167363248e-06,0.00012765765545956237,0.012256973316942602
24.296,1.379883550740474e-05,0.00012765757964456516,0.04248640951464423
24.306,2.193656210682538e-05,0.00012765750478411424,0.07323939234776787
24.316,3.0201351175647553e-05,0.0001276574308661914,0.1044841582782944
24.326,3.8583704135565427e-05,0.00012765735787892982,0.13618425142437357
24.336,4.7072904805209766e-05,0.00012765728581061204,0.16829858940379477
24.346,5.565707858816309e-05,0.0001276572146496681,0.2007816851708578
24.356,6.432321846310901e-05,0.00012765714438467372,0.23358374884358926
24.366,7.305721914328426e-05,0.0001276570750043485,0.2666508212653301
24.376,8.184396020986355e-05,0.00012765700649755408,0.2999250891465047
24.386,9.066739235260531e-05,0.00012765693885329223,0.33334521319644794
24.396,9.9510608802718e-05,0.00012765687206070333,0.3668466030443851
24.406,0.00010835591322232576,0.00012765680610906435,0.4003616803869616
24.416,0.00011718492587023673,0.00012765674098778738,0.43382028379115894
24.426,0.00012597871335014507,0.00012765667668641775,0.4671501607779636
24.436,0.00013471788934489747,0.00012765661319463247,0.5002773540167336
24.446,0.0001433827156597677,0.00012765655050223847,0.5331265892268473
24.456,0.00015195321820630256,0.00012765648859917105,0.5656217181565972
24.466,0.00016040929255121787,0.00012765642747549223,0.597686123217479
24.476,0.00016873080602205,0.00012765636712138911,0.6292431092487013
24.486,0.00017689771134852384,0.0001276563075271724,0.6602163372606611
24.496,0.000184890152037157,0.0001276562486832748,0.6905302274697203
24.506,0.000192688556532712,0.00012765619058024936,0.7201103206451195
24.516,0.00020027374313422709,0.00012765613320876823,0.7488836780585982
24.526,0.00020762701583696672,0.0001276560765596209,0.7767792472385844
24.536,0.00021473023841856752,0.00012765602062371283,0.8037281470327153
24.546,0.000221565914868739,0.00012765596539206402,0.8296639749605861
24.556,0.00022811727676378356,0.0001276559108558075,0.8545231388346027
24.566,0.0002343683427192401,0.000127655857006188,0.8782450847677599
24.576,0.00024030397494655698,0.00012765580383456042,0.9007725136121943
24.586,0.0002459099457198227,0.00012765575133238849,0.922051632626786
24.596,0.00025117297969213875,0.00012765569949124348,0.9420323174080998
24.606,0.0002560807807926041,0.00012765564830280275,0.9606682162288028
24.616,0.00026062208066635984,0.00012765559775884845,0.9779169321513369
24.626,0.0002647866800522127,0.00012765554785126618,0.9937401780453687
24.636,0.0002685654411232295,0.0001276554985720437,1.0081037507337942
24.646,0.0002719502874678114,0.00012765544991326974,1.0209775323147718
24.656,0.0002749342194860098,0.0001276554018671325,1.032335547252409
24.666,0.00027751131759304364,0.0001276553544259186,1.0421559738097983
24.676,0.0002796767337358887,0.0001276553075820118,1.0504211114984885
24.686,0.00028142665472702345,0.00012765526132789168,1.0571172442147168
24.696,0.00028275825893446955,0.0001276552156561326,1.0622344785261473
24.706,0.000283669683700232,0.00012765517055940236,1.0657666207334728
24.716,0.0002841599987257749,0.00012765512603046103,1.0677110750472434
24.726,0.00028422914781863943,0.00012765508206215992,1.068068625039659
24.736,0.00028387787017914665,0.0001276550386474403,1.0668431394658318
24.746,0.00028310766828093086,0.0001276549957793323,1.0640414485761474
24.756,0.00028192076450300865,0.00012765495345095384,1.0596731787194007
24.766,0.0002803200015293838,0.0001276549116555095,1.053750380138638
24.776,0.00027830878034884214,0.00012765487038628935,1.046287292350391
24.786,0.0002758910362680563,0.00012765482963666798,1.0373002486795468
24.796,0.0002730711695720596,0.00012765478940010344,1.0268074139902503
24.806,0.0002698539825464442,0.00012765474967013608,1.014828545571187
24.816,0.00026624465010398893,0.00012765471044038758,1.0013848770796747
24.826,0.00026224867077316013,0.00012765467170455997,0.98649893001519
24.836,0.0002578718288117292,0.00012765463345643457,0.9701943658087473
24.846,0.0002531201780736889,0.00012765459568987096,0.9524959175415515
24.856,0.00024800001517189565,0.00012765455839880608,0.9334292822713396
24.866,0.00024251787565364775,0.00012765452157725314,0.9130210976351989
24.876,0.00023668056413181103,0.0001276544852193008,0.8912990426975278
24.886,0.0002304951458901159,0.00012765444931911208,0.8682917971645134
24.896,0.000223968927695892,0.00012765441387092353,0.8440289609872101
24.906,0.0002171094929393541,0.00012765437886904426,0.8185411731895231
24.916,0.00020992474452480976,0.00012765434430785503,0.7918602587866487
24.926,0.0002024229252904811,0.00012765431018180737,0.7640192931776231
24.936,0.00019461264412983032,0.0001276542764854226,0.7350526873864853
24.946,0.00018650291061388547,0.0001276542432132911,0.7049963042363597
24.956,0.00017810315807412355,0.00012765421036007132,0.6738875321453254
24.966,0.00016942325772889127,0.0001276541779204889,0.641765326166672
24.976,0.00016047354418671596,0.00012765414588933603,0.6086702907388324
24.986,0.00015126484661825258,0.0001276541142614704,0.5746447831874353
24.996,0.00014180850226741936,0.00012765408303181436,0.5397329526134601
25.006,0.0001321183563128381,0.00012765405219535432,0.5039880718664485
25.016,0.00012221276309259358,0.00012765402174713973,0.46747987473956215
25.026,0.00011210489149191758,0.0001276539916822824,0.4302589529560838
25.036,0.00010180803895166558,0.00012765396199595572,0.39237625685056443
25.046,9.133594215875639e-05,0.00012765393268339377,0.3538842272619846
25.056,8.070276909938102e-05,0.0001276539037398907,0.31483675800191735
25.066,6.992309594299154e-05,0.00012765387516079987,0.27528910312056243
25.076,5.901185415723719e-05,0.0001276538469415332,0.2352976756574428
25.086,4.7984284461101355e-05,0.00012765381907756026,0.1949198724343601
25.096,3.685590560738226e-05,0.0001276537915644078,0.15421395419171788
25.106,2.5642483151922495e-05,0.00012765376439765878,0.113238926460846
25.116,1.43599762841621e-05,0.00012765373757295188,0.07205434072932311
25.126,3.024458058907897e-06,0.00012765371108598058,0.03071999890400788
25.136,-8.347931038753894e-06,0.00012765368493249265,-0.01070421886289354
25.146,-1.9741011866245802e-05,0.00012765365910828936,-0.0521584605237302
25.156,-3.1138618402461386e-05,0.00012765363360922488,-0.09358309195165011
25.166,-4.25246558710376e-05,0.00012765360843120554,-0.13491890903371193
25.176,-5.3883145218042634e-05,0.00012765358357018928,-0.17610729881255968
25.186,-6.519825788525541e-05,0.00012765355902218483,-0.21709036417342165
25.196,-7.645435544580285e-05,0.00012765353478325124,-0.25781106549044014
25.206,-8.763603290429406e-05,0.00012765351084949718,-0.2982133749881239
25.216,-9.872815781860688e-05,0.00012765348721708027,-0.3382424150940987
25.226,-0.0001097158883777915,0.00012765346388220655,-0.3778445188490065
25.236,-0.00012058469213897884,0.00012765344084112983,-0.41696729207450783
25.246,-0.0001313203600626481,0.00012765341809015102,-0.4555596576796522
25.256,-0.00014190901051826482,0.0001276533956256177,-0.4935718628778025
25.266,-0.00015233710023508133,0.00012765337344392336,-0.5309555118532286
25.276,-0.00016259141780123639,0.00012765335154150693,-0.5676635341412206
25.286,-0.00017265906835282137,0.00012765332991485217,-0.603650120392946
25.296,-0.00018252745232505305,0.00012765330856048712,-0.6388706362902965
25.306,-0.00019218422190740147,0.00012765328747498352,-0.6732814547298926
25.316,-0.00020161724087178342,0.0001276532666549563,-0.7068398006790225
25.326,-0.00021081456694661198,0.00012765324609706293,-0.739503679194791
25.336,-0.00021976440227868072,0.00012765322579800308,-0.7712316865585693
25.346,-0.00022845500184795605,0.00012765320575451787,-0.8019826674312769
25.356,-0.00023687461129048525,0.00012765318596338955,-0.8317154804720257
25.366,-0.0002450114188923691,0.00012765316642144076,-0.8603888164341158
25.376,-0.0002528534925319407,0.00012765314712553428,-0.8879609615671534
25.386,-0.00026038871703644494,0.00012765312807257227,-0.9143895631070185
25.396,-0.0002676047145156407,0.000127653109259496,-0.9396313326943034
25.406,-0.00027448876306110224,0.00012765309068328513,-0.9636417443316009
25.416,-0.000281027744406741,0.00012765307234095748,-0.9863748393026035
25.426,-0.0002872081122908778,0.0001276530542295683,-1.0077831076073749
25.436,-0.00029301585767016583,0.00012765303634620998,-1.027817358237488
25.446,-0.0002984364721724611,0.00012765301868801154,-1.0464265833085842
25.456,-0.0003034549391032261,0.00012765300125213805,-1.0635579236882082
25.466,-0.0003080557419507635,0.0001276529840357904,-1.07915669921898
25.476,-0.00031222287976409433,0.00012765296703620458,-1.0931664644611316
25.486,-0.000315939908400443,0.00012765295025065154,-1.105529159455855
25.496,-0.0003191900143939238,0.00012765293367643645,-1.1161853801573625
25.506,-0.0003219561004091049,0.00012765291731089848,-1.125074691331977
25.516,-0.00032422087659873794,0.0001276529011514103,-1.1321359611957051
25.526,-0.00032596697746781997,0.00012765288519537763,-1.1373077896146566
25.536,-0.00032717712278014944,0.0001276528694402389,-1.1405290975609796
25.546,-0.0003278343073275014,0.0001276528538834647,-1.1417398222792554
25.556,-0.0003279219666062925,0.0001276528385225576,-1.1408815237333412
25.566,-0.00032742414785659414,0.0001276528233550515,-1.1378980101420637
25.576,-0.000326325727047646,0.00012765280837851142,-1.1327361317134943
25.586,-0.00032461263524087255,0.00012765279359053296,-1.1253466084514134
25.596,-0.0003222720668133074,0.00012765277898874207,-1.1156847908011647
25.606,-0.00031929269129023544,0.00012765276457079458,-1.1037114329497038
25.616,-0.00031566486609404463,0.00012765275033437579,-1.0893934689569535
25.626,-0.00031138085985159486,0.00012765273627720017,-1.0727048270138875
25.636,-0.0003064350782954669,0.00012765272239701096,-1.0536272526706918
25.646,-0.0003008242296093922,0.00012765270869157983,-1.0321509091958418
25.656,-0.0002945474756798561,0.00012765269515870652,-1.0082749255382848
25.666,-0.00028760660835401455,0.00012765268179621838,-0.9820080357006163
25.676,-0.0002800061948303814,0.00012765266860197025,-0.9533691045495439
25.686,-0.00027175368240567294,0.00012765265557384387,-0.9223875039287487
25.696,-0.0002628594750448604,0.0001276526427097477,-0.8891033848282012
25.706,-0.00025333697685922004,0.00012765263000761651,-0.8535678278377975
25.716,-0.00024320261506400576,0.0001276526174654111,-0.815842918166474
25.726,-0.00023247584866301475,0.0001276526050811179,-0.77600176822442
25.736,-0.00022117913992121985,0.0001276525928527488,-0.734128403618154
25.746,-0.00020933788598859434,0.00012765258077834056,-0.6903175027821872
25.756,-0.00019698033473377583,0.00012765256885595476,-0.6446740786963254
25.766,-0.00018413747407075288,0.0001276525570836774,-0.5973130636351525
25.776,-0.0001708428781099718,0.00012765254545961852,-0.5483587358112604
25.786,-0.0001571325475285251,0.00012765253398191195,-0.49794412519297815
25.796,-0.00014304473992612752,0.00012765252264871512,-0.4462103831195432
25.806,-0.00012861975753018632,0.0001276525114582085,-0.3933059960058265
25.816,-0.00011389971392904742,0.00012765250040859563,-0.3393859226807667
25.826,-9.892829900085622e-05,0.00012765248949810255,-0.28461072587863634
25.836,-8.375054676058288e-05,0.00012765247872497767,-0.22914571530965894
25.846,-6.841259614379966e-05,0.00012765246808749147,-0.1731600657031095
25.856,-5.296141381467061e-05,0.00012765245758393623,-0.11682579646829606
25.866,-3.744449162574913e-05,0.00012765244721262565,-0.06031665937473421
25.876,-2.190957999543932e-05,0.0001276524369718947,-0.003807159307374519
25.886,-6.404434919492244e-06,0.00012765242686009937,0.05252837369518342
25.896,9.023474008015203e-06,0.00012765241687561627,0.1085168543837112
25.906,2.432725349358285e-05,0.00012765240701684247,0.1639875033113991
25.916,3.946083557967408e-05,0.00012765239728219528,0.2187727564694032
25.926,5.437922573845277e-05,0.00012765238767011182,0.2727091702396297
25.936,6.903877188370997e-05,0.00012765237817904902,0.3256384018656657
25.946,8.339741497541302e-05,0.00012765236880748313,0.37740812088321146
25.956,9.741490736063014e-05,0.00012765235955390964,0.42787280078441015
25.966,0.00011105302766863698,0.00012765235041684297,0.4768944969381532
25.976,0.00012427579282277458,0.00012765234139481624,0.5243436127212238
25.986,0.0001370496440953571,0.00012765233248638103,0.5700995691817672
25.996,0.00014934359506056874,0.00012765232369010723,0.6140513338721784
26.006,0.00016112936487407023,0.0001276523150045826,0.6560978948832319
26.016,0.00017238150583803386,0.0001276523064284128,0.6961487130433848
26.026,0.0001830774995793047,0.000127652297960221,0.734124058181466
26.036,0.00019319781495789347,0.0001276522895986477,0.7699552044282775
26.046,0.00020272596358981458,0.0001276522813423505,0.8035846166128291
26.056,0.00021164854036761441,0.00012765227319000397,0.8349660813470243
26.066,0.00021995519485893186,0.00012765226514029927,0.8640645840522809
26.076,0.0002276385751820589,0.00012765225719194414,0.8908560851568951
26.086,0.0002346942759610293,0.00012765224934366252,0.9153273117444661
26.096,0.00024112077847495908,0.00012765224159419443,0.9374755210108408
26.106,0.00024691936469369355,0.00012765223394229578,0.9573081685993675
26.116,0.00025209397943006976,0.00012765222638673812,0.974842387363898
26.126,0.0002566510834007087,0.00012765221892630844,0.9901044336848485
26.136,0.00026059950699958606,0.00012765221155980908,1.0031291376958458
26.146,0.00026395027433060813,0.0001276522042860574,1.0139592458047062
26.156,0.00026671642125249243,0.00012765219710388564,1.0226447425043612
26.166,0.00026891282069867065,0.0001276521900121408,1.0292422003797388
26.176,0.0002705559600441007,0.00012765218300968433,1.0338139558754944
26.186,0.0002716637204265153,0.00012765217609539208,1.0364272939654342
26.196,0.0002722552091884046,0.000127652169268154,1.0371538295743088
26.206,0.000272350542562332,0.00012765216252687403,1.036068708060795
26.216,0.00027197061745469166,0.00012765215587046995,1.0332497674700902
26.226,0.00027113693244130017,0.0001276521492978731,1.028776883274137
26.236,0.00026987139125303017,0.00012765214280802833,1.0227312503824968
26.246,0.00026819610295813974,0.00012765213639989373,1.015194654469509
26.256,0.0002661332127537324,0.00012765213007244055,1.0062488572854535
26.266,0.00026370473885585103,0.00012765212382465297,0.9959750059069281
26.276,0.0002609324059593709,0.00012765211765552794,0.9844530305018827
26.286,0.0002578374850850284,0.0001276521115640751,0.9717610665196145
26.296,0.0002544406403688117,0.0001276521055493165,0.9579749033959356
26.306,0.00025076180847913965,0.00012765209961028653,0.9431675538243106
26.316,0.0002468201002316943,0.00012765209374603173,0.9274089049735597
26.326,0.00024263368596461976,0.00012765208795561064,0.9107653105328065
26.336,0.00023821969945477065,0.00012765208223809363,0.8932992513359379
26.346,0.000233594172099536,0.00012765207659256288,0.8750691072523022
26.356,0.00022877196035844398,0.00012765207101811198,0.8561289041248415
26.366,0.00022376667729748207,0.00012765206551384602,0.8365280755613895
26.376,0.00021859065478112692,0.00012765206007888137,0.8163113370056709
26.386,0.0002132549187302592,0.00012765205471234543,0.7955186074401684
26.396,0.0002077691715044583,0.00012765204941337673,0.7741849568920284
26.406,0.00020214178997321185,0.0001276520441811245,0.7523406111244147
26.416,0.0001963798379987168,0.00012765203901474878,0.7300110086552128
26.426,0.0001904890898525081,0.00012765203391342016,0.7072168972282963
26.436,0.00018447406189676642,0.00012765202887631962,0.6839744598903523
26.446,0.00017833805984377338,0.00012765202390263857,0.660295497521882
26.456,0.00017208324501890448,0.00012765201899157848,0.6361876805607063
26.466,0.00016571071991752586,0.00012765201414235094,0.6116548710140014
26.476,0.00015922063166860933,0.00012765200935417742,0.5866975095732493
26.486,0.00015261227972203608,0.00012765200462628928,0.5613130176112858
26.496,0.00014588423036479418,0.00012765199995792744,0.5354962235717828
26.506,0.00013903445180221257,0.00012765199534834246,0.5092398640712559
26.516,0.00013206044639967553,0.00012765199079679433,0.48253507404365376
26.526,0.00012495939659951523,0.0001276519863025523,0.4553719267379219
26.536,0.00011772833664728464,0.0001276519818648949,0.4277400678380704
26.546,0.0001103643218505609,0.00012765197748310967,0.39962933991974764
26.556,0.00010286458922040303,0.00012765197315649316,0.37103037478295325
26.566,9.522671610599309e-05,0.0001276519688843508,0.3419351778130387
26.576,8.744878363386095e-05,0.0001276519646659967,0.3123377294343247
26.586,7.952954259942056e-05,0.00012765196050075364,0.2822345951527132
26.596,7.146857735813504e-05,0.00012765195638795297,0.2516255278564237
26.606,6.326644990270512e-05,0.00012765195232693435,0.22051399681650233
26.616,5.492482126560526e-05,0.00012765194831704588,0.1889076327970549
26.626,4.6446577917064155e-05,0.00012765194435764376,0.15681869092219594
26.636,3.7835937294021544e-05,0.0001276519404480924,0.12426443636857082
26.646,2.9098530786278392e-05,0.00012765193658776408,0.09126744681219728
26.656,2.0241490471449792e-05,0.00012765193277603914,0.0578559280420748
26.666,1.1273503840949643e-05,0.00012765192901230556,0.024063911281131677
26.676,2.2048284055157546e-06,0.00012765192529595916,-0.010068697624605582
26.686,-6.952693056553165e-06,0.00012765192162640332,-0.044496067588794916
26.696,-1.618562766146141e-05,0.0001276519180030489,-0.07916643063889814
26.706,-2.547898974563015e-05,0.0001276519144253142,-0.11402222578171085
26.716,-3.481629036444793e-05,0.00012765191089262484,-0.14900028853672484
26.726,-4.417959578868443e-05,0.0001276519074044137,-0.1840320745316431
26.736,-5.3549629113204855e-05,0.0001276519039601208,-0.21904404245936498
26.746,-6.290590084015289e-05,0.00012765190055919314,-0.2539581445623245
26.756,-7.22268230314631e-05,0.00012765189720108475,-0.2886922578119237
26.766,-8.148982310390714e-05,0.0001276518938852565,-0.3231606148008404
26.776,-9.067149083574827e-05,0.0001276518906111761,-0.3572743576955493
26.786,-9.974774927865177e-05,0.0001276518873783179,-0.3909421809258219
26.796,-0.00010869403186200846,0.0001276518841861629,-0.42407099758234845
26.806,-0.00011748546755018484,0.00012765188103419861,-0.4565666364054147
26.816,-0.00012609706533332855,0.00012765187792191906,-0.48833453706770014
26.826,-0.00013450389516478535,0.00012765187484882454,-0.5192804330412659
26.836,-0.00014268127027085778,0.0001276518718144217,-0.5493110400538823
26.846,-0.00015060492969764272,0.00012765186881822345,-0.5783347456696178
26.856,-0.00015825121190736106,0.00012765186585974873,-0.6062622663186792
26.866,-0.00016559723216465682,0.00012765186293852256,-0.6330073185579127
26.876,-0.0001726210723813391,0.00012765186005407603,-0.6584873358305902
26.886,-0.0001793019335945705,0.000127651857205946,-0.68262404746261
26.896,-0.00018562026706279882,0.0001276518543936753,-0.7053439787017194
26.906,-0.0001915579222799928,0.00012765185161681236,-0.7265790123497802
26.916,-0.00019709826495131327,0.00012765184887491147,-0.7462668392009939
26.926,-0.00020222626215797232,0.00012765184616753237,-0.764351286818659
26.936,-0.00020692858545063144,0.00012765184349424044,-0.7807827129174388
26.946,-0.00021119370741653373,0.0001276518408546065,-0.7955183734548439
26.956,-0.0002150119620561408,0.0001276518382482068,-0.8085226563039035
26.966,-0.00021837558517073875,0.0001276518356746229,-0.8197672399016086
26.976,-0.00022127872777050618,0.0001276518331334416,-0.8292311511087399
26.986,-0.00022371746061401894,0.00012765183062425498,-0.8369007887071476
26.996,-0.00022568979744772472,0.0001276518281466602,-0.8427700137708893
27.006,-0.00022719569694239434,0.00012765182570025947,-0.8468401600458019
27.016,-0.00022823703074916515,0.0001276518232846601,-0.8491199179353197
27.026,-0.00022881754554151596,0.00012765182089947424,-0.849625194224892
27.036,-0.00022894282590606006,0.00012765181854431897,-0.8483789729787571
27.046,-0.00022862024199523027,0.00012765181621881622,-0.845411118658101
27.056,-0.0002278588795247962,0.00012765181392259266,-0.8407581124184674
27.066,-0.00022666948024250276,0.0001276518116552796,-0.8344628250074828
27.076,-0.00022506437665659862,0.0001276518094165131,-0.8265742669082278
27.086,-0.00022305740747151248,0.0001276518072059337,-0.8171472657844949
27.096,-0.00022066382911398522,0.00012765180502318654,-0.8062421276906314
27.106,-0.0002179002190233923,0.00012765180286792118,-0.7939242663840296
27.116,-0.00021478436806174068,0.0001276518007397916,-0.7802637911291352
27.126,-0.00021133517896067825,0.0001276517986384562,-0.7653351151400474
27.136,-0.0002075725636946362,0.00012765179656357758,-0.749216558739728
27.146,-0.000203517324545368,0.00012765179451482267,-0.7319898914557691
27.156,-0.000199191039880457,0.00012765179249186253,-0.7137398902649954
27.166,-0.00019461593441232476,0.0001276517904943724,-0.6945538397223866
27.176,-0.00018981472111667338,0.0001276517885220316,-0.6745209270862195
27.186,-0.000184810470534927,0.0001276517865745235,-0.653731737363162
27.196,-0.00017962650175853346,0.00012765178465153545,-0.6322778274757651
27.206,-0.0001742862334000825,0.00012765178275275872,-0.6102511532524483
27.216,-0.00016881301968191191,0.00012765178087788848,-0.5877434416824097
27.226,-0.00016323001396678606,0.0001276517790266237,-0.5648456638369703
27.236,-0.00015756002744839913,0.00012765177719866724,-0.5416474903288817
27.246,-0.00015182538788946644,0.0001276517753937256,-0.5182367475107029
27.256,-0.0001460478184843109,0.00012765177361150903,-0.4946989481160303
27.266,-0.00014024831916957967,0.00012765177185173138,-0.4711168317926191
27.276,-0.00013444703424880523,0.00012765177011411015,-0.4475698566222718
27.286,-0.00012866312627056125,0.00012765176839836642,-0.42413371479789747
27.296,-0.00012291469212009332,0.0001276517667042247,-0.40088000458108947
27.306,-0.00011721870465113124,0.00012765176503141298,-0.37787599757248985
27.316,-0.00011159092299000794,0.00012765176337966276,-0.3551842925397008
27.326,-0.0001060458072960702,0.00012765176174870887,-0.3328624874681603
27.336,-0.00010059648836082835,0.00012765176013828942,-0.3109630550103994
27.346,-9.52547589802887e-05,0.00012765175854814593,-0.2895332996441229
27.356,-9.003106005279323e-05,0.00012765175697802307,-0.26861529727979105
27.366,-8.493446893343199e-05,0.00012765175542766883,-0.24824584515488654
27.376,-7.997270730830592e-05,0.00012765175389683423,-0.22845648512174171
27.386,-7.515216474707655e-05,0.00012765175238527358,-0.20927358633007534
27.396,-7.047794521709915e-05,0.00012765175089274417,-0.19071851426113792
27.406,-6.595391349230464e-05,0.00012765174941900643,-0.1728078009828418
27.416,-6.158274101189894e-05,0.00012765174796382372,-0.15555331484223955
27.426,-5.7365979904909104e-05,0.00012765174652696243,-0.13896253518739524
27.436,-5.330413123291038e-05,0.00012765174510819192,-0.12303880723913913
27.446,-4.939670172044351e-05,0.00012765174370728437,-0.1077815558018872
27.456,-4.564229187382587e-05,0.00012765174232401492,-0.09318661535938713
27.466,-4.2038697549349086e-05,0.00012765174095816147,-0.07924661068945084
27.476,-3.858298426140991e-05,0.00012765173960950475,-0.06595123827726891
27.486,-3.527155722485295e-05,0.00012765173827782825,-0.053287532810692234
27.496,-3.21002522006004e-05,0.0001276517369629182,-0.04124021065402772
27.506,-2.9064423861068482e-05,0.00012765173566456348,-0.029777300622094036
27.516,-2.615901557404673e-05,0.00012765173438255564,-0.018835742544084363
27.526,-2.337863657986775e-05,0.00012765173311668888,-0.008392889981095303
27.536,-2.0717656849176723e-05,0.00012765173186675996,0.0015722906910611845
27.546,-1.8170278627509042e-05,0.00012765173063256826,0.011081397118738331
27.556,-1.573057133836807e-05,0.0001276517294139156,0.020156452627486957
27.566,-1.3392537377051696e-05,0.00012765172821060635,0.028819655248781197
27.576,-1.1150200230643233e-05,0.00012765172702244732,0.03709304544523301
27.586,-8.997665748883163e-06,0.00012765172584924776,0.04499827314203786
27.596,-6.92917674915501e-06,0.00012765172469081935,0.05255639029679881
27.606,-4.939161166456369e-06,0.00012765172354697608,0.05978766828974269
27.616,-3.022270394363442e-06,0.00012765172241753435,0.06671145241147039
27.626,-1.1734245863761712e-06,0.0001276517213023128,0.07334599193219653
27.636,6.121406286011003e-07,0.00012765172020113243,0.07970826637209986
27.646,2.338835866008355e-06,0.00012765171911381643,0.08581384423835156
27.656,4.0106829174978395e-06,0.00012765171804019024,0.09167675500674392
27.666,5.631283652483395e-06,0.0001276517169800815,0.09730937718387328
27.676,7.203799734840145e-06,0.00012765171593332003,0.10272236758917828
27.686,8.730935656094157e-06,0.0001276517148997378,0.1079246044346677
27.696,1.021492635773537e-05,0.00012765171387916883,0.11292314877908535
27.706,1.1657531627653772e-05,0.00012765171287144932,0.11772323213600236
27.716,1.3060044322359124e-05,0.00012765171187641746,0.12232829619598085
27.726,1.4423298854481854e-05,0.0001276517108939135,0.126740035020382
27.736,1.574766319046384e-05,0.00012765170992377973,0.13095837803595856
27.746,1.7033048788588273e-05,0.0001276517089658604,0.1349815399343558
27.756,1.8278959728540367e-05,0.00012765170802000176,0.13880621535632542
27.766,1.9484539736803142e-05,0.00012765170708605187,0.14242776675618404
27.776,2.064859736463023e-05,0.00012765170616386087,0.1458403329064656
27.786,2.176963700023368e-05,0.0001276517052532807,0.14903695937051376
27.796,2.2845899523222756e-05,0.00012765170435416514,0.15200976480589876
27.806,2.3875413722909834e-05,0.00012765170346636987,0.1547501473624759
27.816,2.485606001009354e-05,0.00012765170258975236,0.15724903655842093
27.826,2.5785631156492506e-05,0.00012765170172417188,0.15949713405862742
27.836,2.66618827714499e-05,0.00012765170086948945,0.16148511665916201
27.846,2.7482580088686645e-05,0.0001276517000255679,0.16320382595958308
27.856,2.8245552663098362e-05,0.00012765169919227168,0.1646444869631135
27.866,2.894874768969562e-05,0.00012765169836946708,0.16579892117078443
27.876,2.959027420407546e-05,0.00012765169755702194,0.16665972577589394
27.886,3.0168447253428662e-05,0.0001276516967548059,0.1672204521647534
27.896,3.068183014283395e-05,0.00012765169596269012,0.16747577681731796
27.906,3.1129275194985e-05,0.00012765169518054743,0.1674216662415603
27.916,3.150995596723586e-05,0.0001276516944082523,0.16705550972606054
27.926,3.182339675395232e-05,0.00012765169364568074,0.16637624120175104
27.936,3.2069502513780195e-05,0.0001276516928927103,0.16538446171239898
27.946,3.2248581264077195e-05,0.0001276516921492201,0.164082533154894
27.956,3.2361372271292295e-05,0.00012765169141509082,0.1624746919808079
27.966,3.2409064952292494e-05,0.00012765169069020455,0.16056712730445144
27.976,3.239330040746579e-05,0.00012765168997444493,0.15836799382084904
27.986,3.231618086063682e-05,0.00012765168926769706,0.1558874522584957
27.996,3.2180278860043184e-05,0.0001276516885698475,0.15313770715308822
28.006,3.198863556590147e-05,0.00012765168788078418,0.15013300261447748
28.016,3.174478079150246e-05,0.0001276516872003965,0.146889696038926
28.026,3.145273255365254e-05,0.0001276516865285752,0.14342625441644513
28.036,3.1116960058279056e-05,0.00012765168586521244,0.13976311395847335
28.046,3.074237447954921e-05,0.00012765168521020173,0.135922639251202
28.056,3.0334314334539617e-05,0.00012765168456343792,0.1319290602495834
28.066,2.9898506338200234e-05,0.00012765168392481717,0.12780831708108606
28.076,2.944103326806263e-05,0.00012765168329423698,0.12358792810742321
28.086,2.8968296365303048e-05,0.00012765168267159604,0.11929683533327334
28.096,2.8486955298872296e-05,0.00012765168205679448,0.11496516509105674
28.106,2.800386368908217e-05,0.00012765168144973353,0.11062397019029839
28.116,2.7525992058272613e-05,0.00012765168085031577,0.1063049238074193
28.126,2.7060339939946345e-05,0.00012765168025844498,0.10203997166647374
28.136,2.6613870196976134e-05,0.0001276516796740261,0.09786106379008556
28.146,2.619341732562063e-05,0.00012765167909696532,0.0937997891386087
28.156,2.5805559991314022e-05,0.00012765167852717003,0.08988687789497476
28.166,2.5456528931753514e-05,0.0001276516779645487,0.08615183245717148
28.176,2.5152123969670533e-05,0.00012765167740901108,0.08262259079911269
28.186,2.4897587352012725e-05,0.0001276516768604679,0.0793250289552224
28.196,2.4697487809972176e-05,0.00012765167631883113,0.07628250277970021
28.206,2.4555638785706728e-05,0.00012765167578401385,0.07351551536129988
28.216,2.4475008054349693e-05,0.00012765167525593017,0.0710413532046483
28.226,2.4457627127277144e-05,0.00012765167473449527,0.06887372198649333
28.236,2.4504502341546508e-05,0.00012765167421962552,0.06702238917663206
28.246,2.461554361767003e-05,0.0001276516737112382,0.06549289271950538
28.256,2.478953305962117e-05,0.00012765167320925172,0.06428639730314267
28.266,2.5024086638895314e-05,0.0001276516727135855,0.06339952654987727
28.276,2.5315614745127762e-05,0.00012765167222415994,0.0628241927039032
28.286,2.565931864906919e-05,0.00012765167174089647,0.06254755998066594
28.296,2.604921767473079e-05,0.00012765167126371752,0.06255212235476618
28.306,2.6478183144320964e-05,0.00012765167079254646,0.06281580798307583
28.316,2.693798013792041e-05,0.0001276516703273077,0.06331211436089566
28.326,2.7419344107493073e-05,0.00012765166986792646,0.06401037365559914
28.336,2.7912067366414943e-05,0.0001276516694143291,0.06487605631050775
28.346,2.840508701196479e-05,0.0001276516689664427,0.06587108166464346
28.356,2.888659479464955e-05,0.00012765166852419542,0.06695421108939836
28.366,2.934417622849507e-05,0.00012765166808751625,0.06808155076638485
28.376,2.9764969263454303e-05,0.00012765166765633506,0.06920712841751894
28.386,3.0135814690791275e-05,0.00012765166723058264,0.0702834415921555
28.396,3.0443407865695194e-05,0.00012765166681019064,0.07126201286946925
28.406,3.067447666557852e-05,0.0001276516663950916,0.07209404348959612
28.416,3.08159660905603e-05,0.00012765166598521882,0.07273109321914681
28.426,3.085519617655341e-05,0.00012765166558050654,0.0731256639749053
28.436,3.078002959099069e-05,0.00012765166518088978,0.07323182094902396
28.446,3.057907745122434e-05,0.00012765166478630438,0.07300595611326707
28.456,3.0241877022258796e-05,0.000127651664396687,0.07240745033852977
28.466,2.975903020975646e-05,0.00012765166401197507,0.07139919335668686
28.476,2.9122360865701867e-05,0.00012765166363210687,0.0699481746257445
28.486,2.832506957113745e-05,0.00012765166325702136,0.06802606669279862
28.496,2.736185076012323e-05,0.00012765166288665835,0.06560967182850835
28.506,2.6229012349860534e-05,0.00012765166252095842,0.06268137937732923
28.516,2.4924587990250667e-05,0.0001276516621598628,0.0592295976215792
28.526,2.344840636064626e-05,0.00012765166180331354,0.055249029371649355
28.536,2.180213512409442e-05,0.00012765166145125342,0.05074085576377898
28.546,1.998930864261183e-05,0.00012765166110362586,0.04571286166260058
28.556,1.8015347909443834e-05,0.00012765166076037513,0.04017953373483922
28.566,1.5887573984258552e-05,0.00012765166042144607,0.034162135650402714
28.576,1.3615182595979479e-05,0.0001276516600867843,0.02768864131458887
28.586,1.1209168364218648e-05,0.00012765165975633607,0.020793483702167742
28.596,8.682229257841819e-06,0.00012765165943004836,0.013517231744616214
28.606,6.0486682402617435e-06,0.00012765165910786874,0.0059062573835445935
28.616,3.3242827902774373e-06,0.00012765165878974552,-0.0019876417210773177
28.626,5.262266265076141e-07,0.00012765165847562762,-0.010107721533628239
28.636,-2.3271636333627766e-06,0.0001276516581654646,-0.018392899794989717
28.646,-5.2165480130406546e-06,0.0001276516578592067,-0.026778387340599875
28.656,-8.121762067294726e-06,0.00012765165755680472,-0.03519631758883566
28.666,-1.1022034006052701e-05,0.0001276516572582101,-0.043576516929441825
28.676,-1.3896213337544203e-05,0.00012765165696337495,-0.05184731831669583
28.686,-1.6722975867726766e-05,0.0001276516566722519,-0.05993628930351533
28.696,-1.948103531228847e-05,0.00012765165638479423,-0.067770985308892
28.706,-2.214936405920436e-05,0.0001276516561009558,-0.07527973770561007
28.716,-2.470742461492297e-05,0.00012765165582069102,-0.08239248291876258
28.726,-2.7135395296161747e-05,0.0001276516555439549,-0.08904157200674667
28.736,-2.941435696444674e-05,0.00012765165527070302,-0.09516243885642704
28.746,-3.15264735498803e-05,0.0001276516550008915,-0.10069424756474339
28.756,-3.345519290233496e-05,0.00012765165473447706,-0.10558061653770284
28.766,-3.518541143187869e-05,0.00012765165447141687,-0.10977021173516105
28.776,-3.670359161489397e-05,0.00012765165421166875,-0.11321716894737116
28.786,-3.799788438715032e-05,0.00012765165395519097,-0.11588153633094701
28.796,-3.905823937756804e-05,0.00012765165370194238,-0.11772967489487633
28.806,-3.987647911584705e-05,0.00012765165345188231,-0.11873452908049603
28.816,-4.044634193260968e-05,0.0001276516532049706,-0.11887578449928837
28.826,-4.0763506732693366e-05,0.00012765165296116764,-0.11813996150990808
28.836,-4.082560768026662e-05,0.00012765165272043424,-0.11652047425212751
28.846,-4.063221773613184e-05,0.00012765165248273183,-0.11401757751065852
28.856,-4.018479719555144e-05,0.00012765165224802217,-0.11063818714939608
28.866,-3.948663342688587e-05,0.0001276516520162676,-0.10639567028491863
28.876,-3.854277079718895e-05,0.00012765165178743097,-0.10130960143886665
28.886,-3.7359910478211575e-05,0.00012765165156147548,-0.09540540994477108
28.896,-3.59463015851322e-05,0.0001276516513383649,-0.08871399705509445
28.906,-3.431163687940863e-05,0.00012765165111806336,-0.08127137117196542
28.916,-3.2466923744490104e-05,0.00012765165090053554,-0.07311819353609975
28.926,-3.0424335158076946e-05,0.00012765165068574647,-0.06429925140112039
28.936,-2.8197067719548954e-05,0.0001276516504736617,-0.05486295775150338
28.946,-2.5799202528676645e-05,0.00012765165026424718,-0.044860861927664517
28.956,-2.32455641531428e-05,0.0001276516500574693,-0.03434715350811013
28.966,-2.0551588111672734e-05,0.00012765164985329485,-0.023378197480343157
28.976,-1.7733189879816102e-05,0.00012765164965169103,-0.012012074558680856
28.986,-1.4806628575801334e-05,0.00012765164945262552,-0.0003081011300549649
28.996,-1.1788386632833943e-05,0.00012765164925606634,0.011673593057174504
29.006,-8.695055946740756e-06,0.0001276516490619819,0.023872464555304784
29.016,-5.54323361863432e-06,0.0001276516488703411,0.036227921939557955
29.026,-2.3494396047330647e-06,0.00012765164868111314,0.048679612573082884
29.036,8.699724603616888e-07,0.00012765164849426765,0.06116773639220917
29.046,4.098891382189403e-06,0.00012765164830977463,0.07363331389730626
29.056,7.321496351097063e-06,0.00012765164812760448,0.08601835275929344
29.066,1.0522299043276006e-05,0.00012765164794772792,0.09826599521149193
29.076,1.368618037387087e-05,0.00012765164777011609,0.11032064816310741
29.086,1.679841959170363e-05,0.00012765164759474048,0.12212808744607817
29.096,1.984471876718769e-05,0.00012765164742157292,0.1336355475895083
29.106,2.281122197772683e-05,0.00012765164725058565,0.14479179474756093
29.116,2.5684522043252627e-05,0.00012765164708175117,0.1555471561602381
29.126,2.8451654596196268e-05,0.0001276516469150424,0.16585350517453246
29.136,3.110008585674894e-05,0.00012765164675043256,0.17566422533113166
29.146,3.3617699525852025e-05,0.00012765164658789523,0.1849341731953214
29.156,3.599280207360853e-05,0.00012765164642740434,0.19361971050758214
29.166,3.821413214244282e-05,0.0001276516462689341,0.20167875305920152
29.176,4.0270864342840234e-05,0.00012765164611245908,0.2090708003440638
29.186,4.2152623774006066e-05,0.00012765164595795415,0.21575700573775505
29.196,4.384949328088594e-05,0.0001276516458053945,0.22170022095133163
29.206,4.535201297736003e-05,0.00012765164565475565,0.22686501261358735
29.216,4.66512120663562e-05,0.00012765164550601342,0.231217797710416
29.226,4.77386759488171e-05,0.00012765164535914392,0.23472710878933806
29.236,4.86066010605422e-05,0.00012765164521412356,0.23736381385942185
29.246,4.9247837117188724e-05,0.0001276516450709291,0.2391012894081743
29.256,4.965595062022738e-05,0.0001276516449295375,0.23991567079364662
29.266,4.9825309013081e-05,0.00012765164478992612,0.23978617766813376
29.276,4.975117076271392e-05,0.0001276516446520725,0.23869545994300861
29.286,4.942976580868742e-05,0.00012765164451595452,0.23662990688963076
29.296,4.885838898065996e-05,0.00012765164438155032,0.23358000233919335
29.306,4.8035512421183796e-05,0.00012765164424883833,0.22954074786936035
29.316,4.6960871501396715e-05,0.00012765164411779727,0.2245119866646381
29.326,4.563553005155666e-05,0.00012765164398840606,0.21849864943774255
29.336,4.406195612217224e-05,0.00012765164386064395,0.2115110370091794
29.346,4.2244108130645785e-05,0.0001276516437344904,0.2035651390660251
29.356,4.018751534635877e-05,0.00012765164360992523,0.19468293004191484
29.366,3.789933278673183e-05,0.00012765164348692835,0.18489256883781133
29.376,3.538835952376324e-05,0.0001276516433654801,0.17422846215135335
29.386,3.266504939968724e-05,0.0001276516432455609,0.1627312980473139
29.396,2.9741526210595312e-05,0.00012765164312715155,0.1504480940498033
29.406,2.663156319801626e-05,0.00012765164301023306,0.13743211240067157
29.416,2.3350543220773202e-05,0.0001276516428947866,0.12374270289970812
29.426,1.9915420639203074e-05,0.00012765164278079365,0.1094451507306005
29.436,1.6344655674479772e-05,0.00012765164266823596,0.09461042194370312
29.446,1.2658120989651952e-05,0.0001276516425570954,0.07931480570748595
29.456,8.877000046025336e-06,0.00012765164244735416,0.06363952536530196
29.466,5.023665801421112e-06,0.0001276516423389946,0.047670276656200467
29.476,1.1215408599358355e-06,0.00012765164223199935,0.031496697417304174
29.486,-2.8050347641951443e-06,0.00012765164212635122,0.01521186492865337
29.496,-6.73093830267922e-06,0.00012765164202203328,-0.0010882159027178276
29.506,-1.0630418609984112e-05,0.0001276516419190287,-0.017305196924563768
29.516,-1.4477281364621542e-05,0.00012765164181732103,-0.03333908437822529
29.526,-1.824508453278999e-05,0.0001276516417168939,-0.049088974021887166
29.536,-2.1907312816785088e-05,0.00012765164161773117,-0.06445370868419938
29.546,-2.5437556119354303e-05,0.00012765164151981698,-0.07933255021826335
29.556,-2.8809695725041313e-05,0.00012765164142313555,-0.09362587926970505
29.566,-3.199807894410742e-05,0.0001276516413276714,-0.10723585213022471
29.576,-3.497769725969912e-05,0.00012765164123340917,-0.1200670699929219
29.586,-3.7724383309392e-05,0.00012765164114033378,-0.13202731668012208
29.596,-4.021501390102271e-05,0.00012765164104843021,-0.14302831768032837
29.606,-4.242769920994775e-05,0.0001276516409576838,-0.15298644760003602
29.616,-4.434194697556901e-05,0.00012765164086807988,-0.16182334485643307
29.626,-4.593882190879751e-05,0.00012765164077960413,-0.1694665077930951
29.636,-4.7201124101760367e-05,0.00012765164069224234,-0.17584995959985333
29.646,-4.8113547643847756e-05,0.00012765164060598048,-0.18091483944162998
29.656,-4.8662822588374074e-05,0.0001276516405208047,-0.1846099312897862
29.666,-4.883786241567619e-05,0.00012765164043670129,-0.18689221173092946
29.676,-4.862988329178711e-05,0.00012765164035365682,-0.18772729280254086
29.686,-4.803251295643918e-05,0.0001276516402716579,-0.18708982530811252
29.696,-4.704189372842434e-05,0.00012765164019069137,-0.18496387930047742
29.706,-4.5656735237472106e-05,0.00012765164011074428,-0.18134313867655608
29.716,-4.3878356190891454e-05,0.00012765164003180373,-0.17623105395119446
29.726,-4.17107417812016e-05,0.0001276516399538571,-0.1696410509465662
29.736,-3.9160554643825345e-05,0.00012765163987689184,-0.16159656746996434
29.746,-3.623709278969467e-05,0.00012765163980089561,-0.1521308938552114
29.756,-3.295224705487525e-05,0.00012765163972585622,-0.14128701047215947
29.766,-2.932045172601303e-05,0.00012765163965176163,-0.12911739907351028
29.776,-2.5358574920806922e-05,0.00012765163957859988,-0.11568363183522928
29.786,-2.1085782888802146e-05,0.0001276516395063593,-0.1010558633735837
29.796,-1.652341617597233e-05,0.00012765163943502826,-0.08531236519315967
29.806,-1.169483853267552e-05,0.00012765163936459529,-0.068538959456113
29.816,-6.625245184131324e-06,0.00012765163929504914,-0.0508283030487932
29.826,-1.3414354440619958e-06,0.00012765163922637856,-0.03227904001406985
29.836,4.128418932499768e-06,0.00012765163915857261,-0.012994937885740134
29.846,9.75498678906367e-06,0.00012765163909162037,0.006915907739842186
29.856,1.5508016465283524e-05,0.00012765163902551108,0.027341963567161946
29.866,2.1356595438237745e-05,0.00012765163896023414,0.048169225110999164
29.876,2.7269404846815258e-05,0.00012765163889577906,0.06928216427802708
29.886,3.321498449131419e-05,0.00012765163883213552,0.09056471507026649
29.896,3.916197830470114e-05,0.00012765163876929327,0.11190118706191823
29.906,4.507936389974234e-05,0.00012765163870724223,0.13317711977563768
29.916,5.0936706403353186e-05,0.00012765163864597242,0.15428022558177495
29.926,5.670439546818552e-05,0.00012765163858547405,0.1751012700317967
29.936,6.235383822548238e-05,0.00012765163852573739,0.1955347895967797
29.946,6.785764102973518e-05,0.00012765163846675283,0.2154797674936364
29.956,7.318979426750843e-05,0.00012765163840851093,0.23484031982450992
29.966,7.832583044353769e-05,0.0001276516383510023,0.25352628243308517
29.976,8.324295730872146e-05,0.00012765163829421775,0.2714537048897125
29.986,8.792018669036484e-05,0.00012765163823814812,0.2885453276568358
29.996,9.233841655628858e-05,0.00012765163818278445,0.30473088666164533
