##############################################################################
# SALMON: Scalable Ab-initio Light-Matter simulator for Optics and Nanoscience
#
#                             Version 2.2.1
##############################################################################
  Libxc: [enabled] 6.2.2
   theory= tddft_pulse
 
 Total time step      =       15000
 Time step[fs]        =  2.000000000000000E-003
 Energy range         =        3000
 Energy resolution[eV]=  1.000000000000000E-002
Laser frequency     = 0.10 1.50[eV]
Pulse width of laser=     21.00000000      5.80000000[fs]
Laser intensity     =  0.00000000E+00  0.50000000E+12[W/cm^2]
delay time          =      0.00000000[fs]
   use of real value orbitals =  F
 r-space parallelization: off
 ======
 MPI distribution:
   nproc_k     :          16
   nproc_ob    :           1
   nproc_rgrid :           1           1           1
 OpenMP parallelization:
   number of threads :          72
 hpsi stencil:
   enables hand-coding vectorization : F
   enables openmp parallelization    : F
 current:
   k,orbital parallelized of openmp  : T
 force:
   k,orbital parallelized of openmp  : T
 ===================pseudopotential data===================
 ik ,atom_symbol=           1 Si
 ps_format =KY              
 ps_file =./Si_rps.dat
 Zps(ik), Mlps(ik) =           4           2
 Rps(ik), NRps(ik) =   2.26767135054939              122
 Lref(ik) =           2
 nproj(ik,l) =           1           1           1
 anorm(ik,l) =  0.6193218      0.3646551      0.0000000E+00
 inorm(ik,l) =           1           1           0
 Mass(ik) =   28.0000000000000     
 flag_nlcc_element(ik) = F
 ==========================================================
 flag_nlcc =  F
 
 ============init_ps==============
 end init_ps
 Maximal rho_NLCC= 0.000000000000000E+000
 Maximal tau_NLCC= 0.000000000000000E+000
 == Ewald ==
 cutoff length in real-space in ewald =  4.00 [A]
 (buffer length in bookkeeping =  2.00 [A])
 cutoff length in G-space in ewald =  0.1870828864+102 [1/A]
 number of ion-ion pair(/atom) used for allocation of bookkeeping=    69
 ===========
   Static dipole moment(xyz) =   -0.8729526692E+02   -0.8729526689E+02   -0.8729526689E+02
 
 
  time-step  time[fs]                               Current(xyz)[a.u.]      electrons Total energy[eV] 
#----------------------------------------------------------------------
 projection: already converged, E_kin(new)-E_kin(old)=  0.000000000000000E+000
      10    0.02000000  0.12651615E-11  0.74976400E-13 -0.15459543E-11    32.00000000     -865.02692789
      20    0.04000000  0.19747938E-11 -0.84674035E-12 -0.66299425E-12    32.00000000     -865.02692789
      30    0.06000000  0.18758281E-11 -0.10063684E-11 -0.56420221E-12    32.00000000     -865.02692789
      40    0.08000000  0.32106592E-11  0.56970596E-12  0.10674290E-11    32.00000000     -865.02692789
      50    0.10000000  0.31590625E-11  0.15096972E-11  0.24660968E-11    32.00000000     -865.02692789
      60    0.12000000  0.44661176E-11  0.25505826E-11  0.40567068E-11    32.00000000     -865.02692789
      70    0.14000000  0.30221352E-11  0.32354614E-11  0.45510809E-11    32.00000000     -865.02692789
      80    0.16000000  0.32756191E-11  0.36267738E-11  0.51786840E-11    32.00000000     -865.02692789
      90    0.18000000  0.11772236E-11  0.25721417E-11  0.45176429E-11    32.00000000     -865.02692789
     100    0.20000000  0.36588173E-12  0.14986511E-11  0.38608863E-11    32.00000000     -865.02692789
     110    0.22000000 -0.92587493E-12 -0.54190056E-12  0.22280783E-11    32.00000000     -865.02692789
     120    0.24000000 -0.20795847E-11 -0.15023007E-11  0.86284685E-12    32.00000000     -865.02692789
     130    0.26000000 -0.28004150E-11 -0.22530862E-11 -0.14583945E-11    32.00000000     -865.02692789
     140    0.28000000 -0.33532782E-11 -0.32058670E-11 -0.20566948E-11    32.00000000     -865.02692789
     150    0.30000000 -0.34562599E-11 -0.26083269E-11 -0.24481761E-11    32.00000000     -865.02692789
     160    0.32000000 -0.26085978E-11 -0.26568356E-11 -0.32056663E-11    32.00000000     -865.02692789
     170    0.34000000 -0.21003007E-11 -0.12013245E-11 -0.25052617E-11    32.00000000     -865.02692789
     180    0.36000000 -0.12966593E-11 -0.26249160E-12 -0.28060747E-11    32.00000000     -865.02692789
     190    0.38000000 -0.10134192E-11  0.33561601E-12 -0.16714405E-11    32.00000000     -865.02692789
     200    0.40000000  0.45004048E-13  0.68921850E-12 -0.14988944E-11    32.00000000     -865.02692789
     210    0.42000000 -0.76253129E-13  0.55888871E-12 -0.68200637E-12    32.00000000     -865.02692789
     220    0.44000000  0.10056276E-11  0.10152192E-11 -0.42645123E-12    32.00000000     -865.02692789
     230    0.46000000  0.99842197E-12  0.11455205E-11 -0.78786494E-12    32.00000000     -865.02692789
     240    0.48000000  0.12994054E-11  0.75930838E-12 -0.58336155E-12    32.00000000     -865.02692789
     250    0.50000000  0.12813034E-11  0.93917987E-12 -0.12529237E-11    32.00000000     -865.02692789
     260    0.52000000  0.10410083E-11  0.44899335E-12 -0.97595606E-12    32.00000000     -865.02692789
     270    0.54000000  0.48838969E-12  0.66795579E-12 -0.11877396E-11    32.00000000     -865.02692789
     280    0.56000000  0.41731642E-12  0.10333472E-11 -0.89679984E-12    32.00000000     -865.02692789
     290    0.58000000 -0.54899676E-13  0.11375933E-11 -0.54623246E-12    32.00000000     -865.02692789
     300    0.60000000 -0.75397849E-13  0.96934434E-12 -0.18683487E-12    32.00000000     -865.02692789
     310    0.62000000 -0.76458135E-13  0.40538593E-12  0.76893630E-12    32.00000000     -865.02692789
     320    0.64000000 -0.20372502E-12  0.15486482E-13  0.18814188E-11    32.00000000     -865.02692789
     330    0.66000000 -0.22661078E-12 -0.33186545E-12  0.18807245E-11    32.00000000     -865.02692789
     340    0.68000000  0.59180490E-12 -0.16307612E-11  0.23032264E-11    32.00000000     -865.02692789
     350    0.70000000  0.86974364E-12 -0.11516828E-11  0.23203201E-11    32.00000000     -865.02692789
     360    0.72000000  0.13406918E-11 -0.30052807E-11  0.22398697E-11    32.00000000     -865.02692789
     370    0.74000000  0.10613415E-11 -0.26387022E-11  0.17176181E-11    32.00000000     -865.02692789
     380    0.76000000  0.13303127E-11 -0.32633868E-11  0.10270114E-11    32.00000000     -865.02692789
     390    0.78000000  0.46708422E-12 -0.26114415E-11  0.78595469E-12    32.00000000     -865.02692789
     400    0.80000000  0.18839741E-12 -0.18834908E-11 -0.28544413E-12    32.00000000     -865.02692789
     410    0.82000000 -0.80664819E-12 -0.13658457E-11  0.16483485E-12    32.00000000     -865.02692789
     420    0.84000000 -0.13865918E-11  0.90298294E-13 -0.41298317E-12    32.00000000     -865.02692789
     430    0.86000000 -0.24109098E-11  0.69990872E-12 -0.11675361E-11    32.00000000     -865.02692789
     440    0.88000000 -0.22427528E-11  0.16748051E-11 -0.34785109E-12    32.00000000     -865.02692789
     450    0.90000000 -0.22450383E-11  0.24745758E-11  0.39581496E-13    32.00000000     -865.02692789
     460    0.92000000 -0.23785351E-11  0.28329399E-11  0.10353168E-12    32.00000000     -865.02692789
     470    0.94000000 -0.17220017E-11  0.25909756E-11 -0.22426179E-12    32.00000000     -865.02692789
     480    0.96000000 -0.16663063E-11  0.30112471E-11 -0.19930547E-12    32.00000000     -865.02692789
     490    0.98000000 -0.36353089E-12  0.21369614E-11 -0.78564744E-12    32.00000000     -865.02692789
     500    1.00000000  0.79830844E-12  0.29725616E-11 -0.38302971E-12    32.00000000     -865.02692789
     510    1.02000000  0.20010316E-11  0.21008558E-11 -0.10262058E-11    32.00000000     -865.02692789
     520    1.04000000  0.25072511E-11  0.17463340E-11 -0.17947435E-11    32.00000000     -865.02692789
     530    1.06000000  0.33864349E-11  0.47904311E-12 -0.10276954E-11    32.00000000     -865.02692789
     540    1.08000000  0.28916630E-11  0.10018420E-12 -0.55568772E-12    32.00000000     -865.02692789
     550    1.10000000  0.23843696E-11 -0.11572347E-11  0.50736361E-13    32.00000000     -865.02692789
     560    1.12000000  0.18136971E-11 -0.18391704E-11  0.89329346E-13    32.00000000     -865.02692789
     570    1.14000000  0.79383286E-12 -0.18041211E-11  0.57898307E-12    32.00000000     -865.02692789
     580    1.16000000  0.97701814E-14 -0.20426833E-11  0.12973909E-11    32.00000000     -865.02692789
     590    1.18000000 -0.31318147E-12 -0.20727050E-11  0.57556785E-12    32.00000000     -865.02692789
     600    1.20000000 -0.64314752E-12 -0.27212796E-11  0.28660818E-12    32.00000000     -865.02692789
     610    1.22000000 -0.87000923E-12 -0.28311426E-11 -0.11652745E-11    32.00000000     -865.02692789
     620    1.24000000 -0.11578913E-11 -0.14729147E-11 -0.53496954E-12    32.00000000     -865.02692789
     630    1.26000000 -0.11265829E-11 -0.24946172E-11 -0.61502441E-12    32.00000000     -865.02692789
     640    1.28000000 -0.14088540E-11 -0.97743167E-12 -0.33071946E-12    32.00000000     -865.02692789
     650    1.30000000 -0.11853825E-11 -0.14127542E-11  0.22249174E-12    32.00000000     -865.02692789
     660    1.32000000 -0.15283042E-11 -0.10264337E-11  0.43570305E-12    32.00000000     -865.02692789
     670    1.34000000 -0.20268181E-11 -0.78967121E-12 -0.14495812E-12    32.00000000     -865.02692789
     680    1.36000000 -0.16933048E-11 -0.48432014E-12  0.14377125E-12    32.00000000     -865.02692789
     690    1.38000000 -0.15895876E-11  0.84506337E-12 -0.19967512E-12    32.00000000     -865.02692789
     700    1.40000000 -0.10623204E-11  0.13776900E-11 -0.23146389E-12    32.00000000     -865.02692789
     710    1.42000000 -0.45639484E-12  0.26175409E-11  0.11972306E-11    32.00000000     -865.02692789
     720    1.44000000 -0.28795093E-12  0.31735995E-11  0.12686368E-11    32.00000000     -865.02692789
     730    1.46000000  0.48829265E-12  0.36353332E-11  0.11534832E-11    32.00000000     -865.02692789
     740    1.48000000  0.12933009E-11  0.40615095E-11  0.14125023E-11    32.00000000     -865.02692789
     750    1.50000000  0.13729864E-11  0.39529425E-11  0.44352902E-12    32.00000000     -865.02692789
     760    1.52000000  0.18313661E-11  0.38632851E-11  0.34381305E-12    32.00000000     -865.02692789
     770    1.54000000  0.23448221E-11  0.25162553E-11  0.12026434E-12    32.00000000     -865.02692789
     780    1.56000000  0.24840017E-11  0.16520997E-11 -0.24470860E-13    32.00000000     -865.02692789
     790    1.58000000  0.22823640E-11  0.12774338E-11 -0.35950959E-12    32.00000000     -865.02692789
     800    1.60000000  0.21285817E-11  0.42438257E-12 -0.12746477E-12    32.00000000     -865.02692789
     810    1.62000000  0.18402973E-11 -0.15687145E-12 -0.22862522E-12    32.00000000     -865.02692789
     820    1.64000000  0.18339106E-11 -0.15230066E-11 -0.26547882E-12    32.00000000     -865.02692789
     830    1.66000000  0.10657075E-11 -0.28695549E-11 -0.62035718E-12    32.00000000     -865.02692789
     840    1.68000000  0.41771989E-12 -0.33638150E-11 -0.12018146E-12    32.00000000     -865.02692789
     850    1.70000000 -0.87278914E-12 -0.54051755E-11 -0.79997400E-12    32.00000000     -865.02692789
     860    1.72000000 -0.12440281E-11 -0.53119159E-11 -0.37507727E-12    32.00000000     -865.02692789
     870    1.74000000 -0.18733277E-11 -0.65345750E-11 -0.90973650E-12    32.00000000     -865.02692789
     880    1.76000000 -0.21519275E-11 -0.55671571E-11 -0.14234018E-11    32.00000000     -865.02692789
     890    1.78000000 -0.23763034E-11 -0.41071154E-11 -0.61737897E-12    32.00000000     -865.02692789
     900    1.80000000 -0.26786501E-11 -0.26930104E-11 -0.13555878E-11    32.00000000     -865.02692789
     910    1.82000000 -0.21210531E-11 -0.59638766E-12 -0.93087964E-12    32.00000000     -865.02692789
     920    1.84000000 -0.16020797E-11  0.41845251E-12 -0.15554040E-11    32.00000000     -865.02692789
     930    1.86000000 -0.60474820E-12  0.22373893E-11 -0.30580394E-12    32.00000000     -865.02692789
     940    1.88000000 -0.79217719E-12  0.36913445E-11 -0.73561218E-12    32.00000000     -865.02692789
     950    1.90000000 -0.24908936E-12  0.41178167E-11  0.53779067E-12    32.00000000     -865.02692789
     960    1.92000000  0.58512373E-12  0.46327379E-11 -0.39766888E-13    32.00000000     -865.02692789
     970    1.94000000  0.11987719E-12  0.36373126E-11  0.20988550E-12    32.00000000     -865.02692789
     980    1.96000000  0.67308938E-12  0.39816674E-11  0.60553051E-12    32.00000000     -865.02692789
     990    1.98000000  0.18750461E-12  0.32751917E-11  0.41714672E-12    32.00000000     -865.02692789
    1000    2.00000000 -0.45254179E-12  0.34417311E-11  0.83650802E-12    32.00000000     -865.02692789
    1010    2.02000000 -0.60305918E-12  0.22057591E-11  0.85062890E-12    32.00000000     -865.02692789
    1020    2.04000000 -0.77392292E-12  0.25764175E-11  0.18370680E-11    32.00000000     -865.02692789
    1030    2.06000000 -0.64651899E-12  0.14348896E-11  0.21481003E-11    32.00000000     -865.02692789
    1040    2.08000000 -0.87489804E-12  0.15314067E-11  0.24225884E-11    32.00000000     -865.02692789
    1050    2.10000000  0.42715160E-13 -0.41842366E-12  0.23894467E-11    32.00000000     -865.02692789
    1060    2.12000000  0.11520932E-11 -0.48573257E-12  0.23030363E-11    32.00000000     -865.02692789
    1070    2.14000000  0.21507757E-11 -0.18777993E-11  0.15095037E-11    32.00000000     -865.02692789
    1080    2.16000000  0.30583642E-11 -0.21364111E-11  0.10822753E-11    32.00000000     -865.02692789
    1090    2.18000000  0.33256663E-11 -0.38710346E-11  0.47669555E-12    32.00000000     -865.02692789
    1100    2.20000000  0.33281609E-11 -0.45524915E-11 -0.32933901E-12    32.00000000     -865.02692789
    1110    2.22000000  0.35170075E-11 -0.49736793E-11 -0.76997360E-12    32.00000000     -865.02692789
    1120    2.24000000  0.32424540E-11 -0.42713488E-11 -0.11305928E-11    32.00000000     -865.02692789
    1130    2.26000000  0.31572376E-11 -0.40496148E-11 -0.11346452E-11    32.00000000     -865.02692789
    1140    2.28000000  0.14091441E-11 -0.33641901E-11 -0.17149266E-11    32.00000000     -865.02692789
    1150    2.30000000 -0.51466799E-13 -0.29670223E-11 -0.14890845E-11    32.00000000     -865.02692789
    1160    2.32000000 -0.12627817E-11 -0.54784138E-12 -0.18760102E-11    32.00000000     -865.02692789
    1170    2.34000000 -0.18685549E-11  0.41159801E-12 -0.17369825E-11    32.00000000     -865.02692789
    1180    2.36000000 -0.31756544E-11  0.15141109E-11 -0.22693986E-11    32.00000000     -865.02692789
    1190    2.38000000 -0.34041655E-11  0.18502984E-11 -0.26619162E-11    32.00000000     -865.02692789
    1200    2.40000000 -0.44198788E-11  0.27668924E-11 -0.29749984E-11    32.00000000     -865.02692789
    1210    2.42000000 -0.44771307E-11  0.32996499E-11 -0.29947058E-11    32.00000000     -865.02692789
    1220    2.44000000 -0.47570464E-11  0.40814764E-11 -0.28525695E-11    32.00000000     -865.02692789
    1230    2.46000000 -0.44856621E-11  0.34691775E-11 -0.22155935E-11    32.00000000     -865.02692789
    1240    2.48000000 -0.42618733E-11  0.38088420E-11 -0.11515641E-11    32.00000000     -865.02692789
    1250    2.50000000 -0.29854567E-11  0.39005078E-11  0.27840993E-13    32.00000000     -865.02692789
    1260    2.52000000 -0.10531409E-11  0.35174956E-11  0.19207859E-11    32.00000000     -865.02692789
    1270    2.54000000 -0.24571176E-12  0.25730964E-11  0.26397263E-11    32.00000000     -865.02692789
    1280    2.56000000  0.22006150E-11  0.62919905E-12  0.38112585E-11    32.00000000     -865.02692789
    1290    2.58000000  0.24472481E-11 -0.64043339E-13  0.43752358E-11    32.00000000     -865.02692789
    1300    2.60000000  0.38782622E-11 -0.17802091E-11  0.50882281E-11    32.00000000     -865.02692789
    1310    2.62000000  0.36392109E-11 -0.20343688E-11  0.47271711E-11    32.00000000     -865.02692789
    1320    2.64000000  0.38581822E-11 -0.31090359E-11  0.46114231E-11    32.00000000     -865.02692789
    1330    2.66000000  0.32582283E-11 -0.32679218E-11  0.36367973E-11    32.00000000     -865.02692789
    1340    2.68000000  0.29501598E-11 -0.32269944E-11  0.27500152E-11    32.00000000     -865.02692789
    1350    2.70000000  0.26402341E-11 -0.19678187E-11  0.10155917E-11    32.00000000     -865.02692789
    1360    2.72000000  0.29551638E-11 -0.20866736E-11  0.63810519E-12    32.00000000     -865.02692789
    1370    2.74000000  0.28047159E-11 -0.11554637E-11 -0.16338135E-11    32.00000000     -865.02692789
    1380    2.76000000  0.30248327E-11 -0.10095762E-11 -0.15456043E-11    32.00000000     -865.02692789
    1390    2.78000000  0.22333608E-11 -0.44269969E-12 -0.38679649E-11    32.00000000     -865.02692789
    1400    2.80000000  0.18951883E-11  0.73503455E-13 -0.34429026E-11    32.00000000     -865.02692789
    1410    2.82000000  0.64455870E-12 -0.51071606E-12 -0.37031321E-11    32.00000000     -865.02692789
    1420    2.84000000 -0.15316967E-12 -0.68103551E-12 -0.38200757E-11    32.00000000     -865.02692789
    1430    2.86000000 -0.83413890E-12 -0.64134036E-12 -0.31961055E-11    32.00000000     -865.02692789
    1440    2.88000000 -0.24133773E-11 -0.28044433E-12 -0.31296901E-11    32.00000000     -865.02692789
    1450    2.90000000 -0.29640379E-11  0.37508318E-12 -0.29263949E-11    32.00000000     -865.02692789
    1460    2.92000000 -0.40014917E-11  0.45349228E-12 -0.26577821E-11    32.00000000     -865.02692789
    1470    2.94000000 -0.45608055E-11  0.18176895E-11 -0.20310353E-11    32.00000000     -865.02692789
    1480    2.96000000 -0.47225333E-11  0.25000536E-11 -0.17560435E-11    32.00000000     -865.02692789
    1490    2.98000000 -0.52119227E-11  0.33372325E-11 -0.10865115E-11    32.00000000     -865.02692789
    1500    3.00000000 -0.46171404E-11  0.28918922E-11 -0.64703585E-13    32.00000000     -865.02692789
    1510    3.02000000 -0.40799180E-11  0.32145647E-11  0.15279861E-11    32.00000000     -865.02692789
    1520    3.04000000 -0.26400724E-11  0.23151316E-11  0.23099405E-11    32.00000000     -865.02692789
    1530    3.06000000 -0.12083586E-11  0.15193837E-11  0.30812327E-11    32.00000000     -865.02692789
    1540    3.08000000 -0.21797139E-12  0.61994318E-12  0.36982191E-11    32.00000000     -865.02692789
    1550    3.10000000  0.57866857E-12 -0.72004411E-12  0.41800053E-11    32.00000000     -865.02692789
    1560    3.12000000  0.16092963E-11 -0.14487496E-11  0.39905706E-11    32.00000000     -865.02692789
    1570    3.14000000  0.25556695E-11 -0.28035962E-11  0.26749298E-11    32.00000000     -865.02692789
    1580    3.16000000  0.30031636E-11 -0.23976106E-11  0.20210395E-11    32.00000000     -865.02692789
    1590    3.18000000  0.31906659E-11 -0.35280413E-11  0.11943437E-11    32.00000000     -865.02692789
    1600    3.20000000  0.38135252E-11 -0.32961854E-11  0.13062296E-11    32.00000000     -865.02692789
    1610    3.22000000  0.31397514E-11 -0.33519716E-11  0.34101774E-12    32.00000000     -865.02692789
    1620    3.24000000  0.36145670E-11 -0.26857960E-11  0.34073312E-12    32.00000000     -865.02692789
    1630    3.26000000  0.32240525E-11 -0.22810387E-11  0.70158607E-13    32.00000000     -865.02692789
    1640    3.28000000  0.34981092E-11 -0.55769543E-12 -0.11104312E-12    32.00000000     -865.02692789
    1650    3.30000000  0.27603158E-11 -0.60805392E-13 -0.63343220E-12    32.00000000     -865.02692789
    1660    3.32000000  0.23219130E-11  0.18389620E-11 -0.20313085E-11    32.00000000     -865.02692789
    1670    3.34000000  0.15615449E-11  0.26239466E-11 -0.20312987E-11    32.00000000     -865.02692789
    1680    3.36000000  0.11498973E-11  0.38253494E-11 -0.29279795E-11    32.00000000     -865.02692789
    1690    3.38000000  0.38663926E-13  0.31299532E-11 -0.23466116E-11    32.00000000     -865.02692789
    1700    3.40000000 -0.83711281E-12  0.36132489E-11 -0.28157775E-11    32.00000000     -865.02692789
    1710    3.42000000 -0.13879309E-11  0.24910949E-11 -0.18618287E-11    32.00000000     -865.02692789
    1720    3.44000000 -0.14582158E-11  0.17625784E-11 -0.14024755E-11    32.00000000     -865.02692789
    1730    3.46000000 -0.19334726E-11  0.40080282E-12 -0.10170509E-12    32.00000000     -865.02692789
    1740    3.48000000 -0.26863919E-11 -0.25668153E-12 -0.14626075E-12    32.00000000     -865.02692789
    1750    3.50000000 -0.32808446E-11 -0.85837480E-12  0.11147118E-11    32.00000000     -865.02692789
    1760    3.52000000 -0.36346948E-11 -0.81857889E-12  0.89883504E-12    32.00000000     -865.02692789
    1770    3.54000000 -0.39214905E-11 -0.15657083E-11  0.13039780E-11    32.00000000     -865.02692789
    1780    3.56000000 -0.38816721E-11 -0.15520669E-11  0.51607012E-12    32.00000000     -865.02692789
    1790    3.58000000 -0.43465545E-11 -0.21338630E-11  0.26627504E-12    32.00000000     -865.02692789
    1800    3.60000000 -0.35631749E-11 -0.18685452E-11 -0.55653840E-12    32.00000000     -865.02692789
    1810    3.62000000 -0.37364918E-11 -0.17747479E-11 -0.15933168E-12    32.00000000     -865.02692789
    1820    3.64000000 -0.17629372E-11 -0.17943053E-11 -0.80455906E-12    32.00000000     -865.02692789
    1830    3.66000000 -0.12969113E-11 -0.12745760E-11 -0.82794654E-12    32.00000000     -865.02692789
    1840    3.68000000  0.35562249E-12 -0.59984751E-12 -0.78994850E-12    32.00000000     -865.02692789
    1850    3.70000000  0.10159489E-11 -0.27850584E-12 -0.19797287E-12    32.00000000     -865.02692789
    1860    3.72000000  0.28041861E-11  0.36101312E-12  0.39926803E-12    32.00000000     -865.02692789
    1870    3.74000000  0.30335968E-11  0.65117786E-12  0.60512531E-12    32.00000000     -865.02692789
    1880    3.76000000  0.38866531E-11  0.11075136E-11  0.85678901E-12    32.00000000     -865.02692789
    1890    3.78000000  0.43337138E-11  0.78419127E-12  0.10112249E-11    32.00000000     -865.02692789
    1900    3.80000000  0.43128418E-11  0.10084708E-11  0.19667628E-11    32.00000000     -865.02692789
    1910    3.82000000  0.43522475E-11  0.11402241E-11  0.16497103E-11    32.00000000     -865.02692789
    1920    3.84000000  0.46075471E-11  0.14010535E-11  0.20346375E-11    32.00000000     -865.02692789
    1930    3.86000000  0.41856938E-11  0.17034315E-11  0.16849957E-11    32.00000000     -865.02692789
    1940    3.88000000  0.41039823E-11  0.20489691E-11  0.16754494E-11    32.00000000     -865.02692789
    1950    3.90000000  0.31830418E-11  0.23463930E-11  0.17354484E-11    32.00000000     -865.02692789
    1960    3.92000000  0.30652256E-11  0.18186091E-11  0.42039102E-12    32.00000000     -865.02692789
    1970    3.94000000  0.16468627E-11  0.16470069E-11  0.47714269E-12    32.00000000     -865.02692789
    1980    3.96000000  0.10344021E-11  0.31797534E-12 -0.51275047E-12    32.00000000     -865.02692789
    1990    3.98000000 -0.90141945E-12  0.59072470E-13 -0.75746410E-12    32.00000000     -865.02692789
    2000    4.00000000 -0.17766543E-11 -0.10407597E-11 -0.14049526E-11    32.00000000     -865.02692789
    2010    4.02000000 -0.41127586E-11 -0.21080261E-11 -0.22524751E-11    32.00000000     -865.02692789
    2020    4.04000000 -0.49555274E-11 -0.28581986E-11 -0.25226358E-11    32.00000000     -865.02692789
    2030    4.06000000 -0.63469910E-11 -0.34081368E-11 -0.23181956E-11    32.00000000     -865.02692789
    2040    4.08000000 -0.65623625E-11 -0.33206384E-11 -0.25853248E-11    32.00000000     -865.02692789
    2050    4.10000000 -0.66342405E-11 -0.30858100E-11 -0.26127043E-11    32.00000000     -865.02692789
    2060    4.12000000 -0.60892678E-11 -0.30143951E-11 -0.23840078E-11    32.00000000     -865.02692789
    2070    4.14000000 -0.52720344E-11 -0.17498912E-11 -0.13794624E-11    32.00000000     -865.02692789
    2080    4.16000000 -0.43512836E-11 -0.23921753E-12 -0.68349661E-12    32.00000000     -865.02692789
    2090    4.18000000 -0.27116618E-11  0.51933089E-12 -0.99074356E-13    32.00000000     -865.02692789
    2100    4.20000000 -0.12160116E-11  0.16463520E-11  0.71875176E-12    32.00000000     -865.02692789
    2110    4.22000000  0.69593649E-12  0.25148233E-11  0.35336154E-12    32.00000000     -865.02692789
    2120    4.24000000  0.17225000E-11  0.32028760E-11  0.18940787E-11    32.00000000     -865.02692789
    2130    4.26000000  0.32712345E-11  0.30837801E-11  0.16672322E-11    32.00000000     -865.02692789
    2140    4.28000000  0.40928960E-11  0.36797772E-11  0.19565010E-11    32.00000000     -865.02692789
    2150    4.30000000  0.52473429E-11  0.20479651E-11  0.23137070E-11    32.00000000     -865.02692789
    2160    4.32000000  0.55977450E-11  0.20188793E-11  0.17196673E-11    32.00000000     -865.02692789
    2170    4.34000000  0.54596061E-11  0.22310387E-12  0.17290557E-11    32.00000000     -865.02692789
    2180    4.36000000  0.50033823E-11 -0.68257694E-12  0.14803065E-11    32.00000000     -865.02692789
    2190    4.38000000  0.43085455E-11 -0.14114300E-11  0.81593372E-12    32.00000000     -865.02692789
    2200    4.40000000  0.44593611E-11 -0.17996578E-11  0.88017433E-12    32.00000000     -865.02692789
    2210    4.42000000  0.33422460E-11 -0.12705244E-11  0.75555442E-12    32.00000000     -865.02692789
    2220    4.44000000  0.28498636E-11 -0.12975672E-11  0.41518060E-12    32.00000000     -865.02692789
    2230    4.46000000  0.15163418E-11 -0.97018082E-12 -0.14674323E-11    32.00000000     -865.02692789
    2240    4.48000000  0.39865616E-12 -0.74873246E-12 -0.10825628E-11    32.00000000     -865.02692789
    2250    4.50000000 -0.90257039E-12 -0.88643790E-12 -0.15773639E-11    32.00000000     -865.02692789
    2260    4.52000000 -0.20499775E-11  0.91885506E-13 -0.11800928E-11    32.00000000     -865.02692789
    2270    4.54000000 -0.28974040E-11 -0.40767444E-12 -0.10019063E-11    32.00000000     -865.02692789
    2280    4.56000000 -0.29171060E-11  0.18859562E-12 -0.80800648E-12    32.00000000     -865.02692789
    2290    4.58000000 -0.36597207E-11  0.10410440E-12 -0.48405070E-12    32.00000000     -865.02692789
    2300    4.60000000 -0.37193581E-11 -0.63266309E-12  0.54006428E-12    32.00000000     -865.02692789
    2310    4.62000000 -0.40618505E-11  0.51438916E-13  0.38269642E-12    32.00000000     -865.02692789
    2320    4.64000000 -0.34013688E-11 -0.11981779E-11  0.58391323E-12    32.00000000     -865.02692789
    2330    4.66000000 -0.35577395E-11 -0.85637680E-12  0.88419414E-12    32.00000000     -865.02692789
    2340    4.68000000 -0.29891987E-11 -0.11048014E-11  0.12920831E-11    32.00000000     -865.02692789
    2350    4.70000000 -0.34414173E-11 -0.86239851E-12  0.78421379E-12    32.00000000     -865.02692789
    2360    4.72000000 -0.36942331E-11 -0.33775951E-12 -0.27567677E-12    32.00000000     -865.02692789
    2370    4.74000000 -0.25996883E-11  0.41820164E-12 -0.10542412E-11    32.00000000     -865.02692789
    2380    4.76000000 -0.19751076E-11  0.15464758E-11 -0.14589303E-11    32.00000000     -865.02692789
    2390    4.78000000 -0.79578220E-12  0.16695032E-11 -0.18091604E-11    32.00000000     -865.02692789
    2400    4.80000000 -0.29789798E-13  0.29041383E-11 -0.18408774E-11    32.00000000     -865.02692789
    2410    4.82000000  0.14975376E-11  0.31908625E-11 -0.23557973E-11    32.00000000     -865.02692789
    2420    4.84000000  0.20341635E-11  0.28188871E-11 -0.20875339E-11    32.00000000     -865.02692789
    2430    4.86000000  0.34397433E-11  0.25100206E-11 -0.23994579E-11    32.00000000     -865.02692789
    2440    4.88000000  0.43672723E-11  0.13907819E-11 -0.98257108E-12    32.00000000     -865.02692789
    2450    4.90000000  0.49123142E-11  0.50151515E-12 -0.70967384E-12    32.00000000     -865.02692789
    2460    4.92000000  0.55478567E-11 -0.78073672E-12  0.13309074E-12    32.00000000     -865.02692789
    2470    4.94000000  0.56252416E-11 -0.15007985E-11  0.14614694E-11    32.00000000     -865.02692789
    2480    4.96000000  0.53210614E-11 -0.23489909E-11  0.23069484E-11    32.00000000     -865.02692789
    2490    4.98000000  0.46516593E-11 -0.29871735E-11  0.32351107E-11    32.00000000     -865.02692789
    2500    5.00000000  0.38460578E-11 -0.32339461E-11  0.32975146E-11    32.00000000     -865.02692789
    2510    5.02000000  0.20759183E-11 -0.27908512E-11  0.37231525E-11    32.00000000     -865.02692789
    2520    5.04000000  0.11515795E-11 -0.28253493E-11  0.26280821E-11    32.00000000     -865.02692789
    2530    5.06000000 -0.21647616E-12 -0.16290026E-11  0.22380500E-11    32.00000000     -865.02692789
    2540    5.08000000 -0.10596851E-11 -0.15866270E-11  0.11410923E-11    32.00000000     -865.02692789
    2550    5.10000000 -0.30520310E-11 -0.95873493E-12 -0.29928977E-13    32.00000000     -865.02692789
    2560    5.12000000 -0.34970604E-11  0.37853029E-13 -0.44042288E-12    32.00000000     -865.02692789
    2570    5.14000000 -0.47219798E-11  0.24289954E-12 -0.34152720E-12    32.00000000     -865.02692789
    2580    5.16000000 -0.45013328E-11  0.12178695E-11 -0.64805183E-12    32.00000000     -865.02692789
    2590    5.18000000 -0.44817665E-11  0.81278606E-12 -0.40931200E-12    32.00000000     -865.02692789
    2600    5.20000000 -0.47753952E-11  0.22612309E-11 -0.86590345E-12    32.00000000     -865.02692789
    2610    5.22000000 -0.50147050E-11  0.21229935E-11 -0.66047372E-12    32.00000000     -865.02692789
    2620    5.24000000 -0.50777670E-11  0.22303313E-11 -0.12518053E-11    32.00000000     -865.02692789
    2630    5.26000000 -0.43024548E-11  0.17479386E-11 -0.20887741E-11    32.00000000     -865.02692789
    2640    5.28000000 -0.36286504E-11  0.22240251E-11 -0.17303267E-11    32.00000000     -865.02692789
    2650    5.30000000 -0.21742043E-11  0.19252967E-11 -0.21540761E-11    32.00000000     -865.02692789
    2660    5.32000000 -0.14191137E-11  0.21305253E-11 -0.16627861E-11    32.00000000     -865.02692789
    2670    5.34000000  0.95883305E-12  0.14624812E-11 -0.18730741E-11    32.00000000     -865.02692789
    2680    5.36000000  0.28119269E-11  0.13909158E-11 -0.16164396E-11    32.00000000     -865.02692789
    2690    5.38000000  0.44128570E-11  0.18693523E-12 -0.10235023E-11    32.00000000     -865.02692789
    2700    5.40000000  0.51610357E-11  0.14920966E-12 -0.88689466E-12    32.00000000     -865.02692789
    2710    5.42000000  0.59118311E-11 -0.11475581E-11  0.63688289E-13    32.00000000     -865.02692789
    2720    5.44000000  0.56113943E-11 -0.10950508E-11 -0.21972406E-12    32.00000000     -865.02692789
    2730    5.46000000  0.51256492E-11 -0.17787813E-11  0.37675894E-12    32.00000000     -865.02692789
    2740    5.48000000  0.41487235E-11 -0.21215630E-11  0.68393873E-12    32.00000000     -865.02692789
    2750    5.50000000  0.30672387E-11 -0.25986337E-11  0.60096399E-12    32.00000000     -865.02692789
    2760    5.52000000  0.20614251E-11 -0.30081071E-11  0.12139336E-11    32.00000000     -865.02692789
    2770    5.54000000  0.13086674E-11 -0.34742440E-11  0.90792070E-12    32.00000000     -865.02692789
    2780    5.56000000  0.15833956E-12 -0.33578328E-11  0.15535323E-11    32.00000000     -865.02692789
    2790    5.58000000 -0.43511462E-12 -0.43202461E-11  0.19865392E-11    32.00000000     -865.02692789
    2800    5.60000000 -0.17567320E-11 -0.26501891E-11  0.15783529E-11    32.00000000     -865.02692789
    2810    5.62000000 -0.18776647E-11 -0.24298636E-11  0.15952722E-11    32.00000000     -865.02692789
    2820    5.64000000 -0.24390495E-11 -0.11658775E-12  0.16841559E-11    32.00000000     -865.02692789
    2830    5.66000000 -0.25002768E-11  0.84817111E-12  0.18521275E-11    32.00000000     -865.02692789
    2840    5.68000000 -0.21360185E-11  0.27605598E-11  0.11594872E-11    32.00000000     -865.02692789
    2850    5.70000000 -0.24922593E-11  0.44742257E-11  0.13000437E-11    32.00000000     -865.02692789
    2860    5.72000000 -0.18549708E-11  0.53231706E-11  0.69584670E-12    32.00000000     -865.02692789
    2870    5.74000000 -0.20650209E-11  0.65270266E-11  0.10444661E-11    32.00000000     -865.02692789
    2880    5.76000000 -0.16673410E-11  0.55649281E-11  0.13656257E-11    32.00000000     -865.02692789
    2890    5.78000000 -0.17868887E-11  0.47975504E-11  0.60508842E-12    32.00000000     -865.02692789
    2900    5.80000000 -0.15781249E-11  0.26967345E-11 -0.17625142E-12    32.00000000     -865.02692789
    2910    5.82000000 -0.22493942E-11  0.69545080E-12 -0.12190148E-11    32.00000000     -865.02692789
    2920    5.84000000 -0.17707427E-11 -0.82455586E-12 -0.19702384E-11    32.00000000     -865.02692789
    2930    5.86000000 -0.12401496E-11 -0.22298981E-11 -0.32278632E-11    32.00000000     -865.02692789
    2940    5.88000000 -0.89868538E-12 -0.20766182E-11 -0.29622679E-11    32.00000000     -865.02692789
    2950    5.90000000 -0.59531776E-13 -0.21422256E-11 -0.35565695E-11    32.00000000     -865.02692789
    2960    5.92000000  0.37932975E-12 -0.22364976E-11 -0.28499798E-11    32.00000000     -865.02692789
    2970    5.94000000  0.77098318E-12 -0.17342437E-11 -0.30947453E-11    32.00000000     -865.02692789
    2980    5.96000000  0.16893524E-11 -0.15900059E-11 -0.19756732E-11    32.00000000     -865.02692789
    2990    5.98000000  0.25440834E-11 -0.11560524E-11 -0.21411708E-11    32.00000000     -865.02692789
    3000    6.00000000  0.28886753E-11 -0.18783204E-11 -0.13962836E-11    32.00000000     -865.02692789
    3010    6.02000000  0.31338560E-11 -0.18258984E-11 -0.11744923E-11    32.00000000     -865.02692789
    3020    6.04000000  0.27318412E-11 -0.30544193E-11 -0.10518472E-11    32.00000000     -865.02692789
    3030    6.06000000  0.28433943E-11 -0.25986608E-11  0.16014704E-12    32.00000000     -865.02692789
    3040    6.08000000  0.23150108E-11 -0.25781951E-11  0.76405980E-12    32.00000000     -865.02692789
    3050    6.10000000  0.20725526E-11 -0.18525617E-11  0.26030141E-11    32.00000000     -865.02692789
    3060    6.12000000  0.16386257E-11 -0.16823985E-11  0.28364607E-11    32.00000000     -865.02692789
    3070    6.14000000  0.15464372E-11 -0.14731951E-12  0.38545371E-11    32.00000000     -865.02692789
    3080    6.16000000  0.12291233E-11  0.98526136E-12  0.42434875E-11    32.00000000     -865.02692789
    3090    6.18000000  0.48655485E-13  0.15671465E-11  0.49668095E-11    32.00000000     -865.02692789
    3100    6.20000000 -0.64658829E-12  0.23206720E-11  0.48169727E-11    32.00000000     -865.02692789
    3110    6.22000000 -0.13437955E-11  0.30337074E-11  0.39985265E-11    32.00000000     -865.02692789
    3120    6.24000000 -0.19727589E-11  0.33541122E-11  0.24501745E-11    32.00000000     -865.02692789
    3130    6.26000000 -0.29782958E-11  0.35166895E-11  0.96661331E-12    32.00000000     -865.02692789
    3140    6.28000000 -0.35855454E-11  0.32507152E-11 -0.78894938E-13    32.00000000     -865.02692789
    3150    6.30000000 -0.30737809E-11  0.28849300E-11 -0.14464512E-11    32.00000000     -865.02692789
    3160    6.32000000 -0.33080445E-11  0.24360366E-11 -0.23295163E-11    32.00000000     -865.02692789
    3170    6.34000000 -0.24487823E-11  0.19482570E-11 -0.33227515E-11    32.00000000     -865.02692789
    3180    6.36000000 -0.20525538E-11  0.19681659E-11 -0.28352460E-11    32.00000000     -865.02692789
    3190    6.38000000 -0.20902455E-11 -0.11721179E-12 -0.25882485E-11    32.00000000     -865.02692789
    3200    6.40000000 -0.86916536E-12 -0.25816067E-13 -0.21642356E-11    32.00000000     -865.02692789
    3210    6.42000000 -0.86120988E-12 -0.14753329E-11 -0.17031716E-11    32.00000000     -865.02692789
    3220    6.44000000 -0.46339182E-13 -0.19361200E-11 -0.10609750E-11    32.00000000     -865.02692789
    3230    6.46000000  0.71032920E-13 -0.30304679E-11 -0.11863836E-11    32.00000000     -865.02692789
    3240    6.48000000  0.14409092E-11 -0.40258417E-11 -0.13604011E-11    32.00000000     -865.02692789
    3250    6.50000000  0.16946998E-11 -0.43873824E-11 -0.11821546E-11    32.00000000     -865.02692789
    3260    6.52000000  0.24396399E-11 -0.42642054E-11 -0.18407567E-11    32.00000000     -865.02692789
    3270    6.54000000  0.25040434E-11 -0.34441240E-11 -0.16334978E-11    32.00000000     -865.02692789
    3280    6.56000000  0.25754584E-11 -0.18854742E-11 -0.17976590E-11    32.00000000     -865.02692789
    3290    6.58000000  0.31348843E-11 -0.19870724E-11 -0.23706190E-11    32.00000000     -865.02692789
    3300    6.60000000  0.30927194E-11  0.12414960E-12 -0.13680360E-11    32.00000000     -865.02692789
    3310    6.62000000  0.28003538E-11  0.42148071E-12 -0.13689393E-12    32.00000000     -865.02692789
    3320    6.64000000  0.20675950E-11  0.15362678E-11  0.75186810E-12    32.00000000     -865.02692789
    3330    6.66000000  0.12895862E-11  0.14694003E-11  0.19900367E-11    32.00000000     -865.02692789
    3340    6.68000000  0.57164555E-12  0.20578974E-11  0.27108760E-11    32.00000000     -865.02692789
    3350    6.70000000 -0.80262062E-12  0.15756154E-11  0.37109336E-11    32.00000000     -865.02692789
    3360    6.72000000 -0.15014058E-11  0.16869611E-11  0.39355886E-11    32.00000000     -865.02692789
    3370    6.74000000 -0.23806560E-11  0.17968145E-11  0.45872885E-11    32.00000000     -865.02692789
    3380    6.76000000 -0.29221390E-11  0.10945869E-11  0.35164204E-11    32.00000000     -865.02692789
    3390    6.78000000 -0.32253729E-11  0.14570223E-11  0.38089386E-11    32.00000000     -865.02692789
    3400    6.80000000 -0.34259556E-11  0.18828991E-11  0.25716341E-11    32.00000000     -865.02692789
    3410    6.82000000 -0.28151032E-11  0.25205668E-11  0.20955725E-11    32.00000000     -865.02692789
    3420    6.84000000 -0.18014283E-11  0.28957047E-11  0.81285395E-12    32.00000000     -865.02692789
    3430    6.86000000 -0.96465427E-12  0.27945325E-11 -0.11053166E-12    32.00000000     -865.02692789
    3440    6.88000000  0.31537216E-12  0.18733895E-11 -0.12733951E-11    32.00000000     -865.02692789
    3450    6.90000000  0.92657917E-13  0.11295233E-11 -0.28539039E-11    32.00000000     -865.02692789
    3460    6.92000000  0.11600996E-11 -0.46277200E-13 -0.32351002E-11    32.00000000     -865.02692789
    3470    6.94000000  0.14496729E-11 -0.11936187E-11 -0.40364319E-11    32.00000000     -865.02692789
    3480    6.96000000  0.15052631E-11 -0.27702440E-11 -0.36599467E-11    32.00000000     -865.02692789
    3490    6.98000000  0.99943890E-12 -0.32210888E-11 -0.40034748E-11    32.00000000     -865.02692789
    3500    7.00000000  0.10649532E-11 -0.40391137E-11 -0.28972554E-11    32.00000000     -865.02692789
    3510    7.02000000  0.70743281E-12 -0.39593098E-11 -0.30786362E-11    32.00000000     -865.02692789
    3520    7.04000000  0.94059660E-12 -0.36799196E-11 -0.13315848E-11    32.00000000     -865.02692789
    3530    7.06000000  0.13611991E-12 -0.30119127E-11 -0.12742996E-11    32.00000000     -865.02692789
    3540    7.08000000  0.66921515E-12 -0.23638926E-11  0.29265584E-12    32.00000000     -865.02692789
    3550    7.10000000  0.56043095E-12 -0.12385318E-11  0.56650562E-12    32.00000000     -865.02692789
    3560    7.12000000  0.95214244E-12 -0.91214393E-12  0.12099095E-11    31.99999999     -865.02692789
    3570    7.14000000  0.55767856E-12  0.45334991E-12  0.14110102E-11    31.99999999     -865.02692789
    3580    7.16000000  0.11111431E-11  0.47624842E-12  0.14800794E-11    31.99999999     -865.02692789
    3590    7.18000000  0.34372310E-12  0.21796916E-11  0.17337012E-11    31.99999999     -865.02692789
    3600    7.20000000  0.12986633E-11  0.20114925E-11  0.11483225E-11    31.99999999     -865.02692789
    3610    7.22000000  0.31966672E-13  0.30931426E-11  0.14463638E-11    31.99999999     -865.02692789
    3620    7.24000000 -0.25547596E-12  0.31773184E-11  0.79181867E-12    31.99999999     -865.02692789
    3630    7.26000000 -0.13292362E-11  0.34232173E-11  0.13089235E-11    31.99999999     -865.02692789
    3640    7.28000000 -0.17263748E-11  0.30315264E-11  0.88677559E-12    31.99999999     -865.02692789
    3650    7.30000000 -0.23816657E-11  0.20627174E-11  0.11148192E-11    31.99999999     -865.02692789
    3660    7.32000000 -0.24629378E-11  0.12590988E-11  0.16453663E-11    31.99999999     -865.02692789
    3670    7.34000000 -0.23582732E-11  0.25180800E-13  0.16891855E-11    31.99999999     -865.02692790
    3680    7.36000000 -0.21571305E-11 -0.79635270E-12  0.23433731E-11    31.99999999     -865.02692790
    3690    7.38000000 -0.12835866E-11 -0.99100272E-12  0.10786283E-11    31.99999999     -865.02692790
    3700    7.40000000 -0.12021691E-11 -0.14742727E-11  0.91442903E-12    31.99999999     -865.02692790
    3710    7.42000000 -0.42888539E-12 -0.14730271E-11 -0.68410808E-12    31.99999999     -865.02692790
    3720    7.44000000  0.79756183E-12 -0.60319069E-12 -0.12547435E-11    31.99999999     -865.02692790
    3730    7.46000000  0.98111979E-12 -0.77710698E-12 -0.21619677E-11    31.99999999     -865.02692790
    3740    7.48000000  0.24090698E-11 -0.29659291E-12 -0.21923293E-11    31.99999999     -865.02692790
    3750    7.50000000  0.21863470E-11 -0.73256215E-12 -0.23447595E-11    31.99999999     -865.02692790
    3760    7.52000000  0.30855452E-11 -0.59035451E-12 -0.19765635E-11    31.99999999     -865.02692790
    3770    7.54000000  0.23662969E-11 -0.92814896E-12 -0.17851204E-11    31.99999999     -865.02692790
    3780    7.56000000  0.29693557E-11 -0.90864524E-12 -0.91455764E-12    31.99999999     -865.02692790
    3790    7.58000000  0.19555553E-11 -0.10729755E-11 -0.78883334E-12    31.99999999     -865.02692790
    3800    7.60000000  0.14384076E-11 -0.12584128E-11 -0.36742272E-12    31.99999999     -865.02692790
    3810    7.62000000  0.92377350E-12 -0.64448619E-12  0.70419163E-11    31.99999999     -865.02692790
    3820    7.64000000  0.39076978E-12 -0.34034602E-12  0.95398174E-10    31.99999999     -865.02692790
    3830    7.66000000 -0.31807387E-12 -0.45543286E-12  0.37750156E-09    31.99999999     -865.02692790
    3840    7.68000000 -0.10090559E-11  0.33723825E-12  0.87958975E-09    31.99999999     -865.02692790
    3850    7.70000000 -0.18068689E-11 -0.33511722E-12  0.14040710E-08    31.99999999     -865.02692790
    3860    7.72000000 -0.15684082E-11  0.38576603E-12  0.14143845E-08    31.99999999     -865.02692790
    3870    7.74000000 -0.20467550E-11  0.44580436E-12 -0.67319146E-10    31.99999999     -865.02692790
    3880    7.76000000 -0.19642711E-11  0.69269688E-12 -0.45474698E-08    31.99999999     -865.02692790
    3890    7.78000000 -0.20209308E-11  0.15526944E-11 -0.14114015E-07    31.99999999     -865.02692790
    3900    7.80000000 -0.14149341E-11  0.17158626E-11 -0.31476408E-07    31.99999999     -865.02692789
    3910    7.82000000 -0.14793111E-11  0.16986658E-11 -0.59970389E-07    31.99999999     -865.02692789
    3920    7.84000000 -0.13396130E-11  0.11128945E-11 -0.10355153E-06    31.99999999     -865.02692789
    3930    7.86000000 -0.13667248E-11  0.64449034E-12 -0.16675005E-06    31.99999999     -865.02692788
    3940    7.88000000 -0.16121678E-11 -0.90765675E-13 -0.25462201E-06    31.99999999     -865.02692786
    3950    7.90000000 -0.15616301E-11 -0.28152186E-12 -0.37265895E-06    31.99999999     -865.02692781
    3960    7.92000000 -0.11608764E-11 -0.39139620E-12 -0.52669719E-06    31.99999999     -865.02692771
    3970    7.94000000 -0.63019938E-12 -0.74292713E-12 -0.72278461E-06    31.99999999     -865.02692754
    3980    7.96000000 -0.27094659E-12 -0.57595507E-12 -0.96705473E-06    31.99999999     -865.02692724
    3990    7.98000000  0.45315677E-12 -0.56543597E-12 -0.12655603E-05    31.99999999     -865.02692674
    4000    8.00000000  0.13376006E-11 -0.27887213E-12 -0.16241177E-05    31.99999999     -865.02692593
    4010    8.02000000  0.21934550E-11  0.29672304E-12 -0.20481230E-05    31.99999999     -865.02692468
    4020    8.04000000  0.32955937E-11  0.46748416E-12 -0.25423774E-05    31.99999999     -865.02692278
    4030    8.06000000  0.36122707E-11 -0.11891914E-12 -0.31108953E-05    31.99999999     -865.02691999
    4040    8.08000000  0.35832604E-11  0.38502387E-12 -0.37567277E-05    31.99999999     -865.02691599
    4050    8.10000000  0.30535976E-11 -0.44241274E-12 -0.44817809E-05    31.99999999     -865.02691037
    4060    8.12000000  0.24926543E-11 -0.89293747E-12 -0.52866500E-05    31.99999999     -865.02690265
    4070    8.14000000  0.17221268E-11 -0.11005204E-11 -0.61704599E-05    31.99999999     -865.02689225
    4080    8.16000000  0.14128015E-11 -0.14657703E-11 -0.71307223E-05    31.99999999     -865.02687849
    4090    8.18000000 -0.33774933E-12 -0.18985025E-11 -0.81632158E-05    31.99999999     -865.02686061
    4100    8.20000000 -0.12434006E-11 -0.22389605E-11 -0.92618800E-05    31.99999999     -865.02683775
    4110    8.22000000 -0.27103563E-11 -0.23151377E-11 -0.10418732E-04    31.99999999     -865.02680896
    4120    8.24000000 -0.34154920E-11 -0.28357907E-11 -0.11623821E-04    31.99999999     -865.02677328
    4130    8.26000000 -0.47584083E-11 -0.28359646E-11 -0.12865186E-04    31.99999999     -865.02672967
    4140    8.28000000 -0.45524632E-11 -0.30666357E-11 -0.14128866E-04    31.99999999     -865.02667712
    4150    8.30000000 -0.49045541E-11 -0.31167948E-11 -0.15398923E-04    31.99999999     -865.02661466
    4160    8.32000000 -0.44905251E-11 -0.30813892E-11 -0.16657506E-04    31.99999999     -865.02654142
    4170    8.34000000 -0.47859315E-11 -0.19070049E-11 -0.17884942E-04    31.99999999     -865.02645665
    4180    8.36000000 -0.54115534E-11 -0.16675869E-11 -0.19059861E-04    31.99999999     -865.02635984
    4190    8.38000000 -0.54880584E-11 -0.11970406E-11 -0.20159353E-04    31.99999999     -865.02625071
    4200    8.40000000 -0.61592164E-11 -0.96686600E-12 -0.21159156E-04    31.99999999     -865.02612932
    4210    8.42000000 -0.62343207E-11 -0.18120590E-11 -0.22033868E-04    31.99999999     -865.02599609
    4220    8.44000000 -0.66744347E-11 -0.21662581E-11 -0.22757208E-04    31.99999999     -865.02585186
    4230    8.46000000 -0.67357803E-11 -0.39664626E-11 -0.23302271E-04    31.99999999     -865.02569795
    4240    8.48000000 -0.65137798E-11 -0.46695079E-11 -0.23641833E-04    31.99999999     -865.02553612
    4250    8.50000000 -0.63384552E-11 -0.55129655E-11 -0.23748667E-04    31.99999999     -865.02536865
    4260    8.52000000 -0.59623678E-11 -0.60163262E-11 -0.23595872E-04    31.99999999     -865.02519824
    4270    8.54000000 -0.54372946E-11 -0.65434370E-11 -0.23157223E-04    31.99999999     -865.02502802
    4280    8.56000000 -0.47404686E-11 -0.67669351E-11 -0.22407529E-04    31.99999999     -865.02486144
    4290    8.58000000 -0.37629819E-11 -0.74031377E-11 -0.21322999E-04    31.99999999     -865.02470219
    4300    8.60000000 -0.32722507E-11 -0.78528127E-11 -0.19881608E-04    31.99999999     -865.02455400
    4310    8.62000000 -0.31699963E-11 -0.84711056E-11 -0.18063465E-04    31.99999999     -865.02442053
    4320    8.64000000 -0.34552794E-11 -0.90094761E-11 -0.15851170E-04    31.99999999     -865.02430512
    4330    8.66000000 -0.31538930E-11 -0.10089414E-10 -0.13230168E-04    31.99999999     -865.02421056
    4340    8.68000000 -0.41440821E-11 -0.97421858E-11 -0.10189084E-04    31.99999999     -865.02413881
    4350    8.70000000 -0.49567658E-11 -0.10579325E-10 -0.67200392E-05    31.99999999     -865.02409073
    4360    8.72000000 -0.67610065E-11 -0.10259760E-10 -0.28189395E-05    31.99999999     -865.02406578
    4370    8.74000000 -0.79753280E-11 -0.10469624E-10  0.15142498E-05    31.99999999     -865.02406169
    4380    8.76000000 -0.97606412E-11 -0.10710814E-10  0.62752809E-05    31.99999999     -865.02407418
    4390    8.78000000 -0.11263634E-10 -0.10271636E-10  0.11455413E-04    31.99999999     -865.02409666
    4400    8.80000000 -0.11950381E-10 -0.10206131E-10  0.17041264E-04    31.99999999     -865.02411999
    4410    8.82000000 -0.12410496E-10 -0.99273542E-11  0.23014679E-04    31.99999999     -865.02413220
    4420    8.84000000 -0.11911969E-10 -0.87105497E-11  0.29352663E-04    31.99999999     -865.02411843
    4430    8.86000000 -0.10822611E-10 -0.73048100E-11  0.36027346E-04    31.99999999     -865.02406071
    4440    8.88000000 -0.92860638E-11 -0.44867521E-11  0.43006000E-04    31.99999999     -865.02393802
    4450    8.90000000 -0.75574973E-11 -0.14854549E-11  0.50251105E-04    31.99999999     -865.02372632
    4460    8.92000000 -0.45648462E-11  0.15565430E-11  0.57720465E-04    31.99999999     -865.02339873
    4470    8.94000000 -0.18411484E-11  0.43835318E-11  0.65367370E-04    31.99999999     -865.02292576
    4480    8.96000000  0.93522284E-12  0.62977400E-11  0.73140820E-04    31.99999999     -865.02227572
    4490    8.98000000  0.38376814E-11  0.83259230E-11  0.80985779E-04    31.99999999     -865.02141521
    4500    9.00000000  0.67365163E-11  0.97366687E-11  0.88843500E-04    31.99999999     -865.02030969
    4510    9.02000000  0.97304835E-11  0.11671723E-10  0.96651876E-04    31.99999999     -865.01892421
    4520    9.04000000  0.12563616E-10  0.12623995E-10  0.10434586E-03    31.99999999     -865.01722420
    4530    9.06000000  0.15645909E-10  0.15380514E-10  0.11185792E-03    31.99999999     -865.01517635
    4540    9.08000000  0.18652235E-10  0.17638150E-10  0.11911852E-03    31.99999999     -865.01274955
    4550    9.10000000  0.22465722E-10  0.20542797E-10  0.12605667E-03    31.99999999     -865.00991593
    4560    9.12000000  0.26004626E-10  0.23763189E-10  0.13260050E-03    31.99999999     -865.00665183
    4570    9.14000000  0.30538479E-10  0.25412916E-10  0.13867783E-03    31.99999999     -865.00293886
    4580    9.16000000  0.33496394E-10  0.28614808E-10  0.14421687E-03    31.99999999     -864.99876490
    4590    9.18000000  0.37159659E-10  0.31247809E-10  0.14914682E-03    31.99999999     -864.99412497
    4600    9.20000000  0.39790618E-10  0.33754375E-10  0.15339856E-03    31.99999999     -864.98902215
    4610    9.22000000  0.43475321E-10  0.36442141E-10  0.15690534E-03    31.99999999     -864.98346823
    4620    9.24000000  0.46557164E-10  0.39049904E-10  0.15960349E-03    31.99999999     -864.97748430
    4630    9.26000000  0.49499364E-10  0.43306982E-10  0.16143307E-03    31.99999999     -864.97110114
    4640    9.28000000  0.51979819E-10  0.47063786E-10  0.16233861E-03    31.99999999     -864.96435934
    4650    9.30000000  0.54181180E-10  0.52193163E-10  0.16226971E-03    31.99999999     -864.95730927
    4660    9.32000000  0.56362463E-10  0.56082961E-10  0.16118172E-03    31.99999999     -864.95001075
    4670    9.34000000  0.58554205E-10  0.60259517E-10  0.15903635E-03    31.99999999     -864.94253246
    4680    9.36000000  0.61060522E-10  0.64805333E-10  0.15580217E-03    31.99999999     -864.93495112
    4690    9.38000000  0.63169607E-10  0.67994603E-10  0.15145519E-03    31.99999999     -864.92735034
    4700    9.40000000  0.65831599E-10  0.70941259E-10  0.14597920E-03    31.99999999     -864.91981929
    4710    9.42000000  0.67808177E-10  0.73782454E-10  0.13936625E-03    31.99999999     -864.91245104
    4720    9.44000000  0.69985461E-10  0.76301984E-10  0.13161683E-03    31.99999999     -864.90534079
    4730    9.46000000  0.71779775E-10  0.77975653E-10  0.12274011E-03    31.99999999     -864.89858385
    4740    9.48000000  0.73128594E-10  0.79384048E-10  0.11275406E-03    31.99999999     -864.89227347
    4750    9.50000000  0.74937137E-10  0.79983799E-10  0.10168542E-03    31.99999999     -864.88649865
    4760    9.52000000  0.75607606E-10  0.80817286E-10  0.89569600E-04    31.99999999     -864.88134180
    4770    9.54000000  0.76359109E-10  0.80445099E-10  0.76450525E-04    31.99999999     -864.87687656
    4780    9.56000000  0.76215874E-10  0.79381399E-10  0.62380306E-04    31.99999999     -864.87316549
    4790    9.58000000  0.75134504E-10  0.76905544E-10  0.47418879E-04    31.99999999     -864.87025811
    4800    9.60000000  0.74427422E-10  0.75041329E-10  0.31633534E-04    31.99999999     -864.86818894
    4810    9.62000000  0.72323615E-10  0.71573610E-10  0.15098375E-04    31.99999999     -864.86697590
    4820    9.64000000  0.70324395E-10  0.68067070E-10 -0.21062749E-05    31.99999999     -864.86661890
    4830    9.66000000  0.67289964E-10  0.63281526E-10 -0.19894517E-04    31.99999999     -864.86709888
    4840    9.68000000  0.63218112E-10  0.57504513E-10 -0.38175560E-04    31.99999999     -864.86837713
    4850    9.70000000  0.58386980E-10  0.51292629E-10 -0.56854406E-04    31.99999999     -864.87039501
    4860    9.72000000  0.52969110E-10  0.45439476E-10 -0.75832547E-04    31.99999999     -864.87307416
    4870    9.74000000  0.47188977E-10  0.38898101E-10 -0.95008637E-04    31.99999999     -864.87631704
    4880    9.76000000  0.39961081E-10  0.32677843E-10 -0.11427914E-03    31.99999999     -864.88000798
    4890    9.78000000  0.32626369E-10  0.26164132E-10 -0.13353894E-03    31.99999999     -864.88401461
    4900    9.80000000  0.24158136E-10  0.19401325E-10 -0.15268187E-03    31.99999999     -864.88818968
    4910    9.82000000  0.15488979E-10  0.12480063E-10 -0.17160123E-03    31.99999999     -864.89237329
    4920    9.84000000  0.53215067E-11  0.51752312E-11 -0.19019023E-03    31.99999999     -864.89639544
    4930    9.86000000 -0.43287829E-11 -0.32393274E-11 -0.20834232E-03    31.99999999     -864.90007885
    4940    9.88000000 -0.14987923E-10 -0.11685709E-10 -0.22595157E-03    31.99999999     -864.90324214
    4950    9.90000000 -0.25008430E-10 -0.21330558E-10 -0.24291291E-03    31.99999999     -864.90570310
    4960    9.92000000 -0.35947427E-10 -0.30381540E-10 -0.25912244E-03    31.99999999     -864.90728217
    4970    9.94000000 -0.46163299E-10 -0.40231584E-10 -0.27447760E-03    31.99999999     -864.90780603
    4980    9.96000000 -0.55789169E-10 -0.49899750E-10 -0.28887750E-03    31.99999999     -864.90711119
    4990    9.98000000 -0.65189484E-10 -0.59678101E-10 -0.30222317E-03    31.99999999     -864.90504758
    5000   10.00000000 -0.73855706E-10 -0.69003228E-10 -0.31441787E-03    31.99999999     -864.90148207
    5010   10.02000000 -0.83153570E-10 -0.79092035E-10 -0.32536757E-03    31.99999999     -864.89630177
    5020   10.04000000 -0.91493402E-10 -0.89460652E-10 -0.33498134E-03    31.99999999     -864.88941716
    5030   10.06000000 -0.10112765E-09 -0.99316648E-10 -0.34317207E-03    31.99999999     -864.88076490
    5040   10.08000000 -0.11007476E-09 -0.11044102E-09 -0.34985708E-03    31.99999999     -864.87031031
    5050   10.10000000 -0.11947058E-09 -0.12000008E-09 -0.35495904E-03    31.99999999     -864.85804935
    5060   10.12000000 -0.12830752E-09 -0.13052884E-09 -0.35840690E-03    31.99999999     -864.84401017
    5070   10.14000000 -0.13764259E-09 -0.13985205E-09 -0.36013694E-03    31.99999999     -864.82825401
    5080   10.16000000 -0.14620885E-09 -0.14931665E-09 -0.36009403E-03    31.99999999     -864.81087555
    5090   10.18000000 -0.15479051E-09 -0.15704336E-09 -0.35823281E-03    31.99999999     -864.79200251
    5100   10.20000000 -0.16207762E-09 -0.16508513E-09 -0.35451906E-03    31.99999999     -864.77179462
    5110   10.22000000 -0.16911296E-09 -0.17161013E-09 -0.34893103E-03    31.99999999     -864.75044174
    5120   10.24000000 -0.17523839E-09 -0.17671816E-09 -0.34146073E-03    31.99999999     -864.72816128
    5130   10.26000000 -0.18045173E-09 -0.18122181E-09 -0.33211524E-03    31.99999999     -864.70519493
    5140   10.28000000 -0.18431634E-09 -0.18466810E-09 -0.32091777E-03    31.99999999     -864.68180459
    5150   10.30000000 -0.18638889E-09 -0.18686122E-09 -0.30790870E-03    31.99999999     -864.65826773
    5160   10.32000000 -0.18740166E-09 -0.18877172E-09 -0.29314626E-03    31.99999999     -864.63487213
    5170   10.34000000 -0.18708707E-09 -0.18861551E-09 -0.27670706E-03    31.99999999     -864.61191019
    5180   10.36000000 -0.18598104E-09 -0.18822940E-09 -0.25868623E-03    31.99999999     -864.58967295
    5190   10.38000000 -0.18367168E-09 -0.18570706E-09 -0.23919720E-03    31.99999999     -864.56844386
    5200   10.40000000 -0.18107904E-09 -0.18320789E-09 -0.21837111E-03    31.99999999     -864.54849263
    5210   10.42000000 -0.17696046E-09 -0.17911147E-09 -0.19635578E-03    31.99999999     -864.53006914
    5220   10.44000000 -0.17270477E-09 -0.17321413E-09 -0.17331426E-03    31.99999999     -864.51339788
    5230   10.46000000 -0.16662217E-09 -0.16634681E-09 -0.14942288E-03    31.99999999     -864.49867273
    5240   10.48000000 -0.15973087E-09 -0.15773233E-09 -0.12486902E-03    31.99999999     -864.48605260
    5250   10.50000000 -0.15137239E-09 -0.14874190E-09 -0.99848339E-04    31.99999999     -864.47565788
    5260   10.52000000 -0.14203281E-09 -0.13809369E-09 -0.74561742E-04    31.99999999     -864.46756790
    5270   10.54000000 -0.13171374E-09 -0.12723796E-09 -0.49212091E-04    31.99999999     -864.46181943
    5280   10.56000000 -0.12032573E-09 -0.11483797E-09 -0.24000690E-04    31.99999999     -864.45840641
    5290   10.58000000 -0.10785972E-09 -0.10280658E-09  0.87631634E-06    31.99999999     -864.45728076
    5300   10.60000000 -0.95422937E-10 -0.89875753E-10  0.25231519E-04    31.99999999     -864.45835436
    5310   10.62000000 -0.81369695E-10 -0.77160941E-10  0.48889712E-04    31.99999999     -864.46150209
    5320   10.64000000 -0.67143809E-10 -0.62938757E-10  0.71691099E-04    31.99999999     -864.46656576
    5330   10.66000000 -0.51968818E-10 -0.49765998E-10  0.93494157E-04    31.99999999     -864.47335883
    5340   10.68000000 -0.36446316E-10 -0.35494431E-10  0.11417802E-03    31.99999999     -864.48167177
    5350   10.70000000 -0.20633715E-10 -0.21806992E-10  0.13364431E-03    31.99999999     -864.49127768
    5360   10.72000000 -0.58398841E-11 -0.78683146E-11  0.15181829E-03    31.99999999     -864.50193821
    5370   10.74000000  0.93414194E-11  0.49148618E-11  0.16864938E-03    31.99999999     -864.51340929
    5380   10.76000000  0.23304663E-10  0.18240876E-10  0.18411085E-03    31.99999999     -864.52544672
    5390   10.78000000  0.36806214E-10  0.30417692E-10  0.19819884E-03    31.99999999     -864.53781117
    5400   10.80000000  0.48189373E-10  0.42845526E-10  0.21093066E-03    31.99999999     -864.55027272
    5410   10.82000000  0.59097737E-10  0.53905399E-10  0.22234237E-03    31.99999999     -864.56261461
    5420   10.84000000  0.68449378E-10  0.65321313E-10  0.23248586E-03    31.99999999     -864.57463620
    5430   10.86000000  0.77978918E-10  0.74730941E-10  0.24142545E-03    31.99999999     -864.58615521
    5440   10.88000000  0.85815478E-10  0.84394518E-10  0.24923408E-03    31.99999999     -864.59700911
    5450   10.90000000  0.93216923E-10  0.91786992E-10  0.25598945E-03    31.99999999     -864.60705586
    5460   10.92000000  0.98469574E-10  0.98121341E-10  0.26177000E-03    31.99999999     -864.61617400
    5470   10.94000000  0.10337969E-09  0.10287853E-09  0.26665108E-03    31.99999999     -864.62426227
    5480   10.96000000  0.10658657E-09  0.10671705E-09  0.27070139E-03    31.99999999     -864.63123890
    5490   10.98000000  0.10922758E-09  0.10945590E-09  0.27397978E-03    31.99999999     -864.63704063
    5500   11.00000000  0.11020634E-09  0.11086013E-09  0.27653269E-03    31.99999999     -864.64162175
    5510   11.02000000  0.10956370E-09  0.11121777E-09  0.27839208E-03    31.99999999     -864.64495306
    5520   11.04000000  0.10809433E-09  0.11030672E-09  0.27957420E-03    31.99999999     -864.64702104
    5530   11.06000000  0.10533177E-09  0.10823272E-09  0.28007898E-03    31.99999999     -864.64782715
    5540   11.08000000  0.10250521E-09  0.10521342E-09  0.27989025E-03    31.99999999     -864.64738743
    5550   11.10000000  0.99614708E-10  0.10211130E-09  0.27897661E-03    31.99999999     -864.64573216
    5560   11.12000000  0.95645789E-10  0.97998803E-10  0.27729307E-03    31.99999999     -864.64290583
    5570   11.14000000  0.91698403E-10  0.93931484E-10  0.27478317E-03    31.99999999     -864.63896712
    5580   11.16000000  0.88646806E-10  0.89145138E-10  0.27138175E-03    31.99999999     -864.63398897
    5590   11.18000000  0.84534350E-10  0.84777855E-10  0.26701800E-03    31.99999999     -864.62805849
    5600   11.20000000  0.81436472E-10  0.80209750E-10  0.26161882E-03    31.99999999     -864.62127679
    5610   11.22000000  0.78026525E-10  0.76425614E-10  0.25511243E-03    31.99999999     -864.61375851
    5620   11.24000000  0.74311841E-10  0.72115241E-10  0.24743185E-03    31.99999999     -864.60563096
    5630   11.26000000  0.70763689E-10  0.68908689E-10  0.23851844E-03    31.99999999     -864.59703291
    5640   11.28000000  0.67686193E-10  0.66114503E-10  0.22832513E-03    31.99999999     -864.58811294
    5650   11.30000000  0.64326340E-10  0.62389048E-10  0.21681945E-03    31.99999999     -864.57902734
    5660   11.32000000  0.61061840E-10  0.59826080E-10  0.20398606E-03    31.99999999     -864.56993749
    5670   11.34000000  0.57390269E-10  0.56310178E-10  0.18982892E-03    31.99999999     -864.56100704
    5680   11.36000000  0.54781873E-10  0.53044102E-10  0.17437288E-03    31.99999999     -864.55239860
    5690   11.38000000  0.50794206E-10  0.49709580E-10  0.15766475E-03    31.99999999     -864.54427039
    5700   11.40000000  0.48707867E-10  0.46504205E-10  0.13977379E-03    31.99999999     -864.53677266
    5710   11.42000000  0.44615993E-10  0.42887673E-10  0.12079156E-03    31.99999999     -864.53004423
    5720   11.44000000  0.40854998E-10  0.39502442E-10  0.10083134E-03    31.99999999     -864.52420919
    5730   11.46000000  0.36827549E-10  0.35389416E-10  0.80026859E-04    31.99999999     -864.51937390
    5740   11.48000000  0.32653168E-10  0.31202281E-10  0.58530594E-04    31.99999999     -864.51562433
    5750   11.50000000  0.28063949E-10  0.27166808E-10  0.36511619E-04    31.99999999     -864.51302406
    5760   11.52000000  0.23361112E-10  0.23113849E-10  0.14153021E-04    31.99999999     -864.51161271
    5770   11.54000000  0.18361574E-10  0.18809617E-10 -0.83509786E-05    31.99999999     -864.51140523
    5780   11.56000000  0.12813059E-10  0.14476387E-10 -0.30798182E-04    31.99999999     -864.51239168
    5790   11.58000000  0.70935303E-11  0.92828265E-11 -0.52981745E-04    31.99999999     -864.51453791
    5800   11.60000000  0.46467871E-12  0.34217163E-11 -0.74693604E-04    31.99999999     -864.51778678
    5810   11.62000000 -0.63810867E-11 -0.32982402E-11 -0.95727944E-04    31.99999999     -864.52206009
    5820   11.64000000 -0.13970026E-10 -0.97298666E-11 -0.11588460E-03    31.99999999     -864.52726106
    5830   11.66000000 -0.21702137E-10 -0.18039543E-10 -0.13497233E-03    31.99999999     -864.53327725
    5840   11.68000000 -0.29295490E-10 -0.24911735E-10 -0.15281194E-03    31.99999999     -864.53998393
    5850   11.70000000 -0.38152219E-10 -0.33576269E-10 -0.16923909E-03    31.99999999     -864.54724758
    5860   11.72000000 -0.46557128E-10 -0.41923312E-10 -0.18410682E-03    31.99999999     -864.55492961
    5870   11.74000000 -0.55895727E-10 -0.50340512E-10 -0.19728773E-03    31.99999999     -864.56289002
    5880   11.76000000 -0.63821723E-10 -0.59717581E-10 -0.20867573E-03    31.99999999     -864.57099101
    5890   11.78000000 -0.73070933E-10 -0.68875532E-10 -0.21818739E-03    31.99999999     -864.57910025
    5900   11.80000000 -0.80089201E-10 -0.78803028E-10 -0.22576281E-03    31.99999999     -864.58709388
    5910   11.82000000 -0.88222944E-10 -0.88546865E-10 -0.23136605E-03    31.99999999     -864.59485915
    5920   11.84000000 -0.95778598E-10 -0.98072799E-10 -0.23498513E-03    31.99999999     -864.60229648
    5930   11.86000000 -0.10298153E-09 -0.10760749E-09 -0.23663155E-03    31.99999999     -864.60932106
    5940   11.88000000 -0.11027877E-09 -0.11517698E-09 -0.23633937E-03    31.99999999     -864.61586396
    5950   11.90000000 -0.11731483E-09 -0.12362415E-09 -0.23416400E-03    31.99999999     -864.62187258
    5960   11.92000000 -0.12441556E-09 -0.12943529E-09 -0.23018055E-03    31.99999999     -864.62731075
    5970   11.94000000 -0.13055760E-09 -0.13588105E-09 -0.22448193E-03    31.99999999     -864.63215821
    5980   11.96000000 -0.13622422E-09 -0.14016623E-09 -0.21717674E-03    31.99999999     -864.63640976
    5990   11.98000000 -0.14131364E-09 -0.14477900E-09 -0.20838695E-03    31.99999999     -864.64007401
    6000   12.00000000 -0.14578766E-09 -0.14739893E-09 -0.19824548E-03    31.99999999     -864.64317180
    6010   12.02000000 -0.14922685E-09 -0.15045199E-09 -0.18689375E-03    31.99999999     -864.64573454
    6020   12.04000000 -0.15049227E-09 -0.15112535E-09 -0.17447922E-03    31.99999999     -864.64780223
    6030   12.06000000 -0.15084302E-09 -0.15121632E-09 -0.16115304E-03    31.99999999     -864.64942157
    6040   12.08000000 -0.14927046E-09 -0.14933950E-09 -0.14706782E-03    31.99999999     -864.65064399
    6050   12.10000000 -0.14590882E-09 -0.14630914E-09 -0.13237550E-03    31.99999999     -864.65152376
    6060   12.12000000 -0.14190259E-09 -0.14197156E-09 -0.11722555E-03    31.99999999     -864.65211625
    6070   12.14000000 -0.13574570E-09 -0.13676088E-09 -0.10176334E-03    31.99999999     -864.65247632
    6080   12.16000000 -0.12863893E-09 -0.13026868E-09 -0.86128750E-04    31.99999999     -864.65265692
    6090   12.18000000 -0.12139124E-09 -0.12324420E-09 -0.70455065E-04    31.99999999     -864.65270788
    6100   12.20000000 -0.11298043E-09 -0.11523662E-09 -0.54868150E-04    31.99999999     -864.65267498
    6110   12.22000000 -0.10385964E-09 -0.10462374E-09 -0.39485842E-04    31.99999999     -864.65259916
    6120   12.24000000 -0.92841593E-10 -0.94854147E-10 -0.24417582E-04    31.99999999     -864.65251608
    6130   12.26000000 -0.82692120E-10 -0.82394682E-10 -0.97642515E-05    31.99999999     -864.65245576
    6140   12.28000000 -0.70755585E-10 -0.69805391E-10  0.43818246E-05    31.99999999     -864.65244249
    6150   12.30000000 -0.59278128E-10 -0.56595044E-10  0.17936736E-04    31.99999999     -864.65249490
    6160   12.32000000 -0.46026068E-10 -0.41694943E-10  0.30824754E-04    31.99999999     -864.65262618
    6170   12.34000000 -0.33358207E-10 -0.27759890E-10  0.42978024E-04    31.99999999     -864.65284437
    6180   12.36000000 -0.18823233E-10 -0.13670550E-10  0.54336241E-04    31.99999999     -864.65315289
    6190   12.38000000 -0.44137123E-11  0.24152349E-12  0.64846323E-04    31.99999999     -864.65355096
    6200   12.40000000  0.11075979E-10  0.14067245E-10  0.74462110E-04    31.99999999     -864.65403422
    6210   12.42000000  0.26288926E-10  0.28547830E-10  0.83144110E-04    31.99999999     -864.65459531
    6220   12.44000000  0.42000877E-10  0.42794337E-10  0.90859312E-04    31.99999999     -864.65522448
    6230   12.46000000  0.56922599E-10  0.56205764E-10  0.97581051E-04    31.99999999     -864.65591020
    6240   12.48000000  0.71513390E-10  0.69868364E-10  0.10328896E-03    31.99999999     -864.65663976
    6250   12.50000000  0.84576521E-10  0.82911103E-10  0.10796895E-03    31.99999999     -864.65739979
    6260   12.52000000  0.97544615E-10  0.95486567E-10  0.11161330E-03    31.99999999     -864.65817680
    6270   12.54000000  0.10885877E-09  0.10663059E-09  0.11422070E-03    31.99999999     -864.65895758
    6280   12.56000000  0.11941222E-09  0.11680502E-09  0.11579638E-03    31.99999999     -864.65972969
    6290   12.58000000  0.12867131E-09  0.12662851E-09  0.11635222E-03    31.99999999     -864.66048168
    6300   12.60000000  0.13757767E-09  0.13568017E-09  0.11590679E-03    31.99999999     -864.66120344
    6310   12.62000000  0.14463951E-09  0.14392575E-09  0.11448543E-03    31.99999999     -864.66188633
    6320   12.64000000  0.15140858E-09  0.15066915E-09  0.11212024E-03    31.99999999     -864.66252335
    6330   12.66000000  0.15672294E-09  0.15678625E-09  0.10884995E-03    31.99999999     -864.66310917
    6340   12.68000000  0.16180584E-09  0.16212393E-09  0.10471981E-03    31.99999999     -864.66364014
    6350   12.70000000  0.16525626E-09  0.16584352E-09  0.99781301E-04    31.99999999     -864.66411425
    6360   12.72000000  0.16802339E-09  0.16887766E-09  0.94091860E-04    31.99999999     -864.66453099
    6370   12.74000000  0.16948168E-09  0.16944784E-09  0.87714443E-04    31.99999999     -864.66489124
    6380   12.76000000  0.16945140E-09  0.16955984E-09  0.80717061E-04    31.99999999     -864.66519708
    6390   12.78000000  0.16784202E-09  0.16802937E-09  0.73172224E-04    31.99999999     -864.66545162
    6400   12.80000000  0.16488996E-09  0.16553005E-09  0.65156347E-04    31.99999999     -864.66565873
    6410   12.82000000  0.15962459E-09  0.16071572E-09  0.56749088E-04    31.99999999     -864.66582290
    6420   12.84000000  0.15315580E-09  0.15512896E-09  0.48032639E-04    31.99999999     -864.66594901
    6430   12.86000000  0.14578898E-09  0.14887696E-09  0.39090997E-04    31.99999999     -864.66604209
    6440   12.88000000  0.13742507E-09  0.14139074E-09  0.30009192E-04    31.99999999     -864.66610719
    6450   12.90000000  0.12924085E-09  0.13329804E-09  0.20872496E-04    31.99999999     -864.66614923
    6460   12.92000000  0.11995032E-09  0.12393525E-09  0.11765622E-04    31.99999999     -864.66617282
    6470   12.94000000  0.11035827E-09  0.11341584E-09  0.27719131E-05    31.99999999     -864.66618218
    6480   12.96000000  0.10039872E-09  0.10318118E-09 -0.60274597E-05    31.99999999     -864.66618109
    6490   12.98000000  0.89941119E-10  0.91137537E-10 -0.14554291E-04    31.99999999     -864.66617279
    6500   13.00000000  0.78579216E-10  0.79520743E-10 -0.22734108E-04    31.99999999     -864.66616000
    6510   13.02000000  0.67111369E-10  0.65754003E-10 -0.30496906E-04    31.99999999     -864.66614493
    6520   13.04000000  0.55297740E-10  0.52507866E-10 -0.37777836E-04    31.99999999     -864.66612926
    6530   13.06000000  0.41729023E-10  0.37999008E-10 -0.44517842E-04    31.99999999     -864.66611421
    6540   13.08000000  0.28386948E-10  0.23719102E-10 -0.50664231E-04    31.99999999     -864.66610062
    6550   13.10000000  0.15231816E-10  0.92618602E-11 -0.56171174E-04    31.99999999     -864.66608895
    6560   13.12000000  0.12334088E-11 -0.55249515E-11 -0.61000121E-04    31.99999999     -864.66607939
    6570   13.14000000 -0.12855918E-10 -0.18740675E-10 -0.65120135E-04    31.99999999     -864.66607191
    6580   13.16000000 -0.26031042E-10 -0.31481532E-10 -0.68508130E-04    31.99999999     -864.66606634
    6590   13.18000000 -0.39882544E-10 -0.44218856E-10 -0.71149011E-04    31.99999999     -864.66606241
    6600   13.20000000 -0.53131113E-10 -0.56166453E-10 -0.73035719E-04    31.99999999     -864.66605980
    6610   13.22000000 -0.66110236E-10 -0.67909234E-10 -0.74169184E-04    31.99999999     -864.66605820
    6620   13.24000000 -0.77999029E-10 -0.78408230E-10 -0.74558173E-04    31.99999999     -864.66605731
    6630   13.26000000 -0.90017730E-10 -0.88424979E-10 -0.74219057E-04    31.99999999     -864.66605688
    6640   13.28000000 -0.10015967E-09 -0.97691208E-10 -0.73175492E-04    31.99999999     -864.66605672
    6650   13.30000000 -0.10931705E-09 -0.10682295E-09 -0.71458021E-04    31.99999999     -864.66605668
    6660   13.32000000 -0.11768910E-09 -0.11511386E-09 -0.69103608E-04    31.99999999     -864.66605669
    6670   13.34000000 -0.12415977E-09 -0.12234479E-09 -0.66155106E-04    31.99999999     -864.66605669
    6680   13.36000000 -0.13007553E-09 -0.12897101E-09 -0.62660675E-04    31.99999999     -864.66605668
    6690   13.38000000 -0.13478474E-09 -0.13410202E-09 -0.58673143E-04    31.99999999     -864.66605665
    6700   13.40000000 -0.13801508E-09 -0.13822844E-09 -0.54249327E-04    31.99999999     -864.66605663
    6710   13.42000000 -0.14100817E-09 -0.14167891E-09 -0.49449308E-04    31.99999999     -864.66605660
    6720   13.44000000 -0.14268287E-09 -0.14357952E-09 -0.44335565E-04    31.99999999     -864.66605658
    6730   13.46000000 -0.14400341E-09 -0.14479105E-09 -0.38972037E-04    31.99999999     -864.66605656
    6740   13.48000000 -0.14445293E-09 -0.14464051E-09 -0.33423237E-04    31.99999999     -864.66605654
    6750   13.50000000 -0.14444540E-09 -0.14345220E-09 -0.27753401E-04    31.99999999     -864.66605653
    6760   13.52000000 -0.14289949E-09 -0.14163858E-09 -0.22025659E-04    31.99999999     -864.66605651
    6770   13.54000000 -0.14078417E-09 -0.13890976E-09 -0.16301247E-04    31.99999999     -864.66605649
    6780   13.56000000 -0.13785475E-09 -0.13482666E-09 -0.10638777E-04    31.99999999     -864.66605647
    6790   13.58000000 -0.13402381E-09 -0.13032924E-09 -0.50935645E-05    31.99999999     -864.66605646
    6800   13.60000000 -0.12827123E-09 -0.12529237E-09  0.28297452E-06    31.99999999     -864.66605644
    6810   13.62000000 -0.12237963E-09 -0.11868704E-09  0.54438457E-05    31.99999999     -864.66605642
    6820   13.64000000 -0.11444671E-09 -0.11220127E-09  0.10346925E-04    31.99999999     -864.66605640
    6830   13.66000000 -0.10645399E-09 -0.10420709E-09  0.14955300E-04    31.99999999     -864.66605639
    6840   13.68000000 -0.97025950E-10 -0.95879837E-10  0.19237532E-04    31.99999999     -864.66605637
    6850   13.70000000 -0.87336025E-10 -0.87759464E-10  0.23167805E-04    31.99999999     -864.66605635
    6860   13.72000000 -0.76967671E-10 -0.78379453E-10  0.26725988E-04    31.99999999     -864.66605633
    6870   13.74000000 -0.66506659E-10 -0.68656652E-10  0.29897588E-04    31.99999999     -864.66605632
    6880   13.76000000 -0.55971884E-10 -0.57941398E-10  0.32673620E-04    31.99999999     -864.66605630
    6890   13.78000000 -0.45614578E-10 -0.47003349E-10  0.35050376E-04    31.99999999     -864.66605629
    6900   13.80000000 -0.34379261E-10 -0.35764054E-10  0.37029119E-04    31.99999999     -864.66605627
    6910   13.82000000 -0.23622946E-10 -0.23827273E-10  0.38615715E-04    31.99999999     -864.66605626
    6920   13.84000000 -0.12132684E-10 -0.12326589E-10  0.39820189E-04    31.99999999     -864.66605624
    6930   13.86000000 -0.10577157E-11 -0.61274093E-12  0.40656256E-04    31.99999999     -864.66605623
    6940   13.88000000  0.10013273E-10  0.10532350E-10  0.41140809E-04    31.99999999     -864.66605621
    6950   13.90000000  0.20817759E-10  0.20478875E-10  0.41293392E-04    31.99999999     -864.66605620
    6960   13.92000000  0.30446360E-10  0.31225104E-10  0.41135672E-04    31.99999999     -864.66605618
    6970   13.94000000  0.40403133E-10  0.40551527E-10  0.40690915E-04    31.99999999     -864.66605617
    6980   13.96000000  0.49279507E-10  0.49348604E-10  0.39983474E-04    31.99999999     -864.66605615
    6990   13.98000000  0.57387193E-10  0.56261033E-10  0.39038316E-04    31.99999999     -864.66605613
    7000   14.00000000  0.64540507E-10  0.64276762E-10  0.37880573E-04    31.99999999     -864.66605612
    7010   14.02000000  0.71442583E-10  0.69963319E-10  0.36535127E-04    31.99999999     -864.66605610
    7020   14.04000000  0.78080529E-10  0.77244305E-10  0.35026260E-04    31.99999999     -864.66605608
    7030   14.06000000  0.83189369E-10  0.82154845E-10  0.33377331E-04    31.99999999     -864.66605607
    7040   14.08000000  0.88569976E-10  0.87639677E-10  0.31610528E-04    31.99999999     -864.66605605
    7050   14.10000000  0.92914935E-10  0.92025472E-10  0.29746656E-04    31.99999999     -864.66605604
    7060   14.12000000  0.96807759E-10  0.96977642E-10  0.27805002E-04    31.99999999     -864.66605602
    7070   14.14000000  0.10036935E-09  0.10038461E-09  0.25803231E-04    31.99999999     -864.66605601
    7080   14.16000000  0.10396722E-09  0.10454193E-09  0.23757354E-04    31.99999999     -864.66605600
    7090   14.18000000  0.10678382E-09  0.10657109E-09  0.21681732E-04    31.99999999     -864.66605599
    7100   14.20000000  0.10954345E-09  0.10955597E-09  0.19589115E-04    31.99999999     -864.66605598
    7110   14.22000000  0.11167079E-09  0.11049482E-09  0.17490723E-04    31.99999999     -864.66605597
    7120   14.24000000  0.11324072E-09  0.11138023E-09  0.15396334E-04    31.99999999     -864.66605597
    7130   14.26000000  0.11345288E-09  0.11152303E-09  0.13314401E-04    31.99999999     -864.66605596
    7140   14.28000000  0.11300971E-09  0.11066354E-09  0.11252158E-04    31.99999999     -864.66605596
    7150   14.30000000  0.11138122E-09  0.10952887E-09  0.92157470E-05    31.99999999     -864.66605596
    7160   14.32000000  0.11036783E-09  0.10858544E-09  0.72103236E-05    31.99999999     -864.66605596
    7170   14.34000000  0.10730183E-09  0.10646534E-09  0.52401701E-05    31.99999999     -864.66605596
    7180   14.36000000  0.10414460E-09  0.10435321E-09  0.33087953E-05    31.99999999     -864.66605596
    7190   14.38000000  0.10056157E-09  0.10224872E-09  0.14190404E-05    31.99999999     -864.66605596
    7200   14.40000000  0.96119971E-10  0.99884047E-10 -0.42682729E-06    31.99999999     -864.66605596
    7210   14.42000000  0.91879682E-10  0.95958171E-10 -0.22270063E-05    31.99999999     -864.66605595
    7220   14.44000000  0.86917995E-10  0.92139668E-10 -0.39800648E-05    31.99999999     -864.66605595
    7230   14.46000000  0.82387865E-10  0.86872191E-10 -0.56848233E-05    31.99999999     -864.66605595
    7240   14.48000000  0.77607460E-10  0.81809129E-10 -0.73402462E-05    31.99999999     -864.66605595
    7250   14.50000000  0.73281146E-10  0.75288359E-10 -0.89453198E-05    31.99999999     -864.66605595
    7260   14.52000000  0.67484957E-10  0.67850146E-10 -0.10498934E-04    31.99999999     -864.66605595
    7270   14.54000000  0.61547852E-10  0.59909651E-10 -0.11999762E-04    31.99999999     -864.66605595
    7280   14.56000000  0.54910686E-10  0.51374483E-10 -0.13446145E-04    31.99999999     -864.66605594
    7290   14.58000000  0.47521290E-10  0.43335983E-10 -0.14835987E-04    31.99999999     -864.66605594
    7300   14.60000000  0.40078698E-10  0.34319566E-10 -0.16166661E-04    31.99999999     -864.66605593
    7310   14.62000000  0.31700150E-10  0.25835789E-10 -0.17434938E-04    31.99999999     -864.66605593
    7320   14.64000000  0.23549315E-10  0.16658875E-10 -0.18636933E-04    31.99999999     -864.66605592
    7330   14.66000000  0.14951183E-10  0.86679118E-11 -0.19768072E-04    31.99999999     -864.66605591
    7340   14.68000000  0.70951841E-11  0.17535719E-11 -0.20823100E-04    31.99999999     -864.66605591
    7350   14.70000000 -0.14979867E-11 -0.47803313E-11 -0.21796104E-04    31.99999999     -864.66605590
    7360   14.72000000 -0.10053631E-10 -0.11186733E-10 -0.22680566E-04    31.99999999     -864.66605589
    7370   14.74000000 -0.18434830E-10 -0.17361754E-10 -0.23469448E-04    31.99999999     -864.66605588
    7380   14.76000000 -0.26015624E-10 -0.23732148E-10 -0.24155294E-04    31.99999999     -864.66605587
    7390   14.78000000 -0.33777260E-10 -0.29696858E-10 -0.24730360E-04    31.99999999     -864.66605586
    7400   14.80000000 -0.41257564E-10 -0.36465493E-10 -0.25186752E-04    31.99999999     -864.66605585
    7410   14.82000000 -0.49710040E-10 -0.43170428E-10 -0.25516588E-04    31.99999999     -864.66605585
    7420   14.84000000 -0.56383111E-10 -0.49932549E-10 -0.25712159E-04    31.99999999     -864.66605584
    7430   14.86000000 -0.63624096E-10 -0.56131875E-10 -0.25766109E-04    31.99999999     -864.66605583
    7440   14.88000000 -0.69203845E-10 -0.62625710E-10 -0.25671606E-04    31.99999999     -864.66605583
    7450   14.90000000 -0.75004483E-10 -0.68362726E-10 -0.25422527E-04    31.99999999     -864.66605582
    7460   14.92000000 -0.79462310E-10 -0.74000115E-10 -0.25013629E-04    31.99999999     -864.66605581
    7470   14.94000000 -0.84252458E-10 -0.78956658E-10 -0.24440723E-04    31.99999999     -864.66605581
    7480   14.96000000 -0.87544976E-10 -0.84058266E-10 -0.23700835E-04    31.99999999     -864.66605581
    7490   14.98000000 -0.91802891E-10 -0.89222082E-10 -0.22792355E-04    31.99999999     -864.66605580
    7500   15.00000000 -0.95174055E-10 -0.94277487E-10 -0.21715171E-04    31.99999999     -864.66605580
    7510   15.02000000 -0.97834466E-10 -0.98646431E-10 -0.20470782E-04    31.99999999     -864.66605579
    7520   15.04000000 -0.99531397E-10 -0.10236460E-09 -0.19062393E-04    31.99999999     -864.66605579
    7530   15.06000000 -0.10126001E-09 -0.10650356E-09 -0.17494984E-04    31.99999999     -864.66605579
    7540   15.08000000 -0.10238693E-09 -0.10906539E-09 -0.15775352E-04    31.99999999     -864.66605579
    7550   15.10000000 -0.10392791E-09 -0.11104656E-09 -0.13912141E-04    31.99999999     -864.66605578
    7560   15.12000000 -0.10446610E-09 -0.11250795E-09 -0.11915838E-04    31.99999999     -864.66605578
    7570   15.14000000 -0.10546161E-09 -0.11292864E-09 -0.97987759E-05    31.99999999     -864.66605578
    7580   15.16000000 -0.10543646E-09 -0.11280152E-09 -0.75750885E-05    31.99999999     -864.66605578
    7590   15.18000000 -0.10577835E-09 -0.11220474E-09 -0.52606920E-05    31.99999999     -864.66605577
    7600   15.20000000 -0.10500516E-09 -0.11040811E-09 -0.28732241E-05    31.99999999     -864.66605577
    7610   15.22000000 -0.10364773E-09 -0.10744925E-09 -0.43199434E-06    31.99999999     -864.66605577
    7620   15.24000000 -0.10151172E-09 -0.10426517E-09  0.20421059E-05    31.99999999     -864.66605576
    7630   15.26000000 -0.98931631E-10 -0.99149686E-10  0.45267040E-05    31.99999999     -864.66605576
    7640   15.28000000 -0.95464234E-10 -0.93886744E-10  0.69980969E-05    31.99999999     -864.66605575
    7650   15.30000000 -0.91596841E-10 -0.87331766E-10  0.94314372E-05    31.99999999     -864.66605575
    7660   15.32000000 -0.86297774E-10 -0.80541386E-10  0.11800996E-04    31.99999999     -864.66605574
    7670   15.34000000 -0.80410065E-10 -0.73480857E-10  0.14080479E-04    31.99999999     -864.66605574
    7680   15.36000000 -0.73713599E-10 -0.66023819E-10  0.16243437E-04    31.99999999     -864.66605573
    7690   15.38000000 -0.65758043E-10 -0.58500320E-10  0.18263733E-04    31.99999999     -864.66605573
    7700   15.40000000 -0.56999930E-10 -0.50233799E-10  0.20116103E-04    31.99999999     -864.66605572
    7710   15.42000000 -0.48005626E-10 -0.41688629E-10  0.21776756E-04    31.99999999     -864.66605571
    7720   15.44000000 -0.37103341E-10 -0.33239813E-10  0.23224034E-04    31.99999999     -864.66605570
    7730   15.46000000 -0.27496994E-10 -0.25040752E-10  0.24439070E-04    31.99999999     -864.66605569
    7740   15.48000000 -0.16421475E-10 -0.17149459E-10  0.25406450E-04    31.99999999     -864.66605568
    7750   15.50000000 -0.67842328E-11 -0.85104458E-11  0.26114816E-04    31.99999999     -864.66605567
    7760   15.52000000  0.27203104E-11  0.53558919E-13  0.26557403E-04    31.99999999     -864.66605566
    7770   15.54000000  0.11716171E-10  0.89829483E-11  0.26732451E-04    31.99999999     -864.66605565
    7780   15.56000000  0.21097282E-10  0.18051460E-10  0.26643491E-04    31.99999999     -864.66605564
    7790   15.58000000  0.29745920E-10  0.26655124E-10  0.26299463E-04    31.99999999     -864.66605563
    7800   15.60000000  0.39023524E-10  0.36350334E-10  0.25714661E-04    31.99999999     -864.66605563
    7810   15.62000000  0.47252840E-10  0.45352286E-10  0.24908488E-04    31.99999999     -864.66605562
    7820   15.64000000  0.56112744E-10  0.54639513E-10  0.23905024E-04    31.99999999     -864.66605562
    7830   15.66000000  0.64395636E-10  0.63676019E-10  0.22732425E-04    31.99999999     -864.66605561
    7840   15.68000000  0.73433548E-10  0.71423162E-10  0.21422145E-04    31.99999999     -864.66605561
    7850   15.70000000  0.81461301E-10  0.79037063E-10  0.20008018E-04    31.99999999     -864.66605560
    7860   15.72000000  0.89303119E-10  0.86459759E-10  0.18525238E-04    31.99999999     -864.66605560
    7870   15.74000000  0.96712027E-10  0.92979189E-10  0.17009232E-04    31.99999999     -864.66605559
    7880   15.76000000  0.10313320E-09  0.99350380E-10  0.15494506E-04    31.99999999     -864.66605559
    7890   15.78000000  0.10896148E-09  0.10459758E-09  0.14013476E-04    31.99999999     -864.66605558
    7900   15.80000000  0.11409533E-09  0.11043180E-09  0.12595333E-04    31.99999999     -864.66605557
    7910   15.82000000  0.11837550E-09  0.11463006E-09  0.11264985E-04    31.99999999     -864.66605556
    7920   15.84000000  0.12213713E-09  0.11938450E-09  0.10042119E-04    31.99999999     -864.66605555
    7930   15.86000000  0.12481356E-09  0.12307489E-09  0.89404243E-05    31.99999999     -864.66605554
    7940   15.88000000  0.12694295E-09  0.12619417E-09  0.79670125E-05    31.99999999     -864.66605552
    7950   15.90000000  0.12768579E-09  0.12956975E-09  0.71220689E-05    31.99999999     -864.66605551
    7960   15.92000000  0.12820356E-09  0.13140503E-09  0.63987587E-05    31.99999999     -864.66605549
    7970   15.94000000  0.12726412E-09  0.13291498E-09  0.57834068E-05    31.99999999     -864.66605548
    7980   15.96000000  0.12636590E-09  0.13210312E-09  0.52559513E-05    31.99999999     -864.66605547
    7990   15.98000000  0.12406824E-09  0.13067715E-09  0.47906750E-05    31.99999999     -864.66605545
    8000   16.00000000  0.12156710E-09  0.12809508E-09  0.43571769E-05    31.99999999     -864.66605544
    8010   16.02000000  0.11761241E-09  0.12346011E-09  0.39215830E-05    31.99999999     -864.66605543
    8020   16.04000000  0.11343027E-09  0.11908692E-09  0.34479192E-05    31.99999999     -864.66605542
    8030   16.06000000  0.10829016E-09  0.11200007E-09  0.28996263E-05    31.99999999     -864.66605542
    8040   16.08000000  0.10261620E-09  0.10567903E-09  0.22411349E-05    31.99999999     -864.66605541
    8050   16.10000000  0.96104327E-10  0.97922805E-10  0.14394586E-05    31.99999999     -864.66605540
    8060   16.12000000  0.89972943E-10  0.90249139E-10  0.46572005E-06    31.99999999     -864.66605539
    8070   16.14000000  0.83103776E-10  0.82308648E-10 -0.70343404E-06    31.99999999     -864.66605539
    8080   16.16000000  0.76002032E-10  0.74118675E-10 -0.20845980E-05    31.99999999     -864.66605538
    8090   16.18000000  0.68161040E-10  0.65729214E-10 -0.36865946E-05    31.99999999     -864.66605537
    8100   16.20000000  0.60497139E-10  0.57937903E-10 -0.55097285E-05    31.99999999     -864.66605536
    8110   16.22000000  0.51419604E-10  0.48387820E-10 -0.75453305E-05    31.99999999     -864.66605534
    8120   16.24000000  0.42197069E-10  0.39623602E-10 -0.97756111E-05    31.99999999     -864.66605533
    8130   16.26000000  0.32062142E-10  0.29026024E-10 -0.12173823E-04    31.99999999     -864.66605531
    8140   16.28000000  0.22054475E-10  0.18449965E-10 -0.14704732E-04    31.99999999     -864.66605530
    8150   16.30000000  0.10768447E-10  0.73076634E-11 -0.17325366E-04    31.99999999     -864.66605528
    8160   16.32000000 -0.56260067E-12 -0.42188532E-11 -0.19986026E-04    31.99999999     -864.66605525
    8170   16.34000000 -0.13078884E-10 -0.16607028E-10 -0.22631511E-04    31.99999999     -864.66605523
    8180   16.36000000 -0.26988186E-10 -0.28630542E-10 -0.25202527E-04    31.99999999     -864.66605521
    8190   16.38000000 -0.40347156E-10 -0.40938939E-10 -0.27637234E-04    31.99999999     -864.66605518
    8200   16.40000000 -0.53716945E-10 -0.52688352E-10 -0.29872878E-04    31.99999999     -864.66605516
    8210   16.42000000 -0.66805606E-10 -0.64835565E-10 -0.31847470E-04    31.99999999     -864.66605513
    8220   16.44000000 -0.79214244E-10 -0.75651362E-10 -0.33501470E-04    31.99999999     -864.66605511
    8230   16.46000000 -0.91148850E-10 -0.86975565E-10 -0.34779419E-04    31.99999999     -864.66605508
    8240   16.48000000 -0.10176055E-09 -0.97664377E-10 -0.35631509E-04    31.99999999     -864.66605506
    8250   16.50000000 -0.11125413E-09 -0.10750437E-09 -0.36015009E-04    31.99999999     -864.66605503
    8260   16.52000000 -0.12009665E-09 -0.11745691E-09 -0.35895575E-04    31.99999999     -864.66605500
    8270   16.54000000 -0.12829068E-09 -0.12599091E-09 -0.35248353E-04    31.99999999     -864.66605498
    8280   16.56000000 -0.13551375E-09 -0.13430855E-09 -0.34058885E-04    31.99999999     -864.66605495
    8290   16.58000000 -0.14199524E-09 -0.14204053E-09 -0.32323799E-04    31.99999999     -864.66605492
    8300   16.60000000 -0.14825935E-09 -0.14889668E-09 -0.30051227E-04    31.99999999     -864.66605490
    8310   16.62000000 -0.15280858E-09 -0.15432380E-09 -0.27260983E-04    31.99999999     -864.66605487
    8320   16.64000000 -0.15684440E-09 -0.15812538E-09 -0.23984450E-04    31.99999999     -864.66605485
    8330   16.66000000 -0.15956998E-09 -0.16120025E-09 -0.20264199E-04    31.99999999     -864.66605482
    8340   16.68000000 -0.16064849E-09 -0.16242918E-09 -0.16153330E-04    31.99999999     -864.66605480
    8350   16.70000000 -0.16105925E-09 -0.16277625E-09 -0.11714535E-04    31.99999999     -864.66605478
    8360   16.72000000 -0.15931469E-09 -0.16139588E-09 -0.70189213E-05    31.99999999     -864.66605477
    8370   16.74000000 -0.15628950E-09 -0.15832133E-09 -0.21445946E-05    31.99999999     -864.66605475
    8380   16.76000000 -0.15140520E-09 -0.15395683E-09  0.28249589E-05    31.99999999     -864.66605474
    8390   16.78000000 -0.14557039E-09 -0.14786075E-09  0.78026472E-05    31.99999999     -864.66605472
    8400   16.80000000 -0.13767554E-09 -0.14043160E-09  0.12699683E-04    31.99999999     -864.66605471
    8410   16.82000000 -0.12849904E-09 -0.13058008E-09  0.17427558E-04    31.99999999     -864.66605469
    8420   16.84000000 -0.11871650E-09 -0.12084150E-09  0.21900050E-04    31.99999999     -864.66605468
    8430   16.86000000 -0.10707506E-09 -0.10887283E-09  0.26035216E-04    31.99999999     -864.66605465
    8440   16.88000000 -0.95697261E-10 -0.96902936E-10  0.29757295E-04    31.99999999     -864.66605463
    8450   16.90000000 -0.83258430E-10 -0.84177951E-10  0.32998510E-04    31.99999999     -864.66605460
    8460   16.92000000 -0.70015718E-10 -0.70730512E-10  0.35700690E-04    31.99999999     -864.66605457
    8470   16.94000000 -0.56651597E-10 -0.56933766E-10  0.37816691E-04    31.99999999     -864.66605453
    8480   16.96000000 -0.42727627E-10 -0.42341556E-10  0.39311571E-04    31.99999999     -864.66605449
    8490   16.98000000 -0.28301730E-10 -0.27268323E-10  0.40163482E-04    31.99999999     -864.66605445
    8500   17.00000000 -0.14220498E-10 -0.12982514E-10  0.40364269E-04    31.99999999     -864.66605441
    8510   17.02000000  0.62669104E-12  0.20027294E-11  0.39919728E-04    31.99999999     -864.66605438
    8520   17.04000000  0.15357293E-10  0.16685237E-10  0.38849543E-04    31.99999998     -864.66605434
    8530   17.06000000  0.29549764E-10  0.31194950E-10  0.37186862E-04    31.99999998     -864.66605431
    8540   17.08000000  0.43292855E-10  0.45833423E-10  0.34977544E-04    31.99999998     -864.66605429
    8550   17.10000000  0.56560866E-10  0.58603092E-10  0.32279065E-04    31.99999998     -864.66605427
    8560   17.12000000  0.68798238E-10  0.71780174E-10  0.29159120E-04    31.99999998     -864.66605426
    8570   17.14000000  0.80008612E-10  0.82557996E-10  0.25693946E-04    31.99999998     -864.66605425
    8580   17.16000000  0.90705717E-10  0.93232108E-10  0.21966404E-04    31.99999998     -864.66605424
    8590   17.18000000  0.99619155E-10  0.10159122E-09  0.18063874E-04    31.99999998     -864.66605423
    8600   17.20000000  0.10794295E-09  0.10850532E-09  0.14076023E-04    31.99999998     -864.66605422
    8610   17.22000000  0.11355638E-09  0.11460117E-09  0.10092490E-04    31.99999998     -864.66605421
    8620   17.24000000  0.11877943E-09  0.11872140E-09  0.62005888E-05    31.99999998     -864.66605420
    8630   17.26000000  0.12157011E-09  0.12238474E-09  0.24830580E-05    31.99999998     -864.66605418
    8640   17.28000000  0.12453335E-09  0.12470266E-09 -0.98404474E-06    31.99999998     -864.66605416
    8650   17.30000000  0.12469029E-09  0.12524074E-09 -0.41332671E-05    31.99999998     -864.66605413
    8660   17.32000000  0.12515101E-09  0.12585004E-09 -0.69074166E-05    31.99999998     -864.66605411
    8670   17.34000000  0.12327923E-09  0.12463959E-09 -0.92609326E-05    31.99999998     -864.66605407
    8680   17.36000000  0.12177726E-09  0.12330195E-09 -0.11160900E-04    31.99999998     -864.66605404
    8690   17.38000000  0.11862170E-09  0.12041909E-09 -0.12587702E-04    31.99999998     -864.66605401
    8700   17.40000000  0.11539127E-09  0.11678507E-09 -0.13535267E-04    31.99999998     -864.66605398
    8710   17.42000000  0.11111845E-09  0.11182207E-09 -0.14010936E-04    31.99999998     -864.66605395
    8720   17.44000000  0.10675817E-09  0.10734470E-09 -0.14034908E-04    31.99999998     -864.66605393
    8730   17.46000000  0.10274468E-09  0.10161109E-09 -0.13639343E-04    31.99999998     -864.66605391
    8740   17.48000000  0.98440775E-10  0.96571175E-10 -0.12867089E-04    31.99999998     -864.66605390
    8750   17.50000000  0.93442513E-10  0.91243724E-10 -0.11770133E-04    31.99999998     -864.66605389
    8760   17.52000000  0.88206487E-10  0.85183452E-10 -0.10407787E-04    31.99999998     -864.66605388
    8770   17.54000000  0.82009277E-10  0.80278359E-10 -0.88447038E-05    31.99999998     -864.66605388
    8780   17.56000000  0.76748730E-10  0.73666127E-10 -0.71487657E-05    31.99999998     -864.66605388
    8790   17.58000000  0.69976320E-10  0.68721795E-10 -0.53889406E-05    31.99999998     -864.66605388
    8800   17.60000000  0.64022829E-10  0.63571057E-10 -0.36331734E-05    31.99999998     -864.66605388
    8810   17.62000000  0.58432458E-10  0.58566975E-10 -0.19463685E-05    31.99999998     -864.66605388
    8820   17.64000000  0.52340505E-10  0.54275403E-10 -0.38856230E-06    31.99999998     -864.66605387
    8830   17.66000000  0.47503860E-10  0.49922127E-10  0.98669501E-06    31.99999998     -864.66605386
    8840   17.68000000  0.43093544E-10  0.45863404E-10  0.21336745E-05    31.99999998     -864.66605385
    8850   17.70000000  0.38807162E-10  0.41226430E-10  0.30155016E-05    31.99999998     -864.66605384
    8860   17.72000000  0.35623889E-10  0.37406929E-10  0.36048683E-05    31.99999998     -864.66605382
    8870   17.74000000  0.32259504E-10  0.32964046E-10  0.38844093E-05    31.99999998     -864.66605380
    8880   17.76000000  0.28821777E-10  0.28522524E-10  0.38467634E-05    31.99999998     -864.66605378
    8890   17.78000000  0.25266429E-10  0.23981990E-10  0.34943238E-05    31.99999998     -864.66605375
    8900   17.80000000  0.21949524E-10  0.18647812E-10  0.28387213E-05    31.99999998     -864.66605373
    8910   17.82000000  0.18110476E-10  0.13497971E-10  0.19000570E-05    31.99999998     -864.66605371
    8920   17.84000000  0.14520683E-10  0.94691591E-11  0.70594804E-06    31.99999998     -864.66605369
    8930   17.86000000  0.10376432E-10  0.47291751E-11 -0.70959496E-06    31.99999998     -864.66605367
    8940   17.88000000  0.63780655E-11  0.10521887E-11 -0.23073836E-05    31.99999998     -864.66605365
    8950   17.90000000  0.20668493E-11 -0.26324883E-11 -0.40443461E-05    31.99999998     -864.66605363
    8960   17.92000000 -0.26751422E-11 -0.62529806E-11 -0.58748305E-05    31.99999998     -864.66605361
    8970   17.94000000 -0.83183865E-11 -0.11092662E-10 -0.77518872E-05    31.99999998     -864.66605360
    8980   17.96000000 -0.14605121E-10 -0.16480669E-10 -0.96285026E-05    31.99999998     -864.66605358
    8990   17.98000000 -0.21590380E-10 -0.22074899E-10 -0.11458730E-04    31.99999998     -864.66605357
    9000   18.00000000 -0.29714356E-10 -0.28545404E-10 -0.13198713E-04    31.99999998     -864.66605356
    9010   18.02000000 -0.37962926E-10 -0.35746653E-10 -0.14807571E-04    31.99999998     -864.66605355
    9020   18.04000000 -0.46994469E-10 -0.44158422E-10 -0.16248133E-04    31.99999998     -864.66605355
    9030   18.06000000 -0.56630986E-10 -0.53124689E-10 -0.17487519E-04    31.99999998     -864.66605354
    9040   18.08000000 -0.66619086E-10 -0.61960384E-10 -0.18497571E-04    31.99999998     -864.66605353
    9050   18.10000000 -0.77320245E-10 -0.71755462E-10 -0.19255127E-04    31.99999998     -864.66605353
    9060   18.12000000 -0.87905232E-10 -0.81790853E-10 -0.19742169E-04    31.99999998     -864.66605352
    9070   18.14000000 -0.98111366E-10 -0.92740864E-10 -0.19945841E-04    31.99999998     -864.66605351
    9080   18.16000000 -0.10813902E-09 -0.10327449E-09 -0.19858370E-04    31.99999998     -864.66605350
    9090   18.18000000 -0.11756092E-09 -0.11426110E-09 -0.19476900E-04    31.99999998     -864.66605348
    9100   18.20000000 -0.12617119E-09 -0.12361988E-09 -0.18803261E-04    31.99999998     -864.66605346
    9110   18.22000000 -0.13426163E-09 -0.13355589E-09 -0.17843687E-04    31.99999998     -864.66605344
    9120   18.24000000 -0.14178977E-09 -0.14173616E-09 -0.16608498E-04    31.99999998     -864.66605341
    9130   18.26000000 -0.14711071E-09 -0.14874286E-09 -0.15111765E-04    31.99999998     -864.66605338
    9140   18.28000000 -0.15215453E-09 -0.15403915E-09 -0.13370955E-04    31.99999998     -864.66605335
    9150   18.30000000 -0.15484264E-09 -0.15764679E-09 -0.11406572E-04    31.99999998     -864.66605332
    9160   18.32000000 -0.15706797E-09 -0.15903533E-09 -0.92418005E-05    31.99999998     -864.66605329
    9170   18.34000000 -0.15714294E-09 -0.15985844E-09 -0.69021404E-05    31.99999998     -864.66605326
    9180   18.36000000 -0.15603263E-09 -0.15808616E-09 -0.44150577E-05    31.99999998     -864.66605323
    9190   18.38000000 -0.15298540E-09 -0.15534181E-09 -0.18096301E-05    31.99999998     -864.66605320
    9200   18.40000000 -0.14906676E-09 -0.15087189E-09  0.88379200E-06    31.99999998     -864.66605318
    9210   18.42000000 -0.14226554E-09 -0.14428779E-09  0.36339252E-05    31.99999998     -864.66605316
    9220   18.44000000 -0.13456591E-09 -0.13601152E-09  0.64088748E-05    31.99999998     -864.66605315
    9230   18.46000000 -0.12531951E-09 -0.12602435E-09  0.91764515E-05    31.99999998     -864.66605314
    9240   18.48000000 -0.11420285E-09 -0.11376318E-09  0.11904471E-04    31.99999998     -864.66605313
    9250   18.50000000 -0.10131098E-09 -0.99900582E-10  0.14561045E-04    31.99999998     -864.66605313
    9260   18.52000000 -0.86926357E-10 -0.84433825E-10  0.17114853E-04    31.99999998     -864.66605312
    9270   18.54000000 -0.70081442E-10 -0.67597295E-10  0.19535404E-04    31.99999998     -864.66605311
    9280   18.56000000 -0.52548264E-10 -0.49293807E-10  0.21793292E-04    31.99999998     -864.66605311
    9290   18.58000000 -0.34702732E-10 -0.30619814E-10  0.23860433E-04    31.99999998     -864.66605309
    9300   18.60000000 -0.15309971E-10 -0.11583803E-10  0.25710308E-04    31.99999998     -864.66605308
    9310   18.62000000  0.36575364E-11  0.75400097E-11  0.27318205E-04    31.99999998     -864.66605306
    9320   18.64000000  0.22269750E-10  0.25473650E-10  0.28661461E-04    31.99999998     -864.66605303
    9330   18.66000000  0.41293294E-10  0.43395973E-10  0.29719718E-04    31.99999998     -864.66605300
    9340   18.68000000  0.59436502E-10  0.60347986E-10  0.30475187E-04    31.99999998     -864.66605297
    9350   18.70000000  0.76542900E-10  0.76427455E-10  0.30912926E-04    31.99999998     -864.66605293
    9360   18.72000000  0.92787037E-10  0.91554285E-10  0.31021123E-04    31.99999998     -864.66605289
    9370   18.74000000  0.10835325E-09  0.10603203E-09  0.30791389E-04    31.99999998     -864.66605286
    9380   18.76000000  0.12226278E-09  0.11940781E-09  0.30219044E-04    31.99999998     -864.66605282
    9390   18.78000000  0.13540786E-09  0.13190564E-09  0.29303393E-04    31.99999998     -864.66605278
    9400   18.80000000  0.14646409E-09  0.14361302E-09  0.28047977E-04    31.99999998     -864.66605275
    9410   18.82000000  0.15676985E-09  0.15334221E-09  0.26460793E-04    31.99999998     -864.66605271
    9420   18.84000000  0.16501691E-09  0.16159046E-09  0.24554463E-04    31.99999998     -864.66605269
    9430   18.86000000  0.17192097E-09  0.16795731E-09  0.22346347E-04    31.99999998     -864.66605267
    9440   18.88000000  0.17604127E-09  0.17194684E-09  0.19858581E-04    31.99999998     -864.66605265
    9450   18.90000000  0.17908700E-09  0.17493453E-09  0.17118033E-04    31.99999998     -864.66605263
    9460   18.92000000  0.17974351E-09  0.17578541E-09  0.14156167E-04    31.99999998     -864.66605262
    9470   18.94000000  0.17861569E-09  0.17529610E-09  0.11008806E-04    31.99999998     -864.66605262
    9480   18.96000000  0.17621914E-09  0.17288896E-09  0.77157881E-05    31.99999998     -864.66605261
    9490   18.98000000  0.17178014E-09  0.16900801E-09  0.43205146E-05    31.99999998     -864.66605261
    9500   19.00000000  0.16570896E-09  0.16372801E-09  0.86938016E-06    31.99999998     -864.66605260
    9510   19.02000000  0.15792638E-09  0.15681383E-09 -0.25888988E-05    31.99999998     -864.66605260
    9520   19.04000000  0.14827181E-09  0.14852706E-09 -0.60040572E-05    31.99999998     -864.66605259
    9530   19.06000000  0.13706424E-09  0.13852956E-09 -0.93251477E-05    31.99999998     -864.66605258
    9540   19.08000000  0.12515787E-09  0.12752987E-09 -0.12501475E-04    31.99999998     -864.66605256
    9550   19.10000000  0.11219568E-09  0.11547117E-09 -0.15483581E-04    31.99999998     -864.66605254
    9560   19.12000000  0.98620658E-10  0.10162440E-09 -0.18224258E-04    31.99999998     -864.66605252
    9570   19.14000000  0.84234577E-10  0.87460122E-10 -0.20679556E-04    31.99999998     -864.66605250
    9580   19.16000000  0.69070268E-10  0.72777724E-10 -0.22809756E-04    31.99999998     -864.66605247
    9590   19.18000000  0.54258841E-10  0.57821042E-10 -0.24580283E-04    31.99999998     -864.66605244
    9600   19.20000000  0.39139441E-10  0.42549652E-10 -0.25962527E-04    31.99999998     -864.66605240
    9610   19.22000000  0.24905746E-10  0.27215800E-10 -0.26934549E-04    31.99999998     -864.66605237
    9620   19.24000000  0.10974250E-10  0.12319388E-10 -0.27481642E-04    31.99999998     -864.66605233
    9630   19.26000000 -0.28921244E-11 -0.28719582E-11 -0.27596751E-04    31.99999998     -864.66605230
    9640   19.28000000 -0.16498449E-10 -0.16703133E-10 -0.27280720E-04    31.99999998     -864.66605226
    9650   19.30000000 -0.30152965E-10 -0.31071715E-10 -0.26542369E-04    31.99999998     -864.66605224
    9660   19.32000000 -0.43134916E-10 -0.43648779E-10 -0.25398400E-04    31.99999998     -864.66605221
    9670   19.34000000 -0.55822704E-10 -0.56363248E-10 -0.23873133E-04    31.99999998     -864.66605219
    9680   19.36000000 -0.66853847E-10 -0.67218607E-10 -0.21998072E-04    31.99999998     -864.66605217
    9690   19.38000000 -0.77072480E-10 -0.77378690E-10 -0.19811315E-04    31.99999998     -864.66605216
    9700   19.40000000 -0.85729083E-10 -0.85967469E-10 -0.17356815E-04    31.99999998     -864.66605215
    9710   19.42000000 -0.92484460E-10 -0.92558317E-10 -0.14683505E-04    31.99999998     -864.66605214
    9720   19.44000000 -0.99095534E-10 -0.97537611E-10 -0.11844298E-04    31.99999998     -864.66605214
    9730   19.46000000 -0.10359077E-09 -0.10169790E-09 -0.88949988E-05    31.99999998     -864.66605214
    9740   19.48000000 -0.10713249E-09 -0.10421758E-09 -0.58931216E-05    31.99999998     -864.66605214
    9750   19.50000000 -0.10852691E-09 -0.10654632E-09 -0.28966718E-05    31.99999998     -864.66605213
    9760   19.52000000 -0.10940327E-09 -0.10704187E-09  0.37108086E-07    31.99999998     -864.66605213
    9770   19.54000000 -0.10911365E-09 -0.10767934E-09  0.28529725E-05    31.99999998     -864.66605212
    9780   19.56000000 -0.10797100E-09 -0.10726135E-09  0.54988651E-05    31.99999998     -864.66605210
    9790   19.58000000 -0.10672159E-09 -0.10641533E-09  0.79270396E-05    31.99999998     -864.66605209
    9800   19.60000000 -0.10352431E-09 -0.10437728E-09  0.10095066E-04    31.99999998     -864.66605207
    9810   19.62000000 -0.10050420E-09 -0.10093452E-09  0.11966706E-04    31.99999998     -864.66605204
    9820   19.64000000 -0.95674051E-10 -0.97385007E-10  0.13512626E-04    31.99999998     -864.66605201
    9830   19.66000000 -0.91130727E-10 -0.91746969E-10  0.14710935E-04    31.99999998     -864.66605198
    9840   19.68000000 -0.86022316E-10 -0.86512202E-10  0.15547540E-04    31.99999998     -864.66605195
    9850   19.70000000 -0.80216551E-10 -0.80467875E-10  0.16016297E-04    31.99999998     -864.66605192
    9860   19.72000000 -0.73192455E-10 -0.73318748E-10  0.16118991E-04    31.99999998     -864.66605189
    9870   19.74000000 -0.67280129E-10 -0.66928203E-10  0.15865120E-04    31.99999998     -864.66605186
    9880   19.76000000 -0.59947620E-10 -0.59748361E-10  0.15271517E-04    31.99999998     -864.66605184
    9890   19.78000000 -0.53421711E-10 -0.53293232E-10  0.14361820E-04    31.99999998     -864.66605182
    9900   19.80000000 -0.47174202E-10 -0.46602475E-10  0.13165815E-04    31.99999998     -864.66605180
    9910   19.82000000 -0.40456618E-10 -0.40153768E-10  0.11718654E-04    31.99999998     -864.66605179
    9920   19.84000000 -0.34447381E-10 -0.34622819E-10  0.10060004E-04    31.99999998     -864.66605178
    9930   19.86000000 -0.28683146E-10 -0.29301133E-10  0.82331084E-05    31.99999998     -864.66605178
    9940   19.88000000 -0.24234984E-10 -0.24669380E-10  0.62838147E-05    31.99999998     -864.66605177
    9950   19.90000000 -0.18783665E-10 -0.20195446E-10  0.42595644E-05    31.99999998     -864.66605177
    9960   19.92000000 -0.15165963E-10 -0.16726117E-10  0.22083818E-05    31.99999998     -864.66605177
    9970   19.94000000 -0.12041305E-10 -0.13496551E-10  0.17786627E-06    31.99999998     -864.66605177
    9980   19.96000000 -0.95060905E-11 -0.11753579E-10 -0.17857872E-05    31.99999998     -864.66605177
    9990   19.98000000 -0.71662762E-11 -0.91146323E-11 -0.36387211E-05    31.99999998     -864.66605177
   10000   20.00000000 -0.57434340E-11 -0.76449391E-11 -0.53402940E-05    31.99999998     -864.66605176
   10010   20.02000000 -0.37480595E-11 -0.59083094E-11 -0.68538723E-05    31.99999998     -864.66605175
   10020   20.04000000 -0.30432151E-11 -0.53906022E-11 -0.81475341E-05    31.99999998     -864.66605174
   10030   20.06000000 -0.20336422E-11 -0.44760609E-11 -0.91946610E-05    31.99999998     -864.66605173
   10040   20.08000000 -0.10531001E-11 -0.41120418E-11 -0.99744020E-05    31.99999998     -864.66605171
   10050   20.10000000 -0.88921470E-12 -0.40673289E-11 -0.10472008E-04    31.99999998     -864.66605169
   10060   20.12000000 -0.69831307E-12 -0.36193115E-11 -0.10679017E-04    31.99999998     -864.66605167
   10070   20.14000000 -0.86647684E-12 -0.39112349E-11 -0.10593297E-04    31.99999998     -864.66605165
   10080   20.16000000 -0.15481375E-11 -0.33967014E-11 -0.10218936E-04    31.99999998     -864.66605162
   10090   20.18000000 -0.19667487E-11 -0.35725753E-11 -0.95660015E-05    31.99999998     -864.66605160
   10100   20.20000000 -0.30987678E-11 -0.32490866E-11 -0.86501629E-05    31.99999998     -864.66605158
   10110   20.22000000 -0.35025148E-11 -0.33320492E-11 -0.74921956E-05    31.99999998     -864.66605156
   10120   20.24000000 -0.41712219E-11 -0.27325013E-11 -0.61174001E-05    31.99999998     -864.66605154
   10130   20.26000000 -0.32109256E-11 -0.87945292E-12 -0.45549287E-05    31.99999998     -864.66605153
   10140   20.28000000 -0.26562807E-11  0.12045682E-11 -0.28370702E-05    31.99999998     -864.66605152
   10150   20.30000000 -0.26600858E-12  0.44293738E-11 -0.99848920E-06    31.99999998     -864.66605151
   10160   20.32000000  0.26989299E-11  0.80455851E-11  0.92454202E-06    31.99999998     -864.66605150
   10170   20.34000000  0.64017171E-11  0.11497959E-10  0.28949076E-05    31.99999998     -864.66605149
   10180   20.36000000  0.11124976E-10  0.15962185E-10  0.48753923E-05    31.99999998     -864.66605149
   10190   20.38000000  0.15547142E-10  0.20190042E-10  0.68293906E-05    31.99999998     -864.66605149
   10200   20.40000000  0.21575564E-10  0.24707054E-10  0.87215627E-05    31.99999998     -864.66605149
   10210   20.42000000  0.26935980E-10  0.28828249E-10  0.10518442E-04    31.99999998     -864.66605149
   10220   20.44000000  0.32950759E-10  0.33639877E-10  0.12188967E-04    31.99999998     -864.66605148
   10230   20.46000000  0.38870138E-10  0.38039899E-10  0.13704951E-04    31.99999998     -864.66605148
   10240   20.48000000  0.45086517E-10  0.42852157E-10  0.15041472E-04    31.99999998     -864.66605148
   10250   20.50000000  0.50564483E-10  0.47788783E-10  0.16177190E-04    31.99999998     -864.66605147
   10260   20.52000000  0.56135684E-10  0.53017791E-10  0.17094578E-04    31.99999998     -864.66605147
   10270   20.54000000  0.61779033E-10  0.58722186E-10  0.17780077E-04    31.99999998     -864.66605146
   10280   20.56000000  0.67161180E-10  0.64240473E-10  0.18224176E-04    31.99999998     -864.66605145
   10290   20.58000000  0.72517581E-10  0.69514200E-10  0.18421412E-04    31.99999998     -864.66605143
   10300   20.60000000  0.77800772E-10  0.74770453E-10  0.18370292E-04    31.99999998     -864.66605142
   10310   20.62000000  0.83133367E-10  0.80187195E-10  0.18073160E-04    31.99999998     -864.66605141
   10320   20.64000000  0.87752994E-10  0.85896380E-10  0.17535981E-04    31.99999998     -864.66605139
   10330   20.66000000  0.92654307E-10  0.91441092E-10  0.16768088E-04    31.99999998     -864.66605138
   10340   20.68000000  0.96564791E-10  0.96880333E-10  0.15781861E-04    31.99999998     -864.66605136
   10350   20.70000000  0.99597224E-10  0.10126962E-09  0.14592381E-04    31.99999998     -864.66605135
   10360   20.72000000  0.10120749E-09  0.10432426E-09  0.13217056E-04    31.99999998     -864.66605134
   10370   20.74000000  0.10262235E-09  0.10701929E-09  0.11675223E-04    31.99999998     -864.66605133
   10380   20.76000000  0.10293004E-09  0.10740405E-09  0.99877656E-05    31.99999998     -864.66605132
   10390   20.78000000  0.10312356E-09  0.10751310E-09  0.81767367E-05    31.99999998     -864.66605131
   10400   20.80000000  0.10153027E-09  0.10615138E-09  0.62650055E-05    31.99999998     -864.66605131
   10410   20.82000000  0.99817907E-10  0.10324952E-09  0.42759565E-05    31.99999998     -864.66605130
   10420   20.84000000  0.97183131E-10  0.99334837E-10  0.22332101E-05    31.99999998     -864.66605130
   10430   20.86000000  0.93851833E-10  0.94100906E-10  0.16041284E-06    31.99999998     -864.66605130
   10440   20.88000000  0.89338719E-10  0.88284157E-10 -0.19189456E-05    31.99999998     -864.66605130
   10450   20.90000000  0.83262126E-10  0.81230803E-10 -0.39816648E-05    31.99999998     -864.66605130
   10460   20.92000000  0.76505928E-10  0.73222717E-10 -0.60049430E-05    31.99999998     -864.66605130
   10470   20.94000000  0.67680156E-10  0.65016219E-10 -0.79664666E-05    31.99999998     -864.66605130
   10480   20.96000000  0.58623211E-10  0.54943374E-10 -0.98445003E-05    31.99999998     -864.66605130
   10490   20.98000000  0.47785765E-10  0.44856902E-10 -0.11617982E-04    31.99999998     -864.66605130
   10500   21.00000000  0.36394147E-10  0.33396337E-10 -0.13266650E-04    31.99999998     -864.66605129
   10510   21.02000000  0.23697271E-10  0.21607966E-10 -0.14771191E-04    31.99999998     -864.66605129
   10520   21.04000000  0.11170750E-10  0.91517737E-11 -0.16113438E-04    31.99999998     -864.66605129
   10530   21.06000000 -0.21752620E-11 -0.35967130E-11 -0.17276602E-04    31.99999998     -864.66605128
   10540   21.08000000 -0.14914494E-10 -0.16675188E-10 -0.18245540E-04    31.99999998     -864.66605128
   10550   21.10000000 -0.27676665E-10 -0.29115308E-10 -0.19007060E-04    31.99999998     -864.66605127
   10560   21.12000000 -0.40633988E-10 -0.41838176E-10 -0.19550230E-04    31.99999998     -864.66605127
   10570   21.14000000 -0.52685120E-10 -0.53512150E-10 -0.19866710E-04    31.99999998     -864.66605126
   10580   21.16000000 -0.64790317E-10 -0.65187175E-10 -0.19951044E-04    31.99999998     -864.66605126
   10590   21.18000000 -0.75482272E-10 -0.75723196E-10 -0.19800935E-04    31.99999998     -864.66605125
   10600   21.20000000 -0.86171394E-10 -0.85628955E-10 -0.19417453E-04    31.99999998     -864.66605125
   10610   21.22000000 -0.95647030E-10 -0.94616290E-10 -0.18805170E-04    31.99999998     -864.66605124
   10620   21.24000000 -0.10424046E-09 -0.10304335E-09 -0.17972206E-04    31.99999998     -864.66605124
   10630   21.26000000 -0.11174901E-09 -0.11119942E-09 -0.16930166E-04    31.99999998     -864.66605123
   10640   21.28000000 -0.11883918E-09 -0.11843986E-09 -0.15693969E-04    31.99999998     -864.66605123
   10650   21.30000000 -0.12483431E-09 -0.12418535E-09 -0.14281573E-04    31.99999998     -864.66605123
   10660   21.32000000 -0.12936231E-09 -0.12905795E-09 -0.12713584E-04    31.99999998     -864.66605123
   10670   21.34000000 -0.13403431E-09 -0.13325802E-09 -0.11012786E-04    31.99999998     -864.66605122
   10680   21.36000000 -0.13716108E-09 -0.13553333E-09 -0.92035977E-05    31.99999998     -864.66605122
   10690   21.38000000 -0.13963352E-09 -0.13737294E-09 -0.73114765E-05    31.99999998     -864.66605122
   10700   21.40000000 -0.14163825E-09 -0.13752525E-09 -0.53623119E-05    31.99999998     -864.66605122
   10710   21.42000000 -0.14185490E-09 -0.13660895E-09 -0.33818207E-05    31.99999998     -864.66605122
   10720   21.44000000 -0.13984826E-09 -0.13495646E-09 -0.13949761E-05    31.99999998     -864.66605121
   10730   21.46000000 -0.13679079E-09 -0.13162610E-09  0.57449341E-06    31.99999998     -864.66605121
   10740   21.48000000 -0.13126928E-09 -0.12798772E-09  0.25045405E-05    31.99999998     -864.66605121
   10750   21.50000000 -0.12431479E-09 -0.12245991E-09  0.43751275E-05    31.99999998     -864.66605121
   10760   21.52000000 -0.11629552E-09 -0.11555198E-09  0.61684599E-05    31.99999998     -864.66605120
   10770   21.54000000 -0.10632572E-09 -0.10738559E-09  0.78691064E-05    31.99999998     -864.66605120
   10780   21.56000000 -0.96165486E-10 -0.98225264E-10  0.94640253E-05    31.99999998     -864.66605120
   10790   21.58000000 -0.84452455E-10 -0.88571408E-10  0.10942487E-04    31.99999998     -864.66605120
   10800   21.60000000 -0.73196036E-10 -0.77063565E-10  0.12295920E-04    31.99999998     -864.66605120
   10810   21.62000000 -0.60974075E-10 -0.65009353E-10  0.13517693E-04    31.99999998     -864.66605119
   10820   21.64000000 -0.48111995E-10 -0.52717685E-10  0.14602842E-04    31.99999998     -864.66605119
   10830   21.66000000 -0.35560096E-10 -0.39678009E-10  0.15547774E-04    31.99999998     -864.66605119
   10840   21.68000000 -0.22590891E-10 -0.27117628E-10  0.16349969E-04    31.99999998     -864.66605119
   10850   21.70000000 -0.10317523E-10 -0.12833220E-10  0.17007676E-04    31.99999998     -864.66605119
   10860   21.72000000  0.32243751E-11  0.69170533E-12  0.17519658E-04    31.99999998     -864.66605118
   10870   21.74000000  0.15239930E-10  0.14181389E-10  0.17884968E-04    31.99999998     -864.66605118
   10880   21.76000000  0.28640222E-10  0.27570132E-10  0.18102791E-04    31.99999998     -864.66605117
   10890   21.78000000  0.40432623E-10  0.40551177E-10  0.18172348E-04    31.99999998     -864.66605116
   10900   21.80000000  0.52121871E-10  0.53145461E-10  0.18092885E-04    31.99999998     -864.66605115
   10910   21.82000000  0.62423751E-10  0.65154064E-10  0.17863727E-04    31.99999998     -864.66605114
   10920   21.84000000  0.72050006E-10  0.75002055E-10  0.17484412E-04    31.99999998     -864.66605113
   10930   21.86000000  0.80632640E-10  0.84939947E-10  0.16954893E-04    31.99999998     -864.66605111
   10940   21.88000000  0.87747963E-10  0.92195428E-10  0.16275797E-04    31.99999998     -864.66605110
   10950   21.90000000  0.94123124E-10  0.99010083E-10  0.15448722E-04    31.99999998     -864.66605109
   10960   21.92000000  0.98796101E-10  0.10371118E-09  0.14476570E-04    31.99999998     -864.66605108
   10970   21.94000000  0.10309712E-09  0.10736801E-09  0.13363873E-04    31.99999998     -864.66605108
   10980   21.96000000  0.10608635E-09  0.10977752E-09  0.12117113E-04    31.99999998     -864.66605107
   10990   21.98000000  0.10815364E-09  0.11149442E-09  0.10744997E-04    31.99999998     -864.66605107
   11000   22.00000000  0.10980773E-09  0.11148066E-09  0.92586863E-05    31.99999998     -864.66605107
   11010   22.02000000  0.10987674E-09  0.11019052E-09  0.76719324E-05    31.99999998     -864.66605106
   11020   22.04000000  0.10956298E-09  0.10766675E-09  0.60011325E-05    31.99999998     -864.66605106
   11030   22.06000000  0.10855029E-09  0.10503746E-09  0.42652706E-05    31.99999998     -864.66605106
   11040   22.08000000  0.10624943E-09  0.10111976E-09  0.24857448E-05    31.99999998     -864.66605106
   11050   22.10000000  0.10291861E-09  0.96473475E-10  0.68608430E-06    31.99999998     -864.66605106
   11060   22.12000000  0.98445237E-10  0.90884128E-10 -0.11084518E-05    31.99999998     -864.66605105
   11070   22.14000000  0.92564983E-10  0.85666135E-10 -0.28713779E-05    31.99999998     -864.66605105
   11080   22.16000000  0.86437087E-10  0.79883388E-10 -0.45755612E-05    31.99999998     -864.66605104
   11090   22.18000000  0.79535651E-10  0.75260994E-10 -0.61938801E-05    31.99999998     -864.66605103
   11100   22.20000000  0.72083526E-10  0.69299027E-10 -0.76999036E-05    31.99999998     -864.66605102
   11110   22.22000000  0.64438707E-10  0.63614948E-10 -0.90685961E-05    31.99999998     -864.66605101
   11120   22.24000000  0.56954309E-10  0.57656460E-10 -0.10276993E-04    31.99999998     -864.66605100
   11130   22.26000000  0.49171030E-10  0.51655428E-10 -0.11304833E-04    31.99999998     -864.66605099
   11140   22.28000000  0.41755427E-10  0.44451554E-10 -0.12135119E-04    31.99999998     -864.66605097
   11150   22.30000000  0.35162466E-10  0.37885274E-10 -0.12754582E-04    31.99999998     -864.66605096
   11160   22.32000000  0.28169304E-10  0.30677740E-10 -0.13154044E-04    31.99999998     -864.66605095
   11170   22.34000000  0.22125141E-10  0.24162411E-10 -0.13328645E-04    31.99999998     -864.66605094
   11180   22.36000000  0.16220519E-10  0.18460451E-10 -0.13277978E-04    31.99999998     -864.66605094
   11190   22.38000000  0.11482286E-10  0.13374837E-10 -0.13006066E-04    31.99999998     -864.66605093
   11200   22.40000000  0.60477767E-11  0.85651213E-11 -0.12521269E-04    31.99999998     -864.66605093
   11210   22.42000000  0.30265591E-11  0.40540495E-11 -0.11836061E-04    31.99999998     -864.66605092
   11220   22.44000000 -0.15728054E-11  0.14304383E-12 -0.10966751E-04    31.99999998     -864.66605092
   11230   22.46000000 -0.47038334E-11 -0.37718952E-11 -0.99331131E-05    31.99999998     -864.66605092
   11240   22.48000000 -0.79905629E-11 -0.68669982E-11 -0.87579943E-05    31.99999998     -864.66605092
   11250   22.50000000 -0.11090719E-10 -0.10595212E-10 -0.74668668E-05    31.99999998     -864.66605091
   11260   22.52000000 -0.13668111E-10 -0.13158811E-10 -0.60873724E-05    31.99999998     -864.66605091
   11270   22.54000000 -0.15451009E-10 -0.15405424E-10 -0.46488362E-05    31.99999998     -864.66605091
   11280   22.56000000 -0.17658150E-10 -0.17557804E-10 -0.31817876E-05    31.99999998     -864.66605090
   11290   22.58000000 -0.18982970E-10 -0.18879815E-10 -0.17174437E-05    31.99999998     -864.66605090
   11300   22.60000000 -0.20270588E-10 -0.19743671E-10 -0.28720427E-06    31.99999998     -864.66605089
   11310   22.62000000 -0.20573780E-10 -0.20128285E-10  0.10778964E-05    31.99999998     -864.66605088
   11320   22.64000000 -0.21229694E-10 -0.20495007E-10  0.23477508E-05    31.99999998     -864.66605088
   11330   22.66000000 -0.20420250E-10 -0.20980275E-10  0.34937663E-05    31.99999998     -864.66605087
   11340   22.68000000 -0.20409808E-10 -0.21441692E-10  0.44894850E-05    31.99999998     -864.66605086
   11350   22.70000000 -0.19967305E-10 -0.21742434E-10  0.53112180E-05    31.99999998     -864.66605085
   11360   22.72000000 -0.19993566E-10 -0.21155882E-10  0.59386837E-05    31.99999998     -864.66605084
   11370   22.74000000 -0.19766234E-10 -0.21697271E-10  0.63556438E-05    31.99999998     -864.66605084
   11380   22.76000000 -0.20567851E-10 -0.22227093E-10  0.65504936E-05    31.99999998     -864.66605083
   11390   22.78000000 -0.21413525E-10 -0.22449669E-10  0.65167982E-05    31.99999998     -864.66605082
   11400   22.80000000 -0.22481721E-10 -0.24114357E-10  0.62537327E-05    31.99999998     -864.66605082
   11410   22.82000000 -0.24207211E-10 -0.25096194E-10  0.57664040E-05    31.99999998     -864.66605081
   11420   22.84000000 -0.26534269E-10 -0.27754882E-10  0.50660204E-05    31.99999998     -864.66605080
   11430   22.86000000 -0.29085295E-10 -0.29231724E-10  0.41698905E-05    31.99999998     -864.66605080
   11440   22.88000000 -0.32090889E-10 -0.31737614E-10  0.31012306E-05    31.99999998     -864.66605080
   11450   22.90000000 -0.35462552E-10 -0.34227239E-10  0.18887781E-05    31.99999998     -864.66605079
   11460   22.92000000 -0.38963837E-10 -0.37135535E-10  0.56620020E-06    31.99999998     -864.66605079
   11470   22.94000000 -0.42552302E-10 -0.40941165E-10 -0.82868124E-06    31.99999998     -864.66605079
   11480   22.96000000 -0.46763458E-10 -0.45532052E-10 -0.22548426E-05    31.99999998     -864.66605079
   11490   22.98000000 -0.50786006E-10 -0.50101225E-10 -0.36691561E-05    31.99999998     -864.66605079
   11500   23.00000000 -0.54686863E-10 -0.55304283E-10 -0.50275997E-05    31.99999998     -864.66605079
   11510   23.02000000 -0.59560400E-10 -0.59665059E-10 -0.62865421E-05    31.99999998     -864.66605079
   11520   23.04000000 -0.64048082E-10 -0.64970843E-10 -0.74040646E-05    31.99999998     -864.66605078
   11530   23.06000000 -0.68794192E-10 -0.68313835E-10 -0.83412624E-05    31.99999998     -864.66605078
   11540   23.08000000 -0.72872490E-10 -0.72634378E-10 -0.90634947E-05    31.99999998     -864.66605077
   11550   23.10000000 -0.76775206E-10 -0.75441861E-10 -0.95415187E-05    31.99999998     -864.66605076
   11560   23.12000000 -0.80827525E-10 -0.78659397E-10 -0.97524856E-05    31.99999998     -864.66605075
   11570   23.14000000 -0.83889952E-10 -0.80149412E-10 -0.96807401E-05    31.99999998     -864.66605074
   11580   23.16000000 -0.86629239E-10 -0.81989432E-10 -0.93184035E-05    31.99999998     -864.66605073
   11590   23.18000000 -0.87164529E-10 -0.83920935E-10 -0.86657096E-05    31.99999998     -864.66605072
   11600   23.20000000 -0.88026058E-10 -0.85748820E-10 -0.77310753E-05    31.99999998     -864.66605071
   11610   23.22000000 -0.87270090E-10 -0.86818953E-10 -0.65309075E-05    31.99999998     -864.66605070
   11620   23.24000000 -0.85653543E-10 -0.86962441E-10 -0.50891412E-05    31.99999998     -864.66605070
   11630   23.26000000 -0.82836606E-10 -0.85332074E-10 -0.34365401E-05    31.99999998     -864.66605069
   11640   23.28000000 -0.78890932E-10 -0.83773523E-10 -0.16097663E-05    31.99999998     -864.66605069
   11650   23.30000000 -0.73879847E-10 -0.79776277E-10  0.34972094E-06    31.99999998     -864.66605069
   11660   23.32000000 -0.68411477E-10 -0.75803238E-10  0.23969208E-05    31.99999998     -864.66605068
   11670   23.34000000 -0.62974644E-10 -0.69151647E-10  0.44846214E-05    31.99999998     -864.66605068
   11680   23.36000000 -0.56678314E-10 -0.62866272E-10  0.65647845E-05    31.99999998     -864.66605068
   11690   23.38000000 -0.50803903E-10 -0.54443791E-10  0.85899144E-05    31.99999998     -864.66605068
   11700   23.40000000 -0.43571885E-10 -0.46395535E-10  0.10514365E-04    31.99999998     -864.66605068
   11710   23.42000000 -0.35992247E-10 -0.37096833E-10  0.12295550E-04    31.99999998     -864.66605067
   11720   23.44000000 -0.27301421E-10 -0.26199042E-10  0.13895016E-04    31.99999998     -864.66605067
   11730   23.46000000 -0.17392148E-10 -0.15539334E-10  0.15279333E-04    31.99999998     -864.66605066
   11740   23.48000000 -0.67798345E-11 -0.33014623E-11  0.16420815E-04    31.99999998     -864.66605066
   11750   23.50000000  0.46055635E-11  0.88453902E-11  0.17298016E-04    31.99999998     -864.66605065
   11760   23.52000000  0.17022520E-10  0.21229523E-10  0.17896035E-04    31.99999998     -864.66605064
   11770   23.54000000  0.30373878E-10  0.34740777E-10  0.18206601E-04    31.99999998     -864.66605064
   11780   23.56000000  0.43689528E-10  0.47859393E-10  0.18227973E-04    31.99999998     -864.66605063
   11790   23.58000000  0.57712608E-10  0.61075593E-10  0.17964658E-04    31.99999998     -864.66605062
   11800   23.60000000  0.71783353E-10  0.74285791E-10  0.17426968E-04    31.99999998     -864.66605062
   11810   23.62000000  0.85338392E-10  0.86184326E-10  0.16630457E-04    31.99999998     -864.66605061
   11820   23.64000000  0.98422939E-10  0.98538063E-10  0.15595246E-04    31.99999998     -864.66605061
   11830   23.66000000  0.11069802E-09  0.10977723E-09  0.14345290E-04    31.99999998     -864.66605060
   11840   23.68000000  0.12084159E-09  0.12090378E-09  0.12907608E-04    31.99999998     -864.66605060
   11850   23.70000000  0.13110783E-09  0.13065577E-09  0.11311500E-04    31.99999998     -864.66605060
   11860   23.72000000  0.13926420E-09  0.13926612E-09  0.95877972E-05    31.99999998     -864.66605059
   11870   23.74000000  0.14628835E-09  0.14615837E-09  0.77681543E-05    31.99999998     -864.66605059
   11880   23.76000000  0.15161606E-09  0.15185137E-09  0.58844076E-05    31.99999998     -864.66605059
   11890   23.78000000  0.15579353E-09  0.15598070E-09  0.39680071E-05    31.99999998     -864.66605058
   11900   23.80000000  0.15761367E-09  0.15861390E-09  0.20495308E-05    31.99999998     -864.66605058
   11910   23.82000000  0.15935131E-09  0.15961514E-09  0.15827701E-06    31.99999998     -864.66605058
   11920   23.84000000  0.15828495E-09  0.15893176E-09 -0.16780742E-05    31.99999998     -864.66605057
   11930   23.86000000  0.15615940E-09  0.15651435E-09 -0.34337374E-05    31.99999998     -864.66605057
   11940   23.88000000  0.15209557E-09  0.15226111E-09 -0.50850574E-05    31.99999998     -864.66605057
   11950   23.90000000  0.14681002E-09  0.14615616E-09 -0.66107087E-05    31.99999998     -864.66605057
   11960   23.92000000  0.13928079E-09  0.13823478E-09 -0.79918800E-05    31.99999998     -864.66605056
   11970   23.94000000  0.13103977E-09  0.12826487E-09 -0.92124467E-05    31.99999998     -864.66605056
   11980   23.96000000  0.11990028E-09  0.11715267E-09 -0.10259138E-04    31.99999998     -864.66605056
   11990   23.98000000  0.10819861E-09  0.10469551E-09 -0.11121700E-04    31.99999998     -864.66605056
   12000   24.00000000  0.94754041E-10  0.91578651E-10 -0.11793040E-04    31.99999998     -864.66605055
   12010   24.02000000  0.80224970E-10  0.77268481E-10 -0.12269359E-04    31.99999998     -864.66605055
   12020   24.04000000  0.64484430E-10  0.62361710E-10 -0.12550237E-04    31.99999998     -864.66605055
   12030   24.06000000  0.47867513E-10  0.47017076E-10 -0.12638673E-04    31.99999998     -864.66605055
   12040   24.08000000  0.30911929E-10  0.30795568E-10 -0.12541058E-04    31.99999998     -864.66605054
   12050   24.10000000  0.13819396E-10  0.14969284E-10 -0.12267070E-04    31.99999998     -864.66605054
   12060   24.12000000 -0.35640494E-11 -0.21575457E-11 -0.11829484E-04    31.99999998     -864.66605054
   12070   24.14000000 -0.20235553E-10 -0.17716496E-10 -0.11243887E-04    31.99999998     -864.66605053
   12080   24.16000000 -0.36613771E-10 -0.35213474E-10 -0.10528316E-04    31.99999998     -864.66605053
   12090   24.18000000 -0.52435137E-10 -0.50991309E-10 -0.97028112E-05    31.99999998     -864.66605052
   12100   24.20000000 -0.67662588E-10 -0.66867788E-10 -0.87889119E-05    31.99999998     -864.66605052
   12110   24.22000000 -0.82190636E-10 -0.81446700E-10 -0.78091073E-05    31.99999998     -864.66605052
   12120   24.24000000 -0.95266162E-10 -0.95009384E-10 -0.67862594E-05    31.99999998     -864.66605052
   12130   24.26000000 -0.10769391E-09 -0.10740404E-09 -0.57430335E-05    31.99999998     -864.66605051
   12140   24.28000000 -0.11914757E-09 -0.11942660E-09 -0.47013346E-05    31.99999998     -864.66605051
   12150   24.30000000 -0.12926545E-09 -0.12936955E-09 -0.36817913E-05    31.99999998     -864.66605051
   12160   24.32000000 -0.13853254E-09 -0.13848026E-09 -0.27032801E-05    31.99999998     -864.66605051
   12170   24.34000000 -0.14636170E-09 -0.14505323E-09 -0.17825201E-05    31.99999998     -864.66605050
   12180   24.36000000 -0.15251146E-09 -0.15112982E-09 -0.93372554E-06    31.99999998     -864.66605050
   12190   24.38000000 -0.15709339E-09 -0.15482481E-09 -0.16833615E-06    31.99999998     -864.66605050
   12200   24.40000000 -0.16030452E-09 -0.15782956E-09  0.50517865E-06    31.99999998     -864.66605050
   12210   24.42000000 -0.16105888E-09 -0.15839350E-09  0.10814440E-05    31.99999998     -864.66605050
   12220   24.44000000 -0.16024967E-09 -0.15842936E-09  0.15582228E-05    31.99999998     -864.66605050
   12230   24.46000000 -0.15724812E-09 -0.15702552E-09  0.19363899E-05    31.99999998     -864.66605050
   12240   24.48000000 -0.15364414E-09 -0.15313864E-09  0.22198228E-05    31.99999998     -864.66605049
   12250   24.50000000 -0.14711555E-09 -0.14928281E-09  0.24152193E-05    31.99999998     -864.66605049
   12260   24.52000000 -0.14076224E-09 -0.14273520E-09  0.25318309E-05    31.99999998     -864.66605049
   12270   24.54000000 -0.13244486E-09 -0.13565100E-09  0.25811303E-05    31.99999998     -864.66605049
   12280   24.56000000 -0.12418156E-09 -0.12719529E-09  0.25763987E-05    31.99999998     -864.66605049
   12290   24.58000000 -0.11460861E-09 -0.11744949E-09  0.25322628E-05    31.99999998     -864.66605049
   12300   24.60000000 -0.10490207E-09 -0.10723524E-09  0.24641725E-05    31.99999998     -864.66605049
   12310   24.62000000 -0.94154472E-10 -0.95503304E-10  0.23878593E-05    31.99999998     -864.66605049
   12320   24.64000000 -0.82433641E-10 -0.83939701E-10  0.23187753E-05    31.99999998     -864.66605049
   12330   24.66000000 -0.70339972E-10 -0.70849922E-10  0.22715503E-05    31.99999998     -864.66605049
   12340   24.68000000 -0.58549231E-10 -0.58760737E-10  0.22594766E-05    31.99999998     -864.66605049
   12350   24.70000000 -0.46618439E-10 -0.46356773E-10  0.22940477E-05    31.99999998     -864.66605049
   12360   24.72000000 -0.34473231E-10 -0.34346415E-10  0.23845690E-05    31.99999998     -864.66605049
   12370   24.74000000 -0.21928525E-10 -0.22280895E-10  0.25378475E-05    31.99999998     -864.66605048
   12380   24.76000000 -0.10730197E-10 -0.98373102E-11  0.27579765E-05    31.99999998     -864.66605048
   12390   24.78000000  0.12966304E-11  0.14098676E-11  0.30462051E-05    31.99999998     -864.66605048
   12400   24.80000000  0.11531204E-10  0.12392116E-10  0.34009066E-05    31.99999998     -864.66605048
   12410   24.82000000  0.21436225E-10  0.22441143E-10  0.38176242E-05    31.99999998     -864.66605047
   12420   24.84000000  0.30925804E-10  0.32008100E-10  0.42892017E-05    31.99999998     -864.66605047
   12430   24.86000000  0.39174011E-10  0.41656946E-10  0.48059746E-05    31.99999998     -864.66605047
   12440   24.88000000  0.47102066E-10  0.49914180E-10  0.53560275E-05    31.99999998     -864.66605047
   12450   24.90000000  0.54017904E-10  0.57887399E-10  0.59255037E-05    31.99999998     -864.66605047
   12460   24.92000000  0.60933384E-10  0.64852817E-10  0.64989582E-05    31.99999998     -864.66605046
   12470   24.94000000  0.67304752E-10  0.71514639E-10  0.70597558E-05    31.99999998     -864.66605046
   12480   24.96000000  0.73860731E-10  0.77420869E-10  0.75904967E-05    31.99999998     -864.66605046
   12490   24.98000000  0.80314161E-10  0.83436864E-10  0.80734825E-05    31.99999998     -864.66605046
   12500   25.00000000  0.86673429E-10  0.88468709E-10  0.84911894E-05    31.99999998     -864.66605046
   12510   25.02000000  0.92579550E-10  0.93100122E-10  0.88267724E-05    31.99999998     -864.66605046
   12520   25.04000000  0.97809242E-10  0.97559204E-10  0.90645521E-05    31.99999998     -864.66605046
   12530   25.06000000  0.10274970E-09  0.10057128E-09  0.91905100E-05    31.99999998     -864.66605045
   12540   25.08000000  0.10676122E-09  0.10272573E-09  0.91927414E-05    31.99999998     -864.66605045
   12550   25.10000000  0.10943561E-09  0.10478198E-09  0.90618836E-05    31.99999998     -864.66605045
   12560   25.12000000  0.11174093E-09  0.10509567E-09  0.87914706E-05    31.99999998     -864.66605045
   12570   25.14000000  0.11195208E-09  0.10564434E-09  0.83782311E-05    31.99999998     -864.66605045
   12580   25.16000000  0.11159987E-09  0.10525765E-09  0.78222933E-05    31.99999998     -864.66605044
   12590   25.18000000  0.10988609E-09  0.10464698E-09  0.71273013E-05    31.99999998     -864.66605044
   12600   25.20000000  0.10712091E-09  0.10295225E-09  0.63004270E-05    31.99999998     -864.66605044
   12610   25.22000000  0.10332661E-09  0.10152306E-09  0.53522886E-05    31.99999998     -864.66605044
   12620   25.24000000  0.98402330E-10  0.98714201E-10  0.42967636E-05    31.99999998     -864.66605044
   12630   25.26000000  0.93298216E-10  0.95394143E-10  0.31507185E-05    31.99999998     -864.66605043
   12640   25.28000000  0.87938849E-10  0.90972110E-10  0.19336532E-05    31.99999998     -864.66605043
   12650   25.30000000  0.81639480E-10  0.86061142E-10  0.66727697E-06    31.99999998     -864.66605043
   12660   25.32000000  0.75268141E-10  0.80088309E-10 -0.62496495E-06    31.99999998     -864.66605043
   12670   25.34000000  0.68894549E-10  0.73773427E-10 -0.19184102E-05    31.99999998     -864.66605043
   12680   25.36000000  0.62451200E-10  0.65718714E-10 -0.31877232E-05    31.99999998     -864.66605043
   12690   25.38000000  0.54892178E-10  0.58771486E-10 -0.44074553E-05    31.99999998     -864.66605043
   12700   25.40000000  0.47348473E-10  0.49739390E-10 -0.55526135E-05    31.99999998     -864.66605043
   12710   25.42000000  0.39093208E-10  0.41854843E-10 -0.65992161E-05    31.99999998     -864.66605042
   12720   25.44000000  0.30405393E-10  0.31819207E-10 -0.75248481E-05    31.99999998     -864.66605042
   12730   25.46000000  0.21833523E-10  0.21934412E-10 -0.83091844E-05    31.99999998     -864.66605042
   12740   25.48000000  0.12466875E-10  0.11592512E-10 -0.89344934E-05    31.99999998     -864.66605041
   12750   25.50000000  0.28504775E-11  0.89698970E-12 -0.93860898E-05    31.99999998     -864.66605041
   12760   25.52000000 -0.66433924E-11 -0.85464194E-11 -0.96527446E-05    31.99999998     -864.66605040
   12770   25.54000000 -0.16061379E-10 -0.18696995E-10 -0.97270233E-05    31.99999998     -864.66605040
   12780   25.56000000 -0.25311451E-10 -0.28271012E-10 -0.96055528E-05    31.99999998     -864.66605039
   12790   25.58000000 -0.34091280E-10 -0.37155014E-10 -0.92891936E-05    31.99999998     -864.66605039
   12800   25.60000000 -0.43238404E-10 -0.45577086E-10 -0.87831112E-05    31.99999998     -864.66605039
   12810   25.62000000 -0.51173290E-10 -0.53353542E-10 -0.80967361E-05    31.99999998     -864.66605038
   12820   25.64000000 -0.59105682E-10 -0.60614768E-10 -0.72436110E-05    31.99999998     -864.66605038
   12830   25.66000000 -0.66122325E-10 -0.67650832E-10 -0.62411165E-05    31.99999998     -864.66605038
   12840   25.68000000 -0.73117742E-10 -0.73665387E-10 -0.51100949E-05    31.99999998     -864.66605037
   12850   25.70000000 -0.78098173E-10 -0.78338764E-10 -0.38743570E-05    31.99999998     -864.66605037
   12860   25.72000000 -0.83308798E-10 -0.82824852E-10 -0.25601233E-05    31.99999998     -864.66605037
   12870   25.74000000 -0.86870657E-10 -0.86239030E-10 -0.11953777E-05    31.99999998     -864.66605037
   12880   25.76000000 -0.90423564E-10 -0.88312870E-10  0.19081188E-06    31.99999998     -864.66605037
   12890   25.78000000 -0.91938657E-10 -0.89249946E-10  0.15689987E-05    31.99999998     -864.66605037
   12900   25.80000000 -0.92060306E-10 -0.89264184E-10  0.29100657E-05    31.99999998     -864.66605037
   12910   25.82000000 -0.90329391E-10 -0.88043264E-10  0.41858979E-05    31.99999998     -864.66605037
   12920   25.84000000 -0.88096302E-10 -0.85714585E-10  0.53700252E-05    31.99999998     -864.66605037
   12930   25.86000000 -0.84128201E-10 -0.82068906E-10  0.64381878E-05    31.99999998     -864.66605037
   12940   25.88000000 -0.79105406E-10 -0.77212090E-10  0.73688469E-05    31.99999998     -864.66605036
   12950   25.90000000 -0.72468207E-10 -0.71339942E-10  0.81435924E-05    31.99999998     -864.66605036
   12960   25.92000000 -0.65467296E-10 -0.64603160E-10  0.87474850E-05    31.99999998     -864.66605036
   12970   25.94000000 -0.57652447E-10 -0.56594555E-10  0.91692916E-05    31.99999998     -864.66605035
   12980   25.96000000 -0.49466326E-10 -0.48394847E-10  0.94016587E-05    31.99999998     -864.66605035
   12990   25.98000000 -0.40493205E-10 -0.39938775E-10  0.94411877E-05    31.99999998     -864.66605034
   13000   26.00000000 -0.31116326E-10 -0.31301615E-10  0.92884490E-05    31.99999998     -864.66605034
   13010   26.02000000 -0.21594978E-10 -0.23282360E-10  0.89479219E-05    31.99999998     -864.66605034
   13020   26.04000000 -0.11770749E-10 -0.13833885E-10  0.84278762E-05    31.99999998     -864.66605033
   13030   26.06000000 -0.23125540E-11 -0.42744171E-11  0.77401892E-05    31.99999998     -864.66605033
   13040   26.08000000  0.69721401E-11  0.51074564E-11  0.69001122E-05    31.99999998     -864.66605032
   13050   26.10000000  0.16162906E-10  0.14644790E-10  0.59259692E-05    31.99999998     -864.66605032
   13060   26.12000000  0.24077290E-10  0.23435880E-10  0.48388170E-05    31.99999998     -864.66605032
   13070   26.14000000  0.31913294E-10  0.31415840E-10  0.36620292E-05    31.99999998     -864.66605032
   13080   26.16000000  0.38008448E-10  0.37994351E-10  0.24208459E-05    31.99999998     -864.66605032
   13090   26.18000000  0.44137770E-10  0.44151953E-10  0.11418588E-05    31.99999998     -864.66605031
   13100   26.20000000  0.48708513E-10  0.49155322E-10 -0.14754199E-06    31.99999998     -864.66605031
   13110   26.22000000  0.52517083E-10  0.53279150E-10 -0.14197592E-05    31.99999998     -864.66605031
   13120   26.24000000  0.55776942E-10  0.55578599E-10 -0.26476063E-05    31.99999998     -864.66605031
   13130   26.26000000  0.57113186E-10  0.57289603E-10 -0.38049331E-05    31.99999998     -864.66605031
   13140   26.28000000  0.57386989E-10  0.56775935E-10 -0.48672445E-05    31.99999998     -864.66605031
   13150   26.30000000  0.56456751E-10  0.56556358E-10 -0.58122998E-05    31.99999998     -864.66605031
   13160   26.32000000  0.53148430E-10  0.53271025E-10 -0.66206512E-05    31.99999998     -864.66605031
   13170   26.34000000  0.49103029E-10  0.49724975E-10 -0.72761328E-05    31.99999998     -864.66605030
   13180   26.36000000  0.42991667E-10  0.43376244E-10 -0.77662469E-05    31.99999998     -864.66605030
   13190   26.38000000  0.36125088E-10  0.36312123E-10 -0.80824575E-05    31.99999998     -864.66605030
   13200   26.40000000  0.27995268E-10  0.28035708E-10 -0.82203624E-05    31.99999998     -864.66605030
   13210   26.42000000  0.19374811E-10  0.19049727E-10 -0.81797422E-05    31.99999998     -864.66605029
   13220   26.44000000  0.10084760E-10  0.99603184E-11 -0.79644737E-05    31.99999998     -864.66605029
   13230   26.46000000  0.77320912E-12  0.16929309E-11 -0.75823218E-05    31.99999998     -864.66605029
   13240   26.48000000 -0.92587136E-11 -0.84784489E-11 -0.70446077E-05    31.99999998     -864.66605028
   13250   26.50000000 -0.18626846E-10 -0.17525259E-10 -0.63657743E-05    31.99999998     -864.66605028
   13260   26.52000000 -0.28417089E-10 -0.27123485E-10 -0.55628630E-05    31.99999998     -864.66605027
   13270   26.54000000 -0.36619621E-10 -0.36239480E-10 -0.46549282E-05    31.99999998     -864.66605027
   13280   26.56000000 -0.45028981E-10 -0.45099827E-10 -0.36624113E-05    31.99999998     -864.66605027
   13290   26.58000000 -0.51935463E-10 -0.53682223E-10 -0.26065082E-05    31.99999998     -864.66605027
   13300   26.60000000 -0.57803035E-10 -0.61012042E-10 -0.15085459E-05    31.99999998     -864.66605026
   13310   26.62000000 -0.63507809E-10 -0.67900359E-10 -0.38940449E-06    31.99999998     -864.66605026
   13320   26.64000000 -0.66732138E-10 -0.71685343E-10  0.73100445E-06    31.99999998     -864.66605026
   13330   26.66000000 -0.69609094E-10 -0.74583977E-10  0.18341821E-05    31.99999998     -864.66605026
   13340   26.68000000 -0.70257251E-10 -0.75097587E-10  0.29033917E-05    31.99999998     -864.66605026
   13350   26.70000000 -0.69669193E-10 -0.73598557E-10  0.39239222E-05    31.99999998     -864.66605026
   13360   26.72000000 -0.68241936E-10 -0.70673191E-10  0.48832434E-05    31.99999998     -864.66605025
   13370   26.74000000 -0.64442723E-10 -0.65711768E-10  0.57710784E-05    31.99999998     -864.66605025
   13380   26.76000000 -0.59625902E-10 -0.59649695E-10  0.65793795E-05    31.99999998     -864.66605025
   13390   26.78000000 -0.53101378E-10 -0.51745901E-10  0.73022322E-05    31.99999998     -864.66605025
   13400   26.80000000 -0.45856065E-10 -0.42961409E-10  0.79356908E-05    31.99999998     -864.66605024
   13410   26.82000000 -0.36933313E-10 -0.33103392E-10  0.84775626E-05    31.99999998     -864.66605024
   13420   26.84000000 -0.27247734E-10 -0.22120880E-10  0.89271518E-05    31.99999998     -864.66605023
   13430   26.86000000 -0.15908905E-10 -0.11789993E-10  0.92849828E-05    31.99999998     -864.66605023
   13440   26.88000000 -0.45269991E-11 -0.14197229E-12  0.95525018E-05    31.99999998     -864.66605023
   13450   26.90000000  0.75853426E-11  0.11455284E-10  0.97317935E-05    31.99999998     -864.66605022
   13460   26.92000000  0.19506901E-10  0.24045781E-10  0.98253051E-05    31.99999998     -864.66605022
   13470   26.94000000  0.31929392E-10  0.36309371E-10  0.98356021E-05    31.99999998     -864.66605022
   13480   26.96000000  0.43548558E-10  0.47666175E-10  0.97651696E-05    31.99999998     -864.66605022
   13490   26.98000000  0.56294980E-10  0.59397574E-10  0.96162564E-05    31.99999998     -864.66605021
   13500   27.00000000  0.67793304E-10  0.70391212E-10  0.93907831E-05    31.99999998     -864.66605021
   13510   27.02000000  0.79430762E-10  0.80802999E-10  0.90903156E-05    31.99999998     -864.66605021
   13520   27.04000000  0.89888928E-10  0.90097235E-10  0.87160939E-05    31.99999998     -864.66605021
   13530   27.06000000  0.99400506E-10  0.97728251E-10  0.82691316E-05    31.99999998     -864.66605021
   13540   27.08000000  0.10701038E-09  0.10469672E-09  0.77503583E-05    31.99999998     -864.66605021
   13550   27.10000000  0.11316528E-09  0.10925561E-09  0.71608122E-05    31.99999998     -864.66605020
   13560   27.12000000  0.11748526E-09  0.11305406E-09  0.65018481E-05    31.99999998     -864.66605020
   13570   27.14000000  0.11910815E-09  0.11442076E-09  0.57753706E-05    31.99999998     -864.66605020
   13580   27.16000000  0.11910584E-09  0.11391047E-09  0.49840454E-05    31.99999998     -864.66605020
   13590   27.18000000  0.11704228E-09  0.11302809E-09  0.41314997E-05    31.99999998     -864.66605019
   13600   27.20000000  0.11225908E-09  0.10952429E-09  0.32224774E-05    31.99999998     -864.66605019
   13610   27.22000000  0.10655857E-09  0.10551581E-09  0.22629525E-05    31.99999998     -864.66605019
   13620   27.24000000  0.99502419E-10  0.98610181E-10  0.12601780E-05    31.99999998     -864.66605018
   13630   27.26000000  0.90936930E-10  0.92129771E-10  0.22268546E-06    31.99999998     -864.66605018
   13640   27.28000000  0.82001173E-10  0.83206439E-10 -0.83978189E-06    31.99999998     -864.66605018
   13650   27.30000000  0.72336942E-10  0.74838738E-10 -0.19163880E-05    31.99999998     -864.66605017
   13660   27.32000000  0.61929918E-10  0.64521077E-10 -0.29953684E-05    31.99999998     -864.66605017
   13670   27.34000000  0.51455184E-10  0.53859758E-10 -0.40642331E-05    31.99999998     -864.66605017
   13680   27.36000000  0.40237566E-10  0.43050111E-10 -0.51099929E-05    31.99999998     -864.66605017
   13690   27.38000000  0.29129310E-10  0.32024957E-10 -0.61194005E-05    31.99999998     -864.66605017
   13700   27.40000000  0.17390827E-10  0.20052775E-10 -0.70791927E-05    31.99999998     -864.66605017
   13710   27.42000000  0.64304861E-11  0.94071093E-11 -0.79763299E-05    31.99999998     -864.66605016
   13720   27.44000000 -0.52388167E-11 -0.37399041E-11 -0.87982176E-05    31.99999998     -864.66605016
   13730   27.46000000 -0.16360862E-10 -0.14498176E-10 -0.95329153E-05    31.99999998     -864.66605016
   13740   27.48000000 -0.27032333E-10 -0.26639455E-10 -0.10169325E-04    31.99999998     -864.66605016
   13750   27.50000000 -0.37884585E-10 -0.37359860E-10 -0.10697362E-04    31.99999998     -864.66605016
   13760   27.52000000 -0.47556654E-10 -0.48203367E-10 -0.11108113E-04    31.99999998     -864.66605016
   13770   27.54000000 -0.56702781E-10 -0.57633448E-10 -0.11393978E-04    31.99999998     -864.66605015
   13780   27.56000000 -0.65431043E-10 -0.66559297E-10 -0.11548811E-04    31.99999998     -864.66605015
   13790   27.58000000 -0.72659172E-10 -0.73892736E-10 -0.11568047E-04    31.99999998     -864.66605015
   13800   27.60000000 -0.79417776E-10 -0.80494824E-10 -0.11448823E-04    31.99999998     -864.66605014
   13810   27.62000000 -0.84849091E-10 -0.86382235E-10 -0.11190094E-04    31.99999998     -864.66605014
   13820   27.64000000 -0.88981819E-10 -0.91377188E-10 -0.10792731E-04    31.99999998     -864.66605014
   13830   27.66000000 -0.92267609E-10 -0.95196855E-10 -0.10259606E-04    31.99999998     -864.66605013
   13840   27.68000000 -0.95027595E-10 -0.98930937E-10 -0.95956333E-05    31.99999998     -864.66605013
   13850   27.70000000 -0.96904348E-10 -0.10094844E-09 -0.88077954E-05    31.99999998     -864.66605013
   13860   27.72000000 -0.98494922E-10 -0.10247884E-09 -0.79051075E-05    31.99999998     -864.66605012
   13870   27.74000000 -0.98740499E-10 -0.10247410E-09 -0.68985450E-05    31.99999998     -864.66605012
   13880   27.76000000 -0.98149212E-10 -0.10143791E-09 -0.58009091E-05    31.99999998     -864.66605012
   13890   27.78000000 -0.96867660E-10 -0.99169721E-10 -0.46266439E-05    31.99999998     -864.66605012
   13900   27.80000000 -0.94939021E-10 -0.97042888E-10 -0.33916023E-05    31.99999998     -864.66605012
   13910   27.82000000 -0.92077624E-10 -0.93178607E-10 -0.21127617E-05    31.99999998     -864.66605012
   13920   27.84000000 -0.89262438E-10 -0.89170960E-10 -0.80790483E-06    31.99999998     -864.66605012
   13930   27.86000000 -0.85920163E-10 -0.83903556E-10  0.50472495E-06    31.99999998     -864.66605012
   13940   27.88000000 -0.82284374E-10 -0.78630381E-10  0.18067979E-05    31.99999998     -864.66605011
   13950   27.90000000 -0.77482521E-10 -0.73566802E-10  0.30802572E-05    31.99999998     -864.66605011
   13960   27.92000000 -0.72830711E-10 -0.67801859E-10  0.43076941E-05    31.99999998     -864.66605011
   13970   27.94000000 -0.66574865E-10 -0.62004394E-10  0.54726840E-05    31.99999998     -864.66605011
   13980   27.96000000 -0.60647874E-10 -0.55095127E-10  0.65601086E-05    31.99999998     -864.66605011
   13990   27.98000000 -0.53393441E-10 -0.48416585E-10  0.75564322E-05    31.99999998     -864.66605011
   14000   28.00000000 -0.46614048E-10 -0.40952349E-10  0.84499337E-05    31.99999998     -864.66605011
   14010   28.02000000 -0.38866647E-10 -0.34295811E-10  0.92308867E-05    31.99999998     -864.66605011
   14020   28.04000000 -0.31565472E-10 -0.27685221E-10  0.98916907E-05    31.99999998     -864.66605010
   14030   28.06000000 -0.23174265E-10 -0.21317151E-10  0.10426939E-04    31.99999998     -864.66605010
   14040   28.08000000 -0.15715807E-10 -0.14865456E-10  0.10833441E-04    31.99999998     -864.66605010
   14050   28.10000000 -0.76431554E-11 -0.95630830E-11  0.11110186E-04    31.99999998     -864.66605010
   14060   28.12000000 -0.88316687E-12 -0.31259422E-11  0.11258258E-04    31.99999998     -864.66605009
   14070   28.14000000  0.62312149E-11  0.23661717E-11  0.11280715E-04    31.99999998     -864.66605009
   14080   28.16000000  0.12396720E-10  0.91811363E-11  0.11182420E-04    31.99999998     -864.66605009
   14090   28.18000000  0.18711114E-10  0.15326012E-10  0.10969842E-04    31.99999998     -864.66605009
   14100   28.20000000  0.24513995E-10  0.21497106E-10  0.10650829E-04    31.99999998     -864.66605009
   14110   28.22000000  0.30792987E-10  0.27735674E-10  0.10234358E-04    31.99999998     -864.66605009
   14120   28.24000000  0.36720936E-10  0.34178627E-10  0.97302730E-05    31.99999998     -864.66605008
   14130   28.26000000  0.42674276E-10  0.39847801E-10  0.91490120E-05    31.99999997     -864.66605008
   14140   28.28000000  0.47860393E-10  0.45743793E-10  0.85013346E-05    31.99999997     -864.66605008
   14150   28.30000000  0.53137118E-10  0.50835841E-10  0.77980690E-05    31.99999997     -864.66605008
   14160   28.32000000  0.58055436E-10  0.55790382E-10  0.70498667E-05    31.99999997     -864.66605008
   14170   28.34000000  0.62991489E-10  0.60608479E-10  0.62670061E-05    31.99999997     -864.66605008
   14180   28.36000000  0.66610745E-10  0.64996267E-10  0.54592250E-05    31.99999997     -864.66605008
   14190   28.38000000  0.70306734E-10  0.69374325E-10  0.46356040E-05    31.99999997     -864.66605008
   14200   28.40000000  0.72963909E-10  0.72837425E-10  0.38045111E-05    31.99999997     -864.66605008
   14210   28.42000000  0.75272761E-10  0.76452443E-10  0.29735878E-05    31.99999997     -864.66605008
   14220   28.44000000  0.76690281E-10  0.79587954E-10  0.21497992E-05    31.99999997     -864.66605008
   14230   28.46000000  0.77815522E-10  0.82211377E-10  0.13395147E-05    31.99999997     -864.66605008
   14240   28.48000000  0.78663197E-10  0.84004254E-10  0.54862716E-06    31.99999997     -864.66605008
   14250   28.50000000  0.79473713E-10  0.85617260E-10 -0.21731336E-06    31.99999997     -864.66605007
   14260   28.52000000  0.79986632E-10  0.86242322E-10 -0.95296614E-06    31.99999997     -864.66605007
   14270   28.54000000  0.80145324E-10  0.86089336E-10 -0.16530758E-05    31.99999997     -864.66605007
   14280   28.56000000  0.79764541E-10  0.84960617E-10 -0.23123818E-05    31.99999997     -864.66605006
   14290   28.58000000  0.78984748E-10  0.82670939E-10 -0.29255631E-05    31.99999997     -864.66605006
   14300   28.60000000  0.78181364E-10  0.79457532E-10 -0.34872262E-05    31.99999997     -864.66605006
   14310   28.62000000  0.76520380E-10  0.75134680E-10 -0.39919468E-05    31.99999997     -864.66605005
   14320   28.64000000  0.73911913E-10  0.70661169E-10 -0.44343486E-05    31.99999997     -864.66605005
   14330   28.66000000  0.70006601E-10  0.64686496E-10 -0.48092321E-05    31.99999997     -864.66605005
   14340   28.68000000  0.65704774E-10  0.58145266E-10 -0.51117284E-05    31.99999997     -864.66605005
   14350   28.70000000  0.60487373E-10  0.51496583E-10 -0.53374760E-05    31.99999997     -864.66605004
   14360   28.72000000  0.53943282E-10  0.44893281E-10 -0.54828100E-05    31.99999997     -864.66605004
   14370   28.74000000  0.47148547E-10  0.38284135E-10 -0.55449494E-05    31.99999997     -864.66605004
   14380   28.76000000  0.38319564E-10  0.30600437E-10 -0.55221775E-05    31.99999997     -864.66605004
   14390   28.78000000  0.29783502E-10  0.23477868E-10 -0.54139994E-05    31.99999997     -864.66605004
   14400   28.80000000  0.20110041E-10  0.15648076E-10 -0.52212830E-05    31.99999997     -864.66605004
   14410   28.82000000  0.10424949E-10  0.87774334E-11 -0.49463579E-05    31.99999997     -864.66605004
   14420   28.84000000  0.10575957E-11  0.86146469E-12 -0.45930912E-05    31.99999997     -864.66605004
   14430   28.86000000 -0.84168710E-11 -0.67682085E-11 -0.41669180E-05    31.99999997     -864.66605003
   14440   28.88000000 -0.17447564E-10 -0.14821365E-10 -0.36748313E-05    31.99999997     -864.66605003
   14450   28.90000000 -0.26184999E-10 -0.22687146E-10 -0.31253229E-05    31.99999997     -864.66605003
   14460   28.92000000 -0.35389886E-10 -0.30009350E-10 -0.25282792E-05    31.99999997     -864.66605002
   14470   28.94000000 -0.44097733E-10 -0.38518442E-10 -0.18948263E-05    31.99999997     -864.66605002
   14480   28.96000000 -0.52712721E-10 -0.46039558E-10 -0.12371222E-05    31.99999997     -864.66605001
   14490   28.98000000 -0.59774756E-10 -0.53902921E-10 -0.56810454E-06    31.99999997     -864.66605001
   14500   29.00000000 -0.66622410E-10 -0.60226272E-10  0.98805519E-07    31.99999997     -864.66605000
   14510   29.02000000 -0.71911875E-10 -0.65983230E-10  0.75003178E-06    31.99999997     -864.66605000
   14520   29.04000000 -0.75629313E-10 -0.70397278E-10  0.13721905E-05    31.99999997     -864.66604999
   14530   29.06000000 -0.78299380E-10 -0.73199189E-10  0.19524464E-05    31.99999997     -864.66604999
   14540   29.08000000 -0.78849511E-10 -0.74690669E-10  0.24788600E-05    31.99999997     -864.66604998
   14550   29.10000000 -0.77474963E-10 -0.74225573E-10  0.29407047E-05    31.99999997     -864.66604998
   14560   29.12000000 -0.74844356E-10 -0.72274641E-10  0.33287482E-05    31.99999997     -864.66604998
   14570   29.14000000 -0.71654345E-10 -0.69183217E-10  0.36354788E-05    31.99999997     -864.66604998
   14580   29.16000000 -0.66180523E-10 -0.65240326E-10  0.38552672E-05    31.99999997     -864.66604998
   14590   29.18000000 -0.60545302E-10 -0.61074757E-10  0.39844656E-05    31.99999997     -864.66604997
   14600   29.20000000 -0.54053386E-10 -0.56028822E-10  0.40214382E-05    31.99999997     -864.66604997
   14610   29.22000000 -0.46598390E-10 -0.50787122E-10  0.39665277E-05    31.99999997     -864.66604997
   14620   29.24000000 -0.39573326E-10 -0.44581751E-10  0.38219697E-05    31.99999997     -864.66604997
   14630   29.26000000 -0.32347462E-10 -0.37439315E-10  0.35917650E-05    31.99999997     -864.66604997
   14640   29.28000000 -0.25310892E-10 -0.30713644E-10  0.32815122E-05    31.99999997     -864.66604997
   14650   29.30000000 -0.18289840E-10 -0.23119246E-10  0.28982327E-05    31.99999997     -864.66604997
   14660   29.32000000 -0.11495778E-10 -0.16365668E-10  0.24501729E-05    31.99999997     -864.66604997
   14670   29.34000000 -0.46205927E-11 -0.81234404E-11  0.19466162E-05    31.99999997     -864.66604996
   14680   29.36000000  0.21441946E-11 -0.10999203E-11  0.13976907E-05    31.99999997     -864.66604996
   14690   29.38000000  0.93672775E-11  0.63017959E-11  0.81419133E-06    31.99999997     -864.66604996
   14700   29.40000000  0.15615871E-10  0.12763510E-10  0.20740385E-06    31.99999997     -864.66604995
   14710   29.42000000  0.21489625E-10  0.19065874E-10 -0.41105794E-06    31.99999997     -864.66604995
   14720   29.44000000  0.25767961E-10  0.25172025E-10 -0.10294170E-05    31.99999997     -864.66604994
   14730   29.46000000  0.30259760E-10  0.31004919E-10 -0.16358894E-05    31.99999997     -864.66604994
   14740   29.48000000  0.32496620E-10  0.34982406E-10 -0.22188435E-05    31.99999997     -864.66604994
   14750   29.50000000  0.34560606E-10  0.38876428E-10 -0.27669512E-05    31.99999997     -864.66604994
   14760   29.52000000  0.35145082E-10  0.40053607E-10 -0.32693429E-05    31.99999997     -864.66604993
   14770   29.54000000  0.35288077E-10  0.40643118E-10 -0.37157481E-05    31.99999997     -864.66604993
   14780   29.56000000  0.33996828E-10  0.38019886E-10 -0.40966385E-05    31.99999997     -864.66604993
   14790   29.58000000  0.32015937E-10  0.35382886E-10 -0.44033482E-05    31.99999997     -864.66604993
   14800   29.60000000  0.28686401E-10  0.30749190E-10 -0.46281903E-05    31.99999997     -864.66604993
   14810   29.62000000  0.24571445E-10  0.25932885E-10 -0.47645535E-05    31.99999997     -864.66604993
   14820   29.64000000  0.20005059E-10  0.20878885E-10 -0.48069932E-05    31.99999997     -864.66604993
   14830   29.66000000  0.14569799E-10  0.15209053E-10 -0.47513070E-05    31.99999997     -864.66604993
   14840   29.68000000  0.87044387E-11  0.90665157E-11 -0.45946070E-05    31.99999997     -864.66604993
   14850   29.70000000  0.27534245E-11  0.26190259E-11 -0.43353878E-05    31.99999997     -864.66604992
   14860   29.72000000 -0.36822961E-11 -0.45792948E-11 -0.39735916E-05    31.99999997     -864.66604992
   14870   29.74000000 -0.10405570E-10 -0.11305417E-10 -0.35106711E-05    31.99999997     -864.66604992
   14880   29.76000000 -0.16867953E-10 -0.18276019E-10 -0.29496470E-05    31.99999997     -864.66604992
   14890   29.78000000 -0.23176976E-10 -0.25316029E-10 -0.22951514E-05    31.99999997     -864.66604992
   14900   29.80000000 -0.28469360E-10 -0.31911917E-10 -0.15534612E-05    31.99999997     -864.66604992
   14910   29.82000000 -0.33650194E-10 -0.37809176E-10 -0.73249790E-06    31.99999997     -864.66604992
   14920   29.84000000 -0.38860150E-10 -0.43641915E-10  0.15820010E-06    31.99999997     -864.66604992
   14930   29.86000000 -0.42843633E-10 -0.47458059E-10  0.11075497E-05    31.99999997     -864.66604992
   14940   29.88000000 -0.46187614E-10 -0.50644578E-10  0.21030355E-05    31.99999997     -864.66604992
   14950   29.90000000 -0.48933463E-10 -0.52761786E-10  0.31308716E-05    31.99999997     -864.66604992
   14960   29.92000000 -0.50271713E-10 -0.52438714E-10  0.41762030E-05    31.99999997     -864.66604992
   14970   29.94000000 -0.51168409E-10 -0.51886057E-10  0.52233452E-05    31.99999997     -864.66604992
   14980   29.96000000 -0.50965742E-10 -0.49516871E-10  0.62560542E-05    31.99999997     -864.66604992
   14990   29.98000000 -0.49242209E-10 -0.46722184E-10  0.72578132E-05    31.99999997     -864.66604992
 projection: already converged, E_kin(new)-E_kin(old)=  0.000000000000000E+000
   15000   30.00000000 -0.47531232E-10 -0.43263992E-10  0.82121268E-05    31.99999997     -864.66604992
=== application breakdown [s] ===
total calculation time,1356.57406688
rt calculation                         min         max     average   std. dev.  difference    relative
rt initialization              0.19789E-04 0.37670E-04 0.21994E-04 0.41948E-05 0.17881E-04 0.19036E+01
reading lda data               0.13128E+01 0.13707E+01 0.13170E+01 0.13874E-01 0.57812E-01 0.10440E+01
reading rt data                0.22888E-02 0.24271E-02 0.23252E-02 0.33378E-04 0.13828E-03 0.10604E+01
prep. time prop.               0.35119E-03 0.11489E-02 0.76461E-03 0.21631E-03 0.79775E-03 0.32716E+01
rt iterations                  0.13542E+04 0.13542E+04 0.13542E+04 0.17744E-04 0.74863E-04 0.10000E+01
after writing rt data          0.19073E-05 0.95826E+00 0.59894E-01 0.23196E+00 0.95826E+00 0.50240E+06
in rt iterations                       min         max     average   std. dev.  difference    relative
Vbox                           0.42535E+01 0.47422E+01 0.44382E+01 0.17029E+00 0.48865E+00 0.11149E+01
time propagation               0.10809E+04 0.11006E+04 0.10925E+04 0.54853E+01 0.19683E+02 0.10182E+01
calculating rho                0.60671E+02 0.80018E+02 0.68611E+02 0.53828E+01 0.19347E+02 0.13189E+01
Hartree routine                0.45558E+01 0.46888E+01 0.46263E+01 0.41038E-01 0.13302E+00 0.10292E+01
Exc_Cor routine                0.10970E+01 0.11486E+01 0.11212E+01 0.13534E-01 0.51608E-01 0.10470E+01
calculating curr               0.12916E+03 0.12917E+03 0.12917E+03 0.36336E-02 0.14337E-01 0.10001E+01
calc. projection               0.29859E+00 0.43363E+00 0.30791E+00 0.32464E-01 0.13504E+00 0.14523E+01
writing energies               0.68377E+00 0.74835E+00 0.71520E+00 0.16401E-01 0.64584E-01 0.10945E+01
calc_eigen_energy              0.51303E+02 0.51445E+02 0.51427E+02 0.32468E-01 0.14132E+00 0.10028E+01
calc_total_energy_periodic     0.65257E+00 0.79763E+00 0.71373E+00 0.48372E-01 0.14505E+00 0.12223E+01
writing info etc.              0.82514E-02 0.31684E+00 0.28658E-01 0.74414E-01 0.30859E+00 0.38398E+02
total_energy module                    min         max     average   std. dev.  difference    relative
periodic calc.                 0.14080E+00 0.19375E+00 0.16628E+00 0.22334E-01 0.52947E-01 0.13760E+01
periodic comm. coll.           0.45800E+00 0.62160E+00 0.54004E+00 0.51523E-01 0.16361E+00 0.13572E+01
eigen_energy calc.             0.14078E+02 0.14413E+02 0.14213E+02 0.11081E+00 0.33497E+00 0.10238E+01
eigen_energy comm. coll.       0.18940E+01 0.28995E+01 0.24688E+01 0.28928E+00 0.10055E+01 0.15309E+01
eigen_energy hpsi              0.29171E+02 0.29850E+02 0.29424E+02 0.17825E+00 0.67937E+00 0.10233E+01
density_matrix module                  min         max     average   std. dev.  difference    relative
density calc.                  0.40138E+02 0.41118E+02 0.40642E+02 0.26792E+00 0.97928E+00 0.10244E+01
density comm. coll.            0.19504E+02 0.39689E+02 0.27808E+02 0.54989E+01 0.20186E+02 0.20350E+01
current calc.                  0.12415E+03 0.12474E+03 0.12447E+03 0.18636E+00 0.58784E+00 0.10047E+01
current rDivided uVpsi calc.   0.70357E-03 0.19603E-02 0.11618E-02 0.32429E-03 0.12567E-02 0.27862E+01
current comm. coll.            0.43845E+01 0.49597E+01 0.46518E+01 0.18416E+00 0.57518E+00 0.11312E+01
current comm. halo.            0.74649E-03 0.17579E-02 0.95393E-03 0.23257E-03 0.10114E-02 0.23548E+01
conjugate_gradient module              min         max     average   std. dev.  difference    relative
subspace_diag module                   min         max     average   std. dev.  difference    relative
subspace_diag so module                min         max     average   std. dev.  difference    relative
force module                           min         max     average   std. dev.  difference    relative
init_ps                                min         max     average   std. dev.  difference    relative
hamiltonian module                     min         max     average   std. dev.  difference    relative
total                          0.76169E+03 0.77510E+03 0.76786E+03 0.40239E+01 0.13409E+02 0.10176E+01
update overlap (comm.)         0.26968E-02 0.46418E-02 0.33615E-02 0.65631E-03 0.19450E-02 0.17212E+01
stencil                        0.39270E+03 0.39968E+03 0.39568E+03 0.21955E+01 0.69756E+01 0.10178E+01
subtraction                    0.10964E+02 0.11162E+02 0.11055E+02 0.63005E-01 0.19778E+00 0.10180E+01
pseudo-pt                      0.35768E+03 0.36417E+03 0.36103E+03 0.20653E+01 0.64860E+01 0.10181E+01
hpsi-overlapped                        min         max     average   std. dev.  difference    relative
checkpoint/restart                     min         max     average   std. dev.  difference    relative
restart self                   0.63474E+00 0.68010E+00 0.63811E+00 0.10850E-01 0.45362E-01 0.10715E+01
restart sync                   0.68012E+00 0.68151E+00 0.68065E+00 0.41009E-03 0.13869E-02 0.10020E+01
=== performance [GFLOPS] ===
end SALMON
