##############################################################################
# SALMON: Scalable Ab-initio Light-Matter simulator for Optics and Nanoscience
#
#                             Version 2.2.1
##############################################################################
  Libxc: [enabled] 6.2.2
   theory= tddft_pulse
 
 Total time step      =       15000
 Time step[fs]        =  2.000000000000000E-003
 Energy range         =        3000
 Energy resolution[eV]=  1.000000000000000E-002
Laser frequency     = 0.10 2.00[eV]
Pulse width of laser=     21.00000000      4.35000000[fs]
Laser intensity     =  0.00000000E+00  0.60000000E+12[W/cm^2]
delay time          =      0.00000000[fs]
   use of real value orbitals =  F
 r-space parallelization: off
 ======
 MPI distribution:
   nproc_k     :          16
   nproc_ob    :           1
   nproc_rgrid :           1           1           1
 OpenMP parallelization:
   number of threads :          72
 hpsi stencil:
   enables hand-coding vectorization : F
   enables openmp parallelization    : F
 current:
   k,orbital parallelized of openmp  : T
 force:
   k,orbital parallelized of openmp  : T
 ===================pseudopotential data===================
 ik ,atom_symbol=           1 Si
 ps_format =KY              
 ps_file =./Si_rps.dat
 Zps(ik), Mlps(ik) =           4           2
 Rps(ik), NRps(ik) =   2.26767135054939              122
 Lref(ik) =           2
 nproj(ik,l) =           1           1           1
 anorm(ik,l) =  0.6193218      0.3646551      0.0000000E+00
 inorm(ik,l) =           1           1           0
 Mass(ik) =   28.0000000000000     
 flag_nlcc_element(ik) = F
 ==========================================================
 flag_nlcc =  F
 
 ============init_ps==============
 end init_ps
 Maximal rho_NLCC= 0.000000000000000E+000
 Maximal tau_NLCC= 0.000000000000000E+000
 == Ewald ==
 cutoff length in real-space in ewald =  4.00 [A]
 (buffer length in bookkeeping =  2.00 [A])
 cutoff length in G-space in ewald =  0.1870828864+102 [1/A]
 number of ion-ion pair(/atom) used for allocation of bookkeeping=    69
 ===========
   Static dipole moment(xyz) =   -0.8729526692E+02   -0.8729526689E+02   -0.8729526689E+02
 
 
  time-step  time[fs]                               Current(xyz)[a.u.]      electrons Total energy[eV] 
#----------------------------------------------------------------------
 projection: already converged, E_kin(new)-E_kin(old)=  0.000000000000000E+000
      10    0.02000000  0.12651615E-11  0.74976400E-13 -0.15459543E-11    32.00000000     -865.02692789
      20    0.04000000  0.19747938E-11 -0.84674035E-12 -0.66299425E-12    32.00000000     -865.02692789
      30    0.06000000  0.18758281E-11 -0.10063684E-11 -0.56420221E-12    32.00000000     -865.02692789
      40    0.08000000  0.32106592E-11  0.56970596E-12  0.10674290E-11    32.00000000     -865.02692789
      50    0.10000000  0.31590625E-11  0.15096972E-11  0.24660968E-11    32.00000000     -865.02692789
      60    0.12000000  0.44661176E-11  0.25505826E-11  0.40567068E-11    32.00000000     -865.02692789
      70    0.14000000  0.30221352E-11  0.32354614E-11  0.45510809E-11    32.00000000     -865.02692789
      80    0.16000000  0.32756191E-11  0.36267738E-11  0.51786840E-11    32.00000000     -865.02692789
      90    0.18000000  0.11772236E-11  0.25721417E-11  0.45176429E-11    32.00000000     -865.02692789
     100    0.20000000  0.36588173E-12  0.14986511E-11  0.38608863E-11    32.00000000     -865.02692789
     110    0.22000000 -0.92587493E-12 -0.54190056E-12  0.22280783E-11    32.00000000     -865.02692789
     120    0.24000000 -0.20795847E-11 -0.15023007E-11  0.86284685E-12    32.00000000     -865.02692789
     130    0.26000000 -0.28004150E-11 -0.22530862E-11 -0.14583945E-11    32.00000000     -865.02692789
     140    0.28000000 -0.33532782E-11 -0.32058670E-11 -0.20566948E-11    32.00000000     -865.02692789
     150    0.30000000 -0.34562599E-11 -0.26083269E-11 -0.24481761E-11    32.00000000     -865.02692789
     160    0.32000000 -0.26085978E-11 -0.26568356E-11 -0.32056663E-11    32.00000000     -865.02692789
     170    0.34000000 -0.21003007E-11 -0.12013245E-11 -0.25052617E-11    32.00000000     -865.02692789
     180    0.36000000 -0.12966593E-11 -0.26249160E-12 -0.28060747E-11    32.00000000     -865.02692789
     190    0.38000000 -0.10134192E-11  0.33561601E-12 -0.16714405E-11    32.00000000     -865.02692789
     200    0.40000000  0.45004048E-13  0.68921850E-12 -0.14988944E-11    32.00000000     -865.02692789
     210    0.42000000 -0.76253129E-13  0.55888871E-12 -0.68200637E-12    32.00000000     -865.02692789
     220    0.44000000  0.10056276E-11  0.10152192E-11 -0.42645123E-12    32.00000000     -865.02692789
     230    0.46000000  0.99842197E-12  0.11455205E-11 -0.78786494E-12    32.00000000     -865.02692789
     240    0.48000000  0.12994054E-11  0.75930838E-12 -0.58336155E-12    32.00000000     -865.02692789
     250    0.50000000  0.12813034E-11  0.93917987E-12 -0.12529237E-11    32.00000000     -865.02692789
     260    0.52000000  0.10410083E-11  0.44899335E-12 -0.97595606E-12    32.00000000     -865.02692789
     270    0.54000000  0.48838969E-12  0.66795579E-12 -0.11877396E-11    32.00000000     -865.02692789
     280    0.56000000  0.41731642E-12  0.10333472E-11 -0.89679984E-12    32.00000000     -865.02692789
     290    0.58000000 -0.54899676E-13  0.11375933E-11 -0.54623246E-12    32.00000000     -865.02692789
     300    0.60000000 -0.75397849E-13  0.96934434E-12 -0.18683487E-12    32.00000000     -865.02692789
     310    0.62000000 -0.76458135E-13  0.40538593E-12  0.76893630E-12    32.00000000     -865.02692789
     320    0.64000000 -0.20372502E-12  0.15486482E-13  0.18814188E-11    32.00000000     -865.02692789
     330    0.66000000 -0.22661078E-12 -0.33186545E-12  0.18807245E-11    32.00000000     -865.02692789
     340    0.68000000  0.59180490E-12 -0.16307612E-11  0.23032264E-11    32.00000000     -865.02692789
     350    0.70000000  0.86974364E-12 -0.11516828E-11  0.23203201E-11    32.00000000     -865.02692789
     360    0.72000000  0.13406918E-11 -0.30052807E-11  0.22398697E-11    32.00000000     -865.02692789
     370    0.74000000  0.10613415E-11 -0.26387022E-11  0.17176181E-11    32.00000000     -865.02692789
     380    0.76000000  0.13303127E-11 -0.32633868E-11  0.10270114E-11    32.00000000     -865.02692789
     390    0.78000000  0.46708422E-12 -0.26114415E-11  0.78595469E-12    32.00000000     -865.02692789
     400    0.80000000  0.18839741E-12 -0.18834908E-11 -0.28544413E-12    32.00000000     -865.02692789
     410    0.82000000 -0.80664819E-12 -0.13658457E-11  0.16483485E-12    32.00000000     -865.02692789
     420    0.84000000 -0.13865918E-11  0.90298294E-13 -0.41298317E-12    32.00000000     -865.02692789
     430    0.86000000 -0.24109098E-11  0.69990872E-12 -0.11675361E-11    32.00000000     -865.02692789
     440    0.88000000 -0.22427528E-11  0.16748051E-11 -0.34785109E-12    32.00000000     -865.02692789
     450    0.90000000 -0.22450383E-11  0.24745758E-11  0.39581496E-13    32.00000000     -865.02692789
     460    0.92000000 -0.23785351E-11  0.28329399E-11  0.10353168E-12    32.00000000     -865.02692789
     470    0.94000000 -0.17220017E-11  0.25909756E-11 -0.22426179E-12    32.00000000     -865.02692789
     480    0.96000000 -0.16663063E-11  0.30112471E-11 -0.19930547E-12    32.00000000     -865.02692789
     490    0.98000000 -0.36353089E-12  0.21369614E-11 -0.78564744E-12    32.00000000     -865.02692789
     500    1.00000000  0.79830844E-12  0.29725616E-11 -0.38302971E-12    32.00000000     -865.02692789
     510    1.02000000  0.20010316E-11  0.21008558E-11 -0.10262058E-11    32.00000000     -865.02692789
     520    1.04000000  0.25072511E-11  0.17463340E-11 -0.17947435E-11    32.00000000     -865.02692789
     530    1.06000000  0.33864349E-11  0.47904311E-12 -0.10276954E-11    32.00000000     -865.02692789
     540    1.08000000  0.28916630E-11  0.10018420E-12 -0.55568772E-12    32.00000000     -865.02692789
     550    1.10000000  0.23843696E-11 -0.11572347E-11  0.50736361E-13    32.00000000     -865.02692789
     560    1.12000000  0.18136971E-11 -0.18391704E-11  0.89329346E-13    32.00000000     -865.02692789
     570    1.14000000  0.79383286E-12 -0.18041211E-11  0.57898307E-12    32.00000000     -865.02692789
     580    1.16000000  0.97701814E-14 -0.20426833E-11  0.12973909E-11    32.00000000     -865.02692789
     590    1.18000000 -0.31318147E-12 -0.20727050E-11  0.57556785E-12    32.00000000     -865.02692789
     600    1.20000000 -0.64314752E-12 -0.27212796E-11  0.28660818E-12    32.00000000     -865.02692789
     610    1.22000000 -0.87000923E-12 -0.28311426E-11 -0.11652745E-11    32.00000000     -865.02692789
     620    1.24000000 -0.11578913E-11 -0.14729147E-11 -0.53496954E-12    32.00000000     -865.02692789
     630    1.26000000 -0.11265829E-11 -0.24946172E-11 -0.61502441E-12    32.00000000     -865.02692789
     640    1.28000000 -0.14088540E-11 -0.97743167E-12 -0.33071946E-12    32.00000000     -865.02692789
     650    1.30000000 -0.11853825E-11 -0.14127542E-11  0.22249174E-12    32.00000000     -865.02692789
     660    1.32000000 -0.15283042E-11 -0.10264337E-11  0.43570305E-12    32.00000000     -865.02692789
     670    1.34000000 -0.20268181E-11 -0.78967121E-12 -0.14495812E-12    32.00000000     -865.02692789
     680    1.36000000 -0.16933048E-11 -0.48432014E-12  0.14377125E-12    32.00000000     -865.02692789
     690    1.38000000 -0.15895876E-11  0.84506337E-12 -0.19967512E-12    32.00000000     -865.02692789
     700    1.40000000 -0.10623204E-11  0.13776900E-11 -0.23146389E-12    32.00000000     -865.02692789
     710    1.42000000 -0.45639484E-12  0.26175409E-11  0.11972306E-11    32.00000000     -865.02692789
     720    1.44000000 -0.28795093E-12  0.31735995E-11  0.12686368E-11    32.00000000     -865.02692789
     730    1.46000000  0.48829265E-12  0.36353332E-11  0.11534832E-11    32.00000000     -865.02692789
     740    1.48000000  0.12933009E-11  0.40615095E-11  0.14125023E-11    32.00000000     -865.02692789
     750    1.50000000  0.13729864E-11  0.39529425E-11  0.44352902E-12    32.00000000     -865.02692789
     760    1.52000000  0.18313661E-11  0.38632851E-11  0.34381305E-12    32.00000000     -865.02692789
     770    1.54000000  0.23448221E-11  0.25162553E-11  0.12026434E-12    32.00000000     -865.02692789
     780    1.56000000  0.24840017E-11  0.16520997E-11 -0.24470860E-13    32.00000000     -865.02692789
     790    1.58000000  0.22823640E-11  0.12774338E-11 -0.35950959E-12    32.00000000     -865.02692789
     800    1.60000000  0.21285817E-11  0.42438257E-12 -0.12746477E-12    32.00000000     -865.02692789
     810    1.62000000  0.18402973E-11 -0.15687145E-12 -0.22862522E-12    32.00000000     -865.02692789
     820    1.64000000  0.18339106E-11 -0.15230066E-11 -0.26547882E-12    32.00000000     -865.02692789
     830    1.66000000  0.10657075E-11 -0.28695549E-11 -0.62035718E-12    32.00000000     -865.02692789
     840    1.68000000  0.41771989E-12 -0.33638150E-11 -0.12018146E-12    32.00000000     -865.02692789
     850    1.70000000 -0.87278914E-12 -0.54051755E-11 -0.79997400E-12    32.00000000     -865.02692789
     860    1.72000000 -0.12440281E-11 -0.53119159E-11 -0.37507727E-12    32.00000000     -865.02692789
     870    1.74000000 -0.18733277E-11 -0.65345750E-11 -0.90973650E-12    32.00000000     -865.02692789
     880    1.76000000 -0.21519275E-11 -0.55671571E-11 -0.14234018E-11    32.00000000     -865.02692789
     890    1.78000000 -0.23763034E-11 -0.41071154E-11 -0.61737897E-12    32.00000000     -865.02692789
     900    1.80000000 -0.26786501E-11 -0.26930104E-11 -0.13555878E-11    32.00000000     -865.02692789
     910    1.82000000 -0.21210531E-11 -0.59638766E-12 -0.93087964E-12    32.00000000     -865.02692789
     920    1.84000000 -0.16020797E-11  0.41845251E-12 -0.15554040E-11    32.00000000     -865.02692789
     930    1.86000000 -0.60474820E-12  0.22373893E-11 -0.30580394E-12    32.00000000     -865.02692789
     940    1.88000000 -0.79217719E-12  0.36913445E-11 -0.73561218E-12    32.00000000     -865.02692789
     950    1.90000000 -0.24908936E-12  0.41178167E-11  0.53779067E-12    32.00000000     -865.02692789
     960    1.92000000  0.58512373E-12  0.46327379E-11 -0.39766888E-13    32.00000000     -865.02692789
     970    1.94000000  0.11987719E-12  0.36373126E-11  0.20988550E-12    32.00000000     -865.02692789
     980    1.96000000  0.67308938E-12  0.39816674E-11  0.60553051E-12    32.00000000     -865.02692789
     990    1.98000000  0.18750461E-12  0.32751917E-11  0.41714672E-12    32.00000000     -865.02692789
    1000    2.00000000 -0.45254179E-12  0.34417311E-11  0.83650802E-12    32.00000000     -865.02692789
    1010    2.02000000 -0.60305918E-12  0.22057591E-11  0.85062890E-12    32.00000000     -865.02692789
    1020    2.04000000 -0.77392292E-12  0.25764175E-11  0.18370680E-11    32.00000000     -865.02692789
    1030    2.06000000 -0.64651899E-12  0.14348896E-11  0.21481003E-11    32.00000000     -865.02692789
    1040    2.08000000 -0.87489804E-12  0.15314067E-11  0.24225884E-11    32.00000000     -865.02692789
    1050    2.10000000  0.42715160E-13 -0.41842366E-12  0.23894467E-11    32.00000000     -865.02692789
    1060    2.12000000  0.11520932E-11 -0.48573257E-12  0.23030363E-11    32.00000000     -865.02692789
    1070    2.14000000  0.21507757E-11 -0.18777993E-11  0.15095037E-11    32.00000000     -865.02692789
    1080    2.16000000  0.30583642E-11 -0.21364111E-11  0.10822753E-11    32.00000000     -865.02692789
    1090    2.18000000  0.33256663E-11 -0.38710346E-11  0.47669555E-12    32.00000000     -865.02692789
    1100    2.20000000  0.33281609E-11 -0.45524915E-11 -0.32933901E-12    32.00000000     -865.02692789
    1110    2.22000000  0.35170075E-11 -0.49736793E-11 -0.76997360E-12    32.00000000     -865.02692789
    1120    2.24000000  0.32424540E-11 -0.42713488E-11 -0.11305928E-11    32.00000000     -865.02692789
    1130    2.26000000  0.31572376E-11 -0.40496148E-11 -0.11346452E-11    32.00000000     -865.02692789
    1140    2.28000000  0.14091441E-11 -0.33641901E-11 -0.17149266E-11    32.00000000     -865.02692789
    1150    2.30000000 -0.51466799E-13 -0.29670223E-11 -0.14890845E-11    32.00000000     -865.02692789
    1160    2.32000000 -0.12627817E-11 -0.54784138E-12 -0.18760102E-11    32.00000000     -865.02692789
    1170    2.34000000 -0.18685549E-11  0.41159801E-12 -0.17369825E-11    32.00000000     -865.02692789
    1180    2.36000000 -0.31756544E-11  0.15141109E-11 -0.22693986E-11    32.00000000     -865.02692789
    1190    2.38000000 -0.34041655E-11  0.18502984E-11 -0.26619162E-11    32.00000000     -865.02692789
    1200    2.40000000 -0.44198788E-11  0.27668924E-11 -0.29749984E-11    32.00000000     -865.02692789
    1210    2.42000000 -0.44771307E-11  0.32996499E-11 -0.29947058E-11    32.00000000     -865.02692789
    1220    2.44000000 -0.47570464E-11  0.40814764E-11 -0.28525695E-11    32.00000000     -865.02692789
    1230    2.46000000 -0.44856621E-11  0.34691775E-11 -0.22155935E-11    32.00000000     -865.02692789
    1240    2.48000000 -0.42618733E-11  0.38088420E-11 -0.11515641E-11    32.00000000     -865.02692789
    1250    2.50000000 -0.29854567E-11  0.39005078E-11  0.27840993E-13    32.00000000     -865.02692789
    1260    2.52000000 -0.10531409E-11  0.35174956E-11  0.19207859E-11    32.00000000     -865.02692789
    1270    2.54000000 -0.24571176E-12  0.25730964E-11  0.26397263E-11    32.00000000     -865.02692789
    1280    2.56000000  0.22006150E-11  0.62919905E-12  0.38112585E-11    32.00000000     -865.02692789
    1290    2.58000000  0.24472481E-11 -0.64043339E-13  0.43752358E-11    32.00000000     -865.02692789
    1300    2.60000000  0.38782622E-11 -0.17802091E-11  0.50882281E-11    32.00000000     -865.02692789
    1310    2.62000000  0.36392109E-11 -0.20343688E-11  0.47271711E-11    32.00000000     -865.02692789
    1320    2.64000000  0.38581822E-11 -0.31090359E-11  0.46114231E-11    32.00000000     -865.02692789
    1330    2.66000000  0.32582283E-11 -0.32679218E-11  0.36367973E-11    32.00000000     -865.02692789
    1340    2.68000000  0.29501598E-11 -0.32269944E-11  0.27500152E-11    32.00000000     -865.02692789
    1350    2.70000000  0.26402341E-11 -0.19678187E-11  0.10155917E-11    32.00000000     -865.02692789
    1360    2.72000000  0.29551638E-11 -0.20866736E-11  0.63810519E-12    32.00000000     -865.02692789
    1370    2.74000000  0.28047159E-11 -0.11554637E-11 -0.16338135E-11    32.00000000     -865.02692789
    1380    2.76000000  0.30248327E-11 -0.10095762E-11 -0.15456043E-11    32.00000000     -865.02692789
    1390    2.78000000  0.22333608E-11 -0.44269969E-12 -0.38679649E-11    32.00000000     -865.02692789
    1400    2.80000000  0.18951883E-11  0.73503455E-13 -0.34429026E-11    32.00000000     -865.02692789
    1410    2.82000000  0.64455870E-12 -0.51071606E-12 -0.37031321E-11    32.00000000     -865.02692789
    1420    2.84000000 -0.15316967E-12 -0.68103551E-12 -0.38200757E-11    32.00000000     -865.02692789
    1430    2.86000000 -0.83413890E-12 -0.64134036E-12 -0.31961055E-11    32.00000000     -865.02692789
    1440    2.88000000 -0.24133773E-11 -0.28044433E-12 -0.31296901E-11    32.00000000     -865.02692789
    1450    2.90000000 -0.29640379E-11  0.37508318E-12 -0.29263949E-11    32.00000000     -865.02692789
    1460    2.92000000 -0.40014917E-11  0.45349228E-12 -0.26577821E-11    32.00000000     -865.02692789
    1470    2.94000000 -0.45608055E-11  0.18176895E-11 -0.20310353E-11    32.00000000     -865.02692789
    1480    2.96000000 -0.47225333E-11  0.25000536E-11 -0.17560435E-11    32.00000000     -865.02692789
    1490    2.98000000 -0.52119227E-11  0.33372325E-11 -0.10865115E-11    32.00000000     -865.02692789
    1500    3.00000000 -0.46171404E-11  0.28918922E-11 -0.64703585E-13    32.00000000     -865.02692789
    1510    3.02000000 -0.40799180E-11  0.32145647E-11  0.15279861E-11    32.00000000     -865.02692789
    1520    3.04000000 -0.26400724E-11  0.23151316E-11  0.23099405E-11    32.00000000     -865.02692789
    1530    3.06000000 -0.12083586E-11  0.15193837E-11  0.30812327E-11    32.00000000     -865.02692789
    1540    3.08000000 -0.21797139E-12  0.61994318E-12  0.36982191E-11    32.00000000     -865.02692789
    1550    3.10000000  0.57866857E-12 -0.72004411E-12  0.41800053E-11    32.00000000     -865.02692789
    1560    3.12000000  0.16092963E-11 -0.14487496E-11  0.39905706E-11    32.00000000     -865.02692789
    1570    3.14000000  0.25556695E-11 -0.28035962E-11  0.26749298E-11    32.00000000     -865.02692789
    1580    3.16000000  0.30031636E-11 -0.23976106E-11  0.20210395E-11    32.00000000     -865.02692789
    1590    3.18000000  0.31906659E-11 -0.35280413E-11  0.11943437E-11    32.00000000     -865.02692789
    1600    3.20000000  0.38135252E-11 -0.32961854E-11  0.13062296E-11    32.00000000     -865.02692789
    1610    3.22000000  0.31397514E-11 -0.33519716E-11  0.34101774E-12    32.00000000     -865.02692789
    1620    3.24000000  0.36145670E-11 -0.26857960E-11  0.34073312E-12    32.00000000     -865.02692789
    1630    3.26000000  0.32240525E-11 -0.22810387E-11  0.70158607E-13    32.00000000     -865.02692789
    1640    3.28000000  0.34981092E-11 -0.55769543E-12 -0.11104312E-12    32.00000000     -865.02692789
    1650    3.30000000  0.27603158E-11 -0.60805392E-13 -0.63343220E-12    32.00000000     -865.02692789
    1660    3.32000000  0.23219130E-11  0.18389620E-11 -0.20313085E-11    32.00000000     -865.02692789
    1670    3.34000000  0.15615449E-11  0.26239466E-11 -0.20312987E-11    32.00000000     -865.02692789
    1680    3.36000000  0.11498973E-11  0.38253494E-11 -0.29279795E-11    32.00000000     -865.02692789
    1690    3.38000000  0.38663926E-13  0.31299532E-11 -0.23466116E-11    32.00000000     -865.02692789
    1700    3.40000000 -0.83711281E-12  0.36132489E-11 -0.28157775E-11    32.00000000     -865.02692789
    1710    3.42000000 -0.13879309E-11  0.24910949E-11 -0.18618287E-11    32.00000000     -865.02692789
    1720    3.44000000 -0.14582158E-11  0.17625784E-11 -0.14024755E-11    32.00000000     -865.02692789
    1730    3.46000000 -0.19334726E-11  0.40080282E-12 -0.10170509E-12    32.00000000     -865.02692789
    1740    3.48000000 -0.26863919E-11 -0.25668153E-12 -0.14626075E-12    32.00000000     -865.02692789
    1750    3.50000000 -0.32808446E-11 -0.85837480E-12  0.11147118E-11    32.00000000     -865.02692789
    1760    3.52000000 -0.36346948E-11 -0.81857889E-12  0.89883504E-12    32.00000000     -865.02692789
    1770    3.54000000 -0.39214905E-11 -0.15657083E-11  0.13039780E-11    32.00000000     -865.02692789
    1780    3.56000000 -0.38816721E-11 -0.15520669E-11  0.51607012E-12    32.00000000     -865.02692789
    1790    3.58000000 -0.43465545E-11 -0.21338630E-11  0.26627504E-12    32.00000000     -865.02692789
    1800    3.60000000 -0.35631749E-11 -0.18685452E-11 -0.55653840E-12    32.00000000     -865.02692789
    1810    3.62000000 -0.37364918E-11 -0.17747479E-11 -0.15933168E-12    32.00000000     -865.02692789
    1820    3.64000000 -0.17629372E-11 -0.17943053E-11 -0.80455906E-12    32.00000000     -865.02692789
    1830    3.66000000 -0.12969113E-11 -0.12745760E-11 -0.82794654E-12    32.00000000     -865.02692789
    1840    3.68000000  0.35562249E-12 -0.59984751E-12 -0.78994850E-12    32.00000000     -865.02692789
    1850    3.70000000  0.10159489E-11 -0.27850584E-12 -0.19797287E-12    32.00000000     -865.02692789
    1860    3.72000000  0.28041861E-11  0.36101312E-12  0.39926803E-12    32.00000000     -865.02692789
    1870    3.74000000  0.30335968E-11  0.65117786E-12  0.60512531E-12    32.00000000     -865.02692789
    1880    3.76000000  0.38866531E-11  0.11075136E-11  0.85678901E-12    32.00000000     -865.02692789
    1890    3.78000000  0.43337138E-11  0.78419127E-12  0.10112249E-11    32.00000000     -865.02692789
    1900    3.80000000  0.43128418E-11  0.10084708E-11  0.19667628E-11    32.00000000     -865.02692789
    1910    3.82000000  0.43522475E-11  0.11402241E-11  0.16497103E-11    32.00000000     -865.02692789
    1920    3.84000000  0.46075471E-11  0.14010535E-11  0.20346375E-11    32.00000000     -865.02692789
    1930    3.86000000  0.41856938E-11  0.17034315E-11  0.16849957E-11    32.00000000     -865.02692789
    1940    3.88000000  0.41039823E-11  0.20489691E-11  0.16754494E-11    32.00000000     -865.02692789
    1950    3.90000000  0.31830418E-11  0.23463930E-11  0.17354484E-11    32.00000000     -865.02692789
    1960    3.92000000  0.30652256E-11  0.18186091E-11  0.42039102E-12    32.00000000     -865.02692789
    1970    3.94000000  0.16468627E-11  0.16470069E-11  0.47714269E-12    32.00000000     -865.02692789
    1980    3.96000000  0.10344021E-11  0.31797534E-12 -0.51275047E-12    32.00000000     -865.02692789
    1990    3.98000000 -0.90141945E-12  0.59072470E-13 -0.75746410E-12    32.00000000     -865.02692789
    2000    4.00000000 -0.17766543E-11 -0.10407597E-11 -0.14049526E-11    32.00000000     -865.02692789
    2010    4.02000000 -0.41127586E-11 -0.21080261E-11 -0.22524751E-11    32.00000000     -865.02692789
    2020    4.04000000 -0.49555274E-11 -0.28581986E-11 -0.25226358E-11    32.00000000     -865.02692789
    2030    4.06000000 -0.63469910E-11 -0.34081368E-11 -0.23181956E-11    32.00000000     -865.02692789
    2040    4.08000000 -0.65623625E-11 -0.33206384E-11 -0.25853248E-11    32.00000000     -865.02692789
    2050    4.10000000 -0.66342405E-11 -0.30858100E-11 -0.26127043E-11    32.00000000     -865.02692789
    2060    4.12000000 -0.60892678E-11 -0.30143951E-11 -0.23840078E-11    32.00000000     -865.02692789
    2070    4.14000000 -0.52720344E-11 -0.17498912E-11 -0.13794624E-11    32.00000000     -865.02692789
    2080    4.16000000 -0.43512836E-11 -0.23921753E-12 -0.68349661E-12    32.00000000     -865.02692789
    2090    4.18000000 -0.27116618E-11  0.51933089E-12 -0.99074356E-13    32.00000000     -865.02692789
    2100    4.20000000 -0.12160116E-11  0.16463520E-11  0.71875176E-12    32.00000000     -865.02692789
    2110    4.22000000  0.69593649E-12  0.25148233E-11  0.35336154E-12    32.00000000     -865.02692789
    2120    4.24000000  0.17225000E-11  0.32028760E-11  0.18940787E-11    32.00000000     -865.02692789
    2130    4.26000000  0.32712345E-11  0.30837801E-11  0.16672322E-11    32.00000000     -865.02692789
    2140    4.28000000  0.40928960E-11  0.36797772E-11  0.19565010E-11    32.00000000     -865.02692789
    2150    4.30000000  0.52473429E-11  0.20479651E-11  0.23137070E-11    32.00000000     -865.02692789
    2160    4.32000000  0.55977450E-11  0.20188793E-11  0.17196673E-11    32.00000000     -865.02692789
    2170    4.34000000  0.54596061E-11  0.22310387E-12  0.17290557E-11    32.00000000     -865.02692789
    2180    4.36000000  0.50033823E-11 -0.68257694E-12  0.14803065E-11    32.00000000     -865.02692789
    2190    4.38000000  0.43085455E-11 -0.14114300E-11  0.81593372E-12    32.00000000     -865.02692789
    2200    4.40000000  0.44593611E-11 -0.17996578E-11  0.88017433E-12    32.00000000     -865.02692789
    2210    4.42000000  0.33422460E-11 -0.12705244E-11  0.75555442E-12    32.00000000     -865.02692789
    2220    4.44000000  0.28498636E-11 -0.12975672E-11  0.41518060E-12    32.00000000     -865.02692789
    2230    4.46000000  0.15163418E-11 -0.97018082E-12 -0.14674323E-11    32.00000000     -865.02692789
    2240    4.48000000  0.39865616E-12 -0.74873246E-12 -0.10825628E-11    32.00000000     -865.02692789
    2250    4.50000000 -0.90257039E-12 -0.88643790E-12 -0.15773639E-11    32.00000000     -865.02692789
    2260    4.52000000 -0.20499775E-11  0.91885506E-13 -0.11800928E-11    32.00000000     -865.02692789
    2270    4.54000000 -0.28974040E-11 -0.40767444E-12 -0.10019063E-11    32.00000000     -865.02692789
    2280    4.56000000 -0.29171060E-11  0.18859562E-12 -0.80800648E-12    32.00000000     -865.02692789
    2290    4.58000000 -0.36597207E-11  0.10410440E-12 -0.48405070E-12    32.00000000     -865.02692789
    2300    4.60000000 -0.37193581E-11 -0.63266309E-12  0.54006428E-12    32.00000000     -865.02692789
    2310    4.62000000 -0.40618505E-11  0.51438916E-13  0.38269642E-12    32.00000000     -865.02692789
    2320    4.64000000 -0.34013688E-11 -0.11981779E-11  0.58391323E-12    32.00000000     -865.02692789
    2330    4.66000000 -0.35577395E-11 -0.85637680E-12  0.88419414E-12    32.00000000     -865.02692789
    2340    4.68000000 -0.29891987E-11 -0.11048014E-11  0.12920831E-11    32.00000000     -865.02692789
    2350    4.70000000 -0.34414173E-11 -0.86239851E-12  0.78421379E-12    32.00000000     -865.02692789
    2360    4.72000000 -0.36942331E-11 -0.33775951E-12 -0.27567677E-12    32.00000000     -865.02692789
    2370    4.74000000 -0.25996883E-11  0.41820164E-12 -0.10542412E-11    32.00000000     -865.02692789
    2380    4.76000000 -0.19751076E-11  0.15464758E-11 -0.14589303E-11    32.00000000     -865.02692789
    2390    4.78000000 -0.79578220E-12  0.16695032E-11 -0.18091604E-11    32.00000000     -865.02692789
    2400    4.80000000 -0.29789798E-13  0.29041383E-11 -0.18408774E-11    32.00000000     -865.02692789
    2410    4.82000000  0.14975376E-11  0.31908625E-11 -0.23557973E-11    32.00000000     -865.02692789
    2420    4.84000000  0.20341635E-11  0.28188871E-11 -0.20875339E-11    32.00000000     -865.02692789
    2430    4.86000000  0.34397433E-11  0.25100206E-11 -0.23994579E-11    32.00000000     -865.02692789
    2440    4.88000000  0.43672723E-11  0.13907819E-11 -0.98257108E-12    32.00000000     -865.02692789
    2450    4.90000000  0.49123142E-11  0.50151515E-12 -0.70967384E-12    32.00000000     -865.02692789
    2460    4.92000000  0.55478567E-11 -0.78073672E-12  0.13309074E-12    32.00000000     -865.02692789
    2470    4.94000000  0.56252416E-11 -0.15007985E-11  0.14614694E-11    32.00000000     -865.02692789
    2480    4.96000000  0.53210614E-11 -0.23489909E-11  0.23069484E-11    32.00000000     -865.02692789
    2490    4.98000000  0.46516593E-11 -0.29871735E-11  0.32351107E-11    32.00000000     -865.02692789
    2500    5.00000000  0.38460578E-11 -0.32339461E-11  0.32975146E-11    32.00000000     -865.02692789
    2510    5.02000000  0.20759183E-11 -0.27908512E-11  0.37231525E-11    32.00000000     -865.02692789
    2520    5.04000000  0.11515795E-11 -0.28253493E-11  0.26280821E-11    32.00000000     -865.02692789
    2530    5.06000000 -0.21647616E-12 -0.16290026E-11  0.22380500E-11    32.00000000     -865.02692789
    2540    5.08000000 -0.10596851E-11 -0.15866270E-11  0.11410923E-11    32.00000000     -865.02692789
    2550    5.10000000 -0.30520310E-11 -0.95873493E-12 -0.29928977E-13    32.00000000     -865.02692789
    2560    5.12000000 -0.34970604E-11  0.37853029E-13 -0.44042288E-12    32.00000000     -865.02692789
    2570    5.14000000 -0.47219798E-11  0.24289954E-12 -0.34152720E-12    32.00000000     -865.02692789
    2580    5.16000000 -0.45013328E-11  0.12178695E-11 -0.64805183E-12    32.00000000     -865.02692789
    2590    5.18000000 -0.44817665E-11  0.81278606E-12 -0.40931200E-12    32.00000000     -865.02692789
    2600    5.20000000 -0.47753952E-11  0.22612309E-11 -0.86590345E-12    32.00000000     -865.02692789
    2610    5.22000000 -0.50147050E-11  0.21229935E-11 -0.66047372E-12    32.00000000     -865.02692789
    2620    5.24000000 -0.50777670E-11  0.22303313E-11 -0.12518053E-11    32.00000000     -865.02692789
    2630    5.26000000 -0.43024548E-11  0.17479386E-11 -0.20887741E-11    32.00000000     -865.02692789
    2640    5.28000000 -0.36286504E-11  0.22240251E-11 -0.17303267E-11    32.00000000     -865.02692789
    2650    5.30000000 -0.21742043E-11  0.19252967E-11 -0.21540761E-11    32.00000000     -865.02692789
    2660    5.32000000 -0.14191137E-11  0.21305253E-11 -0.16627861E-11    32.00000000     -865.02692789
    2670    5.34000000  0.95883305E-12  0.14624812E-11 -0.18730741E-11    32.00000000     -865.02692789
    2680    5.36000000  0.28119269E-11  0.13909158E-11 -0.16164396E-11    32.00000000     -865.02692789
    2690    5.38000000  0.44128570E-11  0.18693523E-12 -0.10235023E-11    32.00000000     -865.02692789
    2700    5.40000000  0.51610357E-11  0.14920966E-12 -0.88689466E-12    32.00000000     -865.02692789
    2710    5.42000000  0.59118311E-11 -0.11475581E-11  0.63688289E-13    32.00000000     -865.02692789
    2720    5.44000000  0.56113943E-11 -0.10950508E-11 -0.21972406E-12    32.00000000     -865.02692789
    2730    5.46000000  0.51256492E-11 -0.17787813E-11  0.37675894E-12    32.00000000     -865.02692789
    2740    5.48000000  0.41487235E-11 -0.21215630E-11  0.68393873E-12    32.00000000     -865.02692789
    2750    5.50000000  0.30672387E-11 -0.25986337E-11  0.60096399E-12    32.00000000     -865.02692789
    2760    5.52000000  0.20614251E-11 -0.30081071E-11  0.12139336E-11    32.00000000     -865.02692789
    2770    5.54000000  0.13086674E-11 -0.34742440E-11  0.90792070E-12    32.00000000     -865.02692789
    2780    5.56000000  0.15833956E-12 -0.33578328E-11  0.15535323E-11    32.00000000     -865.02692789
    2790    5.58000000 -0.43511462E-12 -0.43202461E-11  0.19865392E-11    32.00000000     -865.02692789
    2800    5.60000000 -0.17567320E-11 -0.26501891E-11  0.15783529E-11    32.00000000     -865.02692789
    2810    5.62000000 -0.18776647E-11 -0.24298636E-11  0.15952722E-11    32.00000000     -865.02692789
    2820    5.64000000 -0.24390495E-11 -0.11658775E-12  0.16841559E-11    32.00000000     -865.02692789
    2830    5.66000000 -0.25002768E-11  0.84817111E-12  0.18521275E-11    32.00000000     -865.02692789
    2840    5.68000000 -0.21360185E-11  0.27605598E-11  0.11594872E-11    32.00000000     -865.02692789
    2850    5.70000000 -0.24922593E-11  0.44742257E-11  0.13000437E-11    32.00000000     -865.02692789
    2860    5.72000000 -0.18549708E-11  0.53231706E-11  0.69584670E-12    32.00000000     -865.02692789
    2870    5.74000000 -0.20650209E-11  0.65270266E-11  0.10444661E-11    32.00000000     -865.02692789
    2880    5.76000000 -0.16673410E-11  0.55649281E-11  0.13656257E-11    32.00000000     -865.02692789
    2890    5.78000000 -0.17868887E-11  0.47975504E-11  0.60508842E-12    32.00000000     -865.02692789
    2900    5.80000000 -0.15781249E-11  0.26967345E-11 -0.17625142E-12    32.00000000     -865.02692789
    2910    5.82000000 -0.22493942E-11  0.69545080E-12 -0.12190148E-11    32.00000000     -865.02692789
    2920    5.84000000 -0.17707427E-11 -0.82455586E-12 -0.19702384E-11    32.00000000     -865.02692789
    2930    5.86000000 -0.12401496E-11 -0.22298981E-11 -0.32278632E-11    32.00000000     -865.02692789
    2940    5.88000000 -0.89868538E-12 -0.20766182E-11 -0.29622679E-11    32.00000000     -865.02692789
    2950    5.90000000 -0.59531776E-13 -0.21422256E-11 -0.35565695E-11    32.00000000     -865.02692789
    2960    5.92000000  0.37932975E-12 -0.22364976E-11 -0.28499798E-11    32.00000000     -865.02692789
    2970    5.94000000  0.77098318E-12 -0.17342437E-11 -0.30947453E-11    32.00000000     -865.02692789
    2980    5.96000000  0.16893524E-11 -0.15900059E-11 -0.19756732E-11    32.00000000     -865.02692789
    2990    5.98000000  0.25440834E-11 -0.11560524E-11 -0.21411708E-11    32.00000000     -865.02692789
    3000    6.00000000  0.28886753E-11 -0.18783204E-11 -0.13962836E-11    32.00000000     -865.02692789
    3010    6.02000000  0.31338560E-11 -0.18258984E-11 -0.11744923E-11    32.00000000     -865.02692789
    3020    6.04000000  0.27318412E-11 -0.30544193E-11 -0.10518472E-11    32.00000000     -865.02692789
    3030    6.06000000  0.28433943E-11 -0.25986608E-11  0.16014704E-12    32.00000000     -865.02692789
    3040    6.08000000  0.23150108E-11 -0.25781951E-11  0.76405980E-12    32.00000000     -865.02692789
    3050    6.10000000  0.20725526E-11 -0.18525617E-11  0.26030141E-11    32.00000000     -865.02692789
    3060    6.12000000  0.16386257E-11 -0.16823985E-11  0.28364607E-11    32.00000000     -865.02692789
    3070    6.14000000  0.15464372E-11 -0.14731951E-12  0.38545371E-11    32.00000000     -865.02692789
    3080    6.16000000  0.12291233E-11  0.98526136E-12  0.42434875E-11    32.00000000     -865.02692789
    3090    6.18000000  0.48655485E-13  0.15671465E-11  0.49668095E-11    32.00000000     -865.02692789
    3100    6.20000000 -0.64658829E-12  0.23206720E-11  0.48169727E-11    32.00000000     -865.02692789
    3110    6.22000000 -0.13437955E-11  0.30337074E-11  0.39985265E-11    32.00000000     -865.02692789
    3120    6.24000000 -0.19727589E-11  0.33541122E-11  0.24501745E-11    32.00000000     -865.02692789
    3130    6.26000000 -0.29782958E-11  0.35166895E-11  0.96661331E-12    32.00000000     -865.02692789
    3140    6.28000000 -0.35855454E-11  0.32507152E-11 -0.78894938E-13    32.00000000     -865.02692789
    3150    6.30000000 -0.30737809E-11  0.28849300E-11 -0.14464512E-11    32.00000000     -865.02692789
    3160    6.32000000 -0.33080445E-11  0.24360366E-11 -0.23295163E-11    32.00000000     -865.02692789
    3170    6.34000000 -0.24487823E-11  0.19482570E-11 -0.33227515E-11    32.00000000     -865.02692789
    3180    6.36000000 -0.20525538E-11  0.19681659E-11 -0.28352460E-11    32.00000000     -865.02692789
    3190    6.38000000 -0.20902455E-11 -0.11721179E-12 -0.25882485E-11    32.00000000     -865.02692789
    3200    6.40000000 -0.86916536E-12 -0.25816067E-13 -0.21642356E-11    32.00000000     -865.02692789
    3210    6.42000000 -0.86120988E-12 -0.14753329E-11 -0.17031716E-11    32.00000000     -865.02692789
    3220    6.44000000 -0.46339182E-13 -0.19361200E-11 -0.10609750E-11    32.00000000     -865.02692789
    3230    6.46000000  0.71032920E-13 -0.30304679E-11 -0.11863836E-11    32.00000000     -865.02692789
    3240    6.48000000  0.14409092E-11 -0.40258417E-11 -0.13604011E-11    32.00000000     -865.02692789
    3250    6.50000000  0.16946998E-11 -0.43873824E-11 -0.11821546E-11    32.00000000     -865.02692789
    3260    6.52000000  0.24396399E-11 -0.42642054E-11 -0.18407567E-11    32.00000000     -865.02692789
    3270    6.54000000  0.25040434E-11 -0.34441240E-11 -0.16334978E-11    32.00000000     -865.02692789
    3280    6.56000000  0.25754584E-11 -0.18854742E-11 -0.17976590E-11    32.00000000     -865.02692789
    3290    6.58000000  0.31348843E-11 -0.19870724E-11 -0.23706190E-11    32.00000000     -865.02692789
    3300    6.60000000  0.30927194E-11  0.12414960E-12 -0.13680360E-11    32.00000000     -865.02692789
    3310    6.62000000  0.28003538E-11  0.42148071E-12 -0.13689393E-12    32.00000000     -865.02692789
    3320    6.64000000  0.20675950E-11  0.15362678E-11  0.75186810E-12    32.00000000     -865.02692789
    3330    6.66000000  0.12895862E-11  0.14694003E-11  0.19900367E-11    32.00000000     -865.02692789
    3340    6.68000000  0.57164555E-12  0.20578974E-11  0.27108760E-11    32.00000000     -865.02692789
    3350    6.70000000 -0.80262062E-12  0.15756154E-11  0.37109336E-11    32.00000000     -865.02692789
    3360    6.72000000 -0.15014058E-11  0.16869611E-11  0.39355886E-11    32.00000000     -865.02692789
    3370    6.74000000 -0.23806560E-11  0.17968145E-11  0.45872885E-11    32.00000000     -865.02692789
    3380    6.76000000 -0.29221390E-11  0.10945869E-11  0.35164204E-11    32.00000000     -865.02692789
    3390    6.78000000 -0.32253729E-11  0.14570223E-11  0.38089386E-11    32.00000000     -865.02692789
    3400    6.80000000 -0.34259556E-11  0.18828991E-11  0.25716341E-11    32.00000000     -865.02692789
    3410    6.82000000 -0.28151032E-11  0.25205668E-11  0.20955725E-11    32.00000000     -865.02692789
    3420    6.84000000 -0.18014283E-11  0.28957047E-11  0.81285395E-12    32.00000000     -865.02692789
    3430    6.86000000 -0.96465427E-12  0.27945325E-11 -0.11053166E-12    32.00000000     -865.02692789
    3440    6.88000000  0.31537216E-12  0.18733895E-11 -0.12733951E-11    32.00000000     -865.02692789
    3450    6.90000000  0.92657917E-13  0.11295233E-11 -0.28539039E-11    32.00000000     -865.02692789
    3460    6.92000000  0.11600996E-11 -0.46277200E-13 -0.32351002E-11    32.00000000     -865.02692789
    3470    6.94000000  0.14496729E-11 -0.11936187E-11 -0.40364319E-11    32.00000000     -865.02692789
    3480    6.96000000  0.15052631E-11 -0.27702440E-11 -0.36599467E-11    32.00000000     -865.02692789
    3490    6.98000000  0.99943890E-12 -0.32210888E-11 -0.40034748E-11    32.00000000     -865.02692789
    3500    7.00000000  0.10649532E-11 -0.40391137E-11 -0.28972554E-11    32.00000000     -865.02692789
    3510    7.02000000  0.70743281E-12 -0.39593098E-11 -0.30786362E-11    32.00000000     -865.02692789
    3520    7.04000000  0.94059660E-12 -0.36799196E-11 -0.13315848E-11    32.00000000     -865.02692789
    3530    7.06000000  0.13611991E-12 -0.30119127E-11 -0.12742996E-11    32.00000000     -865.02692789
    3540    7.08000000  0.66921515E-12 -0.23638926E-11  0.29265584E-12    32.00000000     -865.02692789
    3550    7.10000000  0.56043095E-12 -0.12385318E-11  0.56650562E-12    32.00000000     -865.02692789
    3560    7.12000000  0.95214244E-12 -0.91214393E-12  0.12099095E-11    31.99999999     -865.02692789
    3570    7.14000000  0.55767856E-12  0.45334991E-12  0.14110102E-11    31.99999999     -865.02692789
    3580    7.16000000  0.11111431E-11  0.47624842E-12  0.14800794E-11    31.99999999     -865.02692789
    3590    7.18000000  0.34372310E-12  0.21796916E-11  0.17337012E-11    31.99999999     -865.02692789
    3600    7.20000000  0.12986633E-11  0.20114925E-11  0.11483225E-11    31.99999999     -865.02692789
    3610    7.22000000  0.31966672E-13  0.30931426E-11  0.14463638E-11    31.99999999     -865.02692789
    3620    7.24000000 -0.25547596E-12  0.31773184E-11  0.79181867E-12    31.99999999     -865.02692789
    3630    7.26000000 -0.13292362E-11  0.34232173E-11  0.13089235E-11    31.99999999     -865.02692789
    3640    7.28000000 -0.17263748E-11  0.30315264E-11  0.88677559E-12    31.99999999     -865.02692789
    3650    7.30000000 -0.23816657E-11  0.20627174E-11  0.11148192E-11    31.99999999     -865.02692789
    3660    7.32000000 -0.24629378E-11  0.12590988E-11  0.16453663E-11    31.99999999     -865.02692789
    3670    7.34000000 -0.23582732E-11  0.25180800E-13  0.16891855E-11    31.99999999     -865.02692790
    3680    7.36000000 -0.21571305E-11 -0.79635270E-12  0.23433731E-11    31.99999999     -865.02692790
    3690    7.38000000 -0.12835866E-11 -0.99100272E-12  0.10786283E-11    31.99999999     -865.02692790
    3700    7.40000000 -0.12021691E-11 -0.14742727E-11  0.91442903E-12    31.99999999     -865.02692790
    3710    7.42000000 -0.42888539E-12 -0.14730271E-11 -0.68410808E-12    31.99999999     -865.02692790
    3720    7.44000000  0.79756183E-12 -0.60319069E-12 -0.12547435E-11    31.99999999     -865.02692790
    3730    7.46000000  0.98111979E-12 -0.77710698E-12 -0.21619677E-11    31.99999999     -865.02692790
    3740    7.48000000  0.24090698E-11 -0.29659291E-12 -0.21923293E-11    31.99999999     -865.02692790
    3750    7.50000000  0.21863470E-11 -0.73256215E-12 -0.23447595E-11    31.99999999     -865.02692790
    3760    7.52000000  0.30855452E-11 -0.59035451E-12 -0.19765635E-11    31.99999999     -865.02692790
    3770    7.54000000  0.23662969E-11 -0.92814896E-12 -0.17851204E-11    31.99999999     -865.02692790
    3780    7.56000000  0.29693557E-11 -0.90864524E-12 -0.91455764E-12    31.99999999     -865.02692790
    3790    7.58000000  0.19555553E-11 -0.10729755E-11 -0.78883334E-12    31.99999999     -865.02692790
    3800    7.60000000  0.14384076E-11 -0.12584128E-11 -0.36742272E-12    31.99999999     -865.02692790
    3810    7.62000000  0.92377433E-12 -0.64448518E-12 -0.20022028E-12    31.99999999     -865.02692790
    3820    7.64000000  0.39077534E-12 -0.34034051E-12  0.66831248E-12    31.99999999     -865.02692790
    3830    7.66000000 -0.31807273E-12 -0.45543170E-12  0.48956143E-12    31.99999999     -865.02692790
    3840    7.68000000 -0.10090857E-11  0.33720835E-12  0.11644670E-11    31.99999999     -865.02692790
    3850    7.70000000 -0.18069594E-11 -0.33520788E-12  0.13671525E-11    31.99999999     -865.02692790
    3860    7.72000000 -0.15685629E-11  0.38561132E-12  0.77739776E-12    31.99999999     -865.02692790
    3870    7.74000000 -0.20469279E-11  0.44563131E-12  0.10064777E-11    31.99999999     -865.02692790
    3880    7.76000000 -0.19643429E-11  0.69262506E-12  0.31244555E-12    31.99999999     -865.02692790
    3890    7.78000000 -0.20206842E-11  0.15529413E-11 -0.23501520E-13    31.99999999     -865.02692790
    3900    7.80000000 -0.14140161E-11  0.17167814E-11 -0.92472801E-12    31.99999999     -865.02692790
    3910    7.82000000 -0.14771757E-11  0.17008038E-11 -0.53889952E-12    31.99999999     -865.02692790
    3920    7.84000000 -0.13354607E-11  0.11170461E-11 -0.12085400E-11    31.99999999     -865.02692790
    3930    7.86000000 -0.13594446E-11  0.65176928E-12 -0.33990863E-12    31.99999999     -865.02692790
    3940    7.88000000 -0.16002779E-11 -0.78876146E-13 -0.40074831E-12    31.99999999     -865.02692790
    3950    7.90000000 -0.15431832E-11 -0.26308958E-12  0.99982205E-12    31.99999999     -865.02692790
    3960    7.92000000 -0.11333917E-11 -0.36391766E-12  0.56381990E-12    31.99999999     -865.02692790
    3970    7.94000000 -0.59051575E-12 -0.70329588E-12  0.14996363E-11    31.99999999     -865.02692790
    3980    7.96000000 -0.21526562E-12 -0.52035311E-12  0.57796072E-12    31.99999999     -865.02692790
    3990    7.98000000  0.52966040E-12 -0.48910563E-12  0.64083678E-12    31.99999999     -865.02692790
    4000    8.00000000  0.14402517E-11 -0.17639891E-12 -0.77136301E-13    31.99999999     -865.02692790
    4010    8.02000000  0.23293131E-11  0.43224747E-12  0.40761507E-12    31.99999999     -865.02692790
    4020    8.04000000  0.34717745E-11  0.64364961E-12 -0.14774511E-12    31.99999999     -865.02692790
    4030    8.06000000  0.38385513E-11  0.10713346E-12 -0.27062394E-13    31.99999999     -865.02692790
    4040    8.08000000  0.38694554E-11  0.67134671E-12 -0.79830064E-13    31.99999999     -865.02692790
    4050    8.10000000  0.34116065E-11 -0.84644450E-13  0.33979841E-12    31.99999999     -865.02692790
    4060    8.12000000  0.29354820E-11 -0.44953761E-12  0.45128855E-12    31.99999999     -865.02692790
    4070    8.14000000  0.22648679E-11 -0.55737074E-12  0.17185443E-12    31.99999999     -865.02692790
    4080    8.16000000  0.20710947E-11 -0.80533755E-12  0.43896998E-12    31.99999999     -865.02692790
    4090    8.18000000  0.45486515E-12 -0.11045506E-11  0.27069021E-12    31.99999999     -865.02692790
    4100    8.20000000 -0.29758076E-12 -0.12898291E-11 -0.88613528E-12    31.99999999     -865.02692790
    4110    8.22000000 -0.15900563E-11 -0.11919652E-11  0.69363682E-13    31.99999999     -865.02692790
    4120    8.24000000 -0.20977288E-11 -0.15162107E-11 -0.10118033E-11    31.99999999     -865.02692790
    4130    8.26000000 -0.32203283E-11 -0.12958704E-11 -0.51531392E-12    31.99999999     -865.02692790
    4140    8.28000000 -0.27727781E-11 -0.12839596E-11 -0.78389263E-12    31.99999999     -865.02692790
    4150    8.30000000 -0.28563995E-11 -0.10693975E-11 -0.59877116E-12    31.99999999     -865.02692790
    4160    8.32000000 -0.21541349E-11 -0.74846081E-12 -0.84999094E-12    31.99999999     -865.02692790
    4170    8.34000000 -0.21335822E-11  0.74979643E-12  0.51158075E-11    31.99999999     -865.02692790
    4180    8.36000000 -0.24328934E-11  0.13182445E-11  0.13446452E-09    31.99999999     -865.02692790
    4190    8.38000000 -0.21436771E-11  0.21489473E-11  0.58111669E-09    31.99999999     -865.02692790
    4200    8.40000000 -0.24448011E-11  0.27566693E-11  0.11908995E-08    31.99999999     -865.02692790
    4210    8.42000000 -0.21234437E-11  0.22952222E-11  0.10234616E-08    31.99999999     -865.02692790
    4220    8.44000000 -0.21417924E-11  0.23620383E-11 -0.20520708E-08    31.99999999     -865.02692790
    4230    8.46000000 -0.17736547E-11  0.99567666E-12 -0.11674432E-07    31.99999999     -865.02692790
    4240    8.48000000 -0.11139109E-11  0.73245639E-12 -0.33234584E-07    31.99999999     -865.02692790
    4250    8.50000000 -0.46398945E-12  0.33109649E-12 -0.74005991E-07    31.99999999     -865.02692789
    4260    8.52000000  0.34491973E-12  0.28367616E-12 -0.14317165E-06    31.99999999     -865.02692788
    4270    8.54000000  0.13285784E-11  0.20336333E-12 -0.25174216E-06    31.99999999     -865.02692786
    4280    8.56000000  0.24379366E-11  0.40895278E-12 -0.41236191E-06    31.99999999     -865.02692779
    4290    8.58000000  0.38469383E-11  0.15704330E-12 -0.63902190E-06    31.99999999     -865.02692764
    4300    8.60000000  0.46848597E-11  0.81036056E-13 -0.94666784E-06    31.99999999     -865.02692733
    4310    8.62000000  0.51004707E-11 -0.26486433E-12 -0.13507232E-05    31.99999999     -865.02692670
    4320    8.64000000  0.50560501E-11 -0.53239695E-12 -0.18665317E-05    31.99999999     -865.02692554
    4330    8.66000000  0.55235945E-11 -0.14381496E-11 -0.25087344E-05    31.99999999     -865.02692351
    4340    8.68000000  0.46421538E-11 -0.10250395E-11 -0.32905872E-05    31.99999999     -865.02692012
    4350    8.70000000  0.38140485E-11 -0.18233583E-11 -0.42232469E-05    31.99999999     -865.02691468
    4360    8.72000000  0.19143317E-11 -0.16475652E-11 -0.53150380E-05    31.99999999     -865.02690627
    4370    8.74000000  0.38937040E-12 -0.20860207E-11 -0.65707292E-05    31.99999999     -865.02689370
    4380    8.76000000 -0.17323365E-11 -0.27221057E-11 -0.79908213E-05    31.99999999     -865.02687550
    4390    8.78000000 -0.37752091E-11 -0.27650700E-11 -0.95708993E-05    31.99999999     -865.02684989
    4400    8.80000000 -0.51401284E-11 -0.33851609E-11 -0.11301031E-04    31.99999999     -865.02681482
    4410    8.82000000 -0.64336363E-11 -0.38986482E-11 -0.13165282E-04    31.99999999     -865.02676801
    4420    8.84000000 -0.70363868E-11 -0.37074613E-11 -0.15141312E-04    31.99999999     -865.02670699
    4430    8.86000000 -0.71995317E-11 -0.35452760E-11 -0.17200112E-04    31.99999999     -865.02662931
    4440    8.88000000 -0.71432945E-11 -0.20740831E-11 -0.19305872E-04    31.99999999     -865.02653260
    4450    8.90000000 -0.70346964E-11 -0.81911240E-12 -0.21416012E-04    31.99999999     -865.02641483
    4460    8.92000000 -0.59486515E-11  0.40470734E-12 -0.23481358E-04    31.99999999     -865.02627449
    4470    8.94000000 -0.53348902E-11  0.10717510E-11 -0.25446493E-04    31.99999999     -865.02611085
    4480    8.96000000 -0.48357917E-11  0.63814681E-12 -0.27250267E-04    31.99999999     -865.02592419
    4490    8.98000000 -0.44910529E-11  0.17738363E-12 -0.28826490E-04    31.99999999     -865.02571600
    4500    9.00000000 -0.42568589E-11 -0.12047736E-11 -0.30104766E-04    31.99999999     -865.02548918
    4510    9.02000000 -0.42271948E-11 -0.21353986E-11 -0.31011509E-04    31.99999999     -865.02524810
    4520    9.04000000 -0.44562100E-11 -0.44547083E-11 -0.31471085E-04    31.99999999     -865.02499863
    4530    9.06000000 -0.47151752E-11 -0.49501169E-11 -0.31407111E-04    31.99999999     -865.02474797
    4540    9.08000000 -0.51341318E-11 -0.62720236E-11 -0.30743856E-04    31.99999999     -865.02450437
    4550    9.10000000 -0.49141399E-11 -0.69539454E-11 -0.29407752E-04    31.99999999     -865.02427669
    4560    9.12000000 -0.50477695E-11 -0.75346240E-11 -0.27328978E-04    31.99999999     -865.02407370
    4570    9.14000000 -0.43038228E-11 -0.96926587E-11 -0.24443103E-04    31.99999999     -865.02390325
    4580    9.16000000 -0.51402178E-11 -0.10364885E-10 -0.20692739E-04    31.99999999     -865.02377125
    4590    9.18000000 -0.52840416E-11 -0.11565216E-10 -0.16029209E-04    31.99999999     -865.02368050
    4600    9.20000000 -0.64858046E-11 -0.12886389E-10 -0.10414158E-04    31.99999999     -865.02362934
    4610    9.22000000 -0.65834993E-11 -0.13888848E-10 -0.38211124E-05    31.99999999     -865.02361033
    4620    9.24000000 -0.72265705E-11 -0.14957048E-10  0.37630686E-05    31.99999999     -865.02360884
    4630    9.26000000 -0.78290284E-11 -0.14092843E-10  0.12336858E-04    31.99999999     -865.02360180
    4640    9.28000000 -0.86178494E-11 -0.13581436E-10  0.21882893E-04    31.99999999     -865.02355654
    4650    9.30000000 -0.94368863E-11 -0.11362530E-10  0.32366992E-04    31.99999999     -865.02342998
    4660    9.32000000 -0.99002647E-11 -0.10140579E-10  0.43737369E-04    31.99999999     -865.02316810
    4670    9.34000000 -0.10014345E-10 -0.81479825E-11  0.55924107E-04    31.99999999     -865.02270593
    4680    9.36000000 -0.92552495E-11 -0.53864092E-11  0.68838861E-04    31.99999999     -865.02196803
    4690    9.38000000 -0.83271401E-11 -0.35408827E-11  0.82374851E-04    31.99999999     -865.02086962
    4700    9.40000000 -0.63561757E-11 -0.12167774E-11  0.96407148E-04    31.99999999     -865.01931830
    4710    9.42000000 -0.44655641E-11  0.15075599E-11  0.11079325E-03    31.99999999     -865.01721647
    4720    9.44000000 -0.15497582E-11  0.46242456E-11  0.12537396E-03    31.99999999     -865.01446442
    4730    9.46000000  0.14544519E-11  0.77320381E-11  0.13997463E-03    31.99999999     -865.01096394
    4740    9.48000000  0.48691134E-11  0.11209231E-10  0.15440662E-03    31.99999999     -865.00662253
    4750    9.50000000  0.95441615E-11  0.14708030E-10  0.16846917E-03    31.99999999     -865.00135790
    4760    9.52000000  0.13783212E-10  0.19174639E-10  0.18195147E-03    31.99999999     -864.99510275
    4770    9.54000000  0.18984192E-10  0.23306687E-10  0.19463511E-03    31.99999999     -864.98780951
    4780    9.56000000  0.24323713E-10  0.27693033E-10  0.20629667E-03    31.99999999     -864.97945489
    4790    9.58000000  0.29384967E-10  0.31345384E-10  0.21671064E-03    31.99999999     -864.97004402
    4800    9.60000000  0.35625916E-10  0.36666691E-10  0.22565250E-03    31.99999999     -864.95961377
    4810    9.62000000  0.41536398E-10  0.40684035E-10  0.23290193E-03    31.99999999     -864.94823528
    4820    9.64000000  0.48122786E-10  0.46144050E-10  0.23824621E-03    31.99999999     -864.93601514
    4830    9.66000000  0.54364056E-10  0.50589591E-10  0.24148357E-03    31.99999999     -864.92309535
    4840    9.68000000  0.60165472E-10  0.54857821E-10  0.24242672E-03    31.99999999     -864.90965160
    4850    9.70000000  0.65953801E-10  0.58871076E-10  0.24090614E-03    31.99999999     -864.89589007
    4860    9.72000000  0.71592354E-10  0.64436162E-10  0.23677342E-03    31.99999999     -864.88204236
    4870    9.74000000  0.77563648E-10  0.69000449E-10  0.22990436E-03    31.99999999     -864.86835900
    4880    9.76000000  0.82284268E-10  0.75095515E-10  0.22020182E-03    31.99999999     -864.85510130
    4890    9.78000000  0.87176614E-10  0.80268054E-10  0.20759832E-03    31.99999999     -864.84253195
    4900    9.80000000  0.91284338E-10  0.85975866E-10  0.19205827E-03    31.99999999     -864.83090457
    4910    9.82000000  0.94920010E-10  0.91075543E-10  0.17357976E-03    31.99999999     -864.82045262
    4920    9.84000000  0.97498441E-10  0.96236041E-10  0.15219599E-03    31.99999999     -864.81137799
    4930    9.86000000  0.99893916E-10  0.99675364E-10  0.12797612E-03    31.99999999     -864.80383981
    4940    9.88000000  0.10067969E-09  0.10251833E-09  0.10102569E-03    31.99999999     -864.79794401
    4950    9.90000000  0.10178282E-09  0.10408638E-09  0.71486525E-04    31.99999999     -864.79373388
    4960    9.92000000  0.10089414E-09  0.10533229E-09  0.39536102E-04    31.99999999     -864.79118253
    4970    9.94000000  0.10005593E-09  0.10518998E-09  0.53864742E-05    31.99999999     -864.79018722
    4980    9.96000000  0.98607952E-10  0.10449544E-09 -0.30717290E-04    31.99999999     -864.79056633
    4990    9.98000000  0.96571334E-10  0.10218955E-09 -0.68499050E-04    31.99999999     -864.79205902
    5000   10.00000000  0.93653132E-10  0.99462642E-10 -0.10765393E-03    31.99999999     -864.79432796
    5010   10.02000000  0.89252397E-10  0.94531781E-10 -0.14785097E-03    31.99999999     -864.79696505
    5020   10.04000000  0.84392941E-10  0.88142345E-10 -0.18873598E-03    31.99999999     -864.79950034
    5030   10.06000000  0.76844466E-10  0.80266101E-10 -0.22993474E-03    31.99999999     -864.80141372
    5040   10.08000000  0.68481494E-10  0.70349128E-10 -0.27105623E-03    31.99999999     -864.80214941
    5050   10.10000000  0.58379452E-10  0.59405237E-10 -0.31169611E-03    31.99999999     -864.80113267
    5060   10.12000000  0.46552678E-10  0.46322372E-10 -0.35144028E-03    31.99999999     -864.79778834
    5070   10.14000000  0.33467884E-10  0.32773315E-10 -0.38986859E-03    31.99999999     -864.79156057
    5080   10.16000000  0.18500231E-10  0.16793696E-10 -0.42655863E-03    31.99999999     -864.78193319
    5090   10.18000000  0.26532368E-11  0.12469105E-11 -0.46108969E-03    31.99999999     -864.76844996
    5100   10.20000000 -0.14353376E-10 -0.16473435E-10 -0.49304692E-03    31.99999999     -864.75073390
    5110   10.22000000 -0.32649689E-10 -0.34186537E-10 -0.52202558E-03    31.99999999     -864.72850513
    5120   10.24000000 -0.51392572E-10 -0.53024871E-10 -0.54763560E-03    31.99999999     -864.70159623
    5130   10.26000000 -0.71325748E-10 -0.72182725E-10 -0.56950633E-03    31.99999999     -864.66996476
    5140   10.28000000 -0.90747237E-10 -0.91913959E-10 -0.58729141E-03    31.99999999     -864.63370192
    5150   10.30000000 -0.11047823E-09 -0.11192080E-09 -0.60067403E-03    31.99999999     -864.59303724
    5160   10.32000000 -0.12995485E-09 -0.13237323E-09 -0.60937215E-03    31.99999999     -864.54833853
    5170   10.34000000 -0.14900262E-09 -0.15192929E-09 -0.61314391E-03    31.99999999     -864.50010705
    5180   10.36000000 -0.16811621E-09 -0.17216379E-09 -0.61179297E-03    31.99999999     -864.44896774
    5190   10.38000000 -0.18672350E-09 -0.19024555E-09 -0.60517373E-03    31.99999999     -864.39565456
    5200   10.40000000 -0.20522831E-09 -0.20918374E-09 -0.59319614E-03    31.99999999     -864.34099136
    5210   10.42000000 -0.22326215E-09 -0.22622143E-09 -0.57583015E-03    31.99999999     -864.28586861
    5220   10.44000000 -0.24050696E-09 -0.24225915E-09 -0.55310939E-03    31.99999999     -864.23121688
    5230   10.46000000 -0.25594927E-09 -0.25650420E-09 -0.52513395E-03    31.99999999     -864.17797776
    5240   10.48000000 -0.27052708E-09 -0.26918059E-09 -0.49207216E-03    31.99999999     -864.12707347
    5250   10.50000000 -0.28251850E-09 -0.28039158E-09 -0.45416104E-03    31.99999999     -864.07937609
    5260   10.52000000 -0.29300474E-09 -0.28947387E-09 -0.41170545E-03    31.99999999     -864.03567788
    5270   10.54000000 -0.30108210E-09 -0.29654593E-09 -0.36507563E-03    31.99999999     -863.99666376
    5280   10.56000000 -0.30615640E-09 -0.30114416E-09 -0.31470336E-03    31.99999999     -863.96288719
    5290   10.58000000 -0.30890441E-09 -0.30322155E-09 -0.26107645E-03    31.99999999     -863.93475059
    5300   10.60000000 -0.30894309E-09 -0.30309102E-09 -0.20473186E-03    31.99999999     -863.91249112
    5310   10.62000000 -0.30584016E-09 -0.30035518E-09 -0.14624755E-03    31.99999999     -863.89617255
    5320   10.64000000 -0.29913246E-09 -0.29408708E-09 -0.86233166E-04    31.99999999     -863.88568363
    5330   10.66000000 -0.28994252E-09 -0.28581610E-09 -0.25320019E-04    31.99999999     -863.88074299
    5340   10.68000000 -0.27672226E-09 -0.27453561E-09  0.35849487E-04    31.99999999     -863.88091042
    5350   10.70000000 -0.26122275E-09 -0.26066358E-09  0.96632534E-04    31.99999999     -863.88560405
    5360   10.72000000 -0.24307930E-09 -0.24384543E-09  0.15639637E-03    31.99999999     -863.89412253
    5370   10.74000000 -0.22182925E-09 -0.22507782E-09  0.21452818E-03    31.99999999     -863.90567135
    5380   10.76000000 -0.19908585E-09 -0.20350960E-09  0.27044413E-03    31.99999999     -863.91939202
    5390   10.78000000 -0.17400141E-09 -0.17982626E-09  0.32359719E-03    31.99999999     -863.93439289
    5400   10.80000000 -0.14797983E-09 -0.15366898E-09  0.37348365E-03    31.99999999     -863.94978026
    5410   10.82000000 -0.12056177E-09 -0.12577905E-09  0.41964811E-03    31.99999999     -863.96468866
    5420   10.84000000 -0.91519549E-10 -0.95870758E-10  0.46168702E-03    31.99999999     -863.97830896
    5430   10.86000000 -0.60998582E-10 -0.65227116E-10  0.49925063E-03    31.99999999     -863.98991351
    5440   10.88000000 -0.29822983E-10 -0.33340265E-10  0.53204372E-03    31.99999999     -863.99887734
    5450   10.90000000  0.23232491E-11 -0.11200189E-11  0.55982502E-03    31.99999999     -864.00469506
    5460   10.92000000  0.33590248E-10  0.30983976E-10  0.58240579E-03    31.99999999     -864.00699279
    5470   10.94000000  0.65630500E-10  0.62923558E-10  0.59964763E-03    31.99999999     -864.00553533
    5480   10.96000000  0.95932740E-10  0.94624209E-10  0.61145994E-03    31.99999999     -864.00022829
    5490   10.98000000  0.12717257E-09  0.12525355E-09  0.61779723E-03    31.99999999     -863.99111556
    5500   11.00000000  0.15517486E-09  0.15551312E-09  0.61865643E-03    31.99999999     -863.97837252
    5510   11.02000000  0.18256748E-09  0.18330421E-09  0.61407458E-03    31.99999999     -863.96229524
    5520   11.04000000  0.20776047E-09  0.21008396E-09  0.60412687E-03    31.99999999     -863.94328641
    5530   11.06000000  0.23105956E-09  0.23433208E-09  0.58892521E-03    31.99999999     -863.92183849
    5540   11.08000000  0.25316953E-09  0.25688664E-09  0.56861725E-03    31.99999999     -863.89851477
    5550   11.10000000  0.27367406E-09  0.27753313E-09  0.54338594E-03    31.99999999     -863.87392884
    5560   11.12000000  0.29173486E-09  0.29588314E-09  0.51344945E-03    31.99999999     -863.84872340
    5570   11.14000000  0.30781574E-09  0.31172107E-09  0.47906131E-03    31.99999999     -863.82354873
    5580   11.16000000  0.32175979E-09  0.32511816E-09  0.44051064E-03    31.99999999     -863.79904175
    5590   11.18000000  0.33385140E-09  0.33585941E-09  0.39812226E-03    31.99999999     -863.77580609
    5600   11.20000000  0.34262593E-09  0.34412303E-09  0.35225657E-03    31.99999999     -863.75439388
    5610   11.22000000  0.34997515E-09  0.34976821E-09  0.30330887E-03    31.99999999     -863.73528971
    5620   11.24000000  0.35264310E-09  0.35184357E-09  0.25170813E-03    31.99999999     -863.71889725
    5630   11.26000000  0.35373051E-09  0.35219291E-09  0.19791501E-03    31.99999999     -863.70552897
    5640   11.28000000  0.35085042E-09  0.34949837E-09  0.14241902E-03    31.99999999     -863.69539919
    5650   11.30000000  0.34559087E-09  0.34366230E-09  0.85734859E-04    31.99999999     -863.68862063
    5660   11.32000000  0.33696378E-09  0.33544656E-09  0.28397907E-04    31.99999999     -863.68520458
    5670   11.34000000  0.32495564E-09  0.32378855E-09 -0.29041135E-04    31.99999999     -863.68506455
    5680   11.36000000  0.31081266E-09  0.30918233E-09 -0.86022258E-04    31.99999999     -863.68802319
    5690   11.38000000  0.29276631E-09  0.29209024E-09 -0.14198278E-03    31.99999999     -863.69382219
    5700   11.40000000  0.27362203E-09  0.27167518E-09 -0.19636439E-03    31.99999999     -863.70213460
    5710   11.42000000  0.25031887E-09  0.24916251E-09 -0.24862045E-03    31.99999999     -863.71257917
    5720   11.44000000  0.22564349E-09  0.22379400E-09 -0.29822340E-03    31.99999999     -863.72473597
    5730   11.46000000  0.19789896E-09  0.19612193E-09 -0.34467198E-03    31.99999999     -863.73816264
    5740   11.48000000  0.16860919E-09  0.16608451E-09 -0.38749822E-03    31.99999999     -863.75241069
    5750   11.50000000  0.13760748E-09  0.13503765E-09 -0.42627394E-03    31.99999999     -863.76704109
    5760   11.52000000  0.10440142E-09  0.10246924E-09 -0.46061664E-03    31.99999999     -863.78163867
    5770   11.54000000  0.71063251E-10  0.68842715E-10 -0.49019465E-03    31.99999999     -863.79582469
    5780   11.56000000  0.35167768E-10  0.34231382E-10 -0.51473149E-03    31.99999999     -863.80926730
    5790   11.58000000 -0.44507370E-12 -0.16430759E-11 -0.53400924E-03    31.99999999     -863.82168943
    5800   11.60000000 -0.37741118E-10 -0.37650327E-10 -0.54787110E-03    31.99999999     -863.83287415
    5810   11.62000000 -0.73949513E-10 -0.73429402E-10 -0.55622291E-03    31.99999999     -863.84266723
    5820   11.64000000 -0.11086296E-09 -0.10874810E-09 -0.55903378E-03    31.99999999     -863.85097714
    5830   11.66000000 -0.14630540E-09 -0.14384868E-09 -0.55633577E-03    31.99999999     -863.85777260
    5840   11.68000000 -0.18031399E-09 -0.17685659E-09 -0.54822277E-03    31.99999999     -863.86307793
    5850   11.70000000 -0.21396164E-09 -0.20923943E-09 -0.53484855E-03    31.99999999     -863.86696672
    5860   11.72000000 -0.24468127E-09 -0.23932173E-09 -0.51642410E-03    31.99999999     -863.86955398
    5870   11.74000000 -0.27427238E-09 -0.26751285E-09 -0.49321431E-03    31.99999999     -863.87098742
    5880   11.76000000 -0.30065277E-09 -0.29450583E-09 -0.46553400E-03    31.99999999     -863.87143821
    5890   11.78000000 -0.32468950E-09 -0.31844976E-09 -0.43374357E-03    31.99999999     -863.87109170
    5900   11.80000000 -0.34461049E-09 -0.33989026E-09 -0.39824404E-03    31.99999999     -863.87013849
    5910   11.82000000 -0.36180185E-09 -0.35904760E-09 -0.35947183E-03    31.99999999     -863.86876609
    5920   11.84000000 -0.37622046E-09 -0.37420774E-09 -0.31789319E-03    31.99999999     -863.86715174
    5930   11.86000000 -0.38579761E-09 -0.38716156E-09 -0.27399834E-03    31.99999999     -863.86545633
    5940   11.88000000 -0.39378941E-09 -0.39530147E-09 -0.22829543E-03    31.99999999     -863.86381964
    5950   11.90000000 -0.39681337E-09 -0.40047832E-09 -0.18130444E-03    31.99999999     -863.86235718
    5960   11.92000000 -0.39721098E-09 -0.40130465E-09 -0.13355092E-03    31.99999999     -863.86115828
    5970   11.94000000 -0.39389730E-09 -0.39894744E-09 -0.85559798E-04    31.99999999     -863.86028565
    5980   11.96000000 -0.38740735E-09 -0.39231588E-09 -0.37849254E-04    31.99999999     -863.85977619
    5990   11.98000000 -0.37750251E-09 -0.38287671E-09  0.90752762E-05    31.99999999     -863.85964280
    6000   12.00000000 -0.36519118E-09 -0.36972684E-09  0.54726866E-04    31.99999999     -863.85987718
    6010   12.02000000 -0.34931275E-09 -0.35410377E-09  0.98642589E-04    31.99999999     -863.86045312
    6020   12.04000000 -0.33039874E-09 -0.33469194E-09  0.14038865E-03    31.99999999     -863.86133036
    6030   12.06000000 -0.30861566E-09 -0.31241177E-09  0.17956509E-03    31.99999999     -863.86245851
    6040   12.08000000 -0.28358956E-09 -0.28672428E-09  0.21581004E-03    31.99999999     -863.86378101
    6050   12.10000000 -0.25659086E-09 -0.25902583E-09  0.24880340E-03    31.99999999     -863.86523879
    6060   12.12000000 -0.22747001E-09 -0.22897983E-09  0.27826992E-03    31.99999999     -863.86677364
    6070   12.14000000 -0.19606711E-09 -0.19786181E-09  0.30398166E-03    31.99999999     -863.86833098
    6080   12.16000000 -0.16366854E-09 -0.16487531E-09  0.32575977E-03    31.99999999     -863.86986212
    6090   12.18000000 -0.13018738E-09 -0.13146108E-09  0.34347559E-03    31.99999999     -863.87132585
    6100   12.20000000 -0.96554787E-10 -0.97132608E-10  0.35705095E-03    31.99999999     -863.87268941
    6110   12.22000000 -0.61605610E-10 -0.61468242E-10  0.36645791E-03    31.99999999     -863.87392889
    6120   12.24000000 -0.27394787E-10 -0.26132456E-10  0.37171773E-03    31.99999999     -863.87502904
    6130   12.26000000  0.73898428E-11  0.99411345E-11  0.37289924E-03    31.99999999     -863.87598271
    6140   12.28000000  0.40296160E-10  0.44828685E-10  0.37011661E-03    31.99999999     -863.87678990
    6150   12.30000000  0.73346031E-10  0.78451095E-10  0.36352664E-03    31.99999999     -863.87745651
    6160   12.32000000  0.10489375E-09  0.11177855E-09  0.35332558E-03    31.99999999     -863.87799308
    6170   12.34000000  0.13563602E-09  0.14231578E-09  0.33974551E-03    31.99999999     -863.87841336
    6180   12.36000000  0.16453273E-09  0.17137193E-09  0.32305050E-03    31.99999999     -863.87873301
    6190   12.38000000  0.19291886E-09  0.19777768E-09  0.30353244E-03    31.99999999     -863.87896844
    6200   12.40000000  0.21875088E-09  0.22188854E-09  0.28150673E-03    31.99999999     -863.87913571
    6210   12.42000000  0.24281394E-09  0.24460634E-09  0.25730776E-03    31.99999999     -863.87924983
    6220   12.44000000  0.26429335E-09  0.26451317E-09  0.23128439E-03    31.99999999     -863.87932409
    6230   12.46000000  0.28279466E-09  0.28177936E-09  0.20379537E-03    31.99999999     -863.87936978
    6240   12.48000000  0.29834713E-09  0.29579804E-09  0.17520473E-03    31.99999999     -863.87939601
    6250   12.50000000  0.31034642E-09  0.30773099E-09  0.14587730E-03    31.99999999     -863.87940978
    6260   12.52000000  0.31987277E-09  0.31653747E-09  0.11617431E-03    31.99999999     -863.87941617
    6270   12.54000000  0.32559827E-09  0.32223645E-09  0.86449129E-04    31.99999999     -863.87941860
    6280   12.56000000  0.32866955E-09  0.32482896E-09  0.57043237E-04    31.99999999     -863.87941916
    6290   12.58000000  0.32874416E-09  0.32470997E-09  0.28282383E-04    31.99999999     -863.87941901
    6300   12.60000000  0.32617984E-09  0.32253860E-09  0.47304333E-06    31.99999999     -863.87941866
    6310   12.62000000  0.32089487E-09  0.31809452E-09 -0.26100823E-04    31.99999999     -863.87941826
    6320   12.64000000  0.31345170E-09  0.31084019E-09 -0.51180674E-04    31.99999999     -863.87941783
    6330   12.66000000  0.30312096E-09  0.30163911E-09 -0.74535923E-04    31.99999999     -863.87941734
    6340   12.68000000  0.29148007E-09  0.29028478E-09 -0.95966047E-04    31.99999999     -863.87941681
    6350   12.70000000  0.27719368E-09  0.27737726E-09 -0.11530222E-03    31.99999999     -863.87941624
    6360   12.72000000  0.26192643E-09  0.26250914E-09 -0.13240811E-03    31.99999999     -863.87941565
    6370   12.74000000  0.24499632E-09  0.24520765E-09 -0.14718015E-03    31.99999999     -863.87941504
    6380   12.76000000  0.22679600E-09  0.22693163E-09 -0.15954751E-03    31.99999999     -863.87941444
    6390   12.78000000  0.20640140E-09  0.20756943E-09 -0.16947175E-03    31.99999999     -863.87941385
    6400   12.80000000  0.18625626E-09  0.18744225E-09 -0.17694600E-03    31.99999999     -863.87941328
    6410   12.82000000  0.16376778E-09  0.16635101E-09 -0.18199390E-03    31.99999999     -863.87941274
    6420   12.84000000  0.14119049E-09  0.14481617E-09 -0.18466814E-03    31.99999999     -863.87941223
    6430   12.86000000  0.11874378E-09  0.12361871E-09 -0.18504877E-03    31.99999999     -863.87941178
    6440   12.88000000  0.96738785E-10  0.10245720E-09 -0.18324120E-03    31.99999999     -863.87941137
    6450   12.90000000  0.75770250E-10  0.81450539E-10 -0.17937395E-03    31.99999999     -863.87941102
    6460   12.92000000  0.55570258E-10  0.60785243E-10 -0.17359621E-03    31.99999999     -863.87941071
    6470   12.94000000  0.36394063E-10  0.40262175E-10 -0.16607521E-03    31.99999999     -863.87941046
    6480   12.96000000  0.18206607E-10  0.21578339E-10 -0.15699344E-03    31.99999999     -863.87941024
    6490   12.98000000  0.12921751E-11  0.31526482E-11 -0.14654577E-03    31.99999999     -863.87941007
    6500   13.00000000 -0.14173025E-10 -0.13667691E-10 -0.13493652E-03    31.99999999     -863.87940993
    6510   13.02000000 -0.28599056E-10 -0.29969543E-10 -0.12237648E-03    31.99999999     -863.87940981
    6520   13.04000000 -0.41140512E-10 -0.44573732E-10 -0.10907996E-03    31.99999999     -863.87940971
    6530   13.06000000 -0.54344367E-10 -0.58328802E-10 -0.95261941E-04    31.99999999     -863.87940962
    6540   13.08000000 -0.64985238E-10 -0.70218757E-10 -0.81135229E-04    31.99999999     -863.87940953
    6550   13.10000000 -0.74661388E-10 -0.81011695E-10 -0.66907812E-04    31.99999999     -863.87940944
    6560   13.12000000 -0.83183555E-10 -0.90512785E-10 -0.52780325E-04    31.99999999     -863.87940933
    6570   13.14000000 -0.91304683E-10 -0.97360311E-10 -0.38943692E-04    31.99999999     -863.87940921
    6580   13.16000000 -0.96992827E-10 -0.10238282E-09 -0.25576959E-04    31.99999999     -863.87940907
    6590   13.18000000 -0.10234217E-09 -0.10640807E-09 -0.12845315E-04    31.99999999     -863.87940890
    6600   13.20000000 -0.10641209E-09 -0.10908572E-09 -0.89835540E-06    31.99999999     -863.87940872
    6610   13.22000000 -0.10954217E-09 -0.11090806E-09  0.10131438E-04    31.99999999     -863.87940851
    6620   13.24000000 -0.11149788E-09 -0.11096555E-09  0.20129945E-04    31.99999999     -863.87940829
    6630   13.26000000 -0.11257513E-09 -0.11036373E-09  0.29002378E-04    31.99999999     -863.87940805
    6640   13.28000000 -0.11225410E-09 -0.10928420E-09  0.36673968E-04    31.99999999     -863.87940780
    6650   13.30000000 -0.11104156E-09 -0.10835214E-09  0.43090338E-04    31.99999999     -863.87940756
    6660   13.32000000 -0.10952836E-09 -0.10698811E-09  0.48217596E-04    31.99999999     -863.87940731
    6670   13.34000000 -0.10695486E-09 -0.10511717E-09  0.52042118E-04    31.99999999     -863.87940708
    6680   13.36000000 -0.10441194E-09 -0.10253765E-09  0.54570074E-04    31.99999999     -863.87940686
    6690   13.38000000 -0.10157454E-09 -0.10028095E-09  0.55826710E-04    31.99999999     -863.87940665
    6700   13.40000000 -0.98378431E-10 -0.97673823E-10  0.55855405E-04    31.99999999     -863.87940647
    6710   13.42000000 -0.96013014E-10 -0.95668092E-10  0.54716545E-04    31.99999999     -863.87940631
    6720   13.44000000 -0.94131556E-10 -0.93942461E-10  0.52486238E-04    31.99999999     -863.87940618
    6730   13.46000000 -0.92778431E-10 -0.92323234E-10  0.49254885E-04    31.99999999     -863.87940608
    6740   13.48000000 -0.92239987E-10 -0.91610732E-10  0.45125622E-04    31.99999999     -863.87940600
    6750   13.50000000 -0.92014113E-10 -0.91148492E-10  0.40212653E-04    31.99999999     -863.87940594
    6760   13.52000000 -0.92293424E-10 -0.91668268E-10  0.34639477E-04    31.99999999     -863.87940590
    6770   13.54000000 -0.93063235E-10 -0.92729097E-10  0.28537013E-04    31.99999999     -863.87940588
    6780   13.56000000 -0.94559329E-10 -0.93562191E-10  0.22041656E-04    31.99999999     -863.87940587
    6790   13.58000000 -0.96138702E-10 -0.95536510E-10  0.15293259E-04    31.99999999     -863.87940586
    6800   13.60000000 -0.97879672E-10 -0.98347544E-10  0.84330753E-05    31.99999999     -863.87940586
    6810   13.62000000 -0.10069591E-09 -0.10062982E-09  0.16016889E-05    31.99999999     -863.87940585
    6820   13.64000000 -0.10342792E-09 -0.10358453E-09 -0.50630429E-05    31.99999999     -863.87940584
    6830   13.66000000 -0.10659200E-09 -0.10727193E-09 -0.11428001E-04    31.99999999     -863.87940582
    6840   13.68000000 -0.10963748E-09 -0.11067124E-09 -0.17366741E-04    31.99999999     -863.87940578
    6850   13.70000000 -0.11299217E-09 -0.11510590E-09 -0.22761325E-04    31.99999999     -863.87940572
    6860   13.72000000 -0.11589431E-09 -0.11880518E-09 -0.27504025E-04    31.99999999     -863.87940565
    6870   13.74000000 -0.11972068E-09 -0.12170604E-09 -0.31498881E-04    31.99999999     -863.87940556
    6880   13.76000000 -0.12278500E-09 -0.12391127E-09 -0.34663076E-04    31.99999999     -863.87940545
    6890   13.78000000 -0.12581647E-09 -0.12566981E-09 -0.36928148E-04    31.99999999     -863.87940532
    6900   13.80000000 -0.12703655E-09 -0.12649772E-09 -0.38240980E-04    31.99999999     -863.87940518
    6910   13.82000000 -0.12890983E-09 -0.12632158E-09 -0.38564589E-04    31.99999999     -863.87940503
    6920   13.84000000 -0.12826349E-09 -0.12534173E-09 -0.37878682E-04    31.99999999     -863.87940488
    6930   13.86000000 -0.12770107E-09 -0.12409074E-09 -0.36179976E-04    31.99999999     -863.87940472
    6940   13.88000000 -0.12511420E-09 -0.12148589E-09 -0.33482268E-04    31.99999999     -863.87940457
    6950   13.90000000 -0.12179887E-09 -0.11834212E-09 -0.29816259E-04    31.99999999     -863.87940442
    6960   13.92000000 -0.11714397E-09 -0.11403211E-09 -0.25229108E-04    31.99999999     -863.87940428
    6970   13.94000000 -0.11117004E-09 -0.10789899E-09 -0.19783752E-04    31.99999999     -863.87940415
    6980   13.96000000 -0.10329315E-09 -0.10164083E-09 -0.13557966E-04    31.99999999     -863.87940404
    6990   13.98000000 -0.94508555E-10 -0.93827434E-10 -0.66431985E-05    31.99999999     -863.87940395
    7000   14.00000000 -0.84213965E-10 -0.84153399E-10  0.85681498E-06    31.99999999     -863.87940387
    7010   14.02000000 -0.72104301E-10 -0.73586214E-10  0.88276285E-05    31.99999999     -863.87940381
    7020   14.04000000 -0.58225428E-10 -0.60156060E-10  0.17145835E-04    31.99999999     -863.87940377
    7030   14.06000000 -0.43552996E-10 -0.46004304E-10  0.25680956E-04    31.99999999     -863.87940373
    7040   14.08000000 -0.26696222E-10 -0.29525133E-10  0.34297439E-04    31.99999999     -863.87940371
    7050   14.10000000 -0.87564958E-11 -0.11765729E-10  0.42856740E-04    31.99999999     -863.87940369
    7060   14.12000000  0.10806758E-10  0.81742672E-11  0.51219447E-04    31.99999999     -863.87940367
    7070   14.14000000  0.31262405E-10  0.29154332E-10  0.59247412E-04    31.99999999     -863.87940365
    7080   14.16000000  0.53136900E-10  0.51351426E-10  0.66805869E-04    31.99999999     -863.87940362
    7090   14.18000000  0.76293659E-10  0.74400931E-10  0.73765489E-04    31.99999999     -863.87940358
    7100   14.20000000  0.99918376E-10  0.97885986E-10  0.80004345E-04    31.99999999     -863.87940353
    7110   14.22000000  0.12463249E-09  0.12204128E-09  0.85409773E-04    31.99999999     -863.87940346
    7120   14.24000000  0.14931228E-09  0.14574186E-09  0.89880052E-04    31.99999999     -863.87940338
    7130   14.26000000  0.17292930E-09  0.17015456E-09  0.93325939E-04    31.99999999     -863.87940328
    7140   14.28000000  0.19637567E-09  0.19343745E-09  0.95671975E-04    31.99999999     -863.87940317
    7150   14.30000000  0.21864291E-09  0.21648981E-09  0.96857595E-04    31.99999999     -863.87940305
    7160   14.32000000  0.24071203E-09  0.23927353E-09  0.96837975E-04    31.99999999     -863.87940291
    7170   14.34000000  0.26064804E-09  0.26024647E-09  0.95584664E-04    31.99999999     -863.87940277
    7180   14.36000000  0.27953892E-09  0.28106927E-09  0.93085955E-04    31.99999999     -863.87940263
    7190   14.38000000  0.29659413E-09  0.29942090E-09  0.89347028E-04    31.99999999     -863.87940249
    7200   14.40000000  0.31103081E-09  0.31660165E-09  0.84389859E-04    31.99999999     -863.87940235
    7210   14.42000000  0.32421056E-09  0.32994378E-09  0.78252915E-04    31.99999999     -863.87940222
    7220   14.44000000  0.33420658E-09  0.34159736E-09  0.70990636E-04    31.99999999     -863.87940211
    7230   14.46000000  0.34286236E-09  0.34941815E-09  0.62672738E-04    31.99999999     -863.87940200
    7240   14.48000000  0.34818667E-09  0.35473765E-09  0.53383328E-04    31.99999999     -863.87940192
    7250   14.50000000  0.35160384E-09  0.35604487E-09  0.43219867E-04    31.99999999     -863.87940184
    7260   14.52000000  0.35050434E-09  0.35328774E-09  0.32291962E-04    31.99999999     -863.87940179
    7270   14.54000000  0.34665402E-09  0.34738011E-09  0.20720052E-04    31.99999999     -863.87940175
    7280   14.56000000  0.33885691E-09  0.33742631E-09  0.86339286E-05    31.99999999     -863.87940172
    7290   14.58000000  0.32703927E-09  0.32471487E-09 -0.38288196E-05    31.99999999     -863.87940169
    7300   14.60000000  0.31246665E-09  0.30853079E-09 -0.16524477E-04    31.99999999     -863.87940168
    7310   14.62000000  0.29417166E-09  0.28927813E-09 -0.29304934E-04    31.99999999     -863.87940167
    7320   14.64000000  0.27276564E-09  0.26660635E-09 -0.42019493E-04    31.99999999     -863.87940165
    7330   14.66000000  0.24911110E-09  0.24201287E-09 -0.54516683E-04    31.99999999     -863.87940163
    7340   14.68000000  0.22206066E-09  0.21569660E-09 -0.66646118E-04    31.99999999     -863.87940161
    7350   14.70000000  0.19245672E-09  0.18712314E-09 -0.78260321E-04    31.99999999     -863.87940156
    7360   14.72000000  0.15983061E-09  0.15703540E-09 -0.89216545E-04    31.99999999     -863.87940151
    7370   14.74000000  0.12629083E-09  0.12378019E-09 -0.99378534E-04    31.99999999     -863.87940143
    7380   14.76000000  0.90572490E-10  0.89752364E-10 -0.10861822E-03    31.99999999     -863.87940133
    7390   14.78000000  0.53999937E-10  0.53915080E-10 -0.11681736E-03    31.99999999     -863.87940122
    7400   14.80000000  0.15093139E-10  0.16330476E-10 -0.12386903E-03    31.99999999     -863.87940108
    7410   14.82000000 -0.24345497E-10 -0.21733108E-10 -0.12967904E-03    31.99999999     -863.87940093
    7420   14.84000000 -0.63678442E-10 -0.60877118E-10 -0.13416718E-03    31.99999999     -863.87940077
    7430   14.86000000 -0.10320910E-09 -0.99101763E-10 -0.13726835E-03    31.99999999     -863.87940059
    7440   14.88000000 -0.14205363E-09 -0.13736636E-09 -0.13893348E-03    31.99999999     -863.87940040
    7450   14.90000000 -0.17988475E-09 -0.17455620E-09 -0.13913026E-03    31.99999999     -863.87940021
    7460   14.92000000 -0.21608485E-09 -0.21072982E-09 -0.13784373E-03    31.99999999     -863.87940002
    7470   14.94000000 -0.25111708E-09 -0.24551020E-09 -0.13507656E-03    31.99999999     -863.87939983
    7480   14.96000000 -0.28314830E-09 -0.27839964E-09 -0.13084921E-03    31.99999999     -863.87939966
    7490   14.98000000 -0.31494195E-09 -0.30982078E-09 -0.12519979E-03    31.99999999     -863.87939950
    7500   15.00000000 -0.34283123E-09 -0.33934686E-09 -0.11818374E-03    31.99999999     -863.87939935
    7510   15.02000000 -0.36823408E-09 -0.36573961E-09 -0.10987320E-03    31.99999999     -863.87939922
    7520   15.04000000 -0.38937276E-09 -0.38933805E-09 -0.10035622E-03    31.99999999     -863.87939911
    7530   15.06000000 -0.40794836E-09 -0.40989940E-09 -0.89735712E-04    31.99999999     -863.87939902
    7540   15.08000000 -0.42292398E-09 -0.42650368E-09 -0.78128157E-04    31.99999999     -863.87939895
    7550   15.10000000 -0.43496208E-09 -0.43947434E-09 -0.65662126E-04    31.99999999     -863.87939890
    7560   15.12000000 -0.44274601E-09 -0.44852152E-09 -0.52476604E-04    31.99999999     -863.87939887
    7570   15.14000000 -0.44758129E-09 -0.45361957E-09 -0.38719173E-04    31.99999999     -863.87939885
    7580   15.16000000 -0.44744550E-09 -0.45414545E-09 -0.24544053E-04    31.99999999     -863.87939883
    7590   15.18000000 -0.44475111E-09 -0.45104385E-09 -0.10110080E-04    31.99999999     -863.87939883
    7600   15.20000000 -0.43717222E-09 -0.44355927E-09  0.44213673E-05    31.99999999     -863.87939882
    7610   15.22000000 -0.42657616E-09 -0.43152667E-09  0.18888426E-04    31.99999999     -863.87939881
    7620   15.24000000 -0.41170068E-09 -0.41640063E-09  0.33130774E-04    31.99999998     -863.87939879
    7630   15.26000000 -0.39257358E-09 -0.39550185E-09  0.46991573E-04    31.99999998     -863.87939876
    7640   15.28000000 -0.37059918E-09 -0.37197639E-09  0.60319311E-04    31.99999998     -863.87939872
    7650   15.30000000 -0.34480628E-09 -0.34369683E-09  0.72969520E-04    31.99999998     -863.87939866
    7660   15.32000000 -0.31509225E-09 -0.31298085E-09  0.84806365E-04    31.99999998     -863.87939858
    7670   15.34000000 -0.28283268E-09 -0.27910629E-09  0.95704083E-04    31.99999998     -863.87939849
    7680   15.36000000 -0.24715154E-09 -0.24257399E-09  0.10554829E-03    31.99999998     -863.87939837
    7690   15.38000000 -0.20909123E-09 -0.20440927E-09  0.11423714E-03    31.99999998     -863.87939824
    7700   15.40000000 -0.16932661E-09 -0.16382869E-09  0.12168232E-03    31.99999998     -863.87939809
    7710   15.42000000 -0.12694882E-09 -0.12195690E-09  0.12780989E-03    31.99999998     -863.87939793
    7720   15.44000000 -0.83540244E-10 -0.78954720E-10  0.13256099E-03    31.99999998     -863.87939776
    7730   15.46000000 -0.39208677E-10 -0.36182476E-10  0.13589236E-03    31.99999998     -863.87939758
    7740   15.48000000  0.52544496E-11  0.69293559E-11  0.13777665E-03    31.99999998     -863.87939740
    7750   15.50000000  0.49425532E-10  0.50605811E-10  0.13820263E-03    31.99999998     -863.87939721
    7760   15.52000000  0.92089826E-10  0.93165086E-10  0.13717514E-03    31.99999998     -863.87939703
    7770   15.54000000  0.13448999E-09  0.13561473E-09  0.13471497E-03    31.99999998     -863.87939686
    7780   15.56000000  0.17510983E-09  0.17590274E-09  0.13085851E-03    31.99999998     -863.87939670
    7790   15.58000000  0.21378036E-09  0.21470329E-09  0.12565731E-03    31.99999998     -863.87939655
    7800   15.60000000  0.25098272E-09  0.25181915E-09  0.11917752E-03    31.99999998     -863.87939641
    7810   15.62000000  0.28514835E-09  0.28607326E-09  0.11149926E-03    31.99999998     -863.87939630
    7820   15.64000000  0.31707427E-09  0.31769973E-09  0.10271585E-03    31.99999998     -863.87939620
    7830   15.66000000  0.34555058E-09  0.34631169E-09  0.92932959E-04    31.99999998     -863.87939612
    7840   15.68000000  0.37123202E-09  0.37001680E-09  0.82267756E-04    31.99999998     -863.87939607
    7850   15.70000000  0.39351427E-09  0.39089149E-09  0.70847803E-04    31.99999998     -863.87939602
    7860   15.72000000  0.41197651E-09  0.40730755E-09  0.58809917E-04    31.99999998     -863.87939600
    7870   15.74000000  0.42668646E-09  0.42008619E-09  0.46298823E-04    31.99999998     -863.87939598
    7880   15.76000000  0.43605263E-09  0.42908203E-09  0.33465635E-04    31.99999998     -863.87939597
    7890   15.78000000  0.44188892E-09  0.43384461E-09  0.20466134E-04    31.99999998     -863.87939596
    7900   15.80000000  0.44294160E-09  0.43632383E-09  0.74588384E-05    31.99999998     -863.87939595
    7910   15.82000000  0.44029099E-09  0.43344137E-09 -0.53971264E-05    31.99999998     -863.87939593
    7920   15.84000000  0.43336299E-09  0.42857487E-09 -0.17944325E-04    31.99999998     -863.87939590
    7930   15.86000000  0.42265194E-09  0.41920524E-09 -0.30029453E-04    31.99999998     -863.87939586
    7940   15.88000000  0.40783641E-09  0.40702287E-09 -0.41505851E-04    31.99999998     -863.87939580
    7950   15.90000000  0.39023392E-09  0.39150216E-09 -0.52236052E-04    31.99999998     -863.87939573
    7960   15.92000000  0.36867110E-09  0.37248030E-09 -0.62094266E-04    31.99999998     -863.87939564
    7970   15.94000000  0.34476205E-09  0.34990078E-09 -0.70968753E-04    31.99999998     -863.87939553
    7980   15.96000000  0.31811618E-09  0.32474890E-09 -0.78763982E-04    31.99999998     -863.87939540
    7990   15.98000000  0.28968145E-09  0.29612317E-09 -0.85402526E-04    31.99999998     -863.87939527
    8000   16.00000000  0.25878598E-09  0.26604229E-09 -0.90826598E-04    31.99999998     -863.87939513
    8010   16.02000000  0.22692630E-09  0.23292613E-09 -0.94999181E-04    31.99999998     -863.87939498
    8020   16.04000000  0.19286541E-09  0.19880520E-09 -0.97904689E-04    31.99999998     -863.87939483
    8030   16.06000000  0.15863160E-09  0.16224513E-09 -0.99549124E-04    31.99999998     -863.87939468
    8040   16.08000000  0.12252652E-09  0.12659681E-09 -0.99959687E-04    31.99999998     -863.87939455
    8050   16.10000000  0.87821585E-10  0.89523137E-10 -0.99183859E-04    31.99999998     -863.87939442
    8060   16.12000000  0.52263353E-10  0.53316997E-10 -0.97287946E-04    31.99999998     -863.87939430
    8070   16.14000000  0.18556015E-10  0.17757966E-10 -0.94355119E-04    31.99999998     -863.87939420
    8080   16.16000000 -0.15173873E-10 -0.16435331E-10 -0.90483019E-04    31.99999998     -863.87939411
    8090   16.18000000 -0.48017825E-10 -0.49513959E-10 -0.85780971E-04    31.99999998     -863.87939404
    8100   16.20000000 -0.78671800E-10 -0.80076117E-10 -0.80366929E-04    31.99999998     -863.87939398
    8110   16.22000000 -0.10851625E-09 -0.11045973E-09 -0.74364227E-04    31.99999998     -863.87939394
    8120   16.24000000 -0.13608279E-09 -0.13812308E-09 -0.67898261E-04    31.99999998     -863.87939390
    8130   16.26000000 -0.16226325E-09 -0.16510976E-09 -0.61093217E-04    31.99999998     -863.87939388
    8140   16.28000000 -0.18617453E-09 -0.18947749E-09 -0.54068963E-04    31.99999998     -863.87939386
    8150   16.30000000 -0.20828028E-09 -0.21205434E-09 -0.46938200E-04    31.99999998     -863.87939384
    8160   16.32000000 -0.22816993E-09 -0.23246080E-09 -0.39803999E-04    31.99999998     -863.87939382
    8170   16.34000000 -0.24640529E-09 -0.25024575E-09 -0.32757777E-04    31.99999998     -863.87939380
    8180   16.36000000 -0.26261918E-09 -0.26563340E-09 -0.25877808E-04    31.99999998     -863.87939378
    8190   16.38000000 -0.27623601E-09 -0.27776991E-09 -0.19228285E-04    31.99999998     -863.87939375
    8200   16.40000000 -0.28647272E-09 -0.28710270E-09 -0.12858981E-04    31.99999998     -863.87939372
    8210   16.42000000 -0.29425071E-09 -0.29384639E-09 -0.68054834E-05    31.99999998     -863.87939368
    8220   16.44000000 -0.29924273E-09 -0.29690100E-09 -0.10899837E-05    31.99999998     -863.87939364
    8230   16.46000000 -0.30080226E-09 -0.29792677E-09  0.42774342E-05    31.99999998     -863.87939359
    8240   16.48000000 -0.29978916E-09 -0.29579493E-09  0.92970726E-05    31.99999998     -863.87939353
    8250   16.50000000 -0.29480352E-09 -0.29146597E-09  0.13977575E-04    31.99999998     -863.87939347
    8260   16.52000000 -0.28829042E-09 -0.28522835E-09  0.18333637E-04    31.99999998     -863.87939340
    8270   16.54000000 -0.27877693E-09 -0.27606435E-09  0.22383607E-04    31.99999998     -863.87939334
    8280   16.56000000 -0.26779506E-09 -0.26558132E-09  0.26147072E-04    31.99999998     -863.87939327
    8290   16.58000000 -0.25515009E-09 -0.25332975E-09  0.29642548E-04    31.99999998     -863.87939320
    8300   16.60000000 -0.24122440E-09 -0.23995895E-09  0.32885382E-04    31.99999998     -863.87939314
    8310   16.62000000 -0.22567008E-09 -0.22488784E-09  0.35885943E-04    31.99999998     -863.87939308
    8320   16.64000000 -0.20921520E-09 -0.20851693E-09  0.38648202E-04    31.99999998     -863.87939303
    8330   16.66000000 -0.19168015E-09 -0.19173681E-09  0.41168743E-04    31.99999998     -863.87939299
    8340   16.68000000 -0.17287342E-09 -0.17342391E-09  0.43436255E-04    31.99999998     -863.87939296
    8350   16.70000000 -0.15404390E-09 -0.15478304E-09  0.45431538E-04    31.99999998     -863.87939294
    8360   16.72000000 -0.13383286E-09 -0.13580266E-09  0.47128005E-04    31.99999998     -863.87939292
    8370   16.74000000 -0.11372348E-09 -0.11577842E-09  0.48492672E-04    31.99999998     -863.87939291
    8380   16.76000000 -0.93430589E-10 -0.96180483E-10  0.49487597E-04    31.99999998     -863.87939290
    8390   16.78000000 -0.73222371E-10 -0.76382544E-10  0.50071696E-04    31.99999998     -863.87939288
    8400   16.80000000 -0.53622457E-10 -0.56756923E-10  0.50202869E-04    31.99999998     -863.87939286
    8410   16.82000000 -0.33983593E-10 -0.37290799E-10  0.49840342E-04    31.99999998     -863.87939282
    8420   16.84000000 -0.15836577E-10 -0.18698013E-10  0.48947100E-04    31.99999998     -863.87939276
    8430   16.86000000  0.19993579E-11 -0.98150362E-12  0.47492349E-04    31.99999998     -863.87939269
    8440   16.88000000  0.18277487E-10  0.15817304E-10  0.45453841E-04    31.99999998     -863.87939260
    8450   16.90000000  0.32648482E-10  0.31292413E-10  0.42820005E-04    31.99999998     -863.87939249
    8460   16.92000000  0.47073675E-10  0.45310938E-10  0.39591759E-04    31.99999998     -863.87939236
    8470   16.94000000  0.58737622E-10  0.58651732E-10  0.35783932E-04    31.99999998     -863.87939222
    8480   16.96000000  0.70342063E-10  0.70077493E-10  0.31426230E-04    31.99999998     -863.87939208
    8490   16.98000000  0.79565911E-10  0.80512734E-10  0.26563696E-04    31.99999998     -863.87939193
    8500   17.00000000  0.88088595E-10  0.88823609E-10  0.21256630E-04    31.99999998     -863.87939180
    8510   17.02000000  0.94996137E-10  0.96372234E-10  0.15579955E-04    31.99999998     -863.87939168
    8520   17.04000000  0.10090171E-09  0.10242173E-09  0.96220502E-05    31.99999998     -863.87939157
    8530   17.06000000  0.10490363E-09  0.10713717E-09  0.34830584E-05    31.99999998     -863.87939149
    8540   17.08000000  0.10789661E-09  0.11071433E-09 -0.27272831E-05    31.99999998     -863.87939142
    8550   17.10000000  0.10921591E-09  0.11245150E-09 -0.88922312E-05    31.99999998     -863.87939138
    8560   17.12000000  0.10946204E-09  0.11349318E-09 -0.14890969E-04    31.99999998     -863.87939134
    8570   17.14000000  0.10826855E-09  0.11244231E-09 -0.20601790E-04    31.99999998     -863.87939130
    8580   17.16000000  0.10605615E-09  0.11021055E-09 -0.25905426E-04    31.99999998     -863.87939127
    8590   17.18000000  0.10252067E-09  0.10633307E-09 -0.30688423E-04    31.99999998     -863.87939121
    8600   17.20000000  0.98654742E-10  0.10089109E-09 -0.34846415E-04    31.99999998     -863.87939114
    8610   17.22000000  0.92495659E-10  0.95046356E-10 -0.38287213E-04    31.99999998     -863.87939104
    8620   17.24000000  0.86662912E-10  0.87589950E-10 -0.40933557E-04    31.99999998     -863.87939091
    8630   17.26000000  0.79284884E-10  0.80402348E-10 -0.42725469E-04    31.99999998     -863.87939074
    8640   17.28000000  0.72791328E-10  0.72392182E-10 -0.43622080E-04    31.99999998     -863.87939054
    8650   17.30000000  0.65103435E-10  0.64364982E-10 -0.43602898E-04    31.99999998     -863.87939032
    8660   17.32000000  0.57860178E-10  0.56966002E-10 -0.42668464E-04    31.99999998     -863.87939008
    8670   17.34000000  0.50765542E-10  0.49671373E-10 -0.40840369E-04    31.99999998     -863.87938983
    8680   17.36000000  0.44034489E-10  0.43020239E-10 -0.38160666E-04    31.99999998     -863.87938959
    8690   17.38000000  0.38663244E-10  0.37617195E-10 -0.34690687E-04    31.99999998     -863.87938935
    8700   17.40000000  0.33659972E-10  0.32063142E-10 -0.30509335E-04    31.99999998     -863.87938914
    8710   17.42000000  0.29590100E-10  0.27828919E-10 -0.25710909E-04    31.99999998     -863.87938895
    8720   17.44000000  0.27087452E-10  0.24572299E-10 -0.20402557E-04    31.99999998     -863.87938880
    8730   17.46000000  0.25840576E-10  0.22514357E-10 -0.14701443E-04    31.99999998     -863.87938868
    8740   17.48000000  0.26453708E-10  0.22757763E-10 -0.87317269E-05    31.99999998     -863.87938859
    8750   17.50000000  0.27268473E-10  0.24368397E-10 -0.26214520E-05    31.99999998     -863.87938854
    8760   17.52000000  0.29871495E-10  0.27235360E-10  0.35005615E-05    31.99999998     -863.87938850
    8770   17.54000000  0.32680027E-10  0.31856827E-10  0.95077241E-05    31.99999998     -863.87938849
    8780   17.56000000  0.37910261E-10  0.36901139E-10  0.15278514E-04    31.99999998     -863.87938847
    8790   17.58000000  0.43196402E-10  0.44048993E-10  0.20699050E-04    31.99999998     -863.87938845
    8800   17.60000000  0.50578437E-10  0.52306414E-10  0.25665351E-04    31.99999998     -863.87938842
    8810   17.62000000  0.58764125E-10  0.61661087E-10  0.30085241E-04    31.99999998     -863.87938837
    8820   17.64000000  0.67947879E-10  0.71839415E-10  0.33879834E-04    31.99999998     -863.87938830
    8830   17.66000000  0.78382276E-10  0.83044871E-10  0.36984633E-04    31.99999998     -863.87938820
    8840   17.68000000  0.89456921E-10  0.93954559E-10  0.39350184E-04    31.99999998     -863.87938807
    8850   17.70000000  0.10142757E-09  0.10503962E-09  0.40942349E-04    31.99999998     -863.87938791
    8860   17.72000000  0.11350597E-09  0.11697438E-09  0.41742198E-04    31.99999998     -863.87938773
    8870   17.74000000  0.12553440E-09  0.12730966E-09  0.41745565E-04    31.99999998     -863.87938754
    8880   17.76000000  0.13680368E-09  0.13785529E-09  0.40962315E-04    31.99999998     -863.87938734
    8890   17.78000000  0.14765498E-09  0.14691801E-09  0.39415373E-04    31.99999998     -863.87938714
    8900   17.80000000  0.15716841E-09  0.15454382E-09  0.37139572E-04    31.99999998     -863.87938695
    8910   17.82000000  0.16558369E-09  0.16119758E-09  0.34180362E-04    31.99999998     -863.87938678
    8920   17.84000000  0.17237304E-09  0.16723816E-09  0.30592448E-04    31.99999998     -863.87938662
    8930   17.86000000  0.17771104E-09  0.17161341E-09  0.26438388E-04    31.99999998     -863.87938649
    8940   17.88000000  0.18105830E-09  0.17472448E-09  0.21787199E-04    31.99999998     -863.87938639
    8950   17.90000000  0.18248716E-09  0.17558506E-09  0.16713014E-04    31.99999998     -863.87938631
    8960   17.92000000  0.18060757E-09  0.17551700E-09  0.11293796E-04    31.99999998     -863.87938625
    8970   17.94000000  0.17646390E-09  0.17072206E-09  0.56101551E-05    31.99999998     -863.87938622
    8980   17.96000000  0.16912452E-09  0.16502628E-09 -0.25576508E-06    31.99999998     -863.87938620
    8990   17.98000000  0.15861192E-09  0.15523810E-09 -0.62212807E-05    31.99999998     -863.87938619
    9000   18.00000000  0.14492797E-09  0.14362142E-09 -0.12204090E-04    31.99999998     -863.87938618
    9010   18.02000000  0.12846832E-09  0.12852092E-09 -0.18123114E-04    31.99999998     -863.87938617
    9020   18.04000000  0.10871406E-09  0.11053659E-09 -0.23899282E-04    31.99999998     -863.87938615
    9030   18.06000000  0.87338038E-10  0.89709872E-10 -0.29456266E-04    31.99999998     -863.87938613
    9040   18.08000000  0.62769466E-10  0.66759487E-10 -0.34721185E-04    31.99999998     -863.87938609
    9050   18.10000000  0.36231493E-10  0.41109967E-10 -0.39625289E-04    31.99999998     -863.87938603
    9060   18.12000000  0.75900728E-11  0.13797179E-10 -0.44104611E-04    31.99999998     -863.87938595
    9070   18.14000000 -0.21856465E-10 -0.16438397E-10 -0.48100599E-04    31.99999998     -863.87938586
    9080   18.16000000 -0.52934949E-10 -0.47033067E-10 -0.51560705E-04    31.99999998     -863.87938576
    9090   18.18000000 -0.84784064E-10 -0.80248781E-10 -0.54438932E-04    31.99999998     -863.87938565
    9100   18.20000000 -0.11629335E-09 -0.11224794E-09 -0.56696300E-04    31.99999998     -863.87938553
    9110   18.22000000 -0.14887959E-09 -0.14577007E-09 -0.58301241E-04    31.99999998     -863.87938541
    9120   18.24000000 -0.18022802E-09 -0.17805061E-09 -0.59229887E-04    31.99999998     -863.87938528
    9130   18.26000000 -0.21103490E-09 -0.20929344E-09 -0.59466268E-04    31.99999998     -863.87938517
    9140   18.28000000 -0.24038689E-09 -0.23919656E-09 -0.59002379E-04    31.99999998     -863.87938506
    9150   18.30000000 -0.26833546E-09 -0.26716079E-09 -0.57838163E-04    31.99999998     -863.87938496
    9160   18.32000000 -0.29428313E-09 -0.29329174E-09 -0.55981383E-04    31.99999998     -863.87938488
    9170   18.34000000 -0.31818583E-09 -0.31773601E-09 -0.53447421E-04    31.99999998     -863.87938480
    9180   18.36000000 -0.33947185E-09 -0.33930445E-09 -0.50259000E-04    31.99999998     -863.87938474
    9190   18.38000000 -0.35780554E-09 -0.35882203E-09 -0.46445850E-04    31.99999998     -863.87938470
    9200   18.40000000 -0.37378546E-09 -0.37530790E-09 -0.42044347E-04    31.99999998     -863.87938466
    9210   18.42000000 -0.38552278E-09 -0.38795301E-09 -0.37097098E-04    31.99999998     -863.87938463
    9220   18.44000000 -0.39487381E-09 -0.39769231E-09 -0.31652514E-04    31.99999998     -863.87938461
    9230   18.46000000 -0.40036184E-09 -0.40278599E-09 -0.25764354E-04    31.99999998     -863.87938460
    9240   18.48000000 -0.40179675E-09 -0.40400269E-09 -0.19491240E-04    31.99999998     -863.87938459
    9250   18.50000000 -0.39889772E-09 -0.40075933E-09 -0.12896156E-04    31.99999998     -863.87938457
    9260   18.52000000 -0.39221450E-09 -0.39339233E-09 -0.60459090E-05    31.99999998     -863.87938456
    9270   18.54000000 -0.38056109E-09 -0.38165795E-09  0.98942745E-06    31.99999998     -863.87938454
    9280   18.56000000 -0.36510702E-09 -0.36566656E-09  0.81370961E-05    31.99999998     -863.87938451
    9290   18.58000000 -0.34646951E-09 -0.34570637E-09  0.15322265E-04    31.99999998     -863.87938447
    9300   18.60000000 -0.32310224E-09 -0.32322181E-09  0.22468654E-04    31.99999998     -863.87938442
    9310   18.62000000 -0.29779309E-09 -0.29653697E-09  0.29499193E-04    31.99999998     -863.87938437
    9320   18.64000000 -0.26865874E-09 -0.26788370E-09  0.36336690E-04    31.99999998     -863.87938430
    9330   18.66000000 -0.23698939E-09 -0.23626041E-09  0.42904534E-04    31.99999998     -863.87938423
    9340   18.68000000 -0.20229648E-09 -0.20244625E-09  0.49127425E-04    31.99999998     -863.87938415
    9350   18.70000000 -0.16600010E-09 -0.16610697E-09  0.54932138E-04    31.99999998     -863.87938407
    9360   18.72000000 -0.12729594E-09 -0.12810295E-09  0.60248324E-04    31.99999998     -863.87938398
    9370   18.74000000 -0.86839128E-10 -0.88032846E-10  0.65009343E-04    31.99999998     -863.87938389
    9380   18.76000000 -0.45112250E-10 -0.46097765E-10  0.69153132E-04    31.99999998     -863.87938380
    9390   18.78000000 -0.22874328E-11 -0.26128083E-11  0.72623092E-04    31.99999998     -863.87938371
    9400   18.80000000  0.41487871E-10  0.41376413E-10  0.75368979E-04    31.99999998     -863.87938363
    9410   18.82000000  0.85532032E-10  0.85784158E-10  0.77347785E-04    31.99999998     -863.87938354
    9420   18.84000000  0.12940022E-09  0.12927246E-09  0.78524578E-04    31.99999998     -863.87938346
    9430   18.86000000  0.17240811E-09  0.17275453E-09  0.78873283E-04    31.99999998     -863.87938339
    9440   18.88000000  0.21429672E-09  0.21361904E-09  0.78377361E-04    31.99999998     -863.87938332
    9450   18.90000000  0.25483247E-09  0.25452496E-09  0.77030377E-04    31.99999998     -863.87938326
    9460   18.92000000  0.29321329E-09  0.29290239E-09  0.74836423E-04    31.99999998     -863.87938320
    9470   18.94000000  0.33011423E-09  0.32973720E-09  0.71810372E-04    31.99999998     -863.87938315
    9480   18.96000000  0.36439841E-09  0.36358823E-09  0.67977950E-04    31.99999998     -863.87938310
    9490   18.98000000  0.39595470E-09  0.39503466E-09  0.63375610E-04    31.99999998     -863.87938306
    9500   19.00000000  0.42442534E-09  0.42386003E-09  0.58050202E-04    31.99999998     -863.87938301
    9510   19.02000000  0.44919901E-09  0.44809024E-09  0.52058440E-04    31.99999998     -863.87938298
    9520   19.04000000  0.46998300E-09  0.46968243E-09  0.45466167E-04    31.99999998     -863.87938294
    9530   19.06000000  0.48662394E-09  0.48555349E-09  0.38347428E-04    31.99999998     -863.87938290
    9540   19.08000000  0.49891572E-09  0.49854277E-09  0.30783378E-04    31.99999998     -863.87938286
    9550   19.10000000  0.50720820E-09  0.50637160E-09  0.22861044E-04    31.99999998     -863.87938282
    9560   19.12000000  0.51051241E-09  0.50929101E-09  0.14671970E-04    31.99999998     -863.87938278
    9570   19.14000000  0.50966598E-09  0.50814462E-09  0.63107843E-05    31.99999998     -863.87938273
    9580   19.16000000  0.50321621E-09  0.50216270E-09 -0.21262735E-05    31.99999998     -863.87938268
    9590   19.18000000  0.49309359E-09  0.49280245E-09 -0.10542829E-04    31.99999998     -863.87938263
    9600   19.20000000  0.47799862E-09  0.47845322E-09 -0.18843820E-04    31.99999998     -863.87938258
    9610   19.22000000  0.45895796E-09  0.45964087E-09 -0.26936863E-04    31.99999998     -863.87938252
    9620   19.24000000  0.43580739E-09  0.43679137E-09 -0.34733534E-04    31.99999998     -863.87938246
    9630   19.26000000  0.40766865E-09  0.40890918E-09 -0.42150508E-04    31.99999998     -863.87938240
    9640   19.28000000  0.37570988E-09  0.37788545E-09 -0.49110560E-04    31.99999998     -863.87938233
    9650   19.30000000  0.33996995E-09  0.34214749E-09 -0.55543406E-04    31.99999998     -863.87938227
    9660   19.32000000  0.30046208E-09  0.30292785E-09 -0.61386373E-04    31.99999998     -863.87938221
    9670   19.34000000  0.25841423E-09  0.26060660E-09 -0.66584905E-04    31.99999998     -863.87938215
    9680   19.36000000  0.21364247E-09  0.21586334E-09 -0.71092904E-04    31.99999998     -863.87938210
    9690   19.38000000  0.16741374E-09  0.16904317E-09 -0.74872925E-04    31.99999998     -863.87938204
    9700   19.40000000  0.11930611E-09  0.12046150E-09 -0.77896225E-04    31.99999998     -863.87938199
    9710   19.42000000  0.70167812E-10  0.71010231E-10 -0.80142701E-04    31.99999998     -863.87938194
    9720   19.44000000  0.19779935E-10  0.21269879E-10 -0.81600715E-04    31.99999998     -863.87938189
    9730   19.46000000 -0.31285769E-10 -0.29474556E-10 -0.82266847E-04    31.99999998     -863.87938183
    9740   19.48000000 -0.81574361E-10 -0.79800162E-10 -0.82145566E-04    31.99999998     -863.87938178
    9750   19.50000000 -0.13151114E-09 -0.12985014E-09 -0.81248861E-04    31.99999998     -863.87938172
    9760   19.52000000 -0.18017948E-09 -0.17934414E-09 -0.79595819E-04    31.99999998     -863.87938166
    9770   19.54000000 -0.22773931E-09 -0.22732064E-09 -0.77212185E-04    31.99999998     -863.87938160
    9780   19.56000000 -0.27323411E-09 -0.27397697E-09 -0.74129896E-04    31.99999998     -863.87938153
    9790   19.58000000 -0.31695535E-09 -0.31811562E-09 -0.70386610E-04    31.99999998     -863.87938146
    9800   19.60000000 -0.35718813E-09 -0.35941984E-09 -0.66025224E-04    31.99999998     -863.87938138
    9810   19.62000000 -0.39465801E-09 -0.39677344E-09 -0.61093408E-04    31.99999998     -863.87938130
    9820   19.64000000 -0.42822069E-09 -0.43060287E-09 -0.55643125E-04    31.99999998     -863.87938122
    9830   19.66000000 -0.45745993E-09 -0.45944132E-09 -0.49730186E-04    31.99999998     -863.87938114
    9840   19.68000000 -0.48321779E-09 -0.48441893E-09 -0.43413786E-04    31.99999998     -863.87938107
    9850   19.70000000 -0.50323096E-09 -0.50458464E-09 -0.36756054E-04    31.99999998     -863.87938100
    9860   19.72000000 -0.51878080E-09 -0.51983892E-09 -0.29821598E-04    31.99999998     -863.87938095
    9870   19.74000000 -0.52923579E-09 -0.53011652E-09 -0.22677026E-04    31.99999998     -863.87938090
    9880   19.76000000 -0.53435911E-09 -0.53556792E-09 -0.15390445E-04    31.99999998     -863.87938086
    9890   19.78000000 -0.53507387E-09 -0.53651082E-09 -0.80309290E-05    31.99999998     -863.87938083
    9900   19.80000000 -0.53138114E-09 -0.53259871E-09 -0.66792236E-06    31.99999998     -863.87938080
    9910   19.82000000 -0.52281237E-09 -0.52410073E-09  0.66293674E-05    31.99999998     -863.87938079
    9920   19.84000000 -0.50958012E-09 -0.51037289E-09  0.13792654E-04    31.99999998     -863.87938078
    9930   19.86000000 -0.49234701E-09 -0.49289803E-09  0.20755255E-04    31.99999998     -863.87938077
    9940   19.88000000 -0.47089591E-09 -0.47087268E-09  0.27452814E-04    31.99999998     -863.87938076
    9950   19.90000000 -0.44535905E-09 -0.44454963E-09  0.33823994E-04    31.99999998     -863.87938075
    9960   19.92000000 -0.41584608E-09 -0.41551441E-09  0.39811151E-04    31.99999998     -863.87938074
    9970   19.94000000 -0.38413009E-09 -0.38226847E-09  0.45360955E-04    31.99999998     -863.87938071
    9980   19.96000000 -0.34850531E-09 -0.34719878E-09  0.50424931E-04    31.99999998     -863.87938069
    9990   19.98000000 -0.31023537E-09 -0.30880430E-09  0.54959922E-04    31.99999998     -863.87938065
   10000   20.00000000 -0.26964792E-09 -0.26844920E-09  0.58928455E-04    31.99999998     -863.87938060
   10010   20.02000000 -0.22612150E-09 -0.22598696E-09  0.62299008E-04    31.99999998     -863.87938055
   10020   20.04000000 -0.18184397E-09 -0.18187499E-09  0.65046189E-04    31.99999998     -863.87938048
   10030   20.06000000 -0.13603802E-09 -0.13736910E-09  0.67150824E-04    31.99999998     -863.87938041
   10040   20.08000000 -0.89062195E-10 -0.90898018E-10  0.68599987E-04    31.99999998     -863.87938034
   10050   20.10000000 -0.42613314E-10 -0.45119302E-10  0.69386946E-04    31.99999998     -863.87938026
   10060   20.12000000  0.42971961E-11  0.16228709E-11  0.69511085E-04    31.99999998     -863.87938019
   10070   20.14000000  0.49880426E-10  0.47365177E-10  0.68977758E-04    31.99999998     -863.87938011
   10080   20.16000000  0.94214779E-10  0.92282311E-10  0.67798134E-04    31.99999998     -863.87938004
   10090   20.18000000  0.13784944E-09  0.13596599E-09  0.65988999E-04    31.99999998     -863.87937998
   10100   20.20000000  0.17895820E-09  0.17786402E-09  0.63572542E-04    31.99999998     -863.87937991
   10110   20.22000000  0.21866557E-09  0.21781589E-09  0.60576125E-04    31.99999998     -863.87937986
   10120   20.24000000  0.25545953E-09  0.25549193E-09  0.57032033E-04    31.99999998     -863.87937981
   10130   20.26000000  0.29067982E-09  0.29122774E-09  0.52977213E-04    31.99999998     -863.87937978
   10140   20.28000000  0.32233478E-09  0.32491070E-09  0.48453008E-04    31.99999998     -863.87937974
   10150   20.30000000  0.35217591E-09  0.35477327E-09  0.43504880E-04    31.99999998     -863.87937972
   10160   20.32000000  0.37805433E-09  0.38204597E-09  0.38182134E-04    31.99999998     -863.87937970
   10170   20.34000000  0.40113802E-09  0.40403081E-09  0.32537624E-04    31.99999998     -863.87937968
   10180   20.36000000  0.41932660E-09  0.42328182E-09  0.26627460E-04    31.99999998     -863.87937967
   10190   20.38000000  0.43467259E-09  0.43736218E-09  0.20510680E-04    31.99999998     -863.87937966
   10200   20.40000000  0.44484088E-09  0.44755717E-09  0.14248900E-04    31.99999998     -863.87937965
   10210   20.42000000  0.45187129E-09  0.45307609E-09  0.79059197E-05    31.99999998     -863.87937964
   10220   20.44000000  0.45330502E-09  0.45430942E-09  0.15472583E-05    31.99999998     -863.87937962
   10230   20.46000000  0.45145511E-09  0.45160832E-09 -0.47603594E-05    31.99999998     -863.87937961
   10240   20.48000000  0.44573049E-09  0.44444091E-09 -0.10949613E-04    31.99999998     -863.87937959
   10250   20.50000000  0.43540667E-09  0.43387509E-09 -0.16953263E-04    31.99999998     -863.87937957
   10260   20.52000000  0.42193139E-09  0.41976184E-09 -0.22704922E-04    31.99999998     -863.87937954
   10270   20.54000000  0.40493339E-09  0.40217357E-09 -0.28139887E-04    31.99999998     -863.87937951
   10280   20.56000000  0.38472467E-09  0.38224074E-09 -0.33196038E-04    31.99999998     -863.87937948
   10290   20.58000000  0.36225488E-09  0.35886567E-09 -0.37814792E-04    31.99999998     -863.87937945
   10300   20.60000000  0.33742239E-09  0.33389223E-09 -0.41942080E-04    31.99999998     -863.87937941
   10310   20.62000000  0.31061635E-09  0.30695537E-09 -0.45529331E-04    31.99999998     -863.87937937
   10320   20.64000000  0.28145707E-09  0.27863795E-09 -0.48534458E-04    31.99999998     -863.87937933
   10330   20.66000000  0.25142165E-09  0.24925262E-09 -0.50922789E-04    31.99999998     -863.87937929
   10340   20.68000000  0.21992358E-09  0.21882412E-09 -0.52667946E-04    31.99999998     -863.87937925
   10350   20.70000000  0.18779217E-09  0.18735539E-09 -0.53752623E-04    31.99999998     -863.87937921
   10360   20.72000000  0.15428687E-09  0.15536976E-09 -0.54169234E-04    31.99999998     -863.87937918
   10370   20.74000000  0.12087703E-09  0.12311959E-09 -0.53920401E-04    31.99999998     -863.87937914
   10380   20.76000000  0.87557646E-10  0.90625019E-10 -0.53019240E-04    31.99999998     -863.87937911
   10390   20.78000000  0.55284362E-10  0.58828391E-10 -0.51489420E-04    31.99999998     -863.87937908
   10400   20.80000000  0.22712856E-10  0.27139073E-10 -0.49364965E-04    31.99999998     -863.87937906
   10410   20.82000000 -0.76851432E-11 -0.34831362E-11 -0.46689783E-04    31.99999998     -863.87937903
   10420   20.84000000 -0.36789372E-10 -0.33664076E-10 -0.43516922E-04    31.99999998     -863.87937901
   10430   20.86000000 -0.64255904E-10 -0.62197130E-10 -0.39907544E-04    31.99999998     -863.87937899
   10440   20.88000000 -0.90534768E-10 -0.89389187E-10 -0.35929662E-04    31.99999998     -863.87937897
   10450   20.90000000 -0.11517169E-09 -0.11498865E-09 -0.31656652E-04    31.99999998     -863.87937895
   10460   20.92000000 -0.13828136E-09 -0.13849164E-09 -0.27165597E-04    31.99999998     -863.87937893
   10470   20.94000000 -0.16009587E-09 -0.16021727E-09 -0.22535513E-04    31.99999998     -863.87937891
   10480   20.96000000 -0.17974829E-09 -0.18046743E-09 -0.17845524E-04    31.99999998     -863.87937889
   10490   20.98000000 -0.19793856E-09 -0.19821000E-09 -0.13173039E-04    31.99999998     -863.87937887
   10500   21.00000000 -0.21381890E-09 -0.21429999E-09 -0.85920111E-05    31.99999998     -863.87937884
   10510   21.02000000 -0.22834176E-09 -0.22798413E-09 -0.41713228E-05    31.99999998     -863.87937882
   10520   21.04000000 -0.23959353E-09 -0.23998156E-09  0.26627899E-07    31.99999998     -863.87937878
   10530   21.06000000 -0.24901250E-09 -0.24970128E-09  0.39471181E-05    31.99999998     -863.87937875
   10540   21.08000000 -0.25626310E-09 -0.25728325E-09  0.75440008E-05    31.99999998     -863.87937872
   10550   21.10000000 -0.26073596E-09 -0.26238509E-09  0.10780317E-04    31.99999998     -863.87937869
   10560   21.12000000 -0.26327435E-09 -0.26570259E-09  0.13628591E-04    31.99999998     -863.87937866
   10570   21.14000000 -0.26373127E-09 -0.26660696E-09  0.16070814E-04    31.99999998     -863.87937863
   10580   21.16000000 -0.26202356E-09 -0.26539642E-09  0.18098144E-04    31.99999998     -863.87937860
   10590   21.18000000 -0.25868849E-09 -0.26230793E-09  0.19710325E-04    31.99999998     -863.87937858
   10600   21.20000000 -0.25424692E-09 -0.25728613E-09  0.20914889E-04    31.99999998     -863.87937856
   10610   21.22000000 -0.24841044E-09 -0.25028031E-09  0.21726177E-04    31.99999998     -863.87937854
   10620   21.24000000 -0.24106191E-09 -0.24249031E-09  0.22164238E-04    31.99999998     -863.87937853
   10630   21.26000000 -0.23265229E-09 -0.23383523E-09  0.22253673E-04    31.99999998     -863.87937852
   10640   21.28000000 -0.22409882E-09 -0.22477617E-09  0.22022461E-04    31.99999998     -863.87937852
   10650   21.30000000 -0.21480135E-09 -0.21437697E-09  0.21500854E-04    31.99999998     -863.87937851
   10660   21.32000000 -0.20480534E-09 -0.20408392E-09  0.20720368E-04    31.99999998     -863.87937851
   10670   21.34000000 -0.19499672E-09 -0.19353996E-09  0.19712914E-04    31.99999998     -863.87937851
   10680   21.36000000 -0.18466899E-09 -0.18227129E-09  0.18510114E-04    31.99999998     -863.87937851
   10690   21.38000000 -0.17503554E-09 -0.17205317E-09  0.17142780E-04    31.99999998     -863.87937851
   10700   21.40000000 -0.16594507E-09 -0.16101304E-09  0.15640611E-04    31.99999998     -863.87937851
   10710   21.42000000 -0.15600721E-09 -0.15043676E-09  0.14032047E-04    31.99999998     -863.87937850
   10720   21.44000000 -0.14568709E-09 -0.14009835E-09  0.12344297E-04    31.99999998     -863.87937850
   10730   21.46000000 -0.13510139E-09 -0.13011090E-09  0.10603484E-04    31.99999998     -863.87937849
   10740   21.48000000 -0.12429789E-09 -0.12024021E-09  0.88348904E-05    31.99999998     -863.87937849
   10750   21.50000000 -0.11256178E-09 -0.10988246E-09  0.70632518E-05    31.99999998     -863.87937848
   10760   21.52000000 -0.10133388E-09 -0.99741106E-10  0.53130491E-05    31.99999998     -863.87937847
   10770   21.54000000 -0.89150964E-10 -0.88829338E-10  0.36087721E-05    31.99999998     -863.87937845
   10780   21.56000000 -0.77422167E-10 -0.78434452E-10  0.19751021E-05    31.99999998     -863.87937843
   10790   21.58000000 -0.65015730E-10 -0.68021394E-10  0.43698111E-06    31.99999998     -863.87937841
   10800   21.60000000 -0.53719518E-10 -0.56140562E-10 -0.98045475E-06    31.99999998     -863.87937838
   10810   21.62000000 -0.40991604E-10 -0.44704779E-10 -0.22521020E-05    31.99999998     -863.87937836
   10820   21.64000000 -0.28974463E-10 -0.32484403E-10 -0.33532850E-05    31.99999998     -863.87937833
   10830   21.66000000 -0.16412645E-10 -0.20368823E-10 -0.42603004E-05    31.99999998     -863.87937829
   10840   21.68000000 -0.36448241E-11 -0.80613784E-11 -0.49511195E-05    31.99999998     -863.87937826
   10850   21.70000000  0.91783102E-11  0.63635882E-11 -0.54061931E-05    31.99999998     -863.87937822
   10860   21.72000000  0.23491823E-10  0.20069699E-10 -0.56093429E-05    31.99999998     -863.87937819
   10870   21.74000000  0.37614975E-10  0.35509281E-10 -0.55486758E-05    31.99999998     -863.87937816
   10880   21.76000000  0.53361779E-10  0.51117785E-10 -0.52174795E-05    31.99999998     -863.87937812
   10890   21.78000000  0.68749239E-10  0.67241349E-10 -0.46150382E-05    31.99999998     -863.87937809
   10900   21.80000000  0.85503005E-10  0.84685000E-10 -0.37473117E-05    31.99999998     -863.87937807
   10910   21.82000000  0.10150351E-09  0.10161930E-09 -0.26274345E-05    31.99999998     -863.87937805
   10920   21.84000000  0.11855926E-09  0.11923196E-09 -0.12759753E-05    31.99999998     -863.87937803
   10930   21.86000000  0.13496149E-09  0.13634890E-09  0.27905546E-06    31.99999998     -863.87937802
   10940   21.88000000  0.15121147E-09  0.15315328E-09  0.20025008E-05    31.99999998     -863.87937800
   10950   21.90000000  0.16729787E-09  0.16964530E-09  0.38526332E-05    31.99999998     -863.87937800
   10960   21.92000000  0.18240173E-09  0.18570231E-09  0.57820419E-05    31.99999998     -863.87937799
   10970   21.94000000  0.19810966E-09  0.20139706E-09  0.77387652E-05    31.99999998     -863.87937799
   10980   21.96000000  0.21246211E-09  0.21617338E-09  0.96676812E-05    31.99999998     -863.87937798
   10990   21.98000000  0.22682635E-09  0.23126305E-09  0.11512062E-04    31.99999998     -863.87937797
   11000   22.00000000  0.24064052E-09  0.24440434E-09  0.13215261E-04    31.99999998     -863.87937796
   11010   22.02000000  0.25286666E-09  0.25637925E-09  0.14722450E-04    31.99999998     -863.87937795
   11020   22.04000000  0.26483247E-09  0.26657193E-09  0.15982331E-04    31.99999998     -863.87937793
   11030   22.06000000  0.27514029E-09  0.27531760E-09  0.16948753E-04    31.99999998     -863.87937791
   11040   22.08000000  0.28381701E-09  0.28290458E-09  0.17582151E-04    31.99999998     -863.87937789
   11050   22.10000000  0.29023792E-09  0.28783792E-09  0.17850774E-04    31.99999998     -863.87937786
   11060   22.12000000  0.29463164E-09  0.29122089E-09  0.17731612E-04    31.99999998     -863.87937783
   11070   22.14000000  0.29629421E-09  0.29271238E-09  0.17211035E-04    31.99999998     -863.87937779
   11080   22.16000000  0.29564841E-09  0.29240509E-09  0.16285099E-04    31.99999998     -863.87937776
   11090   22.18000000  0.29250765E-09  0.29048549E-09  0.14959540E-04    31.99999998     -863.87937772
   11100   22.20000000  0.28630761E-09  0.28561313E-09  0.13249482E-04    31.99999998     -863.87937768
   11110   22.22000000  0.27821847E-09  0.27760506E-09  0.11178883E-04    31.99999998     -863.87937765
   11120   22.24000000  0.26754421E-09  0.26739945E-09  0.87797855E-05    31.99999998     -863.87937762
   11130   22.26000000  0.25413797E-09  0.25364772E-09  0.60914108E-05    31.99999998     -863.87937758
   11140   22.28000000  0.23816040E-09  0.23791756E-09  0.31591507E-05    31.99999998     -863.87937755
   11150   22.30000000  0.22073641E-09  0.21901131E-09  0.33512014E-07    31.99999998     -863.87937752
   11160   22.32000000  0.20021266E-09  0.19783808E-09 -0.32309645E-05    31.99999998     -863.87937749
   11170   22.34000000  0.17822793E-09  0.17562728E-09 -0.65767655E-05    31.99999998     -863.87937747
   11180   22.36000000  0.15335874E-09  0.15108591E-09 -0.99444631E-05    31.99999998     -863.87937744
   11190   22.38000000  0.12726312E-09  0.12518726E-09 -0.13273730E-04    31.99999998     -863.87937741
   11200   22.40000000  0.98773649E-10  0.97008632E-10 -0.16504356E-04    31.99999998     -863.87937738
   11210   22.42000000  0.69762384E-10  0.67472300E-10 -0.19577254E-04    31.99999998     -863.87937736
   11220   22.44000000  0.38226402E-10  0.37149272E-10 -0.22435469E-04    31.99999998     -863.87937733
   11230   22.46000000  0.57881457E-11  0.51110223E-11 -0.25025204E-04    31.99999998     -863.87937731
   11240   22.48000000 -0.27283651E-10 -0.26741365E-10 -0.27296867E-04    31.99999998     -863.87937728
   11250   22.50000000 -0.61332913E-10 -0.60466156E-10 -0.29206105E-04    31.99999998     -863.87937726
   11260   22.52000000 -0.94454485E-10 -0.93230784E-10 -0.30714843E-04    31.99999998     -863.87937724
   11270   22.54000000 -0.12751406E-09 -0.12525434E-09 -0.31792248E-04    31.99999998     -863.87937722
   11280   22.56000000 -0.16030632E-09 -0.15697001E-09 -0.32415623E-04    31.99999998     -863.87937720
   11290   22.58000000 -0.19143478E-09 -0.18775707E-09 -0.32571144E-04    31.99999998     -863.87937718
   11300   22.60000000 -0.22174433E-09 -0.21692793E-09 -0.32254407E-04    31.99999998     -863.87937716
   11310   22.62000000 -0.24981792E-09 -0.24525481E-09 -0.31470741E-04    31.99999998     -863.87937714
   11320   22.64000000 -0.27657631E-09 -0.27109813E-09 -0.30235222E-04    31.99999998     -863.87937712
   11330   22.66000000 -0.30005250E-09 -0.29623568E-09 -0.28572396E-04    31.99999998     -863.87937710
   11340   22.68000000 -0.32169058E-09 -0.31839169E-09 -0.26515646E-04    31.99999998     -863.87937707
   11350   22.70000000 -0.34039227E-09 -0.33860787E-09 -0.24106265E-04    31.99999998     -863.87937704
   11360   22.72000000 -0.35579802E-09 -0.35515396E-09 -0.21392222E-04    31.99999998     -863.87937701
   11370   22.74000000 -0.36895635E-09 -0.36879670E-09 -0.18426668E-04    31.99999998     -863.87937698
   11380   22.76000000 -0.37814598E-09 -0.37969601E-09 -0.15266268E-04    31.99999998     -863.87937694
   11390   22.78000000 -0.38457100E-09 -0.38604118E-09 -0.11969388E-04    31.99999998     -863.87937691
   11400   22.80000000 -0.38712154E-09 -0.39010107E-09 -0.85942648E-05    31.99999998     -863.87937687
   11410   22.82000000 -0.38623541E-09 -0.38955900E-09 -0.51972042E-05    31.99999998     -863.87937684
   11420   22.84000000 -0.38201515E-09 -0.38570691E-09 -0.18309135E-05    31.99999998     -863.87937680
   11430   22.86000000 -0.37391318E-09 -0.37770438E-09  0.14569630E-05    31.99999998     -863.87937678
   11440   22.88000000 -0.36210378E-09 -0.36515058E-09  0.46250371E-05    31.99999998     -863.87937675
   11450   22.90000000 -0.34688373E-09 -0.34944652E-09  0.76390439E-05    31.99999998     -863.87937673
   11460   22.92000000 -0.32810129E-09 -0.32925333E-09  0.10472342E-04    31.99999998     -863.87937671
   11470   22.94000000 -0.30551369E-09 -0.30680851E-09  0.13106031E-04    31.99999998     -863.87937670
   11480   22.96000000 -0.27987428E-09 -0.28115887E-09  0.15528680E-04    31.99999998     -863.87937669
   11490   22.98000000 -0.25112684E-09 -0.25233184E-09  0.17735691E-04    31.99999998     -863.87937667
   11500   23.00000000 -0.21908237E-09 -0.22123778E-09  0.19728330E-04    31.99999998     -863.87937666
   11510   23.02000000 -0.18604724E-09 -0.18652662E-09  0.21512488E-04    31.99999998     -863.87937665
   11520   23.04000000 -0.14935970E-09 -0.15078586E-09  0.23097238E-04    31.99999998     -863.87937664
   11530   23.06000000 -0.11236598E-09 -0.11133262E-09  0.24493273E-04    31.99999997     -863.87937662
   11540   23.08000000 -0.71918162E-10 -0.70997822E-10  0.25711319E-04    31.99999997     -863.87937659
   11550   23.10000000 -0.32318172E-10 -0.29001440E-10  0.26760612E-04    31.99999997     -863.87937656
   11560   23.12000000  0.88099550E-11  0.13098429E-10  0.27647530E-04    31.99999997     -863.87937652
   11570   23.14000000  0.48838015E-10  0.55153948E-10  0.28374474E-04    31.99999997     -863.87937647
   11580   23.16000000  0.90129547E-10  0.96510382E-10  0.28939056E-04    31.99999997     -863.87937643
   11590   23.18000000  0.13067410E-09  0.13564346E-09  0.29333655E-04    31.99999997     -863.87937638
   11600   23.20000000  0.16972204E-09  0.17283336E-09  0.29545378E-04    31.99999997     -863.87937633
   11610   23.22000000  0.20725335E-09  0.20852431E-09  0.29556429E-04    31.99999997     -863.87937628
   11620   23.24000000  0.24268885E-09  0.24143946E-09  0.29344883E-04    31.99999997     -863.87937623
   11630   23.26000000  0.27539311E-09  0.27320746E-09  0.28885815E-04    31.99999997     -863.87937619
   11640   23.28000000  0.30575674E-09  0.30087463E-09  0.28152743E-04    31.99999997     -863.87937616
   11650   23.30000000  0.33260741E-09  0.32654581E-09  0.27119290E-04    31.99999997     -863.87937613
   11660   23.32000000  0.35510168E-09  0.34766024E-09  0.25760996E-04    31.99999997     -863.87937610
   11670   23.34000000  0.37254070E-09  0.36585391E-09  0.24057161E-04    31.99999997     -863.87937607
   11680   23.36000000  0.38579486E-09  0.37969682E-09  0.21992638E-04    31.99999997     -863.87937605
   11690   23.38000000  0.39337414E-09  0.38890615E-09  0.19559479E-04    31.99999997     -863.87937602
   11700   23.40000000  0.39673091E-09  0.39352365E-09  0.16758330E-04    31.99999997     -863.87937599
   11710   23.42000000  0.39544330E-09  0.39362743E-09  0.13599531E-04    31.99999997     -863.87937597
   11720   23.44000000  0.38957363E-09  0.38946143E-09  0.10103846E-04    31.99999997     -863.87937593
   11730   23.46000000  0.37999433E-09  0.38073128E-09  0.63027814E-05    31.99999997     -863.87937590
   11740   23.48000000  0.36656790E-09  0.36809995E-09  0.22384933E-05    31.99999997     -863.87937586
   11750   23.50000000  0.34878031E-09  0.35106947E-09 -0.20367417E-05    31.99999997     -863.87937582
   11760   23.52000000  0.32757923E-09  0.33030760E-09 -0.64614508E-05    31.99999997     -863.87937578
   11770   23.54000000  0.30341630E-09  0.30596417E-09 -0.10966269E-04    31.99999997     -863.87937574
   11780   23.56000000  0.27500440E-09  0.27806567E-09 -0.15475563E-04    31.99999997     -863.87937569
   11790   23.58000000  0.24486303E-09  0.24731397E-09 -0.19909314E-04    31.99999997     -863.87937565
   11800   23.60000000  0.21058083E-09  0.21299114E-09 -0.24185193E-04    31.99999997     -863.87937561
   11810   23.62000000  0.17511603E-09  0.17647641E-09 -0.28220747E-04    31.99999997     -863.87937556
   11820   23.64000000  0.13660199E-09  0.13770901E-09 -0.31935619E-04    31.99999997     -863.87937552
   11830   23.66000000  0.96906354E-10  0.97701433E-10 -0.35253715E-04    31.99999997     -863.87937548
   11840   23.68000000  0.55315023E-10  0.56645075E-10 -0.38105254E-04    31.99999997     -863.87937543
   11850   23.70000000  0.13385136E-10  0.14509116E-10 -0.40428616E-04    31.99999997     -863.87937539
   11860   23.72000000 -0.29053227E-10 -0.27248734E-10 -0.42171943E-04    31.99999997     -863.87937535
   11870   23.74000000 -0.71387861E-10 -0.69734730E-10 -0.43294434E-04    31.99999997     -863.87937530
   11880   23.76000000 -0.11237448E-09 -0.11097773E-09 -0.43767305E-04    31.99999997     -863.87937526
   11890   23.78000000 -0.15258617E-09 -0.15091775E-09 -0.43574383E-04    31.99999997     -863.87937522
   11900   23.80000000 -0.19057959E-09 -0.18923868E-09 -0.42712345E-04    31.99999997     -863.87937518
   11910   23.82000000 -0.22612029E-09 -0.22488772E-09 -0.41190586E-04    31.99999997     -863.87937514
   11920   23.84000000 -0.25927520E-09 -0.25852683E-09 -0.39030769E-04    31.99999997     -863.87937511
   11930   23.86000000 -0.28840220E-09 -0.28823475E-09 -0.36266061E-04    31.99999997     -863.87937507
   11940   23.88000000 -0.31468464E-09 -0.31511494E-09 -0.32940135E-04    31.99999997     -863.87937504
   11950   23.90000000 -0.33636952E-09 -0.33814228E-09 -0.29105968E-04    31.99999997     -863.87937501
   11960   23.92000000 -0.35500228E-09 -0.35669418E-09 -0.24824507E-04    31.99999997     -863.87937498
   11970   23.94000000 -0.36774183E-09 -0.37215656E-09 -0.20163257E-04    31.99999997     -863.87937495
   11980   23.96000000 -0.37805680E-09 -0.38156270E-09 -0.15194846E-04    31.99999997     -863.87937492
   11990   23.98000000 -0.38163608E-09 -0.38668992E-09 -0.99956113E-05    31.99999997     -863.87937490
   12000   24.00000000 -0.38177506E-09 -0.38586036E-09 -0.46442468E-05    31.99999997     -863.87937487
   12010   24.02000000 -0.37627987E-09 -0.37991111E-09  0.77946996E-06    31.99999997     -863.87937485
   12020   24.04000000 -0.36653483E-09 -0.36910350E-09  0.61958567E-05    31.99999997     -863.87937483
   12030   24.06000000 -0.35205955E-09 -0.35329065E-09  0.11526407E-04    31.99999997     -863.87937481
   12040   24.08000000 -0.33259723E-09 -0.33320005E-09  0.16694776E-04    31.99999997     -863.87937479
   12050   24.10000000 -0.30900239E-09 -0.30818066E-09  0.21627684E-04    31.99999997     -863.87937478
   12060   24.12000000 -0.28074835E-09 -0.27923381E-09  0.26255746E-04    31.99999997     -863.87937476
   12070   24.14000000 -0.24883019E-09 -0.24696464E-09  0.30514221E-04    31.99999997     -863.87937474
   12080   24.16000000 -0.21308144E-09 -0.21115736E-09  0.34343716E-04    31.99999997     -863.87937472
   12090   24.18000000 -0.17471860E-09 -0.17362956E-09  0.37690808E-04    31.99999997     -863.87937469
   12100   24.20000000 -0.13425667E-09 -0.13240317E-09  0.40508604E-04    31.99999997     -863.87937467
   12110   24.22000000 -0.92049189E-10 -0.90240781E-10  0.42757230E-04    31.99999997     -863.87937464
   12120   24.24000000 -0.48701106E-10 -0.46625771E-10  0.44404230E-04    31.99999997     -863.87937461
   12130   24.26000000 -0.47708940E-11 -0.25998493E-11  0.45424883E-04    31.99999997     -863.87937457
   12140   24.28000000  0.38564829E-10  0.40253112E-10  0.45802441E-04    31.99999997     -863.87937454
   12150   24.30000000  0.81485237E-10  0.83533257E-10  0.45528277E-04    31.99999997     -863.87937450
   12160   24.32000000  0.12243882E-09  0.12463665E-09  0.44601960E-04    31.99999997     -863.87937446
   12170   24.34000000  0.16192618E-09  0.16478098E-09  0.43031279E-04    31.99999997     -863.87937442
   12180   24.36000000  0.19933890E-09  0.20182777E-09  0.40832210E-04    31.99999997     -863.87937438
   12190   24.38000000  0.23359530E-09  0.23603850E-09  0.38028842E-04    31.99999997     -863.87937435
   12200   24.40000000  0.26447027E-09  0.26630977E-09  0.34653266E-04    31.99999997     -863.87937431
   12210   24.42000000  0.29180786E-09  0.29296635E-09  0.30745414E-04    31.99999997     -863.87937428
   12220   24.44000000  0.31505282E-09  0.31454568E-09  0.26352838E-04    31.99999997     -863.87937426
   12230   24.46000000  0.33371898E-09  0.33138924E-09  0.21530417E-04    31.99999997     -863.87937424
   12240   24.48000000  0.34681395E-09  0.34382464E-09  0.16339947E-04    31.99999997     -863.87937422
   12250   24.50000000  0.35564065E-09  0.35056021E-09  0.10849599E-04    31.99999997     -863.87937421
   12260   24.52000000  0.35840957E-09  0.35308933E-09  0.51332240E-05    31.99999997     -863.87937421
   12270   24.54000000  0.35605036E-09  0.35060162E-09 -0.73051177E-06    31.99999997     -863.87937420
   12280   24.56000000  0.34842345E-09  0.34325417E-09 -0.66591690E-05    31.99999997     -863.87937420
   12290   24.58000000  0.33546810E-09  0.33158911E-09 -0.12567736E-04    31.99999997     -863.87937420
   12300   24.60000000  0.31737837E-09  0.31492688E-09 -0.18369968E-04    31.99999997     -863.87937420
   12310   24.62000000  0.29507323E-09  0.29476550E-09 -0.23979825E-04    31.99999997     -863.87937419
   12320   24.64000000  0.26853527E-09  0.26928756E-09 -0.29312964E-04    31.99999997     -863.87937418
   12330   24.66000000  0.23842059E-09  0.24044202E-09 -0.34288232E-04    31.99999997     -863.87937417
   12340   24.68000000  0.20374487E-09  0.20702720E-09 -0.38829125E-04    31.99999997     -863.87937415
   12350   24.70000000  0.16705763E-09  0.17012786E-09 -0.42865144E-04    31.99999997     -863.87937412
   12360   24.72000000  0.12710445E-09  0.13047388E-09 -0.46333043E-04    31.99999997     -863.87937409
   12370   24.74000000  0.86285265E-10  0.88748668E-10 -0.49177922E-04    31.99999997     -863.87937405
   12380   24.76000000  0.42751298E-10  0.46195824E-10 -0.51354162E-04    31.99999997     -863.87937400
   12390   24.78000000 -0.46508844E-12  0.17068331E-11 -0.52826188E-04    31.99999997     -863.87937395
   12400   24.80000000 -0.45185146E-10 -0.42991038E-10 -0.53569068E-04    31.99999997     -863.87937390
   12410   24.82000000 -0.89390695E-10 -0.87510967E-10 -0.53568945E-04    31.99999997     -863.87937385
   12420   24.84000000 -0.13310757E-09 -0.13209378E-09 -0.52823298E-04    31.99999997     -863.87937380
   12430   24.86000000 -0.17588233E-09 -0.17409703E-09 -0.51341036E-04    31.99999997     -863.87937375
   12440   24.88000000 -0.21667546E-09 -0.21525850E-09 -0.49142421E-04    31.99999997     -863.87937371
   12450   24.90000000 -0.25518223E-09 -0.25339734E-09 -0.46258802E-04    31.99999997     -863.87937367
   12460   24.92000000 -0.29032818E-09 -0.28872102E-09 -0.42732159E-04    31.99999997     -863.87937364
   12470   24.94000000 -0.32173386E-09 -0.32017322E-09 -0.38614450E-04    31.99999997     -863.87937361
   12480   24.96000000 -0.34813100E-09 -0.34768465E-09 -0.33966752E-04    31.99999997     -863.87937359
   12490   24.98000000 -0.37019610E-09 -0.37031849E-09 -0.28858205E-04    31.99999997     -863.87937358
   12500   25.00000000 -0.38698662E-09 -0.38820057E-09 -0.23364774E-04    31.99999997     -863.87937357
   12510   25.02000000 -0.39881459E-09 -0.40130527E-09 -0.17567853E-04    31.99999997     -863.87937356
   12520   25.04000000 -0.40553288E-09 -0.40859822E-09 -0.11552753E-04    31.99999997     -863.87937356
   12530   25.06000000 -0.40688287E-09 -0.41109760E-09 -0.54071083E-05    31.99999997     -863.87937356
   12540   25.08000000 -0.40272236E-09 -0.40830121E-09  0.78073730E-06    31.99999997     -863.87937355
   12550   25.10000000 -0.39378061E-09 -0.39935533E-09  0.69233134E-05    31.99999997     -863.87937355
   12560   25.12000000 -0.37956675E-09 -0.38649478E-09  0.12935520E-04    31.99999997     -863.87937354
   12570   25.14000000 -0.36111857E-09 -0.36731577E-09  0.18736001E-04    31.99999997     -863.87937353
   12580   25.16000000 -0.33777615E-09 -0.34339545E-09  0.24248343E-04    31.99999997     -863.87937351
   12590   25.18000000 -0.31011374E-09 -0.31436750E-09  0.29402086E-04    31.99999997     -863.87937349
   12600   25.20000000 -0.27842175E-09 -0.28093539E-09  0.34133540E-04    31.99999997     -863.87937346
   12610   25.22000000 -0.24235131E-09 -0.24296484E-09  0.38386391E-04    31.99999997     -863.87937343
   12620   25.24000000 -0.20409940E-09 -0.20131516E-09  0.42112138E-04    31.99999997     -863.87937340
   12630   25.26000000 -0.16152600E-09 -0.15704056E-09  0.45270371E-04    31.99999997     -863.87937336
   12640   25.28000000 -0.11662891E-09 -0.11058723E-09  0.47828924E-04    31.99999997     -863.87937332
   12650   25.30000000 -0.69491202E-10 -0.61960134E-10  0.49763929E-04    31.99999997     -863.87937328
   12660   25.32000000 -0.20519403E-10 -0.12538158E-10  0.51059815E-04    31.99999997     -863.87937325
   12670   25.34000000  0.29882171E-10  0.37577186E-10  0.51709253E-04    31.99999997     -863.87937321
   12680   25.36000000  0.80997666E-10  0.87176663E-10  0.51713061E-04    31.99999997     -863.87937317
   12690   25.38000000  0.13049396E-09  0.13681411E-09  0.51080075E-04    31.99999997     -863.87937314
   12700   25.40000000  0.17982155E-09  0.18399805E-09  0.49826965E-04    31.99999997     -863.87937311
   12710   25.42000000  0.22655780E-09  0.23061413E-09  0.47977990E-04    31.99999997     -863.87937308
   12720   25.44000000  0.27181241E-09  0.27317019E-09  0.45564652E-04    31.99999997     -863.87937306
   12730   25.46000000  0.31403249E-09  0.31332802E-09  0.42625251E-04    31.99999997     -863.87937304
   12740   25.48000000  0.35246277E-09  0.34991681E-09  0.39204312E-04    31.99999997     -863.87937302
   12750   25.50000000  0.38673591E-09  0.38272232E-09  0.35351878E-04    31.99999997     -863.87937300
   12760   25.52000000  0.41634737E-09  0.41206515E-09  0.31122689E-04    31.99999997     -863.87937298
   12770   25.54000000  0.44157213E-09  0.43628433E-09  0.26575245E-04    31.99999997     -863.87937297
   12780   25.56000000  0.46112740E-09  0.45570169E-09  0.21770793E-04    31.99999997     -863.87937296
   12790   25.58000000  0.47547172E-09  0.47020415E-09  0.16772281E-04    31.99999997     -863.87937295
   12800   25.60000000  0.48387548E-09  0.47889599E-09  0.11643304E-04    31.99999997     -863.87937294
   12810   25.62000000  0.48695709E-09  0.48232615E-09  0.64471043E-05    31.99999997     -863.87937293
   12820   25.64000000  0.48427677E-09  0.48001535E-09  0.12456383E-05    31.99999997     -863.87937292
   12830   25.66000000  0.47518789E-09  0.47167494E-09 -0.39012339E-05    31.99999997     -863.87937291
   12840   25.68000000  0.46065440E-09  0.45836705E-09 -0.89364391E-05    31.99999997     -863.87937290
   12850   25.70000000  0.44072766E-09  0.43955928E-09 -0.13806245E-04    31.99999997     -863.87937290
   12860   25.72000000  0.41546075E-09  0.41544969E-09 -0.18460686E-04    31.99999997     -863.87937289
   12870   25.74000000  0.38505836E-09  0.38637070E-09 -0.22853868E-04    31.99999997     -863.87937288
   12880   25.76000000  0.34942383E-09  0.35287167E-09 -0.26944184E-04    31.99999997     -863.87937287
   12890   25.78000000  0.31019524E-09  0.31480075E-09 -0.30694446E-04    31.99999997     -863.87937286
   12900   25.80000000  0.26763470E-09  0.27341179E-09 -0.34071971E-04    31.99999997     -863.87937284
   12910   25.82000000  0.22258259E-09  0.22765712E-09 -0.37048619E-04    31.99999997     -863.87937283
   12920   25.84000000  0.17417704E-09  0.18046205E-09 -0.39600819E-04    31.99999997     -863.87937281
   12930   25.86000000  0.12499576E-09  0.13054829E-09 -0.41709560E-04    31.99999997     -863.87937280
   12940   25.88000000  0.73945027E-10  0.79084467E-10 -0.43360377E-04    31.99999997     -863.87937278
   12950   25.90000000  0.22744229E-10  0.27475690E-10 -0.44543309E-04    31.99999997     -863.87937276
   12960   25.92000000 -0.28814833E-10 -0.25392202E-10 -0.45252829E-04    31.99999997     -863.87937273
   12970   25.94000000 -0.80239066E-10 -0.77232793E-10 -0.45487750E-04    31.99999997     -863.87937271
   12980   25.96000000 -0.13134247E-09 -0.12889279E-09 -0.45251100E-04    31.99999997     -863.87937269
   12990   25.98000000 -0.18010889E-09 -0.17960114E-09 -0.44549956E-04    31.99999997     -863.87937267
   13000   26.00000000 -0.22763284E-09 -0.22805488E-09 -0.43395277E-04    31.99999997     -863.87937264
   13010   26.02000000 -0.27219800E-09 -0.27495881E-09 -0.41801699E-04    31.99999997     -863.87937262
   13020   26.04000000 -0.31399953E-09 -0.31699500E-09 -0.39787341E-04    31.99999997     -863.87937260
   13030   26.06000000 -0.35203937E-09 -0.35584204E-09 -0.37373616E-04    31.99999997     -863.87937258
   13040   26.08000000 -0.38615984E-09 -0.38983175E-09 -0.34585058E-04    31.99999997     -863.87937257
   13050   26.10000000 -0.41504707E-09 -0.41935764E-09 -0.31449184E-04    31.99999997     -863.87937255
   13060   26.12000000 -0.44012923E-09 -0.44388330E-09 -0.27996373E-04    31.99999997     -863.87937254
   13070   26.14000000 -0.45975277E-09 -0.46348352E-09 -0.24259792E-04    31.99999997     -863.87937253
   13080   26.16000000 -0.47408400E-09 -0.47797120E-09 -0.20275328E-04    31.99999997     -863.87937253
   13090   26.18000000 -0.48317198E-09 -0.48698810E-09 -0.16081544E-04    31.99999997     -863.87937252
   13100   26.20000000 -0.48648785E-09 -0.48961481E-09 -0.11719619E-04    31.99999997     -863.87937252
   13110   26.22000000 -0.48472445E-09 -0.48724122E-09 -0.72332717E-05    31.99999997     -863.87937252
   13120   26.24000000 -0.47671382E-09 -0.47904799E-09 -0.26686226E-05    31.99999997     -863.87937252
   13130   26.26000000 -0.46433800E-09 -0.46571948E-09  0.19260044E-05    31.99999997     -863.87937252
   13140   26.28000000 -0.44570599E-09 -0.44729167E-09  0.65003862E-05    31.99999997     -863.87937252
   13150   26.30000000 -0.42353672E-09 -0.42332642E-09  0.11002806E-04    31.99999997     -863.87937252
   13160   26.32000000 -0.39639689E-09 -0.39605120E-09  0.15380598E-04    31.99999997     -863.87937251
   13170   26.34000000 -0.36609189E-09 -0.36406220E-09  0.19580801E-04    31.99999997     -863.87937251
   13180   26.36000000 -0.33197951E-09 -0.32956120E-09  0.23550952E-04    31.99999997     -863.87937250
   13190   26.38000000 -0.29479366E-09 -0.29186117E-09  0.27239971E-04    31.99999997     -863.87937249
   13200   26.40000000 -0.25470509E-09 -0.25127828E-09  0.30599141E-04    31.99999997     -863.87937248
   13210   26.42000000 -0.21217809E-09 -0.20907591E-09  0.33583121E-04    31.99999997     -863.87937246
   13220   26.44000000 -0.16756109E-09 -0.16407786E-09  0.36150978E-04    31.99999997     -863.87937244
   13230   26.46000000 -0.12175365E-09 -0.11736632E-09  0.38267179E-04    31.99999997     -863.87937242
   13240   26.48000000 -0.75051563E-10 -0.70916299E-10  0.39902491E-04    31.99999997     -863.87937240
   13250   26.50000000 -0.27801090E-10 -0.23757805E-10  0.41034765E-04    31.99999997     -863.87937238
   13260   26.52000000  0.19349355E-10  0.22328419E-10  0.41649542E-04    31.99999997     -863.87937235
   13270   26.54000000  0.65856322E-10  0.67609424E-10  0.41740461E-04    31.99999997     -863.87937233
   13280   26.56000000  0.11194705E-09  0.11176206E-09  0.41309442E-04    31.99999997     -863.87937230
   13290   26.58000000  0.15603731E-09  0.15356598E-09  0.40366637E-04    31.99999997     -863.87937228
   13300   26.60000000  0.19866008E-09  0.19357447E-09  0.38930159E-04    31.99999997     -863.87937226
   13310   26.62000000  0.23791183E-09  0.23156143E-09  0.37025586E-04    31.99999997     -863.87937225
   13320   26.64000000  0.27585793E-09  0.26780351E-09  0.34685296E-04    31.99999997     -863.87937223
   13330   26.66000000  0.30933721E-09  0.30179878E-09  0.31947659E-04    31.99999997     -863.87937222
   13340   26.68000000  0.34067014E-09  0.33281805E-09  0.28856124E-04    31.99999997     -863.87937221
   13350   26.70000000  0.36698023E-09  0.36090348E-09  0.25458271E-04    31.99999997     -863.87937220
   13360   26.72000000  0.38931155E-09  0.38432376E-09  0.21804854E-04    31.99999997     -863.87937219
   13370   26.74000000  0.40738604E-09  0.40402532E-09  0.17948879E-04    31.99999997     -863.87937218
   13380   26.76000000  0.42067096E-09  0.41924202E-09  0.13944757E-04    31.99999997     -863.87937217
   13390   26.78000000  0.42960721E-09  0.42985635E-09  0.98475253E-05    31.99999997     -863.87937216
   13400   26.80000000  0.43311553E-09  0.43514802E-09  0.57121779E-05    31.99999997     -863.87937215
   13410   26.82000000  0.43252279E-09  0.43582698E-09  0.15930583E-05    31.99999997     -863.87937214
   13420   26.84000000  0.42668903E-09  0.43115125E-09 -0.24566683E-05    31.99999997     -863.87937213
   13430   26.86000000  0.41733425E-09  0.42129673E-09 -0.63854986E-05    31.99999997     -863.87937212
   13440   26.88000000  0.40263267E-09  0.40715035E-09 -0.10144055E-04    31.99999997     -863.87937211
   13450   26.90000000  0.38368152E-09  0.38794278E-09 -0.13685540E-04    31.99999997     -863.87937209
   13460   26.92000000  0.36105683E-09  0.36540402E-09 -0.16966209E-04    31.99999997     -863.87937208
   13470   26.94000000  0.33356818E-09  0.33869956E-09 -0.19945852E-04    31.99999997     -863.87937207
   13480   26.96000000  0.30320295E-09  0.30810462E-09 -0.22588306E-04    31.99999997     -863.87937206
   13490   26.98000000  0.26988821E-09  0.27471838E-09 -0.24861970E-04    31.99999997     -863.87937204
   13500   27.00000000  0.23422265E-09  0.23840038E-09 -0.26740318E-04    31.99999997     -863.87937203
   13510   27.02000000  0.19671056E-09  0.20022126E-09 -0.28202381E-04    31.99999997     -863.87937201
   13520   27.04000000  0.15772546E-09  0.16010959E-09 -0.29233184E-04    31.99999997     -863.87937200
   13530   27.06000000  0.11743381E-09  0.11773396E-09 -0.29824107E-04    31.99999997     -863.87937198
   13540   27.08000000  0.75509206E-10  0.75518530E-10 -0.29973144E-04    31.99999997     -863.87937197
   13550   27.10000000  0.33724206E-10  0.31657770E-10 -0.29685056E-04    31.99999997     -863.87937195
   13560   27.12000000 -0.84536743E-11 -0.11192293E-10 -0.28971392E-04    31.99999997     -863.87937194
   13570   27.14000000 -0.50255347E-10 -0.54129332E-10 -0.27850368E-04    31.99999997     -863.87937192
   13580   27.16000000 -0.91223032E-10 -0.95863120E-10 -0.26346621E-04    31.99999997     -863.87937191
   13590   27.18000000 -0.13113137E-09 -0.13566746E-09 -0.24490827E-04    31.99999997     -863.87937190
   13600   27.20000000 -0.16973759E-09 -0.17283430E-09 -0.22319200E-04    31.99999997     -863.87937189
   13610   27.22000000 -0.20523677E-09 -0.20798209E-09 -0.19872871E-04    31.99999997     -863.87937187
   13620   27.24000000 -0.23791764E-09 -0.24011864E-09 -0.17197191E-04    31.99999997     -863.87937187
   13630   27.26000000 -0.26737731E-09 -0.26921456E-09 -0.14340927E-04    31.99999997     -863.87937186
   13640   27.28000000 -0.29336786E-09 -0.29416602E-09 -0.11355411E-04    31.99999997     -863.87937185
   13650   27.30000000 -0.31480331E-09 -0.31557009E-09 -0.82936244E-05    31.99999997     -863.87937184
   13660   27.32000000 -0.33183798E-09 -0.33259626E-09 -0.52092394E-05    31.99999997     -863.87937183
   13670   27.34000000 -0.34482991E-09 -0.34531652E-09 -0.21556338E-05    31.99999997     -863.87937182
   13680   27.36000000 -0.35353110E-09 -0.35354257E-09  0.81511373E-06    31.99999997     -863.87937181
   13690   27.38000000 -0.35804866E-09 -0.35692336E-09  0.36532276E-05    31.99999997     -863.87937180
   13700   27.40000000 -0.35896704E-09 -0.35657563E-09  0.63122139E-05    31.99999997     -863.87937178
   13710   27.42000000 -0.35529535E-09 -0.35181138E-09  0.87497973E-05    31.99999997     -863.87937177
   13720   27.44000000 -0.34799512E-09 -0.34465903E-09  0.10928778E-04    31.99999997     -863.87937176
   13730   27.46000000 -0.33672944E-09 -0.33325256E-09  0.12817789E-04    31.99999997     -863.87937174
   13740   27.48000000 -0.32213080E-09 -0.31887515E-09  0.14391902E-04    31.99999997     -863.87937173
   13750   27.50000000 -0.30382379E-09 -0.30160612E-09  0.15633082E-04    31.99999997     -863.87937171
   13760   27.52000000 -0.28258002E-09 -0.28160613E-09  0.16530429E-04    31.99999997     -863.87937170
   13770   27.54000000 -0.25826030E-09 -0.25819002E-09  0.17080235E-04    31.99999997     -863.87937169
   13780   27.56000000 -0.23149368E-09 -0.23235554E-09  0.17285807E-04    31.99999997     -863.87937168
   13790   27.58000000 -0.20217264E-09 -0.20377663E-09  0.17157088E-04    31.99999997     -863.87937167
   13800   27.60000000 -0.17191962E-09 -0.17322940E-09  0.16710091E-04    31.99999997     -863.87937166
   13810   27.62000000 -0.14032100E-09 -0.14181929E-09  0.15966161E-04    31.99999997     -863.87937165
   13820   27.64000000 -0.10705335E-09 -0.10957697E-09  0.14951110E-04    31.99999997     -863.87937165
   13830   27.66000000 -0.74337380E-10 -0.76588964E-10  0.13694269E-04    31.99999997     -863.87937164
   13840   27.68000000 -0.41360905E-10 -0.44598078E-10  0.12227497E-04    31.99999997     -863.87937164
   13850   27.70000000 -0.95930593E-11 -0.12094134E-10  0.10584195E-04    31.99999997     -863.87937163
   13860   27.72000000  0.21386501E-10  0.18683433E-10  0.87983557E-05    31.99999997     -863.87937163
   13870   27.74000000  0.51379976E-10  0.49276821E-10  0.69037175E-05    31.99999997     -863.87937162
   13880   27.76000000  0.79815513E-10  0.78196086E-10  0.49330098E-05    31.99999997     -863.87937162
   13890   27.78000000  0.10604773E-09  0.10495603E-09  0.29173440E-05    31.99999997     -863.87937161
   13900   27.80000000  0.12975776E-09  0.12835582E-09  0.88575622E-06    31.99999997     -863.87937161
   13910   27.82000000  0.15059157E-09  0.14972811E-09 -0.11351032E-05    31.99999997     -863.87937160
   13920   27.84000000  0.16781896E-09  0.16762894E-09 -0.31211109E-05    31.99999997     -863.87937160
   13930   27.86000000  0.18183782E-09  0.18313724E-09 -0.50506845E-05    31.99999997     -863.87937159
   13940   27.88000000  0.19192348E-09  0.19505706E-09 -0.69046498E-05    31.99999997     -863.87937159
   13950   27.90000000  0.19959461E-09  0.20257387E-09 -0.86660129E-05    31.99999997     -863.87937158
   13960   27.92000000  0.20350891E-09  0.20771628E-09 -0.10319644E-04    31.99999997     -863.87937158
   13970   27.94000000  0.20455223E-09  0.20915699E-09 -0.11851916E-04    31.99999997     -863.87937157
   13980   27.96000000  0.20227908E-09  0.20786612E-09 -0.13250326E-04    31.99999997     -863.87937157
   13990   27.98000000  0.19742600E-09  0.20342271E-09 -0.14503134E-04    31.99999997     -863.87937156
   14000   28.00000000  0.18962866E-09  0.19556954E-09 -0.15599046E-04    31.99999997     -863.87937156
   14010   28.02000000  0.17956711E-09  0.18464436E-09 -0.16526986E-04    31.99999997     -863.87937155
   14020   28.04000000  0.16658780E-09  0.17065609E-09 -0.17275949E-04    31.99999997     -863.87937154
   14030   28.06000000  0.15219878E-09  0.15436347E-09 -0.17834974E-04    31.99999997     -863.87937154
   14040   28.08000000  0.13515483E-09  0.13611684E-09 -0.18193232E-04    31.99999997     -863.87937153
   14050   28.10000000  0.11766600E-09  0.11621139E-09 -0.18340227E-04    31.99999997     -863.87937152
   14060   28.12000000  0.97455831E-10  0.95698467E-10 -0.18266105E-04    31.99999997     -863.87937151
   14070   28.14000000  0.77688518E-10  0.74264915E-10 -0.17962056E-04    31.99999997     -863.87937151
   14080   28.16000000  0.56273713E-10  0.53353067E-10 -0.17420785E-04    31.99999997     -863.87937150
   14090   28.18000000  0.35577050E-10  0.31929844E-10 -0.16637041E-04    31.99999997     -863.87937149
   14100   28.20000000  0.15078165E-10  0.11010602E-10 -0.15608169E-04    31.99999997     -863.87937148
   14110   28.22000000 -0.44605893E-11 -0.89562344E-11 -0.14334675E-04    31.99999997     -863.87937148
   14120   28.24000000 -0.23385410E-10 -0.28398179E-10 -0.12820752E-04    31.99999997     -863.87937147
   14130   28.26000000 -0.40825895E-10 -0.46874204E-10 -0.11074781E-04    31.99999997     -863.87937146
   14140   28.28000000 -0.57324941E-10 -0.62765460E-10 -0.91097355E-05    31.99999997     -863.87937146
   14150   28.30000000 -0.72271697E-10 -0.78360567E-10 -0.69434891E-05    31.99999997     -863.87937146
   14160   28.32000000 -0.85918445E-10 -0.91072363E-10 -0.45989973E-05    31.99999997     -863.87937145
   14170   28.34000000 -0.97631241E-10 -0.10274311E-09 -0.21043135E-05    31.99999997     -863.87937145
   14180   28.36000000 -0.10871804E-09 -0.11160864E-09  0.50756474E-06    31.99999997     -863.87937145
   14190   28.38000000 -0.11680555E-09 -0.11855599E-09  0.31990429E-05    31.99999997     -863.87937145
   14200   28.40000000 -0.12378039E-09 -0.12336529E-09  0.59284772E-05    31.99999997     -863.87937145
   14210   28.42000000 -0.12781226E-09 -0.12593097E-09  0.86509139E-05    31.99999997     -863.87937145
   14220   28.44000000 -0.13097591E-09 -0.12611989E-09  0.11319013E-04    31.99999997     -863.87937145
   14230   28.46000000 -0.12999542E-09 -0.12436852E-09  0.13884134E-04    31.99999997     -863.87937144
   14240   28.48000000 -0.12784565E-09 -0.12058347E-09  0.16297533E-04    31.99999997     -863.87937144
   14250   28.50000000 -0.12173528E-09 -0.11437702E-09  0.18511657E-04    31.99999997     -863.87937143
   14260   28.52000000 -0.11435071E-09 -0.10663770E-09  0.20481452E-04    31.99999997     -863.87937141
   14270   28.54000000 -0.10423642E-09 -0.97570951E-10  0.22165665E-04    31.99999997     -863.87937140
   14280   28.56000000 -0.92670545E-10 -0.86505610E-10  0.23528055E-04    31.99999997     -863.87937138
   14290   28.58000000 -0.79439495E-10 -0.75116957E-10  0.24538483E-04    31.99999997     -863.87937135
   14300   28.60000000 -0.64139178E-10 -0.61966841E-10  0.25173823E-04    31.99999997     -863.87937133
   14310   28.62000000 -0.47851887E-10 -0.48582813E-10  0.25418666E-04    31.99999997     -863.87937131
   14320   28.64000000 -0.31121402E-10 -0.33253430E-10  0.25265772E-04    31.99999997     -863.87937128
   14330   28.66000000 -0.14100013E-10 -0.18272392E-10  0.24716278E-04    31.99999997     -863.87937126
   14340   28.68000000  0.36959058E-11 -0.22783540E-11  0.23779629E-04    31.99999997     -863.87937124
   14350   28.70000000  0.21049204E-10  0.14224542E-10  0.22473258E-04    31.99999997     -863.87937122
   14360   28.72000000  0.38077509E-10  0.30689982E-10  0.20822029E-04    31.99999997     -863.87937120
   14370   28.74000000  0.54326645E-10  0.47204824E-10  0.18857452E-04    31.99999997     -863.87937119
   14380   28.76000000  0.69045876E-10  0.62235819E-10  0.16616720E-04    31.99999997     -863.87937118
   14390   28.78000000  0.82865433E-10  0.77117004E-10  0.14141601E-04    31.99999997     -863.87937118
   14400   28.80000000  0.95275746E-10  0.90797435E-10  0.11477220E-04    31.99999997     -863.87937117
   14410   28.82000000  0.10632445E-09  0.10350201E-09  0.86707898E-05    31.99999997     -863.87937117
   14420   28.84000000  0.11609778E-09  0.11462150E-09  0.57703284E-05    31.99999997     -863.87937117
   14430   28.86000000  0.12433945E-09  0.12388231E-09  0.28234091E-05    31.99999997     -863.87937117
   14440   28.88000000  0.13043601E-09  0.13127662E-09 -0.12398965E-06    31.99999997     -863.87937117
   14450   28.90000000  0.13508052E-09  0.13669679E-09 -0.30285320E-05    31.99999997     -863.87937117
   14460   28.92000000  0.13662863E-09  0.14010722E-09 -0.58503888E-05    31.99999997     -863.87937117
   14470   28.94000000  0.13613092E-09  0.14065362E-09 -0.85539341E-05    31.99999997     -863.87937116
   14480   28.96000000  0.13376892E-09  0.13921149E-09 -0.11108231E-04    31.99999997     -863.87937116
   14490   28.98000000  0.12947422E-09  0.13491746E-09 -0.13487306E-04    31.99999997     -863.87937115
   14500   29.00000000  0.12379362E-09  0.12964578E-09 -0.15670225E-04    31.99999997     -863.87937114
   14510   29.02000000  0.11626969E-09  0.12294938E-09 -0.17640976E-04    31.99999997     -863.87937113
   14520   29.04000000  0.10839372E-09  0.11466219E-09 -0.19388185E-04    31.99999997     -863.87937113
   14530   29.06000000  0.98962178E-10  0.10605615E-09 -0.20904690E-04    31.99999997     -863.87937112
   14540   29.08000000  0.89736408E-10  0.96319374E-10 -0.22187006E-04    31.99999997     -863.87937110
   14550   29.10000000  0.80160582E-10  0.86248492E-10 -0.23234724E-04    31.99999997     -863.87937109
   14560   29.12000000  0.69764833E-10  0.75600169E-10 -0.24049867E-04    31.99999997     -863.87937108
   14570   29.14000000  0.58742171E-10  0.64405388E-10 -0.24636252E-04    31.99999997     -863.87937107
   14580   29.16000000  0.48046218E-10  0.51264658E-10 -0.24998884E-04    31.99999997     -863.87937106
   14590   29.18000000  0.36827484E-10  0.38154800E-10 -0.25143411E-04    31.99999997     -863.87937105
   14600   29.20000000  0.25915113E-10  0.24684559E-10 -0.25075688E-04    31.99999997     -863.87937105
   14610   29.22000000  0.14184172E-10  0.10962866E-10 -0.24801426E-04    31.99999997     -863.87937104
   14620   29.24000000  0.32075187E-11 -0.22217450E-11 -0.24325993E-04    31.99999997     -863.87937103
   14630   29.26000000 -0.84192110E-11 -0.14477738E-10 -0.23654322E-04    31.99999997     -863.87937102
   14640   29.28000000 -0.19833585E-10 -0.26632524E-10 -0.22790957E-04    31.99999997     -863.87937102
   14650   29.30000000 -0.30713940E-10 -0.37895365E-10 -0.21740217E-04    31.99999997     -863.87937101
   14660   29.32000000 -0.41232981E-10 -0.48260310E-10 -0.20506455E-04    31.99999997     -863.87937101
   14670   29.34000000 -0.50847455E-10 -0.57411514E-10 -0.19094409E-04    31.99999997     -863.87937100
   14680   29.36000000 -0.59528922E-10 -0.65617250E-10 -0.17509613E-04    31.99999997     -863.87937099
   14690   29.38000000 -0.66332772E-10 -0.72731360E-10 -0.15758843E-04    31.99999997     -863.87937099
   14700   29.40000000 -0.73283628E-10 -0.78549201E-10 -0.13850571E-04    31.99999997     -863.87937098
   14710   29.42000000 -0.79041961E-10 -0.83513537E-10 -0.11795414E-04    31.99999997     -863.87937097
   14720   29.44000000 -0.83843099E-10 -0.86592081E-10 -0.96065195E-05    31.99999997     -863.87937097
   14730   29.46000000 -0.87945008E-10 -0.88750457E-10 -0.72998886E-05    31.99999997     -863.87937096
   14740   29.48000000 -0.91293722E-10 -0.89963216E-10 -0.48945888E-05    31.99999997     -863.87937095
   14750   29.50000000 -0.93573487E-10 -0.90245565E-10 -0.24128400E-05    31.99999997     -863.87937095
   14760   29.52000000 -0.95238027E-10 -0.91210319E-10  0.12005030E-06    31.99999997     -863.87937094
   14770   29.54000000 -0.95861367E-10 -0.90916465E-10  0.26759151E-05    31.99999997     -863.87937093
   14780   29.56000000 -0.95732555E-10 -0.91289124E-10  0.52241220E-05    31.99999997     -863.87937093
   14790   29.58000000 -0.94972876E-10 -0.90400514E-10  0.77321288E-05    31.99999997     -863.87937092
   14800   29.60000000 -0.93306666E-10 -0.89143053E-10  0.10166185E-04    31.99999997     -863.87937092
   14810   29.62000000 -0.91074489E-10 -0.87112754E-10  0.12492138E-04    31.99999997     -863.87937091
   14820   29.64000000 -0.87754946E-10 -0.84243204E-10  0.14676331E-04    31.99999997     -863.87937091
   14830   29.66000000 -0.83584930E-10 -0.80453847E-10  0.16686520E-04    31.99999997     -863.87937090
   14840   29.68000000 -0.79495747E-10 -0.75965930E-10  0.18492793E-04    31.99999997     -863.87937090
   14850   29.70000000 -0.74022297E-10 -0.71322106E-10  0.20068429E-04    31.99999997     -863.87937089
   14860   29.72000000 -0.69161706E-10 -0.66635353E-10  0.21390663E-04    31.99999997     -863.87937088
   14870   29.74000000 -0.62807765E-10 -0.60652937E-10  0.22441329E-04    31.99999997     -863.87937086
   14880   29.76000000 -0.56712483E-10 -0.55482197E-10  0.23207349E-04    31.99999997     -863.87937085
   14890   29.78000000 -0.49499580E-10 -0.49357339E-10  0.23681063E-04    31.99999997     -863.87937083
   14900   29.80000000 -0.41517122E-10 -0.43845040E-10  0.23860376E-04    31.99999997     -863.87937082
   14910   29.82000000 -0.33893146E-10 -0.37274290E-10  0.23748741E-04    31.99999997     -863.87937080
   14920   29.84000000 -0.25905705E-10 -0.31030998E-10  0.23354974E-04    31.99999997     -863.87937078
   14930   29.86000000 -0.18033861E-10 -0.23251020E-10  0.22692909E-04    31.99999997     -863.87937077
   14940   29.88000000 -0.94338594E-11 -0.15699591E-10  0.21780927E-04    31.99999997     -863.87937076
   14950   29.90000000 -0.16444728E-11 -0.77462840E-11  0.20641350E-04    31.99999997     -863.87937074
   14960   29.92000000  0.67562848E-11  0.13922642E-11  0.19299748E-04    31.99999997     -863.87937073
   14970   29.94000000  0.14585722E-10  0.10187927E-10  0.17784162E-04    31.99999997     -863.87937072
   14980   29.96000000  0.22313617E-10  0.19144341E-10  0.16124285E-04    31.99999997     -863.87937072
   14990   29.98000000  0.29917076E-10  0.27857282E-10  0.14350616E-04    31.99999997     -863.87937071
 projection: already converged, E_kin(new)-E_kin(old)=  0.000000000000000E+000
   15000   30.00000000  0.36138709E-10  0.35791303E-10  0.12493628E-04    31.99999997     -863.87937071
=== application breakdown [s] ===
total calculation time,1361.14401603
rt calculation                         min         max     average   std. dev.  difference    relative
rt initialization              0.20027E-04 0.36001E-04 0.23171E-04 0.41090E-05 0.15974E-04 0.17976E+01
reading lda data               0.12988E+01 0.12997E+01 0.12993E+01 0.21428E-03 0.92626E-03 0.10007E+01
reading rt data                0.22411E-02 0.24450E-02 0.23098E-02 0.54083E-04 0.20385E-03 0.10910E+01
prep. time prop.               0.32091E-03 0.70095E-03 0.49499E-03 0.13038E-03 0.38004E-03 0.21842E+01
rt iterations                  0.13588E+04 0.13588E+04 0.13588E+04 0.25387E-04 0.80109E-04 0.10000E+01
after writing rt data          0.21458E-05 0.95817E+00 0.59889E-01 0.23194E+00 0.95817E+00 0.44654E+06
in rt iterations                       min         max     average   std. dev.  difference    relative
Vbox                           0.42044E+01 0.47821E+01 0.44596E+01 0.24401E+00 0.57763E+00 0.11374E+01
time propagation               0.10819E+04 0.11068E+04 0.10953E+04 0.71960E+01 0.24912E+02 0.10230E+01
calculating rho                0.58782E+02 0.83221E+02 0.70036E+02 0.71606E+01 0.24439E+02 0.14158E+01
Hartree routine                0.45560E+01 0.46854E+01 0.46197E+01 0.31688E-01 0.12935E+00 0.10284E+01
Exc_Cor routine                0.10863E+01 0.11317E+01 0.11133E+01 0.12869E-01 0.45396E-01 0.10418E+01
calculating curr               0.12943E+03 0.12945E+03 0.12944E+03 0.54388E-02 0.20802E-01 0.10002E+01
calc. projection               0.27601E+00 0.40858E+00 0.28525E+00 0.31848E-01 0.13258E+00 0.14803E+01
writing energies               0.68521E+00 0.74357E+00 0.70892E+00 0.13805E-01 0.58350E-01 0.10852E+01
calc_eigen_energy              0.51422E+02 0.51562E+02 0.51543E+02 0.31742E-01 0.14006E+00 0.10027E+01
calc_total_energy_periodic     0.63955E+00 0.79851E+00 0.71320E+00 0.41678E-01 0.15896E+00 0.12485E+01
writing info etc.              0.84596E-02 0.34582E+00 0.30710E-01 0.81365E-01 0.33736E+00 0.40879E+02
total_energy module                    min         max     average   std. dev.  difference    relative
periodic calc.                 0.13817E+00 0.20047E+00 0.16470E+00 0.23521E-01 0.62301E-01 0.14509E+01
periodic comm. coll.           0.45109E+00 0.62013E+00 0.54122E+00 0.53369E-01 0.16904E+00 0.13747E+01
eigen_energy calc.             0.14066E+02 0.14367E+02 0.14245E+02 0.88262E-01 0.30118E+00 0.10214E+01
eigen_energy comm. coll.       0.19606E+01 0.30267E+01 0.23945E+01 0.29142E+00 0.10661E+01 0.15438E+01
eigen_energy hpsi              0.29213E+02 0.29841E+02 0.29582E+02 0.20710E+00 0.62715E+00 0.10215E+01
density_matrix module                  min         max     average   std. dev.  difference    relative
density calc.                  0.39842E+02 0.41621E+02 0.40677E+02 0.37620E+00 0.17793E+01 0.10447E+01
density comm. coll.            0.17695E+02 0.43215E+02 0.29198E+02 0.73901E+01 0.25520E+02 0.24422E+01
current calc.                  0.12407E+03 0.12508E+03 0.12450E+03 0.22964E+00 0.10064E+01 0.10081E+01
current rDivided uVpsi calc.   0.66400E-03 0.19097E-02 0.12839E-02 0.35170E-03 0.12457E-02 0.28761E+01
current comm. coll.            0.43129E+01 0.53090E+01 0.48906E+01 0.22719E+00 0.99605E+00 0.12309E+01
current comm. halo.            0.69809E-03 0.15137E-02 0.96412E-03 0.20937E-03 0.81563E-03 0.21684E+01
conjugate_gradient module              min         max     average   std. dev.  difference    relative
subspace_diag module                   min         max     average   std. dev.  difference    relative
subspace_diag so module                min         max     average   std. dev.  difference    relative
force module                           min         max     average   std. dev.  difference    relative
init_ps                                min         max     average   std. dev.  difference    relative
hamiltonian module                     min         max     average   std. dev.  difference    relative
total                          0.75964E+03 0.77861E+03 0.77030E+03 0.57342E+01 0.18973E+02 0.10250E+01
update overlap (comm.)         0.26908E-02 0.38679E-02 0.32003E-02 0.28789E-03 0.11771E-02 0.14374E+01
stencil                        0.39224E+03 0.40229E+03 0.39783E+03 0.32227E+01 0.10046E+02 0.10256E+01
subtraction                    0.10873E+02 0.11440E+02 0.11133E+02 0.12244E+00 0.56700E+00 0.10521E+01
pseudo-pt                      0.35601E+03 0.36701E+03 0.36124E+03 0.27927E+01 0.10999E+02 0.10309E+01
hpsi-overlapped                        min         max     average   std. dev.  difference    relative
checkpoint/restart                     min         max     average   std. dev.  difference    relative
restart self                   0.61451E+00 0.61537E+00 0.61502E+00 0.19872E-03 0.86427E-03 0.10014E+01
restart sync                   0.61468E+00 0.61554E+00 0.61517E+00 0.19456E-03 0.85902E-03 0.10014E+01
=== performance [GFLOPS] ===
end SALMON
