##############################################################################
# SALMON: Scalable Ab-initio Light-Matter simulator for Optics and Nanoscience
#
#                             Version 2.2.1
##############################################################################
  Libxc: [enabled] 6.2.2
   theory= tddft_pulse
 
 Total time step      =       15000
 Time step[fs]        =  2.000000000000000E-003
 Energy range         =        3000
 Energy resolution[eV]=  1.000000000000000E-002
Laser frequency     = 0.17 1.50[eV]
Pulse width of laser=     12.00000000      5.80000000[fs]
Laser intensity     =  0.00000000E+00  0.60000000E+12[W/cm^2]
delay time          =      0.00000000[fs]
   use of real value orbitals =  F
 ======
 MPI distribution:
   nproc_k     :         125
   nproc_ob    :           4
   nproc_rgrid :           3           2           3
 OpenMP parallelization:
   number of threads :           1
 hpsi stencil:
   enables hand-coding vectorization : F
   enables openmp parallelization    : F
 current:
   k,orbital parallelized of openmp  : T
 force:
   k,orbital parallelized of openmp  : T
 ===================pseudopotential data===================
 ik ,atom_symbol=           1 Si
 ps_format =KY              
 ps_file =./Si_rps.dat
 Zps(ik), Mlps(ik) =           4           2
 Rps(ik), NRps(ik) =   2.26767135054939              122
 Lref(ik) =           2
 nproj(ik,l) =           1           1           1
 anorm(ik,l) =  0.6193218      0.3646551      0.0000000E+00
 inorm(ik,l) =           1           1           0
 Mass(ik) =   28.0000000000000     
 flag_nlcc_element(ik) = F
 ==========================================================
 flag_nlcc =  F
 
 ============init_ps==============
 end init_ps
 Maximal rho_NLCC= 0.000000000000000E+000
 Maximal tau_NLCC= 0.000000000000000E+000
 == Ewald ==
 cutoff length in real-space in ewald =  4.00 [A]
 (buffer length in bookkeeping =  2.00 [A])
 cutoff length in G-space in ewald =  0.1870828864+102 [1/A]
 number of ion-ion pair(/atom) used for allocation of bookkeeping=    68
 ===========
   Static dipole moment(xyz) =   -0.7046060493E+04   -0.7055591653E+04   -0.7049306610E+04
 
 
  time-step  time[fs]                               Current(xyz)[a.u.]      electrons Total energy[eV] 
#----------------------------------------------------------------------
      10    0.02000000 -0.14601651E-11  0.52779484E-12  0.97650486E-12   864.00000000   -23332.78756510
      20    0.04000000 -0.19923659E-11  0.61348135E-12  0.26710745E-11   864.00000000   -23332.78756510
      30    0.06000000 -0.16658574E-11  0.71155154E-12  0.31653889E-11   864.00000000   -23332.78756510
      40    0.08000000 -0.11452884E-11  0.49711356E-12  0.32259334E-11   864.00000000   -23332.78756510
      50    0.10000000 -0.33198736E-12  0.41580283E-12  0.29129997E-11   864.00000000   -23332.78756510
      60    0.12000000  0.40195832E-12  0.18209316E-12  0.21095356E-11   864.00000000   -23332.78756510
      70    0.14000000  0.15147574E-11 -0.34377514E-12  0.81268585E-12   864.00000000   -23332.78756510
      80    0.16000000  0.22118862E-11 -0.73627652E-12 -0.60193083E-12   864.00000000   -23332.78756510
      90    0.18000000  0.26581466E-11 -0.10709831E-11 -0.20913498E-11   864.00000000   -23332.78756510
     100    0.20000000  0.22752304E-11 -0.99465036E-12 -0.31322935E-11   864.00000000   -23332.78756510
     110    0.22000000  0.19262358E-11 -0.72824431E-12 -0.37450034E-11   864.00000000   -23332.78756510
     120    0.24000000  0.11306177E-11 -0.32405613E-12 -0.37411476E-11   863.99999999   -23332.78756511
     130    0.26000000  0.44466663E-12  0.56612407E-13 -0.33750433E-11   863.99999999   -23332.78756511
     140    0.28000000 -0.48571303E-12 -0.41806560E-13 -0.27996116E-11   863.99999999   -23332.78756511
     150    0.30000000 -0.12940606E-11  0.26392280E-12 -0.22754301E-11   863.99999999   -23332.78756511
     160    0.32000000 -0.17968831E-11  0.12035304E-12 -0.16691365E-11   863.99999999   -23332.78756511
     170    0.34000000 -0.21426999E-11  0.24170482E-12 -0.83665876E-12   863.99999999   -23332.78756511
     180    0.36000000 -0.18239859E-11  0.36281505E-12 -0.64917190E-13   863.99999999   -23332.78756511
     190    0.38000000 -0.15804083E-11  0.27758425E-12  0.78608899E-12   863.99999999   -23332.78756511
     200    0.40000000 -0.10915984E-11  0.38776191E-12  0.14894733E-11   863.99999999   -23332.78756511
     210    0.42000000 -0.84837978E-12  0.38279453E-12  0.25066433E-11   863.99999999   -23332.78756511
     220    0.44000000 -0.74520361E-13  0.69293560E-12  0.30642359E-11   863.99999999   -23332.78756511
     230    0.46000000  0.19411074E-12  0.45796277E-12  0.28000780E-11   863.99999999   -23332.78756511
     240    0.48000000  0.76819549E-12  0.43058395E-12  0.22588344E-11   863.99999999   -23332.78756511
     250    0.50000000  0.11134051E-11 -0.12339049E-12  0.13288186E-11   863.99999999   -23332.78756511
     260    0.52000000  0.14384055E-11 -0.13397036E-12  0.58579698E-13   863.99999999   -23332.78756511
     270    0.54000000  0.16203964E-11 -0.56435119E-12 -0.79315642E-12   863.99999999   -23332.78756511
     280    0.56000000  0.15559091E-11 -0.79921057E-13 -0.19778774E-11   863.99999999   -23332.78756511
     290    0.58000000  0.13035353E-11 -0.11150439E-12 -0.25862152E-11   863.99999999   -23332.78756511
     300    0.60000000  0.51938606E-12  0.33287907E-12 -0.33451846E-11   863.99999999   -23332.78756512
     310    0.62000000 -0.18108479E-12  0.31007712E-12 -0.31490624E-11   863.99999999   -23332.78756512
     320    0.64000000 -0.91052447E-12  0.48081170E-12 -0.29622494E-11   863.99999999   -23332.78756512
     330    0.66000000 -0.12599774E-11  0.61122337E-12 -0.17353147E-11   863.99999999   -23332.78756512
     340    0.68000000 -0.13626742E-11  0.75589763E-12 -0.52943796E-12   863.99999999   -23332.78756512
     350    0.70000000 -0.14923943E-11  0.11834383E-11  0.80911775E-12   863.99999998   -23332.78756512
     360    0.72000000 -0.15921221E-11  0.10306309E-11  0.17657855E-11   863.99999998   -23332.78756512
     370    0.74000000 -0.14169732E-11  0.11210069E-11  0.29141883E-11   863.99999998   -23332.78756512
     380    0.76000000 -0.11113522E-11  0.68619660E-12  0.35278672E-11   863.99999998   -23332.78756512
     390    0.78000000 -0.35324361E-12  0.54466202E-12  0.40251473E-11   863.99999998   -23332.78756512
     400    0.80000000  0.39214728E-12 -0.31722449E-14  0.33615287E-11   863.99999998   -23332.78756512
     410    0.82000000  0.14419628E-11 -0.39826524E-12  0.22895445E-11   863.99999998   -23332.78756512
     420    0.84000000  0.17465463E-11 -0.74241104E-12  0.77206206E-12   863.99999998   -23332.78756512
     430    0.86000000  0.20075984E-11 -0.90428597E-12 -0.38071222E-12   863.99999998   -23332.78756512
     440    0.88000000  0.18705531E-11 -0.95301671E-12 -0.13102996E-11   863.99999998   -23332.78756512
     450    0.90000000  0.16108137E-11 -0.84820935E-12 -0.19318649E-11   863.99999998   -23332.78756512
     460    0.92000000  0.95254933E-12 -0.40287939E-12 -0.25170218E-11   863.99999998   -23332.78756512
     470    0.94000000  0.24509917E-12 -0.22981863E-12 -0.25860837E-11   863.99999998   -23332.78756512
     480    0.96000000 -0.35536012E-12  0.34199200E-13 -0.22588455E-11   863.99999998   -23332.78756513
     490    0.98000000 -0.96556279E-12  0.42011666E-12 -0.15585644E-11   863.99999998   -23332.78756513
     500    1.00000000 -0.14114402E-11  0.81421921E-12 -0.96433075E-12   863.99999998   -23332.78756513
     510    1.02000000 -0.18686403E-11  0.10325425E-11 -0.11167900E-12   863.99999998   -23332.78756513
     520    1.04000000 -0.19411921E-11  0.94649284E-12  0.79990920E-12   863.99999998   -23332.78756513
     530    1.06000000 -0.17186473E-11  0.56013611E-12  0.17539689E-11   863.99999998   -23332.78756513
     540    1.08000000 -0.95368024E-12  0.35211118E-12  0.22882976E-11   863.99999998   -23332.78756513
     550    1.10000000 -0.53576389E-12 -0.23201806E-12  0.25054330E-11   863.99999998   -23332.78756513
     560    1.12000000  0.29377290E-12 -0.18959686E-12  0.23425802E-11   863.99999998   -23332.78756513
     570    1.14000000  0.59099797E-12 -0.43548165E-12  0.21214508E-11   863.99999998   -23332.78756513
     580    1.16000000  0.12624655E-11 -0.87395202E-12  0.16047146E-11   863.99999998   -23332.78756513
     590    1.18000000  0.12872323E-11 -0.11296120E-11  0.75102073E-12   863.99999997   -23332.78756513
     600    1.20000000  0.14616123E-11 -0.11618629E-11 -0.38335173E-12   863.99999997   -23332.78756513
     610    1.22000000  0.11464713E-11 -0.12688065E-11 -0.13229327E-11   863.99999997   -23332.78756513
     620    1.24000000  0.72128389E-12 -0.83686465E-12 -0.22259128E-11   863.99999997   -23332.78756513
     630    1.26000000  0.91050272E-14 -0.59852488E-12 -0.25389247E-11   863.99999997   -23332.78756513
     640    1.28000000 -0.71280496E-12 -0.32126696E-13 -0.26338663E-11   863.99999997   -23332.78756513
     650    1.30000000 -0.13043273E-11 -0.65540441E-14 -0.22991523E-11   863.99999997   -23332.78756513
     660    1.32000000 -0.14095307E-11  0.57351749E-12 -0.19883807E-11   863.99999997   -23332.78756514
     670    1.34000000 -0.14423631E-11  0.53616306E-12 -0.11771862E-11   863.99999997   -23332.78756514
     680    1.36000000 -0.12561449E-11  0.10043045E-11 -0.51663755E-12   863.99999997   -23332.78756514
     690    1.38000000 -0.12582712E-11  0.10010713E-11  0.22836968E-12   863.99999997   -23332.78756514
     700    1.40000000 -0.75742005E-12  0.87808594E-12  0.10491498E-11   863.99999997   -23332.78756514
     710    1.42000000 -0.41726404E-12  0.31295052E-12  0.15645354E-11   863.99999997   -23332.78756514
     720    1.44000000  0.39012689E-12 -0.77171456E-13  0.20710266E-11   863.99999997   -23332.78756514
     730    1.46000000  0.91451315E-12 -0.53132960E-12  0.24321184E-11   863.99999997   -23332.78756514
     740    1.48000000  0.14299447E-11 -0.74184548E-12  0.22753769E-11   863.99999997   -23332.78756514
     750    1.50000000  0.14897116E-11 -0.76198570E-12  0.16420794E-11   863.99999997   -23332.78756514
     760    1.52000000  0.12576655E-11 -0.82292694E-12  0.80560295E-12   863.99999997   -23332.78756514
     770    1.54000000  0.99764084E-12 -0.74414607E-12  0.56386554E-13   863.99999997   -23332.78756514
     780    1.56000000  0.44287469E-12 -0.62098052E-12 -0.75564726E-12   863.99999997   -23332.78756514
     790    1.58000000  0.12121207E-14 -0.57711043E-12 -0.13661296E-11   863.99999997   -23332.78756514
     800    1.60000000 -0.25530637E-12 -0.23148560E-13 -0.20371906E-11   863.99999997   -23332.78756514
     810    1.62000000 -0.58736550E-12  0.21990232E-12 -0.20802840E-11   863.99999997   -23332.78756514
     820    1.64000000 -0.77512728E-12  0.60490796E-12 -0.22466813E-11   863.99999996   -23332.78756514
     830    1.66000000 -0.11718729E-11  0.65244416E-12 -0.16736302E-11   863.99999996   -23332.78756514
     840    1.68000000 -0.12667750E-11  0.75912120E-12 -0.14764146E-11   863.99999996   -23332.78756515
     850    1.70000000 -0.13387622E-11  0.69420495E-12 -0.57815036E-12   863.99999996   -23332.78756515
     860    1.72000000 -0.58958721E-12  0.80461158E-12  0.60384686E-13   863.99999996   -23332.78756515
     870    1.74000000 -0.17197861E-13  0.67096831E-12  0.89090067E-12   863.99999996   -23332.78756515
     880    1.76000000  0.85354914E-12  0.36888991E-12  0.14570260E-11   863.99999996   -23332.78756515
     890    1.78000000  0.10062901E-11 -0.68017807E-13  0.21437028E-11   863.99999996   -23332.78756515
     900    1.80000000  0.12754971E-11 -0.14611491E-12  0.22346690E-11   863.99999996   -23332.78756515
     910    1.82000000  0.13546612E-11 -0.50111738E-12  0.22056806E-11   863.99999996   -23332.78756515
     920    1.84000000  0.13073424E-11 -0.75092322E-12  0.18780748E-11   863.99999996   -23332.78756515
     930    1.86000000  0.12643341E-11 -0.10258701E-11  0.12631204E-11   863.99999996   -23332.78756515
     940    1.88000000  0.10957439E-11 -0.10270678E-11  0.44358578E-12   863.99999996   -23332.78756515
     950    1.90000000  0.82948728E-12 -0.90467603E-12 -0.56781602E-12   863.99999996   -23332.78756515
     960    1.92000000  0.35291173E-12 -0.50135625E-12 -0.13927739E-11   863.99999996   -23332.78756515
     970    1.94000000 -0.34556633E-12  0.12239176E-12 -0.20754480E-11   863.99999996   -23332.78756515
     980    1.96000000 -0.78345585E-12  0.82436475E-12 -0.20543912E-11   863.99999996   -23332.78756515
     990    1.98000000 -0.13587406E-11  0.11490490E-11 -0.19833927E-11   863.99999996   -23332.78756515
    1000    2.00000000 -0.13053008E-11  0.13849255E-11 -0.17441815E-11   863.99999996   -23332.78756515
    1010    2.02000000 -0.12066010E-11  0.12826566E-11 -0.12287763E-11   863.99999996   -23332.78756515
    1020    2.04000000 -0.78238664E-12  0.13309762E-11 -0.60724224E-12   863.99999996   -23332.78756515
    1030    2.06000000 -0.80034231E-12  0.97246274E-12  0.31105536E-12   863.99999996   -23332.78756516
    1040    2.08000000 -0.48778837E-12  0.63853299E-12  0.10836038E-11   863.99999996   -23332.78756516
    1050    2.10000000 -0.15319772E-12 -0.13183250E-12  0.18831125E-11   863.99999995   -23332.78756516
    1060    2.12000000  0.35477567E-12 -0.60917120E-12  0.20741108E-11   863.99999995   -23332.78756516
    1070    2.14000000  0.10234416E-11 -0.10503925E-11  0.22501976E-11   863.99999995   -23332.78756516
    1080    2.16000000  0.14453930E-11 -0.88916824E-12  0.20795078E-11   863.99999995   -23332.78756516
    1090    2.18000000  0.15461306E-11 -0.11496473E-11  0.16072004E-11   863.99999995   -23332.78756516
    1100    2.20000000  0.10978591E-11 -0.10099717E-11  0.90279944E-12   863.99999995   -23332.78756516
    1110    2.22000000  0.66307691E-12 -0.10589344E-11  0.84568783E-13   863.99999995   -23332.78756516
    1120    2.24000000  0.23422336E-12 -0.55491709E-12 -0.87541222E-12   863.99999995   -23332.78756516
    1130    2.26000000 -0.92780826E-13 -0.36194283E-12 -0.14515551E-11   863.99999995   -23332.78756516
    1140    2.28000000 -0.34789565E-12  0.14975750E-12 -0.18293248E-11   863.99999995   -23332.78756516
    1150    2.30000000 -0.63562883E-12  0.43067888E-12 -0.18937386E-11   863.99999995   -23332.78756516
    1160    2.32000000 -0.97256412E-12  0.66973083E-12 -0.21739730E-11   863.99999995   -23332.78756516
    1170    2.34000000 -0.13866227E-11  0.83655381E-12 -0.17786224E-11   863.99999995   -23332.78756516
    1180    2.36000000 -0.14099113E-11  0.91663860E-12 -0.11372218E-11   863.99999995   -23332.78756516
    1190    2.38000000 -0.10379395E-11  0.94860484E-12 -0.26942574E-12   863.99999995   -23332.78756516
    1200    2.40000000 -0.60312639E-12  0.95367878E-12  0.38173610E-12   863.99999995   -23332.78756516
    1210    2.42000000 -0.12221265E-12  0.87695175E-12  0.95828126E-12   863.99999995   -23332.78756517
    1220    2.44000000  0.38632555E-12  0.28216041E-12  0.13894882E-11   863.99999995   -23332.78756517
    1230    2.46000000  0.81255750E-12 -0.26943934E-12  0.17553241E-11   863.99999995   -23332.78756517
    1240    2.48000000  0.11951479E-11 -0.93297828E-12  0.17712741E-11   863.99999995   -23332.78756517
    1250    2.50000000  0.13684270E-11 -0.13456730E-11  0.16313955E-11   863.99999995   -23332.78756517
    1260    2.52000000  0.10463363E-11 -0.14734902E-11  0.13400462E-11   863.99999995   -23332.78756517
    1270    2.54000000  0.67178401E-12 -0.13726819E-11  0.79568223E-12   863.99999995   -23332.78756517
    1280    2.56000000  0.36252312E-12 -0.10171763E-11  0.28456376E-12   863.99999995   -23332.78756517
    1290    2.58000000  0.21608764E-12 -0.57603223E-12 -0.58014248E-12   863.99999994   -23332.78756517
    1300    2.60000000  0.15526350E-13 -0.21261274E-12 -0.12970871E-11   863.99999994   -23332.78756517
    1310    2.62000000 -0.43629238E-12  0.14039985E-12 -0.20030650E-11   863.99999994   -23332.78756517
    1320    2.64000000 -0.10578549E-11  0.65995622E-12 -0.23612915E-11   863.99999994   -23332.78756517
    1330    2.66000000 -0.14029271E-11  0.72724640E-12 -0.21750002E-11   863.99999994   -23332.78756517
    1340    2.68000000 -0.13904408E-11  0.11048740E-11 -0.15817865E-11   863.99999994   -23332.78756517
    1350    2.70000000 -0.10892755E-11  0.11799480E-11 -0.10361176E-11   863.99999994   -23332.78756517
    1360    2.72000000 -0.78861330E-12  0.11371842E-11 -0.33493579E-12   863.99999994   -23332.78756517
    1370    2.74000000 -0.37705080E-12  0.65657093E-12  0.27379424E-12   863.99999994   -23332.78756517
    1380    2.76000000 -0.36955007E-12  0.16455551E-12  0.11344869E-11   863.99999994   -23332.78756517
    1390    2.78000000  0.34789814E-13 -0.28407328E-12  0.15123026E-11   863.99999994   -23332.78756517
    1400    2.80000000  0.42307182E-12 -0.70117430E-12  0.18126475E-11   863.99999994   -23332.78756518
    1410    2.82000000  0.12281654E-11 -0.96262682E-12  0.17988684E-11   863.99999994   -23332.78756518
    1420    2.84000000  0.12685847E-11 -0.12351510E-11  0.15121232E-11   863.99999994   -23332.78756518
    1430    2.86000000  0.17717838E-11 -0.12337651E-11  0.12861069E-11   863.99999994   -23332.78756518
    1440    2.88000000  0.13555101E-11 -0.12710053E-11  0.47108981E-12   863.99999994   -23332.78756518
    1450    2.90000000  0.11236924E-11 -0.56662145E-12 -0.17834585E-12   863.99999994   -23332.78756518
    1460    2.92000000  0.33363264E-12 -0.42597315E-13 -0.12078486E-11   863.99999994   -23332.78756518
    1470    2.94000000  0.79351495E-13  0.57444990E-12 -0.16295311E-11   863.99999994   -23332.78756518
    1480    2.96000000 -0.68640704E-12  0.10196830E-11 -0.20982898E-11   863.99999994   -23332.78756518
    1490    2.98000000 -0.89776351E-12  0.16093143E-11 -0.19173479E-11   863.99999994   -23332.78756518
    1500    3.00000000 -0.12803562E-11  0.17042092E-11 -0.16712953E-11   863.99999994   -23332.78756518
    1510    3.02000000 -0.15516343E-11  0.17241661E-11 -0.11018617E-11   863.99999994   -23332.78756518
    1520    3.04000000 -0.19540134E-11  0.14672724E-11 -0.77356971E-12   863.99999993   -23332.78756518
    1530    3.06000000 -0.17878605E-11  0.95498423E-12  0.73954717E-13   863.99999993   -23332.78756518
    1540    3.08000000 -0.13125325E-11  0.20276646E-12  0.91984860E-12   863.99999993   -23332.78756518
    1550    3.10000000 -0.58601433E-12 -0.64445079E-12  0.17992662E-11   863.99999993   -23332.78756518
    1560    3.12000000  0.26776393E-12 -0.13622785E-11  0.99372077E-11   863.99999993   -23332.78756518
    1570    3.14000000  0.96956429E-12 -0.17038876E-11  0.10580038E-09   863.99999993   -23332.78756518
    1580    3.16000000  0.14892119E-11 -0.17221442E-11  0.41450405E-09   863.99999993   -23332.78756519
    1590    3.18000000  0.18323974E-11 -0.13383588E-11  0.96270349E-09   863.99999993   -23332.78756519
    1600    3.20000000  0.18808407E-11 -0.10749259E-11  0.15351035E-08   863.99999993   -23332.78756519
    1610    3.22000000  0.16291028E-11 -0.63084020E-12  0.15454726E-08   863.99999993   -23332.78756519
    1620    3.24000000  0.12315952E-11 -0.15290126E-12 -0.77858737E-10   863.99999993   -23332.78756519
    1630    3.26000000  0.11529810E-11  0.61323273E-12 -0.49788212E-08   863.99999993   -23332.78756519
    1640    3.28000000  0.14500337E-11  0.13503700E-11 -0.15441961E-07   863.99999993   -23332.78756519
    1650    3.30000000  0.35265827E-11  0.18209723E-11 -0.34427639E-07   863.99999993   -23332.78756517
    1660    3.32000000  0.73692352E-11  0.95581349E-12 -0.65587478E-07   863.99999993   -23332.78756512
    1670    3.34000000  0.14424808E-10 -0.21977913E-11 -0.11324882E-06   863.99999993   -23332.78756499
    1680    3.36000000  0.24330967E-10 -0.94762120E-11 -0.18237918E-06   863.99999993   -23332.78756465
    1690    3.38000000  0.37407606E-10 -0.23061620E-10 -0.27852513E-06   863.99999993   -23332.78756388
    1700    3.40000000  0.51981285E-10 -0.47100327E-10 -0.40772864E-06   863.99999993   -23332.78756231
    1710    3.42000000  0.66197430E-10 -0.85596426E-10 -0.57642130E-06   863.99999993   -23332.78755926
    1720    3.44000000  0.75775028E-10 -0.14448460E-09 -0.79129599E-06   863.99999993   -23332.78755369
    1730    3.46000000  0.74085303E-10 -0.23075513E-09 -0.10591622E-05   863.99999993   -23332.78754398
    1740    3.48000000  0.52680347E-10 -0.35362841E-09 -0.13867817E-05   863.99999993   -23332.78752776
    1750    3.50000000 -0.12381268E-11 -0.52336738E-09 -0.17806944E-05   863.99999992   -23332.78750164
    1760    3.52000000 -0.10300948E-09 -0.75249947E-09 -0.22470311E-05   863.99999992   -23332.78746096
    1770    3.54000000 -0.27301516E-09 -0.10550817E-08 -0.27913201E-05   863.99999992   -23332.78739942
    1780    3.56000000 -0.53626973E-09 -0.14474682E-08 -0.34182895E-05   863.99999992   -23332.78730881
    1790    3.58000000 -0.92259086E-09 -0.19472852E-08 -0.41316717E-05   863.99999992   -23332.78717863
    1800    3.60000000 -0.14670665E-08 -0.25742883E-08 -0.49340109E-05   863.99999992   -23332.78699578
    1810    3.62000000 -0.22096323E-08 -0.33498909E-08 -0.58264801E-05   863.99999992   -23332.78674428
    1820    3.64000000 -0.31964904E-08 -0.42969510E-08 -0.68087074E-05   863.99999992   -23332.78640505
    1830    3.66000000 -0.44779465E-08 -0.54396609E-08 -0.78786198E-05   863.99999992   -23332.78595579
    1840    3.68000000 -0.61098687E-08 -0.68028126E-08 -0.90323005E-05   863.99999992   -23332.78537100
    1850    3.70000000 -0.81513838E-08 -0.84109368E-08 -0.10263874E-04   863.99999992   -23332.78462215
    1860    3.72000000 -0.10665677E-07 -0.10288925E-07 -0.11565406E-04   863.99999992   -23332.78367803
    1870    3.74000000 -0.13718078E-07 -0.12461047E-07 -0.12926838E-04   863.99999992   -23332.78250535
    1880    3.76000000 -0.17375649E-07 -0.14950513E-07 -0.14335936E-04   863.99999992   -23332.78106957
    1890    3.78000000 -0.21705800E-07 -0.17777545E-07 -0.15778285E-04   863.99999992   -23332.77933591
    1900    3.80000000 -0.26774575E-07 -0.20960220E-07 -0.17237295E-04   863.99999992   -23332.77727069
    1910    3.82000000 -0.32645495E-07 -0.24512435E-07 -0.18694260E-04   863.99999992   -23332.77484283
    1920    3.84000000 -0.39376845E-07 -0.28444989E-07 -0.20128430E-04   863.99999992   -23332.77202560
    1930    3.86000000 -0.47021292E-07 -0.32762915E-07 -0.21517131E-04   863.99999992   -23332.76879844
    1940    3.88000000 -0.55622569E-07 -0.37466290E-07 -0.22835910E-04   863.99999992   -23332.76514895
    1950    3.90000000 -0.65214949E-07 -0.42547757E-07 -0.24058719E-04   863.99999992   -23332.76107480
    1960    3.92000000 -0.75819693E-07 -0.47993275E-07 -0.25158123E-04   863.99999992   -23332.75658563
    1970    3.94000000 -0.87444137E-07 -0.53781671E-07 -0.26105549E-04   863.99999992   -23332.75170467
    1980    3.96000000 -0.10007867E-06 -0.59882629E-07 -0.26871548E-04   863.99999991   -23332.74647007
    1990    3.98000000 -0.11369547E-06 -0.66257512E-07 -0.27426103E-04   863.99999991   -23332.74093579
    2000    4.00000000 -0.12824658E-06 -0.72857923E-07 -0.27738940E-04   863.99999991   -23332.73517185
    2010    4.02000000 -0.14366208E-06 -0.79627153E-07 -0.27779874E-04   863.99999991   -23332.72926391
    2020    4.04000000 -0.15984908E-06 -0.86498460E-07 -0.27519167E-04   863.99999991   -23332.72331199
    2030    4.06000000 -0.17668956E-06 -0.93395595E-07 -0.26927895E-04   863.99999991   -23332.71742827
    2040    4.08000000 -0.19403994E-06 -0.10023213E-06 -0.25978337E-04   863.99999991   -23332.71173377
    2050    4.10000000 -0.21173021E-06 -0.10691299E-06 -0.24644355E-04   863.99999991   -23332.70635406
    2060    4.12000000 -0.22956362E-06 -0.11333449E-06 -0.22901791E-04   863.99999991   -23332.70141376
    2070    4.14000000 -0.24731687E-06 -0.11938504E-06 -0.20728850E-04   863.99999991   -23332.69702994
    2080    4.16000000 -0.26473954E-06 -0.12494476E-06 -0.18106484E-04   863.99999991   -23332.69330451
    2090    4.18000000 -0.28155583E-06 -0.12988778E-06 -0.15018758E-04   863.99999991   -23332.69031562
    2100    4.20000000 -0.29746509E-06 -0.13408149E-06 -0.11453206E-04   863.99999991   -23332.68810828
    2110    4.22000000 -0.31214373E-06 -0.13739034E-06 -0.74011664E-05   863.99999991   -23332.68668440
    2120    4.24000000 -0.32524621E-06 -0.13967400E-06 -0.28580884E-05   863.99999991   -23332.68599247
    2130    4.26000000 -0.33640969E-06 -0.14079124E-06  0.21761834E-05   863.99999991   -23332.68591724
    2140    4.28000000 -0.34525410E-06 -0.14059970E-06  0.76971626E-05   863.99999991   -23332.68626966
    2150    4.30000000 -0.35138793E-06 -0.13895829E-06  0.13695507E-04   863.99999991   -23332.68677754
    2160    4.32000000 -0.35441027E-06 -0.13572821E-06  0.20156844E-04   863.99999991   -23332.68707729
    2170    4.34000000 -0.35391551E-06 -0.13077514E-06  0.27061638E-04   863.99999991   -23332.68670713
    2180    4.36000000 -0.34949848E-06 -0.12397051E-06  0.34385102E-04   863.99999991   -23332.68510227
    2190    4.38000000 -0.34075824E-06 -0.11519399E-06  0.42097158E-04   863.99999991   -23332.68159238
    2200    4.40000000 -0.32730397E-06 -0.10433361E-06  0.50162439E-04   863.99999991   -23332.67540177
    2210    4.42000000 -0.30875916E-06 -0.91289981E-07  0.58540352E-04   863.99999990   -23332.66565264
    2220    4.44000000 -0.28476772E-06 -0.75975434E-07  0.67185181E-04   863.99999990   -23332.65137165
    2230    4.46000000 -0.25499949E-06 -0.58317829E-07  0.76046251E-04   863.99999990   -23332.63150006
    2240    4.48000000 -0.21915592E-06 -0.38260997E-07  0.85068137E-04   863.99999990   -23332.60490751
    2250    4.50000000 -0.17697513E-06 -0.15766726E-07  0.94190927E-04   863.99999990   -23332.57040949
    2260    4.52000000 -0.12823867E-06  0.91836472E-08  0.10335054E-03   863.99999990   -23332.52678855
    2270    4.54000000 -0.72775562E-07  0.36587976E-07  0.11247910E-03   863.99999990   -23332.47281877
    2280    4.56000000 -0.10468884E-07  0.66421897E-07  0.12150535E-03   863.99999990   -23332.40729350
    2290    4.58000000  0.58740875E-07  0.98638005E-07  0.13035508E-03   863.99999990   -23332.32905566
    2300    4.60000000  0.13484911E-06  0.13316470E-06  0.13895173E-03   863.99999990   -23332.23703022
    2310    4.62000000  0.21778468E-06  0.16990494E-06  0.14721684E-03   863.99999990   -23332.13025806
    2320    4.64000000  0.30740438E-06  0.20873674E-06  0.15507072E-03   863.99999990   -23332.00793051
    2330    4.66000000  0.40349089E-06  0.24951181E-06  0.16243306E-03   863.99999990   -23331.86942359
    2340    4.68000000  0.50574924E-06  0.29205582E-06  0.16922360E-03   863.99999990   -23331.71433112
    2350    4.70000000  0.61380524E-06  0.33616862E-06  0.17536284E-03   863.99999990   -23331.54249555
    2360    4.72000000  0.72720281E-06  0.38162418E-06  0.18077271E-03   863.99999990   -23331.35403557
    2370    4.74000000  0.84540557E-06  0.42817245E-06  0.18537740E-03   863.99999990   -23331.14936942
    2380    4.76000000  0.96779392E-06  0.47553931E-06  0.18910401E-03   863.99999990   -23330.92923289
    2390    4.78000000  0.10936689E-05  0.52342867E-06  0.19188337E-03   863.99999990   -23330.69469105
    2400    4.80000000  0.12222515E-05  0.57152337E-06  0.19365072E-03   863.99999989   -23330.44714294
    2410    4.82000000  0.13526883E-05  0.61948835E-06  0.19434650E-03   863.99999989   -23330.18831835
    2420    4.84000000  0.14840525E-05  0.66697186E-06  0.19391701E-03   863.99999989   -23329.92026634
    2430    4.86000000  0.16153512E-05  0.71360870E-06  0.19231508E-03   863.99999989   -23329.64533490
    2440    4.88000000  0.17455297E-05  0.75902390E-06  0.18950071E-03   863.99999989   -23329.36614183
    2450    4.90000000  0.18734797E-05  0.80283555E-06  0.18544160E-03   863.99999989   -23329.08553675
    2460    4.92000000  0.19980457E-05  0.84465779E-06  0.18011367E-03   863.99999989   -23328.80655474
    2470    4.94000000  0.21180362E-05  0.88410576E-06  0.17350146E-03   863.99999989   -23328.53236200
    2480    4.96000000  0.22322309E-05  0.92079808E-06  0.16559848E-03   863.99999989   -23328.26619462
    2490    4.98000000  0.23393950E-05  0.95436259E-06  0.15640744E-03   863.99999989   -23328.01129143
    2500    5.00000000  0.24382869E-05  0.98443886E-06  0.14594041E-03   863.99999989   -23327.77082215
    2510    5.02000000  0.25276747E-05  0.10106837E-05  0.13421882E-03   863.99999989   -23327.54781264
    2520    5.04000000  0.26063442E-05  0.10327733E-05  0.12127344E-03   863.99999988   -23327.34506860
    2530    5.06000000  0.26731156E-05  0.10504073E-05  0.10714418E-03   863.99999988   -23327.16509981
    2540    5.08000000  0.27268542E-05  0.10633124E-05  0.91879866E-04   863.99999988   -23327.01004650
    2550    5.10000000  0.27664850E-05  0.10712452E-05  0.75537831E-04   863.99999988   -23326.88160994
    2560    5.12000000  0.27910028E-05  0.10739944E-05  0.58183512E-04   863.99999988   -23326.78098902
    2570    5.14000000  0.27994860E-05  0.10713825E-05  0.39889923E-04   863.99999988   -23326.70882449
    2580    5.16000000  0.27911063E-05  0.10632667E-05  0.20737085E-04   863.99999988   -23326.66515256
    2590    5.18000000  0.27651398E-05  0.10495406E-05  0.81140787E-06   863.99999988   -23326.64936928
    2600    5.20000000  0.27209734E-05  0.10301328E-05 -0.19794949E-04   863.99999988   -23326.66020677
    2610    5.22000000  0.26581147E-05  0.10050090E-05 -0.40984733E-04   863.99999988   -23326.69572245
    2620    5.24000000  0.25761944E-05  0.97416793E-06 -0.62656243E-04   863.99999988   -23326.75330167
    2630    5.26000000  0.24749722E-05  0.93764162E-06 -0.84703958E-04   863.99999988   -23326.82967433
    2640    5.28000000  0.23543386E-05  0.89549327E-06 -0.10701913E-03   863.99999988   -23326.92094554
    2650    5.30000000  0.22143151E-05  0.84781585E-06 -0.12949033E-03   863.99999988   -23327.02263995
    2660    5.32000000  0.20550532E-05  0.79472946E-06 -0.15200393E-03   863.99999987   -23327.12975955
    2670    5.34000000  0.18768329E-05  0.73637896E-06 -0.17444458E-03   863.99999987   -23327.23685406
    2680    5.36000000  0.16800585E-05  0.67293253E-06 -0.19669555E-03   863.99999987   -23327.33810298
    2690    5.38000000  0.14652556E-05  0.60457894E-06 -0.21863908E-03   863.99999987   -23327.42740825
    2700    5.40000000  0.12330655E-05  0.53152647E-06 -0.24015668E-03   863.99999987   -23327.49849608
    2710    5.42000000  0.98424134E-06  0.45400161E-06 -0.26112938E-03   863.99999987   -23327.54502656
    2720    5.44000000  0.71964267E-06  0.37224853E-06 -0.28143801E-03   863.99999987   -23327.56070932
    2730    5.46000000  0.44023259E-06  0.28652838E-06 -0.30096344E-03   863.99999987   -23327.53942346
    2740    5.48000000  0.14707203E-06  0.19711929E-06 -0.31958689E-03   863.99999987   -23327.47533994
    2750    5.50000000 -0.15868060E-06  0.10431634E-06 -0.33719030E-03   863.99999987   -23327.36304414
    2760    5.52000000 -0.47577254E-06  0.84329470E-08 -0.35365671E-03   863.99999987   -23327.19765672
    2770    5.54000000 -0.80285570E-06 -0.90199044E-07 -0.36887085E-03   863.99999987   -23326.97495022
    2780    5.56000000 -0.11384866E-05 -0.19122714E-06 -0.38271973E-03   863.99999987   -23326.69145911
    2790    5.58000000 -0.14811241E-05 -0.29427892E-06 -0.39509343E-03   863.99999987   -23326.34458085
    2800    5.60000000 -0.18291275E-05 -0.39896097E-06 -0.40588602E-03   863.99999987   -23325.93266531
    2810    5.62000000 -0.21807533E-05 -0.50485941E-06 -0.41499662E-03   863.99999987   -23325.45509018
    2820    5.64000000 -0.25341522E-05 -0.61153902E-06 -0.42233054E-03   863.99999987   -23324.91231970
    2830    5.66000000 -0.28873663E-05 -0.71854485E-06 -0.42780066E-03   863.99999986   -23324.30594443
    2840    5.68000000 -0.32383272E-05 -0.82540520E-06 -0.43132884E-03   863.99999986   -23323.63870000
    2850    5.70000000 -0.35848567E-05 -0.93163306E-06 -0.43284743E-03   863.99999986   -23322.91446277
    2860    5.72000000 -0.39246693E-05 -0.10367313E-05 -0.43230081E-03   863.99999986   -23322.13822123
    2870    5.74000000 -0.42553774E-05 -0.11401975E-05 -0.42964702E-03   863.99999986   -23321.31602200
    2880    5.76000000 -0.45745014E-05 -0.12415291E-05 -0.42485924E-03   863.99999986   -23320.45489015
    2890    5.78000000 -0.48794839E-05 -0.13402327E-05 -0.41792730E-03   863.99999986   -23319.56272438
    2900    5.80000000 -0.51677078E-05 -0.14358290E-05 -0.40885895E-03   863.99999986   -23318.64816798
    2910    5.82000000 -0.54365225E-05 -0.15278650E-05 -0.39768099E-03   863.99999986   -23317.72045772
    2920    5.84000000 -0.56832746E-05 -0.16159213E-05 -0.38444014E-03   863.99999985   -23316.78925336
    2930    5.86000000 -0.59053438E-05 -0.16996244E-05 -0.36920360E-03   863.99999985   -23315.86445153
    2940    5.88000000 -0.61001872E-05 -0.17786536E-05 -0.35205922E-03   863.99999985   -23314.95598816
    2950    5.90000000 -0.62653871E-05 -0.18527540E-05 -0.33311534E-03   863.99999985   -23314.07363471
    2960    5.92000000 -0.63987057E-05 -0.19217415E-05 -0.31250012E-03   863.99999985   -23313.22679355
    2970    5.94000000 -0.64981391E-05 -0.19855133E-05 -0.29036046E-03   863.99999985   -23312.42429849
    2980    5.96000000 -0.65619800E-05 -0.20440520E-05 -0.26686043E-03   863.99999984   -23311.67422632
    2990    5.98000000 -0.65888750E-05 -0.20974298E-05 -0.24217927E-03   863.99999984   -23310.98372530
    3000    6.00000000 -0.65778843E-05 -0.21458077E-05 -0.21650890E-03   863.99999984   -23310.35886608
    3010    6.02000000 -0.65285337E-05 -0.21894329E-05 -0.19005107E-03   863.99999984   -23309.80451982
    3020    6.04000000 -0.64408621E-05 -0.22286304E-05 -0.16301417E-03   863.99999984   -23309.32426754
    3030    6.06000000 -0.63154580E-05 -0.22637921E-05 -0.13560974E-03   863.99999984   -23308.92034364
    3040    6.08000000 -0.61534844E-05 -0.22953614E-05 -0.10804885E-03   863.99999983   -23308.59361518
    3050    6.10000000 -0.59566896E-05 -0.23238132E-05 -0.80538378E-04   863.99999983   -23308.34359725
    3060    6.12000000 -0.57274008E-05 -0.23496315E-05 -0.53277285E-04   863.99999983   -23308.16850339
    3070    6.14000000 -0.54684979E-05 -0.23732814E-05 -0.26453131E-04   863.99999983   -23308.06532851
    3080    6.16000000 -0.51833701E-05 -0.23951826E-05 -0.23879859E-06   863.99999983   -23308.02996065
    3090    6.18000000 -0.48758529E-05 -0.24156786E-05  0.25210378E-04   863.99999983   -23308.05731674
    3100    6.20000000 -0.45501452E-05 -0.24350093E-05  0.49758979E-04   863.99999982   -23308.14149672
    3110    6.22000000 -0.42107120E-05 -0.24532832E-05  0.73293292E-04   863.99999982   -23308.27594973
    3120    6.24000000 -0.38621715E-05 -0.24704562E-05  0.95722435E-04   863.99999982   -23308.45364593
    3130    6.26000000 -0.35091738E-05 -0.24863108E-05  0.11697878E-03   863.99999982   -23308.66724775
    3140    6.28000000 -0.31562718E-05 -0.25004458E-05  0.13701762E-03   863.99999982   -23308.90927435
    3150    6.30000000 -0.28077932E-05 -0.25122693E-05  0.15581616E-03   863.99999982   -23309.17225443
    3160    6.32000000 -0.24677149E-05 -0.25210025E-05  0.17337173E-03   863.99999982   -23309.44886301
    3170    6.34000000 -0.21395494E-05 -0.25256874E-05  0.18969944E-03   863.99999982   -23309.73203929
    3180    6.36000000 -0.18262441E-05 -0.25252064E-05  0.20482929E-03   863.99999981   -23310.01508379
    3190    6.38000000 -0.15301005E-05 -0.25183039E-05  0.21880277E-03   863.99999981   -23310.29173436
    3200    6.40000000 -0.12527159E-05 -0.25036192E-05  0.23166931E-03   863.99999981   -23310.55622198
    3210    6.42000000 -0.99495114E-06 -0.24797213E-05  0.24348241E-03   863.99999981   -23310.80330793
    3220    6.44000000 -0.75692416E-06 -0.24451476E-05  0.25429594E-03   863.99999981   -23311.02830540
    3230    6.46000000 -0.53803108E-06 -0.23984479E-05  0.26416044E-03   863.99999981   -23311.22708853
    3240    6.48000000 -0.33699285E-06 -0.23382274E-05  0.27311987E-03   863.99999981   -23311.39609262
    3250    6.50000000 -0.15192485E-06 -0.22631918E-05  0.28120869E-03   863.99999981   -23311.53230901
    3260    6.52000000  0.19572346E-07 -0.21721904E-05  0.28844948E-03   863.99999981   -23311.63327785
    3270    6.54000000  0.18030735E-06 -0.20642571E-05  0.29485129E-03   863.99999981   -23311.69708139
    3280    6.56000000  0.33337878E-06 -0.19386502E-05  0.30040856E-03   863.99999981   -23311.72233975
    3290    6.58000000  0.48205224E-06 -0.17948859E-05  0.30510086E-03   863.99999981   -23311.70821020
    3300    6.60000000  0.62963165E-06 -0.16327663E-05  0.30889329E-03   863.99999981   -23311.65439001
    3310    6.62000000  0.77933686E-06 -0.14524031E-05  0.31173757E-03   863.99999981   -23311.56112222
    3320    6.64000000  0.93418366E-06 -0.12542328E-05  0.31357386E-03   863.99999980   -23311.42920266
    3330    6.66000000  0.10968784E-05 -0.10390232E-05  0.31433299E-03   863.99999980   -23311.25998612
    3340    6.68000000  0.12697191E-05 -0.80787349E-06  0.31393929E-03   863.99999980   -23311.05538920
    3350    6.70000000  0.14545190E-05 -0.56220306E-06  0.31231370E-03   863.99999980   -23310.81788691
    3360    6.72000000  0.16525393E-05 -0.30373332E-06  0.30937708E-03   863.99999980   -23310.55050050
    3370    6.74000000  0.18644449E-05 -0.34459354E-07  0.30505376E-03   863.99999980   -23310.25677419
    3380    6.76000000  0.20902716E-05  0.24338501E-06  0.29927488E-03   863.99999980   -23309.94073875
    3390    6.78000000  0.23294145E-05  0.52736879E-06  0.29198182E-03   863.99999980   -23309.60686093
    3400    6.80000000  0.25806314E-05  0.81491099E-06  0.28312919E-03   863.99999980   -23309.25997835
    3410    6.82000000  0.28420621E-05  0.11033292E-05  0.27268762E-03   863.99999980   -23308.90522010
    3420    6.84000000  0.31112629E-05  0.13898906E-05  0.26064612E-03   863.99999980   -23308.54791463
    3430    6.86000000  0.33852526E-05  0.16718612E-05  0.24701387E-03   863.99999980   -23308.19348681
    3440    6.88000000  0.36605743E-05  0.19465531E-05  0.23182165E-03   863.99999979   -23307.84734710
    3450    6.90000000  0.39333659E-05  0.22113650E-05  0.21512256E-03   863.99999979   -23307.51477618
    3460    6.92000000  0.41994397E-05  0.24638194E-05  0.19699225E-03   863.99999979   -23307.20080879
    3470    6.94000000  0.44543709E-05  0.27015914E-05  0.17752863E-03   863.99999979   -23306.91012064
    3480    6.96000000  0.46935931E-05  0.29225324E-05  0.15685094E-03   863.99999979   -23306.64692257
    3490    6.98000000  0.49124960E-05  0.31246882E-05  0.13509841E-03   863.99999979   -23306.41486550
    3500    7.00000000  0.51065283E-05  0.33063112E-05  0.11242843E-03   863.99999979   -23306.21695963
    3510    7.02000000  0.52712973E-05  0.34658702E-05  0.89014291E-04   863.99999979   -23306.05551075
    3520    7.04000000  0.54026681E-05  0.36020567E-05  0.65042643E-04   863.99999979   -23305.93207579
    3530    7.06000000  0.54968573E-05  0.37137933E-05  0.40710664E-04   863.99999978   -23305.84743913
    3540    7.08000000  0.55505190E-05  0.38002400E-05  0.16223035E-04   863.99999978   -23305.80161014
    3550    7.10000000  0.55608217E-05  0.38608037E-05 -0.82111876E-05   863.99999978   -23305.79384197
    3560    7.12000000  0.55255127E-05  0.38951483E-05 -0.32381754E-04   863.99999978   -23305.82267043
    3570    7.14000000  0.54429701E-05  0.39032077E-05 -0.56080364E-04   863.99999978   -23305.88597149
    3580    7.16000000  0.53122392E-05  0.38851967E-05 -0.79103727E-04   863.99999978   -23305.98103487
    3590    7.18000000  0.51330553E-05  0.38416255E-05 -0.10125646E-03   863.99999978   -23306.10465119
    3600    7.20000000  0.49058525E-05  0.37733074E-05 -0.12235379E-03   863.99999978   -23306.25320916
    3610    7.22000000  0.46317561E-05  0.36813678E-05 -0.14222401E-03   863.99999978   -23306.42279979
    3620    7.24000000  0.43125674E-05  0.35672434E-05 -0.16071059E-03   863.99999978   -23306.60932372
    3630    7.26000000  0.39507326E-05  0.34326799E-05 -0.17767408E-03   863.99999977   -23306.80859856
    3640    7.28000000  0.35493063E-05  0.32797169E-05 -0.19299360E-03   863.99999977   -23307.01646269
    3650    7.30000000  0.31119043E-05  0.31106692E-05 -0.20656793E-03   863.99999977   -23307.22887274
    3660    7.32000000  0.26426534E-05  0.29280961E-05 -0.21831641E-03   863.99999977   -23307.44199203
    3670    7.34000000  0.21461354E-05  0.27347654E-05 -0.22817928E-03   863.99999977   -23307.65226789
    3680    7.36000000  0.16273263E-05  0.25336073E-05 -0.23611786E-03   863.99999977   -23307.85649614
    3690    7.38000000  0.10915344E-05  0.23276631E-05 -0.24211425E-03   863.99999977   -23308.05187182
    3700    7.40000000  0.54433171E-06  0.21200266E-05 -0.24617087E-03   863.99999977   -23308.23602532
    3710    7.42000000 -0.85155822E-08  0.19137834E-05 -0.24830955E-03   863.99999977   -23308.40704420
    3720    7.44000000 -0.56112158E-06  0.17119452E-05 -0.24857052E-03   863.99999977   -23308.56348077
    3730    7.46000000 -0.11075573E-05  0.15173867E-05 -0.24701110E-03   863.99999977   -23308.70434665
    3740    7.48000000 -0.16419326E-05  0.13327812E-05 -0.24370419E-03   863.99999977   -23308.82909527
    3750    7.50000000 -0.21584819E-05  0.11605405E-05 -0.23873667E-03   863.99999977   -23308.93759395
    3760    7.52000000 -0.26516491E-05  0.10027609E-05 -0.23220763E-03   863.99999976   -23309.03008725
    3770    7.54000000 -0.31161748E-05  0.86117539E-06 -0.22422657E-03   863.99999976   -23309.10715351
    3780    7.56000000 -0.35471817E-05  0.73711561E-06 -0.21491154E-03   863.99999976   -23309.16965644
    3790    7.58000000 -0.39402548E-05  0.63148515E-06 -0.20438725E-03   863.99999976   -23309.21869358
    3800    7.60000000 -0.42915167E-05  0.54474437E-06 -0.19278329E-03   863.99999976   -23309.25554369
    3810    7.62000000 -0.45976910E-05  0.47690576E-06 -0.18023234E-03   863.99999976   -23309.28161449
    3820    7.64000000 -0.48561553E-05  0.42754543E-06 -0.16686854E-03   863.99999976   -23309.29839236
    3830    7.66000000 -0.50649780E-05  0.39582568E-06 -0.15282588E-03   863.99999976   -23309.30739531
    3840    7.68000000 -0.52229408E-05  0.38052847E-06 -0.13823686E-03   863.99999976   -23309.31013013
    3850    7.70000000 -0.53295435E-05  0.38010053E-06 -0.12323126E-03   863.99999976   -23309.30805467
    3860    7.72000000 -0.53849913E-05  0.39270621E-06 -0.10793497E-03   863.99999976   -23309.30254563
    3870    7.74000000 -0.53901667E-05  0.41629047E-06 -0.92469199E-04   863.99999976   -23309.29487230
    3880    7.76000000 -0.53465863E-05  0.44864044E-06 -0.76949665E-04   863.99999976   -23309.28617617
    3890    7.78000000 -0.52563431E-05  0.48745655E-06 -0.61486058E-04   863.99999976   -23309.27745652
    3900    7.80000000 -0.51220391E-05  0.53041502E-06 -0.46181614E-04   863.99999976   -23309.26956143
    3910    7.82000000 -0.49467109E-05  0.57523575E-06 -0.31132838E-04   863.99999975   -23309.26318409
    3920    7.84000000 -0.47337487E-05  0.61973858E-06 -0.16429341E-04   863.99999975   -23309.25886371
    3930    7.86000000 -0.44868151E-05  0.66189909E-06 -0.21537785E-05   863.99999975   -23309.25699044
    3940    7.88000000 -0.42097628E-05  0.69988942E-06  0.11618129E-04   863.99999975   -23309.25781384
    3950    7.90000000 -0.39065595E-05  0.73211414E-06  0.24817521E-04   863.99999975   -23309.26145407
    3960    7.92000000 -0.35812139E-05  0.75723343E-06  0.37382282E-04   863.99999975   -23309.26791527
    3970    7.94000000 -0.32377133E-05  0.77417644E-06  0.49256894E-04   863.99999975   -23309.27710046
    3980    7.96000000 -0.28799660E-05  0.78214571E-06  0.60392293E-04   863.99999975   -23309.28882745
    3990    7.98000000 -0.25117581E-05  0.78060881E-06  0.70745713E-04   863.99999975   -23309.30284506
    4000    8.00000000 -0.21367145E-05  0.76928657E-06  0.80280548E-04   863.99999975   -23309.31884943
    4010    8.02000000 -0.17582744E-05  0.74813060E-06  0.88966227E-04   863.99999975   -23309.33649968
    4020    8.04000000 -0.13796699E-05  0.71730185E-06  0.96778096E-04   863.99999975   -23309.35543279
    4030    8.06000000 -0.10039156E-05  0.67714221E-06  0.10369733E-03   863.99999975   -23309.37527735
    4040    8.08000000 -0.63380197E-06  0.62814938E-06  0.10971084E-03   863.99999975   -23309.39566583
    4050    8.10000000 -0.27189380E-06  0.57095142E-06  0.11481119E-03   863.99999975   -23309.41624528
    4060    8.12000000  0.79468891E-07  0.50628535E-06  0.11899653E-03   863.99999974   -23309.43668639
    4070    8.14000000  0.41816702E-06  0.43498087E-06  0.12227046E-03   863.99999974   -23309.45669070
    4080    8.16000000  0.74230021E-06  0.35794450E-06  0.12464201E-03   863.99999974   -23309.47599606
    4090    8.18000000  0.10501821E-05  0.27615323E-06  0.12612543E-03   863.99999974   -23309.49438038
    4100    8.20000000  0.13403369E-05  0.19064528E-06  0.12674009E-03   863.99999974   -23309.51166371
    4110    8.22000000  0.16114963E-05  0.10252152E-06  0.12651034E-03   863.99999974   -23309.52770874
    4120    8.24000000  0.18625961E-05  0.12939389E-07  0.12546523E-03   863.99999974   -23309.54241997
    4130    8.26000000  0.20927734E-05 -0.76883690E-07  0.12363839E-03   863.99999974   -23309.55574173
    4140    8.28000000  0.23013618E-05 -0.16567837E-06  0.12106772E-03   863.99999974   -23309.56765507
    4150    8.30000000  0.24878895E-05 -0.25212472E-06  0.11779512E-03   863.99999974   -23309.57817402
    4160    8.32000000  0.26520715E-05 -0.33486431E-06  0.11386622E-03   863.99999974   -23309.58734112
    4170    8.34000000  0.27938042E-05 -0.41251266E-06  0.10933002E-03   863.99999974   -23309.59522271
    4180    8.36000000  0.29131577E-05 -0.48367800E-06  0.10423856E-03   863.99999974   -23309.60190401
    4190    8.38000000  0.30103679E-05 -0.54698501E-06  0.98646520E-04   863.99999974   -23309.60748417
    4200    8.40000000  0.30858262E-05 -0.60110333E-06  0.92610840E-04   863.99999974   -23309.61207156
    4210    8.42000000  0.31400702E-05 -0.64477940E-06  0.86190259E-04   863.99999973   -23309.61577938
    4220    8.44000000  0.31737731E-05 -0.67687009E-06  0.79444884E-04   863.99999973   -23309.61872165
    4230    8.46000000  0.31877326E-05 -0.69637600E-06  0.72435712E-04   863.99999973   -23309.62100983
    4240    8.48000000  0.31828614E-05 -0.70247768E-06  0.65224153E-04   863.99999973   -23309.62274987
    4250    8.50000000  0.31601757E-05 -0.69456567E-06  0.57871535E-04   863.99999973   -23309.62404003
    4260    8.52000000  0.31207843E-05 -0.67226912E-06  0.50438612E-04   863.99999973   -23309.62496918
    4270    8.54000000  0.30658769E-05 -0.63547350E-06  0.42985073E-04   863.99999973   -23309.62561579
    4280    8.56000000  0.29967118E-05 -0.58433674E-06  0.35569055E-04   863.99999973   -23309.62604743
    4290    8.58000000  0.29146011E-05 -0.51929157E-06  0.28246682E-04   863.99999973   -23309.62632075
    4300    8.60000000  0.28208982E-05 -0.44104341E-06  0.21071608E-04   863.99999973   -23309.62648192
    4310    8.62000000  0.27169813E-05 -0.35055625E-06  0.14094604E-04   863.99999973   -23309.62656737
    4320    8.64000000  0.26042394E-05 -0.24903222E-06  0.73631580E-05   863.99999973   -23309.62660478
    4330    8.66000000  0.24840530E-05 -0.13788197E-06  0.92112728E-06   863.99999973   -23309.62661431
    4340    8.68000000  0.23577802E-05 -0.18691621E-07 -0.51915770E-05   863.99999973   -23309.62660982
    4350    8.70000000  0.22267406E-05  0.10681591E-06 -0.10939254E-04   863.99999973   -23309.62660012
    4360    8.72000000  0.20922017E-05  0.23682189E-06 -0.16290630E-04   863.99999972   -23309.62659023
    4370    8.74000000  0.19553680E-05  0.36945207E-06 -0.21219022E-04   863.99999972   -23309.62658245
    4380    8.76000000  0.18173696E-05  0.50281767E-06 -0.25702448E-04   863.99999972   -23309.62657733
    4390    8.78000000  0.16792587E-05  0.63505163E-06 -0.29723692E-04   863.99999972   -23309.62657442
    4400    8.80000000  0.15420034E-05  0.76434504E-06 -0.33270310E-04   863.99999972   -23309.62657290
    4410    8.82000000  0.14064911E-05  0.88897584E-06 -0.36334598E-04   863.99999972   -23309.62657194
    4420    8.84000000  0.12735270E-05  0.10073377E-05 -0.38913508E-04   863.99999972   -23309.62657099
    4430    8.86000000  0.11438415E-05  0.11179620E-05 -0.41008535E-04   863.99999972   -23309.62656976
    4440    8.88000000  0.10180947E-05  0.12195370E-05 -0.42625555E-04   863.99999972   -23309.62656829
    4450    8.90000000  0.89688406E-06  0.13109240E-05 -0.43774643E-04   863.99999972   -23309.62656671
    4460    8.92000000  0.78074973E-06  0.13911695E-05 -0.44469838E-04   863.99999972   -23309.62656512
    4470    8.94000000  0.67018051E-06  0.14595139E-05 -0.44728778E-04   863.99999972   -23309.62656355
    4480    8.96000000  0.56561692E-06  0.15153976E-05 -0.44572235E-04   863.99999972   -23309.62656199
    4490    8.98000000  0.46745329E-06  0.15584630E-05 -0.44023726E-04   863.99999972   -23309.62656044
    4500    9.00000000  0.37603709E-06  0.15885534E-05 -0.43109120E-04   863.99999972   -23309.62655890
    4510    9.02000000  0.29166451E-06  0.16057088E-05 -0.41856262E-04   863.99999971   -23309.62655738
    4520    9.04000000  0.21457505E-06  0.16101581E-05 -0.40294603E-04   863.99999971   -23309.62655587
    4530    9.06000000  0.14494194E-06  0.16023082E-05 -0.38454842E-04   863.99999971   -23309.62655438
    4540    9.08000000  0.82865039E-07  0.15827299E-05 -0.36368571E-04   863.99999971   -23309.62655290
    4550    9.10000000  0.28359872E-07  0.15521415E-05 -0.34067929E-04   863.99999971   -23309.62655145
    4560    9.12000000 -0.18650885E-07  0.15113907E-05 -0.31585264E-04   863.99999971   -23309.62655003
    4570    9.14000000 -0.58345680E-07  0.14614347E-05 -0.28952793E-04   863.99999971   -23309.62654863
    4580    9.16000000 -0.91008986E-07  0.14033190E-05 -0.26202280E-04   863.99999971   -23309.62654727
    4590    9.18000000 -0.11703372E-06  0.13381567E-05 -0.23364720E-04   863.99999971   -23309.62654594
    4600    9.20000000 -0.13691954E-06  0.12671063E-05 -0.20470032E-04   863.99999971   -23309.62654465
    4610    9.22000000 -0.15126731E-06  0.11913511E-05 -0.17546778E-04   863.99999971   -23309.62654341
    4620    9.24000000 -0.16076776E-06  0.11120781E-05 -0.14621906E-04   863.99999971   -23309.62654220
    4630    9.26000000 -0.16618858E-06  0.10304595E-05 -0.11720515E-04   863.99999971   -23309.62654105
    4640    9.28000000 -0.16835337E-06  0.94763459E-06 -0.88656659E-05   863.99999971   -23309.62653994
    4650    9.30000000 -0.16812331E-06  0.86469221E-06 -0.60782270E-05   863.99999971   -23309.62653888
    4660    9.32000000 -0.16637024E-06  0.78265728E-06 -0.33767661E-05   863.99999970   -23309.62653787
    4670    9.34000000 -0.16395413E-06  0.70247761E-06 -0.77748926E-06   863.99999970   -23309.62653691
    4680    9.36000000 -0.16169470E-06  0.62501605E-06  0.17057693E-05   863.99999970   -23309.62653600
    4690    9.38000000 -0.16034795E-06  0.55104199E-06  0.40615123E-05   863.99999970   -23309.62653513
    4700    9.40000000 -0.16058146E-06  0.48122856E-06  0.62805005E-05   863.99999970   -23309.62653431
    4710    9.42000000 -0.16295485E-06  0.41615030E-06  0.83556315E-05   863.99999970   -23309.62653352
    4720    9.44000000 -0.16790375E-06  0.35628510E-06  0.10281789E-04   863.99999970   -23309.62653278
    4730    9.46000000 -0.17572653E-06  0.30201810E-06  0.12055663E-04   863.99999970   -23309.62653207
    4740    9.48000000 -0.18657694E-06  0.25364530E-06  0.13675553E-04   863.99999970   -23309.62653139
    4750    9.50000000 -0.20046107E-06  0.21138125E-06  0.15141170E-04   863.99999970   -23309.62653074
    4760    9.52000000 -0.21723847E-06  0.17536472E-06  0.16453423E-04   863.99999970   -23309.62653011
    4770    9.54000000 -0.23662965E-06  0.14566576E-06  0.17614231E-04   863.99999970   -23309.62652950
    4780    9.56000000 -0.25822682E-06  0.12229172E-06  0.18626344E-04   863.99999970   -23309.62652890
    4790    9.58000000 -0.28150753E-06  0.10519165E-06  0.19493187E-04   863.99999970   -23309.62652832
    4800    9.60000000 -0.30585285E-06  0.94260011E-07  0.20218736E-04   863.99999970   -23309.62652774
    4810    9.62000000 -0.33056529E-06  0.89339280E-07  0.20807428E-04   863.99999970   -23309.62652716
    4820    9.64000000 -0.35489157E-06  0.90219853E-07  0.21264099E-04   863.99999969   -23309.62652658
    4830    9.66000000 -0.37804260E-06  0.96640290E-07  0.21593961E-04   863.99999969   -23309.62652601
    4840    9.68000000 -0.39921923E-06  0.10828573E-06  0.21802602E-04   863.99999969   -23309.62652543
    4850    9.70000000 -0.41763371E-06  0.12478520E-06  0.21896018E-04   863.99999969   -23309.62652484
    4860    9.72000000 -0.43253431E-06  0.14571084E-06  0.21880652E-04   863.99999969   -23309.62652425
    4870    9.74000000 -0.44322730E-06  0.17057493E-06  0.21763446E-04   863.99999969   -23309.62652366
    4880    9.76000000 -0.44910013E-06  0.19883086E-06  0.21551890E-04   863.99999969   -23309.62652307
    4890    9.78000000 -0.44964197E-06  0.22987353E-06  0.21254056E-04   863.99999969   -23309.62652248
    4900    9.80000000 -0.44446352E-06  0.26304330E-06  0.20878621E-04   863.99999969   -23309.62652188
    4910    9.82000000 -0.43331278E-06  0.29763161E-06  0.20434850E-04   863.99999969   -23309.62652130
    4920    9.84000000 -0.41608944E-06  0.33289032E-06  0.19932556E-04   863.99999969   -23309.62652072
    4930    9.86000000 -0.39285213E-06  0.36804357E-06  0.19382021E-04   863.99999969   -23309.62652014
    4940    9.88000000 -0.36382333E-06  0.40230272E-06  0.18793878E-04   863.99999969   -23309.62651958
    4950    9.90000000 -0.32938669E-06  0.43488453E-06  0.18178959E-04   863.99999969   -23309.62651902
    4960    9.92000000 -0.29007833E-06  0.46503181E-06  0.17548114E-04   863.99999969   -23309.62651848
    4970    9.94000000 -0.24657225E-06  0.49203465E-06  0.16912000E-04   863.99999968   -23309.62651794
    4980    9.96000000 -0.19965944E-06  0.51525501E-06  0.16280859E-04   863.99999968   -23309.62651742
    4990    9.98000000 -0.15022175E-06  0.53414581E-06  0.15664283E-04   863.99999968   -23309.62651691
    5000   10.00000000 -0.99201042E-07  0.54827405E-06  0.15070979E-04   863.99999968   -23309.62651641
    5010   10.02000000 -0.47566394E-07  0.55733619E-06  0.14508546E-04   863.99999968   -23309.62651592
    5020   10.04000000  0.37219460E-08  0.56117352E-06  0.13983271E-04   863.99999968   -23309.62651544
    5030   10.06000000  0.53744687E-07  0.55977853E-06  0.13499949E-04   863.99999968   -23309.62651498
    5040   10.08000000  0.10165726E-06  0.55329643E-06  0.13061744E-04   863.99999968   -23309.62651452
    5050   10.10000000  0.14671561E-06  0.54202033E-06  0.12670081E-04   863.99999968   -23309.62651408
    5060   10.12000000  0.18830083E-06  0.52637941E-06  0.12324591E-04   863.99999968   -23309.62651364
    5070   10.14000000  0.22593468E-06  0.50692127E-06  0.12023100E-04   863.99999968   -23309.62651321
    5080   10.16000000  0.25928969E-06  0.48428850E-06  0.11761667E-04   863.99999968   -23309.62651279
    5090   10.18000000  0.28819262E-06  0.45919172E-06  0.11534673E-04   863.99999968   -23309.62651237
    5100   10.20000000  0.31261956E-06  0.43237925E-06  0.11334959E-04   863.99999968   -23309.62651195
    5110   10.22000000  0.33268851E-06  0.40460572E-06  0.11154009E-04   863.99999968   -23309.62651153
    5120   10.24000000  0.34864323E-06  0.37660178E-06  0.10982175E-04   863.99999967   -23309.62651111
    5130   10.26000000  0.36083546E-06  0.34904594E-06  0.10808947E-04   863.99999967   -23309.62651069
    5140   10.28000000  0.36970298E-06  0.32253876E-06  0.10623249E-04   863.99999967   -23309.62651027
    5150   10.30000000  0.37574503E-06  0.29758363E-06  0.10413761E-04   863.99999967   -23309.62650986
    5160   10.32000000  0.37949853E-06  0.27457127E-06  0.10169269E-04   863.99999967   -23309.62650944
    5170   10.34000000  0.38151536E-06  0.25377205E-06  0.98790121E-05   863.99999967   -23309.62650902
    5180   10.36000000  0.38233880E-06  0.23533404E-06  0.95330361E-05   863.99999967   -23309.62650862
    5190   10.38000000  0.38248268E-06  0.21928834E-06  0.91225382E-05   863.99999967   -23309.62650822
    5200   10.40000000  0.38241316E-06  0.20555926E-06  0.86401846E-05   863.99999967   -23309.62650783
    5210   10.42000000  0.38253311E-06  0.19398058E-06  0.80804000E-05   863.99999967   -23309.62650745
    5220   10.44000000  0.38317152E-06  0.18431607E-06  0.74396136E-05   863.99999967   -23309.62650709
    5230   10.46000000  0.38457509E-06  0.17628288E-06  0.67164554E-05   863.99999967   -23309.62650673
    5240   10.48000000  0.38690392E-06  0.16957446E-06  0.59118927E-05   863.99999967   -23309.62650639
    5250   10.50000000  0.39023093E-06  0.16388577E-06  0.50293036E-05   863.99999967   -23309.62650605
    5260   10.52000000  0.39454597E-06  0.15893345E-06  0.40744796E-05   863.99999967   -23309.62650573
    5270   10.54000000  0.39976061E-06  0.15447689E-06  0.30555613E-05   863.99999966   -23309.62650540
    5280   10.56000000  0.40571846E-06  0.15032956E-06  0.19829032E-05   863.99999966   -23309.62650509
    5290   10.58000000  0.41220696E-06  0.14636867E-06  0.86887228E-06   863.99999966   -23309.62650477
    5300   10.60000000  0.41897080E-06  0.14253526E-06 -0.27241557E-06   863.99999966   -23309.62650445
    5310   10.62000000  0.42572709E-06  0.13883187E-06 -0.14254137E-05   863.99999966   -23309.62650414
    5320   10.64000000  0.43217949E-06  0.13531129E-06 -0.25735090E-05   863.99999966   -23309.62650383
    5330   10.66000000  0.43803439E-06  0.13206385E-06 -0.36994215E-05   863.99999966   -23309.62650351
    5340   10.68000000  0.44301471E-06  0.12919849E-06 -0.47856278E-05   863.99999966   -23309.62650320
    5350   10.70000000  0.44687327E-06  0.12682451E-06 -0.58147970E-05   863.99999966   -23309.62650289
    5360   10.72000000  0.44940262E-06  0.12503180E-06 -0.67702218E-05   863.99999966   -23309.62650257
    5370   10.74000000  0.45044507E-06  0.12387440E-06 -0.76362356E-05   863.99999966   -23309.62650226
    5380   10.76000000  0.44989803E-06  0.12335550E-06 -0.83985992E-05   863.99999966   -23309.62650194
    5390   10.78000000  0.44771918E-06  0.12341781E-06 -0.90448475E-05   863.99999966   -23309.62650162
    5400   10.80000000  0.44392612E-06  0.12393966E-06 -0.95645865E-05   863.99999966   -23309.62650129
    5410   10.82000000  0.43859575E-06  0.12473617E-06 -0.99497300E-05   863.99999966   -23309.62650096
    5420   10.84000000  0.43185890E-06  0.12556498E-06 -0.10194674E-04   863.99999965   -23309.62650062
    5430   10.86000000  0.42389513E-06  0.12613851E-06 -0.10296401E-04   863.99999965   -23309.62650028
    5440   10.88000000  0.41492205E-06  0.12613977E-06 -0.10254528E-04   863.99999965   -23309.62649994
    5450   10.90000000  0.40518451E-06  0.12524102E-06 -0.10071274E-04   863.99999965   -23309.62649959
    5460   10.92000000  0.39494064E-06  0.12312429E-06 -0.97513909E-05   863.99999965   -23309.62649925
    5470   10.94000000  0.38444780E-06  0.11950187E-06 -0.93020194E-05   863.99999965   -23309.62649891
    5480   10.96000000  0.37394610E-06  0.11413648E-06 -0.87325140E-05   863.99999965   -23309.62649858
    5490   10.98000000  0.36364127E-06  0.10685822E-06 -0.80542212E-05   863.99999965   -23309.62649826
    5500   11.00000000  0.35369069E-06  0.97580492E-07 -0.72802294E-05   863.99999965   -23309.62649796
    5510   11.02000000  0.34418748E-06  0.86307892E-07 -0.64250882E-05   863.99999965   -23309.62649766
    5520   11.04000000  0.33514997E-06  0.73142091E-07 -0.55045121E-05   863.99999965   -23309.62649738
    5530   11.06000000  0.32651235E-06  0.58280772E-07 -0.45350612E-05   863.99999965   -23309.62649710
    5540   11.08000000  0.31812030E-06  0.42010842E-07 -0.35338137E-05   863.99999965   -23309.62649684
    5550   11.10000000  0.30973077E-06  0.24696477E-07 -0.25180249E-05   863.99999965   -23309.62649658
    5560   11.12000000  0.30101591E-06  0.67599230E-08 -0.15047846E-05   863.99999965   -23309.62649633
    5570   11.14000000  0.29157294E-06 -0.11338754E-07 -0.51066786E-06   863.99999964   -23309.62649607
    5580   11.16000000  0.28093876E-06 -0.29128464E-07  0.44860690E-06   863.99999964   -23309.62649582
    5590   11.18000000  0.26860525E-06 -0.46152794E-07  0.13585131E-05   863.99999964   -23309.62649557
    5600   11.20000000  0.25403993E-06 -0.61999093E-07  0.22060348E-05   863.99999964   -23309.62649531
    5610   11.22000000  0.23670594E-06 -0.76323047E-07  0.29799593E-05   863.99999964   -23309.62649505
    5620   11.24000000  0.21608636E-06 -0.88871046E-07  0.36711411E-05   863.99999964   -23309.62649479
    5630   11.26000000  0.19170526E-06 -0.99497366E-07  0.42727182E-05   863.99999964   -23309.62649453
    5640   11.28000000  0.16314968E-06 -0.10817376E-06  0.47802849E-05   863.99999964   -23309.62649427
    5650   11.30000000  0.13008946E-06 -0.11499322E-06  0.51919974E-05   863.99999964   -23309.62649401
    5660   11.32000000  0.92295295E-07 -0.12016411E-06  0.55086227E-05   863.99999964   -23309.62649375
    5670   11.34000000  0.49657045E-07 -0.12399774E-06  0.57335081E-05   863.99999964   -23309.62649350
    5680   11.36000000  0.21957744E-08 -0.12688869E-06  0.58724860E-05   863.99999964   -23309.62649325
    5690   11.38000000 -0.49923989E-07 -0.12928784E-06  0.59336971E-05   863.99999964   -23309.62649301
    5700   11.40000000 -0.10638752E-06 -0.13167275E-06  0.59273460E-05   863.99999964   -23309.62649277
    5710   11.42000000 -0.16672281E-06 -0.13451440E-06  0.58653857E-05   863.99999964   -23309.62649253
    5720   11.44000000 -0.23030163E-06 -0.13824475E-06  0.57611460E-05   863.99999963   -23309.62649230
    5730   11.46000000 -0.29634131E-06 -0.14322573E-06  0.56289085E-05   863.99999963   -23309.62649206
    5740   11.48000000 -0.36391430E-06 -0.14972027E-06  0.54834444E-05   863.99999963   -23309.62649182
    5750   11.50000000 -0.43196035E-06 -0.15787347E-06  0.53395297E-05   863.99999963   -23309.62649158
    5760   11.52000000 -0.49930435E-06 -0.16769514E-06  0.52114519E-05   863.99999963   -23309.62649133
    5770   11.54000000 -0.56467808E-06 -0.17905478E-06  0.51125279E-05   863.99999963   -23309.62649107
    5780   11.56000000 -0.62674731E-06 -0.19167914E-06  0.50546471E-05   863.99999963   -23309.62649081
    5790   11.58000000 -0.68414133E-06 -0.20516320E-06  0.50478583E-05   863.99999963   -23309.62649055
    5800   11.60000000 -0.73548605E-06 -0.21898132E-06  0.51000152E-05   863.99999963   -23309.62649029
    5810   11.62000000 -0.77943762E-06 -0.23250932E-06  0.52164944E-05   863.99999963   -23309.62649003
    5820   11.64000000 -0.81471835E-06 -0.24504632E-06  0.53999964E-05   863.99999963   -23309.62648977
    5830   11.66000000 -0.84015100E-06 -0.25584201E-06  0.56504351E-05   863.99999963   -23309.62648952
    5840   11.68000000 -0.85469339E-06 -0.26412212E-06  0.59649218E-05   863.99999963   -23309.62648927
    5850   11.70000000 -0.85747082E-06 -0.26911743E-06  0.63378417E-05   863.99999963   -23309.62648903
    5860   11.72000000 -0.84780549E-06 -0.27008698E-06  0.67610210E-05   863.99999963   -23309.62648880
    5870   11.74000000 -0.82524123E-06 -0.26634365E-06  0.72239762E-05   863.99999962   -23309.62648858
    5880   11.76000000 -0.78956426E-06 -0.25727321E-06  0.77142364E-05   863.99999962   -23309.62648836
    5890   11.78000000 -0.74081868E-06 -0.24235578E-06  0.82177289E-05   863.99999962   -23309.62648815
    5900   11.80000000 -0.67931756E-06 -0.22118091E-06  0.87192092E-05   863.99999962   -23309.62648793
    5910   11.82000000 -0.60564674E-06 -0.19346511E-06  0.92027287E-05   863.99999962   -23309.62648772
    5920   11.84000000 -0.52066093E-06 -0.15906286E-06  0.96521127E-05   863.99999962   -23309.62648750
    5930   11.86000000 -0.42547346E-06 -0.11798052E-06  0.10051449E-04   863.99999962   -23309.62648728
    5940   11.88000000 -0.32144090E-06 -0.70384895E-07  0.10385554E-04   863.99999962   -23309.62648704
    5950   11.90000000 -0.21013993E-06 -0.16615272E-07  0.10640420E-04   863.99999962   -23309.62648680
    5960   11.92000000 -0.93339044E-07  0.42812244E-07  0.10803615E-04   863.99999962   -23309.62648656
    5970   11.94000000  0.27034778E-07  0.10719801E-06  0.10864637E-04   863.99999962   -23309.62648630
    5980   11.96000000  0.14893325E-06  0.17565946E-06  0.10815202E-04   863.99999962   -23309.62648603
    5990   11.98000000  0.27022673E-06  0.24713386E-06  0.10649464E-04   863.99999962   -23309.62648577
    6000   12.00000000  0.38874673E-06  0.32038744E-06  0.10364170E-04   863.99999962   -23309.62648550
    6010   12.02000000  0.50232830E-06  0.39402771E-06  0.99587260E-05   863.99999962   -23309.62648523
    6020   12.04000000  0.60885294E-06  0.46652581E-06  0.94351990E-05   863.99999961   -23309.62648496
    6030   12.06000000  0.70629069E-06  0.53624134E-06  0.87982443E-05   863.99999961   -23309.62648470
    6040   12.08000000  0.79274030E-06  0.60145735E-06  0.80549645E-05   863.99999961   -23309.62648445
    6050   12.10000000  0.86646707E-06  0.66041832E-06  0.72147110E-05   863.99999961   -23309.62648420
    6060   12.12000000  0.92593842E-06  0.71137515E-06  0.62888334E-05   863.99999961   -23309.62648396
    6070   12.14000000  0.96985489E-06  0.75263280E-06  0.52903895E-05   863.99999961   -23309.62648373
    6080   12.16000000  0.99717790E-06  0.78260206E-06  0.42338240E-05   863.99999961   -23309.62648351
    6090   12.18000000  0.10071529E-05  0.79984880E-06  0.31346283E-05   863.99999961   -23309.62648329
    6100   12.20000000  0.99932772E-06  0.80314430E-06  0.20089899E-05   863.99999961   -23309.62648308
    6110   12.22000000  0.97356286E-06  0.79151085E-06  0.87344350E-06   863.99999961   -23309.62648287
    6120   12.24000000  0.93003829E-06  0.76426134E-06 -0.25547099E-06   863.99999961   -23309.62648266
    6130   12.26000000  0.86925283E-06  0.72103203E-06 -0.13615333E-05   863.99999961   -23309.62648245
    6140   12.28000000  0.79201660E-06  0.66180518E-06 -0.24291462E-05   863.99999961   -23309.62648224
    6150   12.30000000  0.69943849E-06  0.58692286E-06 -0.34436111E-05   863.99999961   -23309.62648203
    6160   12.32000000  0.59290514E-06  0.49708831E-06 -0.43913705E-05   863.99999961   -23309.62648181
    6170   12.34000000  0.47405691E-06  0.39335814E-06 -0.52602184E-05   863.99999960   -23309.62648160
    6180   12.36000000  0.34475673E-06  0.27712244E-06 -0.60394720E-05   863.99999960   -23309.62648138
    6190   12.38000000  0.20705981E-06  0.15007614E-06 -0.67201069E-05   863.99999960   -23309.62648116
    6200   12.40000000  0.63173360E-07  0.14180203E-07 -0.72948541E-05   863.99999960   -23309.62648093
    6210   12.42000000 -0.84578339E-07 -0.12838350E-06 -0.77582571E-05   863.99999960   -23309.62648071
    6220   12.44000000 -0.23379675E-06 -0.27526358E-06 -0.81066944E-05   863.99999960   -23309.62648048
    6230   12.46000000 -0.38204592E-06 -0.42399437E-06 -0.83383626E-05   863.99999960   -23309.62648025
    6240   12.48000000 -0.52689530E-06 -0.57205508E-06 -0.84532299E-05   863.99999960   -23309.62648002
    6250   12.50000000 -0.66595602E-06 -0.71692628E-06 -0.84529565E-05   863.99999960   -23309.62647979
    6260   12.52000000 -0.79692142E-06 -0.85615008E-06 -0.83407882E-05   863.99999960   -23309.62647956
    6270   12.54000000 -0.91760119E-06 -0.98738260E-06 -0.81214275E-05   863.99999960   -23309.62647933
    6280   12.56000000 -0.10259586E-05 -0.11084466E-05 -0.78008849E-05   863.99999960   -23309.62647910
    6290   12.58000000 -0.11201405E-05 -0.12173737E-05 -0.73863170E-05   863.99999960   -23309.62647887
    6300   12.60000000 -0.11985117E-05 -0.13124447E-05 -0.68858536E-05   863.99999960   -23309.62647865
    6310   12.62000000 -0.12596792E-05 -0.13922181E-05 -0.63084240E-05   863.99999960   -23309.62647842
    6320   12.64000000 -0.13025211E-05 -0.14555535E-05 -0.56635811E-05   863.99999960   -23309.62647820
    6330   12.66000000 -0.13262052E-05 -0.15016247E-05 -0.49613303E-05   863.99999959   -23309.62647798
    6340   12.68000000 -0.13302077E-05 -0.15299258E-05 -0.42119692E-05   863.99999959   -23309.62647777
    6350   12.70000000 -0.13143238E-05 -0.15402689E-05 -0.34259323E-05   863.99999959   -23309.62647756
    6360   12.72000000 -0.12786751E-05 -0.15327751E-05 -0.26136555E-05   863.99999959   -23309.62647735
    6370   12.74000000 -0.12237083E-05 -0.15078614E-05 -0.17854468E-05   863.99999959   -23309.62647715
    6380   12.76000000 -0.11501898E-05 -0.14662185E-05 -0.95137458E-06   863.99999959   -23309.62647694
    6390   12.78000000 -0.10591926E-05 -0.14087895E-05 -0.12116453E-06   863.99999959   -23309.62647674
    6400   12.80000000 -0.95207831E-06 -0.13367421E-05  0.69588865E-06   863.99999959   -23309.62647655
    6410   12.82000000 -0.83047310E-06 -0.12514408E-05  0.14910030E-05   863.99999959   -23309.62647635
    6420   12.84000000 -0.69623943E-06 -0.11544147E-05  0.22559779E-05   863.99999959   -23309.62647615
    6430   12.86000000 -0.55144474E-06 -0.10473254E-05  0.29832558E-05   863.99999959   -23309.62647595
    6440   12.88000000 -0.39832722E-06 -0.93193346E-06  0.36659742E-05   863.99999959   -23309.62647576
    6450   12.90000000 -0.23926022E-06 -0.81006291E-06  0.42980098E-05   863.99999959   -23309.62647556
    6460   12.92000000 -0.76715725E-07 -0.68356620E-06  0.48740115E-05   863.99999959   -23309.62647536
    6470   12.94000000  0.86772469E-07 -0.55428763E-06  0.53894261E-05   863.99999959   -23309.62647516
    6480   12.96000000  0.24864735E-06 -0.42402751E-06  0.58405116E-05   863.99999958   -23309.62647496
    6490   12.98000000  0.40636583E-06 -0.29450759E-06  0.62243442E-05   863.99999958   -23309.62647476
    6500   13.00000000  0.55743735E-06 -0.16733958E-06  0.65388149E-05   863.99999958   -23309.62647456
    6510   13.02000000  0.69946297E-06 -0.43996861E-07  0.67826212E-05   863.99999958   -23309.62647436
    6520   13.04000000  0.83017429E-06  0.74209836E-07  0.69552501E-05   863.99999958   -23309.62647416
    6530   13.06000000  0.94747353E-06  0.18614846E-06  0.70569611E-05   863.99999958   -23309.62647396
    6540   13.08000000  0.10494727E-05  0.29087772E-06  0.70887639E-05   863.99999958   -23309.62647376
    6550   13.10000000  0.11345310E-05  0.38764925E-06  0.70523977E-05   863.99999958   -23309.62647356
    6560   13.12000000  0.12012910E-05  0.47590462E-06  0.69503082E-05   863.99999958   -23309.62647337
    6570   13.14000000  0.12487091E-05  0.55526319E-06  0.67856228E-05   863.99999958   -23309.62647318
    6580   13.16000000  0.12760826E-05  0.62550677E-06  0.65621264E-05   863.99999958   -23309.62647299
    6590   13.18000000  0.12830687E-05  0.68655837E-06  0.62842289E-05   863.99999958   -23309.62647280
    6600   13.20000000  0.12696962E-05  0.73845846E-06  0.59569320E-05   863.99999958   -23309.62647262
    6610   13.22000000  0.12363670E-05  0.78134092E-06  0.55857819E-05   863.99999958   -23309.62647244
    6620   13.24000000  0.11838501E-05  0.81540784E-06  0.51768164E-05   863.99999958   -23309.62647227
    6630   13.26000000  0.11132631E-05  0.84091015E-06  0.47364957E-05   863.99999957   -23309.62647209
    6640   13.28000000  0.10260462E-05  0.85812693E-06  0.42716233E-05   863.99999957   -23309.62647192
    6650   13.30000000  0.92392758E-06  0.86735449E-06  0.37892538E-05   863.99999957   -23309.62647175
    6660   13.32000000  0.80887929E-06  0.86889262E-06  0.32965898E-05   863.99999957   -23309.62647158
    6670   13.34000000  0.68306892E-06  0.86304111E-06  0.28008715E-05   863.99999957   -23309.62647141
    6680   13.36000000  0.54880697E-06  0.85009593E-06  0.23092613E-05   863.99999957   -23309.62647124
    6690   13.38000000  0.40849044E-06  0.83035100E-06  0.18287272E-05   863.99999957   -23309.62647107
    6700   13.40000000  0.26454937E-06  0.80409974E-06  0.13659291E-05   863.99999957   -23309.62647090
    6710   13.42000000  0.11939143E-06  0.77163991E-06  0.92711287E-06   863.99999957   -23309.62647072
    6720   13.44000000 -0.24646744E-07  0.73327903E-06  0.51801466E-06   863.99999957   -23309.62647054
    6730   13.46000000 -0.16534628E-06  0.68933996E-06  0.14377852E-06   863.99999957   -23309.62647036
    6740   13.48000000 -0.30064445E-06  0.64016618E-06 -0.19111388E-06   863.99999957   -23309.62647018
    6750   13.50000000 -0.42866618E-06  0.58612816E-06 -0.48289700E-06   863.99999957   -23309.62647000
    6760   13.52000000 -0.54774713E-06  0.52762687E-06 -0.72856232E-06   863.99999957   -23309.62646981
    6770   13.54000000 -0.65644915E-06  0.46509907E-06 -0.92588575E-06   863.99999957   -23309.62646963
    6780   13.56000000 -0.75356871E-06  0.39901926E-06 -0.10734429E-05   863.99999956   -23309.62646945
    6790   13.58000000 -0.83813753E-06  0.32990232E-06 -0.11706138E-05   863.99999956   -23309.62646926
    6800   13.60000000 -0.90941726E-06  0.25830234E-06 -0.12175786E-05   863.99999956   -23309.62646908
    6810   13.62000000 -0.96688849E-06  0.18481134E-06 -0.12153039E-05   863.99999956   -23309.62646890
    6820   13.64000000 -0.10102361E-05  0.11005587E-06 -0.11655204E-05   863.99999956   -23309.62646873
    6830   13.66000000 -0.10393331E-05  0.34690376E-07 -0.10706921E-05   863.99999956   -23309.62646855
    6840   13.68000000 -0.10542205E-05 -0.40608758E-07 -0.93397385E-06   863.99999956   -23309.62646838
    6850   13.70000000 -0.10550908E-05 -0.11515284E-06 -0.75915861E-06   863.99999956   -23309.62646822
    6860   13.72000000 -0.10422684E-05 -0.18824868E-06 -0.55061127E-06   863.99999956   -23309.62646805
    6870   13.74000000 -0.10161946E-05 -0.25920971E-06 -0.31319294E-06   863.99999956   -23309.62646789
    6880   13.76000000 -0.97741123E-06 -0.32736557E-06 -0.52171555E-07   863.99999956   -23309.62646773
    6890   13.78000000 -0.92655001E-06 -0.39207210E-06  0.22687452E-06   863.99999956   -23309.62646758
    6900   13.80000000 -0.86432054E-06 -0.45272229E-06  0.51816374E-06   863.99999956   -23309.62646742
    6910   13.82000000 -0.79150507E-06 -0.50875348E-06  0.81581868E-06   863.99999956   -23309.62646726
    6920   13.84000000 -0.70895229E-06 -0.55965923E-06  0.11139780E-05   863.99999956   -23309.62646711
    6930   13.86000000 -0.61757597E-06 -0.60499593E-06  0.14069008E-05   863.99999955   -23309.62646695
    6940   13.88000000 -0.51835407E-06 -0.64439227E-06  0.16890678E-05   863.99999955   -23309.62646679
    6950   13.90000000 -0.41233121E-06 -0.67755668E-06  0.19552678E-05   863.99999955   -23309.62646662
    6960   13.92000000 -0.30061988E-06 -0.70428373E-06  0.22006769E-05   863.99999955   -23309.62646645
    6970   13.94000000 -0.18440611E-06 -0.72445998E-06  0.24209199E-05   863.99999955   -23309.62646628
    6980   13.96000000 -0.64949103E-07 -0.73806776E-06  0.26121212E-05   863.99999955   -23309.62646611
    6990   13.98000000  0.56415994E-07 -0.74518748E-06  0.27709411E-05   863.99999955   -23309.62646593
    7000   14.00000000  0.17828326E-06 -0.74599829E-06  0.28946005E-05   863.99999955   -23309.62646576
    7010   14.02000000  0.29918141E-06 -0.74077648E-06  0.29808978E-05   863.99999955   -23309.62646558
    7020   14.04000000  0.41758813E-06 -0.72989178E-06  0.30282165E-05   863.99999955   -23309.62646540
    7030   14.06000000  0.53194669E-06 -0.71380236E-06  0.30355297E-05   863.99999955   -23309.62646521
    7040   14.08000000  0.64069059E-06 -0.69304614E-06  0.30023980E-05   863.99999955   -23309.62646503
    7050   14.10000000  0.74227130E-06 -0.66823340E-06  0.29289666E-05   863.99999955   -23309.62646485
    7060   14.12000000  0.83519291E-06 -0.64003483E-06  0.28159574E-05   863.99999955   -23309.62646467
    7070   14.14000000  0.91804549E-06 -0.60917174E-06  0.26646604E-05   863.99999955   -23309.62646450
    7080   14.16000000  0.98954405E-06 -0.57640153E-06  0.24769190E-05   863.99999954   -23309.62646432
    7090   14.18000000  0.10485616E-05 -0.54250538E-06  0.22551109E-05   863.99999954   -23309.62646415
    7100   14.20000000  0.10941628E-05 -0.50827192E-06  0.20021246E-05   863.99999954   -23309.62646398
    7110   14.22000000  0.11256306E-05 -0.47448266E-06  0.17213267E-05   863.99999954   -23309.62646381
    7120   14.24000000  0.11424881E-05 -0.44189387E-06  0.14165218E-05   863.99999954   -23309.62646365
    7130   14.26000000  0.11445129E-05 -0.41121913E-06  0.10919030E-05   863.99999954   -23309.62646349
    7140   14.28000000  0.11317442E-05 -0.38311137E-06  0.75199404E-06   863.99999954   -23309.62646332
    7150   14.30000000  0.11044823E-05 -0.35814533E-06  0.40158323E-06   863.99999954   -23309.62646317
    7160   14.32000000  0.10632801E-05 -0.33679984E-06  0.45648201E-07   863.99999954   -23309.62646301
    7170   14.34000000  0.10089294E-05 -0.31944348E-06 -0.31072394E-06   863.99999954   -23309.62646285
    7180   14.36000000  0.94244001E-06 -0.30631990E-06 -0.66242386E-06   863.99999954   -23309.62646269
    7190   14.38000000  0.86501561E-06 -0.29753882E-06 -0.10044054E-05   863.99999954   -23309.62646254
    7200   14.40000000  0.77802544E-06 -0.29306812E-06 -0.13317740E-05   863.99999954   -23309.62646238
    7210   14.42000000  0.68297290E-06 -0.29273242E-06 -0.16398694E-05   863.99999954   -23309.62646222
    7220   14.44000000  0.58146311E-06 -0.29621410E-06 -0.19243459E-05   863.99999954   -23309.62646206
    7230   14.46000000  0.47516899E-06 -0.30306134E-06 -0.21812413E-05   863.99999953   -23309.62646189
    7240   14.48000000  0.36579907E-06 -0.31269789E-06 -0.24070369E-05   863.99999953   -23309.62646173
    7250   14.50000000  0.25506448E-06 -0.32444068E-06 -0.25987051E-05   863.99999953   -23309.62646156
    7260   14.52000000  0.14464869E-06 -0.33751652E-06 -0.27537453E-05   863.99999953   -23309.62646138
    7270   14.54000000  0.36176942E-07 -0.35108805E-06 -0.28702064E-05   863.99999953   -23309.62646120
    7280   14.56000000 -0.68809442E-07 -0.36427624E-06 -0.29466996E-05   863.99999953   -23309.62646102
    7290   14.58000000 -0.16887712E-06 -0.37618944E-06 -0.29823968E-05   863.99999953   -23309.62646084
    7300   14.60000000 -0.26272185E-06 -0.38594949E-06 -0.29770259E-05   863.99999953   -23309.62646066
    7310   14.62000000 -0.34918664E-06 -0.39272037E-06 -0.29308523E-05   863.99999953   -23309.62646048
    7320   14.64000000 -0.42727557E-06 -0.39573310E-06 -0.28446632E-05   863.99999953   -23309.62646029
    7330   14.66000000 -0.49616613E-06 -0.39431067E-06 -0.27197418E-05   863.99999953   -23309.62646011
    7340   14.68000000 -0.55521509E-06 -0.38788746E-06 -0.25578436E-05   863.99999953   -23309.62645993
    7350   14.70000000 -0.60396441E-06 -0.37602874E-06 -0.23611666E-05   863.99999953   -23309.62645975
    7360   14.72000000 -0.64214035E-06 -0.35844049E-06 -0.21323234E-05   863.99999953   -23309.62645958
    7370   14.74000000 -0.66965313E-06 -0.33498168E-06 -0.18743075E-05   863.99999953   -23309.62645941
    7380   14.76000000 -0.68659016E-06 -0.30566413E-06 -0.15904598E-05   863.99999952   -23309.62645924
    7390   14.78000000 -0.69320792E-06 -0.27065547E-06 -0.12844273E-05   863.99999952   -23309.62645908
    7400   14.80000000 -0.68992025E-06 -0.23027187E-06 -0.96012090E-06   863.99999952   -23309.62645891
    7410   14.82000000 -0.67728468E-06 -0.18497056E-06 -0.62166402E-06   863.99999952   -23309.62645875
    7420   14.84000000 -0.65598584E-06 -0.13533698E-06 -0.27333800E-06   863.99999952   -23309.62645860
    7430   14.86000000 -0.62681640E-06 -0.82071313E-07  0.80479398E-07   863.99999952   -23309.62645844
    7440   14.88000000 -0.59065794E-06 -0.25971760E-07  0.43537991E-06   863.99999952   -23309.62645829
    7450   14.90000000 -0.54845970E-06  0.32082879E-07  0.78699376E-06   863.99999952   -23309.62645814
    7460   14.92000000 -0.50121684E-06  0.91151090E-07  0.11310614E-05   863.99999952   -23309.62645798
    7470   14.94000000 -0.44994922E-06  0.15024865E-06  0.14635041E-05   863.99999952   -23309.62645783
    7480   14.96000000 -0.39567926E-06  0.20836816E-06  0.17804967E-05   863.99999952   -23309.62645767
    7490   14.98000000 -0.33941168E-06  0.26449695E-06  0.20785323E-05   863.99999952   -23309.62645752
    7500   15.00000000 -0.28211341E-06  0.31763710E-06  0.23544845E-05   863.99999952   -23309.62645736
    7510   15.02000000 -0.22469752E-06  0.36682599E-06  0.26056591E-05   863.99999952   -23309.62645720
    7520   15.04000000 -0.16800563E-06  0.41115595E-06  0.28298390E-05   863.99999952   -23309.62645704
    7530   15.06000000 -0.11279602E-06  0.44979543E-06  0.30253163E-05   863.99999951   -23309.62645688
    7540   15.08000000 -0.59731615E-07  0.48200972E-06  0.31909133E-05   863.99999951   -23309.62645672
    7550   15.10000000 -0.93759820E-08  0.50717941E-06  0.33259872E-05   863.99999951   -23309.62645656
    7560   15.12000000  0.37812814E-07  0.52482088E-06  0.34304240E-05   863.99999951   -23309.62645639
    7570   15.14000000  0.81479389E-07  0.53460211E-06  0.35046156E-05   863.99999951   -23309.62645623
    7580   15.16000000  0.12137000E-06  0.53635896E-06  0.35494237E-05   863.99999951   -23309.62645607
    7590   15.18000000  0.15732374E-06  0.53010326E-06  0.35661287E-05   863.99999951   -23309.62645590
    7600   15.20000000  0.18926509E-06  0.51602820E-06  0.35563685E-05   863.99999951   -23309.62645574
    7610   15.22000000  0.21719310E-06  0.49450789E-06  0.35220665E-05   863.99999951   -23309.62645557
    7620   15.24000000  0.24117104E-06  0.46608930E-06  0.34653543E-05   863.99999951   -23309.62645541
    7630   15.26000000  0.26131629E-06  0.43147912E-06  0.33884887E-05   863.99999951   -23309.62645524
    7640   15.28000000  0.27778983E-06  0.39152261E-06  0.32937720E-05   863.99999951   -23309.62645508
    7650   15.30000000  0.29078826E-06  0.34717756E-06  0.31834745E-05   863.99999951   -23309.62645491
    7660   15.32000000  0.30053716E-06  0.29948291E-06  0.30597654E-05   863.99999951   -23309.62645475
    7670   15.34000000  0.30728441E-06  0.24952422E-06  0.29246541E-05   863.99999951   -23309.62645459
    7680   15.36000000  0.31129651E-06  0.19839827E-06  0.27799468E-05   863.99999950   -23309.62645443
    7690   15.38000000  0.31285210E-06  0.14717599E-06  0.26272151E-05   863.99999950   -23309.62645427
    7700   15.40000000  0.31223762E-06  0.96868424E-07  0.24677847E-05   863.99999950   -23309.62645411
    7710   15.42000000  0.30974122E-06  0.48395842E-07  0.23027354E-05   863.99999950   -23309.62645395
    7720   15.44000000  0.30564546E-06  0.25600952E-08  0.21329198E-05   863.99999950   -23309.62645380
    7730   15.46000000  0.30022061E-06 -0.39976322E-07  0.19589901E-05   863.99999950   -23309.62645364
    7740   15.48000000  0.29371534E-06 -0.78705990E-07  0.17814388E-05   863.99999950   -23309.62645349
    7750   15.50000000  0.28634897E-06 -0.11328458E-06  0.16006434E-05   863.99999950   -23309.62645333
    7760   15.52000000  0.27830272E-06 -0.14353216E-06  0.14169194E-05   863.99999950   -23309.62645318
    7770   15.54000000  0.26971436E-06 -0.16942946E-06  0.12305686E-05   863.99999950   -23309.62645303
    7780   15.56000000  0.26067469E-06 -0.19110625E-06  0.10419313E-05   863.99999950   -23309.62645288
    7790   15.58000000  0.25122749E-06 -0.20882507E-06  0.85142923E-06   863.99999950   -23309.62645272
    7800   15.60000000  0.24137371E-06 -0.22296128E-06  0.65960454E-06   863.99999950   -23309.62645257
    7810   15.62000000  0.23107765E-06 -0.23397708E-06  0.46715044E-06   863.99999950   -23309.62645241
    7820   15.64000000  0.22027857E-06 -0.24239632E-06  0.27492912E-06   863.99999950   -23309.62645226
    7830   15.66000000  0.20890322E-06 -0.24877449E-06  0.83981267E-07   863.99999950   -23309.62645210
    7840   15.68000000  0.19688193E-06 -0.25367289E-06 -0.10447604E-06   863.99999949   -23309.62645194
    7850   15.70000000  0.18416034E-06 -0.25763255E-06 -0.28906241E-06   863.99999949   -23309.62645178
    7860   15.72000000  0.17071586E-06 -0.26115086E-06 -0.46825630E-06   863.99999949   -23309.62645162
    7870   15.74000000  0.15656460E-06 -0.26466328E-06 -0.64042754E-06   863.99999949   -23309.62645146
    7880   15.76000000  0.14177024E-06 -0.26852719E-06 -0.80387551E-06   863.99999949   -23309.62645130
    7890   15.78000000  0.12644457E-06 -0.27301415E-06 -0.95687266E-06   863.99999949   -23309.62645114
    7900   15.80000000  0.11074619E-06 -0.27830334E-06 -0.10977111E-05   863.99999949   -23309.62645097
    7910   15.82000000  0.94872370E-07 -0.28448331E-06 -0.12247513E-05   863.99999949   -23309.62645081
    7920   15.84000000  0.79050961E-07 -0.29155430E-06 -0.13364660E-05   863.99999949   -23309.62645064
    7930   15.86000000  0.63528557E-07 -0.29943654E-06 -0.14314849E-05   863.99999949   -23309.62645048
    7940   15.88000000  0.48558384E-07 -0.30797916E-06 -0.15086312E-05   863.99999949   -23309.62645031
    7950   15.90000000  0.34389089E-07 -0.31697146E-06 -0.15669551E-05   863.99999949   -23309.62645015
    7960   15.92000000  0.21253280E-07 -0.32615318E-06 -0.16057566E-05   863.99999949   -23309.62644998
    7970   15.94000000  0.93618957E-08 -0.33522456E-06 -0.16246050E-05   863.99999949   -23309.62644982
    7980   15.96000000 -0.11013608E-08 -0.34385425E-06 -0.16233483E-05   863.99999949   -23309.62644966
    7990   15.98000000 -0.99812492E-08 -0.35168638E-06 -0.16021176E-05   863.99999948   -23309.62644950
    8000   16.00000000 -0.17151050E-07 -0.35834651E-06 -0.15613247E-05   863.99999948   -23309.62644934
    8010   16.02000000 -0.22509940E-07 -0.36344621E-06 -0.15016539E-05   863.99999948   -23309.62644918
    8020   16.04000000 -0.25978698E-07 -0.36658610E-06 -0.14240495E-05   863.99999948   -23309.62644903
    8030   16.06000000 -0.27495959E-07 -0.36736120E-06 -0.13297011E-05   863.99999948   -23309.62644887
    8040   16.08000000 -0.27013985E-07 -0.36536596E-06 -0.12200231E-05   863.99999948   -23309.62644872
    8050   16.10000000 -0.24496122E-07 -0.36020416E-06 -0.10966358E-05   863.99999948   -23309.62644856
    8060   16.12000000 -0.19912504E-07 -0.35149949E-06 -0.96134061E-06   863.99999948   -23309.62644840
    8070   16.14000000 -0.13238583E-07 -0.33891095E-06 -0.81609766E-06   863.99999948   -23309.62644825
    8080   16.16000000 -0.44529833E-08 -0.32214659E-06 -0.66299781E-06   863.99999948   -23309.62644809
    8090   16.18000000  0.64618441E-08 -0.30098376E-06 -0.50423765E-06   863.99999948   -23309.62644793
    8100   16.20000000  0.19521462E-07 -0.27528330E-06 -0.34209069E-06   863.99999948   -23309.62644777
    8110   16.22000000  0.34737511E-07 -0.24500738E-06 -0.17887846E-06   863.99999948   -23309.62644761
    8120   16.24000000  0.52118059E-07 -0.21023006E-06 -0.16939062E-07   863.99999948   -23309.62644745
    8130   16.26000000  0.71663495E-07 -0.17114667E-06  0.14140583E-06   863.99999948   -23309.62644728
    8140   16.28000000  0.93362863E-07 -0.12807380E-06  0.29388274E-06   863.99999947   -23309.62644712
    8150   16.30000000  0.11718620E-06 -0.81448797E-07  0.43830205E-06   863.99999947   -23309.62644695
    8160   16.32000000  0.14307583E-06 -0.31818202E-07  0.57259155E-06   863.99999947   -23309.62644679
    8170   16.34000000  0.17093593E-06  0.20173387E-07  0.69483173E-06   863.99999947   -23309.62644663
    8180   16.36000000  0.20061994E-06  0.73801922E-07  0.80328860E-06   863.99999947   -23309.62644647
    8190   16.38000000  0.23191621E-06  0.12828033E-06  0.89644672E-06   863.99999947   -23309.62644631
    8200   16.40000000  0.26453541E-06  0.18277953E-06  0.97303742E-06   863.99999947   -23309.62644615
    8210   16.42000000  0.29809803E-06  0.23644700E-06  0.10320659E-05   863.99999947   -23309.62644600
    8220   16.44000000  0.33212691E-06  0.28842630E-06  0.10728328E-05   863.99999947   -23309.62644584
    8230   16.46000000  0.36604265E-06  0.33787354E-06  0.10949524E-05   863.99999947   -23309.62644569
    8240   16.48000000  0.39916596E-06  0.38397233E-06  0.10983642E-05   863.99999947   -23309.62644554
    8250   16.50000000  0.43072635E-06  0.42594801E-06  0.10833412E-05   863.99999947   -23309.62644540
    8260   16.52000000  0.45987763E-06  0.46308003E-06  0.10504902E-05   863.99999947   -23309.62644525
    8270   16.54000000  0.48571948E-06  0.49471462E-06  0.10007473E-05   863.99999947   -23309.62644511
    8280   16.56000000  0.50732707E-06  0.52027558E-06  0.93536600E-06   863.99999947   -23309.62644496
    8290   16.58000000  0.52378400E-06  0.53927564E-06  0.85589899E-06   863.99999946   -23309.62644482
    8300   16.60000000  0.53421901E-06  0.55132637E-06  0.76417290E-06   863.99999946   -23309.62644467
    8310   16.62000000  0.53784333E-06  0.55614798E-06  0.66225730E-06   863.99999946   -23309.62644452
    8320   16.64000000  0.53398755E-06  0.55357952E-06  0.55242622E-06   863.99999946   -23309.62644438
    8330   16.66000000  0.52213621E-06  0.54358475E-06  0.43711472E-06   863.99999946   -23309.62644423
    8340   16.68000000  0.50195431E-06  0.52625877E-06  0.31887019E-06   863.99999946   -23309.62644408
    8350   16.70000000  0.47331147E-06  0.50183126E-06  0.20029933E-06   863.99999946   -23309.62644394
    8360   16.72000000  0.43629305E-06  0.47066724E-06  0.84011911E-07   863.99999946   -23309.62644379
    8370   16.74000000  0.39120635E-06  0.43326550E-06 -0.27435921E-07   863.99999946   -23309.62644364
    8380   16.76000000  0.33857477E-06  0.39025150E-06 -0.13159734E-06   863.99999946   -23309.62644349
    8390   16.78000000  0.27912641E-06  0.34236996E-06 -0.22618775E-06   863.99999946   -23309.62644334
    8400   16.80000000  0.21377241E-06  0.29047216E-06 -0.30913254E-06   863.99999946   -23309.62644318
    8410   16.82000000  0.14357958E-06  0.23550126E-06 -0.37860971E-06   863.99999946   -23309.62644303
    8420   16.84000000  0.69739769E-07  0.17847350E-06 -0.43308452E-06   863.99999946   -23309.62644288
    8430   16.86000000 -0.64663187E-08  0.12045759E-06 -0.47133561E-06   863.99999946   -23309.62644273
    8440   16.88000000 -0.83704250E-07  0.62552205E-07 -0.49247156E-06   863.99999945   -23309.62644257
    8450   16.90000000 -0.16062218E-06  0.58597158E-08 -0.49593896E-06   863.99999945   -23309.62644242
    8460   16.92000000 -0.23588416E-06 -0.48536197E-07 -0.48152268E-06   863.99999945   -23309.62644227
    8470   16.94000000 -0.30820237E-06 -0.99599157E-07 -0.44933900E-06   863.99999945   -23309.62644212
    8480   16.96000000 -0.37636414E-06 -0.14636207E-06 -0.39982159E-06   863.99999945   -23309.62644197
    8490   16.98000000 -0.43925514E-06 -0.18795520E-06 -0.33370265E-06   863.99999945   -23309.62644182
    8500   17.00000000 -0.49587869E-06 -0.22362331E-06 -0.25199075E-06   863.99999945   -23309.62644167
    8510   17.02000000 -0.54537022E-06 -0.25274946E-06 -0.15594335E-06   863.99999945   -23309.62644153
    8520   17.04000000 -0.58700762E-06 -0.27486746E-06 -0.47038043E-07   863.99999945   -23309.62644138
    8530   17.06000000 -0.62021742E-06 -0.28967752E-06  0.73059232E-07   863.99999945   -23309.62644124
    8540   17.08000000 -0.64457787E-06 -0.29705203E-06  0.20252683E-06   863.99999945   -23309.62644110
    8550   17.10000000 -0.65981786E-06 -0.29704295E-06  0.33942490E-06   863.99999945   -23309.62644096
    8560   17.12000000 -0.66581277E-06 -0.28987781E-06  0.48172940E-06   863.99999945   -23309.62644082
    8570   17.14000000 -0.66257907E-06 -0.27595684E-06  0.62737154E-06   863.99999945   -23309.62644068
    8580   17.16000000 -0.65026615E-06 -0.25584095E-06  0.77427314E-06   863.99999945   -23309.62644054
    8590   17.18000000 -0.62914576E-06 -0.23023772E-06  0.92038573E-06   863.99999944   -23309.62644040
    8600   17.20000000 -0.59960244E-06 -0.19998023E-06  0.10637232E-05   863.99999944   -23309.62644026
    8610   17.22000000 -0.56212109E-06 -0.16600341E-06  0.12023940E-05   863.99999944   -23309.62644012
    8620   17.24000000 -0.51727806E-06 -0.12931526E-06  0.13346285E-05   863.99999944   -23309.62643998
    8630   17.26000000 -0.46572979E-06 -0.90965979E-07  0.14588015E-05   863.99999944   -23309.62643984
    8640   17.28000000 -0.40820345E-06 -0.52015213E-07  0.15734507E-05   863.99999944   -23309.62643970
    8650   17.30000000 -0.34548802E-06 -0.13500348E-07  0.16772887E-05   863.99999944   -23309.62643955
    8660   17.32000000 -0.27842647E-06  0.23598924E-07  0.17692124E-05   863.99999944   -23309.62643941
    8670   17.34000000 -0.20790781E-06  0.58386051E-07  0.18483066E-05   863.99999944   -23309.62643927
    8680   17.36000000 -0.13485957E-06  0.90078517E-07  0.19138441E-05   863.99999944   -23309.62643912
    8690   17.38000000 -0.60238957E-07  0.11802287E-06  0.19652839E-05   863.99999944   -23309.62643898
    8700   17.40000000  0.14976125E-07  0.14171420E-06  0.20022673E-05   863.99999944   -23309.62643883
    8710   17.42000000  0.89799409E-07  0.16079867E-06  0.20246111E-05   863.99999944   -23309.62643869
    8720   17.44000000  0.16324758E-06  0.17507857E-06  0.20323003E-05   863.99999944   -23309.62643855
    8730   17.46000000  0.23435329E-06  0.18450040E-06  0.20254777E-05   863.99999944   -23309.62643841
    8740   17.48000000  0.30218162E-06  0.18914550E-06  0.20044340E-05   863.99999943   -23309.62643827
    8750   17.50000000  0.36584365E-06  0.18920995E-06  0.19695927E-05   863.99999943   -23309.62643813
    8760   17.52000000  0.42451367E-06  0.18498385E-06  0.19214971E-05   863.99999943   -23309.62643799
    8770   17.54000000  0.47744163E-06  0.17682751E-06  0.18607920E-05   863.99999943   -23309.62643784
    8780   17.56000000  0.52396758E-06  0.16514739E-06  0.17882080E-05   863.99999943   -23309.62643770
    8790   17.58000000  0.56353118E-06  0.15037375E-06  0.17045439E-05   863.99999943   -23309.62643756
    8800   17.60000000  0.59568010E-06  0.13294002E-06  0.16106510E-05   863.99999943   -23309.62643741
    8810   17.62000000  0.62007918E-06  0.11326687E-06  0.15074199E-05   863.99999943   -23309.62643727
    8820   17.64000000  0.63651121E-06  0.91748866E-07  0.13957701E-05   863.99999943   -23309.62643712
    8830   17.66000000  0.64488248E-06  0.68747208E-07  0.12766448E-05   863.99999943   -23309.62643698
    8840   17.68000000  0.64521934E-06  0.44584922E-07  0.11510108E-05   863.99999943   -23309.62643683
    8850   17.70000000  0.63767209E-06  0.19545749E-07  0.10198594E-05   863.99999943   -23309.62643668
    8860   17.72000000  0.62251120E-06 -0.61228615E-08  0.88421324E-06   863.99999943   -23309.62643653
    8870   17.74000000  0.60012855E-06 -0.32205111E-07  0.74513369E-06   863.99999943   -23309.62643638
    8880   17.76000000  0.57103468E-06 -0.58510046E-07  0.60372891E-06   863.99999943   -23309.62643623
    8890   17.78000000  0.53585736E-06 -0.84863819E-07  0.46116048E-06   863.99999942   -23309.62643608
    8900   17.80000000  0.49533954E-06 -0.11110035E-06  0.31864601E-06   863.99999942   -23309.62643593
    8910   17.82000000  0.45033580E-06 -0.13705286E-06  0.17745901E-06   863.99999942   -23309.62643578
    8920   17.84000000  0.40180529E-06 -0.16254433E-06  0.38919269E-07   863.99999942   -23309.62643563
    8930   17.86000000  0.35080372E-06 -0.18737961E-06 -0.95618760E-07   863.99999942   -23309.62643548
    8940   17.88000000  0.29846846E-06 -0.21133800E-06 -0.22478830E-06   863.99999942   -23309.62643533
    8950   17.90000000  0.24600246E-06 -0.23416911E-06 -0.34723279E-06   863.99999942   -23309.62643518
    8960   17.92000000  0.19465125E-06 -0.25558792E-06 -0.46163687E-06   863.99999942   -23309.62643504
    8970   17.94000000  0.14567614E-06 -0.27527670E-06 -0.56675597E-06   863.99999942   -23309.62643489
    8980   17.96000000  0.10032482E-06 -0.29288631E-06 -0.66144930E-06   863.99999942   -23309.62643474
    8990   17.98000000  0.59794828E-07 -0.30804345E-06 -0.74470950E-06   863.99999942   -23309.62643460
    9000   18.00000000  0.25200338E-07 -0.32036084E-06 -0.81569054E-06   863.99999942   -23309.62643445
    9010   18.02000000 -0.24659079E-08 -0.32944944E-06 -0.87372864E-06   863.99999942   -23309.62643430
    9020   18.04000000 -0.22364635E-07 -0.33493553E-06 -0.91835992E-06   863.99999942   -23309.62643415
    9030   18.06000000 -0.33842382E-07 -0.33647677E-06 -0.94932939E-06   863.99999942   -23309.62643400
    9040   18.08000000 -0.36455485E-07 -0.33378369E-06 -0.96659589E-06   863.99999941   -23309.62643385
    9050   18.10000000 -0.29991226E-07 -0.32663541E-06 -0.97032820E-06   863.99999941   -23309.62643370
    9060   18.12000000 -0.14476357E-07 -0.31490137E-06 -0.96089760E-06   863.99999941   -23309.62643355
    9070   18.14000000  0.98168895E-08 -0.29855417E-06 -0.93886166E-06   863.99999941   -23309.62643340
    9080   18.16000000  0.42377542E-07 -0.27768489E-06 -0.90494985E-06   863.99999941   -23309.62643325
    9090   18.18000000  0.82466826E-07 -0.25250933E-06 -0.86003979E-06   863.99999941   -23309.62643309
    9100   18.20000000  0.12913863E-06 -0.22337305E-06 -0.80513684E-06   863.99999941   -23309.62643294
    9110   18.22000000  0.18126336E-06 -0.19074867E-06 -0.74134738E-06   863.99999941   -23309.62643279
    9120   18.24000000  0.23755859E-06 -0.15522898E-06 -0.66985485E-06   863.99999941   -23309.62643264
    9130   18.26000000  0.29662088E-06 -0.11751367E-06 -0.59189291E-06   863.99999941   -23309.62643249
    9140   18.28000000  0.35696129E-06 -0.78390422E-07 -0.50872103E-06   863.99999941   -23309.62643234
    9150   18.30000000  0.41704113E-06 -0.38712290E-07 -0.42159974E-06   863.99999941   -23309.62643219
    9160   18.32000000  0.47530882E-06  0.63001199E-09 -0.33176848E-06   863.99999941   -23309.62643204
    9170   18.34000000  0.53023565E-06  0.38738073E-07 -0.24042065E-06   863.99999941   -23309.62643190
    9180   18.36000000  0.58035139E-06  0.74737259E-07 -0.14868706E-06   863.99999941   -23309.62643176
    9190   18.38000000  0.62427846E-06  0.10780660E-06 -0.57615459E-07   863.99999940   -23309.62643161
    9200   18.40000000  0.66076572E-06  0.13720984E-06  0.31841201E-07   863.99999940   -23309.62643147
    9210   18.42000000  0.68871916E-06  0.16231994E-06  0.11883827E-06   863.99999940   -23309.62643133
    9220   18.44000000  0.70723067E-06  0.18264084E-06  0.20264699E-06   863.99999940   -23309.62643118
    9230   18.46000000  0.71560208E-06  0.19782226E-06  0.28265723E-06   863.99999940   -23309.62643104
    9240   18.48000000  0.71336664E-06  0.20766699E-06  0.35837867E-06   863.99999940   -23309.62643089
    9250   18.50000000  0.70030312E-06  0.21213093E-06  0.42943354E-06   863.99999940   -23309.62643075
    9260   18.52000000  0.67644679E-06  0.21131745E-06  0.49555086E-06   863.99999940   -23309.62643060
    9270   18.54000000  0.64208952E-06  0.20546190E-06  0.55655172E-06   863.99999940   -23309.62643045
    9280   18.56000000  0.59777663E-06  0.19491400E-06  0.61233680E-06   863.99999940   -23309.62643031
    9290   18.58000000  0.54429264E-06  0.18011329E-06  0.66286583E-06   863.99999940   -23309.62643016
    9300   18.60000000  0.48264180E-06  0.16156492E-06  0.70814098E-06   863.99999940   -23309.62643001
    9310   18.62000000  0.41402041E-06  0.13981254E-06  0.74818649E-06   863.99999940   -23309.62642987
    9320   18.64000000  0.33978371E-06  0.11541671E-06  0.78303210E-06   863.99999940   -23309.62642972
    9330   18.66000000  0.26140946E-06  0.88932274E-07  0.81269654E-06   863.99999940   -23309.62642958
    9340   18.68000000  0.18045527E-06  0.60894331E-07  0.83717723E-06   863.99999939   -23309.62642944
    9350   18.70000000  0.98518769E-07  0.31804560E-07  0.85644126E-06   863.99999939   -23309.62642930
    9360   18.72000000  0.17193704E-07  0.21280277E-08  0.87042572E-06   863.99999939   -23309.62642916
    9370   18.74000000 -0.61969259E-07 -0.27708359E-07  0.87903958E-06   863.99999939   -23309.62642902
    9380   18.76000000 -0.13749998E-06 -0.57311172E-07  0.88217388E-06   863.99999939   -23309.62642888
    9390   18.78000000 -0.20804134E-06 -0.86315837E-07  0.87971490E-06   863.99999939   -23309.62642874
    9400   18.80000000 -0.27237700E-06 -0.11437550E-06  0.87156038E-06   863.99999939   -23309.62642860
    9410   18.82000000 -0.32945441E-06 -0.14115435E-06  0.85763949E-06   863.99999939   -23309.62642846
    9420   18.84000000 -0.37840235E-06 -0.16631708E-06  0.83792968E-06   863.99999939   -23309.62642832
    9430   18.86000000 -0.41854373E-06 -0.18952503E-06  0.81247643E-06   863.99999939   -23309.62642818
    9440   18.88000000 -0.44940361E-06 -0.21043001E-06  0.78140442E-06   863.99999939   -23309.62642803
    9450   18.90000000 -0.47071253E-06 -0.22867697E-06  0.74492906E-06   863.99999939   -23309.62642789
    9460   18.92000000 -0.48240710E-06 -0.24390397E-06  0.70335841E-06   863.99999939   -23309.62642774
    9470   18.94000000 -0.48462704E-06 -0.25575086E-06  0.65709352E-06   863.99999939   -23309.62642759
    9480   18.96000000 -0.47770724E-06 -0.26386580E-06  0.60662135E-06   863.99999939   -23309.62642744
    9490   18.98000000 -0.46216869E-06 -0.26791843E-06  0.55250449E-06   863.99999939   -23309.62642729
    9500   19.00000000 -0.43870285E-06 -0.26761018E-06  0.49536733E-06   863.99999938   -23309.62642714
    9510   19.02000000 -0.40815604E-06 -0.26268933E-06  0.43588171E-06   863.99999938   -23309.62642699
    9520   19.04000000 -0.37150629E-06 -0.25296185E-06  0.37475162E-06   863.99999938   -23309.62642684
    9530   19.06000000 -0.32983936E-06 -0.23830546E-06  0.31269944E-06   863.99999938   -23309.62642670
    9540   19.08000000 -0.28431928E-06 -0.21867873E-06  0.25045330E-06   863.99999938   -23309.62642655
    9550   19.10000000 -0.23615638E-06 -0.19413240E-06  0.18873709E-06   863.99999938   -23309.62642641
    9560   19.12000000 -0.18657460E-06 -0.16481655E-06  0.12826079E-06   863.99999938   -23309.62642626
    9570   19.14000000 -0.13677568E-06 -0.13098602E-06  0.69714678E-07   863.99999938   -23309.62642612
    9580   19.16000000 -0.87904563E-07 -0.93004721E-07  0.13760078E-07   863.99999938   -23309.62642598
    9590   19.18000000 -0.41015373E-07 -0.51346552E-07 -0.38976276E-07   863.99999938   -23309.62642583
    9600   19.20000000  0.29577343E-08 -0.65952755E-08 -0.87913792E-07   863.99999938   -23309.62642569
    9610   19.22000000  0.43226637E-07  0.40559761E-07 -0.13252638E-06   863.99999938   -23309.62642555
    9620   19.24000000  0.79167711E-07  0.89329284E-07 -0.17235600E-06   863.99999938   -23309.62642541
    9630   19.26000000  0.11033528E-06  0.13883429E-06 -0.20702474E-06   863.99999938   -23309.62642527
    9640   19.28000000  0.13646710E-06  0.18811731E-06 -0.23624911E-06   863.99999938   -23309.62642513
    9650   19.30000000  0.15748326E-06  0.23615852E-06 -0.25985181E-06   863.99999937   -23309.62642499
    9660   19.32000000  0.17347472E-06  0.28189426E-06 -0.27777192E-06   863.99999937   -23309.62642486
    9670   19.34000000  0.18468902E-06  0.32423948E-06 -0.29007019E-06   863.99999937   -23309.62642472
    9680   19.36000000  0.19150785E-06  0.36210982E-06 -0.29693095E-06   863.99999937   -23309.62642458
    9690   19.38000000  0.19442417E-06  0.39444786E-06 -0.29865822E-06   863.99999937   -23309.62642444
    9700   19.40000000  0.19401360E-06  0.42024909E-06 -0.29566618E-06   863.99999937   -23309.62642431
    9710   19.42000000  0.19090769E-06  0.43858881E-06 -0.28846315E-06   863.99999937   -23309.62642417
    9720   19.44000000  0.18576687E-06  0.44864886E-06 -0.27763235E-06   863.99999937   -23309.62642403
    9730   19.46000000  0.17925503E-06  0.44974189E-06 -0.26380843E-06   863.99999937   -23309.62642389
    9740   19.48000000  0.17201787E-06  0.44133492E-06 -0.24765120E-06   863.99999937   -23309.62642375
    9750   19.50000000  0.16466461E-06  0.42306781E-06 -0.22981820E-06   863.99999937   -23309.62642360
    9760   19.52000000  0.15775145E-06  0.39477051E-06 -0.21093682E-06   863.99999937   -23309.62642346
    9770   19.54000000  0.15177154E-06  0.35647611E-06 -0.19157957E-06   863.99999937   -23309.62642331
    9780   19.56000000  0.14714532E-06  0.30842715E-06 -0.17223851E-06   863.99999937   -23309.62642317
    9790   19.58000000  0.14421805E-06  0.25107995E-06 -0.15330714E-06   863.99999937   -23309.62642302
    9800   19.60000000  0.14325768E-06  0.18510271E-06 -0.13506105E-06   863.99999936   -23309.62642288
    9810   19.62000000  0.14445729E-06  0.11136759E-06 -0.11764674E-06   863.99999936   -23309.62642273
    9820   19.64000000  0.14793701E-06  0.30939513E-07 -0.10107207E-06   863.99999936   -23309.62642259
    9830   19.66000000  0.15375080E-06 -0.54940892E-07 -0.85205706E-07   863.99999936   -23309.62642245
    9840   19.68000000  0.16189430E-06 -0.14487942E-06 -0.69780412E-07   863.99999936   -23309.62642231
    9850   19.70000000  0.17231421E-06 -0.23735485E-06 -0.54403571E-07   863.99999936   -23309.62642217
    9860   19.72000000  0.18491819E-06 -0.33074812E-06 -0.38574702E-07   863.99999936   -23309.62642203
    9870   19.74000000  0.19958494E-06 -0.42337504E-06 -0.21709337E-07   863.99999936   -23309.62642189
    9880   19.76000000  0.21617224E-06 -0.51352188E-06 -0.31708929E-08   863.99999936   -23309.62642175
    9890   19.78000000  0.23452667E-06 -0.59948079E-06  0.17694917E-07   863.99999936   -23309.62642161
    9900   19.80000000  0.25448836E-06 -0.67958881E-06  0.41517862E-07   863.99999936   -23309.62642147
    9910   19.82000000  0.27589791E-06 -0.75226241E-06  0.68863566E-07   863.99999936   -23309.62642133
    9920   19.84000000  0.29859595E-06 -0.81603403E-06  0.10019021E-06   863.99999936   -23309.62642118
    9930   19.86000000  0.32242357E-06 -0.86958416E-06  0.13581307E-06   863.99999936   -23309.62642104
    9940   19.88000000  0.34721812E-06 -0.91177224E-06  0.17587147E-06   863.99999936   -23309.62642089
    9950   19.90000000  0.37280916E-06 -0.94166277E-06  0.22030756E-06   863.99999935   -23309.62642075
    9960   19.92000000  0.39901286E-06 -0.95854734E-06  0.26885323E-06   863.99999935   -23309.62642060
    9970   19.94000000  0.42562574E-06 -0.96196191E-06  0.32102859E-06   863.99999935   -23309.62642045
    9980   19.96000000  0.45241940E-06 -0.95169867E-06  0.37615324E-06   863.99999935   -23309.62642030
    9990   19.98000000  0.47913660E-06 -0.92781048E-06  0.43336440E-06   863.99999935   -23309.62642015
   10000   20.00000000  0.50548993E-06 -0.89061002E-06  0.49164989E-06   863.99999935   -23309.62642001
   10010   20.02000000  0.53116249E-06 -0.84066189E-06  0.54988077E-06   863.99999935   -23309.62641986
   10020   20.04000000  0.55581113E-06 -0.77876913E-06  0.60685538E-06   863.99999935   -23309.62641971
   10030   20.06000000  0.57907209E-06 -0.70595465E-06  0.66133992E-06   863.99999935   -23309.62641957
   10040   20.08000000  0.60056811E-06 -0.62343746E-06  0.71211321E-06   863.99999935   -23309.62641942
   10050   20.10000000  0.61991849E-06 -0.53260565E-06  0.75800625E-06   863.99999935   -23309.62641928
   10060   20.12000000  0.63674945E-06 -0.43498474E-06  0.79794096E-06   863.99999935   -23309.62641913
   10070   20.14000000  0.65070572E-06 -0.33220797E-06  0.83096257E-06   863.99999935   -23309.62641899
   10080   20.16000000  0.66146177E-06 -0.22598266E-06  0.85626803E-06   863.99999935   -23309.62641885
   10090   20.18000000  0.66873224E-06 -0.11806067E-06  0.87322878E-06   863.99999935   -23309.62641870
   10100   20.20000000  0.67228414E-06 -0.10206016E-07  0.88140944E-06   863.99999934   -23309.62641856
   10110   20.22000000  0.67194559E-06  0.95832832E-07  0.88057955E-06   863.99999934   -23309.62641842
   10120   20.24000000  0.66761529E-06  0.19835052E-06  0.87072147E-06   863.99999934   -23309.62641827
   10130   20.26000000  0.65926816E-06  0.29571195E-06  0.85203088E-06   863.99999934   -23309.62641813
   10140   20.28000000  0.64696094E-06  0.38637605E-06  0.82491289E-06   863.99999934   -23309.62641799
   10150   20.30000000  0.63083291E-06  0.46892176E-06  0.78997098E-06   863.99999934   -23309.62641785
   10160   20.32000000  0.61110569E-06  0.54206856E-06  0.74799109E-06   863.99999934   -23309.62641770
   10170   20.34000000  0.58807823E-06  0.60470228E-06  0.69991817E-06   863.99999934   -23309.62641756
   10180   20.36000000  0.56211974E-06  0.65589363E-06  0.64682787E-06   863.99999934   -23309.62641742
   10190   20.38000000  0.53365925E-06  0.69492065E-06  0.58989440E-06   863.99999934   -23309.62641727
   10200   20.40000000  0.50317247E-06  0.72128305E-06  0.53035353E-06   863.99999934   -23309.62641713
   10210   20.42000000  0.47116736E-06  0.73471821E-06  0.46946460E-06   863.99999934   -23309.62641698
   10220   20.44000000  0.43816944E-06  0.73520891E-06  0.40847034E-06   863.99999934   -23309.62641683
   10230   20.46000000  0.40470368E-06  0.72298700E-06  0.34856168E-06   863.99999934   -23309.62641669
   10240   20.48000000  0.37128200E-06  0.69853008E-06  0.29084239E-06   863.99999934   -23309.62641654
   10250   20.50000000  0.33838582E-06  0.66254991E-06  0.23630000E-06   863.99999933   -23309.62641639
   10260   20.52000000  0.30645767E-06  0.61597510E-06  0.18578147E-06   863.99999933   -23309.62641624
   10270   20.54000000  0.27588842E-06  0.55992527E-06  0.13997603E-06   863.99999933   -23309.62641610
   10280   20.56000000  0.24701302E-06  0.49567999E-06  0.99404818E-07   863.99999933   -23309.62641595
   10290   20.58000000  0.22010324E-06  0.42463975E-06  0.64416879E-07   863.99999933   -23309.62641580
   10300   20.60000000  0.19536681E-06  0.34828745E-06  0.35191289E-07   863.99999933   -23309.62641565
   10310   20.62000000  0.17294853E-06  0.26814359E-06  0.11745176E-07   863.99999933   -23309.62641551
   10320   20.64000000  0.15293215E-06  0.18572737E-06 -0.60532511E-08   863.99999933   -23309.62641536
   10330   20.66000000  0.13534642E-06  0.10251505E-06 -0.18467341E-07   863.99999933   -23309.62641522
   10340   20.68000000  0.12016893E-06  0.19907481E-07 -0.25872501E-07   863.99999933   -23309.62641507
   10350   20.70000000  0.10733501E-06 -0.60800071E-07 -0.28735777E-07   863.99999933   -23309.62641493
   10360   20.72000000  0.96742729E-07 -0.13843727E-06 -0.27593156E-07   863.99999933   -23309.62641479
   10370   20.74000000  0.88261793E-07 -0.21197470E-06 -0.23028413E-07   863.99999933   -23309.62641465
   10380   20.76000000  0.81739071E-07 -0.28052847E-06 -0.15650335E-07   863.99999933   -23309.62641451
   10390   20.78000000  0.77003967E-07 -0.34336192E-06 -0.60735783E-08   863.99999933   -23309.62641438
   10400   20.80000000  0.73873014E-07 -0.39987917E-06  0.51001784E-08   863.99999932   -23309.62641424
   10410   20.82000000  0.72152793E-07 -0.44961703E-06  0.17296420E-07   863.99999932   -23309.62641411
   10420   20.84000000  0.71640972E-07 -0.49223317E-06  0.29981040E-07   863.99999932   -23309.62641397
   10430   20.86000000  0.72126923E-07 -0.52749565E-06  0.42669555E-07   863.99999932   -23309.62641384
   10440   20.88000000  0.73390796E-07 -0.55527085E-06  0.54933889E-07   863.99999932   -23309.62641371
   10450   20.90000000  0.75202978E-07 -0.57551419E-06  0.66403707E-07   863.99999932   -23309.62641357
   10460   20.92000000  0.77322632E-07 -0.58826033E-06  0.76767632E-07   863.99999932   -23309.62641344
   10470   20.94000000  0.79498167E-07 -0.59361895E-06  0.85768915E-07   863.99999932   -23309.62641330
   10480   20.96000000  0.81467741E-07 -0.59176742E-06  0.93201639E-07   863.99999932   -23309.62641316
   10490   20.98000000  0.82962098E-07 -0.58294893E-06  0.98903801E-07   863.99999932   -23309.62641302
   10500   21.00000000  0.83709265E-07 -0.56746640E-06  0.10275253E-06   863.99999932   -23309.62641288
   10510   21.02000000  0.83442056E-07 -0.54568003E-06  0.10465626E-06   863.99999932   -23309.62641274
   10520   21.04000000  0.81905131E-07 -0.51800045E-06  0.10455228E-06   863.99999932   -23309.62641260
   10530   21.06000000  0.78867141E-07 -0.48488472E-06  0.10240385E-06   863.99999932   -23309.62641245
   10540   21.08000000  0.74130099E-07 -0.44682723E-06  0.98200837E-07   863.99999932   -23309.62641231
   10550   21.10000000  0.67542447E-07 -0.40435293E-06  0.91960675E-07   863.99999931   -23309.62641216
   10560   21.12000000  0.59008344E-07 -0.35800772E-06  0.83732392E-07   863.99999931   -23309.62641202
   10570   21.14000000  0.48497040E-07 -0.30835001E-06  0.73600920E-07   863.99999931   -23309.62641187
   10580   21.16000000  0.36049649E-07 -0.25594292E-06  0.61693447E-07   863.99999931   -23309.62641173
   10590   21.18000000  0.21780382E-07 -0.20134530E-06  0.48183950E-07   863.99999931   -23309.62641158
   10600   21.20000000  0.58778250E-08 -0.14510755E-06  0.33297396E-07   863.99999931   -23309.62641144
   10610   21.22000000 -0.11401332E-07 -0.87764513E-07  0.17311367E-07   863.99999931   -23309.62641130
   10620   21.24000000 -0.29738831E-07 -0.29834506E-07  0.55658714E-09   863.99999931   -23309.62641116
   10630   21.26000000 -0.48767822E-07  0.28182597E-07 -0.16583909E-07   863.99999931   -23309.62641102
   10640   21.28000000 -0.68084774E-07  0.85805485E-07 -0.33679268E-07   863.99999931   -23309.62641088
   10650   21.30000000 -0.87266883E-07  0.14256978E-06 -0.50254260E-07   863.99999931   -23309.62641074
   10660   21.32000000 -0.10588738E-06  0.19802846E-06 -0.65797663E-07   863.99999931   -23309.62641061
   10670   21.34000000 -0.12353136E-06  0.25174814E-06 -0.79770431E-07   863.99999931   -23309.62641047
   10680   21.36000000 -0.13980890E-06  0.30331030E-06 -0.91616460E-07   863.99999931   -23309.62641034
   10690   21.38000000 -0.15436688E-06  0.35231146E-06 -0.10077430E-06   863.99999931   -23309.62641020
   10700   21.40000000 -0.16689789E-06  0.39836506E-06 -0.10669051E-06   863.99999930   -23309.62641007
   10710   21.42000000 -0.17714502E-06  0.44110417E-06 -0.10883615E-06   863.99999930   -23309.62640993
   10720   21.44000000 -0.18490287E-06  0.48018546E-06 -0.10672310E-06   863.99999930   -23309.62640980
   10730   21.46000000 -0.19001479E-06  0.51529152E-06 -0.99925531E-07   863.99999930   -23309.62640967
   10740   21.48000000 -0.19236610E-06  0.54613784E-06 -0.88098667E-07   863.99999930   -23309.62640953
   10750   21.50000000 -0.19187637E-06  0.57247449E-06 -0.70999332E-07   863.99999930   -23309.62640940
   10760   21.52000000 -0.18848880E-06  0.59409050E-06 -0.48505011E-07   863.99999930   -23309.62640926
   10770   21.54000000 -0.18215937E-06  0.61081435E-06 -0.20629243E-07   863.99999930   -23309.62640912
   10780   21.56000000 -0.17284656E-06  0.62251681E-06  0.12464603E-07   863.99999930   -23309.62640898
   10790   21.58000000 -0.16050334E-06  0.62911043E-06  0.50457821E-07   863.99999930   -23309.62640884
   10800   21.60000000 -0.14507159E-06  0.63054864E-06  0.92874383E-07   863.99999930   -23309.62640870
   10810   21.62000000 -0.12648111E-06  0.62682596E-06  0.13909045E-06   863.99999930   -23309.62640856
   10820   21.64000000 -0.10465339E-06  0.61797697E-06  0.18834763E-06   863.99999930   -23309.62640841
   10830   21.66000000 -0.79509592E-07  0.60407630E-06  0.23977580E-06   863.99999930   -23309.62640827
   10840   21.68000000 -0.50981260E-07  0.58523808E-06  0.29241995E-06   863.99999930   -23309.62640812
   10850   21.70000000 -0.19025727E-07  0.56161644E-06  0.34527447E-06   863.99999929   -23309.62640797
   10860   21.72000000  0.16358116E-07  0.53340547E-06  0.39731676E-06   863.99999929   -23309.62640783
   10870   21.74000000  0.55113219E-07  0.50083775E-06  0.44754569E-06   863.99999929   -23309.62640768
   10880   21.76000000  0.97109482E-07  0.46418486E-06  0.49501542E-06   863.99999929   -23309.62640753
   10890   21.78000000  0.14213297E-06  0.42375359E-06  0.53887041E-06   863.99999929   -23309.62640739
   10900   21.80000000  0.18987816E-06  0.37988236E-06  0.57837058E-06   863.99999929   -23309.62640724
   10910   21.82000000  0.23994647E-06  0.33293430E-06  0.61291452E-06   863.99999929   -23309.62640710
   10920   21.84000000  0.29184801E-06  0.28329064E-06  0.64205196E-06   863.99999929   -23309.62640695
   10930   21.86000000  0.34501131E-06  0.23133975E-06  0.66549196E-06   863.99999929   -23309.62640681
   10940   21.88000000  0.39879584E-06  0.17746705E-06  0.68310066E-06   863.99999929   -23309.62640667
   10950   21.90000000  0.45250819E-06  0.12204405E-06  0.69489477E-06   863.99999929   -23309.62640653
   10960   21.92000000  0.50541973E-06  0.65417606E-07  0.70102567E-06   863.99999929   -23309.62640639
   10970   21.94000000  0.55678538E-06  0.79013026E-08  0.70176025E-06   863.99999929   -23309.62640625
   10980   21.96000000  0.60586125E-06 -0.50231084E-07  0.69745639E-06   863.99999929   -23309.62640611
   10990   21.98000000  0.65192172E-06 -0.10874818E-06  0.68853704E-06   863.99999929   -23309.62640597
   11000   22.00000000  0.69427405E-06 -0.16745917E-06  0.67546311E-06   863.99999929   -23309.62640583
   11010   22.02000000  0.73226982E-06 -0.22620921E-06  0.65870763E-06   863.99999928   -23309.62640569
   11020   22.04000000  0.76531428E-06 -0.28486898E-06  0.63873050E-06   863.99999928   -23309.62640555
   11030   22.06000000  0.79287337E-06 -0.34332050E-06  0.61595899E-06   863.99999928   -23309.62640541
   11040   22.08000000  0.81447959E-06 -0.40144249E-06  0.59076976E-06   863.99999928   -23309.62640527
   11050   22.10000000  0.82973628E-06 -0.45909210E-06  0.56347846E-06   863.99999928   -23309.62640513
   11060   22.12000000  0.83832099E-06 -0.51608900E-06  0.53433369E-06   863.99999928   -23309.62640499
   11070   22.14000000  0.83998831E-06 -0.57220011E-06  0.50351580E-06   863.99999928   -23309.62640485
   11080   22.16000000  0.83457192E-06 -0.62712767E-06  0.47114284E-06   863.99999928   -23309.62640471
   11090   22.18000000  0.82198685E-06 -0.68050410E-06  0.43727923E-06   863.99999928   -23309.62640457
   11100   22.20000000  0.80223060E-06 -0.73188881E-06  0.40195041E-06   863.99999928   -23309.62640443
   11110   22.22000000  0.77538498E-06 -0.78077529E-06  0.36515824E-06   863.99999928   -23309.62640428
   11120   22.24000000  0.74161527E-06 -0.82659935E-06  0.32690024E-06   863.99999928   -23309.62640414
   11130   22.26000000  0.70117117E-06 -0.86875681E-06  0.28718683E-06   863.99999928   -23309.62640399
   11140   22.28000000  0.65438446E-06 -0.90662193E-06  0.24606100E-06   863.99999928   -23309.62640385
   11150   22.30000000  0.60166825E-06 -0.93957114E-06  0.20361236E-06   863.99999928   -23309.62640370
   11160   22.32000000  0.54351405E-06 -0.96700479E-06  0.15999278E-06   863.99999927   -23309.62640356
   11170   22.34000000  0.48048838E-06 -0.98837267E-06  0.11542330E-06   863.99999927   -23309.62640341
   11180   22.36000000  0.41322964E-06 -0.10031926E-05  0.70201404E-07   863.99999927   -23309.62640327
   11190   22.38000000  0.34244376E-06 -0.10110698E-05  0.24700227E-07   863.99999927   -23309.62640312
   11200   22.40000000  0.26889856E-06 -0.10117081E-05 -0.20633021E-07   863.99999927   -23309.62640298
   11210   22.42000000  0.19341736E-06 -0.10049205E-05 -0.65285723E-07   863.99999927   -23309.62640284
   11220   22.44000000  0.11687024E-06 -0.99063091E-06 -0.10869117E-06   863.99999927   -23309.62640270
   11230   22.46000000  0.40164993E-07 -0.96887743E-06 -0.15024260E-06   863.99999927   -23309.62640256
   11240   22.48000000 -0.35765924E-07 -0.93980661E-06 -0.18931055E-06   863.99999927   -23309.62640243
   11250   22.50000000 -0.10997863E-06 -0.90366863E-06 -0.22526164E-06   863.99999927   -23309.62640229
   11260   22.52000000 -0.18153612E-06 -0.86080958E-06 -0.25747751E-06   863.99999927   -23309.62640216
   11270   22.54000000 -0.24952641E-06 -0.81166273E-06 -0.28537688E-06   863.99999927   -23309.62640202
   11280   22.56000000 -0.31308332E-06 -0.75673868E-06 -0.30843065E-06   863.99999927   -23309.62640189
   11290   22.58000000 -0.37140873E-06 -0.69661671E-06 -0.32618257E-06   863.99999927   -23309.62640175
   11300   22.60000000 -0.42379365E-06 -0.63193527E-06 -0.33826059E-06   863.99999927   -23309.62640162
   11310   22.62000000 -0.46963984E-06 -0.56338099E-06 -0.34438972E-06   863.99999926   -23309.62640148
   11320   22.64000000 -0.50847776E-06 -0.49167766E-06 -0.34439808E-06   863.99999926   -23309.62640135
   11330   22.66000000 -0.53998260E-06 -0.41757447E-06 -0.33822014E-06   863.99999926   -23309.62640121
   11340   22.68000000 -0.56398271E-06 -0.34183145E-06 -0.32589592E-06   863.99999926   -23309.62640107
   11350   22.70000000 -0.58046663E-06 -0.26520663E-06 -0.30756487E-06   863.99999926   -23309.62640094
   11360   22.72000000 -0.58957934E-06 -0.18843943E-06 -0.28345911E-06   863.99999926   -23309.62640080
   11370   22.74000000 -0.59161762E-06 -0.11223584E-06 -0.25389252E-06   863.99999926   -23309.62640066
   11380   22.76000000 -0.58701269E-06 -0.37251266E-07 -0.21925094E-06   863.99999926   -23309.62640052
   11390   22.78000000 -0.57631500E-06  0.35923505E-07 -0.17998050E-06   863.99999926   -23309.62640039
   11400   22.80000000 -0.56016716E-06  0.10677526E-06 -0.13658021E-06   863.99999926   -23309.62640025
   11410   22.82000000 -0.53928170E-06  0.17487596E-06 -0.89592822E-07   863.99999926   -23309.62640011
   11420   22.84000000 -0.51441079E-06  0.23988869E-06 -0.39599857E-07   863.99999926   -23309.62639997
   11430   22.86000000 -0.48632298E-06  0.30156739E-06  0.12783737E-07   863.99999926   -23309.62639983
   11440   22.88000000 -0.45577581E-06  0.35975239E-06  0.66912045E-07   863.99999926   -23309.62639969
   11450   22.90000000 -0.42349748E-06  0.41436055E-06  0.12211192E-06   863.99999926   -23309.62639956
   11460   22.92000000 -0.39016649E-06  0.46537129E-06  0.17768563E-06   863.99999925   -23309.62639942
   11470   22.94000000 -0.35640065E-06  0.51280920E-06  0.23291822E-06   863.99999925   -23309.62639929
   11480   22.96000000 -0.32274536E-06  0.55672552E-06  0.28708695E-06   863.99999925   -23309.62639915
   11490   22.98000000 -0.28967055E-06  0.59717776E-06  0.33947288E-06   863.99999925   -23309.62639901
   11500   23.00000000 -0.25756654E-06  0.63421097E-06  0.38937572E-06   863.99999925   -23309.62639888
   11510   23.02000000 -0.22674738E-06  0.66784261E-06  0.43613229E-06   863.99999925   -23309.62639874
   11520   23.04000000 -0.19745061E-06  0.69805014E-06  0.47913544E-06   863.99999925   -23309.62639861
   11530   23.06000000 -0.16984241E-06  0.72476521E-06  0.51785432E-06   863.99999925   -23309.62639847
   11540   23.08000000 -0.14402042E-06  0.74787105E-06  0.55185233E-06   863.99999925   -23309.62639833
   11550   23.10000000 -0.12002089E-06  0.76720742E-06  0.58079995E-06   863.99999925   -23309.62639819
   11560   23.12000000 -0.97820505E-07  0.78257758E-06  0.60448672E-06   863.99999925   -23309.62639805
   11570   23.14000000 -0.77344358E-07  0.79376082E-06  0.62282366E-06   863.99999925   -23309.62639791
   11580   23.16000000 -0.58469311E-07  0.80052749E-06  0.63584316E-06   863.99999925   -23309.62639777
   11590   23.18000000 -0.41030316E-07  0.80265326E-06  0.64368815E-06   863.99999925   -23309.62639763
   11600   23.20000000 -0.24825326E-07  0.79993639E-06  0.64659975E-06   863.99999925   -23309.62639749
   11610   23.22000000 -0.96226955E-08  0.79221022E-06  0.64489586E-06   863.99999924   -23309.62639734
   11620   23.24000000  0.48323424E-08  0.77935638E-06  0.63894959E-06   863.99999924   -23309.62639721
   11630   23.26000000  0.18809960E-07  0.76131338E-06  0.62916403E-06   863.99999924   -23309.62639707
   11640   23.28000000  0.32587493E-07  0.73808392E-06  0.61594862E-06   863.99999924   -23309.62639693
   11650   23.30000000  0.46440840E-07  0.70973688E-06  0.59969746E-06   863.99999924   -23309.62639680
   11660   23.32000000  0.60634567E-07  0.67640922E-06  0.58076974E-06   863.99999924   -23309.62639666
   11670   23.34000000  0.75412639E-07  0.63830453E-06  0.55947708E-06   863.99999924   -23309.62639653
   11680   23.36000000  0.90987970E-07  0.59568956E-06  0.53607472E-06   863.99999924   -23309.62639640
   11690   23.38000000  0.10753519E-06  0.54889009E-06  0.51075929E-06   863.99999924   -23309.62639626
   11700   23.40000000  0.12517976E-06  0.49828547E-06  0.48367245E-06   863.99999924   -23309.62639613
   11710   23.42000000  0.14399300E-06  0.44430252E-06  0.45490778E-06   863.99999924   -23309.62639600
   11720   23.44000000  0.16398450E-06  0.38740940E-06  0.42452293E-06   863.99999924   -23309.62639586
   11730   23.46000000  0.18510235E-06  0.32810947E-06  0.39255244E-06   863.99999924   -23309.62639573
   11740   23.48000000  0.20723077E-06  0.26693524E-06  0.35902412E-06   863.99999924   -23309.62639559
   11750   23.50000000  0.23019427E-06  0.20444310E-06  0.32397112E-06   863.99999924   -23309.62639545
   11760   23.52000000  0.25376398E-06  0.14120597E-06  0.28744856E-06   863.99999923   -23309.62639531
   11770   23.54000000  0.27766642E-06  0.77809568E-07  0.24954215E-06   863.99999923   -23309.62639517
   11780   23.56000000  0.30159697E-06  0.14843056E-07  0.21037854E-06   863.99999923   -23309.62639503
   11790   23.58000000  0.32523303E-06 -0.47103736E-07  0.17012874E-06   863.99999923   -23309.62639488
   11800   23.60000000  0.34824964E-06 -0.10745089E-06  0.12901356E-06   863.99999923   -23309.62639474
   11810   23.62000000  0.37033414E-06 -0.16563308E-06  0.87301498E-07   863.99999923   -23309.62639460
   11820   23.64000000  0.39119979E-06 -0.22111254E-06  0.45307065E-07   863.99999923   -23309.62639446
   11830   23.66000000  0.41059839E-06 -0.27338641E-06  0.33855589E-08   863.99999923   -23309.62639431
   11840   23.68000000  0.42832788E-06 -0.32200018E-06 -0.38072449E-07   863.99999923   -23309.62639417
   11850   23.70000000  0.44423604E-06 -0.36655592E-06 -0.78649095E-07   863.99999923   -23309.62639404
   11860   23.72000000  0.45822083E-06 -0.40672526E-06 -0.11790737E-06   863.99999923   -23309.62639390
   11870   23.74000000  0.47022449E-06 -0.44225734E-06 -0.15539950E-06   863.99999923   -23309.62639376
   11880   23.76000000  0.48022527E-06 -0.47298745E-06 -0.19067566E-06   863.99999923   -23309.62639362
   11890   23.78000000  0.48822571E-06 -0.49883991E-06 -0.22329100E-06   863.99999923   -23309.62639349
   11900   23.80000000  0.49423916E-06 -0.51982852E-06 -0.25281297E-06   863.99999923   -23309.62639335
   11910   23.82000000  0.49827550E-06 -0.53605353E-06 -0.27882609E-06   863.99999922   -23309.62639321
   11920   23.84000000  0.50032986E-06 -0.54769275E-06 -0.30093518E-06   863.99999922   -23309.62639307
   11930   23.86000000  0.50037231E-06 -0.55499054E-06 -0.31876700E-06   863.99999922   -23309.62639293
   11940   23.88000000  0.49834507E-06 -0.55824133E-06 -0.33196833E-06   863.99999922   -23309.62639279
   11950   23.90000000  0.49416249E-06 -0.55777255E-06 -0.34020496E-06   863.99999922   -23309.62639265
   11960   23.92000000  0.48771953E-06 -0.55392578E-06 -0.34315733E-06   863.99999922   -23309.62639251
   11970   23.94000000  0.47890362E-06 -0.54703702E-06 -0.34051756E-06   863.99999922   -23309.62639236
   11980   23.96000000  0.46761176E-06 -0.53742051E-06 -0.33198911E-06   863.99999922   -23309.62639222
   11990   23.98000000  0.45377037E-06 -0.52535248E-06 -0.31728492E-06   863.99999922   -23309.62639208
   12000   24.00000000  0.43735673E-06 -0.51106164E-06 -0.29613335E-06   863.99999922   -23309.62639193
   12010   24.02000000  0.41841970E-06 -0.49472082E-06 -0.26828263E-06   863.99999922   -23309.62639179
   12020   24.04000000  0.39709723E-06 -0.47644507E-06 -0.23351552E-06   863.99999922   -23309.62639165
   12030   24.06000000  0.37362848E-06 -0.45629421E-06 -0.19166088E-06   863.99999922   -23309.62639151
   12040   24.08000000  0.34836032E-06 -0.43427873E-06 -0.14261544E-06   863.99999922   -23309.62639137
   12050   24.10000000  0.32174546E-06 -0.41037134E-06 -0.86360090E-07   863.99999922   -23309.62639123
   12060   24.12000000  0.29433277E-06 -0.38451851E-06 -0.22982541E-07   863.99999921   -23309.62639109
   12070   24.14000000  0.26675256E-06 -0.35665661E-06  0.47306882E-07   863.99999921   -23309.62639096
   12080   24.16000000  0.23969244E-06 -0.32672614E-06  0.12415812E-06   863.99999921   -23309.62639082
   12090   24.18000000  0.21386999E-06 -0.29468809E-06  0.20707289E-06   863.99999921   -23309.62639068
   12100   24.20000000  0.19000140E-06 -0.26053564E-06  0.29539840E-06   863.99999921   -23309.62639055
   12110   24.22000000  0.16876863E-06 -0.22430623E-06  0.38832897E-06   863.99999921   -23309.62639041
   12120   24.24000000  0.15078753E-06 -0.18608777E-06  0.48491364E-06   863.99999921   -23309.62639027
   12130   24.26000000  0.13657840E-06 -0.14602565E-06  0.58406980E-06   863.99999921   -23309.62639013
   12140   24.28000000  0.12654049E-06 -0.10431970E-06  0.68460124E-06   863.99999921   -23309.62639000
   12150   24.30000000  0.12093279E-06 -0.61224323E-07  0.78521956E-06   863.99999921   -23309.62638986
   12160   24.32000000  0.11986239E-06 -0.17040364E-07  0.88457009E-06   863.99999921   -23309.62638972
   12170   24.34000000  0.12327962E-06  0.27890799E-07  0.98125706E-06   863.99999921   -23309.62638958
   12180   24.36000000  0.13098109E-06  0.73200893E-07  0.10738717E-05   863.99999921   -23309.62638944
   12190   24.38000000  0.14261897E-06  0.11850296E-06  0.11610178E-05   863.99999921   -23309.62638930
   12200   24.40000000  0.15771803E-06  0.16340572E-06  0.12413378E-05   863.99999921   -23309.62638917
   12210   24.42000000  0.17569705E-06  0.20752460E-06  0.13135365E-05   863.99999920   -23309.62638903
   12220   24.44000000  0.19589388E-06  0.25049260E-06  0.13764041E-05   863.99999920   -23309.62638889
   12230   24.46000000  0.21759254E-06  0.29196981E-06  0.14288359E-05   863.99999920   -23309.62638875
   12240   24.48000000  0.24005105E-06  0.33165103E-06  0.14698509E-05   863.99999920   -23309.62638861
   12250   24.50000000  0.26252747E-06  0.36927121E-06  0.14986072E-05   863.99999920   -23309.62638847
   12260   24.52000000  0.28430373E-06  0.40460812E-06  0.15144179E-05   863.99999920   -23309.62638832
   12270   24.54000000  0.30470672E-06  0.43748313E-06  0.15167601E-05   863.99999920   -23309.62638818
   12280   24.56000000  0.32312567E-06  0.46775897E-06  0.15052848E-05   863.99999920   -23309.62638804
   12290   24.58000000  0.33902532E-06  0.49533569E-06  0.14798219E-05   863.99999920   -23309.62638789
   12300   24.60000000  0.35195565E-06  0.52014446E-06  0.14403841E-05   863.99999920   -23309.62638774
   12310   24.62000000  0.36155730E-06  0.54214088E-06  0.13871665E-05   863.99999920   -23309.62638760
   12320   24.64000000  0.36756509E-06  0.56129733E-06  0.13205429E-05   863.99999920   -23309.62638745
   12330   24.66000000  0.36980779E-06  0.57759619E-06  0.12410614E-05   863.99999920   -23309.62638730
   12340   24.68000000  0.36820607E-06  0.59102296E-06  0.11494342E-05   863.99999920   -23309.62638715
   12350   24.70000000  0.36276974E-06  0.60156208E-06  0.10465294E-05   863.99999920   -23309.62638700
   12360   24.72000000  0.35359212E-06  0.60919486E-06  0.93335765E-06   863.99999919   -23309.62638686
   12370   24.74000000  0.34084493E-06  0.61389988E-06  0.81106035E-06   863.99999919   -23309.62638671
   12380   24.76000000  0.32477063E-06  0.61565368E-06  0.68089518E-06   863.99999919   -23309.62638657
   12390   24.78000000  0.30567447E-06  0.61443598E-06  0.54422090E-06   863.99999919   -23309.62638643
   12400   24.80000000  0.28391373E-06  0.61023350E-06  0.40248127E-06   863.99999919   -23309.62638629
   12410   24.82000000  0.25988724E-06  0.60304852E-06  0.25718945E-06   863.99999919   -23309.62638615
   12420   24.84000000  0.23402271E-06  0.59290482E-06  0.10991079E-06   863.99999919   -23309.62638601
   12430   24.86000000  0.20676439E-06  0.57985402E-06 -0.37755088E-07   863.99999919   -23309.62638587
   12440   24.88000000  0.17855803E-06  0.56397928E-06 -0.18419481E-06   863.99999919   -23309.62638573
   12450   24.90000000  0.14983632E-06  0.54539983E-06 -0.32780206E-06   863.99999919   -23309.62638559
   12460   24.92000000  0.12100481E-06  0.52427184E-06 -0.46699963E-06   863.99999919   -23309.62638544
   12470   24.94000000  0.92428138E-07  0.50078919E-06 -0.60026092E-06   863.99999919   -23309.62638530
   12480   24.96000000  0.64420821E-07  0.47518051E-06 -0.72613420E-06   863.99999919   -23309.62638515
   12490   24.98000000  0.37236878E-07  0.44770668E-06 -0.84326414E-06   863.99999919   -23309.62638500
   12500   25.00000000  0.11066149E-07  0.41865582E-06 -0.95041410E-06   863.99999919   -23309.62638485
   12510   25.02000000 -0.13967956E-07  0.38833834E-06 -0.10464861E-05   863.99999919   -23309.62638471
   12520   25.04000000 -0.37804879E-07  0.35708047E-06 -0.11305395E-05   863.99999918   -23309.62638456
   12530   25.06000000 -0.60441319E-07  0.32521881E-06 -0.12018038E-05   863.99999918   -23309.62638441
   12540   25.08000000 -0.81921601E-07  0.29309487E-06 -0.12596932E-05   863.99999918   -23309.62638426
   12550   25.10000000 -0.10232400E-06  0.26104972E-06 -0.13038131E-05   863.99999918   -23309.62638411
   12560   25.12000000 -0.12174711E-06  0.22941863E-06 -0.13339659E-05   863.99999918   -23309.62638397
   12570   25.14000000 -0.14029276E-06  0.19852684E-06 -0.13501503E-05   863.99999918   -23309.62638383
   12580   25.16000000 -0.15805104E-06  0.16868630E-06 -0.13525588E-05   863.99999918   -23309.62638369
   12590   25.18000000 -0.17508433E-06  0.14019225E-06 -0.13415700E-05   863.99999918   -23309.62638355
   12600   25.20000000 -0.19141553E-06  0.11332103E-06 -0.13177371E-05   863.99999918   -23309.62638342
   12610   25.22000000 -0.20701711E-06  0.88329094E-07 -0.12817707E-05   863.99999918   -23309.62638328
   12620   25.24000000 -0.22180420E-06  0.65451803E-07 -0.12345219E-05   863.99999918   -23309.62638315
   12630   25.26000000 -0.23563096E-06  0.44902747E-07 -0.11769570E-05   863.99999918   -23309.62638301
   12640   25.28000000 -0.24829134E-06  0.26873435E-07 -0.11101364E-05   863.99999918   -23309.62638287
   12650   25.30000000 -0.25952334E-06  0.11531679E-07 -0.10351864E-05   863.99999918   -23309.62638273
   12660   25.32000000 -0.26901766E-06 -0.97947486E-09 -0.95327424E-06   863.99999918   -23309.62638259
   12670   25.34000000 -0.27642780E-06 -0.10543675E-07 -0.86558321E-06   863.99999917   -23309.62638245
   12680   25.36000000 -0.28138384E-06 -0.17075605E-07 -0.77328907E-06   863.99999917   -23309.62638230
   12690   25.38000000 -0.28350589E-06 -0.20524151E-07 -0.67754089E-06   863.99999917   -23309.62638215
   12700   25.40000000 -0.28242167E-06 -0.20879655E-07 -0.57944482E-06   863.99999917   -23309.62638199
   12710   25.42000000 -0.27778145E-06 -0.18179456E-07 -0.48005170E-06   863.99999917   -23309.62638183
   12720   25.44000000 -0.26927484E-06 -0.12517012E-07 -0.38034782E-06   863.99999917   -23309.62638167
   12730   25.46000000 -0.25664477E-06 -0.40467916E-08 -0.28124998E-06   863.99999917   -23309.62638151
   12740   25.48000000 -0.23970117E-06  0.70073682E-08 -0.18360311E-06   863.99999917   -23309.62638135
   12750   25.50000000 -0.21833171E-06  0.20348282E-07 -0.88178369E-07   863.99999917   -23309.62638119
   12760   25.52000000 -0.19251049E-06  0.35601184E-07  0.43268501E-08   863.99999917   -23309.62638103
   12770   25.54000000 -0.16230452E-06  0.52314242E-07  0.93290178E-07   863.99999917   -23309.62638088
   12780   25.56000000 -0.12787671E-06  0.69960763E-07  0.17816562E-06   863.99999917   -23309.62638072
   12790   25.58000000 -0.89485583E-07  0.87946965E-07  0.25848407E-06   863.99999917   -23309.62638057
   12800   25.60000000 -0.47482498E-07  0.10562192E-06  0.33385999E-06   863.99999917   -23309.62638042
   12810   25.62000000 -0.23041626E-08  0.12229390E-06  0.40399238E-06   863.99999917   -23309.62638028
   12820   25.64000000  0.45534727E-07  0.13724821E-06  0.46867120E-06   863.99999916   -23309.62638014
   12830   25.66000000  0.95453014E-07  0.14977092E-06  0.52777846E-06   863.99999916   -23309.62638000
   12840   25.68000000  0.14681526E-06  0.15917278E-06  0.58128948E-06   863.99999916   -23309.62637986
   12850   25.70000000  0.19894589E-06  0.16481774E-06  0.62927104E-06   863.99999916   -23309.62637973
   12860   25.72000000  0.25114361E-06  0.16614871E-06  0.67187717E-06   863.99999916   -23309.62637960
   12870   25.74000000  0.30269574E-06  0.16271714E-06  0.70934068E-06   863.99999916   -23309.62637947
   12880   25.76000000  0.35289246E-06  0.15420579E-06  0.74196070E-06   863.99999916   -23309.62637934
   12890   25.78000000  0.40103957E-06  0.14045174E-06  0.77008912E-06   863.99999916   -23309.62637920
   12900   25.80000000  0.44647164E-06  0.12146094E-06  0.79411302E-06   863.99999916   -23309.62637907
   12910   25.82000000  0.48856290E-06  0.97419829E-07  0.81443871E-06   863.99999916   -23309.62637894
   12920   25.84000000  0.52673670E-06  0.68696407E-07  0.83147407E-06   863.99999916   -23309.62637881
   12930   25.86000000  0.56047562E-06  0.35838352E-07  0.84561441E-06   863.99999916   -23309.62637868
   12940   25.88000000  0.58932783E-06 -0.44212886E-09  0.85722902E-06   863.99999916   -23309.62637854
   12950   25.90000000  0.61291318E-06 -0.39286290E-07  0.86665167E-06   863.99999916   -23309.62637841
   12960   25.92000000  0.63092796E-06 -0.79716695E-07  0.87417277E-06   863.99999916   -23309.62637827
   12970   25.94000000  0.64314670E-06 -0.12066900E-06  0.88003711E-06   863.99999915   -23309.62637813
   12980   25.96000000  0.64942520E-06 -0.16102839E-06  0.88444129E-06   863.99999915   -23309.62637799
   12990   25.98000000  0.64969924E-06 -0.19966814E-06  0.88753441E-06   863.99999915   -23309.62637785
   13000   26.00000000  0.64398316E-06 -0.23548954E-06  0.88941794E-06   863.99999915   -23309.62637770
   13010   26.02000000  0.63236675E-06 -0.26746060E-06  0.89014896E-06   863.99999915   -23309.62637756
   13020   26.04000000  0.61500995E-06 -0.29465198E-06  0.88973901E-06   863.99999915   -23309.62637742
   13030   26.06000000  0.59213799E-06 -0.31626783E-06  0.88815626E-06   863.99999915   -23309.62637727
   13040   26.08000000  0.56403425E-06 -0.33167325E-06  0.88532436E-06   863.99999915   -23309.62637713
   13050   26.10000000  0.53103450E-06 -0.34041225E-06  0.88112207E-06   863.99999915   -23309.62637698
   13060   26.12000000  0.49352028E-06 -0.34222280E-06  0.87538257E-06   863.99999915   -23309.62637684
   13070   26.14000000  0.45191285E-06 -0.33703846E-06  0.86789423E-06   863.99999915   -23309.62637670
   13080   26.16000000  0.40667109E-06 -0.32498959E-06  0.85840163E-06   863.99999915   -23309.62637656
   13090   26.18000000  0.35828532E-06 -0.30638890E-06  0.84660976E-06   863.99999915   -23309.62637642
   13100   26.20000000  0.30727836E-06 -0.28171919E-06  0.83218894E-06   863.99999915   -23309.62637628
   13110   26.22000000  0.25420260E-06 -0.25160785E-06  0.81478315E-06   863.99999915   -23309.62637615
   13120   26.24000000  0.19964184E-06 -0.21680156E-06  0.79402072E-06   863.99999914   -23309.62637601
   13130   26.26000000  0.14420903E-06 -0.17813276E-06  0.76952603E-06   863.99999914   -23309.62637588
   13140   26.28000000  0.88547431E-07 -0.13649008E-06  0.74093586E-06   863.99999914   -23309.62637575
   13150   26.30000000  0.33325493E-07 -0.92783444E-07  0.70791434E-06   863.99999914   -23309.62637561
   13160   26.32000000 -0.20764481E-07 -0.47915037E-07  0.67017120E-06   863.99999914   -23309.62637548
   13170   26.34000000 -0.73015796E-07 -0.27489266E-08  0.62747866E-06   863.99999914   -23309.62637535
   13180   26.36000000 -0.12271416E-06  0.41911560E-07  0.57968843E-06   863.99999914   -23309.62637522
   13190   26.38000000 -0.16915100E-06  0.85345450E-07  0.52674737E-06   863.99999914   -23309.62637508
   13200   26.40000000 -0.21163565E-06  0.12692645E-06  0.46871253E-06   863.99999914   -23309.62637494
   13210   26.42000000 -0.24951087E-06  0.16613219E-06  0.40576118E-06   863.99999914   -23309.62637481
   13220   26.44000000 -0.28216702E-06  0.20254713E-06  0.33819972E-06   863.99999914   -23309.62637466
   13230   26.46000000 -0.30905841E-06  0.23586147E-06  0.26646752E-06   863.99999914   -23309.62637452
   13240   26.48000000 -0.32971517E-06  0.26586400E-06  0.19113638E-06   863.99999914   -23309.62637438
   13250   26.50000000 -0.34375841E-06  0.29243512E-06  0.11290557E-06   863.99999914   -23309.62637423
   13260   26.52000000 -0.35090729E-06  0.31553566E-06  0.32588943E-07   863.99999914   -23309.62637409
   13270   26.54000000 -0.35099069E-06  0.33519457E-06 -0.48899016E-07   863.99999913   -23309.62637394
   13280   26.56000000 -0.34394927E-06  0.35149829E-06 -0.13056513E-06   863.99999913   -23309.62637379
   13290   26.58000000 -0.32984155E-06  0.36457817E-06 -0.21136145E-06   863.99999913   -23309.62637364
   13300   26.60000000 -0.30884154E-06  0.37460155E-06 -0.29021463E-06   863.99999913   -23309.62637349
   13310   26.62000000 -0.28123911E-06  0.38176072E-06 -0.36605529E-06   863.99999913   -23309.62637334
   13320   26.64000000 -0.24743377E-06  0.38626833E-06 -0.43784946E-06   863.99999913   -23309.62637320
   13330   26.66000000 -0.20792920E-06  0.38834881E-06 -0.50462502E-06   863.99999913   -23309.62637305
   13340   26.68000000 -0.16332549E-06  0.38823608E-06 -0.56549983E-06   863.99999913   -23309.62637291
   13350   26.70000000 -0.11430800E-06  0.38616802E-06 -0.61970206E-06   863.99999913   -23309.62637276
   13360   26.72000000 -0.61635589E-07  0.38238582E-06 -0.66658895E-06   863.99999913   -23309.62637262
   13370   26.74000000 -0.61278346E-08  0.37713006E-06 -0.70565630E-06   863.99999913   -23309.62637248
   13380   26.76000000  0.51349449E-07  0.37064065E-06 -0.73654413E-06   863.99999913   -23309.62637234
   13390   26.78000000  0.10990082E-06  0.36315382E-06 -0.75903727E-06   863.99999913   -23309.62637220
   13400   26.80000000  0.16861570E-06  0.35490146E-06 -0.77305953E-06   863.99999913   -23309.62637207
   13410   26.82000000  0.22658472E-06  0.34610987E-06 -0.77866554E-06   863.99999913   -23309.62637193
   13420   26.84000000  0.28291559E-06  0.33699761E-06 -0.77602765E-06   863.99999912   -23309.62637179
   13430   26.86000000  0.33674863E-06  0.32777484E-06 -0.76542130E-06   863.99999912   -23309.62637166
   13440   26.88000000  0.38726959E-06  0.31864126E-06 -0.74721021E-06   863.99999912   -23309.62637152
   13450   26.90000000  0.43372201E-06  0.30978546E-06 -0.72182934E-06   863.99999912   -23309.62637138
   13460   26.92000000  0.47541638E-06  0.30138312E-06 -0.68976809E-06   863.99999912   -23309.62637124
   13470   26.94000000  0.51173779E-06  0.29359597E-06 -0.65155520E-06   863.99999912   -23309.62637110
   13480   26.96000000  0.54215143E-06  0.28657103E-06 -0.60774083E-06   863.99999912   -23309.62637096
   13490   26.98000000  0.56620607E-06  0.28044004E-06 -0.55888486E-06   863.99999912   -23309.62637081
   13500   27.00000000  0.58353460E-06  0.27531776E-06 -0.50554092E-06   863.99999912   -23309.62637067
   13510   27.02000000  0.59385374E-06  0.27130190E-06 -0.44824716E-06   863.99999912   -23309.62637052
   13520   27.04000000  0.59696295E-06  0.26847129E-06 -0.38751649E-06   863.99999912   -23309.62637037
   13530   27.06000000  0.59274358E-06  0.26688379E-06 -0.32383114E-06   863.99999912   -23309.62637022
   13540   27.08000000  0.58115742E-06  0.26657633E-06 -0.25764017E-06   863.99999912   -23309.62637007
   13550   27.10000000  0.56224525E-06  0.26756197E-06 -0.18935985E-06   863.99999912   -23309.62636993
   13560   27.12000000  0.53612728E-06  0.26982806E-06 -0.11937716E-06   863.99999912   -23309.62636978
   13570   27.14000000  0.50300317E-06  0.27333243E-06 -0.48056166E-07   863.99999911   -23309.62636963
   13580   27.16000000  0.46315334E-06  0.27800304E-06  0.24253886E-07   863.99999911   -23309.62636949
   13590   27.18000000  0.41693952E-06  0.28373367E-06  0.97208431E-07   863.99999911   -23309.62636934
   13600   27.20000000  0.36480481E-06  0.29038410E-06  0.17045922E-06   863.99999911   -23309.62636920
   13610   27.22000000  0.30727365E-06  0.29777666E-06  0.24364541E-06   863.99999911   -23309.62636906
   13620   27.24000000  0.24494797E-06  0.30569685E-06  0.31638744E-06   863.99999911   -23309.62636892
   13630   27.26000000  0.17850459E-06  0.31389310E-06  0.38828302E-06   863.99999911   -23309.62636878
   13640   27.28000000  0.10868721E-06  0.32207876E-06  0.45890653E-06   863.99999911   -23309.62636864
   13650   27.30000000  0.36298548E-07  0.32993418E-06  0.52781143E-06   863.99999911   -23309.62636850
   13660   27.32000000 -0.37811789E-07  0.33710883E-06  0.59453387E-06   863.99999911   -23309.62636836
   13670   27.34000000 -0.11275960E-06  0.34322660E-06  0.65860016E-06   863.99999911   -23309.62636822
   13680   27.36000000 -0.18764343E-06  0.34789110E-06  0.71953311E-06   863.99999911   -23309.62636809
   13690   27.38000000 -0.26155869E-06  0.35069042E-06  0.77686115E-06   863.99999911   -23309.62636795
   13700   27.40000000 -0.33361662E-06  0.35120492E-06  0.83012550E-06   863.99999911   -23309.62636781
   13710   27.42000000 -0.40296001E-06  0.34901213E-06  0.87888706E-06   863.99999911   -23309.62636768
   13720   27.44000000 -0.46878126E-06  0.34369743E-06  0.92273161E-06   863.99999910   -23309.62636754
   13730   27.46000000 -0.53033585E-06  0.33486013E-06  0.96127364E-06   863.99999910   -23309.62636740
   13740   27.48000000 -0.58695704E-06  0.32212641E-06  0.99416006E-06   863.99999910   -23309.62636726
   13750   27.50000000 -0.63806387E-06  0.30515897E-06  0.10210727E-05   863.99999910   -23309.62636712
   13760   27.52000000 -0.68316959E-06  0.28367268E-06  0.10417300E-05   863.99999910   -23309.62636698
   13770   27.54000000 -0.72188333E-06  0.25744685E-06  0.10558913E-05   863.99999910   -23309.62636684
   13780   27.56000000 -0.75391137E-06  0.22634396E-06  0.10633597E-05   863.99999910   -23309.62636669
   13790   27.58000000 -0.77905143E-06  0.19032602E-06  0.10639883E-05   863.99999910   -23309.62636655
   13800   27.60000000 -0.79718810E-06  0.14947324E-06  0.10576863E-05   863.99999910   -23309.62636640
   13810   27.62000000 -0.80828221E-06  0.10400145E-06  0.10444269E-05   863.99999910   -23309.62636626
   13820   27.64000000 -0.81236293E-06  0.54276205E-07  0.10242549E-05   863.99999910   -23309.62636611
   13830   27.66000000 -0.80951450E-06  0.82617431E-09  0.99729590E-06   863.99999910   -23309.62636596
   13840   27.68000000 -0.79986814E-06 -0.55650322E-07  0.96376169E-06   863.99999910   -23309.62636582
   13850   27.70000000 -0.78359066E-06 -0.11428484E-06  0.92395715E-06   863.99999910   -23309.62636567
   13860   27.72000000 -0.76087782E-06 -0.17404725E-06  0.87828111E-06   863.99999910   -23309.62636552
   13870   27.74000000 -0.73194785E-06 -0.23376112E-06  0.82722464E-06   863.99999909   -23309.62636538
   13880   27.76000000 -0.69703705E-06 -0.29213090E-06  0.77136635E-06   863.99999909   -23309.62636524
   13890   27.78000000 -0.65639873E-06 -0.34777577E-06  0.71136204E-06   863.99999909   -23309.62636510
   13900   27.80000000 -0.61030207E-06 -0.39927597E-06  0.64793245E-06   863.99999909   -23309.62636496
   13910   27.82000000 -0.55903603E-06 -0.44522219E-06  0.58184582E-06   863.99999909   -23309.62636482
   13920   27.84000000 -0.50291254E-06 -0.48427258E-06  0.51389954E-06   863.99999909   -23309.62636468
   13930   27.86000000 -0.44227137E-06 -0.51520935E-06  0.44489862E-06   863.99999909   -23309.62636454
   13940   27.88000000 -0.37748598E-06 -0.53699524E-06  0.37563679E-06   863.99999909   -23309.62636440
   13950   27.90000000 -0.30896883E-06 -0.54882547E-06  0.30687560E-06   863.99999909   -23309.62636426
   13960   27.92000000 -0.23717725E-06 -0.55017054E-06  0.23932981E-06   863.99999909   -23309.62636412
   13970   27.94000000 -0.16261849E-06 -0.54080951E-06  0.17365124E-06   863.99999909   -23309.62636398
   13980   27.96000000 -0.85850247E-07 -0.52084654E-06  0.11042120E-06   863.99999909   -23309.62636384
   13990   27.98000000 -0.74851084E-08 -0.49071704E-06  0.50142993E-07   863.99999909   -23309.62636371
   14000   28.00000000  0.71814781E-07 -0.45117296E-06 -0.67570903E-08   863.99999909   -23309.62636357
   14010   28.02000000  0.15133731E-06 -0.40325754E-06 -0.59927639E-07   863.99999909   -23309.62636343
   14020   28.04000000  0.23033045E-06 -0.34826349E-06 -0.10908505E-06   863.99999909   -23309.62636329
   14030   28.06000000  0.30800833E-06 -0.28768066E-06 -0.15400409E-06   863.99999908   -23309.62636315
   14040   28.08000000  0.38356466E-06 -0.22313474E-06 -0.19450746E-06   863.99999908   -23309.62636301
   14050   28.10000000  0.45618517E-06 -0.15632191E-06 -0.23045351E-06   863.99999908   -23309.62636286
   14060   28.12000000  0.52506294E-06 -0.88941922E-07 -0.26172634E-06   863.99999908   -23309.62636272
   14070   28.14000000  0.58941348E-06 -0.22635126E-07 -0.28822688E-06   863.99999908   -23309.62636258
   14080   28.16000000  0.64849041E-06  0.41076231E-07 -0.30986789E-06   863.99999908   -23309.62636244
   14090   28.18000000  0.70160126E-06  0.10083584E-06 -0.32657031E-06   863.99999908   -23309.62636229
   14100   28.20000000  0.74812168E-06  0.15549109E-06 -0.33826541E-06   863.99999908   -23309.62636215
   14110   28.22000000  0.78750755E-06  0.20411611E-06 -0.34489904E-06   863.99999908   -23309.62636201
   14120   28.24000000  0.81930432E-06  0.24602542E-06 -0.34644063E-06   863.99999908   -23309.62636186
   14130   28.26000000  0.84315309E-06  0.28077264E-06 -0.34289259E-06   863.99999908   -23309.62636171
   14140   28.28000000  0.85879546E-06  0.30814061E-06 -0.33430157E-06   863.99999908   -23309.62636157
   14150   28.30000000  0.86607255E-06  0.32812213E-06 -0.32077009E-06   863.99999908   -23309.62636142
   14160   28.32000000  0.86492443E-06  0.34089457E-06 -0.30246494E-06   863.99999908   -23309.62636128
   14170   28.34000000  0.85538382E-06  0.34679081E-06 -0.27962717E-06   863.99999908   -23309.62636113
   14180   28.36000000  0.83757020E-06  0.34626918E-06 -0.25257351E-06   863.99999907   -23309.62636099
   14190   28.38000000  0.81168289E-06  0.33988298E-06 -0.22170019E-06   863.99999907   -23309.62636085
   14200   28.40000000  0.77799263E-06  0.32825405E-06 -0.18747540E-06   863.99999907   -23309.62636071
   14210   28.42000000  0.73683427E-06  0.31204815E-06 -0.15043516E-06   863.99999907   -23309.62636057
   14220   28.44000000  0.68859895E-06  0.29195705E-06 -0.11116898E-06   863.99999907   -23309.62636043
   14230   28.46000000  0.63372906E-06  0.26868230E-06 -0.70310163E-07   863.99999907   -23309.62636029
   14240   28.48000000  0.57271221E-06  0.24292513E-06 -0.28517091E-07   863.99999907   -23309.62636015
   14250   28.50000000  0.50607886E-06  0.21537783E-06  0.13540765E-07   863.99999907   -23309.62636001
   14260   28.52000000  0.43439924E-06  0.18671988E-06  0.55200595E-07   863.99999907   -23309.62635987
   14270   28.54000000  0.35828258E-06  0.15761503E-06  0.95821303E-07   863.99999907   -23309.62635973
   14280   28.56000000  0.27837651E-06  0.12870988E-06  0.13479900E-06   863.99999907   -23309.62635959
   14290   28.58000000  0.19536832E-06  0.10063363E-06  0.17157907E-06   863.99999907   -23309.62635945
   14300   28.60000000  0.10998484E-06  0.73995472E-07  0.20566900E-06   863.99999907   -23309.62635931
   14310   28.62000000  0.22993898E-07  0.49382865E-07  0.23664744E-06   863.99999907   -23309.62635917
   14320   28.64000000 -0.64795576E-07  0.27356983E-07  0.26417565E-06   863.99999907   -23309.62635903
   14330   28.66000000 -0.15253560E-06  0.84472684E-08  0.28800357E-06   863.99999906   -23309.62635888
   14340   28.68000000 -0.23934101E-06 -0.68554319E-08  0.30797888E-06   863.99999906   -23309.62635874
   14350   28.70000000 -0.32429592E-06 -0.18109561E-07  0.32405105E-06   863.99999906   -23309.62635860
   14360   28.72000000 -0.40646087E-06 -0.24933007E-07  0.33627706E-06   863.99999906   -23309.62635846
   14370   28.74000000 -0.48488476E-06 -0.27016875E-07  0.34482344E-06   863.99999906   -23309.62635832
   14380   28.76000000 -0.55861920E-06 -0.24137530E-07  0.34996761E-06   863.99999906   -23309.62635817
   14390   28.78000000 -0.62673566E-06 -0.16169663E-07  0.35209314E-06   863.99999906   -23309.62635803
   14400   28.80000000 -0.68834371E-06 -0.30967236E-08  0.35168487E-06   863.99999906   -23309.62635789
   14410   28.82000000 -0.74261341E-06  0.14979453E-07  0.34931762E-06   863.99999906   -23309.62635775
   14420   28.84000000 -0.78879322E-06  0.37833310E-07  0.34564294E-06   863.99999906   -23309.62635760
   14430   28.86000000 -0.82623321E-06  0.65113981E-07  0.34136858E-06   863.99999906   -23309.62635746
   14440   28.88000000 -0.85439906E-06  0.96349125E-07  0.33723772E-06   863.99999906   -23309.62635731
   14450   28.90000000 -0.87289051E-06  0.13095038E-06  0.33400168E-06   863.99999906   -23309.62635717
   14460   28.92000000 -0.88144774E-06  0.16822614E-06  0.33239471E-06   863.99999906   -23309.62635702
   14470   28.94000000 -0.87996232E-06  0.20739611E-06  0.33310498E-06   863.99999906   -23309.62635688
   14480   28.96000000 -0.86847487E-06  0.24761259E-06  0.33674751E-06   863.99999905   -23309.62635673
   14490   28.98000000 -0.84717624E-06  0.28798039E-06  0.34383826E-06   863.99999905   -23309.62635658
   14500   29.00000000 -0.81639823E-06  0.32758039E-06  0.35477288E-06   863.99999905   -23309.62635644
   14510   29.02000000 -0.77660805E-06  0.36549391E-06  0.36980831E-06   863.99999905   -23309.62635629
   14520   29.04000000 -0.72839394E-06  0.40082535E-06  0.38905144E-06   863.99999905   -23309.62635615
   14530   29.06000000 -0.67245446E-06  0.43272589E-06  0.41245270E-06   863.99999905   -23309.62635600
   14540   29.08000000 -0.60958380E-06  0.46041144E-06  0.43980676E-06   863.99999905   -23309.62635585
   14550   29.10000000 -0.54065880E-06  0.48318050E-06  0.47075873E-06   863.99999905   -23309.62635571
   14560   29.12000000 -0.46662611E-06  0.50042774E-06  0.50481721E-06   863.99999905   -23309.62635556
   14570   29.14000000 -0.38848790E-06  0.51165556E-06  0.54137023E-06   863.99999905   -23309.62635542
   14580   29.16000000 -0.30729048E-06  0.51648026E-06  0.57970859E-06   863.99999905   -23309.62635527
   14590   29.18000000 -0.22410962E-06  0.51463573E-06  0.61904871E-06   863.99999905   -23309.62635513
   14600   29.20000000 -0.14004011E-06  0.50597481E-06  0.65856114E-06   863.99999905   -23309.62635499
   14610   29.22000000 -0.56180595E-07  0.49046670E-06  0.69739546E-06   863.99999905   -23309.62635485
   14620   29.24000000  0.26377788E-07  0.46819580E-06  0.73470881E-06   863.99999905   -23309.62635470
   14630   29.26000000  0.10656798E-06  0.43935515E-06  0.76968993E-06   863.99999904   -23309.62635456
   14640   29.28000000  0.18336020E-06  0.40424103E-06  0.80158062E-06   863.99999904   -23309.62635442
   14650   29.30000000  0.25577769E-06  0.36324564E-06  0.82969602E-06   863.99999904   -23309.62635428
   14660   29.32000000  0.32290965E-06  0.31684989E-06  0.85343850E-06   863.99999904   -23309.62635414
   14670   29.34000000  0.38392802E-06  0.26561599E-06  0.87231097E-06   863.99999904   -23309.62635399
   14680   29.36000000  0.43810034E-06  0.21017662E-06  0.88592150E-06   863.99999904   -23309.62635385
   14690   29.38000000  0.48480314E-06  0.15122736E-06  0.89398898E-06   863.99999904   -23309.62635371
   14700   29.40000000  0.52353206E-06  0.89514046E-07  0.89634013E-06   863.99999904   -23309.62635356
   14710   29.42000000  0.55391124E-06  0.25822789E-07  0.89290763E-06   863.99999904   -23309.62635342
   14720   29.44000000  0.57570049E-06 -0.39033901E-07  0.88372252E-06   863.99999904   -23309.62635327
   14730   29.46000000  0.58879979E-06 -0.10422833E-06  0.86890594E-06   863.99999904   -23309.62635313
   14740   29.48000000  0.59324973E-06 -0.16893248E-06  0.84865939E-06   863.99999904   -23309.62635298
   14750   29.50000000  0.58923187E-06 -0.23233009E-06  0.82325211E-06   863.99999904   -23309.62635283
   14760   29.52000000  0.57706251E-06 -0.29363197E-06  0.79301131E-06   863.99999904   -23309.62635269
   14770   29.54000000  0.55718779E-06 -0.35208811E-06  0.75830806E-06   863.99999904   -23309.62635255
   14780   29.56000000  0.53017325E-06 -0.40700136E-06  0.71954773E-06   863.99999903   -23309.62635241
   14790   29.58000000  0.49669247E-06 -0.45773790E-06  0.67715761E-06   863.99999903   -23309.62635226
   14800   29.60000000  0.45751325E-06 -0.50373867E-06  0.63157863E-06   863.99999903   -23309.62635213
   14810   29.62000000  0.41348214E-06 -0.54452693E-06  0.58325597E-06   863.99999903   -23309.62635199
   14820   29.64000000  0.36550837E-06 -0.57971597E-06  0.53263317E-06   863.99999903   -23309.62635185
   14830   29.66000000  0.31454617E-06 -0.60901215E-06  0.48014612E-06   863.99999903   -23309.62635171
   14840   29.68000000  0.26157798E-06 -0.63221556E-06  0.42621881E-06   863.99999903   -23309.62635157
   14850   29.70000000  0.20759632E-06 -0.64921688E-06  0.37126180E-06   863.99999903   -23309.62635143
   14860   29.72000000  0.15358726E-06 -0.65999178E-06  0.31566994E-06   863.99999903   -23309.62635129
   14870   29.74000000  0.10051215E-06 -0.66459139E-06  0.25982410E-06   863.99999903   -23309.62635114
   14880   29.76000000  0.49291802E-07 -0.66312974E-06  0.20409213E-06   863.99999903   -23309.62635100
   14890   29.78000000  0.78915432E-09 -0.65576956E-06  0.14883268E-06   863.99999903   -23309.62635086
   14900   29.80000000 -0.44204598E-07 -0.64270825E-06  0.94397471E-07   863.99999903   -23309.62635071
   14910   29.82000000 -0.84987134E-07 -0.62416255E-06  0.41137983E-07   863.99999903   -23309.62635057
   14920   29.84000000 -0.12095784E-06 -0.60035692E-06 -0.10591868E-07   863.99999903   -23309.62635043
   14930   29.86000000 -0.15163343E-06 -0.57151345E-06 -0.60427697E-07   863.99999902   -23309.62635028
   14940   29.88000000 -0.17665784E-06 -0.53784809E-06 -0.10799202E-06   863.99999902   -23309.62635014
   14950   29.90000000 -0.19581340E-06 -0.49956939E-06 -0.15288781E-06   863.99999902   -23309.62635000
   14960   29.92000000 -0.20902781E-06 -0.45688389E-06 -0.19469892E-06   863.99999902   -23309.62634986
   14970   29.94000000 -0.21637788E-06 -0.41000490E-06 -0.23298767E-06   863.99999902   -23309.62634972
   14980   29.96000000 -0.21808915E-06 -0.35916381E-06 -0.26729897E-06   863.99999902   -23309.62634959
   14990   29.98000000 -0.21453172E-06 -0.30462396E-06 -0.29716529E-06   863.99999902   -23309.62634945
   15000   30.00000000 -0.20620962E-06 -0.24669470E-06 -0.32211641E-06   863.99999902   -23309.62634931
=== application breakdown [s] ===
total calculation time,7392.21093607
rt calculation                         min         max     average   std. dev.  difference    relative
rt initialization              0.47922E-04 0.99182E-03 0.16220E-03 0.52395E-04 0.94390E-03 0.20697E+02
reading lda data               0.38252E+01 0.38345E+01 0.38278E+01 0.10597E-02 0.92821E-02 0.10024E+01
reading rt data                0.21510E-02 0.42942E-02 0.26016E-02 0.27242E-03 0.21431E-02 0.19963E+01
prep. time prop.               0.26298E-03 0.45290E-02 0.10523E-02 0.17662E-03 0.42660E-02 0.17222E+02
rt iterations                  0.73872E+04 0.73872E+04 0.73872E+04 0.18219E-03 0.13371E-02 0.10000E+01
after writing rt data          0.19073E-05 0.97557E+00 0.11732E-03 0.10283E-01 0.97557E+00 0.51148E+06
in rt iterations                       min         max     average   std. dev.  difference    relative
Vbox                           0.12862E+01 0.15282E+01 0.14092E+01 0.32949E-01 0.24199E+00 0.11881E+01
time propagation               0.56262E+04 0.58260E+04 0.57504E+04 0.33697E+02 0.19982E+03 0.10355E+01
calculating rho                0.12164E+03 0.31756E+03 0.19422E+03 0.33671E+02 0.19592E+03 0.26107E+01
Hartree routine                0.39392E+02 0.49735E+02 0.44996E+02 0.16790E+01 0.10343E+02 0.12626E+01
Exc_Cor routine                0.62605E+01 0.10276E+02 0.81728E+01 0.78880E+00 0.40154E+01 0.16414E+01
calculating curr               0.11540E+04 0.11541E+04 0.11540E+04 0.15984E-01 0.86689E-01 0.10001E+01
calc. projection               0.38803E-02 0.88823E-02 0.58712E-02 0.61776E-03 0.50020E-02 0.22891E+01
writing energies               0.14824E+01 0.19608E+01 0.15807E+01 0.10796E+00 0.47841E+00 0.13227E+01
calc_eigen_energy              0.21058E+03 0.21098E+03 0.21075E+03 0.64354E-01 0.40604E+00 0.10019E+01
calc_total_energy_periodic     0.17086E+02 0.21360E+02 0.19155E+02 0.57804E+00 0.42738E+01 0.12501E+01
writing info etc.              0.93019E-02 0.42335E+00 0.11350E-01 0.44118E-02 0.41405E+00 0.45512E+02
total_energy module                    min         max     average   std. dev.  difference    relative
periodic calc.                 0.28952E+01 0.95213E+01 0.48111E+01 0.14993E+01 0.66261E+01 0.32887E+01
periodic comm. coll.           0.92098E+01 0.18326E+02 0.14328E+02 0.16751E+01 0.91162E+01 0.19898E+01
eigen_energy calc.             0.35716E+02 0.38830E+02 0.37820E+02 0.38274E+00 0.31145E+01 0.10872E+01
eigen_energy comm. coll.       0.47837E+01 0.11122E+02 0.74531E+01 0.82315E+00 0.63379E+01 0.23249E+01
eigen_energy hpsi              0.14734E+03 0.15335E+03 0.14986E+03 0.71826E+00 0.60099E+01 0.10408E+01
density_matrix module                  min         max     average   std. dev.  difference    relative
density calc.                  0.81260E+02 0.14286E+03 0.10828E+03 0.12032E+02 0.61602E+02 0.17581E+01
density comm. coll.            0.29778E+02 0.18281E+03 0.85690E+02 0.24602E+02 0.15303E+03 0.61389E+01
current calc.                  0.25065E+03 0.27837E+03 0.26102E+03 0.35150E+01 0.27721E+02 0.11106E+01
current rDivided uVpsi calc.   0.11362E+03 0.11722E+03 0.11534E+03 0.41938E+00 0.35990E+01 0.10317E+01
current comm. coll.            0.81862E+02 0.12649E+03 0.10628E+03 0.52523E+01 0.44624E+02 0.15451E+01
current comm. halo.            0.63690E+03 0.70085E+03 0.67128E+03 0.79857E+01 0.63946E+02 0.11004E+01
conjugate_gradient module              min         max     average   std. dev.  difference    relative
subspace_diag module                   min         max     average   std. dev.  difference    relative
subspace_diag so module                min         max     average   std. dev.  difference    relative
force module                           min         max     average   std. dev.  difference    relative
init_ps                                min         max     average   std. dev.  difference    relative
hamiltonian module                     min         max     average   std. dev.  difference    relative
total                          0.49431E+04 0.51329E+04 0.50310E+04 0.32411E+02 0.18977E+03 0.10384E+01
update overlap (comm.)         0.26199E+04 0.30364E+04 0.27801E+04 0.53285E+02 0.41648E+03 0.11590E+01
stencil                        0.10770E+04 0.13281E+04 0.11823E+04 0.25211E+02 0.25106E+03 0.12331E+01
subtraction                    0.25174E+02 0.30418E+02 0.28590E+02 0.43862E+00 0.52437E+01 0.12083E+01
pseudo-pt                      0.94121E+03 0.11116E+04 0.10199E+04 0.23852E+02 0.17036E+03 0.11810E+01
pseudo-pt (comm.)              0.41835E+02 0.26975E+03 0.13506E+03 0.31508E+02 0.22792E+03 0.64480E+01
hpsi-overlapped                        min         max     average   std. dev.  difference    relative
checkpoint/restart                     min         max     average   std. dev.  difference    relative
restart self                   0.27842E+01 0.33580E+01 0.27950E+01 0.55813E-01 0.57385E+00 0.12061E+01
restart sync                   0.33555E+01 0.33632E+01 0.33584E+01 0.10609E-02 0.77450E-02 0.10023E+01
=== performance [GFLOPS] ===
end SALMON
