# Units: Time [fs], Current Jm [1/fs*Angstrom^2]
time,fid_signal,fid_exp_fit,normalized_fid
14.452,0.0030010076552848246,0.003521991000332789,0.7446619298759463
14.462,0.0029375726456965794,0.00349826131152554,0.7323955711955201
14.472,0.002871918058487724,0.0034746915033457087,0.7191478653084096
14.482,0.002803974837322243,0.0034512804985851143,0.7048862293503637
14.492,0.00273369200125116,0.0034280272272933275,0.6895832545251815
14.502,0.002661035835803307,0.0034049306267288355,0.6732166222204745
14.512,0.0025859890410782137,0.0033819896413103865,0.6557689971649314
14.522,0.002508549866633179,0.0033592032225688148,0.6372279057442714
14.532,0.0024287312797430746,0.003336570329099096,0.6175856128932583
14.542,0.0023465600775436895,0.0033140899265127364,0.5968389718245803
14.552,0.0022620760719036744,0.003291760987390533,0.5749892838706887
14.562,0.0021753313562858398,0.0032695824912355987,0.5520421721593649
14.572,0.0020863896114434516,0.0032475534244267076,0.5280074572454064
14.582,0.0019953256047893653,0.0032256727801720027,0.5028990820501692
14.592,0.001902224786687274,0.0032039395584629593,0.47673505972736224
14.602,0.0018071829527664086,0.0031823527660286887,0.44953743660142864
14.612,0.001710306021616223,0.0031609114162905474,0.42133228658255373
14.622,0.0016117098402132623,0.003139614529317026,0.39214971188278924
14.632,0.0015115200807473707,0.0031184611317789965,0.362023870622118
14.642,0.0014098722490446347,0.0030974502569052122,0.33099303919118145
14.652,0.0013069116204854014,0.0030765809444381047,0.2990996531666048
14.662,0.0012027932653178334,0.003055852240589935,0.2663903777193327
14.672,0.0010976820248828738,0.0030352631979991755,0.23291616515978933
14.682,0.0009917524455507342,0.003014812875687222,0.19873230150214544
14.692,0.0008851887117579398,0.002994500339015392,0.16389845544678155
14.702,0.0007781844381088486,0.002974324659642187,0.12847868460782594
14.712,0.00067094238636506,0.0029542849154809005,0.0925414188826923
14.722,0.0005636740838983634,0.0029343801906574537,0.056159412313285806
14.732,0.0004565993445565001,0.0029146095754685264,0.01940966252793841
14.742,0.00034994566906582395,0.002894972166340011,-0.01762671071412128
14.752,0.0002439475598314645,0.0028754670657856964,-0.05486461758742052
14.762,0.00013884568224210988,0.0028560933823662538,-0.09221520510208034
14.772,3.4885903644134904e-05,0.0028368502306485013,-0.12958611060060518
14.782,-6.768179401561562e-05,0.0028177367311649176,-0.16688176519979558
14.792,-0.00016860446100309663,0.002798752010373477,-0.2040037263601746
14.802,-0.00026762742749045687,0.002779895200617712,-0.24085105503440618
14.812,-0.0003644956273064022,0.0027611654400870418,-0.27732073058135115
14.822,-0.00045895493488604355,0.002742561872777418,-0.31330808294259027
14.832,-0.000550753643830763,0.0027240836484521804,-0.34870728836654297
14.842,-0.0006396439488077063,0.0027057299226032044,-0.38341188240723223
14.852,-0.0007253833679733602,0.0026874998564123094,-0.41731526853161793
14.862,-0.0008077362674434008,0.0026693926167129043,-0.4503112805498697
14.872,-0.0008864753151429394,0.0026514073759519364,-0.48229473874428
14.882,-0.00096138288410053,0.002633543312152056,-0.513162006749855
14.892,-0.0010322524400327238,0.002615799608874036,-0.5428115620448568
14.902,-0.0010988898976775914,0.0025981754551794908,-0.5711445751809661
14.912,-0.0011611148922512943,0.002580670045593772,-0.5980654781545542
14.922,-0.0012187619694224339,0.002563282580069213,-0.6234825225124951
14.932,-0.001271681723773849,0.0025460122639484966,-0.6473083382269139
14.942,-0.001319741849971333,0.002528858307928391,-0.6694604797266224
14.952,-0.0013628280221708844,0.0025118199280236547,-0.6898619258821788
14.962,-0.0014008447389737282,0.002494896345531196,-0.7084415844505046
14.972,-0.0014337160162083834,0.00247808678699451,-0.7251347552774299
14.982,-0.0014613859327350376,0.002461390484168312,-0.739883552052458
14.992,-0.001483819091125343,0.002444806673983416,-0.7526373047543635
15.002,-0.0015010009117890515,0.0024283345985119014,-0.7633529094077589
15.012,-0.0015129377274884566,0.0024119735049324188,-0.7719951089977205
15.022,-0.0015196561462399389,0.0023957226454958255,-0.77853648862462
15.032,-0.001521202432977113,0.0023795812774909993,-0.7829574741694256
15.042,-0.0015176421182611706,0.002363548663210878,-0.785246419218876
15.052,-0.0015090594755229382,0.0023476240699187713,-0.7853996374947967
15.062,-0.0014955568019388193,0.0023318067698148586,-0.7834213513369565
15.072,-0.0014772535753733147,0.002316096040002917,-0.779323582434414
15.082,-0.0014542855440245746,0.002300491162457303,-0.7731260053016009
15.092,-0.001426803628645243,0.0022849914239901244,-0.7648557114285596
15.102,-0.0013949727463813276,0.0022695961162186476,-0.7545469263885372
15.112,-0.0013589704610295602,0.0022543045355329274,-0.7422406375027166
15.122,-0.001318985532851692,0.0022391159830636317,-0.7279841595879668
15.132,-0.001275216431781604,0.0022240297646501286,-0.7118306638549146
15.142,-0.0012278697819880138,0.0022090451908087475,-0.6938386547632442
15.152,-0.0011771588540974934,0.0021941615767012545,-0.674071443707955
15.162,-0.0011233020033948249,0.00217937824210358,-0.6525965756465772
15.172,-0.0010665210997208305,0.0021646945113747125,-0.6294852274632912
15.182,-0.0010070400069032213,0.0021501097134258244,-0.6048116032326916
15.192,-0.0009450831048718288,0.0021356231816896058,-0.5786523239664624
15.202,-0.0008808738816011581,0.0021212342540897836,-0.5510858245238086
15.212,-0.0008146336697971538,0.002106942273010887,-0.5221917926771968
15.222,-0.0007465804940284159,0.0020927465852681806,-0.49205063735064974
15.232,-0.000676928047290591,0.002078646542077802,-0.46074299677570674
15.242,-0.0006058848541823306,0.002064641499027129,-0.42834931563005
15.252,-0.0005336535386364947,0.0020507308160453187,-0.39494945665532005
15.262,-0.00046043025348747527,0.0020369138573740546,-0.3606223752882276
15.272,-0.00038640427812963767,0.0020231899915384944,-0.32544586339216347
15.282,-0.0003117577511218739,0.0020095585913183964,-0.2894963496582883
15.292,-0.000236665598581216,0.001996019033719474,-0.2528487887914226
15.302,-0.00016129557311706606,0.0019825706999449157,-0.21557660253492922
15.312,-8.580841348463915e-05,0.001969212975367088,-0.17775167967280195
15.322,-1.0358157615053955e-05,0.0019559452494994716,-0.13944445361032182
15.332,6.490754107767605e-05,0.0019427669159687432,-0.10072398698261814
15.342,0.0001398469855306302,0.0019296773724870678,-0.06165811686060588
15.352,0.00021432391850054677,0.0019166760208245736,-0.022313651587287098
15.362,0.00028820706045018323,0.0019037622667820008,0.01724345009549083
15.372,0.00036136951528513016,0.0018909355201635625,0.0569478250003064
15.382,0.00043368825824340474,0.0018781951947499623,0.09673448194266647
15.392,0.0005050436846476523,0.0018655407082715913,0.13653859978362204
15.402,0.0005753192148610477,0.0018529714823819383,0.1762953457973997
15.412,0.0006444009707108656,0.001840486942631143,0.21593972341409517
15.422,0.0007121774998585641,0.0018280865184397458,0.2554064387987184
15.432,0.0007785395786123353,0.001815769643072614,0.29462980313784487
15.442,0.0008433800944931289,0.0018035357536130277,0.33354367316925526
15.452,0.0009065941223865988,0.0017913842909369707,0.37208149207285757
15.462,0.000968079078373032,0.0017793146996875702,0.41017637357524356
15.472,0.0010277348887839867,0.0017673264282497027,0.44776119746578935
15.482,0.0010854643064091788,0.0017554189287248044,0.4847687881122124
15.492,0.001141173304537262,0.0017435916569058178,0.5211321422611173
15.502,0.0011947715542964454,0.001731844072252323,0.5567847109314984
15.512,0.001246172974819557,0.0017201756378658357,0.5916607319699638
15.522,0.0012952962826902584,0.0017085858204652585,0.6256955746281391
15.532,0.0013420655731980174,0.001697074090362526,0.6588261144802174
15.542,0.0013864108878387858,0.001685639921438387,0.6909911143080304
15.552,0.0014282687373802466,0.001674282791118351,0.7221315935709727
15.562,0.0014675826361523166,0.001663002180348823,0.752191217412722
15.572,0.0015043036103857066,0.0016517975735733713,0.7811166847926605
15.582,0.0015383906381286317,0.0016406684587091552,0.8088580910329516
15.592,0.001569810965412545,0.001629614327123551,0.8353692314463302
15.602,0.0015985403386624894,0.0016186346736108688,0.8606078666923488
15.612,0.0016245631034611774,0.0016077289963692904,0.8845359187647213
15.622,0.0016478722585071767,0.0015968967969779283,0.9071196467991756
15.632,0.001668469467698585,0.0015861375803740353,0.9283298040637225
15.642,0.0016863649260604279,0.0015754508548303967,0.9481417129751653
15.652,0.0017015771652098388,0.0015648361319328481,0.9665353059146046
15.662,0.0017141327188442902,0.0015542929265579424,0.9834950822915886
15.672,0.0017240657716042418,0.001543820756850809,0.9990100530669518
15.682,0.0017314176797009855,0.0015334191442030929,1.013073604286597
15.692,0.0017362364702219696,0.0015230876132311137,1.025683342036977
15.702,0.0017385763782840763,0.001512825691754115,1.0368409547837698
15.712,0.001738497327771475,0.0015026329107727023,1.0465520351072932
15.722,0.001736064454360467,0.0014925088044474022,1.054825920935074
15.732,0.0017313475760896704,0.0014824529100773624,1.061675497055715
15.742,0.0017244206617312932,0.0014724647680792217,1.0671169870609767
15.752,0.0017153613223581346,0.001462543921966095,1.0711697515780514
15.762,0.001704250360799312,0.001452689918326713,1.073856115139492
15.772,0.0016911713804550195,0.001442902306804703,1.0752012237433488
15.782,0.0016762104431552957,0.0014331806400779956,1.0752329274461805
15.792,0.0016594557160776657,0.0014235244738383967,1.0739816492273726
15.802,0.0016409971357183974,0.0014139333667712725,1.0714802577402038
15.812,0.0016209260451033511,0.0014044068805353742,1.0677639146983167
15.822,0.0015993348608358158,0.0013949445797428184,1.0628699332375182
15.832,0.0015763168335988604,0.001385546031939179,1.0568376904239347
15.842,0.001551965724448124,0.0013762108075837253,1.0497084755940413
15.852,0.0015263755247368936,0.0013669384800297935,1.0415253586460422
15.862,0.0014996401157539164,0.0013577286255052775,1.03233300763901
15.872,0.0014718528268352995,0.0013485808230932757,1.0221774248010107
15.882,0.0014431059888996222,0.0013394946547128472,1.0111056647195826
15.892,0.0014134904644462092,0.0013304697050998968,0.9991655207137988
15.902,0.0013830952201675025,0.0013215055617882107,0.9864052247857485
15.912,0.001352006841028772,0.0013126018150905962,0.9728730903855886
15.922,0.0013203089612952284,0.0013037580580801595,0.958617078467978
15.932,0.0012880816496339805,0.0012949738865717108,0.943684310445582
15.942,0.0012554008087280358,0.0012862488991032834,0.9281205698332123
15.952,0.0012223376151934426,0.0012775826969177975,0.9119698113404668
15.962,0.0011889579739576203,0.0012689748839448314,0.8952736596979263
15.972,0.0011553220775356136,0.001260425066782511,0.8780709651108087
15.982,0.0011214839798338082,0.0012519328546795453,0.8603973518003146
15.992,0.0010874911718457415,0.0012434978595173582,0.8422847507024532
16.002,0.0010533842498267182,0.001235119695792355,0.8237609844366567
16.012,0.001019196705934278,0.0012267979805982944,0.804849430299596
16.022,0.0009849548785101445,0.0012185323336088055,0.7855687936911385
16.032,0.0009506780037816431,0.0012103223770599842,0.7659329531931196
16.042,0.0009163784255167417,0.0012021677357331533,0.7459509243926187
16.052,0.0008820618315829275,0.0011940680369376948,0.7256268470462307
16.062,0.0008477276061382638,0.0011860229104940175,0.7049600664158023
16.072,0.0008133692718927444,0.0011780319887166536,0.6839452929029335
16.082,0.0007789750805717227,0.0011700949063974334,0.6625728897183518
16.092,0.0007445287670397598,0.001162211300788821,0.6408293068463753
16.102,0.0007100103443235615,0.001154380811587305,0.6186975695089254
16.112,0.0006753969270460469,0.001146603080916958,0.5961578133320958
16.122,0.0006406635185732376,0.001138877753313061,0.5731878156789302
16.132,0.0006057838655586028,0.0011312044757058703,0.5497636070404717
16.142,0.0005707313540166451,0.001123582897404484,0.5258601445306005
16.152,0.0005354798972769399,0.0011160126700807936,0.5014520088365296
16.162,0.0005000048254553378,0.00110849344775359,0.4765141329191639
16.172,0.00046428371354087245,0.0011010248867727313,0.4510225107615836
16.182,0.0004282970808044465,0.001093606645803452,0.4249548279924521
16.192,0.00039202903003204663,0.001086238385810748,0.3982910678519806
16.202,0.0003554678512301115,0.0010789197700439,0.37101411191452915
16.212,0.00031860655800071587,0.0010716504640210687,0.343110307770805
16.222,0.0002814433123217834,0.0010644301355140068,0.314569963097023
16.232,0.00024398180987165292,0.0010572584545328898,0.2853878246383576
16.242,0.00020623153293174287,0.0010501350933112147,0.25556345979679873
16.252,0.00016820788335415292,0.001043059726290845,0.2251015465253169
16.262,0.00012993223473522044,0.0010360320301071038,0.19401210157805018
16.272,9.143190807948563e-05,0.0010290516835740186,0.16231064791831623
16.282,5.274010450012753e-05,0.0010221183676696244,0.1300183480033632
16.292,1.3895774260634002e-05,0.001015231765521396,0.09716208249604666
16.302,-2.5056597112424364e-05,0.0010083915623917666,0.06377445399832374
16.312,-6.40672435234486e-05,0.0010015974456637272,0.029893750379682414
16.322,-0.0001030814344602244,0.0009948491048265599,-0.004436153095731754
16.332,-0.00014203981179232515,0.0009881462314616288,-0.039165918380124704
16.342,-0.00018087872821288332,0.000981488519228301,-0.07424087985811999
16.352,-0.00021953060638103502,0.0009748756638499276,-0.10960120879350613
16.362,-0.0002579243216951726,0.0009683073630999598,-0.14518211106612733
16.372,-0.0002959855600023927,0.0009617833167881123,-0.18091401393778017
16.382,-0.00033363712693383206,0.0009553032267466608,-0.21672271930807277
16.392,-0.00037079930032705283,0.0009488667968168107,-0.25252960922616935
16.402,-0.00040739013395681937,0.0009424737328351526,-0.28825181834461344
16.412,-0.00044332576287098763,0.0009361237426202381,-0.32380242030465567
16.422,-0.00047852072519196477,0.0009298165359592023,-0.35909064312614947
16.432,-0.0005128882126947265,0.0009235518245945206,-0.3940220294116267
16.442,-0.0005463403139494168,0.000917329322210819,-0.42849860120079064
16.452,-0.0005787882298430595,0.0009111487444217993,-0.46241900937048697
16.462,-0.000610142499365966,0.0009050098087572444,-0.49567870422201055
16.472,-0.0006403132572400055,0.000898912234650086,-0.528170149312861
16.482,-0.0006692105053914855,0.0008928557434236164,-0.5597830622015163
16.492,-0.0006967444334277485,0.0008868400582787208,-0.5904047181642081
16.502,-0.0007228257351304069,0.000880864904281248,-0.6199202648497539
16.512,-0.0007473659625807056,0.0008749300083494308,-0.6482130904060863
16.522,-0.0007702778916442742,0.0008690350992414181,-0.6751652191705471
16.532,-0.0007914759932130262,0.0008631799075428639,-0.7006578337275552
16.542,-0.0008108769477418728,0.0008573641656546317,-0.7245718623578372
16.552,-0.0008284002063242023,0.0008515876077805504,-0.7467886371061553
16.562,-0.0008439686187012164,0.0008458499699152684,-0.7671906462271609
16.572,-0.0008575090785367331,0.0008401509898321966,-0.785662330790766
16.582,-0.0008689532622893404,0.0008344904070715105,-0.8020910078671248
16.592,-0.000878238327832814,0.0008288679629282646,-0.8163677801152847
16.602,-0.0008853076375274555,0.0008232834004405475,-0.828388500471831
16.612,-0.000890111567805368,0.0008177364643777562,-0.8380548608666456
16.622,-0.0008926082842923001,0.0008122269012289181,-0.8452754761883825
16.632,-0.0008927645388861535,0.0008067544591911129,-0.8499670249453555
16.642,-0.0008905564383589879,0.0008013188881579669,-0.8520553916832021
16.652,-0.000885970111563817,0.0007959199397082089,-0.8514767286410618
16.662,-0.0008790023124804506,0.0007905573670943325,-0.848178474325248
16.672,-0.0008696609825450137,0.0007852309252313058,-0.8421203529739697
16.682,-0.0008579657130233021,0.0007799403706853827,-0.8332752860306452
16.692,-0.0008439481485828132,0.0007746854616629636,-0.8216302584972144
16.702,-0.00082765231364362,0.0007694659579995601,-0.8071871163632638
16.712,-0.0008091347702438765,0.0007642816211488073,-0.7899631861792442
16.722,-0.0007884646527507339,0.0007591322141715619,-0.7699917618900946
16.732,-0.0007657235120927899,0.0007540175017250819,-0.7473223743255741
16.742,-0.0007410050515645817,0.0007489372500522589,-0.7220209310977463
16.752,-0.0007144148143553424,0.0007438912269709503,-0.6941697925345731
16.762,-0.0006860697299003309,0.0007388792018633497,-0.663867670607997
16.772,-0.0006560974781674146,0.0007339009456654626,-0.6312292941711924
16.782,-0.0006246357371071141,0.000728956230856626,-0.5963849098702448
16.792,-0.0005918313228031148,0.0007240448314491174,-0.5594796246105161
16.802,-0.0005578391968693807,0.0007191665229778283,-0.5206725523012382
16.812,-0.0005228214133536517,0.0007143210824899933,-0.4801358466832399
16.822,-0.0004869460188157075,0.0007095082885350156,-0.43805363290976973
16.832,-0.00045038584257441376,0.0007047279211543333,-0.3946207559436385
16.842,-0.00041331724935071397,0.0006999797618713783,-0.35004143019155903
16.852,-0.0003759188627265938,0.0006952635936815781,-0.3045277982359684
16.862,-0.00033837023285743846,0.0006905792010424551,-0.25829836233803605
16.872,-0.00030085050903586497,0.0006859263698637569,-0.2115763623153296
16.882,-0.0002635371357593736,0.0006813048874976856,-0.16458812340487045
16.892,-0.0002266045509012833,0.0006767145427291746,-0.11756134650202921
16.902,-0.0001902229570842197,0.0006721551257662303,-0.07072343247628396
16.912,-0.00015455715089990167,0.0006676264282303578,-0.024299823956642597
16.922,-0.00011976536201616442,0.0006631282431470197,0.021487695954862107
16.932,-8.599823340624745e-05,0.0006586603649361918,0.06642257454644421
16.942,-5.339788239092753e-05,0.0006542225894029567,0.11029500276916905
16.952,-2.209697578554263e-05,0.0006498147137281783,0.15290345642312292
16.962,7.782002411940454e-06,0.0006454365364592339,0.19402808433267693
16.972,3.612736217043931e-05,0.0006410878575007966,0.23346991569629522
16.982,6.283876665886829e-05,0.0006367684781057033,0.27106073980806195
16.992,8.782765842609138e-05,0.0006324782008658602,0.3066451872925984
17.002,0.00011101756172047345,0.000628216829703231,0.34008159348141787
17.012,0.0001323443127836917,0.0006239841698608647,0.3712427787546232
17.022,0.00015175616554640478,0.0006197800278940082,0.40001666821249976
17.032,0.00016921371256378704,0.0006156042116612499,0.4263066601119925
17.042,0.00018468976730938403,0.0006114565303157499,0.45003193825851223
17.052,0.00019816915180401304,0.0006073367942965143,0.47112764590435224
17.062,0.000209648430172215,0.0006032448153197264,0.4895449741285943
17.072,0.00021913562990931218,0.0005991804063701543,0.5052512216425871
17.082,0.00022664981970675255,0.0005951433816925878,0.5182296358691745
17.092,0.00023222063168131034,0.000591133556783363,0.5284791545228447
17.102,0.00023588775192929633,0.0005871507483819187,0.536014079402533
17.112,0.000237700356029443,0.0005831947744624307,0.5408636465025145
17.122,0.00023771651029992982,0.0005792654542254828,0.5430715202215741
17.132,0.00023600255985992016,0.000575362608089815,0.5426952405668479
17.142,0.00023263256044842257,0.0005714860576841071,0.5398057075350088
17.152,0.00022768768800539448,0.0005676356258388273,0.534486606691544
17.162,0.00022125555393142618,0.0005638111365781415,0.5268336659590248
17.172,0.00021342952556417194,0.0005600124151118616,0.5169538893812018
17.182,0.00020430800873297132,0.0005562392878274688,0.5049647024050796
17.192,0.00019399371253279942,0.0005524915822821652,0.4909930368074351
17.202,0.0001825929373388838,0.0005487691271950039,0.4751744180008036
17.212,0.00017021478211145039,0.0005450717524390566,0.45765189442993626
17.222,0.0001569704236353374,0.0005413992890336344,0.4385750424062317
17.232,0.00014297237807408484,0.0005377515691365769,0.41809891060194726
17.242,0.00012833364167847403,0.0005341284260365625,0.3963827398119887
17.252,0.00011316684634855,0.000530529694145511,0.37358866600780394
17.262,9.758344261166926e-05,0.0005269552089909968,0.3498804274162155
17.272,8.1692859711517e-05,0.000523404807208745,0.3254219959219864
17.282,6.560173798427133e-05,0.0005198783265351568,0.30037628430532376
17.292,4.941317996826175e-05,0.0005163756057998981,0.2749038467380345
17.302,3.322599283365254e-05,0.0005128964849185361,0.24916152886651396
17.312,1.713400483531653e-05,0.0005094408048852134,0.22330120212257848
17.322,1.2254275812656305e-06,0.0005060084077653914,0.1974685399858969
17.332,-1.441771896249118e-05,0.0005025991366886245,0.17180186643324838
17.342,-2.9720042733501206e-05,0.0004992128358413973,0.14643120617059444
17.352,-4.461317182951003e-05,0.0004958493504599957,0.12147738527087874
17.362,-5.9036034980654924e-05,0.0004925085268234444,0.09705129946607986
17.372,-7.293496478326758e-05,0.0004891902122464689,0.07325346790661523
17.382,-8.626377823391692e-05,0.00048589425507252745,0.050173618640699025
17.392,-9.898372699001449e-05,0.00048262050466687563,0.027890491719031435
17.402,-0.00011106329052984682,0.00047936881140967923,0.006471914128966222
17.412,-0.0001224779302915806,0.00047613902668918503,-0.014025050221921215
17.422,-0.00013320975864831856,0.00047293100289491744,-0.033553793055554226
17.432,-0.00014324709335556817,0.000469744593410942,-0.05207763915114155
17.442,-0.00015258394165272885,0.0004665796526091571,-0.06956917972616114
17.452,-0.0001612194661445252,0.00046343603584264364,-0.08600955018809037
17.462,-0.00016915742116086396,0.0004603135994390549,-0.10138763115832544
17.472,-0.0001764055637843169,0.00045721220069404274,-0.11569917886993758
17.482,-0.00018297508271649927,0.00045413169786474476,-0.1289459613273986
17.492,-0.0001888799988658547,0.00045107195016329905,-0.14113481701950742
17.502,-0.00019413660432823277,0.00044803281775041595,-0.15227675583768294
17.512,-0.0001987629599541562,0.00044501416172898,-0.16238614157191872
17.522,-0.00020277845706702944,0.0004420158441377115,-0.17147996961174683
17.532,-0.00020620343519280602,0.00043903772794484983,-0.17957722883995259
17.542,-0.00020905881858409767,0.00043607967704190005,-0.18669828153657103
17.552,-0.00021136587907836005,0.00043314155623740857,-0.19286446399377158
17.562,-0.0002131459832178782,0.00043022323125078163,-0.19809764720366516
17.572,-0.0002144204380646656,0.00042732456870615696,-0.20241997309449822
17.582,-0.00021521048092860843,0.00042444543612629715,-0.20585385934567663
17.592,-0.00021553723300108307,0.0004215857019265442,-0.20842193658246483
17.602,-0.00021542168106438364,0.0004187452354087991,-0.21014703907167967
17.612,-0.00021488469258222392,0.00041592390675555455,-0.21105226017282408
17.622,-0.0002139470453157719,0.0004131215870239548,-0.21116103695946953
17.632,-0.0002126294781870841,0.00041033814813991136,-0.21049727841915072
17.642,-0.00021095281170406392,0.0004075734628922426,-0.20908563422187454
17.652,-0.00020893804315930825,0.00040482740492686056,-0.20695172085504454
17.662,-0.00020660638758269025,0.0004020998487410008,-0.20412224520325187
17.672,-0.00020397931824416634,0.00039939066967748004,-0.20062512945065983
17.682,-0.00020107857079539667,0.0003966997439190073,-0.19648956469191706
17.692,-0.0001979261334050204,0.0003940269484825154,-0.1917460359154904
17.702,-0.0001945442388258953,0.00039137216121354785,-0.18642635022808807
17.712,-0.00019095536210569604,0.0003887352607806735,-0.18056367659008266
17.722,-0.000187182209143965,0.00038611612666993825,-0.17419256744848122
17.732,-0.00018324765763259323,0.00038351463917936504,-0.1673488819679609
17.742,-0.00017917463158522936,0.0003809306794134734,-0.16006956804880262
17.752,-0.00017498601505629532,0.00037836412927785395,-0.1523925199283479
17.762,-0.0001707045916815933,0.00037581487147376466,-0.14435648632231401
17.772,-0.00016635300882405742,0.00037328278949277574,-0.13600102864568586
17.782,-0.00016195376232318477,0.00037076776761143875,-0.1273665224378726
17.792,-0.00015752910994811702,0.0003682696908860048,-0.1184940066141022
17.802,-0.00015310105021890542,0.0003657884451471657,-0.10942516964767188
17.812,-0.0001486912704770732,0.00036332391699483627,-0.10020226903724588
17.822,-0.0001443210995477858,0.00036087599379297616,-0.09086805824544625
17.832,-0.00014001153201944174,0.0003584445636644358,-0.08146586803084821
17.842,-0.00013578324090563496,0.00035602951548585084,-0.07203966355893995
17.852,-0.00013165656558884796,0.00035363073888255525,-0.06263404684602963
17.862,-0.00012765152503189936,0.00035124812422354385,-0.05329431324469244
17.872,-0.00012378777951499594,0.00034888156261645624,-0.04406639146777108
17.882,-0.00012008459925386323,0.00034653094590260435,-0.03499679351970372
17.892,-0.0001165608395900478,0.00034419616665202926,-0.026132573497655742
17.902,-0.00011323484123110141,0.0003418771181585863,-0.017521109713166255
17.912,-0.0001101243694222832,0.0003395736944350747,-0.00920996331832527
17.922,-0.00010724651309997068,0.00033728579020838825,-0.0012466348256152948
17.932,-0.0001046175489074065,0.0003350133009147091,0.00632177474686621
17.942,-0.00010225279430188473,0.00033275612269472306,0.013448945074008234
17.952,-0.00010016643454109153,0.00033051415238887985,0.020089796562888868
17.962,-9.837132906050843e-05,0.0003282872875326729,0.026201019445148882
17.972,-9.687876029993206e-05,0.00032607542635195705,0.031741760207892766
17.982,-9.569824810950263e-05,0.00032387846775830067,0.03667417827780542
17.992,-9.483735763464191e-05,0.0003216963113443606,0.040964039637211264
18.002,-9.430147001676919e-05,0.00031952885737929974,0.044581421497706275
18.012,-9.409360460431123e-05,0.0003173760068042215,0.04750131723656406
18.022,-9.421422802109768e-05,0.0003152376612276489,0.04970429279130986
18.032,-9.466110502845935e-05,0.00031311372292102335,0.05117706093311425
18.042,-9.542919653256709e-05,0.0003110040948142408,0.051912955530347416
18.052,-9.651058624990394e-05,0.00030890868049121697,0.05191234700204722
18.062,-9.789446481213936e-05,0.00030682738418547284,0.05118292437063765
18.072,-9.956716908999478e-05,0.00030476011077576974,0.04973984355493449
18.082,-0.00010151224494183884,0.00030270676578175113,0.04760581574576456
18.092,-0.00010371059303916988,0.0003006672553596322,0.044810983005656446
18.102,-0.0001061406940741674,0.0002986414862979056,0.04139258127453338
18.112,-0.00010877882282012803,0.00029662936601308596,0.0373946117248366
18.122,-0.00011159935749010749,0.0002946308025454738,0.03286725010721098
18.132,-0.00011457520087414708,0.0002926457045549584,0.027865942679703437
18.142,-0.00011767816606758131,0.00029067398131683847,0.022450556883245043
18.152,-0.0001208794268885427,0.0002887155427176766,0.01668433092691729
18.162,-0.0001241499468100294,0.0002867702992511836,0.010632838958840207
18.172,-0.0001274609312270238,0.00028483816201412346,0.004362855849336045
18.182,-0.00013078436240854447,0.00028291904270225603,-0.0020590362057912315
18.192,-0.00013409348599314065,0.0002810128536062945,-0.00856776162422107
18.202,-0.00013736330172099302,0.0002791195076079021,-0.015101121186219035
18.212,-0.00014057102488143657,0.00027723891817570877,-0.021601127819394272
18.222,-0.00014369650058746337,0.00027537099936135413,-0.028015257940919913
18.232,-0.00014672257417144412,0.0002735156657955652,-0.03429762275598419
18.242,-0.00014963543195066438,0.00027167283268424765,-0.04041009347668045
18.252,-0.0001524249044059758,0.0002698424158046163,-0.04632335664735393
18.262,-0.00015508466788319948,0.00026802433150134174,-0.052017721503781866
18.272,-0.00015761240033227613,0.0002662184966827308,-0.05748382105884997
18.282,-0.0001600098609821735,0.00026442482881692446,-0.06272311872789516
18.292,-0.00016228287727746901,0.00026264324592813166,-0.06774816655531035
18.302,-0.00016444129637056566,0.00026087366659287807,-0.07258276571863526
18.312,-0.00016649885933830657,0.00025911600993628545,-0.07726190865979243
18.322,-0.0001684730016024271,0.00025737019562837817,-0.08183150507459064
18.332,-0.00017038460874725853,0.00025563614388040775,-0.08634796657350119
18.342,-0.00017225769146589018,0.000253913775441212,-0.09087754199943215
18.352,-0.00017411902226714232,0.00025220301159358617,-0.095495516773548
18.362,-0.00017599771546915718,0.0002505037741506912,-0.10028521955149972
18.372,-0.00017792477770481026,0.0002488159854524763,-0.10533690928774736
18.382,-0.00017993260726465517,0.00024713956836213194,-0.11074647713170277
18.392,-0.0001820544635881044,0.00024547444626256534,-0.11661402009927357
18.402,-0.00018432390234399365,0.00024382054305289476,-0.12304226934557794
18.412,-0.00018677423051813763,0.00024217778314497608,-0.13013502919430936
18.422,-0.00018943796699373057,0.0002405460914599446,-0.13799558638077347
18.432,-0.0001923462850600974,0.00023892539342478702,-0.14672502051209207
18.442,-0.00019552844830007793,0.00023731561496892942,-0.15642044801245902
18.452,-0.00019901124817999302,0.0002357166825208566,-0.16717322304152948
18.462,-0.00020281848977227233,0.00023412852300474602,-0.1790672353017202
18.472,-0.00020697050501315538,0.00023255106383712827,-0.1921772458401092
18.482,-0.000211483716246273,0.00023098423292357235,-0.20656733210168104
18.492,-0.0002163702476180978,0.00022942795865538718,-0.2222894407240975
18.502,-0.0002216376103731877,0.00022788216990635358,-0.2393821320552243
18.512,-0.00022728840130850658,0.00022634679602946797,-0.25786933648921073
18.522,-0.00023332007845894672,0.00022482176685371854,-0.2777593210754711
18.532,-0.00023972480183119424,0.0002233070126808745,-0.29904383522175276
18.542,-0.00024648932247453,0.00022180246428230312,-0.32169738984836704
18.552,-0.00025359501026570274,0.00022030805289580612,-0.34567695788740804
18.562,-0.0002610179454882769,0.00021882371022247362,-0.37092187424794176
18.572,-0.0002687290186674662,0.00021734936842356684,-0.3973537658262263
18.582,-0.0002766941634980588,0.00021588496011741432,-0.42487690914376386
18.592,-0.00028487465839002453,0.00021443041837633528,-0.4533788227436728
18.602,-0.00029322745981650195,0.00021298567672357763,-0.4827309827378129
18.612,-0.0003017055973636406,0.0002115506691302841,-0.512789762021243
18.622,-0.00031025862839205974,0.0002101253300124695,-0.5433975939392616
18.632,-0.00031883313580870513,0.00020870959422802723,-0.5743843132089305
18.642,-0.00032737329391550516,0.00020730339707375074,-0.6055687601891762
18.652,-0.00033582145425587384,0.00020590667428237492,-0.6367604982453707
18.662,-0.00034411874641753664,0.00020451936201964295,-0.6677616306701061
18.672,-0.00035220570788705233,0.00020314139688138366,-0.6983687664079639
18.682,-0.00036002289321136695,0.00020177271589061832,-0.7283749729261194
18.692,-0.0003675114679820285,0.00020041325649467902,-0.7575717332769225
18.702,-0.000374613876347915,0.00019906295656235207,-0.7857512053950405
18.712,-0.0003812744948701745,0.00019772175438103866,-0.8127084972915469
18.722,-0.00038744022720359726,0.0001963895886539314,-0.8382438032949349
18.732,-0.00039306110257396895,0.00019506639849721662,-0.8621646109131306
18.742,-0.00039809080934003025,0.00019375212343728876,-0.8842877440957543
18.752,-0.0004024871634135965,0.00019244670340798912,-0.9044412363052264
18.762,-0.00040621257952331603,0.00019115007874785788,-0.922466261410142
18.772,-0.00040923449791083384,0.00018986219019741127,-0.9382189585315008
18.782,-0.0004115257523429084,0.0001885829788964285,-0.9515720975120696
18.792,-0.0004130648853950602,0.0001873123863812655,-0.9624165995230506
18.802,-0.00041383635131567967,0.00018605035458218156,-0.9706626976437839
18.812,-0.0004138306817796201,0.00018479682582068406,-0.9762409915303992
18.822,-0.0004130445863825575,0.00018355174280689624,-0.979103291683208
18.832,-0.00041148096140044985,0.00018231504863693292,-0.9792231517793775
18.842,-0.0004091488130476692,0.0001810866867903067,-0.9765961004245207
18.852,-0.0004060630777179663,0.00017986660112733892,-0.9712394994761262
18.862,-0.00040224440895391935,0.0001786547358865979,-0.9631922691377294
18.872,-0.00039771884693081934,0.00017745103568234767,-0.9525141697795109
18.882,-0.00039251748312698015,0.00017625544550201866,-0.9392850370915113
18.892,-0.0003866760399234543,0.0001750679107036937,-0.9236036753705358
18.902,-0.0003802343298310042,0.00017388837701360783,-0.9055862689006697
18.912,-0.00037323572778320325,0.0001727167905236715,-0.8853647891898953
18.922,-0.00036572657551681544,0.00017155309768900387,-0.8630850981453684
18.932,-0.0003577555486938182,0.000170397245325488,-0.8389048535621211
18.942,-0.0003493730057829255,0.00016924918060733768,-0.8129912828548034
18.952,-0.0003406303087669381,0.00016810885106468635,-0.7855187839286791
18.962,-0.00033157919332126365,0.0001669762045811863,-0.7566666422262969
18.972,-0.00032227113054936624,0.00016585118939162723,-0.7266166494599005
18.982,-0.00031275667593358766,0.0001647337540795722,-0.6955506055824525
18.992,-0.00030308490092051756,0.0001636238475750049,-0.6636480670065077
19.002,-0.0002933028395165913,0.00016252141915199948,-0.631084091324841
19.012,-0.0002834550154036022,0.00016142641842639783,-0.5980272318620449
19.022,-0.0002735830296347237,0.00016033879535351045,-0.5646377138289739
19.032,-0.00026372518274640213,0.0001592585002258267,-0.5310656975909656
19.042,-0.0002539161956986675,0.00015818548367074482,-0.49744988395015255
19.052,-0.0002441869675691307,0.00015711969664831553,-0.46391623026611306
19.062,-0.00023456440372231213,0.00015606109044899845,-0.4305769153814188
19.072,-0.00022507134998287783,0.0001550096166914388,-0.39752970276596555
19.082,-0.00021572660748163966,0.00015396522732025398,-0.3648576137216959
19.092,-0.00020654500221777873,0.00015292787460383927,-0.33262881686971235
19.102,-0.00019753749091282088,0.00015189751113218404,-0.30089666819488115
19.112,-0.00018871135188607615,0.00015087408981470817,-0.26970010292357466
19.122,-0.0001800703909396221,0.0001498575638781061,-0.23906410722520866
19.132,-0.0001716151682384707,0.00014884788686421222,-0.20900029752747695
19.142,-0.00016334330057974006,0.0001478450126278763,-0.17950783202528342
19.152,-0.00015524977047436111,0.0001468488953348537,-0.15057438348883018
19.162,-0.00014732725145368578,0.00014585948945971335,-0.12217721455442881
19.172,-0.0001395664356529775,0.00014487674978375353,-0.09428430066331561
19.182,-0.0001319563601837566,0.00014390063139293834,-0.06685548715471151
19.192,-0.00012448474118437566,0.00014293108967584263,-0.03984371877758208
19.202,-0.00011713832441241488,0.00014196808032161478,-0.013196380175542921
19.212,-0.00010990318576077195,0.00014101155931795168,0.013143528689429695
19.222,-0.00010276503785429294,0.00014006148294908507,0.03923615233565686
19.232,-9.570947747262099e-05,0.0001391178077937863,0.06514374947843621
19.242,-8.872226417142726e-05,0.00013818049072337972,0.09092949626693014
19.252,-8.178960517454857e-05,0.00013724948889977338,0.1166562254209701
19.262,-7.48983856962191e-05,0.0001363247597734991,0.14238536049835177
19.272,-6.803647236990312e-05,0.00013540626108177086,0.16817550492227107
19.282,-6.119294406781411e-05,0.00013449395084654965,0.19408130400710888
19.292,-5.435828866690213e-05,0.0001335877873726278,0.22015242308284463
19.302,-4.752459689395111e-05,0.00013268772924572228,0.2464325123045429
19.312,-4.068572609089037e-05,0.00013179373533058118,0.2729582771795168
19.322,-3.383753484284026e-05,0.00013090576476910607,0.29975821845577444
19.332,-2.6978080153131946e-05,0.0001300237769784816,0.32685150942067265
19.342,-2.0107760647193346e-05,0.00012914773164932343,0.35424708828311985
19.352,-1.3229450261279994e-05,0.00012827758874383392,0.381942776829991
19.362,-6.348640590409264e-06,0.00012741330849397415,0.4099243476442095
19.372,5.264909343615648e-07,0.00012655485139964425,0.4381649084486601
19.382,7.385047585720572e-06,0.00012570217822688081,0.4666244374973574
19.392,1.4213363177810532e-05,0.00012485525000606153,0.49524924540204546
19.402,2.099502934051038e-05,0.00012401402803012462,0.5239717864453097
19.412,2.7710972168208258e-05,0.00012317847385280098,0.5527107021991641
19.422,3.433956371009996e-05,0.0001223485492868551,0.5813710387956547
19.432,4.085680260314283e-05,0.00012152421640234259,0.6098447983647822
19.442,4.723653605189903e-05,0.00012070543752487339,0.6380117071815501
19.452,5.345068071944893e-05,0.00011989217523389246,0.6657400126203836
19.462,5.939473217277721e-05,0.0001190843923609687,0.6925434766967562
19.472,6.498781350254253e-05,0.00011828205198809535,0.7180369987520736
19.482,7.019790285635829e-05,0.00011748511744600506,0.7420555879019941
19.492,7.499241657842146e-05,0.00011669355231249106,0.7644285851552026
19.502,7.93386807841828e-05,0.0001159073204107451,0.784981840702667
19.512,8.320445644299649e-05,0.00011512638580770215,0.8035402015907309
19.522,8.655847410637903e-05,0.00011435071281239979,0.8199301087492739
19.532,8.937087869017826e-05,0.00011358026597434532,0.8339818341138355
19.542,9.161376284260136e-05,0.00011281501008189762,0.8455321918838765
19.552,9.326171467010963e-05,0.00011205491016065619,0.8544273795125648
19.562,9.429226799423943e-05,0.00011129993147186284,0.8605254161237477
19.572,9.468635295252676e-05,0.0001105500395108153,0.8636986339251087
19.582,9.442873748003529e-05,0.00010980520000528842,0.8638361763470754
19.592,9.350841315422347e-05,0.0001090653789139704,0.860846276564309
19.602,9.191893570726641e-05,0.00010833054242490331,0.8546583572035811
19.612,8.965867712456665e-05,0.00010760065695394201,0.8452247355902104
19.622,8.673102138234299e-05,0.00010687568914321567,0.8325220792187744
19.632,8.314455677882997e-05,0.00010615560585960543,0.8165528623011659
19.642,7.891319562037364e-05,0.00010544037419322946,0.7973464825186617
19.652,7.405618690626452e-05,0.00010472996145593797,0.7749598590152385
19.662,6.859807607121379e-05,0.00010402433517982154,0.7494777649780349
19.672,6.256856496242595e-05,0.00010332346311572445,0.7210126551189965
19.682,5.6002339906752955e-05,0.00010262731323177314,0.6897043132091327
19.692,4.893887384963501e-05,0.00010193585371191055,0.6557193445490593
19.702,4.142209763794715e-05,0.00010124905295444315,0.6192499842234273
19.712,3.3500078162048016e-05,0.00010056687957059679,0.5805128982906796
19.722,2.5224600660723703e-05,9.988930238308063e-05,0.5397474594624532
19.732,1.66506427462063e-05,9.921629042466406e-05,0.4972134228053538
19.742,7.835820077957618e-06,9.854781293675996e-05,0.45318839416039725
19.752,-1.1602202509390647e-06,9.788383936802026e-05,0.40796496481812133
19.762,-1.0276443194409159e-05,9.722433937293812e-05,0.3618475860156695
19.772,-1.9451066005459915e-05,9.656928281046311e-05,0.3151493851236087
19.782,-2.8622178359127392e-05,9.591863974262128e-05,0.26818901099656034
19.792,-3.772846468495133e-05,9.52723804331488e-05,0.2212868796297367
19.802,-4.6709931497508335e-05,9.463047534613223e-05,0.17476131133415043
19.812,-5.550861958787055e-05,9.399289514465799e-05,0.12892466372031547
19.822,-6.406933347773337e-05,9.335961068947338e-05,0.08407929461803759
19.832,-7.234029456676193e-05,9.273059303765256e-05,0.04051384385230128
19.842,-8.027367209209298e-05,9.21058134412757e-05,-0.0014999146331610147
19.852,-8.782609316369247e-05,9.14852433461137e-05,-0.04171016893319068
19.862,-9.495913174538206e-05,9.086885439032441e-05,-0.07988810958109127
19.872,-0.00010163970190043707,9.025661840315503e-05,-0.11583051381358245
19.882,-0.00010784037451492368,8.964850740365636e-05,-0.14936196385142825
19.892,-0.00011353962310287714,8.904449359940252e-05,-0.1803367191288207
19.902,-0.0001187219425281713,8.844454938522099e-05,-0.20863993091658845
19.912,-0.00012337777029590593,8.784864734193184e-05,-0.23418780502407688
19.922,-0.00012750336599112505,8.725676023509324e-05,-0.25692752791792095
19.932,-0.00013110066206837277,8.666886101375863e-05,-0.27683702139333266
19.942,-0.00013417699832705282,8.608492280923823e-05,-0.2939240461320931
19.952,-0.0001367447944076342,8.550491893387273e-05,-0.3082249358917968
19.962,-0.00013882112734549793,8.492882287981305e-05,-0.3198027737290742
19.972,-0.00014042722481237313,8.435660831780816e-05,-0.32874505639354346
19.982,-0.0001415879367710148,8.37882490960035e-05,-0.3351611828981832
19.992,-0.00014233121640157877,8.322371923874358e-05,-0.33917993437510213
20.002,-0.0001426875823536801,8.266299294538672e-05,-0.3409467914314715
20.012,-0.00014268959605608837,8.210604458912444e-05,-0.3406212754279435
20.022,-0.00014237132636232423,8.155284871581144e-05,-0.33837416035315576
20.032,-0.0001417678100038389,8.100338004280105e-05,-0.3343846015621663
20.042,-0.0001409145833324671,8.045761345779119e-05,-0.32883760508228665
20.052,-0.00013984727097113091,7.991552401767552e-05,-0.32192176533262307
20.062,-0.00013860123334323495,7.937708694740346e-05,-0.3138272892587541
20.072,-0.00013721128602060101,7.884227763884891e-05,-0.30474438689863964
20.082,-0.00013571144538487894,7.831107164968415e-05,-0.29486177944036057
20.092,-0.00013413469573389297,7.77834447022646e-05,-0.28436530066964183
20.102,-0.00013251278940043125,7.72593726825172e-05,-0.2734366602013804
20.112,-0.00013087617037576394,7.673883163884001e-05,-0.26225288941175123
20.122,-0.00012925393948441872,7.622179778100634e-05,-0.2509860152197809
20.132,-0.00012767379734933334,7.570824747907829e-05,-0.23980260032238448
20.142,-0.0001261620041864715,7.51981572623269e-05,-0.2288633715429214
20.152,-0.00012474333572843536,7.469150381815826e-05,-0.21832281755355176
20.162,-0.00012344105329328104,7.418826399104956e-05,-0.20832885995414574
20.172,-0.00012227687719636616,7.368841478148964e-05,-0.19902253619684107
20.182,-0.00012127096691122094,7.319193334492875e-05,-0.19053771438514955
20.192,-0.00012044188840870819,7.269879699073353e-05,-0.18300072677122559
20.202,-0.0001198065403754927,7.22089831811513e-05,-0.17652975427498663
20.212,-0.00011938004609241129,7.172246953027878e-05,-0.17123399677814932
20.222,-0.00011917561083122448,7.123923380303928e-05,-0.16721262424465422
20.232,-0.00011920437988899925,7.075925391416715e-05,-0.1645537125889951
20.242,-0.00011947528255175962,7.028250792719728e-05,-0.16333307838652023
20.252,-0.00011999484689872455,6.980897405346414e-05,-0.16361292163282892
20.262,-0.00012076701983507675,6.933863065110413e-05,-0.16544047950816698
20.272,-0.00012179299244809985,6.887145622406799e-05,-0.16884669333816993
20.282,-0.00012307107008586885,6.840742942113732e-05,-0.17384512618145198
20.292,-0.00012459652710948978,6.794652903494942e-05,-0.18043077578037003
20.302,-0.00012636147481100352,6.748873400102824e-05,-0.18857895494228394
20.312,-0.0001283547991474334,6.703402339682051e-05,-0.19824458453899552
20.322,-0.00013056211018352629,6.6582376440741e-05,-0.20936155509166532
20.332,-0.00013296574210851198,6.613377249122142e-05,-0.22184239737878164
20.342,-0.00013554486227386389,6.568819104576822e-05,-0.23557862444166844
20.352,-0.0001382755977916637,6.524561174002436e-05,-0.2504411984034406
20.362,-0.00014113122870239926,6.48060143468401e-05,-0.2662814267229686
20.372,-0.00014408244895309667,6.436937877534684e-05,-0.28293230209375253
20.382,-0.00014709767384107783,6.393568507004029e-05,-0.3002101624386516
20.392,-0.00015014341094563347,6.350491340986786e-05,-0.31791678240418453
20.402,-0.00015318468662763176,6.307704410732258e-05,-0.3358418544703572
20.412,-0.00015618549937568304,6.265205760754396e-05,-0.35376568736178216
20.422,-0.0001591093213195098,6.22299344874234e-05,-0.3714622565706698
20.432,-0.00016191967039866248,6.18106554547178e-05,-0.3887027524303862
20.442,-0.0001645806314971926,6.139420134716622e-05,-0.405258870574144
20.452,-0.0001670573988788519,6.098055313161546e-05,-0.4209062929612839
20.462,-0.0001693168325353713,6.056969190314958e-05,-0.43542831491140166
20.472,-0.00017132791630731635,6.016159888422564e-05,-0.44861891022426237
20.482,-0.00017306220171825747,5.9756255423816567e-05,-0.46028575356563317
20.492,-0.00017449426621968554,5.935364299655728e-05,-0.4702533795774677
20.502,-0.0001756021303802763,5.895374320189936e-05,-0.47836612603563067
20.512,-0.00017636758494773378,5.855653776326905e-05,-0.48449054243110057
20.522,-0.00017677644216928997,5.8162008527232865e-05,-0.4885173450658611
20.532,-0.00017681864836417374,5.7770137462667e-05,-0.4903625061594472
20.542,-0.00017648833729228566,5.738090665993434e-05,-0.48996797225245325
20.552,-0.00017578386144349672,5.6994298330065055e-05,-0.48730224241909625
20.562,-0.0001747077133114041,5.661029480394367e-05,-0.4823602348101703
20.572,-0.00017326641464774858,5.622887853150216e-05,-0.475162934027177
20.582,-0.00017147034787375846,5.585003208091695e-05,-0.46575664765445857
20.592,-0.00016933349509208536,5.547373813781345e-05,-0.4542116408849818
20.602,-0.00016687305780662965,5.509997950447329e-05,-0.4406199633014045
20.612,-0.0001641090547089339,5.4728739099049576e-05,-0.42509309122285943
20.622,-0.0001610639100818962,5.4359999954785315e-05,-0.4077594653878265
20.632,-0.00015776202581323814,5.399374521923853e-05,-0.38876187658239014
20.642,-0.0001542293975820624,5.3629958153512184e-05,-0.3682550968400392
20.652,-0.00015049321597601796,5.32686221314883e-05,-0.34640337075933825
20.662,-0.00014658140506494563,5.290972063906911e-05,-0.32337745155524034
20.672,-0.00014252217309527435,5.255323727342152e-05,-0.2993516707083457
20.682,-0.00013834361392157387,5.2199155742228175e-05,-0.2745013008162652
20.692,-0.00013407329134233352,5.1847459862942e-05,-0.24899976578446636
20.702,-0.00012973790578468748,5.149813356204763e-05,-0.22301636107456435
20.712,-0.0001253630524995251,5.115116087432603e-05,-0.1967145557621054
20.722,-0.00012097298080395163,5.080652594212487e-05,-0.17025028065117576
20.732,-0.00011659042830328815,5.046421301463433e-05,-0.14377070063811537
20.742,-0.00011223649021191413,5.012420644716648e-05,-0.11741321140804861
20.752,-0.00010793045777665442,4.97864907004413e-05,-0.09130421916195464
20.762,-0.00010368972886715491,4.9451050339875265e-05,-0.06555839916031136
20.772,-9.95298049319998e-05,4.911787003487699e-05,-0.04027853764247358
20.782,-9.5464349002421e-05,4.878693455814583e-05,-0.01555579342900959
20.792,-9.150526875914057e-05,4.8458228784976386e-05,0.008529858533481316
20.802,-8.766280222303888e-05,4.813173769256744e-05,0.03190915213682932
20.812,-8.3945615348122e-05,4.780744635933453e-05,0.0545229603199503
20.822,-8.036090583464652e-05,4.7485339964228965e-05,0.076321667682402
20.832,-7.691454085549909e-05,4.71654037860597e-05,0.0972642956718267
20.842,-7.361123032170573e-05,4.684762320282118e-05,0.11731736705078455
20.852,-7.045469946677932e-05,4.6531983691024326e-05,0.13645375681472605
20.862,-6.744783017520765e-05,4.6218470825033803e-05,0.15465174275311355
20.872,-6.459278019357785e-05,4.590707027640754e-05,0.17189419611456624
20.882,-6.189106492571282e-05,4.559776781324277e-05,0.18816802141689964
20.892,-5.934363906353251e-05,4.529054929952529e-05,0.20346359150065702
20.902,-5.695101395653023e-05,4.498540069448308e-05,0.21777392908014825
20.912,-5.4713334871007784e-05,4.468230805194545e-05,0.2310941630514201
20.922,-5.263041328141963e-05,4.438125751970458e-05,0.2434212987401192
20.932,-5.070170257372793e-05,4.408223533888339e-05,0.2547543893619349
20.942,-4.892628446118234e-05,4.378522784330599e-05,0.26509464116864573
20.952,-4.7302853299714947e-05,4.349022145887354e-05,0.2744455417289571
20.962,-4.582967893882367e-05,4.319720270294401e-05,0.2828131487396688
20.972,-4.4504671511208245e-05,4.2906158183715244e-05,0.29020566815052246
20.982,-4.3325373123118485e-05,4.261707459961379e-05,0.29663355434427396
20.992,-4.228891088278448e-05,4.232993873868627e-05,0.30210989362774343
21.002,-4.139197756920673e-05,4.2044737477996185e-05,0.30665060148942863
21.012,-4.0630797409668944e-05,4.1761457783023466e-05,0.31027473528399696
21.022,-4.000118809016726e-05,4.148008670706965e-05,0.31300412689229784
21.032,-3.9498625548671626e-05,4.1200611390665144e-05,0.31486299477623697
21.042,-3.911830799124892e-05,4.092301906098235e-05,0.31587756032110376
21.052,-3.885525919459121e-05,4.064729703125156e-05,0.3160753790179065
21.062,-3.8704377260059266e-05,4.037343270018091e-05,0.315485058467962
21.072,-3.866051632949087e-05,4.01014135513812e-05,0.3141357351431207
21.082,-3.871859805945567e-05,3.983122715279288e-05,0.31205632858588944
21.092,-3.887374518827223e-05,3.956286115611873e-05,0.3092746246829484
21.102,-3.912143576659857e-05,3.929630329625886e-05,0.30581619549840733
21.112,-3.945758904238709e-05,3.9031541390750745e-05,0.3017038011497214
21.122,-3.987861266250241e-05,3.876856333921177e-05,0.2969570642284658
21.132,-4.0381464323655024e-05,3.850735712278703e-05,0.2915920306564508
21.142,-4.096373276311151e-05,3.824791080359937e-05,0.285620578750182
21.152,-4.162366951120111e-05,3.79902125242039e-05,0.2790501781905057
21.162,-4.236019392384922e-05,3.7734250507046416e-05,0.2718838367424399
21.172,-4.317285700708727e-05,3.748001305392462e-05,0.2641203442310542
21.182,-4.4061790769030955e-05,3.722748854545426e-05,0.2557546211219135
21.192,-4.5027627336306764e-05,3.6976665440536874e-05,0.24677828954890807
21.202,-4.6071376853685586e-05,3.6727532275833716e-05,0.23718055024807994
21.212,-4.719432205884771e-05,3.648007766524089e-05,0.2269489389111422
21.222,-4.839784934918792e-05,3.623429029936918e-05,0.2160705568341219
21.232,-4.9683266549433965e-05,3.599015894502746e-05,0.20453340770326595
21.242,-5.1051592676837386e-05,3.574767244470883e-05,0.19232795227633293
21.252,-5.2503332228756464e-05,3.550681971608139e-05,0.17944879081176646
21.262,-5.403829173593539e-05,3.526758975148088e-05,0.16589604228738447
21.272,-5.565537214126913e-05,3.502997161740833e-05,0.15167691503648473
21.282,-5.735236008774119e-05,3.479395445402985e-05,0.13680729732783142
21.292,-5.912574289615582e-05,3.4559527474680625e-05,0.12131318134564673
21.302,-6.09704929694717e-05,3.4326679965372036e-05,0.1052323291706086
21.312,-6.287989108462948e-05,3.4095401284301427e-05,0.0886156604494141
21.322,-6.48453817755966e-05,3.3865680861366414e-05,0.07152841032398449
21.332,-6.685645107641413e-05,3.3637508197681274e-05,0.05405112848974469
21.342,-6.890057567657032e-05,3.341087286509756e-05,0.03628014563491688
21.352,-7.096317779826274e-05,3.3185764505727016e-05,0.01832800162119197
21.362,-7.302762095421278e-05,3.296217283146887e-05,0.00032356719293291647
21.372,-7.507524809941799e-05,3.2740087623538804e-05,-0.017588154151688018
21.382,-7.708546660199062e-05,3.251949873200262e-05,-0.03524658095631017
21.392,-7.903587682010543e-05,3.2300396075312073e-05,-0.05247644436799237
21.402,-8.090244137828884e-05,3.208276963984389e-05,-0.06908899507499666
21.412,-8.26597330280197e-05,3.18666094794428e-05,-0.08488382201121669
21.422,-8.428120419322422e-05,3.165190571496611e-05,-0.09965085131649198
21.432,-8.573943016828306e-05,3.14386485338329e-05,-0.1131721562879574
21.442,-8.700643105709333e-05,3.122682818957506e-05,-0.12522438776751132
21.452,-8.805405223820634e-05,3.101643500139219e-05,-0.1355816760679155
21.462,-8.885433604235022e-05,3.080745935370918e-05,-0.14401848861078803
21.472,-8.937993768039852e-05,3.05998916957363e-05,-0.1503128545834671
21.482,-8.960455938150527e-05,3.0393722541033263e-05,-0.15424975841246613
21.492,-8.950333875734669e-05,3.0188942467075214e-05,-0.15562420638752084
21.502,-8.905321435941028e-05,2.9985542114822493e-05,-0.1542441418120265
21.512,-8.823333253058128e-05,2.9783512188292442e-05,-0.1499337075013556
21.522,-8.702541623260954e-05,2.958284345413519e-05,-0.1425362400163015
21.532,-8.5414137859635e-05,2.9383526741210877e-05,-0.13191732304436654
21.542,-8.338748514787918e-05,2.9185552940171165e-05,-0.11796781481540652
21.552,-8.093705836324357e-05,2.8988913003042632e-05,-0.10060636277424329
21.562,-7.805829405484852e-05,2.879359794281309e-05,-0.07978136230661226
21.572,-7.475063883847084e-05,2.859959883302139e-05,-0.05547253811858732
21.582,-7.10177429487158e-05,2.8406906807348763e-05,-0.027692696436512954
21.592,-6.686759879514972e-05,2.8215513059214217e-05,0.0035109416574455876
21.602,-6.231256364831121e-05,2.8025408841371558e-05,0.03805631444413665
21.612,-5.736935169646664e-05,2.7836585465510076e-05,0.0758263346899426
21.622,-5.2058988523768764e-05,2.764903430185696e-05,0.1166690035955062
21.632,-4.6406642234791636e-05,2.746274677878347e-05,0.16039851046125125
21.642,-4.044145855570334e-05,2.727771438241274e-05,0.20679631270381982
21.652,-3.419633750489481e-05,2.70939286562307e-05,0.2556126939582427
21.662,-2.7707607096755596e-05,2.6911381200699913e-05,0.3065691612683501
21.672,-2.1014701823329133e-05,2.6730063672875234e-05,0.3593608278434727
21.682,-1.4159767024720076e-05,2.654996778602309e-05,0.41365941336310197
21.692,-7.1871862578247805e-06,2.63710853092421e-05,0.46911688996594453
21.702,-1.4308621957111666e-07,2.61934080670874e-05,0.5253693409177821
21.712,6.925200431131618e-06,2.6016927939196826e-05,0.5820411913619759
21.722,1.3969640917431392e-05,2.5841636859919603e-05,0.638749221558035
21.732,2.0942029186745554e-05,2.5667526817948234e-05,0.6951067828006845
21.742,2.7794583303423722e-05,2.5494589855951697e-05,0.7507286178608019
21.752,3.448048238593424e-05,2.532281807021235e-05,0.8052352277163024
21.762,4.095441612709253e-05,2.5152203610264268e-05,0.8582573714906212
21.772,4.717314942605434e-05,2.4982738678534846e-05,0.9094407204382372
21.782,5.309604826439588e-05,2.4814415529988002e-05,0.9584502283382705
21.792,5.868554598965485e-05,2.464722647177071e-05,1.0049740463078143
21.802,6.390754304867296e-05,2.4481163862860992e-05,1.0487269192402007
21.812,6.873180338702519e-05,2.4316220113718785e-05,1.0894535740117808
21.822,7.313227433155726e-05,2.4152387685939306e-05,1.126931500841565
21.832,7.708732650780044e-05,2.3989659091908143e-05,1.1609730938707068
21.842,8.057998620667736e-05,2.382802689445958e-05,1.1914277395204946
21.852,8.359806697017555e-05,2.3667483706536077e-05,1.218183087971816
21.862,8.613423380105455e-05,2.3508022190851186e-05,1.2411657745157991
21.872,8.818600444776342e-05,2.3349635059553826e-05,1.2603416233553975
21.882,8.975566759477954e-05,2.319231507389547e-05,1.2757151645159417
21.892,9.0850087926942e-05,2.3036055043899347e-05,1.2873282109142488
21.902,9.148046976425875e-05,2.288084782803146e-05,1.2952580817085741
21.912,9.16620770014566e-05,2.2726686332874667e-05,1.2996154520448746
21.922,9.141389005252803e-05,2.2573563512804106e-05,1.300541667994495
21.932,9.07582517456923e-05,2.2421472369665533e-05,1.2982059543273419
21.942,8.97203863077983e-05,2.2270405952455108e-05,1.2928015533600339
21.952,8.832786826916145e-05,2.212035735700216e-05,1.284541425680175
21.962,8.661009368417011e-05,2.197131972565328e-05,1.2736536262431835
21.972,8.459775114955836e-05,2.1823286246958968e-05,1.260376560791759
21.982,8.232226466825299e-05,2.1676250155362547e-05,1.244955041417819
21.992,7.981529859315113e-05,2.1530204730890643e-05,1.2276362954695106
22.002,7.710822081690886e-05,2.1385143298846387e-05,1.208665518100269
22.012,7.42315542989659e-05,2.1241059229504014e-05,1.1882813086622264
22.022,7.121449389765861e-05,2.1097945937806307e-05,1.166711635807805
22.032,6.808439083101338e-05,2.095579688306313e-05,1.1441695157121035
22.042,6.486637759580023e-05,2.08146055686529e-05,1.120849852765451
22.052,6.158304835692294e-05,2.0674365541725533e-05,1.0969267380906396
22.062,5.825415703683556e-05,2.0535070392907377e-05,1.0725508898696072
22.072,5.489641232497551e-05,2.0396713756008692e-05,1.0478479021120062
22.082,5.152326490559593e-05,2.0259289307732177e-05,1.0229164232399195
22.092,4.814478499673246e-05,2.0122790767384422e-05,0.9978270914851453
22.102,4.476766397212156e-05,1.998721189658854e-05,0.9726225176439592
22.112,4.1395217884561636e-05,1.9852546498999333e-05,0.9473172866336654
22.122,3.8027478534953464e-05,1.971878842001978e-05,0.921898701629818
22.132,3.4661331942561124e-05,1.9585931546520162e-05,0.8963279336983109
22.142,3.129068749075422e-05,1.9453969806558327e-05,0.8705414358408858
22.152,2.7906698681230073e-05,1.932289716910225e-05,0.8444527988933158
22.162,2.4498024631559672e-05,1.9192707643754577e-05,0.8179549582172729
22.172,2.1051126571065653e-05,1.9063395280478566e-05,0.7909227041863204
22.182,1.7550601306511005e-05,1.8934954169326547e-05,0.7632155137329758
22.192,1.3979557214492222e-05,1.880737844016934e-05,0.7346807517324438
22.202,1.0319948918975413e-05,1.868066226242835e-05,0.7051565261871089
22.212,6.552918819559283e-06,1.8554799844808975e-05,0.6744746055486611
22.222,2.6591755992086386e-06,1.842978543503577e-05,0.6424636562811913
22.232,-1.380658611245826e-06,1.830561331958991e-05,0.6089522161432774
22.242,-5.585666673309339e-06,1.818227782344765e-05,0.5737719666942046
22.252,-9.97424450622402e-06,1.8059773309821293e-05,0.5367611006896859
22.262,-1.4563793635140505e-05,1.7938094179901325e-05,0.49776696790491415
22.272,-1.9370410806469082e-05,1.7817234872600775e-05,0.45664874781521925
22.282,-2.4408611532291183e-05,1.7697189864300765e-05,0.41327983258548745
22.292,-2.969109373688499e-05,1.757795366859842e-05,0.3675498657689977
22.302,-3.5228449466047005e-05,1.745952083605584e-05,0.3193672311449046
22.312,-4.102892968223948e-05,1.7341885953951073e-05,0.26866108726383414
22.322,-4.709827517483331e-05,1.7225043646030924e-05,0.2153828331345644
22.332,-5.343959412956094e-05,1.7108988572264982e-05,0.1595071709060229
22.342,-6.005327774657871e-05,1.6993715428601904e-05,0.10103283903545379
22.352,-6.69369198612298e-05,1.6879218946726603e-05,0.03998331192597826
22.362,-7.408529267719953e-05,1.6765493893819827e-05,-0.023592986115237413
22.372,-8.14903603979975e-05,1.6652535072318724e-05,-0.08962279523841954
22.382,-8.914130032302471e-05,1.6540337319679497e-05,-0.15800819779446273
22.392,-9.702457291994158e-05,1.642889550814147e-05,-0.22862722059778862
22.402,-0.00010512407966443041,1.6318204544492477e-05,-0.3013352017972919
22.412,-0.00011342130324607498,1.6208259369836424e-05,-0.37596600468505204
22.422,-0.0001218954433957967,1.6099054959361795e-05,-0.45233319177503883
22.432,-0.00013052360427605713,1.5990586322112258e-05,-0.5302316483580757
22.442,-0.00013928095823637356,1.588284850075828e-05,-0.6094389980711016
22.452,-0.00014814092453771744,1.577583657137091e-05,-0.6897171463816176
22.462,-0.0001570754214536236,1.566954564319646e-05,-0.7708144654600164
22.472,-0.00016605509170678943,1.5563970858433018e-05,-0.852467745343565
22.482,-0.00017504944481410497,1.54591073920086e-05,-0.9344034136968818
22.492,-0.00018402707553634402,1.5354950451360396e-05,-1.0163394217172823
22.502,-0.00019295582974514504,1.5251495276216036e-05,-1.097986666333746
22.512,-0.00020180293326677178,1.5148737138375672e-05,-1.179050051925284
22.522,-0.0002105352090010532,1.5046671341496213e-05,-1.2592303517893477
22.532,-0.00021911920437832572,1.494529322087643e-05,-1.3382253313724828
22.542,-0.00022752126904929083,1.484459814324394e-05,-1.4157303925823443
22.552,-0.00023570766831125924,1.4744581506543467e-05,-1.4914395321122718
22.562,-0.00024364468905185496,1.4645238739726288e-05,-1.5650462360228847
22.572,-0.0002512987755142283,1.4546565302541607e-05,-1.6362446425605004
22.582,-0.00025863666791661234,1.444855668532882e-05,-1.704730736682317
22.592,-0.00026562552369294515,1.4351208408811608e-05,-1.7702033982279461
22.602,-0.00027223306284062613,1.425451602389301e-05,-1.8323656732189895
22.612,-0.0002784277316788232,1.4158475111452366e-05,-1.89092622041193
22.622,-0.0002841788388240291,1.4063081282143021e-05,-1.945600524417432
22.632,-0.00028945670302246,1.3968330176191977e-05,-1.9961122270118197
22.642,-0.00029423288590019696,1.387421746320055e-05,-2.042195229752829
22.652,-0.00029848045548391914,1.3780738841946358e-05,-2.0835960892895633
22.662,-0.0003021742353181047,1.3687890040187006e-05,-2.1200763027660465
22.672,-0.00030529108703216973,1.3595666814464498e-05,-2.1514149112350083
22.682,-0.0003078101748341011,1.350406494991159e-05,-2.1774109613536154
22.692,-0.00030971319962014825,1.3413080260058936e-05,-2.197885713365795
22.702,-0.0003109846592379609,1.3322708586643897e-05,-2.2126850989892377
22.712,-0.00031161211564306973,1.3232945799420532e-05,-2.2216822562031755
22.722,-0.00031158647403900893,1.3143787795970603e-05,-2.2247801867445904
22.732,-0.0003109022163744805,1.3055230501516364e-05,-2.2219140176209295
22.742,-0.0003095575497468855,1.2967269868734096e-05,-2.2130525077471246
22.752,-0.0003075545406384006,1.287990187756934e-05,-2.198199432014218
22.762,-0.0003048991769447236,1.2793122535052967e-05,-2.1773943174860664
22.772,-0.0003016014124117309,1.2706927875118892e-05,-2.1507130192824953
22.782,-0.0002976751962650441,1.2621313958422584e-05,-2.1182681596309654
22.792,-0.00029313841738341724,1.2536276872161294e-05,-2.080208790396296
22.802,-0.00028801275915245876,1.245181272989502e-05,-2.0367192387605977
22.812,-0.00028232355708890925,1.2367917671368902e-05,-1.9880179645247127
22.822,-0.0002760995740597606,1.2284587862336944e-05,-1.9343556577668577
22.832,-0.0002693726752364461,1.2201819494386568e-05,-1.8760124097287567
22.842,-0.00026217757016895105,1.2119608784764821e-05,-1.8132954695975645
22.852,-0.0002545514447313609,1.2037951976205199e-05,-1.7465359827010276
22.862,-0.000246533556072208,1.1956845336756175e-05,-1.6760853699280862
22.872,-0.00023816489317385423,1.1876285159610454e-05,-1.6023122804619472
22.882,-0.00022948776520320305,1.1796267762935685e-05,-1.525598867466191
22.892,-0.00022054538120098896,1.1716789489706214e-05,-1.4463369625232159
22.902,-0.0002113813976528339,1.1637846707535757e-05,-1.3649239363612131
22.912,-0.00020203950319676233,1.1559435808511614e-05,-1.2817588754540923
22.922,-0.0001925630430395561,1.1481553209029605e-05,-1.1972391010259793
22.932,-0.00018299464907460699,1.1404195349630438e-05,-1.11175672497933
22.942,-0.00017337589782569042,1.1327358694836852e-05,-1.0256954454338414
22.952,-0.00016374695267631174,1.1251039732992266e-05,-0.9394271850771239
22.962,-0.0001541462347573068,1.1175234976100098e-05,-0.8533089789802399
22.972,-0.00014461014046510516,1.109994095966437e-05,-0.7676802774824683
22.982,-0.00013517280620146908,1.10251542425315e-05,-0.6828606723334645
22.992,-0.00012586592665443365,1.0950871406732846e-05,-0.5991481085010805
23.002,-0.00011671861502083377,1.0877089057328731e-05,-0.5168174779363697
23.012,-0.00010775730473267225,1.0803803822253017e-05,-0.43611959255988797
23.022,-9.900566493250805e-05,1.0731012352159215e-05,-0.3572802837840423
23.032,-9.04844991407292e-05,1.0658711320267249e-05,-0.28049934734213133
23.042,-8.221171216550715e-05,1.0586897422211518e-05,-0.20595011477142633
23.052,-7.420239395483039e-05,1.0515567375889898e-05,-0.13378010388988315
23.062,-6.646892790910584e-05,1.0444717921313568e-05,-0.06411190129580069
23.072,-5.902113997225558e-05,1.0374345820458235e-05,0.0029555721161003135
23.082,-5.186646273804265e-05,1.0304447857115971e-05,0.06734564868911247
23.092,-4.501011306756882e-05,1.0235020836748372e-05,0.12900236788372998
23.102,-3.845531728240422e-05,1.0166061586340393e-05,0.18788848231825328
23.112,-3.220352907796039e-05,1.0097566954255555e-05,0.24398352116151445
23.122,-2.6254708199703657e-05,1.0029533810091645e-05,0.29728128165208373
23.132,-2.060764356407905e-05,9.961959044537858e-06,0.3477868976492507
23.142,-1.526024020528829e-05,9.894839569232604e-06,0.3955142295507609
23.152,-1.0209799671116987e-05,9.828172316622307e-06,0.44048330252170903
23.162,-5.4532986936110675e-06,9.761954239821387e-06,0.4827177483015623
23.172,-9.876428131161408e-07,9.696182312472778e-06,0.5222424678719078
23.182,3.190121510767026e-06,9.630853528609814e-06,0.5590816688702036
23.192,7.082594191892139e-06,9.565964902518694e-06,0.5932568881520279
23.202,1.0691830492780784e-05,9.501513468602136e-06,0.624785206665366
23.212,1.401923128628227e-05,9.437496281243842e-06,0.6536782102261786
23.222,1.706549246194381e-05,9.373910414673742e-06,0.6799414929481007
23.232,1.983059109644434e-05,9.310752962834446e-06,0.7035744971346365
23.242,2.2313818715674453e-05,9.24802103924829e-06,0.724570786959721
23.252,2.4513861649887387e-05,9.185711776885547e-06,0.7429187584487053
23.262,2.6428966824725963e-05,9.123822328033234e-06,0.7586031446635928
23.272,2.8057092306601388e-05,9.06234986416518e-06,0.7716063796654196
23.282,2.939606297183402e-05,9.001291575812513e-06,0.7819100102100257
23.292,3.044383333045635e-05,8.940644672435439e-06,0.7894971070111079
23.302,3.1198720685263496e-05,8.880406382295646e-06,0.7943544018199724
23.312,3.1659671363053546e-05,8.82057395232956e-06,0.796474736109563
23.322,3.1826561408031435e-05,8.761144648022695e-06,0.7958598357591826
23.332,3.1700405838016904e-05,8.702115753284467e-06,0.7925222358178454
23.342,3.12835513709579e-05,8.643484570324235e-06,0.7864870530963912
23.352,3.057983942278728e-05,8.585248419527873e-06,0.7777934821720317
23.362,2.959471948892604e-05,8.527404639335429e-06,0.7664958281278231
23.372,2.833537738455898e-05,8.469950586119332e-06,0.7526646804031287
23.382,2.681084013442139e-05,8.412883634063762e-06,0.7363878713987719
23.392,2.5031981971753976e-05,8.356201175044484e-06,0.7177705099149527
23.402,2.30114600088494e-05,8.299900618509675e-06,0.6969343554349273
23.412,2.0763605782631066e-05,8.243979391361616e-06,0.6740167776851028
23.422,1.830426798791687e-05,8.188434937838963e-06,0.6491692568694213
23.432,1.5650625379133435e-05,8.133264719400116e-06,0.622555603737119
23.442,1.2820980246927116e-05,8.078466214606986e-06,0.5943499971457508
23.452,9.834562660753616e-06,8.024036919009941e-06,0.5647351228274728
23.462,6.711286046610129e-06,7.969974345033266e-06,0.5338998546766899
23.472,3.4714450353434917e-06,7.916276021861424e-06,0.5020363905327604
23.482,1.3542677244383905e-07,7.86293949532629e-06,0.4693375114972655
23.492,-3.276510582391173e-06,7.80996232779479e-06,0.4359944740668372
23.502,-6.744487756846782e-06,7.757342098057665e-06,0.4021946350474812
23.512,-1.0249264172267059e-05,7.705076401218681e-06,0.36811898294429246
23.522,-1.3772411870216484e-05,7.653162848584841e-06,0.33394047989299525
23.532,-1.729647889728796e-05,7.601599067557079e-06,0.29982250299934854
23.542,-2.0805129438320564e-05,7.550382701521988e-06,0.26591750468166675
23.552,-2.4283265072087487e-05,7.4995114097439805e-06,0.23236585139040225
23.562,-2.771710234282179e-05,7.448982867258336e-06,0.19929507676735742
23.572,-3.109421532376859e-05,7.398794764765015e-06,0.16681946777675133
23.582,-3.4403536147272645e-05,7.348944808523014e-06,0.13504005085259374
23.592,-3.7635348167571326e-05,7.2994307202456425e-06,0.10404465010967817
23.602,-4.078122308587859e-05,7.250250236996278e-06,0.07390847886374885
23.612,-4.3833953295881184e-05,7.2014011110851e-06,0.04469478053672732
23.622,-4.678751330657578e-05,7.152881109966184e-06,0.01645519785139432
23.632,-4.963693672373621e-05,7.10468801613561e-06,-0.010769051820273268
23.642,-5.2378216717649555e-05,7.0568196270300604e-06,-0.03694621800391057
23.652,-5.500818790423541e-05,7.009273754926111e-06,-0.06205287629446499
23.662,-5.752435338287663e-05,6.9620482268403836e-06,-0.0860722587041749
23.672,-5.992477628334795e-05,6.915140884430054e-06,-0.10899318933910057
23.682,-6.220799129779366e-05,6.868549583894366e-06,-0.13080920372696248
23.692,-6.437289615875692e-05,6.8222721958765266e-06,-0.15151747077307576
23.702,-6.641862585645905e-05,6.776306605366533e-06,-0.17111754251201472
23.712,-6.834442468002796e-05,6.730650711604357e-06,-0.18961007536526375
23.722,-7.014950682472185e-05,6.685302427984004e-06,-0.20699543481516025
23.732,-7.18329401609029e-05,6.640259681958219e-06,-0.22327251306578888
23.742,-7.33935742520998e-05,6.595520414943607e-06,-0.23843796294749775
23.752,-7.48299939256531e-05,6.5510825822267266e-06,-0.25248567182221127
23.762,-7.614048816955763e-05,6.506944152870484e-06,-0.26540637885806556
23.772,-7.73230132515939e-05,6.46310310962141e-06,-0.2771872352445127
23.782,-7.837513467636798e-05,6.419557448817409e-06,-0.28781116104102583
23.792,-7.929398582059543e-05,6.3763051802962625e-06,-0.29725636085165186
23.802,-8.007629708133116e-05,6.333344327304629e-06,-0.3054965149564418
23.812,-8.071850597417393e-05,6.290672926407645e-06,-0.31250174899367233
23.822,-8.121686200045943e-05,6.248289027399269e-06,-0.31823956050165625
23.832,-8.156751776262764e-05,6.206190693213101e-06,-0.3226756209826366
23.842,-8.176666711557984e-05,6.164375999833943e-06,-0.32577503675489294
23.852,-8.181066669770388e-05,6.122843036209714e-06,-0.3275034603930296
23.862,-8.169619170042585e-05,6.0815899041642805e-06,-0.3278285402886584
23.872,-8.142045447558565e-05,6.040614718310551e-06,-0.32672198475306247
23.882,-8.098142122879278e-05,5.9999156059643806e-06,-0.3241616219347444
23.892,-8.037804808522147e-05,5.959490707059042e-06,-0.3201336600509396
23.902,-7.96104799407022e-05,5.919338174060069e-06,-0.31463460492661544
23.912,-7.86802141330614e-05,5.879456171880986e-06,-0.30767285395301186
23.922,-7.759026451410246e-05,5.839842877799291e-06,-0.29927030806950605
23.932,-7.634531679598781e-05,5.80049648137324e-06,-0.2894639130557166
23.942,-7.495185354443144e-05,5.761415184359061e-06,-0.2783069231873823
23.952,-7.341820281596168e-05,5.7225972006288306e-06,-0.2658694449153992
23.962,-7.175455011042425e-05,5.684040756088797e-06,-0.25223863877995084
23.972,-6.997291344098313e-05,5.645744088598269e-06,-0.23751857701772766
23.982,-6.80870488305883e-05,5.607705447889134e-06,-0.22182944158597706
23.992,-6.611230683596373e-05,5.569923095485824e-06,-0.20530625861276147
24.002,-6.406548926681012e-05,5.532395304625948e-06,-0.18809764149515817
24.012,-6.196468479740847e-05,5.495120360181232e-06,-0.1703643376288927
24.022,-5.9829007346115916e-05,5.458096558579291e-06,-0.1522768426569267
24.032,-5.767828084632241e-05,5.421322207725631e-06,-0.13401249931274883
24.042,-5.5532760090739545e-05,5.384795626926381e-06,-0.11575294555092325
24.052,-5.3412844835015716e-05,5.348515146811528e-06,-0.0976814981382223
24.062,-5.133883581416579e-05,5.312479109258498e-06,-0.07998093999771122
24.072,-4.933069476790436e-05,5.2766858673165204e-06,-0.06283134417955916
24.082,-4.7407739466101296e-05,5.241133785131228e-06,-0.046407265717402
24.092,-4.558841743708617e-05,5.205821237869967e-06,-0.030875687711189648
24.102,-4.3890164461070564e-05,5.170746611647505e-06,-0.016394779817627547
24.112,-4.232925936914898e-05,5.135908303452339e-06,-0.0031126134783397985
24.122,-4.092074567607206e-05,5.101304721073309e-06,0.008833484985818207
24.132,-3.9678390907343545e-05,5.066934283026977e-06,0.019317227002899673
24.142,-3.861463318846731e-05,5.032795418485213e-06,0.028223790574516572
24.152,-3.774056865598417e-05,4.99888656720347e-06,0.035449868515317506
24.162,-3.7065962772567126e-05,4.965206179449518e-06,0.04090350097061196
24.172,-3.659931896235935e-05,4.931752715932503e-06,0.044503368976238245
24.182,-3.63479293157387e-05,4.89852464773273e-06,0.046178278525869754
24.192,-3.6317900631957614e-05,4.865520456231669e-06,0.04586690278411776
24.202,-3.651418488532658e-05,4.832738633042601e-06,0.04351750197957427
24.212,-3.694057637346727e-05,4.80017767994173e-06,0.039087987603424135
24.222,-3.7599695833293305e-05,4.76783610879959e-06,0.032546134802662274
24.232,-3.849302196710808e-05,4.735712441513176e-06,0.023869354919696106
24.242,-3.962085940651311e-05,4.703805209938261e-06,0.013045104927569884
24.252,-4.098219532963304e-05,4.672112955822376e-06,7.239824826499319e-05
24.262,-4.257459319813401e-05,4.640634230738122e-06,-0.015037025829817585
24.272,-4.439405935454958e-05,4.609367596017041e-06,-0.03225725066943991
24.282,-4.643492136923336e-05,4.578311622683753e-06,-0.051546828498806596
24.292,-4.868971697742159e-05,4.547464891390776e-06,-0.07284751609682039
24.302,-5.1149017523786304e-05,4.5168259923535405e-06,-0.09608236374453077
24.312,-5.380125537872763e-05,4.4863935252860134e-06,-0.12115383557524656
24.322,-5.6632583427860584e-05,4.456166099336746e-06,-0.14794223673202955
24.332,-5.962677292301624e-05,4.426142333025193e-06,-0.17630451302641648
24.342,-6.276517207175512e-05,4.396320854178709e-06,-0.20607364384068255
24.352,-6.602669436671488e-05,4.366700299869719e-06,-0.23705832968922047
24.362,-6.938781634026643e-05,4.337279316353495e-06,-0.26904278082264177
24.372,-7.282263635612914e-05,4.308056559006253e-06,-0.3017871123509266
24.382,-7.630297029322819e-05,4.279030692263751e-06,-0.335028113687332
24.392,-7.979852626708464e-05,4.250200389560211e-06,-0.3684808065930464
24.402,-8.327717017327687e-05,4.221564333267667e-06,-0.40184091046130666
24.412,-8.670523429541075e-05,4.193121214635788e-06,-0.43478775028331523
24.422,-9.004790167213596e-05,4.164869733732038e-06,-0.4669879290534916
24.432,-9.326959630766922e-05,4.136808599382319e-06,-0.4980990832377491
24.442,-9.63343796620022e-05,4.1089365291118604e-06,-0.5277737251614865
24.452,-9.920641882290275e-05,4.081252249086728e-06,-0.5556638129668735
24.462,-0.00010185050268098354,4.053754494055494e-06,-0.5814258169639243
24.472,-0.00010423261396231163,4.026442007291464e-06,-0.6047263589563288
24.482,-0.00010632049332952474,3.999313540535279e-06,-0.6252478012163158
24.492,-0.00010808416758903905,3.972367853937769e-06,-0.6426935092345999
24.502,-0.0001094964625251311,3.9456037160034e-06,-0.656792986811591
24.512,-0.00011053346574005685,3.919019903533895e-06,-0.6673065433715104
24.522,-0.00011117497834534537,3.892615201572381e-06,-0.6740298696162564
24.532,-0.00011140492691652602,3.866388403347841e-06,-0.6767982405668606
24.542,-0.00011121171478253075,3.840338310219997e-06,-0.6754901384364165
24.552,-0.00011058854038499124,3.8144637316245067e-06,-0.6700305633075135
24.562,-0.000109533602705493,3.7887634850185158e-06,-0.6603932453375219
24.572,-0.00010805018376488403,3.763236395826661e-06,-0.6466016547684553
24.582,-0.00010614665173640914,3.7378812973873597e-06,-0.6287292324725857
24.592,-0.00010383640259937346,3.71269703089954e-06,-0.6068990137066597
24.602,-0.00010113774195749683,3.6876824453695914e-06,-0.5812826575954082
24.612,-9.807367961262104e-05,3.6628363975588644e-06,-0.5520986115883826
24.622,-9.467162322823958e-05,3.638157751931329e-06,-0.5196092732387523
24.632,-9.096297358147628e-05,3.6136453806017194e-06,-0.4841171699960055
24.642,-8.69826444823186e-05,3.5892981632840227e-06,-0.44596038047421305
24.652,-8.276849875472089e-05,3.5651149872401887e-06,-0.4055071092152521
24.662,-7.836076717153488e-05,3.541094747229377e-06,-0.3631500708216191
24.672,-7.380147768418753e-05,3.5172363454573563e-06,-0.31930095149938026
24.682,-6.913381696559091e-05,3.4935386915263826e-06,-0.2743841805525707
24.692,-6.440148265172564e-05,3.4700007023853378e-06,-0.22883058514035726
24.702,-5.964802046610129e-05,3.446621302280271e-06,-0.18307087117578436
24.712,-5.49161325953668e-05,3.4233994227052192e-06,-0.1375287960615994
24.722,-5.024701510770923e-05,3.400334002353288e-06,-0.09261460189130755
24.732,-4.5679776152282765e-05,3.377423987068306e-06,-0.04871922075280577
24.742,-4.125092715584147e-05,3.3546683297965024e-06,-0.006209177749075312
24.752,-3.6993909830000324e-05,3.3320659905387573e-06,0.034578173390014566
24.762,-3.293865130798152e-05,3.3096159363029937e-06,0.0733391545391957
24.772,-2.911118413828051e-05,3.287317141057009e-06,0.10980764304059265
24.782,-2.553334063790772e-05,3.2651685856815616e-06,0.14375823070330712
24.792,-2.2222558508631397e-05,3.243169257923828e-06,0.17500829382138564
24.802,-1.9191777484121544e-05,3.221318152351117e-06,0.20341917143106386
24.812,-1.644941224044903e-05,3.1996142703048964e-06,0.22889659460148767
24.822,-1.3999438155849926e-05,3.1780566198551844e-06,0.2513900023736423
24.832,-1.1841496889857612e-05,3.156644215755193e-06,0.2708916590726357
24.842,-9.971066789198199e-06,3.135376079396345e-06,0.28743512602643595
24.852,-8.379733082140004e-06,3.114251238763472e-06,0.30109273996191976
24.862,-7.055523324353639e-06,3.093268728390475e-06,0.3119724365937999
24.872,-5.9833238828491835e-06,3.0724275893161267e-06,0.3202137615807423
24.882,-5.145334916283582e-06,3.0517268690402763e-06,0.325983487642842
24.892,-4.52156694164972e-06,3.0311656214803473e-06,0.3294708060825935
24.902,-4.0903405260552124e-06,3.0107429069280278e-06,0.3308824700984199
24.912,-3.828765320999978e-06,2.990457792006406e-06,0.33043812511053194
24.922,-3.713243612113958e-06,2.9703093496272356e-06,0.32836538098294904
24.932,-3.719969523862136e-06,2.950296658948613e-06,0.32489491079155064
24.942,-3.825448602317563e-06,2.930418805332867e-06,0.3202553329580356
24.952,-4.007014965555912e-06,2.9106748803047903e-06,0.3146681031018573
24.962,-4.2432918086588e-06,2.891063981510098e-06,0.3083429512706321
24.972,-4.514578762954613e-06,2.8715852126741657e-06,0.3014740285614431
24.982,-4.803200127693173e-06,2.852237683561101e-06,0.2942364304854769
24.992,-5.093814343609866e-06,2.8330205099330343e-06,0.28678309484348385
25.002,-5.37382852106922e-06,2.813932813509748e-06,0.27924065092166683
25.012,-5.636217469894684e-06,2.794973721928465e-06,0.27168145390162124
25.022,-5.874935072953317e-06,2.7761423687040626e-06,0.26416894352302894
25.032,-6.085986964291564e-06,2.757437893189396e-06,0.2567469774344185
25.042,-6.2683949703665545e-06,2.7388594405360003e-06,0.24943022561302314
25.052,-6.4241212735392165e-06,2.720406161655047e-06,0.2422048627777754
25.062,-6.55798401409739e-06,2.702077213178471e-06,0.2350293482229849
25.072,-6.677514940987058e-06,2.683871757420504e-06,0.22783578308178523
25.082,-6.79277449429171e-06,2.6657889623393218e-06,0.2205316930060255
25.092,-6.916074236622423e-06,2.6478280014990567e-06,0.21300273418391058
25.102,-7.061654393344409e-06,2.629988054032007e-06,0.2051158508518096
25.112,-7.245320466905578e-06,2.612268304601161e-06,0.19672284537461865
25.122,-7.484048057503274e-06,2.594667943362863e-06,0.18766427134809274
25.132,-7.795594710590021e-06,2.577186165929883e-06,0.1777732648871379
25.142,-8.198054336519339e-06,2.559822173334582e-06,0.16687995231741193
25.152,-8.709418823363443e-06,2.54257517199243e-06,0.1548157923404033
25.162,-9.347138171439368e-06,2.5254443736657593e-06,0.14141793825346516
25.172,-1.0127642537492715e-05,2.508428995427682e-06,0.1265339831427348
25.182,-1.1065890150154694e-05,2.4915282596263736e-06,0.11002645247926618
25.192,-1.2174946026918799e-05,2.474741393849475e-06,0.09177699435995158
25.202,-1.3465638236238647e-05,2.4580676308888153e-06,0.07168980207968964
25.212,-1.4946219209224478e-05,2.441506208705374e-06,0.04969498752861137
25.222,-1.6622020132580164e-05,2.4250563703943923e-06,0.025752022221793763
25.232,-1.8495181079173566e-05,2.408717364150854e-06,-0.00014757686272473536
25.242,-2.0564451486691066e-05,2.3924884432350576e-06,-0.02797826329818376
25.252,-2.2825066297007705e-05,2.3763688659385306e-06,-0.05767923338443273
25.262,-2.526869420351263e-05,2.360357895550109e-06,-0.08915392026762614
25.272,-2.788344319244981e-05,2.3444548003223038e-06,-0.12227006284597652
25.282,-3.0653921712112944e-05,2.3286588534377974e-06,-0.15686033418962458
25.292,-3.356135630821046e-05,2.312969332976294e-06,-0.19272353917662538
25.302,-3.658376250545355e-05,2.297385521881467e-06,-0.22962634895893605
25.312,-3.969615085232974e-05,2.281906707928214e-06,-0.26730539310279205
25.322,-4.287080635750421e-05,2.2665321836901275e-06,-0.3054700908195446
25.332,-4.6077656950655875e-05,2.2512612465071095e-06,-0.34380637441799616
25.342,-4.928468764552269e-05,2.2360931984533203e-06,-0.38198087441917883
25.352,-5.245838037363606e-05,2.2210273463052265e-06,-0.4196453668765307
25.362,-5.556410422327801e-05,2.2060630015099506e-06,-0.45644073107700767
25.372,-5.856652930611201e-05,2.191199480153784e-06,-0.4920011475452626
25.382,-6.143011232957269e-05,2.176436102930959e-06,-0.5259590153207626
25.392,-6.411954356997296e-05,2.1617721951125802e-06,-0.5579494883275116
25.402,-6.660020842296676e-05,2.1472070865157766e-06,-0.587615158044166
25.412,-6.883868091398955e-05,2.1327401114730944e-06,-0.6146110545753898
25.422,-7.080314444969424e-05,2.1183706088020585e-06,-0.6386089219163801
25.432,-7.246374592597655e-05,2.1040979217749846e-06,-0.6593008268027684
25.442,-7.379297809760867e-05,2.089921398088912e-06,-0.6764030475816926
25.452,-7.476605016020719e-05,2.075840389835853e-06,-0.6896598433148743
25.462,-7.536121597737861e-05,2.0618542534731264e-06,-0.6988467960569913
25.472,-7.55600883170526e-05,2.0479623497939725e-06,-0.7037740071201014
25.482,-7.534786117863274e-05,2.0341640438983564e-06,-0.7042883696298502
25.492,-7.471345232126561e-05,2.020458705163904e-06,-0.7002750382350459
25.502,-7.364966486933267e-05,2.0068457072171376e-06,-0.691659082169143
25.512,-7.215329942853653e-05,1.9933244279047966e-06,-0.6784066382467493
25.522,-7.022522662708479e-05,1.979894249265435e-06,-0.6605256621879255
25.532,-6.787044369934374e-05,1.9665545575011625e-06,-0.6380665119889195
25.542,-6.509801858133426e-05,1.9533047429496155e-06,-0.6111213990239267
25.552,-6.192098938053161e-05,1.9401442000560754e-06,-0.5798233859277087
25.562,-5.8356240208118826e-05,1.9270723273457832e-06,-0.5443451417810593
25.572,-5.442435268452367e-05,1.9140885273964707e-06,-0.5048974481909558
25.582,-5.014943657774326e-05,1.9011922068110408e-06,-0.4617274918351071
25.592,-4.555888692077116e-05,1.888382776190476e-06,-0.41511641709705843
25.602,-4.068311984126464e-05,1.8756596501068543e-06,-0.36537666039265665
25.612,-3.555526770461333e-05,1.863022247076646e-06,-0.31284887310945003
25.622,-3.0210829613239675e-05,1.8504699895340922e-06,-0.257898394518538
25.632,-2.4687340909666886e-05,1.8380023038048287e-06,-0.20091191170420442
25.642,-1.90240550322539e-05,1.8256186200796869e-06,-0.14229424064195362
25.652,-1.3261579296515577e-05,1.8133183723886048e-06,-0.0824646444047466
25.662,-7.441462364552527e-06,1.8011009985748142e-06,-0.021852665396791746
25.672,-1.605843473981587e-06,1.7889659402691033e-06,0.03910542737953493
25.682,4.202911303414212e-06,1.7769126428643215e-06,0.09997032312736984
25.692,9.942589465217449e-06,1.764940555490022e-06,0.16030352431349193
25.702,1.557147186597997e-05,1.7530491309873026e-06,0.21967079922990576
25.712,2.1048680437370693e-05,1.7412378258837864e-06,0.27764571792610404
25.722,2.633454057450425e-05,1.7295061003687723e-06,0.3338133402473926
25.732,3.139092048729474e-05,1.7178534182685813e-06,0.3877736789840428
25.742,3.618153790614664e-05,1.7062792470220411e-06,0.4391448420119818
25.752,4.067225084308215e-05,1.6947830576561696e-06,0.4875660224448852
25.762,4.483133788342746e-05,1.683364324761957e-06,0.5327003921679658
25.772,4.862975805805552e-05,1.6720225264704019e-06,0.5742377992695848
25.782,5.2041385299761455e-05,1.660757144428618e-06,0.6118972187681644
25.792,5.5043252735486844e-05,1.6495676637761619e-06,0.6454293088121581
25.802,5.761576291946692e-05,1.6384535731215207e-06,0.6746186324562482
25.812,5.974285451510391e-05,1.6274143645186974e-06,0.699285448753998
25.822,6.141214788272403e-05,1.616449533444045e-06,0.7192872985761027
25.832,6.261502823178233e-05,1.6055585787731655e-06,0.7345199696051898
25.842,6.3346718315095e-05,1.5947410027580318e-06,0.7449183574804534
25.852,6.360633510556636e-05,1.5839963110042278e-06,0.7504571649054063
25.862,6.339691104504893e-05,1.5733240124483745e-06,0.7511512419682331
25.872,6.272531725958212e-05,1.5627236193356481e-06,0.7470549381151719
25.882,6.16021811859566e-05,1.5521946471975343e-06,0.7382613904472746
25.892,6.004179773261487e-05,1.5417366148296453e-06,0.7249017377171273
25.902,5.806193163324162e-05,1.531349044269746e-06,0.7071432314903063
25.912,5.568364182787552e-05,1.521031460775925e-06,0.6851875533512934
25.922,5.2931044511345603e-05,1.5107833928048614e-06,0.6592684996678004
25.932,4.983102017250718e-05,1.5006043719903134e-06,0.6296490854411492
25.942,4.641291456807976e-05,1.4904939331216787e-06,0.5966185676608078
25.952,4.27082227570664e-05,1.4804516141227474e-06,0.5604892797190735
25.962,3.87502750937408e-05,1.4704769560305997e-06,0.5215934668414208
25.972,3.457393900780585e-05,1.4605695029745935e-06,0.4802802606138041
25.982,3.0215318299414652e-05,1.4507288021555714e-06,0.4369126096585275
25.992,2.5711411298994793e-05,1.4409544038251299e-06,0.39186378029294366
26.002,2.1099792890236387e-05,1.4312458612650857e-06,0.3455140807098296
26.012,1.641829323039849e-05,1.4216027307670491e-06,0.298247537384475
26.022,1.170468479633999e-05,1.4120245716121656e-06,0.25044864387737453
26.032,6.996455778953911e-06,1.4025109460509376e-06,0.20249996796441094
26.042,2.330615289936283e-06,1.3930614192832594e-06,0.1547800724314503
26.052,-2.256550441442982e-06,1.3836755594385095e-06,0.10766094098268998
26.062,-6.729696999711605e-06,1.374352937555829e-06,0.06150565273784464
26.072,-1.1054608057077867e-05,1.3650931275645303e-06,0.016666385130541916
26.082,-1.5198388006157327e-05,1.3558957062645912e-06,-0.02651764376962798
26.092,-1.9129619289470073e-05,1.346760253307352e-06,-0.06772187280245909
26.102,-2.2818545499566983e-05,1.3376863511762695e-06,-0.10663834643174619
26.112,-2.6237231406655393e-05,1.328673585167857e-06,-0.1429774215108738
26.122,-2.935970956607491e-05,1.3197215433727192e-06,-0.17646932960512515
26.132,-3.2162178110612706e-05,1.3108298166567423e-06,-0.2068662432918981
26.142,-3.462317529529603e-05,1.3019979986423848e-06,-0.2339440978287535
26.152,-3.672377256237782e-05,1.2932256856900969e-06,-0.25750458809877463
26.162,-3.8447779706568265e-05,1.2845124768798856e-06,-0.27737727527407186
26.172,-3.97818943409767e-05,1.2758579739929846e-06,-0.2934211224396922
26.182,-4.071584869459296e-05,1.267261781493669e-06,-0.3055259933226625
26.192,-4.1242569668290604e-05,1.258723506511151e-06,-0.31361427484971777
26.202,-4.1358339828435e-05,1.2502427588216556e-06,-0.3176424997474778
26.212,-4.106292717277708e-05,1.2418191508305602e-06,-0.31760264692448714
26.222,-4.0359688213021874e-05,1.2334522975546893e-06,-0.3135231665170757
26.232,-3.9255635294134386e-05,1.2251418166047354e-06,-0.3054696379745143
26.242,-3.776140809572782e-05,1.2168873281677514e-06,-0.2935444583745915
26.252,-3.5891206984822564e-05,1.2086884549898266e-06,-0.27788614278645496
26.262,-3.366273964202515e-05,1.2005448223588154e-06,-0.2586687544488528
26.272,-3.109709957928479e-05,1.1924560580872282e-06,-0.2361006467527017
26.282,-2.8218604099370238e-05,1.1844217924952135e-06,-0.2104227940737301
26.292,-2.505459291803915e-05,1.1764416583936755e-06,-0.1819067235929655
26.302,-2.1635147918194612e-05,1.1685152910674878e-06,-0.150851651945876
26.312,-1.7992768277710886e-05,1.1606423282587942e-06,-0.11758117354722039
26.322,-1.4162029506804814e-05,1.15282241015051e-06,-0.08243978818988257
26.332,-1.0179227278850334e-05,1.145055179349824e-06,-0.04578927629127159
26.342,-6.082004581971494e-06,1.1373402808719043e-06,-0.008004907973723746
26.352,-1.9089689126019615e-06,1.1296773621236442e-06,0.030528446095992097
26.362,2.300692357552422e-06,1.1220660728875645e-06,0.06942021940499005
26.372,6.507635619447643e-06,1.1145060653058e-06,0.10827844217647793
26.382,1.0672784810243521e-05,1.1069969938642128e-06,0.14671402949430745
26.392,1.4757726563095937e-05,1.0995385153765933e-06,0.1843447738744226
26.402,1.8725078342974883e-05,1.0921302889689679e-06,0.2207990592822937
26.412,2.2538845982165837e-05,1.0847719760640314e-06,0.2557194623252315
26.422,2.6164755332834e-05,1.0774632403656668e-06,0.2887660854519942
26.432,2.9570569524523546e-05,1.070203747843589e-06,0.3196197375787606
26.442,3.27264656417365e-05,1.0629931667180531e-06,0.3479857047937449
26.452,3.560533951679193e-05,1.055831167444721e-06,0.37359678905120297
26.462,3.8183041464054856e-05,1.0487174226995746e-06,0.3962156448991503
26.472,4.0438631076030634e-05,1.0416516073639656e-06,0.4156373018847639
26.482,4.235460644666983e-05,1.0346333985097707e-06,0.43169142392061893
26.492,4.391711625459794e-05,1.0276624753846038e-06,0.44424439165132673
26.502,4.5116179208609154e-05,1.0207385193971887e-06,0.4532014547312647
26.512,4.594587994758212e-05,1.0138612141027708e-06,0.45850864381770606
26.522,4.640447822168892e-05,1.0070302451886713e-06,0.46015380713263043
26.532,4.649448221256914e-05,1.0002453004599137e-06,0.45816728625035846
26.542,4.6222715153973535e-05,9.93506069824966e-07,0.4526225265028085
26.552,4.5600342391860494e-05,9.868122452815631e-07,0.44363629080719597
26.562,4.464287289492286e-05,9.801635209026211e-07,0.43136861789194986
26.572,4.33700956666102e-05,9.735595928222677e-07,0.4160221271322363
26.582,4.180591755613552e-05,9.670001592219475e-07,0.39784033521758533
26.592,3.997813313940703e-05,9.604849203166403e-07,0.37710529469936266
26.602,3.791817138663379e-05,9.540135783411385e-07,0.35413500364961187
26.612,3.5660801995742516e-05,9.475858375364635e-07,0.3292804141891988
26.622,3.324376869101364e-05,9.412014041363258e-07,0.30292171123055783
26.632,3.070735611565215e-05,9.348599863537098e-07,0.2754639278758091
26.642,2.8093838619815765e-05,9.285612943675466e-07,0.24733137678588557
26.652,2.5446887281115158e-05,9.223050403094472e-07,0.21896166768315292
26.662,2.2810974178848653e-05,9.160909382505707e-07,0.19079970494715948
26.672,2.0230730100994515e-05,9.099187041885347e-07,0.16329122274956281
26.682,1.7750308251019244e-05,9.037880560344478e-07,0.13687638729235518
26.692,1.5412705472923373e-05,8.976987136000116e-07,0.11198297834932153
26.702,1.3259079400255525e-05,8.916503985847245e-07,0.08901953727008188
26.712,1.1328080394574472e-05,8.856428345631562e-07,0.0683686713753459
26.722,9.655183107633617e-06,8.79675746972308e-07,0.05038036266259681
26.732,8.272098383817076e-06,8.737488630990737e-07,0.03536609394298155
26.742,7.206269988414924e-06,8.678619120677703e-07,0.02359383663583793
26.752,6.480421300535913e-06,8.620146248277695e-07,0.015283550017547609
26.762,6.112160000247167e-06,8.562067341411807e-07,0.010603272142875084
26.772,6.113651843266024e-06,8.504379745706614e-07,0.009665913388568564
26.782,6.4913807636034974e-06,8.447080824672651e-07,0.012526925456807031
26.792,7.246027491094394e-06,8.390167959584002e-07,0.019183169565456945
26.802,8.372518233115526e-06,8.333638549358713e-07,0.029573505270260113
26.812,9.86015648063687e-06,8.277490010439703e-07,0.043580221493614166
26.822,1.169281177530588e-05,8.221719776676927e-07,0.06103104395508495
26.832,1.3849231634136753e-05,8.166325299209887e-07,0.08170238588770226
26.842,1.630339226196695e-05,8.111304046351259e-07,0.1053229883363197
26.852,1.9024961072953723e-05,8.056653503471133e-07,0.1315786862945541
26.862,2.1979851999022915e-05,8.002371172882202e-07,0.16011810825544642
26.872,2.513081530492714e-05,7.948454573725402e-07,0.1905587201405769
26.882,2.8438072506510874e-05,7.894901241856769e-07,0.2224933198718095
26.892,3.1859977439624594e-05,7.841708729734612e-07,0.25549678931355146
26.902,3.535370811575181e-05,7.788874606307747e-07,0.2891331485380148
26.912,3.887592981094895e-05,7.736396456904469e-07,0.3229623101368382
26.922,4.238351340846554e-05,7.684271883121998e-07,0.3565473807607362
26.932,4.583420092316723e-05,7.632498502717094e-07,0.38946141766299586
26.942,4.9187197691957926e-05,7.581073949496981e-07,0.4212934339862897
26.952,5.2403758664936286e-05,7.529995873211295e-07,0.45165433276403516
26.962,5.544769952837362e-05,7.479261939444744e-07,0.4801820682466648
26.972,5.8285887478207394e-05,7.428869829510236e-07,0.5065465870875169
26.982,6.088868779519812e-05,7.378817240343121e-07,0.5304543080028791
26.992,6.323032844087937e-05,7.329101884395743e-07,0.5516517599370514
27.002,6.528921129668729e-05,7.279721489533009e-07,0.569928668107005
27.012,6.704811433257417e-05,7.230673798928484e-07,0.5851199253132886
27.022,6.849429798560581e-05,7.181956570961353e-07,0.5971065832181408
27.032,6.961960141764804e-05,7.133567579113796e-07,0.6058167294938139
27.042,7.042049342267877e-05,7.085504611869429e-07,0.6112258962350006
27.052,7.089809205288594e-05,7.037765472612062e-07,0.6133571434138714
27.062,7.105809492327365e-05,6.990347979525372e-07,0.612280232676667
27.072,7.091059723325171e-05,6.943249965493269e-07,0.6081096620009674
27.082,7.046983712511655e-05,6.89646927800068e-07,0.6010019638818291
27.092,6.975388828268448e-05,6.850003779035369e-07,0.5911524695912006
27.102,6.878437358807845e-05,6.803851344990046e-07,0.5787922872205525
27.112,6.758614541722049e-05,6.758009866565419e-07,0.5641849455996936
27.122,6.618690098049397e-05,6.71247724867374e-07,0.5476223872236741
27.132,6.461675835454017e-05,6.667251410343123e-07,0.5294205715189233
27.142,6.290774675088743e-05,6.622330284622395e-07,0.5099142202928055
27.152,6.109325614300266e-05,6.577711818486578e-07,0.4894511638193459
27.162,5.920752669451822e-05,6.533393972743137e-07,0.4683871023592
27.172,5.728511032009379e-05,6.489374721938728e-07,0.4470800980382884
27.182,5.5360337259285507e-05,6.44565205426673e-07,0.4258851299681835
27.192,5.346682655230832e-05,6.40222397147513e-07,0.4051491066375807
27.202,5.1636963452370704e-05,6.359088488775389e-07,0.385205557471136
27.212,4.990137352020585e-05,6.316243634751564e-07,0.3663693044147197
27.222,4.828845971694925e-05,6.273687451270282e-07,0.3489317831545949
27.232,4.682401448970777e-05,6.231417993391314e-07,0.33315713385022705
27.242,4.553085114939045e-05,6.189433329278527e-07,0.31927849598159064
27.252,4.442848366136004e-05,6.147731540111775e-07,0.30749480025124365
27.262,4.3532887699326145e-05,6.106310719999043e-07,0.2979683888783777
27.272,4.285631139265501e-05,6.065168975889437e-07,0.2908231437881228
27.282,4.240719965929718e-05,6.024304427486618e-07,0.286143768334108
27.292,4.2190202410560915e-05,5.983715207162932e-07,0.28397591978981485
27.302,4.220622742764506e-05,5.943399459874014e-07,0.28432679340833716
27.312,4.245257470222619e-05,5.903355343073961e-07,0.2871665294956528
27.322,4.292310095246887e-05,5.863581026631188e-07,0.29242992257220424
27.332,4.36084348267029e-05,5.824074692744743e-07,0.300018639781316
27.342,4.4496292208035806e-05,5.784834535861314e-07,0.3098044495759244
27.352,4.557184591379832e-05,5.745858762592559e-07,0.321632996728268
27.362,4.681810572264495e-05,5.707145591633314e-07,0.33532767688345466
27.372,4.8216307930966276e-05,5.668693253680038e-07,0.3506936020837971
27.382,4.974630278827691e-05,5.630499991350004e-07,0.36752153909727125
27.392,5.138697855865392e-05,5.592564059101056e-07,0.3855922143175958
27.402,5.311670132257751e-05,5.55488372315168e-07,0.4046807744791697
27.412,5.491370456725498e-05,5.51745726140193e-07,0.4245607363089028
27.422,5.6756476288646527e-05,5.480282963354584e-07,0.44500790918961264
27.432,5.862410785467475e-05,5.44335913003705e-07,0.4658039291205194
27.442,6.0496583680113084e-05,5.406684073923671e-07,0.4867391920356615
27.452,6.235504828782117e-05,5.370256118858671e-07,0.5076155574442648
27.462,6.418206526716676e-05,5.334073599979498e-07,0.5282489705541067
27.472,6.596184034145437e-05,5.29813486364071e-07,0.5484717223609643
27.482,6.768035909496581e-05,5.262438267338441e-07,0.5681338479410388
27.492,6.932549837908818e-05,5.22698217963531e-07,0.587104261296412
27.502,7.088711468922909e-05,5.191764980085926e-07,0.6052683463645261
27.512,7.235706788878525e-05,5.156785059162702e-07,0.6224752637257032
27.522,7.372921411483667e-05,5.122040818182441e-07,0.6386344436336422
27.532,7.499933984059904e-05,5.087530669233145e-07,0.6536953380230249
27.542,7.616506138524124e-05,5.053253035101496e-07,0.6676265354577943
27.552,7.722569672360404e-05,5.019206349200826e-07,0.6804144566944874
27.562,7.818209137639467e-05,4.985389055499399e-07,0.6920615770366514
27.572,7.903642738969351e-05,4.951799608449433e-07,0.7025844697450142
27.582,7.979202258873885e-05,4.918436472916341e-07,0.7120117445574515
27.592,8.045308918995243e-05,4.885298124108644e-07,0.7203815691259822
27.602,8.102445792545522e-05,4.852383047508248e-07,0.7277388371488624
27.612,8.151128338322638e-05,4.81968973880129e-07,0.7341321439026564
27.622,8.191873183283516e-05,4.787216703809274e-07,0.7396105836652719
27.632,8.225168941120242e-05,4.7549624584209144e-07,0.744220753153511
27.642,8.251446568082501e-05,4.7229255285241933e-07,0.7480037095017044
27.652,8.271050626772815e-05,4.6911044499390324e-07,0.7509920231333953
27.662,8.284212682224923e-05,4.6594977683504367e-07,0.7532070499031873
27.672,8.291025521978503e-05,4.6281040392419006e-07,0.7546562928021285
27.682,8.291421464846991e-05,4.5969218278295293e-07,0.7553311855627931
27.692,8.285155211327404e-05,4.565949708996346e-07,0.7552053444342738
27.702,8.271786945614245e-05,4.5351862672272117e-07,0.7542328532366313
27.712,8.250670788450973e-05,4.5046300965441785e-07,0.7523470980325163
27.722,8.220953472287213e-05,4.4742798004421216e-07,0.7494606467932795
27.732,8.181577984527278e-05,4.444133991825041e-07,0.7454656417633538
27.742,8.131291872653023e-05,4.414191292942555e-07,0.7402346722121422
27.752,8.068662485850837e-05,4.3844503353270023e-07,0.7336223571787286
27.762,7.992095754541989e-05,4.35490975973086e-07,0.7254672921447598
27.772,7.899855493852991e-05,4.325568216064689e-07,0.7155940521471839
27.782,7.790089321879997e-05,4.296424363335321e-07,0.7038158678046386
27.792,7.660863154109382e-05,4.267476869584696e-07,0.6899381721704262
27.802,7.51019741544059e-05,4.238724411828878e-07,0.6737623214060007
27.812,7.33611042275755e-05,4.2101656759976405e-07,0.6550900405283475
27.822,7.136663288410266e-05,4.1817993568744504e-07,0.6337280197868909
27.832,6.909998513944917e-05,4.153624158036713e-07,0.609491865549062
27.842,6.654379757533934e-05,4.1256387917966434e-07,0.5822101620837262
27.852,6.368230144033934e-05,4.097841979142308e-07,0.5517283755404732
27.862,6.0501687732374815e-05,4.0702324496792293e-07,0.5179125656822988
27.872,5.699049480930576e-05,4.0428089415722983e-07,0.48065331702046793
27.882,5.313999721699627e-05,4.015570201488162e-07,0.43986967127313203
27.892,4.8944509273209796e-05,3.988514984537855e-07,0.395512183739593
27.902,4.440160928757879e-05,3.961642054219948e-07,0.3475651632223919
27.912,3.9512309101274535e-05,3.9349501823640785e-07,0.29604834546717845
27.922,3.428113885211171e-05,3.9084381490747234e-07,0.2410176958176362
27.932,2.871622626367281e-05,3.882104742675554e-07,0.18256614687741252
27.942,2.2829395941317528e-05,3.855948759653966e-07,0.12082453032160044
27.952,1.6636203984857646e-05,3.829969004606113e-07,0.05596184452327044
27.962,1.0155851181917566e-05,3.804164290182317e-07,-0.011815716354625708
27.972,3.4109904285913777e-06,3.778533437032706e-07,-0.08226681285128537
27.982,-3.572474039913577e-06,3.753075273753427e-07,-0.15511709902444504
27.992,-1.0765599663134994e-05,3.727788636833006e-07,-0.23006148821420735
28.002,-1.813664007205962e-05,3.7026723705992364e-07,-0.30676663886568056
28.012,-2.5651276086639135e-05,3.677725327166327e-07,-0.3848734053772315
28.022,-3.32729029068858e-05,3.652946366382497e-07,-0.46399985787710735
28.032,-4.0962990228257456e-05,3.6283343557777747e-07,-0.5437450406180472
28.042,-4.868145419656414e-05,3.603888170512346e-07,-0.6236928477625772
28.052,-5.638700460458096e-05,3.5796066933250517e-07,-0.7034156432804632
28.062,-6.403749356000637e-05,3.5554888144823686e-07,-0.7824778908727309
28.072,-7.15902427751833e-05,3.5315334317277276e-07,-0.8604395604273705
28.082,-7.900235029094827e-05,3.507739450231048e-07,-0.9368593179735453
28.092,-8.62310279384551e-05,3.4841057825388025e-07,-1.011298018781078
28.102,-9.323394588597425e-05,3.460631348524229e-07,-1.0833222626660437
28.112,-9.99695240323886e-05,3.437315075338017e-07,-1.1525074001405589
28.122,-0.00010639721065815275,3.414155897359247e-07,-1.218440397580892
28.132,-0.0001124777620468911,3.391152756146733e-07,-1.2807226995017442
28.142,-0.00011817347839611155,3.3683046003906125e-07,-1.3389726351362947
28.152,-0.00012344844861104213,3.3456103858642855e-07,-1.3928279025043138
28.162,-0.00012826880189196539,3.323069075376721e-07,-1.4419481070954088
28.172,-0.00013260290105521972,3.300679638725032e-07,-1.486016696090145
28.182,-0.00013642155012915264,3.278441052647436e-07,-1.5247430252074592
28.192,-0.00013969824603912227,3.256352300776415e-07,-1.5578648597397924
28.202,-0.000142409411421591,3.234412373592347e-07,-1.5851506716950234
28.212,-0.0001445346020916245,3.212620268377297e-07,-1.6064016680212418
28.222,-0.00014605672213557441,3.190974989169219e-07,-1.6214538849181188
28.232,-0.00014696218769493972,3.169475546716472e-07,-1.6301797514399243
28.242,-0.0001472411114568713,3.1481209584325304e-07,-1.6324898551220945
28.252,-0.00014688754296741355,3.126910248351167e-07,-1.6283352683671075
28.262,-0.00014589963578352815,3.10584244708177e-07,-1.617709127600898
28.272,-0.00014427984559335356,3.0849165917650813e-07,-1.600648522870256
28.282,-0.00014203507869372563,3.064131726029175e-07,-1.5772358820463224
28.292,-0.00013917673316327835,3.0434868999457736e-07,-1.54759926564611
28.302,-0.00013572072805848894,3.0229811699868175e-07,-1.5119125412986432
28.312,-0.00013168748536704795,3.002613598981318e-07,-1.4703950820302585
28.322,-0.00012710192378262547,2.9823832560725625e-07,-1.4233115895233255
28.332,-0.00012199340223987756,2.962289216675543e-07,-1.3709714149017618
28.342,-0.00011639552343930572,2.9423305624347504e-07,-1.3137264662362214
28.352,-0.00011034586122575843,2.922506381182124e-07,-1.251968351403334
28.362,-0.00010388563188943123,2.9028157668954483e-07,-1.1861249613824494
28.372,-9.705927655520626e-05,2.8832578196568726e-07,-1.1166561613947608
28.382,-8.991399916793188e-05,2.8638316456118113e-07,-1.0440490428295377
28.392,-8.24992882645215e-05,2.8445363569281253e-07,-0.9688130217752193
28.402,-7.486639013387552e-05,2.8253710717554745e-07,-0.8914744560222498
28.412,-6.706770035906816e-05,2.8063349141850914e-07,-0.8125704449806528
28.422,-5.9156076912308866e-05,2.7874270142096857e-07,-0.7326418438339157
28.432,-5.118414550151995e-05,2.768646507683715e-07,-0.6522262103729817
28.442,-4.320362703043727e-05,2.749992536283879e-07,-0.5718509863264739
28.452,-3.526470293326473e-05,2.7314642474699145e-07,-0.492027072103044
28.462,-2.7415415453517706e-05,2.713060794445615e-07,-0.4132427649017851
28.472,-1.9701089982063257e-05,2.6947813361201106e-07,-0.33595792816149617
28.482,-1.216379120202039e-05,2.6766250370694564e-07,-0.2605985094182473
28.492,-4.841815679793135e-06,2.658591067498432e-07,-0.18755143186911816
28.502,2.2307476034650665e-06,2.640678603202654e-07,-0.1171601788545646
28.512,9.024345202201947e-06,2.6228868255308455e-07,-0.04972151365124074
28.522,1.5514186154455892e-05,2.60521492134749e-07,0.014516773263836519
28.532,2.168038634964021e-05,2.587662082995609e-07,0.07535727907658044
28.542,2.7507996790431465e-05,2.570227508259878e-07,0.13265322650723066
28.552,3.298692714114721e-05,2.5529104003299836e-07,0.18630764087397475
28.562,3.8111838667590034e-05,2.535709967764152e-07,0.2362722189885752
28.572,4.288198453888839e-05,2.5186254244530427e-07,0.2825456666004013
28.582,4.7300938507728466e-05,2.501655989583763e-07,0.3251709054337276
28.592,5.137625542804119e-05,2.4848008876042167e-07,0.364231590883216
28.602,5.511904625525132e-05,2.4680593481876417e-07,0.39984776455515864
28.612,5.854349040548845e-05,2.4514306061974385e-07,0.4321708739743574
28.622,6.166637681330505e-05,2.4349139016521386e-07,0.46137908645731196
28.632,6.45066365216927e-05,2.4185084796907453e-07,0.4876725185285343
28.642,6.708486407455022e-05,2.4022135905381695e-07,0.5112683521675402
28.652,6.942283544149504e-05,2.3860284894709897e-07,0.5323959155091524
28.662,7.154303670431648e-05,2.3699524367834434e-07,0.5512918727086946
28.672,7.346820788766209e-05,2.3539846977535576e-07,0.5681955679331457
28.682,7.522092074329837e-05,2.3381245426096414e-07,0.5833447139556539
28.692,7.682319083194075e-05,2.3223712464968707e-07,0.5969714281201077
28.702,7.829611323742876e-05,2.3067240894441885e-07,0.6092985062820078
28.712,7.965959202405043e-05,2.2911823563314234e-07,0.6205366471040601
28.722,8.093210993175524e-05,2.275745336856549e-07,0.6308820836269051
28.732,8.213047578992349e-05,2.2604123255032866e-07,0.6405139871761232
28.742,8.326964876082346e-05,2.2451826215088041e-07,0.6495926522892594
28.752,8.436262018156793e-05,2.2300555288317219e-07,0.658258268179859
28.762,8.542029982803746e-05,2.215030356120285e-07,0.6666297352473088
28.772,8.645144580774085e-05,2.2001064166807994e-07,0.674803925372242
28.782,8.746260489835998e-05,2.1852830284461908e-07,0.6828550498567574
28.792,8.84580674956739e-05,2.1705595139448968e-07,0.6908341771379752
28.802,8.943988260885229e-05,2.1559352002698493e-07,0.6987693631461633
28.812,9.040790654711643e-05,2.1414094190477432e-07,0.7066661266794971
28.822,9.135983365147912e-05,2.126981506408515e-07,0.714507744121897
28.832,9.229124594674256e-05,2.1126508029549454e-07,0.7222557387540496
28.842,9.319567576555117e-05,2.098416653732587e-07,0.7298505037549889
28.852,9.406467994301773e-05,2.0842784081997754e-07,0.737212043194651
28.862,9.48879657101742e-05,2.0702354201979293e-07,0.744241238243063
28.872,9.565353770053217e-05,2.0562870479220035e-07,0.750821327674149
28.882,9.634790835803548e-05,2.04243265389118e-07,0.7568200321946468
28.892,9.695632590612884e-05,2.028671604919716e-07,0.7620918560374679
28.902,9.746295605171786e-05,2.015003272087993e-07,0.7664799164866702
28.912,9.785112368933382e-05,2.0014270307137952e-07,0.7698183808436316
28.922,9.810359578411762e-05,1.9879422603237445e-07,0.7719353195921653
28.932,9.820287754536551e-05,1.974548344624971e-07,0.7726556918599291
28.942,9.813158771801564e-05,1.9612446714768998e-07,0.7718051325555387
28.952,9.787282021282912e-05,1.9480306328633262e-07,0.7692135993413792
28.962,9.741047453977431e-05,1.9349056248645835e-07,0.7647187010418179
28.972,9.672962877600776e-05,1.9218690476299594e-07,0.7581694581538018
28.982,9.581689445029316e-05,1.908920305350304e-07,0.749429881470234
28.992,9.466079551534229e-05,1.8960588062307497e-07,0.7383827979720043
29.002,9.325212943070904e-05,1.883283962463721e-07,0.7249334980913984
29.012,9.158426548893717e-05,1.8705951902020214e-07,0.7090127502664978
29.022,8.965344236525676e-05,1.8579919095321762e-07,0.6905798136726996
29.032,8.745899065335189e-05,1.8454735444479172e-07,0.6696246950069126
29.042,8.500348454935279e-05,1.8330395228238768e-07,0.6461696934359152
29.052,8.229290170823323e-05,1.820689276389425e-07,0.6202710384727782
29.062,7.933674714800557e-05,1.8084222407026884e-07,0.5920201730567096
29.072,7.614806198527466e-05,1.79623785512477e-07,0.5615438764892539
29.082,7.274333135005249e-05,1.7841355627941145e-07,0.5290033718069092
29.092,6.914233941501076e-05,1.7721148106010846e-07,0.4945929035293824
29.102,6.53680076583362e-05,1.7601750491626369e-07,0.4585381527866648
29.112,6.144615628824243e-05,1.7483157327972636e-07,0.4210938793923824
29.122,5.7405177037577046e-05,1.73653631950001e-07,0.38254067007010534
29.132,5.327566408516748e-05,1.7248362709177226e-07,0.34318126650366665
29.142,4.908999229198479e-05,1.713215052324462e-07,0.3033363597769135
29.152,4.4881849958294806e-05,1.7016721325970226e-07,0.2633399210602677
29.162,4.0685722654834025e-05,1.6902069841907064e-07,0.22353403245417602
29.172,3.653638303970173e-05,1.6788190831151715e-07,0.18426377501652402
29.182,3.246838227941799e-05,1.6675079089105072e-07,0.1458721282612806
29.192,2.851550324197826e-05,1.6562729446234363e-07,0.10869447410159042
29.202,2.4710264502020762e-05,1.6451136767837073e-07,0.07305360858913135
29.212,2.108343734221282e-05,1.6340295953806122e-07,0.039254875819981716
29.222,1.7663555109730816e-05,1.6230201938396706e-07,0.007581211446181013
29.232,1.4476509096579158e-05,1.6120849689994918e-07,-0.021710946965418726
29.242,1.154519782005836e-05,1.6012234210887685e-07,-0.04839521744286371
29.252,8.889236305194585e-06,1.590435053703459e-07,-0.07227823141532552
29.262,6.5247275215106395e-06,1.5797193737840595e-07,-0.09320196923210518
29.272,4.4640993893053016e-06,1.5690758915931158e-07,-0.11104543932804267
29.282,2.7160415479070884e-06,1.5585041206928004e-07,-0.12572535272658641
29.292,1.2854587066217981e-06,1.5480035779227e-07,-0.13719663602501173
29.302,1.734727027565084e-07,1.5375737833777478e-07,-0.14545245432022666
29.312,-6.224815099929921e-07,1.5272142603862528e-07,-0.15052328070704946
29.322,-1.1085057442357057e-06,1.5169245354881592e-07,-0.15247541557615396
29.332,-1.2940243216397456e-06,1.5067041384133676e-07,-0.15140885260505973
29.342,-1.1915340768844929e-06,1.4965526020602672e-07,-0.14745477865938733
29.352,-8.163321514221438e-07,1.4864694624743742e-07,-0.14077284417235011
29.362,-1.8622437686772715e-07,1.4764542588271498e-07,-0.1315482303687746
29.372,6.787420892066494e-07,1.466506533394904e-07,-0.11998895555301196
29.382,1.7565658297423285e-06,1.4566258315379153e-07,-0.10632297237392346
29.392,3.0236197884553145e-06,1.4468117016796174e-07,-0.09079483433278228
29.402,4.454954060893149e-06,1.437063695285977e-07,-0.07366261584866686
29.412,6.024593553577743e-06,1.427381366845008e-07,-0.05519487557635359
29.422,7.705853140444515e-06,1.4177642738463769e-07,-0.03566743324402599
29.432,9.47160064627186e-06,1.4082119767612225e-07,-0.015360668313784936
29.442,1.1294481847405743e-05,1.3987240390220087e-07,0.005442801677139897
29.452,1.3147169403946249e-05,1.3893000270026373e-07,0.026460691323415553
29.462,1.5002605625989858e-05,1.379939509998594e-07,0.04741355913976311
29.472,1.683426380358371e-05,1.3706420602072612e-07,0.0680275119864143
29.482,1.861635978829318e-05,1.3614072527083784e-07,0.08803640664656245
29.492,2.0324008798515902e-05,1.3522346654446144e-07,0.10718349546784614
29.502,2.1933401616884628e-05,1.3431238792022958e-07,0.125223268952188
29.512,2.3421960472247503e-05,1.334074477592216e-07,0.1419230894497766
29.522,2.4768495662714043e-05,1.3250860470306414e-07,0.1570648279879606
29.532,2.595336694395851e-05,1.3161581767203766e-07,0.17044654583080884
29.542,2.695860929119296e-05,1.3072904586320051e-07,0.1818838105323904
29.552,2.776800949076105e-05,1.2984824874852538e-07,0.1912105079374603
29.562,2.8367155892642174e-05,1.2897338607304388e-07,0.19827937643264948
29.572,2.8743463436625358e-05,1.2810441785301043e-07,0.2029622828270686
29.582,2.8886175788560135e-05,1.2724130437407168e-07,0.20515025710201218
29.592,2.878636677533823e-05,1.2638400618945326e-07,0.20475351238197714
29.602,2.843691853335285e-05,1.2553248411815614e-07,0.2017012227450044
29.612,2.7832448621794702e-05,1.2468669924316757e-07,0.19594077789048497
29.622,2.696920859036081e-05,1.2384661290967956e-07,0.18743674178028127
29.632,2.584498645759537e-05,1.230121867233255e-07,0.1761698445756784
29.642,2.44589866371538e-05,1.221833825484226e-07,0.16213573900752143
29.652,2.2811678215579802e-05,1.2136016250623027e-07,0.14534342838333564
29.662,2.0904655288650682e-05,1.2054248897322e-07,0.12581381269021508
29.672,1.8740519637690245e-05,1.1973032457935318e-07,0.1035784590790212
29.682,1.632279243309867e-05,1.1892363220637639e-07,0.07867866435200843
29.692,1.365582013130223e-05,1.1812237498612204e-07,0.05116445562242196
29.702,1.0744669879117106e-05,1.1732651629882476e-07,0.021093481733485436
29.712,7.595086138969165e-06,1.165360197714489e-07,-0.011469475426810413
29.722,4.213503044105051e-06,1.1575084927602332e-07,-0.04645242485132545
29.732,6.070664450014813e-07,1.1497096892799357e-07,-0.08377599115720558
29.742,-3.216310566210123e-06,1.1419634308457894e-07,-0.12335289763008625
29.752,-7.247850147280529e-06,1.1342693634314514e-07,-0.1650870218254476
29.762,-1.147777894731965e-05,1.1266271353958546e-07,-0.20887211146988288
29.772,-1.589520042079458e-05,1.1190363974671538e-07,-0.25459053056293884
29.782,-2.0487972686718844e-05,1.1114968027267333e-07,-0.3021120604220128
29.792,-2.5242544768817323e-05,1.1040080065933847e-07,-0.35129227395218293
29.802,-3.014378674265461e-05,1.0965696668075306e-07,-0.40197084418915524
29.812,-3.517483803127579e-05,1.0891814434155942e-07,-0.45397003361535343
29.822,-4.031695889230021e-05,1.0818429987544742e-07,-0.5070932119919099
29.832,-4.554943525314514e-05,1.0745539974360849e-07,-0.5611239133145933
29.842,-5.084953917710143e-05,1.0673141063320595e-07,-0.6158254553471839
29.852,-5.619249874061816e-05,1.0601229945584985e-07,-0.670940651118529
29.862,-6.155152339753787e-05,1.0529803334608614e-07,-0.7261920807482627
29.872,-6.689786593934714e-05,1.0458857965989405e-07,-0.7812827321414975
29.882,-7.22009555903802e-05,1.038839059731951e-07,-0.8358973626687353
29.892,-7.742864186253954e-05,1.0318398008037064e-07,-0.8897049848104144
29.902,-8.254746149797122e-05,1.0248876999278907e-07,-0.9423615836586244
29.912,-8.752294901690226e-05,1.0179824393734515e-07,-0.9935132758252294
29.922,-9.232000048953055e-05,1.0111237035500697e-07,-1.0428000080550472
29.932,-9.690325055649064e-05,1.0043111789937517e-07,-1.0898593895552673
29.942,-0.0001012374867196816,9.975445543524775e-08,-1.1343309033083249
29.952,-0.0001052881151121971,9.908235203720004e-08,-1.175860641255214
29.962,-0.00010902162947602626,9.841477698816865e-08,-1.2141060718741126
29.972,-0.00011240605762368965,9.775169977804894e-08,-1.2487405780660934
29.982,-0.00011541143097432542,9.70930901023014e-08,-1.2794582303197755
29.992,-0.00011801023420125121,9.643891786056443e-08,-1.3059783588725533
