##############################################################################
# SALMON: Scalable Ab-initio Light-Matter simulator for Optics and Nanoscience
#
#                             Version 2.2.1
##############################################################################
  Libxc: [enabled] 6.2.2
   theory= tddft_pulse
 
 Total time step      =       15000
 Time step[fs]        =  2.000000000000000E-003
 Energy range         =        3000
 Energy resolution[eV]=  1.000000000000000E-002
Laser frequency     = 0.10 2.00[eV]
Pulse width of laser=     21.00000000      4.35000000[fs]
Laser intensity     =  0.00000000E+00  0.60000000E+12[W/cm^2]
delay time          =      0.00000000[fs]
   use of real value orbitals =  F
 ======
 MPI distribution:
   nproc_k     :         125
   nproc_ob    :           4
   nproc_rgrid :           3           2           3
 OpenMP parallelization:
   number of threads :           1
 hpsi stencil:
   enables hand-coding vectorization : F
   enables openmp parallelization    : F
 current:
   k,orbital parallelized of openmp  : T
 force:
   k,orbital parallelized of openmp  : T
 ===================pseudopotential data===================
 ik ,atom_symbol=           1 Si
 ps_format =KY              
 ps_file =./Si_rps.dat
 Zps(ik), Mlps(ik) =           4           2
 Rps(ik), NRps(ik) =   2.26767135054939              122
 Lref(ik) =           2
 nproj(ik,l) =           1           1           1
 anorm(ik,l) =  0.6193218      0.3646551      0.0000000E+00
 inorm(ik,l) =           1           1           0
 Mass(ik) =   28.0000000000000     
 flag_nlcc_element(ik) = F
 ==========================================================
 flag_nlcc =  F
 
 ============init_ps==============
 end init_ps
 Maximal rho_NLCC= 0.000000000000000E+000
 Maximal tau_NLCC= 0.000000000000000E+000
 == Ewald ==
 cutoff length in real-space in ewald =  4.00 [A]
 (buffer length in bookkeeping =  2.00 [A])
 cutoff length in G-space in ewald =  0.1870828864+102 [1/A]
 number of ion-ion pair(/atom) used for allocation of bookkeeping=    68
 ===========
   Static dipole moment(xyz) =   -0.7051976699E+04   -0.7053169383E+04   -0.7048843278E+04
 
 
  time-step  time[fs]                               Current(xyz)[a.u.]      electrons Total energy[eV] 
#----------------------------------------------------------------------
 projection: already converged, E_kin(new)-E_kin(old)= -5.684341886080801E-014
      10    0.02000000  0.46081843E-12  0.66704138E-12  0.19042501E-12   864.00000000   -23307.31094984
      20    0.04000000  0.51283897E-12  0.71702186E-12 -0.53574280E-12   864.00000000   -23307.31094985
      30    0.06000000  0.14255907E-11  0.98231825E-12  0.40620999E-12   864.00000000   -23307.31094986
      40    0.08000000  0.72632485E-12  0.36957227E-12  0.46311574E-12   864.00000000   -23307.31094987
      50    0.10000000  0.69410220E-12  0.36568349E-12  0.48059560E-12   864.00000000   -23307.31094988
      60    0.12000000  0.43692616E-12  0.30544402E-12  0.43986704E-12   864.00000000   -23307.31094988
      70    0.14000000 -0.71217734E-12 -0.74400052E-12  0.18479407E-12   864.00000000   -23307.31094988
      80    0.16000000 -0.11096968E-11 -0.89886480E-12  0.26261726E-12   864.00000000   -23307.31094989
      90    0.18000000 -0.14260820E-11 -0.18186125E-11  0.71738195E-12   864.00000000   -23307.31094989
     100    0.20000000 -0.16199730E-11 -0.21118724E-11  0.82430066E-12   863.99999999   -23307.31094989
     110    0.22000000 -0.10891727E-11 -0.23214261E-11  0.14382634E-11   863.99999999   -23307.31094989
     120    0.24000000 -0.67971012E-12 -0.22654224E-11  0.15451979E-11   863.99999999   -23307.31094990
     130    0.26000000  0.10542165E-13 -0.20346384E-11  0.19276472E-11   863.99999999   -23307.31094990
     140    0.28000000  0.15874657E-12 -0.18769297E-11  0.12952404E-11   863.99999999   -23307.31094990
     150    0.30000000  0.55258785E-12 -0.17756471E-11  0.98930342E-12   863.99999999   -23307.31094990
     160    0.32000000  0.57009267E-12 -0.17568274E-11  0.83629075E-12   863.99999999   -23307.31094990
     170    0.34000000  0.14080661E-12 -0.17078503E-11  0.13979492E-12   863.99999999   -23307.31094990
     180    0.36000000  0.32205020E-12 -0.18236373E-11  0.13366728E-12   863.99999999   -23307.31094990
     190    0.38000000 -0.13726691E-12 -0.19096388E-11 -0.11583893E-12   863.99999999   -23307.31094991
     200    0.40000000 -0.33475185E-12 -0.20108468E-11 -0.21284000E-12   863.99999999   -23307.31094991
     210    0.42000000 -0.37935076E-12 -0.18037121E-11 -0.22898049E-13   863.99999999   -23307.31094991
     220    0.44000000 -0.26222286E-12 -0.15745103E-11 -0.22587802E-12   863.99999999   -23307.31094991
     230    0.46000000  0.25999213E-13 -0.12479094E-11  0.20431208E-12   863.99999999   -23307.31094991
     240    0.48000000  0.70734122E-13 -0.11781526E-11  0.70089529E-12   863.99999999   -23307.31094991
     250    0.50000000  0.90620115E-12 -0.10949938E-11  0.56525652E-12   863.99999999   -23307.31094991
     260    0.52000000  0.87424492E-12 -0.10631989E-11  0.88478251E-12   863.99999999   -23307.31094991
     270    0.54000000  0.90167310E-12 -0.11518336E-11  0.55842886E-12   863.99999999   -23307.31094991
     280    0.56000000  0.94058272E-12 -0.11455496E-11  0.36690994E-12   863.99999999   -23307.31094991
     290    0.58000000  0.34926346E-12 -0.96766755E-12  0.14933884E-12   863.99999999   -23307.31094992
     300    0.60000000  0.51051858E-12 -0.84377138E-12 -0.35102503E-13   863.99999999   -23307.31094992
     310    0.62000000  0.40725706E-14 -0.76884067E-12 -0.12477060E-12   863.99999999   -23307.31094992
     320    0.64000000  0.25119038E-12 -0.26453906E-12 -0.11620460E-12   863.99999998   -23307.31094992
     330    0.66000000  0.14800305E-12  0.84682724E-14 -0.72456348E-14   863.99999998   -23307.31094992
     340    0.68000000  0.30094856E-12  0.37809890E-12  0.27343999E-12   863.99999998   -23307.31094992
     350    0.70000000  0.29959660E-12  0.64652227E-12 -0.32637433E-13   863.99999998   -23307.31094992
     360    0.72000000  0.50383022E-12  0.63161012E-12  0.53651898E-12   863.99999998   -23307.31094992
     370    0.74000000  0.48045652E-12  0.80455154E-12  0.25801001E-12   863.99999998   -23307.31094992
     380    0.76000000  0.73331969E-12  0.67325204E-12  0.50298291E-12   863.99999998   -23307.31094992
     390    0.78000000  0.34978089E-12  0.95382055E-12 -0.20531495E-12   863.99999998   -23307.31094992
     400    0.80000000  0.16960691E-12  0.97359812E-12 -0.69089016E-13   863.99999998   -23307.31094992
     410    0.82000000  0.28587085E-13  0.11333616E-11 -0.71173138E-12   863.99999998   -23307.31094992
     420    0.84000000 -0.20616879E-13  0.97435145E-12 -0.68097721E-12   863.99999998   -23307.31094992
     430    0.86000000 -0.43671457E-12  0.54680996E-12 -0.89780121E-12   863.99999998   -23307.31094993
     440    0.88000000 -0.21136073E-12  0.79419428E-12 -0.91406933E-12   863.99999998   -23307.31094993
     450    0.90000000 -0.31574642E-12  0.52678683E-12 -0.32245543E-12   863.99999998   -23307.31094993
     460    0.92000000 -0.18528241E-12  0.78787604E-12 -0.88499795E-12   863.99999998   -23307.31094993
     470    0.94000000  0.34259731E-12  0.49797803E-12  0.21892023E-12   863.99999998   -23307.31094993
     480    0.96000000  0.30184503E-12  0.35444875E-12 -0.11834421E-12   863.99999998   -23307.31094993
     490    0.98000000  0.44347582E-12  0.62905059E-12  0.23899804E-12   863.99999998   -23307.31094993
     500    1.00000000  0.48228864E-12  0.72701884E-12 -0.82338532E-13   863.99999998   -23307.31094993
     510    1.02000000  0.63098487E-12  0.90052305E-12 -0.24463275E-12   863.99999998   -23307.31094993
     520    1.04000000  0.52348231E-12  0.10136962E-11 -0.37374346E-13   863.99999998   -23307.31094993
     530    1.06000000  0.18407078E-12  0.12371249E-11 -0.27017166E-12   863.99999997   -23307.31094993
     540    1.08000000 -0.25382868E-13  0.12149468E-11 -0.20371913E-12   863.99999997   -23307.31094993
     550    1.10000000 -0.55359191E-14  0.12041354E-11  0.60246603E-13   863.99999997   -23307.31094993
     560    1.12000000 -0.52601079E-12  0.11687733E-11  0.33842820E-12   863.99999997   -23307.31094993
     570    1.14000000 -0.65316044E-12  0.90331353E-12  0.17905746E-12   863.99999997   -23307.31094993
     580    1.16000000 -0.19533116E-12  0.86516585E-12  0.25960101E-13   863.99999997   -23307.31094993
     590    1.18000000 -0.47181392E-12  0.61853711E-12 -0.15489332E-13   863.99999997   -23307.31094994
     600    1.20000000 -0.36803682E-12  0.45372282E-12 -0.11195449E-12   863.99999997   -23307.31094994
     610    1.22000000 -0.29666634E-12  0.46491282E-12 -0.23425548E-12   863.99999997   -23307.31094994
     620    1.24000000 -0.29853662E-12  0.12171442E-12 -0.19826260E-12   863.99999997   -23307.31094994
     630    1.26000000 -0.27453889E-12  0.49246517E-13 -0.54534990E-12   863.99999997   -23307.31094994
     640    1.28000000 -0.23290671E-12 -0.56759901E-14 -0.27381796E-12   863.99999997   -23307.31094994
     650    1.30000000 -0.53648294E-12 -0.26969053E-12 -0.37425973E-12   863.99999997   -23307.31094994
     660    1.32000000 -0.28768712E-12 -0.25913373E-12 -0.18782910E-12   863.99999997   -23307.31094994
     670    1.34000000 -0.26734715E-12 -0.38405793E-12 -0.35168002E-12   863.99999997   -23307.31094994
     680    1.36000000 -0.14300707E-12 -0.64270058E-12 -0.25789060E-12   863.99999997   -23307.31094994
     690    1.38000000 -0.56510254E-13 -0.26792111E-12 -0.15918708E-12   863.99999997   -23307.31094994
     700    1.40000000 -0.12363231E-12 -0.32505056E-12 -0.11248474E-12   863.99999997   -23307.31094994
     710    1.42000000 -0.11156023E-12 -0.12275840E-12 -0.35815611E-12   863.99999997   -23307.31094994
     720    1.44000000 -0.28851667E-12 -0.36660779E-12  0.15664906E-12   863.99999997   -23307.31094994
     730    1.46000000 -0.15397617E-12 -0.44511880E-13  0.38299565E-13   863.99999997   -23307.31094994
     740    1.48000000  0.19835405E-13 -0.79263986E-13  0.37380325E-12   863.99999996   -23307.31094994
     750    1.50000000  0.25380711E-12  0.11639170E-12  0.30968636E-12   863.99999996   -23307.31094994
     760    1.52000000 -0.14529792E-12  0.38742994E-13  0.31964862E-12   863.99999996   -23307.31094995
     770    1.54000000  0.37408938E-12  0.28195874E-13  0.13923819E-12   863.99999996   -23307.31094995
     780    1.56000000  0.23012727E-12  0.17800067E-12  0.21982699E-12   863.99999996   -23307.31094995
     790    1.58000000  0.39252831E-12 -0.11296305E-12  0.21518059E-12   863.99999996   -23307.31094995
     800    1.60000000 -0.62878342E-14  0.21367884E-12 -0.22706580E-12   863.99999996   -23307.31094995
     810    1.62000000 -0.15991103E-12 -0.16527689E-12 -0.26970774E-13   863.99999996   -23307.31094995
     820    1.64000000 -0.18977117E-12 -0.30767186E-12 -0.18147518E-12   863.99999996   -23307.31094995
     830    1.66000000 -0.56401813E-12 -0.34074972E-12  0.36787388E-12   863.99999996   -23307.31094995
     840    1.68000000 -0.55822332E-12 -0.20486143E-12  0.23382010E-12   863.99999996   -23307.31094995
     850    1.70000000 -0.37445402E-12 -0.53178225E-12  0.38547316E-12   863.99999996   -23307.31094995
     860    1.72000000 -0.14578194E-12 -0.54296830E-12  0.14937193E-12   863.99999996   -23307.31094995
     870    1.74000000 -0.59095171E-12 -0.61669110E-12  0.28159644E-14   863.99999996   -23307.31094995
     880    1.76000000 -0.50788860E-13 -0.36045968E-12  0.14207629E-12   863.99999996   -23307.31094995
     890    1.78000000 -0.27217140E-12 -0.40723267E-12  0.28328996E-14   863.99999996   -23307.31094995
     900    1.80000000  0.70778885E-13 -0.25529054E-12  0.20013973E-13   863.99999996   -23307.31094995
     910    1.82000000 -0.14611069E-12 -0.27688297E-12  0.16228322E-12   863.99999996   -23307.31094995
     920    1.84000000  0.89879855E-14 -0.26962104E-12  0.26768404E-12   863.99999996   -23307.31094995
     930    1.86000000 -0.27542085E-12 -0.35080387E-12  0.50936670E-12   863.99999996   -23307.31094996
     940    1.88000000  0.20040844E-13 -0.63991216E-13  0.69900968E-12   863.99999996   -23307.31094996
     950    1.90000000 -0.49785598E-13 -0.25713324E-12  0.84629662E-12   863.99999996   -23307.31094996
     960    1.92000000  0.27920719E-12  0.13076257E-12  0.63485003E-12   863.99999995   -23307.31094996
     970    1.94000000  0.64552566E-13 -0.21896382E-12  0.15838447E-12   863.99999995   -23307.31094996
     980    1.96000000 -0.33064444E-13 -0.45992560E-14  0.38804655E-13   863.99999995   -23307.31094996
     990    1.98000000  0.17720288E-12  0.94983347E-13 -0.19885834E-12   863.99999995   -23307.31094996
    1000    2.00000000  0.22778460E-12 -0.17070856E-12 -0.28997170E-12   863.99999995   -23307.31094996
    1010    2.02000000  0.22508184E-12  0.69957568E-13 -0.33038002E-12   863.99999995   -23307.31094996
    1020    2.04000000  0.20368313E-12  0.16641124E-12 -0.72345434E-12   863.99999995   -23307.31094996
    1030    2.06000000  0.17564123E-12  0.48045555E-12 -0.42219588E-12   863.99999995   -23307.31094996
    1040    2.08000000  0.47887498E-12  0.52586502E-12 -0.48412578E-12   863.99999995   -23307.31094996
    1050    2.10000000  0.43079244E-13  0.69726114E-12 -0.67114607E-13   863.99999995   -23307.31094996
    1060    2.12000000  0.79437542E-13  0.53537823E-12  0.29234510E-12   863.99999995   -23307.31094996
    1070    2.14000000  0.56944810E-13  0.15277659E-12  0.42247576E-12   863.99999995   -23307.31094996
    1080    2.16000000 -0.43512926E-13  0.34588780E-12  0.73498543E-12   863.99999995   -23307.31094996
    1090    2.18000000  0.45785539E-12 -0.29928862E-12  0.48671010E-12   863.99999995   -23307.31094996
    1100    2.20000000 -0.84272034E-13  0.70324323E-12  0.59780119E-12   863.99999995   -23307.31094996
    1110    2.22000000  0.13722501E-12  0.44951154E-13  0.33481151E-12   863.99999995   -23307.31094997
    1120    2.24000000 -0.17763937E-12  0.11300167E-12  0.64517353E-14   863.99999995   -23307.31094997
    1130    2.26000000 -0.27638723E-12  0.11482654E-12  0.20010723E-13   863.99999995   -23307.31094997
    1140    2.28000000 -0.17071082E-12 -0.43562989E-13 -0.79886473E-13   863.99999995   -23307.31094997
    1150    2.30000000 -0.41684299E-12 -0.66476068E-13 -0.14200932E-12   863.99999995   -23307.31094997
    1160    2.32000000 -0.48753348E-12 -0.10566884E-12 -0.55303407E-12   863.99999995   -23307.31094997
    1170    2.34000000 -0.20261590E-12 -0.81255164E-13 -0.21931585E-12   863.99999994   -23307.31094997
    1180    2.36000000 -0.80333317E-13 -0.41928262E-14 -0.27428303E-12   863.99999994   -23307.31094997
    1190    2.38000000 -0.31215097E-12  0.51289399E-13  0.12977145E-12   863.99999994   -23307.31094997
    1200    2.40000000  0.41140331E-12  0.37576010E-12 -0.80401455E-13   863.99999994   -23307.31094997
    1210    2.42000000  0.23759232E-13  0.43643265E-12 -0.10838567E-13   863.99999994   -23307.31094997
    1220    2.44000000  0.73401958E-12  0.37052543E-12  0.56769785E-13   863.99999994   -23307.31094997
    1230    2.46000000  0.47378830E-12  0.18526906E-12 -0.13796012E-12   863.99999994   -23307.31094997
    1240    2.48000000  0.39551803E-12  0.32727430E-12  0.19251781E-12   863.99999994   -23307.31094997
    1250    2.50000000  0.24527040E-12 -0.77153851E-14 -0.29286257E-12   863.99999994   -23307.31094997
    1260    2.52000000  0.21669646E-12  0.28030118E-12 -0.83043184E-13   863.99999994   -23307.31094997
    1270    2.54000000 -0.26187915E-12 -0.10326169E-12 -0.15497126E-12   863.99999994   -23307.31094997
    1280    2.56000000 -0.22638257E-12 -0.27219948E-12 -0.16636613E-12   863.99999994   -23307.31094997
    1290    2.58000000 -0.38809190E-12 -0.11464838E-12 -0.49214167E-12   863.99999994   -23307.31094998
    1300    2.60000000 -0.18000840E-12 -0.28634044E-13 -0.11733964E-13   863.99999994   -23307.31094998
    1310    2.62000000 -0.54347341E-12 -0.11130039E-12 -0.18493170E-12   863.99999994   -23307.31094998
    1320    2.64000000 -0.14815797E-12 -0.62811422E-13  0.31232294E-12   863.99999994   -23307.31094998
    1330    2.66000000 -0.21505840E-12 -0.32078359E-12  0.35785544E-12   863.99999994   -23307.31094998
    1340    2.68000000 -0.16736611E-12 -0.45894349E-12  0.18962657E-12   863.99999994   -23307.31094998
    1350    2.70000000  0.37651475E-12 -0.41079418E-12 -0.60713751E-13   863.99999994   -23307.31094998
    1360    2.72000000  0.18302062E-12 -0.23430398E-12  0.37508829E-13   863.99999994   -23307.31094998
    1370    2.74000000  0.32156824E-12 -0.59646829E-12 -0.22203310E-12   863.99999994   -23307.31094998
    1380    2.76000000  0.21009068E-12 -0.13153213E-12  0.16362914E-12   863.99999994   -23307.31094998
    1390    2.78000000  0.17400125E-12 -0.53213743E-12  0.43056766E-13   863.99999993   -23307.31094998
    1400    2.80000000 -0.21270428E-13 -0.28801085E-12 -0.38087977E-12   863.99999993   -23307.31094998
    1410    2.82000000 -0.27220608E-12 -0.21585006E-12 -0.61541850E-13   863.99999993   -23307.31094998
    1420    2.84000000 -0.35385838E-13 -0.98698973E-13 -0.33723276E-12   863.99999993   -23307.31094998
    1430    2.86000000 -0.31886857E-12 -0.52541525E-13  0.48775345E-13   863.99999993   -23307.31094998
    1440    2.88000000  0.14936772E-12 -0.44220433E-12  0.14904171E-12   863.99999993   -23307.31094998
    1450    2.90000000  0.10373777E-12 -0.39654315E-12  0.37507051E-13   863.99999993   -23307.31094998
    1460    2.92000000  0.23752897E-12 -0.20717202E-12  0.21417981E-12   863.99999993   -23307.31094999
    1470    2.94000000 -0.75419868E-15 -0.40751235E-13 -0.43274773E-14   863.99999993   -23307.31094999
    1480    2.96000000  0.72734607E-13 -0.97148884E-13 -0.47957703E-12   863.99999993   -23307.31094999
    1490    2.98000000 -0.26579430E-12 -0.15412057E-12 -0.57101817E-12   863.99999993   -23307.31094999
    1500    3.00000000  0.18541094E-12 -0.16055185E-12 -0.31547958E-12   863.99999993   -23307.31094999
    1510    3.02000000 -0.90312272E-13 -0.15429578E-12  0.51741184E-13   863.99999993   -23307.31094999
    1520    3.04000000 -0.99999039E-13 -0.72357126E-13 -0.17092835E-12   863.99999993   -23307.31094999
    1530    3.06000000  0.15639868E-12 -0.74554679E-13  0.17409511E-12   863.99999993   -23307.31094999
    1540    3.08000000  0.88281847E-14  0.18992276E-13 -0.84963870E-13   863.99999993   -23307.31094999
    1550    3.10000000  0.27025986E-12  0.10227966E-12  0.32211252E-12   863.99999993   -23307.31094999
    1560    3.12000000  0.57463080E-12 -0.18896698E-12  0.19095302E-12   863.99999993   -23307.31094999
    1570    3.14000000  0.66379054E-12  0.25473767E-12  0.39805041E-12   863.99999993   -23307.31094999
    1580    3.16000000  0.70653797E-12 -0.43241550E-13  0.64786438E-12   863.99999993   -23307.31094999
    1590    3.18000000  0.32521895E-12 -0.17378679E-12  0.28586624E-12   863.99999993   -23307.31094999
    1600    3.20000000  0.18264943E-12 -0.10664202E-12  0.60865171E-12   863.99999992   -23307.31094999
    1610    3.22000000 -0.33101190E-12 -0.42734724E-12  0.12204526E-12   863.99999992   -23307.31094999
    1620    3.24000000 -0.53427102E-12  0.14421871E-12  0.19424557E-12   863.99999992   -23307.31094999
    1630    3.26000000 -0.56963575E-12 -0.29223844E-12 -0.18584230E-12   863.99999992   -23307.31094999
    1640    3.28000000 -0.51120565E-12 -0.89658028E-13 -0.13198368E-12   863.99999992   -23307.31095000
    1650    3.30000000 -0.47112674E-12 -0.22403243E-12 -0.68821880E-12   863.99999992   -23307.31095000
    1660    3.32000000 -0.39311878E-13  0.23023143E-12 -0.41355610E-12   863.99999992   -23307.31095000
    1670    3.34000000 -0.14134719E-12  0.47826362E-12 -0.33354595E-12   863.99999992   -23307.31095000
    1680    3.36000000  0.35135758E-12  0.25569535E-12 -0.28663176E-12   863.99999992   -23307.31095000
    1690    3.38000000 -0.13696955E-12  0.45865070E-12  0.12898765E-12   863.99999992   -23307.31095000
    1700    3.40000000  0.71461367E-13  0.72916140E-14  0.21456741E-12   863.99999992   -23307.31095000
    1710    3.42000000  0.10354723E-12  0.39322864E-12  0.14817001E-12   863.99999992   -23307.31095000
    1720    3.44000000 -0.18831547E-12  0.51579579E-13  0.20912866E-12   863.99999992   -23307.31095000
    1730    3.46000000  0.22132138E-12 -0.80252235E-13  0.18615653E-12   863.99999992   -23307.31095000
    1740    3.48000000 -0.44420122E-12  0.32832198E-13  0.22499741E-12   863.99999992   -23307.31095000
    1750    3.50000000 -0.22784408E-12  0.14545906E-12  0.53074898E-13   863.99999992   -23307.31095000
    1760    3.52000000 -0.19687094E-12  0.33716126E-12  0.31670566E-12   863.99999992   -23307.31095000
    1770    3.54000000 -0.21235620E-12  0.35320112E-12  0.29647817E-12   863.99999992   -23307.31095000
    1780    3.56000000  0.21224019E-12  0.27982680E-12  0.32164394E-12   863.99999992   -23307.31095000
    1790    3.58000000  0.12064751E-12  0.25989928E-12 -0.78370284E-13   863.99999992   -23307.31095000
    1800    3.60000000  0.73927603E-13  0.12142936E-12 -0.13763155E-12   863.99999992   -23307.31095000
    1810    3.62000000  0.17671082E-14  0.14567626E-12  0.44460472E-13   863.99999991   -23307.31095000
    1820    3.64000000  0.52237109E-12 -0.18275797E-12 -0.39756360E-12   863.99999991   -23307.31095001
    1830    3.66000000  0.39289114E-12 -0.32608946E-12 -0.44723845E-14   863.99999991   -23307.31095001
    1840    3.68000000  0.43582279E-12 -0.14976100E-12 -0.29003817E-12   863.99999991   -23307.31095001
    1850    3.70000000  0.62967878E-12 -0.17813228E-12 -0.30224397E-12   863.99999991   -23307.31095001
    1860    3.72000000  0.18055548E-12  0.11446755E-12  0.18620054E-12   863.99999991   -23307.31095001
    1870    3.74000000  0.30559365E-12 -0.95448815E-13 -0.19570301E-12   863.99999991   -23307.31095001
    1880    3.76000000 -0.29488863E-12  0.28117111E-12  0.41023721E-12   863.99999991   -23307.31095001
    1890    3.78000000 -0.22307002E-12  0.19135013E-12  0.31761106E-12   863.99999991   -23307.31095001
    1900    3.80000000 -0.62072688E-12  0.35594599E-12  0.14929523E-12   863.99999991   -23307.31095001
    1910    3.82000000 -0.52177150E-12 -0.36527221E-13  0.22996261E-13   863.99999991   -23307.31095001
    1920    3.84000000 -0.49776127E-12  0.73617007E-13 -0.13364650E-12   863.99999991   -23307.31095001
    1930    3.86000000 -0.40073688E-12 -0.10234963E-13 -0.41010070E-14   863.99999991   -23307.31095001
    1940    3.88000000 -0.50619959E-12 -0.23431195E-12 -0.19580974E-12   863.99999991   -23307.31095001
    1950    3.90000000 -0.26100260E-12  0.14145560E-12 -0.30454386E-12   863.99999991   -23307.31095001
    1960    3.92000000 -0.69607285E-13 -0.34227572E-12  0.19724077E-13   863.99999991   -23307.31095001
    1970    3.94000000  0.95516184E-13 -0.69671819E-13  0.41945015E-13   863.99999991   -23307.31095001
    1980    3.96000000  0.46531151E-12 -0.33701957E-12  0.32923294E-12   863.99999991   -23307.31095001
    1990    3.98000000  0.39489295E-12  0.15992726E-13 -0.12304928E-12   863.99999991   -23307.31095001
    2000    4.00000000  0.42991760E-12 -0.15095049E-12 -0.46959359E-13   863.99999991   -23307.31095002
    2010    4.02000000  0.64734031E-12  0.27266006E-12 -0.29886844E-12   863.99999991   -23307.31095002
    2020    4.04000000  0.44399522E-13  0.52340410E-13 -0.24235854E-12   863.99999991   -23307.31095002
    2030    4.06000000  0.23602963E-12  0.33571000E-12 -0.23054853E-12   863.99999990   -23307.31095002
    2040    4.08000000  0.53140740E-14  0.60793932E-13 -0.36100453E-12   863.99999990   -23307.31095002
    2050    4.10000000  0.10506747E-12 -0.11209852E-12  0.22533237E-13   863.99999990   -23307.31095002
    2060    4.12000000  0.12832751E-12 -0.13736960E-12  0.17458538E-12   863.99999990   -23307.31095002
    2070    4.14000000 -0.23313750E-12 -0.35214378E-12  0.47923413E-12   863.99999990   -23307.31095002
    2080    4.16000000 -0.28648648E-12 -0.41006614E-12  0.27249988E-12   863.99999990   -23307.31095002
    2090    4.18000000 -0.35987769E-12 -0.29436241E-12  0.89161755E-12   863.99999990   -23307.31095002
    2100    4.20000000 -0.42597282E-13 -0.41983235E-12  0.78908011E-12   863.99999990   -23307.31095002
    2110    4.22000000 -0.38411464E-12 -0.15021583E-12  0.72451035E-12   863.99999990   -23307.31095002
    2120    4.24000000 -0.31299956E-12  0.59276600E-14  0.33540188E-12   863.99999990   -23307.31095002
    2130    4.26000000 -0.25698227E-12  0.21570082E-12 -0.13883926E-12   863.99999990   -23307.31095002
    2140    4.28000000 -0.10419318E-14  0.27413450E-12 -0.18966176E-12   863.99999990   -23307.31095002
    2150    4.30000000 -0.13873459E-12  0.14297774E-12 -0.26154800E-12   863.99999990   -23307.31095002
    2160    4.32000000  0.36615680E-13  0.20020850E-12 -0.41003879E-12   863.99999990   -23307.31095002
    2170    4.34000000 -0.47836543E-14 -0.20332984E-12 -0.50364287E-12   863.99999990   -23307.31095002
    2180    4.36000000  0.24715666E-12 -0.50574467E-13 -0.63353757E-12   863.99999990   -23307.31095003
    2190    4.38000000  0.12873666E-12  0.60808203E-14 -0.78077320E-12   863.99999990   -23307.31095003
    2200    4.40000000  0.64853550E-12  0.21490087E-12 -0.55285826E-12   863.99999990   -23307.31095003
    2210    4.42000000 -0.18812554E-12 -0.20971244E-12 -0.36762756E-12   863.99999990   -23307.31095003
    2220    4.44000000  0.21684661E-12  0.15582140E-12 -0.18207178E-12   863.99999990   -23307.31095003
    2230    4.46000000 -0.28677387E-12  0.37268612E-12  0.68497983E-13   863.99999990   -23307.31095003
    2240    4.48000000  0.21673482E-12 -0.87823098E-13  0.61231087E-12   863.99999989   -23307.31095003
    2250    4.50000000 -0.99259353E-14  0.67677155E-12  0.59153382E-12   863.99999989   -23307.31095003
    2260    4.52000000  0.23381227E-12 -0.27108420E-12  0.55508234E-12   863.99999989   -23307.31095003
    2270    4.54000000  0.38193266E-12  0.12643925E-12  0.65242842E-12   863.99999989   -23307.31095003
    2280    4.56000000  0.13900512E-12 -0.30367510E-12  0.24533851E-12   863.99999989   -23307.31095003
    2290    4.58000000  0.15583316E-12 -0.14871651E-13  0.28424837E-12   863.99999989   -23307.31095003
    2300    4.60000000  0.29107953E-12 -0.31113273E-12  0.37990415E-12   863.99999989   -23307.31095003
    2310    4.62000000  0.34643992E-12 -0.53329737E-13  0.54020777E-13   863.99999989   -23307.31095003
    2320    4.64000000  0.10245341E-12 -0.42340083E-13  0.25889270E-12   863.99999989   -23307.31095003
    2330    4.66000000 -0.15847659E-12  0.30779014E-12 -0.26182278E-12   863.99999989   -23307.31095003
    2340    4.68000000 -0.10811572E-12  0.39398374E-12  0.18508445E-12   863.99999989   -23307.31095003
    2350    4.70000000 -0.23668673E-12 -0.10343408E-12 -0.68949332E-13   863.99999989   -23307.31095004
    2360    4.72000000 -0.57780147E-12  0.54034835E-13 -0.20162973E-12   863.99999989   -23307.31095004
    2370    4.74000000 -0.79353382E-14 -0.23489609E-12 -0.10004542E-12   863.99999989   -23307.31095004
    2380    4.76000000 -0.34084434E-12  0.40513174E-12 -0.68120333E-12   863.99999989   -23307.31095004
    2390    4.78000000  0.11650013E-12 -0.73068217E-13 -0.57565790E-12   863.99999989   -23307.31095004
    2400    4.80000000  0.44387574E-12  0.31968333E-13 -0.41880602E-12   863.99999989   -23307.31095004
    2410    4.82000000  0.23394924E-12  0.97439392E-13 -0.60999547E-12   863.99999989   -23307.31095004
    2420    4.84000000  0.43723877E-12  0.14040301E-12  0.49447270E-12   863.99999989   -23307.31095004
    2430    4.86000000 -0.10108351E-13  0.24839292E-12  0.14386395E-12   863.99999989   -23307.31095004
    2440    4.88000000  0.16253423E-12  0.40578071E-12  0.55358576E-12   863.99999989   -23307.31095004
    2450    4.90000000 -0.91528062E-13  0.15130768E-12  0.35059325E-12   863.99999989   -23307.31095004
    2460    4.92000000 -0.48847488E-12  0.56556365E-13  0.49223103E-12   863.99999988   -23307.31095004
    2470    4.94000000 -0.46055083E-12 -0.15573119E-12  0.37804889E-12   863.99999988   -23307.31095004
    2480    4.96000000 -0.40279376E-12  0.29024288E-13  0.22896880E-12   863.99999988   -23307.31095004
    2490    4.98000000 -0.46912418E-12  0.19536202E-13  0.35435605E-12   863.99999988   -23307.31095004
    2500    5.00000000 -0.73517424E-13 -0.16631689E-12 -0.39514134E-12   863.99999988   -23307.31095004
    2510    5.02000000 -0.25652077E-13 -0.26990945E-12  0.16124163E-12   863.99999988   -23307.31095004
    2520    5.04000000  0.23280170E-12 -0.24113099E-12 -0.50777924E-12   863.99999988   -23307.31095004
    2530    5.06000000  0.31112190E-12 -0.17577886E-12 -0.42419510E-12   863.99999988   -23307.31095005
    2540    5.08000000  0.32856190E-12  0.91323272E-13 -0.42368813E-12   863.99999988   -23307.31095005
    2550    5.10000000  0.31096432E-12 -0.35119826E-12 -0.28272031E-12   863.99999988   -23307.31095005
    2560    5.12000000  0.20926689E-12  0.14705287E-12 -0.14920771E-12   863.99999988   -23307.31095005
    2570    5.14000000  0.58282401E-13  0.30783114E-12  0.29722770E-13   863.99999988   -23307.31095005
    2580    5.16000000 -0.15766498E-12  0.25263300E-12 -0.24951943E-12   863.99999988   -23307.31095005
    2590    5.18000000 -0.25657841E-12  0.51114502E-13  0.14869756E-12   863.99999988   -23307.31095005
    2600    5.20000000 -0.14748103E-12 -0.34475895E-13  0.15849924E-12   863.99999988   -23307.31095005
    2610    5.22000000 -0.59393412E-12 -0.14134321E-12  0.25995844E-12   863.99999988   -23307.31095005
    2620    5.24000000 -0.29647395E-12  0.91200326E-13  0.14241330E-12   863.99999988   -23307.31095005
    2630    5.26000000 -0.16241419E-12  0.19438015E-14  0.28559361E-12   863.99999988   -23307.31095005
    2640    5.28000000 -0.28815572E-12 -0.85532963E-13  0.24414227E-13   863.99999988   -23307.31095005
    2650    5.30000000  0.15271823E-12  0.74628698E-15  0.26079734E-12   863.99999988   -23307.31095005
    2660    5.32000000 -0.20313556E-12 -0.37111886E-12 -0.20931615E-12   863.99999988   -23307.31095005
    2670    5.34000000  0.81325443E-13 -0.13862038E-12  0.40662281E-14   863.99999987   -23307.31095005
    2680    5.36000000 -0.11564563E-12 -0.35368562E-12 -0.40452434E-12   863.99999987   -23307.31095005
    2690    5.38000000  0.86353401E-13  0.80784056E-13  0.16720483E-13   863.99999987   -23307.31095005
    2700    5.40000000  0.20494278E-12 -0.41536023E-12 -0.27056206E-12   863.99999987   -23307.31095005
    2710    5.42000000  0.12374306E-12  0.29297274E-12  0.12261039E-12   863.99999987   -23307.31095006
    2720    5.44000000  0.32321458E-12 -0.43249740E-13 -0.46440591E-12   863.99999987   -23307.31095006
    2730    5.46000000  0.13808362E-12  0.31061368E-12 -0.13462659E-12   863.99999987   -23307.31095006
    2740    5.48000000  0.18332990E-12  0.36815317E-12 -0.26979097E-12   863.99999987   -23307.31095006
    2750    5.50000000  0.41418102E-12  0.47097375E-12  0.69139303E-13   863.99999987   -23307.31095006
    2760    5.52000000  0.31114643E-12  0.53707202E-12 -0.10649515E-12   863.99999987   -23307.31095006
    2770    5.54000000  0.21340995E-12  0.15337145E-12  0.25036643E-12   863.99999987   -23307.31095006
    2780    5.56000000  0.10913078E-12 -0.19827798E-12  0.52519377E-12   863.99999987   -23307.31095006
    2790    5.58000000 -0.19668447E-12 -0.16861457E-12  0.74595008E-12   863.99999987   -23307.31095006
    2800    5.60000000 -0.36150163E-12 -0.51635320E-12  0.67256920E-12   863.99999987   -23307.31095006
    2810    5.62000000 -0.61419149E-12 -0.41198879E-12  0.19533123E-12   863.99999987   -23307.31095006
    2820    5.64000000 -0.26129925E-12 -0.52910658E-12 -0.64410484E-13   863.99999987   -23307.31095006
    2830    5.66000000 -0.46035219E-12 -0.54429727E-12 -0.31343525E-12   863.99999987   -23307.31095006
    2840    5.68000000 -0.31583514E-12 -0.32209536E-12 -0.51465657E-12   863.99999987   -23307.31095006
    2850    5.70000000 -0.11306371E-13 -0.19602347E-12 -0.90778586E-12   863.99999987   -23307.31095006
    2860    5.72000000  0.11636322E-12 -0.43480242E-13 -0.69629257E-12   863.99999987   -23307.31095006
    2870    5.74000000  0.22407996E-12 -0.15697813E-12 -0.46285436E-12   863.99999987   -23307.31095006
    2880    5.76000000  0.24338592E-12  0.40985862E-12 -0.24142772E-13   863.99999986   -23307.31095006
    2890    5.78000000  0.36803038E-12  0.27911473E-12 -0.57073912E-13   863.99999986   -23307.31095007
    2900    5.80000000  0.33297882E-12  0.62247343E-12  0.64604282E-12   863.99999986   -23307.31095007
    2910    5.82000000  0.68937269E-12  0.22665846E-12  0.35942124E-12   863.99999986   -23307.31095007
    2920    5.84000000  0.28442306E-12  0.27679148E-12  0.55400836E-12   863.99999986   -23307.31095007
    2930    5.86000000  0.28406403E-12  0.26086661E-12  0.50873293E-12   863.99999986   -23307.31095007
    2940    5.88000000 -0.11121306E-12  0.44831717E-12  0.35331093E-12   863.99999986   -23307.31095007
    2950    5.90000000  0.29943449E-12  0.10550587E-12  0.35772477E-12   863.99999986   -23307.31095007
    2960    5.92000000  0.24366296E-12  0.33780825E-12  0.34246027E-12   863.99999986   -23307.31095007
    2970    5.94000000 -0.15939060E-12 -0.20653836E-12 -0.23191512E-12   863.99999986   -23307.31095007
    2980    5.96000000 -0.15283547E-12 -0.27875604E-12 -0.18560945E-12   863.99999986   -23307.31095007
    2990    5.98000000 -0.30924518E-12 -0.20479156E-12 -0.33466213E-12   863.99999986   -23307.31095007
    3000    6.00000000 -0.18050178E-12 -0.49029358E-12 -0.29985890E-12   863.99999986   -23307.31095007
    3010    6.02000000 -0.66011903E-12 -0.63256008E-12 -0.13366970E-12   863.99999986   -23307.31095007
    3020    6.04000000 -0.75953990E-12 -0.46280663E-12 -0.18752217E-12   863.99999986   -23307.31095007
    3030    6.06000000 -0.56471234E-12 -0.19816950E-12 -0.34840848E-12   863.99999986   -23307.31095007
    3040    6.08000000 -0.76737509E-12  0.32494353E-13 -0.69704906E-13   863.99999986   -23307.31095007
    3050    6.10000000 -0.33146998E-12 -0.28784210E-12 -0.27649192E-12   863.99999986   -23307.31095007
    3060    6.12000000  0.17184371E-14  0.18636264E-12 -0.93248562E-13   863.99999986   -23307.31095007
    3070    6.14000000  0.65905003E-13  0.38752200E-12 -0.80441955E-13   863.99999986   -23307.31095008
    3080    6.16000000  0.56969052E-12  0.33617676E-12  0.14497348E-12   863.99999986   -23307.31095008
    3090    6.18000000  0.68289121E-12  0.28126688E-12  0.15353981E-12   863.99999986   -23307.31095008
    3100    6.20000000  0.77734852E-12 -0.79613009E-13  0.17998187E-12   863.99999985   -23307.31095008
    3110    6.22000000  0.72663908E-12  0.71547366E-12  0.38023272E-12   863.99999985   -23307.31095008
    3120    6.24000000  0.61981222E-12  0.24755032E-12  0.40181051E-12   863.99999985   -23307.31095008
    3130    6.26000000  0.52083169E-12  0.19032436E-12  0.20183915E-12   863.99999985   -23307.31095008
    3140    6.28000000 -0.55890995E-13 -0.32193340E-13 -0.11775095E-12   863.99999985   -23307.31095008
    3150    6.30000000  0.15135002E-12 -0.49264797E-14  0.32526636E-12   863.99999985   -23307.31095008
    3160    6.32000000 -0.24987430E-12 -0.95550328E-13 -0.96460893E-13   863.99999985   -23307.31095008
    3170    6.34000000 -0.31768764E-12 -0.34120545E-13  0.18495722E-12   863.99999985   -23307.31095008
    3180    6.36000000 -0.46595324E-12 -0.55739817E-13 -0.88398215E-13   863.99999985   -23307.31095008
    3190    6.38000000 -0.65996851E-12 -0.28418538E-12 -0.19883854E-12   863.99999985   -23307.31095008
    3200    6.40000000 -0.78794242E-12 -0.12206297E-12  0.22526964E-12   863.99999985   -23307.31095008
    3210    6.42000000 -0.71811249E-12 -0.41458177E-12 -0.12309118E-12   863.99999985   -23307.31095008
    3220    6.44000000 -0.67579965E-12 -0.11666125E-12  0.54709723E-13   863.99999985   -23307.31095008
    3230    6.46000000 -0.66814705E-12 -0.70882503E-12 -0.28618197E-12   863.99999985   -23307.31095008
    3240    6.48000000 -0.37593106E-12 -0.35080507E-12 -0.50069660E-12   863.99999985   -23307.31095008
    3250    6.50000000 -0.27470077E-12 -0.56221179E-12 -0.49398800E-12   863.99999985   -23307.31095009
    3260    6.52000000  0.12540369E-12 -0.13754569E-12 -0.36764975E-12   863.99999985   -23307.31095009
    3270    6.54000000  0.38501800E-12  0.10823730E-12 -0.45476723E-12   863.99999985   -23307.31095009
    3280    6.56000000  0.45649498E-12  0.23496314E-12 -0.22493837E-12   863.99999985   -23307.31095009
    3290    6.58000000  0.70540127E-12  0.31660490E-12  0.63845664E-13   863.99999985   -23307.31095009
    3300    6.60000000  0.50302262E-12  0.68289231E-12  0.36319869E-12   863.99999985   -23307.31095009
    3310    6.62000000  0.60682341E-12  0.54083672E-12  0.27318643E-12   863.99999984   -23307.31095009
    3320    6.64000000  0.64966780E-12  0.27170378E-12  0.66167968E-12   863.99999984   -23307.31095009
    3330    6.66000000  0.42707849E-12  0.24555775E-12  0.61238535E-12   863.99999984   -23307.31095009
    3340    6.68000000  0.19193745E-12  0.18117123E-12  0.61312489E-12   863.99999984   -23307.31095009
    3350    6.70000000 -0.27009453E-13  0.78451345E-13  0.63481830E-12   863.99999984   -23307.31095009
    3360    6.72000000 -0.19902935E-12  0.26435830E-12  0.33508333E-12   863.99999984   -23307.31095009
    3370    6.74000000 -0.49369734E-12 -0.52060629E-12  0.21004750E-12   863.99999984   -23307.31095009
    3380    6.76000000 -0.21621457E-12 -0.21372829E-13 -0.13850804E-12   863.99999984   -23307.31095009
    3390    6.78000000 -0.85054806E-12 -0.68904226E-12 -0.58638713E-12   863.99999984   -23307.31095009
    3400    6.80000000 -0.34537676E-12 -0.44182864E-12 -0.54156171E-12   863.99999984   -23307.31095009
    3410    6.82000000 -0.56531721E-12 -0.41737156E-12 -0.72938704E-12   863.99999984   -23307.31095009
    3420    6.84000000 -0.56969424E-13 -0.40150849E-12 -0.39392658E-12   863.99999984   -23307.31095009
    3430    6.86000000  0.19859121E-12 -0.27868489E-12 -0.51837804E-12   863.99999984   -23307.31095010
    3440    6.88000000  0.45479242E-12 -0.56583114E-16 -0.35715274E-12   863.99999984   -23307.31095010
    3450    6.90000000  0.49805863E-12  0.72150851E-12 -0.85492524E-13   863.99999984   -23307.31095010
    3460    6.92000000  0.37447574E-12  0.47159327E-12  0.56414526E-13   863.99999984   -23307.31095010
    3470    6.94000000  0.23088236E-12  0.22398480E-13  0.23585411E-12   863.99999984   -23307.31095010
    3480    6.96000000 -0.24354113E-13  0.16897546E-12  0.14440270E-12   863.99999984   -23307.31095010
    3490    6.98000000  0.11413588E-12 -0.20542372E-13  0.80464064E-13   863.99999984   -23307.31095010
    3500    7.00000000 -0.12500301E-13  0.38271709E-12  0.29343763E-12   863.99999984   -23307.31095010
    3510    7.02000000 -0.45717632E-14 -0.28028221E-12  0.72397103E-13   863.99999984   -23307.31095010
    3520    7.04000000 -0.31484821E-12 -0.61574059E-13  0.21658298E-12   863.99999984   -23307.31095010
    3530    7.06000000 -0.18711315E-12 -0.59525077E-12  0.14271218E-12   863.99999983   -23307.31095010
    3540    7.08000000 -0.45037577E-12 -0.44542899E-12 -0.42492945E-12   863.99999983   -23307.31095010
    3550    7.10000000  0.18869737E-12 -0.55492632E-12  0.13807775E-12   863.99999983   -23307.31095010
    3560    7.12000000  0.26720164E-12 -0.99911018E-13  0.98179009E-13   863.99999983   -23307.31095010
    3570    7.14000000  0.25583580E-12 -0.14621189E-12  0.18405545E-12   863.99999983   -23307.31095010
    3580    7.16000000  0.43684558E-12  0.41156889E-12  0.22319156E-12   863.99999983   -23307.31095010
    3590    7.18000000  0.30542076E-12 -0.95470890E-14  0.18547355E-12   863.99999983   -23307.31095010
    3600    7.20000000  0.18311808E-12  0.51587964E-12  0.29329325E-12   863.99999983   -23307.31095010
    3610    7.22000000  0.53124099E-12  0.12239309E-12  0.80284985E-13   863.99999983   -23307.31095011
    3620    7.24000000  0.28711255E-13  0.14023613E-12  0.18988742E-12   863.99999983   -23307.31095011
    3630    7.26000000  0.37673479E-12 -0.48991901E-13 -0.19657937E-13   863.99999983   -23307.31095011
    3640    7.28000000  0.94231204E-13  0.35099053E-13 -0.19449260E-12   863.99999983   -23307.31095011
    3650    7.30000000 -0.11938178E-12  0.16858576E-13 -0.21994855E-12   863.99999983   -23307.31095011
    3660    7.32000000 -0.24249845E-12  0.12934788E-12 -0.17400377E-12   863.99999983   -23307.31095011
    3670    7.34000000 -0.26428459E-12 -0.51189863E-13 -0.21874872E-12   863.99999983   -23307.31095011
    3680    7.36000000 -0.12754569E-12 -0.73500185E-14  0.13956165E-13   863.99999983   -23307.31095011
    3690    7.38000000 -0.48976361E-12  0.74093224E-13 -0.68358703E-13   863.99999983   -23307.31095011
    3700    7.40000000 -0.20122422E-13  0.82677700E-13  0.12733339E-12   863.99999983   -23307.31095011
    3710    7.42000000 -0.34856719E-12  0.20781398E-12 -0.26934487E-12   863.99999983   -23307.31095011
    3720    7.44000000 -0.30310513E-12  0.31568316E-12 -0.90151278E-13   863.99999983   -23307.31095011
    3730    7.46000000 -0.11418322E-12  0.25972158E-12 -0.37927396E-12   863.99999983   -23307.31095011
    3740    7.48000000 -0.27971709E-12  0.46396824E-12  0.79596671E-13   863.99999982   -23307.31095011
    3750    7.50000000  0.15270629E-12  0.10445714E-12 -0.31619472E-12   863.99999982   -23307.31095011
    3760    7.52000000  0.25825241E-12 -0.15036551E-12 -0.21241252E-12   863.99999982   -23307.31095011
    3770    7.54000000 -0.93078130E-13 -0.10606010E-12  0.42753851E-12   863.99999982   -23307.31095011
    3780    7.56000000  0.25208014E-13 -0.45707231E-12  0.23280959E-12   863.99999982   -23307.31095011
    3790    7.58000000  0.88501114E-13 -0.13616880E-12  0.34062372E-12   863.99999982   -23307.31095012
    3800    7.60000000  0.12740365E-12 -0.37775745E-12  0.25384813E-12   863.99999982   -23307.31095012
    3810    7.62000000  0.19950417E-12 -0.20177543E-12  0.43470894E-12   863.99999982   -23307.31095012
    3820    7.64000000  0.25410082E-12 -0.31988436E-12  0.23088686E-12   863.99999982   -23307.31095012
    3830    7.66000000  0.23265651E-12 -0.93131312E-13  0.20957927E-12   863.99999982   -23307.31095012
    3840    7.68000000  0.17817390E-12  0.25496360E-13  0.27325319E-12   863.99999982   -23307.31095012
    3850    7.70000000  0.71847715E-13  0.58009343E-13 -0.29073756E-13   863.99999982   -23307.31095012
    3860    7.72000000 -0.26747194E-12  0.28932162E-12  0.79769415E-13   863.99999982   -23307.31095012
    3870    7.74000000 -0.26346345E-12  0.54196803E-12 -0.52406094E-12   863.99999982   -23307.31095012
    3880    7.76000000 -0.31324295E-12  0.31838521E-12 -0.43500734E-12   863.99999982   -23307.31095012
    3890    7.78000000 -0.16530956E-12  0.98155456E-13 -0.39170346E-12   863.99999982   -23307.31095012
    3900    7.80000000 -0.34995297E-12  0.25283000E-12 -0.54765184E-12   863.99999982   -23307.31095012
    3910    7.82000000 -0.16491129E-12  0.26469412E-12 -0.26187421E-12   863.99999982   -23307.31095012
    3920    7.84000000 -0.27288871E-12 -0.15311130E-12 -0.48072839E-12   863.99999982   -23307.31095012
    3930    7.86000000  0.10303992E-12 -0.26017141E-12 -0.25293610E-12   863.99999982   -23307.31095012
    3940    7.88000000  0.20262221E-12 -0.24133462E-12 -0.11661459E-12   863.99999982   -23307.31095012
    3950    7.90000000  0.34954076E-12 -0.24798546E-12  0.13505004E-13   863.99999981   -23307.31095012
    3960    7.92000000  0.21259882E-12 -0.30017858E-12  0.76677379E-14   863.99999981   -23307.31095012
    3970    7.94000000  0.24014635E-12  0.11638073E-13  0.21006556E-12   863.99999981   -23307.31095013
    3980    7.96000000  0.36612867E-13 -0.35570835E-12  0.54374305E-12   863.99999981   -23307.31095013
    3990    7.98000000  0.12941910E-12  0.31513909E-12  0.47992088E-12   863.99999981   -23307.31095013
    4000    8.00000000 -0.22763708E-12 -0.24395388E-12  0.56637044E-12   863.99999981   -23307.31095013
    4010    8.02000000 -0.14051073E-12  0.49617598E-13  0.66031881E-12   863.99999981   -23307.31095013
    4020    8.04000000 -0.42855306E-12 -0.25461055E-13  0.28266005E-12   863.99999981   -23307.31095013
    4030    8.06000000 -0.47055199E-12 -0.89635973E-13  0.33734005E-12   863.99999981   -23307.31095013
    4040    8.08000000 -0.23126878E-12  0.16235813E-13  0.53097277E-13   863.99999981   -23307.31095013
    4050    8.10000000 -0.20873069E-12  0.78436101E-14  0.13996953E-12   863.99999981   -23307.31095013
    4060    8.12000000 -0.14560839E-13  0.21038389E-12 -0.66728584E-13   863.99999981   -23307.31095013
    4070    8.14000000  0.26876817E-12  0.14366642E-12 -0.37288340E-13   863.99999981   -23307.31095013
    4080    8.16000000  0.58061870E-13 -0.90895350E-13 -0.53919102E-12   863.99999981   -23307.31095013
    4090    8.18000000  0.31301266E-12 -0.22102601E-12 -0.27016437E-12   863.99999981   -23307.31095013
    4100    8.20000000  0.21306932E-12 -0.81341231E-13 -0.55501309E-12   863.99999981   -23307.31095013
    4110    8.22000000  0.33767454E-12 -0.17838637E-12 -0.81557205E-13   863.99999981   -23307.31095013
    4120    8.24000000  0.34051183E-12 -0.24035737E-12 -0.75996879E-13   863.99999981   -23307.31095013
    4130    8.26000000  0.28805902E-12 -0.23821463E-12 -0.91082712E-13   863.99999981   -23307.31095013
    4140    8.28000000  0.48413292E-12 -0.20068173E-13 -0.23032652E-12   863.99999981   -23307.31095013
    4150    8.30000000  0.14219320E-12 -0.61362659E-17 -0.69256728E-13   863.99999981   -23307.31095014
    4160    8.32000000  0.37350440E-13 -0.17116044E-12 -0.47206643E-13   863.99999981   -23307.31095014
    4170    8.34000000 -0.17210738E-12  0.44436361E-12  0.60344217E-11   863.99999980   -23307.31095014
    4180    8.36000000 -0.19797819E-12 -0.16060855E-13  0.13550256E-09   863.99999980   -23307.31095014
    4190    8.38000000 -0.27984973E-12  0.34492418E-12  0.58125519E-09   863.99999980   -23307.31095014
    4200    8.40000000 -0.29589540E-12 -0.11402987E-12  0.11899128E-08   863.99999980   -23307.31095014
    4210    8.42000000  0.15047128E-12 -0.22178911E-12  0.10196866E-08   863.99999980   -23307.31095014
    4220    8.44000000  0.13260413E-12 -0.50025801E-12 -0.20521067E-08   863.99999980   -23307.31095014
    4230    8.46000000  0.10647092E-12  0.89595281E-12 -0.11655531E-07   863.99999980   -23307.31095014
    4240    8.48000000 -0.16284304E-11  0.68819267E-11 -0.33162285E-07   863.99999980   -23307.31095012
    4250    8.50000000 -0.74381966E-11  0.22996649E-10 -0.73823464E-07   863.99999980   -23307.31095006
    4260    8.52000000 -0.21793246E-10  0.58052951E-10 -0.14279763E-06   863.99999980   -23307.31094983
    4270    8.54000000 -0.51890576E-10  0.12567934E-09 -0.25107675E-06   863.99999980   -23307.31094915
    4280    8.56000000 -0.10871305E-09  0.24363555E-09 -0.41130554E-06   863.99999980   -23307.31094739
    4290    8.58000000 -0.20697365E-09  0.43573819E-09 -0.63750701E-06   863.99999980   -23307.31094334
    4300    8.60000000 -0.36705492E-09  0.72789826E-09 -0.94471193E-06   863.99999980   -23307.31093476
    4310    8.62000000 -0.61352323E-09  0.11520601E-08 -0.13485047E-05   863.99999980   -23307.31091790
    4320    8.64000000 -0.97633653E-09  0.17386617E-08 -0.18644891E-05   863.99999980   -23307.31088670
    4330    8.66000000 -0.14904251E-08  0.25211155E-08 -0.25076893E-05   863.99999980   -23307.31083200
    4340    8.68000000 -0.21964869E-08  0.35260930E-08 -0.32919000E-05   863.99999980   -23307.31074042
    4350    8.70000000 -0.31375325E-08  0.47761262E-08 -0.42289950E-05   863.99999980   -23307.31059336
    4360    8.72000000 -0.43604950E-08  0.62844665E-08 -0.53282241E-05   863.99999980   -23307.31036581
    4370    8.74000000 -0.59145402E-08  0.80489267E-08 -0.65955010E-05   863.99999980   -23307.31002544
    4380    8.76000000 -0.78478303E-08  0.10052821E-07 -0.80327185E-05   863.99999979   -23307.30953185
    4390    8.78000000 -0.10209792E-07  0.12259342E-07 -0.96370981E-05   863.99999979   -23307.30883629
    4400    8.80000000 -0.13043973E-07  0.14608421E-07 -0.11400602E-04   863.99999979   -23307.30788206
    4410    8.82000000 -0.16392609E-07  0.17017096E-07 -0.13309425E-04   863.99999979   -23307.30660556
    4420    8.84000000 -0.20288217E-07  0.19374228E-07 -0.15343580E-04   863.99999979   -23307.30493836
    4430    8.86000000 -0.24756588E-07  0.21542176E-07 -0.17476598E-04   863.99999979   -23307.30281030
    4440    8.88000000 -0.29812658E-07  0.23355895E-07 -0.19675357E-04   863.99999979   -23307.30015358
    4450    8.90000000 -0.35457552E-07  0.24622202E-07 -0.21900047E-04   863.99999979   -23307.29690789
    4460    8.92000000 -0.41679541E-07  0.25123126E-07 -0.24104285E-04   863.99999979   -23307.29302633
    4470    8.94000000 -0.48448387E-07  0.24617676E-07 -0.26235384E-04   863.99999979   -23307.28848192
    4480    8.96000000 -0.55717269E-07  0.22844750E-07 -0.28234776E-04   863.99999979   -23307.28327410
    4490    8.98000000 -0.63419740E-07  0.19530501E-07 -0.30038601E-04   863.99999979   -23307.27743496
    4500    9.00000000 -0.71468220E-07  0.14389901E-07 -0.31578438E-04   863.99999979   -23307.27103432
    4510    9.02000000 -0.79754770E-07  0.71374650E-08 -0.32782205E-04   863.99999979   -23307.26418300
    4520    9.04000000 -0.88149931E-07 -0.25077816E-08 -0.33575185E-04   863.99999979   -23307.25703362
    4530    9.06000000 -0.96501125E-07 -0.14811460E-07 -0.33881196E-04   863.99999979   -23307.24977800
    4540    9.08000000 -0.10463616E-06 -0.30017767E-07 -0.33623878E-04   863.99999979   -23307.24264055
    4550    9.10000000 -0.11236080E-06 -0.48335827E-07 -0.32728073E-04   863.99999979   -23307.23586703
    4560    9.12000000 -0.11946234E-06 -0.69935593E-07 -0.31121300E-04   863.99999979   -23307.22970828
    4570    9.14000000 -0.12571044E-06 -0.94932606E-07 -0.28735281E-04   863.99999979   -23307.22439875
    4580    9.16000000 -0.13085899E-06 -0.12338154E-06 -0.25507505E-04   863.99999979   -23307.22012996
    4590    9.18000000 -0.13464909E-06 -0.15526844E-06 -0.21382809E-04   863.99999978   -23307.21701938
    4600    9.20000000 -0.13681242E-06 -0.19049826E-06 -0.16314927E-04   863.99999978   -23307.21507567
    4610    9.22000000 -0.13707426E-06 -0.22889101E-06 -0.10268010E-04   863.99999978   -23307.21416140
    4620    9.24000000 -0.13515884E-06 -0.27017365E-06 -0.32180641E-05   863.99999978   -23307.21395509
    4630    9.26000000 -0.13079117E-06 -0.31397506E-06  0.48457091E-05   863.99999978   -23307.21391437
    4640    9.28000000 -0.12370514E-06 -0.35982247E-06  0.13919698E-04   863.99999978   -23307.21324271
    4650    9.30000000 -0.11364737E-06 -0.40713921E-06  0.23984822E-04   863.99999978   -23307.21086216
    4660    9.32000000 -0.10038202E-06 -0.45524538E-06  0.35005646E-04   863.99999978   -23307.20539459
    4670    9.34000000 -0.83697884E-07 -0.50335661E-06  0.46929705E-04   863.99999978   -23307.19515406
    4680    9.36000000 -0.63412300E-07 -0.55059109E-06  0.59687037E-04   863.99999978   -23307.17815266
    4690    9.38000000 -0.39380383E-07 -0.59597275E-06  0.73189964E-04   863.99999978   -23307.15212171
    4700    9.40000000 -0.11495785E-07 -0.63843810E-06  0.87333131E-04   863.99999978   -23307.11454989
    4710    9.42000000  0.20298619E-07 -0.67684887E-06  0.10199380E-03   863.99999978   -23307.06273908
    4720    9.44000000  0.56010438E-07 -0.71000118E-06  0.11703245E-03   863.99999978   -23306.99387794
    4730    9.46000000  0.95590673E-07 -0.73664156E-06  0.13229360E-03   863.99999978   -23306.90513235
    4740    9.48000000  0.13892920E-06 -0.75547986E-06  0.14760700E-03   863.99999978   -23306.79375092
    4750    9.50000000  0.18585422E-06 -0.76521133E-06  0.16278904E-03   863.99999978   -23306.65718262
    4760    9.52000000  0.23612748E-06 -0.76453149E-06  0.17764446E-03   863.99999978   -23306.49320281
    4770    9.54000000  0.28944424E-06 -0.75215949E-06  0.19196832E-03   863.99999978   -23306.30004288
    4780    9.56000000  0.34543350E-06 -0.72686145E-06  0.20554822E-03   863.99999978   -23306.07651798
    4790    9.58000000  0.40365799E-06 -0.68746981E-06  0.21816678E-03   863.99999977   -23305.82214680
    4800    9.60000000  0.46361734E-06 -0.63291272E-06  0.22960424E-03   863.99999977   -23305.53725681
    4810    9.62000000  0.52475114E-06 -0.56223292E-06  0.23964135E-03   863.99999977   -23305.22306858
    4820    9.64000000  0.58644280E-06 -0.47461496E-06  0.24806229E-03   863.99999977   -23304.88175274
    4830    9.66000000  0.64802782E-06 -0.36940904E-06  0.25465778E-03   863.99999977   -23304.51645381
    4840    9.68000000  0.70879952E-06 -0.24615096E-06  0.25922817E-03   863.99999977   -23304.13127620
    4850    9.70000000  0.76801821E-06 -0.10458764E-06  0.26158659E-03   863.99999977   -23303.73122863
    4860    9.72000000  0.82492029E-06  0.55307735E-07  0.26156205E-03   863.99999977   -23303.32212486
    4870    9.74000000  0.87872932E-06  0.23331427E-06  0.25900237E-03   863.99999977   -23302.91044058
    4880    9.76000000  0.92866632E-06  0.42895239E-06  0.25377708E-03   863.99999977   -23302.50312782
    4890    9.78000000  0.97396333E-06  0.64147005E-06  0.24578002E-03   863.99999977   -23302.10739088
    4900    9.80000000  0.10138718E-05  0.86983649E-06  0.23493169E-03   863.99999976   -23301.73042920
    4910    9.82000000  0.10476768E-05  0.11127386E-05  0.22118137E-03   863.99999976   -23301.37915505
    4920    9.84000000  0.10747074E-05  0.13685798E-05  0.20450881E-03   863.99999976   -23301.05989551
    4930    9.86000000  0.10943464E-05  0.16354869E-05  0.18492558E-03   863.99999976   -23300.77808939
    4940    9.88000000  0.11060409E-05  0.19113177E-05  0.16247604E-03   863.99999976   -23300.53799142
    4950    9.90000000  0.11093070E-05  0.21936755E-05  0.13723782E-03   863.99999976   -23300.34239584
    4960    9.92000000  0.11037402E-05  0.24799290E-05  0.10932197E-03   863.99999976   -23300.19239241
    4970    9.94000000  0.10890152E-05  0.27672303E-05  0.78872643E-04   863.99999976   -23300.08716664
    4980    9.96000000  0.10648906E-05  0.30525465E-05  0.46066348E-04   863.99999976   -23300.02385567
    4990    9.98000000  0.10312098E-05  0.33326846E-05  0.11110885E-04   863.99999976   -23299.99746911
    5000   10.00000000  0.98789770E-06  0.36043264E-05 -0.25756113E-04   863.99999976   -23300.00088258
    5010   10.02000000  0.93496119E-06  0.38640620E-05 -0.64268940E-04   863.99999976   -23300.02490894
    5020   10.04000000  0.87248162E-06  0.41084250E-05 -0.10413586E-03   863.99999976   -23300.05844971
    5030   10.06000000  0.80061548E-06  0.43339314E-05 -0.14504143E-03   863.99999976   -23300.08872595
    5040   10.08000000  0.71958666E-06  0.45371140E-05 -0.18664895E-03   863.99999976   -23300.10158517
    5050   10.10000000  0.62968473E-06  0.47145608E-05 -0.22860328E-03   863.99999975   -23300.08187749
    5060   10.12000000  0.53126411E-06  0.48629510E-05 -0.27053363E-03   863.99999975   -23300.01389156
    5070   10.14000000  0.42474138E-06  0.49790876E-05 -0.31205669E-03   863.99999975   -23299.88183809
    5080   10.16000000  0.31059874E-06  0.50599330E-05 -0.35277985E-03   863.99999975   -23299.67036625
    5090   10.18000000  0.18938851E-06  0.51026383E-05 -0.39230461E-03   863.99999975   -23299.36509660
    5100   10.20000000  0.61736970E-07  0.51045765E-05 -0.43023018E-03   863.99999975   -23298.95315248
    5110   10.22000000 -0.71644021E-07  0.50633655E-05 -0.46615730E-03   863.99999975   -23298.42367094
    5120   10.24000000 -0.20994931E-06  0.49769007E-05 -0.49969220E-03   863.99999975   -23297.76827414
    5130   10.26000000 -0.35226865E-06  0.48433755E-05 -0.53045090E-03   863.99999975   -23296.98148220
    5140   10.28000000 -0.49757480E-06  0.46613106E-05 -0.55806357E-03   863.99999975   -23296.06104994
    5150   10.30000000 -0.64471448E-06  0.44295761E-05 -0.58217919E-03   863.99999975   -23295.00821124
    5160   10.32000000 -0.79239904E-06  0.41474158E-05 -0.60247030E-03   863.99999975   -23293.82781771
    5170   10.34000000 -0.93920061E-06  0.38144736E-05 -0.61863789E-03   863.99999974   -23292.52836118
    5180   10.36000000 -0.10835510E-05  0.34308180E-05 -0.63041624E-03   863.99999974   -23291.12187339
    5190   10.38000000 -0.12237478E-05  0.29969674E-05 -0.63757778E-03   863.99999974   -23289.62370083
    5200   10.40000000 -0.13579645E-05  0.25139179E-05 -0.63993767E-03   863.99999974   -23288.05215715
    5210   10.42000000 -0.14842712E-05  0.19831712E-05 -0.63735804E-03   863.99999974   -23286.42806060
    5220   10.44000000 -0.16006585E-05  0.14067605E-05 -0.62975190E-03   863.99999974   -23284.77416914
    5230   10.46000000 -0.17050743E-05  0.78728084E-06 -0.61708621E-03   863.99999973   -23283.11453054
    5240   10.48000000 -0.17954620E-05  0.12791133E-06 -0.59938438E-03   863.99999973   -23281.47376887
    5250   10.50000000 -0.18698084E-05 -0.56755984E-06 -0.57672777E-03   863.99999973   -23279.87633286
    5260   10.52000000 -0.19261964E-05 -0.12947183E-05 -0.54925621E-03   863.99999973   -23278.34573369
    5270   10.54000000 -0.19628599E-05 -0.20485130E-05 -0.51716735E-03   863.99999973   -23276.90380150
    5280   10.56000000 -0.19782407E-05 -0.28232535E-05 -0.48071500E-03   863.99999973   -23275.56998976
    5290   10.58000000 -0.19710466E-05 -0.36126220E-05 -0.44020616E-03   863.99999972   -23274.36075550
    5300   10.60000000 -0.19403055E-05 -0.44096935E-05 -0.39599701E-03   863.99999972   -23273.28904028
    5310   10.62000000 -0.18854147E-05 -0.52069798E-05 -0.34848789E-03   863.99999972   -23272.36387312
    5320   10.64000000 -0.18061858E-05 -0.59964846E-05 -0.29811726E-03   863.99999972   -23271.59011113
    5330   10.66000000 -0.17028780E-05 -0.67697847E-05 -0.24535506E-03   863.99999972   -23270.96832758
    5340   10.68000000 -0.15762218E-05 -0.75181232E-05 -0.19069550E-03   863.99999972   -23270.49485083
    5350   10.70000000 -0.14274337E-05 -0.82325297E-05 -0.13464951E-03   863.99999971   -23270.16195077
    5360   10.72000000 -0.12582108E-05 -0.89039530E-05 -0.77737217E-04   863.99999971   -23269.95816315
    5370   10.74000000 -0.10707187E-05 -0.95234110E-05 -0.20480551E-04   863.99999971   -23269.86873650
    5380   10.76000000 -0.86755658E-06 -0.10082153E-04  0.36603712E-04   863.99999971   -23269.87618157
    5390   10.78000000 -0.65171676E-06 -0.10571828E-04  0.93010342E-04   863.99999971   -23269.96089977
    5400   10.80000000 -0.42651941E-06 -0.10984654E-04  0.14825129E-03   863.99999971   -23270.10186471
    5410   10.82000000 -0.19554630E-06 -0.11313582E-04  0.20186051E-03   863.99999971   -23270.27733010
    5420   10.84000000  0.37447649E-07 -0.11552458E-04  0.25339787E-03   863.99999971   -23270.46553776
    5430   10.86000000  0.26861999E-06 -0.11696154E-04  0.30245219E-03   863.99999971   -23270.64540070
    5440   10.88000000  0.49413963E-06 -0.11740694E-04  0.34864353E-03   863.99999970   -23270.79713911
    5450   10.90000000  0.71027950E-06 -0.11683342E-04  0.39162461E-03   863.99999970   -23270.90284978
    5460   10.92000000  0.91350943E-06 -0.11522664E-04  0.43108180E-03   863.99999970   -23270.94699336
    5470   10.94000000  0.11005793E-05 -0.11258561E-04  0.46673548E-03   863.99999970   -23270.91678758
    5480   10.96000000  0.12685919E-05 -0.10892264E-04  0.49834024E-03   863.99999970   -23270.80249831
    5490   10.98000000  0.14150568E-05 -0.10426303E-04  0.52568483E-03   863.99999970   -23270.59762418
    5500   11.00000000  0.15379333E-05 -0.98644408E-05  0.54859209E-03   863.99999970   -23270.29897377
    5510   11.02000000  0.16356446E-05 -0.92115780E-05  0.56691895E-03   863.99999970   -23269.90663767
    5520   11.04000000  0.17070826E-05 -0.84736437E-05  0.58055661E-03   863.99999970   -23269.42386067
    5530   11.06000000  0.17515887E-05 -0.76574584E-05  0.58943083E-03   863.99999970   -23268.85682162
    5540   11.08000000  0.17689167E-05 -0.67705937E-05  0.59350250E-03   863.99999970   -23268.21433095
    5550   11.10000000  0.17591910E-05 -0.58212154E-05  0.59276827E-03   863.99999969   -23267.50745780
    5560   11.12000000  0.17228452E-05 -0.48179396E-05  0.58726134E-03   863.99999969   -23266.74910019
    5570   11.14000000  0.16605700E-05 -0.37696815E-05  0.57705229E-03   863.99999969   -23265.95351314
    5580   11.16000000  0.15732486E-05 -0.26855209E-05  0.56224977E-03   863.99999969   -23265.13581049
    5590   11.18000000  0.14619078E-05 -0.15745803E-05  0.54300099E-03   863.99999969   -23264.31145692
    5600   11.20000000  0.13276723E-05 -0.44591792E-06  0.51949199E-03   863.99999969   -23263.49576660
    5610   11.22000000  0.11717300E-05  0.69155676E-06  0.49194737E-03   863.99999969   -23262.70342470
    5620   11.24000000  0.99531596E-06  0.18291552E-05  0.46062963E-03   863.99999969   -23261.94804706
    5630   11.26000000  0.79969875E-06  0.29584556E-05  0.42583779E-03   863.99999968   -23261.24179180
    5640   11.28000000  0.58619174E-06  0.40713374E-05  0.38790546E-03   863.99999968   -23260.59503484
    5650   11.30000000  0.35615886E-06  0.51600007E-05  0.34719822E-03   863.99999968   -23260.01611866
    5660   11.32000000  0.11104249E-06  0.62169694E-05  0.30411023E-03   863.99999968   -23259.51118107
    5670   11.34000000 -0.14761778E-06  0.72350959E-05  0.25906036E-03   863.99999968   -23259.08406718
    5680   11.36000000 -0.41815414E-06  0.82075508E-05  0.21248758E-03   863.99999968   -23258.73632497
    5690   11.38000000 -0.69875187E-06  0.91278230E-05  0.16484592E-03   863.99999968   -23258.46728114
    5700   11.40000000 -0.98742360E-06  0.99897175E-05  0.11659904E-03   863.99999968   -23258.27419109
    5710   11.42000000 -0.12819964E-05  0.10787362E-04  0.68214496E-04   863.99999968   -23258.15245395
    5720   11.44000000 -0.15801014E-05  0.11515222E-04  0.20157895E-04   863.99999967   -23258.09588118
    5730   11.46000000 -0.18791712E-05  0.12168129E-04 -0.27112984E-04   863.99999967   -23258.09700572
    5740   11.48000000 -0.21764409E-05  0.12741310E-04 -0.73153909E-04   863.99999967   -23258.14741744
    5750   11.50000000 -0.24689595E-05  0.13230440E-04 -0.11753966E-03   863.99999967   -23258.23811014
    5760   11.52000000 -0.27536038E-05  0.13631690E-04 -0.15986913E-03   863.99999967   -23258.35982589
    5770   11.54000000 -0.30270989E-05  0.13941782E-04 -0.19976994E-03   863.99999967   -23258.50338330
    5780   11.56000000 -0.32860454E-05  0.14158047E-04 -0.23690249E-03   863.99999967   -23258.65997783
    5790   11.58000000 -0.35269488E-05  0.14278475E-04 -0.27096345E-03   863.99999967   -23258.82144421
    5800   11.60000000 -0.37462579E-05  0.14301767E-04 -0.30168853E-03   863.99999967   -23258.98047344
    5810   11.62000000 -0.39404043E-05  0.14227373E-04 -0.32885469E-03   863.99999966   -23259.13077928
    5820   11.64000000 -0.41058494E-05  0.14055522E-04 -0.35228161E-03   863.99999966   -23259.26721161
    5830   11.66000000 -0.42391331E-05  0.13787238E-04 -0.37183258E-03   863.99999966   -23259.38581658
    5840   11.68000000 -0.43369290E-05  0.13424349E-04 -0.38741476E-03   863.99999966   -23259.48384591
    5850   11.70000000 -0.43961008E-05  0.12969481E-04 -0.39897892E-03   863.99999966   -23259.55971925
    5860   11.72000000 -0.44137651E-05  0.12426040E-04 -0.40651863E-03   863.99999966   -23259.61294570
    5870   11.74000000 -0.43873514E-05  0.11798184E-04 -0.41006907E-03   863.99999966   -23259.64401132
    5880   11.76000000 -0.43146704E-05  0.11090783E-04 -0.40970532E-03   863.99999966   -23259.65424058
    5890   11.78000000 -0.41939760E-05  0.10309373E-04 -0.40554044E-03   863.99999966   -23259.64563996
    5900   11.80000000 -0.40240311E-05  0.94600947E-05 -0.39772314E-03   863.99999966   -23259.62073194
    5910   11.82000000 -0.38041644E-05  0.85496333E-05 -0.38643525E-03   863.99999966   -23259.58238713
    5920   11.84000000 -0.35343237E-05  0.75851451E-05 -0.37188886E-03   863.99999965   -23259.53366180
    5930   11.86000000 -0.32151189E-05  0.65741832E-05 -0.35432344E-03   863.99999965   -23259.47764702
    5940   11.88000000 -0.28478526E-05  0.55246190E-05 -0.33400255E-03   863.99999965   -23259.41733438
    5950   11.90000000 -0.24345324E-05  0.44445582E-05 -0.31121062E-03   863.99999965   -23259.35550244
    5960   11.92000000 -0.19778704E-05  0.33422633E-05 -0.28624942E-03   863.99999965   -23259.29462614
    5970   11.94000000 -0.14812623E-05  0.22260685E-05 -0.25943456E-03   863.99999965   -23259.23681082
    5980   11.96000000 -0.94875010E-06  0.11043014E-05 -0.23109182E-03   863.99999965   -23259.18375068
    5990   11.98000000 -0.38496765E-06 -0.14791213E-07 -0.20155350E-03   863.99999965   -23259.13671072
    6000   12.00000000  0.20492487E-06 -0.11231166E-05 -0.17115471E-03   863.99999965   -23259.09653034
    6010   12.02000000  0.81532053E-06 -0.22128013E-05 -0.14022968E-03   863.99999965   -23259.06364550
    6020   12.04000000  0.14402459E-05 -0.32762493E-05 -0.10910816E-03   863.99999965   -23259.03812653
    6030   12.06000000  0.20734473E-05 -0.43061962E-05 -0.78111937E-04   863.99999964   -23259.01972753
    6040   12.08000000  0.27084795E-05 -0.52957541E-05 -0.47551402E-04   863.99999964   -23259.00794386
    6050   12.10000000  0.33387869E-05 -0.62384513E-05 -0.17722416E-04   863.99999964   -23259.00207362
    6060   12.12000000  0.39577864E-05 -0.71282667E-05  0.11096671E-04   863.99999964   -23259.00127996
    6070   12.14000000  0.45589453E-05 -0.79596644E-05  0.38647707E-04   863.99999964   -23259.00465067
    6080   12.16000000  0.51358544E-05 -0.87276181E-05  0.64695139E-04   863.99999964   -23259.01125279
    6090   12.18000000  0.56823029E-05 -0.94276422E-05  0.89028064E-04   863.99999964   -23259.02017990
    6100   12.20000000  0.61923495E-05 -0.10055818E-04  0.11146194E-03   863.99999964   -23259.03059085
    6110   12.22000000  0.66603900E-05 -0.10608822E-04  0.13183992E-03   863.99999964   -23259.04173901
    6120   12.24000000  0.70812311E-05 -0.11083955E-04  0.15003378E-03   863.99999964   -23259.05299201
    6130   12.26000000  0.74501546E-05 -0.11479168E-04  0.16594448E-03   863.99999964   -23259.06384224
    6140   12.28000000  0.77629814E-05 -0.11793089E-04  0.17950235E-03   863.99999963   -23259.07390892
    6150   12.30000000  0.80161339E-05 -0.12025041E-04  0.19066687E-03   863.99999963   -23259.08293297
    6160   12.32000000  0.82066832E-05 -0.12175061E-04  0.19942609E-03   863.99999963   -23259.09076616
    6170   12.34000000  0.83323947E-05 -0.12243899E-04  0.20579579E-03   863.99999963   -23259.09735601
    6180   12.36000000  0.83917590E-05 -0.12233014E-04  0.20981818E-03   863.99999963   -23259.10272797
    6190   12.38000000  0.83840075E-05 -0.12144554E-04  0.21156046E-03   863.99999963   -23259.10696668
    6200   12.40000000  0.83091201E-05 -0.11981318E-04  0.21111300E-03   863.99999963   -23259.11019721
    6210   12.42000000  0.81678131E-05 -0.11746708E-04  0.20858738E-03   863.99999963   -23259.11256786
    6220   12.44000000  0.79615180E-05 -0.11444665E-04  0.20411416E-03   863.99999963   -23259.11423510
    6230   12.46000000  0.76923458E-05 -0.11079594E-04  0.19784048E-03   863.99999963   -23259.11535126
    6240   12.48000000  0.73630462E-05 -0.10656277E-04  0.18992759E-03   863.99999963   -23259.11605543
    6250   12.50000000  0.69769502E-05 -0.10179792E-04  0.18054823E-03   863.99999963   -23259.11646743
    6260   12.52000000  0.65379225E-05 -0.96554146E-05  0.16988395E-03   863.99999962   -23259.11668471
    6270   12.54000000  0.60502926E-05 -0.90885403E-05  0.15812244E-03   863.99999962   -23259.11678186
    6280   12.56000000  0.55188038E-05 -0.84845981E-05  0.14545485E-03   863.99999962   -23259.11681212
    6290   12.58000000  0.49485462E-05 -0.78489837E-05  0.13207318E-03   863.99999962   -23259.11681035
    6300   12.60000000  0.43448977E-05 -0.71869969E-05  0.11816774E-03   863.99999962   -23259.11679690
    6310   12.62000000  0.37134671E-05 -0.65037926E-05  0.10392476E-03   863.99999962   -23259.11678165
    6320   12.64000000  0.30600306E-05 -0.58043441E-05  0.89524158E-04   863.99999962   -23259.11676797
    6330   12.66000000  0.23904771E-05 -0.50934170E-05  0.75137437E-04   863.99999962   -23259.11675592
    6340   12.68000000  0.17107433E-05 -0.43755537E-05  0.60925887E-04   863.99999962   -23259.11674469
    6350   12.70000000  0.10267573E-05 -0.36550649E-05  0.47039010E-04   863.99999962   -23259.11673384
    6360   12.72000000  0.34437859E-06 -0.29360311E-05  0.33613613E-04   863.99999962   -23259.11672328
    6370   12.74000000 -0.33066065E-06 -0.22223104E-05  0.20773188E-04   863.99999961   -23259.11671293
    6380   12.76000000 -0.99281041E-06 -0.15175486E-05  0.86273970E-05   863.99999961   -23259.11670275
    6390   12.78000000 -0.16367532E-05 -0.82519559E-06 -0.27282735E-05   863.99999961   -23259.11669270
    6400   12.80000000 -0.22574507E-05 -0.14852064E-06 -0.13212673E-04   863.99999961   -23259.11668278
    6410   12.82000000 -0.28501802E-05  0.50936526E-06 -0.22759005E-04   863.99999961   -23259.11667297
    6420   12.84000000 -0.34105686E-05  0.11454973E-05 -0.31314678E-04   863.99999961   -23259.11666330
    6430   12.86000000 -0.39346142E-05  0.17570358E-05 -0.38841039E-04   863.99999961   -23259.11665379
    6440   12.88000000 -0.44187044E-05  0.23412589E-05 -0.45312959E-04   863.99999961   -23259.11664446
    6450   12.90000000 -0.48596247E-05  0.28955524E-05 -0.50718316E-04   863.99999961   -23259.11663534
    6460   12.92000000 -0.52545663E-05  0.34174054E-05 -0.55057379E-04   863.99999961   -23259.11662646
    6470   12.94000000 -0.56011242E-05  0.39044168E-05 -0.58342096E-04   863.99999961   -23259.11661786
    6480   12.96000000 -0.58972999E-05  0.43542995E-05 -0.60595329E-04   863.99999960   -23259.11660957
    6490   12.98000000 -0.61414963E-05  0.47648963E-05 -0.61850025E-04   863.99999960   -23259.11660159
    6500   13.00000000 -0.63325159E-05  0.51341972E-05 -0.62148328E-04   863.99999960   -23259.11659396
    6510   13.02000000 -0.64695578E-05  0.54603625E-05 -0.61540683E-04   863.99999960   -23259.11658668
    6520   13.04000000 -0.65522133E-05  0.57417470E-05 -0.60084890E-04   863.99999960   -23259.11657975
    6530   13.06000000 -0.65804632E-05  0.59769247E-05 -0.57845147E-04   863.99999960   -23259.11657318
    6540   13.08000000 -0.65546719E-05  0.61647189E-05 -0.54891094E-04   863.99999960   -23259.11656695
    6550   13.10000000 -0.64755828E-05  0.63042229E-05 -0.51296831E-04   863.99999960   -23259.11656106
    6560   13.12000000 -0.63443107E-05  0.63948252E-05 -0.47139959E-04   863.99999960   -23259.11655548
    6570   13.14000000 -0.61623335E-05  0.64362292E-05 -0.42500613E-04   863.99999960   -23259.11655019
    6580   13.16000000 -0.59314858E-05  0.64284697E-05 -0.37460525E-04   863.99999960   -23259.11654517
    6590   13.18000000 -0.56539492E-05  0.63719261E-05 -0.32102088E-04   863.99999959   -23259.11654038
    6600   13.20000000 -0.53322478E-05  0.62673308E-05 -0.26507469E-04   863.99999959   -23259.11653579
    6610   13.22000000 -0.49692398E-05  0.61157763E-05 -0.20757737E-04   863.99999959   -23259.11653139
    6620   13.24000000 -0.45681134E-05  0.59187158E-05 -0.14932050E-04   863.99999959   -23259.11652713
    6630   13.26000000 -0.41323824E-05  0.56779589E-05 -0.91068810E-05   863.99999959   -23259.11652300
    6640   13.28000000 -0.36658750E-05  0.53956674E-05 -0.33553138E-05   863.99999959   -23259.11651897
    6650   13.30000000 -0.31727256E-05  0.50743411E-05  0.22536062E-05   863.99999959   -23259.11651502
    6660   13.32000000 -0.26573562E-05  0.47168009E-05  0.76554422E-05   863.99999959   -23259.11651113
    6670   13.34000000 -0.21244514E-05  0.43261700E-05  0.12790869E-04   863.99999959   -23259.11650730
    6680   13.36000000 -0.15789219E-05  0.39058426E-05  0.17606095E-04   863.99999959   -23259.11650352
    6690   13.38000000 -0.10258619E-05  0.34594567E-05  0.22053213E-04   863.99999959   -23259.11649977
    6700   13.40000000 -0.47049033E-06  0.29908562E-05  0.26090471E-04   863.99999958   -23259.11649606
    6710   13.42000000  0.81911730E-07  0.25040538E-05  0.29682472E-04   863.99999958   -23259.11649238
    6720   13.44000000  0.62607405E-06  0.20031901E-05  0.32800299E-04   863.99999958   -23259.11648873
    6730   13.46000000  0.11568113E-05  0.14924921E-05  0.35421576E-04   863.99999958   -23259.11648512
    6740   13.48000000  0.16690984E-05  0.97623301E-06  0.37530453E-04   863.99999958   -23259.11648154
    6750   13.50000000  0.21581434E-05  0.45868944E-06  0.39117532E-04   863.99999958   -23259.11647801
    6760   13.52000000  0.26194524E-05 -0.55892065E-07  0.40179732E-04   863.99999958   -23259.11647452
    6770   13.54000000  0.30488849E-05 -0.56333798E-06  0.40720092E-04   863.99999958   -23259.11647108
    6780   13.56000000  0.34426983E-05 -0.10595754E-05  0.40747523E-04   863.99999958   -23259.11646769
    6790   13.58000000  0.37975817E-05 -0.15406708E-05  0.40276507E-04   863.99999958   -23259.11646436
    6800   13.60000000  0.41106756E-05 -0.20028596E-05  0.39326753E-04   863.99999958   -23259.11646110
    6810   13.62000000  0.43795849E-05 -0.24425774E-05  0.37922816E-04   863.99999957   -23259.11645790
    6820   13.64000000  0.46023780E-05 -0.28564911E-05  0.36093673E-04   863.99999957   -23259.11645477
    6830   13.66000000  0.47775869E-05 -0.32415340E-05  0.33872274E-04   863.99999957   -23259.11645171
    6840   13.68000000  0.49041962E-05 -0.35949340E-05  0.31295075E-04   863.99999957   -23259.11644873
    6850   13.70000000  0.49816366E-05 -0.39142468E-05  0.28401536E-04   863.99999957   -23259.11644583
    6860   13.72000000  0.50097721E-05 -0.41973858E-05  0.25233620E-04   863.99999957   -23259.11644302
    6870   13.74000000  0.49888940E-05 -0.44426492E-05  0.21835275E-04   863.99999957   -23259.11644029
    6880   13.76000000  0.49197095E-05 -0.46487435E-05  0.18251904E-04   863.99999957   -23259.11643765
    6890   13.78000000  0.48033369E-05 -0.48148003E-05  0.14529845E-04   863.99999957   -23259.11643509
    6900   13.80000000  0.46412990E-05 -0.49403868E-05  0.10715843E-04   863.99999957   -23259.11643262
    6910   13.82000000  0.44355122E-05 -0.50255104E-05  0.68565350E-05   863.99999957   -23259.11643023
    6920   13.84000000  0.41882816E-05 -0.50706088E-05  0.29979381E-05   863.99999956   -23259.11642791
    6930   13.86000000  0.39022867E-05 -0.50765403E-05 -0.81503531E-06   863.99999956   -23259.11642567
    6940   13.88000000  0.35805636E-05 -0.50445602E-05 -0.45390505E-05   863.99999956   -23259.11642348
    6950   13.90000000  0.32264863E-05 -0.49762893E-05 -0.81327932E-05   863.99999956   -23259.11642136
    6960   13.92000000  0.28437351E-05 -0.48736849E-05 -0.11557380E-04   863.99999956   -23259.11641928
    6970   13.94000000  0.24362659E-05 -0.47389939E-05 -0.14776738E-04   863.99999956   -23259.11641723
    6980   13.96000000  0.20082660E-05 -0.45747178E-05 -0.17757936E-04   863.99999956   -23259.11641522
    6990   13.98000000  0.15641090E-05 -0.43835634E-05 -0.20471482E-04   863.99999956   -23259.11641322
    7000   14.00000000  0.11083016E-05 -0.41684010E-05 -0.22891568E-04   863.99999956   -23259.11641124
    7010   14.02000000  0.64543060E-06 -0.39322166E-05 -0.24996268E-04   863.99999956   -23259.11640926
    7020   14.04000000  0.18010382E-06 -0.36780707E-05 -0.26767690E-04   863.99999956   -23259.11640728
    7030   14.06000000 -0.28310184E-06 -0.34090506E-05 -0.28192071E-04   863.99999955   -23259.11640530
    7040   14.08000000 -0.73969581E-06 -0.31282281E-05 -0.29259833E-04   863.99999955   -23259.11640332
    7050   14.10000000 -0.11853201E-05 -0.28386188E-05 -0.29965581E-04   863.99999955   -23259.11640134
    7060   14.12000000 -0.16157905E-05 -0.25431387E-05 -0.30308048E-04   863.99999955   -23259.11639936
    7070   14.14000000 -0.20271322E-05 -0.22445677E-05 -0.30290012E-04   863.99999955   -23259.11639740
    7080   14.16000000 -0.24156078E-05 -0.19455125E-05 -0.29918136E-04   863.99999955   -23259.11639545
    7090   14.18000000 -0.27777380E-05 -0.16483770E-05 -0.29202796E-04   863.99999955   -23259.11639352
    7100   14.20000000 -0.31103197E-05 -0.13553357E-05 -0.28157842E-04   863.99999955   -23259.11639162
    7110   14.22000000 -0.34104381E-05 -0.10683176E-05 -0.26800338E-04   863.99999955   -23259.11638975
    7120   14.24000000 -0.36754781E-05 -0.78899525E-06 -0.25150265E-04   863.99999955   -23259.11638793
    7130   14.26000000 -0.39031351E-05 -0.51878605E-06 -0.23230205E-04   863.99999955   -23259.11638614
    7140   14.28000000 -0.40914237E-05 -0.25886160E-06 -0.21064997E-04   863.99999954   -23259.11638441
    7150   14.30000000 -0.42386935E-05 -0.10169946E-07 -0.18681396E-04   863.99999954   -23259.11638272
    7160   14.32000000 -0.43436360E-05  0.22653768E-06 -0.16107723E-04   863.99999954   -23259.11638108
    7170   14.34000000 -0.44053077E-05  0.45066983E-06 -0.13373511E-04   863.99999954   -23259.11637949
    7180   14.36000000 -0.44231396E-05  0.66175346E-06 -0.10509170E-04   863.99999954   -23259.11637794
    7190   14.38000000 -0.43969565E-05  0.85939057E-06 -0.75456537E-05   863.99999954   -23259.11637644
    7200   14.40000000 -0.43269895E-05  0.10432151E-05 -0.45141372E-05   863.99999954   -23259.11637497
    7210   14.42000000 -0.42138906E-05  0.12128546E-05 -0.14457142E-05   863.99999954   -23259.11637354
    7220   14.44000000 -0.40587391E-05  0.13678949E-05  0.16288985E-05   863.99999954   -23259.11637213
    7230   14.46000000 -0.38630458E-05  0.15078590E-05  0.46796413E-05   863.99999954   -23259.11637076
    7240   14.48000000 -0.36287512E-05  0.16321908E-05  0.76773794E-05   863.99999954   -23259.11636941
    7250   14.50000000 -0.33582162E-05  0.17402538E-05  0.10594156E-04   863.99999953   -23259.11636808
    7260   14.52000000 -0.30542026E-05  0.18313414E-05  0.13403430E-04   863.99999953   -23259.11636676
    7270   14.54000000 -0.27198547E-05  0.19046949E-05  0.16080299E-04   863.99999953   -23259.11636547
    7280   14.56000000 -0.23586613E-05  0.19595368E-05  0.18601701E-04   863.99999953   -23259.11636418
    7290   14.58000000 -0.19744220E-05  0.19951041E-05  0.20946593E-04   863.99999953   -23259.11636291
    7300   14.60000000 -0.15711983E-05  0.20106953E-05  0.23096107E-04   863.99999953   -23259.11636164
    7310   14.62000000 -0.11532659E-05  0.20057144E-05  0.25033674E-04   863.99999953   -23259.11636039
    7320   14.64000000 -0.72505941E-06  0.19797186E-05  0.26745128E-04   863.99999953   -23259.11635914
    7330   14.66000000 -0.29111403E-06  0.19324606E-05  0.28218765E-04   863.99999953   -23259.11635791
    7340   14.68000000  0.14399071E-06  0.18639301E-05  0.29445386E-04   863.99999953   -23259.11635668
    7350   14.70000000  0.57569080E-06  0.17743847E-05  0.30418292E-04   863.99999953   -23259.11635546
    7360   14.72000000  0.99948917E-06  0.16643743E-05  0.31133268E-04   863.99999953   -23259.11635425
    7370   14.74000000  0.14110145E-05  0.15347582E-05  0.31588520E-04   863.99999952   -23259.11635305
    7380   14.76000000  0.18060630E-05  0.13867046E-05  0.31784600E-04   863.99999952   -23259.11635186
    7390   14.78000000  0.21806471E-05  0.12216889E-05  0.31724304E-04   863.99999952   -23259.11635068
    7400   14.80000000  0.25310329E-05  0.10414736E-05  0.31412548E-04   863.99999952   -23259.11634950
    7410   14.82000000  0.28537722E-05  0.84808488E-06  0.30856243E-04   863.99999952   -23259.11634833
    7420   14.84000000  0.31457382E-05  0.64377816E-06  0.30064144E-04   863.99999952   -23259.11634716
    7430   14.86000000  0.34041456E-05  0.43099711E-06  0.29046713E-04   863.99999952   -23259.11634600
    7440   14.88000000  0.36265768E-05  0.21233084E-06  0.27815971E-04   863.99999952   -23259.11634484
    7450   14.90000000  0.38110007E-05 -0.95328721E-08  0.26385362E-04   863.99999952   -23259.11634369
    7460   14.92000000  0.39557861E-05 -0.23185646E-06  0.24769621E-04   863.99999952   -23259.11634254
    7470   14.94000000  0.40597189E-05 -0.45189641E-06  0.22984665E-04   863.99999952   -23259.11634140
    7480   14.96000000  0.41220039E-05 -0.66695202E-06  0.21047475E-04   863.99999951   -23259.11634027
    7490   14.98000000  0.41422747E-05 -0.87440184E-06  0.18976013E-04   863.99999951   -23259.11633914
    7500   15.00000000  0.41205877E-05 -0.10717474E-05  0.16789129E-04   863.99999951   -23259.11633804
    7510   15.02000000  0.40574173E-05 -0.12566441E-05  0.14506484E-04   863.99999951   -23259.11633695
    7520   15.04000000  0.39536447E-05 -0.14269375E-05  0.12148465E-04   863.99999951   -23259.11633589
    7530   15.06000000  0.38105365E-05 -0.15806868E-05  0.97360977E-05   863.99999951   -23259.11633485
    7540   15.08000000  0.36297258E-05 -0.17161916E-05  0.72909452E-05   863.99999951   -23259.11633383
    7550   15.10000000  0.34131816E-05 -0.18320156E-05  0.48349838E-05   863.99999951   -23259.11633285
    7560   15.12000000  0.31631836E-05 -0.19270007E-05  0.23904630E-05   863.99999951   -23259.11633189
    7570   15.14000000  0.28822887E-05 -0.20002844E-05 -0.20271043E-07   863.99999951   -23259.11633095
    7580   15.16000000  0.25733014E-05 -0.20513077E-05 -0.23749724E-05   863.99999951   -23259.11633004
    7590   15.18000000  0.22392455E-05 -0.20798217E-05 -0.46517224E-05   863.99999950   -23259.11632915
    7600   15.20000000  0.18833374E-05 -0.20858912E-05 -0.68291802E-05   863.99999950   -23259.11632829
    7610   15.22000000  0.15089611E-05 -0.20698853E-05 -0.88868484E-05   863.99999950   -23259.11632743
    7620   15.24000000  0.11196510E-05 -0.20324800E-05 -0.10805353E-04   863.99999950   -23259.11632659
    7630   15.26000000  0.71906693E-06 -0.19746375E-05 -0.12566722E-04   863.99999950   -23259.11632575
    7640   15.28000000  0.31098176E-06 -0.18976008E-05 -0.14154660E-04   863.99999950   -23259.11632492
    7650   15.30000000 -0.10074082E-06 -0.18028718E-05 -0.15554806E-04   863.99999950   -23259.11632408
    7660   15.32000000 -0.51216607E-06 -0.16921963E-05 -0.16754962E-04   863.99999950   -23259.11632324
    7670   15.34000000 -0.91931313E-06 -0.15675406E-05 -0.17745305E-04   863.99999950   -23259.11632239
    7680   15.36000000 -0.13181847E-05 -0.14310718E-05 -0.18518544E-04   863.99999950   -23259.11632154
    7690   15.38000000 -0.17048016E-05 -0.12851288E-05 -0.19070051E-04   863.99999950   -23259.11632068
    7700   15.40000000 -0.20752460E-05 -0.11321983E-05 -0.19397935E-04   863.99999949   -23259.11631980
    7710   15.42000000 -0.24257067E-05 -0.97487716E-06 -0.19503076E-04   863.99999949   -23259.11631893
    7720   15.44000000 -0.27525319E-05 -0.81584111E-06 -0.19389119E-04   863.99999949   -23259.11631804
    7730   15.46000000 -0.30522846E-05 -0.65779907E-06 -0.19062402E-04   863.99999949   -23259.11631716
    7740   15.48000000 -0.33218026E-05 -0.50344970E-06 -0.18531860E-04   863.99999949   -23259.11631628
    7750   15.50000000 -0.35582520E-05 -0.35543065E-06 -0.17808873E-04   863.99999949   -23259.11631540
    7760   15.52000000 -0.37591869E-05 -0.21626343E-06 -0.16907074E-04   863.99999949   -23259.11631453
    7770   15.54000000 -0.39225950E-05 -0.88302612E-07 -0.15842123E-04   863.99999949   -23259.11631367
    7780   15.56000000 -0.40469476E-05  0.26322836E-07 -0.14631441E-04   863.99999949   -23259.11631283
    7790   15.58000000 -0.41312285E-05  0.12575406E-06 -0.13293922E-04   863.99999949   -23259.11631200
    7800   15.60000000 -0.41749605E-05  0.20845394E-06 -0.11849608E-04   863.99999949   -23259.11631119
    7810   15.62000000 -0.41782170E-05  0.27324006E-06 -0.10319358E-04   863.99999948   -23259.11631040
    7820   15.64000000 -0.41416177E-05  0.31931454E-06 -0.87244985E-05   863.99999948   -23259.11630963
    7830   15.66000000 -0.40663158E-05  0.34627958E-06 -0.70864761E-05   863.99999948   -23259.11630887
    7840   15.68000000 -0.39539671E-05  0.35414440E-06 -0.54265086E-05   863.99999948   -23259.11630813
    7850   15.70000000 -0.38066897E-05  0.34331673E-06 -0.37652567E-05   863.99999948   -23259.11630741
    7860   15.72000000 -0.36270145E-05  0.31458620E-06 -0.21225127E-05   863.99999948   -23259.11630669
    7870   15.74000000 -0.34178220E-05  0.26909611E-06 -0.51692456E-06   863.99999948   -23259.11630598
    7880   15.76000000 -0.31822837E-05  0.20830546E-06  0.10342500E-05   863.99999948   -23259.11630528
    7890   15.78000000 -0.29237872E-05  0.13394604E-06  0.25153453E-05   863.99999948   -23259.11630457
    7900   15.80000000 -0.26458770E-05  0.47970808E-07  0.39124414E-05   863.99999948   -23259.11630387
    7910   15.82000000 -0.23521821E-05 -0.47499235E-07  0.52134809E-05   863.99999948   -23259.11630318
    7920   15.84000000 -0.20463594E-05 -0.15023189E-06  0.64083265E-05   863.99999947   -23259.11630248
    7930   15.86000000 -0.17320383E-05 -0.25794252E-06  0.74887889E-05   863.99999947   -23259.11630178
    7940   15.88000000 -0.14127696E-05 -0.36834708E-06  0.84486029E-05   863.99999947   -23259.11630109
    7950   15.90000000 -0.10919872E-05 -0.47922170E-06  0.92833723E-05   863.99999947   -23259.11630039
    7960   15.92000000 -0.77297014E-06 -0.58844607E-06  0.99904855E-05   863.99999947   -23259.11629971
    7970   15.94000000 -0.45882095E-06 -0.69405474E-06  0.10569002E-04   863.99999947   -23259.11629903
    7980   15.96000000 -0.15243509E-06 -0.79426748E-06  0.11019524E-04   863.99999947   -23259.11629835
    7990   15.98000000  0.14350785E-06 -0.88752448E-06  0.11344055E-04   863.99999947   -23259.11629769
    8000   16.00000000  0.42656033E-06 -0.97250137E-06  0.11545848E-04   863.99999947   -23259.11629703
    8010   16.02000000  0.69451654E-06 -0.10481210E-05  0.11629253E-04   863.99999947   -23259.11629639
    8020   16.04000000  0.94541511E-06 -0.11135529E-05  0.11599570E-04   863.99999947   -23259.11629576
    8030   16.06000000  0.11775481E-05 -0.11682051E-05  0.11462902E-04   863.99999946   -23259.11629514
    8040   16.08000000  0.13894587E-05 -0.12117088E-05  0.11226019E-04   863.99999946   -23259.11629453
    8050   16.10000000  0.15799434E-05 -0.12438961E-05  0.10896225E-04   863.99999946   -23259.11629393
    8060   16.12000000  0.17480504E-05 -0.12647774E-05  0.10481252E-04   863.99999946   -23259.11629334
    8070   16.14000000  0.18930773E-05 -0.12745153E-05  0.99891421E-05   863.99999946   -23259.11629276
    8080   16.16000000  0.20145655E-05 -0.12734015E-05  0.94281620E-05   863.99999946   -23259.11629219
    8090   16.18000000  0.21122922E-05 -0.12618345E-05  0.88067153E-05   863.99999946   -23259.11629162
    8100   16.20000000  0.21862621E-05 -0.12403012E-05  0.81332690E-05   863.99999946   -23259.11629106
    8110   16.22000000  0.22366974E-05 -0.12093652E-05  0.74162932E-05   863.99999946   -23259.11629050
    8120   16.24000000  0.22640225E-05 -0.11696523E-05  0.66642025E-05   863.99999946   -23259.11628995
    8130   16.26000000  0.22688545E-05 -0.11218435E-05  0.58853106E-05   863.99999946   -23259.11628939
    8140   16.28000000  0.22519862E-05 -0.10666682E-05  0.50877889E-05   863.99999945   -23259.11628884
    8150   16.30000000  0.22143745E-05 -0.10048925E-05  0.42796260E-05   863.99999945   -23259.11628830
    8160   16.32000000  0.21571278E-05 -0.93731327E-06  0.34686010E-05   863.99999945   -23259.11628775
    8170   16.34000000  0.20814943E-05 -0.86474483E-06  0.26622457E-05   863.99999945   -23259.11628721
    8180   16.36000000  0.19888522E-05 -0.78800700E-06  0.18678163E-05   863.99999945   -23259.11628667
    8190   16.38000000  0.18806992E-05 -0.70790887E-06  0.10922627E-05   863.99999945   -23259.11628613
    8200   16.40000000  0.17586453E-05 -0.62523322E-06  0.34219142E-06   863.99999945   -23259.11628559
    8210   16.42000000  0.16243987E-05 -0.54072265E-06 -0.37616687E-06   863.99999945   -23259.11628505
    8220   16.44000000  0.14797598E-05 -0.45506137E-06 -0.10570002E-05   863.99999945   -23259.11628452
    8230   16.46000000  0.13266035E-05 -0.36886831E-06 -0.16949494E-05   863.99999945   -23259.11628398
    8240   16.48000000  0.11668680E-05 -0.28268409E-06 -0.22851569E-05   863.99999945   -23259.11628345
    8250   16.50000000  0.10025337E-05 -0.19697013E-06 -0.28233034E-05   863.99999945   -23259.11628291
    8260   16.52000000  0.83560637E-06 -0.11210878E-06 -0.33056504E-05   863.99999944   -23259.11628238
    8270   16.54000000  0.66809110E-06 -0.28404971E-07 -0.37290742E-05   863.99999944   -23259.11628185
    8280   16.56000000  0.50197131E-06  0.53898336E-07 -0.40911006E-05   863.99999944   -23259.11628133
    8290   16.58000000  0.33918089E-06  0.13461177E-06 -0.43899206E-05   863.99999944   -23259.11628080
    8300   16.60000000  0.18158044E-06  0.21357877E-06 -0.46244136E-05   863.99999944   -23259.11628028
    8310   16.62000000  0.30930219E-07  0.29065691E-06 -0.47941400E-05   863.99999944   -23259.11627976
    8320   16.64000000 -0.11113568E-06  0.36569501E-06 -0.48993412E-05   863.99999944   -23259.11627925
    8330   16.66000000 -0.24312893E-06  0.43851045E-06 -0.49409158E-05   863.99999944   -23259.11627875
    8340   16.68000000 -0.36373211E-06  0.50886631E-06 -0.49203895E-05   863.99999944   -23259.11627825
    8350   16.70000000 -0.47181444E-06  0.57645155E-06 -0.48398776E-05   863.99999944   -23259.11627776
    8360   16.72000000 -0.56644841E-06  0.64086131E-06 -0.47020334E-05   863.99999944   -23259.11627727
    8370   16.74000000 -0.64692008E-06  0.70158584E-06 -0.45099990E-05   863.99999943   -23259.11627679
    8380   16.76000000 -0.71273826E-06  0.75799793E-06 -0.42673437E-05   863.99999943   -23259.11627632
    8390   16.78000000 -0.76363505E-06  0.80935700E-06 -0.39780116E-05   863.99999943   -23259.11627585
    8400   16.80000000 -0.79956647E-06  0.85480984E-06 -0.36462607E-05   863.99999943   -23259.11627539
    8410   16.82000000 -0.82070394E-06  0.89340504E-06 -0.32766111E-05   863.99999943   -23259.11627493
    8420   16.84000000 -0.82742294E-06  0.92411151E-06 -0.28737945E-05   863.99999943   -23259.11627448
    8430   16.86000000 -0.82028547E-06  0.94584432E-06 -0.24427074E-05   863.99999943   -23259.11627403
    8440   16.88000000 -0.80001853E-06  0.95749826E-06 -0.19883711E-05   863.99999943   -23259.11627357
    8450   16.90000000 -0.76748801E-06  0.95797987E-06 -0.15158899E-05   863.99999943   -23259.11627312
    8460   16.92000000 -0.72367025E-06  0.94625132E-06 -0.10304173E-05   863.99999943   -23259.11627267
    8470   16.94000000 -0.66962170E-06  0.92136520E-06 -0.53711701E-06   863.99999943   -23259.11627222
    8480   16.96000000 -0.60644904E-06  0.88251136E-06 -0.41129949E-07   863.99999942   -23259.11627177
    8490   16.98000000 -0.53527882E-06  0.82904943E-06  0.45246442E-06   863.99999942   -23259.11627132
    8500   17.00000000 -0.45723377E-06  0.76055042E-06  0.93868621E-06   863.99999942   -23259.11627086
    8510   17.02000000 -0.37341028E-06  0.67682495E-06  0.14126942E-05   863.99999942   -23259.11627040
    8520   17.04000000 -0.28486439E-06  0.57794855E-06  0.18698279E-05   863.99999942   -23259.11626995
    8530   17.06000000 -0.19260078E-06  0.46428456E-06  0.23056462E-05   863.99999942   -23259.11626949
    8540   17.08000000 -0.97572133E-07  0.33648910E-06  0.27159695E-05   863.99999942   -23259.11626904
    8550   17.10000000 -0.67944776E-09  0.19552135E-06  0.30969159E-05   863.99999942   -23259.11626858
    8560   17.12000000  0.97220096E-07  0.42630486E-07  0.34449387E-05   863.99999942   -23259.11626813
    8570   17.14000000  0.19530098E-06 -0.12065476E-06  0.37568566E-05   863.99999942   -23259.11626768
    8580   17.16000000  0.29276044E-06 -0.29254886E-06  0.40298845E-05   863.99999942   -23259.11626724
    8590   17.18000000  0.38880146E-06 -0.47104212E-06  0.42616539E-05   863.99999941   -23259.11626680
    8600   17.20000000  0.48262390E-06 -0.65393742E-06  0.44502354E-05   863.99999941   -23259.11626636
    8610   17.22000000  0.57341712E-06 -0.83889222E-06  0.45941545E-05   863.99999941   -23259.11626593
    8620   17.24000000  0.66034924E-06 -0.10234684E-05  0.46924004E-05   863.99999941   -23259.11626550
    8630   17.26000000  0.74257238E-06 -0.12051813E-05  0.47444354E-05   863.99999941   -23259.11626508
    8640   17.28000000  0.81921764E-06 -0.13815531E-05  0.47501946E-05   863.99999941   -23259.11626466
    8650   17.30000000  0.88940816E-06 -0.15501670E-05  0.47100880E-05   863.99999941   -23259.11626423
    8660   17.32000000  0.95226471E-06 -0.17087169E-05  0.46249900E-05   863.99999941   -23259.11626381
    8670   17.34000000  0.10069218E-05 -0.18550575E-05  0.44962315E-05   863.99999941   -23259.11626339
    8680   17.36000000  0.10525425E-05 -0.19872488E-05  0.43255807E-05   863.99999941   -23259.11626296
    8690   17.38000000  0.10883366E-05 -0.21035938E-05  0.41152244E-05   863.99999941   -23259.11626254
    8700   17.40000000  0.11135807E-05 -0.22026716E-05  0.38677387E-05   863.99999940   -23259.11626211
    8710   17.42000000  0.11276353E-05 -0.22833575E-05  0.35860591E-05   863.99999940   -23259.11626168
    8720   17.44000000  0.11299693E-05 -0.23448385E-05  0.32734444E-05   863.99999940   -23259.11626125
    8730   17.46000000  0.11201726E-05 -0.23866183E-05  0.29334339E-05   863.99999940   -23259.11626081
    8740   17.48000000  0.10979800E-05 -0.24085109E-05  0.25698059E-05   863.99999940   -23259.11626037
    8750   17.50000000  0.10632811E-05 -0.24106288E-05  0.21865300E-05   863.99999940   -23259.11625993
    8760   17.52000000  0.10161385E-05 -0.23933626E-05  0.17877180E-05   863.99999940   -23259.11625949
    8770   17.54000000  0.95679674E-06 -0.23573560E-05  0.13775771E-05   863.99999940   -23259.11625905
    8780   17.56000000  0.88568745E-06 -0.23034756E-05  0.96035914E-06   863.99999940   -23259.11625862
    8790   17.58000000  0.80343591E-06 -0.22327801E-05  0.54031622E-06   863.99999940   -23259.11625818
    8800   17.60000000  0.71085786E-06 -0.21464861E-05  0.12165141E-06   863.99999940   -23259.11625775
    8810   17.62000000  0.60895795E-06 -0.20459387E-05 -0.29152070E-06   863.99999939   -23259.11625732
    8820   17.64000000  0.49891520E-06 -0.19325811E-05 -0.69521629E-06   863.99999939   -23259.11625690
    8830   17.66000000  0.38207414E-06 -0.18079261E-05 -0.10856192E-05   863.99999939   -23259.11625648
    8840   17.68000000  0.25992332E-06 -0.16735331E-05 -0.14591129E-05   863.99999939   -23259.11625606
    8850   17.70000000  0.13407316E-06 -0.15309890E-05 -0.18123130E-05   863.99999939   -23259.11625565
    8860   17.72000000  0.62318647E-08 -0.13818847E-05 -0.21420929E-05   863.99999939   -23259.11625525
    8870   17.74000000 -0.12182823E-06 -0.12278070E-05 -0.24456075E-05   863.99999939   -23259.11625485
    8880   17.76000000 -0.24829914E-06 -0.10703201E-05 -0.27203146E-05   863.99999939   -23259.11625445
    8890   17.78000000 -0.37137627E-06 -0.91095777E-06 -0.29639907E-05   863.99999939   -23259.11625406
    8900   17.80000000 -0.48929162E-06 -0.75121145E-06 -0.31747468E-05   863.99999939   -23259.11625367
    8910   17.82000000 -0.60035054E-06 -0.59252275E-06 -0.33510379E-05   863.99999939   -23259.11625329
    8920   17.84000000 -0.70296795E-06 -0.43627614E-06 -0.34916743E-05   863.99999938   -23259.11625291
    8930   17.86000000 -0.79569913E-06 -0.28378857E-06 -0.35958256E-05   863.99999938   -23259.11625254
    8940   17.88000000 -0.87727056E-06 -0.13630617E-06 -0.36630268E-05   863.99999938   -23259.11625217
    8950   17.90000000 -0.94660329E-06  0.50052768E-08 -0.36931786E-05   863.99999938   -23259.11625180
    8960   17.92000000 -0.10028296E-05  0.13906310E-06 -0.36865488E-05   863.99999938   -23259.11625144
    8970   17.94000000 -0.10453053E-05  0.26487687E-06 -0.36437700E-05   863.99999938   -23259.11625107
    8980   17.96000000 -0.10736134E-05  0.38154944E-06 -0.35658333E-05   863.99999938   -23259.11625071
    8990   17.98000000 -0.10875608E-05  0.48828226E-06 -0.34540846E-05   863.99999938   -23259.11625035
    9000   18.00000000 -0.10871712E-05  0.58437967E-06 -0.33102140E-05   863.99999938   -23259.11625000
    9010   18.02000000 -0.10726667E-05  0.66924862E-06 -0.31362424E-05   863.99999938   -23259.11624964
    9020   18.04000000 -0.10444527E-05  0.74240512E-06 -0.29345085E-05   863.99999938   -23259.11624928
    9030   18.06000000 -0.10030928E-05  0.80347284E-06 -0.27076449E-05   863.99999937   -23259.11624891
    9040   18.08000000 -0.94928723E-06  0.85218741E-06 -0.24585575E-05   863.99999937   -23259.11624855
    9050   18.10000000 -0.88385114E-06  0.88839765E-06 -0.21903908E-05   863.99999937   -23259.11624818
    9060   18.12000000 -0.80768969E-06  0.91206851E-06 -0.19064970E-05   863.99999937   -23259.11624780
    9070   18.14000000 -0.72178062E-06  0.92328361E-06 -0.16103928E-05   863.99999937   -23259.11624742
    9080   18.16000000 -0.62715921E-06  0.92224547E-06 -0.13057127E-05   863.99999937   -23259.11624704
    9090   18.18000000 -0.52490526E-06  0.90927915E-06 -0.99616099E-06   863.99999937   -23259.11624665
    9100   18.20000000 -0.41613171E-06  0.88483671E-06 -0.68545434E-06   863.99999937   -23259.11624626
    9110   18.22000000 -0.30198096E-06  0.84949368E-06 -0.37726909E-06   863.99999937   -23259.11624586
    9120   18.24000000 -0.18361763E-06  0.80395446E-06 -0.75180580E-07   863.99999937   -23259.11624547
    9130   18.26000000 -0.62224577E-07  0.74904931E-06  0.21739086E-06   863.99999937   -23259.11624507
    9140   18.28000000  0.61001268E-07  0.68573191E-06  0.49723539E-06   863.99999936   -23259.11624468
    9150   18.30000000  0.18485704E-06  0.61507436E-06  0.76140222E-06   863.99999936   -23259.11624429
    9160   18.32000000  0.30813852E-06  0.53825937E-06  0.10072467E-05   863.99999936   -23259.11624390
    9170   18.34000000  0.42965368E-06  0.45656581E-06  0.12324676E-05   863.99999936   -23259.11624352
    9180   18.36000000  0.54823285E-06  0.37135169E-06  0.14351381E-05   863.99999936   -23259.11624314
    9190   18.38000000  0.66274364E-06  0.28403219E-06  0.16137317E-05   863.99999936   -23259.11624277
    9200   18.40000000  0.77210356E-06  0.19605218E-06  0.17671351E-05   863.99999936   -23259.11624241
    9210   18.42000000  0.87529564E-06  0.10885691E-06  0.18946587E-05   863.99999936   -23259.11624206
    9220   18.44000000  0.97137883E-06  0.23858113E-07  0.19960331E-05   863.99999936   -23259.11624171
    9230   18.46000000  0.10595003E-05 -0.57600720E-07  0.20714023E-05   863.99999936   -23259.11624136
    9240   18.48000000  0.11389003E-05 -0.13427594E-06  0.21213074E-05   863.99999936   -23259.11624102
    9250   18.50000000  0.12089174E-05 -0.20505892E-06  0.21466647E-05   863.99999936   -23259.11624068
    9260   18.52000000  0.12689902E-05 -0.26899841E-06  0.21487353E-05   863.99999935   -23259.11624034
    9270   18.54000000  0.13186537E-05 -0.32532781E-06  0.21290954E-05   863.99999935   -23259.11624000
    9280   18.56000000  0.13575389E-05 -0.37347941E-06  0.20895951E-05   863.99999935   -23259.11623967
    9290   18.58000000  0.13853664E-05 -0.41309411E-06  0.20323209E-05   863.99999935   -23259.11623933
    9300   18.60000000  0.14019419E-05 -0.44402426E-06  0.19595526E-05   863.99999935   -23259.11623900
    9310   18.62000000  0.14071551E-05 -0.46633121E-06  0.18737189E-05   863.99999935   -23259.11623867
    9320   18.64000000  0.14009740E-05 -0.48027343E-06  0.17773558E-05   863.99999935   -23259.11623834
    9330   18.66000000  0.13834457E-05 -0.48629359E-06  0.16730589E-05   863.99999935   -23259.11623800
    9340   18.68000000  0.13546974E-05 -0.48499798E-06  0.15634425E-05   863.99999935   -23259.11623767
    9350   18.70000000  0.13149396E-05 -0.47713547E-06  0.14510931E-05   863.99999935   -23259.11623735
    9360   18.72000000  0.12644675E-05 -0.46357232E-06  0.13385286E-05   863.99999935   -23259.11623702
    9370   18.74000000  0.12036680E-05 -0.44526704E-06  0.12281539E-05   863.99999934   -23259.11623669
    9380   18.76000000  0.11330223E-05 -0.42324460E-06  0.11222217E-05   863.99999934   -23259.11623636
    9390   18.78000000  0.10531105E-05 -0.39857361E-06  0.10227920E-05   863.99999934   -23259.11623604
    9400   18.80000000  0.96461538E-06 -0.37233856E-06  0.93169428E-06   863.99999934   -23259.11623571
    9410   18.82000000  0.86832158E-06 -0.34562018E-06  0.85049645E-06   863.99999934   -23259.11623538
    9420   18.84000000  0.76511670E-06 -0.31947157E-06  0.78047076E-06   863.99999934   -23259.11623505
    9430   18.86000000  0.65598420E-06 -0.29489876E-06  0.72257001E-06   863.99999934   -23259.11623471
    9440   18.88000000  0.54199988E-06 -0.27284106E-06  0.67741178E-06   863.99999934   -23259.11623438
    9450   18.90000000  0.42432028E-06 -0.25415378E-06  0.64526276E-06   863.99999934   -23259.11623404
    9460   18.92000000  0.30417232E-06 -0.23959200E-06  0.62603909E-06   863.99999934   -23259.11623371
    9470   18.94000000  0.18283768E-06 -0.22979451E-06  0.61931265E-06   863.99999934   -23259.11623337
    9480   18.96000000  0.61637478E-07 -0.22527605E-06  0.62432678E-06   863.99999933   -23259.11623303
    9490   18.98000000 -0.58085120E-07 -0.22641595E-06  0.64002303E-06   863.99999933   -23259.11623270
    9500   19.00000000 -0.17498658E-06 -0.23345357E-06  0.66507265E-06   863.99999933   -23259.11623236
    9510   19.02000000 -0.28773841E-06 -0.24649094E-06  0.69792250E-06   863.99999933   -23259.11623203
    9520   19.04000000 -0.39505372E-06 -0.26549232E-06  0.73683430E-06   863.99999933   -23259.11623170
    9530   19.06000000 -0.49570285E-06 -0.29029639E-06  0.77994072E-06   863.99999933   -23259.11623137
    9540   19.08000000 -0.58853779E-06 -0.32062449E-06  0.82529004E-06   863.99999933   -23259.11623105
    9550   19.10000000 -0.67251311E-06 -0.35609590E-06  0.87089703E-06   863.99999933   -23259.11623073
    9560   19.12000000 -0.74670420E-06 -0.39624199E-06  0.91478766E-06   863.99999933   -23259.11623040
    9570   19.14000000 -0.81033046E-06 -0.44052013E-06  0.95503792E-06   863.99999933   -23259.11623008
    9580   19.16000000 -0.86277136E-06 -0.48832799E-06  0.98981294E-06   863.99999933   -23259.11622976
    9590   19.18000000 -0.90358110E-06 -0.53901450E-06  0.10173911E-05   863.99999932   -23259.11622944
    9600   19.20000000 -0.93250626E-06 -0.59188764E-06  0.10361955E-05   863.99999932   -23259.11622912
    9610   19.22000000 -0.94949079E-06 -0.64621911E-06  0.10448102E-05   863.99999932   -23259.11622880
    9620   19.24000000 -0.95468360E-06 -0.70124752E-06  0.10420010E-05   863.99999932   -23259.11622848
    9630   19.26000000 -0.94843780E-06 -0.75617865E-06  0.10267284E-05   863.99999932   -23259.11622816
    9640   19.28000000 -0.93130314E-06 -0.81018186E-06  0.99816141E-06   863.99999932   -23259.11622784
    9650   19.30000000 -0.90401614E-06 -0.86239208E-06  0.95568859E-06   863.99999932   -23259.11622752
    9660   19.32000000 -0.86747790E-06 -0.91190715E-06  0.89892796E-06   863.99999932   -23259.11622720
    9670   19.34000000 -0.82273195E-06 -0.95778906E-06  0.82773198E-06   863.99999932   -23259.11622687
    9680   19.36000000 -0.77093117E-06 -0.99906952E-06  0.74219354E-06   863.99999932   -23259.11622655
    9690   19.38000000 -0.71330727E-06 -0.10347555E-05  0.64264760E-06   863.99999932   -23259.11622623
    9700   19.40000000 -0.65113184E-06 -0.10638433E-05  0.52966422E-06   863.99999931   -23259.11622590
    9710   19.42000000 -0.58567975E-06 -0.10853355E-05  0.40404659E-06   863.99999931   -23259.11622558
    9720   19.44000000 -0.51819415E-06 -0.10982608E-05  0.26681474E-06   863.99999931   -23259.11622526
    9730   19.46000000 -0.44985357E-06 -0.11017021E-05  0.11919447E-06   863.99999931   -23259.11622493
    9740   19.48000000 -0.38174224E-06 -0.10948285E-05 -0.37404422E-07   863.99999931   -23259.11622461
    9750   19.50000000 -0.31483092E-06 -0.10769230E-05 -0.20140472E-06   863.99999931   -23259.11622430
    9760   19.52000000 -0.24995529E-06 -0.10474258E-05 -0.37108823E-06   863.99999931   -23259.11622398
    9770   19.54000000 -0.18781176E-06 -0.10059626E-05 -0.54461488E-06   863.99999931   -23259.11622366
    9780   19.56000000 -0.12895078E-06 -0.95238209E-06 -0.72004740E-06   863.99999931   -23259.11622335
    9790   19.58000000 -0.73779695E-07 -0.88678229E-06 -0.89537192E-06   863.99999931   -23259.11622304
    9800   19.60000000 -0.22575309E-07 -0.80953312E-06 -0.10685196E-05   863.99999931   -23259.11622273
    9810   19.62000000  0.24508577E-07 -0.72129232E-06 -0.12373877E-05   863.99999930   -23259.11622242
    9820   19.64000000  0.67419070E-07 -0.62300506E-06 -0.13998581E-05   863.99999930   -23259.11622211
    9830   19.66000000  0.10618705E-06 -0.51589937E-06 -0.15538193E-05   863.99999930   -23259.11622181
    9840   19.68000000  0.14090537E-06 -0.40146411E-06 -0.16971870E-05   863.99999930   -23259.11622150
    9850   19.70000000  0.17170568E-06 -0.28141847E-06 -0.18279273E-05   863.99999930   -23259.11622120
    9860   19.72000000  0.19873842E-06 -0.15766902E-06 -0.19440836E-05   863.99999930   -23259.11622089
    9870   19.74000000  0.22215236E-06 -0.32258454E-07 -0.20438047E-05   863.99999930   -23259.11622058
    9880   19.76000000  0.24208100E-06  0.92692438E-07 -0.21253757E-05   863.99999930   -23259.11622027
    9890   19.78000000  0.25862512E-06  0.21504776E-06 -0.21872504E-05   863.99999930   -23259.11621996
    9900   19.80000000  0.27185163E-06  0.33271831E-06 -0.22280878E-05   863.99999930   -23259.11621965
    9910   19.82000000  0.28178420E-06  0.44372684E-06 -0.22467869E-05   863.99999930   -23259.11621934
    9920   19.84000000  0.28841122E-06  0.54626081E-06 -0.22425151E-05   863.99999929   -23259.11621902
    9930   19.86000000  0.29168867E-06  0.63872353E-06 -0.22147430E-05   863.99999929   -23259.11621870
    9940   19.88000000  0.29155273E-06  0.71977584E-06 -0.21632633E-05   863.99999929   -23259.11621838
    9950   19.90000000  0.28793278E-06  0.78836181E-06 -0.20882099E-05   863.99999929   -23259.11621806
    9960   19.92000000  0.28076696E-06  0.84373124E-06 -0.19900670E-05   863.99999929   -23259.11621774
    9970   19.94000000  0.27001901E-06  0.88544147E-06 -0.18696668E-05   863.99999929   -23259.11621742
    9980   19.96000000  0.25568973E-06  0.91335599E-06 -0.17281848E-05   863.99999929   -23259.11621710
    9990   19.98000000  0.23783642E-06  0.92763017E-06 -0.15671189E-05   863.99999929   -23259.11621678
   10000   20.00000000  0.21657575E-06  0.92868522E-06 -0.13882678E-05   863.99999929   -23259.11621647
   10010   20.02000000  0.19209836E-06  0.91718269E-06 -0.11936973E-05   863.99999929   -23259.11621615
   10020   20.04000000  0.16466822E-06  0.89399120E-06 -0.98570423E-06   863.99999929   -23259.11621585
   10030   20.06000000  0.13462359E-06  0.86014738E-06 -0.76677665E-06   863.99999928   -23259.11621554
   10040   20.08000000  0.10237731E-06  0.81682199E-06 -0.53954952E-06   863.99999928   -23259.11621524
   10050   20.10000000  0.68406894E-07  0.76528482E-06 -0.30676149E-06   863.99999928   -23259.11621495
   10060   20.12000000  0.33250808E-07  0.70686913E-06 -0.71209619E-07   863.99999928   -23259.11621465
   10070   20.14000000 -0.25009360E-08  0.64294245E-06  0.16429617E-06   863.99999928   -23259.11621436
   10080   20.16000000 -0.38217861E-07  0.57487589E-06  0.39697449E-06   863.99999928   -23259.11621407
   10090   20.18000000 -0.73236630E-07  0.50402468E-06  0.62411484E-06   863.99999928   -23259.11621378
   10100   20.20000000 -0.10687405E-06  0.43170130E-06  0.84311869E-06   863.99999928   -23259.11621350
   10110   20.22000000 -0.13843645E-06  0.35915859E-06  0.10515358E-05   863.99999928   -23259.11621321
   10120   20.24000000 -0.16723117E-06  0.28757481E-06  0.12471018E-05   863.99999928   -23259.11621292
   10130   20.26000000 -0.19257954E-06  0.21803544E-06  0.14277693E-05   863.99999928   -23259.11621263
   10140   20.28000000 -0.21383062E-06  0.15152062E-06  0.15917388E-05   863.99999927   -23259.11621234
   10150   20.30000000 -0.23037527E-06  0.88892650E-07  0.17374848E-05   863.99999927   -23259.11621205
   10160   20.32000000 -0.24166434E-06  0.30886681E-07  0.18637758E-05   863.99999927   -23259.11621175
   10170   20.34000000 -0.24722312E-06 -0.21901124E-07  0.19696911E-05   863.99999927   -23259.11621145
   10180   20.36000000 -0.24667030E-06 -0.69018176E-07  0.20546296E-05   863.99999927   -23259.11621116
   10190   20.38000000 -0.23973396E-06 -0.11016173E-06  0.21183124E-05   863.99999927   -23259.11621085
   10200   20.40000000 -0.22626453E-06 -0.14517905E-06  0.21607799E-05   863.99999927   -23259.11621055
   10210   20.42000000 -0.20624835E-06 -0.17406511E-06  0.21823774E-05   863.99999927   -23259.11621024
   10220   20.44000000 -0.17981139E-06 -0.19695912E-06  0.21837384E-05   863.99999927   -23259.11620994
   10230   20.46000000 -0.14722488E-06 -0.21413474E-06  0.21657573E-05   863.99999927   -23259.11620963
   10240   20.48000000 -0.10889901E-06 -0.22599030E-06  0.21295574E-05   863.99999927   -23259.11620932
   10250   20.50000000 -0.65376741E-07 -0.23303590E-06  0.20764550E-05   863.99999927   -23259.11620902
   10260   20.52000000 -0.17317758E-07 -0.23587674E-06  0.20079160E-05   863.99999926   -23259.11620871
   10270   20.54000000  0.34517127E-07 -0.23520122E-06  0.19255181E-05   863.99999926   -23259.11620841
   10280   20.56000000  0.89287740E-07 -0.23175916E-06  0.18309043E-05   863.99999926   -23259.11620811
   10290   20.58000000  0.14609769E-06 -0.22634908E-06  0.17257447E-05   863.99999926   -23259.11620781
   10300   20.60000000  0.20401575E-06 -0.21979423E-06  0.16116972E-05   863.99999926   -23259.11620752
   10310   20.62000000  0.26210192E-06 -0.21292843E-06  0.14903756E-05   863.99999926   -23259.11620723
   10320   20.64000000  0.31942576E-06 -0.20657062E-06  0.13633216E-05   863.99999926   -23259.11620694
   10330   20.66000000  0.37508741E-06 -0.20150479E-06  0.12319842E-05   863.99999926   -23259.11620665
   10340   20.68000000  0.42823504E-06 -0.19845598E-06  0.10977057E-05   863.99999926   -23259.11620637
   10350   20.70000000  0.47807755E-06 -0.19806719E-06  0.96171192E-06   863.99999926   -23259.11620609
   10360   20.72000000  0.52389676E-06 -0.20087358E-06  0.82511140E-06   863.99999926   -23259.11620581
   10370   20.74000000  0.56505590E-06 -0.20728481E-06  0.68889541E-06   863.99999925   -23259.11620553
   10380   20.76000000  0.60100647E-06 -0.21756217E-06  0.55394697E-06   863.99999925   -23259.11620525
   10390   20.78000000  0.63129325E-06 -0.23180648E-06  0.42104202E-06   863.99999925   -23259.11620497
   10400   20.80000000  0.65555640E-06 -0.24994771E-06  0.29086708E-06   863.99999925   -23259.11620468
   10410   20.82000000  0.67353323E-06 -0.27174332E-06  0.16402007E-06   863.99999925   -23259.11620440
   10420   20.84000000  0.68506197E-06 -0.29678038E-06  0.41023646E-07   863.99999925   -23259.11620411
   10430   20.86000000  0.69007721E-06 -0.32449052E-06 -0.77666522E-07   863.99999925   -23259.11620382
   10440   20.88000000  0.68861097E-06 -0.35416487E-06 -0.19165764E-06   863.99999925   -23259.11620353
   10450   20.90000000  0.68079305E-06 -0.38497829E-06 -0.30061012E-06   863.99999925   -23259.11620324
   10460   20.92000000  0.66684140E-06 -0.41601867E-06 -0.40423338E-06   863.99999925   -23259.11620295
   10470   20.94000000  0.64706525E-06 -0.44631779E-06 -0.50227815E-06   863.99999925   -23259.11620265
   10480   20.96000000  0.62185076E-06 -0.47488240E-06 -0.59453240E-06   863.99999924   -23259.11620236
   10490   20.98000000  0.59165676E-06 -0.50072863E-06 -0.68080973E-06   863.99999924   -23259.11620207
   10500   21.00000000  0.55700353E-06 -0.52291259E-06 -0.76094791E-06   863.99999924   -23259.11620177
   10510   21.02000000  0.51845577E-06 -0.54055918E-06 -0.83479701E-06   863.99999924   -23259.11620148
   10520   21.04000000  0.47661244E-06 -0.55288496E-06 -0.90221406E-06   863.99999924   -23259.11620119
   10530   21.06000000  0.43208752E-06 -0.55922329E-06 -0.96305620E-06   863.99999924   -23259.11620090
   10540   21.08000000  0.38549305E-06 -0.55903657E-06 -0.10171774E-05   863.99999924   -23259.11620062
   10550   21.10000000  0.33742535E-06 -0.55193001E-06 -0.10644237E-05   863.99999924   -23259.11620033
   10560   21.12000000  0.28844695E-06 -0.53765734E-06 -0.11046348E-05   863.99999924   -23259.11620005
   10570   21.14000000  0.23907644E-06 -0.51612280E-06 -0.11376471E-05   863.99999924   -23259.11619977
   10580   21.16000000  0.18977797E-06 -0.48737746E-06 -0.11632987E-05   863.99999924   -23259.11619949
   10590   21.18000000  0.14095475E-06 -0.45161209E-06 -0.11814391E-05   863.99999923   -23259.11619921
   10600   21.20000000  0.92948810E-07 -0.40914399E-06 -0.11919391E-05   863.99999923   -23259.11619893
   10610   21.22000000  0.46039348E-07 -0.36040492E-06 -0.11947031E-05   863.99999923   -23259.11619865
   10620   21.24000000  0.45131135E-09 -0.30591688E-06 -0.11896825E-05   863.99999923   -23259.11619838
   10630   21.26000000 -0.43640485E-07 -0.24627901E-06 -0.11768876E-05   863.99999923   -23259.11619811
   10640   21.28000000 -0.86096865E-07 -0.18214132E-06 -0.11563998E-05   863.99999923   -23259.11619783
   10650   21.30000000 -0.12680767E-06 -0.11418920E-06 -0.11283817E-05   863.99999923   -23259.11619756
   10660   21.32000000 -0.16567382E-06 -0.43120859E-07 -0.10930818E-05   863.99999923   -23259.11619729
   10670   21.34000000 -0.20260222E-06  0.30365277E-07 -0.10508410E-05   863.99999923   -23259.11619702
   10680   21.36000000 -0.23749023E-06  0.10558198E-06 -0.10020915E-05   863.99999923   -23259.11619675
   10690   21.38000000 -0.27021999E-06  0.18186450E-06 -0.94735265E-06   863.99999923   -23259.11619649
   10700   21.40000000 -0.30065297E-06  0.25856921E-06 -0.88722581E-06   863.99999922   -23259.11619622
   10710   21.42000000 -0.32862565E-06  0.33507845E-06 -0.82238241E-06   863.99999922   -23259.11619595
   10720   21.44000000 -0.35394997E-06  0.41079336E-06 -0.75355074E-06   863.99999922   -23259.11619569
   10730   21.46000000 -0.37641786E-06  0.48513121E-06 -0.68149969E-06   863.99999922   -23259.11619542
   10740   21.48000000 -0.39580331E-06  0.55751782E-06 -0.60702116E-06   863.99999922   -23259.11619515
   10750   21.50000000 -0.41187246E-06  0.62738234E-06 -0.53090881E-06   863.99999922   -23259.11619489
   10760   21.52000000 -0.42438773E-06  0.69415548E-06 -0.45393980E-06   863.99999922   -23259.11619462
   10770   21.54000000 -0.43312017E-06  0.75726364E-06 -0.37685387E-06   863.99999922   -23259.11619435
   10780   21.56000000 -0.43785339E-06  0.81613673E-06 -0.30033501E-06   863.99999922   -23259.11619407
   10790   21.58000000 -0.43839423E-06  0.87020485E-06 -0.22499500E-06   863.99999922   -23259.11619380
   10800   21.60000000 -0.43457502E-06  0.91891345E-06 -0.15135927E-06   863.99999922   -23259.11619352
   10810   21.62000000 -0.42626178E-06  0.96172698E-06 -0.79859651E-07   863.99999921   -23259.11619323
   10820   21.64000000 -0.41335549E-06  0.99814481E-06 -0.10826346E-07   863.99999921   -23259.11619294
   10830   21.66000000 -0.39579380E-06  0.10277118E-05  0.55509598E-07   863.99999921   -23259.11619265
   10840   21.68000000 -0.37355577E-06  0.10500288E-05  0.11901430E-06   863.99999921   -23259.11619235
   10850   21.70000000 -0.34665929E-06  0.10647649E-05  0.17963784E-06   863.99999921   -23259.11619205
   10860   21.72000000 -0.31516515E-06  0.10716658E-05  0.23740669E-06   863.99999921   -23259.11619175
   10870   21.74000000 -0.27917681E-06  0.10705586E-05  0.29240523E-06   863.99999921   -23259.11619145
   10880   21.76000000 -0.23884158E-06  0.10613561E-05  0.34475883E-06   863.99999921   -23259.11619115
   10890   21.78000000 -0.19435306E-06  0.10440558E-05  0.39461735E-06   863.99999921   -23259.11619085
   10900   21.80000000 -0.14595384E-06  0.10187396E-05  0.44213768E-06   863.99999921   -23259.11619055
   10910   21.82000000 -0.93936379E-07  0.98556719E-06  0.48746607E-06   863.99999921   -23259.11619026
   10920   21.84000000 -0.38646642E-07  0.94477390E-06  0.53072913E-06   863.99999920   -23259.11618997
   10930   21.86000000  0.19513664E-07  0.89666195E-06  0.57201630E-06   863.99999920   -23259.11618969
   10940   21.88000000  0.80086171E-07  0.84159959E-06  0.61137478E-06   863.99999920   -23259.11618941
   10950   21.90000000  0.14255292E-06  0.78001368E-06  0.64879810E-06   863.99999920   -23259.11618913
   10960   21.92000000  0.20633635E-06  0.71238804E-06  0.68422241E-06   863.99999920   -23259.11618886
   10970   21.94000000  0.27080036E-06  0.63926366E-06  0.71752002E-06   863.99999920   -23259.11618859
   10980   21.96000000  0.33525088E-06  0.56123562E-06  0.74849735E-06   863.99999920   -23259.11618832
   10990   21.98000000  0.39893974E-06  0.47895439E-06  0.77689382E-06   863.99999920   -23259.11618805
   11000   22.00000000  0.46107125E-06  0.39312523E-06  0.80238597E-06   863.99999920   -23259.11618778
   11010   22.02000000  0.52080984E-06  0.30450483E-06  0.82459101E-06   863.99999920   -23259.11618752
   11020   22.04000000  0.57729180E-06  0.21389849E-06  0.84307732E-06   863.99999920   -23259.11618725
   11030   22.06000000  0.62963961E-06  0.12215457E-06  0.85738011E-06   863.99999919   -23259.11618699
   11040   22.08000000  0.67697781E-06  0.30153426E-07  0.86701829E-06   863.99999919   -23259.11618672
   11050   22.10000000  0.71845659E-06 -0.61200404E-07  0.87152163E-06   863.99999919   -23259.11618645
   11060   22.12000000  0.75326975E-06 -0.15099493E-06  0.87045510E-06   863.99999919   -23259.11618617
   11070   22.14000000  0.78067791E-06 -0.23832444E-06  0.86345007E-06   863.99999919   -23259.11618590
   11080   22.16000000  0.80003602E-06 -0.32230328E-06  0.85023357E-06   863.99999919   -23259.11618562
   11090   22.18000000  0.81081014E-06 -0.40208634E-06  0.83065832E-06   863.99999919   -23259.11618534
   11100   22.20000000  0.81260288E-06 -0.47688114E-06  0.80472581E-06   863.99999919   -23259.11618506
   11110   22.22000000  0.80516939E-06 -0.54596457E-06  0.77260813E-06   863.99999919   -23259.11618477
   11120   22.24000000  0.78843224E-06 -0.60869597E-06  0.73465663E-06   863.99999919   -23259.11618449
   11130   22.26000000  0.76249254E-06 -0.66452654E-06  0.69141098E-06   863.99999919   -23259.11618420
   11140   22.28000000  0.72763617E-06 -0.71301105E-06  0.64358953E-06   863.99999918   -23259.11618390
   11150   22.30000000  0.68433797E-06 -0.75381158E-06  0.59208076E-06   863.99999918   -23259.11618361
   11160   22.32000000  0.63325559E-06 -0.78670175E-06  0.53791573E-06   863.99999918   -23259.11618332
   11170   22.34000000  0.57522747E-06 -0.81156747E-06  0.48224536E-06   863.99999918   -23259.11618303
   11180   22.36000000  0.51125665E-06 -0.82840273E-06  0.42630328E-06   863.99999918   -23259.11618274
   11190   22.38000000  0.44249819E-06 -0.83730466E-06  0.37137011E-06   863.99999918   -23259.11618245
   11200   22.40000000  0.37023507E-06 -0.83846149E-06  0.31873340E-06   863.99999918   -23259.11618216
   11210   22.42000000  0.29585557E-06 -0.83214235E-06  0.26965168E-06   863.99999918   -23259.11618188
   11220   22.44000000  0.22082148E-06 -0.81867948E-06  0.22531310E-06   863.99999918   -23259.11618160
   11230   22.46000000  0.14663525E-06 -0.79845588E-06  0.18680655E-06   863.99999918   -23259.11618132
   11240   22.48000000  0.74802670E-07 -0.77188415E-06  0.15508636E-06   863.99999918   -23259.11618104
   11250   22.50000000  0.67948177E-08 -0.73939538E-06  0.13095367E-06   863.99999918   -23259.11618077
   11260   22.52000000 -0.55990794E-07 -0.70142398E-06  0.11502948E-06   863.99999917   -23259.11618050
   11270   22.54000000 -0.11226951E-06 -0.65839889E-06  0.10774781E-06   863.99999917   -23259.11618023
   11280   22.56000000 -0.16090553E-06 -0.61074016E-06  0.10934146E-06   863.99999917   -23259.11617997
   11290   22.58000000 -0.20094069E-06 -0.55885520E-06  0.11984625E-06   863.99999917   -23259.11617970
   11300   22.60000000 -0.23162203E-06 -0.50314344E-06  0.13909808E-06   863.99999917   -23259.11617944
   11310   22.62000000 -0.25241923E-06 -0.44400307E-06  0.16674674E-06   863.99999917   -23259.11617918
   11320   22.64000000 -0.26303445E-06 -0.38183559E-06  0.20226515E-06   863.99999917   -23259.11617892
   11330   22.66000000 -0.26340317E-06 -0.31705762E-06  0.24496759E-06   863.99999917   -23259.11617866
   11340   22.68000000 -0.25368972E-06 -0.25010559E-06  0.29402844E-06   863.99999917   -23259.11617840
   11350   22.70000000 -0.23427102E-06 -0.18144163E-06  0.34850106E-06   863.99999917   -23259.11617813
   11360   22.72000000 -0.20571847E-06 -0.11155506E-06  0.40734176E-06   863.99999917   -23259.11617787
   11370   22.74000000 -0.16877121E-06 -0.40964835E-07  0.46942743E-06   863.99999916   -23259.11617761
   11380   22.76000000 -0.12430991E-06  0.29788170E-07  0.53357931E-06   863.99999916   -23259.11617734
   11390   22.78000000 -0.73323322E-07  0.10014318E-06  0.59857752E-06   863.99999916   -23259.11617708
   11400   22.80000000 -0.16883568E-07  0.16952777E-06  0.66318092E-06   863.99999916   -23259.11617681
   11410   22.82000000  0.43887150E-07  0.23736644E-06  0.72614345E-06   863.99999916   -23259.11617655
   11420   22.84000000  0.10783950E-06  0.30308551E-06  0.78622891E-06   863.99999916   -23259.11617628
   11430   22.86000000  0.17382261E-06  0.36612164E-06  0.84222711E-06   863.99999916   -23259.11617601
   11440   22.88000000  0.24070391E-06  0.42592600E-06  0.89296743E-06   863.99999916   -23259.11617575
   11450   22.90000000  0.30738616E-06  0.48197058E-06  0.93733725E-06   863.99999916   -23259.11617548
   11460   22.92000000  0.37282652E-06  0.53374682E-06  0.97429935E-06   863.99999916   -23259.11617521
   11470   22.94000000  0.43604607E-06  0.58077268E-06  0.10029065E-05   863.99999916   -23259.11617494
   11480   22.96000000  0.49614556E-06  0.62259165E-06  0.10223243E-05   863.99999915   -23259.11617467
   11490   22.98000000  0.55231585E-06  0.65877797E-06  0.10318476E-05   863.99999915   -23259.11617440
   11500   23.00000000  0.60384751E-06  0.68894032E-06  0.10309184E-05   863.99999915   -23259.11617413
   11510   23.02000000  0.65014261E-06  0.71272737E-06  0.10191452E-05   863.99999915   -23259.11617386
   11520   23.04000000  0.69071933E-06  0.72983671E-06  0.99631273E-06   863.99999915   -23259.11617358
   11530   23.06000000  0.72522231E-06  0.74002421E-06  0.96239786E-06   863.99999915   -23259.11617330
   11540   23.08000000  0.75342210E-06  0.74311297E-06  0.91757174E-06   863.99999915   -23259.11617302
   11550   23.10000000  0.77521812E-06  0.73900496E-06  0.86220405E-06   863.99999915   -23259.11617274
   11560   23.12000000  0.79063681E-06  0.72769065E-06  0.79685784E-06   863.99999915   -23259.11617246
   11570   23.14000000  0.79982222E-06  0.70925320E-06  0.72228033E-06   863.99999915   -23259.11617218
   11580   23.16000000  0.80303045E-06  0.68387685E-06  0.63938733E-06   863.99999915   -23259.11617190
   11590   23.18000000  0.80061536E-06  0.65184497E-06  0.54924540E-06   863.99999914   -23259.11617162
   11600   23.20000000  0.79301257E-06  0.61353693E-06  0.45304415E-06   863.99999914   -23259.11617134
   11610   23.22000000  0.78072549E-06  0.56942422E-06  0.35207358E-06   863.99999914   -23259.11617106
   11620   23.24000000  0.76430240E-06  0.52005759E-06  0.24769218E-06   863.99999914   -23259.11617078
   11630   23.26000000  0.74432167E-06  0.46606037E-06  0.14129635E-06   863.99999914   -23259.11617050
   11640   23.28000000  0.72137181E-06  0.40810908E-06  0.34293846E-07   863.99999914   -23259.11617022
   11650   23.30000000  0.69603285E-06  0.34692476E-06 -0.71927623E-07   863.99999914   -23259.11616994
   11660   23.32000000  0.66886146E-06  0.28325805E-06 -0.17602313E-06   863.99999914   -23259.11616967
   11670   23.34000000  0.64037537E-06  0.21787500E-06 -0.27671519E-06   863.99999914   -23259.11616940
   11680   23.36000000  0.61104047E-06  0.15154633E-06 -0.37281180E-06   863.99999914   -23259.11616913
   11690   23.38000000  0.58126234E-06  0.85035082E-07 -0.46322100E-06   863.99999914   -23259.11616886
   11700   23.40000000  0.55137715E-06  0.19085982E-07 -0.54696296E-06   863.99999913   -23259.11616860
   11710   23.42000000  0.52164842E-06 -0.45583658E-07 -0.62317733E-06   863.99999913   -23259.11616834
   11720   23.44000000  0.49226238E-06 -0.10829493E-06 -0.69112776E-06   863.99999913   -23259.11616808
   11730   23.46000000  0.46333163E-06 -0.16841425E-06 -0.75020477E-06   863.99999913   -23259.11616782
   11740   23.48000000  0.43489579E-06 -0.22536325E-06 -0.79992562E-06   863.99999913   -23259.11616756
   11750   23.50000000  0.40692861E-06 -0.27862395E-06 -0.83993142E-06   863.99999913   -23259.11616731
   11760   23.52000000  0.37934700E-06 -0.32774572E-06 -0.86998904E-06   863.99999913   -23259.11616705
   11770   23.54000000  0.35201929E-06 -0.37234544E-06 -0.88998180E-06   863.99999913   -23259.11616680
   11780   23.56000000  0.32478054E-06 -0.41211192E-06 -0.89990994E-06   863.99999913   -23259.11616654
   11790   23.58000000  0.29744121E-06 -0.44679887E-06 -0.89988385E-06   863.99999913   -23259.11616628
   11800   23.60000000  0.26980742E-06 -0.47622756E-06 -0.89011941E-06   863.99999913   -23259.11616602
   11810   23.62000000  0.24168705E-06 -0.50027511E-06 -0.87092962E-06   863.99999912   -23259.11616576
   11820   23.64000000  0.21291028E-06 -0.51887193E-06 -0.84271813E-06   863.99999912   -23259.11616549
   11830   23.66000000  0.18333316E-06 -0.53199386E-06 -0.80597109E-06   863.99999912   -23259.11616522
   11840   23.68000000  0.15285293E-06 -0.53965768E-06 -0.76124455E-06   863.99999912   -23259.11616495
   11850   23.70000000  0.12141202E-06 -0.54191686E-06 -0.70915858E-06   863.99999912   -23259.11616468
   11860   23.72000000  0.89000968E-07 -0.53886306E-06 -0.65038204E-06   863.99999912   -23259.11616440
   11870   23.74000000  0.55665402E-07 -0.53062474E-06 -0.58562596E-06   863.99999912   -23259.11616413
   11880   23.76000000  0.21497978E-07 -0.51737582E-06 -0.51563099E-06   863.99999912   -23259.11616385
   11890   23.78000000 -0.13356963E-07 -0.49933664E-06 -0.44115910E-06   863.99999912   -23259.11616357
   11900   23.80000000 -0.48711940E-07 -0.47678434E-06 -0.36298592E-06   863.99999912   -23259.11616330
   11910   23.82000000 -0.84337647E-07 -0.45005807E-06 -0.28189371E-06   863.99999912   -23259.11616303
   11920   23.84000000 -0.11997048E-06 -0.41956448E-06 -0.19866303E-06   863.99999911   -23259.11616276
   11930   23.86000000 -0.15531563E-06 -0.38578077E-06 -0.11407237E-06   863.99999911   -23259.11616249
   11940   23.88000000 -0.19005279E-06 -0.34925487E-06 -0.28890577E-07   863.99999911   -23259.11616223
   11950   23.90000000 -0.22384199E-06 -0.31060180E-06  0.56124535E-07   863.99999911   -23259.11616197
   11960   23.92000000 -0.25632557E-06 -0.27049656E-06  0.14023075E-06   863.99999911   -23259.11616171
   11970   23.94000000 -0.28714111E-06 -0.22966288E-06  0.22270213E-06   863.99999911   -23259.11616145
   11980   23.96000000 -0.31592230E-06 -0.18885647E-06  0.30282932E-06   863.99999911   -23259.11616120
   11990   23.98000000 -0.34231581E-06 -0.14885088E-06  0.37992257E-06   863.99999911   -23259.11616095
   12000   24.00000000 -0.36598558E-06 -0.11041164E-06  0.45330906E-06   863.99999911   -23259.11616069
   12010   24.02000000 -0.38663104E-06 -0.74279074E-07  0.52233194E-06   863.99999911   -23259.11616044
   12020   24.04000000 -0.40399598E-06 -0.41141696E-07  0.58635074E-06   863.99999911   -23259.11616018
   12030   24.06000000 -0.41788264E-06 -0.11614312E-07  0.64473407E-06   863.99999910   -23259.11615992
   12040   24.08000000 -0.42816074E-06  0.13782673E-07  0.69686368E-06   863.99999910   -23259.11615966
   12050   24.10000000 -0.43477409E-06  0.34642895E-07  0.74212828E-06   863.99999910   -23259.11615940
   12060   24.12000000 -0.43774270E-06  0.50690443E-07  0.77992659E-06   863.99999910   -23259.11615914
   12070   24.14000000 -0.43716115E-06  0.61789787E-07  0.80966788E-06   863.99999910   -23259.11615888
   12080   24.16000000 -0.43319076E-06  0.67954977E-07  0.83077876E-06   863.99999910   -23259.11615861
   12090   24.18000000 -0.42604976E-06  0.69348560E-07  0.84271226E-06   863.99999910   -23259.11615835
   12100   24.20000000 -0.41599787E-06  0.66280348E-07  0.84495761E-06   863.99999910   -23259.11615809
   12110   24.22000000 -0.40332345E-06  0.59195697E-07  0.83705666E-06   863.99999910   -23259.11615783
   12120   24.24000000 -0.38832823E-06  0.48664143E-07  0.81862088E-06   863.99999910   -23259.11615756
   12130   24.26000000 -0.37131368E-06  0.35356235E-07  0.78934902E-06   863.99999910   -23259.11615730
   12140   24.28000000 -0.35257402E-06  0.20023827E-07  0.74905153E-06   863.99999910   -23259.11615704
   12150   24.30000000 -0.33238907E-06  0.34693457E-08  0.69766270E-06   863.99999909   -23259.11615678
   12160   24.32000000 -0.31102233E-06 -0.13481496E-07  0.63526563E-06   863.99999909   -23259.11615652
   12170   24.34000000 -0.28872568E-06 -0.30013695E-07  0.56210155E-06   863.99999909   -23259.11615625
   12180   24.36000000 -0.26574109E-06 -0.45353446E-07  0.47858159E-06   863.99999909   -23259.11615599
   12190   24.38000000 -0.24230833E-06 -0.58802907E-07  0.38529448E-06   863.99999909   -23259.11615572
   12200   24.40000000 -0.21867154E-06 -0.69765642E-07  0.28300337E-06   863.99999909   -23259.11615546
   12210   24.42000000 -0.19508276E-06 -0.77776433E-07  0.17264382E-06   863.99999909   -23259.11615519
   12220   24.44000000 -0.17180664E-06 -0.82517845E-07  0.55310053E-07   863.99999909   -23259.11615492
   12230   24.46000000 -0.14911629E-06 -0.83834755E-07 -0.67758126E-07   863.99999909   -23259.11615465
   12240   24.48000000 -0.12729250E-06 -0.81740588E-07 -0.19519703E-06   863.99999909   -23259.11615438
   12250   24.50000000 -0.10661261E-06 -0.76411031E-07 -0.32554119E-06   863.99999909   -23259.11615411
   12260   24.52000000 -0.87343819E-07 -0.68174332E-07 -0.45725164E-06   863.99999908   -23259.11615384
   12270   24.54000000 -0.69724208E-07 -0.57492120E-07 -0.58873982E-06   863.99999908   -23259.11615358
   12280   24.56000000 -0.53954157E-07 -0.44927724E-07 -0.71839745E-06   863.99999908   -23259.11615331
   12290   24.58000000 -0.40179135E-07 -0.31119589E-07 -0.84462292E-06   863.99999908   -23259.11615305
   12300   24.60000000 -0.28476021E-07 -0.16739329E-07 -0.96584575E-06   863.99999908   -23259.11615279
   12310   24.62000000 -0.18845225E-07 -0.24586168E-08 -0.10805501E-05   863.99999908   -23259.11615253
   12320   24.64000000 -0.11199444E-07  0.11092313E-07 -0.11872934E-05   863.99999908   -23259.11615227
   12330   24.66000000 -0.53646533E-08  0.23354581E-07 -0.12847237E-05   863.99999908   -23259.11615201
   12340   24.68000000 -0.10783916E-08  0.33874144E-07 -0.13715932E-05   863.99999908   -23259.11615176
   12350   24.70000000  0.20025603E-08  0.42321442E-07 -0.14467670E-05   863.99999908   -23259.11615150
   12360   24.72000000  0.42904734E-08  0.48510327E-07 -0.15092331E-05   863.99999908   -23259.11615124
   12370   24.74000000  0.62522020E-08  0.52402348E-07 -0.15581026E-05   863.99999907   -23259.11615098
   12380   24.76000000  0.83883683E-08  0.54107558E-07 -0.15926177E-05   863.99999907   -23259.11615072
   12390   24.78000000  0.11215060E-07  0.53874741E-07 -0.16121507E-05   863.99999907   -23259.11615046
   12400   24.80000000  0.15238606E-07  0.52074747E-07 -0.16162063E-05   863.99999907   -23259.11615020
   12410   24.82000000  0.20938393E-07  0.49180699E-07 -0.16044230E-05   863.99999907   -23259.11614994
   12420   24.84000000  0.28743095E-07  0.45737354E-07 -0.15765757E-05   863.99999907   -23259.11614967
   12430   24.86000000  0.39021323E-07  0.42336835E-07 -0.15325807E-05   863.99999907   -23259.11614940
   12440   24.88000000  0.52065201E-07  0.39587312E-07 -0.14724968E-05   863.99999907   -23259.11614913
   12450   24.90000000  0.68088078E-07  0.38086839E-07 -0.13965370E-05   863.99999907   -23259.11614886
   12460   24.92000000  0.87219918E-07  0.38397586E-07 -0.13050712E-05   863.99999907   -23259.11614859
   12470   24.94000000  0.10951238E-06  0.41023356E-07 -0.11986362E-05   863.99999907   -23259.11614831
   12480   24.96000000  0.13494122E-06  0.46397417E-07 -0.10779422E-05   863.99999906   -23259.11614804
   12490   24.98000000  0.16341417E-06  0.54866015E-07 -0.94387752E-06   863.99999906   -23259.11614776
   12500   25.00000000  0.19477704E-06  0.66681780E-07 -0.79751280E-06   863.99999906   -23259.11614748
   12510   25.02000000  0.22881763E-06  0.81999179E-07 -0.64010027E-06   863.99999906   -23259.11614720
   12520   25.04000000  0.26526973E-06  0.10086810E-06 -0.47306964E-06   863.99999906   -23259.11614692
   12530   25.06000000  0.30381157E-06  0.12323434E-06 -0.29801710E-06   863.99999906   -23259.11614664
   12540   25.08000000  0.34406701E-06  0.14893632E-06 -0.11669331E-06   863.99999906   -23259.11614635
   12550   25.10000000  0.38560116E-06  0.17769933E-06  0.69019191E-07   863.99999906   -23259.11614607
   12560   25.12000000  0.42791788E-06  0.20913852E-06  0.25712701E-06   863.99999906   -23259.11614579
   12570   25.14000000  0.47046135E-06  0.24275167E-06  0.44555748E-06   863.99999906   -23259.11614551
   12580   25.16000000  0.51261705E-06  0.27792189E-06  0.63218769E-06   863.99999906   -23259.11614523
   12590   25.18000000  0.55372171E-06  0.31391786E-06  0.81488035E-06   863.99999905   -23259.11614495
   12600   25.20000000  0.59307479E-06  0.34990060E-06  0.99151662E-06   863.99999905   -23259.11614468
   12610   25.22000000  0.62995756E-06  0.38493604E-06  0.11600345E-05   863.99999905   -23259.11614440
   12620   25.24000000  0.66365798E-06  0.41801107E-06  0.13184606E-05   863.99999905   -23259.11614413
   12630   25.26000000  0.69349138E-06  0.44806067E-06  0.14649449E-05   863.99999905   -23259.11614386
   12640   25.28000000  0.71883359E-06  0.47399458E-06  0.15977926E-05   863.99999905   -23259.11614359
   12650   25.30000000  0.73914065E-06  0.49473837E-06  0.17154884E-05   863.99999905   -23259.11614332
   12660   25.32000000  0.75397440E-06  0.50926932E-06  0.18167239E-05   863.99999905   -23259.11614305
   12670   25.34000000  0.76301825E-06  0.51666328E-06  0.19004142E-05   863.99999905   -23259.11614278
   12680   25.36000000  0.76608573E-06  0.51613358E-06  0.19657140E-05   863.99999905   -23259.11614251
   12690   25.38000000  0.76312659E-06  0.50707415E-06  0.20120273E-05   863.99999905   -23259.11614224
   12700   25.40000000  0.75421833E-06  0.48909365E-06  0.20390110E-05   863.99999904   -23259.11614197
   12710   25.42000000  0.73955886E-06  0.46204339E-06  0.20465743E-05   863.99999904   -23259.11614170
   12720   25.44000000  0.71944709E-06  0.42603917E-06  0.20348722E-05   863.99999904   -23259.11614143
   12730   25.46000000  0.69426314E-06  0.38146968E-06  0.20042952E-05   863.99999904   -23259.11614116
   12740   25.48000000  0.66444552E-06  0.32899495E-06  0.19554512E-05   863.99999904   -23259.11614089
   12750   25.50000000  0.63046553E-06  0.26953534E-06  0.18891456E-05   863.99999904   -23259.11614062
   12760   25.52000000  0.59280643E-06  0.20424827E-06  0.18063569E-05   863.99999904   -23259.11614035
   12770   25.54000000  0.55194014E-06  0.13449693E-06  0.17082083E-05   863.99999904   -23259.11614008
   12780   25.56000000  0.50831366E-06  0.61811346E-07  0.15959373E-05   863.99999904   -23259.11613981
   12790   25.58000000  0.46233211E-06 -0.12158142E-07  0.14708640E-05   863.99999904   -23259.11613954
   12800   25.60000000  0.41435366E-06 -0.85686546E-07  0.13343588E-05   863.99999904   -23259.11613926
   12810   25.62000000  0.36468526E-06 -0.15702896E-06  0.11878137E-05   863.99999903   -23259.11613899
   12820   25.64000000  0.31358562E-06 -0.22446530E-06  0.10326123E-05   863.99999903   -23259.11613871
   12830   25.66000000  0.26127075E-06 -0.28635269E-06  0.87010746E-06   863.99999903   -23259.11613844
   12840   25.68000000  0.20792260E-06 -0.34116248E-06  0.70160369E-06   863.99999903   -23259.11613816
   12850   25.70000000  0.15370342E-06 -0.38752540E-06  0.52834433E-06   863.99999903   -23259.11613788
   12860   25.72000000  0.98767087E-07 -0.42425824E-06  0.35150891E-06   863.99999903   -23259.11613760
   12870   25.74000000  0.43273181E-07 -0.45039100E-06  0.17221366E-06   863.99999903   -23259.11613733
   12880   25.76000000 -0.12599889E-07 -0.46518594E-06 -0.84788576E-08   863.99999903   -23259.11613705
   12890   25.78000000 -0.68648372E-07 -0.46814629E-06 -0.18954400E-06   863.99999903   -23259.11613677
   12900   25.80000000 -0.12463291E-06 -0.45902597E-06 -0.36998002E-06   863.99999903   -23259.11613649
   12910   25.82000000 -0.18027943E-06 -0.43782058E-06 -0.54878260E-06   863.99999903   -23259.11613621
   12920   25.84000000 -0.23527726E-06 -0.40476765E-06 -0.72492729E-06   863.99999902   -23259.11613594
   12930   25.86000000 -0.28928782E-06 -0.36032866E-06 -0.89734897E-06   863.99999902   -23259.11613566
   12940   25.88000000 -0.34194809E-06 -0.30517672E-06 -0.10649269E-05   863.99999902   -23259.11613538
   12950   25.90000000 -0.39288252E-06 -0.24017483E-06 -0.12264734E-05   863.99999902   -23259.11613511
   12960   25.92000000 -0.44171122E-06 -0.16635372E-06 -0.13807318E-05   863.99999902   -23259.11613483
   12970   25.94000000 -0.48806123E-06 -0.84890790E-07 -0.15263789E-05   863.99999902   -23259.11613456
   12980   25.96000000 -0.53157242E-06  0.29191635E-08 -0.16620377E-05   863.99999902   -23259.11613429
   12990   25.98000000 -0.57190600E-06  0.95684860E-07 -0.17862920E-05   863.99999902   -23259.11613402
   13000   26.00000000 -0.60874727E-06  0.19194845E-06 -0.18977173E-05   863.99999902   -23259.11613375
   13010   26.02000000 -0.64180831E-06  0.29020828E-06 -0.19949062E-05   863.99999902   -23259.11613348
   13020   26.04000000 -0.67082807E-06  0.38894482E-06 -0.20765041E-05   863.99999902   -23259.11613322
   13030   26.06000000 -0.69557394E-06  0.48664663E-06 -0.21412456E-05   863.99999901   -23259.11613295
   13040   26.08000000 -0.71583717E-06  0.58183188E-06 -0.21879905E-05   863.99999901   -23259.11613269
   13050   26.10000000 -0.73143946E-06  0.67307517E-06 -0.22157612E-05   863.99999901   -23259.11613242
   13060   26.12000000 -0.74222695E-06  0.75902546E-06 -0.22237723E-05   863.99999901   -23259.11613216
   13070   26.14000000 -0.74807797E-06  0.83842706E-06 -0.22114643E-05   863.99999901   -23259.11613190
   13080   26.16000000 -0.74890254E-06  0.91014030E-06 -0.21785216E-05   863.99999901   -23259.11613164
   13090   26.18000000 -0.74464958E-06  0.97315287E-06 -0.21248956E-05   863.99999901   -23259.11613138
   13100   26.20000000 -0.73530805E-06  0.10265987E-05 -0.20508109E-05   863.99999901   -23259.11613112
   13110   26.22000000 -0.72091350E-06  0.10697634E-05 -0.19567722E-05   863.99999901   -23259.11613086
   13120   26.24000000 -0.70154685E-06  0.11020980E-05 -0.18435611E-05   863.99999901   -23259.11613059
   13130   26.26000000 -0.67733859E-06  0.11232184E-05 -0.17122268E-05   863.99999901   -23259.11613033
   13140   26.28000000 -0.64846640E-06  0.11329121E-05 -0.15640735E-05   863.99999901   -23259.11613006
   13150   26.30000000 -0.61515028E-06  0.11311337E-05 -0.14006387E-05   863.99999900   -23259.11612979
   13160   26.32000000 -0.57765320E-06  0.11180011E-05 -0.12236725E-05   863.99999900   -23259.11612952
   13170   26.34000000 -0.53627071E-06  0.10937902E-05 -0.10351105E-05   863.99999900   -23259.11612925
   13180   26.36000000 -0.49133090E-06  0.10589239E-05 -0.83704551E-06   863.99999900   -23259.11612898
   13190   26.38000000 -0.44318675E-06  0.10139605E-05 -0.63169692E-06   863.99999900   -23259.11612870
   13200   26.40000000 -0.39221505E-06  0.95958112E-06 -0.42138139E-06   863.99999900   -23259.11612843
   13210   26.42000000 -0.33881384E-06  0.89657450E-06 -0.20847753E-06   863.99999900   -23259.11612815
   13220   26.44000000 -0.28340212E-06  0.82582251E-06  0.46027375E-08   863.99999900   -23259.11612788
   13230   26.46000000 -0.22642107E-06  0.74828211E-06  0.21545140E-06   863.99999900   -23259.11612760
   13240   26.48000000 -0.16833325E-06  0.66497311E-06  0.42169294E-06   863.99999900   -23259.11612733
   13250   26.50000000 -0.10962381E-06  0.57695798E-06  0.62102015E-06   863.99999900   -23259.11612705
   13260   26.52000000 -0.50798904E-07  0.48532925E-06  0.81122286E-06   863.99999899   -23259.11612678
   13270   26.54000000  0.76157584E-08  0.39119240E-06  0.99022178E-06   863.99999899   -23259.11612651
   13280   26.56000000  0.65079902E-07  0.29565345E-06  0.11560922E-05   863.99999899   -23259.11612624
   13290   26.58000000  0.12104496E-06  0.19980154E-06  0.13070942E-05   863.99999899   -23259.11612597
   13300   26.60000000  0.17496091E-06  0.10470081E-06  0.14416937E-05   863.99999899   -23259.11612570
   13310   26.62000000  0.22628545E-06  0.11377274E-07  0.15585793E-05   863.99999899   -23259.11612543
   13320   26.64000000  0.27448983E-06 -0.79189691E-07  0.16566829E-05   863.99999899   -23259.11612516
   13330   26.66000000  0.31906940E-06 -0.16607342E-06  0.17351850E-05   863.99999899   -23259.11612490
   13340   26.68000000  0.35954583E-06 -0.24840606E-06  0.17935213E-05   863.99999899   -23259.11612463
   13350   26.70000000  0.39547480E-06 -0.32537954E-06  0.18313866E-05   863.99999899   -23259.11612436
   13360   26.72000000  0.42644795E-06 -0.39624853E-06  0.18487251E-05   863.99999899   -23259.11612409
   13370   26.74000000  0.45209412E-06 -0.46032631E-06  0.18457269E-05   863.99999898   -23259.11612383
   13380   26.76000000  0.47208268E-06 -0.51698699E-06  0.18228121E-05   863.99999898   -23259.11612355
   13390   26.78000000  0.48612370E-06 -0.56566126E-06  0.17806167E-05   863.99999898   -23259.11612328
   13400   26.80000000  0.49397007E-06 -0.60583646E-06  0.17199752E-05   863.99999898   -23259.11612301
   13410   26.82000000  0.49542170E-06 -0.63705620E-06  0.16419025E-05   863.99999898   -23259.11612273
   13420   26.84000000  0.49032919E-06 -0.65892078E-06  0.15475777E-05   863.99999898   -23259.11612245
   13430   26.86000000  0.47859961E-06 -0.67109100E-06  0.14383261E-05   863.99999898   -23259.11612217
   13440   26.88000000  0.46020329E-06 -0.67329314E-06  0.13156071E-05   863.99999898   -23259.11612188
   13450   26.90000000  0.43518092E-06 -0.66532587E-06  0.11809995E-05   863.99999898   -23259.11612160
   13460   26.92000000  0.40365036E-06 -0.64706907E-06  0.10361930E-05   863.99999898   -23259.11612131
   13470   26.94000000  0.36581178E-06 -0.61848997E-06  0.88297510E-06   863.99999898   -23259.11612103
   13480   26.96000000  0.32195389E-06 -0.57965849E-06  0.72322126E-06   863.99999897   -23259.11612074
   13490   26.98000000  0.27245487E-06 -0.53075077E-06  0.55888107E-06   863.99999897   -23259.11612046
   13500   27.00000000  0.21778486E-06 -0.47206207E-06  0.39196106E-06   863.99999897   -23259.11612018
   13510   27.02000000  0.15850285E-06 -0.40400910E-06  0.22450276E-06   863.99999897   -23259.11611990
   13520   27.04000000  0.95252930E-07 -0.32713780E-06  0.58555868E-07   863.99999897   -23259.11611963
   13530   27.06000000  0.28757292E-07 -0.24212268E-06 -0.10385224E-06   863.99999897   -23259.11611936
   13540   27.08000000 -0.40193984E-07 -0.14976762E-06 -0.26075414E-06   863.99999897   -23259.11611908
   13550   27.10000000 -0.11075320E-06 -0.50999392E-07 -0.41027820E-06   863.99999897   -23259.11611882
   13560   27.12000000 -0.18203189E-06  0.53138847E-07 -0.55069092E-06   863.99999897   -23259.11611855
   13570   27.14000000 -0.25311319E-06  0.16149890E-06 -0.68043105E-06   863.99999897   -23259.11611828
   13580   27.16000000 -0.32307427E-06  0.27284361E-06 -0.79814273E-06   863.99999897   -23259.11611802
   13590   27.18000000 -0.39100225E-06  0.38586293E-06 -0.90270477E-06   863.99999896   -23259.11611775
   13600   27.20000000 -0.45601752E-06  0.49919819E-06 -0.99324611E-06   863.99999896   -23259.11611748
   13610   27.22000000 -0.51729137E-06  0.61146051E-06 -0.10691622E-05   863.99999896   -23259.11611722
   13620   27.24000000 -0.57406828E-06  0.72126107E-06 -0.11301117E-05   863.99999896   -23259.11611695
   13630   27.26000000 -0.62568317E-06  0.82723297E-06 -0.11760151E-05   863.99999896   -23259.11611669
   13640   27.28000000 -0.67157892E-06  0.92805888E-06 -0.12070411E-05   863.99999896   -23259.11611642
   13650   27.30000000 -0.71131929E-06  0.10224958E-05 -0.12235894E-05   863.99999896   -23259.11611616
   13660   27.32000000 -0.74459839E-06  0.11093936E-05 -0.12262672E-05   863.99999896   -23259.11611589
   13670   27.34000000 -0.77124588E-06  0.11877185E-05 -0.12158697E-05   863.99999896   -23259.11611563
   13680   27.36000000 -0.79122555E-06  0.12565628E-05 -0.11933503E-05   863.99999896   -23259.11611536
   13690   27.38000000 -0.80463383E-06  0.13151587E-05 -0.11597993E-05   863.99999896   -23259.11611509
   13700   27.40000000 -0.81168264E-06  0.13628823E-05 -0.11164169E-05   863.99999895   -23259.11611482
   13710   27.42000000 -0.81269087E-06  0.13992531E-05 -0.10644870E-05   863.99999895   -23259.11611455
   13720   27.44000000 -0.80805960E-06  0.14239341E-05 -0.10053577E-05   863.99999895   -23259.11611428
   13730   27.46000000 -0.79825292E-06  0.14367230E-05 -0.94040819E-06   863.99999895   -23259.11611400
   13740   27.48000000 -0.78377338E-06  0.14375442E-05 -0.87103190E-06   863.99999895   -23259.11611372
   13750   27.50000000 -0.76513347E-06  0.14264393E-05 -0.79860434E-06   863.99999895   -23259.11611344
   13760   27.52000000 -0.74283960E-06  0.14035549E-05 -0.72446088E-06   863.99999895   -23259.11611316
   13770   27.54000000 -0.71736362E-06  0.13691350E-05 -0.64987177E-06   863.99999895   -23259.11611288
   13780   27.56000000 -0.68913064E-06  0.13235108E-05 -0.57601882E-06   863.99999895   -23259.11611259
   13790   27.58000000 -0.65850488E-06  0.12670918E-05 -0.50397564E-06   863.99999895   -23259.11611231
   13800   27.60000000 -0.62578453E-06  0.12003622E-05 -0.43469292E-06   863.99999895   -23259.11611202
   13810   27.62000000 -0.59119676E-06  0.11238764E-05 -0.36898854E-06   863.99999894   -23259.11611174
   13820   27.64000000 -0.55490749E-06  0.10382545E-05 -0.30754250E-06   863.99999894   -23259.11611145
   13830   27.66000000 -0.51702214E-06  0.94418676E-06 -0.25089932E-06   863.99999894   -23259.11611117
   13840   27.68000000 -0.47760727E-06  0.84242804E-06 -0.19947545E-06   863.99999894   -23259.11611089
   13850   27.70000000 -0.43669793E-06  0.73380341E-06 -0.15357050E-06   863.99999894   -23259.11611061
   13860   27.72000000 -0.39431847E-06  0.61920894E-06 -0.11338581E-06   863.99999894   -23259.11611034
   13870   27.74000000 -0.35049809E-06  0.49961305E-06 -0.79036841E-07   863.99999894   -23259.11611006
   13880   27.76000000 -0.30528727E-06  0.37606015E-06 -0.50576051E-07   863.99999894   -23259.11610979
   13890   27.78000000 -0.25876831E-06  0.24966695E-06 -0.28004545E-07   863.99999894   -23259.11610953
   13900   27.80000000 -0.21107059E-06  0.12162434E-06 -0.11288804E-07   863.99999894   -23259.11610926
   13910   27.82000000 -0.16237372E-06 -0.68118236E-08 -0.36686877E-09   863.99999894   -23259.11610900
   13920   27.84000000 -0.11291413E-06 -0.13432600E-06  0.48452720E-08   863.99999893   -23259.11610873
   13930   27.86000000 -0.62983447E-07 -0.25955755E-06  0.44520146E-08   863.99999893   -23259.11610847
   13940   27.88000000 -0.12927854E-07 -0.38112016E-06 -0.14158243E-08   863.99999893   -23259.11610821
   13950   27.90000000  0.36859243E-07 -0.49762008E-06 -0.12598577E-07   863.99999893   -23259.11610794
   13960   27.92000000  0.85943645E-07 -0.60768637E-06 -0.28896417E-07   863.99999893   -23259.11610768
   13970   27.94000000  0.13386213E-06 -0.70999369E-06 -0.50061197E-07   863.99999893   -23259.11610741
   13980   27.96000000  0.18013240E-06 -0.80329458E-06 -0.75791126E-07   863.99999893   -23259.11610715
   13990   27.98000000  0.22426722E-06 -0.88644671E-06 -0.10571832E-06   863.99999893   -23259.11610688
   14000   28.00000000  0.26578656E-06 -0.95843711E-06 -0.13941343E-06   863.99999893   -23259.11610661
   14010   28.02000000  0.30423077E-06 -0.10184068E-05 -0.17637607E-06   863.99999893   -23259.11610634
   14020   28.04000000  0.33917625E-06 -0.10656632E-05 -0.21604654E-06   863.99999893   -23259.11610607
   14030   28.06000000  0.37024344E-06 -0.10996952E-05 -0.25780493E-06   863.99999892   -23259.11610580
   14040   28.08000000  0.39710964E-06 -0.11201740E-05 -0.30098586E-06   863.99999892   -23259.11610552
   14050   28.10000000  0.41951794E-06 -0.11269549E-05 -0.34488618E-06   863.99999892   -23259.11610525
   14060   28.12000000  0.43728044E-06 -0.11200684E-05 -0.38877997E-06   863.99999892   -23259.11610497
   14070   28.14000000  0.45028262E-06 -0.10997116E-05 -0.43192908E-06   863.99999892   -23259.11610469
   14080   28.16000000  0.45848226E-06 -0.10662342E-05 -0.47359734E-06   863.99999892   -23259.11610441
   14090   28.18000000  0.46190659E-06 -0.10201235E-05 -0.51305784E-06   863.99999892   -23259.11610413
   14100   28.20000000  0.46064789E-06 -0.96198877E-06 -0.54960500E-06   863.99999892   -23259.11610384
   14110   28.22000000  0.45485176E-06 -0.89254868E-06 -0.58255630E-06   863.99999892   -23259.11610356
   14120   28.24000000  0.44471294E-06 -0.81261460E-06 -0.61125853E-06   863.99999892   -23259.11610327
   14130   28.26000000  0.43046289E-06 -0.72308418E-06 -0.63508953E-06   863.99999892   -23259.11610299
   14140   28.28000000  0.41236096E-06 -0.62492553E-06 -0.65345925E-06   863.99999892   -23259.11610270
   14150   28.30000000  0.39068846E-06 -0.51917555E-06 -0.66580973E-06   863.99999891   -23259.11610241
   14160   28.32000000  0.36573867E-06 -0.40692944E-06 -0.67162399E-06   863.99999891   -23259.11610213
   14170   28.34000000  0.33781746E-06 -0.28933741E-06 -0.67042519E-06   863.99999891   -23259.11610184
   14180   28.36000000  0.30723686E-06 -0.16759721E-06 -0.66179439E-06   863.99999891   -23259.11610156
   14190   28.38000000  0.27431937E-06 -0.42947285E-07 -0.64537833E-06   863.99999891   -23259.11610128
   14200   28.40000000  0.23939752E-06  0.83340181E-07 -0.62091224E-06   863.99999891   -23259.11610100
   14210   28.42000000  0.20281992E-06  0.20997195E-06 -0.58824041E-06   863.99999891   -23259.11610072
   14220   28.44000000  0.16495444E-06  0.33564648E-06 -0.54733702E-06   863.99999891   -23259.11610045
   14230   28.46000000  0.12619418E-06  0.45907163E-06 -0.49833232E-06   863.99999891   -23259.11610018
   14240   28.48000000  0.86959578E-07  0.57898094E-06 -0.44152914E-06   863.99999891   -23259.11609991
   14250   28.50000000  0.47701963E-07  0.69415688E-06 -0.37742083E-06   863.99999891   -23259.11609964
   14260   28.52000000  0.89016543E-08  0.80345129E-06 -0.30669451E-06   863.99999890   -23259.11609937
   14270   28.54000000 -0.28935749E-07  0.90580468E-06 -0.23023301E-06   863.99999890   -23259.11609911
   14280   28.56000000 -0.65284667E-07  0.10002677E-05 -0.14910085E-06   863.99999890   -23259.11609885
   14290   28.58000000 -0.99614747E-07  0.10860144E-05 -0.64524737E-07   863.99999890   -23259.11609859
   14300   28.60000000 -0.13139994E-06  0.11623537E-05  0.22135206E-07   863.99999890   -23259.11609833
   14310   28.62000000 -0.16013855E-06  0.12287377E-05  0.10942427E-06   863.99999890   -23259.11609807
   14320   28.64000000 -0.18536838E-06  0.12847598E-05  0.19582894E-06   863.99999890   -23259.11609781
   14330   28.66000000 -0.20668754E-06  0.13301552E-05  0.27982391E-06   863.99999890   -23259.11609756
   14340   28.68000000 -0.22376954E-06  0.13647885E-05  0.35990943E-06   863.99999890   -23259.11609730
   14350   28.70000000 -0.23638007E-06  0.13886483E-05  0.43465097E-06   863.99999890   -23259.11609704
   14360   28.72000000 -0.24438767E-06  0.14018275E-05  0.50271272E-06   863.99999890   -23259.11609678
   14370   28.74000000 -0.24777345E-06  0.14045155E-05  0.56288187E-06   863.99999889   -23259.11609652
   14380   28.76000000 -0.24663356E-06  0.13969802E-05  0.61409193E-06   863.99999889   -23259.11609626
   14390   28.78000000 -0.24117763E-06  0.13795581E-05  0.65543118E-06   863.99999889   -23259.11609600
   14400   28.80000000 -0.23172469E-06  0.13526423E-05  0.68615156E-06   863.99999889   -23259.11609573
   14410   28.82000000 -0.21869177E-06  0.13166761E-05  0.70566717E-06   863.99999889   -23259.11609546
   14420   28.84000000 -0.20258084E-06  0.12721460E-05  0.71354919E-06   863.99999889   -23259.11609519
   14430   28.86000000 -0.18396245E-06  0.12195804E-05  0.70952064E-06   863.99999889   -23259.11609492
   14440   28.88000000 -0.16345629E-06  0.11595487E-05  0.69344091E-06   863.99999889   -23259.11609465
   14450   28.90000000 -0.14171388E-06  0.10926609E-05  0.66530054E-06   863.99999889   -23259.11609438
   14460   28.92000000 -0.11939498E-06  0.10195728E-05  0.62520795E-06   863.99999889   -23259.11609411
   14470   28.94000000 -0.97149543E-07  0.94098537E-06  0.57338116E-06   863.99999889   -23259.11609384
   14480   28.96000000 -0.75599056E-07  0.85765078E-06  0.51014312E-06   863.99999888   -23259.11609357
   14490   28.98000000 -0.55315271E-07  0.77037312E-06  0.43591844E-06   863.99999888   -23259.11609330
   14500   29.00000000 -0.36806970E-07  0.68000824E-06  0.35123325E-06   863.99999888   -23259.11609302
   14510   29.02000000 -0.20503715E-07  0.58746668E-06  0.25672015E-06   863.99999888   -23259.11609275
   14520   29.04000000 -0.67440844E-08  0.49370786E-06  0.15312043E-06   863.99999888   -23259.11609248
   14530   29.06000000  0.42331874E-08  0.39973717E-06  0.41295084E-07   863.99999888   -23259.11609221
   14540   29.08000000  0.12291913E-07  0.30659916E-06 -0.77772120E-07   863.99999888   -23259.11609194
   14550   29.10000000  0.17404287E-07  0.21536528E-06 -0.20296783E-06   863.99999888   -23259.11609167
   14560   29.12000000  0.19645038E-07  0.12712403E-06 -0.33304610E-06   863.99999888   -23259.11609141
   14570   29.14000000  0.19184669E-07  0.42961318E-07 -0.46663000E-06   863.99999888   -23259.11609114
   14580   29.16000000  0.16281723E-07 -0.36055622E-07 -0.60221816E-06   863.99999888   -23259.11609088
   14590   29.18000000  0.11267897E-07 -0.10890128E-06 -0.73819526E-06   863.99999887   -23259.11609062
   14600   29.20000000  0.45335328E-08 -0.17461526E-06 -0.87285158E-06   863.99999887   -23259.11609035
   14610   29.22000000 -0.34878950E-08 -0.23232424E-06 -0.10044051E-05   863.99999887   -23259.11609009
   14620   29.24000000 -0.12337214E-07 -0.28126910E-06 -0.11310320E-05   863.99999887   -23259.11608983
   14630   29.26000000 -0.21545286E-07 -0.32082435E-06 -0.12509007E-05   863.99999887   -23259.11608957
   14640   29.28000000 -0.30647792E-07 -0.35052117E-06 -0.13622086E-05   863.99999887   -23259.11608931
   14650   29.30000000 -0.39195376E-07 -0.37005849E-06 -0.14632233E-05   863.99999887   -23259.11608905
   14660   29.32000000 -0.46767145E-07 -0.37931691E-06 -0.15523220E-05   863.99999887   -23259.11608878
   14670   29.34000000 -0.52977863E-07 -0.37836131E-06 -0.16280297E-05   863.99999887   -23259.11608852
   14680   29.36000000 -0.57483387E-07 -0.36743608E-06 -0.16890544E-05   863.99999887   -23259.11608825
   14690   29.38000000 -0.59988150E-07 -0.34695951E-06 -0.17343184E-05   863.99999887   -23259.11608798
   14700   29.40000000 -0.60246453E-07 -0.31750628E-06 -0.17629802E-05   863.99999886   -23259.11608771
   14710   29.42000000 -0.58069740E-07 -0.27978744E-06 -0.17744534E-05   863.99999886   -23259.11608744
   14720   29.44000000 -0.53325534E-07 -0.23462711E-06 -0.17684161E-05   863.99999886   -23259.11608717
   14730   29.46000000 -0.45945723E-07 -0.18293570E-06 -0.17448115E-05   863.99999886   -23259.11608690
   14740   29.48000000 -0.35924125E-07 -0.12568241E-06 -0.17038468E-05   863.99999886   -23259.11608663
   14750   29.50000000 -0.23324364E-07 -0.63866259E-07 -0.16459807E-05   863.99999886   -23259.11608636
   14760   29.52000000 -0.82743773E-08  0.15052990E-08 -0.15719107E-05   863.99999886   -23259.11608609
   14770   29.54000000  0.90293877E-08  0.69442067E-07 -0.14825527E-05   863.99999886   -23259.11608583
   14780   29.56000000  0.28328721E-07  0.13898691E-06 -0.13790234E-05   863.99999886   -23259.11608557
   14790   29.58000000  0.49310100E-07  0.20923188E-06 -0.12626147E-05   863.99999886   -23259.11608531
   14800   29.60000000  0.71612570E-07  0.27932784E-06 -0.11347738E-05   863.99999886   -23259.11608505
   14810   29.62000000  0.94842156E-07  0.34848802E-06 -0.99707553E-06   863.99999885   -23259.11608480
   14820   29.64000000  0.11858599E-06  0.41599368E-06 -0.85120077E-06   863.99999885   -23259.11608454
   14830   29.66000000  0.14242540E-06  0.48119025E-06 -0.69890924E-06   863.99999885   -23259.11608429
   14840   29.68000000  0.16595568E-06  0.54348680E-06 -0.54201366E-06   863.99999885   -23259.11608403
   14850   29.70000000  0.18879651E-06  0.60235156E-06 -0.38235539E-06   863.99999885   -23259.11608378
   14860   29.72000000  0.21060833E-06  0.65730693E-06 -0.22177703E-06   863.99999885   -23259.11608352
   14870   29.74000000  0.23109929E-06  0.70792541E-06 -0.62097380E-07   863.99999885   -23259.11608327
   14880   29.76000000  0.25003457E-06  0.75382550E-06  0.94913127E-07   863.99999885   -23259.11608301
   14890   29.78000000  0.26723862E-06  0.79466701E-06  0.24755428E-06   863.99999885   -23259.11608275
   14900   29.80000000  0.28259761E-06  0.83014724E-06  0.39421808E-06   863.99999885   -23259.11608249
   14910   29.82000000  0.29605807E-06  0.85999910E-06  0.53340534E-06   863.99999885   -23259.11608223
   14920   29.84000000  0.30762583E-06  0.88398747E-06  0.66374264E-06   863.99999884   -23259.11608197
   14930   29.86000000  0.31736184E-06  0.90190661E-06  0.78399218E-06   863.99999884   -23259.11608171
   14940   29.88000000  0.32538191E-06  0.91358228E-06  0.89306613E-06   863.99999884   -23259.11608144
   14950   29.90000000  0.33185116E-06  0.91886887E-06  0.99002874E-06   863.99999884   -23259.11608118
   14960   29.92000000  0.33698311E-06  0.91765490E-06  0.10741084E-05   863.99999884   -23259.11608091
   14970   29.94000000  0.34103887E-06  0.90986495E-06  0.11446963E-05   863.99999884   -23259.11608065
   14980   29.96000000  0.34431897E-06  0.89546662E-06  0.12013541E-05   863.99999884   -23259.11608038
   14990   29.98000000  0.34716473E-06  0.87447967E-06  0.12438109E-05   863.99999884   -23259.11608012
 projection: already converged, E_kin(new)-E_kin(old)= -5.684341886080801E-014
   15000   30.00000000  0.34994240E-06  0.84698163E-06  0.12719671E-05   863.99999884   -23259.11607986
=== application breakdown [s] ===
total calculation time,7403.52144909
rt calculation                         min         max     average   std. dev.  difference    relative
rt initialization              0.50068E-04 0.50092E-03 0.17449E-03 0.52456E-04 0.45085E-03 0.10005E+02
reading lda data               0.55503E+01 0.56371E+01 0.55548E+01 0.25367E-02 0.86813E-01 0.10156E+01
reading rt data                0.23260E-02 0.39210E-02 0.26874E-02 0.18033E-03 0.15950E-02 0.16857E+01
prep. time prop.               0.76699E-03 0.37081E-02 0.10211E-02 0.13897E-03 0.29411E-02 0.48346E+01
rt iterations                  0.73968E+04 0.73968E+04 0.73968E+04 0.75800E-04 0.93269E-03 0.10000E+01
after writing rt data          0.19073E-05 0.96948E+00 0.11680E-03 0.10219E-01 0.96948E+00 0.50829E+06
in rt iterations                       min         max     average   std. dev.  difference    relative
Vbox                           0.13118E+01 0.15716E+01 0.14232E+01 0.38927E-01 0.25981E+00 0.11981E+01
time propagation               0.56113E+04 0.58393E+04 0.57550E+04 0.35342E+02 0.22797E+03 0.10406E+01
calculating rho                0.11211E+03 0.33854E+03 0.19258E+03 0.35308E+02 0.22643E+03 0.30196E+01
Hartree routine                0.37458E+02 0.52701E+02 0.45642E+02 0.30341E+01 0.15243E+02 0.14069E+01
Exc_Cor routine                0.57956E+01 0.12238E+02 0.83559E+01 0.16226E+01 0.64424E+01 0.21116E+01
calculating curr               0.11434E+04 0.11435E+04 0.11435E+04 0.16214E-01 0.94099E-01 0.10001E+01
calc. projection               0.16173E+02 0.16554E+02 0.16429E+02 0.54668E-01 0.38082E+00 0.10235E+01
writing energies               0.14982E+01 0.19414E+01 0.16061E+01 0.10731E+00 0.44321E+00 0.12958E+01
calc_eigen_energy              0.21038E+03 0.21115E+03 0.21059E+03 0.10862E+00 0.77739E+00 0.10037E+01
calc_total_energy_periodic     0.17654E+02 0.22301E+02 0.19167E+02 0.66962E+00 0.46470E+01 0.12632E+01
writing info etc.              0.93763E-02 0.43805E+00 0.12385E-01 0.45959E-02 0.42867E+00 0.46718E+02
total_energy module                    min         max     average   std. dev.  difference    relative
periodic calc.                 0.29513E+01 0.10088E+02 0.48376E+01 0.15104E+01 0.71369E+01 0.34182E+01
periodic comm. coll.           0.85118E+01 0.19147E+02 0.14313E+02 0.16975E+01 0.10635E+02 0.22495E+01
eigen_energy calc.             0.36363E+02 0.38944E+02 0.38006E+02 0.36476E+00 0.25802E+01 0.10710E+01
eigen_energy comm. coll.       0.40292E+01 0.10745E+02 0.70802E+01 0.83070E+00 0.67154E+01 0.26667E+01
eigen_energy hpsi              0.14851E+03 0.15348E+03 0.15026E+03 0.69388E+00 0.49665E+01 0.10334E+01
density_matrix module                  min         max     average   std. dev.  difference    relative
density calc.                  0.80240E+02 0.14220E+03 0.10808E+03 0.12470E+02 0.61956E+02 0.17721E+01
density comm. coll.            0.12979E+02 0.19914E+03 0.84255E+02 0.26116E+02 0.18616E+03 0.15343E+02
current calc.                  0.25054E+03 0.27475E+03 0.26080E+03 0.36109E+01 0.24204E+02 0.10966E+01
current rDivided uVpsi calc.   0.11438E+03 0.11819E+03 0.11591E+03 0.51678E+00 0.38111E+01 0.10333E+01
current comm. coll.            0.68887E+02 0.11301E+03 0.95142E+02 0.54117E+01 0.44123E+02 0.16405E+01
current comm. halo.            0.64350E+03 0.70141E+03 0.67148E+03 0.80446E+01 0.57914E+02 0.10900E+01
conjugate_gradient module              min         max     average   std. dev.  difference    relative
subspace_diag module                   min         max     average   std. dev.  difference    relative
subspace_diag so module                min         max     average   std. dev.  difference    relative
force module                           min         max     average   std. dev.  difference    relative
init_ps                                min         max     average   std. dev.  difference    relative
hamiltonian module                     min         max     average   std. dev.  difference    relative
total                          0.49388E+04 0.51457E+04 0.50320E+04 0.33862E+02 0.20693E+03 0.10419E+01
update overlap (comm.)         0.26431E+04 0.30401E+04 0.27819E+04 0.55826E+02 0.39698E+03 0.11502E+01
stencil                        0.10812E+04 0.13228E+04 0.11829E+04 0.25942E+02 0.24166E+03 0.12235E+01
subtraction                    0.26648E+02 0.30207E+02 0.28622E+02 0.43179E+00 0.35587E+01 0.11335E+01
pseudo-pt                      0.92773E+03 0.11155E+04 0.10191E+04 0.25909E+02 0.18778E+03 0.12024E+01
pseudo-pt (comm.)              0.28569E+02 0.26657E+03 0.13497E+03 0.32118E+02 0.23800E+03 0.93305E+01
hpsi-overlapped                        min         max     average   std. dev.  difference    relative
checkpoint/restart                     min         max     average   std. dev.  difference    relative
restart self                   0.20187E+01 0.20846E+01 0.20262E+01 0.17644E-02 0.65923E-01 0.10327E+01
restart sync                   0.20779E+01 0.20946E+01 0.20845E+01 0.14784E-02 0.16713E-01 0.10080E+01
=== performance [GFLOPS] ===
end SALMON
