# Units: Time [fs], Current Jm [1/fs*Angstrom^2]
time,fid_signal,fid_exp_fit,normalized_fid
14.452,0.0020832630018575186,0.006285610116963101,0.27174346770284913
14.462,0.0019164318607988202,0.006265242496252674,0.2471639030236768
14.472,0.001740592020038066,0.0062449408739044905,0.22105959494452326
14.482,0.001556083866908538,0.0062247050360602916,0.19346927630966648
14.492,0.001363305753203015,0.006204534769554797,0.1644411655782188
14.502,0.0011627133021434076,0.006184429861913469,0.13403300896193654
14.512,0.0009548161171930848,0.006164390101350253,0.10231171154929213
14.522,0.0007401682010644403,0.006144415276765356,0.06935198193782338
14.532,0.0005193646575395183,0.006124505177743027,0.03523593472161768
14.542,0.00029303175862601847,0.006104659594549337,5.1640473446440405e-05
14.552,6.182266850723677e-05,0.006084878318129964,-0.03610745749928869
14.562,-0.00017357921544155954,0.006065161140108012,-0.07314193761354497
14.572,-0.00041247392194407794,0.0060455078527817865,-0.11094848084029141
14.582,-0.0006541520019305567,0.006025918249122618,-0.14942094167064288
14.592,-0.0008978871838528711,0.006006392122772702,-0.18844913921519352
14.602,-0.0011429414669446773,0.005986929268042889,-0.2279196209427718
14.612,-0.001388572215441025,0.0059675294799105445,-0.26771676046562326
14.622,-0.0016340312981734887,0.005948192554017377,-0.3077225940836298
14.632,-0.00187856558151279,0.005928918286667288,-0.34781687401955996
14.642,-0.002121414018765553,0.005909706474824232,-0.3878765742935069
14.652,-0.0023618093197132505,0.005890556916110068,-0.42777613567272177
14.662,-0.0025989828976759484,0.005871469408802431,-0.467388247939549
14.672,-0.002832159783651908,0.005852443751832621,-0.5065830010250322
14.682,-0.003060555764461596,0.005833479744783454,-0.5452273923746973
14.692,-0.0032833815587241747,0.005814577187887186,-0.5831859890184193
14.702,-0.003499845017490247,0.005795735882023381,-0.620321268340496
14.712,-0.0037091489076455457,0.005776955628716828,-0.6564932334823206
14.722,-0.003910488656111734,0.005758236230135446,-0.6915590203527483
14.732,-0.004103058626019734,0.005739577489088198,-0.725373919519211
14.742,-0.004286056789388856,0.005720979209023018,-0.7577921460044966
14.752,-0.00445868420042711,0.005702441194024746,-0.7886667500231632
14.762,-0.004620147020588244,0.005683963248813049,-0.8178499582831393
14.772,-0.004769662506726064,0.005665545178740372,-0.845194189641701
14.782,-0.004906468013472281,0.00564718678978989,-0.870553596125318
14.792,-0.005029823818685311,0.005628887888573457,-0.893784583548604
14.802,-0.005139013110289407,0.005610648282329586,-0.9147458578940372
14.812,-0.005233353786515355,0.005592467778921394,-0.9333004906150243
14.822,-0.005312207717573606,0.005574346186834595,-0.9493175847474642
14.832,-0.005374980794934506,0.0055562833151754695,-0.9626723835143932
14.842,-0.005421130519318296,0.00553827897366888,-0.9732476824491666
14.852,-0.005450173168093889,0.005520332972656232,-0.9809351951755291
14.862,-0.00546168810153521,0.005502445123093499,-0.9856364422161267
14.872,-0.005455324943259844,0.005484615236549224,-0.9872641560020331
14.882,-0.00543080615149045,0.0054668431252025305,-0.985742905872215
14.892,-0.005387929073482438,0.005449128601841158,-0.9810096400326289
14.902,-0.005326574560163596,0.0054314714798594675,-0.9730153929187727
14.912,-0.0052467060856402625,0.005413871573256507,-0.96172534443687
14.922,-0.0051483663757065,0.005396328696634015,-0.9471184344585908
14.932,-0.005031689430156969,0.005378842665194504,-0.9291897059389461
14.942,-0.00489689658261262,0.005361413294739283,-0.9079498465186253
14.952,-0.004744288968524353,0.005344040401666536,-0.8834240749129493
14.962,-0.0045742542867636135,0.005326723802969382,-0.8556535636981334
14.972,-0.004387263285999426,0.005309463316233946,-0.824695041162217
14.982,-0.0041838677072067,0.005292258759637441,-0.7906206486646118
14.992,-0.003964699674023827,0.005275109951946245,-0.7535180517161624
15.002,-0.003730463393859849,0.005258016712514012,-0.7134891521033179
15.012,-0.003481931711922867,0.005240978861279741,-0.6706496590364133
15.022,-0.003219947221021641,0.005223996218765898,-0.6251294834906859
15.032,-0.002945419378984855,0.005207068606076513,-0.5770724031329953
15.042,-0.0026593116246877964,0.005190195844895321,-0.5266338823497396
15.052,-0.0023626356956382107,0.005173377757483847,-0.4739801752727884
15.062,-0.002056457416013886,0.005156614166679561,-0.4192895294611162
15.072,-0.0017418879516842376,0.0051399048958939994,-0.3627507213035398
15.082,-0.0014200716107541835,0.005123249769110904,-0.30456091489847337
15.092,-0.0010921855341288547,0.005106648610884389,-0.24492569662539865
15.102,-0.0007594366249774288,0.005090101246337059,-0.18405860058880902
15.112,-0.00042305056370678314,0.005073607501158189,-0.12217913535071484
15.122,-8.426447383686885e-05,0.005057167201601883,-0.059511460190236454
15.132,0.0002556723861699188,0.005040780174485245,0.0037154414932421484
15.142,0.0005955068965050681,0.005024446247186547,0.06726928311397287
15.152,0.0009339966318202166,0.005008165247643434,0.13091721792712305
15.162,0.001269912039381261,0.004991937004351071,0.19442627061109619
15.172,0.0016020385091698288,0.004975761346360382,0.2575637489090291
15.182,0.0019291883500107314,0.004959638103276212,0.320099560074173
15.192,0.002250209825676029,0.004943567105255553,0.38180800565466144
15.202,0.002563990428252695,0.004927548183005747,0.4424684877765996
15.212,0.002869463349518958,0.004911581167782706,0.5018668418094733
15.222,0.0031656160730239675,0.004895665891389133,0.5597971068605643
15.232,0.003451495729530818,0.00487980218617275,0.6160626911649719
15.242,0.003726211723943682,0.004863989885024528,0.6704770190726738
15.252,0.003988942479516088,0.004848228821376943,0.7228649956883656
15.262,0.004238945372515381,0.004832518829202197,0.7730651218283154
15.272,0.004475551656294601,0.004816859743010483,0.8209286834924568
15.282,0.004698166964764946,0.00480125139784825,0.8663200283131021
15.292,0.00490628434141672,0.0047856936292964445,0.9091193285449418
15.302,0.0050994795529695856,0.004770186273468793,0.9492218657719665
15.312,0.005277405784795902,0.004754729167010072,0.9865371794197731
15.322,0.005439799679504216,0.004739322147094387,1.0209904713673184
15.332,0.005586479487852416,0.004723965051423454,1.0525224511549462
15.342,0.0057173376650297945,0.004708657718224906,1.081088055075987
15.352,0.005832341287772952,0.004693399986250565,1.106656723554358
15.362,0.005931531864387883,0.004678191694774753,1.1292125673667697
15.372,0.006015014292980734,0.004663032683592608,1.1487523276368072
15.382,0.006082952594669758,0.0046479227930183815,1.1652846793224767
15.392,0.0061355725370238565,0.004632861863883775,1.178830936693223
15.402,0.006173152587183627,0.0046178497375362415,1.189423377553815
15.412,0.006196015291930166,0.004602886255837323,1.1971036273318496
15.422,0.0062045253016717525,0.004587971261161003,1.201922387854759
15.432,0.006199085410395348,0.004573104596392014,1.2039387515354814
15.442,0.006180132211705696,0.004558286104924201,1.2032194264395248
15.452,0.006148129634213141,0.004543515630658871,1.1998375058751383
15.462,0.006103562811366067,0.004528793018003148,1.1938712880405384
15.472,0.006046938222702032,0.004514118111868329,1.1854043920450703
15.482,0.00597878191506413,0.00449949075766825,1.1745254707770942
15.492,0.00589962962998862,0.004484910801317677,1.161326214051569
15.502,0.005810023690949308,0.004470378089230652,1.1459007481404029
15.512,0.005710518206755168,0.004455892468318891,1.1283467847730124
15.522,0.00560167432671913,0.004441453785990182,1.1087646754860254
15.532,0.005484049855278667,0.004427061890146757,1.0872552472242587
15.542,0.005358200896148831,0.0044127166291837,1.063920171490584
15.552,0.00522468764634967,0.004398417851987349,1.0388632293055569
15.562,0.0050840676044726614,0.004384165407933707,1.0121888860329538
15.572,0.004936886641986261,0.004369959146886851,0.9840003797932184
15.582,0.004783683428710596,0.004355798919197347,0.9544006675049737
15.592,0.004624991902765985,0.004341684575700692,0.9234929589993935
15.602,0.004461334383479847,0.004327615967715717,0.8913792184519606
15.612,0.004293218523512801,0.004313592947043036,0.8581594753691383
15.622,0.004121139560645439,0.00429961536596348,0.8239322869295641
15.632,0.003945579811132906,0.004285683077236552,0.7887946006925493
15.642,0.0037670049177634204,0.004271795934098857,0.7528408906220254
15.652,0.003585864418543395,0.00425795379026257,0.7161632332425842
15.662,0.0034025914738949566,0.004244156499913885,0.6788512029922665
15.672,0.003217600707565089,0.004230403917711498,0.6409913425670271
15.682,0.0030312918199471572,0.004216695898785049,0.6026679077309475
15.692,0.0028440489923722955,0.0042030322987336175,0.5639626840354407
15.702,0.002656237708163352,0.00418941297362419,0.5249542231822457
15.712,0.0024682092945165508,0.004175837779990148,0.4857188039152295
15.722,0.0022803035950353027,0.004162306574829753,0.44633098627040096
15.732,0.002092847809874866,0.0041488192156046546,0.4068633103251017
15.742,0.001906157140921452,0.004135375560238365,0.36738639943133566
15.752,0.001720537237514013,0.004121975467114778,0.3279694762294533
15.762,0.001536288583531571,0.004108618795076682,0.2886813363881546
15.772,0.0013537068421688586,0.004095305403424254,0.24959041172833032
15.782,0.0011730800917624973,0.004082035151913595,0.21076411688787744
15.792,0.000994694347906581,0.0040688079007552445,0.1722701009684917
15.802,0.0008188359256590477,0.00405562351061271,0.13417679190008552
15.812,0.0006457886256495576,0.004042481842600998,0.09655274577968498
15.822,0.00047583362451743456,0.004029382758285155,0.05946661477569944
15.832,0.00030925010355233734,0.0040163261196788005,0.022987288155604815
15.842,0.00014631773375394994,0.004003311789242688,-0.012815529867781283
15.852,-1.2687277932956105e-05,0.003990339629883241,-0.047872246485057585
15.862,-0.00016749690778663487,0.003977409504951111,-0.08211450672590812
15.872,-0.00031784867573285555,0.0039645212782397545,-0.11547460181782841
15.882,-0.0004634869698206205,0.003951674813983976,-0.1478858025665469
15.892,-0.0006041702321137064,0.00393886997685851,-0.17928409715828197
15.902,-0.000739671953586602,0.003926106631976594,-0.20960848917597333
15.912,-0.0008697800316809452,0.0039133846448885425,-0.23880090560180384
15.922,-0.0009943041503322877,0.0039007038815803466,-0.26680802951275834
15.932,-0.0011130783791833592,0.0038880642084722383,-0.2935820141826049
15.942,-0.0012259599100784206,0.0038754654924173008,-0.31908027791720084
15.952,-0.001332831554050582,0.00386290760070006,-0.3432662064849491
15.962,-0.0014336067064945781,0.003850390401035085,-0.36611046574262873
15.972,-0.0015282346845939452,0.003837913761565606,-0.3875924283190401
15.982,-0.0016166909537140787,0.003825477550862106,-0.40769791939211636
15.992,-0.001698976583885345,0.0038130816379209477,-0.42641918752252017
16.002,-0.0017751330768889803,0.0038007258921630045,-0.4437586629599996
16.012,-0.00184523566435501,0.003788410183432251,-0.4597274528869568
16.022,-0.001909381475946216,0.0037761343819944383,-0.47434252898602236
16.032,-0.001967694547517759,0.0037638983585356767,-0.4876280510325425
16.042,-0.002020330313922171,0.003751701984161122,-0.49961658375981505
16.052,-0.0020674681453588554,0.0037395451303935926,-0.510347333084477
16.062,-0.0021093061706612686,0.003727427669172199,-0.5198649153044121
16.072,-0.002146059629636452,0.00371534947285104,-0.5282189904405851
16.082,-0.0021779579587362183,0.003703310414197818,-0.5354635658130783
16.092,-0.0022052457316107834,0.003691310366392516,-0.5416572564189752
16.102,-0.002228176471842423,0.0036793492030260575,-0.5468617311031452
16.112,-0.0022470065360930998,0.0036674267980989885,-0.5511401463727816
16.122,-0.002261996784603178,0.003655543026020117,-0.5545575418174701
16.132,-0.002273408849454233,0.0036436977616052272,-0.5571798545462622
16.142,-0.002281501362063105,0.0036318908800757497,-0.5590729027409851
16.152,-0.002286529269330654,0.003620122257057419,-0.5603021440148719
16.162,-0.002288739767885965,0.003608391768579014,-0.5609315595926583
16.172,-0.0022883712946796643,0.003596699291070999,-0.5610233167297147
16.182,-0.0022856546372609157,0.0035850447013642695,-0.5606379710835042
16.192,-0.0022808061533181865,0.00357342787668882,-0.5598326153917932
16.202,-0.002274026480261583,0.003561848694672465,-0.558660443397426
16.212,-0.0022655059273666706,0.0035503070333395563,-0.557172065470582
16.222,-0.002255416576353092,0.0035388027711096824,-0.5554133467676579
16.232,-0.0022439105906518673,0.003527335786796397,-0.5534248513843324
16.242,-0.0022311251839169485,0.003515905959605941,-0.5512430523036386
16.252,-0.0022171756635389925,0.0035045131691359786,-0.5488984024488369
16.262,-0.002202154377136511,0.003493157295374303,-0.5464149436331449
16.272,-0.0021861337352541083,0.003481838218697612,-0.5438110048445348
16.282,-0.0021691645891810177,0.003470555819870201,-0.5410986806028039
16.292,-0.0021512726381170445,0.003459309980042751,-0.5382827714667591
16.302,-0.002132455564484816,0.003448100580751058,-0.535359907349135
16.312,-0.002112689013562607,0.0034369275039147634,-0.5323200567565186
16.322,-0.0020919265876966743,0.0034257906318361534,-0.5291464405720074
16.332,-0.0020700924765293107,0.0034146898471988873,-0.5258134471621173
16.342,-0.0020470864817822175,0.0034036250330667706,-0.5222879003214314
16.352,-0.002022786865938416,0.0033925960728825224,-0.5185297541713572
16.362,-0.001997047428012668,0.0033816028504665614,-0.5144912215086452
16.372,-0.0019697004172709205,0.003370645250015748,-0.510117499337527
16.382,-0.0019405585728824721,0.003359723156102204,-0.5053472664051029
16.392,-0.0019094190603304267,0.003348836453672079,-0.5001137223030114
16.402,-0.0018760645959649527,0.0033379850280443207,-0.49434486511415093
16.412,-0.0018402620704492997,0.0033271687649095065,-0.48796307406434364
16.422,-0.0018017706559164824,0.003316387550328596,-0.480887345272281
16.432,-0.0017603473496444662,0.0033056412707317706,-0.4730348505334142
16.442,-0.0017157468263159625,0.0032949298129172043,-0.4643209195071301
16.452,-0.0016677214512349006,0.0032842530640498973,-0.45465907072957024
16.462,-0.001616028295667149,0.003273610911660467,-0.4439630249499402
16.472,-0.0015604399465504834,0.003263003243643971,-0.4321498334868029
16.482,-0.0015007416026612515,0.003252429948258739,-0.41913915753684816
16.492,-0.0014367272226769902,0.003241890914125163,-0.40485225632287986
16.502,-0.0013682112122996258,0.0032313860302245687,-0.3892154129134949
16.512,-0.0012950406099161344,0.0032209151858979975,-0.3721635698922762
16.522,-0.0012170868804789437,0.003210478270845087,-0.35363813768949476
16.532,-0.0011342417956494754,0.0032000751751228747,-0.3335859420746944
16.542,-0.0010464332113237487,0.0031897057891446534,-0.3119639309374152
16.552,-0.0009536277415358825,0.003179370003678823,-0.2887401444997335
16.562,-0.0008558263241456825,0.0031690677098477264,-0.2638926205333802
16.572,-0.000753066492168867,0.00315879879912651,-0.23741024076878475
16.582,-0.000645424319002909,0.003148563163341978,-0.20929349463425023
16.592,-0.0005330196138871038,0.003138360694671464,-0.17955620720994975
16.602,-0.00041601434750902636,0.0031281912856416685,-0.1482252896920117
16.612,-0.00029460993069843687,0.0031180548291275625,-0.11534014387143941
16.622,-0.00016905213739478462,0.003107951218351222,-0.080954324489044
16.632,-3.9629642217044094e-05,0.0030978803468807354,-0.04513532023262547
16.642,9.332973144011579e-05,0.00308784210862907,-0.007963638199071862
16.652,0.00022945625497136721,0.0030778363978529355,0.030466177893840492
16.662,0.0003683375995599278,0.0030678631091517077,0.07004513030097959
16.672,0.0005095257066425906,0.0030579221374662856,0.1106516363054379
16.682,0.0006525377895408535,0.003048013378078002,0.15215165929410385
16.692,0.0007968553006153015,0.0030381367266075127,0.19439822199861015
16.702,0.0009419304046222269,0.003028292079013705,0.2372332026405878
16.712,0.0010871865445200132,0.003018479331592592,0.2804873615481018
16.722,0.0012320211609142305,0.003008698380976222,0.32398102945703305
16.732,0.0013758144870434604,0.002998949124131606,0.3675266780814361
16.742,0.0015179313886152278,0.002989231458359597,0.41092939395425104
16.752,0.001657722394296085,0.0029795452812938538,0.4539871126301233
16.762,0.0017945299533384763,0.0029698904908997143,0.4964924793051627
16.772,0.0019276952713868627,0.0029602669854731675,0.5382349223956573
16.782,0.002056565096153931,0.002950674663639746,0.5790027496854139
16.792,0.0021804959258095325,0.0029411134243534733,0.6185844799538724
16.802,0.0022988537670564505,0.002931583166895806,0.6567688013420288
16.812,0.0024110207565821813,0.0029220837908745557,0.6933466871962966
16.822,0.002516407479804696,0.0029126151962228447,0.7281153529661302
16.832,0.002614457530798637,0.002903177283198044,0.7608798277977635
16.842,0.002704644027550677,0.0028937699523807364,0.7914519987451085
16.852,0.002786472517030753,0.002884393104673642,0.8196516763174451
16.862,0.0028594969844027325,0.002875046641300612,0.8453118640719162
16.872,0.0029233231164736456,0.002865730463805547,0.8682800386168112
16.882,0.0029775994685905657,0.002856444474051394,0.8884155686552156
16.892,0.0030220258565034352,0.002847188574219103,0.9055926373081582
16.902,0.0030563626343822134,0.0028379626668065725,0.9197035007653206
16.912,0.00308042688791028,0.0028287666546276654,0.9306575639073675
16.922,0.003094092259762758,0.002819600440811148,0.9383816201876062
16.932,0.0030972912183849523,0.002810463928799689,0.9428208903986622
16.942,0.0030900178239540335,0.0028013570223488346,0.943940235656651
16.952,0.0030723276501199914,0.0027922796255260003,0.9417244566376743
16.962,0.0030443306522842852,0.002783231642709463,0.9361192666583283
16.972,0.003006195975604014,0.0027742129785873313,0.9271095657329007
16.982,0.0029581523479980344,0.0027652235381565786,0.9147387256181386
16.992,0.002900476399031171,0.0027562632267220024,0.8990669013089152
17.002,0.0028334982382142364,0.002747331949895263,0.8801731531687134
17.012,0.0027575995725260243,0.0027384296135938633,0.858155107375002
17.022,0.0026732015839345505,0.0027295561240401707,0.8331251619719403
17.032,0.002580768626004414,0.0027207113877604212,0.8052119393352283
17.042,0.002480806491723269,0.0027118953115837473,0.774559936449337
17.052,0.0023738517297084826,0.002703107802641181,0.7413261310554025
17.062,0.0022604703867365053,0.0026943487683646836,0.7056797149136302
17.072,0.0021412565033588505,0.0026856181164861786,0.6678017361825603
17.082,0.002016826745828334,0.0026769157550365543,0.6278834181689876
17.092,0.0018878152776592898,0.002668241592344731,0.5861245268714534
17.102,0.001754868329092915,0.002659595537036658,0.5427315959382117
17.112,0.0016186447565300181,0.0026509774980343842,0.4979181840627648
17.122,0.0014798116664793822,0.002642387384555075,0.4519034414145327
17.132,0.0013390349432940852,0.0026338251061100637,0.4049088781213187
17.142,0.0011969792006027867,0.0026252905725039077,0.3571583444332439
17.152,0.0010543095231105794,0.002616783693833422,0.30887864328945064
17.162,0.0009116809946850407,0.002608304380486742,0.26029589007168735
17.172,0.0007697323306532855,0.0025998525431423754,0.21163324464110764
17.182,0.0006290939566613043,0.0025914280927682733,0.16311367761897258
17.192,0.0004903800474590981,0.002583030940620866,0.11495713858422832
17.202,0.00035417765861654304,0.0025746609982441574,0.06737665617775729
17.212,0.00022105295411560695,0.002566318177468782,0.020580424087041888
17.222,9.154832009643579e-05,0.0025580023904110596,-0.025229317082470594
17.232,-3.3823301336880895e-05,0.0025497135494721036,-0.06985840051334508
17.242,-0.0001545819862364122,0.0025414515673368603,-0.11312214147278589
17.252,-0.00027028414163064794,0.002533216356973224,-0.15484667979385533
17.262,-0.00038051727131112263,0.002525007831631095,-0.19486727097361775
17.272,-0.0004849055844009687,0.0025168259048414772,-0.23303045340973472
17.282,-0.0005831182861388206,0.002508670490415563,-0.26919722590917494
17.292,-0.0006748652431495648,0.0025005415024438333,-0.30324170329388556
17.302,-0.0007598951165374737,0.0024924388552951403,-0.3350506431237198
17.312,-0.0008379994301258469,0.0024843624636158115,-0.3645251278174857
17.322,-0.0009090160084888,0.00247631224232876,-0.39158205123044476
17.332,-0.0009728265121427152,0.0024682881066325634,-0.4161534660469868
17.342,-0.0010293535152386213,0.0024602899720006033,-0.4381857462790407
17.352,-0.0010785628323372592,0.0024523177541801405,-0.4576406740464047
17.362,-0.0011204640323137604,0.0024443713691914603,-0.4744958736998127
17.372,-0.001155104157138574,0.0024364507333269636,-0.48874273232701687
17.382,-0.0011825677533145883,0.002428555763150293,-0.5003866394876805
17.392,-0.001202979700240531,0.0024206863754954624,-0.509448262079466
17.402,-0.0012164977020707275,0.0024128424874659657,-0.5159609682025773
17.412,-0.0012233087607675381,0.002405024016433914,-0.519969718664666
17.422,-0.001223628946337216,0.002397230880039159,-0.5215311653941005
17.432,-0.0012177029157869727,0.002389462996188438,-0.5207136473016886
17.442,-0.0012057991813570871,0.002381720283054485,-0.5175955884839969
17.452,-0.0011882031157319734,0.002374002659075197,-0.5122630002513774
17.462,-0.001165220981902458,0.002366310042952759,-0.5048111367365834
17.472,-0.0011371779288544578,0.0023586423536527787,-0.49534387054192613
17.482,-0.0011044084191101596,0.00235099951040346,-0.4839701512818126
17.492,-0.0010672579493619513,0.0023433814326947263,-0.47080475162462593
17.502,-0.0010260856966709286,0.0023357880402773844,-0.4559693737153264
17.512,-0.0009812593169009301,0.002328219253162276,-0.4395907280721652
17.522,-0.0009331527493646361,0.0023206749916194445,-0.4217997571459051
17.532,-0.0008821453316225964,0.002313155176177271,-0.40273135163702817
17.542,-0.0008286213096890151,0.002305659727621667,-0.38252420227301404
17.552,-0.0007729733584493258,0.0022981885669952256,-0.36132222282392307
17.562,-0.0007155963685122686,0.0022907416155963766,-0.33927217795049636
17.572,-0.0006568838813260992,0.002283318794978589,-0.3165223073494709
17.582,-0.0005972367996234326,0.0022759200269495084,-0.2932257709232122
17.592,-0.0005370581223217352,0.002268545233570168,-0.2695386162629253
17.602,-0.0004767458860933118,0.0022611943371541408,-0.24561700063184713
17.612,-0.00041669810795809273,0.0022538672602667354,-0.22161914038406455
17.622,-0.000357311824976821,0.002246563925724173,-0.197704931427551
17.632,-0.0002989767997246983,0.002239284256592785,-0.17403343270594007
17.642,-0.0002420729867488625,0.0022320281761881882,-0.15076181313277262
17.652,-0.00018697111957338393,0.002224795608074485,-0.12804552953257978
17.662,-0.00013402872720453727,0.0022175864760634652,-0.10603666159291852
17.672,-8.358280622141527e-05,0.002210400704213781,-0.08488086732617088
17.682,-3.595012715269319e-05,0.002203238216830179,-0.06471738792099194
17.692,8.574625848163783e-06,0.0021960989384626683,-0.0456781608091924
17.702,4.9728117112626206e-05,0.002188982793905755,-0.02788389139091181
17.712,8.72803136043594e-05,0.0021818897081976383,-0.011443059338928654
17.722,0.00012103335862496001,0.002174819606619409,0.0035478257471466337
17.732,0.0001508273045831228,0.0021677724146942855,0.017006795875223635
17.742,0.00017654614772298974,0.0021607480581868122,0.028869168919721452
17.752,0.00019811623568555844,0.0021537464631020834,0.03908716874228879
17.762,0.0002155068637738661,0.0021467675556849615,0.04763044351595046
17.772,0.0002287332030753231,0.002139811262419311,0.05448757387300847
17.782,0.0002378541306693161,0.002132877510027199,0.05966546835115308
17.792,0.0002429736115364935,0.002125966225468153,0.06319022650659935
17.802,0.00024424082186291286,0.0021190773359383757,0.06510749415300182
17.812,0.00024184328603347582,0.0021122107688699705,0.06547987463519343
17.822,0.00023600212361459352,0.0021053664519302016,0.06438516922411999
17.832,0.00022697378519045616,0.002098544313020701,0.06191734606421427
17.842,0.0002150486054572989,0.002091744280276738,0.058186176238137155
17.852,0.00020053769950404972,0.0020849662820664437,0.053311863603770576
17.862,0.00018376684683488209,0.0020782102469900626,0.047422574342172494
17.872,0.00016507891199196202,0.002071476103879198,0.04065560142143699
17.882,0.00014482626251899138,0.00206476378179607,0.033154218414062187
17.892,0.00012336195163672624,0.0020580732100327574,0.025063939413293275
17.902,0.0001010337605282395,0.0020514043181104565,0.016529967031161212
17.912,7.818012443158175e-05,0.0020447570357787484,0.007695403103776633
17.922,5.51304450345702e-05,0.002038131293014839,-0.0012986687397735473
17.932,3.219445830800747e-05,0.0020315270200228453,-0.010317880864110366
17.942,9.654552538877173e-06,0.0020249441472330347,-0.019238067735881718
17.952,-1.2227131209681537e-05,0.0020183826053011156,-0.027942310092341296
17.962,-3.321501180011857e-05,0.002011842325107498,-0.03632385050917668
17.972,-5.3107044414118154e-05,0.0020053232377565513,-0.0442893588856144
17.982,-7.173064222733316e-05,0.001998825274575905,-0.0517573382477772
17.992,-8.894672439046386e-05,0.0019923483671157034,-0.05866011785081246
18.002,-0.00010464751424723554,0.0019858924471479,-0.06494310667310808
18.012,-0.00011875272612960465,0.0019794574466655197,-0.07056330454290022
18.022,-0.00013121471203538404,0.0019730432978819694,-0.07549179721896829
18.032,-0.00014201470576320839,0.001966649933230293,-0.07971229799374971
18.042,-0.00015115883793776885,0.0019602772853624883,-0.08321956182831006
18.052,-0.00015867515511534108,0.0019539252871487818,-0.08601821748801557
18.062,-0.00016461082607039756,0.001947593871676916,-0.08812166212150285
18.072,-0.00016903294585448247,0.001941282972251465,-0.08955257803518896
18.082,-0.00017202372302811166,0.001934992522393112,-0.09034089200309403
18.092,-0.00017367584215355184,0.0019287224558379595,-0.0905217743013099
18.102,-0.00017408868029770085,0.0019224727065368266,-0.09013399701215628
18.112,-0.00017336652494919782,0.0019162432086545621,-0.08921918030336264
18.122,-0.00017162100508025897,0.0019100338965693329,-0.0878229682371562
18.132,-0.00016896622710082978,0.0019038447048719531,-0.08599285223408863
18.142,-0.00016550943212218666,0.0018976755683651869,-0.08377386880818939
18.152,-0.00016135510276100312,0.0018915264220630505,-0.08121048327753741
18.162,-0.00015661099368607804,0.0018853972011901507,-0.07834940756495612
18.172,-0.00015137940585009516,0.0018792878411809776,-0.07523554927053919
18.182,-0.00014575234445035232,0.0018731982776792467,-0.07190971468264949
18.192,-0.0001398191171893908,0.0018671284465372054,-0.0684121278352006
18.202,-0.00013366816244848574,0.0018610782838149624,-0.0647832841857463
18.212,-0.00012738109052219118,0.0018550477257798191,-0.06106113240306799
18.222,-0.00012103423906085922,0.0018490367089055888,-0.05728176297180917
18.232,-0.00011470296793377312,0.0018430451698719342,-0.05348141672936069
18.242,-0.00010846015949208968,0.0018370730455636967,-0.04969577027781219
18.252,-0.00010237637211068552,0.00183112027307024,-0.0459599819036898
18.262,-9.652201441247494e-05,0.0018251867896847689,-0.042309707062858526
18.272,-9.0968122301364e-05,0.001819272532903694,-0.03878147192456786
18.282,-8.5784362988537e-05,0.001813377440425947,-0.035411699743422585
18.292,-8.104066445019517e-05,0.0018075014501523466,-0.03223747733729802
18.302,-7.680933442283356e-05,0.001801644500184935,-0.029297579477797674
18.312,-7.316120834621677e-05,0.001795806528826317,-0.026630586506468185
18.322,-7.016629850955288e-05,0.0017899874745790291,-0.024275177377760183
18.332,-6.789429206135241e-05,0.0017841872761448759,-0.022270362774500216
18.342,-6.641191936280642e-05,0.0017784058724242915,-0.02065417111158959
18.352,-6.578250074716445e-05,0.0017726432025156923,-0.019463388302401546
18.362,-6.606078361632499e-05,0.0017668992057148448,-0.018730970854259493
18.372,-6.729375536851346e-05,0.0017611738215142073,-0.018486379499158788
18.382,-6.952453001610485e-05,0.0017554669896023135,-0.018757450133137923
18.392,-7.278159168386744e-05,0.0017497786498631282,-0.01956499072389252
18.402,-7.707552186331365e-05,0.0017441087423754036,-0.020921034200474652
18.412,-8.24053549543796e-05,0.001738457207412071,-0.02283189856594671
18.422,-8.875500524130862e-05,0.0017328239854395866,-0.02529630309590802
18.432,-9.608802103953104e-05,0.0017272090171173268,-0.028302609419621698
18.442,-0.00010434725097512618,0.0017216122432969468,-0.03182850570838193
18.452,-0.00011345692098013651,0.001716033605021764,-0.03584191712039997
18.462,-0.00012332014452184003,0.0017104730435261403,-0.04029960513955293
18.472,-0.00013381892602798743,0.0017049305002348539,-0.04514700933797874
18.482,-0.00014481815535782102,0.0016994059167624947,-0.050320141780175694
18.492,-0.00015616266153467545,0.0016938992349128316,-0.05574395342255001
18.502,-0.00016767792096209833,0.0016884103966782224,-0.06133254715744695
18.512,-0.00017917662497772844,0.0016829393442389785,-0.06699242366655037
18.522,-0.0001904616825490313,0.0016774860199627792,-0.07262393437731995
18.532,-0.00020132570582152295,0.0016720503664040415,-0.07812093117029545
18.542,-0.00021155217309801237,0.0016666323263033356,-0.0833712904823525
18.552,-0.00022092294940632013,0.0016612318425867705,-0.08826075967393673
18.562,-0.0002292244752418862,0.0016558488583653932,-0.09267616199744083
18.572,-0.00023624727988005894,0.001650483316934592,-0.09650515870122442
18.582,-0.00024178649502213978,0.0016451351617734961,-0.0996365307066093
18.592,-0.0002456500685674761,0.0016398043365443904,-0.10196452278396476
18.602,-0.00024766469220703044,0.0016344907850921022,-0.10339205624291498
18.612,-0.0002476735782184996,0.0016291944514434337,-0.10382965783327494
18.622,-0.000245538719677538,0.0016239152798065487,-0.10319675501324
18.632,-0.00024114603938784837,0.0016186532145704053,-0.10142454655988131
18.642,-0.000234407495249988,0.001613408200304161,-0.09845727719752038
18.652,-0.00022526197241275783,0.0016081801817565806,-0.09425287899893207
18.662,-0.0002136724834826649,0.0016029691038554725,-0.08878164856747395
18.672,-0.00019962788295601968,0.001597774911707093,-0.08202732435848652
18.682,-0.00018314732090427406,0.0015925975505955748,-0.07398966515469987
18.692,-0.00016427616736735352,0.0015874369659823488,-0.06468245691519611
18.702,-0.00014308156894450228,0.0015822931035055741,-0.054131269371838944
18.712,-0.0001196533232288694,0.0015771659089795574,-0.04237407545769891
18.722,-9.410457923354689e-05,0.0015720553283941866,-0.02946180230661123
18.732,-6.657081093942651e-05,0.001566961307914367,-0.015457933538599065
18.742,-3.720136886533254e-05,0.0015618837938794396,-0.00043402006109222874
18.752,-6.156130560437136e-06,0.0015568227328026352,0.015532059879107562
18.762,2.638722742527946e-05,0.0015517780713704904,0.03235199998517858
18.772,6.0239961292710815e-05,0.0015467497564423064,0.04993066800617538
18.782,9.520962250166866e-05,0.001541737735049573,0.06817011030195778
18.792,0.0001310987166690149,0.0015367419543954176,0.08696876442493806
18.802,0.00016770686623447857,0.0015317623618540516,0.10622262123508586
18.812,0.00020483024673301762,0.0015267989049702099,0.12582487886250407
18.822,0.00024226598542039012,0.0015218515314586011,0.1456683806793294
18.832,0.0002798177750777119,0.0015169201892033563,0.16564877212728524
18.842,0.00031729086667686387,0.0015120048262574856,0.1856616970286248
18.852,0.0003544939793314523,0.0015071053908423174,0.20560387869318125
18.862,0.0003912461775736851,0.0015022218313469708,0.22537704507828865
18.872,0.00042737229127308104,0.0014973540963277932,0.24488537637891528
18.882,0.0004627025581652449,0.001492502134507835,0.2640353221405246
18.892,0.0004970802186640896,0.0014876658947763019,0.28273997042104443
18.902,0.0005303585339785146,0.0014828453261880102,0.3009174143070138
18.912,0.0005623970703004199,0.001478040377962865,0.3184886748863473
18.922,0.0005930672335605537,0.001473250999485312,0.33538091819800836
18.932,0.0006222514454723762,0.0014684771403038104,0.3515270316353719
18.942,0.0006498434101295007,0.0014637187501302996,0.36686584582356474
18.952,0.0006757487652342237,0.0014589757788396726,0.38134258262895204
18.962,0.0006998817161206999,0.001454248176469247,0.394906944208025
18.972,0.0007221689872574748,0.0014495358932182295,0.40751545734404904
18.982,0.0007425498852028531,0.0014448388794472097,0.41913157719946303
18.992,0.000760972497520544,0.0014401570856776163,0.4297235201477164
19.002,0.0007773972040883551,0.0014354904625912158,0.43926637822092574
19.012,0.0007917962971265937,0.0014308389610295737,0.44774194269244577
19.022,0.0008041495563512171,0.0014262025319935559,0.45513612440668105
19.032,0.000814447085966301,0.0014215811266427955,0.46144068127433685
19.042,0.0008226901033872467,0.0014169746962951915,0.46665373918918696
19.052,0.000828887916873983,0.0014123831924263868,0.47077802036790906
19.062,0.0008330564978271515,0.0014078065666692594,0.47382000581199746
19.072,0.0008352194168973422,0.0014032447708134206,0.4757905211647827
19.082,0.0008354091092955241,0.0013986977568046905,0.47670553277505184
19.092,0.0008336620617531237,0.0013941654767446127,0.47658325839412746
19.102,0.0008300187437892891,0.0013896478828899284,0.47544411818618604
19.112,0.0008245269300375095,0.0013851449276520932,0.4733127642014134
19.122,0.0008172384114709481,0.001380656563596761,0.4702160945567199
19.132,0.0008082074547382783,0.0013761827434432908,0.46618230730568655
19.142,0.0007974899463550475,0.0013717234200642504,0.46124037201555
19.152,0.0007851464593183034,0.0013672785464849148,0.45542190442738645
19.162,0.0007712424219988859,0.0013628480758827736,0.4487612781330145
19.172,0.0007558419501627334,0.0013584319615870383,0.4412918241237186
19.182,0.0007390121531691062,0.0013540301570781545,0.43304847782565725
19.192,0.0007208245674628258,0.0013496426159872992,0.42406868167940454
19.202,0.0007013510306255686,0.0013452692920959087,0.41438982999500273
19.212,0.0006806660189792682,0.0013409101393351839,0.404050718453362
19.222,0.0006588469503290052,0.0013365651117855971,0.39309175458973167
19.232,0.0006359732023279473,0.0013322341636764266,0.38155436793771164
19.242,0.0006121257470548828,0.0013279172493852545,0.3694807923644099
19.252,0.0005873864061709067,0.0013236143234375039,0.35691360787060333
19.262,0.0005618390175057484,0.001319325340505947,0.34389649654356386
19.272,0.0005355696291980218,0.001315050255410234,0.3304744040722519
19.282,0.0005086633784386764,0.0013107890231164143,0.31669158526378166
19.292,0.00048120293059977326,0.0013065415987364665,0.30259061053146785
19.302,0.0004532713848318661,0.001302307937527819,0.2882142384537186
19.312,0.0004249502766925904,0.0012980879948928823,0.273604169877843
19.322,0.000396315700169233,0.0012938817263785838,0.2587985637265814
19.332,0.000367439343849437,0.0012896890876758864,0.24383270156766715
19.342,0.00033838795726376977,0.001285510034619339,0.22873865213371403
19.352,0.0003092214286985924,0.0012813445231865937,0.21354402192745228
19.362,0.0002799920937297557,0.0012771925094979587,0.19827149472905092
19.372,0.00025074318424479986,0.001273053949815923,0.18293781175188734
19.382,0.0002215085316700868,0.0012689288005447012,0.16755355665472826
19.392,0.00019231324984302761,0.0012648170182297772,0.15212358333875994
19.402,0.0001631731451680968,0.0012607185595574393,0.13664661271943568
19.412,0.00013409396494676925,0.0012566333813543292,0.12111471750705045
19.422,0.00010507058897446422,0.0012525614405869843,0.10551276600892485
19.432,7.60898706956021e-05,0.0012485026943613905,0.0898202785288938
19.442,4.7134750339136743e-05,0.0012444570999225178,0.07401416647464235
19.452,1.8179755336261423e-05,0.001240424614653884,0.05806575855204566
19.462,-1.1004428829554445e-05,0.0012364051960771,0.041809769439177545
19.472,-4.058290901192221e-05,0.0012323988018514151,0.02512269032859009
19.482,-7.058850932463998e-05,0.0012284053897732865,0.00796931625678992
19.492,-0.00010105424636971136,0.001224424917775917,-0.00968553848221345
19.502,-0.00013201577904550104,0.0012204573439288289,-0.027878665345463564
19.512,-0.0001635031805819259,0.0012165026264374084,-0.04664284479525266
19.522,-0.0001955345985773476,0.0012125607236424766,-0.06600243163995603
19.532,-0.0002281228072427932,0.001208631594019838,-0.08597768957863193
19.542,-0.0002612752920987823,0.0012047151961798567,-0.1065847746471448
19.552,-0.0002949872710613446,0.0012008114888670135,-0.1278308684162669
19.562,-0.0003292390528504303,0.001196920430959466,-0.14971222972805234
19.572,-0.00036399944781670385,0.0011930419814686294,-0.1722163981437966
19.582,-0.00039922922608497227,0.001189176099538728,-0.1953244622412726
19.592,-0.0004348751136011707,0.0011853227444463814,-0.21900681436241898
19.602,-0.0004708661018495825,0.0011814818756001625,-0.24322045966301165
19.612,-0.0005071228177717293,0.0011776534525401764,-0.26791538378067475
19.622,-0.0005435589285011316,0.0011738374349376318,-0.2930354487474004
19.632,-0.0005800737705281613,0.0011700337825944196,-0.31851316733147295
19.642,-0.000616555886379946,0.0011662424554426847,-0.34427207243301394
19.652,-0.0006528890330268668,0.0011624634135444052,-0.37023085212131157
19.662,-0.0006889523815216526,0.0011586966170909774,-0.39630344781536025
19.672,-0.000724619868034853,0.001154942026402784,-0.42239857110665824
19.682,-0.0007597586705258522,0.001151199601928793,-0.448418578038076
19.692,-0.0007942357785971316,0.0011474693042461224,-0.4742640904566915
19.702,-0.0008279225626628805,0.0011437510940596413,-0.499837280021999
19.712,-0.000860688267404762,0.0011400449322015492,-0.5250372575061593
19.722,-0.0008924018685076752,0.0011363507796309565,-0.5497613946711298
19.732,-0.0009229382484235357,0.001132668597433488,-0.5739097898850132
19.742,-0.0009521775075530437,0.0011289983468208598,-0.5973848377221547
19.752,-0.0009800021511462626,0.0011253399891304776,-0.6200892596004642
19.762,-0.0010062991743743147,0.0011216934858250271,-0.6419276666298385
19.772,-0.0010309627708725197,0.0011180587984920714,-0.6628085890240235
19.782,-0.0010538926000844369,0.0011144358888436382,-0.6826433021178037
19.792,-0.0010749925314224962,0.0011108247187158265,-0.7013449932512957
19.802,-0.0010941725407765692,0.0011072252500684005,-0.7188302202823503
19.812,-0.0011113497693916235,0.001103637444984383,-0.7350197760293706
19.822,-0.0011264447345431935,0.001100061265669668,-0.7498360015802225
19.832,-0.001139381678956424,0.0010964966744526092,-0.7632031137356644
19.842,-0.0011500912086957577,0.0010929436337836357,-0.7750492297354484
19.852,-0.0011585093056605488,0.001089402106234848,-0.7853057367805184
19.862,-0.001164577808614628,0.0010858720544996256,-0.7939077463189372
19.872,-0.001168239883372309,0.0010823534413922354,-0.8007908041403868
19.882,-0.001169441001193034,0.0010788462298474417,-0.8058916748189202
19.892,-0.0011681392921816622,0.00107535038292011,-0.8091561890802941
19.902,-0.0011642963292152978,0.001071865863784822,-0.810532468373998
19.912,-0.0011578707869710188,0.0010683926357354903,-0.8099662009018724
19.922,-0.00114883357163255,0.0010649306621849618,-0.8074121052816463
19.932,-0.001137164993351556,0.001061479906664646,-0.8028319460006246
19.942,-0.0011228465819014886,0.001058040332824117,-0.7961884338401587
19.952,-0.0011058675154893716,0.0010546119044307419,-0.7874501667486206
19.962,-0.0010862264002646867,0.0010511945853692952,-0.7765930871187396
19.972,-0.0010639316685562164,0.0010477883396415714,-0.7636009177357421
19.982,-0.0010389996239346738,0.0010443931313660194,-0.748463782610011
19.992,-0.0010114522442912213,0.0010410089247773525,-0.731176597709262
20.002,-0.0009813256540432366,0.001037635684226178,-0.7117456974494252
20.012,-0.0009486682590570442,0.0010342733741786185,-0.6901875508904385
20.022,-0.0009135329229149292,0.0010309219592159428,-0.6665228145567538
20.032,-0.0008759850024515386,0.001027581404034183,-0.6407826549320471
20.042,-0.0008361041105020204,0.0010242516734437735,-0.6130102534926435
20.052,-0.0007939776970047186,0.0010209327323691762,-0.5832559272138788
20.062,-0.000749703309845296,0.0010176245458485042,-0.5515790098442768
20.072,-0.0007033897121580853,0.0010143270790331663,-0.5180488330542686
20.082,-0.0006551561964210675,0.0010110402971874892,-0.48274428631256905
20.092,-0.0006051312851286276,0.0010077641656883569,-0.4457529181962973
20.102,-0.0005534510923757548,0.0010044986500248438,-0.4071697390868022
20.112,-0.0005002631364502833,0.0010012437157978548,-0.3671003173218872
20.122,-0.0004457225382955595,0.000997999328719755,-0.32565787112660377
20.132,-0.0003899882655441109,0.0009947654546140184,-0.28296034423937755
20.142,-0.0003332276576711912,0.000991542059414863,-0.23913406361142284
20.152,-0.00027561625880925594,0.0009883291091668871,-0.19431369023315154
20.162,-0.0002173340669843714,0.0009851265700247238,-0.14863926678392636
20.172,-0.00015856266053499975,0.00098193440825267,-0.10225392908442908
20.182,-9.948729873903242e-05,0.0009787525902243443,-0.05530561227658634
20.192,-4.0298876574469396e-05,0.0009755810824223235,-0.007948647550806515
20.202,1.8810123331029598e-05,0.0009724198514377932,0.03965949494873331
20.212,7.764742705443145e-05,0.000969268863970197,0.08735967703481377
20.222,0.0001360211848757402,0.000966128086826883,0.13499131115533328
20.232,0.0001937389655458805,0.0009629974869227552,0.18239157428970065
20.242,0.000250606327597291,0.0009598770312799244,0.22939425956257123
20.252,0.00030643329363358245,0.0009567666870273652,0.2758351329572731
20.262,0.00036103517056253827,0.0009536664214005601,0.3215526994013115
20.272,0.0004142253056798398,0.000950576201741167,0.3663822997851775
20.282,0.00046582152896573585,0.0009474959954966616,0.4101614811664817
20.292,0.0005156519165814147,0.000944425770220007,0.4527348828995453
20.302,0.0005635445159115091,0.0009413654935693053,0.49394580298572005
20.312,0.0006093313589459753,0.0009383151333074538,0.5336395918099087
20.322,0.0006528582142210628,0.0009352746573018152,0.5716719153085186
20.332,0.0006939749441304366,0.0009322440335238695,0.6079008034541008
20.342,0.0007325357220434527,0.000929223230048882,0.6421868907549055
20.352,0.0007684096758111872,0.0009262122150555645,0.674402494792982
20.362,0.0008014728875128541,0.0009232109568257446,0.7044249913947935
20.372,0.0008316060343010326,0.0009202194237440215,0.7321348705314425
20.382,0.000858706867939617,0.0009172375842974459,0.7574264283477077
20.392,0.0008826843707545536,0.0009142654070751808,0.7802029359004019
20.402,0.0009034528331334014,0.0009113028607681667,0.8003716559067853
20.412,0.0009209407956384424,0.0009083499141688031,0.8178515617581035
20.422,0.0009350911487759241,0.0009054065361706071,0.8325735387717276
20.432,0.0009458588127998712,0.0009024726957678975,0.8444784907736294
20.442,0.0009532106012787359,0.0008995483620554591,0.8535173104610166
20.452,0.0009571242244743862,0.0008966335042282207,0.8596500921629839
20.462,0.0009575938344998391,0.0008937280915809332,0.8628510257800935
20.472,0.0009546297696995142,0.0008908320935078408,0.8631083067658749
20.482,0.000948251164489709,0.0008879454795023621,0.8604177906274755
20.492,0.0009384908120260325,0.0008850682191567672,0.8547872993169315
20.502,0.000925400826610836,0.0008822002821618612,0.8462417029725778
20.512,0.0009090451573770945,0.0008793416383066566,0.8348164895529679
20.522,0.0008894987869833841,0.000876492257478066,0.8205571515662637
20.532,0.0008668528618503545,0.0008736521096605731,0.8035238075158003
20.542,0.0008412127040055982,0.0008708211649359278,0.783789579416867
20.552,0.0008126957916664379,0.0008679993934828242,0.7614389421461807
20.562,0.0007814316605984817,0.000865186765576587,0.7365677501745531
20.572,0.000747562305628903,0.0008623832515888602,0.7092837097356661
20.582,0.0007112407595356832,0.0008595888219872937,0.6797052474175964
20.592,0.0006726311125960448,0.0008568034473352349,0.6479616592398842
20.602,0.0006319081197276907,0.0008540270982914124,0.6141928830322527
20.612,0.000589251929338267,0.000851259745609636,0.5785448715980164
20.622,0.0005448507292186879,0.0008485013601384785,0.5411720785743257
20.632,0.0004989023467216406,0.0008457519128209772,0.5022390239385249
20.642,0.0004516069147391219,0.0008430113746943252,0.461913755529402
20.652,0.00040316814275113196,0.0008402797168895606,0.42036908020402064
20.662,0.000353792949138652,0.0008375569106312726,0.37778230105783395
20.672,0.00030368877278070204,0.0008348429272372896,0.3343328186138754
20.682,0.0002530639553664426,0.0008321377381183816,0.2902025394121999
20.692,0.00020212339757802965,0.0008294413147779573,0.24557192460723565
20.702,0.0001510711846615841,0.0008267536288117665,0.20062240613519883
20.712,0.00010010914887380784,0.0008240746519075966,0.15553509240421454
20.722,4.94287572750194e-05,0.000821404355844977,0.1104832470205657
20.732,-7.809802998748339e-07,0.0008187427124948842,0.06563955605612495
20.742,-5.033367099920136e-05,0.0008160896938194377,0.021175988226935616
20.752,-9.905761929969491e-05,0.0008134452718716154,-0.02274750667269096
20.762,-0.00014678754562509274,0.0008108094187949482,-0.06597537773359943
20.772,-0.00019336228397196143,0.0008081821068232367,-0.10835436191064707
20.782,-0.00023863447032684414,0.0008055633082802506,-0.1497426465667944
20.792,-0.00028246349167312924,0.0008029529955794414,-0.1900033461057544
20.802,-0.00032471665025054336,0.0008003511412236521,-0.229005671495487
20.812,-0.0003652759270705208,0.0007977577178048245,-0.2666314360157316
20.822,-0.00040402899193004566,0.0007951726980037134,-0.3027666558550292
20.832,-0.0004408703660759895,0.0007925960545895964,-0.33730271851313154
20.842,-0.00047570675460725624,0.0007900277604199914,-0.3701415555799118
20.852,-0.0005084533089160112,0.0007874677884403626,-0.401192192547444
20.862,-0.0005390335999356746,0.0007849161116838467,-0.43037081221058693
20.872,-0.0005673777410381326,0.0007823727032709565,-0.45759902983193035
20.882,-0.0005934226740907827,0.0007798375364093079,-0.4828042360408574
20.892,-0.0006171156466504601,0.0007773105843933346,-0.5059230384863836
20.902,-0.000638409477851809,0.000774791820604001,-0.5268967668518167
20.912,-0.0006572614345410423,0.0007722812185085318,-0.5456704122099076
20.922,-0.0006736371203446631,0.0007697787516601243,-0.5621964611842032
20.932,-0.0006875100497195537,0.0007672843936976739,-0.5764345695099183
20.942,-0.0006988582727348303,0.0007647981183454944,-0.5883483092816014
20.952,-0.0007076621273636657,0.0007623198994130447,-0.5979029768553407
20.962,-0.0007139114292060711,0.000759849710794648,-0.6050726835652146
20.972,-0.000717605973389146,0.0007573875264692192,-0.6098409441855501
20.982,-0.0007187466772569311,0.0007549333204999938,-0.6121919969271192
20.992,-0.0007173403264242689,0.0007524870670342468,-0.6121154915460401
21.002,-0.0007134036161789436,0.0007500487403030303,-0.6096105605912127
21.012,-0.0007069596578130309,0.0007476183146208922,-0.6046824339317929
21.022,-0.0006980396028457288,0.0007451957643856147,-0.5973441108554556
21.032,-0.0006866829411263633,0.0007427810640779381,-0.5876167529512258
21.042,-0.0006729356582976262,0.0007403741882612936,-0.5755279294067808
21.052,-0.0006568542024586769,0.0007379751115815384,-0.561115660482951
21.062,-0.0006385064181782432,0.0007355838087666833,-0.5444294909299602
21.072,-0.0006179675003528553,0.0007332002546266332,-0.5255265650216656
21.082,-0.0005953238898650249,0.0007308244240529122,-0.5044756653567516
21.092,-0.0005706725662896928,0.0007284562920184112,-0.4813566335347404
21.102,-0.0005441192068903635,0.000726095833577112,-0.45625865877559135
21.112,-0.0005157844340702961,0.0007237430238638352,-0.4292867980427818
21.122,-0.00048579795129317254,0.0007213978380939709,-0.4005561843803367
21.132,-0.0004542957550509535,0.00071906025156322,-0.37018931412670647
21.142,-0.0004214287343182761,0.000716730239647336,-0.33832501415576166
21.152,-0.0003873565829636821,0.0007144077778018622,-0.3051123938296749
21.162,-0.0003522444585016477,0.0007120928415618752,-0.27070754823286225
21.172,-0.00031627031641415985,0.0007097854065417256,-0.23528127707388188
21.182,-0.0002796173076471406,0.0007074854484347856,-0.1990113917185104
21.192,-0.00024246984245483298,0.0007051929430131844,-0.162078735676542
21.202,-0.00020502252665187789,0.0007029078661275622,-0.12467658525208543
21.212,-0.00016747376276361221,0.0007006301937068117,-0.08700412113777788
21.222,-0.0001300194432582588,0.000698359901757821,-0.04925990600893891
21.232,-9.28590170542341e-05,0.0006960969663652294,-0.011648284766601444
21.242,-5.6190762915087945e-05,0.000693841363691165,0.02562550702468843
21.252,-2.0207511000084537e-05,0.0006915930699750043,0.06235984297537446
21.262,1.4899110142342804e-05,0.0006893520615331135,0.09835224897214151
21.272,4.894145754503359e-05,0.0006871183147586034,0.13340233795766132
21.282,8.174032697759383e-05,0.0006848918061210785,0.16731655963626757
21.292,0.00011312600620336656,0.0006826725121663924,0.19990941126405362
21.302,0.00014293782234093666,0.0006804604095163964,0.2310030603255879
21.312,0.00017102239658045647,0.0006782554748686955,0.26042556805805694
21.322,0.00019723603385987524,0.0006760576849964048,0.2880135382620306
21.332,0.00022145063141078075,0.0006738670167478995,0.31361858764228057
21.342,0.00024355169716606148,0.0006716834470465781,0.3371053933561417
21.352,0.00026343413288743294,0.0006695069528906113,0.3583473146450023
21.362,0.00028100557113951716,0.0006673375113527081,0.37723013308846415
21.372,0.00029618738478847523,0.0006651750995798675,0.393653297398934
21.382,0.0003089166145885697,0.0006630196947931406,0.4075322007396671
21.392,0.0003191468520280828,0.0006608712742873921,0.41879936634698683
21.402,0.00032684001020521906,0.0006587298154310577,0.4273956590078899
21.412,0.0003319692174730993,0.0006565952956659078,0.433273560764188
21.422,0.00033452820136419795,0.0006544676925068096,0.43640764450094316
21.432,0.0003345249025509009,0.0006523469835414917,0.43678781928539645
21.442,0.0003319743444901302,0.0006502331464303028,0.4344116479579512
21.452,0.00032690399933686665,0.0006481261589059836,0.42929038372982403
21.462,0.00031935835264254705,0.0006460259987734284,0.4214542034615004
21.472,0.00030939503885410685,0.0006439326439094482,0.410948149640775
21.482,0.0002970811739001413,0.0006418460722625457,0.39782822777871474
21.492,0.0002824926608660281,0.0006397662618526738,0.3821607592228341
21.502,0.00026571743415300397,0.0006376931907710124,0.36402613948302376
21.512,0.00024685866026060506,0.0006356268371797317,0.3435225998268999
21.522,0.00022602814783056688,0.0006335671793117647,0.3207590064303559
21.532,0.00020334222059084682,0.000631514195470577,0.2958503369695424
21.542,0.00017892666035198125,0.0006294678640299398,0.26892333191241385
21.552,0.00015291911852821887,0.0006274281634337014,0.2401193565510598
21.562,0.00012546544205264553,0.0006253950721955568,0.20959040512518876
21.572,9.671404240774336e-05,0.0006233685688988283,0.17749281408245143
21.582,6.681827881086704e-05,0.0006213486321962319,0.14399001876559603
21.592,3.5940177303502e-05,0.0006193352408096601,0.10925687980947146
21.602,4.244404011876724e-06,0.0006173283735299507,0.07347290722183235
21.612,-2.810297878965578e-05,0.0006153280092166695,0.036820881477543484
21.622,-6.093134145775624e-05,0.0006133341267978831,-0.0005094708050927543
21.632,-9.406972864595283e-05,0.00061134670526994,-0.03832630506856051
21.642,-0.00012734930497815028,0.0006093657236972473,-0.07643846919094158
21.652,-0.0001605991974863465,0.00060739116121205,-0.11465069542049962
21.662,-0.00019364939498752278,0.0006054229970142149,-0.15276693230489474
21.672,-0.0002263339855398471,0.0006034612103710045,-0.19059412574535695
21.682,-0.000258489981307121,0.0006015057806168673,-0.22794089260345696
21.692,-0.000289959735947754,0.0005995566871532112,-0.264620366130603
21.702,-0.0003205875953909054,0.0005976139094481938,-0.30044633060972414
21.712,-0.0003502214911498808,0.0005956774270365039,-0.33523512172587794
21.722,-0.0003787199299027478,0.0005937472195191414,-0.3688139034522
21.732,-0.00040594781723189363,0.0005918232665632102,-0.4010158657905849
21.742,-0.00043177437132337103,0.0005899055479016977,-0.43167782496027796
21.752,-0.00045607549896103987,0.0005879940433332647,-0.4606431000035712
21.762,-0.0004787364267350866,0.0005860887327220305,-0.4877647417420252
21.772,-0.0004996545286621468,0.0005841895959973641,-0.5129090208640869
21.782,-0.0005187335292845709,0.000582296613153667,-0.5359486508526258
21.792,-0.0005358834523123163,0.000580409764250169,-0.5567628137702882
21.802,-0.0005510281109779461,0.000578529029410715,-0.5752462549970758
21.812,-0.0005641027997762427,0.0005766543888235528,-0.5913067006051698
21.822,-0.0005750506917148693,0.0005747858227411314,-0.6048606553305613
21.832,-0.0005838270377836965,0.0005729233114798849,-0.6158385875162676
21.842,-0.0005904004417021953,0.0005710668354200325,-0.6241866699469343
21.852,-0.0005947502260734117,0.0005692163750053668,-0.6298637785384514
21.862,-0.0005968672974780484,0.0005673719107430499,-0.6328426815964178
21.872,-0.0005967552463429439,0.0005655334232034068,-0.6331115547521967
21.882,-0.0005944314291333775,0.0005637008930197237,-0.6306755057346112
21.892,-0.0005899261578386358,0.0005618743008880398,-0.6255557809670111
21.902,-0.0005832797179297451,0.0005600536275669465,-0.6177862883783417
21.912,-0.000574545133696098,0.0005582388538773858,-0.6074171527605898
21.922,-0.0005637885431878902,0.0005564299607024434,-0.5945153687038429
21.932,-0.0005510859636929625,0.0005546269289871548,-0.579160990334999
21.942,-0.0005365266111146326,0.000552829739738296,-0.5614513819806547
21.952,-0.0005202079744959505,0.0005510383740241912,-0.5414952970633142
21.962,-0.0005022311631125953,0.0005492528129745097,-0.5194073383303279
21.972,-0.0004827102825675018,0.0005474730377800647,-0.49531984178691546
21.982,-0.0004617693709079315,0.000545699029692621,-0.4693789699942946
21.992,-0.0004395319044072879,0.0005439307700246927,-0.44173168225043186
22.002,-0.0004161232256993764,0.0005421682401493485,-0.4125287640328844
22.012,-0.0003916739638744246,0.0005404114215000143,-0.3819291258357618
22.022,-0.0003663182179344343,0.0005386602955702804,-0.35009756657456764
22.032,-0.0003401875773563078,0.0005369148439137012,-0.3171972467725398
22.042,-0.0003134103769239806,0.0005351750481436069,-0.2833886906699948
22.052,-0.00028611374307761024,0.000533440889932907,-0.2488323028726338
22.062,-0.00025841904475116715,0.0005317123510138948,-0.21368252290595924
22.072,-0.0002304442141340242,0.0005299894131780608,-0.1780906805823636
22.082,-0.00020230442810947197,0.0005282720582758942,-0.14220579170812994
22.092,-0.00017410469420770978,0.0005265602682166984,-0.10616498204557329
22.102,-0.00014594149847851413,0.0005248540249683945,-0.07009541624490197
22.112,-0.00011790882859302455,0.0005231533105573363,-0.03412189639960228
22.122,-9.009559948033028e-05,0.0005214581070681156,0.0016365123974000778
22.132,-6.2580181776939e-05,0.0005197683966433792,0.037073659256465455
22.142,-3.54332948008566e-05,0.0005180841614836381,0.07209275401237707
22.152,-8.723668982628656e-06,0.0005164053838470772,0.10659914713871942
22.162,1.748606716758599e-05,0.000514732046049375,0.140505712466603
22.172,4.314097717837191e-05,0.0005130641304635097,0.1737350365180282
22.182,6.818754942730995e-05,0.0005114016195195807,0.20621137644810622
22.192,9.257614180881559e-05,0.0005097444957046181,0.2378638761825596
22.202,0.00011626230751441287,0.0005080927415624005,0.26862835802191243
22.212,0.00013920172940016108,0.0005064463396932721,0.29844075916727303
22.222,0.0001613532499253501,0.0005048052727539571,0.32724113293913304
22.232,0.0001826784529114549,0.0005031695234573782,0.3549731314705503
22.242,0.00020313737744415914,0.0005015390745724741,0.38157835808627166
22.252,0.00022269351266291943,0.0004999139089240201,0.4070029676056418
22.262,0.00024131357729259616,0.0004982940093924424,0.4311974287167957
22.272,0.0002589624951494019,0.0004966793589136438,0.4541098535606283
22.282,0.0002756070623560522,0.000495069940478818,0.47569084033532305
22.292,0.0002912181981776152,0.0004934657371342753,0.4958965071316157
22.302,0.000305767355473339,0.0004918667319812624,0.514683729530601
22.312,0.00031922865242528037,0.0004902729081757814,0.5320129831134858
22.322,0.0003315813699881851,0.0004886842489284177,0.5478517187642836
22.332,0.00034280658978276394,0.00048710073750415895,0.5621698907346071
22.342,0.00035288906910195674,0.0004855223572222205,0.574942501103115
22.352,0.0003618197486133401,0.000483949091455869,0.5861530253251687
22.362,0.0003695941032157842,0.00048238092363224943,0.5957912339244963
22.372,0.0003762122553933448,0.00048081783723220563,0.6038533966604226
22.382,0.0003816793995533301,0.00047925981579011206,0.6103429188127352
22.392,0.00038600749030662425,0.00047770684289369765,0.6152726899334791
22.402,0.00038921406308464404,0.0004761589021838704,0.6186635420135886
22.412,0.00039131944578239694,0.0004746159773545508,0.6205404942216053
22.422,0.00039234926297994984,0.00047307805215249406,0.620936216456487
22.432,0.00039233664488649476,0.00047154511037712397,0.6198941157345661
22.442,0.0003913193372648297,0.00047001713588035876,0.6174644315196064
22.452,0.00038933514222016716,0.00046849411256644186,0.613697987165466
22.462,0.00038642448989823327,0.0004669760243917743,0.6086497259789643
22.472,0.0003826354428439068,0.0004654628553647425,0.6023856626850241
22.482,0.00037801753112226663,0.0004639545895455522,0.5949743912681447
22.492,0.00037261797720929986,0.00046245121104605905,0.5864818220800475
22.502,0.0003664867793450703,0.0004609527040296037,0.5769782225444607
22.512,0.0003596749416738123,0.0004594590527108404,0.5665357808751654
22.522,0.0003522339302683379,0.0004579702413555769,0.5552278433786838
22.532,0.00034421562585326004,0.0004564862542806018,0.5431287753961502
22.542,0.0003356664445275162,0.0004550070758535257,0.5303056402156201
22.552,0.00032663376419792976,0.0004535326904926134,0.5168271586320387
22.562,0.0003171695049399829,0.000452063082666618,0.5027687570115384
22.572,0.00030731690831321655,0.00045059823689462195,0.48819385869569315
22.582,0.0002971141250904471,0.0004491381377458693,0.4731588229179014
22.592,0.00028660561687977334,0.00044768276983960756,0.457729065926402
22.602,0.0002758306806060535,0.00044623211784492053,0.4419627672354326
22.612,0.0002648216301981543,0.00044478616648057257,0.4259081713235653
22.622,0.00025361244299710456,0.0004433449005148417,0.4096158297902237
22.632,0.00024223225899639632,0.00044190830476536466,0.3931292831791889
22.642,0.00023070699042317849,0.0004404763640989743,0.37648730072306413
22.652,0.0002190603008414026,0.0004390490634315379,0.35972522664557954
22.662,0.00020730939018052697,0.0004376263877278036,0.34286883784921524
22.672,0.00019547092051602413,0.0004362083220012377,0.32594281933179803
22.682,0.00018355635657570888,0.00043479485131386815,0.30896401903457044
22.692,0.00017156938610774148,0.00043338596077612733,0.2919376130177485
22.702,0.00015951443481146838,0.00043198163554669617,0.2748693725853823
22.712,0.00014739136262991522,0.00043058186083234543,0.2577579647228827
22.722,0.00013519147156563566,0.00042918662188778136,0.24058907027385784
22.732,0.00012290282394923407,0.00042779590401549193,0.22334304096184332
22.742,0.0001105105710769355,0.0004264096925655873,0.2059953329149749
22.752,9.79965060978573e-05,0.0004250279729356517,0.18851584354875792
22.762,8.533650267946645e-05,0.0004236507305705834,0.17086512646890545
22.772,7.250147106390364e-05,0.00042227795096244695,0.15299569960181847
22.782,5.946235928091853e-05,0.0004209096196503164,0.13485937269700649
22.792,4.6187017157098384e-05,0.00041954572222012426,0.11640265800285027
22.802,3.2640800267389424e-05,0.0004181862443045109,0.09756764426316294
22.812,1.8788758689212742e-05,0.0004168311715826709,0.07829520746678907
22.822,4.593988973854851e-06,0.0004154804897802041,0.05852257587955275
22.832,-9.97600078260437e-06,0.0004141341846689635,0.038192844055122986
22.842,-2.495110501453526e-05,0.0004127922420669082,0.017252331582340706
22.852,-4.036350851728142e-05,0.0004114546478379498,-0.004356688120283399
22.862,-5.623803606403372e-05,0.0004101213878918084,-0.02668148989268483
22.872,-7.259292310370048e-05,0.00040879244818385895,-0.04975994095451636
22.882,-8.944315306857521e-05,0.00040746781471498813,-0.07362541826957276
22.892,-0.0001067938716994561,0.0004061474735314448,-0.09829677185976797
22.902,-0.0001246438657511352,0.00040483141072469056,-0.12378343498013115
22.912,-0.0001429857315045526,0.00040351961243125856,-0.15008556355559421
22.922,-0.00016179928348799324,0.00040221206483260266,-0.17718389335166118
22.932,-0.00018105563312094842,0.00040090875415495447,-0.20504574788082194
22.942,-0.00020071869666601,0.0003996096666691769,-0.23362717700903998
22.952,-0.0002207399853562755,0.0003983147886906214,-0.26286485995931436
22.962,-0.00024106311702302413,0.0003970241065789814,-0.292682821901045
22.972,-0.0002616243494855267,0.00039573760673814986,-0.3229930806078944
22.982,-0.00028234799776084775,0.0003944552756160775,-0.353688461538311
22.992,-0.00030315215979660515,0.0003931770997046256,-0.38465124409193846
23.002,-0.0003239481687561782,0.0003919030655394301,-0.4157521690495699
23.012,-0.0003446413877894493,0.0003906331596997529,-0.4468515332895291
23.022,-0.0003651345143787238,0.00038936736880834676,-0.47780420685291797
23.032,-0.00038532253349878357,0.00038810567953130983,-0.5084517077529478
23.042,-0.0004050996230636579,0.0003868480785779469,-0.5386328137622624
23.052,-0.0004243628847586481,0.0003855945527006305,-0.5681893388508877
23.062,-0.0004430054537750172,0.00038434508869465917,-0.5969553687194693
23.072,-0.0004609217509114605,0.0003830996733981196,-0.6247654117627268
23.082,-0.0004780131895630353,0.0003818582936917476,-0.6514633353890449
23.092,-0.0004941845239249251,0.0003806209364987912,-0.6768966959767072
23.102,-0.0005093429875006355,0.00037938758878486973,-0.7009154358151798
23.112,-0.0005234038453167523,0.00037815823755784104,-0.7233806594185503
23.122,-0.0005362917357913039,0.0003769328698676596,-0.7441668296677801
23.132,-0.0005479369769957557,0.00037571147280624444,-0.7631560532931954
23.142,-0.0005582784510518813,0.00037449403350734133,-0.7802427678838578
23.152,-0.0005672664523754138,0.0003732805391463865,-0.795338380422937
23.162,-0.0005748587083696949,0.0003720709769403725,-0.8083650637505028
23.172,-0.0005810216034574785,0.00037086533414771347,-0.8192578443495305
23.182,-0.0005857335953827763,0.0003696635980681117,-0.827970226987861
23.192,-0.000588980296053299,0.00036846575604242105,-0.8344664878591869
23.202,-0.0005907555447160213,0.00036727179545251724,-0.8387234973594867
23.212,-0.0005910648493472273,0.00036608170372116335,-0.8407364026567332
23.222,-0.0005899184613877931,0.00036489546831187534,-0.8405076855690626
23.232,-0.0005873328676121295,0.00036371307672879415,-0.8380496490970155
23.242,-0.0005833339821872966,0.0003625345165165495,-0.8333896766640214
23.252,-0.0005779524933685442,0.00036135977526013284,-0.8265628803932077
23.262,-0.0005712238995110295,0.00036018884058476385,-0.8176122581375802
23.272,-0.0005631873263840534,0.0003590217001557609,-0.806586843070474
23.282,-0.0005538853329437053,0.00035785834167841095,-0.7935414775036597
23.292,-0.0005433647469182994,0.0003566987528978412,-0.7785382655543597
23.302,-0.0005316735053575306,0.00035554292159888784,-0.7616414796970241
23.312,-0.0005188610345376896,0.0003543908356059688,-0.7429182130044817
23.322,-0.0005049784797947097,0.0003532424827829564,-0.7224388014612054
23.332,-0.0004900773255189019,0.0003520978510330462,-0.7002746088676837
23.342,-0.0004742097044439679,0.00035095692829863423,-0.6764985586718957
23.352,-0.0004574279645213658,0.00034981970256118487,-0.6511844201531539
23.362,-0.0004397844889424273,0.00034868616184110905,-0.6244065204773219
23.372,-0.000421332820416723,0.00034755629419763474,-0.5962416433059056
23.382,-0.00040212635995686254,0.0003464300877286821,-0.5667668907795175
23.392,-0.00038221579980707906,0.0003453075305707393,-0.5360553853824275
23.402,-0.0003616546644101289,0.00034418861089873556,-0.5041854725597811
23.412,-0.0003405007233260876,0.00034307331692591786,-0.4712431472153218
23.422,-0.0003188071927772453,0.00034196163690372616,-0.43730738930170804
23.432,-0.00029662626493260957,0.00034085355912167123,-0.4024559964569725
23.442,-0.00027401669980363797,0.00033974907190720787,-0.36677831908315905
23.452,-0.00025103920782843403,0.00033864816362561576,-0.33036759925433656
23.462,-0.00022775191922655723,0.00033755082267987544,-0.293313374291269
23.472,-0.0002042131424459331,0.0003364570375105439,-0.2557060884924368
23.482,-0.000180485983352679,0.0003353667965956375,-0.2176448997773751
23.492,-0.00015663528636031393,0.0003342800884505055,-0.179232591950861
23.502,-0.00013272338731224034,0.0003331969016277133,-0.14056841719221827
23.512,-0.0001088162981770915,0.0003321172247169193,-0.10175857357641643
23.522,-8.498255252375862e-05,0.0003310410463447556,-0.0629142920786929
23.532,-6.128501238268646e-05,0.0003299683551747077,-0.024137928335628223
23.542,-3.7788436121656934e-05,0.00032889913990699653,0.014464135314969567
23.552,-1.456373585755294e-05,0.0003278333892784572,0.052774160094447166
23.562,8.324487536729992e-06,0.00032677109206242177,0.09068434619115591
23.572,3.081717782117823e-05,0.00032571223706860176,0.12809555804623785
23.582,5.2851034534455834e-05,0.00032465681314296707,0.16490048048251682
23.592,7.436434606998641e-05,0.0003236048091676331,0.20099360912108583
23.602,9.530138784800176e-05,0.0003225562140607388,0.23627887257363597
23.612,0.00011560929608616538,0.0003215110167763344,0.27066423253117206
23.622,0.00013523827805433111,0.00032046920630426174,0.30406202965014995
23.632,0.00015414211804085087,0.00031943077167003944,0.33638991569055915
23.642,0.00017227897752269446,0.0003183957019347483,0.36757226785292973
23.652,0.000189610878697825,0.00031736398619491396,0.3975392819859178
23.662,0.0002061058695028747,0.0003163356135823947,0.4262308062804103
23.672,0.00022173694948100938,0.00031531057326426333,0.45359453158209495
23.682,0.00023647862293099914,0.00031428885444269755,0.47957996978511175
23.692,0.00025031301998291403,0.00031327044635486164,0.5041492336616189
23.702,0.00026322837366669005,0.0003122553382727969,0.5272744561577515
23.712,0.00027521330393492905,0.00031124351950330724,0.5489277732021398
23.722,0.0002862614970668239,0.0003102349793878444,0.5690896030136721
23.732,0.0002963723899666993,0.00030922970730239976,0.5877499291280909
23.742,0.00030554916476403543,0.0003082276926573891,0.6049048323780506
23.752,0.00031379779656810406,0.00030722892489754244,0.620554870142147
23.762,0.00032112446141510344,0.00030623339350179267,0.6347005073390817
23.772,0.00032753982491734316,0.0003052410879831654,0.6473497757972013
23.782,0.00033305955694780756,0.000304251997888666,0.6585192855579568
23.792,0.00033769812085401423,0.0003032661127991731,0.6682232090835597
23.802,0.00034147161039357914,0.00030228342232932676,0.6764783688703884
23.812,0.00034439770241756745,0.0003013039161274178,0.6833042003667084
23.822,0.0003464933439297993,0.0003003275838752824,0.6887186316346464
23.832,0.0003477795903549255,0.00029935441528818914,0.6927468206061228
23.842,0.00034827721200723547,0.0002983844001147347,0.6954133261415574
23.852,0.0003480023154975834,0.0002974175281367328,0.6967342031764548
23.862,0.00034697387366205317,0.0002964537891691082,0.6967305968576832
23.872,0.00034521464944403007,0.0002954931730597885,0.6954304961411836
23.882,0.0003427430491394284,0.00029453566968959833,0.6928540078019854
23.892,0.00033957501014706586,0.0002935812689721516,0.6890167710094711
23.902,0.0003357303499133957,0.00029262996085374534,0.6839415291785041
23.912,0.0003312288262949779,0.0002916817353132556,0.6776510056137581
23.922,0.0003260874075674391,0.0002907365823620283,0.6701629617601661
23.932,0.0003203225642946002,0.0002897944920437784,0.6614944022807976
23.942,0.0003139518253557714,0.00028885545443448074,0.6516644409054276
23.952,0.00030699463281545737,0.0002879194596422689,0.6406959363835292
23.962,0.0002994693821983818,0.00028698649780732984,0.628610128459051
23.972,0.0002913925541697742,0.0002860565591017982,0.6154250655669882
23.982,0.0002827823237625224,0.0002851296337296563,0.6011622849001204
23.992,0.00027365815488691794,0.00028420571192662783,0.5858461263077319
24.002,0.0002640400137736824,0.00028328478396007667,0.5695023693614233
24.012,0.0002539489690769753,0.0002823668401289036,0.5521594192374752
24.022,0.00024340452169435028,0.00028145187076344545,0.5338433738095284
24.032,0.00023242639462724184,0.0002805398662253704,0.5145813936133774
24.042,0.00022103829972602602,0.0002796308169075798,0.494408809569424
24.052,0.00020926398522240638,0.00027872471323410534,0.4733618243647093
24.062,0.00019712470406145434,0.00027782154566000707,0.4514728113171918
24.072,0.00018464324562341718,0.00027692130467127564,0.4287778880674793
24.082,0.00017184523838117597,0.0002760239807847288,0.4053194161561256
24.092,0.00015875555365596093,0.00027512956454791475,0.38113930046079464
24.102,0.00014539721403624176,0.00027423804653901017,0.35627694329827786
24.112,0.0001317939106304845,0.0002733494173667219,0.3307739843189943
24.122,0.00011797110388611398,0.0002724636676701878,0.3046763958999667
24.132,0.00010395446696808466,0.00027158078811887875,0.2780315612797656
24.142,8.976743482419752e-05,0.0002707007694125001,0.2508836147626463
24.152,7.543237460488406e-05,0.00026982360228089186,0.2232756062527827
24.162,6.097374962103975e-05,0.0002689492774839348,0.19525550035891787
24.172,4.641715623551399e-05,0.00026807778581144903,0.1668743495656994
24.182,3.178636712136983e-05,0.00026720911808310056,0.1381806044984626
24.192,1.7102936197208908e-05,0.000266343265148302,0.10921928414987707
24.202,2.3892918940446274e-06,0.00026548021788611715,0.08003784814469393
24.212,-1.2329268173765417e-05,0.00026461996720516563,0.05069000058375009
24.222,-2.7026769913762717e-05,0.00026376250404352557,0.021231449277926154
24.232,-4.167999979128305e-05,0.0002629078193686393,-0.008286770826655035
24.242,-5.626714660713153e-05,0.00026205590417721766,-0.03781575466196349
24.252,-7.076217169134662e-05,0.0002612067494951461,-0.06729789782206158
24.262,-8.513489712173839e-05,0.0002603603463773881,-0.09666706234801055
24.272,-9.935714459819665e-05,0.00025951668590789374,-0.12586049030083996
24.282,-0.00011340460669306693,0.00025867575919950273,-0.1548225117103062
24.292,-0.00012724845535847044,0.0002578375573938535,-0.18348828781286503
24.302,-0.00014085213998866556,0.0002570020716612889,-0.2117775485693201
24.312,-0.00015418139655653016,0.0002561692932007617,-0.23961408367331177
24.322,-0.00016720678461747428,0.00025533921323974454,-0.26693076138959115
24.332,-0.00017989345530473956,0.0002545118230341355,-0.2936495742413831
24.342,-0.0001921994256201068,0.00025368711386816685,-0.3196782159536754
24.352,-0.00020408558157703052,0.00025286507705431276,-0.3449296690156145
24.362,-0.00021551584142684492,0.0002520457039331991,-0.3693225864880204
24.372,-0.00022644963993570288,0.0002512289858735095,-0.3927665470881337
24.382,-0.000236843204827369,0.00025041491427189763,-0.41516453779748463
24.392,-0.0002466554326630069,0.0002496034805528949,-0.4364245526913146
24.402,-0.0002558465887863883,0.0002487946761688191,-0.4564570838173257
24.412,-0.00026437463619461923,0.0002479884925996873,-0.4751678727010008
24.422,-0.0002721996620759184,0.0002471849213531226,-0.49246670346367366
24.432,-0.00027928428533237554,0.0002463839539642679,-0.5082682784769961
24.442,-0.00028559117357565664,0.0002455855819956945,-0.5224873229921146
24.452,-0.0002910857085710022,0.0002447897970373139,-0.535043932316701
24.462,-0.000295735374951901,0.00024399659070628989,-0.5458624026090156
24.472,-0.0002995123562773742,0.00024320595464694917,-0.5548764892573548
24.482,-0.00030239334848884876,0.00024241788053069386,-0.5620291388320302
24.492,-0.0003043556580477438,0.0002416323600559135,-0.5672647171092325
24.502,-0.00030538320320039526,0.00024084938494789876,-0.5705411045129483
24.512,-0.0003054653295459245,0.00024006894695875183,-0.5718274270578056
24.522,-0.00030459438329517017,0.00023929103786730265,-0.5710992515618462
24.532,-0.0003027689380442532,0.000238515649479019,-0.5683451550079516
24.542,-0.0002999913315030579,0.00023774277362592318,-0.5635618206802485
24.552,-0.00029627201719303165,0.00023697240216650467,-0.5567629338308181
24.562,-0.0002916274374752753,0.00023620452698563303,-0.54797496783517
24.572,-0.00028607356817952814,0.00023543913999447526,-0.5372241109915133
24.582,-0.0002796346679096532,0.00023467623313040817,-0.5245540893718093
24.592,-0.0002723447429248302,0.00023391579835693466,-0.5100292698030826
24.602,-0.00026423930425939615,0.0002331578276635984,-0.49371792205438086
24.612,-0.00025535528863552084,0.00023240231306590072,-0.47569204201767123
24.622,-0.00024573594376824044,0.00023164924660521417,-0.456037371921407
24.632,-0.00023543219549737826,0.0002308986203487012,-0.4348562878263472
24.642,-0.00022449751005914424,0.0002301504263892296,-0.4122573018427152
24.652,-0.00021298442519287477,0.00022940465684528758,-0.3883479109101009
24.662,-0.00020094951520938743,0.0002286613038609046,-0.363244808272073
24.672,-0.00018845581670130226,0.00022792035960556391,-0.33707892154201846
24.682,-0.00017556660412608867,0.00022718181627412435,-0.30998259034401954
24.692,-0.00016234378914354436,0.00022644566608673457,-0.2820862273726352
24.702,-0.0001488514831579944,0.00022571190128875386,-0.25352564533052613
24.712,-0.00013515643482694286,0.00022498051415066942,-0.22444297801024954
24.722,-0.0001213265440927456,0.00022425149696801355,-0.19498361819538418
24.732,-0.00010742561217817303,0.00022352484206128537,-0.16528521916168648
24.742,-9.351498988042432e-05,0.00022280054177586684,-0.13548105101411773
24.752,-7.966127665520994e-05,0.00022207858848194502,-0.1057160837970213
24.762,-6.592885191794643e-05,0.00022135897457442887,-0.07613136439022244
24.772,-5.237464099183724e-05,0.00022064169247287203,-0.04685295818696508
24.782,-3.905619438440927e-05,0.00021992673462138999,-0.018008815619686785
24.792,-2.6031193646805333e-05,0.00021921409348858319,0.010272278386641714
24.802,-1.3353137941719319e-05,0.00021850376156745636,0.03786982879436932
24.812,-1.0723643522312395e-06,0.00021779573137533864,0.0646695708935122
24.822,1.0764518286614927e-05,0.00021708999545380696,0.09056473547132514
24.832,2.21137737491974e-05,0.00021638654636860493,0.11545430017615742
24.842,3.293254639180935e-05,0.00021568537670956672,0.13923883286640143
24.852,4.318282858117845e-05,0.00021498647909053828,0.16182898050997946
24.862,5.283197444466947e-05,0.0002142898461492981,0.18314664935647523
24.872,6.184867166786356e-05,0.00021359547054748207,0.2031165000404559
24.882,7.020484342001957e-05,0.00021290334497050493,0.22167006313171594
24.892,7.787582336005893e-05,0.00021221346212748216,0.2387461977522891
24.902,8.484136544420495e-05,0.0002115258147511556,0.2542933146606663
24.912,9.108569148186257e-05,0.00021084039559781536,0.26826954887117216
24.922,9.659347428036483e-05,0.0002101571974472228,0.28063421741929373
24.932,0.00010135444818950608,0.00020947621310253692,0.2913577684347334
24.942,0.00010536348986293713,0.00020879743539023543,0.30042204691104735
24.952,0.00010861727354774699,0.00020812085716004212,0.30781315710449175
24.962,0.00011111610788130987,0.00020744647128485003,0.31352544667429844
24.972,0.00011286401796812011,0.00020677427066064563,0.3175617503475767
24.982,0.00011387017703267185,0.00020610424820643626,0.3199365700527027
24.992,0.00011414632152689606,0.0002054363968641729,0.32067052301738336
25.002,0.00011370575274066166,0.0002047707095986784,0.31978819155455085
25.012,0.00011255130772274606,0.00020410717939757083,0.31729196819352035
25.022,0.00011070019388691334,0.0002034457992711922,0.31321600458114063
25.032,0.00010817952699767924,0.00020278656225253204,0.30761668144724075
25.042,0.00010502161759475768,0.00020212946139715673,0.3005624314459265
25.052,0.00010125950778985669,0.0002014744897831349,0.292124021265288
25.062,9.693161016038378e-05,0.0002008216405109638,0.28238472590120045
25.072,9.208214064464361e-05,0.0002001709067034988,0.2714413302181436
25.082,8.675513974636372e-05,0.0001995222815058784,0.2593910238265196
25.092,8.09971600303925e-05,0.00019887575808545424,0.24633729385434994
25.102,7.485799493150345e-05,0.00019823132963171826,0.2323915471990272
25.112,6.838865987999527e-05,0.0001975889893562298,0.2176686482416931
25.122,6.164369529737778e-05,0.00019694873049254616,0.20229199273392573
25.132,5.467780056662389e-05,0.00019631054629615016,0.18638608014054436
25.142,4.7542467557953264e-05,0.00019567443004437935,0.17006899591087227
25.152,4.029132735706211e-05,0.00019504037503635435,0.1534641879550977
25.162,3.298008691304767e-05,0.00019440837459291013,0.13670032037098978
25.172,2.5659464913046462e-05,0.00019377842205652336,0.1198955323721824
25.182,1.8376850093084537e-05,0.00019315051079124473,0.10316100891000587
25.192,1.1180914192202745e-05,0.0001925246341826265,0.08661116557745802
25.202,4.1171087153055175e-06,0.000191900785637655,0.07035356292250712
25.212,-2.7756232545692646e-06,0.00019127895858468038,0.05448146668562287
25.222,-9.4614768047065e-06,0.00019065914647334626,0.039081239230009106
25.232,-1.5904369303961234e-05,0.00019004134277452302,0.024239903341319403
25.242,-2.207236146438841e-05,0.00018942554098023647,0.010035179463236198
25.252,-2.7944184620967997e-05,0.00018881173460360195,-0.003479295939420167
25.262,-3.3501156593270865e-05,0.0001881999171787532,-0.016255955741774297
25.272,-3.8721039470896194e-05,0.00018759008226077709,-0.028239527097368135
25.282,-4.3588495368632456e-05,0.00018698222342564293,-0.03939062128385975
25.292,-4.8097863041962207e-05,0.00018637633427013718,-0.0496921301356039
25.302,-5.224432940383457e-05,0.00018577240841179503,-0.05912939619409662
25.312,-5.6022270677756223e-05,0.00018517043948883212,-0.0676864708469844
25.322,-5.943089437061914e-05,0.00018457042116007947,-0.07535891491828603
25.332,-6.247401533478729e-05,0.0001839723471049159,-0.0821533658776306
25.342,-6.515543396862092e-05,0.0001833762110232002,-0.08807706170095286
25.352,-6.74811412966199e-05,0.00018278200663520688,-0.0931428467105681
25.362,-6.94599610497867e-05,0.000182189727681559,-0.09737065171874337
25.372,-7.109996313470765e-05,0.00018159936792316126,-0.10077930321958872
25.382,-7.241026346145645e-05,0.00018101092114113624,-0.1033906078489852
25.392,-7.340158383250563e-05,0.00018042438113675786,-0.10523059249336783
25.402,-7.408469706311462e-05,0.0001798397417313852,-0.10632589898642011
25.412,-7.447171010524088e-05,0.00017925699676639968,-0.10670671556340877
25.422,-7.457353274512507e-05,0.00017867614010313743,-0.10640090299005962
25.432,-7.440064728306988e-05,0.00017809716562282738,-0.10543568840553728
25.442,-7.396691192051167e-05,0.00017752006722652426,-0.10384639670063034
25.452,-7.328289351954734e-05,0.0001769448388350464,-0.1016609979724379
25.462,-7.235899396253594e-05,0.00017637147438891098,-0.09890726307568509
25.472,-7.121133775087854e-05,0.00017579996784826892,-0.09562638134934595
25.482,-6.985155109437419e-05,0.00017523031319284385,-0.09184921781346571
25.492,-6.829022611329187e-05,0.00017466250442186595,-0.08760425291154872
25.502,-6.654285068566449e-05,0.00017409653555401126,-0.08293134303818517
25.512,-6.462285157067071e-05,0.00017353240062733616,-0.07786552752390818
25.522,-6.254515136564789e-05,0.00017297009369921713,-0.07244527009933924
25.532,-6.032623983600672e-05,0.00017240960884628572,-0.06671259858769224
25.542,-5.7980174622316834e-05,0.00017185094016436813,-0.060703734782371455
25.552,-5.55247350171867e-05,0.00017129408176842217,-0.05446347506539012
25.562,-5.2977765431266876e-05,0.00017073902779247445,-0.048036644202986076
25.572,-5.035501096551092e-05,0.00017018577238956032,-0.04146298698216214
25.582,-4.767776900443482e-05,0.0001696343097316614,-0.034795131338071425
25.592,-4.4965274452088335e-05,0.00016908463400964316,-0.028080742879117757
25.602,-4.2230962317080874e-05,0.00016853673943319577,-0.021353679786943233
25.612,-3.9494804777300896e-05,0.00016799062023077198,-0.014663036843313465
25.622,-3.678081373620053e-05,0.00016744627064952565,-0.008067358615129791
25.632,-3.410470063883799e-05,0.0001669036849552526,-0.001605497294631747
25.642,-3.147793037134862e-05,0.0001663628574323297,0.004693898284103798
25.652,-2.8918723274482742e-05,0.00016582378238365352,0.010786296785429056
25.662,-2.6446744700246575e-05,0.00016528645413058248,0.016623783562602565
25.672,-2.407291775896565e-05,0.0001647508670128746,0.022179286192304158
25.682,-2.180441623961379e-05,0.00016421701538863031,0.02743476260712037
25.692,-1.965182826972145e-05,0.00016368489363423067,0.03236413032534217
25.702,-1.7626077016913975e-05,0.0001631544961442801,0.03694059944871242
25.712,-1.5730710650206908e-05,0.00016262581733154655,0.0411550821804725
25.722,-1.3964876697986062e-05,0.00016209885162690165,0.04500911371941762
25.732,-1.2331242801449547e-05,0.00016157359347926425,0.04849593387991638
25.742,-1.082882963566957e-05,0.00016105003735553944,0.05161766975812329
25.752,-9.450591499579933e-06,0.00016052817774056272,0.054391180433843805
25.762,-8.190827204806756e-06,0.00016000800913703954,0.05683027057464682
25.772,-7.042743485358312e-06,0.0001594895260654894,0.05895154713080639
25.782,-5.995356096961501e-06,0.0001589727230641872,0.06078194077501461
25.792,-5.035104176825283e-06,0.00015845759468910507,0.062354866572214465
25.802,-4.149388225896801e-06,0.0001579441355138565,0.06370169192108306
25.812,-3.327953233246586e-06,0.00015743234012963834,0.06484837403834906
25.822,-2.557141525852001e-06,0.0001569222031451732,0.06582937433272185
25.832,-1.8197162660540272e-06,0.0001564137191866541,0.0666881570777749
25.842,-1.1021523205301622e-06,0.00015590688289768712,0.0674595235420907
25.852,-3.963269171150161e-07,0.00015540168893923416,0.06816543617582393
25.862,3.072053282298509e-07,0.0001548981319895586,0.06883133777443655
25.872,1.0218585935567416e-06,0.00015439620674416704,0.0694926383930126
25.882,1.755798262365266e-06,0.00015389590791575536,0.07017225195103931
25.892,2.5092368296149867e-06,0.00015339723023415219,0.07087390956635821
25.902,3.283761200369368e-06,0.0001529001684462626,0.07160488858182297
25.912,4.082652263234397e-06,0.00015240471731601466,0.07237679001849603
25.922,4.903504930387382e-06,0.00015191087162430203,0.07318742870586005
25.932,5.737764042644598e-06,0.0001514186261689313,0.0740196249880612
25.942,6.575153408456115e-06,0.00015092797576456485,0.074852002633888
25.952,7.4075931335990585e-06,0.00015043891524266833,0.07566856121580644
25.962,8.224995957382248e-06,0.00014995143945145518,0.07644830763914282
25.972,9.009153239867554e-06,0.00014946554325583172,0.07715013801504063
25.982,9.740656023988169e-06,0.0001489812215373449,0.07772980788889017
25.992,1.040573415449816e-05,0.00014849846919412615,0.07815678210011374
26.002,1.098972634964139e-05,0.00014801728114083987,0.07839811361504134
26.012,1.147099173138378e-05,0.00014753765230862773,0.07840331102686916
26.022,1.1828676480262347e-05,0.00014705957764505706,0.07812348770146779
26.032,1.205024831910014e-05,0.00014658305211406693,0.07753009244335496
26.042,1.2123792378443898e-05,0.00014610807069591415,0.07659582920797198
26.052,1.2032687373618076e-05,0.0001456346283871222,0.07528135793972106
26.062,1.1762978601148155e-05,0.0001451627202004276,0.07355361684643986
26.072,1.1309477551973263e-05,0.00014469234116472646,0.07140109316713744
26.082,1.0670799255016016e-05,0.00014422348632502397,0.06882151828145039
26.092,9.841432102118913e-06,0.00014375615074238123,0.0658020635858132
26.102,8.818538494503717e-06,0.00014329032949386247,0.06233632545545693
26.112,7.611018874457965e-06,0.00014282601767248506,0.05844711575882521
26.122,6.229702235978091e-06,0.00014236321038716565,0.05416199214661217
26.132,4.680606509426736e-06,0.0001419019027626706,0.04949632854552376
26.142,2.9768491673730487e-06,0.00014144208993956367,0.04448327343452715
26.152,1.1382987452138713e-06,0.00014098376707415427,0.03917298954511747
26.162,-8.18610202745569e-07,0.00014052692933844802,0.03360703929406237
26.172,-2.874555600755114e-06,0.00014007157192009401,0.027834345781583458
26.182,-5.006103050029067e-06,0.00013961769002233606,0.021914339181244143
26.192,-7.1912045757063976e-06,0.00013916527886396018,0.015903115942422438
26.202,-9.406788769681512e-06,0.00013871433367924598,0.009859577677307961
26.212,-1.1629634897644746e-05,0.00013826484971791566,0.0038432037172141838
26.222,-1.3836507915946045e-05,0.00013781682224508338,-0.002086283869460248
26.232,-1.6004169117401796e-05,0.0001373702465412069,-0.007868895152122482
26.242,-1.811161124604555e-05,0.00013692511790203602,-0.013450052490929607
26.252,-2.0138379271873892e-05,0.0001364814316385648,-0.01877634866852277
26.262,-2.2064331885063022e-05,0.00013603918307698122,-0.02379495345541153
26.272,-2.3870904609289765e-05,0.0001355983675586175,-0.028456841276334542
26.282,-2.5541608799770272e-05,0.00013515898043990222,-0.03271807255814467
26.292,-2.7060787882748926e-05,0.00013472101709231083,-0.03653664529982251
26.302,-2.8413659514153115e-05,0.00013428447290231613,-0.03987264621467515
26.312,-2.958725153225588e-05,0.00013384934327134113,-0.04269067220488209
26.322,-3.056822132743546e-05,0.00013341562361570986,-0.04495425466936719
26.332,-3.134442874794561e-05,0.00013298330936659835,-0.046629930138270825
26.342,-3.19054632291254e-05,0.00013255239596998822,-0.04768863885480224
26.352,-3.224020984981114e-05,0.00013212287888661684,-0.048099489772380634
26.362,-3.233838516350539e-05,0.00013169475359193125,-0.04783374003687349
26.372,-3.218977215538484e-05,0.00013126801557603884,-0.04686285637775017
26.382,-3.1784586796152934e-05,0.00013084266034366125,-0.045159487687158655
26.392,-3.1115038772526005e-05,0.00013041868341408654,-0.042701533468589764
26.402,-3.0172087638626088e-05,0.00012999608032112102,-0.039463784103201865
26.412,-2.8948091917691497e-05,0.00012957484661304419,-0.03542480698084785
26.422,-2.7439740720135543e-05,0.00012915497785255962,-0.030574601306194903
26.432,-2.5642502185904605e-05,0.0001287364696167503,-0.024900226668164688
26.442,-2.3552597607299347e-05,0.00012831931749703016,-0.018390939932979203
26.452,-2.117255545171356e-05,0.00012790351709909915,-0.011052697791663797
26.462,-1.85087500636596e-05,0.0001274890640428963,-0.002901838214629346
26.472,-1.556967485478978e-05,0.00012707595396255306,0.006039378861501528
26.482,-1.2364925293084129e-05,0.00012666418250634857,0.015745426633316205
26.492,-8.91009455227399e-06,0.00012625374533666232,0.026174661483524576
26.502,-5.2314950766449e-06,0.0001258446381299299,0.03725685195154891
26.512,-1.3559060020861555e-06,0.00012543685657659674,0.048919980706631894
26.522,2.688968748198995e-06,0.00012503039638107216,0.06108904677063876
26.532,6.864565635858553e-06,0.00012462525326168534,0.07365991691048712
26.542,1.112732484560635e-05,0.00012422142295063964,0.0865146472438133
26.552,1.5432376022387012e-05,0.0001238189011939669,0.09953116032875467
26.562,1.9729696310719492e-05,0.00012341768375148408,0.11257310104712641
26.572,2.396569182846667e-05,0.00012301776639674775,0.1254939610008243
26.582,2.8084865214387383e-05,0.00012261914491700906,0.13814147854229186
26.592,3.202955727864238e-05,0.0001222218151131708,0.15035696798459292
26.602,3.5740546343322396e-05,0.00012182577279974154,0.16197688671772664
26.612,3.91596895912999e-05,0.00012143101380479313,0.1728398319013644
26.622,4.223184878466619e-05,0.00012103753396991517,0.18279172420608253
26.632,4.490179223690441e-05,0.00012064532915017255,0.19167765557538716
26.642,4.7117226739210255e-05,0.00012025439521406127,0.19934994869856676
26.652,4.88333823962178e-05,0.00011986472804346426,0.20568042681930013
26.662,5.0008057665986826e-05,0.00011947632353360946,0.21054735754701534
26.672,5.0604291646841164e-05,0.00011908917759302484,0.21384265120519552
26.682,5.059483590850165e-05,0.0001187032861434971,0.215483886619299
26.692,4.99573683621632e-05,0.00011831864512002694,0.21540165175755532
26.702,4.867577440598235e-05,0.00011793525047078778,0.21354307165349645
26.712,4.6743253407436334e-05,0.00011755309815708233,0.20988025077280945
26.722,4.41610150286872e-05,0.00011717218415329957,0.20440691046652187
26.732,4.093676784366451e-05,0.00011679250444687346,0.19713444680114867
26.742,3.708367250169017e-05,0.00011641405503824016,0.18808921721718957
26.752,3.2622665558670405e-05,0.00011603683194079518,0.1773188847665632
26.762,2.7582712907811622e-05,0.00011566083118085269,0.16489322490185898
26.772,2.1996933699651488e-05,0.00011528604879760302,0.15089378694957162
26.782,1.59011837395092e-05,0.00011491248084307034,0.13541012918459222
26.792,9.336592836836188e-06,0.00011454012338207223,0.11854671763543878
26.802,2.3502164220093585e-06,0.00011416897249217774,0.10042476346636248
26.812,-5.010375898539842e-06,0.00011379902426366531,0.08116766832109992
26.822,-1.2698354695752701e-05,0.00011343027479948314,0.06089763965580921
26.832,-2.0662597630849064e-05,0.00011306272021520647,0.03974930921210209
26.842,-2.884997445144207e-05,0.00011269635663899818,0.017863587977607093
26.852,-3.721104738327075e-05,0.00011233118021156661,-0.004627775353698724
26.862,-4.5696675909746756e-05,0.00011196718708612627,-0.027593018843268105
26.872,-5.4255142151887986e-05,0.00011160437342835592,-0.05089255629674215
26.882,-6.283785267553789e-05,0.00011124273541635942,-0.07439448110901818
26.892,-7.139909949111311e-05,0.00011088226924062494,-0.09797396409733264
26.902,-7.989247193549885e-05,0.00011052297110398428,-0.1215034966471883
26.912,-8.827428504949716e-05,0.00011016483722157418,-0.14486224887231738
26.922,-9.650229375052504e-05,0.00010980786382079492,-0.1679326045186058
26.932,-0.00010453404264636811,0.0001094520471412721,-0.19059567357313933
26.942,-0.00011233028204958237,0.00010909738343481553,-0.21274064146179683
26.952,-0.00011985305972790346,0.00010874386896538105,-0.2342595869859557
26.962,-0.00012706484088794755,0.00010839150000903067,-0.25504510376444667
26.972,-0.00013392969601670849,0.00010804027285389261,-0.2749935671961291
26.982,-0.0001404116194968292,0.00010769018380012357,-0.2940005336227205
26.992,-0.0001464762701441372,0.00010734122915986898,-0.3119655420202031
27.002,-0.00015209101394538391,0.00010699340525722369,-0.3287922644247719
27.012,-0.00015722181938699717,0.00010664670842819438,-0.344379972338683
27.022,-0.00016183636750664995,0.00010630113502066035,-0.3586321050700051
27.032,-0.0001659047475080173,0.00010595668139433454,-0.37145822948258167
27.042,-0.0001693963737613101,0.00010561334392072626,-0.38276555431485937
27.052,-0.00017228229316991513,0.00010527111898310243,-0.39246530970567717
27.062,-0.00017453463434544388,0.00010493000297644891,-0.40047125282997387
27.072,-0.00017612754258434395,0.00010458999230743385,-0.40670229565313276
27.082,-0.0001770394490673973,0.00010425108339436836,-0.41108883466994867
27.092,-0.0001772477100243609,0.00010391327266717015,-0.4135579039067656
27.102,-0.00017673096045237312,0.00010357655656732466,-0.41403973950300643
27.112,-0.00017547476378275707,0.00010324093154784881,-0.41248354620032807
27.122,-0.0001734673812239318,0.00010290639407325234,-0.4088457866003651
27.132,-0.00017069755635270965,0.0001025729406195018,-0.4030840446111073
27.142,-0.00016715821347809324,0.0001022405676739828,-0.3951673941878109
27.152,-0.0001628470591354437,0.0001019092717354626,-0.38507815816435204
27.162,-0.0001577658701036504,0.00010157904931405437,-0.3728099661023298
27.172,-0.00015192098727602997,0.00010124989693117911,-0.3583692028550888
27.182,-0.00014532052696159702,0.00010092181111953031,-0.3417672869186959
27.192,-0.00013797738591440854,0.00010059478842303608,-0.32302914759446394
27.202,-0.00012991249428177449,0.00010026882539682395,-0.3022024350179877
27.212,-0.00012114690367769307,9.994391860718411e-05,-0.2793353785420335
27.222,-0.00011170462201190554,9.962006463153264e-05,-0.2544848037679024
27.232,-0.00010161882359379978,9.929726005837657e-05,-0.22773370656785757
27.242,-9.09237906936145e-05,9.897550148727713e-05,-0.19916863903246793
27.252,-7.965534771188943e-05,9.865478552881443e-05,-0.168880974180049
27.262,-6.785547444306531e-05,9.8335108804551e-05,-0.13697999921823695
27.272,-5.556978996066055e-05,9.801646794699735e-05,-0.1035858864848804
27.282,-4.2845846663249235e-05,9.76988595995752e-05,-0.06882493621656231
27.292,-2.973264850348082e-05,9.738228041658327e-05,-0.03282826488156819
27.302,-1.6283754428514906e-05,9.706672706316165e-05,0.004259352822287225
27.312,-2.556388812895963e-06,9.67521962152559e-05,0.042281926488807076
27.322,1.1393344325847027e-05,9.643868455958349e-05,0.08108579553987702
27.332,2.550861526027262e-05,9.61261887935974e-05,0.12051436696145665
27.342,3.97277917483047e-05,9.581470562545271e-05,0.16039644950395152
27.352,5.3986602137530654e-05,9.550423177397057e-05,0.2005523625278275
27.362,6.822384130796791e-05,9.519476396860502e-05,0.2408101878556523
27.372,8.2378767421729e-05,9.488629894940717e-05,0.28099832450443557
27.382,9.638597121097053e-05,9.4578833466992e-05,0.3209308114551429
27.392,0.00011017966692096953,9.427236428250367e-05,0.360419550910034
27.402,0.0001236971621721375,9.396688816758089e-05,0.3992842263420549
27.412,0.00013687649300577154,9.366240190432408e-05,0.43734556371585026
27.422,0.00014965463669903886,9.335890228526015e-05,0.4744202033094806
27.432,0.00016196892784737062,9.305638611330982e-05,0.5103247354655893
27.442,0.00017375815412104512,9.275485020175356e-05,0.5448788754528112
27.452,0.00018496298579138222,9.24542913741974e-05,0.5779067420426169
27.462,0.00019552759104443944,9.215470646454054e-05,0.6092415148554777
27.472,0.00020539621627936887,9.185609231694144e-05,0.6387156257762755
27.482,0.00021451322313678568,9.155844578578416e-05,0.6661609181386067
27.492,0.00022282831826416361,9.126176373564617e-05,0.6914237604267156
27.502,0.00023029391597794563,9.096604304126483e-05,0.7143508296580272
27.512,0.00023686384588066735,9.067128058750391e-05,0.7346789186248027
27.522,0.00024249577146659386,9.037747326932208e-05,0.752235585529118
27.532,0.0002471508195573809,9.008461799173877e-05,0.7668984797776471
27.542,0.00025079422989603324,8.979271166980268e-05,0.7785573317888204
27.552,0.0002533949853919652,8.950175122855894e-05,0.787112931873757
27.562,0.00025492582788339376,8.92117336030161e-05,0.7924772652920145
27.572,0.0002553641543671333,8.892265573811505e-05,0.7945761953591641
27.582,0.0002546925626291614,8.863451458869546e-05,0.7933510788533792
27.592,0.0002528986873687423,8.83473071194651e-05,0.7887583575780479
27.602,0.00024997459969322827,8.806103030496655e-05,0.7807678967050727
27.612,0.00024591876798450127,8.777568112954653e-05,0.7693687380049028
27.622,0.00024073465471393036,8.749125658732293e-05,0.7545650720005503
27.632,0.00023443062727867203,8.72077536821543e-05,0.736376027573631
27.642,0.00022702332778482107,8.69251694276077e-05,0.7148455358210206
27.652,0.00021853444399440108,8.664350084692684e-05,0.6900329727269502
27.662,0.00020898978324204102,8.636274497300185e-05,0.6620105093072248
27.672,0.00019842234837164774,8.608289884833666e-05,0.6308721001450011
27.682,0.00018687191482994104,8.580395952501907e-05,0.5967322667657171
27.692,0.00017438443058463742,8.552592406468911e-05,0.5597244178390259
27.702,0.00016100978888374418,8.524878953850777e-05,0.5199943402196507
27.712,0.00014680236087791525,8.497255302712689e-05,0.47770173166317487
27.722,0.00013182401302289987,8.469721162065795e-05,0.4330290789878163
27.732,0.00011614197021087973,8.442276241864166e-05,0.3861754165161827
27.742,9.982514729140851e-05,8.414920253001671e-05,0.3373455378840075
27.752,8.294503784421465e-05,8.387652907309062e-05,0.28675257227442996
27.762,6.557934599323001e-05,8.360473917550785e-05,0.23462866239204466
27.772,4.7809297664076604e-05,8.333382997422106e-05,0.18121706489861916
27.782,2.971462268914804e-05,8.306379861545953e-05,0.12675732227301895
27.792,1.1376196838541893e-05,8.279464225470025e-05,0.0714929971432749
27.802,-7.121126341913563e-06,8.252635805663744e-05,0.015680023557623747
27.812,-2.5694090732447748e-05,8.225894319515235e-05,-0.04042979176627738
27.822,-4.4262048993880314e-05,8.199239485328438e-05,-0.09659182617381191
27.832,-6.27420938209896e-05,8.172671022320036e-05,-0.1525542712768042
27.842,-8.105451667191416e-05,8.146188650616605e-05,-0.208074324293727
27.852,-9.912508304727965e-05,8.119792091251553e-05,-0.2629249962595871
27.862,-0.00011688008291721105,8.0934810661623e-05,-0.31688051040745036
27.872,-0.0001342472234667538,8.067255298187226e-05,-0.3697189759753612
27.882,-0.00015115886854384652,8.04111451106286e-05,-0.4212320264487788
27.892,-0.00016755504183847588,8.015058429420923e-05,-0.47123384579869765
27.902,-0.0001833787839130084,7.989086778785385e-05,-0.5195474246562983
27.912,-0.00019857481967597594,7.963199285569654e-05,-0.5660006090497748
27.922,-0.0002130947491004562,7.937395677073663e-05,-0.6104416176930998
27.932,-0.00022689345551856255,7.911675681480945e-05,-0.6527283657613598
27.942,-0.00023993280528023436,7.886039027855859e-05,-0.6927395850166399
27.952,-0.00025218126481631447,7.86048544614069e-05,-0.7303737453137689
27.962,-0.00026360502347581605,7.835014667152765e-05,-0.7655224826989354
27.972,-0.00027417751834413006,7.809626422581703e-05,-0.798099160917792
27.982,-0.00028388084160173077,7.784320444986542e-05,-0.828043176463847
27.992,-0.00029269750291715537,7.759096467792884e-05,-0.8552952590079379
28.002,-0.0003006136869811518,7.733954225290181e-05,-0.8798072760227158
28.012,-0.0003076187718330722,7.708893452628831e-05,-0.9015408313689328
28.022,-0.0003137060460394345,7.683913885817486e-05,-0.9204694319482624
28.032,-0.000318873440447963,7.659015261720179e-05,-0.9365807338229527
28.042,-0.00032312037501230895,7.634197318053631e-05,-0.9498670764443483
28.052,-0.00032644873815446904,7.60945979338446e-05,-0.9603284551843075
28.062,-0.0003288623867810611,7.584802427126377e-05,-0.9679710460597091
28.072,-0.00033036838716317575,7.560224959537541e-05,-0.9728109428240348
28.082,-0.0003309770581018695,7.535727131717713e-05,-0.9748743350921417
28.092,-0.0003306976379125208,7.511308685605637e-05,-0.9741844634766766
28.102,-0.0003295413750708374,7.486969363976216e-05,-0.9707709228604029
28.112,-0.00032752342796814354,7.462708910437903e-05,-0.9646754358713472
28.122,-0.00032465835692004584,7.438527069429902e-05,-0.9559382789472358
28.132,-0.0003209619855517855,7.414423586219566e-05,-0.9446039086747718
28.142,-0.0003164528169587762,7.390398206899667e-05,-0.9307252345920876
28.152,-0.00031114873568874817,7.366450678385692e-05,-0.9143536464632331
28.162,-0.00030507012864184474,7.342580748413252e-05,-0.8955485238931958
28.172,-0.00029823978208122113,7.318788165535382e-05,-0.8743769405333175
28.182,-0.0002906767182519331,7.295072679119858e-05,-0.850894902735547
28.192,-0.000282403426665394,7.27143403934663e-05,-0.8251693272555614
28.202,-0.00027345049643492524,7.247871997205144e-05,-0.7972922167698302
28.212,-0.00026384340138207074,7.224386304491743e-05,-0.7673404354454916
28.222,-0.0002536032666513898,7.200976713806993e-05,-0.7353779549296159
28.232,-0.00024276063737191058,7.177642978553184e-05,-0.7014978648833542
28.242,-0.00023135159472555705,7.154384852931612e-05,-0.665810611910674
28.252,-0.00021940795811194834,7.131202091940102e-05,-0.6284140507776608
28.262,-0.00020696007074043154,7.108094451370323e-05,-0.5894019056258678
28.272,-0.00019404375331396633,7.085061687805314e-05,-0.5488850588384347
28.282,-0.0001806999001303563,7.062103558616826e-05,-0.5069903525027645
28.292,-0.00016696976716876563,7.039219821962847e-05,-0.4638461608026131
28.302,-0.00015289447535890747,7.01641023678502e-05,-0.4195808467266213
28.312,-0.00013851697642958648,6.993674562806064e-05,-0.3743287917535233
28.322,-0.00012388352943644123,6.971012560527336e-05,-0.32823494872035086
28.332,-0.00010904381953894058,6.948423991226201e-05,-0.28145521074611063
28.342,-9.404789611460512e-05,6.925908616953621e-05,-0.23414699131255953
28.352,-7.894573813383435e-05,6.903466200531548e-05,-0.18646788518200574
28.362,-6.378954929309728e-05,6.881096505550514e-05,-0.13858274589277458
28.372,-4.8632942725728486e-05,6.8587992963671e-05,-0.09066116888296494
28.382,-3.3529615450819564e-05,6.836574338101422e-05,-0.04287337023644062
28.392,-1.8533577231006964e-05,6.814421396634725e-05,0.0046091047386691425
28.402,-3.6988329499750027e-06,6.792340238606881e-05,0.05161434106345118
28.412,1.092343271352753e-05,6.770330631413898e-05,0.09797880233512174
28.422,2.5284014512412523e-05,6.748392343205544e-05,0.1435447961139611
28.432,3.9331456521898606e-05,6.726525142882854e-05,0.1881473731693407
28.442,5.301638115496227e-05,6.70472880009568e-05,0.23162771937179072
28.452,6.629761487429833e-05,6.683003085240323e-05,0.2738522248549332
28.462,7.913612833661222e-05,6.661347769457081e-05,0.31469378516128654
28.472,9.149057752509205e-05,6.639762624627807e-05,0.3540179525244179
28.482,0.00010332595324224477,6.618247423373579e-05,0.3917098088618805
28.492,0.00011461522016752087,6.596801939052223e-05,0.4276791733719337
28.502,0.00012533192722036295,6.575425945756011e-05,0.46183770083600684
28.512,0.0001354518403157145,6.554119218309192e-05,0.4941039639295751
28.522,0.0001449571076714253,6.532881532265708e-05,0.5244164589165778
28.532,0.00015383457272532836,6.51171266390674e-05,0.5527284614940983
28.542,0.0001620734674640243,6.490612390238437e-05,0.5790009071807483
28.552,0.00016966439100560429,6.469580488989524e-05,0.6031991887374387
28.562,0.00017660276194168286,6.44861673860893e-05,0.6253039680979195
28.572,0.00018289021639094233,6.427720918263536e-05,0.6453156541851146
28.582,0.00018852628869229447,6.406892807835752e-05,0.6632284385717948
28.592,0.00019350985561901766,6.386132187921298e-05,0.6790347749133198
28.602,0.00019784695222056108,6.365438839826794e-05,0.6927498595895559
28.612,0.00020154393336971013,6.34481254556754e-05,0.7043902829372968
28.622,0.00020460507411131817,6.324253087865179e-05,0.7139665312586613
28.632,0.0002070360808924353,6.303760250145389e-05,0.7214939592772655
28.642,0.00020884169239639475,6.283333816535652e-05,0.7269852311851012
28.652,0.00021002706313513194,6.262973571862956e-05,0.7304546931367756
28.662,0.00021059688331788245,6.242679301651495e-05,0.7319156034342912
28.672,0.000210555609192451,6.222450792120472e-05,0.7313808096973498
28.682,0.00020990765728686232,6.20228783018182e-05,0.7288633507117032
28.692,0.00020865222783293083,6.182190203437913e-05,0.7243601308860301
28.702,0.00020678908723395089,6.162157700179411e-05,0.7178700889727889
28.712,0.00020432293848684602,6.142190109382982e-05,0.7094079663249478
28.722,0.00020125535875657638,6.122287220709052e-05,0.698978872239716
28.732,0.00019758356448056248,6.1024488244996696e-05,0.6865743479266511
28.742,0.00019330693914418963,6.0826747117762035e-05,0.672192933644425
28.752,0.00018842837567975502,6.0629646742372315e-05,0.655844409295903
28.762,0.0001829513475676854,6.0433185042562614e-05,0.6375405502610098
28.772,0.00017687926036510254,6.023735994879625e-05,0.6172930733096461
28.782,0.00017021599632351721,6.004216939824217e-05,0.5951153482603105
28.792,0.0001629690222514098,5.9847611334753936e-05,0.5710322340386101
28.802,0.0001551503984954999,5.965368370884777e-05,0.5450833018687824
28.812,0.00014677247921017792,5.9460384477680646e-05,0.5173092391775133
28.822,0.00013785002115174503,5.9267711605029466e-05,0.48775856934680584
28.832,0.00012840416427143992,5.907566306126883e-05,0.45650030595111046
28.842,0.00011845921226113967,5.888423682335036e-05,0.42361375582903993
28.852,0.00010804011813725378,5.869343087478106e-05,0.38918057158387076
28.862,9.717709955742561e-05,5.850324320560179e-05,0.3532994637692177
28.872,8.590711530588488e-05,5.8313671812366726e-05,0.3160909554603017
28.882,7.426719611269708e-05,5.8124714698121886e-05,0.27767617506064535
28.892,6.229619068829061e-05,5.793636987238385e-05,0.23818241806572157
28.902,5.004007070727223e-05,5.774863535111937e-05,0.19776010961808022
28.912,3.754685131833886e-05,5.756150915672419e-05,0.15656663407418825
28.922,2.4865013333507855e-05,5.737498931800185e-05,0.11476129850740469
28.932,1.2046015921856593e-05,5.7189073870143744e-05,0.07251336465089503
28.942,-8.58209502023e-07,5.700376085470749e-05,0.02999401789960026
28.952,-1.3793428447507678e-05,5.681904831959707e-05,-0.012617787811056477
28.962,-2.6702441619751865e-05,5.6634934319041955e-05,-0.0551332064233291
28.972,-3.953170393318137e-05,5.645141691357634e-05,-0.0973747503845205
28.982,-5.222927739227575e-05,5.626849417001932e-05,-0.13916979580193226
28.992,-6.474006386685696e-05,5.6086164161453845e-05,-0.18033532022506304
29.002,-7.701106937671738e-05,5.590442496720713e-05,-0.2206948544689219
29.012,-8.899306962742307e-05,5.572327467282966e-05,-0.2600839149692649
29.022,-0.00010063832446110968,5.554271137007583e-05,-0.2983427222983267
29.032,-0.0001119015506603967,5.536273315688302e-05,-0.3353194023180794
29.042,-0.0001227396891563172,5.518333813735229e-05,-0.3708693122191563
29.052,-0.0001331130755640391,5.500452442172807e-05,-0.40485889066096514
29.062,-0.00014298538363233013,5.482629012637797e-05,-0.4371655657214987
29.072,-0.00015232272822128537,5.464863337377367e-05,-0.4676749083313475
29.082,-0.00016109643726928199,5.4471552292470296e-05,-0.4962896290984475
29.092,-0.00016928250344932144,5.4295045017087396e-05,-0.522927915287058
29.102,-0.00017685737221930002,5.4119109688289066e-05,-0.5475098892153248
29.112,-0.00018380049301922166,5.3943744452763976e-05,-0.5699658514757537
29.122,-0.00019009996861691768,5.37689474632065e-05,-0.5902545815319773
29.132,-0.00019574668098688947,5.3594716878296954e-05,-0.6083444149668287
29.142,-0.0002007293716644692,5.3421050862681866e-05,-0.624197333415304
29.152,-0.000205042976006373,5.3247947586955286e-05,-0.6377959151646481
29.162,-0.00020868971150310705,5.307540522763916e-05,-0.6491468937677904
29.172,-0.0002116717160111142,5.290342196716388e-05,-0.6582573176266279
29.182,-0.0002139922711396777,5.2731995993849814e-05,-0.6651384605091021
29.192,-0.00021565908234365334,5.2561125501887413e-05,-0.6698164458568668
29.202,-0.0002166838967894046,5.239080869131888e-05,-0.6723310147428194
29.212,-0.0002170796851754083,5.2221043768018934e-05,-0.6727263336021245
29.222,-0.00021685956009173137,5.205182894367563e-05,-0.6710474190764646
29.232,-0.0002160401530072581,5.188316243577214e-05,-0.667351079839563
29.242,-0.0002146406468268364,5.171504246756727e-05,-0.6617027657676963
29.252,-0.00021267998551687532,5.154746726807747e-05,-0.6541674578536936
29.262,-0.00021017710861866693,5.1380435072057434e-05,-0.6448103536500384
29.272,-0.00020715292758312695,5.1213944119982266e-05,-0.6337032491729065
29.282,-0.00020363135139443234,5.1047992658028165e-05,-0.6209278936832514
29.292,-0.0001996335524921323,5.088257893805465e-05,-0.6065572904897927
29.302,-0.0001951774669713787,5.071770121758582e-05,-0.5906539719278638
29.312,-0.00019028694039481105,5.055335775979174e-05,-0.57329979712307
29.322,-0.00018498694510954373,5.0389546833470705e-05,-0.5545803874836683
29.332,-0.00017929434289053206,5.0226266713030727e-05,-0.5345549204080602
29.342,-0.00017322667812298974,5.006351567847108e-05,-0.5132847816835796
29.352,-0.00016680621790134316,4.9901292015364725e-05,-0.49084679334132264
29.362,-0.00016005195530989556,4.973959401483996e-05,-0.4673070740343349
29.372,-0.00015298026273565435,4.9578419973562185e-05,-0.44272312647892265
29.382,-0.0001456076013586438,4.9417768193716495e-05,-0.41715269158976737
29.392,-0.00013794902453578676,4.9257636982989466e-05,-0.3906488567875504
29.402,-0.00013002081567289005,4.909802465455116e-05,-0.3632686926420443
29.412,-0.00012183896247608435,4.8938929527037885e-05,-0.33506824645766164
29.422,-0.00011341571438656259,4.878034992453383e-05,-0.30609123467716093
29.432,-0.00010476555922312556,4.862228417655412e-05,-0.2763886476427212
29.442,-9.590560787783704e-05,4.8464730618026456e-05,-0.24602003205179312
29.452,-8.684944771082995e-05,4.8307687589274265e-05,-0.21503328846441583
29.462,-7.761100251900494e-05,4.8151153435998885e-05,-0.18347734092696555
29.472,-6.820794160416566e-05,4.799512650926196e-05,-0.15141336440456038
29.482,-5.8658637936868e-05,4.783960516546857e-05,-0.11890477347508996
29.492,-4.8982164669057835e-05,4.768458776634936e-05,-0.08601720480658848
29.502,-3.9198284471096364e-05,4.7530072678943797e-05,-0.05281848812686386
29.512,-2.9329030302100486e-05,4.7376058275582475e-05,-0.019383843432562955
29.522,-1.9400623833405815e-05,4.7222542933870506e-05,0.014197784544610167
29.532,-9.438658013175753e-06,4.706952503666981e-05,0.04783962583599344
29.542,5.299888552838788e-07,4.691700297208267e-05,0.0814507784625661
29.552,1.0471899661831268e-05,4.676497513343449e-05,0.11491881476134091
29.562,2.0353700659998418e-05,4.661343991925664e-05,0.1481315646563733
29.572,3.0142547795078433e-05,4.646239573327004e-05,0.18097876315546674
29.582,3.979986545077282e-05,4.631184098436815e-05,0.2133312717245982
29.592,4.928537354806291e-05,4.6161774086599915e-05,0.2450544171695943
29.602,5.855899957536503e-05,4.6012193459153576e-05,0.276014367549252
29.612,6.757868053735574e-05,4.586309752633979e-05,0.3060708307421345
29.622,7.630074759756595e-05,4.5714484717574756e-05,0.3350783269085634
29.632,8.4679088356894e-05,4.556635346736415e-05,0.3628834008032826
29.642,9.266965385646997e-05,4.5418702215286425e-05,0.38933959107254523
29.652,0.00010023038209108103,4.527152940597612e-05,0.4143072089002585
29.662,0.00010731428966635,4.512483348910802e-05,0.4376303689242841
29.672,0.000113875403836804,4.49786129193802e-05,0.45915668363704437
29.682,0.00011987356104013291,4.4832866156498406e-05,0.4787532448205658
29.692,0.00012526888131170492,4.468759166515913e-05,0.4962882695585737
29.702,0.0001300216275102211,4.454278791503407e-05,0.5116306077238193
29.712,0.000134094433582332,4.4398453380753714e-05,0.5246571461902886
29.722,0.00013745378127165745,4.425458654189106e-05,0.5352577671933925
29.732,0.0001400715553397545,4.411118588294614e-05,0.5433405356702536
29.742,0.00014192260272898928,4.396824989332945e-05,0.5488235393369295
29.752,0.00014298357507419872,4.382577706734664e-05,0.55163103453701
29.762,0.00014323576465961126,4.368376590418201e-05,0.5517029213065471
29.772,0.00014266715176871318,4.354221490788341e-05,0.5490015804925188
29.782,0.000141270771993875,4.340112258734573e-05,0.5435064112052507
29.792,0.00013904278443524352,4.3260487456295864e-05,0.535207375539138
29.802,0.0001359851669173526,4.312030803327663e-05,0.5241140216430734
29.812,0.0001321055722439568,4.2980582841631415e-05,0.5102549875484276
29.822,0.00012741507576021773,4.284131040948826e-05,0.49367044419330464
29.832,0.00012193293033201878,4.270248926974481e-05,0.4744280486475335
29.842,0.00011568451410987654,4.2564117960052656e-05,0.4526160735651852
29.852,0.000108694457180961,4.2426195022801704e-05,0.42832031181190555
29.862,0.00010099376416029755,4.2288719005105324e-05,0.40164796268749725
29.872,9.262281360071257e-05,4.215168845878446e-05,0.372737732475015
29.882,8.362365363204173e-05,4.2015101940352905e-05,0.34173395307060395
29.892,7.404042857531054e-05,4.187895801100184e-05,0.30878798141657005
29.902,6.392187883276214e-05,4.1743255236584516e-05,0.27406659344837736
29.912,5.331966960289296e-05,4.160799218760159e-05,0.23774636955063147
29.922,4.228918138188498e-05,4.147316743918554e-05,0.20001634413432337
29.932,3.0889576125740954e-05,4.133877957108618e-05,0.16107821552412466
29.942,1.9178375387400267e-05,4.12048271676552e-05,0.12112806997977574
29.952,7.212804386320666e-06,4.107130881783167e-05,0.08036088011642056
29.962,-4.943730103510293e-06,4.093822311512704e-05,0.03899234948942767
29.972,-1.7228462374483527e-05,4.0805568657610034e-05,-0.002764096055060533
29.982,-2.9583576870934123e-05,4.067334404789243e-05,-0.044711897998591946
29.992,-4.1949251192241216e-05,4.054154789311378e-05,-0.08664789577564072
