# Real time calculation: 
# Eall: Total energy
# Eall0: Initial total energy
# 1:Time[fs] 2:Eall[eV] 3:Eall-Eall0[eV] 
      0.00000000 -0.865026927883626E+003  0.000000000000000E+000 
      0.02000000 -0.864985976451194E+003  0.409514324321035E-001 
      0.04000000 -0.864985969307322E+003  0.409585763043412E-001 
      0.06000000 -0.864985966327337E+003  0.409615562885955E-001 
      0.08000000 -0.864985967702795E+003  0.409601808310077E-001 
      0.10000000 -0.864985966902737E+003  0.409609808884277E-001 
      0.12000000 -0.864985964543188E+003  0.409633404377771E-001 
      0.14000000 -0.864985963118157E+003  0.409647654687652E-001 
      0.16000000 -0.864985962679580E+003  0.409652040458530E-001 
      0.18000000 -0.864985963242270E+003  0.409646413556435E-001 
      0.20000000 -0.864985964467778E+003  0.409634158479535E-001 
      0.22000000 -0.864985965820795E+003  0.409620628306849E-001 
      0.24000000 -0.864985967186388E+003  0.409606972382219E-001 
      0.26000000 -0.864985968492377E+003  0.409593912490172E-001 
      0.28000000 -0.864985969587925E+003  0.409582957010180E-001 
      0.30000000 -0.864985970423398E+003  0.409574602276596E-001 
      0.32000000 -0.864985971146853E+003  0.409567367727963E-001 
      0.34000000 -0.864985971712800E+003  0.409561708262111E-001 
      0.36000000 -0.864985972115525E+003  0.409557681007726E-001 
      0.38000000 -0.864985972187763E+003  0.409556958624787E-001 
      0.40000000 -0.864985972188892E+003  0.409556947340967E-001 
      0.42000000 -0.864985972342470E+003  0.409555411557240E-001 
      0.44000000 -0.864985972767297E+003  0.409551163290996E-001 
      0.46000000 -0.864985973471994E+003  0.409544116316529E-001 
      0.48000000 -0.864985974226530E+003  0.409536570956283E-001 
      0.50000000 -0.864985974820091E+003  0.409530635348141E-001 
      0.52000000 -0.864985975422886E+003  0.409524607401580E-001 
      0.54000000 -0.864985976115900E+003  0.409517677253122E-001 
      0.56000000 -0.864985976870006E+003  0.409510136200682E-001 
      0.58000000 -0.864985977610477E+003  0.409502731489883E-001 
      0.60000000 -0.864985978342159E+003  0.409495414665655E-001 
      0.62000000 -0.864985979090582E+003  0.409487930442211E-001 
      0.64000000 -0.864985979817570E+003  0.409480660561069E-001 
      0.66000000 -0.864985980541207E+003  0.409473424187226E-001 
      0.68000000 -0.864985981299698E+003  0.409465839278508E-001 
      0.70000000 -0.864985982054128E+003  0.409458294980712E-001 
      0.72000000 -0.864985982746874E+003  0.409451367522699E-001 
      0.74000000 -0.864985983375815E+003  0.409445078109001E-001 
      0.76000000 -0.864985983966026E+003  0.409439176002357E-001 
      0.78000000 -0.864985984550208E+003  0.409433334182748E-001 
      0.80000000 -0.864985985191857E+003  0.409426917686869E-001 
      0.82000000 -0.864985985881505E+003  0.409420021208122E-001 
      0.84000000 -0.864985986559369E+003  0.409413242571432E-001 
      0.86000000 -0.864985987227809E+003  0.409406558168943E-001 
      0.88000000 -0.864985987884070E+003  0.409399995559587E-001 
      0.90000000 -0.864985988496674E+003  0.409393869518621E-001 
      0.92000000 -0.864985989102388E+003  0.409387812382234E-001 
      0.94000000 -0.864985989721838E+003  0.409381617876557E-001 
      0.96000000 -0.864985990313409E+003  0.409375702163977E-001 
      0.98000000 -0.864985990878739E+003  0.409370048867876E-001 
      1.00000000 -0.864985991397167E+003  0.409364864586947E-001 
      1.02000000 -0.864985991838988E+003  0.409360446379921E-001 
      1.04000000 -0.864985992280945E+003  0.409356026805922E-001 
      1.06000000 -0.864985992810046E+003  0.409350735800477E-001 
      1.08000000 -0.864985993366782E+003  0.409345168440058E-001 
      1.10000000 -0.864985993899477E+003  0.409339841493057E-001 
      1.12000000 -0.864985994454649E+003  0.409334289767767E-001 
      1.14000000 -0.864985995031453E+003  0.409328521727053E-001 
      1.16000000 -0.864985995599916E+003  0.409322837093990E-001 
      1.18000000 -0.864985996158212E+003  0.409317254140014E-001 
      1.20000000 -0.864985996711058E+003  0.409311725681318E-001 
      1.22000000 -0.864985997258137E+003  0.409306254888818E-001 
      1.24000000 -0.864985997798179E+003  0.409300854463578E-001 
      1.26000000 -0.864985998322742E+003  0.409295608837030E-001 
      1.28000000 -0.864985998844493E+003  0.409290391329158E-001 
      1.30000000 -0.864985999369665E+003  0.409285139604398E-001 
      1.32000000 -0.864985999897876E+003  0.409279857495884E-001 
      1.34000000 -0.864986000430846E+003  0.409274527798500E-001 
      1.36000000 -0.864986000964498E+003  0.409269191280746E-001 
      1.38000000 -0.864986001496187E+003  0.409263874387868E-001 
      1.40000000 -0.864986002024442E+003  0.409258591839487E-001 
      1.42000000 -0.864986002543622E+003  0.409253400041167E-001 
      1.44000000 -0.864986003048317E+003  0.409248353089890E-001 
      1.46000000 -0.864986003540187E+003  0.409243434388621E-001 
      1.48000000 -0.864986004021389E+003  0.409238622372231E-001 
      1.50000000 -0.864986004490006E+003  0.409233936197691E-001 
      1.52000000 -0.864986004961384E+003  0.409229222416850E-001 
      1.54000000 -0.864986005445816E+003  0.409224378093856E-001 
      1.56000000 -0.864986005936581E+003  0.409219470452122E-001 
      1.58000000 -0.864986006423571E+003  0.409214600548151E-001 
      1.60000000 -0.864986006892683E+003  0.409209909429690E-001 
      1.62000000 -0.864986007357312E+003  0.409205263136183E-001 
      1.64000000 -0.864986007832652E+003  0.409200509739197E-001 
      1.66000000 -0.864986008310058E+003  0.409195735680989E-001 
      1.68000000 -0.864986008779511E+003  0.409191041152827E-001 
      1.70000000 -0.864986009232499E+003  0.409186511264796E-001 
      1.72000000 -0.864986009688255E+003  0.409181953703759E-001 
      1.74000000 -0.864986010151671E+003  0.409177319548672E-001 
      1.76000000 -0.864986010602177E+003  0.409172814489491E-001 
      1.78000000 -0.864986011037399E+003  0.409168462266515E-001 
      1.80000000 -0.864986011484367E+003  0.409163992586247E-001 
      1.82000000 -0.864986011936420E+003  0.409159472055318E-001 
      1.84000000 -0.864986012379734E+003  0.409155038919854E-001 
      1.86000000 -0.864986012816471E+003  0.409150671546088E-001 
      1.88000000 -0.864986013250771E+003  0.409146328543903E-001 
      1.90000000 -0.864986013685901E+003  0.409141977253833E-001 
      1.92000000 -0.864986014123916E+003  0.409137597101664E-001 
      1.94000000 -0.864986014561423E+003  0.409133222026826E-001 
      1.96000000 -0.864986014995541E+003  0.409128880848884E-001 
      1.98000000 -0.864986015430223E+003  0.409124534025166E-001 
      2.00000000 -0.864986015861008E+003  0.409120226181475E-001 
      2.02000000 -0.864986016284655E+003  0.409115989713358E-001 
      2.04000000 -0.864986016709560E+003  0.409111740662119E-001 
      2.06000000 -0.864986017134692E+003  0.409107489335168E-001 
      2.08000000 -0.864986017555847E+003  0.409103277790641E-001 
      2.10000000 -0.864986017974753E+003  0.409099088731581E-001 
      2.12000000 -0.864986018386193E+003  0.409094974327284E-001 
      2.14000000 -0.864986018790423E+003  0.409090932026518E-001 
      2.16000000 -0.864986019193593E+003  0.409086900331884E-001 
      2.18000000 -0.864986019598370E+003  0.409082852559354E-001 
      2.20000000 -0.864986019999362E+003  0.409078842642531E-001 
      2.22000000 -0.864986020397468E+003  0.409074861581041E-001 
      2.24000000 -0.864986020799402E+003  0.409070842234611E-001 
      2.26000000 -0.864986021201751E+003  0.409066818744721E-001 
      2.28000000 -0.864986021599125E+003  0.409062845003406E-001 
      2.30000000 -0.864986021995336E+003  0.409058882900706E-001 
      2.32000000 -0.864986022390483E+003  0.409054931430240E-001 
      2.34000000 -0.864986022783557E+003  0.409051000683835E-001 
      2.36000000 -0.864986023172380E+003  0.409047112460570E-001 
      2.38000000 -0.864986023560958E+003  0.409043226682198E-001 
      2.40000000 -0.864986023948344E+003  0.409039352819894E-001 
      2.42000000 -0.864986024332820E+003  0.409035508055576E-001 
      2.44000000 -0.864986024719277E+003  0.409031643492370E-001 
      2.46000000 -0.864986025105276E+003  0.409027783501856E-001 
      2.48000000 -0.864986025485877E+003  0.409023977492315E-001 
      2.50000000 -0.864986025866914E+003  0.409020167122766E-001 
      2.52000000 -0.864986026249091E+003  0.409016345344686E-001 
      2.54000000 -0.864986026628207E+003  0.409012554188179E-001 
      2.56000000 -0.864986027006197E+003  0.409008774289389E-001 
      2.58000000 -0.864986027382148E+003  0.409005014778234E-001 
      2.60000000 -0.864986027750805E+003  0.409001328209741E-001 
      2.62000000 -0.864986028115749E+003  0.408997678769965E-001 
      2.64000000 -0.864986028480831E+003  0.408994027943880E-001 
      2.66000000 -0.864986028847175E+003  0.408990364505671E-001 
      2.68000000 -0.864986029214441E+003  0.408986691850538E-001 
      2.70000000 -0.864986029582387E+003  0.408983012383736E-001 
      2.72000000 -0.864986029947101E+003  0.408979365245774E-001 
      2.74000000 -0.864986030307487E+003  0.408975761388878E-001 
      2.76000000 -0.864986030666974E+003  0.408972166521722E-001 
      2.78000000 -0.864986031022285E+003  0.408968613404311E-001 
      2.80000000 -0.864986031375228E+003  0.408965083978861E-001 
      2.82000000 -0.864986031729163E+003  0.408961544632699E-001 
      2.84000000 -0.864986032084338E+003  0.408957992876461E-001 
      2.86000000 -0.864986032436604E+003  0.408954470216276E-001 
      2.88000000 -0.864986032785111E+003  0.408950985148844E-001 
      2.90000000 -0.864986033136319E+003  0.408947473067723E-001 
      2.92000000 -0.864986033486500E+003  0.408943971258242E-001 
      2.94000000 -0.864986033832522E+003  0.408940511038028E-001 
      2.96000000 -0.864986034173850E+003  0.408937097755100E-001 
      2.98000000 -0.864986034511835E+003  0.408933717908899E-001 
      3.00000000 -0.864986034849834E+003  0.408930337922520E-001 
      3.02000000 -0.864986035190152E+003  0.408926934739153E-001 
      3.04000000 -0.864986035532731E+003  0.408923508949476E-001 
      3.06000000 -0.864986035875606E+003  0.408920080195767E-001 
      3.08000000 -0.864986036217592E+003  0.408916660339956E-001 
      3.10000000 -0.864986036557733E+003  0.408913258931528E-001 
      3.12000000 -0.864986036896193E+003  0.408909874328953E-001 
      3.14000000 -0.864986037233406E+003  0.408906502198325E-001 
      3.16000000 -0.864986037567918E+003  0.408903157082351E-001 
      3.18000000 -0.864986037899791E+003  0.408899838348784E-001 
      3.20000000 -0.864986038232683E+003  0.408896509433483E-001 
      3.22000000 -0.864986038566343E+003  0.408893172829678E-001 
      3.24000000 -0.864986038893624E+003  0.408889900020250E-001 
      3.26000000 -0.864986039220409E+003  0.408886632167312E-001 
      3.28000000 -0.864986039549565E+003  0.408883340605012E-001 
      3.30000000 -0.864986039875971E+003  0.408880076547505E-001 
      3.32000000 -0.864986040196298E+003  0.408876873278773E-001 
      3.34000000 -0.864986040512208E+003  0.408873714183411E-001 
      3.36000000 -0.864986040823662E+003  0.408870599635547E-001 
      3.38000000 -0.864986041127811E+003  0.408867558148289E-001 
      3.40000000 -0.864986041432671E+003  0.408864509551605E-001 
      3.42000000 -0.864986041743667E+003  0.408861399586102E-001 
      3.44000000 -0.864986042054778E+003  0.408858288475975E-001 
      3.46000000 -0.864986042365808E+003  0.408855178178878E-001 
      3.48000000 -0.864986042681330E+003  0.408852022955320E-001 
      3.50000000 -0.864986042996017E+003  0.408848876092151E-001 
      3.52000000 -0.864986043308094E+003  0.408845755321366E-001 
      3.54000000 -0.864986043619284E+003  0.408842643419477E-001 
      3.56000000 -0.864986043930327E+003  0.408839532989937E-001 
      3.58000000 -0.864986044242239E+003  0.408836413871314E-001 
      3.60000000 -0.864986044555022E+003  0.408833286033640E-001 
      3.62000000 -0.864986044867370E+003  0.408830162557909E-001 
      3.64000000 -0.864986045177255E+003  0.408827063710912E-001 
      3.66000000 -0.864986045485832E+003  0.408823977940075E-001 
      3.68000000 -0.864986045795103E+003  0.408820885226093E-001 
      3.70000000 -0.864986046104075E+003  0.408817795510947E-001 
      3.72000000 -0.864986046409144E+003  0.408814744819332E-001 
      3.74000000 -0.864986046705926E+003  0.408811777001727E-001 
      3.76000000 -0.864986046997194E+003  0.408808864323252E-001 
      3.78000000 -0.864986047287038E+003  0.408805965880062E-001 
      3.80000000 -0.864986047580254E+003  0.408803033718824E-001 
      3.82000000 -0.864986047877573E+003  0.408800060527097E-001 
      3.84000000 -0.864986048175445E+003  0.408797081807535E-001 
      3.86000000 -0.864986048470159E+003  0.408794134665654E-001 
      3.88000000 -0.864986048766076E+003  0.408791175495561E-001 
      3.90000000 -0.864986049060623E+003  0.408788230028077E-001 
      3.92000000 -0.864986049348383E+003  0.408785352427858E-001 
      3.94000000 -0.864986049626817E+003  0.408782568091231E-001 
      3.96000000 -0.864986049904339E+003  0.408779792872920E-001 
      3.98000000 -0.864986050190041E+003  0.408776935846916E-001 
      4.00000000 -0.864986050482609E+003  0.408774010172521E-001 
      4.02000000 -0.864986050776204E+003  0.408771074221652E-001 
      4.04000000 -0.864986051069155E+003  0.408768144713156E-001 
      4.06000000 -0.864986051360372E+003  0.408765232540287E-001 
      4.08000000 -0.864986051649030E+003  0.408762345960963E-001 
      4.10000000 -0.864986051936153E+003  0.408759474724810E-001 
      4.12000000 -0.864986052225939E+003  0.408756576872300E-001 
      4.14000000 -0.864986052517050E+003  0.408753665757048E-001 
      4.16000000 -0.864986052806748E+003  0.408750768778474E-001 
      4.18000000 -0.864986053095498E+003  0.408747881274943E-001 
      4.20000000 -0.864986053384337E+003  0.408744992886843E-001 
      4.22000000 -0.864986053671386E+003  0.408742122399916E-001 
      4.24000000 -0.864986053955998E+003  0.408739276279736E-001 
      4.26000000 -0.864986054239183E+003  0.408736444432543E-001 
      4.28000000 -0.864986054521070E+003  0.408733625559037E-001 
      4.30000000 -0.864986054801511E+003  0.408730821151866E-001 
      4.32000000 -0.864986055079904E+003  0.408728037222238E-001 
      4.34000000 -0.864986055355885E+003  0.408725277408970E-001 
      4.36000000 -0.864986055630102E+003  0.408722535237788E-001 
      4.38000000 -0.864986055906864E+003  0.408719767617107E-001 
      4.40000000 -0.864986056185077E+003  0.408716985483686E-001 
      4.42000000 -0.864986056460453E+003  0.408714231724160E-001 
      4.44000000 -0.864986056733595E+003  0.408711500307989E-001 
      4.46000000 -0.864986057006782E+003  0.408708768439383E-001 
      4.48000000 -0.864986057278141E+003  0.408706054845112E-001 
      4.50000000 -0.864986057544550E+003  0.408703390753863E-001 
      4.52000000 -0.864986057809155E+003  0.408700744706864E-001 
      4.54000000 -0.864986058071926E+003  0.408698116996072E-001 
      4.56000000 -0.864986058333229E+003  0.408695503972034E-001 
      4.58000000 -0.864986058599452E+003  0.408692841742731E-001 
      4.60000000 -0.864986058870681E+003  0.408690129450662E-001 
      4.62000000 -0.864986059143677E+003  0.408687399485572E-001 
      4.64000000 -0.864986059414814E+003  0.408684688114809E-001 
      4.66000000 -0.864986059685016E+003  0.408681986100181E-001 
      4.68000000 -0.864986059954028E+003  0.408679295981321E-001 
      4.70000000 -0.864986060222418E+003  0.408676612080549E-001 
      4.72000000 -0.864986060492442E+003  0.408673911842793E-001 
      4.74000000 -0.864986060761233E+003  0.408671223924239E-001 
      4.76000000 -0.864986061026600E+003  0.408668570261242E-001 
      4.78000000 -0.864986061289407E+003  0.408665942191789E-001 
      4.80000000 -0.864986061552823E+003  0.408663308025090E-001 
      4.82000000 -0.864986061816830E+003  0.408660667957394E-001 
      4.84000000 -0.864986062078781E+003  0.408658048446513E-001 
      4.86000000 -0.864986062340140E+003  0.408655434857897E-001 
      4.88000000 -0.864986062601992E+003  0.408652816336960E-001 
      4.90000000 -0.864986062861299E+003  0.408650223269389E-001 
      4.92000000 -0.864986063116571E+003  0.408647670543987E-001 
      4.94000000 -0.864986063372270E+003  0.408645113558150E-001 
      4.96000000 -0.864986063627181E+003  0.408642564453199E-001 
      4.98000000 -0.864986063879931E+003  0.408640036947211E-001 
      5.00000000 -0.864986064133773E+003  0.408637498533466E-001 
      5.02000000 -0.864986064386950E+003  0.408634966762210E-001 
      5.04000000 -0.864986064639111E+003  0.408632445144651E-001 
      5.06000000 -0.864986064892764E+003  0.408629908620888E-001 
      5.08000000 -0.864986065145387E+003  0.408627382385199E-001 
      5.10000000 -0.864986065396520E+003  0.408624871058616E-001 
      5.12000000 -0.864986065649797E+003  0.408622338283880E-001 
      5.14000000 -0.864986065902922E+003  0.408619807038532E-001 
      5.16000000 -0.864986066155742E+003  0.408617278839389E-001 
      5.18000000 -0.864986066410779E+003  0.408614728470906E-001 
      5.20000000 -0.864986066666461E+003  0.408612171645548E-001 
      5.22000000 -0.864986066921755E+003  0.408609618712296E-001 
      5.24000000 -0.864986067176682E+003  0.408607069437198E-001 
      5.26000000 -0.864986067431253E+003  0.408604523725514E-001 
      5.28000000 -0.864986067683716E+003  0.408601999101385E-001 
      5.30000000 -0.864986067932657E+003  0.408599509693756E-001 
      5.32000000 -0.864986068179946E+003  0.408597036799058E-001 
      5.34000000 -0.864986068427800E+003  0.408594558256649E-001 
      5.36000000 -0.864986068675823E+003  0.408592078028241E-001 
      5.38000000 -0.864986068922434E+003  0.408589611914275E-001 
      5.40000000 -0.864986069166873E+003  0.408587167528815E-001 
      5.42000000 -0.864986069409396E+003  0.408584742296460E-001 
      5.44000000 -0.864986069649229E+003  0.408582343970485E-001 
      5.46000000 -0.864986069885700E+003  0.408579979254283E-001 
      5.48000000 -0.864986070123759E+003  0.408577598672869E-001 
      5.50000000 -0.864986070363199E+003  0.408575204267035E-001 
      5.52000000 -0.864986070600351E+003  0.408572832750766E-001 
      5.54000000 -0.864986070837864E+003  0.408570457615012E-001 
      5.56000000 -0.864986071074828E+003  0.408568087981957E-001 
      5.58000000 -0.864986071311493E+003  0.408565721328403E-001 
      5.60000000 -0.864986071550396E+003  0.408563332298625E-001 
      5.62000000 -0.864986071789142E+003  0.408560944838837E-001 
      5.64000000 -0.864986072023232E+003  0.408558603939306E-001 
      5.66000000 -0.864986072255066E+003  0.408556285601614E-001 
      5.68000000 -0.864986072492718E+003  0.408553909077618E-001 
      5.70000000 -0.864986072728459E+003  0.408551551668056E-001 
      5.72000000 -0.864986072958457E+003  0.408549251683005E-001 
      5.74000000 -0.864986073187264E+003  0.408546963619824E-001 
      5.76000000 -0.864986073417472E+003  0.408544661542742E-001 
      5.78000000 -0.864986073647324E+003  0.408542363020373E-001 
      5.80000000 -0.864986073873640E+003  0.408540099858548E-001 
      5.82000000 -0.864986074094203E+003  0.408537894223708E-001 
      5.84000000 -0.864986074314229E+003  0.408535693970723E-001 
      5.86000000 -0.864986074539719E+003  0.408533439064880E-001 
      5.88000000 -0.864986074771319E+003  0.408531123072505E-001 
      5.90000000 -0.864986075006780E+003  0.408528768456830E-001 
      5.92000000 -0.864986075242213E+003  0.408526414131177E-001 
      5.94000000 -0.864986075474874E+003  0.408524087520102E-001 
      5.96000000 -0.864986075706077E+003  0.408521775485571E-001 
      5.98000000 -0.864986075938407E+003  0.408519452185589E-001 
      6.00000000 -0.864986076170459E+003  0.408517131665959E-001 
      6.02000000 -0.864986076399430E+003  0.408514841961249E-001 
      6.04000000 -0.864986076623495E+003  0.408512601305191E-001 
      6.06000000 -0.864986076845537E+003  0.408510380892723E-001 
      6.08000000 -0.864986077066509E+003  0.408508171172429E-001 
      6.10000000 -0.864986077287050E+003  0.408505965762840E-001 
      6.12000000 -0.864986077508820E+003  0.408503748062085E-001 
      6.14000000 -0.864986077728640E+003  0.408501549856662E-001 
      6.16000000 -0.864986077944408E+003  0.408499392175155E-001 
      6.18000000 -0.864986078160537E+003  0.408497230888664E-001 
      6.20000000 -0.864986078379645E+003  0.408495039807167E-001 
      6.22000000 -0.864986078604585E+003  0.408492790409823E-001 
      6.24000000 -0.864986078832890E+003  0.408490507358236E-001 
      6.26000000 -0.864986079062752E+003  0.408488208742092E-001 
      6.28000000 -0.864986079291675E+003  0.408485919509153E-001 
      6.30000000 -0.864986079520017E+003  0.408483636093103E-001 
      6.32000000 -0.864986079748911E+003  0.408481347146319E-001 
      6.34000000 -0.864986079976515E+003  0.408479071110383E-001 
      6.36000000 -0.864986080201232E+003  0.408476823940413E-001 
      6.38000000 -0.864986080423332E+003  0.408474602934366E-001 
      6.40000000 -0.864986080642648E+003  0.408472409778239E-001 
      6.42000000 -0.864986080859020E+003  0.408470246057491E-001 
      6.44000000 -0.864986081073379E+003  0.408468102466257E-001 
      6.46000000 -0.864986081285963E+003  0.408465976630218E-001 
      6.48000000 -0.864986081493129E+003  0.408463904967534E-001 
      6.50000000 -0.864986081695251E+003  0.408461883743678E-001 
      6.52000000 -0.864986081901060E+003  0.408459825656961E-001 
      6.54000000 -0.864986082112328E+003  0.408457712976355E-001 
      6.56000000 -0.864986082324808E+003  0.408455588176664E-001 
      6.58000000 -0.864986082541441E+003  0.408453421851511E-001 
      6.60000000 -0.864986082762280E+003  0.408451213457587E-001 
      6.62000000 -0.864986082984424E+003  0.408448992021339E-001 
      6.64000000 -0.864986083205656E+003  0.408446779703408E-001 
      6.66000000 -0.864986083424207E+003  0.408444594192281E-001 
      6.68000000 -0.864986083639453E+003  0.408442441728284E-001 
      6.70000000 -0.864986083850016E+003  0.408440336094265E-001 
      6.72000000 -0.864986084058165E+003  0.408438254610443E-001 
      6.74000000 -0.864986084266915E+003  0.408436167105748E-001 
      6.76000000 -0.864986084478559E+003  0.408434050667413E-001 
      6.78000000 -0.864986084690180E+003  0.408431934457230E-001 
      6.80000000 -0.864986084897960E+003  0.408429856657664E-001 
      6.82000000 -0.864986085104764E+003  0.408427788616398E-001 
      6.84000000 -0.864986085312856E+003  0.408425707698120E-001 
      6.86000000 -0.864986085522434E+003  0.408423611918108E-001 
      6.88000000 -0.864986085736215E+003  0.408421474106062E-001 
      6.90000000 -0.864986085953092E+003  0.408419305333117E-001 
      6.92000000 -0.864986086168927E+003  0.408417146988424E-001 
      6.94000000 -0.864986086383312E+003  0.408415003141004E-001 
      6.96000000 -0.864986086597506E+003  0.408412861195166E-001 
      6.98000000 -0.864986086812718E+003  0.408410709075329E-001 
      7.00000000 -0.864986087028805E+003  0.408408548209372E-001 
      7.02000000 -0.864986087245085E+003  0.408406385406063E-001 
      7.04000000 -0.864986087461160E+003  0.408404224661915E-001 
      7.06000000 -0.864986087676932E+003  0.408402066937871E-001 
      7.08000000 -0.864986087892517E+003  0.408399911088341E-001 
      7.10000000 -0.864986088107412E+003  0.408397762141354E-001 
      7.12000000 -0.864986088321270E+003  0.408395623555913E-001 
      7.14000000 -0.864986088534277E+003  0.408393493484575E-001 
      7.16000000 -0.864986088744223E+003  0.408391394023207E-001 
      7.18000000 -0.864986088950184E+003  0.408389334418703E-001 
      7.20000000 -0.864986089154363E+003  0.408387292632233E-001 
      7.22000000 -0.864986089358347E+003  0.408385252787948E-001 
      7.24000000 -0.864986089561247E+003  0.408383223790515E-001 
      7.26000000 -0.864986089762294E+003  0.408381213321670E-001 
      7.28000000 -0.864986089963940E+003  0.408379196855155E-001 
      7.30000000 -0.864986090168521E+003  0.408377151044135E-001 
      7.32000000 -0.864986090375072E+003  0.408375085542501E-001 
      7.34000000 -0.864986090582288E+003  0.408373013381944E-001 
      7.36000000 -0.864986090788599E+003  0.408370950265265E-001 
      7.38000000 -0.864986090994576E+003  0.408368890497382E-001 
      7.40000000 -0.864986091200829E+003  0.408366827965581E-001 
      7.42000000 -0.864986091408633E+003  0.408364749927230E-001 
      7.44000000 -0.864986091616783E+003  0.408362668430840E-001 
      7.46000000 -0.864986091824237E+003  0.408360593888230E-001 
      7.48000000 -0.864986092030801E+003  0.408358528251252E-001 
      7.50000000 -0.864986092236814E+003  0.408356468117940E-001 
      7.52000000 -0.864986092442262E+003  0.408354413633305E-001 
      7.54000000 -0.864986092648511E+003  0.408352351144042E-001 
      7.56000000 -0.864986092855199E+003  0.408350284268667E-001 
      7.58000000 -0.864986093061654E+003  0.408348219722175E-001 
      7.60000000 -0.864986093267168E+003  0.408346164577255E-001 
      7.62000000 -0.864986093470862E+003  0.408344127640932E-001 
      7.64000000 -0.864986093672888E+003  0.408342107380918E-001 
      7.66000000 -0.864986093873890E+003  0.408340097360643E-001 
      7.68000000 -0.864986094073706E+003  0.408338099197465E-001 
      7.70000000 -0.864986094273873E+003  0.408336097528878E-001 
      7.72000000 -0.864986094473490E+003  0.408334101358157E-001 
      7.74000000 -0.864986094671695E+003  0.408332119304778E-001 
      7.76000000 -0.864986094869259E+003  0.408330143666703E-001 
      7.78000000 -0.864986095069684E+003  0.408328139417880E-001 
      7.80000000 -0.864986095271619E+003  0.408326120068538E-001 
      7.82000000 -0.864986095473407E+003  0.408324102192512E-001 
      7.84000000 -0.864986095675133E+003  0.408322084927467E-001 
      7.86000000 -0.864986095876893E+003  0.408320067329863E-001 
      7.88000000 -0.864986096077958E+003  0.408318056675404E-001 
      7.90000000 -0.864986096278646E+003  0.408316049801875E-001 
      7.92000000 -0.864986096478454E+003  0.408314051717004E-001 
      7.94000000 -0.864986096677396E+003  0.408312062300913E-001 
      7.96000000 -0.864986096876207E+003  0.408310074187991E-001 
      7.98000000 -0.864986097075407E+003  0.408308082185864E-001 
      8.00000000 -0.864986097273777E+003  0.408306098492889E-001 
      8.02000000 -0.864986097471762E+003  0.408304118636916E-001 
      8.04000000 -0.864986097669567E+003  0.408302140591652E-001 
      8.06000000 -0.864986097865807E+003  0.408300178185383E-001 
      8.08000000 -0.864986098062221E+003  0.408298214051544E-001 
      8.10000000 -0.864986098258892E+003  0.408296247335536E-001 
      8.12000000 -0.864986098456470E+003  0.408294271560184E-001 
      8.14000000 -0.864986098653823E+003  0.408292298027674E-001 
      8.16000000 -0.864986098849811E+003  0.408290338148470E-001 
      8.18000000 -0.864986099043604E+003  0.408288400219156E-001 
      8.20000000 -0.864986099237914E+003  0.408286457121637E-001 
      8.22000000 -0.864986099432515E+003  0.408284511107455E-001 
      8.24000000 -0.864986099628035E+003  0.408282555911152E-001 
      8.26000000 -0.864986099821840E+003  0.408280617862929E-001 
      8.28000000 -0.864986100012825E+003  0.408278708012655E-001 
      8.30000000 -0.864986100202670E+003  0.408276809554475E-001 
      8.32000000 -0.864986100391307E+003  0.408274923184444E-001 
      8.34000000 -0.864986100579426E+003  0.408273042000021E-001 
      8.36000000 -0.864986100769295E+003  0.408271143308856E-001 
      8.38000000 -0.864986100957403E+003  0.408269262229808E-001 
      8.40000000 -0.864986101144748E+003  0.408267388783193E-001 
      8.42000000 -0.864986101335139E+003  0.408265484865817E-001 
      8.44000000 -0.864986101527936E+003  0.408263556898786E-001 
      8.46000000 -0.864986101720906E+003  0.408261627200319E-001 
      8.48000000 -0.864986101912476E+003  0.408259711497385E-001 
      8.50000000 -0.864986102104315E+003  0.408257793106906E-001 
      8.52000000 -0.864986102295825E+003  0.408255878007219E-001 
      8.54000000 -0.864986102486955E+003  0.408253966704897E-001 
      8.56000000 -0.864986102677845E+003  0.408252057811698E-001 
      8.58000000 -0.864986102868817E+003  0.408250148090967E-001 
      8.60000000 -0.864986103059886E+003  0.408248237398659E-001 
      8.62000000 -0.864986103250776E+003  0.408246328502559E-001 
      8.64000000 -0.864986103441187E+003  0.408244424387002E-001 
      8.66000000 -0.864986103630618E+003  0.408242530078081E-001 
      8.68000000 -0.864986103818459E+003  0.408240651665309E-001 
      8.70000000 -0.864986104004269E+003  0.408238793571533E-001 
      8.72000000 -0.864986104189872E+003  0.408236937539819E-001 
      8.74000000 -0.864986104375840E+003  0.408235077853818E-001 
      8.76000000 -0.864986104560826E+003  0.408233228003455E-001 
      8.78000000 -0.864986104745213E+003  0.408231384131430E-001 
      8.80000000 -0.864986104930314E+003  0.408229533120977E-001 
      8.82000000 -0.864986105113823E+003  0.408227698032774E-001 
      8.84000000 -0.864986105297553E+003  0.408225860733631E-001 
      8.86000000 -0.864986105481312E+003  0.408224023142532E-001 
      8.88000000 -0.864986105665067E+003  0.408222185588169E-001 
      8.90000000 -0.864986105849957E+003  0.408220336691982E-001 
      8.92000000 -0.864986106035205E+003  0.408218484204346E-001 
      8.94000000 -0.864986106220177E+003  0.408216634485461E-001 
      8.96000000 -0.864986106405395E+003  0.408214782305250E-001 
      8.98000000 -0.864986106591236E+003  0.408212923896315E-001 
      9.00000000 -0.864986106776715E+003  0.408211069110732E-001 
      9.02000000 -0.864986106960310E+003  0.408209233160195E-001 
      9.04000000 -0.864986107142404E+003  0.408207412219304E-001 
      9.06000000 -0.864986107324004E+003  0.408205596218467E-001 
      9.08000000 -0.864986107506431E+003  0.408203771951982E-001 
      9.10000000 -0.864986107689712E+003  0.408201939135624E-001 
      9.12000000 -0.864986107872999E+003  0.408200106263196E-001 
      9.14000000 -0.864986108054966E+003  0.408198286600338E-001 
      9.16000000 -0.864986108237822E+003  0.408196458040548E-001 
      9.18000000 -0.864986108422144E+003  0.408194614815273E-001 
      9.20000000 -0.864986108606465E+003  0.408192771608367E-001 
      9.22000000 -0.864986108789953E+003  0.408190936727047E-001 
      9.24000000 -0.864986108972353E+003  0.408189112731249E-001 
      9.26000000 -0.864986109153469E+003  0.408187301571859E-001 
      9.28000000 -0.864986109333293E+003  0.408185503326217E-001 
      9.30000000 -0.864986109512122E+003  0.408183715041891E-001 
      9.32000000 -0.864986109692274E+003  0.408181913516091E-001 
      9.34000000 -0.864986109873812E+003  0.408180098137837E-001 
      9.36000000 -0.864986110055450E+003  0.408178281759004E-001 
      9.38000000 -0.864986110237562E+003  0.408176460634431E-001 
      9.40000000 -0.864986110419902E+003  0.408174637241881E-001 
      9.42000000 -0.864986110601790E+003  0.408172818356284E-001 
      9.44000000 -0.864986110783557E+003  0.408171000690717E-001 
      9.46000000 -0.864986110965436E+003  0.408169181899861E-001 
      9.48000000 -0.864986111147334E+003  0.408167362923390E-001 
      9.50000000 -0.864986111328112E+003  0.408165555135999E-001 
      9.52000000 -0.864986111508292E+003  0.408163753336611E-001 
      9.54000000 -0.864986111687405E+003  0.408161962204261E-001 
      9.56000000 -0.864986111863954E+003  0.408160196720559E-001 
      9.58000000 -0.864986112039687E+003  0.408158439389397E-001 
      9.60000000 -0.864986112215836E+003  0.408156677902209E-001 
      9.62000000 -0.864986112392887E+003  0.408154907390478E-001 
      9.64000000 -0.864986112571462E+003  0.408153121640951E-001 
      9.66000000 -0.864986112750834E+003  0.408151327918698E-001 
      9.68000000 -0.864986112929815E+003  0.408149538109818E-001 
      9.70000000 -0.864986113107957E+003  0.408147756691298E-001 
      9.72000000 -0.864986113285478E+003  0.408145981479265E-001 
      9.74000000 -0.864986113462679E+003  0.408144209472950E-001 
      9.76000000 -0.864986113639627E+003  0.408142439993701E-001 
      9.78000000 -0.864986113816705E+003  0.408140669210316E-001 
      9.80000000 -0.864986113994037E+003  0.408138895890198E-001 
      9.82000000 -0.864986114171228E+003  0.408137123976691E-001 
      9.84000000 -0.864986114348803E+003  0.408135348229083E-001 
      9.86000000 -0.864986114526302E+003  0.408133573243268E-001 
      9.88000000 -0.864986114703423E+003  0.408131802023882E-001 
      9.90000000 -0.864986114880267E+003  0.408130033583881E-001 
      9.92000000 -0.864986115055832E+003  0.408128277939685E-001 
      9.94000000 -0.864986115230439E+003  0.408126531865274E-001 
      9.96000000 -0.864986115405672E+003  0.408124779539905E-001 
      9.98000000 -0.864986115579833E+003  0.408123037929911E-001 
     10.00000000 -0.864986115753831E+003  0.408121297947912E-001 
     10.02000000 -0.864986115928592E+003  0.408119550341214E-001 
     10.04000000 -0.864986116103402E+003  0.408117802241478E-001 
     10.06000000 -0.864986116277214E+003  0.408116064120458E-001 
     10.08000000 -0.864986116450952E+003  0.408114326738030E-001 
     10.10000000 -0.864986116625169E+003  0.408112584567325E-001 
     10.12000000 -0.864986116799065E+003  0.408110845612007E-001 
     10.14000000 -0.864986116973048E+003  0.408109105778886E-001 
     10.16000000 -0.864986117146059E+003  0.408107375671196E-001 
     10.18000000 -0.864986117317529E+003  0.408105660963715E-001 
     10.20000000 -0.864986117488009E+003  0.408103956167280E-001 
     10.22000000 -0.864986117658369E+003  0.408102252566705E-001 
     10.24000000 -0.864986117829208E+003  0.408100544179787E-001 
     10.26000000 -0.864986118001388E+003  0.408098822379316E-001 
     10.28000000 -0.864986118174113E+003  0.408097095123517E-001 
     10.30000000 -0.864986118347149E+003  0.408095364764473E-001 
     10.32000000 -0.864986118519742E+003  0.408093638835045E-001 
     10.34000000 -0.864986118691699E+003  0.408091919268716E-001 
     10.36000000 -0.864986118862434E+003  0.408090211918146E-001 
     10.38000000 -0.864986119033026E+003  0.408088506000289E-001 
     10.40000000 -0.864986119204035E+003  0.408086795908038E-001 
     10.42000000 -0.864986119374666E+003  0.408085089593816E-001 
     10.44000000 -0.864986119544691E+003  0.408083389350738E-001 
     10.46000000 -0.864986119714808E+003  0.408081688180554E-001 
     10.48000000 -0.864986119884290E+003  0.408079993356069E-001 
     10.50000000 -0.864986120053588E+003  0.408078300373228E-001 
     10.52000000 -0.864986120222729E+003  0.408076608971978E-001 
     10.54000000 -0.864986120392152E+003  0.408074914738172E-001 
     10.56000000 -0.864986120561730E+003  0.408073218955644E-001 
     10.58000000 -0.864986120731515E+003  0.408071521109121E-001 
     10.60000000 -0.864986120900241E+003  0.408069833844563E-001 
     10.62000000 -0.864986121068257E+003  0.408068153692330E-001 
     10.64000000 -0.864986121235579E+003  0.408066480469708E-001 
     10.66000000 -0.864986121402889E+003  0.408064807365028E-001 
     10.68000000 -0.864986121571068E+003  0.408063125576100E-001 
     10.70000000 -0.864986121739317E+003  0.408061443089183E-001 
     10.72000000 -0.864986121907799E+003  0.408059758267583E-001 
     10.74000000 -0.864986122075516E+003  0.408058081098718E-001 
     10.76000000 -0.864986122242319E+003  0.408056413067503E-001 
     10.78000000 -0.864986122408572E+003  0.408054750538987E-001 
     10.80000000 -0.864986122574547E+003  0.408053090785990E-001 
     10.82000000 -0.864986122740802E+003  0.408051428242973E-001 
     10.84000000 -0.864986122907209E+003  0.408049764171536E-001 
     10.86000000 -0.864986123073701E+003  0.408048099249366E-001 
     10.88000000 -0.864986123239926E+003  0.408046436999272E-001 
     10.90000000 -0.864986123405536E+003  0.408044780897662E-001 
     10.92000000 -0.864986123570479E+003  0.408043131464641E-001 
     10.94000000 -0.864986123735189E+003  0.408041484367271E-001 
     10.96000000 -0.864986123899911E+003  0.408039837145191E-001 
     10.98000000 -0.864986124065130E+003  0.408038184961788E-001 
     11.00000000 -0.864986124230803E+003  0.408036528231794E-001 
     11.02000000 -0.864986124396330E+003  0.408034872953848E-001 
     11.04000000 -0.864986124560916E+003  0.408033227098742E-001 
     11.06000000 -0.864986124725557E+003  0.408031580685826E-001 
     11.08000000 -0.864986124889905E+003  0.408029937206973E-001 
     11.10000000 -0.864986125054352E+003  0.408028292739143E-001 
     11.12000000 -0.864986125218678E+003  0.408026649480707E-001 
     11.14000000 -0.864986125381888E+003  0.408025017378482E-001 
     11.16000000 -0.864986125544402E+003  0.408023392239703E-001 
     11.18000000 -0.864986125707646E+003  0.408021759801050E-001 
     11.20000000 -0.864986125871168E+003  0.408020124580113E-001 
     11.22000000 -0.864986126034281E+003  0.408018493451397E-001 
     11.24000000 -0.864986126196177E+003  0.408016874488170E-001 
     11.26000000 -0.864986126357751E+003  0.408015258746129E-001 
     11.28000000 -0.864986126518942E+003  0.408013646838190E-001 
     11.30000000 -0.864986126679848E+003  0.408012037774407E-001 
     11.32000000 -0.864986126840557E+003  0.408010430690513E-001 
     11.34000000 -0.864986126999500E+003  0.408008841259338E-001 
     11.36000000 -0.864986127157957E+003  0.408007256688946E-001 
     11.38000000 -0.864986127318243E+003  0.408005653831651E-001 
     11.40000000 -0.864986127479367E+003  0.408004042585930E-001 
     11.42000000 -0.864986127640553E+003  0.408002430733094E-001 
     11.44000000 -0.864986127801460E+003  0.408000821659644E-001 
     11.46000000 -0.864986127962000E+003  0.407999216255948E-001 
     11.48000000 -0.864986128123357E+003  0.407997602687145E-001 
     11.50000000 -0.864986128285039E+003  0.407995985868153E-001 
     11.52000000 -0.864986128446022E+003  0.407994376034843E-001 
     11.54000000 -0.864986128605908E+003  0.407992777178895E-001 
     11.56000000 -0.864986128765464E+003  0.407991181617606E-001 
     11.58000000 -0.864986128925040E+003  0.407989585856201E-001 
     11.60000000 -0.864986129084102E+003  0.407987995234000E-001 
     11.62000000 -0.864986129243096E+003  0.407986405298186E-001 
     11.64000000 -0.864986129402996E+003  0.407984806302061E-001 
     11.66000000 -0.864986129562723E+003  0.407983209024804E-001 
     11.68000000 -0.864986129722230E+003  0.407981613957520E-001 
     11.70000000 -0.864986129881840E+003  0.407980017862589E-001 
     11.72000000 -0.864986130041459E+003  0.407978421672918E-001 
     11.74000000 -0.864986130200555E+003  0.407976830709456E-001 
     11.76000000 -0.864986130359097E+003  0.407975245285430E-001 
     11.78000000 -0.864986130517181E+003  0.407973664447631E-001 
     11.80000000 -0.864986130674966E+003  0.407972086601900E-001 
     11.82000000 -0.864986130832499E+003  0.407970511264866E-001 
     11.84000000 -0.864986130989508E+003  0.407968941176278E-001 
     11.86000000 -0.864986131146385E+003  0.407967372410193E-001 
     11.88000000 -0.864986131303233E+003  0.407965803925431E-001 
     11.90000000 -0.864986131459215E+003  0.407964244107516E-001 
     11.92000000 -0.864986131613308E+003  0.407962703180718E-001 
     11.94000000 -0.864986131765775E+003  0.407961178508731E-001 
     11.96000000 -0.864986131918630E+003  0.407959649958172E-001 
     11.98000000 -0.864986132073120E+003  0.407958105059995E-001 
     12.00000000 -0.864986132229579E+003  0.407956540473139E-001 
     12.02000000 -0.864986132386092E+003  0.407954975334273E-001 
     12.04000000 -0.864986132542035E+003  0.407953415904988E-001 
     12.06000000 -0.864986132698163E+003  0.407951854625359E-001 
     12.08000000 -0.864986132854173E+003  0.407950294528055E-001 
     12.10000000 -0.864986133009122E+003  0.407948745041718E-001 
     12.12000000 -0.864986133163480E+003  0.407947201461212E-001 
     12.14000000 -0.864986133317660E+003  0.407945659655645E-001 
     12.16000000 -0.864986133471310E+003  0.407944123160396E-001 
     12.18000000 -0.864986133624784E+003  0.407942588416883E-001 
     12.20000000 -0.864986133779642E+003  0.407941039839285E-001 
     12.22000000 -0.864986133934534E+003  0.407939490923326E-001 
     12.24000000 -0.864986134088254E+003  0.407937953715587E-001 
     12.26000000 -0.864986134241446E+003  0.407936421797864E-001 
     12.28000000 -0.864986134393857E+003  0.407934897691420E-001 
     12.30000000 -0.864986134545931E+003  0.407933376947308E-001 
     12.32000000 -0.864986134696642E+003  0.407931869838133E-001 
     12.34000000 -0.864986134847328E+003  0.407930362979344E-001 
     12.36000000 -0.864986135000393E+003  0.407928832329020E-001 
     12.38000000 -0.864986135154779E+003  0.407927288466225E-001 
     12.40000000 -0.864986135308582E+003  0.407925750439655E-001 
     12.42000000 -0.864986135462021E+003  0.407924216046104E-001 
     12.44000000 -0.864986135615207E+003  0.407922684190252E-001 
     12.46000000 -0.864986135768687E+003  0.407921149386801E-001 
     12.48000000 -0.864986135922236E+003  0.407919613900831E-001 
     12.50000000 -0.864986136074318E+003  0.407918093078412E-001 
     12.52000000 -0.864986136224210E+003  0.407916594161414E-001 
     12.54000000 -0.864986136375003E+003  0.407915086227608E-001 
     12.56000000 -0.864986136527584E+003  0.407913560416797E-001 
     12.58000000 -0.864986136680130E+003  0.407912034957881E-001 
     12.60000000 -0.864986136831545E+003  0.407910520805019E-001 
     12.62000000 -0.864986136979794E+003  0.407909038314912E-001 
     12.64000000 -0.864986137124607E+003  0.407907590183802E-001 
     12.66000000 -0.864986137265194E+003  0.407906184320613E-001 
     12.68000000 -0.864986137404995E+003  0.407904786308340E-001 
     12.70000000 -0.864986137550696E+003  0.407903329301567E-001 
     12.72000000 -0.864986137701414E+003  0.407901822116986E-001 
     12.74000000 -0.864986137853050E+003  0.407900305757052E-001 
     12.76000000 -0.864986138004392E+003  0.407898792334081E-001 
     12.78000000 -0.864986138154737E+003  0.407897288892727E-001 
     12.80000000 -0.864986138304014E+003  0.407895796120345E-001 
     12.82000000 -0.864986138452596E+003  0.407894310296909E-001 
     12.84000000 -0.864986138601474E+003  0.407892821517173E-001 
     12.86000000 -0.864986138750851E+003  0.407891327746146E-001 
     12.88000000 -0.864986138900553E+003  0.407889830728797E-001 
     12.90000000 -0.864986139050398E+003  0.407888332274869E-001 
     12.92000000 -0.864986139200179E+003  0.407886834468658E-001 
     12.94000000 -0.864986139348720E+003  0.407885349058987E-001 
     12.96000000 -0.864986139496217E+003  0.407883874090137E-001 
     12.98000000 -0.864986139643029E+003  0.407882405973558E-001 
     13.00000000 -0.864986139790478E+003  0.407880931476477E-001 
     13.02000000 -0.864986139938510E+003  0.407879451162507E-001 
     13.04000000 -0.864986140087056E+003  0.407877965696765E-001 
     13.06000000 -0.864986140235721E+003  0.407876479044831E-001 
     13.08000000 -0.864986140384898E+003  0.407874987275927E-001 
     13.10000000 -0.864986140533792E+003  0.407873498340546E-001 
     13.12000000 -0.864986140682421E+003  0.407872012044373E-001 
     13.14000000 -0.864986140830235E+003  0.407870533908474E-001 
     13.16000000 -0.864986140977750E+003  0.407869058755942E-001 
     13.18000000 -0.864986141125780E+003  0.407867578463240E-001 
     13.20000000 -0.864986141274032E+003  0.407866095943163E-001 
     13.22000000 -0.864986141422288E+003  0.407864613379583E-001 
     13.24000000 -0.864986141569798E+003  0.407863138274421E-001 
     13.26000000 -0.864986141716579E+003  0.407861670469134E-001 
     13.28000000 -0.864986141863257E+003  0.407860203693427E-001 
     13.30000000 -0.864986142008712E+003  0.407858749134446E-001 
     13.32000000 -0.864986142152559E+003  0.407857310667862E-001 
     13.34000000 -0.864986142296934E+003  0.407855866920931E-001 
     13.36000000 -0.864986142442655E+003  0.407854409707275E-001 
     13.38000000 -0.864986142589010E+003  0.407852946155654E-001 
     13.40000000 -0.864986142735448E+003  0.407851481782303E-001 
     13.42000000 -0.864986142882020E+003  0.407850016061312E-001 
     13.44000000 -0.864986143028279E+003  0.407848553472567E-001 
     13.46000000 -0.864986143173904E+003  0.407847097221787E-001 
     13.48000000 -0.864986143319682E+003  0.407845639436786E-001 
     13.50000000 -0.864986143465194E+003  0.407844184320962E-001 
     13.52000000 -0.864986143610714E+003  0.407842729115230E-001 
     13.54000000 -0.864986143756063E+003  0.407841275625467E-001 
     13.56000000 -0.864986143901156E+003  0.407839824695638E-001 
     13.58000000 -0.864986144046344E+003  0.407838372817434E-001 
     13.60000000 -0.864986144191900E+003  0.407836917261742E-001 
     13.62000000 -0.864986144337176E+003  0.407835464495102E-001 
     13.64000000 -0.864986144482161E+003  0.407834014646091E-001 
     13.66000000 -0.864986144626991E+003  0.407832566345802E-001 
     13.68000000 -0.864986144771941E+003  0.407831116849652E-001 
     13.70000000 -0.864986144916525E+003  0.407829671009723E-001 
     13.72000000 -0.864986145060859E+003  0.407828227668823E-001 
     13.74000000 -0.864986145204782E+003  0.407826788438513E-001 
     13.76000000 -0.864986145347818E+003  0.407825358077099E-001 
     13.78000000 -0.864986145490007E+003  0.407823936192085E-001 
     13.80000000 -0.864986145632426E+003  0.407822511997522E-001 
     13.82000000 -0.864986145775218E+003  0.407821084074234E-001 
     13.84000000 -0.864986145916881E+003  0.407819667443465E-001 
     13.86000000 -0.864986146058008E+003  0.407818256177152E-001 
     13.88000000 -0.864986146197675E+003  0.407816859506718E-001 
     13.90000000 -0.864986146335615E+003  0.407815480111974E-001 
     13.92000000 -0.864986146474045E+003  0.407814095808111E-001 
     13.94000000 -0.864986146613653E+003  0.407812699727390E-001 
     13.96000000 -0.864986146754614E+003  0.407811290114207E-001 
     13.98000000 -0.864986146897184E+003  0.407809864422160E-001 
     14.00000000 -0.864986147040109E+003  0.407808435171534E-001 
     14.02000000 -0.864986147182998E+003  0.407807006276669E-001 
     14.04000000 -0.864986147325614E+003  0.407805580119619E-001 
     14.06000000 -0.864986147468028E+003  0.407804155979194E-001 
     14.08000000 -0.864986147610153E+003  0.407802734729329E-001 
     14.10000000 -0.864986147751803E+003  0.407801318231971E-001 
     14.12000000 -0.864986147892784E+003  0.407799908415772E-001 
     14.14000000 -0.864986148033906E+003  0.407798497193928E-001 
     14.16000000 -0.864986148174430E+003  0.407797091959121E-001 
     14.18000000 -0.864986148314438E+003  0.407795691877053E-001 
     14.20000000 -0.864986148455335E+003  0.407794282909653E-001 
     14.22000000 -0.864986148596445E+003  0.407792871811552E-001 
     14.24000000 -0.864986148736109E+003  0.407791475164320E-001 
     14.26000000 -0.864986148873588E+003  0.407790100376105E-001 
     14.28000000 -0.864986149010024E+003  0.407788736017109E-001 
     14.30000000 -0.864986149147934E+003  0.407787356920122E-001 
     14.32000000 -0.864986149286470E+003  0.407785971561543E-001 
     14.34000000 -0.864986149425995E+003  0.407784576303520E-001 
     14.36000000 -0.864986149566225E+003  0.407783174013412E-001 
     14.38000000 -0.864986149706746E+003  0.407781768800840E-001 
     14.40000000 -0.864986149846963E+003  0.407780366627707E-001 
     14.42000000 -0.864986149987122E+003  0.407778965033653E-001 
     14.44000000 -0.864986150127129E+003  0.407777564966086E-001 
     14.46000000 -0.864986150266909E+003  0.407776167168430E-001 
     14.48000000 -0.864986150405715E+003  0.407774779109739E-001 
     14.50000000 -0.864986150543526E+003  0.407773400996896E-001 
     14.52000000 -0.864986150681160E+003  0.407772024654159E-001 
     14.54000000 -0.864986150820107E+003  0.407770635187891E-001 
     14.56000000 -0.864986150959708E+003  0.407769239173875E-001 
     14.58000000 -0.864986151098904E+003  0.407767847215344E-001 
     14.60000000 -0.864986151238043E+003  0.407766455824292E-001 
     14.62000000 -0.864986151376934E+003  0.407765066917768E-001 
     14.64000000 -0.864986151515055E+003  0.407763685703614E-001 
     14.66000000 -0.864986151652942E+003  0.407762306834779E-001 
     14.68000000 -0.864986151790078E+003  0.407760935477533E-001 
     14.70000000 -0.864986151926946E+003  0.407759566802031E-001 
     14.72000000 -0.864986152064784E+003  0.407758188419467E-001 
     14.74000000 -0.864986152202705E+003  0.407756809211305E-001 
     14.76000000 -0.864986152339819E+003  0.407755438072543E-001 
     14.78000000 -0.864986152476993E+003  0.407754066332467E-001 
     14.80000000 -0.864986152613348E+003  0.407752702776834E-001 
     14.82000000 -0.864986152749474E+003  0.407751341519148E-001 
     14.84000000 -0.864986152886519E+003  0.407749971071607E-001 
     14.86000000 -0.864986153023654E+003  0.407748599720162E-001 
     14.88000000 -0.864986153161003E+003  0.407747226226415E-001 
     14.90000000 -0.864986153298356E+003  0.407745852697865E-001 
     14.92000000 -0.864986153435619E+003  0.407744480072253E-001 
     14.94000000 -0.864986153572668E+003  0.407743109575409E-001 
     14.96000000 -0.864986153709863E+003  0.407741737624583E-001 
     14.98000000 -0.864986153846876E+003  0.407740367500901E-001 
     15.00000000 -0.864986153983483E+003  0.407739001430770E-001 
     15.02000000 -0.864986154119872E+003  0.407737637533877E-001 
     15.04000000 -0.864986154256442E+003  0.407736271837876E-001 
     15.06000000 -0.864986154393226E+003  0.407734903997640E-001 
     15.08000000 -0.864986154529806E+003  0.407733538197231E-001 
     15.10000000 -0.864986154665855E+003  0.407732177705205E-001 
     15.12000000 -0.864986154802062E+003  0.407730815636422E-001 
     15.14000000 -0.864986154938161E+003  0.407729454653291E-001 
     15.16000000 -0.864986155073785E+003  0.407728098405266E-001 
     15.18000000 -0.864986155209474E+003  0.407726741523057E-001 
     15.20000000 -0.864986155344827E+003  0.407725387986744E-001 
     15.22000000 -0.864986155479361E+003  0.407724042644542E-001 
     15.24000000 -0.864986155614533E+003  0.407722690927639E-001 
     15.26000000 -0.864986155749756E+003  0.407721338697395E-001 
     15.28000000 -0.864986155884713E+003  0.407719989128594E-001 
     15.30000000 -0.864986156019736E+003  0.407718638903375E-001 
     15.32000000 -0.864986156154936E+003  0.407717286893549E-001 
     15.34000000 -0.864986156289791E+003  0.407715938352395E-001 
     15.36000000 -0.864986156424769E+003  0.407714588572844E-001 
     15.38000000 -0.864986156559687E+003  0.407713239392674E-001 
     15.40000000 -0.864986156693521E+003  0.407711901051621E-001 
     15.42000000 -0.864986156826822E+003  0.407710568034420E-001 
     15.44000000 -0.864986156960663E+003  0.407709229625696E-001 
     15.46000000 -0.864986157095041E+003  0.407707885848650E-001 
     15.48000000 -0.864986157228845E+003  0.407706547808254E-001 
     15.50000000 -0.864986157361440E+003  0.407705221859875E-001 
     15.52000000 -0.864986157494111E+003  0.407703895150669E-001 
     15.54000000 -0.864986157627110E+003  0.407702565160339E-001 
     15.56000000 -0.864986157759891E+003  0.407701237347114E-001 
     15.58000000 -0.864986157892551E+003  0.407699910750050E-001 
     15.60000000 -0.864986158025978E+003  0.407698576477051E-001 
     15.62000000 -0.864986158159273E+003  0.407697243526555E-001 
     15.64000000 -0.864986158291254E+003  0.407695923714091E-001 
     15.66000000 -0.864986158422462E+003  0.407694611633635E-001 
     15.68000000 -0.864986158553246E+003  0.407693303802979E-001 
     15.70000000 -0.864986158685617E+003  0.407691980092609E-001 
     15.72000000 -0.864986158818405E+003  0.407690652211711E-001 
     15.74000000 -0.864986158949990E+003  0.407689336359025E-001 
     15.76000000 -0.864986159080631E+003  0.407688029944647E-001 
     15.78000000 -0.864986159212332E+003  0.407686712936703E-001 
     15.80000000 -0.864986159344837E+003  0.407685387886428E-001 
     15.82000000 -0.864986159477275E+003  0.407684063510939E-001 
     15.84000000 -0.864986159609617E+003  0.407682740092525E-001 
     15.86000000 -0.864986159741851E+003  0.407681417747196E-001 
     15.88000000 -0.864986159873796E+003  0.407680098298227E-001 
     15.90000000 -0.864986160005386E+003  0.407678782400104E-001 
     15.92000000 -0.864986160137047E+003  0.407677465788525E-001 
     15.94000000 -0.864986160269006E+003  0.407676146194545E-001 
     15.96000000 -0.864986160400487E+003  0.407674831384007E-001 
     15.98000000 -0.864986160530523E+003  0.407673531033039E-001 
     16.00000000 -0.864986160660411E+003  0.407672232147652E-001 
     16.02000000 -0.864986160791361E+003  0.407670922643564E-001 
     16.04000000 -0.864986160922619E+003  0.407669610072003E-001 
     16.06000000 -0.864986161053250E+003  0.407668303754299E-001 
     16.08000000 -0.864986161183732E+003  0.407666998939879E-001 
     16.10000000 -0.864986161314511E+003  0.407665691143059E-001 
     16.12000000 -0.864986161444827E+003  0.407664387992404E-001 
     16.14000000 -0.864986161574640E+003  0.407663089854309E-001 
     16.16000000 -0.864986161704202E+003  0.407661794243280E-001 
     16.18000000 -0.864986161833910E+003  0.407660497154101E-001 
     16.20000000 -0.864986161963364E+003  0.407659202617122E-001 
     16.22000000 -0.864986162092727E+003  0.407657908990815E-001 
     16.24000000 -0.864986162221795E+003  0.407656618306306E-001 
     16.26000000 -0.864986162350632E+003  0.407655329937145E-001 
     16.28000000 -0.864986162478720E+003  0.407654049058306E-001 
     16.30000000 -0.864986162606792E+003  0.407652768335112E-001 
     16.32000000 -0.864986162735730E+003  0.407651478954739E-001 
     16.34000000 -0.864986162864588E+003  0.407650190375795E-001 
     16.36000000 -0.864986162993891E+003  0.407648897347901E-001 
     16.38000000 -0.864986163123547E+003  0.407647600792364E-001 
     16.40000000 -0.864986163252866E+003  0.407646307595291E-001 
     16.42000000 -0.864986163381728E+003  0.407645018973810E-001 
     16.44000000 -0.864986163510251E+003  0.407643733745596E-001 
     16.46000000 -0.864986163638161E+003  0.407642454644596E-001 
     16.48000000 -0.864986163764619E+003  0.407641190067938E-001 
     16.50000000 -0.864986163890455E+003  0.407639931705500E-001 
     16.52000000 -0.864986164016855E+003  0.407638667707921E-001 
     16.54000000 -0.864986164144413E+003  0.407637392129731E-001 
     16.56000000 -0.864986164272736E+003  0.407636108896874E-001 
     16.58000000 -0.864986164400932E+003  0.407634826939150E-001 
     16.60000000 -0.864986164528519E+003  0.407633551067070E-001 
     16.62000000 -0.864986164656137E+003  0.407632274889501E-001 
     16.64000000 -0.864986164783663E+003  0.407630999628403E-001 
     16.66000000 -0.864986164911345E+003  0.407629722808916E-001 
     16.68000000 -0.864986165038749E+003  0.407628448765913E-001 
     16.70000000 -0.864986165165698E+003  0.407627179274335E-001 
     16.72000000 -0.864986165292243E+003  0.407625913828575E-001 
     16.74000000 -0.864986165419248E+003  0.407624643783053E-001 
     16.76000000 -0.864986165546200E+003  0.407623374253772E-001 
     16.78000000 -0.864986165673107E+003  0.407622105188528E-001 
     16.80000000 -0.864986165800084E+003  0.407620835416594E-001 
     16.82000000 -0.864986165927162E+003  0.407619564637315E-001 
     16.84000000 -0.864986166054372E+003  0.407618292541332E-001 
     16.86000000 -0.864986166180425E+003  0.407617032008558E-001 
     16.88000000 -0.864986166305061E+003  0.407615785646297E-001 
     16.90000000 -0.864986166429687E+003  0.407614539387477E-001 
     16.92000000 -0.864986166555192E+003  0.407613284340000E-001 
     16.94000000 -0.864986166681245E+003  0.407612023811092E-001 
     16.96000000 -0.864986166807258E+003  0.407610763677582E-001 
     16.98000000 -0.864986166933525E+003  0.407609501012174E-001 
     17.00000000 -0.864986167059858E+003  0.407608237675846E-001 
     17.02000000 -0.864986167186061E+003  0.407606975645587E-001 
     17.04000000 -0.864986167312438E+003  0.407605711878092E-001 
     17.06000000 -0.864986167438635E+003  0.407604449904871E-001 
     17.08000000 -0.864986167564536E+003  0.407603190900517E-001 
     17.10000000 -0.864986167690410E+003  0.407601932161050E-001 
     17.12000000 -0.864986167816038E+003  0.407600675878076E-001 
     17.14000000 -0.864986167941329E+003  0.407599422968067E-001 
     17.16000000 -0.864986168066697E+003  0.407598169284664E-001 
     17.18000000 -0.864986168192454E+003  0.407596911713989E-001 
     17.20000000 -0.864986168318072E+003  0.407595655534456E-001 
     17.22000000 -0.864986168442786E+003  0.407594408401701E-001 
     17.24000000 -0.864986168567308E+003  0.407593163175362E-001 
     17.26000000 -0.864986168691817E+003  0.407591918088234E-001 
     17.28000000 -0.864986168816303E+003  0.407590673225390E-001 
     17.30000000 -0.864986168941236E+003  0.407589423898129E-001 
     17.32000000 -0.864986169066311E+003  0.407588173146857E-001 
     17.34000000 -0.864986169190708E+003  0.407586929180183E-001 
     17.36000000 -0.864986169314233E+003  0.407585693926761E-001 
     17.38000000 -0.864986169438001E+003  0.407584456244882E-001 
     17.40000000 -0.864986169561977E+003  0.407583216486439E-001 
     17.42000000 -0.864986169686041E+003  0.407581975846327E-001 
     17.44000000 -0.864986169810635E+003  0.407580729908465E-001 
     17.46000000 -0.864986169935225E+003  0.407579484013141E-001 
     17.48000000 -0.864986170059505E+003  0.407578241208492E-001 
     17.50000000 -0.864986170183503E+003  0.407577001228665E-001 
     17.52000000 -0.864986170307234E+003  0.407575763916081E-001 
     17.54000000 -0.864986170430735E+003  0.407574528904345E-001 
     17.56000000 -0.864986170554638E+003  0.407573289874826E-001 
     17.58000000 -0.864986170678327E+003  0.407572052989542E-001 
     17.60000000 -0.864986170801824E+003  0.407570818018409E-001 
     17.62000000 -0.864986170925314E+003  0.407569583120748E-001 
     17.64000000 -0.864986171048588E+003  0.407568350378923E-001 
     17.66000000 -0.864986171171585E+003  0.407567120404882E-001 
     17.68000000 -0.864986171294490E+003  0.407565891355047E-001 
     17.70000000 -0.864986171417501E+003  0.407564661246629E-001 
     17.72000000 -0.864986171540713E+003  0.407563429133187E-001 
     17.74000000 -0.864986171663384E+003  0.407562202420935E-001 
     17.76000000 -0.864986171785390E+003  0.407560982356006E-001 
     17.78000000 -0.864986171907203E+003  0.407559764233263E-001 
     17.80000000 -0.864986172029372E+003  0.407558542539372E-001 
     17.82000000 -0.864986172151932E+003  0.407557316935975E-001 
     17.84000000 -0.864986172274479E+003  0.407556091464054E-001 
     17.86000000 -0.864986172396885E+003  0.407554867411312E-001 
     17.88000000 -0.864986172518971E+003  0.407553646544953E-001 
     17.90000000 -0.864986172641233E+003  0.407552423925890E-001 
     17.92000000 -0.864986172763605E+003  0.407551200208607E-001 
     17.94000000 -0.864986172885932E+003  0.407549976940859E-001 
     17.96000000 -0.864986173007545E+003  0.407548760803805E-001 
     17.98000000 -0.864986173128214E+003  0.407547554116660E-001 
     18.00000000 -0.864986173248810E+003  0.407546348156505E-001 
     18.02000000 -0.864986173368991E+003  0.407545146344643E-001 
     18.04000000 -0.864986173488561E+003  0.407543950643561E-001 
     18.06000000 -0.864986173607771E+003  0.407542758544562E-001 
     18.08000000 -0.864986173727664E+003  0.407541559615526E-001 
     18.10000000 -0.864986173846596E+003  0.407540370301712E-001 
     18.12000000 -0.864986173965322E+003  0.407539183041259E-001 
     18.14000000 -0.864986174085105E+003  0.407537985209476E-001 
     18.16000000 -0.864986174205641E+003  0.407536779850635E-001 
     18.18000000 -0.864986174326220E+003  0.407535574055794E-001 
     18.20000000 -0.864986174445958E+003  0.407534376675480E-001 
     18.22000000 -0.864986174564841E+003  0.407533187846970E-001 
     18.24000000 -0.864986174683852E+003  0.407531997740428E-001 
     18.26000000 -0.864986174803453E+003  0.407530801729021E-001 
     18.28000000 -0.864986174923883E+003  0.407529597426830E-001 
     18.30000000 -0.864986175044563E+003  0.407528390628509E-001 
     18.32000000 -0.864986175164816E+003  0.407527188103191E-001 
     18.34000000 -0.864986175285029E+003  0.407525985969403E-001 
     18.36000000 -0.864986175405237E+003  0.407524783885887E-001 
     18.38000000 -0.864986175525036E+003  0.407523585900392E-001 
     18.40000000 -0.864986175644805E+003  0.407522388204919E-001 
     18.42000000 -0.864986175764213E+003  0.407521194131832E-001 
     18.44000000 -0.864986175883415E+003  0.407520002110172E-001 
     18.46000000 -0.864986176002534E+003  0.407518810920877E-001 
     18.48000000 -0.864986176121379E+003  0.407517622463597E-001 
     18.50000000 -0.864986176240484E+003  0.407516431415447E-001 
     18.52000000 -0.864986176358899E+003  0.407515247265972E-001 
     18.54000000 -0.864986176475540E+003  0.407514080861057E-001 
     18.56000000 -0.864986176590619E+003  0.407512930063235E-001 
     18.58000000 -0.864986176705082E+003  0.407511785434198E-001 
     18.60000000 -0.864986176818849E+003  0.407510647766674E-001 
     18.62000000 -0.864986176934927E+003  0.407509486989168E-001 
     18.64000000 -0.864986177052917E+003  0.407508307088527E-001 
     18.66000000 -0.864986177171452E+003  0.407507121742225E-001 
     18.68000000 -0.864986177290147E+003  0.407505934787262E-001 
     18.70000000 -0.864986177408366E+003  0.407504752596408E-001 
     18.72000000 -0.864986177526414E+003  0.407503572115721E-001 
     18.74000000 -0.864986177643801E+003  0.407502398248521E-001 
     18.76000000 -0.864986177758443E+003  0.407501251829076E-001 
     18.78000000 -0.864986177870025E+003  0.407500136010901E-001 
     18.80000000 -0.864986177981225E+003  0.407499024004593E-001 
     18.82000000 -0.864986178093673E+003  0.407497899526338E-001 
     18.84000000 -0.864986178207044E+003  0.407496765823425E-001 
     18.86000000 -0.864986178322604E+003  0.407495610221859E-001 
     18.88000000 -0.864986178439520E+003  0.407494441056895E-001 
     18.90000000 -0.864986178556128E+003  0.407493274977772E-001 
     18.92000000 -0.864986178672877E+003  0.407492107491073E-001 
     18.94000000 -0.864986178789869E+003  0.407490937568182E-001 
     18.96000000 -0.864986178906922E+003  0.407489767034310E-001 
     18.98000000 -0.864986179024361E+003  0.407488592648935E-001 
     19.00000000 -0.864986179142315E+003  0.407487413110822E-001 
     19.02000000 -0.864986179259484E+003  0.407486241416859E-001 
     19.04000000 -0.864986179375979E+003  0.407485076469792E-001 
     19.06000000 -0.864986179491125E+003  0.407483925012652E-001 
     19.08000000 -0.864986179606951E+003  0.407482766752544E-001 
     19.10000000 -0.864986179723720E+003  0.407481599062828E-001 
     19.12000000 -0.864986179840452E+003  0.407480431740475E-001 
     19.14000000 -0.864986179956871E+003  0.407479267544567E-001 
     19.16000000 -0.864986180073335E+003  0.407478102907825E-001 
     19.18000000 -0.864986180189829E+003  0.407476937965592E-001 
     19.20000000 -0.864986180306620E+003  0.407475770063193E-001 
     19.22000000 -0.864986180422541E+003  0.407474610845043E-001 
     19.24000000 -0.864986180537370E+003  0.407473462554951E-001 
     19.26000000 -0.864986180651953E+003  0.407472316725219E-001 
     19.28000000 -0.864986180766996E+003  0.407471166301527E-001 
     19.30000000 -0.864986180883114E+003  0.407470005121856E-001 
     19.32000000 -0.864986180999695E+003  0.407468839311488E-001 
     19.34000000 -0.864986181115951E+003  0.407467676747442E-001 
     19.36000000 -0.864986181232080E+003  0.407466515460463E-001 
     19.38000000 -0.864986181348384E+003  0.407465352421746E-001 
     19.40000000 -0.864986181464279E+003  0.407464193471384E-001 
     19.42000000 -0.864986181580200E+003  0.407463034261934E-001 
     19.44000000 -0.864986181695774E+003  0.407461878521157E-001 
     19.46000000 -0.864986181810702E+003  0.407460729237254E-001 
     19.48000000 -0.864986181924985E+003  0.407459586411191E-001 
     19.50000000 -0.864986182038788E+003  0.407458448382106E-001 
     19.52000000 -0.864986182152987E+003  0.407457306387442E-001 
     19.54000000 -0.864986182267620E+003  0.407456160058871E-001 
     19.56000000 -0.864986182382775E+003  0.407455008504089E-001 
     19.58000000 -0.864986182498328E+003  0.407453852980829E-001 
     19.60000000 -0.864986182613673E+003  0.407452699526399E-001 
     19.62000000 -0.864986182727804E+003  0.407451558219089E-001 
     19.64000000 -0.864986182840355E+003  0.407450432704486E-001 
     19.66000000 -0.864986182951593E+003  0.407449320330815E-001 
     19.68000000 -0.864986183063274E+003  0.407448203514962E-001 
     19.70000000 -0.864986183176653E+003  0.407447069726010E-001 
     19.72000000 -0.864986183291466E+003  0.407445921595430E-001 
     19.74000000 -0.864986183406337E+003  0.407444772892540E-001 
     19.76000000 -0.864986183521099E+003  0.407443625268533E-001 
     19.78000000 -0.864986183635886E+003  0.407442477395108E-001 
     19.80000000 -0.864986183750706E+003  0.407441329194923E-001 
     19.82000000 -0.864986183865223E+003  0.407440184028377E-001 
     19.84000000 -0.864986183979482E+003  0.407439041441100E-001 
     19.86000000 -0.864986184093494E+003  0.407437901321916E-001 
     19.88000000 -0.864986184207567E+003  0.407436760584018E-001 
     19.90000000 -0.864986184321814E+003  0.407435618122417E-001 
     19.92000000 -0.864986184435931E+003  0.407434476948518E-001 
     19.94000000 -0.864986184549299E+003  0.407433343269774E-001 
     19.96000000 -0.864986184662252E+003  0.407432213737388E-001 
     19.98000000 -0.864986184775403E+003  0.407431082229948E-001 
     20.00000000 -0.864986184888686E+003  0.407429949402904E-001 
     20.02000000 -0.864986185001651E+003  0.407428819749676E-001 
     20.04000000 -0.864986185114017E+003  0.407427696086386E-001 
     20.06000000 -0.864986185226517E+003  0.407426571084157E-001 
     20.08000000 -0.864986185339365E+003  0.407425442609388E-001 
     20.10000000 -0.864986185452775E+003  0.407424308512044E-001 
     20.12000000 -0.864986185566324E+003  0.407423173020658E-001 
     20.14000000 -0.864986185679381E+003  0.407422042450958E-001 
     20.16000000 -0.864986185792222E+003  0.407420914040961E-001 
     20.18000000 -0.864986185904914E+003  0.407419787116847E-001 
     20.20000000 -0.864986186017672E+003  0.407418659537282E-001 
     20.22000000 -0.864986186130102E+003  0.407417535236908E-001 
     20.24000000 -0.864986186242355E+003  0.407416412703739E-001 
     20.26000000 -0.864986186354994E+003  0.407415286321002E-001 
     20.28000000 -0.864986186467656E+003  0.407414159694645E-001 
     20.30000000 -0.864986186580042E+003  0.407413035833172E-001 
     20.32000000 -0.864986186692507E+003  0.407411911192504E-001 
     20.34000000 -0.864986186805106E+003  0.407410785197431E-001 
     20.36000000 -0.864986186917756E+003  0.407409658693850E-001 
     20.38000000 -0.864986187030252E+003  0.407408533734157E-001 
     20.40000000 -0.864986187142572E+003  0.407407410533936E-001 
     20.42000000 -0.864986187254504E+003  0.407406291216154E-001 
     20.44000000 -0.864986187365917E+003  0.407405177091712E-001 
     20.46000000 -0.864986187476961E+003  0.407404066644759E-001 
     20.48000000 -0.864986187588563E+003  0.407402950627436E-001 
     20.50000000 -0.864986187700132E+003  0.407401834942672E-001 
     20.52000000 -0.864986187811832E+003  0.407400717937337E-001 
     20.54000000 -0.864986187923671E+003  0.407399599549561E-001 
     20.56000000 -0.864986188034859E+003  0.407398487668929E-001 
     20.58000000 -0.864986188145518E+003  0.407397381075412E-001 
     20.60000000 -0.864986188254662E+003  0.407396289641386E-001 
     20.62000000 -0.864986188362730E+003  0.407395208963338E-001 
     20.64000000 -0.864986188471873E+003  0.407394117523512E-001 
     20.66000000 -0.864986188581800E+003  0.407393018263704E-001 
     20.68000000 -0.864986188692264E+003  0.407391913621074E-001 
     20.70000000 -0.864986188802817E+003  0.407390808085174E-001 
     20.72000000 -0.864986188912060E+003  0.407389715660237E-001 
     20.74000000 -0.864986189021283E+003  0.407388623428648E-001 
     20.76000000 -0.864986189130290E+003  0.407387533356762E-001 
     20.78000000 -0.864986189239982E+003  0.407386436442273E-001 
     20.80000000 -0.864986189350291E+003  0.407385333347397E-001 
     20.82000000 -0.864986189460627E+003  0.407384229985701E-001 
     20.84000000 -0.864986189570760E+003  0.407383128661898E-001 
     20.86000000 -0.864986189680923E+003  0.407382027031638E-001 
     20.88000000 -0.864986189791535E+003  0.407380920912792E-001 
     20.90000000 -0.864986189902112E+003  0.407379815135206E-001 
     20.92000000 -0.864986190012332E+003  0.407378712940368E-001 
     20.94000000 -0.864986190122457E+003  0.407377611689071E-001 
     20.96000000 -0.864986190231890E+003  0.407376517353851E-001 
     20.98000000 -0.864986190341703E+003  0.407375419232866E-001 
     21.00000000 -0.864986190451693E+003  0.407374319327275E-001 
     21.02000000 -0.864986190561726E+003  0.407373219002117E-001 
     21.04000000 -0.864986190671592E+003  0.407372120336856E-001 
     21.06000000 -0.864986190781016E+003  0.407371026101210E-001 
     21.08000000 -0.864986190890674E+003  0.407369929522180E-001 
     21.10000000 -0.864986191000373E+003  0.407368832533251E-001 
     21.12000000 -0.864986191109581E+003  0.407367740443774E-001 
     21.14000000 -0.864986191219119E+003  0.407366645065438E-001 
     21.16000000 -0.864986191329095E+003  0.407365545310658E-001 
     21.18000000 -0.864986191438428E+003  0.407364451978917E-001 
     21.20000000 -0.864986191547378E+003  0.407363362482243E-001 
     21.22000000 -0.864986191656506E+003  0.407362271199029E-001 
     21.24000000 -0.864986191765649E+003  0.407361179764036E-001 
     21.26000000 -0.864986191874847E+003  0.407360087789601E-001 
     21.28000000 -0.864986191984044E+003  0.407358995818066E-001 
     21.30000000 -0.864986192093206E+003  0.407357904198425E-001 
     21.32000000 -0.864986192201795E+003  0.407356818306735E-001 
     21.34000000 -0.864986192309780E+003  0.407355738459119E-001 
     21.36000000 -0.864986192417351E+003  0.407354662751095E-001 
     21.38000000 -0.864986192525551E+003  0.407353580749576E-001 
     21.40000000 -0.864986192634290E+003  0.407352493359434E-001 
     21.42000000 -0.864986192743046E+003  0.407351405803013E-001 
     21.44000000 -0.864986192851546E+003  0.407350320800725E-001 
     21.46000000 -0.864986192959451E+003  0.407349241749705E-001 
     21.48000000 -0.864986193067286E+003  0.407348163398607E-001 
     21.50000000 -0.864986193174365E+003  0.407347092605502E-001 
     21.52000000 -0.864986193281017E+003  0.407346026084433E-001 
     21.54000000 -0.864986193387968E+003  0.407344956578063E-001 
     21.56000000 -0.864986193495679E+003  0.407343879470195E-001 
     21.58000000 -0.864986193602718E+003  0.407342809079255E-001 
     21.60000000 -0.864986193707966E+003  0.407341756594322E-001 
     21.62000000 -0.864986193811277E+003  0.407340723493544E-001 
     21.64000000 -0.864986193914651E+003  0.407339689743116E-001 
     21.66000000 -0.864986194018383E+003  0.407338652430241E-001 
     21.68000000 -0.864986194122971E+003  0.407337606544292E-001 
     21.70000000 -0.864986194228575E+003  0.407336550510447E-001 
     21.72000000 -0.864986194335195E+003  0.407335484310336E-001 
     21.74000000 -0.864986194442653E+003  0.407334409724700E-001 
     21.76000000 -0.864986194550147E+003  0.407333334787170E-001 
     21.78000000 -0.864986194657845E+003  0.407332257806912E-001 
     21.80000000 -0.864986194765433E+003  0.407331181927775E-001 
     21.82000000 -0.864986194872503E+003  0.407330111232311E-001 
     21.84000000 -0.864986194979334E+003  0.407329042919868E-001 
     21.86000000 -0.864986195086310E+003  0.407327973161177E-001 
     21.88000000 -0.864986195193468E+003  0.407326901581144E-001 
     21.90000000 -0.864986195299834E+003  0.407325837919699E-001 
     21.92000000 -0.864986195406629E+003  0.407324769971718E-001 
     21.94000000 -0.864986195513397E+003  0.407323702285724E-001 
     21.96000000 -0.864986195619165E+003  0.407322644611316E-001 
     21.98000000 -0.864986195724930E+003  0.407321586954310E-001 
     22.00000000 -0.864986195831371E+003  0.407320522550407E-001 
     22.02000000 -0.864986195938356E+003  0.407319452699876E-001 
     22.04000000 -0.864986196045052E+003  0.407318385738939E-001 
     22.06000000 -0.864986196151083E+003  0.407317325429191E-001 
     22.08000000 -0.864986196256645E+003  0.407316269810078E-001 
     22.10000000 -0.864986196361947E+003  0.407315216783769E-001 
     22.12000000 -0.864986196466901E+003  0.407314167245467E-001 
     22.14000000 -0.864986196572515E+003  0.407313111104313E-001 
     22.16000000 -0.864986196678713E+003  0.407312049125000E-001 
     22.18000000 -0.864986196785079E+003  0.407310985473223E-001 
     22.20000000 -0.864986196891348E+003  0.407309922773688E-001 
     22.22000000 -0.864986196997402E+003  0.407308862237722E-001 
     22.24000000 -0.864986197103138E+003  0.407307804875572E-001 
     22.26000000 -0.864986197208912E+003  0.407306747138326E-001 
     22.28000000 -0.864986197314436E+003  0.407305691900110E-001 
     22.30000000 -0.864986197419835E+003  0.407304637912858E-001 
     22.32000000 -0.864986197524915E+003  0.407303587108123E-001 
     22.34000000 -0.864986197629076E+003  0.407302545500978E-001 
     22.36000000 -0.864986197733454E+003  0.407301501722528E-001 
     22.38000000 -0.864986197837989E+003  0.407300456372155E-001 
     22.40000000 -0.864986197942667E+003  0.407299409590036E-001 
     22.42000000 -0.864986198047581E+003  0.407298360452932E-001 
     22.44000000 -0.864986198152905E+003  0.407297307212006E-001 
     22.46000000 -0.864986198258566E+003  0.407296250597148E-001 
     22.48000000 -0.864986198363890E+003  0.407295197360089E-001 
     22.50000000 -0.864986198468987E+003  0.407294146387141E-001 
     22.52000000 -0.864986198573850E+003  0.407293097757577E-001 
     22.54000000 -0.864986198678832E+003  0.407292047938920E-001 
     22.56000000 -0.864986198783925E+003  0.407290997004641E-001 
     22.58000000 -0.864986198889102E+003  0.407289945239931E-001 
     22.60000000 -0.864986198994213E+003  0.407288894126806E-001 
     22.62000000 -0.864986199099279E+003  0.407287843470949E-001 
     22.64000000 -0.864986199204144E+003  0.407286794815283E-001 
     22.66000000 -0.864986199308953E+003  0.407285746731929E-001 
     22.68000000 -0.864986199413793E+003  0.407284698333416E-001 
     22.70000000 -0.864986199518352E+003  0.407283652738457E-001 
     22.72000000 -0.864986199622570E+003  0.407282610560933E-001 
     22.74000000 -0.864986199726471E+003  0.407281571546591E-001 
     22.76000000 -0.864986199830757E+003  0.407280528684614E-001 
     22.78000000 -0.864986199935216E+003  0.407279484095067E-001 
     22.80000000 -0.864986200039456E+003  0.407278441701960E-001 
     22.82000000 -0.864986200142784E+003  0.407277408418468E-001 
     22.84000000 -0.864986200245623E+003  0.407276380026693E-001 
     22.86000000 -0.864986200348910E+003  0.407275347154067E-001 
     22.88000000 -0.864986200452302E+003  0.407274313236392E-001 
     22.90000000 -0.864986200555612E+003  0.407273280141415E-001 
     22.92000000 -0.864986200658505E+003  0.407272251212131E-001 
     22.94000000 -0.864986200760187E+003  0.407271234386466E-001 
     22.96000000 -0.864986200861413E+003  0.407270222123825E-001 
     22.98000000 -0.864986200963836E+003  0.407269197896777E-001 
     23.00000000 -0.864986201067277E+003  0.407268163489931E-001 
     23.02000000 -0.864986201170937E+003  0.407267126884711E-001 
     23.04000000 -0.864986201274195E+003  0.407266094305008E-001 
     23.06000000 -0.864986201376993E+003  0.407265066324099E-001 
     23.08000000 -0.864986201478676E+003  0.407264049502300E-001 
     23.10000000 -0.864986201579938E+003  0.407263036880998E-001 
     23.12000000 -0.864986201680408E+003  0.407262032179251E-001 
     23.14000000 -0.864986201780835E+003  0.407261027910604E-001 
     23.16000000 -0.864986201882440E+003  0.407260011855432E-001 
     23.18000000 -0.864986201984755E+003  0.407258988712103E-001 
     23.20000000 -0.864986202086770E+003  0.407257968558909E-001 
     23.22000000 -0.864986202189255E+003  0.407256943713147E-001 
     23.24000000 -0.864986202291775E+003  0.407255918507756E-001 
     23.26000000 -0.864986202393919E+003  0.407254897070728E-001 
     23.28000000 -0.864986202496409E+003  0.407253872172761E-001 
     23.30000000 -0.864986202599481E+003  0.407252841444370E-001 
     23.32000000 -0.864986202702293E+003  0.407251813330051E-001 
     23.34000000 -0.864986202804622E+003  0.407250790035910E-001 
     23.36000000 -0.864986202906837E+003  0.407249767892193E-001 
     23.38000000 -0.864986203009133E+003  0.407248744924811E-001 
     23.40000000 -0.864986203110769E+003  0.407247728571883E-001 
     23.42000000 -0.864986203212545E+003  0.407246710813310E-001 
     23.44000000 -0.864986203314478E+003  0.407245691478947E-001 
     23.46000000 -0.864986203416087E+003  0.407244675384139E-001 
     23.48000000 -0.864986203518046E+003  0.407243655797456E-001 
     23.50000000 -0.864986203620110E+003  0.407242635155090E-001 
     23.52000000 -0.864986203721973E+003  0.407241616529349E-001 
     23.54000000 -0.864986203823593E+003  0.407240600330133E-001 
     23.56000000 -0.864986203925589E+003  0.407239580368354E-001 
     23.58000000 -0.864986204027712E+003  0.407238559140142E-001 
     23.60000000 -0.864986204129817E+003  0.407237538088844E-001 
     23.62000000 -0.864986204231222E+003  0.407236524033863E-001 
     23.64000000 -0.864986204332384E+003  0.407235512421839E-001 
     23.66000000 -0.864986204433564E+003  0.407234500615501E-001 
     23.68000000 -0.864986204535566E+003  0.407233480602485E-001 
     23.70000000 -0.864986204636851E+003  0.407232467752064E-001 
     23.72000000 -0.864986204735478E+003  0.407231481479332E-001 
     23.74000000 -0.864986204831113E+003  0.407230525124382E-001 
     23.76000000 -0.864986204927178E+003  0.407229564478062E-001 
     23.78000000 -0.864986205025979E+003  0.407228576470993E-001 
     23.80000000 -0.864986205127074E+003  0.407227565514421E-001 
     23.82000000 -0.864986205227935E+003  0.407226556908968E-001 
     23.84000000 -0.864986205327831E+003  0.407225557946771E-001 
     23.86000000 -0.864986205428311E+003  0.407224553149317E-001 
     23.88000000 -0.864986205529589E+003  0.407223540368502E-001 
     23.90000000 -0.864986205630353E+003  0.407222532730758E-001 
     23.92000000 -0.864986205730706E+003  0.407221529202636E-001 
     23.94000000 -0.864986205831434E+003  0.407220521917753E-001 
     23.96000000 -0.864986205931793E+003  0.407219518324860E-001 
     23.98000000 -0.864986206031607E+003  0.407218520184395E-001 
     24.00000000 -0.864986206130588E+003  0.407217530375317E-001 
     24.02000000 -0.864986206228952E+003  0.407216546735991E-001 
     24.04000000 -0.864986206327680E+003  0.407215559459780E-001 
     24.06000000 -0.864986206427593E+003  0.407214560330337E-001 
     24.08000000 -0.864986206527812E+003  0.407213558136320E-001 
     24.10000000 -0.864986206628327E+003  0.407212552990839E-001 
     24.12000000 -0.864986206728585E+003  0.407211550412058E-001 
     24.14000000 -0.864986206828773E+003  0.407210548527399E-001 
     24.16000000 -0.864986206928729E+003  0.407209548973557E-001 
     24.18000000 -0.864986207028747E+003  0.407208548786498E-001 
     24.20000000 -0.864986207129050E+003  0.407207545755282E-001 
     24.22000000 -0.864986207229055E+003  0.407206545704533E-001 
     24.24000000 -0.864986207328690E+003  0.407205549359309E-001 
     24.26000000 -0.864986207428157E+003  0.407204554692350E-001 
     24.28000000 -0.864986207527805E+003  0.407203558205015E-001 
     24.30000000 -0.864986207627390E+003  0.407202562354764E-001 
     24.32000000 -0.864986207727114E+003  0.407201565114336E-001 
     24.34000000 -0.864986207826961E+003  0.407200566652912E-001 
     24.36000000 -0.864986207926202E+003  0.407199574237497E-001 
     24.38000000 -0.864986208025441E+003  0.407198581848184E-001 
     24.40000000 -0.864986208124618E+003  0.407197590083386E-001 
     24.42000000 -0.864986208223941E+003  0.407196596848173E-001 
     24.44000000 -0.864986208323009E+003  0.407195606164194E-001 
     24.46000000 -0.864986208421331E+003  0.407194622952168E-001 
     24.48000000 -0.864986208519505E+003  0.407193641207658E-001 
     24.50000000 -0.864986208618396E+003  0.407192652298618E-001 
     24.52000000 -0.864986208717566E+003  0.407191660596658E-001 
     24.54000000 -0.864986208816963E+003  0.407190666632522E-001 
     24.56000000 -0.864986208916008E+003  0.407189676181527E-001 
     24.58000000 -0.864986209014880E+003  0.407188687460035E-001 
     24.60000000 -0.864986209113962E+003  0.407187696638779E-001 
     24.62000000 -0.864986209212413E+003  0.407186712133251E-001 
     24.64000000 -0.864986209309803E+003  0.407185738227090E-001 
     24.66000000 -0.864986209407119E+003  0.407184765073054E-001 
     24.68000000 -0.864986209505258E+003  0.407183783676571E-001 
     24.70000000 -0.864986209603265E+003  0.407182803608392E-001 
     24.72000000 -0.864986209701138E+003  0.407181824874318E-001 
     24.74000000 -0.864986209799278E+003  0.407180843477835E-001 
     24.76000000 -0.864986209898243E+003  0.407179853827303E-001 
     24.78000000 -0.864986209997037E+003  0.407178865885973E-001 
     24.80000000 -0.864986210095684E+003  0.407177879414091E-001 
     24.82000000 -0.864986210193868E+003  0.407176897582573E-001 
     24.84000000 -0.864986210291409E+003  0.407175922171194E-001 
     24.86000000 -0.864986210389141E+003  0.407174944853397E-001 
     24.88000000 -0.864986210486632E+003  0.407173969939890E-001 
     24.90000000 -0.864986210584298E+003  0.407172993280446E-001 
     24.92000000 -0.864986210681990E+003  0.407172016354180E-001 
     24.94000000 -0.864986210779884E+003  0.407171037420957E-001 
     24.96000000 -0.864986210878095E+003  0.407170055309085E-001 
     24.98000000 -0.864986210976053E+003  0.407169075728144E-001 
     25.00000000 -0.864986211073850E+003  0.407168097754896E-001 
     25.02000000 -0.864986211171669E+003  0.407167119568965E-001 
     25.04000000 -0.864986211267983E+003  0.407166156428449E-001 
     25.06000000 -0.864986211363444E+003  0.407165201818470E-001 
     25.08000000 -0.864986211459872E+003  0.407164237542998E-001 
     25.10000000 -0.864986211556160E+003  0.407163274658669E-001 
     25.12000000 -0.864986211652294E+003  0.407162313319195E-001 
     25.14000000 -0.864986211748968E+003  0.407161346579496E-001 
     25.16000000 -0.864986211845978E+003  0.407160376481334E-001 
     25.18000000 -0.864986211943758E+003  0.407159398675333E-001 
     25.20000000 -0.864986212041529E+003  0.407158420966972E-001 
     25.22000000 -0.864986212138309E+003  0.407157453170624E-001 
     25.24000000 -0.864986212234533E+003  0.407156490925312E-001 
     25.26000000 -0.864986212330932E+003  0.407155526936963E-001 
     25.28000000 -0.864986212428333E+003  0.407154552931227E-001 
     25.30000000 -0.864986212525928E+003  0.407153576980405E-001 
     25.32000000 -0.864986212623430E+003  0.407152601958622E-001 
     25.34000000 -0.864986212720650E+003  0.407151629763595E-001 
     25.36000000 -0.864986212817949E+003  0.407150656770038E-001 
     25.38000000 -0.864986212915221E+003  0.407149684048137E-001 
     25.40000000 -0.864986213012134E+003  0.407148714920584E-001 
     25.42000000 -0.864986213108365E+003  0.407147752609533E-001 
     25.44000000 -0.864986213204195E+003  0.407146794311431E-001 
     25.46000000 -0.864986213300660E+003  0.407145829662796E-001 
     25.48000000 -0.864986213397470E+003  0.407144861561924E-001 
     25.50000000 -0.864986213494301E+003  0.407143893250302E-001 
     25.52000000 -0.864986213591053E+003  0.407142925729475E-001 
     25.54000000 -0.864986213687855E+003  0.407141957710776E-001 
     25.56000000 -0.864986213784607E+003  0.407140990187049E-001 
     25.58000000 -0.864986213881087E+003  0.407140025393404E-001 
     25.60000000 -0.864986213977352E+003  0.407139062734325E-001 
     25.62000000 -0.864986214073769E+003  0.407138098571963E-001 
     25.64000000 -0.864986214169976E+003  0.407137136495830E-001 
     25.66000000 -0.864986214266207E+003  0.407136174187680E-001 
     25.68000000 -0.864986214362209E+003  0.407135214165875E-001 
     25.70000000 -0.864986214458507E+003  0.407134251183905E-001 
     25.72000000 -0.864986214554817E+003  0.407133288084959E-001 
     25.74000000 -0.864986214650726E+003  0.407132328997028E-001 
     25.76000000 -0.864986214746791E+003  0.407131368349741E-001 
     25.78000000 -0.864986214842968E+003  0.407130406575233E-001 
     25.80000000 -0.864986214938975E+003  0.407129446505091E-001 
     25.82000000 -0.864986215035097E+003  0.407128485290327E-001 
     25.84000000 -0.864986215131242E+003  0.407127523841610E-001 
     25.86000000 -0.864986215227299E+003  0.407126563270696E-001 
     25.88000000 -0.864986215323097E+003  0.407125605289686E-001 
     25.90000000 -0.864986215418684E+003  0.407124649421974E-001 
     25.92000000 -0.864986215513552E+003  0.407123700736194E-001 
     25.94000000 -0.864986215608200E+003  0.407122754256520E-001 
     25.96000000 -0.864986215703528E+003  0.407121800974845E-001 
     25.98000000 -0.864986215799319E+003  0.407120843070207E-001 
     26.00000000 -0.864986215895001E+003  0.407119886248320E-001 
     26.02000000 -0.864986215990183E+003  0.407118934430294E-001 
     26.04000000 -0.864986216085415E+003  0.407117982113428E-001 
     26.06000000 -0.864986216180820E+003  0.407117028058359E-001 
     26.08000000 -0.864986216275791E+003  0.407116078346864E-001 
     26.10000000 -0.864986216370872E+003  0.407115127539084E-001 
     26.12000000 -0.864986216466104E+003  0.407114175223185E-001 
     26.14000000 -0.864986216560390E+003  0.407113232354294E-001 
     26.16000000 -0.864986216653738E+003  0.407112298877308E-001 
     26.18000000 -0.864986216747363E+003  0.407111362633505E-001 
     26.20000000 -0.864986216842149E+003  0.407110414769456E-001 
     26.22000000 -0.864986216937163E+003  0.407109464627761E-001 
     26.24000000 -0.864986217031662E+003  0.407108519641704E-001 
     26.26000000 -0.864986217124852E+003  0.407107587741475E-001 
     26.28000000 -0.864986217217414E+003  0.407106662114439E-001 
     26.30000000 -0.864986217308723E+003  0.407105749030888E-001 
     26.32000000 -0.864986217400753E+003  0.407104828725770E-001 
     26.34000000 -0.864986217494084E+003  0.407103895420864E-001 
     26.36000000 -0.864986217587956E+003  0.407102956694466E-001 
     26.38000000 -0.864986217682337E+003  0.407102012883001E-001 
     26.40000000 -0.864986217777092E+003  0.407101065336043E-001 
     26.42000000 -0.864986217871897E+003  0.407100117284446E-001 
     26.44000000 -0.864986217966455E+003  0.407099171705776E-001 
     26.46000000 -0.864986218060923E+003  0.407098227026177E-001 
     26.48000000 -0.864986218154898E+003  0.407097287282765E-001 
     26.50000000 -0.864986218248848E+003  0.407096347780073E-001 
     26.52000000 -0.864986218343331E+003  0.407095402950628E-001 
     26.54000000 -0.864986218437745E+003  0.407094458811438E-001 
     26.56000000 -0.864986218531757E+003  0.407093518688097E-001 
     26.58000000 -0.864986218625571E+003  0.407092580547544E-001 
     26.60000000 -0.864986218719745E+003  0.407091638811676E-001 
     26.62000000 -0.864986218813545E+003  0.407090700807435E-001 
     26.64000000 -0.864986218906521E+003  0.407089771046607E-001 
     26.66000000 -0.864986218999630E+003  0.407088839962309E-001 
     26.68000000 -0.864986219092602E+003  0.407087910233384E-001 
     26.70000000 -0.864986219185545E+003  0.407086980808983E-001 
     26.72000000 -0.864986219278856E+003  0.407086047697426E-001 
     26.74000000 -0.864986219371895E+003  0.407085117310149E-001 
     26.76000000 -0.864986219464136E+003  0.407084194900432E-001 
     26.78000000 -0.864986219556686E+003  0.407083269396172E-001 
     26.80000000 -0.864986219649734E+003  0.407082338913188E-001 
     26.82000000 -0.864986219742697E+003  0.407081409285771E-001 
     26.84000000 -0.864986219835187E+003  0.407080484392493E-001 
     26.86000000 -0.864986219926743E+003  0.407079568825380E-001 
     26.88000000 -0.864986220018031E+003  0.407078655953546E-001 
     26.90000000 -0.864986220110004E+003  0.407077736215906E-001 
     26.92000000 -0.864986220202189E+003  0.407076814367866E-001 
     26.94000000 -0.864986220295167E+003  0.407075884593504E-001 
     26.96000000 -0.864986220387764E+003  0.407074958620374E-001 
     26.98000000 -0.864986220479112E+003  0.407074045142392E-001 
     27.00000000 -0.864986220569685E+003  0.407073139409952E-001 
     27.02000000 -0.864986220660014E+003  0.407072236121437E-001 
     27.04000000 -0.864986220751694E+003  0.407071319313994E-001 
     27.06000000 -0.864986220844237E+003  0.407070393892874E-001 
     27.08000000 -0.864986220936507E+003  0.407069471192168E-001 
     27.10000000 -0.864986221028880E+003  0.407068547461881E-001 
     27.12000000 -0.864986221121493E+003  0.407067621333105E-001 
     27.14000000 -0.864986221214111E+003  0.407066695150192E-001 
     27.16000000 -0.864986221306675E+003  0.407065769507688E-001 
     27.18000000 -0.864986221399563E+003  0.407064840628530E-001 
     27.20000000 -0.864986221492339E+003  0.407063912872726E-001 
     27.22000000 -0.864986221584919E+003  0.407062987067810E-001 
     27.24000000 -0.864986221677538E+003  0.407062060881029E-001 
     27.26000000 -0.864986221769991E+003  0.407061136345446E-001 
     27.28000000 -0.864986221862200E+003  0.407060214262488E-001 
     27.30000000 -0.864986221953442E+003  0.407059301834388E-001 
     27.32000000 -0.864986222043825E+003  0.407058398008365E-001 
     27.34000000 -0.864986222134598E+003  0.407057490281535E-001 
     27.36000000 -0.864986222226399E+003  0.407056572272430E-001 
     27.38000000 -0.864986222318531E+003  0.407055650947399E-001 
     27.40000000 -0.864986222410399E+003  0.407054732270275E-001 
     27.42000000 -0.864986222501970E+003  0.407053816561051E-001 
     27.44000000 -0.864986222593185E+003  0.407052904411374E-001 
     27.46000000 -0.864986222684833E+003  0.407051987924889E-001 
     27.48000000 -0.864986222776922E+003  0.407051067038758E-001 
     27.50000000 -0.864986222869105E+003  0.407050145205220E-001 
     27.52000000 -0.864986222960835E+003  0.407049227911505E-001 
     27.54000000 -0.864986223052553E+003  0.407048310730899E-001 
     27.56000000 -0.864986223144202E+003  0.407047394242481E-001 
     27.58000000 -0.864986223235768E+003  0.407046478577727E-001 
     27.60000000 -0.864986223326943E+003  0.407045566830214E-001 
     27.62000000 -0.864986223418126E+003  0.407044655000529E-001 
     27.64000000 -0.864986223508801E+003  0.407043748245275E-001 
     27.66000000 -0.864986223598663E+003  0.407042849630960E-001 
     27.68000000 -0.864986223688979E+003  0.407041946464255E-001 
     27.70000000 -0.864986223780354E+003  0.407041032716552E-001 
     27.72000000 -0.864986223871826E+003  0.407040117994372E-001 
     27.74000000 -0.864986223962370E+003  0.407039212559689E-001 
     27.76000000 -0.864986224051942E+003  0.407038316838835E-001 
     27.78000000 -0.864986224142135E+003  0.407037414906660E-001 
     27.80000000 -0.864986224233359E+003  0.407036502665142E-001 
     27.82000000 -0.864986224324740E+003  0.407035588861368E-001 
     27.84000000 -0.864986224416141E+003  0.407034674852644E-001 
     27.86000000 -0.864986224507383E+003  0.407033762423578E-001 
     27.88000000 -0.864986224598230E+003  0.407032853961057E-001 
     27.90000000 -0.864986224688315E+003  0.407031953109700E-001 
     27.92000000 -0.864986224778114E+003  0.407031055117001E-001 
     27.94000000 -0.864986224868879E+003  0.407030147471377E-001 
     27.96000000 -0.864986224960025E+003  0.407029236012921E-001 
     27.98000000 -0.864986225051014E+003  0.407028326117687E-001 
     28.00000000 -0.864986225142016E+003  0.407027416100643E-001 
     28.02000000 -0.864986225233181E+003  0.407026504444971E-001 
     28.04000000 -0.864986225323899E+003  0.407025597273051E-001 
     28.06000000 -0.864986225413913E+003  0.407024697132250E-001 
     28.08000000 -0.864986225504063E+003  0.407023795626409E-001 
     28.10000000 -0.864986225594798E+003  0.407022888276608E-001 
     28.12000000 -0.864986225685257E+003  0.407021983692658E-001 
     28.14000000 -0.864986225775531E+003  0.407021080949386E-001 
     28.16000000 -0.864986225865730E+003  0.407020178957273E-001 
     28.18000000 -0.864986225956343E+003  0.407019272831369E-001 
     28.20000000 -0.864986226046988E+003  0.407018366378705E-001 
     28.22000000 -0.864986226137499E+003  0.407017461265947E-001 
     28.24000000 -0.864986226227896E+003  0.407016557299746E-001 
     28.26000000 -0.864986226318335E+003  0.407015652910111E-001 
     28.28000000 -0.864986226408581E+003  0.407014750452995E-001 
     28.30000000 -0.864986226498618E+003  0.407013850078242E-001 
     28.32000000 -0.864986226588469E+003  0.407012951571236E-001 
     28.34000000 -0.864986226678311E+003  0.407012053153170E-001 
     28.36000000 -0.864986226768273E+003  0.407011153524743E-001 
     28.38000000 -0.864986226858348E+003  0.407010252773927E-001 
     28.40000000 -0.864986226948701E+003  0.407009349253394E-001 
     28.42000000 -0.864986227038710E+003  0.407008449154163E-001 
     28.44000000 -0.864986227128165E+003  0.407007554609835E-001 
     28.46000000 -0.864986227217372E+003  0.407006662541335E-001 
     28.48000000 -0.864986227307285E+003  0.407005763404013E-001 
     28.50000000 -0.864986227397040E+003  0.407004865860849E-001 
     28.52000000 -0.864986227486194E+003  0.407003974321157E-001 
     28.54000000 -0.864986227575554E+003  0.407003080714569E-001 
     28.56000000 -0.864986227665036E+003  0.407002185901486E-001 
     28.58000000 -0.864986227753005E+003  0.407001306206325E-001 
     28.60000000 -0.864986227840051E+003  0.407000435747422E-001 
     28.62000000 -0.864986227927411E+003  0.406999562150472E-001 
     28.64000000 -0.864986228015623E+003  0.406998680027820E-001 
     28.66000000 -0.864986228104619E+003  0.406997790072619E-001 
     28.68000000 -0.864986228193457E+003  0.406996901685474E-001 
     28.70000000 -0.864986228280686E+003  0.406996029402328E-001 
     28.72000000 -0.864986228367336E+003  0.406995162897402E-001 
     28.74000000 -0.864986228454625E+003  0.406994290006175E-001 
     28.76000000 -0.864986228542941E+003  0.406993406852008E-001 
     28.78000000 -0.864986228632142E+003  0.406992514838612E-001 
     28.80000000 -0.864986228721461E+003  0.406991621653524E-001 
     28.82000000 -0.864986228810519E+003  0.406990731070907E-001 
     28.84000000 -0.864986228899454E+003  0.406989841721854E-001 
     28.86000000 -0.864986228988551E+003  0.406988950744806E-001 
     28.88000000 -0.864986229077802E+003  0.406988058233538E-001 
     28.90000000 -0.864986229166841E+003  0.406987167846203E-001 
     28.92000000 -0.864986229255590E+003  0.406986280362963E-001 
     28.94000000 -0.864986229344357E+003  0.406985392685407E-001 
     28.96000000 -0.864986229432628E+003  0.406984509975942E-001 
     28.98000000 -0.864986229520622E+003  0.406983630041028E-001 
     29.00000000 -0.864986229609102E+003  0.406982745239532E-001 
     29.02000000 -0.864986229697659E+003  0.406981859668508E-001 
     29.04000000 -0.864986229786329E+003  0.406980972970263E-001 
     29.06000000 -0.864986229874702E+003  0.406980089243785E-001 
     29.08000000 -0.864986229962187E+003  0.406979214386203E-001 
     29.10000000 -0.864986230049261E+003  0.406978343648878E-001 
     29.12000000 -0.864986230136784E+003  0.406977468419100E-001 
     29.14000000 -0.864986230224467E+003  0.406976591592264E-001 
     29.16000000 -0.864986230312463E+003  0.406975711627381E-001 
     29.18000000 -0.864986230400541E+003  0.406974830851401E-001 
     29.20000000 -0.864986230488560E+003  0.406973950655467E-001 
     29.22000000 -0.864986230577075E+003  0.406973065510777E-001 
     29.24000000 -0.864986230665058E+003  0.406972185681238E-001 
     29.26000000 -0.864986230751982E+003  0.406971316440431E-001 
     29.28000000 -0.864986230838677E+003  0.406970449488870E-001 
     29.30000000 -0.864986230925295E+003  0.406969583303936E-001 
     29.32000000 -0.864986231012250E+003  0.406968713763438E-001 
     29.34000000 -0.864986231099001E+003  0.406967846251167E-001 
     29.36000000 -0.864986231186104E+003  0.406966975221886E-001 
     29.38000000 -0.864986231273697E+003  0.406966099286386E-001 
     29.40000000 -0.864986231360153E+003  0.406965234725579E-001 
     29.42000000 -0.864986231444646E+003  0.406964389794481E-001 
     29.44000000 -0.864986231528864E+003  0.406963547620533E-001 
     29.46000000 -0.864986231613195E+003  0.406962704308729E-001 
     29.48000000 -0.864986231698846E+003  0.406961847795088E-001 
     29.50000000 -0.864986231785379E+003  0.406960982469589E-001 
     29.52000000 -0.864986231872540E+003  0.406960110857362E-001 
     29.54000000 -0.864986231959699E+003  0.406959239267370E-001 
     29.56000000 -0.864986232047265E+003  0.406958363606425E-001 
     29.58000000 -0.864986232134516E+003  0.406957491100928E-001 
     29.60000000 -0.864986232221321E+003  0.406956623053081E-001 
     29.62000000 -0.864986232308017E+003  0.406955756087019E-001 
     29.64000000 -0.864986232395145E+003  0.406954884804451E-001 
     29.66000000 -0.864986232482381E+003  0.406954012444932E-001 
     29.68000000 -0.864986232569628E+003  0.406953139978105E-001 
     29.70000000 -0.864986232656927E+003  0.406952266988270E-001 
     29.72000000 -0.864986232744130E+003  0.406951394955510E-001 
     29.74000000 -0.864986232830886E+003  0.406950527396835E-001 
     29.76000000 -0.864986232917445E+003  0.406949661813215E-001 
     29.78000000 -0.864986233004235E+003  0.406948793904579E-001 
     29.80000000 -0.864986233091391E+003  0.406947922351323E-001 
     29.82000000 -0.864986233178464E+003  0.406947051618832E-001 
     29.84000000 -0.864986233264887E+003  0.406946187388651E-001 
     29.86000000 -0.864986233351546E+003  0.406945320798652E-001 
     29.88000000 -0.864986233438198E+003  0.406944454276325E-001 
     29.90000000 -0.864986233524339E+003  0.406943592870000E-001 
     29.92000000 -0.864986233610970E+003  0.406942726556489E-001 
     29.94000000 -0.864986233697965E+003  0.406941856608026E-001 
     29.96000000 -0.864986233784585E+003  0.406940990408591E-001 
     29.98000000 -0.864986233870933E+003  0.406940126932470E-001 
     30.00000000 -0.864986233957456E+003  0.406939261694944E-001 
     30.02000000 -0.864986234044318E+003  0.406938393080586E-001 
     30.04000000 -0.864986234131256E+003  0.406937523696701E-001 
     30.06000000 -0.864986234218000E+003  0.406936656261768E-001 
     30.08000000 -0.864986234304839E+003  0.406935787863961E-001 
     30.10000000 -0.864986234391627E+003  0.406934919990127E-001 
     30.12000000 -0.864986234478127E+003  0.406934054985586E-001 
     30.14000000 -0.864986234564388E+003  0.406933192380500E-001 
     30.16000000 -0.864986234650849E+003  0.406932327770390E-001 
     30.18000000 -0.864986234737236E+003  0.406931463897904E-001 
     30.20000000 -0.864986234823220E+003  0.406930604056735E-001 
     30.22000000 -0.864986234909057E+003  0.406929745693715E-001 
     30.24000000 -0.864986234994316E+003  0.406928893098282E-001 
     30.26000000 -0.864986235077766E+003  0.406928058594470E-001 
     30.28000000 -0.864986235160073E+003  0.406927235532056E-001 
     30.30000000 -0.864986235243764E+003  0.406926398616221E-001 
     30.32000000 -0.864986235329175E+003  0.406925544508803E-001 
     30.34000000 -0.864986235414996E+003  0.406924686294661E-001 
     30.36000000 -0.864986235500184E+003  0.406923834421385E-001 
     30.38000000 -0.864986235584436E+003  0.406922991895543E-001 
     30.40000000 -0.864986235668320E+003  0.406922153057823E-001 
     30.42000000 -0.864986235752768E+003  0.406921308583028E-001 
     30.44000000 -0.864986235838238E+003  0.406920453874295E-001 
     30.46000000 -0.864986235924226E+003  0.406919594000257E-001 
     30.48000000 -0.864986236009818E+003  0.406918738078262E-001 
     30.50000000 -0.864986236095057E+003  0.406917885685845E-001 
     30.52000000 -0.864986236179532E+003  0.406917040936495E-001 
     30.54000000 -0.864986236263883E+003  0.406916197432309E-001 
     30.56000000 -0.864986236348289E+003  0.406915353367412E-001 
     30.58000000 -0.864986236432812E+003  0.406914508137591E-001 
     30.60000000 -0.864986236517792E+003  0.406913658336044E-001 
     30.62000000 -0.864986236603012E+003  0.406912806141809E-001 
     30.64000000 -0.864986236687237E+003  0.406911963890521E-001 
     30.66000000 -0.864986236770423E+003  0.406911132032684E-001 
     30.68000000 -0.864986236853592E+003  0.406910300335325E-001 
     30.70000000 -0.864986236935573E+003  0.406909480525034E-001 
     30.72000000 -0.864986237017931E+003  0.406908656943479E-001 
     30.74000000 -0.864986237101097E+003  0.406907825285757E-001 
     30.76000000 -0.864986237184357E+003  0.406906992683528E-001 
     30.78000000 -0.864986237267325E+003  0.406906163005695E-001 
     30.80000000 -0.864986237350804E+003  0.406905328221527E-001 
     30.82000000 -0.864986237434653E+003  0.406904489732802E-001 
     30.84000000 -0.864986237517829E+003  0.406903657972605E-001 
     30.86000000 -0.864986237601247E+003  0.406902823785884E-001 
     30.88000000 -0.864986237685648E+003  0.406901979777059E-001 
     30.90000000 -0.864986237770520E+003  0.406901131063097E-001 
     30.92000000 -0.864986237855136E+003  0.406900284901336E-001 
     30.94000000 -0.864986237937132E+003  0.406899464939266E-001 
     30.96000000 -0.864986238014919E+003  0.406898687068202E-001 
     30.98000000 -0.864986238090359E+003  0.406897932669648E-001 
     31.00000000 -0.864986238165680E+003  0.406897179456321E-001 
     31.02000000 -0.864986238245640E+003  0.406896379858683E-001 
     31.04000000 -0.864986238329068E+003  0.406895545583022E-001 
     31.06000000 -0.864986238413670E+003  0.406894699558539E-001 
     31.08000000 -0.864986238497470E+003  0.406893861554151E-001 
     31.10000000 -0.864986238580839E+003  0.406893027869170E-001 
     31.12000000 -0.864986238664530E+003  0.406892190961069E-001 
     31.14000000 -0.864986238748606E+003  0.406891350193731E-001 
     31.16000000 -0.864986238832761E+003  0.406890508644299E-001 
     31.18000000 -0.864986238917039E+003  0.406889665872904E-001 
     31.20000000 -0.864986239000455E+003  0.406888831706485E-001 
     31.22000000 -0.864986239083520E+003  0.406888001058042E-001 
     31.24000000 -0.864986239166323E+003  0.406887173029472E-001 
     31.26000000 -0.864986239249901E+003  0.406886337246659E-001 
     31.28000000 -0.864986239334074E+003  0.406885495516446E-001 
     31.30000000 -0.864986239418060E+003  0.406884655660747E-001 
     31.32000000 -0.864986239501979E+003  0.406883816468233E-001 
     31.34000000 -0.864986239585989E+003  0.406882976364081E-001 
     31.36000000 -0.864986239669607E+003  0.406882140191671E-001 
     31.38000000 -0.864986239751658E+003  0.406881319679524E-001 
     31.40000000 -0.864986239831422E+003  0.406880522041474E-001 
     31.42000000 -0.864986239912193E+003  0.406879714324166E-001 
     31.44000000 -0.864986239994738E+003  0.406878888874865E-001 
     31.46000000 -0.864986240078190E+003  0.406878054357518E-001 
     31.48000000 -0.864986240161970E+003  0.406877216557114E-001 
     31.50000000 -0.864986240245318E+003  0.406876383082882E-001 
     31.52000000 -0.864986240328905E+003  0.406875547213063E-001 
     31.54000000 -0.864986240412552E+003  0.406874710737096E-001 
     31.56000000 -0.864986240496088E+003  0.406873875372882E-001 
     31.58000000 -0.864986240579404E+003  0.406873042216709E-001 
     31.60000000 -0.864986240662688E+003  0.406872209381495E-001 
     31.62000000 -0.864986240745021E+003  0.406871386051294E-001 
     31.64000000 -0.864986240827622E+003  0.406870560035481E-001 
     31.66000000 -0.864986240910943E+003  0.406869726823237E-001 
     31.68000000 -0.864986240993969E+003  0.406868896571159E-001 
     31.70000000 -0.864986241076027E+003  0.406868075984573E-001 
     31.72000000 -0.864986241156726E+003  0.406867268994255E-001 
     31.74000000 -0.864986241237239E+003  0.406866463867817E-001 
     31.76000000 -0.864986241319630E+003  0.406865639961437E-001 
     31.78000000 -0.864986241403051E+003  0.406864805749581E-001 
     31.80000000 -0.864986241486602E+003  0.406863970238423E-001 
     31.82000000 -0.864986241569863E+003  0.406863137624593E-001 
     31.84000000 -0.864986241653175E+003  0.406862304509023E-001 
     31.86000000 -0.864986241736055E+003  0.406861475707058E-001 
     31.88000000 -0.864986241818682E+003  0.406860649436026E-001 
     31.90000000 -0.864986241901595E+003  0.406859820311170E-001 
     31.92000000 -0.864986241984750E+003  0.406858988762690E-001 
     31.94000000 -0.864986242067437E+003  0.406858161892277E-001 
     31.96000000 -0.864986242149365E+003  0.406857342612727E-001 
     31.98000000 -0.864986242231659E+003  0.406856519665356E-001 
     32.00000000 -0.864986242314440E+003  0.406855691861070E-001 
     32.02000000 -0.864986242397390E+003  0.406854862360151E-001 
     32.04000000 -0.864986242479811E+003  0.406854038151180E-001 
     32.06000000 -0.864986242560733E+003  0.406853228931554E-001 
     32.08000000 -0.864986242641135E+003  0.406852424905269E-001 
     32.10000000 -0.864986242722789E+003  0.406851608373202E-001 
     32.12000000 -0.864986242805321E+003  0.406850783045710E-001 
     32.14000000 -0.864986242887977E+003  0.406849956489489E-001 
     32.16000000 -0.864986242969737E+003  0.406849138891104E-001 
     32.18000000 -0.864986243051523E+003  0.406848321032666E-001 
     32.20000000 -0.864986243132926E+003  0.406847507002529E-001 
     32.22000000 -0.864986243214009E+003  0.406846696172309E-001 
     32.24000000 -0.864986243294609E+003  0.406845890170002E-001 
     32.26000000 -0.864986243376489E+003  0.406845071368990E-001 
     32.28000000 -0.864986243459016E+003  0.406844246093703E-001 
     32.30000000 -0.864986243540379E+003  0.406843432472497E-001 
     32.32000000 -0.864986243620896E+003  0.406842627299655E-001 
     32.34000000 -0.864986243701946E+003  0.406841816801995E-001 
     32.36000000 -0.864986243783957E+003  0.406840996687180E-001 
     32.38000000 -0.864986243866371E+003  0.406840172547815E-001 
     32.40000000 -0.864986243948455E+003  0.406839351712776E-001 
     32.42000000 -0.864986244029607E+003  0.406838540185536E-001 
     32.44000000 -0.864986244109698E+003  0.406837739283763E-001 
     32.46000000 -0.864986244189961E+003  0.406836936652487E-001 
     32.48000000 -0.864986244270079E+003  0.406836135464558E-001 
     32.50000000 -0.864986244350562E+003  0.406835330633943E-001 
     32.52000000 -0.864986244431744E+003  0.406834518815713E-001 
     32.54000000 -0.864986244513032E+003  0.406833705935999E-001 
     32.56000000 -0.864986244593667E+003  0.406832899584698E-001 
     32.58000000 -0.864986244674653E+003  0.406832089725088E-001 
     32.60000000 -0.864986244756572E+003  0.406831270540279E-001 
     32.62000000 -0.864986244838590E+003  0.406830450353925E-001 
     32.64000000 -0.864986244920346E+003  0.406829632794210E-001 
     32.66000000 -0.864986245001830E+003  0.406828817957809E-001 
     32.68000000 -0.864986245083311E+003  0.406828003145577E-001 
     32.70000000 -0.864986245165123E+003  0.406827185024185E-001 
     32.72000000 -0.864986245245796E+003  0.406826378295854E-001 
     32.74000000 -0.864986245324983E+003  0.406825586433124E-001 
     32.76000000 -0.864986245404104E+003  0.406824795216179E-001 
     32.78000000 -0.864986245482840E+003  0.406824007860403E-001 
     32.80000000 -0.864986245562217E+003  0.406823214087390E-001 
     32.82000000 -0.864986245642326E+003  0.406822413001936E-001 
     32.84000000 -0.864986245723079E+003  0.406821605465408E-001 
     32.86000000 -0.864986245804537E+003  0.406820790892928E-001 
     32.88000000 -0.864986245885792E+003  0.406819978339974E-001 
     32.90000000 -0.864986245966872E+003  0.406819167534889E-001 
     32.92000000 -0.864986246048256E+003  0.406818353700034E-001 
     32.94000000 -0.864986246129585E+003  0.406817540404621E-001 
     32.96000000 -0.864986246210509E+003  0.406816731171460E-001 
     32.98000000 -0.864986246291513E+003  0.406815921124302E-001 
     33.00000000 -0.864986246372683E+003  0.406815109430781E-001 
     33.02000000 -0.864986246453910E+003  0.406814297162049E-001 
     33.04000000 -0.864986246535172E+003  0.406813484533688E-001 
     33.06000000 -0.864986246616524E+003  0.406812671017858E-001 
     33.08000000 -0.864986246697470E+003  0.406811861557513E-001 
     33.10000000 -0.864986246778238E+003  0.406811053883708E-001 
     33.12000000 -0.864986246858831E+003  0.406810247947139E-001 
     33.14000000 -0.864986246939044E+003  0.406809445823404E-001 
     33.16000000 -0.864986247019189E+003  0.406808644366720E-001 
     33.18000000 -0.864986247098434E+003  0.406807851922978E-001 
     33.20000000 -0.864986247177902E+003  0.406807057234460E-001 
     33.22000000 -0.864986247258824E+003  0.406806248022568E-001 
     33.24000000 -0.864986247339712E+003  0.406805439140335E-001 
     33.26000000 -0.864986247420648E+003  0.406804629781497E-001 
     33.28000000 -0.864986247501125E+003  0.406803825005020E-001 
     33.30000000 -0.864986247581281E+003  0.406803023443928E-001 
     33.32000000 -0.864986247661590E+003  0.406802220362151E-001 
     33.34000000 -0.864986247742404E+003  0.406801412218509E-001 
     33.36000000 -0.864986247823146E+003  0.406800604795091E-001 
     33.38000000 -0.864986247903776E+003  0.406799798500827E-001 
     33.40000000 -0.864986247984126E+003  0.406798994998517E-001 
     33.42000000 -0.864986248064347E+003  0.406798192783907E-001 
     33.44000000 -0.864986248144725E+003  0.406797389008975E-001 
     33.46000000 -0.864986248225139E+003  0.406796584867648E-001 
     33.48000000 -0.864986248304994E+003  0.406795786318926E-001 
     33.50000000 -0.864986248384945E+003  0.406794986804429E-001 
     33.52000000 -0.864986248465337E+003  0.406794182889319E-001 
     33.54000000 -0.864986248545851E+003  0.406793377753214E-001 
     33.56000000 -0.864986248626259E+003  0.406792573671824E-001 
     33.58000000 -0.864986248706652E+003  0.406791769742214E-001 
     33.60000000 -0.864986248786609E+003  0.406790970172612E-001 
     33.62000000 -0.864986248866658E+003  0.406790169676871E-001 
     33.64000000 -0.864986248946674E+003  0.406789369519489E-001 
     33.66000000 -0.864986249025881E+003  0.406788577444076E-001 
     33.68000000 -0.864986249104443E+003  0.406787791831338E-001 
     33.70000000 -0.864986249182905E+003  0.406787007212410E-001 
     33.72000000 -0.864986249261144E+003  0.406786224819891E-001 
     33.74000000 -0.864986249339213E+003  0.406785444130772E-001 
     33.76000000 -0.864986249417431E+003  0.406784661952870E-001 
     33.78000000 -0.864986249495789E+003  0.406783878371257E-001 
     33.80000000 -0.864986249575191E+003  0.406783084346891E-001 
     33.82000000 -0.864986249655253E+003  0.406782283731274E-001 
     33.84000000 -0.864986249735153E+003  0.406781484730117E-001 
     33.86000000 -0.864986249814115E+003  0.406780695104430E-001 
     33.88000000 -0.864986249892632E+003  0.406779909941226E-001 
     33.90000000 -0.864986249970913E+003  0.406779127127207E-001 
     33.92000000 -0.864986250050368E+003  0.406778332582734E-001 
     33.94000000 -0.864986250130210E+003  0.406777534154855E-001 
     33.96000000 -0.864986250209729E+003  0.406776738969431E-001 
     33.98000000 -0.864986250289397E+003  0.406775942284589E-001 
     34.00000000 -0.864986250368503E+003  0.406775151230056E-001 
     34.02000000 -0.864986250446570E+003  0.406774370556405E-001 
     34.04000000 -0.864986250524030E+003  0.406773595963565E-001 
     34.06000000 -0.864986250602182E+003  0.406772814440148E-001 
     34.08000000 -0.864986250681133E+003  0.406772024925636E-001 
     34.10000000 -0.864986250760335E+003  0.406771232905327E-001 
     34.12000000 -0.864986250839128E+003  0.406770444982074E-001 
     34.14000000 -0.864986250917641E+003  0.406769659845939E-001 
     34.16000000 -0.864986250996451E+003  0.406768871747705E-001 
     34.18000000 -0.864986251075440E+003  0.406768081854230E-001 
     34.20000000 -0.864986251154554E+003  0.406767290723324E-001 
     34.22000000 -0.864986251233284E+003  0.406766503417819E-001 
     34.24000000 -0.864986251311841E+003  0.406765717850517E-001 
     34.26000000 -0.864986251389583E+003  0.406764940428988E-001 
     34.28000000 -0.864986251466702E+003  0.406764169235216E-001 
     34.30000000 -0.864986251544125E+003  0.406763395005871E-001 
     34.32000000 -0.864986251621894E+003  0.406762617317521E-001 
     34.34000000 -0.864986251699976E+003  0.406761836498859E-001 
     34.36000000 -0.864986251778625E+003  0.406761050006384E-001 
     34.38000000 -0.864986251857703E+003  0.406760259233174E-001 
     34.40000000 -0.864986251936511E+003  0.406759471148474E-001 
     34.42000000 -0.864986252015427E+003  0.406758681988756E-001 
     34.44000000 -0.864986252094171E+003  0.406757894549841E-001 
     34.46000000 -0.864986252172823E+003  0.406757108031264E-001 
     34.48000000 -0.864986252251596E+003  0.406756320296526E-001 
     34.50000000 -0.864986252330482E+003  0.406755531438432E-001 
     34.52000000 -0.864986252409014E+003  0.406754746116683E-001 
     34.54000000 -0.864986252487500E+003  0.406753961262837E-001 
     34.56000000 -0.864986252565895E+003  0.406753177310962E-001 
     34.58000000 -0.864986252644142E+003  0.406752394842070E-001 
     34.60000000 -0.864986252722119E+003  0.406751615064589E-001 
     34.62000000 -0.864986252798391E+003  0.406750852347216E-001 
     34.64000000 -0.864986252874749E+003  0.406750088768474E-001 
     34.66000000 -0.864986252952581E+003  0.406749310443041E-001 
     34.68000000 -0.864986253031043E+003  0.406748525829914E-001 
     34.70000000 -0.864986253109328E+003  0.406747742979159E-001 
     34.72000000 -0.864986253187430E+003  0.406746961955547E-001 
     34.74000000 -0.864986253265519E+003  0.406746181067279E-001 
     34.76000000 -0.864986253343487E+003  0.406745401389373E-001 
     34.78000000 -0.864986253421233E+003  0.406744623933042E-001 
     34.80000000 -0.864986253498369E+003  0.406743852563322E-001 
     34.82000000 -0.864986253575728E+003  0.406743078977828E-001 
     34.84000000 -0.864986253653773E+003  0.406742298524594E-001 
     34.86000000 -0.864986253731365E+003  0.406741522606350E-001 
     34.88000000 -0.864986253808726E+003  0.406740749000554E-001 
     34.90000000 -0.864986253885905E+003  0.406739977205468E-001 
     34.92000000 -0.864986253962514E+003  0.406739211123830E-001 
     34.94000000 -0.864986254039679E+003  0.406738439466020E-001 
     34.96000000 -0.864986254117197E+003  0.406737664285401E-001 
     34.98000000 -0.864986254194030E+003  0.406736895953186E-001 
     35.00000000 -0.864986254270542E+003  0.406736130834423E-001 
     35.02000000 -0.864986254347478E+003  0.406735361475528E-001 
     35.04000000 -0.864986254425017E+003  0.406734586084159E-001 
     35.06000000 -0.864986254502855E+003  0.406733807708455E-001 
     35.08000000 -0.864986254580798E+003  0.406733028277068E-001 
     35.10000000 -0.864986254658432E+003  0.406732251943125E-001 
     35.12000000 -0.864986254735202E+003  0.406731484238326E-001 
     35.14000000 -0.864986254811854E+003  0.406730717721654E-001 
     35.16000000 -0.864986254888729E+003  0.406729948968906E-001 
     35.18000000 -0.864986254965865E+003  0.406729177611754E-001 
     35.20000000 -0.864986255042897E+003  0.406728407291916E-001 
     35.22000000 -0.864986255119756E+003  0.406727638702548E-001 
     35.24000000 -0.864986255197225E+003  0.406726864009166E-001 
     35.26000000 -0.864986255274534E+003  0.406726090922511E-001 
     35.28000000 -0.864986255351683E+003  0.406725319430982E-001 
     35.30000000 -0.864986255428829E+003  0.406724547967488E-001 
     35.32000000 -0.864986255505509E+003  0.406723781169493E-001 
     35.34000000 -0.864986255582131E+003  0.406723014950578E-001 
     35.36000000 -0.864986255659419E+003  0.406722242063072E-001 
     35.38000000 -0.864986255736854E+003  0.406721467713851E-001 
     35.40000000 -0.864986255813829E+003  0.406720697966325E-001 
     35.42000000 -0.864986255890840E+003  0.406719927861104E-001 
     35.44000000 -0.864986255968189E+003  0.406719154363584E-001 
     35.46000000 -0.864986256045764E+003  0.406718378621287E-001 
     35.48000000 -0.864986256123106E+003  0.406717605201106E-001 
     35.50000000 -0.864986256200270E+003  0.406716833557798E-001 
     35.52000000 -0.864986256277672E+003  0.406716059537269E-001 
     35.54000000 -0.864986256355236E+003  0.406715283894547E-001 
     35.56000000 -0.864986256432539E+003  0.406714510863963E-001 
     35.58000000 -0.864986256509237E+003  0.406713743885188E-001 
     35.60000000 -0.864986256586264E+003  0.406712973621421E-001 
     35.62000000 -0.864986256663256E+003  0.406712203699882E-001 
     35.64000000 -0.864986256740143E+003  0.406711434832091E-001 
     35.66000000 -0.864986256816895E+003  0.406710667310007E-001 
     35.68000000 -0.864986256893651E+003  0.406709899743452E-001 
     35.70000000 -0.864986256970345E+003  0.406709132813014E-001 
     35.72000000 -0.864986257046790E+003  0.406708368353570E-001 
     35.74000000 -0.864986257123832E+003  0.406707597934158E-001 
     35.76000000 -0.864986257200581E+003  0.406706830451710E-001 
     35.78000000 -0.864986257277027E+003  0.406706065990332E-001 
     35.80000000 -0.864986257352781E+003  0.406705308450832E-001 
     35.82000000 -0.864986257427453E+003  0.406704561726281E-001 
     35.84000000 -0.864986257501587E+003  0.406703820385519E-001 
     35.86000000 -0.864986257576841E+003  0.406703067848912E-001 
     35.88000000 -0.864986257653090E+003  0.406702305355822E-001 
     35.90000000 -0.864986257729794E+003  0.406701538315176E-001 
     35.92000000 -0.864986257805706E+003  0.406700779196018E-001 
     35.94000000 -0.864986257881605E+003  0.406700020213170E-001 
     35.96000000 -0.864986257958213E+003  0.406699254132499E-001 
     35.98000000 -0.864986258034104E+003  0.406698495223124E-001 
     36.00000000 -0.864986258109083E+003  0.406697745424332E-001 
     36.02000000 -0.864986258184084E+003  0.406696995413823E-001 
     36.04000000 -0.864986258259515E+003  0.406696241112910E-001 
     36.06000000 -0.864986258335461E+003  0.406695481643791E-001 
     36.08000000 -0.864986258411073E+003  0.406694725531203E-001 
     36.10000000 -0.864986258486921E+003  0.406693967046228E-001 
     36.12000000 -0.864986258563171E+003  0.406693204553139E-001 
     36.14000000 -0.864986258639253E+003  0.406692443730580E-001 
     36.16000000 -0.864986258714401E+003  0.406691692243855E-001 
     36.18000000 -0.864986258787513E+003  0.406690961124463E-001 
     36.20000000 -0.864986258860306E+003  0.406690233197255E-001 
     36.22000000 -0.864986258934736E+003  0.406689488894395E-001 
     36.24000000 -0.864986259010776E+003  0.406688728500103E-001 
     36.26000000 -0.864986259087035E+003  0.406687965906473E-001 
     36.28000000 -0.864986259162218E+003  0.406687214082354E-001 
     36.30000000 -0.864986259236766E+003  0.406686468596201E-001 
     36.32000000 -0.864986259309985E+003  0.406685736412425E-001 
     36.34000000 -0.864986259382501E+003  0.406685011245267E-001 
     36.36000000 -0.864986259455655E+003  0.406684279707276E-001 
     36.38000000 -0.864986259530615E+003  0.406683530112466E-001 
     36.40000000 -0.864986259606058E+003  0.406682775680076E-001 
     36.42000000 -0.864986259681062E+003  0.406682025634764E-001 
     36.44000000 -0.864986259755240E+003  0.406681283862836E-001 
     36.46000000 -0.864986259829560E+003  0.406680540656261E-001 
     36.48000000 -0.864986259904006E+003  0.406679796202588E-001 
     36.50000000 -0.864986259978964E+003  0.406679046614546E-001 
     36.52000000 -0.864986260054581E+003  0.406678290448786E-001 
     36.54000000 -0.864986260130401E+003  0.406677532244167E-001 
     36.56000000 -0.864986260205653E+003  0.406676779723994E-001 
     36.58000000 -0.864986260280690E+003  0.406676029362557E-001 
     36.60000000 -0.864986260355458E+003  0.406675281679965E-001 
     36.62000000 -0.864986260430381E+003  0.406674532453484E-001 
     36.64000000 -0.864986260504590E+003  0.406673790354796E-001 
     36.66000000 -0.864986260578626E+003  0.406673049994311E-001 
     36.68000000 -0.864986260652234E+003  0.406672313914563E-001 
     36.70000000 -0.864986260726207E+003  0.406671574193096E-001 
     36.72000000 -0.864986260800932E+003  0.406670826936836E-001 
     36.74000000 -0.864986260875382E+003  0.406670082443527E-001 
     36.76000000 -0.864986260950306E+003  0.406669333193844E-001 
     36.78000000 -0.864986261025546E+003  0.406668580794514E-001 
     36.80000000 -0.864986261100975E+003  0.406667826510036E-001 
     36.82000000 -0.864986261176188E+003  0.406667074382361E-001 
     36.84000000 -0.864986261250959E+003  0.406666326666899E-001 
     36.86000000 -0.864986261325751E+003  0.406665578750354E-001 
     36.88000000 -0.864986261400532E+003  0.406664830934351E-001 
     36.90000000 -0.864986261475451E+003  0.406664081750406E-001 
     36.92000000 -0.864986261550098E+003  0.406663335279142E-001 
     36.94000000 -0.864986261625198E+003  0.406662584282555E-001 
     36.96000000 -0.864986261700570E+003  0.406661830557821E-001 
     36.98000000 -0.864986261775848E+003  0.406661077773727E-001 
     37.00000000 -0.864986261850499E+003  0.406660331263793E-001 
     37.02000000 -0.864986261923647E+003  0.406659599787673E-001 
     37.04000000 -0.864986261995917E+003  0.406658877087643E-001 
     37.06000000 -0.864986262068421E+003  0.406658152052929E-001 
     37.08000000 -0.864986262141867E+003  0.406657417591507E-001 
     37.10000000 -0.864986262216126E+003  0.406656674998814E-001 
     37.12000000 -0.864986262289886E+003  0.406655937393546E-001 
     37.14000000 -0.864986262363643E+003  0.406655199830815E-001 
     37.16000000 -0.864986262438399E+003  0.406654452267131E-001 
     37.18000000 -0.864986262513200E+003  0.406653704256813E-001 
     37.20000000 -0.864986262587826E+003  0.406652957997265E-001 
     37.22000000 -0.864986262662573E+003  0.406652210532189E-001 
     37.24000000 -0.864986262737553E+003  0.406651460723729E-001 
     37.26000000 -0.864986262812395E+003  0.406650712305445E-001 
     37.28000000 -0.864986262886763E+003  0.406649968628067E-001 
     37.30000000 -0.864986262960548E+003  0.406649230775312E-001 
     37.32000000 -0.864986263034388E+003  0.406648492376349E-001 
     37.34000000 -0.864986263108840E+003  0.406647747858871E-001 
     37.36000000 -0.864986263183158E+003  0.406647004682265E-001 
     37.38000000 -0.864986263257292E+003  0.406646263334737E-001 
     37.40000000 -0.864986263331315E+003  0.406645523112496E-001 
     37.42000000 -0.864986263405144E+003  0.406644784820841E-001 
     37.44000000 -0.864986263477423E+003  0.406644062025103E-001 
     37.46000000 -0.864986263548917E+003  0.406643347092849E-001 
     37.48000000 -0.864986263620121E+003  0.406642635046322E-001 
     37.50000000 -0.864986263692820E+003  0.406641908054921E-001 
     37.52000000 -0.864986263766506E+003  0.406641171198878E-001 
     37.54000000 -0.864986263839773E+003  0.406640438531731E-001 
     37.56000000 -0.864986263912949E+003  0.406639706769455E-001 
     37.58000000 -0.864986263986545E+003  0.406638970810550E-001 
     37.60000000 -0.864986264060699E+003  0.406638229271606E-001 
     37.62000000 -0.864986264134997E+003  0.406637486285449E-001 
     37.64000000 -0.864986264208381E+003  0.406636752445643E-001 
     37.66000000 -0.864986264280694E+003  0.406636029319279E-001 
     37.68000000 -0.864986264353493E+003  0.406635301324399E-001 
     37.70000000 -0.864986264426229E+003  0.406634573963702E-001 
     37.72000000 -0.864986264499162E+003  0.406633844637618E-001 
     37.74000000 -0.864986264572695E+003  0.406633109309995E-001 
     37.76000000 -0.864986264646824E+003  0.406632368023371E-001 
     37.78000000 -0.864986264721040E+003  0.406631625855078E-001 
     37.80000000 -0.864986264794990E+003  0.406630886362729E-001 
     37.82000000 -0.864986264868861E+003  0.406630147643773E-001 
     37.84000000 -0.864986264942976E+003  0.406629406500227E-001 
     37.86000000 -0.864986265017027E+003  0.406628665992798E-001 
     37.88000000 -0.864986265090852E+003  0.406627927734012E-001 
     37.90000000 -0.864986265164776E+003  0.406627188496882E-001 
     37.92000000 -0.864986265238598E+003  0.406626450275799E-001 
     37.94000000 -0.864986265312284E+003  0.406625713418790E-001 
     37.96000000 -0.864986265385845E+003  0.406624977805978E-001 
     37.98000000 -0.864986265458892E+003  0.406624247333337E-001 
     38.00000000 -0.864986265531485E+003  0.406623521410186E-001 
     38.02000000 -0.864986265603592E+003  0.406622800336217E-001 
     38.04000000 -0.864986265676026E+003  0.406622075996591E-001 
     38.06000000 -0.864986265748420E+003  0.406621352060096E-001 
     38.08000000 -0.864986265821499E+003  0.406620621265530E-001 
     38.10000000 -0.864986265895038E+003  0.406619885879902E-001 
     38.12000000 -0.864986265968630E+003  0.406619149956767E-001 
     38.14000000 -0.864986266042194E+003  0.406618414315919E-001 
     38.16000000 -0.864986266115532E+003  0.406617680937250E-001 
     38.18000000 -0.864986266188475E+003  0.406616951512558E-001 
     38.20000000 -0.864986266261144E+003  0.406616224821814E-001 
     38.22000000 -0.864986266334133E+003  0.406615494925351E-001 
     38.24000000 -0.864986266407197E+003  0.406614764290297E-001 
     38.26000000 -0.864986266480443E+003  0.406614031828100E-001 
     38.28000000 -0.864986266553729E+003  0.406613298971471E-001 
     38.30000000 -0.864986266626847E+003  0.406612567792141E-001 
     38.32000000 -0.864986266700091E+003  0.406611835348312E-001 
     38.34000000 -0.864986266773223E+003  0.406611104026871E-001 
     38.36000000 -0.864986266846404E+003  0.406610372222058E-001 
     38.38000000 -0.864986266919594E+003  0.406609640316704E-001 
     38.40000000 -0.864986266992771E+003  0.406608908550562E-001 
     38.42000000 -0.864986267066004E+003  0.406608176219841E-001 
     38.44000000 -0.864986267139031E+003  0.406607445946349E-001 
     38.46000000 -0.864986267212206E+003  0.406606714197608E-001 
     38.48000000 -0.864986267285304E+003  0.406605983216460E-001 
     38.50000000 -0.864986267358301E+003  0.406605253246525E-001 
     38.52000000 -0.864986267431360E+003  0.406604522657874E-001 
     38.54000000 -0.864986267504551E+003  0.406603790750587E-001 
     38.56000000 -0.864986267577501E+003  0.406603061246622E-001 
     38.58000000 -0.864986267650540E+003  0.406602330862921E-001 
     38.60000000 -0.864986267722912E+003  0.406601607142010E-001 
     38.62000000 -0.864986267795265E+003  0.406600883612515E-001 
     38.64000000 -0.864986267868143E+003  0.406600154825872E-001 
     38.66000000 -0.864986267940615E+003  0.406599430107283E-001 
     38.68000000 -0.864986268012222E+003  0.406598714037173E-001 
     38.70000000 -0.864986268082786E+003  0.406598008398216E-001 
     38.72000000 -0.864986268154423E+003  0.406597292032283E-001 
     38.74000000 -0.864986268226842E+003  0.406596567837668E-001 
     38.76000000 -0.864986268299226E+003  0.406595844000748E-001 
     38.78000000 -0.864986268371382E+003  0.406595122437607E-001 
     38.80000000 -0.864986268443238E+003  0.406594403879101E-001 
     38.82000000 -0.864986268515449E+003  0.406593681768784E-001 
     38.84000000 -0.864986268588186E+003  0.406592954393586E-001 
     38.86000000 -0.864986268660358E+003  0.406592232677699E-001 
     38.88000000 -0.864986268732423E+003  0.406591512027163E-001 
     38.90000000 -0.864986268804904E+003  0.406590787213833E-001 
     38.92000000 -0.864986268877284E+003  0.406590063416549E-001 
     38.94000000 -0.864986268949185E+003  0.406589344404641E-001 
     38.96000000 -0.864986269021012E+003  0.406588626141959E-001 
     38.98000000 -0.864986269093204E+003  0.406587904221123E-001 
     39.00000000 -0.864986269165641E+003  0.406587179847661E-001 
     39.02000000 -0.864986269238114E+003  0.406586455116504E-001 
     39.04000000 -0.864986269310245E+003  0.406585733806649E-001 
     39.06000000 -0.864986269381746E+003  0.406585018800923E-001 
     39.08000000 -0.864986269452992E+003  0.406584306338696E-001 
     39.10000000 -0.864986269523362E+003  0.406583602639991E-001 
     39.12000000 -0.864986269593627E+003  0.406582899992136E-001 
     39.14000000 -0.864986269665343E+003  0.406582182823806E-001 
     39.16000000 -0.864986269737641E+003  0.406581459848254E-001 
     39.18000000 -0.864986269809796E+003  0.406580738297680E-001 
     39.20000000 -0.864986269880800E+003  0.406580028260044E-001 
     39.22000000 -0.864986269951100E+003  0.406579325262227E-001 
     39.24000000 -0.864986270022782E+003  0.406578608440958E-001 
     39.26000000 -0.864986270094534E+003  0.406577890913967E-001 
     39.28000000 -0.864986270166210E+003  0.406577174159404E-001 
     39.30000000 -0.864986270237754E+003  0.406576458723477E-001 
     39.32000000 -0.864986270309117E+003  0.406575745087625E-001 
     39.34000000 -0.864986270379174E+003  0.406575044520199E-001 
     39.36000000 -0.864986270449197E+003  0.406574344288233E-001 
     39.38000000 -0.864986270519689E+003  0.406573639369499E-001 
     39.40000000 -0.864986270591043E+003  0.406572925831288E-001 
     39.42000000 -0.864986270662844E+003  0.406572207818992E-001 
     39.44000000 -0.864986270734919E+003  0.406571487071782E-001 
     39.46000000 -0.864986270806955E+003  0.406570766704501E-001 
     39.48000000 -0.864986270878485E+003  0.406570051406818E-001 
     39.50000000 -0.864986270949798E+003  0.406569338274639E-001 
     39.52000000 -0.864986271021120E+003  0.406568625054486E-001 
     39.54000000 -0.864986271092744E+003  0.406567908817130E-001 
     39.56000000 -0.864986271164464E+003  0.406567191615931E-001 
     39.58000000 -0.864986271236045E+003  0.406566475808775E-001 
     39.60000000 -0.864986271307474E+003  0.406565761513605E-001 
     39.62000000 -0.864986271379079E+003  0.406565045468630E-001 
     39.64000000 -0.864986271450609E+003  0.406564330172881E-001 
     39.66000000 -0.864986271521569E+003  0.406563620568345E-001 
     39.68000000 -0.864986271591610E+003  0.406562920158499E-001 
     39.70000000 -0.864986271660722E+003  0.406562229041949E-001 
     39.72000000 -0.864986271729936E+003  0.406561536899685E-001 
     39.74000000 -0.864986271799944E+003  0.406560836814664E-001 
     39.76000000 -0.864986271871151E+003  0.406560124744935E-001 
     39.78000000 -0.864986271942331E+003  0.406559412953627E-001 
     39.80000000 -0.864986272012659E+003  0.406558709664821E-001 
     39.82000000 -0.864986272081400E+003  0.406558022258630E-001 
     39.84000000 -0.864986272149912E+003  0.406557337133950E-001 
     39.86000000 -0.864986272219377E+003  0.406556642484923E-001 
     39.88000000 -0.864986272290017E+003  0.406555936090939E-001 
     39.90000000 -0.864986272360658E+003  0.406555229676655E-001 
     39.92000000 -0.864986272431595E+003  0.406554520309938E-001 
     39.94000000 -0.864986272502669E+003  0.406553809569480E-001 
     39.96000000 -0.864986272573596E+003  0.406553100298471E-001 
     39.98000000 -0.864986272643944E+003  0.406552396821150E-001 
     40.00000000 -0.864986272713674E+003  0.406551699523248E-001 
     40.02000000 -0.864986272783409E+003  0.406551002172175E-001 
     40.04000000 -0.864986272852033E+003  0.406550315931874E-001 
     40.06000000 -0.864986272920399E+003  0.406549632266976E-001 
     40.08000000 -0.864986272989629E+003  0.406548939971000E-001 
     40.10000000 -0.864986273060029E+003  0.406548235963904E-001 
     40.12000000 -0.864986273131123E+003  0.406547525032998E-001 
     40.14000000 -0.864986273201643E+003  0.406546819832942E-001 
     40.16000000 -0.864986273271345E+003  0.406546122812495E-001 
     40.18000000 -0.864986273340040E+003  0.406545435853905E-001 
     40.20000000 -0.864986273408560E+003  0.406544750660587E-001 
     40.22000000 -0.864986273477558E+003  0.406544060673192E-001 
     40.24000000 -0.864986273547986E+003  0.406543356403142E-001 
     40.26000000 -0.864986273618694E+003  0.406542649314071E-001 
     40.28000000 -0.864986273689456E+003  0.406541941699092E-001 
     40.30000000 -0.864986273759930E+003  0.406541236953405E-001 
     40.32000000 -0.864986273830504E+003  0.406540531217773E-001 
     40.34000000 -0.864986273901253E+003  0.406539823728471E-001 
     40.36000000 -0.864986273971639E+003  0.406539119873153E-001 
     40.38000000 -0.864986274041856E+003  0.406538417697068E-001 
     40.40000000 -0.864986274112364E+003  0.406537712622689E-001 
     40.42000000 -0.864986274182503E+003  0.406537011228698E-001 
     40.44000000 -0.864986274252252E+003  0.406536313735514E-001 
     40.46000000 -0.864986274321869E+003  0.406535617572567E-001 
     40.48000000 -0.864986274391934E+003  0.406534916916201E-001 
     40.50000000 -0.864986274462586E+003  0.406534210400409E-001 
     40.52000000 -0.864986274533391E+003  0.406533502352329E-001 
     40.54000000 -0.864986274603926E+003  0.406532796997594E-001 
     40.56000000 -0.864986274674470E+003  0.406532091561652E-001 
     40.58000000 -0.864986274745148E+003  0.406531384775172E-001 
     40.60000000 -0.864986274815432E+003  0.406530681937834E-001 
     40.62000000 -0.864986274885296E+003  0.406529983300027E-001 
     40.64000000 -0.864986274955078E+003  0.406529285480084E-001 
     40.66000000 -0.864986275024758E+003  0.406528588677154E-001 
     40.68000000 -0.864986275093739E+003  0.406527898863773E-001 
     40.70000000 -0.864986275162976E+003  0.406527206494325E-001 
     40.72000000 -0.864986275232490E+003  0.406526511356125E-001 
     40.74000000 -0.864986275301686E+003  0.406525819400443E-001 
     40.76000000 -0.864986275370501E+003  0.406525131244059E-001 
     40.78000000 -0.864986275439581E+003  0.406524440444600E-001 
     40.80000000 -0.864986275508903E+003  0.406523747228285E-001 
     40.82000000 -0.864986275578495E+003  0.406523051307991E-001 
     40.84000000 -0.864986275648158E+003  0.406522354680042E-001 
     40.86000000 -0.864986275718061E+003  0.406521655644903E-001 
     40.88000000 -0.864986275787840E+003  0.406520957862663E-001 
     40.90000000 -0.864986275857573E+003  0.406520260525124E-001 
     40.92000000 -0.864986275926952E+003  0.406519566743265E-001 
     40.94000000 -0.864986275996175E+003  0.406518874512061E-001 
     40.96000000 -0.864986276065500E+003  0.406518181263843E-001 
     40.98000000 -0.864986276135025E+003  0.406517486009635E-001 
     41.00000000 -0.864986276204672E+003  0.406516789539265E-001 
     41.02000000 -0.864986276274426E+003  0.406516092001610E-001 
     41.04000000 -0.864986276344386E+003  0.406515392399961E-001 
     41.06000000 -0.864986276414464E+003  0.406514691615985E-001 
     41.08000000 -0.864986276484574E+003  0.406513990517817E-001 
     41.10000000 -0.864986276554497E+003  0.406513291292230E-001 
     41.12000000 -0.864986276624274E+003  0.406512593520624E-001 
     41.14000000 -0.864986276693630E+003  0.406511899956282E-001 
     41.16000000 -0.864986276762569E+003  0.406511210564401E-001 
     41.18000000 -0.864986276831298E+003  0.406510523276152E-001 
     41.20000000 -0.864986276900124E+003  0.406509835023093E-001 
     41.22000000 -0.864986276969628E+003  0.406509139977701E-001 
     41.24000000 -0.864986277039228E+003  0.406508443977168E-001 
     41.26000000 -0.864986277107491E+003  0.406507761350551E-001 
     41.28000000 -0.864986277174306E+003  0.406507093194138E-001 
     41.30000000 -0.864986277240961E+003  0.406506426648318E-001 
     41.32000000 -0.864986277308585E+003  0.406505750409936E-001 
     41.34000000 -0.864986277377348E+003  0.406505062781394E-001 
     41.36000000 -0.864986277446208E+003  0.406504374176441E-001 
     41.38000000 -0.864986277515593E+003  0.406503680324009E-001 
     41.40000000 -0.864986277584812E+003  0.406502988140176E-001 
     41.42000000 -0.864986277653654E+003  0.406502299717937E-001 
     41.44000000 -0.864986277721721E+003  0.406501619048008E-001 
     41.46000000 -0.864986277790312E+003  0.406500933135433E-001 
     41.48000000 -0.864986277859742E+003  0.406500238834433E-001 
     41.50000000 -0.864986277929363E+003  0.406499542624116E-001 
     41.52000000 -0.864986277998811E+003  0.406498848144269E-001 
     41.54000000 -0.864986278068101E+003  0.406498155251813E-001 
     41.56000000 -0.864986278137564E+003  0.406497460615353E-001 
     41.58000000 -0.864986278206701E+003  0.406496769248417E-001 
     41.60000000 -0.864986278274614E+003  0.406496090122375E-001 
     41.62000000 -0.864986278342563E+003  0.406495410627038E-001 
     41.64000000 -0.864986278411592E+003  0.406494720337053E-001 
     41.66000000 -0.864986278480661E+003  0.406494029647803E-001 
     41.68000000 -0.864986278549683E+003  0.406493339432257E-001 
     41.70000000 -0.864986278618657E+003  0.406492649692349E-001 
     41.72000000 -0.864986278687402E+003  0.406491962241687E-001 
     41.74000000 -0.864986278756455E+003  0.406491271710983E-001 
     41.76000000 -0.864986278825535E+003  0.406490580907657E-001 
     41.78000000 -0.864986278894594E+003  0.406489890315082E-001 
     41.80000000 -0.864986278963544E+003  0.406489200822659E-001 
     41.82000000 -0.864986279032345E+003  0.406488512807420E-001 
     41.84000000 -0.864986279100929E+003  0.406487826969284E-001 
     41.86000000 -0.864986279169500E+003  0.406487141256825E-001 
     41.88000000 -0.864986279237933E+003  0.406486456929709E-001 
     41.90000000 -0.864986279306386E+003  0.406485772401509E-001 
     41.92000000 -0.864986279375407E+003  0.406485082187897E-001 
     41.94000000 -0.864986279444281E+003  0.406484393451467E-001 
     41.96000000 -0.864986279513131E+003  0.406483704946089E-001 
     41.98000000 -0.864986279581437E+003  0.406483021889272E-001 
     42.00000000 -0.864986279649743E+003  0.406482338829555E-001 
     42.02000000 -0.864986279718738E+003  0.406481648875030E-001 
     42.04000000 -0.864986279787492E+003  0.406480961343161E-001 
     42.06000000 -0.864986279856026E+003  0.406480276001932E-001 
     42.08000000 -0.864986279924491E+003  0.406479591344189E-001 
     42.10000000 -0.864986279992995E+003  0.406478906303616E-001 
     42.12000000 -0.864986280061294E+003  0.406478223316405E-001 
     42.14000000 -0.864986280129277E+003  0.406477543492375E-001 
     42.16000000 -0.864986280196045E+003  0.406476875813533E-001 
     42.18000000 -0.864986280260539E+003  0.406476230864742E-001 
     42.20000000 -0.864986280322919E+003  0.406475607063446E-001 
     42.22000000 -0.864986280386692E+003  0.406474969335256E-001 
     42.24000000 -0.864986280452990E+003  0.406474306358650E-001 
     42.26000000 -0.864986280520745E+003  0.406473628803565E-001 
     42.28000000 -0.864986280589142E+003  0.406472944842844E-001 
     42.30000000 -0.864986280657647E+003  0.406472259783903E-001 
     42.32000000 -0.864986280726005E+003  0.406471576204078E-001 
     42.34000000 -0.864986280794261E+003  0.406470893645133E-001 
     42.36000000 -0.864986280862178E+003  0.406470214478489E-001 
     42.38000000 -0.864986280930047E+003  0.406469535792315E-001 
     42.40000000 -0.864986280998304E+003  0.406468853215969E-001 
     42.42000000 -0.864986281066407E+003  0.406468172185445E-001 
     42.44000000 -0.864986281134702E+003  0.406467489235936E-001 
     42.46000000 -0.864986281202936E+003  0.406466806894509E-001 
     42.48000000 -0.864986281270972E+003  0.406466126536837E-001 
     42.50000000 -0.864986281338120E+003  0.406465455058696E-001 
     42.52000000 -0.864986281403703E+003  0.406464799226318E-001 
     42.54000000 -0.864986281467718E+003  0.406464159080305E-001 
     42.56000000 -0.864986281531381E+003  0.406463522449368E-001 
     42.58000000 -0.864986281594484E+003  0.406462891415870E-001 
     42.60000000 -0.864986281657506E+003  0.406462261202170E-001 
     42.62000000 -0.864986281722714E+003  0.406461609119786E-001 
     42.64000000 -0.864986281790456E+003  0.406460931697145E-001 
     42.66000000 -0.864986281858514E+003  0.406460251118090E-001 
     42.68000000 -0.864986281926287E+003  0.406459573385124E-001 
     42.70000000 -0.864986281994151E+003  0.406458894745354E-001 
     42.72000000 -0.864986282062031E+003  0.406458215950905E-001 
     42.74000000 -0.864986282128770E+003  0.406457548554352E-001 
     42.76000000 -0.864986282194125E+003  0.406456895011219E-001 
     42.78000000 -0.864986282258687E+003  0.406456249391510E-001 
     42.80000000 -0.864986282323943E+003  0.406455596833488E-001 
     42.82000000 -0.864986282390691E+003  0.406454929345094E-001 
     42.84000000 -0.864986282457928E+003  0.406454256979484E-001 
     42.86000000 -0.864986282525554E+003  0.406453580715967E-001 
     42.88000000 -0.864986282593096E+003  0.406452905296417E-001 
     42.90000000 -0.864986282660424E+003  0.406452232019168E-001 
     42.92000000 -0.864986282727973E+003  0.406451556527112E-001 
     42.94000000 -0.864986282795204E+003  0.406450884219506E-001 
     42.96000000 -0.864986282862726E+003  0.406450209002004E-001 
     42.98000000 -0.864986282930450E+003  0.406449531763044E-001 
     43.00000000 -0.864986282998220E+003  0.406448854058115E-001 
     43.02000000 -0.864986283065991E+003  0.406448176348351E-001 
     43.04000000 -0.864986283133172E+003  0.406447504541518E-001 
     43.06000000 -0.864986283199369E+003  0.406446842566456E-001 
     43.08000000 -0.864986283264573E+003  0.406446190533376E-001 
     43.10000000 -0.864986283329602E+003  0.406445540236566E-001 
     43.12000000 -0.864986283395703E+003  0.406444879232114E-001 
     43.14000000 -0.864986283462841E+003  0.406444207846781E-001 
     43.16000000 -0.864986283529700E+003  0.406443539261134E-001 
     43.18000000 -0.864986283595874E+003  0.406442877514224E-001 
     43.20000000 -0.864986283662197E+003  0.406442214290131E-001 
     43.22000000 -0.864986283729163E+003  0.406441544629467E-001 
     43.24000000 -0.864986283796480E+003  0.406440871455659E-001 
     43.26000000 -0.864986283863582E+003  0.406440200436721E-001 
     43.28000000 -0.864986283930789E+003  0.406439528371768E-001 
     43.30000000 -0.864986283997843E+003  0.406438857826533E-001 
     43.32000000 -0.864986284064785E+003  0.406438188412388E-001 
     43.34000000 -0.864986284131522E+003  0.406437521036136E-001 
     43.36000000 -0.864986284197232E+003  0.406436863942158E-001 
     43.38000000 -0.864986284262024E+003  0.406436216021601E-001 
     43.40000000 -0.864986284327045E+003  0.406435565812764E-001 
     43.42000000 -0.864986284394048E+003  0.406434895777003E-001 
     43.44000000 -0.864986284461138E+003  0.406434224876975E-001 
     43.46000000 -0.864986284527699E+003  0.406433559268895E-001 
     43.48000000 -0.864986284594168E+003  0.406432894578254E-001 
     43.50000000 -0.864986284660312E+003  0.406432233140702E-001 
     43.52000000 -0.864986284727109E+003  0.406431565169903E-001 
     43.54000000 -0.864986284793979E+003  0.406430896467280E-001 
     43.56000000 -0.864986284860562E+003  0.406430230641683E-001 
     43.58000000 -0.864986284927252E+003  0.406429563741069E-001 
     43.60000000 -0.864986284994212E+003  0.406428894141309E-001 
     43.62000000 -0.864986285061280E+003  0.406428223459764E-001 
     43.64000000 -0.864986285128121E+003  0.406427555047164E-001 
     43.66000000 -0.864986285194570E+003  0.406426890558572E-001 
     43.68000000 -0.864986285260825E+003  0.406426228006365E-001 
     43.70000000 -0.864986285326784E+003  0.406425568421092E-001 
     43.72000000 -0.864986285392987E+003  0.406424906388026E-001 
     43.74000000 -0.864986285459141E+003  0.406424244845099E-001 
     43.76000000 -0.864986285523414E+003  0.406423602114983E-001 
     43.78000000 -0.864986285585538E+003  0.406422980876522E-001 
     43.80000000 -0.864986285648157E+003  0.406422354684471E-001 
     43.82000000 -0.864986285711902E+003  0.406421717233736E-001 
     43.84000000 -0.864986285777066E+003  0.406421065602821E-001 
     43.86000000 -0.864986285842833E+003  0.406420407927831E-001 
     43.88000000 -0.864986285908666E+003  0.406419749593522E-001 
     43.90000000 -0.864986285974811E+003  0.406419088144369E-001 
     43.92000000 -0.864986286041628E+003  0.406418419976355E-001 
     43.94000000 -0.864986286108337E+003  0.406417752885292E-001 
     43.96000000 -0.864986286174148E+003  0.406417094779135E-001 
     43.98000000 -0.864986286239427E+003  0.406416441990062E-001 
     44.00000000 -0.864986286304831E+003  0.406415787949058E-001 
     44.02000000 -0.864986286370335E+003  0.406415132904574E-001 
     44.04000000 -0.864986286436165E+003  0.406414474611836E-001 
     44.06000000 -0.864986286502678E+003  0.406413809478426E-001 
     44.08000000 -0.864986286569036E+003  0.406413145897606E-001 
     44.10000000 -0.864986286635386E+003  0.406412482401859E-001 
     44.12000000 -0.864986286701546E+003  0.406411820803827E-001 
     44.14000000 -0.864986286767464E+003  0.406411161616852E-001 
     44.16000000 -0.864986286833517E+003  0.406410501087071E-001 
     44.18000000 -0.864986286899075E+003  0.406409845503145E-001 
     44.20000000 -0.864986286963936E+003  0.406409196896201E-001 
     44.22000000 -0.864986287028717E+003  0.406408549085852E-001 
     44.24000000 -0.864986287093309E+003  0.406407903170319E-001 
     44.26000000 -0.864986287157725E+003  0.406407259006524E-001 
     44.28000000 -0.864986287223138E+003  0.406406604880446E-001 
     44.30000000 -0.864986287288778E+003  0.406405948475756E-001 
     44.32000000 -0.864986287354110E+003  0.406405295157874E-001 
     44.34000000 -0.864986287419450E+003  0.406404641755887E-001 
     44.36000000 -0.864986287484316E+003  0.406403993102539E-001 
     44.38000000 -0.864986287549420E+003  0.406403342061336E-001 
     44.40000000 -0.864986287615434E+003  0.406402681919219E-001 
     44.42000000 -0.864986287681532E+003  0.406402020939903E-001 
     44.44000000 -0.864986287747162E+003  0.406401364636721E-001 
     44.46000000 -0.864986287812503E+003  0.406400711229899E-001 
     44.48000000 -0.864986287878103E+003  0.406400055231241E-001 
     44.50000000 -0.864986287943957E+003  0.406399396686183E-001 
     44.52000000 -0.864986288010013E+003  0.406398736133200E-001 
     44.54000000 -0.864986288075994E+003  0.406398076313975E-001 
     44.56000000 -0.864986288141816E+003  0.406397418101476E-001 
     44.58000000 -0.864986288207747E+003  0.406396758791724E-001 
     44.60000000 -0.864986288273901E+003  0.406396097245897E-001 
     44.62000000 -0.864986288339927E+003  0.406395436983904E-001 
     44.64000000 -0.864986288405942E+003  0.406394776838886E-001 
     44.66000000 -0.864986288471872E+003  0.406394117538802E-001 
     44.68000000 -0.864986288537667E+003  0.406393459586357E-001 
     44.70000000 -0.864986288603291E+003  0.406392803350847E-001 
     44.72000000 -0.864986288668615E+003  0.406392150107405E-001 
     44.74000000 -0.864986288734175E+003  0.406391494508978E-001 
     44.76000000 -0.864986288799636E+003  0.406390839896628E-001 
     44.78000000 -0.864986288864682E+003  0.406390189443206E-001 
     44.80000000 -0.864986288929619E+003  0.406389540072534E-001 
     44.82000000 -0.864986288994544E+003  0.406388890821739E-001 
     44.84000000 -0.864986289059870E+003  0.406388237558963E-001 
     44.86000000 -0.864986289125335E+003  0.406387582904077E-001 
     44.88000000 -0.864986289190979E+003  0.406386926470384E-001 
     44.90000000 -0.864986289256727E+003  0.406386268992609E-001 
     44.92000000 -0.864986289322389E+003  0.406385612363635E-001 
     44.94000000 -0.864986289387908E+003  0.406384957177040E-001 
     44.96000000 -0.864986289453480E+003  0.406384301456804E-001 
     44.98000000 -0.864986289518716E+003  0.406383649096965E-001 
     45.00000000 -0.864986289583790E+003  0.406382998355453E-001 
     45.02000000 -0.864986289649218E+003  0.406382344075663E-001 
     45.04000000 -0.864986289714880E+003  0.406381687461189E-001 
     45.06000000 -0.864986289780342E+003  0.406381032835305E-001 
     45.08000000 -0.864986289845731E+003  0.406380378949946E-001 
     45.10000000 -0.864986289910824E+003  0.406379728016053E-001 
     45.12000000 -0.864986289975655E+003  0.406379079711699E-001 
     45.14000000 -0.864986290040500E+003  0.406378431256533E-001 
     45.16000000 -0.864986290105553E+003  0.406377780727704E-001 
     45.18000000 -0.864986290170200E+003  0.406377134262094E-001 
     45.20000000 -0.864986290234465E+003  0.406376491605451E-001 
     45.22000000 -0.864986290298483E+003  0.406375851432369E-001 
     45.24000000 -0.864986290362282E+003  0.406375213440258E-001 
     45.26000000 -0.864986290426494E+003  0.406374571322090E-001 
     45.28000000 -0.864986290491477E+003  0.406373921489316E-001 
     45.30000000 -0.864986290556677E+003  0.406373269489105E-001 
     45.32000000 -0.864986290621411E+003  0.406372622150527E-001 
     45.34000000 -0.864986290685477E+003  0.406371981484406E-001 
     45.36000000 -0.864986290749519E+003  0.406371341071572E-001 
     45.38000000 -0.864986290814035E+003  0.406370695910098E-001 
     45.40000000 -0.864986290878715E+003  0.406370049104195E-001 
     45.42000000 -0.864986290943707E+003  0.406369399187314E-001 
     45.44000000 -0.864986291008901E+003  0.406368747248975E-001 
     45.46000000 -0.864986291073854E+003  0.406368097720725E-001 
     45.48000000 -0.864986291138194E+003  0.406367454321623E-001 
     45.50000000 -0.864986291202250E+003  0.406366813756043E-001 
     45.52000000 -0.864986291267002E+003  0.406366166237651E-001 
     45.54000000 -0.864986291332194E+003  0.406365514320580E-001 
     45.56000000 -0.864986291397367E+003  0.406364862585257E-001 
     45.58000000 -0.864986291462473E+003  0.406364211532453E-001 
     45.60000000 -0.864986291527527E+003  0.406363560984290E-001 
     45.62000000 -0.864986291592348E+003  0.406362912781444E-001 
     45.64000000 -0.864986291656724E+003  0.406362269018846E-001 
     45.66000000 -0.864986291721362E+003  0.406361622636377E-001 
     45.68000000 -0.864986291786093E+003  0.406360975325834E-001 
     45.70000000 -0.864986291850689E+003  0.406360329372598E-001 
     45.72000000 -0.864986291914368E+003  0.406359692581182E-001 
     45.74000000 -0.864986291978238E+003  0.406359053881416E-001 
     45.76000000 -0.864986292042765E+003  0.406358408607800E-001 
     45.78000000 -0.864986292107677E+003  0.406357759486548E-001 
     45.80000000 -0.864986292172218E+003  0.406357114078555E-001 
     45.82000000 -0.864986292236338E+003  0.406356472879759E-001 
     45.84000000 -0.864986292300589E+003  0.406355830373927E-001 
     45.86000000 -0.864986292365345E+003  0.406355182808164E-001 
     45.88000000 -0.864986292430047E+003  0.406354535793445E-001 
     45.90000000 -0.864986292494866E+003  0.406353887593499E-001 
     45.92000000 -0.864986292559420E+003  0.406353242058863E-001 
     45.94000000 -0.864986292623523E+003  0.406352601027313E-001 
     45.96000000 -0.864986292687387E+003  0.406351962391352E-001 
     45.98000000 -0.864986292750764E+003  0.406351328622940E-001 
     46.00000000 -0.864986292813888E+003  0.406350697377726E-001 
     46.02000000 -0.864986292876860E+003  0.406350067658998E-001 
     46.04000000 -0.864986292940050E+003  0.406349435759299E-001 
     46.06000000 -0.864986293003472E+003  0.406348801534585E-001 
     46.08000000 -0.864986293066664E+003  0.406348169619418E-001 
     46.10000000 -0.864986293130257E+003  0.406347533692269E-001 
     46.12000000 -0.864986293194890E+003  0.406346887357170E-001 
     46.14000000 -0.864986293259304E+003  0.406346243213676E-001 
     46.16000000 -0.864986293323254E+003  0.406345603722148E-001 
     46.18000000 -0.864986293386939E+003  0.406344966865960E-001 
     46.20000000 -0.864986293450583E+003  0.406344330428371E-001 
     46.22000000 -0.864986293514106E+003  0.406343695200177E-001 
     46.24000000 -0.864986293577116E+003  0.406343065101520E-001 
     46.26000000 -0.864986293640164E+003  0.406342434621966E-001 
     46.28000000 -0.864986293703572E+003  0.406341800534529E-001 
     46.30000000 -0.864986293767184E+003  0.406341164422732E-001 
     46.32000000 -0.864986293831093E+003  0.406340525331435E-001 
     46.34000000 -0.864986293895198E+003  0.406339884278618E-001 
     46.36000000 -0.864986293959138E+003  0.406339244878930E-001 
     46.38000000 -0.864986294022714E+003  0.406338609114194E-001 
     46.40000000 -0.864986294085823E+003  0.406337978028492E-001 
     46.42000000 -0.864986294148714E+003  0.406337349119895E-001 
     46.44000000 -0.864986294212013E+003  0.406336716123910E-001 
     46.46000000 -0.864986294275889E+003  0.406336077365173E-001 
     46.48000000 -0.864986294339609E+003  0.406335440163857E-001 
     46.50000000 -0.864986294403797E+003  0.406334798292209E-001 
     46.52000000 -0.864986294467973E+003  0.406334156524001E-001 
     46.54000000 -0.864986294531952E+003  0.406333516735683E-001 
     46.56000000 -0.864986294595732E+003  0.406332878933054E-001 
     46.58000000 -0.864986294659464E+003  0.406332241620563E-001 
     46.60000000 -0.864986294723377E+003  0.406331602492530E-001 
     46.62000000 -0.864986294787313E+003  0.406330963133445E-001 
     46.64000000 -0.864986294851046E+003  0.406330325800653E-001 
     46.66000000 -0.864986294914363E+003  0.406329692627754E-001 
     46.68000000 -0.864986294977274E+003  0.406329063517108E-001 
     46.70000000 -0.864986295040049E+003  0.406328435770535E-001 
     46.72000000 -0.864986295103094E+003  0.406327805321917E-001 
     46.74000000 -0.864986295166567E+003  0.406327170590629E-001 
     46.76000000 -0.864986295230358E+003  0.406326532677791E-001 
     46.78000000 -0.864986295293978E+003  0.406325896475121E-001 
     46.80000000 -0.864986295357299E+003  0.406325263271286E-001 
     46.82000000 -0.864986295420563E+003  0.406324630631063E-001 
     46.84000000 -0.864986295483580E+003  0.406324000454099E-001 
     46.86000000 -0.864986295546761E+003  0.406323368645274E-001 
     46.88000000 -0.864986295609726E+003  0.406322738999052E-001 
     46.90000000 -0.864986295672992E+003  0.406322106336594E-001 
     46.92000000 -0.864986295736099E+003  0.406321475272160E-001 
     46.94000000 -0.864986295798872E+003  0.406320847541056E-001 
     46.96000000 -0.864986295862093E+003  0.406320215331999E-001 
     46.98000000 -0.864986295925341E+003  0.406319582850321E-001 
     47.00000000 -0.864986295987449E+003  0.406318961766539E-001 
     47.02000000 -0.864986296047758E+003  0.406318358677703E-001 
     47.04000000 -0.864986296107093E+003  0.406317765325898E-001 
     47.06000000 -0.864986296167609E+003  0.406317160163400E-001 
     47.08000000 -0.864986296229343E+003  0.406316542825744E-001 
     47.10000000 -0.864986296292125E+003  0.406315915005699E-001 
     47.12000000 -0.864986296355305E+003  0.406315283204608E-001 
     47.14000000 -0.864986296417889E+003  0.406314657370253E-001 
     47.16000000 -0.864986296479538E+003  0.406314040882364E-001 
     47.18000000 -0.864986296541182E+003  0.406313424439913E-001 
     47.20000000 -0.864986296603361E+003  0.406312802645574E-001 
     47.22000000 -0.864986296666203E+003  0.406312174228082E-001 
     47.24000000 -0.864986296728979E+003  0.406311546469909E-001 
     47.26000000 -0.864986296790045E+003  0.406310935806645E-001 
     47.28000000 -0.864986296850068E+003  0.406310335582267E-001 
     47.30000000 -0.864986296911872E+003  0.406309717542757E-001 
     47.32000000 -0.864986296974961E+003  0.406309086647504E-001 
     47.34000000 -0.864986297038018E+003  0.406308456074176E-001 
     47.36000000 -0.864986297101094E+003  0.406307825315233E-001 
     47.38000000 -0.864986297164056E+003  0.406307195696080E-001 
     47.40000000 -0.864986297226540E+003  0.406306570862303E-001 
     47.42000000 -0.864986297288803E+003  0.406305948223031E-001 
     47.44000000 -0.864986297351645E+003  0.406305319803606E-001 
     47.46000000 -0.864986297414745E+003  0.406304688803944E-001 
     47.48000000 -0.864986297478072E+003  0.406304055540172E-001 
     47.50000000 -0.864986297541154E+003  0.406303424716457E-001 
     47.52000000 -0.864986297604066E+003  0.406302795597110E-001 
     47.54000000 -0.864986297667116E+003  0.406302165095321E-001 
     47.56000000 -0.864986297729704E+003  0.406301539216495E-001 
     47.58000000 -0.864986297791121E+003  0.406300925046856E-001 
     47.60000000 -0.864986297852093E+003  0.406300315330033E-001 
     47.62000000 -0.864986297914335E+003  0.406299692912145E-001 
     47.64000000 -0.864986297977474E+003  0.406299061518053E-001 
     47.66000000 -0.864986298039820E+003  0.406298438058983E-001 
     47.68000000 -0.864986298101804E+003  0.406297818218432E-001 
     47.70000000 -0.864986298164046E+003  0.406297195794744E-001 
     47.72000000 -0.864986298225917E+003  0.406296577087215E-001 
     47.74000000 -0.864986298287010E+003  0.406295966162930E-001 
     47.76000000 -0.864986298348389E+003  0.406295352367420E-001 
     47.78000000 -0.864986298410944E+003  0.406294726817286E-001 
     47.80000000 -0.864986298473424E+003  0.406294102017345E-001 
     47.82000000 -0.864986298534549E+003  0.406293490767268E-001 
     47.84000000 -0.864986298595235E+003  0.406292883904269E-001 
     47.86000000 -0.864986298657248E+003  0.406292263773695E-001 
     47.88000000 -0.864986298719582E+003  0.406291640441269E-001 
     47.90000000 -0.864986298781216E+003  0.406291024102259E-001 
     47.92000000 -0.864986298842805E+003  0.406290408204084E-001 
     47.94000000 -0.864986298904791E+003  0.406289788345164E-001 
     47.96000000 -0.864986298967302E+003  0.406289163240699E-001 
     47.98000000 -0.864986299029256E+003  0.406288543699837E-001 
     48.00000000 -0.864986299091162E+003  0.406287924636547E-001 
     48.02000000 -0.864986299153285E+003  0.406287303409686E-001 
     48.04000000 -0.864986299214727E+003  0.406286688990627E-001 
     48.06000000 -0.864986299276277E+003  0.406286073485916E-001 
     48.08000000 -0.864986299338210E+003  0.406285454154837E-001 
     48.10000000 -0.864986299400057E+003  0.406284835689961E-001 
     48.12000000 -0.864986299462053E+003  0.406284215725666E-001 
     48.14000000 -0.864986299524332E+003  0.406283592942350E-001 
     48.16000000 -0.864986299586727E+003  0.406282968990242E-001 
     48.18000000 -0.864986299648755E+003  0.406282348708856E-001 
     48.20000000 -0.864986299710757E+003  0.406281728685590E-001 
     48.22000000 -0.864986299771793E+003  0.406281118325882E-001 
     48.24000000 -0.864986299831997E+003  0.406280516290796E-001 
     48.26000000 -0.864986299892590E+003  0.406279910354903E-001 
     48.28000000 -0.864986299953810E+003  0.406279298156452E-001 
     48.30000000 -0.864986300014493E+003  0.406278691330189E-001 
     48.32000000 -0.864986300074623E+003  0.406278090027893E-001 
     48.34000000 -0.864986300135387E+003  0.406277482387633E-001 
     48.36000000 -0.864986300196318E+003  0.406276873074909E-001 
     48.38000000 -0.864986300257470E+003  0.406276261561878E-001 
     48.40000000 -0.864986300319258E+003  0.406275643674146E-001 
     48.42000000 -0.864986300380409E+003  0.406275032163049E-001 
     48.44000000 -0.864986300441537E+003  0.406274420883969E-001 
     48.46000000 -0.864986300503083E+003  0.406273805430496E-001 
     48.48000000 -0.864986300565292E+003  0.406273183336467E-001 
     48.50000000 -0.864986300627309E+003  0.406272563170123E-001 
     48.52000000 -0.864986300689642E+003  0.406271939834797E-001 
     48.54000000 -0.864986300751992E+003  0.406271316337058E-001 
     48.56000000 -0.864986300813704E+003  0.406270699221754E-001 
     48.58000000 -0.864986300875639E+003  0.406270079872307E-001 
     48.60000000 -0.864986300937634E+003  0.406269459918647E-001 
     48.62000000 -0.864986300999568E+003  0.406268840576934E-001 
     48.64000000 -0.864986301061356E+003  0.406268222694036E-001 
     48.66000000 -0.864986301121804E+003  0.406267618217925E-001 
     48.68000000 -0.864986301180261E+003  0.406267033651877E-001 
     48.70000000 -0.864986301238496E+003  0.406266451299670E-001 
     48.72000000 -0.864986301297584E+003  0.406265860420793E-001 
     48.74000000 -0.864986301358397E+003  0.406265252292328E-001 
     48.76000000 -0.864986301420325E+003  0.406264633005720E-001 
     48.78000000 -0.864986301481802E+003  0.406264018236700E-001 
     48.80000000 -0.864986301543389E+003  0.406263402363660E-001 
     48.82000000 -0.864986301605433E+003  0.406262781924695E-001 
     48.84000000 -0.864986301667311E+003  0.406262163152394E-001 
     48.86000000 -0.864986301729097E+003  0.406261545285930E-001 
     48.88000000 -0.864986301791156E+003  0.406260924698087E-001 
     48.90000000 -0.864986301852843E+003  0.406260307830268E-001 
     48.92000000 -0.864986301914330E+003  0.406259692953940E-001 
     48.94000000 -0.864986301975281E+003  0.406259083452700E-001 
     48.96000000 -0.864986302035322E+003  0.406258483035941E-001 
     48.98000000 -0.864986302095145E+003  0.406257884806920E-001 
     49.00000000 -0.864986302156013E+003  0.406257276123545E-001 
     49.02000000 -0.864986302216931E+003  0.406256666946164E-001 
     49.04000000 -0.864986302278288E+003  0.406256053375905E-001 
     49.06000000 -0.864986302340043E+003  0.406255435824600E-001 
     49.08000000 -0.864986302401454E+003  0.406254821716832E-001 
     49.10000000 -0.864986302462718E+003  0.406254209078512E-001 
     49.12000000 -0.864986302524143E+003  0.406253594829600E-001 
     49.14000000 -0.864986302585808E+003  0.406252978177365E-001 
     49.16000000 -0.864986302646799E+003  0.406252368265260E-001 
     49.18000000 -0.864986302707976E+003  0.406251756499909E-001 
     49.20000000 -0.864986302769245E+003  0.406251143811320E-001 
     49.22000000 -0.864986302829931E+003  0.406250536952188E-001 
     49.24000000 -0.864986302889453E+003  0.406249941724902E-001 
     49.26000000 -0.864986302948202E+003  0.406249354240259E-001 
     49.28000000 -0.864986303006688E+003  0.406248769380321E-001 
     49.30000000 -0.864986303065696E+003  0.406248179293207E-001 
     49.32000000 -0.864986303125843E+003  0.406247577827532E-001 
     49.34000000 -0.864986303186360E+003  0.406246972658266E-001 
     49.36000000 -0.864986303246905E+003  0.406246367204777E-001 
     49.38000000 -0.864986303307321E+003  0.406245763048658E-001 
     49.40000000 -0.864986303367374E+003  0.406245162521690E-001 
     49.42000000 -0.864986303428162E+003  0.406244554639744E-001 
     49.44000000 -0.864986303489797E+003  0.406243938283333E-001 
     49.46000000 -0.864986303550846E+003  0.406243327802783E-001 
     49.48000000 -0.864986303610855E+003  0.406242727706982E-001 
     49.50000000 -0.864986303670866E+003  0.406242127601514E-001 
     49.52000000 -0.864986303731523E+003  0.406241521028537E-001 
     49.54000000 -0.864986303792163E+003  0.406240914624741E-001 
     49.56000000 -0.864986303852563E+003  0.406240310626200E-001 
     49.58000000 -0.864986303913003E+003  0.406239706226462E-001 
     49.60000000 -0.864986303972652E+003  0.406239109740478E-001 
     49.62000000 -0.864986304032152E+003  0.406238514740377E-001 
     49.64000000 -0.864986304092547E+003  0.406237910788240E-001 
     49.66000000 -0.864986304153269E+003  0.406237303565613E-001 
     49.68000000 -0.864986304214116E+003  0.406236695102655E-001 
     49.70000000 -0.864986304275067E+003  0.406236085584981E-001 
     49.72000000 -0.864986304335946E+003  0.406235476796230E-001 
     49.74000000 -0.864986304396613E+003  0.406234870127547E-001 
     49.76000000 -0.864986304456973E+003  0.406234266527304E-001 
     49.78000000 -0.864986304517714E+003  0.406233659116162E-001 
     49.80000000 -0.864986304578801E+003  0.406233048245048E-001 
     49.82000000 -0.864986304638946E+003  0.406232446795807E-001 
     49.84000000 -0.864986304697888E+003  0.406231857372845E-001 
     49.86000000 -0.864986304756893E+003  0.406231267331167E-001 
     49.88000000 -0.864986304815734E+003  0.406230678913617E-001 
     49.90000000 -0.864986304874932E+003  0.406230086938454E-001 
     49.92000000 -0.864986304935148E+003  0.406229484779624E-001 
     49.94000000 -0.864986304994949E+003  0.406228886764254E-001 
     49.96000000 -0.864986305054828E+003  0.406228287975489E-001 
     49.98000000 -0.864986305115398E+003  0.406227682280315E-001 
     50.00000000 -0.864986305175987E+003  0.406227076389859E-001 
     50.02000000 -0.864986305236227E+003  0.406226473990310E-001 
     50.04000000 -0.864986305296002E+003  0.406225876234994E-001 
     50.06000000 -0.864986305355921E+003  0.406225277050831E-001 
     50.08000000 -0.864986305416196E+003  0.406224674296488E-001 
     50.10000000 -0.864986305476301E+003  0.406224073250379E-001 
     50.12000000 -0.864986305536700E+003  0.406223469256672E-001 
     50.14000000 -0.864986305597232E+003  0.406222863936594E-001 
     50.16000000 -0.864986305657675E+003  0.406222259513654E-001 
     50.18000000 -0.864986305717884E+003  0.406221657421529E-001 
     50.20000000 -0.864986305778061E+003  0.406221055646497E-001 
     50.22000000 -0.864986305837640E+003  0.406220459858501E-001 
     50.24000000 -0.864986305896477E+003  0.406219871485421E-001 
     50.26000000 -0.864986305955590E+003  0.406219280355191E-001 
     50.28000000 -0.864986306014939E+003  0.406218686864176E-001 
     50.30000000 -0.864986306074742E+003  0.406218088835270E-001 
     50.32000000 -0.864986306135479E+003  0.406217481466665E-001 
     50.34000000 -0.864986306195511E+003  0.406216881151414E-001 
     50.36000000 -0.864986306255136E+003  0.406216284901315E-001 
     50.38000000 -0.864986306315477E+003  0.406215681490554E-001 
     50.40000000 -0.864986306376149E+003  0.406215074771599E-001 
     50.42000000 -0.864986306436656E+003  0.406214469702875E-001 
     50.44000000 -0.864986306497112E+003  0.406213865136856E-001 
     50.46000000 -0.864986306557495E+003  0.406213261307495E-001 
     50.48000000 -0.864986306618206E+003  0.406212654197010E-001 
     50.50000000 -0.864986306678913E+003  0.406212047123261E-001 
     50.52000000 -0.864986306739415E+003  0.406211442109641E-001 
     50.54000000 -0.864986306799625E+003  0.406210840009783E-001 
     50.56000000 -0.864986306859624E+003  0.406210240018390E-001 
     50.58000000 -0.864986306919904E+003  0.406209637213776E-001 
     50.60000000 -0.864986306980181E+003  0.406209034445899E-001 
     50.62000000 -0.864986307039666E+003  0.406208439601444E-001 
     50.64000000 -0.864986307099037E+003  0.406207845887111E-001 
     50.66000000 -0.864986307159105E+003  0.406207245212231E-001 
     50.68000000 -0.864986307219402E+003  0.406206642239405E-001 
     50.70000000 -0.864986307279857E+003  0.406206037690787E-001 
     50.72000000 -0.864986307340182E+003  0.406205434437605E-001 
     50.74000000 -0.864986307400066E+003  0.406204835595670E-001 
     50.76000000 -0.864986307459278E+003  0.406204243476462E-001 
     50.78000000 -0.864986307518151E+003  0.406203654749554E-001 
     50.80000000 -0.864986307577693E+003  0.406203059332787E-001 
     50.82000000 -0.864986307637958E+003  0.406202456677052E-001 
     50.84000000 -0.864986307697835E+003  0.406201857909556E-001 
     50.86000000 -0.864986307757423E+003  0.406201262028753E-001 
     50.88000000 -0.864986307817557E+003  0.406200660691654E-001 
     50.90000000 -0.864986307877058E+003  0.406200065679953E-001 
     50.92000000 -0.864986307935621E+003  0.406199480047588E-001 
     50.94000000 -0.864986307995180E+003  0.406198884460675E-001 
     50.96000000 -0.864986308054841E+003  0.406198287849014E-001 
     50.98000000 -0.864986308114344E+003  0.406197692823778E-001 
     51.00000000 -0.864986308173273E+003  0.406197103524559E-001 
     51.02000000 -0.864986308232083E+003  0.406196515425067E-001 
     51.04000000 -0.864986308290952E+003  0.406195926733929E-001 
     51.06000000 -0.864986308349393E+003  0.406195342327393E-001 
     51.08000000 -0.864986308407432E+003  0.406194761933807E-001 
     51.10000000 -0.864986308465907E+003  0.406194177190845E-001 
     51.12000000 -0.864986308525627E+003  0.406193579984638E-001 
     51.14000000 -0.864986308585646E+003  0.406192979795063E-001 
     51.16000000 -0.864986308645760E+003  0.406192378657114E-001 
     51.18000000 -0.864986308705370E+003  0.406191782562661E-001 
     51.20000000 -0.864986308764589E+003  0.406191190364180E-001 
     51.22000000 -0.864986308824109E+003  0.406190595172664E-001 
     51.24000000 -0.864986308883748E+003  0.406189998775621E-001 
     51.26000000 -0.864986308942453E+003  0.406189411726011E-001 
     51.28000000 -0.864986309000222E+003  0.406188834042204E-001 
     51.30000000 -0.864986309058041E+003  0.406188255848924E-001 
     51.32000000 -0.864986309116978E+003  0.406187666476232E-001 
     51.34000000 -0.864986309176509E+003  0.406187071165807E-001 
     51.36000000 -0.864986309235861E+003  0.406186477647723E-001 
     51.38000000 -0.864986309295242E+003  0.406185883843483E-001 
     51.40000000 -0.864986309354171E+003  0.406185294545230E-001 
     51.42000000 -0.864986309413551E+003  0.406184700745824E-001 
     51.44000000 -0.864986309473283E+003  0.406184103430375E-001 
     51.46000000 -0.864986309532984E+003  0.406183506413649E-001 
     51.48000000 -0.864986309592388E+003  0.406182912380291E-001 
     51.50000000 -0.864986309651817E+003  0.406182318092680E-001 
     51.52000000 -0.864986309710866E+003  0.406181727594699E-001 
     51.54000000 -0.864986309769361E+003  0.406181142647755E-001 
     51.56000000 -0.864986309827465E+003  0.406180561608384E-001 
     51.58000000 -0.864986309886073E+003  0.406179975530351E-001 
     51.60000000 -0.864986309945317E+003  0.406179383085351E-001 
     51.62000000 -0.864986310004502E+003  0.406178791233931E-001 
     51.64000000 -0.864986310063491E+003  0.406178201346932E-001 
     51.66000000 -0.864986310121996E+003  0.406177616295580E-001 
     51.68000000 -0.864986310180569E+003  0.406177030565574E-001 
     51.70000000 -0.864986310239526E+003  0.406176440996633E-001 
     51.72000000 -0.864986310298973E+003  0.406175846528241E-001 
     51.74000000 -0.864986310358508E+003  0.406175251173346E-001 
     51.76000000 -0.864986310417988E+003  0.406174656377228E-001 
     51.78000000 -0.864986310477313E+003  0.406174063127899E-001 
     51.80000000 -0.864986310536484E+003  0.406173471415690E-001 
     51.82000000 -0.864986310595630E+003  0.406172879958701E-001 
     51.84000000 -0.864986310654764E+003  0.406172288613854E-001 
     51.86000000 -0.864986310713359E+003  0.406171702669231E-001 
     51.88000000 -0.864986310771873E+003  0.406171117527005E-001 
     51.90000000 -0.864986310830940E+003  0.406170526862745E-001 
     51.92000000 -0.864986310889945E+003  0.406169936805599E-001 
     51.94000000 -0.864986310948712E+003  0.406169349136308E-001 
     51.96000000 -0.864986311007428E+003  0.406168761975523E-001 
     51.98000000 -0.864986311066333E+003  0.406168172925723E-001 
     52.00000000 -0.864986311125231E+003  0.406167583951329E-001 
     52.02000000 -0.864986311184442E+003  0.406166991836955E-001 
     52.04000000 -0.864986311243574E+003  0.406166400519177E-001 
     52.06000000 -0.864986311302092E+003  0.406165815342148E-001 
     52.08000000 -0.864986311359253E+003  0.406165243723684E-001 
     52.10000000 -0.864986311415377E+003  0.406164682486102E-001 
     52.12000000 -0.864986311470708E+003  0.406164129173876E-001 
     52.14000000 -0.864986311526390E+003  0.406163572358174E-001 
     52.16000000 -0.864986311583345E+003  0.406163002808539E-001 
     52.18000000 -0.864986311641532E+003  0.406162420937770E-001 
     52.20000000 -0.864986311700289E+003  0.406161833368053E-001 
     52.22000000 -0.864986311759065E+003  0.406161245613688E-001 
     52.24000000 -0.864986311816268E+003  0.406160673580492E-001 
     52.26000000 -0.864986311870989E+003  0.406160126365511E-001 
     52.28000000 -0.864986311924765E+003  0.406159588613007E-001 
     52.30000000 -0.864986311979606E+003  0.406159040197332E-001 
     52.32000000 -0.864986312036883E+003  0.406158467425544E-001 
     52.34000000 -0.864986312095001E+003  0.406157886252763E-001 
     52.36000000 -0.864986312153423E+003  0.406157302030875E-001 
     52.38000000 -0.864986312212431E+003  0.406156711948594E-001 
     52.40000000 -0.864986312271406E+003  0.406156122195006E-001 
     52.42000000 -0.864986312330204E+003  0.406155534222157E-001 
     52.44000000 -0.864986312388891E+003  0.406154947345595E-001 
     52.46000000 -0.864986312447786E+003  0.406154358396336E-001 
     52.48000000 -0.864986312505775E+003  0.406153778507389E-001 
     52.50000000 -0.864986312563010E+003  0.406153206157101E-001 
     52.52000000 -0.864986312621162E+003  0.406152624642093E-001 
     52.54000000 -0.864986312679591E+003  0.406152040348666E-001 
     52.56000000 -0.864986312737965E+003  0.406151456603383E-001 
     52.58000000 -0.864986312796783E+003  0.406150868426552E-001 
     52.60000000 -0.864986312855429E+003  0.406150281968589E-001 
     52.62000000 -0.864986312913751E+003  0.406149698747280E-001 
     52.64000000 -0.864986312971837E+003  0.406149117887724E-001 
     52.66000000 -0.864986313029866E+003  0.406148537596612E-001 
     52.68000000 -0.864986313087758E+003  0.406147958678274E-001 
     52.70000000 -0.864986313145943E+003  0.406147376828773E-001 
     52.72000000 -0.864986313204403E+003  0.406146792231790E-001 
     52.74000000 -0.864986313262856E+003  0.406146207699578E-001 
     52.76000000 -0.864986313321555E+003  0.406145620704106E-001 
     52.78000000 -0.864986313380085E+003  0.406145035403334E-001 
     52.80000000 -0.864986313438336E+003  0.406144452898382E-001 
     52.82000000 -0.864986313496495E+003  0.406143871309901E-001 
     52.84000000 -0.864986313554454E+003  0.406143291715811E-001 
     52.86000000 -0.864986313612524E+003  0.406142711021567E-001 
     52.88000000 -0.864986313670761E+003  0.406142128651958E-001 
     52.90000000 -0.864986313728719E+003  0.406141549064635E-001 
     52.92000000 -0.864986313786602E+003  0.406140970239105E-001 
     52.94000000 -0.864986313844555E+003  0.406140390706886E-001 
     52.96000000 -0.864986313903149E+003  0.406139804767097E-001 
     52.98000000 -0.864986313961645E+003  0.406139219806618E-001 
     53.00000000 -0.864986314019727E+003  0.406138638988632E-001 
     53.02000000 -0.864986314077793E+003  0.406138058324357E-001 
     53.04000000 -0.864986314136111E+003  0.406137475143651E-001 
     53.06000000 -0.864986314194434E+003  0.406136891917509E-001 
     53.08000000 -0.864986314252923E+003  0.406136307024702E-001 
     53.10000000 -0.864986314311419E+003  0.406135722072924E-001 
     53.12000000 -0.864986314369810E+003  0.406135138157494E-001 
     53.14000000 -0.864986314428295E+003  0.406134553307224E-001 
     53.16000000 -0.864986314486436E+003  0.406133971895658E-001 
     53.18000000 -0.864986314544261E+003  0.406133393651140E-001 
     53.20000000 -0.864986314602072E+003  0.406132815540999E-001 
     53.22000000 -0.864986314660381E+003  0.406132232452134E-001 
     53.24000000 -0.864986314718612E+003  0.406131650142464E-001 
     53.26000000 -0.864986314776372E+003  0.406131072540830E-001 
     53.28000000 -0.864986314834203E+003  0.406130494233474E-001 
     53.30000000 -0.864986314892552E+003  0.406129910735676E-001 
     53.32000000 -0.864986314950597E+003  0.406129330283118E-001 
     53.34000000 -0.864986315008224E+003  0.406128754022356E-001 
     53.36000000 -0.864986315065679E+003  0.406128179463061E-001 
     53.38000000 -0.864986315123660E+003  0.406127599653387E-001 
     53.40000000 -0.864986315181720E+003  0.406127019062585E-001 
     53.42000000 -0.864986315238695E+003  0.406126449307034E-001 
     53.44000000 -0.864986315295932E+003  0.406125876939344E-001 
     53.46000000 -0.864986315353857E+003  0.406125297692315E-001 
     53.48000000 -0.864986315411634E+003  0.406124719919567E-001 
     53.50000000 -0.864986315469003E+003  0.406124146226473E-001 
     53.52000000 -0.864986315526460E+003  0.406123571654611E-001 
     53.54000000 -0.864986315584351E+003  0.406122992751741E-001 
     53.56000000 -0.864986315642488E+003  0.406122411375944E-001 
     53.58000000 -0.864986315699862E+003  0.406121837637413E-001 
     53.60000000 -0.864986315756251E+003  0.406121273752890E-001 
     53.62000000 -0.864986315813449E+003  0.406120701766097E-001 
     53.64000000 -0.864986315870965E+003  0.406120126607422E-001 
     53.66000000 -0.864986315927813E+003  0.406119558129904E-001 
     53.68000000 -0.864986315983912E+003  0.406118997142708E-001 
     53.70000000 -0.864986316039313E+003  0.406118443123793E-001 
     53.72000000 -0.864986316094332E+003  0.406117892938979E-001 
     53.74000000 -0.864986316150077E+003  0.406117335486195E-001 
     53.76000000 -0.864986316207261E+003  0.406116763645380E-001 
     53.78000000 -0.864986316265138E+003  0.406116184881721E-001 
     53.80000000 -0.864986316323101E+003  0.406115605252828E-001 
     53.82000000 -0.864986316380963E+003  0.406115026627413E-001 
     53.84000000 -0.864986316438643E+003  0.406114449823342E-001 
     53.86000000 -0.864986316496103E+003  0.406113875224410E-001 
     53.88000000 -0.864986316553411E+003  0.406113302145198E-001 
     53.90000000 -0.864986316610472E+003  0.406112731541814E-001 
     53.92000000 -0.864986316666984E+003  0.406112166417927E-001 
     53.94000000 -0.864986316722822E+003  0.406111608038036E-001 
     53.96000000 -0.864986316778217E+003  0.406111054083892E-001 
     53.98000000 -0.864986316833378E+003  0.406110502474100E-001 
     54.00000000 -0.864986316888773E+003  0.406109948532524E-001 
     54.02000000 -0.864986316945447E+003  0.406109381785476E-001 
     54.04000000 -0.864986317002207E+003  0.406108814185761E-001 
     54.06000000 -0.864986317059556E+003  0.406108240696650E-001 
     54.08000000 -0.864986317117238E+003  0.406107663880011E-001 
     54.10000000 -0.864986317174785E+003  0.406107088412945E-001 
     54.12000000 -0.864986317232277E+003  0.406106513493055E-001 
     54.14000000 -0.864986317289480E+003  0.406105941455024E-001 
     54.16000000 -0.864986317346412E+003  0.406105372143208E-001 
     54.18000000 -0.864986317403472E+003  0.406104801542724E-001 
     54.20000000 -0.864986317460227E+003  0.406104233985545E-001 
     54.22000000 -0.864986317517009E+003  0.406103666167346E-001 
     54.24000000 -0.864986317573901E+003  0.406103097243194E-001 
     54.26000000 -0.864986317631313E+003  0.406102523131501E-001 
     54.28000000 -0.864986317688896E+003  0.406101947295139E-001 
     54.30000000 -0.864986317746233E+003  0.406101373923970E-001 
     54.32000000 -0.864986317803575E+003  0.406100800504465E-001 
     54.34000000 -0.864986317861039E+003  0.406100225873631E-001 
     54.36000000 -0.864986317918325E+003  0.406099653008069E-001 
     54.38000000 -0.864986317975603E+003  0.406099080224680E-001 
     54.40000000 -0.864986318032944E+003  0.406098506816775E-001 
     54.42000000 -0.864986318090245E+003  0.406097933808135E-001 
     54.44000000 -0.864986318147397E+003  0.406097362292146E-001 
     54.46000000 -0.864986318204872E+003  0.406096787541436E-001 
     54.48000000 -0.864986318262070E+003  0.406096215553676E-001 
     54.50000000 -0.864986318319309E+003  0.406095643164718E-001 
     54.52000000 -0.864986318376458E+003  0.406095071676764E-001 
     54.54000000 -0.864986318433540E+003  0.406094500863597E-001 
     54.56000000 -0.864986318490399E+003  0.406093932270070E-001 
     54.58000000 -0.864986318547379E+003  0.406093362470049E-001 
     54.60000000 -0.864986318604448E+003  0.406092791774824E-001 
     54.62000000 -0.864986318661485E+003  0.406092221410225E-001 
     54.64000000 -0.864986318718145E+003  0.406091654808188E-001 
     54.66000000 -0.864986318774239E+003  0.406091093865463E-001 
     54.68000000 -0.864986318830890E+003  0.406090527361067E-001 
     54.70000000 -0.864986318887711E+003  0.406089959145537E-001 
     54.72000000 -0.864986318944270E+003  0.406089393558580E-001 
     54.74000000 -0.864986319000188E+003  0.406088834375326E-001 
     54.76000000 -0.864986319055045E+003  0.406088285805939E-001 
     54.78000000 -0.864986319110966E+003  0.406087726597550E-001 
     54.80000000 -0.864986319167989E+003  0.406087156367328E-001 
     54.82000000 -0.864986319224154E+003  0.406086594713080E-001 
     54.84000000 -0.864986319280197E+003  0.406086034293362E-001 
     54.86000000 -0.864986319336108E+003  0.406085475180680E-001 
     54.88000000 -0.864986319391707E+003  0.406084919185743E-001 
     54.90000000 -0.864986319447577E+003  0.406084360489727E-001 
     54.92000000 -0.864986319503793E+003  0.406083798333740E-001 
     54.94000000 -0.864986319560914E+003  0.406083227115507E-001 
     54.96000000 -0.864986319617708E+003  0.406082659183233E-001 
     54.98000000 -0.864986319674096E+003  0.406082095297743E-001 
     55.00000000 -0.864986319730842E+003  0.406081527840139E-001 
     55.02000000 -0.864986319787946E+003  0.406080956793986E-001 
     55.04000000 -0.864986319844208E+003  0.406080394175896E-001 
     55.06000000 -0.864986319899739E+003  0.406079838868313E-001 
     55.08000000 -0.864986319954859E+003  0.406079287671319E-001 
     55.10000000 -0.864986320010180E+003  0.406078734457701E-001 
     55.12000000 -0.864986320066283E+003  0.406078173427968E-001 
     55.14000000 -0.864986320122934E+003  0.406077606917772E-001 
     55.16000000 -0.864986320179572E+003  0.406077040541953E-001 
     55.18000000 -0.864986320235504E+003  0.406076481216588E-001 
     55.20000000 -0.864986320290968E+003  0.406075926573157E-001 
     55.22000000 -0.864986320346722E+003  0.406075369039166E-001 
     55.24000000 -0.864986320403212E+003  0.406074804140530E-001 
     55.26000000 -0.864986320460001E+003  0.406074236249825E-001 
     55.28000000 -0.864986320516803E+003  0.406073668227644E-001 
     55.30000000 -0.864986320573502E+003  0.406073101239877E-001 
     55.32000000 -0.864986320630277E+003  0.406072533484516E-001 
     55.34000000 -0.864986320686938E+003  0.406071966881512E-001 
     55.36000000 -0.864986320743420E+003  0.406071402053448E-001 
     55.38000000 -0.864986320799088E+003  0.406070845374058E-001 
     55.40000000 -0.864986320855029E+003  0.406070285966519E-001 
     55.42000000 -0.864986320911700E+003  0.406069719260074E-001 
     55.44000000 -0.864986320968339E+003  0.406069152863954E-001 
     55.46000000 -0.864986321024542E+003  0.406068590843310E-001 
     55.48000000 -0.864986321079946E+003  0.406068036802160E-001 
     55.50000000 -0.864986321134443E+003  0.406067491827122E-001 
     55.52000000 -0.864986321188367E+003  0.406066952591635E-001 
     55.54000000 -0.864986321243327E+003  0.406066402988800E-001 
     55.56000000 -0.864986321299355E+003  0.406065842704426E-001 
     55.58000000 -0.864986321355369E+003  0.406065282570864E-001 
     55.60000000 -0.864986321411980E+003  0.406064716454132E-001 
     55.62000000 -0.864986321468650E+003  0.406064149763155E-001 
     55.64000000 -0.864986321525095E+003  0.406063585312121E-001 
     55.66000000 -0.864986321581589E+003  0.406063020364180E-001 
     55.68000000 -0.864986321638165E+003  0.406062454605143E-001 
     55.70000000 -0.864986321694702E+003  0.406061889237637E-001 
     55.72000000 -0.864986321751277E+003  0.406061323489234E-001 
     55.74000000 -0.864986321807453E+003  0.406060761726711E-001 
     55.76000000 -0.864986321863279E+003  0.406060203464762E-001 
     55.78000000 -0.864986321919360E+003  0.406059642656414E-001 
     55.80000000 -0.864986321975495E+003  0.406059081309590E-001 
     55.82000000 -0.864986322031110E+003  0.406058525156107E-001 
     55.84000000 -0.864986322086079E+003  0.406057975472066E-001 
     55.86000000 -0.864986322140604E+003  0.406057430223440E-001 
     55.88000000 -0.864986322194596E+003  0.406056890294798E-001 
     55.90000000 -0.864986322249125E+003  0.406056345006535E-001 
     55.92000000 -0.864986322304142E+003  0.406055794837189E-001 
     55.94000000 -0.864986322360038E+003  0.406055235874353E-001 
     55.96000000 -0.864986322416347E+003  0.406054672783525E-001 
     55.98000000 -0.864986322472008E+003  0.406054116182440E-001 
     56.00000000 -0.864986322526628E+003  0.406053569975772E-001 
     56.02000000 -0.864986322581015E+003  0.406053026108621E-001 
     56.04000000 -0.864986322636251E+003  0.406052473747670E-001 
     56.06000000 -0.864986322692191E+003  0.406051914346899E-001 
     56.08000000 -0.864986322747847E+003  0.406051357786417E-001 
     56.10000000 -0.864986322803602E+003  0.406050800236958E-001 
     56.12000000 -0.864986322859774E+003  0.406050238522772E-001 
     56.14000000 -0.864986322915762E+003  0.406049678635729E-001 
     56.16000000 -0.864986322971484E+003  0.406049121420763E-001 
     56.18000000 -0.864986323027197E+003  0.406048564290871E-001 
     56.20000000 -0.864986323082972E+003  0.406048006533562E-001 
     56.22000000 -0.864986323138743E+003  0.406047448830391E-001 
     56.24000000 -0.864986323194515E+003  0.406046891108851E-001 
     56.26000000 -0.864986323249882E+003  0.406046337441831E-001 
     56.28000000 -0.864986323304999E+003  0.406045786265139E-001 
     56.30000000 -0.864986323360438E+003  0.406045231876928E-001 
     56.32000000 -0.864986323416413E+003  0.406044672132963E-001 
     56.34000000 -0.864986323472357E+003  0.406044112689656E-001 
     56.36000000 -0.864986323527686E+003  0.406043559396764E-001 
     56.38000000 -0.864986323582728E+003  0.406043008974132E-001 
     56.40000000 -0.864986323638094E+003  0.406042455314845E-001 
     56.42000000 -0.864986323693208E+003  0.406041904181656E-001 
     56.44000000 -0.864986323747350E+003  0.406041362762298E-001 
     56.46000000 -0.864986323801671E+003  0.406040819549631E-001 
     56.48000000 -0.864986323856619E+003  0.406040270072473E-001 
     56.50000000 -0.864986323911947E+003  0.406039716790216E-001 
     56.52000000 -0.864986323967783E+003  0.406039158430626E-001 
     56.54000000 -0.864986324023588E+003  0.406038600374594E-001 
     56.56000000 -0.864986324079323E+003  0.406038043031051E-001 
     56.58000000 -0.864986324135062E+003  0.406037485638205E-001 
     56.60000000 -0.864986324190560E+003  0.406036930653514E-001 
     56.62000000 -0.864986324246120E+003  0.406036375056875E-001 
     56.64000000 -0.864986324301684E+003  0.406035819420599E-001 
     56.66000000 -0.864986324355506E+003  0.406035281203092E-001 
     56.68000000 -0.864986324408305E+003  0.406034753205987E-001 
     56.70000000 -0.864986324461886E+003  0.406034217397603E-001 
     56.72000000 -0.864986324516503E+003  0.406033671229604E-001 
     56.74000000 -0.864986324571988E+003  0.406033116378324E-001 
     56.76000000 -0.864986324627790E+003  0.406032558354194E-001 
     56.78000000 -0.864986324682733E+003  0.406032008930207E-001 
     56.80000000 -0.864986324736130E+003  0.406031474960566E-001 
     56.82000000 -0.864986324789430E+003  0.406030941959602E-001 
     56.84000000 -0.864986324844032E+003  0.406030395939515E-001 
     56.86000000 -0.864986324899309E+003  0.406029843165765E-001 
     56.88000000 -0.864986324954570E+003  0.406029290562161E-001 
     56.90000000 -0.864986325009892E+003  0.406028737335975E-001 
     56.92000000 -0.864986325065393E+003  0.406028182329049E-001 
     56.94000000 -0.864986325120493E+003  0.406027631332171E-001 
     56.96000000 -0.864986325175418E+003  0.406027082075430E-001 
     56.98000000 -0.864986325230126E+003  0.406026534997727E-001 
     57.00000000 -0.864986325284144E+003  0.406025994822566E-001 
     57.02000000 -0.864986325337451E+003  0.406025461752963E-001 
     57.04000000 -0.864986325389911E+003  0.406024937152025E-001 
     57.06000000 -0.864986325442464E+003  0.406024411615280E-001 
     57.08000000 -0.864986325495951E+003  0.406023876750436E-001 
     57.10000000 -0.864986325550906E+003  0.406023327194972E-001 
     57.12000000 -0.864986325605422E+003  0.406022782042053E-001 
     57.14000000 -0.864986325658293E+003  0.406022253325692E-001 
     57.16000000 -0.864986325708769E+003  0.406021748564246E-001 
     57.18000000 -0.864986325756202E+003  0.406021274233923E-001 
     57.20000000 -0.864986325805373E+003  0.406020782528336E-001 
     57.22000000 -0.864986325856584E+003  0.406020270416746E-001 
     57.24000000 -0.864986325909884E+003  0.406019737422549E-001 
     57.26000000 -0.864986325964943E+003  0.406019186823002E-001 
     57.28000000 -0.864986326020151E+003  0.406018634747240E-001 
     57.30000000 -0.864986326074875E+003  0.406018087512924E-001 
     57.32000000 -0.864986326128973E+003  0.406017546523766E-001 
     57.34000000 -0.864986326182746E+003  0.406017008803164E-001 
     57.36000000 -0.864986326237141E+003  0.406016464849973E-001 
     57.38000000 -0.864986326291984E+003  0.406015916420764E-001 
     57.40000000 -0.864986326346928E+003  0.406015366974541E-001 
     57.42000000 -0.864986326401767E+003  0.406014818585935E-001 
     57.44000000 -0.864986326456322E+003  0.406014273035685E-001 
     57.46000000 -0.864986326510679E+003  0.406013729469191E-001 
     57.48000000 -0.864986326565093E+003  0.406013185324585E-001 
     57.50000000 -0.864986326619922E+003  0.406012637042321E-001 
     57.52000000 -0.864986326675071E+003  0.406012085546604E-001 
     57.54000000 -0.864986326730210E+003  0.406011534157228E-001 
     57.56000000 -0.864986326785359E+003  0.406010982669245E-001 
     57.58000000 -0.864986326840447E+003  0.406010431792244E-001 
     57.60000000 -0.864986326895426E+003  0.406009881998961E-001 
     57.62000000 -0.864986326950118E+003  0.406009335081737E-001 
     57.64000000 -0.864986327004420E+003  0.406008792063386E-001 
     57.66000000 -0.864986327058677E+003  0.406008249489736E-001 
     57.68000000 -0.864986327113533E+003  0.406007700926150E-001 
     57.70000000 -0.864986327168403E+003  0.406007152230119E-001 
     57.72000000 -0.864986327222228E+003  0.406006613980710E-001 
     57.74000000 -0.864986327276394E+003  0.406006072320632E-001 
     57.76000000 -0.864986327330859E+003  0.406005527664619E-001 
     57.78000000 -0.864986327385728E+003  0.406004978974389E-001 
     57.80000000 -0.864986327440557E+003  0.406004430683424E-001 
     57.82000000 -0.864986327495321E+003  0.406003883047910E-001 
     57.84000000 -0.864986327550167E+003  0.406003334583898E-001 
     57.86000000 -0.864986327604943E+003  0.406002786823675E-001 
     57.88000000 -0.864986327659551E+003  0.406002240746550E-001 
     57.90000000 -0.864986327714472E+003  0.406001691534279E-001 
     57.92000000 -0.864986327769436E+003  0.406001141897608E-001 
     57.94000000 -0.864986327824343E+003  0.406000592825515E-001 
     57.96000000 -0.864986327879326E+003  0.406000042996462E-001 
     57.98000000 -0.864986327934357E+003  0.405999492684038E-001 
     58.00000000 -0.864986327988888E+003  0.405998947375474E-001 
     58.02000000 -0.864986328043180E+003  0.405998404454764E-001 
     58.04000000 -0.864986328097489E+003  0.405997861363907E-001 
     58.06000000 -0.864986328151981E+003  0.405997316444940E-001 
     58.08000000 -0.864986328206347E+003  0.405996772786606E-001 
     58.10000000 -0.864986328260475E+003  0.405996231509358E-001 
     58.12000000 -0.864986328314723E+003  0.405995689025616E-001 
     58.14000000 -0.864986328369307E+003  0.405995143191143E-001 
     58.16000000 -0.864986328423923E+003  0.405994597024112E-001 
     58.18000000 -0.864986328478276E+003  0.405994053496287E-001 
     58.20000000 -0.864986328531790E+003  0.405993518362689E-001 
     58.22000000 -0.864986328585396E+003  0.405992982299084E-001 
     58.24000000 -0.864986328639544E+003  0.405992440816887E-001 
     58.26000000 -0.864986328693868E+003  0.405991897577152E-001 
     58.28000000 -0.864986328748130E+003  0.405991354959999E-001 
     58.30000000 -0.864986328802225E+003  0.405990814003710E-001 
     58.32000000 -0.864986328856323E+003  0.405990273030020E-001 
     58.34000000 -0.864986328910090E+003  0.405989735357755E-001 
     58.36000000 -0.864986328963376E+003  0.405989202500836E-001 
     58.38000000 -0.864986329017070E+003  0.405988665553628E-001 
     58.40000000 -0.864986329071462E+003  0.405988121639107E-001 
     58.42000000 -0.864986329126024E+003  0.405987576021185E-001 
     58.44000000 -0.864986329180813E+003  0.405987028131418E-001 
     58.46000000 -0.864986329234748E+003  0.405986488774121E-001 
     58.48000000 -0.864986329287223E+003  0.405985964030105E-001 
     58.50000000 -0.864986329339708E+003  0.405985439176848E-001 
     58.52000000 -0.864986329392945E+003  0.405984906810067E-001 
     58.54000000 -0.864986329446550E+003  0.405984370757096E-001 
     58.56000000 -0.864986329500352E+003  0.405983832739704E-001 
     58.58000000 -0.864986329554293E+003  0.405983293328270E-001 
     58.60000000 -0.864986329608353E+003  0.405982752727742E-001 
     58.62000000 -0.864986329662648E+003  0.405982209774163E-001 
     58.64000000 -0.864986329717142E+003  0.405981664834894E-001 
     58.66000000 -0.864986329771435E+003  0.405981121907417E-001 
     58.68000000 -0.864986329825203E+003  0.405980584225485E-001 
     58.70000000 -0.864986329877968E+003  0.405980056575441E-001 
     58.72000000 -0.864986329930267E+003  0.405979533587030E-001 
     58.74000000 -0.864986329983179E+003  0.405979004471404E-001 
     58.76000000 -0.864986330037219E+003  0.405978464072926E-001 
     58.78000000 -0.864986330091227E+003  0.405977923989605E-001 
     58.80000000 -0.864986330144909E+003  0.405977387170975E-001 
     58.82000000 -0.864986330198929E+003  0.405976846969711E-001 
     58.84000000 -0.864986330252855E+003  0.405976307711989E-001 
     58.86000000 -0.864986330306475E+003  0.405975771513040E-001 
     58.88000000 -0.864986330359995E+003  0.405975236311770E-001 
     58.90000000 -0.864986330414111E+003  0.405974695150532E-001 
     58.92000000 -0.864986330468072E+003  0.405974155539948E-001 
     58.94000000 -0.864986330521816E+003  0.405973618094868E-001 
     58.96000000 -0.864986330575252E+003  0.405973083736597E-001 
     58.98000000 -0.864986330628276E+003  0.405972553500517E-001 
     59.00000000 -0.864986330680468E+003  0.405972031573589E-001 
     59.02000000 -0.864986330732840E+003  0.405971507862055E-001 
     59.04000000 -0.864986330784791E+003  0.405970988346183E-001 
     59.06000000 -0.864986330836667E+003  0.405970469588237E-001 
     59.08000000 -0.864986330888705E+003  0.405969949204231E-001 
     59.10000000 -0.864986330940351E+003  0.405969432749066E-001 
     59.12000000 -0.864986330992438E+003  0.405968911873954E-001 
     59.14000000 -0.864986331046018E+003  0.405968376079104E-001 
     59.16000000 -0.864986331099969E+003  0.405967836571962E-001 
     59.18000000 -0.864986331153839E+003  0.405967297866250E-001 
     59.20000000 -0.864986331207326E+003  0.405966762996572E-001 
     59.22000000 -0.864986331260809E+003  0.405966228168464E-001 
     59.24000000 -0.864986331314565E+003  0.405965690604475E-001 
     59.26000000 -0.864986331368512E+003  0.405965151135036E-001 
     59.28000000 -0.864986331422329E+003  0.405964612962966E-001 
     59.30000000 -0.864986331475524E+003  0.405964081014784E-001 
     59.32000000 -0.864986331528272E+003  0.405963553538754E-001 
     59.34000000 -0.864986331581136E+003  0.405963024895865E-001 
     59.36000000 -0.864986331634181E+003  0.405962494445168E-001 
     59.38000000 -0.864986331687518E+003  0.405961961078775E-001 
     59.40000000 -0.864986331740638E+003  0.405961429874985E-001 
     59.42000000 -0.864986331793410E+003  0.405960902160170E-001 
     59.44000000 -0.864986331846396E+003  0.405960372301119E-001 
     59.46000000 -0.864986331899364E+003  0.405959842618015E-001 
     59.48000000 -0.864986331952708E+003  0.405959309176216E-001 
     59.50000000 -0.864986332006292E+003  0.405958773342696E-001 
     59.52000000 -0.864986332059588E+003  0.405958240383302E-001 
     59.54000000 -0.864986332112577E+003  0.405957710488482E-001 
     59.56000000 -0.864986332165688E+003  0.405957179375566E-001 
     59.58000000 -0.864986332218999E+003  0.405956646263426E-001 
     59.60000000 -0.864986332272445E+003  0.405956111807514E-001 
     59.62000000 -0.864986332325851E+003  0.405955577751834E-001 
     59.64000000 -0.864986332379621E+003  0.405955040049601E-001 
     59.66000000 -0.864986332433163E+003  0.405954504631780E-001 
     59.68000000 -0.864986332486703E+003  0.405953969229427E-001 
     59.70000000 -0.864986332540684E+003  0.405953429419695E-001 
     59.72000000 -0.864986332594454E+003  0.405952891723262E-001 
     59.74000000 -0.864986332647490E+003  0.405952361353771E-001 
     59.76000000 -0.864986332700509E+003  0.405951831169894E-001 
     59.78000000 -0.864986332753911E+003  0.405951297150950E-001 
     59.80000000 -0.864986332807200E+003  0.405950764257294E-001 
     59.82000000 -0.864986332860092E+003  0.405950235335017E-001 
     59.84000000 -0.864986332913317E+003  0.405949703083279E-001 
     59.86000000 -0.864986332966915E+003  0.405949167105714E-001 
     59.88000000 -0.864986333020119E+003  0.405948635065692E-001 
     59.90000000 -0.864986333072994E+003  0.405948106314528E-001 
     59.92000000 -0.864986333125422E+003  0.405947582038416E-001 
     59.94000000 -0.864986333178231E+003  0.405947053952371E-001 
     59.96000000 -0.864986333231802E+003  0.405946518236793E-001 
     59.98000000 -0.864986333285412E+003  0.405945982141286E-001 
     60.00000000 -0.864986333338892E+003  0.405945447337347E-001 
