##############################################################################
# SALMON: Scalable Ab-initio Light-Matter simulator for Optics and Nanoscience
#
#                             Version 2.2.1
##############################################################################
  Libxc: [enabled] 6.2.2
   theory= tddft_pulse
 
 Total time step      =       15000
 Time step[fs]        =  2.000000000000000E-003
 Energy range         =        3000
 Energy resolution[eV]=  1.000000000000000E-002
Laser frequency     = 0.17[eV]
Pulse width of laser=     12.00000000[fs]
Laser intensity     =  0.87000000E+09[W/cm^2]
   use of real value orbitals =  F
 ======
 MPI distribution:
   nproc_k     :         125
   nproc_ob    :           4
   nproc_rgrid :           3           2           3
 OpenMP parallelization:
   number of threads :           1
 hpsi stencil:
   enables hand-coding vectorization : F
   enables openmp parallelization    : F
 current:
   k,orbital parallelized of openmp  : T
 force:
   k,orbital parallelized of openmp  : T
 ===================pseudopotential data===================
 ik ,atom_symbol=           1 Si
 ps_format =KY              
 ps_file =./Si_rps.dat
 Zps(ik), Mlps(ik) =           4           2
 Rps(ik), NRps(ik) =   2.26767135054939              122
 Lref(ik) =           2
 nproj(ik,l) =           1           1           1
 anorm(ik,l) =  0.6193218      0.3646551      0.0000000E+00
 inorm(ik,l) =           1           1           0
 Mass(ik) =   28.0000000000000     
 flag_nlcc_element(ik) = F
 ==========================================================
 flag_nlcc =  F
 
 ============init_ps==============
 end init_ps
 Maximal rho_NLCC= 0.000000000000000E+000
 Maximal tau_NLCC= 0.000000000000000E+000
 == Ewald ==
 cutoff length in real-space in ewald =  4.00 [A]
 (buffer length in bookkeeping =  2.00 [A])
 cutoff length in G-space in ewald =  0.1870828864+102 [1/A]
 number of ion-ion pair(/atom) used for allocation of bookkeeping=    68
 ===========
   Static dipole moment(xyz) =   -0.7045361752E+04   -0.7039731170E+04   -0.7053171586E+04
 
 
  time-step  time[fs]                               Current(xyz)[a.u.]      electrons Total energy[eV] 
#----------------------------------------------------------------------
      10    0.02000000 -0.49687692E-09  0.14755496E-12 -0.29078441E-12   864.00000000   -23331.15366188
      20    0.04000000 -0.22989401E-08  0.80442513E-12 -0.55538881E-12   864.00000000   -23331.15366188
      30    0.06000000 -0.58471084E-08  0.18737155E-11 -0.11294512E-11   864.00000000   -23331.15366188
      40    0.08000000 -0.11538105E-07  0.35738140E-11 -0.19353260E-11   864.00000000   -23331.15366188
      50    0.10000000 -0.19702770E-07  0.65630561E-11 -0.34158748E-11   864.00000000   -23331.15366188
      60    0.12000000 -0.30600634E-07  0.11608854E-10 -0.59884909E-11   864.00000000   -23331.15366187
      70    0.14000000 -0.44432663E-07  0.19346770E-10 -0.96572489E-11   864.00000000   -23331.15366185
      80    0.16000000 -0.61342937E-07  0.30287048E-10 -0.14623211E-10   864.00000000   -23331.15366182
      90    0.18000000 -0.81425321E-07  0.44166176E-10 -0.20826841E-10   864.00000000   -23331.15366176
     100    0.20000000 -0.10473238E-06  0.60394444E-10 -0.27859298E-10   864.00000000   -23331.15366167
     110    0.22000000 -0.13127587E-06  0.77966787E-10 -0.35256251E-10   864.00000000   -23331.15366154
     120    0.24000000 -0.16102502E-06  0.95491557E-10 -0.42484740E-10   863.99999999   -23331.15366134
     130    0.26000000 -0.19390984E-06  0.11114359E-09 -0.48898297E-10   863.99999999   -23331.15366106
     140    0.28000000 -0.22982243E-06  0.12253247E-09 -0.53616400E-10   863.99999999   -23331.15366067
     150    0.30000000 -0.26862027E-06  0.12684850E-09 -0.56442749E-10   863.99999999   -23331.15366015
     160    0.32000000 -0.31012914E-06  0.12142433E-09 -0.56694172E-10   863.99999999   -23331.15365947
     170    0.34000000 -0.35414883E-06  0.10325839E-09 -0.53798015E-10   863.99999999   -23331.15365859
     180    0.36000000 -0.40045720E-06  0.69393329E-10 -0.47319049E-10   863.99999999   -23331.15365748
     190    0.38000000 -0.44881329E-06  0.16543151E-10 -0.36958325E-10   863.99999999   -23331.15365609
     200    0.40000000 -0.49896249E-06 -0.58441980E-10 -0.22135750E-10   863.99999999   -23331.15365438
     210    0.42000000 -0.55064427E-06 -0.15854631E-09 -0.22411323E-11   863.99999999   -23331.15365230
     220    0.44000000 -0.60359361E-06 -0.28666502E-09  0.23150422E-10   863.99999999   -23331.15364980
     230    0.46000000 -0.65754361E-06 -0.44575133E-09  0.54636097E-10   863.99999999   -23331.15364682
     240    0.48000000 -0.71222970E-06 -0.63845793E-09  0.92760185E-10   863.99999999   -23331.15364331
     250    0.50000000 -0.76739232E-06 -0.86730112E-09  0.13800964E-09   863.99999999   -23331.15363921
     260    0.52000000 -0.82277938E-06 -0.11348209E-08  0.19087288E-09   863.99999999   -23331.15363446
     270    0.54000000 -0.87814685E-06 -0.14430087E-08  0.25146678E-09   863.99999999   -23331.15362900
     280    0.56000000 -0.93325990E-06 -0.17934491E-08  0.32030614E-09   863.99999999   -23331.15362276
     290    0.58000000 -0.98789206E-06 -0.21873236E-08  0.39733785E-09   863.99999999   -23331.15361568
     300    0.60000000 -0.10418289E-05 -0.26257167E-08  0.48256266E-09   863.99999999   -23331.15360771
     310    0.62000000 -0.10948689E-05 -0.31089783E-08  0.57570290E-09   863.99999999   -23331.15359877
     320    0.64000000 -0.11468259E-05 -0.36371901E-08  0.67682891E-09   863.99999999   -23331.15358880
     330    0.66000000 -0.11975301E-05 -0.42096282E-08  0.78548581E-09   863.99999999   -23331.15357775
     340    0.68000000 -0.12468295E-05 -0.48255440E-08  0.90135336E-09   863.99999999   -23331.15356555
     350    0.70000000 -0.12945912E-05 -0.54836402E-08  0.10238219E-08   863.99999998   -23331.15355215
     360    0.72000000 -0.13407020E-05 -0.61820066E-08  0.11523096E-08   863.99999998   -23331.15353748
     370    0.74000000 -0.13850684E-05 -0.69185450E-08  0.12861391E-08   863.99999998   -23331.15352151
     380    0.76000000 -0.14276176E-05 -0.76906931E-08  0.14242702E-08   863.99999998   -23331.15350416
     390    0.78000000 -0.14682947E-05 -0.84957936E-08  0.15656869E-08   863.99999998   -23331.15348541
     400    0.80000000 -0.15070614E-05 -0.93303067E-08  0.17091036E-08   863.99999998   -23331.15346519
     410    0.82000000 -0.15438957E-05 -0.10190765E-07  0.18532125E-08   863.99999998   -23331.15344347
     420    0.84000000 -0.15787927E-05 -0.11073384E-07  0.19966016E-08   863.99999998   -23331.15342020
     430    0.86000000 -0.16117624E-05 -0.11974545E-07  0.21376633E-08   863.99999998   -23331.15339536
     440    0.88000000 -0.16428284E-05 -0.12889657E-07  0.22749861E-08   863.99999998   -23331.15336889
     450    0.90000000 -0.16720284E-05 -0.13814974E-07  0.24067590E-08   863.99999998   -23331.15334078
     460    0.92000000 -0.16994134E-05 -0.14746031E-07  0.25318037E-08   863.99999998   -23331.15331099
     470    0.94000000 -0.17250456E-05 -0.15678455E-07  0.26482837E-08   863.99999998   -23331.15327948
     480    0.96000000 -0.17489980E-05 -0.16608083E-07  0.27549813E-08   863.99999998   -23331.15324625
     490    0.98000000 -0.17713532E-05 -0.17530643E-07  0.28504336E-08   863.99999998   -23331.15321125
     500    1.00000000 -0.17922014E-05 -0.18441811E-07  0.29334811E-08   863.99999998   -23331.15317447
     510    1.02000000 -0.18116385E-05 -0.19337534E-07  0.30025331E-08   863.99999998   -23331.15313589
     520    1.04000000 -0.18297657E-05 -0.20213521E-07  0.30565584E-08   863.99999998   -23331.15309549
     530    1.06000000 -0.18466860E-05 -0.21066193E-07  0.30945708E-08   863.99999998   -23331.15305323
     540    1.08000000 -0.18625046E-05 -0.21891775E-07  0.31155070E-08   863.99999998   -23331.15300912
     550    1.10000000 -0.18773262E-05 -0.22686784E-07  0.31186429E-08   863.99999998   -23331.15296311
     560    1.12000000 -0.18912542E-05 -0.23447982E-07  0.31033575E-08   863.99999998   -23331.15291521
     570    1.14000000 -0.19043894E-05 -0.24172416E-07  0.30693962E-08   863.99999998   -23331.15286537
     580    1.16000000 -0.19168294E-05 -0.24857422E-07  0.30163288E-08   863.99999997   -23331.15281360
     590    1.18000000 -0.19286691E-05 -0.25500597E-07  0.29442902E-08   863.99999997   -23331.15275985
     600    1.20000000 -0.19399984E-05 -0.26100206E-07  0.28534212E-08   863.99999997   -23331.15270411
     610    1.22000000 -0.19509023E-05 -0.26654343E-07  0.27437543E-08   863.99999997   -23331.15264636
     620    1.24000000 -0.19614592E-05 -0.27161615E-07  0.26160022E-08   863.99999997   -23331.15258658
     630    1.26000000 -0.19717418E-05 -0.27621194E-07  0.24707521E-08   863.99999997   -23331.15252472
     640    1.28000000 -0.19818162E-05 -0.28032446E-07  0.23088609E-08   863.99999997   -23331.15246078
     650    1.30000000 -0.19917408E-05 -0.28395139E-07  0.21313568E-08   863.99999997   -23331.15239472
     660    1.32000000 -0.20015680E-05 -0.28709565E-07  0.19397005E-08   863.99999997   -23331.15232651
     670    1.34000000 -0.20113421E-05 -0.28976192E-07  0.17351265E-08   863.99999997   -23331.15225612
     680    1.36000000 -0.20211008E-05 -0.29195674E-07  0.15191142E-08   863.99999997   -23331.15218352
     690    1.38000000 -0.20308741E-05 -0.29369371E-07  0.12936884E-08   863.99999997   -23331.15210868
     700    1.40000000 -0.20406854E-05 -0.29498656E-07  0.10605774E-08   863.99999997   -23331.15203157
     710    1.42000000 -0.20505509E-05 -0.29585349E-07  0.82151104E-09   863.99999997   -23331.15195214
     720    1.44000000 -0.20604796E-05 -0.29631194E-07  0.57839673E-09   863.99999997   -23331.15187037
     730    1.46000000 -0.20704741E-05 -0.29638448E-07  0.33344475E-09   863.99999997   -23331.15178623
     740    1.48000000 -0.20805301E-05 -0.29609259E-07  0.88373655E-10   863.99999997   -23331.15169968
     750    1.50000000 -0.20906377E-05 -0.29546114E-07 -0.15473980E-09   863.99999997   -23331.15161068
     760    1.52000000 -0.21007816E-05 -0.29451565E-07 -0.39379781E-09   863.99999997   -23331.15151921
     770    1.54000000 -0.21109420E-05 -0.29328392E-07 -0.62676576E-09   863.99999997   -23331.15142523
     780    1.56000000 -0.21210948E-05 -0.29179325E-07 -0.85201100E-09   863.99999997   -23331.15132872
     790    1.58000000 -0.21312116E-05 -0.29006957E-07 -0.10672312E-08   863.99999997   -23331.15122964
     800    1.60000000 -0.21412601E-05 -0.28814262E-07 -0.12708575E-08   863.99999997   -23331.15112798
     810    1.62000000 -0.21512045E-05 -0.28603972E-07 -0.14611064E-08   863.99999996   -23331.15102369
     820    1.64000000 -0.21610062E-05 -0.28378724E-07 -0.16363338E-08   863.99999996   -23331.15091677
     830    1.66000000 -0.21706244E-05 -0.28141059E-07 -0.17950369E-08   863.99999996   -23331.15080720
     840    1.68000000 -0.21800158E-05 -0.27893652E-07 -0.19364103E-08   863.99999996   -23331.15069495
     850    1.70000000 -0.21891357E-05 -0.27638734E-07 -0.20589282E-08   863.99999996   -23331.15058003
     860    1.72000000 -0.21979379E-05 -0.27378659E-07 -0.21617851E-08   863.99999996   -23331.15046241
     870    1.74000000 -0.22063758E-05 -0.27115648E-07 -0.22443724E-08   863.99999996   -23331.15034210
     880    1.76000000 -0.22144022E-05 -0.26851742E-07 -0.23061491E-08   863.99999996   -23331.15021910
     890    1.78000000 -0.22219700E-05 -0.26588723E-07 -0.23466118E-08   863.99999996   -23331.15009340
     900    1.80000000 -0.22290331E-05 -0.26328281E-07 -0.23658629E-08   863.99999996   -23331.14996503
     910    1.82000000 -0.22355471E-05 -0.26072142E-07 -0.23636992E-08   863.99999996   -23331.14983399
     920    1.84000000 -0.22414687E-05 -0.25821693E-07 -0.23403364E-08   863.99999996   -23331.14970030
     930    1.86000000 -0.22467572E-05 -0.25577938E-07 -0.22962123E-08   863.99999996   -23331.14956399
     940    1.88000000 -0.22513740E-05 -0.25342160E-07 -0.22319752E-08   863.99999996   -23331.14942508
     950    1.90000000 -0.22552829E-05 -0.25115377E-07 -0.21482070E-08   863.99999996   -23331.14928361
     960    1.92000000 -0.22584506E-05 -0.24898027E-07 -0.20458954E-08   863.99999996   -23331.14913962
     970    1.94000000 -0.22608466E-05 -0.24690843E-07 -0.19259907E-08   863.99999996   -23331.14899315
     980    1.96000000 -0.22624441E-05 -0.24494200E-07 -0.17897073E-08   863.99999996   -23331.14884425
     990    1.98000000 -0.22632196E-05 -0.24308315E-07 -0.16382553E-08   863.99999996   -23331.14869298
    1000    2.00000000 -0.22631529E-05 -0.24133459E-07 -0.14733857E-08   863.99999996   -23331.14853938
    1010    2.02000000 -0.22622280E-05 -0.23969720E-07 -0.12966351E-08   863.99999996   -23331.14838353
    1020    2.04000000 -0.22604327E-05 -0.23817129E-07 -0.11094182E-08   863.99999996   -23331.14822549
    1030    2.06000000 -0.22577585E-05 -0.23675415E-07 -0.91351594E-09   863.99999996   -23331.14806533
    1040    2.08000000 -0.22542008E-05 -0.23544696E-07 -0.71092931E-09   863.99999995   -23331.14790313
    1050    2.10000000 -0.22497581E-05 -0.23424652E-07 -0.50347959E-09   863.99999995   -23331.14773896
    1060    2.12000000 -0.22444329E-05 -0.23314865E-07 -0.29308169E-09   863.99999995   -23331.14757290
    1070    2.14000000 -0.22382308E-05 -0.23215078E-07 -0.81547993E-10   863.99999995   -23331.14740505
    1080    2.16000000 -0.22311608E-05 -0.23124985E-07  0.12898692E-09   863.99999995   -23331.14723548
    1090    2.18000000 -0.22232346E-05 -0.23043963E-07  0.33677193E-09   863.99999995   -23331.14706429
    1100    2.20000000 -0.22144667E-05 -0.22971663E-07  0.53969132E-09   863.99999995   -23331.14689157
    1110    2.22000000 -0.22048735E-05 -0.22907426E-07  0.73593075E-09   863.99999995   -23331.14671741
    1120    2.24000000 -0.21944739E-05 -0.22850951E-07  0.92347761E-09   863.99999995   -23331.14654190
    1130    2.26000000 -0.21832883E-05 -0.22801490E-07  0.11006646E-08   863.99999995   -23331.14636515
    1140    2.28000000 -0.21713383E-05 -0.22758914E-07  0.12657256E-08   863.99999995   -23331.14618724
    1150    2.30000000 -0.21586473E-05 -0.22722366E-07  0.14171661E-08   863.99999995   -23331.14600828
    1160    2.32000000 -0.21452390E-05 -0.22691684E-07  0.15535195E-08   863.99999995   -23331.14582837
    1170    2.34000000 -0.21311380E-05 -0.22666033E-07  0.16735719E-08   863.99999995   -23331.14564760
    1180    2.36000000 -0.21163691E-05 -0.22645185E-07  0.17763234E-08   863.99999995   -23331.14546608
    1190    2.38000000 -0.21009572E-05 -0.22628599E-07  0.18608008E-08   863.99999995   -23331.14528390
    1200    2.40000000 -0.20849269E-05 -0.22615765E-07  0.19263112E-08   863.99999995   -23331.14510116
    1210    2.42000000 -0.20683020E-05 -0.22606200E-07  0.19721183E-08   863.99999995   -23331.14491796
    1220    2.44000000 -0.20511054E-05 -0.22599724E-07  0.19979267E-08   863.99999995   -23331.14473440
    1230    2.46000000 -0.20333589E-05 -0.22595529E-07  0.20035330E-08   863.99999995   -23331.14455058
    1240    2.48000000 -0.20150830E-05 -0.22593473E-07  0.19887633E-08   863.99999995   -23331.14436660
    1250    2.50000000 -0.19962964E-05 -0.22593167E-07  0.19537849E-08   863.99999995   -23331.14418255
    1260    2.52000000 -0.19770160E-05 -0.22594265E-07  0.18989622E-08   863.99999995   -23331.14399853
    1270    2.54000000 -0.19572568E-05 -0.22596125E-07  0.18249436E-08   863.99999994   -23331.14381464
    1280    2.56000000 -0.19370317E-05 -0.22598886E-07  0.17323250E-08   863.99999994   -23331.14363098
    1290    2.58000000 -0.19163517E-05 -0.22601869E-07  0.16220311E-08   863.99999994   -23331.14344763
    1300    2.60000000 -0.18952255E-05 -0.22604570E-07  0.14951194E-08   863.99999994   -23331.14326471
    1310    2.62000000 -0.18736597E-05 -0.22606682E-07  0.13526044E-08   863.99999994   -23331.14308231
    1320    2.64000000 -0.18516587E-05 -0.22607764E-07  0.11958572E-08   863.99999994   -23331.14290053
    1330    2.66000000 -0.18292255E-05 -0.22607085E-07  0.10262645E-08   863.99999994   -23331.14271946
    1340    2.68000000 -0.18063610E-05 -0.22604111E-07  0.84517171E-09   863.99999994   -23331.14253920
    1350    2.70000000 -0.17830643E-05 -0.22598170E-07  0.65408310E-09   863.99999994   -23331.14235986
    1360    2.72000000 -0.17593332E-05 -0.22588722E-07  0.45465859E-09   863.99999994   -23331.14218152
    1370    2.74000000 -0.17351635E-05 -0.22574780E-07  0.24854515E-09   863.99999994   -23331.14200431
    1380    2.76000000 -0.17105498E-05 -0.22555836E-07  0.37217671E-10   863.99999994   -23331.14182831
    1390    2.78000000 -0.16854853E-05 -0.22530959E-07 -0.17750206E-09   863.99999994   -23331.14165363
    1400    2.80000000 -0.16599622E-05 -0.22499401E-07 -0.39405853E-09   863.99999994   -23331.14148038
    1410    2.82000000 -0.16339720E-05 -0.22460351E-07 -0.61078181E-09   863.99999994   -23331.14130866
    1420    2.84000000 -0.16075055E-05 -0.22413086E-07 -0.82635304E-09   863.99999994   -23331.14113858
    1430    2.86000000 -0.15805529E-05 -0.22356570E-07 -0.10391273E-08   863.99999994   -23331.14097024
    1440    2.88000000 -0.15531042E-05 -0.22289830E-07 -0.12477252E-08   863.99999994   -23331.14080376
    1450    2.90000000 -0.15251490E-05 -0.22212058E-07 -0.14511448E-08   863.99999994   -23331.14063926
    1460    2.92000000 -0.14966773E-05 -0.22122297E-07 -0.16480730E-08   863.99999994   -23331.14047683
    1470    2.94000000 -0.14676795E-05 -0.22019411E-07 -0.18375094E-08   863.99999994   -23331.14031659
    1480    2.96000000 -0.14381465E-05 -0.21902659E-07 -0.20184298E-08   863.99999994   -23331.14015867
    1490    2.98000000 -0.14080699E-05 -0.21770823E-07 -0.21901842E-08   863.99999994   -23331.14000317
    1500    3.00000000 -0.13774422E-05 -0.21622741E-07 -0.23518621E-08   863.99999993   -23331.13985021
    1510    3.02000000 -0.13462573E-05 -0.21457605E-07 -0.25031237E-08   863.99999993   -23331.13969991
    1520    3.04000000 -0.13145102E-05 -0.21274625E-07 -0.26433220E-08   863.99999993   -23331.13955239
    1530    3.06000000 -0.12821976E-05 -0.21072787E-07 -0.27720926E-08   863.99999993   -23331.13940776
    1540    3.08000000 -0.12493177E-05 -0.20851310E-07 -0.28893767E-08   863.99999993   -23331.13926614
    1550    3.10000000 -0.12158704E-05 -0.20609320E-07 -0.29949428E-08   863.99999993   -23331.13912765
    1560    3.12000000 -0.11818573E-05 -0.20346218E-07 -0.30887212E-08   863.99999993   -23331.13899241
    1570    3.14000000 -0.11472820E-05 -0.20061343E-07 -0.31711992E-08   863.99999993   -23331.13886053
    1580    3.16000000 -0.11121500E-05 -0.19754303E-07 -0.32424846E-08   863.99999993   -23331.13873213
    1590    3.18000000 -0.10764685E-05 -0.19424584E-07 -0.33029371E-08   863.99999993   -23331.13860732
    1600    3.20000000 -0.10402470E-05 -0.19072012E-07 -0.33532225E-08   863.99999993   -23331.13848621
    1610    3.22000000 -0.10034966E-05 -0.18696382E-07 -0.33938360E-08   863.99999993   -23331.13836891
    1620    3.24000000 -0.96623058E-06 -0.18297443E-07 -0.34255373E-08   863.99999993   -23331.13825553
    1630    3.26000000 -0.92846398E-06 -0.17875427E-07 -0.34491430E-08   863.99999993   -23331.13814617
    1640    3.28000000 -0.89021372E-06 -0.17430323E-07 -0.34653059E-08   863.99999993   -23331.13804094
    1650    3.30000000 -0.85149830E-06 -0.16962503E-07 -0.34749650E-08   863.99999993   -23331.13793992
    1660    3.32000000 -0.81233813E-06 -0.16472280E-07 -0.34790232E-08   863.99999993   -23331.13784323
    1670    3.34000000 -0.77275498E-06 -0.15960280E-07 -0.34782742E-08   863.99999993   -23331.13775093
    1680    3.36000000 -0.73277241E-06 -0.15427179E-07 -0.34736367E-08   863.99999993   -23331.13766313
    1690    3.38000000 -0.69241477E-06 -0.14873864E-07 -0.34660986E-08   863.99999993   -23331.13757990
    1700    3.40000000 -0.65170769E-06 -0.14301240E-07 -0.34565741E-08   863.99999993   -23331.13750132
    1710    3.42000000 -0.61067767E-06 -0.13710368E-07 -0.34458513E-08   863.99999993   -23331.13742746
    1720    3.44000000 -0.56935157E-06 -0.13102408E-07 -0.34348590E-08   863.99999993   -23331.13735839
    1730    3.46000000 -0.52775687E-06 -0.12478755E-07 -0.34244514E-08   863.99999992   -23331.13729416
    1740    3.48000000 -0.48592114E-06 -0.11840492E-07 -0.34154173E-08   863.99999992   -23331.13723483
    1750    3.50000000 -0.44387169E-06 -0.11189227E-07 -0.34085850E-08   863.99999992   -23331.13718046
    1760    3.52000000 -0.40163631E-06 -0.10526399E-07 -0.34045255E-08   863.99999992   -23331.13713109
    1770    3.54000000 -0.35924182E-06 -0.98534065E-08 -0.34039671E-08   863.99999992   -23331.13708675
    1780    3.56000000 -0.31671478E-06 -0.91719099E-08 -0.34074032E-08   863.99999992   -23331.13704748
    1790    3.58000000 -0.27408079E-06 -0.84834993E-08 -0.34153018E-08   863.99999992   -23331.13701331
    1800    3.60000000 -0.23136477E-06 -0.77899024E-08 -0.34281596E-08   863.99999992   -23331.13698426
    1810    3.62000000 -0.18859033E-06 -0.70925680E-08 -0.34462221E-08   863.99999992   -23331.13696034
    1820    3.64000000 -0.14577969E-06 -0.63935537E-08 -0.34696514E-08   863.99999992   -23331.13694158
    1830    3.66000000 -0.10295385E-06 -0.56942011E-08 -0.34984439E-08   863.99999992   -23331.13692797
    1840    3.68000000 -0.60132089E-07 -0.49963830E-08 -0.35325046E-08   863.99999992   -23331.13691952
    1850    3.70000000 -0.17331780E-07 -0.43015381E-08 -0.35717322E-08   863.99999992   -23331.13691623
    1860    3.72000000  0.25431195E-07 -0.36113973E-08 -0.36160219E-08   863.99999992   -23331.13691808
    1870    3.74000000  0.68142831E-07 -0.29271329E-08 -0.36650727E-08   863.99999992   -23331.13692507
    1880    3.76000000  0.11079132E-06 -0.22504706E-08 -0.37186098E-08   863.99999992   -23331.13693718
    1890    3.78000000  0.15336690E-06 -0.15824333E-08 -0.37759940E-08   863.99999992   -23331.13695439
    1900    3.80000000  0.19586131E-06 -0.92449315E-09 -0.38369412E-08   863.99999992   -23331.13697667
    1910    3.82000000  0.23826875E-06 -0.27764719E-09 -0.39006814E-08   863.99999992   -23331.13700401
    1920    3.84000000  0.28058534E-06  0.35684260E-09 -0.39664033E-08   863.99999992   -23331.13703636
    1930    3.86000000  0.32280892E-06  0.97814136E-09 -0.40335837E-08   863.99999992   -23331.13707371
    1940    3.88000000  0.36493887E-06  0.15850875E-08 -0.41011611E-08   863.99999992   -23331.13711600
    1950    3.90000000  0.40697604E-06  0.21766822E-08 -0.41684900E-08   863.99999992   -23331.13716321
    1960    3.92000000  0.44892261E-06  0.27522219E-08 -0.42345510E-08   863.99999991   -23331.13721530
    1970    3.94000000  0.49078181E-06  0.33108613E-08 -0.42986972E-08   863.99999991   -23331.13727221
    1980    3.96000000  0.53255766E-06  0.38519896E-08 -0.43600470E-08   863.99999991   -23331.13733391
    1990    3.98000000  0.57425498E-06  0.43751972E-08 -0.44178409E-08   863.99999991   -23331.13740036
    2000    4.00000000  0.61587946E-06  0.48801735E-08 -0.44714520E-08   863.99999991   -23331.13747149
    2010    4.02000000  0.65743676E-06  0.53666676E-08 -0.45201260E-08   863.99999991   -23331.13754727
    2020    4.04000000  0.69893348E-06  0.58347378E-08 -0.45634205E-08   863.99999991   -23331.13762764
    2030    4.06000000  0.74037653E-06  0.62845737E-08 -0.46008045E-08   863.99999991   -23331.13771254
    2040    4.08000000  0.78177306E-06  0.67163041E-08 -0.46318498E-08   863.99999991   -23331.13780193
    2050    4.10000000  0.82313013E-06  0.71304005E-08 -0.46562935E-08   863.99999991   -23331.13789575
    2060    4.12000000  0.86445474E-06  0.75272699E-08 -0.46740441E-08   863.99999991   -23331.13799393
    2070    4.14000000  0.90575326E-06  0.79076091E-08 -0.46849886E-08   863.99999991   -23331.13809642
    2080    4.16000000  0.94703139E-06  0.82717724E-08 -0.46889863E-08   863.99999991   -23331.13820316
    2090    4.18000000  0.98829404E-06  0.86205750E-08 -0.46864428E-08   863.99999991   -23331.13831408
    2100    4.20000000  0.10295448E-05  0.89548474E-08 -0.46773896E-08   863.99999991   -23331.13842912
    2110    4.22000000  0.10707863E-05  0.92754566E-08 -0.46622248E-08   863.99999991   -23331.13854821
    2120    4.24000000  0.11120197E-05  0.95833228E-08 -0.46412981E-08   863.99999991   -23331.13867129
    2130    4.26000000  0.11532450E-05  0.98796341E-08 -0.46154735E-08   863.99999991   -23331.13879827
    2140    4.28000000  0.11944612E-05  0.10165500E-07 -0.45851540E-08   863.99999991   -23331.13892909
    2150    4.30000000  0.12356657E-05  0.10442132E-07 -0.45509607E-08   863.99999991   -23331.13906367
    2160    4.32000000  0.12768545E-05  0.10710886E-07 -0.45137298E-08   863.99999991   -23331.13920193
    2170    4.34000000  0.13180228E-05  0.10973265E-07 -0.44741069E-08   863.99999991   -23331.13934379
    2180    4.36000000  0.13591642E-05  0.11230627E-07 -0.44328454E-08   863.99999991   -23331.13948916
    2190    4.38000000  0.14002706E-05  0.11484327E-07 -0.43909227E-08   863.99999990   -23331.13963797
    2200    4.40000000  0.14413327E-05  0.11735762E-07 -0.43489242E-08   863.99999990   -23331.13979010
    2210    4.42000000  0.14823397E-05  0.11986299E-07 -0.43076441E-08   863.99999990   -23331.13994548
    2220    4.44000000  0.15232788E-05  0.12237335E-07 -0.42682190E-08   863.99999990   -23331.14010400
    2230    4.46000000  0.15641361E-05  0.12490074E-07 -0.42312518E-08   863.99999990   -23331.14026557
    2240    4.48000000  0.16048960E-05  0.12745777E-07 -0.41976335E-08   863.99999990   -23331.14043008
    2250    4.50000000  0.16455416E-05  0.13005551E-07 -0.41680500E-08   863.99999990   -23331.14059742
    2260    4.52000000  0.16860548E-05  0.13270536E-07 -0.41433328E-08   863.99999990   -23331.14076748
    2270    4.54000000  0.17264166E-05  0.13541664E-07 -0.41238923E-08   863.99999990   -23331.14094014
    2280    4.56000000  0.17666069E-05  0.13819879E-07 -0.41104569E-08   863.99999990   -23331.14111530
    2290    4.58000000  0.18066050E-05  0.14106035E-07 -0.41036798E-08   863.99999990   -23331.14129282
    2300    4.60000000  0.18463900E-05  0.14401031E-07 -0.41038211E-08   863.99999990   -23331.14147258
    2310    4.62000000  0.18859402E-05  0.14705443E-07 -0.41113537E-08   863.99999990   -23331.14165446
    2320    4.64000000  0.19252338E-05  0.15020245E-07 -0.41265411E-08   863.99999990   -23331.14183831
    2330    4.66000000  0.19642490E-05  0.15345908E-07 -0.41495837E-08   863.99999990   -23331.14202401
    2340    4.68000000  0.20029643E-05  0.15682959E-07 -0.41804402E-08   863.99999990   -23331.14221141
    2350    4.70000000  0.20413581E-05  0.16031991E-07 -0.42192512E-08   863.99999990   -23331.14240039
    2360    4.72000000  0.20794097E-05  0.16393334E-07 -0.42656200E-08   863.99999990   -23331.14259078
    2370    4.74000000  0.21170990E-05  0.16767072E-07 -0.43193543E-08   863.99999990   -23331.14278245
    2380    4.76000000  0.21544066E-05  0.17153374E-07 -0.43797261E-08   863.99999990   -23331.14297525
    2390    4.78000000  0.21913135E-05  0.17552459E-07 -0.44464028E-08   863.99999990   -23331.14316902
    2400    4.80000000  0.22278024E-05  0.17963962E-07 -0.45185554E-08   863.99999990   -23331.14336362
    2410    4.82000000  0.22638562E-05  0.18387757E-07 -0.45954924E-08   863.99999990   -23331.14355890
    2420    4.84000000  0.22994586E-05  0.18823550E-07 -0.46763354E-08   863.99999989   -23331.14375468
    2430    4.86000000  0.23345946E-05  0.19271068E-07 -0.47600808E-08   863.99999989   -23331.14395083
    2440    4.88000000  0.23692496E-05  0.19729431E-07 -0.48457363E-08   863.99999989   -23331.14414719
    2450    4.90000000  0.24034099E-05  0.20198143E-07 -0.49323538E-08   863.99999989   -23331.14434359
    2460    4.92000000  0.24370624E-05  0.20676389E-07 -0.50188124E-08   863.99999989   -23331.14453988
    2470    4.94000000  0.24701950E-05  0.21163516E-07 -0.51040850E-08   863.99999989   -23331.14473590
    2480    4.96000000  0.25027960E-05  0.21658182E-07 -0.51870607E-08   863.99999989   -23331.14493149
    2490    4.98000000  0.25348550E-05  0.22159759E-07 -0.52665450E-08   863.99999989   -23331.14512649
    2500    5.00000000  0.25663617E-05  0.22667130E-07 -0.53414881E-08   863.99999989   -23331.14532075
    2510    5.02000000  0.25973073E-05  0.23179139E-07 -0.54109174E-08   863.99999989   -23331.14551411
    2520    5.04000000  0.26276834E-05  0.23694461E-07 -0.54738012E-08   863.99999989   -23331.14570641
    2530    5.06000000  0.26574829E-05  0.24212103E-07 -0.55290778E-08   863.99999989   -23331.14589750
    2540    5.08000000  0.26866991E-05  0.24730715E-07 -0.55759571E-08   863.99999989   -23331.14608722
    2550    5.10000000  0.27153268E-05  0.25248929E-07 -0.56136984E-08   863.99999989   -23331.14627542
    2560    5.12000000  0.27433614E-05  0.25765762E-07 -0.56415846E-08   863.99999989   -23331.14646194
    2570    5.14000000  0.27707994E-05  0.26279880E-07 -0.56591094E-08   863.99999989   -23331.14664664
    2580    5.16000000  0.27976381E-05  0.26789855E-07 -0.56657744E-08   863.99999989   -23331.14682937
    2590    5.18000000  0.28238757E-05  0.27294720E-07 -0.56610580E-08   863.99999989   -23331.14700999
    2600    5.20000000  0.28495114E-05  0.27793232E-07 -0.56446067E-08   863.99999989   -23331.14718834
    2610    5.22000000  0.28745453E-05  0.28284459E-07 -0.56161509E-08   863.99999989   -23331.14736428
    2620    5.24000000  0.28989778E-05  0.28767233E-07 -0.55756446E-08   863.99999989   -23331.14753769
    2630    5.26000000  0.29228104E-05  0.29240614E-07 -0.55229970E-08   863.99999989   -23331.14770841
    2640    5.28000000  0.29460453E-05  0.29703648E-07 -0.54582480E-08   863.99999989   -23331.14787632
    2650    5.30000000  0.29686846E-05  0.30155430E-07 -0.53815687E-08   863.99999988   -23331.14804128
    2660    5.32000000  0.29907314E-05  0.30595431E-07 -0.52933813E-08   863.99999988   -23331.14820317
    2670    5.34000000  0.30121888E-05  0.31022593E-07 -0.51938206E-08   863.99999988   -23331.14836185
    2680    5.36000000  0.30330602E-05  0.31436551E-07 -0.50837083E-08   863.99999988   -23331.14851721
    2690    5.38000000  0.30533490E-05  0.31836654E-07 -0.49634961E-08   863.99999988   -23331.14866912
    2700    5.40000000  0.30730586E-05  0.32222532E-07 -0.48337325E-08   863.99999988   -23331.14881747
    2710    5.42000000  0.30921926E-05  0.32593823E-07 -0.46951150E-08   863.99999988   -23331.14896215
    2720    5.44000000  0.31107541E-05  0.32950541E-07 -0.45485659E-08   863.99999988   -23331.14910303
    2730    5.46000000  0.31287459E-05  0.33292440E-07 -0.43949848E-08   863.99999988   -23331.14924002
    2740    5.48000000  0.31461706E-05  0.33619402E-07 -0.42351278E-08   863.99999988   -23331.14937301
    2750    5.50000000  0.31630303E-05  0.33931796E-07 -0.40701977E-08   863.99999988   -23331.14950190
    2760    5.52000000  0.31793263E-05  0.34229745E-07 -0.39010693E-08   863.99999988   -23331.14962658
    2770    5.54000000  0.31950597E-05  0.34513400E-07 -0.37288526E-08   863.99999988   -23331.14974697
    2780    5.56000000  0.32102306E-05  0.34783136E-07 -0.35546449E-08   863.99999988   -23331.14986296
    2790    5.58000000  0.32248384E-05  0.35039294E-07 -0.33796563E-08   863.99999988   -23331.14997448
    2800    5.60000000  0.32388819E-05  0.35282116E-07 -0.32049227E-08   863.99999988   -23331.15008144
    2810    5.62000000  0.32523593E-05  0.35511996E-07 -0.30317116E-08   863.99999988   -23331.15018375
    2820    5.64000000  0.32652676E-05  0.35729344E-07 -0.28608422E-08   863.99999988   -23331.15028133
    2830    5.66000000  0.32776037E-05  0.35934487E-07 -0.26935879E-08   863.99999988   -23331.15037411
    2840    5.68000000  0.32893636E-05  0.36127826E-07 -0.25307500E-08   863.99999988   -23331.15046202
    2850    5.70000000  0.33005428E-05  0.36309680E-07 -0.23733059E-08   863.99999988   -23331.15054498
    2860    5.72000000  0.33111362E-05  0.36480472E-07 -0.22221401E-08   863.99999988   -23331.15062294
    2870    5.74000000  0.33211382E-05  0.36640505E-07 -0.20779310E-08   863.99999988   -23331.15069582
    2880    5.76000000  0.33305428E-05  0.36790226E-07 -0.19415288E-08   863.99999987   -23331.15076358
    2890    5.78000000  0.33393438E-05  0.36929825E-07 -0.18135277E-08   863.99999987   -23331.15082615
    2900    5.80000000  0.33475343E-05  0.37059749E-07 -0.16946199E-08   863.99999987   -23331.15088348
    2910    5.82000000  0.33551078E-05  0.37180181E-07 -0.15852730E-08   863.99999987   -23331.15093554
    2920    5.84000000  0.33620570E-05  0.37291510E-07 -0.14857244E-08   863.99999987   -23331.15098226
    2930    5.86000000  0.33683750E-05  0.37394106E-07 -0.13964585E-08   863.99999987   -23331.15102363
    2940    5.88000000  0.33740550E-05  0.37488192E-07 -0.13174980E-08   863.99999987   -23331.15105959
    2950    5.90000000  0.33790903E-05  0.37574184E-07 -0.12490491E-08   863.99999987   -23331.15109011
    2960    5.92000000  0.33834743E-05  0.37652425E-07 -0.11911163E-08   863.99999987   -23331.15111518
    2970    5.94000000  0.33872009E-05  0.37723371E-07 -0.11434696E-08   863.99999987   -23331.15113476
    2980    5.96000000  0.33902648E-05  0.37787067E-07 -0.11059385E-08   863.99999987   -23331.15114884
    2990    5.98000000  0.33926601E-05  0.37844121E-07 -0.10782358E-08   863.99999987   -23331.15115740
    3000    6.00000000  0.33943822E-05  0.37894630E-07 -0.10600897E-08   863.99999987   -23331.15116044
    3010    6.02000000  0.33954270E-05  0.37939162E-07 -0.10510565E-08   863.99999987   -23331.15115794
    3020    6.04000000  0.33957907E-05  0.37977665E-07 -0.10506284E-08   863.99999987   -23331.15114990
    3030    6.06000000  0.33954701E-05  0.38010614E-07 -0.10581595E-08   863.99999987   -23331.15113632
    3040    6.08000000  0.33944627E-05  0.38038259E-07 -0.10729760E-08   863.99999987   -23331.15111722
    3050    6.10000000  0.33927669E-05  0.38060968E-07 -0.10944786E-08   863.99999987   -23331.15109261
    3060    6.12000000  0.33903814E-05  0.38078838E-07 -0.11218900E-08   863.99999987   -23331.15106249
    3070    6.14000000  0.33873057E-05  0.38092265E-07 -0.11542912E-08   863.99999987   -23331.15102689
    3080    6.16000000  0.33835399E-05  0.38101381E-07 -0.11908696E-08   863.99999987   -23331.15098583
    3090    6.18000000  0.33790850E-05  0.38106407E-07 -0.12307461E-08   863.99999987   -23331.15093935
    3100    6.20000000  0.33739423E-05  0.38107486E-07 -0.12731611E-08   863.99999987   -23331.15088748
    3110    6.22000000  0.33681138E-05  0.38104883E-07 -0.13171016E-08   863.99999986   -23331.15083024
    3120    6.24000000  0.33616022E-05  0.38098732E-07 -0.13618207E-08   863.99999986   -23331.15076770
    3130    6.26000000  0.33544105E-05  0.38089113E-07 -0.14062090E-08   863.99999986   -23331.15069988
    3140    6.28000000  0.33465424E-05  0.38076456E-07 -0.14495644E-08   863.99999986   -23331.15062685
    3150    6.30000000  0.33380019E-05  0.38060666E-07 -0.14910987E-08   863.99999986   -23331.15054865
    3160    6.32000000  0.33287936E-05  0.38042038E-07 -0.15298459E-08   863.99999986   -23331.15046534
    3170    6.34000000  0.33189221E-05  0.38020584E-07 -0.15652577E-08   863.99999986   -23331.15037699
    3180    6.36000000  0.33083927E-05  0.37996473E-07 -0.15962599E-08   863.99999986   -23331.15028367
    3190    6.38000000  0.32972106E-05  0.37969733E-07 -0.16223879E-08   863.99999986   -23331.15018543
    3200    6.40000000  0.32853814E-05  0.37940399E-07 -0.16426023E-08   863.99999986   -23331.15008237
    3210    6.42000000  0.32729107E-05  0.37908401E-07 -0.16565860E-08   863.99999986   -23331.14997454
    3220    6.44000000  0.32598044E-05  0.37873749E-07 -0.16637892E-08   863.99999986   -23331.14986204
    3230    6.46000000  0.32460685E-05  0.37836423E-07 -0.16636405E-08   863.99999986   -23331.14974495
    3240    6.48000000  0.32317087E-05  0.37796368E-07 -0.16558417E-08   863.99999986   -23331.14962336
    3250    6.50000000  0.32167309E-05  0.37753427E-07 -0.16401103E-08   863.99999986   -23331.14949735
    3260    6.52000000  0.32011412E-05  0.37707591E-07 -0.16162268E-08   863.99999986   -23331.14936702
    3270    6.54000000  0.31849451E-05  0.37658809E-07 -0.15841089E-08   863.99999986   -23331.14923248
    3280    6.56000000  0.31681485E-05  0.37606955E-07 -0.15435409E-08   863.99999986   -23331.14909382
    3290    6.58000000  0.31507571E-05  0.37551913E-07 -0.14948065E-08   863.99999986   -23331.14895114
    3300    6.60000000  0.31327764E-05  0.37493825E-07 -0.14375748E-08   863.99999986   -23331.14880455
    3310    6.62000000  0.31142119E-05  0.37432553E-07 -0.13723337E-08   863.99999986   -23331.14865416
    3320    6.64000000  0.30950687E-05  0.37367996E-07 -0.12991765E-08   863.99999986   -23331.14850008
    3330    6.66000000  0.30753522E-05  0.37300304E-07 -0.12184021E-08   863.99999986   -23331.14834243
    3340    6.68000000  0.30550672E-05  0.37229443E-07 -0.11304947E-08   863.99999985   -23331.14818133
    3350    6.70000000  0.30342188E-05  0.37155404E-07 -0.10358599E-08   863.99999985   -23331.14801689
    3360    6.72000000  0.30128117E-05  0.37078096E-07 -0.93488232E-09   863.99999985   -23331.14784923
    3370    6.74000000  0.29908507E-05  0.36997635E-07 -0.82803466E-09   863.99999985   -23331.14767849
    3380    6.76000000  0.29683402E-05  0.36913951E-07 -0.71598084E-09   863.99999985   -23331.14750478
    3390    6.78000000  0.29452853E-05  0.36826752E-07 -0.59921383E-09   863.99999985   -23331.14732824
    3400    6.80000000  0.29216903E-05  0.36736015E-07 -0.47820989E-09   863.99999985   -23331.14714900
    3410    6.82000000  0.28975598E-05  0.36641642E-07 -0.35366001E-09   863.99999985   -23331.14696718
    3420    6.84000000  0.28728982E-05  0.36543185E-07 -0.22619060E-09   863.99999985   -23331.14678293
    3430    6.86000000  0.28477103E-05  0.36440760E-07 -0.96605138E-10   863.99999985   -23331.14659638
    3440    6.88000000  0.28220004E-05  0.36334036E-07  0.34638525E-10   863.99999985   -23331.14640767
    3450    6.90000000  0.27957731E-05  0.36222735E-07  0.16657795E-09   863.99999985   -23331.14621694
    3460    6.92000000  0.27690330E-05  0.36106874E-07  0.29860139E-09   863.99999985   -23331.14602433
    3470    6.94000000  0.27417846E-05  0.35986209E-07  0.43010372E-09   863.99999985   -23331.14582998
    3480    6.96000000  0.27140327E-05  0.35860419E-07  0.56042707E-09   863.99999985   -23331.14563404
    3490    6.98000000  0.26857820E-05  0.35729422E-07  0.68900475E-09   863.99999985   -23331.14543664
    3500    7.00000000  0.26570375E-05  0.35592860E-07  0.81525705E-09   863.99999985   -23331.14523795
    3510    7.02000000  0.26278042E-05  0.35450630E-07  0.93855746E-09   863.99999985   -23331.14503809
    3520    7.04000000  0.25980876E-05  0.35302517E-07  0.10585724E-08   863.99999985   -23331.14483723
    3530    7.06000000  0.25678929E-05  0.35148154E-07  0.11748921E-08   863.99999985   -23331.14463551
    3540    7.08000000  0.25372261E-05  0.34987318E-07  0.12872145E-08   863.99999985   -23331.14443307
    3550    7.10000000  0.25060931E-05  0.34819973E-07  0.13953380E-08   863.99999985   -23331.14423007
    3560    7.12000000  0.24745000E-05  0.34645809E-07  0.14988552E-08   863.99999985   -23331.14402667
    3570    7.14000000  0.24424534E-05  0.34464761E-07  0.15977996E-08   863.99999984   -23331.14382299
    3580    7.16000000  0.24099603E-05  0.34276756E-07  0.16921670E-08   863.99999984   -23331.14361921
    3590    7.18000000  0.23770273E-05  0.34081674E-07  0.17817481E-08   863.99999984   -23331.14341546
    3600    7.20000000  0.23436618E-05  0.33879256E-07  0.18668216E-08   863.99999984   -23331.14321190
    3610    7.22000000  0.23098712E-05  0.33669662E-07  0.19473287E-08   863.99999984   -23331.14300868
    3620    7.24000000  0.22756634E-05  0.33452576E-07  0.20236968E-08   863.99999984   -23331.14280594
    3630    7.26000000  0.22410460E-05  0.33227980E-07  0.20959681E-08   863.99999984   -23331.14260384
    3640    7.28000000  0.22060272E-05  0.32995754E-07  0.21645677E-08   863.99999984   -23331.14240252
    3650    7.30000000  0.21706152E-05  0.32755805E-07  0.22298432E-08   863.99999984   -23331.14220213
    3660    7.32000000  0.21348183E-05  0.32507831E-07  0.22922427E-08   863.99999984   -23331.14200281
    3670    7.34000000  0.20986451E-05  0.32251943E-07  0.23520477E-08   863.99999984   -23331.14180472
    3680    7.36000000  0.20621045E-05  0.31988078E-07  0.24096715E-08   863.99999984   -23331.14160799
    3690    7.38000000  0.20252052E-05  0.31716074E-07  0.24658002E-08   863.99999984   -23331.14141276
    3700    7.40000000  0.19879564E-05  0.31435788E-07  0.25205346E-08   863.99999984   -23331.14121919
    3710    7.42000000  0.19503671E-05  0.31147495E-07  0.25743955E-08   863.99999984   -23331.14102740
    3720    7.44000000  0.19124466E-05  0.30851042E-07  0.26278203E-08   863.99999984   -23331.14083754
    3730    7.46000000  0.18742047E-05  0.30546543E-07  0.26811823E-08   863.99999984   -23331.14064974
    3740    7.48000000  0.18356507E-05  0.30233972E-07  0.27349572E-08   863.99999984   -23331.14046413
    3750    7.50000000  0.17967946E-05  0.29913482E-07  0.27893033E-08   863.99999984   -23331.14028086
    3760    7.52000000  0.17576463E-05  0.29585304E-07  0.28448782E-08   863.99999984   -23331.14010004
    3770    7.54000000  0.17182159E-05  0.29249153E-07  0.29020589E-08   863.99999984   -23331.13992181
    3780    7.56000000  0.16785136E-05  0.28905784E-07  0.29611619E-08   863.99999984   -23331.13974629
    3790    7.58000000  0.16385500E-05  0.28555049E-07  0.30225069E-08   863.99999984   -23331.13957361
    3800    7.60000000  0.15983356E-05  0.28197420E-07  0.30864379E-08   863.99999983   -23331.13940388
    3810    7.62000000  0.15578811E-05  0.27833020E-07  0.31532426E-08   863.99999983   -23331.13923723
    3820    7.64000000  0.15171973E-05  0.27462338E-07  0.32233507E-08   863.99999983   -23331.13907377
    3830    7.66000000  0.14762951E-05  0.27085571E-07  0.32968529E-08   863.99999983   -23331.13891361
    3840    7.68000000  0.14351854E-05  0.26703127E-07  0.33739903E-08   863.99999983   -23331.13875686
    3850    7.70000000  0.13938793E-05  0.26315318E-07  0.34550152E-08   863.99999983   -23331.13860363
    3860    7.72000000  0.13523881E-05  0.25922359E-07  0.35398908E-08   863.99999983   -23331.13845402
    3870    7.74000000  0.13107229E-05  0.25524735E-07  0.36287437E-08   863.99999983   -23331.13830814
    3880    7.76000000  0.12688950E-05  0.25122771E-07  0.37217351E-08   863.99999983   -23331.13816607
    3890    7.78000000  0.12269156E-05  0.24716937E-07  0.38188168E-08   863.99999983   -23331.13802792
    3900    7.80000000  0.11847959E-05  0.24307698E-07  0.39198382E-08   863.99999983   -23331.13789377
    3910    7.82000000  0.11425473E-05  0.23895398E-07  0.40247722E-08   863.99999983   -23331.13776371
    3920    7.84000000  0.11001810E-05  0.23480545E-07  0.41335944E-08   863.99999983   -23331.13763783
    3930    7.86000000  0.10577082E-05  0.23063551E-07  0.42459500E-08   863.99999983   -23331.13751620
    3940    7.88000000  0.10151397E-05  0.22644813E-07  0.43617051E-08   863.99999983   -23331.13739890
    3950    7.90000000  0.97248672E-06  0.22224867E-07  0.44808086E-08   863.99999983   -23331.13728600
    3960    7.92000000  0.92976013E-06  0.21804049E-07  0.46028905E-08   863.99999983   -23331.13717757
    3970    7.94000000  0.88697063E-06  0.21382679E-07  0.47276505E-08   863.99999983   -23331.13707369
    3980    7.96000000  0.84412907E-06  0.20961254E-07  0.48549156E-08   863.99999983   -23331.13697440
    3990    7.98000000  0.80124611E-06  0.20540064E-07  0.49842261E-08   863.99999983   -23331.13687977
    4000    8.00000000  0.75833227E-06  0.20119492E-07  0.51153239E-08   863.99999983   -23331.13678984
    4010    8.02000000  0.71539815E-06  0.19700173E-07  0.52478735E-08   863.99999983   -23331.13670469
    4020    8.04000000  0.67245406E-06  0.19282342E-07  0.53815445E-08   863.99999983   -23331.13662433
    4030    8.06000000  0.62951033E-06  0.18866249E-07  0.55159391E-08   863.99999982   -23331.13654883
    4040    8.08000000  0.58657668E-06  0.18452501E-07  0.56506580E-08   863.99999982   -23331.13647822
    4050    8.10000000  0.54366319E-06  0.18041410E-07  0.57853908E-08   863.99999982   -23331.13641254
    4060    8.12000000  0.50077933E-06  0.17633195E-07  0.59196917E-08   863.99999982   -23331.13635181
    4070    8.14000000  0.45793478E-06  0.17228246E-07  0.60533076E-08   863.99999982   -23331.13629606
    4080    8.16000000  0.41513866E-06  0.16827017E-07  0.61857389E-08   863.99999982   -23331.13624532
    4090    8.18000000  0.37240030E-06  0.16429590E-07  0.63169110E-08   863.99999982   -23331.13619962
    4100    8.20000000  0.32972849E-06  0.16036267E-07  0.64463834E-08   863.99999982   -23331.13615895
    4110    8.22000000  0.28713232E-06  0.15647314E-07  0.65737667E-08   863.99999982   -23331.13612334
    4120    8.24000000  0.24462037E-06  0.15262956E-07  0.66988626E-08   863.99999982   -23331.13609280
    4130    8.26000000  0.20220150E-06  0.14883073E-07  0.68214199E-08   863.99999982   -23331.13606733
    4140    8.28000000  0.15988412E-06  0.14508018E-07  0.69413452E-08   863.99999982   -23331.13604694
    4150    8.30000000  0.11767678E-06  0.14137687E-07  0.70584300E-08   863.99999982   -23331.13603161
    4160    8.32000000  0.75587675E-07  0.13772067E-07  0.71724422E-08   863.99999982   -23331.13602135
    4170    8.34000000  0.33625072E-07  0.13411257E-07  0.72832172E-08   863.99999982   -23331.13601615
    4180    8.36000000 -0.82029819E-08  0.13054985E-07  0.73908286E-08   863.99999982   -23331.13601600
    4190    8.38000000 -0.49888401E-07  0.12703168E-07  0.74951533E-08   863.99999982   -23331.13602087
    4200    8.40000000 -0.91423229E-07  0.12355606E-07  0.75962283E-08   863.99999982   -23331.13603075
    4210    8.42000000 -0.13279947E-06  0.12012337E-07  0.76940089E-08   863.99999982   -23331.13604562
    4220    8.44000000 -0.17400923E-06  0.11672968E-07  0.77886112E-08   863.99999982   -23331.13606546
    4230    8.46000000 -0.21504447E-06  0.11337219E-07  0.78800587E-08   863.99999982   -23331.13609022
    4240    8.48000000 -0.25589728E-06  0.11004771E-07  0.79683723E-08   863.99999982   -23331.13611988
    4250    8.50000000 -0.29655970E-06  0.10675384E-07  0.80536156E-08   863.99999982   -23331.13615441
    4260    8.52000000 -0.33702360E-06  0.10348623E-07  0.81359640E-08   863.99999981   -23331.13619376
    4270    8.54000000 -0.37728104E-06  0.10024106E-07  0.82154306E-08   863.99999981   -23331.13623789
    4280    8.56000000 -0.41732399E-06  0.97015786E-08  0.82920373E-08   863.99999981   -23331.13628676
    4290    8.58000000 -0.45714426E-06  0.93807967E-08  0.83658684E-08   863.99999981   -23331.13634032
    4300    8.60000000 -0.49673354E-06  0.90611972E-08  0.84369338E-08   863.99999981   -23331.13639852
    4310    8.62000000 -0.53608363E-06  0.87424567E-08  0.85053409E-08   863.99999981   -23331.13646129
    4320    8.64000000 -0.57518609E-06  0.84243595E-08  0.85712868E-08   863.99999981   -23331.13652860
    4330    8.66000000 -0.61403232E-06  0.81062916E-08  0.86347343E-08   863.99999981   -23331.13660036
    4340    8.68000000 -0.65261375E-06  0.77882039E-08  0.86959863E-08   863.99999981   -23331.13667653
    4350    8.70000000 -0.69092179E-06  0.74696278E-08  0.87552089E-08   863.99999981   -23331.13675703
    4360    8.72000000 -0.72894757E-06  0.71504205E-08  0.88122131E-08   863.99999981   -23331.13684181
    4370    8.74000000 -0.76668243E-06  0.68301957E-08  0.88674836E-08   863.99999981   -23331.13693077
    4380    8.76000000 -0.80411748E-06  0.65087542E-08  0.89209889E-08   863.99999981   -23331.13702386
    4390    8.78000000 -0.84124376E-06  0.61859187E-08  0.89729854E-08   863.99999981   -23331.13712099
    4400    8.80000000 -0.87805214E-06  0.58614244E-08  0.90234264E-08   863.99999981   -23331.13722209
    4410    8.82000000 -0.91453356E-06  0.55352521E-08  0.90724465E-08   863.99999981   -23331.13732707
    4420    8.84000000 -0.95067885E-06  0.52071617E-08  0.91202256E-08   863.99999981   -23331.13743585
    4430    8.86000000 -0.98647864E-06  0.48770916E-08  0.91667269E-08   863.99999981   -23331.13754834
    4440    8.88000000 -0.10219239E-05  0.45449264E-08  0.92122881E-08   863.99999981   -23331.13766446
    4450    8.90000000 -0.10570054E-05  0.42109120E-08  0.92567755E-08   863.99999981   -23331.13778412
    4460    8.92000000 -0.10917140E-05  0.38748563E-08  0.93002054E-08   863.99999981   -23331.13790721
    4470    8.94000000 -0.11260405E-05  0.35368665E-08  0.93427550E-08   863.99999981   -23331.13803366
    4480    8.96000000 -0.11599759E-05  0.31970957E-08  0.93843006E-08   863.99999980   -23331.13816335
    4490    8.98000000 -0.11935114E-05  0.28555976E-08  0.94248321E-08   863.99999980   -23331.13829620
    4500    9.00000000 -0.12266380E-05  0.25124338E-08  0.94643138E-08   863.99999980   -23331.13843209
    4510    9.02000000 -0.12593469E-05  0.21679080E-08  0.95028121E-08   863.99999980   -23331.13857094
    4520    9.04000000 -0.12916297E-05  0.18221572E-08  0.95400796E-08   863.99999980   -23331.13871263
    4530    9.06000000 -0.13234777E-05  0.14755135E-08  0.95760558E-08   863.99999980   -23331.13885707
    4540    9.08000000 -0.13548826E-05  0.11281621E-08  0.96106750E-08   863.99999980   -23331.13900414
    4550    9.10000000 -0.13858362E-05  0.78062119E-09  0.96436857E-08   863.99999980   -23331.13915374
    4560    9.12000000 -0.14163306E-05  0.43305162E-09  0.96748953E-08   863.99999980   -23331.13930577
    4570    9.14000000 -0.14463581E-05  0.86015246E-10  0.97039999E-08   863.99999980   -23331.13946010
    4580    9.16000000 -0.14759110E-05 -0.26013578E-09  0.97307089E-08   863.99999980   -23331.13961664
    4590    9.18000000 -0.15049819E-05 -0.60493764E-09  0.97545915E-08   863.99999980   -23331.13977527
    4600    9.20000000 -0.15335635E-05 -0.94815063E-09  0.97756597E-08   863.99999980   -23331.13993588
    4610    9.22000000 -0.15616491E-05 -0.12892023E-08  0.97931626E-08   863.99999980   -23331.14009835
    4620    9.24000000 -0.15892318E-05 -0.16279572E-08  0.98068654E-08   863.99999980   -23331.14026259
    4630    9.26000000 -0.16163052E-05 -0.19639709E-08  0.98164521E-08   863.99999980   -23331.14042846
    4640    9.28000000 -0.16428632E-05 -0.22968393E-08  0.98215872E-08   863.99999980   -23331.14059587
    4650    9.30000000 -0.16688995E-05 -0.26262763E-08  0.98217518E-08   863.99999980   -23331.14076470
    4660    9.32000000 -0.16944084E-05 -0.29520769E-08  0.98167960E-08   863.99999980   -23331.14093483
    4670    9.34000000 -0.17193844E-05 -0.32738145E-08  0.98064383E-08   863.99999980   -23331.14110615
    4680    9.36000000 -0.17438221E-05 -0.35911908E-08  0.97904403E-08   863.99999980   -23331.14127855
    4690    9.38000000 -0.17677164E-05 -0.39038898E-08  0.97683341E-08   863.99999980   -23331.14145192
    4700    9.40000000 -0.17910625E-05 -0.42118636E-08  0.97402079E-08   863.99999980   -23331.14162615
    4710    9.42000000 -0.18138557E-05 -0.45146332E-08  0.97058001E-08   863.99999979   -23331.14180112
    4720    9.44000000 -0.18360916E-05 -0.48121725E-08  0.96650228E-08   863.99999979   -23331.14197673
    4730    9.46000000 -0.18577656E-05 -0.51044085E-08  0.96176401E-08   863.99999979   -23331.14215287
    4740    9.48000000 -0.18788738E-05 -0.53912240E-08  0.95636789E-08   863.99999979   -23331.14232942
    4750    9.50000000 -0.18994123E-05 -0.56721706E-08  0.95030377E-08   863.99999979   -23331.14250628
    4760    9.52000000 -0.19193772E-05 -0.59475482E-08  0.94356495E-08   863.99999979   -23331.14268334
    4770    9.54000000 -0.19387648E-05 -0.62172131E-08  0.93615764E-08   863.99999979   -23331.14286050
    4780    9.56000000 -0.19575717E-05 -0.64811698E-08  0.92810192E-08   863.99999979   -23331.14303766
    4790    9.58000000 -0.19757945E-05 -0.67392033E-08  0.91938247E-08   863.99999979   -23331.14321470
    4800    9.60000000 -0.19934297E-05 -0.69915532E-08  0.91002302E-08   863.99999979   -23331.14339153
    4810    9.62000000 -0.20104744E-05 -0.72380155E-08  0.90003037E-08   863.99999979   -23331.14356805
    4820    9.64000000 -0.20269253E-05 -0.74787349E-08  0.88943419E-08   863.99999979   -23331.14374416
    4830    9.66000000 -0.20427792E-05 -0.77137143E-08  0.87823726E-08   863.99999979   -23331.14391976
    4840    9.68000000 -0.20580332E-05 -0.79430368E-08  0.86646320E-08   863.99999979   -23331.14409475
    4850    9.70000000 -0.20726845E-05 -0.81664183E-08  0.85413128E-08   863.99999979   -23331.14426905
    4860    9.72000000 -0.20867303E-05 -0.83840422E-08  0.84127896E-08   863.99999979   -23331.14444255
    4870    9.74000000 -0.21001674E-05 -0.85958215E-08  0.82791540E-08   863.99999979   -23331.14461518
    4880    9.76000000 -0.21129936E-05 -0.88017857E-08  0.81407566E-08   863.99999979   -23331.14478684
    4890    9.78000000 -0.21252063E-05 -0.90018571E-08  0.79980910E-08   863.99999979   -23331.14495744
    4900    9.80000000 -0.21368032E-05 -0.91958492E-08  0.78514075E-08   863.99999979   -23331.14512690
    4910    9.82000000 -0.21477820E-05 -0.93839290E-08  0.77006947E-08   863.99999979   -23331.14529513
    4920    9.84000000 -0.21581409E-05 -0.95659835E-08  0.75466813E-08   863.99999979   -23331.14546207
    4930    9.86000000 -0.21678778E-05 -0.97418742E-08  0.73894898E-08   863.99999979   -23331.14562762
    4940    9.88000000 -0.21769913E-05 -0.99116793E-08  0.72295397E-08   863.99999978   -23331.14579171
    4950    9.90000000 -0.21854799E-05 -0.10075452E-07  0.70670370E-08   863.99999978   -23331.14595427
    4960    9.92000000 -0.21933422E-05 -0.10233078E-07  0.69025841E-08   863.99999978   -23331.14611523
    4970    9.94000000 -0.22005772E-05 -0.10384699E-07  0.67363061E-08   863.99999978   -23331.14627452
    4980    9.96000000 -0.22071841E-05 -0.10530324E-07  0.65685746E-08   863.99999978   -23331.14643207
    4990    9.98000000 -0.22131623E-05 -0.10670163E-07  0.63998551E-08   863.99999978   -23331.14658781
    5000   10.00000000 -0.22185113E-05 -0.10804148E-07  0.62304159E-08   863.99999978   -23331.14674169
    5010   10.02000000 -0.22232307E-05 -0.10932520E-07  0.60606826E-08   863.99999978   -23331.14689365
    5020   10.04000000 -0.22273205E-05 -0.11055271E-07  0.58909969E-08   863.99999978   -23331.14704362
    5030   10.06000000 -0.22307806E-05 -0.11172378E-07  0.57216866E-08   863.99999978   -23331.14719156
    5040   10.08000000 -0.22336113E-05 -0.11284081E-07  0.55531232E-08   863.99999978   -23331.14733741
    5050   10.10000000 -0.22358129E-05 -0.11390532E-07  0.53857244E-08   863.99999978   -23331.14748113
    5060   10.12000000 -0.22373860E-05 -0.11491725E-07  0.52197660E-08   863.99999978   -23331.14762266
    5070   10.14000000 -0.22383309E-05 -0.11587760E-07  0.50553237E-08   863.99999978   -23331.14776197
    5080   10.16000000 -0.22386486E-05 -0.11679014E-07  0.48928611E-08   863.99999978   -23331.14789900
    5090   10.18000000 -0.22383400E-05 -0.11765544E-07  0.47324415E-08   863.99999978   -23331.14803374
    5100   10.20000000 -0.22374059E-05 -0.11847506E-07  0.45742482E-08   863.99999978   -23331.14816613
    5110   10.22000000 -0.22358475E-05 -0.11925172E-07  0.44181220E-08   863.99999978   -23331.14829614
    5120   10.24000000 -0.22336661E-05 -0.11998772E-07  0.42641085E-08   863.99999978   -23331.14842375
    5130   10.26000000 -0.22308630E-05 -0.12068436E-07  0.41124033E-08   863.99999978   -23331.14854893
    5140   10.28000000 -0.22274396E-05 -0.12134146E-07  0.39626413E-08   863.99999978   -23331.14867164
    5150   10.30000000 -0.22233976E-05 -0.12196222E-07  0.38147534E-08   863.99999978   -23331.14879188
    5160   10.32000000 -0.22187385E-05 -0.12254781E-07  0.36687070E-08   863.99999978   -23331.14890961
    5170   10.34000000 -0.22134642E-05 -0.12309769E-07  0.35240366E-08   863.99999977   -23331.14902482
    5180   10.36000000 -0.22075766E-05 -0.12361302E-07  0.33808650E-08   863.99999977   -23331.14913750
    5190   10.38000000 -0.22010777E-05 -0.12409572E-07  0.32388247E-08   863.99999977   -23331.14924763
    5200   10.40000000 -0.21939695E-05 -0.12454473E-07  0.30979243E-08   863.99999977   -23331.14935520
    5210   10.42000000 -0.21862542E-05 -0.12496121E-07  0.29576426E-08   863.99999977   -23331.14946021
    5220   10.44000000 -0.21779342E-05 -0.12534564E-07  0.28178940E-08   863.99999977   -23331.14956264
    5230   10.46000000 -0.21690119E-05 -0.12569772E-07  0.26782260E-08   863.99999977   -23331.14966251
    5240   10.48000000 -0.21594899E-05 -0.12601416E-07  0.25384861E-08   863.99999977   -23331.14975980
    5250   10.50000000 -0.21493710E-05 -0.12629733E-07  0.23984058E-08   863.99999977   -23331.14985452
    5260   10.52000000 -0.21386584E-05 -0.12654608E-07  0.22577212E-08   863.99999977   -23331.14994668
    5270   10.54000000 -0.21273548E-05 -0.12675874E-07  0.21162260E-08   863.99999977   -23331.15003627
    5280   10.56000000 -0.21154637E-05 -0.12693348E-07  0.19736080E-08   863.99999977   -23331.15012332
    5290   10.58000000 -0.21029885E-05 -0.12707106E-07  0.18298969E-08   863.99999977   -23331.15020783
    5300   10.60000000 -0.20899328E-05 -0.12716998E-07  0.16846493E-08   863.99999977   -23331.15028981
    5310   10.62000000 -0.20763005E-05 -0.12722920E-07  0.15378764E-08   863.99999977   -23331.15036929
    5320   10.64000000 -0.20620954E-05 -0.12724776E-07  0.13895154E-08   863.99999977   -23331.15044627
    5330   10.66000000 -0.20473218E-05 -0.12722626E-07  0.12392712E-08   863.99999977   -23331.15052078
    5340   10.68000000 -0.20319839E-05 -0.12716229E-07  0.10870964E-08   863.99999977   -23331.15059285
    5350   10.70000000 -0.20160863E-05 -0.12705635E-07  0.93302169E-09   863.99999977   -23331.15066248
    5360   10.72000000 -0.19996337E-05 -0.12690564E-07  0.77680643E-09   863.99999977   -23331.15072972
    5370   10.74000000 -0.19826310E-05 -0.12671166E-07  0.61857725E-09   863.99999977   -23331.15079458
    5380   10.76000000 -0.19650832E-05 -0.12647174E-07  0.45826817E-09   863.99999977   -23331.15085710
    5390   10.78000000 -0.19469956E-05 -0.12618701E-07  0.29616061E-09   863.99999977   -23331.15091731
    5400   10.80000000 -0.19283733E-05 -0.12585791E-07  0.13202573E-09   863.99999976   -23331.15097524
    5410   10.82000000 -0.19092222E-05 -0.12548528E-07 -0.33983175E-10   863.99999976   -23331.15103092
    5420   10.84000000 -0.18895475E-05 -0.12506765E-07 -0.20167422E-09   863.99999976   -23331.15108439
    5430   10.86000000 -0.18693553E-05 -0.12460698E-07 -0.37094231E-09   863.99999976   -23331.15113569
    5440   10.88000000 -0.18486513E-05 -0.12410229E-07 -0.54162643E-09   863.99999976   -23331.15118485
    5450   10.90000000 -0.18274413E-05 -0.12355419E-07 -0.71348884E-09   863.99999976   -23331.15123192
    5460   10.92000000 -0.18057314E-05 -0.12296289E-07 -0.88624810E-09   863.99999976   -23331.15127693
    5470   10.94000000 -0.17835278E-05 -0.12232906E-07 -0.10595140E-08   863.99999976   -23331.15131993
    5480   10.96000000 -0.17608364E-05 -0.12165241E-07 -0.12329560E-08   863.99999976   -23331.15136097
    5490   10.98000000 -0.17376635E-05 -0.12093339E-07 -0.14060039E-08   863.99999976   -23331.15140007
    5500   11.00000000 -0.17140157E-05 -0.12017344E-07 -0.15784241E-08   863.99999976   -23331.15143730
    5510   11.02000000 -0.16898991E-05 -0.11937404E-07 -0.17498636E-08   863.99999976   -23331.15147270
    5520   11.04000000 -0.16653204E-05 -0.11853622E-07 -0.19197725E-08   863.99999976   -23331.15150631
    5530   11.06000000 -0.16402862E-05 -0.11766042E-07 -0.20878467E-08   863.99999976   -23331.15153818
    5540   11.08000000 -0.16148032E-05 -0.11674716E-07 -0.22536028E-08   863.99999976   -23331.15156836
    5550   11.10000000 -0.15888781E-05 -0.11579711E-07 -0.24167056E-08   863.99999976   -23331.15159689
    5560   11.12000000 -0.15625177E-05 -0.11481174E-07 -0.25769007E-08   863.99999976   -23331.15162383
    5570   11.14000000 -0.15357288E-05 -0.11379124E-07 -0.27336767E-08   863.99999976   -23331.15164923
    5580   11.16000000 -0.15085184E-05 -0.11273635E-07 -0.28867132E-08   863.99999976   -23331.15167314
    5590   11.18000000 -0.14808937E-05 -0.11164501E-07 -0.30358509E-08   863.99999976   -23331.15169560
    5600   11.20000000 -0.14528615E-05 -0.11051801E-07 -0.31805654E-08   863.99999976   -23331.15171667
    5610   11.22000000 -0.14244290E-05 -0.10935499E-07 -0.33205553E-08   863.99999976   -23331.15173639
    5620   11.24000000 -0.13956039E-05 -0.10815614E-07 -0.34555905E-08   863.99999976   -23331.15175482
    5630   11.26000000 -0.13663934E-05 -0.10692115E-07 -0.35852424E-08   863.99999975   -23331.15177201
    5640   11.28000000 -0.13368050E-05 -0.10564844E-07 -0.37094762E-08   863.99999975   -23331.15178801
    5650   11.30000000 -0.13068466E-05 -0.10433902E-07 -0.38280370E-08   863.99999975   -23331.15180287
    5660   11.32000000 -0.12765261E-05 -0.10298944E-07 -0.39407941E-08   863.99999975   -23331.15181663
    5670   11.34000000 -0.12458512E-05 -0.10160062E-07 -0.40477562E-08   863.99999975   -23331.15182935
    5680   11.36000000 -0.12148300E-05 -0.10017176E-07 -0.41489697E-08   863.99999975   -23331.15184107
    5690   11.38000000 -0.11834709E-05 -0.98702922E-08 -0.42443745E-08   863.99999975   -23331.15185185
    5700   11.40000000 -0.11517821E-05 -0.97193256E-08 -0.43341474E-08   863.99999975   -23331.15186174
    5710   11.42000000 -0.11197720E-05 -0.95642176E-08 -0.44182898E-08   863.99999975   -23331.15187077
    5720   11.44000000 -0.10874495E-05 -0.94047262E-08 -0.44968887E-08   863.99999975   -23331.15187900
    5730   11.46000000 -0.10548233E-05 -0.92410781E-08 -0.45699127E-08   863.99999975   -23331.15188647
    5740   11.48000000 -0.10219024E-05 -0.90730676E-08 -0.46376630E-08   863.99999975   -23331.15189322
    5750   11.50000000 -0.98869599E-06 -0.89006032E-08 -0.47002061E-08   863.99999975   -23331.15189931
    5760   11.52000000 -0.95521317E-06 -0.87236516E-08 -0.47579100E-08   863.99999975   -23331.15190478
    5770   11.54000000 -0.92146353E-06 -0.85421393E-08 -0.48107340E-08   863.99999975   -23331.15190966
    5780   11.56000000 -0.88745656E-06 -0.83558964E-08 -0.48590657E-08   863.99999975   -23331.15191400
    5790   11.58000000 -0.85320192E-06 -0.81649452E-08 -0.49031916E-08   863.99999975   -23331.15191783
    5800   11.60000000 -0.81870924E-06 -0.79692427E-08 -0.49432708E-08   863.99999975   -23331.15192120
    5810   11.62000000 -0.78398844E-06 -0.77687426E-08 -0.49796211E-08   863.99999975   -23331.15192415
    5820   11.64000000 -0.74904934E-06 -0.75633623E-08 -0.50125678E-08   863.99999975   -23331.15192671
    5830   11.66000000 -0.71390212E-06 -0.73528634E-08 -0.50420820E-08   863.99999975   -23331.15192891
    5840   11.68000000 -0.67855677E-06 -0.71374042E-08 -0.50684342E-08   863.99999975   -23331.15193079
    5850   11.70000000 -0.64302340E-06 -0.69167349E-08 -0.50919049E-08   863.99999975   -23331.15193238
    5860   11.72000000 -0.60731221E-06 -0.66907677E-08 -0.51125693E-08   863.99999974   -23331.15193372
    5870   11.74000000 -0.57143362E-06 -0.64595958E-08 -0.51306459E-08   863.99999974   -23331.15193482
    5880   11.76000000 -0.53539763E-06 -0.62230039E-08 -0.51461437E-08   863.99999974   -23331.15193573
    5890   11.78000000 -0.49921466E-06 -0.59809190E-08 -0.51593584E-08   863.99999974   -23331.15193645
    5900   11.80000000 -0.46289499E-06 -0.57334625E-08 -0.51703013E-08   863.99999974   -23331.15193703
    5910   11.82000000 -0.42644885E-06 -0.54806981E-08 -0.51791916E-08   863.99999974   -23331.15193747
    5920   11.84000000 -0.38988655E-06 -0.52224611E-08 -0.51860552E-08   863.99999974   -23331.15193781
    5930   11.86000000 -0.35321824E-06 -0.49586405E-08 -0.51911837E-08   863.99999974   -23331.15193806
    5940   11.88000000 -0.31645431E-06 -0.46894319E-08 -0.51946291E-08   863.99999974   -23331.15193823
    5950   11.90000000 -0.27960483E-06 -0.44148022E-08 -0.51963857E-08   863.99999974   -23331.15193835
    5960   11.92000000 -0.24267999E-06 -0.41348741E-08 -0.51966690E-08   863.99999974   -23331.15193842
    5970   11.94000000 -0.20568985E-06 -0.38496809E-08 -0.51954574E-08   863.99999974   -23331.15193847
    5980   11.96000000 -0.16864448E-06 -0.35594985E-08 -0.51930054E-08   863.99999974   -23331.15193849
    5990   11.98000000 -0.13155386E-06 -0.32643255E-08 -0.51891908E-08   863.99999974   -23331.15193850
    6000   12.00000000 -0.94427949E-07 -0.29646861E-08 -0.51840429E-08   863.99999974   -23331.15193850
    6010   12.02000000 -0.56976118E-07 -0.26607233E-08 -0.51774875E-08   863.99999974   -23331.15193850
    6020   12.04000000 -0.19339219E-07 -0.23530005E-08 -0.51694734E-08   863.99999974   -23331.15193850
    6030   12.06000000  0.17889187E-07 -0.20415159E-08 -0.51601204E-08   863.99999974   -23331.15193850
    6040   12.08000000  0.54168141E-07 -0.17265282E-08 -0.51494002E-08   863.99999974   -23331.15193850
    6050   12.10000000  0.88997692E-07 -0.14081033E-08 -0.51376859E-08   863.99999974   -23331.15193850
    6060   12.12000000  0.12193227E-06 -0.10864388E-08 -0.51251626E-08   863.99999974   -23331.15193850
    6070   12.14000000  0.15259350E-06 -0.76100203E-09 -0.51118116E-08   863.99999974   -23331.15193851
    6080   12.16000000  0.18066715E-06 -0.43145018E-09 -0.50981322E-08   863.99999974   -23331.15193851
    6090   12.18000000  0.20590205E-06 -0.97462713E-10 -0.50844044E-08   863.99999973   -23331.15193851
    6100   12.20000000  0.22810771E-06  0.24105348E-09 -0.50705274E-08   863.99999973   -23331.15193851
    6110   12.22000000  0.24714250E-06  0.58387918E-09 -0.50566241E-08   863.99999973   -23331.15193851
    6120   12.24000000  0.26290995E-06  0.93059759E-09 -0.50424041E-08   863.99999973   -23331.15193851
    6130   12.26000000  0.27535859E-06  0.12802856E-08 -0.50275725E-08   863.99999973   -23331.15193851
    6140   12.28000000  0.28447959E-06  0.16316007E-08 -0.50116555E-08   863.99999973   -23331.15193851
    6150   12.30000000  0.29030535E-06  0.19828846E-08 -0.49942178E-08   863.99999973   -23331.15193851
    6160   12.32000000  0.29290858E-06  0.23319451E-08 -0.49748094E-08   863.99999973   -23331.15193851
    6170   12.34000000  0.29239899E-06  0.26760441E-08 -0.49527808E-08   863.99999973   -23331.15193851
    6180   12.36000000  0.28891996E-06  0.30122738E-08 -0.49275325E-08   863.99999973   -23331.15193851
    6190   12.38000000  0.28264323E-06  0.33375281E-08 -0.48988504E-08   863.99999973   -23331.15193851
    6200   12.40000000  0.27376737E-06  0.36482742E-08 -0.48660923E-08   863.99999973   -23331.15193851
    6210   12.42000000  0.26251263E-06  0.39410019E-08 -0.48287253E-08   863.99999973   -23331.15193851
    6220   12.44000000  0.24911398E-06  0.42122980E-08 -0.47860461E-08   863.99999973   -23331.15193851
    6230   12.46000000  0.23381672E-06  0.44586279E-08 -0.47375471E-08   863.99999973   -23331.15193851
    6240   12.48000000  0.21687354E-06  0.46767473E-08 -0.46827903E-08   863.99999973   -23331.15193851
    6250   12.50000000  0.19854102E-06  0.48634956E-08 -0.46210121E-08   863.99999973   -23331.15193851
    6260   12.52000000  0.17907530E-06  0.50159721E-08 -0.45517932E-08   863.99999973   -23331.15193851
    6270   12.54000000  0.15872918E-06  0.51311947E-08 -0.44748095E-08   863.99999973   -23331.15193852
    6280   12.56000000  0.13774975E-06  0.52066686E-08 -0.43894718E-08   863.99999973   -23331.15193852
    6290   12.58000000  0.11637655E-06  0.52398746E-08 -0.42955665E-08   863.99999973   -23331.15193852
    6300   12.60000000  0.94842305E-07  0.52290359E-08 -0.41927756E-08   863.99999973   -23331.15193852
    6310   12.62000000  0.73371503E-07  0.51723116E-08 -0.40810092E-08   863.99999973   -23331.15193852
    6320   12.64000000  0.52178155E-07  0.50684393E-08 -0.39599027E-08   863.99999973   -23331.15193852
    6330   12.66000000  0.31463792E-07  0.49166587E-08 -0.38296599E-08   863.99999972   -23331.15193852
    6340   12.68000000  0.11416332E-07  0.47164663E-08 -0.36902466E-08   863.99999972   -23331.15193852
    6350   12.70000000 -0.77917316E-08  0.44679312E-08 -0.35418534E-08   863.99999972   -23331.15193852
    6360   12.72000000 -0.26005377E-07  0.41715654E-08 -0.33847924E-08   863.99999972   -23331.15193852
    6370   12.74000000 -0.43087127E-07  0.38285150E-08 -0.32195984E-08   863.99999972   -23331.15193852
    6380   12.76000000 -0.58919089E-07  0.34399608E-08 -0.30467558E-08   863.99999972   -23331.15193852
    6390   12.78000000 -0.73403901E-07  0.30078489E-08 -0.28670658E-08   863.99999972   -23331.15193852
    6400   12.80000000 -0.86464341E-07  0.25346277E-08 -0.26813786E-08   863.99999972   -23331.15193852
    6410   12.82000000 -0.98040728E-07  0.20227442E-08 -0.24908163E-08   863.99999972   -23331.15193852
    6420   12.84000000 -0.10809117E-06  0.14752810E-08 -0.22963714E-08   863.99999972   -23331.15193852
    6430   12.86000000 -0.11659089E-06  0.89568282E-09 -0.20993339E-08   863.99999972   -23331.15193852
    6440   12.88000000 -0.12353198E-06  0.28735512E-09 -0.19011850E-08   863.99999972   -23331.15193852
    6450   12.90000000 -0.12892148E-06 -0.34594865E-09 -0.17032019E-08   863.99999972   -23331.15193852
    6460   12.92000000 -0.13278151E-06 -0.10002003E-08 -0.15069329E-08   863.99999972   -23331.15193853
    6470   12.94000000 -0.13514843E-06 -0.16712132E-08 -0.13139315E-08   863.99999972   -23331.15193853
    6480   12.96000000 -0.13607163E-06 -0.23547423E-08 -0.11258662E-08   863.99999972   -23331.15193853
    6490   12.98000000 -0.13561319E-06 -0.30463257E-08 -0.94397091E-09   863.99999972   -23331.15193853
    6500   13.00000000 -0.13384683E-06 -0.37415194E-08 -0.77013039E-09   863.99999972   -23331.15193853
    6510   13.02000000 -0.13085596E-06 -0.44358667E-08 -0.60553825E-09   863.99999972   -23331.15193853
    6520   13.04000000 -0.12673292E-06 -0.51249224E-08 -0.45186063E-09   863.99999972   -23331.15193853
    6530   13.06000000 -0.12157707E-06 -0.58046497E-08 -0.31040286E-09   863.99999972   -23331.15193853
    6540   13.08000000 -0.11549341E-06 -0.64706354E-08 -0.18267736E-09   863.99999972   -23331.15193853
    6550   13.10000000 -0.10859007E-06 -0.71189572E-08 -0.69587148E-10   863.99999972   -23331.15193853
    6560   13.12000000 -0.10097785E-06 -0.77457072E-08  0.27568938E-10   863.99999971   -23331.15193853
    6570   13.14000000 -0.92768293E-07 -0.83475126E-08  0.10788814E-09   863.99999971   -23331.15193853
    6580   13.16000000 -0.84071631E-07 -0.89206191E-08  0.17058156E-09   863.99999971   -23331.15193853
    6590   13.18000000 -0.74996270E-07 -0.94619607E-08  0.21515792E-09   863.99999971   -23331.15193853
    6600   13.20000000 -0.65648686E-07 -0.99686220E-08  0.24098947E-09   863.99999971   -23331.15193853
    6610   13.22000000 -0.56132067E-07 -0.10437771E-07  0.24796377E-09   863.99999971   -23331.15193853
    6620   13.24000000 -0.46545593E-07 -0.10867231E-07  0.23571092E-09   863.99999971   -23331.15193853
    6630   13.26000000 -0.36983472E-07 -0.11254961E-07  0.20449695E-09   863.99999971   -23331.15193853
    6640   13.28000000 -0.27534252E-07 -0.11599444E-07  0.15431858E-09   863.99999971   -23331.15193853
    6650   13.30000000 -0.18280346E-07 -0.11899322E-07  0.85720289E-10   863.99999971   -23331.15193854
    6660   13.32000000 -0.92977163E-08 -0.12153898E-07 -0.64005934E-12   863.99999971   -23331.15193854
    6670   13.34000000 -0.65534209E-09 -0.12362613E-07 -0.10396218E-09   863.99999971   -23331.15193854
    6680   13.36000000  0.75846501E-08 -0.12525414E-07 -0.22319093E-09   863.99999971   -23331.15193854
    6690   13.38000000  0.15367529E-07 -0.12642633E-07 -0.35680599E-09   863.99999971   -23331.15193854
    6700   13.40000000  0.22646115E-07 -0.12714909E-07 -0.50352738E-09   863.99999971   -23331.15193854
    6710   13.42000000  0.29380033E-07 -0.12742933E-07 -0.66172749E-09   863.99999971   -23331.15193854
    6720   13.44000000  0.35536356E-07 -0.12728117E-07 -0.82946617E-09   863.99999971   -23331.15193854
    6730   13.46000000  0.41089178E-07 -0.12671870E-07 -0.10051293E-08   863.99999971   -23331.15193854
    6740   13.48000000  0.46020337E-07 -0.12576075E-07 -0.11867422E-08   863.99999971   -23331.15193854
    6750   13.50000000  0.50318364E-07 -0.12442836E-07 -0.13723392E-08   863.99999971   -23331.15193854
    6760   13.52000000  0.53978470E-07 -0.12274304E-07 -0.15599137E-08   863.99999971   -23331.15193854
    6770   13.54000000  0.57002929E-07 -0.12072970E-07 -0.17475242E-08   863.99999971   -23331.15193854
    6780   13.56000000  0.59399020E-07 -0.11841569E-07 -0.19329674E-08   863.99999971   -23331.15193854
    6790   13.58000000  0.61179341E-07 -0.11582774E-07 -0.21142390E-08   863.99999970   -23331.15193854
    6800   13.60000000  0.62361076E-07 -0.11299284E-07 -0.22892227E-08   863.99999970   -23331.15193854
    6810   13.62000000  0.62966191E-07 -0.10994042E-07 -0.24561458E-08   863.99999970   -23331.15193854
    6820   13.64000000  0.63020968E-07 -0.10669982E-07 -0.26128797E-08   863.99999970   -23331.15193854
    6830   13.66000000  0.62555541E-07 -0.10329883E-07 -0.27576064E-08   863.99999970   -23331.15193854
    6840   13.68000000  0.61603340E-07 -0.99765269E-08 -0.28885998E-08   863.99999970   -23331.15193855
    6850   13.70000000  0.60200408E-07 -0.96127803E-08 -0.30043885E-08   863.99999970   -23331.15193855
    6860   13.72000000  0.58385589E-07 -0.92412439E-08 -0.31037049E-08   863.99999970   -23331.15193855
    6870   13.74000000  0.56200063E-07 -0.88644057E-08 -0.31852060E-08   863.99999970   -23331.15193855
    6880   13.76000000  0.53686317E-07 -0.84848694E-08 -0.32479603E-08   863.99999970   -23331.15193855
    6890   13.78000000  0.50888191E-07 -0.81049293E-08 -0.32910665E-08   863.99999970   -23331.15193855
    6900   13.80000000  0.47850376E-07 -0.77265986E-08 -0.33140411E-08   863.99999970   -23331.15193855
    6910   13.82000000  0.44617980E-07 -0.73520922E-08 -0.33163458E-08   863.99999970   -23331.15193855
    6920   13.84000000  0.41235428E-07 -0.69833150E-08 -0.32979040E-08   863.99999970   -23331.15193855
    6930   13.86000000  0.37746433E-07 -0.66218335E-08 -0.32586025E-08   863.99999970   -23331.15193855
    6940   13.88000000  0.34193210E-07 -0.62694002E-08 -0.31987860E-08   863.99999970   -23331.15193855
    6950   13.90000000  0.30616539E-07 -0.59273949E-08 -0.31185589E-08   863.99999970   -23331.15193855
    6960   13.92000000  0.27055016E-07 -0.55969811E-08 -0.30186901E-08   863.99999970   -23331.15193855
    6970   13.94000000  0.23545543E-07 -0.52793138E-08 -0.28996147E-08   863.99999970   -23331.15193855
    6980   13.96000000  0.20122312E-07 -0.49752585E-08 -0.27625016E-08   863.99999970   -23331.15193855
    6990   13.98000000  0.16816793E-07 -0.46857474E-08 -0.26081643E-08   863.99999970   -23331.15193855
    7000   14.00000000  0.13657516E-07 -0.44111322E-08 -0.24380305E-08   863.99999970   -23331.15193855
    7010   14.02000000  0.10670133E-07 -0.41522682E-08 -0.22532565E-08   863.99999970   -23331.15193855
    7020   14.04000000  0.78765897E-08 -0.39092420E-08 -0.20552832E-08   863.99999969   -23331.15193855
    7030   14.06000000  0.52954249E-08 -0.36825642E-08 -0.18456739E-08   863.99999969   -23331.15193856
    7040   14.08000000  0.29415315E-08 -0.34723661E-08 -0.16261969E-08   863.99999969   -23331.15193856
    7050   14.10000000  0.82603893E-09 -0.32789625E-08 -0.13984803E-08   863.99999969   -23331.15193856
    7060   14.12000000 -0.10432639E-08 -0.31022588E-08 -0.11642245E-08   863.99999969   -23331.15193856
    7070   14.14000000 -0.26622224E-08 -0.29421541E-08 -0.92526986E-09   863.99999969   -23331.15193856
    7080   14.16000000 -0.40299370E-08 -0.27985821E-08 -0.68362587E-09   863.99999969   -23331.15193856
    7090   14.18000000 -0.51492195E-08 -0.26712619E-08 -0.44100911E-09   863.99999969   -23331.15193856
    7100   14.20000000 -0.60255385E-08 -0.25599573E-08 -0.19950807E-09   863.99999969   -23331.15193856
    7110   14.22000000 -0.66675793E-08 -0.24644558E-08  0.38883953E-10   863.99999969   -23331.15193856
    7120   14.24000000 -0.70866075E-08 -0.23844288E-08  0.27230781E-09   863.99999969   -23331.15193856
    7130   14.26000000 -0.72961310E-08 -0.23193016E-08  0.49888731E-09   863.99999969   -23331.15193856
    7140   14.28000000 -0.73117555E-08 -0.22687467E-08  0.71662680E-09   863.99999969   -23331.15193856
    7150   14.30000000 -0.71510087E-08 -0.22322417E-08  0.92378946E-09   863.99999969   -23331.15193856
    7160   14.32000000 -0.68326611E-08 -0.22094936E-08  0.11185711E-08   863.99999969   -23331.15193856
    7170   14.34000000 -0.63768287E-08 -0.21997887E-08  0.12996015E-08   863.99999969   -23331.15193856
    7180   14.36000000 -0.58046063E-08 -0.22026160E-08  0.14652537E-08   863.99999969   -23331.15193856
    7190   14.38000000 -0.51377501E-08 -0.22175611E-08  0.16142130E-08   863.99999969   -23331.15193856
    7200   14.40000000 -0.43982023E-08 -0.22441707E-08  0.17453208E-08   863.99999969   -23331.15193856
    7210   14.42000000 -0.36086318E-08 -0.22817257E-08  0.18574742E-08   863.99999969   -23331.15193856
    7220   14.44000000 -0.27907651E-08 -0.23299908E-08  0.19498910E-08   863.99999969   -23331.15193857
    7230   14.46000000 -0.19662340E-08 -0.23883501E-08  0.20217792E-08   863.99999969   -23331.15193857
    7240   14.48000000 -0.11556429E-08 -0.24563758E-08  0.20729034E-08   863.99999969   -23331.15193857
    7250   14.50000000 -0.37840675E-09 -0.25333034E-08  0.21025956E-08   863.99999968   -23331.15193857
    7260   14.52000000  0.34722031E-09 -0.26188720E-08  0.21109595E-08   863.99999968   -23331.15193857
    7270   14.54000000  0.10047873E-08 -0.27125095E-08  0.20979113E-08   863.99999968   -23331.15193857
    7280   14.56000000  0.15796231E-08 -0.28133825E-08  0.20638421E-08   863.99999968   -23331.15193857
    7290   14.58000000  0.20592220E-08 -0.29214262E-08  0.20089753E-08   863.99999968   -23331.15193857
    7300   14.60000000  0.24328611E-08 -0.30360020E-08  0.19340494E-08   863.99999968   -23331.15193857
    7310   14.62000000  0.26923536E-08 -0.31565247E-08  0.18395555E-08   863.99999968   -23331.15193857
    7320   14.64000000  0.28313596E-08 -0.32825257E-08  0.17265973E-08   863.99999968   -23331.15193857
    7330   14.66000000  0.28462425E-08 -0.34135021E-08  0.15960564E-08   863.99999968   -23331.15193857
    7340   14.68000000  0.27352165E-08 -0.35486830E-08  0.14492210E-08   863.99999968   -23331.15193857
    7350   14.70000000  0.24987709E-08 -0.36874712E-08  0.12873984E-08   863.99999968   -23331.15193857
    7360   14.72000000  0.21389580E-08 -0.38292992E-08  0.11117711E-08   863.99999968   -23331.15193857
    7370   14.74000000  0.16602749E-08 -0.39734189E-08  0.92400980E-09   863.99999968   -23331.15193857
    7380   14.76000000  0.10688661E-08 -0.41190012E-08  0.72558858E-09   863.99999968   -23331.15193857
    7390   14.78000000  0.37292705E-09 -0.42653896E-08  0.51831694E-09   863.99999968   -23331.15193857
    7400   14.80000000 -0.41782424E-09 -0.44117169E-08  0.30358989E-09   863.99999968   -23331.15193857
    7410   14.82000000 -0.12922208E-08 -0.45572450E-08  0.83169124E-10   863.99999968   -23331.15193858
    7420   14.84000000 -0.22376021E-08 -0.47010725E-08 -0.14120608E-09   863.99999968   -23331.15193858
    7430   14.86000000 -0.32404707E-08 -0.48424552E-08 -0.36785294E-09   863.99999968   -23331.15193858
    7440   14.88000000 -0.42858769E-08 -0.49806999E-08 -0.59530378E-09   863.99999968   -23331.15193858
    7450   14.90000000 -0.53588382E-08 -0.51146418E-08 -0.82190042E-09   863.99999968   -23331.15193858
    7460   14.92000000 -0.64429888E-08 -0.52434776E-08 -0.10461345E-08   863.99999968   -23331.15193858
    7470   14.94000000 -0.75222593E-08 -0.53664037E-08 -0.12666807E-08   863.99999968   -23331.15193858
    7480   14.96000000 -0.85799698E-08 -0.54824733E-08 -0.14822232E-08   863.99999967   -23331.15193858
    7490   14.98000000 -0.95996525E-08 -0.55905740E-08 -0.16916456E-08   863.99999967   -23331.15193858
    7500   15.00000000 -0.10565069E-07 -0.56899935E-08 -0.18937300E-08   863.99999967   -23331.15193858
    7510   15.02000000 -0.11460334E-07 -0.57796390E-08 -0.20877393E-08   863.99999967   -23331.15193858
    7520   15.04000000 -0.12270551E-07 -0.58585322E-08 -0.22727772E-08   863.99999967   -23331.15193858
    7530   15.06000000 -0.12981183E-07 -0.59257995E-08 -0.24481790E-08   863.99999967   -23331.15193858
    7540   15.08000000 -0.13579314E-07 -0.59806052E-08 -0.26133722E-08   863.99999967   -23331.15193858
    7550   15.10000000 -0.14053048E-07 -0.60220246E-08 -0.27677418E-08   863.99999967   -23331.15193858
    7560   15.12000000 -0.14391892E-07 -0.60493144E-08 -0.29109552E-08   863.99999967   -23331.15193858
    7570   15.14000000 -0.14586868E-07 -0.60617522E-08 -0.30427445E-08   863.99999967   -23331.15193858
    7580   15.16000000 -0.14630832E-07 -0.60585803E-08 -0.31630034E-08   863.99999967   -23331.15193858
    7590   15.18000000 -0.14518190E-07 -0.60394767E-08 -0.32716938E-08   863.99999967   -23331.15193858
    7600   15.20000000 -0.14244934E-07 -0.60037984E-08 -0.33687965E-08   863.99999967   -23331.15193859
    7610   15.22000000 -0.13809194E-07 -0.59512318E-08 -0.34545667E-08   863.99999967   -23331.15193859
    7620   15.24000000 -0.13210728E-07 -0.58814348E-08 -0.35294296E-08   863.99999967   -23331.15193859
    7630   15.26000000 -0.12451142E-07 -0.57942228E-08 -0.35936429E-08   863.99999967   -23331.15193859
    7640   15.28000000 -0.11533749E-07 -0.56894043E-08 -0.36476689E-08   863.99999967   -23331.15193859
    7650   15.30000000 -0.10464155E-07 -0.55670123E-08 -0.36922621E-08   863.99999967   -23331.15193859
    7660   15.32000000 -0.92490527E-08 -0.54271280E-08 -0.37279420E-08   863.99999967   -23331.15193859
    7670   15.34000000 -0.78973224E-08 -0.52700069E-08 -0.37554801E-08   863.99999967   -23331.15193859
    7680   15.36000000 -0.64193728E-08 -0.50958052E-08 -0.37756949E-08   863.99999967   -23331.15193859
    7690   15.38000000 -0.48272986E-08 -0.49052014E-08 -0.37894221E-08   863.99999967   -23331.15193859
    7700   15.40000000 -0.31344986E-08 -0.46987608E-08 -0.37974953E-08   863.99999967   -23331.15193859
    7710   15.42000000 -0.13558680E-08 -0.44771008E-08 -0.38008309E-08   863.99999966   -23331.15193859
    7720   15.44000000  0.49252432E-09 -0.42411906E-08 -0.38003658E-08   863.99999966   -23331.15193859
    7730   15.46000000  0.23940886E-08 -0.39919115E-08 -0.37968285E-08   863.99999966   -23331.15193859
    7740   15.48000000  0.43311211E-08 -0.37302760E-08 -0.37911775E-08   863.99999966   -23331.15193859
    7750   15.50000000  0.62855893E-08 -0.34574675E-08 -0.37842538E-08   863.99999966   -23331.15193859
    7760   15.52000000  0.82390747E-08 -0.31746418E-08 -0.37767799E-08   863.99999966   -23331.15193859
    7770   15.54000000  0.10173286E-07 -0.28831451E-08 -0.37694960E-08   863.99999966   -23331.15193859
    7780   15.56000000  0.12069570E-07 -0.25841864E-08 -0.37632698E-08   863.99999966   -23331.15193859
    7790   15.58000000  0.13909755E-07 -0.22791565E-08 -0.37586561E-08   863.99999966   -23331.15193860
    7800   15.60000000  0.15676228E-07 -0.19696432E-08 -0.37561101E-08   863.99999966   -23331.15193860
    7810   15.62000000  0.17351581E-07 -0.16569146E-08 -0.37563609E-08   863.99999966   -23331.15193860
    7820   15.64000000  0.18919637E-07 -0.13424112E-08 -0.37597962E-08   863.99999966   -23331.15193860
    7830   15.66000000  0.20365259E-07 -0.10275275E-08 -0.37668413E-08   863.99999966   -23331.15193860
    7840   15.68000000  0.21674508E-07 -0.71362819E-09 -0.37777166E-08   863.99999966   -23331.15193860
    7850   15.70000000  0.22834608E-07 -0.40194648E-09 -0.37924974E-08   863.99999966   -23331.15193860
    7860   15.72000000  0.23834646E-07 -0.94022262E-10 -0.38112530E-08   863.99999966   -23331.15193860
    7870   15.74000000  0.24665192E-07  0.20888137E-09 -0.38339976E-08   863.99999966   -23331.15193860
    7880   15.76000000  0.25318451E-07  0.50535610E-09 -0.38605553E-08   863.99999966   -23331.15193860
    7890   15.78000000  0.25788556E-07  0.79425257E-09 -0.38908468E-08   863.99999966   -23331.15193860
    7900   15.80000000  0.26071700E-07  0.10742431E-08 -0.39245766E-08   863.99999966   -23331.15193860
    7910   15.82000000  0.26165645E-07  0.13441872E-08 -0.39613685E-08   863.99999966   -23331.15193860
    7920   15.84000000  0.26070584E-07  0.16028426E-08 -0.40008956E-08   863.99999966   -23331.15193860
    7930   15.86000000  0.25788996E-07  0.18492265E-08 -0.40427448E-08   863.99999966   -23331.15193860
    7940   15.88000000  0.25325337E-07  0.20822871E-08 -0.40864649E-08   863.99999965   -23331.15193860
    7950   15.90000000  0.24685890E-07  0.23011300E-08 -0.41313212E-08   863.99999965   -23331.15193860
    7960   15.92000000  0.23879026E-07  0.25048278E-08 -0.41769453E-08   863.99999965   -23331.15193860
    7970   15.94000000  0.22914581E-07  0.26925254E-08 -0.42224622E-08   863.99999965   -23331.15193861
    7980   15.96000000  0.21803666E-07  0.28633962E-08 -0.42672541E-08   863.99999965   -23331.15193861
    7990   15.98000000  0.20558894E-07  0.30168542E-08 -0.43103389E-08   863.99999965   -23331.15193861
    8000   16.00000000  0.19193509E-07  0.31521731E-08 -0.43513434E-08   863.99999965   -23331.15193861
    8010   16.02000000  0.17721817E-07  0.32689295E-08 -0.43893267E-08   863.99999965   -23331.15193861
    8020   16.04000000  0.16158502E-07  0.33668940E-08 -0.44235928E-08   863.99999965   -23331.15193861
    8030   16.06000000  0.14519371E-07  0.34459745E-08 -0.44538384E-08   863.99999965   -23331.15193861
    8040   16.08000000  0.12820359E-07  0.35060137E-08 -0.44794121E-08   863.99999965   -23331.15193861
    8050   16.10000000  0.11078494E-07  0.35472792E-08 -0.44997136E-08   863.99999965   -23331.15193861
    8060   16.12000000  0.93110634E-08  0.35700221E-08 -0.45144584E-08   863.99999965   -23331.15193861
    8070   16.14000000  0.75358827E-08  0.35744340E-08 -0.45232693E-08   863.99999965   -23331.15193861
    8080   16.16000000  0.57702603E-08  0.35611835E-08 -0.45260042E-08   863.99999965   -23331.15193861
    8090   16.18000000  0.40319292E-08  0.35305505E-08 -0.45223824E-08   863.99999965   -23331.15193861
    8100   16.20000000  0.23379522E-08  0.34831741E-08 -0.45123696E-08   863.99999965   -23331.15193861
    8110   16.22000000  0.70435988E-09  0.34195889E-08 -0.44959691E-08   863.99999965   -23331.15193861
    8120   16.24000000 -0.85349425E-09  0.33406941E-08 -0.44732412E-08   863.99999965   -23331.15193861
    8130   16.26000000 -0.23214290E-08  0.32470625E-08 -0.44444422E-08   863.99999965   -23331.15193861
    8140   16.28000000 -0.36863433E-08  0.31396672E-08 -0.44098426E-08   863.99999965   -23331.15193861
    8150   16.30000000 -0.49366723E-08  0.30195809E-08 -0.43697380E-08   863.99999965   -23331.15193861
    8160   16.32000000 -0.60619126E-08  0.28878819E-08 -0.43244892E-08   863.99999965   -23331.15193862
    8170   16.34000000 -0.70525536E-08  0.27456778E-08 -0.42745779E-08   863.99999964   -23331.15193862
    8180   16.36000000 -0.79007963E-08  0.25942418E-08 -0.42205982E-08   863.99999964   -23331.15193862
    8190   16.38000000 -0.85998316E-08  0.24349995E-08 -0.41630347E-08   863.99999964   -23331.15193862
    8200   16.40000000 -0.91443384E-08  0.22691255E-08 -0.41025024E-08   863.99999964   -23331.15193862
    8210   16.42000000 -0.95306884E-08  0.20983078E-08 -0.40397588E-08   863.99999964   -23331.15193862
    8220   16.44000000 -0.97567187E-08  0.19237949E-08 -0.39753005E-08   863.99999964   -23331.15193862
    8230   16.46000000 -0.98219618E-08  0.17472325E-08 -0.39099952E-08   863.99999964   -23331.15193862
    8240   16.48000000 -0.97274845E-08  0.15699256E-08 -0.38444368E-08   863.99999964   -23331.15193862
    8250   16.50000000 -0.94768221E-08  0.13934652E-08 -0.37792559E-08   863.99999964   -23331.15193862
    8260   16.52000000 -0.90745634E-08  0.12189557E-08 -0.37151271E-08   863.99999964   -23331.15193862
    8270   16.54000000 -0.85274163E-08  0.10478829E-08 -0.36526077E-08   863.99999964   -23331.15193862
    8280   16.56000000 -0.78434003E-08  0.88164551E-09 -0.35922939E-08   863.99999964   -23331.15193862
    8290   16.58000000 -0.70324128E-08  0.72127990E-09 -0.35349996E-08   863.99999964   -23331.15193862
    8300   16.60000000 -0.61052537E-08  0.56785312E-09 -0.34810573E-08   863.99999964   -23331.15193862
    8310   16.62000000 -0.50739899E-08  0.42263171E-09 -0.34311352E-08   863.99999964   -23331.15193862
    8320   16.64000000 -0.39517306E-08  0.28650116E-09 -0.33857936E-08   863.99999964   -23331.15193862
    8330   16.66000000 -0.27520181E-08  0.16027209E-09 -0.33453492E-08   863.99999964   -23331.15193862
    8340   16.68000000 -0.14887205E-08  0.45158995E-10 -0.33102034E-08   863.99999964   -23331.15193862
    8350   16.70000000 -0.17603705E-09 -0.58307925E-10 -0.32808130E-08   863.99999964   -23331.15193863
    8360   16.72000000  0.11719657E-08 -0.14930014E-09 -0.32572299E-08   863.99999964   -23331.15193863
    8370   16.74000000  0.25417421E-08 -0.22710463E-09 -0.32396091E-08   863.99999964   -23331.15193863
    8380   16.76000000  0.39202810E-08 -0.29121057E-09 -0.32279948E-08   863.99999964   -23331.15193863
    8390   16.78000000  0.52954189E-08 -0.34094131E-09 -0.32221510E-08   863.99999964   -23331.15193863
    8400   16.80000000  0.66562001E-08 -0.37597165E-09 -0.32217626E-08   863.99999963   -23331.15193863
    8410   16.82000000  0.79925408E-08 -0.39596262E-09 -0.32266913E-08   863.99999963   -23331.15193863
    8420   16.84000000  0.92955482E-08 -0.40083344E-09 -0.32361107E-08   863.99999963   -23331.15193863
    8430   16.86000000  0.10557734E-07 -0.39032614E-09 -0.32494119E-08   863.99999963   -23331.15193863
    8440   16.88000000  0.11772595E-07 -0.36447632E-09 -0.32657480E-08   863.99999963   -23331.15193863
    8450   16.90000000  0.12934760E-07 -0.32345727E-09 -0.32841252E-08   863.99999963   -23331.15193863
    8460   16.92000000  0.14039920E-07 -0.26749626E-09 -0.33032557E-08   863.99999963   -23331.15193863
    8470   16.94000000  0.15084404E-07 -0.19699835E-09 -0.33221055E-08   863.99999963   -23331.15193863
    8480   16.96000000  0.16065459E-07 -0.11238891E-09 -0.33394558E-08   863.99999963   -23331.15193863
    8490   16.98000000  0.16980803E-07 -0.14186705E-10 -0.33537874E-08   863.99999963   -23331.15193863
    8500   17.00000000  0.17828314E-07  0.96856065E-10 -0.33640024E-08   863.99999963   -23331.15193863
    8510   17.02000000  0.18606466E-07  0.22027760E-09 -0.33687964E-08   863.99999963   -23331.15193863
    8520   17.04000000  0.19313835E-07  0.35532295E-09 -0.33667995E-08   863.99999963   -23331.15193863
    8530   17.06000000  0.19949193E-07  0.50094922E-09 -0.33569770E-08   863.99999963   -23331.15193863
    8540   17.08000000  0.20511078E-07  0.65654781E-09 -0.33382850E-08   863.99999963   -23331.15193864
    8550   17.10000000  0.20998485E-07  0.82094502E-09 -0.33097027E-08   863.99999963   -23331.15193864
    8560   17.12000000  0.21410210E-07  0.99347337E-09 -0.32703769E-08   863.99999963   -23331.15193864
    8570   17.14000000  0.21745466E-07  0.11728247E-08 -0.32196873E-08   863.99999963   -23331.15193864
    8580   17.16000000  0.22003381E-07  0.13581764E-08 -0.31572588E-08   863.99999963   -23331.15193864
    8590   17.18000000  0.22183420E-07  0.15481528E-08 -0.30823604E-08   863.99999963   -23331.15193864
    8600   17.20000000  0.22285424E-07  0.17421203E-08 -0.29949170E-08   863.99999963   -23331.15193864
    8610   17.22000000  0.22309176E-07  0.19388123E-08 -0.28947418E-08   863.99999963   -23331.15193864
    8620   17.24000000  0.22255753E-07  0.21371276E-08 -0.27820508E-08   863.99999963   -23331.15193864
    8630   17.26000000  0.22125978E-07  0.23362748E-08 -0.26569275E-08   863.99999962   -23331.15193864
    8640   17.28000000  0.21921954E-07  0.25350483E-08 -0.25196635E-08   863.99999962   -23331.15193864
    8650   17.30000000  0.21646043E-07  0.27323406E-08 -0.23705932E-08   863.99999962   -23331.15193864
    8660   17.32000000  0.21301651E-07  0.29273720E-08 -0.22102638E-08   863.99999962   -23331.15193864
    8670   17.34000000  0.20892696E-07  0.31191317E-08 -0.20392081E-08   863.99999962   -23331.15193864
    8680   17.36000000  0.20423932E-07  0.33063655E-08 -0.18581557E-08   863.99999962   -23331.15193864
    8690   17.38000000  0.19900556E-07  0.34882028E-08 -0.16677857E-08   863.99999962   -23331.15193864
    8700   17.40000000  0.19328619E-07  0.36636827E-08 -0.14688396E-08   863.99999962   -23331.15193864
    8710   17.42000000  0.18714643E-07  0.38318962E-08 -0.12622787E-08   863.99999962   -23331.15193864
    8720   17.44000000  0.18065824E-07  0.39920222E-08 -0.10490391E-08   863.99999962   -23331.15193864
    8730   17.46000000  0.17389766E-07  0.41431237E-08 -0.83004898E-09   863.99999962   -23331.15193865
    8740   17.48000000  0.16694646E-07  0.42845971E-08 -0.60639754E-09   863.99999962   -23331.15193865
    8750   17.50000000  0.15988536E-07  0.44158687E-08 -0.37910984E-09   863.99999962   -23331.15193865
    8760   17.52000000  0.15280035E-07  0.45363084E-08 -0.14910205E-09   863.99999962   -23331.15193865
    8770   17.54000000  0.14577706E-07  0.46457343E-08  0.82700813E-10   863.99999962   -23331.15193865
    8780   17.56000000  0.13889931E-07  0.47437759E-08  0.31533306E-09   863.99999962   -23331.15193865
    8790   17.58000000  0.13224932E-07  0.48302653E-08  0.54793630E-09   863.99999962   -23331.15193865
    8800   17.60000000  0.12590434E-07  0.49050689E-08  0.77960502E-09   863.99999962   -23331.15193865
    8810   17.62000000  0.11993760E-07  0.49682968E-08  0.10094489E-08   863.99999962   -23331.15193865
    8820   17.64000000  0.11441847E-07  0.50200629E-08  0.12366958E-08   863.99999962   -23331.15193865
    8830   17.66000000  0.10940600E-07  0.50604040E-08  0.14606687E-08   863.99999962   -23331.15193865
    8840   17.68000000  0.10495559E-07  0.50897203E-08  0.16805114E-08   863.99999962   -23331.15193865
    8850   17.70000000  0.10111471E-07  0.51081632E-08  0.18955361E-08   863.99999962   -23331.15193865
    8860   17.72000000  0.97922922E-08  0.51161274E-08  0.21051220E-08   863.99999961   -23331.15193865
    8870   17.74000000  0.95409348E-08  0.51139210E-08  0.23086102E-08   863.99999961   -23331.15193865
    8880   17.76000000  0.93596717E-08  0.51019678E-08  0.25055753E-08   863.99999961   -23331.15193865
    8890   17.78000000  0.92499752E-08  0.50807959E-08  0.26954046E-08   863.99999961   -23331.15193865
    8900   17.80000000  0.92120627E-08  0.50507617E-08  0.28777204E-08   863.99999961   -23331.15193865
    8910   17.82000000  0.92454920E-08  0.50124914E-08  0.30520753E-08   863.99999961   -23331.15193866
    8920   17.84000000  0.93487935E-08  0.49665217E-08  0.32181138E-08   863.99999961   -23331.15193866
    8930   17.86000000  0.95195830E-08  0.49133193E-08  0.33755669E-08   863.99999961   -23331.15193866
    8940   17.88000000  0.97548600E-08  0.48536450E-08  0.35240243E-08   863.99999961   -23331.15193866
    8950   17.90000000  0.10050541E-07  0.47877542E-08  0.36633259E-08   863.99999961   -23331.15193866
    8960   17.92000000  0.10401884E-07  0.47164321E-08  0.37933252E-08   863.99999961   -23331.15193866
    8970   17.94000000  0.10803550E-07  0.46400409E-08  0.39139542E-08   863.99999961   -23331.15193866
    8980   17.96000000  0.11249530E-07  0.45592022E-08  0.40249475E-08   863.99999961   -23331.15193866
    8990   17.98000000  0.11733220E-07  0.44742915E-08  0.41263268E-08   863.99999961   -23331.15193866
    9000   18.00000000  0.12247800E-07  0.43856764E-08  0.42179148E-08   863.99999961   -23331.15193866
    9010   18.02000000  0.12785793E-07  0.42940266E-08  0.43000531E-08   863.99999961   -23331.15193866
    9020   18.04000000  0.13339726E-07  0.41995497E-08  0.43727524E-08   863.99999961   -23331.15193866
    9030   18.06000000  0.13901823E-07  0.41028704E-08  0.44362537E-08   863.99999961   -23331.15193866
    9040   18.08000000  0.14464575E-07  0.40041549E-08  0.44907723E-08   863.99999961   -23331.15193866
    9050   18.10000000  0.15020195E-07  0.39040832E-08  0.45364866E-08   863.99999961   -23331.15193866
    9060   18.12000000  0.15561618E-07  0.38028827E-08  0.45737671E-08   863.99999961   -23331.15193866
    9070   18.14000000  0.16081812E-07  0.37011854E-08  0.46030109E-08   863.99999961   -23331.15193866
    9080   18.16000000  0.16574231E-07  0.35992706E-08  0.46248080E-08   863.99999961   -23331.15193866
    9090   18.18000000  0.17032874E-07  0.34978450E-08  0.46394010E-08   863.99999960   -23331.15193866
    9100   18.20000000  0.17452376E-07  0.33972497E-08  0.46474994E-08   863.99999960   -23331.15193867
    9110   18.22000000  0.17827952E-07  0.32980461E-08  0.46495764E-08   863.99999960   -23331.15193867
    9120   18.24000000  0.18155821E-07  0.32007332E-08  0.46463956E-08   863.99999960   -23331.15193867
    9130   18.26000000  0.18432783E-07  0.31057591E-08  0.46382244E-08   863.99999960   -23331.15193867
    9140   18.28000000  0.18656275E-07  0.30136028E-08  0.46260933E-08   863.99999960   -23331.15193867
    9150   18.30000000  0.18824849E-07  0.29248435E-08  0.46104938E-08   863.99999960   -23331.15193867
    9160   18.32000000  0.18937670E-07  0.28398510E-08  0.45920515E-08   863.99999960   -23331.15193867
    9170   18.34000000  0.18994950E-07  0.27589537E-08  0.45716889E-08   863.99999960   -23331.15193867
    9180   18.36000000  0.18997257E-07  0.26825251E-08  0.45497643E-08   863.99999960   -23331.15193867
    9190   18.38000000  0.18946394E-07  0.26111939E-08  0.45273010E-08   863.99999960   -23331.15193867
    9200   18.40000000  0.18844491E-07  0.25452323E-08  0.45048920E-08   863.99999960   -23331.15193867
    9210   18.42000000  0.18694473E-07  0.24850652E-08  0.44833426E-08   863.99999960   -23331.15193867
    9220   18.44000000  0.18500008E-07  0.24309272E-08  0.44631528E-08   863.99999960   -23331.15193867
    9230   18.46000000  0.18265304E-07  0.23832070E-08  0.44451149E-08   863.99999960   -23331.15193867
    9240   18.48000000  0.17994650E-07  0.23421434E-08  0.44298507E-08   863.99999960   -23331.15193867
    9250   18.50000000  0.17693091E-07  0.23079461E-08  0.44178291E-08   863.99999960   -23331.15193867
    9260   18.52000000  0.17365889E-07  0.22807188E-08  0.44097523E-08   863.99999960   -23331.15193867
    9270   18.54000000  0.17018429E-07  0.22605510E-08  0.44060866E-08   863.99999960   -23331.15193867
    9280   18.56000000  0.16656149E-07  0.22472909E-08  0.44072134E-08   863.99999960   -23331.15193867
    9290   18.58000000  0.16284551E-07  0.22410444E-08  0.44135952E-08   863.99999960   -23331.15193868
    9300   18.60000000  0.15909213E-07  0.22416229E-08  0.44257148E-08   863.99999960   -23331.15193868
    9310   18.62000000  0.15535575E-07  0.22491431E-08  0.44436835E-08   863.99999960   -23331.15193868
    9320   18.64000000  0.15168723E-07  0.22631801E-08  0.44676522E-08   863.99999959   -23331.15193868
    9330   18.66000000  0.14813978E-07  0.22836345E-08  0.44978653E-08   863.99999959   -23331.15193868
    9340   18.68000000  0.14475595E-07  0.23101180E-08  0.45344239E-08   863.99999959   -23331.15193868
    9350   18.70000000  0.14158192E-07  0.23424385E-08  0.45772041E-08   863.99999959   -23331.15193868
    9360   18.72000000  0.13865550E-07  0.23802061E-08  0.46261409E-08   863.99999959   -23331.15193868
    9370   18.74000000  0.13601152E-07  0.24230084E-08  0.46811617E-08   863.99999959   -23331.15193868
    9380   18.76000000  0.13367891E-07  0.24702764E-08  0.47419424E-08   863.99999959   -23331.15193868
    9390   18.78000000  0.13168433E-07  0.25216871E-08  0.48082450E-08   863.99999959   -23331.15193868
    9400   18.80000000  0.13004928E-07  0.25764919E-08  0.48796904E-08   863.99999959   -23331.15193868
    9410   18.82000000  0.12878645E-07  0.26342638E-08  0.49559385E-08   863.99999959   -23331.15193868
    9420   18.84000000  0.12790920E-07  0.26943762E-08  0.50364231E-08   863.99999959   -23331.15193868
    9430   18.86000000  0.12742086E-07  0.27562436E-08  0.51206159E-08   863.99999959   -23331.15193868
    9440   18.88000000  0.12732099E-07  0.28191875E-08  0.52078307E-08   863.99999959   -23331.15193868
    9450   18.90000000  0.12760382E-07  0.28827906E-08  0.52973581E-08   863.99999959   -23331.15193868
    9460   18.92000000  0.12825800E-07  0.29463817E-08  0.53884348E-08   863.99999959   -23331.15193868
    9470   18.94000000  0.12926565E-07  0.30095432E-08  0.54801731E-08   863.99999959   -23331.15193868
    9480   18.96000000  0.13060092E-07  0.30715539E-08  0.55717348E-08   863.99999959   -23331.15193869
    9490   18.98000000  0.13223553E-07  0.31322519E-08  0.56622947E-08   863.99999959   -23331.15193869
    9500   19.00000000  0.13413447E-07  0.31910871E-08  0.57506978E-08   863.99999959   -23331.15193869
    9510   19.02000000  0.13625617E-07  0.32475188E-08  0.58363856E-08   863.99999959   -23331.15193869
    9520   19.04000000  0.13855735E-07  0.33011646E-08  0.59183892E-08   863.99999959   -23331.15193869
    9530   19.06000000  0.14099149E-07  0.33516364E-08  0.59960153E-08   863.99999959   -23331.15193869
    9540   19.08000000  0.14350965E-07  0.33984513E-08  0.60684129E-08   863.99999959   -23331.15193869
    9550   19.10000000  0.14605945E-07  0.34412966E-08  0.61348892E-08   863.99999958   -23331.15193869
    9560   19.12000000  0.14859061E-07  0.34798208E-08  0.61947130E-08   863.99999958   -23331.15193869
    9570   19.14000000  0.15105424E-07  0.35136739E-08  0.62472368E-08   863.99999958   -23331.15193869
    9580   19.16000000  0.15340090E-07  0.35425079E-08  0.62918635E-08   863.99999958   -23331.15193869
    9590   19.18000000  0.15558297E-07  0.35661399E-08  0.63282840E-08   863.99999958   -23331.15193869
    9600   19.20000000  0.15755534E-07  0.35842797E-08  0.63559452E-08   863.99999958   -23331.15193869
    9610   19.22000000  0.15927867E-07  0.35966725E-08  0.63747285E-08   863.99999958   -23331.15193869
    9620   19.24000000  0.16071255E-07  0.36031431E-08  0.63844106E-08   863.99999958   -23331.15193869
    9630   19.26000000  0.16182336E-07  0.36035813E-08  0.63848289E-08   863.99999958   -23331.15193869
    9640   19.28000000  0.16258255E-07  0.35976522E-08  0.63759646E-08   863.99999958   -23331.15193869
    9650   19.30000000  0.16296445E-07  0.35854712E-08  0.63582687E-08   863.99999958   -23331.15193869
    9660   19.32000000  0.16294861E-07  0.35668913E-08  0.63318713E-08   863.99999958   -23331.15193869
    9670   19.34000000  0.16252367E-07  0.35420815E-08  0.62970298E-08   863.99999958   -23331.15193870
    9680   19.36000000  0.16167844E-07  0.35108396E-08  0.62541404E-08   863.99999958   -23331.15193870
    9690   19.38000000  0.16040883E-07  0.34733818E-08  0.62037126E-08   863.99999958   -23331.15193870
    9700   19.40000000  0.15871782E-07  0.34297736E-08  0.61462136E-08   863.99999958   -23331.15193870
    9710   19.42000000  0.15661091E-07  0.33802060E-08  0.60822591E-08   863.99999958   -23331.15193870
    9720   19.44000000  0.15409809E-07  0.33246855E-08  0.60127782E-08   863.99999958   -23331.15193870
    9730   19.46000000  0.15119726E-07  0.32635198E-08  0.59382183E-08   863.99999958   -23331.15193870
    9740   19.48000000  0.14792895E-07  0.31968022E-08  0.58592217E-08   863.99999958   -23331.15193870
    9750   19.50000000  0.14431742E-07  0.31247647E-08  0.57766927E-08   863.99999958   -23331.15193870
    9760   19.52000000  0.14039217E-07  0.30479224E-08  0.56912279E-08   863.99999958   -23331.15193870
    9770   19.54000000  0.13618580E-07  0.29664202E-08  0.56035605E-08   863.99999958   -23331.15193870
    9780   19.56000000  0.13173418E-07  0.28808066E-08  0.55142999E-08   863.99999957   -23331.15193870
    9790   19.58000000  0.12707707E-07  0.27914044E-08  0.54243218E-08   863.99999957   -23331.15193870
    9800   19.60000000  0.12225565E-07  0.26987512E-08  0.53341301E-08   863.99999957   -23331.15193870
    9810   19.62000000  0.11731333E-07  0.26031954E-08  0.52444205E-08   863.99999957   -23331.15193870
    9820   19.64000000  0.11229390E-07  0.25053521E-08  0.51555215E-08   863.99999957   -23331.15193870
    9830   19.66000000  0.10724138E-07  0.24055689E-08  0.50684154E-08   863.99999957   -23331.15193870
    9840   19.68000000  0.10220214E-07  0.23044833E-08  0.49830541E-08   863.99999957   -23331.15193870
    9850   19.70000000  0.97218489E-08  0.22026570E-08  0.49003456E-08   863.99999957   -23331.15193870
    9860   19.72000000  0.92332074E-08  0.21008841E-08  0.48205465E-08   863.99999957   -23331.15193871
    9870   19.74000000  0.87582723E-08  0.19997948E-08  0.47439642E-08   863.99999957   -23331.15193871
    9880   19.76000000  0.83006625E-08  0.19000957E-08  0.46709105E-08   863.99999957   -23331.15193871
    9890   19.78000000  0.78638306E-08  0.18024086E-08  0.46018302E-08   863.99999957   -23331.15193871
    9900   19.80000000  0.74507825E-08  0.17075637E-08  0.45367916E-08   863.99999957   -23331.15193871
    9910   19.82000000  0.70642051E-08  0.16159790E-08  0.44756787E-08   863.99999957   -23331.15193871
    9920   19.84000000  0.67065244E-08  0.15285156E-08  0.44190217E-08   863.99999957   -23331.15193871
    9930   19.86000000  0.63797609E-08  0.14456544E-08  0.43667345E-08   863.99999957   -23331.15193871
    9940   19.88000000  0.60857379E-08  0.13678115E-08  0.43186617E-08   863.99999957   -23331.15193871
    9950   19.90000000  0.58255030E-08  0.12954209E-08  0.42748095E-08   863.99999957   -23331.15193871
    9960   19.92000000  0.56000514E-08  0.12290741E-08  0.42352611E-08   863.99999957   -23331.15193871
    9970   19.94000000  0.54100915E-08  0.11690588E-08  0.41996285E-08   863.99999957   -23331.15193871
    9980   19.96000000  0.52556016E-08  0.11155663E-08  0.41681077E-08   863.99999957   -23331.15193871
    9990   19.98000000  0.51361222E-08  0.10686716E-08  0.41405542E-08   863.99999957   -23331.15193871
   10000   20.00000000  0.50511740E-08  0.10288230E-08  0.41166034E-08   863.99999957   -23331.15193871
   10010   20.02000000  0.49993526E-08  0.99575551E-09  0.40960181E-08   863.99999956   -23331.15193871
   10020   20.04000000  0.49792222E-08  0.96964188E-09  0.40787841E-08   863.99999956   -23331.15193871
   10030   20.06000000  0.49888269E-08  0.95041614E-09  0.40644487E-08   863.99999956   -23331.15193871
   10040   20.08000000  0.50262305E-08  0.93828567E-09  0.40528004E-08   863.99999956   -23331.15193872
   10050   20.10000000  0.50887385E-08  0.93252072E-09  0.40432295E-08   863.99999956   -23331.15193872
   10060   20.12000000  0.51739055E-08  0.93341530E-09  0.40353592E-08   863.99999956   -23331.15193872
   10070   20.14000000  0.52788491E-08  0.94062125E-09  0.40288554E-08   863.99999956   -23331.15193872
   10080   20.16000000  0.54006478E-08  0.95386181E-09  0.40230537E-08   863.99999956   -23331.15193872
   10090   20.18000000  0.55361569E-08  0.97279383E-09  0.40176763E-08   863.99999956   -23331.15193872
   10100   20.20000000  0.56825145E-08  0.99727986E-09  0.40122626E-08   863.99999956   -23331.15193872
   10110   20.22000000  0.58364360E-08  0.10267622E-08  0.40062837E-08   863.99999956   -23331.15193872
   10120   20.24000000  0.59946081E-08  0.10608727E-08  0.39993238E-08   863.99999956   -23331.15193872
   10130   20.26000000  0.61539581E-08  0.10993517E-08  0.39910547E-08   863.99999956   -23331.15193872
   10140   20.28000000  0.63112441E-08  0.11416956E-08  0.39810076E-08   863.99999956   -23331.15193872
   10150   20.30000000  0.64634963E-08  0.11872602E-08  0.39687630E-08   863.99999956   -23331.15193872
   10160   20.32000000  0.66075440E-08  0.12360794E-08  0.39540882E-08   863.99999956   -23331.15193872
   10170   20.34000000  0.67407456E-08  0.12875279E-08  0.39367879E-08   863.99999956   -23331.15193872
   10180   20.36000000  0.68605983E-08  0.13411922E-08  0.39164116E-08   863.99999956   -23331.15193872
   10190   20.38000000  0.69646574E-08  0.13968795E-08  0.38930745E-08   863.99999956   -23331.15193872
   10200   20.40000000  0.70510061E-08  0.14543651E-08  0.38666128E-08   863.99999956   -23331.15193872
   10210   20.42000000  0.71179872E-08  0.15132230E-08  0.38368264E-08   863.99999956   -23331.15193872
   10220   20.44000000  0.71642642E-08  0.15732937E-08  0.38037461E-08   863.99999956   -23331.15193872
   10230   20.46000000  0.71885672E-08  0.16343667E-08  0.37674686E-08   863.99999956   -23331.15193873
   10240   20.48000000  0.71904990E-08  0.16961453E-08  0.37279082E-08   863.99999955   -23331.15193873
   10250   20.50000000  0.71695191E-08  0.17583427E-08  0.36850727E-08   863.99999955   -23331.15193873
   10260   20.52000000  0.71257978E-08  0.18209904E-08  0.36391370E-08   863.99999955   -23331.15193873
   10270   20.54000000  0.70596306E-08  0.18834946E-08  0.35901820E-08   863.99999955   -23331.15193873
   10280   20.56000000  0.69718120E-08  0.19458453E-08  0.35382757E-08   863.99999955   -23331.15193873
   10290   20.58000000  0.68630843E-08  0.20076741E-08  0.34836295E-08   863.99999955   -23331.15193873
   10300   20.60000000  0.67347734E-08  0.20690540E-08  0.34265365E-08   863.99999955   -23331.15193873
   10310   20.62000000  0.65881629E-08  0.21294976E-08  0.33670216E-08   863.99999955   -23331.15193873
   10320   20.64000000  0.64248545E-08  0.21888822E-08  0.33054724E-08   863.99999955   -23331.15193873
   10330   20.66000000  0.62463555E-08  0.22469202E-08  0.32420397E-08   863.99999955   -23331.15193873
   10340   20.68000000  0.60544930E-08  0.23035258E-08  0.31767899E-08   863.99999955   -23331.15193873
   10350   20.70000000  0.58512504E-08  0.23582912E-08  0.31101174E-08   863.99999955   -23331.15193873
   10360   20.72000000  0.56382733E-08  0.24111606E-08  0.30423258E-08   863.99999955   -23331.15193873
   10370   20.74000000  0.54178711E-08  0.24619298E-08  0.29737162E-08   863.99999955   -23331.15193873
   10380   20.76000000  0.51919085E-08  0.25104087E-08  0.29044413E-08   863.99999955   -23331.15193873
   10390   20.78000000  0.49624913E-08  0.25564096E-08  0.28348762E-08   863.99999955   -23331.15193873
   10400   20.80000000  0.47316523E-08  0.25999495E-08  0.27652939E-08   863.99999955   -23331.15193873
   10410   20.82000000  0.45012642E-08  0.26408673E-08  0.26958618E-08   863.99999955   -23331.15193873
   10420   20.84000000  0.42731594E-08  0.26789295E-08  0.26269217E-08   863.99999955   -23331.15193874
   10430   20.86000000  0.40491056E-08  0.27141333E-08  0.25587510E-08   863.99999955   -23331.15193874
   10440   20.88000000  0.38309582E-08  0.27465255E-08  0.24914869E-08   863.99999955   -23331.15193874
   10450   20.90000000  0.36201065E-08  0.27760755E-08  0.24251525E-08   863.99999955   -23331.15193874
   10460   20.92000000  0.34178885E-08  0.28025446E-08  0.23598387E-08   863.99999955   -23331.15193874
   10470   20.94000000  0.32257233E-08  0.28262201E-08  0.22957060E-08   863.99999954   -23331.15193874
   10480   20.96000000  0.30447315E-08  0.28469279E-08  0.22327634E-08   863.99999954   -23331.15193874
   10490   20.98000000  0.28758726E-08  0.28646305E-08  0.21709096E-08   863.99999954   -23331.15193874
   10500   21.00000000  0.27201396E-08  0.28792899E-08  0.21103082E-08   863.99999954   -23331.15193874
   10510   21.02000000  0.25781825E-08  0.28908945E-08  0.20507914E-08   863.99999954   -23331.15193874
   10520   21.04000000  0.24503533E-08  0.28993958E-08  0.19923089E-08   863.99999954   -23331.15193874
   10530   21.06000000  0.23369757E-08  0.29047387E-08  0.19349789E-08   863.99999954   -23331.15193874
   10540   21.08000000  0.22381081E-08  0.29070629E-08  0.18786194E-08   863.99999954   -23331.15193874
   10550   21.10000000  0.21535981E-08  0.29061868E-08  0.18228477E-08   863.99999954   -23331.15193874
   10560   21.12000000  0.20830219E-08  0.29020160E-08  0.17677479E-08   863.99999954   -23331.15193874
   10570   21.14000000  0.20257369E-08  0.28947967E-08  0.17130455E-08   863.99999954   -23331.15193874
   10580   21.16000000  0.19810666E-08  0.28844751E-08  0.16586252E-08   863.99999954   -23331.15193874
   10590   21.18000000  0.19479173E-08  0.28707951E-08  0.16041687E-08   863.99999954   -23331.15193874
   10600   21.20000000  0.19254173E-08  0.28539620E-08  0.15494612E-08   863.99999954   -23331.15193874
   10610   21.22000000  0.19120259E-08  0.28339094E-08  0.14944966E-08   863.99999954   -23331.15193875
   10620   21.24000000  0.19067565E-08  0.28105890E-08  0.14387720E-08   863.99999954   -23331.15193875
   10630   21.26000000  0.19080786E-08  0.27840148E-08  0.13820589E-08   863.99999954   -23331.15193875
   10640   21.28000000  0.19145072E-08  0.27543992E-08  0.13243616E-08   863.99999954   -23331.15193875
   10650   21.30000000  0.19245983E-08  0.27218847E-08  0.12652810E-08   863.99999954   -23331.15193875
   10660   21.32000000  0.19368874E-08  0.26865006E-08  0.12048380E-08   863.99999954   -23331.15193875
   10670   21.34000000  0.19500422E-08  0.26485378E-08  0.11428057E-08   863.99999954   -23331.15193875
   10680   21.36000000  0.19625657E-08  0.26080793E-08  0.10791366E-08   863.99999954   -23331.15193875
   10690   21.38000000  0.19732136E-08  0.25653542E-08  0.10138766E-08   863.99999954   -23331.15193875
   10700   21.40000000  0.19808622E-08  0.25204673E-08  0.94691890E-09   863.99999953   -23331.15193875
   10710   21.42000000  0.19846801E-08  0.24738761E-08  0.87849318E-09   863.99999953   -23331.15193875
   10720   21.44000000  0.19837893E-08  0.24255742E-08  0.80860378E-09   863.99999953   -23331.15193875
   10730   21.46000000  0.19774177E-08  0.23760276E-08  0.73753098E-09   863.99999953   -23331.15193875
   10740   21.48000000  0.19650837E-08  0.23254325E-08  0.66536947E-09   863.99999953   -23331.15193875
   10750   21.50000000  0.19465126E-08  0.22742186E-08  0.59257542E-09   863.99999953   -23331.15193875
   10760   21.52000000  0.19216427E-08  0.22226189E-08  0.51937786E-09   863.99999953   -23331.15193875
   10770   21.54000000  0.18904098E-08  0.21712589E-08  0.44623819E-09   863.99999953   -23331.15193875
   10780   21.56000000  0.18530763E-08  0.21202736E-08  0.37352997E-09   863.99999953   -23331.15193875
   10790   21.58000000  0.18098115E-08  0.20702470E-08  0.30188039E-09   863.99999953   -23331.15193876
   10800   21.60000000  0.17610466E-08  0.20216159E-08  0.23168089E-09   863.99999953   -23331.15193876
   10810   21.62000000  0.17073870E-08  0.19748594E-08  0.16340718E-09   863.99999953   -23331.15193876
   10820   21.64000000  0.16491549E-08  0.19301577E-08  0.97599217E-10   863.99999953   -23331.15193876
   10830   21.66000000  0.15868890E-08  0.18882171E-08  0.34571952E-10   863.99999953   -23331.15193876
   10840   21.68000000  0.15212404E-08  0.18492339E-08 -0.25095990E-10   863.99999953   -23331.15193876
   10850   21.70000000  0.14528341E-08  0.18136293E-08 -0.81220309E-10   863.99999953   -23331.15193876
   10860   21.72000000  0.13822369E-08  0.17816047E-08 -0.13320199E-09   863.99999953   -23331.15193876
   10870   21.74000000  0.13101438E-08  0.17536353E-08 -0.18086084E-09   863.99999953   -23331.15193876
   10880   21.76000000  0.12373731E-08  0.17299813E-08 -0.22386778E-09   863.99999953   -23331.15193876
   10890   21.78000000  0.11645570E-08  0.17108471E-08 -0.26207876E-09   863.99999953   -23331.15193876
   10900   21.80000000  0.10922658E-08  0.16964105E-08 -0.29535976E-09   863.99999953   -23331.15193876
   10910   21.82000000  0.10214610E-08  0.16867769E-08 -0.32369894E-09   863.99999953   -23331.15193876
   10920   21.84000000  0.95302098E-09  0.16820148E-08 -0.34737357E-09   863.99999953   -23331.15193876
   10930   21.86000000  0.88749216E-09  0.16820833E-08 -0.36622847E-09   863.99999952   -23331.15193876
   10940   21.88000000  0.82571708E-09  0.16868397E-08 -0.38069450E-09   863.99999952   -23331.15193876
   10950   21.90000000  0.76841183E-09  0.16961455E-08 -0.39101105E-09   863.99999952   -23331.15193876
   10960   21.92000000  0.71642537E-09  0.17095095E-08 -0.39761765E-09   863.99999952   -23331.15193876
   10970   21.94000000  0.67047749E-09  0.17266539E-08 -0.40078999E-09   863.99999952   -23331.15193876
   10980   21.96000000  0.63132646E-09  0.17471685E-08 -0.40096764E-09   863.99999952   -23331.15193877
   10990   21.98000000  0.59978366E-09  0.17707524E-08 -0.39862933E-09   863.99999952   -23331.15193877
   11000   22.00000000  0.57658095E-09  0.17968658E-08 -0.39423244E-09   863.99999952   -23331.15193877
   11010   22.02000000  0.56227366E-09  0.18249826E-08 -0.38837505E-09   863.99999952   -23331.15193877
   11020   22.04000000  0.55776253E-09  0.18547563E-08 -0.38147682E-09   863.99999952   -23331.15193877
   11030   22.06000000  0.56360758E-09  0.18856725E-08 -0.37395299E-09   863.99999952   -23331.15193877
   11040   22.08000000  0.58027506E-09  0.19170437E-08 -0.36625591E-09   863.99999952   -23331.15193877
   11050   22.10000000  0.60820776E-09  0.19484841E-08 -0.35903593E-09   863.99999952   -23331.15193877
   11060   22.12000000  0.64770617E-09  0.19791631E-08 -0.35261573E-09   863.99999952   -23331.15193877
   11070   22.14000000  0.69881029E-09  0.20085646E-08 -0.34733338E-09   863.99999952   -23331.15193877
   11080   22.16000000  0.76151485E-09  0.20360932E-08 -0.34381190E-09   863.99999952   -23331.15193877
   11090   22.18000000  0.83574368E-09  0.20610233E-08 -0.34232775E-09   863.99999952   -23331.15193877
   11100   22.20000000  0.92098092E-09  0.20828256E-08 -0.34314939E-09   863.99999952   -23331.15193877
   11110   22.22000000  0.10167852E-08  0.21009153E-08 -0.34674900E-09   863.99999952   -23331.15193877
   11120   22.24000000  0.11225748E-08  0.21147947E-08 -0.35347285E-09   863.99999952   -23331.15193877
   11130   22.26000000  0.12376378E-08  0.21236985E-08 -0.36343115E-09   863.99999952   -23331.15193877
   11140   22.28000000  0.13610936E-08  0.21272829E-08 -0.37686126E-09   863.99999952   -23331.15193877
   11150   22.30000000  0.14921437E-08  0.21251216E-08 -0.39396697E-09   863.99999952   -23331.15193877
   11160   22.32000000  0.16296061E-08  0.21169086E-08 -0.41495221E-09   863.99999951   -23331.15193877
   11170   22.34000000  0.17724101E-08  0.21021384E-08 -0.43972001E-09   863.99999951   -23331.15193878
   11180   22.36000000  0.19194842E-08  0.20805148E-08 -0.46853864E-09   863.99999951   -23331.15193878
   11190   22.38000000  0.20696221E-08  0.20519049E-08 -0.50136379E-09   863.99999951   -23331.15193878
   11200   22.40000000  0.22216299E-08  0.20161151E-08 -0.53846026E-09   863.99999951   -23331.15193878
   11210   22.42000000  0.23741949E-08  0.19728969E-08 -0.57966072E-09   863.99999951   -23331.15193878
   11220   22.44000000  0.25261436E-08  0.19222393E-08 -0.62510638E-09   863.99999951   -23331.15193878
   11230   22.46000000  0.26762600E-08  0.18641728E-08 -0.67474466E-09   863.99999951   -23331.15193878
   11240   22.48000000  0.28234191E-08  0.17988375E-08 -0.72841465E-09   863.99999951   -23331.15193878
   11250   22.50000000  0.29665099E-08  0.17262585E-08 -0.78590730E-09   863.99999951   -23331.15193878
   11260   22.52000000  0.31044779E-08  0.16468430E-08 -0.84703343E-09   863.99999951   -23331.15193878
   11270   22.54000000  0.32362688E-08  0.15606468E-08 -0.91152093E-09   863.99999951   -23331.15193878
   11280   22.56000000  0.33609602E-08  0.14682127E-08 -0.97918165E-09   863.99999951   -23331.15193878
   11290   22.58000000  0.34776877E-08  0.13700923E-08 -0.10497359E-08   863.99999951   -23331.15193878
   11300   22.60000000  0.35857286E-08  0.12667768E-08 -0.11230790E-08   863.99999951   -23331.15193878
   11310   22.62000000  0.36843711E-08  0.11586122E-08 -0.11988629E-08   863.99999951   -23331.15193878
   11320   22.64000000  0.37730458E-08  0.10465178E-08 -0.12769838E-08   863.99999951   -23331.15193878
   11330   22.66000000  0.38514004E-08  0.93095649E-09 -0.13571484E-08   863.99999951   -23331.15193878
   11340   22.68000000  0.39190967E-08  0.81273313E-09 -0.14392245E-08   863.99999951   -23331.15193878
   11350   22.70000000  0.39759760E-08  0.69264399E-09 -0.15228910E-08   863.99999951   -23331.15193878
   11360   22.72000000  0.40222340E-08  0.57149682E-09 -0.16078163E-08   863.99999951   -23331.15193879
   11370   22.74000000  0.40578682E-08  0.45004894E-09 -0.16937123E-08   863.99999951   -23331.15193879
   11380   22.76000000  0.40831937E-08  0.32905510E-09 -0.17801787E-08   863.99999951   -23331.15193879
   11390   22.78000000  0.40984302E-08  0.20947912E-09 -0.18668369E-08   863.99999950   -23331.15193879
   11400   22.80000000  0.41043512E-08  0.92075789E-10 -0.19534774E-08   863.99999950   -23331.15193879
   11410   22.82000000  0.41011298E-08 -0.22498864E-10 -0.20396544E-08   863.99999950   -23331.15193879
   11420   22.84000000  0.40897334E-08 -0.13349370E-09 -0.21251307E-08   863.99999950   -23331.15193879
   11430   22.86000000  0.40708501E-08 -0.24042564E-09 -0.22095773E-08   863.99999950   -23331.15193879
   11440   22.88000000  0.40452217E-08 -0.34250387E-09 -0.22927028E-08   863.99999950   -23331.15193879
   11450   22.90000000  0.40138665E-08 -0.43945998E-09 -0.23742767E-08   863.99999950   -23331.15193879
   11460   22.92000000  0.39778777E-08 -0.53059687E-09 -0.24540921E-08   863.99999950   -23331.15193879
   11470   22.94000000  0.39383863E-08 -0.61583026E-09 -0.25317500E-08   863.99999950   -23331.15193879
   11480   22.96000000  0.38965208E-08 -0.69473872E-09 -0.26072153E-08   863.99999950   -23331.15193879
   11490   22.98000000  0.38536097E-08 -0.76730452E-09 -0.26801800E-08   863.99999950   -23331.15193879
   11500   23.00000000  0.38109032E-08 -0.83342625E-09 -0.27503727E-08   863.99999950   -23331.15193879
   11510   23.02000000  0.37697351E-08 -0.89321337E-09 -0.28174879E-08   863.99999950   -23331.15193879
   11520   23.04000000  0.37314613E-08 -0.94652420E-09 -0.28815596E-08   863.99999950   -23331.15193879
   11530   23.06000000  0.36973068E-08 -0.99369327E-09 -0.29423028E-08   863.99999950   -23331.15193879
   11540   23.08000000  0.36687291E-08 -0.10348785E-08 -0.29998817E-08   863.99999950   -23331.15193879
   11550   23.10000000  0.36467208E-08 -0.10702869E-08 -0.30543034E-08   863.99999950   -23331.15193880
   11560   23.12000000  0.36323312E-08 -0.11001251E-08 -0.31055686E-08   863.99999950   -23331.15193880
   11570   23.14000000  0.36266757E-08 -0.11247489E-08 -0.31538196E-08   863.99999950   -23331.15193880
   11580   23.16000000  0.36306180E-08 -0.11444031E-08 -0.31993026E-08   863.99999950   -23331.15193880
   11590   23.18000000  0.36449042E-08 -0.11595306E-08 -0.32420739E-08   863.99999950   -23331.15193880
   11600   23.20000000  0.36700550E-08 -0.11704961E-08 -0.32823605E-08   863.99999950   -23331.15193880
   11610   23.22000000  0.37067608E-08 -0.11777559E-08 -0.33203174E-08   863.99999950   -23331.15193880
   11620   23.24000000  0.37554112E-08 -0.11814661E-08 -0.33561277E-08   863.99999949   -23331.15193880
   11630   23.26000000  0.38161837E-08 -0.11823584E-08 -0.33899734E-08   863.99999949   -23331.15193880
   11640   23.28000000  0.38892713E-08 -0.11807415E-08 -0.34219379E-08   863.99999949   -23331.15193880
   11650   23.30000000  0.39746571E-08 -0.11769874E-08 -0.34522723E-08   863.99999949   -23331.15193880
   11660   23.32000000  0.40721095E-08 -0.11713213E-08 -0.34811601E-08   863.99999949   -23331.15193880
   11670   23.34000000  0.41813592E-08 -0.11643823E-08 -0.35089117E-08   863.99999949   -23331.15193880
   11680   23.36000000  0.43020300E-08 -0.11564023E-08 -0.35357838E-08   863.99999949   -23331.15193880
   11690   23.38000000  0.44333686E-08 -0.11477805E-08 -0.35620038E-08   863.99999949   -23331.15193880
   11700   23.40000000  0.45746788E-08 -0.11387002E-08 -0.35879231E-08   863.99999949   -23331.15193880
   11710   23.42000000  0.47249932E-08 -0.11295914E-08 -0.36139370E-08   863.99999949   -23331.15193880
   11720   23.44000000  0.48835824E-08 -0.11207011E-08 -0.36402794E-08   863.99999949   -23331.15193880
   11730   23.46000000  0.50494483E-08 -0.11123052E-08 -0.36671289E-08   863.99999949   -23331.15193880
   11740   23.48000000  0.52214540E-08 -0.11047096E-08 -0.36948935E-08   863.99999949   -23331.15193881
   11750   23.50000000  0.53984970E-08 -0.10979482E-08 -0.37236907E-08   863.99999949   -23331.15193881
   11760   23.52000000  0.55798099E-08 -0.10924467E-08 -0.37536738E-08   863.99999949   -23331.15193881
   11770   23.54000000  0.57639855E-08 -0.10883684E-08 -0.37850197E-08   863.99999949   -23331.15193881
   11780   23.56000000  0.59500241E-08 -0.10855469E-08 -0.38178548E-08   863.99999949   -23331.15193881
   11790   23.58000000  0.61368003E-08 -0.10842393E-08 -0.38523499E-08   863.99999949   -23331.15193881
   11800   23.60000000  0.63231985E-08 -0.10845424E-08 -0.38884143E-08   863.99999949   -23331.15193881
   11810   23.62000000  0.65077899E-08 -0.10864345E-08 -0.39260689E-08   863.99999949   -23331.15193881
   11820   23.64000000  0.66894008E-08 -0.10897642E-08 -0.39652514E-08   863.99999949   -23331.15193881
   11830   23.66000000  0.68669361E-08 -0.10944657E-08 -0.40057958E-08   863.99999949   -23331.15193881
   11840   23.68000000  0.70392259E-08 -0.11005063E-08 -0.40476209E-08   863.99999949   -23331.15193881
   11850   23.70000000  0.72052436E-08 -0.11076685E-08 -0.40906559E-08   863.99999948   -23331.15193881
   11860   23.72000000  0.73640079E-08 -0.11157851E-08 -0.41347753E-08   863.99999948   -23331.15193881
   11870   23.74000000  0.75148273E-08 -0.11245698E-08 -0.41795186E-08   863.99999948   -23331.15193881
   11880   23.76000000  0.76569090E-08 -0.11339840E-08 -0.42246626E-08   863.99999948   -23331.15193881
   11890   23.78000000  0.77894217E-08 -0.11437445E-08 -0.42700750E-08   863.99999948   -23331.15193881
   11900   23.80000000  0.79120395E-08 -0.11536178E-08 -0.43154693E-08   863.99999948   -23331.15193881
   11910   23.82000000  0.80241726E-08 -0.11631954E-08 -0.43605096E-08   863.99999948   -23331.15193881
   11920   23.84000000  0.81254921E-08 -0.11724143E-08 -0.44047766E-08   863.99999948   -23331.15193882
   11930   23.86000000  0.82158103E-08 -0.11808211E-08 -0.44481189E-08   863.99999948   -23331.15193882
   11940   23.88000000  0.82949685E-08 -0.11883600E-08 -0.44899952E-08   863.99999948   -23331.15193882
   11950   23.90000000  0.83629085E-08 -0.11947973E-08 -0.45302690E-08   863.99999948   -23331.15193882
   11960   23.92000000  0.84199628E-08 -0.11999234E-08 -0.45685860E-08   863.99999948   -23331.15193882
   11970   23.94000000  0.84661201E-08 -0.12035081E-08 -0.46046776E-08   863.99999948   -23331.15193882
   11980   23.96000000  0.85017353E-08 -0.12053037E-08 -0.46384106E-08   863.99999948   -23331.15193882
   11990   23.98000000  0.85271050E-08 -0.12051847E-08 -0.46698141E-08   863.99999948   -23331.15193882
   12000   24.00000000  0.85429752E-08 -0.12029055E-08 -0.46986068E-08   863.99999948   -23331.15193882
   12010   24.02000000  0.85494566E-08 -0.11981735E-08 -0.47248937E-08   863.99999948   -23331.15193882
   12020   24.04000000  0.85472668E-08 -0.11908678E-08 -0.47486559E-08   863.99999948   -23331.15193882
   12030   24.06000000  0.85368488E-08 -0.11805977E-08 -0.47699556E-08   863.99999948   -23331.15193882
   12040   24.08000000  0.85190127E-08 -0.11670395E-08 -0.47889175E-08   863.99999948   -23331.15193882
   12050   24.10000000  0.84941650E-08 -0.11500554E-08 -0.48057123E-08   863.99999948   -23331.15193882
   12060   24.12000000  0.84630926E-08 -0.11293133E-08 -0.48203205E-08   863.99999948   -23331.15193882
   12070   24.14000000  0.84264173E-08 -0.11046432E-08 -0.48329698E-08   863.99999948   -23331.15193882
   12080   24.16000000  0.83846008E-08 -0.10757850E-08 -0.48439611E-08   863.99999947   -23331.15193882
   12090   24.18000000  0.83384363E-08 -0.10422719E-08 -0.48533491E-08   863.99999947   -23331.15193882
   12100   24.20000000  0.82885294E-08 -0.10039891E-08 -0.48614448E-08   863.99999947   -23331.15193882
   12110   24.22000000  0.82354701E-08 -0.96070481E-09 -0.48683607E-08   863.99999947   -23331.15193883
   12120   24.24000000  0.81798400E-08 -0.91203449E-09 -0.48744144E-08   863.99999947   -23331.15193883
   12130   24.26000000  0.81224523E-08 -0.85789737E-09 -0.48797527E-08   863.99999947   -23331.15193883
   12140   24.28000000  0.80639107E-08 -0.79819482E-09 -0.48845643E-08   863.99999947   -23331.15193883
   12150   24.30000000  0.80048634E-08 -0.73264634E-09 -0.48892454E-08   863.99999947   -23331.15193883
   12160   24.32000000  0.79459649E-08 -0.66124544E-09 -0.48939353E-08   863.99999947   -23331.15193883
   12170   24.34000000  0.78876672E-08 -0.58387922E-09 -0.48988627E-08   863.99999947   -23331.15193883
   12180   24.36000000  0.78303126E-08 -0.50055198E-09 -0.49042027E-08   863.99999947   -23331.15193883
   12190   24.38000000  0.77744306E-08 -0.41128661E-09 -0.49101825E-08   863.99999947   -23331.15193883
   12200   24.40000000  0.77204777E-08 -0.31589219E-09 -0.49166596E-08   863.99999947   -23331.15193883
   12210   24.42000000  0.76686236E-08 -0.21452822E-09 -0.49240543E-08   863.99999947   -23331.15193883
   12220   24.44000000  0.76193350E-08 -0.10746749E-09 -0.49322926E-08   863.99999947   -23331.15193883
   12230   24.46000000  0.75728991E-08  0.51124248E-11 -0.49411936E-08   863.99999947   -23331.15193883
   12240   24.48000000  0.75295508E-08  0.12294516E-09 -0.49509324E-08   863.99999947   -23331.15193883
   12250   24.50000000  0.74896044E-08  0.24561484E-09 -0.49614236E-08   863.99999947   -23331.15193883
   12260   24.52000000  0.74534874E-08  0.37261806E-09 -0.49724137E-08   863.99999947   -23331.15193883
   12270   24.54000000  0.74213187E-08  0.50361524E-09 -0.49836679E-08   863.99999947   -23331.15193883
   12280   24.56000000  0.73932545E-08  0.63795271E-09 -0.49952221E-08   863.99999947   -23331.15193883
   12290   24.58000000  0.73693449E-08  0.77506718E-09 -0.50066531E-08   863.99999947   -23331.15193883
   12300   24.60000000  0.73497686E-08  0.91440900E-09 -0.50175016E-08   863.99999947   -23331.15193884
   12310   24.62000000  0.73341602E-08  0.10554201E-08 -0.50275314E-08   863.99999946   -23331.15193884
   12320   24.64000000  0.73226278E-08  0.11974123E-08 -0.50363115E-08   863.99999946   -23331.15193884
   12330   24.66000000  0.73148593E-08  0.13399092E-08 -0.50435654E-08   863.99999946   -23331.15193884
   12340   24.68000000  0.73108896E-08  0.14823574E-08 -0.50487409E-08   863.99999946   -23331.15193884
   12350   24.70000000  0.73102711E-08  0.16241396E-08 -0.50516339E-08   863.99999946   -23331.15193884
   12360   24.72000000  0.73131313E-08  0.17649154E-08 -0.50515978E-08   863.99999946   -23331.15193884
   12370   24.74000000  0.73191051E-08  0.19040756E-08 -0.50483089E-08   863.99999946   -23331.15193884
   12380   24.76000000  0.73280456E-08  0.20410671E-08 -0.50415970E-08   863.99999946   -23331.15193884
   12390   24.78000000  0.73398979E-08  0.21754751E-08 -0.50310140E-08   863.99999946   -23331.15193884
   12400   24.80000000  0.73545689E-08  0.23068356E-08 -0.50162300E-08   863.99999946   -23331.15193884
   12410   24.82000000  0.73719289E-08  0.24348657E-08 -0.49968315E-08   863.99999946   -23331.15193884
   12420   24.84000000  0.73918684E-08  0.25590084E-08 -0.49727455E-08   863.99999946   -23331.15193884
   12430   24.86000000  0.74143974E-08  0.26792780E-08 -0.49437021E-08   863.99999946   -23331.15193884
   12440   24.88000000  0.74392128E-08  0.27949835E-08 -0.49095352E-08   863.99999946   -23331.15193884
   12450   24.90000000  0.74664393E-08  0.29061398E-08 -0.48702798E-08   863.99999946   -23331.15193884
   12460   24.92000000  0.74959297E-08  0.30125374E-08 -0.48256434E-08   863.99999946   -23331.15193884
   12470   24.94000000  0.75277298E-08  0.31140033E-08 -0.47758722E-08   863.99999946   -23331.15193884
   12480   24.96000000  0.75615434E-08  0.32103264E-08 -0.47209161E-08   863.99999946   -23331.15193884
   12490   24.98000000  0.75974044E-08  0.33013015E-08 -0.46611480E-08   863.99999946   -23331.15193885
   12500   25.00000000  0.76351198E-08  0.33870181E-08 -0.45965357E-08   863.99999946   -23331.15193885
   12510   25.02000000  0.76745256E-08  0.34673345E-08 -0.45273693E-08   863.99999946   -23331.15193885
   12520   25.04000000  0.77153493E-08  0.35420552E-08 -0.44539352E-08   863.99999946   -23331.15193885
   12530   25.06000000  0.77576025E-08  0.36114421E-08 -0.43765244E-08   863.99999946   -23331.15193885
   12540   25.08000000  0.78010807E-08  0.36755222E-08 -0.42954077E-08   863.99999946   -23331.15193885
   12550   25.10000000  0.78456265E-08  0.37342977E-08 -0.42111338E-08   863.99999945   -23331.15193885
   12560   25.12000000  0.78911483E-08  0.37878788E-08 -0.41235574E-08   863.99999945   -23331.15193885
   12570   25.14000000  0.79378001E-08  0.38364802E-08 -0.40333319E-08   863.99999945   -23331.15193885
   12580   25.16000000  0.79853064E-08  0.38803481E-08 -0.39408891E-08   863.99999945   -23331.15193885
   12590   25.18000000  0.80335911E-08  0.39194610E-08 -0.38464129E-08   863.99999945   -23331.15193885
   12600   25.20000000  0.80824374E-08  0.39543132E-08 -0.37503695E-08   863.99999945   -23331.15193885
   12610   25.22000000  0.81317695E-08  0.39850610E-08 -0.36530280E-08   863.99999945   -23331.15193885
   12620   25.24000000  0.81812980E-08  0.40120047E-08 -0.35547950E-08   863.99999945   -23331.15193885
   12630   25.26000000  0.82308447E-08  0.40353414E-08 -0.34558377E-08   863.99999945   -23331.15193885
   12640   25.28000000  0.82801997E-08  0.40554267E-08 -0.33565097E-08   863.99999945   -23331.15193885
   12650   25.30000000  0.83290947E-08  0.40725347E-08 -0.32570692E-08   863.99999945   -23331.15193885
   12660   25.32000000  0.83774464E-08  0.40871087E-08 -0.31576292E-08   863.99999945   -23331.15193885
   12670   25.34000000  0.84249693E-08  0.40991968E-08 -0.30585566E-08   863.99999945   -23331.15193885
   12680   25.36000000  0.84716126E-08  0.41094816E-08 -0.29598554E-08   863.99999945   -23331.15193886
   12690   25.38000000  0.85170941E-08  0.41179699E-08 -0.28618942E-08   863.99999945   -23331.15193886
   12700   25.40000000  0.85612330E-08  0.41253108E-08 -0.27647357E-08   863.99999945   -23331.15193886
   12710   25.42000000  0.86039304E-08  0.41315948E-08 -0.26685957E-08   863.99999945   -23331.15193886
   12720   25.44000000  0.86448495E-08  0.41373527E-08 -0.25734706E-08   863.99999945   -23331.15193886
   12730   25.46000000  0.86838035E-08  0.41426690E-08 -0.24796019E-08   863.99999945   -23331.15193886
   12740   25.48000000  0.87206545E-08  0.41479463E-08 -0.23868641E-08   863.99999945   -23331.15193886
   12750   25.50000000  0.87550425E-08  0.41533802E-08 -0.22952169E-08   863.99999945   -23331.15193886
   12760   25.52000000  0.87868235E-08  0.41590661E-08 -0.22046832E-08   863.99999945   -23331.15193886
   12770   25.54000000  0.88157422E-08  0.41653780E-08 -0.21151638E-08   863.99999945   -23331.15193886
   12780   25.56000000  0.88416913E-08  0.41725241E-08 -0.20262771E-08   863.99999944   -23331.15193886
   12790   25.58000000  0.88645214E-08  0.41807540E-08 -0.19379522E-08   863.99999944   -23331.15193886
   12800   25.60000000  0.88842046E-08  0.41902565E-08 -0.18500351E-08   863.99999944   -23331.15193886
   12810   25.62000000  0.89005545E-08  0.42014777E-08 -0.17620164E-08   863.99999944   -23331.15193886
   12820   25.64000000  0.89137875E-08  0.42145665E-08 -0.16735649E-08   863.99999944   -23331.15193886
   12830   25.66000000  0.89239182E-08  0.42298782E-08 -0.15845424E-08   863.99999944   -23331.15193886
   12840   25.68000000  0.89310113E-08  0.42473608E-08 -0.14946533E-08   863.99999944   -23331.15193886
   12850   25.70000000  0.89353882E-08  0.42675919E-08 -0.14034205E-08   863.99999944   -23331.15193886
   12860   25.72000000  0.89371757E-08  0.42904171E-08 -0.13104340E-08   863.99999944   -23331.15193887
   12870   25.74000000  0.89366302E-08  0.43160862E-08 -0.12156815E-08   863.99999944   -23331.15193887
   12880   25.76000000  0.89339863E-08  0.43446774E-08 -0.11187973E-08   863.99999944   -23331.15193887
   12890   25.78000000  0.89296640E-08  0.43761997E-08 -0.10195803E-08   863.99999944   -23331.15193887
   12900   25.80000000  0.89238184E-08  0.44105794E-08 -0.91790355E-09   863.99999944   -23331.15193887
   12910   25.82000000  0.89169373E-08  0.44480270E-08 -0.81364825E-09   863.99999944   -23331.15193887
   12920   25.84000000  0.89093283E-08  0.44883903E-08 -0.70650416E-09   863.99999944   -23331.15193887
   12930   25.86000000  0.89014681E-08  0.45314688E-08 -0.59656366E-09   863.99999944   -23331.15193887
   12940   25.88000000  0.88937770E-08  0.45773876E-08 -0.48391445E-09   863.99999944   -23331.15193887
   12950   25.90000000  0.88866352E-08  0.46258723E-08 -0.36857315E-09   863.99999944   -23331.15193887
   12960   25.92000000  0.88805404E-08  0.46766365E-08 -0.25043116E-09   863.99999944   -23331.15193887
   12970   25.94000000  0.88760780E-08  0.47294877E-08 -0.12989575E-09   863.99999944   -23331.15193887
   12980   25.96000000  0.88734967E-08  0.47840324E-08 -0.70925441E-11   863.99999944   -23331.15193887
   12990   25.98000000  0.88732651E-08  0.48400481E-08  0.11795157E-09   863.99999944   -23331.15193887
   13000   26.00000000  0.88758294E-08  0.48970571E-08  0.24502544E-09   863.99999944   -23331.15193887
   13010   26.02000000  0.88814869E-08  0.49548510E-08  0.37387823E-09   863.99999943   -23331.15193887
   13020   26.04000000  0.88903215E-08  0.50131035E-08  0.50431245E-09   863.99999943   -23331.15193887
   13030   26.06000000  0.89025484E-08  0.50713560E-08  0.63606056E-09   863.99999943   -23331.15193887
   13040   26.08000000  0.89184747E-08  0.51295963E-08  0.76871154E-09   863.99999943   -23331.15193887
   13050   26.10000000  0.89378140E-08  0.51873185E-08  0.90221424E-09   863.99999943   -23331.15193888
   13060   26.12000000  0.89610360E-08  0.52442118E-08  0.10361595E-08   863.99999943   -23331.15193888
   13070   26.14000000  0.89878811E-08  0.52998739E-08  0.11704397E-08   863.99999943   -23331.15193888
   13080   26.16000000  0.90184341E-08  0.53541573E-08  0.13048166E-08   863.99999943   -23331.15193888
   13090   26.18000000  0.90525542E-08  0.54064612E-08  0.14390130E-08   863.99999943   -23331.15193888
   13100   26.20000000  0.90902159E-08  0.54563773E-08  0.15727814E-08   863.99999943   -23331.15193888
   13110   26.22000000  0.91312590E-08  0.55035155E-08  0.17061070E-08   863.99999943   -23331.15193888
   13120   26.24000000  0.91756439E-08  0.55475564E-08  0.18388524E-08   863.99999943   -23331.15193888
   13130   26.26000000  0.92231957E-08  0.55878447E-08  0.19708902E-08   863.99999943   -23331.15193888
   13140   26.28000000  0.92735918E-08  0.56241546E-08  0.21019155E-08   863.99999943   -23331.15193888
   13150   26.30000000  0.93266885E-08  0.56561106E-08  0.22321009E-08   863.99999943   -23331.15193888
   13160   26.32000000  0.93822279E-08  0.56832125E-08  0.23613137E-08   863.99999943   -23331.15193888
   13170   26.34000000  0.94399107E-08  0.57053133E-08  0.24894322E-08   863.99999943   -23331.15193888
   13180   26.36000000  0.94993989E-08  0.57220321E-08  0.26168224E-08   863.99999943   -23331.15193888
   13190   26.38000000  0.95602304E-08  0.57329050E-08  0.27433158E-08   863.99999943   -23331.15193888
   13200   26.40000000  0.96220833E-08  0.57377201E-08  0.28690972E-08   863.99999943   -23331.15193888
   13210   26.42000000  0.96844847E-08  0.57362762E-08  0.29941959E-08   863.99999943   -23331.15193888
   13220   26.44000000  0.97471037E-08  0.57282920E-08  0.31187678E-08   863.99999943   -23331.15193888
   13230   26.46000000  0.98094168E-08  0.57134359E-08  0.32429852E-08   863.99999943   -23331.15193888
   13240   26.48000000  0.98711304E-08  0.56916713E-08  0.33669207E-08   863.99999942   -23331.15193889
   13250   26.50000000  0.99316986E-08  0.56628721E-08  0.34905727E-08   863.99999942   -23331.15193889
   13260   26.52000000  0.99908177E-08  0.56268680E-08  0.36141244E-08   863.99999942   -23331.15193889
   13270   26.54000000  0.10048037E-07  0.55836739E-08  0.37376313E-08   863.99999942   -23331.15193889
   13280   26.56000000  0.10102972E-07  0.55332064E-08  0.38612938E-08   863.99999942   -23331.15193889
   13290   26.58000000  0.10155077E-07  0.54756125E-08  0.39851221E-08   863.99999942   -23331.15193889
   13300   26.60000000  0.10204178E-07  0.54109542E-08  0.41092188E-08   863.99999942   -23331.15193889
   13310   26.62000000  0.10249828E-07  0.53393124E-08  0.42334367E-08   863.99999942   -23331.15193889
   13320   26.64000000  0.10291677E-07  0.52609772E-08  0.43579026E-08   863.99999942   -23331.15193889
   13330   26.66000000  0.10329363E-07  0.51761541E-08  0.44823807E-08   863.99999942   -23331.15193889
   13340   26.68000000  0.10362781E-07  0.50852161E-08  0.46069098E-08   863.99999942   -23331.15193889
   13350   26.70000000  0.10391694E-07  0.49883953E-08  0.47313059E-08   863.99999942   -23331.15193889
   13360   26.72000000  0.10416313E-07  0.48861644E-08  0.48554754E-08   863.99999942   -23331.15193889
   13370   26.74000000  0.10436325E-07  0.47789802E-08  0.49791915E-08   863.99999942   -23331.15193889
   13380   26.76000000  0.10452101E-07  0.46672573E-08  0.51023755E-08   863.99999942   -23331.15193889
   13390   26.78000000  0.10463531E-07  0.45515981E-08  0.52246962E-08   863.99999942   -23331.15193889
   13400   26.80000000  0.10471263E-07  0.44325944E-08  0.53459553E-08   863.99999942   -23331.15193889
   13410   26.82000000  0.10475255E-07  0.43108869E-08  0.54657835E-08   863.99999942   -23331.15193889
   13420   26.84000000  0.10476176E-07  0.41872718E-08  0.55839987E-08   863.99999942   -23331.15193889
   13430   26.86000000  0.10474321E-07  0.40623052E-08  0.57002710E-08   863.99999942   -23331.15193890
   13440   26.88000000  0.10470295E-07  0.39367426E-08  0.58143773E-08   863.99999942   -23331.15193890
   13450   26.90000000  0.10464586E-07  0.38113461E-08  0.59261648E-08   863.99999942   -23331.15193890
   13460   26.92000000  0.10457919E-07  0.36867202E-08  0.60353639E-08   863.99999942   -23331.15193890
   13470   26.94000000  0.10450790E-07  0.35633991E-08  0.61418439E-08   863.99999941   -23331.15193890
   13480   26.96000000  0.10443847E-07  0.34419865E-08  0.62454668E-08   863.99999941   -23331.15193890
   13490   26.98000000  0.10437635E-07  0.33232934E-08  0.63461950E-08   863.99999941   -23331.15193890
   13500   27.00000000  0.10432700E-07  0.32075744E-08  0.64439003E-08   863.99999941   -23331.15193890
   13510   27.02000000  0.10429320E-07  0.30952502E-08  0.65385074E-08   863.99999941   -23331.15193890
   13520   27.04000000  0.10428149E-07  0.29870420E-08  0.66301440E-08   863.99999941   -23331.15193890
   13530   27.06000000  0.10429390E-07  0.28831967E-08  0.67186458E-08   863.99999941   -23331.15193890
   13540   27.08000000  0.10433152E-07  0.27838281E-08  0.68042819E-08   863.99999941   -23331.15193890
   13550   27.10000000  0.10439672E-07  0.26894484E-08  0.68869693E-08   863.99999941   -23331.15193890
   13560   27.12000000  0.10449285E-07  0.26001582E-08  0.69670143E-08   863.99999941   -23331.15193890
   13570   27.14000000  0.10461871E-07  0.25160959E-08  0.70442700E-08   863.99999941   -23331.15193890
   13580   27.16000000  0.10477605E-07  0.24372913E-08  0.71189840E-08   863.99999941   -23331.15193890
   13590   27.18000000  0.10496471E-07  0.23638593E-08  0.71913301E-08   863.99999941   -23331.15193890
   13600   27.20000000  0.10518508E-07  0.22957843E-08  0.72614451E-08   863.99999941   -23331.15193890
   13610   27.22000000  0.10543626E-07  0.22329455E-08  0.73294813E-08   863.99999941   -23331.15193890
   13620   27.24000000  0.10571732E-07  0.21752534E-08  0.73957243E-08   863.99999941   -23331.15193891
   13630   27.26000000  0.10602878E-07  0.21227708E-08  0.74603570E-08   863.99999941   -23331.15193891
   13640   27.28000000  0.10636771E-07  0.20751156E-08  0.75235824E-08   863.99999941   -23331.15193891
   13650   27.30000000  0.10673391E-07  0.20322374E-08  0.75855881E-08   863.99999941   -23331.15193891
   13660   27.32000000  0.10712882E-07  0.19939063E-08  0.76466397E-08   863.99999941   -23331.15193891
   13670   27.34000000  0.10754955E-07  0.19598481E-08  0.77069023E-08   863.99999941   -23331.15193891
   13680   27.36000000  0.10799841E-07  0.19296013E-08  0.77662730E-08   863.99999941   -23331.15193891
   13690   27.38000000  0.10847543E-07  0.19029651E-08  0.78250315E-08   863.99999941   -23331.15193891
   13700   27.40000000  0.10898113E-07  0.18795241E-08  0.78834142E-08   863.99999940   -23331.15193891
   13710   27.42000000  0.10951521E-07  0.18586559E-08  0.79411002E-08   863.99999940   -23331.15193891
   13720   27.44000000  0.11008111E-07  0.18399440E-08  0.79982513E-08   863.99999940   -23331.15193891
   13730   27.46000000  0.11067899E-07  0.18229009E-08  0.80547389E-08   863.99999940   -23331.15193891
   13740   27.48000000  0.11130808E-07  0.18068724E-08  0.81105733E-08   863.99999940   -23331.15193891
   13750   27.50000000  0.11196859E-07  0.17913488E-08  0.81657343E-08   863.99999940   -23331.15193891
   13760   27.52000000  0.11265834E-07  0.17756764E-08  0.82201755E-08   863.99999940   -23331.15193891
   13770   27.54000000  0.11337685E-07  0.17593114E-08  0.82737497E-08   863.99999940   -23331.15193891
   13780   27.56000000  0.11412314E-07  0.17416461E-08  0.83265482E-08   863.99999940   -23331.15193891
   13790   27.58000000  0.11489346E-07  0.17223324E-08  0.83784154E-08   863.99999940   -23331.15193891
   13800   27.60000000  0.11568404E-07  0.17007909E-08  0.84293188E-08   863.99999940   -23331.15193892
   13810   27.62000000  0.11649284E-07  0.16767605E-08  0.84792304E-08   863.99999940   -23331.15193892
   13820   27.64000000  0.11731527E-07  0.16498165E-08  0.85279786E-08   863.99999940   -23331.15193892
   13830   27.66000000  0.11814566E-07  0.16195820E-08  0.85755228E-08   863.99999940   -23331.15193892
   13840   27.68000000  0.11897998E-07  0.15858651E-08  0.86216331E-08   863.99999940   -23331.15193892
   13850   27.70000000  0.11981270E-07  0.15484422E-08  0.86661595E-08   863.99999940   -23331.15193892
   13860   27.72000000  0.12063989E-07  0.15071815E-08  0.87088409E-08   863.99999940   -23331.15193892
   13870   27.74000000  0.12145520E-07  0.14618835E-08  0.87495270E-08   863.99999940   -23331.15193892
   13880   27.76000000  0.12225477E-07  0.14124843E-08  0.87877746E-08   863.99999940   -23331.15193892
   13890   27.78000000  0.12303417E-07  0.13589590E-08  0.88233755E-08   863.99999940   -23331.15193892
   13900   27.80000000  0.12378812E-07  0.13015112E-08  0.88560167E-08   863.99999940   -23331.15193892
   13910   27.82000000  0.12451138E-07  0.12401173E-08  0.88853745E-08   863.99999940   -23331.15193892
   13920   27.84000000  0.12520061E-07  0.11749459E-08  0.89111766E-08   863.99999940   -23331.15193892
   13930   27.86000000  0.12585162E-07  0.11062868E-08  0.89333482E-08   863.99999939   -23331.15193892
   13940   27.88000000  0.12645900E-07  0.10344936E-08  0.89517670E-08   863.99999939   -23331.15193892
   13950   27.90000000  0.12701630E-07  0.95963200E-09  0.89662383E-08   863.99999939   -23331.15193892
   13960   27.92000000  0.12752100E-07  0.88198562E-09  0.89768468E-08   863.99999939   -23331.15193892
   13970   27.94000000  0.12796670E-07  0.80207397E-09  0.89834070E-08   863.99999939   -23331.15193892
   13980   27.96000000  0.12835067E-07  0.72008253E-09  0.89859863E-08   863.99999939   -23331.15193892
   13990   27.98000000  0.12866703E-07  0.63643857E-09  0.89845240E-08   863.99999939   -23331.15193893
   14000   28.00000000  0.12891201E-07  0.55152283E-09  0.89790597E-08   863.99999939   -23331.15193893
   14010   28.02000000  0.12908157E-07  0.46568451E-09  0.89697204E-08   863.99999939   -23331.15193893
   14020   28.04000000  0.12917267E-07  0.37899137E-09  0.89565776E-08   863.99999939   -23331.15193893
   14030   28.06000000  0.12917924E-07  0.29196416E-09  0.89398518E-08   863.99999939   -23331.15193893
   14040   28.08000000  0.12909968E-07  0.20469327E-09  0.89197926E-08   863.99999939   -23331.15193893
   14050   28.10000000  0.12893181E-07  0.11743570E-09  0.88965072E-08   863.99999939   -23331.15193893
   14060   28.12000000  0.12867443E-07  0.30281479E-10  0.88703486E-08   863.99999939   -23331.15193893
   14070   28.14000000  0.12832643E-07 -0.56534905E-10  0.88413875E-08   863.99999939   -23331.15193893
   14080   28.16000000  0.12789031E-07 -0.14306320E-09  0.88099548E-08   863.99999939   -23331.15193893
   14090   28.18000000  0.12736710E-07 -0.22884857E-09  0.87760985E-08   863.99999939   -23331.15193893
   14100   28.20000000  0.12676072E-07 -0.31400902E-09  0.87401487E-08   863.99999939   -23331.15193893
   14110   28.22000000  0.12607373E-07 -0.39821907E-09  0.87024409E-08   863.99999939   -23331.15193893
   14120   28.24000000  0.12531080E-07 -0.48156765E-09  0.86631434E-08   863.99999939   -23331.15193893
   14130   28.26000000  0.12447800E-07 -0.56373758E-09  0.86223513E-08   863.99999939   -23331.15193893
   14140   28.28000000  0.12358126E-07 -0.64464990E-09  0.85806698E-08   863.99999939   -23331.15193893
   14150   28.30000000  0.12262531E-07 -0.72419300E-09  0.85383195E-08   863.99999939   -23331.15193893
   14160   28.32000000  0.12161697E-07 -0.80225997E-09  0.84954788E-08   863.99999938   -23331.15193893
   14170   28.34000000  0.12056472E-07 -0.87864716E-09  0.84525457E-08   863.99999938   -23331.15193893
   14180   28.36000000  0.11947336E-07 -0.95317281E-09  0.84097394E-08   863.99999938   -23331.15193894
   14190   28.38000000  0.11835063E-07 -0.10258350E-08  0.83672461E-08   863.99999938   -23331.15193894
   14200   28.40000000  0.11720408E-07 -0.10963197E-08  0.83253139E-08   863.99999938   -23331.15193894
   14210   28.42000000  0.11603899E-07 -0.11645092E-08  0.82842809E-08   863.99999938   -23331.15193894
   14220   28.44000000  0.11486235E-07 -0.12302497E-08  0.82444335E-08   863.99999938   -23331.15193894
   14230   28.46000000  0.11368024E-07 -0.12932865E-08  0.82057810E-08   863.99999938   -23331.15193894
   14240   28.48000000  0.11249859E-07 -0.13536079E-08  0.81686351E-08   863.99999938   -23331.15193894
   14250   28.50000000  0.11132017E-07 -0.14109264E-08  0.81331333E-08   863.99999938   -23331.15193894
   14260   28.52000000  0.11015297E-07 -0.14649754E-08  0.80992709E-08   863.99999938   -23331.15193894
   14270   28.54000000  0.10899954E-07 -0.15156889E-08  0.80672355E-08   863.99999938   -23331.15193894
   14280   28.56000000  0.10786768E-07 -0.15628055E-08  0.80372368E-08   863.99999938   -23331.15193894
   14290   28.58000000  0.10675909E-07 -0.16062395E-08  0.80091747E-08   863.99999938   -23331.15193894
   14300   28.60000000  0.10568010E-07 -0.16455836E-08  0.79831051E-08   863.99999938   -23331.15193894
   14310   28.62000000  0.10463330E-07 -0.16807525E-08  0.79591650E-08   863.99999938   -23331.15193894
   14320   28.64000000  0.10362575E-07 -0.17114962E-08  0.79373629E-08   863.99999938   -23331.15193894
   14330   28.66000000  0.10265969E-07 -0.17375081E-08  0.79175477E-08   863.99999938   -23331.15193894
   14340   28.68000000  0.10174088E-07 -0.17587852E-08  0.78998829E-08   863.99999938   -23331.15193894
   14350   28.70000000  0.10087196E-07 -0.17750082E-08  0.78841864E-08   863.99999938   -23331.15193894
   14360   28.72000000  0.10005748E-07 -0.17861254E-08  0.78702342E-08   863.99999938   -23331.15193894
   14370   28.74000000  0.99299247E-08 -0.17920236E-08  0.78579164E-08   863.99999938   -23331.15193895
   14380   28.76000000  0.98601027E-08 -0.17926226E-08  0.78469446E-08   863.99999938   -23331.15193895
   14390   28.78000000  0.97965103E-08 -0.17878087E-08  0.78370226E-08   863.99999937   -23331.15193895
   14400   28.80000000  0.97392091E-08 -0.17776594E-08  0.78277994E-08   863.99999937   -23331.15193895
   14410   28.82000000  0.96883910E-08 -0.17621316E-08  0.78190861E-08   863.99999937   -23331.15193895
   14420   28.84000000  0.96440988E-08 -0.17411933E-08  0.78104064E-08   863.99999937   -23331.15193895
   14430   28.86000000  0.96062481E-08 -0.17148470E-08  0.78015397E-08   863.99999937   -23331.15193895
   14440   28.88000000  0.95748381E-08 -0.16832345E-08  0.77921627E-08   863.99999937   -23331.15193895
   14450   28.90000000  0.95497419E-08 -0.16463830E-08  0.77820834E-08   863.99999937   -23331.15193895
   14460   28.92000000  0.95306604E-08 -0.16045608E-08  0.77710040E-08   863.99999937   -23331.15193895
   14470   28.94000000  0.95173326E-08 -0.15580032E-08  0.77587778E-08   863.99999937   -23331.15193895
   14480   28.96000000  0.95095741E-08 -0.15070310E-08  0.77451038E-08   863.99999937   -23331.15193895
   14490   28.98000000  0.95069226E-08 -0.14518361E-08  0.77297655E-08   863.99999937   -23331.15193895
   14500   29.00000000  0.95091232E-08 -0.13930224E-08  0.77124441E-08   863.99999937   -23331.15193895
   14510   29.02000000  0.95157876E-08 -0.13310063E-08  0.76932746E-08   863.99999937   -23331.15193895
   14520   29.04000000  0.95264865E-08 -0.12660335E-08  0.76718939E-08   863.99999937   -23331.15193895
   14530   29.06000000  0.95407554E-08 -0.11986024E-08  0.76482696E-08   863.99999937   -23331.15193895
   14540   29.08000000  0.95581598E-08 -0.11293117E-08  0.76220884E-08   863.99999937   -23331.15193895
   14550   29.10000000  0.95781694E-08 -0.10586843E-08  0.75933914E-08   863.99999937   -23331.15193895
   14560   29.12000000  0.96001892E-08 -0.98715509E-09  0.75620664E-08   863.99999937   -23331.15193896
   14570   29.14000000  0.96236601E-08 -0.91556667E-09  0.75280527E-08   863.99999937   -23331.15193896
   14580   29.16000000  0.96479725E-08 -0.84430212E-09  0.74911709E-08   863.99999937   -23331.15193896
   14590   29.18000000  0.96724219E-08 -0.77401700E-09  0.74514233E-08   863.99999937   -23331.15193896
   14600   29.20000000  0.96964464E-08 -0.70540143E-09  0.74085146E-08   863.99999937   -23331.15193896
   14610   29.22000000  0.97194005E-08 -0.63894821E-09  0.73622587E-08   863.99999937   -23331.15193896
   14620   29.24000000  0.97406967E-08 -0.57514697E-09  0.73126581E-08   863.99999936   -23331.15193896
   14630   29.26000000  0.97597748E-08 -0.51455939E-09  0.72596135E-08   863.99999936   -23331.15193896
   14640   29.28000000  0.97757685E-08 -0.45767545E-09  0.72027426E-08   863.99999936   -23331.15193896
   14650   29.30000000  0.97881360E-08 -0.40498365E-09  0.71422040E-08   863.99999936   -23331.15193896
   14660   29.32000000  0.97963178E-08 -0.35681330E-09  0.70778410E-08   863.99999936   -23331.15193896
   14670   29.34000000  0.97998941E-08 -0.31354885E-09  0.70095033E-08   863.99999936   -23331.15193896
   14680   29.36000000  0.97982281E-08 -0.27550828E-09  0.69371114E-08   863.99999936   -23331.15193896
   14690   29.38000000  0.97908384E-08 -0.24296380E-09  0.68609465E-08   863.99999936   -23331.15193896
   14700   29.40000000  0.97775370E-08 -0.21613558E-09  0.67807267E-08   863.99999936   -23331.15193896
   14710   29.42000000  0.97580333E-08 -0.19526572E-09  0.66966246E-08   863.99999936   -23331.15193896
   14720   29.44000000  0.97321693E-08 -0.18049307E-09  0.66087446E-08   863.99999936   -23331.15193896
   14730   29.46000000  0.96997010E-08 -0.17183918E-09  0.65175423E-08   863.99999936   -23331.15193896
   14740   29.48000000  0.96608103E-08 -0.16927541E-09  0.64228934E-08   863.99999936   -23331.15193897
   14750   29.50000000  0.96154922E-08 -0.17292467E-09  0.63251929E-08   863.99999936   -23331.15193897
   14760   29.52000000  0.95640044E-08 -0.18277014E-09  0.62248946E-08   863.99999936   -23331.15193897
   14770   29.54000000  0.95065730E-08 -0.19869690E-09  0.61222818E-08   863.99999936   -23331.15193897
   14780   29.56000000  0.94436148E-08 -0.22058469E-09  0.60177069E-08   863.99999936   -23331.15193897
   14790   29.58000000  0.93756201E-08 -0.24821293E-09  0.59116876E-08   863.99999936   -23331.15193897
   14800   29.60000000  0.93029249E-08 -0.28166384E-09  0.58047598E-08   863.99999936   -23331.15193897
   14810   29.62000000  0.92263867E-08 -0.32055270E-09  0.56974984E-08   863.99999936   -23331.15193897
   14820   29.64000000  0.91465082E-08 -0.36477992E-09  0.55905952E-08   863.99999936   -23331.15193897
   14830   29.66000000  0.90640376E-08 -0.41399244E-09  0.54846267E-08   863.99999936   -23331.15193897
   14840   29.68000000  0.89796681E-08 -0.46821562E-09  0.53801459E-08   863.99999936   -23331.15193897
   14850   29.70000000  0.88941073E-08 -0.52693952E-09  0.52777457E-08   863.99999935   -23331.15193897
   14860   29.72000000  0.88082699E-08 -0.59012199E-09  0.51780089E-08   863.99999935   -23331.15193897
   14870   29.74000000  0.87229625E-08 -0.65746033E-09  0.50813543E-08   863.99999935   -23331.15193897
   14880   29.76000000  0.86388989E-08 -0.72857482E-09  0.49882319E-08   863.99999935   -23331.15193897
   14890   29.78000000  0.85567917E-08 -0.80304837E-09  0.48991056E-08   863.99999935   -23331.15193897
   14900   29.80000000  0.84774822E-08 -0.88071295E-09  0.48142903E-08   863.99999935   -23331.15193897
   14910   29.82000000  0.84013958E-08 -0.96116203E-09  0.47339404E-08   863.99999935   -23331.15193897
   14920   29.84000000  0.83292716E-08 -0.10440112E-08  0.46584888E-08   863.99999935   -23331.15193897
   14930   29.86000000  0.82615975E-08 -0.11289504E-08  0.45881702E-08   863.99999935   -23331.15193898
   14940   29.88000000  0.81987386E-08 -0.12157343E-08  0.45229864E-08   863.99999935   -23331.15193898
   14950   29.90000000  0.81411853E-08 -0.13037768E-08  0.44632094E-08   863.99999935   -23331.15193898
   14960   29.92000000  0.80891428E-08 -0.13927822E-08  0.44090721E-08   863.99999935   -23331.15193898
   14970   29.94000000  0.80429680E-08 -0.14825457E-08  0.43603762E-08   863.99999935   -23331.15193898
   14980   29.96000000  0.80029401E-08 -0.15723184E-08  0.43171840E-08   863.99999935   -23331.15193898
   14990   29.98000000  0.79691533E-08 -0.16617399E-08  0.42795281E-08   863.99999935   -23331.15193898
   15000   30.00000000  0.79417229E-08 -0.17503492E-08  0.42470983E-08   863.99999935   -23331.15193898
=== application breakdown [s] ===
total calculation time,7397.22165489
rt calculation                         min         max     average   std. dev.  difference    relative
rt initialization              0.57936E-04 0.35181E-02 0.28626E-03 0.37207E-03 0.34602E-02 0.60724E+02
reading lda data               0.46694E+01 0.46887E+01 0.46750E+01 0.45614E-02 0.19263E-01 0.10041E+01
reading rt data                0.19500E-02 0.85292E-02 0.25226E-02 0.24049E-03 0.65792E-02 0.43739E+01
prep. time prop.               0.62704E-03 0.51661E-02 0.11103E-02 0.47776E-03 0.45390E-02 0.82388E+01
rt iterations                  0.73913E+04 0.73913E+04 0.73913E+04 0.13016E-03 0.10519E-02 0.10000E+01
after writing rt data          0.19073E-05 0.97333E+00 0.13494E-03 0.10262E-01 0.97333E+00 0.51031E+06
in rt iterations                       min         max     average   std. dev.  difference    relative
Vbox                           0.12850E+01 0.15682E+01 0.14128E+01 0.37074E-01 0.28324E+00 0.12204E+01
time propagation               0.56364E+04 0.58230E+04 0.57474E+04 0.34539E+02 0.18658E+03 0.10331E+01
calculating rho                0.12336E+03 0.30753E+03 0.19825E+03 0.34484E+02 0.18416E+03 0.24929E+01
Hartree routine                0.39360E+02 0.48586E+02 0.44328E+02 0.13945E+01 0.92262E+01 0.12344E+01
Exc_Cor routine                0.62481E+01 0.97560E+01 0.80600E+01 0.46485E+00 0.35079E+01 0.15614E+01
calculating curr               0.11575E+04 0.11576E+04 0.11576E+04 0.17271E-01 0.99434E-01 0.10001E+01
calc. projection               0.42129E-02 0.90744E-02 0.59594E-02 0.61606E-03 0.48616E-02 0.21540E+01
writing energies               0.14783E+01 0.19479E+01 0.15889E+01 0.11454E+00 0.46954E+00 0.13176E+01
calc_eigen_energy              0.21071E+03 0.21128E+03 0.21092E+03 0.95469E-01 0.57150E+00 0.10027E+01
calc_total_energy_periodic     0.17481E+02 0.22384E+02 0.19263E+02 0.84546E+00 0.49029E+01 0.12805E+01
writing info etc.              0.92537E-02 0.40517E+00 0.11555E-01 0.42174E-02 0.39592E+00 0.43785E+02
total_energy module                    min         max     average   std. dev.  difference    relative
periodic calc.                 0.29701E+01 0.99632E+01 0.48113E+01 0.14934E+01 0.69931E+01 0.33545E+01
periodic comm. coll.           0.89331E+01 0.19190E+02 0.14435E+02 0.17553E+01 0.10257E+02 0.21482E+01
eigen_energy calc.             0.35708E+02 0.38920E+02 0.37762E+02 0.37485E+00 0.32111E+01 0.10899E+01
eigen_energy comm. coll.       0.45991E+01 0.11591E+02 0.77064E+01 0.82649E+00 0.69916E+01 0.25202E+01
eigen_energy hpsi              0.14794E+03 0.15386E+03 0.14984E+03 0.69713E+00 0.59146E+01 0.10400E+01
density_matrix module                  min         max     average   std. dev.  difference    relative
density calc.                  0.80206E+02 0.14242E+03 0.10835E+03 0.12341E+02 0.62210E+02 0.17756E+01
density comm. coll.            0.27293E+02 0.17342E+03 0.89653E+02 0.25060E+02 0.14612E+03 0.63539E+01
current calc.                  0.25196E+03 0.28005E+03 0.26123E+03 0.36140E+01 0.28080E+02 0.11114E+01
current rDivided uVpsi calc.   0.11396E+03 0.11726E+03 0.11520E+03 0.44549E+00 0.32979E+01 0.10289E+01
current comm. coll.            0.87362E+02 0.12787E+03 0.11038E+03 0.53510E+01 0.40511E+02 0.14637E+01
current comm. halo.            0.64151E+03 0.70021E+03 0.67063E+03 0.80332E+01 0.58693E+02 0.10915E+01
conjugate_gradient module              min         max     average   std. dev.  difference    relative
subspace_diag module                   min         max     average   std. dev.  difference    relative
subspace_diag so module                min         max     average   std. dev.  difference    relative
force module                           min         max     average   std. dev.  difference    relative
init_ps                                min         max     average   std. dev.  difference    relative
hamiltonian module                     min         max     average   std. dev.  difference    relative
total                          0.49482E+04 0.51444E+04 0.50321E+04 0.33651E+02 0.19614E+03 0.10396E+01
update overlap (comm.)         0.26293E+04 0.30299E+04 0.27781E+04 0.52539E+02 0.40060E+03 0.11524E+01
stencil                        0.10772E+04 0.13314E+04 0.11815E+04 0.25458E+02 0.25419E+03 0.12360E+01
subtraction                    0.25646E+02 0.31015E+02 0.28556E+02 0.42893E+00 0.53685E+01 0.12093E+01
pseudo-pt                      0.94007E+03 0.11032E+04 0.10215E+04 0.22779E+02 0.16309E+03 0.11735E+01
pseudo-pt (comm.)              0.37283E+02 0.27792E+03 0.13719E+03 0.31538E+02 0.24064E+03 0.74544E+01
hpsi-overlapped                        min         max     average   std. dev.  difference    relative
checkpoint/restart                     min         max     average   std. dev.  difference    relative
restart self                   0.35441E+01 0.38984E+01 0.35529E+01 0.15071E-01 0.35427E+00 0.11000E+01
restart sync                   0.38953E+01 0.39051E+01 0.39010E+01 0.11956E-02 0.98100E-02 0.10025E+01
=== performance [GFLOPS] ===
end SALMON
