##############################################################################
# SALMON: Scalable Ab-initio Light-Matter simulator for Optics and Nanoscience
#
#                             Version 2.2.1
##############################################################################
  Libxc: [enabled] 6.2.2
   theory= tddft_pulse
 
 Total time step      =       15000
 Time step[fs]        =  2.000000000000000E-003
 Energy range         =        3000
 Energy resolution[eV]=  1.000000000000000E-002
Laser frequency     = 0.17 1.50[eV]
Pulse width of laser=     12.00000000      5.80000000[fs]
Laser intensity     =  0.00000000E+00  0.60000000E+12[W/cm^2]
delay time          =      0.00000000[fs]
   use of real value orbitals =  F
 ======
 MPI distribution:
   nproc_k     :         125
   nproc_ob    :           4
   nproc_rgrid :           3           2           3
 OpenMP parallelization:
   number of threads :           1
 hpsi stencil:
   enables hand-coding vectorization : F
   enables openmp parallelization    : F
 current:
   k,orbital parallelized of openmp  : T
 force:
   k,orbital parallelized of openmp  : T
 ===================pseudopotential data===================
 ik ,atom_symbol=           1 Si
 ps_format =KY              
 ps_file =./Si_rps.dat
 Zps(ik), Mlps(ik) =           4           2
 Rps(ik), NRps(ik) =   2.26767135054939              122
 Lref(ik) =           2
 nproj(ik,l) =           1           1           1
 anorm(ik,l) =  0.6193218      0.3646551      0.0000000E+00
 inorm(ik,l) =           1           1           0
 Mass(ik) =   28.0000000000000     
 flag_nlcc_element(ik) = F
 ==========================================================
 flag_nlcc =  F
 
 ============init_ps==============
 end init_ps
 Maximal rho_NLCC= 0.000000000000000E+000
 Maximal tau_NLCC= 0.000000000000000E+000
 == Ewald ==
 cutoff length in real-space in ewald =  4.00 [A]
 (buffer length in bookkeeping =  2.00 [A])
 cutoff length in G-space in ewald =  0.1870828864+102 [1/A]
 number of ion-ion pair(/atom) used for allocation of bookkeeping=    68
 ===========
   Static dipole moment(xyz) =   -0.7045361752E+04   -0.7039731170E+04   -0.7053171586E+04
 
 
  time-step  time[fs]                               Current(xyz)[a.u.]      electrons Total energy[eV] 
#----------------------------------------------------------------------
      10    0.02000000  0.60668435E-12  0.10851770E-12 -0.29361373E-12   864.00000000   -23331.15366188
      20    0.04000000  0.34787450E-12  0.42324969E-12 -0.46116905E-12   864.00000000   -23331.15366188
      30    0.06000000  0.25384030E-12  0.63290069E-12 -0.54298179E-12   864.00000000   -23331.15366188
      40    0.08000000  0.29061602E-12  0.60395128E-12 -0.24039197E-12   864.00000000   -23331.15366188
      50    0.10000000  0.11131852E-12  0.38555872E-12  0.16644983E-12   864.00000000   -23331.15366188
      60    0.12000000  0.90347927E-13  0.74652340E-13  0.42344469E-12   864.00000000   -23331.15366188
      70    0.14000000 -0.83575269E-13 -0.25064518E-12  0.69501832E-12   864.00000000   -23331.15366188
      80    0.16000000 -0.38849633E-12 -0.26963927E-12  0.81790058E-12   864.00000000   -23331.15366188
      90    0.18000000 -0.99181658E-12 -0.50610585E-13  0.72542627E-12   864.00000000   -23331.15366189
     100    0.20000000 -0.15031513E-11  0.32101672E-12  0.53679872E-12   864.00000000   -23331.15366189
     110    0.22000000 -0.19145850E-11  0.72245128E-12  0.25814393E-12   864.00000000   -23331.15366189
     120    0.24000000 -0.21231661E-11  0.11003135E-11 -0.76392688E-13   863.99999999   -23331.15366189
     130    0.26000000 -0.21372476E-11  0.14292277E-11 -0.32915293E-12   863.99999999   -23331.15366189
     140    0.28000000 -0.16371441E-11  0.15574955E-11 -0.19965264E-12   863.99999999   -23331.15366189
     150    0.30000000 -0.11480931E-11  0.12888449E-11 -0.79226903E-13   863.99999999   -23331.15366189
     160    0.32000000 -0.48998431E-12  0.79743077E-12  0.16774976E-12   863.99999999   -23331.15366189
     170    0.34000000  0.26254408E-12  0.11289372E-12  0.57640827E-12   863.99999999   -23331.15366189
     180    0.36000000  0.87933041E-12 -0.48794329E-12  0.10434444E-11   863.99999999   -23331.15366189
     190    0.38000000  0.10487193E-11 -0.10160764E-11  0.13533106E-11   863.99999999   -23331.15366189
     200    0.40000000  0.10105726E-11 -0.14332737E-11  0.15271992E-11   863.99999999   -23331.15366189
     210    0.42000000  0.66148288E-12 -0.16145319E-11  0.15906837E-11   863.99999999   -23331.15366189
     220    0.44000000  0.13200079E-12 -0.14881386E-11  0.14377747E-11   863.99999999   -23331.15366189
     230    0.46000000 -0.44844994E-12 -0.12294443E-11  0.11594214E-11   863.99999999   -23331.15366189
     240    0.48000000 -0.10970595E-11 -0.84464244E-12  0.80283025E-12   863.99999999   -23331.15366189
     250    0.50000000 -0.15851930E-11 -0.32722145E-12  0.44524674E-12   863.99999999   -23331.15366189
     260    0.52000000 -0.19471443E-11  0.70344049E-13  0.24403795E-12   863.99999999   -23331.15366189
     270    0.54000000 -0.19062256E-11  0.31027817E-12  0.54701387E-14   863.99999999   -23331.15366189
     280    0.56000000 -0.18349170E-11  0.44324550E-12  0.84574111E-14   863.99999999   -23331.15366190
     290    0.58000000 -0.13348517E-11  0.57724372E-12  0.66941369E-13   863.99999999   -23331.15366190
     300    0.60000000 -0.97601457E-12  0.53650106E-12  0.13191026E-12   863.99999999   -23331.15366190
     310    0.62000000 -0.55561457E-12  0.45488677E-12 -0.19562747E-13   863.99999999   -23331.15366190
     320    0.64000000 -0.13676945E-12  0.26181244E-12 -0.13964853E-12   863.99999999   -23331.15366190
     330    0.66000000  0.22241002E-12  0.23343782E-12 -0.39871269E-12   863.99999999   -23331.15366190
     340    0.68000000  0.43595078E-12  0.20831386E-12 -0.69445652E-12   863.99999999   -23331.15366190
     350    0.70000000  0.71103232E-12  0.12404363E-12 -0.10738724E-11   863.99999998   -23331.15366190
     360    0.72000000  0.80183290E-12  0.11727925E-12 -0.14421874E-11   863.99999998   -23331.15366190
     370    0.74000000  0.85314712E-12  0.10306680E-12 -0.16515684E-11   863.99999998   -23331.15366190
     380    0.76000000  0.89512169E-12  0.75196125E-13 -0.17473446E-11   863.99999998   -23331.15366190
     390    0.78000000  0.86415668E-12 -0.22098606E-12 -0.16306180E-11   863.99999998   -23331.15366190
     400    0.80000000  0.88297628E-12 -0.47458620E-12 -0.13826094E-11   863.99999998   -23331.15366190
     410    0.82000000  0.10227798E-11 -0.70571025E-12 -0.10094670E-11   863.99999998   -23331.15366190
     420    0.84000000  0.10651822E-11 -0.82484395E-12 -0.53427173E-12   863.99999998   -23331.15366190
     430    0.86000000  0.97519305E-12 -0.10988139E-11 -0.12037935E-12   863.99999998   -23331.15366190
     440    0.88000000  0.91564837E-12 -0.10006422E-11  0.30736959E-12   863.99999998   -23331.15366190
     450    0.90000000  0.92760474E-12 -0.98536916E-12  0.45294497E-12   863.99999998   -23331.15366190
     460    0.92000000  0.73069513E-12 -0.85529402E-12  0.66572281E-12   863.99999998   -23331.15366191
     470    0.94000000  0.42487797E-12 -0.55403145E-12  0.62365764E-12   863.99999998   -23331.15366191
     480    0.96000000  0.22503344E-12 -0.26569730E-12  0.57846312E-12   863.99999998   -23331.15366191
     490    0.98000000 -0.51779189E-13 -0.46876829E-13  0.48928269E-12   863.99999998   -23331.15366191
     500    1.00000000 -0.24466466E-12  0.14773981E-12  0.57656783E-12   863.99999998   -23331.15366191
     510    1.02000000 -0.30565542E-12  0.17823926E-12  0.55324551E-12   863.99999998   -23331.15366191
     520    1.04000000 -0.36546899E-12  0.30225285E-12  0.56164397E-12   863.99999998   -23331.15366191
     530    1.06000000 -0.15575840E-12  0.26604471E-12  0.64674939E-12   863.99999998   -23331.15366191
     540    1.08000000 -0.50788682E-13  0.18684480E-12  0.63466243E-12   863.99999998   -23331.15366191
     550    1.10000000  0.13277353E-12  0.77158903E-13  0.53592772E-12   863.99999998   -23331.15366191
     560    1.12000000  0.27845590E-12 -0.52337161E-13  0.30382051E-12   863.99999998   -23331.15366191
     570    1.14000000  0.29553340E-12 -0.17497569E-12  0.10664651E-12   863.99999998   -23331.15366191
     580    1.16000000  0.37839566E-12 -0.25558242E-12 -0.22923790E-12   863.99999997   -23331.15366191
     590    1.18000000  0.30856596E-12 -0.22501042E-12 -0.48558439E-12   863.99999997   -23331.15366191
     600    1.20000000  0.25704056E-12 -0.36154627E-12 -0.61245088E-12   863.99999997   -23331.15366191
     610    1.22000000  0.10286805E-12 -0.43171931E-12 -0.84200188E-12   863.99999997   -23331.15366191
     620    1.24000000  0.97947437E-13 -0.36450187E-12 -0.92063694E-12   863.99999997   -23331.15366191
     630    1.26000000  0.23548570E-12 -0.28749233E-12 -0.92548012E-12   863.99999997   -23331.15366191
     640    1.28000000  0.18680240E-12 -0.14580063E-12 -0.88005978E-12   863.99999997   -23331.15366191
     650    1.30000000  0.32204421E-12  0.67425104E-13 -0.84568598E-12   863.99999997   -23331.15366192
     660    1.32000000  0.30224752E-12  0.20828434E-12 -0.63656481E-12   863.99999997   -23331.15366192
     670    1.34000000  0.33787939E-12  0.29739382E-12 -0.45966722E-12   863.99999997   -23331.15366192
     680    1.36000000  0.26198150E-12  0.51384173E-12 -0.41489363E-12   863.99999997   -23331.15366192
     690    1.38000000  0.11332616E-12  0.63592556E-12 -0.20286721E-12   863.99999997   -23331.15366192
     700    1.40000000 -0.74766222E-13  0.72819530E-12  0.84442969E-13   863.99999997   -23331.15366192
     710    1.42000000 -0.39062532E-12  0.65362951E-12  0.29858223E-12   863.99999997   -23331.15366192
     720    1.44000000 -0.67372520E-12  0.58179730E-12  0.42324984E-12   863.99999997   -23331.15366192
     730    1.46000000 -0.89986576E-12  0.38488971E-12  0.70597940E-12   863.99999997   -23331.15366192
     740    1.48000000 -0.10552665E-11  0.23445910E-12  0.86430200E-12   863.99999997   -23331.15366192
     750    1.50000000 -0.10377365E-11  0.11802330E-12  0.95474074E-12   863.99999997   -23331.15366192
     760    1.52000000 -0.96083918E-12  0.71495025E-13  0.10462975E-11   863.99999997   -23331.15366192
     770    1.54000000 -0.78016424E-12 -0.14659977E-13  0.11755260E-11   863.99999997   -23331.15366192
     780    1.56000000 -0.75259007E-12 -0.14245318E-12  0.10104340E-11   863.99999997   -23331.15366192
     790    1.58000000 -0.48593262E-12 -0.12742349E-12  0.94829682E-12   863.99999997   -23331.15366192
     800    1.60000000 -0.28071132E-12 -0.16387855E-12  0.73656713E-12   863.99999997   -23331.15366192
     810    1.62000000 -0.76446829E-13 -0.23236925E-12  0.45316367E-12   863.99999996   -23331.15366192
     820    1.64000000  0.10725497E-12 -0.28264901E-12  0.17500525E-12   863.99999996   -23331.15366192
     830    1.66000000  0.18796928E-12 -0.25917133E-12  0.20842821E-13   863.99999996   -23331.15366192
     840    1.68000000  0.30585265E-12 -0.34000625E-12 -0.43227193E-12   863.99999996   -23331.15366193
     850    1.70000000  0.32392679E-12 -0.33341938E-12 -0.70597300E-12   863.99999996   -23331.15366193
     860    1.72000000  0.38869250E-12 -0.28662321E-12 -0.88124459E-12   863.99999996   -23331.15366193
     870    1.74000000  0.34993501E-12 -0.23747640E-12 -0.10380668E-11   863.99999996   -23331.15366193
     880    1.76000000  0.32090561E-12 -0.18880836E-12 -0.11579621E-11   863.99999996   -23331.15366193
     890    1.78000000  0.18213135E-12 -0.43150398E-13 -0.10639954E-11   863.99999996   -23331.15366193
     900    1.80000000  0.14773506E-12  0.21296034E-12 -0.10232779E-11   863.99999996   -23331.15366193
     910    1.82000000 -0.34876187E-13  0.41641236E-12 -0.84016176E-12   863.99999996   -23331.15366193
     920    1.84000000 -0.18073619E-12  0.57969670E-12 -0.55336408E-12   863.99999996   -23331.15366193
     930    1.86000000 -0.34241370E-12  0.88307573E-12 -0.25633006E-12   863.99999996   -23331.15366193
     940    1.88000000 -0.39744576E-12  0.10779635E-11 -0.54067820E-13   863.99999996   -23331.15366193
     950    1.90000000 -0.39199220E-12  0.10120215E-11  0.17456742E-12   863.99999996   -23331.15366193
     960    1.92000000 -0.37924376E-12  0.97253348E-12  0.31286348E-12   863.99999996   -23331.15366193
     970    1.94000000 -0.28793456E-12  0.80167822E-12  0.45069457E-12   863.99999996   -23331.15366193
     980    1.96000000 -0.15871344E-12  0.56579924E-12  0.55473747E-12   863.99999996   -23331.15366193
     990    1.98000000 -0.28507580E-13  0.35793113E-12  0.74266388E-12   863.99999996   -23331.15366193
    1000    2.00000000  0.70058669E-13  0.12797681E-12  0.74088571E-12   863.99999996   -23331.15366193
    1010    2.02000000  0.26126375E-12 -0.11205125E-12  0.59289164E-12   863.99999996   -23331.15366193
    1020    2.04000000  0.37650309E-12 -0.36563169E-12  0.55815634E-12   863.99999996   -23331.15366194
    1030    2.06000000  0.41299098E-12 -0.43557913E-12  0.58874371E-12   863.99999996   -23331.15366194
    1040    2.08000000  0.33203690E-12 -0.59010143E-12  0.50001182E-12   863.99999995   -23331.15366194
    1050    2.10000000  0.29430521E-12 -0.75780127E-12  0.36548807E-12   863.99999995   -23331.15366194
    1060    2.12000000  0.19434887E-12 -0.83261167E-12  0.17912271E-12   863.99999995   -23331.15366194
    1070    2.14000000  0.11003290E-12 -0.88786622E-12  0.80550715E-13   863.99999995   -23331.15366194
    1080    2.16000000  0.82609582E-13 -0.99628699E-12 -0.11028934E-12   863.99999995   -23331.15366194
    1090    2.18000000 -0.39281180E-13 -0.95977719E-12 -0.16135167E-12   863.99999995   -23331.15366194
    1100    2.20000000 -0.12949593E-12 -0.91238486E-12 -0.23571789E-12   863.99999995   -23331.15366194
    1110    2.22000000 -0.13139054E-12 -0.68980113E-12 -0.22594745E-12   863.99999995   -23331.15366194
    1120    2.24000000 -0.65339283E-13 -0.49765284E-12 -0.28626320E-12   863.99999995   -23331.15366194
    1130    2.26000000 -0.10837706E-12 -0.12696010E-12 -0.30814718E-12   863.99999995   -23331.15366194
    1140    2.28000000  0.94112319E-13  0.56352068E-13 -0.38564493E-12   863.99999995   -23331.15366194
    1150    2.30000000  0.21016365E-12  0.36439760E-12 -0.46791180E-12   863.99999995   -23331.15366194
    1160    2.32000000  0.31918046E-12  0.45292065E-12 -0.59053972E-12   863.99999995   -23331.15366194
    1170    2.34000000  0.40352859E-12  0.65801463E-12 -0.71499163E-12   863.99999995   -23331.15366194
    1180    2.36000000  0.51686020E-12  0.72730892E-12 -0.70855846E-12   863.99999995   -23331.15366194
    1190    2.38000000  0.47591300E-12  0.75990444E-12 -0.63103643E-12   863.99999995   -23331.15366194
    1200    2.40000000  0.39614186E-12  0.79131313E-12 -0.41700663E-12   863.99999995   -23331.15366194
    1210    2.42000000  0.26985985E-12  0.84155928E-12 -0.21319284E-12   863.99999995   -23331.15366195
    1220    2.44000000  0.16045070E-12  0.68285720E-12  0.39375273E-13   863.99999995   -23331.15366195
    1230    2.46000000  0.73502099E-13  0.67510189E-12  0.36671902E-12   863.99999995   -23331.15366195
    1240    2.48000000 -0.84573075E-13  0.58827102E-12  0.59969704E-12   863.99999995   -23331.15366195
    1250    2.50000000 -0.14171162E-12  0.40687083E-12  0.70066460E-12   863.99999995   -23331.15366195
    1260    2.52000000 -0.18323156E-12  0.15787535E-12  0.71768102E-12   863.99999995   -23331.15366195
    1270    2.54000000 -0.22779415E-12  0.10001627E-12  0.72935539E-12   863.99999994   -23331.15366195
    1280    2.56000000 -0.13871891E-12 -0.19187696E-12  0.63509507E-12   863.99999994   -23331.15366195
    1290    2.58000000 -0.16883501E-12 -0.42240853E-12  0.52038390E-12   863.99999994   -23331.15366195
    1300    2.60000000 -0.24765426E-12 -0.48575557E-12  0.41924396E-12   863.99999994   -23331.15366195
    1310    2.62000000 -0.28169888E-12 -0.53894471E-12  0.22902639E-12   863.99999994   -23331.15366195
    1320    2.64000000 -0.22322515E-12 -0.63096246E-12  0.72216453E-13   863.99999994   -23331.15366195
    1330    2.66000000 -0.27642925E-12 -0.62522362E-12 -0.12034254E-13   863.99999994   -23331.15366195
    1340    2.68000000 -0.25154111E-12 -0.56505210E-12 -0.11077488E-12   863.99999994   -23331.15366195
    1350    2.70000000 -0.20132689E-12 -0.46867441E-12 -0.25661186E-12   863.99999994   -23331.15366195
    1360    2.72000000 -0.11175463E-12 -0.44673599E-12 -0.35144386E-12   863.99999994   -23331.15366195
    1370    2.74000000 -0.50890950E-13 -0.32508137E-12 -0.36687643E-12   863.99999994   -23331.15366195
    1380    2.76000000  0.79329521E-13 -0.27827999E-12 -0.48721802E-12   863.99999994   -23331.15366195
    1390    2.78000000  0.12763470E-12 -0.18652207E-12 -0.52027515E-12   863.99999994   -23331.15366195
    1400    2.80000000  0.21649435E-12 -0.82911602E-13 -0.51092808E-12   863.99999994   -23331.15366196
    1410    2.82000000  0.32597230E-12  0.19077941E-13 -0.38545199E-12   863.99999994   -23331.15366196
    1420    2.84000000  0.30866675E-12  0.15511329E-13 -0.32218763E-12   863.99999994   -23331.15366196
    1430    2.86000000  0.16244627E-12  0.34398373E-13 -0.16669434E-12   863.99999994   -23331.15366196
    1440    2.88000000 -0.20461609E-13  0.14885398E-12  0.13346106E-12   863.99999994   -23331.15366196
    1450    2.90000000 -0.17677010E-12  0.25985694E-12  0.28842580E-12   863.99999994   -23331.15366196
    1460    2.92000000 -0.30333540E-12  0.33821125E-12  0.43942768E-12   863.99999994   -23331.15366196
    1470    2.94000000 -0.37360215E-12  0.47817099E-12  0.54403573E-12   863.99999994   -23331.15366196
    1480    2.96000000 -0.33355804E-12  0.43978994E-12  0.67381714E-12   863.99999994   -23331.15366196
    1490    2.98000000 -0.30550402E-12  0.37563126E-12  0.64685833E-12   863.99999994   -23331.15366196
    1500    3.00000000 -0.16341022E-12  0.41472603E-12  0.66999758E-12   863.99999993   -23331.15366196
    1510    3.02000000 -0.44780934E-13  0.41889546E-12  0.47987186E-12   863.99999993   -23331.15366196
    1520    3.04000000  0.11569573E-12  0.26860015E-12  0.28127736E-12   863.99999993   -23331.15366196
    1530    3.06000000  0.15633412E-12  0.54395344E-13  0.13439362E-12   863.99999993   -23331.15366196
    1540    3.08000000  0.11311934E-12 -0.18282783E-12 -0.10775362E-12   863.99999993   -23331.15366196
    1550    3.10000000  0.21119702E-13 -0.36328683E-12 -0.28686515E-12   863.99999993   -23331.15366196
    1560    3.12000000 -0.93641836E-13 -0.47371486E-12  0.75992366E-11   863.99999993   -23331.15366196
    1570    3.14000000 -0.18032028E-12 -0.48181624E-12  0.10323970E-09   863.99999993   -23331.15366196
    1580    3.16000000 -0.21292953E-12 -0.50380905E-12  0.41202667E-09   863.99999993   -23331.15366197
    1590    3.18000000 -0.59138278E-13 -0.40890696E-12  0.96033050E-09   863.99999993   -23331.15366197
    1600    3.20000000  0.14390271E-12 -0.37470655E-12  0.15330881E-08   863.99999993   -23331.15366197
    1610    3.22000000  0.47455611E-12 -0.41244143E-12  0.15438258E-08   863.99999993   -23331.15366197
    1620    3.24000000  0.67831990E-12 -0.32575868E-12 -0.78305859E-10   863.99999993   -23331.15366197
    1630    3.26000000  0.44011536E-12 -0.22573035E-12 -0.49779225E-08   863.99999993   -23331.15366197
    1640    3.28000000 -0.82459146E-12  0.24864798E-12 -0.15437884E-07   863.99999993   -23331.15366196
    1650    3.30000000 -0.39799904E-11  0.15172868E-11 -0.34418371E-07   863.99999993   -23331.15366195
    1660    3.32000000 -0.10178309E-10  0.42354664E-11 -0.65568669E-07   863.99999993   -23331.15366190
    1670    3.34000000 -0.20762387E-10  0.89999032E-11 -0.11321424E-06   863.99999993   -23331.15366177
    1680    3.36000000 -0.37506064E-10  0.16615163E-10 -0.18232041E-06   863.99999993   -23331.15366143
    1690    3.38000000 -0.61884433E-10  0.27531181E-10 -0.27843164E-06   863.99999993   -23331.15366066
    1700    3.40000000 -0.95521668E-10  0.42127720E-10 -0.40758732E-06   863.99999993   -23331.15365909
    1710    3.42000000 -0.13997038E-09  0.60113980E-10 -0.57621600E-06   863.99999993   -23331.15365604
    1720    3.44000000 -0.19606978E-09  0.80470240E-10 -0.79100870E-06   863.99999993   -23331.15365047
    1730    3.46000000 -0.26452178E-09  0.10086421E-09 -0.10587729E-05   863.99999992   -23331.15364076
    1740    3.48000000 -0.34489304E-09  0.11794815E-09 -0.13862702E-05   863.99999992   -23331.15362455
    1750    3.50000000 -0.43592767E-09  0.12619386E-09 -0.17800411E-05   863.99999992   -23331.15359845
    1760    3.52000000 -0.53573516E-09  0.11804846E-09 -0.22462180E-05   863.99999992   -23331.15355778
    1770    3.54000000 -0.64083177E-09  0.83698675E-10 -0.27903325E-05   863.99999992   -23331.15349626
    1780    3.56000000 -0.74657851E-09  0.99562207E-11 -0.34171182E-05   863.99999992   -23331.15340568
    1790    3.58000000 -0.84685148E-09 -0.11915723E-09 -0.41303150E-05   863.99999992   -23331.15327554
    1800    3.60000000 -0.93431685E-09 -0.32347170E-09 -0.49324777E-05   863.99999992   -23331.15309275
    1810    3.62000000 -0.99975353E-09 -0.62608225E-09 -0.58247917E-05   863.99999992   -23331.15284133
    1820    3.64000000 -0.10326336E-08 -0.10545806E-08 -0.68069007E-05   863.99999992   -23331.15250220
    1830    3.66000000 -0.10208858E-08 -0.16396398E-08 -0.78767490E-05   863.99999992   -23331.15205305
    1840    3.68000000 -0.95088418E-09 -0.24163849E-08 -0.90304424E-05   863.99999992   -23331.15146840
    1850    3.70000000 -0.80752198E-09 -0.34230823E-08 -0.10262129E-04   863.99999992   -23331.15071968
    1860    3.72000000 -0.57462050E-09 -0.47016728E-08 -0.11563903E-04   863.99999992   -23331.14977571
    1870    3.74000000 -0.23501423E-09 -0.62966111E-08 -0.12925734E-04   863.99999992   -23331.14860316
    1880    3.76000000  0.22974475E-09 -0.82551754E-08 -0.14335423E-04   863.99999992   -23331.14716747
    1890    3.78000000  0.83854667E-09 -0.10625961E-07 -0.15778587E-04   863.99999992   -23331.14543383
    1900    3.80000000  0.16101685E-08 -0.13458849E-07 -0.17238676E-04   863.99999992   -23331.14336852
    1910    3.82000000  0.25636213E-08 -0.16803644E-07 -0.18697022E-04   863.99999992   -23331.14094040
    1920    3.84000000  0.37173779E-08 -0.20709242E-07 -0.20132914E-04   863.99999992   -23331.13812266
    1930    3.86000000  0.50888149E-08 -0.25222638E-07 -0.21523720E-04   863.99999992   -23331.13489466
    1940    3.88000000  0.66936910E-08 -0.30387646E-07 -0.22845026E-04   863.99999992   -23331.13124390
    1950    3.90000000  0.85459117E-08 -0.36244007E-07 -0.24070823E-04   863.99999992   -23331.12716794
    1960    3.92000000  0.10656518E-07 -0.42825376E-07 -0.25173714E-04   863.99999991   -23331.12267628
    1970    3.94000000  0.13033528E-07 -0.50158926E-07 -0.26125155E-04   863.99999991   -23331.11779202
    1980    3.96000000  0.15680853E-07 -0.58263252E-07 -0.26895733E-04   863.99999991   -23331.11255315
    1990    3.98000000  0.18597963E-07 -0.67147395E-07 -0.27455450E-04   863.99999991   -23331.10701347
    2000    4.00000000  0.21779404E-07 -0.76809408E-07 -0.27774052E-04   863.99999991   -23331.10124287
    2010    4.02000000  0.25213469E-07 -0.87235192E-07 -0.27821364E-04   863.99999991   -23331.09532686
    2020    4.04000000  0.28882482E-07 -0.98397010E-07 -0.27567648E-04   863.99999991   -23331.08936536
    2030    4.06000000  0.32762008E-07 -0.11025251E-06 -0.26983973E-04   863.99999991   -23331.08347045
    2040    4.08000000  0.36820153E-07 -0.12274377E-06 -0.26042596E-04   863.99999991   -23331.07776313
    2050    4.10000000  0.41017287E-07 -0.13579602E-06 -0.24717349E-04   863.99999991   -23331.07236899
    2060    4.12000000  0.45305933E-07 -0.14931711E-06 -0.22984031E-04   863.99999991   -23331.06741274
    2070    4.14000000  0.49630312E-07 -0.16319655E-06 -0.20820787E-04   863.99999991   -23331.06301164
    2080    4.16000000  0.53926466E-07 -0.17730564E-06 -0.18208497E-04   863.99999991   -23331.05926787
    2090    4.18000000  0.58122333E-07 -0.19149630E-06 -0.15131139E-04   863.99999991   -23331.05625997
    2100    4.20000000  0.62137854E-07 -0.20560151E-06 -0.11576146E-04   863.99999991   -23331.05403345
    2110    4.22000000  0.65885315E-07 -0.21943532E-06 -0.75347387E-05   863.99999991   -23331.05259083
    2120    4.24000000  0.69269892E-07 -0.23279323E-06 -0.30022343E-05   863.99999991   -23331.05188135
    2130    4.26000000  0.72190386E-07 -0.24545266E-06  0.20216696E-05   863.99999991   -23331.05179060
    2140    4.28000000  0.74540499E-07 -0.25717392E-06  0.75326475E-05   863.99999991   -23331.05213049
    2150    4.30000000  0.76209227E-07 -0.26770140E-06  0.13521531E-04   863.99999991   -23331.05262987
    2160    4.32000000  0.77082534E-07 -0.27676472E-06  0.19974133E-04   863.99999991   -23331.05292622
    2170    4.34000000  0.77045054E-07 -0.28408040E-06  0.26871114E-04   863.99999991   -23331.05255888
    2180    4.36000000  0.75981192E-07 -0.28935418E-06  0.34187895E-04   863.99999991   -23331.05096413
    2190    4.38000000  0.73777203E-07 -0.29228286E-06  0.41894607E-04   863.99999990   -23331.04747265
    2200    4.40000000  0.70323414E-07 -0.29255682E-06  0.49956105E-04   863.99999990   -23331.04130962
    2210    4.42000000  0.65515776E-07 -0.28986249E-06  0.58332016E-04   863.99999990   -23331.03159789
    2220    4.44000000  0.59258465E-07 -0.28388579E-06  0.66976847E-04   863.99999990   -23331.01736453
    2230    4.46000000  0.51465893E-07 -0.27431490E-06  0.75840142E-04   863.99999990   -23330.99755082
    2240    4.48000000  0.42065522E-07 -0.26084393E-06  0.84866693E-04   863.99999990   -23330.97102599
    2250    4.50000000  0.31000242E-07 -0.24317636E-06  0.93996799E-04   863.99999990   -23330.93660467
    2260    4.52000000  0.18230410E-07 -0.22102905E-06  0.10316658E-03   863.99999990   -23330.89306790
    2270    4.54000000  0.37368707E-08 -0.19413615E-06  0.11230835E-03   863.99999990   -23330.83918762
    2280    4.56000000 -0.12477314E-07 -0.16225353E-06  0.12135101E-03   863.99999990   -23330.77375432
    2290    4.58000000 -0.30384445E-07 -0.12516250E-06  0.13022053E-03   863.99999990   -23330.69560731
    2300    4.60000000 -0.49929862E-07 -0.82674930E-07  0.13884046E-03   863.99999990   -23330.60366711
    2310    4.62000000 -0.71031037E-07 -0.34637241E-07  0.14713247E-03   863.99999990   -23330.49696938
    2320    4.64000000 -0.93575779E-07  0.19065286E-07  0.15501694E-03   863.99999990   -23330.37469935
    2330    4.66000000 -0.11742104E-06  0.78503416E-07  0.16241362E-03   863.99999990   -23330.23622622
    2340    4.68000000 -0.14239229E-06  0.14369984E-06  0.16924227E-03   863.99999990   -23330.08113619
    2350    4.70000000 -0.16828373E-06  0.21462511E-06  0.17542337E-03   863.99999990   -23329.90926345
    2360    4.72000000 -0.19485781E-06  0.29119337E-06  0.18087883E-03   863.99999990   -23329.72071789
    2370    4.74000000 -0.22184669E-06  0.37325803E-06  0.18553271E-03   863.99999990   -23329.51590851
    2380    4.76000000 -0.24895302E-06  0.46060898E-06  0.18931200E-03   863.99999989   -23329.29556163
    2390    4.78000000 -0.27585280E-06  0.55296891E-06  0.19214735E-03   863.99999989   -23329.06073280
    2400    4.80000000 -0.30219665E-06  0.64999062E-06  0.19397378E-03   863.99999989   -23328.81281168
    2410    4.82000000 -0.32761423E-06  0.75125498E-06  0.19473145E-03   863.99999989   -23328.55351912
    2420    4.84000000 -0.35171768E-06  0.85626983E-06  0.19436635E-03   863.99999989   -23328.28489586
    2430    4.86000000 -0.37410572E-06  0.96446844E-06  0.19283094E-03   863.99999989   -23328.00928257
    2440    4.88000000 -0.39436914E-06  0.10752104E-05  0.19008479E-03   863.99999989   -23327.72929089
    2450    4.90000000 -0.41209611E-06  0.11877824E-05  0.18609514E-03   863.99999989   -23327.44776583
    2460    4.92000000 -0.42687824E-06  0.13014004E-05  0.18083739E-03   863.99999989   -23327.16773954
    2470    4.94000000 -0.43831670E-06  0.14152126E-05  0.17429553E-03   863.99999989   -23326.89237737
    2480    4.96000000 -0.44602930E-06  0.15283043E-05  0.16646245E-03   863.99999989   -23326.62491676
    2490    4.98000000 -0.44965676E-06  0.16397029E-05  0.15734024E-03   863.99999989   -23326.36860027
    2500    5.00000000 -0.44886987E-06  0.17483853E-05  0.14694027E-03   863.99999989   -23326.12660391
    2510    5.02000000 -0.44337600E-06  0.18532852E-05  0.13528328E-03   863.99999988   -23325.90196239
    2520    5.04000000 -0.43292561E-06  0.19533025E-05  0.12239931E-03   863.99999988   -23325.69749293
    2530    5.06000000 -0.41731815E-06  0.20473140E-05  0.10832754E-03   863.99999988   -23325.51571928
    2540    5.08000000 -0.39640721E-06  0.21341840E-05  0.93116053E-04   863.99999988   -23325.35879809
    2550    5.10000000 -0.37010541E-06  0.22127768E-05  0.76821449E-04   863.99999988   -23325.22844921
    2560    5.12000000 -0.33838767E-06  0.22819694E-05  0.59508444E-04   863.99999988   -23325.12589193
    2570    5.14000000 -0.30129423E-06  0.23406649E-05  0.41249359E-04   863.99999988   -23325.05178886
    2580    5.16000000 -0.25893152E-06  0.23878057E-05  0.22123552E-04   863.99999988   -23325.00619911
    2590    5.18000000 -0.21147220E-06  0.24223877E-05  0.22168192E-05   863.99999988   -23324.98854206
    2600    5.20000000 -0.15915436E-06  0.24434729E-05 -0.18379243E-04   863.99999988   -23324.99757308
    2610    5.22000000 -0.10227791E-06  0.24502031E-05 -0.39567886E-04   863.99999988   -23325.03137210
    2620    5.24000000 -0.41201127E-07  0.24418107E-05 -0.61247843E-04   863.99999988   -23325.08734564
    2630    5.26000000  0.23665695E-07  0.24176304E-05 -0.83313958E-04   863.99999988   -23325.16224275
    2640    5.28000000  0.91866174E-07  0.23771081E-05 -0.10565777E-03   863.99999987   -23325.25218503
    2650    5.30000000  0.16290680E-06  0.23198096E-05 -0.12816807E-03   863.99999987   -23325.35271041
    2660    5.32000000  0.23626510E-06  0.22454263E-05 -0.15073136E-03   863.99999987   -23325.45883035
    2670    5.34000000  0.31139992E-06  0.21537793E-05 -0.17323236E-03   863.99999987   -23325.56509972
    2680    5.36000000  0.38776131E-06  0.20448231E-05 -0.19555432E-03   863.99999987   -23325.66569850
    2690    5.38000000  0.46480092E-06  0.19186453E-05 -0.21757941E-03   863.99999987   -23325.75452404
    2700    5.40000000  0.54198276E-06  0.17754655E-05 -0.23918900E-03   863.99999987   -23325.82529273
    2710    5.42000000  0.61879299E-06  0.16156334E-05 -0.26026394E-03   863.99999987   -23325.87164941
    2720    5.44000000  0.69474921E-06  0.14396237E-05 -0.28068480E-03   863.99999987   -23325.88728304
    2730    5.46000000  0.76940950E-06  0.12480303E-05 -0.30033218E-03   863.99999987   -23325.86604672
    2740    5.48000000  0.84237949E-06  0.10415607E-05 -0.31908695E-03   863.99999987   -23325.80208020
    2750    5.50000000  0.91331807E-06  0.82102788E-06 -0.33683069E-03   863.99999987   -23325.68993281
    2760    5.52000000  0.98194238E-06  0.58734272E-06 -0.35344603E-03   863.99999987   -23325.52468463
    2770    5.54000000  0.10480302E-05  0.34150609E-06 -0.36881724E-03   863.99999987   -23325.30206359
    2780    5.56000000  0.11114202E-05  0.84600979E-07 -0.38283082E-03   863.99999987   -23325.01855610
    2790    5.58000000  0.11720110E-05 -0.18221525E-06 -0.39537632E-03   863.99999987   -23324.67150876
    2800    5.60000000  0.12297583E-05 -0.45771782E-06 -0.40634717E-03   863.99999987   -23324.25921860
    2810    5.62000000  0.12846688E-05 -0.74062137E-06 -0.41564179E-03   863.99999987   -23323.78100926
    2820    5.64000000  0.13367929E-05 -0.10295855E-05 -0.42316473E-03   863.99999986   -23323.23729069
    2830    5.66000000  0.13862164E-05 -0.13232208E-05 -0.42882800E-03   863.99999986   -23322.62960001
    2840    5.68000000  0.14330483E-05 -0.16200933E-05 -0.43255244E-03   863.99999986   -23321.96062126
    2850    5.70000000  0.14774096E-05 -0.19187291E-05 -0.43426931E-03   863.99999986   -23321.23418240
    2860    5.72000000  0.15194183E-05 -0.22176183E-05 -0.43392174E-03   863.99999986   -23320.45522780
    2870    5.74000000  0.15591755E-05 -0.25152196E-05 -0.43146640E-03   863.99999986   -23319.62976557
    2880    5.76000000  0.15967486E-05 -0.28099643E-05 -0.42687494E-03   863.99999986   -23318.76478920
    2890    5.78000000  0.16321566E-05 -0.31002601E-05 -0.42013554E-03   863.99999986   -23317.86817395
    2900    5.80000000  0.16653531E-05 -0.33844964E-05 -0.41125417E-03   863.99999986   -23316.94854898
    2910    5.82000000  0.16962126E-05 -0.36610495E-05 -0.40025575E-03   863.99999985   -23316.01514728
    2920    5.84000000  0.17245150E-05 -0.39282884E-05 -0.38718501E-03   863.99999985   -23315.07763615
    2930    5.86000000  0.17499356E-05 -0.41845807E-05 -0.37210711E-03   863.99999985   -23314.14593160
    2940    5.88000000  0.17720349E-05 -0.44283005E-05 -0.35510786E-03   863.99999985   -23313.23000130
    2950    5.90000000  0.17902544E-05 -0.46578356E-05 -0.33629355E-03   863.99999985   -23312.33966077
    2960    5.92000000  0.18039144E-05 -0.48715963E-05 -0.31579038E-03   863.99999985   -23311.48436852
    2970    5.94000000  0.18122197E-05 -0.50680237E-05 -0.29374338E-03   863.99999984   -23310.67302580
    2980    5.96000000  0.18142687E-05 -0.52455999E-05 -0.27031498E-03   863.99999984   -23309.91378713
    2990    5.98000000  0.18090704E-05 -0.54028575E-05 -0.24568296E-03   863.99999984   -23309.21388722
    3000    6.00000000  0.17955665E-05 -0.55383907E-05 -0.22003809E-03   863.99999984   -23308.57949004
    3010    6.02000000  0.17726628E-05 -0.56508661E-05 -0.19358132E-03   863.99999984   -23308.01556471
    3020    6.04000000  0.17392648E-05 -0.57390357E-05 -0.16652062E-03   863.99999984   -23307.52579237
    3030    6.06000000  0.16943194E-05 -0.58017483E-05 -0.13906756E-03   863.99999983   -23307.11250707
    3040    6.08000000  0.16368627E-05 -0.58379644E-05 -0.11143368E-03   863.99999983   -23306.77667224
    3050    6.10000000  0.15660703E-05 -0.58467699E-05 -0.83826810E-04   863.99999983   -23306.51789336
    3060    6.12000000  0.14813083E-05 -0.58273915E-05 -0.56447383E-04   863.99999983   -23306.33446578
    3070    6.14000000  0.13821847E-05 -0.57792128E-05 -0.29484901E-04   863.99999983   -23306.22345530
    3080    6.16000000  0.12685976E-05 -0.57017897E-05 -0.31146588E-05   863.99999983   -23306.18080795
    3090    6.18000000  0.11407762E-05 -0.55948674E-05  0.22505159E-04   863.99999982   -23306.20148427
    3100    6.20000000  0.99931486E-06 -0.54583943E-05  0.47235899E-04   863.99999982   -23306.27961239
    3110    6.22000000  0.84519520E-06 -0.52925367E-05  0.70960289E-04   863.99999982   -23306.40865388
    3120    6.24000000  0.67979532E-06 -0.50976896E-05  0.93583637E-04   863.99999982   -23306.58157588
    3130    6.26000000  0.50488400E-06 -0.48744860E-05  0.11503434E-03   863.99999982   -23306.79102312
    3140    6.28000000  0.32259960E-06 -0.46237996E-05  0.13526365E-03   863.99999982   -23307.02948392
    3150    6.30000000  0.13541156E-06 -0.43467465E-05  0.15424474E-03   863.99999982   -23307.28944499
    3160    6.32000000 -0.53932215E-07 -0.40446782E-05  0.17197108E-03   863.99999982   -23307.56353063
    3170    6.34000000 -0.24247274E-06 -0.37191721E-05  0.18845413E-03   863.99999981   -23307.84462331
    3180    6.36000000 -0.42711891E-06 -0.33720141E-05  0.20372058E-03   863.99999981   -23308.12596384
    3190    6.38000000 -0.60473428E-06 -0.30051780E-05  0.21780907E-03   863.99999981   -23308.40123029
    3200    6.40000000 -0.77222947E-06 -0.26207989E-05  0.23076669E-03   863.99999981   -23308.66459666
    3210    6.42000000 -0.92665327E-06 -0.22211437E-05  0.24264521E-03   863.99999981   -23308.91077275
    3220    6.44000000 -0.10652822E-05 -0.18085787E-05  0.25349744E-03   863.99999981   -23309.13502790
    3230    6.46000000 -0.11856996E-05 -0.13855364E-05  0.26337360E-03   863.99999981   -23309.33320182
    3240    6.48000000 -0.12858664E-05 -0.95448249E-06  0.27231804E-03   863.99999981   -23309.50170592
    3250    6.50000000 -0.13641747E-05 -0.51788239E-06  0.28036636E-03   863.99999981   -23309.63751867
    3260    6.52000000 -0.14194861E-05 -0.78173812E-07  0.28754307E-03   863.99999981   -23309.73817817
    3270    6.54000000 -0.14511523E-05  0.36225907E-06  0.29385979E-03   863.99999981   -23309.80177463
    3280    6.56000000 -0.14590182E-05  0.80110656E-06  0.29931426E-03   863.99999981   -23309.82694465
    3290    6.58000000 -0.14434079E-05  0.12361478E-05  0.30388990E-03   863.99999980   -23309.81286853
    3300    6.60000000 -0.14050951E-05  0.16652605E-05  0.30755616E-03   863.99999980   -23309.75927073
    3310    6.62000000 -0.13452604E-05  0.20864240E-05  0.31026955E-03   863.99999980   -23309.66642294
    3320    6.64000000 -0.12654393E-05  0.24977170E-05  0.31197529E-03   863.99999980   -23309.53514826
    3330    6.66000000 -0.11674617E-05  0.28973117E-05  0.31260945E-03   863.99999980   -23309.36682463
    3340    6.68000000 -0.10533880E-05  0.32834611E-05  0.31210164E-03   863.99999980   -23309.16338495
    3350    6.70000000 -0.92544291E-06  0.36544866E-05  0.31037795E-03   863.99999980   -23308.92731142
    3360    6.72000000 -0.78595217E-06  0.40087621E-05  0.30736421E-03   863.99999980   -23308.66162155
    3370    6.74000000 -0.63728078E-06  0.43446980E-05  0.30298931E-03   863.99999980   -23308.36984347
    3380    6.76000000 -0.48177877E-06  0.46607268E-05  0.29718845E-03   863.99999980   -23308.05597901
    3390    6.78000000 -0.32173217E-06  0.49552910E-05  0.28990641E-03   863.99999980   -23307.72445310
    3400    6.80000000 -0.15932245E-06  0.52268338E-05  0.28110048E-03   863.99999980   -23307.38004947
    3410    6.82000000  0.34066959E-08  0.54737944E-05  0.27074309E-03   863.99999980   -23307.02783274
    3420    6.84000000  0.16457449E-06  0.56946078E-05  0.25882408E-03   863.99999979   -23306.67305842
    3430    6.86000000  0.32248110E-06  0.58877093E-05  0.24535253E-03   863.99999979   -23306.32107268
    3440    6.88000000  0.47561947E-06  0.60515444E-05  0.23035801E-03   863.99999979   -23305.97720456
    3450    6.90000000  0.62268081E-06  0.61845822E-05  0.21389141E-03   863.99999979   -23305.64665404
    3460    6.92000000  0.76255732E-06  0.62853347E-05  0.19602517E-03   863.99999979   -23305.33437922
    3470    6.94000000  0.89433939E-06  0.63523774E-05  0.17685300E-03   863.99999979   -23305.04498674
    3480    6.96000000  0.10173119E-05  0.63843762E-05  0.15648912E-03   863.99999979   -23304.78262893
    3490    6.98000000  0.11309482E-05  0.63801141E-05  0.13506699E-03   863.99999979   -23304.55091147
    3500    7.00000000  0.12349016E-05  0.63385223E-05  0.11273762E-03   863.99999979   -23304.35281473
    3510    7.02000000  0.13289972E-05  0.62587128E-05  0.89667525E-04   863.99999979   -23304.19063140
    3520    7.04000000  0.14132219E-05  0.61400124E-05  0.66036306E-04   863.99999978   -23304.06592283
    3530    7.06000000  0.14877121E-05  0.59819982E-05  0.42034049E-04   863.99999978   -23303.97949505
    3540    7.08000000  0.15527408E-05  0.57845345E-05  0.17858483E-04   863.99999978   -23303.93139554
    3550    7.10000000  0.16087019E-05  0.55478091E-05 -0.62879656E-05   863.99999978   -23303.92093028
    3560    7.12000000  0.16560922E-05  0.52723691E-05 -0.30201168E-04   863.99999978   -23303.94670048
    3570    7.14000000  0.16954915E-05  0.49591545E-05 -0.53678285E-04   863.99999978   -23304.00665725
    3580    7.16000000  0.17275397E-05  0.46095286E-05 -0.76520682E-04   863.99999978   -23304.09817214
    3590    7.18000000  0.17529128E-05  0.42253021E-05 -0.98536726E-04   863.99999978   -23304.21812100
    3600    7.20000000  0.17722971E-05  0.38087502E-05 -0.11954440E-03   863.99999978   -23304.36297787
    3610    7.22000000  0.17863628E-05  0.33626197E-05 -0.13937370E-03   863.99999977   -23304.52891602
    3620    7.24000000  0.17957388E-05  0.28901250E-05 -0.15786878E-03   863.99999977   -23304.71191245
    3630    7.26000000  0.18009885E-05  0.23949308E-05 -0.17488982E-03   863.99999977   -23304.90785269
    3640    7.28000000  0.18025876E-05  0.18811209E-05 -0.19031454E-03   863.99999977   -23305.11263270
    3650    7.30000000  0.18009066E-05  0.13531518E-05 -0.20403947E-03   863.99999977   -23305.32225488
    3660    7.32000000  0.17961972E-05  0.81579296E-06 -0.21598079E-03   863.99999977   -23305.53291570
    3670    7.34000000  0.17885842E-05  0.27405344E-06 -0.22607493E-03   863.99999977   -23305.74108274
    3680    7.36000000  0.17780625E-05 -0.26690265E-06 -0.23427877E-03   863.99999977   -23305.94355950
    3690    7.38000000  0.17645010E-05 -0.80184957E-06 -0.24056952E-03   863.99999977   -23306.13753682
    3700    7.40000000  0.17476519E-05 -0.13255978E-05 -0.24494436E-03   863.99999977   -23306.32063029
    3710    7.42000000  0.17271669E-05 -0.18330954E-05 -0.24741970E-03   863.99999977   -23306.49090341
    3720    7.44000000  0.17026165E-05 -0.23195267E-05 -0.24803027E-03   863.99999977   -23306.64687708
    3730    7.46000000  0.16735150E-05 -0.27804057E-05 -0.24682792E-03   863.99999977   -23306.78752584
    3740    7.48000000  0.16393470E-05 -0.32116610E-05 -0.24388022E-03   863.99999976   -23306.91226229
    3750    7.50000000  0.15995964E-05 -0.36097084E-05 -0.23926895E-03   863.99999976   -23307.02091105
    3760    7.52000000  0.15537741E-05 -0.39715083E-05 -0.23308840E-03   863.99999976   -23307.11367377
    3770    7.54000000  0.15014444E-05 -0.42946067E-05 -0.22544366E-03   863.99999976   -23307.19108720
    3780    7.56000000  0.14422490E-05 -0.45771577E-05 -0.21644873E-03   863.99999976   -23307.25397610
    3790    7.58000000  0.13759260E-05 -0.48179275E-05 -0.20622478E-03   863.99999976   -23307.30340281
    3800    7.60000000  0.13023247E-05 -0.50162790E-05 -0.19489831E-03   863.99999976   -23307.34061543
    3810    7.62000000  0.12214147E-05 -0.51721401E-05 -0.18259940E-03   863.99999976   -23307.36699611
    3820    7.64000000  0.11332914E-05 -0.52859554E-05 -0.16946009E-03   863.99999976   -23307.38401108
    3830    7.66000000  0.10381732E-05 -0.53586263E-05 -0.15561283E-03   863.99999976   -23307.39316364
    3840    7.68000000  0.93639806E-06 -0.53914419E-05 -0.14118903E-03   863.99999976   -23307.39595127
    3850    7.70000000  0.82841302E-06 -0.53860043E-05 -0.12631788E-03   863.99999976   -23307.39382749
    3860    7.72000000  0.71476192E-06 -0.53441528E-05 -0.11112522E-03   863.99999976   -23307.38816926
    3870    7.74000000  0.59606945E-06 -0.52678920E-05 -0.95732599E-04   863.99999976   -23307.38025006
    3880    7.76000000  0.47302459E-06 -0.51593250E-05 -0.80256540E-04   863.99999975   -23307.37121892
    3890    7.78000000  0.34636119E-06 -0.50205978E-05 -0.64807924E-04   863.99999975   -23307.36208524
    3900    7.80000000  0.21683889E-06 -0.48538541E-05 -0.49491528E-04   863.99999975   -23307.35370915
    3910    7.82000000  0.85224270E-07 -0.46612040E-05 -0.34405700E-04   863.99999975   -23307.34679704
    3920    7.84000000 -0.47727201E-07 -0.44447050E-05 -0.19642140E-04   863.99999975   -23307.34190189
    3930    7.86000000 -0.18128731E-06 -0.42063546E-05 -0.52857833E-05   863.99999975   -23307.33942758
    3940    7.88000000 -0.31476777E-06 -0.39480947E-05  0.85852449E-05   863.99999975   -23307.33963687
    3950    7.90000000 -0.44752927E-06 -0.36718217E-05  0.21899611E-04   863.99999975   -23307.34266214
    3960    7.92000000 -0.57898710E-06 -0.33794038E-05  0.34592714E-04   863.99999975   -23307.34851851
    3970    7.94000000 -0.70861054E-06 -0.30726993E-05  0.46606606E-04   863.99999975   -23307.35711853
    3980    7.96000000 -0.83591958E-06 -0.27535746E-05  0.57889881E-04   863.99999975   -23307.36828789
    3990    7.98000000 -0.96047587E-06 -0.24239204E-05  0.68397574E-04   863.99999975   -23307.38178172
    4000    8.00000000 -0.10818714E-05 -0.20856623E-05  0.78091054E-04   863.99999975   -23307.39730080
    4010    8.02000000 -0.11997144E-05 -0.17407666E-05  0.86937915E-04   863.99999975   -23307.41450739
    4020    8.04000000 -0.13136146E-05 -0.13912389E-05  0.94911881E-04   863.99999975   -23307.43304027
    4030    8.06000000 -0.14231674E-05 -0.10391176E-05  0.10199271E-03   863.99999974   -23307.45252851
    4040    8.08000000 -0.15279407E-05 -0.68646093E-06  0.10816611E-03   863.99999974   -23307.47260406
    4050    8.10000000 -0.16274627E-05 -0.33532937E-06  0.11342364E-03   863.99999974   -23307.49291256
    4060    8.12000000 -0.17212115E-05  0.12235462E-07  0.11776258E-03   863.99999974   -23307.51312257
    4070    8.14000000 -0.18086085E-05  0.35423402E-06  0.12118588E-03   863.99999974   -23307.53293297
    4080    8.16000000 -0.18890136E-05  0.68873309E-06  0.12370198E-03   863.99999974   -23307.55207859
    4090    8.18000000 -0.19617232E-05  0.10138904E-05  0.12532468E-03   863.99999974   -23307.57033406
    4100    8.20000000 -0.20259704E-05  0.13279767E-05  0.12607298E-03   863.99999974   -23307.58751601
    4110    8.22000000 -0.20809288E-05  0.16293974E-05  0.12597087E-03   863.99999974   -23307.60348370
    4120    8.24000000 -0.21257178E-05  0.19167104E-05  0.12504717E-03   863.99999974   -23307.61813831
    4130    8.26000000 -0.21594120E-05  0.21886423E-05  0.12333523E-03   863.99999974   -23307.63142091
    4140    8.28000000 -0.21810541E-05  0.24440992E-05  0.12087272E-03   863.99999974   -23307.64330955
    4150    8.30000000 -0.21896709E-05  0.26821769E-05  0.11770136E-03   863.99999974   -23307.65381543
    4160    8.32000000 -0.21842943E-05  0.29021666E-05  0.11386656E-03   863.99999974   -23307.66297858
    4170    8.34000000 -0.21639865E-05  0.31035570E-05  0.10941718E-03   863.99999974   -23307.67086311
    4180    8.36000000 -0.21278675E-05  0.32860338E-05  0.10440513E-03   863.99999973   -23307.67755226
    4190    8.38000000 -0.20751471E-05  0.34494756E-05  0.98885032E-04   863.99999973   -23307.68314353
    4200    8.40000000 -0.20051584E-05  0.35939463E-05  0.92913802E-04   863.99999973   -23307.68774394
    4210    8.42000000 -0.19173908E-05  0.37196841E-05  0.86550258E-04   863.99999973   -23307.69146556
    4220    8.44000000 -0.18115230E-05  0.38270861E-05  0.79854674E-04   863.99999973   -23307.69442160
    4230    8.46000000 -0.16874529E-05  0.39166900E-05  0.72888326E-04   863.99999973   -23307.69672287
    4240    8.48000000 -0.15453233E-05  0.39891507E-05  0.65713019E-04   863.99999973   -23307.69847492
    4250    8.50000000 -0.13855413E-05  0.40452150E-05  0.58390604E-04   863.99999973   -23307.69977574
    4260    8.52000000 -0.12087922E-05  0.40856921E-05  0.50982479E-04   863.99999973   -23307.70071409
    4270    8.54000000 -0.10160441E-05  0.41114223E-05  0.43549098E-04   863.99999973   -23307.70136844
    4280    8.56000000 -0.80854556E-06  0.41232457E-05  0.36149473E-04   863.99999973   -23307.70180642
    4290    8.58000000 -0.58781547E-06  0.41219697E-05  0.28840688E-04   863.99999973   -23307.70208481
    4300    8.60000000 -0.35562288E-06  0.41083406E-05  0.21677427E-04   863.99999973   -23307.70224991
    4310    8.62000000 -0.11396237E-06  0.40830166E-05  0.14711528E-04   863.99999973   -23307.70233831
    4320    8.64000000  0.13497947E-06  0.40465483E-05  0.79915545E-05   863.99999973   -23307.70237789
    4330    8.66000000  0.38886120E-06  0.39993636E-05  0.15624194E-05   863.99999972   -23307.70238893
    4340    8.68000000  0.64522865E-06  0.39417606E-05 -0.45349656E-05   863.99999972   -23307.70238542
    4350    8.70000000  0.90155816E-06  0.38739089E-05 -0.10263983E-04   863.99999972   -23307.70237633
    4360    8.72000000  0.11553020E-05  0.37958569E-05 -0.15592554E-04   863.99999972   -23307.70236676
    4370    8.74000000  0.14039321E-05  0.37075467E-05 -0.20493332E-04   863.99999972   -23307.70235909
    4380    8.76000000  0.16449820E-05  0.36088347E-05 -0.24943832E-04   863.99999972   -23307.70235396
    4390    8.78000000  0.18760854E-05  0.34995169E-05 -0.28926517E-04   863.99999972   -23307.70235096
    4400    8.80000000  0.20950104E-05  0.33793566E-05 -0.32428818E-04   863.99999972   -23307.70234931
    4410    8.82000000  0.22996885E-05  0.32481135E-05 -0.35443113E-04   863.99999972   -23307.70234823
    4420    8.84000000  0.24882389E-05  0.31055746E-05 -0.37966654E-04   863.99999972   -23307.70234716
    4430    8.86000000  0.26589865E-05  0.29515814E-05 -0.40001448E-04   863.99999972   -23307.70234585
    4440    8.88000000  0.28104754E-05  0.27860565E-05 -0.41554100E-04   863.99999972   -23307.70234431
    4450    8.90000000  0.29414779E-05  0.26090282E-05 -0.42635618E-04   863.99999972   -23307.70234269
    4460    8.92000000  0.30509994E-05  0.24206504E-05 -0.43261168E-04   863.99999972   -23307.70234108
    4470    8.94000000  0.31382792E-05  0.22212192E-05 -0.43449684E-04   863.99999972   -23307.70233951
    4480    8.96000000  0.32027910E-05  0.20111861E-05 -0.43223380E-04   863.99999971   -23307.70233796
    4490    8.98000000  0.32442394E-05  0.17911661E-05 -0.42607330E-04   863.99999971   -23307.70233644
    4500    9.00000000  0.32625562E-05  0.15619419E-05 -0.41629038E-04   863.99999971   -23307.70233494
    4510    9.02000000  0.32578945E-05  0.13244626E-05 -0.40318025E-04   863.99999971   -23307.70233346
    4520    9.04000000  0.32306237E-05  0.10798386E-05 -0.38705411E-04   863.99999971   -23307.70233200
    4530    9.06000000  0.31813208E-05  0.82932996E-06 -0.36823512E-04   863.99999971   -23307.70233055
    4540    9.08000000  0.31107616E-05  0.57433213E-06 -0.34705438E-04   863.99999971   -23307.70232912
    4550    9.10000000  0.30199098E-05  0.31635572E-06 -0.32384709E-04   863.99999971   -23307.70232769
    4560    9.12000000  0.29099037E-05  0.57004023E-07 -0.29894862E-04   863.99999971   -23307.70232629
    4570    9.14000000  0.27820405E-05 -0.20205299E-06 -0.27269089E-04   863.99999971   -23307.70232489
    4580    9.16000000  0.26377582E-05 -0.45910468E-06 -0.24539870E-04   863.99999971   -23307.70232351
    4590    9.18000000  0.24786151E-05 -0.71242659E-06 -0.21738638E-04   863.99999971   -23307.70232216
    4600    9.20000000  0.23062670E-05 -0.96030517E-06 -0.18895461E-04   863.99999971   -23307.70232082
    4610    9.22000000  0.21224430E-05 -0.12010604E-05 -0.16038750E-04   863.99999971   -23307.70231951
    4620    9.24000000  0.19289207E-05 -0.14330637E-05 -0.13195005E-04   863.99999971   -23307.70231823
    4630    9.26000000  0.17275007E-05 -0.16547527E-05 -0.10388602E-04   863.99999970   -23307.70231699
    4640    9.28000000  0.15199823E-05 -0.18646404E-05 -0.76416152E-05   863.99999970   -23307.70231579
    4650    9.30000000  0.13081406E-05 -0.20613207E-05 -0.49736950E-05   863.99999970   -23307.70231464
    4660    9.32000000  0.10937052E-05 -0.22434699E-05 -0.24019974E-05   863.99999970   -23307.70231353
    4670    9.34000000  0.87834273E-06 -0.24098461E-05  0.58838708E-07   863.99999970   -23307.70231248
    4680    9.36000000  0.66364156E-06 -0.25592877E-05  0.23966620E-05   863.99999970   -23307.70231148
    4690    9.38000000  0.45110091E-06 -0.26907106E-05  0.46017298E-05   863.99999970   -23307.70231054
    4700    9.40000000  0.24212243E-06 -0.28031086E-05  0.66665866E-05   863.99999970   -23307.70230964
    4710    9.42000000  0.38005719E-07 -0.28955555E-05  0.85859061E-05   863.99999970   -23307.70230880
    4720    9.44000000 -0.16005320E-06 -0.29672115E-05  0.10356302E-04   863.99999970   -23307.70230801
    4730    9.46000000 -0.35096076E-06 -0.30173326E-05  0.11976121E-04   863.99999970   -23307.70230725
    4740    9.48000000 -0.53372358E-06 -0.30452863E-05  0.13445219E-04   863.99999970   -23307.70230654
    4750    9.50000000 -0.70744396E-06 -0.30505692E-05  0.14764737E-04   863.99999970   -23307.70230585
    4760    9.52000000 -0.87131535E-06 -0.30328289E-05  0.15936887E-04   863.99999970   -23307.70230520
    4770    9.54000000 -0.10246178E-05 -0.29918870E-05  0.16964739E-04   863.99999970   -23307.70230456
    4780    9.56000000 -0.11667139E-05 -0.29277629E-05  0.17852046E-04   863.99999969   -23307.70230393
    4790    9.58000000 -0.12970461E-05 -0.28406961E-05  0.18603081E-04   863.99999969   -23307.70230332
    4800    9.60000000 -0.14151351E-05 -0.27311636E-05  0.19222519E-04   863.99999969   -23307.70230271
    4810    9.62000000 -0.15205798E-05 -0.25998945E-05  0.19715341E-04   863.99999969   -23307.70230210
    4820    9.64000000 -0.16130576E-05 -0.24478768E-05  0.20086783E-04   863.99999969   -23307.70230148
    4830    9.66000000 -0.16923267E-05 -0.22763554E-05  0.20342308E-04   863.99999969   -23307.70230087
    4840    9.68000000 -0.17582273E-05 -0.20868239E-05  0.20487620E-04   863.99999969   -23307.70230024
    4850    9.70000000 -0.18106837E-05 -0.18810080E-05  0.20528686E-04   863.99999969   -23307.70229962
    4860    9.72000000 -0.18497043E-05 -0.16608397E-05  0.20471786E-04   863.99999969   -23307.70229898
    4870    9.74000000 -0.18753805E-05 -0.14284275E-05  0.20323564E-04   863.99999969   -23307.70229834
    4880    9.76000000 -0.18878846E-05 -0.11860210E-05  0.20091082E-04   863.99999969   -23307.70229770
    4890    9.78000000 -0.18874649E-05 -0.93597267E-06  0.19781859E-04   863.99999969   -23307.70229705
    4900    9.80000000 -0.18744402E-05 -0.68069837E-06  0.19403895E-04   863.99999969   -23307.70229641
    4910    9.82000000 -0.18491929E-05 -0.42264037E-06  0.18965671E-04   863.99999969   -23307.70229577
    4920    9.84000000 -0.18121622E-05 -0.16423085E-06  0.18476111E-04   863.99999969   -23307.70229514
    4930    9.86000000 -0.17638367E-05  0.92139255E-07  0.17944522E-04   863.99999968   -23307.70229451
    4940    9.88000000 -0.17047492E-05  0.34414784E-06  0.17380491E-04   863.99999968   -23307.70229389
    4950    9.90000000 -0.16354719E-05  0.58956408E-06  0.16793757E-04   863.99999968   -23307.70229328
    4960    9.92000000 -0.15566140E-05  0.82626665E-06  0.16194051E-04   863.99999968   -23307.70229268
    4970    9.94000000 -0.14688204E-05  0.10522577E-05  0.15590920E-04   863.99999968   -23307.70229210
    4980    9.96000000 -0.13727730E-05  0.12656735E-05  0.14993527E-04   863.99999968   -23307.70229152
    4990    9.98000000 -0.12691915E-05  0.14647933E-05  0.14410455E-04   863.99999968   -23307.70229097
    5000   10.00000000 -0.11588355E-05  0.16480465E-05  0.13849506E-04   863.99999968   -23307.70229043
    5010   10.02000000 -0.10425063E-05  0.18140204E-05  0.13317509E-04   863.99999968   -23307.70228990
    5020   10.04000000 -0.92104674E-06  0.19614673E-05  0.12820152E-04   863.99999968   -23307.70228939
    5030   10.06000000 -0.79534018E-06  0.20893142E-05  0.12361825E-04   863.99999968   -23307.70228889
    5040   10.08000000 -0.66630771E-06  0.21966732E-05  0.11945503E-04   863.99999968   -23307.70228840
    5050   10.10000000 -0.53490197E-06  0.22828529E-05  0.11572656E-04   863.99999968   -23307.70228793
    5060   10.12000000 -0.40209949E-06  0.23473720E-05  0.11243196E-04   863.99999968   -23307.70228746
    5070   10.14000000 -0.26889073E-06  0.23899718E-05  0.10955463E-04   863.99999967   -23307.70228700
    5080   10.16000000 -0.13626798E-06  0.24106286E-05  0.10706252E-04   863.99999967   -23307.70228655
    5090   10.18000000 -0.52113732E-08  0.24095640E-05  0.10490875E-04   863.99999967   -23307.70228610
    5100   10.20000000  0.12332568E-06  0.23872518E-05  0.10303270E-04   863.99999967   -23307.70228565
    5110   10.22000000  0.24843259E-06  0.23444191E-05  0.10136141E-04   863.99999967   -23307.70228520
    5120   10.24000000  0.36925847E-06  0.22820434E-05  0.99811401E-05   863.99999967   -23307.70228475
    5130   10.26000000  0.48502817E-06  0.22013404E-05  0.98290806E-05   863.99999967   -23307.70228430
    5140   10.28000000  0.59505820E-06  0.21037460E-05  0.96701846E-05   863.99999967   -23307.70228384
    5150   10.30000000  0.69877211E-06  0.19908904E-05  0.94943538E-05   863.99999967   -23307.70228339
    5160   10.32000000  0.79571286E-06  0.18645646E-05  0.92914623E-05   863.99999967   -23307.70228295
    5170   10.34000000  0.88555233E-06  0.17266819E-05  0.90516634E-05   863.99999967   -23307.70228250
    5180   10.36000000  0.96809798E-06  0.15792355E-05  0.87657034E-05   863.99999967   -23307.70228207
    5190   10.38000000  0.10432934E-05  0.14242531E-05  0.84252328E-05   863.99999967   -23307.70228164
    5200   10.40000000  0.11112143E-05  0.12637531E-05  0.80231046E-05   863.99999967   -23307.70228123
    5210   10.42000000  0.11720579E-05  0.10997026E-05  0.75536529E-05   863.99999967   -23307.70228083
    5220   10.44000000  0.12261269E-05  0.93398024E-06  0.70129378E-05   863.99999966   -23307.70228044
    5230   10.46000000  0.12738078E-05  0.76834689E-06  0.63989522E-05   863.99999966   -23307.70228007
    5240   10.48000000  0.13155435E-05  0.60442299E-06  0.57117766E-05   863.99999966   -23307.70227971
    5250   10.50000000  0.13518034E-05  0.44367571E-06  0.49536789E-05   863.99999966   -23307.70227936
    5260   10.52000000  0.13830522E-05  0.28741357E-06  0.41291519E-05   863.99999966   -23307.70227902
    5270   10.54000000  0.14097171E-05  0.13678932E-06  0.32448842E-05   863.99999966   -23307.70227868
    5280   10.56000000  0.14321599E-05 -0.71900140E-08  0.23096645E-05   863.99999966   -23307.70227835
    5290   10.58000000  0.14506505E-05 -0.14364973E-06  0.13342201E-05   863.99999966   -23307.70227802
    5300   10.60000000  0.14653492E-05 -0.27183022E-06  0.33099311E-06   863.99999966   -23307.70227769
    5310   10.62000000  0.14762949E-05 -0.39106995E-06 -0.68614099E-06   863.99999966   -23307.70227737
    5320   10.64000000  0.14834021E-05 -0.50078998E-06 -0.17022024E-05   863.99999966   -23307.70227704
    5330   10.66000000  0.14864670E-05 -0.60048079E-06 -0.27014741E-05   863.99999966   -23307.70227671
    5340   10.68000000  0.14851817E-05 -0.68969453E-06 -0.36678963E-05   863.99999966   -23307.70227639
    5350   10.70000000  0.14791554E-05 -0.76804135E-06 -0.45854733E-05   863.99999966   -23307.70227606
    5360   10.72000000  0.14679421E-05 -0.83519152E-06 -0.54386807E-05   863.99999966   -23307.70227574
    5370   10.74000000  0.14510726E-05 -0.89088173E-06 -0.62128585E-05   863.99999965   -23307.70227542
    5380   10.76000000  0.14280867E-05 -0.93492539E-06 -0.68945776E-05   863.99999965   -23307.70227509
    5390   10.78000000  0.13985669E-05 -0.96722509E-06 -0.74719689E-05   863.99999965   -23307.70227477
    5400   10.80000000  0.13621671E-05 -0.98778604E-06 -0.79350049E-05   863.99999965   -23307.70227444
    5410   10.82000000  0.13186382E-05 -0.99672781E-06 -0.82757278E-05   863.99999965   -23307.70227411
    5420   10.84000000  0.12678463E-05 -0.99429523E-06 -0.84884196E-05   863.99999965   -23307.70227377
    5430   10.86000000  0.12097849E-05 -0.98086331E-06 -0.85697125E-05   863.99999965   -23307.70227344
    5440   10.88000000  0.11445773E-05 -0.95693915E-06 -0.85186413E-05   863.99999965   -23307.70227310
    5450   10.90000000  0.10724746E-05 -0.92315673E-06 -0.83366399E-05   863.99999965   -23307.70227276
    5460   10.92000000  0.99384409E-06 -0.88026743E-06 -0.80274860E-05   863.99999965   -23307.70227242
    5470   10.94000000  0.90915475E-06 -0.82912461E-06 -0.75972017E-05   863.99999965   -23307.70227209
    5480   10.96000000  0.81895749E-06 -0.77066403E-06 -0.70539123E-05   863.99999965   -23307.70227176
    5490   10.98000000  0.72386372E-06 -0.70588177E-06 -0.64076707E-05   863.99999965   -23307.70227144
    5500   11.00000000  0.62452381E-06 -0.63580914E-06 -0.56702525E-05   863.99999965   -23307.70227113
    5510   11.02000000  0.52160559E-06 -0.56148905E-06 -0.48549242E-05   863.99999965   -23307.70227083
    5520   11.04000000  0.41577605E-06 -0.48395279E-06 -0.39761888E-05   863.99999964   -23307.70227054
    5530   11.06000000  0.30768603E-06 -0.40419940E-06 -0.30495105E-05   863.99999964   -23307.70227026
    5540   11.08000000  0.19795874E-06 -0.32317900E-06 -0.20910225E-05   863.99999964   -23307.70226999
    5550   11.10000000  0.87182146E-07 -0.24178016E-06 -0.11172182E-05   863.99999964   -23307.70226972
    5560   11.12000000 -0.24094057E-07 -0.16082119E-06 -0.14462967E-06   863.99999964   -23307.70226947
    5570   11.14000000 -0.13535802E-06 -0.81046469E-07  0.81050169E-06   863.99999964   -23307.70226921
    5580   11.16000000 -0.24613167E-06 -0.31262411E-08  0.17325598E-05   863.99999964   -23307.70226896
    5590   11.18000000 -0.35596470E-06  0.72339959E-07  0.26068848E-05   863.99999964   -23307.70226870
    5600   11.20000000 -0.46442519E-06  0.14481795E-06  0.34200948E-05   863.99999964   -23307.70226845
    5610   11.22000000 -0.57109034E-06  0.21383006E-06  0.41603899E-05   863.99999964   -23307.70226819
    5620   11.24000000 -0.67553564E-06  0.27894747E-06  0.48178280E-05   863.99999964   -23307.70226793
    5630   11.26000000 -0.77732395E-06  0.33977986E-06  0.53845649E-05   863.99999964   -23307.70226768
    5640   11.28000000 -0.87599539E-06  0.39596709E-06  0.58550488E-05   863.99999964   -23307.70226742
    5650   11.30000000 -0.97105835E-06  0.44717121E-06  0.62261611E-05   863.99999964   -23307.70226716
    5660   11.32000000 -0.10619806E-05  0.49307045E-06  0.64972973E-05   863.99999964   -23307.70226690
    5670   11.34000000 -0.11481832E-05  0.53335517E-06  0.66703809E-05   863.99999963   -23307.70226664
    5680   11.36000000 -0.12290353E-05  0.56772711E-06  0.67498096E-05   863.99999963   -23307.70226639
    5690   11.38000000 -0.13038525E-05  0.59590185E-06  0.67423290E-05   863.99999963   -23307.70226614
    5700   11.40000000 -0.13718962E-05  0.61761489E-06  0.66568388E-05   863.99999963   -23307.70226589
    5710   11.42000000 -0.14323771E-05  0.63263173E-06  0.65041322E-05   863.99999963   -23307.70226565
    5720   11.44000000 -0.14844617E-05  0.64076151E-06  0.62965752E-05   863.99999963   -23307.70226540
    5730   11.46000000 -0.15272835E-05  0.64187338E-06  0.60477354E-05   863.99999963   -23307.70226516
    5740   11.48000000 -0.15599574E-05  0.63591617E-06  0.57719693E-05   863.99999963   -23307.70226491
    5750   11.50000000 -0.15816001E-05  0.62293737E-06  0.54839818E-05   863.99999963   -23307.70226466
    5760   11.52000000 -0.15913541E-05  0.60310362E-06  0.51983719E-05   863.99999963   -23307.70226441
    5770   11.54000000 -0.15884159E-05  0.57671754E-06  0.49291788E-05   863.99999963   -23307.70226416
    5780   11.56000000 -0.15720680E-05  0.54423192E-06  0.46894453E-05   863.99999963   -23307.70226390
    5790   11.58000000 -0.15417134E-05  0.50625770E-06  0.44908117E-05   863.99999963   -23307.70226364
    5800   11.60000000 -0.14969100E-05  0.46356565E-06  0.43431565E-05   863.99999963   -23307.70226337
    5810   11.62000000 -0.14374048E-05  0.41708088E-06  0.42542944E-05   863.99999963   -23307.70226311
    5820   11.64000000 -0.13631645E-05  0.36786823E-06  0.42297428E-05   863.99999962   -23307.70226285
    5830   11.66000000 -0.12744012E-05  0.31711080E-06  0.42725632E-05   863.99999962   -23307.70226259
    5840   11.68000000 -0.11715910E-05  0.26608033E-06  0.43832833E-05   863.99999962   -23307.70226233
    5850   11.70000000 -0.10554841E-05  0.21610183E-06  0.45599003E-05   863.99999962   -23307.70226208
    5860   11.72000000 -0.92710495E-06  0.16851302E-06  0.47979634E-05   863.99999962   -23307.70226183
    5870   11.74000000 -0.78774152E-06  0.12462168E-06  0.50907330E-05   863.99999962   -23307.70226160
    5880   11.76000000 -0.63892462E-06  0.85661506E-07  0.54294077E-05   863.99999962   -23307.70226137
    5890   11.78000000 -0.48239673E-06  0.52750085E-07  0.58034119E-05   863.99999962   -23307.70226114
    5900   11.80000000 -0.32007188E-06  0.26849890E-07  0.62007326E-05   863.99999962   -23307.70226092
    5910   11.82000000 -0.15398842E-06  0.87357620E-08  0.66082937E-05   863.99999962   -23307.70226070
    5920   11.84000000  0.13743544E-07 -0.10320132E-08  0.70123550E-05   863.99999962   -23307.70226049
    5930   11.86000000  0.18099721E-06 -0.21247635E-08  0.73989232E-05   863.99999962   -23307.70226027
    5940   11.88000000  0.34568509E-06  0.55450376E-08  0.77541626E-05   863.99999962   -23307.70226005
    5950   11.90000000  0.50581114E-06  0.21824594E-07  0.80647908E-05   863.99999962   -23307.70225983
    5960   11.92000000  0.65951969E-06  0.46328857E-07  0.83184501E-05   863.99999962   -23307.70225960
    5970   11.94000000  0.80513578E-06  0.78457671E-07  0.85040419E-05   863.99999961   -23307.70225937
    5980   11.96000000  0.94119855E-06  0.11741846E-06  0.86120176E-05   863.99999961   -23307.70225913
    5990   11.98000000  0.10664830E-05  0.16225369E-06  0.86346152E-05   863.99999961   -23307.70225889
    6000   12.00000000  0.11800134E-05  0.21187167E-06  0.85660412E-05   863.99999961   -23307.70225865
    6010   12.02000000  0.12810649E-05  0.26507781E-06  0.84025897E-05   863.99999961   -23307.70225840
    6020   12.04000000  0.13691570E-05  0.32060566E-06  0.81427032E-05   863.99999961   -23307.70225815
    6030   12.06000000  0.14440385E-05  0.37714650E-06  0.77869723E-05   863.99999961   -23307.70225790
    6040   12.08000000  0.15056662E-05  0.43337555E-06  0.73380814E-05   863.99999961   -23307.70225765
    6050   12.10000000  0.15541801E-05  0.48797615E-06  0.68007022E-05   863.99999961   -23307.70225741
    6060   12.12000000  0.15898760E-05  0.53966035E-06  0.61813453E-05   863.99999961   -23307.70225717
    6070   12.14000000  0.16131785E-05  0.58718829E-06  0.54881736E-05   863.99999961   -23307.70225693
    6080   12.16000000  0.16246155E-05  0.62938606E-06  0.47307878E-05   863.99999961   -23307.70225670
    6090   12.18000000  0.16247971E-05  0.66516330E-06  0.39199904E-05   863.99999961   -23307.70225648
    6100   12.20000000  0.16143972E-05  0.69353137E-06  0.30675361E-05   863.99999961   -23307.70225626
    6110   12.22000000  0.15941408E-05  0.71362258E-06  0.21858754E-05   863.99999961   -23307.70225604
    6120   12.24000000  0.15647942E-05  0.72471045E-06  0.12878964E-05   863.99999960   -23307.70225583
    6130   12.26000000  0.15271590E-05  0.72623014E-06  0.38667129E-06   863.99999960   -23307.70225563
    6140   12.28000000  0.14820674E-05  0.71779895E-06 -0.50478876E-06   863.99999960   -23307.70225543
    6150   12.30000000  0.14303790E-05  0.69923464E-06 -0.13737669E-05   863.99999960   -23307.70225523
    6160   12.32000000  0.13729773E-05  0.67056959E-06 -0.22080586E-05   863.99999960   -23307.70225504
    6170   12.34000000  0.13107632E-05  0.63205998E-06 -0.29961711E-05   863.99999960   -23307.70225484
    6180   12.36000000  0.12446474E-05  0.58418881E-06 -0.37275033E-05   863.99999960   -23307.70225464
    6190   12.38000000  0.11755395E-05  0.52765986E-06 -0.43925031E-05   863.99999960   -23307.70225445
    6200   12.40000000  0.11043355E-05  0.46338346E-06 -0.49828002E-05   863.99999960   -23307.70225425
    6210   12.42000000  0.10319014E-05  0.39245478E-06 -0.54913135E-05   863.99999960   -23307.70225405
    6220   12.44000000  0.95905876E-06  0.31612262E-06 -0.59123315E-05   863.99999960   -23307.70225384
    6230   12.46000000  0.88656609E-06  0.23575294E-06 -0.62415660E-05   863.99999960   -23307.70225364
    6240   12.48000000  0.81510417E-06  0.15278732E-06 -0.64761774E-05   863.99999960   -23307.70225343
    6250   12.50000000  0.74526134E-06  0.68698081E-07 -0.66147742E-05   863.99999960   -23307.70225321
    6260   12.52000000  0.67752184E-06 -0.15056760E-07 -0.66573862E-05   863.99999960   -23307.70225300
    6270   12.54000000  0.61225692E-06 -0.97076833E-07 -0.66054139E-05   863.99999959   -23307.70225278
    6280   12.56000000  0.54971993E-06 -0.17605968E-06 -0.64615567E-05   863.99999959   -23307.70225256
    6290   12.58000000  0.49004415E-06 -0.25083562E-06 -0.62297218E-05   863.99999959   -23307.70225234
    6300   12.60000000  0.43324518E-06 -0.32039579E-06 -0.59149178E-05   863.99999959   -23307.70225212
    6310   12.62000000  0.37922648E-06 -0.38391356E-06 -0.55231362E-05   863.99999959   -23307.70225190
    6320   12.64000000  0.32778856E-06 -0.44075713E-06 -0.50612227E-05   863.99999959   -23307.70225168
    6330   12.66000000  0.27864057E-06 -0.49049514E-06 -0.45367446E-05   863.99999959   -23307.70225146
    6340   12.68000000  0.23141572E-06 -0.53289405E-06 -0.39578531E-05   863.99999959   -23307.70225125
    6350   12.70000000  0.18568860E-06 -0.56790920E-06 -0.33331477E-05   863.99999959   -23307.70225103
    6360   12.72000000  0.14099429E-06 -0.59566871E-06 -0.26715407E-05   863.99999959   -23307.70225083
    6370   12.74000000  0.96850348E-07 -0.61645384E-06 -0.19821268E-05   863.99999959   -23307.70225062
    6380   12.76000000  0.52778826E-07 -0.63067402E-06 -0.12740560E-05   863.99999959   -23307.70225042
    6390   12.78000000  0.83298379E-08 -0.63883948E-06 -0.55641430E-06   863.99999959   -23307.70225023
    6400   12.80000000 -0.36895410E-07 -0.64153348E-06  0.16188963E-06   863.99999959   -23307.70225004
    6410   12.82000000 -0.83222031E-07 -0.63938248E-06  0.87223093E-06   863.99999959   -23307.70224985
    6420   12.84000000 -0.13088047E-06 -0.63302832E-06  0.15663657E-05   863.99999958   -23307.70224967
    6430   12.86000000 -0.17998879E-06 -0.62310237E-06  0.22365202E-05   863.99999958   -23307.70224949
    6440   12.88000000 -0.23053744E-06 -0.61020169E-06  0.28754702E-05   863.99999958   -23307.70224931
    6450   12.90000000 -0.28237983E-06 -0.59486974E-06  0.34766096E-05   863.99999958   -23307.70224913
    6460   12.92000000 -0.33522715E-06 -0.57758057E-06  0.40340073E-05   863.99999958   -23307.70224895
    6470   12.94000000 -0.38864971E-06 -0.55872906E-06  0.45424538E-05   863.99999958   -23307.70224877
    6480   12.96000000 -0.44208362E-06 -0.53862429E-06  0.49974945E-05   863.99999958   -23307.70224858
    6490   12.98000000 -0.49484418E-06 -0.51748877E-06  0.53954516E-05   863.99999958   -23307.70224840
    6500   13.00000000 -0.54614387E-06 -0.49546285E-06  0.57334351E-05   863.99999958   -23307.70224821
    6510   13.02000000 -0.59511507E-06 -0.47261145E-06  0.60093444E-05   863.99999958   -23307.70224802
    6520   13.04000000 -0.64083599E-06 -0.44893601E-06  0.62218602E-05   863.99999958   -23307.70224783
    6530   13.06000000 -0.68235844E-06 -0.42438749E-06  0.63704302E-05   863.99999958   -23307.70224764
    6540   13.08000000 -0.71873554E-06 -0.39888258E-06  0.64552500E-05   863.99999958   -23307.70224744
    6550   13.10000000 -0.74904924E-06 -0.37231905E-06  0.64772391E-05   863.99999958   -23307.70224725
    6560   13.12000000 -0.77243510E-06 -0.34459295E-06  0.64380132E-05   863.99999958   -23307.70224706
    6570   13.14000000 -0.78810506E-06 -0.31561315E-06  0.63398543E-05   863.99999957   -23307.70224687
    6580   13.16000000 -0.79536667E-06 -0.28531624E-06  0.61856777E-05   863.99999957   -23307.70224668
    6590   13.18000000 -0.79363952E-06 -0.25367770E-06  0.59789943E-05   863.99999957   -23307.70224649
    6600   13.20000000 -0.78246921E-06 -0.22072222E-06  0.57238689E-05   863.99999957   -23307.70224631
    6610   13.22000000 -0.76153830E-06 -0.18653016E-06  0.54248731E-05   863.99999957   -23307.70224612
    6620   13.24000000 -0.73067740E-06 -0.15124166E-06  0.50870307E-05   863.99999957   -23307.70224594
    6630   13.26000000 -0.68987254E-06 -0.11505709E-06  0.47157577E-05   863.99999957   -23307.70224576
    6640   13.28000000 -0.63927411E-06 -0.78234903E-07  0.43167937E-05   863.99999957   -23307.70224558
    6650   13.30000000 -0.57920262E-06 -0.41085666E-07  0.38961278E-05   863.99999957   -23307.70224541
    6660   13.32000000 -0.51015388E-06 -0.39633738E-08  0.34599182E-05   863.99999957   -23307.70224523
    6670   13.34000000 -0.43280109E-06  0.32746286E-07  0.30144083E-05   863.99999957   -23307.70224506
    6680   13.36000000 -0.34799366E-06  0.68640118E-07  0.25658401E-05   863.99999957   -23307.70224488
    6690   13.38000000 -0.25675075E-06  0.10331347E-06  0.21203674E-05   863.99999957   -23307.70224471
    6700   13.40000000 -0.16024927E-06  0.13637764E-06  0.16839705E-05   863.99999957   -23307.70224453
    6710   13.42000000 -0.59805976E-07  0.16747712E-06  0.12623765E-05   863.99999957   -23307.70224436
    6720   13.44000000  0.43148667E-07  0.19630646E-06  0.86098217E-06   863.99999956   -23307.70224418
    6730   13.46000000  0.14710087E-06  0.22262494E-06  0.48478574E-06   863.99999956   -23307.70224400
    6740   13.48000000  0.25049132E-06  0.24626848E-06  0.13832543E-06   863.99999956   -23307.70224382
    6750   13.50000000  0.35175527E-06  0.26715715E-06 -0.17437427E-06   863.99999956   -23307.70224364
    6760   13.52000000  0.44936553E-06  0.28529823E-06 -0.44984896E-06   863.99999956   -23307.70224346
    6770   13.54000000  0.54187397E-06  0.30078458E-06 -0.68523365E-06   863.99999956   -23307.70224328
    6780   13.56000000  0.62795089E-06  0.31378732E-06 -0.87829415E-06   863.99999956   -23307.70224310
    6790   13.58000000  0.70641850E-06  0.32454436E-06 -0.10274537E-05   863.99999956   -23307.70224291
    6800   13.60000000  0.77627739E-06  0.33334501E-06 -0.11318114E-05   863.99999956   -23307.70224273
    6810   13.62000000  0.83672518E-06  0.34051191E-06 -0.11911546E-05   863.99999956   -23307.70224254
    6820   13.64000000  0.88716541E-06  0.34638143E-06 -0.12059631E-05   863.99999956   -23307.70224236
    6830   13.66000000  0.92720794E-06  0.35128383E-06 -0.11774055E-05   863.99999956   -23307.70224218
    6840   13.68000000  0.95666092E-06  0.35552461E-06 -0.11073238E-05   863.99999956   -23307.70224200
    6850   13.70000000  0.97551668E-06  0.35936818E-06 -0.99820725E-06   863.99999956   -23307.70224182
    6860   13.72000000  0.98393168E-06  0.36302405E-06 -0.85315410E-06   863.99999956   -23307.70224165
    6870   13.74000000  0.98220434E-06  0.36663658E-06 -0.67581958E-06   863.99999955   -23307.70224147
    6880   13.76000000  0.97075173E-06  0.37027878E-06 -0.47035146E-06   863.99999955   -23307.70224130
    6890   13.78000000  0.95008686E-06  0.37394945E-06 -0.24131426E-06   863.99999955   -23307.70224113
    6900   13.80000000  0.92079821E-06  0.37757427E-06  0.63971220E-08   863.99999955   -23307.70224097
    6910   13.82000000  0.88353226E-06  0.38100955E-06  0.26765114E-06   863.99999955   -23307.70224080
    6920   13.84000000  0.83898018E-06  0.38404969E-06  0.53717818E-06   863.99999955   -23307.70224064
    6930   13.86000000  0.78786663E-06  0.38643652E-06  0.80967027E-06   863.99999955   -23307.70224047
    6940   13.88000000  0.73094276E-06  0.38787123E-06  0.10798800E-05   863.99999955   -23307.70224031
    6950   13.90000000  0.66897996E-06  0.38802775E-06  0.13427151E-05   863.99999955   -23307.70224014
    6960   13.92000000  0.60276496E-06  0.38656870E-06  0.15933262E-05   863.99999955   -23307.70223998
    6970   13.94000000  0.53309517E-06  0.38316068E-06  0.18271868E-05   863.99999955   -23307.70223981
    6980   13.96000000  0.46077322E-06  0.37749163E-06  0.20401627E-05   863.99999955   -23307.70223964
    6990   13.98000000  0.38659985E-06  0.36928757E-06  0.22285722E-05   863.99999955   -23307.70223947
    7000   14.00000000  0.31136542E-06  0.35832912E-06  0.23892350E-05   863.99999955   -23307.70223930
    7010   14.02000000  0.23584078E-06  0.34446665E-06  0.25195099E-05   863.99999955   -23307.70223913
    7020   14.04000000  0.16076652E-06  0.32763380E-06  0.26173230E-05   863.99999954   -23307.70223895
    7030   14.06000000  0.86842921E-07  0.30785780E-06  0.26811853E-05   863.99999954   -23307.70223878
    7040   14.08000000  0.14720193E-07  0.28526660E-06  0.27102007E-05   863.99999954   -23307.70223861
    7050   14.10000000 -0.55008762E-07  0.26009244E-06  0.27040648E-05   863.99999954   -23307.70223843
    7060   14.12000000 -0.12181428E-06  0.23266952E-06  0.26630551E-05   863.99999954   -23307.70223826
    7070   14.14000000 -0.18523212E-06  0.20342860E-06  0.25880117E-05   863.99999954   -23307.70223809
    7080   14.16000000 -0.24486318E-06  0.17288576E-06  0.24803112E-05   863.99999954   -23307.70223791
    7090   14.18000000 -0.30036983E-06  0.14162712E-06  0.23418316E-05   863.99999954   -23307.70223774
    7100   14.20000000 -0.35147034E-06  0.11029008E-06  0.21749110E-05   863.99999954   -23307.70223757
    7110   14.22000000 -0.39793186E-06  0.79540874E-07  0.19822989E-05   863.99999954   -23307.70223740
    7120   14.24000000 -0.43956237E-06  0.50051326E-07  0.17671027E-05   863.99999954   -23307.70223723
    7130   14.26000000 -0.47620291E-06  0.22473804E-07  0.15327293E-05   863.99999954   -23307.70223706
    7140   14.28000000 -0.50772082E-06 -0.25826465E-08  0.12828224E-05   863.99999954   -23307.70223690
    7150   14.30000000 -0.53400480E-06 -0.24574824E-07  0.10211996E-05   863.99999954   -23307.70223673
    7160   14.32000000 -0.55496216E-06 -0.43045692E-07  0.75178726E-06   863.99999954   -23307.70223656
    7170   14.34000000 -0.57051777E-06 -0.57640497E-07  0.47855767E-06   863.99999953   -23307.70223640
    7180   14.36000000 -0.58061600E-06 -0.68119530E-07  0.20546777E-06   863.99999953   -23307.70223623
    7190   14.38000000 -0.58522382E-06 -0.74365690E-07 -0.63597562E-07   863.99999953   -23307.70223607
    7200   14.40000000 -0.58433444E-06 -0.76388075E-07 -0.32487775E-06   863.99999953   -23307.70223591
    7210   14.42000000 -0.57797216E-06 -0.74320345E-07 -0.57478222E-06   863.99999953   -23307.70223575
    7220   14.44000000 -0.56619605E-06 -0.68415502E-07 -0.80993054E-06   863.99999953   -23307.70223559
    7230   14.46000000 -0.54910217E-06 -0.59035212E-07 -0.10271851E-05   863.99999953   -23307.70223543
    7240   14.48000000 -0.52682505E-06 -0.46637387E-07 -0.12236784E-05   863.99999953   -23307.70223527
    7250   14.50000000 -0.49953603E-06 -0.31760159E-07 -0.13968340E-05   863.99999953   -23307.70223510
    7260   14.52000000 -0.46744063E-06 -0.15003845E-07 -0.15443837E-05   863.99999953   -23307.70223494
    7270   14.54000000 -0.43077434E-06  0.29876094E-08 -0.16643804E-05   863.99999953   -23307.70223477
    7280   14.56000000 -0.38979760E-06  0.21546467E-07 -0.17552099E-05   863.99999953   -23307.70223460
    7290   14.58000000 -0.34479128E-06  0.39999733E-07 -0.18156004E-05   863.99999953   -23307.70223443
    7300   14.60000000 -0.29605375E-06  0.57687449E-07 -0.18446333E-05   863.99999953   -23307.70223426
    7310   14.62000000 -0.24389985E-06  0.73979337E-07 -0.18417526E-05   863.99999953   -23307.70223408
    7320   14.64000000 -0.18866255E-06  0.88288847E-07 -0.18067760E-05   863.99999952   -23307.70223390
    7330   14.66000000 -0.13069854E-06  0.10008650E-06 -0.17399048E-05   863.99999952   -23307.70223373
    7340   14.68000000 -0.70395796E-07  0.10890992E-06 -0.16417319E-05   863.99999952   -23307.70223355
    7350   14.70000000 -0.81842122E-08  0.11437298E-06 -0.15132477E-05   863.99999952   -23307.70223337
    7360   14.72000000  0.55453116E-07  0.11617203E-06 -0.13558402E-05   863.99999952   -23307.70223320
    7370   14.74000000  0.11996850E-06  0.11409202E-06 -0.11712905E-05   863.99999952   -23307.70223303
    7380   14.76000000  0.18474102E-06  0.10801062E-06 -0.96175832E-06   863.99999952   -23307.70223286
    7390   14.78000000  0.24907071E-06  0.97900249E-07 -0.72976145E-06   863.99999952   -23307.70223269
    7400   14.80000000  0.31217802E-06  0.83831143E-07 -0.47814388E-06   863.99999952   -23307.70223252
    7410   14.82000000  0.37320886E-06  0.65970568E-07 -0.21003621E-06   863.99999952   -23307.70223236
    7420   14.84000000  0.43124696E-06  0.44582232E-07  0.71192375E-07   863.99999952   -23307.70223220
    7430   14.86000000  0.48533180E-06  0.20022413E-07  0.36198958E-06   863.99999952   -23307.70223205
    7440   14.88000000  0.53448194E-06 -0.72653358E-08  0.65867983E-06   863.99999952   -23307.70223189
    7450   14.90000000  0.57772443E-06 -0.36759116E-07  0.95752900E-06   863.99999952   -23307.70223173
    7460   14.92000000  0.61412680E-06 -0.67869177E-07  0.12548079E-05   863.99999952   -23307.70223158
    7470   14.94000000  0.64282997E-06 -0.99953139E-07  0.15468569E-05   863.99999951   -23307.70223142
    7480   14.96000000  0.66308243E-06 -0.13233226E-06  0.18301459E-05   863.99999951   -23307.70223127
    7490   14.98000000  0.67427165E-06 -0.16430998E-06  0.21013299E-05   863.99999951   -23307.70223111
    7500   15.00000000  0.67595235E-06 -0.19519240E-06  0.23572988E-05   863.99999951   -23307.70223096
    7510   15.02000000  0.66786897E-06 -0.22430872E-06  0.25952200E-05   863.99999951   -23307.70223080
    7520   15.04000000  0.64997384E-06 -0.25103153E-06  0.28125723E-05   863.99999951   -23307.70223064
    7530   15.06000000  0.62243630E-06 -0.27479502E-06  0.30071734E-05   863.99999951   -23307.70223048
    7540   15.08000000  0.58564550E-06 -0.29511193E-06  0.31771988E-05   863.99999951   -23307.70223032
    7550   15.10000000  0.54020481E-06 -0.31158584E-06  0.33211933E-05   863.99999951   -23307.70223016
    7560   15.12000000  0.48691935E-06 -0.32392122E-06  0.34380752E-05   863.99999951   -23307.70223000
    7570   15.14000000  0.42677507E-06 -0.33192800E-06  0.35271337E-05   863.99999951   -23307.70222984
    7580   15.16000000  0.36091240E-06 -0.33552329E-06  0.35880198E-05   863.99999951   -23307.70222968
    7590   15.18000000  0.29059421E-06 -0.33472818E-06  0.36207302E-05   863.99999951   -23307.70222951
    7600   15.20000000  0.21716980E-06 -0.32966137E-06  0.36255866E-05   863.99999951   -23307.70222935
    7610   15.22000000  0.14203612E-06 -0.32052920E-06  0.36032093E-05   863.99999950   -23307.70222919
    7620   15.24000000  0.66598830E-07 -0.30761383E-06  0.35544862E-05   863.99999950   -23307.70222903
    7630   15.26000000 -0.77664425E-08 -0.29125898E-06  0.34805386E-05   863.99999950   -23307.70222888
    7640   15.28000000 -0.79749698E-07 -0.27185562E-06  0.33826861E-05   863.99999950   -23307.70222872
    7650   15.30000000 -0.14813839E-06 -0.24982621E-06  0.32624110E-05   863.99999950   -23307.70222856
    7660   15.32000000 -0.21184370E-06 -0.22561022E-06  0.31213234E-05   863.99999950   -23307.70222841
    7670   15.34000000 -0.26992073E-06 -0.19964976E-06  0.29611316E-05   863.99999950   -23307.70222825
    7680   15.36000000 -0.32158223E-06 -0.17237730E-06  0.27836156E-05   863.99999950   -23307.70222810
    7690   15.38000000 -0.36620541E-06 -0.14420345E-06  0.25906073E-05   863.99999950   -23307.70222795
    7700   15.40000000 -0.40333233E-06 -0.11550912E-06  0.23839758E-05   863.99999950   -23307.70222780
    7710   15.42000000 -0.43266510E-06 -0.86636860E-07  0.21656202E-05   863.99999950   -23307.70222766
    7720   15.44000000 -0.45405575E-06 -0.57886187E-07  0.19374665E-05   863.99999950   -23307.70222751
    7730   15.46000000 -0.46749288E-06 -0.29510058E-07  0.17014685E-05   863.99999950   -23307.70222737
    7740   15.48000000 -0.47308629E-06 -0.17140689E-08  0.14596122E-05   863.99999950   -23307.70222722
    7750   15.50000000 -0.47104940E-06  0.25343784E-07  0.12139191E-05   863.99999950   -23307.70222708
    7760   15.52000000 -0.46168270E-06  0.51549739E-07  0.96645007E-06   863.99999949   -23307.70222694
    7770   15.54000000 -0.44535737E-06  0.76831333E-07  0.71930557E-06   863.99999949   -23307.70222680
    7780   15.56000000 -0.42250007E-06  0.10115198E-06  0.47462110E-06   863.99999949   -23307.70222666
    7790   15.58000000 -0.39358005E-06  0.12450484E-06  0.23455929E-06   863.99999949   -23307.70222652
    7800   15.60000000 -0.35909804E-06  0.14690647E-06  0.12943329E-08   863.99999949   -23307.70222638
    7810   15.62000000 -0.31957780E-06  0.16838975E-06 -0.22300754E-06   863.99999949   -23307.70222623
    7820   15.64000000 -0.27555878E-06  0.18899663E-06 -0.43621466E-06   863.99999949   -23307.70222609
    7830   15.66000000 -0.22759084E-06  0.20877121E-06 -0.63625944E-06   863.99999949   -23307.70222594
    7840   15.68000000 -0.17623141E-06  0.22775256E-06 -0.82117251E-06   863.99999949   -23307.70222579
    7850   15.70000000 -0.12204258E-06  0.24596837E-06 -0.98911900E-06   863.99999949   -23307.70222564
    7860   15.72000000 -0.65588896E-07  0.26342861E-06 -0.11384350E-05   863.99999949   -23307.70222549
    7870   15.74000000 -0.74369618E-08  0.28012029E-06 -0.12676636E-05   863.99999949   -23307.70222534
    7880   15.76000000  0.51845588E-07  0.29600268E-06 -0.13755881E-05   863.99999949   -23307.70222518
    7890   15.78000000  0.11169129E-06  0.31100340E-06 -0.14612611E-05   863.99999949   -23307.70222503
    7900   15.80000000  0.17153293E-06  0.32501605E-06 -0.15240281E-05   863.99999949   -23307.70222487
    7910   15.82000000  0.23080503E-06  0.33789923E-06 -0.15635438E-05   863.99999948   -23307.70222472
    7920   15.84000000  0.28894535E-06  0.34947747E-06 -0.15797816E-05   863.99999948   -23307.70222457
    7930   15.86000000  0.34539650E-06  0.35954406E-06 -0.15730332E-05   863.99999948   -23307.70222441
    7940   15.88000000  0.39960895E-06  0.36786536E-06 -0.15439012E-05   863.99999948   -23307.70222426
    7950   15.90000000  0.45104465E-06  0.37418809E-06 -0.14932827E-05   863.99999948   -23307.70222411
    7960   15.92000000  0.49918127E-06  0.37824753E-06 -0.14223447E-05   863.99999948   -23307.70222396
    7970   15.94000000  0.54351830E-06  0.37977760E-06 -0.13324949E-05   863.99999948   -23307.70222382
    7980   15.96000000  0.58358351E-06  0.37852156E-06 -0.12253469E-05   863.99999948   -23307.70222367
    7990   15.98000000  0.61894076E-06  0.37424281E-06 -0.11026816E-05   863.99999948   -23307.70222353
    8000   16.00000000  0.64919780E-06  0.36673592E-06 -0.96640924E-06   863.99999948   -23307.70222338
    8010   16.02000000  0.67401519E-06  0.35583589E-06 -0.81853059E-06   863.99999948   -23307.70222324
    8020   16.04000000  0.69311395E-06  0.34142657E-06 -0.66110103E-06   863.99999948   -23307.70222310
    8030   16.06000000  0.70628324E-06  0.32344729E-06 -0.49619785E-06   863.99999948   -23307.70222296
    8040   16.08000000  0.71338644E-06  0.30189682E-06 -0.32589268E-06   863.99999948   -23307.70222282
    8050   16.10000000  0.71436564E-06  0.27683570E-06 -0.15222776E-06   863.99999948   -23307.70222268
    8060   16.12000000  0.70924388E-06  0.24838615E-06  0.22802683E-07   863.99999947   -23307.70222254
    8070   16.14000000  0.69812501E-06  0.21673046E-06  0.19726551E-06   863.99999947   -23307.70222240
    8080   16.16000000  0.68119166E-06  0.18210694E-06  0.36929986E-06   863.99999947   -23307.70222226
    8090   16.18000000  0.65870090E-06  0.14480466E-06  0.53712318E-06   863.99999947   -23307.70222212
    8100   16.20000000  0.63097734E-06  0.10515670E-06  0.69903669E-06   863.99999947   -23307.70222198
    8110   16.22000000  0.59840633E-06  0.63532168E-07  0.85342944E-06   863.99999947   -23307.70222183
    8120   16.24000000  0.56142473E-06  0.20327015E-07  0.99878230E-06   863.99999947   -23307.70222169
    8130   16.26000000  0.52051302E-06 -0.24045462E-07  0.11336733E-05   863.99999947   -23307.70222154
    8140   16.28000000  0.47618628E-06 -0.69165741E-07  0.12567848E-05   863.99999947   -23307.70222139
    8150   16.30000000  0.42898760E-06 -0.11461753E-06  0.13669139E-05   863.99999947   -23307.70222125
    8160   16.32000000  0.37948030E-06 -0.15999882E-06  0.14629848E-05   863.99999947   -23307.70222110
    8170   16.34000000  0.32824304E-06 -0.20493099E-06  0.15440651E-05   863.99999947   -23307.70222095
    8180   16.36000000  0.27586481E-06 -0.24906746E-06  0.16093846E-05   863.99999947   -23307.70222080
    8190   16.38000000  0.22294048E-06 -0.29209926E-06  0.16583559E-05   863.99999947   -23307.70222065
    8200   16.40000000  0.17006661E-06 -0.33375987E-06  0.16905963E-05   863.99999947   -23307.70222050
    8210   16.42000000  0.11783732E-06 -0.37382649E-06  0.17059476E-05   863.99999946   -23307.70222035
    8220   16.44000000  0.66838124E-07 -0.41211867E-06  0.17044953E-05   863.99999946   -23307.70222020
    8230   16.46000000  0.17640178E-07 -0.44849445E-06  0.16865822E-05   863.99999946   -23307.70222005
    8240   16.48000000 -0.29207073E-07 -0.48284471E-06  0.16528172E-05   863.99999946   -23307.70221990
    8250   16.50000000 -0.73184622E-07 -0.51508442E-06  0.16040767E-05   863.99999946   -23307.70221975
    8260   16.52000000 -0.11381315E-06 -0.54514453E-06  0.15414981E-05   863.99999946   -23307.70221960
    8270   16.54000000 -0.15066233E-06 -0.57296256E-06  0.14664655E-05   863.99999946   -23307.70221945
    8280   16.56000000 -0.18335993E-06 -0.59847437E-06  0.13805870E-05   863.99999946   -23307.70221930
    8290   16.58000000 -0.21160048E-06 -0.62160759E-06  0.12856658E-05   863.99999946   -23307.70221916
    8300   16.60000000 -0.23515154E-06 -0.64227689E-06  0.11836640E-05   863.99999946   -23307.70221902
    8310   16.62000000 -0.25385835E-06 -0.66038175E-06  0.10766628E-05   863.99999946   -23307.70221887
    8320   16.64000000 -0.26764622E-06 -0.67580728E-06  0.96681943E-06   863.99999946   -23307.70221873
    8330   16.66000000 -0.27651946E-06 -0.68842625E-06  0.85632268E-06   863.99999946   -23307.70221859
    8340   16.68000000 -0.28055748E-06 -0.69810446E-06  0.74734810E-06   863.99999946   -23307.70221845
    8350   16.70000000 -0.27990929E-06 -0.70470608E-06  0.64201542E-06   863.99999946   -23307.70221830
    8360   16.72000000 -0.27478409E-06 -0.70810053E-06  0.54234862E-06   863.99999945   -23307.70221816
    8370   16.74000000 -0.26544111E-06 -0.70816883E-06  0.45023815E-06   863.99999945   -23307.70221802
    8380   16.76000000 -0.25217779E-06 -0.70481013E-06  0.36740877E-06   863.99999945   -23307.70221787
    8390   16.78000000 -0.23531800E-06 -0.69794605E-06  0.29539089E-06   863.99999945   -23307.70221772
    8400   16.80000000 -0.21519998E-06 -0.68752564E-06  0.23549627E-06   863.99999945   -23307.70221757
    8410   16.82000000 -0.19216651E-06 -0.67352810E-06  0.18879894E-06   863.99999945   -23307.70221742
    8420   16.84000000 -0.16655598E-06 -0.65596432E-06  0.15611920E-06   863.99999945   -23307.70221727
    8430   16.86000000 -0.13869650E-06 -0.63487865E-06  0.13801269E-06   863.99999945   -23307.70221712
    8440   16.88000000 -0.10890255E-06 -0.61034889E-06  0.13476222E-06   863.99999945   -23307.70221697
    8450   16.90000000 -0.77474300E-07 -0.58248600E-06  0.14637402E-06   863.99999945   -23307.70221682
    8460   16.92000000 -0.44699464E-07 -0.55143327E-06  0.17257579E-06   863.99999945   -23307.70221667
    8470   16.94000000 -0.10857566E-07 -0.51736482E-06  0.21281922E-06   863.99999945   -23307.70221652
    8480   16.96000000  0.23774809E-07 -0.48048369E-06  0.26628532E-06   863.99999945   -23307.70221637
    8490   16.98000000  0.58917124E-07 -0.44101861E-06  0.33189394E-06   863.99999945   -23307.70221623
    8500   17.00000000  0.94277786E-07 -0.39922080E-06  0.40831687E-06   863.99999945   -23307.70221608
    8510   17.02000000  0.12954883E-06 -0.35535936E-06  0.49399698E-06   863.99999944   -23307.70221593
    8520   17.04000000  0.16439931E-06 -0.30971623E-06  0.58717275E-06   863.99999944   -23307.70221578
    8530   17.06000000  0.19847180E-06 -0.26258075E-06  0.68590902E-06   863.99999944   -23307.70221563
    8540   17.08000000  0.23137981E-06 -0.21424427E-06  0.78813365E-06   863.99999944   -23307.70221549
    8550   17.10000000  0.26270761E-06 -0.16499438E-06  0.89168213E-06   863.99999944   -23307.70221534
    8560   17.12000000  0.29201088E-06 -0.11510982E-06  0.99434556E-06   863.99999944   -23307.70221519
    8570   17.14000000  0.31882043E-06 -0.64857118E-07  0.10939249E-05   863.99999944   -23307.70221504
    8580   17.16000000  0.34264726E-06 -0.14487426E-07  0.11882856E-05   863.99999944   -23307.70221489
    8590   17.18000000  0.36298953E-06  0.35764578E-07  0.12754138E-05   863.99999944   -23307.70221474
    8600   17.20000000  0.37934133E-06  0.85680154E-07  0.13534694E-05   863.99999944   -23307.70221459
    8610   17.22000000  0.39120375E-06  0.13505447E-06  0.14208342E-05   863.99999944   -23307.70221444
    8620   17.24000000  0.39809734E-06  0.18369361E-06  0.14761531E-05   863.99999944   -23307.70221429
    8630   17.26000000  0.39957643E-06  0.23140955E-06  0.15183664E-05   863.99999944   -23307.70221414
    8640   17.28000000  0.39524508E-06  0.27801586E-06  0.15467317E-05   863.99999944   -23307.70221399
    8650   17.30000000  0.38477432E-06  0.32332203E-06  0.15608346E-05   863.99999944   -23307.70221383
    8660   17.32000000  0.36791958E-06  0.36712913E-06  0.15605896E-05   863.99999943   -23307.70221368
    8670   17.34000000  0.34453835E-06  0.40922530E-06  0.15462299E-05   863.99999943   -23307.70221352
    8680   17.36000000  0.31460585E-06  0.44938340E-06  0.15182884E-05   863.99999943   -23307.70221337
    8690   17.38000000  0.27822951E-06  0.48735969E-06  0.14775715E-05   863.99999943   -23307.70221321
    8700   17.40000000  0.23565834E-06  0.52289410E-06  0.14251260E-05   863.99999943   -23307.70221305
    8710   17.42000000  0.18728861E-06  0.55571263E-06  0.13622012E-05   863.99999943   -23307.70221289
    8720   17.44000000  0.13366333E-06  0.58553137E-06  0.12902082E-05   863.99999943   -23307.70221273
    8730   17.46000000  0.75464992E-07  0.61206169E-06  0.12106774E-05   863.99999943   -23307.70221258
    8740   17.48000000  0.13502307E-07  0.63501807E-06  0.11252134E-05   863.99999943   -23307.70221242
    8750   17.50000000 -0.51310266E-07  0.65412544E-06  0.10354530E-05   863.99999943   -23307.70221226
    8760   17.52000000 -0.11797638E-06  0.66912845E-06  0.94302150E-06   863.99999943   -23307.70221211
    8770   17.54000000 -0.18544873E-06  0.67980091E-06  0.84949288E-06   863.99999943   -23307.70221195
    8780   17.56000000 -0.25266047E-06  0.68595502E-06  0.75635322E-06   863.99999943   -23307.70221180
    8790   17.58000000 -0.31855720E-06  0.68744983E-06  0.66496816E-06   863.99999943   -23307.70221165
    8800   17.60000000 -0.38212872E-06  0.68419954E-06  0.57655657E-06   863.99999943   -23307.70221150
    8810   17.62000000 -0.44243717E-06  0.67617988E-06  0.49216972E-06   863.99999942   -23307.70221136
    8820   17.64000000 -0.49864068E-06  0.66343200E-06  0.41267922E-06   863.99999942   -23307.70221121
    8830   17.66000000 -0.55001181E-06  0.64606540E-06  0.33877133E-06   863.99999942   -23307.70221107
    8840   17.68000000 -0.59594956E-06  0.62425720E-06  0.27094981E-06   863.99999942   -23307.70221092
    8850   17.70000000 -0.63598608E-06  0.59824944E-06  0.20954490E-06   863.99999942   -23307.70221078
    8860   17.72000000 -0.66978603E-06  0.56834324E-06  0.15472966E-06   863.99999942   -23307.70221064
    8870   17.74000000 -0.69714254E-06  0.53489070E-06  0.10653902E-06   863.99999942   -23307.70221050
    8880   17.76000000 -0.71796709E-06  0.49828548E-06  0.64892644E-07   863.99999942   -23307.70221036
    8890   17.78000000 -0.73227737E-06  0.45895090E-06  0.29618099E-07   863.99999942   -23307.70221022
    8900   17.80000000 -0.74018221E-06  0.41732824E-06  0.47369077E-09   863.99999942   -23307.70221007
    8910   17.82000000 -0.74186571E-06  0.37386433E-06 -0.22832557E-07   863.99999942   -23307.70220993
    8920   17.84000000 -0.73757052E-06  0.32900047E-06 -0.40625880E-07   863.99999942   -23307.70220979
    8930   17.86000000 -0.72758226E-06  0.28316109E-06 -0.53252817E-07   863.99999942   -23307.70220965
    8940   17.88000000 -0.71221497E-06  0.23674558E-06 -0.61073639E-07   863.99999942   -23307.70220951
    8950   17.90000000 -0.69179772E-06  0.19012059E-06 -0.64457796E-07   863.99999942   -23307.70220936
    8960   17.92000000 -0.66666396E-06  0.14361462E-06 -0.63783455E-07   863.99999941   -23307.70220922
    8970   17.94000000 -0.63714222E-06  0.97514623E-07 -0.59438694E-07   863.99999941   -23307.70220908
    8980   17.96000000 -0.60355023E-06  0.52064560E-07 -0.51823933E-07   863.99999941   -23307.70220894
    8990   17.98000000 -0.56619004E-06  0.74656110E-08 -0.41354470E-07   863.99999941   -23307.70220880
    9000   18.00000000 -0.52534673E-06 -0.36121823E-07 -0.28463186E-07   863.99999941   -23307.70220866
    9010   18.02000000 -0.48128859E-06 -0.78574186E-07 -0.13601295E-07   863.99999941   -23307.70220852
    9020   18.04000000 -0.43426952E-06 -0.11980012E-06  0.27626618E-08   863.99999941   -23307.70220837
    9030   18.06000000 -0.38453358E-06 -0.15973363E-06  0.20144264E-07   863.99999941   -23307.70220823
    9040   18.08000000 -0.33232122E-06 -0.19832716E-06  0.38047874E-07   863.99999941   -23307.70220809
    9050   18.10000000 -0.27787679E-06 -0.23554404E-06  0.55971580E-07   863.99999941   -23307.70220795
    9060   18.12000000 -0.22145686E-06 -0.27135039E-06  0.73414085E-07   863.99999941   -23307.70220780
    9070   18.14000000 -0.16334079E-06 -0.30570854E-06  0.89882629E-07   863.99999941   -23307.70220765
    9080   18.16000000 -0.10383942E-06 -0.33857045E-06  0.10490162E-06   863.99999941   -23307.70220751
    9090   18.18000000 -0.43304718E-07 -0.36987277E-06  0.11802165E-06   863.99999941   -23307.70220735
    9100   18.20000000  0.17861517E-07 -0.39953339E-06  0.12882963E-06   863.99999941   -23307.70220720
    9110   18.22000000  0.79200164E-07 -0.42744983E-06  0.13695874E-06   863.99999940   -23307.70220705
    9120   18.24000000  0.14019013E-06 -0.45349934E-06  0.14209878E-06   863.99999940   -23307.70220689
    9130   18.26000000  0.20024574E-06 -0.47754029E-06  0.14400707E-06   863.99999940   -23307.70220674
    9140   18.28000000  0.25871721E-06 -0.49941568E-06  0.14251816E-06   863.99999940   -23307.70220658
    9150   18.30000000  0.31489515E-06 -0.51895759E-06  0.13755407E-06   863.99999940   -23307.70220643
    9160   18.32000000  0.36801916E-06 -0.53599281E-06  0.12913278E-06   863.99999940   -23307.70220627
    9170   18.34000000  0.41729006E-06 -0.55034933E-06  0.11737542E-06   863.99999940   -23307.70220612
    9180   18.36000000  0.46188623E-06 -0.56186434E-06  0.10251193E-06   863.99999940   -23307.70220597
    9190   18.38000000  0.50098431E-06 -0.57039072E-06  0.84884035E-07   863.99999940   -23307.70220582
    9200   18.40000000  0.53378170E-06 -0.57580602E-06  0.64945691E-07   863.99999940   -23307.70220567
    9210   18.42000000  0.55952305E-06 -0.57801942E-06  0.43259345E-07   863.99999940   -23307.70220553
    9220   18.44000000  0.57752687E-06 -0.57697924E-06  0.20490523E-07   863.99999940   -23307.70220539
    9230   18.46000000  0.58721439E-06 -0.57267843E-06 -0.26023765E-08   863.99999940   -23307.70220525
    9240   18.48000000  0.58813588E-06 -0.56515922E-06 -0.25181418E-07   863.99999940   -23307.70220511
    9250   18.50000000  0.57999590E-06 -0.55451484E-06 -0.46344730E-07   863.99999940   -23307.70220497
    9260   18.52000000  0.56267620E-06 -0.54088962E-06 -0.65147151E-07   863.99999939   -23307.70220484
    9270   18.54000000  0.53625291E-06 -0.52447587E-06 -0.80621614E-07   863.99999939   -23307.70220470
    9280   18.56000000  0.50100933E-06 -0.50550832E-06 -0.91803879E-07   863.99999939   -23307.70220457
    9290   18.58000000  0.45744131E-06 -0.48425659E-06 -0.97758668E-07   863.99999939   -23307.70220443
    9300   18.60000000  0.40625605E-06 -0.46101588E-06 -0.97606733E-07   863.99999939   -23307.70220429
    9310   18.62000000  0.34836232E-06 -0.43609657E-06 -0.90551995E-07   863.99999939   -23307.70220415
    9320   18.64000000  0.28485333E-06 -0.40981486E-06 -0.75908304E-07   863.99999939   -23307.70220401
    9330   18.66000000  0.21698121E-06 -0.38248360E-06 -0.53123851E-07   863.99999939   -23307.70220386
    9340   18.68000000  0.14612490E-06 -0.35440472E-06 -0.21803577E-07   863.99999939   -23307.70220372
    9350   18.70000000  0.73751359E-07 -0.32586500E-06  0.18272444E-07   863.99999939   -23307.70220357
    9360   18.72000000  0.13729280E-08 -0.29713193E-06  0.67134690E-07   863.99999939   -23307.70220343
    9370   18.74000000 -0.69498710E-07 -0.26845412E-06  0.12461475E-06   863.99999939   -23307.70220328
    9380   18.76000000 -0.13739887E-06 -0.24006114E-06  0.19034098E-06   863.99999939   -23307.70220313
    9390   18.78000000 -0.20095623E-06 -0.21216544E-06  0.26374000E-06   863.99999939   -23307.70220299
    9400   18.80000000 -0.25893449E-06 -0.18496367E-06  0.34404286E-06   863.99999939   -23307.70220284
    9410   18.82000000 -0.31027125E-06 -0.15863844E-06  0.43029694E-06   863.99999938   -23307.70220269
    9420   18.84000000 -0.35410887E-06 -0.13335805E-06  0.52138147E-06   863.99999938   -23307.70220254
    9430   18.86000000 -0.38981873E-06 -0.10927549E-06  0.61602807E-06   863.99999938   -23307.70220240
    9440   18.88000000 -0.41701651E-06 -0.86525957E-07  0.71284381E-06   863.99999938   -23307.70220225
    9450   18.90000000 -0.43556853E-06 -0.65222803E-07  0.81033882E-06   863.99999938   -23307.70220210
    9460   18.92000000 -0.44558872E-06 -0.45453506E-07  0.90695419E-06   863.99999938   -23307.70220196
    9470   18.94000000 -0.44742572E-06 -0.27274265E-07  0.10010938E-05   863.99999938   -23307.70220181
    9480   18.96000000 -0.44164160E-06 -0.10705580E-07  0.10911569E-05   863.99999938   -23307.70220167
    9490   18.98000000 -0.42898201E-06  0.42715283E-08  0.11755722E-05   863.99999938   -23307.70220152
    9500   19.00000000 -0.41033992E-06  0.17718021E-07  0.12528319E-05   863.99999938   -23307.70220138
    9510   19.02000000 -0.38671362E-06  0.29738041E-07  0.13215273E-05   863.99999938   -23307.70220123
    9520   19.04000000 -0.35916180E-06  0.40476948E-07  0.13803822E-05   863.99999938   -23307.70220109
    9530   19.06000000 -0.32875714E-06  0.50118773E-07  0.14282858E-05   863.99999938   -23307.70220095
    9540   19.08000000 -0.29654169E-06  0.58880859E-07  0.14643226E-05   863.99999938   -23307.70220080
    9550   19.10000000 -0.26348507E-06  0.67005878E-07  0.14877992E-05   863.99999938   -23307.70220066
    9560   19.12000000 -0.23044919E-06  0.74753307E-07  0.14982644E-05   863.99999937   -23307.70220051
    9570   19.14000000 -0.19815965E-06  0.82389330E-07  0.14955252E-05   863.99999937   -23307.70220036
    9580   19.16000000 -0.16718654E-06  0.90175356E-07  0.14796548E-05   863.99999937   -23307.70220022
    9590   19.18000000 -0.13793443E-06  0.98356646E-07  0.14509925E-05   863.99999937   -23307.70220007
    9600   19.20000000 -0.11064263E-06  0.10715063E-06  0.14101360E-05   863.99999937   -23307.70219992
    9610   19.22000000 -0.85393677E-07  0.11673583E-06  0.13579257E-05   863.99999937   -23307.70219977
    9620   19.24000000 -0.62131724E-07  0.12724134E-06  0.12954223E-05   863.99999937   -23307.70219962
    9630   19.26000000 -0.40686148E-07  0.13873749E-06  0.12238773E-05   863.99999937   -23307.70219947
    9640   19.28000000 -0.20801791E-07  0.15122787E-06  0.11446991E-05   863.99999937   -23307.70219932
    9650   19.30000000 -0.21711929E-08  0.16464332E-06  0.10594167E-05   863.99999937   -23307.70219917
    9660   19.32000000  0.15531007E-07  0.17883721E-06  0.96964032E-06   863.99999937   -23307.70219902
    9670   19.34000000  0.32615802E-07  0.19358395E-06  0.87702362E-06   863.99999937   -23307.70219888
    9680   19.36000000  0.49349810E-07  0.20857941E-06  0.78322601E-06   863.99999937   -23307.70219873
    9690   19.38000000  0.65930594E-07  0.22344482E-06  0.68987765E-06   863.99999937   -23307.70219858
    9700   19.40000000  0.82468256E-07  0.23773316E-06  0.59854697E-06   863.99999937   -23307.70219844
    9710   19.42000000  0.98974758E-07  0.25093974E-06  0.51071193E-06   863.99999936   -23307.70219830
    9720   19.44000000  0.11536219E-06  0.26251541E-06  0.42773325E-06   863.99999936   -23307.70219815
    9730   19.46000000  0.13144826E-06  0.27188339E-06  0.35083140E-06   863.99999936   -23307.70219801
    9740   19.48000000  0.14697124E-06  0.27845908E-06  0.28106591E-06   863.99999936   -23307.70219787
    9750   19.50000000  0.16161130E-06  0.28167192E-06  0.21931797E-06   863.99999936   -23307.70219772
    9760   19.52000000  0.17501742E-06  0.28098822E-06  0.16627467E-06   863.99999936   -23307.70219758
    9770   19.54000000  0.18683719E-06  0.27593536E-06  0.12241802E-06   863.99999936   -23307.70219744
    9780   19.56000000  0.19674827E-06  0.26612472E-06  0.88016630E-07   863.99999936   -23307.70219729
    9790   19.58000000  0.20448681E-06  0.25127224E-06  0.63122816E-07   863.99999936   -23307.70219715
    9800   19.60000000  0.20987264E-06  0.23121602E-06  0.47573789E-07   863.99999936   -23307.70219700
    9810   19.62000000  0.21282732E-06  0.20592905E-06  0.40999427E-07   863.99999936   -23307.70219686
    9820   19.64000000  0.21338498E-06  0.17552696E-06  0.42835624E-07   863.99999936   -23307.70219671
    9830   19.66000000  0.21169345E-06  0.14026949E-06  0.52343582E-07   863.99999936   -23307.70219656
    9840   19.68000000  0.20800687E-06  0.10055584E-06  0.68633774E-07   863.99999936   -23307.70219642
    9850   19.70000000  0.20267064E-06  0.56913749E-07  0.90695533E-07   863.99999936   -23307.70219627
    9860   19.72000000  0.19609844E-06  0.99841002E-08  0.11742922E-06   863.99999935   -23307.70219612
    9870   19.74000000  0.18874554E-06 -0.39499860E-07  0.14768037E-06   863.99999935   -23307.70219597
    9880   19.76000000  0.18107956E-06 -0.90735963E-07  0.18027471E-06   863.99999935   -23307.70219583
    9890   19.78000000  0.17355110E-06 -0.14287740E-06  0.21405269E-06   863.99999935   -23307.70219568
    9900   19.80000000  0.16656666E-06 -0.19505809E-06  0.24790108E-06   863.99999935   -23307.70219554
    9910   19.82000000  0.16046633E-06 -0.24641559E-06  0.28078273E-06   863.99999935   -23307.70219539
    9920   19.84000000  0.15550722E-06 -0.29611228E-06  0.31176138E-06   863.99999935   -23307.70219525
    9930   19.86000000  0.15185406E-06 -0.34335124E-06  0.34002339E-06   863.99999935   -23307.70219511
    9940   19.88000000  0.14957572E-06 -0.38739020E-06  0.36489354E-06   863.99999935   -23307.70219498
    9950   19.90000000  0.14865038E-06 -0.42754929E-06  0.38584760E-06   863.99999935   -23307.70219484
    9960   19.92000000  0.14897496E-06 -0.46321623E-06  0.40251975E-06   863.99999935   -23307.70219471
    9970   19.94000000  0.15038037E-06 -0.49384780E-06  0.41470602E-06   863.99999935   -23307.70219457
    9980   19.96000000  0.15265000E-06 -0.51897000E-06  0.42236345E-06   863.99999935   -23307.70219444
    9990   19.98000000  0.15554038E-06 -0.53817627E-06  0.42560680E-06   863.99999935   -23307.70219430
   10000   20.00000000  0.15880117E-06 -0.55112657E-06  0.42470062E-06   863.99999934   -23307.70219417
   10010   20.02000000  0.16219551E-06 -0.55754777E-06  0.42004973E-06   863.99999934   -23307.70219403
   10020   20.04000000  0.16551791E-06 -0.55723595E-06  0.41218564E-06   863.99999934   -23307.70219389
   10030   20.06000000  0.16860821E-06 -0.55006033E-06  0.40175192E-06   863.99999934   -23307.70219375
   10040   20.08000000  0.17136248E-06 -0.53596962E-06  0.38948510E-06   863.99999934   -23307.70219361
   10050   20.10000000  0.17374010E-06 -0.51499996E-06  0.37619527E-06   863.99999934   -23307.70219346
   10060   20.12000000  0.17576466E-06 -0.48728337E-06  0.36274301E-06   863.99999934   -23307.70219332
   10070   20.14000000  0.17752215E-06 -0.45305576E-06  0.35001601E-06   863.99999934   -23307.70219317
   10080   20.16000000  0.17915385E-06 -0.41266298E-06  0.33890338E-06   863.99999934   -23307.70219302
   10090   20.18000000  0.18084596E-06 -0.36656501E-06  0.33027003E-06   863.99999934   -23307.70219287
   10100   20.20000000  0.18281530E-06 -0.31533501E-06  0.32493121E-06   863.99999934   -23307.70219272
   10110   20.22000000  0.18529338E-06 -0.25965556E-06  0.32362817E-06   863.99999934   -23307.70219257
   10120   20.24000000  0.18850916E-06 -0.20031002E-06  0.32700538E-06   863.99999934   -23307.70219242
   10130   20.26000000  0.19267113E-06 -0.13816997E-06  0.33559124E-06   863.99999934   -23307.70219228
   10140   20.28000000  0.19795137E-06 -0.74178827E-07  0.34978166E-06   863.99999934   -23307.70219213
   10150   20.30000000  0.20447105E-06 -0.93333560E-08  0.36982791E-06   863.99999933   -23307.70219199
   10160   20.32000000  0.21229004E-06  0.55336608E-07  0.39582848E-06   863.99999933   -23307.70219185
   10170   20.34000000  0.22140000E-06  0.11878913E-06  0.42772566E-06   863.99999933   -23307.70219171
   10180   20.36000000  0.23172255E-06  0.17998964E-06  0.46530589E-06   863.99999933   -23307.70219157
   10190   20.38000000  0.24311162E-06  0.23793072E-06  0.50820498E-06   863.99999933   -23307.70219143
   10200   20.40000000  0.25536009E-06  0.29164844E-06  0.55591625E-06   863.99999933   -23307.70219130
   10210   20.42000000  0.26821033E-06  0.34023761E-06  0.60780267E-06   863.99999933   -23307.70219117
   10220   20.44000000  0.28136666E-06  0.38286479E-06  0.66311246E-06   863.99999933   -23307.70219103
   10230   20.46000000  0.29451021E-06  0.41877940E-06  0.72099669E-06   863.99999933   -23307.70219090
   10240   20.48000000  0.30731343E-06  0.44732265E-06  0.78053041E-06   863.99999933   -23307.70219077
   10250   20.50000000  0.31945428E-06  0.46793646E-06  0.84073468E-06   863.99999933   -23307.70219063
   10260   20.52000000  0.33062887E-06  0.48017098E-06  0.90060100E-06   863.99999933   -23307.70219049
   10270   20.54000000  0.34056168E-06  0.48369125E-06  0.95911555E-06   863.99999933   -23307.70219036
   10280   20.56000000  0.34901349E-06  0.47828450E-06  0.10152834E-05   863.99999933   -23307.70219022
   10290   20.58000000  0.35578614E-06  0.46386573E-06  0.10681515E-05   863.99999933   -23307.70219008
   10300   20.60000000  0.36072516E-06  0.44048331E-06  0.11168300E-05   863.99999932   -23307.70218993
   10310   20.62000000  0.36371930E-06  0.40832364E-06  0.11605098E-05   863.99999932   -23307.70218979
   10320   20.64000000  0.36469873E-06  0.36771429E-06  0.11984772E-05   863.99999932   -23307.70218964
   10330   20.66000000  0.36363091E-06  0.31912494E-06  0.12301238E-05   863.99999932   -23307.70218950
   10340   20.68000000  0.36051562E-06  0.26316721E-06  0.12549531E-05   863.99999932   -23307.70218935
   10350   20.70000000  0.35537985E-06  0.20059110E-06  0.12725829E-05   863.99999932   -23307.70218921
   10360   20.72000000  0.34827253E-06  0.13227926E-06  0.12827445E-05   863.99999932   -23307.70218906
   10370   20.74000000  0.33925867E-06  0.59238373E-07  0.12852792E-05   863.99999932   -23307.70218891
   10380   20.76000000  0.32841619E-06 -0.17413305E-07  0.12801338E-05   863.99999932   -23307.70218877
   10390   20.78000000  0.31583276E-06 -0.96460255E-07  0.12673542E-05   863.99999932   -23307.70218862
   10400   20.80000000  0.30160415E-06 -0.17660865E-06  0.12470807E-05   863.99999932   -23307.70218848
   10410   20.82000000  0.28583454E-06 -0.25650751E-06  0.12195421E-05   863.99999932   -23307.70218833
   10420   20.84000000  0.26863811E-06 -0.33477418E-06  0.11850516E-05   863.99999932   -23307.70218818
   10430   20.86000000  0.25014179E-06 -0.41002139E-06  0.11440035E-05   863.99999932   -23307.70218804
   10440   20.88000000  0.23048875E-06 -0.48088849E-06  0.10968700E-05   863.99999932   -23307.70218789
   10450   20.90000000  0.20984275E-06 -0.54607332E-06  0.10441985E-05   863.99999931   -23307.70218775
   10460   20.92000000  0.18839100E-06 -0.60436561E-06  0.98660695E-06   863.99999931   -23307.70218761
   10470   20.94000000  0.16634710E-06 -0.65468046E-06  0.92477958E-06   863.99999931   -23307.70218746
   10480   20.96000000  0.14395153E-06 -0.69608903E-06  0.85945902E-06   863.99999931   -23307.70218732
   10490   20.98000000  0.12147077E-06 -0.72784717E-06  0.79143637E-06   863.99999931   -23307.70218718
   10500   21.00000000  0.99192998E-07 -0.74941852E-06  0.72153889E-06   863.99999931   -23307.70218704
   10510   21.02000000  0.77421964E-07 -0.76049143E-06  0.65061490E-06   863.99999931   -23307.70218690
   10520   21.04000000  0.56468347E-07 -0.76098737E-06  0.57951697E-06   863.99999931   -23307.70218676
   10530   21.06000000  0.36639097E-07 -0.75106211E-06  0.50908331E-06   863.99999931   -23307.70218662
   10540   21.08000000  0.18225489E-07 -0.73109696E-06  0.44011978E-06   863.99999931   -23307.70218648
   10550   21.10000000  0.14916069E-08 -0.70168189E-06  0.37338202E-06   863.99999931   -23307.70218633
   10560   21.12000000 -0.13337870E-07 -0.66359093E-06  0.30956016E-06   863.99999931   -23307.70218619
   10570   21.14000000 -0.26086819E-07 -0.61775160E-06  0.24926576E-06   863.99999931   -23307.70218605
   10580   21.16000000 -0.36635221E-07 -0.56520910E-06  0.19302336E-06   863.99999931   -23307.70218591
   10590   21.18000000 -0.44922321E-07 -0.50708966E-06  0.14126469E-06   863.99999931   -23307.70218576
   10600   21.20000000 -0.50946914E-07 -0.44456210E-06  0.94327939E-07   863.99999930   -23307.70218562
   10610   21.22000000 -0.54762564E-07 -0.37880242E-06  0.52460879E-07   863.99999930   -23307.70218547
   10620   21.24000000 -0.56468843E-07 -0.31096118E-06  0.15825597E-07   863.99999930   -23307.70218532
   10630   21.26000000 -0.56199369E-07 -0.24213546E-06 -0.15492891E-07   863.99999930   -23307.70218517
   10640   21.28000000 -0.54106990E-07 -0.17334654E-06 -0.41477261E-07   863.99999930   -23307.70218502
   10650   21.30000000 -0.50346160E-07 -0.10552376E-06 -0.62168747E-07   863.99999930   -23307.70218487
   10660   21.32000000 -0.45056045E-07 -0.39492974E-07 -0.77657362E-07   863.99999930   -23307.70218471
   10670   21.34000000 -0.38343133E-07  0.24029144E-07 -0.88074198E-07   863.99999930   -23307.70218456
   10680   21.36000000 -0.30267043E-07  0.84435821E-07 -0.93584043E-07   863.99999930   -23307.70218440
   10690   21.38000000 -0.20828324E-07  0.14122759E-06 -0.94381362E-07   863.99999930   -23307.70218425
   10700   21.40000000 -0.99609642E-08  0.19400669E-06 -0.90686626E-07   863.99999930   -23307.70218409
   10710   21.42000000  0.24697302E-08  0.24246833E-06 -0.82744559E-07   863.99999930   -23307.70218394
   10720   21.44000000  0.16664603E-07  0.28639008E-06 -0.70823359E-07   863.99999930   -23307.70218379
   10730   21.46000000  0.32882572E-07  0.32562141E-06 -0.55214530E-07   863.99999930   -23307.70218365
   10740   21.48000000  0.51426413E-07  0.36007054E-06 -0.36232912E-07   863.99999930   -23307.70218350
   10750   21.50000000  0.72624034E-07  0.38969298E-06 -0.14216228E-07   863.99999929   -23307.70218336
   10760   21.52000000  0.96805794E-07  0.41447873E-06  0.10476059E-07   863.99999929   -23307.70218321
   10770   21.54000000  0.12427864E-06  0.43444192E-06  0.37464764E-07   863.99999929   -23307.70218307
   10780   21.56000000  0.15529772E-06  0.44961050E-06  0.66353638E-07   863.99999929   -23307.70218293
   10790   21.58000000  0.19003881E-06  0.46001916E-06  0.96733557E-07   863.99999929   -23307.70218280
   10800   21.60000000  0.22857079E-06  0.46570372E-06  0.12818700E-06   863.99999929   -23307.70218266
   10810   21.62000000  0.27083223E-06  0.46669884E-06  0.16029398E-06   863.99999929   -23307.70218252
   10820   21.64000000  0.31661139E-06  0.46303728E-06  0.19263823E-06   863.99999929   -23307.70218238
   10830   21.66000000  0.36553335E-06  0.45475344E-06  0.22481411E-06   863.99999929   -23307.70218224
   10840   21.68000000  0.41705387E-06  0.44188801E-06  0.25643352E-06   863.99999929   -23307.70218210
   10850   21.70000000  0.47046107E-06  0.42449436E-06  0.28713315E-06   863.99999929   -23307.70218196
   10860   21.72000000  0.52488575E-06  0.40264674E-06  0.31658151E-06   863.99999929   -23307.70218182
   10870   21.74000000  0.57932004E-06  0.37644863E-06  0.34448587E-06   863.99999929   -23307.70218168
   10880   21.76000000  0.63264304E-06  0.34604103E-06  0.37059862E-06   863.99999929   -23307.70218154
   10890   21.78000000  0.68365352E-06  0.31161009E-06  0.39472239E-06   863.99999929   -23307.70218140
   10900   21.80000000  0.73110747E-06  0.27339376E-06  0.41671463E-06   863.99999928   -23307.70218126
   10910   21.82000000  0.77375875E-06  0.23168746E-06  0.43649089E-06   863.99999928   -23307.70218112
   10920   21.84000000  0.81040131E-06  0.18684762E-06  0.45402594E-06   863.99999928   -23307.70218098
   10930   21.86000000  0.83991166E-06  0.13929359E-06  0.46935456E-06   863.99999928   -23307.70218084
   10940   21.88000000  0.86128837E-06  0.89508310E-07  0.48256862E-06   863.99999928   -23307.70218070
   10950   21.90000000  0.87368924E-06  0.38035980E-07  0.49381495E-06   863.99999928   -23307.70218055
   10960   21.92000000  0.87646215E-06 -0.14521504E-07  0.50328853E-06   863.99999928   -23307.70218041
   10970   21.94000000  0.86917075E-06 -0.67510726E-07  0.51122699E-06   863.99999928   -23307.70218027
   10980   21.96000000  0.85161298E-06 -0.12023558E-06  0.51790171E-06   863.99999928   -23307.70218012
   10990   21.98000000  0.82383179E-06 -0.17196882E-06  0.52360936E-06   863.99999928   -23307.70217998
   11000   22.00000000  0.78611773E-06 -0.22196569E-06  0.52866169E-06   863.99999928   -23307.70217983
   11010   22.02000000  0.73900334E-06 -0.26948048E-06  0.53337588E-06   863.99999928   -23307.70217968
   11020   22.04000000  0.68325013E-06 -0.31378509E-06  0.53806506E-06   863.99999928   -23307.70217953
   11030   22.06000000  0.61982668E-06 -0.35418900E-06  0.54302913E-06   863.99999928   -23307.70217939
   11040   22.08000000  0.54988135E-06 -0.39005966E-06  0.54854598E-06   863.99999928   -23307.70217924
   11050   22.10000000  0.47470762E-06 -0.42084292E-06  0.55486476E-06   863.99999927   -23307.70217909
   11060   22.12000000  0.39570612E-06 -0.44608114E-06  0.56219934E-06   863.99999927   -23307.70217895
   11070   22.14000000  0.31434268E-06 -0.46542908E-06  0.57072267E-06   863.99999927   -23307.70217881
   11080   22.16000000  0.23210615E-06 -0.47866529E-06  0.58056251E-06   863.99999927   -23307.70217866
   11090   22.18000000  0.15046537E-06 -0.48569976E-06  0.59179761E-06   863.99999927   -23307.70217852
   11100   22.20000000  0.70829638E-07 -0.48657500E-06  0.60445406E-06   863.99999927   -23307.70217838
   11110   22.22000000 -0.54877676E-08 -0.48146280E-06  0.61850226E-06   863.99999927   -23307.70217824
   11120   22.24000000 -0.77300000E-07 -0.47065564E-06  0.63385412E-06   863.99999927   -23307.70217810
   11130   22.26000000 -0.14357141E-06 -0.45455276E-06  0.65036122E-06   863.99999927   -23307.70217796
   11140   22.28000000 -0.20343416E-06 -0.43364221E-06  0.66781236E-06   863.99999927   -23307.70217782
   11150   22.30000000 -0.25619842E-06 -0.40848090E-06  0.68593355E-06   863.99999927   -23307.70217767
   11160   22.32000000 -0.30135426E-06 -0.37967216E-06  0.70438866E-06   863.99999927   -23307.70217753
   11170   22.34000000 -0.33856721E-06 -0.34784236E-06  0.72278210E-06   863.99999927   -23307.70217739
   11180   22.36000000 -0.36766733E-06 -0.31361876E-06  0.74066296E-06   863.99999927   -23307.70217725
   11190   22.38000000 -0.38863395E-06 -0.27760880E-06  0.75753311E-06   863.99999927   -23307.70217710
   11200   22.40000000 -0.40157724E-06 -0.24038185E-06  0.77285696E-06   863.99999926   -23307.70217696
   11210   22.42000000 -0.40671732E-06 -0.20245443E-06  0.78607358E-06   863.99999926   -23307.70217681
   11220   22.44000000 -0.40436435E-06 -0.16428057E-06  0.79661221E-06   863.99999926   -23307.70217667
   11230   22.46000000 -0.39489930E-06 -0.12624618E-06  0.80390909E-06   863.99999926   -23307.70217652
   11240   22.48000000 -0.37875721E-06 -0.88668131E-07  0.80742596E-06   863.99999926   -23307.70217638
   11250   22.50000000 -0.35641414E-06 -0.51798276E-07  0.80666916E-06   863.99999926   -23307.70217624
   11260   22.52000000 -0.32837790E-06 -0.15833033E-07  0.80120898E-06   863.99999926   -23307.70217610
   11270   22.54000000 -0.29518211E-06  0.19075704E-07  0.79069777E-06   863.99999926   -23307.70217595
   11280   22.56000000 -0.25738425E-06  0.52804574E-07  0.77488696E-06   863.99999926   -23307.70217581
   11290   22.58000000 -0.21556457E-06  0.85243016E-07  0.75364106E-06   863.99999926   -23307.70217567
   11300   22.60000000 -0.17032749E-06  0.11627645E-06  0.72694937E-06   863.99999926   -23307.70217553
   11310   22.62000000 -0.12230224E-06  0.14577138E-06  0.69493409E-06   863.99999926   -23307.70217538
   11320   22.64000000 -0.72142390E-07  0.17356172E-06  0.65785402E-06   863.99999926   -23307.70217524
   11330   22.66000000 -0.20523356E-07  0.19943998E-06  0.61610466E-06   863.99999926   -23307.70217510
   11340   22.68000000  0.31863759E-07  0.22315190E-06  0.57021331E-06   863.99999926   -23307.70217495
   11350   22.70000000  0.84320871E-07  0.24439584E-06  0.52082997E-06   863.99999925   -23307.70217480
   11360   22.72000000  0.13615550E-06  0.26282679E-06  0.46871380E-06   863.99999925   -23307.70217466
   11370   22.74000000  0.18669553E-06  0.27806574E-06  0.41471583E-06   863.99999925   -23307.70217451
   11380   22.76000000  0.23530661E-06  0.28971158E-06  0.35975747E-06   863.99999925   -23307.70217436
   11390   22.78000000  0.28140945E-06  0.29735654E-06  0.30480715E-06   863.99999925   -23307.70217421
   11400   22.80000000  0.32449703E-06  0.30060366E-06  0.25085476E-06   863.99999925   -23307.70217406
   11410   22.82000000  0.36414981E-06  0.29908514E-06  0.19888473E-06   863.99999925   -23307.70217391
   11420   22.84000000  0.40004764E-06  0.29247991E-06  0.14985068E-06   863.99999925   -23307.70217376
   11430   22.86000000  0.43197673E-06  0.28053092E-06  0.10465056E-06   863.99999925   -23307.70217362
   11440   22.88000000  0.45983156E-06  0.26305987E-06  0.64104411E-07   863.99999925   -23307.70217347
   11450   22.90000000  0.48361131E-06  0.23997985E-06  0.28935271E-07   863.99999925   -23307.70217333
   11460   22.92000000  0.50341009E-06  0.21130484E-06 -0.24559873E-09   863.99999925   -23307.70217319
   11470   22.94000000  0.51940203E-06  0.17715714E-06 -0.22950235E-07   863.99999925   -23307.70217305
   11480   22.96000000  0.53182251E-06  0.13777079E-06 -0.38821495E-07   863.99999925   -23307.70217291
   11490   22.98000000  0.54094612E-06  0.93493646E-07 -0.47635952E-07   863.99999925   -23307.70217277
   11500   23.00000000  0.54706430E-06  0.44785250E-07 -0.49304945E-07   863.99999924   -23307.70217263
   11510   23.02000000  0.55046265E-06 -0.77861230E-08 -0.43872183E-07   863.99999924   -23307.70217249
   11520   23.04000000  0.55140155E-06 -0.63549760E-07 -0.31508779E-07   863.99999924   -23307.70217235
   11530   23.06000000  0.55010025E-06 -0.12174119E-06 -0.12507665E-07   863.99999924   -23307.70217221
   11540   23.08000000  0.54672496E-06 -0.18151240E-06  0.12724123E-07   863.99999924   -23307.70217207
   11550   23.10000000  0.54138413E-06 -0.24194533E-06  0.43674488E-07   863.99999924   -23307.70217193
   11560   23.12000000  0.53412683E-06 -0.30206717E-06  0.79736537E-07   863.99999924   -23307.70217178
   11570   23.14000000  0.52494807E-06 -0.36086853E-06  0.12021980E-06   863.99999924   -23307.70217163
   11580   23.16000000  0.51379755E-06 -0.41732400E-06  0.16436417E-06   863.99999924   -23307.70217148
   11590   23.18000000  0.50059114E-06 -0.47041436E-06  0.21135476E-06   863.99999924   -23307.70217133
   11600   23.20000000  0.48522520E-06 -0.51915083E-06  0.26033933E-06   863.99999924   -23307.70217118
   11610   23.22000000  0.46759073E-06 -0.56260013E-06  0.31044654E-06   863.99999924   -23307.70217102
   11620   23.24000000  0.44758809E-06 -0.59991017E-06  0.36080676E-06   863.99999924   -23307.70217087
   11630   23.26000000  0.42513867E-06 -0.63033415E-06  0.41057231E-06   863.99999924   -23307.70217071
   11640   23.28000000  0.40019569E-06 -0.65325346E-06  0.45893893E-06   863.99999924   -23307.70217056
   11650   23.30000000  0.37275171E-06 -0.66819800E-06  0.50516563E-06   863.99999923   -23307.70217041
   11660   23.32000000  0.34284260E-06 -0.67486271E-06  0.54859304E-06   863.99999923   -23307.70217025
   11670   23.34000000  0.31054995E-06 -0.67311880E-06  0.58865975E-06   863.99999923   -23307.70217010
   11680   23.36000000  0.27599987E-06 -0.66302089E-06  0.62491427E-06   863.99999923   -23307.70216995
   11690   23.38000000  0.23936061E-06 -0.64480776E-06  0.65702377E-06   863.99999923   -23307.70216980
   11700   23.40000000  0.20083915E-06 -0.61889697E-06  0.68477868E-06   863.99999923   -23307.70216965
   11710   23.42000000  0.16067741E-06 -0.58587385E-06  0.70809288E-06   863.99999923   -23307.70216951
   11720   23.44000000  0.11914900E-06 -0.54647391E-06  0.72699931E-06   863.99999923   -23307.70216936
   11730   23.46000000  0.76557380E-07 -0.50156124E-06  0.74164235E-06   863.99999923   -23307.70216922
   11740   23.48000000  0.33235363E-07 -0.45210052E-06  0.75226671E-06   863.99999923   -23307.70216908
   11750   23.50000000 -0.10453609E-07 -0.39912699E-06  0.75920447E-06   863.99999923   -23307.70216894
   11760   23.52000000 -0.54112662E-07 -0.34371343E-06  0.76285950E-06   863.99999923   -23307.70216880
   11770   23.54000000 -0.97308738E-07 -0.28693652E-06  0.76369211E-06   863.99999923   -23307.70216866
   11780   23.56000000 -0.13956898E-06 -0.22984436E-06  0.76220350E-06   863.99999923   -23307.70216852
   11790   23.58000000 -0.18037927E-06 -0.17342618E-06  0.75892071E-06   863.99999923   -23307.70216838
   11800   23.60000000 -0.21918466E-06 -0.11858580E-06  0.75438200E-06   863.99999922   -23307.70216825
   11810   23.62000000 -0.25539259E-06 -0.66121224E-07  0.74912463E-06   863.99999922   -23307.70216811
   11820   23.64000000 -0.28838133E-06 -0.16709156E-07  0.74367272E-06   863.99999922   -23307.70216797
   11830   23.66000000 -0.31751191E-06  0.29102584E-07  0.73852649E-06   863.99999922   -23307.70216783
   11840   23.68000000 -0.34214498E-06  0.70896865E-07  0.73415209E-06   863.99999922   -23307.70216769
   11850   23.70000000 -0.36166159E-06  0.10838201E-06  0.73097198E-06   863.99999922   -23307.70216755
   11860   23.72000000 -0.37548706E-06  0.14138173E-06  0.72935533E-06   863.99999922   -23307.70216740
   11870   23.74000000 -0.38311748E-06  0.16982035E-06  0.72960784E-06   863.99999922   -23307.70216726
   11880   23.76000000 -0.38414587E-06  0.19370529E-06  0.73196355E-06   863.99999922   -23307.70216711
   11890   23.78000000 -0.37828800E-06  0.21310774E-06  0.73657479E-06   863.99999922   -23307.70216696
   11900   23.80000000 -0.36540552E-06  0.22814389E-06  0.74350468E-06   863.99999922   -23307.70216681
   11910   23.82000000 -0.34552433E-06  0.23895650E-06  0.75272055E-06   863.99999922   -23307.70216666
   11920   23.84000000 -0.31884863E-06  0.24569952E-06  0.76408898E-06   863.99999922   -23307.70216651
   11930   23.86000000 -0.28576781E-06  0.24852586E-06  0.77737410E-06   863.99999922   -23307.70216636
   11940   23.88000000 -0.24685614E-06  0.24757779E-06  0.79223896E-06   863.99999922   -23307.70216621
   11950   23.90000000 -0.20286608E-06  0.24298138E-06  0.80824986E-06   863.99999921   -23307.70216606
   11960   23.92000000 -0.15471338E-06  0.23484574E-06  0.82488439E-06   863.99999921   -23307.70216591
   11970   23.94000000 -0.10345590E-06  0.22326367E-06  0.84154397E-06   863.99999921   -23307.70216576
   11980   23.96000000 -0.50266111E-07  0.20831681E-06  0.85756866E-06   863.99999921   -23307.70216562
   11990   23.98000000  0.36010951E-08  0.19008219E-06  0.87225598E-06   863.99999921   -23307.70216547
   12000   24.00000000  0.56845021E-07  0.16864137E-06  0.88488150E-06   863.99999921   -23307.70216532
   12010   24.02000000  0.10815859E-06  0.14409017E-06  0.89472173E-06   863.99999921   -23307.70216518
   12020   24.04000000  0.15626842E-06  0.11654918E-06  0.90107677E-06   863.99999921   -23307.70216503
   12030   24.06000000  0.19997554E-06  0.86173448E-07  0.90329459E-06   863.99999921   -23307.70216489
   12040   24.08000000  0.23819462E-06  0.53162204E-07  0.90079314E-06   863.99999921   -23307.70216474
   12050   24.10000000  0.26999037E-06  0.17765361E-07  0.89308078E-06   863.99999921   -23307.70216459
   12060   24.12000000  0.29460934E-06 -0.19711063E-07  0.87977417E-06   863.99999921   -23307.70216444
   12070   24.14000000  0.31150746E-06 -0.58903526E-07  0.86061292E-06   863.99999921   -23307.70216430
   12080   24.16000000  0.32036945E-06 -0.99392324E-07  0.83546960E-06   863.99999921   -23307.70216415
   12090   24.18000000  0.32112264E-06 -0.14070751E-06  0.80435623E-06   863.99999921   -23307.70216400
   12100   24.20000000  0.31394058E-06 -0.18233781E-06  0.76742521E-06   863.99999920   -23307.70216386
   12110   24.22000000  0.29923940E-06 -0.22374388E-06  0.72496651E-06   863.99999920   -23307.70216371
   12120   24.24000000  0.27766473E-06 -0.26437363E-06  0.67740028E-06   863.99999920   -23307.70216357
   12130   24.26000000  0.25007062E-06 -0.30368099E-06  0.62526516E-06   863.99999920   -23307.70216343
   12140   24.28000000  0.21749057E-06 -0.34114453E-06  0.56920409E-06   863.99999920   -23307.70216328
   12150   24.30000000  0.18110140E-06 -0.37628752E-06  0.50994682E-06   863.99999920   -23307.70216314
   12160   24.32000000  0.14218379E-06 -0.40869552E-06  0.44829120E-06   863.99999920   -23307.70216300
   12170   24.34000000  0.10207662E-06 -0.43803271E-06  0.38508302E-06   863.99999920   -23307.70216285
   12180   24.36000000  0.62132348E-07 -0.46405381E-06  0.32119592E-06   863.99999920   -23307.70216271
   12190   24.38000000  0.23669667E-07 -0.48661280E-06  0.25751235E-06   863.99999920   -23307.70216257
   12200   24.40000000 -0.12069544E-07 -0.50566570E-06  0.19490440E-06   863.99999920   -23307.70216242
   12210   24.42000000 -0.43962279E-07 -0.52126875E-06  0.13421741E-06   863.99999920   -23307.70216228
   12220   24.44000000 -0.71039389E-07 -0.53357203E-06  0.76255169E-07   863.99999920   -23307.70216213
   12230   24.46000000 -0.92516047E-07 -0.54280788E-06  0.21766925E-07   863.99999920   -23307.70216199
   12240   24.48000000 -0.10781364E-06 -0.54927549E-06 -0.28562712E-07   863.99999920   -23307.70216184
   12250   24.50000000 -0.11657497E-06 -0.55332312E-06 -0.74122754E-07   863.99999919   -23307.70216169
   12260   24.52000000 -0.11867034E-06 -0.55532756E-06 -0.11438206E-06   863.99999919   -23307.70216155
   12270   24.54000000 -0.11419447E-06 -0.55567325E-06 -0.14889416E-06   863.99999919   -23307.70216141
   12280   24.56000000 -0.10345619E-06 -0.55473138E-06 -0.17730141E-06   863.99999919   -23307.70216126
   12290   24.58000000 -0.86959090E-07 -0.55284053E-06 -0.19933734E-06   863.99999919   -23307.70216112
   12300   24.60000000 -0.65375694E-07 -0.55028955E-06 -0.21482946E-06   863.99999919   -23307.70216098
   12310   24.62000000 -0.39515744E-07 -0.54730379E-06 -0.22370080E-06   863.99999919   -23307.70216084
   12320   24.64000000 -0.10289475E-07 -0.54403481E-06 -0.22597283E-06   863.99999919   -23307.70216070
   12330   24.66000000  0.21330821E-07 -0.54055540E-06 -0.22176710E-06   863.99999919   -23307.70216056
   12340   24.68000000  0.54351181E-07 -0.53685810E-06 -0.21130754E-06   863.99999919   -23307.70216042
   12350   24.70000000  0.87795109E-07 -0.53285856E-06 -0.19492242E-06   863.99999919   -23307.70216028
   12360   24.72000000  0.12074010E-06 -0.52840241E-06 -0.17304557E-06   863.99999919   -23307.70216014
   12370   24.74000000  0.15234975E-06 -0.52327604E-06 -0.14621498E-06   863.99999919   -23307.70216000
   12380   24.76000000  0.18190031E-06 -0.51721871E-06 -0.11507056E-06   863.99999919   -23307.70215986
   12390   24.78000000  0.20880158E-06 -0.50993656E-06 -0.80347910E-07   863.99999919   -23307.70215972
   12400   24.80000000  0.23260928E-06 -0.50111694E-06 -0.42867956E-07   863.99999918   -23307.70215958
   12410   24.82000000  0.25303111E-06 -0.49044204E-06 -0.35231145E-08   863.99999918   -23307.70215943
   12420   24.84000000  0.26992495E-06 -0.47760201E-06  0.36741037E-07   863.99999918   -23307.70215929
   12430   24.86000000  0.28329061E-06 -0.46230676E-06  0.76948722E-07   863.99999918   -23307.70215914
   12440   24.88000000  0.29325539E-06 -0.44429559E-06  0.11611981E-06   863.99999918   -23307.70215899
   12450   24.90000000  0.30005502E-06 -0.42334628E-06  0.15329762E-06   863.99999918   -23307.70215885
   12460   24.92000000  0.30401071E-06 -0.39928347E-06  0.18757863E-06   863.99999918   -23307.70215870
   12470   24.94000000  0.30550397E-06 -0.37198595E-06  0.21814071E-06   863.99999918   -23307.70215856
   12480   24.96000000  0.30495026E-06 -0.34139373E-06  0.24426989E-06   863.99999918   -23307.70215842
   12490   24.98000000  0.30277342E-06 -0.30751549E-06  0.26538395E-06   863.99999918   -23307.70215827
   12500   25.00000000  0.29938139E-06 -0.27043536E-06  0.28105136E-06   863.99999918   -23307.70215813
   12510   25.02000000  0.29514429E-06 -0.23032021E-06  0.29100597E-06   863.99999918   -23307.70215799
   12520   25.04000000  0.29037617E-06 -0.18742497E-06  0.29515523E-06   863.99999918   -23307.70215785
   12530   25.06000000  0.28532083E-06 -0.14209750E-06  0.29358443E-06   863.99999918   -23307.70215771
   12540   25.08000000  0.28014142E-06 -0.94781460E-07  0.28655484E-06   863.99999917   -23307.70215757
   12550   25.10000000  0.27491463E-06 -0.46015933E-07  0.27449719E-06   863.99999917   -23307.70215743
   12560   25.12000000  0.26962971E-06  0.35679801E-08  0.25800133E-06   863.99999917   -23307.70215729
   12570   25.14000000  0.26419088E-06  0.53253206E-07  0.23780064E-06   863.99999917   -23307.70215714
   12580   25.16000000  0.25842339E-06  0.10224734E-06  0.21475464E-06   863.99999917   -23307.70215700
   12590   25.18000000  0.25208408E-06  0.14969691E-06  0.18982700E-06   863.99999917   -23307.70215685
   12600   25.20000000  0.24487345E-06  0.19470403E-06  0.16406168E-06   863.99999917   -23307.70215671
   12610   25.22000000  0.23645034E-06  0.23634647E-06  0.13855642E-06   863.99999917   -23307.70215656
   12620   25.24000000  0.22644914E-06  0.27370101E-06  0.11443522E-06   863.99999917   -23307.70215641
   12630   25.26000000  0.21449799E-06  0.30586666E-06  0.92818301E-07   863.99999917   -23307.70215627
   12640   25.28000000  0.20023654E-06  0.33198965E-06  0.74793191E-07   863.99999917   -23307.70215612
   12650   25.30000000  0.18333583E-06  0.35128961E-06  0.61385850E-07   863.99999917   -23307.70215597
   12660   25.32000000  0.16351629E-06  0.36308362E-06  0.53532168E-07   863.99999917   -23307.70215583
   12670   25.34000000  0.14056537E-06  0.36680881E-06  0.52053031E-07   863.99999917   -23307.70215568
   12680   25.36000000  0.11435304E-06  0.36204376E-06  0.57631014E-07   863.99999917   -23307.70215554
   12690   25.38000000  0.84846698E-07  0.34852577E-06  0.70791505E-07   863.99999916   -23307.70215539
   12700   25.40000000  0.52121612E-07  0.32616437E-06  0.91887058E-07   863.99999916   -23307.70215525
   12710   25.42000000  0.16368853E-07  0.29505115E-06  0.12108605E-06   863.99999916   -23307.70215511
   12720   25.44000000 -0.22099752E-07  0.25546379E-06  0.15836607E-06   863.99999916   -23307.70215496
   12730   25.46000000 -0.62852026E-07  0.20786634E-06  0.20351002E-06   863.99999916   -23307.70215482
   12740   25.48000000 -0.10533980E-06  0.15290341E-06  0.25610777E-06   863.99999916   -23307.70215468
   12750   25.50000000 -0.14890854E-06  0.91390774E-07  0.31556067E-06   863.99999916   -23307.70215453
   12760   25.52000000 -0.19281153E-06  0.24300233E-07  0.38108971E-06   863.99999916   -23307.70215439
   12770   25.54000000 -0.23622998E-06 -0.47257522E-07  0.45174693E-06   863.99999916   -23307.70215424
   12780   25.56000000 -0.27829625E-06 -0.12205561E-06  0.52643096E-06   863.99999916   -23307.70215410
   12790   25.58000000 -0.31812187E-06 -0.19877496E-06  0.60390476E-06   863.99999916   -23307.70215396
   12800   25.60000000 -0.35482747E-06 -0.27603124E-06  0.68281760E-06   863.99999916   -23307.70215381
   12810   25.62000000 -0.38757462E-06 -0.35240393E-06  0.76173008E-06   863.99999916   -23307.70215367
   12820   25.64000000 -0.41559642E-06 -0.42646625E-06  0.83914150E-06   863.99999916   -23307.70215352
   12830   25.66000000 -0.43822674E-06 -0.49681595E-06  0.91352092E-06   863.99999916   -23307.70215338
   12840   25.68000000 -0.45492579E-06 -0.56210669E-06  0.98334004E-06   863.99999915   -23307.70215323
   12850   25.70000000 -0.46530023E-06 -0.62107935E-06  0.10471077E-05   863.99999915   -23307.70215309
   12860   25.72000000 -0.46911762E-06 -0.67259186E-06  0.11034041E-05   863.99999915   -23307.70215294
   12870   25.74000000 -0.46631355E-06 -0.71564718E-06  0.11509165E-05   863.99999915   -23307.70215279
   12880   25.76000000 -0.45699264E-06 -0.74941929E-06  0.11884711E-05   863.99999915   -23307.70215264
   12890   25.78000000 -0.44142169E-06 -0.77327552E-06  0.12150643E-05   863.99999915   -23307.70215250
   12900   25.80000000 -0.42001751E-06 -0.78679362E-06  0.12298897E-05   863.99999915   -23307.70215235
   12910   25.82000000 -0.39332953E-06 -0.78977483E-06  0.12323600E-05   863.99999915   -23307.70215220
   12920   25.84000000 -0.36201858E-06 -0.78224994E-06  0.12221257E-05   863.99999915   -23307.70215205
   12930   25.86000000 -0.32683351E-06 -0.76447961E-06  0.11990867E-05   863.99999915   -23307.70215191
   12940   25.88000000 -0.28858624E-06 -0.73694746E-06  0.11633999E-05   863.99999915   -23307.70215176
   12950   25.90000000 -0.24812730E-06 -0.70034675E-06  0.11154804E-05   863.99999915   -23307.70215161
   12960   25.92000000 -0.20632226E-06 -0.65556115E-06  0.10559976E-05   863.99999915   -23307.70215147
   12970   25.94000000 -0.16402951E-06 -0.60363971E-06  0.98586613E-06   863.99999915   -23307.70215133
   12980   25.96000000 -0.12208118E-06 -0.54576730E-06  0.90623121E-06   863.99999915   -23307.70215118
   12990   25.98000000 -0.81265063E-07 -0.48323224E-06  0.81844926E-06   863.99999914   -23307.70215104
   13000   26.00000000 -0.42310216E-07 -0.41739250E-06  0.72406331E-06   863.99999914   -23307.70215090
   13010   26.02000000 -0.58739632E-08 -0.34964102E-06  0.62477323E-06   863.99999914   -23307.70215076
   13020   26.04000000  0.27468564E-07 -0.28137188E-06  0.52240124E-06   863.99999914   -23307.70215062
   13030   26.06000000  0.57233364E-07 -0.21395010E-06  0.41885284E-06   863.99999914   -23307.70215048
   13040   26.08000000  0.83034458E-07 -0.14868346E-06  0.31607406E-06   863.99999914   -23307.70215033
   13050   26.10000000  0.10458846E-06 -0.86798702E-07  0.21600491E-06   863.99999914   -23307.70215019
   13060   26.12000000  0.12171808E-06 -0.29422210E-07  0.12053233E-06   863.99999914   -23307.70215005
   13070   26.14000000  0.13435314E-06  0.22435600E-07  0.31441415E-07   863.99999914   -23307.70214991
   13080   26.16000000  0.14252876E-06  0.67891864E-07 -0.49630398E-07   863.99999914   -23307.70214977
   13090   26.18000000  0.14638188E-06  0.10619924E-06 -0.12123675E-06   863.99999914   -23307.70214963
   13100   26.20000000  0.14614479E-06  0.13675112E-06 -0.18215954E-06   863.99999914   -23307.70214949
   13110   26.22000000  0.14213594E-06  0.15908511E-06 -0.23143878E-06   863.99999914   -23307.70214935
   13120   26.24000000  0.13474778E-06  0.17288374E-06 -0.26839450E-06   863.99999914   -23307.70214921
   13130   26.26000000  0.12443332E-06  0.17797418E-06 -0.29263791E-06   863.99999914   -23307.70214907
   13140   26.28000000  0.11169129E-06  0.17432684E-06 -0.30407286E-06   863.99999913   -23307.70214893
   13150   26.30000000  0.97048381E-07  0.16205216E-06 -0.30288762E-06   863.99999913   -23307.70214879
   13160   26.32000000  0.81042882E-07  0.14139626E-06 -0.28953583E-06   863.99999913   -23307.70214864
   13170   26.34000000  0.64208062E-07  0.11273446E-06 -0.26471040E-06   863.99999913   -23307.70214850
   13180   26.36000000  0.47056562E-07  0.76564015E-07 -0.22931010E-06   863.99999913   -23307.70214836
   13190   26.38000000  0.30066479E-07  0.33494098E-07 -0.18440110E-06   863.99999913   -23307.70214822
   13200   26.40000000  0.13670070E-07 -0.15765830E-07 -0.13117438E-06   863.99999913   -23307.70214807
   13210   26.42000000 -0.17549502E-08 -0.70418775E-07 -0.70903348E-07   863.99999913   -23307.70214793
   13220   26.44000000 -0.15891523E-07 -0.12959542E-06 -0.49005939E-08   863.99999913   -23307.70214778
   13230   26.46000000 -0.28486286E-07 -0.19237058E-06  0.65522294E-07   863.99999913   -23307.70214764
   13240   26.48000000 -0.39349268E-07 -0.25777984E-06  0.13909189E-06   863.99999913   -23307.70214750
   13250   26.50000000 -0.48351769E-07 -0.32483756E-06  0.21460416E-06   863.99999913   -23307.70214736
   13260   26.52000000 -0.55421626E-07 -0.39255470E-06  0.29095107E-06   863.99999913   -23307.70214721
   13270   26.54000000 -0.60536933E-07 -0.45995596E-06  0.36713826E-06   863.99999913   -23307.70214707
   13280   26.56000000 -0.63718807E-07 -0.52609612E-06  0.44229754E-06   863.99999913   -23307.70214693
   13290   26.58000000 -0.65023094E-07 -0.59007480E-06  0.51569043E-06   863.99999912   -23307.70214679
   13300   26.60000000 -0.64532281E-07 -0.65104924E-06  0.58670501E-06   863.99999912   -23307.70214666
   13310   26.62000000 -0.62347490E-07 -0.70824356E-06  0.65484619E-06   863.99999912   -23307.70214652
   13320   26.64000000 -0.58580597E-07 -0.76095669E-06  0.71971999E-06   863.99999912   -23307.70214638
   13330   26.66000000 -0.53348157E-07 -0.80856525E-06  0.78101391E-06   863.99999912   -23307.70214625
   13340   26.68000000 -0.46765353E-07 -0.85052437E-06  0.83847365E-06   863.99999912   -23307.70214611
   13350   26.70000000 -0.38941552E-07 -0.88636514E-06  0.89187998E-06   863.99999912   -23307.70214597
   13360   26.72000000 -0.29976607E-07 -0.91568974E-06  0.94102485E-06   863.99999912   -23307.70214584
   13370   26.74000000 -0.19959654E-07 -0.93816483E-06  0.98569109E-06   863.99999912   -23307.70214570
   13380   26.76000000 -0.89673307E-08 -0.95351392E-06  0.10256353E-05   863.99999912   -23307.70214557
   13390   26.78000000  0.29350968E-08 -0.96151038E-06  0.10605766E-05   863.99999912   -23307.70214543
   13400   26.80000000  0.15691852E-07 -0.96197096E-06  0.10901901E-05   863.99999912   -23307.70214529
   13410   26.82000000  0.29253203E-07 -0.95475213E-06  0.11141086E-05   863.99999912   -23307.70214516
   13420   26.84000000  0.43571190E-07 -0.93974846E-06  0.11319287E-05   863.99999912   -23307.70214502
   13430   26.86000000  0.58592982E-07 -0.91689479E-06  0.11432238E-05   863.99999912   -23307.70214489
   13440   26.88000000  0.74255095E-07 -0.88617163E-06  0.11475616E-05   863.99999911   -23307.70214476
   13450   26.90000000  0.90475297E-07 -0.84761363E-06  0.11445252E-05   863.99999911   -23307.70214462
   13460   26.92000000  0.10714584E-06 -0.80132051E-06  0.11337363E-05   863.99999911   -23307.70214449
   13470   26.94000000  0.12412656E-06 -0.74747056E-06  0.11148801E-05   863.99999911   -23307.70214436
   13480   26.96000000  0.14123962E-06 -0.68633390E-06  0.10877286E-05   863.99999911   -23307.70214423
   13490   26.98000000  0.15826635E-06 -0.61828606E-06  0.10521627E-05   863.99999911   -23307.70214409
   13500   27.00000000  0.17494622E-06 -0.54381918E-06  0.10081908E-05   863.99999911   -23307.70214396
   13510   27.02000000  0.19097920E-06 -0.46355136E-06  0.95596463E-06   863.99999911   -23307.70214383
   13520   27.04000000  0.20603043E-06 -0.37823028E-06  0.89578841E-06   863.99999911   -23307.70214369
   13530   27.06000000  0.21973831E-06 -0.28873327E-06  0.82812478E-06   863.99999911   -23307.70214356
   13540   27.08000000  0.23172489E-06 -0.19606173E-06  0.75359415E-06   863.99999911   -23307.70214342
   13550   27.10000000  0.24160761E-06 -0.10132908E-06  0.67296850E-06   863.99999911   -23307.70214328
   13560   27.12000000  0.24901181E-06 -0.57438629E-08  0.58715971E-06   863.99999911   -23307.70214315
   13570   27.14000000  0.25358450E-06  0.89413312E-07  0.49720281E-06   863.99999911   -23307.70214301
   13580   27.16000000  0.25500585E-06  0.18281644E-06  0.40423363E-06   863.99999911   -23307.70214287
   13590   27.18000000  0.25300044E-06  0.27312499E-06  0.30946283E-06   863.99999910   -23307.70214274
   13600   27.20000000  0.24734610E-06  0.35901702E-06  0.21414628E-06   863.99999910   -23307.70214260
   13610   27.22000000  0.23788120E-06  0.43922289E-06  0.11955376E-06   863.99999910   -23307.70214247
   13620   27.24000000  0.22450851E-06  0.51255754E-06  0.26936673E-07   863.99999910   -23307.70214234
   13630   27.26000000  0.20719786E-06  0.57795135E-06 -0.62503308E-07   863.99999910   -23307.70214221
   13640   27.28000000  0.18598637E-06  0.63447606E-06 -0.14764322E-06   863.99999910   -23307.70214208
   13650   27.30000000  0.16097640E-06  0.68136578E-06 -0.22746380E-06   863.99999910   -23307.70214195
   13660   27.32000000  0.13233303E-06  0.71803111E-06 -0.30106910E-06   863.99999910   -23307.70214182
   13670   27.34000000  0.10027979E-06  0.74406705E-06 -0.36770087E-06   863.99999910   -23307.70214169
   13680   27.36000000  0.65094208E-07  0.75925326E-06 -0.42674503E-06   863.99999910   -23307.70214156
   13690   27.38000000  0.27102553E-07  0.76354814E-06 -0.47773346E-06   863.99999910   -23307.70214142
   13700   27.40000000 -0.13323919E-07  0.75707694E-06 -0.52033930E-06   863.99999910   -23307.70214129
   13710   27.42000000 -0.55774096E-07  0.74011608E-06 -0.55436798E-06   863.99999910   -23307.70214116
   13720   27.44000000 -0.99799529E-07  0.71307411E-06 -0.57974420E-06   863.99999910   -23307.70214103
   13730   27.46000000 -0.14491830E-06  0.67647168E-06 -0.59649811E-06   863.99999910   -23307.70214089
   13740   27.48000000 -0.19061633E-06  0.63092191E-06 -0.60475042E-06   863.99999909   -23307.70214076
   13750   27.50000000 -0.23634997E-06  0.57711198E-06 -0.60469744E-06   863.99999909   -23307.70214062
   13760   27.52000000 -0.28154861E-06  0.51578700E-06 -0.59659917E-06   863.99999909   -23307.70214048
   13770   27.54000000 -0.32561701E-06  0.44773745E-06 -0.58076741E-06   863.99999909   -23307.70214034
   13780   27.56000000 -0.36794031E-06  0.37378872E-06 -0.55755779E-06   863.99999909   -23307.70214020
   13790   27.58000000 -0.40788897E-06  0.29479375E-06 -0.52736219E-06   863.99999909   -23307.70214006
   13800   27.60000000 -0.44482737E-06  0.21162784E-06 -0.49060383E-06   863.99999909   -23307.70213992
   13810   27.62000000 -0.47812387E-06  0.12518467E-06 -0.44773278E-06   863.99999909   -23307.70213978
   13820   27.64000000 -0.50716319E-06  0.36373225E-07 -0.39922264E-06   863.99999909   -23307.70213964
   13830   27.66000000 -0.53136059E-06 -0.53885622E-07 -0.34556671E-06   863.99999909   -23307.70213950
   13840   27.68000000 -0.55017760E-06 -0.14466271E-06 -0.28727504E-06   863.99999909   -23307.70213936
   13850   27.70000000 -0.56313854E-06 -0.23502565E-06 -0.22487058E-06   863.99999909   -23307.70213922
   13860   27.72000000 -0.56984612E-06 -0.32404479E-06 -0.15888554E-06   863.99999909   -23307.70213909
   13870   27.74000000 -0.56999754E-06 -0.41080150E-06 -0.89857225E-07   863.99999909   -23307.70213895
   13880   27.76000000 -0.56339664E-06 -0.49439653E-06 -0.18324234E-07   863.99999909   -23307.70213881
   13890   27.78000000 -0.54996502E-06 -0.57396022E-06  0.55177636E-07   863.99999908   -23307.70213868
   13900   27.80000000 -0.52974862E-06 -0.64866390E-06  0.13011832E-06   863.99999908   -23307.70213854
   13910   27.82000000 -0.50292182E-06 -0.71773075E-06  0.20597681E-06   863.99999908   -23307.70213841
   13920   27.84000000 -0.46978643E-06 -0.78044709E-06  0.28224342E-06   863.99999908   -23307.70213828
   13930   27.86000000 -0.43076832E-06 -0.83617308E-06  0.35842191E-06   863.99999908   -23307.70213815
   13940   27.88000000 -0.38640985E-06 -0.88435272E-06  0.43403026E-06   863.99999908   -23307.70213801
   13950   27.90000000 -0.33735983E-06 -0.92452179E-06  0.50860198E-06   863.99999908   -23307.70213788
   13960   27.92000000 -0.28436167E-06 -0.95631506E-06  0.58168649E-06   863.99999908   -23307.70213775
   13970   27.94000000 -0.22823865E-06 -0.97947109E-06  0.65284921E-06   863.99999908   -23307.70213761
   13980   27.96000000 -0.16987893E-06 -0.99383572E-06  0.72167214E-06   863.99999908   -23307.70213748
   13990   27.98000000 -0.11021893E-06 -0.99936265E-06  0.78775431E-06   863.99999908   -23307.70213734
   14000   28.00000000 -0.50225943E-07 -0.99611328E-06  0.85071263E-06   863.99999908   -23307.70213720
   14010   28.02000000  0.91199073E-08 -0.98425473E-06  0.91018293E-06   863.99999908   -23307.70213706
   14020   28.04000000  0.66845120E-07 -0.96405540E-06  0.96582176E-06   863.99999908   -23307.70213692
   14030   28.06000000  0.12200212E-06 -0.93587984E-06  0.10173083E-05   863.99999908   -23307.70213677
   14040   28.08000000  0.17369065E-06 -0.90018224E-06  0.10643466E-05   863.99999907   -23307.70213663
   14050   28.10000000  0.22107871E-06 -0.85749795E-06  0.11066677E-05   863.99999907   -23307.70213649
   14060   28.12000000  0.26342356E-06 -0.80843426E-06  0.11440309E-05   863.99999907   -23307.70213634
   14070   28.14000000  0.30009250E-06 -0.75365965E-06  0.11762257E-05   863.99999907   -23307.70213620
   14080   28.16000000  0.33058073E-06 -0.69389283E-06  0.12030716E-05   863.99999907   -23307.70213605
   14090   28.18000000  0.35452683E-06 -0.62988915E-06  0.12244179E-05   863.99999907   -23307.70213591
   14100   28.20000000  0.37172322E-06 -0.56242794E-06  0.12401426E-05   863.99999907   -23307.70213576
   14110   28.22000000  0.38212167E-06 -0.49229896E-06  0.12501510E-05   863.99999907   -23307.70213562
   14120   28.24000000  0.38583147E-06 -0.42028833E-06  0.12543738E-05   863.99999907   -23307.70213548
   14130   28.26000000  0.38311148E-06 -0.34716526E-06  0.12527656E-05   863.99999907   -23307.70213534
   14140   28.28000000  0.37435513E-06 -0.27366886E-06  0.12453060E-05   863.99999907   -23307.70213520
   14150   28.30000000  0.36006921E-06 -0.20049716E-06  0.12319996E-05   863.99999907   -23307.70213506
   14160   28.32000000  0.34084791E-06 -0.12829609E-06  0.12128804E-05   863.99999907   -23307.70213492
   14170   28.34000000  0.31734378E-06 -0.57652267E-07  0.11880168E-05   863.99999907   -23307.70213478
   14180   28.36000000  0.29023788E-06  0.10914287E-07  0.11575195E-05   863.99999907   -23307.70213464
   14190   28.38000000  0.26020968E-06  0.76952616E-07  0.11215503E-05   863.99999906   -23307.70213450
   14200   28.40000000  0.22791155E-06  0.14008249E-06  0.10803329E-05   863.99999906   -23307.70213436
   14210   28.42000000  0.19394749E-06  0.19999252E-06  0.10341637E-05   863.99999906   -23307.70213422
   14220   28.44000000  0.15885670E-06  0.25643562E-06  0.98342167E-06   863.99999906   -23307.70213408
   14230   28.46000000  0.12310481E-06  0.30922220E-06  0.92857715E-06   863.99999906   -23307.70213394
   14240   28.48000000  0.87080786E-07  0.35821150E-06  0.87019802E-06   863.99999906   -23307.70213380
   14250   28.50000000  0.51100556E-07  0.40330071E-06  0.80895188E-06   863.99999906   -23307.70213366
   14260   28.52000000  0.15414426E-07  0.44441309E-06  0.74560472E-06   863.99999906   -23307.70213352
   14270   28.54000000 -0.19781603E-07  0.48148560E-06  0.68101415E-06   863.99999906   -23307.70213338
   14280   28.56000000 -0.54333415E-07  0.51445687E-06  0.61611837E-06   863.99999906   -23307.70213324
   14290   28.58000000 -0.88114990E-07  0.54325589E-06  0.55191946E-06   863.99999906   -23307.70213310
   14300   28.60000000 -0.12101699E-06  0.56779250E-06  0.48946162E-06   863.99999906   -23307.70213296
   14310   28.62000000 -0.15293588E-06  0.58795066E-06  0.42980564E-06   863.99999906   -23307.70213282
   14320   28.64000000 -0.18376715E-06  0.60358494E-06  0.37399983E-06   863.99999906   -23307.70213268
   14330   28.66000000 -0.21340041E-06  0.61452019E-06  0.32304744E-06   863.99999906   -23307.70213254
   14340   28.68000000 -0.24171808E-06  0.62055567E-06  0.27787360E-06   863.99999905   -23307.70213240
   14350   28.70000000 -0.26859573E-06  0.62147336E-06  0.23929178E-06   863.99999905   -23307.70213226
   14360   28.72000000 -0.29390506E-06  0.61704879E-06  0.20797173E-06   863.99999905   -23307.70213211
   14370   28.74000000 -0.31751845E-06  0.60706591E-06  0.18441059E-06   863.99999905   -23307.70213197
   14380   28.76000000 -0.33931331E-06  0.59133414E-06  0.16890881E-06   863.99999905   -23307.70213183
   14390   28.78000000 -0.35917707E-06  0.56970568E-06  0.16155244E-06   863.99999905   -23307.70213169
   14400   28.80000000 -0.37701168E-06  0.54209407E-06  0.16220155E-06   863.99999905   -23307.70213155
   14410   28.82000000 -0.39273703E-06  0.50849009E-06  0.17048926E-06   863.99999905   -23307.70213141
   14420   28.84000000 -0.40629248E-06  0.46897738E-06  0.18582761E-06   863.99999905   -23307.70213127
   14430   28.86000000 -0.41763782E-06  0.42374269E-06  0.20742325E-06   863.99999905   -23307.70213113
   14440   28.88000000 -0.42675200E-06  0.37308454E-06  0.23430121E-06   863.99999905   -23307.70213099
   14450   28.90000000 -0.43363059E-06  0.31741605E-06  0.26533587E-06   863.99999905   -23307.70213086
   14460   28.92000000 -0.43828234E-06  0.25726489E-06  0.29928752E-06   863.99999905   -23307.70213072
   14470   28.94000000 -0.44072523E-06  0.19326770E-06  0.33484286E-06   863.99999905   -23307.70213058
   14480   28.96000000 -0.44098225E-06  0.12616180E-06  0.37065730E-06   863.99999905   -23307.70213045
   14490   28.98000000 -0.43907786E-06  0.56772399E-07  0.40539665E-06   863.99999904   -23307.70213031
   14500   29.00000000 -0.43503625E-06 -0.14002708E-07  0.43777736E-06   863.99999904   -23307.70213017
   14510   29.02000000 -0.42888102E-06 -0.85211098E-07  0.46660181E-06   863.99999904   -23307.70213003
   14520   29.04000000 -0.42063699E-06 -0.15586649E-06  0.49078944E-06   863.99999904   -23307.70212989
   14530   29.06000000 -0.41033358E-06 -0.22496976E-06  0.50940100E-06   863.99999904   -23307.70212974
   14540   29.08000000 -0.39801097E-06 -0.29153255E-06  0.52165678E-06   863.99999904   -23307.70212959
   14550   29.10000000 -0.38372676E-06 -0.35460043E-06  0.52694833E-06   863.99999904   -23307.70212944
   14560   29.12000000 -0.36756312E-06 -0.41327682E-06  0.52484387E-06   863.99999904   -23307.70212929
   14570   29.14000000 -0.34963370E-06 -0.46674587E-06  0.51508862E-06   863.99999904   -23307.70212914
   14580   29.16000000 -0.33008918E-06 -0.51429443E-06  0.49760065E-06   863.99999904   -23307.70212898
   14590   29.18000000 -0.30912024E-06 -0.55533228E-06  0.47246345E-06   863.99999904   -23307.70212883
   14600   29.20000000 -0.28695884E-06 -0.58940957E-06  0.43991630E-06   863.99999904   -23307.70212868
   14610   29.22000000 -0.26387571E-06 -0.61623093E-06  0.40034330E-06   863.99999904   -23307.70212852
   14620   29.24000000 -0.24017591E-06 -0.63566550E-06  0.35426220E-06   863.99999904   -23307.70212837
   14630   29.26000000 -0.21619153E-06 -0.64775263E-06  0.30231377E-06   863.99999904   -23307.70212822
   14640   29.28000000 -0.19227316E-06 -0.65270073E-06  0.24525165E-06   863.99999903   -23307.70212808
   14650   29.30000000 -0.16878002E-06 -0.65088248E-06  0.18393349E-06   863.99999903   -23307.70212793
   14660   29.32000000 -0.14607124E-06 -0.64282269E-06  0.11931282E-06   863.99999903   -23307.70212779
   14670   29.34000000 -0.12449648E-06 -0.62918148E-06  0.52431131E-07   863.99999903   -23307.70212765
   14680   29.36000000 -0.10438936E-06 -0.61073188E-06 -0.15590099E-07   863.99999903   -23307.70212751
   14690   29.38000000 -0.86060900E-07 -0.58833469E-06 -0.83557786E-07   863.99999903   -23307.70212737
   14700   29.40000000 -0.69795610E-07 -0.56290971E-06 -0.15021737E-06   863.99999903   -23307.70212723
   14710   29.42000000 -0.55849100E-07 -0.53540629E-06 -0.21426583E-06   863.99999903   -23307.70212710
   14720   29.44000000 -0.44445665E-07 -0.50677434E-06 -0.27436641E-06   863.99999903   -23307.70212696
   14730   29.46000000 -0.35777797E-07 -0.47793716E-06 -0.32916731E-06   863.99999903   -23307.70212682
   14740   29.48000000 -0.30004504E-07 -0.44976803E-06 -0.37732417E-06   863.99999903   -23307.70212668
   14750   29.50000000 -0.27250447E-07 -0.42306928E-06 -0.41752574E-06   863.99999903   -23307.70212654
   14760   29.52000000 -0.27603349E-07 -0.39855725E-06 -0.44852202E-06   863.99999903   -23307.70212640
   14770   29.54000000 -0.31112397E-07 -0.37685105E-06 -0.46915599E-06   863.99999903   -23307.70212626
   14780   29.56000000 -0.37785316E-07 -0.35846476E-06 -0.47839613E-06   863.99999903   -23307.70212611
   14790   29.58000000 -0.47585423E-07 -0.34380312E-06 -0.47536939E-06   863.99999902   -23307.70212596
   14800   29.60000000 -0.60429308E-07 -0.33315955E-06 -0.45939258E-06   863.99999902   -23307.70212582
   14810   29.62000000 -0.76185399E-07 -0.32671527E-06 -0.43000218E-06   863.99999902   -23307.70212567
   14820   29.64000000 -0.94673329E-07 -0.32453880E-06 -0.38697856E-06   863.99999902   -23307.70212552
   14830   29.66000000 -0.11566555E-06 -0.32658597E-06 -0.33036555E-06   863.99999902   -23307.70212537
   14840   29.68000000 -0.13889048E-06 -0.33270091E-06 -0.26048289E-06   863.99999902   -23307.70212522
   14850   29.70000000 -0.16403736E-06 -0.34261715E-06 -0.17793075E-06   863.99999902   -23307.70212507
   14860   29.72000000 -0.19076411E-06 -0.35596019E-06 -0.83586379E-07   863.99999902   -23307.70212491
   14870   29.74000000 -0.21870613E-06 -0.37225339E-06  0.21407986E-07   863.99999902   -23307.70212476
   14880   29.76000000 -0.24748660E-06 -0.39092609E-06  0.13566459E-06   863.99999902   -23307.70212461
   14890   29.78000000 -0.27672827E-06 -0.41132583E-06  0.25757766E-06   863.99999902   -23307.70212446
   14900   29.80000000 -0.30606562E-06 -0.43273456E-06  0.38535622E-06   863.99999902   -23307.70212431
   14910   29.82000000 -0.33515495E-06 -0.45438765E-06  0.51706318E-06   863.99999902   -23307.70212416
   14920   29.84000000 -0.36368459E-06 -0.47549680E-06  0.65065653E-06   863.99999902   -23307.70212401
   14930   29.86000000 -0.39138205E-06 -0.49527272E-06  0.78403416E-06   863.99999902   -23307.70212387
   14940   29.88000000 -0.41801841E-06 -0.51294826E-06  0.91507942E-06   863.99999901   -23307.70212372
   14950   29.90000000 -0.44340781E-06 -0.52780044E-06  0.10417062E-05   863.99999901   -23307.70212358
   14960   29.92000000 -0.46740425E-06 -0.53916850E-06  0.11619030E-05   863.99999901   -23307.70212344
   14970   29.94000000 -0.48989406E-06 -0.54646729E-06  0.12737741E-05   863.99999901   -23307.70212329
   14980   29.96000000 -0.51078439E-06 -0.54919633E-06  0.13755787E-05   863.99999901   -23307.70212315
   14990   29.98000000 -0.52998950E-06 -0.54694436E-06  0.14657640E-05   863.99999901   -23307.70212301
   15000   30.00000000 -0.54741622E-06 -0.53938767E-06  0.15429946E-05   863.99999901   -23307.70212287
=== application breakdown [s] ===
total calculation time,7402.00088310
rt calculation                         min         max     average   std. dev.  difference    relative
rt initialization              0.52929E-04 0.53787E-03 0.16898E-03 0.52661E-04 0.48494E-03 0.10162E+02
reading lda data               0.35271E+01 0.35587E+01 0.35352E+01 0.43621E-02 0.31593E-01 0.10090E+01
reading rt data                0.19951E-02 0.90382E-02 0.25136E-02 0.21911E-03 0.70431E-02 0.45302E+01
prep. time prop.               0.29492E-03 0.59409E-02 0.10189E-02 0.23062E-03 0.56460E-02 0.20144E+02
rt iterations                  0.73973E+04 0.73973E+04 0.73973E+04 0.94691E-04 0.70190E-03 0.10000E+01
after writing rt data          0.19073E-05 0.97190E+00 0.11649E-03 0.10244E-01 0.97190E+00 0.50956E+06
in rt iterations                       min         max     average   std. dev.  difference    relative
Vbox                           0.12942E+01 0.15587E+01 0.14104E+01 0.37969E-01 0.26450E+00 0.12044E+01
time propagation               0.56140E+04 0.58348E+04 0.57531E+04 0.34165E+02 0.22087E+03 0.10393E+01
calculating rho                0.11950E+03 0.34055E+03 0.20042E+03 0.34147E+02 0.22105E+03 0.28497E+01
Hartree routine                0.38948E+02 0.50336E+02 0.44644E+02 0.23573E+01 0.11388E+02 0.12924E+01
Exc_Cor routine                0.61496E+01 0.11014E+02 0.84611E+01 0.89637E+00 0.48645E+01 0.17910E+01
calculating curr               0.11553E+04 0.11554E+04 0.11553E+04 0.16959E-01 0.10048E+00 0.10001E+01
calc. projection               0.41025E-02 0.88058E-02 0.58676E-02 0.61440E-03 0.47033E-02 0.21465E+01
writing energies               0.14814E+01 0.20976E+01 0.15818E+01 0.11297E+00 0.61616E+00 0.14159E+01
calc_eigen_energy              0.21041E+03 0.21109E+03 0.21065E+03 0.80016E-01 0.67437E+00 0.10032E+01
calc_total_energy_periodic     0.17327E+02 0.22662E+02 0.19177E+02 0.73517E+00 0.53349E+01 0.13079E+01
writing info etc.              0.90322E-02 0.40310E+00 0.11278E-01 0.42077E-02 0.39407E+00 0.44629E+02
total_energy module                    min         max     average   std. dev.  difference    relative
periodic calc.                 0.28755E+01 0.10029E+02 0.48137E+01 0.15036E+01 0.71531E+01 0.34876E+01
periodic comm. coll.           0.90277E+01 0.19616E+02 0.14347E+02 0.16894E+01 0.10588E+02 0.21728E+01
eigen_energy calc.             0.35208E+02 0.38874E+02 0.37837E+02 0.37433E+00 0.36663E+01 0.11041E+01
eigen_energy comm. coll.       0.44636E+01 0.10358E+02 0.73086E+01 0.80217E+00 0.58946E+01 0.23206E+01
eigen_energy hpsi              0.14784E+03 0.15344E+03 0.14988E+03 0.69960E+00 0.56090E+01 0.10379E+01
density_matrix module                  min         max     average   std. dev.  difference    relative
density calc.                  0.81162E+02 0.14349E+03 0.10831E+03 0.12414E+02 0.62324E+02 0.17679E+01
density comm. coll.            0.20103E+02 0.20036E+03 0.91873E+02 0.24741E+02 0.18025E+03 0.99668E+01
current calc.                  0.25134E+03 0.27852E+03 0.26122E+03 0.36015E+01 0.27179E+02 0.11081E+01
current rDivided uVpsi calc.   0.11416E+03 0.11682E+03 0.11517E+03 0.42334E+00 0.26643E+01 0.10233E+01
current comm. coll.            0.88189E+02 0.12788E+03 0.10764E+03 0.53722E+01 0.39692E+02 0.14501E+01
current comm. halo.            0.64180E+03 0.69358E+03 0.67117E+03 0.80297E+01 0.51787E+02 0.10807E+01
conjugate_gradient module              min         max     average   std. dev.  difference    relative
subspace_diag module                   min         max     average   std. dev.  difference    relative
subspace_diag so module                min         max     average   std. dev.  difference    relative
force module                           min         max     average   std. dev.  difference    relative
init_ps                                min         max     average   std. dev.  difference    relative
hamiltonian module                     min         max     average   std. dev.  difference    relative
total                          0.49425E+04 0.51374E+04 0.50324E+04 0.33383E+02 0.19493E+03 0.10394E+01
update overlap (comm.)         0.26372E+04 0.30321E+04 0.27800E+04 0.54336E+02 0.39484E+03 0.11497E+01
stencil                        0.10647E+04 0.13344E+04 0.11824E+04 0.25434E+02 0.26967E+03 0.12533E+01
subtraction                    0.25898E+02 0.30885E+02 0.28579E+02 0.43559E+00 0.49864E+01 0.11925E+01
pseudo-pt                      0.94000E+03 0.11012E+04 0.10208E+04 0.22781E+02 0.16118E+03 0.11715E+01
pseudo-pt (comm.)              0.36418E+02 0.26752E+03 0.13539E+03 0.31492E+02 0.23110E+03 0.73458E+01
hpsi-overlapped                        min         max     average   std. dev.  difference    relative
checkpoint/restart                     min         max     average   std. dev.  difference    relative
restart self                   0.25302E+01 0.29814E+01 0.25489E+01 0.43108E-01 0.45121E+00 0.11783E+01
restart sync                   0.29697E+01 0.29881E+01 0.29826E+01 0.13813E-02 0.18416E-01 0.10062E+01
=== performance [GFLOPS] ===
end SALMON
