# k-point distribution
# ik: k-point index
# kx,ky,kz: Reduced coordinate of k-points
# wk: Weight of k-point
# 1:ik[none] 2:kx[none] 3:ky[none] 4:kz[none] 5:wk[none]
     1 -0.450000000000000E+000 -0.450000000000000E+000 -0.475000000000000E+000  0.500000000000000E-003
     2 -0.350000000000000E+000 -0.450000000000000E+000 -0.475000000000000E+000  0.500000000000000E-003
     3 -0.250000000000000E+000 -0.450000000000000E+000 -0.475000000000000E+000  0.500000000000000E-003
     4 -0.150000000000000E+000 -0.450000000000000E+000 -0.475000000000000E+000  0.500000000000000E-003
     5 -0.500000000000000E-001 -0.450000000000000E+000 -0.475000000000000E+000  0.500000000000000E-003
     6  0.500000000000000E-001 -0.450000000000000E+000 -0.475000000000000E+000  0.500000000000000E-003
     7  0.150000000000000E+000 -0.450000000000000E+000 -0.475000000000000E+000  0.500000000000000E-003
     8  0.250000000000000E+000 -0.450000000000000E+000 -0.475000000000000E+000  0.500000000000000E-003
     9  0.350000000000000E+000 -0.450000000000000E+000 -0.475000000000000E+000  0.500000000000000E-003
    10  0.450000000000000E+000 -0.450000000000000E+000 -0.475000000000000E+000  0.500000000000000E-003
    11 -0.450000000000000E+000 -0.350000000000000E+000 -0.475000000000000E+000  0.500000000000000E-003
    12 -0.350000000000000E+000 -0.350000000000000E+000 -0.475000000000000E+000  0.500000000000000E-003
    13 -0.250000000000000E+000 -0.350000000000000E+000 -0.475000000000000E+000  0.500000000000000E-003
    14 -0.150000000000000E+000 -0.350000000000000E+000 -0.475000000000000E+000  0.500000000000000E-003
    15 -0.500000000000000E-001 -0.350000000000000E+000 -0.475000000000000E+000  0.500000000000000E-003
    16  0.500000000000000E-001 -0.350000000000000E+000 -0.475000000000000E+000  0.500000000000000E-003
    17  0.150000000000000E+000 -0.350000000000000E+000 -0.475000000000000E+000  0.500000000000000E-003
    18  0.250000000000000E+000 -0.350000000000000E+000 -0.475000000000000E+000  0.500000000000000E-003
    19  0.350000000000000E+000 -0.350000000000000E+000 -0.475000000000000E+000  0.500000000000000E-003
    20  0.450000000000000E+000 -0.350000000000000E+000 -0.475000000000000E+000  0.500000000000000E-003
    21 -0.450000000000000E+000 -0.250000000000000E+000 -0.475000000000000E+000  0.500000000000000E-003
    22 -0.350000000000000E+000 -0.250000000000000E+000 -0.475000000000000E+000  0.500000000000000E-003
    23 -0.250000000000000E+000 -0.250000000000000E+000 -0.475000000000000E+000  0.500000000000000E-003
    24 -0.150000000000000E+000 -0.250000000000000E+000 -0.475000000000000E+000  0.500000000000000E-003
    25 -0.500000000000000E-001 -0.250000000000000E+000 -0.475000000000000E+000  0.500000000000000E-003
    26  0.500000000000000E-001 -0.250000000000000E+000 -0.475000000000000E+000  0.500000000000000E-003
    27  0.150000000000000E+000 -0.250000000000000E+000 -0.475000000000000E+000  0.500000000000000E-003
    28  0.250000000000000E+000 -0.250000000000000E+000 -0.475000000000000E+000  0.500000000000000E-003
    29  0.350000000000000E+000 -0.250000000000000E+000 -0.475000000000000E+000  0.500000000000000E-003
    30  0.450000000000000E+000 -0.250000000000000E+000 -0.475000000000000E+000  0.500000000000000E-003
    31 -0.450000000000000E+000 -0.150000000000000E+000 -0.475000000000000E+000  0.500000000000000E-003
    32 -0.350000000000000E+000 -0.150000000000000E+000 -0.475000000000000E+000  0.500000000000000E-003
    33 -0.250000000000000E+000 -0.150000000000000E+000 -0.475000000000000E+000  0.500000000000000E-003
    34 -0.150000000000000E+000 -0.150000000000000E+000 -0.475000000000000E+000  0.500000000000000E-003
    35 -0.500000000000000E-001 -0.150000000000000E+000 -0.475000000000000E+000  0.500000000000000E-003
    36  0.500000000000000E-001 -0.150000000000000E+000 -0.475000000000000E+000  0.500000000000000E-003
    37  0.150000000000000E+000 -0.150000000000000E+000 -0.475000000000000E+000  0.500000000000000E-003
    38  0.250000000000000E+000 -0.150000000000000E+000 -0.475000000000000E+000  0.500000000000000E-003
    39  0.350000000000000E+000 -0.150000000000000E+000 -0.475000000000000E+000  0.500000000000000E-003
    40  0.450000000000000E+000 -0.150000000000000E+000 -0.475000000000000E+000  0.500000000000000E-003
    41 -0.450000000000000E+000 -0.500000000000000E-001 -0.475000000000000E+000  0.500000000000000E-003
    42 -0.350000000000000E+000 -0.500000000000000E-001 -0.475000000000000E+000  0.500000000000000E-003
    43 -0.250000000000000E+000 -0.500000000000000E-001 -0.475000000000000E+000  0.500000000000000E-003
    44 -0.150000000000000E+000 -0.500000000000000E-001 -0.475000000000000E+000  0.500000000000000E-003
    45 -0.500000000000000E-001 -0.500000000000000E-001 -0.475000000000000E+000  0.500000000000000E-003
    46  0.500000000000000E-001 -0.500000000000000E-001 -0.475000000000000E+000  0.500000000000000E-003
    47  0.150000000000000E+000 -0.500000000000000E-001 -0.475000000000000E+000  0.500000000000000E-003
    48  0.250000000000000E+000 -0.500000000000000E-001 -0.475000000000000E+000  0.500000000000000E-003
    49  0.350000000000000E+000 -0.500000000000000E-001 -0.475000000000000E+000  0.500000000000000E-003
    50  0.450000000000000E+000 -0.500000000000000E-001 -0.475000000000000E+000  0.500000000000000E-003
    51 -0.450000000000000E+000  0.500000000000000E-001 -0.475000000000000E+000  0.500000000000000E-003
    52 -0.350000000000000E+000  0.500000000000000E-001 -0.475000000000000E+000  0.500000000000000E-003
    53 -0.250000000000000E+000  0.500000000000000E-001 -0.475000000000000E+000  0.500000000000000E-003
    54 -0.150000000000000E+000  0.500000000000000E-001 -0.475000000000000E+000  0.500000000000000E-003
    55 -0.500000000000000E-001  0.500000000000000E-001 -0.475000000000000E+000  0.500000000000000E-003
    56  0.500000000000000E-001  0.500000000000000E-001 -0.475000000000000E+000  0.500000000000000E-003
    57  0.150000000000000E+000  0.500000000000000E-001 -0.475000000000000E+000  0.500000000000000E-003
    58  0.250000000000000E+000  0.500000000000000E-001 -0.475000000000000E+000  0.500000000000000E-003
    59  0.350000000000000E+000  0.500000000000000E-001 -0.475000000000000E+000  0.500000000000000E-003
    60  0.450000000000000E+000  0.500000000000000E-001 -0.475000000000000E+000  0.500000000000000E-003
    61 -0.450000000000000E+000  0.150000000000000E+000 -0.475000000000000E+000  0.500000000000000E-003
    62 -0.350000000000000E+000  0.150000000000000E+000 -0.475000000000000E+000  0.500000000000000E-003
    63 -0.250000000000000E+000  0.150000000000000E+000 -0.475000000000000E+000  0.500000000000000E-003
    64 -0.150000000000000E+000  0.150000000000000E+000 -0.475000000000000E+000  0.500000000000000E-003
    65 -0.500000000000000E-001  0.150000000000000E+000 -0.475000000000000E+000  0.500000000000000E-003
    66  0.500000000000000E-001  0.150000000000000E+000 -0.475000000000000E+000  0.500000000000000E-003
    67  0.150000000000000E+000  0.150000000000000E+000 -0.475000000000000E+000  0.500000000000000E-003
    68  0.250000000000000E+000  0.150000000000000E+000 -0.475000000000000E+000  0.500000000000000E-003
    69  0.350000000000000E+000  0.150000000000000E+000 -0.475000000000000E+000  0.500000000000000E-003
    70  0.450000000000000E+000  0.150000000000000E+000 -0.475000000000000E+000  0.500000000000000E-003
    71 -0.450000000000000E+000  0.250000000000000E+000 -0.475000000000000E+000  0.500000000000000E-003
    72 -0.350000000000000E+000  0.250000000000000E+000 -0.475000000000000E+000  0.500000000000000E-003
    73 -0.250000000000000E+000  0.250000000000000E+000 -0.475000000000000E+000  0.500000000000000E-003
    74 -0.150000000000000E+000  0.250000000000000E+000 -0.475000000000000E+000  0.500000000000000E-003
    75 -0.500000000000000E-001  0.250000000000000E+000 -0.475000000000000E+000  0.500000000000000E-003
    76  0.500000000000000E-001  0.250000000000000E+000 -0.475000000000000E+000  0.500000000000000E-003
    77  0.150000000000000E+000  0.250000000000000E+000 -0.475000000000000E+000  0.500000000000000E-003
    78  0.250000000000000E+000  0.250000000000000E+000 -0.475000000000000E+000  0.500000000000000E-003
    79  0.350000000000000E+000  0.250000000000000E+000 -0.475000000000000E+000  0.500000000000000E-003
    80  0.450000000000000E+000  0.250000000000000E+000 -0.475000000000000E+000  0.500000000000000E-003
    81 -0.450000000000000E+000  0.350000000000000E+000 -0.475000000000000E+000  0.500000000000000E-003
    82 -0.350000000000000E+000  0.350000000000000E+000 -0.475000000000000E+000  0.500000000000000E-003
    83 -0.250000000000000E+000  0.350000000000000E+000 -0.475000000000000E+000  0.500000000000000E-003
    84 -0.150000000000000E+000  0.350000000000000E+000 -0.475000000000000E+000  0.500000000000000E-003
    85 -0.500000000000000E-001  0.350000000000000E+000 -0.475000000000000E+000  0.500000000000000E-003
    86  0.500000000000000E-001  0.350000000000000E+000 -0.475000000000000E+000  0.500000000000000E-003
    87  0.150000000000000E+000  0.350000000000000E+000 -0.475000000000000E+000  0.500000000000000E-003
    88  0.250000000000000E+000  0.350000000000000E+000 -0.475000000000000E+000  0.500000000000000E-003
    89  0.350000000000000E+000  0.350000000000000E+000 -0.475000000000000E+000  0.500000000000000E-003
    90  0.450000000000000E+000  0.350000000000000E+000 -0.475000000000000E+000  0.500000000000000E-003
    91 -0.450000000000000E+000  0.450000000000000E+000 -0.475000000000000E+000  0.500000000000000E-003
    92 -0.350000000000000E+000  0.450000000000000E+000 -0.475000000000000E+000  0.500000000000000E-003
    93 -0.250000000000000E+000  0.450000000000000E+000 -0.475000000000000E+000  0.500000000000000E-003
    94 -0.150000000000000E+000  0.450000000000000E+000 -0.475000000000000E+000  0.500000000000000E-003
    95 -0.500000000000000E-001  0.450000000000000E+000 -0.475000000000000E+000  0.500000000000000E-003
    96  0.500000000000000E-001  0.450000000000000E+000 -0.475000000000000E+000  0.500000000000000E-003
    97  0.150000000000000E+000  0.450000000000000E+000 -0.475000000000000E+000  0.500000000000000E-003
    98  0.250000000000000E+000  0.450000000000000E+000 -0.475000000000000E+000  0.500000000000000E-003
    99  0.350000000000000E+000  0.450000000000000E+000 -0.475000000000000E+000  0.500000000000000E-003
   100  0.450000000000000E+000  0.450000000000000E+000 -0.475000000000000E+000  0.500000000000000E-003
   101 -0.450000000000000E+000 -0.450000000000000E+000 -0.425000000000000E+000  0.500000000000000E-003
   102 -0.350000000000000E+000 -0.450000000000000E+000 -0.425000000000000E+000  0.500000000000000E-003
   103 -0.250000000000000E+000 -0.450000000000000E+000 -0.425000000000000E+000  0.500000000000000E-003
   104 -0.150000000000000E+000 -0.450000000000000E+000 -0.425000000000000E+000  0.500000000000000E-003
   105 -0.500000000000000E-001 -0.450000000000000E+000 -0.425000000000000E+000  0.500000000000000E-003
   106  0.500000000000000E-001 -0.450000000000000E+000 -0.425000000000000E+000  0.500000000000000E-003
   107  0.150000000000000E+000 -0.450000000000000E+000 -0.425000000000000E+000  0.500000000000000E-003
   108  0.250000000000000E+000 -0.450000000000000E+000 -0.425000000000000E+000  0.500000000000000E-003
   109  0.350000000000000E+000 -0.450000000000000E+000 -0.425000000000000E+000  0.500000000000000E-003
   110  0.450000000000000E+000 -0.450000000000000E+000 -0.425000000000000E+000  0.500000000000000E-003
   111 -0.450000000000000E+000 -0.350000000000000E+000 -0.425000000000000E+000  0.500000000000000E-003
   112 -0.350000000000000E+000 -0.350000000000000E+000 -0.425000000000000E+000  0.500000000000000E-003
   113 -0.250000000000000E+000 -0.350000000000000E+000 -0.425000000000000E+000  0.500000000000000E-003
   114 -0.150000000000000E+000 -0.350000000000000E+000 -0.425000000000000E+000  0.500000000000000E-003
   115 -0.500000000000000E-001 -0.350000000000000E+000 -0.425000000000000E+000  0.500000000000000E-003
   116  0.500000000000000E-001 -0.350000000000000E+000 -0.425000000000000E+000  0.500000000000000E-003
   117  0.150000000000000E+000 -0.350000000000000E+000 -0.425000000000000E+000  0.500000000000000E-003
   118  0.250000000000000E+000 -0.350000000000000E+000 -0.425000000000000E+000  0.500000000000000E-003
   119  0.350000000000000E+000 -0.350000000000000E+000 -0.425000000000000E+000  0.500000000000000E-003
   120  0.450000000000000E+000 -0.350000000000000E+000 -0.425000000000000E+000  0.500000000000000E-003
   121 -0.450000000000000E+000 -0.250000000000000E+000 -0.425000000000000E+000  0.500000000000000E-003
   122 -0.350000000000000E+000 -0.250000000000000E+000 -0.425000000000000E+000  0.500000000000000E-003
   123 -0.250000000000000E+000 -0.250000000000000E+000 -0.425000000000000E+000  0.500000000000000E-003
   124 -0.150000000000000E+000 -0.250000000000000E+000 -0.425000000000000E+000  0.500000000000000E-003
   125 -0.500000000000000E-001 -0.250000000000000E+000 -0.425000000000000E+000  0.500000000000000E-003
   126  0.500000000000000E-001 -0.250000000000000E+000 -0.425000000000000E+000  0.500000000000000E-003
   127  0.150000000000000E+000 -0.250000000000000E+000 -0.425000000000000E+000  0.500000000000000E-003
   128  0.250000000000000E+000 -0.250000000000000E+000 -0.425000000000000E+000  0.500000000000000E-003
   129  0.350000000000000E+000 -0.250000000000000E+000 -0.425000000000000E+000  0.500000000000000E-003
   130  0.450000000000000E+000 -0.250000000000000E+000 -0.425000000000000E+000  0.500000000000000E-003
   131 -0.450000000000000E+000 -0.150000000000000E+000 -0.425000000000000E+000  0.500000000000000E-003
   132 -0.350000000000000E+000 -0.150000000000000E+000 -0.425000000000000E+000  0.500000000000000E-003
   133 -0.250000000000000E+000 -0.150000000000000E+000 -0.425000000000000E+000  0.500000000000000E-003
   134 -0.150000000000000E+000 -0.150000000000000E+000 -0.425000000000000E+000  0.500000000000000E-003
   135 -0.500000000000000E-001 -0.150000000000000E+000 -0.425000000000000E+000  0.500000000000000E-003
   136  0.500000000000000E-001 -0.150000000000000E+000 -0.425000000000000E+000  0.500000000000000E-003
   137  0.150000000000000E+000 -0.150000000000000E+000 -0.425000000000000E+000  0.500000000000000E-003
   138  0.250000000000000E+000 -0.150000000000000E+000 -0.425000000000000E+000  0.500000000000000E-003
   139  0.350000000000000E+000 -0.150000000000000E+000 -0.425000000000000E+000  0.500000000000000E-003
   140  0.450000000000000E+000 -0.150000000000000E+000 -0.425000000000000E+000  0.500000000000000E-003
   141 -0.450000000000000E+000 -0.500000000000000E-001 -0.425000000000000E+000  0.500000000000000E-003
   142 -0.350000000000000E+000 -0.500000000000000E-001 -0.425000000000000E+000  0.500000000000000E-003
   143 -0.250000000000000E+000 -0.500000000000000E-001 -0.425000000000000E+000  0.500000000000000E-003
   144 -0.150000000000000E+000 -0.500000000000000E-001 -0.425000000000000E+000  0.500000000000000E-003
   145 -0.500000000000000E-001 -0.500000000000000E-001 -0.425000000000000E+000  0.500000000000000E-003
   146  0.500000000000000E-001 -0.500000000000000E-001 -0.425000000000000E+000  0.500000000000000E-003
   147  0.150000000000000E+000 -0.500000000000000E-001 -0.425000000000000E+000  0.500000000000000E-003
   148  0.250000000000000E+000 -0.500000000000000E-001 -0.425000000000000E+000  0.500000000000000E-003
   149  0.350000000000000E+000 -0.500000000000000E-001 -0.425000000000000E+000  0.500000000000000E-003
   150  0.450000000000000E+000 -0.500000000000000E-001 -0.425000000000000E+000  0.500000000000000E-003
   151 -0.450000000000000E+000  0.500000000000000E-001 -0.425000000000000E+000  0.500000000000000E-003
   152 -0.350000000000000E+000  0.500000000000000E-001 -0.425000000000000E+000  0.500000000000000E-003
   153 -0.250000000000000E+000  0.500000000000000E-001 -0.425000000000000E+000  0.500000000000000E-003
   154 -0.150000000000000E+000  0.500000000000000E-001 -0.425000000000000E+000  0.500000000000000E-003
   155 -0.500000000000000E-001  0.500000000000000E-001 -0.425000000000000E+000  0.500000000000000E-003
   156  0.500000000000000E-001  0.500000000000000E-001 -0.425000000000000E+000  0.500000000000000E-003
   157  0.150000000000000E+000  0.500000000000000E-001 -0.425000000000000E+000  0.500000000000000E-003
   158  0.250000000000000E+000  0.500000000000000E-001 -0.425000000000000E+000  0.500000000000000E-003
   159  0.350000000000000E+000  0.500000000000000E-001 -0.425000000000000E+000  0.500000000000000E-003
   160  0.450000000000000E+000  0.500000000000000E-001 -0.425000000000000E+000  0.500000000000000E-003
   161 -0.450000000000000E+000  0.150000000000000E+000 -0.425000000000000E+000  0.500000000000000E-003
   162 -0.350000000000000E+000  0.150000000000000E+000 -0.425000000000000E+000  0.500000000000000E-003
   163 -0.250000000000000E+000  0.150000000000000E+000 -0.425000000000000E+000  0.500000000000000E-003
   164 -0.150000000000000E+000  0.150000000000000E+000 -0.425000000000000E+000  0.500000000000000E-003
   165 -0.500000000000000E-001  0.150000000000000E+000 -0.425000000000000E+000  0.500000000000000E-003
   166  0.500000000000000E-001  0.150000000000000E+000 -0.425000000000000E+000  0.500000000000000E-003
   167  0.150000000000000E+000  0.150000000000000E+000 -0.425000000000000E+000  0.500000000000000E-003
   168  0.250000000000000E+000  0.150000000000000E+000 -0.425000000000000E+000  0.500000000000000E-003
   169  0.350000000000000E+000  0.150000000000000E+000 -0.425000000000000E+000  0.500000000000000E-003
   170  0.450000000000000E+000  0.150000000000000E+000 -0.425000000000000E+000  0.500000000000000E-003
   171 -0.450000000000000E+000  0.250000000000000E+000 -0.425000000000000E+000  0.500000000000000E-003
   172 -0.350000000000000E+000  0.250000000000000E+000 -0.425000000000000E+000  0.500000000000000E-003
   173 -0.250000000000000E+000  0.250000000000000E+000 -0.425000000000000E+000  0.500000000000000E-003
   174 -0.150000000000000E+000  0.250000000000000E+000 -0.425000000000000E+000  0.500000000000000E-003
   175 -0.500000000000000E-001  0.250000000000000E+000 -0.425000000000000E+000  0.500000000000000E-003
   176  0.500000000000000E-001  0.250000000000000E+000 -0.425000000000000E+000  0.500000000000000E-003
   177  0.150000000000000E+000  0.250000000000000E+000 -0.425000000000000E+000  0.500000000000000E-003
   178  0.250000000000000E+000  0.250000000000000E+000 -0.425000000000000E+000  0.500000000000000E-003
   179  0.350000000000000E+000  0.250000000000000E+000 -0.425000000000000E+000  0.500000000000000E-003
   180  0.450000000000000E+000  0.250000000000000E+000 -0.425000000000000E+000  0.500000000000000E-003
   181 -0.450000000000000E+000  0.350000000000000E+000 -0.425000000000000E+000  0.500000000000000E-003
   182 -0.350000000000000E+000  0.350000000000000E+000 -0.425000000000000E+000  0.500000000000000E-003
   183 -0.250000000000000E+000  0.350000000000000E+000 -0.425000000000000E+000  0.500000000000000E-003
   184 -0.150000000000000E+000  0.350000000000000E+000 -0.425000000000000E+000  0.500000000000000E-003
   185 -0.500000000000000E-001  0.350000000000000E+000 -0.425000000000000E+000  0.500000000000000E-003
   186  0.500000000000000E-001  0.350000000000000E+000 -0.425000000000000E+000  0.500000000000000E-003
   187  0.150000000000000E+000  0.350000000000000E+000 -0.425000000000000E+000  0.500000000000000E-003
   188  0.250000000000000E+000  0.350000000000000E+000 -0.425000000000000E+000  0.500000000000000E-003
   189  0.350000000000000E+000  0.350000000000000E+000 -0.425000000000000E+000  0.500000000000000E-003
   190  0.450000000000000E+000  0.350000000000000E+000 -0.425000000000000E+000  0.500000000000000E-003
   191 -0.450000000000000E+000  0.450000000000000E+000 -0.425000000000000E+000  0.500000000000000E-003
   192 -0.350000000000000E+000  0.450000000000000E+000 -0.425000000000000E+000  0.500000000000000E-003
   193 -0.250000000000000E+000  0.450000000000000E+000 -0.425000000000000E+000  0.500000000000000E-003
   194 -0.150000000000000E+000  0.450000000000000E+000 -0.425000000000000E+000  0.500000000000000E-003
   195 -0.500000000000000E-001  0.450000000000000E+000 -0.425000000000000E+000  0.500000000000000E-003
   196  0.500000000000000E-001  0.450000000000000E+000 -0.425000000000000E+000  0.500000000000000E-003
   197  0.150000000000000E+000  0.450000000000000E+000 -0.425000000000000E+000  0.500000000000000E-003
   198  0.250000000000000E+000  0.450000000000000E+000 -0.425000000000000E+000  0.500000000000000E-003
   199  0.350000000000000E+000  0.450000000000000E+000 -0.425000000000000E+000  0.500000000000000E-003
   200  0.450000000000000E+000  0.450000000000000E+000 -0.425000000000000E+000  0.500000000000000E-003
   201 -0.450000000000000E+000 -0.450000000000000E+000 -0.375000000000000E+000  0.500000000000000E-003
   202 -0.350000000000000E+000 -0.450000000000000E+000 -0.375000000000000E+000  0.500000000000000E-003
   203 -0.250000000000000E+000 -0.450000000000000E+000 -0.375000000000000E+000  0.500000000000000E-003
   204 -0.150000000000000E+000 -0.450000000000000E+000 -0.375000000000000E+000  0.500000000000000E-003
   205 -0.500000000000000E-001 -0.450000000000000E+000 -0.375000000000000E+000  0.500000000000000E-003
   206  0.500000000000000E-001 -0.450000000000000E+000 -0.375000000000000E+000  0.500000000000000E-003
   207  0.150000000000000E+000 -0.450000000000000E+000 -0.375000000000000E+000  0.500000000000000E-003
   208  0.250000000000000E+000 -0.450000000000000E+000 -0.375000000000000E+000  0.500000000000000E-003
   209  0.350000000000000E+000 -0.450000000000000E+000 -0.375000000000000E+000  0.500000000000000E-003
   210  0.450000000000000E+000 -0.450000000000000E+000 -0.375000000000000E+000  0.500000000000000E-003
   211 -0.450000000000000E+000 -0.350000000000000E+000 -0.375000000000000E+000  0.500000000000000E-003
   212 -0.350000000000000E+000 -0.350000000000000E+000 -0.375000000000000E+000  0.500000000000000E-003
   213 -0.250000000000000E+000 -0.350000000000000E+000 -0.375000000000000E+000  0.500000000000000E-003
   214 -0.150000000000000E+000 -0.350000000000000E+000 -0.375000000000000E+000  0.500000000000000E-003
   215 -0.500000000000000E-001 -0.350000000000000E+000 -0.375000000000000E+000  0.500000000000000E-003
   216  0.500000000000000E-001 -0.350000000000000E+000 -0.375000000000000E+000  0.500000000000000E-003
   217  0.150000000000000E+000 -0.350000000000000E+000 -0.375000000000000E+000  0.500000000000000E-003
   218  0.250000000000000E+000 -0.350000000000000E+000 -0.375000000000000E+000  0.500000000000000E-003
   219  0.350000000000000E+000 -0.350000000000000E+000 -0.375000000000000E+000  0.500000000000000E-003
   220  0.450000000000000E+000 -0.350000000000000E+000 -0.375000000000000E+000  0.500000000000000E-003
   221 -0.450000000000000E+000 -0.250000000000000E+000 -0.375000000000000E+000  0.500000000000000E-003
   222 -0.350000000000000E+000 -0.250000000000000E+000 -0.375000000000000E+000  0.500000000000000E-003
   223 -0.250000000000000E+000 -0.250000000000000E+000 -0.375000000000000E+000  0.500000000000000E-003
   224 -0.150000000000000E+000 -0.250000000000000E+000 -0.375000000000000E+000  0.500000000000000E-003
   225 -0.500000000000000E-001 -0.250000000000000E+000 -0.375000000000000E+000  0.500000000000000E-003
   226  0.500000000000000E-001 -0.250000000000000E+000 -0.375000000000000E+000  0.500000000000000E-003
   227  0.150000000000000E+000 -0.250000000000000E+000 -0.375000000000000E+000  0.500000000000000E-003
   228  0.250000000000000E+000 -0.250000000000000E+000 -0.375000000000000E+000  0.500000000000000E-003
   229  0.350000000000000E+000 -0.250000000000000E+000 -0.375000000000000E+000  0.500000000000000E-003
   230  0.450000000000000E+000 -0.250000000000000E+000 -0.375000000000000E+000  0.500000000000000E-003
   231 -0.450000000000000E+000 -0.150000000000000E+000 -0.375000000000000E+000  0.500000000000000E-003
   232 -0.350000000000000E+000 -0.150000000000000E+000 -0.375000000000000E+000  0.500000000000000E-003
   233 -0.250000000000000E+000 -0.150000000000000E+000 -0.375000000000000E+000  0.500000000000000E-003
   234 -0.150000000000000E+000 -0.150000000000000E+000 -0.375000000000000E+000  0.500000000000000E-003
   235 -0.500000000000000E-001 -0.150000000000000E+000 -0.375000000000000E+000  0.500000000000000E-003
   236  0.500000000000000E-001 -0.150000000000000E+000 -0.375000000000000E+000  0.500000000000000E-003
   237  0.150000000000000E+000 -0.150000000000000E+000 -0.375000000000000E+000  0.500000000000000E-003
   238  0.250000000000000E+000 -0.150000000000000E+000 -0.375000000000000E+000  0.500000000000000E-003
   239  0.350000000000000E+000 -0.150000000000000E+000 -0.375000000000000E+000  0.500000000000000E-003
   240  0.450000000000000E+000 -0.150000000000000E+000 -0.375000000000000E+000  0.500000000000000E-003
   241 -0.450000000000000E+000 -0.500000000000000E-001 -0.375000000000000E+000  0.500000000000000E-003
   242 -0.350000000000000E+000 -0.500000000000000E-001 -0.375000000000000E+000  0.500000000000000E-003
   243 -0.250000000000000E+000 -0.500000000000000E-001 -0.375000000000000E+000  0.500000000000000E-003
   244 -0.150000000000000E+000 -0.500000000000000E-001 -0.375000000000000E+000  0.500000000000000E-003
   245 -0.500000000000000E-001 -0.500000000000000E-001 -0.375000000000000E+000  0.500000000000000E-003
   246  0.500000000000000E-001 -0.500000000000000E-001 -0.375000000000000E+000  0.500000000000000E-003
   247  0.150000000000000E+000 -0.500000000000000E-001 -0.375000000000000E+000  0.500000000000000E-003
   248  0.250000000000000E+000 -0.500000000000000E-001 -0.375000000000000E+000  0.500000000000000E-003
   249  0.350000000000000E+000 -0.500000000000000E-001 -0.375000000000000E+000  0.500000000000000E-003
   250  0.450000000000000E+000 -0.500000000000000E-001 -0.375000000000000E+000  0.500000000000000E-003
   251 -0.450000000000000E+000  0.500000000000000E-001 -0.375000000000000E+000  0.500000000000000E-003
   252 -0.350000000000000E+000  0.500000000000000E-001 -0.375000000000000E+000  0.500000000000000E-003
   253 -0.250000000000000E+000  0.500000000000000E-001 -0.375000000000000E+000  0.500000000000000E-003
   254 -0.150000000000000E+000  0.500000000000000E-001 -0.375000000000000E+000  0.500000000000000E-003
   255 -0.500000000000000E-001  0.500000000000000E-001 -0.375000000000000E+000  0.500000000000000E-003
   256  0.500000000000000E-001  0.500000000000000E-001 -0.375000000000000E+000  0.500000000000000E-003
   257  0.150000000000000E+000  0.500000000000000E-001 -0.375000000000000E+000  0.500000000000000E-003
   258  0.250000000000000E+000  0.500000000000000E-001 -0.375000000000000E+000  0.500000000000000E-003
   259  0.350000000000000E+000  0.500000000000000E-001 -0.375000000000000E+000  0.500000000000000E-003
   260  0.450000000000000E+000  0.500000000000000E-001 -0.375000000000000E+000  0.500000000000000E-003
   261 -0.450000000000000E+000  0.150000000000000E+000 -0.375000000000000E+000  0.500000000000000E-003
   262 -0.350000000000000E+000  0.150000000000000E+000 -0.375000000000000E+000  0.500000000000000E-003
   263 -0.250000000000000E+000  0.150000000000000E+000 -0.375000000000000E+000  0.500000000000000E-003
   264 -0.150000000000000E+000  0.150000000000000E+000 -0.375000000000000E+000  0.500000000000000E-003
   265 -0.500000000000000E-001  0.150000000000000E+000 -0.375000000000000E+000  0.500000000000000E-003
   266  0.500000000000000E-001  0.150000000000000E+000 -0.375000000000000E+000  0.500000000000000E-003
   267  0.150000000000000E+000  0.150000000000000E+000 -0.375000000000000E+000  0.500000000000000E-003
   268  0.250000000000000E+000  0.150000000000000E+000 -0.375000000000000E+000  0.500000000000000E-003
   269  0.350000000000000E+000  0.150000000000000E+000 -0.375000000000000E+000  0.500000000000000E-003
   270  0.450000000000000E+000  0.150000000000000E+000 -0.375000000000000E+000  0.500000000000000E-003
   271 -0.450000000000000E+000  0.250000000000000E+000 -0.375000000000000E+000  0.500000000000000E-003
   272 -0.350000000000000E+000  0.250000000000000E+000 -0.375000000000000E+000  0.500000000000000E-003
   273 -0.250000000000000E+000  0.250000000000000E+000 -0.375000000000000E+000  0.500000000000000E-003
   274 -0.150000000000000E+000  0.250000000000000E+000 -0.375000000000000E+000  0.500000000000000E-003
   275 -0.500000000000000E-001  0.250000000000000E+000 -0.375000000000000E+000  0.500000000000000E-003
   276  0.500000000000000E-001  0.250000000000000E+000 -0.375000000000000E+000  0.500000000000000E-003
   277  0.150000000000000E+000  0.250000000000000E+000 -0.375000000000000E+000  0.500000000000000E-003
   278  0.250000000000000E+000  0.250000000000000E+000 -0.375000000000000E+000  0.500000000000000E-003
   279  0.350000000000000E+000  0.250000000000000E+000 -0.375000000000000E+000  0.500000000000000E-003
   280  0.450000000000000E+000  0.250000000000000E+000 -0.375000000000000E+000  0.500000000000000E-003
   281 -0.450000000000000E+000  0.350000000000000E+000 -0.375000000000000E+000  0.500000000000000E-003
   282 -0.350000000000000E+000  0.350000000000000E+000 -0.375000000000000E+000  0.500000000000000E-003
   283 -0.250000000000000E+000  0.350000000000000E+000 -0.375000000000000E+000  0.500000000000000E-003
   284 -0.150000000000000E+000  0.350000000000000E+000 -0.375000000000000E+000  0.500000000000000E-003
   285 -0.500000000000000E-001  0.350000000000000E+000 -0.375000000000000E+000  0.500000000000000E-003
   286  0.500000000000000E-001  0.350000000000000E+000 -0.375000000000000E+000  0.500000000000000E-003
   287  0.150000000000000E+000  0.350000000000000E+000 -0.375000000000000E+000  0.500000000000000E-003
   288  0.250000000000000E+000  0.350000000000000E+000 -0.375000000000000E+000  0.500000000000000E-003
   289  0.350000000000000E+000  0.350000000000000E+000 -0.375000000000000E+000  0.500000000000000E-003
   290  0.450000000000000E+000  0.350000000000000E+000 -0.375000000000000E+000  0.500000000000000E-003
   291 -0.450000000000000E+000  0.450000000000000E+000 -0.375000000000000E+000  0.500000000000000E-003
   292 -0.350000000000000E+000  0.450000000000000E+000 -0.375000000000000E+000  0.500000000000000E-003
   293 -0.250000000000000E+000  0.450000000000000E+000 -0.375000000000000E+000  0.500000000000000E-003
   294 -0.150000000000000E+000  0.450000000000000E+000 -0.375000000000000E+000  0.500000000000000E-003
   295 -0.500000000000000E-001  0.450000000000000E+000 -0.375000000000000E+000  0.500000000000000E-003
   296  0.500000000000000E-001  0.450000000000000E+000 -0.375000000000000E+000  0.500000000000000E-003
   297  0.150000000000000E+000  0.450000000000000E+000 -0.375000000000000E+000  0.500000000000000E-003
   298  0.250000000000000E+000  0.450000000000000E+000 -0.375000000000000E+000  0.500000000000000E-003
   299  0.350000000000000E+000  0.450000000000000E+000 -0.375000000000000E+000  0.500000000000000E-003
   300  0.450000000000000E+000  0.450000000000000E+000 -0.375000000000000E+000  0.500000000000000E-003
   301 -0.450000000000000E+000 -0.450000000000000E+000 -0.325000000000000E+000  0.500000000000000E-003
   302 -0.350000000000000E+000 -0.450000000000000E+000 -0.325000000000000E+000  0.500000000000000E-003
   303 -0.250000000000000E+000 -0.450000000000000E+000 -0.325000000000000E+000  0.500000000000000E-003
   304 -0.150000000000000E+000 -0.450000000000000E+000 -0.325000000000000E+000  0.500000000000000E-003
   305 -0.500000000000000E-001 -0.450000000000000E+000 -0.325000000000000E+000  0.500000000000000E-003
   306  0.500000000000000E-001 -0.450000000000000E+000 -0.325000000000000E+000  0.500000000000000E-003
   307  0.150000000000000E+000 -0.450000000000000E+000 -0.325000000000000E+000  0.500000000000000E-003
   308  0.250000000000000E+000 -0.450000000000000E+000 -0.325000000000000E+000  0.500000000000000E-003
   309  0.350000000000000E+000 -0.450000000000000E+000 -0.325000000000000E+000  0.500000000000000E-003
   310  0.450000000000000E+000 -0.450000000000000E+000 -0.325000000000000E+000  0.500000000000000E-003
   311 -0.450000000000000E+000 -0.350000000000000E+000 -0.325000000000000E+000  0.500000000000000E-003
   312 -0.350000000000000E+000 -0.350000000000000E+000 -0.325000000000000E+000  0.500000000000000E-003
   313 -0.250000000000000E+000 -0.350000000000000E+000 -0.325000000000000E+000  0.500000000000000E-003
   314 -0.150000000000000E+000 -0.350000000000000E+000 -0.325000000000000E+000  0.500000000000000E-003
   315 -0.500000000000000E-001 -0.350000000000000E+000 -0.325000000000000E+000  0.500000000000000E-003
   316  0.500000000000000E-001 -0.350000000000000E+000 -0.325000000000000E+000  0.500000000000000E-003
   317  0.150000000000000E+000 -0.350000000000000E+000 -0.325000000000000E+000  0.500000000000000E-003
   318  0.250000000000000E+000 -0.350000000000000E+000 -0.325000000000000E+000  0.500000000000000E-003
   319  0.350000000000000E+000 -0.350000000000000E+000 -0.325000000000000E+000  0.500000000000000E-003
   320  0.450000000000000E+000 -0.350000000000000E+000 -0.325000000000000E+000  0.500000000000000E-003
   321 -0.450000000000000E+000 -0.250000000000000E+000 -0.325000000000000E+000  0.500000000000000E-003
   322 -0.350000000000000E+000 -0.250000000000000E+000 -0.325000000000000E+000  0.500000000000000E-003
   323 -0.250000000000000E+000 -0.250000000000000E+000 -0.325000000000000E+000  0.500000000000000E-003
   324 -0.150000000000000E+000 -0.250000000000000E+000 -0.325000000000000E+000  0.500000000000000E-003
   325 -0.500000000000000E-001 -0.250000000000000E+000 -0.325000000000000E+000  0.500000000000000E-003
   326  0.500000000000000E-001 -0.250000000000000E+000 -0.325000000000000E+000  0.500000000000000E-003
   327  0.150000000000000E+000 -0.250000000000000E+000 -0.325000000000000E+000  0.500000000000000E-003
   328  0.250000000000000E+000 -0.250000000000000E+000 -0.325000000000000E+000  0.500000000000000E-003
   329  0.350000000000000E+000 -0.250000000000000E+000 -0.325000000000000E+000  0.500000000000000E-003
   330  0.450000000000000E+000 -0.250000000000000E+000 -0.325000000000000E+000  0.500000000000000E-003
   331 -0.450000000000000E+000 -0.150000000000000E+000 -0.325000000000000E+000  0.500000000000000E-003
   332 -0.350000000000000E+000 -0.150000000000000E+000 -0.325000000000000E+000  0.500000000000000E-003
   333 -0.250000000000000E+000 -0.150000000000000E+000 -0.325000000000000E+000  0.500000000000000E-003
   334 -0.150000000000000E+000 -0.150000000000000E+000 -0.325000000000000E+000  0.500000000000000E-003
   335 -0.500000000000000E-001 -0.150000000000000E+000 -0.325000000000000E+000  0.500000000000000E-003
   336  0.500000000000000E-001 -0.150000000000000E+000 -0.325000000000000E+000  0.500000000000000E-003
   337  0.150000000000000E+000 -0.150000000000000E+000 -0.325000000000000E+000  0.500000000000000E-003
   338  0.250000000000000E+000 -0.150000000000000E+000 -0.325000000000000E+000  0.500000000000000E-003
   339  0.350000000000000E+000 -0.150000000000000E+000 -0.325000000000000E+000  0.500000000000000E-003
   340  0.450000000000000E+000 -0.150000000000000E+000 -0.325000000000000E+000  0.500000000000000E-003
   341 -0.450000000000000E+000 -0.500000000000000E-001 -0.325000000000000E+000  0.500000000000000E-003
   342 -0.350000000000000E+000 -0.500000000000000E-001 -0.325000000000000E+000  0.500000000000000E-003
   343 -0.250000000000000E+000 -0.500000000000000E-001 -0.325000000000000E+000  0.500000000000000E-003
   344 -0.150000000000000E+000 -0.500000000000000E-001 -0.325000000000000E+000  0.500000000000000E-003
   345 -0.500000000000000E-001 -0.500000000000000E-001 -0.325000000000000E+000  0.500000000000000E-003
   346  0.500000000000000E-001 -0.500000000000000E-001 -0.325000000000000E+000  0.500000000000000E-003
   347  0.150000000000000E+000 -0.500000000000000E-001 -0.325000000000000E+000  0.500000000000000E-003
   348  0.250000000000000E+000 -0.500000000000000E-001 -0.325000000000000E+000  0.500000000000000E-003
   349  0.350000000000000E+000 -0.500000000000000E-001 -0.325000000000000E+000  0.500000000000000E-003
   350  0.450000000000000E+000 -0.500000000000000E-001 -0.325000000000000E+000  0.500000000000000E-003
   351 -0.450000000000000E+000  0.500000000000000E-001 -0.325000000000000E+000  0.500000000000000E-003
   352 -0.350000000000000E+000  0.500000000000000E-001 -0.325000000000000E+000  0.500000000000000E-003
   353 -0.250000000000000E+000  0.500000000000000E-001 -0.325000000000000E+000  0.500000000000000E-003
   354 -0.150000000000000E+000  0.500000000000000E-001 -0.325000000000000E+000  0.500000000000000E-003
   355 -0.500000000000000E-001  0.500000000000000E-001 -0.325000000000000E+000  0.500000000000000E-003
   356  0.500000000000000E-001  0.500000000000000E-001 -0.325000000000000E+000  0.500000000000000E-003
   357  0.150000000000000E+000  0.500000000000000E-001 -0.325000000000000E+000  0.500000000000000E-003
   358  0.250000000000000E+000  0.500000000000000E-001 -0.325000000000000E+000  0.500000000000000E-003
   359  0.350000000000000E+000  0.500000000000000E-001 -0.325000000000000E+000  0.500000000000000E-003
   360  0.450000000000000E+000  0.500000000000000E-001 -0.325000000000000E+000  0.500000000000000E-003
   361 -0.450000000000000E+000  0.150000000000000E+000 -0.325000000000000E+000  0.500000000000000E-003
   362 -0.350000000000000E+000  0.150000000000000E+000 -0.325000000000000E+000  0.500000000000000E-003
   363 -0.250000000000000E+000  0.150000000000000E+000 -0.325000000000000E+000  0.500000000000000E-003
   364 -0.150000000000000E+000  0.150000000000000E+000 -0.325000000000000E+000  0.500000000000000E-003
   365 -0.500000000000000E-001  0.150000000000000E+000 -0.325000000000000E+000  0.500000000000000E-003
   366  0.500000000000000E-001  0.150000000000000E+000 -0.325000000000000E+000  0.500000000000000E-003
   367  0.150000000000000E+000  0.150000000000000E+000 -0.325000000000000E+000  0.500000000000000E-003
   368  0.250000000000000E+000  0.150000000000000E+000 -0.325000000000000E+000  0.500000000000000E-003
   369  0.350000000000000E+000  0.150000000000000E+000 -0.325000000000000E+000  0.500000000000000E-003
   370  0.450000000000000E+000  0.150000000000000E+000 -0.325000000000000E+000  0.500000000000000E-003
   371 -0.450000000000000E+000  0.250000000000000E+000 -0.325000000000000E+000  0.500000000000000E-003
   372 -0.350000000000000E+000  0.250000000000000E+000 -0.325000000000000E+000  0.500000000000000E-003
   373 -0.250000000000000E+000  0.250000000000000E+000 -0.325000000000000E+000  0.500000000000000E-003
   374 -0.150000000000000E+000  0.250000000000000E+000 -0.325000000000000E+000  0.500000000000000E-003
   375 -0.500000000000000E-001  0.250000000000000E+000 -0.325000000000000E+000  0.500000000000000E-003
   376  0.500000000000000E-001  0.250000000000000E+000 -0.325000000000000E+000  0.500000000000000E-003
   377  0.150000000000000E+000  0.250000000000000E+000 -0.325000000000000E+000  0.500000000000000E-003
   378  0.250000000000000E+000  0.250000000000000E+000 -0.325000000000000E+000  0.500000000000000E-003
   379  0.350000000000000E+000  0.250000000000000E+000 -0.325000000000000E+000  0.500000000000000E-003
   380  0.450000000000000E+000  0.250000000000000E+000 -0.325000000000000E+000  0.500000000000000E-003
   381 -0.450000000000000E+000  0.350000000000000E+000 -0.325000000000000E+000  0.500000000000000E-003
   382 -0.350000000000000E+000  0.350000000000000E+000 -0.325000000000000E+000  0.500000000000000E-003
   383 -0.250000000000000E+000  0.350000000000000E+000 -0.325000000000000E+000  0.500000000000000E-003
   384 -0.150000000000000E+000  0.350000000000000E+000 -0.325000000000000E+000  0.500000000000000E-003
   385 -0.500000000000000E-001  0.350000000000000E+000 -0.325000000000000E+000  0.500000000000000E-003
   386  0.500000000000000E-001  0.350000000000000E+000 -0.325000000000000E+000  0.500000000000000E-003
   387  0.150000000000000E+000  0.350000000000000E+000 -0.325000000000000E+000  0.500000000000000E-003
   388  0.250000000000000E+000  0.350000000000000E+000 -0.325000000000000E+000  0.500000000000000E-003
   389  0.350000000000000E+000  0.350000000000000E+000 -0.325000000000000E+000  0.500000000000000E-003
   390  0.450000000000000E+000  0.350000000000000E+000 -0.325000000000000E+000  0.500000000000000E-003
   391 -0.450000000000000E+000  0.450000000000000E+000 -0.325000000000000E+000  0.500000000000000E-003
   392 -0.350000000000000E+000  0.450000000000000E+000 -0.325000000000000E+000  0.500000000000000E-003
   393 -0.250000000000000E+000  0.450000000000000E+000 -0.325000000000000E+000  0.500000000000000E-003
   394 -0.150000000000000E+000  0.450000000000000E+000 -0.325000000000000E+000  0.500000000000000E-003
   395 -0.500000000000000E-001  0.450000000000000E+000 -0.325000000000000E+000  0.500000000000000E-003
   396  0.500000000000000E-001  0.450000000000000E+000 -0.325000000000000E+000  0.500000000000000E-003
   397  0.150000000000000E+000  0.450000000000000E+000 -0.325000000000000E+000  0.500000000000000E-003
   398  0.250000000000000E+000  0.450000000000000E+000 -0.325000000000000E+000  0.500000000000000E-003
   399  0.350000000000000E+000  0.450000000000000E+000 -0.325000000000000E+000  0.500000000000000E-003
   400  0.450000000000000E+000  0.450000000000000E+000 -0.325000000000000E+000  0.500000000000000E-003
   401 -0.450000000000000E+000 -0.450000000000000E+000 -0.275000000000000E+000  0.500000000000000E-003
   402 -0.350000000000000E+000 -0.450000000000000E+000 -0.275000000000000E+000  0.500000000000000E-003
   403 -0.250000000000000E+000 -0.450000000000000E+000 -0.275000000000000E+000  0.500000000000000E-003
   404 -0.150000000000000E+000 -0.450000000000000E+000 -0.275000000000000E+000  0.500000000000000E-003
   405 -0.500000000000000E-001 -0.450000000000000E+000 -0.275000000000000E+000  0.500000000000000E-003
   406  0.500000000000000E-001 -0.450000000000000E+000 -0.275000000000000E+000  0.500000000000000E-003
   407  0.150000000000000E+000 -0.450000000000000E+000 -0.275000000000000E+000  0.500000000000000E-003
   408  0.250000000000000E+000 -0.450000000000000E+000 -0.275000000000000E+000  0.500000000000000E-003
   409  0.350000000000000E+000 -0.450000000000000E+000 -0.275000000000000E+000  0.500000000000000E-003
   410  0.450000000000000E+000 -0.450000000000000E+000 -0.275000000000000E+000  0.500000000000000E-003
   411 -0.450000000000000E+000 -0.350000000000000E+000 -0.275000000000000E+000  0.500000000000000E-003
   412 -0.350000000000000E+000 -0.350000000000000E+000 -0.275000000000000E+000  0.500000000000000E-003
   413 -0.250000000000000E+000 -0.350000000000000E+000 -0.275000000000000E+000  0.500000000000000E-003
   414 -0.150000000000000E+000 -0.350000000000000E+000 -0.275000000000000E+000  0.500000000000000E-003
   415 -0.500000000000000E-001 -0.350000000000000E+000 -0.275000000000000E+000  0.500000000000000E-003
   416  0.500000000000000E-001 -0.350000000000000E+000 -0.275000000000000E+000  0.500000000000000E-003
   417  0.150000000000000E+000 -0.350000000000000E+000 -0.275000000000000E+000  0.500000000000000E-003
   418  0.250000000000000E+000 -0.350000000000000E+000 -0.275000000000000E+000  0.500000000000000E-003
   419  0.350000000000000E+000 -0.350000000000000E+000 -0.275000000000000E+000  0.500000000000000E-003
   420  0.450000000000000E+000 -0.350000000000000E+000 -0.275000000000000E+000  0.500000000000000E-003
   421 -0.450000000000000E+000 -0.250000000000000E+000 -0.275000000000000E+000  0.500000000000000E-003
   422 -0.350000000000000E+000 -0.250000000000000E+000 -0.275000000000000E+000  0.500000000000000E-003
   423 -0.250000000000000E+000 -0.250000000000000E+000 -0.275000000000000E+000  0.500000000000000E-003
   424 -0.150000000000000E+000 -0.250000000000000E+000 -0.275000000000000E+000  0.500000000000000E-003
   425 -0.500000000000000E-001 -0.250000000000000E+000 -0.275000000000000E+000  0.500000000000000E-003
   426  0.500000000000000E-001 -0.250000000000000E+000 -0.275000000000000E+000  0.500000000000000E-003
   427  0.150000000000000E+000 -0.250000000000000E+000 -0.275000000000000E+000  0.500000000000000E-003
   428  0.250000000000000E+000 -0.250000000000000E+000 -0.275000000000000E+000  0.500000000000000E-003
   429  0.350000000000000E+000 -0.250000000000000E+000 -0.275000000000000E+000  0.500000000000000E-003
   430  0.450000000000000E+000 -0.250000000000000E+000 -0.275000000000000E+000  0.500000000000000E-003
   431 -0.450000000000000E+000 -0.150000000000000E+000 -0.275000000000000E+000  0.500000000000000E-003
   432 -0.350000000000000E+000 -0.150000000000000E+000 -0.275000000000000E+000  0.500000000000000E-003
   433 -0.250000000000000E+000 -0.150000000000000E+000 -0.275000000000000E+000  0.500000000000000E-003
   434 -0.150000000000000E+000 -0.150000000000000E+000 -0.275000000000000E+000  0.500000000000000E-003
   435 -0.500000000000000E-001 -0.150000000000000E+000 -0.275000000000000E+000  0.500000000000000E-003
   436  0.500000000000000E-001 -0.150000000000000E+000 -0.275000000000000E+000  0.500000000000000E-003
   437  0.150000000000000E+000 -0.150000000000000E+000 -0.275000000000000E+000  0.500000000000000E-003
   438  0.250000000000000E+000 -0.150000000000000E+000 -0.275000000000000E+000  0.500000000000000E-003
   439  0.350000000000000E+000 -0.150000000000000E+000 -0.275000000000000E+000  0.500000000000000E-003
   440  0.450000000000000E+000 -0.150000000000000E+000 -0.275000000000000E+000  0.500000000000000E-003
   441 -0.450000000000000E+000 -0.500000000000000E-001 -0.275000000000000E+000  0.500000000000000E-003
   442 -0.350000000000000E+000 -0.500000000000000E-001 -0.275000000000000E+000  0.500000000000000E-003
   443 -0.250000000000000E+000 -0.500000000000000E-001 -0.275000000000000E+000  0.500000000000000E-003
   444 -0.150000000000000E+000 -0.500000000000000E-001 -0.275000000000000E+000  0.500000000000000E-003
   445 -0.500000000000000E-001 -0.500000000000000E-001 -0.275000000000000E+000  0.500000000000000E-003
   446  0.500000000000000E-001 -0.500000000000000E-001 -0.275000000000000E+000  0.500000000000000E-003
   447  0.150000000000000E+000 -0.500000000000000E-001 -0.275000000000000E+000  0.500000000000000E-003
   448  0.250000000000000E+000 -0.500000000000000E-001 -0.275000000000000E+000  0.500000000000000E-003
   449  0.350000000000000E+000 -0.500000000000000E-001 -0.275000000000000E+000  0.500000000000000E-003
   450  0.450000000000000E+000 -0.500000000000000E-001 -0.275000000000000E+000  0.500000000000000E-003
   451 -0.450000000000000E+000  0.500000000000000E-001 -0.275000000000000E+000  0.500000000000000E-003
   452 -0.350000000000000E+000  0.500000000000000E-001 -0.275000000000000E+000  0.500000000000000E-003
   453 -0.250000000000000E+000  0.500000000000000E-001 -0.275000000000000E+000  0.500000000000000E-003
   454 -0.150000000000000E+000  0.500000000000000E-001 -0.275000000000000E+000  0.500000000000000E-003
   455 -0.500000000000000E-001  0.500000000000000E-001 -0.275000000000000E+000  0.500000000000000E-003
   456  0.500000000000000E-001  0.500000000000000E-001 -0.275000000000000E+000  0.500000000000000E-003
   457  0.150000000000000E+000  0.500000000000000E-001 -0.275000000000000E+000  0.500000000000000E-003
   458  0.250000000000000E+000  0.500000000000000E-001 -0.275000000000000E+000  0.500000000000000E-003
   459  0.350000000000000E+000  0.500000000000000E-001 -0.275000000000000E+000  0.500000000000000E-003
   460  0.450000000000000E+000  0.500000000000000E-001 -0.275000000000000E+000  0.500000000000000E-003
   461 -0.450000000000000E+000  0.150000000000000E+000 -0.275000000000000E+000  0.500000000000000E-003
   462 -0.350000000000000E+000  0.150000000000000E+000 -0.275000000000000E+000  0.500000000000000E-003
   463 -0.250000000000000E+000  0.150000000000000E+000 -0.275000000000000E+000  0.500000000000000E-003
   464 -0.150000000000000E+000  0.150000000000000E+000 -0.275000000000000E+000  0.500000000000000E-003
   465 -0.500000000000000E-001  0.150000000000000E+000 -0.275000000000000E+000  0.500000000000000E-003
   466  0.500000000000000E-001  0.150000000000000E+000 -0.275000000000000E+000  0.500000000000000E-003
   467  0.150000000000000E+000  0.150000000000000E+000 -0.275000000000000E+000  0.500000000000000E-003
   468  0.250000000000000E+000  0.150000000000000E+000 -0.275000000000000E+000  0.500000000000000E-003
   469  0.350000000000000E+000  0.150000000000000E+000 -0.275000000000000E+000  0.500000000000000E-003
   470  0.450000000000000E+000  0.150000000000000E+000 -0.275000000000000E+000  0.500000000000000E-003
   471 -0.450000000000000E+000  0.250000000000000E+000 -0.275000000000000E+000  0.500000000000000E-003
   472 -0.350000000000000E+000  0.250000000000000E+000 -0.275000000000000E+000  0.500000000000000E-003
   473 -0.250000000000000E+000  0.250000000000000E+000 -0.275000000000000E+000  0.500000000000000E-003
   474 -0.150000000000000E+000  0.250000000000000E+000 -0.275000000000000E+000  0.500000000000000E-003
   475 -0.500000000000000E-001  0.250000000000000E+000 -0.275000000000000E+000  0.500000000000000E-003
   476  0.500000000000000E-001  0.250000000000000E+000 -0.275000000000000E+000  0.500000000000000E-003
   477  0.150000000000000E+000  0.250000000000000E+000 -0.275000000000000E+000  0.500000000000000E-003
   478  0.250000000000000E+000  0.250000000000000E+000 -0.275000000000000E+000  0.500000000000000E-003
   479  0.350000000000000E+000  0.250000000000000E+000 -0.275000000000000E+000  0.500000000000000E-003
   480  0.450000000000000E+000  0.250000000000000E+000 -0.275000000000000E+000  0.500000000000000E-003
   481 -0.450000000000000E+000  0.350000000000000E+000 -0.275000000000000E+000  0.500000000000000E-003
   482 -0.350000000000000E+000  0.350000000000000E+000 -0.275000000000000E+000  0.500000000000000E-003
   483 -0.250000000000000E+000  0.350000000000000E+000 -0.275000000000000E+000  0.500000000000000E-003
   484 -0.150000000000000E+000  0.350000000000000E+000 -0.275000000000000E+000  0.500000000000000E-003
   485 -0.500000000000000E-001  0.350000000000000E+000 -0.275000000000000E+000  0.500000000000000E-003
   486  0.500000000000000E-001  0.350000000000000E+000 -0.275000000000000E+000  0.500000000000000E-003
   487  0.150000000000000E+000  0.350000000000000E+000 -0.275000000000000E+000  0.500000000000000E-003
   488  0.250000000000000E+000  0.350000000000000E+000 -0.275000000000000E+000  0.500000000000000E-003
   489  0.350000000000000E+000  0.350000000000000E+000 -0.275000000000000E+000  0.500000000000000E-003
   490  0.450000000000000E+000  0.350000000000000E+000 -0.275000000000000E+000  0.500000000000000E-003
   491 -0.450000000000000E+000  0.450000000000000E+000 -0.275000000000000E+000  0.500000000000000E-003
   492 -0.350000000000000E+000  0.450000000000000E+000 -0.275000000000000E+000  0.500000000000000E-003
   493 -0.250000000000000E+000  0.450000000000000E+000 -0.275000000000000E+000  0.500000000000000E-003
   494 -0.150000000000000E+000  0.450000000000000E+000 -0.275000000000000E+000  0.500000000000000E-003
   495 -0.500000000000000E-001  0.450000000000000E+000 -0.275000000000000E+000  0.500000000000000E-003
   496  0.500000000000000E-001  0.450000000000000E+000 -0.275000000000000E+000  0.500000000000000E-003
   497  0.150000000000000E+000  0.450000000000000E+000 -0.275000000000000E+000  0.500000000000000E-003
   498  0.250000000000000E+000  0.450000000000000E+000 -0.275000000000000E+000  0.500000000000000E-003
   499  0.350000000000000E+000  0.450000000000000E+000 -0.275000000000000E+000  0.500000000000000E-003
   500  0.450000000000000E+000  0.450000000000000E+000 -0.275000000000000E+000  0.500000000000000E-003
   501 -0.450000000000000E+000 -0.450000000000000E+000 -0.225000000000000E+000  0.500000000000000E-003
   502 -0.350000000000000E+000 -0.450000000000000E+000 -0.225000000000000E+000  0.500000000000000E-003
   503 -0.250000000000000E+000 -0.450000000000000E+000 -0.225000000000000E+000  0.500000000000000E-003
   504 -0.150000000000000E+000 -0.450000000000000E+000 -0.225000000000000E+000  0.500000000000000E-003
   505 -0.500000000000000E-001 -0.450000000000000E+000 -0.225000000000000E+000  0.500000000000000E-003
   506  0.500000000000000E-001 -0.450000000000000E+000 -0.225000000000000E+000  0.500000000000000E-003
   507  0.150000000000000E+000 -0.450000000000000E+000 -0.225000000000000E+000  0.500000000000000E-003
   508  0.250000000000000E+000 -0.450000000000000E+000 -0.225000000000000E+000  0.500000000000000E-003
   509  0.350000000000000E+000 -0.450000000000000E+000 -0.225000000000000E+000  0.500000000000000E-003
   510  0.450000000000000E+000 -0.450000000000000E+000 -0.225000000000000E+000  0.500000000000000E-003
   511 -0.450000000000000E+000 -0.350000000000000E+000 -0.225000000000000E+000  0.500000000000000E-003
   512 -0.350000000000000E+000 -0.350000000000000E+000 -0.225000000000000E+000  0.500000000000000E-003
   513 -0.250000000000000E+000 -0.350000000000000E+000 -0.225000000000000E+000  0.500000000000000E-003
   514 -0.150000000000000E+000 -0.350000000000000E+000 -0.225000000000000E+000  0.500000000000000E-003
   515 -0.500000000000000E-001 -0.350000000000000E+000 -0.225000000000000E+000  0.500000000000000E-003
   516  0.500000000000000E-001 -0.350000000000000E+000 -0.225000000000000E+000  0.500000000000000E-003
   517  0.150000000000000E+000 -0.350000000000000E+000 -0.225000000000000E+000  0.500000000000000E-003
   518  0.250000000000000E+000 -0.350000000000000E+000 -0.225000000000000E+000  0.500000000000000E-003
   519  0.350000000000000E+000 -0.350000000000000E+000 -0.225000000000000E+000  0.500000000000000E-003
   520  0.450000000000000E+000 -0.350000000000000E+000 -0.225000000000000E+000  0.500000000000000E-003
   521 -0.450000000000000E+000 -0.250000000000000E+000 -0.225000000000000E+000  0.500000000000000E-003
   522 -0.350000000000000E+000 -0.250000000000000E+000 -0.225000000000000E+000  0.500000000000000E-003
   523 -0.250000000000000E+000 -0.250000000000000E+000 -0.225000000000000E+000  0.500000000000000E-003
   524 -0.150000000000000E+000 -0.250000000000000E+000 -0.225000000000000E+000  0.500000000000000E-003
   525 -0.500000000000000E-001 -0.250000000000000E+000 -0.225000000000000E+000  0.500000000000000E-003
   526  0.500000000000000E-001 -0.250000000000000E+000 -0.225000000000000E+000  0.500000000000000E-003
   527  0.150000000000000E+000 -0.250000000000000E+000 -0.225000000000000E+000  0.500000000000000E-003
   528  0.250000000000000E+000 -0.250000000000000E+000 -0.225000000000000E+000  0.500000000000000E-003
   529  0.350000000000000E+000 -0.250000000000000E+000 -0.225000000000000E+000  0.500000000000000E-003
   530  0.450000000000000E+000 -0.250000000000000E+000 -0.225000000000000E+000  0.500000000000000E-003
   531 -0.450000000000000E+000 -0.150000000000000E+000 -0.225000000000000E+000  0.500000000000000E-003
   532 -0.350000000000000E+000 -0.150000000000000E+000 -0.225000000000000E+000  0.500000000000000E-003
   533 -0.250000000000000E+000 -0.150000000000000E+000 -0.225000000000000E+000  0.500000000000000E-003
   534 -0.150000000000000E+000 -0.150000000000000E+000 -0.225000000000000E+000  0.500000000000000E-003
   535 -0.500000000000000E-001 -0.150000000000000E+000 -0.225000000000000E+000  0.500000000000000E-003
   536  0.500000000000000E-001 -0.150000000000000E+000 -0.225000000000000E+000  0.500000000000000E-003
   537  0.150000000000000E+000 -0.150000000000000E+000 -0.225000000000000E+000  0.500000000000000E-003
   538  0.250000000000000E+000 -0.150000000000000E+000 -0.225000000000000E+000  0.500000000000000E-003
   539  0.350000000000000E+000 -0.150000000000000E+000 -0.225000000000000E+000  0.500000000000000E-003
   540  0.450000000000000E+000 -0.150000000000000E+000 -0.225000000000000E+000  0.500000000000000E-003
   541 -0.450000000000000E+000 -0.500000000000000E-001 -0.225000000000000E+000  0.500000000000000E-003
   542 -0.350000000000000E+000 -0.500000000000000E-001 -0.225000000000000E+000  0.500000000000000E-003
   543 -0.250000000000000E+000 -0.500000000000000E-001 -0.225000000000000E+000  0.500000000000000E-003
   544 -0.150000000000000E+000 -0.500000000000000E-001 -0.225000000000000E+000  0.500000000000000E-003
   545 -0.500000000000000E-001 -0.500000000000000E-001 -0.225000000000000E+000  0.500000000000000E-003
   546  0.500000000000000E-001 -0.500000000000000E-001 -0.225000000000000E+000  0.500000000000000E-003
   547  0.150000000000000E+000 -0.500000000000000E-001 -0.225000000000000E+000  0.500000000000000E-003
   548  0.250000000000000E+000 -0.500000000000000E-001 -0.225000000000000E+000  0.500000000000000E-003
   549  0.350000000000000E+000 -0.500000000000000E-001 -0.225000000000000E+000  0.500000000000000E-003
   550  0.450000000000000E+000 -0.500000000000000E-001 -0.225000000000000E+000  0.500000000000000E-003
   551 -0.450000000000000E+000  0.500000000000000E-001 -0.225000000000000E+000  0.500000000000000E-003
   552 -0.350000000000000E+000  0.500000000000000E-001 -0.225000000000000E+000  0.500000000000000E-003
   553 -0.250000000000000E+000  0.500000000000000E-001 -0.225000000000000E+000  0.500000000000000E-003
   554 -0.150000000000000E+000  0.500000000000000E-001 -0.225000000000000E+000  0.500000000000000E-003
   555 -0.500000000000000E-001  0.500000000000000E-001 -0.225000000000000E+000  0.500000000000000E-003
   556  0.500000000000000E-001  0.500000000000000E-001 -0.225000000000000E+000  0.500000000000000E-003
   557  0.150000000000000E+000  0.500000000000000E-001 -0.225000000000000E+000  0.500000000000000E-003
   558  0.250000000000000E+000  0.500000000000000E-001 -0.225000000000000E+000  0.500000000000000E-003
   559  0.350000000000000E+000  0.500000000000000E-001 -0.225000000000000E+000  0.500000000000000E-003
   560  0.450000000000000E+000  0.500000000000000E-001 -0.225000000000000E+000  0.500000000000000E-003
   561 -0.450000000000000E+000  0.150000000000000E+000 -0.225000000000000E+000  0.500000000000000E-003
   562 -0.350000000000000E+000  0.150000000000000E+000 -0.225000000000000E+000  0.500000000000000E-003
   563 -0.250000000000000E+000  0.150000000000000E+000 -0.225000000000000E+000  0.500000000000000E-003
   564 -0.150000000000000E+000  0.150000000000000E+000 -0.225000000000000E+000  0.500000000000000E-003
   565 -0.500000000000000E-001  0.150000000000000E+000 -0.225000000000000E+000  0.500000000000000E-003
   566  0.500000000000000E-001  0.150000000000000E+000 -0.225000000000000E+000  0.500000000000000E-003
   567  0.150000000000000E+000  0.150000000000000E+000 -0.225000000000000E+000  0.500000000000000E-003
   568  0.250000000000000E+000  0.150000000000000E+000 -0.225000000000000E+000  0.500000000000000E-003
   569  0.350000000000000E+000  0.150000000000000E+000 -0.225000000000000E+000  0.500000000000000E-003
   570  0.450000000000000E+000  0.150000000000000E+000 -0.225000000000000E+000  0.500000000000000E-003
   571 -0.450000000000000E+000  0.250000000000000E+000 -0.225000000000000E+000  0.500000000000000E-003
   572 -0.350000000000000E+000  0.250000000000000E+000 -0.225000000000000E+000  0.500000000000000E-003
   573 -0.250000000000000E+000  0.250000000000000E+000 -0.225000000000000E+000  0.500000000000000E-003
   574 -0.150000000000000E+000  0.250000000000000E+000 -0.225000000000000E+000  0.500000000000000E-003
   575 -0.500000000000000E-001  0.250000000000000E+000 -0.225000000000000E+000  0.500000000000000E-003
   576  0.500000000000000E-001  0.250000000000000E+000 -0.225000000000000E+000  0.500000000000000E-003
   577  0.150000000000000E+000  0.250000000000000E+000 -0.225000000000000E+000  0.500000000000000E-003
   578  0.250000000000000E+000  0.250000000000000E+000 -0.225000000000000E+000  0.500000000000000E-003
   579  0.350000000000000E+000  0.250000000000000E+000 -0.225000000000000E+000  0.500000000000000E-003
   580  0.450000000000000E+000  0.250000000000000E+000 -0.225000000000000E+000  0.500000000000000E-003
   581 -0.450000000000000E+000  0.350000000000000E+000 -0.225000000000000E+000  0.500000000000000E-003
   582 -0.350000000000000E+000  0.350000000000000E+000 -0.225000000000000E+000  0.500000000000000E-003
   583 -0.250000000000000E+000  0.350000000000000E+000 -0.225000000000000E+000  0.500000000000000E-003
   584 -0.150000000000000E+000  0.350000000000000E+000 -0.225000000000000E+000  0.500000000000000E-003
   585 -0.500000000000000E-001  0.350000000000000E+000 -0.225000000000000E+000  0.500000000000000E-003
   586  0.500000000000000E-001  0.350000000000000E+000 -0.225000000000000E+000  0.500000000000000E-003
   587  0.150000000000000E+000  0.350000000000000E+000 -0.225000000000000E+000  0.500000000000000E-003
   588  0.250000000000000E+000  0.350000000000000E+000 -0.225000000000000E+000  0.500000000000000E-003
   589  0.350000000000000E+000  0.350000000000000E+000 -0.225000000000000E+000  0.500000000000000E-003
   590  0.450000000000000E+000  0.350000000000000E+000 -0.225000000000000E+000  0.500000000000000E-003
   591 -0.450000000000000E+000  0.450000000000000E+000 -0.225000000000000E+000  0.500000000000000E-003
   592 -0.350000000000000E+000  0.450000000000000E+000 -0.225000000000000E+000  0.500000000000000E-003
   593 -0.250000000000000E+000  0.450000000000000E+000 -0.225000000000000E+000  0.500000000000000E-003
   594 -0.150000000000000E+000  0.450000000000000E+000 -0.225000000000000E+000  0.500000000000000E-003
   595 -0.500000000000000E-001  0.450000000000000E+000 -0.225000000000000E+000  0.500000000000000E-003
   596  0.500000000000000E-001  0.450000000000000E+000 -0.225000000000000E+000  0.500000000000000E-003
   597  0.150000000000000E+000  0.450000000000000E+000 -0.225000000000000E+000  0.500000000000000E-003
   598  0.250000000000000E+000  0.450000000000000E+000 -0.225000000000000E+000  0.500000000000000E-003
   599  0.350000000000000E+000  0.450000000000000E+000 -0.225000000000000E+000  0.500000000000000E-003
   600  0.450000000000000E+000  0.450000000000000E+000 -0.225000000000000E+000  0.500000000000000E-003
   601 -0.450000000000000E+000 -0.450000000000000E+000 -0.175000000000000E+000  0.500000000000000E-003
   602 -0.350000000000000E+000 -0.450000000000000E+000 -0.175000000000000E+000  0.500000000000000E-003
   603 -0.250000000000000E+000 -0.450000000000000E+000 -0.175000000000000E+000  0.500000000000000E-003
   604 -0.150000000000000E+000 -0.450000000000000E+000 -0.175000000000000E+000  0.500000000000000E-003
   605 -0.500000000000000E-001 -0.450000000000000E+000 -0.175000000000000E+000  0.500000000000000E-003
   606  0.500000000000000E-001 -0.450000000000000E+000 -0.175000000000000E+000  0.500000000000000E-003
   607  0.150000000000000E+000 -0.450000000000000E+000 -0.175000000000000E+000  0.500000000000000E-003
   608  0.250000000000000E+000 -0.450000000000000E+000 -0.175000000000000E+000  0.500000000000000E-003
   609  0.350000000000000E+000 -0.450000000000000E+000 -0.175000000000000E+000  0.500000000000000E-003
   610  0.450000000000000E+000 -0.450000000000000E+000 -0.175000000000000E+000  0.500000000000000E-003
   611 -0.450000000000000E+000 -0.350000000000000E+000 -0.175000000000000E+000  0.500000000000000E-003
   612 -0.350000000000000E+000 -0.350000000000000E+000 -0.175000000000000E+000  0.500000000000000E-003
   613 -0.250000000000000E+000 -0.350000000000000E+000 -0.175000000000000E+000  0.500000000000000E-003
   614 -0.150000000000000E+000 -0.350000000000000E+000 -0.175000000000000E+000  0.500000000000000E-003
   615 -0.500000000000000E-001 -0.350000000000000E+000 -0.175000000000000E+000  0.500000000000000E-003
   616  0.500000000000000E-001 -0.350000000000000E+000 -0.175000000000000E+000  0.500000000000000E-003
   617  0.150000000000000E+000 -0.350000000000000E+000 -0.175000000000000E+000  0.500000000000000E-003
   618  0.250000000000000E+000 -0.350000000000000E+000 -0.175000000000000E+000  0.500000000000000E-003
   619  0.350000000000000E+000 -0.350000000000000E+000 -0.175000000000000E+000  0.500000000000000E-003
   620  0.450000000000000E+000 -0.350000000000000E+000 -0.175000000000000E+000  0.500000000000000E-003
   621 -0.450000000000000E+000 -0.250000000000000E+000 -0.175000000000000E+000  0.500000000000000E-003
   622 -0.350000000000000E+000 -0.250000000000000E+000 -0.175000000000000E+000  0.500000000000000E-003
   623 -0.250000000000000E+000 -0.250000000000000E+000 -0.175000000000000E+000  0.500000000000000E-003
   624 -0.150000000000000E+000 -0.250000000000000E+000 -0.175000000000000E+000  0.500000000000000E-003
   625 -0.500000000000000E-001 -0.250000000000000E+000 -0.175000000000000E+000  0.500000000000000E-003
   626  0.500000000000000E-001 -0.250000000000000E+000 -0.175000000000000E+000  0.500000000000000E-003
   627  0.150000000000000E+000 -0.250000000000000E+000 -0.175000000000000E+000  0.500000000000000E-003
   628  0.250000000000000E+000 -0.250000000000000E+000 -0.175000000000000E+000  0.500000000000000E-003
   629  0.350000000000000E+000 -0.250000000000000E+000 -0.175000000000000E+000  0.500000000000000E-003
   630  0.450000000000000E+000 -0.250000000000000E+000 -0.175000000000000E+000  0.500000000000000E-003
   631 -0.450000000000000E+000 -0.150000000000000E+000 -0.175000000000000E+000  0.500000000000000E-003
   632 -0.350000000000000E+000 -0.150000000000000E+000 -0.175000000000000E+000  0.500000000000000E-003
   633 -0.250000000000000E+000 -0.150000000000000E+000 -0.175000000000000E+000  0.500000000000000E-003
   634 -0.150000000000000E+000 -0.150000000000000E+000 -0.175000000000000E+000  0.500000000000000E-003
   635 -0.500000000000000E-001 -0.150000000000000E+000 -0.175000000000000E+000  0.500000000000000E-003
   636  0.500000000000000E-001 -0.150000000000000E+000 -0.175000000000000E+000  0.500000000000000E-003
   637  0.150000000000000E+000 -0.150000000000000E+000 -0.175000000000000E+000  0.500000000000000E-003
   638  0.250000000000000E+000 -0.150000000000000E+000 -0.175000000000000E+000  0.500000000000000E-003
   639  0.350000000000000E+000 -0.150000000000000E+000 -0.175000000000000E+000  0.500000000000000E-003
   640  0.450000000000000E+000 -0.150000000000000E+000 -0.175000000000000E+000  0.500000000000000E-003
   641 -0.450000000000000E+000 -0.500000000000000E-001 -0.175000000000000E+000  0.500000000000000E-003
   642 -0.350000000000000E+000 -0.500000000000000E-001 -0.175000000000000E+000  0.500000000000000E-003
   643 -0.250000000000000E+000 -0.500000000000000E-001 -0.175000000000000E+000  0.500000000000000E-003
   644 -0.150000000000000E+000 -0.500000000000000E-001 -0.175000000000000E+000  0.500000000000000E-003
   645 -0.500000000000000E-001 -0.500000000000000E-001 -0.175000000000000E+000  0.500000000000000E-003
   646  0.500000000000000E-001 -0.500000000000000E-001 -0.175000000000000E+000  0.500000000000000E-003
   647  0.150000000000000E+000 -0.500000000000000E-001 -0.175000000000000E+000  0.500000000000000E-003
   648  0.250000000000000E+000 -0.500000000000000E-001 -0.175000000000000E+000  0.500000000000000E-003
   649  0.350000000000000E+000 -0.500000000000000E-001 -0.175000000000000E+000  0.500000000000000E-003
   650  0.450000000000000E+000 -0.500000000000000E-001 -0.175000000000000E+000  0.500000000000000E-003
   651 -0.450000000000000E+000  0.500000000000000E-001 -0.175000000000000E+000  0.500000000000000E-003
   652 -0.350000000000000E+000  0.500000000000000E-001 -0.175000000000000E+000  0.500000000000000E-003
   653 -0.250000000000000E+000  0.500000000000000E-001 -0.175000000000000E+000  0.500000000000000E-003
   654 -0.150000000000000E+000  0.500000000000000E-001 -0.175000000000000E+000  0.500000000000000E-003
   655 -0.500000000000000E-001  0.500000000000000E-001 -0.175000000000000E+000  0.500000000000000E-003
   656  0.500000000000000E-001  0.500000000000000E-001 -0.175000000000000E+000  0.500000000000000E-003
   657  0.150000000000000E+000  0.500000000000000E-001 -0.175000000000000E+000  0.500000000000000E-003
   658  0.250000000000000E+000  0.500000000000000E-001 -0.175000000000000E+000  0.500000000000000E-003
   659  0.350000000000000E+000  0.500000000000000E-001 -0.175000000000000E+000  0.500000000000000E-003
   660  0.450000000000000E+000  0.500000000000000E-001 -0.175000000000000E+000  0.500000000000000E-003
   661 -0.450000000000000E+000  0.150000000000000E+000 -0.175000000000000E+000  0.500000000000000E-003
   662 -0.350000000000000E+000  0.150000000000000E+000 -0.175000000000000E+000  0.500000000000000E-003
   663 -0.250000000000000E+000  0.150000000000000E+000 -0.175000000000000E+000  0.500000000000000E-003
   664 -0.150000000000000E+000  0.150000000000000E+000 -0.175000000000000E+000  0.500000000000000E-003
   665 -0.500000000000000E-001  0.150000000000000E+000 -0.175000000000000E+000  0.500000000000000E-003
   666  0.500000000000000E-001  0.150000000000000E+000 -0.175000000000000E+000  0.500000000000000E-003
   667  0.150000000000000E+000  0.150000000000000E+000 -0.175000000000000E+000  0.500000000000000E-003
   668  0.250000000000000E+000  0.150000000000000E+000 -0.175000000000000E+000  0.500000000000000E-003
   669  0.350000000000000E+000  0.150000000000000E+000 -0.175000000000000E+000  0.500000000000000E-003
   670  0.450000000000000E+000  0.150000000000000E+000 -0.175000000000000E+000  0.500000000000000E-003
   671 -0.450000000000000E+000  0.250000000000000E+000 -0.175000000000000E+000  0.500000000000000E-003
   672 -0.350000000000000E+000  0.250000000000000E+000 -0.175000000000000E+000  0.500000000000000E-003
   673 -0.250000000000000E+000  0.250000000000000E+000 -0.175000000000000E+000  0.500000000000000E-003
   674 -0.150000000000000E+000  0.250000000000000E+000 -0.175000000000000E+000  0.500000000000000E-003
   675 -0.500000000000000E-001  0.250000000000000E+000 -0.175000000000000E+000  0.500000000000000E-003
   676  0.500000000000000E-001  0.250000000000000E+000 -0.175000000000000E+000  0.500000000000000E-003
   677  0.150000000000000E+000  0.250000000000000E+000 -0.175000000000000E+000  0.500000000000000E-003
   678  0.250000000000000E+000  0.250000000000000E+000 -0.175000000000000E+000  0.500000000000000E-003
   679  0.350000000000000E+000  0.250000000000000E+000 -0.175000000000000E+000  0.500000000000000E-003
   680  0.450000000000000E+000  0.250000000000000E+000 -0.175000000000000E+000  0.500000000000000E-003
   681 -0.450000000000000E+000  0.350000000000000E+000 -0.175000000000000E+000  0.500000000000000E-003
   682 -0.350000000000000E+000  0.350000000000000E+000 -0.175000000000000E+000  0.500000000000000E-003
   683 -0.250000000000000E+000  0.350000000000000E+000 -0.175000000000000E+000  0.500000000000000E-003
   684 -0.150000000000000E+000  0.350000000000000E+000 -0.175000000000000E+000  0.500000000000000E-003
   685 -0.500000000000000E-001  0.350000000000000E+000 -0.175000000000000E+000  0.500000000000000E-003
   686  0.500000000000000E-001  0.350000000000000E+000 -0.175000000000000E+000  0.500000000000000E-003
   687  0.150000000000000E+000  0.350000000000000E+000 -0.175000000000000E+000  0.500000000000000E-003
   688  0.250000000000000E+000  0.350000000000000E+000 -0.175000000000000E+000  0.500000000000000E-003
   689  0.350000000000000E+000  0.350000000000000E+000 -0.175000000000000E+000  0.500000000000000E-003
   690  0.450000000000000E+000  0.350000000000000E+000 -0.175000000000000E+000  0.500000000000000E-003
   691 -0.450000000000000E+000  0.450000000000000E+000 -0.175000000000000E+000  0.500000000000000E-003
   692 -0.350000000000000E+000  0.450000000000000E+000 -0.175000000000000E+000  0.500000000000000E-003
   693 -0.250000000000000E+000  0.450000000000000E+000 -0.175000000000000E+000  0.500000000000000E-003
   694 -0.150000000000000E+000  0.450000000000000E+000 -0.175000000000000E+000  0.500000000000000E-003
   695 -0.500000000000000E-001  0.450000000000000E+000 -0.175000000000000E+000  0.500000000000000E-003
   696  0.500000000000000E-001  0.450000000000000E+000 -0.175000000000000E+000  0.500000000000000E-003
   697  0.150000000000000E+000  0.450000000000000E+000 -0.175000000000000E+000  0.500000000000000E-003
   698  0.250000000000000E+000  0.450000000000000E+000 -0.175000000000000E+000  0.500000000000000E-003
   699  0.350000000000000E+000  0.450000000000000E+000 -0.175000000000000E+000  0.500000000000000E-003
   700  0.450000000000000E+000  0.450000000000000E+000 -0.175000000000000E+000  0.500000000000000E-003
   701 -0.450000000000000E+000 -0.450000000000000E+000 -0.125000000000000E+000  0.500000000000000E-003
   702 -0.350000000000000E+000 -0.450000000000000E+000 -0.125000000000000E+000  0.500000000000000E-003
   703 -0.250000000000000E+000 -0.450000000000000E+000 -0.125000000000000E+000  0.500000000000000E-003
   704 -0.150000000000000E+000 -0.450000000000000E+000 -0.125000000000000E+000  0.500000000000000E-003
   705 -0.500000000000000E-001 -0.450000000000000E+000 -0.125000000000000E+000  0.500000000000000E-003
   706  0.500000000000000E-001 -0.450000000000000E+000 -0.125000000000000E+000  0.500000000000000E-003
   707  0.150000000000000E+000 -0.450000000000000E+000 -0.125000000000000E+000  0.500000000000000E-003
   708  0.250000000000000E+000 -0.450000000000000E+000 -0.125000000000000E+000  0.500000000000000E-003
   709  0.350000000000000E+000 -0.450000000000000E+000 -0.125000000000000E+000  0.500000000000000E-003
   710  0.450000000000000E+000 -0.450000000000000E+000 -0.125000000000000E+000  0.500000000000000E-003
   711 -0.450000000000000E+000 -0.350000000000000E+000 -0.125000000000000E+000  0.500000000000000E-003
   712 -0.350000000000000E+000 -0.350000000000000E+000 -0.125000000000000E+000  0.500000000000000E-003
   713 -0.250000000000000E+000 -0.350000000000000E+000 -0.125000000000000E+000  0.500000000000000E-003
   714 -0.150000000000000E+000 -0.350000000000000E+000 -0.125000000000000E+000  0.500000000000000E-003
   715 -0.500000000000000E-001 -0.350000000000000E+000 -0.125000000000000E+000  0.500000000000000E-003
   716  0.500000000000000E-001 -0.350000000000000E+000 -0.125000000000000E+000  0.500000000000000E-003
   717  0.150000000000000E+000 -0.350000000000000E+000 -0.125000000000000E+000  0.500000000000000E-003
   718  0.250000000000000E+000 -0.350000000000000E+000 -0.125000000000000E+000  0.500000000000000E-003
   719  0.350000000000000E+000 -0.350000000000000E+000 -0.125000000000000E+000  0.500000000000000E-003
   720  0.450000000000000E+000 -0.350000000000000E+000 -0.125000000000000E+000  0.500000000000000E-003
   721 -0.450000000000000E+000 -0.250000000000000E+000 -0.125000000000000E+000  0.500000000000000E-003
   722 -0.350000000000000E+000 -0.250000000000000E+000 -0.125000000000000E+000  0.500000000000000E-003
   723 -0.250000000000000E+000 -0.250000000000000E+000 -0.125000000000000E+000  0.500000000000000E-003
   724 -0.150000000000000E+000 -0.250000000000000E+000 -0.125000000000000E+000  0.500000000000000E-003
   725 -0.500000000000000E-001 -0.250000000000000E+000 -0.125000000000000E+000  0.500000000000000E-003
   726  0.500000000000000E-001 -0.250000000000000E+000 -0.125000000000000E+000  0.500000000000000E-003
   727  0.150000000000000E+000 -0.250000000000000E+000 -0.125000000000000E+000  0.500000000000000E-003
   728  0.250000000000000E+000 -0.250000000000000E+000 -0.125000000000000E+000  0.500000000000000E-003
   729  0.350000000000000E+000 -0.250000000000000E+000 -0.125000000000000E+000  0.500000000000000E-003
   730  0.450000000000000E+000 -0.250000000000000E+000 -0.125000000000000E+000  0.500000000000000E-003
   731 -0.450000000000000E+000 -0.150000000000000E+000 -0.125000000000000E+000  0.500000000000000E-003
   732 -0.350000000000000E+000 -0.150000000000000E+000 -0.125000000000000E+000  0.500000000000000E-003
   733 -0.250000000000000E+000 -0.150000000000000E+000 -0.125000000000000E+000  0.500000000000000E-003
   734 -0.150000000000000E+000 -0.150000000000000E+000 -0.125000000000000E+000  0.500000000000000E-003
   735 -0.500000000000000E-001 -0.150000000000000E+000 -0.125000000000000E+000  0.500000000000000E-003
   736  0.500000000000000E-001 -0.150000000000000E+000 -0.125000000000000E+000  0.500000000000000E-003
   737  0.150000000000000E+000 -0.150000000000000E+000 -0.125000000000000E+000  0.500000000000000E-003
   738  0.250000000000000E+000 -0.150000000000000E+000 -0.125000000000000E+000  0.500000000000000E-003
   739  0.350000000000000E+000 -0.150000000000000E+000 -0.125000000000000E+000  0.500000000000000E-003
   740  0.450000000000000E+000 -0.150000000000000E+000 -0.125000000000000E+000  0.500000000000000E-003
   741 -0.450000000000000E+000 -0.500000000000000E-001 -0.125000000000000E+000  0.500000000000000E-003
   742 -0.350000000000000E+000 -0.500000000000000E-001 -0.125000000000000E+000  0.500000000000000E-003
   743 -0.250000000000000E+000 -0.500000000000000E-001 -0.125000000000000E+000  0.500000000000000E-003
   744 -0.150000000000000E+000 -0.500000000000000E-001 -0.125000000000000E+000  0.500000000000000E-003
   745 -0.500000000000000E-001 -0.500000000000000E-001 -0.125000000000000E+000  0.500000000000000E-003
   746  0.500000000000000E-001 -0.500000000000000E-001 -0.125000000000000E+000  0.500000000000000E-003
   747  0.150000000000000E+000 -0.500000000000000E-001 -0.125000000000000E+000  0.500000000000000E-003
   748  0.250000000000000E+000 -0.500000000000000E-001 -0.125000000000000E+000  0.500000000000000E-003
   749  0.350000000000000E+000 -0.500000000000000E-001 -0.125000000000000E+000  0.500000000000000E-003
   750  0.450000000000000E+000 -0.500000000000000E-001 -0.125000000000000E+000  0.500000000000000E-003
   751 -0.450000000000000E+000  0.500000000000000E-001 -0.125000000000000E+000  0.500000000000000E-003
   752 -0.350000000000000E+000  0.500000000000000E-001 -0.125000000000000E+000  0.500000000000000E-003
   753 -0.250000000000000E+000  0.500000000000000E-001 -0.125000000000000E+000  0.500000000000000E-003
   754 -0.150000000000000E+000  0.500000000000000E-001 -0.125000000000000E+000  0.500000000000000E-003
   755 -0.500000000000000E-001  0.500000000000000E-001 -0.125000000000000E+000  0.500000000000000E-003
   756  0.500000000000000E-001  0.500000000000000E-001 -0.125000000000000E+000  0.500000000000000E-003
   757  0.150000000000000E+000  0.500000000000000E-001 -0.125000000000000E+000  0.500000000000000E-003
   758  0.250000000000000E+000  0.500000000000000E-001 -0.125000000000000E+000  0.500000000000000E-003
   759  0.350000000000000E+000  0.500000000000000E-001 -0.125000000000000E+000  0.500000000000000E-003
   760  0.450000000000000E+000  0.500000000000000E-001 -0.125000000000000E+000  0.500000000000000E-003
   761 -0.450000000000000E+000  0.150000000000000E+000 -0.125000000000000E+000  0.500000000000000E-003
   762 -0.350000000000000E+000  0.150000000000000E+000 -0.125000000000000E+000  0.500000000000000E-003
   763 -0.250000000000000E+000  0.150000000000000E+000 -0.125000000000000E+000  0.500000000000000E-003
   764 -0.150000000000000E+000  0.150000000000000E+000 -0.125000000000000E+000  0.500000000000000E-003
   765 -0.500000000000000E-001  0.150000000000000E+000 -0.125000000000000E+000  0.500000000000000E-003
   766  0.500000000000000E-001  0.150000000000000E+000 -0.125000000000000E+000  0.500000000000000E-003
   767  0.150000000000000E+000  0.150000000000000E+000 -0.125000000000000E+000  0.500000000000000E-003
   768  0.250000000000000E+000  0.150000000000000E+000 -0.125000000000000E+000  0.500000000000000E-003
   769  0.350000000000000E+000  0.150000000000000E+000 -0.125000000000000E+000  0.500000000000000E-003
   770  0.450000000000000E+000  0.150000000000000E+000 -0.125000000000000E+000  0.500000000000000E-003
   771 -0.450000000000000E+000  0.250000000000000E+000 -0.125000000000000E+000  0.500000000000000E-003
   772 -0.350000000000000E+000  0.250000000000000E+000 -0.125000000000000E+000  0.500000000000000E-003
   773 -0.250000000000000E+000  0.250000000000000E+000 -0.125000000000000E+000  0.500000000000000E-003
   774 -0.150000000000000E+000  0.250000000000000E+000 -0.125000000000000E+000  0.500000000000000E-003
   775 -0.500000000000000E-001  0.250000000000000E+000 -0.125000000000000E+000  0.500000000000000E-003
   776  0.500000000000000E-001  0.250000000000000E+000 -0.125000000000000E+000  0.500000000000000E-003
   777  0.150000000000000E+000  0.250000000000000E+000 -0.125000000000000E+000  0.500000000000000E-003
   778  0.250000000000000E+000  0.250000000000000E+000 -0.125000000000000E+000  0.500000000000000E-003
   779  0.350000000000000E+000  0.250000000000000E+000 -0.125000000000000E+000  0.500000000000000E-003
   780  0.450000000000000E+000  0.250000000000000E+000 -0.125000000000000E+000  0.500000000000000E-003
   781 -0.450000000000000E+000  0.350000000000000E+000 -0.125000000000000E+000  0.500000000000000E-003
   782 -0.350000000000000E+000  0.350000000000000E+000 -0.125000000000000E+000  0.500000000000000E-003
   783 -0.250000000000000E+000  0.350000000000000E+000 -0.125000000000000E+000  0.500000000000000E-003
   784 -0.150000000000000E+000  0.350000000000000E+000 -0.125000000000000E+000  0.500000000000000E-003
   785 -0.500000000000000E-001  0.350000000000000E+000 -0.125000000000000E+000  0.500000000000000E-003
   786  0.500000000000000E-001  0.350000000000000E+000 -0.125000000000000E+000  0.500000000000000E-003
   787  0.150000000000000E+000  0.350000000000000E+000 -0.125000000000000E+000  0.500000000000000E-003
   788  0.250000000000000E+000  0.350000000000000E+000 -0.125000000000000E+000  0.500000000000000E-003
   789  0.350000000000000E+000  0.350000000000000E+000 -0.125000000000000E+000  0.500000000000000E-003
   790  0.450000000000000E+000  0.350000000000000E+000 -0.125000000000000E+000  0.500000000000000E-003
   791 -0.450000000000000E+000  0.450000000000000E+000 -0.125000000000000E+000  0.500000000000000E-003
   792 -0.350000000000000E+000  0.450000000000000E+000 -0.125000000000000E+000  0.500000000000000E-003
   793 -0.250000000000000E+000  0.450000000000000E+000 -0.125000000000000E+000  0.500000000000000E-003
   794 -0.150000000000000E+000  0.450000000000000E+000 -0.125000000000000E+000  0.500000000000000E-003
   795 -0.500000000000000E-001  0.450000000000000E+000 -0.125000000000000E+000  0.500000000000000E-003
   796  0.500000000000000E-001  0.450000000000000E+000 -0.125000000000000E+000  0.500000000000000E-003
   797  0.150000000000000E+000  0.450000000000000E+000 -0.125000000000000E+000  0.500000000000000E-003
   798  0.250000000000000E+000  0.450000000000000E+000 -0.125000000000000E+000  0.500000000000000E-003
   799  0.350000000000000E+000  0.450000000000000E+000 -0.125000000000000E+000  0.500000000000000E-003
   800  0.450000000000000E+000  0.450000000000000E+000 -0.125000000000000E+000  0.500000000000000E-003
   801 -0.450000000000000E+000 -0.450000000000000E+000 -0.750000000000000E-001  0.500000000000000E-003
   802 -0.350000000000000E+000 -0.450000000000000E+000 -0.750000000000000E-001  0.500000000000000E-003
   803 -0.250000000000000E+000 -0.450000000000000E+000 -0.750000000000000E-001  0.500000000000000E-003
   804 -0.150000000000000E+000 -0.450000000000000E+000 -0.750000000000000E-001  0.500000000000000E-003
   805 -0.500000000000000E-001 -0.450000000000000E+000 -0.750000000000000E-001  0.500000000000000E-003
   806  0.500000000000000E-001 -0.450000000000000E+000 -0.750000000000000E-001  0.500000000000000E-003
   807  0.150000000000000E+000 -0.450000000000000E+000 -0.750000000000000E-001  0.500000000000000E-003
   808  0.250000000000000E+000 -0.450000000000000E+000 -0.750000000000000E-001  0.500000000000000E-003
   809  0.350000000000000E+000 -0.450000000000000E+000 -0.750000000000000E-001  0.500000000000000E-003
   810  0.450000000000000E+000 -0.450000000000000E+000 -0.750000000000000E-001  0.500000000000000E-003
   811 -0.450000000000000E+000 -0.350000000000000E+000 -0.750000000000000E-001  0.500000000000000E-003
   812 -0.350000000000000E+000 -0.350000000000000E+000 -0.750000000000000E-001  0.500000000000000E-003
   813 -0.250000000000000E+000 -0.350000000000000E+000 -0.750000000000000E-001  0.500000000000000E-003
   814 -0.150000000000000E+000 -0.350000000000000E+000 -0.750000000000000E-001  0.500000000000000E-003
   815 -0.500000000000000E-001 -0.350000000000000E+000 -0.750000000000000E-001  0.500000000000000E-003
   816  0.500000000000000E-001 -0.350000000000000E+000 -0.750000000000000E-001  0.500000000000000E-003
   817  0.150000000000000E+000 -0.350000000000000E+000 -0.750000000000000E-001  0.500000000000000E-003
   818  0.250000000000000E+000 -0.350000000000000E+000 -0.750000000000000E-001  0.500000000000000E-003
   819  0.350000000000000E+000 -0.350000000000000E+000 -0.750000000000000E-001  0.500000000000000E-003
   820  0.450000000000000E+000 -0.350000000000000E+000 -0.750000000000000E-001  0.500000000000000E-003
   821 -0.450000000000000E+000 -0.250000000000000E+000 -0.750000000000000E-001  0.500000000000000E-003
   822 -0.350000000000000E+000 -0.250000000000000E+000 -0.750000000000000E-001  0.500000000000000E-003
   823 -0.250000000000000E+000 -0.250000000000000E+000 -0.750000000000000E-001  0.500000000000000E-003
   824 -0.150000000000000E+000 -0.250000000000000E+000 -0.750000000000000E-001  0.500000000000000E-003
   825 -0.500000000000000E-001 -0.250000000000000E+000 -0.750000000000000E-001  0.500000000000000E-003
   826  0.500000000000000E-001 -0.250000000000000E+000 -0.750000000000000E-001  0.500000000000000E-003
   827  0.150000000000000E+000 -0.250000000000000E+000 -0.750000000000000E-001  0.500000000000000E-003
   828  0.250000000000000E+000 -0.250000000000000E+000 -0.750000000000000E-001  0.500000000000000E-003
   829  0.350000000000000E+000 -0.250000000000000E+000 -0.750000000000000E-001  0.500000000000000E-003
   830  0.450000000000000E+000 -0.250000000000000E+000 -0.750000000000000E-001  0.500000000000000E-003
   831 -0.450000000000000E+000 -0.150000000000000E+000 -0.750000000000000E-001  0.500000000000000E-003
   832 -0.350000000000000E+000 -0.150000000000000E+000 -0.750000000000000E-001  0.500000000000000E-003
   833 -0.250000000000000E+000 -0.150000000000000E+000 -0.750000000000000E-001  0.500000000000000E-003
   834 -0.150000000000000E+000 -0.150000000000000E+000 -0.750000000000000E-001  0.500000000000000E-003
   835 -0.500000000000000E-001 -0.150000000000000E+000 -0.750000000000000E-001  0.500000000000000E-003
   836  0.500000000000000E-001 -0.150000000000000E+000 -0.750000000000000E-001  0.500000000000000E-003
   837  0.150000000000000E+000 -0.150000000000000E+000 -0.750000000000000E-001  0.500000000000000E-003
   838  0.250000000000000E+000 -0.150000000000000E+000 -0.750000000000000E-001  0.500000000000000E-003
   839  0.350000000000000E+000 -0.150000000000000E+000 -0.750000000000000E-001  0.500000000000000E-003
   840  0.450000000000000E+000 -0.150000000000000E+000 -0.750000000000000E-001  0.500000000000000E-003
   841 -0.450000000000000E+000 -0.500000000000000E-001 -0.750000000000000E-001  0.500000000000000E-003
   842 -0.350000000000000E+000 -0.500000000000000E-001 -0.750000000000000E-001  0.500000000000000E-003
   843 -0.250000000000000E+000 -0.500000000000000E-001 -0.750000000000000E-001  0.500000000000000E-003
   844 -0.150000000000000E+000 -0.500000000000000E-001 -0.750000000000000E-001  0.500000000000000E-003
   845 -0.500000000000000E-001 -0.500000000000000E-001 -0.750000000000000E-001  0.500000000000000E-003
   846  0.500000000000000E-001 -0.500000000000000E-001 -0.750000000000000E-001  0.500000000000000E-003
   847  0.150000000000000E+000 -0.500000000000000E-001 -0.750000000000000E-001  0.500000000000000E-003
   848  0.250000000000000E+000 -0.500000000000000E-001 -0.750000000000000E-001  0.500000000000000E-003
   849  0.350000000000000E+000 -0.500000000000000E-001 -0.750000000000000E-001  0.500000000000000E-003
   850  0.450000000000000E+000 -0.500000000000000E-001 -0.750000000000000E-001  0.500000000000000E-003
   851 -0.450000000000000E+000  0.500000000000000E-001 -0.750000000000000E-001  0.500000000000000E-003
   852 -0.350000000000000E+000  0.500000000000000E-001 -0.750000000000000E-001  0.500000000000000E-003
   853 -0.250000000000000E+000  0.500000000000000E-001 -0.750000000000000E-001  0.500000000000000E-003
   854 -0.150000000000000E+000  0.500000000000000E-001 -0.750000000000000E-001  0.500000000000000E-003
   855 -0.500000000000000E-001  0.500000000000000E-001 -0.750000000000000E-001  0.500000000000000E-003
   856  0.500000000000000E-001  0.500000000000000E-001 -0.750000000000000E-001  0.500000000000000E-003
   857  0.150000000000000E+000  0.500000000000000E-001 -0.750000000000000E-001  0.500000000000000E-003
   858  0.250000000000000E+000  0.500000000000000E-001 -0.750000000000000E-001  0.500000000000000E-003
   859  0.350000000000000E+000  0.500000000000000E-001 -0.750000000000000E-001  0.500000000000000E-003
   860  0.450000000000000E+000  0.500000000000000E-001 -0.750000000000000E-001  0.500000000000000E-003
   861 -0.450000000000000E+000  0.150000000000000E+000 -0.750000000000000E-001  0.500000000000000E-003
   862 -0.350000000000000E+000  0.150000000000000E+000 -0.750000000000000E-001  0.500000000000000E-003
   863 -0.250000000000000E+000  0.150000000000000E+000 -0.750000000000000E-001  0.500000000000000E-003
   864 -0.150000000000000E+000  0.150000000000000E+000 -0.750000000000000E-001  0.500000000000000E-003
   865 -0.500000000000000E-001  0.150000000000000E+000 -0.750000000000000E-001  0.500000000000000E-003
   866  0.500000000000000E-001  0.150000000000000E+000 -0.750000000000000E-001  0.500000000000000E-003
   867  0.150000000000000E+000  0.150000000000000E+000 -0.750000000000000E-001  0.500000000000000E-003
   868  0.250000000000000E+000  0.150000000000000E+000 -0.750000000000000E-001  0.500000000000000E-003
   869  0.350000000000000E+000  0.150000000000000E+000 -0.750000000000000E-001  0.500000000000000E-003
   870  0.450000000000000E+000  0.150000000000000E+000 -0.750000000000000E-001  0.500000000000000E-003
   871 -0.450000000000000E+000  0.250000000000000E+000 -0.750000000000000E-001  0.500000000000000E-003
   872 -0.350000000000000E+000  0.250000000000000E+000 -0.750000000000000E-001  0.500000000000000E-003
   873 -0.250000000000000E+000  0.250000000000000E+000 -0.750000000000000E-001  0.500000000000000E-003
   874 -0.150000000000000E+000  0.250000000000000E+000 -0.750000000000000E-001  0.500000000000000E-003
   875 -0.500000000000000E-001  0.250000000000000E+000 -0.750000000000000E-001  0.500000000000000E-003
   876  0.500000000000000E-001  0.250000000000000E+000 -0.750000000000000E-001  0.500000000000000E-003
   877  0.150000000000000E+000  0.250000000000000E+000 -0.750000000000000E-001  0.500000000000000E-003
   878  0.250000000000000E+000  0.250000000000000E+000 -0.750000000000000E-001  0.500000000000000E-003
   879  0.350000000000000E+000  0.250000000000000E+000 -0.750000000000000E-001  0.500000000000000E-003
   880  0.450000000000000E+000  0.250000000000000E+000 -0.750000000000000E-001  0.500000000000000E-003
   881 -0.450000000000000E+000  0.350000000000000E+000 -0.750000000000000E-001  0.500000000000000E-003
   882 -0.350000000000000E+000  0.350000000000000E+000 -0.750000000000000E-001  0.500000000000000E-003
   883 -0.250000000000000E+000  0.350000000000000E+000 -0.750000000000000E-001  0.500000000000000E-003
   884 -0.150000000000000E+000  0.350000000000000E+000 -0.750000000000000E-001  0.500000000000000E-003
   885 -0.500000000000000E-001  0.350000000000000E+000 -0.750000000000000E-001  0.500000000000000E-003
   886  0.500000000000000E-001  0.350000000000000E+000 -0.750000000000000E-001  0.500000000000000E-003
   887  0.150000000000000E+000  0.350000000000000E+000 -0.750000000000000E-001  0.500000000000000E-003
   888  0.250000000000000E+000  0.350000000000000E+000 -0.750000000000000E-001  0.500000000000000E-003
   889  0.350000000000000E+000  0.350000000000000E+000 -0.750000000000000E-001  0.500000000000000E-003
   890  0.450000000000000E+000  0.350000000000000E+000 -0.750000000000000E-001  0.500000000000000E-003
   891 -0.450000000000000E+000  0.450000000000000E+000 -0.750000000000000E-001  0.500000000000000E-003
   892 -0.350000000000000E+000  0.450000000000000E+000 -0.750000000000000E-001  0.500000000000000E-003
   893 -0.250000000000000E+000  0.450000000000000E+000 -0.750000000000000E-001  0.500000000000000E-003
   894 -0.150000000000000E+000  0.450000000000000E+000 -0.750000000000000E-001  0.500000000000000E-003
   895 -0.500000000000000E-001  0.450000000000000E+000 -0.750000000000000E-001  0.500000000000000E-003
   896  0.500000000000000E-001  0.450000000000000E+000 -0.750000000000000E-001  0.500000000000000E-003
   897  0.150000000000000E+000  0.450000000000000E+000 -0.750000000000000E-001  0.500000000000000E-003
   898  0.250000000000000E+000  0.450000000000000E+000 -0.750000000000000E-001  0.500000000000000E-003
   899  0.350000000000000E+000  0.450000000000000E+000 -0.750000000000000E-001  0.500000000000000E-003
   900  0.450000000000000E+000  0.450000000000000E+000 -0.750000000000000E-001  0.500000000000000E-003
   901 -0.450000000000000E+000 -0.450000000000000E+000 -0.250000000000000E-001  0.500000000000000E-003
   902 -0.350000000000000E+000 -0.450000000000000E+000 -0.250000000000000E-001  0.500000000000000E-003
   903 -0.250000000000000E+000 -0.450000000000000E+000 -0.250000000000000E-001  0.500000000000000E-003
   904 -0.150000000000000E+000 -0.450000000000000E+000 -0.250000000000000E-001  0.500000000000000E-003
   905 -0.500000000000000E-001 -0.450000000000000E+000 -0.250000000000000E-001  0.500000000000000E-003
   906  0.500000000000000E-001 -0.450000000000000E+000 -0.250000000000000E-001  0.500000000000000E-003
   907  0.150000000000000E+000 -0.450000000000000E+000 -0.250000000000000E-001  0.500000000000000E-003
   908  0.250000000000000E+000 -0.450000000000000E+000 -0.250000000000000E-001  0.500000000000000E-003
   909  0.350000000000000E+000 -0.450000000000000E+000 -0.250000000000000E-001  0.500000000000000E-003
   910  0.450000000000000E+000 -0.450000000000000E+000 -0.250000000000000E-001  0.500000000000000E-003
   911 -0.450000000000000E+000 -0.350000000000000E+000 -0.250000000000000E-001  0.500000000000000E-003
   912 -0.350000000000000E+000 -0.350000000000000E+000 -0.250000000000000E-001  0.500000000000000E-003
   913 -0.250000000000000E+000 -0.350000000000000E+000 -0.250000000000000E-001  0.500000000000000E-003
   914 -0.150000000000000E+000 -0.350000000000000E+000 -0.250000000000000E-001  0.500000000000000E-003
   915 -0.500000000000000E-001 -0.350000000000000E+000 -0.250000000000000E-001  0.500000000000000E-003
   916  0.500000000000000E-001 -0.350000000000000E+000 -0.250000000000000E-001  0.500000000000000E-003
   917  0.150000000000000E+000 -0.350000000000000E+000 -0.250000000000000E-001  0.500000000000000E-003
   918  0.250000000000000E+000 -0.350000000000000E+000 -0.250000000000000E-001  0.500000000000000E-003
   919  0.350000000000000E+000 -0.350000000000000E+000 -0.250000000000000E-001  0.500000000000000E-003
   920  0.450000000000000E+000 -0.350000000000000E+000 -0.250000000000000E-001  0.500000000000000E-003
   921 -0.450000000000000E+000 -0.250000000000000E+000 -0.250000000000000E-001  0.500000000000000E-003
   922 -0.350000000000000E+000 -0.250000000000000E+000 -0.250000000000000E-001  0.500000000000000E-003
   923 -0.250000000000000E+000 -0.250000000000000E+000 -0.250000000000000E-001  0.500000000000000E-003
   924 -0.150000000000000E+000 -0.250000000000000E+000 -0.250000000000000E-001  0.500000000000000E-003
   925 -0.500000000000000E-001 -0.250000000000000E+000 -0.250000000000000E-001  0.500000000000000E-003
   926  0.500000000000000E-001 -0.250000000000000E+000 -0.250000000000000E-001  0.500000000000000E-003
   927  0.150000000000000E+000 -0.250000000000000E+000 -0.250000000000000E-001  0.500000000000000E-003
   928  0.250000000000000E+000 -0.250000000000000E+000 -0.250000000000000E-001  0.500000000000000E-003
   929  0.350000000000000E+000 -0.250000000000000E+000 -0.250000000000000E-001  0.500000000000000E-003
   930  0.450000000000000E+000 -0.250000000000000E+000 -0.250000000000000E-001  0.500000000000000E-003
   931 -0.450000000000000E+000 -0.150000000000000E+000 -0.250000000000000E-001  0.500000000000000E-003
   932 -0.350000000000000E+000 -0.150000000000000E+000 -0.250000000000000E-001  0.500000000000000E-003
   933 -0.250000000000000E+000 -0.150000000000000E+000 -0.250000000000000E-001  0.500000000000000E-003
   934 -0.150000000000000E+000 -0.150000000000000E+000 -0.250000000000000E-001  0.500000000000000E-003
   935 -0.500000000000000E-001 -0.150000000000000E+000 -0.250000000000000E-001  0.500000000000000E-003
   936  0.500000000000000E-001 -0.150000000000000E+000 -0.250000000000000E-001  0.500000000000000E-003
   937  0.150000000000000E+000 -0.150000000000000E+000 -0.250000000000000E-001  0.500000000000000E-003
   938  0.250000000000000E+000 -0.150000000000000E+000 -0.250000000000000E-001  0.500000000000000E-003
   939  0.350000000000000E+000 -0.150000000000000E+000 -0.250000000000000E-001  0.500000000000000E-003
   940  0.450000000000000E+000 -0.150000000000000E+000 -0.250000000000000E-001  0.500000000000000E-003
   941 -0.450000000000000E+000 -0.500000000000000E-001 -0.250000000000000E-001  0.500000000000000E-003
   942 -0.350000000000000E+000 -0.500000000000000E-001 -0.250000000000000E-001  0.500000000000000E-003
   943 -0.250000000000000E+000 -0.500000000000000E-001 -0.250000000000000E-001  0.500000000000000E-003
   944 -0.150000000000000E+000 -0.500000000000000E-001 -0.250000000000000E-001  0.500000000000000E-003
   945 -0.500000000000000E-001 -0.500000000000000E-001 -0.250000000000000E-001  0.500000000000000E-003
   946  0.500000000000000E-001 -0.500000000000000E-001 -0.250000000000000E-001  0.500000000000000E-003
   947  0.150000000000000E+000 -0.500000000000000E-001 -0.250000000000000E-001  0.500000000000000E-003
   948  0.250000000000000E+000 -0.500000000000000E-001 -0.250000000000000E-001  0.500000000000000E-003
   949  0.350000000000000E+000 -0.500000000000000E-001 -0.250000000000000E-001  0.500000000000000E-003
   950  0.450000000000000E+000 -0.500000000000000E-001 -0.250000000000000E-001  0.500000000000000E-003
   951 -0.450000000000000E+000  0.500000000000000E-001 -0.250000000000000E-001  0.500000000000000E-003
   952 -0.350000000000000E+000  0.500000000000000E-001 -0.250000000000000E-001  0.500000000000000E-003
   953 -0.250000000000000E+000  0.500000000000000E-001 -0.250000000000000E-001  0.500000000000000E-003
   954 -0.150000000000000E+000  0.500000000000000E-001 -0.250000000000000E-001  0.500000000000000E-003
   955 -0.500000000000000E-001  0.500000000000000E-001 -0.250000000000000E-001  0.500000000000000E-003
   956  0.500000000000000E-001  0.500000000000000E-001 -0.250000000000000E-001  0.500000000000000E-003
   957  0.150000000000000E+000  0.500000000000000E-001 -0.250000000000000E-001  0.500000000000000E-003
   958  0.250000000000000E+000  0.500000000000000E-001 -0.250000000000000E-001  0.500000000000000E-003
   959  0.350000000000000E+000  0.500000000000000E-001 -0.250000000000000E-001  0.500000000000000E-003
   960  0.450000000000000E+000  0.500000000000000E-001 -0.250000000000000E-001  0.500000000000000E-003
   961 -0.450000000000000E+000  0.150000000000000E+000 -0.250000000000000E-001  0.500000000000000E-003
   962 -0.350000000000000E+000  0.150000000000000E+000 -0.250000000000000E-001  0.500000000000000E-003
   963 -0.250000000000000E+000  0.150000000000000E+000 -0.250000000000000E-001  0.500000000000000E-003
   964 -0.150000000000000E+000  0.150000000000000E+000 -0.250000000000000E-001  0.500000000000000E-003
   965 -0.500000000000000E-001  0.150000000000000E+000 -0.250000000000000E-001  0.500000000000000E-003
   966  0.500000000000000E-001  0.150000000000000E+000 -0.250000000000000E-001  0.500000000000000E-003
   967  0.150000000000000E+000  0.150000000000000E+000 -0.250000000000000E-001  0.500000000000000E-003
   968  0.250000000000000E+000  0.150000000000000E+000 -0.250000000000000E-001  0.500000000000000E-003
   969  0.350000000000000E+000  0.150000000000000E+000 -0.250000000000000E-001  0.500000000000000E-003
   970  0.450000000000000E+000  0.150000000000000E+000 -0.250000000000000E-001  0.500000000000000E-003
   971 -0.450000000000000E+000  0.250000000000000E+000 -0.250000000000000E-001  0.500000000000000E-003
   972 -0.350000000000000E+000  0.250000000000000E+000 -0.250000000000000E-001  0.500000000000000E-003
   973 -0.250000000000000E+000  0.250000000000000E+000 -0.250000000000000E-001  0.500000000000000E-003
   974 -0.150000000000000E+000  0.250000000000000E+000 -0.250000000000000E-001  0.500000000000000E-003
   975 -0.500000000000000E-001  0.250000000000000E+000 -0.250000000000000E-001  0.500000000000000E-003
   976  0.500000000000000E-001  0.250000000000000E+000 -0.250000000000000E-001  0.500000000000000E-003
   977  0.150000000000000E+000  0.250000000000000E+000 -0.250000000000000E-001  0.500000000000000E-003
   978  0.250000000000000E+000  0.250000000000000E+000 -0.250000000000000E-001  0.500000000000000E-003
   979  0.350000000000000E+000  0.250000000000000E+000 -0.250000000000000E-001  0.500000000000000E-003
   980  0.450000000000000E+000  0.250000000000000E+000 -0.250000000000000E-001  0.500000000000000E-003
   981 -0.450000000000000E+000  0.350000000000000E+000 -0.250000000000000E-001  0.500000000000000E-003
   982 -0.350000000000000E+000  0.350000000000000E+000 -0.250000000000000E-001  0.500000000000000E-003
   983 -0.250000000000000E+000  0.350000000000000E+000 -0.250000000000000E-001  0.500000000000000E-003
   984 -0.150000000000000E+000  0.350000000000000E+000 -0.250000000000000E-001  0.500000000000000E-003
   985 -0.500000000000000E-001  0.350000000000000E+000 -0.250000000000000E-001  0.500000000000000E-003
   986  0.500000000000000E-001  0.350000000000000E+000 -0.250000000000000E-001  0.500000000000000E-003
   987  0.150000000000000E+000  0.350000000000000E+000 -0.250000000000000E-001  0.500000000000000E-003
   988  0.250000000000000E+000  0.350000000000000E+000 -0.250000000000000E-001  0.500000000000000E-003
   989  0.350000000000000E+000  0.350000000000000E+000 -0.250000000000000E-001  0.500000000000000E-003
   990  0.450000000000000E+000  0.350000000000000E+000 -0.250000000000000E-001  0.500000000000000E-003
   991 -0.450000000000000E+000  0.450000000000000E+000 -0.250000000000000E-001  0.500000000000000E-003
   992 -0.350000000000000E+000  0.450000000000000E+000 -0.250000000000000E-001  0.500000000000000E-003
   993 -0.250000000000000E+000  0.450000000000000E+000 -0.250000000000000E-001  0.500000000000000E-003
   994 -0.150000000000000E+000  0.450000000000000E+000 -0.250000000000000E-001  0.500000000000000E-003
   995 -0.500000000000000E-001  0.450000000000000E+000 -0.250000000000000E-001  0.500000000000000E-003
   996  0.500000000000000E-001  0.450000000000000E+000 -0.250000000000000E-001  0.500000000000000E-003
   997  0.150000000000000E+000  0.450000000000000E+000 -0.250000000000000E-001  0.500000000000000E-003
   998  0.250000000000000E+000  0.450000000000000E+000 -0.250000000000000E-001  0.500000000000000E-003
   999  0.350000000000000E+000  0.450000000000000E+000 -0.250000000000000E-001  0.500000000000000E-003
  1000  0.450000000000000E+000  0.450000000000000E+000 -0.250000000000000E-001  0.500000000000000E-003
  1001 -0.450000000000000E+000 -0.450000000000000E+000  0.250000000000000E-001  0.500000000000000E-003
  1002 -0.350000000000000E+000 -0.450000000000000E+000  0.250000000000000E-001  0.500000000000000E-003
  1003 -0.250000000000000E+000 -0.450000000000000E+000  0.250000000000000E-001  0.500000000000000E-003
  1004 -0.150000000000000E+000 -0.450000000000000E+000  0.250000000000000E-001  0.500000000000000E-003
  1005 -0.500000000000000E-001 -0.450000000000000E+000  0.250000000000000E-001  0.500000000000000E-003
  1006  0.500000000000000E-001 -0.450000000000000E+000  0.250000000000000E-001  0.500000000000000E-003
  1007  0.150000000000000E+000 -0.450000000000000E+000  0.250000000000000E-001  0.500000000000000E-003
  1008  0.250000000000000E+000 -0.450000000000000E+000  0.250000000000000E-001  0.500000000000000E-003
  1009  0.350000000000000E+000 -0.450000000000000E+000  0.250000000000000E-001  0.500000000000000E-003
  1010  0.450000000000000E+000 -0.450000000000000E+000  0.250000000000000E-001  0.500000000000000E-003
  1011 -0.450000000000000E+000 -0.350000000000000E+000  0.250000000000000E-001  0.500000000000000E-003
  1012 -0.350000000000000E+000 -0.350000000000000E+000  0.250000000000000E-001  0.500000000000000E-003
  1013 -0.250000000000000E+000 -0.350000000000000E+000  0.250000000000000E-001  0.500000000000000E-003
  1014 -0.150000000000000E+000 -0.350000000000000E+000  0.250000000000000E-001  0.500000000000000E-003
  1015 -0.500000000000000E-001 -0.350000000000000E+000  0.250000000000000E-001  0.500000000000000E-003
  1016  0.500000000000000E-001 -0.350000000000000E+000  0.250000000000000E-001  0.500000000000000E-003
  1017  0.150000000000000E+000 -0.350000000000000E+000  0.250000000000000E-001  0.500000000000000E-003
  1018  0.250000000000000E+000 -0.350000000000000E+000  0.250000000000000E-001  0.500000000000000E-003
  1019  0.350000000000000E+000 -0.350000000000000E+000  0.250000000000000E-001  0.500000000000000E-003
  1020  0.450000000000000E+000 -0.350000000000000E+000  0.250000000000000E-001  0.500000000000000E-003
  1021 -0.450000000000000E+000 -0.250000000000000E+000  0.250000000000000E-001  0.500000000000000E-003
  1022 -0.350000000000000E+000 -0.250000000000000E+000  0.250000000000000E-001  0.500000000000000E-003
  1023 -0.250000000000000E+000 -0.250000000000000E+000  0.250000000000000E-001  0.500000000000000E-003
  1024 -0.150000000000000E+000 -0.250000000000000E+000  0.250000000000000E-001  0.500000000000000E-003
  1025 -0.500000000000000E-001 -0.250000000000000E+000  0.250000000000000E-001  0.500000000000000E-003
  1026  0.500000000000000E-001 -0.250000000000000E+000  0.250000000000000E-001  0.500000000000000E-003
  1027  0.150000000000000E+000 -0.250000000000000E+000  0.250000000000000E-001  0.500000000000000E-003
  1028  0.250000000000000E+000 -0.250000000000000E+000  0.250000000000000E-001  0.500000000000000E-003
  1029  0.350000000000000E+000 -0.250000000000000E+000  0.250000000000000E-001  0.500000000000000E-003
  1030  0.450000000000000E+000 -0.250000000000000E+000  0.250000000000000E-001  0.500000000000000E-003
  1031 -0.450000000000000E+000 -0.150000000000000E+000  0.250000000000000E-001  0.500000000000000E-003
  1032 -0.350000000000000E+000 -0.150000000000000E+000  0.250000000000000E-001  0.500000000000000E-003
  1033 -0.250000000000000E+000 -0.150000000000000E+000  0.250000000000000E-001  0.500000000000000E-003
  1034 -0.150000000000000E+000 -0.150000000000000E+000  0.250000000000000E-001  0.500000000000000E-003
  1035 -0.500000000000000E-001 -0.150000000000000E+000  0.250000000000000E-001  0.500000000000000E-003
  1036  0.500000000000000E-001 -0.150000000000000E+000  0.250000000000000E-001  0.500000000000000E-003
  1037  0.150000000000000E+000 -0.150000000000000E+000  0.250000000000000E-001  0.500000000000000E-003
  1038  0.250000000000000E+000 -0.150000000000000E+000  0.250000000000000E-001  0.500000000000000E-003
  1039  0.350000000000000E+000 -0.150000000000000E+000  0.250000000000000E-001  0.500000000000000E-003
  1040  0.450000000000000E+000 -0.150000000000000E+000  0.250000000000000E-001  0.500000000000000E-003
  1041 -0.450000000000000E+000 -0.500000000000000E-001  0.250000000000000E-001  0.500000000000000E-003
  1042 -0.350000000000000E+000 -0.500000000000000E-001  0.250000000000000E-001  0.500000000000000E-003
  1043 -0.250000000000000E+000 -0.500000000000000E-001  0.250000000000000E-001  0.500000000000000E-003
  1044 -0.150000000000000E+000 -0.500000000000000E-001  0.250000000000000E-001  0.500000000000000E-003
  1045 -0.500000000000000E-001 -0.500000000000000E-001  0.250000000000000E-001  0.500000000000000E-003
  1046  0.500000000000000E-001 -0.500000000000000E-001  0.250000000000000E-001  0.500000000000000E-003
  1047  0.150000000000000E+000 -0.500000000000000E-001  0.250000000000000E-001  0.500000000000000E-003
  1048  0.250000000000000E+000 -0.500000000000000E-001  0.250000000000000E-001  0.500000000000000E-003
  1049  0.350000000000000E+000 -0.500000000000000E-001  0.250000000000000E-001  0.500000000000000E-003
  1050  0.450000000000000E+000 -0.500000000000000E-001  0.250000000000000E-001  0.500000000000000E-003
  1051 -0.450000000000000E+000  0.500000000000000E-001  0.250000000000000E-001  0.500000000000000E-003
  1052 -0.350000000000000E+000  0.500000000000000E-001  0.250000000000000E-001  0.500000000000000E-003
  1053 -0.250000000000000E+000  0.500000000000000E-001  0.250000000000000E-001  0.500000000000000E-003
  1054 -0.150000000000000E+000  0.500000000000000E-001  0.250000000000000E-001  0.500000000000000E-003
  1055 -0.500000000000000E-001  0.500000000000000E-001  0.250000000000000E-001  0.500000000000000E-003
  1056  0.500000000000000E-001  0.500000000000000E-001  0.250000000000000E-001  0.500000000000000E-003
  1057  0.150000000000000E+000  0.500000000000000E-001  0.250000000000000E-001  0.500000000000000E-003
  1058  0.250000000000000E+000  0.500000000000000E-001  0.250000000000000E-001  0.500000000000000E-003
  1059  0.350000000000000E+000  0.500000000000000E-001  0.250000000000000E-001  0.500000000000000E-003
  1060  0.450000000000000E+000  0.500000000000000E-001  0.250000000000000E-001  0.500000000000000E-003
  1061 -0.450000000000000E+000  0.150000000000000E+000  0.250000000000000E-001  0.500000000000000E-003
  1062 -0.350000000000000E+000  0.150000000000000E+000  0.250000000000000E-001  0.500000000000000E-003
  1063 -0.250000000000000E+000  0.150000000000000E+000  0.250000000000000E-001  0.500000000000000E-003
  1064 -0.150000000000000E+000  0.150000000000000E+000  0.250000000000000E-001  0.500000000000000E-003
  1065 -0.500000000000000E-001  0.150000000000000E+000  0.250000000000000E-001  0.500000000000000E-003
  1066  0.500000000000000E-001  0.150000000000000E+000  0.250000000000000E-001  0.500000000000000E-003
  1067  0.150000000000000E+000  0.150000000000000E+000  0.250000000000000E-001  0.500000000000000E-003
  1068  0.250000000000000E+000  0.150000000000000E+000  0.250000000000000E-001  0.500000000000000E-003
  1069  0.350000000000000E+000  0.150000000000000E+000  0.250000000000000E-001  0.500000000000000E-003
  1070  0.450000000000000E+000  0.150000000000000E+000  0.250000000000000E-001  0.500000000000000E-003
  1071 -0.450000000000000E+000  0.250000000000000E+000  0.250000000000000E-001  0.500000000000000E-003
  1072 -0.350000000000000E+000  0.250000000000000E+000  0.250000000000000E-001  0.500000000000000E-003
  1073 -0.250000000000000E+000  0.250000000000000E+000  0.250000000000000E-001  0.500000000000000E-003
  1074 -0.150000000000000E+000  0.250000000000000E+000  0.250000000000000E-001  0.500000000000000E-003
  1075 -0.500000000000000E-001  0.250000000000000E+000  0.250000000000000E-001  0.500000000000000E-003
  1076  0.500000000000000E-001  0.250000000000000E+000  0.250000000000000E-001  0.500000000000000E-003
  1077  0.150000000000000E+000  0.250000000000000E+000  0.250000000000000E-001  0.500000000000000E-003
  1078  0.250000000000000E+000  0.250000000000000E+000  0.250000000000000E-001  0.500000000000000E-003
  1079  0.350000000000000E+000  0.250000000000000E+000  0.250000000000000E-001  0.500000000000000E-003
  1080  0.450000000000000E+000  0.250000000000000E+000  0.250000000000000E-001  0.500000000000000E-003
  1081 -0.450000000000000E+000  0.350000000000000E+000  0.250000000000000E-001  0.500000000000000E-003
  1082 -0.350000000000000E+000  0.350000000000000E+000  0.250000000000000E-001  0.500000000000000E-003
  1083 -0.250000000000000E+000  0.350000000000000E+000  0.250000000000000E-001  0.500000000000000E-003
  1084 -0.150000000000000E+000  0.350000000000000E+000  0.250000000000000E-001  0.500000000000000E-003
  1085 -0.500000000000000E-001  0.350000000000000E+000  0.250000000000000E-001  0.500000000000000E-003
  1086  0.500000000000000E-001  0.350000000000000E+000  0.250000000000000E-001  0.500000000000000E-003
  1087  0.150000000000000E+000  0.350000000000000E+000  0.250000000000000E-001  0.500000000000000E-003
  1088  0.250000000000000E+000  0.350000000000000E+000  0.250000000000000E-001  0.500000000000000E-003
  1089  0.350000000000000E+000  0.350000000000000E+000  0.250000000000000E-001  0.500000000000000E-003
  1090  0.450000000000000E+000  0.350000000000000E+000  0.250000000000000E-001  0.500000000000000E-003
  1091 -0.450000000000000E+000  0.450000000000000E+000  0.250000000000000E-001  0.500000000000000E-003
  1092 -0.350000000000000E+000  0.450000000000000E+000  0.250000000000000E-001  0.500000000000000E-003
  1093 -0.250000000000000E+000  0.450000000000000E+000  0.250000000000000E-001  0.500000000000000E-003
  1094 -0.150000000000000E+000  0.450000000000000E+000  0.250000000000000E-001  0.500000000000000E-003
  1095 -0.500000000000000E-001  0.450000000000000E+000  0.250000000000000E-001  0.500000000000000E-003
  1096  0.500000000000000E-001  0.450000000000000E+000  0.250000000000000E-001  0.500000000000000E-003
  1097  0.150000000000000E+000  0.450000000000000E+000  0.250000000000000E-001  0.500000000000000E-003
  1098  0.250000000000000E+000  0.450000000000000E+000  0.250000000000000E-001  0.500000000000000E-003
  1099  0.350000000000000E+000  0.450000000000000E+000  0.250000000000000E-001  0.500000000000000E-003
  1100  0.450000000000000E+000  0.450000000000000E+000  0.250000000000000E-001  0.500000000000000E-003
  1101 -0.450000000000000E+000 -0.450000000000000E+000  0.750000000000000E-001  0.500000000000000E-003
  1102 -0.350000000000000E+000 -0.450000000000000E+000  0.750000000000000E-001  0.500000000000000E-003
  1103 -0.250000000000000E+000 -0.450000000000000E+000  0.750000000000000E-001  0.500000000000000E-003
  1104 -0.150000000000000E+000 -0.450000000000000E+000  0.750000000000000E-001  0.500000000000000E-003
  1105 -0.500000000000000E-001 -0.450000000000000E+000  0.750000000000000E-001  0.500000000000000E-003
  1106  0.500000000000000E-001 -0.450000000000000E+000  0.750000000000000E-001  0.500000000000000E-003
  1107  0.150000000000000E+000 -0.450000000000000E+000  0.750000000000000E-001  0.500000000000000E-003
  1108  0.250000000000000E+000 -0.450000000000000E+000  0.750000000000000E-001  0.500000000000000E-003
  1109  0.350000000000000E+000 -0.450000000000000E+000  0.750000000000000E-001  0.500000000000000E-003
  1110  0.450000000000000E+000 -0.450000000000000E+000  0.750000000000000E-001  0.500000000000000E-003
  1111 -0.450000000000000E+000 -0.350000000000000E+000  0.750000000000000E-001  0.500000000000000E-003
  1112 -0.350000000000000E+000 -0.350000000000000E+000  0.750000000000000E-001  0.500000000000000E-003
  1113 -0.250000000000000E+000 -0.350000000000000E+000  0.750000000000000E-001  0.500000000000000E-003
  1114 -0.150000000000000E+000 -0.350000000000000E+000  0.750000000000000E-001  0.500000000000000E-003
  1115 -0.500000000000000E-001 -0.350000000000000E+000  0.750000000000000E-001  0.500000000000000E-003
  1116  0.500000000000000E-001 -0.350000000000000E+000  0.750000000000000E-001  0.500000000000000E-003
  1117  0.150000000000000E+000 -0.350000000000000E+000  0.750000000000000E-001  0.500000000000000E-003
  1118  0.250000000000000E+000 -0.350000000000000E+000  0.750000000000000E-001  0.500000000000000E-003
  1119  0.350000000000000E+000 -0.350000000000000E+000  0.750000000000000E-001  0.500000000000000E-003
  1120  0.450000000000000E+000 -0.350000000000000E+000  0.750000000000000E-001  0.500000000000000E-003
  1121 -0.450000000000000E+000 -0.250000000000000E+000  0.750000000000000E-001  0.500000000000000E-003
  1122 -0.350000000000000E+000 -0.250000000000000E+000  0.750000000000000E-001  0.500000000000000E-003
  1123 -0.250000000000000E+000 -0.250000000000000E+000  0.750000000000000E-001  0.500000000000000E-003
  1124 -0.150000000000000E+000 -0.250000000000000E+000  0.750000000000000E-001  0.500000000000000E-003
  1125 -0.500000000000000E-001 -0.250000000000000E+000  0.750000000000000E-001  0.500000000000000E-003
  1126  0.500000000000000E-001 -0.250000000000000E+000  0.750000000000000E-001  0.500000000000000E-003
  1127  0.150000000000000E+000 -0.250000000000000E+000  0.750000000000000E-001  0.500000000000000E-003
  1128  0.250000000000000E+000 -0.250000000000000E+000  0.750000000000000E-001  0.500000000000000E-003
  1129  0.350000000000000E+000 -0.250000000000000E+000  0.750000000000000E-001  0.500000000000000E-003
  1130  0.450000000000000E+000 -0.250000000000000E+000  0.750000000000000E-001  0.500000000000000E-003
  1131 -0.450000000000000E+000 -0.150000000000000E+000  0.750000000000000E-001  0.500000000000000E-003
  1132 -0.350000000000000E+000 -0.150000000000000E+000  0.750000000000000E-001  0.500000000000000E-003
  1133 -0.250000000000000E+000 -0.150000000000000E+000  0.750000000000000E-001  0.500000000000000E-003
  1134 -0.150000000000000E+000 -0.150000000000000E+000  0.750000000000000E-001  0.500000000000000E-003
  1135 -0.500000000000000E-001 -0.150000000000000E+000  0.750000000000000E-001  0.500000000000000E-003
  1136  0.500000000000000E-001 -0.150000000000000E+000  0.750000000000000E-001  0.500000000000000E-003
  1137  0.150000000000000E+000 -0.150000000000000E+000  0.750000000000000E-001  0.500000000000000E-003
  1138  0.250000000000000E+000 -0.150000000000000E+000  0.750000000000000E-001  0.500000000000000E-003
  1139  0.350000000000000E+000 -0.150000000000000E+000  0.750000000000000E-001  0.500000000000000E-003
  1140  0.450000000000000E+000 -0.150000000000000E+000  0.750000000000000E-001  0.500000000000000E-003
  1141 -0.450000000000000E+000 -0.500000000000000E-001  0.750000000000000E-001  0.500000000000000E-003
  1142 -0.350000000000000E+000 -0.500000000000000E-001  0.750000000000000E-001  0.500000000000000E-003
  1143 -0.250000000000000E+000 -0.500000000000000E-001  0.750000000000000E-001  0.500000000000000E-003
  1144 -0.150000000000000E+000 -0.500000000000000E-001  0.750000000000000E-001  0.500000000000000E-003
  1145 -0.500000000000000E-001 -0.500000000000000E-001  0.750000000000000E-001  0.500000000000000E-003
  1146  0.500000000000000E-001 -0.500000000000000E-001  0.750000000000000E-001  0.500000000000000E-003
  1147  0.150000000000000E+000 -0.500000000000000E-001  0.750000000000000E-001  0.500000000000000E-003
  1148  0.250000000000000E+000 -0.500000000000000E-001  0.750000000000000E-001  0.500000000000000E-003
  1149  0.350000000000000E+000 -0.500000000000000E-001  0.750000000000000E-001  0.500000000000000E-003
  1150  0.450000000000000E+000 -0.500000000000000E-001  0.750000000000000E-001  0.500000000000000E-003
  1151 -0.450000000000000E+000  0.500000000000000E-001  0.750000000000000E-001  0.500000000000000E-003
  1152 -0.350000000000000E+000  0.500000000000000E-001  0.750000000000000E-001  0.500000000000000E-003
  1153 -0.250000000000000E+000  0.500000000000000E-001  0.750000000000000E-001  0.500000000000000E-003
  1154 -0.150000000000000E+000  0.500000000000000E-001  0.750000000000000E-001  0.500000000000000E-003
  1155 -0.500000000000000E-001  0.500000000000000E-001  0.750000000000000E-001  0.500000000000000E-003
  1156  0.500000000000000E-001  0.500000000000000E-001  0.750000000000000E-001  0.500000000000000E-003
  1157  0.150000000000000E+000  0.500000000000000E-001  0.750000000000000E-001  0.500000000000000E-003
  1158  0.250000000000000E+000  0.500000000000000E-001  0.750000000000000E-001  0.500000000000000E-003
  1159  0.350000000000000E+000  0.500000000000000E-001  0.750000000000000E-001  0.500000000000000E-003
  1160  0.450000000000000E+000  0.500000000000000E-001  0.750000000000000E-001  0.500000000000000E-003
  1161 -0.450000000000000E+000  0.150000000000000E+000  0.750000000000000E-001  0.500000000000000E-003
  1162 -0.350000000000000E+000  0.150000000000000E+000  0.750000000000000E-001  0.500000000000000E-003
  1163 -0.250000000000000E+000  0.150000000000000E+000  0.750000000000000E-001  0.500000000000000E-003
  1164 -0.150000000000000E+000  0.150000000000000E+000  0.750000000000000E-001  0.500000000000000E-003
  1165 -0.500000000000000E-001  0.150000000000000E+000  0.750000000000000E-001  0.500000000000000E-003
  1166  0.500000000000000E-001  0.150000000000000E+000  0.750000000000000E-001  0.500000000000000E-003
  1167  0.150000000000000E+000  0.150000000000000E+000  0.750000000000000E-001  0.500000000000000E-003
  1168  0.250000000000000E+000  0.150000000000000E+000  0.750000000000000E-001  0.500000000000000E-003
  1169  0.350000000000000E+000  0.150000000000000E+000  0.750000000000000E-001  0.500000000000000E-003
  1170  0.450000000000000E+000  0.150000000000000E+000  0.750000000000000E-001  0.500000000000000E-003
  1171 -0.450000000000000E+000  0.250000000000000E+000  0.750000000000000E-001  0.500000000000000E-003
  1172 -0.350000000000000E+000  0.250000000000000E+000  0.750000000000000E-001  0.500000000000000E-003
  1173 -0.250000000000000E+000  0.250000000000000E+000  0.750000000000000E-001  0.500000000000000E-003
  1174 -0.150000000000000E+000  0.250000000000000E+000  0.750000000000000E-001  0.500000000000000E-003
  1175 -0.500000000000000E-001  0.250000000000000E+000  0.750000000000000E-001  0.500000000000000E-003
  1176  0.500000000000000E-001  0.250000000000000E+000  0.750000000000000E-001  0.500000000000000E-003
  1177  0.150000000000000E+000  0.250000000000000E+000  0.750000000000000E-001  0.500000000000000E-003
  1178  0.250000000000000E+000  0.250000000000000E+000  0.750000000000000E-001  0.500000000000000E-003
  1179  0.350000000000000E+000  0.250000000000000E+000  0.750000000000000E-001  0.500000000000000E-003
  1180  0.450000000000000E+000  0.250000000000000E+000  0.750000000000000E-001  0.500000000000000E-003
  1181 -0.450000000000000E+000  0.350000000000000E+000  0.750000000000000E-001  0.500000000000000E-003
  1182 -0.350000000000000E+000  0.350000000000000E+000  0.750000000000000E-001  0.500000000000000E-003
  1183 -0.250000000000000E+000  0.350000000000000E+000  0.750000000000000E-001  0.500000000000000E-003
  1184 -0.150000000000000E+000  0.350000000000000E+000  0.750000000000000E-001  0.500000000000000E-003
  1185 -0.500000000000000E-001  0.350000000000000E+000  0.750000000000000E-001  0.500000000000000E-003
  1186  0.500000000000000E-001  0.350000000000000E+000  0.750000000000000E-001  0.500000000000000E-003
  1187  0.150000000000000E+000  0.350000000000000E+000  0.750000000000000E-001  0.500000000000000E-003
  1188  0.250000000000000E+000  0.350000000000000E+000  0.750000000000000E-001  0.500000000000000E-003
  1189  0.350000000000000E+000  0.350000000000000E+000  0.750000000000000E-001  0.500000000000000E-003
  1190  0.450000000000000E+000  0.350000000000000E+000  0.750000000000000E-001  0.500000000000000E-003
  1191 -0.450000000000000E+000  0.450000000000000E+000  0.750000000000000E-001  0.500000000000000E-003
  1192 -0.350000000000000E+000  0.450000000000000E+000  0.750000000000000E-001  0.500000000000000E-003
  1193 -0.250000000000000E+000  0.450000000000000E+000  0.750000000000000E-001  0.500000000000000E-003
  1194 -0.150000000000000E+000  0.450000000000000E+000  0.750000000000000E-001  0.500000000000000E-003
  1195 -0.500000000000000E-001  0.450000000000000E+000  0.750000000000000E-001  0.500000000000000E-003
  1196  0.500000000000000E-001  0.450000000000000E+000  0.750000000000000E-001  0.500000000000000E-003
  1197  0.150000000000000E+000  0.450000000000000E+000  0.750000000000000E-001  0.500000000000000E-003
  1198  0.250000000000000E+000  0.450000000000000E+000  0.750000000000000E-001  0.500000000000000E-003
  1199  0.350000000000000E+000  0.450000000000000E+000  0.750000000000000E-001  0.500000000000000E-003
  1200  0.450000000000000E+000  0.450000000000000E+000  0.750000000000000E-001  0.500000000000000E-003
  1201 -0.450000000000000E+000 -0.450000000000000E+000  0.125000000000000E+000  0.500000000000000E-003
  1202 -0.350000000000000E+000 -0.450000000000000E+000  0.125000000000000E+000  0.500000000000000E-003
  1203 -0.250000000000000E+000 -0.450000000000000E+000  0.125000000000000E+000  0.500000000000000E-003
  1204 -0.150000000000000E+000 -0.450000000000000E+000  0.125000000000000E+000  0.500000000000000E-003
  1205 -0.500000000000000E-001 -0.450000000000000E+000  0.125000000000000E+000  0.500000000000000E-003
  1206  0.500000000000000E-001 -0.450000000000000E+000  0.125000000000000E+000  0.500000000000000E-003
  1207  0.150000000000000E+000 -0.450000000000000E+000  0.125000000000000E+000  0.500000000000000E-003
  1208  0.250000000000000E+000 -0.450000000000000E+000  0.125000000000000E+000  0.500000000000000E-003
  1209  0.350000000000000E+000 -0.450000000000000E+000  0.125000000000000E+000  0.500000000000000E-003
  1210  0.450000000000000E+000 -0.450000000000000E+000  0.125000000000000E+000  0.500000000000000E-003
  1211 -0.450000000000000E+000 -0.350000000000000E+000  0.125000000000000E+000  0.500000000000000E-003
  1212 -0.350000000000000E+000 -0.350000000000000E+000  0.125000000000000E+000  0.500000000000000E-003
  1213 -0.250000000000000E+000 -0.350000000000000E+000  0.125000000000000E+000  0.500000000000000E-003
  1214 -0.150000000000000E+000 -0.350000000000000E+000  0.125000000000000E+000  0.500000000000000E-003
  1215 -0.500000000000000E-001 -0.350000000000000E+000  0.125000000000000E+000  0.500000000000000E-003
  1216  0.500000000000000E-001 -0.350000000000000E+000  0.125000000000000E+000  0.500000000000000E-003
  1217  0.150000000000000E+000 -0.350000000000000E+000  0.125000000000000E+000  0.500000000000000E-003
  1218  0.250000000000000E+000 -0.350000000000000E+000  0.125000000000000E+000  0.500000000000000E-003
  1219  0.350000000000000E+000 -0.350000000000000E+000  0.125000000000000E+000  0.500000000000000E-003
  1220  0.450000000000000E+000 -0.350000000000000E+000  0.125000000000000E+000  0.500000000000000E-003
  1221 -0.450000000000000E+000 -0.250000000000000E+000  0.125000000000000E+000  0.500000000000000E-003
  1222 -0.350000000000000E+000 -0.250000000000000E+000  0.125000000000000E+000  0.500000000000000E-003
  1223 -0.250000000000000E+000 -0.250000000000000E+000  0.125000000000000E+000  0.500000000000000E-003
  1224 -0.150000000000000E+000 -0.250000000000000E+000  0.125000000000000E+000  0.500000000000000E-003
  1225 -0.500000000000000E-001 -0.250000000000000E+000  0.125000000000000E+000  0.500000000000000E-003
  1226  0.500000000000000E-001 -0.250000000000000E+000  0.125000000000000E+000  0.500000000000000E-003
  1227  0.150000000000000E+000 -0.250000000000000E+000  0.125000000000000E+000  0.500000000000000E-003
  1228  0.250000000000000E+000 -0.250000000000000E+000  0.125000000000000E+000  0.500000000000000E-003
  1229  0.350000000000000E+000 -0.250000000000000E+000  0.125000000000000E+000  0.500000000000000E-003
  1230  0.450000000000000E+000 -0.250000000000000E+000  0.125000000000000E+000  0.500000000000000E-003
  1231 -0.450000000000000E+000 -0.150000000000000E+000  0.125000000000000E+000  0.500000000000000E-003
  1232 -0.350000000000000E+000 -0.150000000000000E+000  0.125000000000000E+000  0.500000000000000E-003
  1233 -0.250000000000000E+000 -0.150000000000000E+000  0.125000000000000E+000  0.500000000000000E-003
  1234 -0.150000000000000E+000 -0.150000000000000E+000  0.125000000000000E+000  0.500000000000000E-003
  1235 -0.500000000000000E-001 -0.150000000000000E+000  0.125000000000000E+000  0.500000000000000E-003
  1236  0.500000000000000E-001 -0.150000000000000E+000  0.125000000000000E+000  0.500000000000000E-003
  1237  0.150000000000000E+000 -0.150000000000000E+000  0.125000000000000E+000  0.500000000000000E-003
  1238  0.250000000000000E+000 -0.150000000000000E+000  0.125000000000000E+000  0.500000000000000E-003
  1239  0.350000000000000E+000 -0.150000000000000E+000  0.125000000000000E+000  0.500000000000000E-003
  1240  0.450000000000000E+000 -0.150000000000000E+000  0.125000000000000E+000  0.500000000000000E-003
  1241 -0.450000000000000E+000 -0.500000000000000E-001  0.125000000000000E+000  0.500000000000000E-003
  1242 -0.350000000000000E+000 -0.500000000000000E-001  0.125000000000000E+000  0.500000000000000E-003
  1243 -0.250000000000000E+000 -0.500000000000000E-001  0.125000000000000E+000  0.500000000000000E-003
  1244 -0.150000000000000E+000 -0.500000000000000E-001  0.125000000000000E+000  0.500000000000000E-003
  1245 -0.500000000000000E-001 -0.500000000000000E-001  0.125000000000000E+000  0.500000000000000E-003
  1246  0.500000000000000E-001 -0.500000000000000E-001  0.125000000000000E+000  0.500000000000000E-003
  1247  0.150000000000000E+000 -0.500000000000000E-001  0.125000000000000E+000  0.500000000000000E-003
  1248  0.250000000000000E+000 -0.500000000000000E-001  0.125000000000000E+000  0.500000000000000E-003
  1249  0.350000000000000E+000 -0.500000000000000E-001  0.125000000000000E+000  0.500000000000000E-003
  1250  0.450000000000000E+000 -0.500000000000000E-001  0.125000000000000E+000  0.500000000000000E-003
  1251 -0.450000000000000E+000  0.500000000000000E-001  0.125000000000000E+000  0.500000000000000E-003
  1252 -0.350000000000000E+000  0.500000000000000E-001  0.125000000000000E+000  0.500000000000000E-003
  1253 -0.250000000000000E+000  0.500000000000000E-001  0.125000000000000E+000  0.500000000000000E-003
  1254 -0.150000000000000E+000  0.500000000000000E-001  0.125000000000000E+000  0.500000000000000E-003
  1255 -0.500000000000000E-001  0.500000000000000E-001  0.125000000000000E+000  0.500000000000000E-003
  1256  0.500000000000000E-001  0.500000000000000E-001  0.125000000000000E+000  0.500000000000000E-003
  1257  0.150000000000000E+000  0.500000000000000E-001  0.125000000000000E+000  0.500000000000000E-003
  1258  0.250000000000000E+000  0.500000000000000E-001  0.125000000000000E+000  0.500000000000000E-003
  1259  0.350000000000000E+000  0.500000000000000E-001  0.125000000000000E+000  0.500000000000000E-003
  1260  0.450000000000000E+000  0.500000000000000E-001  0.125000000000000E+000  0.500000000000000E-003
  1261 -0.450000000000000E+000  0.150000000000000E+000  0.125000000000000E+000  0.500000000000000E-003
  1262 -0.350000000000000E+000  0.150000000000000E+000  0.125000000000000E+000  0.500000000000000E-003
  1263 -0.250000000000000E+000  0.150000000000000E+000  0.125000000000000E+000  0.500000000000000E-003
  1264 -0.150000000000000E+000  0.150000000000000E+000  0.125000000000000E+000  0.500000000000000E-003
  1265 -0.500000000000000E-001  0.150000000000000E+000  0.125000000000000E+000  0.500000000000000E-003
  1266  0.500000000000000E-001  0.150000000000000E+000  0.125000000000000E+000  0.500000000000000E-003
  1267  0.150000000000000E+000  0.150000000000000E+000  0.125000000000000E+000  0.500000000000000E-003
  1268  0.250000000000000E+000  0.150000000000000E+000  0.125000000000000E+000  0.500000000000000E-003
  1269  0.350000000000000E+000  0.150000000000000E+000  0.125000000000000E+000  0.500000000000000E-003
  1270  0.450000000000000E+000  0.150000000000000E+000  0.125000000000000E+000  0.500000000000000E-003
  1271 -0.450000000000000E+000  0.250000000000000E+000  0.125000000000000E+000  0.500000000000000E-003
  1272 -0.350000000000000E+000  0.250000000000000E+000  0.125000000000000E+000  0.500000000000000E-003
  1273 -0.250000000000000E+000  0.250000000000000E+000  0.125000000000000E+000  0.500000000000000E-003
  1274 -0.150000000000000E+000  0.250000000000000E+000  0.125000000000000E+000  0.500000000000000E-003
  1275 -0.500000000000000E-001  0.250000000000000E+000  0.125000000000000E+000  0.500000000000000E-003
  1276  0.500000000000000E-001  0.250000000000000E+000  0.125000000000000E+000  0.500000000000000E-003
  1277  0.150000000000000E+000  0.250000000000000E+000  0.125000000000000E+000  0.500000000000000E-003
  1278  0.250000000000000E+000  0.250000000000000E+000  0.125000000000000E+000  0.500000000000000E-003
  1279  0.350000000000000E+000  0.250000000000000E+000  0.125000000000000E+000  0.500000000000000E-003
  1280  0.450000000000000E+000  0.250000000000000E+000  0.125000000000000E+000  0.500000000000000E-003
  1281 -0.450000000000000E+000  0.350000000000000E+000  0.125000000000000E+000  0.500000000000000E-003
  1282 -0.350000000000000E+000  0.350000000000000E+000  0.125000000000000E+000  0.500000000000000E-003
  1283 -0.250000000000000E+000  0.350000000000000E+000  0.125000000000000E+000  0.500000000000000E-003
  1284 -0.150000000000000E+000  0.350000000000000E+000  0.125000000000000E+000  0.500000000000000E-003
  1285 -0.500000000000000E-001  0.350000000000000E+000  0.125000000000000E+000  0.500000000000000E-003
  1286  0.500000000000000E-001  0.350000000000000E+000  0.125000000000000E+000  0.500000000000000E-003
  1287  0.150000000000000E+000  0.350000000000000E+000  0.125000000000000E+000  0.500000000000000E-003
  1288  0.250000000000000E+000  0.350000000000000E+000  0.125000000000000E+000  0.500000000000000E-003
  1289  0.350000000000000E+000  0.350000000000000E+000  0.125000000000000E+000  0.500000000000000E-003
  1290  0.450000000000000E+000  0.350000000000000E+000  0.125000000000000E+000  0.500000000000000E-003
  1291 -0.450000000000000E+000  0.450000000000000E+000  0.125000000000000E+000  0.500000000000000E-003
  1292 -0.350000000000000E+000  0.450000000000000E+000  0.125000000000000E+000  0.500000000000000E-003
  1293 -0.250000000000000E+000  0.450000000000000E+000  0.125000000000000E+000  0.500000000000000E-003
  1294 -0.150000000000000E+000  0.450000000000000E+000  0.125000000000000E+000  0.500000000000000E-003
  1295 -0.500000000000000E-001  0.450000000000000E+000  0.125000000000000E+000  0.500000000000000E-003
  1296  0.500000000000000E-001  0.450000000000000E+000  0.125000000000000E+000  0.500000000000000E-003
  1297  0.150000000000000E+000  0.450000000000000E+000  0.125000000000000E+000  0.500000000000000E-003
  1298  0.250000000000000E+000  0.450000000000000E+000  0.125000000000000E+000  0.500000000000000E-003
  1299  0.350000000000000E+000  0.450000000000000E+000  0.125000000000000E+000  0.500000000000000E-003
  1300  0.450000000000000E+000  0.450000000000000E+000  0.125000000000000E+000  0.500000000000000E-003
  1301 -0.450000000000000E+000 -0.450000000000000E+000  0.175000000000000E+000  0.500000000000000E-003
  1302 -0.350000000000000E+000 -0.450000000000000E+000  0.175000000000000E+000  0.500000000000000E-003
  1303 -0.250000000000000E+000 -0.450000000000000E+000  0.175000000000000E+000  0.500000000000000E-003
  1304 -0.150000000000000E+000 -0.450000000000000E+000  0.175000000000000E+000  0.500000000000000E-003
  1305 -0.500000000000000E-001 -0.450000000000000E+000  0.175000000000000E+000  0.500000000000000E-003
  1306  0.500000000000000E-001 -0.450000000000000E+000  0.175000000000000E+000  0.500000000000000E-003
  1307  0.150000000000000E+000 -0.450000000000000E+000  0.175000000000000E+000  0.500000000000000E-003
  1308  0.250000000000000E+000 -0.450000000000000E+000  0.175000000000000E+000  0.500000000000000E-003
  1309  0.350000000000000E+000 -0.450000000000000E+000  0.175000000000000E+000  0.500000000000000E-003
  1310  0.450000000000000E+000 -0.450000000000000E+000  0.175000000000000E+000  0.500000000000000E-003
  1311 -0.450000000000000E+000 -0.350000000000000E+000  0.175000000000000E+000  0.500000000000000E-003
  1312 -0.350000000000000E+000 -0.350000000000000E+000  0.175000000000000E+000  0.500000000000000E-003
  1313 -0.250000000000000E+000 -0.350000000000000E+000  0.175000000000000E+000  0.500000000000000E-003
  1314 -0.150000000000000E+000 -0.350000000000000E+000  0.175000000000000E+000  0.500000000000000E-003
  1315 -0.500000000000000E-001 -0.350000000000000E+000  0.175000000000000E+000  0.500000000000000E-003
  1316  0.500000000000000E-001 -0.350000000000000E+000  0.175000000000000E+000  0.500000000000000E-003
  1317  0.150000000000000E+000 -0.350000000000000E+000  0.175000000000000E+000  0.500000000000000E-003
  1318  0.250000000000000E+000 -0.350000000000000E+000  0.175000000000000E+000  0.500000000000000E-003
  1319  0.350000000000000E+000 -0.350000000000000E+000  0.175000000000000E+000  0.500000000000000E-003
  1320  0.450000000000000E+000 -0.350000000000000E+000  0.175000000000000E+000  0.500000000000000E-003
  1321 -0.450000000000000E+000 -0.250000000000000E+000  0.175000000000000E+000  0.500000000000000E-003
  1322 -0.350000000000000E+000 -0.250000000000000E+000  0.175000000000000E+000  0.500000000000000E-003
  1323 -0.250000000000000E+000 -0.250000000000000E+000  0.175000000000000E+000  0.500000000000000E-003
  1324 -0.150000000000000E+000 -0.250000000000000E+000  0.175000000000000E+000  0.500000000000000E-003
  1325 -0.500000000000000E-001 -0.250000000000000E+000  0.175000000000000E+000  0.500000000000000E-003
  1326  0.500000000000000E-001 -0.250000000000000E+000  0.175000000000000E+000  0.500000000000000E-003
  1327  0.150000000000000E+000 -0.250000000000000E+000  0.175000000000000E+000  0.500000000000000E-003
  1328  0.250000000000000E+000 -0.250000000000000E+000  0.175000000000000E+000  0.500000000000000E-003
  1329  0.350000000000000E+000 -0.250000000000000E+000  0.175000000000000E+000  0.500000000000000E-003
  1330  0.450000000000000E+000 -0.250000000000000E+000  0.175000000000000E+000  0.500000000000000E-003
  1331 -0.450000000000000E+000 -0.150000000000000E+000  0.175000000000000E+000  0.500000000000000E-003
  1332 -0.350000000000000E+000 -0.150000000000000E+000  0.175000000000000E+000  0.500000000000000E-003
  1333 -0.250000000000000E+000 -0.150000000000000E+000  0.175000000000000E+000  0.500000000000000E-003
  1334 -0.150000000000000E+000 -0.150000000000000E+000  0.175000000000000E+000  0.500000000000000E-003
  1335 -0.500000000000000E-001 -0.150000000000000E+000  0.175000000000000E+000  0.500000000000000E-003
  1336  0.500000000000000E-001 -0.150000000000000E+000  0.175000000000000E+000  0.500000000000000E-003
  1337  0.150000000000000E+000 -0.150000000000000E+000  0.175000000000000E+000  0.500000000000000E-003
  1338  0.250000000000000E+000 -0.150000000000000E+000  0.175000000000000E+000  0.500000000000000E-003
  1339  0.350000000000000E+000 -0.150000000000000E+000  0.175000000000000E+000  0.500000000000000E-003
  1340  0.450000000000000E+000 -0.150000000000000E+000  0.175000000000000E+000  0.500000000000000E-003
  1341 -0.450000000000000E+000 -0.500000000000000E-001  0.175000000000000E+000  0.500000000000000E-003
  1342 -0.350000000000000E+000 -0.500000000000000E-001  0.175000000000000E+000  0.500000000000000E-003
  1343 -0.250000000000000E+000 -0.500000000000000E-001  0.175000000000000E+000  0.500000000000000E-003
  1344 -0.150000000000000E+000 -0.500000000000000E-001  0.175000000000000E+000  0.500000000000000E-003
  1345 -0.500000000000000E-001 -0.500000000000000E-001  0.175000000000000E+000  0.500000000000000E-003
  1346  0.500000000000000E-001 -0.500000000000000E-001  0.175000000000000E+000  0.500000000000000E-003
  1347  0.150000000000000E+000 -0.500000000000000E-001  0.175000000000000E+000  0.500000000000000E-003
  1348  0.250000000000000E+000 -0.500000000000000E-001  0.175000000000000E+000  0.500000000000000E-003
  1349  0.350000000000000E+000 -0.500000000000000E-001  0.175000000000000E+000  0.500000000000000E-003
  1350  0.450000000000000E+000 -0.500000000000000E-001  0.175000000000000E+000  0.500000000000000E-003
  1351 -0.450000000000000E+000  0.500000000000000E-001  0.175000000000000E+000  0.500000000000000E-003
  1352 -0.350000000000000E+000  0.500000000000000E-001  0.175000000000000E+000  0.500000000000000E-003
  1353 -0.250000000000000E+000  0.500000000000000E-001  0.175000000000000E+000  0.500000000000000E-003
  1354 -0.150000000000000E+000  0.500000000000000E-001  0.175000000000000E+000  0.500000000000000E-003
  1355 -0.500000000000000E-001  0.500000000000000E-001  0.175000000000000E+000  0.500000000000000E-003
  1356  0.500000000000000E-001  0.500000000000000E-001  0.175000000000000E+000  0.500000000000000E-003
  1357  0.150000000000000E+000  0.500000000000000E-001  0.175000000000000E+000  0.500000000000000E-003
  1358  0.250000000000000E+000  0.500000000000000E-001  0.175000000000000E+000  0.500000000000000E-003
  1359  0.350000000000000E+000  0.500000000000000E-001  0.175000000000000E+000  0.500000000000000E-003
  1360  0.450000000000000E+000  0.500000000000000E-001  0.175000000000000E+000  0.500000000000000E-003
  1361 -0.450000000000000E+000  0.150000000000000E+000  0.175000000000000E+000  0.500000000000000E-003
  1362 -0.350000000000000E+000  0.150000000000000E+000  0.175000000000000E+000  0.500000000000000E-003
  1363 -0.250000000000000E+000  0.150000000000000E+000  0.175000000000000E+000  0.500000000000000E-003
  1364 -0.150000000000000E+000  0.150000000000000E+000  0.175000000000000E+000  0.500000000000000E-003
  1365 -0.500000000000000E-001  0.150000000000000E+000  0.175000000000000E+000  0.500000000000000E-003
  1366  0.500000000000000E-001  0.150000000000000E+000  0.175000000000000E+000  0.500000000000000E-003
  1367  0.150000000000000E+000  0.150000000000000E+000  0.175000000000000E+000  0.500000000000000E-003
  1368  0.250000000000000E+000  0.150000000000000E+000  0.175000000000000E+000  0.500000000000000E-003
  1369  0.350000000000000E+000  0.150000000000000E+000  0.175000000000000E+000  0.500000000000000E-003
  1370  0.450000000000000E+000  0.150000000000000E+000  0.175000000000000E+000  0.500000000000000E-003
  1371 -0.450000000000000E+000  0.250000000000000E+000  0.175000000000000E+000  0.500000000000000E-003
  1372 -0.350000000000000E+000  0.250000000000000E+000  0.175000000000000E+000  0.500000000000000E-003
  1373 -0.250000000000000E+000  0.250000000000000E+000  0.175000000000000E+000  0.500000000000000E-003
  1374 -0.150000000000000E+000  0.250000000000000E+000  0.175000000000000E+000  0.500000000000000E-003
  1375 -0.500000000000000E-001  0.250000000000000E+000  0.175000000000000E+000  0.500000000000000E-003
  1376  0.500000000000000E-001  0.250000000000000E+000  0.175000000000000E+000  0.500000000000000E-003
  1377  0.150000000000000E+000  0.250000000000000E+000  0.175000000000000E+000  0.500000000000000E-003
  1378  0.250000000000000E+000  0.250000000000000E+000  0.175000000000000E+000  0.500000000000000E-003
  1379  0.350000000000000E+000  0.250000000000000E+000  0.175000000000000E+000  0.500000000000000E-003
  1380  0.450000000000000E+000  0.250000000000000E+000  0.175000000000000E+000  0.500000000000000E-003
  1381 -0.450000000000000E+000  0.350000000000000E+000  0.175000000000000E+000  0.500000000000000E-003
  1382 -0.350000000000000E+000  0.350000000000000E+000  0.175000000000000E+000  0.500000000000000E-003
  1383 -0.250000000000000E+000  0.350000000000000E+000  0.175000000000000E+000  0.500000000000000E-003
  1384 -0.150000000000000E+000  0.350000000000000E+000  0.175000000000000E+000  0.500000000000000E-003
  1385 -0.500000000000000E-001  0.350000000000000E+000  0.175000000000000E+000  0.500000000000000E-003
  1386  0.500000000000000E-001  0.350000000000000E+000  0.175000000000000E+000  0.500000000000000E-003
  1387  0.150000000000000E+000  0.350000000000000E+000  0.175000000000000E+000  0.500000000000000E-003
  1388  0.250000000000000E+000  0.350000000000000E+000  0.175000000000000E+000  0.500000000000000E-003
  1389  0.350000000000000E+000  0.350000000000000E+000  0.175000000000000E+000  0.500000000000000E-003
  1390  0.450000000000000E+000  0.350000000000000E+000  0.175000000000000E+000  0.500000000000000E-003
  1391 -0.450000000000000E+000  0.450000000000000E+000  0.175000000000000E+000  0.500000000000000E-003
  1392 -0.350000000000000E+000  0.450000000000000E+000  0.175000000000000E+000  0.500000000000000E-003
  1393 -0.250000000000000E+000  0.450000000000000E+000  0.175000000000000E+000  0.500000000000000E-003
  1394 -0.150000000000000E+000  0.450000000000000E+000  0.175000000000000E+000  0.500000000000000E-003
  1395 -0.500000000000000E-001  0.450000000000000E+000  0.175000000000000E+000  0.500000000000000E-003
  1396  0.500000000000000E-001  0.450000000000000E+000  0.175000000000000E+000  0.500000000000000E-003
  1397  0.150000000000000E+000  0.450000000000000E+000  0.175000000000000E+000  0.500000000000000E-003
  1398  0.250000000000000E+000  0.450000000000000E+000  0.175000000000000E+000  0.500000000000000E-003
  1399  0.350000000000000E+000  0.450000000000000E+000  0.175000000000000E+000  0.500000000000000E-003
  1400  0.450000000000000E+000  0.450000000000000E+000  0.175000000000000E+000  0.500000000000000E-003
  1401 -0.450000000000000E+000 -0.450000000000000E+000  0.225000000000000E+000  0.500000000000000E-003
  1402 -0.350000000000000E+000 -0.450000000000000E+000  0.225000000000000E+000  0.500000000000000E-003
  1403 -0.250000000000000E+000 -0.450000000000000E+000  0.225000000000000E+000  0.500000000000000E-003
  1404 -0.150000000000000E+000 -0.450000000000000E+000  0.225000000000000E+000  0.500000000000000E-003
  1405 -0.500000000000000E-001 -0.450000000000000E+000  0.225000000000000E+000  0.500000000000000E-003
  1406  0.500000000000000E-001 -0.450000000000000E+000  0.225000000000000E+000  0.500000000000000E-003
  1407  0.150000000000000E+000 -0.450000000000000E+000  0.225000000000000E+000  0.500000000000000E-003
  1408  0.250000000000000E+000 -0.450000000000000E+000  0.225000000000000E+000  0.500000000000000E-003
  1409  0.350000000000000E+000 -0.450000000000000E+000  0.225000000000000E+000  0.500000000000000E-003
  1410  0.450000000000000E+000 -0.450000000000000E+000  0.225000000000000E+000  0.500000000000000E-003
  1411 -0.450000000000000E+000 -0.350000000000000E+000  0.225000000000000E+000  0.500000000000000E-003
  1412 -0.350000000000000E+000 -0.350000000000000E+000  0.225000000000000E+000  0.500000000000000E-003
  1413 -0.250000000000000E+000 -0.350000000000000E+000  0.225000000000000E+000  0.500000000000000E-003
  1414 -0.150000000000000E+000 -0.350000000000000E+000  0.225000000000000E+000  0.500000000000000E-003
  1415 -0.500000000000000E-001 -0.350000000000000E+000  0.225000000000000E+000  0.500000000000000E-003
  1416  0.500000000000000E-001 -0.350000000000000E+000  0.225000000000000E+000  0.500000000000000E-003
  1417  0.150000000000000E+000 -0.350000000000000E+000  0.225000000000000E+000  0.500000000000000E-003
  1418  0.250000000000000E+000 -0.350000000000000E+000  0.225000000000000E+000  0.500000000000000E-003
  1419  0.350000000000000E+000 -0.350000000000000E+000  0.225000000000000E+000  0.500000000000000E-003
  1420  0.450000000000000E+000 -0.350000000000000E+000  0.225000000000000E+000  0.500000000000000E-003
  1421 -0.450000000000000E+000 -0.250000000000000E+000  0.225000000000000E+000  0.500000000000000E-003
  1422 -0.350000000000000E+000 -0.250000000000000E+000  0.225000000000000E+000  0.500000000000000E-003
  1423 -0.250000000000000E+000 -0.250000000000000E+000  0.225000000000000E+000  0.500000000000000E-003
  1424 -0.150000000000000E+000 -0.250000000000000E+000  0.225000000000000E+000  0.500000000000000E-003
  1425 -0.500000000000000E-001 -0.250000000000000E+000  0.225000000000000E+000  0.500000000000000E-003
  1426  0.500000000000000E-001 -0.250000000000000E+000  0.225000000000000E+000  0.500000000000000E-003
  1427  0.150000000000000E+000 -0.250000000000000E+000  0.225000000000000E+000  0.500000000000000E-003
  1428  0.250000000000000E+000 -0.250000000000000E+000  0.225000000000000E+000  0.500000000000000E-003
  1429  0.350000000000000E+000 -0.250000000000000E+000  0.225000000000000E+000  0.500000000000000E-003
  1430  0.450000000000000E+000 -0.250000000000000E+000  0.225000000000000E+000  0.500000000000000E-003
  1431 -0.450000000000000E+000 -0.150000000000000E+000  0.225000000000000E+000  0.500000000000000E-003
  1432 -0.350000000000000E+000 -0.150000000000000E+000  0.225000000000000E+000  0.500000000000000E-003
  1433 -0.250000000000000E+000 -0.150000000000000E+000  0.225000000000000E+000  0.500000000000000E-003
  1434 -0.150000000000000E+000 -0.150000000000000E+000  0.225000000000000E+000  0.500000000000000E-003
  1435 -0.500000000000000E-001 -0.150000000000000E+000  0.225000000000000E+000  0.500000000000000E-003
  1436  0.500000000000000E-001 -0.150000000000000E+000  0.225000000000000E+000  0.500000000000000E-003
  1437  0.150000000000000E+000 -0.150000000000000E+000  0.225000000000000E+000  0.500000000000000E-003
  1438  0.250000000000000E+000 -0.150000000000000E+000  0.225000000000000E+000  0.500000000000000E-003
  1439  0.350000000000000E+000 -0.150000000000000E+000  0.225000000000000E+000  0.500000000000000E-003
  1440  0.450000000000000E+000 -0.150000000000000E+000  0.225000000000000E+000  0.500000000000000E-003
  1441 -0.450000000000000E+000 -0.500000000000000E-001  0.225000000000000E+000  0.500000000000000E-003
  1442 -0.350000000000000E+000 -0.500000000000000E-001  0.225000000000000E+000  0.500000000000000E-003
  1443 -0.250000000000000E+000 -0.500000000000000E-001  0.225000000000000E+000  0.500000000000000E-003
  1444 -0.150000000000000E+000 -0.500000000000000E-001  0.225000000000000E+000  0.500000000000000E-003
  1445 -0.500000000000000E-001 -0.500000000000000E-001  0.225000000000000E+000  0.500000000000000E-003
  1446  0.500000000000000E-001 -0.500000000000000E-001  0.225000000000000E+000  0.500000000000000E-003
  1447  0.150000000000000E+000 -0.500000000000000E-001  0.225000000000000E+000  0.500000000000000E-003
  1448  0.250000000000000E+000 -0.500000000000000E-001  0.225000000000000E+000  0.500000000000000E-003
  1449  0.350000000000000E+000 -0.500000000000000E-001  0.225000000000000E+000  0.500000000000000E-003
  1450  0.450000000000000E+000 -0.500000000000000E-001  0.225000000000000E+000  0.500000000000000E-003
  1451 -0.450000000000000E+000  0.500000000000000E-001  0.225000000000000E+000  0.500000000000000E-003
  1452 -0.350000000000000E+000  0.500000000000000E-001  0.225000000000000E+000  0.500000000000000E-003
  1453 -0.250000000000000E+000  0.500000000000000E-001  0.225000000000000E+000  0.500000000000000E-003
  1454 -0.150000000000000E+000  0.500000000000000E-001  0.225000000000000E+000  0.500000000000000E-003
  1455 -0.500000000000000E-001  0.500000000000000E-001  0.225000000000000E+000  0.500000000000000E-003
  1456  0.500000000000000E-001  0.500000000000000E-001  0.225000000000000E+000  0.500000000000000E-003
  1457  0.150000000000000E+000  0.500000000000000E-001  0.225000000000000E+000  0.500000000000000E-003
  1458  0.250000000000000E+000  0.500000000000000E-001  0.225000000000000E+000  0.500000000000000E-003
  1459  0.350000000000000E+000  0.500000000000000E-001  0.225000000000000E+000  0.500000000000000E-003
  1460  0.450000000000000E+000  0.500000000000000E-001  0.225000000000000E+000  0.500000000000000E-003
  1461 -0.450000000000000E+000  0.150000000000000E+000  0.225000000000000E+000  0.500000000000000E-003
  1462 -0.350000000000000E+000  0.150000000000000E+000  0.225000000000000E+000  0.500000000000000E-003
  1463 -0.250000000000000E+000  0.150000000000000E+000  0.225000000000000E+000  0.500000000000000E-003
  1464 -0.150000000000000E+000  0.150000000000000E+000  0.225000000000000E+000  0.500000000000000E-003
  1465 -0.500000000000000E-001  0.150000000000000E+000  0.225000000000000E+000  0.500000000000000E-003
  1466  0.500000000000000E-001  0.150000000000000E+000  0.225000000000000E+000  0.500000000000000E-003
  1467  0.150000000000000E+000  0.150000000000000E+000  0.225000000000000E+000  0.500000000000000E-003
  1468  0.250000000000000E+000  0.150000000000000E+000  0.225000000000000E+000  0.500000000000000E-003
  1469  0.350000000000000E+000  0.150000000000000E+000  0.225000000000000E+000  0.500000000000000E-003
  1470  0.450000000000000E+000  0.150000000000000E+000  0.225000000000000E+000  0.500000000000000E-003
  1471 -0.450000000000000E+000  0.250000000000000E+000  0.225000000000000E+000  0.500000000000000E-003
  1472 -0.350000000000000E+000  0.250000000000000E+000  0.225000000000000E+000  0.500000000000000E-003
  1473 -0.250000000000000E+000  0.250000000000000E+000  0.225000000000000E+000  0.500000000000000E-003
  1474 -0.150000000000000E+000  0.250000000000000E+000  0.225000000000000E+000  0.500000000000000E-003
  1475 -0.500000000000000E-001  0.250000000000000E+000  0.225000000000000E+000  0.500000000000000E-003
  1476  0.500000000000000E-001  0.250000000000000E+000  0.225000000000000E+000  0.500000000000000E-003
  1477  0.150000000000000E+000  0.250000000000000E+000  0.225000000000000E+000  0.500000000000000E-003
  1478  0.250000000000000E+000  0.250000000000000E+000  0.225000000000000E+000  0.500000000000000E-003
  1479  0.350000000000000E+000  0.250000000000000E+000  0.225000000000000E+000  0.500000000000000E-003
  1480  0.450000000000000E+000  0.250000000000000E+000  0.225000000000000E+000  0.500000000000000E-003
  1481 -0.450000000000000E+000  0.350000000000000E+000  0.225000000000000E+000  0.500000000000000E-003
  1482 -0.350000000000000E+000  0.350000000000000E+000  0.225000000000000E+000  0.500000000000000E-003
  1483 -0.250000000000000E+000  0.350000000000000E+000  0.225000000000000E+000  0.500000000000000E-003
  1484 -0.150000000000000E+000  0.350000000000000E+000  0.225000000000000E+000  0.500000000000000E-003
  1485 -0.500000000000000E-001  0.350000000000000E+000  0.225000000000000E+000  0.500000000000000E-003
  1486  0.500000000000000E-001  0.350000000000000E+000  0.225000000000000E+000  0.500000000000000E-003
  1487  0.150000000000000E+000  0.350000000000000E+000  0.225000000000000E+000  0.500000000000000E-003
  1488  0.250000000000000E+000  0.350000000000000E+000  0.225000000000000E+000  0.500000000000000E-003
  1489  0.350000000000000E+000  0.350000000000000E+000  0.225000000000000E+000  0.500000000000000E-003
  1490  0.450000000000000E+000  0.350000000000000E+000  0.225000000000000E+000  0.500000000000000E-003
  1491 -0.450000000000000E+000  0.450000000000000E+000  0.225000000000000E+000  0.500000000000000E-003
  1492 -0.350000000000000E+000  0.450000000000000E+000  0.225000000000000E+000  0.500000000000000E-003
  1493 -0.250000000000000E+000  0.450000000000000E+000  0.225000000000000E+000  0.500000000000000E-003
  1494 -0.150000000000000E+000  0.450000000000000E+000  0.225000000000000E+000  0.500000000000000E-003
  1495 -0.500000000000000E-001  0.450000000000000E+000  0.225000000000000E+000  0.500000000000000E-003
  1496  0.500000000000000E-001  0.450000000000000E+000  0.225000000000000E+000  0.500000000000000E-003
  1497  0.150000000000000E+000  0.450000000000000E+000  0.225000000000000E+000  0.500000000000000E-003
  1498  0.250000000000000E+000  0.450000000000000E+000  0.225000000000000E+000  0.500000000000000E-003
  1499  0.350000000000000E+000  0.450000000000000E+000  0.225000000000000E+000  0.500000000000000E-003
  1500  0.450000000000000E+000  0.450000000000000E+000  0.225000000000000E+000  0.500000000000000E-003
  1501 -0.450000000000000E+000 -0.450000000000000E+000  0.275000000000000E+000  0.500000000000000E-003
  1502 -0.350000000000000E+000 -0.450000000000000E+000  0.275000000000000E+000  0.500000000000000E-003
  1503 -0.250000000000000E+000 -0.450000000000000E+000  0.275000000000000E+000  0.500000000000000E-003
  1504 -0.150000000000000E+000 -0.450000000000000E+000  0.275000000000000E+000  0.500000000000000E-003
  1505 -0.500000000000000E-001 -0.450000000000000E+000  0.275000000000000E+000  0.500000000000000E-003
  1506  0.500000000000000E-001 -0.450000000000000E+000  0.275000000000000E+000  0.500000000000000E-003
  1507  0.150000000000000E+000 -0.450000000000000E+000  0.275000000000000E+000  0.500000000000000E-003
  1508  0.250000000000000E+000 -0.450000000000000E+000  0.275000000000000E+000  0.500000000000000E-003
  1509  0.350000000000000E+000 -0.450000000000000E+000  0.275000000000000E+000  0.500000000000000E-003
  1510  0.450000000000000E+000 -0.450000000000000E+000  0.275000000000000E+000  0.500000000000000E-003
  1511 -0.450000000000000E+000 -0.350000000000000E+000  0.275000000000000E+000  0.500000000000000E-003
  1512 -0.350000000000000E+000 -0.350000000000000E+000  0.275000000000000E+000  0.500000000000000E-003
  1513 -0.250000000000000E+000 -0.350000000000000E+000  0.275000000000000E+000  0.500000000000000E-003
  1514 -0.150000000000000E+000 -0.350000000000000E+000  0.275000000000000E+000  0.500000000000000E-003
  1515 -0.500000000000000E-001 -0.350000000000000E+000  0.275000000000000E+000  0.500000000000000E-003
  1516  0.500000000000000E-001 -0.350000000000000E+000  0.275000000000000E+000  0.500000000000000E-003
  1517  0.150000000000000E+000 -0.350000000000000E+000  0.275000000000000E+000  0.500000000000000E-003
  1518  0.250000000000000E+000 -0.350000000000000E+000  0.275000000000000E+000  0.500000000000000E-003
  1519  0.350000000000000E+000 -0.350000000000000E+000  0.275000000000000E+000  0.500000000000000E-003
  1520  0.450000000000000E+000 -0.350000000000000E+000  0.275000000000000E+000  0.500000000000000E-003
  1521 -0.450000000000000E+000 -0.250000000000000E+000  0.275000000000000E+000  0.500000000000000E-003
  1522 -0.350000000000000E+000 -0.250000000000000E+000  0.275000000000000E+000  0.500000000000000E-003
  1523 -0.250000000000000E+000 -0.250000000000000E+000  0.275000000000000E+000  0.500000000000000E-003
  1524 -0.150000000000000E+000 -0.250000000000000E+000  0.275000000000000E+000  0.500000000000000E-003
  1525 -0.500000000000000E-001 -0.250000000000000E+000  0.275000000000000E+000  0.500000000000000E-003
  1526  0.500000000000000E-001 -0.250000000000000E+000  0.275000000000000E+000  0.500000000000000E-003
  1527  0.150000000000000E+000 -0.250000000000000E+000  0.275000000000000E+000  0.500000000000000E-003
  1528  0.250000000000000E+000 -0.250000000000000E+000  0.275000000000000E+000  0.500000000000000E-003
  1529  0.350000000000000E+000 -0.250000000000000E+000  0.275000000000000E+000  0.500000000000000E-003
  1530  0.450000000000000E+000 -0.250000000000000E+000  0.275000000000000E+000  0.500000000000000E-003
  1531 -0.450000000000000E+000 -0.150000000000000E+000  0.275000000000000E+000  0.500000000000000E-003
  1532 -0.350000000000000E+000 -0.150000000000000E+000  0.275000000000000E+000  0.500000000000000E-003
  1533 -0.250000000000000E+000 -0.150000000000000E+000  0.275000000000000E+000  0.500000000000000E-003
  1534 -0.150000000000000E+000 -0.150000000000000E+000  0.275000000000000E+000  0.500000000000000E-003
  1535 -0.500000000000000E-001 -0.150000000000000E+000  0.275000000000000E+000  0.500000000000000E-003
  1536  0.500000000000000E-001 -0.150000000000000E+000  0.275000000000000E+000  0.500000000000000E-003
  1537  0.150000000000000E+000 -0.150000000000000E+000  0.275000000000000E+000  0.500000000000000E-003
  1538  0.250000000000000E+000 -0.150000000000000E+000  0.275000000000000E+000  0.500000000000000E-003
  1539  0.350000000000000E+000 -0.150000000000000E+000  0.275000000000000E+000  0.500000000000000E-003
  1540  0.450000000000000E+000 -0.150000000000000E+000  0.275000000000000E+000  0.500000000000000E-003
  1541 -0.450000000000000E+000 -0.500000000000000E-001  0.275000000000000E+000  0.500000000000000E-003
  1542 -0.350000000000000E+000 -0.500000000000000E-001  0.275000000000000E+000  0.500000000000000E-003
  1543 -0.250000000000000E+000 -0.500000000000000E-001  0.275000000000000E+000  0.500000000000000E-003
  1544 -0.150000000000000E+000 -0.500000000000000E-001  0.275000000000000E+000  0.500000000000000E-003
  1545 -0.500000000000000E-001 -0.500000000000000E-001  0.275000000000000E+000  0.500000000000000E-003
  1546  0.500000000000000E-001 -0.500000000000000E-001  0.275000000000000E+000  0.500000000000000E-003
  1547  0.150000000000000E+000 -0.500000000000000E-001  0.275000000000000E+000  0.500000000000000E-003
  1548  0.250000000000000E+000 -0.500000000000000E-001  0.275000000000000E+000  0.500000000000000E-003
  1549  0.350000000000000E+000 -0.500000000000000E-001  0.275000000000000E+000  0.500000000000000E-003
  1550  0.450000000000000E+000 -0.500000000000000E-001  0.275000000000000E+000  0.500000000000000E-003
  1551 -0.450000000000000E+000  0.500000000000000E-001  0.275000000000000E+000  0.500000000000000E-003
  1552 -0.350000000000000E+000  0.500000000000000E-001  0.275000000000000E+000  0.500000000000000E-003
  1553 -0.250000000000000E+000  0.500000000000000E-001  0.275000000000000E+000  0.500000000000000E-003
  1554 -0.150000000000000E+000  0.500000000000000E-001  0.275000000000000E+000  0.500000000000000E-003
  1555 -0.500000000000000E-001  0.500000000000000E-001  0.275000000000000E+000  0.500000000000000E-003
  1556  0.500000000000000E-001  0.500000000000000E-001  0.275000000000000E+000  0.500000000000000E-003
  1557  0.150000000000000E+000  0.500000000000000E-001  0.275000000000000E+000  0.500000000000000E-003
  1558  0.250000000000000E+000  0.500000000000000E-001  0.275000000000000E+000  0.500000000000000E-003
  1559  0.350000000000000E+000  0.500000000000000E-001  0.275000000000000E+000  0.500000000000000E-003
  1560  0.450000000000000E+000  0.500000000000000E-001  0.275000000000000E+000  0.500000000000000E-003
  1561 -0.450000000000000E+000  0.150000000000000E+000  0.275000000000000E+000  0.500000000000000E-003
  1562 -0.350000000000000E+000  0.150000000000000E+000  0.275000000000000E+000  0.500000000000000E-003
  1563 -0.250000000000000E+000  0.150000000000000E+000  0.275000000000000E+000  0.500000000000000E-003
  1564 -0.150000000000000E+000  0.150000000000000E+000  0.275000000000000E+000  0.500000000000000E-003
  1565 -0.500000000000000E-001  0.150000000000000E+000  0.275000000000000E+000  0.500000000000000E-003
  1566  0.500000000000000E-001  0.150000000000000E+000  0.275000000000000E+000  0.500000000000000E-003
  1567  0.150000000000000E+000  0.150000000000000E+000  0.275000000000000E+000  0.500000000000000E-003
  1568  0.250000000000000E+000  0.150000000000000E+000  0.275000000000000E+000  0.500000000000000E-003
  1569  0.350000000000000E+000  0.150000000000000E+000  0.275000000000000E+000  0.500000000000000E-003
  1570  0.450000000000000E+000  0.150000000000000E+000  0.275000000000000E+000  0.500000000000000E-003
  1571 -0.450000000000000E+000  0.250000000000000E+000  0.275000000000000E+000  0.500000000000000E-003
  1572 -0.350000000000000E+000  0.250000000000000E+000  0.275000000000000E+000  0.500000000000000E-003
  1573 -0.250000000000000E+000  0.250000000000000E+000  0.275000000000000E+000  0.500000000000000E-003
  1574 -0.150000000000000E+000  0.250000000000000E+000  0.275000000000000E+000  0.500000000000000E-003
  1575 -0.500000000000000E-001  0.250000000000000E+000  0.275000000000000E+000  0.500000000000000E-003
  1576  0.500000000000000E-001  0.250000000000000E+000  0.275000000000000E+000  0.500000000000000E-003
  1577  0.150000000000000E+000  0.250000000000000E+000  0.275000000000000E+000  0.500000000000000E-003
  1578  0.250000000000000E+000  0.250000000000000E+000  0.275000000000000E+000  0.500000000000000E-003
  1579  0.350000000000000E+000  0.250000000000000E+000  0.275000000000000E+000  0.500000000000000E-003
  1580  0.450000000000000E+000  0.250000000000000E+000  0.275000000000000E+000  0.500000000000000E-003
  1581 -0.450000000000000E+000  0.350000000000000E+000  0.275000000000000E+000  0.500000000000000E-003
  1582 -0.350000000000000E+000  0.350000000000000E+000  0.275000000000000E+000  0.500000000000000E-003
  1583 -0.250000000000000E+000  0.350000000000000E+000  0.275000000000000E+000  0.500000000000000E-003
  1584 -0.150000000000000E+000  0.350000000000000E+000  0.275000000000000E+000  0.500000000000000E-003
  1585 -0.500000000000000E-001  0.350000000000000E+000  0.275000000000000E+000  0.500000000000000E-003
  1586  0.500000000000000E-001  0.350000000000000E+000  0.275000000000000E+000  0.500000000000000E-003
  1587  0.150000000000000E+000  0.350000000000000E+000  0.275000000000000E+000  0.500000000000000E-003
  1588  0.250000000000000E+000  0.350000000000000E+000  0.275000000000000E+000  0.500000000000000E-003
  1589  0.350000000000000E+000  0.350000000000000E+000  0.275000000000000E+000  0.500000000000000E-003
  1590  0.450000000000000E+000  0.350000000000000E+000  0.275000000000000E+000  0.500000000000000E-003
  1591 -0.450000000000000E+000  0.450000000000000E+000  0.275000000000000E+000  0.500000000000000E-003
  1592 -0.350000000000000E+000  0.450000000000000E+000  0.275000000000000E+000  0.500000000000000E-003
  1593 -0.250000000000000E+000  0.450000000000000E+000  0.275000000000000E+000  0.500000000000000E-003
  1594 -0.150000000000000E+000  0.450000000000000E+000  0.275000000000000E+000  0.500000000000000E-003
  1595 -0.500000000000000E-001  0.450000000000000E+000  0.275000000000000E+000  0.500000000000000E-003
  1596  0.500000000000000E-001  0.450000000000000E+000  0.275000000000000E+000  0.500000000000000E-003
  1597  0.150000000000000E+000  0.450000000000000E+000  0.275000000000000E+000  0.500000000000000E-003
  1598  0.250000000000000E+000  0.450000000000000E+000  0.275000000000000E+000  0.500000000000000E-003
  1599  0.350000000000000E+000  0.450000000000000E+000  0.275000000000000E+000  0.500000000000000E-003
  1600  0.450000000000000E+000  0.450000000000000E+000  0.275000000000000E+000  0.500000000000000E-003
  1601 -0.450000000000000E+000 -0.450000000000000E+000  0.325000000000000E+000  0.500000000000000E-003
  1602 -0.350000000000000E+000 -0.450000000000000E+000  0.325000000000000E+000  0.500000000000000E-003
  1603 -0.250000000000000E+000 -0.450000000000000E+000  0.325000000000000E+000  0.500000000000000E-003
  1604 -0.150000000000000E+000 -0.450000000000000E+000  0.325000000000000E+000  0.500000000000000E-003
  1605 -0.500000000000000E-001 -0.450000000000000E+000  0.325000000000000E+000  0.500000000000000E-003
  1606  0.500000000000000E-001 -0.450000000000000E+000  0.325000000000000E+000  0.500000000000000E-003
  1607  0.150000000000000E+000 -0.450000000000000E+000  0.325000000000000E+000  0.500000000000000E-003
  1608  0.250000000000000E+000 -0.450000000000000E+000  0.325000000000000E+000  0.500000000000000E-003
  1609  0.350000000000000E+000 -0.450000000000000E+000  0.325000000000000E+000  0.500000000000000E-003
  1610  0.450000000000000E+000 -0.450000000000000E+000  0.325000000000000E+000  0.500000000000000E-003
  1611 -0.450000000000000E+000 -0.350000000000000E+000  0.325000000000000E+000  0.500000000000000E-003
  1612 -0.350000000000000E+000 -0.350000000000000E+000  0.325000000000000E+000  0.500000000000000E-003
  1613 -0.250000000000000E+000 -0.350000000000000E+000  0.325000000000000E+000  0.500000000000000E-003
  1614 -0.150000000000000E+000 -0.350000000000000E+000  0.325000000000000E+000  0.500000000000000E-003
  1615 -0.500000000000000E-001 -0.350000000000000E+000  0.325000000000000E+000  0.500000000000000E-003
  1616  0.500000000000000E-001 -0.350000000000000E+000  0.325000000000000E+000  0.500000000000000E-003
  1617  0.150000000000000E+000 -0.350000000000000E+000  0.325000000000000E+000  0.500000000000000E-003
  1618  0.250000000000000E+000 -0.350000000000000E+000  0.325000000000000E+000  0.500000000000000E-003
  1619  0.350000000000000E+000 -0.350000000000000E+000  0.325000000000000E+000  0.500000000000000E-003
  1620  0.450000000000000E+000 -0.350000000000000E+000  0.325000000000000E+000  0.500000000000000E-003
  1621 -0.450000000000000E+000 -0.250000000000000E+000  0.325000000000000E+000  0.500000000000000E-003
  1622 -0.350000000000000E+000 -0.250000000000000E+000  0.325000000000000E+000  0.500000000000000E-003
  1623 -0.250000000000000E+000 -0.250000000000000E+000  0.325000000000000E+000  0.500000000000000E-003
  1624 -0.150000000000000E+000 -0.250000000000000E+000  0.325000000000000E+000  0.500000000000000E-003
  1625 -0.500000000000000E-001 -0.250000000000000E+000  0.325000000000000E+000  0.500000000000000E-003
  1626  0.500000000000000E-001 -0.250000000000000E+000  0.325000000000000E+000  0.500000000000000E-003
  1627  0.150000000000000E+000 -0.250000000000000E+000  0.325000000000000E+000  0.500000000000000E-003
  1628  0.250000000000000E+000 -0.250000000000000E+000  0.325000000000000E+000  0.500000000000000E-003
  1629  0.350000000000000E+000 -0.250000000000000E+000  0.325000000000000E+000  0.500000000000000E-003
  1630  0.450000000000000E+000 -0.250000000000000E+000  0.325000000000000E+000  0.500000000000000E-003
  1631 -0.450000000000000E+000 -0.150000000000000E+000  0.325000000000000E+000  0.500000000000000E-003
  1632 -0.350000000000000E+000 -0.150000000000000E+000  0.325000000000000E+000  0.500000000000000E-003
  1633 -0.250000000000000E+000 -0.150000000000000E+000  0.325000000000000E+000  0.500000000000000E-003
  1634 -0.150000000000000E+000 -0.150000000000000E+000  0.325000000000000E+000  0.500000000000000E-003
  1635 -0.500000000000000E-001 -0.150000000000000E+000  0.325000000000000E+000  0.500000000000000E-003
  1636  0.500000000000000E-001 -0.150000000000000E+000  0.325000000000000E+000  0.500000000000000E-003
  1637  0.150000000000000E+000 -0.150000000000000E+000  0.325000000000000E+000  0.500000000000000E-003
  1638  0.250000000000000E+000 -0.150000000000000E+000  0.325000000000000E+000  0.500000000000000E-003
  1639  0.350000000000000E+000 -0.150000000000000E+000  0.325000000000000E+000  0.500000000000000E-003
  1640  0.450000000000000E+000 -0.150000000000000E+000  0.325000000000000E+000  0.500000000000000E-003
  1641 -0.450000000000000E+000 -0.500000000000000E-001  0.325000000000000E+000  0.500000000000000E-003
  1642 -0.350000000000000E+000 -0.500000000000000E-001  0.325000000000000E+000  0.500000000000000E-003
  1643 -0.250000000000000E+000 -0.500000000000000E-001  0.325000000000000E+000  0.500000000000000E-003
  1644 -0.150000000000000E+000 -0.500000000000000E-001  0.325000000000000E+000  0.500000000000000E-003
  1645 -0.500000000000000E-001 -0.500000000000000E-001  0.325000000000000E+000  0.500000000000000E-003
  1646  0.500000000000000E-001 -0.500000000000000E-001  0.325000000000000E+000  0.500000000000000E-003
  1647  0.150000000000000E+000 -0.500000000000000E-001  0.325000000000000E+000  0.500000000000000E-003
  1648  0.250000000000000E+000 -0.500000000000000E-001  0.325000000000000E+000  0.500000000000000E-003
  1649  0.350000000000000E+000 -0.500000000000000E-001  0.325000000000000E+000  0.500000000000000E-003
  1650  0.450000000000000E+000 -0.500000000000000E-001  0.325000000000000E+000  0.500000000000000E-003
  1651 -0.450000000000000E+000  0.500000000000000E-001  0.325000000000000E+000  0.500000000000000E-003
  1652 -0.350000000000000E+000  0.500000000000000E-001  0.325000000000000E+000  0.500000000000000E-003
  1653 -0.250000000000000E+000  0.500000000000000E-001  0.325000000000000E+000  0.500000000000000E-003
  1654 -0.150000000000000E+000  0.500000000000000E-001  0.325000000000000E+000  0.500000000000000E-003
  1655 -0.500000000000000E-001  0.500000000000000E-001  0.325000000000000E+000  0.500000000000000E-003
  1656  0.500000000000000E-001  0.500000000000000E-001  0.325000000000000E+000  0.500000000000000E-003
  1657  0.150000000000000E+000  0.500000000000000E-001  0.325000000000000E+000  0.500000000000000E-003
  1658  0.250000000000000E+000  0.500000000000000E-001  0.325000000000000E+000  0.500000000000000E-003
  1659  0.350000000000000E+000  0.500000000000000E-001  0.325000000000000E+000  0.500000000000000E-003
  1660  0.450000000000000E+000  0.500000000000000E-001  0.325000000000000E+000  0.500000000000000E-003
  1661 -0.450000000000000E+000  0.150000000000000E+000  0.325000000000000E+000  0.500000000000000E-003
  1662 -0.350000000000000E+000  0.150000000000000E+000  0.325000000000000E+000  0.500000000000000E-003
  1663 -0.250000000000000E+000  0.150000000000000E+000  0.325000000000000E+000  0.500000000000000E-003
  1664 -0.150000000000000E+000  0.150000000000000E+000  0.325000000000000E+000  0.500000000000000E-003
  1665 -0.500000000000000E-001  0.150000000000000E+000  0.325000000000000E+000  0.500000000000000E-003
  1666  0.500000000000000E-001  0.150000000000000E+000  0.325000000000000E+000  0.500000000000000E-003
  1667  0.150000000000000E+000  0.150000000000000E+000  0.325000000000000E+000  0.500000000000000E-003
  1668  0.250000000000000E+000  0.150000000000000E+000  0.325000000000000E+000  0.500000000000000E-003
  1669  0.350000000000000E+000  0.150000000000000E+000  0.325000000000000E+000  0.500000000000000E-003
  1670  0.450000000000000E+000  0.150000000000000E+000  0.325000000000000E+000  0.500000000000000E-003
  1671 -0.450000000000000E+000  0.250000000000000E+000  0.325000000000000E+000  0.500000000000000E-003
  1672 -0.350000000000000E+000  0.250000000000000E+000  0.325000000000000E+000  0.500000000000000E-003
  1673 -0.250000000000000E+000  0.250000000000000E+000  0.325000000000000E+000  0.500000000000000E-003
  1674 -0.150000000000000E+000  0.250000000000000E+000  0.325000000000000E+000  0.500000000000000E-003
  1675 -0.500000000000000E-001  0.250000000000000E+000  0.325000000000000E+000  0.500000000000000E-003
  1676  0.500000000000000E-001  0.250000000000000E+000  0.325000000000000E+000  0.500000000000000E-003
  1677  0.150000000000000E+000  0.250000000000000E+000  0.325000000000000E+000  0.500000000000000E-003
  1678  0.250000000000000E+000  0.250000000000000E+000  0.325000000000000E+000  0.500000000000000E-003
  1679  0.350000000000000E+000  0.250000000000000E+000  0.325000000000000E+000  0.500000000000000E-003
  1680  0.450000000000000E+000  0.250000000000000E+000  0.325000000000000E+000  0.500000000000000E-003
  1681 -0.450000000000000E+000  0.350000000000000E+000  0.325000000000000E+000  0.500000000000000E-003
  1682 -0.350000000000000E+000  0.350000000000000E+000  0.325000000000000E+000  0.500000000000000E-003
  1683 -0.250000000000000E+000  0.350000000000000E+000  0.325000000000000E+000  0.500000000000000E-003
  1684 -0.150000000000000E+000  0.350000000000000E+000  0.325000000000000E+000  0.500000000000000E-003
  1685 -0.500000000000000E-001  0.350000000000000E+000  0.325000000000000E+000  0.500000000000000E-003
  1686  0.500000000000000E-001  0.350000000000000E+000  0.325000000000000E+000  0.500000000000000E-003
  1687  0.150000000000000E+000  0.350000000000000E+000  0.325000000000000E+000  0.500000000000000E-003
  1688  0.250000000000000E+000  0.350000000000000E+000  0.325000000000000E+000  0.500000000000000E-003
  1689  0.350000000000000E+000  0.350000000000000E+000  0.325000000000000E+000  0.500000000000000E-003
  1690  0.450000000000000E+000  0.350000000000000E+000  0.325000000000000E+000  0.500000000000000E-003
  1691 -0.450000000000000E+000  0.450000000000000E+000  0.325000000000000E+000  0.500000000000000E-003
  1692 -0.350000000000000E+000  0.450000000000000E+000  0.325000000000000E+000  0.500000000000000E-003
  1693 -0.250000000000000E+000  0.450000000000000E+000  0.325000000000000E+000  0.500000000000000E-003
  1694 -0.150000000000000E+000  0.450000000000000E+000  0.325000000000000E+000  0.500000000000000E-003
  1695 -0.500000000000000E-001  0.450000000000000E+000  0.325000000000000E+000  0.500000000000000E-003
  1696  0.500000000000000E-001  0.450000000000000E+000  0.325000000000000E+000  0.500000000000000E-003
  1697  0.150000000000000E+000  0.450000000000000E+000  0.325000000000000E+000  0.500000000000000E-003
  1698  0.250000000000000E+000  0.450000000000000E+000  0.325000000000000E+000  0.500000000000000E-003
  1699  0.350000000000000E+000  0.450000000000000E+000  0.325000000000000E+000  0.500000000000000E-003
  1700  0.450000000000000E+000  0.450000000000000E+000  0.325000000000000E+000  0.500000000000000E-003
  1701 -0.450000000000000E+000 -0.450000000000000E+000  0.375000000000000E+000  0.500000000000000E-003
  1702 -0.350000000000000E+000 -0.450000000000000E+000  0.375000000000000E+000  0.500000000000000E-003
  1703 -0.250000000000000E+000 -0.450000000000000E+000  0.375000000000000E+000  0.500000000000000E-003
  1704 -0.150000000000000E+000 -0.450000000000000E+000  0.375000000000000E+000  0.500000000000000E-003
  1705 -0.500000000000000E-001 -0.450000000000000E+000  0.375000000000000E+000  0.500000000000000E-003
  1706  0.500000000000000E-001 -0.450000000000000E+000  0.375000000000000E+000  0.500000000000000E-003
  1707  0.150000000000000E+000 -0.450000000000000E+000  0.375000000000000E+000  0.500000000000000E-003
  1708  0.250000000000000E+000 -0.450000000000000E+000  0.375000000000000E+000  0.500000000000000E-003
  1709  0.350000000000000E+000 -0.450000000000000E+000  0.375000000000000E+000  0.500000000000000E-003
  1710  0.450000000000000E+000 -0.450000000000000E+000  0.375000000000000E+000  0.500000000000000E-003
  1711 -0.450000000000000E+000 -0.350000000000000E+000  0.375000000000000E+000  0.500000000000000E-003
  1712 -0.350000000000000E+000 -0.350000000000000E+000  0.375000000000000E+000  0.500000000000000E-003
  1713 -0.250000000000000E+000 -0.350000000000000E+000  0.375000000000000E+000  0.500000000000000E-003
  1714 -0.150000000000000E+000 -0.350000000000000E+000  0.375000000000000E+000  0.500000000000000E-003
  1715 -0.500000000000000E-001 -0.350000000000000E+000  0.375000000000000E+000  0.500000000000000E-003
  1716  0.500000000000000E-001 -0.350000000000000E+000  0.375000000000000E+000  0.500000000000000E-003
  1717  0.150000000000000E+000 -0.350000000000000E+000  0.375000000000000E+000  0.500000000000000E-003
  1718  0.250000000000000E+000 -0.350000000000000E+000  0.375000000000000E+000  0.500000000000000E-003
  1719  0.350000000000000E+000 -0.350000000000000E+000  0.375000000000000E+000  0.500000000000000E-003
  1720  0.450000000000000E+000 -0.350000000000000E+000  0.375000000000000E+000  0.500000000000000E-003
  1721 -0.450000000000000E+000 -0.250000000000000E+000  0.375000000000000E+000  0.500000000000000E-003
  1722 -0.350000000000000E+000 -0.250000000000000E+000  0.375000000000000E+000  0.500000000000000E-003
  1723 -0.250000000000000E+000 -0.250000000000000E+000  0.375000000000000E+000  0.500000000000000E-003
  1724 -0.150000000000000E+000 -0.250000000000000E+000  0.375000000000000E+000  0.500000000000000E-003
  1725 -0.500000000000000E-001 -0.250000000000000E+000  0.375000000000000E+000  0.500000000000000E-003
  1726  0.500000000000000E-001 -0.250000000000000E+000  0.375000000000000E+000  0.500000000000000E-003
  1727  0.150000000000000E+000 -0.250000000000000E+000  0.375000000000000E+000  0.500000000000000E-003
  1728  0.250000000000000E+000 -0.250000000000000E+000  0.375000000000000E+000  0.500000000000000E-003
  1729  0.350000000000000E+000 -0.250000000000000E+000  0.375000000000000E+000  0.500000000000000E-003
  1730  0.450000000000000E+000 -0.250000000000000E+000  0.375000000000000E+000  0.500000000000000E-003
  1731 -0.450000000000000E+000 -0.150000000000000E+000  0.375000000000000E+000  0.500000000000000E-003
  1732 -0.350000000000000E+000 -0.150000000000000E+000  0.375000000000000E+000  0.500000000000000E-003
  1733 -0.250000000000000E+000 -0.150000000000000E+000  0.375000000000000E+000  0.500000000000000E-003
  1734 -0.150000000000000E+000 -0.150000000000000E+000  0.375000000000000E+000  0.500000000000000E-003
  1735 -0.500000000000000E-001 -0.150000000000000E+000  0.375000000000000E+000  0.500000000000000E-003
  1736  0.500000000000000E-001 -0.150000000000000E+000  0.375000000000000E+000  0.500000000000000E-003
  1737  0.150000000000000E+000 -0.150000000000000E+000  0.375000000000000E+000  0.500000000000000E-003
  1738  0.250000000000000E+000 -0.150000000000000E+000  0.375000000000000E+000  0.500000000000000E-003
  1739  0.350000000000000E+000 -0.150000000000000E+000  0.375000000000000E+000  0.500000000000000E-003
  1740  0.450000000000000E+000 -0.150000000000000E+000  0.375000000000000E+000  0.500000000000000E-003
  1741 -0.450000000000000E+000 -0.500000000000000E-001  0.375000000000000E+000  0.500000000000000E-003
  1742 -0.350000000000000E+000 -0.500000000000000E-001  0.375000000000000E+000  0.500000000000000E-003
  1743 -0.250000000000000E+000 -0.500000000000000E-001  0.375000000000000E+000  0.500000000000000E-003
  1744 -0.150000000000000E+000 -0.500000000000000E-001  0.375000000000000E+000  0.500000000000000E-003
  1745 -0.500000000000000E-001 -0.500000000000000E-001  0.375000000000000E+000  0.500000000000000E-003
  1746  0.500000000000000E-001 -0.500000000000000E-001  0.375000000000000E+000  0.500000000000000E-003
  1747  0.150000000000000E+000 -0.500000000000000E-001  0.375000000000000E+000  0.500000000000000E-003
  1748  0.250000000000000E+000 -0.500000000000000E-001  0.375000000000000E+000  0.500000000000000E-003
  1749  0.350000000000000E+000 -0.500000000000000E-001  0.375000000000000E+000  0.500000000000000E-003
  1750  0.450000000000000E+000 -0.500000000000000E-001  0.375000000000000E+000  0.500000000000000E-003
  1751 -0.450000000000000E+000  0.500000000000000E-001  0.375000000000000E+000  0.500000000000000E-003
  1752 -0.350000000000000E+000  0.500000000000000E-001  0.375000000000000E+000  0.500000000000000E-003
  1753 -0.250000000000000E+000  0.500000000000000E-001  0.375000000000000E+000  0.500000000000000E-003
  1754 -0.150000000000000E+000  0.500000000000000E-001  0.375000000000000E+000  0.500000000000000E-003
  1755 -0.500000000000000E-001  0.500000000000000E-001  0.375000000000000E+000  0.500000000000000E-003
  1756  0.500000000000000E-001  0.500000000000000E-001  0.375000000000000E+000  0.500000000000000E-003
  1757  0.150000000000000E+000  0.500000000000000E-001  0.375000000000000E+000  0.500000000000000E-003
  1758  0.250000000000000E+000  0.500000000000000E-001  0.375000000000000E+000  0.500000000000000E-003
  1759  0.350000000000000E+000  0.500000000000000E-001  0.375000000000000E+000  0.500000000000000E-003
  1760  0.450000000000000E+000  0.500000000000000E-001  0.375000000000000E+000  0.500000000000000E-003
  1761 -0.450000000000000E+000  0.150000000000000E+000  0.375000000000000E+000  0.500000000000000E-003
  1762 -0.350000000000000E+000  0.150000000000000E+000  0.375000000000000E+000  0.500000000000000E-003
  1763 -0.250000000000000E+000  0.150000000000000E+000  0.375000000000000E+000  0.500000000000000E-003
  1764 -0.150000000000000E+000  0.150000000000000E+000  0.375000000000000E+000  0.500000000000000E-003
  1765 -0.500000000000000E-001  0.150000000000000E+000  0.375000000000000E+000  0.500000000000000E-003
  1766  0.500000000000000E-001  0.150000000000000E+000  0.375000000000000E+000  0.500000000000000E-003
  1767  0.150000000000000E+000  0.150000000000000E+000  0.375000000000000E+000  0.500000000000000E-003
  1768  0.250000000000000E+000  0.150000000000000E+000  0.375000000000000E+000  0.500000000000000E-003
  1769  0.350000000000000E+000  0.150000000000000E+000  0.375000000000000E+000  0.500000000000000E-003
  1770  0.450000000000000E+000  0.150000000000000E+000  0.375000000000000E+000  0.500000000000000E-003
  1771 -0.450000000000000E+000  0.250000000000000E+000  0.375000000000000E+000  0.500000000000000E-003
  1772 -0.350000000000000E+000  0.250000000000000E+000  0.375000000000000E+000  0.500000000000000E-003
  1773 -0.250000000000000E+000  0.250000000000000E+000  0.375000000000000E+000  0.500000000000000E-003
  1774 -0.150000000000000E+000  0.250000000000000E+000  0.375000000000000E+000  0.500000000000000E-003
  1775 -0.500000000000000E-001  0.250000000000000E+000  0.375000000000000E+000  0.500000000000000E-003
  1776  0.500000000000000E-001  0.250000000000000E+000  0.375000000000000E+000  0.500000000000000E-003
  1777  0.150000000000000E+000  0.250000000000000E+000  0.375000000000000E+000  0.500000000000000E-003
  1778  0.250000000000000E+000  0.250000000000000E+000  0.375000000000000E+000  0.500000000000000E-003
  1779  0.350000000000000E+000  0.250000000000000E+000  0.375000000000000E+000  0.500000000000000E-003
  1780  0.450000000000000E+000  0.250000000000000E+000  0.375000000000000E+000  0.500000000000000E-003
  1781 -0.450000000000000E+000  0.350000000000000E+000  0.375000000000000E+000  0.500000000000000E-003
  1782 -0.350000000000000E+000  0.350000000000000E+000  0.375000000000000E+000  0.500000000000000E-003
  1783 -0.250000000000000E+000  0.350000000000000E+000  0.375000000000000E+000  0.500000000000000E-003
  1784 -0.150000000000000E+000  0.350000000000000E+000  0.375000000000000E+000  0.500000000000000E-003
  1785 -0.500000000000000E-001  0.350000000000000E+000  0.375000000000000E+000  0.500000000000000E-003
  1786  0.500000000000000E-001  0.350000000000000E+000  0.375000000000000E+000  0.500000000000000E-003
  1787  0.150000000000000E+000  0.350000000000000E+000  0.375000000000000E+000  0.500000000000000E-003
  1788  0.250000000000000E+000  0.350000000000000E+000  0.375000000000000E+000  0.500000000000000E-003
  1789  0.350000000000000E+000  0.350000000000000E+000  0.375000000000000E+000  0.500000000000000E-003
  1790  0.450000000000000E+000  0.350000000000000E+000  0.375000000000000E+000  0.500000000000000E-003
  1791 -0.450000000000000E+000  0.450000000000000E+000  0.375000000000000E+000  0.500000000000000E-003
  1792 -0.350000000000000E+000  0.450000000000000E+000  0.375000000000000E+000  0.500000000000000E-003
  1793 -0.250000000000000E+000  0.450000000000000E+000  0.375000000000000E+000  0.500000000000000E-003
  1794 -0.150000000000000E+000  0.450000000000000E+000  0.375000000000000E+000  0.500000000000000E-003
  1795 -0.500000000000000E-001  0.450000000000000E+000  0.375000000000000E+000  0.500000000000000E-003
  1796  0.500000000000000E-001  0.450000000000000E+000  0.375000000000000E+000  0.500000000000000E-003
  1797  0.150000000000000E+000  0.450000000000000E+000  0.375000000000000E+000  0.500000000000000E-003
  1798  0.250000000000000E+000  0.450000000000000E+000  0.375000000000000E+000  0.500000000000000E-003
  1799  0.350000000000000E+000  0.450000000000000E+000  0.375000000000000E+000  0.500000000000000E-003
  1800  0.450000000000000E+000  0.450000000000000E+000  0.375000000000000E+000  0.500000000000000E-003
  1801 -0.450000000000000E+000 -0.450000000000000E+000  0.425000000000000E+000  0.500000000000000E-003
  1802 -0.350000000000000E+000 -0.450000000000000E+000  0.425000000000000E+000  0.500000000000000E-003
  1803 -0.250000000000000E+000 -0.450000000000000E+000  0.425000000000000E+000  0.500000000000000E-003
  1804 -0.150000000000000E+000 -0.450000000000000E+000  0.425000000000000E+000  0.500000000000000E-003
  1805 -0.500000000000000E-001 -0.450000000000000E+000  0.425000000000000E+000  0.500000000000000E-003
  1806  0.500000000000000E-001 -0.450000000000000E+000  0.425000000000000E+000  0.500000000000000E-003
  1807  0.150000000000000E+000 -0.450000000000000E+000  0.425000000000000E+000  0.500000000000000E-003
  1808  0.250000000000000E+000 -0.450000000000000E+000  0.425000000000000E+000  0.500000000000000E-003
  1809  0.350000000000000E+000 -0.450000000000000E+000  0.425000000000000E+000  0.500000000000000E-003
  1810  0.450000000000000E+000 -0.450000000000000E+000  0.425000000000000E+000  0.500000000000000E-003
  1811 -0.450000000000000E+000 -0.350000000000000E+000  0.425000000000000E+000  0.500000000000000E-003
  1812 -0.350000000000000E+000 -0.350000000000000E+000  0.425000000000000E+000  0.500000000000000E-003
  1813 -0.250000000000000E+000 -0.350000000000000E+000  0.425000000000000E+000  0.500000000000000E-003
  1814 -0.150000000000000E+000 -0.350000000000000E+000  0.425000000000000E+000  0.500000000000000E-003
  1815 -0.500000000000000E-001 -0.350000000000000E+000  0.425000000000000E+000  0.500000000000000E-003
  1816  0.500000000000000E-001 -0.350000000000000E+000  0.425000000000000E+000  0.500000000000000E-003
  1817  0.150000000000000E+000 -0.350000000000000E+000  0.425000000000000E+000  0.500000000000000E-003
  1818  0.250000000000000E+000 -0.350000000000000E+000  0.425000000000000E+000  0.500000000000000E-003
  1819  0.350000000000000E+000 -0.350000000000000E+000  0.425000000000000E+000  0.500000000000000E-003
  1820  0.450000000000000E+000 -0.350000000000000E+000  0.425000000000000E+000  0.500000000000000E-003
  1821 -0.450000000000000E+000 -0.250000000000000E+000  0.425000000000000E+000  0.500000000000000E-003
  1822 -0.350000000000000E+000 -0.250000000000000E+000  0.425000000000000E+000  0.500000000000000E-003
  1823 -0.250000000000000E+000 -0.250000000000000E+000  0.425000000000000E+000  0.500000000000000E-003
  1824 -0.150000000000000E+000 -0.250000000000000E+000  0.425000000000000E+000  0.500000000000000E-003
  1825 -0.500000000000000E-001 -0.250000000000000E+000  0.425000000000000E+000  0.500000000000000E-003
  1826  0.500000000000000E-001 -0.250000000000000E+000  0.425000000000000E+000  0.500000000000000E-003
  1827  0.150000000000000E+000 -0.250000000000000E+000  0.425000000000000E+000  0.500000000000000E-003
  1828  0.250000000000000E+000 -0.250000000000000E+000  0.425000000000000E+000  0.500000000000000E-003
  1829  0.350000000000000E+000 -0.250000000000000E+000  0.425000000000000E+000  0.500000000000000E-003
  1830  0.450000000000000E+000 -0.250000000000000E+000  0.425000000000000E+000  0.500000000000000E-003
  1831 -0.450000000000000E+000 -0.150000000000000E+000  0.425000000000000E+000  0.500000000000000E-003
  1832 -0.350000000000000E+000 -0.150000000000000E+000  0.425000000000000E+000  0.500000000000000E-003
  1833 -0.250000000000000E+000 -0.150000000000000E+000  0.425000000000000E+000  0.500000000000000E-003
  1834 -0.150000000000000E+000 -0.150000000000000E+000  0.425000000000000E+000  0.500000000000000E-003
  1835 -0.500000000000000E-001 -0.150000000000000E+000  0.425000000000000E+000  0.500000000000000E-003
  1836  0.500000000000000E-001 -0.150000000000000E+000  0.425000000000000E+000  0.500000000000000E-003
  1837  0.150000000000000E+000 -0.150000000000000E+000  0.425000000000000E+000  0.500000000000000E-003
  1838  0.250000000000000E+000 -0.150000000000000E+000  0.425000000000000E+000  0.500000000000000E-003
  1839  0.350000000000000E+000 -0.150000000000000E+000  0.425000000000000E+000  0.500000000000000E-003
  1840  0.450000000000000E+000 -0.150000000000000E+000  0.425000000000000E+000  0.500000000000000E-003
  1841 -0.450000000000000E+000 -0.500000000000000E-001  0.425000000000000E+000  0.500000000000000E-003
  1842 -0.350000000000000E+000 -0.500000000000000E-001  0.425000000000000E+000  0.500000000000000E-003
  1843 -0.250000000000000E+000 -0.500000000000000E-001  0.425000000000000E+000  0.500000000000000E-003
  1844 -0.150000000000000E+000 -0.500000000000000E-001  0.425000000000000E+000  0.500000000000000E-003
  1845 -0.500000000000000E-001 -0.500000000000000E-001  0.425000000000000E+000  0.500000000000000E-003
  1846  0.500000000000000E-001 -0.500000000000000E-001  0.425000000000000E+000  0.500000000000000E-003
  1847  0.150000000000000E+000 -0.500000000000000E-001  0.425000000000000E+000  0.500000000000000E-003
  1848  0.250000000000000E+000 -0.500000000000000E-001  0.425000000000000E+000  0.500000000000000E-003
  1849  0.350000000000000E+000 -0.500000000000000E-001  0.425000000000000E+000  0.500000000000000E-003
  1850  0.450000000000000E+000 -0.500000000000000E-001  0.425000000000000E+000  0.500000000000000E-003
  1851 -0.450000000000000E+000  0.500000000000000E-001  0.425000000000000E+000  0.500000000000000E-003
  1852 -0.350000000000000E+000  0.500000000000000E-001  0.425000000000000E+000  0.500000000000000E-003
  1853 -0.250000000000000E+000  0.500000000000000E-001  0.425000000000000E+000  0.500000000000000E-003
  1854 -0.150000000000000E+000  0.500000000000000E-001  0.425000000000000E+000  0.500000000000000E-003
  1855 -0.500000000000000E-001  0.500000000000000E-001  0.425000000000000E+000  0.500000000000000E-003
  1856  0.500000000000000E-001  0.500000000000000E-001  0.425000000000000E+000  0.500000000000000E-003
  1857  0.150000000000000E+000  0.500000000000000E-001  0.425000000000000E+000  0.500000000000000E-003
  1858  0.250000000000000E+000  0.500000000000000E-001  0.425000000000000E+000  0.500000000000000E-003
  1859  0.350000000000000E+000  0.500000000000000E-001  0.425000000000000E+000  0.500000000000000E-003
  1860  0.450000000000000E+000  0.500000000000000E-001  0.425000000000000E+000  0.500000000000000E-003
  1861 -0.450000000000000E+000  0.150000000000000E+000  0.425000000000000E+000  0.500000000000000E-003
  1862 -0.350000000000000E+000  0.150000000000000E+000  0.425000000000000E+000  0.500000000000000E-003
  1863 -0.250000000000000E+000  0.150000000000000E+000  0.425000000000000E+000  0.500000000000000E-003
  1864 -0.150000000000000E+000  0.150000000000000E+000  0.425000000000000E+000  0.500000000000000E-003
  1865 -0.500000000000000E-001  0.150000000000000E+000  0.425000000000000E+000  0.500000000000000E-003
  1866  0.500000000000000E-001  0.150000000000000E+000  0.425000000000000E+000  0.500000000000000E-003
  1867  0.150000000000000E+000  0.150000000000000E+000  0.425000000000000E+000  0.500000000000000E-003
  1868  0.250000000000000E+000  0.150000000000000E+000  0.425000000000000E+000  0.500000000000000E-003
  1869  0.350000000000000E+000  0.150000000000000E+000  0.425000000000000E+000  0.500000000000000E-003
  1870  0.450000000000000E+000  0.150000000000000E+000  0.425000000000000E+000  0.500000000000000E-003
  1871 -0.450000000000000E+000  0.250000000000000E+000  0.425000000000000E+000  0.500000000000000E-003
  1872 -0.350000000000000E+000  0.250000000000000E+000  0.425000000000000E+000  0.500000000000000E-003
  1873 -0.250000000000000E+000  0.250000000000000E+000  0.425000000000000E+000  0.500000000000000E-003
  1874 -0.150000000000000E+000  0.250000000000000E+000  0.425000000000000E+000  0.500000000000000E-003
  1875 -0.500000000000000E-001  0.250000000000000E+000  0.425000000000000E+000  0.500000000000000E-003
  1876  0.500000000000000E-001  0.250000000000000E+000  0.425000000000000E+000  0.500000000000000E-003
  1877  0.150000000000000E+000  0.250000000000000E+000  0.425000000000000E+000  0.500000000000000E-003
  1878  0.250000000000000E+000  0.250000000000000E+000  0.425000000000000E+000  0.500000000000000E-003
  1879  0.350000000000000E+000  0.250000000000000E+000  0.425000000000000E+000  0.500000000000000E-003
  1880  0.450000000000000E+000  0.250000000000000E+000  0.425000000000000E+000  0.500000000000000E-003
  1881 -0.450000000000000E+000  0.350000000000000E+000  0.425000000000000E+000  0.500000000000000E-003
  1882 -0.350000000000000E+000  0.350000000000000E+000  0.425000000000000E+000  0.500000000000000E-003
  1883 -0.250000000000000E+000  0.350000000000000E+000  0.425000000000000E+000  0.500000000000000E-003
  1884 -0.150000000000000E+000  0.350000000000000E+000  0.425000000000000E+000  0.500000000000000E-003
  1885 -0.500000000000000E-001  0.350000000000000E+000  0.425000000000000E+000  0.500000000000000E-003
  1886  0.500000000000000E-001  0.350000000000000E+000  0.425000000000000E+000  0.500000000000000E-003
  1887  0.150000000000000E+000  0.350000000000000E+000  0.425000000000000E+000  0.500000000000000E-003
  1888  0.250000000000000E+000  0.350000000000000E+000  0.425000000000000E+000  0.500000000000000E-003
  1889  0.350000000000000E+000  0.350000000000000E+000  0.425000000000000E+000  0.500000000000000E-003
  1890  0.450000000000000E+000  0.350000000000000E+000  0.425000000000000E+000  0.500000000000000E-003
  1891 -0.450000000000000E+000  0.450000000000000E+000  0.425000000000000E+000  0.500000000000000E-003
  1892 -0.350000000000000E+000  0.450000000000000E+000  0.425000000000000E+000  0.500000000000000E-003
  1893 -0.250000000000000E+000  0.450000000000000E+000  0.425000000000000E+000  0.500000000000000E-003
  1894 -0.150000000000000E+000  0.450000000000000E+000  0.425000000000000E+000  0.500000000000000E-003
  1895 -0.500000000000000E-001  0.450000000000000E+000  0.425000000000000E+000  0.500000000000000E-003
  1896  0.500000000000000E-001  0.450000000000000E+000  0.425000000000000E+000  0.500000000000000E-003
  1897  0.150000000000000E+000  0.450000000000000E+000  0.425000000000000E+000  0.500000000000000E-003
  1898  0.250000000000000E+000  0.450000000000000E+000  0.425000000000000E+000  0.500000000000000E-003
  1899  0.350000000000000E+000  0.450000000000000E+000  0.425000000000000E+000  0.500000000000000E-003
  1900  0.450000000000000E+000  0.450000000000000E+000  0.425000000000000E+000  0.500000000000000E-003
  1901 -0.450000000000000E+000 -0.450000000000000E+000  0.475000000000000E+000  0.500000000000000E-003
  1902 -0.350000000000000E+000 -0.450000000000000E+000  0.475000000000000E+000  0.500000000000000E-003
  1903 -0.250000000000000E+000 -0.450000000000000E+000  0.475000000000000E+000  0.500000000000000E-003
  1904 -0.150000000000000E+000 -0.450000000000000E+000  0.475000000000000E+000  0.500000000000000E-003
  1905 -0.500000000000000E-001 -0.450000000000000E+000  0.475000000000000E+000  0.500000000000000E-003
  1906  0.500000000000000E-001 -0.450000000000000E+000  0.475000000000000E+000  0.500000000000000E-003
  1907  0.150000000000000E+000 -0.450000000000000E+000  0.475000000000000E+000  0.500000000000000E-003
  1908  0.250000000000000E+000 -0.450000000000000E+000  0.475000000000000E+000  0.500000000000000E-003
  1909  0.350000000000000E+000 -0.450000000000000E+000  0.475000000000000E+000  0.500000000000000E-003
  1910  0.450000000000000E+000 -0.450000000000000E+000  0.475000000000000E+000  0.500000000000000E-003
  1911 -0.450000000000000E+000 -0.350000000000000E+000  0.475000000000000E+000  0.500000000000000E-003
  1912 -0.350000000000000E+000 -0.350000000000000E+000  0.475000000000000E+000  0.500000000000000E-003
  1913 -0.250000000000000E+000 -0.350000000000000E+000  0.475000000000000E+000  0.500000000000000E-003
  1914 -0.150000000000000E+000 -0.350000000000000E+000  0.475000000000000E+000  0.500000000000000E-003
  1915 -0.500000000000000E-001 -0.350000000000000E+000  0.475000000000000E+000  0.500000000000000E-003
  1916  0.500000000000000E-001 -0.350000000000000E+000  0.475000000000000E+000  0.500000000000000E-003
  1917  0.150000000000000E+000 -0.350000000000000E+000  0.475000000000000E+000  0.500000000000000E-003
  1918  0.250000000000000E+000 -0.350000000000000E+000  0.475000000000000E+000  0.500000000000000E-003
  1919  0.350000000000000E+000 -0.350000000000000E+000  0.475000000000000E+000  0.500000000000000E-003
  1920  0.450000000000000E+000 -0.350000000000000E+000  0.475000000000000E+000  0.500000000000000E-003
  1921 -0.450000000000000E+000 -0.250000000000000E+000  0.475000000000000E+000  0.500000000000000E-003
  1922 -0.350000000000000E+000 -0.250000000000000E+000  0.475000000000000E+000  0.500000000000000E-003
  1923 -0.250000000000000E+000 -0.250000000000000E+000  0.475000000000000E+000  0.500000000000000E-003
  1924 -0.150000000000000E+000 -0.250000000000000E+000  0.475000000000000E+000  0.500000000000000E-003
  1925 -0.500000000000000E-001 -0.250000000000000E+000  0.475000000000000E+000  0.500000000000000E-003
  1926  0.500000000000000E-001 -0.250000000000000E+000  0.475000000000000E+000  0.500000000000000E-003
  1927  0.150000000000000E+000 -0.250000000000000E+000  0.475000000000000E+000  0.500000000000000E-003
  1928  0.250000000000000E+000 -0.250000000000000E+000  0.475000000000000E+000  0.500000000000000E-003
  1929  0.350000000000000E+000 -0.250000000000000E+000  0.475000000000000E+000  0.500000000000000E-003
  1930  0.450000000000000E+000 -0.250000000000000E+000  0.475000000000000E+000  0.500000000000000E-003
  1931 -0.450000000000000E+000 -0.150000000000000E+000  0.475000000000000E+000  0.500000000000000E-003
  1932 -0.350000000000000E+000 -0.150000000000000E+000  0.475000000000000E+000  0.500000000000000E-003
  1933 -0.250000000000000E+000 -0.150000000000000E+000  0.475000000000000E+000  0.500000000000000E-003
  1934 -0.150000000000000E+000 -0.150000000000000E+000  0.475000000000000E+000  0.500000000000000E-003
  1935 -0.500000000000000E-001 -0.150000000000000E+000  0.475000000000000E+000  0.500000000000000E-003
  1936  0.500000000000000E-001 -0.150000000000000E+000  0.475000000000000E+000  0.500000000000000E-003
  1937  0.150000000000000E+000 -0.150000000000000E+000  0.475000000000000E+000  0.500000000000000E-003
  1938  0.250000000000000E+000 -0.150000000000000E+000  0.475000000000000E+000  0.500000000000000E-003
  1939  0.350000000000000E+000 -0.150000000000000E+000  0.475000000000000E+000  0.500000000000000E-003
  1940  0.450000000000000E+000 -0.150000000000000E+000  0.475000000000000E+000  0.500000000000000E-003
  1941 -0.450000000000000E+000 -0.500000000000000E-001  0.475000000000000E+000  0.500000000000000E-003
  1942 -0.350000000000000E+000 -0.500000000000000E-001  0.475000000000000E+000  0.500000000000000E-003
  1943 -0.250000000000000E+000 -0.500000000000000E-001  0.475000000000000E+000  0.500000000000000E-003
  1944 -0.150000000000000E+000 -0.500000000000000E-001  0.475000000000000E+000  0.500000000000000E-003
  1945 -0.500000000000000E-001 -0.500000000000000E-001  0.475000000000000E+000  0.500000000000000E-003
  1946  0.500000000000000E-001 -0.500000000000000E-001  0.475000000000000E+000  0.500000000000000E-003
  1947  0.150000000000000E+000 -0.500000000000000E-001  0.475000000000000E+000  0.500000000000000E-003
  1948  0.250000000000000E+000 -0.500000000000000E-001  0.475000000000000E+000  0.500000000000000E-003
  1949  0.350000000000000E+000 -0.500000000000000E-001  0.475000000000000E+000  0.500000000000000E-003
  1950  0.450000000000000E+000 -0.500000000000000E-001  0.475000000000000E+000  0.500000000000000E-003
  1951 -0.450000000000000E+000  0.500000000000000E-001  0.475000000000000E+000  0.500000000000000E-003
  1952 -0.350000000000000E+000  0.500000000000000E-001  0.475000000000000E+000  0.500000000000000E-003
  1953 -0.250000000000000E+000  0.500000000000000E-001  0.475000000000000E+000  0.500000000000000E-003
  1954 -0.150000000000000E+000  0.500000000000000E-001  0.475000000000000E+000  0.500000000000000E-003
  1955 -0.500000000000000E-001  0.500000000000000E-001  0.475000000000000E+000  0.500000000000000E-003
  1956  0.500000000000000E-001  0.500000000000000E-001  0.475000000000000E+000  0.500000000000000E-003
  1957  0.150000000000000E+000  0.500000000000000E-001  0.475000000000000E+000  0.500000000000000E-003
  1958  0.250000000000000E+000  0.500000000000000E-001  0.475000000000000E+000  0.500000000000000E-003
  1959  0.350000000000000E+000  0.500000000000000E-001  0.475000000000000E+000  0.500000000000000E-003
  1960  0.450000000000000E+000  0.500000000000000E-001  0.475000000000000E+000  0.500000000000000E-003
  1961 -0.450000000000000E+000  0.150000000000000E+000  0.475000000000000E+000  0.500000000000000E-003
  1962 -0.350000000000000E+000  0.150000000000000E+000  0.475000000000000E+000  0.500000000000000E-003
  1963 -0.250000000000000E+000  0.150000000000000E+000  0.475000000000000E+000  0.500000000000000E-003
  1964 -0.150000000000000E+000  0.150000000000000E+000  0.475000000000000E+000  0.500000000000000E-003
  1965 -0.500000000000000E-001  0.150000000000000E+000  0.475000000000000E+000  0.500000000000000E-003
  1966  0.500000000000000E-001  0.150000000000000E+000  0.475000000000000E+000  0.500000000000000E-003
  1967  0.150000000000000E+000  0.150000000000000E+000  0.475000000000000E+000  0.500000000000000E-003
  1968  0.250000000000000E+000  0.150000000000000E+000  0.475000000000000E+000  0.500000000000000E-003
  1969  0.350000000000000E+000  0.150000000000000E+000  0.475000000000000E+000  0.500000000000000E-003
  1970  0.450000000000000E+000  0.150000000000000E+000  0.475000000000000E+000  0.500000000000000E-003
  1971 -0.450000000000000E+000  0.250000000000000E+000  0.475000000000000E+000  0.500000000000000E-003
  1972 -0.350000000000000E+000  0.250000000000000E+000  0.475000000000000E+000  0.500000000000000E-003
  1973 -0.250000000000000E+000  0.250000000000000E+000  0.475000000000000E+000  0.500000000000000E-003
  1974 -0.150000000000000E+000  0.250000000000000E+000  0.475000000000000E+000  0.500000000000000E-003
  1975 -0.500000000000000E-001  0.250000000000000E+000  0.475000000000000E+000  0.500000000000000E-003
  1976  0.500000000000000E-001  0.250000000000000E+000  0.475000000000000E+000  0.500000000000000E-003
  1977  0.150000000000000E+000  0.250000000000000E+000  0.475000000000000E+000  0.500000000000000E-003
  1978  0.250000000000000E+000  0.250000000000000E+000  0.475000000000000E+000  0.500000000000000E-003
  1979  0.350000000000000E+000  0.250000000000000E+000  0.475000000000000E+000  0.500000000000000E-003
  1980  0.450000000000000E+000  0.250000000000000E+000  0.475000000000000E+000  0.500000000000000E-003
  1981 -0.450000000000000E+000  0.350000000000000E+000  0.475000000000000E+000  0.500000000000000E-003
  1982 -0.350000000000000E+000  0.350000000000000E+000  0.475000000000000E+000  0.500000000000000E-003
  1983 -0.250000000000000E+000  0.350000000000000E+000  0.475000000000000E+000  0.500000000000000E-003
  1984 -0.150000000000000E+000  0.350000000000000E+000  0.475000000000000E+000  0.500000000000000E-003
  1985 -0.500000000000000E-001  0.350000000000000E+000  0.475000000000000E+000  0.500000000000000E-003
  1986  0.500000000000000E-001  0.350000000000000E+000  0.475000000000000E+000  0.500000000000000E-003
  1987  0.150000000000000E+000  0.350000000000000E+000  0.475000000000000E+000  0.500000000000000E-003
  1988  0.250000000000000E+000  0.350000000000000E+000  0.475000000000000E+000  0.500000000000000E-003
  1989  0.350000000000000E+000  0.350000000000000E+000  0.475000000000000E+000  0.500000000000000E-003
  1990  0.450000000000000E+000  0.350000000000000E+000  0.475000000000000E+000  0.500000000000000E-003
  1991 -0.450000000000000E+000  0.450000000000000E+000  0.475000000000000E+000  0.500000000000000E-003
  1992 -0.350000000000000E+000  0.450000000000000E+000  0.475000000000000E+000  0.500000000000000E-003
  1993 -0.250000000000000E+000  0.450000000000000E+000  0.475000000000000E+000  0.500000000000000E-003
  1994 -0.150000000000000E+000  0.450000000000000E+000  0.475000000000000E+000  0.500000000000000E-003
  1995 -0.500000000000000E-001  0.450000000000000E+000  0.475000000000000E+000  0.500000000000000E-003
  1996  0.500000000000000E-001  0.450000000000000E+000  0.475000000000000E+000  0.500000000000000E-003
  1997  0.150000000000000E+000  0.450000000000000E+000  0.475000000000000E+000  0.500000000000000E-003
  1998  0.250000000000000E+000  0.450000000000000E+000  0.475000000000000E+000  0.500000000000000E-003
  1999  0.350000000000000E+000  0.450000000000000E+000  0.475000000000000E+000  0.500000000000000E-003
  2000  0.450000000000000E+000  0.450000000000000E+000  0.475000000000000E+000  0.500000000000000E-003
# coefficients (2*pi/a [a.u.]) in kx, ky, kz
 0.306161922189321E+000 0.306161922189321E+000 0.612323844378641E+000
