# Units: Time [fs], Current Jm [1/fs*Angstrom^2]
time,delta_Jm_x,delta_Jm_x_drude_fit
0.002,-9.00301281192174e-11,
0.004,-9.14106097936933e-11,
0.006,-9.36230196649481e-11,
0.008,-9.59400748134303e-11,
0.01,-9.72696402078652e-11,
0.012,-9.786893956275709e-11,
0.014,-9.79469959814782e-11,
0.016,-9.6827163721792e-11,
0.018,-9.38482630660991e-11,
0.02,-8.95664628234665e-11,
0.022,-8.51790380808822e-11,
0.024,-8.111766307338721e-11,
0.026,-7.6913797317076e-11,
0.028,-7.22548545639128e-11,
0.03,-6.750651042878171e-11,
0.032,-6.321307019431171e-11,
0.034,-5.957785778463471e-11,
0.036,-5.6522116283703107e-11,
0.038,-5.3877188588009996e-11,
0.04,-5.135765954865279e-11,
0.042,-4.86074090043642e-11,
0.044,-4.55367661118436e-11,
0.046,-4.25885229371462e-11,
0.048,-4.04980364260156e-11,
0.05,-3.9693190646416704e-11,
0.052,-3.9909250207212997e-11,
0.054,-4.03564522999709e-11,
0.056,-4.024050838958e-11,
0.058,-3.92065061107346e-11,
0.06,-3.74751346008157e-11,
0.062,-3.5719912518238704e-11,
0.064,-3.4798472122018603e-11,
0.066,-3.5380507618647295e-11,
0.068,-3.7561766895871e-11,
0.07,-4.07013826060226e-11,
0.072,-4.36820090223475e-11,
0.074,-4.548155606781371e-11,
0.076,-4.56768079402221e-11,
0.078,-4.45677071727179e-11,
0.08,-4.2904435339056005e-11,
0.082,-4.1418610339408396e-11,
0.084,-4.04103555188281e-11,
0.086,-3.96041331245505e-11,
0.088,-3.83641632150621e-11,
0.09,-3.6135005355391e-11,
0.092,-3.27940140274795e-11,
0.094,-2.86769002541695e-11,
0.096,-2.43202238246556e-11,
0.098,-2.0167577086187603e-11,
0.1,-1.6434255662256798e-11,
0.102,-1.3144312464670301e-11,
0.104,-1.0253784424339801e-11,
0.106,-7.78496161666348e-12,
0.108,-5.914575402291379e-12,
0.11,-4.95110811679818e-12,
0.112,-5.173181636620191e-12,
0.114,-6.6060000865168405e-12,
0.116,-8.89286724172185e-12,
0.118,-1.13740066269956e-11,
0.12,-1.33383105265586e-11,
0.122,-1.42903087305024e-11,
0.124,-1.40744839428407e-11,
0.126,-1.28104357136764e-11,
0.128,-1.0719312568065801e-11,
0.13,-7.97355290286701e-12,
0.132,-4.65694265195066e-12,
0.134,-8.26990359083729e-13,
0.136,3.403079943416e-12,
0.138,7.8506417097728e-12,
0.14,1.23384446192995e-11,
0.142,1.6789464341021698e-11,
0.144,2.12435340804742e-11,
0.146,2.5766045241944697e-11,
0.148,3.03295007372564e-11,
0.15,3.47899036361183e-11,
0.152,3.90018762819814e-11,
0.154,4.29908016890896e-11,
0.156,4.7046513321263895e-11,
0.158,5.16627772038137e-11,
0.16,5.735477143308939e-11,
0.162,6.44532492543787e-11,
0.164,7.296962685168041e-11,
0.166,8.2581192383249e-11,
0.168,9.273743035107671e-11,
0.17,1.02849086714092e-10,
0.172,1.1248866760752699e-10,
0.174,1.2151390122416799e-10,
0.176,1.30046413358338e-10,
0.178,1.38309698766886e-10,
0.18,1.46424584345394e-10,
0.182,1.54307267892581e-10,
0.184,1.6175623116377e-10,
0.186,1.68671298760543e-10,
0.188,1.75229794761546e-10,
0.19,1.81861286136066e-10,
0.192,1.89016149418659e-10,
0.194,1.96889609506e-10,
0.196,2.05299683633264e-10,
0.198,2.1379678076296901e-10,
0.2,2.2191432258114899e-10,
0.202,2.29390943789795e-10,
0.204,2.3624639834520396e-10,
0.206,2.42703881867307e-10,
0.208,2.49029958791788e-10,
0.21,2.5537979927892897e-10,
0.212,2.61714921362533e-10,
0.214,2.6782614069961004e-10,
0.216,2.73447301384126e-10,
0.218,2.78395472226343e-10,
0.22,2.8265540135506e-10,
0.222,2.86365386033401e-10,
0.224,2.89731886276411e-10,
0.226,2.92940587927925e-10,
0.228,2.96110500988305e-10,
0.23,2.99287089379978e-10,
0.232,3.02448021082277e-10,
0.234,3.05515662245355e-10,
0.236,3.08393564171868e-10,
0.238,3.11027456391742e-10,
0.24,3.13448800612854e-10,
0.242,3.15748213761377e-10,
0.244,3.17977937203923e-10,
0.246,3.20055073098011e-10,
0.248,3.21753681572168e-10,
0.25,3.22805200925967e-10,
0.252,3.23030828330417e-10,
0.254,3.2239738171020497e-10,
0.256,3.20952588691951e-10,
0.258,3.1870029195970104e-10,
0.26,3.1552767919531e-10,
0.262,3.1125296642101e-10,
0.264,3.05763316021383e-10,
0.266,2.99139895774782e-10,
0.268,2.9167351208653503e-10,
0.27,2.83749583803239e-10,
0.272,2.75670812841752e-10,
0.274,2.67530865137603e-10,
0.276,2.5922623763569e-10,
0.278,2.5060990595613804e-10,
0.28,2.41696037436997e-10,
0.282,2.32777348068256e-10,
0.284,2.2435479889844103e-10,
0.286,2.1689262883741902e-10,
0.288,2.1053493042596603e-10,
0.29,2.0496557754787e-10,
0.292,1.99517153818126e-10,
0.294,1.9347752726602401e-10,
0.296,1.86412324908848e-10,
0.298,1.78312492508818e-10,
0.3,1.69496117760073e-10,
0.302,1.60354970689306e-10,
0.304,1.51124500860768e-10,
0.306,1.41815705392886e-10,
0.308,1.32318477084236e-10,
0.31,1.22566654572236e-10,
0.312,1.12626576589881e-10,
0.314,1.02644057343263e-10,
0.316,9.26989779563736e-11,
0.318,8.26881529155502e-11,
0.32,7.23377181117891e-11,
0.322,6.13530508264248e-11,
0.324,4.96154836668557e-11,
0.326,3.72988631840754e-11,
0.328,2.48285847434784e-11,
0.33,1.27038890131415e-11,
0.332,1.28513252210377e-12,
0.334,-9.338815543476652e-12,
0.336,-1.93439136746688e-11,
0.338,-2.9049023326466805e-11,
0.34,-3.8760098326972103e-11,
0.342,-4.86627427731041e-11,
0.344,-5.879870972425001e-11,
0.346,-6.91043942280896e-11,
0.348,-7.945848313297321e-11,
0.35,-8.969772324208129e-11,
0.352,-9.959978650475691e-11,
0.354,-1.08868834020573e-10,
0.356,-1.17165636419247e-10,
0.358,-1.2419485963334002e-10,
0.36,-1.29817944221483e-10,
0.362,-1.3413167609558898e-10,
0.364,-1.37460719320183e-10,
0.366,-1.40253269425622e-10,
0.368,-1.4291884030749399e-10,
0.37,-1.45678233696698e-10,
0.372,-1.48492442707813e-10,
0.374,-1.51102826435832e-10,
0.376,-1.53165737413494e-10,
0.378,-1.5442205209037002e-10,
0.38,-1.54825290736711e-10,
0.382,-1.54570195860743e-10,
0.384,-1.54010777023825e-10,
0.386,-1.53509930797009e-10,
0.388,-1.5329302505105602e-10,
0.39,-1.53369023572249e-10,
0.392,-1.53542876160498e-10,
0.394,-1.5349805086328698e-10,
0.396,-1.5290423639433e-10,
0.398,-1.5150919757870602e-10,
0.4,-1.49193585321351e-10,
0.402,-1.45985056382194e-10,
0.404,-1.42035361147893e-10,
0.406,-1.37565641247501e-10,
0.408,-1.32790137853545e-10,
0.41,-1.2783938230793198e-10,
0.412,-1.22712696740034e-10,
0.414,-1.17285481945237e-10,
0.416,-1.1137508453214499e-10,
0.418,-1.04838719178748e-10,
0.42,-9.765651911728709e-11,
0.422,-8.995719182688499e-11,
0.424,-8.19737673471959e-11,
0.426,-7.395468566694421e-11,
0.428,-6.6077004093537e-11,
0.43,-5.84003622114449e-11,
0.432,-5.08713511769449e-11,
0.434,-4.3361072247658397e-11,
0.436,-3.57121380550847e-11,
0.438,-2.7782831995098502e-11,
0.44,-1.9487636023669603e-11,
0.442,-1.0830844428492599e-11,
0.444,-1.91825755435331e-12,
0.446,7.07021179295222e-12,
0.448,1.59460099267031e-11,
0.45,2.4586828549913697e-11,
0.452,3.29802033023327e-11,
0.454,4.12128251633535e-11,
0.456,4.9418245303082896e-11,
0.458,5.77204797194162e-11,
0.46,6.62058863180358e-11,
0.462,7.49278244150476e-11,
0.464,8.392379313026971e-11,
0.466,9.322209169694609e-11,
0.468,1.0283104536072099e-10,
0.47,1.12720365732918e-10,
0.472,1.22807379927141e-10,
0.474,1.32954988893386e-10,
0.476,1.42983995572457e-10,
0.478,1.5270376008047002e-10,
0.48,1.6196188708530102e-10,
0.482,1.70698523405281e-10,
0.484,1.78972686390686e-10,
0.486,1.86929135943022e-10,
0.488,1.94706739302865e-10,
0.49,2.02336266339802e-10,
0.492,2.09699074047711e-10,
0.494,2.1659069829708998e-10,
0.496,2.22865786159418e-10,
0.498,2.2857896229911498e-10,
0.5,2.34026360999758e-10,
0.502,2.39645594130969e-10,
0.504,2.4581494151037497e-10,
0.506,2.52653165096903e-10,
0.508,2.5992455179488197e-10,
0.51,2.67101335426254e-10,
0.512,2.7355861778348e-10,
0.514,2.7881485572428297e-10,
0.516,2.82710624641368e-10,
0.518,2.85446332457807e-10,
0.52,2.8746221399666497e-10,
0.522,2.89214950479873e-10,
0.524,2.90953290446768e-10,
0.526,2.92597370241065e-10,
0.528,2.93779604510334e-10,
0.53,2.94029753169313e-10,
0.532,2.93019090979968e-10,
0.534,2.90751340704196e-10,
0.536,2.87613725996292e-10,
0.538,2.84266505365384e-10,
0.54,2.81421280876365e-10,
0.542,2.7960341055459703e-10,
0.544,2.78993359650562e-10,
0.546,2.79399135362577e-10,
0.548,2.80351253872504e-10,
0.55,2.81262900415065e-10,
0.552,2.81583294747525e-10,
0.554,2.8089389728337e-10,
0.556,2.78937183935105e-10,
0.558,2.7560134727214996e-10,
0.56,2.70893801828569e-10,
0.562,2.64923206866264e-10,
0.564,2.5788907531766004e-10,
0.566,2.50066984701392e-10,
0.568,2.4178091850174697e-10,
0.57,2.33364746202895e-10,
0.572,2.25121281384905e-10,
0.574,2.17285834241198e-10,
0.576,2.0999764918470202e-10,
0.578,2.03284141114294e-10,
0.58,1.97067790689561e-10,
0.582,1.91205028037994e-10,
0.584,1.85552545305936e-10,
0.586,1.80034544863833e-10,
0.588,1.7467143554109e-10,
0.59,1.69542642089397e-10,
0.592,1.6469286379126402e-10,
0.594,1.60031718936034e-10,
0.596,1.55292865097046e-10,
0.598,1.50094858632118e-10,
0.6,1.44091689285283e-10,
0.602,1.3714634199790502e-10,
0.604,1.29438172378705e-10,
0.606,1.2143954003212102e-10,
0.608,1.13758065518673e-10,
0.61,1.06907274509171e-10,
0.612,1.0110638306359e-10,
0.614,9.619994298259709e-11,
0.616,9.17338788845589e-11,
0.618,8.715261733271658e-11,
0.62,8.20268923000241e-11,
0.622,7.621018488040341e-11,
0.624,6.98586662931219e-11,
0.626,6.331574497434879e-11,
0.628,5.6925034503343e-11,
0.63,5.0864716847598204e-11,
0.632,4.5079356118973204e-11,
0.634,3.93332058054553e-11,
0.636,3.3349085796254806e-11,
0.638,2.6958790825718e-11,
0.64,2.01916463792554e-11,
0.642,1.3264168770545099e-11,
0.644,6.4848696431761305e-12,
0.646,1.2755518948213698e-13,
0.648,-5.6646756662661206e-12,
0.65,-1.09052179812997e-11,
0.652,-1.5718818638795402e-11,
0.654,-2.02580405177356e-11,
0.656,-2.4625893228398e-11,
0.658,-2.8838188656012695e-11,
0.66,-3.283499749614e-11,
0.662,-3.6527771854576396e-11,
0.664,-3.9856586492921605e-11,
0.666,-4.283273294991321e-11,
0.668,-4.55512182353167e-11,
0.67,-4.81703386661793e-11,
0.672,-5.08674700444274e-11,
0.674,-5.3788857446252905e-11,
0.676,-5.70140937914968e-11,
0.678,-6.05506725018991e-11,
0.68,-6.436060136087051e-11,
0.682,-6.84036887268352e-11,
0.684,-7.267044173391258e-11,
0.686,-7.717978052376359e-11,
0.688,-8.193537523397159e-11,
0.69,-8.68612902400988e-11,
0.692,-9.17567096326462e-11,
0.694,-9.630743393466159e-11,
0.696,-1.00165828796806e-10,
0.698,-1.0307334664432101e-10,
0.7,-1.0497163917262601e-10,
0.702,-1.060463461557e-10,
0.704,-1.06675594254838e-10,
0.706,-1.07299264785105e-10,
0.708,-1.08263634786719e-10,
0.71,-1.09708990408254e-10,
0.712,-1.11548292640084e-10,
0.714,-1.1354193144851101e-10,
0.716,-1.1542813859098601e-10,
0.718,-1.17043511604744e-10,
0.72,-1.18376775865772e-10,
0.722,-1.19536653025286e-10,
0.724,-1.20661181303899e-10,
0.726,-1.21824751598518e-10,
0.728,-1.22995032153335e-10,
0.73,-1.24058550738462e-10,
0.732,-1.24892543019655e-10,
0.734,-1.25436433865491e-10,
0.736,-1.25722426857192e-10,
0.738,-1.25853834339585e-10,
0.74,-1.25952433945929e-10,
0.742,-1.26111088133024e-10,
0.744,-1.26378094625296e-10,
0.746,-1.2677372593247498e-10,
0.748,-1.27315945727057e-10,
0.75,-1.28027236434142e-10,
0.752,-1.28911207473955e-10,
0.754,-1.29914355973164e-10,
0.756,-1.30906240719326e-10,
0.758,-1.31705313818697e-10,
0.76,-1.32149254192926e-10,
0.762,-1.32174971139629e-10,
0.764,-1.31858273835913e-10,
0.766,-1.3138070043329e-10,
0.768,-1.30933756517791e-10,
0.77,-1.30612889148774e-10,
0.772,-1.30365997966632e-10,
0.774,-1.30032373615868e-10,
0.776,-1.29453522989618e-10,
0.778,-1.2859087098335e-10,
0.78,-1.27577804541454e-10,
0.782,-1.2667114884798798e-10,
0.784,-1.26127466115077e-10,
0.786,-1.26075032428039e-10,
0.788,-1.26455574050208e-10,
0.79,-1.2706868316260298e-10,
0.792,-1.2769292592128102e-10,
0.794,-1.28214748567375e-10,
0.796,-1.2869388400910102e-10,
0.798,-1.2933084649159e-10,
0.8,-1.3035619298503498e-10,
0.802,-1.31902560366595e-10,
0.804,-1.33928041285311e-10,
0.806,-1.36230947750734e-10,
0.808,-1.3854747728063298e-10,
0.81,-1.40680342100719e-10,
0.812,-1.4259051006408002e-10,
0.814,-1.44403558521365e-10,
0.816,-1.46327044976802e-10,
0.818,-1.48522052253265e-10,
0.82,-1.50995772703394e-10,
0.822,-1.53570566242438e-10,
0.824,-1.55944267992813e-10,
0.826,-1.57810080413413e-10,
0.828,-1.58976306098714e-10,
0.83,-1.59430519559805e-10,
0.832,-1.59323767316082e-10,
0.834,-1.58890042199871e-10,
0.836,-1.5834352547954801e-10,
0.838,-1.5780050499716798e-10,
0.84,-1.57255754414878e-10,
0.842,-1.56615849150764e-10,
0.844,-1.55767023885035e-10,
0.846,-1.54642453433458e-10,
0.848,-1.53257436579576e-10,
0.85,-1.51698775360966e-10,
0.852,-1.5007871287948502e-10,
0.854,-1.4848250711851399e-10,
0.856,-1.46940841630495e-10,
0.858,-1.4544176115913502e-10,
0.86,-1.43970406544358e-10,
0.862,-1.42545820605124e-10,
0.864,-1.41226089227063e-10,
0.866,-1.4007614674605398e-10,
0.868,-1.39121130379362e-10,
0.87,-1.38321503208887e-10,
0.872,-1.3759336095948602e-10,
0.874,-1.36866385598433e-10,
0.876,-1.36144266757534e-10,
0.878,-1.35527428673587e-10,
0.88,-1.35179663485594e-10,
0.882,-1.3525341203604698e-10,
0.884,-1.35811789530913e-10,
0.886,-1.3678505775148e-10,
0.888,-1.3797845490673698e-10,
0.89,-1.3912231788741202e-10,
0.892,-1.3993977313934098e-10,
0.894,-1.4020740023939e-10,
0.896,-1.3979484403528499e-10,
0.898,-1.38680366379114e-10,
0.9,-1.36944814583497e-10,
0.902,-1.3474683511330398e-10,
0.904,-1.32281943993657e-10,
0.906,-1.29730831343301e-10,
0.908,-1.27207391216098e-10,
0.91,-1.24721561221357e-10,
0.912,-1.2217167909775e-10,
0.914,-1.1937473590635599e-10,
0.916,-1.16130364869172e-10,
0.918,-1.1230030982260101e-10,
0.92,-1.07874512844848e-10,
0.922,-1.02994477707252e-10,
0.924,-9.79178892880398e-11,
0.926,-9.29323016746937e-11,
0.928,-8.8250713435225e-11,
0.93,-8.39343422784599e-11,
0.932,-7.98794758263175e-11,
0.934,-7.58773163283594e-11,
0.936,-7.172147082666901e-11,
0.938,-6.73146008573043e-11,
0.94,-6.27258920414052e-11,
0.942,-5.8174232228219e-11,
0.944,-5.3946138632565596e-11,
0.946,-5.02854178380018e-11,
0.948,-4.7300621509258504e-11,
0.95,-4.49249836018381e-11,
0.952,-4.2938522722995504e-11,
0.954,-4.103709865774229e-11,
0.956,-3.89180828633448e-11,
0.958,-3.63521164851436e-11,
0.96,-3.32223000999143e-11,
0.962,-2.95284081563005e-11,
0.964,-2.53661178287379e-11,
0.966,-2.0894851119002398e-11,
0.968,-1.63031891677151e-11,
0.97,-1.17740153317217e-11,
0.972,-7.44908153764779e-12,
0.974,-3.39727134867271e-12,
0.976,4.0140481037293604e-13,
0.978,4.04171516537866e-12,
0.98,7.64430269031275e-12,
0.982,1.1286631375400401e-11,
0.984,1.49466336682138e-11,
0.986,1.84941652650355e-11,
0.988,2.1745403313130198e-11,
0.99,2.45603767397165e-11,
0.992,2.6934055004646098e-11,
0.994,2.90270511795952e-11,
0.996,3.11093309424907e-11,
0.998,3.34368808550683e-11,
1.0,3.61205100961156e-11,
1.002,3.90540922667464e-11,
1.004,4.19412015808629e-11,
1.006,4.44089987348939e-11,
1.008,4.6154879670170703e-11,
1.01,4.7057481938377795e-11,
1.012,4.72049693946388e-11,
1.014,4.68365774570265e-11,
1.016,4.62346969215563e-11,
1.018,4.5624064720216104e-11,
1.02,4.5124742692310396e-11,
1.022,4.47736890117301e-11,
1.024,4.45922703464896e-11,
1.026,4.46520433295919e-11,
1.028,4.5091196478743396e-11,
1.03,4.60601112068245e-11,
1.032,4.7615465323396205e-11,
1.034,4.9617759744823206e-11,
1.036,5.16963178940723e-11,
1.038,5.33194025588021e-11,
1.04,5.395518313136479e-11,
1.042,5.32582313329424e-11,
1.044,5.1195266784393295e-11,
1.046,4.80482836802167e-11,
1.048,4.42917074235065e-11,
1.05,4.04021842492293e-11,
1.052,3.6690716051892605e-11,
1.054,3.32309286363424e-11,
1.056,2.99049236672391e-11,
1.058,2.6529854574011696e-11,
1.06,2.2995037574538398e-11,
1.062,1.93451114388971e-11,
1.064,1.57802573645304e-11,
1.066,1.2586581089542199e-11,
1.068,1.00361937979056e-11,
1.07,8.298820715744471e-12,
1.072,7.390945548650679e-12,
1.074,7.168282830394759e-12,
1.076,7.35365546556222e-12,
1.078,7.58853049514531e-12,
1.08,7.49807152648246e-12,
1.082,6.76113644011914e-12,
1.084,5.1749554220608296e-12,
1.086,2.7007803008624e-12,
1.088,-5.242509273143089e-13,
1.09,-4.21845943326534e-12,
1.092,-8.027492585968639e-12,
1.094,-1.16183938084991e-11,
1.096,-1.47659588963287e-11,
1.098,-1.7400762309203402e-11,
1.1,-1.96017173365535e-11,
1.102,-2.1539193109061896e-11,
1.104,-2.3396736053818397e-11,
1.106,-2.53076027059313e-11,
1.108,-2.73315654174535e-11,
1.11,-2.9472716741957803e-11,
1.112,-3.17151555104868e-11,
1.114,-3.40451934945855e-11,
1.116,-3.64416705322659e-11,
1.118,-3.88415308207767e-11,
1.12,-4.11092024951208e-11,
1.122,-4.30411666531758e-11,
1.124,-4.4418366080501295e-11,
1.126,-4.50902705601737e-11,
1.128,-4.50522006009045e-11,
1.13,-4.44758000693636e-11,
1.132,-4.36715611770979e-11,
1.134,-4.29929789655443e-11,
1.136,-4.271854279402471e-11,
1.138,-4.29592283928199e-11,
1.14,-4.36304015513317e-11,
1.142,-4.45029330192854e-11,
1.144,-4.5316177903327494e-11,
1.146,-4.5908420216875705e-11,
1.148,-4.63079670552684e-11,
1.15,-4.67386310388228e-11,
1.152,-4.75261824063095e-11,
1.154,-4.89366866675659e-11,
1.156,-5.10146469170561e-11,
1.158,-5.34984294233312e-11,
1.16,-5.586358229262329e-11,
1.162,-5.7489297824937106e-11,
1.164,-5.7884860445320004e-11,
1.166,-5.6880523748460296e-11,
1.168,-5.46994547196097e-11,
1.17,-5.1879900011232395e-11,
1.172,-4.90841659201852e-11,
1.174,-4.68792666586337e-11,
1.176,-4.557987427168e-11,
1.178,-4.5206699135996104e-11,
1.18,-4.5554432859347e-11,
1.182,-4.631514732038611e-11,
1.184,-4.71888119675929e-11,
1.186,-4.79360915925209e-11,
1.188,-4.837163367551461e-11,
1.19,-4.8332424392393e-11,
1.192,-4.76643992854561e-11,
1.194,-4.62498039636768e-11,
1.196,-4.4062667583819503e-11,
1.198,-4.121392343646871e-11,
1.2,-3.7947598289365206e-11,
1.202,-3.45758242431814e-11,
1.204,-3.13771327293655e-11,
1.206,-2.85074258376409e-11,
1.208,-2.5970321930267104e-11,
1.21,-2.3663640117669502e-11,
1.212,-2.1477641747520397e-11,
1.214,-1.93916835783434e-11,
1.216,-1.7515421529942e-11,
1.218,-1.6049849240038898e-11,
1.22,-1.5186690901227498e-11,
1.222,-1.4998191081401102e-11,
1.224,-1.53755301280288e-11,
1.226,-1.60491748889743e-11,
1.228,-1.66828110516947e-11,
1.23,-1.69960888485169e-11,
1.232,-1.68598859601746e-11,
1.234,-1.63251861141762e-11,
1.236,-1.55826506273156e-11,
1.238,-1.48828546893928e-11,
1.24,-1.4460247010603098e-11,
1.242,-1.4491512924026901e-11,
1.244,-1.50917679056013e-11,
1.246,-1.6328049627542803e-11,
1.248,-1.82231865707149e-11,
1.25,-2.0737256070202896e-11,
1.252,-2.37369137644399e-11,
1.254,-2.6978621906658396e-11,
1.256,-3.01291735267002e-11,
1.258,-3.28271673965509e-11,
1.26,-3.47653961280571e-11,
1.262,-3.57614200538822e-11,
1.264,-3.578996919894e-11,
1.266,-3.49710977778972e-11,
1.268,-3.3528977250463e-11,
1.27,-3.17448593197517e-11,
1.272,-2.99207276773636e-11,
1.274,-2.8354637023467805e-11,
1.276,-2.73172340033155e-11,
1.278,-2.70200622810838e-11,
1.28,-2.7578147063374798e-11,
1.282,-2.8982066002448396e-11,
1.284,-3.1097393892295503e-11,
1.286,-3.36982304451542e-11,
1.288,-3.65232313307678e-11,
1.29,-3.9329670413176204e-11,
1.292,-4.192277383336171e-11,
1.294,-4.41539234377205e-11,
1.296,-4.59013761868591e-11,
1.298,-4.705801934847671e-11,
1.3,-4.75442636914436e-11,
1.302,-4.73447240662796e-11,
1.304,-4.65473204633087e-11,
1.306,-4.5356203328451505e-11,
1.308,-4.4060964056292705e-11,
1.31,-4.29675165496764e-11,
1.312,-4.23171014185696e-11,
1.314,-4.2227025275680397e-11,
1.316,-4.26757821602313e-11,
1.318,-4.3533881213619796e-11,
1.32,-4.4621625354601295e-11,
1.322,-4.5767145100092797e-11,
1.324,-4.68438988787799e-11,
1.326,-4.7780992851412597e-11,
1.328,-4.85528436228031e-11,
1.33,-4.9160315951777706e-11,
1.332,-4.96133515689817e-11,
1.334,-4.99192581139203e-11,
1.336,-5.0076270827761004e-11,
1.338,-5.00713091760844e-11,
1.34,-4.9882055281538997e-11,
1.342,-4.94839491386114e-11,
1.344,-4.88609091730402e-11,
1.346,-4.80153929317729e-11,
1.348,-4.69723554246989e-11,
1.35,-4.57739807179236e-11,
1.352,-4.44671692527005e-11,
1.354,-4.3090084308789896e-11,
1.356,-4.16643915447464e-11,
1.358,-4.0195457222234604e-11,
1.36,-3.86770420358008e-11,
1.362,-3.7094140018566796e-11,
1.364,-3.54205051279689e-11,
1.366,-3.36141934772428e-11,
1.368,-3.1620262515728196e-11,
1.37,-2.93887927221247e-11,
1.372,-2.69074474488626e-11,
1.374,-2.4235045652755e-11,
1.376,-2.15146081770984e-11,
1.378,-1.8948009171906e-11,
1.38,-1.6730649882875e-11,
1.382,-1.49665678378993e-11,
1.384,-1.3600100628137198e-11,
1.386,-1.23998266741991e-11,
1.388,-1.1011495165203599e-11,
1.39,-9.06700000613219e-12,
1.392,-6.30956799317812e-12,
1.394,-2.6851404481471096e-12,
1.396,1.63856148876849e-12,
1.398,6.334734222447179e-12,
1.4,1.1037940983684698e-11,
1.402,1.54750928230521e-11,
1.404,1.9556251137146803e-11,
1.406,2.3392058146658998e-11,
1.408,2.72342824468222e-11,
1.41,3.13658653461571e-11,
1.412,3.59845538862723e-11,
1.414,4.1123891554861704e-11,
1.416,4.66385916608173e-11,
1.418,5.22556721622799e-11,
1.42,5.76690808232277e-11,
1.422,6.26415423787735e-11,
1.424,6.70778108791393e-11,
1.426,7.10455549483244e-11,
1.428,7.47397603250512e-11,
1.43,7.840556149314641e-11,
1.432,8.22482600496793e-11,
1.434,8.636294900928809e-11,
1.436,9.070902154219991e-11,
1.438,9.513820725831121e-11,
1.44,9.94638867900962e-11,
1.442,1.0354199935742899e-10,
1.444,1.0732771662495299e-10,
1.446,1.10882032731112e-10,
1.448,1.1432517574142198e-10,
1.45,1.1776017358936e-10,
1.452,1.21206024819594e-10,
1.454,1.24576636115031e-10,
1.456,1.27718916649077e-10,
1.458,1.30492371321003e-10,
1.46,1.32849634381726e-10,
1.462,1.34875386700463e-10,
1.464,1.3676215466366698e-10,
1.466,1.38733746057948e-10,
1.468,1.40953708396345e-10,
1.47,1.4346269354083502e-10,
1.472,1.4617206103463402e-10,
1.474,1.4891140166891698e-10,
1.476,1.51501421710329e-10,
1.478,1.53813922051818e-10,
1.48,1.55791874622149e-10,
1.482,1.57426721035463e-10,
1.484,1.5871330345204e-10,
1.486,1.59613398710739e-10,
1.488,1.60051502499607e-10,
1.49,1.59947190618121e-10,
1.492,1.59267076690363e-10,
1.494,1.58068026920153e-10,
1.496,1.56506915593822e-10,
1.498,1.5480853856190002e-10,
1.5,1.5320386039066898e-10,
1.502,1.51864605109584e-10,
1.504,1.5086081411429199e-10,
1.506,1.50155223344357e-10,
1.508,1.49630155748082e-10,
1.51,1.4912836246904801e-10,
1.512,1.48487513643005e-10,
1.514,1.4755779021313902e-10,
1.516,1.46206932438862e-10,
1.518,1.44326574652365e-10,
1.52,1.4185130576973e-10,
1.522,1.38789245236437e-10,
1.524,1.35248699333346e-10,
1.526,1.31440380333358e-10,
1.528,1.27643391762963e-10,
1.53,1.24141860587872e-10,
1.532,1.21156347624503e-10,
1.534,1.18799077768615e-10,
1.536,1.17070952581572e-10,
1.538,1.15896960727838e-10,
1.54,1.15177772483456e-10,
1.542,1.1482914096551901e-10,
1.544,1.1479054947647499e-10,
1.546,1.15003666193843e-10,
1.548,1.1537811358360399e-10,
1.55,1.1576790691971499e-10,
1.552,1.15974367201492e-10,
1.554,1.1577633984059801e-10,
1.556,1.1497490383542e-10,
1.558,1.1343451653464299e-10,
1.56,1.1110692236728901e-10,
1.562,1.08033629337409e-10,
1.564,1.04331566137207e-10,
1.566,1.0016996070639e-10,
1.568,9.57447106955552e-11,
1.57,9.125241451936009e-11,
1.572,8.68641089229377e-11,
1.574,8.27003553935668e-11,
1.576,7.881324792506191e-11,
1.578,7.518366004213549e-11,
1.58,7.17395562591637e-11,
1.582,6.83931208065528e-11,
1.584,6.50838693751969e-11,
1.586,6.18081179574381e-11,
1.588,5.86178573640132e-11,
1.59,5.5585268687056004e-11,
1.592,5.27476109646281e-11,
1.594,5.00613506315515e-11,
1.596,4.7394451296428704e-11,
1.598,4.4569348639466797e-11,
1.6,4.14421771187568e-11,
1.602,3.7981051006788e-11,
1.604,3.4300640522123306e-11,
1.606,3.06283327406161e-11,
1.608,2.72112095579362e-11,
1.61,2.4205581967533e-11,
1.612,2.16036744848632e-11,
1.614,1.9235956943114197e-11,
1.616,1.68502869966794e-11,
1.618,1.42290870369575e-11,
1.62,1.12860536757269e-11,
1.622,8.095005383060849e-12,
1.624,4.83996916592359e-12,
1.626,1.71720027497677e-12,
1.628,-1.15668234848223e-12,
1.63,-3.78333764866762e-12,
1.632,-6.253752854125361e-12,
1.634,-8.67587810942566e-12,
1.636,-1.11051037045137e-11,
1.638,-1.3517233154092999e-11,
1.64,-1.58343427419681e-11,
1.642,-1.79802405726014e-11,
1.644,-1.99256738678787e-11,
1.646,-2.1692856251892603e-11,
1.648,-2.33180225825922e-11,
1.65,-2.47999570327743e-11,
1.652,-2.60735298331708e-11,
1.654,-2.70327547624288e-11,
1.656,-2.7596812225310103e-11,
1.658,-2.7784043362669395e-11,
1.66,-2.7750417002579895e-11,
1.662,-2.77659305771121e-11,
1.664,-2.8134766477471603e-11,
1.666,-2.90942502573252e-11,
1.668,-3.07375412008785e-11,
1.67,-3.29909045626959e-11,
1.672,-3.5648070013366403e-11,
1.674,-3.84379111832589e-11,
1.676,-4.1091612263979703e-11,
1.678,-4.33851717725449e-11,
1.68,-4.51538605494675e-11,
1.682,-4.62931897819822e-11,
1.684,-4.67650870907127e-11,
1.686,-4.66167816383351e-11,
1.688,-4.6002133617724296e-11,
1.69,-4.51834711585959e-11,
1.692,-4.44952426743615e-11,
1.694,-4.42685077034562e-11,
1.696,-4.4737853520204103e-11,
1.698,-4.59664644272238e-11,
1.7,-4.78221949916904e-11,
1.702,-5.0017746958089606e-11,
1.704,-5.22012529044286e-11,
1.706,-5.40627971250447e-11,
1.708,-5.5417593798878803e-11,
1.71,-5.6238837347506393e-11,
1.712,-5.66355333553236e-11,
1.714,-5.67917894409723e-11,
1.716,-5.6894770273447e-11,
1.718,-5.7076506363025205e-11,
1.72,-5.7383732331353996e-11,
1.722,-5.7777065041211e-11,
1.724,-5.815223812473289e-11,
1.726,-5.8373423611717e-11,
1.728,-5.83100643034954e-11,
1.73,-5.78710656053031e-11,
1.732,-5.7030857878177796e-11,
1.734,-5.584219665084101e-11,
1.736,-5.4431377769187794e-11,
1.738,-5.29749291389984e-11,
1.74,-5.1661859013972295e-11,
1.742,-5.0650595327236704e-11,
1.744,-5.0031904277417295e-11,
1.746,-4.98076139397174e-11,
1.748,-4.98901204470176e-11,
1.75,-5.01216712191276e-11,
1.752,-5.03073924765425e-11,
1.754,-5.02533016798871e-11,
1.756,-4.98007746461866e-11,
1.758,-4.8850966355949e-11,
1.76,-4.7376169623844794e-11,
1.762,-4.54183192514789e-11,
1.764,-4.30773385981054e-11,
1.766,-4.0493195847991103e-11,
1.768,-3.78252790303364e-11,
1.77,-3.52318624242532e-11,
1.772,-3.28515733902376e-11,
1.774,-3.07886114374483e-11,
1.776,-2.9103568361564998e-11,
1.778,-2.7811623843694897e-11,
1.78,-2.68885476666758e-11,
1.782,-2.62825842125206e-11,
1.784,-2.5927825836272102e-11,
1.786,-2.5753646055431e-11,
1.788,-2.56864317349313e-11,
1.79,-2.56438763418127e-11,
1.792,-2.55264661882158e-11,
1.794,-2.52135871820657e-11,
1.796,-2.45704530302546e-11,
1.798,-2.34678440822833e-11,
1.8,-2.1810529104185e-11,
1.802,-1.95657514682764e-11,
1.804,-1.67818283606755e-11,
1.806,-1.35893715820848e-11,
1.808,-1.01829275990629e-11,
1.81,-6.786215148695981e-12,
1.812,-3.60884528044978e-12,
1.814,-8.04673737325386e-13,
1.816,1.55796392857554e-12,
1.818,3.5061183542662796e-12,
1.82,5.14886649777833e-12,
1.822,6.643809588291589e-12,
1.824,8.15321071592611e-12,
1.826,9.80396184053134e-12,
1.828,1.16647807447144e-11,
1.83,1.37474675507162e-11,
1.832,1.60283695328668e-11,
1.834,1.8476900925353197e-11,
1.836,2.1074709576485e-11,
1.838,2.38148384825074e-11,
1.84,2.66825754658041e-11,
1.842,2.96316434903347e-11,
1.844,3.25744382791231e-11,
1.846,3.5398074722154396e-11,
1.848,3.80032084251999e-11,
1.85,4.03470915315894e-11,
1.852,4.2466063409504795e-11,
1.854,4.44606595230757e-11,
1.856,4.64453085193117e-11,
1.858,4.8485053053392795e-11,
1.86,5.0551468079047e-11,
1.862,5.25228415758844e-11,
1.864,5.423227460574079e-11,
1.866,5.5542218206432903e-11,
1.868,5.6409104300237006e-11,
1.87,5.6905658337434496e-11,
1.872,5.7189626405563406e-11,
1.874,5.7435082799382706e-11,
1.876,5.7761301834608395e-11,
1.878,5.8194116977631104e-11,
1.88,5.8676000785731e-11,
1.882,5.91144675028006e-11,
1.884,5.94387275298378e-11,
1.886,5.96325153644601e-11,
1.888,5.972717639978361e-11,
1.89,5.97632867686074e-11,
1.892,5.974706983425661e-11,
1.894,5.96297554049936e-11,
1.896,5.9323520054059e-11,
1.898,5.8746172938708e-11,
1.9,5.787087713297621e-11,
1.902,5.6755593457615794e-11,
1.904,5.55387605470752e-11,
1.906,5.440488432274361e-11,
1.908,5.35362009027552e-11,
1.91,5.30684861046605e-11,
1.912,5.3062242163921404e-11,
1.914,5.34913982062191e-11,
1.916,5.424669184584579e-11,
1.918,5.51512682088753e-11,
1.92,5.59887899817102e-11,
1.922,5.654342726323729e-11,
1.924,5.66454892032589e-11,
1.926,5.620884357430979e-11,
1.928,5.5243646865496006e-11,
1.93,5.38349100271411e-11,
1.932,5.20929023004835e-11,
1.934,5.00972503274714e-11,
1.936,4.78631268314047e-11,
1.938,4.5349509576373704e-11,
1.94,4.25085640119247e-11,
1.942,3.9352623705195707e-11,
1.944,3.6003348976067797e-11,
1.946,3.2693545152069805e-11,
1.948,2.9713798659273e-11,
1.95,2.73226986924175e-11,
1.952,2.5657353481001302e-11,
1.954,2.46815870856173e-11,
1.956,2.4192758946795303e-11,
1.958,2.38832592392851e-11,
1.96,2.3431297069583896e-11,
1.962,2.25871765761519e-11,
1.964,2.12272269288337e-11,
1.966,1.93637304041153e-11,
1.968,1.71163497383571e-11,
1.97,1.46620957234718e-11,
1.972,1.21834121676504e-11,
1.974,9.829148500836891e-12,
1.976,7.69497949362442e-12,
1.978,5.82218494114409e-12,
1.98,4.20865170302568e-12,
1.982,2.82408091322032e-12,
1.984,1.62216502412542e-12,
1.986,5.456387549995979e-13,
1.988,-4.75430297166918e-13,
1.99,-1.52722691909555e-12,
1.992,-2.71039669953602e-12,
1.994,-4.12737451567498e-12,
1.996,-5.85926225975783e-12,
1.998,-7.94032813088492e-12,
2.0,-1.0342952139135801e-11,
2.002,-1.29839754152886e-11,
2.004,-1.57542434830774e-11,
2.006,-1.85604373507612e-11,
2.008,-2.1359466586436897e-11,
2.01,-2.41662433810949e-11,
2.012,-2.7027637274086695e-11,
2.014,-2.99731538633718e-11,
2.016,-3.29674121821163e-11,
2.018,-3.5891867124677e-11,
2.02,-3.85710793747086e-11,
2.022,-4.0836754834974106e-11,
2.024,-4.26024466023134e-11,
2.026,-4.3913851270956e-11,
2.028,-4.49487384371509e-11,
2.03,-4.59632236601843e-11,
2.032,-4.72054675267939e-11,
2.034,-4.88323943518634e-11,
2.036,-5.0862498058504204e-11,
2.038,-5.31801926421545e-11,
2.04,-5.5584177557159494e-11,
2.042,-5.7855069417876205e-11,
2.044,-5.981382018709359e-11,
2.046,-6.1352029378691e-11,
2.048,-6.24314180975074e-11,
2.05,-6.30633880361761e-11,
2.052,-6.32844851762488e-11,
2.054,-6.313939143661699e-11,
2.056,-6.2674239053514e-11,
2.058,-6.193585402713771e-11,
2.06,-6.097098389287729e-11,
2.062,-5.9822942074014e-11,
2.064,-5.852822140082791e-11,
2.066,-5.7117786763183097e-11,
2.068,-5.5625527291427e-11,
2.07,-5.41010542457496e-11,
2.072,-5.261930310565029e-11,
2.074,-5.12788512899081e-11,
2.076,-5.01850897191294e-11,
2.078,-4.9421587138858894e-11,
2.08,-4.90195120824951e-11,
2.082,-4.89373236403404e-11,
2.084,-4.9060220361586005e-11,
2.086,-4.92219703988115e-11,
2.088,-4.92439016380704e-11,
2.09,-4.89798035742671e-11,
2.092,-4.8353185789731707e-11,
2.094,-4.73753243559865e-11,
2.096,-4.61379462182968e-11,
2.098,-4.47816950212097e-11,
2.1,-4.344907974891629e-11,
2.102,-4.22362686428569e-11,
2.104,-4.11599014990095e-11,
2.106,-4.01516102402075e-11,
2.108,-3.9084415372897704e-11,
2.11,-3.7823446547546103e-11,
2.112,-3.62831008797632e-11,
2.114,-3.446842035641261e-11,
2.116,-3.24828750944214e-11,
2.118,-3.04975057228038e-11,
2.12,-2.8692252872078998e-11,
2.122,-2.7192431451175503e-11,
2.124,-2.60257102847774e-11,
2.126,-2.51161324131233e-11,
2.128,-2.4315653810673898e-11,
2.13,-2.3458280434782898e-11,
2.132,-2.24140485431728e-11,
2.134,-2.1123534919985603e-11,
2.136,-1.9605027509264897e-11,
2.138,-1.79393092858685e-11,
2.14,-1.6244456820801303e-11,
2.142,-1.46519682528782e-11,
2.144,-1.3288473601163001e-11,
2.146,-1.2260075401767599e-11,
2.148,-1.16344189656459e-11,
2.15,-1.1420118084139301e-11,
2.152,-1.15506508377764e-11,
2.154,-1.1884206774981999e-11,
2.156,-1.22276137538825e-11,
2.158,-1.23820508494872e-11,
2.16,-1.21958776306118e-11,
2.162,-1.16029641212459e-11,
2.164,-1.06287153215235e-11,
2.166,-9.35958316022972e-12,
2.168,-7.88908575770948e-12,
2.17,-6.2654171381106105e-12,
2.172,-4.4661257196836904e-12,
2.174,-2.41300977971142e-12,
2.176,-2.1368255396393003e-14,
2.178,2.73892456782108e-12,
2.18,5.799187625299179e-12,
2.182,8.98585034605192e-12,
2.184,1.2056522862111599e-11,
2.186,1.4763569112373e-11,
2.188,1.69192573876979e-11,
2.19,1.84374207886867e-11,
2.192,1.9338802623680803e-11,
2.194,1.97238026031272e-11,
2.196,1.97293399279632e-11,
2.198,1.9490090844744102e-11,
2.2,1.9117837086676802e-11,
2.202,1.8700764393937e-11,
2.204,1.83138242694735e-11,
2.206,1.8027214052939897e-11,
2.208,1.7903646841741103e-11,
2.21,1.7983336416226e-11,
2.212,1.8263635013602198e-11,
2.214,1.86838033320268e-11,
2.216,1.91236949845915e-11,
2.218,1.9419936292839897e-11,
2.22,1.93975431124325e-11,
2.222,1.89107947334209e-11,
2.224,1.78848764734671e-11,
2.226,1.63485518685198e-11,
2.228,1.4447737270095301e-11,
2.23,1.2431576820427699e-11,
2.232,1.0608059413519802e-11,
2.234,9.27575955856686e-12,
2.236,8.64906142908622e-12,
2.238,8.8010867613508e-12,
2.24,9.64621641331807e-12,
2.242,1.09711762663425e-11,
2.244,1.2504376620685199e-11,
2.246,1.3996366273296902e-11,
2.248,1.5278629791254e-11,
2.25,1.62777450620373e-11,
2.252,1.69830779344563e-11,
2.254,1.73886297020136e-11,
2.256,1.7441898179539e-11,
2.258,1.70281772111839e-11,
2.26,1.60000010077999e-11,
2.262,1.4237980942656001e-11,
2.264,1.17133374726185e-11,
2.266,8.52188583206295e-12,
2.268,4.873471440238731e-12,
2.27,1.04214394442203e-12,
2.272,-2.70085265685279e-12,
2.274,-6.144518403736981e-12,
2.276,-9.16773974159247e-12,
2.278,-1.1738575931017499e-11,
2.28,-1.3894058009335e-11,
2.282,-1.57160996259755e-11,
2.284,-1.73136873395223e-11,
2.286,-1.8811213806275396e-11,
2.288,-2.03348661364688e-11,
2.29,-2.1989142452472502e-11,
2.292,-2.3823795854207e-11,
2.294,-2.5803128929603102e-11,
2.296,-2.77964136933122e-11,
2.298,-2.9604933909482005e-11,
2.3,-3.10270325871497e-11,
2.302,-3.19434048047048e-11,
2.304,-3.23899367588153e-11,
2.306,-3.25833887125325e-11,
2.308,-3.28791227416628e-11,
2.31,-3.3666174649839106e-11,
2.312,-3.52324677404686e-11,
2.314,-3.76499604168206e-11,
2.316,-4.07269833160342e-11,
2.318,-4.4052406229922204e-11,
2.32,-4.7121481420160295e-11,
2.322,-4.95003246420064e-11,
2.324,-5.0969189002612e-11,
2.326,-5.15913389348539e-11,
2.328,-5.16828136555421e-11,
2.33,-5.1696679621979e-11,
2.332,-5.20677613392119e-11,
2.334,-5.3076923237960204e-11,
2.336,-5.4782613237525695e-11,
2.338,-5.7037619858402396e-11,
2.34,-5.95740257340962e-11,
2.342,-6.211462279898109e-11,
2.344,-6.44638798404656e-11,
2.346,-6.654670902616779e-11,
2.348,-6.838989651835921e-11,
2.35,-7.00660817136561e-11,
2.352,-7.16329405075155e-11,
2.354,-7.30962126094619e-11,
2.356,-7.44088106184816e-11,
2.358,-7.54987173851634e-11,
2.36,-7.63054799154131e-11,
2.362,-7.680438440332421e-11,
2.364,-7.70073991262772e-11,
2.366,-7.694444676032421e-11,
2.368,-7.663937773499859e-11,
2.37,-7.60968076852479e-11,
2.372,-7.530840330816329e-11,
2.374,-7.42750822015708e-11,
2.376,-7.303140871864121e-11,
2.378,-7.16562767879502e-11,
2.38,-7.02603327059861e-11,
2.382,-6.895296727375021e-11,
2.384,-6.78029718138707e-11,
2.386,-6.68116685731959e-11,
2.388,-6.59125034227137e-11,
2.39,-6.49990665573154e-11,
2.392,-6.3969843137264e-11,
2.394,-6.27697142010729e-11,
2.396,-6.14092960646557e-11,
2.398,-5.9953282721911e-11,
2.4,-5.84835022142424e-11,
2.402,-5.7054226693436005e-11,
2.404,-5.56609936190728e-11,
2.406,-5.42378642068365e-11,
2.408,-5.26849444217519e-11,
2.41,-5.091385282352371e-11,
2.412,-4.88906963653952e-11,
2.414,-4.66569647314689e-11,
2.416,-4.4318843681558296e-11,
2.418,-4.20093851021122e-11,
2.42,-3.9840144891984605e-11,
2.422,-3.7863331678034794e-11,
2.424,-3.60607527526284e-11,
2.426,-3.43636243754881e-11,
2.428,-3.2693402219388e-11,
2.43,-3.1004229029483303e-11,
2.432,-2.93069646351816e-11,
2.434,-2.76633406081584e-11,
2.436,-2.61530460382268e-11,
2.438,-2.48297270631888e-11,
2.44,-2.3687773234549898e-11,
2.442,-2.2657077761735e-11,
2.444,-2.1629573297391602e-11,
2.446,-2.0505471845608e-11,
2.448,-1.9236543936128103e-11,
2.45,-1.78441366451607e-11,
2.452,-1.64014402038577e-11,
2.454,-1.49872667190637e-11,
2.456,-1.3633705906623902e-11,
2.458,-1.2294405661645699e-11,
2.46,-1.0851315126759698e-11,
2.462,-9.15919303014817e-12,
2.464,-7.10858100298785e-12,
2.466,-4.678068558367179e-12,
2.468,-1.9514066752264e-12,
2.47,9.082168868320921e-13,
2.472,3.71424119415304e-12,
2.474,6.31670980657122e-12,
2.476,8.639569864338309e-12,
2.478,1.06815564908004e-11,
2.48,1.24857534397971e-11,
2.482,1.40976744866526e-11,
2.484,1.55351617650551e-11,
2.486,1.6784094748457198e-11,
2.488,1.78183336935853e-11,
2.49,1.8628694581179002e-11,
2.492,1.9242060722584102e-11,
2.494,1.97187358557082e-11,
2.496,2.0129545380220197e-11,
2.498,2.0526083729786102e-11,
2.5,2.092127246643e-11,
2.502,2.12915640057638e-11,
2.504,2.16003180991706e-11,
2.506,2.18307248991316e-11,
2.508,2.20118521529304e-11,
2.51,2.2224788227537502e-11,
2.512,2.2585074700338197e-11,
2.514,2.32078397203022e-11,
2.516,2.41686545166385e-11,
2.518,2.5473997647084802e-11,
2.52,2.70509737074044e-11,
2.522,2.8759326579166e-11,
2.524,3.042207675944611e-11,
2.526,3.1866409853307e-11,
2.528,3.29639242551588e-11,
2.53,3.36594777197446e-11,
2.532,3.39801845289845e-11,
2.534,3.40209466912339e-11,
2.536,3.39093867100763e-11,
2.538,3.37597159043236e-11,
2.54,3.36298715637429e-11,
2.542,3.34965571705155e-11,
2.544,3.32580892873797e-11,
2.546,3.27660153623988e-11,
2.548,3.18766662173604e-11,
2.55,3.0506408603065196e-11,
2.552,2.86727255178016e-11,
2.554,2.6507550218682002e-11,
2.556,2.4238140657149e-11,
2.558,2.2140679885990897e-11,
2.56,2.0479451256815802e-11,
2.562,1.94477747234266e-11,
2.564,1.91257055241413e-11,
2.566,1.9464615381767897e-11,
2.568,2.0302351457666997e-11,
2.57,2.1405578215980603e-11,
2.572,2.2529480025213e-11,
2.574,2.3480175681458e-11,
2.576,2.4163042096927798e-11,
2.578,2.46024488205816e-11,
2.58,2.4925571833277e-11,
2.582,2.53140332616303e-11,
2.584,2.5938691615108897e-11,
2.586,2.6900050558158803e-11,
2.588,2.8195905871119398e-11,
2.59,2.97278052423754e-11,
2.592,3.13425061592809e-11,
2.594,3.28904344479573e-11,
2.596,3.4276553133552204e-11,
2.598,3.5483734225333796e-11,
2.6,3.65618733167719e-11,
2.602,3.75913338227212e-11,
2.604,3.86391414384717e-11,
2.606,3.9726434551555397e-11,
2.608,4.0816915973260105e-11,
2.61,4.18248842583935e-11,
2.612,4.2633714184439897e-11,
2.614,4.3116118861989e-11,
2.616,4.31531773109255e-11,
2.618,4.2655209716638604e-11,
2.62,4.1587973788833206e-11,
2.622,4.0001229142851703e-11,
2.624,3.80475167856356e-11,
2.626,3.597471916728721e-11,
2.628,3.40819756610009e-11,
2.63,3.26445109637567e-11,
2.632,3.1831348164924897e-11,
2.634,3.16499787963502e-11,
2.636,3.1946199722354605e-11,
2.638,3.24655869862972e-11,
2.64,3.2955336984154895e-11,
2.642,3.32646536255447e-11,
2.644,3.3400328888306e-11,
2.646,3.3512980035141396e-11,
2.648,3.3820409949517804e-11,
2.65,3.45024437408865e-11,
2.652,3.56134355974515e-11,
2.654,3.70486146761725e-11,
2.656,3.85750432657726e-11,
2.658,3.99097436195091e-11,
2.66,4.0810002537934403e-11,
2.662,4.11410056852775e-11,
2.664,4.09009164574102e-11,
2.666,4.02041644902033e-11,
2.668,3.9238773736961704e-11,
2.67,3.82177293477659e-11,
2.672,3.73378143875225e-11,
2.674,3.67496312274701e-11,
2.676,3.65358436200506e-11,
2.678,3.669524128739179e-11,
2.68,3.71356998857681e-11,
2.682,3.76835961906053e-11,
2.684,3.81161122389975e-11,
2.686,3.82145446270182e-11,
2.688,3.782541746760471e-11,
2.69,3.6908434147046294e-11,
2.692,3.55516720309224e-11,
2.694,3.39452134059451e-11,
2.696,3.23205642332137e-11,
2.698,3.08772082867704e-11,
2.7,2.97224375201892e-11,
2.702,2.88450250968099e-11,
2.704,2.8129461902509e-11,
2.706,2.7402472960883698e-11,
2.708,2.6493227148057496e-11,
2.71,2.52867433755858e-11,
2.712,2.37554754830714e-11,
2.714,2.1963321288291897e-11,
2.716,2.00450597687366e-11,
2.718,1.8169773569873e-11,
2.72,1.64986404191954e-11,
2.722,1.51468625749404e-11,
2.724,1.4157584570109401e-11,
2.726,1.34930415025044e-11,
2.728,1.30448887566438e-11,
2.73,1.26610986419599e-11,
2.732,1.2182300359502199e-11,
2.734,1.1477362686629e-11,
2.736,1.0467968955306e-11,
2.738,9.1359287609037e-12,
2.74,7.51316964608535e-12,
2.742,5.6606938358348806e-12,
2.744,3.646129358810751e-12,
2.746,1.52864085351348e-12,
2.748,-6.44394142711646e-13,
2.75,-2.83028318843696e-12,
2.752,-4.97933921622749e-12,
2.754,-7.025849926686321e-12,
2.756,-8.8874589339533e-12,
2.758,-1.04750899863568e-11,
2.76,-1.1711633359582e-11,
2.762,-1.25545809566847e-11,
2.764,-1.3015999570308901e-11,
2.766,-1.31733659190108e-11,
2.768,-1.31663880515928e-11,
2.77,-1.31781987390314e-11,
2.772,-1.34038094109144e-11,
2.774,-1.40128012612269e-11,
2.776,-1.5115829736673e-11,
2.778,-1.67436020703104e-11,
2.78,-1.88430584407618e-11,
2.782,-2.12895417820422e-11,
2.784,-2.39089228915918e-11,
2.786,-2.6502172425728502e-11,
2.788,-2.88674803087196e-11,
2.79,-3.0819841693329996e-11,
2.792,-3.22118229218835e-11,
2.794,-3.2958870697972696e-11,
2.796,-3.30674074387114e-11,
2.798,-3.2656805766898104e-11,
2.8,-3.1961650159421803e-11,
2.802,-3.13028648805803e-11,
2.804,-3.10262370160555e-11,
2.806,-3.14209708506788e-11,
2.808,-3.26430438943315e-11,
2.81,-3.46710482265861e-11,
2.812,-3.73131957074291e-11,
2.814,-4.02658870808104e-11,
2.816,-4.32038495830425e-11,
2.818,-4.5868827652584e-11,
2.82,-4.81241789077363e-11,
2.822,-4.9956828008852395e-11,
2.824,-5.1429964993293e-11,
2.826,-5.26098674733451e-11,
2.828,-5.3499677928482705e-11,
2.83,-5.40083386835817e-11,
2.832,-5.39668115593852e-11,
2.834,-5.318378757101389e-11,
2.836,-5.15182488128532e-11,
2.838,-4.8941689454553396e-11,
2.84,-4.55693127074309e-11,
2.842,-4.16523205982361e-11,
2.844,-3.75362801715911e-11,
2.846,-3.35988908293352e-11,
2.848,-3.01820663021535e-11,
2.85,-2.7530927451013104e-11,
2.852,-2.5748751155115604e-11,
2.854,-2.47747341521867e-11,
2.856,-2.43901847745171e-11,
2.858,-2.42564611522803e-11,
2.86,-2.39823853392252e-11,
2.862,-2.3209813626460398e-11,
2.864,-2.16971380812415e-11,
2.866,-1.9375911445970398e-11,
2.868,-1.63604801620918e-11,
2.87,-1.29040518060619e-11,
2.872,-9.313554510425e-12,
2.874,-5.851950326514809e-12,
2.876,-2.66276266013974e-12,
2.878,2.56022951165179e-13,
2.88,3.0208030298178197e-12,
2.882,5.78896606329321e-12,
2.884,8.67503816970586e-12,
2.886,1.16913850476661e-11,
2.888,1.4736534872884802e-11,
2.89,1.76330810586355e-11,
2.892,2.0195941597259998e-11,
2.894,2.2300484947744198e-11,
2.896,2.392293222659e-11,
2.898,2.51403993677678e-11,
2.9,2.6097050975289103e-11,
2.902,2.69566220586713e-11,
2.904,2.7864069013229398e-11,
2.906,2.8929716082334396e-11,
2.908,3.02345658102432e-11,
2.91,3.1843073637929e-11,
2.912,3.38069194672133e-11,
2.914,3.6150939029896497e-11,
2.916,3.8846009703422893e-11,
2.918,4.1785222932490605e-11,
2.92,4.4782231611595e-11,
2.922,4.76021695490971e-11,
2.924,5.00196059254364e-11,
2.926,5.18829862524975e-11,
2.928,5.31586832463867e-11,
2.93,5.3934045596074605e-11,
2.932,5.43756154138366e-11,
2.934,5.4658200296566496e-11,
2.936,5.4893780325395296e-11,
2.938,5.50900219401861e-11,
2.94,5.51559034551457e-11,
2.942,5.49519110220351e-11,
2.944,5.43637896462698e-11,
2.946,5.33690143784792e-11,
2.948,5.2068852882218e-11,
2.95,5.06730504220445e-11,
2.952,4.94429467026888e-11,
2.954,4.8614112121344794e-11,
2.956,4.8325825261939203e-11,
2.958,4.8580466582559e-11,
2.96,4.92440827427333e-11,
2.962,5.008523926884721e-11,
2.964,5.08380010343198e-11,
2.966,5.12697083083736e-11,
2.968,5.1235122772762e-11,
2.97,5.0704136008232205e-11,
2.972,4.97581033156373e-11,
2.974,4.85574132106638e-11,
2.976,4.728964240826771e-11,
2.978,4.6111876267782204e-11,
2.98,4.51023900389343e-11,
2.982,4.4235014247567995e-11,
2.984,4.3383965254946207e-11,
2.986,4.23588695645905e-11,
2.988,4.09608796270818e-11,
2.99,3.9044286312552896e-11,
2.992,3.6565923014285605e-11,
2.994,3.36079302016715e-11,
2.996,3.0367012598416403e-11,
2.998,2.71126187114676e-11,
3.0,2.4124696310533896e-11,
3.002,2.16267433337321e-11,
3.004,1.97306639931443e-11,
3.006,1.84071459740762e-11,
3.008,1.7489356735165803e-11,
3.01,1.6710120318111e-11,
3.012,1.5764548281796098e-11,
3.014,1.43830455596847e-11,
3.016,1.23956154313e-11,
3.018,9.76974776204636e-12,
3.02,6.61113122699401e-12,
3.022,3.12773522019556e-12,
3.024,-4.3002194286805106e-13,
3.026,-3.83251094758513e-12,
3.028,-6.9165716541480406e-12,
3.03,-9.6006703341211e-12,
3.032,-1.1869546847602698e-11,
3.034,-1.3740793488029199e-11,
3.036,-1.52322996202063e-11,
3.038,-1.6346868423976498e-11,
3.04,-1.7080475817876398e-11,
3.042,-1.7448074815935498e-11,
3.044,-1.75118222227711e-11,
3.046,-1.73950564388881e-11,
3.048,-1.7271752986808e-11,
3.05,-1.73322858184058e-11,
3.052,-1.77365913057486e-11,
3.054,-1.85711535643922e-11,
3.056,-1.98243961042815e-11,
3.058,-2.1387706797048e-11,
3.06,-2.3080032595744898e-11,
3.062,-2.46867256197812e-11,
3.064,-2.60002591529829e-11,
3.066,-2.6852305294685002e-11,
3.068,-2.71312662560659e-11,
3.07,-2.6784912585636896e-11,
3.072,-2.5811891590044396e-11,
3.074,-2.42480357617034e-11,
3.076,-2.21535601825908e-11,
3.078,-1.9605839390057602e-11,
3.08,-1.670011662102e-11,
3.082,-1.35572644343141e-11,
3.084,-1.0334230360284402e-11,
3.086,-7.2296753789296504e-12,
3.088,-4.4763070897000305e-12,
3.09,-2.3136830223365095e-12,
3.092,-9.41610542588021e-13,
3.094,-4.63059797376847e-13,
3.096,-8.33905134576206e-13,
3.098,-1.84004252755398e-12,
3.1,-3.11795916277906e-12,
3.102,-4.2221858068194e-12,
3.104,-4.7258070267890494e-12,
3.106,-4.325574356102502e-12,
3.108,-2.9172690040541232e-12,
3.11,-6.142862989679251e-13,
3.112,2.2984750214085996e-12,
3.114,5.4601478521265516e-12,
3.116,8.544587302395758e-12,
3.118,1.1346576720515725e-11,
3.12,1.3814192349050602e-11,
3.122,1.602001704685613e-11,
3.124,1.8088522340801193e-11,
3.126,2.011311428238761e-11,
3.128,2.2098087466328832e-11,
3.13,2.394737627612837e-11,
3.132,2.550075855466483e-11,
3.134,2.6598735609416518e-11,
3.136,2.714766732383562e-11,
3.138,2.7160602854010447e-11,
3.14,2.676202144350447e-11,
3.142,2.6160268461346816e-11,
3.144,2.560150780635269e-11,
3.146,2.5320875655660962e-11,
3.148,2.5501203418823047e-11,
3.15,2.6242793570934423e-11,
3.152,2.754370763817375e-11,
3.154,2.929122139171305e-11,
3.156,3.126869619149503e-11,
3.158,3.318387024063651e-11,
3.16,3.472061302321147e-11,
3.162,3.560704867281024e-11,
3.164,3.56824432892578e-11,
3.166,3.494051737831087e-11,
3.168,3.3531288646391636e-11,
3.17,3.171768396588671e-11,
3.172,2.980053506988785e-11,
3.174,2.8038290681234684e-11,
3.176,2.6589681038704788e-11,
3.178,2.5496919027371343e-11,
3.18,2.4709550077356066e-11,
3.182,2.413264591550467e-11,
3.184,2.3675571879912658e-11,
3.186,2.328160089034079e-11,
3.188,2.293108371086131e-11,
3.19,2.2624836586529786e-11,
3.192,2.236207126541385e-11,
3.194,2.212642641792597e-11,
3.196,2.1885403931825135e-11,
3.198,2.159910314272874e-11,
3.2,2.1229001602682003e-11,
3.202,2.0739397954399784e-11,
3.204,2.009119517518345e-11,
3.206,1.9234896165727604e-11,
3.208,1.8112287382690772e-11,
3.21,1.667234946466227e-11,
3.212,1.4898238491553842e-11,
3.214,1.2833796521899891e-11,
3.216,1.0595102104764038e-11,
3.218,8.356627127554077e-12,
3.22,6.311762971872439e-12,
3.222,4.618788795247671e-12,
3.224,3.3506116567781015e-12,
3.226,2.466660473573919e-12,
3.228,1.8183108335569668e-12,
3.23,1.1877362415024202e-12,
3.232,3.488130594596009e-13,
3.234,-8.681517166673746e-13,
3.236,-2.5272602723486463e-12,
3.238,-4.5677696780833766e-12,
3.24,-6.820378269176482e-12,
3.242,-9.054581692615283e-12,
3.244,-1.1044248268243316e-11,
3.246,-1.2633447568516445e-11,
3.248,-1.3784113715487312e-11,
3.25,-1.4591476263101257e-11,
3.252,-1.526161913124012e-11,
3.254,-1.6055857160317012e-11,
3.256,-1.7216390886770953e-11,
3.258,-1.8893975537999756e-11,
3.26,-2.1098828476208763e-11,
3.262,-2.3690060490460776e-11,
3.264,-2.6408110153341188e-11,
3.266,-2.8941801678457337e-11,
3.268,-3.10111572621961e-11,
3.27,-3.244182297197561e-11,
3.272,-3.3209539778788466e-11,
3.274,-3.344198284430425e-11,
3.276,-3.3378338931796176e-11,
3.278,-3.32995935544683e-11,
3.28,-3.3451010920056296e-11,
3.282,-3.3979571318936714e-11,
3.284,-3.490365040413181e-11,
3.286,-3.612141581319216e-11,
3.288,-3.745214048412413e-11,
3.29,-3.8695029674118e-11,
3.292,-3.968581490829314e-11,
3.294,-4.03340466662755e-11,
3.296,-4.0631765159489725e-11,
3.298,-4.063507331037023e-11,
3.3,-4.042944328501351e-11,
3.302,-4.009463961124538e-11,
3.304,-3.96838484510678e-11,
3.306,-3.922459630650592e-11,
3.308,-3.873887710888556e-11,
3.31,-3.82709627326671e-11,
3.312,-3.7907048341203864e-11,
3.314,-3.777352500486863e-11,
3.316,-3.800970972288199e-11,
3.318,-3.872222800651277e-11,
3.32,-3.993765125456896e-11,
3.322,-4.15726838008141e-11,
3.324,-4.3435777069612e-11,
3.326,-4.526220253897897e-11,
3.328,-4.677185467251912e-11,
3.33,-4.7730012105808323e-11,
3.332,-4.799100435044793e-11,
3.334,-4.751251203928413e-11,
3.336,-4.6340546347116066e-11,
3.338,-4.45767978495865e-11,
3.34,-4.234509725263504e-11,
3.342,-3.977089483478485e-11,
3.344,-3.697861902665333e-11,
3.346,-3.410123725288382e-11,
3.348,-3.128999205528942e-11,
3.35,-2.871230423182283e-11,
3.352,-2.653279370885301e-11,
3.354,-2.4881201370947218e-11,
3.356,-2.381862531007155e-11,
3.358,-2.3315192727397447e-11,
3.36,-2.324850841215245e-11,
3.362,-2.3424732383006104e-11,
3.364,-2.361649711685793e-11,
3.366,-2.3607253306570577e-11,
3.368,-2.3231167303517113e-11,
3.37,-2.2400412347364262e-11,
3.372,-2.1116140437577505e-11,
3.374,-1.9463104429982737e-11,
3.376,-1.7590858974386868e-11,
3.378,-1.5685757097995337e-11,
3.38,-1.3938922789657726e-11,
3.382,-1.2515797967317154e-11,
3.384,-1.1532319922210132e-11,
3.386,-1.1041710644166036e-11,
3.388,-1.1032948498805143e-11,
3.39,-1.1439293155105555e-11,
3.392,-1.2152713715041094e-11,
3.394,-1.3039675176118838e-11,
3.396,-1.3954874610314636e-11,
3.398,-1.475235235054962e-11,
3.4,-1.5295603079271215e-11,
3.402,-1.5469250896050345e-11,
3.404,-1.5193826689981076e-11,
3.406,-1.4442422565273433e-11,
3.408,-1.3255459507724194e-11,
3.41,-1.1747963753322203e-11,
3.412,-1.0104314285554682e-11,
3.414,-8.557720639843639e-12,
3.416,-7.355492760125342e-12,
3.418,-6.715229124198748e-12,
3.42,-6.780362271998586e-12,
3.422,-7.585213928010174e-12,
3.424,-9.038790905889731e-12,
3.426,-1.0933488460221197e-11,
3.428,-1.2979292513790334e-11,
3.43,-1.4857442841498435e-11,
3.432,-1.6282068758765227e-11,
3.434,-1.7055058748452012e-11,
3.436,-1.7100577633206696e-11,
3.438,-1.64707846274963e-11,
3.44,-1.532226632380203e-11,
3.442,-1.3870597617055878e-11,
3.444,-1.2336366391435064e-11,
3.446,-1.0897132442246487e-11,
3.448,-9.657150178562307e-12,
3.45,-8.640337954566753e-12,
3.452,-7.805100042766774e-12,
3.454,-7.073672462217729e-12,
3.456,-6.36574107662385e-12,
3.458,-5.6259672422052195e-12,
3.46,-4.838289611080137e-12,
3.462,-4.024331272645711e-12,
3.464,-3.2282671239994526e-12,
3.466,-2.4949494351154488e-12,
3.468,-1.8500758478969084e-12,
3.47,-1.2904757623998069e-12,
3.472,-7.8929347980025e-13,
3.474,-3.1504874656528603e-13,
3.476,1.4208010250186693e-13,
3.478,5.47445252152005e-13,
3.48,8.132867408667117e-13,
3.482,8.108560685786993e-13,
3.484,4.026974520332338e-13,
3.486,-5.136885482733428e-13,
3.488,-1.9647325130843434e-12,
3.49,-3.876725798965876e-12,
3.492,-6.078309474093624e-12,
3.494,-8.330303290352634e-12,
3.496,-1.0374527480733301e-11,
3.498,-1.1986911102614556e-11,
3.5,-1.301931225022993e-11,
3.502,-1.3419055911995752e-11,
3.504,-1.3223307684813843e-11,
3.506,-1.2534015480736646e-11,
3.508,-1.1484460875227048e-11,
3.51,-1.0209528467523718e-11,
3.512,-8.827876819791975e-12,
3.514,-7.437716961289055e-12,
3.516,-6.1217978990234176e-12,
3.518,-4.95358838678536e-12,
3.52,-3.997223159624809e-12,
3.522,-3.297802471359969e-12,
3.524,-2.8643696953778723e-12,
3.526,-2.6525056744062248e-12,
3.528,-2.5557004863382705e-12,
3.53,-2.412641786198066e-12,
3.532,-2.0328877265400913e-12,
3.534,-1.2371131370002068e-12,
3.536,9.725431753412213e-14,
3.538,1.9968840510938387e-12,
3.54,4.371081580800787e-12,
3.542,7.015051738793532e-12,
3.544,9.639011116445998e-12,
3.546,1.1917577492455812e-11,
3.548,1.3548660930535224e-11,
3.55,1.4308474708717917e-11,
3.552,1.4089837347848036e-11,
3.554,1.2914940984260756e-11,
3.556,1.0920151780204602e-11,
3.558,8.31757275763814e-12,
3.56,5.344133238292051e-12,
3.562,2.212038346376335e-12,
3.564,-9.268372419187606e-13,
3.566,-3.994993627770771e-12,
3.568,-6.981500338356961e-12,
3.57,-9.918882867448764e-12,
3.572,-1.2855480352667236e-11,
3.574,-1.5833658690878014e-11,
3.576,-1.8880486010759526e-11,
3.578,-2.201130216366337e-11,
3.58,-2.524160179960039e-11,
3.582,-2.8600193044934453e-11,
3.584,-3.213770167537404e-11,
3.586,-3.592789273422712e-11,
3.588,-4.006294997289337e-11,
3.59,-4.464571840610465e-11,
3.592,-4.978183749504206e-11,
3.594,-5.557267932608147e-11,
3.596,-6.210809053073467e-11,
3.598,-6.945807015269069e-11,
3.6,-7.766367333415487e-11,
3.602,-8.673007834863453e-11,
3.604,-9.662593950442784e-11,
3.606,-1.0729217550762484e-10,
3.608,-1.1865987951794102e-10,
3.61,-1.3067284873648038e-10,
3.612,-1.433073370494498e-10,
3.614,-1.5658190928479474e-10,
3.616,-1.7055397187845862e-10,
3.618,-1.853049747392732e-10,
3.62,-2.0092068342653892e-10,
3.622,-2.1747473465179892e-10,
3.624,-2.350211165254211e-10,
3.626,-2.5359690286407883e-10,
3.628,-2.7323157562451555e-10,
3.63,-2.939568325415255e-10,
3.632,-3.1581153577315815e-10,
3.634,-3.3883968424632946e-10,
3.636,-3.630831084964747e-10,
3.638,-3.885730015339276e-10,
3.64,-4.15324556023798e-10,
3.642,-4.433368227020853e-10,
3.644,-4.725976603979733e-10,
3.646,-5.030917559387894e-10,
3.648,-5.348095361882601e-10,
3.65,-5.677555894448747e-10,
3.652,-6.019560733201714e-10,
3.654,-6.374647602737679e-10,
3.656,-6.743668349695842e-10,
3.658,-7.127786032353218e-10,
3.66,-7.52841571698865e-10,
3.662,-7.947104882231552e-10,
3.664,-8.385372003593833e-10,
3.666,-8.844543120578721e-10,
3.668,-9.32563385726445e-10,
3.67,-9.829315283247215e-10,
3.672,-1.0355976730711245e-09,
3.674,-1.090586930406718e-09,
3.676,-1.1479287387704452e-09,
3.678,-1.20767357459528e-09,
3.68,-1.2699032968130796e-09,
3.682,-1.3347320190112432e-09,
3.684,-1.4022968820406767e-09,
3.686,-1.4727410625555168e-09,
3.688,-1.546193970416337e-09,
3.69,-1.622754976407696e-09,
3.692,-1.7024870266603792e-09,
3.694,-1.7854236409466399e-09,
3.696,-1.871588356877711e-09,
3.698,-1.9610202737898145e-09,
3.7,-2.0537956232992765e-09,
3.702,-2.1500351586497977e-09,
3.704,-2.2498915248562088e-09,
3.706,-2.3535187885400226e-09,
3.708,-2.461034579673895e-09,
3.71,-2.5724903675609036e-09,
3.712,-2.6878642768209024e-09,
3.714,-2.807083391428182e-09,
3.716,-2.9300710911839636e-09,
3.718,-3.0568046573215777e-09,
3.72,-3.187363229980702e-09,
3.722,-3.3219491499031217e-09,
3.724,-3.4608753683687825e-09,
3.726,-3.604523905706114e-09,
3.728,-3.753290613110969e-09,
3.73,-3.907534876794576e-09,
3.732,-4.067548794942342e-09,
3.734,-4.233551114091747e-09,
3.736,-4.405701090572737e-09,
3.738,-4.5841210215248e-09,
3.74,-4.768916162011887e-09,
3.742,-4.960185964992799e-09,
3.744,-5.158028027771462e-09,
3.746,-5.362541555194329e-09,
3.748,-5.573837491959828e-09,
3.75,-5.792057967217898e-09,
3.752,-6.017400431833851e-09,
3.754,-6.25013623395078e-09,
3.756,-6.490612592647973e-09,
3.758,-6.739231995723625e-09,
3.76,-6.996411926659418e-09,
3.762,-7.262536578085899e-09,
3.764,-7.537916575681784e-09,
3.766,-7.822770599711142e-09,
3.768,-8.117234559755656e-09,
3.77,-8.421393604137028e-09,
3.772,-8.735324036975995e-09,
3.774,-9.05912970880128e-09,
3.776,-9.3929617086266e-09,
3.778,-9.737018544107868e-09,
3.78,-1.009153277878674e-08,
3.782,-1.0456754870320272e-08,
3.784,-1.0832943944175722e-08,
3.786,-1.1220369469765325e-08,
3.788,-1.1619320735245101e-08,
3.79,-1.2030116257699272e-08,
3.792,-1.2453105605931977e-08,
3.794,-1.2888660987811479e-08,
3.796,-1.3337162656849713e-08,
3.798,-1.3798986571813393e-08,
3.8,-1.4274502753719305e-08,
3.802,-1.4764087175351765e-08,
3.804,-1.526814248147416e-08,
3.806,-1.5787116613024404e-08,
3.808,-1.6321507258913557e-08,
3.81,-1.6871845253265433e-08,
3.812,-1.7438659118904138e-08,
3.814,-1.8022432187764473e-08,
3.816,-1.8623568659118916e-08,
3.818,-1.9242382928590114e-08,
3.82,-1.987911850267961e-08,
3.822,-2.053399177889154e-08,
3.824,-2.1207246644730965e-08,
3.826,-2.189920224201671e-08,
3.828,-2.2610279097575093e-08,
3.83,-2.3340997268565732e-08,
3.832,-2.4091950087911993e-08,
3.834,-2.4863764839508457e-08,
3.836,-2.5657064170455663e-08,
3.838,-2.6472439300341424e-08,
3.84,-2.731043962419944e-08,
3.842,-2.8171576501681435e-08,
3.844,-2.9056334301155642e-08,
3.846,-2.996518179093643e-08,
3.848,-3.089857952174299e-08,
3.85,-3.185698375582961e-08,
3.852,-3.284085058527381e-08,
3.854,-3.385064464275222e-08,
3.856,-3.488685380921603e-08,
3.858,-3.5950007234380554e-08,
3.86,-3.704069024020672e-08,
3.862,-3.815954935694045e-08,
3.864,-3.93072835918857e-08,
3.866,-4.048462389764337e-08,
3.868,-4.1692308018052925e-08,
3.87,-4.2931060055956434e-08,
3.872,-4.420158216555117e-08,
3.874,-4.550455968926665e-08,
3.876,-4.6840674508547224e-08,
3.878,-4.8210617274708343e-08,
3.88,-4.961509009635849e-08,
3.882,-5.1054796756953274e-08,
3.884,-5.253042531539787e-08,
3.886,-5.404263319218076e-08,
3.888,-5.559204541937447e-08,
3.89,-5.717927102188388e-08,
3.892,-5.880493378606899e-08,
3.894,-6.046970598190367e-08,
3.896,-6.217433113729977e-08,
3.898,-6.391962628509665e-08,
3.9,-6.570646338994655e-08,
3.902,-6.753573939523524e-08,
3.904,-6.940834929493796e-08,
3.906,-7.132517485001059e-08,
3.908,-7.32870927805239e-08,
3.91,-7.529499605084421e-08,
3.912,-7.734981411871267e-08,
3.914,-7.945251795457507e-08,
3.916,-8.1604102538922e-08,
3.918,-8.380555097314976e-08,
3.92,-8.60577942420743e-08,
3.922,-8.836168460501467e-08,
3.924,-9.071799608014466e-08,
3.926,-9.312745504716657e-08,
3.928,-9.559079156161644e-08,
3.93,-9.810879365989053e-08,
3.932,-1.006823457801389e-07,
3.934,-1.0331243914451213e-07,
3.936,-1.0600015291643442e-07,
3.938,-1.0874661598476465e-07,
3.94,-1.1155296505873525e-07,
3.942,-1.1442031440273951e-07,
3.944,-1.1734974555925271e-07,
3.946,-1.2034231642620296e-07,
3.948,-1.233990809404158e-07,
3.95,-1.2652110741306535e-07,
3.952,-1.2970948544842665e-07,
3.954,-1.3296531778879362e-07,
3.956,-1.3628970066962124e-07,
3.958,-1.396837020691599e-07,
3.96,-1.4314834839558556e-07,
3.962,-1.4668462761337768e-07,
3.964,-1.502935104445369e-07,
3.966,-1.5397598471438616e-07,
3.968,-1.5773309285792152e-07,
3.97,-1.6156596122185905e-07,
3.972,-1.6547581246770817e-07,
3.974,-1.694639573653569e-07,
3.976,-1.7353176902775606e-07,
3.978,-1.7768064696832584e-07,
3.98,-1.8191198096187172e-07,
3.982,-1.8622712284716713e-07,
3.984,-1.9062737114596135e-07,
3.986,-1.9511396837335846e-07,
3.988,-1.9968810750055213e-07,
3.99,-2.0435094242214113e-07,
3.992,-2.0910359811581562e-07,
3.994,-2.139471787348824e-07,
3.996,-2.1888277403740552e-07,
3.998,-2.2391146637652983e-07,
4.0,-2.290343399713291e-07,
4.002,-2.3425249302018221e-07,
4.004,-2.395670514748325e-07,
4.006,-2.4497918223799493e-07,
4.008,-2.5049010355200604e-07,
4.01,-2.561010910476035e-07,
4.012,-2.618134787611372e-07,
4.014,-2.676286548126563e-07,
4.016,-2.735480513439292e-07,
4.018,-2.795731284846127e-07,
4.02,-2.857053528701942e-07,
4.022,-2.9194617315229674e-07,
4.024,-2.98296997322386e-07,
4.026,-3.047591776305098e-07,
4.028,-3.113340086132294e-07,
4.03,-3.180227397065277e-07,
4.032,-3.2482659963996333e-07,
4.034,-3.317468249849309e-07,
4.036,-3.3878468344038393e-07,
4.038,-3.4594148453601904e-07,
4.04,-3.5321857506578185e-07,
4.042,-3.6061732288584435e-07,
4.044,-3.6813909650862154e-07,
4.046,-3.75785248787925e-07,
4.048,-3.8355710993707104e-07,
4.05,-3.914559900344558e-07,
4.052,-3.9948318707276717e-07,
4.054,-4.0763999456609853e-07,
4.056,-4.1592770432397e-07,
4.058,-4.2434760317199967e-07,
4.06,-4.3290096582748313e-07,
4.062,-4.415890477676972e-07,
4.064,-4.5041308138376297e-07,
4.066,-4.5937427683544264e-07,
4.068,-4.684738269641094e-07,
4.07,-4.77712914535477e-07,
4.072,-4.87092720261124e-07,
4.074,-4.966144307004612e-07,
4.076,-5.062792452636573e-07,
4.078,-5.160883813877616e-07,
4.08,-5.26043076013559e-07,
4.082,-5.361445818740021e-07,
4.084,-5.46394158094122e-07,
4.086,-5.567930571244969e-07,
4.088,-5.673425115671201e-07,
4.09,-5.780437251857843e-07,
4.092,-5.888978701607267e-07,
4.094,-5.999060894580715e-07,
4.096,-6.110695001626802e-07,
4.098,-6.223891930729247e-07,
4.1,-6.338662263586728e-07,
4.102,-6.455016158562906e-07,
4.104,-6.572963285429946e-07,
4.106,-6.69251286678233e-07,
4.108,-6.813673863969671e-07,
4.11,-6.93645527439013e-07,
4.112,-7.060866433350141e-07,
4.114,-7.186917183265916e-07,
4.116,-7.314617800073535e-07,
4.118,-7.443978660515992e-07,
4.12,-7.575009745932596e-07,
4.122,-7.707720166769373e-07,
4.124,-7.842117905679286e-07,
4.126,-7.978209903217712e-07,
4.128,-8.116002478463262e-07,
4.13,-8.255501932182527e-07,
4.132,-8.396715095249339e-07,
4.134,-8.539649594011983e-07,
4.136,-8.684313708117778e-07,
4.138,-8.830715857152403e-07,
4.14,-8.978863900907955e-07,
4.142,-9.1287645158941e-07,
4.144,-9.280422881792147e-07,
4.146,-9.433842795319447e-07,
4.148,-9.589027163387687e-07,
4.15,-9.745978691182125e-07,
4.152,-9.904700515312379e-07,
4.154,-1.0065196566202472e-06,
4.156,-1.0227471556207282e-06,
4.158,-1.0391530629221998e-06,
4.16,-1.055737882242369e-06,
4.162,-1.0725020536517809e-06,
4.164,-1.0894459179245802e-06,
4.166,-1.1065697061205622e-06,
4.168,-1.12387355199216e-06,
4.17,-1.1413575169475023e-06,
4.172,-1.1590216151904236e-06,
4.174,-1.1768658292468577e-06,
4.176,-1.194890112355353e-06,
4.178,-1.2130943809103629e-06,
4.18,-1.2314785040121286e-06,
4.182,-1.2500422979125547e-06,
4.184,-1.268785529723449e-06,
4.186,-1.2877079299930994e-06,
4.188,-1.3068092090892042e-06,
4.19,-1.3260890699461213e-06,
4.192,-1.3455472105330353e-06,
4.194,-1.3651833128252986e-06,
4.196,-1.384997019916502e-06,
4.198,-1.4049879073621866e-06,
4.2,-1.4251554572363332e-06,
4.202,-1.4454990428130708e-06,
4.204,-1.466017928295256e-06,
4.206,-1.4867112835106254e-06,
4.208,-1.5075782085420887e-06,
4.21,-1.5286177608126766e-06,
4.212,-1.5498289773156828e-06,
4.214,-1.5712108871484566e-06,
4.216,-1.5927625133629495e-06,
4.218,-1.6144828664985406e-06,
4.22,-1.6363709335329883e-06,
4.222,-1.6584256653231002e-06,
4.224,-1.680645963741355e-06,
4.226,-1.70303066787509e-06,
4.228,-1.7255785384691859e-06,
4.23,-1.7482882414208245e-06,
4.232,-1.7711583335184752e-06,
4.234,-1.7941872555679141e-06,
4.236,-1.8173733374969186e-06,
4.238,-1.8407148169565039e-06,
4.24,-1.864209868092532e-06,
4.242,-1.8878566328478245e-06,
4.244,-1.9116532454789e-06,
4.246,-1.9355978429981827e-06,
4.248,-1.959688559521684e-06,
4.25,-1.9839235085666836e-06,
4.252,-2.008300761535414e-06,
4.254,-2.0328183309088008e-06,
4.256,-2.0574741631331796e-06,
4.258,-2.0822661400847066e-06,
4.26,-2.107192083299189e-06,
4.262,-2.1322497530836988e-06,
4.264,-2.1574368376260933e-06,
4.266,-2.1827509327670798e-06,
4.268,-2.2081895191833886e-06,
4.27,-2.233749946829384e-06,
4.272,-2.2594294349950797e-06,
4.274,-2.2852250906265976e-06,
4.276,-2.311133940189598e-06,
4.278,-2.33715296485847e-06,
4.28,-2.363279127322719e-06,
4.282,-2.3895093825708986e-06,
4.284,-2.415840671491399e-06,
4.286,-2.442269903113466e-06,
4.288,-2.468793934588617e-06,
4.29,-2.495409556900879e-06,
4.292,-2.522113489320408e-06,
4.294,-2.548902379707385e-06,
4.296,-2.575772804520672e-06,
4.298,-2.6027212633301076e-06,
4.3,-2.629744167476818e-06,
4.302,-2.6568378287868116e-06,
4.304,-2.6839984576422956e-06,
4.306,-2.711222178368109e-06,
4.308,-2.738505062802126e-06,
4.31,-2.765843173649324e-06,
4.312,-2.793232601582296e-06,
4.314,-2.8206694789510973e-06,
4.316,-2.8481499592236027e-06,
4.318,-2.8756701640367087e-06,
4.32,-2.9032261133898213e-06,
4.322,-2.930813663157019e-06,
4.324,-2.958428473832008e-06,
4.326,-2.9860660242639165e-06,
4.328,-3.0137216675413095e-06,
4.33,-3.041390710128188e-06,
4.332,-3.0690684858141815e-06,
4.334,-3.096750397761026e-06,
4.336,-3.1244319138631182e-06,
4.338,-3.1521085185751003e-06,
4.34,-3.179775640800995e-06,
4.342,-3.207428586234695e-06,
4.344,-3.235062499790103e-06,
4.346,-3.2626723714609968e-06,
4.348,-3.2902530816614023e-06,
4.35,-3.3177994673586953e-06,
4.352,-3.345306383300723e-06,
4.354,-3.3727687361994214e-06,
4.356,-3.400181481579989e-06,
4.358,-3.4275395878022075e-06,
4.36,-3.454837984083887e-06,
4.362,-3.4820715139066145e-06,
4.364,-3.509234911297608e-06,
4.366,-3.536322807368311e-06,
4.368,-3.5633297625811006e-06,
4.37,-3.5902503113404903e-06,
4.372,-3.617079002597698e-06,
4.374,-3.6438104234386106e-06,
4.376,-3.670439200107212e-06,
4.378,-3.6969599787809362e-06,
4.38,-3.7233673943190992e-06,
4.382,-3.7496560371586988e-06,
4.384,-3.7758204270556873e-06,
4.386,-3.8018549992442774e-06,
4.388,-3.827754104786824e-06,
4.39,-3.8535120242596055e-06,
4.392,-3.879122991780178e-06,
4.394,-3.904581225192384e-06,
4.396,-3.929880956789618e-06,
4.398,-3.955016458461816e-06,
4.4,-3.979982055453185e-06,
4.402,-4.004772125331109e-06,
4.404,-4.029381082722536e-06,
4.406,-4.053803354987525e-06,
4.408,-4.07803335737829e-06,
4.41,-4.102065476699494e-06,
4.412,-4.125894069315262e-06,
4.414,-4.149513473576714e-06,
4.416,-4.172918030766877e-06,
4.418,-4.196102104931015e-06,
4.42,-4.2190600922860986e-06,
4.422,-4.241786415466138e-06,
4.424,-4.264275504743692e-06,
4.426,-4.286521774605965e-06,
4.428,-4.3085196074097115e-06,
4.43,-4.330263354200363e-06,
4.432,-4.351747357752503e-06,
4.434,-4.372965995038725e-06,
4.436,-4.3939137299455544e-06,
4.438,-4.4145851626824225e-06,
4.44,-4.434975062502562e-06,
4.442,-4.4550783742258415e-06,
4.444,-4.474890195373026e-06,
4.446,-4.4944057283808135e-06,
4.448,-4.513620218633097e-06,
4.45,-4.532528893296751e-06,
4.452,-4.551126916131007e-06,
4.454,-4.56940937014443e-06,
4.456,-4.5873712728245725e-06,
4.458,-4.6050076204465465e-06,
4.46,-4.62231345010509e-06,
4.462,-4.63928390390489e-06,
4.464,-4.655914280091197e-06,
4.466,-4.672200061429557e-06,
4.468,-4.688136919355359e-06,
4.47,-4.703720700103879e-06,
4.472,-4.718947404070927e-06,
4.474,-4.733813168697268e-06,
4.476,-4.748314260419974e-06,
4.478,-4.762447074090029e-06,
4.48,-4.7762081329218916e-06,
4.482,-4.789594080512306e-06,
4.484,-4.8026016605988354e-06,
4.486,-4.815227686845615e-06,
4.488,-4.82746901205485e-06,
4.49,-4.839322509638871e-06,
4.492,-4.850785078286703e-06,
4.494,-4.861853673966632e-06,
4.496,-4.872525364343041e-06,
4.498,-4.882797393015126e-06,
4.5,-4.892667237541879e-06,
4.502,-4.902132647357759e-06,
4.504,-4.911191654185143e-06,
4.506,-4.919842555953973e-06,
4.508,-4.928083882418188e-06,
4.51,-4.935914354127546e-06,
4.512,-4.94333284633857e-06,
4.514,-4.9503383655527364e-06,
4.516,-4.956930041518345e-06,
4.518,-4.963107133048884e-06,
4.52,-4.968869043215573e-06,
4.522,-4.974215338854321e-06,
4.524,-4.979145770126124e-06,
4.526,-4.9836602876772036e-06,
4.528,-4.987759056531429e-06,
4.53,-4.99144246704902e-06,
4.532,-4.9947111437689874e-06,
4.534,-4.99756595296053e-06,
4.536,-5.000008009131608e-06,
4.538,-5.002038680384618e-06,
4.54,-5.003659591836429e-06,
4.542,-5.004872626530336e-06,
4.544,-5.005679923109487e-06,
4.546,-5.006083870839481e-06,
4.548,-5.006087103037113e-06,
4.55,-5.005692491019958e-06,
4.552,-5.0049031409434805e-06,
4.554,-5.003722395962018e-06,
4.556,-5.002153844919688e-06,
4.558,-5.000201337871767e-06,
4.56,-4.997869006998532e-06,
4.562,-4.9951612899568835e-06,
4.564,-4.992082951574768e-06,
4.566,-4.988639099419745e-06,
4.568,-4.984835189199537e-06,
4.57,-4.980677018222528e-06,
4.572,-4.976170708165024e-06,
4.574,-4.971322682264371e-06,
4.576,-4.966139644651508e-06,
4.578,-4.960628570214465e-06,
4.58,-4.954796710772687e-06,
4.582,-4.948651617581017e-06,
4.584,-4.942201174060106e-06,
4.586,-4.935453627092377e-06,
4.588,-4.928417604605452e-06,
4.59,-4.921102111268542e-06,
4.592,-4.91351650249646e-06,
4.594,-4.905670446332145e-06,
4.596,-4.89757388948848e-06,
4.598,-4.889237043808202e-06,
4.6,-4.880670403103835e-06,
4.602,-4.871884788797024e-06,
4.604,-4.862891411216131e-06,
4.606,-4.853701926332482e-06,
4.608,-4.844328468491377e-06,
4.61,-4.834783648064898e-06,
4.612,-4.825080516330723e-06,
4.614,-4.815232512195523e-06,
4.616,-4.805253412248568e-06,
4.618,-4.7951573042468775e-06,
4.62,-4.784958594901333e-06,
4.622,-4.774672049459147e-06,
4.624,-4.764312848949931e-06,
4.626,-4.753896644276642e-06,
4.628,-4.743439588062708e-06,
4.63,-4.732958333470326e-06,
4.632,-4.72247000101809e-06,
4.634,-4.7119921253227035e-06,
4.636,-4.701542599879313e-06,
4.638,-4.691139637834346e-06,
4.64,-4.680801761021624e-06,
4.642,-4.670547820144483e-06,
4.644,-4.660397040164727e-06,
4.646,-4.6503690780797145e-06,
4.648,-4.6404840783608e-06,
4.65,-4.630762713145593e-06,
4.652,-4.621226199672114e-06,
4.654,-4.611896294101442e-06,
4.656,-4.602795266934731e-06,
4.658,-4.593945869283171e-06,
4.66,-4.585371299962104e-06,
4.662,-4.577095181467817e-06,
4.664,-4.569141548159515e-06,
4.666,-4.5615348450702465e-06,
4.668,-4.554299931788516e-06,
4.67,-4.547462084503862e-06,
4.672,-4.541046991360262e-06,
4.674,-4.535080740825694e-06,
4.676,-4.5295898079574824e-06,
4.678,-4.524601047209195e-06,
4.68,-4.520141700341e-06,
4.682,-4.51623942420755e-06,
4.684,-4.512922336335173e-06,
4.686,-4.510219069317434e-06,
4.688,-4.508158820754049e-06,
4.69,-4.506771385483376e-06,
4.692,-4.506087161861486e-06,
4.694,-4.5061371311087184e-06,
4.696,-4.506952816155681e-06,
4.698,-4.508566230698198e-06,
4.7,-4.511009829673542e-06,
4.702,-4.514316468999255e-06,
4.704,-4.5185193778685225e-06,
4.706,-4.523652143252625e-06,
4.708,-4.529748704650964e-06,
4.71,-4.5368433580469335e-06,
4.712,-4.544970769343139e-06,
4.714,-4.5541659980896034e-06,
4.716,-4.5644645306464445e-06,
4.718,-4.5759023187269955e-06,
4.72,-4.588515815925777e-06,
4.722,-4.60234200373839e-06,
4.724,-4.617418400385922e-06,
4.726,-4.633783050745689e-06,
4.728,-4.651474501232448e-06,
4.73,-4.670531767986884e-06,
4.732,-4.69099430734603e-06,
4.734,-4.71290199504569e-06,
4.736,-4.73629511528789e-06,
4.738,-4.761214356006622e-06,
4.74,-4.787700804261675e-06,
4.742,-4.815795936498656e-06,
4.744,-4.845541602292215e-06,
4.746,-4.876980004625111e-06,
4.748,-4.910153682992573e-06,
4.75,-4.945105505791645e-06,
4.752,-4.98187867577818e-06,
4.754,-5.020516748323686e-06,
4.756,-5.06106365803142e-06,
4.758,-5.103563747332313e-06,
4.76,-5.148061790777206e-06,
4.762,-5.194603010687924e-06,
4.764,-5.243233082298766e-06,
4.766,-5.2939981283890546e-06,
4.768,-5.346944704212806e-06,
4.77,-5.402119773584592e-06,
4.772,-5.459570677341222e-06,
4.774,-5.519345095996104e-06,
4.776,-5.581491010300438e-06,
4.778,-5.646056665016747e-06,
4.78,-5.713090541910738e-06,
4.782,-5.7826413469852714e-06,
4.784,-5.854758013691666e-06,
4.786,-5.929489719660003e-06,
4.788,-6.006885910634541e-06,
4.79,-6.0869963230619645e-06,
4.792,-6.169870997786978e-06,
4.794,-6.255560280407173e-06,
4.796,-6.34411480871108e-06,
4.798,-6.435585491708266e-06,
4.8,-6.530023486797007e-06,
4.802,-6.627480181041016e-06,
4.804,-6.728007179021579e-06,
4.806,-6.831656295997145e-06,
4.808,-6.9384795518868145e-06,
4.81,-7.0485291609346994e-06,
4.812,-7.16185751420974e-06,
4.814,-7.2785171557541816e-06,
4.816,-7.39856075757743e-06,
4.818,-7.522041100623481e-06,
4.82,-7.649011068115941e-06,
4.822,-7.77952365384756e-06,
4.824,-7.913631982522104e-06,
4.826,-8.051389334383819e-06,
4.828,-8.192849163817224e-06,
4.83,-8.338065102707344e-06,
4.832,-8.487090943603087e-06,
4.834,-8.639980603693674e-06,
4.836,-8.796788076186572e-06,
4.838,-8.957567378820476e-06,
4.84,-9.122372509327378e-06,
4.842,-9.29125741460814e-06,
4.844,-9.46427597581407e-06,
4.846,-9.641482007151523e-06,
4.848,-9.822929263087352e-06,
4.85,-1.0008671447859142e-05,
4.852,-1.0198762222274975e-05,
4.854,-1.0393255204807055e-05,
4.856,-1.0592203966420552e-05,
4.858,-1.0795662020106866e-05,
4.86,-1.1003682807174425e-05,
4.862,-1.1216319682277282e-05,
4.864,-1.1433625898660575e-05,
4.866,-1.16556545943632e-05,
4.868,-1.18824587786333e-05,
4.87,-1.2114091316925599e-05,
4.872,-1.2350604911764995e-05,
4.874,-1.2592052077181317e-05,
4.876,-1.2838485105766376e-05,
4.878,-1.3089956030265868e-05,
4.88,-1.3346516585029674e-05,
4.882,-1.3608218174769838e-05,
4.884,-1.387511185854429e-05,
4.886,-1.4147248353293882e-05,
4.888,-1.4424678055813214e-05,
4.89,-1.4707451075062752e-05,
4.892,-1.4995617261780312e-05,
4.894,-1.52892262213258e-05,
4.896,-1.558832729993731e-05,
4.898,-1.5892969542826086e-05,
4.9,-1.6203201632244193e-05,
4.902,-1.6519071820752262e-05,
4.904,-1.6840627876995304e-05,
4.906,-1.7167917056618e-05,
4.908,-1.7500986101510823e-05,
4.91,-1.7839881259758205e-05,
4.912,-1.8184648310483532e-05,
4.914,-1.8535332575930308e-05,
4.916,-1.8891978907840807e-05,
4.918,-1.9254631645365043e-05,
4.92,-1.9623334553168655e-05,
4.922,-1.9998130756306072e-05,
4.924,-2.0379062690981505e-05,
4.926,-2.076617208465891e-05,
4.928,-2.1159499968949737e-05,
4.93,-2.155908671663748e-05,
4.932,-2.1964972085282774e-05,
4.934,-2.2377195247262266e-05,
4.936,-2.2795794790380768e-05,
4.938,-2.322080868370565e-05,
4.94,-2.3652274215167103e-05,
4.942,-2.4090227917470048e-05,
4.944,-2.4534705502551987e-05,
4.946,-2.4985741821470102e-05,
4.948,-2.544337085696602e-05,
4.95,-2.590762574411121e-05,
4.952,-2.6378538804007335e-05,
4.954,-2.6856141571163187e-05,
4.956,-2.7340464797652222e-05,
4.958,-2.783153842591549e-05,
4.96,-2.8329391533673815e-05,
4.962,-2.8834052264570278e-05,
4.964,-2.934554776305922e-05,
4.966,-2.9863904130454094e-05,
4.968,-3.0389146411058932e-05,
4.97,-3.0921298606952476e-05,
4.972,-3.146038371018964e-05,
4.974,-3.2006423735713325e-05,
4.976,-3.2559439738897095e-05,
4.978,-3.311945180745066e-05,
4.98,-3.3686479026111274e-05,
4.982,-3.426053942161828e-05,
4.984,-3.4841649900934705e-05,
4.986,-3.542982619752054e-05,
4.988,-3.602508283684732e-05,
4.99,-3.662743312629427e-05,
4.992,-3.7236889166744364e-05,
4.994,-3.785346187698843e-05,
4.996,-3.847716101842149e-05,
4.998,-3.910799520772926e-05,
5.0,-3.974597190927006e-05,
5.002,-4.039109740487773e-05,
5.004,-4.1043376745876676e-05,
5.006,-4.170281369738668e-05,
5.008,-4.2369410687376997e-05,
5.01,-4.304316877132038e-05,
5.012,-4.3724087618270756e-05,
5.014,-4.441216551740502e-05,
5.016,-4.5107399397535905e-05,
5.018,-4.5809784848315605e-05,
5.02,-4.6519316131783355e-05,
5.022,-4.7235986176779986e-05,
5.024,-4.795978655502876e-05,
5.026,-4.8690707443888975e-05,
5.028,-4.942873758523864e-05,
5.03,-5.017386425065709e-05,
5.032,-5.0926073220315966e-05,
5.034,-5.168534877811634e-05,
5.036,-5.2451673719927194e-05,
5.038,-5.3225029368024295e-05,
5.04,-5.400539558307737e-05,
5.042,-5.4792750766576294e-05,
5.044,-5.558707184967429e-05,
5.046,-5.6388334268499385e-05,
5.048,-5.7196511929594174e-05,
5.05,-5.801157717178267e-05,
5.052,-5.8833500731548995e-05,
5.054,-5.966225171827101e-05,
5.056,-6.049779760360716e-05,
5.058,-6.134010422594623e-05,
5.06,-6.218913580686437e-05,
5.062,-6.304485497337174e-05,
5.064,-6.390722277740076e-05,
5.066,-6.477619870459406e-05,
5.068,-6.565174066726462e-05,
5.07,-6.653380498169271e-05,
5.072,-6.742234633501018e-05,
5.074,-6.831731775117951e-05,
5.076,-6.921867056574303e-05,
5.078,-7.012635441604875e-05,
5.08,-7.104031724763929e-05,
5.082,-7.196050533113643e-05,
5.084,-7.288686328001681e-05,
5.086,-7.381933405954137e-05,
5.088,-7.475785898145709e-05,
5.09,-7.570237768549136e-05,
5.092,-7.665282811497064e-05,
5.094,-7.760914649660858e-05,
5.096,-7.857126733309825e-05,
5.098,-7.953912341132977e-05,
5.1,-8.051264582243289e-05,
5.102,-8.149176398413076e-05,
5.104,-8.247640565481212e-05,
5.106,-8.346649693194525e-05,
5.108,-8.446196223386932e-05,
5.11,-8.546272427107048e-05,
5.112,-8.64687040176438e-05,
5.114,-8.747982069407138e-05,
5.116,-8.849599176878704e-05,
5.118,-8.951713297951857e-05,
5.12,-9.054315836897871e-05,
5.122,-9.15739803251414e-05,
5.124,-9.260950961530951e-05,
5.126,-9.364965540591987e-05,
5.128,-9.469432526435818e-05,
5.13,-9.57434251445907e-05,
5.132,-9.67968593621387e-05,
5.134,-9.78545305660847e-05,
5.136,-9.891633971564258e-05,
5.138,-9.998218606710452e-05,
5.14,-0.00010105196717434638,
5.142,-0.00010212557890377137,
5.144,-0.00010320291546224017,
5.146,-0.00010428386943509021,
5.148,-0.00010536833183002923,
5.15,-0.00010645619212150726,
5.152,-0.00010754733828938329,
5.154,-0.00010864165684537749,
5.156,-0.00010973903284209035,
5.158,-0.00011083934986182458,
5.16,-0.00011194248998722337,
5.162,-0.0001130483337606085,
5.164,-0.0001141567601434121,
5.166,-0.00011526764648878214,
5.168,-0.00011638086853863729,
5.17,-0.00011749630045071264,
5.172,-0.00011861381485344614,
5.174,-0.00011973328291871481,
5.176,-0.00012085457443771565,
5.178,-0.00012197755788471778,
5.18,-0.00012310210045766277,
5.182,-0.00012422806809189534,
5.184,-0.00012535532545096756,
5.186,-0.00012648373590452852,
5.188,-0.00012761316150573088,
5.19,-0.00012874346297914895,
5.192,-0.00012987449972649454,
5.194,-0.00013100612985221188,
5.196,-0.000132138210205979,
5.198,-0.00013327059643540286,
5.2,-0.00013440314303946727,
5.202,-0.00013553570341254031,
5.204,-0.0001366681298701286,
5.206,-0.00013780027365129654,
5.208,-0.00013893198489908225,
5.21,-0.00014006311262781946,
5.212,-0.00014119350469293983,
5.214,-0.0001423230077816854,
5.216,-0.00014345146744026348,
5.218,-0.00014457872814363252,
5.22,-0.00014570463340111753,
5.222,-0.00014682902587813849,
5.224,-0.00014795174750710678,
5.226,-0.00014907263956166972,
5.228,-0.0001501915426786423,
5.23,-0.00015130829682798643,
5.232,-0.00015242274124725757,
5.234,-0.0001535347143676311,
5.236,-0.00015464405375971893,
5.238,-0.0001557505961199319,
5.24,-0.00015685417730396887,
5.242,-0.0001579546323997,
5.244,-0.00015905179582185948,
5.246,-0.00016014550140769712,
5.248,-0.00016123558249717137,
5.25,-0.0001623218719896084,
5.252,-0.00016340420237780098,
5.254,-0.00016448240576723524,
5.256,-0.00016555631389065698,
5.258,-0.0001666257581269414,
5.26,-0.000167690569529481,
5.262,-0.00016875057886466183,
5.264,-0.0001698056166568804,
5.266,-0.00017085551323338304,
5.268,-0.00017190009876126856,
5.27,-0.00017293920326961844,
5.272,-0.00017397265665312274,
5.274,-0.00017500028865926768,
5.276,-0.00017602192886714298,
5.278,-0.00017703740667201643,
5.28,-0.00017804655129147494,
5.282,-0.00017904919180630833,
5.284,-0.0001800451572409504,
5.286,-0.00018103427667732984,
5.288,-0.00018201637938511053,
5.29,-0.00018299129494518706,
5.292,-0.00018395885334416707,
5.294,-0.0001849188850255417,
5.296,-0.00018587122089584371,
5.298,-0.00018681569229684174,
5.3,-0.00018775213096355425,
5.302,-0.00018868036898967607,
5.304,-0.00018960023881711856,
5.306,-0.00019051157325666526,
5.308,-0.00019141420553649992,
5.31,-0.00019230796936758028,
5.312,-0.0001931926990118015,
5.314,-0.0001940682293412702,
5.316,-0.00019493439588230333,
5.318,-0.00019579103484498414,
5.32,-0.00019663798314484732,
5.322,-0.00019747507842621313,
5.324,-0.00019830215909669375,
5.326,-0.00019911906437873215,
5.328,-0.00019992563437861905,
5.33,-0.00020072171016744482,
5.332,-0.0002015071338636872,
5.334,-0.0002022817487051722,
5.336,-0.00020304539909991442,
5.338,-0.00020379793065051618,
5.34,-0.0002045391901536049,
5.342,-0.00020526902558277594,
5.344,-0.00020598728606741182,
5.346,-0.00020669382188018333,
5.348,-0.00020738848444271113,
5.35,-0.00020807112635334903,
5.352,-0.0002087416014356172,
5.354,-0.00020939976480234725,
5.356,-0.00021004547292953913,
5.358,-0.00021067858373460672,
5.36,-0.00021129895665472794,
5.362,-0.0002119064527210921,
5.364,-0.00021250093462390186,
5.366,-0.0002130822667620905,
5.368,-0.00021365031527253618,
5.37,-0.00021420494803717,
5.372,-0.0002147460346719813,
5.374,-0.0002152734465082395,
5.376,-0.0002157870565794931,
5.378,-0.000216286739627006,
5.38,-0.00021677237213037524,
5.382,-0.0002172438323617198,
5.384,-0.00021770100045423427,
5.386,-0.00021814375847246917,
5.388,-0.00021857199047331315,
5.39,-0.0002189855825528324,
5.392,-0.00021938442288075064,
5.394,-0.000219768401728856,
5.396,-0.0002201374114996904,
5.398,-0.00022049134675798754,
5.4,-0.00022083010426247586,
5.402,-0.0002211535829925622,
5.404,-0.00022146168416550937,
5.406,-0.00022175431124421267,
5.408,-0.00022203136994120414,
5.41,-0.00022229276822775552,
5.412,-0.00022253841635576387,
5.414,-0.00022276822689470434,
5.416,-0.0002229821147788817,
5.418,-0.00022317999735545414,
5.42,-0.00022336179442350288,
5.422,-0.00022352742825931723,
5.424,-0.000223676823630653,
5.426,-0.00022380990780914058,
5.428,-0.00022392661059155979,
5.43,-0.0002240268643369257,
5.432,-0.00022411060401814254,
5.434,-0.00022417776727898153,
5.436,-0.00022422829448266398,
5.438,-0.00022426212874015602,
5.44,-0.00022427921591328207,
5.442,-0.00022427950459753696,
5.444,-0.00022426294609699895,
5.446,-0.000224229494406672,
5.448,-0.00022417910621386997,
5.45,-0.00022411174092240398,
5.452,-0.000224027360693945,
5.454,-0.00022392593049483004,
5.456,-0.000223807418134832,
5.458,-0.000223671794288824,
5.46,-0.00022351903249997904,
5.462,-0.000223349109171275,
5.464,-0.00022316200355745896,
5.466,-0.000222957697770119,
5.468,-0.00022273617680389904,
5.47,-0.00022249742858387596,
5.472,-0.000222241444025644,
5.474,-0.00022196821709387102,
5.476,-0.00022167774484405803,
5.478,-0.00022137002743654796,
5.48,-0.000221045068119822,
5.482,-0.000220702873189336,
5.484,-0.000220343451935042,
5.486,-0.00021996681659340906,
5.488,-0.00021957298231740498,
5.49,-0.00021916196717184193,
5.492,-0.00021873379215436303,
5.494,-0.000218288481235968,
5.496,-0.00021782606141230396,
5.498,-0.000217346562756408,
5.5,-0.000216850018465605,
5.502,-0.00021633646489718197,
5.504,-0.00021580594158911905,
5.506,-0.00021525849126293,
5.508,-0.000214694159807063,
5.51,-0.00021411299624183504,
5.512,-0.00021351505267110303,
5.514,-0.00021290038423022692,
5.516,-0.00021226904904276096,
5.518,-0.00021162110819724999,
5.52,-0.00021095662575048197,
5.522,-0.000210275668755092,
5.524,-0.00020957830730145398,
5.526,-0.00020886461455863294,
5.528,-0.00020813466679999996,
5.53,-0.00020738854340496501,
5.532,-0.000206626326837333,
5.534,-0.00020584810260868,
5.536,-0.000205053959239056,
5.538,-0.00020424398822584,
5.54,-0.000203418284025816,
5.542,-0.00020257694404900105,
5.544,-0.00020172006865826802,
5.546,-0.00020084776116862301,
5.548,-0.000199960127843385,
5.55,-0.00019905727788875296,
5.552,-0.00019813932345123098,
5.554,-0.00019720637962115798,
5.556,-0.000196258564441635,
5.558,-0.000195295998917093,
5.56,-0.00019431880701290707,
5.562,-0.00019332711563866393,
5.564,-0.00019232105461288398,
5.566,-0.00019130075661345195,
5.568,-0.0001902663571229811,
5.57,-0.00018921799437862202,
5.572,-0.00018815580933256794,
5.574,-0.00018707994562313103,
5.576,-0.00018599054955203504,
5.578,-0.00018488777006247497,
5.58,-0.00018377175871628207,
5.582,-0.00018264266967414993,
5.584,-0.00018150065968706294,
5.586,-0.00018034588810648193,
5.588,-0.000179178516914519,
5.59,-0.000177998710765734,
5.592,-0.00017680663702330905,
5.594,-0.00017560246576924993,
5.596,-0.00017438636977292702,
5.598,-0.000173158524414042,
5.6,-0.0001719191075701539,
5.602,-0.00017066829949078497,
5.604,-0.00016940628268378706,
5.606,-0.000168133241835237,
5.608,-0.000166849363772445,
5.61,-0.00016555483746592703,
5.612,-0.00016424985405539495,
5.614,-0.00016293460688028097,
5.616,-0.0001616092914980631,
5.618,-0.00016027410568144896,
5.62,-0.000158929249395151,
5.622,-0.00015757492476054896,
5.624,-0.00015621133601972006,
5.626,-0.00015483868950893508,
5.628,-0.000153457193646071,
5.63,-0.00015206705892932903,
5.632,-0.00015066849793795897,
5.634,-0.00014926172532172305,
5.636,-0.00014784695776594195,
5.638,-0.00014642441392314094,
5.64,-0.00014499431431047507,
5.642,-0.00014355688118138007,
5.644,-0.00014211233838870693,
5.646,-0.000140660911261368,
5.648,-0.00013920282651562298,
5.65,-0.00013773831221520992,
5.652,-0.00013626759778326495,
5.654,-0.00013479091405585588,
5.656,-0.00013330849335697502,
5.658,-0.00013182056956947695,
5.66,-0.00013032737817856088,
5.662,-0.00012882915627207594,
5.664,-0.000127326142493183,
5.666,-0.00012581857695232306,
5.668,-0.00012430670111356694,
5.67,-0.00012279075767396202,
5.672,-0.00012127099045262894,
5.674,-0.00011974764430101501,
5.676,-0.00011822096503803501,
5.678,-0.00011669119940737908,
5.68,-0.0001151585950489931,
5.682,-0.00011362340047604811,
5.684,-0.00011208586504952295,
5.686,-0.00011054623894671801,
5.688,-0.000109004773123815,
5.69,-0.00010746171927586204,
5.692,-0.00010591732979835607,
5.694,-0.00010437185775332,
5.696,-0.00010282555683975206,
5.698,-0.00010127868136523507,
5.7,-9.973148621356695e-05,
5.702,-9.8184226803914e-05,
5.704,-9.663715903943904e-05,
5.706,-9.509053924707406e-05,
5.708,-9.354462411323593e-05,
5.71,-9.199967062129902e-05,
5.712,-9.045593599507106e-05,
5.714,-8.891367764877299e-05,
5.716,-8.737315313988499e-05,
5.718,-8.58346201183539e-05,
5.72,-8.429833626578999e-05,
5.722,-8.276455922144989e-05,
5.724,-8.123354649762097e-05,
5.726,-7.970555539259499e-05,
5.728,-7.818084291354003e-05,
5.73,-7.665966572146808e-05,
5.732,-7.514228010609993e-05,
5.734,-7.362894199044206e-05,
5.736,-7.211990695569893e-05,
5.738,-7.061543026955398e-05,
5.74,-6.911576689738207e-05,
5.742,-6.762117147853991e-05,
5.744,-6.61318982579121e-05,
5.746,-6.464820097423305e-05,
5.748,-6.317033271872291e-05,
5.75,-6.1698545785698e-05,
5.752,-6.023309153957497e-05,
5.754,-5.877422031819396e-05,
5.756,-5.7322181382731945e-05,
5.758,-5.587722291201298e-05,
5.76,-5.443959202754598e-05,
5.762,-5.300953482832894e-05,
5.764,-5.1587296412818e-05,
5.766,-5.0173120869666065e-05,
5.768,-4.876725122754391e-05,
5.77,-4.736992936463496e-05,
5.772,-4.598139588877004e-05,
5.774,-4.460189000634799e-05,
5.776,-4.323164940161204e-05,
5.778,-4.1870910146300994e-05,
5.78,-4.051990665283989e-05,
5.782,-3.917887167366899e-05,
5.784,-3.784803633637607e-05,
5.786,-3.652763019259498e-05,
5.788,-3.5217881251687006e-05,
5.79,-3.3919015971137104e-05,
5.792,-3.263125918544305e-05,
5.794,-3.1354833972468976e-05,
5.796,-3.0089961475894035e-05,
5.798,-2.8836860718080976e-05,
5.8,-2.759574844374903e-05,
5.802,-2.6366839027367004e-05,
5.804,-2.5150344458350936e-05,
5.806,-2.394647439331901e-05,
5.808,-2.2755436242225945e-05,
5.81,-2.157743524389198e-05,
5.812,-2.0412674490083882e-05,
5.814,-1.9261354875478034e-05,
5.816,-1.8123674977017952e-05,
5.818,-1.6999830890763925e-05,
5.82,-1.5890016068777018e-05,
5.822,-1.4794421197369999e-05,
5.824,-1.3713234142109939e-05,
5.826,-1.2646639960616022e-05,
5.828,-1.1594820960137136e-05,
5.83,-1.0557956762226913e-05,
5.832,-9.536224335699958e-06,
5.834,-8.529797971420887e-06,
5.836,-7.538849192772004e-06,
5.838,-6.563546616053918e-06,
5.84,-5.604055789122002e-06,
5.842,-4.660539039988019e-06,
5.844,-3.7331553607070057e-06,
5.846,-2.8220603393930765e-06,
5.848,-1.927406139535994e-06,
5.85,-1.0493415157210133e-06,
5.852,-1.8801184991805225e-07,
5.854,6.564408074620671e-07,
5.856,1.4838777050708808e-06,
5.858,2.2941633764538743e-06,
5.86,3.087165651476944e-06,
5.862,3.862755697643986e-06,
5.864,4.620808092428957e-06,
5.866,5.3612009224619415e-06,
5.868,6.083815899994962e-06,
5.87,6.788538481970036e-06,
5.872,7.47525797584604e-06,
5.874,8.14386761957206e-06,
5.876,8.794264630778022e-06,
5.878,9.426350229443904e-06,
5.88,1.00400296456e-05,
5.882,1.0635212125882068e-05,
5.884,1.121181094865595e-05,
5.886,1.176974344944601e-05,
5.888,1.230893104965002e-05,
5.89,1.282929927727696e-05,
5.892,1.3330777770200006e-05,
5.894,1.3813300260633954e-05,
5.896,1.4276804550127987e-05,
5.898,1.4721232492395056e-05,
5.9,1.5146530002752901e-05,
5.902,1.555264710618201e-05,
5.904,1.5939538023513028e-05,
5.906,1.6307161281742916e-05,
5.908,1.6655479826041173e-05,
5.91,1.6984461110460035e-05,
5.912,1.729407715291302e-05,
5.914,1.7584304553343116e-05,
5.916,1.7855124486857018e-05,
5.918,1.810652269100901e-05,
5.92,1.8338489465016003e-05,
5.922,1.8551019690057967e-05,
5.924,1.8744112867105048e-05,
5.926,1.8917773158502033e-05,
5.928,1.9072009414914943e-05,
5.93,1.9206835173613934e-05,
5.932,1.9322268624546058e-05,
5.934,1.941833255425117e-05,
5.936,1.9495054288419154e-05,
5.938,1.9552465657888055e-05,
5.94,1.959060300810991e-05,
5.942,1.9609507260020035e-05,
5.944,1.9609224014248037e-05,
5.946,1.958980367652304e-05,
5.948,1.9551301574198966e-05,
5.95,1.949377803535298e-05,
5.952,1.9417298412425068e-05,
5.954,1.9321933048775924e-05,
5.956,1.920775720365604e-05,
5.958,1.907485096280402e-05,
5.96,1.892329916471997e-05,
5.962,1.8753191365132008e-05,
5.964,1.856462184727305e-05,
5.966,1.8357689668201007e-05,
5.968,1.8132498718771977e-05,
5.97,1.7889157770452076e-05,
5.972,1.7627780488451903e-05,
5.974,1.7348485404634873e-05,
5.976,1.705139585967411e-05,
5.978,1.6736639936049027e-05,
5.98,1.6404350406524896e-05,
5.982,1.6054664716111844e-05,
5.984,1.568772500179597e-05,
5.986,1.530367813922396e-05,
5.988,1.4902675795104028e-05,
5.99,1.4484874462444884e-05,
5.992,1.405043546281792e-05,
5.994,1.359952491306293e-05,
5.996,1.3132313667165005e-05,
5.998,1.2648977252550833e-05,
6.0,1.2149695820298984e-05,
6.002,1.163465412171898e-05,
6.004,1.1104041511654093e-05,
6.006,1.0558051967820973e-05,
6.008,9.996884108881934e-06,
6.01,9.420741194246117e-06,
6.012,8.829831095624957e-06,
6.014,8.224366240170984e-06,
6.016,7.604563534633973e-06,
6.018,6.9706442852851395e-06,
6.02,6.3228341284160355e-06,
6.022,5.661362981017922e-06,
6.024,4.986465013931071e-06,
6.026,4.298378642248054e-06,
6.028,3.5973465232989194e-06,
6.03,2.883615551568016e-06,
6.032,2.1574368424480384e-06,
6.034,1.4190657010490471e-06,
6.036,6.687615768759996e-07,
6.038,-9.321199184795896e-08,
6.04,-8.665874390668743e-07,
6.042,-1.6510932330399152e-06,
6.044,-2.446453937325903e-06,
6.046,-3.252390270283025e-06,
6.048,-4.0686191639528854e-06,
6.05,-4.894853823072924e-06,
6.052,-5.73080378431603e-06,
6.054,-6.576174974890045e-06,
6.056,-7.4306697689270076e-06,
6.058,-8.293987040511915e-06,
6.06,-9.165822213508918e-06,
6.062,-1.0045867309765107e-05,
6.064,-1.0933810998507037e-05,
6.066,-1.1829338649781054e-05,
6.068,-1.273213239357207e-05,
6.07,-1.3641871184431995e-05,
6.072,-1.455823086959901e-05,
6.074,-1.5480884258169895e-05,
6.076,-1.640950119001497e-05,
6.078,-1.734374860536708e-05,
6.08,-1.828329061859103e-05,
6.082,-1.9227788600424976e-05,
6.084,-2.0176901271353994e-05,
6.086,-2.1130284804853078e-05,
6.088,-2.2087592934221043e-05,
6.09,-2.304847705312594e-05,
6.092,-2.401258629997294e-05,
6.094,-2.4979567620193015e-05,
6.096,-2.5949065808122913e-05,
6.098,-2.6920723537934014e-05,
6.1,-2.7894181398400113e-05,
6.102,-2.886907794599693e-05,
6.104,-2.9845049785517014e-05,
6.106,-3.08217316782791e-05,
6.108,-3.1798756669081026e-05,
6.11,-3.2775756218194994e-05,
6.112,-3.3752360325329996e-05,
6.114,-3.472819763842793e-05,
6.116,-3.570289554835393e-05,
6.118,-3.667608027706798e-05,
6.12,-3.764737696857487e-05,
6.122,-3.8616409788674156e-05,
6.124,-3.958280203251996e-05,
6.126,-4.0546176232396055e-05,
6.128,-4.150615425521103e-05,
6.13,-4.246235738202903e-05,
6.132,-4.3414406369025914e-05,
6.134,-4.436192149828502e-05,
6.136,-4.530452263280601e-05,
6.138,-4.624182929101298e-05,
6.14,-4.717346075059606e-05,
6.142,-4.809903618208298e-05,
6.144,-4.901817480292502e-05,
6.146,-4.993049603639808e-05,
6.148,-5.083561965902702e-05,
6.15,-5.173316592523792e-05,
6.152,-5.2622755666023054e-05,
6.154,-5.350401036675499e-05,
6.156,-5.437655223471688e-05,
6.158,-5.5240004267888065e-05,
6.16,-5.609399033389408e-05,
6.162,-5.6938135262924074e-05,
6.164,-5.777206495401809e-05,
6.166,-5.859540649107495e-05,
6.168,-5.940778826476394e-05,
6.17,-6.020884009761397e-05,
6.172,-6.099819337156704e-05,
6.174,-6.177548115784599e-05,
6.176,-6.254033834843798e-05,
6.178,-6.329240178660903e-05,
6.18,-6.403131039183302e-05,
6.182,-6.475670527367308e-05,
6.184,-6.546822983012607e-05,
6.186,-6.616552982901007e-05,
6.188,-6.6848253475322e-05,
6.19,-6.751605147150303e-05,
6.192,-6.816857708029993e-05,
6.194,-6.880548619991306e-05,
6.196,-6.9426437458756e-05,
6.198,-7.003109233251795e-05,
6.2,-7.061911528112691e-05,
6.202,-7.119017389879898e-05,
6.204,-7.174393906771208e-05,
6.206,-7.228008510604795e-05,
6.208,-7.279828990314904e-05,
6.21,-7.32982350384521e-05,
6.212,-7.377960588480102e-05,
6.214,-7.424209169970298e-05,
6.216,-7.468538570951693e-05,
6.218,-7.510918519093414e-05,
6.22,-7.551319155229199e-05,
6.222,-7.589711041491995e-05,
6.224,-7.6260651693225e-05,
6.226,-7.660352967194709e-05,
6.228,-7.692546308073295e-05,
6.23,-7.72261751679859e-05,
6.232,-7.75053937787579e-05,
6.234,-7.776285144181308e-05,
6.236,-7.799828547039703e-05,
6.238,-7.8211438078369e-05,
6.24,-7.840205650954196e-05,
6.242,-7.856989317441235e-05,
6.244,-7.871470578605558e-05,
6.246,-7.883625748636188e-05,
6.248,-7.893431695504881e-05,
6.25,-7.90086584968677e-05,
6.252,-7.90590621059121e-05,
6.254,-7.90853135099429e-05,
6.256,-7.90872042009992e-05,
6.258,-7.906453146157202e-05,
6.26,-7.90170983965004e-05,
6.262,-7.894471398040634e-05,
6.264,-7.884719312712631e-05,
6.266,-7.872435678238876e-05,
6.268,-7.857603203482618e-05,
6.27,-7.840205223455225e-05,
6.272,-7.820225710588788e-05,
6.274,-7.797649284161055e-05,
6.276,-7.772461217157324e-05,
6.278,-7.744647440605134e-05,
6.28,-7.71419454621352e-05,
6.282,-7.681089788645077e-05,
6.284,-7.645321088818754e-05,
6.286,-7.606877039200468e-05,
6.288,-7.565746911313412e-05,
6.29,-7.521920664869748e-05,
6.292,-7.475388957284713e-05,
6.294,-7.426143152100626e-05,
6.296,-7.374175325001703e-05,
6.298,-7.31947826666464e-05,
6.3,-7.26204548243386e-05,
6.302,-7.201871189626974e-05,
6.304,-7.138950313917185e-05,
6.306,-7.073278486603157e-05,
6.308,-7.004852044516094e-05,
6.31,-6.933668033772259e-05,
6.312,-6.859724217663269e-05,
6.314,-6.783019087783122e-05,
6.316,-6.703551876456693e-05,
6.318,-6.621322567874877e-05,
6.32,-6.536331905444972e-05,
6.322,-6.448581393747471e-05,
6.324,-6.358073294942228e-05,
6.326,-6.26481062111272e-05,
6.328,-6.168797125200406e-05,
6.33,-6.070037293563049e-05,
6.332,-5.968536342523852e-05,
6.334,-5.8643002198395695e-05,
6.336,-5.757335610287241e-05,
6.338,-5.647649943187794e-05,
6.34,-5.5352513991500344e-05,
6.342,-5.420148913758896e-05,
6.344,-5.302352177163899e-05,
6.346,-5.181871630003287e-05,
6.348,-5.05871845727863e-05,
6.35,-4.9329045822197085e-05,
6.352,-4.804442661758145e-05,
6.354,-4.673346084238074e-05,
6.356,-4.539628968812012e-05,
6.358,-4.403306165192475e-05,
6.36,-4.264393252271998e-05,
6.362,-4.1229065346313234e-05,
6.364,-3.978863036913408e-05,
6.366,-3.8322804969057086e-05,
6.368,-3.6831773587330153e-05,
6.37,-3.531572767456677e-05,
6.372,-3.377486565768019e-05,
6.374,-3.220939292603343e-05,
6.376,-3.061952182749316e-05,
6.378,-2.900547166183666e-05,
6.38,-2.7367468660384952e-05,
6.382,-2.5705745946709335e-05,
6.384,-2.4020543479684166e-05,
6.386,-2.231210798498788e-05,
6.388,-2.0580692882208717e-05,
6.39,-1.882655821176006e-05,
6.392,-1.7049970561280994e-05,
6.394,-1.5251202987503983e-05,
6.396,-1.3430534928748024e-05,
6.398,-1.1588252106304974e-05,
6.4,-9.724646417759981e-06,
6.402,-7.840015830195966e-06,
6.404,-5.934664282620055e-06,
6.406,-4.008901604649954e-06,
6.408,-2.0630434525169587e-06,
6.41,-9.741125714694474e-08,
6.412,1.8876678254659929e-06,
6.414,3.891860971323946e-06,
6.416,5.914829758654023e-06,
6.418,7.95623025109593e-06,
6.42,1.0015713088455083e-05,
6.422,1.2092923578558011e-05,
6.424,1.4187501786663983e-05,
6.426,1.6299082625048e-05,
6.428,1.842729595059002e-05,
6.43,2.0571766680532987e-05,
6.432,2.2732114932498006e-05,
6.434,2.4907956187256012e-05,
6.436,2.7098901463021936e-05,
6.438,2.930455748355204e-05,
6.44,3.152452682159997e-05,
6.442,3.3758408005771066e-05,
6.444,3.6005795589663057e-05,
6.446,3.826628019444603e-05,
6.448,4.053944854432706e-05,
6.45,4.282488351607601e-05,
6.452,4.512216421867499e-05,
6.454,4.7430866109396034e-05,
6.456,4.975056114163803e-05,
6.458,5.208081793198796e-05,
6.46,5.442120193092893e-05,
6.462,5.677127558392e-05,
6.464,5.913059847555496e-05,
6.466,6.149872745593495e-05,
6.468,6.387521675424595e-05,
6.47,6.6259618086932e-05,
6.472,6.865148076797096e-05,
6.474,7.105035182658904e-05,
6.476,7.3455776134862e-05,
6.478,7.586729654458495e-05,
6.48,7.828445403067707e-05,
6.482,8.070678783706698e-05,
6.484,8.313383562104899e-05,
6.486,8.556513359293807e-05,
6.488,8.800021664976697e-05,
6.49,9.043861850391703e-05,
6.492,9.287987180922605e-05,
6.494,9.532350828763198e-05,
6.496,9.7769058858581e-05,
6.498,0.00010021605377149296,
6.5,0.00010266402273953406,
6.502,0.00010511249507227303,
6.504,0.00010756099980548502,
6.506,0.00011000906582906,
6.508,0.00011245622201656305,
6.51,0.00011490199736144898,
6.512,0.00011734592112371705,
6.514,0.00011978752298685507,
6.516,0.00012222633321993395,
6.518,0.000124661882835441,
6.52,0.00012709370373283703,
6.522,0.00012952132882139495,
6.524,0.00013194429212230502,
6.526,0.000134362128858108,
6.528,0.000136774375542176,
6.53,0.00013918057008160603,
6.532,0.00014158025190194503,
6.534,0.00014397296209409205,
6.536,0.00014635824357528895,
6.538,0.00014873564125134994,
6.54,0.00015110470216758202,
6.542,0.00015346497564133602,
6.544,0.00015581601337749204,
6.546,0.00015815736957533696,
6.548,0.00016048860103895903,
6.55,0.0001628092673011569,
6.552,0.00016511893076396892,
6.554,0.00016741715685053096,
6.556,0.000169703514155611,
6.558,0.000171977574580065,
6.56,0.00017423891343797403,
6.562,0.000176487109533822,
6.564,0.00017872174521782198,
6.566,0.000180942406436403,
6.568,0.00018314868279852695,
6.57,0.00018534016767538298,
6.572,0.00018751645834156095,
6.574,0.00018967715615274904,
6.576,0.0001918218667425891,
6.578,0.00019395020021361603,
6.58,0.00019606177129678196,
6.582,0.000198156199461619,
6.584,0.000200233108972143,
6.586,0.00020229212889867395,
6.588,0.00020433289310800606,
6.59,0.00020635504026017,
6.592,0.00020835821383789098,
6.594,0.00021034206222515098,
6.596,0.00021230623883715909,
6.598,0.000214250402289604,
6.6,0.000216174216584271,
6.602,0.00021807735128430208,
6.604,0.00021995948165576604,
6.606,0.000221820288762497,
6.608,0.00022365945951454905,
6.61,0.00022547668668351206,
6.612,0.000227271668906662,
6.614,0.00022904411070336897,
6.616,0.00023079372252155905,
6.618,0.00023252022082032112,
6.62,0.00023422332818139104,
6.622,0.00023590277343081697,
6.624,0.00023755829174776502,
6.626,0.000239189624740799,
6.628,0.0002407965204833059,
6.63,0.0002423787335143321,
6.632,0.00024393602482456508,
6.634,0.00024546816185363606,
6.636,0.000246974918521895,
6.638,0.000248456075308132,
6.64,0.00024991141936767493,
6.642,0.000251340744670068,
6.644,0.0002527438521270789,
6.646,0.000254120549684061,
6.648,0.0002554706523600199,
6.65,0.00025679398223910196,
6.652,0.000258090368432577,
6.654,0.000259359647039221,
6.656,0.00026060166112993,
6.658,0.00026181626077057506,
6.66,0.00026300330308031994,
6.662,0.0002641626523077259,
6.664,0.000265294179899788,
6.666,0.0002663977645422271,
6.668,0.00026747329216168705,
6.67,0.00026852065589624407,
6.672,0.000269539756053703,
6.674,0.0002705305000822141,
6.676,0.00027149280257286116,
6.678,0.00027242658530135993,
6.68,0.00027333177730108095,
6.682,0.0002742083149479091,
6.684,0.00027505614203354603,
6.686,0.00027587520980837404,
6.688,0.000276665476985753,
6.69,0.00027742690971179195,
6.692,0.00027815948151389196,
6.694,0.00027886317324452394,
6.696,0.000279537973033843,
6.698,0.000280183876257689,
6.7,0.000280800885520488,
6.702,0.00028138901064702894,
6.704,0.00028194826867594403,
6.706,0.00028247868384959594,
6.708,0.00028298028759839806,
6.71,0.00028345311852123994,
6.712,0.000283897222365238,
6.714,0.000284312652008514,
6.716,0.000284699467448508,
6.718,0.000285057735796821,
6.72,0.00028538753127993705,
6.722,0.000285688935243568,
6.724,0.00028596203615658994,
6.726,0.00028620692960917095,
6.728,0.00028642371829883003,
6.73,0.00028661251199905204,
6.732,0.00028677342750762195,
6.734,0.000286906588576268,
6.736,0.0002870121258277612,
6.738,0.00028709017666982725,
6.74,0.000287140885215805,
6.742,0.00028716440221925976,
6.744,0.0002871608850246595,
6.746,0.0002871304975314031,
6.748,0.00028707341016494893,
6.75,0.0002869897998487769,
6.752,0.00028687984997367193,
6.754,0.0002867437503645188,
6.756,0.0002865816972478778,
6.758,0.00028639389322360144,
6.76,0.0002861805472410271,
6.762,0.00028594187457582203,
6.764,0.00028567809679987,
6.766,0.00028538944173548433,
6.768,0.00028507614338804264,
6.77,0.0002847384418566138,
6.772,0.0002843765832284644,
6.774,0.0002839908194680826,
6.776,0.0002835814083122837,
6.778,0.00028314861318049677,
6.78,0.00028269270310420135,
6.782,0.00028221395267407604,
6.784,0.0002817126419994547,
6.786,0.00028118905667312826,
6.788,0.0002806434877355244,
6.79,0.0002800762316339492,
6.792,0.00027948759017474054,
6.794,0.00027887787046706466,
6.796,0.00027824738485777414,
6.798,0.00027759645085710926,
6.8,0.00027692539105607914,
6.802,0.00027623453303796407,
6.804,0.00027552420928807003,
6.806,0.0002747947571065187,
6.808,0.00027404651852790406,
6.81,0.0002732798402489368,
6.812,0.0002724950735620093,
6.814,0.00027169257428962944,
6.816,0.00027087270271435406,
6.818,0.0002700358235001156,
6.82,0.00026918230560452175,
6.822,0.0002683125221850025,
6.824,0.0002674268505040377,
6.826,0.00026652567183855456,
6.828,0.000265609371396433,
6.83,0.0002646783382401695,
6.832,0.00026373296521520526,
6.834,0.00026277364888003477,
6.836,0.0002618007894360798,
6.838,0.00026081479065718626,
6.84,0.0002598160598200584,
6.842,0.00025880500763617487,
6.844,0.0002577820481841279,
6.846,0.0002567475988384204,
6.848,0.00025570208018961467,
6.85,0.00025464591595164175,
6.852,0.00025357953285567937,
6.854,0.00025250336053499504,
6.856,0.0002514178314095446,
6.858,0.00025032338058010746,
6.86,0.0002492204457393315,
6.862,0.00024810946710117007,
6.864,0.0002469908873431248,
6.866,0.00024586515155096167,
6.868,0.00024473270715457746,
6.87,0.00024359400384742807,
6.872,0.00024244949348922002,
6.874,0.00024129962999878125,
6.876,0.00024014486924853754,
6.878,0.0002389856689718067,
6.88,0.0002378224886884211,
6.882,0.00023665578964610247,
6.884,0.00023548603476694974,
6.886,0.00023431368858443653,
6.888,0.0002331392171580185,
6.89,0.00023196308795943177,
6.892,0.00023078576973497683,
6.894,0.00022960773235733694,
6.896,0.00022842944668537656,
6.898,0.00022725138444922998,
6.9,0.00022607401817048166,
6.902,0.000224897821116634,
6.904,0.00022372326727840682,
6.906,0.00022255083135195783,
6.908,0.00022138098870756002,
6.91,0.00022021421533183699,
6.912,0.000219050987740072,
6.914,0.0002178917828645551,
6.916,0.00021673707793178494,
6.918,0.00021558735034265993,
6.92,0.00021444307756612093,
6.922,0.00021330473704975802,
6.924,0.00021217280614336105,
6.926,0.00021104776202648397,
6.928,0.00020993008163017898,
6.93,0.00020882024154618008,
6.932,0.00020771871792264705,
6.934,0.00020662598635131106,
6.936,0.00020554252175482098,
6.938,0.00020446879828384595,
6.94,0.000203405289230879,
6.942,0.00020235246696327094,
6.944,0.000201310802872925,
6.946,0.00020028076733602,
6.948,0.00019926282967377005,
6.95,0.00019825745810510802,
6.952,0.00019726511968356307,
6.954,0.0001962862802137719,
6.956,0.000195321404146923,
6.958,0.00019437095445857302,
6.96,0.00019343539251648502,
6.962,0.00019251517794868805,
6.964,0.00019161076852268607,
6.966,0.00019072262004461702,
6.968,0.00018985118628263599,
6.97,0.00018899691891272904,
6.972,0.00018816026747955095,
6.974,0.00018734167936157402,
6.976,0.00018654159973002806,
6.978,0.00018576047149450198,
6.98,0.000184998735233995,
6.982,0.000184256829117116,
6.984,0.0001835351888181301,
6.986,0.00018283424743483599,
6.988,0.00018215443541048104,
6.99,0.00018149618045733203,
6.992,0.00018085990747622598,
6.994,0.00018024603846620397,
6.996,0.00017965499242190595,
6.998,0.00017908718522162404,
7.0,0.0001785430295140911,
7.002,0.00017802293461413506,0.00031504267509379746
7.004,0.00017752730641591702,0.0003160948266054668
7.006,0.00017705654732737494,0.0003171480927871118
7.008,0.00017661105622330598,0.00031820247031136094
7.01,0.00017619122840975505,0.0003192579558502134
7.012,0.00017579745559009202,0.00032031454607505305
7.014,0.000175430125824999,0.0003213722376566488
7.016,0.00017508962348174496,0.0003224310272651617
7.018,0.00017477632917248592,0.0003234909115701483
7.02,0.000174490619683499,0.0003245518872405744
7.022,0.00017423286789785403,0.0003256139509448155
7.024,0.00017400344271300796,0.00032667709935066045
7.026,0.000173802708953804,0.000327741329125323
7.028,0.000173631027281358,0.000328806636935448
7.03,0.00017348875409992895,0.00032987301944711
7.032,0.000173376241466232,0.0003309404733258286
7.034,0.00017329383700665895,0.0003320089952365678
7.036,0.00017324188384742402,0.00033307858184374625
7.038,0.00017322072055915198,0.00033414922981123927
7.04,0.00017323068111285605,0.00033522093580238963
7.042,0.00017327209484017904,0.0003362936964800104
7.044,0.00017334528638910903,0.0003373675085063904
7.046,0.00017345057566841898,0.0003384423685433045
7.048,0.00017358827777860903,0.000339518273252016
7.05,0.000173758702933016,0.00034059521929328336
7.052,0.00017396215637660697,0.00034167320332736495
7.054,0.00017419893831113192,0.0003427522220140305
7.056,0.0001744693438322671,0.0003438322720125586
7.058,0.00017477366287933907,0.00034491334998175194
7.06,0.00017511218019295696,0.0003459954525799373
7.062,0.00017548517527252004,0.0003470785764649744
7.064,0.0001758929223260079,0.0003481627182942581
7.066,0.00017633569020763894,0.0003492478747247324
7.068,0.00017681374234412804,0.0003503340424128882
7.07,0.0001773273366549231,0.00035142121801477305
7.072,0.00017787672547428998,0.00035250939818599783
7.074,0.00017846215548256297,0.000353598579581742
7.076,0.00017908386765087402,0.00035468875885676007
7.078,0.00017974209719905896,0.0003557799326653844
7.08,0.00018043707356242095,0.0003568720976615408
7.082,0.00018116902036026104,0.00035796525049874194
7.084,0.00018193815535902207,0.00035905938783010327
7.086,0.000182744690424654,0.00036015450630834503
7.088,0.00018358883146256597,0.0003612506025857967
7.09,0.00018447077834756,0.0003623476733144088
7.092,0.00018539072484954807,0.0003634457151457535
7.094,0.00018634885856281508,0.00036454472473103453
7.096,0.00018734536084588003,0.00036564469872108813
7.098,0.00018838040677632997,0.00036674563376639757
7.1,0.00018945416512036105,0.00036784752651709097
7.102,0.00019056679831203194,0.0003689503736229538
7.104,0.000191718462433521,0.00037005417173342997
7.106,0.0001929093071870191,0.0003711589174976282
7.108,0.000194139475851254,0.0003722646075643366
7.11,0.0001954091052209261,0.00037337123858201596
7.112,0.00019671832553364206,0.0003744788071988166
7.114,0.00019806726039383802,0.000375587310062576
7.116,0.00019945602670505305,0.0003766967438208363
7.118,0.00020088473461925903,0.0003778071051208349
7.12,0.00020235348750644803,0.00037891839060952363
7.122,0.00020386238194053,0.00038003059693357267
7.124,0.0002054115076923631,0.00038114372073936974
7.126,0.00020700094771900006,0.0003822577586730334
7.128,0.00020863077814120296,0.00038337270738041725
7.13,0.00021030106820701006,0.00038448856350711304
7.132,0.00021201188024580394,0.000385605323698464
7.134,0.00021376326962167596,0.00038672298459956127
7.136,0.000215555284695225,0.0003878415428552597
7.138,0.00021738796679908495,0.0003889609951101776
7.14,0.00021926135022639595,0.0003900813380087046
7.142,0.000221175462225561,0.00039120256819500943
7.144,0.00022313032299164795,0.00039232468231304536
7.146,0.00022512594564563304,0.0003934476770065537
7.148,0.00022716233619721996,0.0003945715489190746
7.15,0.000229239493492527,0.00039569629469395
7.152,0.00023135740915286893,0.0003968219109743299
7.154,0.00023351606751290804,0.0003979483944031804
7.156,0.00023571544556558107,0.000399075741623287
7.158,0.00023795551291849,0.000400203949277267
7.16,0.00024023623176329796,0.0004013330140075682
7.162,0.000242557556857861,0.00040246293245647724
7.164,0.0002449194355204791,0.0004035937012661298
7.166,0.0002473218076361499,0.0004047253170785115
7.168,0.00024976460567472904,0.00040585777653546795
7.17,0.000252247754719359,0.00040699107627870866
7.172,0.000254771172500736,0.00040812521294981567
7.174,0.000257334769429573,0.0004092601831902468
7.176,0.000259938448617738,0.00041039598364134126
7.178,0.00026258210588015607,0.0004115326109443332
7.18,0.00026526562971360303,0.00041267006174034923
7.182,0.0002679889012550959,0.0004138083326704166
7.184,0.0002707517942282049,0.00041494742037547367
7.186,0.00027355417488873594,0.00041608732149637275
7.188,0.000276395901980263,0.0004172280326738864
7.19,0.000279276826705505,0.000418369550548714
7.192,0.0002821967927137651,0.0004195118717614885
7.194,0.00028515563609999005,0.00042065499295278094
7.196,0.00028815318540945496,0.00042179891076311236
7.198,0.0002911892616440779,0.0004229436218329507
7.2,0.00029426367827047495,0.0004240891228027252
7.202,0.0002973762412335541,0.00042523541031282787
7.204,0.00030052674898071704,0.00042638248100362256
7.206,0.00030371499249944305,0.00042753033151544863
7.208,0.000306940755366199,0.000428678958488629
7.21,0.000310203813799473,0.0004298283585634789
7.212,0.00031350393670671596,0.0004309785283803053
7.214,0.00031684088571584,0.00043212946457941515
7.216,0.00032021441518666297,0.0004332811638011324
7.218,0.00032362427220393507,0.00043443362268578696
7.22,0.00032707019655967305,0.0004355868378737329
7.222,0.00033055192073499297,0.0004367408060053506
7.224,0.0003340691698906791,0.0004378955237210531
7.226,0.00033762166187130204,0.00043905098766129413
7.228,0.0003412091072225508,0.0004402071944665723
7.23,0.000344831209217324,0.0004413641407774372
7.232,0.00034848766388513195,0.0004425218232344972
7.234,0.000352178160040821,0.0004436802384784282
7.236,0.0003559023793119041,0.0004448393831499712
7.238,0.00035965999616685204,0.00044599925388994914
7.24,0.0003634506779477831,0.00044715984733926476
7.242,0.00036727408491003994,0.00044832116013891244
7.244,0.00037112987026899293,0.00044948318892998085
7.246,0.00037501768025168203,0.0004506459303536636
7.248,0.00037893715415000405,0.00045180938105125686
7.25,0.000382887924372403,0.00045297353766417757
7.252,0.00038686961649280307,0.00045413839683396134
7.254,0.0003908818492972059,0.0004553039552022691
7.256,0.00039492423482909617,0.000456470209410898
7.258,0.00039899637843442403,0.0004576371561017825
7.26,0.00040309787880538794,0.000458804791917005
7.262,0.0004072283280214671,0.0004599731134987983
7.264,0.0004113873115864289,0.0004611421174895554
7.266,0.000415574408461999,0.0004623118005318317
7.268,0.0004197891911017569,0.0004634821592683562
7.27,0.0004240312254907489,0.0004646531903420345
7.272,0.00042830007119679494,0.0004658248903959557
7.274,0.00043259528143611993,0.00046699725607339873
7.276,0.000436916403151892,0.00046817028401783926
7.278,0.00044126297709909103,0.00046934397087295456
7.28,0.0004456345379263039,0.00047051831328263
7.282,0.0004500306142460821,0.000471693307890969
7.284,0.000454450728689786,0.00047286895134229253
7.286,0.0004588943979495791,0.000474045240281152
7.288,0.000463361132816265,0.0004752221713523303
7.29,0.000467850438224534,0.0004763997412008539
7.292,0.00047236181331582113,0.000477577946471994
7.294,0.0004768947515229351,0.0004787567838112734
7.296,0.0004814487406733171,0.00047993624986447506
7.298,0.00048602326310096206,0.00048111634127764755
7.3,0.000490617795754355,0.0004822970546971103
7.302,0.0004952318102893611,0.00048347838676946197
7.304,0.000499864773142413,0.0004846603341415838
7.306,0.0005045161455864151,0.0004858428934606492
7.308,0.000509185383778385,0.00048702606137412783
7.31,0.0005138719388104159,0.00048820983452979214
7.312,0.0005185752567738171,0.0004893942095757229
7.314,0.000523294778841042,0.0004905791831603198
7.316,0.0005280299413639269,0.0004917647519323014
7.318,0.0005327801759811282,0.0004929509125407166
7.32,0.0005375449097259801,0.0004941376616349474
7.322,0.00054232356512719,0.0004953249958647176
7.324,0.0005471155602989329,0.0004965129118800999
7.326,0.0005519203090222559,0.0004977014063315141
7.328,0.0005567372208233441,0.0004988904758697488
7.33,0.000561565701056565,0.0005000801171459531
7.332,0.0005664051509987971,0.0005012703268116485
7.334,0.0005712549679584899,0.0005024611015187377
7.336,0.0005761145453982051,0.000503652437919507
7.338,0.0005809832730650989,0.0005048443326666324
7.34,0.0005858605371210509,0.0005060367824131913
7.342,0.0005907457202632191,0.0005072297838126616
7.344,0.0005956382018282068,0.0005084233335189332
7.346,0.0006005373578774862,0.0005096174281863127
7.348,0.0006054425612672882,0.0005108120644695288
7.35,0.000610353181712238,0.0005120072390237388
7.352,0.0006152685858551819,0.0005132029485045361
7.354,0.000620188137356114,0.000514399189567956
7.356,0.0006251111970088769,0.0005155959588704817
7.358,0.0006300371228869111,0.0005167932530690509
7.36,0.0006349652705103532,0.0005179910688210616
7.362,0.0006398949930198699,0.0005191894027843776
7.364,0.0006448256413389651,0.0005203882516173398
7.366,0.000649756564309943,0.0005215876119787641
7.368,0.000654687108796405,0.0005227874805279556
7.37,0.0006596166197562401,0.0005239878539247097
7.372,0.0006645444402992209,0.0005251887288293199
7.374,0.0006694699117486568,0.000526390101902587
7.376,0.0006743923737256699,0.0005275919698058209
7.378,0.0006793111642670139,0.0005287943292008474
7.38,0.0006842256199761531,0.0005299971767500204
7.382,0.0006891350761961761,0.0005312005091162195
7.384,0.000694038867186402,0.0005324043229628646
7.386,0.0006989363262839749,0.0005336086149539143
7.388,0.0007038267860375651,0.0005348133817538778
7.39,0.0007087095783103699,0.00053601862002782
7.392,0.0007135840343599889,0.0005372243264413683
7.394,0.0007184494849099862,0.0005384304976607132
7.396,0.0007233052602303009,0.0005396371303526247
7.398,0.000728150690240242,0.0005408442211844522
7.4,0.0007329851046409361,0.0005420517668241276
7.402,0.0007378078330755472,0.0005432597639401824
7.404,0.0007426182053086171,0.0005444682092017434
7.406,0.0007474155514118497,0.0005456770992785427
7.408,0.0007521992019429301,0.000546886430840927
7.41,0.000756968488106869,0.0005480962005598584
7.412,0.0007617227418940129,0.0005493064051069252
7.414,0.0007664612961942202,0.0005505170411543457
7.416,0.00077118348489168,0.0005517281053749782
7.418,0.000775888642949026,0.0005529395944423191
7.42,0.000780576106490888,0.0005541515050305203
7.422,0.000785245212897351,0.0005553638338143852
7.424,0.0007898953009149998,0.0005565765774693834
7.426,0.0007945257107895062,0.0005577897326716492
7.428,0.000799135784418554,0.0005590032960979983
7.43,0.000803724865519422,0.0005602172644259188
7.432,0.0008082922998023739,0.0005614316343335921
7.434,0.000812837435140411,0.000562646402499893
7.436,0.0008173596217279709,0.000563861565604396
7.438,0.000821858212224847,0.0005650771203273807
7.44,0.0008263325618862391,0.0005662930633498425
7.442,0.0008307820286832029,0.0005675093913534937
7.444,0.0008352059734193121,0.000568726101020771
7.446,0.0008396037598485072,0.000569943189034845
7.448,0.0008439747547963339,0.0005711606520796237
7.45,0.000848318328283947,0.0005723784868397586
7.452,0.0008526338536519768,0.0005735966900006521
7.454,0.0008569207076810821,0.0005748152582484656
7.456,0.0008611782707079671,0.0005760341882701166
7.458,0.000865405926738605,0.0005772534767533011
7.46,0.000869603063562936,0.0005784731203864868
7.462,0.0008737690728766569,0.0005796931158589214
7.464,0.0008779033504143199,0.0005809134598606444
7.466,0.0008820052960942938,0.0005821341490824871
7.468,0.0008860743141719831,0.0005833551802160833
7.47,0.000890109813393666,0.0005845765499538746
7.472,0.0008941112071421049,0.0005857982549891146
7.474,0.0008980779135671611,0.0005870202920158743
7.476,0.0009020093556989758,0.0005882426577290583
7.478,0.000905904961547574,0.0005894653488243962
7.48,0.0009097641641978148,0.000590688361998459
7.482,0.000913586401910836,0.0005919116939486626
7.484,0.000917371118241566,0.0005931353413732736
7.486,0.0009211177621765681,0.0005943593009714167
7.488,0.000924825788289165,0.000595583569443081
7.49,0.00092849465690227,0.0005968081434891226
7.492,0.0009321238342450762,0.0005980330198112754
7.494,0.0009357127925907339,0.000599258195112158
7.496,0.0009392610103666532,0.0006004836660952767
7.498,0.0009427679722373069,0.0006017094294650318
7.5,0.000946233169167508,0.0006029354819267245
7.502,0.0009496560984802938,0.0006041618201865677
7.504,0.000953036263925039,0.0006053884409516828
7.506,0.0009563731757683771,0.0006066153409301141
7.508,0.000959666350912857,0.0006078425168308332
7.51,0.0009629153130394698,0.000609069965363745
7.512,0.0009661195927624241,0.0006102976832396878
7.514,0.0009692787277802701,0.0006115256671704537
7.516,0.0009723922630085272,0.0006127539138687808
7.518,0.0009754597506848579,0.0006139824200483671
7.52,0.00097848075044602,0.0006152111824238726
7.522,0.0009814548293852348,0.0006164401977109297
7.524,0.00098438156210383,0.000617669462626148
7.526,0.0009872605307728111,0.000618898973887118
7.528,0.0009900913252157651,0.0006201287282124186
7.53,0.0009928735430171011,0.0006213587223216283
7.532,0.0009956067896503273,0.0006225889529353229
7.534,0.000998290678614604,0.0006238194167750891
7.536,0.001000924831564222,0.0006250501105635268
7.538,0.001003508878418434,0.0006262810310242566
7.54,0.001006042457444814,0.0006275121748819234
7.542,0.001008525215317946,0.00062874353886221
7.544,0.00101095680716204,0.0006299751196918337
7.546,0.001013336896590096,0.0006312069140985583
7.548,0.0010156651557513571,0.0006324389188112019
7.55,0.0010179412653943591,0.0006336711305596376
7.552,0.001020164914946452,0.0006349035460748043
7.554,0.0010223358026045931,0.0006361361620887115
7.556,0.001024453635429095,0.0006373689753344452
7.558,0.0010265181294321839,0.0006386019825461714
7.56,0.0010285290096563081,0.0006398351804591508
7.562,0.0010304860102415062,0.0006410685658097337
7.564,0.001032388874485333,0.0006423021353353766
7.566,0.0010342373549003898,0.0006435358857746426
7.568,0.0010360312132739362,0.000644769813867206
7.57,0.00103777022073195,0.0006460039163538671
7.572,0.001039454157806197,0.0006472381899765478
7.574,0.001041082814501084,0.0006484726314783041
7.576,0.001042655990355868,0.0006497072376033333
7.578,0.0010441734944983498,0.0006509420050969743
7.58,0.0010456351456880008,0.0006521769307057208
7.582,0.00104704077234822,0.0006534120111772225
7.584,0.001048390212588748,0.0006546472432602937
7.586,0.001049683314220266,0.0006558826237049173
7.588,0.0010509199347635372,0.0006571181492622523
7.59,0.0010520999414561818,0.0006583538166846466
7.592,0.001053223211260623,0.0006595896227256289
7.594,0.00105428963087785,0.0006608255641399258
7.596,0.0010552990967711649,0.0006620616376834667
7.598,0.001056251515203489,0.000663297840113387
7.6,0.0010571468022888193,0.0006645341681880347
7.602,0.0010579848840549222,0.0006657706186669806
7.604,0.0010587656965105549,0.0006670071883110185
7.606,0.0010594891857080868,0.0006682438738821747
7.608,0.0010601553077921482,0.0006694806721437187
7.61,0.0010607640290271252,0.0006707175798601579
7.612,0.001061315325801473,0.0006719545937972547
7.614,0.0010618091846117282,0.0006731917107220278
7.616,0.001062245602034137,0.0006744289274027589
7.618,0.001062624584694098,0.0006756662406089979
7.62,0.0010629461492433381,0.0006769036471115727
7.622,0.0010632103223511657,0.0006781411436825927
7.624,0.001063417140711349,0.0006793787270954507
7.626,0.0010635666510607352,0.0006806163941248419
7.628,0.001063658910201625,0.0006818541415467554
7.63,0.001063693985018291,0.0006830919661384898
7.632,0.001063671952479444,0.0006843298646786545
7.634,0.001063592899621661,0.0006855678339471789
7.636,0.001063456923514693,0.0006868058707253179
7.638,0.0010632641312142532,0.0006880439717956573
7.64,0.00106301463971186,0.0006892821339421195
7.642,0.001062708575892171,0.0006905203539499718
7.644,0.0010623460765058098,0.0006917586286058287
7.646,0.0010619272881604621,0.000692996954697666
7.648,0.001061452367326634,0.0006942353290148162
7.65,0.001060921480348569,0.000695473748347982
7.652,0.0010603348034480351,0.0006967122094892406
7.654,0.0010596925227096719,0.0006979507092320495
7.656,0.001058994834042043,0.0006991892443712537
7.658,0.0010582419431155708,0.0007004278117030898
7.66,0.0010574340652864979,0.0007016664080251936
7.662,0.001056571425519758,0.0007029050301366065
7.664,0.001055654258323992,0.000704143674837782
7.666,0.001054682807706471,0.0007053823389305907
7.668,0.00105365732714854,0.0007066210192183251
7.67,0.001052578079593667,0.0007078597125057088
7.672,0.001051445337436081,0.0007090984155989012
7.674,0.0010502593824971169,0.0007103371253055031
7.676,0.001049020505981025,0.0007115758384345654
7.678,0.0010477290084086577,0.0007128145517965891
7.68,0.001046385199534087,0.0007140532622035386
7.682,0.0010449893982534162,0.0007152919664688473
7.684,0.001043541932515186,0.0007165306614074159
7.686,0.001042043139239046,0.0007177693438356282
7.688,0.001040493364244523,0.0007190080105713477
7.69,0.0010388929621886,0.0007202466584339339
7.692,0.0010372422965084721,0.0007214852842442417
7.694,0.0010355417393663698,0.0007227238848246284
7.696,0.0010337916715951162,0.0007239624569989611
7.698,0.0010319924826437531,0.0007252009975926238
7.7,0.001030144570522939,0.0007264395034325171
7.702,0.0010282483417479327,0.0007276779713470759
7.704,0.001026304211275265,0.0007289163981662656
7.706,0.001024312602428367,0.0007301547807215901
7.708,0.00102227394680895,0.0007313931158461009
7.71,0.001020188684194332,0.0007326314003744
7.712,0.001018057262425484,0.0007338696311426507
7.714,0.00101588013729389,0.0007351078049885746
7.716,0.001013657772436334,0.0007363459187514717
7.718,0.001011390639243324,0.0007375839692722077
7.72,0.001009079216782038,0.000738821953393243
7.722,0.0010067239917281139,0.0007400598679586168
7.724,0.00100432545829621,0.0007412977098139657
7.726,0.0010018841181588319,0.0007425354758065294
7.728,0.0009994004803459025,0.0007437731627851499
7.73,0.0009968750611244535,0.0007450107676002862
7.732,0.0009943083838650434,0.0007462482871040118
7.734,0.000991700978906772,0.0007474857181500287
7.736,0.0009890533834347836,0.0007487230575936669
7.738,0.000986366141380622,0.0007499603022918972
7.74,0.0009836398033492657,0.000751197449103328
7.742,0.000980874926567926,0.0007524344948882234
7.744,0.0009780720748442607,0.000753671436508495
7.746,0.0009752318185176085,0.0007549082708277205
7.748,0.0009723547343874753,0.0007561449947111447
7.75,0.0009694414056094119,0.0007573816050256833
7.752,0.000966492421557103,0.0007586180986399328
7.754,0.0009635083776587263,0.0007598544724241738
7.756,0.0009604898752231462,0.0007610907232503777
7.758,0.0009574375212736058,0.0007623268479922177
7.76,0.0009543519284038764,0.0007635628435250649
7.762,0.0009512337146641498,0.0007647987067260005
7.764,0.0009480835034745699,0.0007660344344738243
7.766,0.0009449019235554323,0.0007672700236490537
7.768,0.0009416896088587539,0.0007685054711339364
7.77,0.0009384471984862293,0.0007697407738124521
7.772,0.0009351753365847556,0.0007709759285703195
7.774,0.0009318746722184229,0.0007722109322950011
7.776,0.0009285458592245316,0.0007734457818757156
7.778,0.0009251895560654927,0.0007746804742034354
7.78,0.000921806425688735,0.000775915006170897
7.782,0.0009183971354023294,0.0007771493746726052
7.784,0.0009149623567674263,0.0007783835766048417
7.786,0.0009115027655020199,0.0007796176088656693
7.788,0.00090801904138677,0.0007808514683549368
7.79,0.0009045118681634396,0.0007820851519742865
7.792,0.0009009819334192979,0.0007833186566271609
7.794,0.0008974299284556911,0.0007845519792188077
7.796,0.0008938565481434457,0.0007857851166562864
7.798,0.0008902624907706681,0.0007870180658484688
7.8,0.0008866484578898136,0.0007882508237060553
7.802,0.0008830151541704084,0.0007894833871415743
7.804,0.0008793632872622991,0.0007907157530693867
7.806,0.0008756935676728378,0.0007919479184056959
7.808,0.0008720067086590513,0.0007931798800685511
7.81,0.0008683034261333153,0.0007944116349778569
7.812,0.0008645844385782667,0.0007956431800553723
7.814,0.000860850466963451,0.0007968745122247278
7.816,0.0008571022346547672,0.0007981056284114154
7.818,0.0008533404673080245,0.0007993365255428115
7.82,0.0008495658927417254,0.0008005672005481705
7.822,0.0008457792407892018,0.0008017976503586354
7.824,0.0008419812431369384,0.0008030278719072469
7.826,0.0008381726331598649,0.0008042578621289413
7.828,0.000834354145765245,0.0008054876179605639
7.83,0.0008305265172536762,0.0008067171363408703
7.832,0.0008266904851987982,0.0008079464142105375
7.834,0.0008228467883412549,0.0008091754485121604
7.836,0.0008189961664874282,0.0008104042361902697
7.838,0.0008151393604034672,0.0008116327741913268
7.84,0.0008112771116986362,0.0008128610594637381
7.842,0.0008074101626980211,0.0008140890889578547
7.844,0.000803539256309829,0.0008153168596259833
7.846,0.0007996651358949208,0.0008165443684223868
7.848,0.0007957885451443327,0.0008177716123032956
7.85,0.0007919102279658821,0.000818998588226911
7.852,0.0007880309283754229,0.0008202252931534107
7.854,0.0007841513903853741,0.000821451724044952
7.856,0.0007802723578833919,0.0008226778778656847
7.858,0.0007763945744985732,0.0008239037515817511
7.86,0.0007725187834583925,0.0008251293421612952
7.862,0.0007686457274444529,0.0008263546465744631
7.864,0.0007647761484561771,0.0008275796617934174
7.866,0.000760910787688824,0.0008288043847923358
7.868,0.000757050385425895,0.0008300288125474178
7.87,0.0007531956809396969,0.0008312529420368993
7.872,0.0007493474123901149,0.0008324767702410431
7.874,0.0007455063167122918,0.0008337002941421582
7.876,0.0007416731294892497,0.000834923510724597
7.878,0.0007378485848127505,0.0008361464169747685
7.88,0.0007340334151424928,0.0008373690098811355
7.882,0.0007302283511764617,0.0008385912864342306
7.884,0.0007264341217428922,0.0008398132436266509
7.886,0.0007226514537172536,0.0008410348784530727
7.888,0.0007188810719588557,0.0008422561879102542
7.89,0.0007151236992537441,0.0008434771689970392
7.892,0.0007113800562475317,0.0008446978187143677
7.894,0.0007076508613538269,0.0008459181340652737
7.896,0.0007039368306308694,0.0008471381120549014
7.898,0.0007002386776286891,0.0008483577496905035
7.9,0.000696557113217275,0.0008495770439814473
7.902,0.000692892845411631,0.0008507959919392261
7.904,0.0006892465792094504,0.0008520145905774572
7.906,0.0006856190164528386,0.0008532328369118939
7.908,0.0006820108557181754,0.0008544507279604298
7.91,0.000678422792230842,0.0008556682607431013
7.912,0.0006748555177959674,0.0008568854322820973
7.914,0.0006713097207339127,0.0008581022396017635
7.916,0.0006677860858106006,0.0008593186797286073
7.918,0.0006642852941558619,0.0008605347496913028
7.92,0.0006608080231679059,0.0008617504465207041
7.922,0.0006573549464059221,0.0008629657672498361
7.924,0.0006539267334758639,0.0008641807089139155
7.926,0.0006505240499154254,0.0008653952685503494
7.928,0.0006471475570841964,0.0008666094431987414
7.93,0.0006437979120626336,0.0008678232299008943
7.932,0.0006404757675616383,0.0008690366257008234
7.934,0.0006371817718409523,0.0008702496276447555
7.936,0.0006339165686323321,0.0008714622327811386
7.938,0.0006306807970614049,0.0008726744381606467
7.94,0.0006274750915616881,0.0008738862408361806
7.942,0.0006243000817760569,0.0008750976378628825
7.944,0.0006211563924441249,0.0008763086262981355
7.946,0.000618044643278853,0.0008775192032015718
7.948,0.0006149654488400481,0.0008787293656350742
7.95,0.0006119194184149221,0.0008799391106627888
7.952,0.0006089071559158551,0.0008811484353511232
7.954,0.000605929259801405,0.0008823573367687582
7.956,0.0006029863230203671,0.0008835658119866523
7.958,0.000600078932971853,0.000884773858078042
7.96,0.000597207671468834,0.0008859814721184548
7.962,0.0005943731146912409,0.0008871886511857094
7.964,0.000591575833117786,0.0008883953923599286
7.966,0.000588816391432442,0.0008896016927235315
7.968,0.000586095348409987,0.0008908075493612551
7.97,0.000583413256792016,0.0008920129593601486
7.972,0.000580770663168076,0.000893217919809582
7.974,0.000578168107874753,0.0008944224278012568
7.976,0.000575606124919187,0.0008956264804292018
7.978,0.000573085241925271,0.0008968300747897878
7.98,0.00057060598009301,0.0008980332079817271
7.982,0.000568168854157742,0.0008992358771060862
7.984,0.000565774372336785,0.0009004380792662828
7.986,0.0005634230362566169,0.0009016398115680949
7.988,0.000561115340861832,0.0009028410711196689
7.99,0.0005588517743147141,0.0009040418550315229
7.992,0.000556632817898938,0.0009052421604165529
7.994,0.000554458945940746,0.0009064419843900361
7.996,0.0005523306257560171,0.0009076413240696399
7.998,0.0005502483176237801,0.0009088401765754247
8.0,0.0005482124747778531,0.0009100385390298536
8.002,0.000546223543401858,0.0009112364085577921
8.004,0.000544281962610118,0.0009124337822865174
8.006,0.0005423881643998791,0.0009136306573457233
8.008,0.000540542573566935,0.0009148270308675259
8.01,0.000538745607586595,0.0009160228999864689
8.012,0.000536997676471993,0.0009172182618395271
8.014,0.000535299182628659,0.0009184131135661174
8.016,0.000533650520727496,0.0009196074523080979
8.018,0.000532052077614871,0.000920801275209776
8.02,0.000530504232270474,0.0009219945794179174
8.022,0.0005290073558119109,0.0009231873620817452
8.024,0.0005275618115328161,0.0009243796203529516
8.026,0.000526167954952387,0.0009255713513856985
8.028,0.000524826133850951,0.0009267625523366237
8.03,0.000523536688270074,0.0009279532203648491
8.032,0.0005222999504659661,0.0009291433526319863
8.034,0.000521116244818754,0.000930332946302137
8.036,0.000519985887713531,0.0009315219985419039
8.038,0.0005189091874176725,0.0009327105065203953
8.04,0.0005178864439801203,0.0009338984674092286
8.042,0.0005169179491714618,0.0009350858783825346
8.044,0.0005160039864708151,0.0009362727366169684
8.046,0.0005151448310908081,0.0009374590392917081
8.048,0.0005143407500202825,0.0009386447835884644
8.05,0.0005135920020590285,0.0009398299666914894
8.052,0.0005128988378222701,0.0009410145857875712
8.054,0.000512261499702591,0.0009421986380660482
8.056,0.0005116802217908871,0.0009433821207188158
8.058,0.0005111552297705466,0.0009445650309403256
8.06,0.0005106867408067202,0.000945747365927593
8.062,0.0005102749634527981,0.0009469291228802029
8.064,0.000509920097589888,0.0009481102990003165
8.066,0.0005096223344042309,0.0009492908914926757
8.068,0.0005093818563966539,0.0009504708975646075
8.07,0.0005091988374101497,0.00095165031442603
8.072,0.0005090734426594012,0.0009528291392894586
8.074,0.0005090058287486893,0.0009540073693700095
8.076,0.0005089961436713991,0.0009551850018854087
8.078,0.0005090445267916918,0.0009563620340559945
8.08,0.0005091511088145882,0.0009575384631047208
8.082,0.0005093160117531273,0.0009587142862571681
8.084,0.000509539348900147,0.0009598895007415426
8.086,0.0005098212248085703,0.000961064103788687
8.088,0.0005101617352799525,0.0009622380926320838
8.09,0.0005105609673578059,0.0009634114645078577
8.092,0.0005110189993208785,0.0009645842166547868
8.094,0.0005115359006723484,0.0009657563463143035
8.096,0.0005121117321230785,0.0009669278507305009
8.098,0.000512746545569713,0.0009680987271501373
8.1,0.0005134403840703699,0.0009692689728226441
8.102,0.0005141932818218205,0.0009704385850001277
8.104,0.0005150052641420919,0.0009716075609373792
8.106,0.000515876347461453,0.0009727758978918744
8.108,0.0005168065393234833,0.0009739435931237819
8.11,0.0005177958383963954,0.0009751106438959694
8.112,0.0005188442344936442,0.0009762770474740079
8.114,0.0005199517086013719,0.0009774428011261771
8.116,0.0005211182329095477,0.0009786079021234689
8.118,0.000522343770842777,0.0009797723477395956
8.12,0.0005236282770864683,0.0009809361352509911
8.122,0.0005249716976042527,0.000982099261936823
8.124,0.0005263739696436075,0.0009832617250789897
8.126,0.0005278350217285318,0.0009844235219621318
8.128,0.0005293547736405974,0.000985584649873635
8.13,0.0005309331363926731,0.000986745106103633
8.132,0.0005325700122020486,0.00098790488794502
8.134,0.0005342652944710527,0.0009890639926934453
8.136,0.0005360188677826487,0.00099022241764733
8.138,0.0005378306079160376,0.0009913801601078613
8.14,0.000539700381883064,0.0009925372173790043
8.142,0.0005416280479812666,0.0009936935867675073
8.144,0.0005436134558554779,0.0009948492655829054
8.146,0.0005456564465577494,0.000996004251137524
8.148,0.0005477568525964515,0.0009971585407464855
8.15,0.0005499144979689853,0.000998312131727719
8.152,0.0005521291981781107,0.0009994650214019537
8.154,0.0005544007602370632,0.0010006172070927395
8.156,0.000556728982672126,0.0010017686861264366
8.158,0.0005591136555315,0.0010029194558322334
8.16,0.0005615545604066459,0.001004069513542145
8.162,0.0005640514704672957,0.0010052188565910195
8.164,0.0005666041505064552,0.0010063674823165426
8.166,0.0005692123569885517,0.0010075153880592428
8.168,0.0005718758380935762,0.0010086625711625025
8.17,0.0005745943337529151,0.0010098090289725518
8.172,0.0005773675756769404,0.0010109547588384822
8.174,0.0005801952873788107,0.0010120997581122477
8.176,0.0005830771842014266,0.001013244024148673
8.178,0.0005860129733539286,0.0010143875543054566
8.18,0.0005890023539612292,0.001015530345943174
8.182,0.0005920450171252034,0.0010166723964252897
8.184,0.0005951406459922871,0.001017813703118153
8.186,0.0005982889158199863,0.001018954263391008
8.188,0.0006014894940353303,0.0010200940746160011
8.19,0.0006047420402818626,0.0010212331341681814
8.192,0.0006080462064558016,0.0010223714394255075
8.194,0.0006114016367365878,0.0010235089877688524
8.196,0.0006148079676190946,0.0010246457765820094
8.198,0.0006182648279549182,0.0010257818032516964
8.2,0.0006217718390074202,0.00102691706516756
8.202,0.0006253286145217684,0.001028051559722183
8.204,0.0006289347608070729,0.0010291852843110855
8.206,0.0006325898768250958,0.0010303182363327356
8.208,0.0006362935542786055,0.00103145041318855
8.21,0.0006400453776932802,0.0010325818122828977
8.212,0.0006438449244885105,0.0010337124310231102
8.214,0.0006476917650350444,0.001034842266819483
8.216,0.0006515854626998555,0.0010359713170852792
8.218,0.0006555255738810464,0.0010370995792367407
8.22,0.0006595116480375614,0.0010382270506930837
8.222,0.0006635432277201503,0.0010393537288765143
8.224,0.0006676198486108827,0.0010404796112122219
8.226,0.0006717410395781273,0.0010416046951283976
8.228,0.0006759063227522609,0.0010427289780562269
8.23,0.0006801152136237599,0.0010438524574298998
8.232,0.0006843672211610894,0.0010449751306866172
8.234,0.0006886618479409234,0.0010460969952665927
8.236,0.0006929985902800366,0.0010472180486130614
8.238,0.0006973769383573287,0.0010483382881722781
8.24,0.0007017963763164855,0.0010494577113935306
8.242,0.0007062563823445196,0.001050576315729136
8.244,0.0007107564287276347,0.0010516940986344569
8.246,0.0007152959818912984,0.0010528110575678921
8.248,0.0007198745024350094,0.0010539271899908929
8.25,0.0007244914451726195,0.0010550424933679628
8.252,0.0007291462591864575,0.0010561569651666633
8.254,0.0007338383878992881,0.001057270602857619
8.256,0.000738567269163175,0.001058383403914521
8.258,0.0007433323353613079,0.0010594953658141365
8.26,0.0007481330135170378,0.001060606486036304
8.262,0.000752968725405198,0.0010617167620639537
8.264,0.0007578388876623004,0.001062826191383093
8.266,0.0007627429118940472,0.001063934771482828
8.268,0.0007676802047796394,0.0010650424998553593
8.27,0.000772650168172766,0.0010661493739959878
8.272,0.0007776521991988497,0.0010672553914031222
8.274,0.000782685690348332,0.0010683605495782817
8.276,0.0007877500295664893,0.0010694648460261036
8.278,0.0007928446003416902,0.001070568278254342
8.28,0.0007979687817954407,0.001071670843773879
8.282,0.0008031219487778945,0.0010727725400987275
8.284,0.0008083034719714056,0.0010738733647460339
8.286,0.0008135127180017146,0.001074973315236085
8.288,0.0008187490495527377,0.0010760723890923117
8.29,0.0008240118254778702,0.0010771705838412955
8.292,0.0008293004009001553,0.001078267897012769
8.294,0.0008346141272959921,0.0010793643261396255
8.296,0.0008399523525626091,0.0010804598687579239
8.298,0.000845314421076231,0.0010815545224068842
8.3,0.0008506996737534517,0.0010826482846289075
8.302,0.0008561074481305824,0.0010837411529695674
8.304,0.0008615370784729468,0.0010848331249776223
8.306,0.0008669878959187315,0.001085924198205014
8.308,0.0008724592286518977,0.00108701437020688
8.31,0.0008779504020892503,0.0010881036385415504
8.312,0.0008834607390609395,0.0010891920007705595
8.314,0.0008889895599642403,0.0010902794544586454
8.316,0.0008945361828768267,0.0010913659971737535
8.318,0.00090009992362713,0.0010924516264870516
8.32,0.0009056800958311884,0.0010935363399729205
8.322,0.0009112760109146903,0.0010946201352089679
8.324,0.0009168869781421542,0.0010957030097760287
8.326,0.0009225123046721782,0.0010967849612581728
8.328,0.0009281512956488375,0.001097865987242706
8.33,0.0009338032543283882,0.0010989460853201793
8.332,0.0009394674822308991,0.0011000252530843897
8.334,0.0009451432793010202,0.0011011034881323848
8.336,0.0009508299440624953,0.0011021807880644688
8.338,0.0009565267737563753,0.00110325715048421
8.34,0.0009622330644605351,0.0011043325729984397
8.342,0.0009679481111956165,0.001105407053217257
8.344,0.0009736712080267809,0.0011064805887540403
8.346,0.000979401648170499,0.001107553177225444
8.348,0.0009851387241119351,0.0011086248162514064
8.35,0.0009908817277323656,0.0011096955034551569
8.352,0.0009966299504406166,0.0011107652364632128
8.354,0.0010023826832992883,0.0011118340129053913
8.356,0.0010081392171371873,0.0011129018304148145
8.358,0.0010138988426431214,0.0011139686866279068
8.36,0.0010196608504421563,0.0011150345791844027
8.362,0.0010254245311610926,0.0011160995057273556
8.364,0.00103118917549393,0.0011171634639031349
8.366,0.0010369540742785227,0.0011182264513614375
8.368,0.0010427185185931881,0.0011192884657552876
8.37,0.0010484817998766313,0.0011203495047410427
8.372,0.0010542432100685208,0.0011214095659783966
8.374,0.0010600020417627486,0.0011224686471303892
8.376,0.0010657575883625515,0.0011235267458634024
8.378,0.0010715091442265766,0.001124583859847172
8.38,0.0010772560047982531,0.0011256399867547876
8.382,0.0010829974667154237,0.0011266951242626993
8.384,0.0010887328279024957,0.0011277492700507215
8.386,0.001094461387651383,0.0011288024218020372
8.388,0.0011001824466992383,0.001129854577203203
8.39,0.001105895307310187,0.0011309057339441522
8.392,0.0011115992733655847,0.0011319558897181974
8.394,0.0011172936504639287,0.0011330050422220439
8.396,0.0011229777460283797,0.001134053189155783
8.398,0.0011286508694188055,0.0011351003282229011
8.4,0.0011343123320453174,0.0011361464571302846
8.402,0.0011399614474818403,0.0011371915735882243
8.404,0.0011455975315800004,0.0011382356753104174
8.406,0.0011512199025842077,0.001139278760013975
8.408,0.0011568278812480177,0.0011403208254194234
8.41,0.0011624207909500985,0.0011413618692507081
8.412,0.001167997957805949,0.0011424018892352093
8.414,0.0011735587107708203,0.0011434408831037237
8.416,0.0011791023817304305,0.0011444788485904917
8.418,0.0011846283055793687,0.0011455157834331857
8.42,0.0011901358202916455,0.0011465516853729244
8.422,0.0011956242669911555,0.0011475865521542723
8.424,0.001201092990031391,0.0011486203815252443
8.426,0.001206541337091437,0.0011496531712373108
8.428,0.0012119686592904557,0.001150684919045401
8.43,0.0012173743113167172,0.0011517156227079108
8.432,0.0012227576515622294,0.0011527452799867009
8.434,0.0012281180422523293,0.0011537738886471048
8.436,0.0012334548495615,0.0011548014464579338
8.438,0.0012387674437119944,0.001155827951191479
8.44,0.0012440551990578917,0.001156853400623517
8.442,0.0012493174941616398,0.0011578777925333116
8.444,0.0012545537118712896,0.0011589011247036232
8.446,0.0012597632394038094,0.001159923394920706
8.448,0.001264945468434857,0.001160944600974317
8.45,0.0012700997951901822,0.001161964740657723
8.452,0.0012752256205314596,0.0011629838117676954
8.454,0.0012803223500305193,0.0011640018121045219
8.456,0.001285389394030835,0.0011650187394720085
8.458,0.0012904261677011677,0.0011660345916774837
8.46,0.0012954320910910666,0.0011670493665318022
8.462,0.0013004065891993456,0.0011680630618493494
8.464,0.0013053490920631396,0.0011690756754480461
8.466,0.001310259034869003,0.0011700872051493506
8.468,0.0013151358580799548,0.001171097648778267
8.47,0.0013199790075670915,0.0011721070041633443
8.472,0.0013247879347331197,0.001173115269136683
8.474,0.0013295620966177484,0.001174122441533938
8.476,0.0013343009559814573,0.0011751285191943267
8.478,0.0013390039813697863,0.001176133499960626
8.48,0.00134367064716591,0.0011771373816791837
8.482,0.0013483004336397758,0.0011781401621999163
8.484,0.0013528928270005467,0.0011791418393763166
8.486,0.0013574473194548403,0.0011801424110654594
8.488,0.001361963409269207,0.0011811418751280012
8.49,0.0013664406008329663,0.0011821402294281845
8.492,0.0013708784047174408,0.0011831374718338462
8.494,0.001375276337730471,0.001184133600216419
8.496,0.0013796339229678602,0.0011851286124509321
8.498,0.0013839506898668972,0.0011861225064160215
8.5,0.001388226174267712,0.0011871152799939287
8.502,0.0013924599184877426,0.0011881069310705082
8.504,0.0013966514714110231,0.0011890974575352287
8.506,0.0014008003885904233,0.001190086857281181
8.508,0.0014049062323568998,0.0011910751282050783
8.51,0.0014089685719269652,0.0011920622682072583
8.512,0.00141298698349877,0.0011930482751916938
8.514,0.0014169610503283756,0.001194033147065989
8.516,0.0014208903627813555,0.0011950168817413931
8.518,0.0014247745183594224,0.0011959994771327922
8.52,0.0014286131217071986,0.0011969809311587222
8.522,0.0014324057846088795,0.0011979612417413702
8.524,0.0014361521259865634,0.0011989404068065775
8.526,0.001439851771911918,0.0011999184242838452
8.528,0.0014435043556387597,0.001200895292106334
8.53,0.001447109517658525,0.0012018710082108736
8.532,0.0014506669057742071,0.001202845570537962
8.534,0.00145417617518317,0.0012038189770317742
8.536,0.0014576369885577003,0.0012047912256401589
8.538,0.0014610490161138827,0.0012057623143146494
8.54,0.0014644119356643933,0.0012067322410104645
8.542,0.0014677254326565998,0.0012077010036865093
8.544,0.001470989200202528,0.0012086686003053883
8.546,0.001474202939108424,0.0012096350288333963
8.548,0.0014773663579102153,0.001210600287240533
8.55,0.00148047917291599,0.0012115643735004999
8.552,0.0014835411082516708,0.001212527285590709
8.554,0.0014865518959018998,0.001213489021492283
8.556,0.001489511275738197,0.0012144495791900595
8.558,0.0014924189955299702,0.0012154089566725993
8.56,0.00149527481093933,0.0012163671519321811
8.562,0.0014980784855072372,0.001217324162964817
8.564,0.0015008297906418196,0.0012182799877702444
8.566,0.0015035285056196211,0.0012192346243519385
8.568,0.0015061744176069973,0.001220188070717108
8.57,0.001508767321702579,0.0012211403248767112
8.572,0.0015113070209958656,0.001222091384845444
8.574,0.0015137933266329386,0.0012230412486417563
8.576,0.0015162260578799706,0.0012239899142878498
8.578,0.0015186050421767715,0.0012249373798096804
8.58,0.0015209301151765924,0.0012258836432369699
8.582,0.0015232011207714183,0.0012268287026031977
8.584,0.0015254179111037134,0.0012277725559456147
8.586,0.0015275803465650236,0.0012287152013052407
8.588,0.0015296882957814024,0.0012296566367268717
8.59,0.001531741635584865,0.0012305968602590808
8.592,0.0015337402509716944,0.0012315358699542243
8.594,0.0015356840350518961,0.0012324736638684433
8.596,0.0015375728889981534,0.0012334102400616675
8.598,0.0015394067220055245,0.0012343455965976205
8.6,0.001541185451272834,0.001235279731543823
8.602,0.0015429090020124493,0.0012362126429715933
8.604,0.0015445773074877775,0.001237144328956054
8.606,0.001546190309069231,0.0012380747875761359
8.608,0.001547747956293711,0.0012390040169145775
8.61,0.0015492502069110465,0.0012399320150579343
8.612,0.0015506970269050606,0.0012408587800965788
8.614,0.0015520883904850621,0.0012417843101247019
8.616,0.0015534242800532845,0.0012427086032403218
8.618,0.001554704686160307,0.0012436316575452856
8.62,0.0015559296074625338,0.00124455347114527
8.622,0.0015570990506917034,0.0012454740421497855
8.624,0.0015582130306382904,0.0012463933686721845
8.626,0.001559271570141907,0.0012473114488296593
8.628,0.001560274700076524,0.0012482282807432478
8.63,0.0015612224593185104,0.0012491438625378377
8.632,0.0015621148946913354,0.0012500581923421668
8.634,0.001562952060891479,0.0012509712682888306
8.636,0.001563734020409045,0.0012518830885142845
8.638,0.001564460843462745,0.0012527936511588455
8.64,0.0015651326079671058,0.0012537029543666942
8.642,0.0015657493995417423,0.0012546109962858847
8.644,0.0015663113115594104,0.0012555177750683418
8.646,0.001566818445216202,0.001256423288869866
8.648,0.0015672709095985373,0.0012573275358501374
8.65,0.0015676688217192297,0.0012582305141727197
8.652,0.0015680123065022376,0.0012591322220050643
8.654,0.0015683014967080094,0.0012600326575185057
8.656,0.0015685365328076534,0.0012609318188882813
8.658,0.0015687175628276877,0.0012618297042935166
8.66,0.0015688447421949832,0.00126272631191724
8.662,0.001568918233611274,0.0012636216399463827
8.664,0.0015689382069787078,0.0012645156865717798
8.666,0.0015689048393836811,0.001265408449988179
8.668,0.001568818315131315,0.0012662999283942393
8.67,0.0015686788258095358,0.001267190119992535
8.672,0.0015684865703550215,0.0012680790229895578
8.674,0.001568241755093026,0.0012689666355957289
8.676,0.0015679445937310558,0.001269852956025388
8.678,0.0015675953072980403,0.0012707379824968064
8.68,0.0015671941240346509,0.0012716217132321894
8.682,0.0015667412792519857,0.0012725041464576737
8.684,0.0015662370151822093,0.0012733852804033385
8.686,0.0015656815808452666,0.0012742651133032022
8.688,0.001565075231949749,0.0012751436433952304
8.69,0.0015644182308361403,0.0012760208689213332
8.692,0.0015637108464593616,0.0012768967881273785
8.694,0.0015629533543977652,0.0012777713992631829
8.696,0.001562146036870465,0.0012786447005825221
8.698,0.001561289182743985,0.0012795166903431356
8.7,0.001560383087514102,0.0012803873668067222
8.702,0.0015594280532559282,0.0012812567282389515
8.704,0.0015584243885442012,0.001282124772909462
8.706,0.0015573724083530062,0.0012829914990918664
8.708,0.0015562724339481771,0.001283856905063752
8.71,0.001555124792786082,0.0012847209891066861
8.712,0.001553929818429309,0.001285583749506222
8.714,0.0015526878504841658,0.0012864451845518948
8.716,0.0015513992345585952,0.0012873052925372293
8.718,0.001550064322233848,0.001288164071759744
8.72,0.00154868347103989,0.0012890215205209503
8.722,0.0015472570444236991,0.0012898776371263584
8.724,0.0015457854117019302,0.0012907324198854783
8.726,0.00154426894799258,0.0012915858671118266
8.728,0.001542708034125693,0.0012924379771229227
8.73,0.001541103056537801,0.001293288748240302
8.732,0.001539454407158579,0.001294138178789508
8.734,0.001537762483300555,0.0012949862671001024
8.736,0.0015360276875624852,0.0012958330115056646
8.738,0.0015342504277541399,0.0012966784103437977
8.74,0.0015324311168455618,0.001297522461956128
8.742,0.0015305701729378131,0.00129836516468831
8.744,0.0015286680192459071,0.0012992065168900301
8.746,0.0015267250840812032,0.0013000465169150073
8.748,0.0015247418008193302,0.0013008851631209984
8.75,0.001522718607843202,0.0013017224538697993
8.752,0.001520655948457315,0.0013025583875272489
8.754,0.001518554270777607,0.0013033929624632291
8.756,0.00151641402760907,0.001304226177051673
8.758,0.0015142356763270589,0.0013050580296705627
8.76,0.001512019678777791,0.0013058885187019371
8.762,0.0015097665012075712,0.0013067176425318877
8.764,0.001507476614220766,0.0013075453995505706
8.766,0.001505150492757352,0.0013083717881521998
8.768,0.001502788616073236,0.0013091968067350595
8.77,0.0015003914677056561,0.0013100204537014994
8.772,0.001497959535410005,0.0013108427274579392
8.774,0.001495493311064181,0.0013116636264148744
8.776,0.001492993290547232,0.0013124831489868766
8.778,0.001490459973608339,0.0013133012935925966
8.78,0.0014878938637458668,0.001314118058654768
8.782,0.0014852954681134289,0.0013149334426002083
8.784,0.001482665297461242,0.001315747443859822
8.786,0.00148000386610976,0.0013165600608686088
8.788,0.001477311691941943,0.0013173712920656574
8.79,0.001474589296394779,0.0013181811358941524
8.792,0.0014718372044313307,0.001318989590801378
8.794,0.001469055944481575,0.00131979665523872
8.796,0.001466246048350809,0.0013206023276616688
8.798,0.0014634080511051121,0.00132140660652982
8.8,0.0014605424909500699,0.0013222094903068801
8.802,0.001457649909119822,0.001323010977460666
8.804,0.0014547308497881311,0.001323811066463113
8.806,0.0014517858600039298,0.0013246097557902705
8.808,0.001448815489644126,0.001325407043922308
8.81,0.0014458202913703029,0.00132620292934352
8.812,0.0014428008205744911,0.001326997410542324
8.814,0.001439757635304782,0.0013277904860112676
8.816,0.0014366912961695788,0.0013285821542470277
8.818,0.001433602366228424,0.0013293724137504138
8.82,0.0014304914108837449,0.0013301612630263737
8.822,0.001427358997788009,0.0013309487005839886
8.824,0.001424205696776786,0.0013317347249364887
8.826,0.0014210320798295943,0.00133251933460124
8.828,0.0014178387210512869,0.0013333025280997596
8.83,0.001414626196660445,0.0013340843039577085
8.832,0.001411395084969161,0.001334864660704903
8.834,0.0014081459663413168,0.0013356435968753112
8.836,0.00140487942312311,0.001336421111007058
8.838,0.001401596039547181,0.0013371972016424263
8.84,0.001398296401618455,0.001337971867327859
8.842,0.001394981096993488,0.0013387451066139673
8.844,0.0013916507148654719,0.0013395169180555233
8.846,0.001388305845864827,0.0013402873002114713
8.848,0.001384947081981043,0.0013410562516449232
8.85,0.001381575016507089,0.0013418237709231663
8.852,0.0013781902440031298,0.0013425898566176658
8.854,0.0013747933602732488,0.0013433545073040622
8.856,0.0013713849623456498,0.001344117721562178
8.858,0.001367965648446026,0.001344879497976016
8.86,0.001364536017953393,0.0013456398351337727
8.862,0.0013610966713304851,0.0013463987316278232
8.864,0.0013576482100253532,0.0013471561860547393
8.866,0.0013541912363476559,0.0013479121970152816
8.868,0.0013507263533301922,0.0013486667631144077
8.87,0.0013472541645921118,0.0013494198829612732
8.872,0.001343775274221845,0.0013501715551692316
8.874,0.001340290286694828,0.00135092177835584
8.876,0.0013367998068331138,0.0013516705511428587
8.878,0.001333304439802484,0.001352417872156255
8.88,0.0013298047911322458,0.0013531637400262082
8.882,0.001326301466734913,0.0013539081533871053
8.884,0.001322795072902292,0.001354651110877547
8.886,0.001319286216260324,0.0013553926111403527
8.888,0.001315775503676214,0.0013561326528225574
8.89,0.001312263542125465,0.0013568712345754168
8.892,0.001308750938537597,0.0013576083550544112
8.894,0.001305238299645807,0.001358344012919243
8.896,0.001301726231863842,0.0013590782068338436
8.898,0.0012982153412054661,0.001359810935466374
8.9,0.001294706233248282,0.001360542197489226
8.902,0.001291199513131328,0.001361271991579024
8.904,0.001287695785565745,0.0013620003164166307
8.906,0.001284195654835357,0.0013627271706871456
8.908,0.00128069972476774,0.0013634525530799079
8.91,0.001277208598666335,0.0013641764622885002
8.912,0.001273722879206265,0.0013648988970107491
8.914,0.001270243168306921,0.0013656198559487294
8.916,0.001266770067000669,0.00136633933780876
8.918,0.001263304175316649,0.0013670573413014188
8.92,0.001259846092192444,0.0013677738651415301
8.922,0.001256396415416829,0.0013684889080481757
8.924,0.001252955741596568,0.001369202468744694
8.926,0.0012495246661328283,0.0013699145459586835
8.928,0.001246103783190478,0.001370625138422004
8.93,0.0012426936856470001,0.0013713342448707772
8.932,0.0012392949650149177,0.0013720418640453932
8.934,0.001235908211340866,0.0013727479946905065
8.936,0.0012325340130922898,0.0013734526355550442
8.938,0.0012291729570467619,0.0013741557853922028
8.94,0.001225825628197682,0.0013748574429594536
8.942,0.0012224926096852879,0.0013755576070185421
8.944,0.001219174482753952,0.0013762562763354922
8.946,0.0012158718267289692,0.0013769534496806085
8.948,0.0012125852190010182,0.0013776491258284753
8.95,0.001209315235004664,0.0013783433035579606
8.952,0.001206062448179768,0.0013790359816522185
8.954,0.0012028274299092801,0.001379727158898692
8.956,0.0011996107494331582,0.0013804168340891105
8.958,0.001196412973743289,0.0013811050060194953
8.96,0.001193234667467601,0.0013817916734901626
8.962,0.00119007639275291,0.0013824768353057218
8.964,0.001186938709154917,0.0013831604902750814
8.966,0.0011838221735415752,0.0013838426372114443
8.968,0.0011807273400134882,0.001384523274932319
8.97,0.0011776547598416139,0.0013852024022595146
8.972,0.0011746049814203112,0.001385880018019143
8.974,0.001171578550231412,0.0013865561210416259
8.976,0.001168576008813611,0.00138723071016169
8.978,0.001165597896730649,0.0013879037842183728
8.98,0.0011626447505322579,0.0013885753420550238
8.982,0.001159717103703069,0.001389245382519306
8.984,0.001156815486596857,0.0013899139044631966
8.986,0.0011539404263560208,0.001390580906742991
8.988,0.001151092446818443,0.0013912463882193044
8.99,0.0011482720684157768,0.0013919103477570678
8.992,0.0011454798080681378,0.0013925727842255427
8.994,0.0011427161790802639,0.0013932336964983072
8.996,0.0011399816910439321,0.0013938930834532686
8.998,0.001137276849750345,0.0013945509439726611
9.0,0.00113460215711506,0.0013952072769430484
9.002,0.0011319581111162139,0.0013958620812553248
9.004,0.0011293452057448098,0.0013965153558047167
9.006,0.001126763930963505,0.0013971670994907866
9.008,0.0011242147726686189,0.0013978173112174294
9.01,0.001121698212649033,0.0013984659898928834
9.012,0.001119214728536297,0.0013991131344297206
9.014,0.001116764793743029,0.0013997587437448579
9.016,0.001114348877389758,0.0014004028167595509
9.018,0.001111967444224646,0.0014010453523994025
9.02,0.001109620954542723,0.0014016863495943594
9.022,0.0011073098641117129,0.001402325807278717
9.024,0.001105034624109016,0.0014029637243911201
9.026,0.0011027956810702158,0.001403600099874562
9.028,0.001100593476844296,0.0014042349326763885
9.03,0.0010984284485475889,0.0014048682217483017
9.032,0.001096301028507482,0.0014054999660463563
9.034,0.001094211644189564,0.0014061301645309644
9.036,0.001092160718107297,0.0014067588161668966
9.038,0.001090148667718992,0.001407385919923281
9.04,0.0010881759053222408,0.0014080114747736115
9.042,0.001086242837957713,0.0014086354796957422
9.044,0.001084349867332295,0.0014092579336718897
9.046,0.001082497389767326,0.001409878835688639
9.048,0.0010806857961701952,0.0014104981847369424
9.05,0.001078915472022433,0.0014111159798121202
9.052,0.001077186797372664,0.0014117322199138614
9.054,0.001075500146822682,0.0014123469040462288
9.056,0.0010738558894969779,0.001412960031217656
9.058,0.001072254388991,0.0014135716004409528
9.06,0.0010706960032987357,0.001414181610733305
9.062,0.0010691810847247322,0.0014147900611162724
9.064,0.0010677099797888718,0.0014153969506157961
9.066,0.0010662830291324958,0.0014160022782621986
9.068,0.001064900567433614,0.0014166060430901813
9.07,0.001063562923336257,0.0014172082441388269
9.072,0.0010622704193962728,0.0014178088804516057
9.074,0.00106102337204276,0.0014184079510763704
9.076,0.001059822091552202,0.001419005455065362
9.078,0.001058666882030599,0.0014196013914752094
9.08,0.0010575580413981368,0.0014201957593669287
9.082,0.00105649586137076,0.00142078855780593
9.084,0.001055480627433844,0.0014213797858620108
9.086,0.001054512618805221,0.0014219694426093675
9.088,0.001053592108386693,0.0014225575271265855
9.09,0.0010527193627064679,0.0014231440384966491
9.092,0.0010518946418568449,0.0014237289758069367
9.094,0.001051118199433185,0.0014243123381492279
9.096,0.0010503902824800342,0.001424894124619699
9.098,0.001049711131448517,0.0014254743343189284
9.1,0.0010490809801664961,0.0014260529663518956
9.102,0.001048500055819229,0.0014266300198279814
9.104,0.00104796857893595,0.0014272054938609747
9.106,0.001047486763375872,0.0014277793875690661
9.108,0.0010470548163078889,0.0014283517000748544
9.11,0.001046672938179939,0.001428922430505344
9.112,0.001046341322677414,0.0014294915779919498
9.114,0.001046060156673083,0.0014300591416704965
9.116,0.0010458296201735302,0.0014306251206812172
9.118,0.001045649886268088,0.0014311895141687612
9.12,0.0010455211210859748,0.0014317523212821859
9.122,0.00104544348376565,0.0014323135411749683
9.124,0.001045417126438178,0.0014328731730049967
9.126,0.0010454421942238611,0.001433431215934577
9.128,0.001045518825239856,0.0014339876691304332
9.13,0.0010456471506146642,0.0014345425317637047
9.132,0.001045827294504647,0.0014350958030099556
9.134,0.0010460593741077199,0.001435647482049165
9.136,0.001046343499669245,0.0014361975680657374
9.138,0.001046679774476463,0.0014367460602484974
9.14,0.001047068294839548,0.0014372929577906933
9.142,0.0010475091500596369,0.0014378382598900005
9.144,0.001048002422387182,0.0014383819657485166
9.146,0.00104854818697617,0.001438924074572768
9.148,0.001049146511841385,0.0014394645855737055
9.15,0.0010497974578254391,0.0014400034979667113
9.152,0.0010505010785809778,0.0014405408109715945
9.154,0.0010512574205699182,0.0014410765238125965
9.156,0.001052066523078415,0.0014416106357183856
9.158,0.001052928418243153,0.0014421431459220662
9.16,0.001053843131082846,0.0014426740536611755
9.162,0.0010548106795288752,0.0014432033581776816
9.164,0.0010558310744504108,0.001443731058717989
9.166,0.00105690431967193,0.0014442571545329368
9.168,0.001058030411983301,0.001444781644877801
9.17,0.001059209341144562,0.0014453045290122933
9.172,0.001060441089888758,0.0014458258062005642
9.174,0.0010617256339255621,0.0014463454757112034
9.176,0.001063062941948031,0.0014468635368172392
9.178,0.0010644529756434252,0.0014473799887961415
9.18,0.00106589568970748,0.0014478948309298188
9.182,0.001067391031860739,0.0014484080625046252
9.184,0.001068938942864582,0.0014489196828113525
9.186,0.001070539356534529,0.0014494296911452403
9.188,0.0010721921997487787,0.0014499380868059702
9.19,0.001073897392451462,0.001450444869097668
9.192,0.0010756548476516371,0.0014509500373289061
9.194,0.001077464471421506,0.0014514535908127031
9.196,0.001079326162898638,0.0014519555288665237
9.198,0.001081239814298052,0.0014524558508122816
9.2,0.001083205310938343,0.0014529545559763392
9.202,0.001085222531283848,0.0014534516436895044
9.204,0.001087291347000834,0.001453947113287039
9.206,0.001089411623021771,0.00145444096410865
9.208,0.0010915832176096132,0.0014549331954985016
9.21,0.0010938059824133761,0.001455423806805204
9.212,0.001096079762509151,0.0014559127973818218
9.214,0.001098404396424718,0.001456400166585872
9.216,0.001100779716151554,0.0014568859137793267
9.218,0.001103205547151449,0.00145737003832861
9.22,0.001105681708367173,0.0014578525396045992
9.222,0.001108208012244531,0.0014583334169826292
9.224,0.001110784264769073,0.0014588126698424882
9.226,0.001113410265515291,0.0014592902975684235
9.228,0.0011160858077008356,0.0014597662995491356
9.23,0.001118810678236112,0.001460240675177784
9.232,0.001121584657760567,0.001460713423851986
9.234,0.001124407520661297,0.0014611845449738151
9.236,0.0011272790350759113,0.001461654037949808
9.238,0.001130198962888356,0.0014621219021909541
9.24,0.0011331670597304212,0.0014625881371127082
9.242,0.0011361830750024318,0.001463052742134981
9.244,0.0011392467519231388,0.001463515716682146
9.246,0.00114235782761159,0.0014639770601830356
9.248,0.001145516033195773,0.001464436772070946
9.25,0.001148721093934396,0.0014648948517836334
9.252,0.0011519727293343432,0.001465351298763315
9.254,0.0011552706532457083,0.0014658061124566753
9.256,0.0011586145739211733,0.0014662592923148556
9.258,0.001162004194034711,0.0014667108377934652
9.26,0.0011654392106647902,0.0014671607483525736
9.262,0.0011689193152555647,0.0014676090234567165
9.264,0.001172444193575383,0.0014680556625748927
9.266,0.0011760135256921058,0.0014685006651805655
9.268,0.001179626985980062,0.0014689440307516658
9.27,0.001183284243165265,0.0014693857587705843
9.272,0.0011869849604052042,0.0014698258487241837
9.274,0.001190728795391075,0.0014702643001037873
9.276,0.0011945154004556723,0.0014707011124051883
9.278,0.001198344422670021,0.0014711362851286425
9.28,0.0012022155039175869,0.0014715698177788753
9.282,0.001206128280942848,0.001472001709865078
9.284,0.001210082385379995,0.0014724319609009083
9.286,0.00121407744377412,0.001472860570404493
9.288,0.001218113077608778,0.0014732875378984237
9.29,0.0012221889033510339,0.00147371286290976
9.292,0.001226304532518049,0.0014741365449700337
9.294,0.0012304595717609061,0.0014745585836152403
9.296,0.0012346536229547638,0.001474978978385844
9.298,0.001238886283281559,0.0014753977288267785
9.3,0.001243157145293561,0.0014758148344874457
9.302,0.001247465796952168,0.0014762302949217156
9.304,0.0012518118216442822,0.001476644109687928
9.306,0.0012561947981852809,0.0014770562783488904
9.308,0.0012606143008211772,0.0014774668004718793
9.31,0.001265069899241561,0.001477875675628643
9.312,0.0012695611586100992,0.001478282903395396
9.314,0.001274087639613152,0.0014786884833528223
9.316,0.00127864889852085,0.0014790924150860762
9.318,0.001283244487252324,0.0014794946981847813
9.32,0.001287873953437099,0.0014798953322430295
9.322,0.0012925368404686488,0.0014802943168593836
9.324,0.001297232687550724,0.0014806916516368744
9.326,0.001301961029741814,0.0014810873361830023
9.328,0.001306721398004777,0.0014814813701097395
9.33,0.001311513319267836,0.0014818737530335247
9.332,0.00131633631649926,0.001482264484575267
9.334,0.001321189908793366,0.0014826535643603447
9.336,0.0013260736114611268,0.0014830409920186065
9.338,0.00133098693611609,0.001483426767184369
9.34,0.001335929390746244,0.0014838108894964183
9.342,0.001340900479765154,0.001484193358598009
9.344,0.001345899704039506,0.0014845741741368668
9.346,0.0013509265608953021,0.001484953335765183
9.348,0.001355980544109306,0.0014853308431396228
9.35,0.001361061143895244,0.0014857066959213141
9.352,0.0013661678468958808,0.001486080893775858
9.354,0.0013713001361910148,0.0014864534363733218
9.356,0.0013764574913288782,0.0014868243233882405
9.358,0.001381639388383883,0.0014871935544996193
9.36,0.001386845300038913,0.0014875611293909293
9.362,0.0013920746956855505,0.0014879270477501112
9.364,0.001397327041532388,0.00148829130926957
9.366,0.0014026018007104832,0.0014886539136461827
9.368,0.0014078984333664155,0.0014890148605812904
9.37,0.001413216396736837,0.001489374149780701
9.372,0.001418555145202934,0.00148973178095469
9.374,0.0014239141303275234,0.0014900877538179984
9.376,0.0014292928008805838,0.0014904420680898348
9.378,0.0014346906028598432,0.001490794723493872
9.38,0.0014401069795119143,0.0014911457197582497
9.382,0.001445541371357213,0.00149149505661557
9.384,0.0014509932162189167,0.0014918427338029058
9.386,0.0014564619492549793,0.001492188751061789
9.388,0.001461947002990944,0.0014925331081382187
9.39,0.0014674478073531654,0.0014928758047826577
9.392,0.0014729637897030418,0.0014932168407500307
9.394,0.0014784943748752184,0.0014935562157997282
9.396,0.001484038985222864,0.001493893929695602
9.398,0.0014895970406731463,0.001494229982205967
9.4,0.0014951679587937206,0.0014945643731036
9.402,0.0015007511548685687,0.0014948971021657396
9.404,0.00150634604197938,0.0014952281691740872
9.406,0.0015119520310866814,0.0014955575739148033
9.408,0.001517568531105333,0.00149588531617851
9.41,0.0015231949489699977,0.0014962113957602877
9.412,0.0015288306896886425,0.0014965358124596788
9.414,0.0015344751563849002,0.0014968585660806836
9.416,0.0015401277503322198,0.0014971796564317611
9.418,0.0015457878709842113,0.001497499083325829
9.42,0.0015514549160057308,0.0014978168465802615
9.422,0.0015571282813077526,0.0014981329460168923
9.424,0.0015628073610881236,0.0014984473814620097
9.426,0.0015684915478776252,0.0014987601527463592
9.428,0.0015741802325896638,0.0014990712597051411
9.43,0.0015798728045712002,0.0014993807021780117
9.432,0.0015855686516526115,0.0014996884800090814
9.434,0.0015912671601957652,0.001499994593046914
9.436,0.0015969677151409691,0.0015002990411445275
9.438,0.0016026697000554697,0.0015006018241593914
9.44,0.001608372497187125,0.00150090294195343
9.442,0.0016140754875267386,0.001501202394393017
9.444,0.0016197780508812904,0.0015015001813489782
9.446,0.0016254795659577884,0.0015017963026965875
9.448,0.001631179410454071,0.0015020907583155713
9.45,0.0016368769611505795,0.0015023835480901034
9.452,0.0016425715939951005,0.0015026746719088054
9.454,0.0016482626841731408,0.001502964129664749
9.456,0.0016539496061588098,0.0015032519212554508
9.458,0.0016596317337455545,0.0015035380465828734
9.46,0.0016653084400606749,0.001503822505553427
9.462,0.0016709790975724197,0.0015041052980779657
9.464,0.0016766430781004556,0.0015043864240717865
9.466,0.001682299752841036,0.0015046658834546318
9.468,0.0016879484924147835,0.0015049436761506844
9.47,0.0016935886669402667,0.0015052198020885717
9.472,0.001699219646130204,0.001505494261201361
9.474,0.0017048407994023412,0.0015057670534265584
9.476,0.0017104514959931896,0.0015060381787061106
9.478,0.0017160511050630365,0.001506307636986405
9.48,0.001721638995783007,0.0015065754282182651
9.482,0.0017272145373999012,0.0015068415523569506
9.484,0.0017327770992802457,0.0015071060093621597
9.486,0.001738326050940071,0.0015073687991980235
9.488,0.0017438607620703485,0.0015076299218331098
9.49,0.0017493806025683128,0.00150788937724042
9.492,0.0017548849425836335,0.0015081471653973864
9.494,0.001760373152584173,0.001508403286285874
9.496,0.0017658446034416078,0.0015086577398921816
9.498,0.001771298666532785,0.0015089105262070348
9.5,0.0017767347138494191,0.001509161645225589
9.502,0.0017821521181073927,0.001509411096947429
9.504,0.001787550252847156,0.001509658881376566
9.506,0.001792928492519375,0.001509904998521438
9.508,0.001798286212552982,0.0015101494483949086
9.51,0.0018036227894069141,0.0015103922310142652
9.512,0.001808937600610073,0.0015106333464012193
9.514,0.0018142300247968408,0.0015108727945819032
9.516,0.0018194994417458081,0.0015111105755868752
9.518,0.001824745232429008,0.0015113466894511088
9.52,0.001829966779076116,0.0015115811362139998
9.522,0.001835163465254798,0.0015118139159193615
9.524,0.001840334675965116,0.0015120450286154252
9.526,0.001845479797743248,0.0015122744743548383
9.528,0.001850598218768682,0.001512502253194662
9.53,0.001855689328970016,0.0015127283651963743
9.532,0.001860752520125733,0.0015129528104258626
9.534,0.0018657871859591238,0.0015131755889534325
9.536,0.001870792722227842,0.0015133967008537932
9.538,0.0018757685268093677,0.0015136161462060691
9.54,0.0018807139997831298,0.0015138339250937894
9.542,0.0018856285435088229,0.001514050037604893
9.544,0.0018905115626996348,0.0015142644838317253
9.546,0.001895362464489461,0.0015144772638710346
9.548,0.0019001806584944643,0.0015146883778239762
9.55,0.001904965556872009,0.0015148978257961052
9.552,0.0019097165743818451,0.0015151056078973814
9.554,0.0019144331284555271,0.001515311724242163
9.556,0.001919114639278419,0.0015155161749492079
9.558,0.001923760529885146,0.0015157189601416713
9.56,0.0019283702262653552,0.0015159200799471058
9.562,0.001932943157472316,0.0015161195344974602
9.564,0.001937478755726145,0.0015163173239290762
9.566,0.001941976456504669,0.0015165134483826892
9.568,0.0019464356986197819,0.001516707908003426
9.57,0.001950855924282927,0.0015169007029408026
9.572,0.0019552365791678677,0.0015170918333487278
9.574,0.0019595771124812427,0.0015172812993854952
9.576,0.001963876977049318,0.0015174691012137848
9.578,0.00196813562942434,0.001517655239000662
9.58,0.001972352530007287,0.0015178397129175785
9.582,0.001976527143177836,0.001518022523140364
9.584,0.001980658937419562,0.0015182036698492332
9.586,0.001984747385429121,0.0015183831532287783
9.588,0.0019887919642025877,0.0015185609734679696
9.59,0.00199279215509859,0.0015187371307601577
9.592,0.001996747443883811,0.0015189116253030654
9.594,0.0020006573207709127,0.00151908445729879
9.596,0.002004521280459743,0.0015192556269538022
9.598,0.002008338822191027,0.0015194251344789447
9.6,0.002012109449817524,0.0015195929800894282
9.602,0.002015832671893274,0.0015197591640048337
9.604,0.002019508001777531,0.001519923686449107
9.606,0.002023134957747304,0.0015200865476505618
9.608,0.002026713063112149,0.0015202477478418732
9.61,0.002030241846325449,0.0015204072872600817
9.612,0.0020337208410880266,0.0015205651661465858
9.614,0.002037149586442367,0.0015207213847471457
9.616,0.002040527626857598,0.001520875943311878
9.618,0.002043854512307147,0.0015210288420952562
9.62,0.002047129798341783,0.001521180081356109
9.622,0.0020503530461610632,0.0015213296613576168
9.624,0.0020535238226857414,0.0015214775823673143
9.626,0.002056641700631822,0.0015216238446570836
9.628,0.002059706258586473,0.0015217684485031582
9.63,0.0020627170810837412,0.0015219113941861164
9.632,0.002065673758678771,0.001522052681990882
9.634,0.00206857588801876,0.0015221923122067233
9.636,0.002071423071911141,0.00152233028512725
9.638,0.002074214919390439,0.0015224666010504124
9.64,0.002076951045786559,0.0015226012602784992
9.642,0.002079631072797686,0.0015227342631181375
9.644,0.0020822546285689963,0.0015228656098802877
9.646,0.0020848213477774992,0.0015229953008802466
9.648,0.002087330871720269,0.0015231233364376418
9.65,0.002089782848403013,0.0015232497168764304
9.652,0.002092176932625003,0.001523374442524899
9.654,0.002094512786058286,0.0015234975137156605
9.656,0.002096790077320552,0.0015236189307856547
9.658,0.002099008482042669,0.0015237386940761427
9.66,0.0021011676829330167,0.0015238568039327087
9.662,0.002103267369839827,0.0015239732607052563
9.664,0.002105307239811578,0.0015240880647480056
9.666,0.0021072869971542237,0.0015242012164194982
9.668,0.002109206353482836,0.0015243127160825846
9.67,0.002111065027766072,0.001524422564104431
9.672,0.002112862746363475,0.0015245307608565133
9.674,0.002114599243058085,0.001524637306714618
9.676,0.0021162742590890298,0.001524742202058837
9.678,0.002117887543189407,0.001524845447273569
9.68,0.002119438851634338,0.001524947042747516
9.682,0.0021209279483015908,0.0015250469888736806
9.684,0.00212235460474406,0.0015251452860493683
9.686,0.002123718600270604,0.0015252419346761792
9.688,0.002125019722029638,0.001525336935160011
9.69,0.002126257765089129,0.001525430287911055
9.692,0.002127432532507953,0.0015255219933437956
9.694,0.002128543835394733,0.0015256120518770064
9.696,0.002129591492952866,0.00152570046393375
9.698,0.002130575332511979,0.0015257872299413752
9.7,0.002131495189547916,0.0015258723503315144
9.702,0.0021323509076941922,0.001525955825540086
9.704,0.002133142338748535,0.0015260376560072846
9.706,0.0021338693426788662,0.0015261178421775853
9.708,0.0021345317876327367,0.0015261963844997392
9.71,0.0021351295499545423,0.001526273283426773
9.712,0.002135662514213002,0.001526348539415984
9.714,0.0021361305732405084,0.0015264221529289414
9.716,0.002136533628182971,0.0015264941244314833
9.718,0.0021368715885566976,0.0015265644543937121
9.72,0.002137144372306817,0.0015266331432899954
9.722,0.0021373519058608998,0.0015267001915989648
9.724,0.002137494124171983,0.001526765599803511
9.726,0.0021375709707471074,0.001526829368390781
9.728,0.002137582397660598,0.0015268914978521795
9.73,0.00213752836555441,0.0015269519886833645
9.732,0.002137408843630444,0.0015270108413842458
9.734,0.002137223809640704,0.0015270680564589839
9.736,0.002136973249880562,0.001527123634415985
9.738,0.002136657159188143,0.001527177575767901
9.74,0.002136275540949496,0.001527229881031629
9.742,0.0021358284071067643,0.0015272805507283048
9.744,0.0021353157781646447,0.001527329585383303
9.746,0.0021347376831910977,0.0015273769855262364
9.748,0.002134094159810342,0.0015274227516909502
9.75,0.0021333852541894362,0.0015274668844155238
9.752,0.002132611021023119,0.0015275093842422656
9.754,0.002131771523522982,0.0015275502517177115
9.756,0.002130866833416485,0.0015275894873926226
9.758,0.002129897030958609,0.0015276270918219855
9.76,0.002128862204954339,0.0015276630655650055
9.762,0.002127762452786305,0.0015276974091851072
9.764,0.002126597880438942,0.0015277301232499312
9.766,0.002125368602510671,0.0015277612083313345
9.768,0.002124074742208371,0.0015277906650053821
9.77,0.002122716431322155,0.0015278184938523525
9.772,0.002121293810183808,0.0015278446954567284
9.774,0.002119807027615147,0.0015278692704071993
9.776,0.002118256240873825,0.0015278922192966551
9.778,0.002116641615603071,0.0015279135427221904
9.78,0.002114963325788746,0.0015279332412850928
9.782,0.00211322155372424,0.0015279513155908467
9.784,0.002111416489981169,0.0015279677662491315
9.786,0.0021095483333832127,0.001527982593873815
9.788,0.002107617290980775,0.0015279957990829542
9.79,0.002105623578025952,0.0015280073824987918
9.792,0.0021035674179482847,0.0015280173447477553
9.794,0.002101449042332183,0.0015280256864604498
9.796,0.002099268690896034,0.0015280324082716642
9.798,0.002097026611471595,0.0015280375108203592
9.8,0.002094723059980136,0.0015280409947496705
9.802,0.0020923583004015507,0.0015280428607069062
9.804,0.002089932604732669,0.001528043109343541
9.806,0.002087446252933195,0.0015280417413152181
9.808,0.002084899532860114,0.001528038757281742
9.81,0.002082292740194079,0.0015280341579070817
9.812,0.00207962617836281,0.0015280279438593604
9.814,0.002076900158466499,0.0015280201158108634
9.816,0.00207411499920915,0.001528010674438024
9.818,0.002071271026837074,0.0015279996204214307
9.82,0.002068368575083473,0.0015279869544458184
9.822,0.0020654079851158916,0.0015279726772000682
9.824,0.002062389605482883,0.0015279567893772058
9.826,0.00205931379205671,0.0015279392916743959
9.828,0.002056180907970559,0.0015279201847929439
9.83,0.002052991323550959,0.001527899469438288
9.832,0.002049745416247952,0.001527877146320001
9.834,0.002046443570566389,0.0015278532161517868
9.836,0.002043086178001522,0.001527827679651476
9.838,0.002039673636980915,0.001527800537541025
9.84,0.0020362063528126563,0.0015277717905465113
9.842,0.0020326847376377277,0.0015277414393981338
9.844,0.002029109210383039,0.0015277094848302076
9.846,0.002025480196710379,0.0015276759275811627
9.848,0.002021798128956848,0.00152764076839354
9.85,0.0020180634460627627,0.0015276040080139906
9.852,0.002014276593484454,0.0015275656471932717
9.854,0.002010438023090814,0.0015275256866862444
9.856,0.002006548193044515,0.0015274841272518694
9.858,0.002002607567670751,0.0015274409696532064
9.86,0.0019986166173186328,0.0015273962146574106
9.862,0.0019945758182221968,0.00152734986303573
9.864,0.00199048565236925,0.0015273019155635015
9.866,0.00198634660738564,0.0015272523730201501
9.868,0.0019821591764411037,0.0015272012361891845
9.87,0.0019779238581786526,0.001527148505858196
9.872,0.001973641156664636,0.0015270941828188526
9.874,0.0019693115813520148,0.0015270382678669006
9.876,0.001964935647045596,0.0015269807618021566
9.878,0.001960513873857588,0.001526921665428511
9.88,0.0019560467871434567,0.001526860979553917
9.882,0.001951534917413429,0.0015267987049903972
9.884,0.0019469788002204251,0.0015267348425540314
9.886,0.0019423789760310457,0.001526669393064961
9.888,0.001937735990088914,0.0015266023573473825
9.89,0.001933050392279785,0.001526533736229546
9.892,0.0019283227370050042,0.0015264635305437507
9.894,0.0019235535830646163,0.0015263917411263434
9.896,0.0019187434935472021,0.0015263183688177153
9.898,0.001913893035720511,0.001526243414462299
9.9,0.001909002780916891,0.0015261668789085644
9.902,0.001904073304410621,0.0015260887630090187
9.904,0.001899105185288328,0.0015260090676201999
9.906,0.001894099006318267,0.0015259277936026763
9.908,0.0018890553538263748,0.0015258449418210432
9.91,0.001883974817586492,0.0015257605131439192
9.912,0.001878857990728497,0.0015256745084439418
9.914,0.001873705469662772,0.001525586928597769
9.916,0.0018685178540135202,0.001525497774486071
9.918,0.00186329574655035,0.0015254070469935296
9.92,0.0018580397531063482,0.0015253147470088368
9.922,0.0018527504824740022,0.0015252208754246886
9.924,0.00184742854627613,0.0015251254331377835
9.926,0.0018420745588149379,0.0015250284210488187
9.928,0.001836689136908958,0.0015249298400624902
9.93,0.001831272899729769,0.0015248296910874844
9.932,0.0018258264686506472,0.0015247279750364798
9.934,0.001820350467114833,0.0015246246928261394
9.936,0.0018148455205254303,0.0015245198453771119
9.938,0.001809312256151682,0.0015244134336140276
9.94,0.00180375130304218,0.0015243054584654912
9.942,0.001798163291932767,0.0015241959208640852
9.944,0.0017925488551396682,0.0015240848217463608
9.946,0.0017869086264325918,0.0015239721620528407
9.948,0.001781243240889991,0.001523857942728009
9.95,0.001775553334744561,0.001523742164720314
9.952,0.0017698395452311118,0.0015236248289821608
9.954,0.0017641025104490559,0.0015235059364699117
9.956,0.001758342869247873,0.0015233854881438814
9.958,0.0017525612611371181,0.001523263484968331
9.96,0.001746758326215035,0.0015231399279114714
9.962,0.001740934705103563,0.0015230148179454504
9.964,0.001735091038874917,0.0015228881560463631
9.966,0.001729227968956772,0.0015227599431942337
9.968,0.001723346137008773,0.0015226301803730228
9.97,0.0017174461847713149,0.0015224988685706195
9.972,0.001711528753895631,0.0015223660087788388
9.974,0.001705594485769741,0.0015222316019934206
9.976,0.001699644021356076,0.0015220956492140224
9.978,0.0016936780010532902,0.0015219581514442197
9.98,0.001687697064587501,0.0015218191096914996
9.982,0.00168170185093005,0.0015216785249672594
9.984,0.001675692998231123,0.0015215363982868059
9.986,0.001669671143754681,0.0015213927306693446
9.988,0.001663636923800711,0.0015212475231379831
9.99,0.001657590973605511,0.0015211007767197253
9.992,0.00165153392721808,0.001520952492445468
9.994,0.001645466417358714,0.0015208026713499972
9.996,0.001639389075271482,0.0015206513144719862
9.998,0.00163330253058404,0.0015204984228539902
10.0,0.001627207411186436,0.0015203439975424447
10.002,0.0016211043431343928,0.0015201880395876615
10.004,0.0016149939505759377,0.0015200305500438246
10.006,0.0016088768556934581,0.001519871529968987
10.008,0.001602753678649495,0.0015197109804250678
10.01,0.00159662503752416,0.001519548902477849
10.012,0.001590491548234805,0.0015193852971969713
10.014,0.0015843538244337788,0.0015192201656559303
10.016,0.001578212477385813,0.0015190535089320742
10.018,0.001572068115831435,0.0015188853281065985
10.02,0.0015659213458458859,0.0015187156242645466
10.022,0.001559772770703316,0.0015185443984948009
10.024,0.001553622990754481,0.0015183716518900818
10.026,0.00154747260332334,0.001518197385546946
10.028,0.001541322202623885,0.0015180216005657794
10.03,0.001535172379695416,0.0015178442980507965
10.032,0.001529023722351618,0.0015176654791100347
10.034,0.0015228768151370929,0.001517485144855353
10.036,0.001516732239284738,0.0015173032964024263
10.038,0.001510590572668055,0.001517119934870742
10.04,0.001504452389744556,0.0015169350613835997
10.042,0.001498318261488705,0.0015167486770681024
10.044,0.001492188755315887,0.0015165607830551575
10.046,0.001486064435001022,0.0015163713804794698
10.048,0.001479945860596403,0.0015161804704795397
10.05,0.001473833588353108,0.00151598805419766
10.052,0.001467728170648457,0.0015157941327799103
10.054,0.001461630155919436,0.0015155987073761556
10.056,0.0014555400885995378,0.0015154017791400405
10.058,0.001449458509055134,0.0015152033492289892
10.06,0.0014433859535182157,0.0015150034188041955
10.062,0.001437322954014472,0.0015148019890306257
10.064,0.0014312700382894078,0.0015145990610770119
10.066,0.0014252277297382987,0.001514394636115846
10.068,0.001419196547347567,0.0015141887153233826
10.07,0.001413177005653995,0.0015139812998796276
10.072,0.001407169614724742,0.0015137723909683402
10.074,0.001401174880155165,0.0015135619897770256
10.076,0.001395193303076206,0.0015133500974969351
10.078,0.001389225380159095,0.0015131367153230577
10.08,0.0013832716036050782,0.0015129218444541192
10.082,0.0013773324611115923,0.0015127054860925792
10.084,0.0013714084358132116,0.0015124876414446236
10.086,0.001365500006203478,0.0015122683117201662
10.088,0.001359607646050532,0.0015120474981328387
10.09,0.0013537318243220509,0.0015118252018999927
10.092,0.001347873005133231,0.0015116014242426928
10.094,0.0013420316477254723,0.0015113761663857128
10.096,0.0013362082064746841,0.001511149429557533
10.098,0.0013304031309200614,0.001510921214990335
10.1,0.0013246168657989256,0.0015106915239200003
10.102,0.0013188498510722946,0.0015104603575861024
10.104,0.0013131025219303588,0.0015102277172319076
10.106,0.001307375308774238,0.001509993604104368
10.108,0.0013016686371787821,0.0015097580194541177
10.11,0.0012959829278477908,0.001509520964535472
10.112,0.0012903185965755454,0.0015092824406064177
10.114,0.0012846760542267821,0.0015090424489286177
10.116,0.0012790557067414805,0.0015088009907673983
10.118,0.0012734579551635429,0.00150855806739175
10.12,0.0012678831956857068,0.0015083136800743235
10.122,0.0012623318196989509,0.0015080678300914243
10.124,0.0012568042138345547,0.0015078205187230094
10.126,0.0012513007599902393,0.0015075717472526843
10.128,0.0012458218353373388,0.001507321516967698
10.13,0.0012403678123118589,0.0015070698291589375
10.132,0.0012349390585966388,0.001506816685120928
10.134,0.0012295359371036286,0.0015065620861518258
10.136,0.0012241588059642941,0.0015063060335534137
10.138,0.0012188080185332373,0.0015060485286310995
10.14,0.0012134839234063386,0.00150578957269391
10.142,0.0012081868644515739,0.0015055291670544888
10.144,0.0012029171808487283,0.0015052673130290903
10.146,0.0011976752071341885,0.001505004011937577
10.148,0.001192461273247683,0.0015047392651034149
10.15,0.001187275704579501,0.001504473073853669
10.152,0.0011821188220177896,0.0015042054395190021
10.154,0.0011769909419960727,0.0015039363634336668
10.156,0.0011718923765408826,0.0015036658469355028
10.158,0.001166823433318959,0.0015033938913659342
10.16,0.0011617844156827505,0.0015031204980699637
10.162,0.001156775622713048,0.00150284566839617
10.164,0.0011517973492576122,0.0015025694036967022
10.166,0.0011468498859656371,0.0015022917053272764
10.168,0.0011419335193183998,0.001502012574647171
10.17,0.0011370485316574439,0.0015017320130192252
10.172,0.0011321952012120888,0.0015014500218098318
10.174,0.001127373802128611,0.0015011666023889323
10.176,0.001122584604504083,0.0015008817561300172
10.178,0.001117827874428084,0.001500595484410117
10.18,0.0011131038740356308,0.0015003077886098018
10.182,0.0011084128615737575,0.0015000186701131747
10.184,0.0011037550914824933,0.0014997281303078679
10.186,0.001099130814488203,0.001499436170585041
10.188,0.001094540277703931,0.0014991427923393727
10.19,0.0010899837247290087,0.0014988479969690607
10.192,0.0010854613957387846,0.0014985517858758127
10.194,0.0010809735275566991,0.0014982541604648487
10.196,0.001076520353704326,0.0014979551221448897
10.198,0.001072102104430075,0.001497654672328159
10.2,0.0010677190067227733,0.0014973528124303755
10.202,0.001063371284320068,0.0014970495438707484
10.204,0.0010590591577233058,0.001496744868071976
10.206,0.0010547828442285842,0.0014964387864602373
10.208,0.0010505425579796634,0.0014961313004651941
10.21,0.0010463385100430256,0.0014958224115199793
10.212,0.0010421709085001948,0.0014955121210611971
10.214,0.0010380399585495923,0.001495200430528918
10.216,0.001033945862609433,0.0014948873413666733
10.218,0.0010298888204150743,0.001494572855021453
10.22,0.0010258690291075295,0.0014942569729436985
10.222,0.0010218866833130247,0.0014939396965873014
10.224,0.001017941975216088,0.001493621027409596
10.226,0.0010140350946291992,0.0014933009668713583
10.228,0.0010101662290614385,0.0014929795164367993
10.23,0.0010063355637869472,0.0014926566775735606
10.232,0.0010025432819124565,0.0014923324517527115
10.234,0.0009987895644423116,0.0014920068404487429
10.236,0.0009950745903396935,0.0014916798451395654
10.238,0.000991398536583793,0.0014913514673065018
10.24,0.000987761578224204,0.0014910217084342851
10.242,0.0009841638884351281,0.001490690570011052
10.244,0.0009806056385725382,0.0014903580535283424
10.246,0.0009770869982372611,0.0014900241604810897
10.248,0.0009736081353459879,0.0014896888923676198
10.25,0.0009701692162107201,0.0014893522506896461
10.252,0.0009667704056257364,0.0014890142369522641
10.254,0.0009634118669595308,0.0014886748526639487
10.256,0.0009600937622481072,0.001488334099336548
10.258,0.0009568162522851155,0.0014879919784852788
10.26,0.0009535794967042022,0.0014876484916287241
10.262,0.0009503836540496051,0.0014873036402888258
10.264,0.0009472288818325211,0.001486957425990884
10.266,0.0009441153365734925,0.0014866098502635484
10.268,0.000941043173834171,0.0014862609146388162
10.27,0.0009380125482449892,0.0014859106206520267
10.272,0.0009350236135370907,0.0014855589698418575
10.274,0.0009320765225872193,0.0014852059637503194
10.276,0.0009291714274816615,0.0014848516039227518
10.278,0.0009263084796011155,0.0014844958919078184
10.28,0.0009234878297225548,0.0014841388292575032
10.282,0.0009207096281291363,0.001483780417527105
10.284,0.0009179740247160398,0.0014834206582752332
10.286,0.0009152811690804898,0.001483059553063803
10.288,0.0009126312105876833,0.0014826971034580315
10.29,0.0009100242984110537,0.001482333311026432
10.292,0.0009074605815519309,0.0014819681773408106
10.294,0.0009049402088497848,0.0014816017039762613
10.296,0.0009024633289963051,0.00148123389251116
10.298,0.0009000300905651129,0.0014808647445271625
10.3,0.0008976406420635788,0.0014804942616091965
10.302,0.0008952951320060089,0.0014801224453454612
10.304,0.000892993709000542,0.0014797492973274195
10.306,0.000890736521837682,0.0014793748191497924
10.308,0.0008885237195678298,0.0014789990124105586
10.31,0.000886355451558351,0.0014786218787109454
10.312,0.000884231867526592,0.0014782434196554282
10.314,0.000882153117551933,0.001477863636851721
10.316,0.0008801193520753482,0.001477482531910776
10.318,0.0008781307218971933,0.001477100106446777
10.32,0.000876187378183549,0.0014767163620771353
10.322,0.000874289472487483,0.001476331300422484
10.324,0.0008724371567869322,0.0014759449231066734
10.326,0.0008706305835358089,0.0014755572317567685
10.328,0.000868869905721546,0.0014751682280030403
10.33,0.000867155276920689,0.0014747779134789652
10.332,0.000865486851345053,0.001474386289821218
10.334,0.000863864783873106,0.0014739933586696671
10.336,0.000862289230064693,0.0014735991216673703
10.338,0.000860760346160504,0.0014732035804605704
10.34,0.0008592782890708718,0.00147280673669869
10.342,0.0008578432163603239,0.0014724085920343253
10.344,0.0008564552862351189,0.0014720091481232444
10.346,0.000855114657540147,0.0014716084066243801
10.348,0.000853821489769174,0.001471206369199826
10.35,0.0008525759430889158,0.001470803037514831
10.352,0.0008513781783731288,0.0014703984132377955
10.354,0.000850228357239401,0.0014699924980402664
10.356,0.000849126642079068,0.00146958529359693
10.358,0.0008480731960708631,0.0014691768015856128
10.36,0.0008470681831719689,0.0014687670236872698
10.362,0.0008461117680848549,0.001468355961585984
10.364,0.000845204116204323,0.00146794361696896
10.366,0.0008443453935540548,0.0014675299915265201
10.368,0.0008435357667244449,0.0014671150869520985
10.37,0.0008427754028229521,0.0014666989049422362
10.372,0.0008420644694441719,0.0014662814471965782
10.374,0.0008414031346606801,0.0014658627154178654
10.376,0.0008407915670293949,0.0014654427113119334
10.378,0.000840229935603227,0.0014650214365877037
10.38,0.000839718409935492,0.0014645988929571816
10.382,0.0008392571600663512,0.0014641750821354506
10.384,0.0008388463564842321,0.001463750005840667
10.386,0.000838486170061223,0.0014633236657940543
10.388,0.000838176771967095,0.0014628960637199013
10.39,0.000837918333570544,0.0014624672013455534
10.392,0.0008377110263380972,0.001462037080401409
10.394,0.000837555021740289,0.0014616057026209175
10.396,0.0008374504911718341,0.0014611730697405689
10.398,0.0008373976058886549,0.001460739183499893
10.4,0.0008373965369606731,0.001460304045641452
10.402,0.0008374474552359371,0.0014598676579108377
10.404,0.000837550531309515,0.001459430022056665
10.406,0.000837705935489582,0.0014589911398305672
10.408,0.000837913837753483,0.0014585510129871914
10.41,0.000838174407687888,0.0014581096432841924
10.412,0.0008384878144092119,0.001457667032482229
10.414,0.000838854226463478,0.001457223182344959
10.416,0.0008392738117077572,0.001456778094639033
10.418,0.000839746737178305,0.0014563317711340897
10.42,0.0008402731689525101,0.0014558842136027518
10.422,0.000840853272012587,0.0014554354238206196
10.424,0.0008414872101177329,0.001454985403566267
10.426,0.0008421751456890261,0.0014545341546212366
10.428,0.0008429172397074231,0.0014540816787700329
10.43,0.000843713651621399,0.0014536279778001192
10.432,0.000844564539257789,0.0014531730535019122
10.434,0.0008454700587281938,0.001452716907668776
10.436,0.0008464303643244031,0.0014522595420970166
10.438,0.0008474456083991949,0.0014518009585858787
10.44,0.0008485159412328432,0.0014513411589375403
10.442,0.000849641510889485,0.0014508801449571048
10.444,0.000850822463069969,0.0014504179184525996
10.446,0.000852058940968056,0.0014499544812349682
10.448,0.000853351085134826,0.0014494898351180667
10.45,0.000854699033352836,0.0014490239819186586
10.452,0.0008561029205171611,0.0014485569234564087
10.454,0.0008575628785175351,0.0014480886615538782
10.456,0.000859079036113922,0.0014476191980365202
10.458,0.0008606515187989129,0.001447148534732674
10.46,0.000862280448642736,0.0014466766734735595
10.462,0.000863965944120871,0.001446203616093274
10.464,0.000865708119927959,0.0014457293644287831
10.466,0.000867507086784871,0.001445253920319921
10.468,0.000869362951246829,0.00144477728560938
10.47,0.0008712758155197961,0.0014442994621427093
10.472,0.000873245777289839,0.0014438204517683065
10.474,0.0008752729295670139,0.001443340256337415
10.476,0.0008773573605418601,0.0014428588777041177
10.478,0.0008794991534501489,0.0014423763177253313
10.48,0.000881698386440088,0.0014418925782608018
10.482,0.0008839551324362699,0.0014414076611730996
10.484,0.0008862694589957571,0.0014409215683276126
10.486,0.0008886414281534309,0.0014404343015925426
10.488,0.000891071096255854,0.0014399458628389008
10.49,0.0008935585137845709,0.0014394562539404993
10.492,0.000896103725171081,0.0014389654767739488
10.494,0.0008987067686064401,0.001438473533218652
10.496,0.000901367675848492,0.0014379804251567984
10.498,0.0009040864720294991,0.0014374861544733599
10.5,0.00090686317546625,0.0014369907230560844
10.502,0.0009096977974741371,0.0014364941327954907
10.504,0.000912590342185803,0.001435996385584863
10.506,0.0009155408063744691,0.0014354974833202486
10.508,0.0009185491792813361,0.0014349974279004468
10.51,0.000921615442446202,0.0014344962212270084
10.512,0.000924739569540117,0.0014339938652042283
10.514,0.000927921526199001,0.001433490361739141
10.516,0.0009311612698575998,0.0014329857127415141
10.518,0.000934458749583324,0.0014324799201238447
10.52,0.000937813905910589,0.0014319729858013528
10.522,0.0009412266706764651,0.001431464911691975
10.524,0.0009446969668586869,0.0014309556997163624
10.526,0.0009482247084167868,0.0014304453517978715
10.528,0.000951809800136125,0.0014299338698625615
10.53,0.0009554521374733941,0.0014294212558391872
10.532,0.000959151606401027,0.001428907511659195
10.534,0.0009629080832476131,0.0014283926392567165
10.536,0.000966721434531969,0.001427876640568563
10.538,0.000970591516790604,0.0014273595175342214
10.54,0.000974518176400874,0.001426841272095847
10.542,0.0009785012494052678,0.0014263219061982594
10.544,0.000982540561343748,0.0014258014217889369
10.546,0.000986635927101205,0.0014252798208180106
10.548,0.000990787150774491,0.0014247571052382595
10.55,0.000994994025559109,0.0014242332770051042
10.552,0.000999256333650445,0.0014237083380766026
10.554,0.001003573846150065,0.0014231822904134431
10.556,0.001007946322965669,0.0014226551359789407
10.558,0.001012373512694709,0.0014221268767390305
10.56,0.001016855152486336,0.001421597514662262
10.562,0.0010213909678831962,0.0014210670517197951
10.564,0.001025980672651043,0.0014205354898853926
10.566,0.0010306239686092512,0.0014200028311354166
10.568,0.0010353205454760141,0.0014194690774488213
10.57,0.001040070080739456,0.001418934230807149
10.572,0.0010448722395594429,0.0014183982931945235
10.574,0.001049726674697684,0.0014178612665976453
10.576,0.001054633026466954,0.001417323153005786
10.578,0.0010595909226866949,0.0014167839544107818
10.58,0.0010645999786324581,0.0014162436728070292
10.582,0.001069659796970301,0.00141570231019148
10.584,0.0010747699676736191,0.0014151598685636336
10.586,0.0010799300679262078,0.001414616349925533
10.588,0.0010851396620205809,0.0014140717562817593
10.59,0.001090398301262338,0.0014135260896394248
10.592,0.001095705523890318,0.0014129793520081693
10.594,0.001101060855018245,0.001412431545400154
10.596,0.00110646380659815,0.0014118826718300542
10.598,0.001111913877400854,0.0014113327333150555
10.6,0.001117410553005598,0.0014107817318748496
10.602,0.001122953305790002,0.0014102296695316248
10.604,0.001128541594913671,0.0014096765483100635
10.606,0.001134174866292576,0.001409122370237335
10.608,0.0011398525525656298,0.0014085671373430914
10.61,0.001145574073059063,0.0014080108516594605
10.612,0.00115133883375595,0.0014074535152210415
10.614,0.001157146227278171,0.0014068951300648981
10.616,0.0011629956328856649,0.0014063356982305535
10.618,0.00116888641649417,0.001405775221759985
10.62,0.0011748179307088493,0.001405213702697619
10.622,0.001180789514868233,0.001404651143090323
10.624,0.001186800495092256,0.0014040875449874018
10.626,0.0011928501843289539,0.0014035229104405922
10.628,0.001198937882397278,0.0014029572415040564
10.63,0.001205062876026814,0.0014023905402343762
10.632,0.0012112244388980127,0.001401822808690548
10.634,0.001217421831688059,0.0014012540489339769
10.636,0.001223654302126708,0.0014006842630284702
10.638,0.0012299210850646128,0.001400113453040235
10.64,0.001236221402553449,0.001399541621037867
10.642,0.0012425544639345948,0.00139896876909235
10.644,0.0012489194659321542,0.0013983948992770461
10.646,0.00125531559274622,0.0013978200136676939
10.648,0.0012617420161454532,0.0013972441143423994
10.65,0.0012681978955607859,0.0013966672033816326
10.652,0.001274682378185194,0.0013960892828682207
10.654,0.001281194599085701,0.001395510354887342
10.656,0.001287733681332922,0.0013949304215265222
10.658,0.0012942987361499742,0.0013943494848756254
10.66,0.0013008888630783749,0.001393767547026852
10.662,0.001307503150153994,0.0013931846100747295
10.664,0.00131414067408403,0.0013926006761161094
10.666,0.001320800500415486,0.0013920157472501608
10.668,0.0013274816836898802,0.001391429825578363
10.67,0.001334183267583045,0.001390842913204503
10.672,0.001340904285036038,0.0013902550122346653
10.674,0.0013476437583866208,0.0013896661247772306
10.676,0.001354400699513539,0.0013890762529428678
10.678,0.00136117411000331,0.0013884853988445278
10.68,0.001367962981345496,0.0013878935645974387
10.682,0.001374766295155137,0.0013873007523190998
10.684,0.0013815830234161861,0.0013867069641292755
10.686,0.00138841212873483,0.0013861122021499896
10.688,0.001395252564591899,0.0013855164685055205
10.69,0.001402103275585379,0.001384919765322393
10.692,0.001408963197659496,0.0013843220947293748
10.694,0.0014158312583220241,0.0013837234588574708
10.696,0.00142270637685604,0.0013831238598399148
10.698,0.0014295874645346561,0.0013825232998121658
10.7,0.0014364734248460548,0.0013819217809119015
10.702,0.001443363153733876,0.001381319305279013
10.704,0.001450255539853107,0.0013807158750555977
10.706,0.001457149464838622,0.0013801114923859552
10.708,0.001464043803580432,0.0013795061594165797
10.71,0.0014709374245002551,0.0013788998782961553
10.712,0.001477829189824981,0.0013782926511755503
10.714,0.0014847179558560531,0.0013776844802078098
10.716,0.001491602573236551,0.0013770753675481516
10.718,0.0014984818872201481,0.0013764653153539592
10.72,0.00150535473794694,0.001375854325784777
10.722,0.0015122199607307421,0.0013752424010023026
10.724,0.001519076386360004,0.0013746295431703828
10.726,0.001525922841412552,0.0013740157544550073
10.728,0.001532758148580992,0.0013734010370243012
10.73,0.0015395811270040689,0.0013727853930485213
10.732,0.001546390592597793,0.0013721688247000498
10.734,0.0015531853583806879,0.0013715513341533865
10.736,0.001559964234788859,0.0013709329235851453
10.738,0.001566726029979442,0.0013703135951740463
10.74,0.001573469550123925,0.0013696933511009113
10.742,0.00158019359969583,0.0013690721935486574
10.744,0.001586896981759153,0.0013684501247022908
10.746,0.0015935784982644991,0.0013678271467489013
10.748,0.0016002369503582989,0.0013672032618776558
10.75,0.001606871138708059,0.0013665784722797934
10.752,0.001613479863842932,0.0013659527801486182
10.754,0.0016200619265061581,0.001365326187679494
10.756,0.0016266161280137671,0.001364698697069838
10.758,0.0016331412706140527,0.0013640703105191154
10.76,0.001639636157843399,0.0013634410302288333
10.762,0.001646099594876383,0.0013628108584025338
10.764,0.00165253038887,0.0013621797972457898
10.766,0.0016589273493035342,0.0013615478489661967
10.768,0.0016652892883156339,0.0013609150157733692
10.77,0.001671615021039567,0.0013602812998789327
10.772,0.0016779033659371017,0.0013596467034965188
10.774,0.0016841531451304388,0.0013590112288417592
10.776,0.0016903631847323623,0.0013583748781322783
10.778,0.001696532315175197,0.0013577376535876902
10.78,0.001702659371540306,0.0013570995574295889
10.782,0.0017087431938900659,0.0013564605918815454
10.784,0.001714782627603536,0.0013558207591691
10.786,0.001720776523715893,0.0013551800615197566
10.788,0.00172672373925914,0.001354538501162978
10.79,0.00173262313760139,0.0013538960803301772
10.792,0.001738473588781226,0.001353252801254714
10.794,0.0017442739698357082,0.0013526086661718865
10.796,0.001750023165122815,0.001351963677318928
10.798,0.0017557200666414349,0.001351317836934998
10.8,0.0017613635743532299,0.0013506711472611782
10.802,0.0017669525965099348,0.0013500236105404657
10.804,0.001772486049987173,0.0013493752290177667
10.806,0.0017779628606225972,0.0013487260049398913
10.808,0.0017833819635534442,0.001348075940555546
10.81,0.0017887423035470758,0.0013474250381153294
10.812,0.001794042835319303,0.0013467732998717244
10.814,0.0017992825238379757,0.0013461207280790935
10.816,0.0018044603446131739,0.0013454673249936719
10.818,0.001809575283978571,0.0013448130928735615
10.82,0.0018146263393703532,0.0013441580339787257
10.822,0.001819612519609794,0.001343502150570981
10.824,0.0018245328451934435,0.0013428454449139946
10.826,0.001829386348592014,0.001342187919273275
10.828,0.001834172074555739,0.001341529575916167
10.83,0.0018388890804222568,0.0013408704171118458
10.832,0.0018435364364217262,0.001340210445131311
10.834,0.001848113225974127,0.0013395496622473802
10.836,0.0018526185459746517,0.0013388880707346823
10.838,0.001857051507064271,0.0013382256728696534
10.84,0.0018614112338841574,0.0013375624709305277
10.842,0.0018656968653144698,0.0013368984671973335
10.844,0.001869907554700309,0.0013362336639518874
10.846,0.0018740424700692622,0.001335568063477786
10.848,0.0018781007943472602,0.0013349016680604018
10.85,0.0018820817255790934,0.0013342344799868757
10.852,0.001885984477159317,0.0013335665015461117
10.854,0.0018898082780754897,0.001332897735028771
10.856,0.0018935523731616417,0.0013322281827272643
10.858,0.001897216023355067,0.0013315578469357474
10.86,0.0019007985059467868,0.0013308867299501137
10.862,0.0019042991148151638,0.0013302148340679897
10.864,0.0019077171606352653,0.0013295421615887267
10.866,0.0019110519710612874,0.001328868714813396
10.868,0.0019143028908859708,0.0013281944960447825
10.87,0.001917469282185814,0.001327519507587378
10.872,0.001920550524463629,0.0013268437517473764
10.874,0.001923546014799076,0.0013261672308326658
10.876,0.001926455168013457,0.001325489947152823
10.878,0.0019292774168487418,0.0013248119030191071
10.88,0.0019320122121548292,0.0013241331007444548
10.882,0.001934659023074799,0.0013234535426434719
10.884,0.001937217337216852,0.001322773231032428
10.886,0.001939686660804324,0.001322092168229251
10.888,0.0019420665188001384,0.0013214103565535203
10.89,0.001944356455008015,0.0013207277983264603
10.892,0.0019465560321578316,0.0013200444958709346
10.894,0.0019486648319846363,0.0013193604515114397
10.896,0.001950682455310819,0.0013186756675740987
10.898,0.0019526085221370148,0.001317990146386655
10.9,0.0019544426717430135,0.0013173038902784668
10.902,0.0019561845627944297,0.001316616901580499
10.904,0.00195783387344798,0.0013159291826253194
10.906,0.00195939030144663,0.0013152407357470905
10.908,0.0019608535641976923,0.0013145515632815644
10.91,0.001962223398830295,0.0013138616675660761
10.912,0.001963499562232766,0.001313171050939537
10.914,0.001964681831074926,0.0013124797157424296
10.916,0.0019657700018218677,0.001311787664316799
10.918,0.00196676389074653,0.0013110948990062508
10.92,0.0019676633339461725,0.00131040142215594
10.922,0.001968468187364168,0.0013097072361125679
10.924,0.00196917832681523,0.001309012343224375
10.926,0.0019697936480084248,0.001308316745841134
10.928,0.0019703140665615483,0.001307620446314145
10.93,0.0019707395180005183,0.0013069234469962276
10.932,0.0019710699577402953,0.001306225750241716
10.934,0.001971305361047141,0.0013055273584064518
10.936,0.001971445722985855,0.0013048282738477776
10.938,0.0019714910583582875,0.0013041284989245326
10.94,0.0019714414016404396,0.0013034280359970432
10.942,0.0019712968069245497,0.001302726887427119
10.944,0.0019710573478699507,0.0013020250555780455
10.946,0.001970723117662874,0.0013013225428145786
10.948,0.0019702942289815772,0.0013006193515029375
10.95,0.001969770813960208,0.0012999154840107987
10.952,0.001969153024143438,0.0012992109427072897
10.954,0.0019684410304240028,0.0012985057299629823
10.956,0.001967635022957315,0.0012977998481498876
10.958,0.001966735211050552,0.0012970932996414478
10.96,0.0019657418230274127,0.0012963860868125312
10.962,0.001964655106073293,0.001295678212039425
10.964,0.0019634753260685026,0.0012949696776998303
10.966,0.001962202767418495,0.0012942604861728537
10.968,0.001960837732889324,0.001293550639839003
10.97,0.0019593805434548785,0.0012928401410801798
10.972,0.001957831538158688,0.0012921289922796732
10.974,0.00195619107398915,0.0012914171958221538
10.976,0.0019544595257634575,0.0012907047540936674
10.978,0.0019526372860126672,0.0012899916694816278
10.98,0.001950724764859416,0.0012892779443748113
10.982,0.001948722389881258,0.0012885635811633505
10.984,0.00194663060595461,0.0012878485822387267
10.986,0.001944449875078755,0.0012871329499937652
10.988,0.0019421806761824683,0.0012864166868226273
10.99,0.0019398235049188307,0.0012856997951208057
10.992,0.001937378873454652,0.0012849822772851166
10.994,0.001934847310260143,0.001284264135713694
10.996,0.0019322293599020046,0.0012835453728059828
10.998,0.0019295255828400354,0.0012828259909627336
11.0,0.0019267365552244058,0.001282105992585995
11.002,0.0019238628686891433,0.0012813853800791076
11.004,0.0019209051301371364,0.0012806641558466988
11.006,0.0019178639615138166,0.0012799423222946739
11.008,0.0019147399995689993,0.0012792198818302124
11.01,0.0019115338956091923,0.0012784968368617596
11.012,0.0019082463152449993,0.001277773189799022
11.014,0.001904877938138618,0.001277048943052959
11.016,0.0019014294577558803,0.0012763240990357777
11.018,0.0018979015811251545,0.0012755986601609263
11.02,0.0018942950286029968,0.001274872628843087
11.022,0.0018906105336441998,0.0012741460074981708
11.024,0.0018868488425723949,0.0012734187985433106
11.026,0.0018830107143474654,0.001272691004396854
11.028,0.0018790969203267764,0.0012719626274783583
11.03,0.0018751082440184872,0.0012712336702085825
11.032,0.0018710454808268,0.0012705041350094825
11.034,0.001866909437789719,0.001269774024304203
11.036,0.0018627009333098026,0.0012690433405170727
11.038,0.0018584207968783024,0.0012683120860735966
11.04,0.001854069868792177,0.0012675802634004502
11.042,0.0018496489998635875,0.0012668478749254736
11.044,0.0018451590511219414,0.0012661149230776632
11.046,0.0018406008935097772,0.0012653814102871674
11.048,0.0018359754075756565,0.0012646473389852785
11.05,0.0018312834831684963,0.001263912711604428
11.052,0.001826526019138451,0.0012631775305781783
11.054,0.0018217039230489912,0.0012624417983412173
11.056,0.0018168181109025068,0.0012617055173293518
11.058,0.0018118695068793985,0.0012609686899795007
11.06,0.0018068590430870336,0.0012602313187296897
11.062,0.0018017876593128543,0.0012594934060190426
11.064,0.0017966563027746565,0.0012587549542877777
11.066,0.0017914659278616578,0.0012580159659771983
11.068,0.0017862174958620527,0.0012572764435296896
11.07,0.0017809119746760341,0.0012565363893887091
11.072,0.0017755503385164868,0.001255795805998782
11.074,0.0017701335676023695,0.0012550546958054935
11.076,0.0017646626478507702,0.001254313061255484
11.078,0.001759138570573607,0.0012535709047964412
11.08,0.0017535623321823044,0.0012528282288770938
11.082,0.0017479349339013437,0.0012520850359472057
11.084,0.0017422573814882879,0.001251341328457569
11.086,0.001736530684955628,0.0012505971088599978
11.088,0.001730755858289848,0.0012498523796073211
11.09,0.0017249339191636368,0.0012491071431533773
11.092,0.0017190658886409556,0.0012483614019530068
11.094,0.0017131527908775075,0.001247615158462046
11.096,0.00170719565282269,0.0012468684151373207
11.098,0.0017011955039305255,0.0012461211744366396
11.1,0.001695153375885881,0.0012453734388187879
11.102,0.0016890703023492398,0.0012446252107435206
11.104,0.0016829473187181959,0.0012438764926715558
11.106,0.0016767854618986405,0.0012431272870645693
11.108,0.001670585770074782,0.001242377596385187
11.11,0.0016643492824666073,0.001241627423096978
11.112,0.0016580770390654427,0.00124087676966445
11.114,0.0016517700803446358,0.0012401256385530404
11.116,0.0016454294469491245,0.0012393740322291119
11.118,0.0016390561793748694,0.0012386219531599445
11.12,0.0016326513176531886,0.0012378694038137298
11.122,0.001626215901054978,0.0012371163866595643
11.124,0.0016197509678259336,0.0012363629041674427
11.126,0.0016132575549561343,0.0012356089588082518
11.128,0.0016067366979792737,0.001234854553053763
11.13,0.001600189430789279,0.0012340996893766272
11.132,0.0015936167854589513,0.001233344370250367
11.134,0.001587019792046004,0.001232588598149371
11.136,0.0015803994783770952,0.0012318323755488869
11.138,0.0015737568698079192,0.0012310757049250152
11.14,0.0015670929889649071,0.001230318588754702
11.142,0.0015604088554795233,0.0012295610295157341
11.144,0.001553705485727106,0.0012288030296867304
11.146,0.0015469838925802365,0.0012280445917471363
11.148,0.0015402450851804987,0.0012272857181772176
11.15,0.0015334900687266984,0.001226526411458054
11.152,0.00152671984427227,0.0012257666740715307
11.154,0.00151993540852264,0.0012250065085003348
11.156,0.0015131377536249224,0.001224245917227946
11.158,0.0015063278669466711,0.0012234849027386325
11.16,0.0014995067308467462,0.0012227234675174416
11.162,0.0014926753224460555,0.0012219616140501967
11.164,0.001485834613409253,0.0012211993448234875
11.166,0.0014789855697476847,0.0012204366623246655
11.168,0.0014721291516499842,0.0012196735690418361
11.17,0.0014652663133402901,0.0012189100674638532
11.172,0.0014583980029576403,0.001218146160080312
11.174,0.0014515251624443537,0.0012173818493815425
11.176,0.0014446487274292021,0.0012166171378586031
11.178,0.001437769627092194,0.001215852028003274
11.18,0.0014308887840027585,0.0012150865223080507
11.182,0.0014240071139295094,0.001214320623266137
11.184,0.0014171255256277002,0.0012135543333714387
11.186,0.0014102449206158016,0.001212787655118558
11.188,0.0014033661929560815,0.0012120205910027852
11.19,0.0013964902290533336,0.0012112531435200932
11.192,0.0013896179074823897,0.0012104853151671308
11.194,0.0013827500988487797,0.001209717108441216
11.196,0.0013758876656805208,0.0012089485258403294
11.198,0.0013690314623430585,0.0012081795698631083
11.2,0.0013621823349662826,0.0012074102430088384
11.202,0.0013553411213721664,0.0012066405477774496
11.204,0.0013485086509936485,0.0012058704866695074
11.206,0.0013416857447798626,0.0012051000621862073
11.208,0.0013348732150872688,0.001204329276829368
11.21,0.0013280718655602904,0.0012035581331014253
11.212,0.0013212824910070363,0.0012027866335054243
11.214,0.001314505877275845,0.0012020147805450144
11.216,0.0013077428011367455,0.0012012425767244414
11.218,0.0013009940301692993,0.0012004700245485417
11.22,0.0012942603226559694,0.0011996971265227354
11.222,0.0012875424274787148,0.0011989238851530199
11.224,0.001280841084016718,0.0011981503029459628
11.226,0.0012741570220448162,0.001197376382408696
11.228,0.001267490961634518,0.001196602126048909
11.23,0.0012608436130619682,0.0011958275363748415
11.232,0.0012542156767285375,0.0011950526158952782
11.234,0.0012476078430993253,0.0011942773671195408
11.236,0.0012410207926626395,0.0011935017925574828
11.238,0.001234455195909842,0.0011927258947194814
11.24,0.0012279117133306252,0.0011919496761164322
11.242,0.001221390995415189,0.0011911731392597418
11.244,0.001214893682652776,0.0011903962866613217
11.246,0.001208420405516635,0.0011896191208335813
11.248,0.001201971784428546,0.0011888416442894215
11.25,0.0011955484297009739,0.0011880638595422285
11.252,0.001189150941460892,0.001187285769105866
11.254,0.001182779909564134,0.0011865073754946706
11.256,0.001176435913512281,0.0011857286812234427
11.258,0.001170119522384012,0.0011849496888074423
11.26,0.001163831294789929,0.0011841704007623808
11.262,0.001157571778854806,0.0011833908196044148
11.264,0.0011513415122252132,0.0011826109478501397
11.266,0.0011451410220952299,0.0011818307880165832
11.268,0.001138970825239977,0.0011810503426211985
11.27,0.001132831428046405,0.0011802696141818571
11.272,0.001126723326533241,0.001179488605216844
11.274,0.001120647006356346,0.0011787073182448484
11.276,0.00111460294280082,0.00117792575578496
11.278,0.0011085916007651541,0.0011771439203566599
11.28,0.001102613434745215,0.0011763618144798155
11.282,0.001096668888825785,0.0011755794406746738
11.284,0.001090758396685311,0.0011747968014618538
11.286,0.001084882381616242,0.001174013899362341
11.288,0.001079041256559541,0.0011732307368974798
11.29,0.001073235424148991,0.0011724473165889682
11.292,0.00106746527675953,0.00117166364095885
11.294,0.001061731196553712,0.0011708797125295088
11.296,0.001056033555522306,0.0011700955338236607
11.298,0.001050372715517615,0.0011693111073643489
11.3,0.00104474902828074,0.0011685264356749356
11.302,0.001039162835466501,0.0011677415212790966
11.304,0.001033614468670646,0.0011669563667008145
11.306,0.001028104249463728,0.0011661709744643712
11.308,0.0010226324894344729,0.0011653853470943425
11.31,0.001017199490243103,0.0011645994871155904
11.312,0.001011805543682786,0.0011638133970532575
11.314,0.001006450931745594,0.0011630270794327597
11.316,0.0010011359266889881,0.0011622405367797796
11.318,0.000995860791099574,0.00116145377162026
11.32,0.000990625777953062,0.0011606667864803978
11.322,0.000985431130671481,0.0011598795838866363
11.324,0.0009802770831809741,0.0011590921663656596
11.326,0.000975163859974455,0.0011583045364443854
11.328,0.000970091676182919,0.0011575166966499586
11.33,0.000965060737657827,0.001156728649509745
11.332,0.00096007124106424,0.0011559403975513237
11.334,0.000955123373982149,0.0011551519433024818
11.336,0.0009502173150116011,0.0011543632892912065
11.338,0.0009453532338766279,0.0011535744380456795
11.34,0.0009405312915236131,0.0011527853920942697
11.342,0.0009357516402115361,0.001151996153965527
11.344,0.0009310144235933109,0.0011512067261881755
11.346,0.000926319776789672,0.0011504171112911067
11.348,0.0009216678264582011,0.0011496273118033736
11.35,0.000917058690860844,0.001148837330254183
11.352,0.0009124924799332449,0.00114804716917289
11.354,0.000907969295358828,0.0011472568310889903
11.356,0.000903489230649935,0.0011464663185321146
11.358,0.00089905237123767,0.0011456756340320212
11.36,0.0008946587945714,0.0011448847801185896
11.362,0.000890308570227918,0.0011440937593218145
11.364,0.000886001760029381,0.0011433025741717981
11.366,0.0008817384181677811,0.0011425112271987443
11.368,0.000877518591332836,0.0011417197209329518
11.37,0.000873342318839474,0.0011409280579048073
11.372,0.000869209632751448,0.0011401362406447794
11.374,0.000865120557998548,0.0011393442716834113
11.376,0.000861075112486827,0.0011385521535513148
11.378,0.0008570733072034661,0.0011377598887791635
11.38,0.00085311514631959,0.0011369674798976858
11.382,0.000849200627295315,0.0011361749294376588
11.384,0.000845329740990668,0.0011353822399299014
11.386,0.000841502471784363,0.0011345894139052678
11.388,0.000837718797699745,0.001133796453894641
11.39,0.0008339786905347,0.0011330033624289257
11.392,0.000830282115990816,0.001132210142039042
11.394,0.0008266290337969701,0.0011314167952559194
11.396,0.00082301939782429,0.0011306233246104888
11.398,0.000819453156192306,0.0011298297326336772
11.4,0.0008159302513693071,0.0011290360218564003
11.402,0.000812450620272315,0.0011282421948095563
11.404,0.0008090141943728389,0.0011274482540240191
11.406,0.000805620899813269,0.0011266542020306315
11.408,0.000802270657535884,0.001125860041360199
11.41,0.0007989633834229499,0.0011250657745434827
11.412,0.0007956989884432271,0.0011242714041111935
11.414,0.000792477378798868,0.0011234769325939844
11.416,0.000789298456067125,0.0011226823625224449
11.418,0.000786162117333579,0.0011218876964270935
11.42,0.0007830682553168639,0.001121092936838372
11.422,0.0007800167584877231,0.001120298086286638
11.424,0.000777007511186713,0.001119503147302159
11.426,0.000774040393744458,0.0011187081224151053
11.428,0.0007711152826062111,0.0011179130141555436
11.43,0.000768232050459661,0.0011171178250534305
11.432,0.000765390566362069,0.0011163225576386058
11.434,0.0007625906958618361,0.0011155272144407855
11.436,0.000759832301110432,0.001114731797989556
11.438,0.000757115240963396,0.001113936310814367
11.44,0.000754439371073002,0.0011131407554445243
11.442,0.000751804543978693,0.001112345134409185
11.444,0.00074921060920362,0.0011115494502373488
11.446,0.000746657413365419,0.0011107537054578529
11.448,0.000744144800306797,0.0011099579025993641
11.45,0.000741672611247106,0.001109162044190374
11.452,0.000739240684951183,0.00110836613275919
11.454,0.0007368488579074311,0.0011075701708339314
11.456,0.0007344969645045761,0.0011067741609425204
11.458,0.0007321848371966269,0.001105978105612677
11.46,0.0007299123066477819,0.001105182007371912
11.462,0.000727679201852903,0.00110438586874752
11.464,0.0007254853502339059,0.0011035896922665734
11.466,0.000723330577716485,0.0011027934804559154
11.468,0.0007212147087944929,0.0011019972358421537
11.47,0.000719137566590437,0.0011012009609516536
11.472,0.00071709897291988,0.0011004046583105314
11.474,0.000715098748365792,0.0010996083304446484
11.476,0.000713136712366051,0.0010988119798796036
11.478,0.000711212683314977,0.0010980156091407274
11.48,0.000709326478677445,0.001097219220753075
11.482,0.000707477915112881,0.00109642281724142
11.484,0.0007056668086060549,0.0010956264011302474
11.486,0.0007038929746014529,0.0010948299749437471
11.488,0.0007021562281386661,0.0010940335412058077
11.49,0.0007004563839865819,0.0010932371024400095
11.492,0.000698793256774323,0.0010924406611696183
11.494,0.000697166661117103,0.0010916442199175784
11.496,0.000695576411734824,0.001090847781206506
11.498,0.000694022323561288,0.0010900513475586835
11.5,0.000692504211841884,0.0010892549214960516
11.502,0.000691021892218349,0.0010884585055402035
11.504,0.000689575180800079,0.0010876621022123784
11.506,0.000688163894222891,0.0010868657140334548
11.508,0.0006867878496979161,0.0010860693435239433
11.51,0.000685446865054484,0.001085272993203981
11.512,0.000684140758782106,0.0010844766655933246
11.514,0.000682869350076761,0.0010836803632113432
11.516,0.00068163245889629,0.001082884088577013
11.518,0.000680429906028263,0.0010820878442089092
11.52,0.000679261513171871,0.0010812916326252008
11.522,0.000678127103033264,0.001080495456343643
11.524,0.000677026499431946,0.0010796993178815715
11.526,0.0006759595274144371,0.001078903219755895
11.528,0.0006749260133707839,0.00107810716448309
11.53,0.000673925785149153,0.0010773111545791922
11.532,0.0006729586721642841,0.0010765151925597922
11.534,0.000672024505495741,0.0010757192809400273
11.536,0.000671123117972355,0.0010749234222345756
11.538,0.00067025434423959,0.0010741276189576497
11.54,0.0006694180208074171,0.0010733318736229893
11.542,0.000668613986077075,0.0010725361887438554
11.544,0.000667842080347719,0.0010717405668330235
11.546,0.00066710214580626,0.0010709450104027767
11.548,0.000666394026507356,0.0010701495219649002
11.55,0.000665717568352837,0.0010693541040306734
11.552,0.000665072619081466,0.0010685587591108643
11.554,0.000664459028278717,0.0010677634897157226
11.556,0.0006638766474131249,0.001066968298354973
11.558,0.0006633253299001859,0.0010661731875378094
11.56,0.000662804931188877,0.0010653781597728873
11.562,0.000662315308860597,0.001064583217568318
11.564,0.00066185632272739,0.0010637883634316617
11.566,0.000661427834916782,0.0010629935998699215
11.568,0.0006610297099339669,0.001062198929389536
11.57,0.000660661814697715,0.0010614043544963732
11.572,0.000660324018552202,0.0010606098776957248
11.574,0.00066001619326154,0.0010598155014922982
11.576,0.00065973821299547,0.0010590212283902107
11.578,0.0006594899543135491,0.001058227060892983
11.58,0.000659271296151973,0.0010574330015035327
11.582,0.000659082119813022,0.0010566390527241678
11.584,0.000658922308954323,0.0010558452170565794
11.586,0.000658791749574306,0.0010550514970018368
11.588,0.000658690329991832,0.0010542578950603794
11.59,0.000658617940821216,0.001053464413732011
11.592,0.000658574474947333,0.0010526710555158931
11.594,0.0006585598275075601,0.0010518778229105382
11.596,0.000658573895886912,0.0010510847184138038
11.598,0.000658616579729811,0.0010502917445228853
11.6,0.000658687780967167,0.0010494989037343097
11.602,0.000658787403852403,0.0010487061985439293
11.604,0.0006589153549963721,0.001047913631446915
11.606,0.000659071543389788,0.00104712120493775
11.608,0.000659255880403784,0.0010463289215102227
11.61,0.000659468279763136,0.0010455367836574214
11.612,0.000659708657492431,0.0010447447938717264
11.614,0.000659976931840693,0.0010439529546448043
11.616,0.0006602730231938809,0.0010431612684676014
11.618,0.0006605968539863481,0.0010423697378303372
11.62,0.000660948348621483,0.001041578365222498
11.622,0.000661327433408992,0.00104078715313283
11.624,0.000661734036522239,0.0010399961040493337
11.626,0.000662168087974587,0.001039205220459256
11.628,0.0006626295196099079,0.0010384145048490852
11.63,0.00066311826509972,0.0010376239597045436
11.632,0.000663634259938125,0.0010368335875105812
11.634,0.000664177441426372,0.00103604339075137
11.636,0.00066474774864082,0.0010352533719102958
11.638,0.000665345122381263,0.0010344635334699538
11.64,0.000665969505100351,0.0010336738779121403
11.642,0.0006666208408183561,0.0010328844077178475
11.644,0.00066729907503001,0.0010320951253672567
11.646,0.0006680041546113071,0.0010313060333397314
11.648,0.0006687360277329481,0.0010305171341138113
11.65,0.0006694946437849961,0.0010297284301672058
11.652,0.000670279953313424,0.0010289399239767874
11.654,0.00067109190796594,0.0010281516180185852
11.656,0.000671930460441574,0.0010273635147677786
11.658,0.000672795564437723,0.001026575616698691
11.66,0.000673687174589131,0.001025787926284783
11.662,0.0006746052463956469,0.001025000445998646
11.664,0.000675549736139029,0.0010242131783119964
11.666,0.0006765206007918021,0.0010234261256956679
11.668,0.0006775177979232931,0.0010226392906196064
11.67,0.0006785412856078851,0.0010218526755528627
11.672,0.000679591022339266,0.0010210662829635863
11.674,0.000680666966951894,0.0010202801153190192
11.676,0.000681769078548099,0.0010194941750854894
11.678,0.000682897316427319,0.0010187084647284039
11.68,0.000684051640013023,0.0010179229867122433
11.682,0.0006852320087736262,0.0010171377435005543
11.684,0.0006864383821354721,0.001016352737555944
11.686,0.0006876707193879971,0.0010155679713400735
11.688,0.0006889289795832264,0.0010147834473136512
11.69,0.0006902131214326654,0.001013999167936426
11.692,0.0006915231032047449,0.0010132151356671824
11.694,0.0006928588826248229,0.0010124313529637319
11.696,0.0006942204167787096,0.0010116478222829083
11.698,0.0006956076620192138,0.001010864546080561
11.7,0.0006970205738746366,0.001010081526811548
11.702,0.0006984591069579128,0.00100929876692973
11.704,0.0006999232148755186,0.0010085162688879639
11.706,0.0007014128501356605,0.0010077340351380961
11.708,0.0007029279640554419,0.001006952068130957
11.71,0.0007044685066666809,0.0010061703703163533
11.712,0.000706034426619459,0.001005388944143063
11.714,0.0007076256710824742,0.001004607792058828
11.716,0.0007092421856391205,0.0010038269165103483
11.718,0.000710883914179285,0.001003046319943275
11.72,0.0007125507987879939,0.0010022660048022048
11.722,0.0007142427796338979,0.001001485973530673
11.724,0.0007159597948615077,0.0010007062285711473
11.726,0.0007177017804914479,0.0009999267723650215
11.728,0.0007194686703316676,0.000999147607352609
11.73,0.0007212603959002859,0.000998368735973137
11.732,0.0007230768863576875,0.0009975901606647387
11.734,0.0007249180684426315,0.0009968118838644489
11.736,0.0007267838664055428,0.000996033908008196
11.738,0.0007286742019322122,0.0009952562355307973
11.74,0.0007305889940529784,0.0009944788688659504
11.742,0.0007325281590358973,0.000993701810446229
11.744,0.0007344916102661174,0.000992925062703076
11.746,0.0007364792581171278,0.000992148628066796
11.748,0.0007384910098212426,0.0009913725089665505
11.75,0.0007405267693470178,0.0009905967078303506
11.752,0.0007425864372894102,0.0009898212270850514
11.754,0.0007446699107757315,0.0009890460691563449
11.756,0.0007467770833872679,0.0009882712364687543
11.758,0.0007489078450934387,0.0009874967314456274
11.76,0.0007510620821936904,0.0009867225565091307
11.762,0.0007532396772615438,0.000985948714080242
11.764,0.0007554405090857174,0.0009851752065787452
11.766,0.0007576644526045239,0.0009844020364232241
11.768,0.0007599113788313279,0.0009836292060310548
11.77,0.0007621811547706646,0.000982856717818401
11.772,0.0007644736433263748,0.000982084574200206
11.774,0.0007667887032043956,0.0009813127775901887
11.776,0.0007691261888138495,0.0009805413304008347
11.778,0.0007714859501707454,0.000979770235043392
11.78,0.000773867832808103,0.0009789994939278636
11.782,0.0007762716776957179,0.0009782291094630022
11.784,0.000778697321170946,0.0009774590840563027
11.786,0.0007811445948801364,0.000976689420113997
11.788,0.0007836133257283931,0.0009759201200410469
11.79,0.000786103335834101,0.0009751511862411388
11.792,0.0007886144424842699,0.0009743826211166764
11.794,0.0007911464580873879,0.0009736144270687753
11.796,0.0007936991901220049,0.0009728466064972561
11.798,0.0007962724410810484,0.0009720791618006387
11.8,0.000798866008413319,0.0009713120953761354
11.802,0.0008014796844645176,0.0009705454096196452
11.804,0.0008041132564198406,0.0009697791069257477
11.806,0.00080676650624937,0.0009690131896876961
11.808,0.0008094392106562233,0.0009682476602974117
11.81,0.0008121311410265951,0.0009674825211454771
11.812,0.0008148420633807025,0.0009667177746211307
11.814,0.000817571738324294,0.0009659534231122595
11.816,0.0008203199210017725,0.000965189469005394
11.818,0.0008230863610531978,0.0009644259146857009
11.82,0.0008258708025778293,0.0009636627625369776
11.822,0.0008286729841065996,0.0009629000149416457
11.824,0.0008314926385840052,0.0009621376742807451
11.826,0.0008343294933577475,0.0009613757429339274
11.828,0.000837183270172311,0.0009606142232794497
11.83,0.0008400536851615538,0.0009598531176941687
11.832,0.0008429404488358243,0.0009590924285535345
11.834,0.0008458432660610643,0.0009583321582315842
11.836,0.000848761836030559,0.0009575723091009357
11.838,0.0008516958522329127,0.0009568128835327817
11.84,0.0008546450024221129,0.0009560538838968835
11.842,0.000857608968595801,0.0009552953125615648
11.844,0.0008605874269863122,0.0009545371718937054
11.846,0.0008635800480660194,0.0009537794642587351
11.848,0.0008665864965647135,0.0009530221920206276
11.85,0.0008696064314939262,0.0009522653575418943
11.852,0.0008726395061716693,0.0009515089631835782
11.854,0.000875685368241697,0.0009507530113052478
11.856,0.0008787436596841393,0.0009499975042649906
11.858,0.0008818140168175851,0.0009492424444194074
11.86,0.0008848960702966749,0.0009484878341236059
11.862,0.0008879894451111072,0.0009477336757311947
11.864,0.0008910937605925547,0.000946979971594277
11.866,0.000894208630434483,0.0009462267240634445
11.868,0.0008973336627264134,0.0009454739354877715
11.87,0.0009004684600008234,0.0009447216082148086
11.872,0.0009036126192873973,0.0009439697445905766
11.874,0.0009067657321679278,0.0009432183469595604
11.876,0.0009099273848251343,0.0009424674176647027
11.878,0.0009130971580811385,0.0009417169590473983
11.88,0.0009162746274247764,0.0009409669734474878
11.882,0.0009194593630310914,0.0009402174632032511
11.884,0.0009226509297794289,0.0009394684306514021
11.886,0.0009258488872784603,0.000938719878127082
11.888,0.0009290527899057502,0.0009379718079638535
11.89,0.000932262186866574,0.0009372242224936944
11.892,0.0009354766222724077,0.0009364771240469921
11.894,0.0009386956352344475,0.0009357305149525368
11.896,0.000941918759963499,0.0009349843975375161
11.898,0.0009451455258658545,0.0009342387741275083
11.9,0.0009483754576255655,0.000933493647046477
11.902,0.0009516080752677082,0.0009327490186167647
11.904,0.0009548428942029231,0.0009320048911590864
11.906,0.000958079425259794,0.0009312612669925243
11.908,0.0009613171747163758,0.0009305181484345212
11.91,0.0009645556443438962,0.0009297755378008746
11.912,0.0009677943314734041,0.0009290334374057307
11.914,0.0009710327290908834,0.0009282918495615783
11.916,0.0009742703259587463,0.0009275507765792432
11.918,0.0009775066067544927,0.0009268102207678812
11.92,0.000980741052212442,0.0009260701844349731
11.922,0.000983973139253808,0.0009253306698863182
11.924,0.0009872023410936817,0.0009245916794260282
11.926,0.0009904281273204296,0.0009238532153565215
11.928,0.0009936499639515651,0.000923115279978517
11.93,0.0009968673134770438,0.000922377875591028
11.932,0.001000079634905235,0.0009216410044913566
11.934,0.001003286383826492,0.0009209046689750873
11.936,0.0010064870125045644,0.0009201688713360812
11.938,0.0010096809699989828,0.0009194336138664699
11.94,0.0010128677023134851,0.0009186988988566499
11.942,0.0010160466525594109,0.0009179647285952761
11.944,0.0010192172611204215,0.000917231105369256
11.946,0.0010223789658058602,0.000916498031463744
11.948,0.0010255312019849493,0.0009157655091621351
11.95,0.0010286734027002723,0.0009150335407460594
11.952,0.0010318049987652247,0.0009143021284953753
11.954,0.0010349254188542533,0.0009135712746881646
11.956,0.0010380340895958281,0.0009128409816007259
11.958,0.001041130435676186,0.0009121112515075686
11.96,0.0010442138799577562,0.0009113820866814076
11.962,0.0010472838436115307,0.0009106534893931565
11.964,0.0010503397462585389,0.0009099254619119225
11.966,0.0010533810061137197,0.0009091980065049998
11.968,0.0010564070401257774,0.0009084711254378644
11.97,0.0010594172641088108,0.0009077448209741675
11.972,0.001062411092865278,0.0009070190953757299
11.974,0.0010653879403027464,0.0009062939509025361
11.976,0.001068347219549677,0.0009055693898127286
11.978,0.001071288343075826,0.0009048454143626015
11.98,0.0010742107228221653,0.000904122026806595
11.982,0.0010771137703427722,0.0009033992293972895
11.984,0.0010799968969586742,0.0009026770243853997
11.986,0.0010828595139206073,0.0009019554140197684
11.988,0.001085701032576417,0.0009012344005473613
11.99,0.0010885208645376135,0.0009005139862132605
11.992,0.0010913184218402684,0.0008997941732606588
11.994,0.0010940931170969478,0.0008990749639308543
11.996,0.0010968443636381214,0.0008983563604632439
11.998,0.0010995715756438244,0.0008976383650953178
12.0,0.0011022741682683234,0.0008969209800626536
12.002,0.0011049515578640504,0.0008962042075989104
12.004,0.001107603162097817,0.0008954880685053324
12.006,0.0011102283998765585,0.0008947725817044404
12.008,0.0011128266914980063,0.000894057746602096
12.01,0.001115397458906135,0.0008933435626047019
12.012,0.0011179401258482643,0.0008926300291192015
12.014,0.0011204541180374966,0.0008919171455530784
12.016,0.0011229388633160976,0.0008912049113143559
12.018,0.0011253937918158491,0.0008904933258115967
12.02,0.0011278183361112556,0.0008897823884539017
12.022,0.0011302119313633258,0.0008890720986509107
12.024,0.0011325740154531517,0.0008883624558128004
12.026,0.0011349040291073413,0.0008876534593502856
12.028,0.001137201416019672,0.0008869451086746173
12.03,0.00113946562297515,0.0008862374031975827
12.032,0.0011416960999821226,0.0008855303423315053
12.034,0.0011438923004163102,0.0008848239254892434
12.036,0.0011460536811776678,0.0008841181520841902
12.038,0.0011481797028574429,0.0008834130215302734
12.04,0.0011502698299100706,0.0008827085332419543
12.042,0.001152323530822815,0.0008820046866342277
12.044,0.001154340278276676,0.000881301481122621
12.046,0.0011563195492939771,0.0008805989161231944
12.048,0.0011582608253713578,0.0008798969910525394
12.05,0.001160163592600446,0.0008791957053277794
12.052,0.0011620273417812365,0.0008784950583665685
12.054,0.0011638515685347087,0.0008777950495870912
12.056,0.0011656357734210754,0.000877095678408062
12.058,0.0011673794620680206,0.0008763969442487248
12.06,0.00116908214531064,0.0008756988465288526
12.062,0.001170743339341146,0.0008750013846687469
12.064,0.001172362565863598,0.000874304558089237
12.066,0.0011739393522475642,0.00087360836621168
12.068,0.0011754732316747287,0.0008729128084579599
12.07,0.0011769637432744039,0.0008722178842504873
12.072,0.0011784104322470057,0.0008715235930121988
12.074,0.0011798128499774583,0.000870829934166557
12.076,0.0011811705541429549,0.0008701369071375491
12.078,0.001182483108819968,0.0008694445113496873
12.08,0.001183750084595225,0.000868752746228008
12.082,0.0011849710586827257,0.000868061611198071
12.084,0.0011861456150470463,0.0008673711056859598
12.086,0.001187273344530715,0.0008666812291182801
12.088,0.0011883538449825879,0.0008659919809221603
12.09,0.0011893867213845512,0.0008653033605252505
12.092,0.0011903715859748571,0.000864615367355722
12.094,0.001191308058368387,0.000863928000842267
12.096,0.0011921957656750568,0.0008632412604140982
12.098,0.0011930343426182581,0.000862555145500948
12.1,0.0011938234316543075,0.0008618696555330683
12.102,0.0011945626830920076,0.00086118478994123
12.104,0.0011952517552100948,0.0008605005481567225
12.106,0.0011958903143681433,0.0008598169296113532
12.108,0.001196478035107282,0.0008591339337374469
12.11,0.0011970146002377535,0.0008584515599678457
12.112,0.001197499700913257,0.0008577698077359081
12.114,0.0011979330366951985,0.0008570886764755086
12.116,0.0011983143156125027,0.0008564081656210378
12.118,0.0011986432542242023,0.0008557282746074011
12.12,0.001198919577691933,0.0008550490028700188
12.122,0.0011991430198671834,0.0008543703498448252
12.124,0.0011993133233951228,0.0008536923149682688
12.126,0.0011994302398326622,0.000853014897677311
12.128,0.0011994935297751873,0.0008523380974094262
12.13,0.0011995029629841896,0.0008516619136026013
12.132,0.0011994583185072339,0.0008509863456953349
12.134,0.0011993593847832015,0.000850311393126637
12.136,0.0011992059597282056,0.0008496370553360289
12.138,0.0011989978508010208,0.0008489633317635422
12.14,0.0011987348750504162,0.0008482902218497185
12.142,0.0011984168591493256,0.0008476177250356091
12.144,0.0011980436394223672,0.0008469458407627743
12.146,0.0011976150618731285,0.0008462745684732831
12.148,0.0011971309822163087,0.0008456039076097129
12.15,0.0011965912659175747,0.0008449338576151484
12.152,0.001195995788242055,0.0008442644179331817
12.154,0.0011953444343101118,0.000843595588007912
12.156,0.0011946370991585422,0.0008429273672839446
12.158,0.00119387368780506,0.0008422597552063907
12.16,0.001193054115314931,0.0008415927512208669
12.162,0.0011921783068690383,0.0008409263547734948
12.164,0.0011912461978336297,0.0008402605653109005
12.166,0.0011902577338313099,0.0008395953822802142
12.168,0.0011892128708118294,0.0008389308051290694
12.17,0.001188111575119713,0.0008382668333056031
12.172,0.001186953823554124,0.0008376034662584547
12.174,0.0011857396034157383,0.000836940703436766
12.176,0.001184468912536063,0.0008362785442901803
12.178,0.0011831417592866552,0.0008356169882688424
12.18,0.001181758162568566,0.0008349560348233978
12.182,0.0011803181517863492,0.0008342956834049926
12.184,0.0011788217668133939,0.0008336359334652726
12.186,0.0011772690579575167,0.0008329767844563831
12.188,0.0011756600859356265,0.0008323182358309684
12.19,0.0011739949218645246,0.0008316602870421715
12.192,0.0011722736472719749,0.0008310029375436333
12.194,0.0011704963541281418,0.0008303461867894924
12.196,0.0011686631448940418,0.0008296900342343849
12.198,0.0011667741325802313,0.000829034479333443
12.2,0.0011648294408074993,0.000828379521542296
12.202,0.0011628292038607007,0.0008277251603170683
12.204,0.001160773566728109,0.0008270713951143801
12.206,0.001158662685120542,0.0008264182253913465
12.208,0.001156496725467803,0.000825765650605577
12.21,0.0011542758648929942,0.0008251136702151752
12.212,0.001152000291168259,0.0008244622836787381
12.214,0.0011496702026577805,0.0008238114904553562
12.216,0.0011472858082552024,0.0008231612900046122
12.218,0.0011448473273220632,0.0008225116817865815
12.22,0.001142354989633308,0.0008218626652618309
12.222,0.0011398090353329868,0.0008212142398914189
12.224,0.0011372097149010025,0.0008205664051368947
12.226,0.0011345572891294257,0.0008199191604602979
12.228,0.0011318520291047367,0.0008192725053241583
12.23,0.0011290942161921364,0.0008186264391914949
12.232,0.0011262841420181275,0.0008179809615258163
12.234,0.0011234221084492685,0.0008173360717911193
12.236,0.0011205084275662522,0.0008166917694518891
12.238,0.0011175434216341255,0.0008160480539730988
12.24,0.0011145274230697974,0.0008154049248202086
12.242,0.0011114607744077333,0.0008147623814591658
12.244,0.0011083438282632897,0.000814120423356404
12.246,0.001105176947291723,0.0008134790499788427
12.248,0.0011019605041394916,0.0008128382607938871
12.25,0.0010986948813843233,0.0008121980552694276
12.252,0.0010953804714615534,0.0008115584328738391
12.254,0.0010920176765767703,0.0008109193930759808
12.256,0.001088606908607652,0.0008102809353451957
12.258,0.001085148589001047,0.0008096430591513101
12.26,0.001081643148672657,0.0008090057639646333
12.262,0.0010780910279168214,0.0008083690492559569
12.264,0.001074492676331393,0.0008077329144965547
12.266,0.0010708485527587113,0.0008070973591581819
12.268,0.0010671591252393218,0.0008064623827130752
12.27,0.0010634248709709831,0.0008058279846339515
12.272,0.0010596462762635724,0.0008051941643940084
12.274,0.001055823836480558,0.0008045609214669231
12.276,0.001051958055960766,0.0008039282553268524
12.278,0.001048049447918531,0.000803296165448432
12.28,0.0010440985343253151,0.0008026646513067759
12.282,0.001040105845779851,0.0008020337123774764
12.284,0.0010360719213761205,0.0008014033481366034
12.286,0.0010319973085779507,0.0008007735580607042
12.288,0.0010278825631063163,0.0008001443416268025
12.29,0.001023728248841283,0.0007995156983123988
12.292,0.0010195349377365207,0.0007988876275954692
12.294,0.0010153032097407044,0.0007982601289544652
12.296,0.0010110336527190446,0.0007976332018683138
12.298,0.0010067268623687843,0.0007970068458164162
12.3,0.0010023834421246827,0.000796381060278648
12.302,0.0009980040030538933,0.0007957558447353585
12.304,0.00099358916374209,0.0007951311986673701
12.306,0.0009891395501743622,0.0007945071215559786
12.308,0.000984655795614337,0.0007938836128829516
12.31,0.0009801385404833874,0.0007932606721305295
12.312,0.0009755884322396832,0.0007926382987814236
12.314,0.0009710061252544131,0.0007920164923188167
12.316,0.0009663922806816663,0.0007913952522263623
12.318,0.0009617475663188797,0.0007907745779881842
12.32,0.0009570726564566679,0.0007901544690888761
12.322,0.0009523682317199089,0.0007895349250135012
12.324,0.0009476349789050425,0.0007889159452475916
12.326,0.0009428735908205283,0.0007882975292771482
12.328,0.0009380847661376424,0.0007876796765886399
12.33,0.0009332692092572893,0.0007870623866690034
12.332,0.0009284276301945978,0.0007864456590056426
12.334,0.0009235607444788728,0.0007858294930864285
12.336,0.0009186692730624076,0.0007852138883996985
12.338,0.000913753942228403,0.0007845988444342561
12.34,0.0009088154834879802,0.0007839843606793703
12.342,0.000903854633458102,0.0007833704366247753
12.344,0.000898872133715678,0.0007827570717606702
12.346,0.0008938687306287011,0.0007821442655777184
12.348,0.0008888451751696204,0.0007815320175670471
12.35,0.0008838022227204187,0.0007809203272202473
12.352,0.0008787406328797017,0.0007803091940293726
12.354,0.0008736611692815126,0.0007796986174869398
12.356,0.0008685645994319806,0.0007790885970859276
12.358,0.0008634516945651945,0.0007784791323197767
12.36,0.0008583232295149467,0.000777870222682389
12.362,0.0008531799825948366,0.0007772618676681275
12.364,0.0008480227354775586,0.0007766540667718157
12.366,0.0008428522730646159,0.0007760468194887375
12.368,0.0008376693833408676,0.000775440125314636
12.37,0.0008324748572118683,0.0007748339837457141
12.372,0.000827269488327317,0.0007742283942786334
12.374,0.0008220540728965894,0.0007736233564105138
12.376,0.0008168294095044485,0.0007730188696389336
12.378,0.000811596298934045,0.0007724149334619282
12.38,0.0008063555440016969,0.0007718115473779909
12.382,0.0008011079494043541,0.0007712087108860712
12.384,0.0007958543215765684,0.0007706064234855752
12.386,0.0007905954685514448,0.0007700046846763652
12.388,0.0007853321998190512,0.0007694034939587587
12.39,0.0007800653261769493,0.0007688028508335284
12.392,0.000774795659569955,0.0007682027548019018
12.394,0.0007695240129194047,0.0007676032053655608
12.396,0.000764251199944946,0.0007670042020266409
12.398,0.000758978034983448,0.0007664057442877313
12.4,0.0007537053328096413,0.0007658078316518743
12.402,0.0007484339084618934,0.0007652104636225647
12.404,0.0007431645770743342,0.0007646136397037496
12.406,0.0007378981537144706,0.000764017359399828
12.408,0.0007326354532237395,0.0007634216222156502
12.41,0.0007273772900579473,0.0007628264276565176
12.412,0.0007221244781251196,0.0007622317752281821
12.414,0.000716877830619521,0.0007616376644368459
12.416,0.0007116381598524554,0.0007610440947891609
12.418,0.0007064062770818447,0.0007604510657922283
12.42,0.0007011829923436939,0.0007598585769535984
12.422,0.0006959691142883894,0.00075926662778127
12.424,0.0006907654500241282,0.00075867521778369
12.426,0.0006855728049681919,0.0007580843464697529
12.428,0.000680391982704748,0.0007574940133488008
12.43,0.0006752237848462753,0.0007569042179306226
12.432,0.0006700690108940725,0.0007563149597254536
12.434,0.0006649284580931157,0.0007557262382439754
12.436,0.0006598029212771696,0.0007551380529973151
12.438,0.0006546931927017566,0.0007545504034970452
12.44,0.0006496000618653358,0.000753963289255183
12.442,0.0006445243153218335,0.0007533767097841905
12.444,0.0006394667364901001,0.0007527906645969733
12.446,0.0006344281054672031,0.0007522051532068811
12.448,0.0006294091988519537,0.0007516201751277069
12.45,0.0006244107895835214,0.0007510357298736862
12.452,0.0006194336467962647,0.0007504518169594972
12.454,0.0006144785356886867,0.0007498684359002601
12.456,0.0006095462174009576,0.0007492855862115368
12.458,0.0006046374488937866,0.0007487032674093303
12.46,0.000599752982821408,0.0007481214790100847
12.462,0.0005948935673935086,0.0007475402205306842
12.464,0.00059005994622411,0.0007469594914884534
12.466,0.0005852528581690955,0.0007463792914011564
12.468,0.0005804730371571616,0.0007457996197869964
12.47,0.0005757212120203932,0.0007452204761646155
12.472,0.0005709981063305709,0.0007446418600530946
12.474,0.0005663044382452238,0.0007440637709719521
12.476,0.0005616409203645955,0.0007434862084411444
12.478,0.000557008259597826,0.000742909171981065
12.48,0.0005524071570343858,0.0007423326611125443
12.482,0.0005478383078164628,0.0007417566753568492
12.484,0.0005433024010086297,0.0007411812142356826
12.486,0.0005388001194636318,0.000740606277271183
12.488,0.0005343321396855142,0.0007400318639859242
12.49,0.0005298991316933957,0.0007394579739029148
12.492,0.0005255017588902039,0.0007388846065455981
12.494,0.0005211406779398543,0.0007383117614378512
12.496,0.0005168165386542444,0.000737739438103985
12.498,0.000512529983888708,0.0007371676360687437
12.5,0.0005082816494414867,0.0007365963548573043
12.502,0.000504072163951437,0.0007360255939952763
12.504,0.0004999021487879367,0.0007354553530087015
12.506,0.0004957722179285795,0.000734885631424053
12.508,0.0004916829778235955,0.0007343164287682356
12.51,0.0004876350272493307,0.0007337477445685848
12.512,0.00048362895715627617,0.0007331795783528668
12.514,0.00047966535051915656,0.0007326119296492777
12.516,0.0004757447821963905,0.0007320447979864435
12.518,0.0004718678188046822,0.0007314781828934195
12.52,0.0004680350186115263,0.00073091208389969
12.522,0.00046424693144504807,0.0007303465005351679
12.524,0.000460504098617703,0.000729781432330194
12.526,0.00045680705285842233,0.0007292168788155372
12.528,0.00045315631824740653,0.0007286528395223939
12.53,0.0004495524101482669,0.000728089313982387
12.532,0.00044599583513397833,0.0007275263017275665
12.534,0.0004424870909047612,0.0007269638022904084
12.536,0.00043902666619796704,0.0007264018152038147
12.538,0.000435615040691194,0.0007258403400011126
12.54,0.0004322526849009738,0.0007252793762160546
12.542,0.0004289400600796329,0.0007247189233828179
12.544,0.00042567761811321335,0.0007241589810360037
12.546,0.0004224658014230972,0.0007235995487106374
12.548,0.00041930504287364634,0.0007230406259421678
12.55,0.00041619576568760393,0.0007224822122664669
12.552,0.0004131383833697924,0.0007219243072198293
12.554,0.00041013329963902163,0.0007213669103389722
12.556,0.0004071809083666032,0.0007208100211610345
12.558,0.0004042815935193228,0.000720253639223577
12.56,0.0004014357291043511,0.0007196977640645815
12.562,0.00039864367911384964,0.0007191423952224507
12.564,0.0003959057974679228,0.0007185875322360077
12.566,0.00039322242795574445,0.0007180331746444957
12.568,0.0003905939041759389,0.0007174793219875775
12.57,0.00038802054947800074,0.0007169259738053353
12.572,0.0003855026769069244,0.0007163731296382702
12.574,0.0003830405891526044,0.0007158207890273019
12.576,0.0003806345785046541,0.000715268951513768
12.578,0.0003782849268119873,0.0007147176166394241
12.58,0.0003759919054455147,0.0007141667839464432
12.582,0.00037375577526167184,0.000713616452977415
12.584,0.00037157678656479424,0.0007130666232753464
12.586,0.00036945517906716597,0.00071251729438366
12.588,0.0003673911818470033,0.0007119684658461945
12.59,0.00036538501330597316,0.0007114201372072041
12.592,0.0003634368811290008,0.000710872308011358
12.594,0.0003615469822492709,0.0007103249778037405
12.596,0.00035971550282078016,0.0007097781461298498
12.598,0.0003579426181993761,0.0007092318125355982
12.6,0.0003562284929315354,0.0007086859765673118
12.602,0.000354573280748494,0.0007081406377717299
12.604,0.0003529771245625073,0.0007075957956960043
12.606,0.00035144015646200894,0.0007070514498876997
12.608,0.000349962497703754,0.0007065075998947926
12.61,0.00034854425870140145,0.0007059642452656714
12.612,0.00034718553901199337,0.0007054213855491358
12.614,0.000345886427323045,0.0007048790202943966
12.616,0.0003446470014430708,0.000704337149051075
12.618,0.0003434673282977755,0.0007037957713692024
12.62,0.0003423474639324917,0.0007032548867992202
12.622,0.00034128745351977687,0.0007027144948919793
12.624,0.0003402873313698034,0.0007021745951987395
12.626,0.0003393471209409494,0.0007016351872711696
12.628,0.00033846683484888224,0.0007010962706613466
12.63,0.000337646474874066,0.0007005578449217556
12.632,0.0003368860319696546,0.0007000199096052891
12.634,0.00033618548627307126,0.000699482464265247
12.636,0.0003355448071246936,0.0006989455084553361
12.638,0.00033496395309593326,0.0006984090417296696
12.64,0.0003344428720266175,0.000697873063642767
12.642,0.0003339815010686434,0.0006973375737495533
12.644,0.0003335797667308301,0.0006968025716053592
12.646,0.00033323758491867584,0.0006962680567659203
12.648,0.0003329548609640744,0.0006957340287873767
12.65,0.00033273148964245674,0.0006952004872262731
12.652,0.0003325673551791129,0.0006946674316395578
12.654,0.0003324623312501864,0.0006941348615845829
12.656,0.00033241628098673186,0.0006936027766191034
12.658,0.000332429056990952,0.0006930711763012775
12.66,0.0003325005013719326,0.0006925400601896655
12.662,0.00033263044580425906,0.0006920094278432301
12.664,0.0003328187116077965,0.0006914792788213354
12.666,0.0003330651098420164,0.0006909496126837471
12.668,0.0003333694414049036,0.0006904204289906317
12.67,0.00033373149712583505,0.0006898917273025565
12.672,0.0003341510578437778,0.0006893635071804889
12.674,0.00033462789446672524,0.0006888357681857963
12.676,0.00033516176801376386,0.0006883085098802456
12.678,0.0003357524296460568,0.0006877817318260027
12.68,0.0003363996206963703,0.0006872554335856327
12.682,0.0003371030727068096,0.0006867296147220986
12.684,0.0003378625074818314,0.0006862042747987619
12.686,0.00033867763715893164,0.0006856794133793816
12.688,0.0003395481642937912,0.0006851550300281142
12.69,0.0003404737819523142,0.0006846311243095131
12.692,0.0003414541738000457,0.0006841076957885282
12.694,0.00034248901418013804,0.000683584744030506
12.696,0.00034357796817529153,0.0006830622686011886
12.698,0.00034472069165414625,0.0006825402690667136
12.7,0.0003459168313088115,0.0006820187449936141
12.702,0.0003471660246935901,0.0006814976959488177
12.704,0.0003484679002768091,0.0006809771214996466
12.706,0.00034982207751515474,0.0006804570212138172
12.708,0.0003512281669554193,0.0006799373946594396
12.71,0.0003526857703622322,0.0006794182414050171
12.712,0.0003541944808642219,0.0006788995610194461
12.714,0.00035575388310697095,0.0006783813530720159
12.716,0.00035736355339963447,0.0006778636171324078
12.718,0.0003590230598437931,0.0006773463527706953
12.72,0.00036073196243770905,0.0006768295595573433
12.722,0.00036248981315483526,0.000676313237063208
12.724,0.00036429615600150925,0.0006757973848595367
12.726,0.0003661505270631825,0.000675282002517967
12.728,0.00036805245455071776,0.0006747670896105266
12.73,0.00037000145885781054,0.0006742526457096332
12.732,0.0003719970526375316,0.0006737386703880939
12.734,0.0003740387409014863,0.0006732251632191049
12.736,0.00037612602114008557,0.000672712123776251
12.738,0.00037825838345795535,0.0006721995516335058
12.74,0.00038043531071611607,0.0006716874463652305
12.742,0.00038265627867164765,0.0006711758075461743
12.744,0.00038492075610753717,0.0006706646347514737
12.746,0.0003872282049483186,0.0006701539275566519
12.748,0.00038957808036148707,0.000669643685537619
12.75,0.00039196983084828816,0.0006691339082706715
12.752,0.000394402898330281,0.0006686245953324915
12.754,0.00039687671823921994,0.0006681157463001468
12.756,0.000399390719616695,0.0006676073607510906
12.758,0.0004019443252275565,0.0006670994382631608
12.76,0.0004045369516877574,0.0006665919784145798
12.762,0.00040716800960373986,0.0006660849807839543
12.764,0.0004098369037179518,0.0006655784449502748
12.766,0.00041254303305385666,0.000665072370492915
12.768,0.0004152857910545506,0.0006645667569916323
12.77,0.0004180645657109105,0.0006640616040265661
12.772,0.000420878739678225,0.000663556911178239
12.774,0.00042372769038314566,0.0006630526780275552
12.776,0.0004266107901251935,0.0006625489041558009
12.778,0.0004295274061779637,0.0006620455891446434
12.78,0.0004324769008951132,0.0006615427325761314
12.782,0.0004354586318244057,0.0006610403340326939
12.784,0.00043847195183103663,0.0006605383930971405
12.786,0.000441516209229014,0.0006600369093526607
12.788,0.0004445907479175404,0.0006595358823828238
12.79,0.00044769490751862205,0.000659035311771578
12.792,0.00045082802351249795,0.0006585351971032511
12.794,0.00045398942736869037,0.0006580355379625488
12.796,0.00045717844667281005,0.0006575363339345557
12.798,0.00046039440525093685,0.0006570375846047339
12.8,0.0004636366232949162,0.0006565392895589233
12.802,0.00046690441749220544,0.0006560414483833409
12.804,0.000470197101162889,0.0006555440606645807
12.806,0.0004735139844046407,0.0006550471259896131
12.808,0.0004768543742435925,0.000654550643945785
12.81,0.00048021757478694706,0.0006540546141208188
12.812,0.0004836028873717842,0.0006535590361028128
12.814,0.00048700961070449343,0.00065306390948024
12.816,0.0004904370409874486,0.0006525692338419487
12.818,0.0004938844720326935,0.0006520750087771614
12.82,0.0004973511953661063,0.000651581233875475
12.822,0.0005008365003290157,0.00065108790872686
12.824,0.0005043396741853904,0.0006505950329216604
12.826,0.0005078600022424415,0.0006501026060505934
12.828,0.000511396767988809,0.0006496106277047492
12.83,0.0005149492532502816,0.00064911909747559
12.832,0.0005185167383575236,0.0006486280149549503
12.834,0.000522098502316826,0.0006481373797350366
12.836,0.000525693822973373,0.0006476471914084267
12.838,0.0005293019771584511,0.0006471574495680692
12.84,0.0005329222408165262,0.000646668153807284
12.842,0.0005365538891139645,0.0006461793037197609
12.844,0.000540196196536779,0.0006456908988995602
12.846,0.0005438484369882423,0.0006452029389411118
12.848,0.0005475098838971955,0.0006447154234392149
12.85,0.0005511798103448086,0.0006442283519890379
12.852,0.0005548574892115435,0.0006437417241861178
12.854,0.0005585421933398196,0.0006432555396263603
12.856,0.000562233195702919,0.0006427697979060389
12.858,0.0005659297695685164,0.0006422844986217949
12.86,0.0005696311886471917,0.000641799641370637
12.862,0.0005733367272209877,0.000641315225749941
12.864,0.0005770456602538341,0.0006408312513574494
12.866,0.0005807572634915469,0.0006403477177912711
12.868,0.0005844708135626949,0.0006398646246498809
12.87,0.0005881855880916472,0.0006393819715321198
12.872,0.0005919008658311694,0.0006388997580371936
12.874,0.0005956159268157688,0.0006384179837646736
12.876,0.0005993300525302897,0.0006379366483144957
12.878,0.00060304252608282,0.00063745575128696
12.88,0.0006067526323694319,0.000636975292282731
12.882,0.0006104596582198796,0.0006364952709028367
12.884,0.000614162892518887,0.0006360156867486684
12.886,0.0006178616263042516,0.000635536539421981
12.888,0.000621555152849624,0.0006350578285248915
12.89,0.0006252427677436633,0.0006345795536598796
12.892,0.000628923768978123,0.0006341017144297871
12.894,0.0006325974570541621,0.0006336243104378177
12.896,0.0006362631351111616,0.000633147341287536
12.898,0.0006399201090756605,0.0006326708065828684
12.9,0.0006435676878232213,0.0006321947059281014
12.902,0.0006472051833431572,0.0006317190389278825
12.904,0.0006508319108964459,0.0006312438051872188
12.906,0.000654447189159998,0.0006307690043114775
12.908,0.0006580503403547464,0.0006302946359063852
12.91,0.0006616406903592535,0.0006298206995780275
12.912,0.0006652175688134353,0.0006293471949328489
12.914,0.0006687803092178504,0.0006288741215776523
12.916,0.0006723282490330827,0.0006284014791195989
12.918,0.0006758607297815558,0.0006279292671662076
12.92,0.0006793770971519512,0.0006274574853253548
12.922,0.0006828767011050117,0.0006269861332052739
12.924,0.0006863588959794461,0.0006265152104145555
12.926,0.0006898230405976437,0.0006260447165621464
12.928,0.0006932684983724827,0.0006255746512573497
12.93,0.000696694637417609,0.0006251050141098246
12.932,0.0007001008306637526,0.0006246358047295853
12.934,0.000703486455982352,0.0006241670227270016
12.936,0.000706850896315747,0.0006236986677127981
12.938,0.0007101935398106465,0.0006232307392980542
12.94,0.0007135137799500576,0.0006227632370942031
12.942,0.0007168110156780984,0.0006222961607130322
12.944,0.0007200846515135627,0.0006218295097666826
12.946,0.0007233340976503243,0.0006213632838676483
12.948,0.0007265587700454732,0.0006208974826287768
12.95,0.0007297580904989862,0.0006204321056632677
12.952,0.0007329314867299752,0.0006199671525846732
12.954,0.0007360783924549634,0.0006195026230068976
12.956,0.0007391982474721142,0.0006190385165441964
12.958,0.0007422904977535266,0.0006185748328111771
12.96,0.0007453545955447302,0.0006181115714227978
12.962,0.0007483899994688951,0.0006176487319943674
12.964,0.0007513961746315591,0.0006171863141415452
12.966,0.0007543725927214905,0.0006167243174803405
12.968,0.0007573187321041927,0.0006162627416271127
12.97,0.0007602340779058574,0.0006158015861985703
12.972,0.00076311812208771,0.0006153408508117709
12.974,0.0007659703635127626,0.000614880535084121
12.976,0.000768790308008654,0.0006144206386333757
12.978,0.0007715774684312164,0.0006139611610776382
12.98,0.000774331364733345,0.0006135021020353594
12.982,0.0007770515240424888,0.0006130434611253377
12.984,0.0007797374807478629,0.0006125852379667192
12.986,0.0007823887765956558,0.0006121274321789962
12.988,0.0007850049607877661,0.0006116700433820082
12.99,0.0007875855900779087,0.0006112130711959406
12.992,0.0007901302288585468,0.0006107565152413249
12.994,0.0007926384492334888,0.0006103003751390382
12.996,0.0007951098310741809,0.000609844650510303
12.998,0.0007975439620613731,0.0006093893409766865
13.0,0.0007999404377173423,0.0006089344461601009
13.002,0.0008022988614362829,0.0006084799656828029
13.004,0.0008046188445204798,0.0006080258991673929
13.006,0.0008069000062279607,0.0006075722462368151
13.008,0.0008091419738337864,0.0006071190065143576
13.01,0.0008113443827025482,0.000606666179623651
13.012,0.0008135068763661762,0.000606213765188669
13.014,0.0008156291065989336,0.000605761762833728
13.016,0.0008177107334818895,0.0006053101721834862
13.018,0.0008197514254513932,0.000604858992862944
13.02,0.0008217508593303782,0.0006044082244974432
13.022,0.000823708720345354,0.0006039578667126669
13.024,0.0008256247021355699,0.0006035079191346393
13.026,0.0008274985067624249,0.0006030583813897248
13.028,0.0008293298447265477,0.0006026092531046286
13.03,0.0008311184349971489,0.0006021605339063956
13.032,0.0008328640050542488,0.0006017122234224105
13.034,0.0008345662909401369,0.0006012643212803975
13.036,0.0008362250373131399,0.0006008168271084197
13.038,0.0008378399974953598,0.0006003697405348793
13.04,0.0008394109335069323,0.0005999230611885165
13.042,0.0008409376160823257,0.0005994767886984101
13.044,0.0008424198246682155,0.0005990309226939764
13.046,0.0008438573474070164,0.0005985854628049695
13.048,0.0008452499811133115,0.0005981404086614806
13.05,0.0008465975312519821,0.0005976957598939379
13.052,0.0008478998119258817,0.0005972515161331062
13.054,0.0008491566458780685,0.0005968076770100866
13.056,0.0008503678645094623,0.0005963642421563162
13.058,0.000851533307908461,0.0005959212112035679
13.06,0.0008526528248858419,0.0005954785837839498
13.062,0.0008537262730067847,0.0005950363595299053
13.064,0.0008547535186122953,0.0005945945380742125
13.066,0.0008557344368249705,0.000594153119049984
13.068,0.0008566689115369671,0.0005937121020906665
13.07,0.0008575568353817098,0.0005932714868300407
13.072,0.0008583981096934207,0.0005928312729022208
13.074,0.0008591926444597572,0.0005923914599416543
13.076,0.0008599403582731499,0.0005919520475831216
13.078,0.0008606411782853805,0.0005915130354617358
13.08,0.0008612950401686543,0.0005910744232129423
13.082,0.0008619018880851549,0.0005906362104725186
13.084,0.0008624616746656486,0.0005901983968765741
13.086,0.0008629743609970012,0.0005897609820615495
13.088,0.0008634399166171737,0.0005893239656642166
13.09,0.0008638583195152735,0.0005888873473216779
13.092,0.0008642295561328931,0.0005884511266713669
13.094,0.0008645536213618145,0.000588015303351047
13.096,0.0008648305185326336,0.0005875798769988115
13.098,0.0008650602593891497,0.0005871448472530837
13.1,0.0008652428640451239,0.0005867102137526159
13.102,0.0008653783609224773,0.0005862759761364895
13.104,0.0008654667866732336,0.0005858421340441147
13.106,0.0008655081860904709,0.0005854086871152302
13.108,0.0008655026120152489,0.0005849756349899027
13.11,0.0008654501252471591,0.0005845429773085269
13.112,0.0008653507944645463,0.0005841107137118249
13.114,0.0008652046961582302,0.0005836788438408461
13.116,0.0008650119145792405,0.0005832473673369668
13.118,0.0008647725416984122,0.0005828162838418901
13.12,0.0008644866771734837,0.0005823855929976454
13.122,0.0008641544283188014,0.0005819552944465881
13.124,0.0008637759100729801,0.0005815253878313993
13.126,0.0008633512449611512,0.0005810958727950857
13.128,0.0008628805630498033,0.0005806667489809791
13.13,0.0008623640018937789,0.0005802380160327362
13.132,0.000861801706475387,0.0005798096735943382
13.134,0.0008611938291365398,0.0005793817213100907
13.136,0.0008605405295043075,0.0005789541588246231
13.138,0.0008598419744107009,0.0005785269857828886
13.14,0.0008590983378071389,0.0005781002018301639
13.142,0.0008583098006746466,0.0005776738066120488
13.144,0.0008574765509309417,0.0005772477997744655
13.146,0.0008565987833358572,0.0005768221809636593
13.148,0.0008556766993968954,0.0005763969498261971
13.15,0.0008547105072764022,0.0005759721060089683
13.152,0.0008537004217018267,0.0005755476491591836
13.154,0.0008526466638801709,0.0005751235789243751
13.156,0.0008515494614177243,0.000574699894952396
13.158,0.0008504090482458952,0.0005742765968914202
13.16,0.0008492256645540434,0.000573853684389942
13.162,0.0008479995567295861,0.000573431157096776
13.164,0.000846730977304937,0.0005730090146610566
13.166,0.00084542018490934,0.0005725872567322377
13.168,0.0008440674442219062,0.0005721658829600928
13.17,0.0008426730259206071,0.000571744892994714
13.172,0.0008412372066208288,0.0005713242864865124
13.174,0.0008397602687975899,0.0005709040630862174
13.176,0.0008382425006872093,0.0005704842224448764
13.178,0.0008366841961674638,0.0005700647642138552
13.18,0.0008350856546195822,0.0005696456880448364
13.182,0.0008334471807792513,0.0005692269935898204
13.184,0.0008317690845870569,0.0005688086805011243
13.186,0.0008300516810496859,0.000568390748431382
13.188,0.0008282952901220238,0.0005679731970335437
13.19,0.0008265002366167821,0.0005675560259608759
13.192,0.0008246668501433054,0.0005671392348669608
13.194,0.0008227954650717426,0.0005667228234056959
13.196,0.0008208864205142397,0.0005663067912312945
13.198,0.0008189400603116048,0.0005658911379982844
13.2,0.0008169567330133802,0.0005654758633615081
13.202,0.0008149367918406727,0.0005650609669761228
13.204,0.0008128805946247263,0.0005646464484975995
13.206,0.0008107885037187614,0.0005642323075817232
13.208,0.0008086608858853467,0.0005638185438845923
13.21,0.0008064981121658788,0.0005634051570626184
13.212,0.0008043005577412877,0.0005629921467725262
13.214,0.0008020686017939557,0.000562579512671353
13.216,0.0007998026273799506,0.0005621672544164484
13.218,0.0007975030213179424,0.0005617553716654744
13.22,0.0007951701740975573,0.0005613438640764045
13.222,0.0007928044798061563,0.0005609327313075237
13.224,0.0007904063360696461,0.0005605219730174287
13.226,0.000787976144001103,0.0005601115888650266
13.228,0.0007855143081503426,0.0005597015785095355
13.23,0.0007830212364490967,0.000559291941610484
13.232,0.0007804973401485966,0.0005588826778277104
13.234,0.0007779430337491641,0.0005584737868213634
13.236,0.0007753587349239795,0.0005580652682519007
13.238,0.0007727448644403672,0.0005576571217800896
13.24,0.000770101846082206,0.0005572493470670063
13.242,0.0007674301065758898,0.0005568419437740358
13.244,0.0007647300755204022,0.0005564349115628714
13.246,0.0007620021853202486,0.0005560282500955145
13.248,0.0007592468711185625,0.0005556219590342745
13.25,0.0007564645707275799,0.0005552160380417684
13.252,0.000753655724554231,0.0005548104867809204
13.254,0.0007508207755202918,0.0005544053049149618
13.256,0.0007479601689783007,0.0005540004921074306
13.258,0.0007450743526261414,0.0005535960480221711
13.26,0.000742163776424026,0.0005531919723233342
13.262,0.0007392288925179322,0.0005527882646753764
13.264,0.0007362701551724373,0.0005523849247430599
13.266,0.0007332880207146309,0.0005519819521914521
13.268,0.000730282947488691,0.0005515793466859258
13.27,0.0007272553958188576,0.0005511771078921583
13.272,0.0007242058279767463,0.0005507752354761317
13.274,0.000721134708147934,0.000550373729104132
13.276,0.0007180425023925159,0.0005499725884427494
13.278,0.0007149296785950386,0.0005495718131588777
13.28,0.0007117967064011958,0.0005491714029197141
13.282,0.0007086440571411703,0.0005487713573927589
13.284,0.0007054722037425713,0.0005483716762458155
13.286,0.0007022816206384893,0.0005479723591469896
13.288,0.0006990727836778726,0.0005475734057646892
13.29,0.0006958461700455538,0.0005471748157676246
13.292,0.0006926022581974829,0.0005467765888248075
13.294,0.0006893415278138386,0.0005463787246055514
13.296,0.000686064459768651,0.0005459812227794708
13.298,0.0006827715361109158,0.0005455840830164813
13.3,0.0006794632400499768,0.0005451873049867989
13.302,0.00067614005593709,0.0005447908883609402
13.304,0.0006728024692368269,0.0005443948328097218
13.306,0.0006694509664849618,0.0005439991380042602
13.308,0.0006660860352332985,0.0005436038036159715
13.31,0.0006627081639854208,0.000543208829316571
13.312,0.0006593178421294525,0.0005428142147780731
13.314,0.0006559155598741967,0.0005424199596727908
13.316,0.000652501808193683,0.0005420260636733357
13.318,0.0006490770787821546,0.0005416325264526176
13.32,0.0006456418640184347,0.0005412393476838441
13.322,0.0006421966569360278,0.0005408465270405206
13.324,0.0006387419511934835,0.0005404540641964498
13.326,0.0006352782410400016,0.0005400619588257316
13.328,0.0006318060212724174,0.0005396702106027627
13.33,0.0006283257871820532,0.0005392788192022363
13.332,0.0006248380344928466,0.0005388877842991422
13.334,0.000621343259294261,0.0005384971055687657
13.336,0.0006178419579739397,0.0005381067826866885
13.338,0.0006143346271555595,0.0005377168153287872
13.34,0.0006108217636463126,0.000537327203171234
13.342,0.0006073038643967495,0.000536937945890496
13.344,0.0006037814264733521,0.0005365490431633349
13.346,0.0006002549470415371,0.0005361604946668068
13.348,0.0005967249233546299,0.0005357723000782622
13.35,0.0005931918527429354,0.0005353844590753451
13.352,0.0005896562325964444,0.0005349969713359934
13.354,0.0005861185603357656,0.0005346098365384384
13.356,0.0005825793333678091,0.0005342230543612041
13.358,0.0005790390490254726,0.0005338366244831078
13.36,0.0005754982044936826,0.0005334505465832589
13.362,0.0005719572967267253,0.0005330648203410594
13.364,0.0005684168223633926,0.0005326794454362032
13.366,0.000564877277646819,0.0005322944215486761
13.368,0.0005613391583545651,0.000531909748358755
13.37,0.0005578029597425015,0.0005315254255470084
13.372,0.0005542691765031398,0.0005311414527942956
13.374,0.0005507383027365757,0.0005307578297817666
13.376,0.0005472108319302496,0.0005303745561908618
13.378,0.0005436872569430436,0.0005299916317033119
13.38,0.0005401680699892932,0.0005296090560011372
13.382,0.0005366537626193453,0.0005292268287666479
13.384,0.00053314482569445,0.0005288449496824435
13.386,0.00052964174935469,0.0005284634184314125
13.388,0.0005261450229792558,0.0005280822346967325
13.39,0.0005226551351381655,0.0005277013981618692
13.392,0.0005191725735344657,0.0005273209085105772
13.394,0.0005156978249356694,0.0005269407654268987
13.396,0.0005122313750936406,0.0005265609685951638
13.398,0.0005087737086534084,0.0005261815176999904
13.4,0.0005053253090531238,0.0005258024124262834
13.402,0.0005018866584195542,0.0005254236524592345
13.404,0.0004984582374651223,0.0005250452374843227
13.406,0.0004950405253934093,0.000524667167187313
13.408,0.0004916339998192814,0.0005242894412542567
13.41,0.00048823913670783604,0.0005239120593714913
13.412,0.00048485641033330383,0.0005235350212256398
13.414,0.00048148629325540677,0.0005231583265036107
13.416,0.0004781292563077964,0.0005227819748925977
13.418,0.0004747857685911692,0.0005224059660800792
13.42,0.0004714562974632513,0.0005220302997538186
13.422,0.0004681413085188193,0.0005216549756018635
13.424,0.00046484126555505,0.0005212799933125456
13.426,0.0004615566305195507,0.0005209053525744808
13.428,0.00045828786344080034,0.0005205310530765682
13.43,0.0004550354223417494,0.0005201570945079905
13.432,0.0004517997631383956,0.0005197834765582134
13.434,0.0004485813395252924,0.0005194101989169855
13.436,0.0004453806028508582,0.0005190372612743381
13.438,0.00044219800198635025,0.0005186646633205846
13.44,0.0004390339831943093,0.0005182924047463207
13.442,0.000435888990003975,0.0005179204852424239
13.444,0.0004327634631026537,0.000517548904500053
13.446,0.00042965784025114493,0.0005171776622106485
13.448,0.00042657255622913264,0.0005168067580659315
13.45,0.000423508042811175,0.0005164361917579044
13.452,0.000420464728767826,0.0005160659629788497
13.454,0.00041744303988009937,0.0005156960714213304
13.456,0.00041444339895085723,0.0005153265167781896
13.458,0.0004114662257957911,0.0005149572987425499
13.46,0.00040851193719920086,0.0005145884170078138
13.462,0.0004055809468268175,0.0005142198712676626
13.464,0.00040267366509657833,0.000513851661216057
13.466,0.00039979049901759886,0.0005134837865472363
13.468,0.00039693185201457825,0.0005131162469557182
13.47,0.000394098123757573,0.000512749042136299
13.472,0.00039128971001552886,0.0005123821717840525
13.474,0.00038850700254549107,0.0005120156355943306
13.476,0.00038575038902083245,0.0005116494332627627
13.478,0.0003830202529926069,0.000511283564485255
13.48,0.0003803169738712718,0.0005109180289579913
13.482,0.0003776409269126813,0.0005105528263774317
13.484,0.0003749924831932068,0.000510187956440313
13.486,0.00037237200956365043,0.000509823418843648
13.488,0.0003697798685781679,0.0005094592132847257
13.49,0.00036721641840131285,0.0005090953394611107
13.492,0.00036468201270109415,0.000508731797070643
13.494,0.0003621770005381103,0.0005083685858114381
13.496,0.00035970172625959145,0.0005080057053818862
13.498,0.000357256529403709,0.0005076431554806523
13.5,0.0003548417446150544,0.000507280935806676
13.502,0.00035245770156826727,0.0005069190460591709
13.504,0.00035010472489436524,0.0005065574859376247
13.506,0.00034778313410433403,0.0005061962551417988
13.508,0.00034549324350654554,0.0005058353533717281
13.51,0.0003432353621175666,0.0005054747803277206
13.512,0.0003410097935693091,0.0005051145357103575
13.514,0.0003388168360175507,0.0005047546192204924
13.516,0.0003366567820575448,0.0005043950305592518
13.518,0.0003345299186510795,0.000504035769428034
13.52,0.0003324365270668211,0.0005036768355285094
13.522,0.0003303768828324572,0.0005033182285626204
13.524,0.0003283512556943349,0.0005029599482325807
13.526,0.00032635990957833477,0.000502601994240875
13.528,0.0003244031025455735,0.0005022443662902595
13.53,0.0003224810867373725,0.0005018870640837607
13.532,0.0003205941083065652,0.0005015300873246757
13.534,0.00031874240733483975,0.000501173435716572
13.536,0.00031692621773866784,0.000500817108963287
13.538,0.0003151457671685296,0.0005004611067689279
13.54,0.0003134012769073323,0.0005001054288378714
13.542,0.00031169296177422127,0.0004997500748747634
13.544,0.0003100210300389348,0.0004993950445845188
13.546,0.0003083856833506353,0.0004990403376723215
13.548,0.00030678711668274494,0.0004986859538436237
13.55,0.0003052255182933502,0.000498331892804146
13.552,0.0003037010696983383,0.0004979781542598771
13.554,0.000302213945652781,0.0004976247379170732
13.556,0.00030076431413481063,0.0004972716434822583
13.558,0.00029935233632618263,0.0004969188706622239
13.56,0.0002979781665841829,0.0004965664191640282
13.562,0.0002966419524015476,0.0004962142886949963
13.564,0.00029534383435311253,0.0004958624789627201
13.566,0.000294083946030944,0.0004955109896750576
13.568,0.0002928624139718848,0.000495159820540133
13.57,0.0002916793575834712,0.0004948089712663365
13.572,0.0002905348890747092,0.0004944584415623235
13.574,0.0002894291133978315,0.0004941082311370152
13.576,0.0002883621282052743,0.0004937583396995976
13.578,0.0002873340238238528,0.0004934087669595219
13.58,0.0002863448832450189,0.0004930595126265038
13.582,0.00028539478212756975,0.0004927105764105232
13.584,0.00028448378880704245,0.0004923619580218246
13.586,0.0002836119643050452,0.000492013657170916
13.588,0.0002827793623321404,0.0004916656735685694
13.59,0.00028198602927922446,0.0004913180069258199
13.592,0.00028123200419489456,0.0004909706569539661
13.594,0.00028051731874945845,0.0004906236233645695
13.596,0.0002798419971891386,0.0004902769058694543
13.598,0.0002792060562867088,0.0004899305041807072
13.6,0.00027860950529597756,0.0004895844180106771
13.602,0.0002780523459172958,0.0004892386470719749
13.604,0.0002775345722795139,0.0004888931910774733
13.606,0.00027705617094052055,0.0004885480497403065
13.608,0.00027661712090498996,0.00048820322277387
13.61,0.00027621739365446096,0.0004878587098918204
13.612,0.00027585695318262376,0.000487514510808075
13.614,0.0002755357560283575,0.0004871706252368119
13.616,0.000275253751300367,0.00048682705289246933
13.618,0.0002750108806901862,0.00048648379348974565
13.62,0.0002748070784741643,0.00048614084674359915
13.622,0.0002746422715080607,0.00048579821236924774
13.624,0.00027451637922036224,0.0004854558900821687
13.626,0.00027442931361049556,0.0004851138795980985
13.628,0.0002743809792570526,0.00048477218063303247
13.63,0.0002743712733383899,0.0004844307929032247
13.632,0.0002744000856651257,0.0004840897161251876
13.634,0.0002744672987215135,0.000483748950015692
13.636,0.00027457278771143384,0.00048340849429176654
13.638,0.0002747164206046732,0.0004830683486706976
13.64,0.0002748980581803676,0.00048272851287002914
13.642,0.0002751175540662711,0.00048238898660756246
13.644,0.00027537475477396576,0.00048204976960135575
13.646,0.00027566949973147753,0.0004817108615697241
13.648,0.000276001621314956,0.0004813722622312391
13.65,0.00027637094488077905,0.0004810339713047287
13.652,0.0002767772887991603,0.0004806959885092771
13.654,0.0002772204644898344,0.00048035831356422413
13.656,0.0002777002764607125,0.00048002094618916543
13.658,0.00027821652235076114,0.00047968388610395194
13.66,0.00027876899297897323,0.0004793471330286899
13.662,0.0002793574724015143,0.00047901068668374034
13.664,0.0002799817379783869,0.00047867454678971914
13.666,0.0002806415604497668,0.0004783387130674965
13.668,0.0002813367040198456,0.000478003185238197
13.67,0.0002820669264443715,0.00047766796302319925
13.672,0.0002828319791164307,0.0004773330461441355
13.674,0.0002836316071450791,0.0004769984343228916
13.676,0.0002844655494229273,0.00047666412728160677
13.678,0.00028533353868121067,0.00047633012474267335
13.68,0.0002862353015344503,0.0004759964264287364
13.682,0.000287170558519541,0.0004756630320626938
13.684,0.000288139024136073,0.0004753299413676956
13.686,0.0002891404068947508,0.00047499715406714414
13.688,0.0002901744093792832,0.0004746646698846938
13.69,0.0002912407283239192,0.00047433248854425046
13.692,0.0002923390547055689,0.00047400060976997163
13.694,0.000293469073846395,0.000473669033286266
13.696,0.0002946304655209106,0.0004733377588177933
13.698,0.0002958229040616637,0.00047300678608946413
13.7,0.00029704605845911735,0.0004726761148264395
13.702,0.0002982995924536753,0.0004723457447541308
13.704,0.0002995831646207623,0.0004720156755981996
13.706,0.00030089642845181877,0.0004716859070845574
13.708,0.0003022390324350218,0.00047135643893936514
13.71,0.00030361062013906554,0.0004710272708890334
13.712,0.00030501083030173224,0.00047069840266022176
13.714,0.00030643929692293626,0.00047036983397983896
13.716,0.00030789564936018604,0.0004700415645750424
13.718,0.00030937951242360304,0.00046971359417323803
13.72,0.0003108905064680025,0.00046938592250208
13.722,0.0003124282474810167,0.00046905854928947063
13.724,0.00031399234716821575,0.00046873147426356
13.726,0.00031558241303815453,0.0004684046971527459
13.728,0.00031719804849105805,0.00046807821768567344
13.73,0.00031883885291475076,0.00046775203559123486
13.732,0.0003205044217897272,0.0004674261505985694
13.734,0.00032219434680306585,0.00046710056243706293
13.736,0.00032390821596820483,0.000466775270836348
13.738,0.00032564561374589444,0.00046645027552630314
13.74,0.000327406121160896,0.0004661255762370532
13.742,0.0003291893159099842,0.0004658011726989687
13.744,0.00033099477245871574,0.0004654770646426657
13.746,0.0003328220621273928,0.0004651532517990057
13.748,0.0003346707531691765,0.0004648297338990954
13.75,0.0003365404108455747,0.00046450651067428633
13.752,0.00033843059750495146,0.00046418358185617474
13.754,0.0003403408726695042,0.0004638609471766014
13.756,0.0003422707931340509,0.00046353860636765123
13.758,0.00034421991307768604,0.0004632165591616533
13.76,0.0003461877841865878,0.0004628948052911804
13.762,0.00034817395578400914,0.0004625733444890489
13.764,0.0003501779749620855,0.00046225217648831866
13.766,0.00035219938670972347,0.0004619313010222925
13.768,0.00035423773403152955,0.0004616107178245163
13.77,0.0003562925580546376,0.0004612904266287786
13.772,0.00035836339812261116,0.00046097042716911036
13.774,0.0003604497918782821,0.00046065071917978485
13.776,0.00036255127533982317,0.0004603313023953174
13.778,0.00036466738297596956,0.0004600121765504651
13.78,0.000366797647786691,0.00045969334138022666
13.782,0.0003689416013947322,0.0004593747966198422
13.784,0.00037109877415116563,0.00045905654200479294
13.786,0.0003732686952548713,0.0004587385772708011
13.788,0.00037545089288247243,0.00045842090215382947
13.79,0.00037764489432237517,0.00045810351639008153
13.792,0.0003798502261049975,0.0004577864197160009
13.794,0.000382066414121655,0.00045746961186827133
13.796,0.0003842929837267701,0.0004571530925838164
13.798,0.0003865294598218072,0.0004568368615997993
13.8,0.00038877536692353903,0.0004565209186536226
13.802,0.00039103022922319024,0.00045620526348292813
13.804,0.0003932935706452518,0.0004558898958255966
13.806,0.00039556491491478553,0.00045557481541974755
13.808,0.0003978437856401585,0.000455260022003739
13.81,0.00040012970641411974,0.00045494551531616724
13.812,0.00040242220093175934,0.0004546312950958668
13.814,0.0004047207931197503,0.0004543173610819099
13.816,0.000407025007268921,0.0004540037130136066
13.818,0.00040933436816171826,0.0004536903506305044
13.82,0.0004116484011881173,0.00045337727367238795
13.822,0.0004139666324465237,0.00045306448187927887
13.824,0.00041628858883032674,0.00045275197499143567
13.826,0.00041861379810343216,0.0004524397527493535
13.828,0.0004209417889703141,0.0004521278148937637
13.83,0.0004232720911455027,0.00045181616116563396
13.832,0.00042560423542618484,0.00045150479130616776
13.834,0.00042793775376898146,0.0004511937050568044
13.836,0.00043027217936960835,0.00045088290215921864
13.838,0.0004326070467429242,0.0004505723823553205
13.84,0.00043494189180060406,0.0004502621453872552
13.842,0.00043727625192515967,0.00044995219099740267
13.844,0.00043960966604105584,0.00044964251892837763
13.846,0.0004419416746856982,0.0004493331289230292
13.848,0.0004442718200843655,0.0004490240207244407
13.85,0.00044659964623291505,0.0004487151940759294
13.852,0.00044892469899044545,0.0004484066487210465
13.854,0.0004512465261812347,0.0004480983844035767
13.856,0.00045356467770213155,0.0004477904008675381
13.858,0.00045587870562901095,0.00044748269785718195
13.86,0.00045818816431477316,0.00044717527511699246
13.862,0.00046049261047225885,0.0004468681323916866
13.864,0.0004627916032382424,0.00044656126942621376
13.866,0.0004650847042188352,0.00044625468596575576
13.868,0.0004673714775212215,0.00044594838175572647
13.87,0.00046965148978022665,0.0004456423565417717
13.872,0.00047192431019021865,0.0004453366100697688
13.874,0.0004741895105518456,0.00044503114208582675
13.876,0.00047644666533993733,0.00044472595233628566
13.878,0.0004786953517935608,0.0004444210405677168
13.88,0.00048093515002349513,0.00044411640652692214
13.882,0.0004831656431271688,0.0004438120499609344
13.884,0.0004853864172989294,0.00044350797061701666
13.886,0.000487597061923427,0.0004432041682426622
13.888,0.0004897971696440686,0.0004429006425855943
13.89,0.0004919863364041242,0.00044259739339376605
13.892,0.0004941641614648901,0.00044229442041536005
13.894,0.0004963302474109519,0.00044199172339878833
13.896,0.0004984842001554756,0.00044168930209269205
13.898,0.0005006256289579491,0.0004413871562459414
13.9,0.0005027541464629111,0.0004410852856076351
13.902,0.0005048693687620101,0.0004407836899271007
13.904,0.0005069709154750328,0.00044048236895389377
13.906,0.0005090584098404122,0.0004401813224377982
13.908,0.0005111314788033614,0.0004398805501288257
13.91,0.0005131897530908225,0.0004395800517772158
13.912,0.0005152328672666586,0.0004392798271334353
13.914,0.0005172604597662075,0.00043897987594817856
13.916,0.0005192721729150741,0.0004386801979723668
13.918,0.0005212676529406593,0.00043838079295714817
13.92,0.0005232465499862822,0.0004380816606538976
13.922,0.0005252085181354749,0.00043778280081421627
13.924,0.0005271532154502648,0.00043748421318993183
13.926,0.0005290803040223127,0.0004371858975330978
13.928,0.0005309894500320278,0.00043688785359599365
13.93,0.0005328803238087155,0.0004365900811311245
13.932,0.0005347525998855119,0.0004362925798912208
13.934,0.0005366059570451694,0.00043599534962923827
13.936,0.0005384400783563709,0.0004356983900983577
13.938,0.0005402546512032105,0.00043540170105198456
13.94,0.0005420493673122432,0.0004351052822437491
13.942,0.0005438239227810497,0.00043480913342750595
13.944,0.0005455780181103742,0.0004345132543573338
13.946,0.0005473113582390782,0.0004342176447875354
13.948,0.0005490236525784979,0.0004339223044726374
13.95,0.0005507146150420329,0.0004336272331673899
13.952,0.0005523839640662912,0.0004333324306267665
13.954,0.0005540314226227624,0.0004330378966059638
13.956,0.0005556567182223162,0.0004327436308604016
13.958,0.0005572595829175891,0.0004324496331457223
13.96,0.0005588397533097908,0.00043215590321779107
13.962,0.000560396970565503,0.0004318624408326952
13.964,0.00056193098044628,0.0004315692457467443
13.966,0.0005634415333495542,0.00043127631771647
13.968,0.0005649283843557325,0.00043098365649862555
13.97,0.000566391293273555,0.00043069126185018577
13.972,0.0005678300246760787,0.00043039913352834695
13.974,0.0005692443479218295,0.00043010727129052644
13.976,0.0005706340371599901,0.0004298156748943626
13.978,0.0005719988713230724,0.0004295243440977146
13.98,0.0005733386341139594,0.00042923327865866196
13.982,0.0005746531139954896,0.00042894247833550475
13.984,0.0005759421041894485,0.0004286519428867631
13.986,0.0005772054026880896,0.00042836167207117707
13.988,0.0005784428122771375,0.00042807166564770663
13.99,0.0005796541405651428,0.0004277819233755311
13.992,0.0005808392000119199,0.0004274924450140493
13.994,0.0005819978079494797,0.000427203230322879
13.996,0.0005831297865912296,0.0004269142790618572
13.998,0.0005842349630291687,0.00042662559099103945
14.0,0.000585313169222825,0.0004263371658706999
14.002,0.000586364241985867,0.00042604900346133106
14.004,0.0005873880229768614,0.00042576110352364363
14.006,0.0005883843586988183,0.0004254734658185662
14.008,0.0005893531005090397,0.0004251860901072452
14.01,0.0005902941046369917,0.00042489897615104454
14.012,0.0005912072322056013,0.00042461212371154556
14.014,0.0005920923492498266,0.00042432553255054666
14.016,0.0005929493267273532,0.0004240392024300633
14.018,0.0005937780405184173,0.00042375313311232766
14.02,0.0005945783714145583,0.00042346732435978856
14.022,0.00059535020509891,0.0004231817759351111
14.024,0.000596093432122401,0.0004228964876011766
14.026,0.0005968079478806171,0.00042261145912108234
14.028,0.0005974936525954166,0.0004223266902581414
14.03,0.0005981504513036298,0.00042204218077588246
14.032,0.0005987782538532631,0.00042175793043804956
14.034,0.0005993769749058325,0.00042147393900860195
14.036,0.0005999465339420924,0.00042119020625171384
14.038,0.0006004868552680899,0.0004209067319317743
14.04,0.0006009978680183524,0.0004206235158133869
14.042,0.0006014795061539286,0.00042034055766136983
14.044,0.0006019317084538216,0.0004200578572407553
14.046,0.0006023544184994516,0.0004197754143167896
14.048,0.0006027475846530141,0.00041949322865493283
14.05,0.0006031111600311243,0.00041921130002085875
14.052,0.000603445102476109,0.00041892962818045455
14.054,0.0006037493745271422,0.00041864821289982064
14.056,0.0006040239433935917,0.00041836705394527045
14.058,0.0006042687809322768,0.0004180861510833304
14.06,0.0006044838636298114,0.0004178055040807393
14.062,0.0006046691725902584,0.00041752511270444877
14.064,0.0006048246935275855,0.00041724497672162246
14.066,0.0006049504167617414,0.00041696509589963615
14.068,0.0006050463372164807,0.0004166854700060775
14.07,0.00060511245441685,0.0004164060988087459
14.072,0.0006051487724840994,0.0004161269820756522
14.074,0.0006051553001259787,0.00041584811957501864
14.076,0.000605132050620814,0.00041556951107527847
14.078,0.0006050790417945173,0.00041529115634507586
14.08,0.0006049962959905127,0.0004150130551532658
14.082,0.0006048838400337113,0.00041473520726891374
14.084,0.000604741705190148,0.0004144576124612955
14.086,0.0006045699271248304,0.0004141802704998971
14.088,0.0006043685458599992,0.00041390318115441446
14.09,0.0006041376057360242,0.0004136263441947533
14.092,0.0006038771553762806,0.00041334975939102893
14.094,0.0006035872476567824,0.00041307342651356597
14.096,0.0006032679396807295,0.00041279734533289836
14.098,0.0006029192927577395,0.000412521515619769
14.1,0.0006025413723875047,0.00041224593714512956
14.102,0.0006021342482474162,0.00041197060968014036
14.104,0.0006016979941835923,0.0004116955329961702
14.106,0.0006012326882040414,0.00041142070686479615
14.108,0.0006007384124719279,0.0004111461310578032
14.11,0.0006002152532959201,0.00041087180534718433
14.112,0.0005996633011139144,0.0004105977295051402
14.114,0.0005990826504666262,0.00041032390330407887
14.116,0.0005984733999585884,0.00041005032651661585
14.118,0.0005978356522060462,0.0004097769989155736
14.12,0.0005971695137741535,0.0004095039202739816
14.122,0.0005964750951080744,0.000409231090365076
14.124,0.0005957525104646763,0.0004089585089622996
14.126,0.0005950018778516522,0.00040868617583930146
14.128,0.0005942233189798153,0.0004084140907699369
14.13,0.0005934169592315225,0.0004081422535282671
14.132,0.0005925829276450187,0.0004078706638885591
14.134,0.0005917213569110642,0.0004075993216252856
14.136,0.0005908323833759012,0.0004073282265131247
14.138,0.0005899161470437123,0.00040705737832695966
14.14,0.0005889727915723879,0.0004067867768418789
14.142,0.0005880024642584214,0.00040651642183317554
14.144,0.0005870053160092323,0.00040624631307634753
14.146,0.0005859815013041357,0.00040597645034709724
14.148,0.0005849311781468542,0.00040570683342133133
14.15,0.0005838545080135248,0.0004054374620751606
14.152,0.0005827516557998846,0.0004051683360848998
14.154,0.0005816227897703807,0.0004048994552270673
14.156,0.0005804680815101738,0.0004046308192783852
14.158,0.0005792877058799006,0.0004043624280157789
14.16,0.0005780818409716799,0.000404094281216377
14.162,0.0005768506680650239,0.000403826378657511
14.164,0.0005755943715816472,0.00040355872011671527
14.166,0.0005743131390393771,0.00040329130537172694
14.168,0.0005730071610068705,0.00040302413420048545
14.17,0.0005716766310617306,0.0004027572063811325
14.172,0.0005703217457552781,0.000402490521692012
14.174,0.0005689427045863265,0.0004022240799116696
14.176,0.0005675397099850001,0.0004019578808188527
14.178,0.000566112967305255,0.00040169192419251025
14.18,0.000564662684822143,0.00040142620981179264
14.182,0.0005631890737285327,0.00040116073745605126
14.184,0.000561692348124561,0.00040089550690483854
14.186,0.0005601727249947195,0.0004006305179379077
14.188,0.000558630424169078,0.0004003657703352126
14.19,0.0005570656682688502,0.00040010126387690745
14.192,0.0005554786826398304,0.00039983699834334683
14.194,0.000553869695279754,0.0003995729735150853
14.196,0.0005522389367673224,0.00039930918917287727
14.198,0.0005505866401995089,0.00039904564509767694
14.2,0.0005489130411421308,0.00039878234107063796
14.202,0.0005472183775948436,0.0003985192768731133
14.204,0.0005455028899686921,0.0003982564522866552
14.206,0.0005437668210715203,0.00039799386709301476
14.208,0.0005420104160951578,0.00039773152107414186
14.21,0.000540233922598894,0.00039746941401218506
14.212,0.0005384375904853379,0.0003972075456894914
14.214,0.0005366216719672316,0.00039694591588860595
14.216,0.0005347864215264147,0.0003966845243922721
14.218,0.0005329320958678724,0.00039642337098343096
14.22,0.0005310589538726141,0.00039616245544522145
14.222,0.0005291672565528318,0.00039590177756097995
14.224,0.000527257267011609,0.0003956413371142402
14.226,0.0005253292504080928,0.0003953811338887331
14.228,0.0005233834739275502,0.00039512116766838657
14.23,0.0005214202067550164,0.0003948614382373253
14.232,0.0005194397200506565,0.0003946019453798707
14.234,0.000517442286925138,0.0003943426888805405
14.236,0.0005154281824136456,0.00039408366852404877
14.238,0.0005133976834473797,0.0003938248840953057
14.24,0.0005113510688217913,0.0003935663353794173
14.242,0.0005092886191610451,0.00039330802216168545
14.244,0.0005072106168785514,0.0003930499442276075
14.246,0.000505117346133969,0.0003927921013628761
14.248,0.0005030090927878246,0.0003925344933533793
14.25,0.0005008861443555618,0.0003922771199852
14.252,0.0004987487899636787,0.00039201998104461606
14.254,0.0004965973203103991,0.0003917630763180999
14.256,0.0004944320276331259,0.00039150640559231854
14.258,0.000492253205683585,0.00039124996865413323
14.26,0.0004900611497099685,0.0003909937652905994
14.262,0.00048785615644380035,0.0003907377952889664
14.264,0.00048563852408772,0.0003904820584366775
14.266,0.00048340855230017766,0.0003902265545213693
14.268,0.00048116654217299616,0.0003899712833308721
14.27,0.0004789127961995454,0.00038971624465320933
14.272,0.000476647618232858,0.0003894614382765976
14.274,0.00047437131343525026,0.00038920686398944624
14.276,0.00047208418822276615,0.00038895252158035744
14.278,0.000469786550208613,0.00038869841083812593
14.28,0.00046747870814999666,0.00038844453155173876
14.282,0.00046516097190177244,0.0003881908835103753
14.284,0.000462833652378892,0.00038793746650340674
14.286,0.00046049706152788216,0.00038768428032039635
14.288,0.0004581515123057543,0.00038743132475109893
14.29,0.0004557973186637026,0.0003871785995854608
14.292,0.00045343479553216863,0.0003869261046136196
14.294,0.00045106425880404237,0.0003866738396259042
14.296,0.0004486860253134556,0.00038642180441283443
14.298,0.000446300412808683,0.0003861699987651208
14.3,0.0004439077399189869,0.0003859184224736646
14.302,0.0004415083261163402,0.0003856670753295575
14.304,0.0004391024916739369,0.0003854159571240815
14.306,0.00043669055762372307,0.0003851650676487086
14.308,0.00043427284571524206,0.0003849144066951009
14.31,0.00043184967837763054,0.00038466397405511016
14.312,0.00042942137868572203,0.00038441376952077773
14.314,0.0004269882703302972,0.00038416379288433444
14.316,0.00042455067759163254,0.0003839140439382003
14.318,0.00042210892531452274,0.0003836645224749845
14.32,0.00041966333888265926,0.0003834152282874849
14.322,0.0004172142441899827,0.00038316616116868836
14.324,0.00041476196760709355,0.0003829173209117701
14.326,0.0004123068359414815,0.0003826687073100939
14.328,0.0004098491763914248,0.00038242032015721163
14.33,0.0004073893164946516,0.00038217215924686316
14.332,0.00040492758407414617,0.0003819242243729763
14.334,0.00040246430718431374,0.0003816765153296667
14.336,0.000399999814061329,0.00038142903191123724
14.338,0.00039753443308106196,0.0003811817739121784
14.34,0.00039506849272697776,0.00038093474112716776
14.342,0.0003926023215684654,0.00038068793335106993
14.344,0.0003901362482477923,0.00038044135037893634
14.346,0.0003876706014714315,0.00038019499200600516
14.348,0.000385205709999901,0.000379948858027701
14.35,0.00038274190262955316,0.0003797029482396348
14.352,0.00038027950816073677,0.00037945726243760375
14.354,0.00037781885534918507,0.00037921180041759094
14.356,0.0003753602728410857,0.00037896656197576535
14.358,0.000372904089096108,0.0003787215469084816
14.36,0.0003704506323060143,0.0003784767550122798
14.362,0.0003680002303177494,0.0003782321860838854
14.364,0.0003655532105694846,0.00037798783992020894
14.366,0.0003631099000449043,0.00037774371631834605
14.368,0.000360670625246572,0.00037749981507557707
14.37,0.0003582357121841966,0.00037725613598936703
14.372,0.00035580548636961434,0.0003770126788573655
14.374,0.00035338027280843815,0.00037676944347740616
14.376,0.00035096039597935444,0.0003765264296475071
14.378,0.00034854617979559826,0.0003762836371658702
14.38,0.00034613794754835006,0.0003760410658308812
14.382,0.0003437360218371175,0.0003757987154411095
14.384,0.00034134072449599703,0.00037555658579530797
14.386,0.00033895237652576196,0.00037531467669241274
14.388,0.0003365712980397366,0.0003750729879315431
14.39,0.0003341978082269287,0.00037483151931200134
14.392,0.0003318322253300359,0.0003745902706332725
14.394,0.0003294748666309123,0.00037434924169502435
14.396,0.00032712604843300436,0.000374108432297107
14.398,0.0003247860860303199,0.000373867842239553
14.4,0.00032245529365602975,0.00037362747132257696
14.402,0.00032013398440894645,0.0003733873193465754
14.404,0.0003178224701625704,0.00037314738611212686
14.406,0.0003155210614659983,0.00037290767141999134
14.408,0.0003132300674485726,0.0003726681750711104
14.41,0.000310949795738877,0.0003724288968666068
14.412,0.00030868055240514434,0.0003721898366077846
14.414,0.0003064226419182942,0.0003719509940961287
14.416,0.00030417636713322993,0.000371712369133305
14.418,0.00030194202927994845,0.0003714739615211598
14.42,0.0002997199279542861,0.00037123577106172015
14.422,0.0002975103610995128,0.0003709977975571932
14.424,0.0002953136249734952,0.00037076004080996644
14.426,0.0002931300141006704,0.00037052250062260725
14.428,0.00029095982121214254,0.00037028517679786284
14.43,0.0002888033371797045,0.0003700480691386601
14.432,0.00028666085094979126,0.0003698111774481055
14.434,0.000284532649481567,0.0003695745015294847
14.436,0.0002824190176904191,0.0003693380411862627
14.438,0.00028032023839510306,0.00036910179622208337
14.44,0.00027823659226502376,0.00036886576644076953
14.442,0.00027616835776397673,0.0003686299516463226
14.444,0.0002741158110884853,0.00036839435164292265
14.446,0.00027207922610157073,0.00036815896623492795
14.448,0.0002700588742655273,0.0003679237952268751
14.45,0.00026805502457890077,0.0003676888384234787
14.452,0.00026606794352259413,0.00036745409562963124
14.454,0.00026409789501758525,0.0003672195666504029
14.456,0.0002621451403932404,0.0003669852512910413
14.458,0.0002602099383612155,0.00036675114935697174
14.46,0.0002582925449871806,0.00036651726065379647
14.462,0.00025639321365223105,0.0003662835849872949
14.464,0.0002545121949976995,0.00036605012216342335
14.466,0.00025264973685176344,0.0003658168719883149
14.468,0.00025080608414126894,0.00036558383426827924
14.47,0.00024898147879737215,0.00036535100880980237
14.472,0.0002471761596663104,0.00036511839541954666
14.474,0.00024539036243640723,0.00036488599390435055
14.476,0.00024362431958898173,0.0003646538040712284
14.478,0.00024187826037507188,0.00036442182572737035
14.48,0.0002401524108131611,0.0003641900586801422
14.482,0.00023844699369777908,0.00036395850273708514
14.484,0.00023676222860571173,0.00036372715770591576
14.486,0.00023509833188746287,0.00036349602339452573
14.488,0.00023345551663559366,0.00036326509961098167
14.49,0.00023183399262782946,0.0003630343861635251
14.492,0.00023023396624952922,0.0003628038828605721
14.494,0.0002286556404053607,0.0003625735895107134
14.496,0.0002270992144320755,0.0003623435059227139
14.498,0.0002255648840231794,0.0003621136319055128
14.5,0.0002240528411719838,0.0003618839672682233
14.502,0.00022256327413372522,0.00036165451182013254
14.504,0.0002210963674020453,0.00036142526537070123
14.506,0.00021965230169151615,0.0003611962277295637
14.508,0.00021823125391714744,0.0003609673987065277
14.51,0.00021683339716418721,0.0003607387781115742
14.512,0.0002154589006456271,0.0003605103657548572
14.514,0.00021410792964973615,0.0003602821614467037
14.516,0.00021278064548350002,0.0003600541649976134
14.518,0.000211477205419665,0.00035982637621825863
14.52,0.00021019776265388093,0.00035959879491948417
14.522,0.00020894246627565193,0.0003593714209123071
14.524,0.00020771146125263913,0.00035914425400791663
14.526,0.00020650488842416457,0.0003589172940176739
14.528,0.00020532288449745932,0.000358690540753112
14.53,0.00020416558203976092,0.00035846399402593546
14.532,0.000203033109460811,0.00035823765364802055
14.534,0.00020192559098323776,0.0003580115194314148
14.536,0.0002008431466011928,0.0003577855911883369
14.538,0.00019978589203066354,0.0003575598687311766
14.54,0.0001987539386561961,0.0003573343518724946
14.542,0.00019774739347936987,0.0003571090404250222
14.544,0.0001967663590735732,0.0003568839342016614
14.546,0.00019581093354814936,0.00035665903301548455
14.548,0.00019488121052337406,0.0003564343366797343
14.55,0.00019397727911615802,0.0003562098450078234
14.552,0.00019309922393515776,0.00035598555781333444
14.554,0.00019224712508323272,0.00035576147491002
14.556,0.00019142105816474678,0.0003555375961118022
14.558,0.00019062109429533313,0.0003553139212327726
14.56,0.00018984730011163017,0.00035509045008719214
14.562,0.00018909973777893763,0.00035486718248949105
14.564,0.0001883784649950787,0.0003546441182542684
14.566,0.00018768353498897192,0.00035442125719629226
14.568,0.000187014996513009,0.00035419859913049935
14.57,0.00018637289382853882,0.000353976143871995
14.572,0.0001857572666846128,0.0003537538912360529
14.574,0.00018516815029049957,0.00035353184103811505
14.576,0.00018460557528380864,0.0003533099930937915
14.578,0.0001840695676967257,0.0003530883472188603
14.58,0.00018356014892403788,0.00035286690322926733
14.582,0.00018307733569715909,0.000352645660941126
14.584,0.00018262114006820687,0.0003524246201707173
14.586,0.0001821915694074285,0.0003522037807344895
14.588,0.00018178862641534364,0.0003519831424490582
14.59,0.00018141230914892856,0.0003517627051312058
14.592,0.00018106261105856552,0.0003515424685978818
14.594,0.00018073952103084536,0.0003513224326662023
14.596,0.00018044302343131702,0.00035110259715345006
14.598,0.0001801730981416825,0.0003508829618770742
14.6,0.00017992972058741271,0.00035066352665469015
14.602,0.0001797128617538611,0.0003504442913040795
14.604,0.00017952248819140044,0.0003502252556431897
14.606,0.00017935856201185466,0.0003500064194901341
14.608,0.00017922104087968307,0.0003497877826631918
14.61,0.0001791098780015653,0.00034956934498080725
14.612,0.00017902502211753683,0.00034935110626159037
14.614,0.00017896641749600478,0.0003491330663243163
14.616,0.00017893400393432813,0.00034891522498792525
14.618,0.00017892771676606556,0.0003486975820715223
14.62,0.00017894748687590867,0.00034848013739437737
14.622,0.00017899324072324699,0.00034826289077592487
14.624,0.0001790649003751171,0.0003480458420357638
14.626,0.0001791623835485928,0.0003478289909936575
14.628,0.0001792856036616753,0.0003476123374695333
14.63,0.0001794344698902509,0.0003473958812834828
14.632,0.0001796088872272256,0.0003471796222557612
14.634,0.0001798087565391582,0.0003469635602067877
14.636,0.00018003397461538296,0.0003467476949571448
14.638,0.00018028443420557667,0.00034653202632757855
14.64,0.0001805600240435875,0.00034631655413899836
14.642,0.0001808606288578294,0.0003461012782124766
14.644,0.00018118612937120034,0.0003458861983692487
14.646,0.00018153640229587109,0.00034567131443071294
14.648,0.0001819113203297102,0.0003454566262184302
14.65,0.00018231075216117303,0.000345242133554124
14.652,0.00018273456248838057,0.0003450278362596801
14.654,0.00018318261205563138,0.00034481373415714655
14.656,0.00018365475770734194,0.0003445998270687336
14.658,0.0001841508524560848,0.00034438611481681336
14.66,0.00018467074555853711,0.00034417259722391963
14.662,0.00018521428259161846,0.000343959274112748
14.664,0.00018578130552108712,0.0003437461453061555
14.666,0.0001863716527567687,0.00034353321062716044
14.668,0.00018698515919173054,0.0003433204698989425
14.67,0.00018762165622671962,0.0003431079229448423
14.672,0.00018828097178481804,0.00034289556958836136
14.674,0.0001889629303240149,0.000342683409653162
14.676,0.00018966735285591438,0.00034247144296306717
14.678,0.0001903940569777146,0.00034225966934206027
14.68,0.00019114285692138598,0.000342048088614285
14.682,0.00019191356361988505,0.00034183670060404525
14.684,0.00019270598478607885,0.000341625505135805
14.686,0.0001935199249970653,0.00034141450203418805
14.688,0.00019435518577525502,0.00034120369112397797
14.69,0.00019521156565849244,0.00034099307223011793
14.692,0.00019608886025427905,0.0003407826451777105
14.694,0.0001969868622769641,0.0003405724097920176
14.696,0.00019790536157094764,0.0003403623658984603
14.698,0.0001988441451260994,0.0003401525133226187
14.7,0.00019980299709316022,0.0003399428518902318
14.702,0.0002007816988067666,0.00033973338142719717
14.704,0.00020178002882158662,0.00033952410175957116
14.706,0.00020279776296381588,0.0003393150127135684
14.708,0.00020383467439692281,0.00033910611411556193
14.71,0.0002048905336972282,0.0003388974057920829
14.712,0.0002059651089333112,0.0003386888875698204
14.714,0.00020705816574276308,0.0003384805592756214
14.716,0.00020816946740124376,0.0003382724207364907
14.718,0.00020929877488117012,0.00033806447177959055
14.72,0.00021044584690013866,0.00033785671223224067
14.722,0.000211610439962118,0.00033764914192191804
14.724,0.00021279230839583123,0.00033744176067625686
14.726,0.00021399120439535843,0.00033723456832304824
14.728,0.00021520687806689736,0.00033702756469024015
14.73,0.00021643907748366802,0.0003368207496059373
14.732,0.00021768754874852247,0.00033661412289840104
14.734,0.00021895203606164714,0.000336407684396049
14.736,0.00022023228178958914,0.00033620143392745517
14.738,0.00022152802653173137,0.00033599537132134976
14.74,0.00022283900918166412,0.00033578949640661885
14.742,0.0002241649669826952,0.00033558380901230444
14.744,0.00022550563557893852,0.00033537830896760427
14.746,0.0002268607490648076,0.00033517299610187157
14.748,0.00022823004003617547,0.0003349678702446151
14.75,0.00022961323964579722,0.0003347629312254989
14.752,0.0002310100776636933,0.0003345581788743421
14.754,0.00023242028254125724,0.0003343536130211188
14.756,0.00023384358147607475,0.00033414923349595814
14.758,0.00023527970047350507,0.0003339450401291438
14.76,0.00023672836440162055,0.00033374103275111424
14.762,0.00023818929703770496,0.00033353721119246213
14.764,0.00023966222110670556,0.00033333357528393464
14.766,0.00024114685831465213,0.00033313012485643303
14.768,0.0002426429293818434,0.00033292685974101253
14.77,0.00024415015408119306,0.0003327237797688824
14.772,0.00024566825128667836,0.00033252088477140544
14.774,0.00024719693903467286,0.0003323181745800982
14.776,0.0002487359345983804,0.0003321156490266307
14.778,0.0002502849545725456,0.00033191330794282616
14.78,0.00025184371496307157,0.0003317111511606611
14.782,0.00025341193127484873,0.00033150917851226504
14.784,0.00025498931859102423,0.0003313073898299204
14.786,0.0002565755916384645,0.00033110578494606235
14.788,0.0002581704648369288,0.00033090436369327876
14.79,0.00025977365233284836,0.00033070312590430994
14.792,0.00026138486802198424,0.00033050207141204846
14.794,0.00026300382556763394,0.00033030120004953924
14.796,0.0002646302384218709,0.0003301005116499792
14.798,0.0002662638198564795,0.00032990000604671727
14.8,0.00026790428300730917,0.000329699683073254
14.802,0.00026955134093238566,0.00032949954256324175
14.804,0.0002712047066801139,0.00032929958435048436
14.806,0.00027286409336143116,0.00032909980826893704
14.808,0.00027452921421888577,0.00032890021415270623
14.81,0.0002761997826870224,0.00032870080183604946
14.812,0.0002778755124416175,0.0003285015711533753
14.814,0.00027955611743944915,0.000328302521939243
14.816,0.0002812413119536298,0.0003281036540283627
14.818,0.0002829308106116222,0.000327904967255595
14.82,0.00028462432844246195,0.00032770646145595085
14.822,0.0002863215809368223,0.0003275081364645916
14.824,0.0002880222841193001,0.0003273099921168286
14.826,0.00028972615462777827,0.00032711202824812336
14.828,0.00029143290979145235,0.00032691424469408713
14.83,0.00029314226769858176,0.000326716641290481
14.832,0.0002948539472467792,0.0003265192178732156
14.834,0.00029656766817302436,0.000326321974278351
14.836,0.0002982831510657995,0.00032612491034209664
14.838,0.0003000001173662358,0.0003259280259008111
14.84,0.0003017182893681927,0.00032573132079100205
14.842,0.0003034373902269502,0.0003255347948493261
14.844,0.0003051571439840023,0.0003253384479125886
14.846,0.00030687727561105107,0.0003251422798177435
14.848,0.0003085975110717517,0.0003249462904018934
14.85,0.0003103175773959097,0.0003247504795022891
14.852,0.0003120372027588322,0.00032455484695632984
14.854,0.000313756116558707,0.0003243593926015627
14.856,0.00031547404948652474,0.00032416411627568303
14.858,0.00031719073358597497,0.0003239690178165338
14.86,0.0003189059023032479,0.00032377409706210573
14.862,0.0003206192905285526,0.00032357935385053714
14.864,0.0003223306346317544,0.00032338478802011375
14.866,0.000324039672494002,0.0003231903994092686
14.868,0.00032574614353614875,0.00032299618785658194
14.87,0.00032744978874358504,0.0003228021532007809
14.872,0.00032915035068662357,0.00032260829528073964
14.874,0.000330847573535829,0.00032241461393547904
14.876,0.00033254120307266095,0.00032222110900416656
14.878,0.0003342309866972905,0.00032202778032611624
14.88,0.00033591667343664934,0.00032183462774078845
14.882,0.0003375980139566245,0.00032164165108778975
14.884,0.00033927476058205413,0.0003214488502068728
14.886,0.0003409466673273368,0.00032125622493793624
14.888,0.00034261348993862013,0.00032106377512102456
14.89,0.00034427498594684076,0.0003208715005963279
14.892,0.00034593091472894205,0.00032067940120418206
14.894,0.0003475810375734125,0.00032048747678506813
14.896,0.00034922511774561663,0.00032029572717961254
14.898,0.0003508629205486707,0.000320104152228587
14.9,0.00035249421337601175,0.000319912751772908
14.902,0.0003541187657532697,0.00031972152565363723
14.904,0.000355736349367911,0.00031953047371198094
14.906,0.00035734673808680476,0.0003193395957892901
14.908,0.00035894970796264604,0.0003191488917270602
14.91,0.00036054503723158314,0.00031895836136693105
14.912,0.00036213250630505743,0.0003187680045506867
14.914,0.00036371189775960484,0.00031857782112025535
14.916,0.0003652829963286706,0.0003183878109177092
14.918,0.0003668455889003563,0.00031819797378526417
14.92,0.00036839946452438564,0.0003180083095652801
14.922,0.0003699444144303188,0.0003178188181002602
14.924,0.00037148023205737623,0.00031762949923285134
14.926,0.00037300671309430507,0.0003174403528058435
14.928,0.0003745236555259458,0.0003172513786621701
14.93,0.00037603085968190484,0.0003170625766449074
14.932,0.00037752812828217966,0.0003168739465972747
14.934,0.00037901526647515077,0.0003166854883626341
14.936,0.00038049208186485145,0.0003164972017844904
14.938,0.00038195838452642015,0.0003163090867064908
14.94,0.00038341398701101414,0.0003161211429724251
14.942,0.00038485870434335265,0.0003159333704262253
14.944,0.0003862923540164533,0.00031574576891196555
14.946,0.000387714755988064,0.000315558338273862
14.948,0.00038912573268251057,0.00031537107835627275
14.95,0.00039052510899990596,0.00031518398900369764
14.952,0.00039191271233250994,0.00031499707006077816
14.954,0.0003932883725858042,0.00031481032137229727
14.956,0.0003946519222007031,0.00031462374278317935
14.958,0.00039600319617245634,0.00031443733413849003
14.96,0.0003973420320627909,0.000314251095283436
14.962,0.0003986682700029957,0.00031406502606336504
14.964,0.0003999817526881483,0.0003138791263237657
14.966,0.00040128232536450914,0.00031369339591026733
14.968,0.00040256983581427166,0.00031350783466863985
14.97,0.00040384413434240086,0.0003133224424447937
14.972,0.00040510507377039995,0.0003131372190847796
14.974,0.0004063525094404063,0.00031295216443478867
14.976,0.00040758629923103544,0.00031276727834115187
14.978,0.00040880630358362666,0.0003125825606503403
14.98,0.00041001238553545086,0.0003123980112089648
14.982,0.0004112044107541942,0.00031221362986377614
14.984,0.00041238224756753807,0.0003120294164616644
14.986,0.00041354576698179944,0.00031184537084965924
14.988,0.0004146948426855141,0.0003116614928749297
14.99,0.00041582935103612285,0.00031147778238478397
14.992,0.00041694917103127216,0.0003112942392266693
14.994,0.00041805418426920044,0.0003111108632481719
14.996,0.00041914427490499724,0.0003109276542970169
14.998,0.000420219329610615,0.000310744612221068
15.0,0.00042127923754630006,0.00031056173686832753
15.002,0.0004223238903488323,0.00031037902808693626
15.004,0.00042335318213896223,0.0003101964857251733
15.006,0.0004243670095464871,0.00031001410963145594
15.008,0.00042536527174748994,0.0003098318996543395
15.01,0.0004263478705057639,0.00030964985564251735
15.012,0.00042731471020886647,0.00030946797744482057
15.014,0.0004282656978904333,0.00030928626491021793
15.016,0.00042920074323267443,0.00030910471788781586
15.018,0.000430119758547068,0.0003089233362268581
15.02,0.0004310226587356179,0.00030874211977672584
15.022,0.00043190936123883893,0.0003085610683869374
15.024,0.0004327797859790455,0.00030838018190714817
15.026,0.0004336338553081032,0.0003081994601871504
15.028,0.00043447149396733,0.0003080189030768734
15.03,0.000435292629064061,0.00030783851042638286
15.032,0.00043609719006593725,0.0003076582820858812
15.034,0.00043688510880993754,0.00030747821790570734
15.036,0.0004376563195207092,0.00030729831773633633
15.038,0.0004384107588314805,0.0003071185814283796
15.04,0.0004391483658011436,0.00030693900883258456
15.042,0.00043986908192300225,0.0003067595997998346
15.044,0.00044057285112305774,0.0003065803541811489
15.046,0.0004412596197484906,0.00030640127182768236
15.048,0.0004419293365490622,0.0003062223525907255
15.05,0.00044258195265515685,0.00030604359632170413
15.052,0.0004432174215563919,0.0003058650028721796
15.054,0.00044383569908332997,0.0003056865720938483
15.056,0.00044443674339345843,0.0003055083038385418
15.058,0.0004450205149603024,0.00030533019795822656
15.06,0.0004455869765634178,0.00030515225430500397
15.062,0.0004461360932757406,0.00030497447273111
15.064,0.00044666783244546096,0.00030479685308891535
15.066,0.00044718216367017,0.0003046193952309251
15.068,0.000447679058763281,0.00030444209900977866
15.07,0.0004481584917145411,0.00030426496427824975
15.072,0.0004486204386482257,0.0003040879908892461
15.074,0.00044906487778379985,0.00030391117869580953
15.076,0.0004494917894036153,0.0003037345275511156
15.078,0.0004499011558310779,0.0003035580373084736
15.08,0.0004502929614209163,0.00030338170782132654
15.082,0.00045066719256045226,0.00030320553894325083
15.084,0.00045102383767885927,0.0003030295305279563
15.086,0.0004513628872595264,0.00030285368242928605
15.088,0.0004516843338507311,0.0003026779945012162
15.09,0.00045198817206993605,0.00030250246659785596
15.092,0.00045227439859917755,0.0003023270985734474
15.094,0.00045254301217067096,0.00030215189028236537
15.096,0.0004527940135438952,0.00030197684157911734
15.098,0.0004530274054766206,0.00030180195231834336
15.1,0.0004532431926929207,0.00030162722235481577
15.102,0.0004534413818507899,0.0003014526515434393
15.104,0.00045362198151115986,0.00030127823973925073
15.106,0.00045378500210907334,0.000301103986797419
15.108,0.00045393045592689683,0.00030092989257324493
15.11,0.00045405835706916793,0.0003007559569221611
15.112,0.0004541687214387835,0.00030058217969973174
15.114,0.00045426156671475517,0.0003004085607616527
15.116,0.000454336912332262,0.0003002350999637513
15.118,0.0004543947794659333,0.0003000617971619861
15.12,0.0004544351910170991,0.0002998886522124469
15.122,0.00045445817160525814,0.0002997156649713546
15.124,0.00045446374756281173,0.000299542835295061
15.126,0.0004544519469316065,0.00029937016304004883
15.128,0.0004544227994590762,0.00029919764806293146
15.13,0.00045437633659203727,0.00029902529022045283
15.132,0.000454312591466522,0.0002988530893694875
15.134,0.0004542315988931504,0.00029868104536704033
15.136,0.0004541333953383556,0.00029850915807024637
15.138,0.00045401801890253306,0.00029833742733637085
15.14,0.00045388550929633125,0.00029816585302280905
15.142,0.0004537359078159381,0.00029799443498708606
15.144,0.0004535692573177603,0.00029782317308685676
15.146,0.0004533856021920284,0.00029765206717990576
15.148,0.0004531849883347555,0.0002974811171241471
15.15,0.0004529674631176386,0.00029731032277762436
15.152,0.0004527330753562846,0.00029713968399851026
15.154,0.00045248187527849505,0.0002969692006451068
15.156,0.0004522139144952068,0.00029679887257584516
15.158,0.0004519292459775074,0.00029662869964928524
15.16,0.00045162792404278886,0.00029645868172411584
15.162,0.0004513100043518387,0.0002962888186591546
15.164,0.00045097554391663715,0.0002961191103133476
15.166,0.00045062460111620846,0.0002959495565457695
15.168,0.0004502572357158538,0.0002957801572156232
15.17,0.0004498735088837777,0.0002956109121822401
15.172,0.0004494734831993642,0.0002954418213050794
15.174,0.0004490572226487061,0.0002952728844437285
15.176,0.00044862479260563646,0.0002951041014579027
15.178,0.00044817625979932366,0.000294935472207445
15.18,0.0004477116922724093,0.0002947669965523261
15.182,0.0004472311593352022,0.0002945986743526443
15.184,0.0004467347315222416,0.00029443050546862517
15.186,0.0004462224805562886,0.0002942624897606218
15.188,0.0004456944793232827,0.00029409462708911437
15.19,0.00044515080185915,0.00029392691731471005
15.192,0.0004445915233470923,0.00029375936029814314
15.194,0.00044401672012235827,0.00029359195590027474
15.196,0.00044342646968065544,0.0002934247039820926
15.198,0.000442820850686465,0.0002932576044047112
15.2,0.0004421999429781066,0.0002930906570293714
15.202,0.0004415638275677497,0.0002929238617174407
15.204,0.00044091258663513604,0.0002927572183304125
15.206,0.0004402463035151601,0.0002925907267299067
15.208,0.0004395650626796525,0.000292424386777669
15.21,0.00043886894971451685,0.00029225819833557116
15.212,0.0004381580512936681,0.0002920921612656107
15.214,0.0004374324551519744,0.00029192627542991094
15.216,0.0004366922500596564,0.0002917605406907206
15.218,0.00043593752580111967,0.0002915949569104141
15.22,0.0004351683731606717,0.0002914295239514909
15.222,0.0004343848839169433,0.0002912642416765761
15.224,0.0004335871508458939,0.00029109910994841963
15.226,0.00043277526773051646,0.00029093412862989646
15.228,0.0004319493293731643,0.0002907692975840066
15.23,0.00043110943160526953,0.00029060461667387475
15.232,0.0004302556712889008,0.0002904400857627503
15.234,0.00042938814630617817,0.0002902757047140072
15.236,0.000428506955535005,0.00029011147339114385
15.238,0.00042761219881310466,0.000289947391657783
15.24,0.0004267039768957517,0.0002897834593776716
15.242,0.00042578239141494124,0.00028961967641468063
15.244,0.00042484754484827127,0.0002894560426328052
15.246,0.00042389954050448485,0.00028929255789616424
15.248,0.00042293848252909603,0.0002891292220690004
15.25,0.0004219644759290656,0.00028896603501568
15.252,0.00042097762661099286,0.000288802996600693
15.254,0.0004199780414237236,0.00028864010668865265
15.256,0.00041896582819486315,0.00028847736514429564
15.258,0.0004179410957517669,0.0002883147718324818
15.26,0.0004169039539206075,0.000288152326618194
15.262,0.0004158545135019321,0.0002879900293665382
15.264,0.0004147928862260854,0.0002878278799427431
15.266,0.00041371918469599293,0.0002876658782121604
15.268,0.0004126335223272559,0.0002875040240402641
15.27,0.00041153601329564095,0.000287342317292651
15.272,0.00041042677249991335,0.00028718075783504016
15.274,0.00040930591554451764,0.00028701934553327307
15.276,0.0004081735587421513,0.00028685808025331335
15.278,0.00040702981913240703,0.00028669696186124676
15.28,0.00040587481450977,0.00028653599022328096
15.282,0.00040470866345310185,0.0002863751652057455
15.284,0.0004035314853492658,0.00028621448667509174
15.286,0.00040234340040550703,0.0002860539544978926
15.288,0.00040114452964811495,0.00028589356854084256
15.29,0.00039993499490801015,0.00028573332867075753
15.292,0.0003987149187965279,0.0002855732347545748
15.294,0.0003974844246764857,0.0002854132866593527
15.296,0.0003962436366343118,0.0002852534842522708
15.298,0.00039499267945824253,0.0002850938274006295
15.3,0.00039373167862627434,0.0002849343159718502
15.302,0.00039246076030499634,0.0002847749498334751
15.304,0.0003911800513582272,0.0002846157288531669
15.306,0.00038988967936202007,0.0002844566528987089
15.308,0.0003885897726212035,0.0002842977218380048
15.31,0.00038728046018214385,0.00028413893553907874
15.312,0.00038596187183699,0.0002839802938700749
15.314,0.00038463413811645134,0.0002838217966992577
15.316,0.0003832973902704426,0.00028366344389501143
15.318,0.0003819517602385699,0.00028350523532584033
15.32,0.00038059738061473904,0.0002833471708603685
15.322,0.0003792343846114502,0.0002831892503673395
15.324,0.0003778629060297901,0.0002830314737156166
15.326,0.00037648307923975033,0.0002828738407741825
15.328,0.0003750950391736367,0.00028271635141213916
15.33,0.00037369892133238587,0.0002825590054987078
15.332,0.00037229486180200146,0.00028240180290322887
15.334,0.0003708829972751407,0.0002822447434951616
15.336,0.00036946346507209964,0.0002820878271440844
15.338,0.0003680364031556917,0.0002819310537196942
15.34,0.00036660195013623703,0.0002817744230918068
15.342,0.00036516024526512267,0.00028161793513035657
15.344,0.0003637114284179584,0.00028146158970539627
15.346,0.00036225564007037433,0.00028130538668709703
15.348,0.00036079302127069683,0.00028114932594574827
15.35,0.00035932371361369753,0.0002809934073517576
15.352,0.00035784785921886213,0.00028083763077565055
15.354,0.00035636560071490613,0.0002806819960880707
15.356,0.0003548770812308552,0.0002805265031597794
15.358,0.00035338244439233463,0.00028037115186165565
15.36,0.00035188183432121505,0.00028021594206469616
15.362,0.0003503753956364567,0.00028006087364001515
15.364,0.00034886327345449324,0.0002799059464588442
15.366,0.0003473456133881755,0.0002797511603925321
15.368,0.00034582256154404534,0.000279596515312545
15.37,0.00034429426451809865,0.00027944201109046587
15.372,0.0003427608693905462,0.0002792876475979949
15.374,0.00034122252371991083,0.000279133424706949
15.376,0.00033967937553656404,0.00027897934228926193
15.378,0.0003381315733356922,0.000278825400216984
15.38,0.0003365792660694133,0.00027867159836228217
15.382,0.0003350226031379393,0.0002785179365974397
15.384,0.00033346173437977743,0.0002783644147948562
15.386,0.00033189681006124506,0.00027821103282704766
15.388,0.00033032798086585186,0.00027805779056664607
15.39,0.00032875539788422597,0.0002779046878863994
15.392,0.0003271792126054049,0.0002777517246591716
15.394,0.00032559957691016285,0.0002775989007579424
15.396,0.0003240166430667925,0.0002774462160558072
15.398,0.0003224305637294158,0.000277293670425977
15.4,0.00032084149193834687,0.00027714126374177837
15.402,0.00031924958112166085,0.00027698899587665315
15.404,0.000317654985096454,0.00027683686670415845
15.406,0.0003160578580683129,0.00027668487609796666
15.408,0.00031445835462739726,0.0002765330239318651
15.41,0.0003128566297399832,0.00027638131007975617
15.412,0.0003112528387349123,0.00027622973441565705
15.414,0.000309647137285266,0.00027607829681369967
15.416,0.0003080396813863976,0.0002759269971481307
15.418,0.0003064306273319933,0.0002757758352933112
15.42,0.0003048201316903104,0.00027562481112371683
15.422,0.0003032083512826121,0.00027547392451393745
15.424,0.0003015954431655727,0.00027532317533867723
15.426,0.00029998156461901696,0.0002751725634727544
15.428,0.0002983668731397794,0.00027502208879110135
15.43,0.00029675152644200684,0.00027487175116876417
15.432,0.00029513568246377237,0.00027472155048090295
15.434,0.00029351949937934756,0.0002745714866027914
15.436,0.0002919031356158531,0.00027442155940981687
15.438,0.00029028674987237595,0.0002742717687774802
15.44,0.00028867050113883257,0.00027412211458139555
15.442,0.00028705454871131154,0.0002739725966972906
15.444,0.00028543905220045264,0.00027382321500100596
15.446,0.00028382417152975775,0.0002736739693684955
15.448,0.0002822100669218698,0.00027352485967582606
15.45,0.0002805968988724019,0.00027337588579917724
15.452,0.00027898482811303,0.00027322704761484156
15.454,0.00027737401556725104,0.0002730783449992242
15.456,0.00027576462230385576,0.00027292977782884283
15.458,0.0002741568094934133,0.0002727813459803277
15.46,0.00027255073837310727,0.00027263304933042136
15.462,0.00027094657022361365,0.0002724848877559786
15.464,0.00026934446636014216,0.0002723368611339665
15.466,0.00026774458813756474,0.00027218896934146417
15.468,0.00026614709696757763,0.00027204121225566253
15.47,0.0002645521543443338,0.00027189358975386455
15.472,0.0002629599218739259,0.0002717461017134848
15.474,0.000261370561302781,0.00027159874801204966
15.476,0.0002597842345400506,0.00027145152852719697
15.478,0.0002582011036699758,0.00027130444313667605
15.48,0.0002566213309509852,0.0002711574917183476
15.482,0.00025504507880014807,0.00027101067415018345
15.484,0.0002534725097631289,0.0002708639903102667
15.486,0.0002519037864721083,0.0002707174400767915
15.488,0.00025033907159577155,0.00027057102332806284
15.49,0.0002487785277872655,0.0002704247399424967
15.492,0.000247222317636588,0.0002702785897986197
15.494,0.00024567060363355327,0.00027013257277506915
15.496,0.00024412354814597203,0.00026998668875059285
15.498,0.00024258131341499525,0.00026984093760404907
15.5,0.00024104406156652222,0.00026969531921440645
15.502,0.0002395119546342911,0.0002695498334607439
15.504,0.00023798515458800065,0.0002694044802222503
15.506,0.00023646382335867095,0.0002692592593782248
15.508,0.00023494812285409253,0.0002691141708080763
15.51,0.0002334382149592261,0.00026896921439132374
15.512,0.0002319342615198218,0.0002688243900075956
15.514,0.0002304364243106459,0.00026867969753663004
15.516,0.00022894486499329953,0.00026853513685827485
15.518,0.00022745974506979192,0.0002683907078524872
15.52,0.0002259812258388276,0.00026824641039933364
15.522,0.00022450946836007367,0.0002681022443789899
15.524,0.0002230446334293588,0.0002679582096717409
15.526,0.00022158688156483173,0.0002678143061579806
15.528,0.00022013637300137345,0.00026767053371821184
15.53,0.0002186932676890317,0.00026752689223304637
15.532,0.0002172577252906734,0.0002673833815832047
15.534,0.00021582990517504994,0.0002672400016495159
15.536,0.0002144099664030994,0.00026709675231291767
15.538,0.00021299806770747076,0.0002669536334544561
15.54,0.00021159436746697347,0.0002668106449552857
15.542,0.0002101990236787696,0.0002666677866966692
15.544,0.0002088121939313052,0.0002665250585599774
15.546,0.00020743403538013664,0.0002663824604266892
15.548,0.00020606470472765264,0.00026623999217839157
15.55,0.00020470435820618262,0.0002660976536967792
15.552,0.00020335315156284396,0.0002659554448636545
15.554,0.00020201124004380497,0.0002658133655609277
15.556,0.0002006787783757554,0.0002656714156706165
15.558,0.00019935592074272825,0.0002655295950748461
15.56,0.00019804282075748552,0.00026538790365584895
15.562,0.0001967396314276507,0.0002652463412959649
15.564,0.00019544650511751506,0.00026510490787764096
15.566,0.000194163593507377,0.00026496360328343114
15.568,0.00019289104755246093,0.0002648224273959965
15.57,0.00019162901744345848,0.00026468138009810486
15.572,0.00019037765257071606,0.000264540461272631
15.574,0.00018913710149351664,0.00026439967080255626
15.576,0.0001879075119151135,0.00026425900857096857
15.578,0.00018668903066353175,0.0002641184744610624
15.58,0.00018548180367709428,0.0002639780683561385
15.582,0.0001842859759926768,0.00026383779013960414
15.584,0.00018310169173422412,0.0002636976396949725
15.586,0.00018192909409851305,0.00026355761690586313
15.588,0.0001807683253356156,0.0002634177216560014
15.59,0.00017961952672214193,0.00026327795382921865
15.592,0.00017848283852655764,0.00026313831330945206
15.594,0.0001773583999671939,0.0002629987999807445
15.596,0.00017624634916487406,0.00026285941372724436
15.598,0.0001751468230928556,0.0002627201544332058
15.6,0.0001740599575267614,0.00026258102198298814
15.602,0.00017298588699702792,0.0002624420162610562
15.604,0.0001719247447447877,0.00026230313715197996
15.606,0.00017087666268138994,0.0002621643845404346
15.608,0.00016984177135009385,0.0002620257583112003
15.61,0.00016882019988806256,0.0002618872583491621
15.612,0.00016781207598678114,0.0002617488845393101
15.614,0.0001668175258495288,0.00026161063676673896
15.616,0.00016583667414594714,0.0002614725149166481
15.618,0.0001648696439650028,0.00026133451887434155
15.62,0.0001639165567687755,0.0002611966485252277
15.622,0.00016297753234999367,0.00026105890375481935
15.624,0.0001620526887960675,0.0002609212844487336
15.626,0.00016114214246127666,0.00026078379049269176
15.628,0.0001602460079471885,0.00026064642177251916
15.63,0.00015936439808968844,0.00026050917817414517
15.632,0.00015849742394925622,0.00026037205958360306
15.634,0.00015764519480022696,0.0002602350658870299
15.636,0.0001568078181143391,0.00026009819697066656
15.638,0.00015598539953444278,0.0002599614527208573
15.64,0.0001551780428355661,0.0002598248330240501
15.642,0.00015438584987210996,0.00025968833776679636
15.644,0.0001536089205122767,0.0002595519668357507
15.646,0.00015284735256253462,0.00025941572011767104
15.648,0.0001521012416868594,0.0002592795974994185
15.65,0.00015137068132644235,0.00025914359886795716
15.652,0.0001506557626261464,0.00025900772411035415
15.654,0.00014995657437339756,0.0002588719731137794
15.656,0.000149273202953913,0.00025873634576550566
15.658,0.00014860573232634424,0.00025860084195290827
15.66,0.00014795424401522892,0.0002584654615634652
15.662,0.00014731881711831871,0.00025833020448475696
15.664,0.00014669952832179102,0.00025819507060446636
15.666,0.00014609645191466922,0.0002580600598103786
15.668,0.00014550965979328893,0.00025792517199038113
15.67,0.00014493922144754085,0.0002577904070324634
15.672,0.0001443852039234258,0.0002576557648247169
15.674,0.00014384767176028234,0.00025752124525533506
15.676,0.000143326686905542,0.00025738684821261323
15.678,0.0001428223086143896,0.00025725257358494844
15.68,0.00014233459334444726,0.0002571184212608394
15.682,0.00014186359465716164,0.0002569843911288863
15.684,0.00014140936313641062,0.0002568504830777909
15.686,0.0001409719463320063,0.00025671669699635634
15.688,0.00014055138873129744,0.00025658303277348695
15.69,0.00014014773175712316,0.0002564494902981883
15.692,0.0001397610137858598,0.00025631606945956704
15.694,0.0001393912701763897,0.00025618277014683084
15.696,0.0001390385332994835,0.00025604959224928835
15.698,0.0001387028325582996,0.00025591653565634894
15.7,0.0001383841943932425,0.00025578360025752276
15.702,0.00013808264226824766,0.0002556507859424206
15.704,0.0001377981966393513,0.00025551809260075377
15.706,0.00013753087490952237,0.00025538552012233405
15.708,0.0001372806913756106,0.00025525306839707364
15.71,0.00013704765717324316,0.0002551207373149849
15.712,0.00013683178022487824,0.00025498852676618047
15.714,0.0001366330651937779,0.00025485643664087306
15.716,0.0001364515134450421,0.00025472446682937535
15.718,0.00013628712301281404,0.00025459261722209997
15.72,0.00013613988857229012,0.0002544608877095593
15.722,0.00013600980141506387,0.00025432927818236557
15.724,0.00013589684942730924,0.00025419778853123044
15.726,0.00013580101707133754,0.00025406641864696535
15.728,0.00013572228537191448,0.000253935168420481
15.73,0.00013566063190869867,0.0002538040377427876
15.732,0.00013561603081573256,0.00025367302650499454
15.734,0.00013558845278715683,0.0002535421345983104
15.736,0.00013557786508701613,0.00025341136191404294
15.738,0.00013558423155933094,0.00025328070834359877
15.74,0.00013560751263418485,0.0002531501737784836
15.742,0.0001356476653258284,0.00025301975811030175
15.744,0.0001357046432204045,0.00025288946123075645
15.746,0.00013577839645314286,0.00025275928303164947
15.748,0.00013586887167723648,0.00025262922340488117
15.75,0.00013597601202871104,0.0002524992822424504
15.752,0.00013609975709282304,0.0002523694594364543
15.754,0.0001362400428774226,0.00025223975487908835
15.756,0.00013639680179764767,0.00025211016846264623
15.758,0.000136569962674488,0.00025198070007951976
15.76,0.00013675945074728135,0.00025185134962219864
15.762,0.00013696518769851603,0.00025172211698327063
15.764,0.00013718709168748417,0.00025159300205542125
15.766,0.00013742507738898847,0.0002514640047314338
15.768,0.0001376790560330233,0.00025133512490418925
15.77,0.00013794893544226972,0.0002512063624666661
15.772,0.00013823462006473677,0.0002510777173119403
15.774,0.00013853601100015682,0.00025094918933318535
15.776,0.00013885300601906313,0.0002508207784236719
15.778,0.00013918549957451734,0.00025069248447676784
15.78,0.00013953338280679422,0.0002505643073859382
15.782,0.00013989654354208984,0.00025043624704474505
15.784,0.00014027486628696045,0.00025030830334684745
15.786,0.0001406682322211264,0.00025018047618600124
15.788,0.00014107651919166686,0.00025005276545605906
15.79,0.00014149960171214323,0.0002499251710509703
15.792,0.00014193735096977944,0.0002497976928647808
15.794,0.0001423896348430918,0.0002496703307916331
15.796,0.0001428563179309149,0.000249543084725766
15.798,0.00014333726159218457,0.00024941595456151464
15.8,0.0001438323239942989,0.0002492889401933106
15.802,0.00014434136016656718,0.00024916204151568134
15.804,0.0001448642220549786,0.00024903525842325056
15.806,0.00014540075857488388,0.00024890859081073795
15.808,0.00014595081565897623,0.000248782038572959
15.81,0.00014651423629980675,0.0002486556016048251
15.812,0.00014709086058699625,0.0002485292798013433
15.814,0.00014768052574109182,0.0002484030730576162
15.816,0.0001482830661458524,0.00024827698126884213
15.818,0.00014889831338127369,0.00024815100433031476
15.82,0.00014952609625862475,0.00024802514213742317
15.822,0.00015016624085834512,0.00024789939458565174
15.824,0.00015081857057081587,0.00024777376157058
15.826,0.00015148290613977802,0.00024764824298788263
15.828,0.0001521590657083641,0.0002475228387333293
15.83,0.0001528468648679891,0.00024739754870278465
15.832,0.00015354611671073977,0.00024727237279220817
15.834,0.0001542566318860521,0.00024714731089765405
15.836,0.00015497821866193842,0.00024702236291527125
15.838,0.00015571068299024087,0.0002468975287413033
15.84,0.00015645382857429587,0.0002467728082720882
15.842,0.00015720745693644658,0.00024664820140405834
15.844,0.00015797136748253688,0.00024652370803374054
15.846,0.00015874535756101905,0.00024639932805775583
15.848,0.00015952922251569532,0.00024627506137281943
15.85,0.00016032275573281488,0.00024615090787574056
15.852,0.00016112574868521284,0.00024602686746342243
15.854,0.00016193799097719046,0.00024590294003286225
15.856,0.00016275927039405334,0.000245779125481151
15.858,0.00016358937295913136,0.00024565542370547333
15.86,0.00016442808299920548,0.00024553183460310766
15.862,0.00016527518321689022,0.00024540835807142594
15.864,0.00016613045476696265,0.00024528499400789354
15.866,0.0001669936773324639,0.00024516174231006924
15.868,0.00016786462919708638,0.00024503860287560517
15.87,0.00016874308731187654,0.0002449155756022466
15.872,0.00016962882735649715,0.00024479266038783206
15.874,0.0001705216237974154,0.00024466985713029305
15.876,0.00017142124994668222,0.00024454716572765405
15.878,0.00017232747802517097,0.00024442458607803244
15.88,0.00017324007923266284,0.00024430211807963836
15.882,0.00017415882382556492,0.00024417976163077475
15.884,0.00017508348120047213,0.00024405751662983708
15.886,0.00017601381998021498,0.00024393538297531344
15.888,0.00017694960809838046,0.00024381336056578432
15.89,0.0001778906128788051,0.00024369144929992266
15.892,0.00017883660110809836,0.00024356964907649363
15.894,0.00017978733910127982,0.00024344795979435466
15.896,0.00018074259276247892,0.00024332638135245526
15.898,0.00018170212764383073,0.000243204913649837
15.9,0.00018266570900585038,0.00024308355658563343
15.902,0.00018363310188182182,0.00024296231005906994
15.904,0.0001846040711474243,0.00024284117396946371
15.906,0.00018557838159535058,0.00024272014821622364
15.908,0.00018655579801352265,0.0002425992326988503
15.91,0.00018753608526516394,0.00024247842731693568
15.912,0.0001885190083690465,0.00024235773197016334
15.914,0.0001895043325788438,0.00024223714655830818
15.916,0.00019049182346130247,0.00024211667098123635
15.918,0.000191481246973383,0.00024199630513890526
15.92,0.00019247236953857214,0.0002418760489313634
15.922,0.00019346495812242243,0.00024175590225875037
15.924,0.00019445878030675454,0.00024163586502129662
15.926,0.00019545360436174248,0.00024151593711932355
15.928,0.0001964491993150377,0.00024139611845324337
15.93,0.00019744533501742925,0.00024127640892355893
15.932,0.0001984417822053943,0.00024115680843086375
15.934,0.00019943831256153443,0.00024103731687584188
15.936,0.00020043469877460219,0.00024091793415926784
15.938,0.0002014307146007353,0.00024079866018200652
15.94,0.00020242613492725943,0.00024067949484501313
15.942,0.0002034207358393845,0.00024056043804933307
15.944,0.00020441429468950935,0.00024044148969610188
15.946,0.00020540659016791155,0.00024032264968654516
15.948,0.00020639740237377306,0.00024020391792197845
15.95,0.00020738651288561055,0.0002400852943038072
15.952,0.00020837370483125524,0.00023996677873352665
15.954,0.00020935876295792813,0.0002398483711127218
15.956,0.00021034147370354304,0.00023973007134306723
15.958,0.00021132162527004848,0.00023961187932632715
15.96,0.00021229900769868424,0.0002394937949643552
15.962,0.00021327341294573809,0.00023937581815909438
15.964,0.00021424463495634699,0.0002392579488125771
15.966,0.00021521246973308408,0.00023914018682692496
15.968,0.00021617671539657282,0.00023902253210434868
15.97,0.00021713717223640564,0.0002389049845471481
15.972,0.00021809364275265797,0.00023878754405771198
15.974,0.00021904593169026797,0.0002386702105385181
15.976,0.00021999384607011293,0.00023855298389213294
15.978,0.00022093719522116328,0.00023843586402121187
15.98,0.00022187579081764478,0.00023831885082849878
15.982,0.0002228094469235023,0.00023820194421682623
15.984,0.00022373798004455533,0.00023808514408911528
15.986,0.00022466120918652663,0.0002379684503483754
15.988,0.00022557895591607087,0.0002378518628977044
15.99,0.00022649104442141514,0.00023773538164028837
15.992,0.00022739730156996684,0.00023761900647940155
15.994,0.0002282975569616295,0.0002375027373184063
15.996,0.00022919164297809954,0.00023738657406075303
15.998,0.00023007939482967753,0.00023727051660998004
16.0,0.00023096065060161755,0.00023715456486971353
16.002,0.00023183525130169045,0.0002370387187436675
16.004,0.00023270304090947767,0.00023692297813564356
16.006,0.0002335638664266173,0.00023680734294953104
16.008,0.00023441757792581474,0.00023669181308930677
16.01,0.00023526402859567,0.00023657638845903505
16.012,0.00023610307477850114,0.00023646106896286757
16.014,0.00023693457599907348,0.0002363458545050433
16.016,0.00023775839498359235,0.00023623074498988847
16.018,0.00023857439767005752,0.0002361157403218164
16.02,0.0002393824532124789,0.0002360008404053275
16.022,0.00024018243398270917,0.00023588604514500922
16.024,0.00024097421557376817,0.00023577135444553585
16.026,0.00024175767680831517,0.0002356567682116685
16.028,0.00024253269975485386,0.00023554228634825507
16.03,0.0002432991697526766,0.00023542790876023012
16.032,0.00024405697544498554,0.00023531363535261477
16.034,0.0002448060088179,0.0002351994660305167
16.036,0.00024554616524204056,0.00023508540069912997
16.038,0.0002462773435124917,0.00023497143926373503
16.04,0.00024699944588323216,0.0002348575816296986
16.042,0.00024771237809279533,0.00023474382770247358
16.044,0.0002484160493794986,0.000234630177387599
16.046,0.000249110372486317,0.00023451663059069993
16.048,0.00024979526365751604,0.00023440318721748742
16.05,0.00025047064263064,0.00023428984717375836
16.052,0.0002511364326279383,0.00023417661036539546
16.054,0.0002517925603513465,0.00023406347669836718
16.056,0.000252438955983343,0.00023395044607872758
16.058,0.0002530755531939018,0.00023383751841261636
16.06,0.0002537022891514315,0.00023372469360625865
16.062,0.00025431910453318834,0.00023361197156596502
16.064,0.000254925943530038,0.00023349935219813139
16.066,0.00025552275384076623,0.00023338683540923892
16.068,0.0002561094866530354,0.00023327442110585394
16.07,0.0002566860966115867,0.0002331621091946279
16.072,0.00025725254177730295,0.00023304989958229728
16.074,0.00025780878358367385,0.0002329377921756835
16.076,0.00025835478679869426,0.00023282578688169287
16.078,0.00025889051949930963,0.00023271388360731647
16.08,0.0002594159530631757,0.00023260208225963012
16.082,0.00025993106217852646,0.00023249038274579422
16.084,0.00026043582486871017,0.00023237878497305383
16.086,0.00026093022252426554,0.00023226728884873842
16.088,0.00026141423993348266,0.00023215589428026188
16.09,0.0002618878653022461,0.00023204460117512248
16.092,0.0002623510902561458,0.00023193340944090268
16.094,0.0002628039098210528,0.00023182231898526915
16.096,0.0002632463223824839,0.00023171132971597266
16.098,0.0002636783296276,0.000231600441540848
16.1,0.0002640999364761334,0.00023148965436781393
16.102,0.0002645111510075877,0.00023137896810487303
16.104,0.0002649119843914723,0.00023126838266011174
16.106,0.00026530245082580955,0.00023115789794170017
16.108,0.000265682567486809,0.00023104751385789212
16.11,0.0002660523544904307,0.0002309372303170249
16.112,0.00026641183486471483,0.00023082704722751936
16.114,0.0002667610345302884,0.0002307169644978797
16.116,0.00026709998228598397,0.00023060698203669354
16.118,0.00026742870979624544,0.00023049709975263172
16.12,0.0002677472515772398,0.00023038731755444826
16.122,0.0002680556449792514,0.0002302776353509803
16.124,0.0002683539301634157,0.00023016805305114802
16.126,0.00026864215007169523,0.00023005857056395456
16.128,0.0002689203503896556,0.00022994918779848595
16.13,0.0002691885795021614,0.00022983990466391102
16.132,0.0002694468884426402,0.00022973072106948132
16.134,0.0002696953308366812,0.00022962163692453108
16.136,0.0002699339628410593,0.0002295126521384771
16.138,0.0002701628430790697,0.0002294037666208187
16.14,0.0002703820325733537,0.00022929498028113763
16.142,0.0002705915946775335,0.00022918629302909796
16.144,0.0002707915950083011,0.00022907770477444608
16.146,0.0002709821013800654,0.0002289692154270106
16.148,0.00027116318374442353,0.00022886082489670222
16.15,0.00027133491413650475,0.00022875253309351373
16.152,0.000271497366629552,0.0002286443399275199
16.154,0.0002716506172978922,0.0002285362453088774
16.156,0.00027179474418668076,0.00022842824914782472
16.158,0.0002719298272854916,0.00022832035135468212
16.16,0.0002720559485015028,0.00022821255183985155
16.162,0.0002721731916280499,0.0002281048505138166
16.164,0.00027228164230481733,0.0002279972472871423
16.166,0.0002723813879679331,0.00022788974207047527
16.168,0.00027247251778999236,0.00022778233477454342
16.17,0.0002725551226123604,0.000227675025310156
16.172,0.0002726292948733852,0.00022756781358820353
16.174,0.00027269512853635874,0.00022746069951965763
16.176,0.00027275271902042547,0.0002273536830155711
16.178,0.00027280216313591596,0.00022724676398707766
16.18,0.000272843559023579,0.00022713994234539205
16.182,0.00027287700609575236,0.00022703321800180982
16.184,0.0002729026049767098,0.00022692659086770737
16.186,0.00027292045743984106,0.0002268200608545418
16.188,0.0002729306663410126,0.00022671362787385086
16.19,0.00027293333554904075,0.00022660729183725286
16.192,0.0002729285698765252,0.00022650105265644663
16.194,0.0002729164750149795,0.00022639491024321144
16.196,0.0002728971574780508,0.00022628886450940688
16.198,0.00027287072455517956,0.00022618291536697285
16.2,0.0002728372842754052,0.00022607706272792947
16.202,0.0002727969453783202,0.00022597130650437694
16.204,0.00027274981728680895,0.0002258656466084956
16.206,0.00027269601007535825,0.00022576008295254572
16.208,0.0002726356344280057,0.0002256546154488675
16.21,0.00027256880158233707,0.00022554924400988103
16.212,0.00027249562325895783,0.0002254439685480861
16.214,0.00027241621157918054,0.00022533878897606225
16.216,0.0002723306789765924,0.0002252337052064686
16.218,0.0002722391381094997,0.00022512871715204392
16.22,0.0002721417017809757,0.00022502382472560633
16.222,0.0002720384828714876,0.00022491902784005347
16.224,0.0002719295942860592,0.00022481432640836225
16.226,0.0002718151489146293,0.0002247097203435889
16.228,0.0002716952596015931,0.00022460520955886875
16.23,0.00027157003911864897,0.00022450079396741637
16.232,0.00027143960013516156,0.0002243964734825253
16.234,0.0002713040551814502,0.00022429224801756806
16.236,0.00027116351660278913,0.0002241881174859961
16.238,0.00027101809650467766,0.0002240840818013397
16.24,0.00027086790669221956,0.00022398014087720788
16.242,0.00027071305860808893,0.00022387629462728836
16.244,0.0002705536632736033,0.00022377254296534747
16.246,0.000270389831236304,0.0002236688858052301
16.248,0.0002702216725256166,0.00022356532306085964
16.25,0.00027004929661561246,0.00022346185464623783
16.252,0.0002698728123918822,0.00022335848047544475
16.254,0.0002696923281184199,0.00022325520046263876
16.256,0.00026950795140024276,0.0002231520145220564
16.258,0.00026931978913877295,0.00022304892256801232
16.26,0.00026912794747892456,0.00022294592451489923
16.262,0.0002689325317494025,0.00022284302027718783
16.264,0.0002687336463997065,0.00022274020976942668
16.266,0.0002685313949386442,0.0002226374929062422
16.268,0.0002683258798792767,0.00022253486960233855
16.27,0.0002681172026940499,0.00022243233977249763
16.272,0.00026790546378203635,0.00022232990333157892
16.274,0.0002676907624476389,0.00022222756019451946
16.276,0.00026747319688811644,0.00022212531027633375
16.278,0.00026725286418559965,0.00022202315349211375
16.28,0.00026702986029898993,0.00022192108975702872
16.282,0.0002668042800515084,0.00022181911898632519
16.284,0.0002665762171111482,0.00022171724109532685
16.286,0.0002663457639628682,0.00022161545599943462
16.288,0.00026611301187328003,0.0002215137636141264
16.29,0.0002658780508498015,0.00022141216385495707
16.292,0.00026564096959697696,0.00022131065663755846
16.294,0.0002654018554727503,0.00022120924187763924
16.296,0.00026516079444696374,0.00022110791949098485
16.298,0.0002649178710637978,0.00022100668939345743
16.3,0.00026467316840872543,0.00022090555150099578
16.302,0.00026442676808033155,0.00022080450572961523
16.304,0.00026417875016665677,0.00022070355199540765
16.306,0.0002639291932259128,0.0002206026902145413
16.308,0.0002636781742712454,0.00022050192030326085
16.31,0.00026342576875973216,0.00022040124217788718
16.312,0.0002631720505854681,0.00022030065575481746
16.314,0.0002629170920766925,0.00022020016095052495
16.316,0.00026266096399618,0.00022009975768155904
16.318,0.0002624037355436616,0.0002199994458645451
16.32,0.00026214547435814963,0.00021989922541618446
16.322,0.00026188624651769175,0.00021979909625325432
16.324,0.00026162611653394736,0.00021969905829260768
16.326,0.00026136514733983006,0.00021959911145117325
16.328,0.00026110340026943625,0.00021949925564595545
16.33,0.00026084093503152576,0.00021939949079403427
16.332,0.00026057780967938334,0.00021929981681256523
16.334,0.0002603140805813488,0.0002192002336187793
16.336,0.0002600498023968259,0.00021910074112998286
16.338,0.00025978502806189873,0.0002190013392635576
16.34,0.0002595198087872287,0.00021890202793696046
16.342,0.0002592541940683258,0.00021880280706772356
16.344,0.00025898823170591295,0.00021870367657345416
16.346,0.00025872196783224106,0.00021860463637183452
16.348,0.00025845544693797653,0.00021850568638062193
16.35,0.00025818871189506125,0.00021840682651764858
16.352,0.00025792180397212784,0.00021830805670082146
16.354,0.000257654762841617,0.0002182093768481224
16.356,0.00025738762657981785,0.00021811078687760787
16.358,0.0002571204316628139,0.00021801228670740902
16.36,0.00025685321296211585,0.00021791387625573157
16.362,0.0002565860037429638,0.00021781555544085575
16.364,0.0002563188356674276,0.00021771732418113615
16.366,0.0002560517388021929,0.00021761918239500183
16.368,0.0002557847416300933,0.00021752113000095608
16.37,0.0002555178710631579,0.00021742316691757645
16.372,0.0002552511524556533,0.00021732529306351463
16.374,0.000254984609616061,0.00021722750835749644
16.376,0.00025471826481852884,0.0002171298127183217
16.378,0.00025445213881525173,0.00021703220606486418
16.38,0.0002541862508518652,0.0002169346883160716
16.382,0.00025392061868758666,0.00021683725939096546
16.384,0.00025365525862089606,0.000216739919208641
16.386,0.0002533901855201938,0.00021664266768826721
16.388,0.00025312541285765674,0.0002165455047490867
16.39,0.0002528609527436874,0.00021644843031041555
16.392,0.00025259681595945447,0.00021635144429164342
16.394,0.0002523330119856528,0.00021625454661223337
16.396,0.0002520695490267424,0.00021615773719172184
16.398,0.0002518064340311756,0.0002160610159497185
16.4,0.00025154367270889696,0.00021596438280590627
16.402,0.0002512812695476832,0.00021586783768004126
16.404,0.00025101922782969674,0.0002157713804919526
16.406,0.00025075754964901695,0.00021567501116154255
16.408,0.0002504962359303955,0.00021557872960878622
16.41,0.00025023528644934343,0.00021548253575373166
16.412,0.0002499746998538252,0.00021538642951649973
16.414,0.0002497144736886188,0.0002152904108172841
16.416,0.00024945460442384347,0.00021519447957635103
16.418,0.0002491950874895873,0.0002150986357140395
16.42,0.0002489359173178522,0.000215002879150761
16.422,0.0002486770873918596,0.0002149072098069995
16.424,0.00024841859030074056,0.00021481162760331147
16.426,0.0002481604177954898,0.00021471613246032564
16.428,0.0002479025608409886,0.0002146207242987431
16.43,0.0002476450096584421,0.00021452540303933717
16.432,0.0002473877537541262,0.00021443016860295331
16.434,0.00024713078193303126,0.0002143350209105091
16.436,0.0002468740822994972,0.00021423995988299413
16.438,0.00024661764225021354,0.00021414498544146995
16.44,0.0002463614484672846,0.00021405009750707004
16.442,0.00024610548691930505,0.00021395529600099972
16.444,0.0002458497428769809,0.00021386058084453603
16.446,0.0002455942009464984,0.00021376595195902776
16.448,0.0002453388451199599,0.0002136714092658953
16.45,0.00024508365883848187,0.00021357695268663066
16.452,0.00024482862506144433,0.00021348258214279735
16.454,0.00024457372633462476,0.00021338829755603028
16.456,0.0002443189448516801,0.0002132940988480358
16.458,0.00024406426250589763,0.0002131999859405915
16.46,0.0002438096609323317,0.0002131059587555463
16.462,0.00024355512154268443,0.00021301201721482025
16.464,0.00024330062555640437,0.00021291816124040456
16.466,0.00024304615403088564,0.00021282439075436142
16.468,0.00024279168789172607,0.00021273070567882408
16.47,0.00024253720796207757,0.00021263710593599671
16.472,0.0002422826949881108,0.0002125435914481543
16.474,0.0002420281296573902,0.00021245016213764265
16.476,0.00024177349260812113,0.00021235681792687832
16.478,0.00024151876442956444,0.0002122635587383485
16.48,0.00024126392565716935,0.000212170384494611
16.482,0.00024100895676845336,0.0002120772951182942
16.484,0.0002407538381870839,0.00021198429053209686
16.486,0.00024049855030174004,0.00021189137065878824
16.488,0.0002402430735041227,0.0002117985354212079
16.49,0.00023998738824610016,0.0002117057847422657
16.492,0.00023973147511222208,0.00021161311854494175
16.494,0.00023947531489998424,0.0002115205367522862
16.496,0.00023921888869848112,0.00021142803928741942
16.498,0.0002389621779564693,0.00021133562607353174
16.5,0.00023870516453272742,0.00021124329703388348
16.502,0.00023844783072556264,0.0002111510520918048
16.504,0.00023819015928177537,0.00021105889117069575
16.506,0.00023793213338927112,0.00021096681419402615
16.508,0.0002376737366594026,0.00021087482108533552
16.51,0.00023741495310604046,0.00021078291176823298
16.512,0.00023715576712766585,0.0002106910861663973
16.514,0.0002368961634972278,0.00021059934420357673
16.516,0.00023663612736270272,0.00021050768580358896
16.518,0.00023637564425945212,0.0002104161108903211
16.52,0.00023611470013407132,0.00021032461938772957
16.522,0.00023585328137875846,0.00021023321121984006
16.524,0.00023559137487413114,0.00021014188631074746
16.526,0.00023532896803821343,0.0002100506445846158
16.528,0.00023506604887818189,0.0002099594859656782
16.53,0.00023480260604094835,0.00020986841037823673
16.532,0.00023453862885801371,0.0002097774177466625
16.534,0.000234274107380197,0.00020968650799539545
16.536,0.00023400903239877567,0.00020959568104894435
16.538,0.0002337433954515181,0.0002095049368318867
16.54,0.00023347718881474295,0.00020941427526886879
16.542,0.00023321040548528082,0.00020932369628460544
16.544,0.00023294303915829506,0.00020923319980388014
16.546,0.00023267508420803934,0.0002091427857515448
16.548,0.0002324065356776539,0.00020905245405251986
16.55,0.00023213738928202585,0.00020896220463179408
16.552,0.0002318676414241553,0.00020887203741442456
16.554,0.00023159728922208698,0.0002087819523255367
16.556,0.00023132633054037376,0.00020869194929032408
16.558,0.00023105476401902834,0.00020860202823404838
16.56,0.0002307825890934334,0.00020851218908203939
16.562,0.0002305098060012386,0.0002084224317596949
16.564,0.000230236415775762,0.0002083327561924807
16.566,0.00022996242022912724,0.00020824316230593035
16.568,0.00022968782193097707,0.00020815365002564538
16.57,0.00022941262418968555,0.000208064219277295
16.572,0.0002291368310417914,0.00020797486998661613
16.574,0.0002288604472529653,0.00020788560207941336
16.576,0.00022858347833005938,0.00020779641548155885
16.578,0.00022830593054055015,0.0002077073101189923
16.58,0.0002280278109333862,0.0002076182859177208
16.582,0.00022774912735479922,0.0002075293428038189
16.584,0.0002274698884537644,0.00020744048070342848
16.586,0.00022719010367471562,0.00020735169954275864
16.588,0.0002269097832380691,0.00020726299924808575
16.59,0.0002266289381123029,0.0002071743797457533
16.592,0.00022634757998303014,0.00020708584096217192
16.594,0.00022606572122486128,0.0002069973828238192
16.596,0.00022578337488072698,0.0002069090052572397
16.598,0.0002255005546512556,0.00020682070818904498
16.6,0.00022521727489415626,0.00020673249154591332
16.602,0.00022493355063140361,0.00020664435525458987
16.604,0.00022464939756041089,0.0002065562992418865
16.606,0.00022436483206507646,0.00020646832343468167
16.608,0.00022407987122274542,0.00020638042775992052
16.61,0.00022379453280448297,0.0002062926121446147
16.612,0.00022350883526719298,0.00020620487651584236
16.614,0.0002232227977375721,0.00020611722080074807
16.616,0.0002229364399890288,0.00020602964492654271
16.618,0.00022264978241319543,0.0002059421488205035
16.62,0.00022236284598827922,0.00020585473240997392
16.622,0.00022207565224638054,0.0002057673956223636
16.624,0.00022178822324188754,0.00020568013838514828
16.626,0.00022150058152246274,0.00020559296062586978
16.628,0.00022121275010378213,0.00020550586227213591
16.63,0.00022092475244833517,0.00020541884325162043
16.632,0.0002206366124480021,0.00020533190349206296
16.634,0.00022034835440958204,0.00020524504292126895
16.636,0.0002200600030419414,0.00020515826146710956
16.638,0.00021977158344363667,0.00020507155905752174
16.64,0.00021948312109003505,0.00020498493562050803
16.642,0.0002191946418194331,0.00020489839108413653
16.644,0.00021890617181832673,0.00020481192537654089
16.646,0.00021861773760614822,0.00020472553842592017
16.648,0.00021832936602010638,0.0002046392301605389
16.65,0.00021804108420032681,0.00020455300050872694
16.652,0.00021775291957526472,0.00020446684939887935
16.654,0.00021746489984666236,0.0002043807767594565
16.656,0.00021717705297310107,0.0002042947825189839
16.658,0.00021688940715114483,0.00020420886660605213
16.66,0.00021660199079317303,0.00020412302894931683
16.662,0.00021631483250165827,0.00020403726947749865
16.664,0.00021602796104025729,0.00020395158811938312
16.666,0.00021574140530257683,0.00020386598480382067
16.668,0.00021545519428002767,0.00020378045945972654
16.67,0.00021516935703025933,0.00020369501201608067
16.672,0.00021488392264753457,0.00020360964240192774
16.674,0.00021459892023624607,0.00020352435054637704
16.676,0.0002143143788880413,0.00020343913637860242
16.678,0.00021403032766275422,0.00020335399982784227
16.68,0.0002137467955725208,0.0002032689408233994
16.682,0.00021346381156804925,0.00020318395929464105
16.684,0.00021318140452534796,0.00020309905517099875
16.686,0.00021289960323118105,0.00020301422838196834
16.688,0.00021261843636525933,0.00020292947885710988
16.69,0.00021233793247786722,0.00020284480652604756
16.692,0.00021205811996242134,0.0002027602113184697
16.694,0.00021177902702355388,0.00020267569316412867
16.696,0.0002115006816426715,0.00020259125199284078
16.698,0.00021122311154383327,0.00020250688773448632
16.7,0.00021094634416326331,0.0002024226003190094
16.702,0.00021067040662534173,0.00020233838967641802
16.704,0.00021039532572681818,0.00020225425573678382
16.706,0.00021012112792906907,0.0002021701984302422
16.708,0.000209847839356489,0.00020208621768699221
16.71,0.00020957548579730048,0.00020200231343729644
16.712,0.00020930409270234886,0.00020191848561148103
16.714,0.00020903368517771398,0.00020183473413993555
16.716,0.0002087642879682901,0.000201751058953113
16.718,0.00020849592543135273,0.0002016674599815297
16.72,0.00020822862150166532,0.0002015839371557653
16.722,0.00020796239965147973,0.00020150049040646264
16.724,0.0002076972828499901,0.00020141711966432775
16.726,0.00020743329352682788,0.0002013338248601298
16.728,0.00020717045354327505,0.00020125060592470097
16.73,0.0002069087841729914,0.0002011674627889365
16.732,0.0002066483060919963,0.0002010843953837945
16.734,0.00020638903937586885,0.00020100140364029604
16.736,0.00020613100350073182,0.000200918487489525
16.738,0.0002058742173443546,0.00020083564686262798
16.74,0.00020561869918422082,0.00020075288169081436
16.742,0.00020536446669056546,0.00020067019190535615
16.744,0.00020511153691396002,0.00020058757743758796
16.746,0.00020485992626831305,0.00020050503821890693
16.748,0.0002046096505112832,0.0002004225741807727
16.75,0.0002043607247243447,0.0002003401852547074
16.752,0.00020411316329457037,0.0002002578713722954
16.754,0.00020386697989951058,0.00020017563246518352
16.756,0.00020362218749545008,0.00020009346846508076
16.758,0.0002033787983086757,0.00020001137930375832
16.76,0.0002031368238284418,0.0001999293649130496
16.762,0.00020289627480030655,0.00019984742522485005
16.764,0.00020265716121852846,0.00019976556017111717
16.766,0.00020241949231659923,0.0001996837696838704
16.768,0.0002021832765557751,0.00019960205369519117
16.77,0.00020194852161189403,0.0001995204121372227
16.772,0.00020171523436160214,0.00019943884494217005
16.774,0.00020148342086913235,0.00019935735204230004
16.776,0.000201253086375206,0.00019927593336994116
16.778,0.0002010242352893963,0.00019919458885748356
16.78,0.0002007968711869962,0.00019911331843737895
16.782,0.00020057099681091063,0.0001990321220421406
16.784,0.0002003466140784296,0.00019895099960434324
16.786,0.00020012372409202754,0.00019886995105662298
16.788,0.0001999023271525857,0.00019878897633167732
16.79,0.00019968242277294384,0.00019870807536226506
16.792,0.0001994640096895745,0.00019862724808120623
16.794,0.00019924708587035369,0.00019854649442138206
16.796,0.00019903164851714652,0.00019846581431573492
16.798,0.0001988176940628308,0.00019838520769726827
16.8,0.00019860521816357634,0.00019830467449904657
16.802,0.0001983942156879983,0.00019822421465419523
16.804,0.0001981846807054124,0.00019814382809590065
16.806,0.00019797660647522092,0.00019806351475741001
16.808,0.00019776998543903228,0.0001979832745720313
16.81,0.00019756480921611725,0.00019790310747313332
16.812,0.0001973610686020568,0.00019782301339414546
16.814,0.00019715875356972337,0.00019774299226855784
16.816,0.00019695785327193043,0.00019766304402992112
16.818,0.00019675835604549233,0.00019758316861184647
16.82,0.0001965602494174906,0.00019750336594800556
16.822,0.00019636352011535388,0.00019742363597213046
16.824,0.00019616815408290278,0.00019734397861801358
16.826,0.00019597413650425513,0.00019726439381950769
16.828,0.00019578145183620895,0.00019718488151052575
16.83,0.00019559008384812846,0.00019710544162504094
16.832,0.00019540001566611872,0.0001970260740970866
16.834,0.0001952112298167201,0.00019694677886075612
16.836,0.00019502370826444883,0.00019686755585020293
16.838,0.00019483743243795467,0.00019678840499964047
16.84,0.00019465238324117842,0.00019670932624334206
16.842,0.00019446854104834078,0.0001966303195156409
16.844,0.00019428588568467422,0.00019655138475093003
16.846,0.00019410439639745805,0.00019647252188366218
16.848,0.00019392405182377901,0.00019639373084834986
16.85,0.00019374482996230264,0.00019631501157956518
16.852,0.00019356670815576035,0.00019623636401193986
16.854,0.00019338966308931374,0.00019615778808016517
16.856,0.00019321367080751386,0.00019607928371899184
16.858,0.00019303870675003228,0.00019600085086323005
16.86,0.00019286474580355872,0.00019592248944774935
16.862,0.00019269176236517318,0.00019584419940747865
16.864,0.0001925197304111514,0.0001957659806774061
16.866,0.0001923486235644463,0.00019568783319257903
16.868,0.00019217841515467254,0.000195609756888104
16.87,0.0001920090782657245,0.00019553175169914662
16.872,0.0001918405857681432,0.00019545381756093158
16.874,0.00019167291033600814,0.0001953759544087426
16.876,0.000191506024450524,0.0001952981621779223
16.878,0.00019133990039457114,0.00019522044080387218
16.88,0.00019117451024375616,0.00019514279022205265
16.882,0.00019100982585950216,0.00019506521036798284
16.884,0.00019084581888894781,0.00019498770117724065
16.886,0.00019068246077452397,0.00019491026258546267
16.888,0.00019051972277413177,0.00019483289452834404
16.89,0.00019035757599069982,0.00019475559694163855
16.892,0.00019019599140881522,0.00019467836976115848
16.894,0.0001900349399352876,0.00019460121292277457
16.896,0.00018987439244079062,0.00019452412636241598
16.898,0.00018971431980054776,0.00019444711001607022
16.9,0.00018955469293262296,0.00019437016381978312
16.902,0.00018939548283331692,0.00019429328770965876
16.904,0.00018923666060944975,0.0001942164816218594
16.906,0.00018907819750769376,0.00019413974549260547
16.908,0.00018892006494107376,0.00019406307925817548
16.91,0.00018876223451325366,0.00019398648285490598
16.912,0.00018860467804158944,0.00019390995621919153
16.914,0.00018844736758056547,0.0001938334992874846
16.916,0.0001882902754475436,0.00019375711199629553
16.918,0.00018813337425263208,0.0001936807942821925
16.92,0.00018797663693351772,0.00019360454608180152
16.922,0.00018782003679465345,0.00019352836733180624
16.924,0.00018766354754825847,0.00019345225796894803
16.926,0.00018750714335320008,0.00019337621793002587
16.928,0.000187350798847345,0.00019330024715189632
16.93,0.0001871944891699838,0.0001932243455714734
16.932,0.00018703818997322638,0.00019314851312572868
16.934,0.00018688187742461857,0.00019307274975169107
16.936,0.0001867255282063116,0.00019299705538644685
16.938,0.00018656911951828455,0.00019292142996713962
16.94,0.00018641262909321746,0.0001928458734309702
16.942,0.00018625603522839639,0.00019277038571519667
16.944,0.00018609931683617704,0.0001926949667571342
16.946,0.0001859424535096559,0.0001926196164941551
16.948,0.00018578542559593536,0.00019254433486368868
16.95,0.00018562821426702753,0.00019246912180322128
16.952,0.00018547080157854814,0.00019239397725029616
16.954,0.00018531317050949698,0.00019231890114251347
16.956,0.00018515530498105663,0.0001922438934175302
16.958,0.0001849971898577039,0.00019216895401306014
16.96,0.00018483881093854293,0.0001920940828668738
16.962,0.00018468015494848902,0.00019201927991679838
16.964,0.0001845212095384372,0.00019194454510071767
16.966,0.00018436196330003153,0.00019186987835657208
16.968,0.00018420240579577766,0.00019179527962235853
16.97,0.00018404252760028674,0.00019172074883613043
16.972,0.00018388232034491668,0.00019164628593599763
16.974,0.00018372177675691614,0.00019157189086012628
16.976,0.000183560890686061,0.00019149756354673892
16.978,0.0001833996571154716,0.00019142330393411434
16.98,0.00018323807215839914,0.00019134911196058756
16.982,0.00018307613304709386,0.00019127498756454973
16.984,0.00018291383812268225,0.00019120093068444817
16.986,0.00018275118683502592,0.0001911269412587862
16.988,0.00018258817975902152,0.00019105301922612322
16.99,0.00018242481862935147,0.00019097916452507453
16.992,0.00018226110639077403,0.0001909053770943114
16.994,0.00018209704725640968,0.0001908316568725609
16.996,0.00018193264676437374,0.000190758003798606
16.998,0.00018176791182304832,0.00019068441781128534
17.0,0.00018160285073802877,0.0001906108988494933
17.002,0.00018143747321822394,0.00019053744685217994
17.004,0.00018127179036333578,0.0001904640617583509
17.006,0.00018110581463933451,0.00019039074350706738
17.008,0.00018093955985077985,0.0001903174920374461
17.01,0.00018077304111871627,0.0001902443072886592
17.012,0.00018060627487099683,0.0001901711891999343
17.014,0.0001804392788477756,0.00019009813771055429
17.016,0.00018027207212107076,0.00019002515275985741
17.018,0.00018010467512360925,0.00018995223428723714
17.02,0.0001799371096802811,0.00018987938223214215
17.022,0.000179769399035564,0.0001898065965340763
17.024,0.00017960156787180534,0.00018973387713259855
17.026,0.00017943364231601272,0.00018966122396732286
17.028,0.00017926564993598203,0.00018958863697791825
17.03,0.00017909761972868444,0.00018951611610410865
17.032,0.0001789295821051393,0.0001894436612856729
17.034,0.00017876156887588614,0.00018937127246244472
17.036,0.00017859361323973574,0.00018929894957431262
17.038,0.00017842574977673263,0.00018922669256121985
17.04,0.00017825801444448685,0.00018915450136316436
17.042,0.00017809044457574872,0.00018908237592019878
17.044,0.00017792307887486744,0.00018901031617243034
17.046,0.00017775595741116799,0.00018893832206002078
17.048,0.0001775891216085655,0.00018886639352318639
17.05,0.00017742261423161245,0.00018879453050219788
17.052,0.00017725647936948937,0.0001887227329373804
17.054,0.00017709076241949397,0.00018865100076911344
17.056,0.00017692551007160835,0.00018857933393783075
17.058,0.00017676077029482294,0.0001885077323840204
17.06,0.00017659659232497293,0.00018843619604822466
17.062,0.00017643302665288382,0.0001883647248710399
17.064,0.0001762701250110826,0.00018829331879311668
17.066,0.00017610794035723162,0.00018822197775515955
17.068,0.0001759465268529533,0.00018815070169792708
17.07,0.0001757859398376033,0.00018807949056223183
17.072,0.00017562623579776225,0.00018800834428894025
17.074,0.00017546747233427177,0.00018793726281897267
17.076,0.0001753097081293902,0.0001878662460933032
17.078,0.0001751530029169217,0.00018779529405295976
17.08,0.0001749974174575869,0.00018772440663902392
17.082,0.0001748430135207957,0.00018765358379263096
17.084,0.00017468985387238012,0.0001875828254549698
17.086,0.00017453800226599811,0.00018751213156728287
17.088,0.00017438752343463247,0.00018744150207086613
17.09,0.00017423848307780116,0.00018737093690706906
17.092,0.00017409094784032848,0.0001873004360172945
17.094,0.000173944985279955,0.00018722999934299873
17.096,0.000173800663823037,0.00018715962682569126
17.098,0.00017365805271014003,0.00018708931840693497
17.1,0.00017351722193545326,0.00018701907402834592
17.102,0.00017337824218523716,0.00018694889363159335
17.104,0.0001732411847806585,0.00018687877715839964
17.106,0.0001731061216292072,0.00018680872455054026
17.108,0.00017297312518645168,0.00018673873574984369
17.11,0.000172842268427436,0.0001866688106981914
17.112,0.00017271362482445074,0.00018659894933751784
17.114,0.00017258726832648292,0.00018652915160981027
17.116,0.00017246327333533693,0.00018645941745710885
17.118,0.0001723417146747554,0.0001863897468215065
17.12,0.00017222266755064294,0.00018632013964514895
17.122,0.00017210620750328508,0.00018625059587023456
17.124,0.00017199241035443288,0.00018618111543901433
17.126,0.00017188135215329104,0.0001861116982937919
17.128,0.00017177310912562594,0.00018604234437692347
17.13,0.00017166775762884564,0.0001859730536308177
17.132,0.0001715653741140173,0.00018590382599793572
17.134,0.0001714660350935798,0.0001858346614207911
17.136,0.00017136981711168337,0.00018576555984194977
17.138,0.00017127679671329093,0.00018569652120402992
17.14,0.00017118705040831543,0.00018562754544970206
17.142,0.0001711006546282921,0.00018555863252168892
17.144,0.00017101768567505697,0.00018548978236276534
17.146,0.00017093821966276943,0.00018542099491575834
17.148,0.0001708623324563241,0.000185352270123547
17.15,0.00017079009960982466,0.0001852836079290624
17.152,0.0001707215963088117,0.00018521500827528768
17.154,0.00017065689731855487,0.00018514647110525782
17.156,0.00017059607693931437,0.00018507799636205974
17.158,0.00017053920896734607,0.0001850095839888322
17.16,0.00017048636665919527,0.00018494123392876573
17.162,0.00017043762269583224,0.0001848729461251026
17.164,0.0001703930491434431,0.00018480472052113681
17.166,0.000170352717408791,0.000184736557060214
17.168,0.00017031669818869783,0.0001846684556857314
17.17,0.00017028506141520615,0.00018460041634113777
17.172,0.00017025787619967238,0.00018453243896993346
17.174,0.0001702352107798839,0.0001844645235156702
17.176,0.00017021713247414386,0.0001843966699219512
17.178,0.00017020370764493807,0.00018432887813243096
17.18,0.00017019500167255548,0.0001842611480908154
17.182,0.00017019107893638652,0.00018419347974086162
17.184,0.00017019200279922545,0.00018412587302637804
17.186,0.00017019783558823784,0.0001840583278912242
17.188,0.00017020863856636505,0.00018399084427931078
17.19,0.00017022447188890964,0.00018392342213459955
17.192,0.00017024539454317173,0.00018385606140110337
17.194,0.00017027146427227172,0.00018378876202288603
17.196,0.00017030273748799103,0.00018372152394406232
17.198,0.00017033926918016994,0.0001836543471087979
17.2,0.0001703811128315733,0.0001835872314613093
17.202,0.0001704283203465336,0.00018352017694586384
17.204,0.00017048094199982957,0.00018345318350677963
17.206,0.00017053902640852813,0.0001833862510884255
17.208,0.00017060262052593893,0.00018331937963522095
17.21,0.00017067176965306324,0.00018325256909163605
17.212,0.00017074651746058837,0.00018318581940219154
17.214,0.00017082690601286825,0.00018311913051145863
17.216,0.00017091297578598848,0.00018305250236405902
17.218,0.00017100476567315882,0.0001829859349046649
17.22,0.00017110231297310204,0.00018291942807799878
17.222,0.00017120565335966727,0.0001828529818288336
17.224,0.00017131482083345827,0.00018278659610199255
17.226,0.00017142984765839244,0.00018272027084234908
17.228,0.00017155076428786845,0.00018265400599482687
17.23,0.00017167759928612413,0.00018258780150439975
17.232,0.0001718103792511338,0.0001825216573160917
17.234,0.00017194912874492422,0.00018245557337497674
17.236,0.00017209387023679385,0.00018238954962617894
17.238,0.00017224462406322753,0.00018232358601487234
17.24,0.00017240140840638573,0.00018225768248628094
17.242,0.00017256423929063713,0.0001821918389856786
17.244,0.00017273313059406556,0.00018212605545838906
17.246,0.0001729080940697699,0.00018206033184978583
17.248,0.00017308913937038234,0.0001819946681052922
17.25,0.00017327627406900971,0.00018192906417038117
17.252,0.000173469503670718,0.0001818635199905754
17.254,0.00017366883161086866,0.00018179803551144719
17.256,0.00017387425923914097,0.00018173261067861834
17.258,0.0001740857857911855,0.00018166724543776028
17.26,0.000174303408352003,0.00018160193973459386
17.262,0.00017452712181667242,0.0001815366935148894
17.264,0.00017475691885412154,0.00018147150672446658
17.266,0.0001749927898786106,0.0001814063793091945
17.268,0.0001752347230315871,0.00018134131121499148
17.27,0.00017548270417420424,0.00018127630238782516
17.272,0.0001757367168884479,0.0001812113527737124
17.274,0.00017599674248344987,0.00018114646231871915
17.276,0.00017626276000267646,0.00018108163096896058
17.278,0.00017653474622834772,0.0001810168586706009
17.28,0.0001768126756807512,0.00018095214536985332
17.282,0.00017709652061178118,0.00018088749101298013
17.284,0.00017738625099408947,0.0001808228955462925
17.286,0.00017768183450850934,0.0001807583589161505
17.288,0.00017798323653316284,0.00018069388106896312
17.29,0.00017829042013723303,0.00018062946195118807
17.292,0.00017860334608174028,0.0001805651015093319
17.294,0.0001789219728278187,0.00018050079968994986
17.296,0.000179246256551743,0.0001804365564396459
17.298,0.0001795761511648251,0.00018037237170507255
17.3,0.000179911608335586,0.000180308245432931
17.302,0.00018025257751192204,0.00018024417756997097
17.304,0.0001805990059417063,0.00018018016806299063
17.306,0.00018095083869096383,0.00018011621685883668
17.308,0.00018130801865981944,0.0001800523239044042
17.31,0.00018167048659654402,0.00017998848914663665
17.312,0.00018203818111013978,0.00017992471253252577
17.314,0.00018241103868130244,0.00017986099400911165
17.316,0.0001827889936710328,0.00017979733352348258
17.318,0.00018317197832620692,0.00017973373102277506
17.32,0.00018355992278136117,0.00017967018645417376
17.322,0.0001839527550573313,0.0001796066997649114
17.324,0.00018435040105846645,0.0001795432709022688
17.326,0.00018475278457166756,0.0001794798998135748
17.328,0.00018515982727124565,0.00017941658644620622
17.33,0.00018557144873341668,0.00017935333074758778
17.332,0.00018598756646290675,0.00017929013266519212
17.334,0.00018640809593184918,0.0001792269921465397
17.336,0.00018683295062843153,0.0001791639091391988
17.338,0.00018726204211033589,0.00017910088359078546
17.34,0.00018769528005683136,0.00017903791544896343
17.342,0.000188132572313431,0.0001789750046614441
17.344,0.00018857382492485557,0.00017891215117598656
17.346,0.00018901894215519061,0.00017884935494039738
17.348,0.000189467826497051,0.00017878661590253075
17.35,0.0001899203786747509,0.00017872393401028834
17.352,0.0001903764976477018,0.00017866130921161927
17.354,0.00019083608062010909,0.00017859874145452004
17.356,0.00019129902306127096,0.00017853623068703458
17.358,0.00019176521873778954,0.00017847377685725407
17.36,0.00019223455975598592,0.00017841137991331704
17.362,0.00019270693661042128,0.0001783490398034092
17.364,0.00019318223823329024,0.0001782867564757635
17.366,0.0001936603520399483,0.00017822452987866
17.368,0.00019414116396760807,0.00017816235996042593
17.37,0.00019462455850662242,0.00017810024666943552
17.372,0.0001951104187262601,0.00017803818995411005
17.374,0.00019559862629825675,0.0001779761897629178
17.376,0.00019608906152201409,0.00017791424604437397
17.378,0.00019658160335434612,0.00017785235874704064
17.38,0.0001970761294451051,0.00017779052781952676
17.382,0.00019757251617824435,0.00017772875321048808
17.384,0.00019807063871622187,0.00017766703486862714
17.386,0.00019857037104510446,0.00017760537274269316
17.388,0.00019907158601804704,0.0001775437667814821
17.39,0.00019957415539568351,0.00017748221693383647
17.392,0.00020007794988334286,0.00017742072314864548
17.394,0.00020058283916622743,0.00017735928537484483
17.396,0.00020108869194405314,0.00017729790356141678
17.398,0.00020159537596672422,0.00017723657765739
17.4,0.00020210275807178054,0.0001771753076118396
17.402,0.00020261070422344877,0.00017711409337388713
17.404,0.00020311907955237177,0.00017705293489270042
17.406,0.0002036277483948004,0.00017699183211749363
17.408,0.0002041365743304902,0.00017693078499752716
17.41,0.0002046454202192571,0.00017686979348210765
17.412,0.00020515414823757595,0.00017680885752058788
17.414,0.0002056626199169916,0.0001767479770623668
17.416,0.00020617069618696017,0.00017668715205688943
17.418,0.00020667823742376607,0.00017662638245364684
17.42,0.0002071851035063193,0.0001765656682021761
17.422,0.0002076911538777874,0.00017650500925206028
17.424,0.00020819624761053219,0.0001764444055529283
17.426,0.0002087002434704555,0.00017638385705445503
17.428,0.00020920299997658726,0.00017632336370636113
17.43,0.00020970437545217156,0.00017626292545841308
17.432,0.00021020422806480562,0.00017620254226042315
17.434,0.00021070241585525738,0.00017614221406224924
17.436,0.00021119879675650572,0.000176081940813795
17.438,0.0002116932286065269,0.00017602172246500967
17.44,0.0002121855691595021,0.00017596155896588807
17.442,0.00021267567610061815,0.0001759014502664706
17.444,0.0002131634070691506,0.00017584139631684315
17.446,0.000213648619693222,0.00017578139706713705
17.448,0.00021413117163810583,0.0001757214524675291
17.45,0.00021461092066772853,0.00017566156246824144
17.452,0.0002150877247172484,0.00017560172701954158
17.454,0.000215561441973071,0.0001755419460717423
17.456,0.0002160319309557178,0.0001754822195752017
17.458,0.00021649905060058014,0.000175422547480323
17.46,0.00021696266033207758,0.00017536292973755464
17.462,0.00021742262012767143,0.00017530336629739023
17.464,0.0002178787905695608,0.00017524385711036844
17.466,0.00021833103288336126,0.00017518440212707298
17.468,0.00021877920896481884,0.00017512500129813257
17.47,0.0002192231813968301,0.00017506565457422094
17.472,0.00021966281346014026,0.0001750063619060567
17.474,0.0002200979691417683,0.00017494712324440337
17.476,0.00022052851314528942,0.00017488793854006935
17.478,0.0002209543109068405,0.00017482880774390776
17.48,0.00022137522862001197,0.00017476973080681656
17.482,0.0002217911332717197,0.00017471070767973842
17.484,0.00022220189268991008,0.00017465173831366068
17.486,0.00022260737560256586,0.00017459282265961534
17.488,0.00022300745170615314,0.00017453396066867898
17.49,0.00022340199174059898,0.00017447515229197276
17.492,0.00022379086756694466,0.00017441639748066234
17.494,0.00022417395224363245,0.00017435769618595788
17.496,0.00022455112009723952,0.00017429904835911396
17.498,0.00022492224678426586,0.0001742404539514296
17.5,0.00022528720934143504,0.00017418191291424814
17.502,0.00022564588622356362,0.00017412342519895725
17.504,0.00022599815732941757,0.00017406499075698888
17.506,0.00022634390401792112,0.0001740066095398192
17.508,0.00022668300911825556,0.00017394828149896866
17.51,0.0002270153569385049,0.00017389000658600174
17.512,0.00022734083327798234,0.00017383178475252712
17.514,0.0002276593254476138,0.00017377361595019754
17.516,0.00022797072230182786,0.00017371550013070978
17.518,0.00022827491428336897,0.0001736574372458046
17.52,0.00022857179348008308,0.00017359942724726676
17.522,0.00022886125369056168,0.00017354147008692486
17.524,0.00022914319049375454,0.00017348356571665144
17.526,0.00022941750131666246,0.00017342571408836285
17.528,0.00022968408549450434,0.00017336791515401925
17.53,0.00022994284431899885,0.00017331016886562456
17.532,0.000230193681072619,0.0001732524751752264
17.534,0.00023043650104932252,0.0001731948340349161
17.536,0.00023067121156475833,0.00017313724539682858
17.538,0.00023089772196087423,0.00017307970921314237
17.54,0.00023111594361080196,0.0001730222254360796
17.542,0.0002313257899294845,0.00017296479401790587
17.544,0.00023152717639424438,0.0001729074149109303
17.546,0.00023172002057739313,0.00017285008806750538
17.548,0.0002319042421905415,0.00017279281344002707
17.55,0.0002320797631379252,0.00017273559098093466
17.552,0.0002322465075747801,0.00017267842064271077
17.554,0.0002324044019656305,0.0001726213023778813
17.556,0.00023255337513789274,0.0001725642361390154
17.558,0.00023269335832686643,0.0001725072218787254
17.56,0.0002328242852098966,0.0001724502595496668
17.562,0.00023294609192912362,0.00017239334910453823
17.564,0.0002330587171039659,0.0001723364904960814
17.566,0.00023316210183585152,0.00017227968367708105
17.568,0.0002332561897085643,0.00017222292860036496
17.57,0.00023334092678792593,0.00017216622521880386
17.572,0.0002334162616242539,0.0001721095734853114
17.574,0.00023348214526031758,0.0001720529733528441
17.576,0.000233538531246428,0.00017199642477440141
17.578,0.0002335853756631145,0.0001719399277030255
17.58,0.0002336226371504414,0.00017188348209180136
17.582,0.0002336502769420684,0.00017182708789385668
17.584,0.0002336682589014114,0.0001717707450623619
17.586,0.00023367654955706036,0.00017171445355053004
17.588,0.00023367511813478383,0.00017165821331161676
17.59,0.00023366393658430856,0.00017160202429892033
17.592,0.0002336429795999566,0.00017154588646578153
17.594,0.00023361222463525152,0.00017148979976558366
17.596,0.00023357165191253797,0.00017143376415175245
17.598,0.0002335212444290589,0.0001713777795777561
17.6,0.00023346098796083074,0.00017132184599710513
17.602,0.0002333908710653215,0.00017126596336335245
17.604,0.00023331088508295633,0.00017121013163009325
17.606,0.00023322102413714599,0.00017115435075096502
17.608,0.0002331212851318655,0.00017109862067964744
17.61,0.00023301166774640118,0.00017104294136986243
17.612,0.0002328921744275559,0.00017098731277537398
17.614,0.00023276281038089316,0.0001709317348499883
17.616,0.00023262358356393806,0.0001708762075475536
17.618,0.0002324745046846803,0.00017082073082196013
17.62,0.0002323155872086739,0.00017076530462714019
17.622,0.00023214684737651905,0.000170709928917068
17.624,0.00023196830423097568,0.00017065460364575972
17.626,0.00023177997965024945,0.00017059932876727337
17.628,0.00023158189838117904,0.00017054410423570884
17.63,0.00023137408806462432,0.00017048893000520782
17.632,0.00023115657924559322,0.00017043380602995377
17.634,0.00023092940536259565,0.00017037873226417188
17.636,0.00023069260271468839,0.00017032370866212904
17.638,0.00023044621040898124,0.00017026873517813376
17.64,0.00023019027029589603,0.00017021381176653624
17.642,0.00022992482690215157,0.0001701589383817282
17.644,0.00022964992737242376,0.00017010411497814292
17.646,0.00022936562142863098,0.00017004934151025519
17.648,0.00022907196135219242,0.00016999461793258124
17.65,0.0002287690019894433,0.00016993994419967878
17.652,0.00022845680077532938,0.00016988532026614687
17.654,0.0002281354177667798,0.00016983074608662596
17.656,0.00022780491567520741,0.00016977622161579774
17.658,0.00022746535988827155,0.00016972174680838527
17.66,0.00022711681847383834,0.00016966732161915278
17.662,0.00022675936216310033,0.00016961294600290576
17.664,0.000226393064314296,0.00016955861991449083
17.666,0.00022601800086224035,0.0001695043433087957
17.668,0.00022563425026093123,0.00016945011614074928
17.67,0.00022524189342706626,0.00016939593836532143
17.672,0.00022484101369060224,0.00016934180993752307
17.674,0.0002244316967559749,0.0001692877308124061
17.676,0.00022401403067437233,0.00016923370094506333
17.678,0.0002235881058245216,0.0001691797202906285
17.68,0.00022315401489745982,0.00016912578880427624
17.682,0.0002227118528801048,0.00016907190644122196
17.684,0.00022226171703305632,0.0001690180731567219
17.686,0.0002218037068597716,0.00016896428890607302
17.688,0.00022133792406659212,0.00016891055364461302
17.69,0.00022086447251552652,0.00016885686732772028
17.692,0.00022038345817327717,0.0001688032299108138
17.694,0.00021989498906118792,0.00016874964134935323
17.696,0.00021939917521023207,0.00016869610159883874
17.698,0.00021889612862397334,0.0001686426106148111
17.7,0.00021838596325026105,0.00016858916835285148
17.702,0.00021786879496005316,0.0001685357747685816
17.704,0.00021734474152966876,0.00016848242981766355
17.706,0.00021681392262140617,0.00016842913345579982
17.708,0.00021627645975727967,0.00016837588563873323
17.71,0.00021573247628160763,0.00016832268632224696
17.712,0.00021518209731025836,0.0001682695354621644
17.714,0.00021462544966676481,0.00016821643301434923
17.716,0.0002140626618084216,0.00016816337893470532
17.718,0.0002134938637472219,0.00016811037317917668
17.72,0.0002129191869718131,0.0001680574157037475
17.722,0.00021233876437631773,0.00016800450646444197
17.724,0.00021175273020047588,0.00016795164541732444
17.726,0.00021116121998342082,0.0001678988325184992
17.728,0.00021056437053053358,0.00016784606772411056
17.73,0.00020996231989034163,0.00016779335099034279
17.732,0.00020935520733651497,0.00016774068227342004
17.734,0.0002087431733490303,0.00016768806152960635
17.736,0.00020812635958896873,0.00016763548871520556
17.738,0.00020750490886267632,0.00016758296378656135
17.74,0.0002068789650730708,0.00016753048670005717
17.742,0.00020624867315851802,0.00016747805741211617
17.744,0.0002056141790217142,0.00016742567587920118
17.746,0.00020497562945295404,0.00016737334205781473
17.748,0.0002043331720526105,0.00016732105590449895
17.75,0.00020368695515758618,0.00016726881737583554
17.752,0.00020303712777513318,0.00016721662642844577
17.754,0.0002023838395258205,0.00016716448301899042
17.756,0.00020172724059519943,0.0001671123871041697
17.758,0.0002010674816923413,0.00016706033864072334
17.76,0.00020040471401209972,0.0001670083375854304
17.762,0.00019973908919784363,0.00016695638389510934
17.764,0.00019907075930185303,0.00016690447752661794
17.766,0.00019839987674165007,0.0001668526184368533
17.768,0.00019772659425180476,0.00016680080658275175
17.77,0.00019705106483185251,0.00016674904192128887
17.772,0.0001963734416915408,0.00016669732440947942
17.774,0.0001956938781947999,0.0001666456540043773
17.776,0.00019501252780324623,0.00016659403066307554
17.778,0.00019432954401947782,0.00016654245434270624
17.78,0.00019364508032972762,0.00016649092500044057
17.782,0.00019295929014495378,0.00016643944259348868
17.784,0.0001922723267398449,0.00016638800707909974
17.786,0.00019158434318955383,0.0001663366184145618
17.788,0.0001908954923049756,0.00016628527655720185
17.79,0.00019020592656836347,0.00016623398146438573
17.792,0.0001895157980713766,0.00016618273309351817
17.794,0.00018882525845803654,0.00016613153140204262
17.796,0.00018813445887422135,0.0001660803763474413
17.798,0.0001874435499244219,0.00016602926788723523
17.8,0.0001867526816350483,0.00016597820597898406
17.802,0.000186062003422421,0.0001659271905802861
17.804,0.0001853716640625378,0.00016587622164877832
17.806,0.00018468181165969558,0.00016582529914213622
17.808,0.0001839925936111725,0.0001657744230180739
17.81,0.00018330415656638387,0.00016572359323434392
17.812,0.0001826166463799864,0.0001656728097487374
17.814,0.0001819302080598654,0.00016562207251908382
17.816,0.0001812449857117297,0.00016557138150325115
17.818,0.00018056112248260908,0.0001655207366591457
17.82,0.00017987876050546488,0.00016547013794471213
17.822,0.00017919804084629007,0.00016541958531793335
17.824,0.00017851910345464874,0.00016536907873683062
17.826,0.00017784208711710815,0.0001653186181594634
17.828,0.00017716712941295447,0.00016526820354392934
17.83,0.00017649436667081542,0.0001652178348483643
17.832,0.00017582393392545309,0.00016516751203094222
17.834,0.00017515596487424173,0.00016511723504987518
17.836,0.00017449059183383288,0.00016506700386341328
17.838,0.00017382794569812494,0.00016501681842984468
17.84,0.00017316815589902917,0.0001649666787074955
17.842,0.00017251135037150744,0.0001649165846547299
17.844,0.00017185765552371526,0.00016486653622994988
17.846,0.00017120719621214824,0.00016481653339159533
17.848,0.0001705600957207157,0.00016476657609814404
17.85,0.00016991647574155373,0.0001647166643081116
17.852,0.0001692764563550976,0.0001646667979800514
17.854,0.00016864015600688204,0.00016461697707255453
17.856,0.00016800769147943653,0.00016456720154424986
17.858,0.0001673791778586988,0.00016451747135380393
17.86,0.0001667547284959822,0.0001644677864599209
17.862,0.00016613445496757646,0.00016441814682134257
17.864,0.00016551846703484105,0.0001643685523968483
17.866,0.00016490687260786767,0.000164319003145255
17.868,0.00016429977771478907,0.00016426949902541714
17.87,0.0001636972864778243,0.00016422003999622657
17.872,0.00016309950109550422,0.00016417062601661268
17.874,0.00016250652182921903,0.0001641212570455422
17.876,0.00016191844699137825,0.00016407193304201925
17.878,0.0001613353729323602,0.00016402265396508534
17.88,0.00016075739402406813,0.00016397341977381923
17.882,0.00016018460263893602,0.00016392423042733699
17.884,0.00015961708912494711,0.00016387508588479189
17.886,0.00015905494177815066,0.00016382598610537442
17.888,0.00015849824681524242,0.00016377693104831228
17.89,0.0001579470883487244,0.00016372792067287026
17.892,0.00015740154836666186,0.00016367895493835027
17.894,0.00015686170671793244,0.00016363003380409128
17.896,0.00015632764110269103,0.00016358115722946932
17.898,0.00015579942706656582,0.0001635323251738974
17.9,0.00015527713799668913,0.00016348353759682547
17.902,0.00015476084511753725,0.00016343479445774051
17.904,0.0001542506174852353,0.0001633860957161663
17.906,0.00015374652198014017,0.00016333744133166357
17.908,0.00015324862329843742,0.0001632888312638298
17.91,0.00015275698394446262,0.00016324026547229935
17.912,0.00015227166422582532,0.0001631917439167433
17.914,0.00015179272225279776,0.00016314326655686944
17.916,0.0001513202139426356,0.00016309483335242233
17.918,0.0001508541930281295,0.00016304644426318315
17.92,0.0001503947110682533,0.00016299809924896972
17.922,0.00014994181745798025,0.00016294979826963647
17.924,0.00014949555943419347,0.00016290154128507437
17.926,0.00014905598207533982,0.00016285332825521096
17.928,0.00014862312829395626,0.00016280515914001028
17.93,0.0001481970388233429,0.00016275703389947277
17.932,0.00014777775220124495,0.0001627089524936354
17.934,0.0001473653047550385,0.0001626609148825715
17.936,0.0001469597305927881,0.0001626129210263907
17.938,0.000146561061604064,0.00016256497088523906
17.94,0.00014616932747202785,0.00016251706441929893
17.942,0.00014578455569595462,0.00016246920158878887
17.944,0.00014540677162075188,0.0001624213823539637
17.946,0.00014503599846828793,0.00016237360667511447
17.948,0.0001446722573646013,0.00016232587451256837
17.95,0.00014431556735818537,0.00016227818582668875
17.952,0.00014396594542654128,0.00016223054057787502
17.954,0.00014362340647113185,0.0001621829387265627
17.956,0.00014328796330394852,0.00016213538023322334
17.958,0.00014295962663094257,0.00016208786505836448
17.96,0.0001426384050386914,0.00016204039316252965
17.962,0.00014232430498979182,0.00016199296450629828
17.964,0.0001420173308307604,0.00016194557905028576
17.966,0.0001417174848132793,0.00016189823675514332
17.968,0.00014142476712684414,0.00016185093758155805
17.97,0.00014113917593851314,0.00016180368149025282
17.972,0.00014086070743461027,0.0001617564684419863
17.974,0.00014058935585934649,0.0001617092983975529
17.976,0.00014032511354674293,0.00016166217131778274
17.978,0.00014006797094454488,0.0001616150871635416
17.98,0.00013981791663081176,0.0001615680458957309
17.982,0.00013957493732563622,0.00016152104747528773
17.984,0.00013933901790120018,0.0001614740918631847
17.986,0.00013911014139312577,0.00016142717902043
17.988,0.00013888828901514988,0.00016138030890806731
17.99,0.0001386734401774604,0.0001613334814871758
17.992,0.00013846557250791927,0.00016128669671887014
17.994,0.0001382646618742243,0.00016123995456430033
17.996,0.00013807068240502285,0.00016119325498465184
17.998,0.00013788360650828006,0.00016114659794114544
18.0,0.00013770340488651497,0.00016109998339503725
18.002,0.0001375300465493964,0.00016105341130761867
18.004,0.0001373634988255515,0.00016100688164021634
18.006,0.00013720372737576332,0.00016096039435419215
18.008,0.00013705069620977028,0.00016091394941094317
18.01,0.00013690436770820964,0.00016086754677190166
18.012,0.00013676470265019925,0.00016082118639853496
18.014,0.00013663166024587166,0.00016077486825234557
18.016,0.0001365051981722368,0.00016072859229487098
18.018,0.0001363852726103529,0.00016068235848768376
18.02,0.0001362718382816864,0.00016063616679239147
18.022,0.000136164848482281,0.0001605900171706367
18.024,0.00013606425511390995,0.00016054390958409684
18.026,0.00013597000871247225,0.00016049784399448433
18.028,0.00013588205847420485,0.0001604518203635464
18.03,0.00013580035228060364,0.00016040583865306512
18.032,0.00013572483672270197,0.00016035989882485743
18.034,0.00013565545712478045,0.00016031400084077498
18.036,0.00013559215756716813,0.00016026814466270424
18.038,0.00013553488090746403,0.00016022233025256633
18.04,0.0001354835687995023,0.00016017655757231709
18.042,0.000135438161710084,0.000160130826583947
18.044,0.0001353985989340128,0.00016008513724948114
18.046,0.0001353648186091044,0.00016003948953097926
18.048,0.0001353367577331524,0.00015999388339053557
18.05,0.0001353143521853128,0.00015994831879027885
18.052,0.00013529753675369145,0.00015990279569237238
18.054,0.0001352862451702472,0.0001598573140590139
18.056,0.00013528041015282627,0.00015981187385243555
18.058,0.00013527996345283913,0.00015976647503490392
18.06,0.00013528483590611223,0.00015972111756871996
18.062,0.00013529495748360726,0.00015967580141621892
18.064,0.00013531025733867427,0.0001596305265397704
18.066,0.00013533066384768613,0.00015958529290177826
18.068,0.00013535610464172643,0.00015954010046468058
18.07,0.0001353865066280391,0.0001594949491909497
18.072,0.000135421796001314,0.0001594498390430921
18.074,0.00013546189824624992,0.00015940476998364844
18.076,0.00013550673813420868,0.00015935974197519347
18.078,0.0001355562397178655,0.00015931475498033606
18.08,0.00013561032632847784,0.00015926980896171911
18.082,0.00013566892058028323,0.0001592249038820196
18.084,0.00013573194438598802,0.0001591800397039484
18.086,0.00013579931898556797,0.00015913521639025047
18.088,0.00013587096498881407,0.00015909043390370463
18.09,0.0001359468024295244,0.00015904569220712362
18.092,0.00013602675082762997,0.00015900099126335402
18.094,0.00013611072925394518,0.0001589563310352763
18.096,0.00013619865639230222,0.00015891171148580473
18.098,0.00013629045059444068,0.00015886713257788734
18.1,0.00013638602992492336,0.0001588225942745059
18.102,0.00013648531219535975,0.00015877809653867597
18.104,0.00013658821498909701,0.00015873363933344668
18.106,0.00013669465567926173,0.00015868922262190092
18.108,0.00013680455144303978,0.00015864484636715515
18.11,0.0001369178192751876,0.00015860051053235945
18.112,0.00013703437600226376,0.00015855621508069744
18.114,0.00013715413829817636,0.0001585119599753863
18.116,0.00013727702270041275,0.00015846774517967673
18.118,0.0001374029456260304,0.0001584235706568528
18.12,0.00013753182338680227,0.00015837943637023218
18.122,0.00013766357220360777,0.00015833534228316582
18.124,0.00013779810822157887,0.00015829128835903814
18.126,0.00013793534752806397,0.00015824727456126685
18.128,0.00013807520617609937,0.000158203300853303
18.13,0.00013821760021549292,0.00015815936719863096
18.132,0.00013836244573262805,0.0001581154735607683
18.134,0.00013850965889836405,0.0001580716199032659
18.136,0.0001386591560217343,0.00015802780618970775
18.138,0.00013881085360573412,0.00015798403238371107
18.14,0.0001389646684008111,0.0001579402984489262
18.142,0.00013912051745183885,0.00015789660434903662
18.144,0.00013927831813537018,0.00015785295004775883
18.146,0.0001394379881857367,0.0001578093355088424
18.148,0.00013959944571064053,0.00015776576069606997
18.15,0.000139762609198666,0.00015772222557325707
18.152,0.00013992739752278382,0.0001576787301042523
18.154,0.00014009372994433066,0.0001576352742529371
18.156,0.00014026152612165387,0.00015759185798322586
18.158,0.0001404307061264464,0.0001575484812590658
18.16,0.0001406011904689162,0.00015750514404443703
18.162,0.0001407729001307546,0.0001574618463033524
18.164,0.00014094575660346205,0.0001574185879998576
18.166,0.00014111968192806343,0.00015737536909803102
18.168,0.0001412945987326708,0.00015733218956198383
18.17,0.00014147043026478524,0.00015728904935585983
18.172,0.00014164710041740628,0.00015724594844383552
18.174,0.00014182453374965196,0.00015720288679012
18.176,0.00014200265550468025,0.00015715986435895497
18.178,0.000142181391628657,0.00015711688111461473
18.18,0.00014236066879447484,0.0001570739370214061
18.182,0.0001425404144328234,0.0001570310320436684
18.184,0.00014272055677112155,0.00015698816614577349
18.186,0.00014290102487842397,0.0001569453392921256
18.188,0.00014308174871233156,0.0001569025514471614
18.19,0.00014326265916267142,0.00015685980257535
18.192,0.0001434436880867967,0.00015681709264119285
18.194,0.00014362476833265162,0.00015677442160922373
18.196,0.00014380583374815683,0.00015673178944400871
18.198,0.0001439868191782704,0.00015668919611014617
18.2,0.00014416766045384602,0.00015664664157226667
18.202,0.00014434829437800836,0.00015660412579503308
18.204,0.0001445286587166844,0.0001565616487431404
18.206,0.0001447086921987054,0.00015651921038131576
18.208,0.00014488833452947836,0.00015647681067431848
18.21,0.0001450675264191599,0.00015643444958693994
18.212,0.00014524620962374056,0.0001563921270840036
18.214,0.00014542432699489867,0.00015634984313036497
18.216,0.00014560182253325752,0.00015630759769091155
18.218,0.0001457786414389276,0.00015626539073056286
18.22,0.00014595473015446088,0.00015622322221427033
18.222,0.00014613003639660447,0.00015618109210701733
18.224,0.0001463045091757199,0.00015613900037381913
18.226,0.0001464780988039073,0.00015609694697972287
18.228,0.00014665075689488473,0.00015605493188980752
18.23,0.00014682243635964784,0.00015601295506918384
18.232,0.0001469930914023756,0.0001559710164829944
18.234,0.0001471626775201902,0.00015592911609641345
18.236,0.00014733115150904257,0.0001558872538746471
18.238,0.0001474984714762172,0.000155845429782933
18.24,0.0001476645968583984,0.00015580364378654058
18.242,0.00014782948844300903,0.00015576189585077082
18.244,0.00014799310839032364,0.00015572018594095635
18.246,0.0001481554202541766,0.0001556785140224614
18.248,0.0001483163890000578,0.00015563688006068168
18.25,0.00014847598102064963,0.00015559528402104444
18.252,0.00014863416414970785,0.00015555372586900846
18.254,0.00014879090767548273,0.00015551220557006397
18.256,0.00014894618235456695,0.0001554707230897326
18.258,0.0001490999604259555,0.0001554292783935674
18.26,0.00014925221562393166,0.0001553878714471528
18.262,0.00014940292318722947,0.00015534650221610459
18.264,0.00014955205986170577,0.00015530517066606985
18.266,0.00014969960389414516,0.00015526387676272698
18.268,0.0001498455350165369,0.0001552226204717856
18.27,0.00014998983442210206,0.00015518140175898662
18.272,0.00015013248473667789,0.00015514022059010213
18.274,0.00015027346999077699,0.00015509907693093538
18.276,0.0001504127755981792,0.00015505797074732077
18.278,0.0001505503883466439,0.00015501690200512387
18.28,0.00015068629640395013,0.00015497587067024127
18.282,0.00015082048934031555,0.00015493487670860065
18.284,0.00015095295816460938,0.0001548939200861607
18.286,0.0001510836953693281,0.0001548530007689112
18.288,0.0001512126949771491,0.00015481211872287286
18.29,0.000151339952581317,0.0001547712739140973
18.292,0.0001514654653726774,0.00015473046630866709
18.294,0.0001515892321481913,0.0001546896958726957
18.296,0.00015171125329842166,0.0001546489625723275
18.298,0.0001518315307747303,0.0001546082663737376
18.3,0.00015195006803990212,0.00015456760724313204
18.302,0.00015206687000839886,0.00015452698514674754
18.304,0.00015218194298377905,0.00015448640005085161
18.306,0.00015229529460115068,0.00015444585192174253
18.308,0.00015240693378154753,0.00015440534072574922
18.31,0.00015251687070305968,0.00015436486642923127
18.312,0.0001526251167907997,0.00015432442899857897
18.314,0.0001527316847248129,0.00015428402840021312
18.316,0.00015283658846217626,0.0001542436646005852
18.318,0.00015293984326722403,0.00015420333756617721
18.32,0.000153041465743127,0.0001541630472635017
18.322,0.00015314147385770007,0.00015412279365910168
18.324,0.0001532398869577819,0.00015408257671955066
18.326,0.00015333672576864322,0.00015404239641145261
18.328,0.00015343201237722067,0.0001540022527014419
18.33,0.0001535257702005814,0.0001539621455561833
18.332,0.0001536180239427983,0.0001539220749423719
18.334,0.0001537087995445426,0.00015388204082673323
18.336,0.00015379812412975044,0.00015384204317602301
18.338,0.0001538860259531582,0.00015380208195702732
18.34,0.00015397253435137407,0.00015376215713656247
18.342,0.00015405767969887084,0.00015372226868147495
18.344,0.0001541414933693918,0.00015368241655864154
18.346,0.00015422400770286217,0.0001536426007349691
18.348,0.00015430525597763132,0.0001536028211773947
18.35,0.000154385272388448,0.00015356307785288547
18.352,0.0001544640920305765,0.00015352337072843867
18.354,0.00015454175089063289,0.0001534836997710816
18.356,0.00015461828584399726,0.0001534440649478716
18.358,0.00015469373465780865,0.00015340446622589602
18.36,0.00015476813599689452,0.00015336490357227217
18.362,0.00015484152942875303,0.0001533253769541473
18.364,0.00015491395542259652,0.00015328588633869866
18.366,0.00015498545533736434,0.0001532464316931333
18.368,0.0001550560713944798,0.00015320701298468823
18.37,0.00015512584663290646,0.00015316763018063023
18.372,0.00015519482484688734,0.00015312828324825592
18.374,0.00015526305050946775,0.0001530889721548917
18.376,0.00015533056868780916,0.00015304969686789373
18.378,0.0001553974249578302,0.00015301045735464791
18.38,0.00015546366532659056,0.00015297125358256988
18.382,0.0001555293361698991,0.00015293208551910492
18.384,0.00015559448419044485,0.00015289295313172793
18.386,0.00015565915639888432,0.00015285385638794352
18.388,0.00015572340011637512,0.00015281479525528584
18.39,0.00015578726299378496,0.00015277576970131862
18.392,0.00015585079303981906,0.00015273677969363515
18.394,0.00015591403864855658,0.0001526978251998582
18.396,0.00015597704861672145,0.0001526589061876401
18.398,0.0001560398721421845,0.00015262002262466257
18.4,0.0001561025587979789,0.0001525811744786368
18.402,0.00015616515847971394,0.00015254236171730339
18.404,0.00015622772132864958,0.00015250358430843233
18.406,0.00015629029763643992,0.00015246484221982296
18.408,0.00015635293774083397,0.00015242613541930394
18.41,0.00015641569192306133,0.00015238746387473325
18.412,0.00015647861031743276,0.00015234882755399813
18.414,0.00015654174284172864,0.0001523102264250151
18.416,0.0001566051391531896,0.0001522716604557298
18.418,0.00015666884863083373,0.00015223312961411725
18.42,0.0001567329203800791,0.0001521946338681815
18.422,0.00015679740325254079,0.00015215617318595575
18.424,0.00015686234587140705,0.0001521177475355024
18.426,0.00015692779665292604,0.00015207935688491285
18.428,0.00015699380381588806,0.0001520410012023076
18.43,0.00015706041537392478,0.00015200268045583622
18.432,0.0001571276791089996,0.00015196439461367722
18.434,0.00015719564252757054,0.00015192614364403816
18.436,0.00015726435280365722,0.00015188792751515555
18.438,0.00015733385671409892,0.00015184974619529478
18.44,0.00015740420057149787,0.00015181159965275019
18.442,0.00015747543015944584,0.00015177348785584498
18.444,0.00015754759067311308,0.00015173541077293122
18.446,0.00015762072666727006,0.0001516973683723898
18.448,0.00015769488201223479,0.00015165936062263042
18.45,0.00015777009985832902,0.0001516213874920915
18.452,0.00015784642260873428,0.00015158344894924028
18.454,0.00015792389190070203,0.00015154554496257268
18.456,0.00015800254859479006,0.00015150767550061334
18.458,0.00015808243277074674,0.00015146984053191555
18.46,0.0001581635837278343,0.00015143204002506124
18.462,0.00015824603998577127,0.00015139427394866096
18.464,0.00015832983928180185,0.00015135654227135388
18.466,0.00015841501855906782,0.0001513188449618077
18.468,0.00015850161394242773,0.00015128118198871865
18.47,0.00015858966070004475,0.00015124355332081152
18.472,0.00015867919319154794,0.00015120595892683956
18.474,0.00015877024480689933,0.00015116839877558447
18.476,0.00015886284790232868,0.00015113087283585638
18.478,0.0001589570337408769,0.00015109338107649386
18.48,0.00015905283244484162,0.00015105592346636385
18.482,0.00015915027296521835,0.00015101849997436166
18.484,0.00015924938307013625,0.0001509811105694109
18.486,0.00015935018935067484,0.0001509437552204635
18.488,0.00015945271723914116,0.0001509064338964997
18.49,0.00015955699103304186,0.00015086914656652794
18.492,0.00015966303391743062,0.0001508318931995849
18.494,0.00015977086797959927,0.00015079467376473554
18.496,0.00015988051421236647,0.00015075748823107287
18.498,0.00015999199250519306,0.00015072033656771816
18.5,0.00016010532162469976,0.00015068321874382075
18.502,0.00016022051918778473,0.0001506461347285581
18.504,0.0001603376016309352,0.00015060908449113575
18.506,0.00016045658417840333,0.00015057206800078723
18.508,0.0001605774808107034,0.0001505350852267742
18.51,0.0001607003042333352,0.0001504981361383862
18.512,0.00016082506584514904,0.00015046122070494085
18.514,0.00016095177570578015,0.00015042433889578364
18.516,0.00016108044250319286,0.000150387490680288
18.518,0.00016121107352377368,0.0001503506760278553
18.52,0.0001613436746293439,0.0001503138949079147
18.522,0.00016147825024604475,0.0001502771472899233
18.524,0.00016161480336933333,0.00015024043314336595
18.526,0.000161753335587221,0.00015020375243775532
18.528,0.000161893847120203,0.00015016710514263184
18.53,0.00016203633687279618,0.0001501304912275637
18.532,0.0001621808024880929,0.00015009391066214678
18.534,0.0001623272403953748,0.0001500573634160047
18.536,0.00016247564584121512,0.0001500208494587887
18.538,0.0001626260128975124,0.00014998436876017767
18.54,0.0001627783344443235,0.00014994792128987817
18.542,0.00016293260213085008,0.00014991150701762428
18.544,0.00016308880632240452,0.0001498751259131777
18.546,0.0001632469360444563,0.00014983877794632762
18.548,0.00016340697893487457,0.00014980246308689081
18.55,0.00016356892121385585,0.00014976618130471152
18.552,0.00016373274767637482,0.00014972993256966142
18.554,0.00016389844170710416,0.00014969371685163966
18.556,0.00016406598531290665,0.0001496575341205728
18.558,0.00016423535916478238,0.0001496213843464148
18.56,0.0001644065426404005,0.00014958526749914698
18.562,0.00016457951385984328,0.00014954918354877797
18.564,0.00016475424971054757,0.00014951313246534378
18.566,0.00016493072586150652,0.00014947711421890768
18.568,0.00016510891677052141,0.0001494411287795602
18.57,0.00016528879569009138,0.00014940517611741915
18.572,0.0001654703346776329,0.0001493692562026295
18.574,0.00016565350461352608,0.00014933336900536346
18.576,0.00016583827522727478,0.00014929751449582038
18.578,0.0001660246151284946,0.00014926169264422678
18.58,0.00016621249183707763,0.00014922590342083628
18.582,0.0001664018718061037,0.0001491901467959296
18.584,0.0001665927204326937,0.00014915442273981454
18.586,0.00016678500205500555,0.00014911873122282592
18.588,0.00016697867993772898,0.0001490830722153256
18.59,0.00016717371625200837,0.0001490474456877024
18.592,0.00016737007205803978,0.0001490118516103722
18.594,0.00016756770729866682,0.00014897628995377772
18.596,0.00016776658081033176,0.00014894076068838868
18.598,0.0001679666503538485,0.00014890526378470167
18.6,0.00016816787266316343,0.00014886979921324014
18.602,0.00016837020350609117,0.0001488343669445544
18.604,0.00016857359774847267,0.00014879896694922157
18.606,0.00016877800941262277,0.0001487635991978456
18.608,0.0001689833917225883,0.00014872826366105722
18.61,0.000169189697131732,0.00014869296030951387
18.612,0.0001693968773322872,0.00014865768911389972
18.614,0.00016960488325025273,0.00014862245004492567
18.616,0.0001698136650317214,0.0001485872430733293
18.618,0.00017002317202781609,0.00014855206816987484
18.62,0.0001702333527852132,0.0001485169253053531
18.622,0.00017044415504706672,0.00014848181445058158
18.624,0.00017065552576698716,0.00014844673557640428
18.626,0.00017086741113609745,0.0001484116886536918
18.628,0.00017107975662093169,0.00014837667365334128
18.63,0.00017129250700912395,0.00014834169054627635
18.632,0.0001715056064592104,0.00014830673930344711
18.634,0.00017171899855129852,0.00014827181989583016
18.636,0.00017193262633618693,0.00014823693229442847
18.638,0.0001721464323809063,0.00014820207647027152
18.64,0.00017236035880950949,0.0001481672523944151
18.642,0.00017257434733783546,0.00014813246003794137
18.644,0.00017278833930125216,0.00014809769937195887
18.646,0.00017300227567454055,0.0001480629703676024
18.648,0.00017321609708364992,0.00014802827299603311
18.65,0.00017342974380972893,0.0001479936072284384
18.652,0.00017364315578727576,0.00014795897303603186
18.654,0.0001738562725993651,0.0001479243703900534
18.656,0.00017406903347387472,0.000147889799261769
18.658,0.00017428137728492068,0.00014785525962247094
18.66,0.0001744932425633381,0.0001478207514434776
18.662,0.0001747045675185934,0.00014778627469613345
18.664,0.00017491529007257443,0.00014775182935180907
18.666,0.0001751253479037706,0.00014771741538190117
18.668,0.00017533467849835833,0.00014768303275783246
18.67,0.0001755432192037556,0.0001476486814510517
18.672,0.00017575090727993886,0.00014761436143303366
18.674,0.00017595767994461027,0.00014758007267527906
18.676,0.0001761634744096526,0.00014754581514931462
18.678,0.00017636822790796094,0.000147511588826693
18.68,0.0001765718777113185,0.0001474773936789927
18.682,0.00017677436114106585,0.0001474432296778182
18.684,0.00017697561557382816,0.00014740909679479975
18.686,0.00017717557844469417,0.00014737499500159354
18.688,0.00017737418724993287,0.0001473409242698815
18.69,0.00017757137955119807,0.0001473068845713714
18.692,0.00017776709298276348,0.00014727287587779677
18.694,0.0001779612652634956,0.00014723889816091684
18.696,0.00017815383421521195,0.00014720495139251662
18.698,0.00017834473778856276,0.0001471710355444068
18.7,0.00017853391409735064,0.00014713715058842374
18.702,0.00017872130146058847,0.00014710329649642948
18.704,0.000178906838450439,0.00014706947324031165
18.706,0.0001790904639423874,0.0001470356807919835
18.708,0.00017927211716295074,0.00014700191912338389
18.71,0.0001794517377297971,0.00014696818820647718
18.712,0.00017962926567997395,0.00014693448801325333
18.714,0.00017980464148377107,0.0001469008185157278
18.716,0.00017997780604446693,0.00014686717968594146
18.718,0.00018014870068696216,0.00014683357149596077
18.72,0.0001803172671408244,0.00014679999391787755
18.722,0.00018048344752440873,0.0001467664469238091
18.724,0.000180647184336595,0.00014673293048589805
18.726,0.0001808084204609113,0.00014669944457631245
18.728,0.000180967099184088,0.00014666598916724565
18.73,0.00018112316422781987,0.0001466325642309164
18.732,0.00018127655978990298,0.00014659916973956872
18.734,0.00018142723058904803,0.0001465658056654719
18.736,0.00018157512190765772,0.00014653247198092046
18.738,0.00018172017962779727,0.00014649916865823426
18.74,0.00018186235025800587,0.00014646589566975828
18.742,0.00018200158095093354,0.0001464326529878627
18.744,0.00018213781951395756,0.00014639944058494287
18.746,0.0001822710144159822,0.00014636625843341932
18.748,0.00018240111479374353,0.00014633310650573767
18.75,0.00018252807045967092,0.00014629998477436865
18.752,0.0001826518319120278,0.00014626689321180805
18.754,0.0001827723503463482,0.00014623383179057675
18.756,0.000182889577666439,0.0001462008004832206
18.758,0.0001830034664930356,0.00014616779926231047
18.76,0.00018311397016932573,0.00014613482810044227
18.762,0.00018322104276381182,0.0001461018869702368
18.764,0.00018332463907231523,0.00014606897584433984
18.766,0.00018342471462215535,0.00014603609469542207
18.768,0.00018352122568118654,0.00014600324349617908
18.77,0.00018361412927371982,0.00014597042221933132
18.772,0.00018370338320372606,0.00014593763083762406
18.774,0.00018378894608369912,0.00014590486932382745
18.776,0.0001838707773664563,0.0001458721376507364
18.778,0.0001839488373758208,0.0001458394357911706
18.78,0.00018402308733278446,0.00014580676371797453
18.782,0.00018409348937426691,0.00014577412140401736
18.784,0.00018416000656351652,0.00014574150882219302
18.786,0.0001842226028925472,0.00014570892594542012
18.788,0.00018428124327855088,0.00014567637274664187
18.79,0.00018433589355693476,0.0001456438491988262
18.792,0.00018438652047360338,0.00014561135527496567
18.794,0.00018443309167880549,0.00014557889094807735
18.796,0.00018447557572376318,0.00014554645619120298
18.798,0.000184513942060554,0.00014551405097740883
18.8,0.00018454816104487078,0.0001454816752797857
18.802,0.00018457820394087652,0.00014544932907144885
18.804,0.00018460404292743003,0.00014541701232553809
18.806,0.0001846256511050457,0.00014538472501521768
18.808,0.0001846430025035468,0.0001453524671136763
18.81,0.00018465607209062975,0.00014532023859412712
18.812,0.0001846648357818598,0.00014528803942980763
18.814,0.00018466927045268324,0.00014525586959397973
18.816,0.0001846693539527362,0.00014522372905992966
18.818,0.00018466506512241498,0.000145191617800968
18.82,0.00018465638381095454,0.00014515953579042964
18.822,0.00018464329089493573,0.00014512748300167378
18.824,0.00018462576829552074,0.00014509545940808387
18.826,0.00018460379899260353,0.00014506346498306758
18.828,0.00018457736703421414,0.00014503149970005683
18.83,0.00018454645754004503,0.00014499956353250773
18.832,0.00018451105669854245,0.00014496765645390057
18.834,0.00018447115175823853,0.00014493577843773979
18.836,0.00018442673101457725,0.00014490392945755394
18.838,0.00018437778379461805,0.00014487210948689575
18.84,0.0001843243004420754,0.00014484031849934197
18.842,0.00018426627230530346,0.00014480855646849345
18.844,0.00018420369173035282,0.0001447768233679751
18.846,0.00018413655206014022,0.0001447451191714358
18.848,0.00018406484763994053,0.0001447134438525485
18.85,0.00018398857382805048,0.0001446817973850101
18.852,0.0001839077270096303,0.0001446501797425414
18.854,0.00018382230461116042,0.00014461859089888725
18.856,0.00018373230511283255,0.00014458703082781632
18.858,0.00018363772805662085,0.00014455549950312123
18.86,0.00018353857404877498,0.00014452399689861842
18.862,0.0001834348447565207,0.00014449252298814823
18.864,0.00018332654290004037,0.0001444610777455748
18.866,0.00018321367224181714,0.00014442966114478606
18.868,0.0001830962375759304,0.00014439827315969377
18.87,0.00018297424471982803,0.00014436691376423343
18.872,0.00018284770051036728,0.00014433558293236426
18.874,0.00018271661280480194,0.00014430428063806923
18.876,0.00018258099048590413,0.00014427300685535498
18.878,0.00018244084346917774,0.00014424176155825185
18.88,0.00018229618270941417,0.00014421054472081384
18.882,0.00018214702020376804,0.00014417935631711855
18.884,0.00018199336898937953,0.00014414819632126722
18.886,0.00018183524313489415,0.00014411706470738464
18.888,0.0001816726577269971,0.0001440859614496192
18.89,0.00018150562885428857,0.00014405488652214287
18.892,0.00018133417359184897,0.0001440238398991511
18.894,0.00018115830998942037,0.00014399282155486284
18.896,0.00018097805706526293,0.00014396183146352052
18.898,0.00018079343480577906,0.0001439308695993901
18.9,0.00018060446416935278,0.00014389993593676089
18.902,0.00018041116709120633,0.00014386903044994565
18.904,0.00018021356648555907,0.00014383815311328055
18.906,0.00018001168624196093,0.00014380730390112513
18.908,0.00017980555121416676,0.0001437764827878623
18.91,0.00017959518720207085,0.00014374568974789823
18.912,0.00017938062092941827,0.0001437149247556625
18.914,0.00017916188002136055,0.00014368418778560796
18.916,0.00017893899298638036,0.00014365347881221068
18.918,0.00017871198920607647,0.00014362279780997
18.92,0.00017848089893423503,0.0001435921447534085
18.922,0.00017824575330406452,0.00014356151961707198
18.924,0.00017800658433992554,0.00014353092237552937
18.926,0.00017776342496847827,0.0001435003530033728
18.928,0.00017751630902346777,0.00014346981147521758
18.93,0.000177265271239966,0.00014343929776570208
18.932,0.00017701034723580826,0.0001434088118494878
18.934,0.00017675157348103252,0.0001433783537012593
18.936,0.00017648898725886823,0.0001433479232957242
18.938,0.00017622262662373383,0.00014331752060761324
18.94,0.00017595253036240818,0.00014328714561168002
18.942,0.0001756787379637129,0.00014325679828270125
18.944,0.0001754012896001313,0.0001432264785954766
18.946,0.00017512022612200867,0.00014319618652482865
18.948,0.00017483558906223633,0.00014316592204560298
18.95,0.00017454742064715507,0.000143135685132668
18.952,0.00017425576380822194,0.0001431054757609151
18.954,0.00017396066218902109,0.00014307529390525847
18.956,0.00017366216014342927,0.00014304513954063516
18.958,0.00017336030272277876,0.0001430150126420051
18.96,0.00017305513565207055,0.00014298491318435094
18.962,0.00017274670529766547,0.0001429548411426782
18.964,0.00017243505863030208,0.00014292479649201514
18.966,0.00017212024318806438,0.00014289477920741275
18.968,0.00017180230704375973,0.00014286478926394473
18.97,0.0001714812987799531,0.00014283482663670754
18.972,0.00017115726747325206,0.00014280489130082027
18.974,0.00017083026268747487,0.0001427749832314247
18.976,0.00017050033447312522,0.00014274510240368523
18.978,0.00017016753336933875,0.00014271524879278893
18.98,0.00016983191040336615,0.00014268542237394542
18.982,0.00016949351708293284,0.0001426556231223869
18.984,0.00016915240537762046,0.00014262585101336818
18.986,0.00016880862768754086,0.00014259610602216657
18.988,0.00016846223679976158,0.0001425663881240819
18.99,0.0001681132858356938,0.00014253669729443648
18.992,0.00016776182819466936,0.00014250703350857517
18.994,0.0001674079175002921,0.0001424773967418652
18.996,0.00016705160755628754,0.00014244778696969628
18.998,0.00016669295231709952,0.00014241820416748053
19.0,0.00016633200587614234,0.00014238864831065247
19.002,0.00016596882247124495,0.000142359119374669
19.004,0.00016560345650326963,0.00014232961733500935
19.006,0.00016523596256120483,0.0001423001421671751
19.008,0.0001648663954450882,0.00014227069384669015
19.01,0.00016449481017837797,0.0001422412723491007
19.012,0.00016412126200285212,0.0001422118776499752
19.014,0.0001637458063524196,0.0001421825097249044
19.016,0.00016336849880609395,0.0001421531685495012
19.018,0.00016298939502440947,0.00014212385409940082
19.02,0.00016260855067662738,0.00014209456635026055
19.022,0.00016222602136778245,0.00014206530527775997
19.024,0.00016184186257430031,0.00014203607085760072
19.026,0.00016145612959507974,0.00014200686306550664
19.028,0.00016106887752161337,0.00014197768187722366
19.03,0.0001606801612268735,0.00014194852726851976
19.032,0.0001602900353693271,0.00014191939921518506
19.034,0.00015989855440577612,0.0001418902976930317
19.036,0.00015950577260590194,0.00014186122267789383
19.038,0.00015911174406178216,0.00014183217414562763
19.04,0.00015871652268758182,0.00014180315207211128
19.042,0.00015832016220705897,0.0001417741564332449
19.044,0.00015792271612901054,0.00014174518720495066
19.046,0.0001575242377129179,0.0001417162443631725
19.048,0.00015712477992776242,0.00014168732788387642
19.05,0.00015672439540753916,0.00014165843774305021
19.052,0.00015632313640607064,0.0001416295739167036
19.054,0.00015592105475294762,0.00014160073638086812
19.056,0.00015551820181184184,0.00014157192511159717
19.058,0.0001551146284418018,0.00014154314008496592
19.06,0.00015471038496246725,0.00014151438127707139
19.062,0.00015430552112434212,0.0001414856486640323
19.064,0.0001539000860855696,0.0001414569422219892
19.066,0.00015349412839649667,0.0001414282619271043
19.068,0.00015308769599254278,0.0001413996077555616
19.07,0.0001526808361945778,0.0001413709796835667
19.072,0.0001522735957143691,0.00014134237768734695
19.074,0.00015186602066119353,0.00014131380174315131
19.076,0.0001514581565450235,0.0001412852518272504
19.078,0.0001510500482716165,0.00014125672791593646
19.08,0.00015064174012643656,0.00014122822998552327
19.082,0.0001502332757461752,0.00014119975801234625
19.084,0.00014982469807938196,0.00014117131197276231
19.086,0.00014941604933986697,0.00014114289184314997
19.088,0.00014900737095827548,0.0001411144975999092
19.09,0.0001485987035374458,0.00014108612921946153
19.092,0.0001481900868164739,0.0001410577866782499
19.094,0.00014778155964643365,0.00014102946995273873
19.096,0.00014737315997832276,0.0001410011790194139
19.098,0.00014696492486131348,0.00014097291385478268
19.1,0.00014655689044774006,0.00014094467443537376
19.102,0.00014614909199997083,0.00014091646073773718
19.104,0.00014574156389488116,0.00014088827273844436
19.106,0.00014533433962233552,0.00014086011041408809
19.108,0.00014492745177592582,0.0001408319737412824
19.11,0.00014452093203607362,0.0001408038626966627
19.112,0.0001441148111470431,0.00014077577725688564
19.114,0.0001437091188905704,0.00014074771739862915
19.116,0.00014330388405917968,0.00014071968309859237
19.118,0.00014289913443202252,0.00014069167433349573
19.12,0.00014249489675529508,0.0001406636910800808
19.122,0.00014209119672856479,0.00014063573331511033
19.124,0.00014168805899714897,0.00014060780101536832
19.126,0.00014128550715018638,0.00014057989415765983
19.128,0.00014088356372328302,0.00014055201271881106
19.13,0.00014048225020433215,0.00014052415667566937
19.132,0.00014008158704101111,0.00014049632600510314
19.134,0.0001396815936481598,0.00014046852068400187
19.136,0.00013928228841352306,0.00014044074068927608
19.138,0.00013888368870035268,0.00014041298599785736
19.14,0.00013848581084573614,0.00014038525658669826
19.142,0.0001380886701542156,0.00014035755243277235
19.144,0.0001376922808869626,0.00014032987351307417
19.146,0.00013729665624783588,0.00014030221980461922
19.148,0.00013690180836840724,0.00014027459128444393
19.15,0.00013650774829468288,0.00014024698792960565
19.152,0.0001361144859784579,0.00014021940971718262
19.154,0.00013572203027551567,0.00014019185662427397
19.156,0.00013533038895224283,0.00014016432862799967
19.158,0.000134939568700477,0.00014013682570550057
19.16,0.00013454957515921507,0.00014010934783393827
19.162,0.00013416041294040976,0.00014008189499049525
19.164,0.00013377208565547698,0.00014005446715237472
19.166,0.00013338459593886313,0.0001400270642968007
19.168,0.00013299794546586783,0.0001399996864010179
19.17,0.00013261213496273852,0.00013997233344229177
19.172,0.0001322271642085157,0.0001399450053979085
19.174,0.00013184303202957683,0.000139917702245175
19.176,0.0001314597362887179,0.00013989042396141872
19.178,0.0001310772738715864,0.00013986317052398791
19.18,0.00013069564067360188,0.00013983594191025134
19.182,0.0001303148315905084,0.00013980873809759845
19.184,0.00012993484051536134,0.00013978155906343927
19.186,0.00012955566034434724,0.0001397544047852044
19.188,0.00012917728299288587,0.000139727275240345
19.19,0.0001287996994227927,0.00013970017040633277
19.192,0.0001284228996799488,0.0001396730902606599
19.194,0.00012804687294083205,0.00013964603478083912
19.196,0.00012767160756502725,0.00013961900394440362
19.198,0.00012729709114973258,0.0001395919977289071
19.2,0.00012692331058181987,0.0001395650161119236
19.202,0.0001265502520826372,0.00013953805907104773
19.204,0.00012617790124178904,0.00013951112658389437
19.206,0.00012580624303732294,0.00013948421862809888
19.208,0.0001254352618418463,0.00013945733518131695
19.21,0.00012506494141648536,0.00013943047622122463
19.212,0.00012469526489671873,0.00013940364172551834
19.214,0.00012432621477578685,0.00013937683167191474
19.216,0.00012395777289233664,0.00013935004603815086
19.218,0.00012358992042828555,0.00013932328480198398
19.22,0.00012322263792167074,0.00013929654794119162
19.222,0.00012285590529663746,0.00013926983543357158
19.224,0.00012248970190994741,0.00013924314725694182
19.226,0.00012212400661041944,0.0001392164833891406
19.228,0.00012175879780566208,0.00013918984380802626
19.23,0.0001213940535291951,0.0001391632284914774
19.232,0.00012102975150138129,0.0001391366374173927
19.234,0.0001206658691789935,0.00013911007056369103
19.236,0.00012030238379063488,0.00013908352790831133
19.238,0.00011993927235826775,0.00013905700942921264
19.24,0.00011957651170750781,0.0001390305151043741
19.242,0.00011921407847155082,0.00013900404491179485
19.244,0.00011885194909431332,0.00013897759882949414
19.246,0.00011849009983794714,0.00013895117683551122
19.248,0.00011812850679861791,0.0001389247789079053
19.25,0.00011776714593235569,0.00013889840502475563
19.252,0.00011740599309054042,0.00013887205516416141
19.254,0.00011704502406289251,0.00013884572930424177
19.256,0.00011668421462468831,0.0001388194274231358
19.258,0.0001163235405847032,0.00013879314949900246
19.26,0.00011596297783095699,0.00013876689551002065
19.262,0.00011560250237238009,0.0001387406654343891
19.264,0.00011524209037596784,0.00013871445925032645
19.266,0.00011488171820001236,0.00013868827693607112
19.268,0.00011452136242498161,0.0001386621184698814
19.27,0.00011416099988383971,0.0001386359838300354
19.272,0.00011380060769353272,0.00013860987299483093
19.274,0.00011344016328890594,0.00013858378594258563
19.276,0.00011307964445952011,0.0001385577226516369
19.278,0.00011271902938933794,0.00013853168310034181
19.28,0.00011235829669836901,0.00013850566726707723
19.282,0.00011199742548519371,0.00013847967513023966
19.284,0.00011163639536893083,0.0001384537066682453
19.286,0.00011127518652919638,0.00013842776185953
19.288,0.00011091377974282285,0.00013840184068254923
19.29,0.00011055215641635999,0.00013837594311577814
19.292,0.00011019029861395355,0.00013835006913771148
19.294,0.00010982818908071214,0.00013832421872686352
19.296,0.00010946581126229294,0.00013829839186176816
19.298,0.00010910314932218083,0.00013827258852097882
19.3,0.0001087401881586162,0.00013824680868306853
19.302,0.00010837691342331514,0.00013822105232662971
19.304,0.00010801331154433488,0.0001381953194302744
19.306,0.00010764936975476657,0.000138169609972634
19.308,0.00010728507612833279,0.00013814392393235952
19.31,0.00010692041962183282,0.0001381182612881213
19.312,0.00010655539012315401,0.00013809262201860915
19.314,0.00010618997850252103,0.0001380670061025323
19.316,0.000105824176663937,0.00013804141351861932
19.318,0.00010545797759342868,0.00013801584424561822
19.32,0.0001050913754012222,0.00013799029826229634
19.322,0.00010472436535579615,0.00013796477554744036
19.324,0.00010435694390908935,0.00013793927607985628
19.326,0.00010398910871364082,0.0001379137998383694
19.328,0.00010362085863355925,0.0001378883468018243
19.33,0.00010325219375206468,0.0001378629169490849
19.332,0.00010288311537857463,0.00013783751025903427
19.334,0.00010251362605764339,0.00013781212671057477
19.336,0.00010214372958143093,0.00013778676628262797
19.338,0.00010177343100601475,0.0001377614289541346
19.34,0.00010140273667102822,0.00013773611470405467
19.342,0.00010103165422136668,0.00013771082351136726
19.344,0.00010066019262954686,0.00013768555535507063
19.346,0.00010028836221763387,0.00013766031021418215
19.348,9.991617467821815e-05,0.00013763508806773832
19.35,9.954364309455308e-05,0.00013760988889479476
19.352,9.917078196034341e-05,0.00013758471267442612
19.354,9.879760719985186e-05,0.00013755955938572615
19.356,9.842413618850225e-05,0.0001375344290078076
19.358,9.805038777360539e-05,0.00013750932151980228
19.36,9.767638229435914e-05,0.000137484236900861
19.362,9.73021415996717e-05,0.00013745917513015353
19.364,9.692768906254414e-05,0.0001374341361868687
19.366,9.655304959022802e-05,0.00013740912005021417
19.368,9.617824963022417e-05,0.00013738412669941664
19.37,9.580331717308369e-05,0.00013735915611372168
19.372,9.542828175377519e-05,0.0001373342082723938
19.374,9.505317445339386e-05,0.00013730928315471634
19.376,9.467802790287716e-05,0.00013728438073999159
19.378,9.430287628901161e-05,0.0001372595010075406
19.38,9.392775536218798e-05,0.00013723464393670335
19.382,9.355270244377562e-05,0.00013720980950683855
19.384,9.317775643070409e-05,0.00013718499769732378
19.386,9.280295779462433e-05,0.00013716020848755537
19.388,9.242834857409143e-05,0.00013713544185694842
19.39,9.205397235965205e-05,0.00013711069778493679
19.392,9.167987427349155e-05,0.00013708597625097305
19.394,9.130610094681691e-05,0.00013706127723452853
19.396,9.093270049880472e-05,0.0001370366007150932
19.398,9.055972252077555e-05,0.00013701194667217574
19.4,9.018721806793168e-05,0.0001369873150853035
19.402,8.981523965901562e-05,0.0001369627059340225
19.404,8.944384128193144e-05,0.00013693811919789734
19.406,8.907307840158723e-05,0.00013691355485651128
19.408,8.870300796509131e-05,0.00013688901288946612
19.41,8.833368839972291e-05,0.00013686449327638227
19.412,8.796517960037178e-05,0.00013683999599689873
19.414,8.759754290543967e-05,0.00013681552103067302
19.416,8.723084106272821e-05,0.00013679106835738118
19.418,8.686513818891634e-05,0.00013676663795671778
19.42,8.650049972779597e-05,0.0001367422298083959
19.422,8.613699241230003e-05,0.000136717843892147
19.424,8.577468423424386e-05,0.00013669348018772117
19.426,8.541364442364811e-05,0.0001366691386748868
19.428,8.505394343693174e-05,0.00013664481933343077
19.43,8.469565295084224e-05,0.00013662052214315836
19.432,8.433884585759561e-05,0.00013659624708389325
19.434,8.398359625609806e-05,0.0001365719941354775
19.436,8.362997943487809e-05,0.0001365477632777715
19.438,8.327807184421136e-05,0.00013652355449065402
19.44,8.292795105695338e-05,0.00013649936775402214
19.442,8.257969572008335e-05,0.00013647520304779125
19.444,8.22333855004302e-05,0.00013645106035189506
19.446,8.188910102924087e-05,0.00013642693964628552
19.448,8.154692384979672e-05,0.00013640284091093286
19.45,8.120693637154169e-05,0.00013637876412582556
19.452,8.08692218323175e-05,0.00013635470927097031
19.454,8.053386426845022e-05,0.00013633067632639202
19.456,8.020094849078746e-05,0.0001363066652721338
19.458,7.987056006337284e-05,0.0001362826760882569
19.46,7.954278528096584e-05,0.00013625870875484084
19.462,7.92177111418227e-05,0.00013623476325198312
19.464,7.88954253128618e-05,0.00013621083955979953
19.466,7.85760160858037e-05,0.00013618693765842383
19.468,7.825957232419902e-05,0.00013616305752800798
19.47,7.79461834028161e-05,0.00013613919914872197
19.472,7.763593914194872e-05,0.00013611536250075388
19.474,7.732892973994515e-05,0.0001360915475643098
19.476,7.702524570740387e-05,0.00013606775431961388
19.478,7.672497780607002e-05,0.00013604398274690826
19.48,7.642821699475156e-05,0.0001360202328264531
19.482,7.613505438334246e-05,0.00013599650453852648
19.484,7.584558119471357e-05,0.00013597279786342454
19.486,7.555988873306907e-05,0.00013594911278146132
19.488,7.527806835620337e-05,0.00013592544927296875
19.49,7.500021144841082e-05,0.00013590180731829673
19.492,7.47264093906697e-05,0.00013587818689781306
19.494,7.445675352492665e-05,0.00013585458799190338
19.496,7.419133511007991e-05,0.00013583101058097123
19.498,7.393024526883526e-05,0.000135807454645438
19.5,7.367357492565486e-05,0.00013578392016574286
19.502,7.34214147379607e-05,0.00013576040712234288
19.504,7.317385502376984e-05,0.00013573691549571287
19.506,7.293098568972142e-05,0.00013571344526634542
19.508,7.269289616348518e-05,0.00013568999641475096
19.51,7.245967533361794e-05,0.00013566656892145758
19.512,7.223141149867566e-05,0.00013564316276701118
19.514,7.200819232518408e-05,0.00013561977793197534
19.516,7.179010481254744e-05,0.00013559641439693136
19.518,7.157723526124317e-05,0.0001355730721424782
19.52,7.136966924001445e-05,0.00013554975114923252
19.522,7.116749154825385e-05,0.00013552645139782864
19.524,7.097078617062156e-05,0.0001355031728689185
19.526,7.077963622306896e-05,0.00013547991554317164
19.528,7.059412389132306e-05,0.00013545667940127525
19.53,7.041433036452681e-05,0.0001354334644239341
19.532,7.024033576802073e-05,0.00013541027059187056
19.534,7.007221909916602e-05,0.0001353870978858245
19.536,6.991005816945203e-05,0.00013536394628655337
19.538,6.975392955470091e-05,0.00013534081577483214
19.54,6.960390855364889e-05,0.00013531770633145332
19.542,6.946006915352517e-05,0.00013529461793722686
19.544,6.932248400036157e-05,0.0001352715505729802
19.546,6.91912243714168e-05,0.00013524850421955828
19.548,6.90663601470518e-05,0.00013522547885782348
19.55,6.894795978032979e-05,0.00013520247446865556
19.552,6.883609026312346e-05,0.00013517949103295177
19.554,6.873081708831303e-05,0.0001351565285316267
19.556,6.863220420810675e-05,0.00013513358694561237
19.558,6.85403139888929e-05,0.00013511066625585813
19.56,6.845520716312453e-05,0.0001350877664433307
19.562,6.837694277890785e-05,0.00013506488748901412
19.564,6.830557814848364e-05,0.00013504202937390978
19.566,6.824116879686098e-05,0.00013501919207903638
19.568,6.818376841259533e-05,0.00013499637558542986
19.57,6.813342880291788e-05,0.00013497357987414345
19.572,6.809019985535946e-05,0.00013495080492624767
19.574,6.805412950772937e-05,0.00013492805072283027
19.576,6.802526372720999e-05,0.0001349053172449962
19.578,6.800364649829536e-05,0.00013488260447386765
19.58,6.798931981771477e-05,0.000134859912390584
19.582,6.798232369352321e-05,0.00013483724097630178
19.584,6.798269614453087e-05,0.0001348145902121947
19.586,6.799047319639738e-05,0.00013479196007945365
19.588,6.800568887113778e-05,0.0001347693505592866
19.59,6.802837516807782e-05,0.00013474676163291867
19.592,6.80585620358138e-05,0.00013472419328159209
19.594,6.809627733656839e-05,0.00013470164548656614
19.596,6.814154680546115e-05,0.0001346791182291172
19.598,6.819439400850168e-05,0.0001346566114905387
19.6,6.825484030308681e-05,0.00013463412525214108
19.602,6.832290480462024e-05,0.00013461165949525184
19.604,6.839860436188307e-05,0.00013458921420121545
19.606,6.848195354246695e-05,0.0001345667893513934
19.608,6.85729646284216e-05,0.0001345443849271642
19.61,6.867164762091552e-05,0.00013452200090992322
19.612,6.877801025195618e-05,0.00013449963728108283
19.614,6.889205800075194e-05,0.00013447729402207238
19.616,6.901379411216124e-05,0.00013445497111433803
19.618,6.914321961499145e-05,0.00013443266853934292
19.62,6.928033333833172e-05,0.00013441038627856703
19.622,6.942513192430241e-05,0.00013438812431350726
19.624,6.957760983639152e-05,0.0001343658826256773
19.626,6.973775936275806e-05,0.00013434366119660773
19.628,6.990557061435893e-05,0.0001343214600078459
19.63,7.008103151845374e-05,0.00013429927904095603
19.632,7.02641278086338e-05,0.0001342771182775191
19.634,7.04548430133771e-05,0.00013425497769913285
19.636,7.06531584458796e-05,0.00013423285728741182
19.638,7.085905319846216e-05,0.00013421075702398726
19.64,7.107250414464637e-05,0.00013418867689050717
19.642,7.129348595168248e-05,0.00013416661686863627
19.644,7.152197110473017e-05,0.00013414457694005597
19.646,7.175792994209041e-05,0.0001341225570864644
19.648,7.200133069894244e-05,0.00013410055728957628
19.65,7.225213955516254e-05,0.00013407857753112306
19.652,7.251032068176331e-05,0.0001340566177928528
19.654,7.277583628065353e-05,0.0001340346780565302
19.656,7.30486466134481e-05,0.00013401275830393652
19.658,7.332871001766988e-05,0.0001339908585168697
19.66,7.361598291136807e-05,0.0001339689786771442
19.662,7.39104197900908e-05,0.00013394711876659103
19.664,7.421197322243932e-05,0.00013392527876705782
19.666,7.452059385101902e-05,0.00013390345866040867
19.668,7.483623040513543e-05,0.0001338816584285242
19.67,7.515882972922882e-05,0.00013385987805330157
19.672,7.548833682783554e-05,0.00013383811751665442
19.674,7.58246949244324e-05,0.00013381637680051284
19.676,7.616784552833087e-05,0.0001337946558868234
19.678,7.651772850224749e-05,0.0001337729547575491
19.68,7.687428212289149e-05,0.0001337512733946694
19.682,7.723744312881432e-05,0.00013372961178018014
19.684,7.760714675273571e-05,0.00013370796989609356
19.686,7.798332673936351e-05,0.00013368634772443832
19.688,7.836591535328983e-05,0.0001336647452472594
19.69,7.875484338407221e-05,0.00013364316244661816
19.692,7.915004015636409e-05,0.0001336215993045923
19.694,7.955143355190438e-05,0.00013360005580327587
19.696,7.995895004744184e-05,0.00013357853192477915
19.698,8.037251476886692e-05,0.0001335570276512288
19.7,8.079205155804305e-05,0.0001335355429647677
19.702,8.121748304576102e-05,0.00013351407784755506
19.704,8.164873072282405e-05,0.00013349263228176628
19.706,8.208571500193382e-05,0.000133471206249593
19.708,8.252835526507846e-05,0.00013344979973324312
19.71,8.297656989512514e-05,0.00013342841271494072
19.712,8.343027629388085e-05,0.00013340704517692608
19.714,8.388939089243804e-05,0.00013338569710145563
19.716,8.43538291614766e-05,0.000133364368470802
19.718,8.482350562913276e-05,0.00013334305926725396
19.72,8.529833391235109e-05,0.00013332176947311637
19.722,8.57782267643804e-05,0.00013330049907071028
19.724,8.626309613738044e-05,0.00013327924804237276
19.726,8.675285325562586e-05,0.00013325801637045702
19.728,8.724740869262178e-05,0.00013323680403733236
19.73,8.774667244458199e-05,0.00013321561102538408
19.732,8.825055399394e-05,0.00013319443731701357
19.734,8.875896235855472e-05,0.00013317328289463824
19.736,8.927180612557717e-05,0.00013315214774069152
19.738,8.978899347185363e-05,0.00013313103183762283
19.74,9.031043217511848e-05,0.00013310993516789754
19.742,9.083602962160615e-05,0.00013308885771399706
19.744,9.136569281591502e-05,0.00013306779945841874
19.746,9.189932839774118e-05,0.00013304676038367584
19.748,9.243684266869136e-05,0.00013302574047229757
19.75,9.297814163007731e-05,0.00013300473970682904
19.752,9.35231310309353e-05,0.00013298375806983128
19.754,9.407171642385386e-05,0.00013296279554388118
19.756,9.462380322541739e-05,0.00013294185211157152
19.758,9.517929677793074e-05,0.00013292092775551092
19.76,9.573810240925389e-05,0.00013290002245832386
19.762,9.63001254884427e-05,0.00013287913620265064
19.764,9.686527147561143e-05,0.00013285826897114735
19.766,9.743344596529959e-05,0.0001328374207464859
19.768,9.800455472331491e-05,0.00013281659151135396
19.77,9.857850371737643e-05,0.000132795781248455
19.772,9.915519914220478e-05,0.00013277498994050826
19.774,9.973454743963982e-05,0.00013275421757024864
19.776,0.00010031645531457899,0.00013273346412042686
19.778,0.00010090082974745237,0.00013271272957380927
19.78,0.00010148757800428098,0.000132692013913178
19.782,0.00010207660764555562,0.00013267131712133077
19.784,0.00010266782653568519,0.00013265063918108105
19.786,0.00010326114285479268,0.00013262998007525792
19.788,0.00010385646511475514,0.0001326093397867061
19.79,0.00010445370218096276,0.00013258871829828595
19.792,0.00010505276330051879,0.00013256811559287344
19.794,0.00010565355813666605,0.00013254753165336017
19.796,0.00010625599680808946,0.00013252696646265326
19.798,0.00010685998993092422,0.00013250642000367543
19.8,0.0001074654486607072,0.00013248589225936495
19.802,0.00010807228473146096,0.00013246538321267564
19.804,0.00010868041048963525,0.00013244489284657682
19.806,0.00010928973892132233,0.00013242442114405335
19.808,0.00010990018367204074,0.0001324039680881056
19.81,0.00011051165905938302,0.0001323835336617494
19.812,0.00011112408007923968,0.00013236311784801602
19.814,0.00011173736240666565,0.00013234272062995225
19.816,0.00011235142239262937,0.0001323223419906203
19.818,0.00011296617705788306,0.0001323019819130978
19.82,0.00011358154408533722,0.00013228164038047777
19.822,0.00011419744181254455,0.00013226131737586867
19.824,0.00011481378922631956,0.00013224101288239433
19.826,0.0001154305059617238,0.00013222072688319394
19.828,0.00011604751230746149,0.00013220045936142204
19.83,0.00011666472921929299,0.00013218021030024857
19.832,0.00011728207834172942,0.00013215997968285873
19.834,0.00011789948203669554,0.00013213976749245308
19.836,0.00011851686341618534,0.00013211957371224748
19.838,0.00011913414637442568,0.00013209939832547305
19.84,0.00011975125561442523,0.00013207924131537622
19.842,0.00012036811666423345,0.00013205910266521863
19.844,0.00012098465587968754,0.00013203898235827723
19.846,0.00012160080043268175,0.00013201888037784413
19.848,0.0001222164782868926,0.00013199879670722675
19.85,0.0001228316181652373,0.00013197873132974762
19.852,0.00012344614951504966,0.0001319586842287445
19.854,0.00012406000247745412,0.00013193865538757034
19.856,0.00012467310786633788,0.00013191864478959324
19.858,0.0001252853971603226,0.00013189865241819646
19.86,0.0001258968025082159,0.00013187867825677836
19.862,0.00012650725674560206,0.0001318587222887525
19.864,0.00012711669341783482,0.00013183878449754742
19.866,0.00012772504680360618,0.00013181886486660687
19.868,0.0001283322519332986,0.00013179896337938964
19.87,0.00012893824459775177,0.00013177908001936958
19.872,0.00012954296134531945,0.00013175921477003561
19.874,0.0001301463394675663,0.00013173936761489167
19.876,0.00013074831697641257,0.00013171953853745674
19.878,0.0001313488325767064,0.0001316997275212648
19.88,0.00013194782563878088,0.0001316799345498648
19.882,0.00013254523617455997,0.00013166015960682073
19.884,0.00013314100481940923,0.00013164040267571155
19.886,0.00013373507281990376,0.00013162066374013113
19.888,0.00013432738202612824,0.0001316009427836883
19.89,0.00013491787488597397,0.00013158123979000686
19.892,0.00013550649443891537,0.00013156155474272548
19.894,0.00013609318430742062,0.00013154188762549775
19.896,0.00013667788868543818,0.00013152223842199213
19.898,0.00013726055232473464,0.00013150260711589199
19.9,0.00013784112052103975,0.00013148299369089553
19.902,0.000138419539101983,0.00013146339813071583
19.904,0.00013899575441872556,0.00013144382041908076
19.906,0.0001395697133417352,0.00013142426053973307
19.908,0.00014014136325998357,0.00013140471847643026
19.91,0.00014071065208170935,0.00013138519421294467
19.912,0.0001412775282340899,0.00013136568773306338
19.914,0.00014184194065948978,0.00013134619902058827
19.916,0.00014240383880662844,0.00013132672805933596
19.918,0.00014296317261633493,0.0001313072748331378
19.92,0.00014351989250262976,0.0001312878393258399
19.922,0.0001440739493309302,0.00013126842152130306
19.924,0.00014462529439517052,0.0001312490214034028
19.926,0.00014517387939547643,0.00013122963895602927
19.928,0.00014571965641721417,0.00013121027416308737
19.93,0.0001462625779115258,0.00013119092700849663
19.932,0.00014680259667699887,0.00013117159747619118
19.934,0.00014733966584235835,0.00013115228555011987
19.936,0.00014787373885045288,0.0001311329912142461
19.938,0.00014840476944478814,0.0001311137144525479
19.94,0.0001489327116604499,0.00013109445524901793
19.942,0.00014945751982123847,0.00013107521358766337
19.944,0.0001499791485442637,0.000131055989452506
19.946,0.0001504975527516218,0.00013103678282758215
19.948,0.00015101268768699937,0.00013101759369694266
19.95,0.00015152450893318525,0.00013099842204465295
19.952,0.0001520329724253873,0.00013097926785479293
19.954,0.00015253803445531165,0.000130960131111457
19.956,0.00015303965166220821,0.0001309410117987541
19.958,0.0001535377810095631,0.00013092190990080752
19.96,0.00015403237974903795,0.00013090282540175515
19.962,0.0001545234053760572,0.00013088375828574926
19.964,0.00015501081558362654,0.00013086470853695655
19.966,0.00015549456822146616,0.00013084567613955817
19.968,0.0001559746212670244,0.00013082666107774968
19.97,0.00015645093281266688,0.000130807663335741
19.972,0.00015692346107051865,0.00013078868289775647
19.974,0.0001573921643932903,0.00013076971974803475
19.976,0.0001578570013067624,0.00013075077387082892
19.978,0.00015831793054795317,0.00013073184525040635
19.98,0.00015877491110225455,0.00013071293387104877
19.982,0.00015922790223373205,0.00013069403971705226
19.984,0.00015967686350418242,0.00013067516277272712
19.986,0.0001601217547787527,0.00013065630302239796
19.988,0.00016056253621820298,0.00013063746045040373
19.99,0.00016099916825976842,0.0001306186350410976
19.992,0.00016143161159018777,0.000130599826778847
19.994,0.00016185982711486055,0.0001305810356480336
19.996,0.00016228377592738196,0.00013056226163305328
19.998,0.00016270341928290103,0.00013054350471831613
20.0,0.0001631187185775609,0.0001305247648882465
20.002,0.00016352963533555008,0.00013050604212728285
20.004,0.00016393613120381972,0.00013048733641987786
20.006,0.0001643381679539055,0.00013046864775049835
20.008,0.00016473570749012226,0.0001304499761036253
20.01,0.00016512871186312244,0.0001304313214637538
20.012,0.0001655171432882171,0.00013041268381539314
20.014,0.0001659009641679949,0.00013039406314306663
20.016,0.00016628013711852984,0.00013037545943131172
20.018,0.0001666546249982214,0.0001303568726646799
20.02,0.00016702439093732745,0.0001303383028277368
20.022,0.0001673893983654771,0.00013031974990506206
20.024,0.00016774961103373923,0.0001303012138812494
20.026,0.00016810499302782357,0.00013028269474090652
20.028,0.0001684555087700495,0.00013026419246865522
20.03,0.00016880112300933373,0.00013024570704913124
20.032,0.00016914180080126914,0.00013022723846698432
20.034,0.00016947750748255965,0.0001302087867068782
20.036,0.00016980820864636762,0.0001301903517534906
20.038,0.00017013387012549444,0.00013017193359151315
20.04,0.00017045445798935172,0.0001301535322056515
20.042,0.00017076993855789593,0.00013013514758062516
20.044,0.0001710802784320302,0.0001301167797011676
20.046,0.00017138544453563159,0.00013009842855202616
20.048,0.00017168540416149974,0.0001300800941179621
20.05,0.00017198012501199855,0.00013006177638375056
20.052,0.00017226957522593726,0.00013004347533418053
20.054,0.00017255372338676074,0.00013002519095405487
20.056,0.00017283253851142237,0.00013000692322819027
20.058,0.00017310599002457708,0.00012998867214141725
20.06,0.00017337404772681071,0.00012997043767858018
20.062,0.00017363668176761758,0.0001299522198245372
20.064,0.0001738938626331533,0.00012993401856416023
20.066,0.00017414556115546843,0.00012991583388233501
20.068,0.00017439174854485878,0.00012989766576396102
20.07,0.0001746323964411653,0.0001298795141939515
20.072,0.00017486747697517666,0.00012986137915723344
20.074,0.00017509696282857082,0.00012984326063874755
20.076,0.00017532082728116983,0.00012982515862344825
20.078,0.00017553904423728566,0.00012980707309630368
20.08,0.00017575158822803272,0.00012978900404229566
20.082,0.00017595843439233722,0.0001297709514464197
20.084,0.00017615955844441612,0.00012975291529368496
20.086,0.00017635493663856948,0.00012973489556911428
20.088,0.00017654454574246147,0.0001297168922577441
20.09,0.00017672836302752633,0.00012969890534462455
20.092,0.0001769063662807824,0.00012968093481481932
20.094,0.000177078533836772,0.00012966298065340574
20.096,0.00017724484462372698,0.0001296450428454747
20.098,0.00017740527821492354,0.00012962712137613071
20.1,0.0001775598148755678,0.00012960921623049183
20.102,0.00017770843559744115,0.00012959132739368966
20.104,0.00017785112211723026,0.00012957345485086936
20.106,0.00017798785691901443,0.0001295555985871896
20.108,0.00017811862322537943,0.00012953775858782262
20.11,0.0001782434049843117,0.0001295199348379541
20.112,0.0001783621868594308,0.00012950212732278324
20.114,0.00017847495422971578,0.00012948433602752275
20.116,0.0001785816932015986,0.00012946656093739878
20.118,0.00017868239063281328,0.00012944880203765092
20.12,0.00017877703416395942,0.00012943105931353222
20.122,0.0001788656122518563,0.0001294133327503092
20.124,0.0001789481141985269,0.00012939562233326175
20.126,0.00017902453017105887,0.00012937792804768318
20.128,0.00017909485121028762,0.00012936024987888022
20.13,0.00017915906922920722,0.00012934258781217294
20.132,0.0001792171770046084,0.00012932494183289482
20.134,0.00017926916816695572,0.00012930731192639267
20.136,0.00017931503719346666,0.0001292896980780267
20.138,0.0001793547794081024,0.00012927210027317035
20.14,0.00017938839099017548,0.00012925451849721048
20.142,0.00017941586899084558,0.00012923695273554724
20.144,0.00017943721135498788,0.00012921940297359405
20.146,0.00017945241694503408,0.00012920186919677763
20.148,0.00017946148556341896,0.000129184351390538
20.15,0.00017946441797124255,0.0001291668495403284
20.152,0.0001794612159021921,0.00012914936363161533
20.154,0.00017945188207213502,0.00012913189364987857
20.156,0.00017943642018560478,0.00012911443958061106
20.158,0.00017941483494062583,0.00012909700140931898
20.16,0.00017938713203295497,0.00012907957912152172
20.162,0.00017935331815984834,0.00012906217270275189
20.164,0.0001793134010229557,0.0001290447821385552
20.166,0.00017926738932940047,0.0001290274074144906
20.168,0.0001792152927906374,0.00012901004851613017
20.17,0.00017915712211924147,0.0001289927054290591
20.172,0.00017909288902514983,0.00012897537813887574
20.174,0.0001790226062137323,0.00012895806663119157
20.176,0.00017894628738838116,0.00012894077089163112
20.178,0.00017886394726002413,0.0001289234909058321
20.18,0.00017877560156439828,0.0001289062266594452
20.182,0.0001786812670861465,0.00012888897813813428
20.184,0.00017858096168661076,0.0001288717453275762
20.186,0.00017847470433073165,0.00012885452821346087
20.188,0.00017836251510771215,0.00012883732678149124
20.19,0.00017824441524093328,0.0001288201410173833
20.192,0.00017812042708427727,0.00012880297090686602
20.194,0.00017799057410473182,0.0001287858164356814
20.196,0.000177854880853973,0.0001287686775895844
20.198,0.00017771337293388944,0.00012875155435434295
20.2,0.00017756607696237472,0.00012873444671573797
20.202,0.00017741302054546563,0.00012871735465956334
20.204,0.000177254232260633,0.00012870027817162585
20.206,0.00017708974165350297,0.00012868321723774522
20.208,0.0001769195792474748,0.0001286661718437541
20.21,0.00017674377656329006,0.00012864914197549803
20.212,0.0001765623661437191,0.00012863212761883547
20.214,0.00017637538157810978,0.00012861512875963772
20.216,0.0001761828575219393,0.00012859814538378897
20.218,0.00017598482970826803,0.00012858117747718628
20.22,0.00017578133494965828,0.00012856422502573954
20.222,0.0001755724111313311,0.00012854728801537147
20.224,0.00017535809719763947,0.00012853036643201764
20.226,0.0001751384331346873,0.00012851346026162639
20.228,0.00017491345995174882,0.00012849656949015889
20.23,0.00017468321966345612,0.00012847969410358909
20.232,0.00017444775527351524,0.0001284628340879037
20.234,0.0001742071107596375,0.00012844598942910222
20.236,0.00017396133105850053,0.00012842916011319687
20.238,0.00017371046204949777,0.00012841234612621263
20.24,0.0001734545505362043,0.00012839554745418721
20.242,0.00017319364422548807,0.00012837876408317107
20.244,0.0001729277917051333,0.0001283619959992273
20.246,0.00017265704242197478,0.00012834524318843175
20.248,0.00017238144666289042,0.0001283285056368729
20.25,0.00017210105554124432,0.00012831178333065196
20.252,0.00017181592099036125,0.00012829507625588274
20.254,0.000171526095764607,0.00012827838439869176
20.256,0.00017123163344683414,0.00012826170774521813
20.258,0.00017093258845956569,0.00012824504628161358
20.26,0.00017062901607583315,0.0001282283999940425
20.262,0.0001703209724254453,0.00012821176886868187
20.264,0.0001700085144924637,0.0001281951528917212
20.266,0.00016969170010108642,0.00012817855204936266
20.268,0.00016937058788871347,0.00012816196632782094
20.27,0.00016904523726733796,0.00012814539571332327
20.272,0.00016871570837597772,0.00012812884019210952
20.274,0.00016838206202876915,0.00012811229975043196
20.276,0.00016804435966378091,0.0001280957743745555
20.278,0.00016770266329754974,0.0001280792640507575
20.28,0.00016735703548937246,0.00012806276876532779
20.282,0.00016700753931767775,0.00012804628850456877
20.284,0.0001666542383688873,0.00012802982325479527
20.286,0.00016629719673704791,0.00012801337300233457
20.288,0.00016593647903099122,0.00012799693773352642
20.29,0.0001655721503843783,0.00012798051743472303
20.292,0.0001652042764638738,0.000127964112092289
20.294,0.00016483292347076748,0.00012794772169260143
20.296,0.00016445815813240136,0.00012793134622204972
20.298,0.00016408004768153086,0.00012791498566703575
20.3,0.00016369865982320661,0.00012789864001397374
20.302,0.00016331406269076584,0.0001278823092492903
20.304,0.00016292632479398303,0.00012786599335942443
20.306,0.000162535514963348,0.00012784969233082744
20.308,0.00016214170229487482,0.000127833406149963
20.31,0.0001617449560995864,0.0001278171348033071
20.312,0.0001613453458607579,0.00012780087827734805
20.314,0.000160942941201215,0.00012778463655858648
20.316,0.0001605378118612415,0.00012776840963353532
20.318,0.00016013002768669696,0.00012775219748871976
20.32,0.0001597196586257397,0.00012773600011067727
20.322,0.00015930677473186374,0.0001277198174859576
20.324,0.00015889144617030234,0.00012770364960112274
20.326,0.00015847374322468688,0.0001276874964427469
20.328,0.00015805373630039293,0.00012767135799741656
20.33,0.00015763149592132677,0.00012765523425173038
20.332,0.0001572070927168494,0.00012763912519229927
20.334,0.0001567805973964924,0.00012762303080574627
20.336,0.00015635208071112199,0.00012760695107870667
20.338,0.00015592161340101878,0.0001275908859978279
20.34,0.00015548926613328276,0.00012757483554976957
20.342,0.00015505510943315983,0.0001275587997212034
20.344,0.00015461921361529696,0.0001275427784988133
20.346,0.00015418164872179745,0.0001275267718692953
20.348,0.00015374248447333556,0.0001275107798193575
20.35,0.00015330179023777818,0.00012749480233572016
20.352,0.00015285963501789982,0.0001274788394051156
20.354,0.0001524160874563172,0.0001274628910142883
20.356,0.00015197121585272451,0.0001274469571499947
20.358,0.00015152508818610323,0.00012743103779900338
20.36,0.00015107777213392156,0.00012741513294809494
20.362,0.00015062933508118838,0.00012739924258406204
20.364,0.0001501798441145805,0.00012738336669370937
20.366,0.0001497293660001203,0.00012736750526385363
20.368,0.00014927796714610543,0.00012735165828132352
20.37,0.00014882571355572224,0.00012733582573295975
20.372,0.00014837267077516642,0.00012732000760561502
20.374,0.00014791890384294304,0.00012730420388615399
20.376,0.00014746447724480952,0.00012728841456145329
20.378,0.00014700945487671033,0.0001272726396184015
20.38,0.00014655390001586002,0.00012725687904389916
20.382,0.00014609787529857243,0.00012724113282485872
20.384,0.0001456414427026304,0.00012722540094820456
20.386,0.0001451846635322255,0.00012720968340087298
20.388,0.00014472759840441335,0.00012719398016981215
20.39,0.00014427030723707367,0.00012717829124198217
20.392,0.00014381284923924113,0.00012716261660435498
20.394,0.0001433552829047895,0.0001271469562439144
20.396,0.0001428976660098462,0.0001271313101476561
20.398,0.00014244005561333333,0.00012711567830258762
20.4,0.0001419825080585955,0.0001271000606957283
20.402,0.00014152507897343943,0.00012708445731410934
20.404,0.00014106782326570375,0.00012706886814477372
20.406,0.00014061079511230808,0.00012705329317477622
20.408,0.00014015404794135038,0.00012703773239118344
20.41,0.00013969763440837716,0.00012702218578107373
20.412,0.00013924160636986382,0.00012700665333153724
20.414,0.0001387860148573516,0.00012699113502967585
20.416,0.00013833091005562367,0.00012697563086260322
20.418,0.00013787634128709656,0.0001269601408174447
20.42,0.0001374223570026174,0.00012694466488133741
20.422,0.00013696900477714095,0.0001269292030414302
20.424,0.00013651633130735454,0.00012691375528488355
20.426,0.00013606438240795304,0.00012689832159886973
20.428,0.0001356132030040614,0.00012688290197057262
20.43,0.00013516283711885192,0.0001268674963871878
20.432,0.00013471332785738014,0.00012685210483592252
20.434,0.00013426471738928276,0.00012683672730399566
20.436,0.00013381704693408815,0.00012682136377863777
20.438,0.00013337035675257248,0.000126806014247091
20.44,0.00013292468614649683,0.00012679067869660916
20.442,0.00013248007346731758,0.00012677535711445764
20.444,0.00013203655613238868,0.00012676004948791345
20.446,0.00013159417064588787,0.00012674475580426515
20.448,0.0001311529526207566,0.00012672947605081293
20.45,0.0001307129367984046,0.0001267142102148685
20.452,0.0001302741570637801,0.00012669895828375518
20.454,0.00012983664645485667,0.00012668372024480777
20.456,0.00012940043716670946,0.00012666849608537265
20.458,0.00012896556055119247,0.00012665328579280772
20.46,0.0001285320471134056,0.0001266380893544824
20.462,0.00012809992650572686,0.0001266229067577776
20.464,0.00012766922751969095,0.00012660773799008572
20.466,0.0001272399780755685,0.00012659258303881067
20.468,0.0001268122052096297,0.00012657744189136782
20.47,0.0001263859350595944,0.000126562314535184
20.472,0.0001259611928499409,0.00012654720095769744
20.474,0.000125538002879672,0.00012653210114635795
20.476,0.0001251163885161177,0.00012651701508862662
20.478,0.00012469637219802683,0.00012650194277197605
20.48,0.00012427797545069196,0.00012648688418389023
20.482,0.00012386121891380935,0.00012647183931186455
20.484,0.00012344612238069188,0.00012645680814340576
20.486,0.00012303270484540467,0.00012644179066603203
20.488,0.00012262098455254083,0.0001264267868672729
20.49,0.0001222109790439261,0.00012641179673466925
20.492,0.00012180270519695351,0.0001263968202557733
20.494,0.00012139617925065487,0.00012638185741814862
20.496,0.00012099141681806713,0.0001263669082093701
20.498,0.0001205884328854364,0.000126351972617024
20.5,0.00012018724180131578,0.0001263370506287078
20.502,0.00011978785725955312,0.0001263221422320303
20.504,0.00011939029228100537,0.00012630724741461165
20.506,0.00011899455919813602,0.0001262923661640832
20.508,0.00011860066964600906,0.00012627749846808763
20.51,0.00011820863456150336,0.00012626264431427883
20.512,0.00011781846419152783,0.00012624780369032193
20.514,0.00011743016810979151,0.00012623297658389334
20.516,0.00011704375524084507,0.00012621816298268065
20.518,0.00011665923388984718,0.0001262033628743827
20.52,0.00011627661177614817,0.00012618857624670948
20.522,0.00011589589606885982,0.00012617380308738225
20.524,0.00011551709342254029,0.0001261590433841334
20.526,0.00011514021001112527,0.00012614429712470653
20.528,0.0001147652515585225,0.00012612956429685637
20.53,0.00011439222336443518,0.0001261148448883488
20.532,0.00011402113032451129,0.00012610013888696088
20.534,0.00011365197694475202,0.0001260854462804808
20.536,0.00011328476735068482,0.0001260707670567078
20.538,0.00011291950529282437,0.00012605610120345234
20.54,0.00011255619415041627,0.00012604144870853593
20.542,0.0001121948369355935,0.00012602680955979117
20.544,0.00011183543629989461,0.00012601218374506173
20.546,0.00011147799454449535,0.0001259975712522024
20.548,0.00011112251363449519,0.00012598297206907897
20.55,0.00011076899521680862,0.00012596838618356834
20.552,0.00011041744064040181,0.00012595381358355843
20.554,0.00011006785097743662,0.00012593925425694817
20.556,0.00010972022704379623,0.00012592470819164755
20.558,0.00010937456941807424,0.00012591017537557755
20.56,0.00010903087845872515,0.00012589565579667017
20.562,0.00010868915431967081,0.00012588114944286837
20.564,0.00010834939696525661,0.0001258666563021261
20.566,0.00010801160618554392,0.0001258521763624083
20.568,0.0001076757816127489,0.00012583770961169087
20.57,0.00010734192273935997,0.00012582325603796067
20.572,0.00010701002893786433,0.00012580881562921547
20.574,0.00010668009948164257,0.000125794388373464
20.576,0.00010635213356620841,0.00012577997425872593
20.578,0.00010602613032985084,0.00012576557327303176
20.58,0.00010570208887273363,0.000125751185404423
20.582,0.00010538000827357803,0.00012573681064095195
20.584,0.00010505988760323387,0.00012572244897068188
20.586,0.00010474172593451369,0.0001257081003816869
20.588,0.00010442552234800256,0.00012569376486205194
20.59,0.00010411127593367686,0.00012567944239987285
20.592,0.00010379898578876957,0.0001256651329832563
20.594,0.00010348865101281372,0.00012565083660031977
20.596,0.00010318027070154981,0.0001256365532391916
20.598,0.00010287384394202854,0.00012562228288801088
20.6,0.00010256936981158869,0.0001256080255349276
20.602,0.00010226684738340285,0.00012559378116810244
20.604,0.00010196627574070115,0.00012557954977570696
20.606,0.00010166765400045863,0.00012556533134592342
20.608,0.00010137098134582181,0.00012555112586694488
20.61,0.00010107625706472489,0.00012553693332697515
20.612,0.0001007834805904957,0.0001255227537142288
20.614,0.00010049265153945253,0.00012550858701693105
20.616,0.00010020376974024088,0.00012549443322331798
20.618,9.991683525078379e-05,0.0001254802923216363
20.62,9.963184836049501e-05,0.00012546616430014342
20.622,9.934880957792266e-05,0.00012545204914710746
20.624,9.906771960652958e-05,0.00012543794685080726
20.626,9.878857931362554e-05,0.0001254238573995323
20.628,9.85113896986329e-05,0.00012540978078158274
20.63,9.823615186707968e-05,0.0001253957169852694
20.632,9.796286701558074e-05,0.00012538166599891372
20.634,9.769153643105562e-05,0.0001253676278108478
20.636,9.742216150455829e-05,0.00012535360240941438
20.638,9.715474375757485e-05,0.00012533958978296677
20.64,9.688928487623462e-05,0.00012532558991986895
20.642,9.662578674770289e-05,0.00012531160280849544
20.644,9.636425149272244e-05,0.00012529762843723142
20.646,9.610468148922674e-05,0.00012528366679447257
20.648,9.584707938363606e-05,0.0001252697178686252
20.65,9.559144808876177e-05,0.00012525578164810616
20.652,9.533779076933264e-05,0.00012524185812134284
20.654,9.508611081817956e-05,0.00012522794727677316
20.656,9.483641182736268e-05,0.00012521404910284563
20.658,9.458869755892257e-05,0.00012520016358801922
20.66,9.434297191987015e-05,0.00012518629072076344
20.662,9.409923894488877e-05,0.00012517243048955828
20.664,9.385750278908454e-05,0.00012515858288289424
20.666,9.361776773115165e-05,0.00012514474788927232
20.668,9.33800381859096e-05,0.00012513092549720396
20.67,9.314431872335267e-05,0.0001251171156952111
20.672,9.291061409054624e-05,0.00012510331847182608
20.674,9.267892923197913e-05,0.00012508953381559177
20.676,9.244926930432288e-05,0.0001250757617150614
20.678,9.222163968259365e-05,0.00012506200215879867
20.68,9.199604595610355e-05,0.00012504825513537764
20.682,9.177249391480329e-05,0.00012503452063338284
20.684,9.155098952819123e-05,0.00012502079864140918
20.686,9.13315389206439e-05,0.00012500708914806196
20.688,9.111414834756256e-05,0.00012499339214195682
20.69,9.089882417633309e-05,0.00012497970761171984
20.692,9.06855728750241e-05,0.0001249660355459874
20.694,9.047440100966196e-05,0.00012495237593340624
20.696,9.02653152489905e-05,0.00012493872876263347
20.698,9.005832237375075e-05,0.0001249250940223365
20.7,8.985342928652214e-05,0.00012491147170119312
20.702,8.965064301826667e-05,0.00012489786178789133
20.704,8.944997072846298e-05,0.00012488426427112952
20.706,8.925141969749928e-05,0.00012487067913961636
20.708,8.905499731202689e-05,0.00012485710638207077
20.71,8.886071104529498e-05,0.00012484354598722196
20.712,8.866856843582513e-05,0.00012482999794380942
20.714,8.847857706761867e-05,0.00012481646224058292
20.716,8.82907445544627e-05,0.0001248029388663024
20.718,8.810507852945832e-05,0.00012478942780973814
20.72,8.792158663937407e-05,0.00012477592905967054
20.722,8.77402765420697e-05,0.0001247624426048903
20.724,8.75611559046084e-05,0.00012474896843419828
20.726,8.738423239953237e-05,0.00012473550653640557
20.728,8.720951369771662e-05,0.00012472205690033345
20.73,8.703700745720465e-05,0.00012470861951481338
20.732,8.686672130889321e-05,0.000124695194368687
20.734,8.669866284077065e-05,0.00012468178145080608
20.736,8.653283958309138e-05,0.00012466838075003258
20.738,8.636925899661613e-05,0.0001246549922552386
20.74,8.62079284653356e-05,0.00012464161595530633
20.742,8.604885529392192e-05,0.00012462825183912816
20.744,8.5892046708877e-05,0.00012461489989560657
20.746,8.573750986147512e-05,0.00012460156011365412
20.748,8.558525182988217e-05,0.00012458823248219348
20.75,8.543527961790427e-05,0.00012457491699015744
20.752,8.528760014856711e-05,0.00012456161362648884
20.754,8.514222025163867e-05,0.0001245483223801406
20.756,8.499914664552219e-05,0.00012453504324007572
20.758,8.485838591515527e-05,0.0001245217761952672
20.76,8.471994448837613e-05,0.00012450852123469815
20.762,8.458382861361093e-05,0.00012449527834736167
20.764,8.445004434154448e-05,0.0001244820475222609
20.766,8.431859751281196e-05,0.00012446882874840898
20.768,8.418949375254612e-05,0.00012445562201482912
20.77,8.406273847160367e-05,0.00012444242731055445
20.772,8.393833687285973e-05,0.00012442924462462813
20.774,8.38162939602206e-05,0.00012441607394610328
20.776,8.369661454730349e-05,0.00012440291526404301
20.778,8.357930326285962e-05,0.0001243897685675204
20.78,8.34643645502157e-05,0.00012437663384561845
20.782,8.335180265922666e-05,0.0001243635110874301
20.784,8.324162163019023e-05,0.0001243504002820583
20.786,8.313382527062146e-05,0.00012433730141861581
20.788,8.30284171271069e-05,0.0001243242144862254
20.79,8.292540045521084e-05,0.0001243111394740197
20.792,8.282477819110427e-05,0.00012429807637114127
20.794,8.272655292822725e-05,0.00012428502516674254
20.796,8.263072690161907e-05,0.0001242719858499858
20.798,8.253730198127783e-05,0.00012425895841004328
20.8,8.244627967435989e-05,0.000124245942836097
20.802,8.235766113444255e-05,0.00012423293911733885
20.804,8.227144717498267e-05,0.0001242199472429706
20.806,8.218763828331615e-05,0.0001242069672022038
20.808,8.210623463176701e-05,0.00012419399898425988
20.81,8.202723608322009e-05,0.00012418104257837007
20.812,8.195064218967344e-05,0.00012416809797377538
20.814,8.18764521840321e-05,0.00012415516515972664
20.816,8.180466496658548e-05,0.0001241422441254845
20.818,8.173527908871116e-05,0.00012412933486031935
20.82,8.166829273652508e-05,0.0001241164373535114
20.822,8.160370371683639e-05,0.00012410355159435055
20.824,8.154150944688783e-05,0.0001240906775721365
20.826,8.148170694810929e-05,0.00012407781527617873
20.828,8.142429284297696e-05,0.0001240649646957964
20.83,8.13692633533444e-05,0.00012405212582031842
20.832,8.131661429842133e-05,0.00012403929863908343
20.834,8.126634109088552e-05,0.00012402648314143976
20.836,8.121843873052644e-05,0.00012401367931674545
20.838,8.117290179585061e-05,0.00012400088715436826
20.84,8.112972443488554e-05,0.0001239881066436856
20.842,8.10889003571991e-05,0.00012397533777408455
20.844,8.105042282884978e-05,0.00012396258053496188
20.846,8.101428467157439e-05,0.00012394983491572403
20.848,8.09804782663902e-05,0.00012393710090578705
20.85,8.094899556052119e-05,0.00012392437849457666
20.852,8.091982807566429e-05,0.0001239116676715282
20.854,8.089296691477086e-05,0.00012389896842608664
20.856,8.086840276497466e-05,0.00012388628074770655
20.858,8.084612589469623e-05,0.0001238736046258521
20.86,8.082612614479752e-05,0.0001238609400499971
20.862,8.08083929150435e-05,0.0001238482870096249
20.864,8.079291514877404e-05,0.00012383564549422847
20.866,8.077968131972322e-05,0.0001238230154933103
20.868,8.076867942497355e-05,0.00012381039699638249
20.87,8.075989698719656e-05,0.00012379778999296667
20.872,8.07533210675503e-05,0.000123785194472594
20.874,8.074893828822147e-05,0.00012377261042480518
20.876,8.074673486141215e-05,0.00012376003783915048
20.878,8.07466966196447e-05,0.00012374747670518965
20.88,8.074880904138207e-05,0.00012373492701249196
20.882,8.075305726670703e-05,0.00012372238875063617
20.884,8.075942609930022e-05,0.00012370986190921054
20.886,8.076789999378995e-05,0.0001236973464778128
20.888,8.077846303055166e-05,0.00012368484244605022
20.89,8.079109888278763e-05,0.00012367234980353942
20.892,8.080579078249982e-05,0.00012365986853990658
20.894,8.08225214923285e-05,0.00012364739864478727
20.896,8.08412732891549e-05,0.00012363494010782654
20.898,8.086202796307238e-05,0.00012362249291867882
20.9,8.088476683200341e-05,0.000123610057067008
20.902,8.090947076945716e-05,0.00012359763254248744
20.904,8.093612024025757e-05,0.00012358521933479978
20.906,8.096469533791861e-05,0.00012357281743363715
20.908,8.099517581760613e-05,0.00012356042682870103
20.91,8.102754112020954e-05,0.00012354804750970233
20.912,8.106177038540925e-05,0.00012353567946636124
20.914,8.109784245460884e-05,0.0001235233226884074
20.916,8.113573586655331e-05,0.00012351097716557978
20.918,8.117542885026945e-05,0.00012349864288762667
20.92,8.121689931967861e-05,0.00012348631984430573
20.922,8.126012487345377e-05,0.00012347400802538392
20.924,8.130508280153673e-05,0.00012346170742063756
20.926,8.135175009775365e-05,0.00012344941801985224
20.928,8.14001034757049e-05,0.0001234371398128229
20.93,8.145011938453598e-05,0.0001234248727893537
20.932,8.150177402084906e-05,0.00012341261693925816
20.934,8.155504333442898e-05,0.00012340037225235908
20.936,8.160990302751241e-05,0.00012338813871848848
20.938,8.16663285491322e-05,0.00012337591632748766
20.94,8.1724295088214e-05,0.00012336370506920718
20.942,8.178377756987943e-05,0.00012335150493350685
20.944,8.184475065905011e-05,0.0001233393159102557
20.946,8.190718877427163e-05,0.000123327137989332
20.948,8.197106611232485e-05,0.0001233149711606232
20.95,8.203635668187518e-05,0.00012330281541402606
20.952,8.210303434235343e-05,0.00012329067073944645
20.954,8.21710728428724e-05,0.00012327853712679947
20.956,8.224044585599432e-05,0.0001232664145660094
20.958,8.231112700221298e-05,0.00012325430304700966
20.96,8.238308986283683e-05,0.00012324220255974293
20.962,8.245630798144872e-05,0.00012323011309416096
20.964,8.253075485624434e-05,0.0001232180346402247
20.966,8.26064039273508e-05,0.0001232059671879042
20.968,8.26832285639512e-05,0.00012319391072717874
20.97,8.276120205580576e-05,0.00012318186524803664
20.972,8.284029761271458e-05,0.00012316983074047537
20.974,8.292048837377401e-05,0.00012315780719450147
20.976,8.300174742636833e-05,0.00012314579460013066
20.978,8.308404783327457e-05,0.0001231337929473877
20.98,8.316736266491611e-05,0.00012312180222630642
20.982,8.32516650334523e-05,0.0001231098224269298
20.984,8.333692812539658e-05,0.0001230978535393098
20.986,8.342312523026147e-05,0.00012308589555350754
20.988,8.351022976368023e-05,0.00012307394845959308
20.99,8.359821528464145e-05,0.00012306201224764564
20.992,8.368705550733338e-05,0.00012305008690775338
20.994,8.377672430892396e-05,0.00012303817243001356
20.996,8.386719573476901e-05,0.00012302626880453238
20.998,8.395844400269016e-05,0.00012301437602142514
21.0,8.405044350764532e-05,0.0001230024940708161
21.002,8.41431688279763e-05,0.0001229906229428385
21.004,8.42365947338254e-05,0.0001229787626276346
21.006,8.43306961985269e-05,0.0001229669131153556
21.008,8.442544841310345e-05,0.00012295507439616176
21.01,8.452082680423391e-05,0.0001229432464602222
21.012,8.461680705545798e-05,0.000122931429297715
21.014,8.47133651311598e-05,0.00012291962289882725
21.016,8.481047730217376e-05,0.00012290782725375493
21.018,8.490812017154952e-05,0.000122896042352703
21.02,8.500627069825548e-05,0.00012288426818588525
21.022,8.510490621697305e-05,0.0001228725047435245
21.024,8.520400445216583e-05,0.0001228607520158524
21.026,8.530354352584637e-05,0.0001228490099931095
21.028,8.540350195936399e-05,0.00012283727866554525
21.03,8.5503858671272e-05,0.00012282555802341802
21.032,8.560459297411968e-05,0.00012281384805699498
21.034,8.570568457391292e-05,0.00012280214875655222
21.036,8.580711357539478e-05,0.0001227904601123747
21.038,8.590886049549992e-05,0.00012277878211475616
21.04,8.601090628544464e-05,0.00012276711475399922
21.042,8.611323235992538e-05,0.00012275545802041535
21.044,8.621582063016524e-05,0.00012274381190432483
21.046,8.631865353618008e-05,0.00012273217639605674
21.048,8.642171407365186e-05,0.000122720551485949
21.05,8.652498581166757e-05,0.00012270893716434829
21.052,8.662845289929524e-05,0.00012269733342161013
21.054,8.673210006154849e-05,0.0001226857402480988
21.056,8.683591258742625e-05,0.00012267415763418736
21.058,8.69398763145513e-05,0.00012266258557025762
21.06,8.704397761578407e-05,0.0001226510240467002
21.062,8.714820339256753e-05,0.0001226394730539144
21.064,8.72525410785524e-05,0.00012262793258230832
21.066,8.735697865457517e-05,0.0001226164026222988
21.068,8.746150467387618e-05,0.00012260488316431136
21.07,8.756610829416286e-05,0.00012259337419878028
21.072,8.767077931179406e-05,0.00012258187571614855
21.074,8.777550819316292e-05,0.00012257038770686787
21.076,8.788028609886828e-05,0.00012255891016139863
21.078,8.798510489791844e-05,0.00012254744307020987
21.08,8.808995717093307e-05,0.00012253598642377936
21.082,8.819483620345594e-05,0.00012252454021259357
21.084,8.829973597168921e-05,0.00012251310442714755
21.086,8.840465112410167e-05,0.00012250167905794506
21.088,8.850957696230369e-05,0.0001224902640954985
21.09,8.861450942427788e-05,0.00012247885953032894
21.092,8.871944507202229e-05,0.00012246746535296603
21.094,8.88243810847712e-05,0.0001224560815539481
21.096,8.892931525789962e-05,0.00012244470812382204
21.098,8.903424600689731e-05,0.00012243334505314342
21.1,8.913917237532551e-05,0.00012242199233247633
21.102,8.924409404551189e-05,0.00012241064995239354
21.104,8.934901135052412e-05,0.00012239931790347636
21.106,8.945392528630588e-05,0.00012238799617631468
21.108,8.95588375226429e-05,0.00012237668476150696
21.11,8.966375041200726e-05,0.00012236538364966023
21.112,8.976866699529925e-05,0.0001223540928313901
21.114,8.987359100370265e-05,0.00012234281229732066
21.116,8.997852685619406e-05,0.0001223315420380846
21.118,9.008347965242092e-05,0.00012232028204432315
21.12,9.018845516109887e-05,0.00012230903230668602
21.122,9.029345980428433e-05,0.00012229779281583146
21.124,9.0398500638382e-05,0.0001222865635624262
21.126,9.050358533275276e-05,0.00012227534453714554
21.128,9.060872214708816e-05,0.0001222641357306732
21.13,9.071391990881455e-05,0.00012225293713370142
21.132,9.081918799171365e-05,0.00012224174873693092
21.134,9.092453629700531e-05,0.00012223057053107087
21.136,9.102997523795535e-05,0.00012221940250683894
21.138,9.113551572870228e-05,0.00012220824465496123
21.14,9.124116917772729e-05,0.00012219709696617226
21.142,9.134694748565623e-05,0.00012218595943121505
21.144,9.14528630464599e-05,0.000122174832040841
21.146,9.155892875049954e-05,0.00012216371478580994
21.148,9.16651579872076e-05,0.00012215260765689018
21.15,9.177156464515339e-05,0.00012214151064485836
21.152,9.18781631072402e-05,0.00012213042374049953
21.154,9.198496823952246e-05,0.00012211934693460717
21.156,9.20919953729635e-05,0.00012210828021798313
21.158,9.219926027874867e-05,0.00012209722358143762
21.16,9.23067791386956e-05,0.00012208617701578927
21.162,9.241456851313827e-05,0.000122075140511865
21.164,9.252264530902036e-05,0.00012206411406050016
21.166,9.263102675040838e-05,0.00012205309765253839
21.168,9.273973035312477e-05,0.00012204209127883171
21.17,9.284877390373533e-05,0.00012203109493024045
21.172,9.295817544235849e-05,0.00012202010859763326
21.174,9.306795324758507e-05,0.00012200913227188713
21.176,9.317812582177927e-05,0.00012199816594388734
21.178,9.328871187511627e-05,0.00012198720960452748
21.18,9.339973030759908e-05,0.00012197626324470944
21.182,9.351120018925281e-05,0.00012196532685534338
21.184,9.362314073971575e-05,0.00012195440042734777
21.186,9.373557130866995e-05,0.0001219434839516493
21.188,9.38485113586619e-05,0.00012193257741918298
21.19,9.396198045068457e-05,0.00012192168082089205
21.192,9.40759982317652e-05,0.000121910794147728
21.194,9.419058442239719e-05,0.00012189991739065055
21.196,9.430575880051787e-05,0.0001218890505406277
21.198,9.442154117887143e-05,0.00012187819358863561
21.2,9.45379513731697e-05,0.00012186734652565873
21.202,9.465500916033775e-05,0.00012185650934268967
21.204,9.47727342284853e-05,0.00012184568203072925
21.206,9.489114612234774e-05,0.00012183486458078651
21.208,9.501026418980179e-05,0.00012182405698387867
21.21,9.513010753519747e-05,0.00012181325923103111
21.212,9.525069498461998e-05,0.00012180247131327742
21.214,9.537204506581224e-05,0.00012179169322165934
21.216,9.5494176002669e-05,0.00012178092494722678
21.218,9.561710572123566e-05,0.00012177016648103777
21.22,9.574085186181847e-05,0.00012175941781415853
21.222,9.586543179070212e-05,0.00012174867893766337
21.224,9.599086260560902e-05,0.00012173794984263478
21.226,9.611716113049541e-05,0.00012172723052016332
21.228,9.624434389812938e-05,0.00012171652096134771
21.23,9.63724271214542e-05,0.00012170582115729475
21.232,9.650142665697733e-05,0.00012169513109911936
21.234,9.663135796448134e-05,0.00012168445077794454
21.236,9.676223606718938e-05,0.00012167378018490137
21.238,9.689407551542594e-05,0.00012166311931112901
21.24,9.702689035485385e-05,0.00012165246814777473
21.242,9.71606940987706e-05,0.0001216418266859938
21.244,9.729549970277967e-05,0.0001216311949169496
21.246,9.743131953964999e-05,0.00012162057283181351
21.248,9.75681653729299e-05,0.00012160996042176499
21.25,9.770604832889e-05,0.00012159935767799154
21.252,9.784497886768088e-05,0.00012158876459168864
21.254,9.79849667555738e-05,0.00012157818115405983
21.256,9.812602104030812e-05,0.00012156760735631666
21.258,9.826815003115708e-05,0.00012155704318967866
21.26,9.841136128413191e-05,0.00012154648864537337
21.262,9.855566159156993e-05,0.00012153594371463634
21.264,9.870105697417402e-05,0.00012152540838871109
21.266,9.884755267319094e-05,0.00012151488265884909
21.268,9.899515314061736e-05,0.00012150436651630981
21.27,9.914386202625091e-05,0.00012149385995236067
21.272,9.929368216168864e-05,0.00012148336295827706
21.274,9.94446155423925e-05,0.00012147287552534228
21.276,9.95966633097426e-05,0.00012146239764484762
21.278,9.97498257349491e-05,0.00012145192930809224
21.28,9.990410220597288e-05,0.00012144147050638329
21.282,0.00010005949121758938,0.00012143102123103579
21.284,0.00010021599036338764,0.0001214205814733727
21.286,0.00010037359632795863,0.00012141015122472487
21.288,0.00010053230487695042,0.00012139973047643105
21.29,0.00010069211084356582,0.00012138931921983786
21.292,0.00010085300811089702,0.00012137891744629984
21.294,0.00010101498959099372,0.00012136852514717937
21.296,0.00010117804720278338,0.00012135814231384673
21.298,0.00010134217185150535,0.00012134776893768001
21.3,0.00010150735341243377,0.0001213374050100652
21.302,0.00010167358072083813,0.00012132705052239615
21.304,0.00010184084156873637,0.00012131670546607448
21.306,0.0001020091227076443,0.00012130636983250969
21.308,0.00010217840985527874,0.00012129604361311911
21.31,0.00010234868770342813,0.00012128572679932786
21.312,0.00010251993992440068,0.0001212754193825689
21.314,0.00010269214917428105,0.00012126512135428294
21.316,0.00010286529709235222,0.00012125483270591857
21.318,0.000103039364297608,0.0001212445534289321
21.32,0.00010321433038421863,0.00012123428351478764
21.322,0.00010339017391829647,0.0001212240229549571
21.324,0.0001035668724380859,0.00012121377174092012
21.326,0.00010374440245865782,0.00012120352986416411
21.328,0.00010392273948079977,0.00012119329731618426
21.33,0.00010410185800233938,0.00012118307408848348
21.332,0.00010428173152920006,0.00012117286017257244
21.334,0.00010446233258302814,0.00012116265555996951
21.336,0.00010464363270293566,0.00012115246024220082
21.338,0.00010482560244017559,0.0001211422742108002
21.34,0.00010500821134647394,0.00012113209745730918
21.342,0.00010519142795861144,0.00012112192997327704
21.344,0.00010537521978323469,0.0001211117717502607
21.346,0.0001055595532864685,0.00012110162277982481
21.348,0.0001057443938924389,0.0001210914830535417
21.35,0.00010592970599313821,0.00012108135256299135
21.352,0.00010611545297016715,0.00012107123129976144
21.354,0.00010630159722623519,0.00012106111925544729
21.356,0.00010648810022251269,0.00012105101642165188
21.358,0.00010667492251679996,0.00012104092278998586
21.36,0.00010686202379749092,0.00012103083835206748
21.362,0.00010704936290949531,0.00012102076309952266
21.364,0.00010723689787035086,0.00012101069702398495
21.366,0.00010742458587720589,0.00012100064011709549
21.368,0.00010761238330736759,0.00012099059237050305
21.37,0.00010780024571683656,0.00012098055377586402
21.372,0.00010798812784134626,0.00012097052432484236
21.374,0.00010817598360393524,0.00012096050400910966
21.376,0.00010836376613120622,0.00012095049282034505
21.378,0.00010855142777833608,0.00012094049075023528
21.38,0.00010873892016097538,0.00012093049779047465
21.382,0.00010892619419029326,0.00012092051393276503
21.384,0.000109113200107287,0.00012091053916881586
21.386,0.00010929988751263214,0.0001209005734903441
21.388,0.00010948620539002458,0.0001208906168890743
21.39,0.00010967210212275848,0.00012088066935673853
21.392,0.00010985752550538765,0.00012087073088507636
21.394,0.0001100424227536666,0.00012086080146583492
21.396,0.00011022674051679927,0.00012085088109076884
21.398,0.0001104104248952555,0.00012084096975164027
21.4,0.00011059342146621844,0.00012083106744021885
21.402,0.00011077567531656459,0.00012082117414828175
21.404,0.00011095713108128586,0.00012081128986761359
21.406,0.00011113773298351593,0.00012080141459000649
21.408,0.00011131742487179487,0.00012079154830726003
21.41,0.00011149615025060084,0.0001207816910111813
21.412,0.00011167385230189693,0.00012077184269358481
21.414,0.00011185047389764596,0.00012076200334629254
21.416,0.00011202595760591821,0.00012075217296113394
21.418,0.00011220024569506227,0.00012074235152994586
21.42,0.0001123732801415567,0.00012073253904457262
21.422,0.00011254500264672529,0.00012072273549686595
21.424,0.00011271535466595399,0.00012071294087868503
21.426,0.00011288427745133587,0.00012070315518189641
21.428,0.00011305171210585541,0.00012069337839837408
21.43,0.00011321759964448992,0.00012068361051999942
21.432,0.00011338188105614607,0.00012067385153866121
21.434,0.00011354449735996544,0.00012066410144625563
21.436,0.00011370538965080607,0.00012065436023468622
21.438,0.00011386449913103837,0.0001206446278958639
21.44,0.00011402176712877505,0.00012063490442170696
21.442,0.00011417713510547889,0.00012062518980414105
21.444,0.00011433054465811479,0.00012061548403509919
21.446,0.000114481937522031,0.00012060578710652171
21.448,0.00011463125558031586,0.00012059609901035633
21.45,0.00011477844088393627,0.00012058641973855807
21.452,0.00011492343568449506,0.00012057674928308927
21.454,0.00011506618247892056,0.00012056708763591964
21.456,0.00011520662406287591,0.00012055743478902614
21.458,0.00011534470358827132,0.00012054779073439311
21.46,0.00011548036461956439,0.00012053815546401211
21.462,0.00011561355118394836,0.00012052852896988207
21.464,0.00011574420781222105,0.00012051891124400915
21.466,0.00011587227956871688,0.00012050930227840682
21.468,0.00011599771207119278,0.00012049970206509584
21.47,0.00011612045150326446,0.00012049011059610418
21.472,0.00011624044462347129,0.00012048052786346714
21.474,0.00011635763877533043,0.00012047095385922723
21.476,0.00011647198190266674,0.00012046138857543422
21.478,0.00011658342257295396,0.00012045183200414513
21.48,0.00011669191000993362,0.00012044228413742421
21.482,0.00011679739413465617,0.00012043274496734293
21.484,0.00011689982561233706,0.00012042321448597998
21.486,0.00011699915590136908,0.00012041369268542128
21.488,0.00011709533730041526,0.00012040417955775996
21.49,0.00011718832299006609,0.00012039467509509632
21.492,0.00011727806706700292,0.0001203851792895379
21.494,0.00011736452457043747,0.0001203756921331994
21.496,0.00011744765150229133,0.00012036621361820271
21.498,0.00011752740484418876,0.0001203567437366769
21.5,0.00011760374257478921,0.00012034728248075819
21.502,0.00011767662369060231,0.00012033782984258999
21.504,0.0001177460082324291,0.00012032838581432284
21.506,0.00011781185731752925,0.00012031895038811445
21.508,0.00011787413317632056,0.00012030952355612967
21.51,0.0001179327991907554,0.00012030010531054049
21.512,0.00011798781993133967,0.00012029069564352601
21.514,0.0001180391611902625,0.00012028129454727247
21.516,0.00011808679000923494,0.00012027190201397323
21.518,0.0001181306747026219,0.00012026251803582873
21.52,0.00011817078487773618,0.00012025314260504658
21.522,0.00011820709145526884,0.00012024377571384141
21.524,0.00011823956669272012,0.00012023441735443499
21.526,0.00011826818421280266,0.00012022506751905616
21.528,0.00011829291903681999,0.00012021572619994085
21.53,0.00011831374762151894,0.00012020639338933205
21.532,0.0001183306478958253,0.00012019706907947981
21.534,0.00011834359929359849,0.00012018775326264125
21.536,0.00011835258277869033,0.00012017844593108053
21.538,0.00011835758086025703,0.00012016914707706887
21.54,0.00011835857759844627,0.00012015985669288455
21.542,0.00011835555860307134,0.00012015057477081282
21.544,0.00011834851102974627,0.00012014130130314602
21.546,0.00011833742357891403,0.00012013203628218348
21.548,0.00011832228650274893,0.00012012277970023156
21.55,0.00011830309162338211,0.0001201135315496036
21.552,0.00011827983236325487,0.00012010429182261997
21.554,0.00011825250378575781,0.00012009506051160802
21.556,0.00011822110264184632,0.00012008583760890209
21.558,0.00011818562741694425,0.00012007662310684351
21.56,0.00011814607837219693,0.00012006741699778059
21.562,0.00011810245757529696,0.00012005821927406858
21.564,0.00011805476891813102,0.00012004902992806974
21.566,0.00011800301812102827,0.00012003984895215324
21.568,0.00011794721272584031,0.00012003067633869523
21.57,0.00011788736208187667,0.00012002151208007879
21.572,0.00011782347732958401,0.00012001235616869395
21.574,0.00011775557138675911,0.00012000320859693765
21.576,0.00011768365894100042,0.00011999406935721378
21.578,0.00011760775645065818,0.00011998493844193314
21.58,0.00011752788215486242,0.00011997581584351344
21.582,0.00011744405609153752,0.00011996670155437928
21.584,0.00011735630012164213,0.0001199575955669622
21.586,0.00011726463795690849,0.00011994849787370061
21.588,0.00011716909518853951,0.0001199394084670398
21.59,0.00011706969931439545,0.00011993032733943197
21.592,0.00011696647976257874,0.00011992125448333614
21.594,0.0001168594679096608,0.00011991218989121826
21.596,0.00011674869709227804,0.00011990313355555109
21.598,0.00011663420261108013,0.0001198940854688143
21.6,0.00011651602172666549,0.00011988504562349437
21.602,0.00011639419364775276,0.00011987601401208464
21.604,0.00011626875951255102,0.00011986699062708528
21.606,0.00011613976236533053,0.00011985797546100329
21.608,0.00011600724713071528,0.0001198489685063525
21.61,0.00011587126058868997,0.00011983996975565356
21.612,0.00011573185135341739,0.00011983097920143394
21.614,0.00011558906985810921,0.00011982199683622789
21.616,0.00011544296834741755,0.00011981302265257648
21.618,0.00011529360087735995,0.00011980405664302758
21.62,0.00011514102332147263,0.00011979509880013584
21.622,0.0001149852933807491,0.00011978614911646268
21.624,0.00011482647059434721,0.0001197772075845763
21.626,0.0001146646163477708,0.00011976827419705168
21.628,0.00011449979387593553,0.00011975934894647057
21.63,0.00011433206825899766,0.00011975043182542146
21.632,0.00011416150641019817,0.00011974152282649959
21.634,0.00011398817705571366,0.00011973262194230694
21.636,0.00011381215070745883,0.00011972372916545225
21.638,0.0001136334996302936,0.00011971484448855099
21.64,0.00011345229780546701,0.00011970596790422534
21.642,0.00011326862089226756,0.00011969709940510419
21.644,0.0001130825461899413,0.00011968823898382318
21.646,0.0001128941526018263,0.00011967938663302463
21.648,0.00011270352060372332,0.00011967054234535759
21.65,0.000112510732218057,0.00011966170611347775
21.652,0.00011231587099492618,0.00011965287793004756
21.654,0.00011211902200031262,0.0001196440577877361
21.656,0.00011192027181047418,0.00011963524567921914
21.658,0.00011171970851039204,0.00011962644159717915
21.66,0.000111517421693035,0.00011961764553430523
21.662,0.0001113135024553591,0.00011960885748329315
21.664,0.00011110804338726497,0.00011960007743684534
21.666,0.0001109011385502095,0.00011959130538767087
21.668,0.00011069288344391305,0.00011958254132848545
21.67,0.00011048337496153184,0.00011957378525201143
21.672,0.00011027271133563625,0.0001195650371509778
21.674,0.00011006099207894219,0.00011955629701812013
21.676,0.0001098483179245426,0.00011954756484618065
21.678,0.0001096347907699759,0.00011953884062790819
21.68,0.0001094205136282497,0.00011953012435605818
21.682,0.00010920559058695335,0.00011952141602339265
21.684,0.00010899012677444043,0.00011951271562268023
21.686,0.00010877422833024973,0.00011950402314669612
21.688,0.00010855800237595832,0.00011949533858822211
21.69,0.00010834155698286736,0.00011948666194004656
21.692,0.00010812500113377515,0.00011947799319496442
21.694,0.00010790844467818917,0.00011946933234577716
21.696,0.0001076919982819612,0.00011946067938529287
21.698,0.00010747577337404846,0.00011945203430632611
21.7,0.00010725988209370965,0.00011944339710169806
21.702,0.00010704443724128112,0.00011943476776423639
21.704,0.00010682955223420795,0.00011942614628677534
21.706,0.00010661534106857984,0.00011941753266215565
21.708,0.00010640191828426705,0.00011940892688322457
21.71,0.00010618939893084803,0.0001194003289428359
21.712,0.00010597789853076275,0.00011939173883384993
21.714,0.0001057675330368165,0.00011938315654913346
21.716,0.0001055584187825028,0.00011937458208155976
21.718,0.00010535067242518484,0.00011936601542400865
21.72,0.00010514441088398181,0.00011935745656936637
21.722,0.0001049397512751497,0.00011934890551052568
21.724,0.00010473681084803458,0.00011934036224038579
21.726,0.00010453570692438592,0.00011933182675185242
21.728,0.00010433655684227899,0.00011932329903783769
21.73,0.00010413947790492314,0.00011931477909126022
21.732,0.00010394458733302067,0.00011930626690504508
21.734,0.00010375200221886742,0.00011929776247212375
21.736,0.00010356183948000287,0.00011928926578543419
21.738,0.00010337421581064593,0.00011928077683792077
21.74,0.00010318924762993358,0.00011927229562253428
21.742,0.00010300705102681421,0.00011926382213223195
21.744,0.00010282774170213313,0.00011925535635997741
21.746,0.00010265143490885503,0.00011924689829874071
21.748,0.0001024782453915899,0.00011923844794149828
21.75,0.00010230828732631011,0.00011923000528123298
21.752,0.00010214167426098503,0.00011922157031093405
21.754,0.00010197851905756462,0.0001192131430235971
21.756,0.00010181893383554465,0.00011920472341222415
21.758,0.00010166302991717452,0.00011919631146982355
21.76,0.00010151091777412885,0.00011918790718941007
21.762,0.00010136270697538776,0.00011917951056400479
21.764,0.00010121850613567045,0.0001191711215866352
21.766,0.00010107842286361375,0.00011916274025033509
21.768,0.00010094256370871107,0.00011915436654814464
21.77,0.00010081103410620014,0.00011914600047311035
21.772,0.00010068393831944863,0.00011913764201828503
21.774,0.00010056137938007727,0.00011912929117672786
21.776,0.00010044345902669706,0.00011912094794150433
21.778,0.00010033027764399147,0.00011911261230568622
21.78,0.00010022193420389995,0.00011910428426235164
21.782,0.00010011852621060617,0.00011909596380458502
21.784,0.000100020149650278,0.00011908765092547706
21.786,9.992689894543948e-05,0.00011907934561812477
21.788,9.983886691262693e-05,0.00011907104787563144
21.79,9.975614472121343e-05,0.00011906275769110664
21.792,9.967882185084407e-05,0.00011905447505766624
21.794,9.960698604530615e-05,0.00011904619996843234
21.796,9.954072326176966e-05,0.00011903793241653335
21.798,9.948011761554515e-05,0.00011902967239510391
21.8,9.942525132219778e-05,0.00011902141989728491
21.802,9.937620463969196e-05,0.0001190131749162235
21.804,9.93330558137715e-05,0.00011900493744507307
21.806,9.929588102915752e-05,0.00011899670747699325
21.808,9.926475436802934e-05,0.00011898848500514989
21.81,9.92397477755442e-05,0.00011898027002271506
21.812,9.922093103053381e-05,0.00011897206252286708
21.814,9.920837171825937e-05,0.00011896386249879045
21.816,9.920213520174847e-05,0.0001189556699436759
21.818,9.920228458879788e-05,0.00011894748485072035
21.82,9.920888069284907e-05,0.00011893930721312691
21.822,9.922198198798167e-05,0.0001189311370241049
21.824,9.924164455975531e-05,0.00011892297427686982
21.826,9.926792205511024e-05,0.00011891481896464333
21.828,9.930086563497336e-05,0.00011890667108065329
21.83,9.934052393254998e-05,0.00011889853061813371
21.832,9.938694301917673e-05,0.00011889039757032479
21.834,9.944016637765583e-05,0.00011888227193047285
21.836,9.950023488120713e-05,0.0001188741536918304
21.838,9.956718677503904e-05,0.00011886604284765604
21.84,9.964105765690691e-05,0.00011885793939121457
21.842,9.972188045377646e-05,0.0001188498433157769
21.844,9.980968539308759e-05,0.00011884175461462005
21.846,9.990449996889002e-05,0.00011883367328102721
21.848,0.00010000634890498678,0.00011882559930828765
21.85,0.00010011525411843863,0.00011881753268969677
21.852,0.00010023123468710018,0.00011880947341855605
21.854,0.00010035430682418374,0.0001188014214881731
21.856,0.00010048448386137894,0.00011879337689186163
21.858,0.00010062177624016214,0.00011878533962294143
21.86,0.0001007661915091288,0.00011877730967473836
21.862,0.0001009177343241223,0.00011876928704058438
21.864,0.00010107640644746758,0.0001187612717138175
21.866,0.00010124220674348361,0.00011875326368778182
21.868,0.00010141513116868186,0.0001187452629558275
21.87,0.00010159517275694022,0.00011873726951131076
21.872,0.00010178232160143122,0.00011872928334759384
21.874,0.0001019765648361476,0.00011872130445804507
21.876,0.0001021778866202212,0.0001187133328360388
21.878,0.00010238626812747662,0.0001187053684749554
21.88,0.00010260168754267694,0.0001186974113681813
21.882,0.000102824120064543,0.00011868946150910894
21.884,0.00010305353791419591,0.00011868151889113676
21.886,0.00010328991034705445,0.00011867358350766925
21.888,0.00010353320366593088,0.00011866565535211687
21.89,0.00010378338123338298,0.00011865773441789611
21.892,0.00010404040348229899,0.00011864982069842946
21.894,0.00010430422792436574,0.00011864191418714537
21.896,0.00010457480915712582,0.0001186340148774783
21.898,0.00010485209887058799,0.00011862612276286866
21.9,0.00010513604585452878,0.00011861823783676289
21.902,0.00010542659600745413,0.00011861036009261335
21.904,0.00010572369234754849,0.0001186024895238784
21.906,0.00010602727502578716,0.00011859462612402231
21.908,0.00010633728134070225,0.00011858676988651536
21.91,0.00010665364575435977,0.00011857892080483374
21.912,0.00010697629990925981,0.00011857107887245959
21.914,0.00010730517264589606,0.00011856324408288099
21.916,0.00010764019002134663,0.00011855541642959195
21.918,0.00010798127532917425,0.0001185475959060924
21.92,0.00010832834912135895,0.00011853978250588822
21.922,0.00010868132923267689,0.00011853197622249116
21.924,0.0001090401308078543,0.00011852417704941891
21.926,0.00010940466633138751,0.00011851638498019506
21.928,0.0001097748456596828,0.00011850860000834909
21.93,0.00011015057605490012,0.00011850082212741638
21.932,0.0001105317622198598,0.0001184930513309382
21.934,0.00011091830633324661,0.00011848528761246171
21.936,0.00011131010808491823,0.00011847753096553991
21.938,0.00011170706471106979,0.00011846978138373173
21.94,0.00011210907102956848,0.00011846203886060192
21.942,0.00011251601947579853,0.0001184543033897211
21.944,0.00011292780013973203,0.00011844657496466579
21.946,0.00011334430080455325,0.00011843885357901829
21.948,0.00011376540698738267,0.0001184311392263668
21.95,0.00011419100198213221,0.00011842343190030533
21.952,0.00011462096690440315,0.00011841573159443374
21.954,0.00011505518073801185,0.00011840803830235771
21.956,0.00011549352038254412,0.00011840035201768877
21.958,0.00011593586070117009,0.00011839267273404423
21.96,0.00011638207456803092,0.00011838500044504724
21.962,0.00011683203291457778,0.00011837733514432674
21.964,0.00011728560477452393,0.0001183696768255175
21.966,0.00011774265732745828,0.00011836202548226006
21.968,0.00011820305594166026,0.00011835438110820078
21.97,0.00011866666421707928,0.00011834674369699177
21.972,0.00011913334402991773,0.00011833911324229096
21.974,0.00011960295558025339,0.00011833148973776202
21.976,0.00012007535744413078,0.00011832387317707444
21.978,0.00012055040663092647,0.00011831626355390343
21.98,0.00012102795864587543,0.00011830866086192998
21.982,0.00012150786755679377,0.00011830106509484082
21.984,0.00012198998606278764,0.00011829347624632847
21.986,0.0001224741655620878,0.00011828589431009115
21.988,0.00012296025621598788,0.00011827831927983285
21.99,0.00012344810700623229,0.00011827075114926328
21.992,0.0001239375657842657,0.00011826318991209788
21.994,0.0001244284793124114,0.00011825563556205782
21.996,0.00012492069329879933,0.00011824808809286999
21.998,0.00012541405242925797,0.000118240547498267
22.0,0.0001259084004006725,0.00011823301377198714
22.002,0.00012640357996018996,0.00011822548690777444
22.004,0.00012689943295408765,0.00011821796689937859
22.006,0.00012739580038867505,0.00011821045374055502
22.008,0.00012789252250336105,0.00011820294742506481
22.01,0.00012838943885436777,0.00011819544794667472
22.012,0.00012888638840536835,0.00011818795529915723
22.014,0.00012938320962060633,0.00011818046947629044
22.016,0.00012987974055558241,0.00011817299047185816
22.018,0.0001303758189410358,0.00011816551827964983
22.02,0.00013087128225716432,0.00011815805289346058
22.022,0.0001313659677965596,0.00011815059430709115
22.024,0.00013185971271605855,0.00011814314251434796
22.026,0.0001323523540791721,0.00011813569750904306
22.028,0.0001328437288917374,0.00011812825928499413
22.03,0.00013333367413407096,0.0001181208278360245
22.032,0.00013382202679298636,0.00011811340315596311
22.034,0.00013430862389677076,0.00011810598523864452
22.036,0.00013479330255581603,0.0001180985740779089
22.038,0.00013527590001070693,0.00011809116966760206
22.04,0.00013575625368906195,0.00011808377200157539
22.042,0.00013623420127154318,0.00011807638107368588
22.044,0.00013670958076659326,0.00011806899687779614
22.046,0.00013718223059268564,0.00011806161940777433
22.048,0.00013765198966598932,0.00011805424865749423
22.05,0.00013811869749067086,0.00011804688462083519
22.052,0.00013858219424842086,0.00011803952729168213
22.054,0.00013904232088366114,0.00011803217666392554
22.056,0.00013949891918102017,0.00011802483273146148
22.058,0.00013995183183242152,0.00011801749548819157
22.06,0.00014040090249210416,0.00011801016492802297
22.062,0.0001408459758196233,0.00011800284104486842
22.064,0.0001412868975121834,0.00011799552383264618
22.066,0.0001417235143294122,0.00011798821328528003
22.068,0.00014215567411457193,0.00011798090939669935
22.07,0.00014258322581693563,0.00011797361216083898
22.072,0.0001430060195197396,0.00011796632157163933
22.074,0.00014342390647747034,0.00011795903762304631
22.076,0.00014383673916468448,0.00011795176030901134
22.078,0.00014424437133706854,0.00011794448962349136
22.08,0.00014464665810346662,0.00011793722556044882
22.082,0.00014504345600635613,0.00011792996811385166
22.084,0.00014543462310688562,0.0001179227172776733
22.086,0.00014582001907040163,0.00011791547304589268
22.088,0.00014619950524814878,0.0001179082354124942
22.09,0.00014657294475183393,0.00011790100437146774
22.092,0.00014694020251840707,0.00011789377991680868
22.094,0.00014730114536391927,0.00011788656204251785
22.096,0.00014765564202634974,0.00011787935074260152
22.098,0.00014800356319864767,0.00011787214601107148
22.1,0.00014834478155390207,0.00011786494784194491
22.102,0.00014867917176549395,0.00011785775622924449
22.104,0.00014900661052522454,0.0001178505711669983
22.106,0.00014932697656251914,0.00011784339264923991
22.108,0.00014964015066762815,0.00011783622067000828
22.11,0.00014994601572107947,0.00011782905522334783
22.112,0.00015024445673089346,0.00011782189630330837
22.114,0.00015053536087810933,0.00011781474390394517
22.116,0.00015081861756989338,0.00011780759801931888
22.118,0.00015109411849853477,0.0001178004586434956
22.12,0.0001513617577036825,0.00011779332577054677
22.122,0.0001516214316345271,0.0001177861993945493
22.124,0.0001518730392085908,0.00011777907950958548
22.126,0.000152116481864164,0.00011777196610974294
22.128,0.00015235166360433677,0.00011776485918911476
22.13,0.00015257849103189229,0.00011775775874179935
22.132,0.0001527968733755715,0.00011775066476190052
22.134,0.00015300672250963002,0.00011774357724352746
22.136,0.0001532079529693712,0.0001177364961807947
22.138,0.0001534004819657345,0.00011772942156782215
22.14,0.0001535842294016605,0.00011772235339873508
22.142,0.00015375911789226415,0.00011771529166766407
22.144,0.00015392507278948864,0.0001177082363687451
22.146,0.00015408202221102782,0.00011770118749611946
22.148,0.0001542298970720451,0.0001176941450439338
22.15,0.00015436863111785922,0.00011768710900634006
22.152,0.00015449816095575752,0.00011768007937749554
22.154,0.00015461842608437268,0.00011767305615156287
22.156,0.0001547293689201094,0.00011766603932270997
22.158,0.0001548309348206076,0.00011765902888511008
22.16,0.00015492307210601707,0.00011765202483294175
22.162,0.00015500573207900085,0.00011764502716038884
22.164,0.000155078869044229,0.0001176380358616405
22.166,0.00015514244032748003,0.00011763105093089116
22.168,0.00015519640629393127,0.00011762407236234058
22.17,0.00015524073036455146,0.00011761710015019374
22.172,0.0001552753790292871,0.00011761013428866095
22.174,0.00015530032185598968,0.00011760317477195778
22.176,0.00015531553149457096,0.00011759622159430506
22.178,0.000155320983676868,0.00011758927474992888
22.18,0.00015531665721356318,0.00011758233423306061
22.182,0.0001553025339901546,0.00011757540003793686
22.184,0.00015527859896417924,0.0001175684721587995
22.186,0.00015524484016550758,0.00011756155058989562
22.188,0.00015520124870067151,0.00011755463532547758
22.19,0.0001551478187610411,0.00011754772635980296
22.192,0.0001550845476335314,0.00011754082368713456
22.194,0.00015501143571175252,0.00011753392730174043
22.196,0.00015492848650511604,0.00011752703719789383
22.198,0.0001548357066438056,0.00011752015336987322
22.2,0.00015473310587838256,0.00011751327581196231
22.202,0.0001546206970738194,0.00011750640451844998
22.204,0.00015449849619911653,0.00011749953948363033
22.206,0.00015436652231437826,0.00011749268070180266
22.208,0.0001542247975576733,0.00011748582816727143
22.21,0.00015407334713369187,0.00011747898187434634
22.212,0.00015391219930552437,0.00011747214181734223
22.214,0.00015374138538952267,0.00011746530799057914
22.216,0.0001535609397520422,0.00011745848038838227
22.218,0.00015337089980583298,0.000117451659005082
22.22,0.00015317130600320117,0.00011744484383501388
22.222,0.00015296220182336263,0.00011743803487251859
22.224,0.00015274363375188747,0.000117431232111942
22.226,0.0001525156512517847,0.00011742443554763513
22.228,0.00015227830672726096,0.0001174176451739541
22.23,0.00015203165548246717,0.00011741086098526022
22.232,0.0001517757556790828,0.00011740408297591991
22.234,0.00015151066829660378,0.00011739731114030472
22.236,0.00015123645709894703,0.00011739054547279137
22.238,0.00015095318860959772,0.00011738378596776162
22.24,0.0001506609320957941,0.00011737703261960241
22.242,0.00015035975955992104,0.0001173702854227058
22.244,0.00015004974573473799,0.0001173635443714689
22.246,0.00014973096807753336,0.00011735680946029399
22.248,0.0001494035067583077,0.0001173500806835884
22.25,0.00014906744463780727,0.00011734335803576457
22.252,0.0001487228672330904,0.00011733664151124005
22.254,0.00014836986267061398,0.00011732993110443742
22.256,0.00014800852162925448,0.0001173232268097844
22.258,0.00014763893727764196,0.00011731652862171376
22.26,0.00014726120521115857,0.00011730983653466333
22.262,0.0001468754233938041,0.00011730315054307602
22.264,0.00014648169210882043,0.00011729647064139982
22.266,0.00014608011391990217,0.00011728979682408773
22.268,0.00014567079364238963,0.00011728312908559784
22.27,0.00014525383832164992,0.00011727646742039328
22.272,0.00014482935721443053,0.00011726981182294221
22.274,0.00014439746176852424,0.00011726316228771784
22.276,0.00014395826559667353,0.00011725651880919843
22.278,0.00014351188444207646,0.00011724988138186725
22.28,0.00014305843613460754,0.00011724325000021258
22.282,0.00014259804053869053,0.00011723662465872774
22.284,0.00014213081949491788,0.00011723000535191107
22.286,0.00014165689675815324,0.00011722339207426592
22.288,0.00014117639793452687,0.00011721678482030062
22.29,0.00014068945041920188,0.00011721018358452856
22.292,0.0001401961833355293,0.00011720358836146805
22.294,0.00013969672747557956,0.00011719699914564246
22.296,0.00013919121524131911,0.00011719041593158012
22.298,0.00013867978058568347,0.00011718383871381433
22.3,0.00013816255895319655,0.0001171772674868834
22.302,0.0001376396872204546,0.00011717070224533059
22.304,0.0001371113036372331,0.00011716414298370415
22.306,0.0001365775477695263,0.00011715758969655727
22.308,0.00013603856044573542,0.00011715104237844814
22.31,0.00013549448370658417,0.00011714450102393987
22.312,0.00013494546075886704,0.00011713796562760053
22.314,0.0001343916359317779,0.00011713143618400316
22.316,0.00013383315463409446,0.00011712491268772571
22.318,0.00013327016330977,0.0001171183951333511
22.32,0.00013270280938949323,0.00011711188351546715
22.322,0.00013213124123620377,0.00011710537782866665
22.324,0.00013155560808334854,0.00011709887806754728
22.326,0.00013097605996577991,0.00011709238422671167
22.328,0.00013039274764428208,0.00011708589630076734
22.33,0.00012980582252566835,0.00011707941428432673
22.332,0.00012921543658120198,0.0001170729381720072
22.334,0.00012862174226625783,0.00011706646795843099
22.336,0.00012802489244415102,0.00011706000363822527
22.338,0.00012742504031652168,0.00011705354520602206
22.34,0.00012682233936181682,0.0001170470926564583
22.342,0.0001262169432824762,0.00011704064598417584
22.344,0.0001256090059601559,0.00011703420518382134
22.346,0.00012499868141742888,0.00011702777025004639
22.348,0.0001243861237832666,0.00011702134117750745
22.35,0.00012377148725940693,0.00011701491796086582
22.352,0.00012315492608414009,0.00011700850059478768
22.354,0.00012253659449069844,0.00011700208907394408
22.356,0.00012191664665781271,0.00011699568339301088
22.358,0.00012129523665125078,0.00011698928354666884
22.36,0.00012067251835611064,0.00011698288952960354
22.362,0.00012004864540080977,0.0001169765013365054
22.364,0.00011942377107480347,0.00011697011896206969
22.366,0.00011879804824262014,0.0001169637424009965
22.368,0.00011817162925723457,0.00011695737164799074
22.37,0.00011754466587586867,0.00011695100669776216
22.372,0.00011691730918107654,0.00011694464754502533
22.374,0.00011628970950951131,0.00011693829418449961
22.376,0.00011566201639026614,0.00011693194661090919
22.378,0.00011503437849374143,0.00011692560481898307
22.38,0.00011440694359124364,0.00011691926880345504
22.382,0.00011377985852444809,0.00011691293855906367
22.384,0.00011315326918252908,0.00011690661408055237
22.386,0.00011252732048399281,0.00011690029536266928
22.388,0.000111902156358967,0.00011689398240016738
22.39,0.0001112779197275102,0.00011688767518780438
22.392,0.0001106547524695118,0.00011688137372034281
22.394,0.00011003279538264979,0.00011687507799254993
22.396,0.00010941218812646463,0.00011686878799919779
22.398,0.00010879306915294674,0.00011686250373506319
22.4,0.0001081755756260759,0.0001168562251949277
22.402,0.00010755984333531561,0.00011684995237357763
22.404,0.00010694600660914359,0.00011684368526580405
22.406,0.00010633419823544626,0.00011683742386640277
22.408,0.00010572454939473372,0.00011683116817017434
22.41,0.00010511718961037864,0.00011682491817192404
22.412,0.00010451224671737913,0.00011681867386646188
22.414,0.00010390984684828693,0.00011681243524860261
22.416,0.00010331011443218961,0.00011680620231316572
22.418,0.00010271317220057139,0.00011679997505497538
22.42,0.00010211914119326201,0.00011679375346886048
22.422,0.00010152814075779337,0.00011678753754965464
22.424,0.00010094028853722072,0.00011678132729219619
22.426,0.00010035570044362817,0.00011677512269132812
22.428,9.977449061735724e-05,0.00011676892374189816
22.43,9.919677137428261e-05,0.00011676273043875873
22.432,9.862265314548378e-05,0.00011675654277676691
22.434,9.80522444145195e-05,0.00011675036075078449
22.436,9.748565165757552e-05,0.00011674418435567792
22.438,9.692297929087692e-05,0.00011673801358631834
22.44,9.63643296282343e-05,0.00011673184843758157
22.442,9.580980285009709e-05,0.00011672568890434808
22.444,9.525949698368494e-05,0.00011671953498150302
22.446,9.47135078926927e-05,0.00011671338666393617
22.448,9.417192927424392e-05,0.000116707243946542
22.45,9.363485266053414e-05,0.00011670110682421959
22.452,9.3102367422613e-05,0.0001166949752918727
22.454,9.257456077424603e-05,0.00011668884934440972
22.456,9.205151777387621e-05,0.0001166827289767437
22.458,9.153332132350768e-05,0.00011667661418379228
22.46,9.102005216333854e-05,0.00011667050496047775
22.462,9.051178886160741e-05,0.00011666440130172703
22.464,9.000860779964111e-05,0.00011665830320247167
22.466,8.951058315263805e-05,0.00011665221065764781
22.468,8.90177868677174e-05,0.00011664612366219623
22.47,8.853028864128215e-05,0.00011664004221106228
22.472,8.804815589848858e-05,0.00011663396629919595
22.474,8.757145377772317e-05,0.00011662789592155184
22.476,8.710024512261234e-05,0.0001166218310730891
22.478,8.663459048321729e-05,0.00011661577174877149
22.48,8.617454812660448e-05,0.00011660971794356738
22.482,8.572017405557197e-05,0.0001166036696524497
22.484,8.527152203270271e-05,0.00011659762687039596
22.486,8.482864360598254e-05,0.00011659158959238825
22.488,8.439158813190804e-05,0.00011658555781341324
22.49,8.3960402792482e-05,0.00011657953152846215
22.492,8.353513260380717e-05,0.00011657351073253077
22.494,8.311582041561441e-05,0.00011656749542061943
22.496,8.27025069032586e-05,0.00011656148558773304
22.498,8.229523055514137e-05,0.00011655548122888106
22.5,8.1894027659855e-05,0.00011654948233907748
22.502,8.149893229764335e-05,0.00011654348891334083
22.504,8.11099763401811e-05,0.00011653750094669419
22.506,8.07271894614058e-05,0.00011653151843416517
22.508,8.035059916020367e-05,0.00011652554137078591
22.51,7.998023079380623e-05,0.00011651956975159307
22.512,7.961610761890919e-05,0.00011651360357162783
22.514,7.925825083629999e-05,0.00011650764282593589
22.516,7.89066796343664e-05,0.00011650168750956745
22.518,7.85614112274284e-05,0.00011649573761757725
22.52,7.822246088582642e-05,0.0001164897931450245
22.522,7.788984195677208e-05,0.00011648385408697293
22.524,7.756356587662387e-05,0.00011647792043849077
22.526,7.724364217706245e-05,0.00011647199219465072
22.528,7.693007848864021e-05,0.00011646606935052999
22.53,7.66228805456158e-05,0.00011646015190121026
22.532,7.632205219537907e-05,0.0001164542398417777
22.534,7.602759541483886e-05,0.00011644833316732295
22.536,7.573951033462497e-05,0.00011644243187294112
22.538,7.545779527051667e-05,0.00011643653595373179
22.54,7.518244676057511e-05,0.000116430645404799
22.542,7.491345960563811e-05,0.00011642476022125127
22.544,7.465082691116923e-05,0.00011641888039820155
22.546,7.439454012862003e-05,0.00011641300593076724
22.548,7.414458909546197e-05,0.0001164071368140702
22.55,7.390096207349096e-05,0.00011640127304323674
22.552,7.366364578574046e-05,0.0001163954146133976
22.554,7.343262545217269e-05,0.00011638956151968794
22.556,7.320788482429919e-05,0.00011638371375724737
22.558,7.29894062184722e-05,0.00011637787132121994
22.56,7.277717054706105e-05,0.00011637203420675409
22.562,7.257115734684286e-05,0.0001163662024090027
22.564,7.237134480391279e-05,0.00011636037592312305
22.566,7.217770977514133e-05,0.00011635455474427686
22.568,7.199022780688769e-05,0.00011634873886763022
22.57,7.180887315259263e-05,0.00011634292828835366
22.572,7.163361879137077e-05,0.00011633712300162207
22.574,7.146443645011106e-05,0.00011633132300261476
22.576,7.130129663108708e-05,0.00011632552828651543
22.578,7.114416864659886e-05,0.00011631973884851215
22.58,7.09930206608108e-05,0.00011631395468379741
22.582,7.08478197379966e-05,0.00011630817578756804
22.584,7.070853189507448e-05,0.00011630240215502526
22.586,7.057512215578037e-05,0.00011629663378137466
22.588,7.044755460327841e-05,0.00011629087066182619
22.59,7.03257924284767e-05,0.00011628511279159418
22.592,7.020979797163173e-05,0.00011627936016589731
22.594,7.009953275624441e-05,0.00011627361277995861
22.596,6.99949575150629e-05,0.00011626787062900547
22.598,6.989603220938579e-05,0.00011626213370826961
22.6,6.980271604381752e-05,0.00011625640201298713
22.602,6.971496747926022e-05,0.00011625067553839842
22.604,6.963274424710753e-05,0.00011624495427974825
22.606,6.955600336745464e-05,0.00011623923823228567
22.608,6.948470117338272e-05,0.00011623352739126412
22.61,6.941879334234499e-05,0.00011622782175194132
22.612,6.935823493451619e-05,0.00011622212130957934
22.614,6.930298043670949e-05,0.00011621642605944452
22.616,6.925298380961202e-05,0.00011621073599680755
22.618,6.920819853541134e-05,0.00011620505111694342
22.62,6.916857766288913e-05,0.0001161993714151314
22.622,6.913407384747484e-05,0.0001161936968866551
22.624,6.910463938466705e-05,0.0001161880275268024
22.626,6.908022623626407e-05,0.0001161823633308655
22.628,6.9060786050038e-05,0.00011617670429414082
22.63,6.904627017444545e-05,0.00011617105041192916
22.632,6.90366296704644e-05,0.00011616540167953551
22.634,6.903181532282654e-05,0.0001161597580922692
22.636,6.903177765262954e-05,0.00011615411964544381
22.638,6.903646693265435e-05,0.00011614848633437718
22.64,6.904583320605627e-05,0.00011614285815439142
22.642,6.905982630821901e-05,0.00011613723510081291
22.644,6.907839589134628e-05,0.00011613161716897228
22.646,6.910149145078887e-05,0.00011612600435420441
22.648,6.912906235239081e-05,0.00011612039665184843
22.65,6.916105786025842e-05,0.00011611479405724774
22.652,6.9197427164672e-05,0.00011610919656574993
22.654,6.9238119410059e-05,0.00011610360417270688
22.656,6.928308372306934e-05,0.00011609801687347466
22.658,6.933226924060958e-05,0.0001160924346634136
22.66,6.938562513744595e-05,0.00011608685753788826
22.662,6.944310065255558e-05,0.0001160812854922674
22.664,6.950464511311819e-05,0.00011607571852192401
22.666,6.957020795494992e-05,0.00011607015662223529
22.668,6.963973873819346e-05,0.00011606459978858264
22.67,6.971318715766995e-05,0.0001160590480163517
22.672,6.979050304787383e-05,0.00011605350130093228
22.674,6.987163638348291e-05,0.0001160479596377184
22.676,6.99565372770116e-05,0.0001160424230221083
22.678,7.004515597583847e-05,0.00011603689144950434
22.68,7.013744286109053e-05,0.00011603136491531316
22.682,7.02333484506713e-05,0.00011602584341494552
22.684,7.033282340817264e-05,0.0001160203269438164
22.686,7.04358185584332e-05,0.00011601481549734491
22.688,7.054228490958237e-05,0.00011600930907095437
22.69,7.065217368029516e-05,0.00011600380766007227
22.692,7.076543633020368e-05,0.00011599831126013023
22.694,7.088202459106259e-05,0.00011599281986656407
22.696,7.100189049597468e-05,0.00011598733347481375
22.698,7.112498640456131e-05,0.00011598185208032337
22.7,7.125126502224136e-05,0.00011597637567854122
22.702,7.138067941267251e-05,0.00011597090426491969
22.704,7.151318300290217e-05,0.00011596543783491533
22.706,7.16487295815866e-05,0.00011595997638398884
22.708,7.1787273290864e-05,0.00011595451990760504
22.71,7.192876861307894e-05,0.00011594906840123289
22.712,7.207317035366367e-05,0.00011594362186034547
22.714,7.222043362195126e-05,0.00011593818028041999
22.716,7.237051381182265e-05,0.00011593274365693776
22.718,7.25233665845059e-05,0.00011592731198538424
22.72,7.267894785581287e-05,0.00011592188526124898
22.722,7.283721379011818e-05,0.00011591646348002565
22.724,7.299812080289427e-05,0.00011591104663721199
22.726,7.316162557274856e-05,0.00011590563472830989
22.728,7.332768506295149e-05,0.00011590022774882532
22.73,7.349625655100978e-05,0.00011589482569426831
22.732,7.366729766357768e-05,0.00011588942856015304
22.734,7.384076641318458e-05,0.00011588403634199772
22.736,7.401662123250546e-05,0.00011587864903532468
22.738,7.419482100219662e-05,0.00011587326663566031
22.74,7.437532506898413e-05,0.00011586788913853508
22.742,7.455809325177707e-05,0.00011586251653948352
22.744,7.474308583526004e-05,0.00011585714883404425
22.746,7.493026355176922e-05,0.00011585178601775993
22.748,7.511958755364076e-05,0.0001158464280861773
22.75,7.531101937925354e-05,0.00011584107503484714
22.752,7.550452091634703e-05,0.0001158357268593243
22.754,7.57000543664892e-05,0.00011583038355516766
22.756,7.589758221403342e-05,0.00011582504511794016
22.758,7.609706720267668e-05,0.00011581971154320876
22.76,7.6298472321683e-05,0.0001158143828265445
22.762,7.650176080318502e-05,0.00011580905896352241
22.764,7.670689613082464e-05,0.00011580373994972156
22.766,7.69138420590133e-05,0.00011579842578072507
22.768,7.71225626408368e-05,0.00011579311645212006
22.77,7.733302226158552e-05,0.00011578781195949768
22.772,7.754518567402291e-05,0.00011578251229845309
22.774,7.77590180309973e-05,0.00011577721746458547
22.776,7.79744849111936e-05,0.000115771927453498
22.778,7.819155233446339e-05,0.00011576664226079787
22.78,7.841018676469212e-05,0.00011576136188209626
22.782,7.863035509974683e-05,0.00011575608631300837
22.784,7.885202465013131e-05,0.00011575081554915338
22.786,7.907516310952026e-05,0.00011574554958615446
22.788,7.929973852135547e-05,0.00011574028841963876
22.79,7.952571924609616e-05,0.00011573503204523742
22.792,7.975307393311287e-05,0.00011572978045858558
22.794,7.99817715000532e-05,0.0001157245336553223
22.796,8.021178112100189e-05,0.00011571929163109068
22.798,8.04430722231401e-05,0.00011571405438153774
22.8,8.067561449050363e-05,0.00011570882190231449
22.802,8.09093778726051e-05,0.00011570359418907589
22.804,8.114433259570492e-05,0.00011569837123748086
22.806,8.138044917472713e-05,0.00011569315304319227
22.808,8.161769842451401e-05,0.00011568793960187695
22.81,8.185605146963927e-05,0.00011568273090920567
22.812,8.209547975254815e-05,0.00011567752696085315
22.814,8.233595503976036e-05,0.00011567232775249805
22.816,8.257744942608832e-05,0.00011566713327982293
22.818,8.281993533643978e-05,0.00011566194353851434
22.82,8.306338552499271e-05,0.00011565675852426273
22.822,8.330777307154815e-05,0.00011565157823276247
22.824,8.355307137537517e-05,0.00011564640265971187
22.826,8.379925414749836e-05,0.00011564123180081314
22.828,8.40462954029565e-05,0.0001156360656517724
22.83,8.429416945473393e-05,0.00011563090420829971
22.832,8.454285091114672e-05,0.000115625747466109
22.834,8.47923146776967e-05,0.00011562059542091816
22.836,8.504253596336401e-05,0.00011561544806844892
22.838,8.529349029017975e-05,0.00011561030540442693
22.84,8.554515350369003e-05,0.00011560516742458174
22.842,8.579750178156448e-05,0.00011560003412464678
22.844,8.605051163740611e-05,0.00011559490550035939
22.846,8.630415991798762e-05,0.00011558978154746075
22.848,8.655842379345522e-05,0.00011558466226169595
22.85,8.681328074181904e-05,0.00011557954763881395
22.852,8.706870853059815e-05,0.00011557443767456758
22.854,8.732468519961916e-05,0.00011556933236471354
22.856,8.758118904885239e-05,0.0001155642317050124
22.858,8.783819863453713e-05,0.00011555913569122858
22.86,8.809569277496751e-05,0.00011555404431913035
22.862,8.835365056548427e-05,0.00011554895758448986
22.864,8.86120513999828e-05,0.0001155438754830831
22.866,8.88708749950408e-05,0.0001155387980106899
22.868,8.91301014121886e-05,0.00011553372516309394
22.87,8.938971107443438e-05,0.00011552865693608274
22.872,8.96496847747029e-05,0.00011552359332544768
22.874,8.991000367572427e-05,0.00011551853432698392
22.876,9.017064930312163e-05,0.00011551347993649048
22.878,9.043160353475363e-05,0.00011550843014977023
22.88,9.069284859019039e-05,0.00011550338496262983
22.882,9.095436702382421e-05,0.00011549834437087976
22.884,9.121614172380481e-05,0.00011549330837033434
22.886,9.14781559174334e-05,0.00011548827695681168
22.888,9.174039318169067e-05,0.0001154832501261337
22.89,9.200283745637888e-05,0.00011547822787412615
22.892,9.22654730566569e-05,0.00011547321019661856
22.894,9.252828468216717e-05,0.00011546819708944425
22.896,9.279125742096047e-05,0.00011546318854844036
22.898,9.305437674790995e-05,0.00011545818456944781
22.9,9.331762851890663e-05,0.00011545318514831131
22.902,9.358099896309497e-05,0.00011544819028087935
22.904,9.384447467602561e-05,0.00011544319996300419
22.906,9.410804261607336e-05,0.0001154382141905419
22.908,9.437169010575025e-05,0.00011543323295935232
22.91,9.463540483807457e-05,0.00011542825626529903
22.912,9.489917488700231e-05,0.00011542328410424939
22.914,9.516298872011863e-05,0.00011541831647207454
22.916,9.542683521122908e-05,0.00011541335336464936
22.918,9.569070365102078e-05,0.00011540839477785252
22.92,9.595458375455248e-05,0.00011540344070756641
22.922,9.621846566532158e-05,0.00011539849114967717
22.924,9.64823399566133e-05,0.00011539354610007472
22.926,9.674619763137598e-05,0.0001153886055546527
22.928,9.701003012214085e-05,0.00011538366950930848
22.93,9.727382929202366e-05,0.0001153787379599432
22.932,9.753758743757475e-05,0.0001153738109024617
22.934,9.780129729314905e-05,0.00011536888833277256
22.936,9.806495203627788e-05,0.0001153639702467881
22.938,9.832854529285706e-05,0.00011535905664042437
22.94,9.859207114117689e-05,0.0001153541475096011
22.942,9.885552411403332e-05,0.00011534924285024176
22.944,9.911889919867945e-05,0.00011534434265827354
22.946,9.93821918348186e-05,0.00011533944692962734
22.948,9.964539791132528e-05,0.00011533455566023776
22.95,9.990851376243705e-05,0.00011532966884604308
22.952,0.00010017153616422096,0.00011532478648298531
22.954,0.00010043446233182902,0.00011531990856701017
22.956,0.00010069728991783353,0.00011531503509406703
22.958,0.00010096001701177545,0.00011531016606010897
22.96,0.00010122264214095273,0.00011530530146109278
22.962,0.00010148516427250808,0.00011530044129297888
22.964,0.00010174758281693228,0.00011529558555173141
22.966,0.00010200989763319341,0.00011529073423331818
22.968,0.00010227210903547311,0.00011528588733371066
22.97,0.00010253421780126145,0.000115281044848884
22.972,0.00010279622518001975,0.00011527620677481702
22.974,0.00010305813290119737,0.00011527137310749218
22.976,0.00010331994318002921,0.00011526654384289563
22.978,0.00010358165871952257,0.00011526171897701716
22.98,0.00010384328270738074,0.0001152568985058502
22.982,0.00010410481880742814,0.00011525208242539186
22.984,0.00010436627114605434,0.00011524727073164286
22.986,0.00010462764429525572,0.0001152424634206076
22.988,0.00010488894325461717,0.00011523766048829408
22.99,0.00010515017343480435,0.00011523286193071399
22.992,0.00010541134064498174,0.0001152280677438826
22.994,0.00010567245108552824,0.00011522327792381881
22.996,0.00010593351134639144,0.0001152184924665452
22.998,0.00010619452841004663,0.00011521371136808791
23.0,0.0001064555096569234,0.00011520893462447676
23.002,0.00010671646287087257,0.00011520416223174513
23.004,0.0001069773962421109,0.00011519939418593005
23.006,0.00010723831836596112,0.00011519463048307213
23.008,0.0001074992382366902,0.00011518987111921562
23.01,0.00010776016523704909,0.00011518511609040835
23.012,0.00010802110912490777,0.00011518036539270176
23.014,0.00010828208001904302,0.00011517561902215087
23.016,0.00010854308838578366,0.00011517087697481432
23.018,0.00010880414502790941,0.00011516613924675432
23.02,0.00010906526107594287,0.00011516140583403667
23.022,0.00010932644798127938,0.00011515667673273076
23.024,0.00010958771750982966,0.00011515195193890956
23.026,0.00010984908173464799,0.00011514723144864961
23.028,0.00011011055302645379,0.00011514251525803103
23.03,0.00011037214404165044,0.0001151378033631375
23.032,0.00011063386770842586,0.00011513309576005627
23.034,0.00011089573721238683,0.00011512839244487818
23.036,0.00011115776598347578,0.00011512369341369758
23.038,0.00011141996768590463,0.00011511899866261244
23.04,0.00011168235621188771,0.00011511430818772422
23.042,0.00011194494567894547,0.00011510962198513798
23.044,0.0001122077504290721,0.0001151049400509623
23.046,0.00011247078502729957,0.00011510026238130931
23.048,0.00011273406425641937,0.0001150955889722947
23.05,0.00011299760310534753,0.00011509091982003768
23.052,0.00011326141674942166,0.00011508625492066099
23.054,0.0001135255205227251,0.00011508159427029091
23.056,0.00011378992988430727,0.00011507693786505726
23.058,0.00011405466038158769,0.00011507228570109336
23.06,0.00011431972761517655,0.00011506763777453607
23.062,0.00011458514720913776,0.00011506299408152576
23.064,0.0001148509347897251,0.00011505835461820632
23.066,0.00011511710597397699,0.00011505371938072515
23.068,0.00011538367636732927,0.00011504908836523317
23.07,0.00011565066156775059,0.00011504446156788479
23.072,0.00011591807717244275,0.00011503983898483792
23.074,0.00011618593878276755,0.000115035220612254
23.076,0.00011645426200356974,0.00011503060644629793
23.078,0.00011672306243422722,0.00011502599648313812
23.08,0.00011699235565068855,0.00011502139071894646
23.082,0.00011726215717921874,0.00011501678914989835
23.084,0.00011753248246433741,0.00011501219177217266
23.086,0.00011780334683408322,0.00011500759858195172
23.088,0.00011807476546609145,0.00011500300957542138
23.09,0.00011834675335733154,0.00011499842474877093
23.092,0.00011861932529957315,0.00011499384409819313
23.094,0.00011889249586129534,0.00011498926761988424
23.096,0.00011916627937576168,0.00011498469531004395
23.098,0.0001194406899337637,0.00011498012716487543
23.1,0.00011971574137903809,0.00011497556318058531
23.102,0.0001199914473039882,0.00011497100335338366
23.104,0.00012026782104329621,0.00011496644767948402
23.106,0.00012054487566362107,0.00011496189615510336
23.108,0.00012082262394779579,0.00011495734877646212
23.11,0.00012110107837323759,0.00011495280553978415
23.112,0.00012138025108468208,0.00011494826644129676
23.114,0.00012166015386259021,0.0001149437314772307
23.116,0.00012194079808907709,0.00011493920064382015
23.118,0.0001222221947138142,0.00011493467393730273
23.12,0.0001225043542224465,0.00011493015135391945
23.122,0.0001227872866097668,0.00011492563288991478
23.124,0.00012307100135930345,0.00011492111854153659
23.126,0.0001233555074299613,0.0001149166083050362
23.128,0.00012364081324936567,0.00011491210217666829
23.13,0.00012392692671252113,0.000114907600152691
23.132,0.0001242138551835402,0.00011490310222936586
23.134,0.00012450160549788778,0.00011489860840295781
23.136,0.00012479018396246462,0.00011489411866973517
23.138,0.00012507959635136117,0.0001148896330259697
23.14,0.00012536984789572576,0.00011488515146793652
23.142,0.00012566094326718375,0.00011488067399191416
23.144,0.00012595288655516373,0.00011487620059418452
23.146,0.00012624568123941978,0.00011487173127103292
23.148,0.0001265393301596407,0.00011486726601874804
23.15,0.00012683383548439835,0.00011486280483362195
23.152,0.00012712919868194098,0.00011485834771195008
23.154,0.00012742542049476194,0.00011485389465003127
23.156,0.00012772250091959726,0.0001148494456441677
23.158,0.0001280204391934852,0.00011484500069066491
23.16,0.00012831923378575942,0.00011484055978583183
23.162,0.0001286188823948402,0.00011483612292598075
23.164,0.00012891938194811503,0.00011483169010742732
23.166,0.00012922072860265687,0.00011482726132649053
23.168,0.00012952291774472882,0.00011482283657949274
23.17,0.00012982594398628692,0.00011481841586275963
23.172,0.00013012980115759002,0.00011481399917262027
23.174,0.0001304344822958291,0.00011480958650540703
23.176,0.00013073997963070294,0.00011480517785745566
23.178,0.00013104628456835353,0.00011480077322510523
23.18,0.0001313533876755565,0.00011479637260469813
23.182,0.0001316612786656138,0.00011479197599258011
23.184,0.00013196994638713918,0.00011478758338510023
23.186,0.0001322793788160191,0.00011478319477861089
23.188,0.00013258956305007197,0.00011477881016946777
23.19,0.00013290048530550645,0.00011477442955402994
23.192,0.00013321213091378219,0.00011477005292865973
23.194,0.00013352448431780962,0.0001147656802897228
23.196,0.00013383752906644795,0.00011476131163358814
23.198,0.00013415124780714505,0.000114756946956628
23.2,0.00013446562227674712,0.00011475258625521798
23.202,0.0001347806332910937,0.00011474822952573696
23.204,0.0001350962607342677,0.00011474387676456713
23.206,0.0001354124835483514,0.00011473952796809395
23.208,0.0001357292797246916,0.00011473518313270622
23.21,0.0001360466262976444,0.00011473084225479597
23.212,0.0001363644993416902,0.00011472650533075857
23.214,0.00013668287397287652,0.00011472217235699264
23.216,0.00013700172435536116,0.00011471784332990009
23.218,0.00013732102371358753,0.0001147135182458861
23.22,0.000137640744349881,0.00011470919710135914
23.222,0.00013796085766652484,0.00011470487989273093
23.224,0.0001382813341903582,0.00011470056661641649
23.226,0.00013860214359703767,0.00011469625726883407
23.228,0.00013892325473148726,0.0001146919518464052
23.23,0.00013924463562133813,0.0001146876503455547
23.232,0.00013956625348069535,0.00011468335276271056
23.234,0.00013988807470325317,0.00011467905909430412
23.236,0.00014021006484565918,0.00011467476933676992
23.238,0.00014053218860397197,0.00011467048348654573
23.24,0.00014085440978782628,0.00011466620154007262
23.242,0.00014117669129741156,0.00011466192349379488
23.244,0.00014149899510858624,0.00011465764934416001
23.246,0.00014182128226954732,0.00011465337908761877
23.248,0.0001421435129109197,0.00011464911272062516
23.25,0.00014246564626817882,0.00011464485023963638
23.252,0.00014278764071340392,0.00011464059164111289
23.254,0.00014310945379152187,0.00011463633692151837
23.256,0.0001434310422559213,0.00011463208607731969
23.258,0.00014375236209883966,0.00011462783910498698
23.26,0.0001440733685736676,0.00011462359600099356
23.262,0.00014439401620844973,0.00011461935676181595
23.264,0.00014471425881205767,0.00011461512138393392
23.266,0.0001450340494763119,0.00011461088986383041
23.268,0.0001453533405779172,0.00011460666219799158
23.27,0.00014567208378409198,0.0001146024383829068
23.272,0.00014599023006437242,0.0001145982184150686
23.274,0.00014630772970941993,0.00011459400229097274
23.276,0.00014662453235582564,0.00011458979000711816
23.278,0.00014694058701431747,0.000114585581560007
23.28,0.00014725584209802738,0.00011458137694614455
23.282,0.00014757024544765653,0.00011457717616203934
23.284,0.00014788374435113067,0.00011457297920420303
23.286,0.00014819628555696587,0.00011456878606915049
23.288,0.00014850781528204276,0.00011456459675339974
23.29,0.00014881827921588167,0.000114560411253472
23.292,0.00014912762252430276,0.00011455622956589164
23.294,0.00014943578985541613,0.00011455205168718617
23.296,0.00014974272535023408,0.00011454787761388631
23.298,0.00015004837265916615,0.00011454370734252592
23.3,0.00015035267496447057,0.00011453954086964201
23.302,0.00015065557500751645,0.00011453537819177476
23.304,0.00015095701511923498,0.0001145312193054675
23.306,0.00015125693725182168,0.00011452706420726667
23.308,0.00015155528301003687,0.00011452291289372192
23.31,0.00015185199368107036,0.000114518765361386
23.312,0.0001521470102624114,0.0001145146216068148
23.314,0.0001524402734877783,0.00011451048162656738
23.316,0.0001527317238511616,0.00011450634541720588
23.318,0.00015302130162920432,0.00011450221297529563
23.32,0.000153308946901697,0.00011449808429740504
23.322,0.00015359459957002815,0.00011449395938010566
23.324,0.00015387819937330403,0.0001144898382199722
23.326,0.0001541596859023473,0.00011448572081358245
23.328,0.00015443899861217834,0.0001144816071575173
23.33,0.00015471607683454705,0.00011447749724836081
23.332,0.0001549908597923438,0.0001144733910827001
23.334,0.00015526328661819009,0.00011446928865712544
23.336,0.0001555332963788444,0.00011446518996823018
23.338,0.00015580082810629512,0.00011446109501261078
23.34,0.0001560658208348995,0.0001144570037868668
23.342,0.00015632821364252103,0.00011445291628760088
23.344,0.00015658794569223516,0.0001144488325114188
23.346,0.00015684495627077053,0.00011444475245492937
23.348,0.00015709918481997595,0.00011444067611474455
23.35,0.0001573505709587854,0.00011443660348747934
23.352,0.00015759905449514507,0.00011443253456975185
23.354,0.0001578445754292791,0.00011442846935818326
23.356,0.00015808707395182058,0.00011442440784939782
23.358,0.00015832649044147105,0.00011442035004002288
23.36,0.0001585627654672352,0.00011441629592668883
23.362,0.00015879583979932203,0.00011441224550602915
23.364,0.00015902565443136465,0.00011440819877468037
23.366,0.0001592521506139496,0.00011440415572928211
23.368,0.000159475269897544,0.00011440011636647703
23.37,0.00015969495418080077,0.00011439608068291085
23.372,0.0001599111457593711,0.00011439204867523237
23.374,0.0001601237873703582,0.0001143880203400934
23.376,0.00016033282222860525,0.00011438399567414881
23.378,0.00016053819405270826,0.00011437997467405655
23.38,0.0001607398470807467,0.00011437595733647758
23.382,0.00016093772607754108,0.00011437194365807592
23.384,0.0001611317763366003,0.00011436793363551863
23.386,0.0001613219436805754,0.00011436392726547576
23.388,0.00016150817446367326,0.00011435992454462048
23.39,0.00016169041557870999,0.00011435592546962891
23.392,0.00016186861447000395,0.00011435193003718023
23.394,0.0001620427191521391,0.00011434793824395666
23.396,0.00016221267823310557,0.0001143439500866434
23.398,0.0001623784409400141,0.00011433996556192872
23.4,0.00016253995714484503,0.00011433598466650386
23.402,0.00016269717738850303,0.00011433200739706311
23.404,0.0001628500529016104,0.00011432803375030375
23.406,0.00016299853562166863,0.00011432406372292606
23.408,0.00016314257820673365,0.00011432009731163336
23.41,0.00016328213404663528,0.00011431613451313195
23.412,0.00016341715727295528,0.00011431217532413112
23.414,0.00016354760276928395,0.00011430821974134318
23.416,0.00016367342618301415,0.00011430426776148342
23.418,0.00016379458393963624,0.00011430031938127013
23.42,0.0001639110332600755,0.00011429637459742458
23.422,0.00016402273218097787,0.00011429243340667102
23.424,0.00016412963957731518,0.00011428849580573672
23.426,0.00016423171518615705,0.00011428456179135189
23.428,0.000164328919629977,0.00011428063136024974
23.43,0.00016442121443776184,0.00011427670450916645
23.432,0.00016450856206207966,0.00011427278123484117
23.434,0.0001645909258908157,0.00011426886153401603
23.436,0.00016466827025294194,0.00011426494540343611
23.438,0.0001647405604185911,0.00011426103283984947
23.44,0.00016480776259490242,0.00011425712384000714
23.442,0.00016486984391991645,0.00011425321840066308
23.444,0.00016492677245731466,0.00011424931651857422
23.446,0.00016497851719499425,0.00011424541819050046
23.448,0.0001650250480495507,0.00011424152341320463
23.45,0.00016506633587799605,0.00011423763218345252
23.452,0.00016510235249612659,0.00011423374449801286
23.454,0.00016513307070179094,0.00011422986035365733
23.456,0.00016515846430000802,0.00011422597974716054
23.458,0.00016517850812633914,0.00011422210267530006
23.46,0.00016519317806509766,0.00011421822913485636
23.462,0.00016520245106003842,0.00011421435912261287
23.464,0.0001652063051165746,0.00011421049263535595
23.466,0.000165204719295995,0.00011420662966987486
23.468,0.0001651976737040669,0.00011420277022296181
23.47,0.00016518514947672607,0.00011419891429141194
23.472,0.0001651671287662133,0.00011419506187202328
23.474,0.00016514359473020343,0.0001141912129615968
23.476,0.00016511453152557844,0.00011418736755693635
23.478,0.00016507992430716027,0.00011418352565484875
23.48,0.00016503975923068276,0.00011417968725214367
23.482,0.00016499402345838596,0.00011417585234563371
23.484,0.00016494270516575728,0.0001141720209321344
23.486,0.00016488579354802385,0.00011416819300846412
23.488,0.0001648232788259237,0.00011416436857144417
23.49,0.0001647551522511315,0.00011416054761789876
23.492,0.00016468140611209425,0.00011415673014465498
23.494,0.00016460203374147413,0.0001141529161485428
23.496,0.0001645170295257474,0.00011414910562639509
23.498,0.00016442638891691624,0.0001141452985750476
23.5,0.00016433010844498253,0.00011414149499133898
23.502,0.00016422818572921279,0.00011413769487211073
23.504,0.00016412061948524104,0.00011413389821420725
23.506,0.00016400740952549365,0.00011413010501447579
23.508,0.00016388855675094195,0.0001141263152697665
23.51,0.00016376406313365894,0.00011412252897693237
23.512,0.00016363393169129535,0.00011411874613282929
23.514,0.00016349816645650406,0.00011411496673431598
23.516,0.00016335677244538034,0.00011411119077825405
23.518,0.00016320975562983755,0.00011410741826150796
23.52,0.00016305712291831274,0.000114103649180945
23.522,0.00016289888214799782,0.00011409988353343536
23.524,0.00016273504208980192,0.00011409612131585203
23.526,0.0001625656124648172,0.0001140923625250709
23.528,0.00016239060396878714,0.00011408860715797065
23.53,0.00016221002829939872,0.00011408485521143287
23.532,0.0001620238981802537,0.00011408110668234192
23.534,0.00016183222737601303,0.00011407736156758505
23.536,0.00016163503069435502,0.00011407361986405232
23.538,0.00016143232397306082,0.00011406988156863662
23.54,0.0001612241240531182,0.0001140661466782337
23.542,0.0001610104487415319,0.0001140624151897421
23.544,0.00016079131676954573,0.00011405868710006322
23.546,0.0001605667477528029,0.00011405496240610124
23.548,0.00016033676215973774,0.0001140512411047632
23.55,0.00016010138129272803,0.00011404752319295893
23.552,0.00015986062728402502,0.0001140438086676011
23.554,0.0001596145231055259,0.00011404009752560516
23.556,0.00015936309258868546,0.0001140363897638894
23.558,0.00015910636044897444,0.00011403268537937489
23.56,0.00015884435230853567,0.00011402898436898552
23.562,0.00015857709471135375,0.000114025286729648
23.564,0.00015830461512700565,0.0001140215924582918
23.566,0.00015802694194173638,0.00011401790155184922
23.568,0.00015774410443813983,0.00011401421400725534
23.57,0.0001574561327671582,0.00011401052982144803
23.572,0.00015716305791725282,0.00011400684899136794
23.574,0.00015686491168571306,0.00011400317151395853
23.576,0.00015656172665616912,0.00011399949738616602
23.578,0.0001562535361839835,0.00011399582660493944
23.58,0.00015594037438968015,0.00011399215916723057
23.582,0.00015562227615792355,0.00011398849506999399
23.584,0.0001552992771389531,0.00011398483431018703
23.586,0.0001549714137487868,0.00011398117688476982
23.588,0.00015463872316570908,0.00011397752279070523
23.59,0.00015430124332181257,0.00011397387202495892
23.592,0.00015395901289041284,0.0001139702245844993
23.594,0.00015361207127155394,0.00011396658046629753
23.596,0.0001532604585786807,0.00011396293966732757
23.598,0.00015290421562936352,0.00011395930218456609
23.6,0.00015254338394197147,0.00011395566801499254
23.602,0.0001521780057383773,0.00011395203715558911
23.604,0.00015180812395110144,0.00011394840960334075
23.606,0.0001514337822314607,0.00011394478535523514
23.608,0.00015105502495476697,0.00011394116440826273
23.61,0.00015067189721870282,0.00011393754675941669
23.612,0.00015028444483208755,0.00011393393240569293
23.614,0.0001498927142933222,0.0001139303213440901
23.616,0.00014949675275980148,0.00011392671357160959
23.618,0.00014909660801176044,0.0001139231090852555
23.62,0.00014869232841517786,0.00011391950788203468
23.622,0.00014828396288891276,0.0001139159099589567
23.624,0.0001478715608806375,0.00011391231531303386
23.626,0.00014745517235458308,0.00011390872394128117
23.628,0.00014703484779200773,0.00011390513584071636
23.63,0.000146610638203254,0.00011390155100835989
23.632,0.00014618259514802178,0.00011389796944123491
23.634,0.00014575077075948723,0.00011389439113636732
23.636,0.00014531521776709556,0.00011389081609078568
23.638,0.00014487598951358922,0.0001138872443015213
23.64,0.00014443313996277202,0.00011388367576560816
23.642,0.000143986723696395,0.00011388011048008297
23.644,0.00014353679590035752,0.00011387654844198511
23.646,0.0001430834123420614,0.00011387298964835668
23.648,0.00014262662934219966,0.00011386943409624248
23.65,0.00014216650374456122,0.00011386588178268998
23.652,0.00014170309288781668,0.00011386233270474935
23.654,0.00014123645458205932,0.00011385878685947343
23.656,0.00014076664709221378,0.00011385524424391777
23.658,0.0001402937291289272,0.0001138517048551406
23.66,0.00013981775984633682,0.0001138481686902028
23.662,0.0001393387988451565,0.00011384463574616795
23.664,0.0001388569061789034,0.00011384110602010232
23.666,0.00013837214236093423,0.00011383757950907483
23.668,0.00013788456837000672,0.00011383405621015706
23.67,0.0001373942456527649,0.0001138305361204233
23.672,0.0001369012361220569,0.00011382701923695045
23.674,0.00013640560215085303,0.0001138235055568181
23.676,0.00013590740656211058,0.00011381999507710851
23.678,0.00013540671261566802,0.00011381648779490658
23.68,0.00013490358399357265,0.00011381298370729988
23.682,0.0001343980847854773,0.00011380948281137861
23.684,0.00013389027947565487,0.00011380598510423565
23.686,0.00013338023293304536,0.00011380249058296651
23.688,0.00013286801040507328,0.00011379899924466933
23.69,0.00013235367751543285,0.00011379551108644494
23.692,0.00013183730026525447,0.00011379202610539676
23.694,0.00013131894503647592,0.00011378854429863088
23.696,0.00013079867859570432,0.00011378506566325602
23.698,0.00013027656809683132,0.00011378159019638353
23.7,0.00012975268108062735,0.00011377811789512738
23.702,0.000129227085470417,0.0001137746487566042
23.704,0.00012869984956329024,0.00011377118277793319
23.706,0.0001281710420175245,0.00011376771995623624
23.708,0.0001276407318373063,0.00011376426028863783
23.71,0.0001271089883564493,0.00011376080377226505
23.712,0.00012657588122291932,0.00011375735040424763
23.714,0.00012604148038565508,0.00011375390018171788
23.716,0.00012550585608469284,0.00011375045310181078
23.718,0.00012496907884496227,0.00011374700916166385
23.72,0.00012443121947341534,0.00011374356835841727
23.722,0.00012389234905881713,0.0001137401306892138
23.724,0.0001233525389731697,0.0001137366961511988
23.726,0.00012281186087384466,0.00011373326474152025
23.728,0.00012227038670561965,0.00011372983645732872
23.73,0.00012172818870202805,0.00011372641129577736
23.732,0.00012118533938574307,0.00011372298925402193
23.734,0.0001206419115676143,0.00011371957032922077
23.736,0.00012009797834409431,0.00011371615451853482
23.738,0.00011955361309266347,0.00011371274181912758
23.74,0.00011900888946473544,0.00011370933222816518
23.742,0.00011846388137567266,0.00011370592574281629
23.744,0.00011791866299170322,0.00011370252236025218
23.746,0.00011737330871395071,0.0001136991220776467
23.748,0.0001168278931603062,0.00011369572489217623
23.75,0.00011628249114632685,0.00011369233080101979
23.752,0.00011573717766664312,0.00011368893980135893
23.754,0.00011519202787851375,0.00011368555189037775
23.756,0.00011464711708874503,0.00011368216706526296
23.758,0.00011410252074468174,0.0001136787853232038
23.76,0.00011355831442920693,0.00011367540666139207
23.762,0.00011301457385867831,0.00011367203107702216
23.764,0.00011247137488234889,0.00011366865856729099
23.766,0.00011192879348115855,0.00011366528912939803
23.768,0.00011138690576416495,0.0001136619227605453
23.77,0.00011084578796113844,0.00011365855945793738
23.772,0.00011030551641099125,0.0001136551992187814
23.774,0.00010976616754656337,0.00011365184204028702
23.776,0.00010922781787728526,0.00011364848791966646
23.778,0.00010869054397195672,0.00011364513685413444
23.78,0.00010815442244394976,0.00011364178884090826
23.782,0.00010761952994074936,0.00011363844387720775
23.784,0.00010708594313876848,0.00011363510196025524
23.786,0.00010655373874316279,0.00011363176308727562
23.788,0.0001060229934908569,0.00011362842725549629
23.79,0.00010549378415393519,0.0001136250944621472
23.792,0.00010496618753989886,0.00011362176470446078
23.794,0.00010444028048550201,0.00011361843797967203
23.796,0.00010391613984160329,0.00011361511428501845
23.798,0.00010339384244826703,0.00011361179361774004
23.8,0.00010287346510121293,0.00011360847597507934
23.802,0.00010235508451258822,0.00011360516135428137
23.804,0.00010183877727064698,0.00011360184975259369
23.806,0.00010132461980347857,0.00011359854116726635
23.808,0.00010081268835152187,0.0001135952355955519
23.81,0.00010030305895206558,0.00011359193303470541
23.812,9.979580743668966e-05,0.00011358863348198445
23.814,9.929100943983202e-05,0.00011358533693464908
23.816,9.878874041433945e-05,0.00011358204338996183
23.818,9.828907564797112e-05,0.00011357875284518778
23.82,9.779209027456171e-05,0.00011357546529759445
23.822,9.729785927422966e-05,0.00011357218074445188
23.824,9.680645745929452e-05,0.00011356889918303258
23.826,9.63179594452963e-05,0.00011356562061061155
23.828,9.583243960970908e-05,0.00011356234502446628
23.83,9.534997204326166e-05,0.00011355907242187671
23.832,9.487063050033771e-05,0.0001135558028001253
23.834,9.439448835474738e-05,0.00011355253615649697
23.836,9.392161856578869e-05,0.00011354927248827909
23.838,9.345209365695255e-05,0.00011354601179276151
23.84,9.2985985706779e-05,0.00011354275406723658
23.842,9.252336634859424e-05,0.00011353949930899908
23.844,9.206430677432565e-05,0.00011353624751534626
23.846,9.160887773682611e-05,0.00011353299868357786
23.848,9.115714954629879e-05,0.00011352975281099605
23.85,9.070919205821814e-05,0.00011352650989490546
23.852,9.026507465251932e-05,0.00011352326993261319
23.854,8.982486620634137e-05,0.00011352003292142876
23.856,8.938863506389576e-05,0.0001135167988586642
23.858,8.895644900770175e-05,0.00011351356774163392
23.86,8.852837523462057e-05,0.00011351033956765483
23.862,8.81044803383308e-05,0.00011350711433404625
23.864,8.768483029793376e-05,0.00011350389203812997
23.866,8.726949047015091e-05,0.00011350067267723018
23.868,8.685852558143044e-05,0.00011349745624867355
23.87,8.645199971580037e-05,0.00011349424274978916
23.872,8.604997629526883e-05,0.00011349103217790853
23.874,8.565251805113823e-05,0.00011348782453036561
23.876,8.52596869870432e-05,0.00011348461980449678
23.878,8.487154433638633e-05,0.00011348141799764083
23.88,8.44881505186162e-05,0.00011347821910713901
23.882,8.41095650992407e-05,0.00011347502313033495
23.884,8.373584675794583e-05,0.00011347183006457472
23.886,8.336705326779861e-05,0.00011346863990720682
23.888,8.300324148616378e-05,0.00011346545265558214
23.89,8.264446735593927e-05,0.00011346226830705399
23.892,8.22907859136361e-05,0.00011345908685897811
23.894,8.194225129971404e-05,0.00011345590830871263
23.896,8.159891676643414e-05,0.00011345273265361808
23.898,8.1260834679108e-05,0.00011344955989105742
23.9,8.092805650804994e-05,0.00011344639001839598
23.902,8.060063281047594e-05,0.00011344322303300151
23.904,8.027861320290682e-05,0.00011344005893224416
23.906,7.996204632649373e-05,0.00011343689771349646
23.908,7.965097980792342e-05,0.00011343373937413335
23.91,7.934546021906034e-05,0.00011343058391153215
23.912,7.904553303783327e-05,0.00011342743132307258
23.914,7.875124261242062e-05,0.00011342428160613671
23.916,7.846263212980606e-05,0.00011342113475810906
23.918,7.817974358933381e-05,0.00011341799077637647
23.92,7.790261778137105e-05,0.0001134148496583282
23.922,7.763129427114982e-05,0.00011341171140135586
23.924,7.736581138770487e-05,0.00011340857600285347
23.926,7.710620621799353e-05,0.00011340544346021738
23.928,7.685251460598294e-05,0.00011340231377084634
23.93,7.660477115645038e-05,0.00011339918693214147
23.932,7.6363009242552e-05,0.00011339606294150625
23.934,7.612726101573889e-05,0.00011339294179634653
23.936,7.589755741612851e-05,0.00011338982349407052
23.938,7.567392818080784e-05,0.00011338670803208878
23.94,7.545640184775695e-05,0.00011338359540781425
23.942,7.524500575303057e-05,0.0001133804856186622
23.944,7.503976601966766e-05,0.00011337737866205028
23.946,7.484070753760856e-05,0.00011337427453539847
23.948,7.46478539349374e-05,0.00011337117323612913
23.95,7.446122754221717e-05,0.00011336807476166694
23.952,7.428084935228825e-05,0.00011336497910943892
23.954,7.41067389790619e-05,0.00011336188627687447
23.956,7.393891461906046e-05,0.00011335879626140529
23.958,7.37773930193004e-05,0.00011335570906046545
23.96,7.362218945484642e-05,0.00011335262467149135
23.962,7.347331771794735e-05,0.00011334954309192172
23.964,7.333079011965071e-05,0.00011334646431919763
23.966,7.31946175031512e-05,0.00011334338835076245
23.968,7.306480926662479e-05,0.00011334031518406192
23.97,7.294137339215245e-05,0.0001133372448165441
23.972,7.282431647665428e-05,0.00011333417724565935
23.974,7.271364376046722e-05,0.00011333111246886037
23.976,7.260935914980065e-05,0.00011332805048360219
23.978,7.251146523016278e-05,0.00011332499128734212
23.98,7.241996326932211e-05,0.00011332193487753982
23.982,7.233485320978469e-05,0.00011331888125165727
23.984,7.225613365224108e-05,0.00011331583040715875
23.986,7.218380183251386e-05,0.00011331278234151082
23.988,7.211785359525611e-05,0.00011330973705218238
23.99,7.205828336777173e-05,0.00011330669453664464
23.992,7.200508413716915e-05,0.0001133036547923711
23.994,7.195824743325195e-05,0.00011330061781683757
23.996,7.191776331883225e-05,0.00011329758360752214
23.998,7.188362038811835e-05,0.00011329455216190523
24.0,7.185580577295103e-05,0.00011329152347746953
24.002,7.183430515590389e-05,0.0001132884975517
24.004,7.181910278873762e-05,0.00011328547438208395
24.006,7.18101815144192e-05,0.00011328245396611094
24.008,7.180752279083663e-05,0.00011327943630127282
24.01,7.181110671454311e-05,0.00011327642138506373
24.012,7.18209120431919e-05,0.00011327340921498008
24.014,7.183691621575972e-05,0.0001132703997885206
24.016,7.185909537009616e-05,0.00011326739310318624
24.018,7.188742435775652e-05,0.00011326438915648028
24.02,7.192187675633376e-05,0.00011326138794590824
24.022,7.196242487963236e-05,0.00011325838946897792
24.024,7.200903978595271e-05,0.0001132553937231994
24.026,7.206169128468566e-05,0.000113252400706085
24.028,7.212034794109226e-05,0.00011324941041514936
24.03,7.218497707922678e-05,0.00011324642284790932
24.032,7.225554478288812e-05,0.00011324343800188403
24.034,7.233201589466156e-05,0.00011324045587459488
24.036,7.241435401366894e-05,0.0001132374764635655
24.038,7.250252149295408e-05,0.00011323449976632181
24.04,7.259647943792638e-05,0.00011323152578039198
24.042,7.269618770760908e-05,0.0001132285545033064
24.044,7.280160492033288e-05,0.00011322558593259773
24.046,7.291268846535033e-05,0.00011322262006580088
24.048,7.302939452117706e-05,0.00011321965690045301
24.05,7.315167808070533e-05,0.0001132166964340935
24.052,7.327949298245428e-05,0.000113213738664264
24.054,7.341279194633159e-05,0.00011321078358850837
24.056,7.355152661209754e-05,0.00011320783120437273
24.058,7.369564757809074e-05,0.00011320488150940545
24.06,7.384510443813766e-05,0.00011320193450115708
24.062,7.399984581449594e-05,0.00011319899017718045
24.064,7.415981938532286e-05,0.00011319604853503059
24.066,7.432497190558749e-05,0.00011319310957226477
24.068,7.44952492210138e-05,0.00011319017328644248
24.07,7.467059627530353e-05,0.00011318723967512545
24.072,7.485095711162179e-05,0.00011318430873587761
24.074,7.503627487012794e-05,0.0001131813804662651
24.076,7.522649178388262e-05,0.00011317845486385632
24.078,7.542154917600892e-05,0.00011317553192622183
24.08,7.562138746117968e-05,0.00011317261165093444
24.082,7.582594615408288e-05,0.00011316969403556917
24.084,7.603516388688373e-05,0.00011316677907770324
24.086,7.624897843625002e-05,0.00011316386677491606
24.088,7.646732675923807e-05,0.00011316095712478926
24.09,7.669014503537245e-05,0.0001131580501249067
24.092,7.691736871132273e-05,0.0001131551457728544
24.094,7.714893254360518e-05,0.00011315224406622058
24.096,7.738477063504135e-05,0.00011314934500259569
24.098,7.76248164616054e-05,0.00011314644857957235
24.1,7.786900288809623e-05,0.00011314355479474537
24.102,7.811726217311465e-05,0.00011314066364571177
24.104,7.836952596618737e-05,0.00011313777513007074
24.106,7.862572530127068e-05,0.00011313488924542365
24.108,7.888579059201849e-05,0.00011313200598937409
24.11,7.914965163382487e-05,0.0001131291253595278
24.112,7.941723761644578e-05,0.00011312624735349274
24.114,7.968847714903912e-05,0.00011312337196887898
24.116,7.996329829714026e-05,0.00011312049920329883
24.118,8.024162862855375e-05,0.00011311762905436675
24.12,8.052339526379954e-05,0.00011311476151969938
24.122,8.080852492548795e-05,0.00011311189659691552
24.124,8.109694398160883e-05,0.00011310903428363614
24.126,8.138857847852051e-05,0.0001131061745774844
24.128,8.168335416154221e-05,0.00011310331747608559
24.13,8.198119648300249e-05,0.00011310046297706718
24.132,8.228203059980338e-05,0.0001130976110780588
24.134,8.258578136406829e-05,0.00011309476177669226
24.136,8.289237331130084e-05,0.0001130919150706015
24.138,8.320173065081392e-05,0.00011308907095742262
24.14,8.35137772622543e-05,0.00011308622943479387
24.142,8.382843670137252e-05,0.00011308339050035566
24.144,8.414563221643094e-05,0.00011308055415175055
24.146,8.446528677539653e-05,0.00011307772038662324
24.148,8.478732310271335e-05,0.00011307488920262057
24.15,8.511166372331515e-05,0.00011307206059739156
24.152,8.543823101099457e-05,0.0001130692345685873
24.154,8.576694723759563e-05,0.0001130664111138611
24.156,8.609773461967557e-05,0.00011306359023086836
24.158,8.643051535921838e-05,0.00011306077191726662
24.16,8.676521167576651e-05,0.00011305795617071556
24.162,8.710174582787921e-05,0.000113055142988877
24.164,8.74400401230211e-05,0.00011305233236941487
24.166,8.778001691616834e-05,0.00011304952430999525
24.168,8.812159859878816e-05,0.00011304671880828632
24.17,8.84647075811499e-05,0.00011304391586195841
24.172,8.880926627194275e-05,0.00011304111546868396
24.174,8.915519705987002e-05,0.00011303831762613752
24.176,8.95024223016949e-05,0.00011303552233199578
24.178,8.98508643209268e-05,0.00011303272958393753
24.18,9.020044541971253e-05,0.00011302993937964368
24.182,9.055108790499598e-05,0.00011302715171679726
24.184,9.090271412802065e-05,0.00011302436659308338
24.186,9.125524653433306e-05,0.00011302158400618932
24.188,9.160860771998853e-05,0.00011301880395380438
24.19,9.196272048869456e-05,0.00011301602643362004
24.192,9.231750790455025e-05,0.00011301325144332985
24.194,9.267289333556044e-05,0.00011301047898062946
24.196,9.302880048435975e-05,0.00011300770904321662
24.198,9.338515340425662e-05,0.0001130049416287912
24.2,9.37418765006982e-05,0.00011300217673505511
24.202,9.409889451990177e-05,0.00011299941435971243
24.204,9.445613252812991e-05,0.00011299665450046927
24.206,9.481351588594299e-05,0.00011299389715503385
24.208,9.517097022242958e-05,0.00011299114232111648
24.21,9.552842141403672e-05,0.00011298838999642956
24.212,9.588579557208093e-05,0.00011298564017868756
24.214,9.624301904169127e-05,0.00011298289286560703
24.216,9.66000184135523e-05,0.00011298014805490662
24.218,9.6956720547983e-05,0.00011297740574430705
24.22,9.731305260958479e-05,0.0001129746659315311
24.222,9.766894210910766e-05,0.00011297192861430364
24.224,9.802431694860921e-05,0.00011296919379035161
24.226,9.83791054654542e-05,0.00011296646145740403
24.228,9.873323647117935e-05,0.00011296373161319195
24.23,9.90866392819585e-05,0.00011296100425544855
24.232,9.943924373876604e-05,0.00011295827938190902
24.234,9.979098021676173e-05,0.00011295555699031062
24.236,0.00010014177962492467,0.0001129528370783927
24.238,0.00010049157339819741,0.00011295011964389665
24.24,0.00010084029348524987,0.00011294740468456592
24.242,0.00010118787233531339,0.000112944692198146
24.244,0.00010153424288737644,0.00011294198218238447
24.246,0.00010187933856432916,0.00011293927463503093
24.248,0.00010222309327378549,0.00011293656955383703
24.25,0.00010256544141620794,0.00011293386693655649
24.252,0.00010290631789988387,0.00011293116678094506
24.254,0.00010324565816156715,0.00011292846908476054
24.256,0.00010358339819081235,0.00011292577384576276
24.258,0.0001039194745559498,0.0001129230810617136
24.26,0.000104253824429568,0.000112920390730377
24.262,0.00010458638561163112,0.0001129177028495189
24.264,0.00010491709654879839,0.0001129150174169073
24.266,0.00010524589634908046,0.00011291233443031221
24.268,0.00010557272479139312,0.00011290965388750569
24.27,0.00010589752233025566,0.00011290697578626183
24.272,0.00010622023009617106,0.00011290430012435674
24.274,0.00010654078989268042,0.00011290162689956855
24.276,0.0001068591441912898,0.00011289895610967742
24.278,0.00010717523612555504,0.00011289628775246554
24.28,0.00010748900948565651,0.00011289362182571712
24.282,0.00010780040871461965,0.00011289095832721836
24.284,0.00010810937890706798,0.00011288829725475752
24.286,0.00010841586581126239,0.00011288563860612484
24.288,0.0001087198158346283,0.00011288298237911258
24.29,0.0001090211760528993,0.00011288032857151504
24.292,0.00010931989422266006,0.00011287767718112847
24.294,0.00010961591879688212,0.00011287502820575119
24.296,0.00010990919894310173,0.00011287238164318349
24.298,0.00011019968456354962,0.00011286973749122767
24.3,0.00011048732631664696,0.00011286709574768802
24.302,0.00011077207563899895,0.00011286445641037086
24.304,0.00011105388476667126,0.00011286181947708449
24.306,0.00011133270675449168,0.00011285918494563919
24.308,0.00011160849549163862,0.00011285655281384728
24.31,0.00011188120571196273,0.00011285392307952301
24.312,0.00011215079299750118,0.00011285129574048269
24.314,0.00011241721377462915,0.00011284867079454457
24.316,0.00011268042530278467,0.0001128460482395289
24.318,0.00011294038565720838,0.00011284342807325792
24.32,0.00011319705370817656,0.00011284081029355584
24.322,0.000113450389100059,0.00011283819489824887
24.324,0.00011370035223401574,0.0001128355818851652
24.326,0.00011394690425781516,0.00011283297125213499
24.328,0.00011419000706541737,0.00011283036299699035
24.33,0.00011442962330744156,0.00011282775711756543
24.332,0.00011466571641188172,0.00011282515361169628
24.334,0.0001148982506128885,0.00011282255247722098
24.336,0.0001151271909840685,0.00011281995371197955
24.338,0.00011535250347224612,0.00011281735731381398
24.34,0.00011557415492767936,0.00011281476328056822
24.342,0.00011579211312758463,0.0001128121716100882
24.344,0.00011600634679093825,0.0001128095823002218
24.346,0.00011621682558397194,0.00011280699534881887
24.348,0.00011642352011691175,0.0001128044107537312
24.35,0.00011662640193351584,0.00011280182851281255
24.352,0.00011682544349541863,0.00011279924862391864
24.354,0.00011702061816340176,0.00011279667108490715
24.356,0.00011721190017788217,0.00011279409589363768
24.358,0.00011739926464044203,0.0001127915230479718
24.36,0.0001175826874984286,0.00011278895254577302
24.362,0.00011776214553431514,0.00011278638438490681
24.364,0.00011793761636147025,0.00011278381856324058
24.366,0.00011810907842763466,0.00011278125507864368
24.368,0.00011827651102688554,0.00011277869392898738
24.37,0.00011843989431982792,0.00011277613511214492
24.372,0.00011859920936079119,0.00011277357862599147
24.374,0.00011875443812942237,0.00011277102446840412
24.376,0.00011890556356319387,0.0001127684726372619
24.378,0.00011905256958657038,0.00011276592313044579
24.38,0.00011919544113285498,0.00011276337594583869
24.382,0.00011933416415523824,0.0001127608310813254
24.384,0.00011946872562533163,0.0001127582885347927
24.386,0.00011959911351896817,0.00011275574830412926
24.388,0.00011972531679137149,0.00011275321038722566
24.39,0.00011984732534519007,0.00011275067478197444
24.392,0.00011996512999635776,0.00011274814148627002
24.394,0.00012007872244277854,0.00011274561049800877
24.396,0.00012018809524084608,0.00011274308181508897
24.398,0.00012029324179299511,0.0001127405554354108
24.4,0.00012039415634839876,0.00011273803135687635
24.402,0.00012049083401647298,0.00011273550957738965
24.404,0.00012058327079112717,0.00011273299009485662
24.406,0.00012067146358230045,0.00011273047290718508
24.408,0.000120755410250222,0.00011272795801228476
24.41,0.00012083510963774443,0.0001127254454080673
24.412,0.00012091056159653538,0.00011272293509244625
24.414,0.00012098176700397506,0.00011272042706333704
24.416,0.00012104872776911141,0.00011271792131865701
24.418,0.00012111144682753813,0.00011271541785632541
24.42,0.00012116992812664216,0.00011271291667426335
24.422,0.00012122417660383249,0.00011271041777039386
24.424,0.0001212741981610132,0.00011270792114264188
24.426,0.0001213199996388135,0.00011270542678893418
24.428,0.00012136158879373703,0.00011270293470719948
24.43,0.00012139897428054949,0.00011270044489536835
24.432,0.00012143216564145732,0.00011269795735137326
24.434,0.00012146117330225652,0.00011269547207314856
24.436,0.00012148600857486081,0.00011269298905863049
24.438,0.00012150668366483138,0.00011269050830575715
24.44,0.00012152321168195389,0.00011268802981246854
24.442,0.00012153560665186415,0.00011268555357670651
24.444,0.00012154388352679636,0.0001126830795964148
24.446,0.00012154805819388016,0.00011268060786953905
24.448,0.00012154814747992088,0.00011267813839402672
24.45,0.00012154416915212971,0.00011267567116782715
24.452,0.00012153614191489143,0.0001126732061888916
24.454,0.00012152408540302257,0.00011267074345517313
24.456,0.00012150802017243598,0.0001126682829646267
24.458,0.00012148796768940944,0.00011266582471520914
24.46,0.0001214639503196197,0.0001126633687048791
24.462,0.00012143599131810999,0.00011266091493159713
24.464,0.00012140411482112947,0.00011265846339332561
24.466,0.00012136834584040881,0.00011265601408802881
24.468,0.00012132871026015798,0.00011265356701367282
24.47,0.00012128523483644891,0.0001126511221682256
24.472,0.00012123794719858997,0.00011264867954965695
24.474,0.00012118687585155826,0.00011264623915593853
24.476,0.00012113205017848007,0.00011264380098504385
24.478,0.00012107350044228655,0.00011264136503494824
24.48,0.0001210112577854548,0.00011263893130362892
24.482,0.00012094535422710083,0.0001126364997890649
24.484,0.00012087582265687116,0.00011263407048923707
24.486,0.00012080269682526277,0.00011263164340212814
24.488,0.00012072601133037255,0.00011262921852572267
24.49,0.00012064580160138455,0.00011262679585800705
24.492,0.00012056210387948528,0.00011262437539696949
24.494,0.00012047495519722031,0.00011262195714060006
24.496,0.00012038439335770812,0.00011261954108689064
24.498,0.00012029045691544697,0.00011261712723383494
24.5,0.00012019318516031722,0.0001126147155794285
24.502,0.0001200926181065147,0.00011261230612166872
24.504,0.00011998879648738794,0.00011260989885855475
24.506,0.00011988176175663535,0.00011260749378808762
24.508,0.00011977155609518828,0.00011260509090827018
24.51,0.00011965822242215643,0.00011260269021710706
24.512,0.00011954180440732615,0.00011260029171260475
24.514,0.00011942234648203831,0.00011259789539277154
24.516,0.00011929989384530333,0.00011259550125561753
24.518,0.00011917449246240101,0.00011259310929915462
24.52,0.00011904618905433066,0.00011259071952139654
24.522,0.00011891503107765887,0.00011258833192035883
24.524,0.00011878106669613158,0.00011258594649405884
24.526,0.0001186443447464069,0.0001125835632405157
24.528,0.00011850491470151656,0.00011258118215775038
24.53,0.00011836282663567445,0.00011257880324378562
24.532,0.00011821813119389745,0.00011257642649664598
24.534,0.00011807087956888584,0.00011257405191435783
24.536,0.00011792112348631484,0.00011257167949494931
24.538,0.00011776891519834345,0.00011256930923645037
24.54,0.00011761430748401594,0.00011256694113689275
24.542,0.00011745735365440543,0.00011256457519430999
24.544,0.00011729810756000593,0.00011256221140673742
24.546,0.00011713662359828095,0.00011255984977221216
24.548,0.00011697295671941547,0.0001125574902887731
24.55,0.0001168071624290968,0.00011255513295446094
24.552,0.00011663929678749763,0.00011255277776731816
24.554,0.0001164694164039478,0.00011255042472538901
24.556,0.00011629757842666064,0.00011254807382671954
24.558,0.00011612384052694431,0.00011254572506935756
24.56,0.00011594826087716039,0.00011254337845135266
24.562,0.00011577089812180866,0.00011254103397075624
24.564,0.0001155918113417537,0.00011253869162562144
24.566,0.00011541106001238547,0.00011253635141400317
24.568,0.000115228703957665,0.00011253401333395814
24.57,0.00011504480330327697,0.0001125316773835448
24.572,0.00011485941843289354,0.00011252934356082339
24.574,0.00011467260995209014,0.00011252701186385591
24.576,0.00011448443866408377,0.00011252468229070612
24.578,0.00011429496556006414,0.00011252235483943955
24.58,0.00011410425182532417,0.0001125200295081235
24.582,0.00011391235885968486,0.00011251770629482701
24.584,0.00011371934830835156,0.00011251538519762089
24.586,0.0001135252820974245,0.00011251306621457771
24.588,0.00011333022246662909,0.00011251074934377179
24.59,0.00011313423199198158,0.00011250843458327921
24.592,0.00011293737359190521,0.0001125061219311778
24.594,0.00011273971051238431,0.00011250381138554713
24.596,0.00011254130628997676,0.00011250150294446854
24.598,0.00011234222469445474,0.0001124991966060251
24.6,0.0001121425296563547,0.00011249689236830164
24.602,0.00011194228518687229,0.0001124945902293847
24.604,0.00011174155529905924,0.00011249229018736263
24.606,0.0001115404039390107,0.00011248999224032545
24.608,0.00011133889493435359,0.00011248769638636498
24.61,0.00011113709196467564,0.00011248540262357472
24.612,0.00011093505855517951,0.00011248311095004994
24.614,0.00011073285809128455,0.00011248082136388765
24.616,0.00011053055384898898,0.00011247853386318658
24.618,0.00011032820903356101,0.00011247624844604721
24.62,0.00011012588681835357,0.0001124739651105717
24.622,0.00010992365037596567,0.00011247168385486401
24.624,0.00010972156289566796,0.00011246940467702977
24.626,0.00010951968758331295,0.00011246712757517635
24.628,0.00010931808764280882,0.00011246485254741287
24.63,0.0001091168262407924,0.00011246257959185015
24.632,0.00010891596645809183,0.00011246030870660072
24.634,0.00010871557123294993,0.00011245803988977886
24.636,0.00010851570330135773,0.00011245577313950053
24.638,0.0001083164251394098,0.00011245350845388345
24.64,0.00010811779891197682,0.00011245124583104702
24.642,0.00010791988643064988,0.00011244898526911235
24.644,0.00010772274912264672,0.0001124467267662023
24.646,0.00010752644801142647,0.0001124444703204414
24.648,0.00010733104370835142,0.0001124422159299559
24.65,0.00010713659641413379,0.00011243996359287377
24.652,0.00010694316592773368,0.00011243771330732467
24.654,0.00010675081165983587,0.00011243546507143997
24.656,0.00010655959264744464,0.00011243321888335274
24.658,0.00010636956756593331,0.00011243097474119776
24.66,0.00010618079473495112,0.00011242873264311148
24.662,0.00010599333211511071,0.00011242649258723208
24.664,0.00010580723729354962,0.00011242425457169942
24.666,0.00010562256745768192,0.00011242201859465506
24.668,0.0001054393793581042,0.00011241978465424225
24.67,0.00010525772926331473,0.00011241755274860594
24.672,0.00010507767290988173,0.00011241532287589274
24.674,0.00010489926545272786,0.00011241309503425099
24.676,0.00010472256141997468,0.00011241086922183068
24.678,0.00010454761467629154,0.00011240864543678351
24.68,0.0001043744783974742,0.00011240642367726286
24.682,0.00010420320505741657,0.00011240420394142378
24.684,0.00010403384642688094,0.00011240198622742301
24.686,0.00010386645358217853,0.00011239977053341895
24.688,0.00010370107692050548,0.00011239755685757172
24.69,0.00010353776617815425,0.00011239534519804307
24.692,0.0001033765704475495,0.00011239313555299645
24.694,0.00010321753818948316,0.00011239092792059697
24.696,0.0001030607172374181,0.00011238872229901142
24.698,0.00010290615479183592,0.00011238651868640827
24.7,0.00010275389740372969,0.00011238431708095763
24.702,0.00010260399094753271,0.0001123821174808313
24.704,0.00010245648058513191,0.00011237991988420275
24.706,0.00010231141072363467,0.00011237772428924708
24.708,0.00010216882497068702,0.00011237553069414108
24.71,0.00010202876609151421,0.00011237333909706319
24.712,0.00010189127597199876,0.00011237114949619353
24.714,0.00010175639559149551,0.00011236896188971384
24.716,0.00010162416500807947,0.00011236677627580755
24.718,0.00010149462335698844,0.00011236459265265973
24.72,0.00010136780886143822,0.00011236241101845711
24.722,0.00010124375885288636,0.00011236023137138805
24.724,0.00010112250979640088,0.00011235805370964259
24.726,0.00010100409731600725,0.0001123558780314124
24.728,0.00010088855621494441,0.00011235370433489081
24.73,0.00010077592048654403,0.00011235153261827278
24.732,0.00010066622331330181,0.00011234936287975492
24.734,0.00010055949705343964,0.00011234719511753549
24.736,0.00010045577321661676,0.00011234502932981438
24.738,0.00010035508243171701,0.00011234286551479314
24.74,0.00010025745441104669,0.00011234070367067494
24.742,0.00010016291791523313,0.00011233854379566458
24.744,0.00010007150072277406,0.0001123363858879685
24.746,9.998322960706595e-05,0.0001123342299457948
24.748,9.989813032259752e-05,0.00011233207596735317
24.75,9.981622760049996e-05,0.00011232992395085497
24.752,9.973754515276174e-05,0.00011232777389451315
24.754,9.966210568360066e-05,0.00011232562579654233
24.756,9.958993090601419e-05,0.00011232347965515872
24.758,9.952104156155277e-05,0.00011232133546858017
24.76,9.945545744109283e-05,0.00011231919323502617
24.762,9.939319740468277e-05,0.0001123170529527178
24.764,9.933427939844882e-05,0.00011231491461987778
24.766,9.927872046673698e-05,0.00011231277823473045
24.768,9.922653675811338e-05,0.00011231064379550175
24.77,9.917774352423441e-05,0.00011230851130041924
24.772,9.913235511154485e-05,0.0001123063807477121
24.774,9.909038494671879e-05,0.00011230425213561115
24.776,9.905184551764884e-05,0.00011230212546234879
24.778,9.901674835289569e-05,0.00011230000072615902
24.78,9.898510400249209e-05,0.00011229787792527748
24.782,9.895692202338937e-05,0.00011229575705794138
24.784,9.893221097171302e-05,0.00011229363812238958
24.786,9.891097840329419e-05,0.00011229152111686251
24.788,9.889323088226279e-05,0.00011228940603960222
24.79,9.887897399670637e-05,0.00011228729288885235
24.792,9.886821237911338e-05,0.00011228518166285815
24.794,9.88609497291389e-05,0.00011228307235986645
24.796,9.885718883636913e-05,0.00011228096497812572
24.798,9.885693160111231e-05,0.00011227885951588595
24.8,9.886017905216045e-05,0.00011227675597139881
24.802,9.886693136097448e-05,0.0001122746543429175
24.804,9.887718785241302e-05,0.00011227255462869685
24.806,9.889094701211618e-05,0.00011227045682699325
24.808,9.89082064907686e-05,0.00011226836093606469
24.81,9.892896310524295e-05,0.00011226626695417075
24.812,9.895321283654858e-05,0.0001122641748795726
24.814,9.898095082489145e-05,0.00011226208471053297
24.816,9.901217136236068e-05,0.0001122599964453162
24.818,9.904686788471867e-05,0.0001122579100821882
24.82,9.908503296437169e-05,0.00011225582561941648
24.822,9.912665830713816e-05,0.00011225374305527006
24.824,9.917173475530397e-05,0.00011225166238801962
24.826,9.922025229897017e-05,0.00011224958361593737
24.828,9.92722000965034e-05,0.0001122475067372971
24.83,9.932756650320404e-05,0.00011224543175037419
24.832,9.938633910598965e-05,0.00011224335865344555
24.834,9.944850476042981e-05,0.0001122412874447897
24.836,9.951404962624095e-05,0.00011223921812268672
24.838,9.958295919725855e-05,0.00011223715068541825
24.84,9.965521832341353e-05,0.00011223508513126747
24.842,9.973081122350883e-05,0.00011223302145851917
24.844,9.980972148949564e-05,0.00011223095966545969
24.846,9.989193208442662e-05,0.0001122288997503769
24.848,9.99774253371262e-05,0.00011222684171156028
24.85,0.00010006618293673487,0.00011222478554730081
24.852,0.00010015818592978861,0.00011222273125589107
24.854,0.00010025341472132566,0.00011222067883562518
24.856,0.00010035184908041542,0.00011221862828479882
24.858,0.0001004534681494462,0.00011221657960170922
24.86,0.00010055825045601115,0.00011221453278465515
24.862,0.00010066617392620829,0.00011221248783193693
24.864,0.00010077721589871691,0.00011221044474185646
24.866,0.00010089135313962332,0.00011220840351271714
24.868,0.00010100856185867884,0.00011220636414282396
24.87,0.00010112881772791037,0.00011220432663048341
24.872,0.00010125209590342848,0.00011220229097400357
24.874,0.00010137837105054105,0.00011220025717169402
24.876,0.00010150761737137457,0.0001121982252218659
24.878,0.00010163980863335871,0.00011219619512283188
24.88,0.00010177491819617914,0.00011219416687290618
24.882,0.00010191291903462748,0.00011219214047040453
24.884,0.00010205378375536639,0.00011219011591364422
24.886,0.00010219748460645078,0.00011218809320094408
24.888,0.00010234399347983501,0.00011218607233062443
24.89,0.00010249328190846038,0.00011218405330100714
24.892,0.00010264532106050537,0.00011218203611041565
24.894,0.00010280008173397148,0.00011218002075717486
24.896,0.0001029575343547085,0.00011217800723961122
24.898,0.00010311764898027788,0.00011217599555605273
24.9,0.00010328039531100144,0.00011217398570482889
24.902,0.00010344574270806306,0.00011217197768427071
24.904,0.00010361366021753205,0.00011216997149271074
24.906,0.00010378411659795592,0.00011216796712848305
24.908,0.00010395708034887676,0.00011216596458992322
24.91,0.00010413251973757925,0.00011216396387536834
24.912,0.00010431040282183853,0.00011216196498315705
24.914,0.00010449069746740162,0.00011215996791162943
24.916,0.00010467337135980928,0.00011215797265912715
24.918,0.00010485839201132831,0.00011215597922399335
24.92,0.00010504572676442025,0.00011215398760457269
24.922,0.00010523534279362822,0.00011215199779921131
24.924,0.00010542720710797185,0.00011215000980625691
24.926,0.00010562128655522399,0.00011214802362405865
24.928,0.00010581754782908057,0.00011214603925096722
24.93,0.00010601595747930704,0.00011214405668533479
24.932,0.00010621648192386877,0.00011214207592551505
24.934,0.00010641908746189874,0.00011214009696986318
24.936,0.00010662374028569154,0.00011213811981673585
24.938,0.00010683040649052698,0.00011213614446449126
24.94,0.00010703905208145042,0.00011213417091148906
24.942,0.00010724964297713234,0.00011213219915609043
24.944,0.00010746214501199545,0.00011213022919665803
24.946,0.00010767652393815457,0.00011212826103155601
24.948,0.00010789274542926408,0.00011212629465915
24.95,0.00010811077508796102,0.00011212433007780714
24.952,0.00010833057845768799,0.00011212236728589604
24.954,0.00010855212103862467,0.00011212040628178681
24.956,0.00010877536830622033,0.00011211844706385103
24.958,0.00010900028572966464,0.00011211648963046177
24.96,0.00010922683878746017,0.00011211453397999358
24.962,0.00010945499297733354,0.00011211258011082251
24.964,0.00010968471381880867,0.00011211062802132606
24.966,0.00010991596684818941,0.00011210867770988323
24.968,0.00011014871760738878,0.00011210672917487447
24.97,0.00011038293162953455,0.00011210478241468172
24.972,0.00011061857442512248,0.00011210283742768841
24.974,0.00011085561147260563,0.00011210089421227942
24.976,0.00011109400821652298,0.00011209895276684111
24.978,0.00011133373007487249,0.00011209701308976131
24.98,0.0001115747424554983,0.00011209507517942931
24.982,0.00011181701077941724,0.00011209313903423588
24.984,0.00011206050050761813,0.00011209120465257326
24.986,0.00011230517716686111,0.00011208927203283513
24.988,0.00011255100637047728,0.00011208734117341665
24.99,0.00011279795383062306,0.00011208541207271445
24.992,0.00011304598536042174,0.00011208348472912659
24.994,0.00011329506686593647,0.00011208155914105263
24.996,0.00011354516433003092,0.00011207963530689355
24.998,0.00011379624379142529,0.00011207771322505182
25.0,0.00011404827132318276,0.00011207579289393133
25.002,0.00011430121301478805,0.00011207387431193743
25.004,0.00011455503496138943,0.00011207195747747697
25.006,0.00011480970326222618,0.0001120700423889582
25.008,0.00011506518402874687,0.00011206812904479084
25.01,0.00011532144340089359,0.00011206621744338604
25.012,0.00011557844756863917,0.00011206430758315643
25.014,0.0001158361627946892,0.00011206239946251604
25.016,0.0001160945554339015,0.0001120604930798804
25.018,0.00011635359194540911,0.00011205858843366643
25.02,0.00011661323889452252,0.00011205668552229254
25.022,0.00011687346294319728,0.00011205478434417854
25.024,0.0001171342308297877,0.0001120528848977457
25.026,0.00011739550934074696,0.00011205098718141673
25.028,0.00011765726527857312,0.00011204909119361577
25.03,0.00011791946543106949,0.0001120471969327684
25.032,0.00011818207654714528,0.00011204530439730162
25.034,0.00011844506532358973,0.00011204341358564389
25.036,0.0001187083984054425,0.00011204152449622508
25.038,0.00011897204240064545,0.00011203963712747647
25.04,0.00011923596390706206,0.00011203775147783082
25.042,0.00011950012954805385,0.00011203586754572228
25.044,0.0001197645060110227,0.00011203398532958644
25.046,0.00012002906008290986,0.00011203210482786031
25.048,0.00012029375867685742,0.00011203022603898234
25.05,0.00012055856884579788,0.00011202834896139238
25.052,0.00012082345778075568,0.0001120264735935317
25.054,0.00012108839279421744,0.00011202459993384301
25.056,0.00012135334129141303,0.00011202272798077044
25.058,0.00012161827073424859,0.0001120208577327595
25.06,0.00012188314860368755,0.00011201898918825714
25.062,0.00012214794236651183,0.00011201712234571175
25.064,0.00012241261945135086,0.0001120152572035731
25.066,0.00012267714723712976,0.00011201339376029237
25.068,0.00012294149305483492,0.00011201153201432217
25.07,0.00012320562420140932,0.00011200967196411652
25.072,0.00012346950796257445,0.0001120078136081308
25.074,0.0001237331116404236,0.00011200595694482188
25.076,0.00012399640258110807,0.00011200410197264797
25.078,0.00012425934819862414,0.00011200224869006872
25.08,0.0001245219159916031,0.00011200039709554515
25.082,0.00012478407355161284,0.00011199854718753971
25.084,0.0001250457885627886,0.00011199669896451625
25.086,0.0001253070287939685,0.00011199485242494
25.088,0.00012556776208535355,0.0001119930075672776
25.09,0.00012582795633203365,0.00011199116438999708
25.092,0.00012608757946687313,0.00011198932289156787
25.094,0.00012634659944480217,0.0001119874830704608
25.096,0.00012660498423023718,0.0001119856449251481
25.098,0.00012686270178876162,0.00011198380845410336
25.1,0.0001271197200839012,0.00011198197365580158
25.102,0.00012737600707930937,0.00011198014052871916
25.104,0.00012763153074651852,0.00011197830907133387
25.106,0.0001278862590779952,0.00011197647928212487
25.108,0.00012814016010505197,0.0001119746511595727
25.11,0.000128393201919562,0.0001119728247021593
25.112,0.00012864535269826544,0.00011197099990836799
25.114,0.00012889658072785183,0.00011196917677668346
25.116,0.00012914685442877108,0.00011196735530559179
25.118,0.00012939614237573877,0.00011196553549358043
25.12,0.00012964441331296916,0.00011196371733913822
25.122,0.0001298916361627427,0.00011196190084075535
25.124,0.00013013778002670846,0.00011196008599692343
25.126,0.00013038281418018872,0.0001119582728061354
25.128,0.00013062670806092153,0.0001119564612668856
25.13,0.000130869431254408,0.00011195465137766973
25.132,0.00013111095347863124,0.00011195284313698486
25.134,0.00013135124457116964,0.00011195103654332944
25.136,0.00013159027448120798,0.00011194923159520327
25.138,0.0001318280132683546,0.00011194742829110753
25.14,0.00013206443110904008,0.00011194562662954476
25.142,0.00013229949830995396,0.00011194382660901887
25.144,0.00013253318532715553,0.00011194202822803512
25.146,0.00013276546278847515,0.00011194023148510015
25.148,0.00013299630151680273,0.00011193843637872193
25.15,0.00013322567255195158,0.00011193664290740982
25.152,0.0001334535471696055,0.00011193485106967452
25.154,0.00013367989689674689,0.0001119330608640281
25.156,0.00013390469352398443,0.00011193127228898399
25.158,0.0001341279091159002,0.00011192948534305693
25.16,0.00013434951602094903,0.00011192770002476306
25.162,0.0001345694868821595,0.00011192591633261987
25.164,0.00013478779464949094,0.00011192413426514617
25.166,0.00013500441259371032,0.00011192235382086214
25.168,0.0001352193143209696,0.0001119205749982893
25.17,0.0001354324737867484,0.00011191879779595053
25.172,0.00013564386530759903,0.00011191702221237002
25.174,0.00013585346356969122,0.00011191524824607337
25.176,0.00013606124363390017,0.00011191347589558746
25.178,0.00013626718093812326,0.00011191170515944053
25.18,0.00013647125129848028,0.00011190993603616217
25.182,0.00013667343091154155,0.00011190816852428331
25.184,0.00013687369635957518,0.00011190640262233621
25.186,0.00013707202462037536,0.00011190463832885447
25.188,0.0001372683930819251,0.00011190287564237302
25.19,0.00013746277956119048,0.00011190111456142815
25.192,0.00013765516232508592,0.00011189935508455743
25.194,0.00013784552011118705,0.00011189759721029981
25.196,0.00013803383214586317,0.00011189584093719557
25.198,0.0001382200781582366,0.00011189408626378629
25.2,0.00013840423838951745,0.00011189233318861489
25.202,0.00013858629359874688,0.00011189058171022563
25.204,0.00013876622506691456,0.00011188883182716409
25.206,0.00013894401460206292,0.00011188708353797715
25.208,0.0001391196445476504,0.00011188533684121306
25.21,0.0001392930977956839,0.00011188359173542136
25.212,0.0001394643578045303,0.00011188184821915292
25.214,0.0001396334086199927,0.00011188010629095993
25.216,0.00013980023489695476,0.00011187836594939588
25.218,0.00013996482191843353,0.0001118766271930156
25.22,0.0001401271556093009,0.00011187489002037525
25.222,0.00014028722254285871,0.00011187315443003227
25.224,0.00014044500994042416,0.00011187142042054544
25.226,0.0001406005056654948,0.00011186968799047483
25.228,0.0001407536982158699,0.00011186795713838185
25.23,0.0001409045767174593,0.0001118662278628292
25.232,0.00014105313092352572,0.00011186450016238088
25.234,0.00014119935122185737,0.00011186277403560224
25.236,0.0001413432286506855,0.00011186104948105988
25.238,0.00014148475492207168,0.00011185932649732175
25.24,0.00014162392244984352,0.00011185760508295707
25.242,0.00014176072437790786,0.00011185588523653641
25.244,0.00014189515460474655,0.0001118541669566316
25.246,0.00014202720780041606,0.00011185245024181578
25.248,0.00014215687941399106,0.0001118507350906634
25.25,0.00014228416567126578,0.0001118490215017502
25.252,0.0001424090635642492,0.00011184730947365322
25.254,0.00014253157083554612,0.00011184559900495081
25.256,0.00014265168596132793,0.00011184389009422258
25.258,0.00014276940813638726,0.00011184218274004947
25.26,0.00014288473726398236,0.00011184047694101369
25.262,0.00014299767395167145,0.00011183877269569875
25.264,0.00014310821951287503,0.00011183707000268946
25.266,0.0001432163759726043,0.00011183536886057189
25.268,0.00014332214607499675,0.00011183366926793343
25.27,0.00014342553329023394,0.00011183197122336273
25.272,0.0001435265418188934,0.00011183027472544974
25.274,0.0001436251765927704,0.0001118285797727857
25.276,0.00014372144327245374,0.00011182688636396313
25.278,0.0001438153482427383,0.00011182519449757581
25.28,0.00014390689860776083,0.00011182350417221883
25.282,0.00014399610218751861,0.00011182181538648855
25.284,0.00014408296751703954,0.0001118201281389826
25.286,0.00014416750384843414,0.00011181844242829991
25.288,0.00014424972115485872,0.00011181675825304065
25.29,0.00014432963013462735,0.0001118150756118063
25.292,0.00014440724221294525,0.00011181339450319958
25.294,0.00014448256953895468,0.00011181171492582452
25.296,0.0001445556249763588,0.0001118100368782864
25.298,0.00014462642208698867,0.00011180836035919177
25.3,0.0001446949751082065,0.00011180668536714846
25.302,0.0001447612989260361,0.00011180501190076555
25.304,0.00014482540904722763,0.00011180333995865339
25.306,0.00014488732157326393,0.00011180166953942363
25.308,0.00014494705317956829,0.00011180000064168913
25.31,0.00014500462110147877,0.00011179833326406407
25.312,0.00014506004312774386,0.00011179666740516383
25.314,0.00014511333760033643,0.00011179500306360512
25.316,0.0001451645234180794,0.00011179334023800585
25.318,0.00014521362004064607,0.00011179167892698523
25.32,0.0001452606474890821,0.0001117900191291637
25.322,0.0001453056263394273,0.00011178836084316297
25.324,0.00014534857770706172,0.00011178670406760602
25.326,0.00014538952322081032,0.00011178504880111704
25.328,0.00014542848498757854,0.00011178339504232151
25.33,0.00014546548554999645,0.00011178174278984617
25.332,0.00014550054784057026,0.00011178009204231897
25.334,0.00014553369513670933,0.00011177844279836915
25.336,0.0001455649510207106,0.00011177679505662718
25.338,0.00014559433934808466,0.00011177514881572478
25.34,0.0001456218842262213,0.00011177350407429491
25.342,0.00014564761000350807,0.00011177186083097178
25.344,0.00014567154126735404,0.00011177021908439086
25.346,0.00014569370284787546,0.00011176857883318882
25.348,0.00014571411982290918,0.00011176694007600363
25.35,0.00014573281751983978,0.00011176530281147445
25.352,0.00014574982150989497,0.00011176366703824169
25.354,0.00014576515759189338,0.00011176203275494703
25.356,0.00014577885176401663,0.00011176039996023336
25.358,0.00014579093018389657,0.00011175876865274482
25.36,0.00014580141911942318,0.00011175713883112675
25.362,0.00014581034489373845,0.00011175551049402577
25.364,0.00014581773382896468,0.00011175388364008971
25.366,0.00014582361219308242,0.00011175225826796765
25.368,0.00014582800615387055,0.00011175063437630986
25.37,0.00014583094174250625,0.00011174901196376787
25.372,0.00014583244482781551,0.00011174739102899443
25.374,0.0001458325411004039,0.00011174577157064354
25.376,0.00014583125606446398,0.0001117441535873704
25.378,0.0001458286150338781,0.00011174253707783142
25.38,0.0001458246431287211,0.00011174092204068427
25.382,0.00014581936526841815,0.00011173930847458783
25.384,0.00014581280615860658,0.00011173769637820219
25.386,0.00014580499026970134,0.00011173608575018868
25.388,0.00014579594180683035,0.00011173447658920983
25.39,0.0001457856846718258,0.00011173286889392939
25.392,0.00014577424241931833,0.00011173126266301234
25.394,0.00014576163820942837,0.00011172965789512488
25.396,0.00014574789475999008,0.0001117280545889344
25.398,0.00014573303430068113,0.00011172645274310954
25.4,0.00014571707853121366,0.00011172485235632012
25.402,0.00014570004858480598,0.00011172325342723716
25.404,0.00014568196499744422,0.00011172165595453294
25.406,0.00014566284768294214,0.00011172005993688092
25.408,0.00014564271591328728,0.00011171846537295576
25.41,0.0001456215883035307,0.00011171687226143336
25.412,0.00014559948280024176,0.00011171528060099078
25.414,0.00014557641667236655,0.00011171369039030632
25.416,0.00014555240650300136,0.00011171210162805947
25.418,0.00014552746818032912,0.00011171051431293093
25.42,0.0001455016168856485,0.0001117089284436026
25.422,0.0001454748670761822,0.00011170734401875758
25.424,0.00014544723246083624,0.00011170576103708016
25.426,0.00014541872596743826,0.00011170417949725583
25.428,0.0001453893597014607,0.00011170259939797129
25.43,0.000145359144897356,0.00011170102073791443
25.432,0.00014532809186553464,0.00011169944351577433
25.434,0.00014529620993915983,0.00011169786773024128
25.436,0.00014526350742576495,0.00011169629338000675
25.438,0.0001452299915686035,0.0001116947204637634
25.44,0.00014519566852171353,0.00011169314898020507
25.442,0.00014516054334070118,0.00011169157892802683
25.444,0.0001451246199889722,0.00011169001030592489
25.446,0.00014508790135654348,0.00011168844311259668
25.448,0.00014505038928645867,0.00011168687734674082
25.45,0.00014501208460248677,0.00011168531300705708
25.452,0.00014497298713154986,0.00011168375009224645
25.454,0.00014493309571519912,0.00011168218860101108
25.456,0.0001448924082063958,0.00011168062853205431
25.458,0.00014485092145044703,0.00011167906988408069
25.46,0.00014480863125157473,0.00011167751265579589
25.462,0.0001447655323290819,0.0001116759568459068
25.464,0.0001447216182687375,0.00011167440245312149
25.466,0.00014467688147557298,0.00011167284947614918
25.468,0.00014463131313400255,0.0001116712979137003
25.47,0.00014458490317978875,0.00011166974776448642
25.472,0.00014453764028633014,0.00011166819902722031
25.474,0.00014448951186558893,0.0001116666517006159
25.476,0.00014444050408172744,0.0001116651057833883
25.478,0.00014439060187385421,0.00011166356127425378
25.48,0.00014433978898334966,0.00011166201817192977
25.482,0.0001442880479809154,0.0001116604764751349
25.484,0.00014423536028924247,0.00011165893618258894
25.486,0.00014418170619843798,0.00011165739729301284
25.488,0.0001441270648729259,0.0001116558598051287
25.49,0.00014407141435049842,0.00011165432371765981
25.492,0.00014401473153566454,0.0001116527890293306
25.494,0.00014395699219069483,0.00011165125573886665
25.496,0.00014389817092819694,0.00011164972384499475
25.498,0.00014383824120867283,0.0001116481933464428
25.5,0.0001437771753457768,0.00011164666424193989
25.502,0.00014371494452009164,0.00011164513653021624
25.504,0.00014365151880077378,0.00011164361021000326
25.506,0.00014358686717268196,0.00011164208528003348
25.508,0.00014352095756545752,0.00011164056173904061
25.51,0.00014345375688075413,0.00011163903958575952
25.512,0.00014338523101431648,0.0001116375188189262
25.514,0.00014331534487102337,0.00011163599943727782
25.516,0.00014324406237291068,0.00011163448143955268
25.518,0.0001431713464621632,0.00011163296482449023
25.52,0.0001430971591027589,0.00011163144959083109
25.522,0.00014302146128526943,0.00011162993573731702
25.524,0.00014294421303911144,0.0001116284232626909
25.526,0.0001428653734554178,0.0001116269121656968
25.528,0.00014278490072150795,0.00011162540244507988
25.53,0.00014270275216586348,0.0001116238940995865
25.532,0.000142618884310207,0.00011162238712796411
25.534,0.00014253325292397568,0.00011162088152896134
25.536,0.00014244581307622613,0.00011161937730132793
25.538,0.0001423565191806955,0.0001116178744438148
25.54,0.00014226532503155924,0.00011161637295517396
25.542,0.0001421721838295762,0.00011161487283415858
25.544,0.00014207704820044155,0.00011161337407952296
25.546,0.00014197987020885618,0.00011161187669002255
25.548,0.0001418806013723415,0.00011161038066441391
25.55,0.00014177919267877812,0.00011160888600145476
25.552,0.00014167559461013477,0.00011160739269990392
25.554,0.00014156975717367852,0.00011160590075852135
25.556,0.0001414616299399841,0.00011160441017606816
25.558,0.00014135116208597505,0.00011160292095130657
25.56,0.00014123830244075602,0.00011160143308299993
25.562,0.0001411229995319677,0.00011159994656991272
25.564,0.00014100520163137938,0.00011159846141081054
25.566,0.00014088485679936635,0.00011159697760446013
25.568,0.0001407619129288517,0.00011159549514962934
25.57,0.00014063631779005694,0.00011159401404508712
25.572,0.00014050801907723986,0.00011159253428960358
25.574,0.00014037696445814703,0.00011159105588194994
25.576,0.00014024310162612057,0.00011158957882089852
25.578,0.00014010637835362526,0.0001115881031052228
25.58,0.00013996674254529307,0.00011158662873369732
25.582,0.00013982414228818317,0.00011158515570509778
25.584,0.00013967852589720432,0.00011158368401820097
25.586,0.000139529841954469,0.00011158221367178482
25.588,0.0001393780393423999,0.00011158074466462834
25.59,0.0001392230672717734,0.00011157927699551169
25.592,0.00013906487530698883,0.0001115778106632161
25.594,0.00013890341339143535,0.00011157634566652395
25.596,0.00013873863187623364,0.0001115748820042187
25.598,0.00013857048155488974,0.00011157341967508492
25.6,0.00013839891370563508,0.00011157195867790832
25.602,0.00013822388014209086,0.00011157049901147567
25.604,0.00013804533327121547,0.00011156904067457489
25.606,0.00013786322615672725,0.00011156758366599495
25.608,0.00013767751258495279,0.00011156612798452598
25.61,0.00013748814712995488,0.00011156467362895918
25.612,0.00013729508521466053,0.00011156322059808685
25.614,0.00013709828316547937,0.0001115617688907024
25.616,0.00013689769825874464,0.00011156031850560033
25.618,0.00013669328875850532,0.00011155886944157626
25.62,0.00013648501394646016,0.00011155742169742687
25.622,0.00013627283414579513,0.00011155597527194998
25.624,0.00013605671074157116,0.00011155453016394445
25.626,0.00013583660620059793,0.0001115530863722103
25.628,0.00013561248409359262,0.00011155164389554859
25.63,0.00013538430912193102,0.0001115502027327615
25.632,0.00013515204715034644,0.00011154876288265228
25.634,0.0001349156652457903,0.00011154732434402529
25.636,0.0001346751317216603,0.00011154588711568598
25.638,0.00013443041618559575,0.00011154445119644086
25.64,0.00013418148958863036,0.00011154301658509757
25.642,0.00013392832427325203,0.00011154158328046479
25.644,0.000133670894018423,0.00011154015128135232
25.646,0.00013340917408023978,0.00011153872058657102
25.648,0.0001331431412276673,0.00011153729119493286
25.65,0.00013287277377377652,0.00011153586310525087
25.652,0.0001325980516032363,0.00011153443631633916
25.654,0.00013231895619727395,0.00011153301082701293
25.656,0.0001320354706569342,0.00011153158663608847
25.658,0.00013174757972524961,0.00011153016374238313
25.66,0.00013145526980830473,0.00011152874214471535
25.662,0.00013115852899481866,0.00011152732184190461
25.664,0.00013085734707367943,0.00011152590283277153
25.666,0.00013055171554910962,0.00011152448511613774
25.668,0.00013024162765356122,0.00011152306869082599
25.67,0.00012992707835910466,0.00011152165355566008
25.672,0.00012960806438870682,0.00011152023970946487
25.674,0.00012928458422896468,0.00011151882715106633
25.676,0.00012895663814599953,0.00011151741587929146
25.678,0.00012862422820523507,0.00011151600589296836
25.68,0.0001282873582952255,0.00011151459719092616
25.682,0.0001279460341542174,0.00011151318977199509
25.684,0.00012760026339734458,0.00011151178363500642
25.686,0.00012725005554166825,0.00011151037877879252
25.688,0.00012689542202626953,0.00011150897520218678
25.69,0.0001265363762252119,0.00011150757290402367
25.692,0.0001261729334522586,0.00011150617188313876
25.694,0.0001258051109577342,0.0001115047721383686
25.696,0.00012543292791892697,0.00011150337366855089
25.698,0.0001250564054266158,0.0001115019764725243
25.7,0.00012467556647046709,0.00011150058054912863
25.702,0.00012429043592575263,0.0001114991858972047
25.704,0.00012390104054309787,0.0001114977925155944
25.706,0.0001235074089416652,0.00011149640040314067
25.708,0.00012310957160537798,0.0001114950095586875
25.71,0.00012270756088069722,0.00011149361998107994
25.712,0.00012230141097433592,0.00011149223166916409
25.714,0.0001218911579495386,0.00011149084462178708
25.716,0.0001214768397200458,0.00011148945883779713
25.718,0.00012105849604188058,0.00011148807431604349
25.72,0.00012063616850363481,0.00011148669105537644
25.722,0.00012020990051664511,0.00011148530905464733
25.724,0.00011977973730599998,0.00011148392831270855
25.726,0.00011934572590327587,0.00011148254882841354
25.728,0.00011890791514056902,0.00011148117060061678
25.73,0.00011846635564467408,0.00011147979362817378
25.732,0.00011802109982929121,0.00011147841790994113
25.734,0.0001175722018827006,0.00011147704344477641
25.736,0.00011711971774847475,0.00011147567023153829
25.738,0.00011666370509756122,0.00011147429826908644
25.74,0.00011620422329116658,0.0001114729275562816
25.742,0.00011574133333547904,0.00011147155809198553
25.744,0.00011527509783063438,0.00011147018987506102
25.746,0.00011480558091743346,0.00011146882290437192
25.748,0.0001143328482259488,0.0001114674571787831
25.75,0.00011385696682993152,0.00011146609269716045
25.752,0.00011337800521000224,0.00011146472945837092
25.754,0.00011289603322729542,0.00011146336746128249
25.756,0.00011241112210735358,0.00011146200670476413
25.758,0.00011192334443234903,0.0001114606471876859
25.76,0.00011143277413827879,0.00011145928890891885
25.762,0.00011093948651286839,0.00011145793186733507
25.764,0.00011044355818974753,0.00011145657606180768
25.766,0.00010994506713520379,0.00011145522149121081
25.768,0.00010944409262470267,0.00011145386815441964
25.77,0.0001089407152082663,0.00011145251605031036
25.772,0.00010843501666513421,0.00011145116517776018
25.774,0.00010792707994975953,0.00011144981553564735
25.776,0.00010741698913197459,0.00011144846712285112
25.778,0.00010690482933468654,0.00011144711993825179
25.78,0.00010639068667215999,0.00011144577398073064
25.782,0.00010587464819142767,0.00011144442924917
25.784,0.00010535680181831129,0.0001114430857424532
25.786,0.00010483723630877226,0.0001114417434594646
25.788,0.0001043160412054305,0.00011144040239908957
25.79,0.00010379330679864397,0.00011143906256021451
25.792,0.00010326912409122765,0.00011143772394172681
25.794,0.00010274358476611897,0.00011143638654251488
25.796,0.00010221678115622458,0.00011143505036146816
25.798,0.00010168880621593888,0.00011143371539747707
25.8,0.00010115975349383118,0.00011143238164943308
25.802,0.00010062971710578009,0.00011143104911622865
25.804,0.00010009879170763352,0.00011142971779675722
25.806,9.956707246633261e-05,0.00011142838768991329
25.808,9.903465502791278e-05,0.00011142705879459233
25.81,9.850163548135085e-05,0.00011142573110969084
25.812,9.796811031723782e-05,0.0001114244046341063
25.814,9.743417638102703e-05,0.00011142307936673723
25.816,9.689993082150717e-05,0.0001114217553064831
25.818,9.636547103584054e-05,0.00011142043245224445
25.82,9.583089461330773e-05,0.00011141911080292276
25.822,9.529629928019923e-05,0.00011141779035742054
25.824,9.476178284817269e-05,0.0001114164711146413
25.826,9.422744316789778e-05,0.00011141515307348954
25.828,9.36933780889583e-05,0.00011141383623287076
25.83,9.315968542579543e-05,0.00011141252059169147
25.832,9.262646292866725e-05,0.00011141120614885915
25.834,9.209380825762294e-05,0.00011140989290328231
25.836,9.15618189572402e-05,0.00011140858085387042
25.838,9.103059242994907e-05,0.00011140726999953395
25.84,9.050022590629528e-05,0.00011140596033918439
25.842,8.997081641129319e-05,0.00011140465187173418
25.844,8.944246072693305e-05,0.00011140334459609679
25.846,8.891525535181729e-05,0.00011140203851118666
25.848,8.838929645934004e-05,0.0001114007336159192
25.85,8.786467985610484e-05,0.00011139942990921086
25.852,8.734150094205128e-05,0.00011139812738997902
25.854,8.68198546734408e-05,0.00011139682605714208
25.856,8.629983552910342e-05,0.00011139552590961943
25.858,8.578153748001091e-05,0.00011139422694633141
25.86,8.526505396171558e-05,0.00011139292916619936
25.862,8.475047784915143e-05,0.00011139163256814563
25.864,8.423790143326073e-05,0.0001113903371510935
25.866,8.372741639927443e-05,0.00011138904291396729
25.868,8.321911380646709e-05,0.00011138774985569225
25.87,8.271308406949363e-05,0.00011138645797519464
25.872,8.220941694131958e-05,0.00011138516727140168
25.874,8.170820149730956e-05,0.00011138387774324156
25.876,8.120952611991413e-05,0.00011138258938964347
25.878,8.071347848271383e-05,0.00011138130220953756
25.88,8.022014553261725e-05,0.00011138001620185497
25.882,7.972961346886408e-05,0.0001113787313655278
25.884,7.924196771799171e-05,0.00011137744769948911
25.886,7.875729290464924e-05,0.00011137616520267297
25.888,7.827567281907883e-05,0.00011137488387401438
25.89,7.779719038301601e-05,0.00011137360371244933
25.892,7.732192761641883e-05,0.00011137232471691478
25.894,7.684996560782843e-05,0.00011137104688634866
25.896,7.638138449089808e-05,0.00011136977021968985
25.898,7.591626342883895e-05,0.00011136849471587823
25.9,7.545468060747756e-05,0.0001113672203738546
25.902,7.499671323624234e-05,0.00011136594719256077
25.904,7.454243755522445e-05,0.00011136467517093949
25.906,7.409192884555306e-05,0.00011136340430793446
25.908,7.364526144001053e-05,0.00011136213460249038
25.91,7.320250873107019e-05,0.00011136086605355288
25.912,7.276374317436403e-05,0.00011135959866006856
25.914,7.232903628667374e-05,0.00011135833242098497
25.916,7.189845863878722e-05,0.00011135706733525065
25.918,7.147207984463727e-05,0.00011135580340181507
25.92,7.104996854877089e-05,0.00011135454061962865
25.922,7.063219241413237e-05,0.00011135327898764279
25.924,7.021881811202937e-05,0.00011135201850480983
25.926,6.980991131508135e-05,0.00011135075917008306
25.928,6.940553669314273e-05,0.00011134950098241676
25.93,6.900575791143146e-05,0.00011134824394076611
25.932,6.861063762949687e-05,0.00011134698804408726
25.934,6.822023749979717e-05,0.00011134573329133733
25.936,6.783461816508286e-05,0.00011134447968147437
25.938,6.745383925450992e-05,0.00011134322721345741
25.94,6.707795937957757e-05,0.00011134197588624637
25.942,6.670703613144018e-05,0.00011134072569880216
25.944,6.634112608173409e-05,0.00011133947665008664
25.946,6.598028478874997e-05,0.00011133822873906259
25.948,6.562456681016729e-05,0.00011133698196469375
25.95,6.527402572231443e-05,0.00011133573632594481
25.952,6.492871414466467e-05,0.0001113344918217814
25.954,6.458868376727626e-05,0.00011133324845117006
25.956,6.425398537785499e-05,0.00011133200621307832
25.958,6.392466888537364e-05,0.00011133076510647462
25.96,6.360078333744261e-05,0.00011132952513032835
25.962,6.328237692991834e-05,0.00011132828628360983
25.964,6.296949700865892e-05,0.00011132704856529034
25.966,6.266219006479496e-05,0.00011132581197434207
25.968,6.236050172607233e-05,0.00011132457650973818
25.97,6.206447674760107e-05,0.00011132334217045272
25.972,6.177415900506513e-05,0.00011132210895546069
25.974,6.148959149313718e-05,0.00011132087686373806
25.976,6.121081633041305e-05,0.00011131964589426168
25.978,6.09378747710334e-05,0.00011131841604600938
25.98,6.0670807221892045e-05,0.00011131718731795987
25.982,6.0409653263258155e-05,0.00011131595970909284
25.984,6.01544516706381e-05,0.00011131473321838886
25.986,5.990524043560139e-05,0.00011131350784482949
25.988,5.9662056784226924e-05,0.00011131228358739716
25.99,5.9424937192725985e-05,0.00011131106044507525
25.992,5.919391740084267e-05,0.00011130983841684807
25.994,5.8969032424225804e-05,0.00011130861750170085
25.996,5.875031656745035e-05,0.00011130739769861976
25.998,5.8537803438871794e-05,0.00011130617900659185
26.0,5.8331525967952807e-05,0.00011130496142460515
26.002,5.813151642467355e-05,0.00011130374495164856
26.004,5.793780643960136e-05,0.00011130252958671194
26.006,5.775042702275893e-05,0.00011130131532878604
26.008,5.7569408578906836e-05,0.00011130010217686256
26.01,5.7394780917652266e-05,0.0001112988901299341
26.012,5.7226573257433226e-05,0.00011129767918699415
26.014,5.706481422384847e-05,0.00011129646934703717
26.016,5.690953184399894e-05,0.00011129526060905851
26.018,5.676075353946572e-05,0.00011129405297205445
26.02,5.6618506121017396e-05,0.00011129284643502215
26.022,5.648281578760913e-05,0.00011129164099695971
26.024,5.635370813163658e-05,0.00011129043665686614
26.026,5.623120815058372e-05,0.00011128923341374136
26.028,5.61153402640736e-05,0.00011128803126658621
26.03,5.600612833368738e-05,0.00011128683021440241
26.032,5.5903595682537425e-05,0.00011128563025619263
26.034,5.5807765111415294e-05,0.0001112844313909604
26.036,5.571865890919213e-05,0.00011128323361771022
26.038,5.563629885661612e-05,0.00011128203693544743
26.04,5.556070622429422e-05,0.00011128084134317832
26.042,5.5491901766988814e-05,0.00011127964683991007
26.044,5.542990571770095e-05,0.00011127845342465079
26.046,5.537473778486433e-05,0.00011127726109640944
26.048,5.5326417155684275e-05,0.00011127606985419594
26.05,5.528496250703932e-05,0.00011127487969702107
26.052,5.5250392023826813e-05,0.00011127369062389653
26.054,5.522272342253509e-05,0.00011127250263383492
26.056,5.520197397652463e-05,0.00011127131572584972
26.058,5.5188160538623784e-05,0.00011127012989895535
26.06,5.518129955665907e-05,0.00011126894515216708
26.062,5.5181407078605565e-05,0.00011126776148450111
26.064,5.518849874547826e-05,0.00011126657889497452
26.066,5.520258977218763e-05,0.0001112653973826053
26.068,5.522369491855784e-05,0.00011126421694641232
26.07,5.5251828454169236e-05,0.00011126303758541534
26.072,5.528700412173942e-05,0.00011126185929863503
26.074,5.5329235103804675e-05,0.00011126068208509296
26.076,5.5378533996803086e-05,0.00011125950594381154
26.078,5.5434912795399086e-05,0.00011125833087381414
26.08,5.549838288815853e-05,0.00011125715687412497
26.082,5.55689550639174e-05,0.00011125598394376914
26.084,5.564663952670188e-05,0.00011125481208177265
26.086,5.573144591583324e-05,0.0001112536412871624
26.088,5.582338332737552e-05,0.00011125247155896615
26.09,5.5922460333043525e-05,0.00011125130289621257
26.092,5.602868499348052e-05,0.0001112501352979312
26.094,5.6142064863488115e-05,0.00011124896876315248
26.096,5.626260698828122e-05,0.00011124780329090771
26.098,5.639031789087497e-05,0.00011124663888022909
26.1,5.652520355189141e-05,0.0001112454755301497
26.102,5.66672693836436e-05,0.0001112443132397035
26.104,5.681652020097822e-05,0.00011124315200792531
26.106,5.6972960191099925e-05,0.00011124199183385086
26.108,5.713659288458249e-05,0.00011124083271651675
26.11,5.7307421128838465e-05,0.00011123967465496043
26.112,5.7485447065093613e-05,0.00011123851764822028
26.114,5.7670672109026496e-05,0.0001112373616953355
26.116,5.7863096934843085e-05,0.00011123620679534619
26.118,5.80627214624509e-05,0.00011123505294729333
26.12,5.826954484711095e-05,0.00011123390015021878
26.122,5.848356547121864e-05,0.00011123274840316524
26.124,5.870478093785381e-05,0.00011123159770517631
26.126,5.893318806592468e-05,0.00011123044805529645
26.128,5.916878288647155e-05,0.000111229299452571
26.13,5.941156063953904e-05,0.00011122815189604617
26.132,5.9661515770638706e-05,0.00011122700538476902
26.134,5.9918641925279294e-05,0.00011122585991778748
26.136,6.0182931939928956e-05,0.00011122471549415038
26.138,6.04543778277815e-05,0.00011122357211290738
26.14,6.073297075799715e-05,0.00011122242977310903
26.142,6.10187010281251e-05,0.00011122128847380672
26.144,6.131155803041979e-05,0.00011122014821405272
26.146,6.161153021404523e-05,0.00011121900899290017
26.148,6.191860504608581e-05,0.00011121787080940305
26.15,6.223276897500209e-05,0.00011121673366261623
26.152,6.255400739988635e-05,0.00011121559755159542
26.154,6.288230464818426e-05,0.0001112144624753972
26.156,6.32176439630804e-05,0.000111213328433079
26.158,6.356000750003662e-05,0.00011121219542369912
26.16,6.390937633014679e-05,0.0001112110634463167
26.162,6.426573044693515e-05,0.00011120993249999176
26.164,6.462904877229086e-05,0.00011120880258378517
26.166,6.49993091578506e-05,0.00011120767369675864
26.168,6.537648837900238e-05,0.00011120654583797475
26.17,6.576056212038559e-05,0.00011120541900649691
26.172,6.615150495360768e-05,0.00011120429320138944
26.174,6.654929030940088e-05,0.00011120316842171745
26.176,6.695389044746969e-05,0.00011120204466654692
26.178,6.736527642749323e-05,0.00011120092193494469
26.18,6.778341808411977e-05,0.00011119980022597846
26.182,6.820828400762694e-05,0.00011119867953871676
26.184,6.863984153045896e-05,0.00011119755987222897
26.186,6.907805671857622e-05,0.00011119644122558532
26.188,6.952289436546845e-05,0.00011119532359785689
26.19,6.997431798657231e-05,0.00011119420698811562
26.192,7.043228981210676e-05,0.00011119309139543426
26.194,7.089677077722057e-05,0.00011119197681888644
26.196,7.136772050945476e-05,0.00011119086325754661
26.198,7.184509731460773e-05,0.00011118975071049006
26.2,7.232885816283706e-05,0.00011118863917679296
26.202,7.281895867687713e-05,0.00011118752865553228
26.204,7.331535312406402e-05,0.00011118641914578584
26.206,7.381799441300841e-05,0.00011118531064663232
26.208,7.432683409462207e-05,0.00011118420315715122
26.21,7.48418223663934e-05,0.00011118309667642287
26.212,7.536290807789187e-05,0.00011118199120352847
26.214,7.58900387353189e-05,0.00011118088673755002
26.216,7.642316050303698e-05,0.0001111797832775704
26.218,7.696221820077457e-05,0.00011117868082267327
26.22,7.750715529613721e-05,0.00011117757937194319
26.222,7.805791389310792e-05,0.00011117647892446548
26.224,7.861443471833123e-05,0.00011117537947932636
26.226,7.917665710749022e-05,0.00011117428103561283
26.228,7.974451899437871e-05,0.00011117318359241277
26.23,8.031795690486169e-05,0.00011117208714881484
26.232,8.089690595724617e-05,0.00011117099170390858
26.234,8.148129986947906e-05,0.00011116989725678431
26.236,8.20710709722704e-05,0.00011116880380653323
26.238,8.266615022631996e-05,0.00011116771135224733
26.24,8.326646724092488e-05,0.00011116661989301943
26.242,8.387195029116078e-05,0.0001111655294279432
26.244,8.448252633099751e-05,0.00011116443995611311
26.246,8.509812100077043e-05,0.00011116335147662446
26.248,8.571865862858769e-05,0.00011116226398857341
26.25,8.634406222667639e-05,0.00011116117749105689
26.252,8.697425348497101e-05,0.00011116009198317267
26.254,8.760915276507405e-05,0.00011115900746401935
26.256,8.824867909790793e-05,0.00011115792393269636
26.258,8.889275018806659e-05,0.00011115684138830392
26.26,8.954128242663145e-05,0.00011115575982994311
26.262,9.019419091297186e-05,0.00011115467925671579
26.264,9.085138948434162e-05,0.00011115359966772465
26.266,9.151279075084656e-05,0.00011115252106207323
26.268,9.217830613244799e-05,0.00011115144343886583
26.27,9.284784589449334e-05,0.00011115036679720762
26.272,9.352131917882602e-05,0.00011114929113620453
26.274,9.419863402845049e-05,0.00011114821645496336
26.276,9.487969740523916e-05,0.00011114714275259167
26.278,9.556441520148603e-05,0.00011114607002819789
26.28,9.62526922471893e-05,0.00011114499828089121
26.282,9.694443231575321e-05,0.00011114392750978167
26.284,9.763953813072105e-05,0.00011114285771398008
26.286,9.833791137583913e-05,0.00011114178889259811
26.288,9.903945271002581e-05,0.0001111407210447482
26.29,9.974406178774563e-05,0.00011113965416954362
26.292,0.0001004516372846341,0.00011113858826609844
26.294,0.00010116207692744329,0.00011113752333352753
26.296,0.00010187527752717946,0.00011113645937094657
26.298,0.00010259113501416041,0.00011113539637747205
26.3,0.0001033095444739615,0.00011113433435222127
26.302,0.00010403040018338268,0.00011113327329431232
26.304,0.00010475359564587337,0.0001111322132028641
26.306,0.00010547902362587812,0.00011113115407699632
26.308,0.00010620657618173162,0.00011113009591582949
26.31,0.00010693614469667456,0.0001111290387184849
26.312,0.00010766761990774056,0.00011112798248408467
26.314,0.00010840089193241479,0.00011112692721175169
26.316,0.0001091358502932968,0.00011112587290060968
26.318,0.00010987238394137543,0.00011112481954978313
26.32,0.0001106103812789251,0.00011112376715839734
26.322,0.00011134973018335904,0.00011112271572557841
26.324,0.00011209031803325088,0.00011112166525045324
26.326,0.00011283203173780052,0.00011112061573214952
26.328,0.00011357475777030627,0.00011111956716979571
26.33,0.00011431838220590877,0.00011111851956252111
26.332,0.0001150627907631102,0.00011111747290945579
26.334,0.00011580786884811654,0.0001111164272097306
26.336,0.00011655350160075218,0.0001111153824624772
26.338,0.00011729957394060243,0.00011111433866682803
26.34,0.00011804597061201201,0.00011111329582191632
26.342,0.00011879257622697679,0.00011111225392687611
26.344,0.00011953927530495309,0.00011111121298084219
26.346,0.0001202859523092514,0.00011111017298295019
26.348,0.00012103249167960488,0.00011110913393233648
26.35,0.00012177877786101782,0.00011110809582813822
26.352,0.00012252469532925562,0.00011110705866949341
26.354,0.00012327012861365312,0.00011110602245554077
26.356,0.00012401496231838195,0.00011110498718541983
26.358,0.0001247590811436423,0.00011110395285827092
26.36,0.00012550236990849323,0.00011110291947323512
26.362,0.000126244713576958,0.00011110188702945432
26.364,0.0001269859972887992,0.00011110085552607117
26.366,0.00012772610639559464,0.00011109982496222913
26.368,0.00012846492650198425,0.00011109879533707242
26.37,0.00012920234351095815,0.00011109776664974603
26.372,0.00012993824367121167,0.00011109673889939574
26.374,0.00013067251362441676,0.00011109571208516811
26.376,0.00013140504044994013,0.0001110946862062105
26.378,0.00013213571170541695,0.00011109366126167099
26.38,0.00013286441546225128,0.00011109263725069848
26.382,0.0001335910403362971,0.00011109161417244265
26.384,0.00013431547551482576,0.00011109059202605392
26.386,0.00013503761078150896,0.0001110895708106835
26.388,0.00013575733654113767,0.00011108855052548339
26.39,0.00013647454384542186,0.00011108753116960633
26.392,0.00013718912442042095,0.00011108651274220587
26.394,0.00013790097069524024,0.00011108549524243629
26.396,0.00013860997583086266,0.00011108447866945268
26.398,0.0001393160337478995,0.00011108346302241087
26.4,0.00014001903915199847,0.00011108244830046746
26.402,0.0001407188875565602,0.00011108143450277984
26.404,0.00014141547530335043,0.00011108042162850616
26.406,0.00014210869958250618,0.00011107940967680531
26.408,0.00014279845845402428,0.00011107839864683699
26.41,0.00014348465087294537,0.00011107738853776164
26.412,0.00014416717671956935,0.00011107637934874045
26.414,0.0001448459368351278,0.00011107537107893542
26.416,0.00014552083306164292,0.00011107436372750927
26.418,0.00014619176828345513,0.0001110733572936255
26.42,0.00014685864646701727,0.00011107235177644837
26.422,0.00014752137269528835,0.00011107134717514289
26.424,0.0001481798531939234,0.00011107034348887485
26.426,0.00014883399534757432,0.0001110693407168108
26.428,0.00014948370770652818,0.00011106833885811804
26.43,0.0001501288999855779,0.00011106733791196462
26.432,0.00015076948305840234,0.00011106633787751935
26.434,0.00015140536895147654,0.00011106533875395182
26.436,0.00015203647084124683,0.00011106434054043235
26.438,0.00015266270305778205,0.00011106334323613204
26.44,0.0001532839810965271,0.00011106234684022271
26.442,0.0001539002216384866,0.00011106135135187697
26.444,0.00015451134257767724,0.00011106035677026816
26.446,0.0001551172630537468,0.0001110593630945704
26.448,0.00015571790348701842,0.00011105837032395852
26.45,0.00015631318561321508,0.00011105737845760814
26.452,0.00015690303251516505,0.00011105638749469561
26.454,0.00015748736864942367,0.00011105539743439804
26.456,0.00015806611986608627,0.00011105440827589329
26.458,0.00015863921342079243,0.00011105342001835996
26.46,0.00015920657797850564,0.0001110524326609774
26.462,0.00015976814360930155,0.00011105144620292573
26.464,0.0001603238417772802,0.00011105046064338578
26.466,0.0001608736053245378,0.00011104947598153915
26.468,0.00016141736845284968,0.00011104849221656817
26.47,0.00016195506670639397,0.00011104750934765594
26.472,0.00016248663695879475,0.00011104652737398628
26.474,0.00016301201740741926,0.00011104554629474377
26.476,0.00016353114757676335,0.0001110445661091137
26.478,0.00016404396833116544,0.00011104358681628216
26.48,0.00016455042189542397,0.00011104260841543592
26.482,0.00016505045188023245,0.00011104163090576253
26.484,0.00016554400330811702,0.00011104065428645026
26.486,0.0001660310226353903,0.00011103967855668814
26.488,0.0001665114577660967,0.00011103870371566592
26.49,0.00016698525805530442,0.00011103772976257409
26.492,0.00016745237430106004,0.0001110367566966039
26.494,0.0001679127587264702,0.00011103578451694729
26.496,0.0001683663649551174,0.000111034813222797
26.498,0.00016881314798413875,0.00011103384281334644
26.5,0.0001692530641596033,0.0001110328732877898
26.502,0.0001696860711581216,0.00011103190464532198
26.504,0.00017011212797702545,0.00011103093688513863
26.506,0.00017053119493387668,0.00011102997000643612
26.508,0.00017094323367387426,0.00011102900400841155
26.51,0.00017134820718245044,0.00011102803889026276
26.512,0.00017174607979933727,0.00011102707465118833
26.514,0.0001721368172303681,0.00011102611129038754
26.516,0.00017252038655388258,0.00011102514880706044
26.518,0.00017289675621985477,0.00011102418720040776
26.52,0.00017326589604114919,0.00011102322646963101
26.522,0.0001736277771778293,0.00011102226661393238
26.524,0.00017398237211631429,0.00011102130763251483
26.526,0.0001743296546458609,0.00011102034952458201
26.528,0.00017466959983465478,0.00011101939228933832
26.53,0.0001750021840075091,0.00011101843592598886
26.532,0.00017532738472627655,0.00011101748043373946
26.534,0.00017564518077336298,0.00011101652581179671
26.536,0.00017595555213793595,0.00011101557205936789
26.538,0.0001762584800041782,0.00011101461917566098
26.54,0.00017655394674062427,0.00011101366715988474
26.542,0.0001768419358901045,0.0001110127160112486
26.544,0.00017712243215993817,0.00011101176572896273
26.546,0.00017739542141257213,0.00011101081631223802
26.548,0.00017766089065703126,0.00011100986776028607
26.55,0.00017791882804152876,0.00011100892007231921
26.552,0.0001781692228472961,0.00011100797324755049
26.554,0.00017841206548320447,0.00011100702728519367
26.556,0.00017864734748016374,0.0001110060821844632
26.558,0.00017887506148399847,0.0001110051379445743
26.56,0.0001790952012450822,0.00011100419456474287
26.562,0.00017930776160356425,0.00011100325204418551
26.564,0.00017951273846951256,0.00011100231038211957
26.566,0.00017971012879822962,0.0001110013695777631
26.568,0.0001798999305620943,0.00011100042963033486
26.57,0.00018008214272115968,0.00011099949053905431
26.572,0.00018025676519517196,0.00011099855230314163
26.574,0.00018042379883970083,0.00011099761492181771
26.576,0.00018058324542856205,0.00011099667839430416
26.578,0.0001807351076434637,0.00011099574271982328
26.58,0.0001808793890706664,0.0001109948078975981
26.582,0.00018101609420311492,0.00011099387392685235
26.584,0.00018114522844530292,0.00011099294080681045
26.586,0.0001812667981180071,0.00011099200853669754
26.588,0.00018138081045962273,0.00011099107711573946
26.59,0.00018148727362204823,0.00011099014654316278
26.592,0.00018158619665949955,0.00011098921681819474
26.594,0.0001816775895104175,0.0001109882879400633
26.596,0.00018176146297326903,0.00011098735990799712
26.598,0.00018183782867815673,0.00011098643272122558
26.6,0.00018190669905631863,0.00011098550637897873
26.602,0.00018196808730975927,0.00011098458088048734
26.604,0.0001820220073828002,0.00011098365622498289
26.606,0.00018206847393687124,0.00011098273241169752
26.608,0.00018210750232951854,0.00011098180943986413
26.61,0.00018213910859793338,0.00011098088730871627
26.612,0.0001821633094474315,0.00011097996601748822
26.614,0.00018218012224481856,0.00011097904556541492
26.616,0.00018218956501670912,0.00011097812595173204
26.618,0.0001821916564522505,0.00011097720717567594
26.62,0.0001821864159096009,0.00011097628923648366
26.622,0.0001821738634245309,0.00011097537213339295
26.624,0.00018215401971901686,0.00011097445586564226
26.626,0.00018212690620712443,0.0001109735404324707
26.628,0.00018209254499508467,0.00011097262583311812
26.63,0.00018205095887309446,0.00011097171206682504
26.632,0.00018200217129677606,0.00011097079913283265
26.634,0.0001819462063581929,0.00011096988703038286
26.636,0.00018188308874767168,0.00011096897575871828
26.638,0.00018181284370968274,0.00011096806531708216
26.64,0.00018173549699741984,0.0001109671557047185
26.642,0.0001816510748315192,0.00011096624692087194
26.644,0.0001815596038682577,0.00011096533896478784
26.646,0.00018146111118141081,0.00011096443183571224
26.648,0.00018135562426021325,0.00011096352553289185
26.65,0.0001812431710231555,0.00011096262005557409
26.652,0.0001811237798450411,0.00011096171540300705
26.654,0.00018099747959237549,0.00011096081157443951
26.656,0.00018086429966071379,0.00011095990856912092
26.658,0.0001807242700071439,0.00011095900638630143
26.66,0.00018057742117176065,0.0001109581050252319
26.662,0.0001804237842835205,0.0001109572044851638
26.664,0.00018026339104837736,0.00011095630476534935
26.666,0.0001800962737200929,0.00011095540586504142
26.668,0.0001799224650566309,0.00011095450778349355
26.67,0.00017974199826719937,0.00011095361051995999
26.672,0.0001795549069559943,0.00011095271407369566
26.674,0.0001793612250691284,0.00011095181844395614
26.676,0.00017916098685054745,0.00011095092362999771
26.678,0.0001789542268114735,0.00011095002963107731
26.68,0.00017874097971606645,0.00011094913644645258
26.682,0.00017852128058396736,0.00011094824407538181
26.684,0.00017829516470860906,0.00011094735251712398
26.686,0.00017806266768833967,0.00011094646177093874
26.688,0.0001778238254662073,0.00011094557183608642
26.69,0.00017757867437354893,0.00011094468271182803
26.692,0.00017732725117201395,0.00011094379439742523
26.694,0.00017706959308912297,0.00011094290689214036
26.696,0.00017680573784299377,0.00011094202019523646
26.698,0.00017653572365299778,0.0001109411343059772
26.7,0.00017625958923476778,0.00011094024922362694
26.702,0.00017597737377966665,0.00011093936494745073
26.704,0.0001756891169206628,0.00011093848147671425
26.706,0.00017539485868838656,0.00011093759881068387
26.708,0.00017509463946231577,0.00011093671694862664
26.71,0.00017478849992276298,0.00011093583588981026
26.712,0.00017447648100913068,0.00011093495563350308
26.714,0.00017415862388899344,0.00011093407617897416
26.716,0.00017383496994084394,0.00011093319752549318
26.718,0.0001735055607512839,0.00011093231967233055
26.72,0.00017317043812544594,0.00011093144261875726
26.722,0.0001728296441073593,0.00011093056636404503
26.724,0.0001724832210062793,0.00011092969090746622
26.726,0.0001721312114243194,0.00011092881624829383
26.728,0.0001717736582815411,0.00011092794238580157
26.73,0.00017141060483562794,0.00011092706931926378
26.732,0.00017104209469491702,0.00011092619704795547
26.734,0.00017066817182478537,0.0001109253255711523
26.736,0.0001702888805485702,0.0001109244548881306
26.738,0.00016990426554455032,0.00011092358499816738
26.74,0.00016951437184060424,0.00011092271590054024
26.742,0.00016911924480732357,0.00011092184759452753
26.744,0.000168718930150023,0.00011092098007940818
26.746,0.0001683134738992403,0.00011092011335446182
26.748,0.00016790292239930862,0.00011091924741896872
26.75,0.0001674873222946552,0.00011091838227220982
26.752,0.0001670667205144276,0.00011091751791346668
26.754,0.00016664116425654606,0.00011091665434202156
26.756,0.00016621070097341155,0.00011091579155715735
26.758,0.00016577537836166812,0.0001109149295581576
26.76,0.00016533524435842576,0.0001109140683443065
26.762,0.00016489034714542146,0.00011091320791488889
26.764,0.00016444073516149428,0.00011091234826919029
26.766,0.00016398645712209636,0.00011091148940649684
26.768,0.00016352756204321444,0.00011091063132609534
26.77,0.0001630640992661704,0.00011090977402727326
26.772,0.0001625961184793367,0.00011090891750931869
26.774,0.0001621236697335041,0.00011090806177152037
26.776,0.00016164680344852575,0.00011090720681316772
26.778,0.0001611655704107249,0.00011090635263355076
26.78,0.00016068002176194084,0.00011090549923196021
26.782,0.0001601902089827867,0.00011090464660768739
26.784,0.0001596961838733042,0.00011090379476002428
26.786,0.00015919799853451126,0.00011090294368826351
26.788,0.00015869570535398942,0.00011090209339169835
26.79,0.0001581893569972523,0.00011090124386962273
26.792,0.0001576790064058262,0.00011090039512133119
26.794,0.00015716470680124595,0.00011089954714611895
26.796,0.00015664651169347392,0.00011089869994328184
26.798,0.00015612447489140826,0.00011089785351211635
26.8,0.00015559865051321213,0.0001108970078519196
26.802,0.00015506909299456574,0.00011089616296198937
26.804,0.0001545358570935111,0.00011089531884162404
26.806,0.0001539989978917056,0.00011089447549012268
26.808,0.0001534585707925373,0.00011089363290678497
26.81,0.0001529146315172937,0.00011089279109091122
26.812,0.00015236723610105365,0.00011089195004180241
26.814,0.00015181644088992544,0.00011089110975876011
26.816,0.0001512623025409896,0.00011089027024108655
26.818,0.00015070487802579778,0.00011088943148808462
26.82,0.00015014422463756742,0.0001108885934990578
26.822,0.00014958040000145184,0.00011088775627331024
26.824,0.00014901346208657777,0.00011088691981014669
26.826,0.0001484434692182896,0.00011088608410887257
26.828,0.00014787048008853368,0.00011088524916879392
26.83,0.00014729455376286937,0.0001108844149892174
26.832,0.00014671574968272053,0.00011088358156945031
26.834,0.00014613412766247008,0.00011088274890880059
26.836,0.00014554974788169264,0.00011088191700657678
26.838,0.00014496267087365396,0.00011088108586208808
26.84,0.00014437295751189533,0.00011088025547464431
26.842,0.00014378066899707392,0.00011087942584355593
26.844,0.00014318586684612902,0.000110878596968134
26.846,0.00014258861288562127,0.00011087776884769023
26.848,0.00014198896925010347,0.00011087694148153695
26.85,0.00014138699838594804,0.00011087611486898713
26.852,0.00014078276305964636,0.00011087528900935433
26.854,0.00014017632636928573,0.00011087446390195276
26.856,0.00013956775175717295,0.00011087363954609728
26.858,0.00013895710302152777,0.00011087281594110333
26.86,0.00013834444432541776,0.00011087199308628698
26.862,0.00013772984020152384,0.00011087117098096494
26.864,0.00013711335555219515,0.00011087034962445455
26.866,0.0001364950556448701,0.00011086952901607374
26.868,0.00013587500610370113,0.00011086870915514109
26.87,0.0001352532728987073,0.00011086789004097578
26.872,0.00013462992233407385,0.00011086707167289763
26.874,0.00013400502103718258,0.00011086625405022707
26.876,0.00013337863594975618,0.00011086543717228514
26.878,0.00013275083432215856,0.00011086462103839351
26.88,0.00013212168371132618,0.00011086380564787446
26.882,0.00013149125198238886,0.0001108629910000509
26.884,0.00013085960731349603,0.00011086217709424634
26.886,0.0001302268182030399,0.00011086136392978492
26.888,0.00012959295347802507,0.00011086055150599138
26.89,0.00012895808230235518,0.0001108597398221911
26.892,0.00012832227418341785,0.00011085892887771006
26.894,0.0001276855989757243,0.00011085811867187485
26.896,0.00012704812688022548,0.00011085730920401267
26.898,0.00012640992843861583,0.00011085650047345135
26.9,0.00012577107452209046,0.0001108556924795193
26.902,0.00012513163631495638,0.0001108548852215456
26.904,0.00012449168529396143,0.00011085407869885987
26.906,0.00012385129320496407,0.0001108532729107924
26.908,0.00012321053203908508,0.00011085246785667406
26.91,0.00012256947401059968,0.00011085166353583633
26.912,0.00012192819153900296,0.0001108508599476113
26.914,0.00012128675723688435,0.00011085005709133169
26.916,0.00012064524390488737,0.00011084925496633079
26.918,0.00012000372453365219,0.00011084845357194253
26.92,0.00011936227231175184,0.00011084765290750144
26.922,0.00011872096063771594,0.00011084685297234264
26.924,0.0001180798631331914,0.00011084605376580186
26.926,0.00011743905365424821,0.00011084525528721544
26.928,0.00011679860629779859,0.00011084445753592034
26.93,0.00011615859540061405,0.0001108436605112541
26.932,0.00011551909552941113,0.00011084286421255488
26.934,0.00011488018146173386,0.00011084206863916143
26.936,0.00011424192815849996,0.00011084127379041312
26.938,0.00011360441073041827,0.00011084047966564988
26.94,0.00011296770440140188,0.0001108396862642123
26.942,0.00011233188447257616,0.00011083889358544153
26.944,0.00011169702629055479,0.00011083810162867933
26.946,0.00011106320522307675,0.00011083731039326806
26.948,0.00011043049664405445,0.00011083651987855068
26.95,0.00010979897592856326,0.00011083573008387077
26.952,0.00010916871845659163,0.00011083494100857246
26.954,0.00010853979962297836,0.00011083415265200051
26.956,0.00010791229484934304,0.00011083336501350027
26.958,0.00010728627959368358,0.0001108325780924177
26.96,0.00010666182935295982,0.00011083179188809932
26.962,0.00010603901965549923,0.00011083100639989229
26.964,0.00010541792604141577,0.00011083022162714432
26.966,0.00010479862403147856,0.00011082943756920376
26.968,0.00010418118908704361,0.00011082865422541953
26.97,0.00010356569656528221,0.00011082787159514113
26.972,0.00010295222167489358,0.00011082708967771866
26.974,0.0001023408394373749,0.00011082630847250283
26.976,0.00010173162465770701,0.00011082552797884493
26.978,0.0001011246519063713,0.00011082474819609683
26.98,0.00010051999551220207,0.00011082396912361101
26.982,9.991772956318635e-05,0.00011082319076074053
26.984,9.931792791069144e-05,0.00011082241310683904
26.986,9.872066417175782e-05,0.00011082163616126077
26.988,9.812601172454709e-05,0.00011082085992336055
26.99,9.753404369341547e-05,0.00011082008439249379
26.992,9.694483292239605e-05,0.00011081930956801651
26.994,9.635845193809731e-05,0.00011081853544928527
26.996,9.577497290546986e-05,0.00011081776203565727
26.998,9.519446758105438e-05,0.00011081698932649024
27.0,9.461700726888916e-05,0.00011081621732114256
27.002,9.404266278355378e-05,0.00011081544601897313
27.004,9.3471504423305e-05,0.00011081467541934147
27.006,9.29036019541336e-05,0.00011081390552160769
27.008,9.233902460357508e-05,0.00011081313632513245
27.01,9.1777841061332e-05,0.00011081236782927703
27.012,9.122011948263883e-05,0.00011081160003340325
27.014,9.066592749030063e-05,0.00011081083293687354
27.016,9.01153321716911e-05,0.00011081006653905093
27.018,8.956840006837209e-05,0.00011080930083929898
27.02,8.902519715727679e-05,0.00011080853583698185
27.022,8.84857888239493e-05,0.00011080777153146431
27.024,8.795023982938711e-05,0.00011080700792211167
27.026,8.741861427277857e-05,0.00011080624500828982
27.028,8.689097555262721e-05,0.00011080548278936524
27.03,8.636738632858931e-05,0.000110804721264705
27.032,8.584790848584696e-05,0.00011080396043367672
27.034,8.533260310329102e-05,0.00011080320029564861
27.036,8.482153042591427e-05,0.00011080244084998946
27.038,8.431474984153231e-05,0.00011080168209606863
27.04,8.381231986121147e-05,0.00011080092403325604
27.042,8.331429810258768e-05,0.0001108001666609222
27.044,8.282074127497254e-05,0.0001107994099784382
27.046,8.233170516526634e-05,0.00011079865398517568
27.048,8.184724462361853e-05,0.00011079789868050687
27.05,8.136741354818891e-05,0.00011079714406380458
27.052,8.089226486858713e-05,0.00011079639013444215
27.054,8.042185052812037e-05,0.00011079563689179355
27.056,7.995622146513419e-05,0.00011079488433523327
27.058,7.949542759413817e-05,0.00011079413246413639
27.06,7.903951778738256e-05,0.00011079338127787855
27.062,7.858853985737694e-05,0.00011079263077583599
27.064,7.814254054056996e-05,0.00011079188095738548
27.066,7.770156548188447e-05,0.00011079113182190438
27.068,7.726565921947566e-05,0.0001107903833687706
27.07,7.683486516886268e-05,0.00011078963559736262
27.072,7.640922560549637e-05,0.00011078888850705952
27.074,7.59887816453975e-05,0.0001107881420972409
27.076,7.557357322377105e-05,0.00011078739636728694
27.078,7.516363907254908e-05,0.0001107866513165784
27.08,7.475901669827274e-05,0.00011078590694449657
27.082,7.435974236218679e-05,0.00011078516325042336
27.084,7.39658510646177e-05,0.00011078442023374119
27.086,7.357737653514138e-05,0.00011078367789383305
27.088,7.3194351229442e-05,0.00011078293623008253
27.09,7.281680633241794e-05,0.00011078219524187372
27.092,7.244477176609604e-05,0.00011078145492859132
27.094,7.207827619975919e-05,0.00011078071528962058
27.096,7.171734705901714e-05,0.0001107799763243473
27.098,7.136201053042161e-05,0.00011077923803215786
27.1,7.101229155883253e-05,0.00011077850041243916
27.102,7.066821383564084e-05,0.00011077776346457871
27.104,7.032979977769491e-05,0.00011077702718796453
27.106,6.999707049832074e-05,0.00011077629158198521
27.108,6.967004577345165e-05,0.00011077555664602992
27.11,6.934874400705623e-05,0.00011077482237948838
27.112,6.903318220032574e-05,0.00011077408878175084
27.114,6.872337592903546e-05,0.00011077335585220812
27.116,6.841933933213976e-05,0.00011077262359025162
27.118,6.812108511314706e-05,0.00011077189199527326
27.12,6.782862455380048e-05,0.00011077116106666551
27.122,6.754196753786035e-05,0.00011077043080382143
27.124,6.726112258128142e-05,0.0001107697012061346
27.126,6.698609686442777e-05,0.00011076897227299917
27.128,6.671689626211005e-05,0.00011076824400380983
27.13,6.645352536801482e-05,0.00011076751639796183
27.132,6.619598751138203e-05,0.00011076678945485097
27.134,6.594428476536227e-05,0.00011076606317387359
27.136,6.569841794764454e-05,0.0001107653375544266
27.138,6.545838661503261e-05,0.00011076461259590744
27.14,6.522418905381325e-05,0.00011076388829771411
27.142,6.499582226777051e-05,0.00011076316465924515
27.144,6.477328196525431e-05,0.00011076244167989965
27.146,6.45565625463766e-05,0.00011076171935907726
27.148,6.434565709094629e-05,0.00011076099769617816
27.15,6.41405573483161e-05,0.00011076027669060308
27.152,6.394125373028859e-05,0.00011075955634175331
27.154,6.374773530910958e-05,0.00011075883664903065
27.156,6.355998982279429e-05,0.0001107581176118375
27.158,6.337800368996069e-05,0.00011075739922957676
27.16,6.320176203560737e-05,0.00011075668150165189
27.162,6.303124872779957e-05,0.00011075596442746688
27.164,6.286644642339561e-05,0.00011075524800642627
27.166,6.270733661885454e-05,0.00011075453223793517
27.168,6.255389970083626e-05,0.00011075381712139919
27.17,6.240611499045424e-05,0.0001107531026562245
27.172,6.22639607757011e-05,0.00011075238884181782
27.174,6.212741432830982e-05,0.00011075167567758639
27.176,6.199645190388249e-05,0.000110750963162938
27.178,6.187104872728291e-05,0.000110750251297281
27.18,6.175117896824661e-05,0.00011074954008002422
27.182,6.163681571395334e-05,0.0001107488295105771
27.184,6.152793094631133e-05,0.00011074811958834956
27.186,6.142449553071664e-05,0.0001107474103127521
27.188,6.132647922125223e-05,0.00011074670168319575
27.19,6.123385068396609e-05,0.00011074599369909204
27.192,6.114657753706628e-05,0.00011074528635985308
27.194,6.10646264036245e-05,0.00011074457966489148
27.196,6.098796297071064e-05,0.00011074387361362043
27.198,6.091655204799059e-05,0.0001107431682054536
27.2,6.085035761954755e-05,0.00011074246343980524
27.202,6.078934288415437e-05,0.0001107417593160901
27.204,6.07334702817446e-05,0.00011074105583372347
27.206,6.0682701506209e-05,0.0001107403529921212
27.208,6.063699750689991e-05,0.00011073965079069965
27.21,6.059631848300595e-05,0.0001107389492288757
27.212,6.056062387542602e-05,0.00011073824830606678
27.214,6.052987236118654e-05,0.00011073754802169086
27.216,6.050402185422782e-05,0.00011073684837516641
27.218,6.0483029515439196e-05,0.00011073614936591245
27.22,6.046685177296278e-05,0.00011073545099334853
27.222,6.045544435244446e-05,0.00011073475325689471
27.224,6.0448762315182294e-05,0.0001107340561559716
27.226,6.04467601013394e-05,0.00011073335969000033
27.228,6.0449391574621405e-05,0.00011073266385840256
27.23,6.045661006487684e-05,0.00011073196866060046
27.232,6.046836840557294e-05,0.00011073127409601674
27.234,6.048461896409574e-05,0.00011073058016407465
27.236,6.050531366405607e-05,0.00011072988686419794
27.238,6.053040400027869e-05,0.0001107291941958109
27.24,6.055984104835794e-05,0.00011072850215833834
27.242,6.0593575471468764e-05,0.00011072781075120559
27.244,6.0631557527633695e-05,0.00011072711997383851
27.246,6.067373708019943e-05,0.00011072642982566348
27.248,6.072006361363888e-05,0.0001107257403061074
27.25,6.077048625547406e-05,0.0001107250514145977
27.252,6.082495380403134e-05,0.00011072436315056232
27.254,6.0883414760461564e-05,0.00011072367551342973
27.256,6.0945817362844664e-05,0.00011072298850262891
27.258,6.1012109619945335e-05,0.0001107223021175894
27.26,6.108223934245372e-05,0.00011072161635774118
27.262,6.115615417018008e-05,0.00011072093122251484
27.264,6.123380159451304e-05,0.00011072024671134142
27.266,6.131512897606783e-05,0.0001107195628236525
27.268,6.14000835581828e-05,0.0001107188795588802
27.27,6.148861247705969e-05,0.00011071819691645713
27.272,6.158066276948571e-05,0.00011071751489581643
27.274,6.167618137888702e-05,0.00011071683349639174
27.276,6.177511516068898e-05,0.00011071615271761724
27.278,6.187741088774832e-05,0.0001107154725589276
27.28,6.198301525709357e-05,0.00011071479301975804
27.282,6.209187489951756e-05,0.00011071411409954425
27.284,6.220393639363987e-05,0.00011071343579772246
27.286,6.231914628625794e-05,0.00011071275811372942
27.288,6.243745112014994e-05,0.00011071208104700238
27.29,6.255879746964552e-05,0.00011071140459697911
27.292,6.268313198298876e-05,0.00011071072876309787
27.294,6.281040142909591e-05,0.00011071005354479746
27.296,6.294055274495092e-05,0.00011070937894151719
27.298,6.30735330792604e-05,0.00011070870495269686
27.3,6.320928982796229e-05,0.00011070803157777678
27.302,6.334777065795396e-05,0.0001107073588161978
27.304,6.348892351721824e-05,0.00011070668666740126
27.306,6.36326966315656e-05,0.00011070601513082901
27.308,6.377903849032378e-05,0.0001107053442059234
27.31,6.392789782536791e-05,0.00011070467389212728
27.312,6.407922358879556e-05,0.00011070400418888405
27.314,6.423296493475073e-05,0.00011070333509563759
27.316,6.438907121000546e-05,0.00011070266661183226
27.318,6.45474919562618e-05,0.00011070199873691298
27.32,6.470817692489234e-05,0.00011070133147032514
27.322,6.487107610273784e-05,0.00011070066481151464
27.324,6.503613974575028e-05,0.00011069999875992789
27.326,6.520331841620809e-05,0.0001106993333150118
27.328,6.537256301906384e-05,0.0001106986684762138
27.33,6.554382483358615e-05,0.00011069800424298178
27.332,6.57170555378357e-05,0.00011069734061476419
27.334,6.589220722502448e-05,0.00011069667759100995
27.336,6.606923241254306e-05,0.00011069601517116848
27.338,6.624808404548155e-05,0.00011069535335468972
27.34,6.642871549741218e-05,0.00011069469214102408
27.342,6.661108057098224e-05,0.00011069403152962251
27.344,6.679513350052655e-05,0.00011069337151993642
27.346,6.698082895785071e-05,0.00011069271211141774
27.348,6.716812206132443e-05,0.00011069205330351892
27.35,6.735696838733073e-05,0.00011069139509569288
27.352,6.754732398252396e-05,0.00011069073748739304
27.354,6.773914537500396e-05,0.00011069008047807331
27.356,6.793238958279514e-05,0.00011068942406718814
27.358,6.812701411864134e-05,0.00011068876825419243
27.36,6.832297699095144e-05,0.0001106881130385416
27.362,6.852023670174759e-05,0.00011068745841969156
27.364,6.871875224321617e-05,0.00011068680439709873
27.366,6.891848309489211e-05,0.00011068615097021999
27.368,6.911938922365304e-05,0.00011068549813851274
27.37,6.932143108819029e-05,0.00011068484590143488
27.372,6.952456964886903e-05,0.00011068419425844478
27.374,6.972876638301919e-05,0.00011068354320900132
27.376,6.993398330438416e-05,0.00011068289275256389
27.378,7.014018298491943e-05,0.00011068224288859233
27.38,7.034732857641077e-05,0.000110681593616547
27.382,7.055538382927829e-05,0.00011068094493588875
27.384,7.076431310648592e-05,0.00011068029684607892
27.386,7.097408139110051e-05,0.00011067964934657933
27.388,7.118465428692378e-05,0.0001106790024368523
27.39,7.139599801281974e-05,0.00011067835611636064
27.392,7.160807939200693e-05,0.00011067771038456766
27.394,7.182086583808974e-05,0.00011067706524093712
27.396,7.203432534001229e-05,0.00011067642068493331
27.398,7.224842644771039e-05,0.00011067577671602099
27.4,7.246313826015873e-05,0.0001106751333336654
27.402,7.267843041680742e-05,0.0001106744905373323
27.404,7.289427309323483e-05,0.00011067384832648789
27.406,7.311063700129604e-05,0.00011067320670059889
27.408,7.332749339388018e-05,0.00011067256565913249
27.41,7.354481407428373e-05,0.00011067192520155638
27.412,7.37625714097232e-05,0.00011067128532733873
27.414,7.398073834843684e-05,0.00011067064603594818
27.416,7.419928843921076e-05,0.00011067000732685385
27.418,7.441819585168015e-05,0.00011066936919952538
27.42,7.463743539531692e-05,0.00011066873165343287
27.422,7.485698253476935e-05,0.00011066809468804689
27.424,7.507681339924424e-05,0.00011066745830283851
27.426,7.529690478444155e-05,0.00011066682249727928
27.428,7.551723414622142e-05,0.00011066618727084124
27.43,7.573777958672079e-05,0.00011066555262299688
27.432,7.59585198349139e-05,0.0001106649185532192
27.434,7.617943422451979e-05,0.00011066428506098167
27.436,7.640050267296455e-05,0.00011066365214575823
27.438,7.662170566463554e-05,0.00011066301980702333
27.44,7.684302424110367e-05,0.00011066238804425186
27.442,7.706443999934605e-05,0.00011066175685691921
27.444,7.728593509742471e-05,0.00011066112624450124
27.446,7.750749226558378e-05,0.0001106604962064743
27.448,7.772909481947999e-05,0.0001106598667423152
27.45,7.79507266720805e-05,0.00011065923785150123
27.452,7.817237234107073e-05,0.00011065860953351018
27.454,7.839401694984806e-05,0.00011065798178782028
27.456,7.861564622158958e-05,0.00011065735461391025
27.458,7.883724646760244e-05,0.0001106567280112593
27.46,7.905880457227413e-05,0.00011065610197934709
27.462,7.928030797775873e-05,0.00011065547651765378
27.464,7.950174467119253e-05,0.00011065485162565997
27.466,7.972310317665249e-05,0.00011065422730284675
27.468,7.994437255276506e-05,0.0001106536035486957
27.47,8.016554239541297e-05,0.00011065298036268884
27.472,8.038660284401361e-05,0.00011065235774430869
27.474,8.060754458892563e-05,0.00011065173569303822
27.476,8.082835887755355e-05,0.00011065111420836089
27.478,8.104903751717956e-05,0.00011065049328976061
27.48,8.126957287325152e-05,0.00011064987293672177
27.482,8.148995786309822e-05,0.00011064925314872925
27.484,8.171018594563372e-05,0.00011064863392526836
27.486,8.193025110842372e-05,0.0001106480152658249
27.488,8.215014785354613e-05,0.00011064739716988516
27.49,8.236987118350489e-05,0.00011064677963693585
27.492,8.258941658810751e-05,0.00011064616266646417
27.494,8.280878003266156e-05,0.00011064554625795781
27.496,8.30279579476091e-05,0.00011064493041090489
27.498,8.324694721946493e-05,0.00011064431512479401
27.5,8.346574518313765e-05,0.00011064370039911424
27.502,8.368434961574401e-05,0.00011064308623335512
27.504,8.39027587323357e-05,0.00011064247262700665
27.506,8.41209711838758e-05,0.00011064185957955929
27.508,8.433898605756446e-05,0.00011064124709050397
27.51,8.455680287916455e-05,0.00011064063515933207
27.512,8.477442161614653e-05,0.00011064002378553544
27.514,8.499184268019318e-05,0.00011063941296860642
27.516,8.52090669268326e-05,0.00011063880270803777
27.518,8.542609565041886e-05,0.00011063819300332274
27.52,8.56429305729741e-05,0.00011063758385395503
27.522,8.585957382646824e-05,0.0001106369752594288
27.524,8.607602792938746e-05,0.00011063636721923868
27.526,8.629229575960538e-05,0.00011063575973287974
27.528,8.650838052636211e-05,0.00011063515279984755
27.53,8.672428574478297e-05,0.0001106345464196381
27.532,8.694001521568278e-05,0.00011063394059174786
27.534,8.715557301276636e-05,0.00011063333531567376
27.536,8.737096347779109e-05,0.00011063273059091315
27.538,8.758619122273815e-05,0.00011063212641696389
27.54,8.780126113679999e-05,0.00011063152279332428
27.542,8.801617839497187e-05,0.00011063091971949306
27.544,8.823094846496384e-05,0.00011063031719496944
27.546,8.844557710946923e-05,0.0001106297152192531
27.548,8.866007038200091e-05,0.00011062911379184414
27.55,8.887443461564392e-05,0.00011062851291224314
27.552,8.908867640565875e-05,0.00011062791257995114
27.554,8.930280258774182e-05,0.00011062731279446962
27.556,8.951682021442526e-05,0.00011062671355530052
27.558,8.973073653225781e-05,0.00011062611486194624
27.56,8.994455896164775e-05,0.00011062551671390962
27.562,9.015829508072555e-05,0.00011062491911069397
27.564,9.037195261331945e-05,0.00011062432205180303
27.566,9.058553942041097e-05,0.00011062372553674101
27.568,9.079906349379968e-05,0.00011062312956501256
27.57,9.101253295038439e-05,0.00011062253413612278
27.572,9.122595602587055e-05,0.00011062193924957724
27.574,9.143934106693459e-05,0.00011062134490488195
27.576,9.165269652170726e-05,0.00011062075110154337
27.578,9.1866030928947e-05,0.00011062015783906839
27.58,9.207935290662882e-05,0.00011061956511696438
27.582,9.229267114091121e-05,0.00011061897293473914
27.584,9.250599437613167e-05,0.00011061838129190092
27.586,9.271933140611173e-05,0.00011061779018795842
27.588,9.293269106646619e-05,0.0001106171996224208
27.59,9.31460822271773e-05,0.00011061660959479764
27.592,9.335951378429432e-05,0.000110616020104599
27.594,9.35729946495606e-05,0.00011061543115133536
27.596,9.378653373708263e-05,0.00011061484273451766
27.598,9.400013994664139e-05,0.00011061425485365727
27.6,9.421382214381578e-05,0.00011061366750826602
27.602,9.442758913782156e-05,0.00011061308069785619
27.604,9.464144965839444e-05,0.00011061249442194047
27.606,9.485541233351713e-05,0.00011061190868003205
27.608,9.506948566939747e-05,0.0001106113234716445
27.61,9.528367803431315e-05,0.0001106107387962919
27.612,9.54979976470591e-05,0.0001106101546534887
27.614,9.571245257040323e-05,0.00011060957104274985
27.616,9.592705070926191e-05,0.00011060898796359072
27.618,9.614179981282895e-05,0.00011060840541552711
27.62,9.635670747960666e-05,0.00011060782339807529
27.622,9.657178116389021e-05,0.00011060724191075194
27.624,9.678702818233474e-05,0.0001106066609530742
27.626,9.700245571905473e-05,0.00011060608052455965
27.628,9.721807082787167e-05,0.0001106055006247263
27.63,9.743388043043148e-05,0.0001106049212530926
27.632,9.764989130916279e-05,0.00011060434240917744
27.634,9.786611009442742e-05,0.00011060376409250015
27.636,9.808254324567208e-05,0.00011060318630258051
27.638,9.82991970272683e-05,0.00011060260903893872
27.64,9.85160774801025e-05,0.0001106020323010954
27.642,9.873319039102778e-05,0.00011060145608857165
27.644,9.895054126272087e-05,0.00011060088040088898
27.646,9.91681352867559e-05,0.00011060030523756934
27.648,9.9385977322756e-05,0.00011059973059813512
27.65,9.960407188591254e-05,0.00011059915648210913
27.652,9.982242314430893e-05,0.00011059858288901464
27.654,0.00010004103492621055,0.00011059800981837533
27.656,0.0001002599107362929,0.00011059743726971532
27.658,0.0001004790537781644,0.00011059686524255918
27.66,0.00010069846697979128,0.00011059629373643189
27.662,0.00010091815301754648,0.00011059572275085887
27.664,0.00010113811433463487,0.00011059515228536598
27.666,0.00010135835315022156,0.00011059458233947951
27.668,0.00010157887145660835,0.00011059401291272618
27.67,0.00010179967100349866,0.00011059344400463313
27.672,0.00010202075327015667,0.00011059287561472794
27.674,0.00010224211942820028,0.00011059230774253863
27.676,0.00010246377029920407,0.00011059174038759364
27.678,0.00010268570631246237,0.00011059117354942183
27.68,0.0001029079274685716,0.00011059060722755251
27.682,0.00010313043331381488,0.0001105900414215154
27.684,0.0001033532229293827,0.00011058947613084065
27.686,0.00010357629493710708,0.00011058891135505886
27.688,0.00010379964752148213,0.00011058834709370104
27.69,0.00010402327846514094,0.00011058778334629861
27.692,0.00010424718519317306,0.00011058722011238346
27.694,0.00010447136482023299,0.00011058665739148787
27.696,0.0001046958141940153,0.00011058609518314456
27.698,0.0001049205299292401,0.00011058553348688666
27.7,0.000105145508427596,0.00011058497230224777
27.702,0.00010537074588128069,0.00011058441162876186
27.704,0.00010559623826003538,0.00011058385146596335
27.706,0.00010582198128398932,0.00011058329181338709
27.708,0.00010604797038641869,0.00011058273267056833
27.71,0.00010627420067187089,0.00011058217403704279
27.712,0.00010650066687547235,0.00011058161591234655
27.714,0.00010672736332886639,0.00011058105829601616
27.716,0.00010695428393699142,0.00011058050118758857
27.718,0.00010718142216858952,0.00011057994458660117
27.72,0.00010740877106122786,0.00011057938849259175
27.722,0.00010763632324004767,0.00011057883290509853
27.724,0.00010786407094783749,0.00011057827782366015
27.726,0.00010809200608293595,0.00011057772324781569
27.728,0.00010832012024091857,0.00011057716917710461
27.73,0.00010854840475568037,0.00011057661561106682
27.732,0.00010877685073613111,0.00011057606254924265
27.734,0.00010900544909512257,0.00011057550999117282
27.736,0.00010923419056835961,0.0001105749579363985
27.738,0.00010946306572191187,0.00011057440638446127
27.74,0.00010969206494836183,0.0001105738553349031
27.742,0.0001099211784526714,0.00011057330478726642
27.744,0.00011015039622979204,0.00011057275474109404
27.746,0.00011037970803728806,0.00011057220519592923
27.748,0.00011060910336654091,0.00011057165615131562
27.75,0.0001108385714167717,0.0001105711076067973
27.752,0.00011106810107573395,0.00011057055956191877
27.754,0.00011129768091067569,0.00011057001201622491
27.756,0.00011152729917199468,0.00011056946496926106
27.758,0.00011175694381068297,0.00011056891842057294
27.76,0.00011198660250913856,0.0001105683723697067
27.762,0.00011221626272299176,0.00011056782681620891
27.764,0.00011244591173038093,0.00011056728175962654
27.766,0.00011267553668380818,0.00011056673719950696
27.768,0.00011290512465941726,0.00011056619313539799
27.77,0.00011313466269864035,0.00011056564956684783
27.772,0.00011336413783834871,0.0001105651064934051
27.774,0.00011359353712697779,0.00011056456391461884
27.776,0.00011382284762616343,0.00011056402183003849
27.778,0.00011405205639920696,0.0001105634802392139
27.78,0.00011428115048946422,0.00011056293914169536
27.782,0.0001145101168927049,0.00011056239853703352
27.784,0.0001147389425282032,0.00011056185842477946
27.786,0.00011496761421295556,0.00011056131880448468
27.788,0.00011519611864278237,0.00011056077967570109
27.79,0.00011542444238299201,0.00011056024103798098
27.792,0.00011565257187013433,0.00011055970289087709
27.794,0.00011588049342492013,0.00011055916523394252
27.796,0.00011610819327566786,0.0001105586280667308
27.798,0.00011633565759057401,0.0001105580913887959
27.8,0.00011656287251651088,0.00011055755519969213
27.802,0.00011678982422164624,0.00011055701949897426
27.804,0.00011701649893870809,0.00011055648428619744
27.806,0.00011724288300556381,0.00011055594956091723
27.808,0.00011746896289987018,0.00011055541532268958
27.81,0.00011769472526481259,0.00011055488157107089
27.812,0.0001179201569238335,0.00011055434830561791
27.814,0.00011814524488343918,0.00011055381552588782
27.816,0.00011836997632477201,0.00011055328323143822
27.818,0.00011859433858637448,0.00011055275142182707
27.82,0.00011881831914193323,0.00011055222009661278
27.822,0.00011904190557808938,0.00011055168925535412
27.824,0.00011926508557727034,0.00011055115889761029
27.826,0.00011948784690994386,0.00011055062902294088
27.828,0.00011971017743898701,0.00011055009963090588
27.83,0.00011993206513659594,0.00011054957072106569
27.832,0.00012015349811177516,0.0001105490422929811
27.834,0.00012037446464447507,0.00011054851434621331
27.836,0.00012059495322112269,0.00011054798688032392
27.838,0.00012081495256626676,0.0001105474598948749
27.84,0.00012103445166617598,0.00011054693338942868
27.842,0.00012125343978198143,0.00011054640736354801
27.844,0.00012147190645260872,0.0001105458818167961
27.846,0.00012168984148985443,0.00011054535674873654
27.848,0.00012190723496953359,0.0001105448321589333
27.85,0.00012212407722341645,0.00011054430804695079
27.852,0.00012234035883581832,0.00011054378441235376
27.854,0.00012255607064740672,0.00011054326125470739
27.856,0.00012277120376660052,0.00011054273857357727
27.858,0.00012298574958691737,0.00011054221636852935
27.86,0.00012319969980705925,0.00011054169463913
27.862,0.0001234130464498017,0.00011054117338494597
27.864,0.00012362578187628568,0.00011054065260554442
27.866,0.0001238378987932683,0.00011054013230049288
27.868,0.00012404939025285346,0.00011053961246935931
27.87,0.00012426024964595355,0.00011053909311171203
27.872,0.000124470470692107,0.00011053857422711978
27.874,0.0001246800474290373,0.00011053805581515167
27.876,0.00012488897420510916,0.00011053753787537722
27.878,0.0001250972456770949,0.00011053702040736631
27.88,0.0001253048568142582,0.00011053650341068926
27.882,0.00012551180290837737,0.00011053598688491675
27.884,0.0001257180795882388,0.00011053547082961986
27.886,0.000125923682836449,0.00011053495524437006
27.888,0.0001261286090061722,0.00011053444012873921
27.89,0.00012633285483597948,0.00011053392548229955
27.892,0.00012653641746139313,0.00011053341130462374
27.894,0.00012673929442250822,0.00011053289759528478
27.896,0.00012694148366754754,0.0001105323843538561
27.898,0.00012714298355256948,0.00011053187157991152
27.9,0.0001273437928375309,0.0001105313592730252
27.902,0.00012754391067901696,0.00011053084743277176
27.904,0.00012774333661985342,0.00011053033605872615
27.906,0.0001279420705760135,0.00011052982515046373
27.908,0.0001281401128215696,0.00011052931470756024
27.91,0.00012833746397285836,0.0001105288047295918
27.912,0.000128534124973444,0.00011052829521613494
27.914,0.00012873009708180125,0.00011052778616676655
27.916,0.000128925381863378,0.00011052727758106394
27.918,0.00012911998118839184,0.00011052676945860475
27.92,0.00012931389723575356,0.00011052626179896706
27.922,0.00012950713250254686,0.0001105257546017293
27.924,0.00012969968981748757,0.0001105252478664703
27.926,0.0001298915723560797,0.00011052474159276926
27.928,0.00013008278365489047,0.00011052423578020579
27.93,0.0001302733276226249,0.00011052373042835984
27.932,0.00013046320854643055,0.00011052322553681179
27.934,0.00013065243109259894,0.00011052272110514235
27.936,0.0001308410003021867,0.00011052221713293267
27.938,0.00013102892158229859,0.00011052171361976424
27.94,0.00013121620069464707,0.00011052121056521896
27.942,0.00013140284374254087,0.00011052070796887907
27.944,0.0001315888571571705,0.00011052020583032722
27.946,0.00013177424768334332,0.00011051970414914645
27.948,0.0001319590223642718,0.00011051920292492016
27.95,0.00013214318852472888,0.00011051870215723213
27.952,0.0001323267537519545,0.00011051820184566651
27.954,0.00013250972587425014,0.00011051770198980788
27.956,0.0001326921129380292,0.00011051720258924113
27.958,0.0001328739231850046,0.00011051670364355157
27.96,0.0001330551650318701,0.00011051620515232487
27.962,0.00013323584705515117,0.00011051570711514708
27.964,0.00013341597798356843,0.00011051520953160465
27.966,0.0001335955666992861,0.00011051471240128439
27.968,0.0001337746222481302,0.00011051421572377346
27.97,0.00013395315385711782,0.00011051371949865943
27.972,0.0001341311709562679,0.00011051322372553024
27.974,0.0001343086832003435,0.0001105127284039742
27.976,0.00013448570048602614,0.00011051223353358
27.978,0.00013466223295989862,0.00011051173911393669
27.98,0.00013483829101416958,0.00011051124514463372
27.982,0.00013501388526835847,0.00011051075162526089
27.984,0.0001351890265373119,0.00011051025855540838
27.986,0.00013536372578791574,0.00011050976593466675
27.988,0.00013553799408833533,0.00011050927376262693
27.99,0.00013571184255493023,0.00011050878203888022
27.992,0.00013588528230204709,0.0001105082907630183
27.994,0.00013605832439949402,0.0001105077999346332
27.996,0.0001362309798414406,0.00011050730955331735
27.998,0.00013640325952871417,0.00011050681961866354
28.0,0.00013657517426461982,0.00011050633013026492
28.002,0.00013674673476282047,0.00011050584108771503
28.004,0.00013691795166407216,0.00011050535249060777
28.006,0.00013708883555793366,0.0001105048643385374
28.008,0.00013725939700513648,0.00011050437663109857
28.01,0.00013742964655650856,0.00011050388936788628
28.012,0.00013759959476525053,0.00011050340254849592
28.014,0.00013776925219025627,0.00011050291617252322
28.016,0.00013793862938959423,0.0001105024302395643
28.018,0.0001381077369042435,0.00011050194474921566
28.02,0.00013827658523335971,0.00011050145970107413
28.022,0.00013844518480277154,0.00011050097509473693
28.024,0.00013861354592905402,0.00011050049092980166
28.026,0.00013878167878139251,0.00011050000720586625
28.028,0.00013894959334338227,0.00011049952392252903
28.03,0.0001391172993766588,0.00011049904107938867
28.032,0.0001392848063877856,0.00011049855867604423
28.034,0.00013945212359954754,0.00011049807671209512
28.036,0.0001396192599273663,0.00011049759518714112
28.038,0.00013978622396122045,0.00011049711410078237
28.04,0.00013995302395318994,0.00011049663345261937
28.042,0.00014011966781029257,0.00011049615324225301
28.044,0.00014028616309205878,0.00011049567346928452
28.046,0.00014045251701180642,0.00011049519413331548
28.048,0.00014061873644037598,0.00011049471523394786
28.05,0.00014078482791068087,0.000110494236770784
28.052,0.00014095079762131018,0.00011049375874342655
28.054,0.00014111665143734506,0.00011049328115147859
28.056,0.0001412823948867575,0.00011049280399454352
28.058,0.00014144803315098255,0.0001104923272722251
28.06,0.00014161357104902224,0.00011049185098412748
28.062,0.00014177901301499351,0.00011049137512985513
28.064,0.0001419443630699057,0.0001104908997090129
28.066,0.00014210962478929408,0.00011049042472120603
28.068,0.0001422748012689544,0.00011048995016604008
28.07,0.00014243989509137695,0.00011048947604312096
28.072,0.00014260490829570282,0.00011048900235205497
28.074,0.0001427698423534967,0.00011048852909244877
28.076,0.0001429346981520507,0.00011048805626390936
28.078,0.00014309947598581927,0.00011048758386604411
28.08,0.00014326417555557384,0.00011048711189846073
28.082,0.00014342879597344628,0.0001104866403607673
28.084,0.00014359333577148464,0.00011048616925257227
28.086,0.00014375779291037584,0.00011048569857348442
28.088,0.00014392216478531186,0.0001104852283231129
28.09,0.0001440864482262237,0.00011048475850106722
28.092,0.0001442506394905282,0.00011048428910695724
28.094,0.0001444147342478646,0.00011048382014039319
28.096,0.00014457872755753063,0.00011048335160098561
28.098,0.00014474261384050247,0.00011048288348834545
28.1,0.00014490638684896482,0.00011048241580208398
28.102,0.00014507003963647226,0.00011048194854181285
28.104,0.00014523356453192176,0.00011048148170714402
28.106,0.00014539695311989104,0.00011048101529768986
28.108,0.0001455601962287079,0.00011048054931306305
28.11,0.00014572328392657412,0.00011048008375287665
28.112,0.0001458862055247029,0.00011047961861674404
28.114,0.00014604894958541575,0.00011047915390427898
28.116,0.00014621150393238322,0.00011047868961509559
28.118,0.0001463738556600897,0.0001104782257488083
28.12,0.00014653599113975457,0.00011047776230503193
28.122,0.00014669789601974944,0.00011047729928338164
28.124,0.00014685955521937617,0.00011047683668347293
28.126,0.00014702095291621898,0.00011047637450492167
28.128,0.00014718207252810948,0.00011047591274734406
28.13,0.0001473428966918092,0.00011047545141035665
28.132,0.00014750340724088804,0.00011047499049357636
28.134,0.00014766358518547332,0.00011047452999662044
28.136,0.00014782341069629945,0.0001104740699191065
28.138,0.00014798286309492505,0.00011047361026065249
28.14,0.00014814192085117522,0.00011047315102087671
28.142,0.00014830056158797222,0.0001104726921993978
28.144,0.00014845876209284512,0.00011047223379583477
28.146,0.00014861649833455517,0.00011047177580980695
28.148,0.00014877374548259104,0.00011047131824093403
28.15,0.0001489304779269372,0.00011047086108883606
28.152,0.00014908666929539614,0.00011047040435313342
28.154,0.00014924229246581942,0.00011046994803344682
28.156,0.00014939731957136043,0.00011046949212939735
28.158,0.0001495517219975474,0.00011046903664060642
28.16,0.00014970547037116571,0.0001104685815666958
28.162,0.0001498585345423014,0.0001104681269072876
28.164,0.00015001088356206505,0.00011046767266200426
28.166,0.00015016248565943526,0.00011046721883046858
28.168,0.00015031330822142756,0.00011046676541230371
28.17,0.00015046331778042365,0.00011046631240713312
28.172,0.00015061248001183733,0.00011046585981458064
28.174,0.00015076075974380433,0.00011046540763427043
28.176,0.0001509081209785451,0.00011046495586582702
28.178,0.00015105452692325462,0.00011046450450887525
28.18,0.00015119994002629823,0.00011046405356304032
28.182,0.0001513443220137255,0.00011046360302794776
28.184,0.00015148763392068383,0.00011046315290322345
28.186,0.00015162983611340057,0.00011046270318849361
28.188,0.00015177088829912812,0.00011046225388338479
28.19,0.00015191074952383766,0.00011046180498752389
28.192,0.00015204937816015252,0.00011046135650053815
28.194,0.00015218673188984694,0.00011046090842205516
28.196,0.00015232276768666165,0.00011046046075170282
28.198,0.00015245744180516466,0.00011046001348910939
28.2,0.0001525907097801448,0.00011045956663390346
28.202,0.00015272252643892527,0.00011045912018571397
28.204,0.00015285284592646284,0.00011045867414417018
28.206,0.00015298162174026567,0.0001104582285089017
28.208,0.00015310880677060955,0.0001104577832795385
28.21,0.00015323435334046748,0.00011045733845571083
28.212,0.00015335821323998622,0.00011045689403704934
28.214,0.00015348033775196312,0.00011045645002318496
28.216,0.00015360067766682662,0.000110456006413749
28.218,0.00015371918328823642,0.00011045556320837307
28.22,0.00015383580443211972,0.00011045512040668915
28.222,0.00015395049042359778,0.00011045467800832953
28.224,0.00015406319009595988,0.00011045423601292685
28.226,0.00015417385179536885,0.00011045379442011406
28.228,0.00015428242339326017,0.00011045335322952448
28.23,0.00015438885230658353,0.00011045291244079175
28.232,0.00015449308552443537,0.00011045247205354983
28.234,0.00015459506963866557,0.00011045203206743302
28.236,0.00015469475087562625,0.00011045159248207596
28.238,0.00015479207512682854,0.00011045115329711363
28.24,0.00015488698797719143,0.00011045071451218132
28.242,0.00015497943473059697,0.00011045027612691467
28.244,0.00015506936043344592,0.00011044983814094964
28.246,0.00015515670989724834,0.00011044940055392254
28.248,0.00015524142772110818,0.00011044896336546998
28.25,0.00015532345831448504,0.00011044852657522893
28.252,0.00015540274591973986,0.00011044809018283669
28.254,0.00015547923463343235,0.00011044765418793086
28.256,0.00015555286842527623,0.00011044721859014941
28.258,0.00015562359115391493,0.00011044678338913062
28.26,0.00015569134657984356,0.00011044634858451308
28.262,0.00015575607837677458,0.00011044591417593575
28.264,0.00015581773014399598,0.00011044548016303789
28.266,0.00015587624542280978,0.0001104450465454591
28.268,0.00015593156771989583,0.00011044461332283931
28.27,0.00015598364053951452,0.00011044418049481876
28.272,0.0001560324074245924,0.00011044374806103803
28.274,0.0001560778120047526,0.00011044331602113804
28.276,0.00015611979804751455,0.00011044288437476001
28.278,0.00015615830950748964,0.00011044245312154552
28.28,0.00015619329056840156,0.00011044202226113645
28.282,0.0001562246856736568,0.00011044159179317502
28.284,0.00015625243954309388,0.00011044116171730376
28.286,0.0001562764971763365,0.00011044073203316554
28.288,0.00015629680384579315,0.00011044030274040355
28.29,0.0001563133050843638,0.00011043987383866132
28.292,0.00015632594667449026,0.00011043944532758268
28.294,0.00015633467464473724,0.00011043901720681179
28.296,0.00015633943527919018,0.00011043858947599314
28.298,0.00015634017514243857,0.00011043816213477155
28.3,0.00015633684112045207,0.00011043773518279217
28.302,0.0001563293804747796,0.00011043730861970043
28.304,0.0001563177409055355,0.00011043688244514214
28.306,0.00015630187061722937,0.0001104364566587634
28.308,0.00015628171838142813,0.00011043603126021062
28.31,0.00015625723359104433,0.00011043560624913056
28.312,0.0001562283663022882,0.0001104351816251703
28.314,0.00015619506726271144,0.00011043475738797723
28.316,0.00015615728792525238,0.00011043433353719906
28.318,0.00015611498045041048,0.00011043391007248384
28.32,0.00015606809769968448,0.0001104334869934799
28.322,0.00015601659322426404,0.00011043306429983594
28.324,0.00015596042125332255,0.00011043264199120094
28.326,0.00015589953668604227,0.00011043222006722423
28.328,0.00015583389509077802,0.00011043179852755543
28.33,0.00015576345271409346,0.0001104313773718445
28.332,0.0001556881665010771,0.00011043095659974172
28.334,0.00015560799412723763,0.00011043053621089768
28.336,0.00015552289404066578,0.00011043011620496328
28.338,0.00015543282551197152,0.00011042969658158976
28.34,0.00015533774868836566,0.00011042927734042865
28.342,0.00015523762464734662,0.00011042885848113184
28.344,0.00015513241544553674,0.0001104284400033515
28.346,0.0001550220841585544,0.00011042802190674011
28.348,0.0001549065949090397,0.0001104276041909505
28.35,0.00015478591288177652,0.0001104271868556358
28.352,0.00015466000432670893,0.00011042676990044945
28.354,0.00015452883655275686,0.00011042635332504522
28.356,0.00015439237791659778,0.00011042593712907718
28.358,0.0001542505978115389,0.00011042552131219972
28.36,0.0001541034666611153,0.00011042510587406754
28.362,0.0001539509559212028,0.00011042469081433568
28.364,0.00015379303809239634,0.00011042427613265946
28.366,0.00015362968674239062,0.00011042386182869453
28.368,0.00015346087653610223,0.00011042344790209686
28.37,0.00015328658326965996,0.00011042303435252274
28.372,0.0001531067839039832,0.00011042262117962872
28.374,0.00015292145659376487,0.00011042220838307174
28.376,0.00015273058070904258,0.000110421795962509
28.378,0.00015253413684813383,0.00011042138391759804
28.38,0.00015233210684282016,0.00011042097224799667
28.382,0.00015212447375816834,0.00011042056095336307
28.384,0.00015191122189049737,0.00011042015003335568
28.386,0.0001516923367671905,0.00011041973948763329
28.388,0.00015146780515142922,0.00011041932931585497
28.39,0.00015123761505362,0.00011041891951768012
28.392,0.00015100175574953885,0.00011041851009276845
28.394,0.0001507602178036815,0.00011041810104077996
28.396,0.00015051299309482133,0.00011041769236137499
28.398,0.00015026007484025052,0.00011041728405421417
28.4,0.0001500014576151129,0.00011041687611895845
28.402,0.0001497371373641816,0.00011041646855526907
28.404,0.00014946711140460058,0.00011041606136280758
28.406,0.00014919137841985065,0.00011041565454123587
28.408,0.00014890993844676135,0.00011041524809021611
28.41,0.0001486227928586035,0.00011041484200941078
28.412,0.00014832994434813395,0.00011041443629848267
28.414,0.0001480313969144967,0.00011041403095709488
28.416,0.00014772715585725544,0.00011041362598491083
28.418,0.00014741722777985035,0.00011041322138159421
28.42,0.00014710162060295562,0.00011041281714680904
28.422,0.00014678034358688868,0.00011041241328021966
28.424,0.00014645340736030331,0.00011041200978149068
28.426,0.0001461208239514751,0.00011041160665028706
28.428,0.00014578260681768015,0.00011041120388627403
28.43,0.00014543877086832697,0.00011041080148911714
28.432,0.00014508933247822582,0.00011041039945848222
28.434,0.00014473430948873175,0.00011040999779403544
28.436,0.0001443737211963639,0.00011040959649544327
28.438,0.00014400758833034332,0.00011040919556237245
28.44,0.00014363593302227134,0.00011040879499449007
28.442,0.00014325877877239762,0.00011040839479146348
28.444,0.00014287615041751523,0.00011040799495296037
28.446,0.00014248807410514045,0.00011040759547864869
28.448,0.00014209457727763265,0.00011040719636819674
28.45,0.00014169568866807792,0.00011040679762127309
28.452,0.00014129143830790962,0.00011040639923754663
28.454,0.0001408818575440673,0.00011040600121668653
28.456,0.00014046697906204775,0.00011040560355836228
28.458,0.00014004683691022592,0.00011040520626224366
28.46,0.0001396214665208701,0.00011040480932800077
28.462,0.00013919090472385725,0.000110404412755304
28.464,0.00013875518975068092,0.00011040401654382402
28.466,0.00013831436122803398,0.00011040362069323182
28.468,0.00013786846016198206,0.00011040322520319869
28.47,0.00013741752891536154,0.00011040283007339623
28.472,0.00013696161118169776,0.0001104024353034963
28.474,0.00013650075195936073,0.0001104020408931711
28.476,0.00013603499752897613,0.0001104016468420931
28.478,0.00013556439543618794,0.0001104012531499351
28.48,0.00013508899448062792,0.00011040085981637016
28.482,0.0001346088447105422,0.00011040046684107167
28.484,0.00013412399742160935,0.0001104000742237133
28.486,0.00013363450515790784,0.00011039968196396903
28.488,0.00013314042171287297,0.00011039929006151311
28.49,0.00013264180212849,0.00011039889851602011
28.492,0.00013213870269160067,0.0001103985073271649
28.494,0.00013163118092714734,0.00011039811649462265
28.496,0.00013111929558870725,0.00011039772601806878
28.498,0.00013060310664736395,0.00011039733589717906
28.5,0.00013008267527999298,0.00011039694613162954
28.502,0.00012955806385803374,0.00011039655672109654
28.504,0.00012902933593731373,0.00011039616766525671
28.506,0.0001284965562491363,0.00011039577896378698
28.508,0.000127959790692127,0.00011039539061636456
28.51,0.00012741910632407756,0.00011039500262266698
28.512,0.00012687457135288942,0.00011039461498237205
28.514,0.0001263262551256121,0.00011039422769515787
28.516,0.00012577422811504868,0.00011039384076070284
28.518,0.00012521856190368452,0.00011039345417868565
28.52,0.00012465932916534383,0.00011039306794878528
28.522,0.0001240966036451726,0.00011039268207068102
28.524,0.00012353046013909702,0.00011039229654405241
28.526,0.00012296097447379831,0.00011039191136857934
28.528,0.00012238822348825695,0.00011039152654394195
28.53,0.00012181228501757728,0.00011039114206982066
28.532,0.00012123323787942301,0.00011039075794589624
28.534,0.00012065116186303946,0.00011039037417184969
28.536,0.00012006613772035784,0.00011038999074736234
28.538,0.000119478247158611,0.00011038960767211578
28.54,0.00011888757283358576,0.00011038922494579192
28.542,0.0001182941983427948,0.00011038884256807294
28.544,0.00011769820821799554,0.00011038846053864131
28.546,0.00011709968791647205,0.00011038807885717979
28.548,0.00011649872381086775,0.00011038769752337144
28.55,0.00011589540317729438,0.00011038731653689961
28.552,0.0001152898141815604,0.00011038693589744792
28.554,0.00011468204586343065,0.00011038655560470028
28.556,0.00011407218811876898,0.00011038617565834091
28.558,0.00011346033167955051,0.0001103857960580543
28.56,0.00011284656809186895,0.00011038541680352523
28.562,0.0001122309896922931,0.00011038503789443876
28.564,0.00011161368958312379,0.00011038465933048026
28.566,0.00011099476160745862,0.00011038428111133536
28.568,0.00011037430032495175,0.00011038390323669
28.57,0.00010975240098936312,0.00011038352570623037
28.572,0.00010912915952857194,0.00011038314851964299
28.574,0.00010850467252768831,0.00011038277167661463
28.576,0.00010787903721524067,0.00011038239517683238
28.578,0.00010725235145195968,0.00011038201901998359
28.58,0.00010662471372146928,0.0001103816432057559
28.582,0.00010599622312160816,0.00011038126773383722
28.584,0.0001053669793550797,0.00011038089260391577
28.586,0.00010473708271827063,0.00011038051781568005
28.588,0.00010410663408706703,0.00011038014336881882
28.59,0.00010347573489888375,0.00011037976926302116
28.592,0.00010284448713064534,0.00011037939549797639
28.594,0.00010221299327259436,0.00011037902207337416
28.596,0.00010158135629857654,0.00011037864898890437
28.598,0.00010094967963363207,0.00011037827624425721
28.6,0.00010031806712026541,0.00011037790383912315
28.602,9.968662298505399e-05,0.00011037753177319296
28.604,9.905545180736282e-05,0.00011037716004615766
28.606,9.842465849202751e-05,0.00011037678865770859
28.608,9.779434824751206e-05,0.00011037641760753732
28.61,9.716462657046986e-05,0.00011037604689533576
28.612,9.653559923683417e-05,0.00011037567652079605
28.614,9.590737229851464e-05,0.00011037530648361064
28.616,9.528005208382347e-05,0.00011037493678347226
28.618,9.465374519871932e-05,0.0001103745674200739
28.62,9.40285585255923e-05,0.00011037419839310885
28.622,9.340459921611037e-05,0.00011037382970227067
28.624,9.278197467536038e-05,0.00011037346134725319
28.626,9.216079253535078e-05,0.00011037309332775054
28.628,9.154116061760474e-05,0.00011037272564345711
28.63,9.092318688614454e-05,0.00011037235829406759
28.632,9.030697939353677e-05,0.00011037199127927692
28.634,8.969264622406587e-05,0.00011037162459878033
28.636,8.908029543843674e-05,0.00011037125825227334
28.638,8.847003502439381e-05,0.00011037089223945173
28.64,8.786197285680902e-05,0.00011037052656001156
28.642,8.725621666940776e-05,0.00011037016121364919
28.644,8.665287403874281e-05,0.00011036979620006122
28.646,8.605205237914786e-05,0.00011036943151894455
28.648,8.545385894603574e-05,0.00011036906716999634
28.65,8.485840084386341e-05,0.00011036870315291405
28.652,8.426578503443445e-05,0.0001103683394673954
28.654,8.367611834150923e-05,0.00011036797611313837
28.656,8.308950744819827e-05,0.00011036761308984123
28.658,8.25060588846666e-05,0.00011036725039720256
28.66,8.192587900501908e-05,0.00011036688803492116
28.662,8.134907395337649e-05,0.00011036652600269612
28.664,8.077574962037936e-05,0.0001103661643002268
28.666,8.020601159223138e-05,0.00011036580292721287
28.668,7.96399650949973e-05,0.00011036544188335423
28.67,7.907771493699028e-05,0.00011036508116835107
28.672,7.851936545227219e-05,0.00011036472078190386
28.674,7.796502044785713e-05,0.00011036436072371334
28.676,7.741478315679682e-05,0.0001103640009934805
28.678,7.686875619885612e-05,0.00011036364159090664
28.68,7.632704154970221e-05,0.00011036328251569331
28.682,7.578974051893242e-05,0.00011036292376754233
28.684,7.525695373638391e-05,0.00011036256534615579
28.686,7.472878114535975e-05,0.00011036220725123607
28.688,7.420532200083643e-05,0.0001103618494824858
28.69,7.368667486982219e-05,0.00011036149203960789
28.692,7.317293763093726e-05,0.00011036113492230553
28.694,7.266420747006227e-05,0.00011036077813028217
28.696,7.216058086943193e-05,0.00011036042166324152
28.698,7.166215358825941e-05,0.00011036006552088758
28.7,7.11690206342359e-05,0.00011035970970292461
28.702,7.068127622643781e-05,0.00011035935420905712
28.704,7.01990137515637e-05,0.00011035899903898994
28.706,6.972232571632553e-05,0.00011035864419242811
28.708,6.925130369920327e-05,0.00011035828966907699
28.71,6.878603830476253e-05,0.00011035793546864217
28.712,6.832661912259643e-05,0.00011035758159082952
28.714,6.787313469214018e-05,0.00011035722803534519
28.716,6.742567247271616e-05,0.0001103568748018956
28.718,6.698431881724362e-05,0.0001103565218901874
28.72,6.65491589470685e-05,0.00011035616929992754
28.722,6.612027692536087e-05,0.00011035581703082324
28.724,6.56977556272027e-05,0.00011035546508258197
28.726,6.528167670568416e-05,0.00011035511345491146
28.728,6.487212055491552e-05,0.00011035476214751974
28.73,6.446916627233135e-05,0.00011035441116011509
28.732,6.407289162348387e-05,0.00011035406049240604
28.734,6.368337301268826e-05,0.00011035371014410139
28.736,6.330068546201196e-05,0.00011035336011491023
28.738,6.292490259951952e-05,0.00011035301040454187
28.74,6.255609665558474e-05,0.00011035266101270593
28.742,6.219433846406844e-05,0.00011035231193911228
28.744,6.183969746371557e-05,0.00011035196318347104
28.746,6.149224169462207e-05,0.0001103516147454926
28.748,6.11520377850792e-05,0.00011035126662488763
28.75,6.081915092614622e-05,0.00011035091882136704
28.752,6.049364483330585e-05,0.00011035057133464202
28.754,6.01755816976071e-05,0.00011035022416442401
28.756,5.986502213064635e-05,0.00011034987731042474
28.758,5.95620251092106e-05,0.00011034953077235617
28.76,5.9266647925581756e-05,0.00011034918454993054
28.762,5.897894614809195e-05,0.00011034883864286034
28.764,5.869897359464823e-05,0.00011034849305085834
28.766,5.842678231898665e-05,0.00011034814777363756
28.768,5.816242260705399e-05,0.00011034780281091127
28.77,5.790594297881942e-05,0.00011034745816239303
28.772,5.7657390190204264e-05,0.00011034711382779663
28.774,5.7416809230053715e-05,0.00011034676980683615
28.776,5.718424330879689e-05,0.00011034642609922591
28.778,5.695973383739123e-05,0.0001103460827046805
28.78,5.674332039762362e-05,0.00011034573962291475
28.782,5.653504070664863e-05,0.00011034539685364378
28.784,5.63349305796029e-05,0.00011034505439658296
28.786,5.614302389422283e-05,0.0001103447122514479
28.788,5.595935256037194e-05,0.00011034437041795449
28.79,5.578394649599691e-05,0.00011034402889581887
28.792,5.561683360917126e-05,0.00011034368768475744
28.794,5.5458039784796866e-05,0.00011034334678448688
28.796,5.5307588873700126e-05,0.00011034300619472408
28.798,5.516550268207434e-05,0.00011034266591518623
28.8,5.503180095998115e-05,0.00011034232594559076
28.802,5.490650138896379e-05,0.00011034198628565535
28.804,5.478961956958604e-05,0.00011034164693509796
28.806,5.4681169010821506e-05,0.0001103413078936368
28.808,5.4581161122843926e-05,0.0001103409691609903
28.81,5.448960521414706e-05,0.00011034063073687721
28.812,5.4406508492689796e-05,0.00011034029262101649
28.814,5.433187606921179e-05,0.00011033995481312737
28.816,5.4265710959761186e-05,0.00011033961731292933
28.818,5.420801408396217e-05,0.00011033928012014212
28.82,5.4158784255938354e-05,0.00011033894323448573
28.822,5.41180181661289e-05,0.00011033860665568042
28.824,5.408571035414062e-05,0.00011033827038344668
28.826,5.406185317478914e-05,0.0001103379344175053
28.828,5.4046436761527306e-05,0.00011033759875757726
28.83,5.40394489923007e-05,0.00011033726340338385
28.832,5.4040875462974126e-05,0.00011033692835464657
28.834,5.4050699472418116e-05,0.00011033659361108723
28.836,5.406890202134413e-05,0.00011033625917242783
28.838,5.4095461824603004e-05,0.00011033592503839067
28.84,5.4130355334271445e-05,0.00011033559120869828
28.842,5.417355676899334e-05,0.00011033525768307345
28.844,5.422503814420359e-05,0.00011033492446123923
28.846,5.428476929802592e-05,0.00011033459154291889
28.848,5.435271790862211e-05,0.00011033425892783599
28.85,5.442884950095241e-05,0.00011033392661571434
28.852,5.4513127442696185e-05,0.00011033359460627797
28.854,5.460551293139538e-05,0.00011033326289925119
28.856,5.4705964976179535e-05,0.00011033293149435854
28.858,5.481444037821747e-05,0.00011033260039132483
28.86,5.493089371397543e-05,0.00011033226958987512
28.862,5.505527732450753e-05,0.00011033193908973471
28.864,5.5187541312850086e-05,0.00011033160889062914
28.866,5.532763355009866e-05,0.00011033127899228423
28.868,5.5475499689409824e-05,0.00011033094939442603
28.87,5.5631083186165384e-05,0.00011033062009678083
28.872,5.579432532196961e-05,0.00011033029109907519
28.874,5.5965165229828196e-05,0.00011032996240103592
28.876,5.614353991825477e-05,0.00011032963400239005
28.878,5.632938429238754e-05,0.0001103293059028649
28.88,5.6522631170989394e-05,0.000110328978102188
28.882,5.672321129899032e-05,0.00011032865060008717
28.884,5.693105335594202e-05,0.00011032832339629042
28.886,5.714608396164895e-05,0.00011032799649052607
28.888,5.736822768066106e-05,0.00011032766988252264
28.89,5.759740702782355e-05,0.00011032734357200891
28.892,5.7833542477097436e-05,0.00011032701755871394
28.894,5.807655247570587e-05,0.00011032669184236698
28.896,5.832635346490456e-05,0.00011032636642269758
28.898,5.85828599080758e-05,0.0001103260412994355
28.9,5.884598432540034e-05,0.00011032571647231075
28.902,5.911563733372025e-05,0.0001103253919410536
28.904,5.9391727689019625e-05,0.00011032506770539457
28.906,5.9674162328599643e-05,0.00011032474376506441
28.908,5.996284641003991e-05,0.00011032442011979412
28.91,6.0257683344486766e-05,0.00011032409676931494
28.912,6.055857482281482e-05,0.00011032377371335838
28.914,6.08654208344907e-05,0.00011032345095165615
28.916,6.117811968012107e-05,0.00011032312848394025
28.918,6.149656798002138e-05,0.00011032280630994289
28.92,6.182066068155966e-05,0.00011032248442939654
28.922,6.21502910687232e-05,0.00011032216284203392
28.924,6.248535077660059e-05,0.00011032184154758797
28.926,6.282572981328267e-05,0.0001103215205457919
28.928,6.317131659040527e-05,0.00011032119983637915
28.93,6.352199796247929e-05,0.0001103208794190834
28.932,6.387765927434692e-05,0.00011032055929363858
28.934,6.423818441486381e-05,0.00011032023945977886
28.936,6.460345587464111e-05,0.00011031991991723864
28.938,6.497335480509922e-05,0.00011031960066575258
28.94,6.534776107638895e-05,0.00011031928170505558
28.942,6.572655333185844e-05,0.00011031896303488275
28.944,6.610960903734065e-05,0.0001103186446549695
28.946,6.64968045245242e-05,0.00011031832656505143
28.948,6.68880150282018e-05,0.00011031800876486441
28.95,6.72831147183303e-05,0.00011031769125414454
28.952,6.768197672855305e-05,0.00011031737403262815
28.954,6.80844731833841e-05,0.00011031705710005181
28.956,6.849047522651031e-05,0.00011031674045615236
28.958,6.889985305260012e-05,0.00011031642410066685
28.96,6.9312475944434e-05,0.00011031610803333258
28.962,6.972821231644567e-05,0.0001103157922538871
28.964,7.014692976470184e-05,0.00011031547676206818
28.966,7.05684951224225e-05,0.00011031516155761383
28.968,7.099277451919729e-05,0.00011031484664026231
28.97,7.141963344177878e-05,0.0001103145320097521
28.972,7.184893679412505e-05,0.00011031421766582196
28.974,7.228054895474019e-05,0.00011031390360821084
28.976,7.271433383027642e-05,0.00011031358983665795
28.978,7.315015490509245e-05,0.00011031327635090273
28.98,7.358787528749202e-05,0.00011031296315068488
28.982,7.402735775407546e-05,0.00011031265023574431
28.984,7.446846479408792e-05,0.00011031233760582117
28.986,7.491105865556517e-05,0.00011031202526065586
28.988,7.535500139482946e-05,0.000110311713199989
28.99,7.580015493004174e-05,0.00011031140142356146
28.992,7.624638109888108e-05,0.00011031108993111435
28.994,7.669354171943102e-05,0.000110310778722389
28.996,7.714149865277144e-05,0.00011031046779712698
28.998,7.759011386540042e-05,0.0001103101571550701
29.0,7.803924948946301e-05,0.00011030984679596042
29.002,7.848876787915609e-05,0.00011030953671954021
29.004,7.893853166225862e-05,0.00011030922692555196
29.006,7.938840378646013e-05,0.00011030891741373844
29.008,7.983824756118384e-05,0.00011030860818384263
29.01,8.02879266963636e-05,0.00011030829923560774
29.012,8.073730534032008e-05,0.00011030799056877723
29.014,8.11862481193052e-05,0.00011030768218309479
29.016,8.163462018118298e-05,0.00011030737407830432
29.018,8.208228724536384e-05,0.00011030706625414997
29.02,8.25291156602711e-05,0.00011030675871037613
29.022,8.297497246847899e-05,0.00011030645144672741
29.024,8.34197254786095e-05,0.00011030614446294868
29.026,8.38632433416683e-05,0.000110305837758785
29.028,8.430539562895035e-05,0.00011030553133398169
29.03,8.474605290792666e-05,0.0001103052251882843
29.032,8.518508681279937e-05,0.0001103049193214386
29.034,8.562237010698906e-05,0.0001103046137331906
29.036,8.605777673595487e-05,0.00011030430842328655
29.038,8.649118187000295e-05,0.00011030400339147291
29.04,8.692246193837737e-05,0.0001103036986374964
29.042,8.735149465687004e-05,0.00011030339416110393
29.044,8.777815905229553e-05,0.00011030308996204268
29.046,8.820233548727794e-05,0.00011030278604006003
29.048,8.862390568880279e-05,0.00011030248239490362
29.05,8.904275278293533e-05,0.00011030217902632129
29.052,8.945876133737415e-05,0.00011030187593406112
29.054,8.987181741209597e-05,0.00011030157311787144
29.056,9.028180861715351e-05,0.00011030127057750078
29.058,9.06886241758199e-05,0.00011030096831269793
29.06,9.109215499050584e-05,0.00011030066632321185
29.062,9.149229370882016e-05,0.00011030036460879182
29.064,9.188893478691325e-05,0.00011030006316918726
29.066,9.228197454816097e-05,0.00011029976200414786
29.068,9.26713112354633e-05,0.00011029946111342355
29.07,9.305684505646225e-05,0.00011029916049676446
29.072,9.343847822174868e-05,0.00011029886015392096
29.074,9.381611497677269e-05,0.00011029856008464364
29.076,9.418966162883953e-05,0.00011029826028868333
29.078,9.455902657094464e-05,0.00011029796076579108
29.08,9.492412030432554e-05,0.00011029766151571817
29.082,9.52848554615797e-05,0.0001102973625382161
29.084,9.564114683183319e-05,0.0001102970638330366
29.086,9.599291138890479e-05,0.00011029676539993162
29.088,9.63400683227324e-05,0.00011029646723865334
29.09,9.668253907357466e-05,0.00011029616934895419
29.092,9.702024736792485e-05,0.00011029587173058678
29.094,9.735311925442272e-05,0.00011029557438330397
29.096,9.768108313803644e-05,0.00011029527730685885
29.098,9.800406981083788e-05,0.00011029498050100473
29.1,9.83220124783017e-05,0.00011029468396549515
29.102,9.863484678076065e-05,0.00011029438770008385
29.104,9.894251081058415e-05,0.00011029409170452483
29.106,9.924494512658694e-05,0.00011029379597857229
29.108,9.954209276754122e-05,0.00011029350052198064
29.11,9.983389926709256e-05,0.00011029320533450456
29.112,0.00010012031267177649,0.00011029291041589893
29.114,0.0001004012835632128,0.00011029261576591883
29.116,0.00010067676508438033,0.00011029232138431958
29.118,0.00010094671296850965,0.00011029202727085675
29.12,0.00010121108556828006,0.00011029173342528608
29.122,0.00010146984388210848,0.0001102914398473636
29.124,0.00010172295157452402,0.00011029114653684549
29.126,0.00010197037498798159,0.0001102908534934882
29.128,0.00010221208314473143,0.00011029056071704838
29.13,0.00010244804773885596,0.00011029026820728292
29.132,0.00010267824312007788,0.00011028997596394891
29.134,0.00010290264627226228,0.00011028968398680368
29.136,0.00010312123679023877,0.00011028939227560477
29.138,0.00010333399685880464,0.00011028910083010994
29.14,0.00010354091123697956,0.00011028880965007718
29.142,0.00010374196724968925,0.00011028851873526469
29.144,0.00010393715478754639,0.0001102882280854309
29.146,0.00010412646631393446,0.00011028793770033445
29.148,0.00010430989687748662,0.00011028764757973422
29.15,0.00010448744412712175,0.00011028735772338928
29.152,0.00010465910832665269,0.00011028706813105892
29.154,0.00010482489236603518,0.00011028677880250269
29.156,0.0001049848017668528,0.00011028648973748033
29.158,0.00010513884468040504,0.00011028620093575178
29.16,0.00010528703187754075,0.00011028591239707723
29.162,0.00010542937673005558,0.00011028562412121709
29.164,0.00010556589518421167,0.00011028533610793196
29.166,0.00010569660572739519,0.00011028504835698269
29.168,0.00010582152934938751,0.00011028476086813032
29.17,0.00010594068950000907,0.00011028447364113612
29.172,0.00010605411204533071,0.00011028418667576159
29.174,0.000106161825224604,0.00011028389997176843
29.176,0.00010626385961009335,0.00011028361352891855
29.178,0.00010636024807179556,0.0001102833273469741
29.18,0.00010645102574824886,0.00011028304142569743
29.182,0.0001065362300240997,0.00011028275576485112
29.184,0.00010661590051382895,0.00011028247036419795
29.186,0.00010669007905031317,0.00011028218522350092
29.188,0.00010675880967580477,0.00011028190034252327
29.19,0.0001068221386325358,0.00011028161572102841
29.192,0.00010688011434997824,0.00011028133135878001
29.194,0.00010693278742609838,0.00011028104725554192
29.196,0.0001069802106007875,0.00011028076341107824
29.198,0.00010702243872062663,0.00011028047982515325
29.2,0.00010705952869528089,0.00011028019649753147
29.202,0.00010709153944694658,0.00011027991342797762
29.204,0.00010711853185501004,0.00011027963061625663
29.206,0.00010714056869846496,0.00011027934806213369
29.208,0.00010715771459873495,0.00011027906576537412
29.21,0.00010717003596501339,0.00011027878372574354
29.212,0.00010717760094374444,0.00011027850194300772
29.214,0.0001071804793728308,0.00011027822041693269
29.216,0.00010717874274065587,0.00011027793914728465
29.218,0.0001071724641489541,0.00011027765813383006
29.22,0.00010716171827852956,0.00011027737737633555
29.222,0.0001071465813563066,0.00011027709687456797
29.224,0.00010712713112246605,0.0001102768166282944
29.226,0.00010710344679661668,0.00011027653663728215
29.228,0.00010707560904220443,0.00011027625690129868
29.23,0.00010704369992888223,0.00011027597742011172
29.232,0.0001070078028926311,0.00011027569819348917
29.234,0.00010696800269369762,0.00011027541922119919
29.236,0.00010692438537237244,0.00011027514050301009
29.238,0.00010687703820254096,0.00011027486203869044
29.24,0.0001068260496429302,0.000110274583828009
29.242,0.0001067715092859034,0.00011027430587073475
29.244,0.00010671350780364858,0.00011027402816663688
29.246,0.00010665213689205102,0.00011027375071548476
29.248,0.00010658748921262408,0.00011027347351704802
29.25,0.00010651965833325364,0.00011027319657109647
29.252,0.00010644873866896417,0.00011027291987740013
29.254,0.0001063748254238012,0.00011027264343572923
29.256,0.00010629801453498451,0.00011027236724585423
29.258,0.00010621840262023283,0.00011027209130754576
29.26,0.00010613608692862467,0.00011027181562057469
29.262,0.0001060511652950089,0.0001102715401847121
29.264,0.00010596373609738669,0.00011027126499972926
29.266,0.0001058738982166594,0.00011027099006539767
29.268,0.00010578175099784286,0.000110270715381489
29.27,0.00010568739421218613,0.00011027044094777519
29.272,0.00010559092801966696,0.00011027016676402831
29.274,0.00010549245293185303,0.0001102698928300207
29.276,0.00010539206977484924,0.00011026961914552489
29.278,0.00010528987965241292,0.0001102693457103136
29.28,0.00010518598390872608,0.00011026907252415978
29.282,0.00010508048409003844,0.00011026879958683658
29.284,0.00010497348190417982,0.00011026852689811735
29.286,0.00010486507917661709,0.00011026825445777563
29.288,0.00010475537780193849,0.00011026798226558521
29.29,0.00010464447969033857,0.00011026771032132007
29.292,0.00010453248670924827,0.00011026743862475436
29.294,0.00010441950062161791,0.00011026716717566248
29.296,0.0001043056230231001,0.00011026689597381901
29.298,0.00010419095528115904,0.00011026662501899876
29.3,0.00010407559847931853,0.00011026635431097672
29.302,0.00010395965336929347,0.0001102660838495281
29.304,0.00010384322033282395,0.00011026581363442831
29.306,0.00010372639935352656,0.00011026554366545295
29.308,0.00010360928999768604,0.00011026527394237784
29.31,0.00010349199140135786,0.00011026500446497902
29.312,0.00010337460226036349,0.00011026473523303271
29.314,0.00010325722081931511,0.00011026446624631533
29.316,0.00010313994485611997,0.00011026419750460353
29.318,0.00010302287165944095,0.00011026392900767414
29.32,0.00010290609799772439,0.0001102636607553042
29.322,0.00010278972007987978,0.00011026339274727096
29.324,0.00010267383350900441,0.00011026312498335185
29.326,0.00010255853323134381,0.00011026285746332453
29.328,0.00010244391348327713,0.00011026259018696685
29.33,0.00010233006773908976,0.00011026232315405688
29.332,0.00010221708866174886,0.00011026205636437285
29.334,0.0001021050680586816,0.00011026178981769324
29.336,0.00010199409684338809,0.0001102615235137967
29.338,0.00010188426500349116,0.0001102612574524621
29.34,0.00010177566157501057,0.0001102609916334685
29.342,0.00010166837462236426,0.00011026072605659515
29.344,0.00010156249122333531,0.00011026046072162154
29.346,0.0001014580974577981,0.00011026019562832733
29.348,0.00010135527839906953,0.00011025993077649237
29.35,0.00010125411810615442,0.00011025966616589674
29.352,0.0001011546996152582,0.0001102594017963207
29.354,0.00010105710492876932,0.00011025913766754474
29.356,0.00010096141500001433,0.00011025887377934951
29.358,0.00010086770971254044,0.00011025861013151588
29.36,0.00010077606785334806,0.00011025834672382492
29.362,0.00010068656708044637,0.00011025808355605789
29.364,0.00010059928388601585,0.00011025782062799627
29.366,0.00010051429355748363,0.00011025755793942173
29.368,0.00010043167013952875,0.00011025729549011611
29.37,0.00010035148640028549,0.00011025703327986149
29.372,0.00010027381380472477,0.00011025677130844011
29.374,0.0001001987224975663,0.00011025650957563447
29.376,0.0001001262812966903,0.00011025624808122719
29.378,0.00010005655769654845,0.00011025598682500113
29.38,9.998961787968929e-05,0.00011025572580673936
29.382,9.992552673294905e-05,0.00011025546502622512
29.384,9.986434786432708e-05,0.00011025520448324187
29.386,9.980614361608224e-05,0.00011025494417757325
29.388,9.975097507033532e-05,0.0001102546841090031
29.39,9.969890204435298e-05,0.00011025442427731545
29.392,9.964998307440009e-05,0.00011025416468229455
29.394,9.960427538882018e-05,0.00011025390532372483
29.396,9.956183487251288e-05,0.00011025364620139092
29.398,9.95227160265731e-05,0.00011025338731507764
29.4,9.948697192735723e-05,0.00011025312866457001
29.402,9.945465418946417e-05,0.00011025287024965327
29.404,9.942581293661339e-05,0.0001102526120701128
29.406,9.940049678309565e-05,0.00011025235412573423
29.408,9.937875282738993e-05,0.00011025209641630335
29.41,9.936062665758727e-05,0.00011025183894160618
29.412,9.934616236731859e-05,0.0001102515817014289
29.414,9.9335402579382e-05,0.0001102513246955579
29.416,9.932838847382854e-05,0.00011025106792377976
29.418,9.932515981696384e-05,0.00011025081138588125
29.42,9.932575498772802e-05,0.00011025055508164936
29.422,9.933021099862118e-05,0.00011025029901087124
29.424,9.933856350886776e-05,0.00011025004317333426
29.426,9.935084682850889e-05,0.00011024978756882597
29.428,9.936709391294697e-05,0.00011024953219713412
29.43,9.938733634862045e-05,0.00011024927705804664
29.432,9.941160433117443e-05,0.00011024902215135167
29.434,9.943992663855202e-05,0.00011024876747683754
29.436,9.947233060194802e-05,0.00011024851303429276
29.438,9.950884207799343e-05,0.00011024825882350605
29.44,9.954948542559494e-05,0.0001102480048442663
29.442,9.959428349037074e-05,0.00011024775109636261
29.444,9.96432575989642e-05,0.00011024749757958428
29.446,9.96964275642685e-05,0.0001102472442937208
29.448,9.975381170119448e-05,0.00011024699123856181
29.45,9.98154268513804e-05,0.0001102467384138972
29.452,9.988128841387533e-05,0.00011024648581951701
29.454,9.995141037818893e-05,0.00011024623345521149
29.456,0.00010002580535573507,0.00011024598132077107
29.458,0.00010010448460617332,0.0001102457294159864
29.46,0.00010018745805601213,0.00011024547774064828
29.462,0.0001002747343081146,0.00011024522629454773
29.464,0.00010036632064234097,0.00011024497507747594
29.466,0.00010046222300874217,0.00011024472408922431
29.468,0.0001005624460159951,0.00011024447332958441
29.47,0.00010066699291810264,0.00011024422279834802
29.472,0.00010077586560253114,0.0001102439724953071
29.474,0.00010088906458219051,0.00011024372242025378
29.476,0.00010100658899295565,0.00011024347257298042
29.478,0.00010112843659710318,0.00011024322295327953
29.48,0.00010125460379209193,0.00011024297356094385
29.482,0.00010138508562317868,0.00011024272439576626
29.484,0.00010151987579822209,0.00011024247545753987
29.486,0.00010165896670284026,0.00011024222674605796
29.488,0.00010180234941468576,0.00011024197826111399
29.49,0.00010195001371635131,0.00011024173000250163
29.492,0.00010210194810702968,0.00011024148197001472
29.494,0.0001022581398138616,0.0001102412341634473
29.496,0.00010241857480398527,0.00011024098658259359
29.498,0.00010258323779836255,0.000110240739227248
29.5,0.00010275211228775793,0.00011024049209720514
29.502,0.00010292518055081773,0.00011024024519225977
29.504,0.00010310242367305174,0.00011023999851220686
29.506,0.00010328382156516234,0.00011023975205684159
29.508,0.00010346935297879151,0.00011023950582595928
29.51,0.00010365899551795236,0.00011023925981935548
29.512,0.00010385272564511281,0.0001102390140368259
29.514,0.00010405051868200595,0.00011023876847816645
29.516,0.00010425234880623153,0.0001102385231431732
29.518,0.0001044581890459763,0.00011023827803164244
29.52,0.0001046680112757564,0.00011023803314337063
29.522,0.00010488178621619073,0.0001102377884781544
29.524,0.00010509948344032312,0.00011023754403579059
29.526,0.00010532107138792094,0.00011023729981607622
29.528,0.00010554651738777384,0.00011023705581880849
29.53,0.00010577578768645637,0.00011023681204378477
29.532,0.00010600884748075475,0.00011023656849080266
29.534,0.00010624566095027086,0.00011023632515965989
29.536,0.00010648619128660005,0.00011023608205015441
29.538,0.00010673040071610899,0.00011023583916208433
29.54,0.00010697825051460718,0.00011023559649524797
29.542,0.0001072297010136795,0.00011023535404944382
29.544,0.00010748471160016415,0.00011023511182447055
29.546,0.00010774324071139834,0.000110234869820127
29.548,0.0001080052458296705,0.00011023462803621224
29.55,0.00010827068347947174,0.00011023438647252548
29.552,0.00010853950923052918,0.00011023414512886612
29.554,0.00010881167770844414,0.00011023390400503375
29.556,0.00010908714261369004,0.00011023366310082815
29.558,0.00010936585674794934,0.00011023342241604927
29.56,0.00010964777204601868,0.00011023318195049723
29.562,0.00010993283961049576,0.00011023294170397237
29.564,0.00011022100974628696,0.00011023270167627519
29.566,0.00011051223199227728,0.00011023246186720636
29.568,0.00011080645514800324,0.00011023222227656674
29.57,0.00011110362729395071,0.00011023198290415738
29.572,0.00011140369580525489,0.00011023174374977952
29.574,0.00011170660735913457,0.00011023150481323454
29.576,0.00011201230793744591,0.00011023126609432405
29.578,0.0001123207428259158,0.00011023102759284981
29.58,0.00011263185661235349,0.00011023078930861377
29.582,0.00011294559318577551,0.00011023055124141805
29.584,0.0001132618957387424,0.00011023031339106498
29.586,0.00011358070677453918,0.00011023007575735703
29.588,0.0001139019681205778,0.00011022983834009688
29.59,0.00011422562094859441,0.00011022960113908738
29.592,0.00011455160580158145,0.00011022936415413155
29.594,0.00011487986262630112,0.00011022912738503261
29.596,0.00011521033080967734,0.00011022889083159393
29.598,0.00011554294921649792,0.00011022865449361911
29.6,0.00011587765622572928,0.00011022841837091186
29.602,0.00011621438976261638,0.00011022818246327613
29.604,0.00011655308732451811,0.000110227946770516
29.606,0.00011689368599918272,0.00011022771129243577
29.608,0.00011723612247539032,0.0001102274760288399
29.61,0.00011758033304734278,0.000110227240979533
29.612,0.00011792625361498301,0.00011022700614431992
29.614,0.00011827381968353974,0.00011022677152300562
29.616,0.00011862296636529204,0.0001102265371153953
29.618,0.00011897362838656408,0.0001102263029212943
29.62,0.00011932574010161895,0.00011022606894050814
29.622,0.00011967923551395764,0.00011022583517284253
29.624,0.000120034048304169,0.00011022560161810334
29.626,0.00012039011186202148,0.00011022536827609664
29.628,0.00012074735932016413,0.00011022513514662865
29.63,0.0001211057235861926,0.0001102249022295058
29.632,0.00012146513737091501,0.00011022466952453466
29.634,0.00012182553321118348,0.000110224437031522
29.636,0.0001221868434873553,0.00011022420475027474
29.638,0.00012254900043638428,0.00011022397268060001
29.64,0.00012291193616279452,0.0001102237408223051
29.642,0.0001232755826498223,0.00011022350917519748
29.644,0.00012363987177294657,0.00011022327773908479
29.646,0.00012400473531707938,0.00011022304651377484
29.648,0.00012437010499757268,0.00011022281549907562
29.65,0.00012473591248384378,0.0001102225846947953
29.652,0.00012510208942357416,0.00011022235410074221
29.654,0.00012546856746508615,0.00011022212371672487
29.656,0.0001258352782756293,0.00011022189354255198
29.658,0.0001262021535544447,0.0001102216635780324
29.66,0.00012656912504071624,0.00011022143382297516
29.662,0.0001269361245181419,0.00011022120427718947
29.664,0.00012730308381897202,0.00011022097494048473
29.666,0.00012766993483119855,0.0001102207458126705
29.668,0.0001280366095121241,0.0001102205168935565
29.67,0.00012840303991093968,0.00011022028818295265
29.672,0.00012876915820085182,0.00011022005968066902
29.674,0.00012913489671954312,0.00011021983138651585
29.676,0.00012950018801469225,0.00011021960330030358
29.678,0.00012986496488995614,0.0001102193754218428
29.68,0.00013022916044616066,0.0001102191477509443
29.682,0.00013059270811308115,0.000110218920287419
29.684,0.00013095554166863826,0.00011021869303107804
29.686,0.00013131759524452797,0.00011021846598173267
29.688,0.0001316788033198827,0.00011021823913919438
29.69,0.00013203910070690386,0.00011021801250327479
29.692,0.00013239842253385078,0.0001102177860737857
29.694,0.00013275670423167456,0.00011021755985053909
29.696,0.0001331138815297066,0.0001102173338333471
29.698,0.00013346989046446623,0.00011021710802202204
29.7,0.0001338246674032081,0.00011021688241637641
29.702,0.00013417814908115762,0.00011021665701622286
29.704,0.00013453027264909615,0.00011021643182137422
29.706,0.0001348809757261457,0.00011021620683164349
29.708,0.00013523019645185318,0.00011021598204684383
29.71,0.00013557787353193313,0.0001102157574667886
29.712,0.0001359239462732513,0.00011021553309129127
29.714,0.00013626835460548489,0.00011021530892016556
29.716,0.00013661103908899677,0.0001102150849532253
29.718,0.00013695194091059316,0.00011021486119028452
29.72,0.00013729100187033282,0.00011021463763115739
29.722,0.00013762816436348058,0.00011021441427565828
29.724,0.00013796337136222608,0.00011021419112360171
29.726,0.00013829656640115337,0.00011021396817480238
29.728,0.00013862769356988173,0.00011021374542907517
29.73,0.00013895669751519103,0.00011021352288623508
29.732,0.0001392835234537219,0.00011021330054609732
29.734,0.00013960811719526147,0.00011021307840847727
29.736,0.00013993042517550328,0.00011021285647319046
29.738,0.00014025039449625928,0.0001102126347400526
29.74,0.00014056797297027517,0.00011021241320887957
29.742,0.00014088310916712576,0.00011021219187948739
29.744,0.00014119575245650866,0.0001102119707516923
29.746,0.0001415058530450689,0.00011021174982531064
29.748,0.00014181336200355438,0.00011021152910015897
29.75,0.00014211823128195048,0.000110211308576054
29.752,0.00014242041371190198,0.00011021108825281262
29.754,0.00014271986299719413,0.00011021086813025185
29.756,0.0001430165336951183,0.00011021064820818892
29.758,0.00014331038119289505,0.0001102104284864412
29.76,0.00014360136168436457,0.00011021020896482623
29.762,0.00014388943215215859,0.00011020998964316172
29.764,0.00014417455035985275,0.00011020977052126555
29.766,0.00014445667485684413,0.00011020955159895578
29.768,0.00014473576499659195,0.00011020933287605058
29.77,0.00014501178096630073,0.00011020911435236834
29.772,0.00014528468382427035,0.00011020889602772761
29.774,0.0001455544355396117,0.00011020867790194709
29.776,0.00014582099902865018,0.00011020845997484563
29.778,0.00014608433818318251,0.00011020824224624228
29.78,0.0001463444178873323,0.00011020802471595624
29.782,0.00014660120402190855,0.00011020780738380686
29.784,0.0001468546634576633,0.00011020759024961368
29.786,0.00014710476404064537,0.00011020737331319639
29.788,0.0001473514745742171,0.00011020715657437485
29.79,0.0001475947648022678,0.00011020694003296908
29.792,0.00014783460539757862,0.00011020672368879926
29.794,0.00014807096795759937,0.00011020650754168573
29.796,0.00014830382500791603,0.00011020629159144902
29.798,0.0001485331500119998,0.0001102060758379098
29.8,0.00014875891738428272,0.0001102058602808889
29.802,0.00014898110250316277,0.00011020564492020733
29.804,0.0001491996817208539,0.00011020542975568626
29.806,0.00014941463236800757,0.00011020521478714699
29.808,0.00014962593275257648,0.00011020500001441105
29.81,0.00014983356215395857,0.00011020478543730006
29.812,0.00015003750081473777,0.00011020457105563585
29.814,0.00015023772993273449,0.00011020435686924041
29.816,0.00015043423165620644,0.00011020414287793586
29.818,0.00015062698908385286,0.00011020392908154452
29.82,0.0001508159862702746,0.00011020371547988884
29.822,0.00015100120823582965,0.00011020350207279145
29.824,0.00015118264097884615,0.00011020328886007514
29.826,0.00015136027148742278,0.00011020307584156285
29.828,0.00015153408774794077,0.0001102028630170777
29.83,0.00015170407874820667,0.00011020265038644296
29.832,0.0001518702344740611,0.00011020243794948206
29.834,0.0001520325458995434,0.00011020222570601859
29.836,0.00015219100497195187,0.0001102020136558763
29.838,0.00015234560459363795,0.00011020180179887912
29.84,0.00015249633860287028,0.00011020159013485111
29.842,0.00015264320175556968,0.0001102013786636165
29.844,0.000152786189709347,0.00011020116738499971
29.846,0.0001529252990102341,0.00011020095629882527
29.848,0.00015306052708186307,0.0001102007454049179
29.85,0.00015319187221630364,0.00011020053470310247
29.852,0.00015331933356560188,0.00011020032419320403
29.854,0.0001534429111329566,0.00011020011387504777
29.856,0.0001535626057631175,0.00011019990374845904
29.858,0.00015367841913169715,0.00011019969381326335
29.86,0.00015379035373348855,0.00011019948406928636
29.862,0.0001538984128701646,0.00011019927451635391
29.864,0.00015400260063757145,0.00011019906515429199
29.866,0.0001541029219127568,0.00011019885598292674
29.868,0.00015419938234074283,0.00011019864700208447
29.87,0.00015429198832087902,0.00011019843821159162
29.872,0.0001543807469926379,0.00011019822961127485
29.874,0.00015446566622084055,0.00011019802120096091
29.876,0.00015454675458054218,0.00011019781298047675
29.878,0.00015462402134197665,0.00011019760494964946
29.88,0.0001546974764561107,0.00011019739710830628
29.882,0.00015476713054119606,0.00011019718945627465
29.884,0.0001548329948705689,0.0001101969819933821
29.886,0.00015489508136130734,0.00011019677471945638
29.888,0.00015495340256319387,0.00011019656763432535
29.89,0.0001550079716469289,0.00011019636073781707
29.892,0.0001550588023905285,0.00011019615402975972
29.894,0.0001551059091630293,0.00011019594750998165
29.896,0.00015514930690508212,0.00011019574117831136
29.898,0.0001551890111065598,0.00011019553503457753
29.9,0.00015522503778194271,0.00011019532907860896
29.902,0.00015525740344453996,0.00011019512331023465
29.904,0.00015528612508081377,0.0001101949177292837
29.906,0.00015531122012561716,0.00011019471233558542
29.908,0.0001553327064387918,0.00011019450712896924
29.91,0.00015535060228283773,0.00011019430210926475
29.912,0.00015536492630070098,0.00011019409727630171
29.914,0.00015537569749259276,0.00011019389262991004
29.916,0.00015538293519067314,0.00011019368816991979
29.918,0.0001553866590310738,0.00011019348389616117
29.92,0.00015538688892340218,0.00011019327980846456
29.922,0.0001553836450190013,0.0001101930759066605
29.924,0.00015537694767976472,0.00011019287219057964
29.926,0.00015536681744990268,0.00011019266866005283
29.928,0.00015535327503273747,0.00011019246531491106
29.93,0.0001553363412739805,0.00011019226215498548
29.932,0.00015531603715166552,0.00011019205918010738
29.934,0.00015529238377168082,0.0001101918563901082
29.936,0.0001552654023663847,0.00011019165378481957
29.938,0.0001552351142931937,0.00011019145136407321
29.94,0.00015520154102961238,0.00011019124912770106
29.942,0.00015516470416184543,0.00011019104707553516
29.944,0.00015512462536520371,0.00011019084520740775
29.946,0.00015508132637612025,0.00011019064352315119
29.948,0.00015503482895708767,0.000110190442022598
29.95,0.00015498515485723606,0.00011019024070558085
29.952,0.00015493232577193323,0.00011019003957193258
29.954,0.0001548763633048991,0.00011018983862148615
29.956,0.00015481728893542785,0.0001101896378540747
29.958,0.0001547551239924777,0.00011018943726953154
29.96,0.00015468988963555805,0.00011018923686769007
29.962,0.0001546216068413127,0.00011018903664838388
29.964,0.0001545502963935295,0.00011018883661144673
29.966,0.0001544759788741747,0.00011018863675671248
29.968,0.00015439867465309368,0.0001101884370840152
29.97,0.00015431840387485142,0.00011018823759318907
29.972,0.00015423518644223645,0.00011018803828406843
29.974,0.00015414904199689128,0.00011018783915648777
29.976,0.00015405998989834972,0.00011018764021028174
29.978,0.00015396804920308094,0.00011018744144528515
29.98,0.00015387323864489915,0.00011018724286133293
29.982,0.00015377557661762044,0.00011018704445826017
29.984,0.00015367508116005826,0.00011018684623590213
29.986,0.00015357176994254976,0.0001101866481940942
29.988,0.00015346566025378994,0.00011018645033267194
29.99,0.0001533567689864959,0.00011018625265147104
29.992,0.00015324511262070377,0.00011018605515032733
29.994,0.00015313070720419464,0.00011018585782907682
29.996,0.00015301356833030948,0.00011018566068755565
29.998,0.00015289371111449154,0.00011018546372560012
30.0,0.00015277115017135387,0.00011018526694304666
