# Fourier-transform spectra: 
# sigma: Conductivity
# eps: Dielectric constant
# 1:Energy[eV] 2:Re(sigma_x)[1/fs*V*Angstrom] 3:Re(sigma_y)[1/fs*V*Angstrom] 4:Re(sigma_z)[1/fs*V*Angstrom] 5:Im(sigma_x)[1/fs*V*Angstrom] 6:Im(sigma_y)[1/fs*V*Angstrom] 7:Im(sigma_z)[1/fs*V*Angstrom] 8:Re(eps_x)[none] 9:Re(eps_y)[none] 10:Re(eps_z)[none] 11:Im(eps_x)[none] 12:Im(eps_y)[none] 13:Im(eps_z)[none]
      0.01000000 -0.415765218226701E-003  0.643368565604492E-003  0.113073992220059E-001 -0.332789330398742E-003 -0.447009963608623E-003  0.190543331416044E-002  0.849023889482510E+001  0.110610539760511E+002 -0.418864432165520E+002 -0.935781446161666E+001  0.144805852039324E+002  0.254500711758106E+003
      0.02000000 -0.375402610801329E-003  0.727210250241186E-003  0.954371147507661E-002 -0.675276601249565E-003 -0.904526667414535E-003  0.315264155745462E-002  0.859937684508155E+001  0.111792939358318E+002 -0.344789595970439E+002 -0.422467756594523E+001  0.818382382413756E+001  0.107402299836289E+003
      0.03000000 -0.290965305811340E-003  0.893882150513940E-003  0.717867876062936E-002 -0.103003212730871E-002 -0.136979418416940E-002  0.329768554154530E-002  0.872779853813517E+001  0.112768575982463E+002 -0.237408297581630E+002 -0.218296226426637E+001  0.670633564999125E+001  0.538579154585020E+002
      0.04000000 -0.142779914883363E-003  0.117062276356182E-002  0.486391670820301E-002 -0.138494324855137E-002 -0.181546745043215E-002  0.224897069171859E-002  0.879288489732792E+001  0.112153852808491E+002 -0.116546483087728E+002 -0.803402914523868E+000  0.658693304882436E+001  0.273685893605121E+002
      0.05000000  0.809761794309899E-004  0.156759614071092E-002  0.316885210853003E-002 -0.170875907500019E-002 -0.218598670862521E-002  0.279347260687524E-003  0.869196156025567E+001  0.108401968890630E+002 -0.257478846847334E+000  0.364513446390605E+000  0.705651805030047E+001  0.142645554692638E+002
      0.06000000  0.367175855260093E-003  0.205352691660684E-002  0.239164633879392E-002 -0.195679440678352E-002 -0.241006601414402E-002 -0.209276278457531E-002  0.834040839856280E+001  0.100407396658461E+002  0.885045862091721E+001  0.137736530846433E+001  0.770327540444735E+001  0.897164301513514E+001
      0.07000000  0.665002149080560E-003  0.254083502982771E-002  0.247519692125124E-002 -0.209177025252590E-002 -0.243344654555204E-002 -0.430994842887068E-002  0.772577319442589E+001  0.882438201632257E+001  0.148579920893571E+002  0.213821456879441E+001  0.816967356450248E+001  0.795862408109802E+001
      0.08000000  0.890984850121014E-003  0.289721583187453E-002  0.306155448068522E-002 -0.211565806378371E-002 -0.226386535997029E-002 -0.599214710614538E-002  0.695225825694133E+001  0.736922927771573E+001  0.178584932035630E+002  0.250672451362850E+001  0.815111721152842E+001  0.861347268194341E+001
      0.09000000  0.960395386669931E-003  0.299267800633175E-002  0.366572088030295E-002 -0.209680294761457E-002 -0.200614587151454E-002 -0.707777566056268E-002  0.624374283213561E+001  0.601702510764811E+001  0.187002972214258E+002  0.240178335813380E+001  0.748417196877990E+001  0.916733621181070E+001
      0.10000000  0.839372197519258E-003  0.277206794584224E-002  0.390133653130081E-002 -0.217091583128343E-002 -0.185977999223197E-002 -0.783062601427073E-002  0.588617774415647E+001  0.518589033997649E+001  0.186247415963254E+002  0.188921269608027E+001  0.623921780249598E+001  0.878091331640294E+001
      0.11000000  0.595319429226173E-003  0.232211195440065E-002  0.366603083739779E-002 -0.250151823411083E-002 -0.206214865504474E-002 -0.870514663615096E-002  0.611843583413863E+001  0.521942779683698E+001  0.188118767540162E+002  0.121810197413704E+001  0.475134695250811E+001  0.750118202271027E+001
      0.12000000  0.414473717505887E-003  0.189253845876132E-002  0.320571561229710E-002 -0.320487677216966E-002 -0.278642292214889E-002 -0.101213047400197E-001  0.701113338561264E+001  0.622627266022034E+001  0.199837292207350E+002  0.777395506246544E+000  0.354968440964876E+001  0.601270673156436E+001
      0.13000000  0.563401164061189E-003  0.184273882659417E-002  0.302346070863748E-002 -0.426762039715629E-002 -0.403250045070064E-002 -0.122416620492803E-001  0.838871143144211E+001  0.798163833813359E+001  0.221945065178803E+002  0.975440229913739E+000  0.319041155635378E+001  0.523464521711247E+001
      0.14000000  0.129536372234793E-002  0.251747133815075E-002  0.366307078603258E-002 -0.549869583720948E-002 -0.556511426680225E-002 -0.148482144062754E-001  0.984011545281950E+001  0.994689469705808E+001  0.248711020768709E+002  0.208252378345063E+001  0.404727556083747E+001  0.588902707461115E+001
      0.15000000  0.273264014467271E-002  0.409350423809118E-002  0.545353112820903E-002 -0.655063272237796E-002 -0.694292395866547E-002 -0.173796617351219E-001  0.108292021450086E+002  0.114178338122998E+002  0.270781233884185E+002  0.410031725329324E+001  0.614228920210955E+001  0.818300493021757E+001
      0.16000000  0.477602769476495E-002  0.646352156957251E-002  0.832276494030882E-002 -0.701769165690808E-002 -0.764621887391412E-002 -0.191240400636472E-001  0.108718960839056E+002  0.117560551030728E+002  0.279020848225685E+002  0.671851249693519E+001  0.909233639641200E+001  0.117077629850869E+002
      0.17000000  0.708985479435633E-002  0.921818478110887E-002  0.117653927138487E-001 -0.658160050127879E-002 -0.726384432752131E-002 -0.194941726749514E-001  0.971382575768263E+001  0.106170944724849E+002  0.268096528263451E+002  0.938673796947842E+001  0.122045778939480E+002  0.155769986433037E+002
      0.18000000  0.918273857001103E-002  0.117501972364433E-001  0.149871705116901E-001 -0.514748412509690E-002 -0.566534995839056E-002 -0.182741106705543E-001  0.743648536816880E+001  0.808403197106510E+001  0.238502008143844E+002  0.114822233559550E+002  0.146926091946017E+002  0.187401653631964E+002
      0.19000000  0.105622652414563E-001  0.134506116585356E-001  0.171742226545421E-001 -0.290909566066332E-002 -0.308163201656160E-002 -0.157325821751411E-001  0.444612222806782E+001  0.465050924058542E+001  0.196368574508462E+002  0.125120866664904E+002  0.159336292870543E+002  0.203446284836534E+002
      0.20000000  0.109056025228236E-001  0.139227769416022E-001  0.177808340487500E-001 -0.308057142432748E-003 -0.511998908006446E-004 -0.125528160777366E-001  0.134667902172731E+001  0.105761894665107E+001  0.151265934085673E+002  0.122728646513519E+002  0.156683096250427E+002  0.200100608115651E+002
      0.21000000  0.101762778892041E-001  0.131261167693001E-001  0.167202019575398E-001  0.210370076952797E-002  0.275414278953424E-002 -0.960443571697789E-002 -0.125471132687713E+001 -0.195184421346824E+001  0.112938736882206E+002  0.109067645715536E+002  0.140683525843333E+002  0.179204330232750E+002
      0.22000000  0.863728272391877E-002  0.113886205295607E-001  0.143830045683612E-001  0.384625111953752E-002  0.475713035895775E-002 -0.764882085688189E-002 -0.293496823027044E+001 -0.386685768765004E+001  0.882524752946427E+001  0.883650912490882E+001  0.116513089181279E+002  0.147147610162129E+002
      0.23000000  0.675405920743126E-002  0.928221455304863E-002  0.114810489478563E-001  0.466609497201118E-002  0.566499056229375E-002 -0.709522408296870E-002 -0.356616933894841E+001 -0.454367332129730E+001  0.794327802047627E+001  0.660941927916271E+001  0.908343352287213E+001  0.112351793092782E+002
      0.24000000  0.502774632953657E-002  0.741345754016717E-002  0.878514358764827E-002  0.460195296613475E-002  0.554670131689303E-002 -0.790000239613417E-002 -0.331575924446922E+001 -0.420175405112773E+001  0.840870422260780E+001  0.471507267897363E+001  0.695241740797914E+001  0.823879881680484E+001
      0.25000000  0.382739931681537E-002  0.621609658482787E-002  0.686589713975223E-002  0.394002464649432E-002  0.477228544349618E-002 -0.963793783321033E-002 -0.254719615780721E+001 -0.329647885684953E+001  0.967701578505789E+001  0.344579980307516E+001  0.559633908429453E+001  0.618135319932540E+001
      0.26000000  0.328696022152080E-002  0.582676322162690E-002  0.593717419454102E-002  0.308410288297311E-002  0.384776778098178E-002 -0.117023628060782E-001 -0.166981878734474E+001 -0.233090143254294E+001  0.111303974807329E+002  0.284542652617713E+001  0.504406062599064E+001  0.513964021623146E+001
      0.27000000  0.330106727180609E-002  0.608456555586019E-002  0.585106046682385E-002  0.239957675468342E-002  0.322025394258009E-002 -0.135421492946094E-001 -0.100030931564094E+001 -0.168443338913835E+001  0.122888605604873E+002  0.275180012577773E+001  0.507214996947280E+001  0.487749797347504E+001
      0.28000000  0.360945932382198E-002  0.664015758369190E-002  0.622585918760710E-002  0.209570478211909E-002  0.313285959014313E-002 -0.148385217839432E-001 -0.684606020903364E+000 -0.151830991331873E+001  0.129277597454640E+002  0.290141863539001E+001  0.533760744388989E+001  0.500457887113962E+001
      0.29000000  0.392393649490495E-002  0.711625200707707E-002  0.663619441529522E-002  0.218720911000320E-002  0.357932719572657E-002 -0.155617615962733E-001 -0.697534399380543E+000 -0.177798360184008E+001  0.130777777962868E+002  0.304544140321184E+001  0.552305791038720E+001  0.515047612476531E+001
      0.30000000  0.404016425086344E-002  0.724815912570835E-002  0.677875709157184E-002  0.253745414900747E-002  0.436004445826364E-002 -0.159064870114585E-001 -0.903720664958245E+000 -0.227111594847136E+001  0.129338148602402E+002  0.303112636624499E+001  0.543791907172547E+001  0.508575099298063E+001
      0.31000000  0.389185455788545E-002  0.695244534342008E-002  0.655152059248033E-002  0.295060777377197E-002  0.519871919722025E-002 -0.161555291168775E-001 -0.114227916463232E+001 -0.277451314199638E+001  0.127296693001162E+002  0.282566832679322E+001  0.504780029892405E+001  0.475671018923264E+001
      0.32000000  0.353677558680532E-002  0.631108373901928E-002  0.603241494125208E-002  0.326478389111349E-002  0.586075952772298E-002 -0.165440307128121E-001 -0.129631115794002E+001 -0.312221082508575E+001  0.126363727554953E+002  0.248761863387564E+001  0.443894986374155E+001  0.424294599609678E+001
      0.33000000  0.309563158583365E-002  0.549668581327674E-002  0.539010038391549E-002  0.340672695316849E-002  0.622526596092313E-002 -0.171813610724813E-001 -0.132353737241783E+001 -0.324590473856215E+001  0.127184426899213E+002  0.211135667160873E+001  0.374898108570421E+001  0.367628514268308E+001
      0.34000000  0.268144341743215E-002  0.468411825863568E-002  0.478309408875590E-002  0.339358584016421E-002  0.629280443237602E-002 -0.180505194872812E-001 -0.124649883407420E+001 -0.316573456108764E+001  0.129491513969332E+002  0.177507209029543E+001  0.310081038238347E+001  0.316633077804727E+001
      0.35000000  0.235323954689617E-002  0.398907724233998E-002  0.429648471313346E-002  0.329434138453951E-002  0.614331952182716E-002 -0.190645751330332E-001 -0.111849202374575E+001 -0.295058431630381E+001  0.132598558075904E+002  0.151329769084009E+001  0.256525579275513E+001  0.276294030656178E+001
      0.36000000  0.210894940690122E-002  0.345184971131839E-002  0.393621211992748E-002  0.317927487690868E-002  0.587712303156276E-002 -0.201370650034797E-001 -0.987704646512548E+000 -0.267441797587569E+001  0.135898323436132E+002  0.131852975840624E+001  0.215812031859353E+001  0.246094704716015E+001
      0.37000000  0.191024573136563E-002  0.305877702845366E-002  0.366753784311696E-002  0.308486861206418E-002  0.557068629789921E-002 -0.212263084606293E-001 -0.876554677823203E+000 -0.238870102607498E+001  0.139121636749577E+002  0.116202049869066E+001  0.186068292137800E+001  0.223099786768214E+001
      0.38000000  0.171818758000010E-002  0.277812361176939E-002  0.346432770763811E-002  0.300737502111245E-002  0.526274833038747E-002 -0.223363536162944E-001 -0.781272106058627E+000 -0.211713262772867E+001  0.142298510722648E+002  0.101768472097585E+001  0.164548620045303E+001  0.205192577199073E+001
      0.39000000  0.151819707023614E-002  0.258686066405758E-002  0.333705852872169E-002  0.292060569366064E-002  0.496642992958827E-002 -0.234846881296345E-001 -0.685522661908158E+000 -0.186619662944225E+001  0.145533441355209E+002  0.876172902312685E+000  0.149291370688346E+001  0.192586345581776E+001
      0.40000000  0.132361572066738E-002  0.247687140871968E-002  0.332575571310977E-002  0.280195742665205E-002  0.469058486999408E-002 -0.246638098614313E-001 -0.576622849777557E+000 -0.163932749816613E+001  0.148779860893763E+002  0.744780334518671E+000  0.139370142522623E+001  0.187135693076263E+001
      0.41000000  0.116107022138522E-002  0.244417115268438E-002  0.346684796391386E-002  0.265002415997676E-002  0.445340131895456E-002 -0.258229705567341E-001 -0.454763017902679E+000 -0.144474885947867E+001  0.151758339964176E+002  0.637383630220979E+000  0.134175750396969E+001  0.190316838720343E+001
      0.42000000  0.105012668382836E-002  0.247404356030270E-002  0.375722716293837E-002  0.248548919660499E-002  0.428063581456154E-002 -0.268810991069929E-001 -0.331952891207396E+000 -0.129395696316008E+001  0.154053563875064E+002  0.562754114791474E+000  0.132581927035506E+001  0.201346664046436E+001
      0.43000000  0.990252824882231E-003  0.253461797644991E-002  0.413815417608106E-002  0.233808240988125E-002  0.419249587767603E-002 -0.277625556410275E-001 -0.223820248615249E+000 -0.119447412360306E+001  0.155317280533848E+002  0.518327092842240E+000  0.132669267301025E+001  0.216603009850152E+001
      0.44000000  0.961388678864481E-003  0.258359701834705E-002  0.450855892452795E-002  0.222968451155966E-002  0.418998720515477E-002 -0.284350365850344E-001 -0.140557057227234E+000 -0.114331644309097E+001  0.155454576561998E+002  0.491781970378507E+000  0.132159495974869E+001  0.230627636898198E+001
      0.45000000  0.935545700584224E-003  0.258357592397975E-002  0.476054470677041E-002  0.216393178478856E-002  0.425051997304562E-002 -0.289293045805888E-001 -0.823240971331609E-001 -0.112596359298941E+001  0.154694410798792E+002  0.467927715110747E+000  0.129221563218990E+001  0.238106038639327E+001
      0.46000000  0.891111489875862E-003  0.251635238902289E-002  0.481895281843198E-002  0.212713648635846E-002  0.433574994684703E-002 -0.293314940987600E-001 -0.407916536235895E-001 -0.112144936905420E+001  0.153516762756306E+002  0.436014053192535E+000  0.123123202524460E+001  0.235787684748720E+001
      0.47000000  0.821498410959038E-003  0.238803196328091E-002  0.466659433630015E-002  0.209816015503326E-002  0.440698067505385E-002 -0.297531882276422E-001 -0.477090991559170E-002 -0.111042325450322E+001  0.152482631445758E+002  0.393400715333115E+000  0.114358527059877E+001  0.223474753642765E+001
      0.48000000  0.734375240985681E-003  0.222273295342728E-002  0.434571607989985E-002  0.206033344100042E-002  0.443953271540378E-002 -0.302943095424729E-001  0.338989598414930E-001 -0.108171992397829E+001  0.152051589210996E+002  0.344352360673438E+000  0.104225101411643E+001  0.203772881683958E+001
      0.49000000  0.643547136186502E-003  0.204914253715503E-002  0.393838610867331E-002  0.200860823468664E-002  0.442893790960370E-002 -0.310148795377567E-001  0.773745411745783E-001 -0.103436927141489E+001  0.152462412379794E+002  0.295604170861366E+000  0.941244310808221E+000  0.180904131915662E+001
      0.50000000  0.559176292016500E-003  0.188740041395235E-002  0.353715276893326E-002  0.194891966261618E-002  0.438697163172740E-002 -0.319249596762825E-001  0.122695800233367E+000 -0.974790808773062E+000  0.153709880600137E+002  0.251712637932691E+000  0.849611372681694E+000  0.159224571383088E+001
      0.51000000  0.481921093543358E-003  0.174256357700633E-002  0.321897620312752E-002  0.189145126933029E-002  0.433096391961290E-002 -0.329924442160274E-001  0.165259940096666E+000 -0.911351955145477E+000  0.155603089584197E+002  0.212682636352296E+000  0.769032566813451E+000  0.142060672257100E+001
      0.52000000  0.403520036800900E-003  0.160667415109852E-002  0.303079991194770E-002  0.184242379834809E-002  0.427259065375495E-002 -0.341611563695697E-001  0.202533466338372E+000 -0.849329161651054E+000  0.157861631945587E+002  0.174657820474934E+000  0.695425703439706E+000  0.131183797244148E+001
      0.53000000  0.312572610937951E-003  0.146698609871932E-002  0.298799417470835E-002  0.179898980466161E-002  0.421151407853409E-002 -0.353698004247349E-001  0.236025068850451E+000 -0.788498839652198E+000  0.160204524640665E+002  0.132739851166345E+000  0.622983299217334E+000  0.126890804938578E+001
      0.54000000  0.201878023529770E-003  0.131551572849133E-002  0.308139113553912E-002  0.174947181842829E-002  0.413598941792413E-002 -0.365652207242417E-001  0.270812077791799E+000 -0.723899463919731E+000  0.162405526308780E+002  0.841436912367193E-001  0.548313022585633E+000  0.128433803618120E+001
      0.55000000  0.735691068530469E-004  0.115546422602798E-002  0.328694667134780E-002  0.167823698416182E-002  0.402903913759434E-002 -0.377082642943893E-001  0.313221210960797E+000 -0.648788964861585E+000  0.164312152176797E+002  0.301064167886074E-001  0.472846403349851E+000  0.134510517637777E+001
      0.56000000 -0.600766445842629E-004  0.100232514797069E-002  0.357378524216077E-002  0.157253131081873E-002  0.387676256307885E-002 -0.387742825253886E-001  0.367970208192768E+000 -0.558143496903152E+000  0.165841104996739E+002 -0.241459288650346E-001  0.402853253373529E+000  0.143637123599824E+001
      0.57000000 -0.180091414192748E-003  0.880053481272774E-003  0.390939459995413E-002  0.142824896613523E-002  0.367530665233312E-002 -0.397514071584714E-001  0.436030862790395E+000 -0.451259248802971E+000  0.166965398397552E+002 -0.711122513576706E-001  0.347504541784995E+000  0.154369297778247E+001
      0.58000000 -0.266874336171043E-003  0.814307786836224E-003  0.426288686271292E-002  0.125255113495966E-002  0.343434275793837E-002 -0.406386247645143E-001  0.513935675182412E+000 -0.332729217385001E+000  0.167702030331201E+002 -0.103563112436362E+000  0.315999845080177E+000  0.165425360040494E+001
      0.59000000 -0.306597258520532E-003  0.825149069490366E-003  0.460760271267007E-002  0.106267110954829E-002  0.317651187380734E-002 -0.414439291837377E-001  0.594609900951481E+000 -0.211782696999196E+000  0.168101207474219E+002 -0.116961392742177E+000  0.314779671720521E+000  0.175771836016086E+001
      0.60000000 -0.295945467961742E-003  0.921102020815617E-003  0.492340663096353E-002  0.881477207869672E-003  0.293345688379398E-002 -0.421818965849620E-001  0.669336611073825E+000 -0.100410522024013E+000  0.168234481295621E+002 -0.111016292310125E+000  0.345527613227491E+000  0.184688873078237E+001
      0.61000000 -0.243843807750340E-003  0.109577444399635E-002  0.519801311082136E-002  0.731159959218815E-003  0.273959787340093E-002 -0.428703408004739E-001  0.730220565216233E+000 -0.108419594127778E-001  0.168180657519815E+002 -0.899721651889871E-001  0.404312909130957E+000  0.191793467538110E+001
      0.62000000 -0.169629258777910E-003  0.132764219028488E-002  0.542653102801145E-002  0.626815238460569E-003  0.262498288191028E-002 -0.435266769851541E-001  0.772451418761176E+000  0.470698638057166E-001  0.168012010338760E+002 -0.615793854442720E-001  0.481965144201156E+000  0.196995758990333E+001
      0.63000000 -0.980218617397395E-004  0.158312008156585E-002  0.560919912187068E-002  0.571777513903078E-003  0.260863340296431E-002 -0.441652760610450E-001  0.795726138792355E+000  0.680367717484525E-001  0.167785349247233E+002 -0.350193977438095E-001  0.565587215225178E+000  0.200394862520124E+001
      0.64000000 -0.521784787720515E-004  0.182248138477025E-002  0.574835015167010E-002  0.556240792313712E-003  0.269382761787508E-002 -0.447968314027627E-001  0.804381854895802E+000  0.526376901498696E-001  0.167540999988575E+002 -0.183500695612250E-001  0.640928232704336E+000  0.202157340780744E+001
      0.65000000 -0.468774254899148E-004  0.200752064816865E-002  0.584616022205890E-002  0.559869455978327E-003  0.286654386199572E-002 -0.454297195343268E-001  0.806134873089517E+000  0.740630933476394E-002  0.167308784199344E+002 -0.162321733125424E-001  0.695141056681782E+000  0.202434081960766E+001
      0.66000000 -0.841001128051721E-004  0.210927637745145E-002  0.590430969263607E-002  0.557824904248254E-003  0.309767041137658E-002 -0.460722071032202E-001  0.809769460525633E+000 -0.563736200772071E-001  0.167116341441074E+002 -0.286799848965923E-001  0.719309554176084E+000  0.201349923515432E+001
      0.67000000 -0.152649557043791E-003  0.211394319510550E-002  0.592554431632360E-002  0.528327787073281E-003  0.334865310307195E-002 -0.467338681343804E-001  0.822517750094305E+000 -0.124919986092767E+000  0.166994053052437E+002 -0.512798824784923E-001  0.710141324420094E+000  0.199058039896574E+001
      0.68000000 -0.232044674267841E-003  0.202547964083253E-002  0.591595673880189E-002  0.459148953967122E-003  0.357930733943852E-002 -0.474250403591732E-001  0.848025416427419E+000 -0.184721728514279E+000  0.166973041040932E+002 -0.768049070729575E-001  0.670417349948502E+000  0.195813374732680E+001
      0.69000000 -0.299282578845407E-003  0.186426556581180E-002  0.588628490921066E-002  0.350731559205213E-003  0.375592231512962E-002 -0.481543118107509E-001  0.885593149342883E+000 -0.225162755129619E+000  0.167076915813138E+002 -0.976244549530526E-001  0.608113945196025E+000  0.192007619747522E+001
      0.70000000 -0.335932502594395E-003  0.166218332604830E-002  0.585094556165536E-002  0.214966078612354E-003  0.385773267944148E-002 -0.489252554877164E-001  0.930880884863147E+000 -0.240396024148307E+000  0.167311813518892E+002 -0.108014052612014E+000  0.534450092932418E+000  0.188128370088003E+001
      0.71000000 -0.332989745230612E-003  0.145536353924833E-002  0.582468731175771E-002  0.703985438578589E-004  0.388029143765644E-002 -0.497342681423415E-001  0.977683216361510E+000 -0.230076926638001E+000  0.167660775454718E+002 -0.105559855231551E+000  0.461359446387568E+000  0.184646271605866E+001
      0.72000000 -0.292009897832404E-003  0.127634702743138E-002  0.581809050135361E-002 -0.639870522840473E-004  0.383505711522239E-002 -0.505710646852754E-001  0.102000257386762E+001 -0.198852119226102E+000  0.168086897399303E+002 -0.912833040900032E-001  0.398990495507996E+000  0.181875521480794E+001
      0.73000000 -0.222708872949654E-003  0.114751600980747E-002  0.583399949037378E-002 -0.173950632821019E-003  0.374539952778901E-002 -0.514222217387385E-001  0.105363267128220E+001 -0.154786150741394E+000  0.168545621271284E+002 -0.686658713499931E-001  0.353803535790467E+000  0.179874583870976E+001
      0.74000000 -0.138615465654207E-003  0.107735673918582E-002  0.586688130389834E-002 -0.252487959475796E-003  0.364007705894202E-002 -0.522766401944675E-001  0.107679540379700E+001 -0.107146606808624E+000  0.169001866909604E+002 -0.421605476931463E-001  0.327683133845158E+000  0.178443962118975E+001
      0.75000000 -0.528473756412452E-004  0.106045296691540E-002  0.590599124226271E-002 -0.299412621976425E-003  0.354590883053729E-002 -0.531306020205240E-001  0.108985352441207E+001 -0.641248306917706E-001  0.169444575655024E+002 -0.158594615215257E-001  0.318241214821208E+000  0.177238395883619E+001
      0.76000000  0.244712548543537E-004  0.108112694802520E-002  0.594148053285117E-002 -0.319085903247221E-003  0.348167685887956E-002 -0.539898591357532E-001  0.109449749613877E+001 -0.311008483301638E-001  0.169891316203354E+002  0.724717791534158E-002  0.320176443261343E+000  0.175957329358001E+001
      0.77000000  0.867857298434452E-004  0.111952567334961E-002  0.597095009596864E-002 -0.317859571514098E-003  0.345503825211682E-002 -0.548671894925153E-001  0.109291179360464E+001 -0.992334271296147E-002  0.170379282005335E+002  0.253678622312146E-001  0.327242429107550E+000  0.174533577924886E+001
      0.78000000  0.130369926469447E-003  0.115806076647995E-002  0.600326614811477E-002 -0.302410442012586E-003  0.346331031716712E-002 -0.557758200088103E-001  0.108726266169998E+001  0.637429852965887E-003  0.170945054677217E+002  0.376191599524229E-001  0.334166585719786E+000  0.173228470383330E+001
      0.79000000  0.153374260161771E-003  0.118589317392946E-002  0.605723191277544E-002 -0.279246072217116E-003  0.349760077219425E-002 -0.567212463793339E-001  0.107955843974551E+001  0.351808682871335E-002  0.171601337004735E+002  0.436970043614641E-001  0.337866204790616E+000  0.172573213413890E+001
      0.80000000  0.155446133317219E-003  0.119987415675970E-002  0.615483893546591E-002 -0.254853045976273E-003  0.354840614942025E-002 -0.576952269530418E-001  0.107170114931077E+001  0.168036775779745E-002  0.172321547558195E+002  0.437336990502265E-001  0.337576330462897E+000  0.173162154607590E+001
      0.81000000  0.137987229415498E-003  0.120185632429707E-002  0.631146067573927E-002 -0.235695435443779E-003  0.361014755999628E-002 -0.586752910068656E-001  0.106549262965536E+001 -0.315076829062333E-002  0.173040879285482E+002  0.383424757304364E-001  0.333959505825516E+000  0.175376394473760E+001
      0.82000000  0.104515558918530E-003  0.119395443431609E-002  0.652723109243247E-002 -0.227608154527317E-003  0.368258977293512E-002 -0.596309129972549E-001  0.106247413340230E+001 -0.108012396044748E-001  0.173675577495375E+002  0.286875440998694E-001  0.327717909582981E+000  0.179160147782550E+001
      0.83000000  0.604925023438938E-004  0.117434022865991E-002  0.678388101457152E-002 -0.234749235181730E-003  0.376859912768697E-002 -0.605344119389075E-001  0.106365790901090E+001 -0.219464194766383E-001  0.174153637572112E+002  0.164039989611385E-001  0.318450636765644E+000  0.183961272560502E+001
      0.84000000  0.123660943690350E-004  0.113591177236484E-002  0.704920342271722E-002 -0.258723369151081E-003  0.386956107384738E-002 -0.613721027639592E-001  0.106932384579149E+001 -0.368327223177494E-001  0.174443985167167E+002  0.331344331938317E-002  0.304362813450265E+000  0.188880460482835E+001
      0.85000000 -0.338393333254129E-004  0.106871357681101E-002  0.728789673189591E-002 -0.298473010535721E-003  0.398104834686825E-002 -0.621506271527728E-001  0.107903371852102E+001 -0.541557975383105E-001  0.174570832166047E+002 -0.896043612177612E-002  0.282988427857068E+000  0.192978781527036E+001
      0.86000000 -0.736962423400511E-004  0.964997720046561E-003  0.747440332473264E-002 -0.351085243578279E-003  0.409129530214297E-002 -0.628952401219150E-001  0.109188410730632E+001 -0.707514013762491E-001  0.174605978124243E+002 -0.192873769635844E-001  0.252553918687689E+000  0.195615990618345E+001
      0.87000000 -0.104716272107839E-003  0.824339311128851E-003  0.760214128527528E-002 -0.413092653251873E-003  0.418364750311160E-002 -0.636404000859155E-001  0.110686967634070E+001 -0.823360112108129E-001  0.174641731239595E+002 -0.270907604375773E-001  0.213261782028215E+000  0.196672192608154E+001
      0.88000000 -0.125760690203726E-003  0.656055722621282E-003  0.768497171200242E-002 -0.481530957571065E-003  0.424210662755164E-002 -0.644166122024671E-001  0.112315947145968E+001 -0.849886220405254E-001  0.174756092777451E+002 -0.321653673400845E-001  0.167797053908448E+000  0.196555805883605E+001
      0.89000000 -0.135992449744947E-003  0.477445410291194E-003  0.775025705308056E-002 -0.554162307672151E-003  0.425744768685357E-002 -0.652392912287687E-001  0.114014359437662E+001 -0.766773803372549E-001  0.174985395809200E+002 -0.343914958694997E-001  0.120742452148902E+000  0.195998332207766E+001
      0.90000000 -0.134139335500739E-003  0.308408661193246E-003  0.782674801136468E-002 -0.628799132176779E-003  0.423101389827260E-002 -0.661044723273578E-001  0.115725182692805E+001 -0.581036633401084E-001  0.175315893576475E+002 -0.335459361996628E-001  0.771276913903834E-001  0.195733480011635E+001
      0.91000000 -0.118662148283841E-003  0.164774674975869E-003  0.793285061356108E-002 -0.702254626484966E-003  0.417437997605583E-002 -0.669929392796200E-001  0.117369187053114E+001 -0.324686217847383E-001  0.175696721630721E+002 -0.293492555539689E-001  0.407544791210181E-001  0.196206847167429E+001
      0.92000000 -0.888625398520459E-004  0.532429616964208E-004  0.807042470748185E-002 -0.769743629293623E-003  0.410503009420210E-002 -0.678803946693882E-001  0.118831484249754E+001 -0.427995272495529E-002  0.176066796065170E+002 -0.217398813830081E-001  0.130256874683915E-001  0.197439861772209E+001
      0.93000000 -0.463388222979263E-004 -0.299934896143735E-004  0.822640803770896E-002 -0.825366880671838E-003  0.404000234729618E-002 -0.687486416568686E-001  0.119975164522127E+001  0.222564843972033E-001  0.176382424583220E+002 -0.112147170045063E-001 -0.725889181732288E-002  0.199091892136047E+001
      0.94000000  0.412776380929086E-005 -0.966363112324692E-004  0.838075614122356E-002 -0.863714752906348E-003  0.399022086956383E-002 -0.695926502228042E-001  0.120680867857093E+001  0.445777353415913E-001  0.176633300894745E+002  0.988355676431209E-003 -0.231386898981491E-001  0.200669618894378E+001
      0.95000000  0.549871801862263E-004 -0.161116857579203E-003  0.851637138518914E-002 -0.881942407571902E-003  0.395768004037750E-002 -0.704207543265422E-001  0.120895025046486E+001  0.623444018602385E-001  0.176841214665774E+002  0.130275911143683E-001 -0.381718890669638E-001  0.201770310477099E+001
      0.96000000  0.977332309924941E-004 -0.235198847498920E-003  0.862619022084375E-002 -0.881282669300065E-003  0.393617364230969E-002 -0.712487300774687E-001  0.120661900800655E+001  0.771538784922521E-001  0.177044495973410E+002  0.229138095419287E-001 -0.551429799398046E-001  0.202243267500326E+001
      0.97000000  0.125454122312298E-003 -0.324386525249106E-003  0.871446667667611E-002 -0.867118228352002E-003  0.391470135183804E-002 -0.720913187623651E-001  0.120120226119400E+001  0.916500909155393E-001  0.177277493116625E+002  0.291098171622062E-001 -0.752692081044450E-001  0.202206613022004E+001
      0.98000000  0.134987190956066E-003 -0.427048191955450E-003  0.879238898304252E-002 -0.847389875353604E-003  0.388179267815558E-002 -0.729555644872130E-001  0.119461820853137E+001  0.108477031782361E+000  0.177555474473556E+002  0.310022175655436E-001 -0.980792389574493E-001  0.201932905072370E+001
      0.99000000  0.127639663050373E-003 -0.535889339080339E-003  0.887084726058536E-002 -0.829952791421018E-003  0.382906228645464E-002 -0.738389563499210E-001  0.118868808240469E+001  0.129470461805163E+000  0.177871368401275E+002  0.290186182981806E-001 -0.121833353435754E+000  0.201676911772164E+001
      1.00000000  0.108093019162051E-003 -0.640632272833857E-003  0.895418375369807E-002 -0.820066843027807E-003  0.375310025912297E-002 -0.747327331359551E-001  0.118457612678398E+001  0.155272871778126E+000  0.178204318263694E+002  0.243289812031104E-001 -0.144189982338403E+000  0.201535834526303E+001
      1.01000000  0.820075911667697E-004 -0.730733769172925E-003  0.903784343178455E-002 -0.819189394844670E-003  0.365573435653542E-002 -0.756282545440622E-001  0.118255310453595E+001  0.185334111569135E+000  0.178534562880559E+002  0.182750661290573E-001 -0.162841119515552E+000  0.201404752938111E+001
      1.02000000  0.535133915495581E-004 -0.797491003136807E-003  0.911072382672565E-002 -0.825602613795110E-003  0.354325812981686E-002 -0.765231939712761E-001  0.118217851722389E+001  0.218140178524521E+000  0.178857047906379E+002  0.118083326787279E-001 -0.175975373652236E+000  0.201038384551573E+001
      1.03000000  0.238349630616451E-004 -0.835483421422992E-003  0.916087578865507E-002 -0.836464518742868E-003  0.342521556118304E-002 -0.774247672695971E-001  0.118278332552350E+001  0.251525585509841E+000  0.179187767350715E+002  0.520839045113927E-002 -0.182568937194079E+000  0.200182470844621E+001
      1.04000000 -0.831110942061487E-005 -0.843574128892617E-003  0.918198570302329E-002 -0.850127855354171E-003  0.331296911696704E-002 -0.783487633338060E-001  0.118398278251354E+001  0.283014581063132E+000  0.179560653657712E+002 -0.179867184371010E-002 -0.182564439587076E+000  0.198714495472914E+001
      1.05000000 -0.448767454194430E-004 -0.825549116651741E-003  0.917807926146965E-002 -0.867446129652377E-003  0.321794587424852E-002 -0.793148891336239E-001  0.118594285292977E+001  0.310211878320160E+000  0.180016745261458E+002 -0.961962914842716E-002 -0.176961949262941E+000  0.196738239292987E+001
      1.06000000 -0.863275658885852E-004 -0.790127048828157E-003  0.916480050896654E-002 -0.891375147907696E-003  0.314945884882470E-002 -0.803401513415486E-001  0.118926962940162E+001  0.331261466586863E+000  0.180589798315308E+002 -0.183303140560170E-001 -0.167771172511295E+000  0.194600264539967E+001
      1.07000000 -0.130459355528035E-003 -0.749885092540216E-003  0.916683978145789E-002 -0.925167258597815E-003  0.311235794556986E-002 -0.814324135462733E-001  0.119460892454080E+001  0.345315534089100E+000  0.181293074584377E+002 -0.274421242641850E-001 -0.157738322484096E+000  0.192824466573870E+001
      1.08000000 -0.172882706032493E-003 -0.718860583537505E-003  0.921214788674587E-002 -0.970279456253359E-003  0.310521616993033E-002 -0.825860596483573E-001  0.120220847607089E+001  0.352865789803626E+000  0.182111252676394E+002 -0.360291545910182E-001 -0.149812203244866E+000  0.191983286208227E+001
      1.09000000 -0.208859760165635E-003 -0.709166187494807E-003  0.932433660283690E-002 -0.102527960557755E-002  0.311993951563446E-002 -0.837811545319305E-001  0.121171035297002E+001  0.355762571978585E+000  0.183000006063706E+002 -0.431275266818485E-001 -0.146435980050883E+000  0.192538560472574E+001
      1.10000000 -0.235340483344524E-003 -0.727593762820059E-003  0.951518649928449E-002 -0.108641429207209E-002  0.314337682451374E-002 -0.849867712163205E-001  0.122229467558683E+001  0.356823693731301E+000  0.183894129289038E+002 -0.481537630527121E-001 -0.148875268528183E+000  0.194693250212351E+001
      1.11000000 -0.251911456304288E-003 -0.773486871068239E-003  0.977946994569917E-002 -0.114944843772090E-002  0.316076080365393E-002 -0.861682126027522E-001  0.123307344266205E+001  0.359093128701282E+000  0.184723121979968E+002 -0.510800384254455E-001 -0.156839786786111E+000  0.198298127419583E+001
      1.12000000 -0.260058823135481E-003 -0.838883673963792E-003  0.100941553283070E-001 -0.121154336784835E-002  0.315996690801717E-002 -0.872966705576670E-001  0.124347098759768E+001  0.364975052244904E+000  0.185430836061702E+002 -0.522612563302081E-001 -0.168581531622978E+000  0.202851505935933E+001
      1.13000000 -0.261269024247555E-003 -0.911117054308332E-003  0.104231964983983E-001 -0.127186120771903E-002  0.313506681916809E-002 -0.883586669871719E-001  0.125333054263717E+001  0.375554365772371E+000  0.185993645522852E+002 -0.520398163614231E-001 -0.181477174060407E+000  0.207610233642441E+001
      1.14000000 -0.255350110592816E-003 -0.977045188365758E-003  0.107274444443876E-001 -0.133038019886826E-002  0.308778155595078E-002 -0.893619526485913E-001  0.126266196955378E+001  0.390367666530341E+000  0.186430666254793E+002 -0.504147333455071E-001 -0.192901708652545E+000  0.211795972943572E+001
      1.15000000 -0.240364354043868E-003 -0.102734437510716E-002  0.109771368414268E-001 -0.138563692576401E-002  0.302621196714107E-002 -0.903350074104751E-001  0.127119263038109E+001  0.407719029278035E+000  0.186800919632204E+002 -0.470433778221273E-001 -0.201068705814768E+000  0.214841172223976E+001
      1.16000000 -0.214621496832797E-003 -0.105919940952837E-002  0.111627825187503E-001 -0.143301486486835E-002  0.296133002089023E-002 -0.913191380921141E-001  0.127804749175699E+001  0.425413926429272E+000  0.187186279908233E+002 -0.416429517477276E-001 -0.205516178729172E+000  0.216591171275282E+001
      1.17000000 -0.179791756985075E-003 -0.107636098725021E-002  0.113000206065988E-001 -0.146514227646716E-002  0.290266144523227E-002 -0.923549656021403E-001  0.128185141130889E+001  0.441611072159272E+000  0.187664502720605E+002 -0.345867846842411E-001 -0.207061026227308E+000  0.217380032434060E+001
      1.18000000 -0.143199893488250E-003 -0.108664900046709E-002  0.114257034897503E-001 -0.147485624191530E-002  0.285493670625838E-002 -0.934677321604884E-001  0.128131569241894E+001  0.455446250618737E+000  0.188281374443722E+002 -0.273141042808696E-001 -0.207268618659248E+000  0.217935117826706E+001
      1.19000000 -0.117445122109740E-003 -0.109807590727630E-002  0.115856609501883E-001 -0.145959469809042E-002  0.281705285617118E-002 -0.946570377578851E-001  0.127606515365994E+001  0.467187616792160E+000  0.189032643156443E+002 -0.222133621917473E-001 -0.207688130457799E+000  0.219129137331767E+001
      1.20000000 -0.116751346696471E-003 -0.111534493920008E-002  0.118181159093925E-001 -0.142492212531957E-002  0.278365032798185E-002 -0.958955013207644E-001  0.126726135100689E+001  0.477892767493980E+000  0.189863592424200E+002 -0.218981248838244E-001 -0.209196411503861E+000  0.221663034644217E+001
      1.21000000 -0.151275246886407E-003 -0.113826670320424E-002  0.121389417008679E-001 -0.138493741372112E-002  0.274842964492838E-002 -0.971376102048126E-001  0.125761494431543E+001  0.488759172134202E+000  0.190687587727237E+002 -0.281390075225393E-001 -0.211731238146128E+000  0.225798852665486E+001
      1.22000000 -0.221973458519642E-003 -0.116271883531720E-002  0.125346934558553E-001 -0.135867349524332E-002  0.270755472761744E-002 -0.983359099416860E-001  0.125065798733977E+001  0.500490573332840E+000  0.191417252603381E+002 -0.409512811946157E-001 -0.214506843714099E+000  0.231249159166305E+001
      1.23000000 -0.318712204078289E-003 -0.118356337272108E-002  0.129664965394357E-001 -0.136363265343973E-002  0.266147926995943E-002 -0.994584931871137E-001  0.124952758094175E+001  0.512982853348080E+000  0.191996501378070E+002 -0.583203145654103E-001 -0.216577173142186E+000  0.237270536651756E+001
      1.24000000 -0.422928093855118E-003 -0.119799722126579E-002  0.133835436574070E-001 -0.140922329995709E-002  0.261430566488403E-002 -0.100500983597419E+000  0.125579049684678E+001  0.525472971564967E+000  0.192421029575350E+002 -0.767663912887036E-001 -0.217450495218164E+000  0.242926957126170E+001
      1.25000000 -0.513966644382697E-003 -0.120758758005516E-002  0.137410155307672E-001 -0.149314751126742E-002  0.257098969246130E-002 -0.101488334722130E+000  0.126885553214596E+001  0.537068644127641E+000  0.192739481748626E+002 -0.925446244513989E-001 -0.217437727350193E+000  0.247420165447317E+001
      1.26000000 -0.576369898112667E-003 -0.121785203153672E-002  0.140154646233568E-001 -0.160250373463396E-002  0.253377796190779E-002 -0.102465904202323E+000  0.128625612018107E+001  0.547389854325859E+000  0.193035406120301E+002 -0.102957270711496E+000 -0.217545575693756E+000  0.250359012519470E+001
      1.27000000 -0.604856277680915E-003 -0.123540888493643E-002  0.142118889300206E-001 -0.171913798377140E-002  0.249970205352830E-002 -0.103483596441250E+000  0.130467252410655E+001  0.556992782806165E+000  0.193397777426873E+002 -0.107195053906296E+000 -0.218944114335436E+000  0.251868792005415E+001
      1.28000000 -0.604839980200215E-003 -0.126391059714159E-002  0.143603123979589E-001 -0.182675002550786E-002  0.246053973907027E-002 -0.104579476663392E+000  0.132121471177302E+001  0.567340056354017E+000  0.193891971998007E+002 -0.106354726807681E+000 -0.222245338715590E+000  0.252510937099811E+001
      1.29000000 -0.588507499202664E-003 -0.130063299868806E-002  0.145040263734673E-001 -0.191649111821204E-002  0.240556952278504E-002 -0.105769048984660E+000  0.133438237347079E+001  0.580285012054589E+000  0.194541975191798E+002 -0.102680639904209E+000 -0.226929697186117E+000  0.253060956951762E+001
      1.30000000 -0.568575310466426E-003 -0.133542008526057E-002  0.146847884279361E-001 -0.198865754647979E-002  0.232617693157522E-002 -0.107043588051144E+000  0.134430467987944E+001  0.597259163506212E+000  0.195329084850914E+002 -0.984398448109014E-001 -0.231206919348239E+000  0.254243943997690E+001
      1.31000000 -0.552819569815473E-003 -0.135275191390522E-002  0.149309146088457E-001 -0.205010045327801E-002  0.222048405240888E-002 -0.108376919443890E+000  0.135223306471698E+001  0.618492888148683E+000  0.196205190186016E+002 -0.949813610353965E-001 -0.232419807368330E+000  0.256531908145875E+001
      1.32000000 -0.541850571837607E-003 -0.133641975754338E-002  0.152522572309227E-001 -0.210906208115615E-002  0.209605212751402E-002 -0.109736718334351E+000  0.135961823721724E+001  0.642600102696443E+000  0.197113151186953E+002 -0.923914707017895E-001 -0.227874239304792E+000  0.260067729061894E+001
      1.33000000 -0.530801830667698E-003 -0.127520479637441E-002  0.156426422136954E-001 -0.217024512180161E-002  0.196939180529147E-002 -0.111095151582502E+000  0.136726828182017E+001  0.666721912057712E+000  0.198005147576996E+002 -0.898270312316113E-001 -0.215801556159922E+000  0.264718776291147E+001
      1.34000000 -0.513608756793164E-003 -0.116750385174085E-002  0.160871374671357E-001 -0.223253349838943E-002  0.186220731217884E-002 -0.112434855046035E+000  0.137498980555137E+001  0.687212416568868E+000  0.198852370911008E+002 -0.862688277592656E-001 -0.196100995868868E+000  0.270209273680831E+001
      1.35000000 -0.487391199910962E-003 -0.102318269351320E-002  0.165699569943305E-001 -0.229021794720042E-002  0.179551157614939E-002 -0.113748996019024E+000  0.138182936100641E+001  0.700648997778225E+000  0.199644424532423E+002 -0.812587599576026E-001 -0.170586906165214E+000  0.276257379730302E+001
      1.36000000 -0.454645636335256E-003 -0.861897717173551E-003  0.170793746049382E-001 -0.233672877401531E-002  0.178352098347207E-002 -0.115037051462942E+000  0.138671914558960E+001  0.704834502600721E+000  0.200381659812624E+002 -0.752420109619692E-001 -0.142640580489037E+000  0.282656730548869E+001
      1.37000000 -0.422276858872250E-003 -0.708325292612018E-003  0.176081655518299E-001 -0.236870119022872E-002  0.182931971693136E-002 -0.116299587333599E+000  0.138914906079399E+001  0.699464815286798E+000  0.201066206950437E+002 -0.693749991358368E-001 -0.116369309684849E+000  0.289280940756316E+001
      1.38000000 -0.398180552989793E-003 -0.585746498582522E-003  0.181505834863624E-001 -0.238822011400501E-002  0.192369636724829E-002 -0.117535156193562E+000  0.138951262689114E+001  0.686250014831654E+000  0.201696850606620E+002 -0.649422355429060E-001 -0.955337642528056E-001  0.296031400620095E+001
      1.39000000 -0.387253975113419E-003 -0.509940900674247E-003  0.186984881458951E-001 -0.240217489294532E-002  0.204754302688575E-002 -0.118740786412024E+000  0.138896999271103E+001  0.668453450836482E+000  0.202269942379412E+002 -0.627057489941934E-001 -0.825717182378490E-001  0.302773574862335E+001
      1.40000000 -0.388848630299503E-003 -0.485231875267822E-003  0.192393324232476E-001 -0.241914952653167E-002  0.217711305076776E-002 -0.119915412840669E+000  0.138892060490886E+001  0.649990992547896E+000  0.202785003111210E+002 -0.625142195037797E-001 -0.780095121779374E-001  0.309305924335314E+001
      1.41000000 -0.396845391954936E-003 -0.503874661081701E-003  0.197574709035128E-001 -0.244541169967914E-002  0.229057898358929E-002 -0.121064070412203E+000  0.139035446248952E+001  0.634361065645462E+000  0.203251304632059E+002 -0.633473577019115E-001 -0.804321507558202E-001  0.315383169864818E+001
      1.42000000 -0.402247637420137E-003 -0.548993918007663E-003  0.202384392088432E-001 -0.248185769077815E-002  0.237393634767857E-002 -0.122200368983428E+000  0.139338229224209E+001  0.623723581913431E+000  0.203691449119541E+002 -0.637575225385647E-001 -0.870172720600701E-001  0.320785661360007E+001
      1.43000000 -0.397100594613254E-003 -0.600226031099934E-003  0.206743823517473E-001 -0.252320827819753E-002  0.242445407626156E-002 -0.123345656106518E+000  0.139713973242986E+001  0.618403660349904E+000  0.204139585248670E+002 -0.625015482293451E-001 -0.944724252247413E-001  0.325403921121836E+001
      1.44000000 -0.378098568193260E-003 -0.640373705064681E-003  0.210682804343800E-001 -0.255971444960262E-002  0.245054689553458E-002 -0.124524795080902E+000  0.140008779534719E+001  0.616975282152451E+000  0.204634408293915E+002 -0.590974601076521E-001 -0.100091517589947E+000  0.329300866823488E+001
      1.45000000 -0.348509272708908E-003 -0.660974144691615E-003  0.214351181795519E-001 -0.258063472236644E-002  0.246799260810764E-002 -0.125759911491606E+000  0.140057589312496E+001  0.616908842367296E+000  0.205209296489937E+002 -0.540969289329267E-001 -0.102598909503765E+000  0.332724020745537E+001
      1.46000000 -0.317784453494940E-003 -0.664879210081462E-003  0.217993247333729E-001 -0.257817008826878E-002  0.249358461358248E-002 -0.127064247553543E+000  0.139745227312853E+001  0.615587475234351E+000  0.205883018941675E+002 -0.489898451545851E-001 -0.102498184508930E+000  0.336059719541774E+001
      1.47000000 -0.299073002976985E-003 -0.664775257922165E-003  0.221891441329475E-001 -0.255050884590763E-002  0.253826223898894E-002 -0.128438220552832E+000  0.139051325084322E+001  0.611361850388949E+000  0.206654197538201E+002 -0.457916351944369E-001 -0.101785001635209E+000  0.339742197824154E+001
      1.48000000 -0.305506138890694E-003 -0.677871346145110E-003  0.226296236310070E-001 -0.250303587656847E-002  0.260215138018584E-002 -0.129869042141537E+000  0.138065508402568E+001  0.604271692010213E+000  0.207501408635398E+002 -0.464605665697563E-001 -0.103088883639662E+000  0.344145338281763E+001
      1.49000000 -0.346434787282267E-003 -0.718392655646584E-003  0.231363589673041E-001 -0.244739049577788E-002  0.267353403918210E-002 -0.131334125739513E+000  0.136969474404950E+001  0.596144757435249E+000  0.208389002833817E+002 -0.523312974513500E-001 -0.108518027431453E+000  0.349490215043763E+001
      1.50000000 -0.424749576984842E-003 -0.790533183113221E-003  0.237119380641805E-001 -0.239871264769570E-002  0.273254437993109E-002 -0.132807331199174E+000  0.135992601785543E+001  0.589982644137622E+000  0.209276949268789E+002 -0.637335297234517E-001 -0.118619235552810E+000  0.355796825070887E+001
      1.51000000 -0.536056068413510E-003 -0.884680385726585E-003  0.243462451153118E-001 -0.237194465803212E-002  0.275867623380211E-002 -0.134266179167885E+000  0.135355247360975E+001  0.588802882459170E+000  0.210131734128737E+002 -0.799023486232409E-001 -0.131866878794366E+000  0.362895278963601E+001
      1.52000000 -0.669900436092533E-003 -0.978800536155367E-003  0.250206091505779E-001 -0.237833428857316E-002  0.273957508183768E-002 -0.135697772784402E+000  0.135217261709774E+001  0.594336535893216E+000  0.210934914849534E+002 -0.991957232030493E-001 -0.144936205179679E+000  0.370493477232126E+001
      1.53000000 -0.812579815506359E-003 -0.104505383568874E-002  0.257145103713706E-001 -0.242322022998401E-002  0.267775689512749E-002 -0.137101466585317E+000  0.135647389436437E+001  0.606081850606929E+000  0.211686553751896E+002 -0.119536593385632E+000 -0.153735267648723E+000  0.378279759319113E+001
      1.54000000 -0.950524850198755E-003 -0.105960748146002E-002  0.264126009938881E-001 -0.250574402237035E-002  0.259232656274563E-002 -0.138487326946232E+000  0.136622016811317E+001  0.621125597372525E+000  0.212402367133318E+002 -0.138921361211604E+000 -0.154864035005130E+000  0.386026149915246E+001
      1.55000000 -0.107303123265698E-002 -0.101208754786023E-002  0.271095558826289E-001 -0.262042081032034E-002  0.251447122983480E-002 -0.139870884281366E+000  0.138050959903368E+001  0.634875270537482E+000  0.213105600004310E+002 -0.155814166366284E+000 -0.146964573593125E+000  0.393656095168138E+001
      1.56000000 -0.117338538151894E-002 -0.910899801706785E-003  0.278109498559879E-001 -0.275976259007573E-002  0.247791994358882E-002 -0.141266085000757E+000  0.139817446062264E+001  0.642489379139856E+000  0.213816615971686E+002 -0.169294305629377E+000 -0.131423274788256E+000  0.401252267065752E+001
      1.57000000 -0.124813036143529E-002 -0.782013889838557E-003  0.285298108748002E-001 -0.291670543236577E-002  0.250772085204719E-002 -0.142679123578653E+000  0.141813757249735E+001  0.640494272085104E+000  0.214544146684145E+002 -0.178931404487932E+000 -0.112109157794202E+000  0.409002079216526E+001
      1.58000000 -0.129508185518343E-002 -0.661313932918884E-003  0.292801902498469E-001 -0.308569190399685E-002  0.261160586477096E-002 -0.144105570126612E+000  0.143956362835872E+001  0.627970975237453E+000  0.215281568096633E+002 -0.184487271249798E+000 -0.942056306598445E-001  0.417102778426626E+001
      1.59000000 -0.131133286580604E-002 -0.583257062878860E-003  0.300703064739868E-001 -0.326191481216934E-002  0.277736370237271E-002 -0.145531932650187E+000  0.146174453714437E+001  0.606846717011355E+000  0.216009594826286E+002 -0.185627406609409E+000 -0.825637020103773E-001  0.425664082115815E+001
      1.60000000 -0.129254875298887E-002 -0.570170165063131E-003  0.308979955068912E-001 -0.343917092751722E-002  0.297727454280114E-002 -0.146941010922626E+000  0.148379352743175E+001  0.581182155946421E+000  0.216704207196717E+002 -0.181824844930701E+000 -0.802067245873616E-001  0.434646912057975E+001
      1.61000000 -0.123427367026378E-002 -0.626271052251672E-003  0.317502314843099E-001 -0.360756236098588E-002  0.317776299155519E-002 -0.148318887472180E+000  0.150432935401588E+001  0.555755660919847E+000  0.217346571513616E+002 -0.172548768535447E+000 -0.875513279095798E-001  0.443861314983916E+001
      1.62000000 -0.113498578646879E-002 -0.738465084669752E-003  0.326068027936059E-001 -0.375252187491102E-002  0.335031143506083E-002 -0.149660830537940E+000  0.152135614116674E+001  0.534524914253422E+000  0.217931081267634E+002 -0.157689103391701E+000 -0.102598550991504E+000  0.453022192726387E+001
      1.63000000 -0.999702734492961E-003 -0.883053534777133E-003  0.334466087350061E-001 -0.385618237328847E-002  0.347934114938305E-002 -0.150973972957155E+000  0.153247133897943E+001  0.519563842879578E+000  0.218468650467343E+002 -0.138041462277345E+000 -0.121934248055888E+000  0.461839166653893E+001
      1.64000000 -0.842487993655661E-003 -0.103507012969234E-002  0.342541917982118E-001 -0.390114658422681E-002  0.356437150999503E-002 -0.152276039176060E+000  0.153539547524354E+001  0.510823718787136E+000  0.218984462907665E+002 -0.115623509655854E+000 -0.142053586562900E+000  0.470106387979315E+001
      1.65000000 -0.686453027388698E-003 -0.117618862690167E-002  0.350243310778543E-001 -0.387566096857998E-002  0.361650223015445E-002 -0.153590915715586E+000  0.152867419239110E+001  0.506677335477042E+000  0.219511497478319E+002 -0.936382214056539E-001 -0.160442458065331E+000  0.477762634470252E+001
      1.66000000 -0.560684006773013E-003 -0.129833466481404E-002  0.357635468149552E-001 -0.377850168314458E-002  0.365174717603143E-002 -0.154942818040188E+000  0.151231586794508E+001  0.504870400786068E+000  0.220082384401781E+002 -0.760214862029085E-001 -0.176037357255807E+000  0.484907353860170E+001
      1.67000000 -0.494603193089941E-003 -0.140258440367253E-002  0.364886042473873E-001 -0.362180504376072E-002  0.368474451853176E-002 -0.156350891940678E+000  0.148812929612753E+001  0.503388027100142E+000  0.220722139678361E+002 -0.666602165462582E-001 -0.189033514905378E+000  0.491775688993429E+001
      1.68000000 -0.511201014490663E-003 -0.149528199532294E-002  0.372229678500369E-001 -0.343062026574406E-002  0.372545969788332E-002 -0.157825476830445E+000  0.145961018336290E+001  0.500889319650809E+000  0.221443385529132E+002 -0.684870879914757E-001 -0.200327281603276E+000  0.498686935703628E+001
      1.69000000 -0.621049937248987E-003 -0.158429553421763E-002  0.379923832400067E-001 -0.323891401560016E-002  0.377932280423715E-002 -0.159366433953837E+000  0.143135912514383E+001  0.496669139526451E+000  0.222244490580838E+002 -0.827115373585223E-001 -0.210996751478369E+000  0.505983212817760E+001
      1.70000000 -0.818919789024680E-003 -0.167750746108426E-002  0.388205006218818E-001 -0.308281153375405E-002  0.384913153568931E-002 -0.160963359252708E+000  0.140815425584837E+001  0.490387459495891E+000  0.223110270917666E+002 -0.108422325993393E+000 -0.222096551139205E+000  0.513970846725447E+001
      1.71000000 -0.108419721805283E-002 -0.178362369255485E-002  0.397250748504543E-001 -0.299273425184102E-002  0.393625401920778E-002 -0.162597320876357E+000  0.139391119100557E+001  0.481900369919991E+000  0.224014673308599E+002 -0.142704758093838E+000 -0.234765025530693E+000  0.522871402213603E+001
      1.72000000 -0.138531008109498E-002 -0.191351076255151E-002  0.407150856064439E-001 -0.298656656709842E-002  0.403960559364013E-002 -0.164243821511199E+000  0.139081392332510E+001  0.471388273032759E+000  0.224924967599371E+002 -0.181277884035424E+000 -0.250396778921993E+000  0.532786461874542E+001
      1.73000000 -0.168718513368217E-002 -0.207975416320032E-002  0.417891454307367E-001 -0.306589375555413E-002  0.415288487185065E-002 -0.165876693059236E+000  0.139887541886432E+001  0.459706100462917E+000  0.225807006697376E+002 -0.219504239401634E+000 -0.270577808340071E+000  0.543680382187752E+001
      1.74000000 -0.195972281870841E-002 -0.229333124172434E-002  0.429355861040990E-001 -0.321662191294909E-002  0.426228275540406E-002 -0.167472430237188E+000  0.141608019416613E+001  0.448660276384953E+000  0.226630872935502E+002 -0.253496330307718E+000 -0.296649632492574E+000  0.555385354147860E+001
      1.75000000 -0.218472410550090E-002 -0.255845423345211E-002  0.441343940522859E-001 -0.341400310838112E-002  0.434712151221419E-002 -0.169014176357255E+000  0.143908857704251E+001  0.440899337688610E+000  0.227375883503252E+002 -0.280986094113356E+000 -0.329053018738340E+000  0.567630071439537E+001
      1.76000000 -0.235898197197550E-002 -0.286834263357764E-002  0.453606767225650E-001 -0.363057212582691E-002  0.438436541432206E-002 -0.170494478061422E+000  0.146428930173936E+001  0.439313175379451E+000  0.228033850936163E+002 -0.301674241586585E+000 -0.366812929846329E+000  0.580086999845720E+001
      1.77000000 -0.249245375728612E-002 -0.320472956763345E-002  0.465888362875854E-001 -0.384431090459817E-002  0.435554165055445E-002 -0.171916233436429E+000  0.148884537727162E+001  0.446146148366713E+000  0.228609935769832E+002 -0.316942236866234E+000 -0.407515748185055E+000  0.592427038729089E+001
      1.78000000 -0.260225506725872E-002 -0.354210334462176E-002  0.477964618523162E-001 -0.404408828553561E-002  0.425283382148255E-002 -0.173291882201457E+000  0.151136017414473E+001  0.462244716234255E+000  0.229121247618038E+002 -0.329045636595492E+000 -0.447886014166116E+000  0.604368780565962E+001
      1.79000000 -0.270495371737486E-002 -0.385503206074138E-002  0.489672970967397E-001 -0.423039192972440E-002  0.408117443096178E-002 -0.174641453312384E+000  0.153192922220786E+001  0.486833376949654E+000  0.229594056458402E+002 -0.340120714792780E+000 -0.484731495266000E+000  0.615714493857472E+001
      1.80000000 -0.281044694827435E-002 -0.412503303197797E-002  0.500932926094155E-001 -0.441133689170863E-002  0.385518317322824E-002 -0.175990185810555E+000  0.155159966825563E+001  0.517942562171049E+000  0.230060563254213E+002 -0.351422174813253E+000 -0.515799837518476E+000  0.626373461458381E+001
      1.81000000 -0.292003498651940E-002 -0.434356714530553E-002  0.511762157462133E-001 -0.459608328427985E-002  0.359265272117736E-002 -0.177365962228057E+000  0.157152547128196E+001  0.553251668296298E+000  0.230555544540467E+002 -0.363107948356466E+000 -0.540124951228890E+000  0.636379043060891E+001
      1.82000000 -0.302930575086409E-002 -0.450990999290861E-002  0.522291176979015E-001 -0.478905558782060E-002  0.330825670280907E-002 -0.178796089818448E+000  0.159224958565937E+001  0.590876817868566E+000  0.231112301101270E+002 -0.374626070398412E+000 -0.557728402955679E+000  0.645903409319440E+001
      1.83000000 -0.313401152023137E-002 -0.462564376649433E-002  0.532771254793619E-001 -0.498797223254756E-002  0.301098780119131E-002 -0.180302676707346E+000  0.161347831056993E+001  0.629674019159871E+000  0.231757011348005E+002 -0.385456855632144E+000 -0.568914980049499E+000  0.655263489997571E+001
      1.84000000 -0.323550292707413E-002 -0.468952425714687E-002  0.543560781077156E-001 -0.518671194415273E-002  0.270654124752346E-002 -0.181896478948430E+000  0.163445464546395E+001  0.668927504337903E+000  0.232501398390688E+002 -0.395776724174667E+000 -0.573637109983891E+000  0.664900357605552E+001
      1.85000000 -0.334243407137232E-002 -0.469623807217927E-002  0.555073120893811E-001 -0.538140418962398E-002  0.240277217004754E-002 -0.183570560788361E+000  0.165471178680372E+001  0.707674204482307E+000  0.233335407680475E+002 -0.406646835292763E+000 -0.571353184252638E+000  0.675312431442727E+001
      1.86000000 -0.346741352278498E-002 -0.464015324108113E-002  0.567680297653725E-001 -0.557624029419568E-002  0.211434377872485E-002 -0.185296630523279E+000  0.167476851749130E+001  0.744147930905672E+000  0.234223358531506E+002 -0.419584049262425E+000 -0.561494691445753E+000  0.686937385491702E+001
      1.87000000 -0.362007469086540E-002 -0.452199910643184E-002  0.581589992444237E-001 -0.578546192703861E-002  0.186301050103307E-002 -0.187027349149055E+000  0.169634218979972E+001  0.775766770524186E+000  0.235107408019107E+002 -0.435714687827194E+000 -0.544270932858235E+000  0.700005728170991E+001
      1.88000000 -0.380015080703289E-002 -0.435440471098246E-002  0.596737885040016E-001 -0.602992171484587E-002  0.167250469343061E-002 -0.188706448429280E+000  0.172190508355753E+001  0.799766945980616E+000  0.235920253799955E+002 -0.454955854423130E+000 -0.521311394306459E+000  0.714417422204905E+001
      1.89000000 -0.399434051631842E-002 -0.416262075607597E-002  0.612748227198585E-001 -0.632952629845413E-002  0.156022983641661E-002 -0.190285293654443E+000  0.175376450056279E+001  0.814196859613815E+000  0.236605108459561E+002 -0.475674156705184E+000 -0.495714150994554E+000  0.729703677126481E+001
      1.90000000 -0.417885709810444E-002 -0.397934226235481E-002  0.629001406248853E-001 -0.669515151798992E-002  0.152996996952965E-002 -0.191740870739668E+000  0.179310937685584E+001  0.818759362520580E+000  0.237136730366021E+002 -0.495028490414546E+000 -0.471393911476384E+000  0.745116689310188E+001
      1.91000000 -0.432659075879558E-002 -0.383579864886573E-002  0.644808392887371E-001 -0.712395681313811E-002  0.156940467660784E-002 -0.193087987964191E+000  0.183948740801574E+001  0.815061278633308E+000  0.237534976399767E+002 -0.509845659781058E+000 -0.452010694319204E+000  0.759842515346985E+001
      1.92000000 -0.441545159502661E-002 -0.375325811442594E-002  0.659642748320943E-001 -0.760021300795848E-002  0.165364524055362E-002 -0.194379332517587E+000  0.189094482794611E+001  0.806149291765087E+000  0.237863693800182E+002 -0.517607040423206E+000 -0.439980550741535E+000  0.773274767816758E+001
      1.93000000 -0.443404232572861E-002 -0.373867447634102E-002  0.673344559905238E-001 -0.810084357279315E-002  0.175284981436565E-002 -0.195691169887548E+000  0.194471152275266E+001  0.795584570618350E+000  0.238212903301344E+002 -0.517093169353042E+000 -0.436000130836106E+000  0.785247065702774E+001
      1.94000000 -0.438252842664218E-002 -0.378573856980608E-002  0.686208265771859E-001 -0.860256620828356E-002  0.184011379073510E-002 -0.197098474828861E+000  0.199805062134798E+001  0.786514085712503E+000  0.238669272060078E+002 -0.508451212508379E+000 -0.439212979054750E+000  0.796123586201808E+001
      1.95000000 -0.426933977997699E-002 -0.387966760367953E-002  0.698904837456413E-001 -0.908713519071920E-002  0.189628825279672E-002 -0.198648478678934E+000  0.204886272933220E+001  0.781125070697717E+000  0.239285667211897E+002 -0.492779218102378E+000 -0.447802158358225E+000  0.806695641665693E+001
      1.96000000 -0.410644309753896E-002 -0.400247357227946E-002  0.712255481552076E-001 -0.954285231650560E-002  0.191070362178537E-002 -0.200343358343094E+000  0.209584317451441E+001  0.780586406138559E+000  0.240062139199035E+002 -0.471558973220882E+000 -0.459619744693153E+000  0.817910916025923E+001
      1.97000000 -0.390610985457706E-002 -0.413607063587276E-002  0.726940380844863E-001 -0.996307754537267E-002  0.187936815267555E-002 -0.202139805955800E+000  0.213829167577993E+001  0.785280289732357E+000  0.240946770629245E+002 -0.446276997433597E+000 -0.472550249038099E+000  0.830536729776145E+001
      1.98000000 -0.368037119195776E-002 -0.426282840597396E-002  0.743260412969842E-001 -0.103442216622425E-001  0.180337483343580E-002 -0.203966422204992E+000  0.217586889856456E+001  0.795003196148497E+000  0.241856760279771E+002 -0.418362459844844E+000 -0.484572692481887E+000  0.844893730705321E+001
      1.99000000 -0.344197089469133E-002 -0.436542153124701E-002  0.761053149152681E-001 -0.106854960973245E-001  0.168929064971952E-002 -0.205752139097212E+000  0.220855908980834E+001  0.808936566776908E+000  0.242711346004523E+002 -0.389296404560620E+000 -0.493741219348219E+000  0.860772109089102E+001
      2.00000000 -0.320431698085190E-002 -0.442846818247126E-002  0.779800771714359E-001 -0.109907208259114E-001  0.155096912161803E-002 -0.207453764898524E+000  0.223686544448056E+001  0.825458207667045E+000  0.243462752074863E+002 -0.360605005763973E+000 -0.498367609699169E+000  0.877566306514554E+001
      2.01000000 -0.297869834037448E-002 -0.444298561155213E-002  0.798883821308072E-001 -0.112701918074717E-001  0.141021855608421E-002 -0.209070809560584E+000  0.226200630732134E+001  0.842087451315604E+000  0.244111969742443E+002 -0.333546771641280E+000 -0.497513792214206E+000  0.894568999827812E+001
      2.02000000 -0.276943985396454E-002 -0.441205907004001E-002  0.817869085451505E-001 -0.115397400283485E-001  0.129360410042437E-002 -0.210641214850471E+000  0.228579262681509E+001  0.855862730853784E+000  0.244702792517650E+002 -0.308579338519561E+000 -0.491604924148538E+000  0.911294394145941E+001
      2.03000000 -0.257004722314031E-002 -0.435412256326893E-002  0.836703855429446E-001 -0.118155362660743E-001  0.122470187985555E-002 -0.212220127613247E+000  0.231003734178589E+001  0.864212240643461E+000  0.245297226965639E+002 -0.284951758146953E+000 -0.482759565045962E+000  0.927688147152534E+001
      2.04000000 -0.236390474515462E-002 -0.430040113411512E-002  0.855731164569130E-001 -0.121061947344677E-001  0.121423804809139E-002 -0.213851514318053E+000  0.233568412278328E+001  0.866032348092215E+000  0.245943728457085E+002 -0.260811105812260E+000 -0.474465977330020E+000  0.944133606765485E+001
      2.05000000 -0.213100373572033E-002 -0.428560231739777E-002  0.875522747046925E-001 -0.124063571043503E-001  0.125280724934601E-002 -0.215545604131894E+000  0.236212414776334E+001  0.862451242336980E+000  0.246652765886724E+002 -0.233968087729855E+000 -0.470526711035191E+000  0.961257737172931E+001
      2.06000000 -0.185850133386621E-002 -0.433461839678059E-002  0.896610113193209E-001 -0.126962325883715E-001  0.131071253773943E-002 -0.217272305306994E+000  0.238718353386349E+001  0.856792254133257E+000  0.247390550455474E+002 -0.203058854668732E+000 -0.473598071218627E+000  0.979631380143640E+001
      2.07000000 -0.154989410917396E-002 -0.445077024711625E-002  0.919239726667695E-001 -0.129488978792444E-001  0.134667513709522E-002 -0.218973173624774E+000  0.240795487504464E+001  0.853573806662435E+000  0.248093118182031E+002 -0.168522525018306E+000 -0.483939538759930E+000  0.999504410773846E+001
      2.08000000 -0.122736475976476E-002 -0.461133355444479E-002  0.943264083246863E-001 -0.131428084486394E-001  0.132301265156553E-002 -0.220585819319402E+000  0.242216870862073E+001  0.856838270030434E+000  0.248693465728777E+002 -0.132811777804001E+000 -0.498987283560623E+000  0.102069559059760E+002
      2.09000000 -0.924987770937096E-003 -0.477341820069143E-002  0.968213589426389E-001 -0.132735095694911E-001  0.122147288502767E-002 -0.222068983166442E+000  0.242943942684249E+001  0.868458187976841E+000  0.249148627840335E+002 -0.996129909879842E-001 -0.514054865531505E+000  0.104268028819738E+002
      2.10000000 -0.675417796435530E-003 -0.488890807793719E-002  0.993507179360456E-001 -0.133582688596242E-001  0.105299546002184E-002 -0.223416587054292E+000  0.243171693149225E+001  0.887141706403703E+000  0.249454164175912E+002 -0.723901506362658E-001 -0.523984997251270E+000  0.106482439094244E+002
      2.11000000 -0.496561140731254E-003 -0.492314724370091E-002  0.101869493446687E+000 -0.134308016676782E-001  0.856762179092554E-003 -0.224654760858006E+000  0.243266864499685E+001  0.908608857417721E+000  0.249640074951811E+002 -0.529683628909190E-001 -0.525153960669892E+000  0.108664570257191E+002
      2.12000000 -0.385060963341264E-003 -0.487019936813179E-002  0.104361472881510E+000 -0.135286478492107E-001  0.688052437474538E-003 -0.225824303677291E+000  0.243629883037210E+001  0.926951390693712E+000  0.249751368249422E+002 -0.408808491013593E-001 -0.517055490991640E+000  0.110797666630348E+002
      2.13000000 -0.319732412973806E-003 -0.475856000622917E-002  0.106839165898637E+000 -0.136799306827151E-001  0.598821605540804E-003 -0.226958061076543E+000  0.244554151504475E+001  0.936723254598891E+000  0.249823802524626E+002 -0.337857323533846E-001 -0.502831205828200E+000  0.112895637647032E+002
      2.14000000 -0.272368795083725E-003 -0.464461964353562E-002  0.109328955888775E+000 -0.138965414734060E-001  0.617787138261078E-003 -0.228064859953648E+000  0.246156868709066E+001  0.935024240506337E+000  0.249867206219528E+002 -0.286463868003998E-001 -0.488497850161422E+000  0.114986724448775E+002
      2.15000000 -0.219023472919670E-003 -0.459553592435450E-002  0.111849768172055E+000 -0.141768251321007E-001  0.737150267565768E-003 -0.229127974140473E+000  0.248411241489334E+001  0.922830827527165E+000  0.249864474487488E+002 -0.229286495589983E-001 -0.481087398262364E+000  0.117090835218965E+002
      2.16000000 -0.144738432154582E-003 -0.466688906346148E-002  0.114396619436764E+000 -0.145148337293853E-001  0.910950463170918E-003 -0.230118549164561E+000  0.251246240963124E+001  0.905077911447730E+000  0.249786181405343E+002 -0.150819115081960E-001 -0.486295221151222E+000  0.119202596400892E+002
      2.17000000 -0.390791562750717E-004 -0.488240684784238E-002  0.116937733637141E+000 -0.149088582598901E-001  0.106629515935578E-002 -0.231016835842031E+000  0.254636114064968E+001  0.889402838892990E+000  0.249612887556285E+002 -0.405332773440644E-002 -0.506407941556285E+000  0.121288943807728E+002
      2.18000000  0.113761165428029E-003 -0.522266736350125E-002  0.119426976142243E+000 -0.153621631691616E-001  0.112453193691659E-002 -0.231830231833355E+000  0.258606928745755E+001  0.883897498791773E+000  0.249353538018120E+002  0.117452918969759E-001 -0.539215227220393E+000  0.123302595387987E+002
      2.19000000  0.342101618857570E-003 -0.562715288861394E-002  0.121825726934504E+000 -0.158738742021258E-001  0.102602639177691E-002 -0.232598801222871E+000  0.263141741855304E+001  0.894551430474622E+000  0.249050486993736E+002  0.351590627979584E-001 -0.578323547386841E+000  0.125204855738507E+002
      2.20000000  0.683607984902707E-003 -0.600996301340547E-002  0.124123762139511E+000 -0.164249994177548E-001  0.750565810035005E-003 -0.233385119987469E+000  0.268038562440112E+001  0.923212173999443E+000  0.248768349758444E+002  0.699375994689289E-001 -0.614858801151146E+000  0.126986784133676E+002
      2.21000000  0.117011954816690E-002 -0.628494191053445E-002  0.126349331798375E+000 -0.169692494235383E-001  0.326184636849180E-003 -0.234252776573683E+000  0.272821048252553E+001  0.966780162482638E+000  0.248571603216459E+002  0.119169258373033E+000 -0.640081492159769E+000  0.128678784915001E+002
      2.22000000  0.180669988556692E-002 -0.639231345288156E-002  0.128563844479776E+000 -0.174373693232607E-001 -0.177481109063733E-003 -0.235242961169519E+000  0.276788604245721E+001  0.101799390548522E+001  0.248500854072711E+002  0.183172097315281E+000 -0.648084095878264E+000  0.130344332339882E+002
      2.23000000  0.255641816913322E-002 -0.631759411939318E-002  0.130843607771593E+000 -0.177569926289613E-001 -0.670051440231765E-003 -0.236359019947369E+000  0.279221796722144E+001  0.106762846925934E+001  0.248557784595591E+002  0.258019962624713E+000 -0.637636447059295E+000  0.132060799733542E+002
      2.24000000  0.334139816872293E-002 -0.609552971446938E-002  0.133256465327574E+000 -0.178809959328100E-001 -0.106881941196574E-002 -0.237564792693426E+000  0.279667680684143E+001  0.110739463592501E+001  0.248704351121283E+002  0.335742629477992E+000 -0.612476894718404E+000  0.133895674220477E+002
      2.25000000  0.406330873909381E-002 -0.579691224510204E-002  0.135842567755280E+000 -0.178111335972798E-001 -0.132458523420436E-002 -0.238796322407997E+000  0.278170303011447E+001  0.113250237625455E+001  0.248875380329245E+002  0.406465397229951E+000 -0.579883141968201E+000  0.135887540939604E+002
      2.26000000  0.463635702401499E-002 -0.550275919883081E-002  0.138605752615654E+000 -0.176043012826531E-001 -0.143501306925329E-002 -0.239981245443222E+000  0.275322085838311E+001  0.114291364392555E+001  0.248998480187568E+002  0.461737032950227E+000 -0.548022443557939E+000  0.138038137768698E+002
      2.27000000  0.501853087566474E-002 -0.527578666795228E-002  0.141516945665761E+000 -0.173564027423381E-001 -0.144009618375956E-002 -0.241058097808323E+000  0.272091784242946E+001  0.114278806814047E+001  0.249013341496456E+002  0.497596158312650E+000 -0.523103522343563E+000  0.140316539330039E+002
      2.28000000  0.522663241608237E-002 -0.514072979279025E-002  0.144526305607984E+000 -0.171697111474301E-001 -0.140158453048810E-002 -0.241989273555641E+000  0.269494034505702E+001  0.113836005436164E+001  0.248884265028468E+002  0.515956854179623E+000 -0.507476815073908E+000  0.142671862207581E+002
      2.29000000  0.532805203963235E-002 -0.508163986014837E-002  0.147578520001761E+000 -0.171179749831752E-001 -0.137523751343422E-002 -0.242765022201899E+000  0.268245392835169E+001  0.113516632423918E+001  0.248603553090487E+002  0.523671876688237E+000 -0.499453057594624E+000  0.145048734421760E+002
      2.30000000  0.541348040561551E-002 -0.505692555702282E-002  0.150626131187038E+000 -0.172246661343909E-001 -0.138816572388232E-002 -0.243399516915841E+000  0.268557954452819E+001  0.113584377951567E+001  0.248187053183131E+002  0.529754931980419E+000 -0.494863018569673E+000  0.147400433552305E+002
      2.31000000  0.556381240975703E-002 -0.502481238439727E-002  0.153637952264188E+000 -0.174629592493802E-001 -0.143137959759346E-002 -0.243922069393177E+000  0.270150071594614E+001  0.113946624826387E+001  0.247665088591606E+002  0.542109196007408E+000 -0.489591812444415E+000  0.149696899615277E+002
      2.32000000  0.582645803490805E-002 -0.496695474391754E-002  0.156601902510063E+000 -0.177749586948414E-001 -0.147063209379993E-002 -0.244366733069068E+000  0.272443524570093E+001  0.114267317632325E+001  0.247072059978057E+002  0.565253048712217E+000 -0.481868451638013E+000  0.151927126733941E+002
      2.33000000  0.621018831828755E-002 -0.489874898362149E-002  0.159522880554954E+000 -0.180984487621599E-001 -0.146990997671302E-002 -0.244762686441994E+000  0.274828288930283E+001  0.114199108967150E+001  0.246437068319916E+002  0.599894837336032E+000 -0.473211772986945E+000  0.154096699773313E+002
      2.34000000  0.669709535595807E-002 -0.486130780151058E-002  0.162416630248283E+000 -0.183870672287476E-001 -0.141574198657379E-002 -0.245127049260615E+000  0.276857255827405E+001  0.113617410519586E+001  0.245777118351541E+002  0.644164668532556E+000 -0.467588194904359E+000  0.156221539678366E+002
      2.35000000  0.726131110526794E-002 -0.489905748421157E-002  0.165300750998112E+000 -0.186153602017624E-001 -0.133001331222526E-002 -0.245461631128978E+000  0.278291179188223E+001  0.112738385892217E+001  0.245094261862883E+002  0.695462083665829E+000 -0.469213985818162E+000  0.158319073586134E+002
      2.36000000  0.788185987522729E-002 -0.503407340384375E-002  0.168184784648712E+000 -0.187701504400406E-001 -0.126457379527475E-002 -0.245755062926211E+000  0.279011951056008E+001  0.112060309429568E+001  0.244377947245785E+002  0.751697285923001E+000 -0.480102333041970E+000  0.160398748715811E+002
      2.37000000  0.854248426629527E-002 -0.524997298136301E-002  0.171062545749315E+000 -0.188380015999603E-001 -0.127988681019888E-002 -0.245990882362338E+000  0.278900996209425E+001  0.112154846901614E+001  0.243612964090366E+002  0.811263836683603E+000 -0.498580165977047E+000  0.162454916920367E+002
      2.38000000  0.922094656912033E-002 -0.549356047579361E-002  0.173910509605407E+000 -0.188002885446531E-001 -0.141782697866118E-002 -0.246159983588356E+000  0.277792662330206E+001  0.113408264062599E+001  0.242791314544907E+002  0.872016743697657E+000 -0.519521144765152E+000  0.164465627410499E+002
      2.39000000  0.987811779445893E-002 -0.569379428050266E-002  0.176694915821634E+000 -0.186415110805665E-001 -0.168158587011537E-002 -0.246273083035224E+000  0.275553498185919E+001  0.115836070408826E+001  0.241923801933286E+002  0.930256204454181E+000 -0.536204119705322E+000  0.166399657463882E+002
      2.40000000  0.104581761926415E-001 -0.578935559015183E-002  0.179386943898389E+000 -0.183666730215005E-001 -0.203214042341866E-002 -0.246367155403267E+000  0.272244565439922E+001  0.119057623758799E+001  0.241045674801471E+002  0.980778615423142E+000 -0.542931774652686E+000  0.168230937422380E+002
      2.41000000  0.109046000500334E-001 -0.575221561432291E-002  0.181981015391346E+000 -0.180159354053259E-001 -0.240275879597557E-002 -0.246500790126378E+000  0.268254252296076E+001  0.122439822055822E+001  0.240211783068698E+002  0.101840136897013E+001 -0.537210372628002E+000  0.169955536517409E+002
      2.42000000  0.111862012538497E-001 -0.559687030255996E-002  0.184508238943230E+000 -0.176643020247101E-001 -0.272462542390957E-002 -0.246737507026109E+000  0.264288585801140E+001  0.125340647884404E+001  0.239480655599715E+002  0.104038369696754E+001 -0.520542450889773E+000  0.171603710139459E+002
      2.43000000  0.113195315557750E-001 -0.537194049142055E-002  0.187037386448829E+000 -0.174015534039272E-001 -0.295195595128101E-002 -0.247121793913267E+000  0.261178838043746E+001  0.127341974543285E+001  0.238892229754829E+002  0.104845176807466E+001 -0.497566571414198E+000  0.173240100574916E+002
      2.44000000  0.113736660037653E-001 -0.513894479697409E-002  0.189660187065675E+000 -0.172989772281128E-001 -0.307598853255581E-002 -0.247657183738277E+000  0.259572069014957E+001  0.128374038992811E+001  0.238448009928073E+002  0.104914839332609E+001 -0.474034992354439E+000  0.174949467016179E+002
      2.45000000  0.114513633241905E-001 -0.494828212773764E-002  0.192464559097190E+000 -0.173781066110099E-001 -0.312306335163634E-002 -0.248296382213004E+000  0.259647693448806E+001  0.128690689483247E+001  0.238102782422082E+002  0.105200398551648E+001 -0.454584521726190E+000  0.176811683909460E+002
      2.46000000  0.116527708922407E-001 -0.482258554743869E-002  0.195505454455727E+000 -0.175974296768895E-001 -0.313943154009317E-002 -0.248949320894847E+000  0.261005386860992E+001  0.128723819268908E+001  0.237772933067011E+002  0.106615506920971E+001 -0.441236172550421E+000  0.178875164760097E+002
      2.47000000  0.120374611425031E-001 -0.475311646924029E-002  0.198785064034605E+000 -0.178650383981021E-001 -0.317078030483702E-002 -0.249507583251746E+000  0.262792081511436E+001  0.128893188715157E+001  0.237359482388544E+002  0.109689288756820E+001 -0.433119541336175E+000  0.181139461480336E+002
      2.48000000  0.126022172532153E-001 -0.470845345895942E-002  0.202250827139049E+000 -0.180725766895099E-001 -0.324545681987854E-002 -0.249876371976113E+000  0.264019193085017E+001  0.129454416928701E+001  0.236777407597462E+002  0.114372484923760E+001 -0.427319662428184E+000  0.183554442944371E+002
      2.49000000  0.132846054645439E-001 -0.464970133476112E-002  0.205812315925257E+000 -0.181354085152168E-001 -0.336716696620343E-002 -0.250001657532821E+000  0.263928426893975E+001  0.130436280682398E+001  0.235979902277110E+002  0.120081357631538E+001 -0.420292834702154E+000  0.186036554714080E+002
      2.50000000  0.139899515567253E-001 -0.454497514369248E-002  0.209370084261963E+000 -0.180212257454219E-001 -0.351771940267093E-002 -0.249882204470185E+000  0.262244728037462E+001  0.131669956076292E+001  0.234968439319207E+002  0.125951248690994E+001 -0.409183185729050E+000  0.188495460076528E+002
      2.51000000  0.146285441171011E-001 -0.437807005054456E-002  0.212844811816699E+000 -0.177555831975302E-001 -0.366605241297636E-002 -0.249562851777605E+000  0.259216288439949E+001  0.132873899546234E+001  0.233785783606625E+002  0.131175781369370E+001 -0.392586408580915E+000  0.190860308975196E+002
      2.52000000  0.151462658679876E-001 -0.415022869189235E-002  0.216195737810688E+000 -0.174043951158434E-001 -0.377828724271803E-002 -0.249113450733160E+000  0.255447831798587E+001  0.133745876020600E+001  0.232496361008737E+002  0.135279288556276E+001 -0.370678812638350E+000  0.193095815528655E+002
      2.53000000  0.155367768979953E-001 -0.387732012267713E-002  0.219422908464632E+000 -0.170438999146777E-001 -0.382505486716360E-002 -0.248603379313337E+000  0.251626367100093E+001  0.134028548417319E+001  0.231163157744348E+002  0.138218661766427E+001 -0.344935118857001E+000  0.195203554559581E+002
      2.54000000  0.158334853803621E-001 -0.358584627601836E-002  0.222555221560250E+000 -0.167326809547298E-001 -0.378536373331141E-002 -0.248082123497095E+000  0.248271639323659E+001  0.133542866662724E+001  0.229830541425647E+002  0.140303687132089E+001 -0.317749024885095E+000  0.197210642036719E+002
      2.55000000  0.160889664474301E-001 -0.330985717159002E-002  0.225631952836461E+000 -0.164966624305890E-001 -0.364873003475734E-002 -0.247572210153382E+000  0.245606976069657E+001  0.132205335418055E+001  0.228518388376991E+002  0.142008467612975E+001 -0.292142908303716E+000  0.199152928632944E+002
      2.56000000  0.163533719451646E-001 -0.308839342291259E-002  0.228686887531843E+000 -0.163296350541606E-001 -0.341773189820505E-002 -0.247074293982116E+000  0.243569698755652E+001  0.130048604113039E+001  0.227227034404788E+002  0.143778392843397E+001 -0.271530693671886E+000  0.201060877621690E+002
      2.57000000  0.166605796330091E-001 -0.296133292664992E-002  0.231741204491560E+000 -0.162041011710192E-001 -0.311151988459751E-002 -0.246578798285564E+000  0.241911665889860E+001  0.127249951454412E+001  0.225947849674053E+002  0.145909395742329E+001 -0.259346497803278E+000  0.202953437760173E+002
      2.58000000  0.170242299981999E-001 -0.296177104429943E-002  0.234805898281493E+000 -0.160842519284442E-001 -0.276837158814272E-002 -0.246076606608760E+000  0.240316077758629E+001  0.124150768388530E+001  0.224672739653080E+002  0.148516274852907E+001 -0.258379499403536E+000  0.204840379447089E+002
      2.59000000  0.174400845769529E-001 -0.310529714646135E-002  0.237889690840549E+000 -0.159353734842568E-001 -0.244387790700889E-002 -0.245563279082278E+000  0.238480543097159E+001  0.121237628359328E+001  0.223397798838093E+002  0.151556685273980E+001 -0.269854506858508E+000  0.206729347243479E+002
      2.60000000  0.178896824472729E-001 -0.337948402958738E-002  0.241006289292813E+000 -0.157290620003807E-001 -0.220203045840426E-002 -0.245035564241339E+000  0.236161946696941E+001  0.119062341663796E+001  0.222120210577570E+002  0.154865813851570E+001 -0.292552171444618E+000  0.208632183632573E+002
      2.61000000  0.183430665111754E-001 -0.373877963869688E-002  0.244176013920868E+000 -0.154471616095492E-001 -0.209935623413987E-002 -0.244483189393168E+000  0.233209273077089E+001  0.118103890212863E+001  0.220831146600419E+002  0.158182235527844E+001 -0.322415295738444E+000  0.210566252489730E+002
      2.62000000  0.187623387017700E-001 -0.410941419553684E-002  0.247420145411763E+000 -0.150868485996916E-001 -0.216606445442497E-002 -0.243881129487815E+000  0.229605525199840E+001  0.118607856993951E+001  0.219509240214980E+002  0.161180298546238E+001 -0.353024544229280E+000  0.212549477640862E+002
      2.63000000  0.191092653164218E-001 -0.440571296274188E-002  0.250749974927116E+000 -0.146656228714425E-001 -0.239101761565922E-002 -0.243187172624058E+000  0.225507893312131E+001  0.120462246059657E+001  0.218118741250415E+002  0.163536431669525E+001 -0.377039391602255E+000  0.214590961304847E+002
      2.64000000  0.193575095372962E-001 -0.455447393915952E-002  0.254154945157978E+000 -0.142215862802168E-001 -0.271756494873616E-002 -0.242347276587726E+000  0.221246828962969E+001  0.123168732801173E+001  0.216614355214004E+002  0.165033393727849E+001 -0.388293901845353E+000  0.216681040767783E+002
      2.65000000  0.195051283854500E-001 -0.451984243371826E-002  0.257594813904961E+000 -0.138047250309074E-001 -0.305430901447122E-002 -0.241308189393780E+000  0.217248734013917E+001  0.125941397922252E+001  0.214952142474884E+002  0.165664408733436E+001 -0.383887257521866E+000  0.218784986671495E+002
      2.66000000  0.195797412100875E-001 -0.431940800567535E-002  0.260999665062661E+000 -0.134597109838522E-001 -0.329955925617530E-002 -0.240034180573375E+000  0.213888631223642E+001  0.127919045793623E+001  0.213103649886592E+002  0.165672942666099E+001 -0.365484419429946E+000  0.220843483485469E+002
      2.67000000  0.196305672162842E-001 -0.402418769507114E-002  0.264279422299201E+000 -0.132071859558734E-001 -0.337255496003287E-002 -0.238523095298314E+000  0.211333357624146E+001  0.128429816065810E+001  0.211069154013506E+002  0.165480895594073E+001 -0.339229211505724E+000  0.222781109721974E+002
      2.68000000  0.197083360832835E-001 -0.374041096423888E-002  0.267341844918012E+000 -0.130339237418822E-001 -0.324089273149431E-002 -0.236816515192813E+000  0.209462826270372E+001  0.127217995521067E+001  0.208885658485235E+002  0.165516555987693E+001 -0.314131004344169E+000  0.224521751888316E+002
      2.69000000  0.198421054128198E-001 -0.357780544199832E-002  0.270115269565236E+000 -0.128993591552175E-001 -0.293375773265274E-002 -0.234999696899817E+000  0.207929988411794E+001  0.124546989837100E+001  0.206626159935343E+002  0.166020511678289E+001 -0.299357894642652E+000  0.226007645521155E+002
      2.70000000  0.200258771777914E-001 -0.361477099917343E-002  0.272570179907846E+000 -0.127573719488676E-001 -0.253492085739993E-002 -0.233189235384709E+000  0.206346629265389E+001  0.121131334080366E+001  0.204388697480428E+002  0.166937559277625E+001 -0.301330644641509E+000  0.227217016072289E+002
      2.71000000  0.202241644698066E-001 -0.387295645158960E-002  0.274732834183644E+000 -0.125826398473350E-001 -0.215670085918983E-002 -0.231509855904725E+000  0.204502998208763E+001  0.117912116118661E+001  0.202276615642358E+002  0.167968395265606E+001 -0.321661881794072E+000  0.228174733020453E+002
      2.72000000  0.203954853177010E-001 -0.431106509925052E-002  0.276685422978976E+000 -0.123864616534649E-001 -0.190352530320180E-002 -0.230065573449282E+000  0.202495461192854E+001  0.115751286307770E+001  0.200374601843509E+002  0.168768509714402E+001 -0.356731904511646E+000  0.228951583002215E+002
      2.73000000  0.205217272865542E-001 -0.484084514121197E-002  0.278550751663017E+000 -0.122113087983994E-001 -0.183830196781596E-002 -0.228913283528535E+000  0.200675974536652E+001  0.115155856358884E+001  0.198727255072291E+002  0.169191110294424E+001 -0.399102840013689E+000  0.229650800291506E+002
      2.74000000  0.206262828008701E-001 -0.535964362486004E-002  0.280464395662570E+000 -0.121049033423465E-001 -0.196435965522800E-002 -0.228047221776612E+000  0.199434487264755E+001  0.116136030961756E+001  0.197327051924347E+002  0.169432485041619E+001 -0.440262429767132E+000  0.230384601925464E+002
      2.75000000  0.207686353203216E-001 -0.578708343115163E-002  0.282541869916842E+000 -0.120870128704333E-001 -0.222999162975368E-002 -0.227399984923846E+000  0.198926482262019E+001  0.118251426532763E+001  0.196116129899892E+002  0.169981454942265E+001 -0.473645401504502E+000  0.231247154133329E+002
      2.76000000  0.210157631671188E-001 -0.609140944951700E-002  0.284850598122082E+000 -0.121278888285712E-001 -0.255366012160547E-002 -0.226860640423796E+000  0.198901391219304E+001  0.120824773569251E+001  0.195001967514400E+002  0.171380876271467E+001 -0.496746694795209E+000  0.232292040619273E+002
      2.77000000  0.214043488431504E-001 -0.629506110869023E-002  0.287395223841513E+000 -0.121522816208635E-001 -0.285934344011021E-002 -0.226304802970890E+000  0.198742548481851E+001  0.123233403164112E+001  0.193882448384546E+002  0.173919599570394E+001 -0.511500964274803E+000  0.233521059739947E+002
      2.78000000  0.219142512132079E-001 -0.645769733383103E-002  0.290120480297560E+000 -0.120694067524382E-001 -0.310712135049548E-002 -0.225627708795220E+000  0.197716387560070E+001  0.125155890451687E+001  0.192672811424393E+002  0.177422263460130E+001 -0.522828394436859E+000  0.234887479338146E+002
      2.79000000  0.224687225202986E-001 -0.664463312761367E-002  0.292930232993589E+000 -0.118146018023029E-001 -0.330610519062919E-002 -0.224770737142468E+000  0.195310590676281E+001  0.126670965626227E+001  0.191326735189805E+002  0.181259364554604E+001 -0.536034915790897E+000  0.236312268502502E+002
      2.80000000  0.229627764459396E-001 -0.689508336892003E-002  0.295716675789438E+000 -0.113812497209017E-001 -0.350465507977473E-002 -0.223734426676680E+000  0.191486749320908E+001  0.128171730574610E+001  0.189846114528492E+002  0.184583400236234E+001 -0.554252634102797E+000  0.237708143230312E+002
      2.81000000  0.233058161834411E-001 -0.720461865435106E-002  0.298391501856023E+000 -0.108263059666364E-001 -0.376315001204042E-002 -0.222575360159390E+000  0.186716202786353E+001  0.130141959830547E+001  0.188277707339022E+002  0.186674188637644E+001 -0.577073264097993E+000  0.239004680492236E+002
      2.82000000  0.234569718928796E-001 -0.752953413926283E-002  0.300911295374499E+000 -0.102469621203897E-001 -0.412264734155513E-002 -0.221388492924881E+000  0.181784743877280E+001  0.132904352818337E+001  0.186698234837915E+002  0.187218652304606E+001 -0.600959595497584E+000  0.240168285320528E+002
      2.83000000  0.234360900183140E-001 -0.781034729336788E-002  0.303291391540198E+000 -0.974145700272661E-002 -0.458463839415259E-002 -0.220279415281248E+000  0.177475387653336E+001  0.136462372798846E+001  0.185191792010047E+002  0.186391025360903E+001 -0.621169588996281E+000  0.241212563222522E+002
      2.84000000  0.233073042340545E-001 -0.800232534152502E-002  0.305604872821646E+000 -0.937479634082760E-002 -0.511163153059329E-002 -0.219332638106541E+000  0.174296743273407E+001  0.140510488092717E+001  0.183824583622285E+002  0.184714071230679E+001 -0.634196935991335E+000  0.242196693705750E+002
      2.85000000  0.231472580461804E-001 -0.809744146574032E-002  0.307965792986480E+000 -0.916573391845079E-002 -0.564790669592430E-002 -0.218582907302051E+000  0.172385013711847E+001  0.144603498995835E+001  0.182622584105176E+002  0.182802010834243E+001 -0.639483337333845E+000  0.243211382159281E+002
      2.86000000  0.230173252799496E-001 -0.812643877879157E-002  0.310498587308772E+000 -0.909769984566315E-002 -0.614951598844169E-002 -0.217997091353428E+000  0.171596508969423E+001  0.148395076128386E+001  0.181557986866692E+002  0.181140306210873E+001 -0.639529394006741E+000  0.244354235338319E+002
      2.87000000  0.229544042291883E-001 -0.813985439374503E-002  0.313299437709364E+000 -0.914195048228826E-002 -0.660768032743237E-002 -0.217473668371245E+000  0.171694071289670E+001  0.151819522034395E+001  0.180549738964802E+002  0.180015708508564E+001 -0.638353163609150E+000  0.245699342450676E+002
      2.88000000  0.229813079840841E-001 -0.817790906684612E-002  0.316399587415809E+000 -0.927498493964345E-002 -0.705289417371140E-002 -0.216863935307218E+000  0.172484809330127E+001  0.155118977845660E+001  0.179481040709152E+002  0.179600909136065E+001 -0.639110665178340E+000  0.247269013537045E+002
      2.89000000  0.231241826836115E-001 -0.824538123424786E-002  0.319743265418643E+000 -0.947801999038539E-002 -0.753697683015284E-002 -0.216013036594274E+000  0.173815242881856E+001  0.158698312081745E+001  0.178231917404991E+002  0.180092167242390E+001 -0.642153972113282E+000  0.249017482772320E+002
      2.90000000  0.234195736685674E-001 -0.830548961098849E-002  0.323191404699077E+000 -0.972026742211150E-002 -0.810207066960159E-002 -0.214810913369575E+000  0.175440835742441E+001  0.162881704382809E+001  0.176718816751213E+002  0.181763745127972E+001 -0.644604772989905E+000  0.250834967974323E+002
      2.91000000  0.239010594013403E-001 -0.829714699904515E-002  0.326555328718584E+000 -0.994082548627355E-002 -0.875304353326946E-002 -0.213236585937560E+000  0.176887499327302E+001  0.167700577754372E+001  0.174928233379302E+002  0.184863187788567E+001 -0.641744375442962E+000  0.252574825419142E+002
      2.92000000  0.245703935384435E-001 -0.816750726442124E-002  0.329653451898757E+000 -0.100473991241093E-001 -0.944874487829154E-002 -0.211377853532781E+000  0.177445658823626E+001  0.172831213642119E+001  0.172930694056819E+002  0.189389342618476E+001 -0.629553950456731E+000  0.254097885934683E+002
      2.93000000  0.253712681415506E-001 -0.790300488625535E-002  0.332373168316054E+000 -0.994090856788642E-002 -0.101182339395529E-001 -0.209414946764182E+000  0.176363308190313E+001  0.177725472615633E+001  0.170866765952070E+002  0.194895059645863E+001 -0.607086961556250E+000  0.255319868530950E+002
      2.94000000  0.261862508560175E-001 -0.754190462662328E-002  0.334715022321865E+000 -0.955837697177970E-002 -0.106950257860779E-001 -0.207569656178613E+000  0.173175062106212E+001  0.181876784984980E+001  0.168906920359796E+002  0.200471328801457E+001 -0.577377666816929E+000  0.256244262164982E+002
      2.95000000  0.268665748648746E-001 -0.716022625632564E-002  0.336800647662000E+000 -0.891245111695440E-002 -0.111523714570145E-001 -0.206035888672315E+000  0.167998826892038E+001  0.185088621097580E+001  0.167198042867512E+002  0.204982394791848E+001 -0.546299754492338E+000  0.256966895379965E+002
      2.96000000  0.272858930809887E-001 -0.683648789319741E-002  0.338839160858574E+000 -0.810365847495089E-002 -0.115210529346331E-001 -0.204916670483990E+000  0.161619148702071E+001  0.187604564799715E+001  0.165815929670738E+002  0.207478327032587E+001 -0.519837509679099E+000  0.257648822486389E+002
      2.97000000  0.273935845781230E-001 -0.661204405253136E-002  0.341063356524015E+000 -0.729351103462523E-002 -0.118792828758061E-001 -0.204191350506414E+000  0.155272164286382E+001  0.190024361600173E+001  0.164741630162332E+002  0.207595861582555E+001 -0.501078264508424E+000  0.258466872599018E+002
      2.98000000  0.272402721697222E-001 -0.646685644477894E-002  0.343659510715843E+000 -0.664682194790170E-002 -0.123181360119964E-001 -0.203724974179934E+000  0.150202351096225E+001  0.193036851862793E+001  0.163870116591268E+002  0.205741287812414E+001 -0.488431013007898E+000  0.259560366589328E+002
      2.99000000  0.269604668205856E-001 -0.632349416918118E-002  0.346716796222962E+000 -0.626887713823768E-002 -0.128984573238732E-001 -0.203314624945447E+000  0.147189442382444E+001  0.197094103981506E+001  0.163046607355726E+002  0.202946934128540E+001 -0.476005761753031E+000  0.260993666291389E+002
      3.00000000  0.267185650135129E-001 -0.607844616524754E-002  0.350213132366074E+000 -0.616740943030783E-002 -0.136198878914110E-001 -0.202752987136526E+000  0.146270884486042E+001  0.202182977546356E+001  0.162115084185776E+002  0.200455580149697E+001 -0.456034391011330E+000  0.262746807655947E+002
      3.01000000  0.266432792942468E-001 -0.564640368239762E-002  0.354038296884440E+000 -0.625775098701000E-002 -0.144170179767641E-001 -0.201884220853643E+000  0.146792694831145E+001  0.207804085519259E+001  0.160960093446315E+002  0.199226661448276E+001 -0.422213100125493E+000  0.264734183559571E+002
      3.02000000  0.267816128950771E-001 -0.499687595132110E-002  0.358040181076905E+000 -0.640805412880730E-002 -0.151845692061934E-001 -0.200633365138008E+000  0.147757931041795E+001  0.213167522382292E+001  0.159527988127772E+002  0.199597942857763E+001 -0.372407055731304E+000  0.266840103631352E+002
      3.03000000  0.270933578495221E-001 -0.416645560329512E-002  0.362073109513828E+000 -0.650157890925754E-002 -0.158196259596141E-001 -0.199004062358014E+000  0.148295034975620E+001  0.217511361422213E+001  0.157824217563305E+002  0.201254907955750E+001 -0.309492696918581E+000  0.268955183529394E+002
      3.04000000  0.274863335554853E-001 -0.324204195362913E-002  0.366030547930421E+000 -0.648532537048249E-002 -0.162612741902317E-001 -0.197053130362274E+000  0.148015832329092E+001  0.220394671103058E+001  0.155893529266270E+002  0.203502385454485E+001 -0.240033204128596E+000  0.271000457382530E+002
      3.05000000  0.278723854125013E-001 -0.232408623780757E-002  0.369855136532636E+000 -0.638252901224233E-002 -0.165101748787493E-001 -0.194857783298691E+000  0.147099818519970E+001  0.221836694988850E+001  0.153795135329084E+002  0.205684030911479E+001 -0.171505746100852E+000  0.272934283196398E+002
      3.06000000  0.282150823964894E-001 -0.148751439110136E-002  0.373530329376950E+000 -0.626583488328393E-002 -0.166210363525131E-001 -0.192489704668106E+000  0.146087568406919E+001  0.222253963623258E+001  0.151583405831299E+002  0.207532525876830E+001 -0.109412269128022E+000  0.274745583436070E+002
      3.07000000  0.285462557441395E-001 -0.757483204258926E-003  0.377064121165185E+000 -0.620772278087658E-002 -0.166739481254533E-001 -0.190002379341192E+000  0.145511402000542E+001  0.222243660495182E+001  0.149298660273540E+002  0.209284493950671E+001 -0.555342495703689E-001  0.276441416668843E+002
      3.08000000  0.289458376041120E-001 -0.108513851249740E-003  0.380474391354225E+000 -0.623471260201451E-002 -0.167394579999412E-001 -0.187429703840948E+000  0.145560868884906E+001  0.222325486325268E+001  0.146966380119509E+002  0.211524988564605E+001 -0.792977265285347E-002  0.278035973189093E+002
      3.09000000  0.294981248982631E-001  0.516119057720443E-003  0.383779793284013E+000 -0.630763143105643E-002 -0.168530931770444E-001 -0.184789768779098E+000  0.145944560839543E+001  0.222757325514423E+001  0.144600204006757E+002  0.214863282494249E+001  0.375939268282720E-001  0.279543823291706E+002
      3.10000000  0.302478951906949E-001  0.117642969788074E-002  0.386994692563009E+000 -0.633518615965694E-002 -0.170082745251632E-001 -0.182089080689024E+000  0.145996412788374E+001  0.223488023265879E+001  0.142205184008064E+002  0.219613857921109E+001  0.854142950759867E-001  0.280976236174280E+002
      3.11000000  0.311772779948769E-001  0.191247006437379E-002  0.390125130203007E+000 -0.621102987373581E-002 -0.171666549238578E-001 -0.179326704218830E+000  0.144949980181885E+001  0.224237173915335E+001  0.139780921434705E+002  0.225633760661965E+001  0.138407789432098E+000  0.282338311480906E+002
      3.12000000  0.322116409203466E-001  0.273394541313892E-002  0.393165364298023E+000 -0.585438862340110E-002 -0.172773552691994E-001 -0.176500619854287E+000  0.142233126153328E+001  0.224637561941705E+001  0.137326240602665E+002  0.232372393106419E+001  0.197224798278477E+000  0.283626583365954E+002
      3.13000000  0.332476863192868E-001  0.362286113785067E-002  0.396098130069843E+000 -0.523545713276443E-002 -0.172948821462539E-001 -0.173617407544351E+000  0.137647535020435E+001  0.224365392508065E+001  0.134846164621959E+002  0.239080065658542E+001  0.260515534943154E+000  0.284829344318583E+002
      3.14000000  0.341875017249971E-001  0.454333148036549E-002  0.398902475471966E+000 -0.437708525783105E-002 -0.171894521500590E-001 -0.170702116978458E+000  0.131374848210827E+001  0.223213604548935E+001  0.132358891682174E+002  0.245055239764892E+001  0.325664973769721E+000  0.285932392942643E+002
      3.15000000  0.349624981526101E-001  0.545157203038107E-002  0.401569279279582E+000 -0.333713949878184E-002 -0.169496226214577E-001 -0.167801613710236E+000  0.123844602287744E+001  0.221108815044605E+001  0.129897976803872E+002  0.249814808083182E+001  0.389526919551547E+000  0.286930161561814E+002
      3.16000000  0.355394018553713E-001  0.630249232970344E-002  0.404118427287259E+000 -0.218431253951739E-002 -0.165813584316091E-001 -0.164975524596416E+000  0.115558007332100E+001  0.218102556931782E+001  0.127505639639611E+002  0.253133315238163E+001  0.448901977634102E+000  0.287837813546644E+002
      3.17000000  0.359111426585435E-001  0.705403772898011E-002  0.406607605260760E+000 -0.980458178662047E-003 -0.161076164814406E-001 -0.162274914381598E+000  0.106961391953172E+001  0.214366358707622E+001  0.125217487880954E+002  0.254974199790498E+001  0.500846671001372E+000  0.288697159446772E+002
      3.18000000  0.360826061258296E-001  0.767286740225728E-002  0.409124517670131E+000  0.224020569827231E-003 -0.155689933702641E-001 -0.159716853934803E+000  0.984144240379947E+000  0.210194441785183E+001  0.123044621090571E+002  0.255385980688035E+001  0.543071295732155E+000  0.289570730574006E+002
      3.19000000  0.360616606984839E-001  0.814339635691328E-002  0.411762185701069E+000  0.138395348935691E-002 -0.150220992537813E-001 -0.157267823168447E+000  0.902353408668712E+000  0.205990323956165E+001  0.120962304561453E+002  0.254437614560927E+001  0.574567644236160E+000  0.290524025424536E+002
      3.20000000  0.358605766702631E-001  0.847793651291030E-002  0.414586744988450E+000  0.245051303253524E-002 -0.145313588129094E-001 -0.154846532245259E+000  0.827641258749015E+000  0.202207443111137E+001  0.118912513545218E+002  0.252228156853603E+001  0.596302262575282E+000  0.291602813601950E+002
      3.21000000  0.355057159782537E-001  0.872194918733321E-002  0.417612875431749E+000  0.336828269965427E-002 -0.141530642377761E-001 -0.152347575505485E+000  0.763827254788296E+000  0.199236564512126E+001  0.116821037133168E+002  0.248954234576331E+001  0.611553977752790E+000  0.292816215327155E+002
      3.22000000  0.350482968217309E-001  0.894837494497595E-002  0.420799558408476E+000  0.408260986826592E-002 -0.139159627589253E-001 -0.149676155666558E+000  0.714630020006260E+000  0.197271062929040E+001  0.114622001431275E+002  0.244983774731339E+001  0.625481655465871E+000  0.294134304866623E+002
      3.23000000  0.345683349947756E-001  0.923943425428910E-002  0.424068905122032E+000  0.455547302984504E-002 -0.138068636184296E-001 -0.146777497960276E+000  0.682563228885872E+000  0.196209683989645E+001  0.112278237011768E+002  0.240880816803043E+001  0.643826921460793E+000  0.295501835023312E+002
      3.24000000  0.341671310040994E-001  0.966102776205793E-002  0.427338665645875E+000  0.478345748209718E-002 -0.137695551035648E-001 -0.143646802704565E+000  0.667705476818774E+000  0.195653567836264E+001  0.109787749739324E+002  0.237350296265203E+001  0.671126821059597E+000  0.296861211099216E+002
      3.25000000  0.339487332171377E-001  0.102399914029943E-001  0.430551705447743E+000  0.481008550040467E-002 -0.137200963283264E-001 -0.140315842664270E+000  0.666883832997555E+000  0.195016728900389E+001  0.107173897790606E+002  0.235107502411965E+001  0.709157183591952E+000  0.298172940591288E+002
      3.26000000  0.339952581539298E-001  0.109546533822360E-001  0.433687654027649E+000  0.472660990116066E-002 -0.135737225705265E-001 -0.136824928660580E+000  0.673668921841190E+000  0.193714683752107E+001  0.104465647520108E+002  0.234707527755460E+001  0.756323014557067E+000  0.299423397916241E+002
      3.27000000  0.343433308802799E-001  0.117437199202435E-001  0.436752167812983E+000  0.465913362886378E-002 -0.132723838883856E-001 -0.133196699738112E+000  0.679311276086613E+000  0.191353976758399E+001  0.101679447448916E+002  0.236385556462737E+001  0.808321644154587E+000  0.300617038529774E+002
      3.28000000  0.349689499475677E-001  0.125299954163351E-001  0.439751969923709E+000  0.474405589058311E-002 -0.128009186753748E-001 -0.129426552441167E+000  0.674461596958412E+000  0.187840251446417E+001  0.988128516287294E+001  0.239957883813489E+001  0.859811686883557E+000  0.301758995520098E+002
      3.29000000  0.357862024202444E-001  0.132482171419172E-001  0.442671713765944E+000  0.509733587049083E-002 -0.121849389229315E-001 -0.125494479447438E+000  0.651282591665427E+000  0.183359237646441E+001  0.958529058023266E+001  0.244819491577321E+001  0.906333046156162E+000  0.302839241300809E+002
      3.30000000  0.366619796824655E-001  0.138642387559056E-001  0.445467301193340E+000  0.578533879425714E-002 -0.114722726670494E-001 -0.121390493513701E+000  0.605414490643203E+000  0.178245937097086E+001  0.927936468677060E+001  0.250050799814771E+001  0.945601961422506E+000  0.303828260010729E+002
      3.31000000  0.374446512397709E-001  0.143771637425369E-001  0.448080548973808E+000  0.680561614082638E-002 -0.107078163447689E-001 -0.117137899926483E+000  0.537229430598901E+000  0.172811368792678E+001  0.896518221505884E+001  0.254617395643332E+001  0.977623203223852E+000  0.304687314851976E+002
      3.32000000  0.380002641596876E-001  0.148046911630486E-001  0.450467762167213E+000  0.808434916665475E-002 -0.991474509073483E-002 -0.112799806822535E+000  0.451933503356422E+000  0.167215548153293E+001  0.864709609553896E+001  0.257617171403650E+001  0.100366214426878E+001  0.305387957858352E+002
      3.33000000  0.382464995759129E-001  0.151605150041722E-001  0.452626821654259E+000  0.949311969301023E-002 -0.909155365178383E-002 -0.108463491018850E+000  0.358360637489777E+000  0.161449753906013E+001  0.833104053077628E+001  0.258507849892648E+001  0.102469825485990E+001  0.305930183852107E+002
      3.34000000  0.381738908528155E-001  0.154367415930614E-001  0.454607995736353E+000  0.108818177308445E-001 -0.822604713599979E-002 -0.104209133906022E+000  0.266700724450137E+000  0.155433334344220E+001  0.802240051148462E+001  0.257244581738797E+001  0.104024453515304E+001  0.306349290328329E+002
      3.35000000  0.378467548415203E-001  0.156018103456482E-001  0.456502007549726E+000  0.121186594931060E-001 -0.731833967332115E-002 -0.100077457597899E+000  0.185790713529467E+000  0.149169300671857E+001  0.772384560263657E+001  0.254278777881906E+001  0.104822970530737E+001  0.306707333472711E+002
      3.36000000  0.373825692087169E-001  0.156164590678209E-001  0.458409968739502E+000  0.131249279937227E-001 -0.639969858310786E-002 -0.960510445151237E-001  0.120807595341456E+000  0.142869312418807E+001  0.743411901669903E+001  0.250412580782504E+001  0.104609124001715E+001  0.307072589600713E+002
      3.37000000  0.369160798773804E-001  0.154607043470125E-001  0.460407729953947E+000  0.138930830174793E-001 -0.553538274562138E-002 -0.920573002189422E-001  0.721131809588231E-001  0.136969538593759E+001  0.714829374892565E+001  0.246553942604364E+001  0.103258461485019E+001  0.307495653392020E+002
      3.38000000  0.365601362207052E-001  0.151582804105435E-001  0.462518562126808E+000  0.144824917821842E-001 -0.480701598608437E-002 -0.879914184597251E-001  0.356096279530133E-001  0.132009960751081E+001  0.685935611506480E+001  0.243454261202122E+001  0.100939119487019E+001  0.307991507895639E+002
      3.39000000  0.363764499328746E-001  0.147847848606362E-001  0.464703410987476E+000  0.149951983840897E-001 -0.428014453796400E-002 -0.837503050282413E-001  0.441397207532324E-002  0.128417443973375E+001  0.656048885682070E+001  0.241516546637338E+001  0.981615905044605E+000  0.308533579388289E+002
      3.40000000  0.363653746538588E-001  0.144522967944438E-001  0.466870731552227E+000  0.155414444923693E-001 -0.397073671863968E-002 -0.792659786187417E-001 -0.288184409163839E-001  0.126285633630555E+001  0.624727933624738E+001  0.240732887300745E+001  0.956718628247259E+000  0.309060858777244E+002
      3.41000000  0.364760980506479E-001  0.142737433380279E-001  0.468901884128556E+000  0.162078549980860E-001 -0.382657152951092E-002 -0.745289983795913E-001 -0.697873032502891E-001  0.125256998151410E+001  0.591923059528009E+001  0.240757747223823E+001  0.942127714906067E+000  0.309495168959806E+002
      3.42000000  0.366307598664874E-001  0.143201581482708E-001  0.470685050119635E+000  0.170389505368777E-001 -0.373437537747419E-002 -0.695964086442126E-001 -0.121354710218198E+000  0.124576392837049E+001  0.558022696166351E+001  0.241071626015086E+001  0.942427572395281E+000  0.309763736233991E+002
      3.43000000  0.367514446427583E-001  0.145886588877933E-001  0.472149941915167E+000  0.180361622896359E-001 -0.355306919349470E-002 -0.645822123216697E-001 -0.183521876388858E+000  0.123315021517857E+001  0.523784505156107E+001  0.241160719365408E+001  0.957298823530747E+000  0.309821887948652E+002
      3.44000000  0.367795510755511E-001  0.149960200694382E-001  0.473295531711103E+000  0.191709664558259E-001 -0.316195286857713E-002 -0.596310036115705E-001 -0.254330088783908E+000  0.120688224725194E+001  0.490157492720688E+001  0.240643567304394E+001  0.981169062522015E+000  0.309670786645084E+002
      3.45000000  0.366820052242607E-001  0.154029295714594E-001  0.474202860418578E+000  0.204036016064243E-001 -0.250515207547888E-002 -0.548782677939185E-001 -0.331110212689861E+000  0.116343357297082E+001  0.458020236447930E+001  0.239309670507300E+001  0.100487145619706E+001  0.309365122180766E+002
      3.46000000  0.364454420786462E-001  0.156612536482253E-001  0.475025836319897E+000  0.216981447227127E-001 -0.161378355596276E-002 -0.504050620358050E-001 -0.411473660685675E+000  0.110497731545245E+001  0.427887099740349E+001  0.237079170608570E+001  0.101877129590017E+001  0.309006352699308E+002
      3.47000000  0.360645862760776E-001  0.156663211365941E-001  0.475956841430758E+000  0.230282580696065E-001 -0.595525747898481E-003 -0.461995355460798E-001 -0.493681109421212E+000  0.103862756605911E+001  0.399663888170037E+001  0.233925601653591E+001  0.101616404788956E+001  0.308719722002428E+002
      3.48000000  0.355324800054458E-001  0.153930825650170E-001  0.477171748362032E+000  0.243734772125682E-001  0.405468338207031E-003 -0.421401208775833E-001 -0.576393092747912E+000  0.973775695519228E+000  0.372547880220924E+001  0.229811920393143E+001  0.995571900552563E+000  0.308618356589873E+002
      3.49000000  0.348378060199982E-001  0.149008621249184E-001  0.478768533200999E+000  0.257106210877198E-001  0.126263001567841E-002 -0.380119288325151E-001 -0.658110297721124E+000  0.918571401909536E+000  0.345143710913852E+001  0.224673393593593E+001  0.960975343612012E+000  0.308763849934602E+002
      3.50000000  0.339700150425561E-001  0.143042618953298E-001  0.480720387272727E+000  0.270066944415284E-001  0.191274734797837E-002 -0.335578711404983E-001 -0.736719425334050E+000  0.876996961542909E+000  0.315800592733563E+001  0.218450966411417E+001  0.919864130446284E+000  0.309136846250557E+002
      3.51000000  0.329287173500894E-001  0.137222891569546E-001  0.482863288740459E+000  0.282181103483562E-001  0.237407843035723E-002 -0.285522371704632E-001 -0.809452081639416E+000  0.847765101746603E+000  0.283087755862314E+001  0.211151403900814E+001  0.879925139330103E+000  0.309630224055585E+002
      3.52000000  0.317317645000358E-001  0.132275563186502E-001  0.484927673218909E+000  0.292973661677876E-001  0.272898893703863E-002 -0.228730106064166E-001 -0.873320954579048E+000  0.825504035711244E+000  0.246253727444008E+001  0.202898031936546E+001  0.845791334541425E+000  0.310070593545387E+002
      3.53000000  0.304172633205583E-001  0.128178206633970E-001  0.486607333359210E+000  0.302044236631542E-001  0.307874189084375E-002 -0.165464355481144E-001 -0.925848516613733E+000  0.803697942737080E+000  0.205500865406194E+001  0.193941927509135E+001  0.817270383507991E+000  0.310263165943599E+002
      3.54000000  0.290377280681090E-001  0.124225981407329E-001  0.487643122476271E+000  0.309177145938960E-001  0.349057786322862E-002 -0.974597191740077E-002 -0.965759563950920E+000  0.778067787076613E+000  0.161965244709290E+001  0.184622933535200E+001  0.789833318051448E+000  0.310045274818557E+002
      3.55000000  0.276481981508536E-001  0.119420685784246E-001  0.487892019063252E+000  0.314397491567601E-001  0.396100068062984E-002 -0.274492134349400E-002 -0.993319864673591E+000  0.748867546578774E+000  0.117403148522820E+001  0.175293073496670E+001  0.757142253393260E+000  0.309329711431676E+002
      3.56000000  0.262928897516586E-001  0.113008900369004E-001  0.487357508396170E+000  0.317945209216178E-001  0.441223043307673E-002  0.415985750258750E-002 -0.101015044768904E+001  0.721044798812301E+000  0.737000615868270E+000  0.166231987692569E+001  0.714478108443978E+000  0.308122873152363E+002
      3.57000000  0.249957862790756E-001  0.104925686267241E-001  0.486172898260510E+000  0.320172813878826E-001  0.472402188696248E-002  0.107249859032165E-001 -0.101856394739429E+001  0.702168958313465E+000  0.323831726427023E+000  0.157588623495093E+001  0.661515276355773E+000  0.306512933668462E+002
      3.58000000  0.237592362649517E-001  0.959402299112861E-002  0.484547847181867E+000  0.321404885205900E-001  0.478710678746282E-002  0.168117306592476E-001 -0.102067152927505E+001  0.699034742834459E+000 -0.569529918382985E-001  0.149374245656382E+001  0.603175931721277E+000  0.304635083173883E+002
      3.59000000  0.225715843389973E-001  0.874322324763373E-002  0.482701432645400E+000  0.321816100703262E-001  0.455470695298741E-002  0.223972884631191E-001 -0.101762102692363E+001  0.714443357565376E+000 -0.404194508929520E+000  0.141512196169864E+001  0.548155018625967E+000  0.302628910767125E+002
      3.60000000  0.214211508684748E-001  0.808922504793981E-002  0.480807019763121E+000  0.321382018004043E-001  0.406939600844913E-002  0.275493658044114E-001 -0.100930260900673E+001  0.745578546440157E+000 -0.722405408089391E+000  0.133926517094095E+001  0.505743945931149E+000  0.300603874864783E+002
      3.61000000  0.203108571686180E-001  0.773601909974847E-002  0.478965269007675E+000  0.319931669312498E-001  0.345361435682807E-002  0.323807557132404E-001 -0.994694111678625E+000  0.784675764159975E+000 -0.101885930491663E+001  0.126633125393458E+001  0.482321483811257E+000  0.298622891519684E+002
      3.62000000  0.192667663456213E-001  0.770392662780506E-002  0.477207310606969E+000  0.317290326636905E-001  0.286817412812067E-002  0.370048314805187E-001 -0.972761286600322E+000  0.821670488881303E+000 -0.130078552144064E+001  0.119791646872713E+001  0.478993745798473E+000  0.296704950959758E+002
      3.63000000  0.183355244394778E-001  0.792400146147112E-002  0.475517792853489E+000  0.313458968308167E-001  0.245671431438216E-002  0.415073555399651E-001 -0.943570731448265E+000  0.847673905687427E+000 -0.157362173437586E+001  0.113687570780520E+001  0.491319721990780E+000  0.294840013498775E+002
      3.64000000  0.175698814689364E-001  0.826618987512363E-002  0.473862476875738E+000  0.308751919628601E-001  0.229921164679300E-002  0.459391073210852E-001 -0.909125850790003E+000  0.857831348980434E+000 -0.184058273886683E+001  0.108640992250386E+001  0.511128701551731E+000  0.293006471153629E+002
      3.65000000  0.170067229163174E-001  0.858779468642927E-002  0.472208084266074E+000  0.303820013383173E-001  0.239242857751190E-002  0.503238080670093E-001 -0.873483142024457E+000  0.852472700578377E+000 -0.210317957682106E+001  0.104870671059507E+001  0.529559866482565E+000  0.291183545003803E+002
      3.66000000  0.166461476160126E-001  0.878142566153298E-002  0.470529807208668E+000  0.299526154665821E-001  0.266258310630975E-002  0.546712235616256E-001 -0.841958924078094E+000  0.836262421916424E+000 -0.236204857442107E+001  0.102366753871777E+001  0.540020466040283E+000  0.289355892275825E+002
      3.67000000  0.164410116471946E-001  0.880385509632886E-002  0.468809247997660E+000  0.296700742299968E-001  0.300174895854749E-002  0.589869347164752E-001 -0.819612217244123E+000  0.815908142469335E+000 -0.261756247173000E+001  0.100829763434978E+001  0.539924577469744E+000  0.287512268624906E+002
      3.68000000  0.163031265381772E-001  0.867715923670785E-002  0.467028971980659E+000  0.295861173253001E-001  0.331077859091878E-002  0.632754248980439E-001 -0.809532684713646E+000  0.797507661912952E+000 -0.287002282973583E+001  0.997124428646362E+000  0.530708476433330E+000  0.285642140945794E+002
      3.69000000  0.161258971215181E-001  0.846596150121125E-002  0.465168842872010E+000  0.297005904559614E-001  0.353121348882844E-002  0.675379890576509E-001 -0.811611181922411E+000  0.784610819384137E+000 -0.311953346054894E+001  0.983611944927139E+000  0.516388067909287E+000  0.283733442430501E+002
      3.70000000  0.158161915235172E-001  0.824368247841674E-002  0.463206014975129E+000  0.299573693623546E-001  0.365581520588090E-002  0.717689777549034E-001 -0.822335038593032E+000  0.777613312313404E+000 -0.336577462008782E+001  0.962113850578036E+000  0.501470981839024E+000  0.281772588562789E+002
      3.71000000  0.153237926776988E-001  0.806288701773345E-002  0.461117715029720E+000  0.302597388141926E-001  0.371778108125095E-002  0.759530170908683E-001 -0.835766925357829E+000  0.774453454916125E+000 -0.360784005812888E+001  0.929648201575548E+000  0.489150993699581E+000  0.279746185235116E+002
      3.72000000  0.146570903679740E-001  0.794023473481113E-002  0.458885276385887E+000  0.305003684268694E-001  0.376725007004496E-002  0.800639435274180E-001 -0.845391096915222E+000  0.772066696316043E+000 -0.384418045387477E+001  0.886811060548138E+000  0.480415130793272E+000  0.277643467021856E+002
      3.73000000  0.138788497585907E-001  0.785845021484823E-002  0.456498777951022E+000  0.305949749474894E-001  0.384689760557779E-002  0.840652336296136E-001 -0.846152384702724E+000  0.767871710944891E+000 -0.407263796758357E+001  0.837473200181709E+000  0.474192138712642E+000  0.275459061161060E+002
      3.74000000  0.130837903671439E-001  0.778046614111102E-002  0.453962394024930E+000  0.305072045064789E-001  0.397592885101781E-002  0.879122625263471E-001 -0.835934092956958E+000  0.760727229949746E+000 -0.429059029078937E+001  0.787387018533275E+000  0.468231136829642E+000  0.273196135009266E+002
      3.75000000  0.123668734222913E-001  0.766753781864736E-002  0.451299911236943E+000  0.302559529957707E-001  0.414604573349949E-002  0.915577082854733E-001 -0.815958187180133E+000  0.751154898501326E+000 -0.449528120907964E+001  0.742258062212403E+000  0.460204577896863E+000  0.270869593431400E+002
      3.76000000  0.117944874248823E-001  0.749417891182699E-002  0.448558098538869E+000  0.299036172557839E-001  0.432746216217970E-002  0.949611787071241E-001 -0.790037610319197E+000  0.740957090198290E+000 -0.468439864488690E+001  0.706020810271458E+000  0.448603324336511E+000  0.268507940002656E+002
      3.77000000  0.113888016677960E-001  0.725638732882174E-002  0.445804379877575E+000  0.295313725981258E-001  0.448027456193139E-002  0.981019652598850E-001 -0.763065951770734E+000  0.732521083858219E+000 -0.485683019564339E+001  0.679928045513038E+000  0.433216891283887E+000  0.266151707205882E+002
      3.78000000  0.111294753271393E-001  0.697312977476854E-002  0.443116266285218E+000  0.292121890815040E-001  0.456683259584934E-002  0.100990753334052E+000 -0.739396447309435E+000  0.728074730362922E+000 -0.501334453471602E+001  0.662688091961625E+000  0.415204664156432E+000  0.263847004814009E+002
      3.79000000  0.109695319575954E-001  0.668262460495786E-002  0.440563551858437E+000  0.289921008666307E-001  0.456269023175072E-002  0.103674348809644E+000 -0.721736762011932E+000  0.729038211414346E+000 -0.515684728900281E+001  0.651441112196004E+000  0.396857078485273E+000  0.261634873142387E+002
      3.80000000  0.108568095534385E-001  0.643460308964991E-002  0.438188724221030E+000  0.288856485757508E-001  0.446519953141013E-002  0.106228877341345E+000 -0.710900692869495E+000  0.735525655515195E+000 -0.529195011389255E+001  0.643050230934526E+000  0.381122371393251E+000  0.259539746843948E+002
      3.81000000  0.107511429639832E-001  0.627889851520796E-002  0.435993656151650E+000  0.288847512276622E-001  0.429873630585847E-002  0.108741527644059E+000 -0.706357129328173E+000  0.746053573915543E+000 -0.542386979506953E+001  0.635120216214651E+000  0.370923853950060E+000  0.257561810954339E+002
      3.82000000  0.106305075268499E-001  0.625104451242280E-002  0.433939338403371E+000  0.289745723041447E-001  0.411445838471749E-002  0.111286645850231E+000 -0.707182485800086E+000  0.757576014609947E+000 -0.555701180692750E+001  0.626349755037041E+000  0.368311690593562E+000  0.255677160872514E+002
      3.83000000  0.104850456323904E-001  0.635753367178777E-002  0.431960200050653E+000  0.291475683541340E-001  0.398207075147876E-002  0.113905670376573E+000 -0.712891408237059E+000  0.765988891617689E+000 -0.569380175275726E+001  0.616166136416240E+000  0.373608002961887E+000  0.253846532368517E+002
      3.84000000  0.103035593080470E-001  0.656582554461462E-002  0.429987805498098E+000  0.294085530953163E-001  0.397278481432083E-002  0.116599641334806E+000 -0.723727890929767E+000  0.767142573559741E+000 -0.583427209729751E+001  0.603924052215894E+000  0.384843707935901E+000  0.252029391141585E+002
      3.85000000  0.100603158592953E-001  0.680498721765851E-002  0.427973923473993E+000  0.297682312840308E-001  0.413652257650956E-002  0.119337740092746E+000 -0.740277788623709E+000  0.758175140022449E+000 -0.597659247693919E+001  0.588135185776470E+000  0.397825722118476E+000  0.250197435657347E+002
      3.86000000  0.970973897566978E-002  0.698040907641571E-002  0.425902827962508E+000  0.302281121045210E-001  0.448064349131631E-002  0.122077936286964E+000 -0.762584696247503E+000  0.738736126826990E+000 -0.611829774565039E+001  0.566169573008622E+000  0.407023838243517E+000  0.248341611298634E+002
      3.87000000  0.919311627194393E-002  0.700058914110062E-002  0.423787545472026E+000  0.307637596212029E-001  0.495937467895642E-002  0.124790032070712E+000 -0.789182821540994E+000  0.711568803994339E+000 -0.625763640171550E+001  0.534660454792226E+000  0.407145745063324E+000  0.246469679154229E+002
      3.88000000  0.845637460000162E-002  0.680781599350702E-002  0.421652329314394E+000  0.313145019948407E-001  0.548076023632657E-002  0.127470178549909E+000 -0.816519478981672E+000  0.682067186297400E+000 -0.639440347361524E+001  0.490544897855940E+000  0.394913844185225E+000  0.244595832845684E+002
      3.89000000  0.747322453852247E-002  0.640100496348556E-002  0.419510216005645E+000  0.317857095089752E-001  0.593151764895451E-002  0.130139983618304E+000 -0.839113719681955E+000  0.656803775808508E+000 -0.652986902129795E+001  0.432399024321909E+000  0.370360650429229E+000  0.242727630032883E+002
      3.90000000  0.626523883695196E-002  0.584042232043982E-002  0.417346894331744E+000  0.320653825233507E-001  0.621230786209368E-002  0.132830688586668E+000 -0.850538366859097E+000  0.641478967632054E+000 -0.666584603651427E+001  0.361575753442898E+000  0.337058994221060E+000  0.240856768101227E+002
      3.91000000  0.491062081492725E-002  0.523062822487625E-002  0.415119183278228E+000  0.320515904722297E-001  0.627043652105662E-002  0.135560025086929E+000 -0.845011609174663E+000  0.639049794238263E+000 -0.680335129522178E+001  0.282674035151094E+000  0.301094880347196E+000  0.238958410816783E+002
      3.92000000  0.353650575245658E-002  0.468699954646758E-002  0.412769621612159E+000  0.316829898011863E-001  0.611696769378760E-002  0.138312932429775E+000 -0.819141016244574E+000  0.648782299377713E+000 -0.694150836265610E+001  0.203055415819304E+000  0.269113274081843E+000  0.236999776108982E+002
      3.93000000  0.229471772320962E-002  0.429843577674223E-002  0.410251214746562E+000  0.309626559320964E-001  0.582115858654550E-002  0.141035753137229E+000 -0.773258016585080E+000  0.666617225859346E+000 -0.707723925312416E+001  0.131420463651608E+000  0.246175125176615E+000  0.234954409905447E+002
      3.94000000  0.132645175452068E-002  0.410069759899748E-002  0.407551624006770E+000  0.299665696767710E-001  0.548450308199591E-002  0.143647656038609E+000 -0.711855431186032E+000  0.686694990800066E+000 -0.720594491859543E+001  0.757742265689696E-001  0.234254421917930E+000  0.232815924068041E+002
      3.95000000  0.725603742619958E-003  0.407023076339907E-002  0.404706031689732E+000  0.288321840308146E-001  0.520513410813396E-002  0.146065545318774E+000 -0.642883323467948E+000  0.703406859031973E+000 -0.732294384223540E+001  0.413455424300223E-001  0.231925345534277E+000  0.230605073018177E+002
      3.96000000  0.511911943339518E-003  0.413943574359529E-002  0.401792466944982E+000  0.277284935961457E-001  0.504687533928676E-002  0.148232843659689E+000 -0.576004183222707E+000  0.713150784071983E+000 -0.742510902687988E+001  0.290955352964752E-001  0.235273078411825E+000  0.228366754399050E+002
      3.97000000  0.622944188255624E-003  0.422543012775971E-002  0.398910515418850E+000  0.268151201403917E-001  0.502429431335103E-002  0.150140695355100E+000 -0.520251763342100E+000  0.715153530939578E+000 -0.751205050240232E+001  0.353170896009826E-001  0.239555801688521E+000  0.226157634687500E+002
      3.98000000  0.928634561674768E-003  0.425959792141175E-002  0.396151085604920E+000  0.262020507726909E-001  0.510737301581993E-002  0.151832983457553E+000 -0.481762116823204E+000  0.711171010354093E+000 -0.758636466753710E+001  0.525155655104885E-001  0.240886138554665E+000  0.224028903798461E+002
      3.99000000  0.126508484616646E-002  0.420656377288828E-002  0.393568560547161E+000  0.259222107567446E-001  0.524085439089520E-002  0.153392867704140E+000 -0.462262750870985E+000  0.704365255322571E+000 -0.765283747585785E+001  0.713629892372994E-001  0.237290776314571E+000  0.222010634587673E+002
      4.00000000  0.147800743756415E-002  0.406745242228215E-002  0.391165803714923E+000  0.259255323487242E-001  0.536806457625944E-002  0.154915778179999E+000 -0.458793995399337E+000  0.697946400273300E+000 -0.771689745698583E+001  0.831654427022883E-001  0.228869945287341E+000  0.220103609827308E+002
      4.01000000  0.146278227548942E-002  0.386983943462079E-002  0.388897469168276E+000  0.260965552440783E-001  0.544916396113240E-002  0.156479072385563E+000 -0.464755329829171E+000  0.694147680391921E+000 -0.778290460713152E+001  0.821034850907752E-001  0.217207515874346E+000  0.218281545358584E+002
      4.02000000  0.118899875214923E-002  0.365181800641073E-002  0.386689873603005E+000  0.262900529808903E-001  0.546848866311961E-002  0.158119770771560E+000 -0.471945342567272E+000  0.693826542517365E+000 -0.785291712132265E+001  0.665704697064134E-001  0.204460466867327E+000  0.216502552840651E+002
      4.03000000  0.702390577018405E-003  0.344803280703377E-002  0.384469202131809E+000  0.263733830201453E-001  0.543180002261091E-002  0.159828399168855E+000 -0.472946834550948E+000  0.696635329524956E+000 -0.792637605298061E+001  0.392283377618793E-001  0.192571768463257E+000  0.214725086209003E+002
      4.04000000  0.104520718309806E-003  0.328202997477737E-002  0.382186716993238E+000  0.262623141694397E-001  0.535842194712630E-002  0.161560309176706E+000 -0.463113113432933E+000  0.701474235379061E+000 -0.800076838018269E+001  0.582300678446909E-002  0.182846837631871E+000  0.212921981591166E+002
      4.05000000 -0.482234230934687E-003  0.316456687266932E-002  0.379831283535965E+000  0.259396925320225E-001  0.527359695167431E-002  0.163258660952853E+000 -0.441571130280764E+000  0.706925395939626E+000 -0.807292837443583E+001 -0.267996601922093E-001  0.175867475601388E+000  0.211087240932783E+002
      4.06000000 -0.952490122762908E-003  0.309459571165091E-002  0.377425299482782E+000  0.254524516947054E-001  0.520359748610823E-002  0.164878628765415E+000 -0.411009259723773E+000  0.711527819604844E+000 -0.814038752372737E+001 -0.528032583711167E-001  0.171555308565785E+000  0.209233514638201E+002
      4.07000000 -0.124647555536260E-002  0.305991057505076E-002  0.375007525263816E+000  0.248898268667265E-001  0.517265787011427E-002  0.166402426905477E+000 -0.376428771016668E+000  0.713947583758848E+000 -0.820219691306435E+001 -0.689311671775283E-001  0.169215678951484E+000  0.207382377500950E+002
      4.08000000 -0.136151535192355E-002  0.303708530241046E-002  0.372612007504065E+000  0.243514975693397E-001  0.519919192484807E-002  0.167839514176547E+000 -0.343358065138242E+000  0.713184933100783E+000 -0.825891988268641E+001 -0.751084249996551E-001  0.167541771256105E+000  0.205552592411469E+002
      4.09000000 -0.134481401157199E-002  0.299296529782561E-002  0.370253560197900E+000  0.239167644114148E-001  0.529000959040614E-002  0.169213655471830E+000 -0.316150015106712E+000  0.708888456542027E+000 -0.831190153377176E+001 -0.740057037481807E-001  0.164704190507767E+000  0.203752154959222E+002
      4.10000000 -0.127223443881336E-002  0.289040375972403E-002  0.367926435001732E+000  0.236242159791295E-001  0.543420006958782E-002  0.170544897890823E+000 -0.296880090847340E+000  0.701682972837883E+000 -0.836226975174947E+001 -0.698408580435007E-001  0.158672232501090E+000  0.201977694782220E+002
      4.11000000 -0.122167247424625E-002  0.269861441820468E-002  0.365615693542581E+000  0.234666748346470E-001  0.560060842170526E-002  0.171836771396154E+000 -0.285097294322025E+000  0.693295842721432E+000 -0.841023692288070E+001 -0.669020217932025E-001  0.147783276143282E+000  0.200220841616443E+002
      4.12000000 -0.125007252844407E-002  0.240494633239536E-002  0.363313952153097E+000  0.234005655479214E-001  0.574241769764119E-002  0.173075922868059E+000 -0.278366593602772E+000  0.686293267735578E+000 -0.845509105317971E+001 -0.682911255572368E-001  0.131381570434516E+000  0.198477433577912E+002
      4.13000000 -0.138044298919378E-002  0.202260524328003E-002  0.361033169779464E+000  0.233643795779397E-001  0.580909475116493E-002  0.174244422149428E+000 -0.273299231692580E+000  0.683419118457074E+000 -0.849587760759827E+001 -0.752306300996519E-001  0.110226838837932E+000  0.196753890323616E+002
      4.14000000 -0.160087619971721E-002  0.158971084373112E-002  0.358803696466998E+000  0.232990324437565E-001  0.576170697044436E-002  0.175337712186001E+000 -0.266670979218675E+000  0.686760082083171E+000 -0.853237831333722E+001 -0.870329456126004E-001  0.864259318907058E-001  0.195066567956526E+002
      4.15000000 -0.187342187630839E-002  0.115897491420572E-002  0.356659732315554E+000  0.231638233440896E-001  0.558507423640509E-002  0.176377494893898E+000 -0.256285719219540E+000  0.697094521066317E+000 -0.856580115188360E+001 -0.101604692555222E+000  0.628567923361339E-001  0.193433753000461E+002
      4.16000000 -0.214816350032232E-002  0.782084615857395E-003  0.354618115161991E+000  0.229445152940142E-001  0.529119984990253E-002  0.177410889243905E+000 -0.241400261334356E+000  0.713722569761370E+000 -0.859871766514939E+001 -0.116225193538290E+000  0.423142539325830E-001  0.191864162391279E+002
      4.17000000 -0.237753182129662E-002  0.495719668257945E-003  0.352661805530506E+000  0.226532973880895E-001  0.491261842266417E-002  0.178494139050950E+000 -0.222704883784450E+000  0.734842904560151E+000 -0.863416723868400E+001 -0.128326561888546E+000  0.267563193553305E-001  0.190348144271971E+002
      4.18000000 -0.252730515913136E-002  0.315228087971085E-003  0.350738007856391E+000  0.223227599690092E-001  0.448937819685103E-002  0.179667501363160E+000 -0.201981776130459E+000  0.758266863673495E+000 -0.867429935640696E+001 -0.136084191570117E+000  0.169736366646293E-001  0.188856886077244E+002
      4.19000000 -0.258284453270048E-002  0.237772860752902E-003  0.348774020152880E+000  0.219968728008887E-001  0.405638528931823E-002  0.180933328758118E+000 -0.181607383277914E+000  0.782102899322821E+000 -0.871920686530516E+001 -0.138742820278279E+000  0.127724595378571E-001  0.187351157156990E+002
      4.20000000 -0.255083498245745E-002  0.251695636128811E-003  0.346704988387373E+000  0.217214817593838E-001  0.363702542441679E-002  0.182248787742094E+000 -0.164036056573453E+000  0.805094846677918E+000 -0.876656024430527E+001 -0.136697115180305E+000  0.134881588181505E-001  0.185796306139399E+002
      4.21000000 -0.245757285494883E-002  0.345898805901552E-003  0.344501306928878E+000  0.215357576897737E-001  0.324489660855928E-002  0.183538169990833E+000 -0.151341968476725E+000  0.826521745711500E+000 -0.881229455549662E+001 -0.131386450815954E+000  0.184923984480727E-001  0.184176855337968E+002
      4.22000000 -0.234472282573748E-002  0.513883897211763E-003  0.342182842855572E+000  0.214651413477745E-001  0.289065811950388E-002  0.184720467732936E+000 -0.144847334146446E+000  0.845826207783817E+000 -0.885210074417994E+001 -0.125056231070949E+000  0.274080939068529E-001  0.182503860136225E+002
      4.23000000 -0.226300700052482E-002  0.751023817748033E-003  0.339812911823003E+000  0.215160714994692E-001  0.258835275582458E-002  0.185740419652319E+000 -0.144850786769835E+000  0.862276080974320E+000 -0.888308044891762E+001 -0.120412564397753E+000  0.399613009583527E-001  0.180811389971776E+002
      4.24000000 -0.226409135692497E-002  0.104811873265376E-002  0.337474230988500E+000  0.216730676006858E-001  0.235659245462624E-002  0.186589342134850E+000 -0.150484586205585E+000  0.874903574105491E+000 -0.890483516369378E+001 -0.120186134048742E+000  0.556379220813822E-001  0.179143491889245E+002
      4.25000000 -0.239130289591091E-002  0.138646688716919E-002  0.335237357048544E+000  0.218990821503072E-001  0.221386709081119E-002  0.187306700399171E+000 -0.159747001197520E+000  0.882756468878668E+000 -0.891952003290214E+001 -0.126640301335585E+000  0.734254889596631E-001  0.177537358350417E+002
      4.26000000 -0.267057525228116E-002  0.173829137096753E-002  0.333135356809762E+000  0.221399171488800E-001  0.217132046246281E-002  0.187962236063306E+000 -0.169748960014652E+000  0.885279613480717E+000 -0.893086959985320E+001 -0.141098207504123E+000  0.918415597365761E-001  0.176010025038438E+002
      4.27000000 -0.310366940570630E-002  0.207246734755300E-002  0.331155189439794E+000  0.223326935588429E-001  0.222794360018439E-002  0.188627188980270E+000 -0.177170871638156E+000  0.882563636899445E+000 -0.894266239679079E+001 -0.163596442586089E+000  0.109241108222460E+000  0.174554064413777E+002
      4.28000000 -0.366571860099848E-002  0.236179432042951E-002  0.329248280997747E+000  0.224171044182551E-001  0.237125531817199E-002  0.189347552759696E+000 -0.178859428285252E+000  0.875301616277336E+000 -0.895731400580601E+001 -0.192770968703194E+000  0.124200853525115E+000  0.173143432380514E+002
      4.29000000 -0.430828085024704E-002  0.258711214382252E-002  0.327354074052504E+000  0.223470365455997E-001  0.258251897640413E-002  0.190130474485822E+000 -0.172435399144507E+000  0.864508358380304E+000 -0.897517940638142E+001 -0.226033593670416E+000  0.135732621763284E+000  0.171746040550018E+002
      4.30000000 -0.496758421314816E-002  0.273606636508076E-002  0.325425126711104E+000  0.220996997346086E-001  0.284221440786944E-002  0.190948072281951E+000 -0.156762478055882E+000  0.851230241989918E+000 -0.899477675829949E+001 -0.260017787271277E+000  0.143213661117746E+000  0.170336964083939E+002
      4.31000000 -0.557610394066428E-002  0.279860236659683E-002  0.323442870295325E+000  0.216799418894900E-001  0.313128868193809E-002  0.191754703432406E+000 -0.132158207090743E+000  0.836479534949991E+000 -0.901371047698675E+001 -0.291192286039961E+000  0.146147100111103E+000  0.168906587479075E+002
      4.32000000 -0.607465144299114E-002  0.276428136586777E-002  0.321418711801907E+000  0.211187820809872E-001  0.342702118564583E-002  0.192508136997198E+000 -0.100300720979727E+000  0.821450220617900E+000 -0.902978491468856E+001 -0.316492842096283E+000  0.144020652715261E+000  0.167461001764114E+002
      4.33000000 -0.642214963204075E-002  0.262588372972523E-002  0.319382650373817E+000  0.204668221296580E-001  0.369707585979915E-002  0.193184640971952E+000 -0.638705683208574E-001  0.807825065798059E+000 -0.904178628610217E+001 -0.333824955119936E+000  0.136494097529637E+000  0.166015905944013E+002
      4.34000000 -0.660115016236368E-002  0.238943743100617E-002  0.317367119121460E+000  0.197844723809070E-001  0.389817043253031E-002  0.193782424432157E+000 -0.260322670180457E-001  0.797839003785026E+000 -0.904964986785583E+001 -0.342338826915234E+000  0.123917376063008E+000  0.164588116599675E+002
      4.35000000 -0.661848151161910E-002  0.208529894955801E-002  0.315394792144968E+000  0.191314357710386E-001  0.398436586483059E-002  0.194314495539516E+000  0.101153662797274E-001  0.793843881247744E+000 -0.905407725513492E+001 -0.342448586991639E+000  0.107895999630373E+000  0.163189246241687E+002
      4.36000000 -0.650165027110025E-002  0.177189534225548E-002  0.313475535590340E+000  0.185576062802069E-001  0.392446896443848E-002  0.194797224105695E+000  0.420083081511792E-001  0.797408749486160E+000 -0.905593714354782E+001 -0.335632023277909E+000  0.914698259611661E-001  0.161824189046248E+002
      4.37000000 -0.629235993466909E-002  0.152575330811233E-002  0.311611825565577E+000  0.180967583574544E-001  0.372140541072637E-002  0.195242147659681E+000  0.679362322430368E-001  0.808331023713758E+000 -0.905584139314564E+001 -0.324084600840945E+000  0.785831002954757E-001  0.160493988192443E+002
      4.38000000 -0.603868608189114E-002  0.141814068049829E-002  0.309807130518928E+000  0.177635566439714E-001  0.342278125380503E-002  0.195655520262162E+000  0.871864248317014E-001  0.824113984832810E+000 -0.905412477531800E+001 -0.310309176377740E+000  0.728738107239676E-001  0.159200187265195E+002
      4.39000000 -0.578725226092362E-002  0.148667747150036E-002  0.308070517347652E+000  0.175537998315801E-001  0.311402900634840E-002  0.196044762043867E+000  0.100019919913124E+000  0.840344307134895E+000 -0.905117879534179E+001 -0.296711356130359E+000  0.762216797902160E-001  0.157947186099357E+002
      4.40000000 -0.557646963506676E-002  0.171502960346712E-002  0.306413566865063E+000  0.174474778848864E-001  0.289317701058476E-002  0.196426440795133E+000  0.107504046906470E+000  0.852004467891208E+000 -0.904785933226954E+001 -0.285254786662161E+000  0.877294122754506E-001  0.156740630482137E+002
      4.41000000 -0.543169889816960E-002  0.203205411872667E-002  0.304840816169511E+000  0.174140189762143E-001  0.283576014361312E-002  0.196829237967419E+000  0.111235499593422E+000  0.855270460497735E+000 -0.904563275062828E+001 -0.277219242966516E+000  0.103710554473156E+000  0.155582520069889E+002
      4.42000000 -0.536302306591112E-002  0.233369089843139E-002  0.303339413632577E+000  0.174188600995814E-001  0.296463969012024E-002  0.197288135674202E+000  0.112999760143032E+000  0.849035120484760E+000 -0.904627298592039E+001 -0.273094951025867E+000  0.118835812149982E+000  0.154465981764578E+002
      4.43000000 -0.536601586203682E-002  0.252022171907261E-002  0.301874928064092E+000  0.174301697733903E-001  0.323880949106415E-002  0.197831232765500E+000  0.114427408750144E+000  0.835446186075305E+000 -0.905118823901283E+001 -0.272630538509521E+000  0.128044609278019E+000  0.153373240625116E+002
      4.44000000 -0.542533634880287E-002  0.253366137072725E-002  0.300397528866126E+000  0.174243490105070E-001  0.356744971071491E-002  0.198465284162599E+000  0.116717010360991E+000  0.819157223953276E+000 -0.906069204817857E+001 -0.275023606740091E+000  0.128437509425422E+000  0.152278875507511E+002
      4.45000000 -0.552025966183184E-002  0.237921117516182E-002  0.298857443672682E+000  0.173890784696911E-001  0.384416730655651E-002  0.199167647391345E+000  0.120485848315256E+000  0.805567641007928E+000 -0.907360825611118E+001 -0.279206658479229E+000  0.120337020851829E+000  0.151157723225295E+002
      4.46000000 -0.563065262818069E-002  0.212155755155374E-002  0.297223494867384E+000  0.173232841134777E-001  0.398712522830686E-002  0.199889849892630E+000  0.125778174035527E+000  0.798789197555931E+000 -0.908746773534376E+001 -0.284151630241408E+000  0.107064682681331E+000  0.149994230135814E+002
      4.47000000 -0.574175464534004E-002  0.185803587616261E-002  0.295496317999289E+000  0.172343197088146E-001  0.396822292222625E-002  0.200572634942976E+000  0.132213484170303E+000  0.800191106936875E+000 -0.909928044673129E+001 -0.289110179143318E+000  0.935562590519351E-001  0.148789000418714E+002
      4.48000000 -0.584658674000552E-002  0.168076052229286E-002  0.293709778736992E+000  0.171335383641294E-001  0.381983631787712E-002  0.201166780196472E+000  0.139213746436954E+000  0.808092028429262E+000 -0.910658717344638E+001 -0.293731591753228E+000  0.844411424174991E-001  0.147559327618602E+002
      4.49000000 -0.594573018443396E-002  0.164389078248775E-002  0.291919241184250E+000  0.170318339519554E-001  0.361802868040546E-002  0.201650991245864E+000  0.146229098614365E+000  0.818635643324000E+000 -0.910835057733298E+001 -0.298047258638119E+000  0.824048730807974E-001  0.146333127941911E+002
      4.50000000 -0.604517055843124E-002  0.174860598512934E-002  0.290181209456314E+000  0.169364721338329E-001  0.345133414692721E-002  0.202039223199679E+000  0.152896036754563E+000  0.827376161266431E+000 -0.910530560030774E+001 -0.302358596174942E+000  0.874592446675339E-001  0.145138639645474E+002
      4.51000000 -0.615343279692273E-002  0.194938416981575E-002  0.288532668049920E+000  0.168497472256843E-001  0.338931433652611E-002  0.202374338110849E+000  0.159102379135608E+000  0.830854058296970E+000 -0.909962328586257E+001 -0.307091075597492E+000  0.972852879389233E-001  0.143994109143070E+002
      4.52000000 -0.627910601353851E-002  0.217564042139596E-002  0.286978469085330E+000  0.167691304855072E-001  0.346312260398405E-002  0.202710862903159E+000  0.164977102127039E+000  0.827552974498746E+000 -0.909403631977312E+001 -0.312669598701490E+000  0.108336539629988E+000  0.142901620981411E+002
      4.53000000 -0.642921843068541E-002  0.235736172163458E-002  0.285491500305190E+000  0.166880919710241E-001  0.366304992515883E-002  0.203094059213694E+000  0.170846844142130E+000  0.818000199736196E+000 -0.909079290942363E+001 -0.319437762013680E+000  0.117126266704768E+000  0.141847359697958E+002
      4.54000000 -0.660821340323957E-002  0.244416029083918E-002  0.284024930590742E+000  0.165969082175491E-001  0.394975646001472E-002  0.203543661094732E+000  0.177193687402973E+000  0.804187351889753E+000 -0.909085590174986E+001 -0.327607987698853E+000  0.121171394692357E+000  0.140807855753453E+002
      4.55000000 -0.681696305294175E-002  0.241277341290146E-002  0.282531064548634E+000  0.164833453721328E-001  0.427090737500601E-002  0.204048229813960E+000  0.184619657224028E+000  0.788731362428146E+000 -0.909363765742716E+001 -0.337214172566935E+000  0.119352471724482E+000  0.139759418404225E+002
      4.56000000 -0.705152730159980E-002  0.226470532238405E-002  0.280979199768174E+000  0.163336741245923E-001  0.457520803932634E-002  0.204571464351057E+000  0.193795311433382E+000  0.774174864495489E+000 -0.909732852808938E+001 -0.348052393401547E+000  0.111782323756466E+000  0.138686952191445E+002
      4.57000000 -0.730200384110472E-002  0.201963052609420E-002  0.279365961971673E+000  0.161345758320803E-001  0.482018291341139E-002  0.205067135451540E+000  0.205365113098861E+000  0.762603892156512E+000 -0.909964573488663E+001 -0.359626869452062E+000  0.994676830297579E-001  0.137588953007366E+002
      4.58000000 -0.755231915482393E-002  0.170967475268067E-002  0.277715050956379E+000  0.158760019531006E-001  0.497512272245196E-002  0.205496457192072E+000  0.219807194520198E+000  0.755508032444022E+000 -0.909869222279425E+001 -0.371142878836077E+000  0.840183785371361E-001  0.136477234866621E+002
      4.59000000 -0.778173119381181E-002  0.137596753846193E-002  0.276067484909429E+000  0.155542512518758E-001  0.502312353098376E-002  0.205841513659012E+000  0.237284275820210E+000  0.753686934874684E+000 -0.909361084724430E+001 -0.381583699964011E+000  0.674717195030076E-001  0.135372001046849E+002
      4.60000000 -0.796807409794978E-002  0.106501994334116E-002  0.274466631888615E+000  0.151740000623324E-001  0.496478305746054E-002  0.206110468707370E+000  0.257547754070257E+000  0.757076952917917E+000 -0.908482798028256E+001 -0.389871786309198E+000  0.521106132625171E-001  0.134294428918798E+002
      4.61000000 -0.809177447724407E-002  0.821432599197943E-003  0.272943601595698E+000  0.147482268119536E-001  0.482231580122075E-002  0.206333566315062E+000  0.279945849474150E+000  0.764559594038720E+000 -0.907384431445968E+001 -0.395065513417265E+000  0.401048858260247E-001  0.133259527192220E+002
      4.62000000 -0.813906950713739E-002  0.676034783422754E-003  0.271507852373042E+000  0.142959313809452E-001  0.463966136188206E-002  0.206552087242303E+000  0.303539075696506E+000  0.773967658738304E+000 -0.906268523290010E+001 -0.396514485195893E+000  0.329346719411012E-001  0.132271626647164E+002
      4.63000000 -0.810315972495745E-002  0.633061763195281E-003  0.270145711719822E+000  0.138387490040530E-001  0.447426009483504E-002  0.206804516148681E+000  0.327267952530075E+000  0.782496369171100E+000 -0.905322269621220E+001 -0.393912428872721E+000  0.307745256456746E-001  0.131323776236762E+002
      4.64000000 -0.798319714732076E-002  0.663191640326809E-003  0.268826740630002E+000  0.133982201838543E-001  0.438006130334387E-002  0.207114759610472E+000  0.350086728432025E+000  0.787534468588976E+000 -0.904660538200931E+001 -0.387244402942392E+000  0.321697242414878E-001  0.130400951835634E+002
      4.65000000 -0.778240082530633E-002  0.708563064600334E-003  0.267515294497028E+000  0.129950512123048E-001  0.438693276764934E-002  0.207486341158605E+000  0.370999025965377E+000  0.787658783424953E+000 -0.904298548389447E+001 -0.376692451570364E+000  0.342966603607190E-001  0.129485738885323E+002
      4.66000000 -0.750729063823536E-002  0.700974919527462E-003  0.266182917529012E+000  0.126502744213368E-001  0.448549452309838E-002  0.207904381542127E+000  0.389001272803865E+000  0.783353992713722E+000 -0.904162504858261E+001 -0.362596483829364E+000  0.338565606849842E-001  0.128564344451900E+002
      4.67000000 -0.716941145190089E-002  0.587684234038624E-003  0.264816870053169E+000  0.123865805468352E-001  0.462575825002048E-002  0.208344393236238E+000  0.403018564387502E+000  0.777057777128075E+000 -0.904132936492818E+001 -0.345535680720701E+000  0.283239249441485E-001  0.127630668255043E+002
      4.68000000 -0.678912127318416E-002  0.354317286889821E-003  0.263421393177166E+000  0.122273376772800E-001  0.473252441971236E-002  0.208784276201589E+000  0.411952607564903E+000  0.772399461101138E+000 -0.904102875394746E+001 -0.326508121963449E+000  0.170401245266490E-001  0.126686828693123E+002
      4.69000000 -0.639899197830465E-002  0.343775300185063E-004  0.262011069624615E+000  0.121916660519266E-001  0.473276159873609E-002  0.209214365231581E+000  0.414918331834053E+000  0.772873367804995E+000 -0.904025941102855E+001 -0.307089522080157E+000  0.164978785713001E-002  0.125739889069295E+002
      4.70000000 -0.604342734500117E-002 -0.299878246294916E-003  0.260599024967535E+000  0.122862405222867E-001  0.458413390441329E-002  0.209640777252953E+000  0.411634186293843E+000  0.780474127141203E+000 -0.903931725662391E+001 -0.289408793598472E+000 -0.143606262692020E-001  0.124796154769985E+002
      4.71000000 -0.577213902500726E-002 -0.562257041179104E-003  0.259185389036387E+000  0.124971129343130E-001  0.429270915715366E-002  0.210079863859721E+000  0.402806512718887E+000  0.794866385146812E+000 -0.903898477715282E+001 -0.275830413915114E+000 -0.268683050985461E-001  0.123855667420565E+002
      4.72000000 -0.562798954243871E-002 -0.683198688251480E-003  0.257752025191202E+000  0.127862136029960E-001  0.391239640360404E-002  0.210545554216899E+000  0.390285908735043E+000  0.813436307889243E+000 -0.903992231360452E+001 -0.268372219959836E+000 -0.325785162280611E-001  0.122909757877290E+002
      4.73000000 -0.563311908016917E-002 -0.633776601385398E-003  0.256267339863922E+000  0.130961697781609E-001  0.352661377963792E-002  0.211035151561591E+000  0.376825848004125E+000  0.832187991697566E+000 -0.904199348690663E+001 -0.268048923108049E+000 -0.301579166132829E-001  0.121943426902003E+002
      4.74000000 -0.577935262424956E-002 -0.434090677842829E-003  0.254700558808756E+000  0.133637247602512E-001  0.322014547153606E-002  0.211520830009576E+000  0.365435961985866E+000  0.847094387974177E+000 -0.904386983591653E+001 -0.274427182850962E+000 -0.206123920043277E-001  0.120942190879949E+002
      4.75000000 -0.602819067411935E-002 -0.144095536380291E-003  0.253040005179209E+000  0.135377623549211E-001  0.305259080698778E-002  0.211952458217918E+000  0.358525270922774E+000  0.855355722049272E+000 -0.904317716237404E+001 -0.285640409258691E+000 -0.682783777240589E-002  0.119900737295059E+002
      4.76000000 -0.632208662949381E-002  0.157836917697405E-003  0.251306990861175E+000  0.135949012708714E-001  0.304295055390614E-002  0.212272716746246E+000  0.357171118591171E+000  0.856115431677241E+000 -0.903722133326358E+001 -0.298937064362125E+000  0.746324870088129E-002  0.118829396850157E+002
      4.77000000 -0.660364393751507E-002  0.399276974434447E-003  0.249557685300245E+000  0.135456373732745E-001  0.316918604755563E-002  0.212439638194067E+000  0.360843306318752E+000  0.850460600708763E+000 -0.902405520044843E+001 -0.311595763937835E+000  0.188400548316821E-001  0.117754861306088E+002
      4.78000000 -0.683524436707849E-002  0.532244230608843E-003  0.247869886378754E+000  0.134275040664649E-001  0.338020586940219E-002  0.212447409587706E+000  0.367742963382684E+000  0.840837214752203E+000 -0.900345030305479E+001 -0.321849193021470E+000  0.250616315836279E-001  0.116713783181718E+002
      4.79000000 -0.701065347887669E-002  0.541186892260910E-003  0.246318217067336E+000  0.132873427563307E-001  0.361373169106663E-002  0.212335821381728E+000  0.375648872739192E+000  0.830196488770444E+000 -0.897732292066958E+001 -0.329419469538867E+000  0.254295123139565E-001  0.115741017080026E+002
      4.80000000 -0.715314794133735E-002  0.440728870022151E-003  0.244946939165673E+000  0.131599396437573E-001  0.381319468238471E-002  0.212182749127551E+000  0.382923602303725E+000  0.821197322934778E+000 -0.894935919383438E+001 -0.335414818252824E+000  0.206660053796699E-001  0.114856890638389E+002
      4.81000000 -0.730053752358517E-002  0.266773938550868E-003  0.243751535987495E+000  0.130524114149952E-001  0.393937704954002E-002  0.212081002618131E+000  0.389238077411545E+000  0.815664598358143E+000 -0.892391342757748E+001 -0.341614295785333E+000  0.124831618024723E-001  0.114058737516179E+002
      4.82000000 -0.748347942881269E-002  0.651285812568752E-004  0.242677291446359E+000  0.129415632010529E-001  0.397579046174461E-002  0.212107731588682E+000  0.395681381247666E+000  0.814346677989044E+000 -0.890457253030565E+001 -0.349448198924969E+000  0.304124112790732E-002  0.113320472412089E+002
      4.83000000 -0.770681978158338E-002 -0.119571649183996E-003  0.241636371261538E+000  0.127857941091157E-001  0.392882209379795E-002  0.212298179939270E+000  0.404191285010505E+000  0.816919745214794E+000 -0.889294092371189E+001 -0.359132201843222E+000 -0.557195196805952E-002  0.112600793214258E+002
      4.84000000 -0.794264367830959E-002 -0.253437498023329E-003  0.240537300486634E+000  0.125465239677440E-001  0.382389249350135E-002  0.212634189762125E+000  0.416549072672853E+000  0.822177550764776E+000 -0.888812642586263E+001 -0.369356710388693E+000 -0.117856024203468E-001  0.111857046132061E+002
      4.85000000 -0.813863094395846E-002 -0.320672125271850E-003  0.239315600199659E+000  0.122096366285673E-001  0.369815779144902E-002  0.213052006183315E+000  0.433386032561278E+000  0.828379179317703E+000 -0.888712818953667E+001 -0.377690353035262E+000 -0.148814670472802E-001  0.111059457233839E+002
      4.86000000 -0.823848756795692E-002 -0.327280920496731E-003  0.237953938028536E+000  0.117972059845938E-001  0.359012652774266E-002  0.213466186650026E+000  0.453652237641489E+000  0.833735411793468E+000 -0.888596567422414E+001 -0.381537734769547E+000 -0.151569107812081E-001  0.110200331973573E+002
      4.87000000 -0.820577857816373E-002 -0.299127423996391E-003  0.236484552745084E+000  0.113639318332705E-001  0.352773756615678E-002  0.213800142781483E+000  0.474798528490325E+000  0.836960218696395E+000 -0.888110024288114E+001 -0.379242593792808E+000 -0.138246309073987E-001  0.109294949066305E+002
      4.88000000 -0.804089542692476E-002 -0.273163424506463E-003  0.234973898053282E+000  0.109793632961709E-001  0.351835612440756E-002  0.214011646046399E+000  0.493611762552736E+000  0.837727005793507E+000 -0.887060700254076E+001 -0.370860746010494E+000 -0.125987947879572E-001  0.108374242541744E+002
      4.89000000 -0.778381076323797E-002 -0.283321917734570E-003  0.233496276969776E+000  0.107031173950348E-001  0.354514887303974E-002  0.214104216483203E+000  0.507362230404736E+000  0.836825649085410E+000 -0.885468249821843E+001 -0.358269374409744E+000 -0.130406004604753E-001  0.107472506233138E+002
      4.90000000 -0.750130867942857E-002 -0.345842629115849E-003  0.232106929993298E+000  0.105632222491846E-001  0.357291944724463E-002  0.214121302884305E+000  0.514793497008179E+000  0.835883056365413E+000 -0.883535574067528E+001 -0.344561883329559E+000 -0.158857864295861E-001  0.106614997929168E+002
      4.91000000 -0.726380571857012E-002 -0.450554603208453E-003  0.230824367015020E+000  0.105462791329252E-001  0.356264236291562E-002  0.214126856012446E+000  0.516558370386529E+000  0.836688408494627E+000 -0.881557902175055E+001 -0.332972987868110E+000 -0.206534313059217E-001  0.105809932335148E+002
      4.92000000 -0.712095189255416E-002 -0.563167237939402E-003  0.229627385914145E+000  0.106031611529562E-001  0.348932766569060E-002  0.214180570569328E+000  0.514938802220886E+000  0.840374258907515E+000 -0.879808592953500E+001 -0.325761101288813E+000 -0.257631258305153E-001  0.105047290376557E+002
      4.93000000 -0.708537043465194E-002 -0.638962073444944E-003  0.228466301075817E+000  0.106677234995097E-001  0.335514210448320E-002  0.214317130095185E+000  0.512975166263196E+000  0.846824158343213E+000 -0.878444601196818E+001 -0.323475890433290E+000 -0.291712095460621E-001  0.104304130399543E+002
      4.94000000 -0.713036833088782E-002 -0.642521930940950E-003  0.227282869918643E+000  0.106811087513630E-001  0.319092535491994E-002  0.214536274785499E+000  0.513351192497543E+000  0.854616214950252E+000 -0.877462403208466E+001 -0.324871258785474E+000 -0.292743514522018E-001  0.103553797818536E+002
      4.95000000 -0.720192041823058E-002 -0.564416180989183E-003  0.226031021235151E+000  0.106125062928051E-001  0.304434789162722E-002  0.214805850837515E+000  0.517453647340930E+000  0.861574737314785E+000 -0.876713483051077E+001 -0.327468397574865E+000 -0.256637746073932E-001  0.102775387712866E+002
      4.96000000 -0.723999612917571E-002 -0.426465894575534E-003  0.224691244431086E+000  0.104690318233441E-001  0.295961675750568E-002  0.215075212946354E+000  0.524937096257290E+000  0.865698743254263E+000 -0.875966611903362E+001 -0.328535975651808E+000 -0.193521358653745E-001  0.101960216404135E+002
      4.97000000 -0.720126044004046E-002 -0.272446479969247E-003  0.223274640645240E+000  0.102917037589975E-001  0.295831648101609E-002  0.215293175028278E+000  0.533923545503350E+000  0.866027852235294E+000 -0.874989972936040E+001 -0.326120729122891E+000 -0.123381796054076E-001  0.101113533121249E+002
      4.98000000 -0.707517746433838E-002 -0.148380933306914E-003  0.221816683615283E+000  0.101395052389856E-001  0.303092042298485E-002  0.215423995801012E+000  0.541738157727336E+000  0.863015488026136E+000 -0.873623415134084E+001 -0.319767462296624E+000 -0.670617729886068E-002  0.100251560292623E+002
      4.99000000 -0.688823624452788E-002 -0.821057536711837E-004  0.220364154707007E+000  0.100674510577210E-001  0.314340684598612E-002  0.215456489700985E+000  0.545906529781776E+000  0.858216293794957E+000 -0.871818830093281E+001 -0.310694641774469E+000 -0.370338891102299E-002  0.993954906250748E+001
      5.00000000 -0.669523176297409E-002 -0.724571259979753E-004  0.218960452738402E+000  0.101062717038226E-001  0.325573626411192E-002  0.215404358337136E+000  0.545067209294588E+000  0.853443363899170E+000 -0.869640523630053E+001 -0.301385175425002E+000 -0.326165014189006E-002  0.985648246333252E+001
      5.01000000 -0.656080797309759E-002 -0.936506822487562E-004  0.217634218373936E+000  0.102504850248049E-001  0.334271305184781E-002  0.215299026410253E+000  0.539496468412126E+000  0.849828455752502E+000 -0.867231909216313E+001 -0.294744612998333E+000 -0.420726139366142E-002  0.977722770318099E+001
      5.02000000 -0.653752505813236E-002 -0.112589504326766E-003  0.216394332585980E+000  0.104587160879801E-001  0.340635568531406E-002  0.215178555421250E+000  0.531077650660609E+000  0.847274149407421E+000 -0.864765014049406E+001 -0.293113569900587E+000 -0.504801300998514E-002  0.970216018547112E+001
      5.03000000 -0.664773550317073E-002 -0.110039676328756E-003  0.215231692239651E+000  0.106661153528198E-001  0.347319993476679E-002  0.215076953273871E+000  0.522729527330868E+000  0.844586738497787E+000 -0.862392358921190E+001 -0.297462361959069E+000 -0.492388152542337E-002  0.963084760389720E+001
      5.04000000 -0.687530270662198E-002 -0.944832433349508E-004  0.214125731700075E+000  0.108048037867419E-001  0.357776530872241E-002  0.215017324894666E+000  0.517482994818575E+000  0.840225455632518E+000 -0.860216564021294E+001 -0.307034772420919E+000 -0.421939838183359E-002  0.956234919499231E+001
      5.05000000 -0.717002453545271E-002 -0.101153806474389E-003  0.213052287445902E+000  0.108255995419140E-001  0.374063665495345E-002  0.215010290088087E+000  0.517511623740178E+000  0.833282794284170E+000 -0.858283791508264E+001 -0.319562300679934E+000 -0.450834484033570E-002  0.949557129193790E+001
      5.06000000 -0.746343468563703E-002 -0.176343705689861E-003  0.211989514680325E+000  0.107137256985749E-001  0.395246852225841E-002  0.215056776246620E+000  0.523441432443858E+000  0.824189755247443E+000 -0.856596725683985E+001 -0.331981968075692E+000 -0.784396634237898E-002  0.942953201297805E+001
      5.07000000 -0.769074365602398E-002 -0.354573355324966E-003  0.210920018855142E+000  0.104930742626384E-001  0.417226334383204E-002  0.215152607893980E+000  0.534176855555063E+000  0.814779083647931E+000 -0.855135376307745E+001 -0.341418187206106E+000 -0.157407134629711E-001  0.936345478458316E+001
      5.08000000 -0.781140983435489E-002 -0.639776372746023E-003  0.209829487870230E+000  0.102174495790315E-001  0.434112536582866E-002  0.215291937795394E+000  0.547305658044717E+000  0.807662090658883E+000 -0.853872503648824E+001 -0.346092340104459E+000 -0.283459332799813E-001  0.929670571892680E+001
      5.09000000 -0.782114762319270E-002 -0.999570706531059E-003  0.208703938574134E+000  0.995180767340617E-002  0.440509918520454E-002  0.215467627023689E+000  0.559941445855249E+000  0.805211109185167E+000 -0.852775370312113E+001 -0.345842989310587E+000 -0.441999739461356E-001  0.922867045538611E+001
      5.10000000 -0.775116181446733E-002 -0.137521337922660E-002  0.207528363519587E+000  0.975018253418261E-002  0.433649942840509E-002  0.215668675591925E+000  0.569702477424451E+000  0.808620510010849E+000 -0.851794455939741E+001 -0.342076234383760E+000 -0.606912648065170E-001  0.915869424737108E+001
      5.11000000 -0.765506887853151E-002 -0.170240376075764E-002  0.206288723663150E+000  0.963826329728256E-002  0.414424841169589E-002  0.215876762483130E+000  0.575474129173254E+000  0.817462896412719E+000 -0.850848381681458E+001 -0.337174310522681E+000 -0.749838862814765E-001  0.908617012771667E+001
      5.12000000 -0.758856343159706E-002 -0.193341207768297E-002  0.204977239659906E+000  0.960682547639637E-002  0.386929003536494E-002  0.216064865721443E+000  0.577685283513751E+000  0.829906546308868E+000 -0.849818155164601E+001 -0.333592196717513E+000 -0.849925269740671E-001  0.901077104666824E+001
      5.13000000 -0.758955151724154E-002 -0.205112958738755E-002  0.203598753693233E+000  0.961802345691720E-002  0.356811733799743E-002  0.216200242663500E+000  0.578017206984645E+000  0.843451814518939E+000 -0.848560612878599E+001 -0.332985270968141E+000 -0.899916075271931E-001  0.893272626364063E+001
      5.14000000 -0.766607220933053E-002 -0.207007301463166E-002  0.202174707562803E+000  0.962159105321314E-002  0.329237715091705E-002  0.216251974446818E+000  0.578681964379958E+000  0.855830718009840E+000 -0.846941691545516E+001 -0.335688189852750E+000 -0.906460367408162E-001  0.885299013139522E+001
      5.15000000 -0.779602652951050E-002 -0.202557454328436E-002  0.200741764612099E+000  0.957432305447892E-002  0.307328829803479E-002  0.216200769278261E+000  0.581565848085449E+000  0.865685670385279E+000 -0.844879183848956E+001 -0.340715863734411E+000 -0.885252734147505E-001  0.877317482931597E+001
      5.16000000 -0.793795434027127E-002 -0.195724044012050E-002  0.199344233490967E+000  0.945533104455444E-002  0.291638015074766E-002  0.216047045588729E+000  0.587567089851714E+000  0.872790159646046E+000 -0.842377493936785E+001 -0.346246323238762E+000 -0.853730415968583E-001  0.869521352055773E+001
      5.17000000 -0.804789944962939E-002 -0.189421963794203E-002  0.198022313091368E+000  0.927174557729963E-002  0.280687875760618E-002  0.215813436578905E+000  0.596357173911232E+000  0.877803325731608E+000 -0.839537703255329E+001 -0.350363030439491E+000 -0.824643171576813E-001  0.862084549435123E+001
      5.18000000 -0.809550850757843E-002 -0.184776722580276E-002  0.196800391636406E+000  0.905368511593927E-002  0.272160705597957E-002  0.215539897422636E+000  0.606611281146131E+000  0.881744339540753E+000 -0.836535377839772E+001 -0.351755299580737E+000 -0.802867310261327E-001  0.855110962490700E+001
      5.19000000 -0.807353409727686E-002 -0.181257280979137E-002  0.195680031586407E+000  0.884153574840719E-002  0.264139572319004E-002  0.215272711183774E+000  0.616569527383772E+000  0.885450713617066E+000 -0.833572172746588E+001 -0.350124580467797E+000 -0.786057613616314E-001  0.848604689589717E+001
      5.20000000 -0.799813347528125E-002 -0.177451817225217E-002  0.194640518182847E+000  0.867110811576302E-002  0.255902283574024E-002  0.215051423506041E+000  0.624683607632369E+000  0.889236392180321E+000 -0.830819029889452E+001 -0.346187656933995E+000 -0.768074564068426E-001  0.842473373848878E+001
      5.21000000 -0.790115297650843E-002 -0.172052932300199E-002  0.193646669762253E+000  0.856221810349165E-002  0.248051551243249E-002  0.214898725864372E+000  0.630108085164943E+000  0.892840544169559E+000 -0.828372767953327E+001 -0.341333585358400E+000 -0.743276891715179E-001  0.836562869737944E+001
      5.22000000 -0.781829830962650E-002 -0.164637333471206E-002  0.192660490844362E+000  0.851406773259704E-002  0.242061437804160E-002  0.214816988621610E+000  0.632892824502063E+000  0.895628630731895E+000 -0.826241843718537E+001 -0.337107185400767E+000 -0.709878619366942E-001  0.830708080382465E+001
      5.23000000 -0.777779013756686E-002 -0.155991412278065E-002  0.191651724506414E+000  0.850776688739571E-002  0.239508005530614E-002  0.214792092323746E+000  0.633865908876389E+000  0.896927070190773E+000 -0.824363684905414E+001 -0.334719340651790E+000 -0.671313338898977E-001  0.824778474694530E+001
      5.24000000 -0.779293834775356E-002 -0.147936388614256E-002  0.190603212828193E+000  0.851386481891574E-002  0.241295523631818E-002  0.214801896393210E+000  0.634302712708814E+000  0.896355978977242E+000 -0.822641743635334E+001 -0.334731226583402E+000 -0.635433345003214E-001  0.818700782344951E+001
      5.25000000 -0.785998832038011E-002 -0.142761523328497E-002  0.189509797315549E+000  0.850171108475056E-002  0.247128452406015E-002  0.214824778533685E+000  0.635520325736724E+000  0.894052741928980E+000 -0.820982429573295E+001 -0.336968164898460E+000 -0.612037659259346E-001  0.812453734391954E+001
      5.26000000 -0.796071477992833E-002 -0.142457465997368E-002  0.188372845767985E+000  0.844782169202988E-002  0.255377097479594E-002  0.214844158880433E+000  0.638519170669598E+000  0.890724581608998E+000 -0.819314440575399E+001 -0.340637608796385E+000 -0.609573033503062E-001  0.806044149532438E+001
      5.27000000 -0.806823308596590E-002 -0.147972647487968E-002  0.187194616953007E+000  0.834151667449167E-002  0.263381030131509E-002  0.214847547928446E+000  0.643745234415727E+000  0.887513565205978E+000 -0.817584485057313E+001 -0.344583197383013E+000 -0.631970934073843E-001  0.799482599910948E+001
      5.28000000 -0.815434727522384E-002 -0.158714557852647E-002  0.185976408975739E+000  0.818713931766226E-002  0.268133450018789E-002  0.214822031849857E+000  0.651000717857523E+000  0.885700758294091E+000 -0.815737866366195E+001 -0.347601431339290E+000 -0.676564360357687E-001  0.792775482492968E+001
      5.29000000 -0.819697501648066E-002 -0.172481022438773E-002  0.184721872922639E+000  0.800276940125513E-002  0.267184374886066E-002  0.214750379584741E+000  0.659504868670539E+000  0.886320629453920E+000 -0.813701932837024E+001 -0.348758029227127E+000 -0.733857811496093E-001  0.785939157141695E+001
      5.30000000 -0.818630546868616E-002 -0.185913098805862E-002  0.183443369007408E+000  0.781563818253136E-002  0.259504431123374E-002  0.214611790815684E+000  0.668094192256287E+000  0.889796551716548E+000 -0.811389423594502E+001 -0.347646892750739E+000 -0.789515018328430E-001  0.779026845200142E+001
      5.31000000 -0.812827173297646E-002 -0.195405146257972E-002  0.182166755005415E+000  0.765485181145472E-002  0.246008185289774E-002  0.214388647045990E+000  0.675534487663049E+000  0.895724732698698E+000 -0.808727221850471E+001 -0.344532319790652E+000 -0.828262028521502E-001  0.772148579089988E+001
      5.32000000 -0.804399752843164E-002 -0.198226863756872E-002  0.180930047278811E+000  0.754278026970484E-002  0.229496352065766E-002  0.214076809733698E+000  0.680885822300353E+000  0.902906438931170E+000 -0.805699790528382E+001 -0.340319294068990E+000 -0.838643051552521E-001  0.765465003540337E+001
      5.33000000 -0.796455904058352E-002 -0.193484834066219E-002  0.179774206113760E+000  0.748736263663119E-002  0.213953062543785E-002  0.213694109401044E+000  0.683824703594897E+000  0.909652201650277E+000 -0.802384479807955E+001 -0.336326279038817E+000 -0.817045036145111E-001  0.759147989252252E+001
      5.34000000 -0.792181187300388E-002 -0.182556214073294E-002  0.178728581126063E+000  0.747802143696915E-002  0.203376520826452E-002  0.213281433046309E+000  0.684810512343523E+000  0.914279275686823E+000 -0.798955240702699E+001 -0.333894713542714E+000 -0.769452188219303E-001  0.753319181945606E+001
      5.35000000 -0.793773350359668E-002 -0.168791888782635E-002  0.177797100389216E+000  0.748728345292203E-002  0.200525736849936E-002  0.212893682138919E+000  0.685009998578279E+000  0.915638826107482E+000 -0.795643682535387E+001 -0.333940434244864E+000 -0.710107445803561E-001  0.747992369415646E+001
      5.36000000 -0.801588173106579E-002 -0.156557079047094E-002  0.176952093421881E+000  0.747845669859671E-002  0.206028648548200E-002  0.212582640310312E+000  0.685968315228620E+000  0.913485460674122E+000 -0.792666593928695E+001 -0.336598973075162E+000 -0.657406805675166E-001  0.743048549462392E+001
      5.37000000 -0.813839347727494E-002 -0.149937301213621E-002  0.176139985273335E+000  0.741737687001128E-002  0.218173582354886E-002  0.212378146369004E+000  0.689113162182058E+000  0.908556223713061E+000 -0.790147170669449E+001 -0.341107032500604E+000 -0.628436902454276E-001  0.738261032095066E+001
      5.38000000 -0.827023873857382E-002 -0.151565272801056E-002  0.175298018649888E+000  0.728434421631539E-002  0.233443768650738E-002  0.212275635549663E+000  0.695256493987750E+000  0.902337848950083E+000 -0.788063763838779E+001 -0.345988804744615E+000 -0.634079489539283E-001  0.733366398044673E+001
      5.39000000 -0.836977580991015E-002 -0.161959886366159E-002  0.174376001337213E+000  0.708189642224470E-002  0.247572376239033E-002  0.212236031976799E+000  0.704275653383314E+000  0.896619245978152E+000 -0.786250774407163E+001 -0.349503344180413E+000 -0.676308699225003E-001  0.728155651911283E+001
      5.40000000 -0.840215421326937E-002 -0.179547143038287E-002  0.173354361994523E+000  0.683537308528609E-002  0.256721894036599E-002  0.212198916095128E+000  0.715098497439332E+000  0.892997130604779E+000 -0.784454868562843E+001 -0.350205662549684E+000 -0.748360772613805E-001  0.722548975622133E+001
      5.41000000 -0.835090747651132E-002 -0.201266000625335E-002  0.172250958123589E+000  0.658584739762702E-002  0.258396670539683E-002  0.212104131389057E+000  0.726006239031907E+000  0.892498153527956E+000 -0.782425679907161E+001 -0.347426292903528E+000 -0.837335351654398E-001  0.716622858034106E+001
      5.42000000 -0.822372064862567E-002 -0.223474162712420E-002  0.171113701437036E+000  0.637782332137931E-002  0.251857919184786E-002  0.211913230034476E+000  0.735150307401084E+000  0.895411821379418E+000 -0.780004838706262E+001 -0.341503640984653E+000 -0.928013529314647E-001  0.710578028606485E+001
      5.43000000 -0.805055162726243E-002 -0.242831169593221E-002  0.170002061390183E+000  0.624592737956186E-002  0.238029521914895E-002  0.211622172943388E+000  0.741105170903048E+000  0.901336329016831E+000 -0.777177766692946E+001 -0.333696833315168E+000 -0.100653962703710E+000  0.704661645182760E+001
      5.44000000 -0.787505685995209E-002 -0.256933962195560E-002  0.168965128845114E+000  0.620495652633854E-002  0.219049341729574E-002  0.211260493895710E+000  0.743276208072393E+000  0.909370553380418E+000 -0.774068897133906E+001 -0.325822501761410E+000 -0.106303824643798E+000  0.699076107890972E+001
      5.45000000 -0.774246615943287E-002 -0.264632010903480E-002  0.168025093165300E+000  0.624615750109783E-002  0.197671846610479E-002  0.210877933392069E+000  0.742045740094699E+000  0.918365339190441E+000 -0.770885199884081E+001 -0.319748922060853E+000 -0.109287917424209E+000  0.693911233351962E+001
      5.46000000 -0.768787678228216E-002 -0.266063634704925E-002  0.167172286700055E+000  0.634026419342166E-002  0.176677436874942E-002  0.210524681194551E+000  0.738638876867877E+000  0.927169259947164E+000 -0.767833980500830E+001 -0.316912994320237E+000 -0.109677906581943E+000  0.689124857822561E+001
      5.47000000 -0.772827196854706E-002 -0.262486833624246E-002  0.166372760057535E+000  0.644561705110129E-002  0.158360741269941E-002  0.210233581082492E+000  0.734781723390265E+000  0.934839189872321E+000 -0.765049654953746E+001 -0.317995772386007E+000 -0.108005649567211E+000  0.684575213628695E+001
      5.48000000 -0.785990922636424E-002 -0.255948139921469E-002  0.165584115741190E+000  0.651841622832086E-002  0.144124551289165E-002  0.210011144303093E+000  0.732275691465495E+000  0.940805182600809E+000 -0.762557505131415E+001 -0.322822091910876E+000 -0.105122987518733E+000  0.680086869851929E+001
      5.49000000 -0.806085373852354E-002 -0.248804227994782E-002  0.164772350507175E+000  0.652208705781262E-002  0.134220917473735E-002  0.209839929448846E+000  0.732612855947856E+000  0.944973215663581E+000 -0.760284429601710E+001 -0.330472230845800E+000 -0.102002704597346E+000  0.675520087823676E+001
      5.50000000 -0.829703939134018E-002 -0.243135140762741E-002  0.163922839065449E+000  0.643362148109676E-002  0.127719917812314E-002  0.209689894702235E+000  0.736719258863730E+000  0.947733644700283E+000 -0.758106294381802E+001 -0.339536711416302E+000 -0.994973052803434E-001  0.670815444848891E+001
      5.51000000 -0.852966685614751E-002 -0.240164278495356E-002  0.163041826656309E+000  0.624607815939984E-002  0.122785734940428E-002  0.209532930573063E+000  0.744857920382642E+000  0.949844034991940E+000 -0.755907759884129E+001 -0.348422943898903E+000 -0.981031807501354E-001  0.665999202317070E+001
      5.52000000 -0.872196596874890E-002 -0.239872887080863E-002  0.162149164233295E+000  0.596764897909940E-002  0.117259534561975E-002  0.209354225494334E+000  0.756672907097003E+000  0.952188170316228E+000 -0.753628543751624E+001 -0.355632616966493E+000 -0.978066446000041E-001  0.661152907748483E+001
      5.53000000 -0.884408839756369E-002 -0.240993489369871E-002  0.161266504538364E+000  0.561848150118627E-002  0.109410607151094E-002  0.209156280492395E+000  0.771324256659877E+000  0.955469192317732E+000 -0.751279263013600E+001 -0.359959979943269E+000 -0.980858712628135E-001  0.656364852200502E+001
      5.54000000 -0.887580950780399E-002 -0.241453280613171E-002  0.160406424416042E+000  0.522665852789481E-002  0.985974819781044E-003  0.208954975641353E+000  0.787655685084401E+000  0.959942638970378E+000 -0.748924813319308E+001 -0.360598971445553E+000 -0.980956210976704E-001  0.651685816452304E+001
      5.55000000 -0.880748985444108E-002 -0.239151157611086E-002  0.159566764831083E+000  0.482442894911573E-002  0.855638507969218E-003  0.208770379249224E+000  0.804350290600524E+000  0.965300468262495E+000 -0.746646607549597E+001 -0.357178610926806E+000 -0.969852701379991E-001  0.647106455464289E+001
      5.56000000 -0.864013871372168E-002 -0.232784340456039E-002  0.158731769927148E+000  0.444513778438556E-002  0.722157658774794E-003  0.208616669828627E+000  0.820056273101748E+000  0.970766318878906E+000 -0.744501630386565E+001 -0.349761657900972E+000 -0.942334834532047E-001  0.642562450104009E+001
      5.57000000 -0.838530872605236E-002 -0.222390353636571E-002  0.157878735019897E+000  0.412059604981689E-002  0.609426993275610E-003  0.208495216451358E+000  0.833493526744262E+000  0.975374062846641E+000 -0.742494696454172E+001 -0.338836461098290E+000 -0.898642648355871E-001  0.637961864070817E+001
      5.58000000 -0.806497685526530E-002 -0.209378743994398E-002  0.156987010705394E+000  0.387819617052443E-002  0.537501551920335E-003  0.208393051246401E+000  0.843569350048207E+000  0.978319374931045E+000 -0.740572756470533E+001 -0.325308343323106E+000 -0.844548639856572E-001  0.633221710270345E+001
      5.59000000 -0.771079706242883E-002 -0.196048883232632E-002  0.156045861655503E+000  0.373719655379250E-002  0.515568205911324E-003  0.208286677313209E+000  0.849526366753268E+000  0.979241278853463E+000 -0.738640746909681E+001 -0.310465781639035E+000 -0.789366770769437E-001  0.628299513243216E+001
      5.60000000 -0.736158891100408E-002 -0.184814522647082E-002  0.155058629347491E+000  0.370433275933660E-002  0.539264862463969E-003  0.208149342260230E+000  0.851115927132207E+000  0.978325934980932E+000 -0.736591198842654E+001 -0.295876048685473E+000 -0.742804187541248E-001  0.623209678244088E+001
      5.61000000 -0.705809756562614E-002 -0.177467338544061E-002  0.154042244347016E+000  0.376998123956785E-002  0.592967441455785E-003  0.207959091751724E+000  0.848747485509293E+000  0.976210009856285E+000 -0.734336659517636E+001 -0.283172497814357E+000 -0.712003044286759E-001  0.618021027551554E+001
      5.62000000 -0.683509553494447E-002 -0.174756917893331E-002  0.153022680745308E+000  0.390691506107268E-002  0.655435347396750E-003  0.207705102268844E+000  0.843532577155543E+000  0.973750573522790E+000 -0.731834876254706E+001 -0.273737659132724E+000 -0.699881214195183E-001  0.612838111878343E+001
      5.63000000 -0.671248518521303E-002 -0.176381691508706E-002  0.152027994474579E+000  0.407360531624669E-002  0.705990076356237E-003  0.207390640150430E+000  0.837146600244604E+000  0.971776135584456E+000 -0.729100224590835E+001 -0.268349765957905E+000 -0.705133558281640E-001  0.607773061848599E+001
      5.64000000 -0.668843984287519E-002 -0.181281004213346E-002  0.151081008464551E+000  0.422272299066460E-002  0.728753177591214E-003  0.207032089122949E+000  0.831484534538773E+000  0.970917774810324E+000 -0.726199325437473E+001 -0.266914395242899E+000 -0.723434922722283E-001  0.602916329582593E+001
      5.65000000 -0.673789900249123E-002 -0.188005276370939E-002  0.150193585779787E+000  0.431329892616137E-002  0.714039550548630E-003  0.206654521772059E+000  0.828174591553050E+000  0.971555382661715E+000 -0.723232941160747E+001 -0.268412245011659E+000 -0.748941447268702E-001  0.598314066901245E+001
      5.66000000 -0.681839217371381E-002 -0.194972290999767E-002  0.149363915121656E+000  0.432284135065852E-002  0.657772323225251E-003  0.206285096524945E+000  0.828098707763941E+000  0.973843150097954E+000 -0.720309416543272E+001 -0.271138894665908E+000 -0.775323127876972E-001  0.593957722249934E+001
      5.67000000 -0.688246515945815E-002 -0.200558544124345E-002  0.148577448133163E+000  0.425476150596074E-002  0.560691613529197E-003  0.205946053325123E+000  0.831104360193193E+000  0.977742966634286E+000 -0.717516807776497E+001 -0.273204116124075E+000 -0.796130725098167E-001  0.589788243786577E+001
      5.68000000 -0.689298989836692E-002 -0.203127145118644E-002  0.147811194321714E+000  0.413750419030142E-002  0.428690647926175E-003  0.205649179155407E+000  0.836048125503954E+000  0.983012794169207E+000 -0.714901130254707E+001 -0.273140174061608E+000 -0.804907371001499E-001  0.585713542897432E+001
      5.69000000 -0.683579897328668E-002 -0.201157212173141E-002  0.147040168681935E+000  0.401470474195235E-002  0.274199143805148E-003  0.205393249809379E+000  0.841193739212718E+000  0.989153737687421E+000 -0.712456608635028E+001 -0.270397885826415E+000 -0.795700474851749E-001  0.581634288815814E+001
      5.70000000 -0.672449675323069E-002 -0.193571864288906E-002  0.146244142609840E+000  0.392938172185076E-002  0.117119353705282E-003  0.205165140484692E+000  0.844841475682220E+000  0.995375337043762E+000 -0.710130516514469E+001 -0.265528540332178E+000 -0.764352433500960E-001  0.577470629317582E+001
      5.71000000 -0.659507337238304E-002 -0.180203893173085E-002  0.145412718460750E+000  0.390795786465233E-002 -0.166203380937938E-004  0.204944207660139E+000  0.845957683910662E+000  0.100065513382253E+001 -0.707840859867374E+001 -0.259961957688965E+000 -0.710320480263602E-001  0.573182022844905E+001
      5.72000000 -0.649202976838725E-002 -0.162189145320731E-002  0.144547256377590E+000  0.395036705908650E-002 -0.999130735023286E-004  0.204708510817158E+000  0.844558242535763E+000  0.100393144826963E+001 -0.705501114538557E+001 -0.255452848207380E+000 -0.638192993541892E-001  0.568774476697921E+001
      5.73000000 -0.645131446317588E-002 -0.142035248409264E-002  0.143659220662511E+000  0.403024694852624E-002 -0.111911993530236E-003  0.204440849980466E+000  0.841691836282049E+000  0.100439590487135E+001 -0.703043981242381E+001 -0.253407733887348E+000 -0.557914679821693E-001  0.564293645394371E+001
      5.74000000 -0.648679152102255E-002 -0.123215776167214E-002  0.142765734208103E+000  0.410512338595861E-002 -0.455235791230410E-004  0.204132708327657E+000  0.839031610783708E+000  0.100178505163276E+001 -0.700436677695351E+001 -0.254357368621959E+000 -0.483148571940914E-001  0.559807053531308E+001
      5.75000000 -0.658548420935588E-002 -0.109342991653171E-002  0.141884067363701E+000  0.413237429886410E-002  0.881964243530625E-004  0.203785005391071E+000  0.838244862706695E+000  0.996547692997237E+000 -0.697683586755692E+001 -0.257778174334320E+000 -0.428005532600981E-001  0.555382333165140E+001
      5.76000000 -0.671310693214238E-002 -0.103173618424858E-002  0.141027059726008E+000  0.408448424215703E-002  0.260980596720848E-003  0.203405783108760E+000  0.840397012269411E+000  0.989802070345518E+000 -0.694816891953385E+001 -0.262317555853521E+000 -0.403155374811458E-001  0.551069333327735E+001
      5.77000000 -0.682711286883463E-002 -0.105797894822524E-002  0.140200963737474E+000  0.395767596508098E-002  0.433801288592021E-003  0.203006075383465E+000  0.845620121146016E+000  0.983078404859209E+000 -0.691880224678292E+001 -0.266310043296230E+000 -0.412693366759085E-001  0.546891862496381E+001
      5.78000000 -0.689158565317738E-002 -0.116303252423336E-002  0.139406125303233E+000  0.377109086064427E-002  0.566808239703486E-003  0.202595789469078E+000  0.853152879984226E+000  0.977928360605067E+000 -0.688912527177176E+001 -0.268359883892649E+000 -0.452887461425860E-001  0.542850564195647E+001
      5.79000000 -0.688802087717392E-002 -0.132020121575186E-002  0.138639741230785E+000  0.355778600228142E-002  0.629409418615825E-003  0.202181228835026E+000  0.861698295095601E+000  0.975532987194386E+000 -0.685938463685557E+001 -0.267757821892428E+000 -0.513201409073674E-001  0.538933836026866E+001
      5.80000000 -0.681833074035512E-002 -0.149238534287342E-002  0.137899156127141E+000  0.335202681342533E-002  0.607289709199406E-003  0.201765027562677E+000  0.869921426410228E+000  0.976433547962081E+000 -0.682968288933074E+001 -0.264591778746058E+000 -0.579134259516512E-001  0.535130729157915E+001
      5.81000000 -0.670002785368910E-002 -0.164130930910096E-002  0.137184093449816E+000  0.317832327533256E-002  0.504572555818016E-003  0.201348147093047E+000  0.876874442081805E+000  0.980453285564917E+000 -0.680005707381425E+001 -0.259553417349153E+000 -0.635829356842998E-001  0.531439585601723E+001
      5.82000000 -0.655675162686209E-002 -0.173588530136769E-002  0.136496842124704E+000  0.304617826449038E-002  0.341243094601793E-003  0.200932705640346E+000  0.882196388224876E+000  0.986803244739146E+000 -0.677058871573977E+001 -0.253566586092754E+000 -0.671311854963536E-001  0.527868680097721E+001
      5.83000000 -0.640870956408496E-002 -0.175768544433980E-002  0.135840420375135E+000  0.295153898001553E-002  0.147452323178811E-003  0.200524133659612E+000  0.886052121473973E+000  0.994307417410469E+000 -0.674148665441720E+001 -0.247416301753568E+000 -0.678576596327194E-001  0.524429046156421E+001
      5.84000000 -0.626682897626820E-002 -0.170294557505442E-002  0.135215647421433E+000  0.288300240608721E-002 -0.431712466726608E-004  0.200131546765225E+000  0.888888647712940E+000  0.100166382642886E+001 -0.671310032535315E+001 -0.241524544216364E+000 -0.656317821018975E-001  0.521123166725212E+001
      5.85000000 -0.613213570187344E-002 -0.158173345093076E-002  0.134618486841421E+000  0.282923876844232E-002 -0.199555837402204E-003  0.199766065263412E+000  0.891147098459530E+000  0.100767776553993E+001 -0.668585390381078E+001 -0.235929456090527E+000 -0.608560428048382E-001  0.517934826043122E+001
      5.86000000 -0.599938244048946E-002 -0.141536604594319E-002  0.134038849659714E+000  0.278434787912406E-002 -0.297873847638827E-003  0.199437680319745E+000  0.893057051198792E+000  0.101144092226266E+001 -0.666012530092904E+001 -0.230427977043578E+000 -0.543622511113409E-001  0.514824672017682E+001
      5.87000000 -0.586241603346776E-002 -0.123285597622917E-002  0.133461415214853E+000  0.274948650558733E-002 -0.324947809396318E-003  0.199151800955863E+000  0.894575932863399E+000  0.101245953366349E+001 -0.663611415865485E+001 -0.224783696969980E+000 -0.472716236081254E-001  0.511733560763589E+001
      5.88000000 -0.571870027030828E-002 -0.106655968271472E-002  0.132868275129857E+000  0.273106220579513E-002 -0.280575980096443E-003  0.198906651193703E+000  0.895460470373258E+000  0.101073988022741E+001 -0.661374373359107E+001 -0.218900263445407E+000 -0.408257443983712E-001  0.508592845484006E+001
      5.89000000 -0.557148480738687E-002 -0.946879144717124E-003  0.132242650538704E+000  0.273708857468678E-002 -0.178539869137532E-003  0.198692313114634E+000  0.895407671288207E+000  0.100682254160632E+001 -0.659262667565313E+001 -0.212903073644101E+000 -0.361830799596713E-001  0.505338661772962E+001
      5.90000000 -0.542951307426693E-002 -0.896182865870752E-003  0.131572726950389E+000  0.277349512749299E-002 -0.455067492578351E-004  0.198491677897497E+000  0.894196101282654E+000  0.100173600142351E+001 -0.657210394073638E+001 -0.207126252251076E+000 -0.341877799722399E-001  0.501926516409901E+001
      5.91000000 -0.530510027220285E-002 -0.922943391129619E-003  0.130854739414730E+000  0.284151722596930E-002  0.830400318541290E-004  0.198283111634970E+000  0.891784595332916E+000  0.996837530820318E+000 -0.655134861338289E+001 -0.202037688706973E+000 -0.351490716449317E-001  0.498342872918546E+001
      5.92000000 -0.521155277904134E-002 -0.101790560466326E-002  0.130094652596403E+000  0.293640688403234E-002  0.169998641617922E-003  0.198044361235659E+000  0.888359749490757E+000  0.993536763913864E+000 -0.652951582443182E+001 -0.198139794916756E+000 -0.387000988580018E-001  0.494611277638439E+001
      5.93000000 -0.516047039300904E-002 -0.115425455600296E-002  0.129307983254780E+000  0.304720831302945E-002  0.185795763873490E-003  0.197757054898841E+000  0.884342519699623E+000  0.992948079785616E+000 -0.650591371893592E+001 -0.195866820219702E+000 -0.438099925763895E-001  0.490791373271848E+001
      5.94000000 -0.515901796157192E-002 -0.129286763972006E-002  0.128517514581516E+000  0.315742638180745E-002  0.116971719916251E-003  0.197410977035415E+000  0.880360920228330E+000  0.995567786153076E+000 -0.648016415059637E+001 -0.195482043541632E+000 -0.489884722487607E-001  0.486969934363853E+001
      5.95000000 -0.520722522309406E-002 -0.139197749293809E-002  0.127748977433137E+000  0.324679899043865E-002 -0.288612958424282E-004  0.197007101142064E+000  0.877181238960232E+000  0.100109175486620E+001 -0.645231477204433E+001 -0.196977069488690E+000 -0.526552310695407E-001  0.483244302423399E+001
      5.96000000 -0.529582086667474E-002 -0.141863658439263E-002  0.127025322275085E+000  0.329455331797249E-002 -0.224016490121750E-003  0.196558296654230E+000  0.875583907865699E+000  0.100845979821378E+001 -0.642286215642245E+001 -0.199992312548290E+000 -0.535736419945102E-001  0.479700665742822E+001
      5.97000000 -0.540564588104145E-002 -0.135819458101599E-002  0.126360893631014E+000  0.328412498780364E-002 -0.428066376720298E-003  0.196086930360454E+000  0.876185467668004E+000  0.101613849607963E+001 -0.639265760869630E+001 -0.203797821093631E+000 -0.512051847870782E-001  0.476392189946473E+001
      5.98000000 -0.550977314813885E-002 -0.121828226268848E-002  0.125757331592614E+000  0.320842577489062E-002 -0.599451056455926E-003  0.195619400426835E+000  0.879241672867500E+000  0.102256206372045E+001 -0.636269847196713E+001 -0.207376151088144E+000 -0.458535550888573E-001  0.473323868254015E+001
      5.99000000 -0.557875550058103E-002 -0.102562639038583E-002  0.125202951306814E+000  0.307386444419250E-002 -0.707428964759288E-003  0.195178821885718E+000  0.884499420147137E+000  0.102658167174183E+001 -0.633385206539948E+001 -0.209621961824582E+000 -0.385379527798537E-001  0.470450592007992E+001
      6.00000000 -0.558808953946265E-002 -0.816741651585519E-003  0.124676446765410E+000  0.290109930536215E-002 -0.740069370688855E-003  0.194778152482296E+000  0.891172758710257E+000  0.102776178941074E+001 -0.630659890165847E+001 -0.209622734228975E+000 -0.306379518357733E-001  0.467691461998863E+001
      6.01000000 -0.552563701892428E-002 -0.626004488429459E-003  0.124154189001796E+000  0.272130596712560E-002 -0.705425054492182E-003  0.194416397413716E+000  0.898087095880445E+000  0.102641816716329E+001 -0.628089377241974E+001 -0.206935097527424E+000 -0.234438670911783E-001  0.464957417968914E+001
      6.02000000 -0.539615961400187E-002 -0.475678600659140E-003  0.123618743154287E+000  0.256840918338686E-002 -0.625746402734297E-003  0.194079756066211E+000  0.903972859123661E+000  0.102339527453682E+001 -0.625621298878857E+001 -0.201750477609517E+000 -0.177845712018212E-001  0.462183149811790E+001
      6.03000000 -0.522078224708098E-002 -0.371581875930492E-003  0.123065325188877E+000  0.246955565654397E-002 -0.527436661995841E-003  0.193747776589818E+000  0.907821893715143E+000  0.101968698804546E+001 -0.623178807314038E+001 -0.194869801612410E+000 -0.138695856326564E-001  0.459351000864510E+001
      6.04000000 -0.503099339274186E-002 -0.305597304999448E-003  0.122503360938844E+000  0.243719440098923E-002 -0.431116363260393E-003  0.193402440209123E+000  0.909180415927951E+000  0.101606511519232E+001 -0.620694630316838E+001 -0.187474879809583E+000 -0.113877744517729E-001  0.456496383028704E+001
      6.05000000 -0.485900129155902E-002 -0.263248715453864E-003  0.121952114255063E+000  0.246584557373140E-002 -0.345880905472896E-003  0.193036593317624E+000  0.908264638694326E+000  0.101286759810521E+001 -0.618142361462320E+001 -0.180766485871779E+000 -0.979348272360440E-002  0.453691073859505E+001
      6.06000000 -0.472788981268138E-002 -0.232462698269925E-003  0.121431839305638E+000  0.253496379964507E-002 -0.269726522468927E-003  0.192658096781828E+000  0.905848896802999E+000  0.101001791412386E+001 -0.615551533887129E+001 -0.175598579246039E+000 -0.863389824238495E-002  0.451010055270515E+001
      6.07000000 -0.464525764703342E-002 -0.209392928637190E-003  0.120953975504531E+000  0.261690230034054E-002 -0.195190735385896E-003  0.192287655600781E+000  0.902965741077174E+000  0.100723763678694E+001 -0.612999111919517E+001 -0.172245304391694E+000 -0.776425151651474E-002  0.448495130113363E+001
      6.08000000 -0.460269448689461E-002 -0.198869390501102E-003  0.120514532450949E+000  0.268691035460817E-002 -0.116907049486346E-003  0.191950920676332E+000  0.900533720592211E+000  0.100432776226755E+001 -0.610579862697307E+001 -0.170386367776275E+000 -0.736191228982180E-002  0.446130706850965E+001
      6.09000000 -0.458109245708234E-002 -0.209786542985840E-003  0.120093621110602E+000  0.273128827909813E-002 -0.371170494811159E-004  0.191667959783732E+000  0.899056926512528E+000  0.100137177356271E+001 -0.608367296769996E+001 -0.169308218428287E+000 -0.775330037014433E-002  0.443842538113443E+001
      6.10000000 -0.455944072302470E-002 -0.248185334661714E-003  0.119661546643857E+000  0.275065506400287E-002  0.335295418930611E-004  0.191444418244970E+000  0.898507821839062E+000  0.998762845154960E+000 -0.606381227465144E+001 -0.168231770035916E+000 -0.915740782334326E-002  0.441520682470385E+001
      6.11000000 -0.452343788684773E-002 -0.311729695898869E-003  0.119189112220151E+000  0.275737991706040E-002  0.800452779237398E-004  0.191268047043552E+000  0.898426206275512E+000  0.997051366589660E+000 -0.604575420901707E+001 -0.166630192670016E+000 -0.114832082561859E-001  0.439057752758314E+001
      6.12000000 -0.447053035805463E-002 -0.388337750782275E-003  0.118658029820521E+000  0.276864803422506E-002  0.897802672708509E-004  0.191112051191830E+000  0.898177770361901E+000  0.996698162107275E+000 -0.602850449840922E+001 -0.164412147407296E+000 -0.142818498951468E-001  0.436387182893444E+001
      6.13000000 -0.440966772118639E-002 -0.459485660585008E-003  0.118067347410325E+000  0.279831134779104E-002  0.583093545223489E-004  0.190943912349546E+000  0.897254730739080E+000  0.997859062274983E+000 -0.601086521468545E+001 -0.161909252064513E+000 -0.168708810603244E-001  0.433506493484810E+001
      6.14000000 -0.435635949870240E-002 -0.506380292821148E-003  0.117433509014963E+000  0.285092828955958E-002 -0.821035947004618E-005  0.190736198530029E+000  0.895493284702912E+000  0.100030096782959E+001 -0.599183268468177E+001 -0.159691432271342E+000 -0.185624244873907E-001  0.430476990175737E+001
      6.15000000 -0.432549558982796E-002 -0.515987034692899E-003  0.116784244199649E+000  0.292020404786984E-002 -0.949927273773397E-004  0.190475257550194E+000  0.893127896272764E+000  0.100347649426108E+001 -0.597091406924985E+001 -0.158302230176348E+000 -0.188838242087342E-001  0.427400882103289E+001
      6.16000000 -0.432508016501529E-002 -0.484328032431286E-003  0.116148803053782E+000  0.299202412184965E-002 -0.183523735672277E-003  0.190164733244894E+000  0.890677223299739E+000  0.100670560248080E+001 -0.594825169255132E+001 -0.158030067216969E+000 -0.176964099161172E-001  0.424385270410238E+001
      6.17000000 -0.435333282648602E-002 -0.416148348659745E-003  0.115548209533898E+000  0.305036292932369E-002 -0.256859809750541E-003  0.189822960893841E+000  0.888726275229165E+000  0.100936994988370E+001 -0.592452288304242E+001 -0.158804565225177E+000 -0.151806122371376E-001  0.421506553919747E+001
      6.18000000 -0.439995819058679E-002 -0.321949885743582E-003  0.114988894720791E+000  0.308335063452003E-002 -0.303068317142189E-003  0.189475542597979E+000  0.887704923499611E+000  0.101103769369507E+001 -0.590066524150112E+001 -0.160245687298348E+000 -0.117253570333868E-001  0.418787489972788E+001
      6.19000000 -0.445057542670716E-002 -0.214450083644767E-003  0.114461616642294E+000  0.308702670750184E-002 -0.315997249404183E-003  0.189145927868254E+000  0.887752671562934E+000  0.101148997090077E+001 -0.587753203960542E+001 -0.161827301474760E+000 -0.779761604061733E-002  0.416193700088922E+001
      6.20000000 -0.449211587617856E-002 -0.106242214249540E-003  0.113945668251367E+000  0.306555951517995E-002 -0.294191695834439E-003  0.188847214571637E+000  0.888713024894615E+000  0.101067984613198E+001 -0.585559525518506E+001 -0.163074305100693E+000 -0.385684068235598E-002  0.413649406683007E+001
      6.21000000 -0.451686804420291E-002 -0.914592633427183E-005  0.113416718526719E+000  0.302832640602638E-002 -0.239609305152624E-003  0.188577716988603E+000  0.890241703287465E+000  0.100868437073285E+001 -0.583478801143052E+001 -0.163708820165626E+000 -0.331483850060003E-003  0.411066185581756E+001
      6.22000000 -0.452370719147971E-002  0.656501927678841E-004  0.112855666560964E+000  0.298550768797353E-002 -0.157395325451671E-003  0.188321516826355E+000  0.891967584977532E+000  0.100569544576632E+001 -0.581452884727115E+001 -0.163693101417460E+000  0.237559223175845E-002  0.408375106741959E+001
      6.23000000 -0.451641813663266E-002  0.108124002943126E-003  0.112255743925449E+000  0.294426507135896E-002 -0.567159951604369E-004  0.188053689562813E+000  0.893630985469874E+000  0.100204900862086E+001 -0.579391466214623E+001 -0.163167016133458E+000  0.390625278681321E-002  0.405552236884190E+001
      6.24000000 -0.450027466471860E-002  0.111500729146983E-003  0.111625688113972E+000  0.290707181366467E-002  0.485876856707222E-004  0.187748564001493E+000  0.895142995672912E+000  0.998247460161572E+000 -0.577202121233182E+001 -0.162323241473908E+000  0.402179003067012E-002  0.402629725435845E+001
      6.25000000 -0.447866749038451E-002  0.753769773115977E-004  0.110987945409987E+000  0.287264602145648E-002  0.141107973948855E-003  0.187388493263401E+000  0.896550505701866E+000  0.994918431147656E+000 -0.574821914033095E+001 -0.161285408487212E+000  0.271446956094269E-002  0.399688884049511E+001
      6.26000000 -0.445137474210433E-002  0.816110729756193E-005  0.110372309819984E+000  0.283873407954727E-002  0.203476130206620E-003  0.186970384295419E+000  0.897935043718876E+000  0.992684139566499E+000 -0.572240638405281E+001 -0.160046469909656E+000  0.293427646334545E-003  0.396836923105523E+001
      6.27000000 -0.441519663001787E-002 -0.731212863997674E-004  0.109806846882957E+000  0.280520731200255E-002  0.223627971002087E-003  0.186507777457329E+000  0.899301338724063E+000  0.991972416010962E+000 -0.569507862294009E+001 -0.158492524959035E+000 -0.262483832112024E-002  0.394174164338395E+001
      6.28000000 -0.436654050665496E-002 -0.146568890837202E-003  0.109308967257010E+000  0.277587143306399E-002  0.199541931660200E-003  0.186027565393050E+000  0.900513081497173E+000  0.992848439716438E+000 -0.566720692359639E+001 -0.156496318363481E+000 -0.525301248612776E-002  0.391762103517986E+001
      6.29000000 -0.430463678334752E-002 -0.191806909365830E-003  0.108879676952685E+000  0.275803649820328E-002  0.141009990999462E-003  0.185562204912849E+000  0.901309434129927E+000  0.994954252485732E+000 -0.563995527937274E+001 -0.154032421358619E+000 -0.686340896338218E-002  0.389603144744870E+001
      6.30000000 -0.423377127543029E-002 -0.196599256210713E-003  0.108503110605460E+000  0.275995635566516E-002  0.671126932553895E-004  0.185139937543293E+000  0.901397496783711E+000  0.997602324566117E+000 -0.561432969749862E+001 -0.151256176549951E+000 -0.702372657199685E-002  0.387639401996045E+001
      6.31000000 -0.416335778350506E-002 -0.160800930250751E-003  0.108151631668936E+000  0.278725445872022E-002  0.296264687589084E-007  0.184776407839891E+000  0.900580051204996E+000  0.999998943238929E+000 -0.559088048042867E+001 -0.148504854429907E+000 -0.573568739004158E-002  0.385771368989354E+001
      6.32000000 -0.410565645226478E-002 -0.958110923925740E-004  0.107794693790175E+000  0.283995890433680E-002 -0.423898688074523E-004  0.184470670167261E+000  0.898860395073551E+000  0.100150963261388E+001 -0.556956362035496E+001 -0.146214957868469E+000 -0.341212544215297E-002  0.383889806519993E+001
      6.33000000 -0.407203381921527E-002 -0.196846041242649E-004  0.107408177735545E+000  0.291153314057502E-002 -0.521973288220317E-004  0.184206929748863E+000  0.896475223083435E+000  0.100185596953943E+001 -0.554980739974343E+001 -0.144788457619175E+000 -0.699921365227172E-003  0.381909018452423E+001
      6.34000000 -0.406935529397645E-002  0.499798519651474E-004  0.106980758469178E+000  0.299039701353448E-002 -0.327706391019012E-004  0.183961096125851E+000  0.893838788028588E+000  0.100116338089839E+001 -0.553074920551335E+001 -0.144464995114549E+000  0.177432014369908E-002  0.379789269628961E+001
      6.35000000 -0.409805409162016E-002  0.102310778193271E-003  0.106515166035537E+000  0.306328699809070E-002  0.430529506302940E-005  0.183709327252922E+000  0.891422399995652E+000  0.999847399670502E+000 -0.551154066333589E+001 -0.145254714374935E+000  0.362638523838165E-002  0.377540893145556E+001
      6.36000000 -0.415262620536018E-002  0.136032644545523E-003  0.106024426078442E+000  0.311895523873122E-002  0.452883293007210E-004  0.183435096017143E+000  0.889623072182242E+000  0.998397288107204E+000 -0.549159760322951E+001 -0.146957582857017E+000  0.481406889121239E-002  0.375210592279611E+001
      6.37000000 -0.422412866202280E-002  0.158014324237786E-003  0.105525269813432E+000  0.315059262216259E-002  0.804720078156946E-004  0.183132230246708E+000  0.888678488402799E+000  0.997156641106727E+000 -0.547070539993737E+001 -0.149253313338450E+000  0.558320149181538E-002  0.372857870125730E+001
      6.38000000 -0.430329911760831E-002  0.178514671487955E-003  0.105031890503763E+000  0.315606866544712E-002  0.107894891104038E-003  0.182803405325052E+000  0.888659788945796E+000  0.996193669650248E+000 -0.544896289904864E+001 -0.151812359860681E+000  0.629766437509523E-002  0.370532903296457E+001
      6.39000000 -0.438268702311072E-002  0.205454787635762E-003  0.104552650031737E+000  0.313626544758057E-002  0.133241303156033E-003  0.182455689744603E+000  0.889531557534220E+000  0.995306851579444E+000 -0.542662306554906E+001 -0.154371056069732E+000  0.723671856435775E-002  0.368265014480378E+001
      6.40000000 -0.445684431659743E-002  0.240212739918079E-003  0.104090557826366E+000  0.309281391577945E-002  0.166339799033248E-003  0.182095906279439E+000  0.891232263128230E+000  0.994150180390665E+000 -0.540392864199755E+001 -0.156737806769712E+000  0.844777500364810E-002  0.366064519650892E+001
      6.41000000 -0.452083570776210E-002  0.276535224000259E-003  0.103646320535252E+000  0.302682896572731E-002  0.216008606286239E-003  0.181728240456410E+000  0.893718878787421E+000  0.992415284402384E+000 -0.538102825445093E+001 -0.158740217329514E+000  0.970998823993911E-002  0.363933584645011E+001
      6.42000000 -0.456842126261766E-002  0.302743393728083E-003  0.103221554113177E+000  0.293957590103888E-002  0.285439404999368E-003  0.181354964611286E+000  0.896943372600854E+000  0.989992970620130E+000 -0.535800252965929E+001 -0.160161228596798E+000  0.106136783588278E-001  0.361877549684737E+001
      6.43000000 -0.459157823389025E-002  0.306153766925510E-003  0.102819947089929E+000  0.283471452320031E-002  0.369835586380156E-003  0.180979250884015E+000  0.900774194910820E+000  0.987054345857808E+000 -0.533496308937990E+001 -0.160722726454075E+000  0.107165479118415E-001  0.359908976573305E+001
      6.44000000 -0.458230831355076E-002  0.277995620799063E-003  0.102445576470228E+000  0.272058432358803E-002  0.457010835043111E-003  0.180607858952919E+000  0.904917060526854E+000  0.984027720372340E+000 -0.531214624457837E+001 -0.160149178339020E+000  0.971579544771342E-002  0.358041706789063E+001
      6.45000000 -0.453625674225524E-002  0.217161025665037E-003  0.102099370874577E+000  0.261064777118260E-002  0.530609293169797E-003  0.180251615233603E+000  0.908900741597105E+000  0.981484245541268E+000 -0.528992875062069E+001 -0.158293903032881E+000  0.757789258684076E-002  0.356278509600042E+001
      6.46000000 -0.445633803751012E-002  0.131652152160040E-003  0.101775884974516E+000  0.252100441649133E-002  0.574878959432514E-003  0.179922917784726E+000  0.912165048866211E+000  0.979970497084700E+000 -0.526873978803458E+001 -0.155264398269130E+000  0.458692586018126E-002  0.354599929490660E+001
      6.47000000 -0.435413476938803E-002  0.372919874195343E-004  0.101462475187376E+000  0.246548323806928E-002  0.579607019067897E-003  0.179631233255283E+000  0.914232243680862E+000  0.979836977674524E+000 -0.524890390786445E+001 -0.151469036217827E+000  0.129729135459858E-002  0.352961590370504E+001
      6.48000000 -0.424767571670958E-002 -0.460549654055354E-004  0.101141733661000E+000  0.245036339311030E-002  0.543825805241898E-003  0.179378736047128E+000  0.914889769755272E+000  0.981110908028049E+000 -0.523049037089992E+001 -0.147537569027754E+000 -0.159966016493688E-002  0.351302841996513E+001
      6.49000000 -0.415596755787811E-002 -0.998954231539119E-004  0.100796354606490E+000  0.247135879605096E-002  0.477128870257685E-003  0.179158254973250E+000  0.914292785577298E+000  0.983453075912821E+000 -0.521324390417362E+001 -0.144129781230482E+000 -0.346439313699812E-002  0.349563761890406E+001
      6.50000000 -0.409244239186986E-002 -0.112767599152817E-003  0.100414389158440E+000  0.251469169533129E-002  0.397901252631025E-003  0.178954579728145E+000  0.912924161257511E+000  0.986221935128724E+000 -0.519663243632133E+001 -0.141708367049122E+000 -0.390478614036011E-002  0.347703345663371E+001
      6.51000000 -0.406029541925383E-002 -0.844202116507937E-004  0.999927062817386E-001  0.256219267235169E-002  0.328521331292977E-003  0.178748580068690E+000  0.911415635941277E+000  0.988641817016203E+000 -0.517999163866598E+001 -0.140379250743473E+000 -0.291871522523888E-002  0.345711327335444E+001
      6.52000000 -0.405199919503823E-002 -0.268540415406555E-004  0.995374184792084E-001  0.259834441141387E-002  0.288588568146192E-003  0.178522362822497E+000  0.910303520817701E+000  0.990037741578343E+000 -0.516270396262424E+001 -0.139877554279522E+000 -0.927018361165333E-003  0.343609413180982E+001
      6.53000000 -0.405336470811996E-002  0.387221663346200E-004  0.990614817682224E-001  0.261611110927600E-002  0.288200702839763E-003  0.178263432815974E+000  0.909828503103231E+000  0.990066366566153E+000 -0.514434169939419E+001 -0.139710412873428E+000  0.133466644023565E-002  0.341442764574499E+001
      6.54000000 -0.405032926808965E-002  0.886352743877621E-004  0.985808487954438E-001  0.261887945371111E-002  0.323780653371622E-003  0.177966567777704E+000  0.909871107270815E+000  0.988857069486660E+000 -0.512473005349229E+001 -0.139392323539073E+000  0.305038825899227E-002  0.339266579591740E+001
      6.55000000 -0.403532198906267E-002  0.105226762550822E-003  0.981108760746360E-001  0.261767763999974E-002  0.378501476560331E-003  0.177633363064359E+000  0.910050005978590E+000  0.986993736343448E+000 -0.510392956775363E+001 -0.138663822941424E+000  0.361585648198442E-002  0.337133670758239E+001
      6.56000000 -0.401028998985361E-002  0.839683773325578E-004  0.976641081520967E-001  0.262510569573288E-002  0.427874537667531E-003  0.177270431520232E+000  0.909932267271495E+000  0.985319566536839E+000 -0.508217256653107E+001 -0.137593593872072E+000  0.288096642338192E-002  0.335086880673391E+001
      6.57000000 -0.398514291482197E-002  0.361096897279019E-004  0.972495267729648E-001  0.264894103770853E-002  0.448974621174122E-003  0.176887534681586E+000  0.909252807587893E+000  0.984619066352988E+000 -0.505979782733817E+001 -0.136522680472318E+000  0.123704262006301E-002  0.333156585685529E+001
      6.58000000 -0.397261451284133E-002 -0.148392317727052E-004  0.968725127562882E-001  0.268840840136329E-002  0.429944745145649E-003  0.176496420346080E+000  0.908040706548730E+000  0.985293374709501E+000 -0.503721001000939E+001 -0.135886654561076E+000 -0.507588530256644E-003  0.331360660210702E+001
      6.59000000 -0.398219268636993E-002 -0.420461996641139E-004  0.965345969014517E-001  0.273465415224787E-002  0.375797642561716E-003  0.176110255168453E+000  0.906600775459391E+000  0.987165028392858E+000 -0.501485977773889E+001 -0.136007585665818E+000 -0.143604354513342E-002  0.329703720835214E+001
      6.60000000 -0.401602009878335E-002 -0.264875719793359E-004  0.962326136560087E-001  0.277483892088580E-002  0.307633697713812E-003  0.175742871063046E+000  0.905371900599178E+000  0.989509015493767E+000 -0.499321774924180E+001 -0.136955102598191E+000 -0.903284358339217E-003  0.328174340575224E+001
      6.61000000 -0.406846483321823E-002  0.343016108985684E-004  0.959577245945499E-001  0.279757541684229E-002  0.254970259490146E-003  0.175407027638207E+000  0.904740868186659E+000  0.991318108741223E+000 -0.497271518264717E+001 -0.138533683664882E+000  0.116799055865484E-002  0.326741845121663E+001
      6.62000000 -0.412911111798078E-002  0.123838897474966E-003  0.956953691943605E-001  0.279702053882240E-002  0.243895705690049E-003  0.175111553326502E+000  0.904903629547035E+000  0.991707748992807E+000 -0.495364707359003E+001 -0.140386341489747E+000  0.421041944716084E-002  0.325356290854109E+001
      6.63000000 -0.418727638803992E-002  0.212178210914154E-003  0.954271057291584E-001  0.277390254217048E-002  0.285843551353275E-003  0.174858170784218E+000  0.905831870123189E+000  0.990296215436891E+000 -0.493606541185318E+001 -0.142149185396584E+000  0.720300191468135E-002  0.323954859605131E+001
      6.64000000 -0.423564562225477E-002  0.267412447552668E-003  0.951345046528800E-001  0.273351194269159E-002  0.371855839634743E-003  0.174639455689805E+000  0.907342800076986E+000  0.987395291625596E+000 -0.491971182110995E+001 -0.143574665650758E+000  0.906441571657900E-002  0.322475152916987E+001
      6.65000000 -0.427139926231638E-002  0.268587131745837E-003  0.948041477204484E-001  0.268223298727882E-002  0.475077219790065E-003  0.174439284940031E+000  0.909217710867471E+000  0.983920637121455E+000 -0.490403506205606E+001 -0.144568874020699E+000  0.909054312845663E-002  0.320872108804099E+001
      6.66000000 -0.429477132522089E-002  0.214596006355349E-003  0.944319683535734E-001  0.262474246187669E-002  0.560744501406749E-003  0.174236256661501E+000  0.911296911107520E+000  0.981049657222870E+000 -0.488830881026229E+001 -0.145141661769573E+000  0.725226528095235E-002  0.319132539851919E+001
      6.67000000 -0.430641212224965E-002  0.125212821062917E-003  0.940251206906748E-001  0.256334368493633E-002  0.599659113000157E-003  0.174009294147049E+000  0.913501758081977E+000  0.979764922148579E+000 -0.487182206957540E+001 -0.145316868642337E+000  0.422521917415352E-002  0.317281201255512E+001
      6.68000000 -0.430547651171949E-002  0.337476782927230E-004  0.936003835963459E-001  0.249948364704553E-002  0.579570005736964E-003  0.173743594858400E+000  0.915782932917910E+000  0.980472092262091E+000 -0.485407950180795E+001 -0.145067804158848E+000  0.113708704996032E-002  0.315375129321630E+001
      6.69000000 -0.428977092727332E-002 -0.256013875821037E-004  0.931794495224123E-001  0.243614608996897E-002  0.509796614158109E-003  0.173434785161281E+000  0.918039710055827E+000  0.982848697587964E+000 -0.483493959444978E+001 -0.144322571803518E+000 -0.861318275550997E-003  0.313487550321444E+001
      6.70000000 -0.425794791714271E-002 -0.304389258421142E-004  0.927827044316240E-001  0.237926818630741E-002  0.417374930321466E-003  0.173089765815508E+000  0.920072750067883E+000  0.985979037351406E+000 -0.481464042290194E+001 -0.143038127996652E+000 -0.102254115254811E-002  0.311686864438490E+001
      6.71000000 -0.421240039549384E-002  0.221808413028974E-004  0.924236972642240E-001  0.233687357233835E-002  0.336636937759749E-003  0.172724012596904E+000  0.921613915289028E+000  0.988708139014267E+000 -0.479370627632718E+001 -0.141297149382073E+000  0.744015134541390E-003  0.310018130583134E+001
      6.72000000 -0.416091633362823E-002  0.115844152347123E-003  0.921061663917657E-001  0.231594321209783E-002  0.296762676160447E-003  0.172356454131394E+000  0.922431586570579E+000  0.990060460103431E+000 -0.477277397021436E+001 -0.139362518358016E+000  0.387999457659539E-002  0.308493280696804E+001
      6.73000000 -0.411564230341525E-002  0.221886788449445E-003  0.918244113706207E-001  0.231844533453241E-002  0.312326986094625E-003  0.172003887627967E+000  0.922463164609572E+000  0.989554704720398E+000 -0.475240525315775E+001 -0.137641321558331E+000  0.742066208551995E-002  0.307092609138557E+001
      6.74000000 -0.408924685628077E-002  0.309992427627983E-003  0.915664796695397E-001  0.233866863012411E-002  0.380119741323466E-003  0.171676880000185E+000  0.921902870901042E+000  0.987306341681410E+000 -0.473295048643522E+001 -0.136555660574932E+000  0.103518379339091E-001  0.305775649092692E+001
      6.75000000 -0.408971124652008E-002  0.357775723461066E-003  0.913186629730859E-001  0.236363559605493E-002  0.482531765287682E-003  0.171378311083147E+000  0.921186062628066E+000  0.983910282789434E+000 -0.471450163432940E+001 -0.136368840692073E+000  0.119298057234892E-001  0.304496318995287E+001
      6.76000000 -0.411613091830529E-002  0.355969474227532E-003  0.910695447185000E-001  0.237703396720883E-002  0.595071321337272E-003  0.171104563976084E+000  0.920856551949684E+000  0.980187074793134E+000 -0.469693380785564E+001 -0.137046755744814E+000  0.118520189360634E-001  0.303216440354777E+001
      6.77000000 -0.415776525418839E-002  0.308280549480242E-003  0.908123251838576E-001  0.236539114611787E-002  0.694348348231964E-003  0.170848388523660E+000  0.921360530753865E+000  0.976915790157367E+000 -0.468000206524347E+001 -0.138228492727733E+000  0.102490528172566E-001  0.301913409339790E+001
      6.78000000 -0.419730596765969E-002  0.227400862718387E-003  0.905450570057075E-001  0.232393705601638E-002  0.763508567102417E-003  0.170602046267696E+000  0.922852662449562E+000  0.974653937809370E+000 -0.466344669970126E+001 -0.139337242138811E+000  0.754898721115475E-002  0.300580863765604E+001
      6.79000000 -0.421745569257995E-002  0.129882752740898E-003  0.902692949760831E-001  0.225940812408100E-002  0.794007291200382E-003  0.170359569277605E+000  0.925105282456420E+000  0.973680296548379E+000 -0.464706822371094E+001 -0.139799954457903E+000  0.430534527013298E-002  0.299224087850075E+001
      6.80000000 -0.420825057651322E-002  0.322052384576795E-004  0.899881351813501E-001  0.218813170322055E-002  0.784601434913083E-003  0.170117610487684E+000  0.927574613526678E+000  0.974030328216776E+000 -0.463075507171462E+001 -0.139289684406091E+000  0.106596729910267E-002  0.297853436286781E+001
      6.81000000 -0.417192219156636E-002 -0.511297326635011E-004  0.897045750604828E-001  0.212970983855437E-002  0.739442314270549E-003  0.169875061774046E+000  0.929611841908818E+000  0.975560998228982E+000 -0.461447033179758E+001 -0.137884473015073E+000 -0.168986762455928E-002  0.296478876913373E+001
      6.82000000 -0.412287119657291E-002 -0.108179715051806E-003  0.894207095122875E-001  0.209865922545586E-002  0.666795019614631E-003  0.169632054813678E+000  0.930739786556985E+000  0.977994347619148E+000 -0.459821822460033E+001 -0.136063509315417E+000 -0.357016044520766E-002  0.295107340530792E+001
      6.83000000 -0.408229424775174E-002 -0.130195688875938E-003  0.891377651283929E-001  0.209752091377720E-002  0.578651009725887E-003  0.169389017547724E+000  0.930878704134644E+000  0.980931247272275E+000 -0.458201270907655E+001 -0.134527129934620E+000 -0.429044338584529E-002  0.293742855947071E+001
      6.84000000 -0.406936661469032E-002 -0.113157396881569E-003  0.888566114349695E-001  0.211461011121594E-002  0.490292101091322E-003  0.169146218234604E+000  0.930417427899831E+000  0.983866630877541E+000 -0.456586240808834E+001 -0.133905060969320E+000 -0.372351512244101E-002  0.292388253463671E+001
      6.85000000 -0.409257673178934E-002 -0.598220258544558E-004  0.885782813206784E-001  0.212775817088710E-002  0.418546301543337E-003  0.168903880225609E+000  0.930086994745208E+000  0.986247577295416E+000 -0.454977441860531E+001 -0.134472207636235E+000 -0.196560758884133E-002  0.291046883624519E+001
      6.86000000 -0.414499393926567E-002  0.191393004915799E-004  0.883041427750896E-001  0.211282705888817E-002  0.378266654458666E-003  0.168662666718825E+000  0.930678793940067E+000  0.987589187392777E+000 -0.453377022745346E+001 -0.135995976467762E+000  0.627954563360222E-003  0.289723176892619E+001
      6.87000000 -0.420572817184167E-002  0.106406235847250E-003  0.880355787276072E-001  0.205359146166969E-002  0.377942600446975E-003  0.168424195280939E+000  0.932720370929553E+000  0.987617869258514E+000 -0.451790246331510E+001 -0.137787791123057E+000  0.348607413509831E-002  0.288421586880761E+001
      6.88000000 -0.424721008771281E-002  0.182107933945978E-003  0.877732539398509E-001  0.194882962193605E-002  0.416394871791298E-003  0.168191238837366E+000  0.936245372961755E+000  0.986377926806491E+000 -0.450226124566186E+001 -0.138944570652716E+000  0.595753639966587E-002  0.287144191871892E+001
      6.89000000 -0.424535403876362E-002  0.229592656687827E-003  0.875162322049077E-001  0.181357013113526E-002  0.482458851977485E-003  0.167967365725716E+000  0.940756404490551E+000  0.984239596481105E+000 -0.448696215437384E+001 -0.138682278203091E+000  0.750006534141523E-002  0.285887828226030E+001
      6.90000000 -0.418837236733043E-002  0.240531696778472E-003  0.872613351258427E-001  0.167396416918594E-002  0.558322907394851E-003  0.167755947471616E+000  0.945396140243723E+000  0.981787790745287E+000 -0.447211367939625E+001 -0.136622576255021E+000  0.784602160524039E-002  0.284642036733331E+001
      6.91000000 -0.408063256145669E-002  0.217036254866505E-003  0.870031681405642E-001  0.155803907133248E-002  0.625384974242552E-003  0.167558713457907E+000  0.949251107091895E+000  0.979629782289715E+000 -0.445777019431405E+001 -0.132915527388915E+000  0.706936678165372E-002  0.283389200172961E+001
      6.92000000 -0.394021725201444E-002  0.169770037649131E-003  0.867351147565823E-001  0.148632082224930E-002  0.670131383729447E-003  0.167374315056149E+000  0.951657095140084E+000  0.978203832414693E+000 -0.444388564543422E+001 -0.128156414745822E+000  0.552180703874958E-002  0.282107828802794E+001
      6.93000000 -0.379167325617969E-002  0.112983298179633E-003  0.864512740307113E-001  0.146616490206430E-002  0.687433046887128E-003  0.167197563383677E+000  0.952381483670051E+000  0.977673356030517E+000 -0.443028952002842E+001 -0.123147031151141E+000  0.366950335654833E-002  0.280778880900789E+001
      6.94000000 -0.365744750408057E-002  0.589278942885315E-004  0.861488482031491E-001  0.149171016405937E-002  0.679923701400768E-003  0.167019965890768E+000  0.951621627522755E+000  0.977949066195969E+000 -0.441670514532927E+001 -0.118616445695370E+000  0.191111898804280E-002  0.279393488579308E+001
      6.95000000 -0.355174885421044E-002  0.143799529106087E-004  0.858300700002494E-001  0.154866366362535E-002  0.654129128876827E-003  0.166831804908653E+000  0.949846807930492E+000  0.978816146714503E+000 -0.440281776567242E+001 -0.115022742931073E+000  0.465692168813428E-003  0.277959126127157E+001
      6.96000000 -0.347900520510737E-002 -0.191824288348975E-004  0.855026534812902E-001  0.162101024175412E-002  0.615683984992713E-003  0.166625341145477E+000  0.947579302573677E+000  0.980089833453112E+000 -0.438837841165827E+001 -0.112505075232707E+000 -0.620326924503574E-003  0.276500950570199E+001
      6.97000000 -0.343659791869832E-002 -0.422130254557543E-004  0.851781370194711E-001  0.169625089202538E-002  0.566393953247722E-003  0.166398052680842E+000  0.945224848622100E+000  0.981710067375925E+000 -0.437330802149086E+001 -0.110974250393415E+000 -0.136313847811584E-002  0.275056323994509E+001
      6.98000000 -0.341949079096030E-002 -0.527821234598549E-004  0.848683090469601E-001  0.176705361387811E-002  0.504828563332554E-003  0.166154502711134E+000  0.943020244750212E+000  0.983721485440014E+000 -0.435775645049766E+001 -0.110263631401770E+000 -0.170199277072646E-002  0.273663200707656E+001
      6.99000000 -0.342378690058698E-002 -0.441226182401059E-004  0.845808426444851E-001  0.182944742565664E-002  0.430120527319396E-003  0.165905736191945E+000  0.941092711440151E+000  0.986150334979304E+000 -0.434208140585691E+001 -0.110244219151539E+000 -0.142072615382926E-002  0.272346066600169E+001
      7.00000000 -0.344735011783650E-002 -0.589110177997421E-005  0.843158456693878E-001  0.187961582986243E-002  0.346764566863181E-003  0.165666017740541E+000  0.939563774993732E+000  0.988850305975196E+000 -0.432674207409313E+001 -0.110844367283393E+000 -0.189419532998615E-003  0.271104942803224E+001
      7.01000000 -0.348768369416866E-002  0.710086832874599E-004  0.840648918683031E-001  0.191190080314402E-002  0.267458681559775E-003  0.165447882708348E+000  0.938613395299197E+000  0.991412535455967E+000 -0.431213949892211E+001 -0.111981259646577E+000  0.227992057125753E-002  0.269912449320027E+001
      7.02000000 -0.353902906247556E-002  0.188215769386020E-003  0.838131991212528E-001  0.191958243714526E-002  0.211834835109309E-003  0.165257329268068E+000  0.938454552875946E+000  0.993208174136745E+000 -0.429846284458405E+001 -0.113467971898618E+000  0.603455390011149E-002  0.268720984053498E+001
      7.03000000 -0.359111088673019E-002  0.335484153602600E-003  0.835443258934821E-001  0.189804864419715E-002  0.200906562890913E-003  0.165091071364395E+000  0.939231531815534E+000  0.993567718028507E+000 -0.428560295249454E+001 -0.114974033112551E+000  0.107409566013603E-001  0.267477902927942E+001
      7.04000000 -0.363088149788035E-002  0.490640804028779E-003  0.832456698494272E-001  0.184831134740605E-002  0.249243022785018E-003  0.164936996270698E+000  0.940907992243190E+000  0.992031499099752E+000 -0.427316908847166E+001 -0.116082216309451E+000  0.156861830871541E-001  0.266143135211867E+001
      7.05000000 -0.364668879947878E-002  0.624655504305422E-003  0.829127074748245E-001  0.177845443470114E-002  0.358187847901548E-003  0.164777663961529E+000  0.943222024740377E+000  0.988564688321706E+000 -0.426060265880153E+001 -0.116422216052527E+000  0.199424140856331E-001  0.264702629533775E+001
      7.06000000 -0.363267985050386E-002  0.710242070062498E-003  0.825504817504988E-001  0.170173049192253E-002  0.513233006819273E-003  0.164595468150316E+000  0.945748424467651E+000  0.983638008857857E+000 -0.424734293416288E+001 -0.115810703416263E+000  0.226426872487407E-001  0.263172912348736E+001
      7.07000000 -0.359093109542618E-002  0.730751592108179E-003  0.821720334851755E-001  0.163198218636511E-002  0.687018303362007E-003  0.164377525551283E+000  0.948045606940712E+000  0.978128671213444E+000 -0.423298271510286E+001 -0.114317819850793E+000  0.232635844694169E-001  0.261595877812763E+001
      7.08000000 -0.352997269165036E-002  0.685861405640621E-003  0.817946812795264E-001  0.157868895804313E-002  0.847105357113545E-003  0.164118691859048E+000  0.949813190293346E+000  0.973070366304682E+000 -0.421736312632776E+001 -0.112218475237287E+000  0.218036590898127E-001  0.260026782570291E+001
      7.09000000 -0.346037633544750E-002  0.591804774288529E-003  0.814357097948555E-001  0.154426589368047E-002  0.965708848741646E-003  0.163822076959071E+000  0.950976747665181E+000  0.969343240197452E+000 -0.420058822100773E+001 -0.109850837838409E+000  0.187870462603768E-001  0.258520463779945E+001
      7.10000000 -0.338974983766839E-002  0.476053245102810E-003  0.811088863405055E-001  0.152505944485468E-002  0.102779893769805E-002  0.163497494562648E+000  0.951654651074351E+000  0.967418123643594E+000 -0.418297398161675E+001 -0.107457213701173E+000  0.150911889496059E-001  0.257120299430441E+001
      7.11000000 -0.331986163543585E-002  0.368507893215420E-003  0.808224974543776E-001  0.151545280871588E-002  0.103469931518942E-002  0.163158895239189E+000  0.952026755465715E+000  0.967245510396922E+000 -0.416496556952228E+001 -0.105093694202004E+000  0.116655029918202E-001  0.255852073515632E+001
      7.12000000 -0.324747592848425E-002  0.292490851821757E-003  0.805787777062169E-001  0.151275426486990E-002  0.100213190028692E-002  0.162821776716287E+000  0.952179438868283E+000  0.968321021521737E+000 -0.414705455330879E+001 -0.102657863718014E+000  0.924609963748021E-002  0.254722293944453E+001
      7.13000000 -0.316844206828399E-002  0.258704759156589E-003  0.803741648176255E-001  0.152006773830250E-002  0.953794745328047E-003  0.162501036100217E+000  0.952015642136931E+000  0.969891323107189E+000 -0.412971078384964E+001 -0.100019001944428E+000  0.816659773209289E-002  0.253719133060549E+001
      7.14000000 -0.308276855509502E-002  0.263986300007724E-003  0.801999234259428E-001  0.154540030455770E-002  0.913127691837019E-003  0.162209175461406E+000  0.951284287674516E+000  0.971215441189720E+000 -0.411332598099456E+001 -0.971782299079063E-001  0.832165013240752E-002  0.252814522335834E+001
      7.15000000 -0.299780357926305E-002  0.294745153394807E-003  0.800431179304686E-001  0.159727206823310E-002  0.896342620707887E-003  0.161954592590764E+000  0.949719552898033E+000  0.971784075723808E+000 -0.409816047474520E+001 -0.943677080986969E-001  0.927826785966559E-002  0.251967328360750E+001
      7.16000000 -0.292755549662065E-002  0.333261829120649E-003  0.798882578941929E-001  0.167898446094835E-002  0.909001379259672E-003  0.161739970132367E+000  0.947221149172015E+000  0.971425555557983E+000 -0.408429348519237E+001 -0.920276622211941E-001  0.104760804968291E-001  0.251128616397296E+001
      7.17000000 -0.288812376581228E-002  0.364170684047988E-003  0.797198561966008E-001  0.178449083026254E-002  0.946834290531366E-003  0.161561252191223E+000  0.943982794388404E+000  0.970277790037732E+000 -0.407159226003488E+001 -0.906615041543484E-001  0.114317337696997E-001  0.250249735115471E+001
      7.18000000 -0.289116803698003E-002  0.378728374953466E-003  0.795256253423997E-001  0.189812003787477E-002  0.999803174367152E-003  0.161407940861634E+000  0.940498830051197E+000  0.968658747915659E+000 -0.405972284611018E+001 -0.906306647031176E-001  0.118721582159637E-001  0.249292334223552E+001
      7.19000000 -0.293835088135520E-002  0.375647748959259E-003  0.792994226924110E-001  0.199861590400643E-002  0.105729914445717E-002  0.161265169600637E+000  0.937435680655250E+000  0.966902494279092E+000 -0.404821639308195E+001 -0.919816171378986E-001  0.117592108017910E-001  0.248237512532391E+001
      7.20000000 -0.301930146795106E-002  0.358807291257296E-003  0.790427918855341E-001  0.206597508981016E-002  0.111221344338249E-002  0.161117280354561E+000  0.935416904096261E+000  0.965231823058428E+000 -0.403658191243941E+001 -0.943844082287079E-001  0.112164400318883E-001  0.247090501430577E+001
      7.21000000 -0.311411578398441E-002  0.333379185920692E-003  0.787643016296042E-001  0.208832399991598E-002  0.116239894840753E-002  0.160951841235860E+000  0.934808812751753E+000  0.963713404861578E+000 -0.402443185079483E+001 -0.972133180457717E-001  0.104070943660555E-001  0.245878433433679E+001
      7.22000000 -0.319949473746976E-002  0.302379520945180E-003  0.784767440838310E-001  0.206608079371140E-002  0.120934792012148E-002  0.160762674764005E+000  0.935592509451714E+000  0.962300087696525E+000 -0.401157577520476E+001 -0.997402558942039E-001  0.942630423580252E-002  0.244641456821250E+001
      7.23000000 -0.325618021776981E-002  0.265207672842300E-003  0.781931839625427E-001  0.201180127531536E-002  0.125516021726702E-002  0.160550787823803E+000  0.937371348987998E+000  0.960926065523523E+000 -0.399804796015092E+001 -0.101366957558431E+000  0.825608323841128E-002  0.243420346233735E+001
      7.24000000 -0.327493267986211E-002  0.218663566983325E-003  0.779233380862216E-001  0.194582521359878E-002  0.129954255642366E-002  0.160322972468000E+000  0.939508892493415E+000  0.959600293006474E+000 -0.398406233795299E+001 -0.101809917679078E+000  0.679773355063996E-002  0.242245243226534E+001
      7.25000000 -0.325895861976146E-002  0.159720890682562E-003  0.776715453380856E-001  0.188938619017227E-002  0.133841717912169E-002  0.160088823613922E+000  0.941344464288058E+000  0.958449163513632E+000 -0.396991867486506E+001 -0.101173579387564E+000  0.495849628630985E-002  0.241129427381093E+001
      7.26000000 -0.322206902454950E-002  0.885308025979541E-004  0.774367933957763E-001  0.185766431282439E-002  0.136484877090708E-002  0.159857483431737E+000  0.942408698549153E+000  0.957686963970030E+000 -0.395590104947087E+001 -0.998905707598684E-001  0.274463158112367E-002  0.240069515307781E+001
      7.27000000 -0.318335913876455E-002  0.100724433123117E-004  0.772143522989706E-001  0.185514671202772E-002  0.137184557321144E-002  0.159635310950195E+000  0.942565859585031E+000  0.957528549753696E+000 -0.394220581308056E+001 -0.985547367125674E-001  0.311836319882649E-003  0.239050632666279E+001
      7.28000000 -0.316032601103570E-002 -0.664505338957634E-004  0.769980153014588E-001  0.187476562304404E-002  0.135568841266079E-002  0.159425023023843E+000  0.942038198184627E+000  0.958086417772876E+000 -0.392891563368624E+001 -0.977072481338737E-001 -0.205443956772484E-002  0.238053421090248E+001
      7.29000000 -0.316277082538632E-002 -0.130281701865039E-003  0.767819993622935E-001  0.190097546142766E-002  0.131819569836447E-002  0.159226087193498E+000  0.941308493383617E+000  0.959301478045307E+000 -0.391601240502054E+001 -0.976487012014645E-001 -0.402237142044066E-002  0.237059936597329E+001
      7.30000000 -0.318949973455722E-002 -0.172690471297234E-003  0.765620679553584E-001  0.191563777355896E-002  0.126684017914675E-002  0.159035710878588E+000  0.940936822511727E+000  0.960940629077694E+000 -0.390340843569016E+001 -0.983390448450848E-001 -0.532441367441439E-002  0.236057101761748E+001
      7.31000000 -0.322887910293173E-002 -0.189885631289580E-003  0.763360059318391E-001  0.190468430185256E-002  0.121264067183055E-002  0.158849847549379E+000  0.941354877072226E+000  0.962662861662927E+000 -0.389097790512084E+001 -0.994170066536353E-001 -0.584656794743579E-002  0.235038134526217E+001
      7.32000000 -0.326301086148617E-002 -0.184029834703374E-003  0.761038180875074E-001  0.186328407848261E-002  0.116677403608061E-002  0.158664056752014E+000  0.942707962510272E+000  0.964124170549662E+000 -0.387858356795033E+001 -0.100330670328003E+000 -0.565852749498100E-002  0.234003115753110E+001
      7.33000000 -0.327406086319995E-002 -0.162033392313674E-003  0.758678306679862E-001  0.179774319555407E-002  0.113740185608309E-002  0.158474424915753E+000  0.944798617517100E+000  0.965075014579570E+000 -0.386610510620566E+001 -0.100533094175385E+000 -0.497538652140593E-002  0.232959254091943E+001
      7.34000000 -0.325050733687488E-002 -0.132842901677469E-003  0.756324736154506E-001  0.172349386866496E-002  0.112802585399698E-002  0.158278757419315E+000  0.947150612508453E+000  0.965410102964539E+000 -0.385347556763487E+001 -0.996738804320111E-001 -0.407350795607546E-002  0.231920169704076E+001
      7.35000000 -0.319108524552289E-002 -0.104593368201515E-003  0.754033025285849E-001  0.165993271730637E-002  0.113787616545002E-002  0.158077865647565E+000  0.949168910144623E+000  0.965155524071999E+000 -0.384072041541343E+001 -0.977186238696234E-001 -0.320289782947058E-002  0.230902855655642E+001
      7.36000000 -0.310504840309658E-002 -0.829429195448396E-004  0.751850550418474E-001  0.162404031007918E-002  0.116380870979152E-002  0.157876294915398E+000  0.950335591688678E+000  0.964409829854198E+000 -0.382797916079726E+001 -0.949547808393304E-001 -0.253645860711869E-002  0.229921711261309E+001
      7.37000000 -0.300878527822972E-002 -0.711896499479314E-004  0.749791665347531E-001  0.162516763812822E-002  0.120246427120928E-002  0.157681692762289E+000  0.950368551159094E+000  0.963277607454529E+000 -0.381548529756135E+001 -0.918861347631307E-001 -0.217408062189950E-002  0.228980972836093E+001
      7.38000000 -0.292025526228277E-002 -0.717543288222683E-004  0.747818098368721E-001  0.166286862765832E-002  0.125139474863992E-002  0.157502449958730E+000  0.949286001495483E+000  0.961835090063335E+000 -0.380349372091588E+001 -0.890616483713266E-001 -0.218835623215139E-002  0.228068804062581E+001
      7.39000000 -0.285353754450601E-002 -0.878329891416401E-004  0.745836955699686E-001  0.172835598052598E-002  0.130852078405973E-002  0.157344130257022E+000  0.947360102633652E+000  0.960146867571994E+000 -0.379217184494964E+001 -0.869091351355204E-001 -0.267509678902401E-002  0.227156796646215E+001
      7.40000000 -0.281560669166187E-002 -0.123901827617864E-003  0.743723203887074E-001  0.180861338682686E-002  0.137031194949634E-002  0.157206069884430E+000  0.944990170762044E+000  0.958321315714257E+000 -0.378149676569906E+001 -0.856380055780227E-001 -0.376853252838487E-002  0.226206920418255E+001
      7.41000000 -0.280632248149849E-002 -0.184383623300185E-003  0.741362486811649E-001  0.189112206315414E-002  0.142993356017691E-002  0.157079826092282E+000  0.942558254434768E+000  0.956566590100550E+000 -0.377120942091631E+001 -0.852404321735670E-001 -0.560054656564045E-002  0.225184593679881E+001
      7.42000000 -0.282107259195227E-002 -0.270859179430138E-003  0.738698979758541E-001  0.196707594444399E-002  0.147680963491064E-002  0.156950596659521E+000  0.940331722942969E+000  0.955203210783380E+000 -0.376085923992820E+001 -0.855729752021264E-001 -0.821610401333327E-002  0.224073175773788E+001
      7.43000000 -0.285429856879295E-002 -0.379176972849880E-003  0.735767910703278E-001  0.203191361756388E-002  0.149845380091940E-002  0.156801493953592E+000  0.938447924360834E+000  0.954607843119548E+000 -0.374993490507587E+001 -0.864643062994693E-001 -0.114862804755783E-001  0.222883697914167E+001
      7.44000000 -0.290188260550594E-002 -0.498150466212318E-003  0.732696858524648E-001  0.208349931745620E-002  0.148427606704342E-002  0.156619217301151E+000  0.936970087753507E+000  0.955097758145877E+000 -0.373803636022241E+001 -0.877876006208536E-001 -0.150700218175485E-001  0.221655069954497E+001
      7.45000000 -0.296120521470123E-002 -0.611003725297412E-003  0.729672517155687E-001  0.211954989163411E-002  0.142994028980526E-002  0.156398909648731E+000  0.935965555473096E+000  0.956799586305691E+000 -0.372502079026261E+001 -0.894619804902894E-001 -0.184592418926854E-001  0.220443852286910E+001
      7.46000000 -0.302915454319374E-002 -0.699530305195868E-003  0.726884462578647E-001  0.213624739682171E-002  0.134031107339982E-002  0.156146223647666E+000  0.935547614718982E+000  0.959561684743207E+000 -0.371106323251163E+001 -0.913921468010407E-001 -0.211054191632073E-001  0.219307171569207E+001
      7.47000000 -0.309967107099114E-002 -0.749615483449120E-003  0.724467377787497E-001  0.212919900930210E-002  0.122940974872348E-002  0.155875771346766E+000  0.935846267474254E+000  0.962957326281115E+000 -0.369660773771561E+001 -0.933944962107307E-001 -0.225862547428646E-001  0.218285309053574E+001
      7.48000000 -0.316280970584979E-002 -0.755975855227789E-003  0.722463413682489E-001  0.209641918975243E-002  0.111697904986293E-002  0.155606641626842E+000  0.936918384921531E+000  0.966389907696615E+000 -0.368223069066495E+001 -0.951694896736871E-001 -0.227474438991982E-001  0.217390487517802E+001
      7.49000000 -0.320653458869613E-002 -0.724109784344142E-003  0.720817027084810E-001  0.204163263363288E-002  0.102272091269767E-002  0.155356819051331E+000  0.938648941977588E+000  0.969267237885006E+000 -0.366847221325788E+001 -0.963563602781549E-001 -0.217594980909197E-001  0.216605507394994E+001
      7.50000000 -0.322090790089902E-002 -0.668512720554445E-003  0.719400581441884E-001  0.197572036434113E-002  0.960348722514227E-003  0.155138609253236E+000  0.940708766111163E+000  0.971180000090536E+000 -0.365569912242615E+001 -0.966592272536972E-001 -0.200620213201449E-001  0.215891625676797E+001
      7.51000000 -0.320282400182918E-002 -0.607743707289676E-003  0.718057091379830E-001  0.191488025823689E-002  0.933771954991999E-003  0.154956510532911E+000  0.942611092105284E+000  0.972014880570629E+000 -0.364404229580795E+001 -0.959885459434404E-001 -0.182140619452380E-001  0.215201509875540E+001
      7.52000000 -0.315882061007326E-002 -0.558254719696547E-003  0.716642030112425E-001  0.187571193340820E-002  0.936900115296546E-003  0.154807771135921E+000  0.943859719742169E+000  0.971958468616889E+000 -0.363341491988544E+001 -0.945438748750188E-001 -0.167086298598498E-001  0.214491808142144E+001
      7.53000000 -0.310417068584708E-002 -0.529418364755243E-003  0.715050252674885E-001  0.186912737945459E-002  0.957064929554443E-003  0.154684761148035E+000  0.944131089984953E+000  0.971392974595751E+000 -0.362358483229770E+001 -0.927848121135233E-001 -0.158245111092721E-001  0.213731170288601E+001
      7.54000000 -0.305814696699116E-002 -0.521673988876778E-003  0.713223621914330E-001  0.189582866112577E-002  0.980562953999928E-003  0.154577777291707E+000  0.943408133981655E+000  0.970729481807515E+000 -0.361425921090955E+001 -0.912879138126355E-001 -0.155723484348209E-001  0.212902444615047E+001
      7.55000000 -0.303723015004839E-002 -0.528380134641915E-003  0.711144382733459E-001  0.194559076416438E-002  0.997966114539830E-003  0.154477135835517E+000  0.941999622548251E+000  0.970249441766740E+000 -0.360514736765478E+001 -0.905434474481061E-001 -0.157516409985628E-001  0.212000608663182E+001
      7.56000000 -0.304914580214714E-002 -0.540390299244106E-003  0.708824023440736E-001  0.200093161205046E-002  0.100700055070364E-002  0.154374142855029E+000  0.940428748294092E+000  0.970019823309962E+000 -0.359598962079312E+001 -0.907784308937889E-001 -0.160883692085374E-001  0.211029372824551E+001
      7.57000000 -0.309037242656744E-002 -0.551232648809384E-003  0.706295730635248E-001  0.204373007872634E-002  0.101188113134252E-002  0.154261290092498E+000  0.939234939765732E+000  0.969914315723010E+000 -0.358656291349799E+001 -0.918842799259094E-001 -0.163894858018002E-001  0.209998879313867E+001
      7.58000000 -0.314824437502138E-002 -0.560551468400588E-003  0.703612603915225E-001  0.206195568792187E-002  0.101954041867950E-002  0.154132389511997E+000  0.938773928011184E+000  0.969726577813857E+000 -0.357668456764008E+001 -0.934814641616814E-001 -0.166445694050392E-001  0.208925129632485E+001
      7.59000000 -0.320669557343557E-002 -0.574246656920629E-003  0.700847654039336E-001  0.205359207616145E-002  0.103454879323606E-002  0.153983181342626E+000  0.939102610010489E+000  0.969321404159956E+000 -0.356623004875204E+001 -0.950916168697723E-001 -0.170287580589200E-001  0.207829945424429E+001
      7.60000000 -0.325304798247564E-002 -0.601198845274282E-003  0.698089014735298E-001  0.202611823857986E-002  0.105511731538089E-002  0.153812400797491E+000  0.939996377627957E+000  0.968752632622914E+000 -0.355516417445557E+001 -0.963392259058983E-001 -0.178045425955158E-001  0.206739512160004E+001
      7.61000000 -0.328282089265071E-002 -0.647989286000787E-003  0.695426151763816E-001  0.199194304273717E-002  0.107215415821337E-002  0.153622735494874E+000  0.941085996683430E+000  0.968289809358173E+000 -0.354356884422211E+001 -0.970931983534881E-001 -0.191650273755290E-001  0.205680271636407E+001
      7.62000000 -0.330050878777804E-002 -0.713983984626327E-003  0.692928639252547E-001  0.196200375314530E-002  0.107206903797067E-002  0.153420896198464E+000  0.942047638465691E+000  0.968333938006685E+000 -0.353164436059703E+001 -0.974882327364804E-001 -0.210891839225280E-001  0.204672651390522E+001
      7.63000000 -0.331616252356844E-002 -0.789138445748002E-003  0.690624889454579E-001  0.194049620648311E-002  0.104239480512177E-002  0.153216299190147E+000  0.942758034759265E+000  0.969250789049444E+000 -0.351966978510695E+001 -0.978222267441385E-001 -0.232784971857803E-001  0.203724829682574E+001
      7.64000000 -0.333950980868052E-002 -0.855862077343784E-003  0.688490684866975E-001  0.192308408636327E-002  0.977979797972362E-003  0.153018491877070E+000  0.943345920062285E+000  0.971188703580520E+000 -0.350792658117527E+001 -0.983819984759783E-001 -0.252137069248953E-001  0.202829437222318E+001
      7.65000000 -0.337439189609145E-002 -0.894630688594574E-003  0.686454850987616E-001  0.189927401841272E-002  0.885056735505631E-003  0.152834125926938E+000  0.944120505645240E+000  0.973960301475265E+000 -0.349660954351723E+001 -0.992796779613580E-001 -0.263213786048075E-001  0.201965327797289E+001
      7.66000000 -0.341603699460113E-002 -0.891395595592343E-003  0.684422807531273E-001  0.185774615453032E-002  0.781150111930956E-003  0.152664651263333E+000  0.945413672452558E+000  0.977047393816641E+000 -0.348575960631348E+001 -0.100373731818393E+000 -0.261919594540367E-001  0.201104588276149E+001
      7.67000000 -0.345231981694744E-002 -0.843887607864039E-003  0.682310929994982E-001  0.179216834281536E-002  0.690347872366378E-003  0.152505766904399E+000  0.947409207762651E+000  0.979741891060255E+000 -0.347524873119197E+001 -0.101307578028495E+000 -0.247636992555803E-001  0.200222666048597E+001
      7.68000000 -0.346835248944678E-002 -0.764099007132493E-003  0.680079148170057E-001  0.170492629692941E-002  0.635353266372747E-003  0.152349047775732E+000  0.950034450853944E+000  0.981379972311279E+000 -0.346482868362274E+001 -0.101645529826955E+000 -0.223931243022593E-001  0.199307900654110E+001
      7.69000000 -0.345234835300885E-002 -0.675557760261079E-003  0.677748576395263E-001  0.160723842996476E-002  0.629187447113602E-003  0.152185309739013E+000  0.952958599406124E+000  0.981584649672073E+000 -0.345423030364759E+001 -0.101044934488692E+000 -0.197725381824275E-001  0.198366600062181E+001
      7.70000000 -0.340028872227913E-002 -0.606018405216166E-003  0.675395784266763E-001  0.151574969859433E-002  0.669790226409900E-003  0.152008525749776E+000  0.955693949223784E+000  0.980421728067470E+000 -0.344327811282630E+001 -0.993919806962882E-001 -0.177141926913981E-001  0.197421249296741E+001
      7.71000000 -0.331760148155737E-002 -0.578090024726077E-003  0.673123934375193E-001  0.144715086816897E-002  0.739825804823041E-003  0.151818778335859E+000  0.957753989082074E+000  0.978402604928495E+000 -0.343197589705207E+001 -0.968492169641808E-001 -0.168759166948655E-001  0.196501979898693E+001
      7.72000000 -0.321743129876374E-002 -0.601295428216003E-003  0.671020218467834E-001  0.141303139609618E-002  0.812047044217286E-003  0.151622984952398E+000  0.958803455778771E+000  0.976324990329840E+000 -0.342052669303968E+001 -0.938033303042521E-001 -0.175306038966721E-001  0.195634111031229E+001
      7.73000000 -0.311647732371122E-002 -0.668637322793198E-003  0.669115227365663E-001  0.141684259337195E-002  0.858371000217771E-003  0.151432901564614E+000  0.958745779473153E+000  0.975006802659314E+000 -0.340927336980962E+001 -0.907425026469047E-001 -0.194687198818210E-001  0.194826350342278E+001
      7.74000000 -0.303019077530389E-002 -0.759042794201383E-003  0.667360473130747E-001  0.145378417082780E-002  0.859293784445039E-003  0.151260931636811E+000  0.957724840905326E+000  0.975012259608114E+000 -0.339857585332880E+001 -0.881161039470137E-001 -0.220725025959374E-001  0.194064364857093E+001
      7.75000000 -0.296908856191222E-002 -0.844743905887678E-003  0.665634620056116E-001  0.151318734540891E-002  0.810102957843500E-003  0.151115164983632E+000  0.956054210240072E+000  0.976473095431772E+000 -0.338866693543020E+001 -0.862278832269385E-001 -0.245329424685932E-001  0.193312739223382E+001
      7.76000000 -0.293719454669540E-002 -0.900706443496688E-003  0.663778803053694E-001  0.158211172726303E-002  0.721639670231353E-003  0.150995488159911E+000  0.954111727994714E+000  0.979069242135846E+000 -0.337954027699394E+001 -0.851916966220632E-001 -0.261244901759192E-001  0.192525355453654E+001
      7.77000000 -0.293260980723368E-002 -0.912484640723153E-003  0.661650312713502E-001  0.164870653726811E-002  0.615580848007815E-003  0.150892348790227E+000  0.952241726681360E+000  0.982168398241696E+000 -0.337091615294746E+001 -0.849492481195975E-001 -0.264320483273676E-001  0.191661012810048E+001
      7.78000000 -0.294943033270480E-002 -0.879672765185178E-003  0.659176125786192E-001  0.170435123886963E-002  0.516389714095813E-003  0.150788871618199E+000  0.950693317925199E+000  0.985060905945357E+000 -0.336230442630335E+001 -0.853266746899556E-001 -0.254488302491062E-001  0.190698882508486E+001
      7.79000000 -0.297997688399059E-002 -0.814071853045532E-003  0.656386500496026E-001  0.174434482273218E-002  0.443270575224540E-003  0.150665812966975E+000  0.949601088312083E+000  0.987192695914560E+000 -0.335314904665306E+001 -0.860997148333524E-001 -0.235207711769956E-001  0.189648083569995E+001
      7.80000000 -0.301657004206055E-002 -0.733897035267999E-003  0.653415038083405E-001  0.176754047171890E-002  0.405170623974196E-003  0.150507750322611E+000  0.948996375522573E+000  0.988308516446943E+000 -0.334300707747393E+001 -0.870452519174795E-001 -0.211771155403896E-001  0.188547508606126E+001
      7.81000000 -0.305260954853860E-002 -0.656824628815371E-003  0.650463261379089E-001  0.177555163700745E-002  0.400297677564087E-003  0.150308362574579E+000  0.948830809235760E+000  0.988463918593614E+000 -0.333170014193563E+001 -0.879724121012753E-001 -0.189288692201319E-001  0.187455425192441E+001
      7.82000000 -0.308315665972584E-002 -0.594800573834747E-003  0.647740643177523E-001  0.177197699938715E-002  0.419554276748404E-003  0.150072898039965E+000  0.948999127860872E+000  0.987924429024039E+000 -0.331938376577791E+001 -0.887391194366310E-001 -0.171194931000333E-001  0.186432091011559E+001
      7.83000000 -0.310534411487680E-002 -0.552346681235066E-003  0.645400231512665E-001  0.176172191190927E-002  0.451705190162636E-003  0.149816887168728E+000  0.949359047057478E+000  0.987015668520505E+000 -0.330650824163526E+001 -0.892635688576895E-001 -0.158772857982275E-001  0.185521236536728E+001
      7.84000000 -0.311875010545244E-002 -0.528268446328967E-003  0.643491956572003E-001  0.175022128777170E-002  0.487690171573851E-003  0.149561486002241E+000  0.949753805558295E+000  0.985999156015634E+000 -0.329368306691464E+001 -0.895345778893822E-001 -0.151657846108456E-001  0.184736765559255E+001
      7.85000000 -0.312556792254071E-002 -0.519113703874631E-003  0.641949535415955E-001  0.174237636014987E-002  0.522348818917496E-003  0.149327035476282E+000  0.950042742504930E+000  0.985023261882030E+000 -0.328149126266978E+001 -0.896160009375161E-001 -0.148839811919014E-001  0.184059190500362E+001
      7.86000000 -0.313023704409915E-002 -0.522177362113673E-003  0.640614929938382E-001  0.174128217831836E-002  0.553403862693230E-003  0.149127038733015E+000  0.950137633725423E+000  0.984153041682179E+000 -0.327031707975654E+001 -0.896356879789895E-001 -0.149527740042394E-001  0.183442848466975E+001
      7.87000000 -0.313832343671905E-002 -0.536467349775588E-003  0.639291089452291E-001  0.174714383584724E-002  0.579003282609362E-003  0.148964569164336E+000  0.950033353430832E+000  0.983441058606087E+000 -0.326024453513486E+001 -0.897530556814373E-001 -0.153424543029317E-001  0.182831151426012E+001
      7.88000000 -0.315479857795557E-002 -0.561415880038651E-003  0.637804148011565E-001  0.175691356294760E-002  0.595731422208952E-003  0.148832213178402E+000  0.949817712582771E+000  0.982984270778462E+000 -0.325105768216072E+001 -0.901097312475764E-001 -0.160355828805996E-001  0.182174420793469E+001
      7.89000000 -0.318225436838007E-002 -0.594470804051832E-003  0.636053746923452E-001  0.176499645311417E-002  0.598528227210071E-003  0.148715379724026E+000  0.949650737993293E+000  0.982926053773628E+000 -0.324233692081391E+001 -0.907787427463974E-001 -0.169582019361753E-001  0.181444198925678E+001
      7.90000000 -0.321975739595889E-002 -0.629336072117609E-003  0.634035347184245E-001  0.176493509526520E-002  0.582733102368922E-003  0.148597651153711E+000  0.949716219348566E+000  0.983397676449147E+000 -0.323361273509535E+001 -0.917323107708396E-001 -0.179300627492150E-001  0.180639471721070E+001
      7.91000000 -0.326286192127971E-002 -0.656265703634043E-003  0.631829050155055E-001  0.175151990735344E-002  0.547181774382425E-003  0.148466220371230E+000  0.950161510674647E+000  0.984430258024990E+000 -0.322452071945188E+001 -0.928428551403181E-001 -0.186736623020068E-001  0.179783314134186E+001
      7.92000000 -0.330483679177513E-002 -0.664694999538695E-003  0.629561447165274E-001  0.172253908655687E-002  0.496601746928050E-003  0.148315556742714E+000  0.951048029407634E+000  0.985887325111251E+000 -0.321490509488069E+001 -0.939184920133903E-001 -0.188896323597220E-001  0.178911896329292E+001
      7.93000000 -0.333864977593223E-002 -0.647221400985207E-003  0.627355996422530E-001  0.167951542943586E-002  0.441796816620613E-003  0.148148193603435E+000  0.952330885322810E+000  0.987460631354498E+000 -0.320483974504046E+001 -0.947597600156282E-001 -0.183698646909474E-001  0.178060316760134E+001
      7.94000000 -0.335895567711093E-002 -0.603165695159666E-003  0.625290330094864E-001  0.162721220841921E-002  0.397127421813894E-003  0.147972628731819E+000  0.953873556854686E+000  0.988742663465179E+000 -0.319456725493209E+001 -0.952160248468173E-001 -0.170978855745032E-001  0.177250506794410E+001
      7.95000000 -0.336339476675685E-002 -0.540014513156182E-003  0.623375009502847E-001  0.157219986668119E-002  0.376062807538737E-003  0.147799362438338E+000  0.955489046063937E+000  0.989353189337970E+000 -0.318438568320163E+001 -0.952219324683773E-001 -0.152884894785290E-001  0.176485298853548E+001
      7.96000000 -0.335287124381879E-002 -0.471904999878571E-003  0.621559325046122E-001  0.152110178299877E-002  0.386500417533151E-003  0.147636695176549E+000  0.956989797908701E+000  0.989071434106336E+000 -0.317452938824146E+001 -0.948047470554221E-001 -0.133434393671262E-001  0.175750186350196E+001
      7.97000000 -0.333093468544059E-002 -0.415544634041116E-003  0.619759285819802E-001  0.147913856275548E-002  0.427716659490624E-003  0.147487869371338E+000  0.958228813270368E+000  0.987921190819558E+000 -0.316508871243870E+001 -0.940663019903610E-001 -0.117350686001263E-001  0.175021336791972E+001
      7.98000000 -0.330268903922572E-002 -0.385013583248846E-003  0.617894921864141E-001  0.144931380208029E-002  0.490190689176884E-003  0.147350509005712E+000  0.959122360222424E+000  0.986174258200168E+000 -0.315599507817580E+001 -0.931517609568295E-001 -0.108592401058554E-001  0.174276171248084E+001
      7.99000000 -0.327367467352681E-002 -0.387343155720813E-003  0.615921392720350E-001  0.143222682095767E-002  0.558427183806734E-003  0.147218347570306E+000  0.959654853334606E+000  0.984269372488388E+000 -0.314707065783718E+001 -0.922178546760569E-001 -0.109112720127273E-001  0.173502119636613E+001
      8.00000000 -0.324896120658553E-002 -0.420455500740015E-003  0.613842009984998E-001  0.142627701626701E-002  0.615769402717790E-003  0.147084326287610E+000  0.959872678425275E+000  0.982675751935340E+000 -0.313811622302677E+001 -0.914072859855004E-001 -0.118292259453322E-001  0.172700221975199E+001
      8.01000000 -0.323243906069214E-002 -0.474149031759859E-003  0.611699515880983E-001  0.142804256992701E-002  0.649481179619035E-003  0.146943651952088E+000  0.959873164333572E+000  0.981750106676201E+000 -0.312899720097814E+001 -0.908289106512887E-001 -0.133232024587309E-001  0.171882592773439E+001
      8.02000000 -0.322619796420676E-002 -0.533693902444288E-003  0.609551313995331E-001  0.143280151834794E-002  0.654330079708263E-003  0.146795518884024E+000  0.959789641947787E+000  0.981636781890251E+000 -0.311969159663716E+001 -0.905405065718047E-001 -0.149776662243571E-001  0.171065400706791E+001
      8.03000000 -0.322999715900143E-002 -0.584686332526243E-003  0.607440851411943E-001  0.143532523947815E-002  0.633504582598075E-003  0.146642859119214E+000  0.959768979224654E+000  0.982243372217821E+000 -0.311028228969633E+001 -0.905342421591772E-001 -0.163882911997536E-001  0.170260822012944E+001
      8.04000000 -0.324105726604219E-002 -0.617421575376720E-003  0.605378261022005E-001  0.143103948628095E-002  0.596696145059333E-003  0.146490390808900E+000  0.959938994638158E+000  0.983295885476413E+000 -0.310090174863387E+001 -0.907312577728982E-001 -0.172843092582755E-001  0.169471646263042E+001
      8.05000000 -0.325452524582734E-002 -0.629301031733022E-003  0.603338428162285E-001  0.141738829915572E-002  0.556195467617729E-003  0.146341979951436E+000  0.960370441102644E+000  0.984449017213188E+000 -0.309165795787622E+001 -0.909951069789925E-001 -0.175949824872167E-001  0.168690794104465E+001
      8.06000000 -0.326481100814334E-002 -0.624574574134029E-003  0.601276243837524E-001  0.139490700538204E-002  0.522521156863549E-003  0.146198583056756E+000  0.961047396602457E+000  0.985408662146222E+000 -0.308257711884731E+001 -0.911694384481988E-001 -0.174411667477208E-001  0.167905637925681E+001
      8.07000000 -0.326757067453512E-002 -0.611731255691863E-003  0.599150921685930E-001  0.136736557568812E-002  0.501181772340052E-003  0.146057698026563E+000  0.961863802957733E+000  0.986021904336494E+000 -0.307358884157798E+001 -0.911334330110621E-001 -0.170613507600103E-001  0.167104818299758E+001
      8.08000000 -0.326162560646616E-002 -0.599705238073525E-003  0.596947547368446E-001  0.134057110127306E-002  0.491650795681780E-003  0.145914498984884E+000  0.962657381502879E+000  0.986304696498742E+000 -0.306455835398559E+001 -0.908550397565952E-001 -0.167052414413812E-001  0.166284238881495E+001
      8.09000000 -0.324986870266426E-002 -0.594433446044931E-003  0.594686055296789E-001  0.131999819660787E-002  0.488721020526699E-003  0.145764042189930E+000  0.963275905880929E+000  0.986403135396765E+000 -0.305534827116844E+001 -0.904156417925166E-001 -0.165379239730603E-001  0.165449518962532E+001
      8.10000000 -0.323844868807628E-002 -0.597050871651209E-003  0.592414295631290E-001  0.130809196099933E-002  0.485469442052569E-003  0.145603482918904E+000  0.963652082529485E+000  0.986510273176281E+000 -0.304588021205536E+001 -0.899866898935520E-001 -0.165902371205601E-001  0.164614007026762E+001
      8.11000000 -0.323422535220467E-002 -0.604255699532694E-003  0.590189341610231E-001  0.130248280037822E-002  0.476486617808120E-003  0.145433328626213E+000  0.963852570586580E+000  0.986776204354747E+000 -0.303616921417171E+001 -0.897585231773985E-001 -0.167697341110164E-001  0.163793545375137E+001
      8.12000000 -0.324136276275633E-002 -0.610449620468303E-003  0.588055977002864E-001  0.129617627288432E-002  0.460035052272690E-003  0.145257284394818E+000  0.964071894817612E+000  0.987248503084493E+000 -0.302631887453996E+001 -0.898458216762753E-001 -0.169207681328164E-001  0.163000491807152E+001
      8.13000000 -0.325853026392967E-002 -0.610561587981135E-003  0.586031342602596E-001  0.128001582102729E-002  0.438371006909485E-003  0.145080916226039E+000  0.964563479875188E+000  0.987863944528424E+000 -0.301648379896123E+001 -0.902105828523115E-001 -0.169030551376827E-001  0.162239490518489E+001
      8.14000000 -0.327814688725130E-002 -0.602287960400824E-003  0.584100608365138E-001  0.124666471025204E-002  0.416315694137038E-003  0.144909817533108E+000  0.965529186197434E+000  0.988488692542855E+000 -0.300681859145406E+001 -0.906421670868144E-001 -0.166535203633916E-001  0.161506322809519E+001
      8.15000000 -0.328835711101568E-002 -0.586872501687638E-003  0.582222995979878E-001  0.119451397845772E-002  0.398898356372525E-003  0.144748017015044E+000  0.967011702457598E+000  0.988983822787757E+000 -0.299743388531133E+001 -0.908129203677612E-001 -0.162073655514035E-001  0.160789624682426E+001
      8.16000000 -0.327725046872153E-002 -0.568284633005612E-003  0.580343635256438E-001  0.112974287534353E-002  0.389191638524721E-003  0.144597063019392E+000  0.968838688487150E+000  0.989265060084953E+000 -0.298837135681898E+001 -0.903952793067283E-001 -0.156748007564718E-001  0.160074200930247E+001
      8.17000000 -0.323776583305457E-002 -0.551363694373867E-003  0.578406276025844E-001  0.106539319857377E-002  0.387224448732947E-003  0.144455806027318E+000  0.970649592259627E+000  0.989332393455705E+000 -0.297959815497395E+001 -0.891968781997241E-001 -0.151894617543785E-001  0.159344550572270E+001
      8.18000000 -0.317127512813432E-002 -0.539854232690248E-003  0.576364152038630E-001  0.101753156309672E-002  0.390259358147775E-003  0.144320647891676E+000  0.972002396329536E+000  0.989261928342686E+000 -0.297101421486977E+001 -0.872583292623281E-001 -0.148542073728748E-001  0.158587857948411E+001
      8.19000000 -0.308826812632665E-002 -0.535142018401813E-003  0.574188975352300E-001  0.999830085672038E-003  0.394090861950854E-003  0.144186054101437E+000  0.972523046762661E+000  0.989169743599176E+000 -0.296246674589578E+001 -0.848706196257387E-001 -0.147065710721021E-001  0.157796448128945E+001
      8.20000000 -0.300569827833999E-002 -0.536042620748491E-003  0.571878830992897E-001  0.101861983969638E-002  0.394663270887143E-003  0.144045332692157E+000  0.972040812033479E+000  0.989167239686295E+000 -0.295377193285429E+001 -0.825007327167371E-001 -0.147133560603345E-001  0.156969922503872E+001
      8.21000000 -0.294189841044932E-002 -0.539479444237144E-003  0.569464043578866E-001  0.107032588314666E-002  0.389344871428745E-003  0.143891830062719E+000  0.970657362642465E+000  0.989326236476910E+000 -0.294474790783316E+001 -0.806511919031071E-001 -0.147896542009777E-001  0.156116722785081E+001
      8.22000000 -0.291093549808594E-002 -0.541583427372001E-003  0.567007493502859E-001  0.114224501426666E-002  0.377523267135947E-003  0.143720581556592E+000  0.968723818188343E+000  0.989662912778258E+000 -0.293525993346264E+001 -0.797052705356680E-001 -0.148292717666550E-001  0.155254163807865E+001
      8.23000000 -0.291843667987508E-002 -0.538754339269219E-003  0.564595085390870E-001  0.121631175004429E-002  0.360563361253975E-003  0.143530087753510E+000  0.966736239695971E+000  0.990139293464253E+000 -0.292526869470364E+001 -0.798135660354480E-001 -0.147338831541785E-001  0.154405772932728E+001
      8.24000000 -0.296025372013943E-002 -0.528446493590199E-003  0.562314960857527E-001  0.127439740522175E-002  0.341376449998267E-003  0.143323500259840E+000  0.965190006487808E+000  0.990675348238341E+000 -0.291486210953291E+001 -0.808589317353212E-001 -0.144344448113613E-001  0.153595574340118E+001
      8.25000000 -0.302418319872638E-002 -0.509673874681472E-003  0.560229969396368E-001  0.130325104530220E-002  0.323821939405713E-003  0.143108419684653E+000  0.964445022439079E+000  0.991165568728445E+000 -0.290424904626632E+001 -0.825050293712964E-001 -0.139047984983472E-001  0.152840575594739E+001
      8.26000000 -0.309385353805646E-002 -0.483306870780876E-003  0.558353692194063E-001  0.129753410217779E-002  0.312009188217212E-003  0.142894927312572E+000  0.964643846632293E+000  0.991498146605761E+000 -0.289370495700338E+001 -0.843035724495799E-001 -0.131694972936084E-001  0.152144276913453E+001
      8.27000000 -0.315327736789966E-002 -0.452140629678409E-003  0.556641945732543E-001  0.126027989182326E-002  0.309466755705207E-003  0.142692284117832E+000  0.965700501280936E+000  0.991577621241304E+000 -0.288348163616202E+001 -0.858188992325010E-001 -0.123053593484345E-001  0.151494440469166E+001
      8.28000000 -0.319061806177523E-002 -0.420585382085009E-003  0.555006891503931E-001  0.120108027706365E-002  0.318213130112181E-003  0.142505537721795E+000  0.967351143564845E+000  0.991350041292649E+000 -0.287371513057231E+001 -0.867302819200251E-001 -0.114327343647577E-001  0.150867020858367E+001
      8.29000000 -0.320028116048223E-002 -0.393831182905368E-003  0.553350922354663E-001  0.113295492834422E-002  0.337955448453459E-003  0.142333591964768E+000  0.969240138342931E+000  0.990824469199429E+000 -0.286437402623649E+001 -0.868880158401591E-001 -0.106925636663355E-001  0.150235436499816E+001
      8.30000000 -0.318316803624334E-002 -0.376543547810606E-003  0.551607063037708E-001  0.106900898948421E-002  0.365792574893463E-003  0.142169829011990E+000  0.971011246562002E+000  0.990080653327197E+000 -0.285527732703113E+001 -0.863192679033484E-001 -0.102108851969687E-001  0.149581540495499E+001
      8.31000000 -0.314548428651146E-002 -0.371456086340113E-003  0.549767490923059E-001  0.101971766849096E-002  0.396735265262392E-003  0.142005253146184E+000  0.972381175140559E+000  0.989254514121481E+000 -0.284618050363790E+001 -0.851947380061049E-001 -0.100608049743642E-001  0.148903294651041E+001
      8.32000000 -0.309671852111223E-002 -0.378430987497941E-003  0.547885563921984E-001  0.991243683580844E-003  0.425040608421338E-003  0.141832865904881E+000  0.973184655416009E+000  0.988501706930597E+000 -0.283689423254135E+001 -0.837731181532207E-001 -0.102373992380550E-001  0.148215221267174E+001
      8.33000000 -0.304735249893842E-002 -0.394474880334355E-003  0.546048519157452E-001  0.984840712883409E-003  0.445935359017206E-003  0.141651245794062E+000  0.973389853352693E+000  0.987950939534247E+000 -0.282738078761778E+001 -0.823386927672532E-001 -0.106586113643119E-001  0.147540926986890E+001
      8.34000000 -0.300670809788017E-002 -0.414807409214191E-003  0.544332361099055E-001  0.997225964093143E-003  0.457026035963103E-003  0.141465539040562E+000  0.973087514906893E+000  0.987666078879922E+000 -0.281777986905866E+001 -0.811430806829306E-001 -0.111945523070481E-001  0.146900873836510E+001
      8.35000000 -0.298123295288472E-002 -0.434566382532425E-003  0.542760078756018E-001  0.102175821744226E-002  0.458764707155763E-003  0.141285233258736E+000  0.972458477832660E+000  0.987633984110886E+000 -0.280834753005864E+001 -0.803592200740194E-001 -0.117137493522278E-001  0.146301135488064E+001
      8.36000000 -0.297350042375350E-002 -0.450387305445134E-003  0.541283876706964E-001  0.105020368882918E-002  0.453767682414705E-003  0.141119644897014E+000  0.971725590900271E+000  0.987783309823323E+000 -0.279933399041384E+001 -0.800549153785158E-001 -0.121256810111546E-001  0.145728699412229E+001
      8.37000000 -0.298215572212710E-002 -0.461139040442635E-003  0.539801224633130E-001  0.107473801390211E-002  0.445358193932993E-003  0.140973223996193E+000  0.971099628340896E+000  0.988024041990141E+000 -0.279085741340792E+001 -0.801920166589058E-001 -0.124003147585033E-001  0.145155896712871E+001
      8.38000000 -0.300286434912867E-002 -0.467538395097516E-003  0.538198307259143E-001  0.108967543819309E-002  0.436102041940859E-003  0.140842950299841E+000  0.970732918383436E+000  0.988286939755385E+000 -0.278283475708903E+001 -0.806525254300944E-001 -0.125573945127057E-001  0.144552159591382E+001
      8.39000000 -0.302999744192716E-002 -0.470973559539473E-003  0.536400921278225E-001  0.109238601141912E-002  0.427085550323609E-003  0.140719143830846E+000  0.970695086432142E+000  0.988542781574020E+000 -0.277500471829433E+001 -0.812842824956666E-001 -0.126345809180774E-001  0.143897692495686E+001
      8.40000000 -0.305845400874476E-002 -0.472294154085423E-003  0.534408860871080E-001  0.108308158818960E-002  0.418239807528515E-003  0.140589393495191E+000  0.970979281366961E+000  0.988793439102118E+000 -0.276703405902540E+001 -0.819499973111300E-001 -0.126549245294186E-001  0.143192621455842E+001
      8.41000000 -0.308488519069687E-002 -0.471316432677835E-003  0.532297442022353E-001  0.106359985293682E-002  0.409388808820460E-003  0.140443816887647E+000  0.971535173022175E+000  0.989043641198750E+000 -0.275865880083913E+001 -0.825599241643151E-001 -0.126137105706963E-001  0.142457283592771E+001
      8.42000000 -0.310780063550063E-002 -0.467335572385019E-003  0.530185276318069E-001  0.103579706927702E-002  0.401256310291916E-003  0.140279236050599E+000  0.972312173691244E+000  0.989274042808009E+000 -0.274979543551423E+001 -0.830744233115513E-001 -0.124923177907148E-001  0.141723492733966E+001
      8.43000000 -0.312656399788489E-002 -0.460288747048247E-003  0.528183085353210E-001  0.100040033007032E-002  0.395679257996512E-003  0.140100381672503E+000  0.973290083691442E+000  0.989435669353111E+000 -0.274057200581553E+001 -0.834768444258585E-001 -0.122893541134335E-001  0.141020805184949E+001
      8.44000000 -0.313988104270190E-002 -0.451755169432118E-003  0.526346692552379E-001  0.956982495092944E-003  0.394757973363491E-003  0.139917637989778E+000  0.974479579691993E+000  0.989472754776779E+000 -0.273126671418990E+001 -0.837330717518646E-001 -0.120472232870914E-001  0.140363997152962E+001
      8.45000000 -0.314471992312061E-002 -0.445000602591688E-003  0.524654656212217E-001  0.905146147930553E-003  0.399359143862997E-003  0.139742412222360E+000  0.975890496097268E+000  0.989362656119600E+000 -0.272218369437365E+001 -0.837628679443856E-001 -0.118530513436220E-001  0.139747194532674E+001
      8.46000000 -0.313645246815244E-002 -0.443793366929448E-003  0.523019160212473E-001  0.846311699663186E-003  0.407875633067690E-003  0.139582207904223E+000  0.977484258331364E+000  0.989148652451882E+000 -0.271352178631129E+001 -0.834439055456545E-001 -0.118069226834682E-001  0.139146892377570E+001
      8.47000000 -0.311039539952706E-002 -0.450462648947038E-003  0.521323884222747E-001  0.785076135650267E-003  0.416128602728912E-003  0.139437478730558E+000  0.979138062437729E+000  0.988942156647247E+000 -0.270529155456738E+001 -0.826529704219841E-001 -0.119702067477624E-001  0.138532122280943E+001
      8.48000000 -0.306415531064733E-002 -0.464215012394932E-003  0.519471709773535E-001  0.729210169618547E-003  0.418740816370471E-003  0.139301425314846E+000  0.980645447250302E+000  0.988885863696699E+000 -0.269731100400681E+001 -0.813282069615328E-001 -0.123211034608849E-001  0.137877158433585E+001
      8.49000000 -0.299965532816747E-002 -0.480735193916972E-003  0.517422761492728E-001  0.687984650917501E-003  0.411493249137248E-003  0.139162578999309E+000  0.981761154922903E+000  0.989091091478165E+000 -0.268927521204537E+001 -0.795224846109169E-001 -0.127445499158543E-001  0.137171571686140E+001
      8.50000000 -0.292375111772081E-002 -0.493518977509021E-003  0.515209413811234E-001  0.669361792175710E-003  0.393545976988233E-003  0.139008930709431E+000  0.982275733616053E+000  0.989579157621475E+000 -0.268086638114363E+001 -0.774190344543060E-001 -0.130680626309292E-001  0.136424113247123E+001
      8.51000000 -0.284694778136504E-002 -0.496493379096170E-003  0.512925566930923E-001  0.677212651051931E-003  0.368330493913690E-003  0.138831948793109E+000  0.982088919820884E+000  0.990258308082913E+000 -0.267186017921219E+001 -0.752967474818708E-001 -0.131313741814752E-001  0.135659765672538E+001
      8.52000000 -0.278061378486606E-002 -0.486739451631218E-003  0.510697324969065E-001  0.709788286498588E-003  0.342491680978268E-003  0.138629147086463E+000  0.981249385343696E+000  0.990952330920121E+000 -0.266219303219731E+001 -0.734560129827321E-001 -0.128582903792059E-001  0.134911901600104E+001
      8.53000000 -0.273380021014860E-002 -0.465959487915100E-003  0.508647223402367E-001  0.760128679814334E-003  0.323214560868980E-003  0.138404626884933E+000  0.979943074414593E+000  0.991471588209180E+000 -0.265197548234215E+001 -0.721346646119338E-001 -0.122949114052768E-001  0.134212795542681E+001
      8.54000000 -0.271094627740157E-002 -0.439857534063468E-003  0.506863463488535E-001  0.818215638384021E-003  0.315130978708440E-003  0.138167799012149E+000  0.978435659503260E+000  0.991694620088952E+000 -0.264145748847780E+001 -0.714478749266097E-001 -0.115925890310951E-001  0.133585521948846E+001
      8.55000000 -0.271130476083881E-002 -0.415599886687385E-003  0.505381167422697E-001  0.873914283458687E-003  0.318305194107087E-003  0.137930971928759E+000  0.976994641871578E+000  0.991620774344608E+000 -0.263096411888829E+001 -0.713737470585026E-001 -0.109404599654046E-001  0.133039074517757E+001
      8.56000000 -0.273010100413226E-002 -0.398501288350991E-003  0.504177549940440E-001  0.919483138846583E-003  0.328352580912350E-003  0.137706585598332E+000  0.975823341249731E+000  0.991366379694090E+000 -0.262082238055169E+001 -0.717845902138789E-001 -0.104780928034093E-001  0.132567178879945E+001
      8.57000000 -0.276068110526315E-002 -0.389538530456111E-003  0.503179373630654E-001  0.950771515342627E-003  0.338738238980722E-003  0.137504709354332E+000  0.975029823302517E+000  0.991103694688945E+000 -0.261129549414019E+001 -0.725039548318615E-001 -0.102304768064718E-001  0.132150339669760E+001
      8.58000000 -0.279658868368665E-002 -0.384966678473588E-003  0.502279562227003E-001  0.966948168014824E-003  0.344215864210672E-003  0.137331206337146E+000  0.974634572709334E+000  0.990970371768887E+000 -0.260253511440632E+001 -0.733613954340357E-001 -0.100986222583144E-001  0.131760275645520E+001
      8.59000000 -0.283275769549991E-002 -0.378331535788986E-003  0.501359401205768E-001  0.969309174837854E-003  0.343746399331554E-003  0.137186817530301E+000  0.974602238817064E+000  0.990993184440684E+000 -0.259455797956776E+001 -0.742236897236289E-001 -0.991301252827769E-002  0.131365787812481E+001
      8.60000000 -0.286563226864354E-002 -0.363998322768139E-003  0.500312207871809E-001  0.960028824103544E-003  0.341412267876117E-003  0.137067316157634E+000  0.974874651354742E+000  0.991064745092247E+000 -0.258725073650377E+001 -0.749977584329319E-001 -0.952636476761877E-002  0.130938971191785E+001
      8.61000000 -0.289264578063951E-002 -0.340527099420082E-003  0.499063522047527E-001  0.941518148303030E-003  0.344760596657484E-003  0.136964730525715E+000  0.975387721553246E+000  0.990987594006874E+000 -0.258040266261400E+001 -0.756168147467450E-001 -0.890173790563531E-002  0.130460473750723E+001
      8.62000000 -0.291176479311175E-002 -0.312224320455810E-003  0.497582705288726E-001  0.916509729993903E-003  0.361241058656243E-003  0.136869374594184E+000  0.976069262132244E+000  0.990567732344936E+000 -0.257375925027972E+001 -0.760283035914748E-001 -0.815240485097284E-002  0.129922475431575E+001
      8.63000000 -0.292160651284634E-002 -0.288012998476529E-003  0.495882545569540E-001  0.888444653958703E-003  0.394355694038502E-003  0.136772129972100E+000  0.976828942325197E+000  0.989715016585178E+000 -0.256708197608945E+001 -0.761968826202064E-001 -0.751151551090615E-002  0.129328518238276E+001
      8.64000000 -0.292212678343905E-002 -0.278016871396699E-003  0.494007270975764E-001  0.861521348266907E-003  0.441336848937911E-003  0.136666262574847E+000  0.977557120552636E+000  0.988503047874184E+000 -0.256019553277383E+001 -0.761222449827433E-001 -0.724241963549860E-002  0.128690318016306E+001
      8.65000000 -0.291537829632189E-002 -0.289348515981577E-003  0.492013914149678E-001  0.839991331764412E-003  0.493501552882177E-003  0.136548188313365E+000  0.978143280817024E+000  0.987159004563712E+000 -0.255300738715999E+001 -0.758586455898351E-001 -0.752889824057593E-002  0.128022868201482E+001
      8.66000000 -0.290566192710714E-002 -0.322996248374963E-003  0.489954844717453E-001  0.826805603457940E-003  0.539203763922179E-003  0.136417034576005E+000  0.978511218261700E+000  0.985986026283646E+000 -0.254549590511944E+001 -0.755185193420990E-001 -0.839471316424439E-002  0.127339881052121E+001
      8.67000000 -0.289864851425409E-002 -0.373217638648254E-003  0.487868546054665E-001  0.822213123496210E-003  0.568103380043834E-003  0.136273394164127E+000  0.978655224940410E+000  0.985251951700715E+000 -0.253767759467484E+001 -0.752493468487602E-001 -0.968878544694635E-002  0.126651400672202E+001
      8.68000000 -0.289959494725775E-002 -0.429697711916174E-003  0.485781268146886E-001  0.823092460871921E-003  0.574868494987600E-003  0.136118042726892E+000  0.978657014265165E+000  0.985093521480042E+000 -0.252957362906257E+001 -0.751871952885647E-001 -0.111421651536003E-001  0.125964252732021E+001
      8.69000000 -0.291131491451345E-002 -0.481467877659894E-003  0.483716190655949E-001  0.823543720082885E-003  0.560710929146678E-003  0.135951359963902E+000  0.978669886868203E+000  0.985477361721938E+000 -0.252119482880617E+001 -0.754042256343221E-001 -0.124702114160715E-001  0.125284436257188E+001
      8.70000000 -0.293279616689124E-002 -0.520809466633652E-003  0.481702506335236E-001  0.816702630138456E-003  0.532180571289846E-003  0.135773746677669E+000  0.978871387553755E+000  0.986232152772303E+000 -0.251255251062523E+001 -0.758732876660033E-001 -0.134736695741659E-001  0.124619478316317E+001
      8.71000000 -0.295915148125072E-002 -0.545442126130721E-003  0.479776945545150E-001  0.797148212521051E-003  0.497910484046419E-003  0.135586700311785E+000  0.979400949747173E+000  0.987133530601737E+000 -0.250368627749231E+001 -0.764672229211110E-001 -0.140947311800929E-001  0.123978819198213E+001
      8.72000000 -0.298304291548442E-002 -0.558164416681524E-003  0.477974863935707E-001  0.762954634589163E-003  0.464903424974655E-003  0.135393761935155E+000  0.980307153030466E+000  0.988000240658387E+000 -0.249468829933030E+001 -0.769962000031907E-001 -0.144069462891035E-001  0.123371501057051E+001
      8.73000000 -0.299708818446522E-002 -0.564332935238917E-003  0.476314596062905E-001  0.716542258207853E-003  0.436065428663967E-003  0.135200552502938E+000  0.981526301991716E+000  0.988757479480500E+000 -0.248570394681152E+001 -0.772701140648490E-001 -0.145494785580501E-001  0.122802136284490E+001
      8.74000000 -0.299633458521217E-002 -0.568541560094951E-003  0.474783530041084E-001  0.663961495902112E-003  0.409999737120325E-003  0.135013593088774E+000  0.982901510831603E+000  0.989441592460610E+000 -0.247690110535436E+001 -0.771622974620468E-001 -0.146412130327816E-001  0.122267346764002E+001
      8.75000000 -0.297985300643356E-002 -0.572138982011840E-003  0.473334414018190E-001  0.612876296426081E-003  0.382943358282658E-003  0.134838291080801E+000  0.984235106275084E+000  0.990149625003948E+000 -0.246841824579287E+001 -0.766501596427194E-001 -0.147170159784217E-001  0.121754859452985E+001
      8.76000000 -0.295086354301885E-002 -0.572705082782475E-003  0.471895584286313E-001  0.570026030820981E-003  0.351724251873222E-003  0.134676979309061E+000  0.985354073242160E+000  0.990962995804820E+000 -0.246031421071559E+001 -0.758178205672279E-001 -0.147147608052114E-001  0.121246185105816E+001
      8.77000000 -0.291538974566665E-002 -0.565590684727541E-003  0.470391778566268E-001  0.539128022844766E-003  0.316214423754716E-003  0.134527925464094E+000  0.986163744013771E+000  0.991884629386316E+000 -0.245254324602866E+001 -0.748209648013125E-001 -0.145153973930415E-001  0.120721995264086E+001
      8.78000000 -0.288000318360061E-002 -0.546632150513854E-003  0.468766925906388E-001  0.519979920073549E-003  0.280107289408097E-003  0.134385768036600E+000  0.986670362696359E+000  0.992819475464768E+000 -0.244496677188181E+001 -0.738286160459772E-001 -0.140128647733713E-001  0.120167969205256E+001
      8.79000000 -0.284954204239898E-002 -0.514658538082322E-003  0.466999678359270E-001  0.509031907228276E-003  0.249732056283910E-003  0.134243150087588E+000  0.986965859258932E+000  0.993605424880172E+000 -0.243739574458786E+001 -0.729646442606240E-001 -0.131782148107052E-001  0.119578742458642E+001
      8.80000000 -0.282565481980185E-002 -0.472612420497760E-003  0.465106588379075E-001  0.501128305955028E-003  0.231565947771218E-003  0.134092802484114E+000  0.987182818399417E+000  0.994077319580984E+000 -0.242964422553331E+001 -0.722707748406699E-001 -0.120878408747367E-001  0.118958668589299E+001
      8.81000000 -0.280666325734382E-002 -0.426847312970350E-003  0.463134086859041E-001  0.491689361520482E-003  0.229655821932814E-003  0.133929248547979E+000  0.987438509367008E+000  0.994132841420241E+000 -0.242157291326511E+001 -0.717035530483379E-001 -0.109049309243017E-001  0.118319714624471E+001
      8.82000000 -0.278870873841217E-002 -0.385037025120033E-003  0.461145053716270E-001  0.478474338497093E-003  0.244088654347368E-003  0.133749661256108E+000  0.987789980963252E+000  0.993771187132842E+000 -0.241311075370369E+001 -0.711640814237001E-001 -0.982562496733981E-002  0.117677990887949E+001
      8.83000000 -0.276765358819800E-002 -0.353703744724535E-003  0.459206320972930E-001  0.462274198617375E-003  0.271057249585811E-003  0.133553937861058E+000  0.988216746356017E+000  0.993090818537001E+000 -0.240425645574940E+001 -0.705467973898529E-001 -0.901581994275538E-002  0.117050542105269E+001
      8.84000000 -0.274094260813987E-002 -0.336405626391358E-003  0.457380167396301E-001  0.446334462114394E-003  0.304299702466861E-003  0.133344414507661E+000  0.988635916107926E+000  0.992252251079191E+000 -0.239507083057417E+001 -0.697869073221581E-001 -0.856519512736481E-002  0.116453176576144E+001
      8.85000000 -0.270868886535407E-002 -0.333177635446069E-003  0.455718461163013E-001  0.434821380707566E-003  0.337139143858147E-003  0.133125615765178E+000  0.988941559245715E+000  0.991425828136052E+000 -0.238567007082625E+001 -0.688877701702876E-001 -0.847342220439498E-002  0.115898983513749E+001
      8.86000000 -0.267359929680693E-002 -0.341178673890767E-003  0.454255878516248E-001  0.431010249519805E-003  0.364246237083016E-003  0.132904084809560E+000  0.989050856403441E+000  0.990746892077923E+000 -0.237622112413882E+001 -0.679186229399698E-001 -0.866711243334802E-002  0.115396625695020E+001
      8.87000000 -0.263984863931663E-002 -0.356006349022937E-003  0.453000234664495E-001  0.435947583911304E-003  0.382565455607125E-003  0.132687958173975E+000  0.988937916540295E+000  0.990292477456218E+000 -0.236693061640416E+001 -0.669856355369810E-001 -0.903359048292819E-002  0.114947910897111E+001
      8.88000000 -0.261143431581824E-002 -0.373012098799826E-003  0.451922296807608E-001  0.448096825323771E-003  0.391351786019208E-003  0.132485851552534E+000  0.988642436418111E+000  0.990080709031162E+000 -0.235801638768905E+001 -0.661900053864543E-001 -0.945444910454778E-002  0.114545248481893E+001
      8.89000000 -0.259072144913729E-002 -0.388174778837304E-003  0.450951315047787E-001  0.464034491162613E-003  0.391663805675764E-003  0.132304937069491E+000  0.988251706791458E+000  0.990083967213895E+000 -0.234965875001158E+001 -0.655911484723157E-001 -0.982769859739434E-002  0.114170570784193E+001
      8.90000000 -0.257775017384815E-002 -0.398475040058788E-003  0.449982728109057E-001  0.479821823726802E-003  0.385765516054113E-003  0.132148657699169E+000  0.987865657027471E+000  0.990244272254193E+000 -0.234194289752455E+001 -0.651894164880244E-001 -0.100771423119317E-001  0.113797340691584E+001
      8.91000000 -0.257050532215127E-002 -0.402007514377436E-003  0.448900078095203E-001  0.492431729201458E-003  0.376709101005019E-003  0.132014984027418E+000  0.987560738439490E+000  0.990483994507777E+000 -0.233481540453646E+001 -0.649332407900962E-001 -0.101550658174292E-001  0.113396135034080E+001
      8.92000000 -0.256592592200064E-002 -0.398117086651162E-003  0.447606105159858E-001  0.500658305037514E-003  0.368072177854549E-003  0.131896140869876E+000  0.987367106180703E+000  0.990712594410422E+000 -0.232807810440574E+001 -0.647448956597020E-001 -0.100455157393930E-001  0.112942506744797E+001
      8.93000000 -0.256115659314337E-002 -0.387662257773395E-003  0.446052219345813E-001  0.505228003752742E-003  0.363619016601524E-003  0.131780226482319E+000  0.987266076654231E+000  0.990835233498391E+000 -0.232142971104037E+001 -0.645521853328630E-001 -0.977075981114892E-002  0.112424385172039E+001
      8.94000000 -0.255452588446270E-002 -0.373246603176822E-003  0.444254585518168E-001  0.508204110317243E-003  0.366674194678586E-003  0.131654338386879E+000  0.987205393607820E+000  0.990768567392827E+000 -0.231454509179671E+001 -0.643130438081890E-001 -0.939690033574181E-002  0.111846056421653E+001
      8.95000000 -0.254594955433323E-002 -0.359108134795653E-003  0.442289868755468E-001  0.512042221636854E-003  0.379216526700010E-003  0.131508123506379E+000  0.987123168480958E+000  0.990463467430591E+000 -0.230716467943531E+001 -0.640255082136161E-001 -0.903084697605367E-002  0.111227002029970E+001
      8.96000000 -0.253675729440334E-002 -0.350425988292332E-003  0.440272029466487E-001  0.518703503957979E-003  0.400973173649478E-003  0.131336456556676E+000  0.986970209060354E+000  0.989927585633811E+000 -0.229916138724597E+001 -0.637231423317601E-001 -0.880267307320470E-002  0.110595985119596E+001
      8.97000000 -0.252916117330084E-002 -0.352065354803313E-003  0.438319246717141E-001  0.529085171957808E-003  0.428941347641728E-003  0.131140331029245E+000  0.986724239079851E+000  0.989237039550766E+000 -0.229056222704392E+001 -0.634615008033945E-001 -0.883399446130916E-002  0.109982699091413E+001
      8.98000000 -0.252562771864263E-002 -0.367091455737790E-003  0.436523339878927E-001  0.542810030082872E-003  0.457685490388420E-003  0.130925816255853E+000  0.986395023284859E+000  0.988528582571251E+000 -0.228152131105577E+001 -0.633022685634654E-001 -0.920077086062229E-002  0.109410098294644E+001
      8.99000000 -0.252830949962792E-002 -0.395570114483520E-003  0.434931692459551E-001  0.558273594466176E-003  0.480477743258486E-003  0.130701696423851E+000  0.986023009479953E+000  0.987970713769762E+000 -0.227226003518415E+001 -0.632989957940527E-001 -0.990353080452777E-002  0.108889909940808E+001
      9.00000000 -0.253855443920602E-002 -0.434131752341950E-003  0.433545397154419E-001  0.572847593321184E-003  0.491003657684959E-003  0.130476805897000E+000  0.985674068873275E+000  0.987720844662742E+000 -0.226300006617556E+001 -0.634848718603554E-001 -0.108568869913857E-001  0.108422232586053E+001
      9.01000000 -0.255646312036490E-002 -0.476521451704688E-003  0.432330644541159E-001  0.583236804752365E-003  0.485109139844779E-003  0.130257980790689E+000  0.985430440997891E+000  0.987881721150242E+000 -0.225391216939974E+001 -0.638617795814286E-001 -0.119037539294694E-001  0.107998445618271E+001
      9.02000000 -0.258054248321312E-002 -0.515007087335488E-003  0.431236421805621E-001  0.586061336114331E-003  0.462028960548785E-003  0.130049099845079E+000  0.985376113462760E+000  0.988471071746890E+000 -0.224509255808262E+001 -0.643918275333439E-001 -0.128508822318883E-001  0.107605673921821E+001
      9.03000000 -0.260763247100007E-002 -0.542224077843265E-003  0.430211501451775E-001  0.578685517899288E-003  0.424717656204932E-003  0.129851179479662E+000  0.985576151933565E+000  0.989413830561251E+000 -0.223656567536215E+001 -0.649957419210082E-001 -0.135150396456528E-001  0.107231045903816E+001
      9.04000000 -0.263332511225362E-002 -0.552912746195638E-003  0.429216333552601E-001  0.560135481180726E-003  0.379210334322761E-003  0.129663170058340E+000  0.986053959294394E+000  0.990558564961277E+000 -0.222830441635252E+001 -0.655635296110329E-001 -0.137662117901164E-001  0.106864654362149E+001
      9.05000000 -0.265295944970863E-002 -0.545079736683929E-003  0.428228536593806E-001  0.531753561657755E-003  0.333241980798267E-003  0.129483047632971E+000  0.986775230728660E+000  0.991712235468923E+000 -0.222025756472137E+001 -0.659793918431668E-001 -0.135561927026020E-001  0.106500905686484E+001
      9.06000000 -0.266298871991968E-002 -0.520330995879776E-003  0.427242483367992E-001  0.497188803637488E-003  0.294540948289490E-003  0.129308902564634E+000  0.987648508100596E+000  0.992682819664835E+000 -0.221237697000194E+001 -0.661557206470685E-001 -0.129264054894201E-001  0.106138393177667E+001
      9.07000000 -0.266223030089488E-002 -0.483379616476043E-003  0.426263838346848E-001  0.461514484624418E-003  0.269242664503002E-003  0.129139825142222E+000  0.988547393887921E+000  0.993318670837322E+000 -0.220463950755578E+001 -0.660639612223737E-001 -0.119951952420588E-001  0.105778518400833E+001
      9.08000000 -0.265241543681799E-002 -0.440935491014757E-003  0.425299973247645E-001  0.429646565083169E-003  0.260769268462784E-003  0.128976391117456E+000  0.989349946950895E+000  0.993536067157508E+000 -0.219705897617772E+001 -0.657479132991774E-001 -0.109298822617876E-001  0.105423099937823E+001
      9.09000000 -0.263766258005920E-002 -0.400288026782243E-003  0.424348192182814E-001  0.404625241127987E-003  0.269355488575691E-003  0.128820515515620E+000  0.989981207926549E+000  0.993330577631886E+000 -0.218968227525254E+001 -0.653102927436394E-001 -0.991139974027129E-002  0.105071455561506E+001
      9.10000000 -0.262294745408132E-002 -0.367900956837004E-003  0.423385680353794E-001  0.386491180873978E-003  0.292236479640347E-003  0.128674517035908E+000  0.990440735650856E+000  0.992771980579148E+000 -0.218256608226659E+001 -0.648745672042988E-001 -0.909946377755689E-002  0.104717929940652E+001
      9.11000000 -0.261212501481289E-002 -0.348282649292516E-003  0.422366618182653E-001  0.372309829802180E-003  0.324388425709579E-003  0.128539513163412E+000  0.990801597671612E+000  0.991985558769870E+000 -0.217573714827910E+001 -0.645359721795773E-001 -0.860477934168912E-002  0.104351208943077E+001
      9.12000000 -0.260632100770643E-002 -0.343312083886983E-003  0.421231014212778E-001  0.357424577946246E-003  0.359634972187201E-003  0.128413679189208E+000  0.991179040050905E+000  0.991124489244177E+000 -0.216914949596538E+001 -0.643219706813836E-001 -0.847267459727683E-002  0.103956530550804E+001
      9.13000000 -0.260340065059296E-002 -0.352110269552249E-003  0.419925592258440E-001  0.337471027970672E-003  0.391891994487153E-003  0.128291221649245E+000  0.991680600258112E+000  0.990339004277228E+000 -0.216265951093122E+001 -0.641795262568600E-001 -0.868028909990923E-002  0.103520852881940E+001
      9.14000000 -0.259877566541488E-002 -0.371453473583691E-003  0.418430757422847E-001  0.310329756582834E-003  0.416311007884523E-003  0.128162874895501E+000  0.992358062164425E+000  0.989748250771853E+000 -0.215603870400541E+001 -0.639954166896164E-001 -0.914712267747773E-002  0.103039485221407E+001
      9.15000000 -0.258723874231677E-002 -0.396628083766854E-003  0.416782401030844E-001  0.277208954071071E-003  0.430099930467598E-003  0.128018215647529E+000  0.993181129609797E+000  0.989420270746586E+000 -0.214903110908100E+001 -0.636416875908268E-001 -0.975637856065620E-002  0.102521406029997E+001
      9.16000000 -0.256508743533742E-002 -0.422536210948644E-003  0.415076511843115E-001  0.242419320291766E-003  0.432858355744218E-003  0.127849257843527E+000  0.994043405570254E+000  0.989364042158060E+000 -0.214144176380539E+001 -0.630279200137680E-001 -0.103823277677427E-001  0.101990321373198E+001
      9.17000000 -0.253170564070024E-002 -0.444798588637407E-003  0.413449849864104E-001  0.211945920118332E-003  0.426366423781246E-003  0.127654021593873E+000  0.994797860418556E+000  0.989534983036649E+000 -0.213322397568809E+001 -0.621398426291923E-001 -0.109174280987779E-001  0.101479841070752E+001
      9.18000000 -0.249002530740939E-002 -0.460594192661528E-003  0.412039793354457E-001  0.191382590557499E-003  0.413897223147074E-003  0.127438491710513E+000  0.995307697272318E+000  0.989852101680222E+000 -0.212452653359453E+001 -0.610502371606514E-001 -0.112928108052284E-001  0.101023580077934E+001
      9.19000000 -0.244574618403526E-002 -0.469040440495259E-003  0.410936617993800E-001  0.183987683461459E-003  0.399248046721160E-003  0.127215825600540E+000  0.995493913591516E+000  0.990221920494364E+000 -0.211567324452312E+001 -0.598993553869672E-001 -0.114873817322003E-001  0.100643471033109E+001
      9.20000000 -0.240563253676489E-002 -0.471045181509562E-003  0.410146874071609E-001  0.189508059244574E-003  0.385762807758049E-003  0.127002722435702E+000  0.995363757623898E+000  0.990562460068552E+000 -0.210707315553698E+001 -0.588528823140199E-001 -0.115239406718574E-001  0.100340868118041E+001
      9.21000000 -0.237546791600997E-002 -0.468715960239802E-003  0.409583993525662E-001  0.204103329728319E-003  0.375613980584562E-003  0.126814087374274E+000  0.995012111517216E+000  0.990820724726911E+000 -0.209908969496403E+001 -0.580518165737918E-001 -0.114545066113768E-001  0.100094363318747E+001
      9.22000000 -0.235828425345533E-002 -0.464541355566387E-003  0.409092227914279E-001  0.221343427513925E-003  0.369522484353084E-003  0.126657953985216E+000  0.994596663866607E+000  0.990979383421355E+000 -0.209191696829099E+001 -0.575693738125840E-001 -0.113401744979732E-001  0.998657534947834E+000
      9.23000000 -0.235334586870973E-002 -0.460616624827733E-003  0.408496588945967E-001  0.233972159049563E-003  0.366946106741307E-003  0.126532653286320E+000  0.994294565063424E+000  0.991051981800967E+000 -0.208551164211189E+001 -0.573865787781189E-001 -0.112321833261511E-001  0.996123094094673E+000
      9.24000000 -0.235615365220971E-002 -0.458149814379273E-003  0.407660541586548E-001  0.235968670512126E-003  0.366613494805781E-003  0.126427386779993E+000  0.994252107330671E+000  0.991069767801387E+000 -0.207960818738371E+001 -0.573928660781854E-001 -0.111599389605830E-001  0.993008535190169E+000
      9.25000000 -0.235950020647151E-002 -0.457368910142879E-003  0.406529717536370E-001  0.224380031188581E-003  0.367176994006050E-003  0.126326016124920E+000  0.994540300413569E+000  0.991065710831294E+000 -0.207381229220477E+001 -0.574122493575660E-001 -0.111288729051604E-001  0.989183448700018E+000
      9.26000000 -0.235536713528586E-002 -0.457800005751497E-003  0.405145496546312E-001  0.200422244385455E-003  0.367740004735759E-003  0.126212604959362E+000  0.995128516790627E+000  0.991061674496371E+000 -0.206773625730032E+001 -0.572497902447744E-001 -0.111273329370578E-001  0.984750714587698E+000
      9.27000000 -0.233721713597142E-002 -0.458757749513866E-003  0.403624509066480E-001  0.169470140544189E-003  0.368085509385825E-003  0.126076590066359E+000  0.995885285272915E+000  0.991062927891408E+000 -0.206112451562809E+001 -0.567473522999192E-001 -0.111385832455662E-001  0.979995476687176E+000
      9.28000000 -0.230204479584457E-002 -0.459828668635293E-003  0.402113612237565E-001  0.139811617480424E-003  0.368560535010302E-003  0.125915689898130E+000  0.996609048647021E+000  0.991061037220151E+000 -0.205392346298533E+001 -0.558331421648939E-001 -0.111525542308090E-001  0.975274960722999E+000
      9.29000000 -0.225151078429285E-002 -0.461153049580207E-003  0.400738914534739E-001  0.120417115312040E-003  0.369705178054402E-003  0.125735652874730E+000  0.997082581177218E+000  0.991042927390007E+000 -0.204627427289664E+001 -0.545487236159975E-001 -0.111726359126127E-001  0.970894585254943E+000
      9.30000000 -0.219168958323790E-002 -0.463405993742042E-003  0.399568350963487E-001  0.118366159906245E-003  0.371804476295828E-003  0.125547252752017E+000  0.997135354503133E+000  0.991001752362505E+000 -0.203843913264516E+001 -0.530423028011164E-001 -0.112151470846543E-001  0.967017666353873E+000
      9.31000000 -0.213141304719839E-002 -0.467502401743183E-003  0.398600180941317E-001  0.136797626160096E-003  0.374557428662036E-003  0.125361985896048E+000  0.996692840387200E+000  0.990944863331943E+000 -0.203069657254625E+001 -0.515281101416263E-001 -0.113021337089785E-001  0.963638373754617E+000
      9.32000000 -0.207974612238940E-002 -0.474156160861196E-003  0.397778117081740E-001  0.174143299422497E-003  0.377000053530617E-003  0.125188287545772E+000  0.995794504895585E+000  0.990895590673054E+000 -0.202325000243937E+001 -0.502250856917276E-001 -0.114506927331851E-001  0.960619173737004E+000
      9.33000000 -0.204353232339419E-002 -0.483474029782796E-003  0.397022886463124E-001  0.224934635507608E-003  0.377715192547441E-003  0.125029653979516E+000  0.994573735427764E+000  0.990888097054994E+000 -0.201618281389609E+001 -0.492976416176638E-001 -0.116632015940383E-001  0.957767672515257E+000
      9.34000000 -0.202595792545989E-002 -0.494745757860111E-003  0.396264523981896E-001  0.281808278051877E-003  0.375251475818815E-003  0.124885079524936E+000  0.993209009146520E+000  0.990957223266624E+000 -0.200946955374324E+001 -0.488213541363756E-001 -0.119223393281848E-001  0.954914730157138E+000
      9.35000000 -0.202663659994131E-002 -0.506514845293242E-003  0.395461586162753E-001  0.337791701041207E-003  0.368596796351286E-003  0.124751161960833E+000  0.991868631553864E+000  0.991127087048145E+000 -0.200302718764346E+001 -0.487854759301387E-001 -0.121928952600713E-001  0.951960587980903E+000
      9.36000000 -0.204298762849422E-002 -0.516908761042175E-003  0.394601330694044E-001  0.387829775531305E-003  0.357533311218906E-003  0.124624572760845E+000  0.990674082362441E+000  0.991402603865205E+000 -0.199677480820403E+001 -0.491265383937791E-001 -0.124298051252203E-001  0.948874929647284E+000
      9.37000000 -0.207203288033451E-002 -0.524111209833010E-003  0.393684706465687E-001  0.428926275525336E-003  0.342746436765532E-003  0.124503597148150E+000  0.989696866288078E+000  0.991766971228435E+000 -0.199067061690630E+001 -0.497717977184746E-001 -0.125895478616064E-001  0.945660455537939E+000
      9.38000000 -0.211153285517099E-002 -0.526806612468894E-003  0.392707061401155E-001  0.459044248876203E-003  0.325653418763721E-003  0.124388070400851E+000  0.988985165204224E+000  0.992185897945256E+000 -0.198471018727472E+001 -0.506665438517085E-001 -0.126408027545770E-001  0.942306414917044E+000
      9.39000000 -0.215977214826734E-002 -0.524439041945152E-003  0.391646647218741E-001  0.475636984867660E-003  0.308024906358764E-003  0.124277936803375E+000  0.988599174442822E+000  0.992616767962989E+000 -0.197889172452712E+001 -0.517688621554508E-001 -0.125705910659028E-001  0.938761123935086E+000
      9.40000000 -0.221411891956705E-002 -0.517203589413647E-003  0.390468061302116E-001  0.474951956096469E-003  0.291554686195822E-003  0.124171387013375E+000  0.988627705374434E+000  0.993018986976843E+000 -0.197317145251318E+001 -0.530150731377187E-001 -0.123839717359069E-001  0.934940424605681E+000
      9.41000000 -0.226929337965353E-002 -0.505801982204150E-003  0.389139424341701E-001  0.452869611359145E-003  0.277552639316772E-003  0.124063740926326E+000  0.989167970564097E+000  0.993361315743688E+000 -0.196743711641213E+001 -0.542784326228817E-001 -0.120981002534717E-001  0.930768943954827E+000
      9.42000000 -0.231662312871005E-002 -0.491100879058376E-003  0.387654590725474E-001  0.407165581283633E-003  0.266878626169773E-003  0.123947852911048E+000  0.990271487716175E+000  0.993623400129260E+000 -0.196151802860475E+001 -0.553516741115410E-001 -0.117340000091714E-001  0.926233115251127E+000
      9.43000000 -0.234519921668897E-002 -0.473880390498063E-003  0.386048706685293E-001  0.340168517130193E-003  0.260116798874939E-003  0.123816036768175E+000  0.991880884873663E+000  0.993791552921543E+000 -0.195523132325277E+001 -0.559750284803862E-001 -0.113105394909159E-001  0.921417984355034E+000
      9.44000000 -0.234491265995870E-002 -0.454819370653775E-003  0.384398314509643E-001  0.260336083269801E-003  0.257859463793898E-003  0.123662734118583E+000  0.993792901348170E+000  0.993851950486564E+000 -0.194844564221830E+001 -0.559089006313567E-001 -0.108440930160469E-001  0.916506935877054E+000
      9.45000000 -0.231030766341460E-002 -0.434738814773711E-003  0.382804379753169E-001  0.181578401480924E-003  0.260891958023610E-003  0.123486760913088E+000  0.995675273420108E+000  0.993786230211618E+000 -0.194113436857045E+001 -0.550255365076972E-001 -0.103543510253902E-001  0.911740748082100E+000
      9.46000000 -0.224358472011269E-002 -0.414966563279609E-003  0.381364482592472E-001  0.120120178959557E-003  0.270096231619651E-003  0.123292139229159E+000  0.997142073143189E+000  0.993573808489504E+000 -0.193339486328338E+001 -0.533798824034285E-001 -0.987297967874725E-002  0.907351126576046E+000
      9.47000000 -0.215526906097626E-002 -0.397575688910046E-003  0.380145174449645E-001  0.898549368853797E-004  0.286027189669762E-003  0.123087151604123E+000  0.997864408222924E+000  0.993201961567696E+000 -0.192542533489110E+001 -0.512245074511553E-001 -0.944922339753995E-002  0.903495051902992E+000
      9.48000000 -0.206197728117033E-002 -0.385257133914859E-003  0.379165061802191E-001  0.979300268561938E-004  0.308309300026764E-003  0.122882022669185E+000  0.997674941889347E+000  0.992680109853646E+000 -0.191746926486521E+001 -0.489555364730609E-001 -0.914678830029155E-002  0.900215011187324E+000
      9.49000000 -0.198194099353562E-002 -0.380735255557161E-003  0.378394077523417E-001  0.142310879886324E-003  0.335155193341380E-003  0.122686171025703E+000  0.996624810456479E+000  0.992051118614920E+000 -0.190974999178848E+001 -0.470057280413236E-001 -0.902990449101990E-002  0.897437873202433E+000
      9.50000000 -0.192989788720276E-002 -0.385869902563672E-003  0.377767367160620E-001  0.212293836525937E-003  0.363328333278268E-003  0.122506053285062E+000  0.994970323466317E+000  0.991392006372787E+000 -0.190241973825125E+001 -0.457232403658675E-001 -0.914204965032899E-002  0.895008396330309E+000
      9.51000000 -0.191319689953071E-002 -0.400798181485815E-003  0.377206666301012E-001  0.291742698781809E-003  0.388719449691991E-003  0.122344251436877E+000  0.993095285041571E+000  0.990800122813261E+000 -0.189553838536927E+001 -0.452798966547180E-001 -0.948574620914772E-002  0.892740254375807E+000
      9.52000000 -0.193040450063755E-002 -0.423533720621676E-003  0.376640332086388E-001  0.363776045712021E-003  0.407431176059482E-003  0.122199856881259E+000  0.991399505451010E+000  0.990367398705625E+000 -0.188908303716808E+001 -0.456391606340759E-001 -0.100133021359081E-001  0.890463558890649E+000
      9.53000000 -0.197264533974797E-002 -0.450300651280243E-003  0.376015566609033E-001  0.415191003511367E-003  0.416993668361647E-003  0.122069684038954E+000  0.990194238873900E+000  0.990151664490633E+000 -0.188297711728176E+001 -0.465888924001071E-001 -0.106349621837617E-001  0.888053641500083E+000
      9.54000000 -0.202687336347053E-002 -0.476576207430533E-003  0.375301096168047E-001  0.439214307700402E-003  0.417210374934891E-003  0.121949630283341E+000  0.989637742507371E+000  0.990156874997295E+000 -0.187712273478308E+001 -0.478194433309728E-001 -0.112437261028941E-001  0.885437137993198E+000
      9.55000000 -0.207970056129434E-002 -0.498486599108114E-003  0.374483039361721E-001  0.436000894118301E-003  0.410241745186547E-003  0.121835634199010E+000  0.989724326800496E+000  0.990331418666341E+000 -0.187142338002544E+001 -0.490144025137853E-001 -0.117483368861557E-001  0.882581981630925E+000
      9.56000000 -0.212048806163913E-002 -0.514012734043223E-003  0.373558843181286E-001  0.411215747952325E-003  0.399844453484010E-003  0.121724040337390E+000  0.990318600950565E+000  0.990586319392781E+000 -0.186579250499034E+001 -0.499234068892490E-001 -0.121015851643414E-001  0.879482910684283E+000
      9.57000000 -0.214298004274912E-002 -0.523523187238959E-003  0.372533412012938E-001  0.373622570227626E-003  0.390052548067850E-003  0.121611539466502E+000  0.991212862111401E+000  0.990826449479260E+000 -0.186015206598992E+001 -0.504002237249235E-001 -0.123126138534541E-001  0.876152224281784E+000
      9.58000000 -0.214547860783162E-002 -0.529444160925140E-003  0.371418856887269E-001  0.332672942865516E-003  0.383830015529558E-003  0.121495038619862E+000  0.992184113456835E+000  0.990982218669785E+000 -0.185442942618325E+001 -0.504063156899976E-001 -0.124388700117550E-001  0.872619101637161E+000
      9.59000000 -0.213006236349082E-002 -0.535257132504290E-003  0.370236403680864E-001  0.296734254956081E-003  0.382213899760936E-003  0.121371764749847E+000  0.993035733971131E+000  0.991029551750738E+000 -0.184855976010039E+001 -0.499919396216241E-001 -0.125623280843032E-001  0.868933992533817E+000
      9.60000000 -0.210146688036506E-002 -0.544288130630389E-003  0.369017453177383E-001  0.272092724023360E-003  0.384208301828752E-003  0.121239687845775E+000  0.993620715500038E+000  0.990992136693805E+000 -0.184249593307146E+001 -0.492694361645060E-001 -0.127609764197348E-001  0.865170991881311E+000
      9.61000000 -0.206603092333700E-002 -0.558777074446308E-003  0.367801181541158E-001  0.262507714494240E-003  0.387324097398119E-003  0.121098103756609E+000  0.993851842865303E+000  0.990928535500580E+000 -0.183622205939324E+001 -0.483882265566620E-001 -0.130870411316522E-001  0.861422096793976E+000
      9.62000000 -0.203078588223875E-002 -0.579489265769331E-003  0.366627955088383E-001  0.269020016128554E-003  0.388389718474434E-003  0.120948073722902E+000  0.993705868707269E+000  0.990913033476078E+000 -0.182976362342916E+001 -0.475133157531599E-001 -0.135580302684161E-001  0.857781706402552E+000
      9.63000000 -0.200255414222972E-002 -0.605797055143498E-003  0.365530119289242E-001  0.289881811283326E-003  0.384231558147144E-003  0.120792437753243E+000  0.993224818177648E+000  0.991019655021445E+000 -0.182318757744864E+001 -0.468041384267822E-001 -0.141588227901310E-001  0.854325081234650E+000
      9.64000000 -0.198693386058520E-002 -0.635925300797330E-003  0.364523296548881E-001  0.320703550538189E-003  0.372039069957883E-003  0.120635280257044E+000  0.992512221140548E+000  0.991313640655846E+000 -0.181658965015162E+001 -0.463908844521735E-001 -0.148475687765540E-001  0.851088124561124E+000
      9.65000000 -0.198723345499051E-002 -0.667065909265272E-003  0.363601531638008E-001  0.355022652592128E-003  0.349537785891240E-003  0.120480948849691E+000  0.991719529263139E+000  0.991847457095013E+000 -0.181007131239377E+001 -0.463497986711972E-001 -0.155584994391170E-001  0.848056263628124E+000
      9.66000000 -0.200362727894530E-002 -0.695314292580870E-003  0.362738426520191E-001  0.385411478546493E-003  0.315277491856170E-003  0.120332915497155E+000  0.991020052574941E+000  0.992654148984223E+000 -0.180371321254828E+001 -0.466837876552067E-001 -0.162005704002804E-001  0.845167355026546E+000
      9.67000000 -0.203288372523891E-002 -0.715693246125037E-003  0.361894311484517E-001  0.405009478060769E-003  0.269257931099728E-003  0.120192848980159E+000  0.990573184914219E+000  0.993732875736611E+000 -0.179755369527220E+001 -0.473164703712085E-001 -0.166581481541300E-001  0.842328621862210E+000
      9.68000000 -0.206890431855513E-002 -0.722674298072756E-003  0.361027313643330E-001  0.409122657328016E-003  0.213788304385983E-003  0.120060207985884E+000  0.990487285784403E+000  0.995029101894422E+000 -0.179157955879032E+001 -0.481051224353249E-001 -0.168032592314037E-001  0.839442547900798E+000
      9.69000000 -0.210405383230072E-002 -0.711434916516593E-003  0.360104745695764E-001  0.396416937509006E-003  0.154110134588768E-003  0.119932484574668E+000  0.990792224954219E+000  0.996420406604003E+000 -0.178573197599582E+001 -0.488719137324925E-001 -0.165248556536516E-001  0.836433355274968E+000
      9.70000000 -0.213097559574600E-002 -0.679648056024586E-003  0.359111144398557E-001  0.369303861597002E-003  0.981689773994470E-004  0.119805993908877E+000  0.991430837273227E+000  0.997722130663842E+000 -0.177992505415020E+001 -0.494462109542083E-001 -0.157702515316909E-001  0.833265544541445E+000
      9.71000000 -0.214439573707909E-002 -0.629126046171111E-003  0.358050647965238E-001  0.333349396337660E-003  0.551615068488728E-004  0.119676911034846E+000  0.992273074613384E+000  0.998721375072770E+000 -0.177407000650522E+001 -0.497063622788249E-001 -0.145829273157488E-001  0.829949198004383E+000
      9.72000000 -0.214239721536644E-002 -0.566439182419289E-003  0.356943703655758E-001  0.295837315240641E-003  0.330529576511200E-004  0.119542185712773E+000  0.993149646814044E+000  0.999234631934222E+000 -0.176809635081860E+001 -0.496089466534333E-001 -0.131163590866816E-001  0.826532121397884E+000
      9.73000000 -0.212679153062561E-002 -0.501892120370344E-003  0.355820325578884E-001  0.263880588902995E-003  0.358808554496527E-004  0.119400059870873E+000  0.993895910681155E+000  0.999170003570889E+000 -0.176196378504822E+001 -0.491969701881882E-001 -0.116097752544102E-001  0.823084053974322E+000
      9.74000000 -0.210247955847277E-002 -0.446912089734904E-003  0.354713177265339E-001  0.242615049835559E-003  0.619790876560650E-004  0.119250129291853E+000  0.994393587402075E+000  0.998567770886108E+000 -0.175566345789032E+001 -0.485846524833967E-001 -0.103273625100884E-001  0.819680570936746E+000
      9.75000000 -0.207599124295622E-002 -0.410677986489908E-003  0.353653038782646E-001  0.233990273636803E-003  0.104037156309876E-003  0.119093120300214E+000  0.994598436759375E+000  0.997598347698611E+000 -0.174921265241757E+001 -0.479233508791780E-001 -0.948032190005014E-002  0.816392589543582E+000
      9.76000000 -0.205364059413292E-002 -0.397293391739866E-003  0.352667087462291E-001  0.236498362132114E-003  0.151190715505129E-003  0.118930662338096E+000  0.994546132342619E+000  0.996513404380665E+000 -0.174264940758577E+001 -0.473588227641489E-001 -0.916194750850259E-002  0.813282428171275E+000
      9.77000000 -0.203985328847749E-002 -0.404693163865274E-003  0.351778132627297E-001  0.245897165625561E-003  0.192439194122871E-003  0.118765253843660E+000  0.994335191479770E+000  0.995566719186372E+000 -0.173603162594115E+001 -0.469927266513596E-001 -0.932304069837743E-002  0.810402087339267E+000
      9.78000000 -0.203617251218703E-002 -0.425775840954445E-003  0.351002026032754E-001  0.256669929967946E-003  0.220050643169537E-003  0.118600381106962E+000  0.994093061995179E+000  0.994935809164378E+000 -0.172943970738780E+001 -0.468599683574593E-001 -0.979869942997405E-002  0.807787342911941E+000
      9.79000000 -0.204122446221187E-002 -0.451285706182439E-003  0.350341774226390E-001  0.263719879582393E-003  0.231581916834965E-003  0.118440505939499E+000  0.993937015576718E+000  0.994675875187310E+000 -0.172297615080788E+001 -0.469282487858315E-001 -0.103751685741952E-001  0.805444293135222E+000
      9.80000000 -0.205158948030677E-002 -0.473200284629647E-003  0.349779894775704E-001  0.263721215991842E-003  0.229755814558592E-003  0.118290567078836E+000  0.993943171602489E+000  0.994723247665616E+000 -0.171675399017908E+001 -0.471184139570337E-001 -0.108678890732234E-001  0.803331954764408E+000
      9.81000000 -0.206319524188503E-002 -0.487195108933296E-003  0.349273489591460E-001  0.255685420575919E-003  0.220405753879414E-003  0.118154838352541E+000  0.994133713992105E+000  0.994943148548986E+000 -0.171087054330809E+001 -0.473366582723545E-001 -0.111778991708353E-001  0.801351199573243E+000
      9.82000000 -0.207266025309550E-002 -0.493248217136657E-003  0.348757225789890E-001  0.240618786729206E-003  0.209545991005696E-003  0.118035386486589E+000  0.994485015193234E+000  0.995197203957247E+000 -0.170537214480616E+001 -0.475053920800992E-001 -0.113052536771964E-001  0.799351882546716E+000
      9.83000000 -0.207806217576459E-002 -0.494358040681459E-003  0.348156800782454E-001  0.220522705755543E-003  0.200937073896925E-003  0.117930755114391E+000  0.994950759347064E+000  0.995399205543364E+000 -0.170022427357272E+001 -0.475807512938425E-001 -0.113191641992720E-001  0.797163931978827E+000
      9.84000000 -0.207888176645740E-002 -0.494216231033190E-003  0.347410342623251E-001  0.197258004667195E-003  0.195157814012545E-003  0.117835613996028E+000  0.995488034057244E+000  0.995536072608192E+000 -0.169530394009030E+001 -0.475511437170718E-001 -0.113044173114356E-001  0.794646400647715E+000
      9.85000000 -0.207526369925572E-002 -0.495074394527778E-003  0.346490141219377E-001  0.171827528256032E-003  0.190377960092472E-003  0.117741818365459E+000  0.996073706258072E+000  0.995649825142114E+000 -0.169042434180072E+001 -0.474201948775995E-001 -0.113125499548980E-001  0.791736974230435E+000
      9.86000000 -0.206705820001609E-002 -0.496802810536485E-003  0.345415142244418E-001  0.144401703984320E-003  0.184186068761710E-003  0.117640712255297E+000  0.996703738343166E+000  0.995795579557371E+000 -0.168538776475827E+001 -0.471847942175014E-001 -0.113405313801314E-001  0.788480092446594E+000
      9.87000000 -0.205320216840834E-002 -0.497428700115138E-003  0.344247433640069E-001  0.115024582006785E-003  0.175387795061892E-003  0.117525875335700E+000  0.997376990964739E+000  0.996000474306486E+000 -0.168004827754405E+001 -0.468210163861760E-001 -0.113433142032476E-001  0.785018396111258E+000
      9.88000000 -0.203181332905919E-002 -0.494660490512588E-003  0.343072645425752E-001  0.845828573511353E-004  0.164839445021277E-003  0.117395203584323E+000  0.998073133247528E+000  0.996244822461023E+000 -0.167435886857386E+001 -0.462863714185138E-001 -0.112687710344590E-001  0.781547579327146E+000
      9.89000000 -0.200099615560103E-002 -0.487457542317694E-003  0.341971581654425E-001  0.554776242165697E-004  0.154989637443545E-003  0.117251433088681E+000  0.998737452174030E+000  0.996472779204849E+000 -0.166838286657930E+001 -0.455382396363416E-001 -0.110934537842417E-001  0.778251561883709E+000
      9.90000000 -0.195998418001382E-002 -0.476788356001429E-003  0.340994642956276E-001  0.315817220162800E-004  0.148511001617196E-003  0.117100889287549E+000  0.999281995960748E+000  0.996623632524548E+000 -0.166226494759065E+001 -0.445598424745508E-001 -0.108396864902113E-001  0.775244398895618E+000
      9.91000000 -0.191006110616830E-002 -0.465235583581885E-003  0.340149305949184E-001  0.174198319712547E-004  0.146837872328904E-003  0.116951041486286E+000  0.999604363289234E+000  0.996665039426332E+000 -0.165617518301125E+001 -0.433810323000343E-001 -0.105663634599514E-001  0.772542196716278E+000
      9.92000000 -0.185480270444915E-002 -0.455739091063132E-003  0.339404655581048E-001  0.168895935420956E-004  0.149391548947827E-003  0.116807953443399E+000  0.999616792675458E+000  0.996610461013237E+000 -0.165025106807530E+001 -0.420835457143531E-001 -0.103402463380972E-001  0.770073890044888E+000
      9.93000000 -0.179950352982529E-002 -0.450178806250894E-003  0.338708991001161E-001  0.320553973343937E-004  0.153845432873680E-003  0.116674682464982E+000  0.999273428779513E+000  0.996512922215148E+000 -0.164456139957254E+001 -0.407877482314883E-001 -0.102038031624734E-001  0.767721586522148E+000
      9.94000000 -0.175002364289172E-002 -0.448505744490067E-003  0.338011037221624E-001  0.624922696663676E-004  0.157229041945239E-003  0.116551128564578E+000  0.998584968234531E+000  0.996439814236313E+000 -0.163910320589395E+001 -0.396263259157266E-001 -0.101556541126906E-001  0.765368832499005E+000
      9.95000000 -0.171152051183410E-002 -0.448786683036359E-003  0.337275035119619E-001  0.105380727014013E-003  0.157290589742689E-003  0.116435088043440E+000  0.997616229806021E+000  0.996442000067317E+000 -0.163382594024378E+001 -0.387155383920535E-001 -0.101518024100787E-001  0.762934740224752E+000
      9.96000000 -0.168751692182870E-002 -0.448062926735828E-003  0.336484700233955E-001  0.156213718724251E-003  0.153493957501698E-003  0.116323734641222E+000  0.996469907315813E+000  0.996531368045849E+000 -0.162866519027787E+001 -0.381342380735770E-001 -0.101252545080092E-001  0.760382755328624E+000
      9.97000000 -0.167953174700659E-002 -0.443587028182727E-003  0.335637709733200E-001  0.209753049482236E-003  0.147276876295895E-003  0.116214705696689E+000  0.995264788292786E+000  0.996675198808505E+000 -0.162356726790759E+001 -0.379157223730220E-001 -0.100140545951729E-001  0.757707988720205E+000
      9.98000000 -0.168721047340279E-002 -0.433926531899394E-003  0.334737046856263E-001  0.260864444647413E-003  0.141558525424446E-003  0.116106385435527E+000  0.994116840486866E+000  0.996807493690289E+000 -0.161849554443467E+001 -0.380509055600736E-001 -0.978615160680805E-002  0.754917537448503E+000
      9.99000000 -0.170870014473871E-002 -0.419577251744117E-003  0.333785697920579E-001  0.305038573000872E-003  0.139759017243229E-003  0.115997559363005E+000  0.993127487350464E+000  0.996851232273867E+000 -0.161342257864300E+001 -0.384969784098312E-001 -0.945306667842505E-002  0.752018477081822E+000
     10.00000000 -0.174100860496512E-002 -0.402967262534827E-003  0.332787244576864E-001  0.338639981894071E-003  0.144684218566216E-003  0.115886988944097E+000  0.992378077864796E+000  0.996743527323807E+000 -0.160832049799553E+001 -0.391856624535106E-001 -0.906976512607258E-002  0.749019194829547E+000
     10.01000000 -0.178024143380309E-002 -0.387916983898660E-003  0.331749750503724E-001  0.359070170004732E-003  0.157572230702805E-003  0.115773402321236E+000  0.991926320126902E+000  0.996456994053370E+000 -0.160316079207783E+001 -0.400286646845704E-001 -0.872229944719222E-002  0.745938122209344E+000
     10.02000000 -0.182180171242708E-002 -0.378701241610695E-003  0.330687562388031E-001  0.365008465690781E-003  0.177498460934485E-003  0.115655978727518E+000  0.991800988582329E+000  0.996012936562809E+000 -0.159792519692442E+001 -0.409222646731040E-001 -0.850658572528169E-002  0.742807730382361E+000
     10.03000000 -0.186073573464180E-002 -0.378884025434144E-003  0.329617134323309E-001  0.356738372715346E-003  0.201273957115905E-003  0.115534924872368E+000  0.991994745020628E+000  0.995483386507721E+000 -0.159261857810814E+001 -0.417551492755226E-001 -0.850220627549727E-002  0.739665090061229E+000
     10.04000000 -0.189234845642247E-002 -0.390142771393605E-003  0.328547773838216E-001  0.336392328473935E-003  0.223939620635749E-003  0.115411546314512E+000  0.992458831483674E+000  0.994979771315364E+000 -0.158727041557665E+001 -0.424222474579941E-001 -0.874613400921768E-002  0.736531103256083E+000
     10.05000000 -0.191303469776154E-002 -0.411387076437570E-003  0.327473052703821E-001  0.307875687626097E-003  0.239883041181584E-003  0.115287468497486E+000  0.993104978756485E+000  0.994627706144453E+000 -0.158191723591573E+001 -0.428433143985901E-001 -0.921320762030874E-002  0.733391347813636E+000
     10.06000000 -0.192108787876995E-002 -0.438537192408039E-003  0.326370060418983E-001  0.276315485556972E-003  0.244424345578952E-003  0.115163229597557E+000  0.993817935675958E+000  0.994531442840834E+000 -0.157657109481754E+001 -0.429809021190214E-001 -0.981148460241650E-002  0.730194582791764E+000
     10.07000000 -0.191717206668589E-002 -0.465247041961806E-003  0.325210252289041E-001  0.247079473695485E-003  0.235463403929822E-003  0.115036998328939E+000  0.994477528636646E+000  0.994737159320151E+000 -0.157119104025901E+001 -0.428506977068574E-001 -0.103987329570149E-001  0.726877177805852E+000
     10.08000000 -0.190422556890771E-002 -0.484574334305679E-003  0.323978954224542E-001  0.224617633394702E-003  0.214586913005253E-003  0.114904304864038E+000  0.994984553633934E+000  0.995208527768849E+000 -0.156567736720408E+001 -0.425191070950630E-001 -0.108199723563635E-001  0.723406726395419E+000
     10.09000000 -0.188676617874649E-002 -0.491185632946208E-003  0.322694447170555E-001  0.211482231335143E-003  0.187064108951878E-003  0.114759270697334E+000  0.995282531670439E+000  0.995827219128497E+000 -0.155989934293918E+001 -0.420875060629434E-001 -0.109567250767599E-001  0.719824462339682E+000
     10.10000000 -0.186978908161919E-002 -0.483330100244520E-003  0.321415781599084E-001  0.207833209763147E-003  0.160492097935185E-003  0.114597059643962E+000  0.995368519428266E+000  0.996423497311374E+000 -0.155374998020617E+001 -0.416675073951279E-001 -0.107708194064255E-001  0.716262309388020E+000
     10.11000000 -0.185758596496897E-002 -0.463742370291305E-003  0.320232598742553E-001  0.211563820581677E-003  0.142397178570599E-003  0.114416552064930E+000  0.995290047566434E+000  0.996829874144372E+000 -0.154720545486837E+001 -0.413546206161738E-001 -0.103240927465570E-001  0.712919772202895E+000
     10.12000000 -0.185281697127709E-002 -0.438954048083778E-003  0.319238509271502E-001  0.218972833166955E-003  0.137617043696039E-003  0.114221975600967E+000  0.995129921063705E+000  0.996939319567244E+000 -0.154036096346343E+001 -0.412076912652789E-001 -0.976258484971295E-002  0.710004395144359E+000
     10.13000000 -0.185605409828472E-002 -0.417117159286676E-003  0.318497848108075E-001  0.225754089922891E-003  0.146504847247397E-003  0.114022586936062E+000  0.994984058564276E+000  0.996744866353944E+000 -0.153342306496605E+001 -0.412389368525378E-001 -0.926776229627682E-002  0.707657856413582E+000
     10.14000000 -0.186585120725424E-002 -0.405103355983898E-003  0.318019578905129E-001  0.228020310188989E-003  0.164753288669949E-003  0.113830335717482E+000  0.994938702651341E+000  0.996343021450866E+000 -0.152665727840793E+001 -0.414157307322351E-001 -0.899195575988270E-002  0.705898369404056E+000
     10.15000000 -0.187925242512515E-002 -0.406018072555726E-003  0.317749634817288E-001  0.223119385131002E-003  0.185000501205970E-003  0.113656346388578E+000  0.995052366314728E+000  0.995897645957470E+000 -0.152030977768662E+001 -0.416720967396871E-001 -0.900338037157344E-002  0.704604306695226E+000
     10.16000000 -0.189256757316623E-002 -0.418152932335025E-003  0.317585217759572E-001  0.210094968564496E-003  0.199623035001220E-003  0.113507583588977E+000  0.995345765946445E+000  0.995577750701386E+000 -0.151453361537495E+001 -0.419260513846160E-001 -0.926334233782537E-002  0.703546565394567E+000
     10.17000000 -0.190222123756770E-002 -0.435818545789527E-003  0.317405318090448E-001  0.189742684870494E-003  0.203596271501311E-003  0.113384974166485E+000  0.995800763215012E+000  0.995494166464661E+000 -0.150934761837998E+001 -0.420984735165486E-001 -0.964519538820899E-002  0.702456639309121E+000
     10.18000000 -0.190549903909832E-002 -0.451708345714350E-003  0.317105336834883E-001  0.164293661551334E-003  0.196261720608079E-003  0.113283609588502E+000  0.996367552834113E+000  0.995660755722021E+000 -0.150464152241559E+001 -0.421295898990589E-001 -0.998703592520991E-002  0.701103360407795E+000
     10.19000000 -0.190104973510684E-002 -0.459802497931173E-003  0.316622944230859E-001  0.136817022466684E-003  0.181308345632644E-003  0.113194776219836E+000  0.996978015543769E+000  0.995995300932527E+000 -0.150022144975547E+001 -0.419899705931233E-001 -0.101560169680093E-001  0.699349831403265E+000
     10.20000000 -0.188904943747512E-002 -0.457617234375398E-003  0.315947078243376E-001  0.110479684802693E-003  0.165036361438570E-003  0.113108870090855E+000  0.997562141298439E+000  0.996358286769866E+000 -0.149587463674570E+001 -0.416840038695964E-001 -0.100978397865510E-001  0.697172819875342E+000
     10.21000000 -0.187099970517523E-002 -0.446917983122194E-003  0.315109599903444E-001  0.878338862360619E-004  0.153681677012099E-003  0.113018035560129E+000  0.998063744644079E+000  0.996612162082617E+000 -0.149142769432839E+001 -0.412452796445375E-001 -0.985208984323234E-002  0.694643806236122E+000
     10.22000000 -0.184921484484388E-002 -0.432686115824228E-003  0.314165886331310E-001  0.703057405646151E-004  0.150930446137997E-003  0.112917662010279E+000  0.998451660593993E+000  0.996676067196719E+000 -0.148677937705588E+001 -0.407251554631440E-001 -0.952902221330225E-002  0.691885780483186E+000
     10.23000000 -0.182613859876997E-002 -0.420851794924568E-003  0.313173717570531E-001  0.580152621069330E-004  0.156616493250514E-003  0.112806478995684E+000  0.998723582057299E+000  0.996554215307356E+000 -0.148190232386713E+001 -0.401776358267864E-001 -0.925933560843521E-002  0.689026538486450E+000
     10.24000000 -0.180368527890860E-002 -0.415773762035856E-003  0.312178436538441E-001  0.499687225710837E-004  0.167060828339882E-003  0.112685594490781E+000  0.998901690940590E+000  0.996328014569971E+000 -0.147682155808818E+001 -0.396448774397033E-001 -0.913867847750570E-002  0.686166040195965E+000
     10.25000000 -0.178279648814032E-002 -0.418490439195570E-003  0.311207902215820E-001  0.445517209041138E-004  0.176831324114159E-003  0.112557158967706E+000  0.999021711621591E+000  0.996117051691630E+000 -0.147158489706521E+001 -0.391475132727252E-001 -0.918941681336075E-002  0.683365463395050E+000
     10.26000000 -0.176333481656719E-002 -0.426405474390871E-003  0.310275749884725E-001  0.401572747407703E-004  0.181154749520754E-003  0.112423310160611E+000  0.999119066457318E+000  0.996025992891721E+000 -0.146623969228767E+001 -0.386824254613921E-001 -0.935409306530069E-002  0.680654544708588E+000
     10.27000000 -0.174432323483291E-002 -0.434480733173750E-003  0.309388256605408E-001  0.357460809633589E-004  0.177999790757096E-003  0.112285742914644E+000  0.999216598738420E+000  0.996099005628530E+000 -0.146082340458525E+001 -0.382281074161096E-001 -0.952196003946894E-002  0.678046778865922E+000
     10.28000000 -0.172442693453296E-002 -0.437430380112085E-003  0.308549785872694E-001  0.311708704074436E-004  0.169017139059533E-003  0.112145851987698E+000  0.999317532317888E+000  0.996299470190489E+000 -0.145536677879352E+001 -0.377553028708849E-001 -0.957727819910854E-002  0.675551418449941E+000
     10.29000000 -0.170250598595667E-002 -0.432047225540591E-003  0.307763933384342E-001  0.271870104685909E-004  0.158978836156566E-003  0.112005112709842E+000  0.999405335031431E+000  0.996522635516865E+000 -0.144990220260013E+001 -0.372391318933841E-001 -0.945022440378439E-002  0.673176000663875E+000
     10.30000000 -0.167806400758396E-002 -0.418756553305166E-003  0.307030642414750E-001  0.251783489772236E-004  0.153925572347109E-003  0.111865306409313E+000  0.999449805430580E+000  0.996636434975270E+000 -0.144446862455436E+001 -0.366688739181019E-001 -0.915062309073316E-002  0.670920052204087E+000
     10.31000000 -0.165147236149562E-002 -0.401778840601827E-003  0.306342029750478E-001  0.267096956606676E-004  0.158711337386189E-003  0.111728353212143E+000  0.999416908715866E+000  0.996535220816485E+000 -0.143910787214830E+001 -0.360527934204039E-001 -0.877111229871795E-002  0.668766015834439E+000
     10.32000000 -0.162393193215980E-002 -0.387788935264122E-003  0.305680373903898E-001  0.330509130204902E-004  0.174871687129437E-003  0.111595776938726E+000  0.999279174670042E+000  0.996186128307646E+000 -0.143385296750689E+001 -0.354172143475151E-001 -0.845749970787110E-002  0.666674945543071E+000
     10.33000000 -0.159721164523695E-002 -0.383518195576586E-003  0.305020546253638E-001  0.448020828188111E-004  0.199652658578396E-003  0.111468055847610E+000  0.999023832917806E+000  0.995649881860072E+000 -0.142871402373432E+001 -0.348007354408518E-001 -0.835625967342203E-002  0.664591907143412E+000
     10.34000000 -0.157325215819390E-002 -0.393167545586046E-003  0.304336857770298E-001  0.617025675637514E-004  0.226638081199009E-003  0.111344203278689E+000  0.998656898070556E+000  0.995066687559974E+000 -0.142366922740249E+001 -0.342455442715347E-001 -0.855821904859455E-002  0.662460959099980E+000
     10.35000000 -0.155373958965779E-002 -0.416621696626055E-003  0.303612009764554E-001  0.826518155706175E-004  0.247824188797701E-003  0.111221842456266E+000  0.998202626543986E+000  0.994610734009556E+000 -0.141866661947734E+001 -0.337881300819434E-001 -0.905999188941405E-002  0.660244621984847E+000
     10.36000000 -0.153974565614906E-002 -0.449203321788636E-003  0.302844604950045E-001  0.105922539896374E-003  0.256415968464318E-003  0.111097835837401E+000  0.997698797134317E+000  0.994429276695836E+000 -0.141363791361427E+001 -0.334514931365851E-001 -0.975909350725197E-002  0.657940107411967E+000
     10.37000000 -0.153150846577875E-002 -0.483140035539866E-003  0.302051979190812E-001  0.129512837529157E-003  0.249288132568132E-003  0.110969295945159E+000  0.997189003287712E+000  0.994589353963434E+000 -0.140852051439751E+001 -0.332404520221929E-001 -0.104862581763120E-001  0.655585296904984E+000
     10.38000000 -0.152839968874953E-002 -0.510235045078860E-003  0.301266759150982E-001  0.151561284420269E-003  0.228128474753249E-003  0.110834640175255E+000  0.996713624387819E+000  0.995053381483663E+000 -0.140328036180273E+001 -0.331410193703794E-001 -0.110636698220213E-001  0.653251081779716E+000
     10.39000000 -0.152909044865268E-002 -0.524713054675769E-003  0.300527816717210E-001  0.170735954371220E-003  0.198774311059153E-003  0.110694318829471E+000  0.996301414059467E+000  0.995694030147722E+000 -0.139792756497773E+001 -0.331240859959311E-001 -0.113666528762784E-001  0.651021609210994E+000
     10.40000000 -0.153188956531200E-002 -0.525100886913697E-003  0.299868280654869E-001  0.186506375904481E-003  0.168988407234218E-003  0.110550948693929E+000  0.995963670431534E+000  0.996342790419151E+000 -0.139251908076189E+001 -0.331528137743631E-001 -0.113641167815234E-001  0.648968273595135E+000
     10.41000000 -0.153518610938338E-002 -0.514383649474335E-003  0.299304281862487E-001  0.199221817279062E-003  0.145589160499871E-003  0.110408776815022E+000  0.995692627377563E+000  0.996852218433575E+000 -0.138714689497889E+001 -0.331922412324982E-001 -0.111214829752873E-001  0.647125443930025E+000
     10.42000000 -0.153789154874180E-002 -0.498413831981192E-003  0.298827895046764E-001  0.209954669673424E-003  0.132138467546376E-003  0.110272607325442E+000  0.995464928955594E+000  0.997145777519720E+000 -0.138191467353702E+001 -0.332188250110550E-001 -0.107658578923971E-001  0.645475395329520E+000
     10.43000000 -0.153975766563030E-002 -0.483319658909779E-003  0.298406502324725E-001  0.220123547936922E-003  0.128141137695797E-003  0.110146480956442E+000  0.995249837451989E+000  0.997234774567070E+000 -0.137690921093266E+001 -0.332272456301908E-001 -0.104298107312370E-001  0.643947185437842E+000
     10.44000000 -0.154145813718389E-002 -0.473096247619533E-003  0.297989031914527E-001  0.230977960078791E-003  0.130014446298173E-003  0.110032464375136E+000  0.995020378672690E+000  0.997197036853976E+000 -0.137217441054538E+001 -0.332320789934144E-001 -0.101994154061834E-001  0.642430359208209E+000
     10.45000000 -0.154437224325411E-002 -0.468445551846736E-003  0.297517737816453E-001  0.243086793767029E-003  0.133264902690766E-003  0.109929880800137E+000  0.994764341030740E+000  0.997129710042047E+000 -0.136769491868210E+001 -0.332630426440149E-001 -0.100894874506711E-001  0.640800509305138E+000
     10.46000000 -0.155009510318437E-002 -0.467302269542813E-003  0.296942760339314E-001  0.256002196775939E-003  0.134760549080975E-003  0.109835212528259E+000  0.994491437478084E+000  0.997100271327945E+000 -0.136339431043771E+001 -0.333543848386576E-001 -0.100552409347591E-001  0.638950673611199E+000
     10.47000000 -0.155980044097389E-002 -0.466646864614897E-003  0.296235855602719E-001  0.268246068660122E-003  0.133987765343610E-003  0.109742753688144E+000  0.994233491193503E+000  0.997119653485786E+000 -0.135914941364442E+001 -0.335311642186668E-001 -0.100315477791239E-001  0.636820766345604E+000
     10.48000000 -0.157366377950720E-002 -0.464582245246578E-003  0.295399549220329E-001  0.277678904068092E-003  0.132735736422136E-003  0.109645909661718E+000  0.994036408604346E+000  0.997149291199202E+000 -0.135481843902304E+001 -0.337969058420796E-001 -0.997763474191260E-002  0.634417013392697E+000
     10.49000000 -0.159057462345388E-002 -0.461555708090987E-003  0.294468705554629E-001  0.282175491417479E-003  0.133478661478669E-003  0.109538854763831E+000  0.993945614401084E+000  0.997136068473702E+000 -0.135027663626075E+001 -0.341275283897460E-001 -0.990318548973205E-002  0.631815003239849E+000
     10.50000000 -0.160829643399713E-002 -0.460090157324653E-003  0.293503201401038E-001  0.280393295989500E-003  0.137399699038802E-003  0.109418114440088E+000  0.993989583028105E+000  0.997054745976997E+000 -0.134545012833704E+001 -0.344749047890788E-001 -0.986233882813421E-002  0.629143652233494E+000
     10.51000000 -0.162407742178349E-002 -0.463195238270617E-003  0.292572887370095E-001  0.272339894224647E-003  0.143172928204125E-003  0.109283590870850E+000  0.994167767563584E+000  0.996933913049111E+000 -0.134033763308721E+001 -0.347800569047825E-001 -0.991945120903481E-002  0.626552745272080E+000
     10.52000000 -0.163552273005974E-002 -0.472336838414779E-003  0.291738709825475E-001  0.259479917728825E-003  0.147204101453416E-003  0.109138654045665E+000  0.994448449595965E+000  0.996850580977317E+000 -0.133501206669950E+001 -0.349918673951474E-001 -0.101056058175660E-001  0.624172447170547E+000
     10.53000000 -0.164139316334277E-002 -0.486083153881719E-003  0.291035755180050E-001  0.244282577798087E-003  0.145250444972325E-003  0.108989183479000E+000  0.994778558716982E+000  0.996895330495562E+000 -0.132959970845750E+001 -0.350841148885587E-001 -0.103898307834111E-001  0.622077153691852E+000
     10.54000000 -0.164198023902144E-002 -0.500197354368264E-003  0.290464045030610E-001  0.229348555296889E-003  0.134606537528133E-003  0.108841805232571E+000  0.995102418481387E+000  0.997125569465093E+000 -0.132424230041245E+001 -0.350633648515867E-001 -0.106813723558971E-001  0.620266099745857E+000
     10.55000000 -0.163885768818474E-002 -0.509201104682964E-003  0.289990677571297E-001  0.216466953880401E-003  0.115738588194269E-003  0.108701892954715E+000  0.995381877788446E+000  0.997530824288454E+000 -0.131905432812406E+001 -0.349635127011775E-001 -0.108633345161020E-001  0.618668284109376E+000
     10.56000000 -0.163408119882541E-002 -0.508683864894221E-003  0.289562895500655E-001  0.206026001329530E-003  0.925222566104682E-004  0.108572039639644E+000  0.995608788138515E+000  0.998027992447277E+000 -0.131409057698798E+001 -0.348285978303973E-001 -0.108420228847550E-001  0.617170654753687E+000
     10.57000000 -0.162918215003457E-002 -0.497264543385034E-003  0.289127369490819E-001  0.197072999686036E-003  0.709337861846844E-004  0.108451565854552E+000  0.995803585149019E+000  0.998489556690892E+000 -0.130933594297141E+001 -0.346913284937541E-001 -0.105886058366775E-001  0.615659369416008E+000
     10.58000000 -0.162443433420651E-002 -0.477297874918901E-003  0.288648329873743E-001  0.188024545070985E-003  0.567925853177308E-004  0.108337237513229E+000  0.996000044549761E+000  0.998791818317715E+000 -0.130472103251860E+001 -0.345575359121920E-001 -0.101538351572579E-001  0.614058371924194E+000
     10.59000000 -0.161877417096115E-002 -0.454038106694081E-003  0.288117536508743E-001  0.177698888358071E-003  0.535771855180562E-004  0.108224876284711E+000  0.996223277928151E+000  0.998861297665038E+000 -0.130015664568442E+001 -0.344046054384317E-001 -0.964989570197272E-002  0.612350403243132E+000
     10.60000000 -0.161044644234895E-002 -0.433692737912789E-003  0.287552499222263E-001  0.166149924153668E-003  0.612451756052805E-004  0.108111177108362E+000  0.996472065140756E+000  0.998699554085992E+000 -0.129557246166253E+001 -0.341953219169299E-001 -0.920878980882564E-002  0.610572945510747E+000
     10.61000000 -0.159806989163978E-002 -0.421257739514023E-003  0.286984402562218E-001  0.154847411611367E-003  0.764655372730229E-004  0.107994976353202E+000  0.996715155300910E+000  0.998377903691379E+000 -0.129094385182582E+001 -0.339005434944155E-001 -0.893632149348654E-002  0.608792348330675E+000
     10.62000000 -0.158156795666787E-002 -0.419024054951618E-003  0.286441534873370E-001  0.146064633050320E-003  0.940134070905907E-004  0.107877480312795E+000  0.996904385795812E+000  0.998007531102526E+000 -0.128629650719904E+001 -0.335188890651056E-001 -0.888056738524544E-002  0.607068573347134E+000
     10.63000000 -0.156243992375795E-002 -0.426235851155558E-003  0.285935638519612E-001  0.141756029210480E-003  0.108616510230281E-003  0.107761441934277E+000  0.996998526243188E+000  0.997700206426292E+000 -0.128168877022979E+001 -0.330823489757263E-001 -0.902491222829144E-002  0.605426322911110E+000
     10.64000000 -0.154316859893717E-002 -0.439815573282349E-003  0.285456786256970E-001  0.142511501366854E-003  0.116475340668163E-003  0.107649734135972E+000  0.996985366208129E+000  0.997536125193193E+000 -0.127718130185772E+001 -0.326435983081489E-001 -0.930369041580127E-002  0.603844367447956E+000
     10.65000000 -0.152602243012719E-002 -0.455646680971977E-003  0.284978152842850E-001  0.147181271418783E-003  0.115977241849974E-003  0.107543993849565E+000  0.996889507074159E+000  0.997548965389037E+000 -0.127280841414919E+001 -0.322505841118853E-001 -0.962952530701880E-002  0.602265845302288E+000
     10.66000000 -0.151186944030875E-002 -0.469803626281014E-003  0.284467556651809E-001  0.153444309595923E-003  0.107577997256353E-003  0.107443909659541E+000  0.996760187637312E+000  0.997728605730756E+000 -0.126856315315410E+001 -0.319215050488400E-001 -0.991940072896113E-002  0.600622798754199E+000
     10.67000000 -0.149966907007277E-002 -0.479325790090912E-003  0.283900060446283E-001  0.159094012898657E-003  0.931777291104725E-004  0.107347373306607E+000  0.996644048371322E+000  0.998034495792346E+000 -0.126440068811448E+001 -0.316342316501541E-001 -0.101109660672626E-001  0.598862806259962E+000
     10.68000000 -0.148699387750076E-002 -0.482473741658301E-003  0.283266285751366E-001  0.163398890538969E-003  0.754132557111860E-004  0.107251306914839E+000  0.996556467975740E+000  0.998410711601293E+000 -0.126025592209835E+001 -0.313374896253134E-001 -0.101678400311338E-001  0.596966431755193E+000
     10.69000000 -0.147140185840933E-002 -0.478668422787081E-003  0.282573863162993E-001  0.167798868654744E-003  0.571380824990570E-004  0.107152718176908E+000  0.996467049125234E+000  0.998796976164584E+000 -0.125606580337342E+001 -0.309798899389261E-001 -0.100782087302882E-001  0.594950123949849E+000
     10.70000000 -0.145200804107861E-002 -0.468368801355789E-003  0.281842901656917E-001  0.175494172169904E-003  0.411112907618114E-004  0.107049529664220E+000  0.996308480245948E+000  0.999135224035731E+000 -0.125178676038822E+001 -0.305429878406170E-001 -0.985213731606311E-002  0.592856518334214E+000
     10.71000000 -0.143045087353462E-002 -0.453009208032714E-003  0.281098677132475E-001  0.190035692679137E-003  0.297449600762180E-004  0.106940935198118E+000  0.996006331775300E+000  0.999374898998043E+000 -0.124740210009676E+001 -0.300614380387758E-001 -0.952015094696696E-002  0.590738949637562E+000
     10.72000000 -0.141071258579361E-002 -0.434925235766858E-003  0.280364963978087E-001  0.213548407543494E-003  0.247642825442713E-004  0.106827308901391E+000  0.995516390018430E+000  0.999480055198355E+000 -0.124291997306018E+001 -0.296189754049178E-001 -0.913158356342992E-002  0.588647401043499E+000
     10.73000000 -0.139780748987730E-002 -0.417096062273355E-003  0.279659911570113E-001  0.245432784826446E-003  0.267852379888766E-004  0.106709873360849E+000  0.994851755920696E+000  0.999438147829409E+000 -0.123836629699566E+001 -0.293206718037150E-001 -0.874908515021081E-002  0.586619870274342E+000
     10.74000000 -0.139591101038726E-002 -0.402594052267090E-003  0.278994368172552E-001  0.282173367315825E-003  0.349874625276064E-004  0.106590344955356E+000  0.994086589678628E+000  0.999266779767356E+000 -0.123377724132304E+001 -0.292536274952605E-001 -0.843702524673230E-002  0.584678912843532E+000
     10.75000000 -0.140677156402170E-002 -0.393817311547621E-003  0.278371389545149E-001  0.318349126762144E-003  0.471232159886128E-004  0.106470653878697E+000  0.993334672793158E+000  0.999013373597731E+000 -0.122919331755587E+001 -0.294538039882580E-001 -0.824541680978093E-002  0.582830685044706E+000
     10.76000000 -0.142908910718898E-002 -0.391765173980156E-003  0.277785890976402E-001  0.348369072593024E-003  0.600010596455989E-004  0.106352696556368E+000  0.992712919007146E+000  0.998744915620551E+000 -0.122465418025225E+001 -0.298932623168222E-001 -0.819482777768849E-002  0.581064292289205E+000
     10.77000000 -0.145905212341892E-002 -0.395677768810890E-003  0.277224551984941E-001  0.368147904899480E-003  0.703648081909020E-004  0.106238026730469E+000  0.992306341496278E+000  0.998529496439621E+000 -0.122019217519835E+001 -0.304916818140804E-001 -0.826898534592165E-002  0.579351669107491E+000
     10.78000000 -0.149167105337398E-002 -0.403249476297141E-003  0.276667103652691E-001  0.376040124906121E-003  0.758756174565677E-004  0.106127461325257E+000  0.992148697636256E+000  0.998415800933914E+000 -0.121582414421640E+001 -0.311444436154451E-001 -0.841940356024685E-002  0.577650346600875E+000
     10.79000000 -0.152222644444108E-002 -0.411391569680351E-003  0.276090116633820E-001  0.372787086528970E-003  0.758170288905107E-004  0.106020710335600E+000  0.992223830998500E+000  0.998418491275184E+000 -0.121154377665029E+001 -0.317529509960827E-001 -0.858144095444226E-002  0.575911420800164E+000
     10.80000000 -0.154721756115175E-002 -0.417277606837265E-003  0.275473221121845E-001  0.360740986261516E-003  0.712309527494795E-004  0.105916231328886E+000  0.992482074662292E+000  0.998515530519407E+000 -0.120731868433923E+001 -0.322443707505350E-001 -0.869616154740445E-002  0.574092545012529E+000
     10.81000000 -0.156458020992555E-002 -0.419273509103156E-003  0.274806028080978E-001  0.342926977657160E-003  0.644175617148251E-004  0.105811478382528E+000  0.992859933881708E+000  0.998658765043901E+000 -0.120309570535104E+001 -0.325760493460168E-001 -0.872967357977251E-002  0.572172310154350E+000
     10.82000000 -0.157339378247383E-002 -0.417392536547582E-003  0.274092964364368E-001  0.322441811951772E-003  0.579902967104552E-004  0.105703559942633E+000  0.993292659287712E+000  0.998793702728287E+000 -0.119881468456389E+001 -0.327292794621349E-001 -0.868247804602115E-002  0.570160205869227E+000
     10.83000000 -0.157354446284616E-002 -0.413102962116397E-003  0.273353558577245E-001  0.302336062935238E-003  0.538560966634951E-004  0.105590118138932E+000  0.993716700342285E+000  0.998880735594536E+000 -0.119442678031615E+001 -0.327021900358556E-001 -0.858531289739983E-002  0.568097071969702E+000
     10.84000000 -0.156571854543941E-002 -0.408570738043289E-003  0.272617411587403E-001  0.285727910393117E-003  0.525201513739201E-004  0.105470105120177E+000  0.994067337285679E+000  0.998909506798346E+000 -0.118991053153014E+001 -0.325095298631108E-001 -0.848328880583316E-002  0.566044510938418E+000
     10.85000000 -0.155174596832211E-002 -0.405639103457596E-003  0.271915365316126E-001  0.275710402734408E-003  0.529890480345120E-004  0.105344140098831E+000  0.994280610286458E+000  0.998900784978538E+000 -0.118527913813824E+001 -0.321897173310550E-001 -0.841465571380952E-002  0.564066472617360E+000
     10.86000000 -0.153494123375803E-002 -0.404952324941564E-003  0.271270121983039E-001  0.274762487640800E-003  0.533185534274501E-004  0.105214288343878E+000  0.994305522386252E+000  0.998894968117748E+000 -0.118057572110744E+001 -0.318117970509870E-001 -0.839267386467068E-002  0.562209801699893E+000
     10.87000000 -0.151995144364431E-002 -0.405587578747706E-003  0.270689911324758E-001  0.283765035841700E-003  0.516051382820472E-004  0.105083338698101E+000  0.994124354109119E+000  0.998931462723038E+000 -0.117585822506314E+001 -0.314721524013571E-001 -0.839810649466534E-002  0.560491203738494E+000
     10.88000000 -0.151182929407888E-002 -0.405382098849005E-003  0.270167592911917E-001  0.301106995066995E-003  0.470375483236430E-004  0.104953861469316E+000  0.993771001519398E+000  0.999026934538754E+000 -0.117117986076744E+001 -0.312752029345960E-001 -0.838613688543435E-002  0.558895526615629E+000
     10.89000000 -0.151449773570087E-002 -0.401886408091063E-003  0.269685374128497E-001  0.322487716358750E-003  0.405695787346566E-004  0.104827413879628E+000  0.993334824755008E+000  0.999161508057004E+000 -0.116657270508166E+001 -0.313016350841710E-001 -0.830618718986270E-002  0.557385657932447E+000
     10.90000000 -0.152920170240557E-002 -0.393618836789432E-003  0.269223088360754E-001  0.341773568287746E-003  0.348763090517150E-004  0.104704193231894E+000  0.992942705347459E+000  0.999279837845261E+000 -0.116204063613251E+001 -0.315765407228863E-001 -0.812784945872380E-002  0.555919719405983E+000
     10.91000000 -0.155368692724072E-002 -0.381130619078063E-003  0.268766630227775E-001  0.352762825316585E-003  0.334972000054547E-004  0.104583252038770E+000  0.992722464423622E+000  0.999308949108994E+000 -0.115756390068142E+001 -0.320527308323948E-001 -0.786276625689884E-002  0.554468490683642E+000
     10.92000000 -0.158259617408384E-002 -0.367389215208260E-003  0.268313186156696E-001  0.351222928095822E-003  0.393849517055944E-004  0.104463163477068E+000  0.992760867989372E+000  0.999188228211140E+000 -0.115311293815082E+001 -0.326192332767706E-001 -0.757233886350407E-002  0.553026132237774E+000
     10.93000000 -0.160904063522516E-002 -0.357180943789180E-003  0.267871264215956E-001  0.336362992067802E-003  0.533620426986073E-004  0.104342849239337E+000  0.993073492312236E+000  0.998901149627923E+000 -0.114866547290598E+001 -0.331339433666493E-001 -0.735519843568210E-002  0.551610139842257E+000
     10.94000000 -0.162676168657407E-002 -0.355584102657368E-003  0.267455658695171E-001  0.311113477457908E-003  0.731183221002563E-004  0.104222222082377E+000  0.993599295485034E+000  0.998495697524203E+000 -0.114421970045539E+001 -0.334682410968088E-001 -0.731562255009339E-002  0.550250878281195E+000
     10.95000000 -0.163202772665280E-002 -0.365958261372595E-003  0.267079552663200E-001  0.281103999783428E-003  0.932783819936760E-004  0.104102374508986E+000  0.994221978127933E+000  0.998082686366022E+000 -0.113979807228091E+001 -0.335459186197448E-001 -0.752217983416657E-002  0.548975289593447E+000
     10.96000000 -0.162454800013532E-002 -0.388177629508555E-003  0.266747152101366E-001  0.252794398175391E-003  0.106724059025646E-003  0.103985233788557E+000  0.994808615844532E+000  0.997808315401639E+000 -0.113544010068621E+001 -0.333617074135031E-001 -0.797161333432616E-002  0.547791782148000E+000
     10.97000000 -0.160714874209318E-002 -0.417865659407971E-003  0.266450049031077E-001  0.231541489498020E-003  0.106876305936903E-003  0.103872829244052E+000  0.995249399931270E+000  0.997807189599453E+000 -0.113118724776193E+001 -0.329743103112958E-001 -0.857346402412441E-002  0.546682853247774E+000
     10.98000000 -0.158450030294949E-002 -0.447108086980943E-003  0.266168942789681E-001  0.220327739670272E-003  0.902027570804221E-004  0.103766487800779E+000  0.995483592556824E+000  0.998150970894166E+000 -0.112706642639306E+001 -0.324800180524969E-001 -0.916508422846376E-002  0.545608735494099E+000
     10.99000000 -0.156153587044298E-002 -0.466602746017823E-003  0.265880007130262E-001  0.219497908421433E-003  0.580152923329718E-004  0.103666310916770E+000  0.995504697008132E+000  0.998811850558968E+000 -0.112307935401985E+001 -0.319801538009839E-001 -0.955599411070737E-002  0.544520537861251E+000
     11.00000000 -0.154221243871662E-002 -0.468632071418140E-003  0.265563082297044E-001  0.227365609384319E-003  0.167739362970797E-004  0.103571164560647E+000  0.995347800121325E+000  0.999656783166911E+000 -0.111920246209644E+001 -0.315556980658480E-001 -0.958882951427227E-002  0.543377049232922E+000
     11.01000000 -0.152897264569741E-002 -0.449850576761343E-003  0.265207998830024E-001  0.241214339550938E-003 -0.234006879472072E-004  0.103479179968614E+000  0.995068919659374E+000  0.100047837401586E+001 -0.111539724776431E+001 -0.312563795692643E-001 -0.919617523326684E-002  0.542157631110212E+000
     11.02000000 -0.152286272742733E-002 -0.412845670557851E-003  0.264816205968177E-001  0.258172166700295E-003 -0.516497217291555E-004  0.103388522330386E+000  0.994727044568590E+000  0.100105490333913E+001 -0.111162604139386E+001 -0.311032261630316E-001 -0.843203529150795E-002  0.540865450149855E+000
     11.03000000 -0.152397055283676E-002 -0.365801235908249E-003  0.264397153737428E-001  0.275659776267253E-003 -0.598048415944071E-004  0.103298056692361E+000  0.994374978815445E+000  0.100122035759247E+001 -0.110786559100486E+001 -0.310976333233076E-001 -0.746441765709495E-002  0.539519987663004E+000
     11.04000000 -0.153180058681364E-002 -0.320249801007018E-003  0.263961473784734E-001  0.291434806718578E-003 -0.451406328668914E-004  0.103207596274079E+000  0.994058465524871E+000  0.100092029030241E+001 -0.110411205944185E+001 -0.312290975057248E-001 -0.652899101092580E-002  0.538143063368676E+000
     11.05000000 -0.154538020505526E-002 -0.287598203406869E-003  0.263514576859739E-001  0.303487155129726E-003 -0.114488328293279E-004  0.103117636548048E+000  0.993818351422432E+000  0.100023319820947E+001 -0.110037552006747E+001 -0.314774354858540E-001 -0.585801077558355E-002  0.536745783694566E+000
     11.06000000 -0.156315367827020E-002 -0.275583910270125E-003  0.263053962772665E-001  0.310065782053432E-003  0.320026022770043E-004  0.103028747651324E+000  0.993690063482417E+000  0.999348736944051E+000 -0.109666752925983E+001 -0.318106706641122E-001 -0.560821954475537E-002  0.535323115889085E+000
     11.07000000 -0.158289928374426E-002 -0.285877261577778E-003  0.262571455046489E-001  0.309955641336656E-003  0.733187825876497E-004  0.102940972665867E+000  0.993698002889000E+000  0.998509287477212E+000 -0.109298888559103E+001 -0.321834010510107E-001 -0.581243712421111E-002  0.533858504397040E+000
     11.08000000 -0.160190475420725E-002 -0.313659034211346E-003  0.262058860478764E-001  0.302896388008851E-003  0.101682703507881E-003  0.102853561879613E+000  0.993847089334526E+000  0.997934460047475E+000 -0.108932428026368E+001 -0.325404238460157E-001 -0.637153856342738E-002  0.532335419455258E+000
     11.09000000 -0.161747526532868E-002 -0.349312128198818E-003  0.261513743289531E-001  0.289886698454241E-003  0.110656225691315E-003  0.102765172561090E+000  0.994116672594522E+000  0.997754202560283E+000 -0.108564642421087E+001 -0.328270893660679E-001 -0.708938225816013E-002  0.530749075762585E+000
     11.10000000 -0.162763435488369E-002 -0.381624573820842E-003  0.260942132887402E-001  0.273131430913225E-003  0.999646777300611E-004  0.102674396557711E+000  0.994461719133015E+000  0.997973018117338E+000 -0.108192680016198E+001 -0.330035110787533E-001 -0.773819427700680E-002  0.529111870109074E+000
     11.11000000 -0.163173679220626E-002 -0.401379895516439E-003  0.260356954082465E-001  0.255546366921739E-003  0.751978196378293E-004  0.102580302305041E+000  0.994822955147876E+000  0.998476587674728E+000 -0.107814664858948E+001 -0.330569151182640E-001 -0.813144693411278E-002  0.527450123859552E+000
     11.12000000 -0.163071543087597E-002 -0.404098542696989E-003  0.259773559872828E-001  0.239944165351080E-003  0.456024064712294E-004  0.102482698183081E+000  0.995143407307595E+000  0.999076983957079E+000 -0.107430225430025E+001 -0.330065148006286E-001 -0.817916129197103E-002  0.525794978474489E+000
     11.13000000 -0.162682048052163E-002 -0.391027873860192E-003  0.259205339963557E-001  0.228177826290868E-003  0.208092921743358E-004  0.102382024692387E+000  0.995385713569473E+000  0.999579187706055E+000 -0.107040269840113E+001 -0.328980943950471E-001 -0.790749321106554E-002  0.524173493260124E+000
     11.14000000 -0.162290570425256E-002 -0.368131697924597E-003  0.258661961427360E-001  0.220549202184774E-003  0.768781124834050E-005  0.102279033037498E+000  0.995543985701197E+000  0.999844674129356E+000 -0.106646330690893E+001 -0.327894680738873E-001 -0.743779661655931E-002  0.522605109090898E+000
     11.15000000 -0.162148385454467E-002 -0.343559925626580E-003  0.258150641578591E-001  0.215699846207345E-003  0.842665781456181E-005  0.102174541317400E+000  0.995645871483111E+000  0.999829899039162E+000 -0.106250070119408E+001 -0.327313589457115E-001 -0.693511885026034E-002  0.521104252003010E+000
     11.16000000 -0.162385426978191E-002 -0.324612317634605E-003  0.257678393675349E-001  0.211038822129509E-003  0.204429099580577E-004  0.102069481523236E+000  0.995743776402843E+000  0.999587708105646E+000 -0.105853374002523E+001 -0.327498362227803E-001 -0.654676988955313E-002  0.519684884786501E+000
     11.17000000 -0.162958463537446E-002 -0.315348239579498E-003  0.257252147120661E-001  0.203590327405514E-003  0.380109259952663E-004  0.101965203469487E+000  0.995897673304381E+000  0.999234083276830E+000 -0.105458963373990E+001 -0.328359831120633E-001 -0.635423852463599E-002  0.518360751263158E+000
     11.18000000 -0.163652553186032E-002 -0.315687550662588E-003  0.256874913014512E-001  0.191012844978418E-003  0.548550898378571E-004  0.101863747073248E+000  0.996154551096392E+000  0.998895663560751E+000 -0.105070938838943E+001 -0.329463461628966E-001 -0.635538592033057E-002  0.517137657798692E+000
     11.19000000 -0.164138297295651E-002 -0.322220478864154E-003  0.256539137950197E-001  0.172479645496978E-003  0.666176032831906E-004  0.101767714714235E+000  0.996530762438457E+000  0.998660060490592E+000 -0.104694517675849E+001 -0.330146055567944E-001 -0.648110903262266E-002  0.516000140664931E+000
     11.20000000 -0.164070562533825E-002 -0.330250013174172E-003  0.256221230691483E-001  0.149131847787005E-003  0.722244303681871E-004  0.101679555746641E+000  0.997003055835512E+000  0.998548582423289E+000 -0.104334591010916E+001 -0.329715162955830E-001 -0.663668334089114E-002  0.514900561840696E+000
     11.21000000 -0.163199920903840E-002 -0.336112351052072E-003  0.255881976876237E-001  0.123923901472574E-003  0.736789232544969E-004  0.101600437675605E+000  0.997511854685848E+000  0.998520673853316E+000 -0.103993458819832E+001 -0.327672961907831E-001 -0.674846709441301E-002  0.513760085161259E+000
     11.22000000 -0.161460748950541E-002 -0.338755290051268E-003  0.255475310141011E-001  0.100863765269434E-003  0.744989568754845E-004  0.101529215956370E+000  0.997976661268512E+000  0.998505542357070E+000 -0.103668774880048E+001 -0.323892119329506E-001 -0.679547007814240E-002  0.512486410324293E+000
     11.23000000 -0.159004067479721E-002 -0.339923884507689E-003  0.254963593059341E-001  0.838620626748396E-004  0.775872832007252E-004  0.101462108577585E+000  0.998319215403386E+000  0.998444976115093E+000 -0.103352915248972E+001 -0.318679959560675E-001 -0.681284016727647E-002  0.511004459278742E+000
     11.24000000 -0.156160149871969E-002 -0.342942743930735E-003  0.254333469087205E-001  0.755704390464223E-004  0.835412812473652E-004  0.101393437190961E+000  0.998486745724442E+000  0.998327134225653E+000 -0.103034485810592E+001 -0.312701656159918E-001 -0.686722983316101E-002  0.509288042216093E+000
     11.25000000 -0.153341483590231E-002 -0.350712470542625E-003  0.253604884887225E-001  0.766270050666619E-004  0.901783258846063E-004  0.101317309417635E+000  0.998466952523036E+000  0.998195836378390E+000 -0.102701704758438E+001 -0.306784500225958E-001 -0.701657160732499E-002  0.507377690911721E+000
     11.26000000 -0.150921017401182E-002 -0.363877934375905E-003  0.252828161618876E-001  0.855924538469891E-004  0.934850176447823E-004  0.101229631913154E+000  0.998289104979464E+000  0.998131341677982E+000 -0.102346428203234E+001 -0.301673810669653E-001 -0.727350272162432E-002  0.505374508292783E+000
     11.27000000 -0.149132061167944E-002 -0.380033176424848E-003  0.252069107769160E-001  0.995881107938176E-004  0.895501440644345E-004  0.101129622273047E+000  0.998011114171581E+000  0.998211583581183E+000 -0.101967153477396E+001 -0.297833386591557E-001 -0.758968709111418E-002  0.503410168370547E+000
     11.28000000 -0.148027393589972E-002 -0.394352370399544E-003  0.251387613833431E-001  0.115350446515452E-003  0.766018616600811E-004  0.101020161026780E+000  0.997698364985261E+000  0.998471531473722E+000 -0.101569692045046E+001 -0.295365161140967E-001 -0.786867542584864E-002  0.501604069814444E+000
     11.29000000 -0.147508343809588E-002 -0.401399002180853E-003  0.250818197361818E-001  0.130241083433832E-003  0.562283205765178E-004  0.100906817405958E+000  0.997403547787218E+000  0.998879046891098E+000 -0.101165194906866E+001 -0.294068780441911E-001 -0.800218563868460E-002  0.500024605428687E+000
     11.30000000 -0.147402166427608E-002 -0.397352030722125E-003  0.250360066820911E-001  0.142796393112409E-003  0.332232275669838E-004  0.100795951677397E+000  0.997155767662835E+000  0.999338256547442E+000 -0.100766349182539E+001 -0.293597057449126E-001 -0.791449609044552E-002  0.498669596945753E+000
     11.31000000 -0.147544679424903E-002 -0.381717219769596E-003  0.249979975893305E-001  0.152654912933674E-003  0.140897686905101E-004  0.100692664720972E+000  0.996962093126899E+000  0.999719606763237E+000 -0.100383290880153E+001 -0.293621074553422E-001 -0.759635797652328E-002  0.497472287206325E+000
     11.32000000 -0.147826867272296E-002 -0.357820719228093E-003  0.249625673766257E-001  0.160034440584407E-003  0.479216740555460E-005  0.100599367387027E+000  0.996818050339212E+000  0.999904717788278E+000 -0.100020771631205E+001 -0.293922763409359E-001 -0.711451555060829E-002  0.496328368483609E+000
     11.33000000 -0.148188648251380E-002 -0.331889785855055E-003  0.249243788832799E-001  0.165159574467100E-003  0.863125459208504E-005  0.100515407058113E+000  0.996719046155607E+000  0.999828537049534E+000 -0.996774406037835E+000 -0.294382034311043E-001 -0.659310895132332E-002  0.495131674806328E+000
     11.34000000 -0.148576686529440E-002 -0.311082144338215E-003  0.248795194700493E-001  0.168029711274922E-003  0.250394708217747E-004  0.100437710714453E+000  0.996664973400674E+000  0.999503020623019E+000 -0.993471477553259E+000 -0.294892610274507E-001 -0.617430821056238E-002  0.493804688358327E+000
     11.35000000 -0.148906152152893E-002 -0.301202328280485E-003  0.248263206844440E-001  0.168666160991672E-003  0.497060204659244E-004  0.100362025097511E+000  0.996655290728457E+000  0.999014312138686E+000 -0.990214242624719E+000 -0.295286134911281E-001 -0.597294806549707E-002  0.492314667526317E+000
     11.36000000 -0.149064051132599E-002 -0.304911068767726E-003  0.247653727171092E-001  0.167629379890213E-003  0.759355981347169E-004  0.100284213638311E+000  0.996678776650181E+000  0.998495495946041E+000 -0.986920623174661E+000 -0.295339043528358E-001 -0.604117107557774E-002  0.490673736244298E+000
     11.37000000 -0.148964017025391E-002 -0.321002585235256E-003  0.246989605160693E-001  0.166366534804028E-003  0.967201508313637E-004  0.100201208061617E+000  0.996706696302574E+000  0.998085379185641E+000 -0.983529977255043E+000 -0.294881268417939E-001 -0.635439694698052E-002  0.488927524312243E+000
     11.38000000 -0.148624858844689E-002 -0.344917248641809E-003  0.246302658829037E-001  0.166993059020177E-003  0.106805621078275E-003  0.100111477108290E+000  0.996697198799789E+000  0.997887590445038E+000 -0.980012275289734E+000 -0.293951356453734E-001 -0.682179911830899E-002  0.487139239180809E+000
     11.39000000 -0.148220752381102E-002 -0.370239635045186E-003  0.245625999191733E-001  0.171430327336521E-003  0.104100858889039E-003  0.100015094233879E+000  0.996612414963701E+000  0.997942893084803E+000 -0.976369303464122E+000 -0.292894734926059E-001 -0.731619817222750E-002  0.485374421384892E+000
     11.40000000 -0.148056814705563E-002 -0.390642983850113E-003  0.244987654289270E-001  0.180245806170871E-003  0.900432771883419E-004  0.999135559591730E-001  0.996441339213187E+000  0.998222241690647E+000 -0.972630937808894E+000 -0.292314141397364E-001 -0.771261144879674E-002  0.483688345983520E+000
     11.41000000 -0.148460138785205E-002 -0.401650706504640E-003  0.244405364854184E-001  0.191821152286953E-003  0.688925843748004E-004  0.998094367153701E-001  0.996216121989668E+000  0.998641019866773E+000 -0.968848212557596E+000 -0.292853550227773E-001 -0.792299106776122E-002  0.482115801439591E+000
     11.42000000 -0.149625021848114E-002 -0.401692846107093E-003  0.243882521275204E-001  0.202419309611452E-003  0.462540402795662E-004  0.997058688165443E-001  0.996010558410086E+000  0.999088388393642E+000 -0.965082978391656E+000 -0.294892955715783E-001 -0.791688376818765E-002  0.480663171560089E+000
     11.43000000 -0.151484851928883E-002 -0.392188713709736E-003  0.243406166458979E-001  0.207324695280429E-003  0.273477976091616E-004  0.996058193787066E-001  0.995917454056303E+000  0.999461479299187E+000 -0.961393616535182E+000 -0.298297251534488E-001 -0.772280620093835E-002  0.479304627074833E+000
     11.44000000 -0.153680869835082E-002 -0.376707637527267E-003  0.242948720119394E-001  0.202680361561366E-003  0.155905548559867E-004  0.995112379843118E-001  0.996012396932569E+000  0.999693266067379E+000 -0.957818284777352E+000 -0.302357023265097E-001 -0.741147548463254E-002  0.477985658853921E+000
     11.45000000 -0.155657507755237E-002 -0.359557421289777E-003  0.242474599035581E-001  0.187234498238463E-003  0.119286757310150E-004  0.994223073767449E-001  0.996319501373336E+000  0.999765516103822E+000 -0.954360276565442E+000 -0.305978464926643E-001 -0.706787802309051E-002  0.476636216694880E+000
     11.46000000 -0.156854101419338E-002 -0.344334481099631E-003  0.241951054015982E-001  0.163170682668385E-003  0.150896047754730E-004  0.993371229674816E-001  0.996795326505330E+000  0.999703640043185E+000 -0.950981878636108E+000 -0.308061578911497E-001 -0.676273192485010E-002  0.475192060934373E+000
     11.47000000 -0.156914000664800E-002 -0.332970387085936E-003  0.241360170572427E-001  0.135575686253063E-003  0.225795037866894E-004  0.992520565431017E-001  0.997339613906425E+000  0.999556924994930E+000 -0.947611686752644E+000 -0.307910538233696E-001 -0.653383959806919E-002  0.473618285903560E+000
     11.48000000 -0.155820239126097E-002 -0.325606525353462E-003  0.240707480718320E-001  0.110717098057150E-003  0.319669745460023E-004  0.991628186167918E-001  0.997829303621674E+000  0.999373262151098E+000 -0.944165580685082E+000 -0.305497917373416E-001 -0.638377375985026E-002  0.471926076279089E+000
     11.49000000 -0.153898893222655E-002 -0.321278742390904E-003  0.240023106785493E-001  0.938518370458742E-004  0.418777308098437E-004  0.990659220886249E-001  0.998161561845457E+000  0.999179668501227E+000 -0.940575450789085E+000 -0.301468363484588E-001 -0.629344205554784E-002  0.470174747107650E+000
     11.50000000 -0.151691253918237E-002 -0.319030544175208E-003  0.239353915960267E-001  0.874910586327665E-004  0.522548839007344E-004  0.989600231678355E-001  0.998287651701230E+000  0.998977283359601E+000 -0.936815372516224E+000 -0.296885492808368E-001 -0.624396844787314E-002  0.468456179640910E+000
     11.51000000 -0.149753911191263E-002 -0.318862604950255E-003  0.238748790279183E-001  0.908117771492786E-004  0.637848816238776E-004  0.988466010889419E-001  0.998224203782476E+000  0.998752706366084E+000 -0.932914714798445E+000 -0.292839142015369E-001 -0.623525962772088E-002  0.466865875798524E+000
     11.52000000 -0.148473610478172E-002 -0.321988730024390E-003  0.238242157887052E-001  0.100361455757591E-003  0.768093551455648E-004  0.987296637067005E-001  0.998039166361988E+000  0.998499320619191E+000 -0.928952148056774E+000 -0.290083526175505E-001 -0.629092442040261E-002  0.465470766292826E+000
     11.53000000 -0.147969573051116E-002 -0.330205461235749E-003  0.237841936148055E-001  0.111629501754852E-003  0.903360059781604E-004  0.986145419689659E-001  0.997820906051997E+000  0.998236571508255E+000 -0.925031897585437E+000 -0.288848016031081E-001 -0.644586521362913E-002  0.464285798551466E+000
     11.54000000 -0.148109920562407E-002 -0.344652421304344E-003  0.237526484294313E-001  0.120736475391855E-003  0.101760755500015E-003  0.985061990413480E-001  0.997645173252092E+000  0.998015272947458E+000 -0.921250654240783E+000 -0.288871446212875E-001 -0.672205096086082E-002  0.463268218438121E+000
     11.55000000 -0.148616103048511E-002 -0.364610891081302E-003  0.237251703980353E-001  0.125548677191334E-003  0.107584877087879E-003  0.984076715768878E-001  0.997553436836489E+000  0.997903496849808E+000 -0.917667232128604E+000 -0.289607737299326E-001 -0.710516108246220E-002  0.462331656871204E+000
     11.56000000 -0.149195913592218E-002 -0.387049629936317E-003  0.236965547059457E-001  0.125890683527955E-003  0.104892538850523E-003  0.983192023665212E-001  0.997548894339059E+000  0.997957730559864E+000 -0.914285845038625E+000 -0.290486109175801E-001 -0.753589949959585E-002  0.461374565272324E+000
     11.57000000 -0.149645183342459E-002 -0.407311661655716E-003  0.236624502713851E-001  0.122982865393221E-003  0.929034030745017E-004  0.982383473231983E-001  0.997607579450679E+000  0.998192723759471E+000 -0.911058423593326E+000 -0.291109017984510E-001 -0.792354923759122E-002  0.460312354046598E+000
     11.58000000 -0.149885645360481E-002 -0.420772263597185E-003  0.236206163768996E-001  0.118539495197644E-003  0.737816489026819E-004  0.981609671596727E-001  0.997696008940135E+000  0.998565944125454E+000 -0.907904115725614E+000 -0.291325002132757E-001 -0.817833357524274E-002  0.459101743854628E+000
     11.59000000 -0.149943241312948E-002 -0.424763266205583E-003  0.235713760957976E-001  0.113999176609296E-003  0.521713866694195E-004  0.980826978337774E-001  0.997786168543508E+000  0.998986846568784E+000 -0.904737983732804E+000 -0.291185492895804E-001 -0.824878133559617E-002  0.457749392809376E+000
     11.60000000 -0.149896902409587E-002 -0.419839885895933E-003  0.235171745134245E-001  0.110158488357503E-003  0.335257439903880E-004  0.980003514873786E-001  0.997862597790543E+000  0.999349500884161E+000 -0.901498204268243E+000 -0.290844559668656E-001 -0.814614210046089E-002  0.456303109407713E+000
     11.61000000 -0.149831544602513E-002 -0.409706911961078E-003  0.234614765372465E-001  0.107197335971594E-003  0.219143381263234E-004  0.979127702480645E-001  0.997921844464646E+000  0.999575162921092E+000 -0.898162520818680E+000 -0.290467343207956E-001 -0.794268513529522E-002  0.454830307969440E+000
     11.62000000 -0.149813748883260E-002 -0.399730631811079E-003  0.234074513330909E-001  0.104892237375113E-003  0.183100063356262E-004  0.978208929187152E-001  0.997968281680417E+000  0.999645342913501E+000 -0.894749365199894E+000 -0.290182901755607E-001 -0.774261344664224E-002  0.453392442360707E+000
     11.63000000 -0.149887623094232E-002 -0.394649997643424E-003  0.233569215343103E-001  0.102799835831624E-003  0.201871982074677E-004  0.977270957248154E-001  0.998010522728938E+000  0.999609318714614E+000 -0.891304924162109E+000 -0.290076357561388E-001 -0.763763087737030E-002  0.452024695745583E+000
     11.64000000 -0.150075846711155E-002 -0.396517319878007E-003  0.233099125086308E-001  0.100323332663889E-003  0.226719337372931E-004  0.976341172227678E-001  0.998060118301202E+000  0.999561608768713E+000 -0.887882231876228E+000 -0.290191105833750E-001 -0.766717643506596E-002  0.450727377922883E+000
     11.65000000 -0.150373313741922E-002 -0.403822952574465E-003  0.232648897075199E-001  0.967313051393482E-004  0.207501649324913E-004  0.975439899708398E-001  0.998131180325370E+000  0.999599113064568E+000 -0.884520500750295E+000 -0.290516712097919E-001 -0.780173779058652E-002  0.449470660515552E+000
     11.66000000 -0.150733817675475E-002 -0.412214784215884E-003  0.232195202799583E-001  0.912640036575906E-004  0.115322860635523E-004  0.974573516325205E-001  0.998238319115386E+000  0.999777390788264E+000 -0.881231882838346E+000 -0.290963440810783E-001 -0.795703537654395E-002  0.448209407737416E+000
     11.67000000 -0.151062799176374E-002 -0.416476254298426E-003  0.231716297400195E-001  0.833947388091717E-004 -0.445691714050158E-005  0.973733311284894E-001  0.998391599970946E+000  0.100008595872786E+001 -0.877999390040069E+000 -0.291348607902326E-001 -0.803240622944837E-002  0.446901692831775E+000
     11.68000000 -0.151231285275449E-002 -0.412845234217052E-003  0.231199958907466E-001  0.731678688396253E-004 -0.235272034345140E-004  0.972899790838486E-001  0.998590049589697E+000  0.100045337100372E+001 -0.874785313595611E+000 -0.291423839598366E-001 -0.795555913555092E-002  0.445524083307759E+000
     11.69000000 -0.151115392084977E-002 -0.400623530473236E-003  0.230647254864635E-001  0.614194384552693E-004 -0.404491620923830E-004  0.972050241365368E-001  0.998817455191562E+000  0.100077879166337E+001 -0.871545874364758E+000 -0.290951410301998E-001 -0.771344199840392E-002  0.444078813939837E+000
     11.70000000 -0.150648711254914E-002 -0.382395661897050E-003  0.230071406859842E-001  0.496916379799983E-004 -0.506718190730644E-004  0.971166522242857E-001  0.999044075205537E+000  0.100097478067139E+001 -0.868246240017857E+000 -0.289804973626497E-001 -0.735619732739977E-002  0.442591492763619E+000
     11.71000000 -0.149862696170718E-002 -0.362846885742650E-003  0.229492846402148E-001  0.397898830821534E-004 -0.521211525240785E-004  0.970240431663483E-001  0.999235210276894E+000  0.100100180545202E+001 -0.864870800314923E+000 -0.288046711953735E-001 -0.697417403072484E-002  0.441101498319090E+000
     11.72000000 -0.148891395191804E-002 -0.346803884196046E-003  0.228932696642795E-001  0.331274282046674E-004 -0.458316294718047E-004  0.969275268136304E-001  0.999363810663716E+000  0.100088016473100E+001 -0.861426083855376E+000 -0.285935621987487E-001 -0.666012862647497E-002  0.439649402999440E+000
     11.73000000 -0.147932189378036E-002 -0.337414937672894E-003  0.228407042766884E-001  0.301423304934034E-004 -0.352532104134429E-004  0.968283768263560E-001  0.999421630888738E+000  0.100067643634856E+001 -0.857936706728609E+000 -0.283851339618211E-001 -0.647429626157257E-002  0.438265974026341E+000
     11.74000000 -0.147175803373594E-002 -0.335226536321386E-003  0.227923596787808E-001  0.300689998288567E-004 -0.246845535850007E-004  0.967283785993570E-001  0.999423529402627E+000  0.100047324219070E+001 -0.854437011920309E+000 -0.282159445849444E-001 -0.642682639090942E-002  0.436965821089574E+000
     11.75000000 -0.146735093298085E-002 -0.338419730004880E-003  0.227481193625026E-001  0.311945469087505E-004 -0.176160141282117E-004  0.966293500731733E-001  0.999402459851185E+000  0.100033743960874E+001 -0.850961848925882E+000 -0.281075117847386E-001 -0.648252325704853E-002  0.435746499825564E+000
     11.76000000 -0.146604073001363E-002 -0.343914994948261E-003  0.227071533011314E-001  0.315048374403636E-004 -0.156934324421733E-004  0.965327610725601E-001  0.999397029317019E+000  0.100030035640387E+001 -0.847539286121461E+000 -0.280585348814216E-001 -0.658218471318324E-002  0.434591918160187E+000
     11.77000000 -0.146665101871580E-002 -0.348713218849401E-003  0.226682075929656E-001  0.294425174789113E-004 -0.186195214318336E-004  0.964395220397541E-001  0.999436978792056E+000  0.100035605601509E+001 -0.844186599574740E+000 -0.280463662382457E-001 -0.666834749586942E-002  0.433477933062475E+000
     11.78000000 -0.146740061865390E-002 -0.350849256039367E-003  0.226299054763011E-001  0.244512816901138E-004 -0.248272470495257E-004  0.963499402686155E-001  0.999532821751622E+000  0.100047436162798E+001 -0.840909482640662E+000 -0.280368800040935E-001 -0.670349893959071E-002  0.432378136057387E+000
     11.79000000 -0.146661824918967E-002 -0.349638777070640E-003  0.225909927355130E-001  0.170875612626770E-004 -0.324366356660129E-004  0.962638002355400E-001  0.999673793541706E+000  0.100061922470251E+001 -0.837703628622559E+000 -0.279981641255096E-001 -0.667470479824928E-002  0.431268547705962E+000
     11.80000000 -0.146334698921491E-002 -0.345304076861991E-003  0.225504985175493E-001  0.868412497748033E-005 -0.399773633220970E-004  0.961805169408350E-001  0.999834358050523E+000  0.100076253259975E+001 -0.834557697995412E+000 -0.279120404972874E-001 -0.658636772295629E-002  0.430130674744167E+000
     11.81000000 -0.145759757098999E-002 -0.338352778691774E-003  0.225078036659350E-001  0.747129876015604E-006 -0.465918304118970E-004  0.960993193553440E-001  0.999985761229797E+000  0.100088794517244E+001 -0.831456844298917E+000 -0.277788340805209E-001 -0.644831322926687E-002  0.428952789162711E+000
     11.82000000 -0.145018491755320E-002 -0.329129160954151E-003  0.224626167243502E-001 -0.563335387710360E-005 -0.517676873889308E-004  0.960194252115621E-001  0.100010726939536E+001  0.100098575176463E+001 -0.828386057315820E+000 -0.276141820047542E-001 -0.626722319591808E-002  0.427729442653294E+000
     11.83000000 -0.144226992328942E-002 -0.317777666700970E-003  0.224148694235039E-001 -0.101165245640673E-004 -0.548986094582703E-004  0.959401638693118E-001  0.100019247435425E+001  0.100104448660585E+001 -0.825332501374303E+000 -0.274402508872188E-001 -0.604595489361792E-002  0.426459451627745E+000
     11.84000000 -0.143484012870023E-002 -0.304580402132144E-003  0.223645695118317E-001 -0.130867194479975E-004 -0.550236566112423E-004  0.958610047049869E-001  0.100024877421543E+001  0.100104598154319E+001 -0.822286045835094E+000 -0.272758370578463E-001 -0.578997287112069E-002  0.425143081568388E+000
     11.85000000 -0.142835573992782E-002 -0.290411763422447E-003  0.223116802095759E-001 -0.153399055997419E-004 -0.509534973613775E-004  0.957814734459799E-001  0.100029136045870E+001  0.100096779176814E+001 -0.819237664565070E+000 -0.271296574064497E-001 -0.551597296682693E-002  0.423779751309466E+000
     11.86000000 -0.142267961212375E-002 -0.276994826751306E-003  0.222561061199043E-001 -0.176632991657154E-004 -0.417565533090941E-004  0.957009920725350E-001  0.100033520725619E+001  0.100079243970967E+001 -0.816176393000145E+000 -0.269990631276151E-001 -0.525670063009997E-002  0.422367769233153E+000
     11.87000000 -0.141726512523014E-002 -0.266751246254164E-003  0.221978307417952E-001 -0.205049468557099E-004 -0.273783417047730E-004  0.956187370039091E-001  0.100038880711576E+001  0.100051913785232E+001 -0.813086647289669E+000 -0.268736500265531E-001 -0.505803713671235E-002  0.420906945414888E+000
     11.88000000 -0.141146764911305E-002 -0.262235342011993E-003  0.221371712999879E-001 -0.238520121061611E-004 -0.909155090429579E-005  0.955336351312293E-001  0.100045189221125E+001  0.100017224547026E+001 -0.809948168577722E+000 -0.267411920734476E-001 -0.496822272447796E-002  0.419403413225786E+000
     11.89000000 -0.140481961858270E-002 -0.265332934802828E-003  0.220750273467430E-001 -0.273175408993955E-004  0.104617334432844E-004  0.954445755584658E-001  0.100051711367509E+001  0.999801962209976E+000 -0.806740050861971E+000 -0.265928561605392E-001 -0.502268083142517E-002  0.417874308706025E+000
     11.90000000 -0.139716537496522E-002 -0.276510420083360E-003  0.220129556126854E-001 -0.303405161621727E-004  0.277172417132598E-004  0.953508092104480E-001  0.100057385514399E+001  0.999475761003886E+000 -0.803448301827947E+000 -0.264257382157354E-001 -0.522986906630706E-002  0.416349140050732E+000
     11.91000000 -0.138864779001377E-002 -0.294393729425696E-003  0.219529475386414E-001 -0.323772291966664E-004  0.390282079154414E-004  0.952523849986186E-001  0.100061186300267E+001  0.999262447186601E+000 -0.800074056459494E+000 -0.262425855310588E-001 -0.556343565288404E-002  0.414865531479320E+000
     11.92000000 -0.137961668520541E-002 -0.315857976070328E-003  0.218969160575652E-001 -0.330062533180842E-004  0.416614688648280E-004  0.951504006430519E-001  0.100062322698367E+001  0.999213344473671E+000 -0.796638249628791E+000 -0.260500438223549E-001 -0.596405813767559E-002  0.413459498562871E+000
     11.93000000 -0.137054804359592E-002 -0.336655692699539E-003  0.218460590210857E-001 -0.319483011085060E-004  0.346489335597321E-004  0.950468838654313E-001  0.100060274497829E+001  0.999346304185778E+000 -0.793179291668478E+000 -0.258571167203389E-001 -0.635143407148229E-002  0.412153445205432E+000
     11.94000000 -0.136201966742814E-002 -0.352446403291801E-003  0.218003723062922E-001 -0.290633144084811E-004  0.192141063249427E-004  0.949442679186655E-001  0.100054785684084E+001  0.999637805260513E+000 -0.789743108683439E+000 -0.256746970313053E-001 -0.664377676819978E-002  0.410947042483322E+000
     11.95000000 -0.135471775035403E-002 -0.359952226132240E-003  0.217585661706016E-001 -0.243920858619038E-004 -0.140318917057519E-005  0.948446227326872E-001  0.100045941726318E+001  0.100002642862657E+001 -0.786368629977065E+000 -0.255156826183621E-001 -0.677958693415139E-002  0.409815748331795E+000
     11.96000000 -0.134940080367169E-002 -0.357892355575963E-003  0.217184835249781E-001 -0.182570674569464E-004 -0.227311549532756E-004  0.947489498371809E-001  0.100034357860819E+001  0.100042777618037E+001 -0.783074548497096E+000 -0.253942891492010E-001 -0.673515380830904E-002  0.408718780228057E+000
     11.97000000 -0.134675894801039E-002 -0.347378440197895E-003  0.216778918118033E-001 -0.113631835423442E-004 -0.402684261696438E-004  0.946568602309131E-001  0.100021366438973E+001  0.100075717589801E+001 -0.779853348272675E+000 -0.253233988227052E-001 -0.653183169604059E-002  0.407614072879742E+000
     11.98000000 -0.134717619971686E-002 -0.331597230843575E-003  0.216353310117172E-001 -0.479735594183752E-005 -0.507479678281811E-004  0.945668077803157E-001  0.100009013042102E+001  0.100095342846390E+001 -0.776675798781045E+000 -0.253100998850569E-001 -0.622988962841170E-002  0.406474215524235E+000
     11.99000000 -0.135048979331378E-002 -0.314839109138342E-003  0.215906493019285E-001  0.148135293241387E-006 -0.530442732763972E-004  0.944768066069666E-001  0.999997219226386E+000  0.100099573918065E+001 -0.773504512191030E+000 -0.253511928284556E-001 -0.591011276443674E-002  0.405296446115069E+000
     12.00000000 -0.135588555957324E-002 -0.301175538534719E-003  0.215449807657704E-001  0.231300507463934E-005 -0.483964610879641E-004  0.943853348447533E-001  0.999956616796795E+000  0.100090773406802E+001 -0.770310928408734E+000 -0.254312709461933E-001 -0.564891090458463E-002  0.404102130534737E+000
