# Fourier-transform spectra: 
# sigma: Conductivity
# eps: Dielectric constant
# 1:Energy[eV] 2:Re(sigma_x)[1/fs*V*Angstrom] 3:Re(sigma_y)[1/fs*V*Angstrom] 4:Re(sigma_z)[1/fs*V*Angstrom] 5:Im(sigma_x)[1/fs*V*Angstrom] 6:Im(sigma_y)[1/fs*V*Angstrom] 7:Im(sigma_z)[1/fs*V*Angstrom] 8:Re(eps_x)[none] 9:Re(eps_y)[none] 10:Re(eps_z)[none] 11:Im(eps_x)[none] 12:Im(eps_y)[none] 13:Im(eps_z)[none]
      0.01000000  0.768531697857012E-002 -0.704702179600004E-002  0.639260939341846E-001  0.171631711146250E-002 -0.120945300190359E-002  0.642444930007183E-002 -0.376299199217923E+002  0.282217018059647E+002 -0.143597965227949E+003  0.172976880247250E+003 -0.158610483953422E+003  0.143881330151528E+004
      0.02000000  0.651273437218710E-002 -0.674709439020899E-002  0.605689599923287E-001  0.298684699371245E-002 -0.242323962016174E-002  0.117691332144816E-001 -0.326131532498208E+002  0.282704711305932E+002 -0.131446583031769E+003  0.732925184947644E+002 -0.759299415760214E+002  0.681626390200159E+003
      0.03000000  0.494142906557250E-002 -0.619649282465277E-002  0.558644175143991E-001  0.350034350117883E-002 -0.361479099045408E-002  0.152826266324333E-001 -0.252612676577937E+002  0.281199080019792E+002 -0.113657646706186E+003  0.370729876251568E+002 -0.464890821580801E+002  0.419121843441450E+003
      0.04000000  0.342120829534730E-002 -0.535550761342331E-002  0.508225009664543E-001  0.317234678959889E-002 -0.471099839807931E-002  0.167421770677685E-001 -0.168503584255964E+002  0.275081390924348E+002 -0.932059242905962E+002  0.192506678402252E+002 -0.301347036723888E+002  0.285971212640071E+003
      0.05000000  0.237325425606785E-002 -0.422434230482290E-002  0.463462696067620E-001  0.216621124448209E-002 -0.560053470899655E-002  0.164557023475428E-001 -0.875117783877638E+001  0.262107499112913E+002 -0.730751763991624E+002  0.106831798452249E+002 -0.190158338302057E+002  0.208627260268637E+003
      0.06000000  0.206384662334215E-002 -0.286665363060599E-002  0.429819154806822E-001  0.836759290787679E-003 -0.616440343690997E-002  0.150819621361848E-001 -0.213888618261614E+001  0.241241660358186E+002 -0.555760823658695E+002  0.774198711668854E+001 -0.107535100841070E+002  0.161235545383292E+003
      0.07000000  0.252977682529073E-002 -0.140948082186262E-002  0.408310525436611E-001 -0.384470394737143E-003 -0.631705963987549E-002  0.133593736682121E-001  0.223620683096094E+001  0.213115568462451E+002 -0.419550602909091E+002  0.813411756806190E+001 -0.453197396716666E+001  0.131286119193413E+003
      0.08000000  0.357870446121697E-002 -0.172450997488032E-004  0.396338206568975E-001 -0.112413328761117E-002 -0.604124850695167E-002  0.118612741678545E-001  0.416267158555837E+001  0.179966366131147E+002 -0.323708779845034E+002  0.100684385360153E+002 -0.485179004720701E-001  0.111507024834268E+003
      0.09000000  0.486241677586139E-002  0.115153833244975E-002  0.389587945708364E-001 -0.117729846599624E-002 -0.540156696826561E-002  0.108673256488309E-001  0.394422058084917E+001  0.145083881412732E+002 -0.261773086929175E+002  0.121600664212563E+002  0.287979892606615E+001  0.974292314935355E+002
      0.10000000  0.599600691884170E-002  0.198859290589639E-002  0.384014611882643E-001 -0.557074337517848E-003 -0.453005836040007E-002  0.103762148735188E-001  0.225383222628729E+001  0.111960057692476E+002 -0.223542127488193E+002  0.134954820166068E+002  0.447581534896911E+001  0.864318930735588E+002
      0.11000000  0.668047271215072E-002  0.246411953771733E-002  0.377087067346520E-001  0.530412421440054E-003 -0.358849667365470E-002  0.102188479845121E-001 -0.852936859506932E-001  0.834253691004985E+001 -0.199091091139432E+002  0.136691271934748E+002  0.504191317475509E+001  0.771569813794593E+002
      0.12000000  0.678625874600707E-002  0.262814173175675E-002  0.367978763696709E-001  0.177274880466698E-002 -0.272158378159176E-002  0.101956629669101E-001 -0.232500444840021E+001  0.610465902256602E+001 -0.181231970542683E+002  0.127284477411943E+002  0.492939717466569E+001  0.690188605958874E+002
      0.13000000  0.637115562838762E-002  0.258510214061322E-002  0.356951970352098E-001  0.286485501291754E-002 -0.201890385911099E-002  0.101691182608637E-001 -0.396004447759060E+001  0.449541351726969E+001 -0.166062239255857E+002  0.110306508175686E+002  0.447569651474202E+001  0.618006021710310E+002
      0.14000000  0.563166531735738E-002  0.245268747752708E-002  0.344509287164301E-001  0.360652539105100E-002 -0.149952753032054E-002  0.100820234714412E-001 -0.479812046061373E+001  0.341075281942530E+001 -0.152086163927203E+002  0.905388715269324E+001  0.394312417215413E+001  0.553858944605040E+002
      0.15000000  0.481213535336993E-002  0.232183392956595E-002  0.330851165432403E-001  0.394976415516859E-002 -0.112336209149785E-002  0.991838879127628E-002 -0.492660769602237E+001  0.268560100181646E+001 -0.138825086848789E+002  0.722059274912992E+001  0.348390392318603E+001  0.496441049707677E+002
      0.16000000  0.411038724076098E-002  0.223338856494696E-002  0.315865815544609E-001  0.398376117250287E-002 -0.822079525448780E-003  0.965070890523112E-002 -0.460401884846753E+001  0.215643206408877E+001 -0.125758024299459E+002  0.578214570961667E+001  0.314174245692827E+001  0.444333359167324E+002
      0.17000000  0.361652110609403E-002  0.217876626585222E-002  0.299505997975018E-001  0.387098223497624E-002 -0.534769712627784E-003  0.921482540877805E-002 -0.412505502272798E+001  0.170801776793033E+001 -0.112001301938574E+002  0.478815673503155E+001  0.288461592338585E+001  0.396536234496163E+002
      0.18000000  0.330458152035844E-002  0.212099501766511E-002  0.282191697776081E-001  0.376617793407995E-002 -0.232730806840505E-003  0.852754018850388E-002 -0.370928099582424E+001  0.129100982082637E+001 -0.966295423470459E+001  0.413209445367793E+001  0.265212151516901E+001  0.352856403169629E+002
      0.19000000  0.307286810079003E-002  0.202388352527446E-002  0.264914665607247E-001  0.375366357205880E-002  0.758867242688606E-004  0.753155390984529E-002 -0.344659955575705E+001  0.910104390565642E+000 -0.792189820072499E+001  0.364012748334253E+001  0.239749764773231E+001  0.313818596629485E+002
      0.20000000  0.280869935050819E-002  0.187458657290075E-002  0.248950314893419E-001  0.382636418089626E-002  0.360738897024128E-003  0.623546615050724E-002 -0.330608484039653E+001  0.594034382933955E+000 -0.601722183099041E+001  0.316083287493612E+001  0.210960808798081E+001  0.280161826291035E+002
      0.21000000  0.244592893981781E-002  0.168944154805116E-002  0.235343836889772E-001  0.390920376101471E-002  0.593397307032910E-003  0.472144662787381E-002 -0.318981925885223E+001  0.364006683419289E+000 -0.406036758901864E+001  0.262150576033740E+001  0.181071521656689E+001  0.252237591216528E+002
      0.22000000  0.199082384023834E-002  0.150204411913569E-002  0.224473525162326E-001  0.390955562626159E-002  0.767397365536526E-003  0.311424200647178E-002 -0.299973291022771E+001  0.214901950098736E+000 -0.218607469350925E+001  0.203674391503195E+001  0.153669006665747E+001  0.229651201286299E+002
      0.23000000  0.150939970614439E-002  0.134148515185328E-002  0.215939885076032E-001  0.376759681100424E-002  0.903875919785907E-003  0.152835043766567E-002 -0.268691274890883E+001  0.115480817279362E+000 -0.495620416964943E+000  0.147707552027034E+001  0.131275689967511E+001  0.211315476475445E+002
      0.24000000  0.108793622796588E-002  0.121312385871793E-002  0.208835355735808E-001  0.348311617552435E-002  0.104049859074847E-002  0.219430914008206E-004 -0.226650249246361E+001  0.242096247125284E-001  0.979421541188661E+000  0.102027788371343E+001  0.113768014286019E+001  0.195847963619201E+002
      0.25000000  0.789351607321243E-003  0.109229476483544E-002  0.202239961396621E-001  0.310950204450662E-002  0.121007136364370E-002 -0.141901419641672E-002 -0.179947835219294E+001 -0.894247820527256E-001  0.227753558848468E+001  0.710651643039891E+000  0.983390750224021E+000  0.182076224995057E+002
      0.26000000  0.627040060506027E-003  0.934297033841019E-003  0.195680211493313E-001  0.272246863219309E-002  0.142023268123309E-002 -0.286038188261676E-002 -0.135676246156190E+001 -0.229454411424109E+000  0.347614997909178E+001  0.542810469520699E+000  0.808793956803602E+000  0.169394707239082E+002
      0.27000000  0.566509523644355E-003  0.695693512191630E-003  0.189328995834394E-001  0.238223704597356E-002  0.164468186641736E-002 -0.437607066035734E-002 -0.985854774524416E+000 -0.371021973870731E+000  0.464793286596522E+001  0.472247564214557E+000  0.579936528619807E+000  0.157826397238311E+002
      0.28000000  0.550287766660635E-003  0.356543568214173E-003  0.183873854400518E-001  0.210862922916820E-002  0.183036600347351E-002 -0.600402225892253E-002 -0.694995175664829E+000 -0.471316769526310E+000  0.582625803658826E+001  0.442341923755410E+000  0.286603078283109E+000  0.147804693128871E+002
      0.29000000  0.530740980281518E-003 -0.668463058189001E-004  0.180148420335059E-001  0.187970806227180E-002  0.191723936249463E-002 -0.772261772356649E-002 -0.458877014504868E+000 -0.488005767165211E+000  0.699366982290997E+001  0.411918122994425E+000 -0.518806835067217E-001  0.139816599663112E+002
      0.30000000  0.493488850474853E-003 -0.524150445509228E-003  0.178720328780619E-001  0.165165301436175E-002  0.186156266298933E-002 -0.945603402688618E-002 -0.239149868387149E+000 -0.396634225699678E+000  0.809437346585077E+001  0.370239171786785E+000 -0.393242981376942E+000  0.134084623078166E+002
      0.31000000  0.460902967878787E-003 -0.946659281202821E-003  0.179621179914195E-001  0.138735817760580E-002  0.165274298605181E-002 -0.111027706556349E-001 -0.728688651413134E-002 -0.199968662383324E+000  0.906113047511271E+001  0.334637098763446E+000 -0.687318888045245E+000  0.130413372687939E+002
      0.32000000  0.476314489169288E-003 -0.126911388100036E-002  0.182312727040197E-001  0.107847640084307E-002  0.131739749006979E-002 -0.125723563191521E-001  0.241445230242700E+000  0.733982227357565E-001  0.984286466122580E+001  0.335019502866665E+000 -0.892641125058894E+000  0.128231075409434E+002
      0.33000000  0.578988897540925E-003 -0.144878964657751E-002  0.185867428267443E-001  0.750749788403623E-003  0.910361919236509E-003 -0.138144465020772E-001  0.487955678670348E+000  0.379093196827907E+000  0.104220591107219E+002  0.394895851691346E+000 -0.988138155734480E+000  0.126769747570443E+002
      0.34000000  0.783205081369185E-003 -0.147527750892711E-002  0.189259163413140E-001  0.451935492092361E-003  0.497630308847759E-003 -0.148307055023023E-001  0.700826027723786E+000  0.670576799503507E+000  0.108176867150671E+002  0.518469072245930E+000 -0.976609804448109E+000  0.125286499287404E+002
      0.35000000  0.107107928031533E-002 -0.136915871660375E-002  0.191640154768625E-001  0.230217940156889E-003  0.138432045331246E-003 -0.156686412665336E-001  0.851953755541422E+000  0.910978508407972E+000  0.110760327092587E+002  0.688778923397622E+000 -0.880464858311108E+000  0.123238029067677E+002
      0.36000000  0.140084536035215E-002 -0.117225930866191E-002  0.192515596995973E-001  0.114581580295129E-003 -0.127576172250802E-003 -0.164034444641929E-001  0.928362803351300E+000  0.107976150543289E+001  0.112555469541501E+002  0.875818210007985E+000 -0.732904629187175E+000  0.120362083019104E+002
      0.37000000  0.172461006711776E-002 -0.934449451256495E-003  0.191787793555032E-001  0.106114587585422E-003 -0.285357383171538E-003 -0.171164715665846E-001  0.935449495339946E+000  0.117358558810180E+001  0.114121111221686E+002  0.104909657293485E+001 -0.568434416327168E+000  0.116666324049459E+002
      0.38000000  0.200588310287781E-002 -0.701599879412924E-003  0.189694180493091E-001  0.182686241450660E-003 -0.342511673806022E-003 -0.178775189701408E-001  0.891794703429977E+000  0.120287010641075E+001  0.115888775571682E+002  0.118808715045085E+001 -0.415558513999379E+000  0.112356107908685E+002
      0.39000000  0.222870088369516E-002 -0.507319180745858E-003  0.186689539182234E-001  0.312636084532682E-003 -0.322887248681296E-003 -0.187343910388778E-001  0.819573314345767E+000  0.118634277679962E+001  0.118118808100724E+002  0.128621465548626E+001 -0.292781041214797E+000  0.107741161265232E+002
      0.40000000  0.239544969048155E-002 -0.369001193795387E-003  0.183320751698271E-001  0.469380092617646E-003 -0.258513274474811E-003 -0.197096806681547E-001  0.735886287131804E+000  0.114546185878163E+001  0.120903658305622E+002  0.134788654587748E+001 -0.207631889121223E+000  0.103152061918100E+002
      0.41000000  0.251646722394862E-002 -0.287564780248255E-003  0.180123629287369E-001  0.639559566572227E-003 -0.181670692462534E-003 -0.208025748475739E-001  0.648905991406772E+000  0.109973033786740E+001  0.124198266651532E+002  0.138144531225586E+001 -0.157862186267819E+000  0.988810587070176E+001
      0.42000000  0.259819387838278E-002 -0.250142086573727E-003  0.177549808471127E-001  0.821582915681870E-003 -0.118063392146377E-003 -0.219931671632668E-001  0.559720580800020E+000  0.106326918528953E+001  0.127859545034169E+002  0.139235038838887E+001 -0.134049053956711E+000  0.951474587173676E+001
      0.43000000  0.263658902913805E-002 -0.235191543366745E-003  0.175917832028194E-001  0.101666797182894E-002 -0.818334924371799E-004 -0.232476545067310E-001  0.467846451953739E+000  0.104283402699420E+001  0.131684976534228E+002  0.138006728398417E+001 -0.123106085507873E+000  0.920805032443383E+001
      0.44000000  0.261920311979765E-002 -0.219353559931437E-003  0.175380074690979E-001  0.121817416127879E-002 -0.733602695674170E-004 -0.245240189967124E-001  0.376863798723474E+000  0.103752619383658E+001  0.135448433593457E+002  0.133980865324626E+001 -0.112206569813194E+000  0.897126839464451E+001
      0.45000000  0.253460995338315E-002 -0.184675703683706E-003  0.175903740965852E-001  0.140557650565024E-002 -0.807076634915388E-004 -0.257785418980515E-001  0.296979076178166E+000  0.104036719162510E+001  0.138935381795985E+002  0.126772454134833E+001 -0.923684219886018E-001  0.879809885697546E+001
      0.46000000  0.238413117866751E-002 -0.124135343124428E-003  0.177273325948248E-001  0.154691524660033E-002 -0.847500637828958E-004 -0.269733372264802E-001  0.243106172147438E+000  0.104146755960183E+001  0.141978481097636E+002  0.116653719580962E+001 -0.607384762906244E-001  0.867384858659880E+001
      0.47000000  0.218954925143835E-002 -0.434433675577075E-004  0.179126187140574E-001  0.160932606428714E-002 -0.665891231973256E-004 -0.280841270511273E-001  0.229322885535858E+000  0.103188832546694E+001  0.144489799664025E+002  0.104853549353473E+001 -0.208042421576075E-001  0.857802878446579E+001
      0.48000000  0.199220121174723E-002  0.417210959529526E-004  0.181027148705485E-001  0.157327475722800E-002 -0.146662435957071E-004 -0.291063099295428E-001  0.262283303679686E+000  0.100687707771522E+001  0.146480997388721E+002  0.934153484369740E+000  0.195632383548213E-001  0.848845692551485E+001
      0.49000000  0.184263399744990E-002  0.112028069216840E-003  0.182572833837127E-001  0.144409165478222E-002  0.711651514428655E-004 -0.300568523551193E-001  0.336677156564945E+000  0.967311305724783E+000  0.148061851565177E+002  0.846387567264829E+000  0.514584909976922E-001  0.838622194607877E+001
      0.50000000  0.178424759220916E-002  0.151764338038280E-003  0.183498688186451E-001  0.125515352617980E-002  0.180125745697379E-003 -0.309703070229730E-001  0.434993919456238E+000  0.918916579160437E+000  0.149412521411188E+002  0.803177235108471E+000  0.683165620880738E-001  0.826017474632796E+001
      0.51000000  0.183728231792329E-002  0.154078041454527E-003  0.183752110353884E-001  0.106029744716669E-002  0.295045053577276E-003 -0.318893031651886E-001  0.532066847867220E+000  0.869789970436573E+000  0.150734679587121E+002  0.810834081210902E+000  0.679981111007310E-001  0.810939462682930E+001
      0.52000000  0.198986673317845E-002  0.122323605254431E-003  0.183502096731812E-001  0.917490570438081E-003  0.398684484739821E-003 -0.328523030271008E-001  0.602877456570798E+000  0.827435178401843E+000  0.152196449271406E+002  0.861285078698597E+000  0.529460059920556E-001  0.794262325158649E+001
      0.53000000  0.220037126575986E-002  0.675774955327412E-004  0.183079281567212E-001  0.869622997631928E-003  0.479066424620976E-003 -0.338829425213810E-001  0.630698201835067E+000  0.796555412477886E+000  0.153890302284316E+002  0.934429134565623E+000  0.286980573003280E-001  0.777480679255592E+001
      0.54000000  0.241088958190177E-002  0.408103444707641E-005  0.182869914852058E-001  0.929890131851636E-003  0.531944773744702E-003 -0.349848340102252E-001  0.612417504538042E+000  0.778282965058056E+000  0.155818401599824E+002  0.100486989637805E+001  0.170099397862677E-002  0.762210238774581E+001
      0.55000000  0.256704955309067E-002 -0.551129097176910E-004  0.183207319263760E-001  0.107776398601543E-002  0.560259245012791E-003 -0.361432877100519E-001  0.558950581967170E+000  0.770727156254351E+000  0.157907855682267E+002  0.105050430905367E+001 -0.225536546706762E-001  0.749732618542696E+001
      0.56000000  0.263651397358965E-002 -0.100793484078645E-003  0.184302551555372E-001  0.126744826054665E-002  0.571836904506313E-003 -0.373321890305350E-001  0.490588801171364E+000  0.770168035945405E+000  0.160045061095747E+002  0.105966435539979E+001 -0.405107894001705E-001  0.740746479816900E+001
      0.57000000  0.261882229239975E-002 -0.128453876972752E-003  0.186232180595565E-001  0.144559092309287E-002  0.576944815144123E-003 -0.385220469926209E-001  0.429183087133053E+000  0.772183227623930E+000  0.162111054312637E+002  0.103408788227341E+001 -0.507222647348254E-001  0.735370406010852E+001
      0.58000000  0.254270393992741E-002 -0.138292805011923E-003  0.188968570687348E-001  0.157109567985924E-002  0.586539372620238E-003 -0.396853359331159E-001  0.390321449128541E+000  0.772387844157142E+000  0.164002702780756E+002  0.986720333626649E+000 -0.536658320918895E-001  0.733310426690473E+001
      0.59000000  0.245226356413699E-002 -0.135285258393915E-003  0.192416414800143E-001  0.162895179540524E-002  0.610924227109485E-003 -0.407976620431594E-001  0.378583906392926E+000  0.766943289684117E+000  0.165635813451771E+002  0.935494867815821E+000 -0.516089162557793E-001  0.734034347537196E+001
      0.60000000  0.238818121411488E-002 -0.129367054233577E-003  0.196422359414011E-001  0.163262973157541E-002  0.657948748003993E-003 -0.418365124032972E-001  0.387561158604369E+000  0.753187534728747E+000  0.166938861817645E+002  0.895864449561365E+000 -0.485287063424511E-001  0.736827707453498E+001
      0.61000000  0.237209526055684E-002 -0.134804398039321E-003  0.200751142365995E-001  0.161466615959877E-002  0.730325469292819E-003 -0.427812868320913E-001  0.404229240935950E+000  0.730528470781533E+000  0.167852071018973E+002  0.875242839241365E+000 -0.497393953961452E-001  0.740720673182893E+001
      0.62000000  0.240065555545560E-002 -0.167629407772453E-003  0.205055024552793E-001  0.161027510518635E-002  0.822798007255124E-003 -0.436175709243392E-001  0.415432502105000E+000  0.701305093257057E+000  0.168341976581374E+002  0.871494073801761E+000 -0.608533927895650E-001  0.744397663775297E+001
      0.63000000  0.245111332042806E-002 -0.240928271463428E-003  0.208880952650629E-001  0.164172973539353E-002  0.920857573811745E-003 -0.443454407552401E-001  0.413473835620112E+000  0.671013414044969E+000  0.168429007608076E+002  0.875687430943995E+000 -0.860742982877438E-001  0.746250380491668E+001
      0.64000000  0.249495410879379E-002 -0.359274236450838E-003  0.211747653423863E-001  0.171049547847444E-002  0.100264493848453E-002 -0.449878737671009E-001  0.398454846656453E+000  0.647390939724825E+000  0.168212855657281E+002  0.877422694679109E+000 -0.126349165126679E+000  0.744671799791008E+001
      0.65000000  0.251255458991072E-002 -0.514705272693573E-003  0.213286540406286E-001  0.180007930010665E-002  0.104439984406940E-002 -0.455934967952170E-001  0.376689336705632E+000  0.638357288196769E+000  0.167875893176776E+002  0.870018375250343E+000 -0.178226195315246E+000  0.738543990614895E+001
      0.66000000  0.250180976989606E-002 -0.686519239295850E-003  0.213396662782331E-001  0.188730818660317E-002  0.102797269068761E-002 -0.462294107910080E-001  0.356386472246622E+000  0.649438743187786E+000  0.167652440530726E+002  0.853172059126576E+000 -0.234118133228166E+000  0.727729471630871E+001
      0.67000000  0.247703745929857E-002 -0.845695796605898E-003  0.212341012966551E-001  0.195585805415979E-002  0.947578348536286E-003 -0.469642541214396E-001  0.342964545038579E+000  0.681678038946651E+000  0.167767993479771E+002  0.832116334089424E+000 -0.284096343955093E+000  0.713321571392772E+001
      0.68000000  0.245943710526619E-002 -0.962687541265825E-003  0.210725354325179E-001  0.200517582310079E-002  0.812989520572992E-003 -0.478467946382173E-001  0.336303049211843E+000  0.730907055824851E+000  0.168369013532514E+002  0.814053754596049E+000 -0.318641776117086E+000  0.697483849087608E+001
      0.69000000  0.246443139929062E-002 -0.101577966679107E-002  0.209347458181043E-001  0.205065482295569E-002  0.647794436893266E-003 -0.488884073888422E-001  0.331086827171097E+000  0.788692749617106E+000  0.169471498249947E+002  0.803884987402525E+000 -0.331342160661127E+000  0.682880760369555E+001
      0.70000000  0.249239115091367E-002 -0.997024304243022E-003  0.208962076934339E-001  0.211550488804489E-002  0.483417012306332E-003 -0.500570290452689E-001  0.319791164851501E+000  0.844564517581544E+000  0.170950861471867E+002  0.801390954508370E+000 -0.320578195983587E+000  0.671886185396997E+001
      0.71000000  0.252712813621666E-002 -0.913945851056857E-003  0.210046696231901E-001  0.221880755369649E-002  0.351212257473574E-003 -0.512857964220521E-001  0.296623972631145E+000  0.888663493139162E+000  0.172579218227798E+002  0.801115602001089E+000 -0.289726615035020E+000  0.665861311457193E+001
      0.72000000  0.254241754880911E-002 -0.787047005326925E-003  0.212655720548194E-001  0.236577589702666E-002  0.275336383587776E-003 -0.524936385168674E-001  0.260450271651307E+000  0.913928894134575E+000  0.174096929696407E+002  0.794768519678404E+000 -0.246033616167416E+000  0.664769137942741E+001
      0.73000000  0.251289866973418E-002 -0.644608574435145E-003  0.216415699135316E-001  0.254467097380213E-002  0.268246613148576E-003 -0.536103735914211E-001  0.215423941574797E+000  0.917293877048646E+000  0.175292157752771E+002  0.774779982881702E+000 -0.198746501910915E+000  0.667255523236552E+001
      0.74000000  0.242394826030159E-002 -0.516717331399059E-003  0.220658912854236E-001  0.273120784548419E-002  0.329294393768219E-003 -0.545974027153505E-001  0.169290251372923E+000  0.899843556936251E+000  0.176060575581423E+002  0.737255296527313E+000 -0.157162013571204E+000  0.671144491374185E+001
      0.75000000  0.227621229564247E-002 -0.429934208164725E-003  0.224642355428978E-001  0.289762680833844E-002  0.445802559028480E-003 -0.554572519353078E-001  0.130424163679396E+000  0.866214954946752E+000  0.176426836240311E+002  0.683089763295478E+000 -0.129022963741165E+000  0.674150182256211E+001
      0.76000000  0.208357840356741E-002 -0.403155448312008E-003  0.227773908210387E-001  0.302176682056253E-002  0.595736021783988E-003 -0.562297083509919E-001  0.105101806277148E+000  0.823572392746412E+000  0.176524644107045E+002  0.617053088658013E+000 -0.119394746156085E+000  0.674553898889936E+001
      0.77000000  0.186667223311779E-002 -0.444708238505084E-003  0.229773635911063E-001  0.309219731501735E-002  0.751419402653709E-003 -0.569770286227590E-001  0.961367079519174E-001  0.780356702435215E+000  0.176546437421623E+002  0.545636755328185E+000 -0.129990233968577E+000  0.671638753360944E+001
      0.78000000  0.164573725095827E-002 -0.550811769555856E-003  0.230727891535042E-001  0.310806733558675E-002  0.884133640182899E-003 -0.577638710841828E-001  0.103145292731752E+000  0.744877014737343E+000  0.176681715993471E+002  0.474889068054888E+000 -0.158940613251439E+000  0.665781571885461E+001
      0.79000000  0.143626874640932E-002 -0.705904829158135E-003  0.231032106888892E-001  0.307521514911010E-002  0.969328743482778E-003 -0.586384280447090E-001  0.123857617038414E+000  0.723833958273157E+000  0.177063472274712E+002  0.409199311604736E+000 -0.201115404670685E+000  0.658220680035492E+001
      0.80000000  0.124857602346181E-002 -0.885401303177519E-003  0.231250549626028E-001  0.300166501290100E-002  0.991606406800521E-003 -0.596199945598058E-001  0.155502221107577E+000  0.721018366646713E+000  0.177736748660950E+002  0.351278265249450E+000 -0.249101558884223E+000  0.650607495131814E+001
      0.81000000  0.108997422527485E-002 -0.106082842988951E-002  0.231940135142877E-001  0.289521946007322E-002  0.948051169159205E-003 -0.606957849687052E-001  0.195506117831535E+000  0.736565266954944E+000  0.178655220628771E+002  0.302870855922180E+000 -0.294772121300574E+000  0.644491453325104E+001
      0.82000000  0.966997406495103E-003 -0.120623480069430E-002  0.233489531034307E-001  0.276392446947490E-002  0.848545249861243E-003 -0.618271009860362E-001  0.241355010419296E+000  0.767090378427729E+000  0.179703698134225E+002  0.265422498146058E+000 -0.331088637881073E+000  0.640884600122151E+001
      0.83000000  0.885514954606446E-003 -0.130389592482919E-002  0.236016884308775E-001  0.261804673477316E-002  0.712633135640721E-003 -0.629625674854885E-001  0.290053572700881E+000  0.806752361635388E+000  0.180738166153383E+002  0.240128707403406E+000 -0.353582784106630E+000  0.640016626027884E+001
      0.84000000  0.848459389790092E-003 -0.134736271520880E-002  0.239352621715661E-001  0.247117436507531E-002  0.563920570536067E-003 -0.640544177196653E-001  0.337859153695859E+000  0.848899839242349E+000  0.181631136021135E+002  0.227341148544646E+000 -0.361020210121763E+000  0.641335349491185E+001
      0.85000000  0.852807823867001E-003 -0.134095306280059E-002  0.243110651499187E-001  0.233870416167873E-002  0.424087733756206E-003 -0.650729906101245E-001  0.380726297207615E+000  0.887704316990858E+000  0.182309061176767E+002  0.225817983954562E+000 -0.355075679121055E+000  0.643741247007932E+001
      0.86000000  0.888268055171130E-003 -0.129635676736977E-002  0.246825702601252E-001  0.223383942276103E-002  0.308668598360103E-003 -0.660149814478098E-001  0.415371779417135E+000  0.919216944794523E+000  0.182770794276437E+002  0.232472650990033E+000 -0.339275393936418E+000  0.645978711968155E+001
      0.87000000  0.939287918850930E-003 -0.122820631018391E-002  0.250112737801821E-001  0.216309838198699E-002  0.225706985060073E-003 -0.669027203791115E-001  0.440392797702223E+000  0.941608178573686E+000  0.183081559716548E+002  0.242999712263402E+000 -0.317744723406956E+000  0.647057436803890E+001
      0.88000000  0.990022390650617E-003 -0.115056500660414E-002  0.252794344454941E-001  0.212403056073055E-002  0.176864365368088E-003 -0.677745932631867E-001  0.456744209046652E+000  0.954764026245246E+000  0.183344682277407E+002  0.253214528471492E+000 -0.294275946053710E+000  0.646563161963956E+001
      0.89000000  0.102995104110539E-002 -0.107528885090298E-002  0.254949965804181E-001  0.210686665521876E-002  0.159470019298432E-003 -0.686698644766331E-001  0.467188832862135E+000  0.959671198509204E+000  0.183661064635317E+002  0.260467085065353E+000 -0.271932685555015E+000  0.644749816061708E+001
      0.90000000  0.105713527300604E-002 -0.101182798740870E-002  0.256867004838173E-001  0.209969058034735E-002  0.168016044680422E-003 -0.696134320096432E-001  0.474903569602240E+000  0.957982082628268E+000  0.184091197046537E+002  0.264371314277747E+000 -0.253040742925544E+000  0.642380113479269E+001
      0.91000000  0.107713959395371E-002 -0.967197608367327E-003  0.258910327265271E-001  0.209463269909236E-002  0.194612927727241E-003 -0.706063803491087E-001  0.481924849107649E+000  0.951865488425927E+000  0.184634011820677E+002  0.266413895816437E+000 -0.239221438257291E+000  0.640374834803575E+001
      0.92000000  0.109791420174248E-002 -0.945120514761809E-003  0.261359586876043E-001  0.209177225154041E-002  0.229155375190118E-003 -0.716262163616274E-001  0.488255898329365E+000  0.943938011639027E+000  0.185230805940058E+002  0.268600521145828E+000 -0.231220128501607E+000  0.639406258976779E+001
      0.93000000  0.112321354588191E-002 -0.944492455416936E-003  0.264278908421479E-001  0.209844774094853E-002  0.260466047292068E-003 -0.726369829477100E-001  0.492142950630483E+000  0.936963158215749E+000  0.185792816352212E+002  0.271835178971679E+000 -0.228581890413434E+000  0.639596135860222E+001
      0.94000000  0.114812248749000E-002 -0.958469459803064E-003  0.267473067157640E-001  0.212403677279387E-002  0.279047925533213E-003 -0.736054693515629E-001  0.491418623174541E+000  0.933184500388241E+000  0.186241633027202E+002  0.274907535938693E+000 -0.229496835344622E+000  0.640440045582782E+001
      0.95000000  0.115936287254692E-002 -0.975696756049112E-003  0.270551297847840E-001  0.217273876996308E-002  0.280675814138064E-003 -0.745171296607613E-001  0.485233609042115E+000  0.933502141228201E+000  0.186546368253293E+002  0.274676850232523E+000 -0.231162579102527E+000  0.640991531459949E+001
      0.96000000  0.114066894282389E-002 -0.984171120102211E-003  0.273077076126258E-001  0.223813321043221E-002  0.268884751157020E-003 -0.753852282819742E-001  0.475263862736230E+000  0.936959272560896E+000  0.186742623321297E+002  0.267432792723971E+000 -0.230741472206323E+000  0.640236289037082E+001
      0.97000000  0.108087777507718E-002 -0.976507588094380E-003  0.274747061887402E-001  0.230258748544110E-002  0.254399677424587E-003 -0.762492647179130E-001  0.465717830026188E+000  0.940970229120737E+000  0.186925406178823E+002  0.250802076705490E+000 -0.226584482223489E+000  0.637510875687789E+001
      0.98000000  0.980867165853704E-003 -0.954078875229095E-003  0.275529413210336E-001  0.234227469523853E-002  0.250915143454700E-003 -0.771629008030787E-001  0.462054812862309E+000  0.942372859137398E+000  0.187218373220618E+002  0.225273650509490E+000 -0.219121241467780E+000  0.632802472112597E+001
      0.99000000  0.855886174866500E-003 -0.927563968112798E-003  0.275706340691363E-001  0.233581266792444E-002  0.268675270028031E-003 -0.781757486790328E-001  0.468957731423937E+000  0.938917222744257E+000  0.187730977728770E+002  0.194583984488733E+000 -0.210879785284206E+000  0.626812768986500E+001
      1.00000000  0.731949515329864E-003 -0.913025977839112E-003  0.275802275499574E-001  0.227275330431602E-002  0.308801387411779E-003 -0.793158214775087E-001  0.488461208238471E+000  0.930496685095154E+000  0.188519680992779E+002  0.164743164157430E+000 -0.205498856679153E+000  0.620760566077327E+001
      1.01000000  0.637710724226099E-003 -0.924927789536674E-003  0.276422837076608E-001  0.215821315247542E-002  0.361288721753421E-003 -0.805792382587701E-001  0.519050766874963E+000  0.919488242639642E+000  0.189567633539369E+002  0.142111303241929E+000 -0.206116486021538E+000  0.615997318697445E+001
      1.02000000  0.595215048834899E-003 -0.969187860936404E-003  0.278063650725465E-001  0.201174694252357E-002  0.407944494743054E-003 -0.819310138222813E-001  0.556085374616322E+000  0.909982451702384E+000  0.190790011603543E+002  0.131340905678138E+000 -0.213862219506741E+000  0.613578769453833E+001
      1.03000000  0.613237920511494E-003 -0.103948349187003E-002  0.280958900035728E-001  0.186114919041166E-002  0.429141849776445E-003 -0.833165587309977E-001  0.593303683902725E+000  0.906224385295707E+000  0.192062446580675E+002  0.134004089757046E+000 -0.227146812821579E+000  0.613948361624889E+001
      1.04000000  0.685523511260592E-003 -0.111845218526320E-002  0.285023452712731E-001  0.173392686572580E-002  0.411445818613279E-003 -0.846795183688304E-001  0.624747398380087E+000  0.910955809664072E+000  0.193261533112722E+002  0.148359475913925E+000 -0.242052938104635E+000  0.616841426632905E+001
      1.05000000  0.793983816157448E-003 -0.118311515131165E-002  0.289906180671098E-001  0.164979871786912E-002  0.352906411403458E-003 -0.859793348120000E-001  0.646354661259022E+000  0.924352161234653E+000  0.194302428259772E+002  0.170195716955412E+000 -0.253608609294836E+000  0.621433198826543E+001
      1.06000000  0.914971768725493E-003 -0.121205044320435E-002  0.295130175119507E-001  0.161664714746472E-002  0.264154846750985E-003 -0.872022518962069E-001  0.656730157675966E+000  0.943910832530437E+000  0.195160400064139E+002  0.194280004312565E+000 -0.257360033808251E+000  0.626662960047988E+001
      1.07000000  0.102595827009398E-002 -0.119148709496100E-002  0.300264358281549E-001  0.163056102147489E-002  0.165504579573934E-003 -0.883622031510247E-001  0.657011503770347E+000  0.965186113172362E+000  0.195869886395882E+002  0.215810312904215E+000 -0.250629299729035E+000  0.631606050690426E+001
      1.08000000  0.111045508658663E-002 -0.111856872780730E-002  0.305062347086719E-001  0.167896356685286E-002  0.818328479732422E-004 -0.894919884301868E-001  0.650100121110669E+000  0.982945845782301E+000  0.196503367502982E+002  0.231421400666256E+000 -0.233112302206058E+000  0.635756965825170E+001
      1.09000000  0.116028322171783E-002 -0.100169103915574E-002  0.309520876509693E-001  0.174505105017619E-002  0.373164221380901E-004 -0.906287539563737E-001  0.639663783641343E+000  0.992294518627450E+000  0.197139638640612E+002  0.239587298019747E+000 -0.206839541441099E+000  0.639130766485352E+001
      1.10000000  0.117547926695119E-002 -0.858957055443395E-003  0.313844004237452E-001  0.181198645057134E-002  0.512220426258641E-004 -0.917996301398614E-001  0.629243702759790E+000  0.989519295326377E+000  0.197834136110367E+002  0.240518542707669E+000 -0.175753928658866E+000  0.642166175610359E+001
      1.11000000  0.116269977799343E-002 -0.715812603300722E-003  0.318336226156554E-001  0.186604900790068E-002  0.134759520650131E-003 -0.930128120330923E-001  0.621621595040936E+000  0.972674837444913E+000  0.198601903319957E+002  0.235760414426816E+000 -0.145145186401738E+000  0.645489764651537E+001
      1.12000000  0.113289157007180E-002 -0.602081568227743E-003  0.323272477896329E-001  0.189861556379879E-002  0.288460122847115E-003 -0.942567697714498E-001  0.618455419216755E+000  0.942031236474131E+000  0.199417807344183E+002  0.227665172148419E+000 -0.120993930486455E+000  0.649646323402768E+001
      1.13000000  0.109863430302822E-002 -0.547812357676745E-003  0.328796567284525E-001  0.190708266039230E-002  0.500035619623304E-003 -0.955068567165535E-001  0.620145435461823E+000  0.900402422773580E+000  0.200231478802359E+002  0.218827040605384E+000 -0.109113794014113E+000  0.654900175442940E+001
      1.14000000  0.107137917395199E-002 -0.577438571696939E-003  0.334882233285959E-001  0.189471446883867E-002  0.743738073424707E-003 -0.967358157526230E-001  0.625919391651664E+000  0.853160993102532E+000  0.200989161696717E+002  0.211526422453168E+000 -0.114005870402512E+000  0.661170596482778E+001
      1.15000000  0.105895876450262E-002 -0.702926437461776E-003  0.341362016548100E-001  0.186929399497141E-002  0.982874692870364E-003 -0.979236521446196E-001  0.634147484073182E+000  0.807634764678671E+000  0.201653183513274E+002  0.207256177625481E+000 -0.137574617127468E+000  0.668103320996786E+001
      1.16000000  0.106400165105136E-002 -0.918126299883406E-003  0.348001917550132E-001  0.184066979017634E-002  0.117651341845210E-002 -0.990632806771267E-001  0.642855331889102E+000  0.771721415430610E+000  0.202212219096721E+002  0.206447956370154E+000 -0.178143800917345E+000  0.675227191801149E+001
      1.17000000  0.108386622537638E-002 -0.119729799480031E-002  0.354585686127836E-001  0.181779071442906E-002  0.128953739120356E-002 -0.100160615096908E+000  0.650309129321263E+000  0.751929939171026E+000  0.202680336756790E+002  0.208504819087597E+000 -0.230325842760798E+000  0.682121304328511E+001
      1.18000000  0.111221878015623E-002 -0.149988338271086E-002  0.360975671185908E-001  0.180623952026209E-002  0.130300301097782E-002 -0.101230191089090E+000  0.655475898683437E+000  0.751463780780985E+000  0.203087573490873E+002  0.212145826399108E+000 -0.286089396622837E+000  0.688528942686528E+001
      1.19000000  0.114162548643267E-002 -0.178114516406919E-002  0.367133304941027E-001  0.180720496654634E-002  0.122059566040733E-002 -0.102288925435307E+000  0.658188456400022E+000  0.769138700635279E+000  0.203467460213119E+002  0.215925020655713E+000 -0.336882638757687E+000  0.694389424508237E+001
      1.20000000  0.116599735486794E-002 -0.200539459913622E-002  0.373102012060515E-001  0.181817440005926E-002  0.106782561079567E-002 -0.103350719386735E+000  0.658979436215157E+000  0.799716412349902E+000  0.203846754149024E+002  0.218696883706943E+000 -0.376135972867192E+000  0.699797876914278E+001
      1.21000000  0.118184225744056E-002 -0.215676154351606E-002  0.378969087963477E-001  0.183473101106263E-002  0.883369105069834E-003 -0.104423559098965E+000  0.658718060061111E+000  0.835682767641396E+000  0.204240325201553E+002  0.219836813074560E+000 -0.401183475462405E+000  0.704927887179166E+001
      1.22000000  0.118804464307592E-002 -0.224294636975919E-002  0.384826012040961E-001  0.185228941487271E-002  0.705421096922700E-003 -0.105509303464428E+000  0.658276150724793E+000  0.869858775488964E+000  0.204651251714291E+002  0.219179133283873E+000 -0.413795091111416E+000  0.709955070087692E+001
      1.23000000  0.118483964434432E-002 -0.229012779212772E-002  0.390740250444611E-001  0.186681131998864E-002  0.558357881663166E-003 -0.106605275600718E+000  0.658397067878634E+000  0.897827548233223E+000  0.205074212026062E+002  0.216810714756176E+000 -0.419064508741150E+000  0.715005388174569E+001
      1.24000000  0.117311762785818E-002 -0.233096941379232E-002  0.396741822626178E-001  0.187441402386293E-002  0.445104579833683E-003 -0.107706500996036E+000  0.659771950637576E+000  0.919208317356161E+000  0.205499885676340E+002  0.212934558276678E+000 -0.423098187850535E+000  0.720132770530681E+001
      1.25000000  0.115481399482565E-002 -0.239065911192062E-002  0.402821085199911E-001  0.187072699428845E-002  0.348215020171671E-003 -0.108807835617414E+000  0.663157660074511E+000  0.937300545429698E+000  0.205918945220216E+002  0.207935337108731E+000 -0.430461105058158E+000  0.725318003772499E+001
      1.26000000  0.113412439777581E-002 -0.247667259340424E-002  0.408933280842056E-001  0.185116095943578E-002  0.238915325085376E-003 -0.109905807940329E+000  0.669326103505276E+000  0.957322424570598E+000  0.206325346933129E+002  0.202589262597978E+000 -0.442409382408481E+000  0.730479760245319E+001
      1.27000000  0.111835220418921E-002 -0.257613976344780E-002  0.415008753586761E-001  0.181261974235042E-002  0.900387547339650E-004 -0.111000269790050E+000  0.678760263945923E+000  0.984042970994087E+000  0.206719127217768E+002  0.198198860188617E+000 -0.456553814522229E+000  0.735495147423864E+001
      1.28000000  0.111708575934839E-002 -0.266125308342355E-002  0.420970863211674E-001  0.175596775688131E-002 -0.112564342867979E-003 -0.112095749369513E+000  0.691231603102049E+000  0.101979325164657E+001  0.207108544255796E+002  0.196427740634674E+000 -0.467953266845754E+000  0.740232832096364E+001
      1.29000000  0.113934534869740E-002 -0.269979140785380E-002  0.426762692774990E-001  0.168761348592862E-002 -0.364410179468549E-003 -0.113201971843830E+000  0.705551360210537E+000  0.106358095770425E+001  0.207510667631099E+002  0.198788816853880E+000 -0.471049748290205E+000  0.744599965858529E+001
      1.30000000  0.118981344689307E-002 -0.266610072520345E-002  0.432378250886029E-001  0.161865980826773E-002 -0.643924301601240E-003 -0.114332813745316E+000  0.719754591178422E+000  0.111148533387353E+001  0.207949229146966E+002  0.205997427095445E+000 -0.461593278512147E+000  0.748594726737489E+001
      1.31000000  0.126627603380427E-002 -0.254841457008734E-002  0.437887478913738E-001  0.156134231994433E-002 -0.919383051316031E-003 -0.115503312442159E+000  0.731741735119876E+000  0.115796158149036E+001  0.208449230433627E+002  0.217562162601044E+000 -0.437849702806514E+000  0.752345810432653E+001
      1.32000000  0.136014038626140E-002 -0.235067739425802E-002  0.443441982807199E-001  0.152423826744688E-002 -0.115764008770514E-002 -0.116725202565145E+000  0.740100642965510E+000  0.119739034303074E+001  0.209029283966321E+002  0.231918866896118E+000 -0.400816300450520E+000  0.756117259847675E+001
      1.33000000  0.146030946407650E-002 -0.208971858680581E-002  0.449253109022861E-001  0.150884260025319E-002 -0.133114633742007E-002 -0.118002357537412E+000  0.744660165911562E+000  0.122526848386123E+001  0.209694139008212E+002  0.247126622891280E+000 -0.353640861649175E+000  0.760266274973698E+001
      1.34000000  0.155863926273184E-002 -0.179033684800068E-002  0.455544604899597E-001  0.150971412834562E-002 -0.142149448575715E-002 -0.119327916130503E+000  0.746419299941126E+000  0.123876279625410E+001  0.210430372484480E+002  0.261798461021161E+000 -0.300715786342086E+000  0.765160222386402E+001
      1.35000000  0.165396703338405E-002 -0.148089434304819E-002  0.462493557772205E-001  0.151853000284113E-002 -0.141989493717416E-002 -0.120684448452321E+000  0.746827876638259E+000  0.123672750325802E+001  0.211207338770055E+002  0.275752434939521E+000 -0.246897436733178E+000  0.771077791306341E+001
      1.36000000  0.175217956221633E-002 -0.119066194731419E-002  0.470179489673974E-001  0.153005853636294E-002 -0.132638299512955E-002 -0.122047400629460E+000  0.746781510775170E+000  0.121951101227707E+001  0.211983503681317E+002  0.289978619151208E+000 -0.197049728694089E+000  0.778128007590839E+001
      1.37000000  0.186188521368827E-002 -0.948402543706492E-003  0.478558951584784E-001  0.154668512305904E-002 -0.114951437907444E-002 -0.123390791510116E+000  0.745898273085113E+000  0.118885135990615E+001  0.212716200865134E+002  0.305885303389849E+000 -0.155811108915083E+000  0.786214687238763E+001
      1.38000000  0.198782173161410E-002 -0.780639469945585E-003  0.487473049453687E-001  0.157865025818758E-002 -0.907059730103991E-003 -0.124693346125400E+000  0.742526157700838E+000  0.114793913515261E+001  0.213371676338909E+002  0.324208669013274E+000 -0.127320312231811E+000  0.795056146281748E+001
      1.39000000  0.212564699838324E-002 -0.708323481706786E-003  0.496683342098290E-001  0.163941986307952E-002 -0.626668853074959E-003 -0.125943286123853E+000  0.734538424298289E+000  0.110147278615252E+001  0.213932524769390E+002  0.344193463971137E+000 -0.114694637899044E+000  0.804250000793167E+001
      1.40000000  0.226124231791387E-002 -0.741959696469926E-003  0.505923469574451E-001  0.173836489881322E-002 -0.344667135171481E-003 -0.127140728382525E+000  0.720527433056991E+000  0.105541127128892E+001  0.214400961779234E+002  0.363534258830805E+000 -0.119283000411634E+000  0.813360479236630E+001
      1.41000000  0.237531136417687E-002 -0.876820717885733E-003  0.514952754580487E-001  0.187457470853090E-002 -0.101617922622478E-003 -0.128297573810693E+000  0.700766704092791E+000  0.101622099443206E+001  0.214797950668816E+002  0.379164535333736E+000 -0.139964522159959E+000  0.822005168897086E+001
      1.42000000  0.245118985396855E-002 -0.109067026518101E-002  0.523602362096251E-001  0.203517084231887E-002  0.651858277661575E-004 -0.129435375365992E+000  0.677418985774063E+000  0.989667840165199E+000  0.215159163024873E+002  0.388521343128409E+000 -0.172874686002915E+000  0.829926301536711E+001
      1.43000000  0.248203118038185E-002 -0.134591514273176E-002  0.531809787004232E-001  0.219915923870837E-002  0.130388660423109E-003 -0.130581750284416E+000  0.653863884651174E+000  0.979477509581844E+000  0.215528817483199E+002  0.390658673474061E+000 -0.211839975429861E+000  0.837040676900899E+001
      1.44000000  0.247388572115199E-002 -0.159648902589292E-002  0.539639287603655E-001  0.234499124064807E-002  0.874854605661169E-004 -0.131765670702805E+000  0.633473813563458E+000  0.986325871212601E+000  0.215952022117598E+002  0.386672616654664E+000 -0.249533995780133E+000  0.843465539265888E+001
      1.45000000  0.244338714053266E-002 -0.179784830750416E-002  0.547283846520871E-001  0.245822017217776E-002 -0.486317297551260E-004 -0.133011886331330E+000  0.618425756875456E+000  0.100754880123562E+001  0.216466086430663E+002  0.379271803787630E+000 -0.279068821805696E+000  0.849514709357735E+001
      1.46000000  0.241147921002938E-002 -0.191716875073142E-002  0.555041923723199E-001  0.253587182255934E-002 -0.244643083019831E-003 -0.134335112030685E+000  0.609068453309231E+000  0.103771432687620E+001  0.217091827961681E+002  0.371755105681158E+000 -0.295551903815953E+000  0.855656014586488E+001
      1.47000000  0.239631666874905E-002 -0.194074068233864E-002  0.563264722118112E-001  0.258610278737652E-002 -0.456536119350427E-003 -0.135735320010824E+000  0.604036893213077E+000  0.106990111184321E+001  0.217826925033889E+002  0.366904593906621E+000 -0.297150489840409E+000  0.862425308081494E+001
      1.48000000  0.240832732163539E-002 -0.187659533334340E-002  0.572279202554544E-001  0.262412880432134E-002 -0.639885127021236E-003 -0.137195958152458E+000  0.600929423403805E+000  0.109731203978066E+001  0.218643988955141E+002  0.366252057175968E+000 -0.285387661033186E+000  0.870307093772848E+001
      1.49000000  0.244877600332622E-002 -0.175195084758305E-002  0.582305432327763E-001  0.266685923309363E-002 -0.759949007014457E-003 -0.138686557594885E+000  0.597153031649239E+000  0.111479539293936E+001  0.219495344129178E+002  0.369904034254450E+000 -0.264643922292691E+000  0.879611398893743E+001
      1.50000000  0.251122898495052E-002 -0.160641477685948E-002  0.593396245547134E-001  0.272851633961488E-002 -0.799289924745242E-003 -0.140169795551399E+000  0.590587050218595E+000  0.111993318165971E+001  0.220324302016292E+002  0.376809056034561E+000 -0.241041991509316E+000  0.890389050457195E+001
      1.51000000  0.258429442554599E-002 -0.148260045531461E-002  0.605424859637700E-001  0.281818898178499E-002 -0.761500151532533E-003 -0.141611130030634E+000  0.579932153039151E+000  0.111350613148449E+001  0.221079820700965E+002  0.385204470767763E+000 -0.220990425124974E+000  0.902421799703090E+001
      1.52000000  0.265433208958848E-002 -0.141597761031485E-002  0.618129762019359E-001  0.293890715102498E-002 -0.670440595871103E-003 -0.142987627751599E+000  0.564820375438198E+000  0.109927570753653E+001  0.221729391111324E+002  0.393041080527705E+000 -0.209671341481417E+000  0.915297639369942E+001
      1.53000000  0.270789624934858E-002 -0.142576554035514E-002  0.631201867439643E-001  0.308740927052938E-002 -0.564944476900724E-003 -0.144292534863532E+000  0.545818909670649E+000  0.108310757532004E+001  0.222265155242823E+002  0.398351874747406E+000 -0.209740818573588E+000  0.928545350654156E+001
      1.54000000  0.273440849993470E-002 -0.150878359334987E-002  0.644378708750000E-001  0.325443088532254E-002 -0.489449167748561E-003 -0.145533797014980E+000  0.524357549975093E+000  0.107153410519809E+001  0.222700942846332E+002  0.399639999774945E+000 -0.220512141810992E+000  0.941774087617045E+001
      1.55000000  0.272922014743226E-002 -0.163827639685074E-002  0.657505901071763E-001  0.342627311668208E-002 -0.481869854403342E-003 -0.146727461987754E+000  0.502473112458146E+000  0.106997200768796E+001  0.223061991830865E+002  0.396308279908349E+000 -0.237893048481711E+000  0.954760036226821E+001
      1.56000000  0.269604401392898E-002 -0.176930878401667E-002  0.670541457272252E-001  0.358852605525145E-002 -0.561308297037984E-003 -0.147889335903838E+000  0.482252773619616E+000  0.108098473007056E+001  0.223372544316343E+002  0.388981238792582E+000 -0.255273251867442E+000  0.967447287076873E+001
      1.57000000  0.264678784868794E-002 -0.185085773197664E-002  0.683507087207612E-001  0.373163879076147E-002 -0.719400521656365E-003 -0.149029076797756E+000  0.465033949574974E+000  0.110313293363147E+001  0.223647410918662E+002  0.379442309698096E+000 -0.265338127909244E+000  0.979872670919351E+001
      1.58000000  0.259724614057220E-002 -0.184224272116461E-002  0.696417815061020E-001  0.385615301039934E-002 -0.919302188095398E-003 -0.150149560874703E+000  0.450682485000529E+000  0.113095662753430E+001  0.223891366435722E+002  0.369983450328217E+000 -0.262431545347627E+000  0.992062562193463E+001
      1.59000000  0.255917924322899E-002 -0.172889965578733E-002  0.709232369394257E-001  0.397426390942049E-002 -0.110466722774122E-002 -0.151251475584459E+000  0.437417972260129E+000  0.115637258700594E+001  0.224105967223903E+002  0.362267901885633E+000 -0.244736609414906E+000  0.100396298184122E+002
      1.60000000  0.253203015950789E-002 -0.153117508911450E-002  0.721855273722592E-001  0.410520708897842E-002 -0.121748950802289E-002 -0.152340181788764E+000  0.422514129052474E+000  0.117126614411188E+001  0.224299304892025E+002  0.356184623634344E+000 -0.215392783054578E+000  0.101544504919846E+002
      1.61000000  0.249909990763903E-002 -0.130107914449683E-002  0.734192985153101E-001  0.426491544556172E-002 -0.121950800539520E-002 -0.153430514515215E+000  0.403774117710692E+000  0.117048456077418E+001  0.224492514692488E+002  0.349368719352175E+000 -0.181888028205367E+000  0.102638578872429E+002
      1.62000000  0.243194972891632E-002 -0.110600353398030E-002  0.746235755760389E-001  0.445408071410491E-002 -0.110901299043108E-002 -0.154546128767015E+000  0.381172872281792E+000  0.115408057633472E+001  0.224718464041304E+002  0.337882620926594E+000 -0.153662457892113E+000  0.103678168174065E+002
      1.63000000  0.230306916293273E-002 -0.100398022700459E-002  0.758120379284482E-001  0.465097367836651E-002 -0.925194085445284E-003 -0.155712785529302E+000  0.357781883130702E+000  0.112775312104152E+001  0.225012121784838E+002  0.318013569442061E+000 -0.138632109177482E+000  0.104683164432639E+002
      1.64000000  0.210211902893862E-002 -0.101966512438472E-002  0.770135418355253E-001  0.481436869486337E-002 -0.736253082760525E-003 -0.156948177773099E+000  0.339273426482927E+000  0.110104377280717E+001  0.225396531284382E+002  0.288495956821411E+000 -0.139939395270743E+000  0.105693802939711E+002
      1.65000000  0.184796037626792E-002 -0.113138928256597E-002  0.782656681410856E-001  0.489759347867393E-002 -0.614107758116171E-003 -0.158252882512745E+000  0.331925238562206E+000  0.108376969133658E+001  0.225870829606240E+002  0.252078024216897E+000 -0.154331434067532E+000  0.106761244680281E+002
      1.66000000  0.158932039106777E-002 -0.127616360088209E-002  0.796033522681959E-001  0.486897899595950E-002 -0.604842779940860E-003 -0.159606816210898E+000  0.339829538399093E+000  0.108200884365303E+001  0.226406161579335E+002  0.215491251261022E+000 -0.173031248270272E+000  0.107931830996774E+002
      1.67000000  0.139156275210088E-002 -0.137244640339637E-002  0.810470134896856E-001  0.472982704212576E-002 -0.707030297196885E-003 -0.160973309960945E+000  0.362536879544331E+000  0.109529011008091E+001  0.226952010219094E+002  0.187548070228256E+000 -0.184971661579829E+000  0.109231229096969E+002
      1.68000000  0.131363257283076E-002 -0.135271200045531E-002  0.825949858006081E-001  0.452093859976501E-002 -0.867832381215674E-003 -0.162309718701591E+000  0.394316695567082E+000  0.111626603032740E+001  0.227451054897908E+002  0.175991179699765E+000 -0.181226764376853E+000  0.110654906775117E+002
      1.69000000  0.138452915592034E-002 -0.119296321332372E-002  0.842233951109567E-001  0.431325328077033E-002 -0.999940930821973E-003 -0.163580790147093E+000  0.425560186915894E+000  0.113317230498783E+001  0.227857177400592E+002  0.184391830890657E+000 -0.158879045738651E+000  0.112168862330770E+002
      1.70000000  0.158974297813098E-002 -0.926790851759879E-003  0.858937566391431E-001  0.418529753743104E-002 -0.101372096505472E-002 -0.164769931310713E+000  0.445880170360595E+000  0.113421337036000E+001  0.228150048953582E+002  0.210476818035997E+000 -0.122704105095421E+000  0.113720550021361E+002
      1.71000000  0.187413036982822E-002 -0.637486777022006E-003  0.875657130159465E-001  0.419644845041247E-002 -0.852255589592689E-003 -0.165884319254791E+000  0.447652926056305E+000  0.111217601901375E+001  0.228341103045170E+002  0.246677741474909E+000 -0.839076090476680E-001  0.115256188497675E+002
      1.72000000  0.216043572111106E-002 -0.430609766667897E-003  0.892105485358766E-001  0.436727353442418E-002 -0.515412828558410E-003 -0.166952031152031E+000  0.428510543503334E+000  0.106744551147129E+001  0.228468856580720E+002  0.282708702883327E+000 -0.563484149951783E-001  0.116738481101939E+002
      1.73000000  0.237560666699832E-002 -0.397397815389485E-003  0.908209058801234E-001  0.467516395538327E-002 -0.633524155249115E-004 -0.168012112006490E+000  0.391757141752020E+000  0.100824220383788E+001  0.228585205144382E+002  0.309068473961050E+000 -0.517017981402938E-001  0.118158780971925E+002
      1.74000000  0.247364159310917E-002 -0.583025931593610E-003  0.924134207497139E-001  0.506655920673405E-002  0.401820217022387E-003 -0.169100834907644E+000  0.344624579592159E+000  0.948023287024969E+000  0.228737265759403E+002  0.319973345395337E+000 -0.754162439311827E-001  0.119539675752080E+002
      1.75000000  0.244559665243088E-002 -0.971456278248314E-003  0.940232885659222E-001  0.547962660129248E-002  0.768913679025431E-003 -0.170238669831409E+000  0.295243334378001E+000  0.901106940306245E+000  0.228950753472890E+002  0.314537954432329E+000 -0.124942872438489E+000  0.120927107195415E+002
      1.76000000  0.231356011486189E-002 -0.149169169185088E-002  0.956923960748175E-001  0.586688130116550E-002  0.952392965967905E-003 -0.171422334164912E+000  0.249724250531066E+000  0.878204908255335E+000  0.229220423320553E+002  0.295865547641915E+000 -0.190762356459755E+000  0.122374530006682E+002
      1.77000000  0.211280298515806E-002 -0.204178908393732E-002  0.974548412481189E-001  0.620789609091909E-002  0.916461576761154E-003 -0.172624763238378E+000  0.210599407295972E+000  0.883462077765123E+000  0.229510907431430E+002  0.268665567903165E+000 -0.259635388452210E+000  0.123924286612459E+002
      1.78000000  0.187139463975853E-002 -0.252063039375095E-002  0.993247294073137E-001  0.650742457519500E-002  0.680992251130443E-003 -0.173803276963753E+000  0.177159960649893E+000  0.913891020288852E+000  0.229767887592838E+002  0.236631008354384E+000 -0.318724495138533E+000  0.125592487949050E+002
      1.79000000  0.159707914358092E-002 -0.285561458348714E-002  0.101290591176251E+000  0.678128833144827E-002  0.309327591647522E-003 -0.174913359033322E+000  0.147321220436066E+000  0.961105167567012E+000  0.229935950545416E+002  0.200816633721391E+000 -0.359064802872459E+000  0.127362727322685E+002
      1.80000000  0.127718866433478E-002 -0.301741364995746E-002  0.103318595300751E+000  0.703789061974640E-002 -0.115360866899478E-003 -0.175923299506282E+000  0.119972419615429E+000  0.101442488240493E+001  0.229976927693943E+002  0.159701437646049E+000 -0.377301577541017E+000  0.129191001031114E+002
      1.81000000  0.890973812467373E-003 -0.301897363981667E-002  0.105363544715865E+000  0.726479995646820E-002 -0.515244687461023E-003 -0.176824420020453E+000  0.966181502648286E-001  0.106407095881702E+001  0.229882133842104E+002  0.110793081102769E+000 -0.375411024031167E+000  0.131020144381712E+002
      1.82000000  0.428013167852472E-003 -0.290221848816920E-002  0.107383633523012E+000  0.742707902805599E-002 -0.835722486322750E-003 -0.177633133497295E+000  0.815131717802267E-001  0.110335154545076E+001  0.229674104390639E+002  0.529312338662449E-001 -0.358909531449680E+000  0.132798442812695E+002
      1.83000000 -0.962093100403747E-004 -0.271986042622546E-002  0.109353427746015E+000  0.747848714213210E-002 -0.105158200704966E-002 -0.178384248759038E+000  0.802094631487359E-001  0.112933567450536E+001  0.229397507562080E+002 -0.118329297423780E-001 -0.334519781080374E+000  0.134495448212213E+002
      1.84000000 -0.635064944448968E-003 -0.252005182288671E-002  0.111270319562328E+000  0.738097512622937E-002 -0.116244038348250E-002 -0.179118435166850E+000  0.971362961135003E-001  0.114219330267739E+001  0.229103209323118E+002 -0.776831080104972E-001 -0.308260532502262E+000  0.136109296040941E+002
      1.85000000 -0.111894431724862E-002 -0.233869827306234E-002  0.113152561992201E+000  0.712440287357408E-002 -0.118254954687613E-002 -0.179869013688338E+000  0.133231704791688E+000  0.114387120898891E+001  0.228832035641506E+002 -0.136132876748457E+000 -0.284530444322268E+000  0.137663541768843E+002
      1.86000000 -0.147447081673700E-002 -0.219976557208128E-002  0.115030625576312E+000  0.673831853278580E-002 -0.113124346378451E-002 -0.180653132170019E+000  0.184610962428425E+000  0.113688927210941E+001  0.228604363770710E+002 -0.178422455741270E+000 -0.266188771571902E+000  0.139196018448163E+002
      1.87000000 -0.164816427021675E-002 -0.212001322489018E-002  0.116936261910993E+000  0.629064276790023E-002 -0.102843300867648E-002 -0.181469957164967E+000  0.242853895593848E+000  0.112378290659509E+001  0.228418492678243E+002 -0.198374188879996E+000 -0.255166254664134E+000  0.140745291755423E+002
      1.88000000 -0.162628743679812E-002 -0.211299326443432E-002  0.118894004087747E+000  0.587281352946018E-002 -0.895793438784860E-003 -0.182305035847165E+000  0.296903982805503E+000  0.110724481475176E+001  0.228256452338652E+002 -0.194699902166195E+000 -0.252968554361562E+000  0.142340464792664E+002
      1.89000000 -0.144382983799514E-002 -0.218845585077897E-002  0.120917794656405E+000  0.557561050516149E-002 -0.760577912595275E-003 -0.183137297653203E+000  0.336017093604286E+000  0.109057496618135E+001  0.228092772177436E+002 -0.171941410054629E+000 -0.260616711833395E+000  0.143997412761518E+002
      1.90000000 -0.117905345251987E-002 -0.234674309686840E-002  0.123012240955237E+000  0.546302026266008E-002 -0.657188820163224E-003 -0.183944681994700E+000  0.352849209666584E+000  0.107785075725855E+001  0.227901345056582E+002 -0.139670976302043E+000 -0.277995792955083E+000  0.145720618133134E+002
      1.91000000 -0.934547394146471E-003 -0.257154439138703E-002  0.125175531532741E+000  0.555228835277797E-002 -0.622706975449634E-003 -0.184706232645422E+000  0.345718077735460E+000  0.107337981945784E+001  0.227657911965296E+002 -0.110127109155550E+000 -0.303030912784544E+000  0.147506905600013E+002
      1.92000000 -0.809968120100203E-003 -0.282649371772292E-002  0.127400731973090E+000  0.580660715154972E-002 -0.686095870738581E-003 -0.185401453346901E+000  0.319312945022612E+000  0.108042847836891E+001  0.227339258492024E+002 -0.949495634726096E-001 -0.331339392249986E+000  0.149347160545521E+002
      1.93000000 -0.874379097515688E-003 -0.306018036202536E-002  0.129674126964558E+000  0.614321041352924E-002 -0.855057597808291E-003 -0.186009879026168E+000  0.283585516470580E+000  0.109971588242731E+001  0.226922687721101E+002 -0.101969134603636E+000 -0.356874888859256E+000  0.151224549450312E+002
      1.94000000 -0.114651700316059E-002 -0.322032747603596E-002  0.131972195255758E+000  0.645499750467704E-002 -0.110724124810578E-002 -0.186513774305398E+000  0.251105528936350E+000  0.112845966992849E+001  0.226389137646173E+002 -0.133016355780976E+000 -0.373615239985806E+000  0.153111209244556E+002
      1.95000000 -0.158914464538880E-002 -0.327284111080421E-002  0.134260760537202E+000  0.663954030891990E-002 -0.139194265107684E-002 -0.186904581310770E+000  0.233645563341318E+000  0.116066193992287E+001  0.225730530209919E+002 -0.183423549345724E+000 -0.377760535977792E+000  0.154967550040512E+002
      1.96000000 -0.211940231278077E-002 -0.321772007603545E-002  0.136499457563446E+000  0.662682259355942E-002 -0.164435469799408E-002 -0.187190589498729E+000  0.239015960111895E+000  0.118882770187702E+001  0.224958298663713E+002 -0.243379283413383E+000 -0.369503421605150E+000  0.156747682909334E+002
      1.97000000 -0.263200281569870E-002 -0.309367559951417E-002  0.138651914579320E+000  0.639730732910075E-002 -0.180846178482782E-002 -0.187401302154383E+000  0.269101174114278E+000  0.120661858610061E+001  0.224107881125273E+002 -0.300708980944410E+000 -0.353455562947616E+000  0.158411213280069E+002
      1.98000000 -0.302795834929978E-002 -0.296737376760852E-002  0.140698469344996E+000  0.598503481684688E-002 -0.185970439203288E-002 -0.187584550052660E+000  0.319657241719373E+000  0.121140000925322E+001  0.223234833378784E+002 -0.344200092123569E+000 -0.337313201290272E+000  0.159937557005670E+002
      1.99000000 -0.323985479106392E-002 -0.290995360842592E-002  0.142645915671019E+000  0.546544606317960E-002 -0.181731911896617E-002 -0.187795499434502E+000  0.381842971131045E+000  0.120554380632444E+001  0.222401891123701E+002 -0.366436515603596E+000 -0.329123781652432E+000  0.161336466213683E+002
      2.00000000 -0.324621806750944E-002 -0.296974330947442E-002  0.144529215916023E+000  0.493267789707101E-002 -0.173988924344176E-002 -0.188080765130331E+000  0.444890018018063E+000  0.119580234240533E+001  0.221660911823662E+002 -0.365320438627185E+000 -0.334206730991337E+000  0.162649198097136E+002
      2.01000000 -0.307167687197198E-002 -0.315264743341004E-002  0.146403302327871E+000  0.447422933198896E-002 -0.170478720863277E-002 -0.188463674662458E+000  0.498987618504526E+000  0.119089756826578E+001  0.221036644440512E+002 -0.343958261997968E+000 -0.353025131576394E+000  0.163938550564823E+002
      2.02000000 -0.277470543692367E-002 -0.341890216073464E-002  0.148327483224524E+000  0.415094615387171E-002 -0.177955022862415E-002 -0.188936735718902E+000  0.537489064238602E+000  0.119828285190057E+001  0.220519007469048E+002 -0.309166045648847E+000 -0.380944386899150E+000  0.165270953951835E+002
      2.03000000 -0.242862038829307E-002 -0.369783745162362E-002  0.150348336717486E+000  0.398736682067073E-002 -0.199713774935531E-002 -0.189464430566079E+000  0.557904160010478E+000  0.122143091683937E+001  0.220067045111132E+002 -0.269271180422144E+000 -0.409994522160683E+000  0.166697415115080E+002
      2.04000000 -0.210270285678740E-002 -0.391426490602923E-002  0.152487611288395E+000  0.397308822241582E-002 -0.234538836806979E-002 -0.189995035040642E+000  0.561646663258355E+000  0.125876818221602E+001  0.219622723967026E+002 -0.231992536246400E+000 -0.431863323036238E+000  0.168240546089326E+002
      2.05000000 -0.184865528181641E-002 -0.401506667061332E-002  0.154739280759198E+000  0.407200048175617E-002 -0.277451568625501E-002 -0.190476426438000E+000  0.552925154479141E+000  0.130462083130518E+001  0.219128705427873E+002 -0.202968363643941E+000 -0.440823943799299E+000  0.169892023223905E+002
      2.06000000 -0.169429277822481E-002 -0.398496835060060E-002  0.157075766608770E+000  0.423459076138484E-002 -0.321835174206001E-002 -0.190869579396083E+000  0.537330894345487E+000  0.135163537779353E+001  0.218543074341755E+002 -0.185117516329208E+000 -0.435395495509693E+000  0.171620136518481E+002
      2.07000000 -0.164329166587195E-002 -0.384600476335260E-002  0.159459506155112E+000  0.440934225503315E-002 -0.361929344150418E-002 -0.191155125146369E+000  0.520564994673004E+000  0.139353170383334E+001  0.217846098447495E+002 -0.178677794331301E+000 -0.418182397181991E+000  0.173382932784703E+002
      2.08000000 -0.167845450234822E-002 -0.364287897345797E-002  0.161854310235094E+000  0.455152352883648E-002 -0.394624262677798E-002 -0.191331976303664E+000  0.507484692898164E+000  0.142701853278626E+001  0.217038207032382E+002 -0.181623697964671E+000 -0.394191888711629E+000  0.175140751895818E+002
      2.09000000 -0.176657570459677E-002 -0.342233914280725E-002  0.164231986956638E+000  0.462969225006677E-002 -0.419922294490521E-002 -0.191410726159613E+000  0.501423146474870E+000  0.145221912171185E+001  0.216132400222161E+002 -0.190244558112712E+000 -0.368555616519030E+000  0.176863305123229E+002
      2.10000000 -0.186460379690321E-002 -0.321609696726070E-002  0.166572804720623E+000  0.463075583854040E-002 -0.440116196305672E-002 -0.191406533918623E+000  0.503683328332755E+000  0.147170918379953E+001  0.215146324190130E+002 -0.199845118750377E+000 -0.344695898078934E+000  0.178529948267097E+002
      2.11000000 -0.192784013783178E-002 -0.303352965060461E-002  0.168861883787838E+000  0.456336413132129E-002 -0.458287606073971E-002 -0.191335645101150E+000  0.513224238700449E+000  0.148885710611968E+001  0.214098449362369E+002 -0.205643429660999E+000 -0.323587744173784E+000  0.180125603983966E+002
      2.12000000 -0.192034580753157E-002 -0.286477285704474E-002  0.171085781237410E+000  0.445788550027417E-002 -0.476898580256687E-002 -0.191216969297820E+000  0.526718723013394E+000  0.150630992887346E+001  0.213009726035393E+002 -0.203877761326198E+000 -0.304144948535649E+000  0.181637004838533E+002
      2.13000000 -0.182575551847793E-002 -0.269010455813082E-002  0.173233296524986E+000  0.436079127336248E-002 -0.497013037158220E-002 -0.191076655414855E+000  0.539200528840752E+000  0.152518758712605E+001  0.211908360769012E+002 -0.192925348782402E+000 -0.284260052830720E+000  0.183053502041008E+002
      2.14000000 -0.165470368535907E-002 -0.249000072191713E-002  0.175301939535713E+000  0.432282801907241E-002 -0.518249896596832E-002 -0.190951127970006E+000  0.545346582497131E+000  0.154506930548400E+001  0.210832840271587E+002 -0.174033452680480E+000 -0.261885814751232E+000  0.184373807038235E+002
      2.15000000 -0.144473790905132E-002 -0.225196868577658E-002  0.177307738206272E+000  0.438340519952433E-002 -0.539217183125463E-002 -0.190883920889371E+000  0.541119678383303E+000  0.156448387304170E+001  0.209828377761372E+002 -0.151243557503935E+000 -0.235749164807311E+000  0.185616041022291E+002
      2.16000000 -0.125076864897261E-002 -0.197335965371983E-002  0.179292920512748E+000  0.455647438348859E-002 -0.558083119037952E-002 -0.190914205208243E+000  0.525210115805713E+000  0.158152904451521E+001  0.208934802992277E+002 -0.130331535309735E+000 -0.205626351123249E+000  0.186825290350754E+002
      2.17000000 -0.112808916939331E-002 -0.166149640326124E-002  0.181325192941315E+000  0.482391288992747E-002 -0.573081885987322E-002 -0.191059267897834E+000  0.499659108106784E+000  0.159440605273254E+001  0.208168513167128E+002 -0.117006495355228E+000 -0.172332007491453E+000  0.188072236852376E+002
      2.18000000 -0.111382308514081E-002 -0.133246244818647E-002  0.183484712514072E+000  0.514013490956548E-002 -0.582948449508560E-002 -0.191297495844995E+000  0.469305850766124E+000  0.160186617063968E+001  0.207505442160880E+002 -0.114996863888894E+000 -0.137570324080498E+000  0.189439120019730E+002
      2.19000000 -0.121414866841946E-002 -0.100847058770101E-002  0.185839907765636E+000  0.544711047989100E-002 -0.587341953799274E-002 -0.191560487839429E+000  0.440180084299337E+000  0.160363329195767E+001  0.206873877535146E+002 -0.124782599455603E+000 -0.103644293883438E+000  0.190994623448980E+002
      2.20000000 -0.140273637356736E-002 -0.712702926796112E-003  0.188419157144802E+000  0.569433350734586E-002 -0.587201128399947E-002 -0.191741230806661E+000  0.417432176226063E+000  0.160074543060792E+001  0.206163908233814E+002 -0.143509170199371E+000 -0.729142036597099E-001  0.192765208067922E+002
      2.21000000 -0.163124774302490E-002 -0.461345348265954E-003  0.191189311342294E+000  0.585592003644527E-002 -0.584801901326530E-002 -0.191719793680642E+000  0.403611666065909E+000  0.159558366480928E+001  0.205254456385633E+002 -0.166132241841014E+000 -0.469850991660047E-001  0.194714193752298E+002
      2.22000000 -0.184767564699130E-002 -0.255034072182033E-003  0.194051814521975E+000  0.593818839925031E-002 -0.583256574195501E-002 -0.191400499727252E+000  0.397957329807081E+000  0.159133412705559E+001  0.204051215934142E+002 -0.187326421018489E+000 -0.258566053286604E-001  0.196739248935484E+002
      2.23000000 -0.201521938206356E-002 -0.742204211263459E-004  0.196861953801684E+000  0.597518435033656E-002 -0.585417052140720E-002 -0.190748169351587E+000  0.396923061584896E+000  0.159086298062274E+001  0.202522632334116E+002 -0.203396625762888E+000 -0.749108675420787E-002  0.198693291165900E+002
      2.24000000 -0.212465671519080E-002  0.117206123447211E-003  0.199468021393096E+000  0.601458386037159E-002 -0.592535175506986E-002 -0.189808991466355E+000  0.395656519058655E+000  0.159537746726830E+001  0.200719473333033E+002 -0.213484833676337E+000  0.117768341544667E-001  0.200424836004761E+002
      2.25000000 -0.219638426563370E-002  0.359178469878575E-003  0.201758348523016E+000  0.609985292886392E-002 -0.603337248839628E-002 -0.188705590783236E+000  0.389812760246248E+000  0.160353699474955E+001  0.198768065245090E+002 -0.219711141910303E+000  0.359297382527227E-001  0.201825144340757E+002
      2.26000000 -0.227260333551419E-002  0.678042959181569E-003  0.203699303510450E+000  0.625509828215304E-002 -0.614129708631240E-002 -0.187605003436316E+000  0.377051744148841E+000  0.161161473985110E+001  0.196836728070366E+002 -0.226329662659240E+000  0.675266254439937E-001  0.202865119165247E+002
      2.27000000 -0.240341079877729E-002  0.107284166772459E-002  0.205349167404630E+000  0.647698117656999E-002 -0.620099281646829E-002 -0.186669074486668E+000  0.357795930567494E+000  0.161483933837315E+001  0.195085668777599E+002 -0.238302405613935E+000  0.106374137285104E+000  0.203607309279950E+002
      2.28000000 -0.263162375963581E-002  0.151321187366198E-002  0.206841207249862E+000  0.673492284469148E-002 -0.617309530154897E-002 -0.186004571005143E+000  0.335149417931684E+000  0.160938871892689E+001  0.193617912412479E+002 -0.259785691495747E+000  0.149379557598027E+000  0.204187189975276E+002
      2.29000000 -0.298026726938966E-002  0.195144348891898E-002  0.208341063551001E+000  0.697830255702708E-002 -0.604413151821130E-002 -0.185631351954321E+000  0.314131924959792E+000  0.159405232372892E+001  0.192449266123913E+002 -0.292917963710712E+000  0.191799191616709E+000  0.204769688676885E+002
      2.30000000 -0.344500916136778E-002  0.234344489328075E-002  0.209993754265014E+000  0.714825462379142E-002 -0.583132642076313E-002 -0.185480397596551E+000  0.300482710147580E+000  0.157064470542510E+001  0.191508286814036E+002 -0.337123339738921E+000  0.229325941357804E+000  0.205496683596709E+002
      2.31000000 -0.399260181821572E-002  0.266765643474190E-002  0.211879672892631E+000  0.719163513760792E-002 -0.557168832381271E-002 -0.185421974859418E+000  0.299284149913043E+000  0.154287658446735E+001  0.190665612551690E+002 -0.389018536616183E+000  0.259922689436086E+000  0.206444629442769E+002
      2.32000000 -0.456585187552803E-002  0.293111455914350E-002  0.213995105059253E+000  0.707477103974669E-002 -0.530081413032150E-002 -0.185312638326140E+000  0.313642031711496E+000  0.151425777545625E+001  0.189780808771256E+002 -0.442955510388627E+000  0.284361687796277E+000  0.207607065595458E+002
      2.33000000 -0.509509820439919E-002  0.315852691095871E-002  0.216262777859835E+000  0.679412818660037E-002 -0.503341969621467E-002 -0.185043097148148E+000  0.343697450955132E+000  0.148622076097320E+001  0.188748844599375E+002 -0.492178811959440E+000  0.305108942009272E+000  0.208906585914674E+002
      2.34000000 -0.551476709483889E-002  0.337006976798046E-002  0.218566279009968E+000  0.638046175247356E-002 -0.475764502631881E-002 -0.184569847309026E+000  0.386290949820468E+000  0.145761732041753E+001  0.187529762073867E+002 -0.530441621160543E+000  0.324152451120678E+000  0.210229460964139E+002
      2.35000000 -0.578123493919834E-002  0.356107219825009E-002  0.220793844160269E+000  0.589351727944226E-002 -0.444798197728749E-002 -0.183921022074772E+000  0.435540256041647E+000  0.142601160715841E+001  0.186152894963106E+002 -0.553705747996348E+000  0.341066600118915E+000  0.211468348751631E+002
      2.36000000 -0.588613237796245E-002  0.369710119204790E-002  0.222875163884337E+000  0.540684856604164E-002 -0.409078066903589E-002 -0.183177416060039E+000  0.484345895914196E+000  0.139013998915223E+001  0.184697303269108E+002 -0.561363663290231E+000  0.352594562176857E+000  0.212557262427441E+002
      2.37000000 -0.585916761614801E-002  0.373028587358034E-002  0.224799502097518E+000  0.498642210703376E-002 -0.370779008570773E-002 -0.182438453036160E+000  0.526448770197089E+000  0.135212192575137E+001  0.183258404411349E+002 -0.556434246979303E+000  0.354258308870127E+000  0.213487904538205E+002
      2.38000000 -0.575764676072042E-002  0.363072121058749E-002  0.226611740554747E+000  0.467047724134001E-002 -0.336228687342942E-002 -0.181786696489402E+000  0.558317107145339E+000  0.131796848932669E+001  0.181914067533054E+002 -0.544495550647547E+000  0.343354086654528E+000  0.214304714381465E+002
      2.39000000 -0.564542565490140E-002  0.341697635992680E-002  0.228391051005064E+000  0.445911583562137E-002 -0.314028170821810E-002 -0.181262709146173E+000  0.580069780622223E+000  0.129573109003038E+001  0.180701304973289E+002 -0.531649080475912E+000  0.321788373598685E+000  0.215083679563380E+002
      2.40000000 -0.556946230250090E-002  0.316784593233897E-002  0.230221699746302E+000  0.431886426698082E-002 -0.311236648132449E-002 -0.180856504803192E+000  0.594972427510801E+000  0.129188095821054E+001  0.179609106888015E+002 -0.522309953961343E+000  0.297083878695726E+000  0.215904298950722E+002
      2.41000000 -0.554426521055479E-002  0.300521973141145E-002  0.232166036088834E+000  0.420086022475699E-002 -0.329316098427887E-002 -0.180515473419263E+000  0.607673662113673E+000  0.130755457689788E+001  0.178586838955092E+002 -0.517789488331132E+000  0.280663194842810E+000  0.216824283234956E+002
      2.42000000 -0.555151485251334E-002  0.305182097248992E-002  0.234247026336954E+000  0.406450473167051E-002 -0.361874795774013E-002 -0.180163952274188E+000  0.621976722649956E+000  0.133656522828710E+001  0.177563263411515E+002 -0.516324122457600E+000  0.283837624032506E+000  0.217863760658000E+002
      2.43000000 -0.555491287257699E-002  0.338062358495108E-002  0.236443708093207E+000  0.389521360505388E-002 -0.395565391967539E-002 -0.179727533700331E+000  0.639212667845456E+000  0.136638551034908E+001  0.176469477602786E+002 -0.514514067482127E+000  0.313124333579740E+000  0.219001839942732E+002
      2.44000000 -0.552246267067737E-002  0.397824162533287E-002  0.238699275483673E+000  0.370754767504647E-002 -0.414087302130331E-002 -0.179155327329337E+000  0.658002293616926E+000  0.138196921518792E+001  0.175259401639856E+002 -0.509412078412217E+000  0.366967502659143E+000  0.220184908963293E+002
      2.45000000 -0.544428590838504E-002  0.473949184040294E-002  0.240938824879822E+000  0.353256886206326E-002 -0.403797576872092E-002 -0.178434760690026E+000  0.675473005545855E+000  0.137095728096756E+001  0.173922909514232E+002 -0.500150969955986E+000  0.435403555391008E+000  0.221343605004471E+002
      2.46000000 -0.533635669959405E-002  0.549700193878915E-002  0.243091995695980E+000  0.339685171178551E-002 -0.358657916004437E-002 -0.177595426328938E+000  0.689209484562567E+000  0.132814938077513E+001  0.172488618200790E+002 -0.488242993790586E+000  0.502941020354063E+000  0.222413849797864E+002
      2.47000000 -0.522830676473534E-002  0.607458746199788E-002  0.245114646142854E+000  0.330534368621336E-002 -0.282508562968813E-002 -0.176700847010845E+000  0.698806256779992E+000  0.125743105604175E+001  0.171015599567841E+002 -0.476420437530101E+000  0.553536306626109E+000  0.223356494205875E+002
      2.48000000 -0.514256300064079E-002  0.634330490456369E-002  0.247003531217290E+000  0.323826379539627E-002 -0.187816564252780E-002 -0.175829897049751E+000  0.706108639712887E+000  0.117045450599539E+001  0.169575905139534E+002 -0.466717639794861E+000  0.575691983391985E+000  0.224170136751588E+002
      2.49000000 -0.507732870536097E-002  0.625891457842459E-002  0.248799235493925E+000  0.316428614586897E-002 -0.915263439166509E-003 -0.175052650645323E+000  0.713975866769441E+000  0.108273190849285E+001  0.168232474442638E+002 -0.458946654989920E+000  0.565751810908487E+000  0.224893016623923E+002
      2.50000000 -0.500409853061109E-002  0.586844435055495E-002  0.250575622820724E+000  0.306272020754513E-002 -0.975334804799783E-004 -0.174407671100458E+000  0.724263924026237E+000  0.100878091936618E+001  0.167018870775365E+002 -0.450517970664627E+000  0.528334848644047E+000  0.225592722446717E+002
      2.51000000 -0.488228325599403E-002  0.528687965349833E-002  0.252418233261930E+000  0.294175163332175E-002  0.466615860446472E-003 -0.173888036827414E+000  0.736209860662422E+000  0.958158037051785E+000  0.165927335755556E+002 -0.437799767252931E+000  0.474080376011402E+000  0.226346235927209E+002
      2.52000000 -0.468360278736984E-002  0.465635486287381E-002  0.254397960403640E+000  0.284146864708835E-002  0.743155777677201E-003 -0.173441109277517E+000  0.746213449319209E+000  0.933624838117268E+000  0.164909401921063E+002 -0.418317266102345E+000  0.415883610260974E+000  0.227216235298691E+002
      2.53000000 -0.441287731999701E-002  0.410482687635355E-002  0.256548324187099E+000  0.281863919350411E-002  0.768012663380072E-003 -0.172982705965450E+000  0.749247517753308E+000  0.931675866076342E+000  0.163889305898219E+002 -0.392579491688591E+000  0.365174631364924E+000  0.228231159399190E+002
      2.54000000 -0.411329195698108E-002  0.371802515796172E-002  0.258853734307786E+000  0.292044185664832E-002  0.623778668827624E-003 -0.172421519890556E+000  0.741213794247194E+000  0.944725722045123E+000  0.162786164261520E+002 -0.364487043725058E+000  0.329461660512782E+000  0.229375481638029E+002
      2.55000000 -0.385245139652028E-002  0.353021415670497E-002  0.261252589862501E+000  0.316075206703267E-002  0.410091175025862E-003 -0.171686203663894E+000  0.721017780097647E+000  0.963803505006172E+000  0.161537979597770E+002 -0.340034719545763E+000  0.311592608746709E+000  0.230593307951243E+002
      2.56000000 -0.369596186159172E-002  0.353065450517511E-002  0.263654276781483E+000  0.351144572933686E-002  0.219030086562828E-003 -0.170746761233972E+000  0.691274664812998E+000  0.980742935502262E+000  0.160120079184615E+002 -0.324947942388893E+000  0.310414165434227E+000  0.231804109324001E+002
      2.57000000 -0.368197574095354E-002  0.367768708020012E-002  0.265964877080824E+000  0.391312476387678E-002  0.121096050971522E-003 -0.169623840021539E+000  0.657297835766543E+000  0.989394695734937E+000  0.158552526659999E+002 -0.322458682311413E+000  0.322083091597968E+000  0.232925716621883E+002
      2.58000000 -0.380935536196102E-002  0.391262526213798E-002  0.268113993808759E+000  0.429928317256435E-002  0.160788468079348E-003 -0.168383250426083E+000  0.624938384059333E+000  0.985973107552603E+000  0.156894473955945E+002 -0.332321208071799E+000  0.341330285651424E+000  0.233897753969622E+002
      2.59000000 -0.404441907730495E-002  0.416971519009821E-002  0.270074934397118E+000  0.462109548735500E-002  0.357020969092473E-003 -0.167117245454662E+000  0.598420574563271E+000  0.968974396649163E+000  0.155227138443453E+002 -0.351465468249627E+000  0.362353869305753E+000  0.234698757636221E+002
      2.60000000 -0.434113042842157E-002  0.438311890392772E-002  0.271872283861855E+000  0.486046334155604E-002  0.703999355977480E-003 -0.165917713408658E+000  0.579243727045280E+000  0.939056809121252E+000  0.153630172280338E+002 -0.375799122658998E+000  0.379433943707842E+000  0.235351983625454E+002
      2.61000000 -0.466284271988214E-002  0.449418132352916E-002  0.273574105150994E+000  0.502617802961729E-002  0.117155827378997E-002 -0.164848855816826E+000  0.566565341513964E+000  0.898970160367497E+000  0.152158131092345E+002 -0.402102279297915E+000  0.387557690089721E+000  0.235917824911930E+002
      2.62000000 -0.499396761395749E-002  0.446099384370441E-002  0.275270143712420E+000  0.513767232283918E-002  0.170749823004877E-002 -0.163927720263692E+000  0.558641610733827E+000  0.853315154970276E+000  0.150824229388916E+002 -0.429013250289514E+000  0.383227448864555E+000  0.236474379072199E+002
      2.63000000 -0.533668749952698E-002  0.426865117547671E-002  0.277041886865966E+000  0.520727466969270E-002  0.224551851486009E-002 -0.163119638545628E+000  0.554363234743081E+000  0.807829302127858E+000  0.149597222505725E+002 -0.456711870475730E+000  0.365309691251959E+000  0.237091488609546E+002
      2.64000000 -0.569686138919962E-002  0.393531503303187E-002  0.278934030002356E+000  0.523165612938527E-002  0.271995616614858E-002 -0.162351776021162E+000  0.553972599529894E+000  0.768108807578980E+000  0.148413800199312E+002 -0.485688702281315E+000  0.335507206667343E+000  0.237806570668512E+002
      2.65000000 -0.606927143956393E-002  0.350880612652167E-002  0.280938160807860E+000  0.519680284587795E-002  0.308402416691322E-002 -0.161541943201084E+000  0.558615942559588E+000  0.738062200855635E+000  0.147203662427677E+002 -0.515486104274053E+000  0.298016132385000E+000  0.238611371231019E+002
      2.66000000 -0.643205587506263E-002  0.305180805629974E-002  0.282996725303062E+000  0.509239186066744E-002  0.332440233975979E-002 -0.160633214148438E+000  0.569109961304797E+000  0.718707457711282E+000  0.145918942913170E+002 -0.544244999349322E+000  0.258227121448775E+000  0.239456179439557E+002
      2.67000000 -0.675413968318501E-002  0.261945390918362E-002  0.285028335562208E+000  0.492590131795145E-002  0.346456373772695E-002 -0.159620621961541E+000  0.584758528512389E+000  0.707945723704704E+000  0.144556292675880E+002 -0.569357508332092E+000  0.220813578172883E+000  0.240271937732883E+002
      2.68000000 -0.701154049381457E-002  0.223804367222195E-002  0.286966228229252E+000  0.472715273913176E-002  0.355309274710633E-002 -0.158557160346646E+000  0.602999442620361E+000  0.701600545007596E+000  0.143161089788930E+002 -0.588850337136675E+000  0.187957663808274E+000  0.241002901414754E+002
      2.69000000 -0.720324587011940E-002  0.189489059797716E-002  0.288794218165613E+000  0.453965918815943E-002  0.364002051545071E-002 -0.157533579712651E+000  0.620163019204437E+000  0.695436519501528E+000  0.141809628899105E+002 -0.602701447362082E+000  0.158547039291150E+000  0.241636473912740E+002
      2.70000000 -0.735764127710837E-002  0.154552404572872E-002  0.290563133021007E+000  0.440255306548129E-002  0.375060018669460E-002 -0.156637904542282E+000  0.632999115685813E+000  0.687346509002181E+000  0.140574802004923E+002 -0.613339763315298E+000  0.128836309994431E+000  0.242216107748726E+002
      2.71000000 -0.752558647386318E-002  0.113698298876283E-002  0.292377543854591E+000  0.433175764880211E-002  0.386852126123395E-002 -0.155911185173263E+000  0.640233156709607E+000  0.678706475478658E+000  0.139489411622463E+002 -0.625024922702993E+000  0.944302091450565E-001  0.242829249763437E+002
      2.72000000 -0.776292042805644E-002  0.638126281973992E-003  0.294355634504991E+000  0.430907681979139E-002  0.393753783314859E-002 -0.155320010216348E+000  0.643432621586157E+000  0.674176720145108E+000  0.138524162307080E+002 -0.642365940925916E+000  0.528036572509872E-001  0.243573325113914E+002
      2.73000000 -0.810970367458391E-002  0.636409718159207E-004  0.296578463470590E+000  0.428365454504731E-002  0.388281398737951E-002 -0.154760530877057E+000  0.646834665291957E+000  0.679881912268719E+000  0.137592115825452E+002 -0.668603451211736E+000  0.524687153834589E-002  0.244513723544510E+002
      2.74000000 -0.857393786918693E-002 -0.519885650463344E-003  0.299051657579162E+000  0.418468257542460E-002  0.364434766475873E-002 -0.154094822848578E+000  0.656253540829643E+000  0.700638798005017E+000  0.136579612135354E+002 -0.704297334518998E+000 -0.427054736647784E-001  0.245652917632426E+002
      2.75000000 -0.912452997461590E-002 -0.101028723282816E-002  0.301698359082602E+000  0.394038758755450E-002  0.320882636272997E-002 -0.153204683618419E+000  0.677497917008741E+000  0.737372742415947E+000  0.135390785787195E+002 -0.746799612409731E+000 -0.826872305748907E-001  0.246925834266902E+002
      2.76000000 -0.969433617109797E-002 -0.130345071541607E-002  0.304388142289194E+000  0.349759085065633E-002  0.262614344285339E-002 -0.152038535987626E+000  0.714775913652093E+000  0.785841341629239E+000  0.133985492781714E+002 -0.790560787472332E+000 -0.106294748379248E+000  0.248224659448891E+002
      2.77000000 -0.101915335094729E-001 -0.133161354023720E-002  0.306989248279519E+000  0.283766748803266E-002  0.200276040762093E-002 -0.150629459877886E+000  0.769427233293060E+000  0.837267047607319E+000  0.132392956391431E+002 -0.828106213351591E+000 -0.108199364249607E+000  0.249442052754976E+002
      2.78000000 -0.105169721373351E-001 -0.109151169440937E-002  0.309419802823892E+000  0.198652453534992E-002  0.147346624981551E-002 -0.149076010359498E+000  0.839166907392009E+000  0.880705156370201E+000  0.130694989430653E+002 -0.851475591476514E+000 -0.883710209996098E-001  0.250512605894170E+002
      2.79000000 -0.105854101288885E-001 -0.651647113775585E-003  0.311674113146248E+000  0.101682433157286E-002  0.116164672079099E-002 -0.147495728646347E+000  0.917970889516282E+000  0.906287797956785E+000  0.128987548245355E+002 -0.853944727733771E+000 -0.525695849642078E-001  0.251433305324641E+002
      2.80000000 -0.103479384628616E-001 -0.136228190672697E-003  0.313812829736469E+000  0.403731221508517E-004  0.114225560265755E-002 -0.145974602536756E+000  0.996754657180807E+000  0.908181215118392E+000  0.127339854558972E+002 -0.831806062915378E+000 -0.109505323546547E-001  0.252254509757919E+002
      2.81000000 -0.981089243826745E-002  0.307995048878663E-003  0.315924173545878E+000 -0.810942676402075E-003  0.141986386356939E-002 -0.144537013587125E+000  0.106495462976171E+001  0.886272193764213E+000  0.125770799559704E+002 -0.785829756533488E+000  0.246696899182987E-001  0.253047944356469E+002
      2.82000000 -0.904444044574290E-002  0.550372175584318E-003  0.318077759444425E+000 -0.141449369200723E-002  0.192780588937348E-002 -0.143149194243499E+000  0.111289590315421E+001  0.846134777258720E+000  0.124252595548761E+002 -0.721869795826144E+000  0.439272116833325E-001  0.253869466712072E+002
      2.83000000 -0.817429782347105E-002  0.508449275434878E-003  0.320295131191312E+000 -0.169039739984099E-002  0.254674769587773E-002 -0.141751195379482E+000  0.113444004711432E+001  0.797453024800970E+000  0.122737024957101E+002 -0.650115165000454E+000  0.404377956042401E-001  0.254735913175796E+002
      2.84000000 -0.735435023558410E-002  0.165398186604737E-003  0.322550776803609E+000 -0.162836289647819E-002  0.313526222292812E-002 -0.140297699448029E+000  0.112905033419094E+001  0.751525511591926E+000  0.121188145094357E+002 -0.582843884315973E+000  0.131080678036089E-001  0.255626590547355E+002
      2.85000000 -0.672566544633514E-002 -0.429626962263430E-003  0.324800102902039E+000 -0.129610102993175E-002  0.356300040376845E-002 -0.138784611629798E+000  0.110235764168834E+001  0.718617368367063E+000  0.119603072762059E+002 -0.531149376455553E+000 -0.339291472249872E-001  0.256506026809769E+002
      2.86000000 -0.637501875277454E-002 -0.117574458370790E-002  0.327016352360991E+000 -0.822371988991019E-003  0.373849305228178E-002 -0.137247707559224E+000  0.106471851620172E+001  0.705790413081816E+000  0.118010342086423E+002 -0.501697236726095E+000 -0.925280115427434E-001  0.257353282721486E+002
      2.87000000 -0.630918505571121E-002 -0.194421964937435E-002  0.329214670406156E+000 -0.357516570462318E-003  0.362674210774135E-002 -0.135736020096490E+000  0.102803758184823E+001  0.715579396622838E+000  0.116448486241833E+002 -0.494786275686171E+000 -0.152471862995841E+000  0.258180572028173E+002
      2.88000000 -0.645698350342971E-002 -0.260658476281374E-002  0.331450083118873E+000 -0.248257101765361E-004  0.325465690073937E-002 -0.134276628505207E+000  0.100194015071759E+001  0.745645748839194E+000  0.114938346294139E+002 -0.504618844278008E+000 -0.203706853180758E+000  0.259031106073688E+002
      2.89000000 -0.670021380683788E-002 -0.306215438803148E-002  0.333791615856996E+000  0.118131748175950E-003  0.270417479344351E-002 -0.132851330837500E+000  0.990799846705840E+000  0.789397659663609E+000  0.113465209641842E+002 -0.521815642944213E+000 -0.238481951001978E+000  0.259958400820060E+002
      2.90000000 -0.692183005346117E-002 -0.326034640495929E-002  0.336288015421760E+000  0.918224933635205E-004  0.209399442565296E-002 -0.131397731510913E+000  0.992873482448085E+000  0.837481128192091E+000  0.111980267099389E+002 -0.537216335131266E+000 -0.253041657105524E+000  0.260999495506406E+002
      2.91000000 -0.705126727922986E-002 -0.321312001151278E-002  0.338944142625524E+000 -0.248695242316980E-004  0.155229538112897E-002 -0.129832790272241E+000  0.100192353797004E+001  0.879937425481283E+000  0.110419412738939E+002 -0.545381577150738E+000 -0.248519363975213E+000  0.262156976541815E+002
      2.92000000 -0.708740788988598E-002 -0.299331966883577E-002  0.341719627884148E+000 -0.137562899924083E-003  0.118519870116201E-002 -0.128084582784140E+000  0.101060339027316E+001  0.908644522712206E+000  0.108727986977887E+002 -0.546299561313228E+000 -0.230725992825784E+000  0.263398531177571E+002
      2.93000000 -0.708953723702865E-002 -0.271699429836371E-002  0.344547918858816E+000 -0.183260471686901E-003  0.104840020026669E-002 -0.126114866909487E+000  0.101407756220969E+001  0.919464798360204E+000  0.106877950173493E+002 -0.544598628244926E+000 -0.208711981948531E+000  0.264672174927173E+002
      2.94000000 -0.714129274851627E-002 -0.251216449310620E-002  0.347362688562072E+000 -0.160082155323073E-003  0.113069697621888E-002 -0.123922195390743E+000  0.101225524133694E+001  0.913438419825456E+000  0.104869812844045E+002 -0.546708444262184E+000 -0.192321137099742E+000  0.265926803095918E+002
      2.95000000 -0.730494910748452E-002 -0.248181525798858E-002  0.350116118879941E+000 -0.126970087898382E-003  0.135632431343421E-002 -0.121527751949547E+000  0.100968736536579E+001  0.896517286896276E+000  0.102721345216418E+002 -0.557341592449299E+000 -0.189353662523822E+000  0.267126125545192E+002
      2.96000000 -0.758734430678797E-002 -0.267266288054301E-002  0.352780610445904E+000 -0.174725540413617E-003  0.160767755886702E-002 -0.118955956488202E+000  0.101328589931335E+001  0.877754321864595E+000  0.100452538128318E+002 -0.576931639627883E+000 -0.203225755349572E+000  0.268249716612167E+002
      2.97000000 -0.793250101863558E-002 -0.306107094652001E-002  0.355336984691543E+000 -0.382945470979783E-003  0.176261019110614E-002 -0.116223379384697E+000  0.102902062516151E+001  0.866424716994104E+000  0.980771646025144E+001 -0.601146001455860E+000 -0.231976088669916E+000  0.269283807231637E+002
      2.98000000 -0.824286195355327E-002 -0.356245161169553E-002  0.357760786211140E+000 -0.783181420754507E-003  0.173411516758243E-002 -0.113342294295883E+000  0.105915240240363E+001  0.869025138379487E+000  0.956055675463036E+001 -0.622569783083519E+000 -0.269066101026083E+000  0.270210827649789E+002
      2.99000000 -0.841773227916433E-002 -0.406198884061472E-002  0.360018659653114E+000 -0.134443893316935E-002  0.149799879085327E-002 -0.110334358384991E+000  0.110120364807683E+001  0.887237018574248E+000  0.930550150050665E+001 -0.633651104685931E+000 -0.305769253608641E+000  0.271006743658746E+002
      3.00000000 -0.839053062479947E-002 -0.445593623831023E-002  0.362079114038184E+000 -0.198556690669462E-002  0.109779195057816E-002 -0.107242539289726E+000  0.114896681988955E+001  0.917638345388116E+000  0.904585329308535E+001 -0.629498134838957E+000 -0.334305859356141E+000  0.271649240248886E+002
      3.01000000 -0.814879335140441E-002 -0.468795168800424E-002  0.363931483216987E+000 -0.260631725603659E-002  0.624652308752787E-003 -0.104130154358509E+000  0.119488887980367E+001  0.953291262436434E+000  0.878639250064800E+001 -0.609330734517642E+000 -0.350544298063778E+000  0.272131870842551E+002
      3.02000000 -0.773065597655132E-002 -0.476642475485454E-002  0.365600360316102E+000 -0.312126749798443E-002  0.180009122264070E-003 -0.101064150280205E+000  0.123262175215034E+001  0.986584284284781E+000  0.853210666274121E+001 -0.576150150443085E+000 -0.355231994272518E+000  0.272474552272258E+002
      3.03000000 -0.720321785605113E-002 -0.475627958985046E-002  0.367144398834915E+000 -0.348167680593206E-002 -0.164178497083034E-003 -0.980902335953729E-001  0.125862595142369E+001  0.101219550876723E+001  0.828633971589572E+001 -0.535069501040217E+000 -0.353306008204535E+000  0.272722239171595E+002
      3.04000000 -0.663573220726096E-002 -0.474921773494122E-002  0.368637172092279E+000 -0.367837085307980E-002 -0.391749683745486E-003 -0.952135802262102E-001  0.127233797540764E+001  0.102900423040502E+001  0.804939080528219E+001 -0.491294093731636E+000 -0.351620974166054E+000  0.272930340951215E+002
      3.05000000 -0.608059927180755E-002 -0.482520156110013E-002  0.370138412738662E+000 -0.372902533072953E-002 -0.545314643921706E-003 -0.923967979850945E-001  0.127518310687949E+001  0.104024144773291E+001  0.781841384281516E+001 -0.448717305703524E+000 -0.356075338496968E+000  0.273143326631520E+002
      3.06000000 -0.556858666017071E-002 -0.502117227103497E-002  0.371670047515395E+000 -0.366014143912949E-002 -0.706041821316481E-003 -0.895777764716982E-001  0.126921714679221E+001  0.105193202716669E+001  0.758878182681282E+001 -0.409590459070584E+000 -0.369326075191700E+000  0.273377276272737E+002
      3.07000000 -0.511589910914589E-002 -0.531908891277106E-002  0.373209457556342E+000 -0.349434063970226E-002 -0.960210517994580E-003 -0.866993276068394E-001  0.125618467060132E+001  0.107039703355347E+001  0.735628891813103E+001 -0.375067877817949E+000 -0.389964568861699E+000  0.273615402182189E+002
      3.08000000 -0.473479119981779E-002 -0.565623512711121E-002  0.374703581495600E+000 -0.324804932786163E-002 -0.136743820443007E-002 -0.837362075741782E-001  0.123735488546913E+001  0.109992709643123E+001  0.711911826212113E+001 -0.346000232605110E+000 -0.413335791813794E+000  0.273818888487489E+002
      3.09000000 -0.443935253973385E-002 -0.595074875875561E-002  0.376096907812759E+000 -0.293712900357115E-002 -0.194340533204527E-002 -0.807065587570623E-001  0.121393942191001E+001  0.114155694651786E+001  0.687863675849391E+001 -0.323360844842229E+000 -0.433450402700035E+000  0.273947637103348E+002
      3.10000000 -0.424322010739868E-002 -0.612928549983174E-002  0.377359829019885E+000 -0.258322679359567E-002 -0.266196779003346E-002 -0.776628593414270E-001  0.118755434004586E+001  0.119327130444793E+001  0.663868660930895E+001 -0.308077613969290E+000 -0.445014777534687E+000  0.273980874877539E+002
      3.11000000 -0.415257817531033E-002 -0.614446140155826E-002  0.378504406962377E+000 -0.221425913459033E-002 -0.347186302061705E-002 -0.746674585692851E-001  0.116024863225706E+001  0.125126295822674E+001  0.640377497959498E+001 -0.300527143611458E+000 -0.444682160355274E+000  0.273928252441030E+002
      3.12000000 -0.416150646484557E-002 -0.597660691037013E-002  0.379581378019375E+000 -0.185769252891959E-002 -0.431674997655938E-002 -0.717644522153650E-001  0.113401256386423E+001  0.131140714779966E+001  0.617703445859602E+001 -0.300207995784895E+000 -0.431147998282145E+000  0.273827196221102E+002
      3.13000000 -0.425513960879441E-002 -0.562357327627098E-002  0.380661139203089E+000 -0.153146824472874E-002 -0.514735665388251E-002 -0.689600959425913E-001  0.111012601748812E+001  0.137014015199737E+001  0.595883656608313E+001 -0.305981910225943E+000 -0.404384309697533E+000  0.273728792073981E+002
      3.14000000 -0.442023939699028E-002 -0.508876825335938E-002  0.381807913276621E+000 -0.124028197293012E-002 -0.592084392699950E-002 -0.662188341658948E-001  0.108890313152956E+001  0.142440475464180E+001  0.574655106828410E+001 -0.316841761050841E+000 -0.364761758395219E+000  0.273679049392847E+002
      3.15000000 -0.465648829790470E-002 -0.437763934937171E-002  0.383057700895397E+000 -0.982287993222513E-003 -0.659144769103322E-002 -0.634746753594622E-001  0.107018665698263E+001  0.147097356508630E+001  0.553540641571190E+001 -0.332716422437852E+000 -0.312792046251145E+000  0.273703228002386E+002
      3.16000000 -0.497940098995685E-002 -0.350638966771139E-002  0.384407378886961E+000 -0.764442609928529E-003 -0.710277142411385E-002 -0.606518305237081E-001  0.105444826926126E+001  0.150590274008596E+001  0.531999362234878E+001 -0.354663335533169E+000 -0.249746477083850E+000  0.273798401604112E+002
      3.17000000 -0.540934747868897E-002 -0.251748671311048E-002  0.385816911465828E+000 -0.617754752834088E-003 -0.739183354302881E-002 -0.576863927412361E-001  0.104386146251828E+001  0.152483065229615E+001  0.509581559903325E+001 -0.384071333480484E+000 -0.178745122721915E+000  0.273935472346317E+002
      3.18000000 -0.594927942415030E-002 -0.149005427544601E-002  0.387221908382994E+000 -0.601243888322656E-003 -0.740786706730611E-002 -0.545422163058819E-001  0.104255492508399E+001  0.152431506449205E+001  0.486039671070359E+001 -0.421078941699874E+000 -0.105463272549144E+000  0.274068470751320E+002
      3.19000000 -0.656186597951041E-002 -0.533821657550186E-003  0.388551262845321E+000 -0.787672601917701E-003 -0.713874132010806E-002 -0.512173821178164E-001  0.105557523807975E+001  0.150368293563701E+001  0.461370726630473E+001 -0.462980765321582E+000 -0.376644631770216E-001  0.274147264818438E+002
      3.20000000 -0.715987981114429E-002  0.236630153003384E-003  0.389744324360209E+000 -0.123351593431225E-002 -0.663069443415159E-002 -0.477409376611694E-001  0.108676030322154E+001  0.146637505335277E+001  0.435789600470225E+001 -0.503595718681173E+000  0.166435659685089E-001  0.274129703717358E+002
      3.21000000 -0.761924010866762E-002  0.739064859185174E-003  0.390763143462949E+000 -0.194530806357497E-002 -0.598760509823568E-002 -0.441620674878002E-001  0.113639851123664E+001  0.141983089288766E+001  0.409649683320491E+001 -0.534235696153371E+000  0.518207621649988E-001  0.273990079065134E+002
      3.22000000 -0.781365101975942E-002  0.955487812734874E-003  0.391597030234822E+000 -0.285893905522259E-002 -0.534494731038543E-002 -0.405354357172533E-001  0.119983672388925E+001  0.137360599132636E+001  0.383338277546060E+001 -0.546165689873743E+000  0.667875566861911E-001  0.273722055963150E+002
      3.23000000 -0.765838460477491E-002  0.941923434592429E-003  0.392258799187494E+000 -0.384455548737035E-002 -0.482664400031288E-002 -0.369072762921942E-001  0.126789825607231E+001  0.133633264355619E+001  0.357179145613549E+001 -0.533655421723041E+000  0.656355842203111E-001  0.273335756439368E+002
      3.24000000 -0.714453285039589E-002  0.808572740214841E-003  0.392774596394369E+000 -0.473870400225816E-002 -0.450321063189281E-002 -0.333066342407465E-001  0.132918561371575E+001  0.131282649324467E+001  0.331372645941196E+001 -0.496312373583396E+000  0.561694745218536E-001  0.272850438652470E+002
      3.25000000 -0.634774208665832E-002  0.677249759193063E-003  0.393171601924418E+000 -0.539246634307913E-002 -0.437083007823325E-002 -0.297444789749655E-001  0.137344818896568E+001  0.130269610844913E+001  0.305991490687468E+001 -0.439604558557188E+000  0.469020444369944E-001  0.272285839817722E+002
      3.26000000 -0.540626324231636E-002  0.634920924944838E-003  0.393469003447982E+000 -0.571613622672897E-002 -0.436187661940970E-002 -0.262202058134451E-001  0.139464921725676E+001  0.130114943474775E+001  0.281027590843626E+001 -0.373255197608379E+000  0.438357373076122E-001  0.271655936923676E+002
      3.27000000 -0.447698130264459E-002  0.704931792994999E-003  0.393676294888910E+000 -0.570191365026969E-002 -0.438218652729081E-002 -0.227314172594455E-001  0.139246339728084E+001  0.130162642184831E+001  0.256460616379703E+001 -0.308151157553150E+000  0.485205394713419E-001  0.270967863769261E+002
      3.28000000 -0.368803238097976E-002  0.849123450651314E-003  0.393799120171569E+000 -0.541597198185123E-002 -0.435697109830301E-002 -0.192808313418411E-001  0.137164546762393E+001  0.129897653951661E+001  0.232305588068560E+001 -0.253073783142602E+000  0.582670816882418E-001  0.270226025275764E+002
      3.29000000 -0.310762289590715E-002  0.998603431082548E-003  0.393848213108890E+000 -0.496526489582460E-002 -0.426295370597652E-002 -0.158754281651450E-001  0.133968220854159E+001  0.129163590667123E+001  0.208606501643337E+001 -0.212597762806941E+000  0.683161575553754E-001  0.269438254888450E+002
      3.30000000 -0.274023452826191E-002  0.109653672712080E-002  0.393844256772694E+000 -0.445556269551104E-002 -0.413160180623358E-002 -0.125175601544452E-001  0.130388894033735E+001  0.128179338516708E+001  0.185375256749857E+001 -0.186896027275814E+000  0.747886197138356E-001  0.268619076933172E+002
      3.31000000 -0.254790557816368E-002  0.113065294234224E-002  0.393812948306070E+000 -0.395990309454777E-002 -0.402344163727778E-002 -0.919350285271901E-002  0.126926681903845E+001  0.127358733418207E+001  0.162514289109271E+001 -0.173253338241300E+000  0.768825180697323E-001  0.267786249700231E+002
      3.32000000 -0.248267691122285E-002  0.113922456021135E-002  0.393770209840440E+000 -0.350978252765165E-002 -0.398831245000412E-002 -0.586827710910260E-002  0.123794051620693E+001  0.127038174464429E+001  0.139783116862213E+001 -0.168309409821650E+000  0.772320443778800E-001  0.266950690700014E+002
      3.33000000 -0.251242382739748E-002  0.118866904792902E-002  0.393704547661191E+000 -0.310885671986560E-002 -0.403312106808428E-002 -0.249377651161764E-002  0.121012743001007E+001  0.127259839912875E+001  0.116855419745055E+001 -0.169814568350358E+000  0.803420661292601E-001  0.266104655948564E+002
      3.34000000 -0.262781824512990E-002  0.133579178075584E-002  0.393567726614116E+000 -0.275740187249195E-002 -0.411382459031988E-002  0.969673204614352E-003  0.118581461714497E+001  0.127722065067034E+001  0.934656077132378E+000 -0.177082291129400E+000  0.900157647685307E-001  0.265215735040198E+002
      3.35000000 -0.282973638285085E-002  0.159508731848432E-002  0.393282908193354E+000 -0.247129820590071E-002 -0.415497121987690E-002  0.452686136507417E-002  0.116603766695706E+001  0.127915762087103E+001  0.695856413483287E+000 -0.190119843080944E+000  0.107168198609767E+000  0.264232686992592E+002
      3.36000000 -0.310760114560291E-002  0.192785216490859E-002  0.392771229678455E+000 -0.228389299094425E-002 -0.408567575822812E-002  0.813022204816596E-002  0.115298989614659E+001  0.127368493726211E+001  0.455385242772100E+000 -0.208167185772676E+000  0.129139983206218E+000  0.263103524885510E+002
      3.37000000 -0.342391230804146E-002  0.225769255318932E-002  0.391987340927577E+000 -0.222990417043302E-002 -0.387312682339611E-002  0.116833524891081E-001  0.114893013198486E+001  0.125867716498797E+001  0.219695962140569E+000 -0.228675168512809E+000  0.150786053672620E+000  0.261799261128788E+002
      3.38000000 -0.371621213720787E-002  0.250334755823013E-002  0.390947516176827E+000 -0.232141257084678E-002 -0.353728484773454E-002  0.150683641741668E-001  0.115458306253814E+001  0.123554810191844E+001 -0.340366496466404E-002 -0.247462885497107E+000  0.166698128979043E+000  0.260332286906884E+002
      3.39000000 -0.391741833943220E-002  0.261191333456839E-002  0.389735148825222E+000 -0.253098473641013E-002 -0.314115237339160E-002  0.181877079805009E-001  0.116804132735810E+001  0.120855258693004E+001 -0.207548408600801E+000 -0.260091721654894E+000  0.173414472782535E+000  0.258759410061042E+002
      3.40000000 -0.398463050590939E-002  0.257710696807593E-002  0.388478058545300E+000 -0.279346278431709E-002 -0.276347697055892E-002  0.210024098276042E-001  0.118492270959306E+001  0.118293769731344E+001 -0.390325496766518E+000 -0.263776082508311E+000  0.170600305156475E+000  0.257166179578117E+002
      3.41000000 -0.392108762330693E-002  0.243628690288221E-002  0.387305630762068E+000 -0.302800699248975E-002 -0.246826246228690E-002  0.235486439160663E-001  0.119986132866447E+001  0.116291581110243E+001 -0.554310565657504E+000 -0.258808445339680E+000  0.160805288305340E+000  0.255638174400952E+002
      3.42000000 -0.377876398974901E-002  0.225083595683750E-002  0.386304292107669E+000 -0.317102778090287E-002 -0.228475027641058E-002  0.259239874953496E-001  0.120868931631982E+001  0.115036228191286E+001 -0.706090138746001E+000 -0.248685198629870E+000  0.148130337996199E+000  0.254231700828576E+002
      3.43000000 -0.363852262948026E-002  0.208127245768829E-002  0.385491378444156E+000 -0.320449673131386E-002 -0.220421697490687E-002  0.282490854295133E-001  0.121027710459813E+001  0.114463936220007E+001 -0.853687611417115E+000 -0.238757617090211E+000  0.136571818596638E+000  0.252957071588406E+002
      3.44000000 -0.357578271173056E-002  0.196829728788926E-002  0.384818858736155E+000 -0.316585455984551E-002 -0.219099667668683E-002  0.306223969296592E-001  0.120713752956994E+001  0.114335391292486E+001 -0.100358150686153E+001 -0.233958567326893E+000  0.128782996807184E+000  0.251781710826350E+002
      3.45000000 -0.362668855897060E-002  0.192541350331191E-002  0.384203888403874E+000 -0.313422300434029E-002 -0.219959212963087E-002  0.330888652951023E-001  0.120447352043040E+001  0.114349915294278E+001 -0.115868391131308E+001 -0.236601472240628E+000  0.125612018277326E+000  0.250650708377155E+002
      3.46000000 -0.376952074629218E-002  0.194201257833942E-002  0.383570281881706E+000 -0.319841701796048E-002 -0.218972095594271E-002  0.356360112785456E-001  0.120805840473607E+001  0.114244229140611E+001 -0.131813788387694E+001 -0.245208948266912E+000  0.126328754742662E+000  0.249514120592575E+002
      3.47000000 -0.392912160997603E-002  0.199189312947346E-002  0.382880393516242E+000 -0.342006454282413E-002 -0.213514591611908E-002  0.382169752101879E-001  0.122183552855698E+001  0.113849189596213E+001 -0.147886634577966E+001 -0.254854479557260E+000  0.129200095399628E+000  0.248347577673617E+002
      3.48000000 -0.400217448264787E-002  0.204240143550374E-002  0.382142795164114E+000 -0.380660242264900E-002 -0.202661739252188E-002  0.407867865048924E-001  0.124619801735991E+001  0.113107467725479E+001 -0.163794976650036E+001 -0.258846948894301E+000  0.132095535137117E+000  0.247156881837713E+002
      3.49000000 -0.389302390021412E-002  0.206211682151086E-002  0.381394151257161E+000 -0.430402549093618E-002 -0.187130237373987E-002  0.433324419836812E-001  0.127757201834319E+001  0.112068264416724E+001 -0.179456369542402E+001 -0.251066008720521E+000  0.132988507947178E+000  0.245965886056388E+002
      3.50000000 -0.354664305666123E-002  0.202733341137212E-002  0.380666791767930E+000 -0.481094717287379E-002 -0.169024812762267E-002  0.458818390596407E-001  0.130937756664281E+001  0.110869478170431E+001 -0.195052329848996E+001 -0.228073965311288E+000  0.130371724121282E+000  0.244795383335163E+002
      3.51000000 -0.296782331049780E-002  0.192767132453056E-002  0.379959908913086E+000 -0.520777395684022E-002 -0.151361549169254E-002  0.484883871609509E-001  0.133394218502165E+001  0.109705875653733E+001 -0.210925898299322E+001 -0.190308068145713E+000  0.123609584335317E+000  0.243644680538417E+002
      3.52000000 -0.222164030253255E-002  0.176948967643313E-002  0.379229166907973E+000 -0.539056342263603E-002 -0.137299332830305E-002  0.512006777845055E-001  0.134468133957087E+001  0.108779141297812E+001 -0.227385410801271E+001 -0.142055272424028E+000  0.113144030449335E+000  0.242485259899357E+002
      3.53000000 -0.141670408000115E-002  0.157457440230460E-002  0.378399127216106E+000 -0.529919330617980E-002 -0.129189542178744E-002  0.540334119370206E-001  0.133787910280193E+001  0.108237187073708E+001 -0.244519621983156E+001 -0.903297305513269E-001  0.100395617900017E+000  0.241269095535183E+002
      3.54000000 -0.677275644728988E-003  0.137275875202041E-002  0.377391188140701E+000 -0.493261626916870E-002 -0.127810435105242E-002  0.569538366935853E-001  0.131361754042236E+001  0.108126234053227E+001 -0.262114569769066E+001 -0.430614323711974E-001  0.872805018490664E-001  0.239946693079588E+002
      3.55000000 -0.112247359579037E-003  0.119058392238526E-002  0.376152835243994E+000 -0.434824245317833E-002 -0.132230972008393E-002  0.598890435168912E-001  0.127568407162287E+001  0.108383610884273E+001 -0.279704111261499E+001 -0.711662457898282E-002  0.754845266486889E-001  0.238485655501462E+002
      3.56000000  0.211225239944239E-003  0.104149687220073E-002  0.374674924219229E+000 -0.364639687720484E-002 -0.140495742885538E-002  0.627489028971642E-001  0.123053677497564E+001  0.108882586441733E+001 -0.296718464674110E+001  0.133543295614952E-001  0.658467353253173E-001  0.236881369753571E+002
      3.57000000  0.283086075499762E-003  0.923516089982889E-003  0.372991085605507E+000 -0.294386576217104E-002 -0.150836280036848E-002  0.654527446541177E-001  0.118559918381252E+001  0.109509635535661E+001 -0.312653869690538E+001  0.178474661571179E-001  0.582240653568894E-001  0.235156242337203E+002
      3.58000000  0.150605840312667E-003  0.826591658196807E-003  0.371162556915978E+000 -0.234292257787318E-002 -0.162708074121547E-002  0.679480315753208E-001  0.114729947073988E+001  0.110229451638545E+001 -0.327189066484086E+001  0.946858456950318E-002  0.519677922438711E-001  0.233349785897804E+002
      3.59000000 -0.974944826193239E-004  0.745811064568561E-003  0.369257836589611E+000 -0.190388067691711E-002 -0.176947290876139E-002  0.702151658559971E-001  0.111936350226440E+001  0.111093682819122E+001 -0.340212887827565E+001 -0.611240139048126E-002  0.467585084368828E-001  0.231505625054631E+002
      3.60000000 -0.359787334805330E-003  0.692028874326392E-003  0.367336882749229E+000 -0.162947454045647E-002 -0.194821406993599E-002  0.722602747992642E-001  0.110187587550116E+001  0.112180369138067E+001 -0.351776236839356E+001 -0.224941530643707E-001  0.432661239520413E-001  0.229661560244214E+002
      3.61000000 -0.555966750684811E-003  0.691889429919250E-003  0.365444972050513E+000 -0.146720785375005E-002 -0.216464396999940E-002  0.741030340783179E-001  0.109147674791848E+001  0.113496014915050E+001 -0.362013923320491E+001 -0.346631393592009E-001  0.431375791824024E-001  0.227845819533328E+002
      3.62000000 -0.654807300667717E-003  0.775091027900692E-003  0.363615131234447E+000 -0.133079743474331E-002 -0.239686249116192E-002  0.757670267950397E-001  0.108274269459759E+001  0.114902558114479E+001 -0.371083562005695E+001 -0.407128230675243E-001  0.481914967166190E-001  0.226078702658431E+002
      3.63000000 -0.685536210672940E-003  0.954942262699690E-003  0.361873894400545E+000 -0.113501543933440E-002 -0.260060298110897E-002  0.772765124769443E-001  0.107037548804357E+001  0.116124776603078E+001 -0.379145224937156E+001 -0.425059816154944E-001  0.592102322681492E-001  0.224376259970538E+002
      3.64000000 -0.726606768042795E-003  0.121365316613530E-002  0.360244877801344E+000 -0.832131765999309E-003 -0.272499044531168E-002  0.786586190939632E-001  0.105145374537732E+001  0.116849610873863E+001 -0.386374961750420E+001 -0.449287494600237E-001  0.750446065614489E-001  0.222752561231857E+002
      3.65000000 -0.874066065573813E-003  0.150251537682578E-002  0.358747613576015E+000 -0.435836835893723E-003 -0.273607867844265E-002  0.799468673555225E-001  0.102687554896821E+001  0.116871822307670E+001 -0.392986313114725E+001 -0.538986230904721E-001  0.926514747257766E-001  0.221219003577791E+002
      3.66000000 -0.120035602606528E-002  0.175923319301477E-002  0.357392843336370E+000 -0.219060877952010E-004 -0.263523485732722E-002  0.811819926607822E-001  0.100134713157023E+001  0.116205577666201E+001 -0.399234853206072E+001 -0.738168089777891E-001  0.108185386448916E+000  0.219781453783071E+002
      3.67000000 -0.171952759174962E-002  0.193450014994224E-002  0.356177644505207E+000  0.296597520509532E-003 -0.246104052466764E-002  0.824085070253581E-001  0.981810208234066E+000  0.115093118308719E+001 -0.405396531959422E+001 -0.105455530363070E+000  0.118639410195229E+000  0.218437334678343E+002
      3.68000000 -0.237359512633890E-002  0.201361955111170E-002  0.355083405030695E+000  0.411300780638416E-003 -0.227208249432704E-002  0.836682894228837E-001  0.974844208260575E+000  0.113896407868074E+001 -0.411728195762009E+001 -0.145172748223856E+000  0.123156085411694E+000  0.217174501181675E+002
      3.69000000 -0.304694456740655E-002  0.202073689097479E-002  0.354077617387424E+000  0.261554644258564E-003 -0.211902123010917E-002  0.849938626992234E-001  0.984046266052349E+000  0.112925138848296E+001 -0.418426838311511E+001 -0.185850811861672E+000  0.123256456899101E+000  0.215972464210304E+002
      3.70000000 -0.360430542396823E-002  0.200257580766883E-002  0.353118492661082E+000 -0.138967795907636E-003 -0.202109967822343E-002  0.864034337566161E-001  0.100845354212032E+001  0.112294540003048E+001 -0.425600238408442E+001 -0.219253299061102E+000  0.121818575510156E+000  0.214805310228637E+002
      3.71000000 -0.393772933987988E-002  0.200028418306359E-002  0.352160822690497E+000 -0.703433241309728E-003 -0.196045298319750E-002  0.878982327704903E-001  0.104267516935698E+001  0.111893475906623E+001 -0.433252020145618E+001 -0.238890141370689E+000  0.121351197613849E+000  0.213645330738545E+002
      3.72000000 -0.400389255671228E-002  0.202523436820977E-002  0.351162326829150E+000 -0.130078869448229E-002 -0.189783470761745E-002  0.894617115599199E-001  0.107870278293592E+001  0.111482639238445E+001 -0.441278202666022E+001 -0.242251095913085E+000  0.122534568106023E+000  0.212466886443136E+002
      3.73000000 -0.383689447975544E-002  0.205290842236721E-002  0.350090702276999E+000 -0.180096202684021E-002 -0.180110958939395E-002  0.910605648193214E-001  0.110867308590109E+001  0.110868199007443E+001 -0.449474804872696E+001 -0.231524683573388E+000  0.123875956297867E+000  0.211250633798597E+002
      3.74000000 -0.353196326585273E-002  0.203902234049644E-002  0.348931398222401E+000 -0.211817263319607E-002 -0.167017704943887E-002  0.926487645157907E-001  0.112747235988886E+001  0.110051183108855E+001 -0.457563461472706E+001 -0.212554767955665E+000  0.122709067965349E+000  0.209988119351807E+002
      3.75000000 -0.320755800440332E-002  0.194936232716374E-002  0.347694431895828E+000 -0.223541510007265E-002 -0.154347853542878E-002  0.941763215274826E-001  0.113416931052512E+001  0.109263937194576E+001 -0.465245002000918E+001 -0.192517195533903E+000  0.117000461968206E+000  0.208685725525299E+002
      3.76000000 -0.296191161103245E-002  0.178665619175897E-002  0.346416521728774E+000 -0.220157879463503E-002 -0.148124846906863E-002  0.956030175065356E-001  0.113178702799628E+001  0.108866788412856E+001 -0.472281926741164E+001 -0.177300730438012E+000  0.106949662731509E+000  0.207365750245658E+002
      3.77000000 -0.284142711258991E-002  0.159888797052825E-002  0.345154413799007E+000 -0.210433813938101E-002 -0.153362664994657E-002  0.969140051861603E-001  0.112563205154882E+001  0.109155974448071E+001 -0.478590724917052E+001 -0.169637336700138E+000  0.954559403619820E-001  0.206062211653188E+002
      3.78000000 -0.283223866680110E-002  0.146324332636134E-002  0.343967913469028E+000 -0.203161616593585E-002 -0.171039868927279E-002  0.981307828810815E-001  0.112096956963635E+001  0.110184315168244E+001 -0.484305183835470E+001 -0.168641448308489E+000  0.871266523820239E-001  0.204810589513569E+002
      3.79000000 -0.287579389828444E-002  0.145291812412211E-002  0.342896345616750E+000 -0.203795660031017E-002 -0.196867737990265E-002  0.993102142855615E-001  0.112102692434329E+001  0.111691268021977E+001 -0.489767701089696E+001 -0.170783072859160E+000  0.862835900717243E-001  0.203633826511489E+002
      3.80000000 -0.289941952020767E-002  0.160317092458908E-002  0.341937450541683E+000 -0.212842818483010E-002 -0.222562005698260E-002  0.100527691502101E+000  0.112606707606371E+001  0.113182376319403E+001 -0.495426814088926E+001 -0.171732992355485E+000  0.949560207545522E-001  0.202529993230242E+002
      3.81000000 -0.284781209037885E-002  0.189340694032710E-002  0.341039700516750E+000 -0.226399545808499E-002 -0.239043431802490E-002  0.101847609130779E+000  0.113374478319793E+001  0.114121411704755E+001 -0.501661383806210E+001 -0.168233557737939E+000  0.111852389029839E+000  0.201468075585638E+002
      3.82000000 -0.270297728121933E-002  0.225380872748253E-002  0.340115432399726E+000 -0.238297907755447E-002 -0.240037757724696E-002  0.103291907559812E+000  0.114040518363914E+001  0.114143030365273E+001 -0.508596163767248E+001 -0.159259485371354E+000  0.132794463556280E+000  0.200396093253144E+002
      3.83000000 -0.248684242557421E-002  0.259277829242486E-002  0.339073564533554E+000 -0.242752250410153E-002 -0.224403951229701E-002  0.104821301150214E+000  0.114265623773682E+001  0.113187364220772E+001 -0.515994802581758E+001 -0.146142243244841E+000  0.152367690045342E+000  0.199260599852908E+002
      3.84000000 -0.224888087759736E-002  0.283175215570312E-002  0.337860593657129E+000 -0.236396739344351E-002 -0.196216924251372E-002  0.106340871547044E+000  0.113855957197623E+001  0.111500891727258E+001 -0.523297329988711E+001 -0.131813988927954E+000  0.165977909731416E+000  0.198030731619242E+002
      3.85000000 -0.204668899799637E-002  0.293152992286056E-002  0.336492196527926E+000 -0.219085667634118E-002 -0.162753652884093E-002  0.107732123146474E+000  0.112807946752079E+001  0.109514726099414E+001 -0.529811758865428E+001 -0.119651294342917E+000  0.171379897003716E+000  0.196716388715003E+002
      3.86000000 -0.192836601424798E-002  0.289970450650846E-002  0.335059143318372E+000 -0.193485538807717E-002 -0.131481613879551E-002  0.108901188122083E+000  0.111282036022246E+001  0.107666621046683E+001 -0.534996876164306E+001 -0.112441968381112E+000  0.169080184999291E+000  0.195371155270538E+002
      3.87000000 -0.192223117284632E-002  0.277861788914357E-002  0.333700911302600E+000 -0.163971309463857E-002 -0.107472970934408E-002  0.109823583011609E+000  0.109536371813155E+001  0.106250497200066E+001 -0.538720593789273E+001 -0.111794625749086E+000  0.161601034987147E+000  0.194076389032662E+002
      3.88000000 -0.203443380835638E-002  0.262217379583883E-002  0.332554630010468E+000 -0.135444323576870E-002 -0.922788731583605E-003  0.110564905005755E+000  0.107856974769563E+001  0.105352994935645E+001 -0.541374733239581E+001 -0.118015245530237E+000  0.152109389387745E+000  0.192911247108157E+002
      3.89000000 -0.225139909215941E-002  0.247360472238094E-002  0.331699242638418E+000 -0.112449080865832E-002 -0.844744640892004E-003  0.111265620283417E+000  0.106506277524734E+001  0.104887672739391E+001 -0.543780277216636E+001 -0.130265425023805E+000  0.143122190829697E+000  0.191920406172521E+002
      3.90000000 -0.254355106311583E-002  0.235379939433747E-002  0.331118807266234E+000 -0.986038054037121E-003 -0.812840779635993E-003  0.112093331111268E+000  0.105690564423643E+001  0.104691018570474E+001 -0.546906394269225E+001 -0.146791912647024E+000  0.135841076710662E+000  0.191093325142332E+002
      3.91000000 -0.286894263655054E-002  0.226315597697175E-002  0.330702033127690E+000 -0.961389925691359E-003 -0.802993080364647E-003  0.113180766233875E+000  0.105534126536968E+001  0.104622333973234E+001 -0.551511592904286E+001 -0.165147263911227E+000  0.130275876777588E+000  0.190364684344417E+002
      3.92000000 -0.317815916870281E-002  0.219294242508799E-002  0.330279999849332E+000 -0.105395892471069E-002 -0.804387081299791E-003  0.114575066707153E+000  0.106051511935614E+001  0.104618546234784E+001 -0.557855223240756E+001 -0.182480243696084E+000  0.125912091528402E+000  0.189636741463293E+002
      3.93000000 -0.342276845765527E-002  0.213819739559785E-002  0.329687319757950E+000 -0.124403068236435E-002 -0.818198447497363E-003  0.116219878147192E+000  0.107124671039908E+001  0.104685893094456E+001 -0.565601268389301E+001 -0.196024902377966E+000  0.122456409459849E+000  0.188814772224112E+002
      3.94000000 -0.356764894242583E-002  0.210469912978652E-002  0.328821583454875E+000 -0.148896710612800E-002 -0.848161005031262E-003  0.117977840019338E+000  0.108505799812844E+001  0.104845162588324E+001 -0.573954371071216E+001 -0.203803748127731E+000  0.120232001033152E+000  0.187840990677273E+002
      3.95000000 -0.360382567759664E-002  0.210658181816128E-002  0.327676758914404E+000 -0.173147134711767E-002 -0.889575551356077E-003  0.119683621214760E+000  0.109866076736337E+001  0.105068880098454E+001 -0.581967849455449E+001 -0.205349171609107E+000  0.120034893467631E+000  0.186713112726095E+002
      3.96000000 -0.355556952938257E-002  0.215642176380251E-002  0.326337924233755E+000 -0.191623365214996E-002 -0.923566043614274E-003  0.121204793192130E+000  0.110891295776126E+001  0.105249271631622E+001 -0.588891592452003E+001 -0.202087878759668E+000  0.122564527667584E+000  0.185480661599338E+002
      3.97000000 -0.347594109931795E-002  0.225350032644542E-002  0.324941726199758E+000 -0.201018563775605E-002 -0.920286116035555E-003  0.122485443587564E+000  0.111396511536938E+001  0.105217454120502E+001 -0.594416846252526E+001 -0.197064400899388E+000  0.127759556065170E+000  0.184221897814474E+002
      3.98000000 -0.342936245962146E-002  0.237685397273221E-002  0.323621259102440E+000 -0.201774192262038E-002 -0.850088027507702E-003  0.123556302297254E+000  0.111410608919135E+001  0.104807365064870E+001 -0.598727934035007E+001 -0.193935177883821E+000  0.134414371018854E+000  0.183012286365162E+002
      3.99000000 -0.346636160217585E-002  0.248745796919395E-002  0.322459180784474E+000 -0.198260998400795E-002 -0.697594931953128E-003  0.124510678236093E+000  0.111183832877238E+001  0.103935108366195E+001 -0.602360337159708E+001 -0.195536233366686E+000  0.140316625261721E+000  0.181898084682005E+002
      4.00000000 -0.360084959765673E-002  0.253959698309519E-002  0.321467020211558E+000 -0.197277775697336E-002 -0.471935194014760E-003  0.125460124721458E+000  0.111100548707814E+001  0.102655514332304E+001 -0.605946840913071E+001 -0.202614847045030E+000  0.142899624194441E+000  0.180885064381953E+002
      4.01000000 -0.380088509768506E-002  0.249706849470956E-002  0.320595321745485E+000 -0.205313827763095E-002 -0.207812950626618E-003  0.126490777024893E+000  0.111523916497441E+001  0.101166418801987E+001 -0.609971251333974E+001 -0.213337226037363E+000  0.140156214196289E+000  0.179944709887162E+002
      4.02000000 -0.399879592086784E-002  0.234729223617932E-002  0.319765361212885E+000 -0.225694402670044E-002  0.439720683758437E-004  0.127638160754903E+000  0.112636331508923E+001  0.997538061969829E+000 -0.614629203652026E+001 -0.223887302010264E+000  0.131421792006273E+000  0.179032402290620E+002
      4.03000000 -0.411778171160939E-002  0.210689691213783E-002  0.318905213563996E+000 -0.256910367482260E-002  0.233139782057053E-003  0.128887479874839E+000  0.114348379662073E+001  0.986979201578860E+000 -0.619833346180427E+001 -0.229977076996678E+000  0.117669664717950E+000  0.178107762846381E+002
      4.04000000 -0.410396543339156E-002  0.181589615210509E-002  0.317973997262355E+000 -0.292975626178897E-002  0.326747200032422E-003  0.130193933227884E+000  0.116322113802042E+001  0.981796420907140E+000 -0.625330029052775E+001 -0.228638101118214E+000  0.101166312139737E+000  0.177148107407309E+002
      4.05000000 -0.394959339579175E-002  0.152272583826837E-002  0.316966501945244E+000 -0.325743180792712E-002  0.318805476188444E-003  0.131509621296937E+000  0.118102834670723E+001  0.982282720965897E+000 -0.630850888775126E+001 -0.219494498968798E+000  0.846238869281274E-001  0.176150799746862E+002
      4.06000000 -0.369669478996341E-002  0.126684040996548E-002  0.315901051207905E+000 -0.348183308742917E-002  0.228374695748456E-003  0.132803308010583E+000  0.119302261275668E+001  0.987339576782118E+000 -0.636222583083662E+001 -0.204933915269783E+000  0.702299161783851E-001  0.175126276147123E+002
      4.07000000 -0.341947868908249E-002  0.106698301458890E-002  0.314800813258285E+000 -0.357156122967065E-002  0.872488132958846E-004  0.134065681530778E+000  0.119751039893886E+001  0.995175065800957E+000 -0.641394716214796E+001 -0.189100104019748E+000  0.590050757415898E-001  0.174087549434664E+002
      4.08000000 -0.319369661681110E-002  0.920639767957047E-003  0.313679706452508E+000 -0.354446819524308E-002 -0.764190881229899E-004  0.135301578972881E+000  0.119553170901082E+001  0.100421568316561E+001 -0.646395439629984E+001 -0.176181283946975E+000  0.507873839730192E-001  0.173042402149314E+002
      4.09000000 -0.306714676529147E-002  0.814539606530676E-003  0.312539136382620E+000 -0.345666150721572E-002 -0.249919012105813E-003  0.136517027031245E+000  0.119022159589319E+001  0.101375315263805E+001 -0.651259175776057E+001 -0.168786429135298E+000  0.448244711115146E-001  0.171991654889195E+002
      4.10000000 -0.304446326859463E-002  0.740098386468928E-003  0.311374565445398E+000 -0.337632712624742E-002 -0.436754463213505E-003  0.137710004626911E+000  0.118534758715745E+001  0.102397616786228E+001 -0.655975832039939E+001 -0.167129516757063E+000  0.406286017503283E-001  0.170932857657213E+002
      4.11000000 -0.309193030150074E-002  0.704643305039454E-003  0.310185565596101E+000 -0.335537022311921E-002 -0.645785997299615E-003  0.138869890149209E+000  0.118374896424664E+001  0.103536495237133E+001 -0.660488315242939E+001 -0.169322296093879E+000  0.385881344991992E-001  0.169865834803643E+002
      4.12000000 -0.315815985296830E-002  0.731052856023706E-003  0.308982110861563E+000 -0.341204991980526E-002 -0.874818708205906E-003  0.139984558885063E+000  0.118639936817986E+001  0.104779111042162E+001 -0.664731875101112E+001 -0.172529422206667E+000  0.399372206361745E-001  0.168796095007788E+002
      4.13000000 -0.319915321317975E-002  0.844562131042560E-003  0.307783210076650E+000 -0.353144090933488E-002 -0.109853367993569E-002  0.141049653709422E+000  0.119245454310584E+001  0.105986729011932E+001 -0.668684719830034E+001 -0.174345709237438E+000  0.460264869857061E-001  0.167734017336587E+002
      4.14000000 -0.319513764336251E-002  0.105289495262087E-002  0.306609068184387E+000 -0.368118660707475E-002 -0.126924709449017E-002  0.142073890211782E+000  0.120013072454945E+001  0.106900365772396E+001 -0.672396339077114E+001 -0.173706274594290E+000  0.572414963526979E-001  0.166690530850141E+002
      4.15000000 -0.315191406935631E-002  0.133056613837472E-002  0.305471707059217E+000 -0.383255787510676E-002 -0.133262630563276E-002  0.143077204492426E+000  0.120785807485479E+001  0.107227474376547E+001 -0.675976599716003E+001 -0.170943482633225E+000  0.721630109713195E-001  0.165672021195943E+002
      4.16000000 -0.308817196543502E-002  0.161729925877344E-002  0.304369463229853E+000 -0.397505606013602E-002 -0.125229446467873E-002  0.144082971709012E+000  0.121506820120793E+001  0.106775469674556E+001 -0.679552919037085E+001 -0.167083829656519E+000  0.875030784817229E-001  0.164677408240701E+002
      4.17000000 -0.301758295348013E-002  0.183405279780818E-002  0.303288157812388E+000 -0.411733293145567E-002 -0.103157790663235E-002  0.145108762455366E+000  0.122223180127871E+001  0.105567910590829E+001 -0.683220162144604E+001 -0.162873128411970E+000  0.989924457610149E-001  0.163698867055959E+002
      4.18000000 -0.293664652534693E-002  0.191122749030235E-002  0.302207839561258E+000 -0.427532356347856E-002 -0.720775030046933E-003  0.146160515089488E+000  0.123020724218227E+001  0.103881054367870E+001 -0.687009651903734E+001 -0.158125411521885E+000  0.102911137178927E+000  0.162725539431813E+002
      4.19000000 -0.282530886897026E-002  0.181685642123874E-002  0.301111123267406E+000 -0.445568177152883E-002 -0.404567887407189E-003  0.147232699842686E+000  0.123934613462704E+001  0.102173219835040E+001 -0.690890808747276E+001 -0.151767292098037E+000  0.975961892912726E-001  0.161748049216113E+002
      4.20000000 -0.265968860100125E-002  0.157163952442121E-002  0.299988723866236E+000 -0.464501043577135E-002 -0.173595351366092E-003  0.148313601869119E+000  0.124892222778780E+001  0.100930282981990E+001 -0.694800199030403E+001 -0.142530489637770E+000  0.842228488197827E-001  0.160761450353128E+002
      4.21000000 -0.242913359801958E-002  0.124328851531267E-002  0.298839766054586E+000 -0.481182251550212E-002 -0.920150903647602E-004  0.149392233770741E+000  0.125724905001088E+001  0.100491929918586E+001 -0.698678880875480E+001 -0.129866034839575E+000  0.664685342036666E-001  0.159765339796608E+002
      4.22000000 -0.214719566705366E-002  0.922092776982619E-003  0.297667518522392E+000 -0.492072563270685E-002 -0.175088521504220E-003  0.150462896159030E+000  0.126244782325902E+001  0.100933837908803E+001 -0.702496674793518E+001 -0.114521083066245E+000  0.491799909658501E-001  0.158761528527126E+002
      4.23000000 -0.184935569092178E-002  0.688191311702560E-003  0.296473646213074E+000 -0.495112845342943E-002 -0.386290081253299E-003  0.151525075893335E+000  0.126344508594178E+001  0.102055414732448E+001 -0.706251282238598E+001 -0.984025507547376E-001  0.366180398996294E-001  0.157750957061066E+002
      4.24000000 -0.157768302738307E-002  0.584517494815022E-003  0.295254692062977E+000 -0.490977904048093E-002 -0.654487546099007E-003  0.152579146625906E+000  0.126062877723732E+001  0.103474255917638E+001 -0.709945133765708E+001 -0.837491045736853E-001  0.310282965264643E-001  0.156731838095952E+002
      4.25000000 -0.136008707297170E-002  0.606227807075746E-003  0.294003117478282E+000 -0.482934695868397E-002 -0.902859131771776E-003  0.153620724132735E+000  0.125575595427398E+001  0.104781424917215E+001 -0.713555439958166E+001 -0.720284481979681E-001  0.321050387624937E-001  0.155700239625512E+002
      4.26000000 -0.119535169913051E-002  0.709471460532382E-003  0.292712648976219E+000 -0.475258738384822E-002 -0.107668064563502E-002  0.154637361613034E+000  0.125110004306933E+001  0.105688576235540E+001 -0.717017027253905E+001 -0.631556747709149E-001  0.374844900067666E-001  0.154652934977396E+002
      4.27000000 -0.105272609847435E-002  0.833716746983419E-003  0.291385196838244E+000 -0.470954184615812E-002 -0.115880893280531E-002  0.155610188627398E+000  0.124824302834098E+001  0.106108157611612E+001 -0.720231473197101E+001 -0.554898805946584E-001  0.439457545575460E-001  0.153591041421294E+002
      4.28000000 -0.887580733939869E-003  0.926672571674419E-003  0.290035422172105E+000 -0.469952965250235E-002 -0.116828613371037E-002  0.156520625104051E+000  0.124713650505402E+001  0.106143724443456E+001 -0.723102802138682E+001 -0.466756498541039E-001  0.487313917832375E-001  0.152522371125617E+002
      4.29000000 -0.666187774136101E-003  0.961223192033669E-003  0.288689732415493E+000 -0.468796874096557E-002 -0.114539359714542E-002  0.157359567796371E+000  0.124595388702997E+001  0.106009297906264E+001 -0.725585653391138E+001 -0.349514857274554E-001  0.504304941963709E-001  0.151460826120199E+002
      4.30000000 -0.387416493228861E-003  0.938909326483823E-003  0.287378869121291E+000 -0.462100189039203E-002 -0.113183164798678E-002  0.158134715883911E+000  0.124187666176567E+001  0.105924335613560E+001 -0.727723037006120E+001 -0.202785046009167E-001  0.491452414383875E-001  0.150422447715455E+002
      4.31000000 -0.898893360454517E-004  0.881324188776261E-003  0.286126357157523E+000 -0.445192926070492E-002 -0.115531708669004E-002  0.158871876228488E+000  0.123248624353269E+001  0.106033234443873E+001 -0.729652124829649E+001 -0.469415232072792E-002  0.460240354202402E-001  0.149419359688370E+002
      4.32000000  0.160224861620415E-003  0.815895935873887E-003  0.284937541481181E+000 -0.416706787334346E-002 -0.122416200266125E-002  0.159608311578404E+000  0.121710663843343E+001  0.106377954604384E+001 -0.731568504427059E+001  0.834780765688827E-002  0.425086486069041E-001  0.148454101720282E+002
      4.33000000  0.296222374611058E-003  0.763766032635544E-003  0.283794496169571E+000 -0.379819738092012E-002 -0.133174461145180E-002  0.160379701392191E+000  0.119743125633456E+001  0.106922442026749E+001 -0.733657726570035E+001  0.153977136279577E-001  0.397007507104241E-001  0.147517093769407E+002
      4.34000000  0.280586638001246E-003  0.734886029808067E-003  0.282660196377761E+000 -0.341465841013593E-002 -0.146618031564247E-002  0.161205597593588E+000  0.117708582984629E+001  0.107603681736631E+001 -0.736019993712694E+001  0.145513581934699E-001  0.381115434693889E-001  0.146588939296214E+002
      4.35000000  0.123442468616853E-003  0.730899472272070E-003  0.281491524182465E+000 -0.309773025355522E-002 -0.161895101676670E-002  0.162079751441637E+000  0.116028047314915E+001  0.108376656898220E+001 -0.738621091011655E+001  0.638706913034193E-002  0.378176612071965E-001  0.145647267484511E+002
      4.36000000 -0.119362346093081E-003  0.752335061016726E-003  0.280256487592270E+000 -0.290852830864837E-002 -0.178798191841543E-002  0.162970354957955E+000  0.115014576304295E+001  0.109230025667938E+001 -0.741295174118942E+001 -0.616179339889954E-002  0.388374840514486E-001  0.144675656249095E+002
      4.37000000 -0.368224342759112E-003  0.804942355541756E-003  0.278948458254548E+000 -0.286407965687892E-002 -0.197432108553428E-002  0.163831310962563E+000  0.114751287625206E+001  0.110168634146497E+001 -0.743804320951375E+001 -0.189651959490588E-001  0.414581213891476E-001  0.143670897226537E+002
      4.38000000 -0.551986760748513E-003  0.901099530253704E-003  0.277590759513538E+000 -0.293266820559597E-002 -0.217515899948087E-002  0.164620685825808E+000  0.115070063969655E+001  0.111177461263364E+001 -0.745934177412109E+001 -0.283648718904172E-001  0.463046843759473E-001  0.142645202593046E+002
      4.39000000 -0.635623747474259E-003  0.105522795451401E-002  0.276228685967600E+000 -0.305059075102491E-002 -0.237776071870335E-002  0.165318810490836E+000  0.115640322521398E+001  0.112190735354041E+001 -0.747586492570919E+001 -0.325883123110394E-001  0.541013426224049E-001  0.141621937873628E+002
      4.40000000 -0.630723297482830E-003  0.127546437931336E-002  0.274911517474349E+000 -0.315239519294319E-002 -0.255831989772431E-002  0.165938016090404E+000  0.116125539581228E+001  0.113086648801059E+001 -0.748827600196261E+001 -0.322635738093041E-001  0.652442034523628E-001  0.140626294770773E+002
      4.41000000 -0.584228116023623E-003  0.155594066041397E-002  0.273671785813834E+000 -0.320034467579282E-002 -0.268723410483845E-002  0.166519234380429E+000  0.116333694943108E+001  0.113714917159126E+001 -0.749869202246508E+001 -0.298174252807718E-001  0.794110093484997E-001  0.139674688724317E+002
      4.42000000 -0.551197612099540E-003  0.187402623571435E-002  0.272510632735322E+000 -0.319933980896585E-002 -0.273905565739272E-002  0.167116338703628E+000  0.116291623916337E+001  0.113947772765838E+001 -0.750986985754012E+001 -0.280679913235327E-001  0.954288461514668E-001  0.138767402239836E+002
      4.43000000 -0.564842411593699E-003  0.219481587339074E-002  0.271395659788077E+000 -0.319059148062793E-002 -0.270282740146409E-002  0.167774540476955E+000  0.116210400712407E+001  0.113732223476502E+001 -0.752410139933088E+001 -0.286978821541080E-001  0.111511752644099E+000  0.137887674541992E+002
      4.44000000 -0.618161509585887E-003  0.248183766629843E-002  0.270272284164284E+000 -0.322751999574852E-002 -0.258781123324366E-002  0.168511785095664E+000  0.116361090501834E+001  0.113118249877471E+001 -0.754227571078554E+001 -0.313361231422497E-001  0.125810438735180E+000  0.137007650058684E+002
      4.45000000 -0.665740160578179E-003  0.270979325353322E-002  0.269083834588407E+000 -0.334571737553753E-002 -0.242120805941564E-002  0.169310664513724E+000  0.116922149062998E+001  0.112246116182297E+001 -0.756348573793132E+001 -0.336721634555821E-001  0.137057378789588E+000  0.136098667288552E+002
      4.46000000 -0.644545737001340E-003  0.287357832258328E-002  0.267792173338196E+000 -0.354135950351835E-002 -0.223788459206397E-002  0.170123655491815E+000  0.117871517613417E+001  0.111293514217953E+001 -0.758531279459272E+001 -0.325270859398154E-001  0.145015510440437E+000  0.135141674766260E+002
      4.47000000 -0.503653059104299E-003  0.298882679446406E-002  0.266390998889305E+000 -0.376811325854390E-002 -0.206602630005069E-002  0.170888868378647E+000  0.118973292425410E+001  0.110402904175072E+001 -0.760463645736707E+001 -0.253600571842443E-001  0.150494109092096E+000  0.134133821746564E+002
      4.48000000 -0.228976409517401E-003  0.308271925144024E-002  0.264907687115148E+000 -0.395364840556231E-002 -0.191522299757651E-002  0.171549625553692E+000  0.119863066966100E+001  0.109622050003828E+001 -0.761862601537468E+001 -0.115037385456496E-001  0.154875326907919E+000  0.133089202408592E+002
      4.49000000  0.148080556606025E-003  0.317850685966742E-002  0.263394489320720E+000 -0.402777786589411E-002 -0.177324132519189E-002  0.172070657457923E+000  0.120190424289280E+001  0.108888895047086E+001 -0.762554911786251E+001  0.742297456914191E-002  0.159332029321899E+000  0.132034254914481E+002
      4.50000000  0.561293050390202E-003  0.328095279902492E-002  0.261913667455469E+000 -0.394933292052629E-002 -0.161424292570843E-002  0.172446256196553E+000  0.119753202099689E+001  0.108073886752820E+001 -0.762516738530948E+001  0.280739438396878E-001  0.164101950944269E+000  0.131000189399813E+002
      4.51000000  0.933965536278043E-003  0.337055074764162E-002  0.260522213560036E+000 -0.372021078767778E-002 -0.141567051144186E-002  0.172699615567689E+000  0.118565954483304E+001  0.107064995985131E+001 -0.761868691025227E+001  0.466101590075128E-001  0.168209532566411E+000  0.130015309209520E+002
      4.52000000  0.120567077301085E-002  0.341101349256012E-002  0.259260306587017E+000 -0.338155626534466E-002 -0.117598537036168E-002  0.172875705903092E+000  0.116838540999183E+001  0.105855847520921E+001 -0.760838747958893E+001  0.600366669953670E-001  0.169852239727215E+000  0.129099295098708E+002
      4.53000000  0.135002002931333E-002  0.336818782587746E-002  0.258145041180399E+000 -0.299529739437709E-002 -0.923680392023002E-003  0.173031129139239E+000  0.114882230344804E+001  0.104589335397838E+001 -0.759710666962765E+001  0.670761744194648E-001  0.167349483104327E+000  0.128260184528845E+002
      4.54000000  0.137714577422711E-002  0.323211633230694E-002  0.257168908547137E+000 -0.262026431382809E-002 -0.711043827642126E-003  0.173223634674894E+000  0.112990190641717E+001  0.103525062272131E+001 -0.758771394245572E+001  0.682732121879337E-001  0.160235008015416E+000  0.127493746776603E+002
      4.55000000  0.132186308941749E-002  0.303087970355282E-002  0.256301903106631E+000 -0.229336249773287E-002 -0.593193944312360E-003  0.173502554855128E+000  0.111344558142138E+001  0.102934347796072E+001 -0.758263716839032E+001  0.653884969718789E-001  0.149928286752623E+000  0.126784659843707E+002
      4.56000000  0.122442348961539E-002  0.282732135673388E-002  0.255496645396398E+000 -0.202275997861297E-002 -0.600806793089001E-003  0.173900615661779E+000  0.109984027881072E+001  0.102965488657459E+001 -0.758346325644276E+001  0.604356344193726E-001  0.139552174023815E+000  0.126109160658156E+002
      4.57000000  0.111289643316859E-002  0.269731115834533E-002  0.254696463808071E+000 -0.179401252326960E-002 -0.719616722747168E-003  0.174427848264615E+000  0.108835589812613E+001  0.103544143701351E+001 -0.759064749645113E+001  0.548106340388115E-001  0.132843749321706E+000  0.125439117717513E+002
      4.58000000  0.994161983171549E-003  0.269755264334832E-002  0.253846035306467E+000 -0.158455252476467E-002 -0.888236468500692E-003  0.175069082481797E+000  0.107786950917355E+001  0.104365051757591E+001 -0.760340273437498E+001  0.488560047449788E-001  0.132565564741087E+000  0.124747307937310E+002
      4.59000000  0.855889505676066E-003  0.283737471396937E-002  0.252902906893809E+000 -0.137929900071328E-002 -0.101811272960148E-002  0.175786660125431E+000  0.106763508054189E+001  0.104992400953797E+001 -0.761984595771173E+001  0.419692580226821E-001  0.139133043094799E+000  0.124013056401813E+002
      4.60000000  0.677160099151620E-003  0.306875229200762E-002  0.251846890617483E+000 -0.118087936791340E-002 -0.102880923317242E-002  0.176528874906970E+000  0.105777952651100E+001  0.105033885084120E+001 -0.763742316513374E+001  0.331329270069772E-001  0.150151708319743E+000  0.123226762093891E+002
      4.61000000  0.442506312013637E-003  0.330135824716818E-002  0.250684101442697E+000 -0.101103522287179E-002 -0.883494128608954E-003  0.177242518091502E+000  0.104936187365702E+001  0.104313492207446E+001 -0.765352916175643E+001  0.216045298639599E-001  0.161182543403759E+000  0.122391749202253E+002
      4.62000000  0.153737093439313E-003  0.343789889909308E-002  0.249443845102615E+000 -0.903436667449252E-003 -0.607994334281206E-003  0.177885929955423E+000  0.104401310552596E+001  0.102961991665609E+001 -0.766614394655477E+001  0.748967488324624E-002  0.167485572021963E+000  0.121522611079082E+002
      4.63000000 -0.164583169256766E-003  0.341487055880003E-002  0.248169151873174E+000 -0.890899940553106E-003 -0.283391888990335E-003  0.178438370308076E+000  0.104330860693576E+001  0.101377630345496E+001 -0.767428191445567E+001 -0.800075009675850E-002  0.166004373819736E+000  0.120640486802398E+002
      4.64000000 -0.467810611989833E-003  0.323039268141377E-002  0.246904185205261E+000 -0.991331850016221E-003 -0.140978385211853E-004  0.178902820203130E+000  0.104808696356774E+001  0.100068384996138E+001 -0.767811661365794E+001 -0.226922920462907E-001  0.156698057444739E+000  0.119766882890870E+002
      4.65000000 -0.701565891128508E-003  0.294602941991278E-002  0.245682749257378E+000 -0.119681604111043E-002  0.115034566444472E-003  0.179301896301611E+000  0.105792962592451E+001  0.994431968511774E+000 -0.767877052405747E+001 -0.339579753599934E-001  0.142597004381573E+000  0.118918106640525E+002
      4.66000000 -0.817297457722529E-003  0.266126744667855E-002  0.244521230964202E+000 -0.146952240841471E-002  0.734794894232907E-004  0.179669054863032E+000  0.107097682557883E+001  0.996450996000772E+000 -0.767788003497274E+001 -0.394748516733230E-001  0.128537213383018E+000  0.118101912982669E+002
      4.67000000 -0.789004767560580E-003  0.247198092944507E-002  0.243417183176562E+000 -0.174671602546118E-002 -0.103901717948930E-003  0.180038463742909E+000  0.108418441526654E+001  0.100500762874057E+001 -0.767710181549436E+001 -0.380267336140456E-001  0.119139153738752E+000  0.117316913183617E+002
      4.68000000 -0.625997295138436E-003  0.243161381044389E-002  0.242352650828089E+000 -0.195496003475077E-002 -0.334169182703735E-003  0.180436474766383E+000  0.109401957982122E+001  0.101607114497919E+001 -0.767770248005095E+001 -0.301059876477927E-001  0.116943213508993E+000  0.116554272181428E+002
      4.69000000 -0.376629347150087E-003  0.253232840824227E-002  0.241300301020549E+000 -0.203070907972154E-002 -0.523531005412645E-003  0.180876184403016E+000  0.109745433075863E+001  0.102512440815544E+001 -0.768030171194568E+001 -0.180745540250426E-001  0.121527191044105E+000  0.115800729817184E+002
      4.70000000 -0.119808492379673E-003  0.271378415511728E-002  0.240230613259062E+000 -0.194155479490759E-002 -0.607096291733041E-003  0.181355237361290E+000  0.109297754383766E+001  0.102907274223027E+001 -0.768477396371929E+001 -0.573741178027616E-002  0.129958209734875E+000  0.115042091183960E+002
      4.71000000  0.551817448052081E-004  0.289426974797013E-002  0.239119126856168E+000 -0.170071662465629E-002 -0.573210511723094E-003  0.181856558296216E+000  0.108127132220809E+001  0.102739173329403E+001 -0.769029133406228E+001  0.263694333144715E-002  0.138307067640941E+000  0.114266699831740E+002
      4.72000000  0.753625985230806E-004  0.300889585629449E-002  0.237953093672916E+000 -0.136829690997523E-002 -0.462289640799069E-003  0.182351980625042E+000  0.106524761222906E+001  0.102204440790626E+001 -0.769550404907287E+001  0.359368611385462E-002  0.143480021505477E+000  0.113468583254758E+002
      4.73000000 -0.915430819064342E-004  0.303711463184385E-002  0.236736441124844E+000 -0.103677470762951E-002 -0.342282260471880E-003  0.182808967698748E+000  0.104933436341939E+001  0.101628731614098E+001 -0.769886580218929E+001 -0.435602801463850E-002  0.144519456243590E+000  0.112649754427064E+002
      4.74000000 -0.424327415695442E-003  0.300775775238129E-002  0.235491193668961E+000 -0.804120166801954E-003 -0.273466976260081E-003  0.183199989875725E+000  0.103818289805041E+001  0.101298532496234E+001 -0.769908108893911E+001 -0.201487925839876E-001  0.142820578765310E+000  0.111820802547370E+002
      4.75000000 -0.853000554621662E-003  0.298081067194839E-002  0.234253455265161E+000 -0.743364868328257E-003 -0.279354069794245E-003  0.183512577088608E+000  0.103522367766657E+001  0.101323694208391E+001 -0.769557889878207E+001 -0.404186663447929E-001  0.141243040621371E+000  0.110998899088370E+002
      4.76000000 -0.128034377870742E-002  0.301577754128118E-002  0.233063470734260E+000 -0.879785670110985E-003 -0.336539211561417E-003  0.183756505588120E+000  0.104160027549510E+001  0.101591310746638E+001 -0.768884492687716E+001 -0.605404881349676E-001  0.142599704463716E+000  0.110203029212408E+002
      4.77000000 -0.161277485993678E-002  0.314183742135523E-002  0.231951922277591E+000 -0.118452587223585E-002 -0.386871337389348E-003  0.183964318754175E+000  0.105589235996912E+001  0.101825468954113E+001 -0.768043507219757E+001 -0.760994716397196E-001  0.148248942665441E+000  0.109447506714198E+002
      4.78000000 -0.178889509823958E-002  0.334303913652156E-002  0.230927182793547E+000 -0.158710768920348E-002 -0.365071291042929E-003  0.184183230277212E+000  0.107473168501021E+001  0.101719000727807E+001 -0.767258299034967E+001 -0.842331909216816E-001  0.157412725945969E+000  0.108736020890197E+002
      4.79000000 -0.179491739275552E-002  0.356410048486450E-002  0.229969083349401E+000 -0.200156826020789E-002 -0.228684230528317E-003  0.184459988630059E+000  0.109405051276749E+001  0.101074550869466E+001 -0.766748182444696E+001 -0.843403168005887E-001  0.167471419696442E+000  0.108058818875523E+002
      4.80000000 -0.166176399728279E-002  0.373300206313521E-002  0.229032899827277E+000 -0.235541125710681E-002  0.226439626677624E-004  0.184823871912533E+000  0.111044645590895E+001  0.998938212842091E+000 -0.766648724655560E+001 -0.779209760092683E-001  0.175042403542100E+000  0.107394715025453E+002
      4.81000000 -0.144647371776213E-002  0.378982257347717E-002  0.228063203782352E+000 -0.260982958728659E-002  0.345882602594911E-003  0.185274648381944E+000  0.112212184290545E+001  0.983815103842952E+000 -0.766956279991713E+001 -0.676848929094525E-001  0.177337294056394E+000  0.106717690995984E+002
      4.82000000 -0.120701774330274E-002  0.370973661209143E-002  0.227012781241143E+000 -0.276406293482402E-002  0.670526381089721E-003  0.185780902003702E+000  0.112907055113570E+001  0.968689132049815E+000 -0.767521615010975E+001 -0.563628430437932E-001  0.173229684121286E+000  0.106005780188604E+002
      4.83000000 -0.981704568994546E-003  0.351171267258561E-002  0.225859242191116E+000 -0.284414990333849E-002  0.924133715082030E-003  0.186289989982504E+000  0.113253531886122E+001  0.956936040377114E+000 -0.768097816996351E+001 -0.457467195827081E-001  0.163643258839420E+000  0.105248765708223E+002
      4.84000000 -0.781241596779316E-003  0.325093987111620E-002  0.224612638213336E+000 -0.288314262469316E-002  0.105709278968572E-002  0.186745948767937E+000  0.113407476384044E+001  0.950842020467294E+000 -0.768424571326367E+001 -0.363300731963127E-001  0.151178436941096E+000  0.104451601409192E+002
      4.85000000 -0.594948207777591E-003  0.299930593912111E-002  0.223311147809036E+000 -0.290289038678693E-002  0.105780057080248E-002  0.187108278339749E+000  0.113471475762421E+001  0.950910531048976E+000 -0.768315472080958E+001 -0.276098277683940E-001  0.139189124904150E+000  0.103632253180511E+002
      4.86000000 -0.405927298394936E-003  0.282194936571101E-002  0.222006902104239E+000 -0.290556356556661E-002  0.954045333470511E-003  0.187364325543632E+000  0.113456136601419E+001  0.955816611678147E+000 -0.767714610902419E+001 -0.187991522270555E-001  0.130689056668049E+000  0.102815000730847E+002
      4.87000000 -0.206414852677004E-003  0.275813823121740E-002  0.220747934178327E+000 -0.287747582251917E-002  0.801723771164202E-003  0.187530961784740E+000  0.113298694135036E+001  0.962947111040656E+000 -0.766702990901561E+001 -0.953977777744339E-002  0.127471572244162E+000  0.102022030371342E+002
      4.88000000 -0.552129548258169E-005  0.281210472313722E-002  0.219563319205815E+000 -0.280148919513278E-002  0.666064578336803E-003  0.187645864241350E+000  0.112920978543861E+001  0.969279888209214E+000 -0.765456911245341E+001 -0.254652206364750E-003  0.129699392929571E+000  0.101266602827032E+002
      4.89000000  0.173735320174950E-003  0.295545458145534E-002  0.218456587957024E+000 -0.267047367377569E-002  0.602190962477608E-003  0.187752751633172E+000  0.112291523542683E+001  0.972282653578759E+000 -0.764179036687458E+001  0.799660299630191E-002  0.136032195052227E+000  0.100550112899318E+002
      4.90000000  0.305472731452319E-003  0.313891626678763E-002  0.217408668671501E+000 -0.249458837046917E-002  0.641101777390927E-003  0.187886682956247E+000  0.111458534820971E+001  0.970551906971975E+000 -0.763030600373583E+001  0.140314529308309E-001  0.144181628395610E+000  0.998635618542910E+001
      4.91000000  0.373593071469773E-003  0.330859934133036E-002  0.216387856388172E+000 -0.229901786020614E-002  0.784666583350575E-003  0.188064571854385E+000  0.110538702103746E+001  0.964030869373261E+000 -0.762088343613052E+001  0.171255132741356E-001  0.151666254718896E+000  0.991922332059953E+001
      4.92000000  0.379342614000105E-003  0.342111710178745E-002  0.215362193085171E+000 -0.211396708075075E-002  0.100998644533848E-002  0.188283274646044E+000  0.109670732996156E+001  0.953796303965448E+000 -0.761336627861410E+001  0.173537287664679E-001  0.156505322818089E+000  0.985214143473668E+001
      4.93000000  0.340241025989792E-003  0.345291187858199E-002  0.214309694950241E+000 -0.196249035207816E-002  0.128044686119117E-002  0.188524498676231E+000  0.108959564217004E+001  0.941542408770802E+000 -0.760690780252468E+001  0.155333824616596E-001  0.157639428285850E+000  0.978410656745308E+001
      4.94000000  0.281467980368435E-003  0.340151348576444E-002  0.213223543169502E+000 -0.185236597971421E-002  0.155882611321712E-002  0.188763654298257E+000  0.108439682771426E+001  0.928977329342893E+000 -0.760038123404840E+001  0.128241421546189E-001  0.154978525177880E+000  0.971481382975766E+001
      4.95000000  0.224464501001826E-003  0.327951392673162E-002  0.212111578191161E+000 -0.177572052201331E-002  0.181751523813704E-002  0.188979162445062E+000  0.108074129122734E+001  0.917358319998367E+000 -0.759280579444790E+001  0.102063097322546E-001  0.149118166828495E+000  0.964462734710425E+001
      4.96000000  0.178506621060040E-003  0.310473363406299E-002  0.210991253194113E+000 -0.171599769145830E-002  0.204241048464083E-002  0.189159362003435E+000  0.107786840845227E+001  0.907319657458249E+000 -0.758365867062244E+001  0.810025942886033E-002  0.140886358971300E+000  0.957434451418935E+001
      4.97000000  0.139116022627289E-003  0.289134817318601E-002  0.209882192329868E+000 -0.165831317834014E-002  0.222988647829886E-002  0.189305389456036E+000  0.107509939507636E+001  0.899015983351935E+000 -0.757300081705536E+001  0.630009414457909E-002  0.130939379604255E+000  0.950485462405285E+001
      4.98000000  0.935802287923637E-004  0.264601108497346E-002  0.208798741626373E+000 -0.159789040690689E-002  0.237936026152082E-002  0.189429678450210E+000  0.107221774478734E+001  0.892463193107045E+000 -0.756140328168482E+001  0.422942214988948E-002  0.119588272395345E+000  0.943680127843087E+001
      4.99000000  0.304277675691929E-004  0.237043191361615E-002  0.207744649796532E+000 -0.154255324682218E-002  0.248595098980663E-002  0.189550818671142E+000  0.106957703124950E+001  0.887870911387448E+000 -0.754971020366394E+001  0.137244775139897E-002  0.106918588170783E+000  0.937034492688482E+001
      5.00000000 -0.519855107109112E-004  0.206853248389616E-002  0.206711412646426E+000 -0.150831189477840E-002  0.253760998074758E-002  0.189686398991909E+000  0.106789650621467E+001  0.885769745352607E+000 -0.753871391757742E+001 -0.234012246623208E-002  0.931147789355131E-001  0.930509317202769E+001
      5.01000000 -0.141971850685330E-003  0.175379788318688E-002  0.205680849295933E+000 -0.151036226066333E-002  0.251875829914458E-002  0.189846070275261E+000  0.106785309703194E+001  0.886844662553475E+000 -0.752884381649069E+001 -0.637809220426675E-002  0.787894540545674E-001  0.924022202379377E+001
      5.02000000 -0.217788527766727E-003  0.145208976890381E-002  0.204631195819766E+000 -0.155385479683803E-002  0.241896172655337E-002  0.190027159062718E+000  0.106966794353496E+001  0.891544506396813E+000 -0.751997330421740E+001 -0.976466970137099E-002  0.651052519408788E-001  0.917475340995371E+001
      5.03000000 -0.256286264011316E-003  0.119732033117212E-002  0.203544714953113E+000 -0.162880317276169E-002  0.224223647722977E-002  0.190214478289070E+000  0.107288311015157E+001  0.899667945833671E+000 -0.751141685220349E+001 -0.114678926973118E-001  0.535757978881980E-001  0.910789721482749E+001
      5.04000000 -0.243138518546153E-003  0.102103308994527E-002  0.202414093159005E+000 -0.171163701173398E-002  0.201178627467768E-002  0.190384524883241E+000  0.107643766431677E+001  0.910158378857958E+000 -0.750212299942660E+001 -0.108579916978311E-001  0.455969250784596E-001  0.903933509254849E+001
      5.05000000 -0.180137203256930E-003  0.940272293096272E-003  0.201245239401107E+000 -0.177302582610287E-002  0.176685815755346E-002  0.190512508421348E+000  0.107902235332011E+001  0.921252534770128E+000 -0.749099123697589E+001 -0.802857212359580E-002  0.419071895447105E-001  0.896934053515639E+001
      5.06000000 -0.861962850281693E-004  0.949389350093471E-003  0.200055567882925E+000 -0.178889973376500E-002  0.155211059801423E-002  0.190579443224027E+000  0.107957227192572E+001  0.930960375121723E+000 -0.747718795718005E+001 -0.383410769300816E-002  0.422299059601445E-001  0.889869663870513E+001
      5.07000000  0.874514985720060E-005  0.101990678686574E-002  0.198868845081714E+000 -0.175012500879085E-002  0.140355861424382E-002  0.190576578632986E+000  0.107769398313223E+001  0.937691274193323E+000 -0.746034049644224E+001  0.388226853556938E-003  0.452771203754993E-001  0.882846231994592E+001
      5.08000000  0.747706509659941E-004  0.110896743574462E-002  0.197709186173765E+000 -0.166664473036287E-002  0.133692214131384E-002  0.190505859061282E+000  0.107384236483371E+001  0.940766324871369E+000 -0.744055298137797E+001  0.331278861469336E-002  0.491339134772452E-001  0.875970360716292E+001
      5.09000000  0.936230926624401E-004  0.117304937764345E-002  0.196596910065012E+000 -0.156399185672777E-002  0.134317327605179E-002  0.190377217936501E+000  0.106915808843503E+001  0.940606278856782E+000 -0.741828198620751E+001  0.413991549512051E-002  0.518710198194069E-001  0.869331028409271E+001
      5.10000000  0.660373255392805E-004  0.118143788649289E-002  0.195547536935802E+000 -0.147318405762696E-002  0.139283406894905E-002  0.190205132186849E+000  0.106501493157408E+001  0.938531094456290E+000 -0.739418101909590E+001  0.291437595936758E-002  0.521395157323998E-001  0.862995337720418E+001
      5.11000000  0.113797281626398E-004  0.112440084919208E-002  0.194572999439970E+000 -0.141791533292073E-002  0.144681547181567E-002  0.190006973444352E+000  0.106245334070055E+001  0.936273727003149E+000 -0.736902597248617E+001  0.501230238167321E-003  0.495252344679339E-001  0.857014064451984E+001
      5.12000000 -0.407028164150355E-004  0.101368552113523E-002  0.193682479622789E+000 -0.140441443745690E-002  0.146916726503695E-002  0.189804092243761E+000  0.106173786402606E+001  0.935415610647931E+000 -0.734376158917396E+001 -0.178929016840593E-002  0.445614750175545E-001  0.851425496083166E+001
      5.13000000 -0.634323167319107E-004  0.876316916497744E-003  0.192880333278220E+000 -0.141855849679980E-002  0.143704006564419E-002  0.189624124351471E+000  0.106223807617195E+001  0.936951060340846E+000 -0.731960100485891E+001 -0.278304022670224E-002  0.384476770769748E-001  0.846246446778410E+001
      5.14000000 -0.452923794514617E-004  0.745023844000193E-003  0.192160542558147E+000 -0.143192698697996E-002  0.134513357123193E-002  0.189501234720404E+000  0.106270238071532E+001  0.941098199794227E+000 -0.729803381981302E+001 -0.198329945988244E-002  0.326237085642326E-001  0.841448174907027E+001
      5.15000000  0.392611673920525E-005  0.649009060506386E-003  0.191500067790793E+000 -0.141456981713466E-002  0.120459313917434E-002  0.189471235505336E+000  0.106182205450857E+001  0.947354720983986E+000 -0.728061005355249E+001  0.171586160059468E-003  0.283641521465905E-001  0.836927770262924E+001
      5.16000000  0.564817345415950E-004  0.607474972050129E-003  0.190855608517295E+000 -0.134907291776423E-002  0.103823954803924E-002  0.189561007646377E+000  0.105884532935483E+001  0.954712938530536E+000 -0.726847813850614E+001  0.246368170902161E-002  0.264975038297763E-001  0.832494744689495E+001
      5.17000000  0.783658454948712E-004  0.626458343519702E-003  0.190168076158940E+000 -0.123961037679486E-002  0.874411510744911E-003  0.189775334932131E+000  0.105396608778432E+001  0.961932741745442E+000 -0.726181562849333E+001  0.341163495920670E-002  0.272726871220756E-001  0.827891350692290E+001
      5.18000000  0.443644451896777E-004  0.698325864436430E-003  0.189376115052218E+000 -0.111167864416781E-002  0.740869786789359E-003  0.190087125838991E+000  0.104830318616189E+001  0.967808708550124E+000 -0.725941370246748E+001  0.192766503720175E-002  0.303427293566381E-001  0.822851980468798E+001
      5.19000000 -0.501790400769733E-004  0.803239116242845E-003  0.188435424973192E+000 -0.100233352772688E-002  0.659169670829248E-003  0.190437176756710E+000  0.104346815182245E+001  0.971413819316868E+000 -0.725868025254321E+001 -0.217611211441504E-002  0.348340336711662E-001  0.817187037536179E+001
      5.20000000 -0.186218081270706E-003  0.912566549126694E-003  0.187336696311038E+000 -0.945099207028964E-003  0.639596785236847E-003  0.190746460757356E+000  0.104090725430661E+001  0.972315976827847E+000 -0.725618508644845E+001 -0.806018072005016E-002  0.394991251915063E-001  0.810859835661757E+001
      5.21000000 -0.327900649804056E-003  0.994629300702052E-003  0.186113936693991E+000 -0.956180707371233E-003  0.677371983174736E-003  0.190938499428805E+000  0.104130746361549E+001  0.970737206541148E+000 -0.724863444446151E+001 -0.141654648089636E-001  0.429684612259181E-001  0.804021102816304E+001
      5.22000000 -0.436366893185954E-003  0.102259420918438E-002  0.184837882209163E+000 -0.102795136045172E-002  0.751690452386394E-003  0.190964161905182E+000  0.104432291735710E+001  0.967588822700126E+000 -0.723393897019869E+001 -0.188151448484474E-001  0.440919292169779E-001  0.796978776701937E+001
      5.23000000 -0.484293513557175E-003  0.982889136319529E-003  0.183595150032349E+000 -0.113222664737490E-002  0.829240281986628E-003  0.190818928861566E+000  0.104872568559638E+001  0.964313416083595E+000 -0.721194515700897E+001 -0.208417047352357E-001  0.422989046790609E-001  0.790106784559229E+001
      5.24000000 -0.465030281578410E-003  0.881165314179691E-003  0.182460226906822E+000 -0.123132455153673E-002  0.872559965107860E-003  0.190544786895678E+000  0.105288926449379E+001  0.962520803533327E+000 -0.718449824578031E+001 -0.199745140542575E-001  0.378488232905297E-001  0.783724095197187E+001
      5.25000000 -0.393070722769880E-003  0.742736365785168E-003  0.181471206114454E+000 -0.129161303192339E-002  0.851325400521746E-003  0.190214933619829E+000  0.105537317046613E+001  0.963502546536687E+000 -0.715476747617565E+001 -0.168514652602782E-001  0.318420969574515E-001  0.777991223571443E+001
      5.26000000 -0.296791464546643E-003  0.606130473206415E-003  0.180619300620970E+000 -0.129372496731879E-002  0.752640028652703E-003  0.189906843743842E+000  0.105535826762928E+001  0.967794663327078E+000 -0.712608100343891E+001 -0.126996554441630E-001  0.259362181310951E-001  0.772866863929478E+001
      5.27000000 -0.207683681848381E-003  0.511332538621485E-003  0.179856629390201E+000 -0.123592529489708E-002  0.585997113699077E-003  0.189674565221820E+000  0.105278467854170E+001  0.974972864945253E+000 -0.710074119698578E+001 -0.886988593079597E-002  0.218383131977986E-001  0.768143058901076E+001
      5.28000000 -0.151104344564734E-003  0.486989363823159E-003  0.179118923542365E+000 -0.113079758913800E-002  0.380382926382137E-003  0.189531736911977E+000  0.104820335058990E+001  0.983785133842754E+000 -0.707931043542862E+001 -0.644123737676415E-002  0.207592581231210E-001  0.763543568869769E+001
      5.29000000 -0.141771279669841E-003  0.541738591693253E-003  0.178353217066477E+000 -0.998408230426414E-003  0.174332542782568E-003  0.189452220256787E+000  0.104247943736654E+001  0.992582644947830E+000 -0.706065442881254E+001 -0.603196569457036E-002  0.230494399721053E-001  0.758842333487175E+001
      5.30000000 -0.184131046357463E-003  0.663206426471802E-003  0.177538423844787E+000 -0.859907331419861E-003  0.298688359118824E-005  0.189387390445676E+000  0.103651758573696E+001  0.999873156358084E+000 -0.704269252673965E+001 -0.781947196692962E-002  0.281643110310476E-001  0.753950382496655E+001
      5.31000000 -0.275249756246453E-003  0.824770062698967E-003  0.176690100104175E+000 -0.734025940384284E-003 -0.112409254478874E-003  0.189291658605294E+000  0.103111309123699E+001  0.100476468091666E+001 -0.702348843625833E+001 -0.116669865571381E-001  0.349594541534232E-001  0.748934731425889E+001
      5.32000000 -0.407355507168778E-003  0.996636704271662E-003  0.175848135824004E+000 -0.636368947480932E-003 -0.168401136235835E-003  0.189144251665388E+000  0.102692301063105E+001  0.100712458645116E+001 -0.700217031102478E+001 -0.172340851852329E-001  0.421649432936992E-001  0.743964841304978E+001
      5.33000000 -0.568609587972932E-003  0.115601193520231E-002  0.175054094038277E+000 -0.579530851438762E-003 -0.175758448045091E-003  0.188957396837827E+000  0.102447234728997E+001  0.100742190302557E+001 -0.697926637890445E+001 -0.240111657122853E-001  0.488159094194585E-001  0.739215966363047E+001
      5.34000000 -0.742869929521721E-003  0.129204285963640E-002  0.174329581867077E+000 -0.572020327306912E-003 -0.151202323690225E-003  0.188767847570095E+000  0.102410995948763E+001  0.100637299362379E+001 -0.695633466193281E+001 -0.313110619506667E-001  0.544580314982434E-001  0.734777936318967E+001
      5.35000000 -0.910512308087833E-003  0.140427854784034E-002  0.173666121369457E+000 -0.615618289816197E-003 -0.109152525260280E-003  0.188616845659745E+000  0.102589906034728E+001  0.100459204654173E+001 -0.693511035826178E+001 -0.383052511665165E-001  0.590779959863940E-001  0.730613341421200E+001
      5.36000000 -0.105185248289073E-002  0.149686999571917E-002  0.173030956501379E+000 -0.702822101975726E-003 -0.575694125317593E-004  0.188529128791251E+000  0.102951256090303E+001  0.100241742652759E+001 -0.691662268418383E+001 -0.441688734247960E-001  0.628558304987746E-001  0.726583103676025E+001
      5.37000000 -0.115271505058430E-002  0.157271273685415E-002  0.172385098241746E+000 -0.816899437538979E-003  0.837356370453028E-006  0.188501739035976E+000  0.103423896175190E+001  0.999964903620417E+000 -0.690073237467685E+001 -0.483141066257776E-001  0.659176010771912E-001  0.722523056580649E+001
      5.38000000 -0.120962184547262E-002  0.163118546827239E-002  0.171703756151587E+000 -0.936027103957177E-003  0.640436149502398E-004  0.188508115819678E+000  0.103915907498488E+001  0.997320709294061E+000 -0.688631377385815E+001 -0.506050223865991E-001  0.682413081803820E-001  0.718329654547470E+001
      5.39000000 -0.123144679453587E-002  0.167048835774314E-002  0.170988232166605E+000 -0.104057168357605E-002  0.126664411126207E-003  0.188514947758875E+000  0.104345197428570E+001  0.994710774065796E+000 -0.687196768062895E+001 -0.514224971666423E-001  0.697559027512278E-001  0.714009076407588E+001
      5.40000000 -0.123583241252351E-002  0.169245950890690E-002  0.170262897272775E+000 -0.112031249515719E-002  0.179714221173633E-003  0.188502588847636E+000  0.104669514146855E+001  0.992509428380127E+000 -0.685687483758168E+001 -0.515100649003397E-001  0.705424928667934E-001  0.709663608088424E+001
      5.41000000 -0.124146354210277E-002  0.170601573305662E-002  0.169558713192365E+000 -0.117785237798224E-002  0.214825767551805E-003  0.188477922802867E+000  0.104900268460895E+001  0.991062513834501E+000 -0.684132577180860E+001 -0.516491264477325E-001  0.709760853461843E-001  0.705422198959938E+001
      5.42000000 -0.125978492846438E-002  0.172605831868697E-002  0.168891891540093E+000 -0.122614815642200E-002  0.230492616084226E-003  0.188472379021612E+000  0.105091783606180E+001  0.990428411788769E+000 -0.682662816637337E+001 -0.523146588156633E-001  0.716774347730255E-001  0.701351594467961E+001
      5.43000000 -0.129035397784310E-002  0.176741682814635E-002  0.168249050479374E+000 -0.128116817258446E-002  0.236219099692810E-003  0.188525430211689E+000  0.105310465442987E+001  0.990208675232997E+000 -0.681441346801383E+001 -0.534854077332703E-001  0.732597498913164E-001  0.697395382983744E+001
      5.44000000 -0.132224521221344E-002  0.183659185685004E-002  0.167587204652027E+000 -0.135338404893339E-002  0.251232934816996E-003  0.188661459909746E+000  0.105599489432387E+001  0.989605491769436E+000 -0.680567682836099E+001 -0.547065564918411E-001  0.759871279859119E-001  0.693375086097562E+001
      5.45000000 -0.134070276269814E-002  0.192583247845263E-002  0.166849624711150E+000 -0.144251308939401E-002  0.297280684866239E-003  0.188871544710525E+000  0.105957300889594E+001  0.987722880981574E+000 -0.680003058270804E+001 -0.553684387311729E-001  0.795331676464332E-001  0.689056775309897E+001
      5.46000000 -0.133540114245059E-002  0.201335222478064E-002  0.165990698474089E+000 -0.153817242855151E-002  0.388416467372125E-003  0.189109611380756E+000  0.106340721162916E+001  0.983988527755560E+000 -0.679555850004416E+001 -0.550484856427489E-001  0.829952794830219E-001  0.684254063540224E+001
      5.47000000 -0.130586007619655E-002  0.207054875040537E-002  0.164998353848336E+000 -0.162585882292090E-002  0.522713210818586E-003  0.189305666735866E+000  0.106689933199679E+001  0.978491881252741E+000 -0.678937412602953E+001 -0.537323201419687E-001  0.851970209935332E-001  0.678919934339288E+001
      5.48000000 -0.126123462830889E-002  0.207347765902045E-002  0.163903575916917E+000 -0.169478049488368E-002  0.680300909378366E-003  0.189390737459731E+000  0.106960800295924E+001  0.972058689691003E+000 -0.677865396335821E+001 -0.518014126340552E-001  0.851618480745582E-001  0.673184558820250E+001
      5.49000000 -0.121489097773609E-002  0.201346328664274E-002  0.162772483899192E+000 -0.174317681001124E-002  0.829263361300106E-003  0.189322739136285E+000  0.107146532462312E+001  0.966002544909377E+000 -0.676169745559302E+001 -0.498070979415163E-001  0.825463065882175E-001  0.667321199706209E+001
      5.50000000 -0.117704542721187E-002  0.190188216572441E-002  0.161684331638855E+000 -0.177833428686155E-002  0.937157142682939E-003  0.189102234930368E+000  0.107277412424847E+001  0.961649060671090E+000 -0.673856166535075E+001 -0.481677999456333E-001  0.778300289529025E-001  0.661654882698253E+001
      5.51000000 -0.114967672940478E-002  0.176677937246079E-002  0.160704835497611E+000 -0.181158918679395E-002  0.983178720531018E-003  0.188771844495152E+000  0.107400045608384E+001  0.959838756898309E+000 -0.671102117978070E+001 -0.469624145171127E-001  0.721700484385246E-001  0.656452975563882E+001
      5.52000000 -0.112645463367440E-002  0.164274913958884E-002  0.159865698833357E+000 -0.185140948347117E-002  0.965673808038938E-003  0.188400388887949E+000  0.107549004456594E+001  0.960625264450768E+000 -0.668190607230003E+001 -0.459304714903771E-001  0.669820517099813E-001  0.651842222762526E+001
      5.53000000 -0.109747318226246E-002  0.155854673546918E-002  0.159157749168628E+000 -0.189860265894396E-002  0.901883621224127E-003  0.188059136209000E+000  0.107727432656846E+001  0.963292767370300E+000 -0.665412554182384E+001 -0.446678512150892E-001  0.634338358484385E-001  0.647782084746429E+001
      5.54000000 -0.105585243975320E-002  0.152774292875963E-002  0.158538758123960E+000 -0.194633470227102E-002  0.820408170426023E-003  0.187799963127224E+000  0.107907405979259E+001  0.966669142441482E+000 -0.662977996335400E+001 -0.428962905793009E-001  0.620678630224728E-001  0.644098017915886E+001
      5.55000000 -0.100229187960978E-002  0.154607718606427E-002  0.157950976993654E+000 -0.198482132523874E-002  0.750052100982449E-003  0.187643170524904E+000  0.108049236906350E+001  0.969582415423782E+000 -0.660967405079576E+001 -0.406469070323963E-001  0.626995558133520E-001  0.640553795570684E+001
      5.56000000 -0.944898263147872E-003  0.159594574957364E-002  0.157340389243786E+000 -0.200788938009786E-002  0.710012335870678E-003  0.187577610314553E+000  0.108128141708529E+001  0.971257973980223E+000 -0.659333364226284E+001 -0.382504487504915E-001  0.646055173170297E-001  0.636929998696588E+001
      5.57000000 -0.894304054282866E-003  0.165530950124817E-002  0.156670579823913E+000 -0.201755939083434E-002  0.705296946725509E-003  0.187570447934429E+000  0.108152623909028E+001  0.971500116541993E+000 -0.657941166641383E+001 -0.361373481643670E-001  0.668883200069553E-001  0.633079908683856E+001
      5.58000000 -0.856728992942524E-003  0.170669544307198E-002  0.155927864456264E+000 -0.202387179470543E-002  0.728538735277626E-003  0.187580774446745E+000  0.108163475140095E+001  0.970613712441698E+000 -0.656624502086416E+001 -0.345569608410039E-001  0.688411482272724E-001  0.628949545355002E+001
      5.59000000 -0.828826160456427E-003  0.174249142061252E-002  0.155118626991502E+000 -0.203972122603713E-002  0.766423869209619E-003  0.187571393672668E+000  0.108212687218199E+001  0.969140883400966E+000 -0.655233199346642E+001 -0.333716682809352E-001  0.701592788034513E-001  0.624566116651512E+001
      5.60000000 -0.797340980627323E-003  0.176490816860660E-002  0.154262527388618E+000 -0.207310920738174E-002  0.807189106808124E-003  0.187515681682821E+000  0.108332214256853E+001  0.967557557702340E+000 -0.653660651709883E+001 -0.320466276581091E-001  0.709349654718510E-001  0.620009995338809E+001
      5.61000000 -0.744284689806289E-003  0.178158786486589E-002  0.153385432563092E+000 -0.212065571345618E-002  0.845720424877569E-003  0.187399592272509E+000  0.108508119501043E+001  0.966069502023956E+000 -0.651851474703873E+001 -0.298608729530552E-001  0.714777149336650E-001  0.615385883566675E+001
      5.62000000 -0.655661092578774E-003  0.179960935403400E-002  0.152514164726216E+000 -0.216579471053642E-002  0.884415671189663E-003  0.187220870306435E+000  0.108673756953261E+001  0.964580176781140E+000 -0.649797899919054E+001 -0.262584673102708E-001  0.720722701545417E-001  0.610801564122923E+001
      5.63000000 -0.530015999541418E-003  0.182088993668768E-002  0.151672981460589E+000 -0.218309287955339E-002  0.930165624217508E-003  0.186987570730663E+000  0.108727504748659E+001  0.962814111216108E+000 -0.647533431480014E+001 -0.211888243335275E-001  0.727950043631619E-001  0.606353801223250E+001
      5.64000000 -0.382924912587230E-003  0.184085339597306E-002  0.150880556795973E+000 -0.214750675214749E-002  0.989464880026589E-003  0.186716593385892E+000  0.108570017515222E+001  0.960513598646220E+000 -0.645126633059253E+001 -0.152813172978653E-001  0.734626134733636E-001  0.602116390625963E+001
      5.65000000 -0.244986380617892E-003  0.185048882507079E-002  0.150146668400724E+000 -0.204522974586688E-002  0.106413488808184E-002  0.186431450494893E+000  0.108147416686563E+001  0.957608917230776E+000 -0.642671924135588E+001 -0.975932473826284E-002  0.737164299617126E-001  0.598127165924551E+001
      5.66000000 -0.153329737908794E-003  0.184046574796951E-002  0.149469228408572E+000 -0.188189050399464E-002  0.114945684798222E-002  0.186158086310107E+000  0.107483490214929E+001  0.954290916203152E+000 -0.640272728075580E+001 -0.609728138200646E-002  0.731876131294910E-001  0.594376509076512E+001
      5.67000000 -0.139171410401991E-003  0.180536623115665E-002  0.148833487690810E+000 -0.168454425496080E-002  0.123522911388287E-002  0.185918603683558E+000  0.106686912517327E+001  0.950966743681175E+000 -0.638016489928556E+001 -0.552450339924574E-002  0.716652353532928E-001  0.590804610152686E+001
      5.68000000 -0.215688544374616E-003  0.174637938425267E-002  0.148215143297033E+000 -0.149592299252023E-002  0.130906906530440E-002  0.185724524571414E+000  0.105927713119912E+001  0.948127103386497E+000 -0.635948111297306E+001 -0.854682908610313E-002  0.692016637229353E-001  0.587314222646824E+001
      5.69000000 -0.370801748484061E-003  0.167160746142972E-002  0.147587499564843E+000 -0.136214741467085E-002  0.136061599961857E-002  0.185572464856093E+000  0.105388130671342E+001  0.946179270169268E+000 -0.634053215443789E+001 -0.146674893809261E-001  0.661223545731237E-001  0.583799319036335E+001
      5.70000000 -0.568145072556625E-003  0.159399452251121E-002  0.146930586313524E+000 -0.131767838762822E-002  0.138521547524435E-002  0.185444824116710E+000  0.105203084063147E+001  0.945302339091700E+000 -0.632261390954058E+001 -0.224342039782237E-001  0.629416675168362E-001  0.580181172594625E+001
      5.71000000 -0.756817539710603E-003  0.152752894389260E-002  0.146238557882209E+000 -0.137277211822732E-002  0.138596685785122E-002  0.185316154264683E+000  0.105411138089981E+001  0.945368514144546E+000 -0.630471786042159E+001 -0.298319303103406E-001  0.602115233992294E-001  0.576437283561765E+001
      5.72000000 -0.887242905069300E-003  0.148275943974232E-002  0.145521853322543E+000 -0.150838960622005E-002  0.137346444995134E-002  0.185163165395266E+000  0.105935315068819E+001  0.945955977072050E+000 -0.628592746349425E+001 -0.349118434815876E-001  0.583446372863213E-001  0.572609387724587E+001
      5.73000000 -0.927785391935869E-003  0.146288203614258E-002  0.144802644873542E+000 -0.168121862899443E-002  0.136307724702408E-002  0.184974283841457E+000  0.106603829426925E+001  0.946458304233439E+000 -0.626579278738545E+001 -0.364434248316759E-001  0.574620294576229E-001  0.568785017499130E+001
      5.74000000 -0.875871032703370E-003  0.146170443181991E-002  0.144105139295143E+000 -0.183778800337358E-002  0.137023587556510E-002  0.184754479561535E+000  0.107206257810324E+001  0.946270881286901E+000 -0.624451573787957E+001 -0.343442903026284E-001  0.573157456619107E-001  0.565059072998162E+001
      5.75000000 -0.758925034831572E-003  0.146452902835812E-002  0.143444819162131E+000 -0.193291295728669E-002  0.140492030916028E-002  0.184522991972760E+000  0.107566076501537E+001  0.945006656934044E+000 -0.622285537119172E+001 -0.297068983412880E-001  0.573266303870916E-001  0.561491644741903E+001
      5.76000000 -0.624158089681062E-003  0.145225256229941E-002  0.142821397805247E+000 -0.194552743326985E-002  0.146715597340775E-002  0.184304767479069E+000  0.107602232562359E+001  0.942670245999285E+000 -0.620178847528528E+001 -0.243892472153855E-001  0.567473967680150E-001  0.558080786952392E+001
      5.77000000 -0.520761583717095E-003  0.140780735733175E-002  0.142218683148653E+000 -0.188552431918865E-002  0.154543875892624E-002  0.184119344498018E+000  0.107354998704818E+001  0.939715972079487E+000 -0.618207411346203E+001 -0.203137171702254E-001  0.549153420320948E-001  0.554762523990843E+001
      5.78000000 -0.481448780667165E-003  0.132286592909145E-002  0.141611412351633E+000 -0.178861451838334E-002  0.161929268746925E-002  0.183972133931876E+000  0.106964904865700E+001  0.936944381240171E+000 -0.616391596739113E+001 -0.187477230034178E-001  0.515126946108326E-001  0.551438001195516E+001
      5.79000000 -0.510838877310045E-003  0.120213465373854E-002  0.140975936012233E+000 -0.170116073647980E-002  0.166565569086874E-002  0.183851926975606E+000  0.106612916853929E+001  0.935251017997389E+000 -0.614687025424807E+001 -0.198578238314851E-001  0.467305431046406E-001  0.548015318753930E+001
      5.80000000 -0.585433285458086E-003  0.106309884146546E-002  0.140299940472654E+000 -0.166127531921036E-002  0.166703408969100E-002  0.183735554017574E+000  0.106446736135799E+001  0.935309164102139E+000 -0.613003210135718E+001 -0.227182928249146E-001  0.412545568934326E-001  0.544447200073666E+001
      5.81000000 -0.664957533609568E-003  0.930773012342306E-003  0.139587000769212E+000 -0.168412809671077E-002  0.161823480514774E-002  0.183597340865449E+000  0.106524169933328E+001  0.937310951100275E+000 -0.611240584046320E+001 -0.257598929451311E-001  0.360573599700472E-001  0.540748245504965E+001
      5.82000000 -0.709885944251394E-003  0.829215475014996E-003  0.138854314398370E+000 -0.175749246404635E-002  0.152871374636861E-002  0.183418951858706E+000  0.106796679050130E+001  0.940880675700497E+000 -0.609328644644443E+001 -0.274531300928967E-001  0.320679124512545E-001  0.536985636637496E+001
      5.83000000 -0.697383020441055E-003  0.773215553655570E-003  0.138125177099586E+000 -0.184888466104634E-002  0.141929204152149E-002  0.183195330431306E+000  0.107137852022013E+001  0.945206443745020E+000 -0.607248638756317E+001 -0.269233495601380E-001  0.298509599835663E-001  0.533249637158672E+001
      5.84000000 -0.628940856120388E-003  0.763709287820730E-003  0.137420035514837E+000 -0.192043359377481E-002  0.131450266930897E-002  0.182934597425878E+000  0.107401380350265E+001  0.949338866709412E+000 -0.605032727588483E+001 -0.242394764862377E-001  0.294334723914143E-001  0.529618912046356E+001
      5.85000000 -0.527134809586806E-003  0.788877079672233E-003  0.136750216728752E+000 -0.194437546324718E-002  0.123391244360910E-002  0.182652788013231E+000  0.107480843017540E+001  0.952526117190282E+000 -0.602743302243204E+001 -0.202811279721359E-001  0.303514712292639E-001  0.526136501565343E+001
      5.86000000 -0.424076225271008E-003  0.830212179893082E-003  0.136116673284825E+000 -0.191233163474867E-002  0.118628631696966E-002  0.182366645197923E+000  0.107345001163080E+001  0.954436384256995E+000 -0.600445046636381E+001 -0.162881809370870E-001  0.318873009059403E-001  0.522805305013442E+001
      5.87000000 -0.347741963543464E-003  0.870457711989396E-003  0.135513312004190E+000 -0.183504346146939E-002  0.116904286572937E-002  0.182088199406687E+000  0.107036140918946E+001  0.955175174232801E+000 -0.598184134383767E+001 -0.133335341113043E-001  0.333761202616775E-001  0.519601186388842E+001
      5.88000000 -0.312691763647568E-003  0.899477138646201E-003  0.134932193544022E+000 -0.173410113761285E-002  0.117275007237180E-002  0.181823401461203E+000  0.106637787922464E+001  0.955109502568148E+000 -0.595983153498122E+001 -0.119692073730543E-001  0.344301630276140E-001  0.516493107138500E+001
      5.89000000 -0.318770555685605E-003  0.915351451671672E-003  0.134367275562597E+000 -0.163088836740881E-002  0.118783283281730E-002  0.181574538110342E+000  0.106232111514176E+001  0.954609360013530E+000 -0.593850537076686E+001 -0.121811749361180E-001  0.349783126514333E-001  0.513457488505261E+001
      5.90000000 -0.356938366544574E-003  0.920672751886881E-003  0.133814665601623E+000 -0.153866771391411E-002  0.120961068594812E-002  0.181343985819242E+000  0.105869743247387E+001  0.953855506997354E+000 -0.591795003294714E+001 -0.136165628732702E-001  0.351220255001893E-001  0.510479113010283E+001
      5.91000000 -0.417797691543165E-003  0.916687443960203E-003  0.133269742319868E+000 -0.146130460085006E-002  0.123886549043663E-002  0.181136245510740E+000  0.105565184236000E+001  0.952819455342224E+000 -0.589833302035832E+001 -0.159112694605940E-001  0.349108222166589E-001  0.507540090315761E+001
      5.92000000 -0.497513554168994E-003  0.899142702907815E-003  0.132723597085706E+000 -0.139808719239826E-002  0.127779230440519E-002  0.180956451496371E+000  0.105315435174936E+001  0.951419180448629E+000 -0.587984478110770E+001 -0.189151367684094E-001  0.341848117650309E-001  0.504606350969613E+001
      5.93000000 -0.597907917184953E-003  0.858706783319872E-003  0.132161829904183E+000 -0.135073075750411E-002  0.132395553483698E-002  0.180805914653364E+000  0.105126729121510E+001  0.949748968413403E+000 -0.586252935934774E+001 -0.226937301455799E-001  0.325924100597118E-001  0.501623212736920E+001
      5.94000000 -0.721206217526045E-003  0.786174048024830E-003  0.131567450510922E+000 -0.132773726601384E-002  0.136620018076739E-002  0.180677364743225E+000  0.105030972870807E+001  0.948232860359730E+000 -0.584610535276385E+001 -0.273274615958044E-001  0.297891789933727E-001  0.498526546738386E+001
      5.95000000 -0.863079612844153E-003  0.679785892394004E-003  0.130927191210849E+000 -0.134314578631385E-002  0.138557214006861E-002  0.180553158302210E+000  0.105080804258491E+001  0.947587068347753E+000 -0.582990085613480E+001 -0.326482695850169E-001  0.257146997156313E-001  0.495266736816398E+001
      5.96000000 -0.100854972844926E-002  0.550505611673307E-003  0.130238308645760E+000 -0.141014614074051E-002  0.136162509607936E-002  0.180408407450396E+000  0.105325300738407E+001  0.948579349897897E+000 -0.581297489426105E+001 -0.380870496926695E-001  0.207893909407260E-001  0.491834244098937E+001
      5.97000000 -0.113363063925946E-002  0.421841888075728E-003  0.129512224506468E+000 -0.153304330574576E-002  0.128147023265726E-002  0.180218422015982E+000  0.105779714251148E+001  0.951687393706674E+000 -0.579440025041253E+001 -0.427389176594651E-001  0.159038271332885E-001  0.488272997163517E+001
      5.98000000 -0.121235983684076E-002  0.323460723282839E-003  0.128772612140592E+000 -0.170202132613130E-002  0.114719835519859E-002  0.179967420488635E+000  0.106406046532102E+001  0.956821892110732E+000 -0.577359121306134E+001 -0.456306475671893E-001  0.121743741564461E-001  0.484672743383326E+001
      5.99000000 -0.122596206295994E-002  0.280974885856382E-003  0.128048176575167E+000 -0.189366361559188E-002  0.977815909782237E-003  0.179654498318586E+000  0.107115448635361E+001  0.963258527947587E+000 -0.575052498433220E+001 -0.460655737168277E-001  0.105576426123207E-001  0.481141537372473E+001
      6.00000000 -0.116983768307313E-002  0.306308436196290E-003  0.127363033727690E+000 -0.207720254635342E-002  0.804331483706468E-003  0.179293918536029E+000  0.107792088409447E+001  0.969827583532741E+000 -0.572574789089073E+001 -0.438834367270104E-001  0.114903691967402E-001  0.477769498522796E+001
      6.01000000 -0.105528849163366E-002  0.392884189311278E-003  0.126728874873142E+000 -0.222368343680782E-002  0.659816166220707E-003  0.178909396882333E+000  0.108327694115447E+001  0.975289885629579E+000 -0.570015662730334E+001 -0.395205523250769E-001  0.147135122617844E-001  0.474599616145611E+001
      6.02000000 -0.905553718257597E-003  0.517701907809069E-003  0.126142328665975E+000 -0.231406896279315E-002  0.568531684946904E-003  0.178524867856572E+000  0.108651792234860E+001  0.978743857265349E+000 -0.567465010889999E+001 -0.338566514388285E-001  0.193557297469151E-001  0.471618278101000E+001
      6.03000000 -0.748313938997264E-003  0.649316340191122E-003  0.125588502221587E+000 -0.234320285837814E-002  0.538507047655514E-003  0.178155814521968E+000  0.108746188876295E+001  0.979899801106973E+000 -0.564980583156943E+001 -0.279314060489173E-001  0.242362428479920E-001  0.468768957494898E+001
      6.04000000 -0.608031206343098E-003  0.758302355721242E-003  0.125048837498361E+000 -0.231878814498047E-002  0.560239172629856E-003  0.177804849659413E+000  0.108640729471266E+001  0.979123253927360E+000 -0.562571786867178E+001 -0.226576678661714E-001  0.282573702448625E-001  0.465981843946663E+001
      6.05000000 -0.500924659533505E-003  0.826083668860028E-003  0.124509575707604E+000 -0.225679251236286E-002  0.611466702150896E-003  0.177463111720596E+000  0.108395808671841E+001  0.977251974152088E+000 -0.560205279906608E+001 -0.186355971025757E-001  0.307322910399929E-001  0.463205443002224E+001
      6.06000000 -0.433625525042038E-003  0.849133306249921E-003  0.123967130455610E+000 -0.217583485448176E-002  0.665581087752082E-003  0.177116309360401E+000  0.108081269324344E+001  0.975279649481506E+000 -0.557827773430056E+001 -0.161052878004818E-001  0.315376643863477E-001  0.460426381402228E+001
      6.07000000 -0.404738564638096E-003  0.837761136741097E-003  0.123428404376709E+000 -0.209277781548514E-002  0.700216748357608E-003  0.176752275825864E+000  0.107759981883516E+001  0.974036090971608E+000 -0.555394207703277E+001 -0.150076319899430E-001  0.310640298063242E-001  0.457670267138452E+001
      6.08000000 -0.407609055009546E-003  0.810830651251746E-003  0.122906568341081E+000 -0.202045556920125E-002  0.703119291299069E-003  0.176366569159592E+000  0.107479490256626E+001  0.973971346023727E+000 -0.552888415727565E+001 -0.150892105816596E-001  0.300160025701963E-001  0.454985744005191E+001
      6.09000000 -0.432823604896186E-003  0.788890720047864E-003  0.122414790860656E+000 -0.196714061969444E-002  0.673961944588536E-003  0.175963975088490E+000  0.107270167036325E+001  0.975091684528144E+000 -0.550328440407993E+001 -0.159963140070205E-001  0.291558582580932E-001  0.452421127581633E+001
      6.10000000 -0.469908656646838E-003  0.788123745920692E-003  0.121960969500947E+000 -0.193675157397719E-002  0.622449629020636E-003  0.175555922125056E+000  0.107146120877604E+001  0.977033191303588E+000 -0.547756716525376E+001 -0.173384346601294E-001  0.290797623739293E-001  0.450004968171389E+001
      6.11000000 -0.508557721656397E-003  0.816594303987218E-003  0.121545577508405E+000 -0.192907982444596E-002  0.564092558683634E-003  0.175155667309624E+000  0.107106164622220E+001  0.979220483603749E+000 -0.545222136815653E+001 -0.187337757836404E-001  0.300809405612179E-001  0.447738280154165E+001
      6.12000000 -0.539952667902606E-003  0.873202049739992E-003  0.121162951384366E+000 -0.194003157971782E-002  0.515241547661950E-003  0.174773808878287E+000  0.107134830378340E+001  0.981051024710763E+000 -0.542763496202623E+001 -0.198577731315970E-001  0.321136448295315E-001  0.445599502247382E+001
      6.13000000 -0.558317830649625E-003  0.949005196383711E-003  0.120804692659697E+000 -0.196239359404316E-002  0.488633306056996E-003  0.174416061607367E+000  0.107205297522559E+001  0.982058908262545E+000 -0.540401405920198E+001 -0.204996902466024E-001  0.348445123911703E-001  0.443557171903023E+001
      6.14000000 -0.562207107219743E-003  0.103028838083643E-002  0.120463113722531E+000 -0.198753564263021E-002  0.490243673533018E-003  0.174083796144213E+000  0.107285725926809E+001  0.982029096907229E+000 -0.538140418617474E+001 -0.206088726634683E-001  0.377673668202308E-001  0.441582637336210E+001
      6.15000000 -0.554734186493727E-003  0.110267299247398E-002  0.120133030516377E+000 -0.200785244858356E-002  0.517961642103218E-003  0.173776418528458E+000  0.107348233604105E+001  0.981043910139785E+000 -0.535977867364037E+001 -0.203018722487038E-001  0.403550507077965E-001  0.439656595496429E+001
      6.16000000 -0.542285575829164E-003  0.115543512036512E-002  0.119811323749099E+000 -0.201909805219854E-002  0.562426439200357E-003  0.173493929436122E+000  0.107377393914858E+001  0.979450025294244E+000 -0.533913275233584E+001 -0.198140664980652E-001  0.422173654058736E-001  0.437767412927413E+001
      6.17000000 -0.532014576635073E-003  0.118495561322757E-002  0.119494893603678E+000 -0.202157714862407E-002  0.610066474266726E-003  0.173238178736436E+000  0.107374480494650E+001  0.977745477989886E+000 -0.531952914035476E+001 -0.194072787226302E-001  0.432258153626246E-001  0.435903602635375E+001
      6.18000000 -0.529102895049358E-003  0.119610992972116E-002  0.119178350081141E+000 -0.201960612647135E-002  0.647777590036608E-003  0.173012169166628E+000  0.107355369251024E+001  0.976408056477909E+000 -0.530107213709384E+001 -0.192698324384356E-001  0.435621088815353E-001  0.434045411174432E+001
      6.19000000 -0.534940575656277E-003  0.120073927321744E-002  0.118852786907009E+000 -0.201948218001654E-002  0.667911366453471E-003  0.172817763078034E+000  0.107343035905140E+001  0.975714085551977E+000 -0.528382390241035E+001 -0.194509656635252E-001  0.436600613919509E-001  0.432160427222469E+001
      6.20000000 -0.546908610568305E-003  0.121325656331553E-002  0.118506421747727E+000 -0.202689682238415E-002  0.671727990972766E-003  0.172652855629454E+000  0.107358109183557E+001  0.975614703991618E+000 -0.526770217676914E+001 -0.198540607767855E-001  0.440440488235684E-001  0.430206007796048E+001
      6.21000000 -0.559650845723704E-003  0.124467199027487E-002  0.118127086860888E+000 -0.204489295231277E-002  0.669652744387944E-003  0.172509283010154E+000  0.107411485332581E+001  0.975729186765789E+000 -0.525240562992675E+001 -0.202839176972881E-001  0.451117413719043E-001  0.428138387713540E+001
      6.22000000 -0.567080484267681E-003  0.129729354755998E-002  0.117705845527885E+000 -0.207304316911186E-002  0.677719484562234E-003  0.172372471862600E+000  0.107501433036235E+001  0.975476307456861E+000 -0.523740293609792E+001 -0.205201528953796E-001  0.469433575738330E-001  0.425925774897945E+001
      6.23000000 -0.564229437109736E-003  0.136247043204459E-002  0.117240578512781E+000 -0.210783876409864E-002  0.711170457008143E-003  0.172223275922463E+000  0.107615100090906E+001  0.974307170434223E+000 -0.522200097308728E+001 -0.203842139683941E-001  0.492226867046746E-001  0.423561211273357E+001
      6.24000000 -0.548408343808091E-003  0.142275252989274E-002  0.116738290770903E+000 -0.214377202993586E-002  0.777606072740541E-003  0.172041766003729E+000  0.107732506364743E+001  0.971952036770864E+000 -0.520548282209506E+001 -0.197808859792857E-001  0.513181571511555E-001  0.421070693987107E+001
      6.25000000 -0.519674804222251E-003  0.145804418550973E-002  0.116215134795280E+000 -0.217454010399173E-002  0.872594107914597E-003  0.171812081693817E+000  0.107830936091976E+001  0.968576212134369E+000 -0.518728267693888E+001 -0.187144866769963E-001  0.525069683242217E-001  0.418512995842964E+001
      6.26000000 -0.480913084769561E-003  0.145350681951401E-002  0.115693720083958E+000 -0.219412232620246E-002  0.979873460002472E-003  0.171526958107694E+000  0.107888833297658E+001  0.964769246060506E+000 -0.516714739377348E+001 -0.172909372969002E-001  0.522599531449146E-001  0.415969729868215E+001
      6.27000000 -0.437731765168929E-003  0.140598974215680E-002  0.115198110297488E+000 -0.219784744887498E-002  0.107645263451586E-002  0.171190384473901E+000  0.107889623517074E+001  0.961358528206130E+000 -0.514522943316042E+001 -0.157132781459199E-001  0.504708811349204E-001  0.413527208446985E+001
      6.28000000 -0.398040534386983E-003  0.132617888448421E-002  0.114747804759185E+000 -0.218363570166492E-002  0.114078425730933E-002  0.170817202531389E+000  0.107826125680886E+001  0.959114421120373E+000 -0.512206923732173E+001 -0.142657277760410E-001  0.475301013690030E-001  0.411254835669913E+001
      6.29000000 -0.370932683290513E-003  0.123535166261972E-002  0.114352622927215E+000 -0.215329513939290E-002  0.116076393433574E-002  0.170429350139076E+000  0.107705116155294E+001  0.958464491098724E+000 -0.509845773145187E+001 -0.132730500258040E-001  0.442044747094171E-001  0.409186936893906E+001
      6.30000000 -0.364661260727756E-003  0.115789592018082E-002  0.114010398411870E+000 -0.211331629429212E-002  0.113824887169624E-002  0.170049684370391E+000  0.107550056952069E+001  0.959334796073137E+000 -0.507521365895640E+001 -0.130279281626897E-001  0.413671165340734E-001  0.407314798765633E+001
      6.31000000 -0.384036069131968E-003  0.111258010399161E-002  0.113708568214000E+000 -0.207443725159676E-002  0.108819115916437E-002  0.169695409253208E+000  0.107399412159409E+001  0.961184774865165E+000 -0.505294893184876E+001 -0.136983712445350E-001  0.396851663912936E-001  0.405592678989915E+001
      6.32000000 -0.428148730034265E-003  0.110611880030739E-002  0.113429304281376E+000 -0.204959181132316E-002  0.103273421242144E-002  0.169373539729320E+000  0.107299222032444E+001  0.963221182504145E+000 -0.503190872482644E+001 -0.152476831053085E-001  0.393922666606096E-001  0.403956374318713E+001
      6.33000000 -0.489517419233511E-003  0.113160314379546E-002  0.113156340641469E+000 -0.205060458165769E-002  0.992732721623727E-003  0.169080224604958E+000  0.107291291962360E+001  0.964701609570697E+000 -0.501195029838268E+001 -0.174056688267383E-001  0.402361770803586E-001  0.402347641465944E+001
      6.34000000 -0.555303592642313E-003  0.117229326104820E-002  0.112880808991700E+000 -0.208473776523202E-002  0.980194176040109E-003  0.168804254651246E+000  0.107400966721072E+001  0.965202412514201E+000 -0.499267059811772E+001 -0.197136708404178E-001  0.416172410604772E-001  0.400734866863327E+001
      6.35000000 -0.610356000774792E-003  0.120902250480618E-002  0.112603698570559E+000 -0.215244524801357E-002  0.994661618646346E-003  0.168533305484087E+000  0.107629299485022E+001  0.964744416231201E+000 -0.497362958210160E+001 -0.216339473753797E-001  0.428535628574538E-001  0.399121575941946E+001
      6.36000000 -0.640969448219149E-003  0.122802532011901E-002  0.112333968491904E+000 -0.224723281265885E-002  0.102480412159293E-002  0.168260241168498E+000  0.107952748114893E+001  0.963733134367642E+000 -0.495457359035676E+001 -0.226833131944059E-001  0.434586750184636E-001  0.397539476608748E+001
      6.37000000 -0.637919821385658E-003  0.122597313044733E-002  0.112083255556721E+000 -0.235756962012443E-002  0.105425379354588E-002  0.167986767646551E+000  0.108330122147869E+001  0.962749507797662E+000 -0.493556297034231E+001 -0.225399495621632E-001  0.433179399643459E-001  0.396029538872758E+001
      6.38000000 -0.597761456509246E-003  0.121034477873493E-002  0.111859627832930E+000 -0.246987613245341E-002  0.106900986192380E-002  0.167722948466569E+000  0.108713261941218E+001  0.962287327601993E+000 -0.491695253191060E+001 -0.210879083387682E-001  0.426987044318978E-001  0.394619886053672E+001
      6.39000000 -0.522305449496978E-003  0.119532766493112E-002  0.111663186434402E+000 -0.257125491730540E-002  0.106324348031714E-002  0.167483010435215E+000  0.109056711896511E+001  0.962549454695189E+000 -0.489924150601820E+001 -0.183971256456722E-001  0.421029366258086E-001  0.393310403482915E+001
      6.40000000 -0.417083903991691E-003  0.119530905774760E-002  0.111485338060366E+000 -0.265102486566076E-002  0.104123040552723E-002  0.167279533982943E+000  0.109323094854093E+001  0.963382124545721E+000 -0.488286810385219E+001 -0.146679604910488E-001  0.420364964119637E-001  0.392070400787571E+001
      6.41000000 -0.289922999062658E-003  0.121887656507087E-002  0.111311755481870E+000 -0.270099590539849E-002  0.101494760666185E-002  0.167118721478220E+000  0.109484013681208E+001  0.964362119290699E+000 -0.486804384900224E+001 -0.101800735207015E-001  0.427984433287403E-001  0.390849245553951E+001
      6.42000000 -0.150335781051416E-003  0.126578874485865E-002  0.111127340478296E+000 -0.271521532346446E-002  0.998751078497988E-003  0.166998705332154E+000  0.109519091981937E+001  0.964985453267294E+000 -0.485469602791115E+001 -0.527052169909953E-002  0.443764418529998E-001  0.389593917866943E+001
      6.43000000 -0.960572393954996E-005  0.132788623107901E-002  0.110920754204426E+000 -0.269012628486535E-002  0.100367816341176E-002  0.166911233417603E+000  0.109416466604403E+001  0.964867441500766E+000 -0.484252889620500E+001 -0.336236923882619E-003  0.464810757017247E-001  0.388264886885596E+001
      6.44000000  0.119263586908999E-003  0.139311525386929E-002  0.110686598931390E+000 -0.262558471171393E-002  0.103384388205760E-002  0.166845438615881E+000  0.109176275481006E+001  0.963867719735766E+000 -0.483115715390215E+001  0.416819736741813E-002  0.486886189170105E-001  0.386843631180001E+001
      6.45000000  0.222633473346326E-003  0.145054634407607E-002  0.110424748370155E+000 -0.252632174312517E-002  0.108624204966635E-002  0.166791602153318E+000  0.108815667890026E+001  0.962095290577702E+000 -0.482023796228743E+001  0.776885512530232E-002  0.506172060754487E-001  0.385330139013373E+001
      6.46000000  0.288634277571717E-003  0.149403127213887E-002  0.110137803395158E+000 -0.240279624852914E-002  0.115360967553412E-002  0.166743191188696E+000  0.108371643052008E+001  0.959806794143173E+000 -0.480954160736254E+001  0.100563797112790E-001  0.520539206207779E-001  0.383733900500677E+001
      6.47000000  0.310241485640408E-003  0.152298808495065E-002  0.109828399004376E+000 -0.227040574326808E-002  0.122864340668481E-002  0.166696660521262E+000  0.107898151710278E+001  0.957258688000580E+000 -0.479894372755822E+001  0.107924952518969E-001  0.529807986240011E-001  0.382064465792313E+001
      6.48000000  0.287719803087194E-003  0.154028405431062E-002  0.109497788224943E+000 -0.214674700604400E-002  0.130737245321164E-002  0.166649791060461E+000  0.107456450438140E+001  0.954590094342203E+000 -0.478836678970629E+001  0.999357840374683E-002  0.534997914485899E-001  0.380326525988626E+001
      6.49000000  0.229178773596975E-003  0.154858602635786E-002  0.109146088355244E+000 -0.204763311883902E-002  0.139006277051746E-002  0.166599962298374E+000  0.107101232368841E+001  0.951792346734869E+000 -0.477771981726702E+001  0.794796543553071E-002  0.537052712965585E-001  0.378520804547282E+001
      6.50000000  0.148740139340410E-003  0.154722732671360E-002  0.108773503303511E+000 -0.198329119259428E-002  0.147933541387519E-002  0.166543450223494E+000  0.106867511607342E+001  0.948775282399905E+000 -0.476687418270896E+001  0.515040170204029E-002  0.535756003207131E-001  0.376648320376478E+001
      6.51000000  0.628663846631810E-004  0.153131665173098E-002  0.108381387071610E+000 -0.195617497965338E-002  0.157659145185606E-002  0.166475921068988E+000  0.106763211776776E+001  0.945491471952849E+000 -0.475568096736883E+001  0.217352065914212E-002  0.529432127528552E-001  0.374714062417827E+001
      6.52000000 -0.138297319782172E-004  0.149367030542234E-002  0.107972390040076E+000 -0.196114001816189E-002  0.167868982475104E-002  0.166393421060734E+000  0.106769978376997E+001  0.942050574104845E+000 -0.474400528378156E+001 -0.477411024124368E-003  0.515624360138730E-001  0.372727464186428E+001
      6.53000000 -0.718618518423538E-004  0.142873333507978E-002  0.107549785253667E+000 -0.198774728882479E-002  0.177673943337576E-002  0.166292917223722E+000  0.106851320184770E+001  0.938759766840581E+000 -0.473174480863055E+001 -0.247691725608403E-002  0.492452415471413E-001  0.370700047595955E+001
      6.54000000 -0.108323012372182E-003  0.133662527088506E-002  0.107116765882571E+000 -0.202370777874986E-002  0.185789273582786E-002  0.166171941372655E+000  0.106964602400760E+001  0.936060510592622E+000 -0.471881728170163E+001 -0.372794293695334E-002  0.460000384851643E-001  0.368642989200846E+001
      6.55000000 -0.126399722636713E-003  0.122527517046852E-002  0.106676538598940E+000 -0.205827866215691E-002  0.190961460915463E-002  0.166027730232460E+000  0.107072763679008E+001  0.934380834350301E+000 -0.470513080510536E+001 -0.434341269595031E-002  0.421035396315019E-001  0.366567443697927E+001
      6.56000000 -0.133456508677526E-003  0.110938233953201E-002  0.106233386871368E+000 -0.208473273123028E-002  0.192468939448520E-002  0.165856806509116E+000  0.107152746297112E+001  0.933963645635425E+000 -0.469056954321831E+001 -0.457891092689547E-002  0.380630586467861E-001  0.364488192270785E+001
      6.57000000 -0.138418503290140E-003  0.100631683774165E-002  0.105794008714081E+000 -0.210153165976823E-002  0.190477146887610E-002  0.165655776410902E+000  0.107199408940189E+001  0.934746504158991E+000 -0.467502122627131E+001 -0.474192908511552E-002  0.344743149817638E-001  0.362428197840513E+001
      6.58000000 -0.149069151655682E-003  0.930450640001978E-003  0.105367985706221E+000 -0.211220915279923E-002  0.186079893807045E-002  0.165423299360420E+000  0.107224990861293E+001  0.936349791381005E+000 -0.465844449892657E+001 -0.509903698213606E-002  0.318268546558902E-001  0.360420147214760E+001
      6.59000000 -0.169707272688683E-003  0.888173954182372E-003  0.104966590109367E+000 -0.212409809411356E-002  0.180986680064639E-002  0.165162257273741E+000  0.107254632717461E+001  0.938185910798550E+000 -0.464094247167012E+001 -0.579617267324123E-002  0.303346434171985E-001  0.358502303146020E+001
      6.60000000 -0.199576173352583E-003  0.875652593736096E-003  0.104600121773372E+000 -0.214606224990375E-002  0.176964665136695E-002  0.164880773678222E+000  0.107318543443214E+001  0.939651163903804E+000 -0.462279638052883E+001 -0.680598568367172E-002  0.298616759542190E-001  0.356709380353830E+001
      6.61000000 -0.232548809808809E-003  0.880292182088319E-003  0.104274963899294E+000 -0.218555078130720E-002  0.175249401252874E-002  0.164591235854241E+000  0.107441932349988E+001  0.940326520909310E+000 -0.460443094301174E+001 -0.791842736151046E-002  0.299744802241850E-001  0.355062547058201E+001
      6.62000000 -0.258481627685490E-003  0.885359196592137E-003  0.103991870077025E+000 -0.224565497691797E-002  0.176153530147889E-002  0.164307604556232E+000  0.107635040023140E+001  0.940109265816854E+000 -0.458632180716743E+001 -0.878816021566066E-002  0.301014758291739E-001  0.353563703365046E+001
      6.63000000 -0.266212705431227E-003  0.875927433141575E-003  0.103746356875004E+000 -0.232320155864164E-002  0.179020352127684E-002  0.164042350823073E+000  0.107886778384542E+001  0.939226373264861E+000 -0.456889117867757E+001 -0.903735882526340E-002  0.297358854656069E-001  0.352196959335385E+001
      6.64000000 -0.247426844344858E-003  0.843831119782493E-003  0.103530815440295E+000 -0.240889357205593E-002  0.182525861885611E-002  0.163804619991477E+000  0.108165368872670E+001  0.938129645560639E+000 -0.455244598928613E+001 -0.838696850916540E-002  0.286031414554418E-001  0.350935926586744E+001
      6.65000000 -0.199927860643002E-003  0.789815040050381E-003  0.103336863013488E+000 -0.248986892136009E-002  0.185192342292465E-002  0.163600439932052E+000  0.108427157573300E+001  0.937320192381270E+000 -0.453718581143398E+001 -0.676671599246656E-002  0.267319124278670E-001  0.349751756116323E+001
      6.66000000 -0.128762603132838E-003  0.722325339441582E-003  0.103156286246526E+000 -0.255394139199369E-002  0.185900950370356E-002  0.163434391685162E+000  0.108631036896406E+001  0.937174832329615E+000 -0.452326012334628E+001 -0.435152812042091E-002  0.244109621131993E-001  0.348616344713730E+001
      6.67000000 -0.444107880515619E-004  0.653791873233361E-003  0.102979897697633E+000 -0.259377696335003E-002  0.184210985482513E-002  0.163311031146814E+000  0.108752519163766E+001  0.937839289831244E+000 -0.451081665834824E+001 -0.149861101780016E-002  0.220617500288032E-001  0.347498470692366E+001
      6.68000000  0.413459726004807E-004  0.596169064079802E-003  0.102795214542100E+000 -0.260900611224266E-002  0.180395048330226E-002  0.163234294602681E+000  0.108790729358523E+001  0.939218078484085E+000 -0.449998138811638E+001  0.139310235223376E-002  0.200871928573018E-001  0.346355995929116E+001
      6.69000000  0.119948240218089E-003  0.557542473736420E-003  0.102585082566476E+000 -0.260511493779648E-002  0.175229393181169E-002  0.163204329134657E+000  0.108764498012614E+001  0.941046836513597E+000 -0.449075204935314E+001  0.403546921387343E-002  0.187576364947024E-001  0.345131318097692E+001
      6.70000000  0.188634149009306E-003  0.540833915478934E-003  0.102329335283348E+000 -0.258959658485931E-002  0.169673711011834E-002  0.163213049557096E+000  0.108699285547235E+001  0.943001158150230E+000 -0.448284984400136E+001  0.633682611332615E-002  0.181683459573921E-001  0.343757059571880E+001
      6.71000000  0.249609912399627E-003  0.544511890971320E-003  0.102010110504299E+000 -0.256742449890541E-002  0.164592335013441E-002  0.163241125253836E+000  0.108611948743930E+001  0.944790557487326E+000 -0.447562042890391E+001  0.837270101800034E-002  0.182646402942116E-001  0.342173973723546E+001
      6.72000000  0.306201292097117E-003  0.564344311888753E-003  0.101619235307981E+000 -0.253847399876260E-002  0.160610252726894E-002  0.163259073605511E+000  0.108502168774574E+001  0.946206442284746E+000 -0.446807333244820E+001  0.102556696096609E-001  0.189017125603336E-001  0.340355619065937E+001
      6.73000000  0.358191881957266E-003  0.595036649854758E-003  0.101164370487467E+000 -0.249859945770855E-002  0.158103712263132E-002  0.163233464039476E+000  0.108356181272570E+001  0.947124647151388E+000 -0.445909193670539E+001  0.119791761211007E-001  0.199000848041841E-001  0.338328664688786E+001
      6.74000000  0.399263602893017E-003  0.631088156471172E-003  0.100670468093762E+000 -0.244404516302046E-002  0.157253711388786E-002  0.163136657568512E+000  0.108161605631575E+001  0.947486945172867E+000 -0.444775965384394E+001  0.133329453938057E-001  0.210744577465586E-001  0.336177363560644E+001
      6.75000000  0.418512112868736E-003  0.666980632154875E-003  0.100174830693048E+000 -0.237681404295859E-002  0.158080537922058E-002  0.162956368315340E+000  0.107925336436764E+001  0.947289042201321E+000 -0.443367726742620E+001  0.139550223004282E-001  0.222400482793058E-001  0.334026651386684E+001
      6.76000000  0.405805700106275E-003  0.697347375887195E-003  0.997169258288830E-001 -0.230774994275597E-002  0.160427497306919E-002  0.162700861845105E+000  0.107683663347987E+001  0.946585595855573E+000 -0.441713218440034E+001  0.135113182175498E-001  0.232182108366582E-001  0.332007932909026E+001
      6.77000000  0.358464032143023E-003  0.717701873739238E-003  0.993266783919021E-001 -0.225502352603317E-002  0.163931940703552E-002  0.162397202067673E+000  0.107497020250365E+001  0.945499412092693E+000 -0.439903508078100E+001  0.119174459910455E-001  0.238606179449181E-001  0.330220111102568E+001
      6.78000000  0.285671800555051E-003  0.725697367939689E-003  0.990158835040430E-001 -0.223805836390450E-002  0.168058668763882E-002  0.162082932701775E+000  0.107429643742318E+001  0.944209853645395E+000 -0.438063915627009E+001  0.948339748230541E-002  0.240908503347662E-001  0.328701320363448E+001
      6.79000000  0.207906870869326E-003  0.722182449365135E-003  0.987761149848134E-001 -0.226945441397691E-002  0.172243418735526E-002  0.161794478845465E+000  0.107522773132542E+001  0.942904860536496E+000 -0.436315314798233E+001  0.689168380124384E-002  0.239388581388466E-001  0.327422440992098E+001
      6.80000000  0.151080685781905E-003  0.711060048073567E-003  0.985836397128798E-001 -0.234875189516183E-002  0.176114919640967E-002  0.161556928755787E+000  0.107774178468630E+001  0.941707388545480E+000 -0.434740344256213E+001  0.500064828835680E-002  0.235355114647213E-001  0.326303859847345E+001
      6.81000000  0.137787003530194E-003  0.697434637286811E-003  0.984088054022839E-001 -0.246116041377308E-002  0.179684025903066E-002  0.161379030257844E+000  0.108134279381928E+001  0.940613376560676E+000 -0.433367151184375E+001  0.455394120448676E-002  0.230506234318442E-001  0.325246868226999E+001
      6.82000000  0.179562089075119E-003  0.684554044670389E-003  0.982256465587412E-001 -0.258199348308741E-002  0.183366683194802E-002  0.161254666874555E+000  0.108521127088094E+001  0.939485098569773E+000 -0.432174662324613E+001  0.592593045348518E-002  0.225917379401375E-001  0.324165503561392E+001
      6.83000000  0.273545290510591E-003  0.671022170938603E-003  0.980178400550621E-001 -0.268477419465301E-002  0.187772260661544E-002  0.161169099731499E+000  0.108847352616194E+001  0.938121894760416E+000 -0.431113513754329E+001  0.901435825205109E-002  0.221127339923092E-001  0.323006081990786E+001
      6.84000000  0.404687682446392E-003  0.650018043398537E-003  0.977793234504762E-001 -0.274931215626191E-002  0.193315411401029E-002  0.161106364260399E+000  0.109046784100969E+001  0.936388351306279E+000 -0.430130597006334E+001  0.133165020315184E-001  0.213892514422820E-001  0.321748997028405E+001
      6.85000000  0.551940382161867E-003  0.611497990304977E-003  0.975106512607098E-001 -0.276636028586051E-002  0.199829604970134E-002  0.161054260673490E+000  0.109089593161867E+001  0.934340808022769E+000 -0.429185483897253E+001  0.181354306924486E-001  0.200923501525845E-001  0.320396498402161E+001
      6.86000000  0.695150366106665E-003  0.546862225362877E-003  0.972140669912273E-001 -0.273748643505645E-002  0.206399088207897E-002  0.161005188694981E+000  0.108981608809510E+001  0.932281093882947E+000 -0.428253072833912E+001  0.228076697374729E-001  0.179423814416321E-001  0.318956364245411E+001
      6.87000000  0.819566155490400E-003  0.454099989398669E-003  0.968904122565570E-001 -0.267132804028393E-002  0.211547328442258E-002  0.160953566561715E+000  0.108751787443139E+001  0.930693002702363E+000 -0.427315021412931E+001  0.268505727498760E-001  0.148771941342199E-001  0.317431734538071E+001
      6.88000000  0.916670138343452E-003  0.340832534950710E-003  0.965394601778490E-001 -0.257899419052352E-002  0.213752423570319E-002  0.160892381525983E+000  0.108437002952946E+001  0.930072357840558E+000 -0.426348412504813E+001  0.299882360824975E-001  0.111501030688844E-001  0.315822235501415E+001
      6.89000000  0.982337954402134E-003  0.223387990673673E-003  0.961630067884678E-001 -0.247120849935049E-002  0.212085881752532E-002  0.160811641002771E+000  0.108072655931061E+001  0.930718255797770E+000 -0.425320727840568E+001  0.320898714778398E-001  0.729737854298207E-002  0.314134103740567E+001
      6.90000000  0.101469442156152E-002  0.121813918984552E-003  0.957683530036698E-001 -0.235809921409026E-002  0.206684225223325E-002  0.160700132023925E+000  0.107691999694366E+001  0.932580657007625E+000 -0.424195656835173E+001  0.330988159187222E-001  0.397350807803114E-002  0.312391496351151E+001
      6.91000000  0.101372331518947E-002  0.527137716801946E-004  0.953695514221095E-001 -0.225048815245297E-002  0.198816352925766E-002  0.160549797737052E+000  0.107330354183103E+001  0.935240970597864E+000 -0.422947379285385E+001  0.330192848867404E-001  0.171700800256094E-002  0.310640422366008E+001
      6.92000000  0.982990103032103E-003  0.229716971281500E-004  0.949850398295681E-001 -0.216043468067539E-002  0.190485004820877E-002  0.160360388873859E+000  0.107026860329246E+001  0.938044341925046E+000 -0.421575618573131E+001  0.319719648125531E-001  0.747159396620958E-003  0.308940887785391E+001
      6.93000000  0.931906761028433E-003  0.271715983800374E-004  0.946322939488594E-001 -0.209934845440330E-002  0.183714851267851E-002  0.160141720994976E+000  0.106818322994740E+001  0.940332573554072E+000 -0.420112788511624E+001  0.302667300625887E-001  0.882486819421812E-003  0.307349427639391E+001
      6.94000000  0.876099126576915E-003  0.499078528894165E-004  0.943218020163783E-001 -0.207383551484476E-002  0.179827349166804E-002  0.159911990268798E+000  0.106725756075877E+001  0.941679324246791E+000 -0.418618295644568E+001  0.284131937247028E-001  0.161858567086069E-002  0.305899589653242E+001
      6.95000000  0.834262502981119E-003  0.719964623804750E-004  0.940531300375378E-001 -0.208139756355073E-002  0.179010736522256E-002  0.159692532146556E+000  0.106740568286686E+001  0.942027697413086E+000 -0.417161371118078E+001  0.270174399588178E-001  0.233159238568318E-002  0.304589357024664E+001
      6.96000000  0.821985693648464E-003  0.778802730620575E-004  0.938149166169561E-001 -0.210887203352119E-002  0.180359212926434E-002  0.159501129160035E+000  0.106819731296727E+001  0.941674916756631E+000 -0.415799358664588E+001  0.265816107916041E-001  0.251851476598182E-002  0.303381387197867E+001
      6.97000000  0.845146850125385E-003  0.610795922128058E-004  0.935888372655825E-001 -0.213547767797741E-002  0.182345055929940E-002  0.159346636893775E+000  0.106895861551216E+001  0.941117330646481E+000 -0.414560446125636E+001  0.272913911908977E-001  0.197237562278424E-002  0.302216066774353E+001
      6.98000000  0.896313894865762E-003  0.255270260719396E-004  0.933558333480066E-001 -0.213998526800826E-002  0.183501760045574E-002  0.159227037803391E+000  0.106900517100987E+001  0.940828703253916E+000 -0.413437598719727E+001  0.289022053181224E-001  0.823135012096132E-003  0.301031756678569E+001
      6.99000000  0.956502478373576E-003 -0.174851750130382E-004  0.931020349070144E-001 -0.210915453858513E-002  0.183018821344796E-002  0.159131454971862E+000  0.106791371715815E+001  0.941068858445212E+000 -0.412395295186553E+001  0.307988995538036E-001 -0.563013856297517E-003  0.299783877845419E+001
      7.00000000  0.100212804201861E-002 -0.551362836366616E-004  0.928221483801037E-001 -0.204353998093618E-002  0.181006987520557E-002  0.159044971650330E+000  0.106570695997288E+001  0.941799920751360E+000 -0.411385227771696E+001  0.322219226239226E-001 -0.177282442025325E-002  0.298455682056887E+001
      7.01000000  0.101434852366616E-002 -0.790353042751858E-004  0.925193539721692E-001 -0.195773660860026E-002  0.178349856484783E-002  0.158954086976348E+000  0.106285828380992E+001  0.942736086932583E+000 -0.410363910447042E+001  0.325683276814061E-001 -0.253763635277006E-002  0.297057723921853E+001
      7.02000000  0.986655194331491E-003 -0.888218894245659E-004  0.922022837616044E-001 -0.187468402785097E-002  0.176236329427645E-002  0.158850671478734E+000  0.106010591911958E+001  0.943495296246526E+000 -0.409305326665430E+001  0.316340334842347E-001 -0.284779793420485E-002  0.295617977647574E+001
      7.03000000  0.927277524065753E-003 -0.921027056654386E-004  0.918807209077699E-001 -0.181647705051232E-002  0.175590831498772E-002  0.158733213860504E+000  0.105815684871373E+001  0.943782337243888E+000 -0.408204796847043E+001  0.296879823874038E-001 -0.294878656352927E-002  0.294167943604596E+001
      7.04000000  0.855385453420806E-003 -0.101000696649077E-003  0.915618722001172E-001 -0.179578691365970E-002  0.176640662269477E-002  0.158605431676770E+000  0.105741275915472E+001  0.943526552495364E+000 -0.407074385063374E+001  0.273473643493787E-001 -0.322907391019726E-002  0.292730706321238E+001
      7.05000000  0.792968413584460E-003 -0.126904834966260E-003  0.912484724283405E-001 -0.181164385961799E-002  0.178785953823428E-002  0.158473335127691E+000  0.105783756290496E+001  0.942921762487210E+000 -0.405933406311982E+001  0.253158810761024E-001 -0.405149518562263E-002  0.291314942285004E+001
      7.06000000  0.756190281031954E-003 -0.175577293770797E-003  0.909389881038453E-001 -0.185118387848491E-002  0.180808469876963E-002  0.158342192816339E+000  0.105901618527998E+001  0.942357826888695E+000 -0.404798701927735E+001  0.241075272159494E-001 -0.559744616435155E-002  0.289915671451443E+001
      7.07000000  0.750048809303336E-003 -0.244492720919699E-003  0.906293131184753E-001 -0.189613937750094E-002  0.181325649574246E-002  0.158214530015449E+000  0.106036387611147E+001  0.942274712626040E+000 -0.403678284529639E+001  0.238779142185306E-001 -0.778346174910692E-002  0.288519751979516E+001
      7.08000000  0.768380642784651E-003 -0.323357722783530E-003  0.903149469033336E-001 -0.193076681019184E-002  0.179311370399303E-002  0.158089587466245E+000  0.106137942879586E+001  0.942996588538733E+000 -0.402569679882130E+001  0.244269606785051E-001 -0.102796009421830E-001  0.287112862277987E+001
      7.09000000  0.798622550534068E-003 -0.397569583850296E-003  0.899927764718893E-001 -0.194752428380908E-002  0.174488061916204E-002  0.157963990649841E+000  0.106182482873193E+001  0.944608164152711E+000 -0.401462125475421E+001  0.253525477544537E-001 -0.126209832837082E-001  0.285685166482426E+001
      7.10000000  0.828595215349151E-003 -0.453324776394178E-003  0.896620398877204E-001 -0.194820592247203E-002  0.167445368744352E-002  0.157833028251830E+000  0.106175935988508E+001  0.946918759099904E+000 -0.400340681707244E+001  0.262669923715632E-001 -0.143706821169236E-001  0.284234337119258E+001
      7.11000000  0.851914196342055E-003 -0.482499500971878E-003  0.893245128482717E-001 -0.194059914969372E-002  0.159439189024219E-002  0.157691981234368E+000  0.106143169686040E+001  0.949527856232698E+000 -0.399190468574363E+001  0.269682353870039E-001 -0.152740266240345E-001  0.282766092954557E+001
      7.12000000  0.869648327746959E-003 -0.485476691713617E-003  0.889841910527692E-001 -0.193283938061425E-002  0.151940260312636E-002  0.157537225389005E+000  0.106110011778179E+001  0.951969274353530E+000 -0.398000150598407E+001  0.274909626671555E-001 -0.153466880598160E-001  0.281293138404159E+001
      7.13000000  0.887901422051027E-003 -0.470793533614926E-003  0.886466890262383E-001 -0.192850108914171E-002  0.146096662368018E-002  0.157367100135681E+000  0.106087747543674E+001  0.953881301780041E+000 -0.396764654528914E+001  0.280286059030518E-001 -0.148616570349851E-001  0.279833216798703E+001
      7.14000000  0.913003089423325E-003 -0.451639893874993E-003  0.883183774699757E-001 -0.192478246456534E-002  0.142315293028453E-002  0.157182608020607E+000  0.106067499052276E+001  0.955137896283285E+000 -0.395487330520019E+001  0.287806309636742E-001 -0.142370614784001E-001  0.278406355763741E+001
      7.15000000  0.946993743381270E-003 -0.440474631213826E-003  0.880051509029343E-001 -0.191438581502729E-002  0.140132732189762E-002  0.156987863027353E+000  0.106026285478824E+001  0.955887687712992E+000 -0.394181304461759E+001  0.298103684193562E-001 -0.138656787625445E-001  0.277030971910157E+001
      7.16000000  0.985689132493552E-003 -0.443869403562099E-003  0.877108069881030E-001 -0.188981491804269E-002  0.138440138712850E-002  0.156789986724211E+000  0.105940630301935E+001  0.956481363588059E+000 -0.392869083253142E+001  0.309851227909865E-001 -0.139530279062132E-001  0.275718787499229E+001
      7.17000000  0.102013259534541E-002 -0.459739416908296E-003  0.874353200369072E-001 -0.184772449631823E-002  0.135984256727920E-002  0.156598072695061E+000  0.105800218262181E+001  0.957312988445296E+000 -0.391579238613872E+001  0.320231274800936E-001 -0.144317454637290E-001  0.274469457458773E+001
      7.18000000  0.104049959980053E-002 -0.478253884161284E-003  0.871736331229924E-001 -0.179112066476745E-002  0.131943743897109E-002  0.156421048030280E+000  0.105614701543980E+001  0.958639037718113E+000 -0.390339661175512E+001  0.326169801087564E-001 -0.149920263588900E-001  0.273266867005595E+001
      7.19000000  0.104037667026707E-002 -0.486207686289955E-003  0.869157344961289E-001 -0.172843831645844E-002  0.126333722851595E-002  0.156264736220033E+000  0.105410672785193E+001  0.960452714477784E+000 -0.389168370950870E+001  0.325677675770198E-001 -0.152201595573909E-001  0.272079480514422E+001
      7.20000000  0.101930105174612E-002 -0.473092050541064E-003  0.866485482377688E-001 -0.167013010779558E-002  0.120051317489143E-002  0.156128971913658E+000  0.105220884484788E+001  0.962471542909629E+000 -0.388064566518006E+001  0.318637034417247E-001 -0.147890211368413E-001  0.270866358861752E+001
      7.21000000  0.982451262680743E-003 -0.436233520945889E-003  0.863595562919385E-001 -0.162458059792681E-002  0.114524206074035E-002  0.156005945776998E+000  0.105071451458853E+001  0.964248991234456E+000 -0.387003588686304E+001  0.306691702198865E-001 -0.136178970069251E-001  0.269588531527188E+001
      7.22000000  0.937858666327593E-003 -0.382642296011919E-003  0.860412842304640E-001 -0.159536375465212E-002  0.111101484865880E-002  0.155880827226236E+000  0.104973347424824E+001  0.965365498492702E+000 -0.385939027011507E+001  0.292365735991447E-001 -0.119283960911766E-001  0.268222966773782E+001
      7.23000000  0.892710427996743E-003 -0.326585493728554E-003  0.856951647055814E-001 -0.158105573485934E-002  0.110450518988171E-002  0.155735064499636E+000  0.104921926885324E+001  0.965616052178313E+000 -0.384813143552183E+001  0.277906424137339E-001 -0.101668137719526E-001  0.266774488594585E+001
      7.24000000  0.850660022068269E-003 -0.283806052714587E-003  0.853331673867258E-001 -0.157745431404911E-002  0.112232899017336E-002  0.155551773730469E+000  0.104903932677560E+001  0.965109443989180E+000 -0.383573704452466E+001  0.264450098019419E-001 -0.882285948696595E-002  0.265280651427111E+001
      7.25000000  0.811425909885615E-003 -0.264877148360934E-003  0.849761120814446E-001 -0.158084538064075E-002  0.115216164728070E-002  0.155321670144264E+000  0.104907696116419E+001  0.964231421294637E+000 -0.382192355240767E+001  0.251905204359262E-001 -0.822304678406995E-002  0.263806277550952E+001
      7.26000000  0.772704203675282E-003 -0.270662062089932E-003  0.846486582709924E-001 -0.159049434304082E-002  0.117784498684885E-002  0.155047484344401E+000  0.104930849913710E+001  0.963484454520824E+000 -0.380678147737987E+001  0.239553725713450E-001 -0.839106414518430E-002  0.262427735853012E+001
      7.27000000  0.733203402351287E-003 -0.291975603586996E-003  0.843722298975117E-001 -0.160903128589339E-002  0.118628940110864E-002  0.154745035839941E+000  0.104981456625879E+001  0.963273248636173E+000 -0.379080606365418E+001  0.226995023576051E-001 -0.903937554126459E-002  0.261210958014263E+001
      7.28000000  0.695047263259693E-003 -0.313685683487569E-003  0.841580956146277E-001 -0.164056465164712E-002  0.117311256885553E-002  0.154440123791200E+000  0.105072105122649E+001  0.963731083295242E+000 -0.377479837345884E+001  0.214886550244951E-001 -0.969816557074732E-002  0.260190116525286E+001
      7.29000000  0.664159001216869E-003 -0.321494259521094E-003  0.840030479525611E-001 -0.168758545602492E-002  0.114447247427656E-002  0.154161845174119E+000  0.105210321488506E+001  0.964665081081149E+000 -0.375965689174941E+001  0.205055210891442E-001 -0.992594741104165E-002  0.259354502188125E+001
      7.30000000  0.648331628736808E-003 -0.308412530398222E-003  0.838894264879756E-001 -0.174837744737311E-002  0.111422636347838E-002  0.153934336661705E+000  0.105390618671026E+001  0.965646036856972E+000 -0.374612224361114E+001  0.199894398554282E-001 -0.950901275488812E-002  0.258648902962669E+001
      7.31000000  0.653930714805749E-003 -0.278054916599159E-003  0.837897851495968E-001 -0.181639476236424E-002  0.109762008134989E-002  0.153769694861964E+000  0.105592669295411E+001  0.966204339198812E+000 -0.373456028853445E+001  0.201344900667946E-001 -0.856129530167766E-002  0.257988278971505E+001
      7.32000000  0.682919060949083E-003 -0.243264097240906E-003  0.836748147615901E-001 -0.188204556486562E-002  0.110424912403996E-002  0.153664591997185E+000  0.105786891344420E+001  0.966046679117219E+000 -0.372486061959806E+001  0.209983141562652E-001 -0.747985556254030E-002  0.257282326384234E+001
      7.33000000  0.731751718627106E-003 -0.220612938997946E-003  0.835218544048204E-001 -0.193606503534355E-002  0.113335700392901E-002  0.153601875592520E+000  0.105944868365631E+001  0.965199215539638E+000 -0.371648893214712E+001  0.224691193950007E-001 -0.677412616908781E-002  0.256461648253416E+001
      7.34000000  0.792741165146331E-003 -0.223104805806132E-003  0.833210063932585E-001 -0.197282988991963E-002  0.117352875284233E-002  0.153556637774659E+000  0.106049505205843E+001  0.964014797546406E+000 -0.370867602095868E+001  0.243086939727680E-001 -0.684130796613043E-002  0.255496363121612E+001
      7.35000000  0.857234802754904E-003 -0.254151076762183E-003  0.830767034523772E-001 -0.199199039114476E-002  0.120696647075373E-002  0.153504554525641E+000  0.106099948600787E+001  0.963039814513164E+000 -0.370067474600081E+001  0.262505695753142E-001 -0.778271075992959E-002  0.254400635281709E+001
      7.36000000  0.919036558950040E-003 -0.305353937902571E-003  0.828042862611761E-001 -0.199765497815747E-002  0.121662191915308E-002  0.153429422883661E+000  0.106108983372187E+001  0.962794761079313E+000 -0.369199037596124E+001  0.281048485271291E-001 -0.933795950589672E-002  0.253221909411974E+001
      7.37000000  0.976408105109195E-003 -0.359042633169053E-003  0.825230675566676E-001 -0.199560094568735E-002  0.119330825212476E-002  0.153327159764062E+000  0.106094421518067E+001  0.963557225681054E+000 -0.368250099695318E+001  0.298188000915321E-001 -0.109649033501294E-001  0.252019503068040E+001
      7.38000000  0.103173654749867E-002 -0.394594751370529E-003  0.822486921230375E-001 -0.198995583333693E-002  0.113995907951848E-002  0.153204967305814E+000  0.106068947088022E+001  0.965233643781396E+000 -0.367242953147352E+001  0.314657964295024E-001 -0.120343106473033E-001  0.250841225815901E+001
      7.39000000  0.108914546337730E-002 -0.396108688217419E-003  0.819877768346381E-001 -0.198100722104594E-002  0.107137106035583E-002  0.153076328837229E+000  0.106033480253652E+001  0.967369648791192E+000 -0.366218899925747E+001  0.331716996123432E-001 -0.120641354724495E-001  0.249707132471460E+001
      7.40000000  0.115133170491006E-002 -0.358533522068003E-003  0.817367498956037E-001 -0.196517221267432E-002  0.100953381774476E-002  0.152954142644077E+000  0.105977163977098E+001  0.969294552761487E+000 -0.365217239315620E+001  0.350182968591564E-001 -0.109049661849771E-001  0.248606180125167E+001
      7.41000000  0.121723032241978E-002 -0.290026462203413E-003  0.814849731113039E-001 -0.193704815053375E-002  0.976296867259178E-003  0.152844918392098E+000  0.105883672406898E+001  0.970345543876898E+000 -0.364257653394099E+001  0.369726713240844E-001 -0.880938706901169E-002  0.247505921698285E+001
      7.42000000  0.128162254313994E-002 -0.209769507318802E-003  0.812204464679747E-001 -0.189245844221900E-002  0.986028241963264E-003  0.152746302238801E+000  0.105740486785382E+001  0.970090322901004E+000 -0.363332832022302E+001  0.388760836624569E-001 -0.636304109974418E-002  0.246369954156332E+001
      7.43000000  0.133680559728272E-002 -0.142131491174700E-003  0.809354540525831E-001 -0.183099618165891E-002  0.104079681624524E-002  0.152648596590744E+000  0.105546575134607E+001  0.968471492191023E+000 -0.362413258238356E+001  0.404954022294796E-001 -0.430554144618674E-002  0.245175048125696E+001
      7.44000000  0.137547049299542E-002 -0.109282875170531E-003  0.806298014035697E-001 -0.175690582137661E-002  0.112958454785196E-002  0.152539166379136E+000  0.105314982290559E+001  0.965827867410568E+000 -0.361460687338688E+001  0.416106613257698E-001 -0.330601981691692E-002  0.243920852977483E+001
      7.45000000  0.139345328388108E-002 -0.124748896258919E-003  0.803106102965790E-001 -0.167799133283118E-002  0.123155655342907E-002  0.152407502494250E+000  0.105069436833873E+001  0.962793025012731E+000 -0.360443502767843E+001  0.420980923165355E-001 -0.376883144332386E-002  0.242629123299065E+001
      7.46000000  0.139120703254721E-002 -0.189862888805656E-003  0.799892869386288E-001 -0.160313428961593E-002  0.132206284459318E-002  0.152248723372403E+000  0.104836791330689E+001  0.960112249193509E+000 -0.359347236277067E+001  0.419738892605792E-001 -0.572832345077428E-002  0.241334423521955E+001
      7.47000000  0.137350797049968E-002 -0.293936281185356E-003  0.796774453063623E-001 -0.153952461258661E-002  0.137928999455646E-002  0.152064336647415E+000  0.104638657531832E+001  0.958441366448308E+000 -0.358176748033560E+001  0.413844185425852E-001 -0.885643356041129E-002  0.240071759013007E+001
      7.48000000  0.134767851267509E-002 -0.417676567842301E-003  0.793837243821360E-001 -0.149067839683966E-002  0.138952657678696E-002  0.151860543747653E+000  0.104485477012178E+001  0.958188905593576E+000 -0.356950995923090E+001  0.405518789379777E-001 -0.125679599808641E-001  0.238866996135470E+001
      7.49000000  0.132112648618139E-002 -0.538438567287742E-003  0.791126162420585E-001 -0.145586194563441E-002  0.134973330280380E-002  0.151645469324590E+000  0.104374864959927E+001  0.959440515981687E+000 -0.355694615872888E+001  0.396998492154954E-001 -0.161800782564856E-001  0.237733401661728E+001
      7.50000000  0.129910928141598E-002 -0.635578498497140E-003  0.788651637454991E-001 -0.143094807635098E-002  0.126715531045961E-002  0.151426904163894E+000  0.104294265454211E+001  0.961972755233002E+000 -0.354431110489569E+001  0.389861812642096E-001 -0.190736675539996E-001  0.236673820532046E+001
      7.51000000  0.128340561916978E-002 -0.694503274890524E-003  0.786404259311666E-001 -0.141026787423482E-002  0.115664569657696E-002  0.151211461233144E+000  0.104226568882999E+001  0.965335360755773E+000 -0.353180327281889E+001  0.384636305864421E-001 -0.208142437647607E-001  0.235685137028897E+001
      7.52000000  0.127220698753325E-002 -0.708725174283628E-003  0.784364532475534E-001 -0.138880509778056E-002  0.103686484644927E-002  0.151004956863343E+000  0.104156710101601E+001  0.968966512377311E+000 -0.351959623844052E+001  0.380773057706744E-001 -0.212122283818748E-001  0.234761233285259E+001
      7.53000000  0.126118855175542E-002 -0.679984012687744E-003  0.782501665317963E-001 -0.136407481405574E-002  0.926491213548369E-003  0.150813031008466E+000  0.104077270167778E+001  0.972306834296885E+000 -0.350785738367765E+001  0.376973931710269E-001 -0.203249741211363E-001  0.233892647482539E+001
      7.54000000  0.124544207768536E-002 -0.616981427706036E-003  0.780765146904859E-001 -0.133714017899065E-002  0.841176123397096E-003  0.150640980484565E+000  0.103991460800696E+001  0.974890280198184E+000 -0.349674295956281E+001  0.371773529112735E-001 -0.184173448838007E-001  0.233064081641196E+001
      7.55000000  0.122173212748147E-002 -0.533367892392035E-003  0.779079416419442E-001 -0.131240639623539E-002  0.791481272870525E-003  0.150492474823080E+000  0.103912439746004E+001  0.976405000775074E+000 -0.348635987801645E+001  0.364212895353086E-001 -0.159003319964198E-001  0.232252851162270E+001
      7.56000000  0.119037045539511E-002 -0.445428330542716E-003  0.777350967339164E-001 -0.129611332617026E-002  0.781711435258752E-003  0.150367771781566E+000  0.103858757227267E+001  0.976727076332476E+000 -0.347671291078104E+001  0.354394211149232E-001 -0.132611844582290E-001  0.231431048719044E+001
      7.57000000  0.115597126360676E-002 -0.369650982250933E-003  0.775489357535520E-001 -0.129385077337134E-002  0.809501946823002E-003  0.150262611489468E+000  0.103846932674547E+001  0.975931540534398E+000 -0.346767248432643E+001  0.343698339586620E-001 -0.109906217244366E-001  0.230571825566352E+001
      7.58000000  0.112657522589981E-002 -0.320246128396912E-003  0.773433884243060E-001 -0.130786682380231E-002  0.866159374861637E-003  0.150168754640878E+000  0.103883475710703E+001  0.974280952520122E+000 -0.345899154669983E+001  0.334516286095726E-001 -0.950913379284599E-002  0.229657305210961E+001
      7.59000000  0.111116258869042E-002 -0.306779874179035E-003  0.771172468424600E-001 -0.133522769884176E-002  0.937888892683473E-003  0.150076244538733E+000  0.103959495308004E+001  0.972187764879121E+000 -0.345037342027509E+001  0.329505076936786E-001 -0.909727586879579E-002  0.228684124291170E+001
      7.60000000  0.111628176239904E-002 -0.332307252441249E-003  0.768742200297284E-001 -0.136778273582436E-002  0.100799716622499E-002  0.149976452186702E+000  0.104050697397844E+001  0.970148098880622E+000 -0.344156230883016E+001  0.330587564222012E-001 -0.984130072337339E-002  0.227663498653580E+001
      7.61000000  0.114308453053844E-002 -0.392532565631074E-003  0.766210605359269E-001 -0.139429142612001E-002  0.105989277878836E-002  0.149864447457920E+000  0.104123777032792E+001  0.968652453737360E+000 -0.343241315898252E+001  0.338080378697595E-001 -0.116096014681592E-001  0.226615586775508E+001
      7.62000000  0.118613141456600E-002 -0.476426487615157E-003  0.763647322623798E-001 -0.140414666154220E-002  0.108033869621559E-002  0.149739570082221E+000  0.104147474990628E+001  0.968089674343272E+000 -0.342290779897108E+001  0.350351605871976E-001 -0.140723686234202E-001  0.225561065591520E+001
      7.63000000  0.123474364807439E-002 -0.568361949045015E-003  0.761101070216861E-001 -0.139128953995094E-002  0.106215671010826E-002  0.149604077093635E+000  0.104104112505842E+001  0.968667840072503E+000 -0.341311420875513E+001  0.364232368752674E-001 -0.167658946318451E-001  0.224514332264523E+001
      7.64000000  0.127660262514416E-002 -0.651333268097517E-003  0.758593242534388E-001 -0.135661968019475E-002  0.100561990663528E-002  0.149460824840570E+000  0.103996603182972E+001  0.970374425652280E+000 -0.340311766818655E+001  0.376087284411921E-001 -0.191882857845662E-001  0.223481659005498E+001
      7.65000000  0.130221381595400E-002 -0.710427847015742E-003  0.756129256941542E-001 -0.130770977961876E-002  0.918128466383768E-003  0.149311450655405E+000  0.103847478591264E+001  0.972987281478682E+000 -0.339296714592694E+001  0.383130864066182E-001 -0.209018543306128E-001  0.222464584547126E+001
      7.66000000  0.130832334693007E-002 -0.735624328688498E-003  0.753717987378068E-001 -0.125578398682930E-002  0.812307669304314E-003  0.149156140527415E+000  0.103689881734743E+001  0.976131888418763E+000 -0.338266870997788E+001  0.384425862378092E-001 -0.216149178722480E-001  0.221465655235442E+001
      7.67000000  0.129873768717603E-002 -0.723247872847584E-003  0.751384833124390E-001 -0.121119533781660E-002  0.703156290879061E-003  0.148995030220828E+000  0.103554226511439E+001  0.979366030790437E+000 -0.337222692285244E+001  0.381111764142610E-001 -0.212235523350893E-001  0.220492253462438E+001
      7.68000000  0.128214319242932E-002 -0.675901608109079E-003  0.749168125598619E-001 -0.117939501111250E-002  0.605097181558618E-003  0.148830217751042E+000  0.103456402748699E+001  0.982266674508007E+000 -0.336170383016021E+001  0.375752246938686E-001 -0.198083606773475E-001  0.219555513136684E+001
      7.69000000  0.126792066948120E-002 -0.601186826795934E-003  0.747099210793345E-001 -0.115920510377758E-002  0.529664577505484E-003  0.148666917305924E+000  0.103392815318538E+001  0.984497531227294E+000 -0.335125236035946E+001  0.371100908380023E-001 -0.175958151720456E-001  0.218664465726276E+001
      7.70000000  0.126190366929917E-002 -0.509812126838709E-003  0.745177259064463E-001 -0.114413464461968E-002  0.484197084020829E-003  0.148512737634261E+000  0.103344357429618E+001  0.985846699748502E+000 -0.334109464157605E+001  0.368860162720213E-001 -0.149020395643117E-001  0.217818690698137E+001
      7.71000000  0.126404336716541E-002 -0.413684153134222E-003  0.743354181638901E-001 -0.112603009665804E-002  0.471491441292917E-003  0.148375158795399E+000  0.103287167965944E+001  0.986235966812658E+000 -0.333144789274833E+001  0.369006377044623E-001 -0.120764915630349E-001  0.217003973560385E+001
      7.72000000  0.126899677148094E-002 -0.324335755599951E-003  0.741540334391616E-001 -0.109924952539203E-002  0.490105172470719E-003  0.148258366001216E+000  0.103204831952644E+001  0.985711117625182E+000 -0.332243214695039E+001  0.369972541001868E-001 -0.945592032492235E-002  0.216194058122047E+001
      7.73000000  0.126922158761294E-002 -0.251750370096716E-003  0.739630690114851E-001 -0.106334673804457E-002  0.534965937957865E-003  0.148161042222136E+000  0.103096147803080E+001  0.984423391220656E+000 -0.331400660730627E+001  0.369559381668543E-001 -0.733021814439400E-002  0.215358344964803E+001
      7.74000000  0.125896147506659E-002 -0.203454486418509E-003  0.737540238647344E-001 -0.102304002287224E-002  0.598102799740542E-003  0.148076272645507E+000  0.102974938136967E+001  0.982607534514835E+000 -0.330596790765072E+001  0.366098336469022E-001 -0.591633266784718E-002  0.214472213642182E+001
      7.75000000  0.123713184619909E-002 -0.183752737069637E-003  0.735232693162907E-001 -0.985606919287440E-003  0.669516311277895E-003  0.147993648408961E+000  0.102862386775329E+001  0.980555994506873E+000 -0.329801225771377E+001  0.359286219140863E-001 -0.533652305220104E-002  0.213525320948487E+001
      7.76000000  0.120772947018368E-002 -0.193128816362961E-003  0.732730466068800E-001 -0.957097712075342E-003  0.738304082996975E-003  0.147902592695346E+000  0.102776008760350E+001  0.978585900098353E+000 -0.328983256171939E+001  0.350295225561996E-001 -0.560159406229409E-002  0.212524402380180E+001
      7.77000000  0.117765042749527E-002 -0.228002110490211E-003  0.730103626124194E-001 -0.939284473106949E-003  0.794090167572172E-003  0.147795452402779E+000  0.102720836217762E+001  0.976997498096055E+000 -0.328120799642114E+001  0.341131364004451E-001 -0.660456355565938E-002  0.211489963430038E+001
      7.78000000  0.115306603591825E-002 -0.281083771087231E-003  0.727445305086794E-001 -0.928835752683438E-003  0.828614988139762E-003  0.147669210065389E+000  0.102687110972950E+001  0.976028265271354E+000 -0.327205298231849E+001  0.333580656074037E-001 -0.813172063440176E-002  0.210449076262649E+001
      7.79000000  0.113616412423245E-002 -0.342459193618828E-003  0.724845457218274E-001 -0.919083644436941E-003  0.837149565959252E-003  0.147525507534452E+000  0.102655485017993E+001  0.975812450328328E+000 -0.326241699980987E+001  0.328269013178723E-001 -0.989458645503171E-002  0.209427755966920E+001
      7.80000000  0.112383465169279E-002 -0.401281336098027E-003  0.722372322933140E-001 -0.903504453316691E-003  0.819329333920334E-003  0.147369492148794E+000  0.102607125697429E+001  0.976357675346481E+000 -0.325245042885874E+001  0.324290399381446E-001 -0.115792554137334E-001  0.208445618537598E+001
      7.81000000  0.110892668197896E-002 -0.447710524895657E-003  0.720064102594975E-001 -0.879257225273201E-003  0.779118123081771E-003  0.147208330775707E+000  0.102533910011576E+001  0.977546784313724E+000 -0.324236107953640E+001  0.319578883266796E-001 -0.129024607215340E-001  0.207513522334181E+001
      7.82000000  0.108351421153970E-002 -0.474609425444248E-003  0.717927200832326E-001 -0.849139710416405E-003  0.723873793605146E-003  0.147049978778541E+000  0.102443985774882E+001  0.979165533861167E+000 -0.323237839336499E+001  0.311856021736043E-001 -0.136601629882774E-001  0.206633118756706E+001
      7.83000000  0.104273058141523E-002 -0.478566299323168E-003  0.715935868015403E-001 -0.821062591714635E-003  0.662779016482472E-003  0.146902227450000E+000  0.102360156378189E+001  0.980948320641250E+000 -0.322272592351696E+001  0.299734424305082E-001 -0.137564579744806E-001  0.205796807980548E+001
      7.84000000  0.987520509054900E-003 -0.460052072716766E-003  0.714031491361772E-001 -0.805229624795960E-003  0.605091992044230E-003  0.146771649098593E+000  0.102311691931780E+001  0.982628728092960E+000 -0.321359108740283E+001  0.283502136900165E-001 -0.132073961507267E-001  0.204987594443793E+001
      7.85000000  0.925145573952226E-003 -0.422813175304226E-003  0.712124932337526E-001 -0.810158282527527E-003  0.558678230729268E-003  0.146662130120758E+000  0.102322878504189E+001  0.983981628270581E+000 -0.320508333721191E+001  0.265256902672739E-001 -0.121228611418743E-001  0.204179816870248E+001
      7.86000000  0.867203473238375E-003 -0.372829241274628E-003  0.710107707578169E-001 -0.839113535189026E-003  0.529109794211554E-003  0.146573182830794E+000  0.102402837803001E+001  0.984848712812348E+000 -0.319718631439604E+001  0.248327455225876E-001 -0.106761261430134E-001  0.203342405099772E+001
      7.87000000  0.825885550569780E-003 -0.317224152694421E-003  0.707874930684896E-001 -0.888334659462459E-003  0.519352284656567E-003  0.146498781668958E+000  0.102540552360589E+001  0.985147020228165E+000 -0.318972536563759E+001  0.236195386809075E-001 -0.907230806970136E-002  0.202445475587043E+001
      7.88000000  0.809841225292873E-003 -0.263394787631879E-003  0.705355996049617E-001 -0.947740346106325E-003  0.529834908824679E-003  0.146427631394509E+000  0.102707007302364E+001  0.984866456586678E+000 -0.318237620758945E+001  0.231312945537204E-001 -0.752328015213631E-002  0.201469088017297E+001
      7.89000000  0.821141643800171E-003 -0.218390487569608E-003  0.702542296977558E-001 -0.100388856162865E-002  0.558626194861723E-003  0.146345332627129E+000  0.102863747863391E+001  0.984064321149611E+000 -0.317472765052936E+001  0.234243392927874E-001 -0.622992746473432E-002  0.200411089319218E+001
      7.90000000  0.854433134317189E-003 -0.188371205754047E-003  0.699499455853655E-001 -0.104416790813101E-002  0.601550167057973E-003  0.146238045512830E+000  0.102974880503911E+001  0.982861569962361E+000 -0.316638652786074E+001  0.243431775041375E-001 -0.536677887849429E-002  0.199290485515884E+001
      7.91000000  0.898602338700386E-003 -0.177918682394472E-003  0.696356511060409E-001 -0.106076424199280E-002  0.652307317081494E-003  0.146096442834541E+000  0.103018343504366E+001  0.981438971305591E+000 -0.315709006566947E+001  0.255692115613614E-001 -0.506257354887625E-002  0.198144231175563E+001
      7.92000000  0.940397265362347E-003 -0.189121692905195E-003  0.693274080849883E-001 -0.105301230169029E-002  0.702870170851355E-003  0.145918470903278E+000  0.102992502615936E+001  0.980025486677030E+000 -0.314678351991312E+001  0.267246761704405E-001 -0.537455412287844E-002  0.197018068751338E+001
      7.93000000  0.968748531226765E-003 -0.220639445250517E-003  0.690402664608897E-001 -0.102728931622313E-002  0.744458134725886E-003  0.145709885116143E+000  0.102915720294284E+001  0.978870298197537E+000 -0.313563406531764E+001  0.274956597712943E-001 -0.626233426238376E-002  0.195954637962054E+001
      7.94000000  0.978255172536372E-003 -0.267207982058591E-003  0.687846053288635E-001 -0.994469694169854E-003  0.769190602274373E-003  0.145482468011027E+000  0.102819014604888E+001  0.978195820803123E+000 -0.312397888525541E+001  0.277305144124040E-001 -0.757452145984911E-002  0.194983123317209E+001
      7.95000000  0.970563917141733E-003 -0.320112727819522E-003  0.685641486761927E-001 -0.965853673843253E-003  0.772131323010452E-003  0.145250765890944E+000  0.102734453124981E+001  0.978139991944117E+000 -0.311223171224238E+001  0.274778841567352E-001 -0.906279359532055E-002  0.194113721039401E+001
      7.96000000  0.953125220951285E-003 -0.368902578962526E-003  0.683759979013949E-001 -0.949081742975246E-003  0.753053320779009E-003  0.145028620288447E+000  0.102683594090992E+001  0.978706897937904E+000 -0.310078427186576E+001  0.269502730386726E-001 -0.104309748700047E-001  0.193337850287405E+001
      7.97000000  0.935805711171318E-003 -0.404115290880223E-003  0.682121954930340E-001 -0.945594165271184E-003  0.717099543225642E-003  0.144826556821026E+000  0.102670377978275E+001  0.979748956806311E+000 -0.308993268156767E+001  0.264273517628888E-001 -0.114123015251599E-001  0.192632686816690E+001
      7.98000000  0.926696380928992E-003 -0.420225863582960E-003  0.680619352303290E-001 -0.950623107720645E-003  0.673744503984620E-003  0.144650449503757E+000  0.102681215683302E+001  0.980997155276881E+000 -0.307984037686782E+001  0.261373077303378E-001 -0.118523962527015E-001  0.191967486055580E+001
      7.99000000  0.928810007888963E-003 -0.417702120059379E-003  0.679136905588227E-001 -0.955698940996980E-003  0.634057806000484E-003  0.144501250213281E+000  0.102692158349381E+001  0.982138893921619E+000 -0.307053132079275E+001  0.261641350687103E-001 -0.117664695630915E-001  0.191309628202032E+001
      8.00000000  0.939019431048868E-003 -0.403177782886730E-003  0.677570090956693E-001 -0.952609218505212E-003  0.607014889969988E-003  0.144375332796539E+000  0.102680100430003E+001  0.982922054122260E+000 -0.306190055684115E+001  0.264186649892418E-001 -0.113431292527060E-001  0.190629678660860E+001
      8.01000000  0.949653558148865E-003 -0.387366636219478E-003  0.675841024200139E-001 -0.937122918981772E-003  0.596156497374519E-003  0.144265209645090E+000  0.102633239243782E+001  0.983248486911113E+000 -0.305373514888090E+001  0.266844932149509E-001 -0.108846876707818E-001  0.189905835342820E+001
      8.02000000  0.952024304577504E-003 -0.381235627450586E-003  0.673913463077976E-001 -0.910886472100376E-003  0.597963463041165E-003  0.144160761604227E+000  0.102556325542585E+001  0.983218663127360E+000 -0.304574937069403E+001  0.267177537650920E-001 -0.106990541856234E-001  0.189128091361999E+001
      8.03000000  0.940314179780668E-003 -0.391752427189829E-003  0.671804244171817E-001 -0.880701290631026E-003  0.602779654214167E-003  0.144051276611837E+000  0.102468535419410E+001  0.983104567435557E+000 -0.303764230063487E+001  0.263562558935159E-001 -0.109805078344447E-001  0.188301367250173E+001
      8.04000000  0.914107956465513E-003 -0.418841848199894E-003  0.669584397956789E-001 -0.855559648428636E-003  0.598151205643296E-003  0.143928282237457E+000  0.102395082734729E+001  0.983255152016285E+000 -0.302917721118946E+001  0.255898485655607E-001 -0.117252009377507E-001  0.187445730281451E+001
      8.05000000  0.878485575544059E-003 -0.454828268613792E-003  0.667363061493730E-001 -0.842813364437059E-003  0.573447963691376E-003  0.143788504044874E+000  0.102356469422341E+001  0.983966644944640E+000 -0.302026388478250E+001  0.245620736937354E-001 -0.127168000963104E-001  0.186591802452011E+001
      8.06000000  0.841718884225220E-003 -0.486710747597283E-003  0.665253121065469E-001 -0.845209634556309E-003  0.524041367473586E-003  0.143635717921078E+000  0.102360237317300E+001  0.985366210455360E+000 -0.301100943096111E+001  0.235048944072565E-001 -0.135913366606730E-001  0.185771100753369E+001
      8.07000000  0.811701895716103E-003 -0.500491829472728E-003  0.663327212544052E-001 -0.860081399091588E-003  0.453421665878588E-003  0.143480266717504E+000  0.102398790366771E+001  0.987353946668961E+000 -0.300170358279070E+001  0.226385861871893E-001 -0.139588529696687E-001  0.185003760010174E+001
      8.08000000  0.792778887705679E-003 -0.485948891161291E-003  0.661580966522306E-001 -0.880946363942756E-003  0.372428143338889E-003  0.143335775748629E+000  0.102453942499126E+001  0.989625733345223E+000 -0.299272607449686E+001  0.220834534834083E-001 -0.135364726529628E-001  0.184288364968766E+001
      8.09000000  0.784374641281366E-003 -0.440069425088019E-003  0.659921624253290E-001 -0.900652967620312E-003  0.295906799842982E-003  0.143213867552961E+000  0.102505735571193E+001  0.991767481807299E+000 -0.298439904288256E+001  0.218223390191392E-001 -0.122433129282970E-001  0.183598916290697E+001
      8.10000000  0.781925876141588E-003 -0.367942187812053E-003  0.658192014218256E-001 -0.914547815263162E-003  0.238103294161638E-003  0.143118822914766E+000  0.102541251647677E+001  0.993383829926580E+000 -0.297683902881646E+001  0.217273540862845E-001 -0.102240000514155E-001  0.182891644669083E+001
      8.11000000  0.779522401677515E-003 -0.280941302244227E-003  0.656225099215400E-001 -0.922225196027795E-003  0.208516011330627E-003  0.143044508601548E+000  0.102559424981813E+001  0.994213115291079E+000 -0.296987298116361E+001  0.216338603339984E-001 -0.779688291410721E-002  0.182120258680690E+001
      8.12000000  0.772922042534629E-003 -0.193085811101537E-003  0.653909686060723E-001 -0.927173906688447E-003  0.209617890094068E-003  0.142975182261008E+000  0.102569990080727E+001  0.994189699533188E+000 -0.296306235055036E+001  0.214242653741651E-001 -0.535205548474173E-002  0.181254174081525E+001
      8.13000000  0.761538366973535E-003 -0.117046950237703E-003  0.651240868236544E-001 -0.934655371506467E-003  0.236991140512396E-003  0.142890230184418E+000  0.102587540977077E+001  0.993439033188332E+000 -0.295583588451688E+001  0.210827625907122E-001 -0.324037917306161E-002  0.180292381971052E+001
      8.14000000  0.748592864982628E-003 -0.611899433456256E-004  0.648333409442431E-001 -0.948922949483318E-003  0.281433739129497E-003  0.142771190158955E+000  0.102623812644701E+001  0.992218236435576E+000 -0.294768462752514E+001  0.206989137099490E-001 -0.169192817147297E-002  0.179266967734689E+001
      8.15000000  0.739530801085469E-003 -0.283888277150601E-004  0.645390958589707E-001 -0.971077934327684E-003  0.331942942315736E-003  0.142608365941750E+000  0.102681777560764E+001  0.990832897106529E+000 -0.293834420740410E+001  0.204232537650808E-001 -0.784000114216777E-003  0.178234406269753E+001
      8.16000000  0.739557511266317E-003 -0.165122764517609E-004  0.642642114996084E-001 -0.998428420521866E-003  0.378412595636762E-003  0.142404455539609E+000  0.102753930979711E+001  0.989562374739971E+000 -0.292789341427640E+001  0.203989620056068E-001 -0.455452476425800E-003  0.177257777621127E+001
      8.17000000  0.751419813464421E-003 -0.198718619800554E-004  0.640267671810608E-001 -0.102545360407362E-002  0.413338558993447E-003  0.142173837870532E+000  0.102825011595596E+001  0.988612978515804E+000 -0.291673244873340E+001  0.207007872200607E-001 -0.547447883519269E-003  0.176386682923988E+001
      8.18000000  0.774281507249871E-003 -0.308108500596368E-004  0.638346052594534E-001 -0.104578764582857E-002  0.432490814860693E-003  0.141937916612455E+000  0.102877507597137E+001  0.988099920567835E+000 -0.290545284220257E+001  0.213045251425689E-001 -0.847767283104723E-003  0.175642313549031E+001
      8.19000000  0.803946859710554E-003 -0.409584143579075E-004  0.636835400982869E-001 -0.105433455432108E-002  0.434990174699388E-003  0.141718412416914E+000  0.102897482448342E+001  0.988045764115126E+000 -0.289465194801783E+001  0.220937643166883E-001 -0.112560369218268E-002  0.175012702492611E+001
      8.20000000  0.834117095389895E-003 -0.421938301520482E-004  0.635595514229615E-001 -0.104877142845183E-002  0.423277435789665E-003  0.141531107053049E+000  0.102878679204868E+001  0.988381834980990E+000 -0.288476119450561E+001  0.228949366066206E-001 -0.115814083161802E-002  0.174458946905259E+001
      8.21000000  0.858084809864882E-003 -0.276936004064140E-004  0.634437913291850E-001 -0.103011242490606E-002  0.403116751019866E-003  0.141382109320649E+000  0.102824019842690E+001  0.988948684859279E+000 -0.287594472670598E+001  0.235241170883885E-001 -0.759211083881220E-003  0.173929098685950E+001
      8.22000000  0.870328985758867E-003  0.665209308389459E-005  0.633183869878751E-001 -0.100241000811478E-002  0.383314630619583E-003  0.141267545086663E+000  0.102744731408064E+001  0.989504337573298E+000 -0.286809254497255E+001  0.238307606989428E-001  0.182143121765802E-003  0.173374132407578E+001
      8.23000000  0.867716709301630E-003  0.606170992850640E-004  0.631710549750598E-001 -0.971863604266259E-003  0.374618294569474E-003  0.141176253308429E+000  0.102657857903563E+001  0.989754918378771E+000 -0.286089590148372E+001  0.237303640526036E-001  0.165775974857637E-002  0.172760546855403E+001
      8.24000000  0.850226411446746E-003  0.128486421934621E-003  0.629972831628757E-001 -0.945575898692780E-003  0.387494146864521E-003  0.141094137007873E+000  0.102582827834074E+001  0.989415649558687E+000 -0.285396735251339E+001  0.232238199364551E-001  0.350958931305314E-002  0.172076230632614E+001
      8.25000000  0.821152510830861E-003  0.199245614981781E-003  0.627998550313564E-001 -0.930091014180927E-003  0.429105271032384E-003  0.141008539435724E+000  0.102537451648938E+001  0.988293254520819E+000 -0.284696062482180E+001  0.224024827771500E-001  0.543577033398538E-002  0.171329034764075E+001
      8.26000000  0.786675727924303E-003  0.258646896868381E-003  0.625863582075271E-001 -0.929841641045867E-003  0.500469173068367E-003  0.140911331510691E+000  0.102533700163512E+001  0.986362851805501E+000 -0.283965449522889E+001  0.214359126596064E-001  0.704779885045894E-002  0.170539862944454E+001
      8.27000000  0.754654185263522E-003  0.292896553352827E-003  0.623657871922083E-001 -0.945782965425308E-003  0.595064425934246E-003  0.140800039852236E+000  0.102574021994764E+001  0.983804858232274E+000 -0.283198273485838E+001  0.205385013509462E-001  0.797140779736603E-002  0.169733346678878E+001
      8.28000000  0.732658825749497E-003  0.292840697738688E-003  0.621453983957398E-001 -0.974688035412225E-003  0.699809649357854E-003  0.140677025027523E+000  0.102649485662610E+001  0.980977137656711E+000 -0.282401083554294E+001  0.199157985312392E-001  0.796026217516050E-002  0.168929273844075E+001
      8.29000000  0.725643066332104E-003  0.257057160002933E-003  0.619287216194623E-001 -0.100961180787474E-002  0.798433644060322E-003  0.140547252845963E+000  0.102741108120069E+001  0.978322431176023E+000 -0.281587470574953E+001  0.197012959424680E-001  0.697913260433516E-002  0.168137219050523E+001
      8.30000000  0.734016721716596E-003  0.192506282109514E-003  0.617152110658290E-001 -0.104174592504215E-002  0.876189386189643E-003  0.140415524857890E+000  0.102824944978307E+001  0.976240014507738E+000 -0.280770514468402E+001  0.199046312748752E-001  0.522027148717522E-002  0.167355658798018E+001
      8.31000000  0.753017136557526E-003  0.112316523220470E-003  0.615015199745015E-001 -0.106332070195304E-002  0.924168861613200E-003  0.140284138564170E+000  0.102879980326331E+001  0.974969093193005E+000 -0.279956450033374E+001  0.203953006340640E-001  0.304206789732111E-002  0.166575490574646E+001
      8.32000000  0.773953047834159E-003  0.314829906240174E-004  0.612838736992294E-001 -0.107061315091598E-002  0.941536529941789E-003  0.140151812795112E+000  0.102896246506636E+001  0.974529344391282E+000 -0.279141800994430E+001  0.209371499796402E-001  0.851684864278620E-003  0.165786498104086E+001
      8.33000000  0.787186083986099E-003 -0.378351800343521E-004  0.610606047985405E-001 -0.106582980764298E-002  0.934838702634328E-003  0.140014313393590E+000  0.102879845147690E+001  0.974740895006416E+000 -0.278315128871663E+001  0.212695686313178E-001 -0.102229698261933E-002  0.164984207781710E+001
      8.34000000  0.785903419159413E-003 -0.895731369916098E-004  0.608337665196913E-001 -0.105688608961471E-002  0.914789744074317E-003  0.139866591256310E+000  0.102852255372004E+001  0.975312249944159E+000 -0.277462850722316E+001  0.212094498281372E-001 -0.241734150616674E-002  0.164174208611541E+001
      8.35000000  0.769227055835286E-003 -0.124408628170122E-003  0.606090077375916E-001 -0.105487417671842E-002  0.891992160139406E-003  0.139705578896771E+000  0.102843416380303E+001  0.975956325643193E+000 -0.276576790125397E+001  0.207345374359104E-001 -0.335343815402146E-002  0.163371754848619E+001
      8.36000000  0.743302292239223E-003 -0.147824473905396E-003  0.603935773374175E-001 -0.106999167869096E-002  0.873409884017622E-003  0.139532379105031E+000  0.102880715691481E+001  0.976485372661381E+000 -0.275660037327853E+001  0.200117684969937E-001 -0.397984666651962E-002  0.162596335434510E+001
      8.37000000  0.719734604090064E-003 -0.166725143546639E-003  0.601932022065594E-001 -0.110744219281525E-002  0.860925063745435E-003  0.139352694499254E+000  0.102977980731056E+001  0.976849191160045E+000 -0.274728037031439E+001  0.193541098249602E-001 -0.448334249936956E-002  0.161863253427232E+001
      8.38000000  0.711812672217556E-003 -0.186253291877779E-003  0.600092417890782E-001 -0.116494615885394E-002  0.852241508053393E-003  0.139175055386716E+000  0.103128874260635E+001  0.977110044973959E+000 -0.273803754973781E+001  0.191182427751518E-001 -0.500248982741103E-002  0.161176008527948E+001
      8.39000000  0.729894765819106E-003 -0.208138577599896E-003  0.598375690855624E-001 -0.123292011633961E-002  0.843308286660117E-003  0.139007451864241E+000  0.103307495433640E+001  0.977376974628659E+000 -0.272908598204927E+001  0.195805354539223E-001 -0.558363340700235E-002  0.160523365534965E+001
      8.40000000  0.777718843830701E-003 -0.230996077558445E-003  0.596699278526296E-001 -0.129732881778786E-002  0.830865170991036E-003  0.138853861174548E+000  0.103476138363545E+001  0.977737314887213E+000 -0.272053119561682E+001  0.208386514816022E-001 -0.618944338566836E-002  0.159883078610858E+001
      8.41000000  0.851045634364399E-003 -0.251990226912603E-003  0.594973319376734E-001 -0.134414331683535E-002  0.813898286530647E-003  0.138712376932881E+000  0.103597293365684E+001  0.978217866578608E+000 -0.271232075500468E+001  0.227762975573247E-001 -0.674394434087624E-002  0.159231054289050E+001
      8.42000000  0.939111164468177E-003 -0.268716525230549E-003  0.593139857120669E-001 -0.136371105491258E-002  0.793565580130885E-003  0.138575984593679E+000  0.103645327443348E+001  0.978787248391610E+000 -0.270426592795126E+001  0.251033214687099E-001 -0.718304453406991E-002  0.158551842130819E+001
      8.43000000  0.102825545055601E-002 -0.280276286636643E-003  0.591198209359593E-001 -0.135341854315305E-002  0.772034633164051E-003  0.138435747604676E+000  0.103613522999890E+001  0.979387271455947E+000 -0.269612756162696E+001  0.274536265159365E-001 -0.748316042519907E-002  0.157845356694899E+001
      8.44000000  0.110627371964258E-002 -0.287182099575917E-003  0.589203458005354E-001 -0.131775091205580E-002  0.751175300332951E-003  0.138284912172673E+000  0.103514124585284E+001  0.979967962331820E+000 -0.268772584555970E+001  0.295016580196057E-001 -0.765845553465588E-002  0.157126383944645E+001
      8.45000000  0.116582880081462E-002 -0.290495505755447E-003  0.587238386849937E-001 -0.126590316638304E-002  0.731928698177977E-003  0.138121898950879E+000  0.103371864024409E+001  0.980504322041707E+000 -0.267901964718356E+001  0.310530560036305E-001 -0.773764827453533E-002  0.156417018533001E+001
      8.46000000  0.120572241210685E-002 -0.291002564414815E-003  0.585373059358534E-001 -0.120803712995913E-002  0.714572380014570E-003  0.137950675337105E+000  0.103213928385382E+001  0.980989123607350E+000 -0.267011559705522E+001  0.320777018276920E-001 -0.774199218548237E-002  0.155735866460803E+001
      8.47000000  0.122973261809230E-002 -0.289063805200329E-003  0.583632940502206E-001 -0.115173853448835E-002  0.699435477538433E-003  0.137778362382079E+000  0.103060530858533E+001  0.981413803580773E+000 -0.266120362462177E+001  0.326778562383377E-001 -0.768133278004519E-002  0.155089594641116E+001
      8.48000000  0.124370459704066E-002 -0.285183000808715E-003  0.581991951796790E-001 -0.110005340194353E-002  0.687318904248498E-003  0.137611406539765E+000  0.102919740080770E+001  0.981757316967890E+000 -0.265245485842208E+001  0.330101625448497E-001 -0.756927105851639E-002  0.154471157976899E+001
      8.49000000  0.125224592539737E-002 -0.280735303727214E-003  0.580393226320066E-001 -0.105176870960080E-002  0.679128248361490E-003  0.137452415758708E+000  0.102788295716447E+001  0.981995942943165E+000 -0.264393785988166E+001  0.331977165497649E-001 -0.744244469047949E-002  0.153865382382162E+001
      8.50000000  0.125647764678211E-002 -0.278092497181924E-003  0.578785024297450E-001 -0.100364707728752E-002  0.674857308471278E-003  0.137299367290163E+000  0.102657592405371E+001  0.982130215906679E+000 -0.263559824992141E+001  0.332707136519607E-001 -0.736370906891507E-002  0.153258522813840E+001
      8.51000000  0.125380149964632E-002 -0.279737729975742E-003  0.577150945722713E-001 -0.953508947073962E-003  0.672646465430707E-003  0.137147537790661E+000  0.102521862988829E+001  0.982209687376906E+000 -0.262731047909573E+001  0.331608382595602E-001 -0.739856956738276E-002  0.152646245580835E+001
      8.52000000  0.123976003819356E-002 -0.286671284799740E-003  0.575517133529573E-001 -0.902701363219176E-003  0.668773435647882E-003  0.136992945322294E+000  0.102384683677289E+001  0.982332882603535E+000 -0.261896917324742E+001  0.327509810807491E-001 -0.757305086115744E-002  0.152035475988872E+001
      8.53000000  0.121114175817015E-002 -0.297026745668375E-003  0.573932722286191E-001 -0.856747992270954E-003  0.658976403476632E-003  0.136835227160008E+000  0.102260634440293E+001  0.982612101032291E+000 -0.261056494971460E+001  0.319574576806265E-001 -0.783741423386525E-002  0.151439173492778E+001
      8.54000000  0.116889672649137E-002 -0.305922258722200E-003  0.572435584372792E-001 -0.823752360610630E-003  0.640692549647756E-003  0.136678220981833E+000  0.102171026262011E+001  0.983114338511525E+000 -0.260219917277799E+001  0.308066551567846E-001 -0.806268108691551E-002  0.150867268660926E+001
      8.55000000  0.111944035079693E-002 -0.307029990322403E-003  0.571024210486297E-001 -0.811120999404106E-003  0.615096877607002E-003  0.136527884256904E+000  0.102135235620927E+001  0.983807881137930E+000 -0.259402853494421E+001  0.294687095301463E-001 -0.808241153306060E-002  0.150319278570961E+001
      8.56000000  0.107356062142150E-002 -0.295410288137254E-003  0.569653044107425E-001 -0.821970122329357E-003  0.587695957472048E-003  0.136388783376895E+000  0.102161267598164E+001  0.984547270077690E+000 -0.258617241987052E+001  0.282279333848289E-001 -0.776744393222069E-002  0.149783140892758E+001
      8.57000000  0.104316622786695E-002 -0.270337852123329E-003  0.568254676403537E-001 -0.852818212998093E-003  0.566817779163015E-003  0.136261264748109E+000  0.102239762248422E+001  0.985113626278681E+000 -0.257863882423592E+001  0.273967452898473E-001 -0.709990131867259E-002  0.149241110508593E+001
      8.58000000  0.103708918699942E-002 -0.236634207710231E-003  0.566776131153893E-001 -0.893706675775350E-003  0.560384735146284E-003  0.136141047329851E+000  0.102344412291519E+001  0.985299730922150E+000 -0.257131431812946E+001  0.272053986314248E-001 -0.620749693593308E-002  0.148679311057430E+001
      8.59000000  0.105764414245429E-002 -0.203596444015536E-003  0.565207669448428E-001 -0.930897062973252E-003  0.572321101474294E-003  0.136021550529138E+000  0.102439129011159E+001  0.985004088445123E+000 -0.256402574715094E+001  0.277123069128888E-001 -0.533461768136738E-002  0.148095259800016E+001
      8.60000000  0.109940019856405E-002 -0.181732790828462E-003  0.563586538565926E-001 -0.951189696125025E-003  0.600294601664576E-003  0.135897627115021E+000  0.102489401582836E+001  0.984289418423689E+000 -0.255663827543562E+001  0.287728999338960E-001 -0.475621107950013E-002  0.147498782512758E+001
      8.61000000  0.115072281003648E-002 -0.178625169229892E-003  0.561972744158200E-001 -0.946194537513135E-003  0.635991228502652E-003  0.135768489479444E+000  0.102473452419801E+001  0.983374517810609E+000 -0.254913165867920E+001  0.300811091816937E-001 -0.466945051522229E-002  0.146905608602847E+001
      8.62000000  0.119748851575333E-002 -0.195758278067078E-003  0.560410681273745E-001 -0.914898539539024E-003  0.667981850451806E-003  0.135638043474970E+000  0.102388866850922E+001  0.982558506428855E+000 -0.254160829620035E+001  0.312672990065597E-001 -0.511139149378984E-002  0.146327318444743E+001
      8.63000000  0.122749411032844E-002 -0.227790358742828E-003  0.558899334524499E-001 -0.863613706408862E-003  0.686010681849938E-003  0.135512350204603E+000  0.102252345479348E+001  0.982108516266209E+000 -0.253422632265040E+001  0.320136281975114E-001 -0.594088052269305E-002  0.145763595480849E+001
      8.64000000  0.123387800583567E-002 -0.264645431728831E-003  0.557389285590573E-001 -0.803505208829759E-003  0.684833828602027E-003  0.135395645939628E+000  0.102093154229245E+001  0.982159881368337E+000 -0.252709560318369E+001  0.321428777051557E-001 -0.689408977796536E-002  0.145201515515854E+001
      8.65000000  0.121641564948061E-002 -0.295507653051850E-003  0.555809339664280E-001 -0.746857728907137E-003  0.665919729432388E-003  0.135287249971945E+000  0.101943336678971E+001  0.982672653902232E+000 -0.252019755425663E+001  0.316513447878431E-001 -0.768916004836347E-002  0.144622547839869E+001
      8.66000000  0.118054353507670E-002 -0.312929655664128E-003  0.554108147539076E-001 -0.703601458557980E-003  0.636310517506320E-003  0.135181230661825E+000  0.101828669049952E+001  0.983462209531126E+000 -0.251337720578784E+001  0.306824751207860E-001 -0.813308115218886E-002  0.144013405231921E+001
      8.67000000  0.113489954024934E-002 -0.315248590446388E-003  0.552287027338256E-001 -0.679265927380378E-003  0.605253668160458E-003  0.135069129923572E+000  0.101763384457296E+001  0.984287524691965E+000 -0.250641471575404E+001  0.294621609770087E-001 -0.818390032783518E-002  0.143374534290307E+001
      8.68000000  0.108859885741327E-002 -0.306334134113105E-003  0.550404796992408E-001 -0.674710410484445E-003  0.580212184185876E-003  0.134944274210075E+000  0.101749540343361E+001  0.984954958332216E+000 -0.249913752874417E+001  0.282276305387576E-001 -0.794331787165582E-002  0.142721289393778E+001
      8.69000000  0.104925189997232E-002 -0.292956140053709E-003  0.548551269596768E-001 -0.687162741527917E-003  0.564077867967946E-003  0.134805262504784E+000  0.101779779100892E+001  0.985390156654114E+000 -0.249151044427757E+001  0.271760456480801E-001 -0.758768169511533E-002  0.142076982117139E+001
      8.70000000  0.102208855780057E-002 -0.281141001875078E-003  0.546803973528654E-001 -0.711700201709261E-003  0.554766289736347E-003  0.134656673195665E+000  0.101841213335787E+001  0.985647845982701E+000 -0.248365311468323E+001  0.264420760097813E-001 -0.727329514092589E-002  0.141461638721487E+001
      8.71000000  0.100990695099668E-002 -0.273278247533192E-003  0.545192217448401E-001 -0.742460780584388E-003  0.547202570108489E-003  0.134506615212877E+000  0.101918587621447E+001  0.985859777312311E+000 -0.247577587528568E+001  0.260969336787052E-001 -0.706176375424311E-002  0.140882733076109E+001
      8.72000000  0.101328502475958E-002 -0.267286008712004E-003  0.543688267846787E-001 -0.773378398805359E-003  0.536590858866450E-003  0.134362545689917E+000  0.101996189782033E+001  0.986149895170899E+000 -0.246807127285283E+001  0.261541984601174E-001 -0.689899795876790E-002  0.140332981443955E+001
      8.73000000  0.103067853587851E-002 -0.258100802569688E-003  0.542229699370213E-001 -0.798703637002745E-003  0.521322975572042E-003  0.134227744418825E+000  0.102059196037511E+001  0.986559392547782E+000 -0.246062327283863E+001  0.265726742524043E-001 -0.665428483491466E-002  0.139796189304190E+001
      8.74000000  0.105846618949659E-002 -0.240647349407354E-003  0.540759067833018E-001 -0.813685091218578E-003  0.504146462834443E-003  0.134100418247522E+000  0.102095420563475E+001  0.987017104324177E+000 -0.245338481679191E+001  0.272578647827048E-001 -0.619720589618616E-002  0.139257519014606E+001
      8.75000000  0.109132600981967E-002 -0.212794863227632E-003  0.539257318459789E-001 -0.815500213867616E-003  0.491109015997475E-003  0.133975857601352E+000  0.102097694800605E+001  0.987367301542421E+000 -0.244623404283444E+001  0.280719594873730E-001 -0.547367947423360E-002  0.138712075593012E+001
      8.76000000  0.112326977385438E-002 -0.176894903014197E-003  0.537751332727765E-001 -0.804082808906233E-003  0.488864944419708E-003  0.133850288713485E+000  0.102065964936639E+001  0.987439380338237E+000 -0.243907368965243E+001  0.288606588956519E-001 -0.454503768827847E-002  0.138166789009942E+001
      8.77000000  0.114923864162289E-002 -0.139233340312283E-003  0.536291298338695E-001 -0.782258413836418E-003  0.501657837645525E-003  0.133724087536528E+000  0.102007598789636E+001  0.987125384018185E+000 -0.243191343851361E+001  0.294942191111783E-001 -0.357330366211202E-002  0.137634538969932E+001
      8.78000000  0.116666126343287E-002 -0.107726167183034E-003  0.534911239775959E-001 -0.754796140731267E-003  0.529365050743284E-003  0.133602399085518E+000  0.101934912946775E+001  0.986429775737045E+000 -0.242488518105540E+001  0.299072539100514E-001 -0.276155036228733E-002  0.137124003073927E+001
      8.79000000  0.117616695327189E-002 -0.889627775817501E-004  0.533595914318587E-001 -0.726546511894331E-003  0.567419215410134E-003  0.133492706802586E+000  0.101860376404011E+001  0.985470808788563E+000 -0.241818008589139E+001  0.301166299916518E-001 -0.227795811470978E-002  0.136631204200099E+001
      8.80000000  0.118093370258879E-002 -0.859104350412528E-004  0.532273824044857E-001 -0.700424649994719E-003  0.608524826431885E-003  0.133400648890275E+000  0.101791451376788E+001  0.984435975545272E+000 -0.241194125764605E+001  0.302043240113590E-001 -0.219730083937350E-002  0.136137795110536E+001
      8.81000000  0.118482030381835E-002 -0.971915702405955E-004  0.530841477804118E-001 -0.676226923204947E-003  0.645305611781182E-003  0.133326383841960E+000  0.101727598525896E+001  0.983513980508466E+000 -0.240617115770506E+001  0.302693332679987E-001 -0.248301284251433E-002  0.135617338362166E+001
      8.82000000  0.119010895141355E-002 -0.118072978858805E-003  0.529206700062035E-001 -0.650945868814589E-003  0.672699161998399E-003  0.133263512405231E+000  0.101661125960294E+001  0.982833625728384E+000 -0.240070489147384E+001  0.303699734414324E-001 -0.301306298707661E-002  0.135046404002110E+001
      8.83000000  0.119596024479147E-002 -0.142553721009604E-003  0.527328486340107E-001 -0.620515401951622E-003  0.689158226798845E-003  0.133201162185367E+000  0.101581678231894E+001  0.982433529252776E+000 -0.239526429205407E+001  0.304847273645094E-001 -0.363365867611416E-002  0.134414711589519E+001
      8.84000000  0.119836898949443E-002 -0.165547468809906E-003  0.525233168010519E-001 -0.582177556240573E-003  0.696350718641137E-003  0.133128142840753E+000  0.101482277339254E+001  0.982270273401125E+000 -0.238956435600220E+001  0.305115712234307E-001 -0.421499006544146E-002  0.133729171525225E+001
      8.85000000  0.119166356773737E-002 -0.184260731160823E-003  0.522999792762893E-001 -0.536334836121393E-003  0.697738536346221E-003  0.133037030947120E+000  0.101364014575377E+001  0.982255011808273E+000 -0.238341716881709E+001  0.303065616079410E-001 -0.468614578144127E-002  0.133010069867322E+001
      8.86000000  0.117082641443655E-002 -0.198360017062726E-003  0.520723994875935E-001 -0.487025006132159E-003  0.696838221195284E-003  0.132926192305541E+000  0.101237211118111E+001  0.982297911114786E+000 -0.237678273061647E+001  0.297430201546075E-001 -0.503902706038980E-002  0.132281814653422E+001
      8.87000000  0.113355015564510E-002 -0.209122727954192E-003  0.518480126476154E-001 -0.440866952700783E-003  0.695966337010336E-003  0.132798956498131E+000  0.101118691146685E+001  0.982339992262189E+000 -0.236974717686011E+001  0.287636103290326E-001 -0.530644773666454E-002  0.131563303547169E+001
      8.88000000  0.108116441284464E-002 -0.218187536100938E-003  0.516300648936712E-001 -0.405068962440412E-003  0.695907884334935E-003  0.132660707539351E+000  0.101026696962792E+001  0.982361361213034E+000 -0.236244832711759E+001  0.274034379790274E-001 -0.553023068675316E-002  0.130862731362412E+001
      8.89000000  0.101821246335105E-002 -0.226592184988007E-003  0.514180849484473E-001 -0.385456282186015E-003  0.696436039910522E-003  0.132515680089704E+000  0.100975887247271E+001  0.982367830508967E+000 -0.235499428183144E+001  0.257788134198144E-001 -0.573679646384370E-002  0.130178844396368E+001
      8.90000000  0.951132151708887E-003 -0.234525767946342E-003  0.512102489182204E-001 -0.385295449707224E-003  0.697211660745708E-003  0.132365226607872E+000  0.100974384011171E+001  0.982368027051742E+000 -0.234741976682361E+001  0.240534364431213E-001 -0.593098513538436E-002  0.129506973912900E+001
      8.91000000  0.886819775644232E-003 -0.241794214276868E-003  0.510060171468124E-001 -0.405128025986374E-003  0.698470850653627E-003  0.132208331366224E+000  0.101023389270409E+001  0.982356007770333E+000 -0.233969952953658E+001  0.224018528703662E-001 -0.610793597741014E-002  0.128845716233177E+001
      8.92000000  0.831684449887625E-003 -0.248620019881177E-003  0.508074131286936E-001 -0.443248506175578E-003  0.701088363399338E-003  0.132043803117321E+000  0.101118429726969E+001  0.982309741467077E+000 -0.233180400183783E+001  0.209855329290981E-001 -0.627332110724737E-002  0.128200141459728E+001
      8.93000000  0.791298065405877E-003 -0.256236446894020E-003  0.506182177917984E-001 -0.496218944218095E-003  0.705968581837450E-003  0.131872645460105E+000  0.101250685621434E+001  0.982206548847520E+000 -0.232375906762804E+001  0.199441219284934E-001 -0.645826290091712E-002  0.127579726474479E+001
      8.94000000  0.770266665845268E-003 -0.266844470003447E-003  0.504416093050199E-001 -0.559021035848912E-003  0.713084731965748E-003  0.131699071611563E+000  0.101407397928004E+001  0.982047295004995E+000 -0.231567130071723E+001  0.193923240808789E-001 -0.671810772937786E-002  0.126992388243959E+001
      8.95000000  0.771808891423547E-003 -0.282812847212076E-003  0.502776731982227E-001 -0.624929562519666E-003  0.720700068668326E-003  0.131529460266497E+000  0.101571572098510E+001  0.981875843499121E+000 -0.230770125601745E+001  0.194094405496270E-001 -0.711217401824565E-002  0.126438230986763E+001
      8.96000000  0.796811092470221E-003 -0.305379305527307E-003  0.501222704255335E-001 -0.685606256716069E-003  0.725277901860311E-003  0.131369734148323E+000  0.101722237487073E+001  0.981781076545127E+000 -0.229999731771267E+001  0.200158315377773E-001 -0.767110396971093E-002  0.125906746355428E+001
      8.97000000  0.842647729469629E-003 -0.333400626034254E-003  0.499679971230049E-001 -0.731968065433871E-003  0.722331223849555E-003  0.131222516886166E+000  0.101836648152872E+001  0.981875325294980E+000 -0.229262442769769E+001  0.211436464094234E-001 -0.836566064681095E-002  0.125379280808230E+001
      8.98000000  0.902470443144209E-003 -0.362783337911716E-003  0.498068542962344E-001 -0.756013992940276E-003  0.708068647328422E-003  0.131085536237062E+000  0.101894871538889E+001  0.982252985527636E+000 -0.228552452858097E+001  0.226194961121220E-001 -0.909279230558181E-002  0.124835772259266E+001
      8.99000000  0.965697034690188E-003 -0.387054175325515E-003  0.496333831109985E-001 -0.753197120011556E-003  0.681302255227412E-003  0.130952083232005E+000  0.101885711434408E+001  0.982942852291436E+000 -0.227852874299803E+001  0.241772823090604E-001 -0.969032494621638E-002  0.124262607455695E+001
      9.00000000  0.102001025146200E-002 -0.399133476470040E-003  0.494468425059388E-001 -0.724441698261240E-003  0.644847201612831E-003  0.130813308045139E+000  0.101811703845075E+001  0.983873482746069E+000 -0.227141540500990E+001  0.255086986161176E-001 -0.998164042399022E-002  0.123658031984948E+001
      9.01000000  0.105449427543394E-002 -0.393873298222198E-003  0.492515434539091E-001 -0.676816948137052E-003  0.605682483586122E-003  0.130661293936205E+000  0.101690723969949E+001  0.984869736255930E+000 -0.226398714173008E+001  0.263418159453161E-001 -0.983916003078739E-002  0.123032919467649E+001
      9.02000000  0.106292572242259E-002 -0.370497296228458E-003  0.490553640117701E-001 -0.622273232746245E-003  0.573497028773284E-003  0.130491606283952E+000  0.101552747569252E+001  0.985689628437477E+000 -0.225613434424955E+001  0.265230005877559E-001 -0.924495456110761E-002  0.122406996187027E+001
      9.03000000  0.104599668497236E-002 -0.333925728183683E-003  0.488672511748098E-001 -0.574568295336134E-003  0.557836729120439E-003  0.130304416640087E+000  0.101432122550052E+001  0.986095812012164E+000 -0.224786269894029E+001  0.260716689728213E-001 -0.832316313406224E-002  0.121802565394843E+001
      9.04000000  0.101150838955046E-002 -0.294213913299572E-003  0.486947964497330E-001 -0.545254959338521E-003  0.564696902983869E-003  0.130104061397551E+000  0.101357555111817E+001  0.985940390744857E+000 -0.223928156165035E+001  0.251841521358312E-001 -0.732522639412576E-002  0.121238456811853E+001
      9.05000000  0.972246172550371E-003 -0.263958658379212E-003  0.485426903603466E-001 -0.540055414697877E-003  0.593804519377892E-003  0.129897572898062E+000  0.101343123726497E+001  0.985232016619560E+000 -0.223056685342811E+001  0.241798687099290E-001 -0.656468072043520E-002  0.120726202157315E+001
      9.06000000  0.942077055802104E-003 -0.254338703898374E-003  0.484122617729672E-001 -0.556922393873021E-003  0.637779299073427E-003  0.129692985657828E+000  0.101383543311151E+001  0.984155866366097E+000 -0.222191861530767E+001  0.234036990338948E-001 -0.631844968736699E-002  0.120268930986751E+001
      9.07000000  0.931493423216158E-003 -0.271126401768671E-003  0.483017703656169E-001 -0.586579110987545E-003  0.683787147578079E-003  0.129498013969757E+000  0.101455611846545E+001  0.983031637951543E+000 -0.221352805968616E+001  0.231152599268226E-001 -0.672807460976850E-002  0.119862142780566E+001
      9.08000000  0.944108825607356E-003 -0.312212639832195E-003  0.482069308031835E-001 -0.615503400881018E-003  0.717368418343722E-003  0.129319233364123E+000  0.101525706104509E+001  0.982217915067855E+000 -0.220555732903612E+001  0.234025124229739E-001 -0.773910801816943E-002  0.119495048282086E+001
      9.09000000  0.975375046688275E-003 -0.367760167185299E-003  0.481213465103481E-001 -0.630452158134669E-003  0.727198963265297E-003  0.129161508532030E+000  0.101561041784492E+001  0.981994066438679E+000 -0.219812549080770E+001  0.241509396674318E-001 -0.910598814264658E-002  0.119151678139908E+001
      9.10000000  0.101408034012192E-002 -0.423147622215473E-003  0.480369186980840E-001 -0.623012309841252E-003  0.709038777003227E-003  0.129027336820629E+000  0.101540925034583E+001  0.982463017428132E+000 -0.219129253646958E+001  0.250817160189127E-001 -0.104659049925084E-001  0.118811923034035E+001
      9.11000000  0.104621791943165E-002 -0.463753726846099E-003  0.479445721978006E-001 -0.592555203864030E-003  0.667313557892942E-003  0.128916036177115E+000  0.101463985296821E+001  0.983513143910412E+000 -0.218503964283794E+001  0.258481849679208E-001 -0.114576436595471E-001  0.118453349666369E+001
      9.12000000  0.105991066644668E-002 -0.479838622172632E-003  0.478355939147008E-001 -0.546456580493220E-003  0.613636887309292E-003  0.128823095884005E+000  0.101348612240979E+001  0.984855919989204E+000 -0.217925358082729E+001  0.261577689818276E-001 -0.118420431312657E-001  0.118054516700367E+001
      9.13000000  0.104959649191374E-002 -0.469679957589194E-003  0.477035190003313E-001 -0.497409614794709E-003  0.562779412693542E-003  0.128740238528324E+000  0.101226223609718E+001  0.986126255255579E+000 -0.217372876013576E+001  0.258748516470347E-001 -0.115786393321946E-001  0.117599619156931E+001
      9.14000000  0.101786362030372E-002 -0.439791530094915E-003  0.475460399871986E-001 -0.458778883965365E-003  0.527614241929943E-003  0.128656617993553E+000  0.101129752992476E+001  0.987007384395262E+000 -0.216819723531612E+001  0.250651133075541E-001 -0.108299622008716E-001  0.117083158866511E+001
      9.15000000  0.974182318355696E-003 -0.402218244397706E-003  0.473661494584889E-001 -0.439773261444862E-003  0.514961749174745E-003  0.128561120969792E+000  0.101081767679878E+001  0.987332813850469E+000 -0.216238565976306E+001  0.239632337546798E-001 -0.989388703663573E-002  0.116512698921563E+001
      9.16000000  0.931020737893211E-003 -0.370056859369645E-003  0.471718551611114E-001 -0.442365130311230E-003  0.523846760122779E-003  0.128445175905126E+000  0.101086955308659E+001  0.987128325045908E+000 -0.215608433520617E+001  0.228765303633299E-001 -0.909283395629281E-002  0.115908092372862E+001
      9.17000000  0.898950528720778E-003 -0.352995390270085E-003  0.469743106034421E-001 -0.461211866506550E-003  0.546656507556074E-003  0.128305111074673E+000  0.101132028634873E+001  0.986582504377419E+000 -0.214920474265563E+001  0.220644309860162E-001 -0.866415022646411E-002  0.115296826834313E+001
      9.18000000  0.882823539688077E-003 -0.354534019950777E-003  0.467848557447799E-001 -0.486567795441807E-003  0.572513090616972E-003  0.128143157873471E+000  0.101192962947729E+001  0.985963170793590E+000 -0.214180348103745E+001  0.216449954579123E-001 -0.869243615119428E-002  0.114706727286932E+001
      9.19000000  0.880658703545726E-003 -0.371743768898791E-003  0.466119436675432E-001 -0.508847470025520E-003  0.591363998868587E-003  0.127966669112006E+000  0.101246230522357E+001  0.985516762711311E+000 -0.213406233273959E+001  0.215684231678027E-001 -0.910446565204096E-002  0.114158427282625E+001
      9.20000000  0.885659065351437E-003 -0.397330813489111E-003  0.464590029079244E-001 -0.522736789404208E-003  0.597171114178532E-003  0.127785802079433E+000  0.101278855613974E+001  0.985390436499772E+000 -0.212623090029253E+001  0.216673111736213E-001 -0.972054677870937E-002  0.113660178301538E+001
      9.21000000  0.890319038127814E-003 -0.422895925625126E-003  0.463239180179733E-001 -0.528949644493692E-003  0.589134505976484E-003  0.127610487801441E+000  0.101292650072517E+001  0.985602698294623E+000 -0.211855217273760E+001  0.217576659929655E-001 -0.103347540662345E-001  0.113206647567597E+001
      9.22000000  0.890578899951509E-003 -0.441963763234391E-003  0.462001842686078E-001 -0.532848130766390E-003  0.570812915946122E-003  0.127447719528862E+000  0.101300764875162E+001  0.986065571999217E+000 -0.211119636929613E+001  0.217404112866326E-001 -0.107890204753636E-001  0.112781810524866E+001
      9.23000000  0.887951459968812E-003 -0.451671634471082E-003  0.460791991282566E-001 -0.540673895125317E-003  0.547858097388404E-003  0.127299980198319E+000  0.101318438801896E+001  0.986640424476897E+000 -0.210422298703977E+001  0.216527868198922E-001 -0.110140588249476E-001  0.112364596550193E+001
      9.24000000  0.888537295097745E-003 -0.452731909034266E-003  0.459528423835696E-001 -0.555332973618474E-003  0.525510488213570E-003  0.127165130432461E+000  0.101352719545849E+001  0.987199241847221E+000 -0.209757867186651E+001  0.216436232565698E-001 -0.110279657696162E-001  0.111935201100265E+001
      9.25000000  0.899397035742669E-003 -0.448047259526804E-003  0.458155538638946E-001 -0.573929143244512E-003  0.506890199057525E-003  0.127037549168647E+000  0.101396506047982E+001  0.987666156406607E+000 -0.209112558271457E+001  0.218844680521274E-001 -0.109020549849388E-001  0.111480134465531E+001
      9.26000000  0.924098635760277E-003 -0.440833330944076E-003  0.456654431809616E-001 -0.588400117691051E-003  0.492596459613879E-003  0.126909982846614E+000  0.101430171237985E+001  0.988026900959204E+000 -0.208468679429662E+001  0.224612342892087E-001 -0.107149392344691E-001  0.110994885017253E+001
      9.27000000  0.959723605106818E-003 -0.433139681011757E-003  0.455043564178731E-001 -0.589075329142612E-003  0.481489988223565E-003  0.126775502031021E+000  0.101430267848013E+001  0.988309480719578E+000 -0.207809401447134E+001  0.233019742544841E-001 -0.105165796087802E-001  0.110484032702116E+001
      9.28000000  0.996951737124806E-003 -0.425321689099599E-003  0.453371005796883E-001 -0.569500237400222E-003  0.472063599831051E-003  0.126629115528920E+000  0.101381249738281E+001  0.988550703214892E+000 -0.207122668607631E+001  0.241797849333361E-001 -0.103156317271395E-001  0.109959319061867E+001
      9.29000000  0.102336748242141E-002 -0.416512739699023E-003  0.451701257653379E-001 -0.530193398647571E-003  0.463667660909024E-003  0.126468799194267E+000  0.101284531851573E+001  0.988766441066572E+000 -0.206403665548593E+001  0.247937475341642E-001 -0.100911079257921E-001  0.109436415906271E+001
      9.30000000  0.102856717270650E-002 -0.405711558130846E-003  0.450099498939906E-001 -0.479456768084986E-003  0.457041902895290E-003  0.126295838485021E+000  0.101160360083258E+001  0.988938873829771E+000 -0.205655607376047E+001  0.248929281971518E-001 -0.981885184876258E-002  0.108931091775006E+001
      9.31000000  0.100875754776143E-002 -0.392891721924670E-003  0.448615924459431E-001 -0.430722039547364E-003  0.453980369133711E-003  0.126114444396774E+000  0.101041294775004E+001  0.989024769040611E+000 -0.204888768034370E+001  0.243872815246071E-001 -0.949837852765249E-002  0.108455424898604E+001
      9.32000000  0.968742633771060E-003 -0.379597447201917E-003  0.447273208957267E-001 -0.397520504412393E-003  0.456345322708579E-003  0.125930659450489E+000  0.100959997048841E+001  0.988979432301225E+000 -0.204117800438544E+001  0.233947698089620E-001 -0.916713540601455E-002  0.108014795679406E+001
      9.33000000  0.920377695429616E-003 -0.368747805134936E-003  0.446060605611107E-001 -0.388245093062789E-003  0.464904433014295E-003  0.125750711194248E+000  0.100936592352297E+001  0.988784766522736E+000 -0.203357741037530E+001  0.222029518509497E-001 -0.889557602624505E-002  0.107606498920706E+001
      9.34000000  0.878144604208153E-003 -0.363712490057951E-003  0.444937602622082E-001 -0.402942379254179E-003  0.478520502581121E-003  0.125579197544836E+000  0.100971006966478E+001  0.988468655432355E+000 -0.202619634813324E+001  0.211614506729017E-001 -0.876471127943658E-002  0.107220668273610E+001
      9.35000000  0.853733368251360E-003 -0.367021676748751E-003  0.443847582010259E-001 -0.433439557350612E-003  0.494075863433463E-003  0.125417686903896E+000  0.101043381684359E+001  0.988106537627963E+000 -0.201907186806006E+001  0.205511874643877E-001 -0.883499645540001E-002  0.106843602496071E+001
      9.36000000  0.851863417357075E-003 -0.379231434845063E-003  0.442737957751263E-001 -0.466650204545010E-003  0.507224671191811E-003  0.125264317553262E+000  0.101122126677142E+001  0.987803062565806E+000 -0.201215838012026E+001  0.204842654431015E-001 -0.911915832685455E-002  0.106462628439320E+001
      9.37000000  0.868948292057773E-003 -0.398430140182191E-003  0.441579623385395E-001 -0.489594122675771E-003  0.513735249725981E-003  0.125114684405654E+000  0.101176042130858E+001  0.987659690551781E+000 -0.200534939524882E+001  0.208727955191190E-001 -0.957059346417806E-002  0.106070767024652E+001
      9.38000000  0.894947863576957E-003 -0.420644248102558E-003  0.440377517841698E-001 -0.494067648978947E-003  0.510928362352488E-003  0.124963774311330E+000  0.101185522647275E+001  0.987740198210594E+000 -0.199852428794308E+001  0.214744066443820E-001 -0.100934210851914E-001  0.105669238176387E+001
      9.39000000  0.917456691440984E-003 -0.441053953335739E-003  0.439167047571229E-001 -0.479203664504273E-003  0.498639416531288E-003  0.124808191804161E+000  0.101148631742103E+001  0.988047815488133E+000 -0.199160172176684E+001  0.219910646736079E-001 -0.105718843219976E-001  0.105266559563565E+001
      9.40000000  0.926291762704578E-003 -0.455587460712799E-003  0.437997204227716E-001 -0.451146833716768E-003  0.479283517079626E-003  0.124647698012100E+000  0.101080230252042E+001  0.988523990067955E+000 -0.198457628818417E+001  0.221792177071736E-001 -0.109086293138399E-001  0.104874465463622E+001
      9.41000000  0.916832671976814E-003 -0.462271572660879E-003  0.436907664143055E-001 -0.420256603994068E-003  0.456945093873947E-003  0.124485338775839E+000  0.101005197034845E+001  0.989070490526888E+000 -0.197752116754184E+001  0.219293991947167E-001 -0.110569116514930E-001  0.104502412174798E+001
      9.42000000  0.891039837449534E-003 -0.461777065360624E-003  0.435910461954693E-001 -0.397134319723065E-003  0.435820799669410E-003  0.124326088348586E+000  0.100948883276326E+001  0.989586821190133E+000 -0.197055530549997E+001  0.212898447277309E-001 -0.110333585628395E-001  0.104153211339829E+001
      9.43000000  0.856072910385818E-003 -0.456909501113312E-003  0.434984858941760E-001 -0.389042450116627E-003  0.418639438124522E-003  0.124174668202450E+000  0.100928563427379E+001  0.990007947169146E+000 -0.196379110981789E+001  0.204326801745169E-001 -0.109054796521232E-001  0.103821840355966E+001
      9.44000000  0.821317526459948E-003 -0.451240181641532E-003  0.434087431209448E-001 -0.397926626166307E-003  0.405720230352093E-003  0.124033621139794E+000  0.100948761997869E+001  0.990326559948171E+000 -0.195728856671967E+001  0.195823753940796E-001 -0.107587557127676E-001  0.103497889159067E+001
      9.45000000  0.795082476586928E-003 -0.447452040658488E-003  0.433171535688350E-001 -0.420498422631047E-003  0.395073562205962E-003  0.123902577698552E+000  0.101001518181856E+001  0.990590372414616E+000 -0.195103804593403E+001  0.189368024592026E-001 -0.106571470928280E-001  0.103170225024861E+001
      9.46000000  0.782150737914995E-003 -0.446109985985502E-003  0.432205491706758E-001 -0.450035603532178E-003  0.383499405630174E-003  0.123778997821064E+000  0.101070735033028E+001  0.990875694155514E+000 -0.194497831460127E+001  0.186091098042245E-001 -0.106139511369578E-001  0.102831322189892E+001
      9.47000000  0.782875795169377E-003 -0.445381607622414E-003  0.431179867392910E-001 -0.479011570387193E-003  0.368201011546178E-003  0.123659855404739E+000  0.101138471859535E+001  0.991248927662458E+000 -0.193903684661978E+001  0.186066917254488E-001 -0.105854317177122E-001  0.102478974574301E+001
      9.48000000  0.793861392745312E-003 -0.441812235302131E-003  0.430100758389385E-001 -0.501531104954902E-003  0.348211126258862E-003  0.123543216769747E+000  0.101190736897308E+001  0.991732759304595E+000 -0.193316735824453E+001  0.188478848540173E-001 -0.104895214884724E-001  0.102114671954445E+001
      9.49000000  0.809713392452880E-003 -0.431796296259419E-003  0.428974280673185E-001 -0.514799706624518E-003  0.325028334336876E-003  0.123428752702917E+000  0.101220951334287E+001  0.992291297501088E+000 -0.192736181397765E+001  0.192039862141201E-001 -0.102409200563600E-001  0.101739902650052E+001
      9.50000000  0.825084428360652E-003 -0.413102183183797E-003  0.427792840298704E-001 -0.519327751756852E-003  0.302228460303577E-003  0.123316881744467E+000  0.101230393990257E+001  0.992839587717309E+000 -0.192162992796683E+001  0.195479428679767E-001 -0.978723824852446E-002  0.101352900552296E+001
      9.51000000  0.836287424300334E-003 -0.385825966700807E-003  0.426532843314168E-001 -0.518056497227538E-003  0.284267396192529E-003  0.123207096911786E+000  0.101226091504827E+001  0.993272204065843E+000 -0.191595946902377E+001  0.197925305833643E-001 -0.913139672304743E-002  0.100948120237107E+001
      9.52000000  0.842049255874101E-003 -0.352442363670852E-003  0.425166700122909E-001 -0.514915056158354E-003  0.275011701231846E-003  0.123096575823877E+000  0.101217376511149E+001  0.993498096795451E+000 -0.191028351605853E+001  0.199079629362395E-001 -0.833254048284442E-002  0.100519094919023E+001
      9.53000000  0.843356165878886E-003 -0.317029360216852E-003  0.423683121049711E-001 -0.513394349622127E-003  0.276584957245211E-003  0.122980075606061E+000  0.101212507572011E+001  0.993467763032238E+000 -0.190447826292984E+001  0.199179390615234E-001 -0.748743144710685E-002  0.100063234584522E+001
      9.54000000  0.842652989049063E-003 -0.284064191842498E-003  0.422104023173073E-001 -0.515580981848733E-003  0.288907488924111E-003  0.122851402119328E+000  0.101216395458561E+001  0.993183888276649E+000 -0.189839797969262E+001  0.198804708689401E-001 -0.670184520107954E-002  0.995857944540692E+000
      9.55000000  0.842802589227902E-003 -0.257286749696313E-003  0.420487401498938E-001 -0.521833291266076E-003  0.309968312198323E-003  0.122705818408623E+000  0.101229857194792E+001  0.992694663884136E+000 -0.189193188971423E+001  0.198631794003879E-001 -0.606373655216501E-002  0.991005105860894E+000
      9.56000000  0.846178820585913E-003 -0.238994043983601E-003  0.418912917188973E-001 -0.531027706601811E-003  0.336579207872454E-003  0.122542162133070E+000  0.101250217473314E+001  0.992075795639194E+000 -0.188505383827937E+001  0.199218898353622E-001 -0.562672203524573E-002  0.986261625062925E+000
      9.57000000  0.854116283829196E-003 -0.229873930724875E-003  0.417456571435981E-001 -0.541147427419213E-003  0.365245764820665E-003  0.122363541493981E+000  0.101272711404960E+001  0.991409874149865E+000 -0.187783821783010E+001  0.200877520711150E-001 -0.540634877877750E-002  0.981805904679443E+000
      9.58000000  0.866763982972623E-003 -0.229256845184612E-003  0.416167054339084E-001 -0.549955147634214E-003  0.392861859433365E-003  0.122176237721846E+000  0.101292075935216E+001  0.990770022671458E+000 -0.187043365799287E+001  0.203639312901817E-001 -0.538620747384091E-002  0.977751437102124E+000
      9.59000000  0.883261718489379E-003 -0.235563331700516E-003  0.415055414848194E-001 -0.555554947484854E-003  0.417106135744004E-003  0.121987429891798E+000  0.101303871185520E+001  0.990210641194678E+000 -0.186300924060910E+001  0.207298937616308E-001 -0.552860238145395E-002  0.974122898670166E+000
      9.60000000  0.902105756742878E-003 -0.246760758198283E-003  0.414101978609133E-001 -0.556745027835679E-003  0.436573587159821E-003  0.121802995255690E+000  0.101305303160623E+001  0.989764418994820E+000 -0.185570282142793E+001  0.211501034875960E-001 -0.578536998967282E-002  0.970872831321235E+000
      9.61000000  0.921577070602397E-003 -0.260743571323523E-003  0.413274396935423E-001 -0.553142063684786E-003  0.450737724183820E-003  0.121626537793271E+000  0.101295506431838E+001  0.989443333655329E+000 -0.184859844040353E+001  0.215841300234304E-001 -0.610683937974039E-002  0.967924290149514E+000
      9.62000000  0.940134522033523E-003 -0.275628862701432E-003  0.412544330892299E-001 -0.545102091529488E-003  0.459814123886725E-003  0.121460002169320E+000  0.101275349017298E+001  0.989241951183988E+000 -0.184174096586116E+001  0.219958730196516E-001 -0.644875528176329E-002  0.965210031608709E+000
      9.63000000  0.956700246212187E-003 -0.289969275272740E-003  0.411891553157335E-001 -0.533484526186235E-003  0.464548001397797E-003  0.121305202928759E+000  0.101246871836602E+001  0.989142481341804E+000 -0.183517203856717E+001  0.223602098002678E-001 -0.677722605006212E-002  0.962682050100935E+000
      9.64000000  0.970783634404248E-003 -0.302852873304953E-003  0.411292716317522E-001 -0.519325365235607E-003  0.465940703264316E-003  0.121164961962118E+000  0.101212519625823E+001  0.989121227557956E+000 -0.182895664598575E+001  0.226658331739560E-001 -0.707100167257751E-002  0.960285254441593E+000
      9.65000000  0.982418863497518E-003 -0.313847521903519E-003  0.410702848395743E-001 -0.503508240497353E-003  0.464974955310869E-003  0.121042717269351E+000  0.101174371612844E+001  0.989155025791416E+000 -0.182317387620463E+001  0.229137228037024E-001 -0.732011099005563E-002  0.957914345142745E+000
      9.66000000  0.991939048920995E-003 -0.322799365286088E-003  0.410044266336642E-001 -0.486532591017101E-003  0.462448211577962E-003  0.120940395737638E+000  0.101133603260699E+001  0.989225124683769E+000 -0.181786728144596E+001  0.231118194553187E-001 -0.752110793389861E-002  0.955388243115319E+000
      9.67000000  0.999666698832200E-003 -0.329593184354943E-003  0.409215609194963E-001 -0.468455977848150E-003  0.459009218299151E-003  0.120855526996307E+000  0.101090356675144E+001  0.989316311696474E+000 -0.181297788521846E+001  0.232677841576103E-001 -0.767145997996030E-002  0.952471506732828E+000
      9.68000000  0.100563610501968E-002 -0.334052128728483E-003  0.408123442784579E-001 -0.449028001317431E-003  0.455386308619137E-003  0.120779324208925E+000  0.101044057319932E+001  0.989411586637901E+000 -0.180830008745100E+001  0.233825448202167E-001 -0.776721204946162E-002  0.948948098169642E+000
      9.69000000  0.100945260594162E-002 -0.336116531771410E-003  0.406725562873703E-001 -0.427959037829431E-003  0.452643702138008E-003  0.120697285252873E+000  0.100994041923109E+001  0.989486217689471E+000 -0.180349638496386E+001  0.234470620082344E-001 -0.780714727571148E-002  0.944721865781715E+000
      9.70000000  0.101033583446279E-002 -0.336277884407835E-003  0.405066018889942E-001 -0.405216380632284E-003  0.452208169697775E-003  0.120592779262021E+000  0.100940246086292E+001  0.989507162541547E+000 -0.179818127192429E+001  0.234433838215563E-001 -0.780284262516097E-002  0.939897193585729E+000
      9.71000000  0.100731913164558E-002 -0.336028520180665E-003  0.403282409433406E-001 -0.381240963656071E-003  0.455468414046573E-003  0.120452593257039E+000  0.100883703559345E+001  0.989442397406554E+000 -0.179205005602821E+001  0.233493141318064E-001 -0.778902656413064E-002  0.934794879385406E+000
      9.72000000  0.999527013088981E-003 -0.337956849615738E-003  0.401576663487631E-001 -0.357025267855500E-003  0.462977332853773E-003  0.120272281321339E+000  0.100826720989924E+001  0.989279384027129E+000 -0.178500230730393E+001  0.231448593731091E-001 -0.782566519574285E-002  0.929883363053858E+000
      9.73000000  0.986450513181416E-003 -0.345191598078267E-003  0.400156502620288E-001 -0.334052413495810E-003  0.473584078102564E-003  0.120058988054771E+000  0.100772730490572E+001  0.989045046758692E+000 -0.177720612062864E+001  0.228185864906249E-001 -0.798497667276025E-002  0.925642558122708E+000
      9.74000000  0.968173787728464E-003 -0.360194136457975E-003  0.399168408510309E-001 -0.314128238790686E-003  0.484015494054465E-003  0.119830336478464E+000  0.100725895824069E+001  0.988815242231274E+000 -0.176907103867572E+001  0.223728153887450E-001 -0.832346116082087E-002  0.922408892475093E+000
      9.75000000  0.945535387929775E-003 -0.383296498218098E-003  0.398647620007568E-001 -0.299129580533997E-003  0.489362477832820E-003  0.119609563980001E+000  0.100690527568212E+001  0.988703280993184E+000 -0.176113452914019E+001  0.218272713423936E-001 -0.884823220579139E-002  0.920260614566321E+000
      9.76000000  0.920201241827102E-003 -0.411672493077190E-003  0.398504274949788E-001 -0.290669232509504E-003  0.484573092678362E-003  0.119418619771861E+000  0.100670309727259E+001  0.988825303084682E+000 -0.175390215048933E+001  0.212206788488418E-001 -0.949354268328028E-002  0.918987157831821E+000
      9.77000000  0.894588643430886E-003 -0.439414887839840E-003  0.398550445031474E-001 -0.289686350132813E-003  0.466541451081816E-003  0.119271717163986E+000  0.100667359341151E+001  0.989252141315232E+000 -0.174769917698781E+001  0.206089133094152E-001 -0.101229357167190E-001  0.918152899815688E+000
      9.78000000  0.871558084104603E-003 -0.459010032423700E-003  0.398557159085938E-001 -0.296033878133529E-003  0.435958160749645E-003  0.119171560073966E+000  0.100681285012888E+001  0.989966967191811E+000 -0.174258467823878E+001  0.200578212299715E-001 -0.105635428562132E-001  0.917229544727810E+000
      9.79000000  0.853837779268356E-003 -0.463880599232915E-003  0.398320320606321E-001 -0.308222860607374E-003  0.398001172218873E-003  0.119109331929055E+000  0.100708611882320E+001  0.990849855871950E+000 -0.173835262361298E+001  0.196299390243582E-001 -0.106647282406825E-001  0.915748142740286E+000
      9.80000000  0.843278021307467E-003 -0.451085862455691E-003  0.397713345909342E-001 -0.323522913661330E-003  0.361304047272978E-003  0.119068102715801E+000  0.100743028111462E+001  0.991702007722708E+000 -0.173461148377639E+001  0.193673847864009E-001 -0.103599918996342E-001  0.913419680139480E+000
      9.81000000  0.840191608545290E-003 -0.423028509930454E-003  0.396711606640176E-001 -0.338537697397524E-003  0.335335085816764E-003  0.119028191684009E+000  0.100776719670959E+001  0.992306282002892E+000 -0.173090821466534E+001  0.192768295746315E-001 -0.970570094750012E-002  0.910190241571389E+000
      9.82000000  0.843113723424249E-003 -0.387286592822260E-003  0.395385164414057E-001 -0.350167623360990E-003  0.327061040035447E-003  0.118972603250035E+000  0.100802584515078E+001  0.992503757951741E+000 -0.172685316165157E+001  0.193241743018728E-001 -0.887661227251772E-002  0.906223160795029E+000
      9.83000000  0.849216197834727E-003 -0.354404104765432E-003  0.393866731903750E-001 -0.356627045905924E-003  0.338200959128383E-003  0.118890952077426E+000  0.100816557992047E+001  0.992256316528303E+000 -0.172220960847948E+001  0.194442424173424E-001 -0.811468192002314E-002  0.901824557137496E+000
      9.84000000  0.855333878195697E-003 -0.334343991500790E-003  0.392307750385490E-001 -0.358048537825101E-003  0.364260175381788E-003  0.118781034349648E+000  0.100818979595402E+001  0.991668122627531E+000 -0.171692894052728E+001  0.195644143040770E-001 -0.764759181946451E-002  0.897342144266858E+000
      9.85000000  0.859222330752053E-003 -0.332941789401146E-003  0.390836159235859E-001 -0.356305556719418E-003  0.395874390621012E-003  0.118648012372656E+000  0.100814165396989E+001  0.990954190179767E+000 -0.171113105798026E+001  0.196334038811841E-001 -0.760778716553533E-002  0.893068521500371E+000
      9.86000000  0.860458500278943E-003 -0.349786869612492E-003  0.389526337142090E-001 -0.354023002371509E-003  0.422050690765704E-003  0.118501784771936E+000  0.100808129278364E+001  0.990365837307832E+000 -0.170504349070912E+001  0.196417097825526E-001 -0.798459446498454E-002  0.889172838007341E+000
      9.87000000  0.860477955842882E-003 -0.378427561968436E-003  0.388387061218060E-001 -0.353178351157948E-003  0.434076817621726E-003  0.118353428431115E+000  0.100805384370874E+001  0.990101355773221E+000 -0.169891971535814E+001  0.196222530301021E-001 -0.862962418047718E-002  0.885673960278663E+000
      9.88000000  0.861629914855555E-003 -0.408855645559180E-003  0.387368738482980E-001 -0.353987226245110E-003  0.428554544942140E-003  0.118211677857498E+000  0.100806411888191E+001  0.990237176537537E+000 -0.169295882109968E+001  0.196286350197207E-001 -0.931406640376318E-002  0.882457706567294E+000
      9.89000000  0.865657448895024E-003 -0.431280437057295E-003  0.386387064884798E-001 -0.354716280437326E-003  0.408354622844898E-003  0.118080337221487E+000  0.100807255672943E+001  0.990706753423955E+000 -0.168724688834646E+001  0.197004458206594E-001 -0.981498731929455E-002  0.879331362224509E+000
      9.90000000  0.872393285149440E-003 -0.439671282635797E-003  0.385356551510948E-001 -0.352640052409823E-003  0.381151361593826E-003  0.117957322672373E+000  0.100801720000898E+001  0.991334601164249E+000 -0.168173578674683E+001  0.198336842503702E-001 -0.999583736165496E-002  0.876100297490302E+000
      9.91000000  0.879454987387693E-003 -0.433666842891390E-003  0.384224306349754E-001 -0.345740260534990E-003  0.356199382525318E-003  0.117835670941687E+000  0.100785240292117E+001  0.991910051009006E+000 -0.167626675958667E+001  0.199740548043651E-001 -0.984937877545980E-002  0.872644701805071E+000
      9.92000000  0.883268581359506E-003 -0.418164931623936E-003  0.382993192109987E-001 -0.334261120910618E-003  0.340721850341421E-003  0.117706311596005E+000  0.100758403744432E+001  0.992269375319366E+000 -0.167063388091701E+001  0.200404461523222E-001 -0.948772771029662E-002  0.868971749382555E+000
      9.93000000  0.881038844848947E-003 -0.400895320067608E-003  0.381725440741017E-001 -0.321180121998940E-003  0.337383495728080E-003  0.117561785422955E+000  0.100727990456030E+001  0.992352827958858E+000 -0.166466857441579E+001  0.199697249770602E-001 -0.908673815365454E-002  0.865223152521968E+000
      9.94000000  0.872683299638310E-003 -0.389099911126767E-003  0.380523574247248E-001 -0.311123453122394E-003  0.343792869527580E-003  0.117399628937700E+000  0.100704486445285E+001  0.992215391860140E+000 -0.165831606193822E+001  0.197604375193113E-001 -0.881050947781028E-002  0.861631283267849E+000
      9.95000000  0.861608108789770E-003 -0.386745701935388E-003  0.379493767222035E-001 -0.308058283641559E-003  0.354070724566889E-003  0.117224095978716E+000  0.100696844836206E+001  0.991990724834620E+000 -0.165167373511307E+001  0.194900508548439E-001 -0.874840118345751E-002  0.858435841863513E+000
      9.96000000  0.853666397414434E-003 -0.393367005640905E-003  0.378704444536690E-001 -0.312829407105899E-003  0.361650575485305E-003  0.117045386503315E+000  0.100706926901454E+001  0.991827478014231E+000 -0.164497296388257E+001  0.192910170045213E-001 -0.888924481251699E-002  0.855790259681311E+000
      9.97000000  0.854526685918740E-003 -0.404852754257654E-003  0.378156233409156E-001 -0.321864286853055E-003  0.362025014553770E-003  0.116876484800676E+000  0.100726614246135E+001  0.991827222100223E+000 -0.163850704670233E+001  0.192910891034836E-001 -0.913962159973765E-002  0.853694298135409E+000
      9.98000000  0.866564203372672E-003 -0.415635105789102E-003  0.377776094562574E-001 -0.327951967013692E-003  0.354292067131531E-003  0.116728711979726E+000  0.100739615449394E+001  0.992009808971897E+000 -0.163253059752030E+001  0.195432361190672E-001 -0.937363322901604E-002  0.851981582834937E+000
      9.99000000  0.886800980822324E-003 -0.421184679186354E-003  0.377439205780376E-001 -0.323053006156819E-003  0.340987111464654E-003  0.116607711543724E+000  0.100727837745057E+001  0.992317567533130E+000 -0.162716929447268E+001  0.199796074914915E-001 -0.948928198497238E-002  0.850369738698236E+000
     10.00000000  0.907096587679585E-003 -0.419699392645469E-003  0.377010676475049E-001 -0.302058436562541E-003  0.326489071559252E-003  0.116511486407588E+000  0.100679856486787E+001  0.992651563859940E+000 -0.162237634283032E+001  0.204164302210647E-001 -0.944636269185944E-002  0.848554858809381E+000
     10.01000000  0.916825421382677E-003 -0.412354519443584E-003  0.376390619142251E-001 -0.265809722545725E-003  0.314889200142228E-003  0.116431284746840E+000  0.100597672206233E+001  0.992919727647076E+000 -0.161795325478336E+001  0.206147866631872E-001 -0.927177655601071E-002  0.846312954972459E+000
     10.02000000  0.907099910213853E-003 -0.402201781599786E-003  0.375544614041662E-001 -0.221861371137250E-003  0.308351255383605E-003  0.116354936123816E+000  0.100498356637195E+001  0.993073652528144E+000 -0.161362554420779E+001  0.203757534958437E-001 -0.903446716859926E-002  0.843567990278014E+000
     10.03000000  0.874778561576131E-003 -0.392415028922684E-003  0.374508067397568E-001 -0.182387725007361E-003  0.306647960210951E-003  0.116271213052080E+000  0.100409280401398E+001  0.993118780321534E+000 -0.160914097958691E+001  0.196301434650900E-001 -0.880584373459103E-002  0.840400921417420E+000
     10.04000000  0.824455963591747E-003 -0.384807575707389E-003  0.373364444822563E-001 -0.159905645792453E-003  0.307930709453254E-003  0.116173414464952E+000  0.100358472925677E+001  0.993096877738343E+000 -0.160434980658342E+001  0.184824707030066E-001 -0.862653077712300E-002  0.837000121014884E+000
     10.05000000  0.767429621678594E-003 -0.379318778650587E-003  0.372208468666980E-001 -0.162514532174153E-003  0.310193570319118E-003  0.116060806052561E+000  0.100363958960307E+001  0.993053068680274E+000 -0.159923649523031E+001  0.171869483595041E-001 -0.849502296536080E-002  0.833578421947941E+000
     10.06000000  0.717932872452584E-003 -0.374629477124152E-003  0.371110924106189E-001 -0.190647771757377E-003  0.312604147286069E-003  0.115937581251507E+000  0.100426540259176E+001  0.993006041834429E+000 -0.159389582681545E+001  0.160624627638950E-001 -0.838166388176016E-002  0.830294255696450E+000
     10.07000000  0.688124124000448E-003 -0.369494468516588E-003  0.370099349872514E-001 -0.236727533459422E-003  0.316002759767228E-003  0.115810117325811E+000  0.100529109522897E+001  0.992937024814509E+000 -0.158847101684643E+001  0.153802568557715E-001 -0.825856794488460E-002  0.827208764328918E+000
     10.08000000  0.683874323927608E-003 -0.364044860284501E-003  0.369160166525079E-001 -0.287880806803469E-003  0.322324879033059E-003  0.115683962503145E+000  0.100642803828231E+001  0.992802866280768E+000 -0.158308620111323E+001  0.152701056499946E-001 -0.812869160806554E-002  0.824291035263998E+000
     10.09000000  0.703041356646856E-003 -0.360352158158900E-003  0.368257336797103E-001 -0.330570166530406E-003  0.333245223006848E-003  0.115561916379765E+000  0.100737392584455E+001  0.992566402503003E+000 -0.157780371042585E+001  0.156825247843019E-001 -0.803826346483669E-002  0.821460182494288E+000
     10.10000000  0.736828512005313E-003 -0.361914917223078E-003  0.367355680940678E-001 -0.355210780314183E-003  0.348719475755501E-003  0.115443850877708E+000  0.100791573122395E+001  0.992228924921155E+000 -0.157262038668199E+001  0.164199308760192E-001 -0.806513025348332E-002  0.818637551299779E+000
     10.11000000  0.773500775243934E-003 -0.372238709749106E-003  0.366436628529161E-001 -0.358929695749860E-003  0.366152371772499E-003  0.115327972357542E+000  0.100799069419964E+001  0.991848510535760E+000 -0.156749600461071E+001  0.172201080917747E-001 -0.828698693391855E-002  0.815781774758748E+000
     10.12000000  0.802780554588082E-003 -0.393097048987964E-003  0.365500036543653E-001 -0.345511554744125E-003  0.380647646010969E-003  0.115212545756673E+000  0.100768437125588E+001  0.991534182317607E+000 -0.156239180071597E+001  0.178542909310862E-001 -0.874269940480039E-002  0.812892633046085E+000
     10.13000000  0.819078228853148E-003 -0.423213230055914E-003  0.364554145982357E-001 -0.322835399832179E-003  0.386335141988824E-003  0.115097013668776E+000  0.100717295292187E+001  0.991416171253243E+000 -0.155729533044797E+001  0.181987773891825E-001 -0.940320849783610E-002  0.809988535322912E+000
     10.14000000  0.822370008624444E-003 -0.457947056393210E-003  0.363602101250512E-001 -0.299153270134628E-003  0.378325747711206E-003  0.114981938417976E+000  0.100664021398673E+001  0.991602418651948E+000 -0.155221905266343E+001  0.182538965095596E-001 -0.101649112766667E-001  0.807076505378286E+000
     10.15000000  0.816671958928656E-003 -0.490190568109285E-003  0.362634487551753E-001 -0.279930597986121E-003  0.354589641678770E-003  0.114867955951934E+000  0.100620741248153E+001  0.992137036167483E+000 -0.154717700970925E+001  0.181095591108780E-001 -0.108698908683180E-001  0.804135689509468E+000
     10.16000000  0.807125839310454E-003 -0.512232933379425E-003  0.361632912826199E-001 -0.266535244156509E-003  0.317068435506951E-003  0.114754518848713E+000  0.100590455553649E+001  0.992975982623825E+000 -0.154215697345959E+001  0.178802595440058E-001 -0.113474966972142E-001  0.801125428782136E+000
     10.17000000  0.797223685004935E-003 -0.518009236441516E-003  0.360582617083426E-001 -0.257080988045468E-003  0.271590476368475E-003  0.114639306989126E+000  0.100568951547438E+001  0.993989371871715E+000 -0.153710753193367E+001  0.176435314290045E-001 -0.114641755075478E-001  0.798013262391315E+000
     10.18000000  0.787457065709660E-003 -0.505009314527357E-003  0.359486540614701E-001 -0.248698307564420E-003  0.226555586610896E-003  0.114518770968899E+000  0.100549858986612E+001  0.994990974145138E+000 -0.153195029631029E+001  0.174102650070937E-001 -0.111654925453597E-001  0.794805991479027E+000
     10.19000000  0.775854269729247E-003 -0.475221262199666E-003  0.358372270634621E-001 -0.239909180596350E-003  0.190755780457512E-003  0.114389604166224E+000  0.100529906148810E+001  0.995786628059245E+000 -0.152661254800301E+001  0.171368993503210E-001 -0.104965832594956E-001  0.791564830074941E+000
     10.20000000  0.759899914667029E-003 -0.434778478262281E-003  0.357287175181620E-001 -0.231872172617842E-003  0.170980779362074E-003  0.114250401915132E+000  0.100511652069497E+001  0.996227116491942E+000 -0.152106382239456E+001  0.167680476514282E-001 -0.959387690484456E-002  0.788394400769830E+000
     10.21000000  0.738692406185346E-003 -0.392378523701291E-003  0.356283438608074E-001 -0.227942612560633E-003  0.170141039737190E-003  0.114102654704045E+000  0.100502488416859E+001  0.996249323426635E+000 -0.151533759649185E+001  0.162841152674353E-001 -0.864979395336400E-002  0.785409533601777E+000
     10.22000000  0.714168567437753E-003 -0.356930744273247E-003  0.355399970967355E-001 -0.231886199448429E-003  0.186499507696269E-003  0.113950578778629E+000  0.100510681684642E+001  0.995892731736441E+000 -0.150952724547627E+001  0.157280945569355E-001 -0.786066588781407E-002  0.782695375261512E+000
     10.23000000  0.690777006486414E-003 -0.335149899436175E-003  0.354649444140099E-001 -0.245741258029133E-003  0.214268488187411E-003  0.113799891256596E+000  0.100540665575951E+001  0.995285789756950E+000 -0.150375880073678E+001  0.151980726012927E-001 -0.737377251431011E-002  0.780279011813826E+000
     10.24000000  0.673797819393631E-003 -0.329852471774434E-003  0.354015559010352E-001 -0.268441953022424E-003  0.245391210276960E-003  0.113656141854624E+000  0.100590033552510E+001  0.994606318203086E+000 -0.149815412188905E+001  0.148100293778322E-001 -0.725013447168202E-002  0.778123745468828E+000
     10.25000000  0.667165656085963E-003 -0.339496140472049E-003  0.353460125576446E-001 -0.295876453450198E-003  0.271926488865193E-003  0.113523350116146E+000  0.100649699921757E+001  0.994028905765256E+000 -0.149280099270998E+001  0.146499482977868E-001 -0.745482154221208E-002  0.776144952574862E+000
     10.26000000  0.671845338326498E-003 -0.359081779626470E-003  0.352934900773370E-001 -0.322319221657994E-003  0.288237443447236E-003  0.113403421634523E+000  0.100707074410907E+001  0.993676910750826E+000 -0.148774048083745E+001  0.147383281820479E-001 -0.787720746193052E-002  0.774236285906710E+000
     10.27000000  0.685479235243369E-003 -0.382050445304336E-003  0.352391906664180E-001 -0.342529301149859E-003  0.292253728713131E-003  0.113296323778418E+000  0.100750677778983E+001  0.993595047803698E+000 -0.148297101635899E+001  0.150227740553524E-001 -0.837291229619245E-002  0.772292393491873E+000
     10.28000000  0.703381244823704E-003 -0.402444401197829E-003  0.351788515379105E-001 -0.353554129132484E-003  0.285431146248963E-003  0.113200598762078E+000  0.100774085753321E+001  0.993750654690202E+000 -0.147845983256189E+001  0.154001143221597E-001 -0.881128098363364E-002  0.770220046941815E+000
     10.29000000  0.720337271974220E-003 -0.416524380966549E-003  0.351088033220966E-001 -0.355504329248366E-003  0.271547543892937E-003  0.113113714499489E+000  0.100777599181134E+001  0.994060405727930E+000 -0.147415079179889E+001  0.157560295822955E-001 -0.911069123255244E-002  0.767939360163701E+000
     10.30000000  0.732380654231727E-003 -0.423298138275280E-003  0.350259891231154E-001 -0.351107049437876E-003  0.254934683207418E-003  0.113032026458597E+000  0.100767235342002E+001  0.994429194766329E+000 -0.146996366538209E+001  0.160039031578695E-001 -0.924986531624114E-002  0.765384141014696E+000
     10.31000000  0.737843526874222E-003 -0.423915956130030E-003  0.349283661613736E-001 -0.344402678763283E-003  0.238939324897544E-003  0.112950552668146E+000  0.100751855067053E+001  0.994783787896553E+000 -0.146578933865853E+001  0.161076387780947E-001 -0.925438096955367E-002  0.762510593024880E+000
     10.32000000  0.737418049423105E-003 -0.420399318600341E-003  0.348157861175752E-001 -0.339250708841632E-003  0.225230968083567E-003  0.112863057724735E+000  0.100739890314036E+001  0.995087815371852E+000 -0.146149178311716E+001  0.160827511319449E-001 -0.916871728645360E-002  0.759316406792634E+000
     10.33000000  0.733436715526145E-003 -0.414438302941433E-003  0.346909913932498E-001 -0.338249384018594E-003  0.214104426477304E-003  0.112762889586727E+000  0.100736992330438E+001  0.995335000514946E+000 -0.145692641908549E+001  0.159804351387921E-001 -0.902996029375975E-002  0.755862266129577E+000
     10.34000000  0.728857277785578E-003 -0.406878054831512E-003  0.345600694923090E-001 -0.342344979959304E-003  0.205396332187105E-003  0.112644614904135E+000  0.100745194602548E+001  0.995529064333082E+000 -0.145197575389188E+001  0.158652979079276E-001 -0.885666062320514E-002  0.752281434137600E+000
     10.35000000  0.726415696424515E-003 -0.398067833672451E-003  0.344317893448366E-001 -0.351028000640163E-003  0.199326120111549E-003  0.112505969816247E+000  0.100763356988969E+001  0.995665388897929E+000 -0.144659167369468E+001  0.157968736896012E-001 -0.865651350785527E-002  0.748764970064027E+000
     10.36000000  0.728165987489127E-003 -0.388705597896788E-003  0.343157010069823E-001 -0.362792183217423E-003  0.196660765328093E-003  0.112349292792377E+000  0.100788178240896E+001  0.995727478616136E+000 -0.144082623759033E+001  0.158196514050948E-001 -0.844476007337265E-002  0.745520165702643E+000
     10.37000000  0.735342988514660E-003 -0.380482803964616E-003  0.342194931164962E-001 -0.375551609252346E-003  0.198053229387624E-003  0.112181660430741E+000  0.100815111736445E+001  0.995701376116160E+000 -0.143483414205082E+001  0.159601686022339E-001 -0.825814592152723E-002  0.742713112319795E+000
     10.38000000  0.748335130693402E-003 -0.375923357290297E-003  0.341465488873938E-001 -0.386902875939231E-003  0.202971700912950E-003  0.112013418255217E+000  0.100838939957940E+001  0.995598867808526E+000 -0.142884036908940E+001  0.162265075322909E-001 -0.815132544022485E-002  0.740415904582258E+000
     10.39000000  0.766601409908659E-003 -0.377295163147018E-003  0.340946741937638E-001 -0.394324428132096E-003  0.208987683387514E-003  0.111855472770641E+000  0.100854209525620E+001  0.995472781873225E+000 -0.142308118688133E+001  0.166065853388796E-001 -0.817319697532779E-002  0.738579539877833E+000
     10.40000000  0.788539993568824E-003 -0.385095027930089E-003  0.340565523841904E-001 -0.395482317779562E-003  0.212091618457412E-003  0.111716261441799E+000  0.100855894049368E+001  0.995409960294109E+000 -0.141773852046162E+001  0.170654074238702E-001 -0.833414107354346E-002  0.737044343506541E+000
     10.41000000  0.811473093944454E-003 -0.397003707572130E-003  0.340218006772006E-001 -0.388721400681647E-003  0.208165255497949E-003  0.111599475892790E+000  0.100840454093793E+001  0.995499261402588E+000 -0.141289098605881E+001  0.175448504407745E-001 -0.858361260005348E-002  0.735584961549180E+000
     10.42000000  0.831936715132907E-003 -0.408109740688069E-003  0.339798800655402E-001 -0.373639330072530E-003  0.195032457333127E-003  0.111503308257938E+000  0.100807069882989E+001  0.995787252308574E+000 -0.140849810781817E+001  0.179700318809099E-001 -0.881526793766142E-002  0.733973530654555E+000
     10.43000000  0.846334684167793E-003 -0.412602232191184E-003  0.339228251676811E-001 -0.351499897779699E-003  0.174035407858066E-003  0.111421374629847E+000  0.100758520233619E+001  0.996244397820300E+000 -0.140442081628731E+001  0.182635040980178E-001 -0.890376195072844E-002  0.732038598979896E+000
     10.44000000  0.851816184377116E-003 -0.406319083746272E-003  0.338469190187703E-001 -0.325241862882412E-003  0.150151029022731E-003  0.111344834779747E+000  0.100701184353862E+001  0.996762915101579E+000 -0.140046761936020E+001  0.183641852115456E-001 -0.875977593024765E-002  0.729700962603102E+000
     10.45000000  0.847089632626832E-003 -0.388949061956500E-003  0.337529329378052E-001 -0.298985557824877E-003  0.130304379414813E-003  0.111264852719873E+000  0.100643961933615E+001  0.997193474469572E+000 -0.139644784925871E+001  0.182448102757912E-001 -0.837727386691960E-002  0.726978390459235E+000
     10.46000000  0.832879469937115E-003 -0.364683761783729E-003  0.336451315463189E-001 -0.277148066721637E-003  0.120460764938407E-003  0.111174561367293E+000  0.100596357169036E+001  0.997407968902385E+000 -0.139221393351669E+001  0.179215986860617E-001 -0.784713306296861E-002  0.723963751151662E+000
     10.47000000  0.811864206604858E-003 -0.340768483972346E-003  0.335296459648845E-001 -0.263433423442661E-003  0.122806877547962E-003  0.111070045168922E+000  0.100566305095838E+001  0.997360009992258E+000 -0.138768231275055E+001  0.174527146677354E-001 -0.732552940521585E-002  0.720789682775273E+000
     10.48000000  0.788123838677210E-003 -0.324424496239317E-003  0.334128973676560E-001 -0.259993913999333E-003  0.134446229974812E-003  0.110950332619879E+000  0.100558377840640E+001  0.997112555658678E+000 -0.138283297457334E+001  0.169261995570701E-001 -0.696752654223123E-002  0.717594546529736E+000
     10.49000000  0.766272879130311E-003 -0.319498047454706E-003  0.333005310661845E-001 -0.266969657806496E-003  0.148414289920158E-003  0.110816763350730E+000  0.100572812771035E+001  0.996815608134313E+000 -0.137769557086201E+001  0.164412276237792E-001 -0.685518209846825E-002  0.714499529036265E+000
     10.50000000  0.750506156684227E-003 -0.324457012357191E-003  0.331969561035959E-001 -0.282476578955974E-003  0.156726096087771E-003  0.110672214310678E+000  0.100605507352923E+001  0.996640471789668E+000 -0.137233259398246E+001  0.160875991193998E-001 -0.695495206773745E-002  0.711598855016014E+000
     10.51000000  0.743752745410495E-003 -0.332818780873723E-003  0.331052760915462E-001 -0.303004317666025E-003  0.154133866250537E-003  0.110520531493738E+000  0.100648891935167E+001  0.996699181598584E+000 -0.136682705081744E+001  0.159276660468923E-001 -0.712740413881058E-002  0.708958434412624E+000
     10.52000000  0.747077462059220E-003 -0.335973656791278E-003  0.330272835789164E-001 -0.324135649401946E-003  0.140827760620307E-003  0.110366236475198E+000  0.100693485419276E+001  0.996987002238115E+000 -0.136127608663717E+001  0.159836577051574E-001 -0.718812733729097E-002  0.706615876486877E+000
     10.53000000  0.759436854897653E-003 -0.327198314548729E-003  0.329632952647889E-001 -0.341479731620445E-003  0.122718456360399E-003  0.110214328945829E+000  0.100729899112769E+001  0.997376942637481E+000 -0.135578669721399E+001  0.162326555653327E-001 -0.699373161491180E-002  0.704577101941926E+000
     10.54000000  0.777883156001094E-003 -0.305015455615243E-003  0.329118395252649E-001 -0.351673637690249E-003  0.109034927792099E-003  0.110069917950744E+000  0.100750974997992E+001  0.997671633699429E+000 -0.135046780745135E+001  0.166111627062121E-001 -0.651339641698974E-002  0.702809820597463E+000
     10.55000000  0.798264549605022E-003 -0.274285773500597E-003  0.328694261267136E-001 -0.353234057561714E-003  0.108242283982438E-003  0.109937520642881E+000  0.100753592184793E+001  0.997690751004124E+000 -0.134541530179529E+001  0.170302357063896E-001 -0.585163324105501E-002  0.701238799529139E+000
     10.56000000  0.816345782234339E-003 -0.244432922753776E-003  0.328307051242898E-001 -0.346979753869286E-003  0.124116989399675E-003  0.109820100560584E+000  0.100739548212873E+001  0.997354586350526E+000 -0.134069158795030E+001  0.173994896706591E-001 -0.520981207618033E-002  0.699749453138665E+000
     10.57000000  0.829082203736479E-003 -0.225530328967728E-003  0.327892098917840E-001 -0.335779461410896E-003  0.153796037109178E-003  0.109718147801906E+000  0.100714998970312E+001  0.996725112140298E+000 -0.133630616873712E+001  0.176542341060742E-001 -0.480237690264273E-002  0.698203851166912E+000
     10.58000000  0.835613737191312E-003 -0.223989105701890E-003  0.327386266130718E-001 -0.323565958566498E-003  0.188736590721201E-003  0.109629203136126E+000  0.100688340673283E+001  0.995984896788716E+000 -0.133220576826347E+001  0.177764967925375E-001 -0.476505045555681E-002  0.696467835647980E+000
     10.59000000  0.837529373090840E-003 -0.239794346522539E-003  0.326742598664931E-001 -0.313861443294701E-003  0.218191180129223E-003  0.109548131404611E+000  0.100667065197394E+001  0.995362675290257E+000 -0.132828043905302E+001  0.178004246306812E-001 -0.509646745449124E-002  0.694442151885843E+000
     10.60000000  0.838165198959272E-003 -0.266538811452348E-003  0.325942077828539E-001 -0.308348019936136E-003  0.233646325482619E-003  0.109468184558998E+000  0.100654728994824E+001  0.995038884184852E+000 -0.132438640132419E+001  0.177971325492671E-001 -0.565953652434102E-002  0.692087236466127E+000
     10.61000000  0.841096644470547E-003 -0.294224184137836E-003  0.324998098522398E-001 -0.306116219986580E-003  0.232232802410115E-003  0.109382573532596E+000  0.100649377494958E+001  0.995073545744075E+000 -0.132037954720988E+001  0.178425446396608E-001 -0.624150408167625E-002  0.689432435477256E+000
     10.62000000  0.848398219997719E-003 -0.313538516570763E-003  0.323951824209992E-001 -0.304024257629599E-003  0.217597526807773E-003  0.109286039206975E+000  0.100644332437416E+001  0.995388356642431E+000 -0.131614873651151E+001  0.179804893613613E-001 -0.664496439135947E-002  0.686565835654040E+000
     10.63000000  0.859449763405779E-003 -0.319660455346204E-003  0.322860096209248E-001 -0.298140250555898E-003  0.197901839133126E-003  0.109175892328310E+000  0.100631267779492E+001  0.995809721957569E+000 -0.131163766031685E+001  0.181975745548730E-001 -0.676833622637316E-002  0.683608387799079E+000
     10.64000000  0.870916891688732E-003 -0.313887189539027E-003  0.321780516235619E-001 -0.285714307624281E-003  0.181929548109450E-003  0.109052205007073E+000  0.100604389118299E+001  0.996151531924018E+000 -0.130684863424553E+001  0.184230428169995E-001 -0.663984955139887E-002  0.680682196528546E+000
     10.65000000  0.878046541013010E-003 -0.302412725916694E-003  0.320759243300245E-001 -0.266802368249765E-003  0.175139061950799E-003  0.108917194257749E+000  0.100563853587511E+001  0.996298653979647E+000 -0.130182929509583E+001  0.185564204470637E-001 -0.639111644831325E-002  0.677884725118820E+000
     10.66000000  0.876802486078446E-003 -0.292913648278526E-003  0.319825417435548E-001 -0.244733762564294E-003  0.177486988215389E-003  0.108774173498122E+000  0.100516729145324E+001  0.996252552211609E+000 -0.129665025029847E+001  0.185127460347850E-001 -0.618455817222392E-002  0.675277137378427E+000
     10.67000000  0.865919731668212E-003 -0.290612574986266E-003  0.318992678515204E-001 -0.225087570331123E-003  0.183994219365414E-003  0.108626593397545E+000  0.100474802907089E+001  0.996118799891357E+000 -0.129138473779304E+001  0.182658333952986E-001 -0.613022279449776E-002  0.672887671568998E+000
     10.68000000  0.847919351047449E-003 -0.295715762854330E-003  0.318264722268736E-001 -0.213517389507325E-003  0.187720596637594E-003  0.108477569934449E+000  0.100449974884211E+001  0.996043902844122E+000 -0.128609866781262E+001  0.178693835049353E-001 -0.623202945937109E-002  0.670723503513192E+000
     10.69000000  0.828542920130711E-003 -0.303455521384930E-003  0.317640113377063E-001 -0.213320423476844E-003  0.183668851087043E-003  0.108329965692735E+000  0.100449139247940E+001  0.996132911781125E+000 -0.128085236882647E+001  0.174447030419512E-001 -0.638915779542893E-002  0.668780978926282E+000
     10.70000000  0.814756758378328E-003 -0.306718158952621E-003  0.317112666385797E-001 -0.223808318144611E-003  0.171688903221248E-003  0.108186729907291E+000  0.100470780777126E+001  0.996388524074867E+000 -0.127570776648036E+001  0.171384076810788E-001 -0.645181619822669E-002  0.667046465275236E+000
     10.71000000  0.812117175723496E-003 -0.299985876872237E-003  0.316667092991060E-001 -0.240215231733959E-003  0.156916778689650E-003  0.108051021685946E+000  0.100504820923133E+001  0.996702337628578E+000 -0.127073096569357E+001  0.170669336570171E-001 -0.630431077148369E-002  0.665487250977557E+000
     10.72000000  0.822575852980015E-003 -0.282656401177642E-003  0.316273413336513E-001 -0.255221039323496E-003  0.147452279158706E-003  0.107925759268037E+000  0.100535855833617E+001  0.996904128116682E+000 -0.126598276750949E+001  0.172706008321236E-001 -0.593458446378958E-002  0.664039900485733E+000
     10.73000000  0.843609866594423E-003 -0.260051850784336E-003  0.315885549098416E-001 -0.261483877766031E-003  0.150315754918725E-003  0.107812610325858E+000  0.100548493481217E+001  0.996846948561360E+000 -0.126149751418474E+001  0.176957186221417E-001 -0.545489634589489E-002  0.662607446284610E+000
     10.74000000  0.868988922308874E-003 -0.241490866852496E-003  0.315448162092836E-001 -0.254179795782823E-003  0.167597346115928E-003  0.107710863430106E+000  0.100532675865963E+001  0.996487719993620E+000 -0.125725956205694E+001  0.182111023135202E-001 -0.506084113517424E-002  0.661073876433450E+000
     10.75000000  0.890821677790266E-003 -0.236191317308601E-003  0.314911577724633E-001 -0.232600090405305E-003  0.194696207757429E-003  0.107616845891469E+000  0.100486998575011E+001  0.995923613977418E+000 -0.125319132529252E+001  0.186512776894038E-001 -0.494517584919612E-002  0.659335468611399E+000
     10.76000000  0.902058453851418E-003 -0.248842294459888E-003  0.314249677105885E-001 -0.200299051753116E-003  0.221626633791241E-003  0.107524416030136E+000  0.100418979618958E+001  0.995364079771521E+000 -0.124916386086969E+001  0.188689913389156E-001 -0.520520935076000E-002  0.657338159212537E+000
     10.77000000  0.898549247487473E-003 -0.276916915405928E-003  0.313472747056015E-001 -0.163881505579093E-003  0.236955403177057E-003  0.107426589880868E+000  0.100342484181553E+001  0.995048039311391E+000 -0.124503110234578E+001  0.187781350021056E-001 -0.578708761528585E-002  0.655104167095842E+000
     10.78000000  0.880044086039432E-003 -0.311060487932019E-003  0.312628335806278E-001 -0.130993262738345E-003  0.232686791672353E-003  0.107317787262999E+000  0.100273499460630E+001  0.995141756859257E+000 -0.124067683473967E+001  0.183743482551104E-001 -0.649459933239231E-002  0.652733426386867E+000
     10.79000000  0.849992437493142E-003 -0.338509079453387E-003  0.311788016802256E-001 -0.108248824171906E-003  0.207921618757862E-003  0.107195804075805E+000  0.100225802121745E+001  0.995662849640042E+000 -0.123605569738640E+001  0.177304554873047E-001 -0.706114537089063E-002  0.650375616245645E+000
     10.80000000  0.814414654564118E-003 -0.348110472639119E-003  0.311024354163123E-001 -0.996913904811354E-004  0.169627912166665E-003  0.107062655259799E+000  0.100207759156567E+001  0.996464915195592E+000 -0.123121042341574E+001  0.169725891986943E-001 -0.725470252132099E-002  0.648181926051562E+000
     10.81000000  0.780321778759333E-003 -0.334782157477337E-003  0.310387067067377E-001 -0.106068074602942E-003  0.130143428045248E-003  0.106923893070868E+000  0.100220843828292E+001  0.997290289940288E+000 -0.122625723810642E+001  0.162470422477382E-001 -0.697048320882611E-002  0.646255420400174E+000
     10.82000000  0.754132554629212E-003 -0.301495726347543E-003  0.309887946822599E-001 -0.124902629595523E-003  0.102485869306939E-003  0.106786670807495E+000  0.100259818814281E+001  0.997868118779399E+000 -0.122134524149085E+001  0.156872458801418E-001 -0.627162633676688E-002  0.644619886418851E+000
     10.83000000  0.740379696885074E-003 -0.257997821544533E-003  0.309500148872982E-001 -0.151182323553688E-003  0.954951113722113E-004  0.106657363326242E+000  0.100314194685416E+001  0.998015372712163E+000 -0.121660680493847E+001  0.153869421029458E-001 -0.536184009298688E-002  0.643218728389968E+000
     10.84000000  0.740846368485738E-003 -0.216928063141423E-003  0.309171044651066E-001 -0.178453092156864E-003  0.110841011477526E-003  0.106539706787679E+000  0.100370528032994E+001  0.997698571570745E+000 -0.121211902324953E+001  0.153824371630631E-001 -0.450414882507744E-002  0.641942023243534E+000
     10.85000000  0.754206713328433E-003 -0.189091642936106E-003  0.308842106472021E-001 -0.200155142604210E-003  0.143023592449335E-003  0.106434120433162E+000  0.100415205684069E+001  0.997033091042863E+000 -0.120788990019257E+001  0.156454093690847E-001 -0.392255347204777E-002  0.640668015913173E+000
     10.86000000  0.776243259362114E-003 -0.179894843579407E-003  0.308467048768668E-001 -0.211033697186281E-003  0.182127653585166E-003  0.106338294544782E+000  0.100437369261973E+001  0.996225387770033E+000 -0.120387085212667E+001  0.160877123409905E-001 -0.372833703897312E-002  0.639300771686267E+000
     10.87000000  0.800695759132383E-003 -0.188285727546684E-003  0.308021474105572E-001 -0.208392833906603E-003  0.217927925713100E-003  0.106248574858214E+000  0.100431498720271E+001  0.995487578949161E+000 -0.119998563398004E+001  0.165792263061475E-001 -0.389864895824683E-002  0.637790030495854E+000
     10.88000000  0.820686299510209E-003 -0.208330350160199E-003  0.307502143186885E-001 -0.192877894029418E-003  0.243500217436809E-003  0.106161412069307E+000  0.100399006375984E+001  0.994962712559691E+000 -0.119616045230409E+001  0.169775322275805E-001 -0.430972862095878E-002  0.636129486884465E+000
     10.89000000  0.830465077549821E-003 -0.232403816190597E-003  0.306918956071945E-001 -0.168474594256297E-003  0.256923596113485E-003  0.106074267678799E+000  0.100348203245608E+001  0.994689903813996E+000 -0.119234267601324E+001  0.171640499651077E-001 -0.480332144121714E-002  0.634340014970890E+000
     10.90000000  0.827019208376681E-003 -0.254414646552524E-003  0.306285313718087E-001 -0.141573014894310E-003  0.260675067928928E-003  0.105985757342758E+000  0.100292334625513E+001  0.994617311185993E+000 -0.118850369935827E+001  0.170771492543038E-001 -0.525341714878230E-002  0.632449641288468E+000
     10.91000000  0.811011980979399E-003 -0.271706552542702E-003  0.305611815340563E-001 -0.119243750532522E-003  0.259382065282888E-003  0.105895229042574E+000  0.100246001158422E+001  0.994648919691930E+000 -0.118463012942024E+001  0.167312656574554E-001 -0.560533582496949E-002  0.630480509590653E+000
     10.92000000  0.786659751409148E-003 -0.285088923666877E-003  0.304905211470882E-001 -0.107196333599226E-003  0.257204438043398E-003  0.105802196509543E+000  0.100220944690083E+001  0.994698703496351E+000 -0.118071203864585E+001  0.162140148958189E-001 -0.587602968969433E-002  0.628446749912646E+000
     10.93000000  0.760492133799089E-003 -0.297372840326104E-003  0.304171245508825E-001 -0.108079059786531E-003  0.256045258986173E-003  0.105705999511451E+000  0.100222560286402E+001  0.994727423953864E+000 -0.117673595349403E+001  0.156603274898370E-001 -0.612360846235930E-002  0.626360366656761E+000
     10.94000000  0.739352874060011E-003 -0.311374494121950E-003  0.303418319546506E-001 -0.120720338099179E-003  0.255180333619624E-003  0.105605827768968E+000  0.100248364429414E+001  0.994750038066896E+000 -0.117268536268723E+001  0.152111034141523E-001 -0.640607455085636E-002  0.624238790203932E+000
     10.95000000  0.728305284814556E-003 -0.328371550211243E-003  0.302659394242618E-001 -0.140600642636932E-003  0.252136634597130E-003  0.105501000349413E+000  0.100289001077540E+001  0.994817395019018E+000 -0.116854647395094E+001  0.149701315827687E-001 -0.674959445880130E-002  0.622108757281187E+000
     10.96000000  0.729163954721618E-003 -0.347558007832801E-003  0.301911350832132E-001 -0.161397632638691E-003  0.244138090149551E-003  0.105391283923732E+000  0.100331446075885E+001  0.994986381731175E+000 -0.116431473733254E+001  0.149741063433454E-001 -0.713744904156239E-002  0.620004958329214E+000
     10.97000000  0.740147598575306E-003 -0.366456452802623E-003  0.301192710494707E-001 -0.177050134501987E-003  0.229372180836727E-003  0.105277092187647E+000  0.100363258603440E+001  0.995293908230399E+000 -0.115999889465433E+001  0.151858107170565E-001 -0.751868727131781E-002  0.617965322016035E+000
     10.98000000  0.756726859527153E-003 -0.381843870303240E-003  0.300521032978611E-001 -0.183606429528147E-003  0.207638533319940E-003  0.105159548160322E+000  0.100376367245530E+001  0.995743703363091E+000 -0.115562219602086E+001  0.155118317191226E-001 -0.782725997438947E-002  0.616025668037470E+000
     10.99000000  0.773300375456685E-003 -0.390688858583670E-003  0.299910508861605E-001 -0.180230902219853E-003  0.180362320451899E-003  0.105040482055218E+000  0.100369111724026E+001  0.996306191322830E+000 -0.115122229020741E+001  0.158371417586762E-001 -0.800128259768520E-002  0.614214785677938E+000
     11.00000000  0.785051435322069E-003 -0.390814691499399E-003  0.299369198642566E-001 -0.169088234582440E-003  0.150227656610636E-003  0.104922406748287E+000  0.100345976802094E+001  0.996926144249563E+000 -0.114685065725852E+001  0.160631865216954E-001 -0.799658341163117E-002  0.612548816584636E+000
     11.01000000  0.789321306206642E-003 -0.381278774527658E-003  0.298895208824447E-001 -0.154257058090407E-003  0.120697709472842E-003  0.104808395553110E+000  0.100315343585281E+001  0.997532608950827E+000 -0.114257004706540E+001  0.161358847186236E-001 -0.779438018847260E-002  0.611023495073066E+000
     11.02000000  0.786074783972562E-003 -0.362593131030378E-003  0.298472244997745E-001 -0.140168315417509E-003  0.955198879684991E-004  0.104701699082296E+000  0.100286282324520E+001  0.998049084382300E+000 -0.113844660293962E+001  0.160549347926184E-001 -0.740566825655519E-002  0.609605158255845E+000
     11.03000000  0.777416623306845E-003 -0.336844050466828E-003  0.298066740792592E-001 -0.130187754724616E-003  0.781541940801377E-004  0.104604989331973E+000  0.100265656777428E+001  0.998405211658678E+000 -0.113453442127149E+001  0.158637035643758E-001 -0.687352701734072E-002  0.608225020738589E+000
     11.04000000  0.766481955770729E-003 -0.307606358247736E-003  0.297629725346690E-001 -0.125833891986235E-003  0.710609221807728E-004  0.104519326307775E+000  0.100256539847040E+001  0.998551268039239E+000 -0.113085453850611E+001  0.156264072093967E-001 -0.627122684100927E-002  0.606783140930124E+000
     11.05000000  0.756225697186703E-003 -0.279464784187746E-003  0.297105613296515E-001 -0.126812457254574E-003  0.749477688837467E-004  0.104443201688649E+000  0.100258300897667E+001  0.998473408969437E+000 -0.112737560138020E+001  0.154033586803244E-001 -0.569234333794467E-002  0.605166466118396E+000
     11.06000000  0.748605565761797E-003 -0.257064120927346E-003  0.296447161170744E-001 -0.131694389548716E-003  0.882712509940065E-004  0.104372155696334E+000  0.100268002238838E+001  0.998203652184994E+000 -0.112400630693819E+001  0.152343595135971E-001 -0.523133598702112E-002  0.603279328475819E+000
     11.07000000  0.744418560688093E-003 -0.243874658187149E-003  0.295632242416412E-001 -0.138815527768998E-003  0.107336339611377E-003  0.104299357223648E+000  0.100282238791070E+001  0.997817644811305E+000 -0.112060746843676E+001  0.151354677675827E-001 -0.495844303628052E-002  0.601077473406336E+000
     11.08000000  0.743722093509120E-003 -0.241113135717127E-003  0.294675846481916E-001 -0.146931667066529E-003  0.127152053825783E-003  0.104217182647559E+000  0.100298470849168E+001  0.997417086307088E+000 -0.111702430277603E+001  0.151076598548517E-001 -0.489787149358952E-002  0.598592201972105E+000
     11.09000000  0.746495452485195E-003 -0.247315211015961E-003  0.293631354840014E-001 -0.155333843400389E-003  0.142848927814021E-003  0.104119372487001E+000  0.100315254153691E+001  0.997100843135153E+000 -0.111313027075882E+001  0.151503231334516E-001 -0.501932778054516E-002  0.595932619968320E+000
     11.10000000  0.753098116121892E-003 -0.258833263616883E-003  0.292578831932794E-001 -0.163433894224061E-003  0.151141313753851E-003  0.104003012460973E+000  0.100331394598700E+001  0.996935310435071E+000 -0.110886711974368E+001  0.152705562795725E-001 -0.524835719871499E-002  0.593261545022663E+000
     11.11000000  0.764205276228119E-003 -0.271122456186696E-003  0.291603319643574E-001 -0.170127240863240E-003  0.151225134146284E-003  0.103869560995954E+000  0.100344656183974E+001  0.996936370836829E+000 -0.110426539231982E+001  0.154818283621867E-001 -0.549259663913122E-002  0.590751292224533E+000
     11.12000000  0.780193953475526E-003 -0.280292873302670E-003  0.290770536675493E-001 -0.173385052300148E-003  0.144721472647252E-003  0.103724469978361E+000  0.100350940218422E+001  0.997070763335860E+000 -0.109943635088379E+001  0.157915248639782E-001 -0.567327118883377E-002  0.588534445719385E+000
     11.13000000  0.800278794974842E-003 -0.284262689938529E-003  0.290108835315814E-001 -0.170441863224564E-003  0.134712491245928E-003  0.103575489406993E+000  0.100344673095303E+001  0.997275800061369E+000 -0.109453733114541E+001  0.161834988277226E-001 -0.574845283702673E-002  0.586667549574775E+000
     11.14000000  0.821893054405976E-003 -0.283037086597874E-003  0.289603992563333E-001 -0.158653916166981E-003  0.124344194759822E-003  0.103430269877655E+000  0.100320547121458E+001  0.997487728342092E+000 -0.108972309551950E+001  0.166056696929328E-001 -0.571853034369690E-002  0.585120924976915E+000
     11.15000000  0.840765512751122E-003 -0.278068808806674E-003  0.289208381778008E-001 -0.136737799004040E-003  0.115662988414160E-003  0.103294147682967E+000  0.100276019645099E+001  0.997665220791495E+000 -0.108510113457279E+001  0.169717371590850E-001 -0.561311169836686E-002  0.583797570820868E+000
     11.16000000  0.851856554452092E-003 -0.271104926927640E-003  0.288860494830661E-001 -0.105837784116958E-003  0.109206891920699E-003  0.103168902223903E+000  0.100213453273518E+001  0.997797519216252E+000 -0.108070681833454E+001  0.171802132511280E-001 -0.546763470176513E-002  0.582572837537076E+000
     11.17000000  0.850906997312006E-003 -0.263157269346547E-003  0.288507034810175E-001 -0.698578717544328E-004  0.104465875288088E-003  0.103052867242854E+000  0.100140762980172E+001  0.997895022055140E+000 -0.107650596046426E+001  0.171456990862295E-001 -0.530259519174607E-002  0.581339067458835E+000
     11.18000000  0.836015925869102E-003 -0.254134815285244E-003  0.288119324800327E-001 -0.347631630026545E-004  0.100873460143434E-003  0.102942241346753E+000  0.100069984804985E+001  0.997969226955624E+000 -0.107242151262938E+001  0.168305776812829E-001 -0.511621324166793E-002  0.580038552793064E+000
     11.19000000  0.808574456392292E-003 -0.243304231373116E-003  0.287698539386429E-001 -0.699770095772135E-005  0.987266291414525E-004  0.102833004727505E+000  0.100014075102565E+001  0.998014222900591E+000 -0.106837230873876E+001  0.162635821017490E-001 -0.489379587910183E-002  0.578673835028294E+000
     11.20000000  0.773106257427133E-003 -0.230297021059818E-003  0.287268897836948E-001  0.842176431370721E-005  0.994826893712252E-004  0.102722672549610E+000  0.999830756757935E+000  0.998000802177383E+000 -0.106430831929223E+001  0.155362943670780E-001 -0.462803434414542E-002  0.577293757025573E+000
     11.21000000  0.736014901506197E-003 -0.216086131599188E-003  0.286862496705262E-001  0.939824860934151E-005  0.105214338152973E-003  0.102611243521461E+000  0.999811301871869E+000  0.997887505482428E+000 -0.106022955792570E+001  0.147777144406178E-001 -0.433857947823585E-002  0.575962803383178E+000
     11.22000000  0.703706576196467E-003 -0.203353120570300E-003  0.286502214889063E-001 -0.275070838889464E-005  0.117444179464202E-003  0.102501054216351E+000  0.100005517952664E+001  0.997644056252877E+000 -0.105618293606530E+001  0.141164348506894E-001 -0.407928698596329E-002  0.574726738084445E+000
     11.23000000  0.680819618442417E-003 -0.195950752491744E-003  0.286189295666328E-001 -0.239574500263075E-004  0.135910415116689E-003  0.102395672482210E+000  0.100048016125163E+001  0.997276049205547E+000 -0.105223987556045E+001  0.136451583857133E-001 -0.392729436861213E-002  0.573587799452209E+000
     11.24000000  0.669221656715903E-003 -0.197591859900245E-003  0.285900034566866E-001 -0.488976354342615E-004  0.157883769328500E-003  0.102298299903087E+000  0.100097914683068E+001  0.996838468957012E+000 -0.104846420986828E+001  0.134007760984297E-001 -0.395666255989014E-002  0.572498261422870E+000
     11.25000000  0.668068157193746E-003 -0.210263659418522E-003  0.285592481031730E-001 -0.726578661801870E-004  0.178439714734643E-003  0.102210299029522E+000  0.100145363841810E+001  0.996430024190217E+000 -0.104488275263534E+001  0.133657866692649E-001 -0.420666542152210E-002  0.571374063366586E+000
     11.26000000  0.674738276310477E-003 -0.233017307421441E-003  0.285220489003518E-001 -0.919155391172201E-004  0.191695914971797E-003  0.102130387788562E+000  0.100183728624566E+001  0.996168218439343E+000 -0.104146935926391E+001  0.134872445550887E-001 -0.465774882069258E-002  0.570123056949913E+000
     11.27000000  0.686111861802370E-003 -0.261661152306181E-003  0.284749967520263E-001 -0.105266581297397E-003  0.192627047599102E-003  0.102054793421970E+000  0.100210229122814E+001  0.996153022664190E+000 -0.103814823618228E+001  0.137024203770050E-001 -0.522566552895943E-002  0.568677496268829E+000
     11.28000000  0.699588638926755E-003 -0.289555675165877E-003  0.284171490929144E-001 -0.112772228658944E-003  0.178829034775780E-003  0.101978320519630E+000  0.100225019077093E+001  0.996431750543447E+000 -0.103481547183076E+001  0.139591805312303E-001 -0.577762376142010E-002  0.567019091361219E+000
     11.29000000  0.713483222141191E-003 -0.309308261864366E-003  0.283504681623642E-001 -0.115140954840419E-003  0.151606045613252E-003  0.101895969670930E+000  0.100229541999418E+001  0.996977621482981E+000 -0.103137143019896E+001  0.142238151132429E-001 -0.616628869919893E-002  0.565187526491756E+000
     11.30000000  0.726809787827505E-003 -0.314848742893731E-003  0.282792579524532E-001 -0.113050147745110E-003  0.115980486370527E-003  0.101804544447953E+000  0.100225174375157E+001  0.997689889480924E+000 -0.102775273995359E+001  0.144766674875283E-001 -0.627118764231693E-002  0.563268988706667E+000
     11.31000000  0.738783882415072E-003 -0.303238004145552E-003  0.282087703530410E-001 -0.106926812247177E-003  0.795827625580858E-004  0.101703672393794E+000  0.100212789547092E+001  0.998416264391958E+000 -0.102395245228035E+001  0.147021578997615E-001 -0.603458348818127E-002  0.561368223861052E+000
     11.32000000  0.748456284181526E-003 -0.275650872403637E-003  0.281434556158917E-001 -0.971788963846287E-004  0.507340152373120E-004  0.101595854790093E+000  0.100193219881457E+001  0.998991260368798E+000 -0.102002078119099E+001  0.148814855781607E-001 -0.548074025027125E-002  0.559573668788812E+000
     11.33000000  0.754734419762545E-003 -0.237234731118904E-003  0.280854818979724E-001 -0.845960231340610E-004  0.362765477694864E-004  0.101485498680653E+000  0.100168053016737E+001  0.999279353441969E+000 -0.101604562206424E+001  0.149930683946430E-001 -0.471275253402321E-002  0.557928113475055E+000
     11.34000000  0.756759931994807E-003 -0.195882107424260E-003  0.280340749909983E-001 -0.705678217660648E-004  0.397684697028107E-004  0.101377261149254E+000  0.100140061874094E+001  0.999210681829618E+000 -0.101211952299530E+001  0.150200490339303E-001 -0.388783646436790E-002  0.556415797379403E+000
     11.35000000  0.754376747495883E-003 -0.160262320589154E-003  0.279859405877270E-001 -0.569172665349100E-004  0.605387271717977E-004  0.101274309360980E+000  0.100112868940617E+001  0.998799495756182E+000 -0.100830516030712E+001  0.149595561240668E-001 -0.317805816176713E-002  0.554971041056890E+000
     11.36000000  0.748374049005287E-003 -0.137649734147460E-003  0.279366231988219E-001 -0.454040051131413E-004  0.938470031042021E-004  0.101177152861499E+000  0.100089958479865E+001  0.998140619155041E+000 -0.100461233449617E+001  0.148274566641192E-001 -0.272723976815046E-002  0.553505389948970E+000
     11.37000000  0.740333084102579E-003 -0.132122594522431E-003  0.278822850921190E-001 -0.371547668887006E-004  0.132090828225527E-003  0.101083497430921E+000  0.100073549606185E+001  0.997385200013311E+000 -0.100099530972440E+001  0.146552411281123E-001 -0.261542881545700E-002  0.551942929476264E+000
     11.38000000  0.732139320222032E-003 -0.143592355380955E-003  0.278212133692653E-001 -0.323105662048742E-004  0.166732916938185E-003  0.100989170276454E+000  0.100063904079288E+001  0.996702343909327E+000 -0.997371356357155E+000  0.144803061860114E-001 -0.283998033496714E-002  0.550250037016372E+000
     11.39000000  0.725394183776381E-003 -0.167901063617562E-003  0.277544706276277E-001 -0.300435563529738E-004  0.190448375284026E-003  0.100889733643143E+000  0.100059368201368E+001  0.996236604827609E+000 -0.993652799453505E+000  0.143343043238510E-001 -0.331784427835215E-002  0.548448053791456E+000
     11.40000000  0.720978835316241E-003 -0.197954695578148E-003  0.276854618532876E-001 -0.288931059450051E-004  0.198945788394937E-003  0.100782125284843E+000  0.100057044746460E+001  0.996072138426391E+000 -0.989779428892014E+000  0.142345564863230E-001 -0.390829405512861E-002  0.546604492804153E+000
     11.41000000  0.718898636305541E-003 -0.225605147957339E-003  0.276186478256996E-001 -0.272324816471061E-004  0.191999357810340E-003  0.100665669468963E+000  0.100053718991489E+001  0.996212606694544E+000 -0.985738322169689E+000  0.141810468196169E-001 -0.445030356765051E-002  0.544807457033896E+000
     11.42000000  0.718372151745676E-003 -0.243805033977601E-003  0.275579885946218E-001 -0.236774110987708E-004  0.173419346426358E-003  0.100542096322571E+000  0.100046665334824E+001  0.996582112870274E+000 -0.981564018651985E+000  0.141582527117178E-001 -0.480510453398793E-002  0.543134872087057E+000
     11.43000000  0.718037079052897E-003 -0.248476622996301E-003  0.275057847277399E-001 -0.173577787450031E-004  0.149947759701842E-003  0.100414658802176E+000  0.100034180168026E+001  0.997047295223036E+000 -0.977320923713528E+000  0.141392676861107E-001 -0.489289145195617E-002  0.541631713079538E+000
     11.44000000  0.716175880957908E-003 -0.239584283031148E-003  0.274623579533839E-001 -0.809273263271794E-005  0.129345387695982E-003  0.100286833312781E+000  0.100015921920220E+001  0.997455214403797E+000 -0.973077613737803E+000  0.140902903356199E-001 -0.471366349735900E-002  0.540303865506247E+000
     11.45000000  0.710968709226123E-003 -0.221084360752326E-003  0.274265863731126E-001  0.345977544380298E-005  0.118172457403538E-003  0.100161240941148E+000  0.999931990638001E+000  0.997677065010587E+000 -0.968885612412027E+000  0.139756261934990E-001 -0.434589081489446E-002  0.539128816697929E+000
     11.46000000  0.700855630436283E-003 -0.199722596752915E-003  0.273968947118533E-001  0.156872355025750E-004  0.119888575093005E-003  0.100039258981420E+000  0.999691902570991E+000  0.997645387439512E+000 -0.964771835488193E+000  0.137648101100017E-001 -0.392255337560601E-002  0.538075228242966E+000
     11.47000000  0.685051753233519E-003 -0.182991194583773E-003  0.273721067686591E-001  0.260669516490970E-004  0.133849760458566E-003  0.999213950356344E-001  0.999488491206751E+000  0.997373481549725E+000 -0.960746038985274E+000  0.134426917395771E-001 -0.359081515846891E-002  0.537119702003664E+000
     11.48000000  0.664112988345571E-003 -0.176843222052438E-003  0.273516933980239E-001  0.315401073786204E-004  0.155542586307382E-003  0.998080769901400E-001  0.999381631219927E+000  0.996950464429635E+000 -0.956816382039976E+000  0.130204610118730E-001 -0.346715140097459E-002  0.536251607403229E+000
     11.49000000  0.640294761459612E-003 -0.183880123014283E-003  0.273353261197179E-001  0.292810680853319E-004  0.178015405694708E-003  0.997002945684781E-001  0.999426421107266E+000  0.996512904550120E+000 -0.953002001060912E+000  0.125425602382804E-001 -0.360197780514645E-002  0.535464281650584E+000
     11.50000000  0.617409360744342E-003 -0.202606495112545E-003  0.273220694944738E-001  0.177058084965840E-004  0.194061630822452E-003  0.995996308087677E-001  0.999653467319618E+000  0.996201884985869E+000 -0.949333578067119E+000  0.120837475855980E-001 -0.396535249026856E-002  0.534739205912525E+000
     11.51000000  0.600038845123984E-003 -0.227997499174615E-003  0.273097809107862E-001 -0.265088114839811E-005  0.198433697841569E-003  0.995075920214119E-001  0.100005183716104E+001  0.996119690406707E+000 -0.945840188063529E+000  0.117335740471967E-001 -0.445842058540101E-002  0.534034319833438E+000
     11.52000000  0.592252023243183E-003 -0.253161695620605E-003  0.272951975465915E-001 -0.288195949282596E-004  0.189344890203776E-003  0.994245814104795E-001  0.100056306906613E+001  0.996300633275049E+000 -0.942529252921724E+000  0.115712519372065E-001 -0.494620135670449E-002  0.533285822744663E+000
     11.53000000  0.596257330629159E-003 -0.271486664206164E-003  0.272748154906496E-001 -0.559042902033033E-004  0.168781443229684E-003  0.993491203276468E-001  0.100109129485068E+001  0.996705256086472E+000 -0.939371433555514E+000  0.116394028478223E-001 -0.529962901952536E-002  0.532425429068881E+000
     11.54000000  0.611532004782904E-003 -0.278498234998785E-003  0.272462041340552E-001 -0.783375779790001E-004  0.141604877387411E-003  0.992778478715737E-001  0.100152788478703E+001  0.997238158958808E+000 -0.936300781383472E+000  0.119272317449297E-001 -0.543178928233466E-002  0.531406023454005E+000
     11.55000000  0.634818594755015E-003 -0.272823078132551E-003  0.272091049400726E-001 -0.914615721765334E-004  0.113882585061746E-003  0.992064485967676E-001  0.100178230880938E+001  0.997780773610598E+000 -0.933232975045344E+000  0.123706901911246E-001 -0.531649482931299E-002  0.530222980820739E+000
     11.56000000  0.661028772626045E-003 -0.256051289304128E-003  0.271657097086168E-001 -0.928433130959542E-004  0.911393695848124E-004  0.991311652468657E-001  0.100180766966969E+001  0.998225506300676E+000 -0.930094852954963E+000  0.128703039909137E-001 -0.498534718468878E-002  0.528919400421632E+000
     11.57000000  0.684711906341575E-003 -0.231760813960341E-003  0.271198909244586E-001 -0.828360055727084E-004  0.771599712192595E-004  0.990502136487701E-001  0.100161143230256E+001  0.998498985203022E+000 -0.926851889409798E+000  0.133198948476173E-001 -0.450850882416225E-002  0.527570927344785E+000
     11.58000000  0.701522796026068E-003 -0.204266883218038E-003  0.270756755827521E-001 -0.642229051121300E-004  0.736331576303532E-004  0.989644206469289E-001  0.100124826749912E+001  0.998568830273766E+000 -0.923520426969130E+000  0.136351369443652E-001 -0.397023010749477E-002  0.526255948521326E+000
     11.59000000  0.709164813226828E-003 -0.177657153235560E-003  0.270356417020018E-001 -0.411645224118275E-004  0.804929693354623E-004  0.988767627445114E-001  0.100079940327042E+001  0.998436849520835E+000 -0.920158497548478E+000  0.137717781659014E-001 -0.345005118459411E-002  0.525024441636631E+000
     11.60000000  0.707555593561231E-003 -0.155387023637976E-003  0.269999659916001E-001 -0.179228670208651E-004  0.965124157486570E-004  0.987910125321433E-001  0.100034775691044E+001  0.998127372173157E+000 -0.916839379416973E+000  0.137286822971233E-001 -0.301497027234899E-002  0.523879619502622E+000
     11.61000000  0.698311398593942E-003 -0.140313390396709E-003  0.269665328053733E-001  0.215056686560816E-005  0.119694178862919E-003  0.987101270033655E-001  0.999958308549411E+000  0.997679577406480E+000 -0.913620286999735E+000  0.135376470435193E-001 -0.272015201025626E-002  0.522780243658757E+000
     11.62000000  0.683896691358903E-003 -0.134773243958801E-003  0.269319950927685E-001  0.170796610937445E-004  0.147272726477407E-003  0.986351151658171E-001  0.999669174180999E+000  0.997147389512829E+000 -0.910520506106468E+000  0.132467899561227E-001 -0.261050079198381E-002  0.521661365818782E+000
     11.63000000  0.666832831853178E-003 -0.140328999008159E-003  0.268932295202125E-001  0.261859907018701E-004  0.175520292890687E-003  0.985648538861985E-001  0.999493224547489E+000  0.996603169348557E+000 -0.907517993056966E+000  0.129051642139062E-001 -0.271577626305616E-002  0.520462590655748E+000
     11.64000000  0.649219861501541E-003 -0.157099351130394E-003  0.268484800965602E-001  0.296904876909555E-004  0.199794270494370E-003  0.984968302651411E-001  0.999425895928986E+000  0.996136718761574E+000 -0.904563906993834E+000  0.125535076874141E-001 -0.303771962173478E-002  0.519150169725289E+000
     11.65000000  0.632608884825161E-003 -0.182993906726475E-003  0.267977019529247E-001  0.282719047976011E-004  0.215205163871959E-003  0.984283394075444E-001  0.999453795316326E+000  0.995842301065342E+000 -0.901605865453904E+000  0.122218130790650E-001 -0.353538715036694E-002  0.517723528824070E+000
     11.66000000  0.618098522592154E-003 -0.213416871201365E-003  0.267420676506482E-001  0.227672700437181E-004  0.217928373795738E-003  0.983574905537697E-001  0.999560520437156E+000  0.995793300370961E+000 -0.898607381035986E+000  0.119312358478622E-001 -0.411961351005603E-002  0.516205595931996E+000
     11.67000000  0.606487553712134E-003 -0.241916152133540E-003  0.266830318198160E-001  0.140514925056883E-004  0.206720648686267E-003  0.982835487716621E-001  0.999728994643102E+000  0.996013063868286E+000 -0.895554383372139E+000  0.116970760139173E-001 -0.466573733159166E-002  0.514624660585046E+000
     11.68000000  0.598378695257031E-003 -0.261832220374324E-003  0.266215367119027E-001  0.302997236609239E-005  0.183909404011373E-003  0.982065488529749E-001  0.999941612201523E+000  0.996456051764843E+000 -0.892447682918999E+000  0.115308030734547E-001 -0.504552684671513E-002  0.512999041862341E+000
     11.69000000  0.594218163827890E-003 -0.268449138307347E-003  0.265577972799774E-001 -0.933562812740318E-005  0.155205832865213E-003  0.981265268203163E-001  0.100017974437496E+001  0.997011730219127E+000 -0.889288111058420E+000  0.114408340809894E-001 -0.516861017975968E-002  0.511332993053337E+000
     11.70000000  0.594299428548193E-003 -0.260770478970965E-003  0.264917300427739E-001 -0.220009765237980E-004  0.128159789212442E-003  0.980429001112852E-001  0.100042323577601E+001  0.997534572714011E+000 -0.886064596526017E+000  0.114326188907928E-001 -0.501647715079836E-002  0.509625011884459E+000
     11.71000000  0.598740094955687E-003 -0.242071735602761E-003  0.264237058839599E-001 -0.338034273503136E-004  0.109716648291733E-003  0.979544023737631E-001  0.100064972580568E+001  0.997891168343120E+000 -0.882752962953076E+000  0.115082085184419E-001 -0.465279013917365E-002  0.507882334429427E+000
     11.72000000  0.607401019082511E-003 -0.218850611797396E-003  0.263551263442014E-001 -0.434211107698991E-004  0.103827027326847E-003  0.978596310595486E-001  0.100083387238728E+001  0.998006073782869E+000 -0.879326500932566E+000  0.116647162828623E-001 -0.420287456679534E-002  0.506131965119961E+000
     11.73000000  0.619718257829513E-003 -0.198503449579336E-003  0.262884346302872E-001 -0.493862300589501E-004  0.110127338077853E-003  0.977579014247759E-001  0.100094761982635E+001  0.997886883674648E+000 -0.875772365321840E+000  0.118911143281497E-001 -0.380887150516928E-002  0.504420803724055E+000
     11.74000000  0.634486875708868E-003 -0.186656295701631E-003  0.262264988979403E-001 -0.502502028948469E-004  0.124286252168866E-003  0.976499222521304E-001  0.100096337638916E+001  0.997617234678879E+000 -0.872104470866164E+000  0.121641235274466E-001 -0.357849835042461E-002  0.502803737162518E+000
     11.75000000  0.649732861868804E-003 -0.185265832931545E-003  0.261716551619990E-001 -0.449581440337040E-004  0.139884233130301E-003  0.975379051829386E-001  0.100086118564744E+001  0.997320478937358E+000 -0.868365472613185E+000  0.124458121512965E-001 -0.354881812209321E-002  0.501325272201671E+000
     11.76000000  0.662855113807448E-003 -0.192271562341022E-003  0.261248780571283E-001 -0.333637338911564E-004  0.151008722212379E-003  0.974250234367709E-001  0.100063854807850E+001  0.997109845986642E+000 -0.864616284159132E+000  0.126863755906168E-001 -0.367988298565268E-002  0.500003708786457E+000
     11.77000000  0.671148159304534E-003 -0.202879885785080E-003  0.260854717623841E-001 -0.166662849208311E-004  0.154441170410118E-003  0.973144706845915E-001  0.100031870480759E+001  0.997046663744605E+000 -0.860918003173568E+000  0.128341826622540E-001 -0.387961655942122E-002  0.498825341004320E+000
     11.78000000  0.672631591238851E-003 -0.211831983645526E-003  0.260513980571115E-001  0.251771037908628E-005  0.150532471035987E-003  0.972085561687076E-001  0.999951895383656E+000  0.997123852359400E+000 -0.857314621533525E+000  0.128516309525790E-001 -0.404736636403142E-002  0.497750860931305E+000
     11.79000000  0.666899276544306E-003 -0.215601968564914E-003  0.260200439096199E-001  0.206500938423770E-004  0.142496483728896E-003  0.971082213671294E-001  0.999605783770299E+000  0.997279701148575E+000 -0.853823870850796E+000  0.127312989663041E-001 -0.411590357954340E-002  0.496730120695703E+000
     11.80000000  0.655585690104123E-003 -0.213575007681978E-003  0.259890448955221E-001  0.343004545254431E-004  0.134580953851263E-003  0.970131235560528E-001  0.999345749379439E+000  0.997432988169077E+000 -0.850438927624166E+000  0.125047131449293E-001 -0.407375305212204E-002  0.495717884381486E+000
     11.81000000  0.642120926274821E-003 -0.207795726338367E-003  0.259568069715936E-001  0.413932699952096E-004  0.130046555082031E-003  0.969221456608486E-001  0.999211128776466E+000  0.997521578144567E+000 -0.847138233917436E+000  0.122375139926335E-001 -0.396016233799999E-002  0.494683751177133E+000
     11.82000000  0.630709233027456E-003 -0.201571076281620E-003  0.259225706629973E-001  0.421718640050046E-004  0.129885063940337E-003  0.968340127592482E-001  0.999196970321496E+000  0.997526750035851E+000 -0.843897299039780E+000  0.120098611853479E-001 -0.383828318717199E-002  0.493613314863929E+000
     11.83000000  0.624813023362846E-003 -0.197713454912938E-003  0.258861130205619E-001  0.394061063961961E-004  0.132767397762706E-003  0.967477031491215E-001  0.999250269711280E+000  0.997474002164628E+000 -0.840696532809365E+000  0.118875294019688E-001 -0.376164455694688E-002  0.492502425731152E+000
     11.84000000  0.625693263154709E-003 -0.197289594359940E-003  0.258473467778111E-001  0.376274459668265E-004  0.136078503661111E-003  0.966625077760431E-001  0.999284714676872E+000  0.997413192578954E+000 -0.837522354557025E+000  0.118942223266781E-001 -0.375041004313491E-002  0.491349527370598E+000
     11.85000000  0.631610304513391E-003 -0.199394615920468E-003  0.258060791712024E-001  0.415630668949382E-004  0.137395518952468E-003  0.965778076714348E-001  0.999210566573788E+000  0.997390360640445E+000 -0.834362940512582E+000  0.119965710899846E-001 -0.378722713634791E-002  0.490151064855748E+000
     11.86000000  0.638083843494768E-003 -0.201908288106596E-003  0.257620559009279E-001  0.542936306324875E-004  0.135633670450442E-003  0.964927841970137E-001  0.998969636488509E+000  0.997425996689968E+000 -0.831202717529275E+000  0.121093082549411E-001 -0.383173735683259E-002  0.488902327438286E+000
     11.87000000  0.639221583533762E-003 -0.202713669996657E-003  0.257152311212401E-001  0.758185868766870E-004  0.131351389584515E-003  0.964062843397570E-001  0.998562356377110E+000  0.997509364189271E+000 -0.828019824650879E+000  0.121206800474372E-001 -0.384378062093622E-002  0.487602572872115E+000
     11.88000000  0.629711076430542E-003 -0.200699222562087E-003  0.256660771749304E-001  0.102604377675776E-003  0.126196784667242E-003  0.963169483201416E-001  0.998056091917708E+000  0.997609118097777E+000 -0.824788557198412E+000  0.119302945810966E-001 -0.380238007077024E-002  0.486260878836318E+000
     11.89000000  0.606796580267198E-003 -0.196072228259024E-003  0.256157380359849E-001  0.128353123177560E-003  0.121917444305682E-003  0.962235474800850E-001  0.997570310026094E+000  0.997692135689881E+000 -0.821485779061308E+000  0.114864954648288E-001 -0.371159435289571E-002  0.484899006268327E+000
     11.90000000  0.571539623255466E-003 -0.189937610606998E-003  0.255659275765924E-001  0.145794230319748E-003  0.119521831758027E-003  0.961253675389667E-001  0.997242473773808E+000  0.997739385262692E+000 -0.818098160741579E+000  0.108099991129862E-001 -0.359244629530543E-002  0.483549421913135E+000
     11.91000000  0.528894050415920E-003 -0.183494027596717E-003  0.255186123448906E-001  0.148933696800679E-003  0.119015132679727E-003  0.960224595124727E-001  0.997185459621327E+000  0.997750858913759E+000 -0.814626880033934E+000  0.999500914106544E-002 -0.346765950896560E-002  0.482249258530910E+000
     11.92000000  0.486523844410667E-003 -0.177358805529038E-003  0.254756202657122E-001  0.135027275848124E-003  0.119759018518852E-003  0.959156616264564E-001  0.997450403078785E+000  0.997738699659120E+000 -0.811087974952500E+000  0.918658610281406E-002 -0.334890459491946E-002  0.481032906777773E+000
     11.93000000  0.452711298206916E-003 -0.171392752717453E-003  0.254383330220954E-001  0.105627001623259E-003  0.121147685289327E-003  0.958064160079004E-001  0.998007213448260E+000  0.997714396183656E+000 -0.807508823093837E+000  0.854096938305039E-002 -0.323354035835752E-002  0.479926223087660E+000
     11.94000000  0.434001989961210E-003 -0.165062255311437E-003  0.254075528640606E-001  0.663493369741866E-004  0.123147179317093E-003  0.956964958889842E-001  0.998749284488485E+000  0.997678619042854E+000 -0.803922951822471E+000  0.818113707879009E-002 -0.311149941353451E-002  0.478944054694459E+000
     11.95000000  0.433317430374008E-003 -0.158053998135363E-003  0.253835290694941E-001  0.254223163044282E-004  0.126373458579634E-003  0.955877773630851E-001  0.999521178670555E+000  0.997619795666175E+000 -0.800365713635741E+000  0.816139747452046E-002 -0.297689732930066E-002  0.478090784078029E+000
     11.96000000  0.449115403370952E-003 -0.150729315233221E-003  0.253660453026012E-001 -0.854610408420664E-005  0.131691039601287E-003  0.954821317303127E-001  0.100016082859712E+001  0.997521714579616E+000 -0.796872252591007E+000  0.845187462726372E-002 -0.283656553625764E-002  0.477362016706424E+000
     11.97000000  0.475845318594376E-003 -0.144130263511576E-003  0.253544509385080E-001 -0.288972903049772E-004  0.139608917750882E-003  0.953814167892286E-001  0.100054336197905E+001  0.997374903423783E+000 -0.793477341432650E+000  0.894742210436730E-002 -0.271011241523013E-002  0.476745206701680E+000
     11.98000000  0.505539869167294E-003 -0.139539379818623E-003  0.253475756608223E-001 -0.326476762757596E-004  0.149862740234547E-003  0.952874631616934E-001  0.100061336887315E+001  0.997184450760649E+000 -0.790215126219584E+000  0.949784043630819E-002 -0.262159889838503E-002  0.476218086360407E+000
     11.99000000  0.530035427088294E-003 -0.137871049398615E-003  0.253435681249656E-001 -0.211128670099506E-004  0.161445208706860E-003  0.952019316965048E-001  0.100039632758824E+001  0.996969374639171E+000 -0.787116452141000E+000  0.994974592518534E-002 -0.258809476093073E-002  0.475745678107340E+000
     12.00000000  0.543134364113642E-003 -0.139271724172185E-003  0.253397931777860E-001  0.710089198747249E-006  0.173064746826633E-003  0.951259773956948E-001  0.999986681419621E+000  0.996753961691894E+000 -0.784202573801875E+000  0.101871408515553E-001 -0.261220936203577E-002  0.475278419682857E+000
