# Fourier-transform spectra: 
# sigma: Conductivity
# eps: Dielectric constant
# 1:Energy[eV] 2:Re(sigma_x)[1/fs*V*Angstrom] 3:Re(sigma_y)[1/fs*V*Angstrom] 4:Re(sigma_z)[1/fs*V*Angstrom] 5:Im(sigma_x)[1/fs*V*Angstrom] 6:Im(sigma_y)[1/fs*V*Angstrom] 7:Im(sigma_z)[1/fs*V*Angstrom] 8:Re(eps_x)[none] 9:Re(eps_y)[none] 10:Re(eps_z)[none] 11:Im(eps_x)[none] 12:Im(eps_y)[none] 13:Im(eps_z)[none]
      0.01000000  0.466636768550754E-002 -0.281118648111516E-001  0.790144063642507E-001  0.220306857812345E-002 -0.501669510147328E-002  0.377284492987125E-002 -0.485854537525450E+002  0.113913009342909E+003 -0.839171149928554E+002  0.105028032880935E+003 -0.632726364641133E+003  0.177841272462641E+004
      0.02000000  0.340103418132844E-002 -0.261397163600070E-001  0.767354219277219E-001  0.402597981209840E-002 -0.965325787395636E-002  0.673290339833313E-002 -0.443072677273461E+002  0.109635104831410E+003 -0.747702400627888E+002  0.382743017588526E+002 -0.294169166939374E+003  0.863559299279761E+003
      0.03000000  0.157470977349954E-002 -0.230200267927647E-001  0.736392851599416E-001  0.517901813242958E-002 -0.135404424997034E-001  0.833088522699448E-002 -0.378554955633629E+002  0.102586939844596E+003 -0.615023249000510E+002  0.118142333263259E+002 -0.172707359975038E+003  0.552477486013171E+003
      0.04000000 -0.469653162023250E-003 -0.190230215515089E-001  0.705173131563955E-001  0.552524705153973E-002 -0.163496761791843E-001  0.844284510343518E-002 -0.300898041107367E+002  0.929973758536583E+002 -0.465067264784015E+002 -0.264267365261467E+001 -0.107039922036775E+003  0.396791208066771E+003
      0.05000000 -0.238526660197452E-002 -0.145376322764027E-001  0.680641224409497E-001  0.509714757596925E-002 -0.178461522409823E-001  0.737318581127575E-002 -0.219447578625451E+002  0.813342724228642E+002 -0.321903207811490E+002 -0.107372532978926E+002 -0.654410035231034E+002  0.306389953451023E+003
      0.06000000 -0.390001705706867E-002 -0.100355161842757E-001  0.666709680872021E-001  0.406654553438441E-002 -0.179495714935135E-001  0.570917793758954E-002 -0.142545943969655E+002  0.683331776117276E+002 -0.204165052479159E+002 -0.146299058608318E+002 -0.376456448503740E+002  0.250098902772340E+003
      0.07000000 -0.486359381729766E-002 -0.599575504082649E-002  0.663483739298285E-001  0.268262298628447E-002 -0.167738111923499E-001  0.409633050741755E-002 -0.762557145083955E+001  0.549336715156154E+002 -0.121711357349255E+002 -0.156381557130644E+002 -0.192784501477824E+002  0.213333235010933E+003
      0.08000000 -0.525409566520840E-002 -0.280908048771236E-002  0.667900556798236E-001  0.120166378353925E-002 -0.146195365612562E-001  0.302828422829097E-002 -0.238079829632152E+001  0.421310592666211E+002 -0.751986911815674E+001 -0.147820363041395E+002 -0.790315449061528E+001  0.187909221819525E+003
      0.09000000 -0.515007974305439E-002 -0.695563212139098E-003  0.675320690236544E-001 -0.168759951065790E-003 -0.119120875272656E-001  0.272667326617714E-002  0.142203955539052E+001  0.307900781081662E+002 -0.581893995397055E+001 -0.128794619295492E+002 -0.173948372788251E+001  0.168886066897675E+003
      0.10000000 -0.468465122971955E-002  0.331616455268716E-003  0.681303354810551E-001 -0.129769041379664E-002 -0.910164926196566E-002  0.313839543211125E-002  0.392077008575213E+001  0.214854906938714E+002 -0.606372752539122E+001 -0.105439548820548E+002  0.746384046760638E+000  0.153344005388104E+003
      0.11000000 -0.400070551800877E-002  0.441599612701703E-003  0.682865941936233E-001 -0.212999959835920E-002 -0.656069668835905E-002  0.402538412231377E-002  0.535825976492146E+001  0.144240496705985E+002 -0.723646618156557E+001 -0.818597050622377E+001  0.903570979884368E+000  0.139723367171922E+003
      0.12000000 -0.322107618649052E-002 -0.886341725423447E-004  0.678887360729162E-001 -0.266658099926941E-002 -0.451541114005094E-002  0.508965083800893E-002  0.600149466255365E+001  0.946919884390818E+001 -0.854625473876012E+001 -0.604151734330396E+001 -0.166244093470947E+000  0.127333522292866E+003
      0.13000000 -0.243772389275234E-002 -0.967430099536718E-003  0.669751808721796E-001 -0.293941873077635E-002 -0.303232048245740E-002  0.607554740654394E-002  0.608913979142904E+001  0.624998451770885E+001 -0.951885181843077E+001 -0.422053432987637E+001 -0.167495258958159E+001  0.115956959260698E+003
      0.14000000 -0.171515667230270E-002 -0.196389963539447E-002  0.656627756100355E-001 -0.299285055145137E-002 -0.205689575710659E-002  0.681653849801560E-002  0.581153080496471E+001  0.430681974518246E+001 -0.995877806211363E+001 -0.275741438546712E+001 -0.315731221158939E+001  0.105564398273732E+003
      0.15000000 -0.109882351278899E-002 -0.294098845897173E-002  0.640822694677007E-001 -0.287548088950555E-002 -0.147965125935490E-002  0.722818362027437E-002  0.531464930563213E+001  0.322021168774003E+001 -0.984586496541144E+001 -0.164878094783043E+001 -0.441294319106272E+001  0.961552276251399E+002
      0.16000000 -0.620360099662752E-003 -0.384325288149524E-002  0.623477790889181E-001 -0.264014428418504E-002 -0.119741596453237E-002  0.727400691630001E-002  0.471393205831947E+001  0.268442367504662E+001 -0.923245874883055E+001 -0.872670208079536E+000 -0.540636364850030E+001  0.877055912854513E+002
      0.17000000 -0.296531841730243E-003 -0.465673267880180E-002  0.605603090218438E-001 -0.234551869831888E-002 -0.114539218749847E-002  0.693611159677944E-002  0.410539073961814E+001  0.251646213472443E+001 -0.818318695861812E+001 -0.392598548018830E+000 -0.616536314461829E+001  0.801798864189993E+002
      0.18000000 -0.124195164550481E-003 -0.536755753141472E-002  0.588256739573677E-001 -0.205368421811347E-002 -0.129376637978448E-002  0.620938823811266E-002  0.356795516012935E+001  0.261774338122020E+001 -0.676430496308509E+001 -0.155295352059282E+000 -0.671166820025982E+001  0.735564366004019E+002
      0.19000000 -0.765841981039892E-004 -0.594104490512399E-002  0.572630809239561E-001 -0.182187146164573E-002 -0.162088280226610E-002  0.511762310843854E-002  0.315819363575971E+001  0.292010195110202E+001 -0.506234954296494E+001 -0.907218387396477E-001 -0.703777712859004E+001  0.678339934599111E+002
      0.20000000 -0.105516787081800E-003 -0.632838396742309E-002  0.559913344784319E-001 -0.169111928788525E-002 -0.208440348415266E-002  0.373431069298395E-002  0.290313905958610E+001  0.334573025986175E+001 -0.320249038099200E+001 -0.118745685402548E+000 -0.712178898244496E+001  0.630111053712281E+002
      0.21000000 -0.150643262818725E-003 -0.649220674613407E-002  0.550966605083700E-001 -0.167697916655525E-002 -0.260911258388035E-002  0.218816723643878E-002  0.279735824435596E+001  0.379640326285219E+001 -0.134524107447419E+001 -0.161456931477626E+000 -0.695823869010662E+001  0.590516799350697E+002
      0.22000000 -0.152930021009725E-003 -0.643342084591408E-002  0.545991469820618E-001 -0.176665877777495E-002 -0.309828584126404E-002  0.642887322748409E-003  0.280740829140368E+001  0.416975048554205E+001  0.342283924778476E+000 -0.156457484294530E+000 -0.658181326539996E+001  0.558585235589383E+002
      0.23000000 -0.674244051670573E-004 -0.620299848511027E-002  0.544371697425680E-001 -0.192385473957476E-002 -0.346203701672746E-002 -0.744169887821155E-003  0.288265489175213E+001  0.438789659681353E+001  0.172823329681887E+001 -0.659804940571010E-001 -0.607015966501980E+001  0.532713836449210E+002
      0.24000000  0.129019274711724E-003 -0.589174733178894E-002  0.544807494480404E-001 -0.209897032110816E-002 -0.364772637439973E-002 -0.186757463442363E-002  0.296843614740321E+001  0.442087564507039E+001  0.275143087131977E+001  0.120995614611750E+000 -0.552534178431680E+001  0.510926121597191E+002
      0.25000000  0.436612525999728E-003 -0.560261192825328E-002  0.545708441550824E-001 -0.224043161273101E-002 -0.365763022732228E-002 -0.270378291763551E-002  0.301705601399737E+001  0.429295703786552E+001  0.343421024929755E+001  0.393081367157119E+000 -0.504402009852084E+001  0.491300197544293E+002
      0.26000000  0.836533965006439E-003 -0.541788890944392E-002  0.545693944671227E-001 -0.230329726417614E-002 -0.354621182257976E-002 -0.331221549248183E-002  0.299389791523722E+001  0.406985314922454E+001  0.386728928479764E+001  0.724163291813781E+000 -0.469010994349056E+001  0.472391486570329E+002
      0.27000000  0.129656560221906E-002 -0.537484452672634E-002  0.544000972383936E-001 -0.225372241694669E-002 -0.339898264773848E-002 -0.380686750710981E-002  0.287872379438934E+001  0.383342328629542E+001  0.417343986726827E+001  0.108082904512073E+001 -0.448051997334458E+001  0.453484228272116E+002
      0.28000000  0.177565793716252E-002 -0.545830534278020E-002  0.540640870027438E-001 -0.207049336104217E-002 -0.330228845674379E-002 -0.431038698219508E-002  0.266434013607833E+001  0.365450318406256E+001  0.446485054793213E+001  0.142734037614981E+001 -0.438759033372956E+001  0.434587386813960E+002
      0.29000000  0.222676929033018E-002 -0.561115601705168E-002  0.536255919738024E-001 -0.174616622816723E-002 -0.331565006789216E-002 -0.490952409027466E-002  0.235523266878955E+001  0.357333879088824E+001  0.481037459551204E+001  0.172823780430127E+001 -0.435492441745654E+001  0.416198371917633E+002
      0.30000000  0.259963747042199E-002 -0.575706766542906E-002  0.531752419710326E-001 -0.128958354244984E-002 -0.345564927086172E-002 -0.562956179318722E-002  0.196750786212713E+001  0.359259499540536E+001  0.522356917248807E+001  0.195037359621963E+001 -0.431923023654523E+001  0.398946349607958E+002
      0.31000000  0.284605271982506E-002 -0.582656388883711E-002  0.527876641749260E-001 -0.729248312818431E-003 -0.369495780777222E-002 -0.643664701563937E-002  0.152946836251199E+001  0.368271208262520E+001  0.567330660288657E+001  0.206636730822819E+001 -0.423035773558544E+001  0.383263116557799E+002
      0.32000000  0.292898284756006E-002 -0.577804364991671E-002  0.524916171712288E-001 -0.114698627174506E-003 -0.397465936205475E-002 -0.726470375471573E-002  0.108067417206331E+001  0.379560759502039E+001  0.610968592331327E+001  0.206012288059078E+001 -0.406403196869579E+001  0.369203874525056E+002
      0.33000000  0.283408730644096E-002 -0.560842053580326E-002  0.522645801078129E-001  0.487748313012303E-003 -0.422440803302056E-002 -0.805311242442602E-002  0.667334233357391E+000  0.388123177348751E+001  0.649257628793321E+001  0.193297198857864E+001 -0.382518907277098E+001  0.356467385862205E+002
      0.34000000  0.257928862323105E-002 -0.535190126476318E-002  0.520522171112276E-001  0.100690288294291E-002 -0.438380468232269E-002 -0.877719152166573E-002  0.333446608072912E+000  0.390200766136224E+001  0.681035855539576E+001  0.170744727192432E+001 -0.354287191120203E+001  0.344577242359343E+002
      0.35000000  0.221691337626083E-002 -0.506875858972632E-002  0.518016367365440E-001  0.138474541452850E-002 -0.441923858082459E-002 -0.945764921136764E-002  0.109511804282186E+000  0.384187963288905E+001  0.708193021879797E+001  0.142563042403097E+001 -0.325956644718803E+001  0.333120771145225E+002
      0.36000000  0.182453513798097E-002 -0.482807966969438E-002  0.514912407785129E-001  0.159523046112563E-002 -0.433249642789243E-002 -0.101457714031129E-001  0.265088027843297E-002  0.370870673790065E+001  0.734320646726544E+001  0.114071198996687E+001 -0.301854880900251E+001  0.321926799389125E+002
      0.37000000  0.148479090219941E-002 -0.468927353849015E-002  0.511422628957486E-001  0.165631558635935E-002 -0.415989031716251E-002 -0.108931708056619E-001 -0.755239603360458E-002  0.353050052225056E+001  0.762641856179864E+001  0.903212312581195E+000 -0.285252932972018E+001  0.311103209699630E+002
      0.38000000  0.125950985697073E-002 -0.468677797277232E-002  0.508068428513024E-001  0.162867260256735E-002 -0.396292441224768E-002 -0.117224505485381E-001  0.353351156777285E-001  0.334724524357604E+001  0.794322258786287E+001  0.746009313696418E+000 -0.277598464161653E+001  0.300929585876697E+002
      0.39000000  0.116719301047067E-002 -0.482121716994387E-002  0.505397957964379E-001  0.159882017842998E-002 -0.381322622790403E-002 -0.126141885007610E-001  0.772983669417929E-001  0.320066653847372E+001  0.827982576551277E+001  0.673603518009751E+000 -0.278239230155570E+001  0.291672276500756E+002
      0.40000000  0.117322877115916E-002 -0.505859899839598E-002  0.503696673842718E-001  0.165055296462242E-002 -0.377539224054589E-002 -0.135165884138174E-001  0.712565815458593E-001  0.312436121145131E+001  0.860559812278313E+001  0.660159669462274E+000 -0.284640397918629E+001  0.283423180446489E+002
      0.41000000  0.119851982582938E-002 -0.533740800756939E-002  0.502846118681595E-001  0.183402803966967E-002 -0.389150240931531E-002 -0.143717535505155E-001 -0.681201560494005E-002  0.313628761377056E+001  0.888954904014340E+001  0.657942046405735E+000 -0.293003509105278E+001  0.276043497339398E+002
      0.42000000  0.114549331078226E-002 -0.558198057436845E-002  0.502400323163998E-001  0.214415249763828E-002 -0.417050230688842E-002 -0.151436140288657E-001 -0.149033406510011E+000  0.323493733669604E+001  0.911533621495047E+001  0.613860293273140E+000 -0.299133674563912E+001  0.269232135024310E+002
      0.43000000  0.933325994028187E-003 -0.571948928457680E-002  0.501825450841472E-001  0.251756410936766E-002 -0.458469637661778E-002 -0.158321241321751E-001 -0.317766183608406E+000  0.339976325716543E+001  0.928699365328620E+001  0.488529935995141E+000 -0.299374682800789E+001  0.262670017709710E+002
      0.44000000  0.529700572289149E-003 -0.569717738802741E-002  0.500757328381818E-001  0.285098509988702E-002 -0.507443143826021E-002 -0.164667281068489E-001 -0.458372769271855E+000  0.359573879547423E+001  0.942327372071624E+001  0.270959287203860E+000 -0.291429385749501E+001  0.256153864765659E+002
      0.45000000 -0.332516841179836E-004 -0.549611059781384E-002  0.499126377214097E-001  0.303544149767806E-002 -0.556068105348303E-002 -0.170844433782338E-001 -0.518223218249901E+000  0.378126100968777E+001  0.954504974895788E+001 -0.166313463502595E-001 -0.274896509323380E+001  0.249645811097681E+002
      0.46000000 -0.665679974071422E-003 -0.513778124810443E-002  0.497083685853148E-001  0.299419140425547E-002 -0.596357701705356E-002 -0.177069643339915E-001 -0.465035009688342E+000  0.391793273487428E+001  0.966388255197428E+001 -0.325712132456530E+000 -0.251387716559987E+001  0.243219254949690E+002
      0.47000000 -0.124761060061271E-002 -0.468077566835949E-002  0.494785884891858E-001  0.271018371499783E-002 -0.622305931137315E-002 -0.183315133932350E-001 -0.297857911763468E+000  0.398011043234589E+001  0.977862986200814E+001 -0.597458127965499E+000 -0.224153871959015E+001  0.236944001907377E+002
      0.48000000 -0.166730940022511E-002 -0.420676085902400E-002  0.492185749383518E-001  0.223262972894771E-002 -0.631624166158857E-002 -0.189414692431546E-001 -0.468916635056227E-001  0.396171848581474E+001  0.988175320255762E+001 -0.781810028303673E+000 -0.197257199282646E+001  0.230788451504105E+002
      0.49000000 -0.185597927271006E-002 -0.379818096245076E-002  0.488975308865302E-001  0.166045583023263E-002 -0.626570980056545E-002 -0.195302332954682E-001  0.237293367729958E+000  0.387806416392368E+001  0.997093327809140E+001 -0.852517528547188E+000 -0.174464009091838E+001  0.224603813180390E+002
      0.50000000 -0.180600634288455E-002 -0.351344047326859E-002  0.484737071405261E-001  0.110959837932726E-002 -0.613461749526651E-002 -0.201229347150248E-001  0.500515420460527E+000  0.376149181302559E+001  0.100583185524553E+002 -0.812971914548243E+000 -0.158157164810525E+001  0.218203898643802E+002
      0.51000000 -0.156696219694251E-002 -0.336752352401528E-002  0.479230134735209E-001  0.677298202333426E-003 -0.600825055373996E-002 -0.207808881333495E-001  0.701093043656153E+000  0.365157633636468E+001  0.101710741305107E+002 -0.691535721459627E+000 -0.148616400207746E+001  0.211495055602458E+002
      0.52000000 -0.122283251475711E-002 -0.332551073894205E-002  0.472648316635030E-001  0.417015344999082E-003 -0.596668789397547E-002 -0.215832314970117E-001  0.819500930264637E+000  0.358259468669240E+001  0.103419900581888E+002 -0.529285394417077E+000 -0.143939929782517E+001  0.204578998081704E+002
      0.53000000 -0.861310230140030E-003 -0.331276317102218E-002  0.465691312061642E-001  0.332187818395845E-003 -0.605733534353276E-002 -0.225934079699238E-001  0.858930181243901E+000  0.357236163319759E+001  0.105947165756745E+002 -0.365771624755485E+000 -0.140682732550143E+001  0.197764593855581E+002
      0.54000000 -0.548183800357343E-003 -0.323959516095465E-002  0.459386544135301E-001  0.388406069419463E-003 -0.627734244457677E-002 -0.238273963662305E-001  0.838110558998615E+000  0.361642528100999E+001  0.109313686936278E+002 -0.228485536125915E+000 -0.135027820358633E+001  0.191474430213668E+002
      0.55000000 -0.316070858169207E-003 -0.303234541578356E-002  0.454733710341198E-001  0.535781811552816E-003 -0.657312192983249E-002 -0.252404677442824E-001  0.780743966912844E+000  0.368989467028818E+001  0.113290643906641E+002 -0.129344522420023E+000 -0.124091563483242E+001  0.186089014764150E+002
      0.56000000 -0.169080496192444E-003 -0.265956178883858E-002  0.452339678318233E-001  0.729969792960003E-003 -0.685803781890982E-002 -0.267398586462411E-001  0.706611465796588E+000  0.375637386999624E+001  0.117472501036176E+002 -0.679566187788880E-001 -0.106892770409955E+001  0.181803790326295E+002
      0.57000000 -0.973560508902131E-004 -0.214328981021631E-002  0.452215786445566E-001  0.942777163295656E-003 -0.704218802120352E-002 -0.282175030377935E-001  0.627727913009791E+000  0.378073136865826E+001  0.121421756428753E+002 -0.384427430542872E-001 -0.846315547021642E+000  0.178565329267756E+002
      0.58000000 -0.916193506029037E-004 -0.155101214960262E-002  0.453823573199409E-001  0.115995848232594E-002 -0.706318130505262E-002 -0.295872441291118E-001  0.549867130537272E+000  0.374093436689527E+001  0.124816101629998E+002 -0.355537562883294E-001 -0.601884946840715E+000  0.176110533563629E+002
      0.59000000 -0.149494015739321E-003 -0.971416281385815E-003  0.456329772069154E-001  0.137097239186997E-002 -0.690624716842390E-002 -0.308098005126839E-001  0.476998453482756E+000  0.363461027452887E+001  0.127533900839848E+002 -0.570293040840122E-001 -0.370578007616799E+000  0.174081679492103E+002
      0.60000000 -0.271303409579289E-003 -0.483583960965991E-003  0.458936569274003E-001  0.155937509047024E-002 -0.660632168455139E-002 -0.318961558389782E-001  0.415040743630677E+000  0.347819081088846E+001  0.129650183683403E+002 -0.101772461088951E+000 -0.181404022629023E+000  0.172158190754640E+002
      0.61000000 -0.449782298633019E-003 -0.131576018014711E-003  0.461135608537688E-001  0.170123010503653E-002 -0.623209847326404E-002 -0.328912587499266E-001  0.372289346008168E+000  0.329948588189960E+001  0.131360381993050E+002 -0.165958232218574E+000 -0.485482052505072E-001  0.170147314908878E+002
      0.62000000 -0.661939878560316E-003  0.862725143166717E-004  0.462793933189188E-001  0.177337091065988E-002 -0.585919710439317E-002 -0.338486372985307E-001  0.356224912907503E+000  0.312702548773016E+001  0.132878464363191E+002 -0.240299646514217E+000  0.313189390240067E-001  0.168005013984291E+002
      0.63000000 -0.870102150563134E-003  0.210435320419103E-003  0.464074730334597E-001  0.176681332160741E-002 -0.554348080891307E-002 -0.348085623004804E-001  0.368786336534689E+000  0.298047002869564E+001  0.134357451129344E+002 -0.310853647824170E+000  0.751803531815080E-001  0.165795846722321E+002
      0.64000000 -0.103368874888629E-002  0.299951421174298E-003  0.465269950273275E-001  0.169682844942415E-002 -0.530462733671238E-002 -0.357878046617043E-001  0.403261252279425E+000  0.286552546022454E+001  0.135858154633968E+002 -0.363526513097179E+000  0.105486583224899E+000  0.163625620240109E+002
      0.65000000 -0.112665999989286E-002  0.408003057675292E-003  0.466640405399318E-001  0.160234085925476E-002 -0.512503023007918E-002 -0.367815378605271E-001  0.445159919484337E+000  0.277463625737215E+001  0.137362859844418E+002 -0.390126808190531E+000  0.141278585054919E+000  0.161582848373496E+002
      0.66000000 -0.115156073198659E-002  0.563061300141406E-003  0.468324176264527E-001  0.153283869145340E-002 -0.496248275683372E-002 -0.377722169805195E-001  0.477268352521256E+000  0.269231557210037E+001  0.138811552847939E+002 -0.392707492288323E+000  0.192016265439754E+000  0.159708826230607E+002
      0.67000000 -0.114201187095631E-002  0.761854485659718E-003  0.470318635957738E-001  0.152786868425620E-002 -0.476988752494148E-002 -0.387390580694239E-001  0.486739902240590E+000  0.260235821479952E+001  0.140136921691667E+002 -0.383638417731424E+000  0.255931358380130E+000  0.157995115389944E+002
      0.68000000 -0.115097660323919E-002  0.974818770373675E-003  0.472503232230720E-001  0.159866028746867E-002 -0.451352889926171E-002 -0.396645217209597E-001  0.470856397770492E+000  0.249394149541551E+001  0.141286353133674E+002 -0.380963930044336E+000  0.322657114660188E+000  0.156394741476650E+002
      0.69000000 -0.122928442089039E-002  0.115970626184239E-002  0.474668366528221E-001  0.172099552924722E-002 -0.418351430180556E-002 -0.405380716221189E-001  0.438620012004823E+000  0.236464108628599E+001  0.142233127709094E+002 -0.400986325481018E+000  0.378290283900843E+000  0.154834406815605E+002
      0.70000000 -0.140395016918258E-002  0.127675031242486E-002  0.476541223170917E-001  0.184326823278648E-002 -0.379434868546623E-002 -0.413594198872969E-001  0.407324774064373E+000  0.222001585251523E+001  0.142985005059270E+002 -0.451419098383081E+000  0.410519894185926E+000  0.153224675653150E+002
      0.71000000 -0.166613000968893E-002  0.129976938458345E-002  0.477825502057989E-001  0.190643732205514E-002 -0.337791530190204E-002 -0.421423927363869E-001  0.395647311646800E+000  0.207082051432628E+001  0.143594050269727E+002 -0.528173750509657E+000  0.412035115303662E+000  0.151473706159489E+002
      0.72000000 -0.197399969210755E-002  0.122075668964609E-002  0.478275145888472E-001  0.186700359695298E-002 -0.297343592746970E-002 -0.429177832728572E-001  0.416368217848551E+000  0.192950635568914E+001  0.144162474986159E+002 -0.617079131583566E+000  0.381612763635932E+000  0.149510464901725E+002
      0.73000000 -0.226884076182251E-002  0.104889209246405E-002  0.477798423663599E-001  0.171299929777650E-002 -0.261861172201450E-002 -0.437316698643855E-001  0.471845967132435E+000  0.180737356010095E+001  0.144834017929187E+002 -0.699531751032405E+000  0.323395689301715E+000  0.147315392763588E+002
      0.74000000 -0.249676296537688E-002  0.806786656319058E-003  0.476555459658156E-001  0.146665941406745E-002 -0.234390028113544E-002 -0.446365434431612E-001  0.553908621346424E+000  0.171290832609767E+001  0.145764152276285E+002 -0.759402232524683E+000  0.245387966929947E+000  0.144946590847723E+002
      0.75000000 -0.262659450633710E-002  0.526491030153173E-003  0.474994976468581E-001  0.117384474110350E-002 -0.216941807204328E-002 -0.456760657338106E-001  0.647729990791694E+000  0.165104088935725E+001  0.147073562910224E+002 -0.788239226649376E+000  0.157999600412058E+000  0.142545669691536E+002
      0.76000000 -0.265715443941021E-002  0.246040782227818E-003  0.473790436552344E-001  0.886065141520212E-003 -0.210277667195518E-002 -0.468683360963506E-001  0.737591236599915E+000  0.162273866822885E+001  0.148800879770107E+002 -0.786918001776254E+000  0.728651364160661E-001  0.140313343501112E+002
      0.77000000 -0.261262688908914E-002  0.553899290696994E-005  0.473677398312643E-001  0.643351172963992E-003 -0.213679191726307E-002 -0.481946149976107E-001  0.811945535844640E+000  0.162459396345097E+001  0.150875044290264E+002 -0.763682682666129E+000  0.161907273485125E-002  0.138458050696947E+002
      0.78000000 -0.253006320318521E-002 -0.158681965164050E-003  0.475240963930331E-001  0.464473478021479E-003 -0.224776667793144E-002 -0.495990979501096E-001  0.865972908503227E+000  0.164860889687351E+001  0.153121688399383E+002 -0.730067546311531E+000 -0.457887980052683E-001  0.137134125347755E+002
      0.79000000 -0.244556775585861E-002 -0.222026105578132E-003  0.478729337594370E-001  0.346553446156326E-003 -0.239652952926932E-002 -0.510010943424202E-001  0.901265392040353E+000  0.168278185128590E+001  0.155304371122610E+002 -0.696753058702908E+000 -0.632562184396097E-001  0.136392103412644E+002
      0.80000000 -0.238466920033797E-002 -0.179740446898585E-003  0.483962745878628E-001  0.271603620060368E-003 -0.253435799268241E-002 -0.523159556573569E-001  0.923586192031986E+000  0.171302416710053E+001  0.157187338238564E+002 -0.670910256282153E+000 -0.505687368612417E-001  0.136159585498243E+002
      0.81000000 -0.235894191874734E-002 -0.515157418660110E-004  0.490370606581650E-001  0.215283696552136E-003 -0.261401368572676E-002 -0.534777172406259E-001  0.940179174948477E+000  0.172635530641903E+001  0.158598394511104E+002 -0.655478580533919E+000 -0.143146658614707E-001  0.136259153556601E+002
      0.82000000 -0.236742552999443E-002  0.120890889609234E-003  0.497142251633713E-001  0.153878642359431E-003 -0.260323777514188E-002 -0.544560488823449E-001  0.957763223156513E+000  0.171453953123900E+001  0.159471554281661E+002 -0.649813530134901E+000  0.331822626489584E-001  0.136456145048869E+002
      0.83000000 -0.239976032168701E-002  0.284147437633743E-003  0.503438841529495E-001  0.681325760747062E-004 -0.249580521004909E-002 -0.552625599725173E-001  0.981524211037007E+000  0.167679769370595E+001  0.159857741249570E+002 -0.650752809003424E+000  0.770534213522179E-001  0.136519567110951E+002
      0.84000000 -0.243874269483914E-002  0.389510195698799E-003  0.508599491130408E-001 -0.549007787743970E-004 -0.231506881759424E-002 -0.559453907039143E-001  0.101471043429156E+001  0.162031301708144E+001  0.159903336935825E+002 -0.653450915767176E+000  0.104367629524287E+000  0.136277108668000E+002
      0.85000000 -0.246215652595117E-002  0.409136414526283E-003  0.512283990951539E-001 -0.220026930387287E-003 -0.210729748209669E-002 -0.565746767429077E-001  0.105826170497647E+001  0.155799871399141E+001  0.159806076907625E+002 -0.651963088647238E+000  0.108336670589846E+000  0.135649480236141E+002
      0.86000000 -0.244545251148042E-002  0.346105872493792E-003  0.514519628286738E-001 -0.421325559058255E-003 -0.192616216706873E-002 -0.572237576917400E-001  0.111026701801773E+001  0.150410461415153E+001  0.159762884894551E+002 -0.640010439308842E+000  0.905809335745492E-001  0.134657259458892E+002
      0.87000000 -0.236680691823521E-002  0.233647882268209E-003  0.515649579492658E-001 -0.640087989877197E-003 -0.181364042016688E-002 -0.579515667105019E-001  0.116559480244747E+001  0.146920022221618E+001  0.159924360286596E+002 -0.612307886188690E+000  0.604461816474601E-001  0.133401800375276E+002
      0.88000000 -0.221430000123906E-002  0.123182080881604E-003  0.516206586693875E-001 -0.845764215825517E-003 -0.178452785378112E-002 -0.587907315458194E-001  0.121631812485330E+001  0.145642238327809E+001  0.160366976620454E+002 -0.566343686772276E+000  0.315058455456489E-001  0.132028334589148E+002
      0.89000000 -0.199269685287124E-002  0.653095471987942E-004  0.516753144611789E-001 -0.100168666215555E-002 -0.182067226245050E-002 -0.597439947400174E-001  0.125331923035922E+001  0.146043469847932E+001  0.161088192924112E+002 -0.503938459180765E+000  0.165163068018758E-001  0.130683090655389E+002
      0.90000000 -0.172626880127290E-002  0.908383330370482E-004  0.517735442871816E-001 -0.107494206470688E-002 -0.187735988394517E-002 -0.607891071150578E-001  0.126882448601956E+001  0.146949535462910E+001  0.162023081171814E+002 -0.431710078589515E+000  0.227171016851188E-001  0.129476712181763E+002
      0.91000000 -0.145520429006383E-002  0.199003321528549E-003  0.519391350656014E-001 -0.104713920122520E-002 -0.189954609243103E-002 -0.618899126861065E-001  0.125899376053621E+001  0.146982348212630E+001  0.163075170971325E+002 -0.359922378028710E+000  0.492204078899639E-001  0.128463454466215E+002
      0.92000000 -0.122598033249699E-002  0.357236636795604E-003  0.521733638415954E-001 -0.921676655126756E-003 -0.184183633603553E-002 -0.630096017828063E-001  0.122548467767526E+001  0.145059823339502E+001  0.164150587078594E+002 -0.299931411489716E+000  0.873965804098313E-001  0.127640144334980E+002
      0.93000000 -0.107901530463913E-002  0.512387192178583E-003  0.524603524687132E-001 -0.724307261976169E-003 -0.168481521085430E-002 -0.641217194831667E-001  0.117529364287998E+001  0.140775153224954E+001  0.165184551998904E+002 -0.261138515935062E+000  0.124005684047640E+000  0.126962226858234E+002
      0.94000000 -0.103826417261598E-002  0.609028571932662E-003  0.527765960892046E-001 -0.496753003074193E-003 -0.144191019756870E-002 -0.652157482045433E-001  0.111894300959458E+001  0.134525234352396E+001  0.166153205242967E+002 -0.248602956964355E+000  0.145826378152642E+000  0.126368781590834E+002
      0.95000000 -0.110635610288054E-002  0.608081846575795E-003  0.531007034803266E-001 -0.286179803535026E-003 -0.115467975987017E-002 -0.662964941246880E-001  0.106780186678091E+001  0.127356732475970E+001  0.167069996105911E+002 -0.262118459000814E+000  0.144067064985519E+000  0.125806460793982E+002
      0.96000000 -0.126607119860669E-002  0.499204637651734E-003  0.534200642241876E-001 -0.134769949883211E-003 -0.878683960441672E-003 -0.673789938270334E-001  0.103159716436507E+001  0.120600973397323E+001  0.167971798947075E+002 -0.296833676905894E+000  0.117039822314662E+000  0.125244726376092E+002
      0.97000000 -0.148610510285215E-002  0.302974363600510E-003  0.537332108486749E-001 -0.727255523038655E-004 -0.665307965798873E-003 -0.684819880119363E-001  0.101687491404480E+001  0.115437510449241E+001  0.168902562402004E+002 -0.344829225461067E+000  0.703008252474303E-001  0.124680155144640E+002
      0.98000000 -0.172783416911856E-002  0.627002169641872E-004  0.540488701592016E-001 -0.115550079243284E-003 -0.545994666229734E-003 -0.696225656330159E-001  0.102653813795993E+001  0.112539741965287E+001  0.169900647753208E+002 -0.396827954184393E+000  0.144002238580042E-001  0.124132876606992E+002
      0.99000000 -0.195072885439934E-002 -0.170706747608210E-003  0.543837794247171E-001 -0.264093587381879E-003 -0.524099883792319E-003 -0.708128158511588E-001  0.106004114100652E+001  0.111915304470749E+001  0.170991499405100E+002 -0.443494245254483E+000 -0.388098325503377E-001  0.123640418583329E+002
      1.00000000 -0.211627841829834E-002 -0.355212414852438E-003  0.547607070492782E-001 -0.505150599376368E-003 -0.576631859531798E-003 -0.720575432196843E-001  0.111369651372715E+001  0.112978512192940E+001  0.172183148192560E+002 -0.476320286531551E+000 -0.799492532547412E-001  0.123252382327633E+002
      1.01000000 -0.219204330402664E-002 -0.469784862227392E-003  0.552063812237009E-001 -0.811710071319042E-003 -0.664606351703593E-003 -0.733516332415911E-001  0.118088636698048E+001  0.114810488705217E+001  0.173461202687736E+002 -0.488488148095693E+000 -0.104689691545464E+000  0.123025228915381E+002
      1.02000000 -0.215732995301344E-002 -0.518306485109032E-003  0.557476608699958E-001 -0.114416229428146E-002 -0.747864088909885E-003 -0.746769120568503E-001  0.125247229932754E+001  0.116502463597628E+001  0.174783018876829E+002 -0.476039156654380E+000 -0.114370164709924E+000  0.123013493735336E+002
      1.03000000 -0.200991180559654E-002 -0.524479695875906E-003  0.564046128309189E-001 -0.145501601170175E-002 -0.798891075188851E-003 -0.760004215986210E-001  0.131794853140750E+001  0.117457281711545E+001  0.176075302534786E+002 -0.439203762507471E+000 -0.114608738127743E+000  0.123254752318667E+002
      1.04000000 -0.177062145745526E-002 -0.520128181244353E-003  0.571813736889062E-001 -0.169864111115912E-002 -0.810826642260971E-003 -0.772772096585278E-001  0.136761613697829E+001  0.117547730125504E+001  0.177241620990465E+002 -0.383193963671590E+000 -0.112564985897532E+000  0.123750659068199E+002
      1.05000000 -0.148157953385543E-002 -0.531513717979827E-003  0.580584895754283E-001 -0.184442694270414E-002 -0.797149080593777E-003 -0.784596302818137E-001  0.139536519447540E+001  0.117087421246015E+001  0.178183440973586E+002 -0.317586436725288E+000 -0.113933504011466E+000  0.124452237659701E+002
      1.06000000 -0.119564809700860E-002 -0.568775676184573E-003  0.589917674442636E-001 -0.188832704155213E-002 -0.783635406981063E-003 -0.795118022407953E-001  0.140095683639213E+001  0.116639277347303E+001  0.178830928016054E+002 -0.253877251061756E+000 -0.120770656100072E+000  0.125259830141446E+002
      1.07000000 -0.958982881531116E-003 -0.622226582258635E-003  0.599210122814002E-001 -0.185644104532135E-002 -0.795960322033967E-003 -0.804239909234005E-001  0.139050235721802E+001  0.116743024659449E+001  0.179171857687690E+002 -0.201722040521256E+000 -0.130885355992359E+000  0.126043843954800E+002
      1.08000000 -0.793132939925433E-003 -0.666562296576628E-003  0.607875666686893E-001 -0.179655153566233E-002 -0.847721990552515E-003 -0.812197753600034E-001  0.137440548273778E+001  0.117666721761101E+001  0.179263884714029E+002 -0.165290733582290E+000 -0.138913119646506E+000  0.126682690650758E+002
      1.09000000 -0.685194102667723E-003 -0.671118135990507E-003  0.615544284161147E-001 -0.175886585091228E-002 -0.933278823448186E-003 -0.819507123672213E-001  0.136318883951056E+001  0.119271307851711E+001  0.179220319481883E+002 -0.141485975669092E+000 -0.138579424268463E+000  0.127103959699879E+002
      1.10000000 -0.592289086256501E-003 -0.612240212510762E-003  0.622198926524753E-001 -0.177310590459629E-002 -0.102779916319113E-002 -0.826785636283811E-001  0.136280082535694E+001  0.121030124807566E+001  0.179171232501944E+002 -0.121190149323140E+000 -0.125272412572664E+000  0.127310096646922E+002
      1.11000000 -0.460589247462395E-003 -0.483363009130594E-003  0.628172746950176E-001 -0.183229447185467E-002 -0.109422729403821E-002 -0.834515641885784E-001  0.137153400405901E+001  0.122187626178513E+001  0.179214579120496E+002 -0.933935947331733E-001 -0.980114260861800E-001  0.127374469278897E+002
      1.12000000 -0.251922469008883E-003 -0.299517805893683E-003  0.633991577251992E-001 -0.189192056753070E-002 -0.109453901791309E-002 -0.842852200774194E-001  0.138019915857500E+001  0.121995786756587E+001  0.179379044256432E+002 -0.506261797599278E-001 -0.601909085050214E-001  0.127406545682544E+002
      1.13000000  0.336148986885639E-004 -0.951175006977623E-004  0.640121330175200E-001 -0.188686417268895E-002 -0.100151575461170E-002 -0.851571754954334E-001  0.137582742664757E+001  0.119948287441714E+001  0.179616883876784E+002  0.669544795751683E-002 -0.189455955727036E-001  0.127499984229987E+002
      1.14000000  0.350040474473116E-003  0.839562167221516E-004  0.646733007023982E-001 -0.176026393429734E-002 -0.807526259090415E-003 -0.860197155309917E-001  0.134753553330872E+001  0.115943294846054E+001  0.179831961728288E+002  0.691098082539599E-001  0.165757918370134E-001  0.127686931559016E+002
      1.15000000  0.617901692986271E-003  0.191463713729489E-003  0.653598705437873E-001 -0.149237655438662E-002 -0.528084605648262E-003 -0.868251404514408E-001  0.129208338474382E+001  0.110335510739261E+001  0.179931515135183E+002  0.120933833619856E+000  0.374726937362772E-001  0.127920343955641E+002
      1.16000000  0.752993047988047E-003  0.192136067230768E-003  0.660176161930701E-001 -0.111655757228967E-002 -0.199567768460051E-003 -0.875526939012744E-001  0.121664536774078E+001  0.103872208084942E+001  0.179878258297432E+002  0.146103040126356E+000  0.372801098434346E-001  0.128093804497589E+002
      1.17000000  0.700140071693959E-003  0.705566117050303E-004  0.665852116622446E-001 -0.714483696268222E-003  0.128148231908269E-003 -0.882243802930860E-001  0.113744619985710E+001  0.975347950434427E+000  0.179718439614052E+002  0.134686897300294E+000  0.135730713021180E-001  0.128090876775171E+002
      1.18000000  0.458149261105294E-003 -0.164362923638967E-003  0.670238508319873E-001 -0.391462253975223E-003  0.402447604197339E-003 -0.889017438754256E-001  0.107466793840863E+001  0.923236703876918E+000  0.179572158457212E+002  0.873878910745155E-001 -0.313507637947492E-001  0.127842026019424E+002
      1.19000000  0.854760863404336E-004 -0.480444574669302E-003  0.673387928532553E-001 -0.241151530754830E-003  0.579856572216250E-003 -0.896643158963262E-001  0.104561097301892E+001  0.890326955887797E+000  0.179589497537348E+002  0.161667954403331E-001 -0.908704351315418E-001  0.127363399035569E+002
      1.20000000 -0.315869888328292E-003 -0.829021331404753E-003  0.675829569719497E-001 -0.313415914725993E-003  0.636381106050062E-003 -0.905788239298813E-001  0.105878493940709E+001  0.880639039049202E+000  0.179891521971321E+002 -0.592452117887364E-001 -0.155492961410135E+000  0.126759996665171E+002
      1.21000000 -0.631829991894185E-003 -0.115636763117961E-002  0.678407076662483E-001 -0.597513669379532E-003  0.573523011887213E-003 -0.916724163120974E-001  0.111114469804909E+001  0.893317851545388E+000  0.180521672600705E+002 -0.117527944993055E+000 -0.215098227517803E+000  0.126191840545361E+002
      1.22000000 -0.771041094076319E-003 -0.141723419465141E-002  0.681986799612421E-001 -0.102628317380534E-002  0.417722764938577E-003 -0.929212390511899E-001  0.118933619864325E+001  0.922935460291176E+000  0.181427873166227E+002 -0.142247279772548E+000 -0.261461691910607E+000  0.125817894572621E+002
      1.23000000 -0.690152032543361E-003 -0.158665379552750E-002  0.687158770581668E-001 -0.149855404311595E-002  0.212477630774966E-003 -0.942588164646111E-001  0.127421649396997E+001  0.961119272791119E+000  0.182481748625762E+002 -0.126289119528034E+000 -0.290337637773155E+000  0.125741390332387E+002
      1.24000000 -0.401659051548888E-003 -0.166587652242094E-002  0.694050768294696E-001 -0.191036094279134E-002  0.476327382802382E-005 -0.956001839360052E-001  0.134675283521651E+001  0.999135410137538E+000  0.183525505492134E+002 -0.729058115643040E-001 -0.302376055922734E+000  0.125978324985400E+002
      1.25000000  0.364623151836117E-004 -0.167961318080010E-002  0.702322589683539E-001 -0.218326152060516E-002 -0.170108881586155E-003 -0.968714597351076E-001  0.139311717931864E+001  0.103062973586768E+001  0.184426355469269E+002  0.656538960684642E-002 -0.302430464582884E+000  0.126459919172500E+002
      1.26000000  0.543299325572764E-003 -0.166469805670724E-002  0.711330134473981E-001 -0.228059707715090E-002 -0.299651579035021E-003 -0.980330578339174E-001  0.140738430550406E+001  0.105352692575178E+001  0.185116988363425E+002  0.970498562182617E-001 -0.297365926011296E+000  0.127065291681778E+002
      1.27000000  0.104016043643724E-002 -0.165387485054940E-002  0.720382157481877E-001 -0.220825458667156E-002 -0.396567642279713E-003 -0.990882382073307E-001  0.139135572894220E+001  0.107028130708117E+001  0.185608147390645E+002  0.184341401700564E+000 -0.293106330050252E+000  0.127669013373687E+002
      1.28000000  0.146944214263680E-002 -0.166104409383273E-002  0.728983192659907E-001 -0.200266788283816E-002 -0.490598389216901E-003 -0.100075222247969E+000  0.135214801028078E+001  0.108626654878234E+001  0.185971716004580E+002  0.258385891733047E+000 -0.292077072611197E+000  0.128184000464175E+002
      1.29000000  0.180223544097468E-002 -0.167446813727673E-002  0.736972167592588E-001 -0.171292589241237E-002 -0.612556543956620E-003 -0.101047693580542E+000  0.129886505606077E+001  0.110687662943326E+001  0.186304326652622E+002  0.314447460037542E+000 -0.292155087348468E+000  0.128584213221622E+002
      1.30000000  0.203486180305456E-002 -0.166157407946761E-002  0.744516279499125E-001 -0.138464396077109E-002 -0.777070532503835E-003 -0.102052529469833E+000  0.123972925680653E+001  0.113453750315688E+001  0.186687854337698E+002  0.352304217958389E+000 -0.287675337837707E+000  0.128901247845181E+002
      1.31000000  0.217869026301970E-002 -0.158405712469516E-002  0.751980600278208E-001 -0.105094028820986E-002 -0.971816052748762E-003 -0.103113772428103E+000  0.118056477084272E+001  0.116697023116771E+001  0.187162441083345E+002  0.374326412730379E+000 -0.272160954272266E+000  0.129199733125366E+002
      1.32000000  0.224928696628615E-002 -0.141710615260602E-002  0.759741166047400E-001 -0.731854736078559E-003 -0.115872802779354E-002 -0.104228480879130E+000  0.112478926648920E+001  0.119757584875875E+001  0.187721001655088E+002  0.383528119460628E+000 -0.241632155403656E+000  0.129544208924170E+002
      1.33000000  0.225990305531908E-002 -0.116413483135193E-002  0.768026211751544E-001 -0.439690057768046E-003 -0.128758097297022E-002 -0.105374777203652E+000  0.107440828246895E+001  0.121789596340829E+001  0.188324618643268E+002  0.382440998885037E+000 -0.197005303697081E+000  0.129972261819293E+002
      1.34000000  0.222132108902014E-002 -0.859825129126270E-003  0.776852304705580E-001 -0.185555804220221E-003 -0.131659889588051E-002 -0.106527285787225E+000  0.103116707319002E+001  0.122114389965998E+001  0.188929660908041E+002  0.373106501577571E+000 -0.144421419975038E+000  0.130484803427959E+002
      1.35000000  0.214658947096680E-002 -0.559207722638746E-003  0.786077580953141E-001  0.174601806606815E-004 -0.123111585584636E-002 -0.107672181084854E+000  0.997089006470815E+000  0.120525390657134E+001  0.189513046572937E+002  0.357883356492020E+000 -0.932321431093558E-001  0.131056304402692E+002
      1.36000000  0.205665685006343E-002 -0.316802252176493E-003  0.795540737884918E-001  0.156849346056976E-003 -0.105164126707627E-002 -0.108814404138616E+000  0.974042068652575E+000  0.117404236931258E+001  0.190083430581537E+002  0.340368376797464E+000 -0.524294893121176E-001  0.131658769240866E+002
      1.37000000  0.198237761318486E-002 -0.164605459788584E-003  0.805213454058559E-001  0.228076340413144E-003 -0.827054838773252E-003 -0.109973215120071E+000  0.962529805774051E+000  0.113587514333231E+001  0.190672739782508E+002  0.325680752596503E+000 -0.270426934146578E-001  0.132286867029993E+002
      1.38000000  0.195999871611036E-002 -0.986357924361492E-004  0.815283741745123E-001  0.243044893486523E-003 -0.615183327441873E-003 -0.111167797091569E+000  0.960359995982258E+000  0.110033483617625E+001  0.191311849845458E+002  0.319670805943894E+000 -0.160872468965449E-001  0.132970704855269E+002
      1.39000000  0.202039360278133E-002 -0.802684177863738E-004  0.826115772006315E-001  0.234643816193924E-003 -0.458717960277928E-003 -0.112399817398122E+000  0.962005512694901E+000  0.107427749003194E+001  0.192002385764937E+002  0.327150403267972E+000 -0.129973908115449E-001  0.133768047763488E+002
      1.40000000  0.217566838078512E-002 -0.522461621768164E-004  0.838089361981072E-001  0.253441591996087E-003 -0.366666463581993E-003 -0.113642230160801E+000  0.959254830597635E+000  0.105894804816821E+001  0.192699764576757E+002  0.349776751480582E+000 -0.839948451929973E-002  0.134737525752150E+002
      1.41000000  0.240883845594319E-002  0.370863222197379E-004  0.851385761303003E-001  0.355669549189876E-003 -0.309255606987083E-003 -0.114841638079042E+000  0.943225430827814E+000  0.104936563698176E+001  0.193318604019285E+002  0.384516374407293E+000  0.591998941433812E-002  0.135904408762040E+002
      1.42000000  0.267199095522579E-002  0.211241519621599E-003  0.865824962159229E-001  0.585544856458474E-003 -0.228475059138053E-003 -0.115935558000517E+000  0.907189288612282E+000  0.103621401936857E+001  0.193761525602661E+002  0.423519015905899E+000  0.334824488584567E-001  0.137235994456969E+002
      1.43000000  0.289556670255070E-002  0.453764906442392E-003  0.880850058554901E-001  0.958073617647152E-003 -0.599191168310384E-004 -0.116878360340149E+000  0.849204243879422E+000  0.100943095432562E+001  0.193960401340652E+002  0.455746992993089E+000  0.714202133401863E-001  0.138641173456840E+002
      1.44000000  0.300706917409930E-002  0.711468044903619E-003  0.895693568230794E-001  0.144926676408770E-002  0.242840744349466E-003 -0.117664119792626E+000  0.773477098352192E+000  0.962043571679516E+000  0.193911054167029E+002  0.470010112459484E+000  0.111203685860216E+000  0.139998453763368E+002
      1.45000000  0.295338106516431E-002  0.910848868883271E-003  0.909672554699105E-001  0.199859544830643E-002  0.690618473523249E-003 -0.118334310385090E+000  0.689770446874138E+000  0.892799585527359E+000  0.193682997283575E+002  0.458434991850251E+000  0.141385410338195E+000  0.141202818396440E+002
      1.46000000  0.271876515948812E-002  0.980897203893768E-003  0.922485453697702E-001  0.252414338632034E-002  0.125363571813637E-002 -0.118964154907969E+000  0.610876516192532E+000  0.806738753150693E+000  0.193395866720091E+002  0.419126495050913E+000  0.151215711161548E+000  0.142210920128373E+002
      1.47000000  0.233162231079380E-002  0.873820960519945E-003  0.934364178220307E-001  0.294597616969381E-002  0.186975768458059E-002 -0.119631343117478E+000  0.548935996524887E+000  0.713717851688211E+000  0.193169820322352E+002  0.356999117955477E+000  0.133792385976279E+000  0.143062272963189E+002
      1.48000000  0.185695895511379E-002  0.577142805877105E-003  0.945987837614799E-001  0.320980490804445E-002  0.246163438464393E-002 -0.120380190369488E+000  0.511861348686398E+000  0.625641145498978E+000  0.193071013520373E+002  0.282401412503980E+000  0.877703533227624E-001  0.143863331399070E+002
      1.49000000  0.137679141865985E-002  0.114758488909489E-003  0.958171300340101E-001  0.330259058785900E-002  0.295607276466908E-002 -0.121198233484997E+000  0.501121547956842E+000  0.553465388538795E+000  0.193078057975565E+002  0.207973575123825E+000  0.173350392011781E-001  0.144738199419303E+002
      1.50000000  0.965242654632627E-003 -0.461247314270249E-003  0.971454604012016E-001  0.325458237472117E-002  0.329964552785865E-002 -0.122018112648941E+000  0.511651020374964E+000  0.504889309556302E+000  0.193087763489127E+002  0.144834332399034E+000 -0.692100028034972E-001  0.145766433292983E+002
      1.51000000  0.667014508731904E-003 -0.108377673130455E-002  0.985781414727849E-001  0.312727759067236E-002  0.346731187203831E-002 -0.122746609148551E+000  0.533860655600678E+000  0.483176521431719E+000  0.192961129150815E+002  0.994224838666394E-001 -0.161543374503229E+000  0.146936589112795E+002
      1.52000000  0.486496533161323E-003 -0.168454217645752E-002  0.100043040429454E+000  0.299190257638945E-002  0.346392754450021E-002 -0.123309751002466E+000  0.556973060729545E+000  0.487077811288066E+000  0.192591311628703E+002  0.720381311052733E-001 -0.249439126259445E+000  0.148139054882789E+002
      1.53000000  0.390664522573425E-003 -0.220576272359517E-002  0.101425740330947E+000  0.290621232403907E-002  0.332044212268150E-002 -0.123694215084712E+000  0.572474341299643E+000  0.511538027027947E+000  0.191963479901629E+002  0.574696851852654E-001 -0.324484262055260E+000  0.149204881162621E+002
      1.54000000  0.323865075036948E-003 -0.260879164838978E-002  0.102616453375731E+000  0.289753788359337E-002  0.308682058976719E-002 -0.123965397118013E+000  0.576518271072226E+000  0.548854174557564E+000  0.191178237551291E+002  0.473336147536000E-001 -0.381280812212318E+000  0.149976272400272E+002
      1.55000000  0.228585425138467E-003 -0.287966308991444E-002  0.103560148154256E+000  0.295723422275192E-002  0.282289766242242E-002 -0.124251942718065E+000  0.570581944733352E+000  0.590088869157561E+000  0.190425436695517E+002  0.331927406933351E-001 -0.418154001593921E+000  0.150379016587139E+002
      1.56000000  0.647876535318346E-004 -0.303131034160330E-002  0.104287789394338E+000  0.304730132432656E-002  0.258763428797028E-002 -0.124701185656259E+000  0.560339876505427E+000  0.626659955966374E+000  0.189917024443478E+002  0.934746673239641E-002 -0.437352968182172E+000  0.150464878540437E+002
      1.57000000 -0.178357597248670E-003 -0.310149654058171E-002  0.104913975890410E+000  0.311576180069469E-002  0.242745512120606E-002 -0.125423138035313E+000  0.553325796508114E+000  0.652001130980145E+000  0.189806043802467E+002 -0.255692645278640E-001 -0.444629142249673E+000  0.150404201648429E+002
      1.58000000 -0.481273713596177E-003 -0.314538118030343E-002  0.105600466905947E+000  0.311487358212513E-002  0.236548290439763E-002 -0.126446303522911E+000  0.556279377126355E+000  0.663031734655449E+000  0.190125552706948E+002 -0.685585036885869E-001 -0.448066497628800E+000  0.150430197938518E+002
      1.59000000 -0.802474201331625E-003 -0.322278304632984E-002  0.106499732848034E+000  0.301607786844328E-002  0.239467867155731E-002 -0.127704016107023E+000  0.573055226899215E+000  0.661018187635512E+000  0.190773058783835E+002 -0.113595265358185E+000 -0.456205189814456E+000  0.150757063508996E+002
      1.60000000 -0.109296135822926E-002 -0.338233562955313E-002  0.107701224929075E+000  0.281741444732425E-002  0.247801965891054E-002 -0.129057306516909E+000  0.603669924398852E+000  0.651413117551847E+000  0.191546921849942E+002 -0.153748575452763E+000 -0.475798417603191E+000  0.151504989473649E+002
      1.61000000 -0.131143690946339E-002 -0.364678893386583E-002  0.109201873467455E+000  0.254201693222083E-002  0.255729288462615E-002 -0.130345142160969E+000  0.644631574165217E+000  0.642496029318683E+000  0.192219667374468E+002 -0.183336021169017E+000 -0.509813143395311E+000  0.152661838638640E+002
      1.62000000 -0.143566515036450E-002 -0.400442775273140E-002  0.110912154098394E+000  0.222912825198354E-002  0.256922135624305E-002 -0.131441846099520E+000  0.690296354728790E+000  0.643045563291803E+000  0.192618558810941E+002 -0.199463951910833E+000 -0.556354651708604E+000  0.154095657791736E+002
      1.63000000 -0.146700641075272E-002 -0.441026589832468E-002  0.112694511037359E+000  0.192104152489729E-002  0.246467658502139E-002 -0.132299078070310E+000  0.734737765495038E+000  0.659671272171075E+000  0.192681886971460E+002 -0.202567926567946E+000 -0.608980582558300E+000  0.155611408846626E+002
      1.64000000 -0.142735187666560E-002 -0.479766358667690E-002  0.114418198056269E+000  0.165013634838588E-002  0.222505912821848E-002 -0.132956568474174E+000  0.773534391649678E+000  0.694631677206349E+000  0.192470316426445E+002 -0.195890546496499E+000 -0.658433955399966E+000  0.157028156215738E+002
      1.65000000 -0.134980867369224E-002 -0.509748159663415E-002  0.116008739414784E+000  0.142981151866389E-002  0.187038078304905E-002 -0.133518599425438E+000  0.804961152167528E+000  0.744863635400859E+000  0.192131095296234E+002 -0.184125757188768E+000 -0.695341256156479E+000  0.158246108515759E+002
      1.66000000 -0.126608919505407E-002 -0.525924520664205E-002  0.117473143722061E+000  0.125188556516606E-002  0.145602075554449E-002 -0.134106613682190E+000  0.830260538787902E+000  0.802582452073428E+000  0.191831191163024E+002 -0.171665289380048E+000 -0.713085502858497E+000  0.159278361194532E+002
      1.67000000 -0.119441705669010E-002 -0.526799721979514E-002  0.118892051610295E+000  0.109126449421501E-002  0.105858831817591E-002 -0.134807084599687E+000  0.852924670705902E+000  0.857328607035269E+000  0.191686442322478E+002 -0.160977730750371E+000 -0.709995083620038E+000  0.160236933701518E+002
      1.68000000 -0.113173435519938E-002 -0.515170182470595E-002  0.120382915831804E+000  0.916682442709058E-003  0.754560752559476E-003 -0.135634865720594E+000  0.877189384734285E+000  0.898909299491621E+000  0.191713977867859E+002 -0.151621745987227E+000 -0.690188489797934E+000  0.161280496625340E+002
      1.69000000 -0.105300726561157E-002 -0.497664349353227E-002  0.122049127485963E+000  0.704478561308529E-003  0.597432201651142E-003 -0.136525705784433E+000  0.906177424153595E+000  0.920433876726661E+000  0.191825169557348E+002 -0.140239688573560E+000 -0.662790235610820E+000  0.162545237704180E+002
      1.70000000 -0.918547372560111E-003 -0.483139821618320E-002  0.123934870087777E+000  0.451145067875716E-003  0.599632460082433E-003 -0.137360259028153E+000  0.940269855149320E+000  0.920610605660528E+000  0.191860531183701E+002 -0.121612695166029E+000 -0.639661465529838E+000  0.164085751336029E+002
      1.71000000 -0.687826168363922E-003 -0.480291430353007E-002  0.126002908733957E+000  0.180245983982414E-003  0.724536862241792E-003 -0.138010062124944E+000  0.976275571350578E+000  0.904634640326807E+000  0.191652306445008E+002 -0.905334060377587E-001 -0.632171631155483E+000  0.165848189891991E+002
      1.72000000 -0.335902089598828E-003 -0.495053868254788E-002  0.128143679330397E+000 -0.594391096359164E-004  0.891734796571740E-003 -0.138387867969521E+000  0.100777803913419E+001  0.883310026217732E+000  0.191090574767632E+002 -0.439552276970532E-001 -0.647813936716935E+000  0.167685310014976E+002
      1.73000000  0.132870130938705E-003 -0.528505230474071E-002  0.130212247775136E+000 -0.205161826827297E-003  0.995605521272471E-003 -0.138483251544183E+000  0.102669173041710E+001  0.870470863968536E+000  0.190167903291859E+002  0.172865185027112E-001 -0.687589857918048E+000  0.169407256133652E+002
      1.74000000  0.679006594755149E-003 -0.575944445873264E-002  0.132079266617149E+000 -0.198293725922439E-003  0.933548953898951E-003 -0.138370011062988E+000  0.102564991914393E+001  0.879242497093563E+000  0.188985975436176E+002  0.878316455684341E-001 -0.745002314083417E+000  0.170848698997385E+002
      1.75000000  0.123305894739373E-002 -0.627580818816968E-002  0.133676810776874E+000 -0.396001170512189E-005  0.636718019121120E-003 -0.138182530237022E+000  0.100050931292371E+001  0.918109152183581E+000  0.187722071854466E+002  0.158588636692070E+000 -0.807156759866533E+000  0.171927086075302E+002
      1.76000000  0.171144264126239E-002 -0.670839573542140E-002  0.135021942204417E+000  0.374310070411164E-003  0.940409316529401E-004 -0.138070012357972E+000  0.952132017984459E+000  0.987973741609081E+000  0.186568395853660E+002  0.218864818364596E+000 -0.857891336088157E+000  0.172670425191738E+002
      1.77000000  0.203881627954882E-002 -0.693747275568261E-002  0.136209394716268E+000  0.890468246364548E-003 -0.638990592633366E-003 -0.138145876258627E+000  0.886767408608442E+000  0.108125450960672E+001  0.185667303384313E+002  0.259257364478886E+000 -0.882174093283365E+000  0.173204859337393E+002
      1.78000000  0.217018336804805E-002 -0.688403785149756E-002  0.137376667484010E+000  0.146482112340715E-002 -0.145127322325186E-002 -0.138451298189244E+000  0.814778725915683E+000  0.118350819165546E+001  0.185066603283215E+002  0.274411750351804E+000 -0.870461410833047E+000  0.173707772056569E+002
      1.79000000  0.210537322799909E-002 -0.653390834394092E-002  0.138655396047059E+000  0.200405888390827E-002 -0.220477574408408E-002 -0.138946122035432E+000  0.748009758650063E+000  0.127722836705813E+001  0.184710768767756E+002  0.264729500772230E+000 -0.821573235082351E+000  0.174345210087993E+002
      1.80000000  0.189064126230226E-002 -0.594245511911606E-002  0.140127849681593E+000  0.242662381377815E-002 -0.277224862572827E-002 -0.139529396830442E+000  0.696571600963626E+000  0.134664580371271E+001  0.184469488259306E+002  0.236408399239805E+000 -0.743052809793177E+000  0.175217801984295E+002
      1.81000000  0.160623377059138E-002 -0.521791138966823E-002  0.141804730387444E+000  0.268543452267373E-002 -0.307131870220823E-002 -0.140080114109115E+000  0.666064747691268E+000  0.138192016118169E+001  0.184190388384111E+002  0.199736048270951E+000 -0.648850136438487E+000  0.176334958162956E+002
      1.82000000  0.134349702064353E-002 -0.448920618061748E-002  0.143631281491009E+000  0.278053851922240E-002 -0.308328347675908E-002 -0.140501160096853E+000  0.656138302067865E+000  0.138130135015032E+001  0.183753994553004E+002  0.166146652345045E+000 -0.555168018339937E+000  0.177624931243459E+002
      1.83000000  0.117876569264355E-002 -0.387018296489735E-002  0.145517002261633E+000  0.275747817606516E-002 -0.285078514086739E-002 -0.140749166424851E+000  0.660853554507079E+000  0.135062241136895E+001  0.183109545937352E+002  0.144978189926974E+000 -0.475999704130088E+000  0.178973579933247E+002
      1.84000000  0.115246453872576E-002 -0.343304534560982E-002  0.147375023970266E+000  0.269194978768090E-002 -0.245693029136773E-002 -0.140839780845602E+000  0.670712376831477E+000  0.130053931155685E+001  0.182279575549503E+002  0.140973026495396E+000 -0.419940723730772E+000  0.180273687048897E+002
      1.85000000  0.126009119002802E-002 -0.319935372414840E-002  0.149154262885617E+000  0.266601077624302E-002 -0.199553950039780E-002 -0.140828711279733E+000  0.675648099000345E+000  0.124278110060232E+001  0.181334867157900E+002  0.153305071592572E+000 -0.389239410299842E+000  0.181463890319782E+002
      1.86000000  0.145759574920033E-002 -0.314900719498267E-002  0.150851775596854E+000  0.274394103774478E-002 -0.154476767761439E-002 -0.140778916830180E+000  0.667961757664954E+000  0.118692892355757E+001  0.180353456794913E+002  0.176380441103534E+000 -0.381054403042793E+000  0.182542400632149E+002
      1.87000000  0.167860862454301E-002 -0.324020471858571E-002  0.152502046949995E+000  0.295581957965002E-002 -0.115328660751595E-002 -0.140729307034158E+000  0.644235515728313E+000  0.113881037190671E+001  0.179382765049710E+002  0.202038492374850E+000 -0.389993275834116E+000  0.183552516050271E+002
      1.88000000  0.185683655615867E-002 -0.342991278677474E-002  0.154149958018789E+000  0.329391114619039E-002 -0.841359955785213E-003 -0.140678483955525E+000  0.605651397535194E+000  0.110072801238658E+001  0.178420947264746E+002  0.222301351927363E+000 -0.410630783287864E+000  0.184549059816090E+002
      1.89000000  0.194529102303837E-002 -0.368622371606801E-002  0.155820638166284E+000  0.372212479891240E-002 -0.612131779018706E-003 -0.140589698638996E+000  0.556743205132146E+000  0.107289695672855E+001  0.177424099343385E+002  0.231658934221966E+000 -0.438981441467952E+000  0.185562173165264E+002
      1.90000000  0.192549641634413E-002 -0.398967316295448E-002  0.157499906465619E+000  0.419388707764349E-002 -0.464802973792142E-003 -0.140413807622577E+000  0.503191054329985E+000  0.105506068024219E+001  0.176334558921128E+002  0.228094802455394E+000 -0.472617712627852E+000  0.186574795710229E+002
      1.91000000  0.180395187479918E-002 -0.432669356926367E-002  0.159133869042353E+000  0.467063824413986E-002 -0.402530426918178E-003 -0.140119614095303E+000  0.449611768263235E+000  0.104743420455860E+001  0.175117019564324E+002  0.212577774301977E+000 -0.509857774971483E+000  0.187523426592804E+002
      1.92000000  0.159836645099769E-002 -0.468160595012037E-002  0.160648021836877E+000  0.513307933053569E-002 -0.432540836875078E-003 -0.139718324211491E+000  0.398268117460792E+000  0.105070516064297E+001  0.173786617816074E+002  0.187370580428178E+000 -0.548807329922700E+000  0.188321727332462E+002
      1.93000000  0.132051828546796E-002 -0.503256590118162E-002  0.161978365567928E+000  0.558041841282581E-002 -0.560974882665790E-003 -0.139271516571153E+000  0.349217704427301E+000  0.106542027763739E+001  0.172416920304315E+002  0.153997399045818E+000 -0.586892334500312E+000  0.188897399404916E+002
      1.94000000  0.964211151654825E-003 -0.535295768837716E-002  0.163102435561254E+000  0.601808037840453E-002 -0.787386970889051E-003 -0.138878526789940E+000  0.301795683338645E+000  0.109135088722484E+001  0.171123781670083E+002  0.111865635871898E+000 -0.621038259698581E+000  0.189227822505487E+002
      1.95000000  0.504888762316570E-003 -0.561578310367872E-002  0.164058119766421E+000  0.643963168323749E-002 -0.110257865936805E-002 -0.138646852347287E+000  0.256719579777702E+000  0.112726273327036E+001  0.170030100701941E+002  0.582756825047964E-001 -0.648189497552302E+000  0.189360501033439E+002
      1.96000000 -0.874255926072984E-004 -0.579722445373094E-002  0.164942334882469E+000  0.681182331027281E-002 -0.148994371382460E-002 -0.138655404282382E+000  0.217771601929804E+000  0.117109608270698E+001  0.169223441118938E+002 -0.100394238283327E-001 -0.665718030421682E+000  0.189409754939613E+002
      1.97000000 -0.826229909820071E-003 -0.587740593934695E-002  0.165888454172855E+000  0.707116992292442E-002 -0.192753627084737E-002 -0.138923266163012E+000  0.192111691931113E+000  0.122022296643556E+001  0.168721235206044E+002 -0.943976019804638E-001 -0.671499566822641E+000  0.189529234950763E+002
      1.98000000 -0.168674704529021E-002 -0.583975806904828E-002  0.167028631156970E+000  0.713625977487901E-002 -0.238788004872894E-002 -0.139395302213339E+000  0.188792913053412E+000  0.127143984095508E+001  0.168456194995283E+002 -0.191739258405687E+000 -0.663828571423579E+000  0.189868101206866E+002
      1.99000000 -0.259452527210077E-002 -0.567252221570829E-002  0.168452627004000E+000  0.693350449976564E-002 -0.283526855489332E-002 -0.139950887507717E+000  0.215801511591311E+000  0.132067669604241E+001  0.168288315005371E+002 -0.293447966549721E+000 -0.641577913041450E+000  0.190524568736452E+002
      2.00000000 -0.343166520557825E-002 -0.537488343063758E-002  0.170176674547515E+000  0.642785866891994E-002 -0.322389387161286E-002 -0.140434645725188E+000  0.276626492882225E+000  0.136280813511974E+001  0.168041281601701E+002 -0.386190148675171E+000 -0.604874574540517E+000  0.191512141504133E+002
      2.01000000 -0.406147568412471E-002 -0.496633128353370E-002  0.172133445669058E+000  0.564681306264159E-002 -0.350167310462662E-002 -0.140700578185518E+000  0.367684789837053E+000  0.139210810425485E+001  0.167552790713077E+002 -0.454793318335499E+000 -0.556116658095530E+000  0.192750485392173E+002
      2.02000000 -0.436501064155859E-002 -0.449366817596204E-002  0.174187763744852E+000  0.468727751269849E-002 -0.362238557151253E-002 -0.140655849440458E+000  0.477729407173963E+000  0.140361712204003E+001  0.166722988286277E+002 -0.486362646393924E+000 -0.500698056785646E+000  0.194085258207150E+002
      2.03000000 -0.427765180733577E-002 -0.402878283087912E-002  0.176174176532703E+000  0.370057975509429E-002 -0.356348365563510E-002 -0.140289789866816E+000  0.589701427319038E+000  0.139509816148842E+001  0.165545088481953E+002 -0.474280936266777E+000 -0.446687804221949E+000  0.195331591151641E+002
      2.04000000 -0.381295136744800E-002 -0.365355247774699E-002  0.177944785467223E+000  0.285865319764396E-002 -0.334175572641721E-002 -0.139678074106997E+000  0.684602984473257E+000  0.136869802311104E+001  0.164107702690828E+002 -0.420685336239059E+000 -0.403098755911159E+000  0.196327607389257E+002
      2.05000000 -0.306488259001269E-002 -0.343489096601333E-002  0.179411799543093E+000  0.231149499385528E-002 -0.301744106476515E-002 -0.138960318735554E+000  0.746215337662632E+000  0.133129219997449E+001  0.162567916704748E+002 -0.336500920520162E+000 -0.377125040847025E+000  0.196980582209446E+002
      2.06000000 -0.218700670118100E-002 -0.339947934310116E-002  0.180570927703223E+000  0.214935264968538E-002 -0.268119142866933E-002 -0.138298573908133E+000  0.765162887230009E+000  0.129294553129033E+001  0.161104276915876E+002 -0.238951174154295E+000 -0.371425281920098E+000  0.197290822975145E+002
      2.07000000 -0.135498770241106E-002 -0.352012292100258E-002  0.181498551252903E+000  0.238152094705503E-002 -0.242611710318313E-002 -0.137830766974414E+000  0.741053326800757E+000  0.126379568629784E+001  0.159865650422515E+002 -0.147330032179273E+000 -0.382748730710600E+000  0.197346347490831E+002
      2.08000000 -0.724324626896970E-003 -0.372195472450119E-002  0.182325005825755E+000  0.293779715389078E-002 -0.231512655464503E-002 -0.137634410202171E+000  0.682104232069894E+000  0.125051727379120E+001  0.158932667004867E+002 -0.783783635957121E-001 -0.402748587927312E+000  0.197291864290486E+002
      2.09000000 -0.396167578444891E-003 -0.390816096510916E-002  0.183194449240721E+000  0.369091949628022E-002 -0.235745514301476E-002 -0.137711349014968E+000  0.602520658032202E+000  0.125387704064217E+001  0.158302926799495E+002 -0.426637396312628E-001 -0.420874324211455E+000  0.197284197636227E+002
      2.10000000 -0.400535450120999E-003 -0.399566411356726E-002  0.184225443762369E+000  0.449168577729334E-002 -0.250529212145479E-002 -0.137996061748988E+000  0.518588625077672E+000  0.126851302263143E+001  0.157901872736251E+002 -0.429287201528325E-001 -0.428248601975747E+000  0.197449751773957E+002
      2.11000000 -0.699826825621633E-003 -0.394602810035358E-002  0.185484367095431E+000  0.520525573404398E-002 -0.267285316330342E-002 -0.138381654251848E+000  0.444753420988899E+000  0.128511424816591E+001  0.157612228960635E+002 -0.746507896404013E-001 -0.420924295625488E+000  0.197856869195098E+002
      2.12000000 -0.120882561791507E-002 -0.377854879193700E-002  0.186977498196442E+000  0.573818848032511E-002 -0.277021467182404E-002 -0.138752656457238E+000  0.390792524529607E+000  0.129410596959641E+001  0.157309827561355E+002 -0.128337646192524E+000 -0.401157992347303E+000  0.198508797744424E+002
      2.13000000 -0.182287006558940E-002 -0.356034489940647E-002  0.188660275303184E+000  0.605016745541138E-002 -0.273768114327247E-002 -0.139013629198496E+000  0.360686217451362E+000  0.128928741229338E+001  0.156893998825131E+002 -0.192620446510832E+000 -0.376217283503690E+000  0.199355001509698E+002
      2.14000000 -0.244477780368842E-002 -0.337841212331498E-002  0.190457035498708E+000  0.615009586093434E-002 -0.256657044862655E-002 -0.139106584132405E+000  0.353163695431018E+000  0.126993903541421E+001  0.156305343617440E+002 -0.257129494529512E+000 -0.355324479905606E+000  0.200313178537077E+002
      2.15000000 -0.300333541372289E-002 -0.330611717716508E-002  0.192283214205286E+000  0.608108827207869E-002 -0.229883510534038E-002 -0.139015715890120E+000  0.363396351682522E+000  0.124065541387705E+001  0.155529727492125E+002 -0.314406598943107E+000 -0.346103552946606E+000  0.201293239296218E+002
      2.16000000 -0.346032870556711E-002 -0.337806738959478E-002  0.194064022147604E+000  0.590130127567671E-002 -0.200748230635073E-002 -0.138762172663604E+000  0.385077603107486E+000  0.120918197086946E+001  0.154591783788452E+002 -0.360570240742249E+000 -0.351998516773889E+000  0.202216948559235E+002
      2.17000000 -0.380739348801766E-002 -0.358244720979150E-002  0.195746984869946E+000  0.566713956090272E-002 -0.176764041250310E-002 -0.138393090518075E+000  0.412198825499930E+000  0.118334136638019E+001  0.153542646647406E+002 -0.394906520298260E+000 -0.371574875626411E+000  0.203030658368105E+002
      2.18000000 -0.405686068182603E-002 -0.387158722723903E-002  0.197308260814694E+000  0.542283231417048E-002 -0.163085873959223E-002 -0.137968297262095E+000  0.440118706602207E+000  0.116837830262352E+001  0.152445615581992E+002 -0.418851307598078E+000 -0.399722716600457E+000  0.203711267217928E+002
      2.19000000 -0.423148917223013E-002 -0.418392708328807E-002  0.198753370636579E+000  0.519703612476898E-002 -0.161215811549232E-002 -0.137546604615491E+000  0.465881161029858E+000  0.116568751884928E+001  0.151361789677336E+002 -0.434885967602688E+000 -0.429997833844361E+000  0.204266272192847E+002
      2.20000000 -0.435668311879741E-002 -0.446699310752492E-002  0.200112477771752E+000  0.500439085074076E-002 -0.169265311262744E-002 -0.137173025544689E+000  0.488017854333734E+000  0.117316956215428E+001  0.150337040092518E+002 -0.445717378533638E+000 -0.457002816941945E+000  0.204728245254882E+002
      2.21000000 -0.445637162084064E-002 -0.469247351317916E-002  0.201430148640525E+000  0.484879984869325E-002 -0.183382086205898E-002 -0.136868955892776E+000  0.506180472864272E+000  0.118676302986556E+001  0.149392355196402E+002 -0.453853199805241E+000 -0.477898680845643E+000  0.205143837354620E+002
      2.22000000 -0.455141531678092E-002 -0.485937217614852E-002  0.202750706729950E+000  0.472585030272833E-002 -0.199569504469059E-002 -0.136628339225824E+000  0.520870113257812E+000  0.120233335367871E+001  0.148520512723920E+002 -0.461444812161513E+000 -0.492666989272179E+000  0.205558612587318E+002
      2.23000000 -0.465827404707846E-002 -0.498669003863701E-002  0.204102674334071E+000  0.462367796948776E-002 -0.215145924180868E-002 -0.136422522632122E+000  0.533330958416542E+000  0.121714735087659E+001  0.147691613272503E+002 -0.470160832854031E+000 -0.503307945830476E+000  0.206001369569114E+002
      2.24000000 -0.478621488045840E-002 -0.510062686245253E-002  0.205487857399365E+000  0.452360990352808E-002 -0.229405871300656E-002 -0.136214037133436E+000  0.545469109919435E+000  0.123050629275232E+001  0.146867433001772E+002 -0.480917354972383E+000 -0.512509371321169E+000  0.206473548153735E+002
      2.25000000 -0.493322403629127E-002 -0.522194794398272E-002  0.206880529822707E+000  0.440289695165361E-002 -0.243440395303848E-002 -0.135975555663018E+000  0.559564538820759E+000  0.124352099073097E+001  0.146020572875439E+002 -0.493485727098026E+000 -0.522367676603975E+000  0.206949021432919E+002
      2.26000000 -0.508292185172047E-002 -0.535757268949265E-002  0.208239048106686E+000  0.424105983945352E-002 -0.259362287071871E-002 -0.135706800807752E+000  0.577630804381448E+000  0.125830015305431E+001  0.145151057676477E+002 -0.506210639597995E+000 -0.533563249044021E+000  0.207386272711792E+002
      2.27000000 -0.520578241504300E-002 -0.549807394965559E-002  0.209526972720793E+000  0.402902355751814E-002 -0.279289833039780E-002 -0.135441431827088E+000  0.600515231719754E+000  0.127692077904765E+001  0.144292560558566E+002 -0.516162477608316E+000 -0.545143697079496E+000  0.207749676691859E+002
      2.28000000 -0.526685882795921E-002 -0.562084228976480E-002  0.210735775943574E+000  0.377749075985023E-002 -0.304411818255034E-002 -0.135239017457067E+000  0.627097891340557E+000  0.130050585466596E+001  0.143503740945672E+002 -0.519927880124177E+000 -0.554872023665406E+000  0.208031786747398E+002
      2.29000000 -0.523910948286545E-002 -0.569753855600391E-002  0.211899140104794E+000  0.351960267329215E-002 -0.334373531888602E-002 -0.135163215403162E+000  0.654073022671337E+000  0.132864171306229E+001  0.142846252519475E+002 -0.514930086016315E+000 -0.559987155893476E+000  0.208266772812824E+002
      2.30000000 -0.511767609112951E-002 -0.570380265404384E-002  0.213091166790232E+000  0.330417579006796E-002 -0.367143154630222E-002 -0.135253663897524E+000  0.676658399076669E+000  0.135928068882720E+001  0.142357171633632E+002 -0.500807973137178E+000 -0.558165424204426E+000  0.208527764229992E+002
      2.31000000 -0.492821002533947E-002 -0.562860698410595E-002  0.214406924358743E+000  0.317973710043476E-002 -0.399432050267179E-002 -0.135502824233431E+000  0.690182810619438E+000  0.138918599636861E+001  0.142026965850070E+002 -0.480179376628030E+000 -0.548422445272308E+000  0.208907052974518E+002
      2.32000000 -0.472338009450426E-002 -0.548021935365822E-002  0.215931171955339E+000  0.317464072416099E-002 -0.427612820833157E-002 -0.135848132358254E+000  0.692012653803267E+000  0.141484800747936E+001  0.141792884317197E+002 -0.458238089530370E+000 -0.531662749256529E+000  0.209485338311003E+002
      2.33000000 -0.456632735910870E-002 -0.528605429863890E-002  0.217706591555348E+000  0.328208254862776E-002 -0.448899063894174E-002 -0.136184405113000E+000  0.682955769499853E+000  0.143362973409694E+001  0.141552084036471E+002 -0.441100344775204E+000 -0.510624883031862E+000  0.210301288196830E+002
      2.34000000 -0.450632919259370E-002 -0.508530153058111E-002  0.219713969529550E+000  0.345842375988911E-002 -0.462383476556977E-002 -0.136393615234194E+000  0.667349160117284E+000  0.144474668954246E+001  0.141191125820132E+002 -0.433444336142416E+000 -0.489133183973645E+000  0.211333374890744E+002
      2.35000000 -0.455708382977231E-002 -0.491599611184358E-002  0.221872878397601E+000  0.363819364350829E-002 -0.469485751690881E-002 -0.136382085680203E+000  0.651546987119389E+000  0.144965645238018E+001  0.140621823120944E+002 -0.436460987519741E+000 -0.470836306236144E+000  0.212501808671145E+002
      2.36000000 -0.468869352641983E-002 -0.480106348062687E-002  0.224063971888523E+000  0.376126261654484E-002 -0.473521287676865E-002 -0.136111737645863E+000  0.641286327686856E+000  0.145159984116465E+001  0.139810508421032E+002 -0.447163265286151E+000 -0.457880049260224E+000  0.213691035121166E+002
      2.37000000 -0.483937432849661E-002 -0.473925204331121E-002  0.226165889049576E+000  0.380070522574365E-002 -0.478447504278355E-002 -0.135613665553822E+000  0.639054096276677E+000  0.145437269285236E+001  0.138789774958092E+002 -0.459586375871306E+000 -0.450077948734072E+000  0.214785536803674E+002
      2.38000000 -0.494387034447113E-002 -0.470559832873216E-002  0.228094075687611E+000  0.377773011828285E-002 -0.487237289496492E-002 -0.134978445932477E+000  0.642743411251775E+000  0.146077598585992E+001  0.137647919884474E+002 -0.467537436285179E+000 -0.445004262958398E+000  0.215706545577362E+002
      2.39000000 -0.496669675203789E-002 -0.466227032952079E-002  0.229827751994197E+000  0.375465223689882E-002 -0.500568260237336E-002 -0.134325962633997E+000  0.646411531870762E+000  0.147140228485615E+001  0.136499362287065E+002 -0.467730853727762E+000 -0.439061974267226E+000  0.216436670119775E+002
      2.40000000 -0.492439133208780E-002 -0.457587467535711E-002  0.231415260307809E+000  0.380675287824645E-002 -0.516450599823887E-002 -0.133765060375649E+000  0.642998764946072E+000  0.148433273153891E+001  0.135446261652707E+002 -0.461814528988816E+000 -0.429130275277280E+000  0.217023632430457E+002
      2.41000000 -0.488461534730753E-002 -0.443392251223867E-002  0.232955729902302E+000  0.398451164795484E-002 -0.531039344393027E-002 -0.133357204587012E+000  0.627878867786427E+000  0.149594775858396E+001  0.134544833455882E+002 -0.456183531148877E+000 -0.414092468834515E+000  0.217561793328873E+002
      2.42000000 -0.494016626330774E-002 -0.425297965932437E-002  0.234563606428527E+000  0.428365355842330E-002 -0.540349575333159E-002 -0.133096991194074E+000  0.601594569549975E+000  0.150255745992991E+001  0.133788171347349E+002 -0.459465043048965E+000 -0.395552574165684E+000  0.218158199099239E+002
      2.43000000 -0.516812094086445E-002 -0.407438238583123E-002  0.236328872323979E+000  0.463819832642604E-002 -0.542167241617328E-002 -0.132916175319188E+000  0.570395010424139E+000  0.150217290376813E+001  0.133111277469807E+002 -0.478688142824128E+000 -0.377382526404783E+000  0.218895475324468E+002
      2.44000000 -0.559236159165272E-002 -0.394877995719686E-002  0.238287234712954E+000  0.494168757892285E-002 -0.537336269280890E-002 -0.132709121699862E+000  0.544160732165863E+000  0.149565855319230E+001  0.132415729251266E+002 -0.515859809566995E+000 -0.364249851043615E+000  0.219804827543246E+002
      2.45000000 -0.616728062289436E-002 -0.391561159481393E-002  0.240410476576842E+000  0.508853467978188E-002 -0.529861181294888E-002 -0.132369628909334E+000  0.532530877588954E+000  0.148676830759109E+001  0.131604190899952E+002 -0.566570425844215E+000 -0.359716034402392E+000  0.220858226534903E+002
      2.46000000 -0.679126827135199E-002 -0.398567302616955E-002  0.242619106509947E+000  0.501747133054065E-002 -0.525764901173986E-002 -0.131825200655006E+000  0.540933006995585E+000  0.148104173658168E+001  0.130611747392638E+002 -0.621358229799773E+000 -0.364663953351439E+000  0.221981186006971E+002
      2.47000000 -0.734488647577172E-002 -0.413338156382704E-002  0.244810743850989E+000  0.473746902898617E-002 -0.531141087439376E-002 -0.131056701058540E+000  0.568306304672398E+000  0.148399315620665E+001  0.129423158718809E+002 -0.669290113579099E+000 -0.376647266835923E+000  0.223079568483319E+002
      2.48000000 -0.773709176996984E-002 -0.430122159904393E-002  0.246892108227869E+000  0.432430450650887E-002 -0.550114906042227E-002 -0.130098116458444E+000  0.607544099551018E+000  0.149926141990289E+001  0.128071642190239E+002 -0.702186285186320E+000 -0.390360991725395E+000  0.224069013878353E+002
      2.49000000 -0.793918687623751E-002 -0.441428964861483E-002  0.248802485900997E+000  0.388938903646312E-002 -0.583384747165803E-002 -0.129019729899520E+000  0.648432829185458E+000  0.152732941635468E+001  0.126622690594301E+002 -0.717633911773698E+000 -0.399013651853840E+000  0.224895954711133E+002
      2.50000000 -0.799211222689444E-002 -0.439988410021362E-002  0.250521934887104E+000  0.353499690778713E-002 -0.627734929346928E-002 -0.127904346779340E+000  0.681744948973356E+000  0.156514847730255E+001  0.125152022682447E+002 -0.719528234657828E+000 -0.396120668660321E+000  0.225544387309518E+002
      2.51000000 -0.798514517440103E-002 -0.420654291911044E-002  0.252065395845134E+000  0.331556011861847E-002 -0.676561854662914E-002 -0.126827329671019E+000  0.702690038218865E+000  0.160668053648872E+001  0.123727476469363E+002 -0.716036844962177E+000 -0.377205380016621E+000  0.226029842693036E+002
      2.52000000 -0.801678799852406E-002 -0.381824071635805E-002  0.253470123911334E+000  0.322085816197413E-002 -0.721204514589302E-002 -0.125846851554971E+000  0.712328170857319E+000  0.164414578806134E+001  0.122400460244039E+002 -0.716021616416349E+000 -0.341027215650052E+000  0.226387535593631E+002
      2.53000000 -0.815547909865372E-002 -0.326126695433800E-002  0.254785199334074E+000  0.318612320095696E-002 -0.752769941835084E-002 -0.125003662334563E+000  0.716555313917098E+000  0.166968107131577E+001  0.121206069554972E+002 -0.725529763657371E+000 -0.290129643394591E+000  0.226662643874302E+002
      2.54000000 -0.841594632286231E-002 -0.260257279335556E-002  0.256067855765565E+000  0.312203443543026E-002 -0.764135387170610E-002 -0.124324030752710E+000  0.723350271831180E+000  0.167711568055075E+001  0.120166015218372E+002 -0.745753870002515E+000 -0.230619191015475E+000  0.226906858830188E+002
      2.55000000 -0.875830009660890E-002 -0.193906854000733E-002  0.257384693949854E+000  0.295018077816679E-002 -0.751790730063377E-002 -0.123818747335664E+000  0.739603750894988E+000  0.166356437432308E+001  0.119288005717137E+002 -0.773047031751790E+000 -0.171150926855810E+000  0.227179328729917E+002
      2.56000000 -0.910640882942448E-002 -0.137833491434361E-002  0.258810910031927E+000  0.262977889563245E-002 -0.717115495844867E-002 -0.123475590537606E+000  0.768790568443399E+000  0.163048595617711E+001  0.118559396939147E+002 -0.800632940081029E+000 -0.121182823608964E+000  0.227545834703101E+002
      2.57000000 -0.937510753325425E-002 -0.101332338634982E-002  0.260420904953470E+000  0.216795244632291E-002 -0.666634290646924E-002 -0.123249542566126E+000  0.810135878577503E+000  0.158382246399576E+001  0.117939019394693E+002 -0.821049630522025E+000 -0.887444532247465E-001  0.228070437628397E+002
      2.58000000 -0.949513773549293E-002 -0.896685514212263E-003  0.262269325304800E+000  0.161430608213387E-002 -0.610900606081194E-002 -0.123059631166473E+000  0.859170884194902E+000  0.153293853719173E+001  0.117354975864105E+002 -0.828338483349781E+000 -0.782252074246234E-001  0.228798971857010E+002
      2.59000000 -0.942931750001237E-002 -0.102286385133449E-002  0.264369393594106E+000  0.104614542168025E-002 -0.562014277247766E-002 -0.122800014426320E+000  0.909088553025750E+000  0.148839798087266E+001  0.116714867441896E+002 -0.819420398101928E+000 -0.888882471359650E-001  0.229740565788100E+002
      2.60000000 -0.917944149979523E-002 -0.132586682145133E-002  0.266680213951844E+000  0.551208075713837E-003 -0.530320333786089E-002 -0.122365760681563E+000  0.952283508945127E+000  0.145908299566457E+001  0.115928504719800E+002 -0.794637737566648E+000 -0.114776461218939E+000  0.230857358667420E+002
      2.61000000 -0.878683731966248E-002 -0.169645980177210E-002  0.269112813538462E+000  0.211387239624228E-003 -0.521331531117761E-002 -0.121684534957297E+000  0.981770929028988E+000  0.144957252372780E+001  0.114935190400058E+002 -0.757736755518438E+000 -0.146294952244732E+000  0.232070610597017E+002
      2.62000000 -0.832877910004244E-002 -0.201516748159111E-002  0.271556117184894E+000  0.871977218964982E-004 -0.534061377833268E-002 -0.120739764105234E+000  0.992509166862816E+000  0.145879233761546E+001  0.113723056779952E+002 -0.715494546393547E+000 -0.173115570220935E+000  0.233283796522600E+002
      2.63000000 -0.790974713591852E-002 -0.219005685664729E-002  0.273913211629858E+000  0.201967506476540E-003 -0.561562082920751E-002 -0.119572933202049E+000  0.982715690647729E+000  0.148058288835858E+001  0.112330102682268E+002 -0.676913424245955E+000 -0.187424308344125E+000  0.234413979163245E+002
      2.64000000 -0.764440146809694E-002 -0.218469616697220E-002  0.276131455012048E+000  0.527682342417147E-003 -0.593610998128056E-002 -0.118262269708640E+000  0.955012183973576E+000  0.150608595794050E+001  0.110825076089313E+002 -0.651727183637693E+000 -0.186257339563736E+000  0.235417221661935E+002
      2.65000000 -0.763098629334204E-002 -0.202458407518640E-002  0.278211786012512E+000  0.978666649549921E-003 -0.620536511552086E-002 -0.116887363772910E+000  0.916878151919388E+000  0.152704505324082E+001  0.109276844659448E+002 -0.648128434408300E+000 -0.171955558107005E+000  0.236295758334085E+002
      2.66000000 -0.791966172893194E-002 -0.177921511930432E-002  0.280192814997096E+000  0.142087862178557E-002 -0.636597951312294E-002 -0.115497293801118E+000  0.879773108379345E+000  0.153865398299943E+001  0.107727423098646E+002 -0.670117980352191E+000 -0.150547344466073E+000  0.237083665592837E+002
      2.67000000 -0.848667729996064E-002 -0.152794973363338E-002  0.282118714522324E+000  0.170075023264577E-002 -0.641477189221659E-002 -0.114098528271787E+000  0.856630901909658E+000  0.154074963095061E+001  0.106182277548854E+002 -0.715406205405208E+000 -0.128802437320625E+000  0.237819198134407E+002
      2.68000000 -0.922767271505481E-002 -0.132552605177061E-002  0.284009020486591E+000  0.168882930408433E-002 -0.639297691786192E-002 -0.112668316290208E+000  0.858167016798426E+000  0.153690150070601E+001  0.104622253256098E+002 -0.774967811145129E+000 -0.111321679330974E+000  0.238519349080163E+002
      2.69000000 -0.997864460899661E-002 -0.118317532777302E-002  0.285847666420499E+000  0.132415989124166E-002 -0.635769655675883E-002 -0.111184972911654E+000  0.889206463672059E+000  0.153195364780516E+001  0.103029372184482E+002 -0.834921319776413E+000 -0.989972431025854E-001  0.239171070074625E+002
      2.70000000 -0.105621076335939E-001 -0.107338625979190E-002  0.287597789752705E+000  0.640970192016020E-003 -0.634971471785883E-002 -0.109656477188551E+000  0.946568133582917E+000  0.152931807565669E+001  0.101410650821031E+002 -0.880467034490320E+000 -0.894784686737809E-001  0.239744170248882E+002
      2.71000000 -0.108435909471289E-001 -0.954197906721393E-003  0.289233786811404E+000 -0.236454796311221E-003 -0.637428698446171E-002 -0.108129151575001E+000  0.101963835526978E+001  0.152940568068507E+001  0.998048475555047E+001 -0.900596201650312E+000 -0.792493016940568E-001  0.240218255245283E+002
      2.72000000 -0.107764072683571E-001 -0.798768557078909E-003  0.290771268409446E+000 -0.113254543451549E-002 -0.640435996526006E-002 -0.106669210294570E+000  0.109371584063319E+001  0.152994781451631E+001  0.982666108376571E+001 -0.891725872871304E+000 -0.660964801204966E-001  0.240607334774420E+002
      2.73000000 -0.104152395130052E-001 -0.613329722047827E-003  0.292275467223593E+000 -0.187968935903443E-002 -0.640342231373221E-002 -0.105325812426885E+000  0.115497074160615E+001  0.152792930917384E+001  0.968357273163972E+001 -0.858683049716903E+000 -0.505658881442363E-001  0.240966123956734E+002
      2.74000000 -0.989137748852273E-002 -0.433096460476864E-003  0.293839875811783E+000 -0.237444307213985E-002 -0.635430156619000E-002 -0.104096033316594E+000  0.119504619139884E+001  0.152196758643201E+001  0.955086191636124E+001 -0.812517061142223E+000 -0.355762646472727E-001  0.241371752941402E+002
      2.75000000 -0.935914312381554E-002 -0.297990908497281E-003  0.295543585833885E+000 -0.260721186731376E-002 -0.627661976225903E-002 -0.102912921552091E+000  0.121338795723140E+001  0.151371163432400E+001  0.942293577212886E+001 -0.766001588771904E+000 -0.243891461353614E-001  0.241888443530724E+002
      2.76000000 -0.893621797226093E-002 -0.221622542938437E-003  0.297408750174060E+000 -0.265295704937382E-002 -0.622143807335355E-002 -0.101666576927938E+000  0.121634527388642E+001  0.150735036372518E+001  0.929078006964392E+001 -0.728737212377367E+000 -0.180730365622536E-001  0.242533053928681E+002
      2.77000000 -0.866362138969848E-002 -0.171559061062460E-003  0.299381378989342E+000 -0.262777165879991E-002 -0.624394144766426E-002 -0.100250721790832E+000  0.121351782201362E+001  0.150734727053669E+001  0.914580509702545E+001 -0.703956739804326E+000 -0.139399163325654E-001  0.243260329637737E+002
      2.78000000 -0.850218617252801E-002 -0.738630850919898E-004  0.301347884435230E+000 -0.263152418225444E-002 -0.636736214329469E-002 -0.986129361290561E-001  0.121305358427408E+001  0.151551467250353E+001  0.898390516027364E+001 -0.688354395691223E+000 -0.598010655973065E-002  0.243977415542247E+002
      2.79000000 -0.836560274157792E-002  0.157369984300465E-003  0.303181871654038E+000 -0.270281478414783E-002 -0.655712442833238E-002 -0.967834482917225E-001  0.121804109683621E+001  0.152897542622250E+001  0.880770082540852E+001 -0.674868736166368E+000  0.126953293977887E-001  0.244582456126910E+002
      2.80000000 -0.817340495825071E-002  0.577861447239585E-003  0.304800039128776E+000 -0.280631385847701E-002 -0.672023110536211E-002 -0.948671089717169E-001  0.122558202199427E+001  0.154019735406185E+001  0.862577364536301E+001 -0.657008912773866E+000  0.464506681271875E-001  0.245009690996992E+002
      2.81000000 -0.789853910610038E-002  0.117800217367981E-002  0.306200921578802E+000 -0.285717734240417E-002 -0.673311577032688E-002 -0.930009616555930E-001  0.122885328623081E+001  0.153930697536443E+001  0.844916158392834E+001 -0.632654684757017E+000  0.943552451689300E-001  0.245259844778292E+002
      2.82000000 -0.758734268979438E-002  0.187195609208166E-002  0.307468209056033E+000 -0.277004432535234E-002 -0.648749593301195E-002 -0.912964786400441E-001  0.122108734570889E+001  0.151779072378000E+001  0.828670510805948E+001 -0.605573506863306E+000  0.149407646619260E+000  0.245401597396529E+002
      2.83000000 -0.734304810243087E-002  0.251753097518316E-002  0.308737251805214E+000 -0.250917931741262E-002 -0.593499081460084E-002 -0.897926332987590E-001  0.119955910112200E+001  0.147201944632255E+001  0.814135377417163E+001 -0.584004526359550E+000  0.200223322011281E+000  0.245543744225732E+002
      2.84000000 -0.728081476869859E-002  0.295961880556689E-002  0.310140429967466E+000 -0.211645715558536E-002 -0.511157341450696E-002 -0.884402664355868E-001  0.116773257596315E+001  0.140510027513544E+001  0.800903095012349E+001 -0.577016082296542E+000  0.234554469868024E+000  0.245791194456633E+002
      2.85000000 -0.747489475183975E-002  0.307992513270288E-002  0.311755930912223E+000 -0.170455843549777E-002 -0.413183470174619E-002 -0.871230566590097E-001  0.113461495481314E+001  0.132630547013690E+001  0.788041318566487E+001 -0.590318641060865E+000  0.243232484104058E+000  0.246204586938796E+002
      2.86000000 -0.792136343186987E-002  0.283373404551285E-002  0.313581328733046E+000 -0.141857979090937E-002 -0.315594980712592E-002 -0.857037332128403E-001  0.111163850472831E+001  0.124836496312928E+001  0.774465876845916E+001 -0.623390502677757E+000  0.223007428743909E+000  0.246780271894567E+002
      2.87000000 -0.853220272936650E-002  0.226088749744983E-002  0.315540616554238E+000 -0.138288112552252E-002 -0.234300005088370E-002 -0.840740754591352E-001  0.110844991798023E+001  0.118374548517321E+001  0.759335529246009E+001 -0.669122362806768E+000  0.177305958650872E+000  0.247456945887586E+002
      2.88000000 -0.916246909124916E-002  0.146934232704320E-002  0.317517917160063E+000 -0.165552252800070E-002 -0.180834708967581E-002 -0.821879082561308E-001  0.112938051712726E+001  0.114132388877268E+001  0.742305609977267E+001 -0.716054882454518E+000  0.114830373428624E+000  0.248142997902605E+002
      2.89000000 -0.965839984299937E-002  0.600187291611688E-003  0.319400517274930E+000 -0.220826273804290E-002 -0.159910525670326E-002 -0.800662647064806E-001  0.117198048803541E+001  0.112453903139785E+001  0.723559644519335E+001 -0.752200492280343E+000  0.467428542563339E-001  0.248750548987615E+002
      2.90000000 -0.990656284661396E-002 -0.211533949108856E-003  0.321112470332840E+000 -0.293846661343238E-002 -0.169304771760625E-002 -0.777773741463679E-001  0.122805995708958E+001  0.113140063870825E+001  0.703644925869740E+001 -0.768867098021908E+000 -0.164175502747686E-001  0.249221467653480E+002
      2.91000000 -0.986530376227526E-002 -0.866895935284789E-003  0.322627186324558E+000 -0.370595655594065E-002 -0.201698169835965E-002 -0.754044251370711E-001  0.128663789802502E+001  0.115600382401838E+001  0.683216926502497E+001 -0.763033751505791E+000 -0.670502270994358E-001  0.249536596389820E+002
      2.92000000 -0.956850304530273E-002 -0.131666681665533E-002  0.323958590036586E+000 -0.437859206088319E-002 -0.247466427299979E-002 -0.730168955589572E-001  0.133750321121543E+001  0.119074787676134E+001  0.662816457470092E+001 -0.737543132452231E+000 -0.101489079718546E+000  0.249708269045999E+002
      2.93000000 -0.910364579681278E-002 -0.155834209164584E-002  0.325139824912639E+000 -0.486864994902512E-002 -0.297339239888260E-002 -0.706565391321932E-001  0.137399621371551E+001  0.122840777437598E+001  0.642763977413761E+001 -0.699316873191267E+000 -0.119707526326830E+000  0.249763414331726E+002
      2.94000000 -0.857612749092743E-002 -0.162214650842408E-002  0.326202131114016E+000 -0.514788881810221E-002 -0.344166309034707E-002 -0.683403083594210E-001  0.139410151440215E+001  0.126347978441146E+001  0.623185716918546E+001 -0.656553579788929E+000 -0.124184965554047E+000  0.249727137503788E+002
      2.95000000 -0.807562616262947E-002 -0.155360441933334E-002  0.327163807372516E+000 -0.523936255429279E-002 -0.383540423041635E-002 -0.660743044003964E-001  0.139974469725420E+001  0.129262767885362E+001  0.604123403087989E+001 -0.616141506159653E+000 -0.118534482358041E+000  0.249614329559051E+002
      2.96000000 -0.765718254295653E-002 -0.139911174922856E-002  0.328032465555232E+000 -0.519389844386308E-002 -0.413479000870996E-002 -0.638688417381628E-001  0.139493717750463E+001  0.131440397097939E+001  0.585650236699634E+001 -0.582242046862915E+000 -0.106386609446855E+000  0.249431554113926E+002
      2.97000000 -0.734133195880796E-002 -0.119792868375950E-002  0.328816809830348E+000 -0.506447886242431E-002 -0.433613530242714E-002 -0.617459089755365E-001  0.138379966298797E+001  0.132860385302214E+001  0.567926902243068E+001 -0.556345639544161E+000 -0.907822181906472E-001  0.249186114160733E+002
      2.98000000 -0.712827203971009E-002 -0.980759715904133E-003  0.329540011233899E+000 -0.489056896957433E-002 -0.444361043565661E-002 -0.597352452683457E-001  0.136937661696862E+001  0.133561857527431E+001  0.551170466019069E+001 -0.538386643198555E+000 -0.740751655223682E-001  0.248896141251995E+002
      2.99000000 -0.701495318127836E-002 -0.772693510998222E-003  0.330246695593664E+000 -0.469767028538810E-002 -0.446415547391570E-002 -0.578611987208992E-001  0.135362065067742E+001  0.133604264827216E+001  0.535554508887158E+001 -0.528055856996012E+000 -0.581650830164297E-001  0.248595674632905E+002
      3.00000000 -0.700388747114855E-002 -0.597172178991304E-003  0.330999007240654E+000 -0.450849310642066E-002 -0.440684905811255E-002 -0.561268823705851E-001  0.133824892945837E+001  0.133062310200017E+001  0.521090981566536E+001 -0.525465467783251E+000 -0.448027412880965E-001  0.248331442919342E+002
      3.01000000 -0.709831776081081E-002 -0.477847707645866E-003  0.331862324790515E+000 -0.435555802865955E-002 -0.428581385505279E-002 -0.545033751035189E-001  0.132568936999488E+001  0.132047420908706E+001  0.507552138744493E+001 -0.530780814841628E+000 -0.357313386327616E-001  0.248151972203941E+002
      3.02000000 -0.728722105865651E-002 -0.436474832226482E-003  0.332885856026824E+000 -0.428417380080050E-002 -0.412407388124540E-002 -0.529296667142268E-001  0.131929080628377E+001  0.130735888316918E+001  0.494474098094690E+001 -0.543101843102575E+000 -0.325295862362370E-001  0.248093094055634E+002
      3.03000000 -0.753083911903715E-002 -0.487040202178882E-003  0.334085806922312E+000 -0.434030277247072E-002 -0.395511041417138E-002 -0.513246863691219E-001  0.132240641408318E+001  0.129379355146004E+001  0.481250086772008E+001 -0.559405866983784E+000 -0.361783251838567E-001  0.248165652610897E+002
      3.04000000 -0.775892626911804E-002 -0.628519561043253E-003  0.335438213735658E+000 -0.454723526500728E-002 -0.381956857301752E-002 -0.496077516160295E-001  0.133666666446572E+001  0.128279192437470E+001  0.467284191269698E+001 -0.574452755273315E+000 -0.465341183897488E-001  0.248350608603362E+002
      3.05000000 -0.788822272058308E-002 -0.840093181635969E-003  0.336884985524742E+000 -0.488335963218076E-002 -0.375664161477896E-002 -0.477200260391926E-001  0.136036710840215E+001  0.127722104821031E+001  0.452149525979916E+001 -0.582110724247278E+000 -0.619946048330093E-001  0.248603988323172E+002
      3.06000000 -0.785508238863871E-002 -0.108246485483891E-002  0.338351431532241E+000 -0.527573270292752E-002 -0.379245993395513E-002 -0.456386607335907E-001  0.138804995083969E+001  0.127894966894667E+001  0.435689487153730E+001 -0.577770805761539E+000 -0.796193547623894E-001  0.248870183092799E+002
      3.07000000 -0.764899910812749E-002 -0.130679745707405E-002  0.339768579732953E+000 -0.561834651228810E-002 -0.393010411154190E-002 -0.433778869036739E-001  0.141190439026496E+001  0.128813230622246E+001  0.418021361212971E+001 -0.560779992277005E+000 -0.958067660260188E-001  0.249098501418519E+002
      3.08000000 -0.732882349786443E-002 -0.146932436548661E-002  0.341091158739030E+000 -0.581191145606763E-002 -0.414632358084456E-002 -0.409766991462693E-001  0.142471201597171E+001  0.130299729447066E+001  0.399441872675281E+001 -0.535562082458984E+000 -0.107372543112416E+000  0.249256229647028E+002
      3.09000000 -0.700899680439114E-002 -0.154642433095447E-002  0.342303666498789E+000 -0.580937083714093E-002 -0.439800555762101E-002 -0.384787926647897E-001  0.142315248565781E+001  0.132034914551265E+001  0.380278144013796E+001 -0.510532810331905E+000 -0.112640992952544E+000  0.249332761480297E+002
      3.10000000 -0.681663671231047E-002 -0.154359788894782E-002  0.343412256547869E+000 -0.564512457564326E-002 -0.463743366437604E-002 -0.359142752699800E-001  0.140986243131511E+001  0.133669936088649E+001  0.360754425944564E+001 -0.494919688460734E+000 -0.112072422009382E+000  0.249333350444403E+002
      3.11000000 -0.683566901915784E-002 -0.149340729815967E-002  0.344427070273191E+000 -0.543048235999554E-002 -0.483108110234546E-002 -0.332921669371966E-001  0.139301062693658E+001  0.134963122738434E+001  0.340939469695205E+001 -0.494705698068482E+000 -0.108079706297375E+000  0.249266068552531E+002
      3.12000000 -0.706340686876618E-002 -0.144171364952617E-002  0.345344793213130E+000 -0.531233897136872E-002 -0.497420238050790E-002 -0.306075453871641E-001  0.138322820089234E+001  0.135883527753600E+001  0.320800566674519E+001 -0.509548942768313E+000 -0.104004155436543E+000  0.249129177380986E+002
      3.13000000 -0.740229963949519E-002 -0.142674867321891E-002  0.346141706473449E+000 -0.541013180229851E-002 -0.509428922225763E-002 -0.278595393045888E-001  0.138903599308941E+001  0.136632413757899E+001  0.300334556281410E+001 -0.532290357542293E+000 -0.102595760557793E+000  0.248906288143203E+002
      3.14000000 -0.769493817472924E-002 -0.145932558069878E-002  0.346782535427679E+000 -0.575876574155518E-002 -0.524055058734039E-002 -0.250699988456503E-001  0.141278702693704E+001  0.137564148179384E+001  0.279701185171257E+001 -0.551571429393310E+000 -0.104604127832979E+000  0.248572937704222E+002
      3.15000000 -0.779008088819595E-002 -0.151293054806066E-002  0.347242022141105E+000 -0.628522391822181E-002 -0.546239275307283E-002 -0.222911629472087E-001  0.144909319695543E+001  0.139030008420093E+001  0.259275306052241E+001 -0.556618566997864E+000 -0.108102245113381E+000  0.248112130720614E+002
      3.16000000 -0.761133089610030E-002 -0.152907064234065E-002  0.347528520569327E+000 -0.683279160403554E-002 -0.578492944779037E-002 -0.195953486702754E-001  0.148667312919325E+001  0.141203798969305E+001  0.239570035318557E+001 -0.542125450210225E+000 -0.108909745443715E+000  0.247531027420013E+002
      3.17000000 -0.719668173307043E-002 -0.143730299423125E-002  0.347696236574677E+000 -0.722506844533748E-002 -0.619157407697739E-002 -0.170487274577956E-001  0.151299009413259E+001  0.143961053000504E+001  0.221048379950771E+001 -0.510974597351048E+000 -0.102050548570727E+000  0.246869253183468E+002
      3.18000000 -0.668903473636872E-002 -0.118322500245787E-002  0.347836944216999E+000 -0.734262569887242E-002 -0.662172421855942E-002 -0.146802082986830E-001  0.151969740167669E+001  0.146867333459928E+001  0.203903786217370E+001 -0.473437447962215E+000 -0.837464668082807E-001  0.246192525031602E+002
      3.19000000 -0.627986549932690E-002 -0.753899375149883E-003  0.348051507877854E+000 -0.717802981783099E-002 -0.698609658079405E-002 -0.124605535568595E-001  0.150645498535593E+001  0.149291289271773E+001  0.187917013850926E+001 -0.443083864265679E+000 -0.531923252886061E-001  0.245572149738789E+002
      3.20000000 -0.612996869219114E-002 -0.190345732558621E-003  0.348411788932880E+000 -0.684398646840875E-002 -0.719545854905949E-002 -0.103035616575140E-001  0.148137711457641E+001  0.150609817690153E+001  0.172470902791066E+001 -0.431156118603019E+000 -0.133881152357547E-001  0.245058143254789E+002
      3.21000000 -0.630198109134105E-002  0.419056450862235E-003  0.348929293771117E+000 -0.653050334369174E-002 -0.719293857599139E-002 -0.809164416073867E-002  0.145789710657369E+001  0.150434485496286E+001  0.156735909219083E+001 -0.441873888663513E+000  0.293828402256634E-001  0.244657579374690E+002
      3.22000000 -0.673385905033907E-002  0.963584576154977E-003  0.349545068782174E+000 -0.643003489444933E-002 -0.697795085140810E-002 -0.571686987940460E-002  0.144945243077253E+001  0.148775115896867E+001  0.139960297352768E+001 -0.470689408119257E+000  0.673535116242734E-001  0.244328193248717E+002
      3.23000000 -0.726348029222266E-002  0.134593663015853E-002  0.350146508065762E+000 -0.666340439521787E-002 -0.661199194097189E-002 -0.312105596375856E-002  0.146432270852838E+001  0.146074015994035E+001  0.121748299706995E+001 -0.506137500081456E+000  0.937882356459233E-001  0.243990857171343E+002
      3.24000000 -0.769151587982270E-002  0.151645408978017E-002  0.350605086219449E+000 -0.723749102987826E-002 -0.620256521081780E-002 -0.318456939835353E-003  0.150276993990284E+001  0.143087629751975E+001  0.102212238686607E+001 -0.534309881794113E+000  0.105344176377793E+000  0.243556361452441E+002
      3.25000000 -0.785385072890520E-002  0.149312120620049E-002  0.350820124847854E+000 -0.804974384760598E-002 -0.586929842853237E-002  0.260798021255152E-002  0.155747445978672E+001  0.140647057008481E+001  0.819387748523328E+000 -0.543908138597985E+000  0.103404152179359E+000  0.242955879447059E+002
      3.26000000 -0.767325916377321E-002  0.135892222249256E-002  0.350751638027580E+000 -0.893296942062886E-002 -0.570320995219602E-002  0.553463196495922E-002  0.161674341719583E+001  0.139375677104412E+001  0.617882064713264E+000 -0.529771440476015E+000  0.938216953108544E-001  0.242163331853136E+002
      3.27000000 -0.717241379793070E-002  0.123585356988432E-002  0.350430679875911E+000 -0.971726997497613E-002 -0.573343736231452E-002  0.833768715789631E-002  0.166884085249062E+001  0.139463317814440E+001  0.426115997512856E+000 -0.493678098002544E+000  0.850639487596446E-001  0.241201855326292E+002
      3.28000000 -0.644939212792305E-002  0.124346413044722E-002  0.349945435570876E+000 -0.102819120376956E-001 -0.591401954105402E-002  0.109304745796043E-001  0.170554759517264E+001  0.140582162633730E+001  0.249947867141659E+000 -0.442559038581435E+000  0.853268461842532E-001  0.240133507856783E+002
      3.29000000 -0.563272981781793E-002  0.145605782884249E-002  0.349410718947826E+000 -0.105788341070464E-001 -0.613673398894155E-002  0.132850644200393E-001  0.172371601690343E+001  0.141982439977147E+001  0.911461689363084E-001 -0.385344618016941E+000  0.996113902163419E-001  0.239037810047375E+002
      3.30000000 -0.483848488798010E-002  0.187403316800763E-002  0.348933475166953E+000 -0.106254196259632E-001 -0.626665956878083E-002  0.154332817339893E-001  0.172470027501281E+001  0.142741369967263E+001 -0.526175822405008E-001 -0.330005915286063E+000  0.127817290991473E+000  0.237987951832765E+002
      3.31000000 -0.414562994277632E-002  0.242033903338391E-002  0.348585937552890E+000 -0.104782092755226E-001 -0.618848813540040E-002  0.174504881049721E-001  0.171250078940665E+001  0.142080689226228E+001 -0.186604144218518E+000 -0.281895935569456E+000  0.164579025535045E+000  0.237032635206750E+002
      3.32000000 -0.359338442288252E-002  0.296405992732540E-002  0.348392857547131E+000 -0.102046794114367E-001 -0.584711743356164E-002  0.194305802776670E-001  0.169181115005096E+001  0.139639667970969E+001 -0.317267456044252E+000 -0.243608183063889E+000  0.200944059530652E+000  0.236187785751604E+002
      3.33000000 -0.319256650778472E-002  0.336302705245961E-002  0.348333001134735E+000 -0.986582494372915E-002 -0.526776756101466E-002  0.214612146779048E-001  0.166683048694654E+001  0.135604807787162E+001 -0.450562149212652E+000 -0.215785369306443E+000  0.227306786791453E+000  0.235438056210258E+002
      3.34000000 -0.293861008462650E-002  0.351011435482938E-002  0.348350828248925E+000 -0.951229673169233E-002 -0.454837180848560E-002  0.236054012296734E-001  0.164101058064901E+001  0.130650373261077E+001 -0.590710674349812E+000 -0.198025798582542E+000  0.236538083724529E+000  0.234745165109752E+002
      3.35000000 -0.281761742911916E-002  0.336655249618140E-002  0.348373064479161E+000 -0.918793969374679E-002 -0.382743112422393E-002  0.258917792405772E-001  0.161730472965558E+001  0.125715137606121E+001 -0.739575826263258E+000 -0.189305614025638E+000  0.226186593273025E+000  0.234059372999540E+002
      3.36000000 -0.280491697135620E-002  0.297081209141150E-002  0.348325883212449E+000 -0.893177908850491E-002 -0.323967136201182E-002  0.283131896558113E-001  0.159830822222090E+001  0.121701410144367E+001 -0.896600218222281E+000 -0.187891445811640E+000  0.199004171884674E+000  0.233331162664537E+002
      3.37000000 -0.286224142139759E-002  0.242122299124892E-002  0.348149887888556E+000 -0.877345107919026E-002 -0.287595301838816E-002  0.308321757613611E-001  0.158595846606841E+001  0.119207823739243E+001 -0.105920956891529E+001 -0.191162471604547E+000  0.161707872666764E+000  0.232521242128924E+002
      3.38000000 -0.294068433465659E-002  0.184047380924108E-002  0.347810806389794E+000 -0.872416388959812E-002 -0.276135442226375E-002  0.333919149164795E-001  0.158094282294974E+001  0.118387882822185E+001 -0.122357048317333E+001 -0.195820422495314E+000  0.122557309082696E+000  0.231607514798554E+002
      3.39000000 -0.299191620059516E-002  0.133634671538386E-002  0.347303904699528E+000 -0.877030677240426E-002 -0.285745694222827E-002  0.359305732353926E-001  0.158229272194780E+001  0.118971701035295E+001 -0.138556208275551E+001 -0.198644251962315E+000  0.887249427597329E-001  0.230587756230957E+002
      3.40000000 -0.298336485772200E-002  0.973112130155155E-003  0.346650699894358E+000 -0.887638555383554E-002 -0.308514679998588E-002  0.383957989336771E-001  0.158760233972805E+001  0.120423171876450E+001 -0.154173967008535E+001 -0.197493919121436E+000  0.644184461151345E-001  0.229477145951905E+002
      3.41000000 -0.290897873099219E-002  0.762323758811721E-003  0.345888527320168E+000 -0.899845604683588E-002 -0.335686744922121E-002  0.407549345407286E-001  0.159393633697350E+001  0.122156751626265E+001 -0.168999886299678E+001 -0.192004957609016E+000  0.503166074868710E-001  0.228301126158120E+002
      3.42000000 -0.278863485047344E-002  0.673162886921626E-003  0.345056567839870E+000 -0.910238046535137E-002 -0.360509100086230E-002  0.429970512630958E-001  0.159903907737326E+001  0.123725556135824E+001 -0.182968988348275E+001 -0.183523557855813E+000  0.443016940720557E-001  0.227086056034684E+002
      3.43000000 -0.265539517869836E-002  0.654863593865598E-003  0.344184373064823E+000 -0.917757851169518E-002 -0.379722760034296E-002  0.451258964168070E-001  0.160222705731080E+001  0.124917173966747E+001 -0.196113356839986E+001 -0.174245398437832E+000  0.429717462586775E-001  0.225851668715288E+002
      3.44000000 -0.253680741827728E-002  0.660214186973728E-003  0.343288699337627E+000 -0.923891110478706E-002 -0.393418709378785E-002  0.471473996702470E-001  0.160448930485779E+001  0.125740847536373E+001 -0.208478981227050E+001 -0.165979836307545E+000  0.431969103733677E-001  0.224609096109404E+002
      3.45000000 -0.243993818648770E-002  0.660690663581395E-003  0.342380729433578E+000 -0.931577330537586E-002 -0.403694495607434E-002  0.490590591836306E-001  0.160775157372143E+001  0.126336618224331E+001 -0.220056311449081E+001 -0.159179085193623E+000  0.431027867866784E-001  0.223365704922283E+002
      3.46000000 -0.234769189196060E-002  0.649113507853532E-003  0.341479858905012E+000 -0.943447005428124E-002 -0.412965326986178E-002  0.508486956984852E-001  0.161371634092783E+001  0.126863572405216E+001 -0.230772955825599E+001 -0.152718368840035E+000  0.422251132914373E-001  0.222134119141789E+002
      3.47000000 -0.222756801054524E-002  0.632003200186619E-003  0.340625295281446E+000 -0.960331850658952E-002 -0.422763729012825E-002  0.525057050329749E-001  0.162289971728170E+001  0.127421709182961E+001 -0.240567573576515E+001 -0.144486667087245E+000  0.409936017895527E-001  0.220939667870246E+002
      3.48000000 -0.204725498148057E-002  0.618128580516727E-003  0.339876027266031E+000 -0.980778794941148E-002 -0.433469533301948E-002  0.540406981749486E-001  0.163433415937124E+001  0.128035325951010E+001 -0.249516741445229E+001 -0.132409445880605E+000  0.399784411661289E-001  0.219820182857002E+002
      3.49000000 -0.178834161534083E-002  0.610390802890017E-003  0.339294579014261E+000 -0.100168623890584E-001 -0.444871918523293E-002  0.555030679374569E-001  0.164600005661031E+001  0.128690349671201E+001 -0.257946267374182E+001 -0.115332400494057E+000  0.393648707455617E-001  0.218815342307389E+002
      3.50000000 -0.145157484660802E-002  0.605288237890415E-003  0.338918568215414E+000 -0.101955499536168E-001 -0.457043786776043E-002  0.569844974556621E-001  0.165564520288652E+001  0.129391113541894E+001 -0.266450192149271E+001 -0.933464196771124E-001  0.389242690528627E-001  0.217948354360987E+002
      3.51000000 -0.105285917719589E-002  0.599479402938100E-003  0.338732123759724E+000 -0.103158270423391E-001 -0.470893020880471E-002  0.586014660372299E-001  0.166148989018607E+001  0.130195443505709E+001 -0.275774789307832E+001 -0.675133170269586E-001  0.384408892075046E-001  0.217207863633887E+002
      3.52000000 -0.614787786495384E-003  0.598816058400881E-003  0.338652072231906E+000 -0.103606449953068E-001 -0.487977765261938E-002  0.604596228662803E-001  0.166247638990848E+001  0.131202087170516E+001 -0.286588602445359E+001 -0.393105249279152E-001  0.382892668138268E-001  0.216539609598481E+002
      3.53000000 -0.160405689331972E-003  0.623661292895533E-003  0.338539181097183E+000 -0.103211281370924E-001 -0.509608403942738E-002  0.626127869006597E-001  0.165808007245135E+001  0.132492875869181E+001 -0.299222127587834E+001 -0.102275435645284E-001  0.397649426847842E-001  0.215854203014299E+002
      3.54000000  0.286912244569607E-003  0.706066298632778E-003  0.338234214983867E+000 -0.101919962721392E-001 -0.535686690407466E-002  0.650340414206825E-001  0.164801083815119E+001  0.134059155043678E+001 -0.313488805962154E+001  0.182419850944830E-001  0.448919526411189E-001  0.215050546812162E+002
      3.55000000  0.699092412588899E-003  0.878608182854424E-003  0.337606993030908E+000 -0.997126037247846E-002 -0.563936933220891E-002  0.676129884054440E-001  0.163219052026120E+001  0.135754314889965E+001 -0.328674898856621E+001  0.443233432400465E-001  0.557048701443574E-001  0.214047103972052E+002
      3.56000000  0.104051897198003E-002  0.115933878594734E-002  0.336599774745325E+000 -0.966663427471923E-002 -0.590052570101976E-002  0.701828352996096E-001  0.161115527618349E+001  0.137304994809471E+001 -0.343718142963665E+001  0.657849093719939E-001  0.732970748431941E-001  0.212809052718357E+002
      3.57000000  0.127285867397062E-002  0.154001161341349E-002  0.335247736218337E+000 -0.930519127502471E-002 -0.608860071711203E-002  0.725683720530353E-001  0.158665579390765E+001  0.138386238196641E+001 -0.357515108084071E+001  0.802487443664593E-001  0.970916888209465E-001  0.211360541695460E+002
      3.58000000  0.136908716065675E-002  0.198398978083977E-002  0.333668515194281E+000 -0.893852187728615E-002 -0.616084062944106E-002  0.746370573150689E-001  0.156196459676285E+001  0.138733186175242E+001 -0.369242950830735E+001  0.860744678744644E-001  0.124733376779489E+000  0.209777293346563E+002
      3.59000000  0.133150472785405E-002  0.243606485191627E-002  0.332025432208529E+000 -0.863615391615107E-002 -0.609941236439524E-002  0.763344949786536E-001  0.154144232357852E+001  0.138240170741579E+001 -0.378577926374602E+001  0.834784813592553E-001  0.152728706159668E+000  0.208162827165391E+002
      3.60000000  0.120383131598284E-002  0.284066058037788E-002  0.330479104208726E+000 -0.846560011593166E-002 -0.591796959156145E-002  0.776927138298702E-001  0.152927517554934E+001  0.136999555277537E+001 -0.385740221461947E+001  0.752643666571877E-001  0.177600064586813E+000  0.206617822127325E+002
      3.61000000  0.106808816046535E-002  0.316039978952731E-002  0.329145329094596E+000 -0.846526520779400E-002 -0.565521140543878E-002  0.788111317400608E-001  0.152778815864244E+001  0.135258831721683E+001 -0.391367737224776E+001  0.665926311393973E-001  0.197043039354848E+000  0.205213898093415E+002
      3.62000000  0.102324533874979E-002  0.338626955642380E-002  0.328072553617378E+000 -0.862212423222242E-002 -0.535807432278302E-002  0.798203652115781E-001  0.153608293306250E+001  0.133313973693278E+001 -0.396285304505672E+001  0.636205588861159E-001  0.210542236118998E+000  0.203980007784200E+002
      3.63000000  0.115160264042268E-002  0.353439620830344E-002  0.327242906943800E+000 -0.886604617980826E-002 -0.506261484977441E-002  0.808437307230765E-001  0.154973025502346E+001  0.131390232985593E+001 -0.401263402041136E+001  0.714039607245702E-001  0.219146673673950E+000  0.202903665332279E+002
      3.64000000  0.148590487388999E-002  0.363114659187694E-002  0.326591521697755E+000 -0.908633717480233E-002 -0.478221229530998E-002  0.819691846840073E-001  0.156184140361868E+001  0.129570164706747E+001 -0.406845397549788E+001  0.918789236993446E-001  0.224527051844704E+000  0.201943462399212E+002
      3.65000000  0.199142039215665E-002  0.369454345494000E-002  0.326033705722234E+000 -0.916635570601114E-002 -0.450924247985580E-002  0.832377724212393E-001  0.156523639433039E+001  0.127805902827922E+001 -0.413279430391523E+001  0.122799432856448E+000  0.227821228866098E+000  0.201046219635312E+002
      3.66000000  0.257171552514611E-002  0.372234636277038E-002  0.325489778291173E+000 -0.902365434587362E-002 -0.422929651400766E-002  0.846473684628525E-001  0.155491650365966E+001  0.126008381355679E+001 -0.420545445902156E+001  0.158149606902211E+000  0.228908527506194E+000  0.200162420703637E+002
      3.67000000  0.309715397374677E-002  0.369395620634152E-002  0.324901442495979E+000 -0.864016055554807E-002 -0.393994854859728E-002  0.861659498619538E-001  0.152988548609464E+001  0.124162994870747E+001 -0.428440252167420E+001  0.189942875290084E+000  0.226543681384801E+000  0.199256203264978E+002
      3.68000000  0.344583306860907E-002  0.358585900358277E-002  0.324238372067631E+000 -0.807079962606036E-002 -0.366296334810714E-002  0.877479516801840E-001  0.149362258503052E+001  0.122403250242099E+001 -0.436680040967005E+001  0.210752478777713E+000  0.219316681483210E+000  0.198309202063834E+002
      3.69000000  0.354199627809031E-002  0.339246282868115E-002  0.323496757415204E+000 -0.742769173930726E-002 -0.344176663840305E-002  0.893491731721106E-001  0.145305797643161E+001  0.120993329869801E+001 -0.444992401595935E+001  0.216046885439209E+000  0.206925973536035E+000  0.197319424985167E+002
      3.70000000  0.337873485367544E-002  0.314031408399998E-002  0.322692272777733E+000 -0.684643874504152E-002 -0.332382660051070E-002  0.909379900638515E-001  0.141647532744809E+001  0.120219150764051E+001 -0.453184372192673E+001  0.205531628478219E+000  0.191028268144655E+000  0.196296753647885E+002
      3.71000000  0.301864708922030E-002  0.288633118141696E-002  0.321849439031021E+000 -0.644691773594116E-002 -0.333627808351812E-002  0.925017376220370E-001  0.139111501995492E+001  0.120240191090632E+001 -0.461180093150762E+001  0.183132198190659E+000  0.175104991851055E+000  0.195256330117760E+002
      3.72000000  0.257451204013861E-002  0.269888651407627E-002  0.320989277507514E+000 -0.630135299844209E-002 -0.346780237775225E-002  0.940471417626889E-001  0.138125640186041E+001  0.120981555187143E+001 -0.469021841540435E+001  0.155768006841106E+000  0.163293146986163E+000  0.194211016282604E+002
      3.73000000  0.217822172883006E-002  0.263008957217416E-002  0.320118123820953E+000 -0.641800560649029E-002 -0.366749041291535E-002  0.955938983780341E-001  0.138727328183120E+001  0.122130255649167E+001 -0.476829704082238E+001  0.131437572542314E+000  0.158704040254478E+000  0.193164674490806E+002
      3.74000000  0.194813414486105E-002  0.269319380191321E-002  0.319221629860915E+000 -0.674239403949608E-002 -0.386294349487559E-002  0.971621398410363E-001  0.140575959959333E+001  0.123247327233481E+001 -0.484725109902896E+001  0.117239384993285E+000  0.162077332219107E+000  0.192108678245651E+002
      3.75000000  0.196298203072133E-002  0.285726205582794E-002  0.318267663051428E+000 -0.717263206720248E-002 -0.398954682971547E-002  0.987574564699827E-001  0.143050040195025E+001  0.123945205856094E+001 -0.492740911670571E+001  0.117817914724887E+000  0.171492480303799E+000  0.191023818854332E+002
      3.76000000  0.224656338195474E-002  0.306261980854483E-002  0.317218991477836E+000 -0.758301936494938E-002 -0.401635339146097E-002  0.100359707349406E+000  0.145392133489846E+001  0.124041986511373E+001 -0.500755584782366E+001  0.134479816045902E+000  0.183329146989515E+000  0.189888039495631E+002
      3.77000000  0.276397809643184E-002  0.324961804062827E-002  0.316052035948972E+000 -0.785028905641280E-002 -0.395518263653692E-002  0.101921919275067E+000  0.146867368934278E+001  0.123613016348436E+001 -0.508488701349428E+001  0.165013517643550E+000  0.194006929568023E+000  0.188687668247705E+002
      3.78000000  0.342840977487180E-002  0.338581940699166E-002  0.314773931251341E+000 -0.787839108011195E-002 -0.384811043466312E-002  0.103382097815724E+000  0.146910710515487E+001  0.122913002514917E+001 -0.515573359306793E+001  0.204139572207162E+000  0.201603591956807E+000  0.187427466047340E+002
      3.79000000  0.411709348385245E-002  0.347718425193800E-002  0.313429328353667E+000 -0.761876153496097E-002 -0.374008518639165E-002  0.104684859550575E+000  0.145245088916073E+001  0.122211022885473E+001 -0.521685789323856E+001  0.244499397832439E+000  0.206497486415042E+000  0.186134423097408E+002
      3.80000000  0.469490900870130E-002  0.355723218521603E-002  0.312091988403926E+000 -0.708308161279683E-002 -0.365167754848855E-002  0.105804358094602E+000  0.141953183800618E+001  0.121628933245037E+001 -0.526680578412324E+001  0.278080066469046E+000  0.210695321395448E+000  0.184852487490119E+002
      3.81000000  0.504289741654379E-002  0.366015049273313E-002  0.310842987387081E+000 -0.634521861668101E-002 -0.356727040124332E-002  0.106758170371813E+000  0.137484169201882E+001  0.121073531959567E+001 -0.530670361991961E+001  0.297907497674737E+000  0.216222180293802E+000  0.183629467136159E+002
      3.82000000  0.508686031798787E-002  0.379293852352011E-002  0.309743966044847E+000 -0.552966417345556E-002 -0.344588192789202E-002  0.107605095381007E+000  0.132580794395123E+001  0.120303144473304E+001 -0.534009476616245E+001  0.299717930308780E+000  0.223480027560017E+000  0.182501218089897E+002
      3.83000000  0.481916640387754E-002  0.392283077305007E-002  0.308816768481385E+000 -0.478624725025308E-002 -0.324945677638795E-002  0.108426916595098E+000  0.128126949366924E+001  0.119095817963570E+001 -0.537183629182700E+001  0.283204026757031E+000  0.230529800822044E+000  0.181479834964097E+002
      3.84000000  0.430653966157128E-002  0.398855583449173E-002  0.308038256607090E+000 -0.425495286187394E-002 -0.297345030435648E-002  0.109301608032918E+000  0.124939618412480E+001  0.117428328436631E+001 -0.540651138732223E+001  0.252419848878179E+000  0.233781815588167E+000  0.180550920905927E+002
      3.85000000  0.367899542700313E-002  0.393134885596308E-002  0.307352195436326E+000 -0.402888686960910E-002 -0.266233634341307E-002  0.110279405364297E+000  0.123553237897005E+001  0.115564259629940E+001 -0.544703401646407E+001  0.215077408025123E+000  0.229830218264730E+000  0.179680879894771E+002
      3.86000000  0.310003985278484E-002  0.373064568781034E-002  0.306692340370000E+000 -0.412585707767029E-002 -0.239967178182938E-002  0.111371586829517E+000  0.124057647129469E+001  0.113992355010609E+001 -0.549401636012681E+001  0.180761629551410E+000  0.217531911146802E+000  0.178830627504402E+002
      3.87000000  0.272428558422203E-002  0.342586242558419E-002  0.306006128397899E+000 -0.447822480170925E-002 -0.227509025685523E-002  0.112555594696943E+000  0.126044810468142E+001  0.113231648066237E+001 -0.554609641278385E+001  0.158441134252733E+000  0.199243989560803E+000  0.177969440327587E+002
      3.88000000  0.265360497857888E-002  0.311156866295579E-002  0.305268903979754E+000 -0.494634941833960E-002 -0.234259923320125E-002  0.113792540653317E+000  0.128693223573359E+001  0.113589157953905E+001 -0.560097889130155E+001  0.153932677387156E+000  0.180498642047042E+000  0.177083100506587E+002
      3.89000000  0.290488189032202E-002  0.290582469595296E-002  0.304483809673790E+000 -0.535418711926248E-002 -0.258972576946946E-002  0.115047984703139E+000  0.130979201474171E+001  0.114984092746145E+001 -0.565664949305465E+001  0.168075786920483E+000  0.168130337433831E+000  0.176173620297504E+002
      3.90000000  0.340031228558761E-002  0.290431879201058E-002  0.303669421864242E+000 -0.553846433805351E-002 -0.293279429980312E-002  0.116306451839098E+000  0.131963257396307E+001  0.116925568781034E+001 -0.571220907109920E+001  0.196236808938735E+000  0.167612326167997E+000  0.175251898396183E+002
      3.91000000  0.398530960533262E-002  0.313996159221779E-002  0.302842389434137E+000 -0.539765062544597E-002 -0.324203309722732E-002  0.117574149604394E+000  0.131070932579290E+001  0.118662377166261E+001 -0.576801580710622E+001  0.229409598077972E+000  0.180748147116874E+000  0.174327612459759E+002
      3.92000000  0.447088802985526E-002  0.356552391908163E-002  0.302003518962207E+000 -0.492559560933998E-002 -0.338689952828438E-002  0.118870297363475E+000  0.128281273511785E+001  0.119446548095568E+001 -0.582517132707561E+001  0.256704807380333E+000  0.204721550784946E+000  0.173401245223952E+002
      3.93000000  0.468928722642577E-002  0.406693656327961E-002  0.301133021443426E+000 -0.421806043123435E-002 -0.328320145903671E-002  0.120212297040907E+000  0.124157195979990E+001  0.118803177996321E+001 -0.588466195817921E+001  0.268559524885904E+000  0.232916965508206E+000  0.172461479242646E+002
      3.94000000  0.454622041563135E-002  0.450181874951664E-002  0.300195972378732E+000 -0.344798845170412E-002 -0.292309618008469E-002  0.121601681863459E+000  0.119696808214561E+001  0.116698334596622E+001 -0.594655750673656E+001  0.259705137885703E+000  0.257168670278231E+000  0.171488465740226E+002
      3.95000000  0.405267261541176E-002  0.474759846496079E-002  0.299154937489841E+000 -0.281527593094636E-002 -0.237667557419892E-002  0.123016319545712E+000  0.116041691024757E+001  0.113542507435344E+001 -0.600957859037167E+001  0.230924866746805E+000  0.270522355721303E+000  0.170461126846959E+002
      3.96000000  0.332455151176010E-002  0.474047716927873E-002  0.297984767579428E+000 -0.248590946823222E-002 -0.176579396005102E-002  0.124411200654941E+000  0.114129161786097E+001  0.110036241810614E+001 -0.607115848151235E+001  0.188957509419177E+000  0.269434465429939E+000  0.169365580071433E+002
      3.97000000  0.254863452022700E-002  0.449127751375853E-002  0.296684828005146E+000 -0.254020079823685E-002 -0.122168189755387E-002  0.125727134441834E+000  0.114401370281186E+001  0.106926182128872E+001 -0.612795232072214E+001  0.144491842781393E+000  0.254627707211548E+000  0.168201981035422E+002
      3.98000000  0.192503040530546E-002  0.407425095614298E-002  0.295285370191543E+000 -0.294801083069340E-002 -0.843275918871143E-003  0.126904842508420E+000  0.116671407924523E+001  0.104768841650803E+001 -0.617664390858975E+001  0.108863124992010E+000  0.230404511983296E+000  0.166987950293560E+002
      3.99000000  0.160539768223607E-002  0.359563131320762E-002  0.293846275083887E+000 -0.358012505171235E-002 -0.671384752035213E-003  0.127901196482158E+000  0.120195358936417E+001  0.103787257667244E+001 -0.621486130803983E+001  0.905599160927134E-001  0.202828292096994E+000  0.165757645661283E+002
      4.00000000  0.164846804053101E-002  0.315572897057032E-002  0.292447639383444E+000 -0.425201533056335E-002 -0.686244378279830E-003  0.128704007044950E+000  0.123925504591912E+001  0.103861402593187E+001 -0.624199719934567E+001  0.927570260385679E-001  0.177568522468633E+000  0.164556258503318E+002
      4.01000000  0.200837801168277E-002  0.281927039972286E-002  0.291173041814656E+000 -0.478402123880638E-002 -0.826285981233651E-003  0.129341448388864E+000  0.126851898812000E+001  0.104637802896418E+001 -0.625971585611489E+001  0.112726847256654E+000  0.158240859975599E+000  0.163430483798189E+002
      4.02000000  0.255879857822913E-002  0.260378598955504E-002  0.290088307931197E+000 -0.505572718547394E-002 -0.101810437923215E-002  0.129882294426584E+000  0.128306348752353E+001  0.105700231948362E+001 -0.627193811675185E+001  0.143263752740622E+000  0.145782538481506E+000  0.162416612131942E+002
      4.03000000  0.314188576350919E-002  0.248766425239655E-002  0.289220956508059E+000 -0.503505466412409E-002 -0.120453446106322E-002  0.130424539087150E+000  0.128120654159717E+001  0.106727294788747E+001 -0.628417783374405E+001  0.175473532779112E+000  0.138935425280638E+000  0.161529179646364E+002
      4.04000000  0.362174252669604E-002  0.243155662273871E-002  0.288547081809207E+000 -0.477346957988001E-002 -0.136013785720988E-002  0.131073163337569E+000  0.126593718641226E+001  0.107577533046482E+001 -0.630228352539829E+001  0.201772736023885E+000  0.135465685081308E+000  0.160753929190720E+002
      4.05000000  0.392164504155628E-002  0.240222789031860E-002  0.287991711773187E+000 -0.437298886444635E-002 -0.148980365742535E-002  0.131912106949396E+000  0.124302425683122E+001  0.108279427135383E+001 -0.633087660457060E+001  0.217941298576967E+000  0.133501288450645E+000  0.160048364852379E+002
      4.06000000  0.403291905849853E-002  0.238823148036802E-002  0.287444989687869E+000 -0.394182583884987E-002 -0.161367865783067E-002  0.132979025843922E+000  0.121852326155254E+001  0.108945761122459E+001 -0.637196711206616E+001  0.223573202436983E+000  0.132396547632544E+000  0.159351070370623E+002
      4.07000000  0.399683424525633E-002  0.240144970906582E-002  0.286790783664451E+000 -0.355840951486204E-002 -0.174714333680322E-002  0.134252023595525E+000  0.119678309783116E+001  0.109661852485928E+001 -0.642425203813369E+001  0.221028361410978E+000  0.132802228372532E+000  0.158597762857835E+002
      4.08000000  0.387260298356744E-002  0.246535894072338E-002  0.285938946563013E+000 -0.325709148006857E-002 -0.188590703859259E-002  0.135654180360984E+000  0.117967848162867E+001  0.110403665824578E+001 -0.648340576339294E+001  0.213633368388965E+000  0.136002305691922E+000  0.157739124219690E+002
      4.09000000  0.370889769336904E-002  0.259685650118032E-002  0.284850167635810E+000 -0.303675441177338E-002 -0.200317118646460E-002  0.137075295996608E+000  0.116711392461697E+001  0.111023538727790E+001 -0.654331354330637E+001  0.204102263633417E+000  0.142906150032033E+000  0.156754294179562E+002
      4.10000000  0.353155529465984E-002  0.279107230688233E-002  0.283544680850686E+000 -0.288220603002249E-002 -0.205976230816613E-002  0.138403532575758E+000  0.115822220815110E+001  0.111307315898645E+001 -0.659783038129233E+001  0.193869026401427E+000  0.153219311494139E+000  0.155655303772104E+002
      4.11000000  0.334945111074928E-002  0.301676245898342E-002  0.282092282133446E+000 -0.278348026931506E-002 -0.202195719519164E-002  0.139555766889153E+000  0.115243075502177E+001  0.111072773365144E+001 -0.664244358009763E+001  0.183424817969212E+000  0.165205905863065E+000  0.154481208383041E+002
      4.12000000  0.317006878266204E-002  0.322460425052020E-002  0.280588385057364E+000 -0.274199353961041E-002 -0.187821697695222E-002  0.140496372384173E+000  0.114979436859055E+001  0.110260648760630E+001 -0.667527898462504E+001  0.173180003828503E+000  0.176159261750009E+000  0.153284679071419E+002
      4.13000000  0.301181010417713E-002  0.336450948404263E-002  0.279125805975846E+000 -0.276213429269738E-002 -0.164676987455507E-002  0.141239399913679E+000  0.115052929015261E+001  0.108974476763018E+001 -0.669718788358545E+001  0.164135986528552E+000  0.183357205217586E+000  0.152116461346224E+002
      4.14000000  0.290369062768563E-002  0.340388365214805E-002  0.277772392786092E+000 -0.283640082700339E-002 -0.137049773667786E-002  0.141836090258570E+000  0.115420325379047E+001  0.107450823180427E+001 -0.671103520157186E+001  0.157861518910596E+000  0.185054922311514E+000  0.151013236115974E+002
      4.15000000  0.287214062072440E-002  0.333853281368445E-002  0.276560640329199E+000 -0.293607812227330E-002 -0.110164823949821E-002  0.142354930392179E+000  0.115923765954924E+001  0.105974769062630E+001 -0.672059359353637E+001  0.155770020855692E+000  0.181064716073643E+000  0.149992157072997E+002
      4.16000000  0.292348577366812E-002  0.319166178483346E-002  0.275489436748664E+000 -0.301562371645332E-002 -0.883546944636022E-003  0.142862731055555E+000  0.116315864692369E+001  0.104780381689991E+001 -0.672950874728538E+001  0.158173574683693E+000  0.172683088878186E+000  0.149052030253115E+002
      4.17000000  0.303395875100220E-002  0.300216813410262E-002  0.274533265041343E+000 -0.302999992302412E-002 -0.737502591438006E-003  0.143412399757515E+000  0.116354333059239E+001  0.103980647960014E+001 -0.674064095723900E+001  0.163757007136691E+000  0.162041118192326E+000  0.148178500540865E+002
      4.18000000  0.315491506080153E-002  0.280830866305480E-002  0.273652781245331E+000 -0.295570592926570E-002 -0.660129532883231E-003  0.144038310743087E+000  0.115915167602529E+001  0.103554505220290E+001 -0.675582521239154E+001  0.169878205633516E+000  0.151214985934868E+000  0.147349904985294E+002
      4.19000000  0.323193353934292E-002  0.263443107970310E-002  0.272802803697796E+000 -0.280339230480520E-002 -0.631018497668874E-003  0.144756350688868E+000  0.115058999865874E+001  0.103389645985498E+001 -0.677588588608027E+001  0.173609974786817E+000  0.141513898029552E+000  0.146541651600226E+002
      4.20000000  0.322815371963377E-002  0.248621013753826E-002  0.271937457725191E+000 -0.261437649906969E-002 -0.625851673801012E-003  0.145564847305858E+000  0.114010225195897E+001  0.103353886822461E+001 -0.680069853017405E+001  0.172994060324272E+000  0.133233923742921E+000  0.145729011230227E+002
      4.21000000  0.313952504807626E-002  0.235511335623797E-002  0.271014888106931E+000 -0.244240531306923E-002 -0.628087126639314E-003  0.146444650541815E+000  0.113057556560002E+001  0.103357871495291E+001 -0.682920548496712E+001  0.167844893177384E+000  0.125908773984973E+000  0.144889638551098E+002
      4.22000000  0.299413433627489E-002  0.222825254539024E-002  0.270003874564496E+000 -0.233022236475709E-002 -0.634004323781468E-003  0.147359759436739E+000  0.112428284626866E+001  0.103381473935618E+001 -0.685946036964269E+001  0.159692715618481E+000  0.118844266854061E+000  0.144007072208925E+002
      4.23000000  0.283666060145819E-002  0.209770536016614E-002  0.268892104787170E+000 -0.229309276864312E-002 -0.650011522354831E-003  0.148261623312167E+000  0.112201340102361E+001  0.103458652769376E+001 -0.688886744965945E+001  0.150936155861842E+000  0.111617012987560E+000  0.143075067272101E+002
      4.24000000  0.270697879728209E-002  0.196465465198489E-002  0.267692734687991E+000 -0.231706913329309E-002 -0.685259240050004E-003  0.149099157160131E+000  0.112299838546815E+001  0.103637603166095E+001 -0.691472094718824E+001  0.143696196534718E+000  0.104290953914350E+000  0.142100957175074E+002
      4.25000000  0.262441104309882E-002  0.183725371728402E-002  0.266444584700099E+000 -0.237126586234688E-002 -0.744557377225366E-003  0.149833092206578E+000  0.112557916601360E+001  0.103943079347024E+001 -0.693496632297411E+001  0.138985406614442E+000  0.972985750925297E-001  0.141105597928872E+002
      4.26000000  0.258495249828153E-002  0.172477249726514E-002  0.265203156806748E+000 -0.242589094069042E-002 -0.825537390058444E-003  0.150449662481626E+000  0.112817046179078E+001  0.104361676229321E+001 -0.694891575424620E+001  0.136574381747633E+000  0.911272983259485E-001  0.140118463308247E+002
      4.27000000  0.257081483086110E-002  0.163226155295340E-002  0.264023915723681E+000 -0.246557782904751E-002 -0.920878735701948E-003  0.150967255128829E+000  0.112996221859509E+001  0.104854011994223E+001 -0.695758267315926E+001  0.135509329731825E+000  0.860375731198256E-001  0.139168731343067E+002
      4.28000000  0.256478477494501E-002  0.155895309007890E-002  0.262943651500613E+000 -0.249158661406053E-002 -0.102326323029479E-002  0.151431767736842E+000  0.113102630547515E+001  0.105381085282666E+001 -0.696341774600944E+001  0.134875613596386E+000  0.819814421258334E-001  0.138275486831754E+002
      4.29000000  0.256016931512387E-002  0.150080767583044E-002  0.261967648408004E+000 -0.251383446093431E-002 -0.112939088953881E-002  0.151901239133104E+000  0.113188811427299E+001  0.105925339834947E+001 -0.696948577813262E+001  0.134319068514068E+000  0.787397489085810E-001  0.137441107145218E+002
      4.30000000  0.256112964469156E-002  0.145489820661536E-002  0.261068496756375E+000 -0.253973727461816E-002 -0.124049124817502E-002  0.152425426635410E+000  0.113293722623740E+001  0.106493091523766E+001 -0.697838958677712E+001  0.134056965026374E+000  0.761535982395215E-001  0.136650834570978E+002
      4.31000000  0.257505814150066E-002  0.142236644041031E-002  0.260197434026360E+000 -0.256789064823751E-002 -0.135937856861754E-002  0.153028672712449E+000  0.113409899745732E+001  0.107098873285033E+001 -0.699138063260176E+001  0.134473294416399E+000  0.742780514454073E-001  0.135878897599677E+002
      4.32000000  0.260380232523236E-002  0.140794581065340E-002  0.259303517647166E+000 -0.259038706692221E-002 -0.148645139653909E-002  0.153703147346795E+000  0.113496065949357E+001  0.107744497466953E+001 -0.700802258359332E+001  0.135659602185162E+000  0.733547883879629E-001  0.135098627527681E+002
      4.33000000  0.264076888525931E-002  0.141655687657580E-002  0.258352513773192E+000 -0.260110648539893E-002 -0.161763436007806E-002  0.154414937179315E+000  0.113520617013007E+001  0.108408504139477E+001 -0.702652731984888E+001  0.137267831662727E+000  0.736329831663366E-001  0.134292287250947E+002
      4.34000000  0.267631592417994E-002  0.144954834894882E-002  0.257337795388049E+000 -0.260297947550564E-002 -0.174580326586298E-002  0.155119781510548E+000  0.113499176934493E+001  0.109053819824731E+001 -0.704458658378003E+001  0.138795032896245E+000  0.751742755626645E-001  0.133456620175646E+002
      4.35000000  0.270757137971010E-002  0.150343355138089E-002  0.256279451069491E+000 -0.260785591898953E-002 -0.186474670851213E-002  0.155781304937696E+000  0.113493375677909E+001  0.109648434830651E+001 -0.706032133835743E+001  0.140093160573610E+000  0.777895495216481E-001  0.132602222639239E+002
      4.36000000  0.274513286252507E-002  0.157230123402022E-002  0.255213149653147E+000 -0.262777995718540E-002 -0.197285212089367E-002  0.156384150416382E+000  0.113565280613133E+001  0.110184373526009E+001 -0.707295480751302E+001  0.141710866995011E+000  0.811662612371268E-001  0.131747636697656E+002
      4.37000000  0.281054261963945E-002  0.165255171314265E-002  0.254174451646049E+000 -0.266277218277137E-002 -0.207368846691040E-002  0.156937404737394E+000  0.113714464349523E+001  0.110680420478878E+001 -0.708297629178883E+001  0.144755480056659E+000  0.851137836810698E-001  0.130911178891434E+002
      4.38000000  0.292421421497714E-002  0.174685324235808E-002  0.253185388628682E+000 -0.269347715255072E-002 -0.217253366612416E-002  0.157468382010960E+000  0.113840936015977E+001  0.111163970496986E+001 -0.709180726812242E+001  0.150266215580039E+000  0.897653203922072E-001  0.130104046394874E+002
      4.39000000  0.309001484287153E-002  0.186437383470465E-002  0.252248095276761E+000 -0.268495388262441E-002 -0.227051312245136E-002  0.158010804485033E+000  0.113765709040197E+001  0.111640878905921E+001 -0.710118480553684E+001  0.158424491132347E+000  0.955861026767973E-001  0.129327133251528E+002
      4.40000000  0.328580806858750E-002  0.201638148716512E-002  0.251346485223848E+000 -0.260151810473926E-002 -0.235975979475342E-002  0.158592949370115E+000  0.113307621856283E+001  0.112070948483131E+001 -0.711255164992098E+001  0.168079903766304E+000  0.103144553560172E+000  0.128572004714152E+002
      4.41000000  0.346679343449923E-002  0.220903609107195E-002  0.250453474849052E+000 -0.242565838133335E-002 -0.242278211729661E-002  0.159230116032397E+000  0.112379905307255E+001  0.112365225632373E+001 -0.712667510690743E+001  0.176935774506394E+000  0.112743236385773E+000  0.127824689839461E+002
      4.42000000  0.358166876741895E-002  0.243701487859708E-002  0.249539652906523E+000 -0.217083936386316E-002 -0.243711265929000E-002  0.159922905213892E+000  0.111054311392534E+001  0.112410223751672E+001 -0.714356705733885E+001  0.182385129545025E+000  0.124097258344853E+000  0.127070158848816E+002
      4.43000000  0.359436632993144E-002  0.268145185212386E-002  0.248579924414098E+000 -0.188054904033256E-002 -0.238349352804388E-002  0.160660001620191E+000  0.109554483451803E+001  0.112109787611360E+001 -0.716263385811672E+001  0.182618548532903E+000  0.136236209736882E+000  0.126295710631663E+002
      4.44000000  0.350059246174986E-002  0.291360794682347E-002  0.247556685900246E+000 -0.161294679573931E-002 -0.225391219611190E-002  0.161422747715559E+000  0.108176422929833E+001  0.111425633759775E+001 -0.718291501805689E+001  0.177453618109789E+000  0.147697933297499E+000  0.125492556132364E+002
      4.45000000  0.333070085492427E-002  0.310286744541810E-002  0.246460146806683E+000 -0.141803294172325E-002 -0.205578854547774E-002  0.162189116252988E+000  0.107172203184744E+001  0.110397877735560E+001 -0.720328824453681E+001  0.168461976984017E+000  0.156938496413352E+000  0.124655936955254E+002
      4.46000000  0.313729379928323E-002  0.322560206938580E-002  0.245287439493769E+000 -0.131818925601082E-002 -0.181048812364593E-002  0.162936077186288E+000  0.106652259530050E+001  0.109136652282400E+001 -0.722259070394529E+001  0.158323946881559E+000  0.162780435422134E+000  0.123784631040924E+002
      4.47000000  0.297357720572191E-002  0.327119612572214E-002  0.244041925150627E+000 -0.130114196457235E-002 -0.154703648238330E-002  0.163640744747974E+000  0.106551540595238E+001  0.107789674449536E+001 -0.723967723309620E+001  0.149726258216287E+000  0.164712036012895E+000  0.122880563620112E+002
      4.48000000  0.287278697188348E-002  0.324309781974752E-002  0.242733144542440E+000 -0.132800776676000E-002 -0.129399838739844E-002  0.164281302017060E+000  0.106671889985347E+001  0.106501027402123E+001 -0.725346659215358E+001  0.144328362435015E+000  0.162932720776664E+000  0.121948747343223E+002
      4.49000000  0.283785207936166E-002  0.315520940512527E-002  0.241376993667236E+000 -0.135168963169309E-002 -0.107295668350935E-002  0.164838431154276E+000  0.106775742873607E+001  0.105378511776310E+001 -0.726301244754808E+001  0.142255703914817E+000  0.158164175711973E+000  0.120997335952404E+002
      4.50000000  0.284482253025121E-002  0.302593748955310E-002  0.239995443294744E+000 -0.133641239527700E-002 -0.895803879452082E-003  0.165297303335387E+000  0.106684274196088E+001  0.104480502259137E+001 -0.726760140262462E+001  0.142288218057626E+000  0.151346964094894E+000  0.120037449103525E+002
      4.51000000  0.285675882916867E-002  0.287284216357288E-002  0.238615423958263E+000 -0.126969619810292E-002 -0.765951717179711E-003  0.165649705251516E+000  0.106336501657294E+001  0.103822531982507E+001 -0.726685653957817E+001  0.142568411896976E+000  0.143371061186305E+000  0.119082583032579E+002
      4.52000000  0.284038809261899E-002  0.270992113119286E-002  0.237266920017916E+000 -0.116278386183100E-002 -0.681738621313628E-003  0.165895873479487E+000  0.105790110290722E+001  0.103394733910940E+001 -0.726082504025655E+001  0.141437810280765E+000  0.134941176462996E+000  0.118147635200275E+002
      4.53000000  0.277783482875044E-002  0.254780710672602E-002  0.235980437753761E+000 -0.104153218059781E-002 -0.639650075074635E-003  0.166045875920605E+000  0.105174885756680E+001  0.103178121736827E+001 -0.725004214237351E+001  0.138017606728770E+000  0.126588606218554E+000  0.117247630839996E+002
      4.54000000  0.266950875656160E-002  0.239555559405784E-002  0.234783793089991E+000 -0.933784979896474E-003 -0.635633899436539E-003  0.166120484917365E+000  0.104629321112077E+001  0.103151210924960E+001 -0.723556904997286E+001  0.132343242948673E+000  0.118761774128735E+000  0.116396129036645E+002
      4.55000000  0.252921623930922E-002  0.226205094270505E-002  0.233697971860645E+000 -0.859512703361561E-003 -0.664264945619853E-003  0.166151172167285E+000  0.104251744696632E+001  0.103285914156536E+001 -0.721898690198110E+001  0.125112539815434E+000  0.111896695203499E+000  0.115603191039081E+002
      4.56000000  0.237592328297445E-002  0.215557081925950E-002  0.232732106360597E+000 -0.827065688056053E-003 -0.716933939436743E-003  0.166178317987358E+000  0.104082267286449E+001  0.103538674146169E+001 -0.720230268325290E+001  0.117271868888618E+000  0.106395614836461E+000  0.114872939117476E+002
      4.57000000  0.222686242754725E-002  0.208133274208594E-002  0.231878504364125E+000 -0.834960536428462E-003 -0.780886043957272E-003  0.166246532974023E+000  0.104112217007357E+001  0.103845897776804E+001 -0.718771415514098E+001  0.109673944433050E+000  0.102506544040821E+000  0.114201173311189E+002
      4.58000000  0.209437501091525E-002  0.203819235216522E-002  0.231109724793766E+000 -0.876084507453626E-003 -0.840559265146548E-003  0.166396664037040E+000  0.104305333494710E+001  0.104130752145181E+001 -0.717721492609068E+001  0.102923665562641E+000  0.100162686678979E+000  0.113574025181635E+002
      4.59000000  0.198594066659291E-002  0.201641978214941E-002  0.230380114901011E+000 -0.941194159355842E-003 -0.881515362350674E-003  0.166655622045616E+000  0.104615224308919E+001  0.104322584334555E+001 -0.717209786564466E+001  0.973822621976633E-001  0.988768311304643E-001  0.112968816902811E+002
      4.60000000  0.190521875047019E-002  0.199832172427894E-002  0.229633346368061E+000 -0.102049034651989E-002 -0.895871819262917E-003  0.167026965656673E+000  0.104993181406425E+001  0.104383432460423E+001 -0.717250199507149E+001  0.932208998591913E-001  0.977763573340225E-001  0.112357844372595E+002
      4.61000000  0.185236971695600E-002  0.196247371304769E-002  0.228815310819738E+000 -0.110415283941749E-002 -0.887127975226845E-003  0.167486137167840E+000  0.105390816434916E+001  0.104331233773079E+001 -0.717719240156370E+001  0.904384316846480E-001  0.958140500817726E-001  0.111714727716335E+002
      4.62000000  0.182367359476668E-002  0.189085801492949E-002  0.227889090484658E+000 -0.118344663695791E-002 -0.872052506807978E-003  0.167983502745113E+000  0.105765446942045E+001  0.104248415012275E+001 -0.718372321970845E+001  0.888446764043646E-001  0.921177281642347E-001  0.111021690275583E+002
      4.63000000  0.181191567885713E-002  0.177679676697207E-002  0.226846937486221E+000 -0.125298821987002E-002 -0.878005318074552E-003  0.168455824142076E+000  0.106091051513124E+001  0.104268177095667E+001 -0.718900837424990E+001  0.880812090835250E-001  0.863740014818530E-001  0.110275289097803E+002
      4.64000000  0.180891061154659E-002  0.163075741237940E-002  0.225714406183409E+000 -0.131295833149321E-002 -0.935549098836267E-003  0.168843396135217E+000  0.106368823865736E+001  0.104538108548700E+001 -0.719015977190181E+001  0.877456107894826E-001  0.791038563682068E-001  0.109488264970790E+002
      4.65000000  0.180985915555614E-002  0.148128391695230E-002  0.224544239623973E+000 -0.136904271396422E-002 -0.106803757107652E-002  0.169107366146694E+000  0.106626593358579E+001  0.105169634667362E+001 -0.718532349622301E+001  0.876028230371541E-001  0.716987575780061E-001  0.108686409256784E+002
      4.66000000  0.181719863780489E-002  0.136960008901892E-002  0.223401433411466E+000 -0.142870420037206E-002 -0.128142244351399E-002  0.169241114439198E+000  0.106900533687196E+001  0.106189173893865E+001 -0.717421836614024E+001  0.877693256115156E-001  0.661506528069329E-001  0.107901209825118E+002
      4.67000000  0.184084882463350E-002  0.133858052552561E-002  0.222344428593321E+000 -0.149475707111741E-002 -0.155812729264146E-002  0.169271517251299E+000  0.107204104626241E+001  0.107509522620153E+001 -0.715817997508645E+001  0.887212229331585E-001  0.645139892151580E-001  0.107160725819521E+002
      4.68000000  0.189317216288867E-002  0.141911470855939E-002  0.221408984325634E+000 -0.155964361856899E-002 -0.185802618893096E-002  0.169249711681009E+000  0.107500769073645E+001  0.108935775590030E+001 -0.713969927479337E+001  0.910480255964479E-001  0.682492563761664E-001  0.106481868196312E+002
      4.69000000  0.198003933557350E-002  0.161846352043485E-002  0.220600173889823E+000 -0.160454200436162E-002 -0.212735102614131E-002  0.169234977351772E+000  0.107700244647087E+001  0.110209220641773E+001 -0.712163673441120E+001  0.950226747154439E-001  0.776705441543913E-001  0.105866677439676E+002
      4.70000000  0.209237813064593E-002  0.191518161004581E-002  0.219894626923433E+000 -0.160558592537092E-002 -0.231337931210261E-002  0.169277772851729E+000  0.107688860296544E+001  0.111078354675763E+001 -0.710640605526227E+001  0.100200200312319E+000  0.917145797647093E-001  0.105303555521911E+002
      4.71000000  0.220353208624216E-002  0.226324323281636E-002  0.219251130490007E+000 -0.154572277410961E-002 -0.238017339903141E-002  0.169407796908641E+000  0.107386470608790E+001  0.111374019423306E+001 -0.709540839874334E+001  0.105299121311903E+000  0.108152508973488E+000  0.104772476567886E+002
      4.72000000  0.227570425580821E-002  0.260468015723122E-002  0.218624791972688E+000 -0.142703946813463E-002 -0.231966780542359E-002  0.169630407564072E+000  0.106804876717444E+001  0.111061399347255E+001 -0.708887235972641E+001  0.108517579590003E+000  0.124204885387647E+000  0.104251829747615E+002
      4.73000000  0.227442278722614E-002  0.288659162313165E-002  0.217979331342584E+000 -0.127693006677825E-002 -0.215371873372717E-002  0.169931132647898E+000  0.106076202622614E+001  0.110248354047503E+001 -0.708608099004222E+001  0.108227177542653E+000  0.137356900328462E+000  0.103724285239923E+002
      4.74000000  0.218545413911887E-002  0.307635575467627E-002  0.217293731720208E+000 -0.114341507090843E-002 -0.192604524488709E-002  0.170285030450048E+000  0.105429400092705E+001  0.109145646666031E+001 -0.708582625535240E+001  0.103774256675719E+000  0.146077891087806E+000  0.103179907031356E+002
      4.75000000  0.202633275435931E-002  0.316932942980071E-002  0.216562386672636E+000 -0.107962811230395E-002 -0.168701650617859E-002  0.170666528175714E+000  0.105115720993526E+001  0.107993776429798E+001 -0.708688039085501E+001  0.960159604331099E-001  0.150175832906304E+000  0.102616144882059E+002
      4.76000000  0.184609584023732E-002  0.318626735400839E-002  0.215790540901053E+000 -0.112279971879199E-002 -0.147720210607163E-002  0.171056270666160E+000  0.105309108708451E+001  0.106984884689787E+001 -0.708831994726545E+001  0.872918236262546E-001  0.150661239698389E+000  0.102035600893436E+002
      4.77000000  0.171151939948297E-002  0.316192520687195E-002  0.214988077150718E+000 -0.127636277702897E-002 -0.131608445263774E-002  0.171443643183759E+000  0.106022572360554E+001  0.106210000786031E+001 -0.708964163961742E+001  0.807587749767441E-001  0.149196793417712E+000  0.101443043827272E+002
      4.78000000  0.168408302338976E-002  0.312994016358355E-002  0.214164293963055E+000 -0.150333140022251E-002 -0.120001588163092E-002  0.171825720382606E+000  0.107078693489524E+001  0.105650480397981E+001 -0.709070846271903E+001  0.792979347848572E-001  0.147378595666130E+000  0.100842927457008E+002
      4.79000000  0.179631247968722E-002  0.311041490235229E-002  0.213324881032899E+000 -0.173489083562433E-002 -0.110940773346741E-002  0.172204440019127E+000  0.108151976424183E+001  0.105212930694154E+001 -0.709161306492468E+001  0.844058697192125E-001  0.146153454919135E+000  0.100237972624143E+002
      4.80000000  0.203699076130674E-002  0.310504748678910E-002  0.212470880726678E+000 -0.189197695440948E-002 -0.102117387268788E-002  0.172583576145930E+000  0.108871578101083E+001  0.104788337270823E+001 -0.709253342739992E+001  0.955155536540802E-001  0.145597287654173E+000  0.996286983400936E+001
      4.81000000  0.235155857830107E-002  0.310094573679147E-002  0.211598828112781E+000 -0.191221000195835E-002 -0.920479545221490E-003  0.172966143272970E+000  0.108947810638632E+001  0.104307203005392E+001 -0.709361050991267E+001  0.110036558969672E+000  0.145102657266027E+000  0.990135101987004E+001
      4.82000000  0.265820220767744E-002  0.308027256811446E-002  0.210701597464759E+000 -0.177219554383956E-002 -0.806737802159876E-003  0.173352082116581E+000  0.108275435869486E+001  0.103767138997991E+001 -0.709484056871975E+001  0.124127283663641E+000  0.143836261108874E+000  0.983891175823754E+001
      4.83000000  0.287410593811949E-002  0.303052162797764E-002  0.209770185624404E+000 -0.149683990772655E-002 -0.691982939333311E-003  0.173736064347154E+000  0.106975165205669E+001  0.103224590215987E+001 -0.709597435736977E+001  0.133931248315173E+000  0.141220105806796E+000  0.977513822554651E+001
      4.84000000  0.294254644281155E-002  0.295056240950470E-002  0.208796935914805E+000 -0.115216814856989E-002 -0.593539948175893E-003  0.174105946712259E+000  0.105357926836534E+001  0.102760138457945E+001 -0.709644777498509E+001  0.136837219231033E+000  0.137209985681132E+000  0.970968263367250E+001
      4.85000000  0.285129881944191E-002  0.285025661865211E-002  0.207780102718332E+000 -0.824162556837105E-003 -0.525384750043089E-003  0.174443136843472E+000  0.103824700360462E+001  0.102438158863444E+001 -0.709540208822199E+001  0.132320542010012E+000  0.132272176481836E+000  0.964247437803349E+001
      4.86000000  0.263608523394818E-002  0.274490440407728E-002  0.206728424120864E+000 -0.591040359920128E-003 -0.492619237145046E-003  0.174726098773800E+000  0.102737203864437E+001  0.102281399665823E+001 -0.709184930867210E+001  0.122081386968636E+000  0.127120979409370E+000  0.957392895248528E+001
      4.87000000  0.236813004120653E-002  0.264819540047141E-002  0.205663342587108E+000 -0.498469338122844E-003 -0.491276429877148E-003  0.174937064113128E+000  0.102303752202368E+001  0.102270509077977E+001 -0.708498368714301E+001  0.109446747887610E+000  0.122390396350386E+000  0.950504559048043E+001
      4.88000000  0.213029820429116E-002  0.256756470452721E-002  0.204616599999402E+000 -0.545953109413042E-003 -0.512588406910232E-003  0.175070135306885E+000  0.102518035202469E+001  0.102364151116137E+001 -0.707455358350564E+001  0.982532341637960E-001  0.118420761767741E+000  0.943729036293797E+001
      4.89000000  0.198997230249743E-002  0.250399431675991E-002  0.203622501191623E+000 -0.688657873039048E-003 -0.548607995031863E-003  0.175137404815721E+000  0.103169720241932E+001  0.102525105621844E+001 -0.706113745151902E+001  0.915934564179841E-001  0.115252606297682E+000  0.937223531463692E+001
      4.90000000  0.197768776956298E-002  0.245557379198415E-002  0.202706675537082E+000 -0.853749865468227E-003 -0.595786863810879E-003  0.175169559514996E+000  0.103921577875402E+001  0.102736661729715E+001 -0.704616313071041E+001  0.908422585497927E-001  0.112793269358596E+000  0.931104116246706E+001
      4.91000000  0.207846864922153E-002  0.242211763115099E-002  0.201875440236086E+000 -0.965570703659098E-003 -0.654724056640174E-003  0.175209166702968E+000  0.104426177883218E+001  0.103001256281005E+001 -0.703159142731768E+001  0.952770411455498E-001  0.111029916803878E+000  0.925397389700998E+001
      4.92000000  0.223853276548536E-002  0.240786693123866E-002  0.201110556572190E+000 -0.971153700788064E-003 -0.726714142719413E-003  0.175297916790539E+000  0.104442722038611E+001  0.103324488116567E+001 -0.701932709123219E+001  0.102405817362437E+000  0.110152321643599E+000  0.920017399053991E+001
      4.93000000  0.238492331035231E-002  0.242073875247545E-002  0.200372600011570E+000 -0.857531916667995E-003 -0.809506275606898E-003  0.175462149319414E+000  0.103914980915642E+001  0.103695724390536E+001 -0.701055858856085E+001  0.108881419616167E+000  0.110516539775219E+000  0.914782167071833E+001
      4.94000000  0.245128335036488E-002  0.246873010075818E-002  0.199612780396588E+000 -0.655050899555203E-003 -0.894899718088654E-003  0.175702441036874E+000  0.102984519178136E+001  0.104077309676175E+001 -0.700529096709686E+001  0.111684483987065E+000  0.112479386508079E+000  0.909468518704606E+001
      4.95000000  0.240085981704311E-002  0.255563633272842E-002  0.198789299051637E+000 -0.425657868686092E-003 -0.969503878635332E-003  0.175991950155864E+000  0.101935449048020E+001  0.104408294776150E+001 -0.700228252421811E+001  0.109166121177739E+000  0.116203746509642E+000  0.903886872322084E+001
      4.96000000  0.223872597719121E-002  0.267838776119834E-002  0.197882005572134E+000 -0.240370368683785E-003 -0.101810254549521E-002  0.176284847049426E+000  0.101090750770917E+001  0.104619937733806E+001 -0.699943994232588E+001  0.101588731542223E+000  0.121539669441694E+000  0.897947410532374E+001
      4.97000000  0.200899117627857E-002  0.282713724281352E-002  0.196899450845881E+000 -0.154008138656066E-003 -0.102774544322165E-002  0.176531938572913E+000  0.100697450771119E+001  0.104654311506810E+001 -0.699453442910784E+001  0.909804155348311E-001  0.128031483742816E+000  0.891691017265788E+001
      4.98000000  0.177819749483133E-002  0.298760579783130E-002  0.195875432030501E+000 -0.186299197112910E-003 -0.990635628273859E-003  0.176697451180979E+000  0.100841991904641E+001  0.104477245164668E+001 -0.698596160212457E+001  0.803668463795348E-001  0.135026878001361E+000  0.885272350302881E+001
      4.99000000  0.161120540705703E-002  0.314414392866355E-002  0.194856500678249E+000 -0.316101193411261E-003 -0.904937225374896E-003  0.176770389992364E+000  0.101425777856115E+001  0.104081729155117E+001 -0.697324758404464E+001  0.726735943716144E-001  0.141816952399031E+000  0.878902356517604E+001
      5.00000000  0.154862702148684E-002  0.328204493625062E-002  0.193885659034024E+000 -0.490486710306313E-003 -0.773977972278605E-003  0.176766250916813E+000  0.102207920927350E+001  0.103484053953745E+001 -0.695711476881250E+001  0.697112875344857E-001  0.147740918295745E+000  0.872774318038009E+001
      5.01000000  0.159408522514250E-002  0.338862493459400E-002  0.192988862977784E+000 -0.644746078210078E-003 -0.605058647070764E-003  0.176719055282707E+000  0.102896524850041E+001  0.102718228875215E+001 -0.693911203807727E+001  0.716143552284393E-001  0.152234137782858E+000  0.867003392945200E+001
      5.02000000  0.171550753858317E-002  0.345366873213695E-002  0.192169365299827E+000 -0.725291751082544E-003 -0.408800394495860E-003  0.176667741738564E+000  0.103251885881719E+001  0.101832879292117E+001 -0.692099640258345E+001  0.769157340666675E-001  0.154847157346101E+000  0.861602031161528E+001
      5.03000000  0.185899234257481E-002  0.347023604306214E-002  0.191411184958880E+000 -0.706718322043809E-003 -0.198985236681365E-003  0.176643004302370E+000  0.103162311455000E+001  0.100890387688710E+001 -0.690414198312602E+001  0.831832513225555E-001  0.155280637960461E+000  0.856496519094294E+001
      5.04000000  0.196894534670474E-002  0.343626699419075E-002  0.190688918420106E+000 -0.597155123836562E-003  0.802962102472957E-005  0.176659828318672E+000  0.102666753674286E+001  0.999641416099166E+000 -0.688921048254355E+001  0.879284465326094E-001  0.153455564003414E+000  0.851571649549591E+001
      5.05000000  0.200624362980320E-002  0.335635346547742E-002  0.189978662814217E+000 -0.431194809430843E-003  0.195309811565804E-003  0.176717796592423E+000  0.101921801029573E+001  0.991295196770845E+000 -0.687617188350354E+001  0.894166856604617E-001  0.149590009074538E+000  0.846719816212948E+001
      5.06000000  0.195785947332776E-002  0.324227713891322E-002  0.189265073575881E+000 -0.254729970904306E-003  0.348869876398933E-003  0.176807394003008E+000  0.101133067557105E+001  0.984481875564326E+000 -0.686459172000418E+001  0.870877911508793E-001  0.144220133351560E+000  0.841872331711154E+001
      5.07000000  0.183568834272561E-002  0.311110512424117E-002  0.188542217887158E+000 -0.108740856285237E-003  0.461583189541652E-003  0.176917966486048E+000  0.100482737530838E+001  0.979508757167497E+000 -0.685398839220769E+001  0.814924296375228E-001  0.138112505010366E+000  0.837002832521030E+001
      5.08000000  0.166710812517790E-002  0.298080135566722E-002  0.187809403709620E+000 -0.184178846675283E-004  0.535554545635870E-003  0.177042891470568E+000  0.100081602283577E+001  0.976271719205217E+000 -0.684406271175615E+001  0.738628960053310E-001  0.132067390963441E+000  0.832108382504982E+001
      5.09000000  0.148280209532279E-002  0.286480551981609E-002  0.187065674149285E+000  0.938619496292358E-005  0.581363500634128E-003  0.177179761123209E+000  0.999584952249897E+000  0.974292712448087E+000 -0.683470421277798E+001  0.655679618783489E-001  0.126678711680195E+000  0.827184897435543E+001
      5.10000000  0.130740232003042E-002  0.276792072283443E-002  0.186306885261229E+000 -0.184135972827334E-004  0.613970360096436E-003  0.177326608849960E+000  0.100081263353426E+001  0.972904104722337E+000 -0.682582276868705E+001  0.576986099846156E-001  0.122154577675404E+000  0.822214259944568E+001
      5.11000000  0.115593764624781E-002  0.268551187739222E-002  0.185527234525040E+000 -0.887188342778551E-004  0.646784760440854E-003  0.177477587604492E+000  0.100390769988522E+001  0.971511790537924E+000 -0.681715804041893E+001  0.509143007156825E-001  0.118285756800910E+000  0.817171189139715E+001
      5.12000000  0.103555547289994E-002  0.260653818245924E-002  0.184724029971349E+000 -0.188405894032676E-003  0.686446857810433E-003  0.177621718621981E+000  0.100828229698960E+001  0.969823891268624E+000 -0.680822613317423E+001  0.455228750660689E-001  0.114583057248249E+000  0.812044275574898E+001
      5.13000000  0.949475826315114E-003  0.251910138041515E-002  0.183902193437982E+000 -0.306604443526044E-003  0.730623456647862E-003  0.177746285097703E+000  0.101345201537609E+001  0.967944502499933E+000 -0.679847067015508E+001  0.416574634989958E-001  0.110523481374118E+000  0.806855603713442E+001
      5.14000000  0.899797575181199E-003  0.241600072802296E-002  0.183074840866846E+000 -0.433517291488346E-003  0.769674158212710E-003  0.177843337495558E+000  0.101898320689863E+001  0.966296883476731E+000 -0.678754835737049E+001  0.394010662825270E-001  0.105793800126986E+000  0.801662967162929E+001
      5.15000000  0.887436769304987E-003  0.229789872552027E-002  0.182258439398676E+000 -0.558229585667185E-003  0.791184844206581E-003  0.177915423127546E+000  0.102439674553732E+001  0.965422228035396E+000 -0.677557731917841E+001  0.387843453609192E-001  0.100426870800939E+000  0.796538356655702E+001
      5.16000000  0.909858212096130E-003  0.217302556544445E-002  0.181464349765154E+000 -0.668104751608661E-003  0.785115588622559E-003  0.177976495917407E+000  0.102914211947646E+001  0.965753974610453E+000 -0.676317231023714E+001  0.396871847710972E-001  0.947853918133349E-001  0.791530931166206E+001
      5.17000000  0.958830826200558E-003  0.205410665924118E-002  0.180691156758330E+000 -0.750830308417128E-003  0.747317324196001E-003  0.178046256435946E+000  0.103268718550093E+001  0.967465751275347E+000 -0.675119350754035E+001  0.417424293194790E-001  0.894249534902948E-001  0.786633849636144E+001
      5.18000000  0.102033598806868E-002  0.195438994550877E-002  0.179922504093516E+000 -0.798135545790420E-003  0.680344619342183E-003  0.178139795549360E+000  0.103467952726536E+001  0.970438567858854E+000 -0.674029415101682E+001  0.443342862057547E-001  0.849195600420233E-001  0.781775403848747E+001
      5.19000000  0.107725077607719E-002  0.188465397132039E-002  0.179132794692058E+000 -0.809007821728629E-003  0.592069051364611E-003  0.178257429425633E+000  0.103508420485565E+001  0.974323768783373E+000 -0.673048171233572E+001  0.467170846729750E-001  0.817317017659077E-001  0.776844363743203E+001
      5.20000000  0.111363521847124E-002  0.185200308606508E-002  0.178299152265501E+000 -0.790563144103668E-003  0.493616541515361E-003  0.178380286298728E+000  0.103421838399690E+001  0.978634520859249E+000 -0.672093308367805E+001  0.482020921697834E-001  0.801612790010176E-001  0.771742131421990E+001
      5.21000000  0.111856942012515E-002  0.185986220556091E-002  0.177414470507732E+000 -0.756214011428418E-003  0.398033169880870E-003  0.178474955986851E+000  0.103266880676612E+001  0.982804776800177E+000 -0.671020341016043E+001  0.483227336287201E-001  0.803469362995708E-001  0.766438993054745E+001
      5.22000000  0.108800708405172E-002  0.190780720617999E-002  0.176495130257261E+000 -0.722329806562940E-003  0.319979442512788E-003  0.178506281092082E+000  0.103114521323927E+001  0.986203216482700E+000 -0.669678357261153E+001  0.469123831395854E-001  0.822602940042284E-001  0.761006733712228E+001
      5.23000000  0.102454998257000E-002  0.199024053945976E-002  0.175578874305989E+000 -0.705149507867845E-003  0.275452135500318E-003  0.178453190643734E+000  0.103034630327636E+001  0.988145841486456E+000 -0.667978220715594E+001  0.440917906712659E-001  0.856505497479048E-001  0.755608521194548E+001
      5.24000000  0.936314335674740E-003  0.209423074708061E-002  0.174712649630727E+000 -0.718978089986478E-003  0.279979286120146E-003  0.178320477009273E+000  0.103088237160469E+001  0.987974008560204E+000 -0.665942566598871E+001  0.402176473189186E-001  0.899538011770670E-001  0.750445812616849E+001
      5.25000000  0.836233191735767E-003  0.219822159714007E-002  0.173934957495636E+000 -0.775304978255895E-003  0.344435645286371E-003  0.178140723411732E+000  0.103323835673930E+001  0.985233585269227E+000 -0.663713000769860E+001  0.358504303773261E-001  0.942406868096502E-001  0.745682322288259E+001
      5.26000000  0.742110661167495E-003  0.227377937175919E-002  0.173260106094745E+000 -0.881535618312899E-003  0.469306255197187E-003  0.177964733130642E+000  0.103772075666472E+001  0.979918466496674E+000 -0.661508015543478E+001  0.317547868590608E-001  0.972946261156678E-001  0.741376997813420E+001
      5.27000000  0.676310149274862E-003  0.229155174017114E-002  0.172671295451647E+000 -0.103833288292064E-002  0.639928378710198E-003  0.177843919370277E+000  0.104434577694180E+001  0.972669534397110E+000 -0.659547049754081E+001  0.288842812517501E-001  0.978690398732136E-001  0.737455480636654E+001
      5.28000000  0.663286670987939E-003  0.223046844457888E-002  0.172125804791153E+000 -0.123603258423147E-002  0.825847526525898E-003  0.177811805878821E+000  0.105268928106193E+001  0.964795982731734E+000 -0.657971621104470E+001  0.282744146701002E-001  0.950798387319672E-001  0.733733481006175E+001
      5.29000000  0.723987654449916E-003  0.208698523207094E-002  0.171570343835320E+000 -0.145223805628788E-002  0.986301312084310E-003  0.177872323965110E+000  0.106178860878083E+001  0.958035677657300E+000 -0.656796269787280E+001  0.308036204871991E-001  0.887953001076340E-001  0.729983132430206E+001
      5.30000000  0.868171630778116E-003  0.188014237045079E-002  0.170960249311074E+000 -0.165324532370161E-002  0.108127799338545E-002  0.177999708173096E+000  0.107020817900554E+001  0.954081491823376E+000 -0.655909313347999E+001  0.368685447872485E-001  0.798437897921645E-001  0.726014924366427E+001
      5.31000000  0.108773606646585E-002  0.164918225214889E-002  0.170274634226806E+000 -0.180071091544563E-002  0.108472725348190E-002  0.178149814218905E+000  0.107632657093068E+001  0.954021763880499E+000 -0.655122008459688E+001  0.461057704036927E-001  0.699037391657626E-001  0.721741554156725E+001
      5.32000000  0.135479630344519E-002  0.144327420700098E-002  0.169521488634841E+000 -0.186236991329404E-002  0.994798837728233E-003  0.178277871377623E+000  0.107879172164678E+001  0.957912811758119E+000 -0.654244380619345E+001  0.573176856365392E-001  0.610609410978177E-001  0.717198546342437E+001
      5.33000000  0.162679771458430E-002  0.130636697301661E-002  0.168731155785732E+000 -0.182302794431723E-002  0.836492496798898E-003  0.178355164717363E+000  0.107698256764396E+001  0.964676712488574E+000 -0.653155681200789E+001  0.686961851003998E-001  0.551650808105114E-001  0.712515551635316E+001
      5.34000000  0.185787572506313E-002  0.126269230650754E-002  0.167941530529328E+000 -0.169105860506628E-002  0.654845285370633E-003  0.178377941097177E+000  0.107127605875705E+001  0.972399069495863E+000 -0.651841276967822E+001  0.783071970103087E-001  0.532209414629858E-001  0.707853078651210E+001
      5.35000000  0.201253563573497E-002  0.130866430168840E-002  0.167181580626207E+000 -0.149704053873679E-002  0.500662933914385E-003  0.178365445751129E+000  0.106298049277686E+001  0.978937111269115E+000 -0.650383398251171E+001  0.846673705820532E-001  0.550555048224482E-001  0.703332879678584E+001
      5.36000000  0.207623156057750E-002  0.141456329301502E-002  0.166460061774667E+000 -0.128445740657049E-002  0.414068888312718E-003  0.178348707164177E+000  0.105393630526444E+001  0.982612622383351E+000 -0.648913141371448E+001  0.871840970966657E-001  0.593996478183277E-001  0.698990924906413E+001
      5.37000000  0.205850359609896E-002  0.153540350322030E-002  0.165763656301011E+000 -0.109595305959801E-002  0.412223136738779E-003  0.178355405492694E+000  0.104593502353546E+001  0.982722362675915E+000 -0.647546592185980E+001  0.862787053756774E-001  0.643538474929917E-001  0.694770399774536E+001
      5.38000000  0.198754200726089E-002  0.162654683106566E-002  0.165064545658976E+000 -0.960647966496869E-003  0.485849910693732E-003  0.178397369287188E+000  0.104018909879329E+001  0.979674271178876E+000 -0.646332657621708E+001  0.831496290747338E-001  0.680472489042798E-001  0.690554247145115E+001
      5.39000000  0.189879363965084E-002  0.165773160495740E-002  0.164333538740050E+000 -0.887438185289851E-003  0.605425682195235E-003  0.178465629390208E+000  0.103705745775711E+001  0.974718761244548E+000 -0.645233035026891E+001  0.792894268662124E-001  0.692232089418883E-001  0.686220547062243E+001
      5.40000000  0.182263700102659E-002  0.162014386870129E-002  0.163552930781743E+000 -0.866341202980061E-003  0.733755838561491E-003  0.178534435941415E+000  0.103610950088307E+001  0.969416718252171E+000 -0.644139762729592E+001  0.759683507741421E-001  0.675283436321941E-001  0.681696158300763E+001
      5.41000000  0.177609844484659E-002  0.152451766453992E-002  0.162723901530521E+000 -0.876320586040424E-003  0.839146325789998E-003  0.178571860951027E+000  0.103645793148343E+001  0.965088644797843E+000 -0.642919974165703E+001  0.738917656865906E-001  0.634251453685507E-001  0.676987046432533E+001
      5.42000000  0.176125478547914E-002  0.139238444697898E-002  0.161865965756966E+000 -0.895434011957125E-003  0.903632346175267E-003  0.178552164587185E+000  0.103718438264266E+001  0.962475167929989E+000 -0.641467480688379E+001  0.731390264385121E-001  0.578210737706891E-001  0.672175272232027E+001
      5.43000000  0.176970432050472E-002  0.124549031854001E-002  0.161009436155958E+000 -0.908761413176191E-003  0.923573787487444E-003  0.178464875529346E+000  0.103766832632797E+001  0.961717698055151E+000 -0.639740164145488E+001  0.733545668667937E-001  0.516258008723349E-001  0.667387049567608E+001
      5.44000000  0.178997139769972E-002  0.109867629835030E-002  0.160184549302433E+000 -0.911308455264021E-003  0.903891206577890E-003  0.178317385118120E+000  0.103770446436780E+001  0.962602416784437E+000 -0.637770121028589E+001  0.740582537055406E-001  0.454566191102571E-001  0.662747349325933E+001
      5.45000000  0.181404100250290E-002  0.959119757757010E-003  0.159411817628324E+000 -0.905804173174904E-003  0.850270265284585E-003  0.178130794773240E+000  0.103740796562837E+001  0.964885477677689E+000 -0.635645832241628E+001  0.749163952648103E-001  0.396097964595474E-001  0.658340066340716E+001
      5.46000000  0.184040387441051E-002  0.831084412065139E-003  0.158697132253882E+000 -0.897546515643133E-003  0.764267559315915E-003  0.177931458563140E+000  0.103699905212707E+001  0.968495030872136E+000 -0.633476783173323E+001  0.758659275005786E-001  0.342593224396413E-001  0.654188208225715E+001
      5.47000000  0.187309154626865E-002  0.722233640861191E-003  0.158032805607991E+000 -0.889225907159547E-003  0.644159165590732E-003  0.177742049882789E+000  0.103658904349170E+001  0.973494735662096E+000 -0.631356513693913E+001  0.770722349613921E-001  0.297178004867744E-001  0.650258742008127E+001
      5.48000000  0.191798027471362E-002  0.646775650083309E-003  0.157403221172829E+000 -0.877949318980431E-003  0.490765219203206E-003  0.177575642727974E+000  0.103605912327770E+001  0.979843297150448E+000 -0.629338454260748E+001  0.787752614813920E-001  0.265643612850593E-001  0.646486310071900E+001
      5.49000000  0.197837657959462E-002  0.622635636752401E-003  0.156792108289146E+000 -0.855245112990459E-003  0.314347526068489E-003  0.177434584499514E+000  0.103506263350980E+001  0.987112639483304E+000 -0.627431670029187E+001  0.811078507214634E-001  0.255263021208657E-001  0.642803349199848E+001
      5.50000000  0.205158262071459E-002  0.663428962948275E-003  0.156188254033096E+000 -0.809576591318764E-003  0.137747582541807E-003  0.177313726851478E+000  0.103313000704117E+001  0.994363006010240E+000 -0.625614485655646E+001  0.839561659744939E-001  0.271492610451980E-001  0.639163485129428E+001
      5.51000000  0.212736963690291E-002  0.769274334675591E-003  0.155587604313813E+000 -0.730331993006179E-003 -0.724682893634537E-005  0.177205853937523E+000  0.102983286772137E+001  0.100029602111249E+001 -0.623856937748179E+001  0.868995711264660E-001  0.314235987024935E-001  0.635549922915524E+001
      5.52000000  0.218868554164541E-002  0.921624073333986E-003  0.154991543149711E+000 -0.612263347072664E-003 -0.896983382811505E-004  0.177106563685547E+000  0.102496464870103E+001  0.100365739271338E+001 -0.622140753026447E+001  0.892422613985201E-001  0.375786356233742E-001  0.631968162860343E+001
      5.53000000  0.221467701622258E-002  0.108562503052413E-002  0.154402807496465E+000 -0.459433937208055E-003 -0.913935852885746E-004  0.177016515150031E+000  0.101869925122732E+001  0.100371977660654E+001 -0.620468389490381E+001  0.901387524077559E-001  0.441856239610887E-001  0.628429172020970E+001
      5.54000000  0.218591186911559E-002  0.121989454583986E-002  0.153821307390493E+000 -0.287574711562917E-003 -0.152534862051885E-004  0.176940410400137E+000  0.101168334506415E+001  0.100061970589068E+001 -0.618858713014785E+001  0.888074007199744E-001  0.495608561805118E-001  0.624932353298618E+001
      5.55000000  0.209111155327166E-002  0.128989827111561E-002  0.153241844086051E+000 -0.123504863273367E-003  0.113884563039369E-003  0.176883601176673E+000  0.100500861156081E+001  0.995381529731550E+000 -0.617333088180145E+001  0.848028589569083E-001  0.523104857715672E-001  0.621456395762051E+001
      5.56000000  0.193368162951356E-002  0.127928149335520E-002  0.152654623133203E+000 -0.491637119650475E-006  0.256776576334450E-003  0.176848131900559E+000  0.100001990197377E+001  0.989605421391413E+000 -0.615899337495540E+001  0.782774113935484E-001  0.517866241345575E-001  0.617961537915153E+001
      5.57000000  0.173538620300880E-002  0.119445803034004E-002  0.152048140296671E+000  0.504320956702170E-004  0.372431258574378E-003  0.176830038403741E+000  0.997962122399909E+000  0.984950668630047E+000 -0.614540947579465E+001  0.701240871238770E-001  0.482660740532316E-001  0.614401394842318E+001
      5.58000000  0.153450687554820E-002  0.106094277427514E-002  0.151413086591774E+000  0.112499172924508E-004  0.430601003023593E-003  0.176818954881082E+000  0.999546224121581E+000  0.982631308007360E+000 -0.613215701827277E+001  0.618957621901421E-001  0.427941136662706E-001  0.610738768883766E+001
      5.59000000  0.137732921548338E-002  0.913624646628606E-003  0.150745716825627E+000 -0.113925135258496E-003  0.419259169695038E-003  0.176800008650119E+000  0.100458705577128E+001  0.983119044013888E+000 -0.611863539332437E+001  0.554564707120734E-001  0.367859752686696E-001  0.606959130477530E+001
      5.60000000  0.130454391990563E-002  0.785527336860404E-003  0.150049602787860E+000 -0.295702568999054E-003  0.344922578827432E-003  0.176757135369240E+000  0.101188484018318E+001  0.986136915418720E+000 -0.610420038693532E+001  0.524320639232340E-001  0.315718151847979E-001  0.603077462167627E+001
      5.61000000  0.133695708657636E-002  0.699542538273878E-003  0.149335485115220E+000 -0.484985087180281E-003  0.227062482602779E-003  0.176676654384790E+000  0.101945771325242E+001  0.990890200969777E+000 -0.608830801252696E+001  0.536390258361139E-001  0.280658075421257E-001  0.599137401250190E+001
      5.62000000  0.146622308256248E-002  0.665445738184996E-003  0.148619602817962E+000 -0.626682436207632E-003  0.901287640843687E-004  0.176550195548208E+000  0.102509790568838E+001  0.996390447393918E+000 -0.607063083488910E+001  0.587205361410181E-001  0.266503310333157E-001  0.595204294784659E+001
      5.63000000  0.165510782956219E-002  0.681615441198221E-003  0.147921136484968E+000 -0.677264421889605E-003 -0.431343481253526E-004  0.176376577460864E+000  0.102707547861797E+001  0.100172441233087E+001 -0.605113113491020E+001  0.661674158591105E-001  0.272494223930315E-001  0.591354785309797E+001
      5.64000000  0.184824616079772E-002  0.738909485857675E-003  0.147259262363713E+000 -0.619581298286067E-003 -0.155136153489864E-003  0.176162639991423E+000  0.102472552215776E+001  0.100619099125683E+001 -0.603009156429677E+001  0.737576352420723E-001  0.294875312016203E-001  0.587664954475082E+001
      5.65000000  0.198994776279478E-002  0.824041635177485E-003  0.146650032970788E+000 -0.468905055194165E-003 -0.234058678128672E-003  0.175923117511607E+000  0.101867939227279E+001  0.100932400667296E+001 -0.600810726062849E+001  0.792719431190924E-001  0.328266816108832E-001  0.584197901544225E+001
      5.66000000  0.204241202971110E-002  0.921301630964785E-003  0.146103181159278E+000 -0.267470436803935E-003 -0.273546605229400E-003  0.175679454846550E+000  0.101063617884439E+001  0.101087780260975E+001 -0.598603600218817E+001  0.812181708061819E-001  0.366363065528438E-001  0.580991149195262E+001
      5.67000000  0.199733965615700E-002  0.101338349073507E-002  0.145619138382886E+000 -0.694949303120269E-004 -0.273193855344456E-003  0.175457277323582E+000  0.100275864832892E+001  0.101084461512709E+001 -0.596489546377884E+001  0.792857504857892E-001  0.402269440478798E-001  0.578045032861130E+001
      5.68000000  0.187663680343990E-002  0.108308127587510E-002  0.145186955180442E+000  0.774397815774542E-004 -0.240024107515372E-003  0.175282317326455E+000  0.996931387434012E+000  0.100951114501434E+001 -0.594570039567488E+001  0.743632169348509E-001  0.429179517999122E-001  0.575314787837659E+001
      5.69000000  0.172244205177302E-002  0.111701062379560E-002  0.144784106369698E+000  0.147462871329661E-003 -0.189451093752871E-003  0.175175084993254E+000  0.994166936622734E+000  0.100749395577876E+001 -0.592925184265100E+001  0.681331752261881E-001  0.441846391768240E-001  0.572710175015722E+001
      5.70000000  0.158094716827617E-002  0.111072468393277E-002  0.144379039408534E+000  0.142584844781692E-003 -0.143579845808112E-003  0.175145290873021E+000  0.994369787495223E+000  0.100566950186424E+001 -0.591591878741334E+001  0.624264698667573E-001  0.438589109131316E-001  0.570105942430439E+001
      5.71000000  0.148654087040945E-002  0.107282368049530E-002  0.143936659907139E+000  0.885461677564865E-004 -0.125736703104998E-003  0.175187617917674E+000  0.996509722664766E+000  0.100495623894488E+001 -0.590547527605275E+001  0.585958719541373E-001  0.422881336551174E-001  0.567363754425527E+001
      5.72000000  0.145195521814249E-002  0.102516214630978E-002  0.143425916088916E+000  0.230616633699589E-004 -0.152295393723340E-003  0.175280518426956E+000  0.999092553823314E+000  0.100599262379925E+001 -0.589705827990300E+001  0.571325316082475E-001  0.403387845546308E-001  0.564362149879175E+001
      5.73000000  0.146704465565412E-002  0.997558648695533E-003  0.142827653034179E+000 -0.183283512862967E-004 -0.224927782985910E-003  0.175389093277200E+000  0.100071993792767E+001  0.100883516686407E+001 -0.588928635080866E+001  0.576255372177043E-001  0.391841194579153E-001  0.561027246438430E+001
      5.74000000  0.150521879056345E-002  0.101796366321023E-002  0.142140416588418E+000 -0.135752337733187E-004 -0.327058977614141E-003  0.175471923160172E+000  0.100053230641525E+001  0.101282450047308E+001 -0.588053200066775E+001  0.590220125816058E-001  0.399159673758263E-001  0.557355084113445E+001
      5.75000000  0.153402308456499E-002  0.110152288942903E-002  0.141382187651986E+000  0.405922392278552E-004 -0.426996200756576E-003  0.175490368928655E+000  0.998411082163794E+000  0.101671407865838E+001 -0.586928788796073E+001  0.600468633064328E-001  0.431173396515142E-001  0.553417805854640E+001
      5.76000000  0.152574600576742E-002  0.124303111099929E-002  0.140587103830973E+000  0.129845304940060E-003 -0.487448612745125E-003  0.175417856360031E+000  0.994926238569529E+000  0.101904726529638E+001 -0.585452858096246E+001  0.596191848471650E-001  0.485719780994401E-001  0.549350186645942E+001
      5.77000000  0.146498406703450E-002  0.141626310500022E-002  0.139797747763346E+000  0.228160106673275E-003 -0.478273896385809E-003  0.175246423940646E+000  0.991099996579227E+000  0.101865636975703E+001 -0.583596179582560E+001  0.571456745795444E-001  0.552451813903939E-001  0.545319009291948E+001
      5.78000000  0.135186415174340E-002  0.158100052236627E-002  0.139055031053783E+000  0.305845464256139E-003 -0.387678269016024E-003  0.174988486739163E+000  0.988090309341359E+000  0.101509627834530E+001 -0.581409074009274E+001  0.526418918748010E-001  0.615645133019302E-001  0.541483395350051E+001
      5.79000000  0.120112246700737E-002  0.169546835764811E-002  0.138388563202633E+000  0.337373572087702E-003 -0.227525775486074E-003  0.174673174655357E+000  0.986885287597541E+000  0.100884460241264E+001 -0.579006490002732E+001  0.466911964012377E-001  0.659078888735383E-001  0.537957432457185E+001
      5.80000000  0.103800534012614E-002  0.172974176072761E-002  0.137810336339450E+000  0.307472439828536E-003 -0.306597836107071E-004  0.174338292338888E+000  0.988068240912968E+000  0.100118978192617E+001 -0.576536246628223E+001  0.402807798199562E-001  0.671242664327576E-001  0.534786055563925E+001
      5.81000000  0.892142895858176E-003  0.167536347737192E-002  0.137313553407595E+000  0.214600020861739E-003  0.158827877021747E-003  0.174020355103952E+000  0.991686576534574E+000  0.993847142257982E+000 -0.574140150487198E+001  0.345608619009338E-001  0.649021653864334E-001  0.531941102538445E+001
      5.82000000  0.790598695288849E-003  0.154793508861068E-002  0.136876779397623E+000  0.712922555823922E-004  0.298915959561762E-003  0.173745782118896E+000  0.997242943626411E+000  0.988440144799111E+000 -0.571919989151522E+001  0.305745014516768E-001  0.598626634420861E-001  0.529337996044185E+001
      5.83000000  0.751491592644102E-003  0.138205484134467E-002  0.136471846254842E+000 -0.987846754529360E-004  0.362012466836397E-003  0.173525918285421E+000  0.100381370677296E+001  0.986024052917721E+000 -0.569918655717718E+001  0.290122791166696E-001  0.533559672578074E-001  0.526866745266144E+001
      5.84000000  0.779778922888724E-003  0.122058600946732E-002  0.136072711973889E+000 -0.266618312630450E-003  0.342408051718646E-003  0.173357205459380E+000  0.101027551041869E+001  0.986803541481579E+000 -0.568121312928060E+001  0.300527985769889E-001  0.470415709013037E-001  0.524426306577599E+001
      5.85000000  0.866566389686233E-003  0.110193825476211E-002  0.135662240508055E+000 -0.405085584224537E-003  0.256746566767824E-003  0.173225984439923E+000  0.101558537289496E+001  0.990121862790457E+000 -0.566474361895988E+001  0.333405108635387E-001  0.423962719892097E-001  0.521950592275856E+001
      5.86000000  0.992381708503003E-003  0.104939760050260E-002  0.135234764745606E+000 -0.495465896384780E-003  0.137778977579181E-003  0.173115760445326E+000  0.101903015940899E+001  0.994708100142368E+000 -0.564913678523931E+001  0.381160080747812E-001  0.403059095826653E-001  0.519418016360895E+001
      5.87000000  0.113340253297695E-002  0.106562779312408E-002  0.134794010155263E+000 -0.531004182451677E-003  0.237019273664170E-004  0.173013965750305E+000  0.102036039110097E+001  0.999091192636565E+000 -0.563390633260570E+001  0.434582619287418E-001  0.408595626043792E-001  0.516843154070492E+001
      5.88000000  0.126833229412548E-002  0.113371135875285E-002  0.134347814097116E+000 -0.516290194872814E-003 -0.534336914687523E-004  0.172915659225314E+000  0.101976254294332E+001  0.100204533348252E+001 -0.561886120431646E+001  0.485491912842317E-001  0.433961745452119E-001  0.514256220978476E+001
      5.89000000  0.138324582690445E-002  0.122406284561314E-002  0.133902286951033E+000 -0.462958702923343E-003 -0.766584024802621E-004  0.172823070004573E+000  0.101769103465776E+001  0.100292934649791E+001 -0.560408563832028E+001  0.528579540884466E-001  0.467750969757759E-001  0.511680628152338E+001
      5.90000000  0.147264272913927E-002  0.130478363339789E-002  0.133458079900009E+000 -0.383858389987284E-003 -0.477224609146914E-004  0.172741789529315E+000  0.101464351381527E+001  0.100182052687640E+001 -0.558979156748452E+001  0.561786969142893E-001  0.497751714173257E-001  0.509118802076847E+001
      5.91000000  0.153678920180075E-002  0.135201185910426E-002  0.133010231673427E+000 -0.288470691087813E-003  0.154816349084019E-004  0.172675876583365E+000  0.101098602263796E+001  0.999410402523268E+000 -0.557613112105559E+001  0.585265730015567E-001  0.514895736371105E-001  0.506551778530656E+001
      5.92000000  0.157724888249324E-002  0.135687627696612E-002  0.132551226599036E+000 -0.181565859543085E-003  0.865997604886053E-004  0.172624469570310E+000  0.100690301407259E+001  0.996707534297252E+000 -0.556306833077237E+001  0.599659608872618E-001  0.515875399605821E-001  0.503951009762751E+001
      5.93000000  0.159329201762405E-002  0.132684914798959E-002  0.132075313844228E+000 -0.652478010377763E-004  0.140773777409202E-003  0.172581541032986E+000  0.100247649503675E+001  0.994656899458466E+000 -0.555037139958026E+001  0.604737586705712E-001  0.503608593278655E-001  0.501294839075783E+001
      5.94000000  0.158117330056296E-002  0.128129580994943E-002  0.131581612187416E+000  0.573275328888230E-004  0.163281533669885E-003  0.172538675292701E+000  0.997827783627857E+000  0.993813045794344E+000 -0.553771959846143E+001  0.599127567087081E-001  0.485500002473198E-001  0.498580207211788E+001
      5.95000000  0.153647817984268E-002  0.124315241602202E-002  0.131074321437126E+000  0.179115222597776E-003  0.153815659003631E-003  0.172489121550491E+000  0.993224492865864E+000  0.994181515787404E+000 -0.552485733303964E+001  0.581213518202497E-001  0.470255288267141E-001  0.495823295819777E+001
      5.96000000  0.145789533380707E-002  0.123007911072257E-002  0.130560044010409E+000  0.289121225019804E-003  0.125108798544839E-003  0.172430742107880E+000  0.989081575103425E+000  0.995275369282490E+000 -0.551170493427694E+001  0.550562163263868E-001  0.464529243273328E-001  0.493049251200283E+001
      5.97000000  0.134995354825680E-002  0.124849066204448E-002  0.130043861137325E+000  0.375261940228867E-003  0.968951674474035E-004  0.172366178564281E+000  0.985852279738443E+000  0.996346963076227E+000 -0.549836345085712E+001  0.508944902730750E-001  0.470692461510982E-001  0.490277316154559E+001
      5.98000000  0.122293057427156E-002  0.129248203931253E-002  0.129526490832502E+000  0.428493559508413E-003  0.880256781046888E-004  0.172300199306978E+000  0.983872413119780E+000  0.996686900561697E+000 -0.548501330332826E+001  0.460285076575458E-001  0.486462769803374E-001  0.487510182553911E+001
      5.99000000  0.108987641816842E-002  0.134744931093818E-002  0.129004192668333E+000  0.445796662400770E-003  0.110082944071729E-003  0.172235835090643E+000  0.983249172519289E+000  0.995863628958584E+000 -0.547176841581162E+001  0.409521501523087E-001  0.506304619352157E-001  0.484733771679292E+001
      6.00000000  0.962436684080727E-003  0.139620572359130E-002  0.128471458470906E+000  0.430309137112903E-003  0.164827274244790E-003  0.172171608040590E+000  0.983858065042030E+000  0.993816930874371E+000 -0.545857282335857E+001  0.361033243677534E-001  0.523750486205515E-001  0.481927467426463E+001
      6.01000000  0.847860638335812E-003  0.142457915224440E-002  0.127924885188036E+000  0.388635084585173E-003  0.245774795306440E-003  0.172101502701857E+000  0.985445616703417E+000  0.990795734308581E+000 -0.544520100112515E+001  0.317523795505919E-001  0.533504869747345E-001  0.479078674583735E+001
      6.02000000  0.748819742730417E-003  0.142421375609209E-002  0.127365935768672E+000  0.327058339764359E-003  0.342226712914292E-003  0.172017698144609E+000  0.987772011768810E+000  0.987204899832459E+000 -0.543136142005762E+001  0.279967146166861E-001  0.532482035490664E-001  0.476193074530944E+001
      6.03000000  0.665914891258161E-003  0.139212025833025E-002  0.126800971665419E+000  0.249023905035323E-003  0.443167009721731E-003  0.171914444453588E+000  0.990704986978127E+000  0.983458442973000E+000 -0.541684178720713E+001  0.248557968152726E-001  0.519619830367587E-001  0.473294595010480E+001
      6.04000000  0.601078000077050E-003  0.132837239281229E-002  0.126238585165611E+000  0.155435290539358E-003  0.539049616657373E-003  0.171790809692635E+000  0.994207861124589E+000  0.979912861296928E+000 -0.540161075265601E+001  0.223985636680027E-001  0.495004535374928E-001  0.470415318282830E+001
      6.05000000  0.559490748181176E-003  0.123418187060491E-002  0.125685875664617E+000  0.475411456076105E-004  0.621173071226308E-003  0.171650749848931E+000  0.998231355517288E+000  0.976890873974694E+000 -0.538581901621419E+001  0.208143958722912E-001  0.459145215835755E-001  0.467581560578686E+001
      6.06000000  0.548510160747267E-003  0.111196262484204E-002  0.125145905418029E+000 -0.694846173923123E-004  0.680045733977094E-003  0.171500626363143E+000  0.100258072852308E+001  0.974742417983514E+000 -0.536970562393334E+001  0.203722186314259E-001  0.412994094264262E-001  0.464804470081377E+001
      6.07000000  0.573904487504519E-003  0.967352015838015E-003  0.124617756919317E+000 -0.184727455290069E-003  0.704832823708397E-003  0.171345878230231E+000  0.100684966027369E+001  0.973864927741426E+000 -0.535347384248456E+001  0.212802734860368E-001  0.358692359138241E-001  0.462080364624894E+001
      6.08000000  0.635403011959489E-003  0.811544667940680E-003  0.124098889191718E+000 -0.283047134530330E-003  0.685228914381297E-003  0.171189041338333E+000  0.101047807394113E+001  0.974633626857236E+000 -0.533721813163853E+001  0.235218764986783E-001  0.300424346330902E-001  0.459399576371047E+001
      6.09000000  0.724158261270135E-003  0.661750816326172E-003  0.123587944901924E+000 -0.349639961859999E-003  0.615383097356932E-003  0.171030353126403E+000  0.101292200923435E+001  0.977256644165016E+000 -0.532094738455343E+001  0.267634731724798E-001  0.244570160513648E-001  0.456756875496129E+001
      6.10000000  0.823856552076431E-003  0.538501539497854E-003  0.123085818589814E+000 -0.375605126500501E-003  0.497897752542797E-003  0.170870354347563E+000  0.101385887416995E+001  0.981628838865217E+000 -0.530468162759334E+001  0.303982120683344E-001  0.198693376359307E-001  0.454155375309872E+001
      6.11000000  0.915366498318109E-003  0.460372868024550E-003  0.122593958712949E+000 -0.361782216241994E-003  0.345463160928090E-003  0.170712369414254E+000  0.101332699639190E+001  0.987274149771524E+000 -0.528854329786657E+001  0.337194186797416E-001  0.169587870150765E-001  0.451600209210662E+001
      6.12000000  0.982993239997262E-003  0.438370697565041E-003  0.122110880259908E+000 -0.318877732484083E-003  0.178732783384392E-003  0.170562569246156E+000  0.101172732730997E+001  0.993426766317476E+000 -0.527275871788710E+001  0.361514219858991E-001  0.161219054507139E-001  0.449085688662297E+001
      6.13000000  0.101957270864384E-002  0.472661620651750E-003  0.121629439964865E+000 -0.263667402240976E-003  0.210218377711099E-004  0.170426755473057E+000  0.100968104505596E+001  0.999228143650328E+000 -0.525753917417623E+001  0.374355314548508E-001  0.173546612393588E-001  0.446585386901637E+001
      6.14000000  0.102819223792471E-002  0.553222890154167E-003  0.121137457756895E+000 -0.212903591808982E-003 -0.107837536701731E-003  0.170305283222875E+000  0.100780442466280E+001  0.100395300954700E+001 -0.524289492392402E+001  0.376905283352717E-001  0.202795374716721E-001  0.444054585868538E+001
      6.15000000  0.101991449109497E-002  0.663929363458913E-003  0.120622520703404E+000 -0.177545615470050E-003 -0.195689236246527E-003  0.170189261151805E+000  0.100649772177621E+001  0.100716173254047E+001 -0.522849776006064E+001  0.373262982649187E-001  0.242981403477258E-001  0.441448006137051E+001
      6.16000000  0.100866158074502E-002  0.787798929761957E-003  0.120079156498064E+000 -0.159642760729221E-003 -0.238634553488186E-003  0.170061123930219E+000  0.100583303782732E+001  0.100871924521378E+001 -0.521370467605907E+001  0.368545440368145E-001  0.287846497807742E-001  0.438746022009951E+001
      6.17000000  0.100552217257038E-002  0.910656062192054E-003  0.119514565221378E+000 -0.152889571367380E-003 -0.238424570927675E-003  0.169900621858672E+000  0.100557723539095E+001  0.100869745361412E+001 -0.519777891127440E+001  0.366802902061152E-001  0.332196838124170E-001  0.435975362430012E+001
      6.18000000  0.101474245931529E-002  0.102163767615807E-002  0.118949091087604E+000 -0.146264237860695E-003 -0.198877213017585E-003  0.169694184635315E+000  0.100532691728146E+001  0.100724307239013E+001 -0.518023173620025E+001  0.369567381734845E-001  0.372078607328773E-001  0.433210454036264E+001
      6.19000000  0.103270875937048E-002  0.111106933739625E-002  0.118409894526398E+000 -0.129019275967115E-003 -0.123943626617575E-003  0.169443206603389E+000  0.100469126781735E+001  0.100450671221302E+001 -0.516112170873692E+001  0.375503065817984E-001  0.403995742984663E-001  0.430550026950002E+001
      6.20000000  0.104990098114485E-002  0.116800912355403E-002  0.117919821098808E+000 -0.950386351471268E-004 -0.188027705404819E-004  0.169166578409705E+000  0.100345012457638E+001  0.100068258451571E+001 -0.514114216570314E+001  0.381138594025723E-001  0.424014610097007E-001  0.428076510342493E+001
      6.21000000  0.105472701108463E-002  0.118008405848651E-002  0.117486388983294E+000 -0.451384393163542E-004  0.106816903340460E-003  0.168895154857928E+000  0.100163599214595E+001  0.996128541049133E+000 -0.512141560543674E+001  0.382273984742792E-001  0.427708241685379E-001  0.425816250059815E+001
      6.22000000  0.103771062525039E-002  0.113685979013997E-002  0.117096428586214E+000  0.131484311602636E-004  0.235688541750679E-003  0.168659767324049E+000  0.999524216005967E+000  0.991471466490936E+000 -0.510305645989214E+001  0.375501913432917E-001  0.411379642951521E-001  0.423720562557356E+001
      6.23000000  0.994696506690200E-003  0.103564116893260E-002  0.116719647771285E+000  0.678789654819664E-004  0.343387860358615E-003  0.168477871345160E+000  0.997547700872494E+000  0.987594245958603E+000 -0.508668876978746E+001  0.359359244527395E-001  0.374151538249042E-001  0.421679217354045E+001
      6.24000000  0.928289265030739E-003  0.886662582283871E-003  0.116320238314069E+000  0.106157584665017E-003  0.403192641078693E-003  0.168345066247193E+000  0.996170935213141E+000  0.985456990669610E+000 -0.507214423013286E+001  0.334830502028132E-001  0.319815911633792E-001  0.419562794248643E+001
      6.25000000  0.847350607375470E-003  0.714287038853829E-003  0.115871641685379E+000  0.117688536857899E-003  0.394361384258351E-003  0.168235775112412E+000  0.995761810006628E+000  0.985798289985080E+000 -0.505849301593017E+001  0.305147209824917E-001  0.257228466024768E-001  0.417276011256324E+001
      6.26000000  0.764858367433190E-003  0.552423527278305E-003  0.115367830914056E+000  0.975166559702038E-004  0.310371636127898E-003  0.168113177324117E+000  0.996493847979636E+000  0.988840776703767E+000 -0.504440698320122E+001  0.275000171364308E-001  0.198620517386808E-001  0.414798015190245E+001
      6.27000000  0.694754141441420E-003  0.435148135138819E-003  0.114825920808138E+000  0.473247275931157E-004  0.163134313521162E-003  0.167944099420903E+000  0.998301181986271E+000  0.994143959731795E+000 -0.502869738308401E+001  0.249396227008696E-001  0.156205334549477E-001  0.412191158053912E+001
      6.28000000  0.648604910694901E-003  0.386044141623436E-003  0.114278929034822E+000 -0.249996365230650E-004 -0.193100357720235E-004  0.167712199150400E+000  0.100089598414817E+001  0.100069206950014E+001 -0.501078626699536E+001  0.232459267105220E-001  0.138357784149218E-001  0.409574390371832E+001
      6.29000000  0.632966873102702E-003  0.410713208129307E-003  0.113762094796457E+000 -0.107397285662925E-003 -0.201239174969879E-003  0.167423620578749E+000  0.100384298717653E+001  0.100720092285434E+001 -0.499090398756402E+001  0.226493952941562E-001  0.146965128804495E-001  0.407073855525161E+001
      6.30000000  0.648192681813792E-003  0.495716092717750E-003  0.113299048631297E+000 -0.186686191232497E-003 -0.350636972270973E-003  0.167102917292594E+000  0.100666957132625E+001  0.101252689489641E+001 -0.496993713540928E+001  0.231574027836090E-001  0.177100074521969E-001  0.404773422744128E+001
      6.31000000  0.689011445886754E-003  0.614430418683102E-003  0.112893931706468E+000 -0.251685578580618E-003 -0.448932905252248E-003  0.166781601451053E+000  0.100897749656715E+001  0.101601320837892E+001 -0.494901488966530E+001  0.245766878064968E-001  0.219164205020648E-001  0.402686912004341E+001
      6.32000000  0.746606679801452E-003  0.737310184982944E-003  0.112532484787935E+000 -0.295412091891592E-003 -0.495241743481696E-003  0.166484916562943E+000  0.101052052627198E+001  0.101763707010068E+001 -0.492903603699192E+001  0.265889427185922E-001  0.262578661626220E-001  0.400762526368361E+001
      6.33000000  0.811351104282558E-003  0.842231126607257E-003  0.112190800927825E+000 -0.315687221105212E-003 -0.503721488047527E-003  0.166222833407124E+000  0.101122482471001E+001  0.101791071994046E+001 -0.491035063523725E+001  0.288490420738512E-001  0.299470365901395E-001  0.398914492034599E+001
      6.34000000  0.875118143787280E-003  0.920809306406785E-003  0.111847041493469E+000 -0.314157394353638E-003 -0.495653074650792E-003  0.165988804502192E+000  0.101115281000597E+001  0.101759603520340E+001 -0.489272012374397E+001  0.310673139192389E-001  0.326893825536428E-001  0.397064919026565E+001
      6.35000000  0.932347578619859E-003  0.978590013448720E-003  0.111490537853892E+000 -0.294414760305293E-003 -0.489939907088345E-003  0.165765887837991E+000  0.101043547277801E+001  0.101736582282077E+001 -0.487553901258915E+001  0.330468749808641E-001  0.346859289105823E-001  0.395175999862717E+001
      6.36000000  0.979707569298615E-003  0.102977844072171E-002  0.111124557755392E+000 -0.260256527900874E-003 -0.496030600238358E-003  0.165536501230368E+000  0.100921023669641E+001  0.101755406203911E+001 -0.485818296479988E+001  0.346709405496227E-001  0.364429021642712E-001  0.393259484388648E+001
      6.37000000  0.101492914363906E-002  0.108939885825405E-002  0.110762436596244E+000 -0.214923052150863E-003 -0.511793132432685E-003  0.165290878738179E+000  0.100759398688177E+001  0.101808345030922E+001 -0.484030773922578E+001  0.358610140959451E-001  0.384922908725227E-001  0.391362621220752E+001
      6.38000000  0.103578266948348E-002  0.116647626251972E-002  0.110419908870268E+000 -0.161500913855784E-003 -0.526452043247674E-003  0.165030625220240E+000  0.100569745076557E+001  0.101857224535285E+001 -0.482197239356500E+001  0.365404790742215E-001  0.411511050695930E-001  0.389540826307081E+001
      6.39000000  0.103998366715810E-002  0.126087837622942E-002  0.110107802388050E+000 -0.103935090555194E-003 -0.526537536377977E-003  0.164766651962142E+000  0.100366089789371E+001  0.101854619212424E+001 -0.480356341539912E+001  0.366312666516896E-001  0.444118244099195E-001  0.387831885930481E+001
      6.40000000  0.102615606614376E-002  0.136447001212800E-002  0.109828342043418E+000 -0.477037735677826E-004 -0.501835385289244E-003  0.164513579050170E+000  0.100167764101964E+001  0.101764849118843E+001 -0.478559530745401E+001  0.360877427582210E-001  0.479855300997496E-001  0.386243095567250E+001
      6.41000000  0.995237262593479E-003  0.146525492441388E-002  0.109575921257884E+000  0.585502040862810E-006 -0.448848892831710E-003  0.164283995351062E+000  0.999979441252188E+000  0.101576044240535E+001 -0.476850803956725E+001  0.349457909048246E-001  0.514495328253676E-001  0.384754206499768E+001
      6.42000000  0.951339289700836E-003  0.155211831383296E-002  0.109340783259280E+000  0.347323795503655E-004 -0.370841756784159E-003  0.164085312930246E+000  0.998782340712229E+000  0.101300109336842E+001 -0.475255735031317E+001  0.333523685080621E-001  0.544146788968928E-001  0.383330546283907E+001
      6.43000000  0.901325177480548E-003  0.161799439172407E-002  0.109112890934040E+000  0.509127945039988E-004 -0.275247878553396E-003  0.163919971670266E+000  0.998217858277208E+000  0.100963472410538E+001 -0.473782334201855E+001  0.315498141526035E-001  0.566359662797179E-001  0.381936676865608E+001
      6.44000000  0.853084443029820E-003  0.166047361381522E-002  0.108883799172529E+000  0.490287987726450E-004 -0.170276991551497E-003  0.163787707178817E+000  0.998286470202110E+000  0.100595108805891E+001 -0.472429110654800E+001  0.298148363786463E-001  0.580326478948930E-001  0.380542944269921E+001
      6.45000000  0.813259023642903E-003  0.168030859715558E-002  0.108646041092590E+000  0.326671170462166E-004 -0.625177202789773E-004  0.163687632556709E+000  0.998860072136149E+000  0.100218157271820E+001 -0.471192410567393E+001  0.283788930705770E-001  0.586348218930893E-001  0.379123291973698E+001
      6.46000000  0.785508037573684E-003  0.167922660911906E-002  0.108391283624274E+000  0.764556831694331E-005  0.435766458610413E-004  0.163618409002910E+000  0.999733618824657E+000  0.998481735083548E+000 -0.470067028258549E+001  0.273680837860286E-001  0.585063580966709E-001  0.377648806887740E+001
      6.47000000  0.770096546541840E-003  0.165850757827851E-002  0.108109282746733E+000 -0.201085628028240E-004  0.144640997850367E-003  0.163576319365136E+000  0.100069952465617E+001  0.994968315474291E+000 -0.469039516564597E+001  0.267896580784439E-001  0.576951697058094E-001  0.376084106972869E+001
      6.48000000  0.764840582250094E-003  0.161904532192425E-002  0.107789110779811E+000 -0.462940517494978E-004  0.236939963304391E-003  0.163552617279855E+000  0.100160796452250E+001  0.991770194213758E+000 -0.468079043008696E+001  0.265657568338017E-001  0.562354630799125E-001  0.374391653994616E+001
      6.49000000  0.766712608991637E-003  0.156257912190682E-002  0.107422660262685E+000 -0.688562968811224E-004  0.315708866223580E-003  0.163532191334128E+000  0.100238795006641E+001  0.989051153747562E+000 -0.467132891026781E+001  0.265897457238664E-001  0.541905546324176E-001  0.372543921655689E+001
      6.50000000  0.773163478983547E-003  0.149306196537321E-002  0.107008944873094E+000 -0.874971851323972E-004  0.375857618716518E-003  0.163495027135619E+000  0.100302975143917E+001  0.986985236616378E+000 -0.466131690993811E+001  0.267722116959883E-001  0.517000247667549E-001  0.370538211307286E+001
      6.51000000  0.782586544302559E-003  0.141709135496223E-002  0.106557042944291E+000 -0.102728039293930E-003  0.413682487783676E-003  0.163420539530781E+000  0.100355168373169E+001  0.985697484620112E+000 -0.465004526188910E+001  0.270568767509301E-001  0.489940268142384E-001  0.368406638074343E+001
      6.52000000  0.794060558125629E-003  0.134293175066959E-002  0.106085981434701E+000 -0.115252475072816E-003  0.428587058826182E-003  0.163293376104636E+000  0.100397858774444E+001  0.985204905850458E+000 -0.463698978704936E+001  0.274114686292275E-001  0.463588465362978E-001  0.366215463334729E+001
      6.53000000  0.807046483325477E-003  0.127851075649203E-002  0.105621139765539E+000 -0.126002880635327E-003  0.423795342767499E-003  0.163108507677131E+000  0.100434303738855E+001  0.985392722694488E+000 -0.462198533605680E+001  0.278170866706311E-001  0.440674053570345E-001  0.364052438095308E+001
      6.54000000  0.821672900982262E-003  0.122936485683779E-002  0.105188186950505E+000 -0.136437464675909E-003  0.405619498237877E-003  0.162873639369919E+000  0.100469550349123E+001  0.986040580755352E+000 -0.460530602139073E+001  0.282779219357217E-001  0.423086649329928E-001  0.362005773293806E+001
      6.55000000  0.839617602259979E-003  0.119751312333645E-002  0.104806497322226E+000 -0.148284175163521E-003  0.381653028768116E-003  0.162607991617736E+000  0.100509541758145E+001  0.986885441075186E+000 -0.458761997670967E+001  0.288513746496161E-001  0.411495657978283E-001  0.360141511066276E+001
      6.56000000  0.864808360251235E-003  0.118167641495678E-002  0.104484105431224E+000 -0.162177815566631E-003  0.358813176699947E-003  0.162337782672415E+000  0.100556434286463E+001  0.987689071205396E+000 -0.456983135774088E+001  0.296716922214208E-001  0.405434781871485E-001  0.358486383906500E+001
      6.57000000  0.902831092394898E-003  0.117849321675377E-002  0.104215660168670E+000 -0.175505834233032E-003  0.342139050533025E-003  0.162089760183707E+000  0.100601246365316E+001  0.988279030069588E+000 -0.455285695152630E+001  0.309291092896751E-001  0.403727184466250E-001  0.357021105077600E+001
      6.58000000  0.958427199482127E-003  0.118388024115801E-002  0.103983880034390E+000 -0.180721694513909E-003  0.334700760043403E-003  0.161884591988221E+000  0.100618173910273E+001  0.988551276139598E+000 -0.453740000676042E+001  0.327838166419067E-001  0.404956294782452E-001  0.355685696170086E+001
      6.59000000  0.103163717524060E-002  0.119374396041682E-002  0.103764065831308E+000 -0.165711165360475E-003  0.338248178091765E-003  0.161731839739852E+000  0.100565968984768E+001  0.988447490696373E+000 -0.452378018361537E+001  0.352344782229717E-001  0.407710642719916E-001  0.354395208471189E+001
      6.60000000  0.111435332628932E-002  0.120381628130767E-002  0.103530511233876E+000 -0.117106670147163E-003  0.353787442477108E-003  0.161627774108207E+000  0.100399359456139E+001  0.987935071466131E+000 -0.451186195318413E+001  0.380018950051631E-001  0.410527781884887E-001  0.353061773579623E+001
      6.61000000  0.118948017139643E-002  0.120909329706502E-002  0.103263225076347E+000 -0.259405235670902E-004  0.381400824855748E-003  0.161556617962431E+000  0.100088329048751E+001  0.987013071665585E+000 -0.450110037182547E+001  0.405025179139957E-001  0.411703566832697E-001  0.351617515288349E+001
      6.62000000  0.123411197496906E-002  0.120373734246041E-002  0.102953248698927E+000  0.106526571628087E-003  0.419247055344622E-003  0.161495019929529E+000  0.996378185223161E+000  0.985745949043638E+000 -0.449069627068000E+001  0.419587800386726E-001  0.409260678131728E-001  0.350032477120509E+001
      6.63000000  0.122634760689081E-002  0.118208976511054E-002  0.102605064266555E+000  0.265644822387736E-003  0.462403277617059E-003  0.161418735702320E+000  0.990981919604091E+000  0.984302385811999E+000 -0.447982498919114E+001  0.416319099046099E-001  0.401294496957627E-001  0.348322512091979E+001
      6.64000000  0.115342773376232E-002  0.114073253472907E-002  0.102235217214767E+000  0.424986673700880E-003  0.502562698383028E-003  0.161309775700114E+000  0.985594328462694E+000  0.982964752525620E+000 -0.446787884960354E+001  0.390974637625800E-001  0.386671376401604E-001  0.346544268298087E+001
      6.65000000  0.101784617973265E-002  0.108074825906800E-002  0.101867296697018E+000  0.552881317571865E-003  0.529319297364086E-003  0.161161921778728E+000  0.981287296120124E+000  0.982084771261618E+000 -0.445465224291106E+001  0.344498060456237E-001  0.365787764894077E-001  0.344777893112107E+001
      6.66000000  0.838609827074345E-003  0.100895148700480E-002  0.101524602759200E+000  0.621760639119735E-003  0.532969249157624E-003  0.160982787070106E+000  0.978987618769177E+000  0.981988320998478E+000 -0.444040822253808E+001  0.283407927130100E-001  0.340974837493186E-001  0.343102075503592E+001
      6.67000000  0.646758433635888E-003  0.937166490969668E-003  0.101222748725802E+000  0.616779059644861E-003  0.507878396890040E-003  0.160791573884105E+000  0.979187221508903E+000  0.982861998296485E+000 -0.442579933308960E+001  0.218244115230878E-001  0.316240285412108E-001  0.341569094239861E+001
      6.68000000  0.476703079213140E-003  0.879482423620845E-003  0.100964647682845E+000  0.540347073777842E-003  0.455014557647325E-003  0.160613129876402E+000  0.981793661337313E+000  0.984668836873565E+000 -0.441166442479191E+001  0.160619315304529E-001  0.296330925609960E-001  0.340188123130011E+001
      6.69000000  0.356697317108518E-003  0.848373481685376E-003  0.100739594400471E+000  0.410949477812150E-003  0.382497044606691E-003  0.160470268891239E+000  0.986174253468387E+000  0.987131490673799E+000 -0.439876890794873E+001  0.120005182172368E-001  0.285421867047254E-001  0.338922464458040E+001
      6.70000000  0.301962415718582E-003  0.851113815863626E-003  0.100526680312138E+000  0.257049465728547E-003  0.303849951744523E-003  0.160376997561622E+000  0.991364883954470E+000  0.989792705515624E+000 -0.438757776077541E+001  0.101438860949517E-001  0.285916430407901E-001  0.337701363318113E+001
      6.71000000  0.312597914189367E-003  0.887766751700265E-003  0.100301161058872E+000  0.108805366351868E-003  0.234613370174567E-003  0.160334912100850E+000  0.996350326023272E+000  0.992130330144293E+000 -0.437813690515036E+001  0.104855165774338E-001  0.297784872173160E-001  0.336441620138755E+001
      6.72000000  0.376192654978307E-003  0.951301113210377E-003  0.100041352459125E+000 -0.915558673118017E-005  0.188564363686619E-003  0.160333721731226E+000  0.100030665015146E+001  0.993684370823907E+000 -0.437009385591106E+001  0.125999062662838E-001  0.318621448314916E-001  0.335070780105985E+001
      6.73000000  0.473163598675971E-003  0.102950889595181E-002  0.997336403305321E-001 -0.816818541043636E-004  0.174761819269759E-003  0.160355197893794E+000  0.100273172387623E+001  0.994155359968414E+000 -0.436283275602795E+001  0.158242282088054E-001  0.344303402842559E-001  0.333543807913685E+001
      6.74000000  0.582188948617649E-003  0.110783464982621E-002  0.993742258739666E-001 -0.103414751702650E-003  0.196068851201892E-003  0.160378609062873E+000  0.100345341580694E+001  0.993452507898143E+000 -0.435565781973560E+001  0.194415253595660E-001  0.369948544882928E-001  0.331848712862598E+001
      6.75000000  0.683839695378498E-003  0.117220538073201E-002  0.989677572360291E-001 -0.767990516064132E-004  0.249116587647880E-003  0.160385437393899E+000  0.100256081591157E+001  0.991693364590565E+000 -0.434795119824353E+001  0.228022031035409E-001  0.390864486971916E-001  0.330001741116947E+001
      6.76000000  0.762048913086738E-003  0.121134287641187E-002  0.985242527952945E-001 -0.971386805817869E-005  0.325261142887742E-003  0.160361939963295E+000  0.100032342365428E+001  0.989170416275057E+000 -0.433925767987057E+001  0.253724512971512E-001  0.403317131067319E-001  0.328036922920234E+001
      6.77000000  0.804411258111668E-003  0.121848182649207E-002  0.980561095412825E-001  0.859726656440709E-004  0.412111829233729E-003  0.160299441300448E+000  0.997141764563116E+000  0.986298986713388E+000 -0.432929321436256E+001  0.267433462314842E-001  0.405094794908067E-001  0.325995995348293E+001
      6.78000000  0.802704295293949E-003  0.119257015744580E-002  0.975764021648604E-001  0.194918382910210E-003  0.495501771786456E-003  0.160193389117795E+000  0.993529328067544E+000  0.983550913160111E+000 -0.431791230387443E+001  0.266472360178211E-001  0.395895457886282E-001  0.323922698993993E+001
      6.79000000  0.754338087727462E-003  0.113882406645186E-002  0.970985338061281E-001  0.298951848687261E-003  0.561972868985531E-003  0.160042576500665E+000  0.990090363034491E+000  0.981371758895066E+000 -0.430508119990029E+001  0.250047512047838E-001  0.377496681009924E-001  0.321861605515101E+001
      6.80000000  0.664216171994428E-003  0.106819664559212E-002  0.966362959812749E-001  0.379049770824220E-003  0.601683640517472E-003  0.159849396021753E+000  0.987453759705523E+000  0.980084759004673E+000 -0.429088549257026E+001  0.219850171211008E-001  0.353564434776247E-001  0.319858309876550E+001
      6.81000000  0.545587065698659E-003  0.995279710464061E-003  0.962031155987166E-001  0.418991466921483E-003  0.611155387766135E-003  0.159620926170826E+000  0.986152086505576E+000  0.979800956321092E+000 -0.427556514158734E+001  0.180319722140970E-001  0.328945776259567E-001  0.317956934181383E+001
      6.82000000  0.418515973768637E-003  0.934623755756448E-003  0.958098580626770E-001  0.409735837989757E-003  0.594798793898934E-003  0.159369727419083E+000  0.986477846784173E+000  0.980370376037520E+000 -0.425953961630110E+001  0.138119163516082E-001  0.308445697269139E-001  0.316192888243904E+001
      6.83000000  0.305644164021792E-003  0.896301135398052E-003  0.954616582653684E-001  0.352666560248133E-003  0.564154384320569E-003  0.159113019057344E+000  0.988378294827663E+000  0.981408966243804E+000 -0.424337945526721E+001  0.100721382810077E-001  0.295365331317425E-001  0.314582490282569E+001
      6.84000000  0.226350096731966E-003  0.882289035175699E-003  0.951552112451401E-001  0.259956950134115E-003  0.534461808994211E-003  0.158869580224601E+000  0.991445953497666E+000  0.982413198933518E+000 -0.422770318834112E+001  0.744819191121514E-002  0.290322741188447E-001  0.313114191219133E+001
      6.85000000  0.191444599878409E-003  0.885375362458498E-003  0.948781873609011E-001  0.151431526969099E-003  0.519346930061795E-003  0.158654933419103E+000  0.995024324998213E+000  0.982935511588080E+000 -0.421301872815925E+001  0.629040813962444E-002  0.290913005128853E-001  0.311746856493671E+001
      6.86000000  0.200519212687780E-003  0.891528766241248E-003  0.946117471526241E-001  0.488679478623143E-004  0.525512272159655E-003  0.158476480024123E+000  0.998396657658639E+000  0.982758103957371E+000 -0.419956457448345E+001  0.657897370408525E-002  0.292507846550815E-001  0.310418232882185E+001
      6.87000000  0.242994795290025E-003  0.885247308186823E-003  0.943358129680393E-001 -0.301397673847290E-004  0.549690986578425E-003  0.158330655051210E+000  0.100098743708657E+001  0.981991059872106E+000 -0.418721855887792E+001  0.796097958055866E-002  0.290024143760297E-001  0.309062373067540E+001
      6.88000000  0.302335132240775E-003  0.855957654062259E-003  0.940354355183250E-001 -0.764589701814418E-004  0.579437017157000E-003  0.158203595215767E+000  0.100250130287059E+001  0.981044114629016E+000 -0.417552232147955E+001  0.989068689207426E-002  0.280020687190995E-001  0.307630490237203E+001
      6.89000000  0.361599959858403E-003  0.802829086070753E-003  0.937059138871858E-001 -0.904284719670425E-004  0.597775161876767E-003  0.158075490869496E+000  0.100295401193689E+001  0.980472577658933E+000 -0.416382591456100E+001  0.118123260800916E-001  0.262258849668102E-001  0.306107559000245E+001
      6.90000000  0.408126668237237E-003  0.735837222129927E-003  0.933546275563331E-001 -0.796613095382849E-004  0.590008952747238E-003  0.157927298023953E+000  0.100259851139833E+001  0.980754208062634E+000 -0.415150813364269E+001  0.133128843289760E-001  0.240026359107620E-001  0.304518046713299E+001
      6.91000000  0.435764472752861E-003  0.672430540753078E-003  0.929987090011266E-001 -0.550047960617352E-004  0.549918181441390E-003  0.157747476334640E+000  0.100179163190200E+001  0.982087908184278E+000 -0.413819578104926E+001  0.141938446652553E-001  0.219025993177644E-001  0.302918046827533E+001
      6.92000000  0.444339071763677E-003  0.631048950537777E-003  0.926592356395254E-001 -0.265661226523621E-004  0.482726639075320E-003  0.157536321198936E+000  0.100086406886095E+001  0.984299212096855E+000 -0.412390277637104E+001  0.144522240086143E-001  0.205250030283708E-001  0.301376159565284E+001
      6.93000000  0.437241799334938E-003  0.624132648115702E-003  0.923539173609706E-001 -0.133463993927268E-005  0.403559994326111E-003  0.157306301289811E+000  0.100004334681157E+001  0.986893064925456E+000 -0.410903832592508E+001  0.142008622171026E-001  0.202707558027796E-001  0.299949652034109E+001
      6.94000000  0.418660016330389E-003  0.653483752915007E-003  0.920908016894893E-001  0.170633587037559E-004  0.332039238276068E-003  0.157078241626022E+000  0.999446609976273E+000  0.989231475166284E+000 -0.409428028617489E+001  0.135777651043443E-001  0.211934470703867E-001  0.298664124788045E+001
      6.95000000  0.391801887903358E-003  0.709800593219439E-003  0.918651394031380E-001  0.270037730274531E-004  0.285278915019743E-003  0.156874645183019E+000  0.999125487704621E+000  0.990761294040520E+000 -0.408035695257535E+001  0.126884331302854E-001  0.229867635684370E-001  0.297503589009906E+001
      6.96000000  0.358723522991652E-003  0.776393274857635E-003  0.916604366459780E-001  0.270601935141372E-004  0.272147109448710E-003  0.156712395291246E+000  0.999124919645808E+000  0.991199228165010E+000 -0.406781070527175E+001  0.116005049037206E-001  0.251072299833854E-001  0.296414167635608E+001
      6.97000000  0.321473906841752E-003  0.835353520719428E-003  0.914533030777593E-001  0.149166081996426E-004  0.290966008764625E-003  0.156597227014512E+000  0.999518314492260E+000  0.990604156937612E+000 -0.405682081312712E+001  0.103810008260491E-001  0.269751460509677E-001  0.295320022742151E+001
      6.98000000  0.283650358766865E-003  0.873566705953468E-003  0.912204892560390E-001 -0.123693142805875E-004  0.331254300439047E-003  0.156521706912459E+000  0.100039885631923E+001  0.989318496724594E+000 -0.404714089097589E+001  0.914648423348027E-002  0.281687079037464E-001  0.294146205341653E+001
      6.99000000  0.251322764272915E-003  0.886261664592331E-003  0.909458714673044E-001 -0.568591109239851E-004  0.378397724991398E-003  0.156467290380471E+000  0.100183083482339E+001  0.987815783244791E+000 -0.403816818967175E+001  0.809246682307354E-002  0.285371806172207E-001  0.292841139828250E+001
      7.00000000  0.232615300526639E-003  0.877066287699904E-003  0.906252418329867E-001 -0.117709140858340E-003  0.419059116118569E-003  0.156409745414617E+000  0.100378476069907E+001  0.986525783284916E+000 -0.402912053456303E+001  0.747939574628797E-002  0.282007496780462E-001  0.291391858892074E+001
      7.01000000  0.235840211859362E-003  0.855118261879228E-003  0.902675050647283E-001 -0.189636936786686E-003  0.445131419212939E-003  0.156326241146735E+000  0.100608879271145E+001  0.985707884830532E+000 -0.401926520134120E+001  0.757227039925764E-002  0.274558212581409E-001  0.289827570636720E+001
      7.02000000  0.266717805049144E-003  0.830922664791988E-003  0.898919984601219E-001 -0.262765970608957E-003  0.454996326424734E-003  0.156201968723286E+000  0.100842477449115E+001  0.985411956367314E+000 -0.400813084174130E+001  0.855147778498540E-002  0.266409537514764E-001  0.288210765583511E+001
      7.03000000  0.325678867504242E-003  0.812870244685540E-003  0.895227886730903E-001 -0.324275133412814E-003  0.452232958481660E-003  0.156034371561603E+000  0.101038208540548E+001  0.985521180274553E+000 -0.399564106163108E+001  0.104270277575820E-001  0.260250862133025E-001  0.286618720331403E+001
      7.04000000  0.406380955523663E-003  0.805627924530560E-003  0.891816368012971E-001 -0.361616756038912E-003  0.443025205661115E-003  0.155833806306841E+000  0.101156117998347E+001  0.985836126080095E+000 -0.398213274726706E+001  0.129923276236579E-001  0.257565759320114E-001  0.285120901358048E+001
      7.05000000  0.496302680509415E-003  0.810431503724496E-003  0.888816522307222E-001 -0.366397506609390E-003  0.433833088840253E-003  0.155620495148148E+000  0.101169740880595E+001  0.986149679235883E+000 -0.396825583552084E+001  0.158446911910810E-001  0.258733982553909E-001  0.283758760017847E+001
      7.06000000  0.579633183462866E-003  0.826302201576836E-003  0.886234167094417E-001 -0.337570326859738E-003  0.430342162276096E-003  0.155418667243998E+000  0.101076182284565E+001  0.986280588828669E+000 -0.395478432404361E+001  0.184788446719113E-001  0.263427120300038E-001  0.282533574403743E+001
      7.07000000  0.641805847992020E-003  0.850899716390822E-003  0.883946450002158E-001 -0.282581134743040E-003  0.437656325021351E-003  0.155249546705373E+000  0.100899601200812E+001  0.986067146489088E+000 -0.394239216530432E+001  0.204319836165582E-001  0.270885176865005E-001  0.281405653140502E+001
      7.08000000  0.674233695228611E-003  0.880249780383344E-003  0.881734640475828E-001 -0.215663715810999E-003  0.460775461863154E-003  0.155125138531675E+000  0.100685598883231E+001  0.985351864086839E+000 -0.393145642689346E+001  0.214340120565587E-001  0.279833009519384E-001  0.280305049249077E+001
      7.09000000  0.677448747942665E-003  0.907619003729141E-003  0.879344037541792E-001 -0.153483773106183E-003  0.504148207351360E-003  0.155044529194014E+000  0.100487239520673E+001  0.983995641628639E+000 -0.392194194595352E+001  0.215058436828833E-001  0.288126776779653E-001  0.279150791440385E+001
      7.10000000  0.661192547007018E-003  0.922733768829898E-003  0.876554569737238E-001 -0.109459017443139E-003  0.569693070154145E-003  0.154993726307316E+000  0.100346992008030E+001  0.981940369373765E+000 -0.391339914971498E+001  0.209602219113099E-001  0.292512440548255E-001  0.277873342375564E+001
      7.11000000  0.641046740535808E-003  0.912760022163766E-003  0.873242746048864E-001 -0.888387435039073E-004  0.653838491490807E-003  0.154949096746470E+000  0.100281228339261E+001  0.979302058330147E+000 -0.390507580693565E+001  0.202930054072018E-001  0.288943736766606E-001  0.276434129476390E+001
      7.12000000  0.632586757066295E-003  0.865738061635479E-003  0.869417917737959E-001 -0.865918239677563E-004  0.745195206024577E-003  0.154883478722053E+000  0.100273730486684E+001  0.976443197859485E+000 -0.389611236571716E+001  0.199970705023957E-001  0.273673529547470E-001  0.274836790414030E+001
      7.13000000  0.645201155412606E-003  0.775779204487155E-003  0.865222774454795E-001 -0.892075382611223E-004  0.824770984774959E-003  0.154773303667280E+000  0.100281603663583E+001  0.973964248374409E+000 -0.388576752448792E+001  0.203672259826771E-001  0.244892158637672E-001  0.273127033714164E+001
      7.14000000  0.678071782065563E-003  0.647976633201199E-003  0.860897817309122E-001 -0.799652269535938E-004  0.869842140706197E-003  0.154604773931266E+000  0.100252074687757E+001  0.972579933257258E+000 -0.387361214357831E+001  0.213748824648953E-001  0.204261919475289E-001  0.271381144975712E+001
      7.15000000  0.720093978600085E-003  0.500443580947443E-003  0.856719574941998E-001 -0.457201410503531E-004  0.860946522914246E-003  0.154377392915257E+000  0.100143922202065E+001  0.972898307706026E+000 -0.385963818725113E+001  0.226678021356113E-001  0.157534383151028E-001  0.269686324113472E+001
      7.16000000  0.753956096202227E-003  0.361622353610694E-003  0.852929736818782E-001  0.175165441160289E-004  0.789702671862793E-003  0.154103878466456E+000  0.999449367703856E+000  0.975175708598777E+000 -0.384425306056789E+001  0.237005983425425E-001  0.113675931500302E-001  0.268118332202335E+001
      7.17000000  0.762842645457643E-003  0.262848406811585E-003  0.849674984451785E-001  0.102545799455690E-003  0.664202027295299E-003  0.153806509741864E+000  0.996780970215538E+000  0.979149939635629E+000 -0.382816203619517E+001  0.239465020470897E-001  0.825111174534801E-002  0.266722683579511E+001
      7.18000000  0.737062369077789E-003  0.228343085227937E-003  0.846974243895158E-001  0.193416416591685E-003  0.509185350553235E-003  0.153510972684198E+000  0.993936893955666E+000  0.984038351909171E+000 -0.381217325165355E+001  0.231050051684131E-001  0.715796706724297E-002  0.265504590977770E+001
      7.19000000  0.677879032582758E-003  0.266311171355472E-003  0.844722158915226E-001  0.271382652125500E-003  0.360072473282725E-003  0.153239481989409E+000  0.991504685378432E+000  0.988728354877715E+000 -0.379698168527065E+001  0.212202055365419E-001  0.833655788306218E-002  0.264430333022052E+001
      7.20000000  0.596974213223751E-003  0.364828452349541E-003  0.842727072876100E-001  0.321953756135245E-003  0.252438803884843E-003  0.153005153960801E+000  0.989935614223228E+000  0.992108675674972E+000 -0.378299403548220E+001  0.186616203916725E-001  0.114046636102801E-001  0.263439397874036E+001
      7.21000000  0.511795843976083E-003  0.494568941759739E-003  0.840771801093509E-001  0.340159195925611E-003  0.210602179299215E-003  0.152809223310525E+000  0.989381254136479E+000  0.993425634094069E+000 -0.377024383692207E+001  0.159767252106771E-001  0.154389531943912E-001  0.262463640317970E+001
      7.22000000  0.438741437909916E-003  0.617767566977518E-003  0.838678933165653E-001  0.331929954741296E-003  0.239614021635275E-003  0.152641849333161E+000  0.989652497865638E+000  0.992530331882139E+000 -0.375841917611464E+001  0.136772168355347E-001  0.192581330082778E-001  0.261447691810153E+001
      7.23000000  0.386965083315759E-003  0.700282144558320E-003  0.836361249857939E-001  0.311131849932732E-003  0.323778283623320E-003  0.152486193138663E+000  0.990314267971074E+000  0.989920576460947E+000 -0.374699200731594E+001  0.120464687313681E-001  0.218002277757799E-001  0.260364567216530E+001
      7.24000000  0.355259563865040E-003  0.722330981946419E-003  0.833842399562780E-001  0.293556773828369E-003  0.432311083468771E-003  0.152324479973749E+000  0.990874013636561E+000  0.986560470054743E+000 -0.373540810838554E+001  0.110441802893267E-001  0.224555632124044E-001  0.259221896617387E+001
      7.25000000  0.333149545097220E-003  0.684009903265872E-003  0.831241926126113E-001  0.290340227929658E-003  0.529981210809993E-003  0.152144171297103E+000  0.990986458090715E+000  0.983546861939067E+000 -0.372327887188983E+001  0.103425467707508E-001  0.212349214348156E-001  0.258057038506821E+001
      7.26000000  0.305635002273260E-003  0.603785935124860E-003  0.828729495491576E-001  0.303394053663106E-003  0.588724288067646E-003  0.151942333661754E+000  0.990594178785541E+000  0.981748372022075E+000 -0.371051560857890E+001  0.947529509413234E-002  0.187185690985735E-001  0.256922684397693E+001
      7.27000000  0.259647532207021E-003  0.510889762269295E-003  0.826462627096579E-001  0.324550974489169E-003  0.596044530095962E-003  0.151726824268116E+000  0.989952112078375E+000  0.981546847474027E+000 -0.369736418862923E+001  0.803851939390729E-002  0.158168160784829E-001  0.255867475411182E+001
      7.28000000  0.189730677664837E-003  0.434723825289519E-003  0.824527591373683E-001  0.338641621751740E-003  0.557485310957978E-003  0.151513874327941E+000  0.989530276038164E+000  0.982764323864515E+000 -0.368432802913049E+001  0.586587027302635E-002  0.134402806922282E-001  0.254917757478988E+001
      7.29000000  0.100859844431752E-003  0.395220365343212E-003  0.822902640891560E-001  0.329271168670437E-003  0.492835863894808E-003  0.151322771356467E+000  0.989833945063083E+000  0.984783980670192E+000 -0.367200214652298E+001  0.311398876361499E-002  0.122021978495451E-001  0.254066382089195E+001
      7.30000000  0.743839167683818E-005  0.397341753054289E-003  0.821456257721894E-001  0.285155319261976E-003  0.428003309349753E-003  0.151169288213368E+000  0.991208056415590E+000  0.986803749761768E+000 -0.366086993259389E+001  0.229341399454747E-003  0.122508893946827E-001  0.253272395326295E+001
      7.31000000 -0.711187452239338E-004  0.431100558082133E-003  0.819982278605488E-001  0.204775950777834E-003  0.385755187517881E-003  0.151059974949815E+000  0.993694959949879E+000  0.988122619391566E+000 -0.365112816427469E+001 -0.218974218040752E-002  0.132735620272443E-001  0.252472084117261E+001
      7.32000000 -0.116660804945888E-003  0.476436056672063E-003  0.818261768667359E-001  0.977784115432850E-004  0.378496681711363E-003  0.150989236600171E+000  0.996993521017801E+000  0.988362028995598E+000 -0.364259910967901E+001 -0.358707257134119E-002  0.146493992706378E-001  0.251598156546687E+001
      7.33000000 -0.118322277438156E-003  0.510798735372362E-003  0.816132215889827E-001 -0.173302349912911E-004  0.405137112650307E-003  0.150940281362232E+000  0.100053214103807E+001  0.987559886879986E+000 -0.363476219749237E+001 -0.363319594771067E-002  0.156845518496768E-001  0.250601013077767E+001
      7.34000000 -0.763225554523171E-004  0.516766212712891E-003  0.813541350984859E-001 -0.118406199869179E-003  0.452523095674747E-003  0.150889775385127E+000  0.100363081949525E+001  0.986123786764200E+000 -0.362689908726980E+001 -0.234036243515565E-002  0.158461705694131E-001  0.249465129411222E+001
      7.35000000 -0.233911308753141E-005  0.487396022047783E-003  0.810567209245644E-001 -0.186124068187301E-003  0.500488630010750E-003  0.150814785753503E+000  0.100569956187720E+001  0.984673847163544E+000 -0.361830762550172E+001 -0.716292090001943E-004  0.149252260248641E-001  0.248214968097308E+001
      7.36000000  0.836374387134804E-004  0.427973838540427E-003  0.807396896524020E-001 -0.209614032893236E-003  0.528679313480709E-003  0.150699773915490E+000  0.100641015918927E+001  0.983832577844589E+000 -0.360851560008254E+001  0.255769754026422E-002  0.130877708711548E-001  0.246908213357759E+001
      7.37000000  0.158944192327006E-003  0.353946668401741E-003  0.804270365750485E-001 -0.189530352393658E-003  0.523041485924690E-003  0.150541333740264E+000  0.100578812041782E+001  0.984026689837215E+000 -0.359742387719276E+001  0.485404112471903E-002  0.108092762574467E-001  0.245618375455569E+001
      7.38000000  0.204591286589576E-003  0.285854785615431E-003  0.801407468396078E-001 -0.137645232549246E-003  0.480133172064972E-003  0.150349106771786E+000  0.100419789032131E+001  0.985356947286713E+000 -0.358533178698378E+001  0.623960427755022E-002  0.871797021669993E-002  0.244412435701435E+001
      7.39000000  0.210337208122647E-003  0.242836761485715E-003  0.798942208259623E-001 -0.731828934478194E-004  0.408073657316292E-003  0.150142604690562E+000  0.100222890425553E+001  0.987571451899335E+000 -0.357283765050655E+001  0.640616237201945E-002  0.739598922063163E-002  0.243330866547708E+001
      7.40000000  0.176979389840611E-003  0.236671910460805E-003  0.796885344205616E-001 -0.171383620455936E-004  0.323882098154076E-003  0.149945057115888E+000  0.100052127136535E+001  0.990148973217573E+000 -0.356064963750608E+001  0.538291161874587E-002  0.719848778887538E-002  0.242376436148635E+001
      7.41000000  0.115290028235399E-003  0.268227905115970E-003  0.795126317373692E-001  0.135784217612081E-004  0.248016309500161E-003  0.149776371878547E+000  0.999587563244498E+000  0.992466647170001E+000 -0.354937119753217E+001  0.350186833369222E-002  0.814726842828383E-002  0.241515048154122E+001
      7.42000000  0.421268453509348E-004  0.327514358281879E-003  0.793471801139018E-001  0.103659222037622E-004  0.197862620760966E-003  0.149647497470164E+000  0.999685565410043E+000  0.993998136315915E+000 -0.353933075901907E+001  0.127785421149501E-002  0.993465327320787E-002  0.240687683670937E+001
      7.43000000 -0.248804799391933E-004  0.397377979167819E-003  0.791706135492425E-001 -0.256534536345001E-004  0.182402036551708E-003  0.149557867462339E+000  0.100077711144060E+001  0.994474556470550E+000 -0.353050616468186E+001 -0.753696008490786E-003  0.120376374367733E-001  0.239828876161805E+001
      7.44000000 -0.723166950141986E-004  0.459536678887709E-003  0.789652832357768E-001 -0.852180723428858E-004  0.199985473697662E-003  0.149496451085555E+000  0.100257801266196E+001  0.993950049922202E+000 -0.352255880966126E+001 -0.218772087061037E-002  0.139018795454663E-001  0.238885361332745E+001
      7.45000000 -0.941443878020192E-004  0.500668268180459E-003  0.787218030085001E-001 -0.154735784014647E-003  0.240044494637392E-003  0.149445693394586E+000  0.100467477553462E+001  0.992747933919123E+000 -0.351495480301361E+001 -0.284422820242273E-002  0.151258597741550E-001  0.237829123423903E+001
      7.46000000 -0.922685966431102E-004  0.516153354170495E-003  0.784404952728572E-001 -0.220917289050873E-003  0.287987650583142E-003  0.149386762811312E+000  0.100666526089175E+001  0.991311169745987E+000 -0.350712459939039E+001 -0.278382136311947E-002  0.155727819243134E-001  0.236661588469664E+001
      7.47000000 -0.746158802315842E-004  0.510011682301941E-003  0.781299457302949E-001 -0.274728753712288E-003  0.331150537843602E-003  0.149304311732110E+000  0.100827770203996E+001  0.990022283996112E+000 -0.349860667695025E+001 -0.224821033714417E-002  0.153668834657822E-001  0.235409072554250E+001
      7.48000000 -0.515855247943362E-004  0.491249052881453E-003  0.778036272037616E-001 -0.313534094715881E-003  0.363170970155520E-003  0.149189400544718E+000  0.100943429499860E+001  0.989072122856436E+000 -0.348913479944860E+001 -0.155221734021688E-002  0.147817687478762E-001  0.234112456467068E+001
      7.49000000 -0.321200641025042E-004  0.468497401297227E-003  0.774760230023406E-001 -0.340962304880026E-003  0.384886792367407E-003  0.149040090910622E+000  0.101024591682438E+001  0.988434152382951E+000 -0.347865454073036E+001 -0.965207885088441E-003  0.140783463081655E-001  0.232815439186258E+001
      7.50000000 -0.206241758112486E-004  0.445644477621893E-003  0.771595590480420E-001 -0.364744498977600E-003  0.401541419567120E-003  0.148860107639208E+000  0.101094595763088E+001  0.987949769282482E+000 -0.346728171559698E+001 -0.618930114736670E-003  0.133737604930543E-001  0.231555312424116E+001
      7.51000000 -0.156137218125062E-004  0.420635485669485E-003  0.768630704272607E-001 -0.393321437075062E-003  0.417934103466359E-003  0.148656557971556E+000  0.101178783249147E+001  0.987474526583727E+000 -0.345523289337691E+001 -0.467942806939095E-003  0.126064337655042E-001  0.230358407544321E+001
      7.52000000 -0.104385404522238E-004  0.387976830208714E-003  0.765917728127776E-001 -0.432319364613854E-003  0.434214531657714E-003  0.148437799047898E+000  0.101293936977103E+001  0.987003907654949E+000 -0.344276090106369E+001 -0.312426751695147E-003  0.116121924659749E-001  0.229240082902307E+001
      7.53000000  0.417001170504433E-005  0.343495614131257E-003  0.763481056274452E-001 -0.482001840970710E-003  0.444694786112700E-003  0.148212186124486E+000  0.101440721364220E+001  0.986707908052398E+000 -0.343011716629955E+001  0.124643195146387E-003  0.102672111956662E-001  0.228207316954700E+001
      7.54000000  0.365069030334363E-004  0.288646807317649E-003  0.761325907462496E-001 -0.536539746865181E-003  0.440447944372712E-003  0.147987822110236E+000  0.101601610213556E+001  0.986852308139917E+000 -0.341754425014129E+001  0.108975763874471E-002  0.861631738210118E-002  0.227261327117127E+001
      7.55000000  0.903951343862567E-004  0.231820455829075E-003  0.759440623492106E-001 -0.585437088645568E-003  0.414391324159970E-003  0.147772853660781E+000  0.101745257673973E+001  0.987646501177584E+000 -0.340528473269580E+001  0.269478659683926E-002  0.691084383559851E-002  0.226398293135668E+001
      7.56000000  0.162988835462212E-003  0.185651663956255E-003  0.757791402713722E-001 -0.616788629342010E-003  0.366114547654984E-003  0.147575576100364E+000  0.101836288180295E+001  0.989100126291073E+000 -0.339358433670321E+001  0.485246416424123E-002  0.552717640950532E-002  0.225607822475114E+001
      7.57000000  0.244775627718437E-003  0.161487074766833E-003  0.756313854543335E-001 -0.621386857288243E-003  0.303709055242324E-003  0.147403739362537E+000  0.101847534085100E+001  0.990969991963423E+000 -0.338267127071053E+001  0.727777406469498E-002  0.480140304603127E-002  0.224870482681246E+001
      7.58000000  0.321996937601096E-003  0.163770249055648E-003  0.754909166729872E-001 -0.596271439178812E-003  0.241335425303429E-003  0.147262927454136E+000  0.101770520980343E+001  0.992833977854310E+000 -0.337270822569314E+001  0.956112092865207E-002  0.486286350237385E-002  0.224156722949768E+001
      7.59000000  0.380825906958897E-003  0.187292974544113E-003  0.753452029345676E-001 -0.546349133474910E-003  0.193473841738444E-003  0.147154491945948E+000  0.101620148258161E+001  0.994262710627936E+000 -0.336373152621974E+001  0.112930430748127E-001  0.555400142292510E-002  0.223429290568829E+001
      7.60000000  0.411883057202414E-003  0.218888146630354E-003  0.751812740052477E-001 -0.483299470665155E-003  0.168576065551446E-003  0.147073961845431E+000  0.101431294500894E+001  0.995007608941222E+000 -0.335560487008850E+001  0.121979433160521E-001  0.648238658634756E-002  0.222649828078244E+001
      7.61000000  0.413385463913154E-003  0.242915781374979E-003  0.749889015938363E-001 -0.421980401482183E-003  0.165225276214293E-003  0.147010888876806E+000  0.101248055503549E+001  0.995113272688011E+000 -0.334801588651794E+001  0.122263498852537E-001  0.718451323282195E-002  0.221788289244180E+001
      7.62000000  0.391628614587842E-003  0.247982805001375E-003  0.747637064219429E-001 -0.375584900793283E-003  0.172698076568013E-003  0.146950648093080E+000  0.101109377692204E+001  0.994898959110805E+000 -0.334053047673275E+001  0.115676654661804E-001  0.732475111053849E-002  0.220832061980694E+001
      7.63000000  0.358511758833662E-003  0.231738427713590E-003  0.745089418179006E-001 -0.351406389765779E-003  0.175648683932722E-003  0.146877945933033E+000  0.101036600446893E+001  0.994818605763481E+000 -0.333269709450594E+001  0.105756030694563E-001  0.683596441972187E-002  0.219791115458762E+001
      7.64000000  0.327045967697198E-003  0.201593661832056E-003  0.742350406198310E-001 -0.348912383042671E-003  0.160641855091958E-003  0.146781009561066E+000  0.101027896293268E+001  0.995267489048316E+000 -0.332417027834544E+001  0.963477807788607E-002  0.593895166277849E-002  0.218696517499077E+001
      7.65000000  0.306676876134933E-003  0.171264350201983E-003  0.739567999432326E-001 -0.360897302711547E-003  0.121474905369554E-003  0.146654999766469E+000  0.101061814071798E+001  0.996426025827218E+000 -0.331481037075235E+001  0.902289432834930E-002  0.503885442411378E-002  0.217592013835779E+001
      7.66000000  0.300362503706083E-003  0.155034285377768E-003  0.736890106629528E-001 -0.377162348534822E-003  0.610104066319925E-004  0.146503336639994E+000  0.101108219626534E+001  0.998207325563778E+000 -0.330472112733062E+001  0.882557930225682E-002  0.455538678525971E-002  0.216521103428786E+001
      7.67000000  0.304570340325827E-003  0.162549963941071E-003  0.734420154124670E-001 -0.389057489223033E-003 -0.108919918570949E-004  0.146336339551998E+000  0.101141680783847E+001  0.100031962314428E+001 -0.329420822045300E+001  0.893755073508995E-002  0.476999351990798E-002  0.215514005117497E+001
      7.68000000  0.312029457768958E-003  0.196383372195397E-003  0.732187874963384E-001 -0.392860842886870E-003 -0.818388572569454E-004  0.146167590592663E+000  0.101151340546989E+001  0.100239841654838E+001 -0.328367134958951E+001  0.914451447857368E-002  0.575532388266254E-002  0.214579183373015E+001
      7.69000000  0.315818103068960E-003  0.252942004128236E-003  0.730145872094918E-001 -0.390559962998027E-003 -0.141294461590725E-003  0.146009316387008E+000  0.101143109033034E+001  0.100413547190353E+001 -0.327346846276554E+001  0.924351087199346E-002  0.740322401541572E-002  0.213702483843265E+001
      7.70000000  0.312797331244352E-003  0.325530971904094E-003  0.728192776825383E-001 -0.387866432486278E-003 -0.182861404349303E-003  0.145868467677716E+000  0.101133751164065E+001  0.100534512173984E+001 -0.326380143210397E+001  0.914320778267632E-002  0.951541787129439E-002  0.212854049549336E+001
      7.71000000  0.304799800853174E-003  0.407447452010480E-003  0.726213717240381E-001 -0.390621500336309E-003 -0.203879476075562E-003  0.145744891188326E+000  0.101140323412780E+001  0.100595175994548E+001 -0.325466369803192E+001  0.889788065491546E-002  0.118944264103540E-001  0.212000236479161E+001
      7.72000000  0.297148670059262E-003  0.493349596756333E-003  0.724122535834139E-001 -0.401480307426231E-003 -0.203382717497399E-003  0.145632155089873E+000  0.101170504865252E+001  0.100592956755127E+001 -0.324586568548159E+001  0.866328827526115E-002  0.143834726782777E-001  0.211115946549354E+001
      7.73000000  0.295425187314241E-003  0.578482851903633E-003  0.721890246725307E-001 -0.418539319930445E-003 -0.180288198446528E-003  0.145520562288354E+000  0.101218661373136E+001  0.100524945334923E+001 -0.323712372561245E+001  0.860189825154937E-002  0.168436912152929E-001  0.210192858218004E+001
      7.74000000  0.302249312915271E-003  0.656824362884744E-003  0.719550335913912E-001 -0.436524465175040E-003 -0.133319124170104E-003  0.145401090771094E+000  0.101269386583256E+001  0.100387683900936E+001 -0.322817524652716E+001  0.878922610807713E-002  0.191000528107273E-001  0.209240859391568E+001
      7.75000000  0.315771825426364E-003  0.719943530019352E-003  0.717180880791764E-001 -0.449830770825522E-003 -0.628715478925098E-004  0.145268746200431E+000  0.101306392664611E+001  0.100182590730351E+001 -0.321887600275119E+001  0.917060421791042E-002  0.209085062105783E-001  0.208282737116056E+001
      7.76000000  0.330656038651019E-003  0.757958206184752E-003  0.714872107086032E-001 -0.455772693653077E-003  0.263806362236126E-004  0.145124163101023E+000  0.101321943386079E+001  0.999234844297124E+000 -0.320924575436894E+001  0.959049476743159E-002  0.219841568295650E-001  0.207344684535682E+001
      7.77000000  0.341040005783592E-003  0.762654979293280E-003  0.712692525811384E-001 -0.456323524022806E-003  0.124036525867410E-003  0.144973056197381E+000  0.101321837639955E+001  0.996407019581735E+000 -0.319945131847757E+001  0.987894536755563E-002  0.220919151623327E-001  0.206446469826286E+001
      7.78000000  0.343970645335592E-003  0.731409573688438E-003  0.710665808035805E-001 -0.457403733902118E-003  0.215118581838606E-003  0.144823958116645E+000  0.101323263654404E+001  0.993776644578184E+000 -0.318974017609643E+001  0.995103055393365E-002  0.211595934534246E-001  0.205594787383692E+001
      7.79000000  0.341572109740882E-003  0.669820864108721E-003  0.708765068593908E-001 -0.466002425867368E-003  0.283916371002627E-003  0.144685245473333E+000  0.101346408966941E+001  0.991796876441836E+000 -0.318035402984923E+001  0.986895616597320E-002  0.193529640109023E-001  0.204781690145385E+001
      7.80000000  0.340828632764733E-003  0.591387088016358E-003  0.706923979733456E-001 -0.486467109912312E-003  0.319110225977394E-003  0.144562561926716E+000  0.101403735087913E+001  0.990791849808774E+000 -0.317145448151163E+001  0.983485010659028E-002  0.170648907001561E-001  0.203987890366945E+001
      7.81000000  0.350986498684294E-003  0.513905860007917E-003  0.705058252996777E-001 -0.517682288447876E-003  0.317920879298239E-003  0.144457415570596E+000  0.101491895995630E+001  0.990837915506550E+000 -0.316308312333805E+001  0.101149945360750E-001  0.148101279836199E-001  0.203189023036803E+001
      7.82000000  0.379653914040245E-003  0.453868922231831E-003  0.703088671992332E-001 -0.552440209105589E-003  0.287316511272883E-003  0.144367159208753E+000  0.101590028114296E+001  0.991730483713978E+000 -0.315516173767564E+001  0.109271625612425E-001  0.130632118129498E-001  0.202362307609817E+001
      7.83000000  0.429219294611019E-003  0.421133074623965E-003  0.700958410251515E-001 -0.579339089893045E-003  0.241582314561246E-003  0.144286029140161E+000  0.101665318651639E+001  0.993055681182859E+000 -0.314752292206635E+001  0.123379711369217E-001  0.121055315656823E-001  0.201491515932511E+001
      7.84000000  0.495031456801415E-003  0.416080151779038E-003  0.698641460691767E-001 -0.586499995205678E-003  0.197180234267406E-003  0.144206641184587E+000  0.101683752392058E+001  0.994339255007191E+000 -0.313995360664990E+001  0.142116011312329E-001  0.119450290975723E-001  0.200569350425671E+001
      7.85000000  0.566045057263600E-003  0.430385998648415E-003  0.696143311231776E-001 -0.565719158144443E-003  0.167006467528287E-003  0.144121396274970E+000  0.101622024856380E+001  0.995211605659678E+000 -0.313223564605661E+001  0.162295927138824E-001  0.123399884482491E-001  0.199597580913489E+001
      7.86000000  0.627701711950485E-003  0.450951983864924E-003  0.693497400030531E-001 -0.515586417982703E-003  0.156352013594851E-003  0.144023539491634E+000  0.101476403947606E+001  0.995522792648597E+000 -0.312417617759585E+001  0.179745092795244E-001  0.129132045751684E-001  0.198585971885291E+001
      7.87000000  0.666070507299048E-003  0.465256434904490E-003  0.690760462575870E-001 -0.442542063734376E-003  0.162046560320206E-003  0.143907942739308E+000  0.101265628074627E+001  0.995365623000729E+000 -0.311562984444502E+001  0.190489809399229E-001  0.133058900875385E-001  0.197550901015234E+001
      7.88000000  0.671935228513625E-003  0.465922017774406E-003  0.688007358773437E-001 -0.359566240230483E-003  0.174857012212802E-003  0.143771836826267E+000  0.101027020155875E+001  0.995005602421864E+000 -0.310651940441181E+001  0.191923196872933E-001  0.133080153190596E-001  0.196513839674687E+001
      7.89000000  0.643612592598783E-003  0.452804282597004E-003  0.685323291638194E-001 -0.282916819242976E-003  0.183887266946588E-003  0.143615606643639E+000  0.100807064118063E+001  0.994754330431172E+000 -0.309685798200579E+001  0.183600476921048E-001  0.129169446329537E-001  0.195499100913820E+001
      7.90000000  0.587700314765038E-003  0.432074151524608E-003  0.682790619878024E-001 -0.227857482334294E-003  0.181051349437833E-003  0.143443454808198E+000  0.100649176034418E+001  0.994841767062029E+000 -0.308676740397385E+001  0.167438416266426E-001  0.123099834768446E-001  0.194530064323097E+001
      7.91000000  0.517531468501458E-003  0.413024593921847E-003  0.680469764615600E-001 -0.204564972674446E-003  0.163886264806156E-003  0.143263446279841E+000  0.100582077837892E+001  0.995336710804815E+000 -0.307647878174548E+001  0.147260596126581E-001  0.117523767379758E-001  0.193623749051551E+001
      7.92000000  0.449721658151351E-003  0.404138663588490E-003  0.678378191441234E-001 -0.215361830916826E-003  0.135850147670289E-003  0.143086410004609E+000  0.100612025938687E+001  0.996139343086248E+000 -0.306630060785070E+001  0.127804132610886E-001  0.114850131004958E-001  0.192784880976558E+001
      7.93000000  0.399729447433518E-003  0.410032754914468E-003  0.676475613942711E-001 -0.254100501586908E-003  0.104362037249536E-003  0.142923518453065E+000  0.100721204803325E+001  0.997037927824656E+000 -0.305654956888074E+001  0.113453848268357E-001  0.116378200955183E-001  0.192001770583250E+001
      7.94000000  0.377689677812947E-003  0.430301237784612E-003  0.674664461324827E-001 -0.307959312719305E-003  0.776906244001698E-004  0.142782999571507E+000  0.100872969589075E+001  0.997797710617720E+000 -0.304745728785474E+001  0.107063364938341E-001  0.121977118149281E-001  0.191246548891713E+001
      7.95000000  0.385792205512439E-003  0.460371807837432E-003  0.672810599677565E-001 -0.361196507596261E-003  0.620750032485957E-004  0.142667058395334E+000  0.101022592702887E+001  0.998242578651268E+000 -0.303908370621684E+001  0.109222621451464E-001  0.130337044076783E-001  0.190481135666039E+001
      7.96000000  0.418078486342963E-003  0.493661524129841E-003  0.670781184422341E-001 -0.399739434288378E-003  0.601284504768420E-004  0.142570326871067E+000  0.101130290822400E+001  0.998299826589285E+000 -0.303127432988623E+001  0.118214575701734E-001  0.139586200968513E-001  0.189668006595644E+001
      7.97000000  0.462763508685846E-003  0.523929945613935E-003  0.668487831658634E-001 -0.415122141645027E-003  0.708622617736606E-004  0.142480784578561E+000  0.101172313732525E+001  0.997998834698003E+000 -0.302368757591464E+001  0.130685396349655E-001  0.147958927868905E-001  0.188782381487511E+001
      7.98000000  0.506292787606889E-003  0.546864719291875E-003  0.665918589106920E-001 -0.406438175630684E-003  0.909278884885300E-004  0.142383163953922E+000  0.101146351694950E+001  0.997435394966891E+000 -0.301589198843323E+001  0.142798986417384E-001  0.154242228081948E-001  0.187821161763808E+001
      7.99000000  0.537673290961988E-003  0.560472713090986E-003  0.663144687684975E-001 -0.379671038915741E-003  0.116236709691287E-003  0.142263753678315E+000  0.101069515214037E+001  0.996725667309273E+000 -0.300750211023368E+001  0.151460002455628E-001  0.157882490962481E-001  0.186804696669049E+001
      8.00000000  0.551500335420260E-003  0.564492633067496E-003  0.660297608998797E-001 -0.344768850905657E-003  0.143135889498112E-003  0.142114781295215E+000  0.100969983417769E+001  0.995972970326755E+000 -0.299830149719474E+001  0.155160821183945E-001  0.158816114648953E-001  0.185770184817706E+001
      8.01000000  0.548647534144988E-003  0.559479338411843E-003  0.657524669590922E-001 -0.311718122559150E-003  0.168732257364183E-003  0.141936608154699E+000  0.100875902591533E+001  0.995258760694211E+000 -0.298830333942002E+001  0.154165498319509E-001  0.157209147290066E-001  0.184759088551863E+001
      8.02000000  0.534585616271737E-003  0.546243856515133E-003  0.654941057155727E-001 -0.287226166189517E-003  0.190519890499157E-003  0.141736857796507E+000  0.100806075847670E+001  0.994653221039385E+000 -0.297772456841374E+001  0.150026914157898E-001  0.153298700294657E-001  0.183803646730441E+001
      8.03000000  0.516294923847000E-003  0.525981611555947E-003  0.652597988231073E-001 -0.273256518686176E-003  0.205876697331138E-003  0.141526940925324E+000  0.100765916210340E+001  0.994229440506111E+000 -0.296688718628535E+001  0.144713346050029E-001  0.147428447294988E-001  0.182918007015738E+001
      8.04000000  0.499257482978487E-003  0.500897089661367E-003  0.650479133294911E-001 -0.267745037881339E-003  0.212035341275504E-003  0.141317590021434E+000  0.100749534551702E+001  0.994064210648853E+000 -0.295609260669957E+001  0.139763835269981E-001  0.140222832332912E-001  0.182097337610275E+001
      8.05000000  0.485810705019488E-003  0.474739572667178E-003  0.648524174778354E-001 -0.266810838122104E-003  0.206788513865771E-003  0.141115394971749E+000  0.100745991471082E+001  0.994218283307107E+000 -0.294552492050888E+001  0.135830555106203E-001  0.132735114767958E-001  0.181324531859385E+001
      8.06000000  0.475342763370604E-003  0.452637874590561E-003  0.646665946899716E-001 -0.267173060200973E-003  0.189656359439209E-003  0.140921741883086E+000  0.100746077423969E+001  0.994703869919247E+000 -0.293522199005612E+001  0.132738871251105E-001  0.126398559499699E-001  0.180580655650103E+001
      8.07000000  0.465848128688438E-003  0.439997726395624E-003  0.644862329056487E-001 -0.267576286173924E-003  0.162839014550130E-003  0.140734308025772E+000  0.100746277524811E+001  0.995458375685722E+000 -0.292511804955821E+001  0.129926307516505E-001  0.122716560152751E-001  0.179853853887301E+001
      8.08000000  0.455750929302827E-003  0.440804983827652E-003  0.643108446756582E-001 -0.268720179410752E-003  0.131259304802801E-003  0.140550012290220E+000  0.100748540314847E+001  0.996343673126481E+000 -0.291512653356106E+001  0.126952856633281E-001  0.122789550864357E-001  0.179142705349243E+001
      8.09000000  0.444942137221703E-003  0.456125008884828E-003  0.641426134061099E-001 -0.272067193319382E-003  0.101419685487557E-003  0.140367712357095E+000  0.100756926883677E+001  0.997178370330397E+000 -0.290521524432958E+001  0.123788782188196E-001  0.126900004859056E-001  0.178453226513682E+001
      8.10000000  0.434588791251169E-003  0.483615417932022E-003  0.639839689246568E-001 -0.278469990724006E-003  0.794458947718796E-004  0.140189264914680E+000  0.100773783842622E+001  0.997792438977812E+000 -0.289543547647687E+001  0.120759074965499E-001  0.134382091034583E-001  0.177792088878270E+001
      8.11000000  0.426066204484670E-003  0.518412145168226E-003  0.638353221017955E-001 -0.287525233051440E-003  0.692012318804402E-004  0.140018596021965E+000  0.100797960484644E+001  0.998079478175072E+000 -0.288589570226987E+001  0.118244924597707E-001  0.143873427112331E-001  0.177160327882066E+001
      8.12000000  0.419865072709343E-003  0.555028141493687E-003  0.636942307786993E-001 -0.297993614811743E-003  0.714087160672148E-004  0.139859560381136E+000  0.100825994593529E+001  0.998020655125793E+000 -0.287670188172345E+001  0.116380439993275E-001  0.153845660223329E-001  0.176551065684614E+001
      8.13000000  0.415261967395814E-003  0.589320619837691E-003  0.635563299407638E-001 -0.308903902546229E-003  0.842348878796492E-004  0.139713969899602E+000  0.100855183129723E+001  0.997668004371100E+000 -0.286790289989630E+001  0.114962946730460E-001  0.163150108473539E-001  0.175952134966388E+001
      8.14000000  0.410992074709924E-003  0.619493695147114E-003  0.634173114741906E-001 -0.320526695144121E-003  0.105002982896474E-003  0.139580944031712E+000  0.100886270056111E+001  0.997096622498116E+000 -0.285947295414401E+001  0.113641070972418E-001  0.171292663068665E-001  0.175351585531301E+001
      8.15000000  0.406492536731149E-003  0.645603875326736E-003  0.632746843505009E-001 -0.334507055815388E-003  0.132050232514008E-003  0.139457864977160E+000  0.100923791473878E+001  0.996353234504346E+000 -0.285133839156449E+001  0.112259019084619E-001  0.178293206424457E-001  0.174742543988552E+001
      8.16000000  0.402911738622163E-003  0.667879799334329E-003  0.631282670680671E-001 -0.352991467682733E-003  0.165617679817032E-003  0.139342252953431E+000  0.100973644297823E+001  0.995431824156231E+000 -0.284342972719686E+001  0.111133767456346E-001  0.184219001813737E-001  0.174124540929390E+001
      8.17000000  0.403219146815887E-003  0.684886320902772E-003  0.629791781992192E-001 -0.377215779299987E-003  0.207174251973313E-003  0.139233374865623E+000  0.101039187873865E+001  0.994292577823039E+000 -0.283572593559336E+001  0.111082428380568E-001  0.188678628709194E-001  0.173500690803657E+001
      8.18000000  0.411291464306026E-003  0.692728032188421E-003  0.628279849396697E-001 -0.406345404953610E-003  0.257474433349071E-003  0.139132619688935E+000  0.101118068275600E+001  0.992915534611776E+000 -0.282826448334355E+001  0.113167746616528E-001  0.190605634262653E-001  0.172872575706780E+001
      8.19000000  0.430442017085789E-003  0.685966901560827E-003  0.626731220981109E-001 -0.437194613133550E-003  0.314433402154684E-003  0.139042433797490E+000  0.101201481743032E+001  0.991358859859219E+000 -0.282111171308820E+001  0.118292451330891E-001  0.188514836137183E-001  0.172235909861657E+001
      8.20000000  0.462137697648137E-003  0.659983223161062E-003  0.625104821936047E-001 -0.464927951586954E-003  0.372114891368393E-003  0.138964428251275E+000  0.101276139289922E+001  0.989786150055735E+000 -0.281431071605246E+001  0.126848057061317E-001  0.181152911734085E-001  0.171579450293234E+001
      8.21000000  0.505463565586483E-003  0.613657999427167E-003  0.623343847988993E-001 -0.484309580719136E-003  0.421614650160652E-003  0.138897675701376E+000  0.101327719026475E+001  0.988441570946675E+000 -0.280783478385859E+001  0.138571199071140E-001  0.168232352615869E-001  0.170887696622071E+001
      8.22000000  0.557400339558851E-003  0.550984024554505E-003  0.621394045905519E-001 -0.490849664531740E-003  0.453645890548274E-003  0.138838023675635E+000  0.101344011412468E+001  0.987578574496989E+000 -0.280156902994944E+001  0.152623597776125E-001  0.150866725720390E-001  0.170145922404394E+001
      8.23000000  0.613515317805213E-003  0.480690928525371E-003  0.619221864625146E-001 -0.481411269039846E-003  0.461724629246350E-003  0.138778649692245E+000  0.101316566173139E+001  0.987372729571051E+000 -0.279532610657717E+001  0.167784504865465E-001  0.131459618195803E-001  0.169345134412743E+001
      8.24000000  0.668536744899838E-003  0.413943307764835E-003  0.616825387248807E-001 -0.454310148652849E-003  0.444514754868835E-003  0.138711474119728E+000  0.101240942053266E+001  0.987858139329493E+000 -0.278888523657513E+001  0.182609911612116E-001  0.113068057096381E-001  0.168485023904691E+001
      8.25000000  0.716555238240340E-003  0.361107849576094E-003  0.614235809047662E-001 -0.409323319077913E-003  0.406307541606332E-003  0.138628773915986E+000  0.101116705908462E+001  0.988915216621755E+000 -0.278203644159591E+001  0.195488854650318E-001  0.985165639040273E-002  0.167574317216371E+001
      8.26000000  0.751066495658395E-003  0.328979225545078E-003  0.611511762749829E-001 -0.348043027400010E-003  0.355536342543098E-003  0.138524483157558E+000  0.100948372966434E+001  0.990312087032126E+000 -0.277461591451093E+001  0.204656063877430E-001  0.896426531960806E-002  0.166629174783547E+001
      8.27000000  0.765389424224659E-003  0.319517499398970E-003  0.608730351892213E-001 -0.274640255638565E-003  0.302142808476070E-003  0.138395023626102E+000  0.100747454843769E+001  0.991776948168786E+000 -0.276652834531935E+001  0.208306692395124E-001  0.869591757549869E-002  0.165670705852303E+001
      8.28000000  0.753902445133503E-003  0.330312329851122E-003  0.605977237005042E-001 -0.196578532574390E-003  0.255022717508502E-003  0.138239775123115E+000  0.100534357645431E+001  0.993067740557697E+000 -0.275775929204065E+001  0.204932619137261E-001  0.897885015848892E-002  0.164722243731433E+001
      8.29000000  0.714039505117505E-003  0.356151820526013E-003  0.603335723354450E-001 -0.124510881159308E-003  0.220507167585570E-003  0.138061291640123E+000  0.100338048529861E+001  0.994013204056372E+000 -0.274838056201668E+001  0.193862578692306E-001  0.966956447623583E-002  0.163806369687393E+001
      8.30000000  0.648352812268888E-003  0.390702069840366E-003  0.600874118321317E-001 -0.707602100717659E-004  0.202103072459079E-003  0.137865165512917E+000  0.100191883352074E+001  0.994519488428806E+000 -0.273854600855234E+001  0.175816480502788E-001  0.105948276223408E-001  0.162941489123451E+001
      8.31000000  0.565575745169787E-003  0.427553930198090E-003  0.598632561605147E-001 -0.464097490123310E-004  0.201001092447603E-003  0.137659285549779E+000  0.100125699766646E+001  0.994555930390927E+000 -0.272847094382657E+001  0.153184924938178E-001  0.115802025217251E-001  0.162138289695405E+001
      8.32000000  0.479785653528178E-003  0.460536691875578E-003  0.596613530572736E-001 -0.578146905274415E-004  0.216585588078548E-003  0.137452348183635E+000  0.100156401586632E+001  0.994140878501972E+000 -0.271839149290507E+001  0.129792682051065E-001  0.124585410134498E-001  0.161397219178090E+001
      8.33000000  0.407465276532521E-003  0.483780872823688E-003  0.594781426929606E-001 -0.103864497954654E-003  0.246468375015170E-003  0.137251868358292E+000  0.100280639243064E+001  0.993340486926180E+000 -0.270851072346301E+001  0.110096085797172E-001  0.130716366642782E-001  0.160708435248911E+001
      8.34000000  0.363189979314232E-003  0.492151549896374E-003  0.593074127372165E-001 -0.175262419148086E-003  0.286168453903004E-003  0.137062358558807E+000  0.100472986806656E+001  0.992277072070836E+000 -0.269894970082769E+001  0.980153471349754E-002  0.132818656222818E-001  0.160054984393886E+001
      8.35000000  0.355380010106859E-003  0.482298800894672E-003  0.591423824218466E-001 -0.256414025400871E-003  0.329033446448477E-003  0.136884472337246E+000  0.100691164743678E+001  0.991130893978184E+000 -0.268972489272296E+001  0.957927840373924E-002  0.130003780633875E-001  0.159418462087648E+001
      8.36000000  0.383692894344081E-003  0.453959571191532E-003  0.589779077637553E-001 -0.329505930312926E-003  0.367003508291534E-003  0.136715568878873E+000  0.100887121762526E+001  0.990119243109840E+000 -0.268076399454757E+001  0.103300816581957E-001  0.122218563571384E-001  0.158784958546242E+001
      8.37000000  0.439097810078329E-003  0.410732643794708E-003  0.588118421622477E-001 -0.379455251111244E-003  0.392333586960299E-003  0.136551479491683E+000  0.101020378700973E+001  0.989449906553194E+000 -0.267195396167464E+001  0.118076124058252E-001  0.110448554946850E-001  0.158148690607341E+001
      8.38000000  0.506686424414711E-003  0.359644378770430E-003  0.586449703987217E-001 -0.398019823243145E-003  0.399726574046130E-003  0.136388629125681E+000  0.101069022779038E+001  0.989263931390143E+000 -0.266319823342221E+001  0.136088530745816E-001  0.965951972255733E-002  0.157511775974912E+001
      8.39000000  0.570248638670438E-003  0.309404406251202E-003  0.584796764507456E-001 -0.385649057106070E-003  0.387930112156840E-003  0.136225483875160E+000  0.101034562157322E+001  0.989593185661214E+000 -0.265445546626423E+001  0.152977856670981E-001  0.830024303490195E-002  0.156880612343166E+001
      8.40000000  0.616999592841667E-003  0.267972490808195E-003  0.583181722980040E-001 -0.350500338788819E-003  0.359998959203457E-003  0.136062701868563E+000  0.100939151013524E+001  0.990353978299369E+000 -0.264574324818769E+001  0.165322463014884E-001  0.718021092957395E-002  0.156261106079960E+001
      8.41000000  0.640834521559247E-003  0.240470840266322E-003  0.581612911390746E-001 -0.305094760027055E-003  0.322063969362338E-003  0.135902132395716E+000  0.100816516618729E+001  0.991380691583985E+000 -0.263711096224764E+001  0.171504760246377E-001  0.643565420067767E-002  0.155655445467516E+001
      8.42000000  0.643093280078917E-003  0.228312307215495E-003  0.580084145695607E-001 -0.261920808032313E-003  0.281205970480116E-003  0.135745464825005E+000  0.100700138864508E+001  0.992483100890531E+000 -0.262860348205031E+001  0.171904860201832E-001  0.610300192367442E-002  0.155061928121633E+001
      8.43000000  0.630778405455357E-003  0.229760765291138E-003  0.578583300750171E-001 -0.229602136993009E-003  0.243453977440567E-003  0.135593456755183E+000  0.100613019976005E+001  0.993499966796326E+000 -0.262024059074882E+001  0.168412963416099E-001  0.613443501311650E-002  0.154477273507900E+001
      8.44000000  0.613106529702247E-003  0.241386189776439E-003  0.577102038012998E-001 -0.210931139190707E-003  0.212760614104015E-003  0.135446183851060E+000  0.100562502590778E+001  0.994326186398637E+000 -0.261202379220000E+001  0.163500757974317E-001  0.643718882135330E-002  0.153899226435367E+001
      8.45000000  0.597827317570581E-003  0.259476463817400E-003  0.575638142353378E-001 -0.203280388919130E-003  0.191162912361480E-003  0.135303969453107E+000  0.100541458342523E+001  0.994908178096792E+000 -0.260396118023930E+001  0.159237489758767E-001  0.691142400746620E-002  0.153327173422332E+001
      8.46000000  0.588719767881068E-003  0.280653500219214E-003  0.574187682165478E-001 -0.200960764197082E-003  0.179617455960374E-003  0.135168098550275E+000  0.100534647063723E+001  0.995221358467346E+000 -0.259608639465812E+001  0.156626243192728E-001  0.746665999282448E-002  0.152760047227235E+001
      8.47000000  0.585102362014232E-003  0.301580607674206E-003  0.572732415369377E-001 -0.198369815471463E-003  0.178651486310102E-003  0.135040495225443E+000  0.100527130875170E+001  0.995252669157086E+000 -0.258844989911434E+001  0.155480066067319E-001  0.801394351654784E-002  0.152192982906400E+001
      8.48000000  0.583314065231709E-003  0.318326342373511E-003  0.571232943956317E-001 -0.192548009167826E-003  0.188206727444661E-003  0.134922239894156E+000  0.100511057134905E+001  0.995004654095703E+000 -0.258107952677744E+001  0.154822070721720E-001  0.844895510482184E-002  0.151615523299015E+001
      8.49000000  0.579302081721497E-003  0.326229026223112E-003  0.569636217831511E-001 -0.184115051769825E-003  0.206713414810000E-003  0.134811695446472E+000  0.100488098957021E+001  0.994519915607057E+000 -0.257393093661299E+001  0.153576114049454E-001  0.864850787150620E-002  0.151013641270582E+001
      8.50000000  0.571033159193142E-003  0.320797954133198E-003  0.567897629479751E-001 -0.176336389221536E-003  0.230090648420563E-003  0.134703507409314E+000  0.100466927328730E+001  0.993907348772022E+000 -0.256686156288401E+001  0.151205879180946E-001  0.849452188778282E-002  0.150375611236995E+001
      8.51000000  0.559606536995458E-003  0.299474275738993E-003  0.566007963828347E-001 -0.172930627714608E-003  0.251592653167634E-003  0.134589462122413E+000  0.100457371009477E+001  0.993345818073005E+000 -0.255965388950445E+001  0.148006058913900E-001  0.792056639227266E-002  0.149699123405335E+001
      8.52000000  0.548614872377710E-003  0.263399479469679E-003  0.564010176242279E-001 -0.175786369568389E-003  0.263040294262270E-003  0.134461219692310E+000  0.100464378257616E+001  0.993051213593390E+000 -0.255208808686391E+001  0.144928653548476E-001  0.695827507181175E-002  0.148995660792358E+001
      8.53000000  0.542167370373130E-003  0.218135140049347E-003  0.561994213954445E-001 -0.183752884540750E-003  0.257197623208201E-003  0.134313818603158E+000  0.100484854476513E+001  0.993213525911573E+000 -0.254403449883423E+001  0.143057496594728E-001  0.575576265929162E-002  0.148289051946659E+001
      8.54000000  0.542645171037148E-003  0.172700746343392E-003  0.560068722716263E-001 -0.193100377990058E-003  0.230331894477798E-003  0.134148243426708E+000  0.100508922355634E+001  0.993929527661451E+000 -0.253552078765746E+001  0.143015907887900E-001  0.455158459882939E-002  0.147607941863357E+001
      8.55000000  0.549379223881924E-003  0.137128111698626E-003  0.558320811914227E-001 -0.199383186739973E-003  0.183768736443363E-003  0.133971653787254E+000  0.100524866305833E+001  0.995162379566614E+000 -0.252673704134334E+001  0.144621343682567E-001  0.360982922331456E-002  0.146975172185127E+001
      8.56000000  0.558955906703367E-003  0.119503872647183E-003  0.556782134384312E-001 -0.199709724239476E-003  0.123674619196651E-003  0.133794970338045E+000  0.100525111733762E+001  0.996748130620277E+000 -0.251797135119083E+001  0.146970462446614E-001  0.314220481731819E-002  0.146398896211865E+001
      8.57000000  0.567000164279299E-003  0.123746382573565E-003  0.555417229239858E-001 -0.194201730422112E-003  0.591429668618769E-004  0.133628820955996E+000  0.100510033319819E+001  0.998446724255909E+000 -0.250950277464405E+001  0.148911637139798E-001  0.324995962612814E-002  0.145869603065965E+001
      8.58000000  0.570494418708037E-003  0.148986388996686E-003  0.554139486404993E-001 -0.185839887559959E-003 -0.539654554660462E-006  0.133479660501386E+000  0.100487503706149E+001  0.100001415646549E+001 -0.250149959969594E+001  0.149654709281660E-001  0.390827920503008E-002  0.145364408519952E+001
      8.59000000  0.569381366596217E-003  0.190611628114628E-003  0.552846917492168E-001 -0.178743463065486E-003 -0.482522664598102E-004  0.133347763361933E+000  0.100468342186971E+001  0.100126430201209E+001 -0.249396739044754E+001  0.149188848576035E-001  0.499439057755314E-002  0.144856505495652E+001
      8.60000000  0.566549176137242E-003  0.242252560550939E-003  0.551461119473813E-001 -0.175781275517361E-003 -0.801450328608146E-004  0.133227838605017E+000  0.100460045128000E+001  0.100209751191033E+001 -0.248676603260417E+001  0.148274147793674E-001  0.634010135032385E-002  0.144325384230226E+001
      8.61000000  0.566143673775313E-003  0.297656739901120E-003  0.549952669819235E-001 -0.176807479559483E-003 -0.953546967351585E-004  0.133111768043744E+000  0.100462193418813E+001  0.100249267244767E+001 -0.247968215539691E+001  0.147995933641225E-001  0.778106144550024E-002  0.143763434263303E+001
      8.62000000  0.571059270217893E-003  0.351671845925038E-003  0.548344058560892E-001 -0.178531487664429E-003 -0.949156896330806E-004  0.132992076513311E+000  0.100466158742523E+001  0.100247831792049E+001 -0.247252016795251E+001  0.149107742725515E-001  0.918240852757538E-002  0.143176635198944E+001
      8.63000000  0.580946978469558E-003  0.400227192965438E-003  0.546692316716977E-001 -0.176194784369271E-003 -0.807486004175420E-004  0.132864619649194E+000  0.100459524348808E+001  0.100210596177162E+001 -0.246517225481021E+001  0.151513725521793E-001  0.104381148897740E-001  0.142579947378571E+001
      8.64000000  0.591871026587385E-003  0.439845102316170E-003  0.545061782577279E-001 -0.166264117844611E-003 -0.553400072109134E-004  0.132729573410650E+000  0.100433122819384E+001  0.100144162313905E+001 -0.245764364533475E+001  0.154184108435733E-001  0.114580916963385E-001  0.141990165448083E+001
      8.65000000  0.597931960324266E-003  0.467440468379952E-003  0.543499299825400E-001 -0.148765134267908E-003 -0.221015713507972E-004  0.132590710184595E+000  0.100387089442588E+001  0.100057508669465E+001 -0.245003312437611E+001  0.155582926312853E-001  0.121628815272164E-001  0.141419454263600E+001
      8.66000000  0.594161725535890E-003  0.480860381999887E-003  0.542019955051124E-001 -0.127990699090383E-003  0.141752610625073E-004  0.132453635337980E+000  0.100332649438487E+001  0.999631583180155E+000 -0.244248665988518E+001  0.154423380585399E-001  0.124976218740841E-001  0.140871668783864E+001
      8.67000000  0.579304422154436E-003  0.479988310757235E-003  0.540604851541823E-001 -0.111084708361739E-003  0.475026461054572E-004  0.132323836491024E+000  0.100288377556230E+001  0.998766824237073E+000 -0.243514648965090E+001  0.150388290195775E-001  0.124605679860485E-001  0.140341824066452E+001
      8.68000000  0.557085821645325E-003  0.467697775290130E-003  0.539207576951896E-001 -0.105046171274302E-003  0.718797392415471E-004  0.132205120406596E+000  0.100272387251929E+001  0.998136141050750E+000 -0.242811061095263E+001  0.144453695176115E-001  0.121275159483993E-001  0.139817823271135E+001
      8.69000000  0.535260089968972E-003  0.449843988262698E-003  0.537765081178809E-001 -0.113496361044547E-003  0.831684608301069E-004  0.132098592893724E+000  0.100293960133760E+001  0.997845903459351E+000 -0.242140661419980E+001  0.138634513208659E-001  0.116511399787449E-001  0.139283315993465E+001
      8.70000000  0.522766427935930E-003  0.433915934593766E-003  0.536210700731059E-001 -0.134705006697895E-003  0.807987474493636E-004  0.132002101918861E+000  0.100348490353289E+001  0.997909685413025E+000 -0.241497768050590E+001  0.135242973980546E-001  0.112256790635380E-001  0.138721092196741E+001
      8.71000000  0.526217916450033E-003  0.426701832020384E-003  0.534489183418960E-001 -0.161806281404718E-003  0.683530601200034E-004  0.131910128185450E+000  0.100418122460733E+001  0.998233693435888E+000 -0.240868023871689E+001  0.135979597452916E-001  0.110263716868453E-001  0.138116969666405E+001
      8.72000000  0.547250771642612E-003  0.431928771580773E-003  0.532573325344114E-001 -0.185134050398990E-003  0.525449104863404E-004  0.131814317594930E+000  0.100477854954682E+001  0.998643747826773E+000 -0.240229820635189E+001  0.141252509799888E-001  0.111486408429243E-001  0.137464070871071E+001
      8.73000000  0.581850900507698E-003  0.448962601907971E-003  0.530479056099902E-001 -0.195656821892569E-003  0.408867394160523E-004  0.131704921991297E+000  0.100504437107442E+001  0.998945869182364E+000 -0.239558054978802E+001  0.150011219836654E-001  0.115750319393656E-001  0.136766670351299E+001
      8.74000000  0.621863452545705E-003  0.473204401541454E-003  0.528272760289800E-001 -0.188043350655794E-003  0.390151370935300E-004  0.131573160677690E+000  0.100484253562025E+001  0.998995273215217E+000 -0.238830229852808E+001  0.160143706723958E-001  0.121860685960430E-001  0.136042016374789E+001
      8.75000000  0.657928048597247E-003  0.498023796460492E-003  0.526064373279435E-001 -0.162129942193420E-003  0.488365030346038E-004  0.131414002572099E+000  0.100417043589907E+001  0.998743788453352E+000 -0.238033596110029E+001  0.169237508862088E-001  0.128105659648823E-001  0.135318480834987E+001
      8.76000000  0.682519187533411E-003  0.517346979862748E-003  0.523983926763872E-001 -0.122343376946498E-003  0.682653156654685E-004  0.131228399495883E+000  0.100314342160039E+001  0.998246029550796E+000 -0.237170834952425E+001  0.175362623651377E-001  0.132924209874182E-001  0.134629469510651E+001
      8.77000000  0.691846605552104E-003  0.527745011867473E-003  0.522146467722874E-001 -0.755630751113516E-004  0.925597311750650E-004  0.131023923586883E+000  0.100193926118852E+001  0.997624534284460E+000 -0.236261605824586E+001  0.177556467703376E-001  0.135441208214771E-001  0.134004390118651E+001
      8.78000000  0.686007711408962E-003  0.529173395897118E-003  0.520616955770876E-001 -0.285399157674762E-004  0.116521050805070E-003  0.130813236733535E+000  0.100073161810903E+001  0.997012993607040E+000 -0.235338526135149E+001  0.175857444250712E-001  0.135653112086462E-001  0.133459676550009E+001
      8.79000000  0.667646307001076E-003  0.524214518011040E-003  0.519388868042074E-001  0.139498194847102E-004  0.136490171623503E-003  0.130610690381430E+000  0.999642804492421E+000  0.996505067597039E+000 -0.234438391099941E+001  0.170955804678147E-001  0.134229027871190E-001  0.132993384290317E+001
      8.80000000  0.640034635556161E-003  0.516389300091755E-003  0.518385934884686E-001  0.495377363768324E-004  0.151289486041468E-003  0.130428208089286E+000  0.998732990821555E+000  0.996130522275813E+000 -0.233591618963345E+001  0.163699397082596E-001  0.132075066549280E-001  0.132585738774874E+001
      8.81000000  0.605654026639048E-003  0.508468978031365E-003  0.517487223875127E-001  0.773907767449363E-004  0.161870331553847E-003  0.130271994829576E+000  0.998022850211452E+000  0.995864599048299E+000 -0.232813880237824E+001  0.154730160500806E-001  0.129901698197348E-001  0.132205644948242E+001
      8.82000000  0.565955503146111E-003  0.501578714738153E-003  0.516565958139653E-001  0.968072360580810E-004  0.170085475602348E-003  0.130141316796435E+000  0.997529610054163E+000  0.995659648328263E+000 -0.232103067542374E+001  0.144424202331769E-001  0.127996115206870E-001  0.131820657350874E+001
      8.83000000  0.522258461047307E-003  0.495366007537593E-003  0.515526779007919E-001  0.106278351397287E-003  0.177369785210079E-003  0.130029724304890E+000  0.997290991417812E+000  0.995478888559733E+000 -0.231442513409639E+001  0.133122374829537E-001  0.126267555725167E-001  0.131406485922953E+001
      8.84000000  0.477071549075906E-003  0.488921016927160E-003  0.514327394364573E-001  0.103690251994550E-003  0.184025935153984E-003  0.129928060687586E+000  0.997359951286588E+000  0.995314531269890E+000 -0.230808733565778E+001  0.121466782567888E-001  0.124483765529503E-001  0.130952461744999E+001
      8.85000000  0.434844516856443E-003  0.481798088741671E-003  0.512977993936695E-001  0.876465818348047E-004  0.189376881709211E-003  0.129827900268924E+000  0.997770959351266E+000  0.995183739531840E+000 -0.230180208949453E+001  0.110590291561968E-001  0.122531592425554E-001  0.130461311377329E+001
      8.86000000  0.401433362713400E-003  0.474544167806653E-003  0.511521747064392E-001  0.591859778637630E-004  0.192539410129914E-003  0.129724002297855E+000  0.998496472482371E+000  0.995108836386471E+000 -0.229543608455250E+001  0.101977888871447E-001  0.120550549366595E-001  0.129944127027386E+001
      8.87000000  0.382258487688902E-003  0.468505708833575E-003  0.510007377504900E-001  0.228253144300681E-004  0.193275526963937E-003  0.129614944138777E+000  0.999420812174358E+000  0.995095671844740E+000 -0.228895349487681E+001  0.969973329375232E-002  0.118882394208195E-001  0.129413360303712E+001
      8.88000000  0.379910177114778E-003  0.465117743661241E-003  0.508466849526095E-001 -0.139170500506762E-004  0.192422114624026E-003  0.129501993405896E+000  0.100035274470135E+001  0.995122825519184E+000 -0.228238684357145E+001  0.962928935921441E-002  0.117889796315351E-001  0.128877158828406E+001
      8.89000000  0.392402506384167E-003  0.465129510139826E-003  0.506907140000751E-001 -0.426495358487935E-004  0.191708821606204E-003  0.129387053644621E+000  0.100107978881291E+001  0.995146370604369E+000 -0.227578460772999E+001  0.993473500044689E-002  0.117760165874244E-001  0.128337307326259E+001
      8.90000000  0.413131587047627E-003  0.468179368543576E-003  0.505317368772886E-001 -0.571461000202113E-004  0.193135466066106E-003  0.129270824572076E+000  0.100144518307192E+001  0.995115745325624E+000 -0.226916460263454E+001  0.104477956652415E-001  0.118399137964272E-001  0.127791066588863E+001
      8.91000000  0.432875733164202E-003  0.472869516914486E-003  0.503685156440994E-001 -0.559629457128466E-004  0.198280549059600E-003  0.129152060837478E+000  0.100141367356760E+001  0.994991257740208E+000 -0.226249542945067E+001  0.109348243598332E-001  0.119451027545073E-001  0.127235330982348E+001
      8.92000000  0.443196515344739E-003  0.477197805449866E-003  0.502012392130680E-001 -0.433223954622925E-004  0.207864481776016E-003  0.129028171026247E+000  0.100109313521091E+001  0.994755045705508E+000 -0.225571186550197E+001  0.111829854076089E-001  0.120409252106549E-001  0.126670609114998E+001
      8.93000000  0.439832709619213E-003  0.479058999159755E-003  0.500321959945312E-001 -0.276375081085139E-004  0.221668777430706E-003  0.128896711460237E+000  0.100069658432848E+001  0.994412991364322E+000 -0.224875270385782E+001  0.110856800645479E-001  0.120743516354782E-001  0.126102698956225E+001
      8.94000000  0.424529366736513E-003  0.476592309118617E-003  0.498652237101583E-001 -0.181168833443442E-004  0.238685580138332E-003  0.128756923714663E+000  0.100045611278370E+001  0.993990823790361E+000 -0.224159943958073E+001  0.106880012165274E-001  0.119987439710123E-001  0.125541273098162E+001
      8.95000000  0.404341065130776E-003  0.468345017617960E-003  0.497042490890471E-001 -0.208403654579572E-004  0.257288696068601E-003  0.128610503291156E+000  0.100052409325532E+001  0.993529707022131E+000 -0.223429536174834E+001  0.101683641541801E-001  0.117779347675088E-001  0.124996184739247E+001
      8.96000000  0.388558864450025E-003  0.453388004617809E-003  0.495516613564394E-001 -0.360549805330510E-004  0.275311734196721E-003  0.128461210464357E+000  0.100090569825554E+001  0.993084191040851E+000 -0.222693543311789E+001  0.976056790227530E-002  0.113890707690145E-001  0.124473380892918E+001
      8.97000000  0.384529663363465E-003  0.431536914114766E-003  0.494073107528739E-001 -0.579875775588527E-004  0.290099126576292E-003  0.128313512051243E+000  0.100145501945020E+001  0.992720856958966E+000 -0.221963192147965E+001  0.964858617872151E-002  0.108280881862688E-001  0.123972411253844E+001
      8.98000000  0.394222115331736E-003  0.403694881844917E-003  0.492685961318694E-001 -0.773734713427849E-004  0.298714631246253E-003  0.128170894398279E+000  0.100193928670741E+001  0.992513024120139E+000 -0.221247202005682E+001  0.988077301899382E-002  0.101181981966755E-001  0.123486683372349E+001
      8.99000000  0.413132984816185E-003  0.372144672847455E-003  0.491315833914030E-001 -0.856520294191415E-004  0.298450044443421E-003  0.128034615272104E+000  0.100214439231065E+001  0.992527976455913E+000 -0.220548673918077E+001  0.103432364875078E-001  0.931704923183528E-002  0.123006296931022E+001
      9.00000000  0.432107332071163E-003  0.340523597186685E-003  0.489926317325277E-001 -0.789720238098900E-004  0.287589403850949E-003  0.127903431601026E+000  0.100197495422383E+001  0.992807884609485E+000 -0.219864440970212E+001  0.108062597290755E-001  0.851590834490254E-002  0.122522129114312E+001
      9.01000000  0.441323545163669E-003  0.313298013515882E-003  0.488498030893238E-001 -0.601833555416125E-004  0.266169851700189E-003  0.127774381605578E+000  0.100150341155147E+001  0.993350938542750E+000 -0.219187056885219E+001  0.110244919008705E-001  0.782634747322107E-002  0.122029351123254E+001
      9.02000000  0.434688866337630E-003  0.294783604817681E-003  0.487034619360031E-001 -0.378748569541386E-004  0.236383593297508E-003  0.127644235489454E+000  0.100094508471482E+001  0.994101561330479E+000 -0.218508439629653E+001  0.108467156398160E-001  0.735568399456954E-002  0.121528901060951E+001
      9.03000000  0.412683036675079E-003  0.288004205728239E-003  0.485558537099277E-001 -0.228492104357098E-004  0.202361539151589E-003  0.127510963905800E+000  0.100056952097395E+001  0.994956099634551E+000 -0.217823535114285E+001  0.102862042274786E-001  0.717856033618821E-002  0.121026401211914E+001
      9.04000000  0.382381967186000E-003  0.293801524037321E-003  0.484098932774307E-001 -0.235845224995275E-004  0.169326921925911E-003  0.127374606251170E+000  0.100058719849367E+001  0.995784162537328E+000 -0.217132462291954E+001  0.952040115049409E-002  0.731495888272693E-002  0.120529115702144E+001
      9.05000000  0.354665294978374E-003  0.310530066445518E-003  0.482677045495660E-001 -0.426765353757765E-004  0.142374684325581E-003  0.127237209218290E+000  0.100106137010514E+001  0.996459126019926E+000 -0.216440331757297E+001  0.882056469921564E-002  0.772291673562658E-002  0.120042309436572E+001
      9.06000000  0.339864331519428E-003  0.334439654225109E-003  0.481295130142180E-001 -0.757861776024438E-004  0.125279420130603E-003  0.127101901348613E+000  0.100188273016587E+001  0.996887726087988E+000 -0.215754919141516E+001  0.844313368874509E-002  0.830837028062435E-002  0.119566507887577E+001
      9.07000000  0.343761050800607E-003  0.360588478307143E-003  0.479933111117600E-001 -0.113468849396229E-003  0.119695681691904E-003  0.126971496570518E+000  0.100281576002795E+001  0.997029719453226E+000 -0.215083185063359E+001  0.853052296873788E-002  0.894810010993802E-002  0.119096692842646E+001
      9.08000000  0.365620287056460E-003  0.383971415028135E-003  0.478553997946319E-001 -0.144982899150477E-003  0.124931535157888E-003  0.126847159907623E+000  0.100359382732844E+001  0.996903204668516E+000 -0.214427972182911E+001  0.906297354484067E-002  0.951786019422289E-002  0.118623675345878E+001
      9.09000000  0.398964647795407E-003  0.400546761694780E-003  0.477116010909744E-001 -0.162356796644918E-003  0.138262833757533E-003  0.126727602200717E+000  0.100402006306567E+001  0.996576519598626E+000 -0.213786033930183E+001  0.987863198987953E-002  0.991780619006078E-002  0.118137121028170E+001
      9.10000000  0.434564586502041E-003  0.407958788032972E-003  0.475587422925505E-001 -0.162989567498427E-003  0.155619716660671E-003  0.126609065003836E+000  0.100403129602685E+001  0.996150985887610E+000 -0.213148030605197E+001  0.107482860275252E-001  0.100902325624739E-001  0.117629227311022E+001
      9.11000000  0.464193242461660E-003  0.405887013446190E-003  0.473959643069191E-001 -0.149823586659282E-003  0.172455270180964E-003  0.126486111935507E+000  0.100370158808084E+001  0.995739266514617E+000 -0.212500517956929E+001  0.114685024688986E-001  0.100279706596246E-001  0.117097941966406E+001
      9.12000000  0.483486241292779E-003  0.396026681428370E-003  0.472254734955356E-001 -0.129265263049462E-003  0.184653755640673E-003  0.126353034583262E+000  0.100319016592177E+001  0.995442889259839E+000 -0.211829439349087E+001  0.119320635276057E-001  0.977362977030129E-002  0.116548787068536E+001
      9.13000000  0.492793632763181E-003  0.381709953415005E-003  0.470524878405317E-001 -0.107994377657589E-003  0.189371697743479E-003  0.126205536075729E+000  0.100266229786602E+001  0.995331573015907E+000 -0.211124279487621E+001  0.121484420332823E-001  0.940998611647554E-002  0.115994684802902E+001
      9.14000000  0.495905460182784E-003  0.367173052881963E-003  0.468842960528888E-001 -0.901727704135493E-004  0.185682926023813E-003  0.126042268259551E+000  0.100222052410813E+001  0.995427517510964E+000 -0.210381830379602E+001  0.122117799490734E-001  0.904171638556134E-002  0.115453600017644E+001
      9.15000000  0.497484006877178E-003  0.356531920244037E-003  0.467285513283097E-001 -0.762219101733021E-004  0.174846481305336E-003  0.125865770911678E+000  0.100187492979116E+001  0.995699072931466E+000 -0.209608461705651E+001  0.122372633144629E-001  0.877008090254954E-002  0.114944315596681E+001
      9.16000000  0.500516755833787E-003  0.352662998840527E-003  0.465911551005125E-001 -0.635078694504445E-004  0.160017628264818E-003  0.125682426149652E+000  0.100156048049701E+001  0.996068134701326E+000 -0.208819956519514E+001  0.122984228988252E-001  0.866544156605422E-002  0.114481228069244E+001
      9.17000000  0.504942561961087E-003  0.356327545872317E-003  0.464743016350714E-001 -0.483770685867740E-004  0.145348276354496E-003  0.125501243287749E+000  0.100118739847971E+001  0.996432476637926E+000 -0.208038477392328E+001  0.123936412008644E-001  0.874593683759692E-002  0.114069572049703E+001
      9.18000000  0.507939213633028E-003  0.365910716267517E-003  0.463753507138757E-001 -0.284402771981832E-004  0.134664075460763E-003  0.125331633857689E+000  0.100069729639402E+001  0.996698317194032E+000 -0.207287076479734E+001  0.124536121633854E-001  0.897136906250846E-002  0.113702706196030E+001
      9.19000000  0.505549381423033E-003  0.377988106922323E-003  0.462870646296599E-001 -0.401658763356180E-005  0.130152405897215E-003  0.125180740454857E+000  0.100009837120944E+001  0.996812406264315E+000 -0.206583148695247E+001  0.123815309459287E-001  0.925739722967948E-002  0.113362758252250E+001
      9.20000000  0.494749079219666E-003  0.388607249503636E-003  0.461993511154577E-001  0.218448991955443E-004  0.131593734404915E-003  0.125051178374124E+000  0.999465572874548E+000  0.996780609488010E+000 -0.205932937454325E+001  0.121038474867994E-001  0.950712811365988E-002  0.113024950096435E+001
      9.21000000  0.474961645043424E-003  0.394822602350240E-003  0.461020942729427E-001  0.446359230181527E-004  0.136515136174988E-003  0.124940053644202E+000  0.998909184839674E+000  0.996663835536837E+000 -0.205329195481438E+001  0.116071390027276E-001  0.964869663629129E-002  0.112664553470201E+001
      9.22000000  0.448382011671969E-003  0.395842695369996E-003  0.459881562394036E-001  0.602519768615860E-004  0.141267805059198E-003  0.124839749196811E+000  0.998529155858201E+000  0.996551433922683E+000 -0.204753177130800E+001  0.109456998675885E-001  0.966313372416696E-002  0.112264217242626E+001
      9.23000000  0.419081605968078E-003  0.393267118456488E-003  0.458554502474569E-001  0.665592452803226E-004  0.142597725211926E-003  0.124740315724858E+000  0.998376946022479E+000  0.996522739942199E+000 -0.204180530806410E+001  0.102193476594808E-001  0.958985875141274E-002  0.111818982624707E+001
      9.24000000  0.391410068845722E-003  0.390286409676484E-003  0.457072686851082E-001  0.640110514109456E-004  0.139016756078065E-003  0.124632630448270E+000  0.998440773292647E+000  0.996613731003184E+000 -0.203589023643728E+001  0.953424478146742E-002  0.950687389240969E-002  0.111337015223257E+001
      9.25000000  0.368457798754985E-003  0.390207684545060E-003  0.455507293009457E-001  0.551556678952186E-004  0.131348372981715E-003  0.124511119454904E+000  0.998657931476336E+000  0.996803981825620E+000 -0.202965154159691E+001  0.896545419315541E-002  0.949468062130043E-002  0.110835753346074E+001
      9.26000000  0.351220832102764E-003  0.395000643649718E-003  0.453939942870321E-001  0.433796477292375E-004  0.122208547244897E-003  0.124374990747513E+000  0.998945609923741E+000  0.997029586771813E+000 -0.202307102163362E+001  0.853680883385426E-002  0.960092533207257E-002  0.110335098608297E+001
      9.27000000  0.338721757750707E-003  0.404548315540477E-003  0.452434450951894E-001  0.315140431521874E-004  0.114701218066886E-003  0.124227565812300E+000  0.999234842804450E+000  0.997215068154904E+000 -0.201623042806503E+001  0.822412373368903E-002  0.982238467748212E-002  0.109850543133711E+001
      9.28000000  0.328897155753578E-003  0.416927957210816E-003  0.451019870859119E-001  0.209004107370644E-004  0.110990068757953E-003  0.124074143325032E+000  0.999493087360379E+000  0.997308078322785E+000 -0.200925911422694E+001  0.797697841847672E-002  0.101120525323791E-001  0.109389081456300E+001
      9.29000000  0.319767415760366E-003  0.429523641912515E-003  0.449690971442249E-001  0.112297948532202E-004  0.111449214950607E-003  0.123919471517751E+000  0.999727928917780E+000  0.997299851963414E+000 -0.200227254056230E+001  0.774720001582958E-002  0.104063309812577E-001  0.108949371617232E+001
      9.30000000  0.310364393778523E-003  0.440360951108246E-003  0.448423822107307E-001  0.109560801086907E-005  0.114772309358827E-003  0.123766024025649E+000  0.999973484579063E+000  0.997222331285984E+000 -0.199533062212221E+001  0.751130191035745E-002  0.106574211462755E-001  0.108525551872680E+001
      9.31000000  0.301080756716052E-003  0.448974160222410E-003  0.447197087036478E-001 -0.110823447383818E-004  0.118908781831484E-003  0.123613808035082E+000  0.100026792192206E+001  0.997125313268081E+000 -0.198843338874649E+001  0.727879676535772E-002  0.108542030410735E-001  0.108112412965281E+001
      9.32000000  0.293399043904976E-003  0.456403106954706E-003  0.446007467095315E-001 -0.261940265916319E-004  0.122276234701753E-003  0.123461625051156E+000  0.100063257587838E+001  0.997047074977160E+000 -0.198155175339870E+001  0.708547642587661E-002  0.110219631665595E-001  0.107709123786112E+001
      9.33000000  0.289211700243482E-003  0.464403229790604E-003  0.444871465296556E-001 -0.439607129718894E-004  0.124594115305750E-003  0.123308971985271E+000  0.100106049679202E+001  0.996994324007652E+000 -0.197467352954605E+001  0.697686774367120E-002  0.112031425812131E-001  0.107319633807838E+001
      9.34000000  0.290057112634205E-003  0.474363386597264E-003  0.443813179509168E-001 -0.629528411203423E-004  0.126939755286388E-003  0.123157485133087E+000  0.100151703197367E+001  0.996941017052259E+000 -0.196783813753831E+001  0.698977053655968E-002  0.114311667559130E-001  0.106949705790605E+001
      9.35000000  0.296556133100739E-003  0.486537442658795E-003  0.442845121451850E-001 -0.810075563090375E-004  0.131084347273413E-003  0.123011119040641E+000  0.100195002507533E+001  0.996844519501468E+000 -0.196114063432508E+001  0.713874016374723E-002  0.117119964667713E-001  0.106602288806954E+001
      9.36000000  0.308195304567225E-003  0.499960566731283E-003  0.441952389536594E-001 -0.958321188622283E-004  0.138555502600978E-003  0.122874937613561E+000  0.100230441937140E+001  0.996668236203068E+000 -0.195470234675622E+001  0.741099370913152E-002  0.120222617280374E-001  0.106273727407710E+001
      9.37000000  0.323450799608166E-003  0.512994225635737E-003  0.441088428060729E-001 -0.105573571891297E-003  0.149975385684923E-003  0.122753099897642E+000  0.100253595708565E+001  0.996397477747624E+000 -0.194862234832624E+001  0.776953296579807E-002  0.123225094888289E-001  0.105952778190732E+001
      9.38000000  0.340144939513848E-003  0.524086101879831E-003  0.440184567294511E-001 -0.109207024120129E-003  0.164995509858156E-003  0.122646986532650E+000  0.100262043873149E+001  0.996040908283719E+000 -0.194293262177689E+001  0.816182824321697E-002  0.125755236997320E-001  0.105622939406579E+001
      9.39000000  0.355895120123314E-003  0.532253611986557E-003  0.439168981680854E-001 -0.106689275039751E-003  0.182745544319813E-003  0.122554282255206E+000  0.100255729863793E+001  0.995619663444125E+000 -0.193757642430930E+001  0.853066163958183E-002  0.127579031393557E-001  0.105267023161795E+001
      9.40000000  0.368535308756472E-003  0.537037811358531E-003  0.437986982808653E-001 -0.988989745055704E-004  0.202390631115063E-003  0.122469326470017E+000  0.100236804641355E+001  0.995153939557568E+000 -0.193241715363900E+001  0.882424434157156E-002  0.128588842249088E-001  0.104872018037360E+001
      9.41000000  0.376432332427171E-003  0.538068317031961E-003  0.436615146740899E-001 -0.874252656846284E-004  0.223352146987613E-003  0.122384470890960E+000  0.100209109427434E+001  0.994657718314371E+000 -0.192727124527028E+001  0.900375296377145E-002  0.128698674020658E-001  0.104432445963085E+001
      9.42000000  0.378662110139064E-003  0.534672313986774E-003  0.435065642177337E-001 -0.742811882043593E-004  0.245014730204328E-003  0.122291838017512E+000  0.100177481959459E+001  0.994145799836528E+000 -0.192195043749556E+001  0.904747149376718E-002  0.127750635455058E-001  0.103951356370760E+001
      9.43000000  0.375049695631455E-003  0.525955196543542E-003  0.433381658594138E-001 -0.616160552364593E-004  0.266146918520864E-003  0.122184882736551E+000  0.100147064710843E+001  0.993647626505178E+000 -0.191629906848897E+001  0.895165632204589E-002  0.125534568221018E-001  0.103439189771404E+001
      9.44000000  0.366111729011968E-003  0.511464347100689E-003  0.431627544019940E-001 -0.514836700564794E-004  0.284539778076321E-003  0.122059428217925E+000  0.100122750644085E+001  0.993215821446238E+000 -0.191021860211902E+001  0.872906894436947E-002  0.121946586100302E-001  0.102911387193382E+001
      9.45000000  0.352963026629133E-003  0.492106565983294E-003  0.429877250109210E-001 -0.456869979963655E-004  0.297320749074215E-003  0.121914152907132E+000  0.100108814579806E+001  0.992918590890834E+000 -0.190367892459893E+001  0.840666384620966E-002  0.117207020696844E-001  0.102385611640799E+001
      9.46000000  0.337244024013470E-003  0.470701973779365E-003  0.428202942448087E-001 -0.456707912150251E-004  0.302024079596709E-003  0.121750653908511E+000  0.100108660994277E+001  0.992814173805272E+000 -0.189671949087370E+001  0.802378719275369E-002  0.111990493526548E-001  0.101879026487276E+001
      9.47000000  0.321081862592650E-003  0.451628435623040E-003  0.426664108977318E-001 -0.523960828425176E-004  0.297995873257584E-003  0.121573162852537E+000  0.100124530323595E+001  0.992917500600513E+000 -0.188944220429695E+001  0.763118654677758E-002  0.107339007387073E-001  0.101405709501297E+001
      9.48000000  0.307028961547447E-003  0.439444896255092E-003  0.425297579172016E-001 -0.661375933175129E-004  0.287379246732996E-003  0.121387865460145E+000  0.100157024104556E+001  0.993177031908396E+000 -0.188199493233420E+001  0.728949230555582E-002  0.104333160423117E-001  0.100974299470665E+001
      9.49000000  0.297871803459779E-003  0.436966277519410E-003  0.424110371146072E-001 -0.862130980665712E-004  0.274988131783697E-003  0.121201754353048E+000  0.100204471750397E+001  0.993478101830793E+000 -0.187454405647435E+001  0.706463059711535E-002  0.103635365892833E-001  0.100586328405436E+001
      9.50000000  0.296220302316081E-003  0.443675590614336E-003  0.423078614081290E-001 -0.110758053144536E-003  0.266852308355648E-003  0.121021117315308E+000  0.100262408551248E+001  0.993677721335393E+000 -0.186723855860272E+001  0.701806669350746E-002  0.105115849955828E-001  0.100236003643360E+001
      9.51000000  0.303895649340266E-003  0.455347220825491E-003  0.422155145162370E-001 -0.136734122983285E-003  0.267884985468802E-003  0.120850051188717E+000  0.100323610547319E+001  0.993659928855021E+000 -0.186017494063719E+001  0.719234052664467E-002  0.107767658969386E-001  0.999120443374038E+000
      9.52000000  0.321293797002061E-003  0.465278330436910E-003  0.421285192180569E-001 -0.160334397187041E-003  0.279645755420106E-003  0.120689585805409E+000  0.100379067045584E+001  0.993388537196199E+000 -0.185337678792916E+001  0.759611739781293E-002  0.110002398229758E-001  0.996014180050682E+000
      9.53000000  0.347020429271475E-003  0.466788804609979E-003  0.420425177803931E-001 -0.177793052159349E-003  0.299257457657448E-003  0.120537904302043E+000  0.100419902209973E+001  0.992932295930847E+000 -0.184680035509057E+001  0.819574462484639E-002  0.110243706526219E-001  0.992937908114073E+000
      9.54000000  0.378071945463386E-003  0.456008606524823E-003  0.419556753531788E-001 -0.186375885834475E-003  0.320105730374843E-003  0.120391718146641E+000  0.100439711294822E+001  0.992447837092610E+000 -0.184036735949511E+001  0.891974323455552E-002  0.107584805795721E-001  0.989848244159039E+000
      9.55000000  0.410636347341725E-003  0.433749710451094E-003  0.418688991808138E-001 -0.185144628997577E-003  0.334183178155053E-003  0.120248277914836E+000  0.100436349036868E+001  0.992123967694064E+000 -0.183401255209505E+001  0.967788132098755E-002  0.102226172815264E-001  0.986766612199349E+000
      9.56000000  0.441274353116824E-003  0.405587657854708E-003  0.417846598292906E-001 -0.175085656709018E-003  0.335189336535897E-003  0.120107090661213E+000  0.100412210407523E+001  0.992108517875887E+000 -0.182772408194019E+001  0.103890795138042E-001  0.954889491652513E-002  0.983751152446499E+000
      9.57000000  0.467973612345420E-003  0.380021754106461E-003  0.417048941730650E-001 -0.158430158768685E-003  0.321118818461144E-003  0.119970441994772E+000  0.100372608017220E+001  0.992447685013453E+000 -0.182155549575613E+001  0.110061569818973E-001  0.893763872981887E-002  0.980847210340917E+000
      9.58000000  0.490522010477212E-003  0.365408935349061E-003  0.416290015730838E-001 -0.137392067343513E-003  0.295248519519919E-003  0.119842336552471E+000  0.100322791748868E+001  0.993063370556294E+000 -0.181560050388762E+001  0.115244250037040E-001  0.858499268364473E-002  0.978040325124956E+000
      9.59000000  0.509903923328739E-003  0.366899338499105E-003  0.415530008321274E-001 -0.112917150871664E-003  0.265096862018406E-003  0.119726249831528E+000  0.100265013244935E+001  0.993778254314495E+000 -0.180994000705792E+001  0.119672956927439E-001  0.861101998319031E-002  0.975236755647206E+000
      9.60000000  0.526907254398490E-003  0.384601961468280E-003  0.414704184867245E-001 -0.841499591114184E-004  0.239777878849115E-003  0.119622731503776E+000  0.100197291762122E+001  0.994378345428140E+000 -0.180458597216877E+001  0.123534772675988E-001  0.901709275856558E-002  0.972284719515579E+000
      9.61000000  0.540610156573121E-003  0.413680823595489E-003  0.413746499105582E-001 -0.490640890110215E-004  0.226832642447193E-003  0.119528060809625E+000  0.100114912329145E+001  0.994687383828964E+000 -0.179945029912371E+001  0.126615562427503E-001  0.968876176449172E-002  0.969029994159533E+000
      9.62000000  0.547620780083910E-003  0.446266572700533E-003  0.412617878156548E-001 -0.613736334015826E-005  0.229804331966237E-003  0.119434715918975E+000  0.100014359292372E+001  0.994623379115617E+000 -0.179435632233730E+001  0.128124187117328E-001  0.104410833088055E-001  0.965382106588136E+000
      9.63000000  0.542703723577932E-003  0.474327990945018E-003  0.411326358379107E-001  0.436551124808080E-004  0.247463469666323E-003  0.119333583298465E+000  0.998979683053506E+000  0.994216229041908E+000 -0.178909090839682E+001  0.126841914869725E-001  0.110860987374700E-001  0.961361064361749E+000
      9.64000000  0.520795741061359E-003  0.492301012484406E-003  0.409929681536106E-001  0.955823888236891E-004  0.274860461341846E-003  0.119217015613422E+000  0.997768344662325E+000  0.993582564495214E+000 -0.178347604103255E+001  0.121595265579931E-001  0.114942323138656E-001  0.957102844080416E+000
      9.65000000  0.479668253067482E-003  0.498454930438529E-003  0.408518888843790E-001  0.141503680201469E-003  0.305614018486397E-003  0.119081456002070E+000  0.996699599097378E+000  0.992871925443703E+000 -0.177742984716173E+001  0.111876774733288E-001  0.116258538293387E-001  0.952820525627739E+000
      9.66000000  0.422016140098606E-003  0.494584724972077E-003  0.407189881114670E-001  0.172017801732162E-003  0.334372348827591E-003  0.118928567330405E+000  0.995992047715977E+000  0.992209245754202E+000 -0.177099241048122E+001  0.983282274026729E-002  0.115236444026951E-001  0.948737629251705E+000
      9.67000000  0.355830516672300E-003  0.484368685126505E-003  0.406014716712644E-001  0.179738177619662E-003  0.358402435583610E-003  0.118764505327161E+000  0.995816496511665E+000  0.991657989085299E+000 -0.176430822269653E+001  0.828214810825838E-002  0.112739436368089E-001  0.945021256016533E+000
      9.68000000  0.292578749789733E-003  0.471283029991628E-003  0.405023498276204E-001  0.162360093060095E-003  0.377740527045542E-003  0.118597786238588E+000  0.996224884792777E+000  0.991216967290686E+000 -0.175757606400575E+001  0.680289390590992E-002  0.109580359304731E-001  0.941740263144083E+000
      9.69000000  0.243696662488990E-003  0.457080962151194E-003  0.404201982315824E-001  0.124110993343339E-003  0.394038749368071E-003  0.118436723040357E+000  0.997117211704941E+000  0.990847464323041E+000 -0.175098917258128E+001  0.566046461512587E-002  0.106168487745351E-001  0.938860218639976E+000
      9.70000000  0.216736051812803E-003  0.441488453457925E-003  0.403502802486642E-001  0.747737996304766E-004  0.408838519752030E-003  0.118287418946233E+000  0.998264981974567E+000  0.990513492630220E+000 -0.174468871540349E+001  0.502904705277322E-002  0.102441019254778E-001  0.936269975695530E+000
      9.71000000  0.212780268053334E-003  0.423126573866989E-003  0.402863135379647E-001  0.265088394812283E-004  0.422218160780103E-003  0.118152873458772E+000  0.999385534136232E+000  0.990213126944087E+000 -0.173874333495249E+001  0.493217408837555E-002  0.980792976163932E-002  0.933823016419541E+000
      9.72000000  0.226271470088245E-003  0.401054748925732E-003  0.402220899858653E-001 -0.103015861879275E-004  0.432509521023924E-003  0.118033157856994E+000  0.100023854159069E+001  0.989984890942874E+000 -0.173315358583601E+001  0.523949957005603E-002  0.928674827518375E-002  0.931375144668069E+000
      9.73000000  0.247371289733206E-003  0.376038247039426E-003  0.401524758786117E-001 -0.304828678495597E-004  0.437191029996334E-003  0.117926185021448E+000  0.100070513010761E+001  0.989886891235200E+000 -0.172787009227950E+001  0.572219598920367E-002  0.869852176991476E-002  0.928807610119142E+000
      9.74000000  0.265867414746708E-003  0.350814292045089E-003  0.400737834655701E-001 -0.353575371093917E-004  0.434438402347486E-003  0.117828525949508E+000  0.100081705129841E+001  0.989960882749877E+000 -0.172281267269304E+001  0.614373438261193E-002  0.810670924077867E-002  0.926035563829158E+000
      9.75000000  0.274964722028022E-003  0.329174156854359E-003  0.399838270389409E-001 -0.314189654093700E-004  0.424464034602544E-003  0.117735975720663E+000  0.100072529309008E+001  0.990201433202154E+000 -0.171788356271150E+001  0.634744048071230E-002  0.759884160051907E-002  0.923009178955356E+000
      9.76000000  0.273383407978590E-003  0.314316217843218E-003  0.398819941689097E-001 -0.270681795482159E-004  0.409880179291750E-003  0.117643926712012E+000  0.100062421687682E+001  0.990547789705232E+000 -0.171297611195939E+001  0.630447041322901E-002  0.724841829444822E-002  0.919715114086786E+000
      9.77000000  0.264987992002873E-003  0.307328947293200E-003  0.397694215990208E-001 -0.289200213560374E-004  0.394828420834533E-003  0.117547815048252E+000  0.100066623941340E+001  0.990904216416312E+000 -0.170798511453243E+001  0.610460975033063E-002  0.708003134038078E-002  0.916180378678288E+000
      9.78000000  0.256304934845248E-003  0.306620120626170E-003  0.396490711473157E-001 -0.393005910062133E-004  0.383269734704559E-003  0.117443838377331E+000  0.100090445403813E+001  0.991179525539643E+000 -0.170282332032325E+001  0.589853809774136E-002  0.705647928370761E-002  0.912473873527668E+000
      9.79000000  0.253211992881787E-003  0.308634144525066E-003  0.395253790767132E-001 -0.559233595260976E-004  0.377286751095136E-003  0.117329862506999E+000  0.100128569169014E+001  0.991326085471362E+000 -0.169744218711228E+001  0.582140554235593E-002  0.709557434089344E-002  0.908698115765462E+000
      9.80000000  0.258368715401791E-003  0.309534518098479E-003  0.394033047783532E-001 -0.736693957112202E-004  0.376269042095027E-003  0.117206146446777E+000  0.100169194915279E+001  0.991358309908082E+000 -0.169184833496133E+001  0.593389866866946E-002  0.710901264495384E-002  0.904967218658186E+000
      9.81000000  0.270493082926069E-003  0.307019135581583E-003  0.392869494275214E-001 -0.874283401591684E-004  0.377415210514566E-003  0.117075432410389E+000  0.100200590103031E+001  0.991340822000639E+000 -0.168610533001973E+001  0.620602373036130E-002  0.704405458536288E-002  0.901375139812138E+000
      9.82000000  0.285628970698292E-003  0.301352664385945E-003  0.391782407098891E-001 -0.945401013978827E-004  0.377314699663039E-003  0.116942155279678E+000  0.100216685999430E+001  0.991351943610484E+000 -0.168031527548041E+001  0.654661863766263E-002  0.690700584172261E-002  0.897965637712276E+000
      9.83000000  0.299579084071411E-003  0.295091509459492E-003  0.390762748180895E-001 -0.956870718226513E-004  0.373817011179122E-003  0.116810931080908E+000  0.100219091749012E+001  0.991440826725131E+000 -0.167458400666856E+001  0.685937026248711E-002  0.675661964510304E-002  0.894717460956269E+000
      9.84000000  0.310169675930567E-003  0.291640747089827E-003  0.389776888233776E-001 -0.939360797435870E-004  0.367248111362446E-003  0.116684867881896E+000  0.100214863976402E+001  0.991599778301496E+000 -0.166898243651188E+001  0.709464245385415E-002  0.667082241153840E-002  0.891553196004096E+000
      9.85000000  0.318191775166648E-003  0.293371344761849E-003  0.388779997504652E-001 -0.925750201215712E-004  0.360370044316539E-003  0.116564389503720E+000  0.100211535791646E+001  0.991765471667206E+000 -0.166351985438632E+001  0.727074635973406E-002  0.670359450950723E-002  0.888370150395597E+000
      9.86000000  0.326605749087812E-003  0.300233409851558E-003  0.387734092199180E-001 -0.929601536984759E-004  0.357119743885405E-003  0.116447081861777E+000  0.100212200397776E+001  0.991848017812895E+000 -0.165814073103200E+001  0.745543839106286E-002  0.685343628009807E-002  0.885081675561218E+000
      9.87000000  0.338505556529538E-003  0.309526906833333E-003  0.386623542612613E-001 -0.935221990827681E-004  0.360767115678994E-003  0.116328646040970E+000  0.100213267085098E+001  0.991773102866001E+000 -0.165274678074600E+001  0.771924677118743E-002  0.705842054902974E-002  0.881652450132541E+000
      9.88000000  0.354954987308760E-003  0.316893556260116E-003  0.385461902253085E-001 -0.904377257829729E-004  0.372387378699836E-003  0.116204577774738E+000  0.100206024544970E+001  0.991516710577911E+000 -0.164723543766869E+001  0.808616527141037E-002  0.721909470491622E-002  0.878113777491287E+000
      9.89000000  0.373837272732130E-003  0.317998438024831E-003  0.384287609452034E-001 -0.796047820819289E-004  0.390331438614721E-003  0.116071907090986E+000  0.100181162848939E+001  0.991116921169748E+000 -0.164153946791011E+001  0.850770815477091E-002  0.723693997823172E-002  0.874553466758023E+000
      9.90000000  0.390315252010744E-003  0.310087969016636E-003  0.383150622189564E-001 -0.589121307667487E-004  0.410838764017233E-003  0.115930341965257E+000  0.100133935533438E+001  0.990659664096412E+000 -0.163565279182825E+001  0.887373802419705E-002  0.704978703069799E-002  0.871085161956395E+000
      9.91000000  0.398681165001120E-003  0.292767291002370E-003  0.382095339545008E-001 -0.296731792318682E-004  0.429377922844530E-003  0.115782434697371E+000  0.100067393296609E+001  0.990248030557930E+000 -0.162963395420330E+001  0.905478910621041E-002  0.664928847896677E-002  0.867809423110367E+000
      9.92000000  0.394704170270186E-003  0.267812061175336E-003  0.381146003176466E-001  0.345982436864519E-005  0.442020005194792E-003  0.115632782089872E+000  0.999921500180784E+000  0.989971025462356E+000 -0.162358765138968E+001  0.895542741735668E-002  0.607637733775820E-002  0.864780669666075E+000
      9.93000000  0.377384393986554E-003  0.238328274031345E-003  0.380299192947520E-001  0.340304369920926E-004  0.446272043382070E-003  0.115486603719813E+000  0.999228662309778E+000  0.989884747961574E+000 -0.161763227388095E+001  0.855383687405756E-002  0.540197530958965E-002  0.861990403324610E+000
      9.94000000  0.349363837342307E-003  0.207818103722894E-003  0.379525097025944E-001  0.560174786964772E-004  0.441206090913967E-003  0.115348198509527E+000  0.998731578926479E+000  0.990009634198044E+000 -0.161186488908097E+001  0.791075328492104E-002  0.470568951611657E-002  0.859370400453406E+000
      9.95000000  0.315919816141487E-003  0.179590229305830E-003  0.378776335053925E-001  0.657710539237371E-004  0.427142340695039E-003  0.115219741119586E+000  0.998512222467879E+000  0.990337804556996E+000 -0.160633412219964E+001  0.714628056518543E-002  0.406243008450812E-002  0.856812970711452E+000
      9.96000000  0.283114729567727E-003  0.156587642809606E-003  0.378001232687111E-001  0.628792818065899E-004  0.405322362802300E-003  0.115100712572111E+000  0.998579064025201E+000  0.990840589934412E+000 -0.160102753275313E+001  0.639778147396144E-002  0.353854256099004E-002  0.854201152766820E+000
      9.97000000  0.255977034873435E-003  0.141357642673849E-003  0.377157841123582E-001  0.497817858200813E-004  0.377852739540038E-003  0.114988057834734E+000  0.998876167495046E+000  0.991469908445720E+000 -0.159587547829644E+001  0.577872624642472E-002  0.319117345919718E-002  0.851440410122475E+000
      9.98000000  0.237426934524423E-003  0.135796734957753E-003  0.376225332730381E-001  0.305397638138200E-004  0.347841656933132E-003  0.114876993799792E+000  0.999311250322929E+000  0.992155282197171E+000 -0.159076962300097E+001  0.535458379699721E-002  0.306256321822288E-002  0.848484218815856E+000
      9.99000000  0.228171994817049E-003  0.140530802843894E-003  0.375210195311750E-001  0.947297793252957E-005  0.319355455291175E-003  0.114762272288643E+000  0.999786574005938E+000  0.992804928292854E+000 -0.158559158677584E+001  0.514071025583208E-002  0.316615603952260E-002  0.845347782789226E+000
     10.00000000  0.227279420390332E-003  0.154184022578356E-003  0.374145630289698E-001 -0.974035318212787E-005  0.296814980353815E-003  0.114639620311003E+000  0.100021923050287E+001  0.993319451955539E+000 -0.158024541205272E+001  0.511547997215300E-002  0.347028903088102E-002  0.842106370708133E+000
     10.01000000  0.232868948034436E-003  0.173071887655842E-003  0.373083777791592E-001 -0.243189111766638E-004  0.283772698966529E-003  0.114507022849574E+000  0.100054680984416E+001  0.993619381058163E+000 -0.157468629515171E+001  0.523604993082646E-002  0.389151517640030E-002  0.838877534075204E+000
     10.02000000  0.242481189863510E-003  0.191799603500589E-003  0.372081966018652E-001 -0.322482515512693E-004  0.281479755578678E-003  0.114365498419640E+000  0.100072437712415E+001  0.993677254237199E+000 -0.156893775204818E+001  0.544673954479055E-002  0.430830319518740E-002  0.835790008848923E+000
     10.03000000  0.253054006262489E-003  0.204832629818926E-003  0.371185984589190E-001 -0.322258251795186E-004  0.287967949264411E-003  0.114219082890304E+000  0.100072315166299E+001  0.993537962170423E+000 -0.156309091474294E+001  0.567856445681327E-002  0.459647056557096E-002  0.832946124855662E+000
     10.04000000  0.260825075198332E-003  0.208537887084553E-003  0.370414877480554E-001 -0.239941101148280E-004  0.298298314639759E-003  0.114073910574561E+000  0.100053789463213E+001  0.993312814626185E+000 -0.155728359461020E+001  0.584711861378415E-002  0.467495604218313E-002  0.830387846449274E+000
     10.05000000  0.261617996820834E-003  0.202800304626019E-003  0.369752169919269E-001 -0.898764219367008E-005  0.306143780197942E-003  0.113936545318871E+000  0.100020128248623E+001  0.993143765640247E+000 -0.155166267412579E+001  0.585905843905477E-002  0.454180847916092E-002  0.828077425043485E+000
     10.06000000  0.251763496695494E-003  0.191361002388212E-003  0.369147201911306E-001  0.915078498269104E-005  0.306202153784817E-003  0.113811991261329E+000  0.999795267567923E+000  0.993149274978048E+000 -0.154633955605727E+001  0.563275752670937E-002  0.428135985029057E-002  0.825900778834720E+000
     10.07000000  0.229472245156212E-003  0.180535088693595E-003  0.368527374902087E-001  0.247325811607430E-004  0.296434174212141E-003  0.113701990776147E+000  0.999447202273992E+000  0.993374402115557E+000 -0.154135229700008E+001  0.512893233746127E-002  0.403513834022358E-002  0.823695244315196E+000
     10.08000000  0.196074539351233E-003  0.176721036986093E-003  0.367818445460313E-001  0.311536628502635E-004  0.279083446493899E-003  0.113604199557708E+000  0.999304375516870E+000  0.993768396379248E+000 -0.153664755179915E+001  0.437811279998324E-002  0.394597195849672E-002  0.821295130651858E+000
     10.09000000  0.156431605557663E-003  0.183731289348205E-003  0.366966878780872E-001  0.227832629589894E-004  0.259922971531199E-003  0.113512588248935E+000  0.999491780842416E+000  0.994201979151712E+000 -0.153208998548058E+001  0.348947114990062E-002  0.409843670164388E-002  0.818581597951386E+000
     10.10000000  0.118102783935476E-003  0.201125740660858E-003  0.365957038193667E-001 -0.306366305720073E-005  0.245971252043961E-003  0.113419022760942E+000  0.100006827251498E+001  0.994518628296484E+000 -0.152749789593768E+001  0.263187365430285E-002  0.448200728559162E-002  0.815520731462872E+000
     10.11000000  0.894009484232084E-004  0.224314969024959E-003  0.364817320998623E-001 -0.449077962394258E-004  0.242641238538904E-003  0.113315563007846E+000  0.100099976254731E+001  0.994598184657482E+000 -0.152269461896795E+001  0.199029405609752E-002  0.499382565194550E-002  0.812176781512183E+000
     10.12000000  0.770057995364493E-004  0.246405540232484E-003  0.363612924552635E-001 -0.972241397797894E-004  0.251566519909592E-003  0.113196752717301E+000  0.100216231953705E+001  0.994405019143380E+000 -0.151755943005613E+001  0.171265228143218E-002  0.548019776662332E-002  0.808695589867271E+000
     10.13000000  0.840468043003189E-004  0.260968339728622E-003  0.362427465075459E-001 -0.151922734116734E-003  0.270045390301934E-003  0.113061161862446E+000  0.100337551154597E+001  0.993999967561144E+000 -0.151206153895452E+001  0.186740292667201E-002  0.579835301811843E-002  0.805263346563267E+000
     10.14000000  0.109382168293537E-003  0.264506318027058E-003  0.361339459669514E-001 -0.200629550752079E-003  0.292300363512091E-003  0.112911699033743E+000  0.100445331300726E+001  0.993511897893527E+000 -0.150626657984280E+001  0.242792266143218E-002  0.587116614754312E-002  0.802054188802458E+000
     10.15000000  0.148279304729708E-003  0.257570226309060E-003  0.360401274801389E-001 -0.236884482806824E-003  0.311930219707987E-003  0.112754637745179E+000  0.100525287233991E+001  0.993083001454242E+000 -0.150031454483958E+001  0.328806787666029E-002  0.571157511599299E-002  0.799183578950543E+000
     10.16000000  0.194110222169979E-003  0.244123646962039E-003  0.359626972457305E-001 -0.257468362437431E-003  0.324427014573370E-003  0.112597734328008E+000  0.100570369689649E+001  0.992812968014238E+000 -0.149437772376583E+001  0.430012395032352E-002  0.540807140091021E-002  0.796681668877699E+000
     10.17000000  0.240303508068547E-003  0.229564387835016E-003  0.358992084304598E-001 -0.262514169465938E-003  0.328669641634241E-003  0.112448092022555E+000  0.100580975839861E+001  0.992726140403245E+000 -0.148861327510517E+001  0.531820940202148E-002  0.508053958748381E-002  0.794493219572725E+000
     10.18000000  0.281805830695717E-003  0.218379233740069E-003  0.358444113158923E-001 -0.254607024122523E-003  0.326843774768101E-003  0.112310450080327E+000  0.100562922850739E+001  0.992773654612518E+000 -0.148312547326285E+001  0.623057993458351E-002  0.482825095744648E-002  0.792501238744424E+000
     10.19000000  0.315654891521030E-003  0.212487339179174E-003  0.357919157167146E-001 -0.237455050387780E-003  0.322991233049034E-003  0.112186357042751E+000  0.100524485519702E+001  0.992865840315954E+000 -0.147794770761744E+001  0.697211617759104E-002  0.469337385486291E-002  0.790564002962254E+000
     10.20000000  0.340737794473080E-003  0.210910988146713E-003  0.357358694695701E-001 -0.214754973648861E-003  0.320988200162191E-003  0.112074329362906E+000  0.100473881041703E+001  0.992917033767237E+000 -0.147304633016379E+001  0.751876327933354E-002  0.465398854664109E-002  0.788552216634390E+000
     10.21000000  0.357148564120021E-003  0.210737930363250E-003  0.356721554851448E-001 -0.189611369242296E-003  0.322919834529309E-003  0.111970752906750E+000  0.100417989052941E+001  0.992881389109208E+000 -0.146834085696224E+001  0.787316660768563E-002  0.464561530688710E-002  0.786375339578378E+000
     10.22000000  0.365612387855785E-003  0.208752274761733E-003  0.355988741945561E-001 -0.164484934575426E-003  0.328515319111075E-003  0.111871088027792E+000  0.100362244254669E+001  0.992765125436816E+000 -0.146373073656974E+001  0.805186124056624E-002  0.459733971239793E-002  0.783992022305336E+000
     10.23000000  0.367234329919386E-003  0.202886234355891E-003  0.355161778205095E-001 -0.141370471914230E-003  0.335723368531068E-003  0.111770945752983E+000  0.100311035062785E+001  0.992613610353306E+000 -0.145911912573540E+001  0.807967543128068E-002  0.446378453623929E-002  0.781406219326932E+000
     10.24000000  0.363523453483011E-003  0.192855908819633E-003  0.354257280561204E-001 -0.121874321981741E-003  0.341957092584258E-003  0.111666776011127E+000  0.100267878915158E+001  0.992483806801737E+000 -0.145442799850686E+001  0.799022031632491E-002  0.423895951144168E-002  0.778655047762533E+000
     10.25000000  0.356439030280419E-003  0.179840004931495E-003  0.353300885700909E-001 -0.107048981161434E-003  0.345288152869668E-003  0.111556142854740E+000  0.100235063364704E+001  0.992417994629617E+000 -0.144960409789422E+001  0.782686176557115E-002  0.394901438658686E-002  0.775795285903283E+000
     10.26000000  0.348215501016535E-003  0.165560125517454E-003  0.352322534107824E-001 -0.970971863742200E-004  0.345015225939240E-003  0.111437737111389E+000  0.100213002921461E+001  0.992431371719625E+000 -0.144461909269701E+001  0.763883298623689E-002  0.363190651856763E-002  0.772892931957564E+000
     10.27000000  0.340913114304327E-003  0.151368414344458E-003  0.351353374991423E-001 -0.912038598632688E-004  0.341452240218717E-003  0.111311319740307E+000  0.100199879866414E+001  0.992516826780787E+000 -0.143946821477098E+001  0.747135788421384E-002  0.331734846352627E-002  0.770016376091635E+000
     10.28000000  0.335867244980404E-003  0.137841943031727E-003  0.350423231365170E-001 -0.877039128357817E-004  0.335226738935392E-003  0.111177702971080E+000  0.100192022504739E+001  0.992660409782829E+000 -0.143416973146458E+001  0.735361371636152E-002  0.301796742051215E-002  0.767230838734807E+000
     10.29000000  0.333316376535858E-003  0.125018952412880E-003  0.349557384143794E-001 -0.845931720622737E-004  0.326607325828443E-003  0.111038734171202E+000  0.100185031730736E+001  0.992856076052481E+000 -0.142876448082047E+001  0.729067187453612E-002  0.273455558833755E-002  0.764591351796185E+000
     10.30000000  0.332410320029956E-003  0.113016190791010E-003  0.348772396239002E-001 -0.801791013715506E-004  0.315288930647034E-003  0.110897148237928E+000  0.100175206508558E+001  0.993110340253162E+000 -0.142331253649165E+001  0.726379450316913E-002  0.246961762607994E-002  0.762133682982432E+000
     10.31000000  0.331594997985879E-003  0.102563654344137E-003  0.348072117264031E-001 -0.735856762279249E-004  0.300736874437995E-003  0.110756167007473E+000  0.100160642663214E+001  0.993434704291271E+000 -0.141788436927877E+001  0.723895006683453E-002  0.223903610422043E-002  0.759865707214014E+000
     10.32000000  0.329175773929055E-003  0.950821025301867E-004  0.347445916098788E-001 -0.649193500560729E-004  0.282833199086914E-003  0.110618848988387E+000  0.100141586139832E+001  0.993831537000857E+000 -0.141254661473802E+001  0.717917340768645E-002  0.207369726478945E-002  0.757763687069896E+000
     10.33000000  0.323800465525109E-003  0.922357795485113E-004  0.346870881194978E-001 -0.551004492239084E-004  0.262391443506794E-003  0.110487360398717E+000  0.100120055232619E+001  0.994282902184783E+000 -0.140734620878835E+001  0.705510404332934E-002  0.200967290203564E-002  0.755777219919449E+000
     10.34000000  0.314703461627047E-003  0.952225389988227E-004  0.346318189817037E-001 -0.455319370407507E-004  0.241201730062018E-003  0.110362447665503E+000  0.100099111001220E+001  0.994749675389168E+000 -0.140229900067812E+001  0.685026317709075E-002  0.207274317594180E-002  0.753843231019765E+000
     10.35000000  0.301732406209041E-003  0.104218044781353E-003  0.345761792422251E-001 -0.378087330513307E-004  0.221564487100715E-003  0.110243365046159E+000  0.100082220109411E+001  0.995181786084664E+000 -0.139738832919305E+001  0.656157174522036E-002  0.226635974097418E-002  0.751904920071065E+000
     10.36000000  0.285307490009558E-003  0.118284937026867E-003  0.345186081963598E-001 -0.335580900824973E-004  0.205580376260355E-003  0.110128341158850E+000  0.100072906081312E+001  0.995533697063521E+000 -0.139257531508965E+001  0.619840134359638E-002  0.256978010836654E-002  0.749928392753467E+000
     10.37000000  0.266450946464770E-003  0.135766211461247E-003  0.344589217079943E-001 -0.343390081868420E-004  0.194597309734365E-003  0.110015426474641E+000  0.100074530711363E+001  0.995776384732824E+000 -0.138781736251903E+001  0.578315438676105E-002  0.294672235848054E-002  0.747909763063993E+000
     10.38000000  0.246885392774971E-003  0.154889675667924E-003  0.343980438053633E-001 -0.414453447880719E-004  0.189096241494987E-003  0.109903368489455E+000  0.100089867917701E+001  0.995899736012523E+000 -0.138308715370057E+001  0.535333371528831E-002  0.335854670696918E-002  0.745869188830696E+000
     10.39000000  0.229043989364934E-003  0.174199280122570E-003  0.343372387650218E-001 -0.555258504707633E-004  0.189005464271075E-003  0.109792118054055E+000  0.100120283469667E+001  0.995905648839980E+000 -0.137838354382659E+001  0.496169000810918E-002  0.377361060641872E-002  0.743834120942671E+000
     10.40000000  0.215793080072940E-003  0.192567509962629E-003  0.342771878438018E-001 -0.761166065307488E-004  0.194154548045849E-003  0.109682715977916E+000  0.100164729869476E+001  0.995798150388538E+000 -0.137372898113683E+001  0.467014591616290E-002  0.416750328571079E-002  0.741819287125292E+000
     10.41000000  0.209797107294167E-003  0.208843265567377E-003  0.342173508102897E-001 -0.101348238011177E-003  0.204492061212335E-003  0.109576587428873E+000  0.100219124908960E+001  0.995578679494034E+000 -0.136915413782238E+001  0.453602084634891E-002  0.451539784533312E-002  0.739812948729932E+000
     10.42000000  0.212694391598945E-003  0.221461028984010E-003  0.341559435155439E-001 -0.128105971052605E-003  0.219856182406015E-003  0.109474556128061E+000  0.100276711959224E+001  0.995251053914095E+000 -0.136467657693824E+001  0.459424969279444E-002  0.478361115555046E-002  0.737776543254046E+000
     10.43000000  0.224449887429164E-003  0.228401856973462E-003  0.340905887297357E-001 -0.152737022812793E-003  0.239407234103656E-003  0.109376043032459E+000  0.100329599305599E+001  0.994833704581720E+000 -0.136028352319335E+001  0.484352291776034E-002  0.492880456025677E-002  0.735658857679437E+000
     10.44000000  0.243260428454475E-003  0.227700363704481E-003  0.340193814329162E-001 -0.172099657416399E-003  0.261107508699757E-003  0.109278854233015E+000  0.100371027228832E+001  0.994370819975211E+000 -0.135592743557469E+001  0.524441733405733E-002  0.490896008845277E-002  0.733419055512691E+000
     10.45000000  0.266164907820911E-003  0.218340833144065E-003  0.339419011008360E-001 -0.184505083765900E-003  0.281685432907683E-003  0.109179709117219E+000  0.100397391269893E+001  0.993932994711648E+000 -0.135153754937673E+001  0.573272066877629E-002  0.470267480882573E-002  0.731048429980282E+000
     10.46000000  0.290154786219135E-003  0.201088373585166E-003  0.338597054603154E-001 -0.190079476618896E-003  0.297296081755002E-003  0.109075326040737E+000  0.100409006131305E+001  0.993602890621672E+000 -0.134704334830226E+001  0.624344556824288E-002  0.432694676949871E-002  0.728580874893988E+000
     10.47000000  0.313283703726257E-003  0.178745746504435E-003  0.337760573372976E-001 -0.190316357377968E-003  0.304702203865111E-003  0.108963624504378E+000  0.100409124710130E+001  0.993449790519862E+000 -0.134240040657779E+001  0.673468672064130E-002  0.384251268430610E-002  0.726086809238819E+000
     10.48000000  0.335219188666632E-003  0.155567386038803E-003  0.336949697190150E-001 -0.186992142680947E-003  0.302467679401641E-003  0.108844542617222E+000  0.100401595049825E+001  0.993504030648649E+000 -0.133760782078268E+001  0.719935954767436E-002  0.334105440216611E-002  0.723652494119100E+000
     10.49000000  0.356921933453746E-003  0.135982180675836E-003  0.336199482469093E-001 -0.180968853502087E-003  0.291576547416569E-003  0.108720134919598E+000  0.100388288584168E+001  0.993743904402212E+000 -0.133271010130207E+001  0.765815274382753E-002  0.291764728487682E-002  0.721352976050078E+000
     10.50000000  0.379570986471132E-003  0.123149984500024E-003  0.335529285455994E-001 -0.171508714858156E-003  0.275126697569621E-003  0.108593927938529E+000  0.100367640348523E+001  0.994102476071483E+000 -0.132778314197242E+001  0.813635679510083E-002  0.263980190508986E-002  0.719229361299677E+000
     10.51000000  0.403255262190909E-003  0.117995595842214E-003  0.334937983848658E-001 -0.156502929394748E-003  0.257183950901651E-003  0.108469819431088E+000  0.100335155252890E+001  0.994492336185837E+000 -0.132291049777778E+001  0.863582042212677E-002  0.252690757402391E-002  0.717278744324693E+000
     10.52000000  0.426107067281848E-003  0.119155840758524E-003  0.334406227611878E-001 -0.133571326164440E-003  0.241291556537506E-003  0.108350968459719E+000  0.100285774697412E+001  0.994837588011008E+000 -0.131815960169492E+001  0.911652386140605E-002  0.254932891029113E-002  0.715459232552451E+000
     10.53000000  0.444370026174740E-003  0.123845032417365E-003  0.333903925473879E-001 -0.101544347657388E-003  0.229296427394124E-003  0.108239071832459E+000  0.100217046935436E+001  0.995098881619655E+000 -0.131356637544854E+001  0.949822955250774E-002  0.264713747001320E-002  0.713706133587689E+000
     10.54000000  0.453456051589881E-003  0.129214457997764E-003  0.333399380227070E-001 -0.616226480195387E-004  0.220991791002731E-003  0.108134201979266E+000  0.100131590949713E+001  0.995280871466667E+000 -0.130913191695523E+001  0.968324380720413E-002  0.275928636484429E-002  0.711951571180998E+000
     10.55000000  0.449570499205425E-003  0.133570919930520E-003  0.332866608567522E-001 -0.176350788289465E-004  0.214675785192446E-003  0.108035118250034E+000  0.100037622809294E+001  0.995420090715427E+000 -0.130482930662036E+001  0.959117071138376E-002  0.284961201278647E-002  0.710140116518557E+000
     10.56000000  0.431206522795920E-003  0.136924342474422E-003  0.332289095964227E-001  0.247783327303380E-004  0.208297071978577E-003  0.107939795535836E+000  0.999471877782944E+000  0.995560382828952E+000 -0.130061500696247E+001  0.919068071715069E-002  0.291838793608368E-002  0.708236732365764E+000
     10.57000000  0.399861453488987E-003  0.140684504531529E-003  0.331660393255669E-001  0.597459782087126E-004  0.200615467670052E-003  0.107845914389844E+000  0.998727786603742E+000  0.995728152871229E+000 -0.129643937771351E+001  0.851453291130278E-002  0.299569471748799E-002  0.706227946982841E+000
     10.58000000  0.359676219430011E-003  0.146731942508028E-003  0.330983273970777E-001  0.828618951413117E-004  0.191852505828256E-003  0.107751196697146E+000  0.998237230735155E+000  0.995918610115291E+000 -0.129225384555920E+001  0.765160130389977E-002  0.312151391158805E-002  0.704119959528381E+000
     10.59000000  0.316168403295765E-003  0.156346871949317E-003  0.330268976254167E-001  0.923251912984927E-004  0.183593338641685E-003  0.107653641374352E+000  0.998037767197159E+000  0.996098000270574E+000 -0.128801590854139E+001  0.671968293207393E-002  0.332291714152780E-002  0.701936936010830E+000
     10.60000000  0.274598548953254E-003  0.169485753247554E-003  0.329536686975181E-001  0.891142099597319E-004  0.178063009600471E-003  0.107551795389198E+000  0.998107798547773E+000  0.996219109326042E+000 -0.128369486209868E+001  0.583067249705144E-002  0.359876599446557E-002  0.699719829125072E+000
     10.61000000  0.238619509598038E-003  0.184679523371977E-003  0.328811993028654E-001  0.762120604413031E-004  0.177156232973441E-003  0.107445130950169E+000  0.998383280804359E+000  0.996241908684569E+000 -0.127927974495649E+001  0.506193822063934E-002  0.391768610831876E-002  0.697523013822348E+000
     10.62000000  0.209684732846424E-003  0.199525777737966E-003  0.328122688175387E-001  0.572794474416020E-004  0.181648376795998E-003  0.107334435320153E+000  0.998786050617420E+000  0.996150243329721E+000 -0.127478750767171E+001  0.444394391609538E-002  0.422864055978863E-002  0.695405337363234E+000
     10.63000000  0.187338724410562E-003  0.211512642889187E-003  0.327491535989562E-001  0.353461260029442E-004  0.190872877940182E-003  0.107221975065280E+000  0.999251598184616E+000  0.995958549789978E+000 -0.127026635907040E+001  0.396661974862448E-002  0.447846663314156E-002  0.693414774895479E+000
     10.64000000  0.170152786271409E-003  0.218834275913642E-003  0.326927748518254E-001  0.120145120705793E-004  0.202921812984351E-003  0.107111190586100E+000  0.999745849606990E+000  0.995707469582012E+000 -0.126578915758677E+001  0.359934696045634E-002  0.462913657256863E-002  0.691570454827012E+000
     10.65000000  0.156851767045890E-003  0.220929927768170E-003  0.326420699975349E-001 -0.125945028673583E-004  0.215232515787177E-003  0.107005848673799E+000  0.100026616913753E+001  0.995451328750503E+000 -0.126143538586807E+001  0.331486681083036E-002  0.466907895824719E-002  0.689849508931402E+000
     10.66000000  0.147168518465162E-003  0.218624106194702E-003  0.325939471709668E-001 -0.392370403787160E-004  0.225333517154261E-003  0.106908856697252E+000  0.100082844811143E+001  0.995242323964136E+000 -0.125726608253295E+001  0.310730575006303E-002  0.461601400466636E-002  0.688186308579107E+000
     10.67000000  0.142129117361933E-003  0.213879629985254E-003  0.325439823073052E-001 -0.685982247760641E-004  0.231533285283183E-003  0.106821170619218E+000  0.100144702066387E+001  0.995116004105483E+000 -0.125330089413994E+001  0.299809172075621E-002  0.451160719069473E-002  0.686487369562044E+000
     10.68000000  0.143716335933443E-003  0.209255430761636E-003  0.324876925733716E-001 -0.100393832623906E-003  0.233393810290897E-003  0.106741268230281E+000  0.100211573883114E+001  0.995081367704825E+000 -0.124950716769680E+001  0.302873418273372E-002  0.440993065926723E-002  0.684658319292833E+000
     10.69000000  0.154075651666438E-003  0.207196649640658E-003  0.324219334677878E-001 -0.132844341129997E-003  0.231889327869998E-003  0.106665462314501E+000  0.100279699461007E+001  0.995117645248056E+000 -0.124580678888108E+001  0.324401298232335E-002  0.436245840311840E-002  0.682633316451765E+000
     10.70000000  0.174550049845184E-003  0.209309037576425E-003  0.323458758866831E-001 -0.162685889437603E-003  0.229197293487213E-003  0.106588978952761E+000  0.100342209753828E+001  0.995178835137247E+000 -0.124209907658612E+001  0.367166014179940E-002  0.440281541752281E-002  0.680395470239401E+000
     10.71000000  0.204845199597323E-003  0.215797863472272E-003  0.322611813220283E-001 -0.185710842605730E-003  0.228127351012104E-003  0.106507394996551E+000  0.100390277994960E+001  0.995205821916516E+000 -0.123829109730188E+001  0.430489532298262E-002  0.453506948172374E-002  0.677980293705201E+000
     10.72000000  0.242565054777569E-003  0.225260385557889E-003  0.321713321866024E-001 -0.197697042119061E-003  0.231287639354258E-003  0.106417881435855E+000  0.100415079860144E+001  0.995143941458748E+000 -0.123432373442594E+001  0.509283638914134E-002  0.472951179902322E-002  0.675461398993875E+000
     10.73000000  0.283260982920143E-003  0.234966815044084E-003  0.320804223152217E-001 -0.195505319189071E-003  0.240203272765916E-003  0.106319804605852E+000  0.100410095620558E+001  0.994961451145489E+000 -0.123018414170677E+001  0.594173545008570E-002  0.492870793622415E-002  0.672924949137139E+000
     10.74000000  0.321032488716765E-003  0.241625210240066E-003  0.319919037923365E-001 -0.178089847687178E-003  0.254682738567045E-003  0.106214531808109E+000  0.100373216775723E+001  0.994662701341222E+000 -0.122590145430253E+001  0.672776757895998E-002  0.506365652339539E-002  0.670443337319612E+000
     10.75000000  0.349610049873315E-003  0.242433679806160E-003  0.319077449485391E-001 -0.147163002786006E-003  0.272705586232134E-003  0.106104617817038E+000  0.100308117561460E+001  0.994290318990795E+000 -0.122152956127271E+001  0.731984221507540E-002  0.507587320342835E-002  0.668057621761185E+000
     10.76000000  0.363736277820525E-003  0.236064187763157E-003  0.318282287843232E-001 -0.107288210681388E-003  0.290948726555022E-003  0.105992758381059E+000  0.100224422298740E+001  0.993914020784357E+000 -0.121712510019822E+001  0.760852763647553E-002  0.493792070271406E-002  0.665773454813541E+000
     10.77000000  0.360547551438369E-003  0.223191328388592E-003  0.317523432819293E-001 -0.652592967254811E-004  0.305821530309309E-003  0.105880912252808E+000  0.100136380714522E+001  0.993608855609465E+000 -0.121272909636157E+001  0.753482417855201E-002  0.466431518083121E-002  0.663569404179579E+000
     10.78000000  0.340576973059208E-003  0.206322016488306E-003  0.316785179750924E-001 -0.287796520266016E-004  0.314648863132758E-003  0.105769849477682E+000  0.100060088733893E+001  0.993430479357807E+000 -0.120835760392402E+001  0.711087093241469E-002  0.430777576236438E-002  0.661412457300513E+000
     10.79000000  0.308003911754626E-003  0.188955711819367E-003  0.316054064135986E-001 -0.466807539702805E-005  0.316545680252726E-003  0.105659185053281E+000  0.100009737392874E+001  0.993397001142772E+000 -0.120400252376034E+001  0.642482145298519E-002  0.394153017098141E-002  0.659274396872507E+000
     10.80000000  0.269912454476864E-003  0.174390326457218E-003  0.315324745732167E-001  0.296489723886317E-005  0.312631008825991E-003  0.105547803103853E+000  0.999938210857860E+000  0.993484697685828E+000 -0.119964055517290E+001  0.562503779097509E-002  0.363433461639844E-002  0.657144041245078E+000
     10.81000000  0.234595208454647E-003  0.164648161174427E-003  0.314602562263757E-001 -0.600224372677091E-005  0.305499474025185E-003  0.105434504964164E+000  0.100012497242812E+001  0.993639210135797E+000 -0.119524675992731E+001  0.488449555892141E-002  0.342813144965210E-002  0.655032482685890E+000
     10.82000000  0.209286247783335E-003  0.159945677959727E-003  0.313902204854039E-001 -0.274846259790542E-004  0.298183758266041E-003  0.105318697671579E+000  0.100057172718909E+001  0.993797268259180E+000 -0.119080889163139E+001  0.435351160503035E-002  0.332714343415909E-002  0.652970229124385E+000
     10.83000000  0.198000699665292E-003  0.158889406945639E-003  0.313242621040125E-001 -0.542844020267473E-004  0.293052490299121E-003  0.105200931542945E+000  0.100112816566228E+001  0.993909636203792E+000 -0.118633850933182E+001  0.411494982224711E-002  0.330211932570518E-002  0.650996521703317E+000
     10.84000000  0.200252624841920E-003  0.159261799688288E-003  0.312639086202247E-001 -0.783005263832667E-004  0.291095296473069E-003  0.105083087583351E+000  0.100162577961931E+001  0.993955892480633E+000 -0.118187475894022E+001  0.415791120723916E-002  0.330680520333629E-002  0.649142832143897E+000
     10.85000000  0.211222375428021E-003  0.159016392100815E-003  0.312094607261170E-001 -0.932000595190217E-004  0.291851161320728E-003  0.104968051106103E+000  0.100193335999087E+001  0.993945783280615E+000 -0.117747747561462E+001  0.438163765063546E-002  0.329866667432957E-002  0.647415066213870E+000
     10.86000000  0.223468931109132E-003  0.157042033715858E-003  0.311594012318422E-001 -0.966162918342394E-004  0.293937404465957E-003  0.104858843740950E+000  0.100200238145934E+001  0.993908120486365E+000 -0.117320909929645E+001  0.463141397683331E-002  0.325471047045354E-002  0.645781432159961E+000
     10.87000000  0.229685912624576E-003  0.153397787397617E-003  0.311104258658015E-001 -0.910008866584625E-004  0.295878982970693E-003  0.104757423499536E+000  0.100188426662283E+001  0.993873522418528E+000 -0.116910981685440E+001  0.475588222031195E-002  0.317625840167204E-002  0.644173251858665E+000
     10.88000000  0.225525121471361E-003  0.148982981079108E-003  0.310582796083776E-001 -0.826948392589113E-004  0.296836818754567E-003  0.104663608043530E+000  0.100171070761070E+001  0.993859338629455E+000 -0.116517539000512E+001  0.466543674506826E-002  0.308200997645642E-002  0.642502431561397E+000
     10.89000000  0.211388564506928E-003  0.144860039001089E-003  0.309992351495099E-001 -0.794603415412881E-004  0.296921429948214E-003  0.104574671769372E+000  0.100164228612296E+001  0.993863228693037E+000 -0.116134903183397E+001  0.436897827655088E-002  0.299396689225981E-002  0.640692107795936E+000
     10.90000000  0.192420647666768E-003  0.141577925776803E-003  0.309316680179884E-001 -0.873632147880791E-004  0.296995406773078E-003  0.104485987401151E+000  0.100180396615116E+001  0.993867331208350E+000 -0.115753489611823E+001  0.397330084541222E-002  0.292344766012255E-002  0.638709120752580E+000
     10.91000000  0.176620335703057E-003  0.138807503074380E-003  0.308569873999734E-001 -0.108221566626273E-003  0.298103757378368E-003  0.104392639607628E+000  0.100223262272760E+001  0.993850086959061E+000 -0.115363154542916E+001  0.364369679667145E-002  0.286361393376815E-002  0.636583016880022E+000
     10.92000000  0.171764988578692E-003  0.135433634471455E-003  0.307793449917717E-001 -0.138665441191664E-003  0.300819943110577E-003  0.104291417702818E+000  0.100285806350838E+001  0.993799734853833E+000 -0.114957304871705E+001  0.354028546446705E-002  0.279145203854843E-002  0.634399760870150E+000
     10.93000000  0.182355088700434E-003  0.130040602427915E-003  0.307040617196875E-001 -0.171223760241962E-003  0.304806076152758E-003  0.104182281582752E+000  0.100352590124244E+001  0.993723323672529E+000 -0.114535900598195E+001  0.375512156085168E-002  0.267784284739866E-002  0.632269080018522E+000
     10.94000000  0.207806802009466E-003  0.121568532500960E-003  0.306353626334846E-001 -0.197023544822496E-003  0.308773580051719E-003  0.104068514538939E+000  0.100405347111030E+001  0.993647435449959E+000 -0.114105739268490E+001  0.427532084669181E-002  0.250109465271214E-002  0.630277754367893E+000
     10.95000000  0.242609871413435E-003  0.109863854294899E-003  0.305744491483550E-001 -0.209015546934905E-003  0.310857544232391E-003  0.103955340564127E+000  0.100429626189141E+001  0.993610401520236E+000 -0.113677582659965E+001  0.498678476466428E-002  0.225822383727935E-002  0.628450096909685E+000
     10.96000000  0.278347633955737E-003  0.959011799052922E-004  0.305188853258514E-001 -0.204433146608151E-003  0.309256781196492E-003  0.103847545818217E+000  0.100419823780042E+001  0.993649104705395E+000 -0.113261254140175E+001  0.571614524316835E-002  0.196942602148018E-002  0.626735635230536E+000
     10.97000000  0.306708926231211E-003  0.815836191793582E-004  0.304636942927476E-001 -0.185542789354101E-003  0.302895990195825E-003  0.103747206651894E+000  0.100380683215682E+001  0.993785400124349E+000 -0.112860981467971E+001  0.629283092716127E-002  0.167387342856332E-002  0.625031947901229E+000
     10.98000000  0.322250557386740E-003  0.691835097276961E-004  0.304037131473223E-001 -0.158491218352280E-003  0.291859391146495E-003  0.103652656488714E+000  0.100324884610225E+001  0.994017294742334E+000 -0.112473304528615E+001  0.660568123708474E-002  0.141816422547084E-002  0.623233173291130E+000
     10.99000000  0.323849333098161E-003  0.606176491030599E-004  0.303360804443801E-001 -0.130852468083506E-003  0.277422457023366E-003  0.103559254087505E+000  0.100267985009743E+001  0.994318405992853E+000 -0.112088683706900E+001  0.663241343145530E-002  0.124144553965321E-002  0.621280968752309E+000
     11.00000000  0.314410167469261E-003  0.568220098079748E-004  0.302616122628111E-001 -0.108966295519847E-003  0.261646702443948E-003  0.103461611514868E+000  0.100222959394857E+001  0.994646363798546E+000 -0.111696086246464E+001  0.643324620163809E-002  0.116265317279326E-002  0.619192450779149E+000
     11.01000000  0.299163893829333E-003  0.574749558933687E-004  0.301843603613926E-001 -0.961374405647201E-004  0.246664182048123E-003  0.103356174376170E+000  0.100196531202933E+001  0.994957509984280E+000 -0.111288267727975E+001  0.611572760654821E-002  0.117494517785205E-002  0.617050819820786E+000
     11.02000000  0.283438761265195E-003  0.612081792838919E-004  0.301095781429368E-001 -0.922784689744164E-004  0.233913235673676E-003  0.103242843951490E+000  0.100188471228483E+001  0.995222513401470E+000 -0.110865067960698E+001  0.578900496822461E-002  0.125012701999112E-002  0.614963516925348E+000
     11.03000000  0.270891894236652E-003  0.662630099206437E-004  0.300411534791208E-001 -0.948882630583323E-004  0.223640214375954E-003  0.103124822319056E+000  0.100193625815524E+001  0.995436472594524E+000 -0.110433062833123E+001  0.552772937872505E-002  0.135214081504080E-002  0.613009728937309E+000
     11.04000000  0.262837901010893E-003  0.713537733603067E-004  0.299798448574835E-001 -0.100698978994228E-003  0.214913462368703E-003  0.103006797421425E+000  0.100205296842214E+001  0.995618520106742E+000 -0.110001833666714E+001  0.535852415094279E-002  0.145470237108709E-002  0.611204556468000E+000
     11.05000000  0.258720733230761E-003  0.763715031814036E-004  0.299232183342597E-001 -0.107140217015405E-003  0.206206913170432E-003  0.102892461706857E+000  0.100218231038421E+001  0.995799826615595E+000 -0.109578899403755E+001  0.526981332003855E-002  0.155559069314231E-002  0.609498019687721E+000
     11.06000000  0.257245007107907E-003  0.825751235224048E-004  0.298672620056090E-001 -0.113002658914477E-003  0.196360082056979E-003  0.102782695856502E+000  0.100229963977110E+001  0.996004010361409E+000 -0.109166029758440E+001  0.523501707788089E-002  0.168042982333408E-002  0.607808207540134E+000
     11.07000000  0.257456330983888E-003  0.920978555437646E-004  0.298087563609745E-001 -0.118174156977111E-003  0.185514376170403E-003  0.102675363507095E+000  0.100240270895749E+001  0.996228134265816E+000 -0.108758853816060E+001  0.523458468790040E-002  0.187252736250647E-002  0.606069615830405E+000
     11.08000000  0.259207316676049E-003  0.106890468678248E-003  0.297470951572237E-001 -0.122804130590021E-003  0.175571539440112E-003  0.102566770712598E+000  0.100249459179701E+001  0.996433513107647E+000 -0.108349852432815E+001  0.526542912521739E-002  0.217132831821251E-002  0.604270061663471E+000
     11.09000000  0.262850876007975E-003  0.127507154334548E-003  0.296845854677407E-001 -0.126496246024689E-003  0.169873293512234E-003  0.102453941955979E+000  0.100256727485219E+001  0.996552376468087E+000 -0.107932991656069E+001  0.533462822067308E-002  0.258779150437436E-002  0.602456532617326E+000
     11.10000000  0.268439605805379E-003  0.152273172242300E-003  0.296251089745598E-001 -0.128044523382190E-003  0.172120562652864E-003  0.102336448169532E+000  0.100259635638271E+001  0.996509914601304E+000 -0.107507422707648E+001  0.544314481787099E-002  0.308764023812631E-002  0.600707775255225E+000
     11.11000000  0.274964723510732E-003  0.177269172788290E-003  0.295719166851518E-001 -0.125890576606859E-003  0.184903299343176E-003  0.102216806761628E+000  0.100255038320209E+001  0.996254093980923E+000 -0.107078269051618E+001  0.557043609546939E-002  0.359124831035044E-002  0.599089475958736E+000
     11.12000000  0.280135300945950E-003  0.197247387568182E-003  0.295257664121332E-001 -0.119076057480991E-003  0.208430051763279E-003  0.102099279111230E+000  0.100241016033775E+001  0.995781269093207E+000 -0.106654165608042E+001  0.567008184369986E-002  0.399238806102257E-002  0.597616621287800E+000
     11.13000000  0.280917816642692E-003  0.207193180301651E-003  0.294843755716780E-001 -0.108191287427161E-003  0.240011425352160E-003  0.101987754339890E+000  0.100218787950429E+001  0.995146410669361E+000 -0.106242963472942E+001  0.568081171820418E-002  0.418992807453970E-002  0.596242660053718E+000
     11.14000000  0.274674587043988E-003  0.203948059949965E-003  0.294434139214040E-001 -0.957960429031267E-004  0.274561384633386E-003  0.101883853706624E+000  0.100193547985083E+001  0.994452714207505E+000 -0.105847903522931E+001  0.554957295361471E-002  0.412060194436284E-002  0.594879836969187E+000
     11.15000000  0.260434739711888E-003  0.187263521956735E-003  0.293984407549180E-001 -0.860090477441883E-004  0.305959667468999E-003  0.101786197929084E+000  0.100173618319196E+001  0.993823881951849E+000 -0.105466158099467E+001  0.525714944589226E-002  0.378011136985711E-002  0.593438481731702E+000
     11.16000000  0.239732603116643E-003  0.159887504059075E-003  0.293467529150445E-001 -0.833227609888817E-004  0.328761709286877E-003  0.101691098135532E+000  0.100168045053475E+001  0.993369545324463E+000 -0.105090251707170E+001  0.483491877038037E-002  0.322460560004999E-002  0.591864288269655E+000
     11.17000000  0.216591698942716E-003  0.126688841216483E-003  0.292882650452406E-001 -0.910444740435170E-004  0.339615746081981E-003  0.101594172108133E+000  0.100183453792288E+001  0.993156773412768E+000 -0.104711338534445E+001  0.436430315695868E-002  0.255276869968487E-002  0.590155893428734E+000
     11.18000000  0.196556863686625E-003  0.932089773226248E-004  0.292251545494050E-001 -0.109953584352388E-003  0.337903231227562E-003  0.101491977048146E+000  0.100221357307381E+001  0.993197370521357E+000 -0.104322495646244E+001  0.395706045866051E-002  0.187647254660911E-002  0.588357492567997E+000
     11.19000000  0.185054725929599E-003  0.642185619038886E-004  0.291606860932478E-001 -0.137722528266061E-003  0.325472152866853E-003  0.101382883722347E+000  0.100277013653846E+001  0.993453487136360E+000 -0.103920472641111E+001  0.372217141498779E-002  0.129168544185796E-002  0.586534992135310E+000
     11.20000000  0.185647681535821E-003  0.427777290661657E-004  0.290979905380346E-001 -0.169386655997626E-003  0.305705921809971E-003  0.101266962592441E+000  0.100340398350699E+001  0.993856553164108E+000 -0.103505446422329E+001  0.373076404594736E-002  0.859658533018279E-003  0.584751374272723E+000
     11.21000000  0.198824529542548E-003  0.300163263309299E-004  0.290394377003873E-001 -0.198759616270984E-003  0.282389661896967E-003  0.101145250876520E+000  0.100399069753285E+001  0.994330177587497E+000 -0.103079534316368E+001  0.399200086215267E-002  0.602668095669180E-003  0.583054116124876E+000
     11.22000000  0.221800808724219E-003  0.255206669147759E-004  0.289867443570513E-001 -0.220320605436460E-003  0.258819489237851E-003  0.101019060448051E+000  0.100441965668378E+001  0.994808051279466E+000 -0.102645397063142E+001  0.444934973197056E-002  0.511947513402232E-003  0.581477425522402E+000
     11.23000000  0.249435451190063E-003  0.279971848282311E-004  0.289414377956878E-001 -0.230895675482756E-003  0.237392508793138E-003  0.100889822941731E+000  0.100462766932267E+001  0.995242119506669E+000 -0.102205925953781E+001  0.499924818013767E-002  0.561126634701426E-003  0.580051590663482E+000
     11.24000000  0.275942140329539E-003  0.358620108466308E-004  0.289050800631162E-001 -0.230510623276532E-003  0.219647993166432E-003  0.100759490405888E+000  0.100461584173172E+001  0.995601676145184E+000 -0.101765044088284E+001  0.552558154920473E-002  0.718115997849678E-003  0.578807487991145E+000
     11.25000000  0.296755926621701E-003  0.475491929444043E-004  0.288788697873088E-001 -0.222102396372332E-003  0.206543236562134E-003  0.100631043135388E+000  0.100444351854924E+001  0.995867767669896E+000 -0.101328717791757E+001  0.593708346275121E-002  0.951298699612038E-003  0.577768613382222E+000
     11.26000000  0.309848852402873E-003  0.615313080440975E-004  0.288627269470335E-001 -0.210224988977505E-003  0.198712975316357E-003  0.100508505550129E+000  0.100420215650642E+001  0.996027955448124E+000 -0.100904979280784E+001  0.619352331739988E-002  0.122994030207258E-002  0.576932820515234E+000
     11.27000000  0.316014683033317E-003  0.761908374158045E-004  0.288544126605488E-001 -0.199288875596515E-003  0.196556739134300E-003  0.100396135495176E+000  0.100398002148325E+001  0.996074542334137E+000 -0.100502298439771E+001  0.631116625917737E-002  0.152161614055888E-002  0.576254855830344E+000
     11.28000000  0.318075346968630E-003  0.897132108315814E-004  0.288493523505888E-001 -0.192051468628519E-003  0.200138831031607E-003  0.100296973139095E+000  0.100383208213042E+001  0.996006547393386E+000 -0.100126685437951E+001  0.634668853067767E-002  0.179008468170034E-002  0.575643021145612E+000
     11.29000000  0.319413030555073E-003  0.100113675790226E-003  0.288415299596862E-001 -0.188943807388697E-003  0.208985727097946E-003  0.100211397988365E+000  0.100376673438098E+001  0.995833715143817E+000 -0.997788249243574E+000  0.636773472786289E-002  0.199584008503220E-002  0.574977206189231E+000
     11.30000000  0.322497233563594E-003  0.105425306557046E-003  0.288252647452540E-001 -0.188431470205843E-003  0.221891439608100E-003  0.100136465778968E+000  0.100375319620627E+001  0.995580344894450E+000 -0.994527788063336E+000  0.642353101752109E-002  0.209987142902830E-002  0.574144404692651E+000
     11.31000000  0.328033124425820E-003  0.104019523245457E-003  0.287971800530199E-001 -0.188144623755358E-003  0.236817104379996E-003  0.100066496456773E+000  0.100374416934679E+001  0.995287224660915E+000 -0.991371856373064E+000  0.652801841845126E-002  0.207003900844903E-002  0.573077862531783E+000
     11.32000000  0.335031339197291E-003  0.950117073313963E-004  0.287575027068647E-001 -0.186191547578309E-003  0.250944266255102E-003  0.999948134353604E-001  0.100370202894761E+001  0.995010498865300E+000 -0.988187427214224E+000  0.666139646078132E-002  0.188910879939339E-002  0.571782709078478E+000
     11.33000000  0.341653912797749E-003  0.786904474910180E-004  0.287100851184806E-001 -0.182040044310262E-003  0.260935653358198E-003  0.999159900065097E-001  0.100361629039758E+001  0.994816420193700E+000 -0.984866772549450E+000  0.678707681502808E-002  0.156321380123234E-002  0.570336079190388E+000
     11.34000000  0.346346730987556E-003  0.568671378924421E-004  0.286610874091310E-001 -0.176613112376447E-003  0.263450791954709E-003  0.998277144331390E-001  0.100350538855954E+001  0.994771071186662E+000 -0.981364369779063E+000  0.687423403675957E-002  0.112868977789593E-002  0.568860638691774E+000
     11.35000000  0.348688197191869E-003  0.329817575312581E-004  0.286168203461859E-001 -0.171653492008620E-003  0.255910666373051E-003  0.997315478519484E-001  0.100340394909588E+001  0.994925201513617E+000 -0.977711657184152E+000  0.691460954093087E-002  0.654039847459522E-003  0.567481608469699E+000
     11.36000000  0.349587273971213E-003  0.117771909846840E-004  0.285815694826232E-001 -0.168752858861084E-003  0.237384237944949E-003  0.996323181157609E-001  0.100334348272102E+001  0.995296730952186E+000 -0.974004685452089E+000  0.692633605083642E-002  0.233340251686392E-003  0.566283643131931E+000
     11.37000000  0.350824266498557E-003 -0.156531450124234E-005  0.285561757839551E-001 -0.168549816986528E-003  0.209320283081920E-003  0.995364316969569E-001  0.100333652279370E+001  0.995856406680395E+000 -0.970370416876664E+000  0.694473113458362E-002 -0.309861357673147E-004  0.565282912242022E+000
     11.38000000  0.354244634317935E-003 -0.273574662525320E-005  0.285378004899307E-001 -0.170445027618152E-003  0.175765570258573E-003  0.994497551640559E-001  0.100337107449310E+001  0.996523695416972E+000 -0.966924689228101E+000  0.700627684922005E-002 -0.541078011887135E-004  0.564422750637380E+000
     11.39000000  0.361030299951772E-003  0.102980462847071E-004  0.285208401670794E-001 -0.172873833878234E-003  0.142789082531999E-003  0.993757900306844E-001  0.100341610975090E+001  0.997178386305110E+000 -0.963736198306869E+000  0.713421516932819E-002  0.203496709358233E-003  0.563592060248526E+000
     11.40000000  0.371350876348477E-003  0.363077122991774E-004  0.284985854754641E-001 -0.173900036150814E-003  0.117094268171542E-003  0.993146646362840E-001  0.100343337386107E+001  0.997688163795014E+000 -0.960806801028105E+000  0.733172010979954E-002  0.716836828344774E-003  0.562658298496185E+000
     11.41000000  0.384440337896258E-003  0.707297888904613E-004  0.284650562195823E-001 -0.171794816008771E-003  0.104159643441292E-003  0.992631282418489E-001  0.100338883704344E+001  0.997945339292968E+000 -0.958071691849794E+000  0.758349808405969E-002  0.139522096321095E-002  0.561503770611359E+000
     11.42000000  0.398919192875753E-003  0.106697799754710E-003  0.284165007443153E-001 -0.165369577661745E-003  0.106532494169416E-003  0.992154122334627E-001  0.100325923585105E+001  0.997900372431204E+000 -0.955416667927755E+000  0.786221839274325E-002  0.210288554343384E-002  0.560055115921543E+000
     11.43000000  0.413115389217106E-003  0.136941002879872E-003  0.283522380329580E-001 -0.154044057229345E-003  0.122944661533181E-003  0.991646241208126E-001  0.100303336725102E+001  0.997579028255353E+000 -0.952705795202286E+000  0.813488501331577E-002  0.269658149057831E-002  0.558299696134200E+000
     11.44000000  0.425243385773760E-003  0.155914423680649E-003  0.282747419515264E-001 -0.137800446744459E-003  0.148659218581857E-003  0.991042832961791E-001  0.100271113333279E+001  0.997075227459373E+000 -0.949811718427253E+000  0.836638447086499E-002  0.306751393838172E-002  0.556286987393191E+000
     11.45000000  0.433481925910906E-003  0.161374365029835E-003  0.281890467769080E-001 -0.117194008259173E-003  0.176981079089858E-003  0.990296550178483E-001  0.100230370145731E+001  0.996521054481604E+000 -0.946641846034361E+000  0.852102389254664E-002  0.317216183160168E-002  0.554116623407999E+000
     11.46000000  0.436107566114328E-003  0.154803886091851E-003  0.281016684536995E-001 -0.934641906100049E-004  0.201383264150041E-003  0.989386370792227E-001  0.100183563744081E+001  0.996044831103615E+000 -0.943155612647513E+000  0.856515603842964E-002  0.304034954391136E-002  0.551916990091963E+000
     11.47000000  0.431806594774484E-003  0.140553993144936E-003  0.280192960592839E-001 -0.686229646066749E-004  0.217442094226467E-003  0.988320663163856E-001  0.100134658053951E+001  0.995733158801364E+000 -0.939370266853007E+000  0.847329113059168E-002  0.275807483696774E-002  0.549819422995488E+000
     11.48000000  0.420126261714408E-003  0.124090721622623E-003  0.279475256508396E-001 -0.453218677145388E-004  0.223866722739031E-003  0.987134271869930E-001  0.100088857110449E+001  0.995610915632684E+000 -0.935354905854974E+000  0.823690803630236E-002  0.243289685818012E-002  0.547933370527197E+000
     11.49000000  0.401854060046334E-003  0.110083461540208E-003  0.278898853279545E-001 -0.263852633172480E-004  0.222309423534660E-003  0.985880575906259E-001  0.100051685375936E+001  0.995645241060750E+000 -0.931214692880921E+000  0.787181007640750E-002  0.215639503977665E-002  0.546327391414506E+000
     11.50000000  0.379062456615529E-003  0.101081773015207E-003  0.278473312430443E-001 -0.141012501519241E-004  0.216162064786492E-003  0.984620442471348E-001  0.100027598536451E+001  0.995769342037004E+000 -0.927069081055009E+000  0.741889471743116E-002  0.197834161300683E-002  0.545019468554549E+000
     11.51000000  0.354682429080241E-003  0.972166498588558E-004  0.278182850159954E-001 -0.955320570084576E-005  0.208939833216493E-003  0.983410568882845E-001  0.100018680998304E+001  0.995914246178598E+000 -0.923028954300191E+000  0.693570521087294E-002  0.190104152257606E-002  0.543977960349816E+000
     11.52000000  0.331712318325923E-003  0.968903125070364E-004  0.277991588518489E-001 -0.123205046650953E-004  0.202955301038189E-003  0.982293664964114E-001  0.100024071452334E+001  0.996034716931072E+000 -0.919177483156457E+000  0.648090112888997E-002  0.189301542636224E-002  0.543132075692527E+000
     11.53000000  0.312385602632986E-003  0.980120347381838E-004  0.277852128913729E-001 -0.207279083309447E-004  0.198774496488861E-003  0.981292279251465E-001  0.100040462475321E+001  0.996119768560219E+000 -0.915558193240772E+000  0.609800783341055E-002  0.191327049186754E-002  0.542388779881241E+000
     11.54000000  0.297674294085921E-003  0.991704166840264E-004  0.277715393314645E-001 -0.325519817069888E-004  0.195549450656444E-003  0.980407067500627E-001  0.100063488914160E+001  0.996186031806461E+000 -0.912171759938906E+000  0.580579636438090E-002  0.193420545904467E-002  0.541652085138861E+000
     11.55000000  0.287348983446378E-003  0.100249005591447E-003  0.277539745600434E-001 -0.458531837651298E-004  0.191937256115626E-003  0.979619312011957E-001  0.100089353956441E+001  0.996259724665978E+000 -0.908981103305472E+000  0.559956069390430E-002  0.195354925074100E-002  0.540840838140775E+000
     11.56000000  0.280532277126139E-003  0.102301644215344E-003  0.277297843440120E-001 -0.595361852325884E-004  0.187110014879589E-003  0.978896796768514E-001  0.100115917617225E+001  0.996356947123984E+000 -0.905922990324927E+000  0.546199475029389E-002  0.199182443237857E-002  0.539901996538075E+000
     11.57000000  0.276429360488174E-003  0.106843651494603E-003  0.276980206779597E-001 -0.733918413968667E-004  0.181393683536108E-003  0.978201762673935E-001  0.100142771229918E+001  0.996471297244366E+000 -0.902923623482432E+000  0.537745872445772E-002  0.207845984546622E-002  0.538817449354397E+000
     11.58000000  0.274842269954856E-003  0.114937601821375E-003  0.276594979955491E-001 -0.876582842852170E-004  0.176292181346710E-003  0.977499460966678E-001  0.100170376888293E+001  0.996573499751541E+000 -0.899915311209442E+000  0.534196751718301E-002  0.223398291512274E-002  0.537603403792587E+000
     11.59000000  0.276215743356255E-003  0.126489466102784E-003  0.276163879328049E-001 -0.102393675141177E-003  0.173934433682779E-003  0.976765655218779E-001  0.100198845593201E+001  0.996622242966072E+000 -0.896851010209632E+000  0.536403086064449E-002  0.245638931176590E-002  0.536302367602687E+000
     11.60000000  0.281237459594005E-003  0.140043761517701E-003  0.275715017627485E-001 -0.117035119538177E-003  0.176206260276927E-003  0.975991353012268E-001  0.100227082930072E+001  0.996581074634813E+000 -0.893713417316848E+000  0.545684292224029E-002  0.271726536694283E-002  0.534969112815856E+000
     11.61000000  0.290263168563232E-003  0.153153051132976E-003  0.275274197467711E-001 -0.130386031907460E-003  0.183927467164377E-003  0.975183339667266E-001  0.100252769764739E+001  0.996434334113558E+000 -0.890515876114522E+000  0.562711754906856E-002  0.296906502464512E-002  0.533653744305103E+000
     11.62000000  0.302916878001864E-003  0.163183421667502E-003  0.274857084106610E-001 -0.141012410667710E-003  0.196399723091669E-003  0.974359995237498E-001  0.100273135081500E+001  0.996195820345224E+000 -0.887294142762022E+000  0.586737194046360E-002  0.316079393052127E-002  0.532386558835077E+000
     11.63000000  0.318089920057422E-003  0.168264682902665E-003  0.274464886717667E-001 -0.147794380515369E-003  0.211515458703879E-003  0.973543363559675E-001  0.100286025321390E+001  0.995906557688878E+000 -0.884090940930532E+000  0.615596961793444E-002  0.325641339258153E-002  0.531169772219995E+000
     11.64000000  0.334314684229610E-003  0.168033641581884E-003  0.274085364210716E-001 -0.150307894530493E-003  0.226427733807004E-003  0.972750022841112E-001  0.100290639800376E+001  0.995621726220119E+000 -0.880938278971485E+000  0.646440783371177E-002  0.324914830310896E-002  0.529979584831101E+000
     11.65000000  0.350271620600611E-003  0.163863753723685E-003  0.273699138990851E-001 -0.148835814974558E-003  0.238581867178224E-003  0.971984196534211E-001  0.100287546310797E+001  0.995390670199783E+000 -0.877844186322098E+000  0.676714218938770E-002  0.316579835738211E-002  0.528778491242932E+000
     11.66000000  0.365129161283714E-003  0.158424590352314E-003  0.273289073705720E-001 -0.144042941142957E-003  0.246751663289930E-003  0.971236073888193E-001  0.100278047955169E+001  0.995236920680189E+000 -0.874789574470148E+000  0.704813549778155E-002  0.305809038932396E-002  0.527533439062797E+000
     11.67000000  0.378542244184084E-003  0.154647061409572E-003  0.272848872695672E-001 -0.136548429430043E-003  0.251663483585164E-003  0.970486388947054E-001  0.100263355339916E+001  0.995146269895556E+000 -0.871737184465604E+000  0.730078857776812E-002  0.298261427058946E-002  0.526232399114948E+000
     11.68000000  0.390359907211872E-003  0.154424276352872E-003  0.272387034027587E-001 -0.126672512556898E-003  0.255879947836285E-003  0.969715617009979E-001  0.100244098897352E+001  0.995069173898849E+000 -0.868649386354352E+000  0.752226517005036E-002  0.297576757745503E-002  0.524891891043243E+000
     11.69000000  0.400273113839343E-003  0.157555046557846E-003  0.271924059037626E-001 -0.114503216814534E-003  0.262860875203382E-003  0.968913910640699E-001  0.100220459821840E+001  0.994938983957992E+000 -0.865507311152066E+000  0.770669521950749E-002  0.303350058281452E-002  0.523551488570742E+000
     11.70000000  0.407660255274831E-003  0.161434771029523E-003  0.271483764136145E-001 -0.100211681016991E-003  0.275459798301243E-003  0.968087278467324E-001  0.100192778572961E+001  0.994700942416509E+000 -0.862322656910345E+000  0.784221574445364E-002  0.310554263431076E-002  0.522257007379023E+000
     11.71000000  0.411748557139954E-003  0.161767027495755E-003  0.271082294402697E-001 -0.843806467779501E-004  0.294416878026175E-003  0.967256968847052E-001  0.100162185577051E+001  0.994341099164363E+000 -0.859136373559847E+000  0.791409877617246E-002  0.310927679558098E-002  0.521039361807695E+000
     11.72000000  0.411997130506037E-003  0.154161106179778E-003  0.270719644407850E-001 -0.681017097032788E-004  0.317517574368823E-003  0.966451986808791E-001  0.100130784621216E+001  0.993902294689216E+000 -0.856004167421668E+000  0.791211981166179E-002  0.296055737304425E-002  0.519898344751699E+000
     11.73000000  0.408457597455821E-003  0.136054541912388E-003  0.270377486421882E-001 -0.527456879463853E-004  0.339903116684205E-003  0.965697768092898E-001  0.100101208088960E+001  0.993477960718565E+000 -0.852974706126974E+000  0.783745827750759E-002  0.261060585565208E-002  0.518798593099515E+000
     11.74000000  0.401875319921400E-003  0.108160997119605E-003  0.270024324193200E-001 -0.395206104694650E-004  0.355573889993704E-003  0.965005756429933E-001  0.100075767302057E+001  0.993183082445660E+000 -0.850069666578408E+000  0.770458967917108E-002  0.207361850998849E-002  0.517679618074325E+000
     11.75000000  0.393452565594143E-003  0.747435297323745E-004  0.269625775481540E-001 -0.290695562152190E-004  0.359591732437790E-003  0.964368142493459E-001  0.100055683536605E+001  0.993111921197571E+000 -0.847273772123273E+000  0.753669239962064E-002  0.143173292466438E-002  0.516475608627672E+000
     11.76000000  0.384403415943748E-003  0.424553669762244E-004  0.269155700422026E-001 -0.213388247528942E-004  0.350109639806937E-003  0.963759607127447E-001  0.100040840349548E+001  0.993299256057672E+000 -0.844538286029697E+000  0.735709208754044E-002  0.812552728459919E-003  0.515136752629967E+000
     11.77000000  0.375556447639104E-003  0.181052819488040E-004  0.268603892334667E-001 -0.157797661399344E-004  0.329342401095558E-003  0.963144820341750E-001  0.100030175215144E+001  0.993702075353279E+000 -0.841795493751913E+000  0.718166321722775E-002  0.346222354127211E-003  0.513643875830299E+000
     11.78000000  0.367224795717018E-003  0.621424581664362E-005  0.267977988019240E-001 -0.117413421982406E-004  0.302987303416166E-003  0.962488225950967E-001  0.100022433587537E+001  0.994210975134769E+000 -0.838977478494896E+000  0.701637807778116E-002  0.118732445701844E-003  0.512011961718130E+000
     11.79000000  0.359386748533593E-003  0.737918574250567E-005  0.267300002523237E-001 -0.879700242161287E-005  0.278257883420581E-003  0.961762293175874E-001  0.100016793730594E+001  0.994687976988197E+000 -0.836031874616489E+000  0.686079637665514E-002  0.140870777822004E-003  0.510283391436708E+000
     11.80000000  0.352015980099476E-003  0.181504142236442E-004  0.266599984557229E-001 -0.680298758707732E-005  0.261311931215895E-003  0.960951887475435E-001  0.100012976092918E+001  0.995015707648098E+000 -0.832930138705466E+000  0.671439129929142E-002  0.346202985748922E-003  0.508515725961200E+000
     11.81000000  0.345301436957508E-003  0.324831278731563E-004  0.265909750358799E-001 -0.567421992493512E-005  0.255141188739328E-003  0.960054684659177E-001  0.100010813904809E+001  0.995137529802356E+000 -0.829668237938992E+000  0.658074047042572E-002  0.619062104358399E-003  0.506769699855690E+000
     11.82000000  0.339571677820630E-003  0.441333970780856E-004  0.265258515596494E-001 -0.506857006919640E-005  0.258795565686581E-003  0.959079278013404E-001  0.100009651487524E+001  0.995072057524257E+000 -0.826262942020898E+000  0.646606787968793E-002  0.840380867743810E-003  0.505100890192082E+000
     11.83000000  0.334946444408146E-003  0.489604066534303E-004  0.264670447654875E-001 -0.425542201200356E-005  0.268219672990773E-003  0.958042931415003E-001  0.100008096254782E+001  0.994896922551801E+000 -0.822747460391909E+000  0.637260357435677E-002  0.931507910146434E-003  0.503555081389913E+000
     11.84000000  0.330950379973447E-003  0.461648780163547E-004  0.264162930715915E-001 -0.234496998926401E-005  0.278260913684027E-003  0.956969891140175E-001  0.100004457710518E+001  0.994710351913500E+000 -0.819168163609233E+000  0.629125744243385E-002  0.877579087302285E-003  0.502165008547498E+000
     11.85000000  0.326399888772884E-003  0.380047701025647E-004  0.263744414078825E-001  0.117988591777866E-005  0.284905422812012E-003  0.955889706424640E-001  0.999977589685935E+000  0.994588612417716E+000 -0.815581337948962E+000  0.619951802788228E-002  0.721848461046243E-003  0.500946325681090E+000
     11.86000000  0.319750235423601E-003  0.282356421338535E-004  0.263411911635122E-001  0.591721993986941E-005  0.286744555074526E-003  0.954834257641133E-001  0.999887705289838E+000  0.994558272798750E+000 -0.812047503793142E+000  0.606809623031320E-002  0.535845089733630E-003  0.499892932336743E+000
     11.87000000  0.309823097639398E-003  0.200860416775716E-004  0.263149573987629E-001  0.103506767394113E-004  0.285083821912625E-003  0.953832750082166E-001  0.999803734347737E+000  0.994594347435828E+000 -0.808621905192973E+000  0.587474943670245E-002  0.380863992807393E-003  0.498974357732239E+000
     11.88000000  0.296575665858648E-003  0.147370331966738E-004  0.262930176324746E-001  0.122283042035772E-004  0.282768141468076E-003  0.952905469586359E-001  0.999768326655134E+000  0.994642769752462E+000 -0.805342701694942E+000  0.561882296772465E-002  0.279202881874528E-003  0.498138682202438E+000
     11.89000000  0.281480241692603E-003  0.109722816710555E-004  0.262720374972767E-001  0.943928062053488E-005  0.282387311778913E-003  0.952058561347105E-001  0.999821316965908E+000  0.994654484416103E+000 -0.802221156610581E+000  0.532834499201903E-002  0.207702330158000E-003  0.497322577908065E+000
     11.90000000  0.267230989935236E-003  0.606847194413131E-005  0.262488658389367E-001  0.101586916784279E-005  0.284767545322434E-003  0.951282396374262E-001  0.999980786030650E+000  0.994613957130726E+000 -0.799238660380448E+000  0.505435956952208E-002  0.114778002546149E-003  0.496466395137346E+000
     11.91000000  0.256820155110015E-003 -0.259405499019629E-005  0.262213213971607E-001 -0.122333493338924E-004  0.288454075140427E-003  0.950554833205149E-001  0.100023118512738E+001  0.994548811589885E+000 -0.796353019947569E+000  0.485337242102805E-002 -0.490223010053695E-004  0.495529013512886E+000
     11.92000000  0.252361199384976E-003 -0.160235725105716E-004  0.261886568414279E-001 -0.278158654573427E-004  0.290370258686886E-003  0.949848459866100E-001  0.100052522162271E+001  0.994517203187945E+000 -0.793512232017120E+000  0.476510640494453E-002 -0.302558508147444E-003  0.494496526233471E+000
     11.93000000  0.254196927986031E-003 -0.329272620810758E-004  0.261515185143748E-001 -0.423920898463092E-004  0.287269744966549E-003  0.949138968412929E-001  0.100079978021952E+001  0.994580294094373E+000 -0.790670323798651E+000  0.479574551771367E-002 -0.621214311231096E-003  0.493381366527022E+000
     11.94000000  0.260720396486679E-003 -0.501179516716795E-004  0.261114537180017E-001 -0.530080406491791E-004  0.277254340358593E-003  0.948411318760196E-001  0.100099922594103E+001  0.994773628193811E+000 -0.787798946854307E+000  0.491469936136621E-002 -0.944746434851217E-003  0.492212909467416E+000
     11.95000000  0.269003324267981E-003 -0.637643292718343E-004  0.260702198071093E-001 -0.581725253375071E-004  0.260656315855756E-003  0.947661600781860E-001  0.100109566121300E+001  0.995090620296288E+000 -0.784890810564775E+000  0.506659298109324E-002 -0.120098108085443E-002  0.491024388080323E+000
     11.96000000  0.275940485641144E-003 -0.708656948294186E-004  0.260292058090126E-001 -0.582995931696285E-004  0.239935478297833E-003  0.946894761078843E-001  0.100109713638987E+001  0.995484669272118E+000 -0.781955316113042E+000  0.519290670442423E-002 -0.133361706941382E-002  0.489841992712308E+000
     11.97000000  0.279379444124857E-003 -0.702894431804330E-004  0.259891621317115E-001 -0.553485582230803E-004  0.218721617949449E-003  0.946120274987457E-001  0.100104073087186E+001  0.995887330267481E+000 -0.779010348745057E+000  0.525323191421251E-002 -0.132166755254427E-002  0.488679818093327E+000
     11.98000000  0.278735533813962E-003 -0.629774708397732E-004  0.259502276753200E-001 -0.518821186095006E-004  0.200502117747353E-003  0.945348306147904E-001  0.100097473634446E+001  0.996233062439481E+000 -0.776075027142074E+000  0.523674943472781E-002 -0.118319049712868E-002  0.487540423175795E+000
     11.99000000  0.274870878288214E-003 -0.513464573757166E-004  0.259120820266320E-001 -0.500262173404324E-004  0.187550239605348E-003  0.944587743983488E-001  0.100093908468509E+001  0.996479334895533E+000 -0.773166014262311E+000  0.515983510050300E-002 -0.963868033978859E-003  0.486417736214079E+000
     12.00000000  0.269391363425758E-003 -0.382610638384652E-004  0.258740364026849E-001 -0.508213971612729E-004  0.180498246473179E-003  0.943845640089643E-001  0.100095321667227E+001  0.996614537429828E+000 -0.770296470452700E+000  0.505276031997951E-002 -0.717632453783092E-003  0.485298796482096E+000
