##############################################################################
# SALMON: Scalable Ab-initio Light-Matter simulator for Optics and Nanoscience
#
#                             Version 2.2.1
##############################################################################
  Libxc: [enabled] 6.2.2
   theory= tddft_pulse
 
 Total time step      =       15000
 Time step[fs]        =  2.000000000000000E-003
 Energy range         =        3000
 Energy resolution[eV]=  1.000000000000000E-002
Laser frequency     = 0.10 2.00[eV]
Pulse width of laser=     21.00000000      4.35000000[fs]
Laser intensity     =  0.00000000E+00  0.60000000E+12[W/cm^2]
delay time          =      0.00000000[fs]
   use of real value orbitals =  F
 ======
 MPI distribution:
   nproc_k     :         125
   nproc_ob    :           4
   nproc_rgrid :           3           2           3
 OpenMP parallelization:
   number of threads :           1
 hpsi stencil:
   enables hand-coding vectorization : F
   enables openmp parallelization    : F
 current:
   k,orbital parallelized of openmp  : T
 force:
   k,orbital parallelized of openmp  : T
 ===================pseudopotential data===================
 ik ,atom_symbol=           1 Si
 ps_format =KY              
 ps_file =./Si_rps.dat
 Zps(ik), Mlps(ik) =           4           2
 Rps(ik), NRps(ik) =   2.26767135054939              122
 Lref(ik) =           2
 nproj(ik,l) =           1           1           1
 anorm(ik,l) =  0.6193218      0.3646551      0.0000000E+00
 inorm(ik,l) =           1           1           0
 Mass(ik) =   28.0000000000000     
 flag_nlcc_element(ik) = F
 ==========================================================
 flag_nlcc =  F
 
 ============init_ps==============
 end init_ps
 Maximal rho_NLCC= 0.000000000000000E+000
 Maximal tau_NLCC= 0.000000000000000E+000
 == Ewald ==
 cutoff length in real-space in ewald =  4.00 [A]
 (buffer length in bookkeeping =  2.00 [A])
 cutoff length in G-space in ewald =  0.1870828864+102 [1/A]
 number of ion-ion pair(/atom) used for allocation of bookkeeping=    69
 ===========
   Static dipole moment(xyz) =   -0.7046456028E+04   -0.7044727593E+04   -0.7047269203E+04
 
 
  time-step  time[fs]                               Current(xyz)[a.u.]      electrons Total energy[eV] 
#----------------------------------------------------------------------
 projection: already converged, E_kin(new)-E_kin(old)= -1.136868377216160E-013
      10    0.02000000 -0.30656724E-12 -0.45581726E-12  0.14611695E-11   864.00000000   -23345.56569602
      20    0.04000000 -0.60314324E-12 -0.11220052E-11  0.15228197E-11   864.00000000   -23345.56569602
      30    0.06000000 -0.64610102E-12 -0.17593138E-11  0.14162852E-11   864.00000000   -23345.56569602
      40    0.08000000 -0.81662464E-12 -0.21373971E-11  0.10265245E-11   864.00000000   -23345.56569602
      50    0.10000000 -0.94805139E-12 -0.20089802E-11  0.46517471E-12   864.00000000   -23345.56569603
      60    0.12000000 -0.90177886E-12 -0.17742868E-11  0.10304636E-12   864.00000000   -23345.56569603
      70    0.14000000 -0.74852305E-12 -0.16339468E-11 -0.32353840E-12   864.00000000   -23345.56569603
      80    0.16000000 -0.42439452E-12 -0.13781720E-11 -0.49036199E-12   864.00000000   -23345.56569603
      90    0.18000000 -0.74533260E-13 -0.11782330E-11 -0.52008580E-12   864.00000000   -23345.56569603
     100    0.20000000  0.20945900E-12 -0.91531264E-12 -0.69258136E-12   864.00000000   -23345.56569603
     110    0.22000000  0.54003706E-12 -0.47241387E-12 -0.83471145E-12   864.00000000   -23345.56569603
     120    0.24000000  0.85589732E-12 -0.13747076E-12 -0.93797767E-12   863.99999999   -23345.56569603
     130    0.26000000  0.10298493E-11  0.26326375E-12 -0.89453133E-12   863.99999999   -23345.56569603
     140    0.28000000  0.11479786E-11  0.70160995E-12 -0.90554142E-12   863.99999999   -23345.56569603
     150    0.30000000  0.11111094E-11  0.12319150E-11 -0.10431308E-11   863.99999999   -23345.56569603
     160    0.32000000  0.86563235E-12  0.17413814E-11 -0.11962313E-11   863.99999999   -23345.56569603
     170    0.34000000  0.80405908E-12  0.20781665E-11 -0.12119599E-11   863.99999999   -23345.56569603
     180    0.36000000  0.89365252E-12  0.22147998E-11 -0.84105127E-12   863.99999999   -23345.56569603
     190    0.38000000  0.11427005E-11  0.20847323E-11 -0.18916675E-12   863.99999999   -23345.56569603
     200    0.40000000  0.10853845E-11  0.16698378E-11  0.22117261E-12   863.99999999   -23345.56569603
     210    0.42000000  0.98321136E-12  0.11377677E-11  0.58968337E-12   863.99999999   -23345.56569604
     220    0.44000000  0.72297751E-12  0.57520147E-12  0.86067878E-12   863.99999999   -23345.56569604
     230    0.46000000  0.59804352E-12 -0.21081696E-12  0.11651900E-11   863.99999999   -23345.56569604
     240    0.48000000  0.57289097E-12 -0.95669284E-12  0.12956468E-11   863.99999999   -23345.56569604
     250    0.50000000  0.40235135E-12 -0.15518506E-11  0.13340834E-11   863.99999999   -23345.56569604
     260    0.52000000 -0.31427996E-13 -0.18121194E-11  0.11097160E-11   863.99999999   -23345.56569604
     270    0.54000000 -0.60771341E-12 -0.20433083E-11  0.79172109E-12   863.99999999   -23345.56569604
     280    0.56000000 -0.11954089E-11 -0.20310098E-11  0.58144445E-12   863.99999999   -23345.56569604
     290    0.58000000 -0.14795647E-11 -0.18415765E-11  0.37148705E-12   863.99999999   -23345.56569604
     300    0.60000000 -0.16655809E-11 -0.18755047E-11  0.36699011E-12   863.99999999   -23345.56569604
     310    0.62000000 -0.16581859E-11 -0.15669282E-11  0.27107529E-12   863.99999999   -23345.56569604
     320    0.64000000 -0.17423595E-11 -0.13493312E-11  0.26678343E-12   863.99999999   -23345.56569604
     330    0.66000000 -0.16364574E-11 -0.83227518E-12  0.14065137E-12   863.99999999   -23345.56569604
     340    0.68000000 -0.13374391E-11 -0.53028547E-12  0.81766622E-13   863.99999999   -23345.56569604
     350    0.70000000 -0.83212817E-12 -0.13454607E-13  0.16384379E-12   863.99999999   -23345.56569604
     360    0.72000000 -0.21057100E-12  0.47094627E-12  0.61153137E-13   863.99999999   -23345.56569604
     370    0.74000000  0.42967821E-12  0.77018308E-12 -0.39053849E-13   863.99999998   -23345.56569604
     380    0.76000000  0.91277879E-12  0.10274606E-11 -0.32165061E-12   863.99999998   -23345.56569604
     390    0.78000000  0.12872429E-11  0.11443175E-11 -0.51857376E-12   863.99999998   -23345.56569605
     400    0.80000000  0.14739332E-11  0.12675264E-11 -0.54362664E-12   863.99999998   -23345.56569605
     410    0.82000000  0.14930101E-11  0.12361849E-11 -0.62292070E-12   863.99999998   -23345.56569605
     420    0.84000000  0.15038734E-11  0.13505229E-11 -0.81397697E-12   863.99999998   -23345.56569605
     430    0.86000000  0.14322923E-11  0.12287705E-11 -0.10001526E-11   863.99999998   -23345.56569605
     440    0.88000000  0.12401074E-11  0.85695505E-12 -0.92285513E-12   863.99999998   -23345.56569605
     450    0.90000000  0.78036440E-12  0.44873536E-12 -0.71516222E-12   863.99999998   -23345.56569605
     460    0.92000000  0.29592608E-12  0.19819605E-12 -0.51130534E-12   863.99999998   -23345.56569605
     470    0.94000000 -0.10708266E-12  0.16306246E-12 -0.25423889E-12   863.99999998   -23345.56569605
     480    0.96000000 -0.20715056E-12  0.13005489E-12 -0.33897112E-13   863.99999998   -23345.56569605
     490    0.98000000 -0.34314250E-12  0.14268366E-12  0.15266277E-12   863.99999998   -23345.56569605
     500    1.00000000 -0.57289754E-12  0.12088327E-12  0.30391595E-12   863.99999998   -23345.56569605
     510    1.02000000 -0.72622816E-12  0.59721095E-13  0.37953837E-12   863.99999998   -23345.56569605
     520    1.04000000 -0.88188174E-12 -0.21296922E-13  0.34922465E-12   863.99999998   -23345.56569605
     530    1.06000000 -0.87304624E-12  0.77717001E-13  0.15838566E-12   863.99999998   -23345.56569605
     540    1.08000000 -0.97492427E-12  0.76963028E-14 -0.16446068E-12   863.99999998   -23345.56569605
     550    1.10000000 -0.11256924E-11 -0.16568369E-12 -0.17121436E-12   863.99999998   -23345.56569605
     560    1.12000000 -0.11065760E-11 -0.46634259E-12  0.14063420E-13   863.99999998   -23345.56569606
     570    1.14000000 -0.85005219E-12 -0.57710300E-12  0.17501135E-12   863.99999998   -23345.56569606
     580    1.16000000 -0.68464344E-12 -0.69769103E-12  0.29156570E-12   863.99999998   -23345.56569606
     590    1.18000000 -0.44240597E-12 -0.65337547E-12  0.28779178E-12   863.99999998   -23345.56569606
     600    1.20000000 -0.22281265E-12 -0.66877944E-12  0.22405615E-12   863.99999998   -23345.56569606
     610    1.22000000  0.28804575E-13 -0.58603277E-12  0.22462761E-12   863.99999997   -23345.56569606
     620    1.24000000  0.58923090E-12 -0.38376233E-12  0.18672428E-12   863.99999997   -23345.56569606
     630    1.26000000  0.97977440E-12 -0.23342807E-12 -0.13676037E-13   863.99999997   -23345.56569606
     640    1.28000000  0.93249257E-12 -0.28134338E-13 -0.38868629E-12   863.99999997   -23345.56569606
     650    1.30000000  0.79813550E-12  0.30894423E-13 -0.64125783E-12   863.99999997   -23345.56569606
     660    1.32000000  0.61278782E-12  0.16362878E-12 -0.93407793E-12   863.99999997   -23345.56569606
     670    1.34000000  0.48483386E-12  0.40640022E-12 -0.80823756E-12   863.99999997   -23345.56569606
     680    1.36000000  0.33162483E-12  0.51117957E-12 -0.60605963E-12   863.99999997   -23345.56569606
     690    1.38000000  0.11534618E-12  0.66656951E-12 -0.44650179E-12   863.99999997   -23345.56569606
     700    1.40000000 -0.33169675E-13  0.89582183E-12 -0.18136525E-12   863.99999997   -23345.56569606
     710    1.42000000 -0.22522575E-12  0.95019071E-12  0.25379541E-13   863.99999997   -23345.56569606
     720    1.44000000 -0.13063459E-12  0.10618762E-11  0.22613094E-12   863.99999997   -23345.56569606
     730    1.46000000  0.55258799E-13  0.12057598E-11  0.33259262E-12   863.99999997   -23345.56569606
     740    1.48000000  0.23990194E-12  0.13745655E-11  0.49499665E-12   863.99999997   -23345.56569607
     750    1.50000000  0.29069227E-12  0.15415543E-11  0.68951345E-12   863.99999997   -23345.56569607
     760    1.52000000  0.24836859E-12  0.13224767E-11  0.76127626E-12   863.99999997   -23345.56569607
     770    1.54000000  0.27655384E-13  0.86509293E-12  0.96484265E-12   863.99999997   -23345.56569607
     780    1.56000000 -0.18247749E-12  0.30774983E-12  0.92847468E-12   863.99999997   -23345.56569607
     790    1.58000000 -0.45912644E-12 -0.29016207E-12  0.10619530E-11   863.99999997   -23345.56569607
     800    1.60000000 -0.68819121E-12 -0.75453137E-12  0.11350756E-11   863.99999997   -23345.56569607
     810    1.62000000 -0.76533251E-12 -0.12817891E-11  0.11684460E-11   863.99999997   -23345.56569607
     820    1.64000000 -0.79535294E-12 -0.17968424E-11  0.88509282E-12   863.99999997   -23345.56569607
     830    1.66000000 -0.68720318E-12 -0.19845095E-11  0.54597455E-12   863.99999997   -23345.56569607
     840    1.68000000 -0.49650482E-12 -0.22696777E-11  0.24712610E-12   863.99999997   -23345.56569607
     850    1.70000000 -0.15282860E-12 -0.22440724E-11 -0.62053986E-13   863.99999996   -23345.56569607
     860    1.72000000  0.72527532E-13 -0.20965328E-11 -0.31218677E-12   863.99999996   -23345.56569607
     870    1.74000000  0.32694628E-12 -0.17736573E-11 -0.69696788E-12   863.99999996   -23345.56569607
     880    1.76000000  0.48195381E-12 -0.15299937E-11 -0.10701316E-11   863.99999996   -23345.56569607
     890    1.78000000  0.25477758E-12 -0.10409444E-11 -0.14416093E-11   863.99999996   -23345.56569607
     900    1.80000000  0.16515182E-12 -0.57961524E-12 -0.14605059E-11   863.99999996   -23345.56569607
     910    1.82000000  0.19618091E-12 -0.73385515E-13 -0.13064382E-11   863.99999996   -23345.56569607
     920    1.84000000  0.22411641E-12  0.27436753E-12 -0.10689593E-11   863.99999996   -23345.56569608
     930    1.86000000  0.24150285E-12  0.60245926E-12 -0.93541284E-12   863.99999996   -23345.56569608
     940    1.88000000  0.83215620E-13  0.12736285E-11 -0.77916273E-12   863.99999996   -23345.56569608
     950    1.90000000  0.15102254E-13  0.17115618E-11 -0.78298473E-12   863.99999996   -23345.56569608
     960    1.92000000  0.33491352E-12  0.20818245E-11 -0.48335567E-12   863.99999996   -23345.56569608
     970    1.94000000  0.70680157E-12  0.23070529E-11 -0.35273211E-12   863.99999996   -23345.56569608
     980    1.96000000  0.78441817E-12  0.24380805E-11 -0.10115784E-12   863.99999996   -23345.56569608
     990    1.98000000  0.59195253E-12  0.25055085E-11  0.65889414E-13   863.99999996   -23345.56569608
    1000    2.00000000  0.48446451E-12  0.23203912E-11  0.28462388E-12   863.99999996   -23345.56569608
    1010    2.02000000  0.37927661E-12  0.17738078E-11  0.55325742E-12   863.99999996   -23345.56569608
    1020    2.04000000  0.38234275E-12  0.94750952E-12  0.95237784E-12   863.99999996   -23345.56569608
    1030    2.06000000  0.13297192E-12  0.17762601E-12  0.13047645E-11   863.99999996   -23345.56569608
    1040    2.08000000 -0.26466855E-12 -0.72874872E-12  0.14503464E-11   863.99999996   -23345.56569608
    1050    2.10000000 -0.78855902E-12 -0.14384869E-11  0.13946956E-11   863.99999996   -23345.56569608
    1060    2.12000000 -0.83401643E-12 -0.21468865E-11  0.13498635E-11   863.99999996   -23345.56569608
    1070    2.14000000 -0.78552034E-12 -0.26328661E-11  0.10969950E-11   863.99999996   -23345.56569608
    1080    2.16000000 -0.88784992E-12 -0.29149594E-11  0.83853509E-12   863.99999996   -23345.56569608
    1090    2.18000000 -0.98108088E-12 -0.27889088E-11  0.46660086E-12   863.99999996   -23345.56569608
    1100    2.20000000 -0.90494420E-12 -0.23271385E-11  0.21346235E-12   863.99999995   -23345.56569608
    1110    2.22000000 -0.65318679E-12 -0.17835967E-11 -0.62833674E-13   863.99999995   -23345.56569609
    1120    2.24000000 -0.40069787E-12 -0.11367662E-11 -0.14236793E-12   863.99999995   -23345.56569609
    1130    2.26000000 -0.19119666E-12 -0.57277199E-12 -0.13016806E-12   863.99999995   -23345.56569609
    1140    2.28000000 -0.24340562E-12 -0.44445413E-13 -0.32964441E-12   863.99999995   -23345.56569609
    1150    2.30000000 -0.19632720E-12  0.52558042E-12 -0.34144988E-12   863.99999995   -23345.56569609
    1160    2.32000000 -0.88766789E-13  0.10320595E-11 -0.62041912E-12   863.99999995   -23345.56569609
    1170    2.34000000  0.22909409E-13  0.14575034E-11 -0.72082500E-12   863.99999995   -23345.56569609
    1180    2.36000000  0.30472715E-12  0.17238779E-11 -0.10451076E-11   863.99999995   -23345.56569609
    1190    2.38000000  0.46622711E-12  0.18181069E-11 -0.11577927E-11   863.99999995   -23345.56569609
    1200    2.40000000  0.63389692E-12  0.19068209E-11 -0.13297970E-11   863.99999995   -23345.56569609
    1210    2.42000000  0.89302076E-12  0.18586706E-11 -0.14350392E-11   863.99999995   -23345.56569609
    1220    2.44000000  0.10928859E-11  0.18897525E-11 -0.11637624E-11   863.99999995   -23345.56569609
    1230    2.46000000  0.12917291E-11  0.17576806E-11 -0.89565790E-12   863.99999995   -23345.56569609
    1240    2.48000000  0.14598780E-11  0.15366327E-11 -0.30856347E-12   863.99999995   -23345.56569609
    1250    2.50000000  0.13022141E-11  0.11919777E-11  0.14893738E-12   863.99999995   -23345.56569609
    1260    2.52000000  0.10105871E-11  0.73088478E-12  0.49271550E-12   863.99999995   -23345.56569609
    1270    2.54000000  0.59094472E-12  0.24752081E-12  0.65091262E-12   863.99999995   -23345.56569609
    1280    2.56000000  0.19099100E-12 -0.41340751E-12  0.99294052E-12   863.99999995   -23345.56569609
    1290    2.58000000 -0.22517993E-12 -0.11891647E-11  0.11649528E-11   863.99999995   -23345.56569610
    1300    2.60000000 -0.57579114E-12 -0.17589915E-11  0.99792291E-12   863.99999995   -23345.56569610
    1310    2.62000000 -0.94932704E-12 -0.21011745E-11  0.74121819E-12   863.99999995   -23345.56569610
    1320    2.64000000 -0.12698679E-11 -0.23483967E-11  0.38991071E-12   863.99999995   -23345.56569610
    1330    2.66000000 -0.14104892E-11 -0.25639503E-11  0.36362332E-13   863.99999995   -23345.56569610
    1340    2.68000000 -0.15051499E-11 -0.26926000E-11 -0.10608137E-12   863.99999994   -23345.56569610
    1350    2.70000000 -0.12950345E-11 -0.23321975E-11 -0.35775592E-13   863.99999994   -23345.56569610
    1360    2.72000000 -0.11137543E-11 -0.15673168E-11  0.44901084E-13   863.99999994   -23345.56569610
    1370    2.74000000 -0.80299916E-12 -0.73038097E-12  0.36343932E-13   863.99999994   -23345.56569610
    1380    2.76000000 -0.46089835E-12 -0.44473899E-13  0.17161401E-12   863.99999994   -23345.56569610
    1390    2.78000000 -0.30267876E-12  0.34837841E-12  0.20624999E-12   863.99999994   -23345.56569610
    1400    2.80000000  0.86860086E-13  0.89760187E-12  0.26630493E-12   863.99999994   -23345.56569610
    1410    2.82000000  0.38061040E-12  0.15451435E-11  0.22459897E-12   863.99999994   -23345.56569610
    1420    2.84000000  0.55555251E-12  0.18601417E-11 -0.43059989E-13   863.99999994   -23345.56569610
    1430    2.86000000  0.69591911E-12  0.19584581E-11 -0.49566961E-12   863.99999994   -23345.56569610
    1440    2.88000000  0.70728224E-12  0.19999666E-11 -0.84163697E-12   863.99999994   -23345.56569610
    1450    2.90000000  0.78156463E-12  0.20045229E-11 -0.11314468E-11   863.99999994   -23345.56569610
    1460    2.92000000  0.73714437E-12  0.18772948E-11 -0.12205586E-11   863.99999994   -23345.56569610
    1470    2.94000000  0.64210642E-12  0.18571506E-11 -0.10273504E-11   863.99999994   -23345.56569611
    1480    2.96000000  0.53905228E-12  0.15919642E-11 -0.68818171E-12   863.99999994   -23345.56569611
    1490    2.98000000  0.49512882E-12  0.11767996E-11 -0.26878833E-13   863.99999994   -23345.56569611
    1500    3.00000000  0.53432705E-12  0.67791197E-12  0.58480866E-12   863.99999994   -23345.56569611
    1510    3.02000000  0.41268523E-12  0.19737056E-12  0.10283468E-11   863.99999994   -23345.56569611
    1520    3.04000000  0.32412453E-12 -0.25703364E-12  0.11166194E-11   863.99999994   -23345.56569611
    1530    3.06000000  0.14584139E-12 -0.73931685E-12  0.13621410E-11   863.99999994   -23345.56569611
    1540    3.08000000  0.63914915E-13 -0.12891553E-11  0.13769394E-11   863.99999994   -23345.56569611
    1550    3.10000000 -0.11427794E-13 -0.17665218E-11  0.12148049E-11   863.99999994   -23345.56569611
    1560    3.12000000 -0.59032059E-13 -0.20321193E-11  0.88226301E-12   863.99999994   -23345.56569611
    1570    3.14000000 -0.27596810E-12 -0.21422467E-11  0.42579927E-12   863.99999994   -23345.56569611
    1580    3.16000000 -0.79169122E-12 -0.22190151E-11  0.10789599E-12   863.99999993   -23345.56569611
    1590    3.18000000 -0.11847823E-11 -0.21475891E-11 -0.21034248E-12   863.99999993   -23345.56569611
    1600    3.20000000 -0.14162819E-11 -0.19385281E-11 -0.36707987E-12   863.99999993   -23345.56569611
    1610    3.22000000 -0.12195563E-11 -0.16590800E-11 -0.44397873E-12   863.99999993   -23345.56569611
    1620    3.24000000 -0.10796218E-11 -0.13095642E-11 -0.40367112E-12   863.99999993   -23345.56569611
    1630    3.26000000 -0.82307463E-12 -0.76356182E-12 -0.40181845E-12   863.99999993   -23345.56569611
    1640    3.28000000 -0.54770659E-12 -0.91119296E-13 -0.51698767E-12   863.99999993   -23345.56569611
    1650    3.30000000 -0.16341756E-12  0.36254552E-12 -0.69387499E-12   863.99999993   -23345.56569611
    1660    3.32000000  0.34151406E-12  0.79291345E-12 -0.86207340E-12   863.99999993   -23345.56569612
    1670    3.34000000  0.67882987E-12  0.13070172E-11 -0.98713052E-12   863.99999993   -23345.56569612
    1680    3.36000000  0.87541544E-12  0.18918947E-11 -0.10417282E-11   863.99999993   -23345.56569612
    1690    3.38000000  0.89013363E-12  0.22400744E-11 -0.11968359E-11   863.99999993   -23345.56569612
    1700    3.40000000  0.92011324E-12  0.22922949E-11 -0.12371451E-11   863.99999993   -23345.56569612
    1710    3.42000000  0.80961831E-12  0.21659614E-11 -0.11310243E-11   863.99999993   -23345.56569612
    1720    3.44000000  0.75759669E-12  0.17853241E-11 -0.82375472E-12   863.99999993   -23345.56569612
    1730    3.46000000  0.61079084E-12  0.14737620E-11 -0.31208980E-12   863.99999993   -23345.56569612
    1740    3.48000000  0.54443907E-12  0.10735974E-11  0.26521141E-12   863.99999993   -23345.56569612
    1750    3.50000000  0.63827683E-12  0.52853766E-12  0.53257615E-12   863.99999993   -23345.56569612
    1760    3.52000000  0.64566437E-12 -0.17042239E-13  0.93144771E-12   863.99999993   -23345.56569612
    1770    3.54000000  0.53151935E-12 -0.38201347E-12  0.11566918E-11   863.99999993   -23345.56569612
    1780    3.56000000  0.30274408E-12 -0.62362830E-12  0.12541334E-11   863.99999993   -23345.56569612
    1790    3.58000000  0.29287461E-13 -0.73374013E-12  0.13582739E-11   863.99999993   -23345.56569612
    1800    3.60000000 -0.13301996E-12 -0.85984559E-12  0.12551855E-11   863.99999993   -23345.56569612
    1810    3.62000000 -0.39410846E-12 -0.10593843E-11  0.11539431E-11   863.99999993   -23345.56569612
    1820    3.64000000 -0.71462204E-12 -0.12864575E-11  0.92356477E-12   863.99999993   -23345.56569612
    1830    3.66000000 -0.10263328E-11 -0.12680432E-11  0.73916184E-12   863.99999992   -23345.56569612
    1840    3.68000000 -0.11640602E-11 -0.11870032E-11  0.47565903E-12   863.99999992   -23345.56569612
    1850    3.70000000 -0.11404032E-11 -0.10808151E-11  0.47162370E-12   863.99999992   -23345.56569613
    1860    3.72000000 -0.10686583E-11 -0.12039214E-11  0.50364041E-12   863.99999992   -23345.56569613
    1870    3.74000000 -0.90459927E-12 -0.11749406E-11  0.40897633E-12   863.99999992   -23345.56569613
    1880    3.76000000 -0.82854156E-12 -0.88699545E-12  0.10528353E-12   863.99999992   -23345.56569613
    1890    3.78000000 -0.65904130E-12 -0.48920689E-12 -0.22434273E-12   863.99999992   -23345.56569613
    1900    3.80000000 -0.44163861E-12 -0.88251849E-13 -0.38662130E-12   863.99999992   -23345.56569613
    1910    3.82000000 -0.85953689E-13  0.43033842E-12 -0.47246101E-12   863.99999992   -23345.56569613
    1920    3.84000000  0.23988218E-12  0.74542641E-12 -0.62082723E-12   863.99999992   -23345.56569613
    1930    3.86000000  0.51312184E-12  0.10614908E-11 -0.82696639E-12   863.99999992   -23345.56569613
    1940    3.88000000  0.74259340E-12  0.15725489E-11 -0.11185293E-11   863.99999992   -23345.56569613
    1950    3.90000000  0.89344073E-12  0.16970453E-11 -0.14689116E-11   863.99999992   -23345.56569613
    1960    3.92000000  0.10674183E-11  0.16145219E-11 -0.14137782E-11   863.99999992   -23345.56569613
    1970    3.94000000  0.12539443E-11  0.11095851E-11 -0.13386122E-11   863.99999992   -23345.56569613
    1980    3.96000000  0.12392216E-11  0.56302602E-12 -0.11067354E-11   863.99999992   -23345.56569613
    1990    3.98000000  0.11525895E-11  0.86918528E-13 -0.82036669E-12   863.99999992   -23345.56569613
    2000    4.00000000  0.77337932E-12 -0.40480376E-13 -0.69164312E-12   863.99999992   -23345.56569613
    2010    4.02000000  0.43440196E-12 -0.12762462E-12 -0.59252728E-12   863.99999992   -23345.56569613
    2020    4.04000000  0.28591413E-12 -0.28927974E-12 -0.97363290E-13   863.99999992   -23345.56569613
    2030    4.06000000  0.12975069E-12 -0.39898735E-12  0.29865896E-12   863.99999992   -23345.56569614
    2040    4.08000000 -0.86760975E-13 -0.55882184E-12  0.66935612E-12   863.99999992   -23345.56569614
    2050    4.10000000 -0.36872185E-12 -0.38192643E-12  0.89962819E-12   863.99999992   -23345.56569614
    2060    4.12000000 -0.51389709E-12 -0.17517448E-12  0.11676445E-11   863.99999992   -23345.56569614
    2070    4.14000000 -0.58979912E-12 -0.12432375E-12  0.12391915E-11   863.99999991   -23345.56569614
    2080    4.16000000 -0.50785654E-12 -0.34077022E-12  0.11827030E-11   863.99999991   -23345.56569614
    2090    4.18000000 -0.52323844E-12 -0.65647399E-12  0.11643256E-11   863.99999991   -23345.56569614
    2100    4.20000000 -0.51938735E-12 -0.93315191E-12  0.10793361E-11   863.99999991   -23345.56569614
    2110    4.22000000 -0.65086090E-12 -0.10634811E-11  0.89896502E-12   863.99999991   -23345.56569614
    2120    4.24000000 -0.61028011E-12 -0.97923029E-12  0.70716214E-12   863.99999991   -23345.56569614
    2130    4.26000000 -0.73904230E-12 -0.91088020E-12  0.34895606E-12   863.99999991   -23345.56569614
    2140    4.28000000 -0.68858145E-12 -0.64369475E-12 -0.19762029E-13   863.99999991   -23345.56569614
    2150    4.30000000 -0.55766579E-12 -0.34617228E-12 -0.43640658E-12   863.99999991   -23345.56569614
    2160    4.32000000 -0.37203181E-12  0.77699061E-13 -0.51910678E-12   863.99999991   -23345.56569614
    2170    4.34000000 -0.19060659E-12  0.44848382E-12 -0.65991642E-12   863.99999991   -23345.56569614
    2180    4.36000000  0.27860248E-13  0.80310281E-12 -0.74462447E-12   863.99999991   -23345.56569614
    2190    4.38000000  0.28079949E-12  0.98456402E-12 -0.90527384E-12   863.99999991   -23345.56569614
    2200    4.40000000  0.65738190E-12  0.11401928E-11 -0.86729052E-12   863.99999991   -23345.56569614
    2210    4.42000000  0.79485148E-12  0.12061153E-11 -0.73061692E-12   863.99999991   -23345.56569614
    2220    4.44000000  0.80166092E-12  0.11180084E-11 -0.76240227E-12   863.99999991   -23345.56569615
    2230    4.46000000  0.75009341E-12  0.95983601E-12 -0.63007093E-12   863.99999991   -23345.56569615
    2240    4.48000000  0.64573284E-12  0.82088470E-12 -0.38627135E-12   863.99999991   -23345.56569615
    2250    4.50000000  0.37106271E-12  0.68001145E-12 -0.20296537E-12   863.99999991   -23345.56569615
    2260    4.52000000  0.60795650E-13  0.48087151E-12  0.12983455E-12   863.99999991   -23345.56569615
    2270    4.54000000 -0.14738043E-12  0.51213410E-12  0.40446234E-12   863.99999991   -23345.56569615
    2280    4.56000000 -0.16461828E-12  0.35631988E-12  0.78153849E-12   863.99999991   -23345.56569615
    2290    4.58000000 -0.84185883E-13  0.12810635E-12  0.10386708E-11   863.99999991   -23345.56569615
    2300    4.60000000  0.14890501E-12 -0.78300521E-13  0.13481035E-11   863.99999991   -23345.56569615
    2310    4.62000000  0.92498977E-13 -0.25232711E-12  0.13968089E-11   863.99999990   -23345.56569615
    2320    4.64000000  0.48707890E-13 -0.40913776E-12  0.11307918E-11   863.99999990   -23345.56569615
    2330    4.66000000  0.35349642E-13 -0.75611954E-12  0.73506926E-12   863.99999990   -23345.56569615
    2340    4.68000000  0.10979031E-12 -0.11221347E-11  0.35402833E-12   863.99999990   -23345.56569615
    2350    4.70000000 -0.12797841E-12 -0.15118861E-11  0.28764078E-13   863.99999990   -23345.56569615
    2360    4.72000000 -0.33307589E-12 -0.18236406E-11 -0.23873272E-12   863.99999990   -23345.56569615
    2370    4.74000000 -0.52320149E-12 -0.18316923E-11 -0.63027652E-12   863.99999990   -23345.56569615
    2380    4.76000000 -0.69756724E-12 -0.17302130E-11 -0.82876326E-12   863.99999990   -23345.56569615
    2390    4.78000000 -0.68785112E-12 -0.16166077E-11 -0.94941729E-12   863.99999990   -23345.56569615
    2400    4.80000000 -0.69891212E-12 -0.12566296E-11 -0.92697073E-12   863.99999990   -23345.56569615
    2410    4.82000000 -0.62005240E-12 -0.54419128E-12 -0.86544794E-12   863.99999990   -23345.56569616
    2420    4.84000000 -0.47511168E-12  0.18176285E-12 -0.83921741E-12   863.99999990   -23345.56569616
    2430    4.86000000 -0.21531970E-12  0.73449786E-12 -0.97618509E-12   863.99999990   -23345.56569616
    2440    4.88000000 -0.20678002E-12  0.11329206E-11 -0.10462465E-11   863.99999990   -23345.56569616
    2450    4.90000000 -0.24819435E-13  0.14657616E-11 -0.10076117E-11   863.99999990   -23345.56569616
    2460    4.92000000  0.24937456E-12  0.17124586E-11 -0.10219331E-11   863.99999990   -23345.56569616
    2470    4.94000000  0.56656154E-12  0.18550246E-11 -0.78861938E-12   863.99999990   -23345.56569616
    2480    4.96000000  0.79330538E-12  0.18097829E-11 -0.56940183E-12   863.99999990   -23345.56569616
    2490    4.98000000  0.94054360E-12  0.15139633E-11 -0.31860433E-12   863.99999990   -23345.56569616
    2500    5.00000000  0.94909354E-12  0.11735967E-11 -0.15202516E-13   863.99999990   -23345.56569616
    2510    5.02000000  0.90458806E-12  0.93914157E-12  0.38866976E-12   863.99999990   -23345.56569616
    2520    5.04000000  0.98144102E-12  0.83322892E-12  0.88264679E-12   863.99999990   -23345.56569616
    2530    5.06000000  0.91537569E-12  0.72378380E-12  0.13350219E-11   863.99999990   -23345.56569616
    2540    5.08000000  0.71270238E-12  0.55930732E-12  0.16070043E-11   863.99999990   -23345.56569616
    2550    5.10000000  0.37200864E-12  0.40750177E-12  0.18835892E-11   863.99999989   -23345.56569616
    2560    5.12000000 -0.45377979E-13  0.60906772E-13  0.17922758E-11   863.99999989   -23345.56569616
    2570    5.14000000 -0.33779518E-12 -0.42439863E-12  0.17627337E-11   863.99999989   -23345.56569616
    2580    5.16000000 -0.64541954E-12 -0.86040024E-12  0.15614065E-11   863.99999989   -23345.56569616
    2590    5.18000000 -0.84449452E-12 -0.12666415E-11  0.12109417E-11   863.99999989   -23345.56569617
    2600    5.20000000 -0.10314612E-11 -0.18433671E-11  0.79560400E-12   863.99999989   -23345.56569617
    2610    5.22000000 -0.12167832E-11 -0.22697521E-11  0.50324263E-12   863.99999989   -23345.56569617
    2620    5.24000000 -0.12218853E-11 -0.23837383E-11  0.13553674E-12   863.99999989   -23345.56569617
    2630    5.26000000 -0.11899713E-11 -0.22296634E-11 -0.24395287E-12   863.99999989   -23345.56569617
    2640    5.28000000 -0.10709336E-11 -0.19019198E-11 -0.58361976E-12   863.99999989   -23345.56569617
    2650    5.30000000 -0.84381953E-12 -0.13687515E-11 -0.89166226E-12   863.99999989   -23345.56569617
    2660    5.32000000 -0.47138586E-12 -0.94045932E-12 -0.11079708E-11   863.99999989   -23345.56569617
    2670    5.34000000 -0.13321431E-12 -0.37816820E-12 -0.12468163E-11   863.99999989   -23345.56569617
    2680    5.36000000  0.67113301E-13  0.35910679E-12 -0.12579195E-11   863.99999989   -23345.56569617
    2690    5.38000000  0.19940399E-12  0.97837339E-12 -0.14012111E-11   863.99999989   -23345.56569617
    2700    5.40000000  0.45962760E-12  0.15570151E-11 -0.14810721E-11   863.99999989   -23345.56569617
    2710    5.42000000  0.63252877E-12  0.17614042E-11 -0.14379990E-11   863.99999989   -23345.56569617
    2720    5.44000000  0.78026092E-12  0.19950884E-11 -0.12272347E-11   863.99999989   -23345.56569617
    2730    5.46000000  0.10088302E-11  0.18727042E-11 -0.96800089E-12   863.99999989   -23345.56569617
    2740    5.48000000  0.10896460E-11  0.18302864E-11 -0.54775004E-12   863.99999989   -23345.56569617
    2750    5.50000000  0.11765712E-11  0.17742655E-11 -0.40919581E-12   863.99999989   -23345.56569617
    2760    5.52000000  0.12093597E-11  0.15248052E-11 -0.67175435E-13   863.99999989   -23345.56569617
    2770    5.54000000  0.12819769E-11  0.10749591E-11  0.14901469E-12   863.99999989   -23345.56569617
    2780    5.56000000  0.11659274E-11  0.60838719E-12  0.45545358E-12   863.99999989   -23345.56569618
    2790    5.58000000  0.98061998E-12  0.24670719E-12  0.76013468E-12   863.99999989   -23345.56569618
    2800    5.60000000  0.81028385E-12 -0.11052245E-12  0.89472546E-12   863.99999988   -23345.56569618
    2810    5.62000000  0.40398007E-12 -0.46658104E-12  0.98773300E-12   863.99999988   -23345.56569618
    2820    5.64000000 -0.13134958E-12 -0.94331767E-12  0.96886929E-12   863.99999988   -23345.56569618
    2830    5.66000000 -0.53851664E-12 -0.12804566E-11  0.98670156E-12   863.99999988   -23345.56569618
    2840    5.68000000 -0.94592760E-12 -0.16494811E-11  0.10817990E-11   863.99999988   -23345.56569618
    2850    5.70000000 -0.14110052E-11 -0.20470669E-11  0.10903374E-11   863.99999988   -23345.56569618
    2860    5.72000000 -0.15979371E-11 -0.22859638E-11  0.95999562E-12   863.99999988   -23345.56569618
    2870    5.74000000 -0.17064543E-11 -0.21960087E-11  0.61727756E-12   863.99999988   -23345.56569618
    2880    5.76000000 -0.16744233E-11 -0.16779145E-11  0.36380904E-12   863.99999988   -23345.56569618
    2890    5.78000000 -0.14668221E-11 -0.12290481E-11  0.76576535E-13   863.99999988   -23345.56569618
    2900    5.80000000 -0.11295233E-11 -0.81607061E-12 -0.15196115E-12   863.99999988   -23345.56569618
    2910    5.82000000 -0.74315017E-12 -0.39762269E-12 -0.29749689E-12   863.99999988   -23345.56569618
    2920    5.84000000 -0.29442137E-12  0.39146004E-12 -0.49220605E-12   863.99999988   -23345.56569618
    2930    5.86000000 -0.60789621E-13  0.11720135E-11 -0.64645894E-12   863.99999988   -23345.56569618
    2940    5.88000000  0.20214103E-12  0.18252362E-11 -0.75675165E-12   863.99999988   -23345.56569618
    2950    5.90000000  0.47940799E-12  0.20871703E-11 -0.70514967E-12   863.99999988   -23345.56569618
    2960    5.92000000  0.67624640E-12  0.21220620E-11 -0.74226696E-12   863.99999988   -23345.56569618
    2970    5.94000000  0.85898217E-12  0.20472917E-11 -0.69741735E-12   863.99999988   -23345.56569619
    2980    5.96000000  0.99311184E-12  0.19233597E-11 -0.70289168E-12   863.99999988   -23345.56569619
    2990    5.98000000  0.10594986E-11  0.16613183E-11 -0.73259810E-12   863.99999988   -23345.56569619
    3000    6.00000000  0.10549879E-11  0.12005999E-11 -0.53810033E-12   863.99999988   -23345.56569619
    3010    6.02000000  0.11086835E-11  0.78139735E-12 -0.43370089E-12   863.99999988   -23345.56569619
    3020    6.04000000  0.10977886E-11  0.19989685E-12 -0.20967116E-12   863.99999988   -23345.56569619
    3030    6.06000000  0.89103275E-12 -0.35152349E-12  0.62330118E-13   863.99999988   -23345.56569619
    3040    6.08000000  0.46505209E-12 -0.67511701E-12  0.51758269E-12   863.99999987   -23345.56569619
    3050    6.10000000  0.14310496E-12 -0.80113571E-12  0.82646865E-12   863.99999987   -23345.56569619
    3060    6.12000000 -0.11743621E-12 -0.10843716E-11  0.97663880E-12   863.99999987   -23345.56569619
    3070    6.14000000 -0.44011825E-12 -0.12578624E-11  0.95255587E-12   863.99999987   -23345.56569619
    3080    6.16000000 -0.74209609E-12 -0.13899521E-11  0.93016409E-12   863.99999987   -23345.56569619
    3090    6.18000000 -0.10653884E-11 -0.15185514E-11  0.88900908E-12   863.99999987   -23345.56569619
    3100    6.20000000 -0.10383138E-11 -0.13704021E-11  0.61833549E-12   863.99999987   -23345.56569619
    3110    6.22000000 -0.97444682E-12 -0.12052591E-11  0.42936920E-12   863.99999987   -23345.56569619
    3120    6.24000000 -0.66915276E-12 -0.12427915E-11  0.12695861E-12   863.99999987   -23345.56569619
    3130    6.26000000 -0.49655247E-12 -0.11706683E-11 -0.14817887E-12   863.99999987   -23345.56569619
    3140    6.28000000 -0.26566918E-12 -0.88504856E-12 -0.32532819E-12   863.99999987   -23345.56569619
    3150    6.30000000 -0.16174601E-14 -0.53576280E-12 -0.41458347E-12   863.99999987   -23345.56569619
    3160    6.32000000  0.10590031E-12 -0.96771352E-13 -0.49193515E-12   863.99999987   -23345.56569620
    3170    6.34000000  0.15670139E-12  0.32666878E-12 -0.58030796E-12   863.99999987   -23345.56569620
    3180    6.36000000  0.17349198E-12  0.75684692E-12 -0.70036225E-12   863.99999987   -23345.56569620
    3190    6.38000000  0.12054982E-12  0.10839913E-11 -0.87975891E-12   863.99999987   -23345.56569620
    3200    6.40000000  0.22699100E-13  0.13476598E-11 -0.94934331E-12   863.99999987   -23345.56569620
    3210    6.42000000  0.11777867E-13  0.15736073E-11 -0.87771294E-12   863.99999987   -23345.56569620
    3220    6.44000000 -0.34390931E-13  0.16464787E-11 -0.79774616E-12   863.99999987   -23345.56569620
    3230    6.46000000  0.58437355E-13  0.14268529E-11 -0.63348449E-12   863.99999987   -23345.56569620
    3240    6.48000000  0.20084707E-12  0.10749603E-11 -0.64130538E-12   863.99999987   -23345.56569620
    3250    6.50000000  0.45697299E-12  0.85744353E-12 -0.43553635E-12   863.99999987   -23345.56569620
    3260    6.52000000  0.62824740E-12  0.60090670E-12 -0.27657654E-12   863.99999987   -23345.56569620
    3270    6.54000000  0.66994003E-12  0.46135547E-12  0.14181724E-12   863.99999987   -23345.56569620
    3280    6.56000000  0.63252482E-12  0.27590948E-12  0.58397442E-12   863.99999986   -23345.56569620
    3290    6.58000000  0.46833205E-12  0.64446659E-13  0.93838240E-12   863.99999986   -23345.56569620
    3300    6.60000000  0.32587706E-12 -0.24762444E-12  0.12555908E-11   863.99999986   -23345.56569620
    3310    6.62000000  0.23691547E-12 -0.39535696E-12  0.16210111E-11   863.99999986   -23345.56569620
    3320    6.64000000  0.12716021E-12 -0.46656220E-12  0.17679294E-11   863.99999986   -23345.56569620
    3330    6.66000000 -0.12416240E-12 -0.62556135E-12  0.17533644E-11   863.99999986   -23345.56569620
    3340    6.68000000 -0.40386546E-12 -0.83561524E-12  0.16580050E-11   863.99999986   -23345.56569620
    3350    6.70000000 -0.49945069E-12 -0.98942746E-12  0.13202866E-11   863.99999986   -23345.56569621
    3360    6.72000000 -0.48466234E-12 -0.11225404E-11  0.77569037E-12   863.99999986   -23345.56569621
    3370    6.74000000 -0.49916305E-12 -0.12406033E-11  0.22475432E-12   863.99999986   -23345.56569621
    3380    6.76000000 -0.50027919E-12 -0.11867669E-11 -0.24380758E-12   863.99999986   -23345.56569621
    3390    6.78000000 -0.50093063E-12 -0.97441883E-12 -0.57473506E-12   863.99999986   -23345.56569621
    3400    6.80000000 -0.40258142E-12 -0.83831208E-12 -0.81133220E-12   863.99999986   -23345.56569621
    3410    6.82000000 -0.41632120E-12 -0.61677507E-12 -0.93123421E-12   863.99999986   -23345.56569621
    3420    6.84000000 -0.40664414E-12 -0.44812143E-12 -0.10886758E-11   863.99999986   -23345.56569621
    3430    6.86000000 -0.51728524E-12 -0.18131707E-12 -0.12281846E-11   863.99999986   -23345.56569621
    3440    6.88000000 -0.49313864E-12  0.56719607E-13 -0.12237015E-11   863.99999986   -23345.56569621
    3450    6.90000000 -0.28171477E-12  0.44375176E-12 -0.11135064E-11   863.99999986   -23345.56569621
    3460    6.92000000 -0.72415081E-13  0.74024416E-12 -0.11254282E-11   863.99999986   -23345.56569621
    3470    6.94000000 -0.69687990E-14  0.90302985E-12 -0.12427824E-11   863.99999986   -23345.56569621
    3480    6.96000000  0.20772353E-12  0.10595528E-11 -0.13732902E-11   863.99999986   -23345.56569621
    3490    6.98000000  0.51656542E-12  0.10293009E-11 -0.11616815E-11   863.99999986   -23345.56569621
    3500    7.00000000  0.76601387E-12  0.99361099E-12 -0.70637589E-12   863.99999986   -23345.56569621
    3510    7.02000000  0.98141749E-12  0.81892694E-12 -0.22610115E-12   863.99999986   -23345.56569621
    3520    7.04000000  0.12050771E-11  0.88103495E-12  0.41209446E-13   863.99999986   -23345.56569621
    3530    7.06000000  0.12406326E-11  0.77158278E-12  0.21796095E-12   863.99999985   -23345.56569622
    3540    7.08000000  0.10812508E-11  0.63233349E-12  0.43932906E-12   863.99999985   -23345.56569622
    3550    7.10000000  0.83334195E-12  0.55101085E-12  0.76120606E-12   863.99999985   -23345.56569622
    3560    7.12000000  0.48967583E-12  0.52215571E-12  0.10582499E-11   863.99999985   -23345.56569622
    3570    7.14000000  0.93871000E-13  0.39551132E-12  0.11580211E-11   863.99999985   -23345.56569622
    3580    7.16000000 -0.27017326E-12  0.34455867E-12  0.10199912E-11   863.99999985   -23345.56569622
    3590    7.18000000 -0.52768305E-12  0.93520131E-13  0.90964231E-12   863.99999985   -23345.56569622
    3600    7.20000000 -0.69425832E-12 -0.37421228E-12  0.84919078E-12   863.99999985   -23345.56569622
    3610    7.22000000 -0.80116366E-12 -0.89326426E-12  0.87890969E-12   863.99999985   -23345.56569622
    3620    7.24000000 -0.74069347E-12 -0.14029407E-11  0.92163767E-12   863.99999985   -23345.56569622
    3630    7.26000000 -0.74551896E-12 -0.16637946E-11  0.83962288E-12   863.99999985   -23345.56569622
    3640    7.28000000 -0.54238255E-12 -0.18055440E-11  0.70878120E-12   863.99999985   -23345.56569622
    3650    7.30000000 -0.43372546E-12 -0.16859378E-11  0.51865344E-12   863.99999985   -23345.56569622
    3660    7.32000000 -0.33206012E-12 -0.16036164E-11  0.45144466E-12   863.99999985   -23345.56569622
    3670    7.34000000 -0.31187841E-12 -0.10345046E-11  0.35037116E-12   863.99999985   -23345.56569622
    3680    7.36000000 -0.51824047E-12 -0.54342401E-12  0.15817114E-12   863.99999985   -23345.56569622
    3690    7.38000000 -0.69193464E-12 -0.25681703E-13 -0.16596103E-12   863.99999985   -23345.56569622
    3700    7.40000000 -0.52073397E-12  0.45359251E-12 -0.49421036E-12   863.99999985   -23345.56569622
    3710    7.42000000 -0.39038019E-12  0.72205715E-12 -0.84083241E-12   863.99999985   -23345.56569622
    3720    7.44000000 -0.12216962E-12  0.11110287E-11 -0.10992454E-11   863.99999985   -23345.56569623
    3730    7.46000000  0.40016676E-13  0.12803794E-11 -0.13517285E-11   863.99999985   -23345.56569623
    3740    7.48000000  0.20552965E-12  0.13947926E-11 -0.15187667E-11   863.99999985   -23345.56569623
    3750    7.50000000  0.40206450E-12  0.14362347E-11 -0.14574647E-11   863.99999985   -23345.56569623
    3760    7.52000000  0.63092640E-12  0.13944554E-11 -0.13049337E-11   863.99999985   -23345.56569623
    3770    7.54000000  0.92513317E-12  0.12938118E-11 -0.10167897E-11   863.99999984   -23345.56569623
    3780    7.56000000  0.10001248E-11  0.11798675E-11 -0.60991673E-12   863.99999984   -23345.56569623
    3790    7.58000000  0.87361603E-12  0.10301660E-11 -0.54632202E-13   863.99999984   -23345.56569623
    3800    7.60000000  0.65102916E-12  0.76250639E-12  0.31758811E-12   863.99999984   -23345.56569623
    3810    7.62000000  0.46563131E-12  0.42382249E-12  0.47615161E-12   863.99999984   -23345.56569623
    3820    7.64000000  0.35125817E-12 -0.54296369E-13  0.56949352E-12   863.99999984   -23345.56569623
    3830    7.66000000  0.37778743E-12 -0.62147718E-12  0.70382046E-12   863.99999984   -23345.56569623
    3840    7.68000000  0.32427594E-12 -0.98964801E-12  0.70117948E-12   863.99999984   -23345.56569623
    3850    7.70000000  0.17871782E-12 -0.12594283E-11  0.74930581E-12   863.99999984   -23345.56569623
    3860    7.72000000 -0.14393510E-13 -0.13313593E-11  0.64489755E-12   863.99999984   -23345.56569623
    3870    7.74000000 -0.27936756E-12 -0.15020826E-11  0.74123524E-12   863.99999984   -23345.56569623
    3880    7.76000000 -0.29219988E-12 -0.17629777E-11  0.97741886E-12   863.99999984   -23345.56569623
    3890    7.78000000 -0.33431241E-12 -0.16323465E-11  0.10956354E-11   863.99999984   -23345.56569623
    3900    7.80000000 -0.43418935E-12 -0.14870225E-11  0.97499029E-12   863.99999984   -23345.56569623
    3910    7.82000000 -0.84128616E-12 -0.12287169E-11  0.80180216E-12   863.99999984   -23345.56569624
    3920    7.84000000 -0.86451603E-12 -0.94900304E-12  0.48021039E-12   863.99999984   -23345.56569624
    3930    7.86000000 -0.91879007E-12 -0.78847994E-12  0.33063809E-13   863.99999984   -23345.56569624
    3940    7.88000000 -0.80884809E-12 -0.46119300E-12 -0.42837828E-12   863.99999984   -23345.56569624
    3950    7.90000000 -0.70967026E-12 -0.43553993E-13 -0.90126113E-12   863.99999984   -23345.56569624
    3960    7.92000000 -0.59011974E-12  0.63013400E-12 -0.13974949E-11   863.99999984   -23345.56569624
    3970    7.94000000 -0.42502365E-12  0.12586550E-11 -0.16890159E-11   863.99999984   -23345.56569624
    3980    7.96000000 -0.71630629E-13  0.17981784E-11 -0.16485336E-11   863.99999984   -23345.56569624
    3990    7.98000000  0.39352564E-12  0.20350531E-11 -0.15209354E-11   863.99999984   -23345.56569624
    4000    8.00000000  0.48358437E-12  0.22498707E-11 -0.12343333E-11   863.99999984   -23345.56569624
    4010    8.02000000  0.60503774E-12  0.23003761E-11 -0.70648173E-12   863.99999983   -23345.56569624
    4020    8.04000000  0.70132927E-12  0.22540867E-11 -0.18874806E-12   863.99999983   -23345.56569624
    4030    8.06000000  0.80820361E-12  0.19059490E-11  0.25407621E-12   863.99999983   -23345.56569624
    4040    8.08000000  0.81160931E-12  0.13939830E-11  0.63186611E-12   863.99999983   -23345.56569624
    4050    8.10000000  0.69835226E-12  0.75268370E-12  0.85009340E-12   863.99999983   -23345.56569624
    4060    8.12000000  0.69930413E-12  0.28564319E-12  0.92267730E-12   863.99999983   -23345.56569624
    4070    8.14000000  0.56224766E-12 -0.21552331E-12  0.10492843E-11   863.99999983   -23345.56569624
    4080    8.16000000  0.46321660E-12 -0.62476497E-12  0.10277393E-11   863.99999983   -23345.56569624
    4090    8.18000000  0.45066489E-12 -0.11915007E-11  0.10393623E-11   863.99999983   -23345.56569624
    4100    8.20000000  0.25393404E-12 -0.16525993E-11  0.95468219E-12   863.99999983   -23345.56569625
    4110    8.22000000 -0.12337435E-12 -0.20214311E-11  0.84437271E-12   863.99999983   -23345.56569625
    4120    8.24000000 -0.35722079E-12 -0.22729016E-11  0.90965688E-12   863.99999983   -23345.56569625
    4130    8.26000000 -0.62225452E-12 -0.23171181E-11  0.81687986E-12   863.99999983   -23345.56569625
    4140    8.28000000 -0.87837827E-12 -0.22954559E-11  0.83266655E-12   863.99999983   -23345.56569625
    4150    8.30000000 -0.10752693E-11 -0.20420977E-11  0.59617963E-12   863.99999983   -23345.56569625
    4160    8.32000000 -0.10600566E-11 -0.18132881E-11  0.32782322E-12   863.99999983   -23345.56569625
    4170    8.34000000 -0.11181678E-11 -0.13925237E-11  0.59171375E-11   863.99999983   -23345.56569625
    4180    8.36000000 -0.90410750E-12 -0.81675467E-12  0.13521255E-09   863.99999983   -23345.56569625
    4190    8.38000000 -0.68609811E-12 -0.30033832E-12  0.58116893E-09   863.99999983   -23345.56569625
    4200    8.40000000 -0.49907047E-12  0.33289388E-12  0.11906000E-08   863.99999983   -23345.56569625
    4210    8.42000000 -0.30539851E-12  0.46185459E-12  0.10212529E-08   863.99999983   -23345.56569625
    4220    8.44000000  0.11501393E-12  0.10671785E-11 -0.20539482E-08   863.99999983   -23345.56569625
    4230    8.46000000  0.11789018E-11  0.33263303E-11 -0.11672329E-07   863.99999983   -23345.56569625
    4240    8.48000000  0.36326507E-11  0.98223731E-11 -0.33217668E-07   863.99999983   -23345.56569624
    4250    8.50000000  0.93478515E-11  0.25467417E-10 -0.73955149E-07   863.99999983   -23345.56569617
    4260    8.52000000  0.21067980E-10  0.58093405E-10 -0.14305938E-06   863.99999982   -23345.56569594
    4270    8.54000000  0.42905897E-10  0.11883820E-09 -0.25153219E-06   863.99999982   -23345.56569526
    4280    8.56000000  0.80047230E-10  0.22199175E-09 -0.41201636E-06   863.99999982   -23345.56569350
    4290    8.58000000  0.13874056E-09  0.38464924E-09 -0.63850907E-06   863.99999982   -23345.56568944
    4300    8.60000000  0.22633662E-09  0.62564109E-09 -0.94597966E-06   863.99999982   -23345.56568085
    4310    8.62000000  0.35037153E-09  0.96419294E-09 -0.13498989E-05   863.99999982   -23345.56566396
    4320    8.64000000  0.51845920E-09  0.14180877E-08 -0.18656901E-05   863.99999982   -23345.56563274
    4330    8.66000000  0.73685261E-09  0.20006011E-08 -0.25081126E-05   863.99999982   -23345.56557801
    4340    8.68000000  0.10097450E-08  0.27178295E-08 -0.32905902E-05   863.99999982   -23345.56548645
    4350    8.70000000  0.13381758E-08  0.35659076E-08 -0.42245056E-05   863.99999982   -23345.56533949
    4360    8.72000000  0.17187052E-08  0.45274249E-08 -0.53184774E-05   863.99999982   -23345.56511226
    4370    8.74000000  0.21430408E-08  0.55680112E-08 -0.65776378E-05   863.99999982   -23345.56477265
    4380    8.76000000  0.25961176E-08  0.66337536E-08 -0.80029339E-05   863.99999982   -23345.56428062
    4390    8.78000000  0.30558822E-08  0.76488761E-08 -0.95904734E-05   863.99999982   -23345.56358801
    4400    8.80000000  0.34923622E-08  0.85130804E-08 -0.11330936E-04   863.99999982   -23345.56263895
    4410    8.82000000  0.38677553E-08  0.91010489E-08 -0.13209071E-04   863.99999982   -23345.56137108
    4420    8.84000000  0.41357079E-08  0.92613285E-08 -0.15203299E-04   863.99999982   -23345.55971767
    4430    8.86000000  0.42427142E-08  0.88180041E-08 -0.17285429E-04   863.99999982   -23345.55761082
    4440    8.88000000  0.41276034E-08  0.75707092E-08 -0.19420523E-04   863.99999982   -23345.55498560
    4450    8.90000000  0.37226366E-08  0.52983092E-08 -0.21566895E-04   863.99999982   -23345.55178529
    4460    8.92000000  0.29556005E-08  0.17616576E-08 -0.23676272E-04   863.99999982   -23345.54796727
    4470    8.94000000  0.17507161E-08 -0.32913770E-08 -0.25694120E-04   863.99999982   -23345.54350947
    4480    8.96000000  0.31196933E-10 -0.10119884E-07 -0.27560124E-04   863.99999982   -23345.53841677
    4490    8.98000000 -0.22787564E-08 -0.18983294E-07 -0.29208841E-04   863.99999982   -23345.53272696
    4500    9.00000000 -0.52505955E-08 -0.30133038E-07 -0.30570512E-04   863.99999981   -23345.52651544
    4510    9.02000000 -0.89491658E-08 -0.43804408E-07 -0.31572025E-04   863.99999981   -23345.51989807
    4520    9.04000000 -0.13429005E-07 -0.60205651E-07 -0.32138033E-04   863.99999981   -23345.51303126
    4530    9.06000000 -0.18731436E-07 -0.79509390E-07 -0.32192203E-04   863.99999981   -23345.50610866
    4540    9.08000000 -0.24880863E-07 -0.10184020E-06 -0.31658577E-04   863.99999981   -23345.49935370
    4550    9.10000000 -0.31881919E-07 -0.12726493E-06 -0.30463047E-04   863.99999981   -23345.49300737
    4560    9.12000000 -0.39716586E-07 -0.15578251E-06 -0.28534897E-04   863.99999981   -23345.48731100
    4570    9.14000000 -0.48340716E-07 -0.18731294E-06 -0.25808406E-04   863.99999981   -23345.48248385
    4580    9.16000000 -0.57682544E-07 -0.22168869E-06 -0.22224480E-04   863.99999981   -23345.47869574
    4590    9.18000000 -0.67639797E-07 -0.25864577E-06 -0.17732278E-04   863.99999981   -23345.47603537
    4600    9.20000000 -0.78078994E-07 -0.29781668E-06 -0.12290813E-04   863.99999981   -23345.47447518
    4610    9.22000000 -0.88834319E-07 -0.33872515E-06 -0.58704934E-05   863.99999981   -23345.47383435
    4620    9.24000000 -0.99707342E-07 -0.38078186E-06  0.15454282E-05   863.99999981   -23345.47374137
    4630    9.26000000 -0.11046757E-06 -0.42328293E-06  0.99595208E-05   863.99999981   -23345.47359864
    4640    9.28000000 -0.12085433E-06 -0.46540986E-06  0.19358989E-04   863.99999981   -23345.47255121
    4650    9.30000000 -0.13057777E-06 -0.50623251E-06  0.29714662E-04   863.99999981   -23345.46946234
    4660    9.32000000 -0.13932266E-06 -0.54471431E-06  0.40980182E-04   863.99999981   -23345.46289839
    4670    9.34000000 -0.14675086E-06 -0.57971939E-06  0.53091414E-04   863.99999981   -23345.45112565
    4680    9.36000000 -0.15250665E-06 -0.61002336E-06  0.65966103E-04   863.99999981   -23345.43212129
    4690    9.38000000 -0.15622140E-06 -0.63432577E-06  0.79503793E-04   863.99999981   -23345.40360030
    4700    9.40000000 -0.15751936E-06 -0.65126567E-06  0.93586018E-04   863.99999981   -23345.36305976
    4710    9.42000000 -0.15602465E-06 -0.65944021E-06  0.10807680E-03   863.99999981   -23345.30784098
    4720    9.44000000 -0.15136716E-06 -0.65742404E-06  0.12282341E-03   863.99999981   -23345.23520916
    4730    9.46000000 -0.14319177E-06 -0.64379309E-06  0.13765749E-03   863.99999980   -23345.14244947
    4740    9.48000000 -0.13116479E-06 -0.61714884E-06  0.15239642E-03   863.99999980   -23345.02697725
    4750    9.50000000 -0.11498351E-06 -0.57614538E-06  0.16684500E-03   863.99999980   -23344.88645898
    4760    9.52000000 -0.94383606E-07 -0.51951800E-06  0.18079744E-03   863.99999980   -23344.71893993
    4770    9.54000000 -0.69147761E-07 -0.44611194E-06  0.19403960E-03   863.99999980   -23344.52297323
    4780    9.56000000 -0.39114333E-07 -0.35491315E-06  0.20635152E-03   863.99999980   -23344.29774451
    4790    9.58000000 -0.41843749E-08 -0.24507835E-06  0.21751011E-03   863.99999980   -23344.04318574
    4800    9.60000000  0.35669819E-07 -0.11596602E-06  0.22729212E-03   863.99999980   -23343.76007158
    4810    9.62000000  0.80398640E-07  0.32834808E-07  0.23547724E-03   863.99999980   -23343.45009161
    4820    9.64000000  0.12986842E-06  0.20147567E-06  0.24185128E-03   863.99999980   -23343.11589221
    4830    9.66000000  0.18385631E-06  0.38982251E-06  0.24620953E-03   863.99999980   -23342.76108257
    4840    9.68000000  0.24204606E-06  0.59743210E-06  0.24836003E-03   863.99999980   -23342.39020038
    4850    9.70000000  0.30402507E-06  0.82353118E-06  0.24812693E-03   863.99999980   -23342.00863417
    4860    9.72000000  0.36928234E-06  0.10670000E-05  0.24535363E-03   863.99999980   -23341.62250093
    4870    9.74000000  0.43720863E-06  0.13263596E-05  0.23990591E-03   863.99999980   -23341.23847971
    4880    9.76000000  0.50709751E-06  0.15997650E-05  0.23167477E-03   863.99999979   -23340.86360376
    4890    9.78000000  0.57814918E-06  0.18850039E-05  0.22057902E-03   863.99999979   -23340.50501615
    4900    9.80000000  0.64947463E-06  0.21795010E-05  0.20656757E-03   863.99999979   -23340.16969577
    4910    9.82000000  0.72010337E-06  0.24803299E-05  0.18962134E-03   863.99999979   -23339.86416252
    4920    9.84000000  0.78899119E-06  0.27842306E-05  0.16975476E-03   863.99999979   -23339.59417247
    4930    9.86000000  0.85503182E-06  0.30876347E-05  0.14701686E-03   863.99999979   -23339.36441467
    4940    9.88000000  0.91706939E-06  0.33866968E-05  0.12149179E-03   863.99999979   -23339.17822253
    4950    9.90000000  0.97391278E-06  0.36773335E-05  0.93299032E-04   863.99999979   -23339.03731278
    4960    9.92000000  0.10243517E-05  0.39552672E-05  0.62593004E-04   863.99999979   -23338.94156493
    4970    9.94000000  0.10671742E-05  0.42160755E-05  0.29562249E-04   863.99999979   -23338.88885325
    4980    9.96000000  0.11011855E-05  0.44552452E-05 -0.55717997E-05   863.99999979   -23338.87494190
    4990    9.98000000  0.11252277E-05  0.46682300E-05 -0.42556463E-04   863.99999979   -23338.89345190
    5000   10.00000000  0.11382002E-05  0.48505099E-05 -0.81109822E-04   863.99999979   -23338.93590627
    5010   10.02000000  0.11390792E-05  0.49976526E-05 -0.12092304E-03   863.99999979   -23338.99185688
    5020   10.04000000  0.11269383E-05  0.51053741E-05 -0.16166294E-03   863.99999978   -23339.04909338
    5030   10.06000000  0.11009671E-05  0.51695981E-05 -0.20297484E-03   863.99999978   -23339.09393182
    5040   10.08000000  0.10604894E-05  0.51865126E-05 -0.24448559E-03   863.99999978   -23339.11157677
    5050   10.10000000  0.10049799E-05  0.51526255E-05 -0.28580667E-03   863.99999978   -23339.08654830
    5060   10.12000000  0.93407831E-06  0.50648139E-05 -0.32653763E-03   863.99999978   -23339.00316183
    5070   10.14000000  0.84760217E-06  0.49203699E-05 -0.36626947E-03   863.99999978   -23338.84604653
    5080   10.16000000  0.74555715E-06  0.47170431E-05 -0.40458828E-03   863.99999978   -23338.60068591
    5090   10.18000000  0.62814443E-06  0.44530768E-05 -0.44107906E-03   863.99999978   -23338.25396213
    5100   10.20000000  0.49576619E-06  0.41272409E-05 -0.47532958E-03   863.99999978   -23337.79468508
    5110   10.22000000  0.34902792E-06  0.37388620E-05 -0.50693458E-03   863.99999978   -23337.21408615
    5120   10.24000000  0.18874005E-06  0.32878483E-05 -0.53550012E-03   863.99999978   -23336.50625720
    5130   10.26000000  0.15915262E-07  0.27747143E-05 -0.56064814E-03   863.99999978   -23335.66851578
    5140   10.28000000 -0.16823552E-06  0.22006020E-05 -0.58202124E-03   863.99999978   -23334.70167935
    5150   10.30000000 -0.36230804E-06  0.15673014E-05 -0.59928770E-03   863.99999978   -23333.61023351
    5160   10.32000000 -0.56471282E-06  0.87726982E-06 -0.61214657E-03   863.99999977   -23332.40238209
    5170   10.34000000 -0.77368390E-06  0.13365045E-06 -0.62033295E-03   863.99999977   -23331.08997101
    5180   10.36000000 -0.98728990E-06 -0.65971072E-06 -0.62362317E-03   863.99999977   -23329.68828161
    5190   10.38000000 -0.12034452E-05 -0.14982487E-05 -0.62183986E-03   863.99999977   -23328.21569457
    5200   10.40000000 -0.14199245E-05 -0.23766676E-05 -0.61485682E-03   863.99999977   -23326.69323027
    5210   10.42000000 -0.16343780E-05 -0.32889310E-05 -0.60260333E-03   863.99999977   -23325.14397702
    5220   10.44000000 -0.18443495E-05 -0.42282594E-05 -0.58506798E-03   863.99999977   -23323.59242388
    5230   10.46000000 -0.20472962E-05 -0.51871337E-05 -0.56230160E-03   863.99999976   -23322.06371970
    5240   10.48000000 -0.22406123E-05 -0.61573097E-05 -0.53441932E-03   863.99999976   -23320.58288422
    5250   10.50000000 -0.24216552E-05 -0.71298445E-05 -0.50160141E-03   863.99999976   -23319.17400060
    5260   10.52000000 -0.25877765E-05 -0.80951365E-05 -0.46409299E-03   863.99999976   -23317.85942079
    5270   10.54000000 -0.27363558E-05 -0.90429816E-05 -0.42220224E-03   863.99999976   -23316.65901596
    5280   10.56000000 -0.28648403E-05 -0.99626502E-05 -0.37629736E-03   863.99999976   -23315.58950338
    5290   10.58000000 -0.29707863E-05 -0.10842981E-04 -0.32680203E-03   863.99999975   -23314.66387855
    5300   10.60000000 -0.30519057E-05 -0.11672501E-04 -0.27418961E-03   863.99999975   -23313.89097765
    5310   10.62000000 -0.31061138E-05 -0.12439559E-04 -0.21897608E-03   863.99999975   -23313.27518961
    5320   10.64000000 -0.31315787E-05 -0.13132488E-04 -0.16171204E-03   863.99999975   -23312.81633061
    5330   10.66000000 -0.31267698E-05 -0.13739785E-04 -0.10297390E-03   863.99999975   -23312.50968655
    5340   10.68000000 -0.30905026E-05 -0.14250303E-04 -0.43354508E-04   863.99999975   -23312.34622123
    5350   10.70000000 -0.30219804E-05 -0.14653461E-04  0.16546301E-04   863.99999974   -23312.31294025
    5360   10.72000000 -0.29208273E-05 -0.14939459E-04  0.76131154E-04   863.99999974   -23312.39339387
    5370   10.74000000 -0.27871123E-05 -0.15099495E-04  0.13481410E-03   863.99999974   -23312.56829597
    5380   10.76000000 -0.26213637E-05 -0.15125979E-04  0.19202891E-03   863.99999974   -23312.81623157
    5390   10.78000000 -0.24245701E-05 -0.15012726E-04  0.24723640E-03   863.99999974   -23313.11442247
    5400   10.80000000 -0.21981717E-05 -0.14755142E-04  0.29993072E-03   863.99999974   -23313.43951918
    5410   10.82000000 -0.19440364E-05 -0.14350363E-04  0.34964432E-03   863.99999974   -23313.76838761
    5420   10.84000000 -0.16644278E-05 -0.13797379E-04  0.39595174E-03   863.99999974   -23314.07886111
    5430   10.86000000 -0.13619624E-05 -0.13097102E-04  0.43847209E-03   863.99999974   -23314.35043124
    5440   10.88000000 -0.10395598E-05 -0.12252398E-04  0.47687042E-03   863.99999974   -23314.56485531
    5450   10.90000000 -0.70038812E-06 -0.11268074E-04  0.51085811E-03   863.99999973   -23314.70666305
    5460   10.92000000 -0.34780638E-06 -0.10150817E-04  0.54019239E-03   863.99999973   -23314.76355011
    5470   10.94000000  0.14693123E-07 -0.89090934E-05  0.56467529E-03   863.99999973   -23314.72665109
    5480   10.96000000  0.38354052E-06 -0.75530115E-05  0.58415227E-03   863.99999973   -23314.59068943
    5490   10.98000000  0.75514092E-06 -0.60941535E-05  0.59851056E-03   863.99999973   -23314.35400603
    5500   11.00000000  0.11259221E-05 -0.45453818E-05  0.60767762E-03   863.99999973   -23314.01847181
    5510   11.02000000  0.14923772E-05 -0.29206316E-05  0.61161978E-03   863.99999973   -23313.58929296
    5520   11.04000000  0.18511009E-05 -0.12346935E-05  0.61034109E-03   863.99999973   -23313.07471990
    5530   11.06000000  0.21988203E-05  0.49700378E-06  0.60388260E-03   863.99999973   -23312.48567300
    5540   11.08000000  0.25324197E-05  0.22586059E-05  0.59232200E-03   863.99999973   -23311.83529972
    5550   11.10000000  0.28489602E-05  0.40340344E-05  0.57577354E-03   863.99999973   -23311.13847885
    5560   11.12000000  0.31456953E-05  0.58071749E-05  0.55438822E-03   863.99999973   -23310.41128856
    5570   11.14000000  0.34200815E-05  0.75620462E-05  0.52835417E-03   863.99999972   -23309.67045512
    5580   11.16000000  0.36697859E-05  0.92829530E-05  0.49789691E-03   863.99999972   -23308.93279961
    5590   11.18000000  0.38926908E-05  0.10954618E-04  0.46327959E-03   863.99999972   -23308.21469965
    5600   11.20000000  0.40868976E-05  0.12562300E-04  0.42480280E-03   863.99999972   -23307.53158259
    5610   11.22000000  0.42507278E-05  0.14091886E-04  0.38280401E-03   863.99999972   -23306.89746557
    5620   11.24000000  0.43827247E-05  0.15529984E-04  0.33765636E-03   863.99999972   -23306.32455650
    5630   11.26000000  0.44816551E-05  0.16863989E-04  0.28976684E-03   863.99999972   -23305.82292789
    5640   11.28000000  0.45465117E-05  0.18082145E-04  0.23957359E-03   863.99999972   -23305.40027303
    5650   11.30000000  0.45765165E-05  0.19173602E-04  0.18754262E-03   863.99999972   -23305.06175097
    5660   11.32000000  0.45711272E-05  0.20128465E-04  0.13416352E-03   863.99999971   -23304.80992391
    5670   11.34000000  0.45300438E-05  0.20937838E-04  0.79944664E-04   863.99999971   -23304.64478640
    5680   11.36000000  0.44532180E-05  0.21593871E-04  0.25407633E-04   863.99999971   -23304.56388311
    5690   11.38000000  0.43408619E-05  0.22089802E-04 -0.28918835E-04   863.99999971   -23304.56250760
    5700   11.40000000  0.41934595E-05  0.22420005E-04 -0.82505289E-04   863.99999971   -23304.63397218
    5710   11.42000000  0.40117753E-05  0.22580036E-04 -0.13482825E-03   863.99999971   -23304.76993571
    5720   11.44000000  0.37968629E-05  0.22566681E-04 -0.18537695E-03   863.99999971   -23304.96077458
    5730   11.46000000  0.35500706E-05  0.22378004E-04 -0.23366001E-03   863.99999971   -23305.19598035
    5740   11.48000000  0.32730429E-05  0.22013402E-04 -0.27921184E-03   863.99999971   -23305.46456745
    5750   11.50000000  0.29677181E-05  0.21473644E-04 -0.32159863E-03   863.99999971   -23305.75547423
    5760   11.52000000  0.26363196E-05  0.20760920E-04 -0.36042385E-03   863.99999970   -23306.05794178
    5770   11.54000000  0.22813441E-05  0.19878877E-04 -0.39533311E-03   863.99999970   -23306.36185681
    5780   11.56000000  0.19055412E-05  0.18832642E-04 -0.42601829E-03   863.99999970   -23306.65804695
    5790   11.58000000  0.15118900E-05  0.17628835E-04 -0.45222097E-03   863.99999970   -23306.93851960
    5800   11.60000000  0.11035690E-05  0.16275565E-04 -0.47373495E-03   863.99999970   -23307.19663849
    5810   11.62000000  0.68392226E-06  0.14782404E-04 -0.49040811E-03   863.99999970   -23307.42723516
    5820   11.64000000  0.25642290E-06  0.13160341E-04 -0.50214337E-03   863.99999970   -23307.62665554
    5830   11.66000000 -0.17536709E-06  0.11421713E-04 -0.50889893E-03   863.99999970   -23307.79274460
    5840   11.68000000 -0.60783693E-06  0.95801074E-05 -0.51068779E-03   863.99999970   -23307.92477465
    5850   11.70000000 -0.10373691E-05  0.76502472E-05 -0.50757657E-03   863.99999970   -23308.02332461
    5860   11.72000000 -0.14603789E-05  0.56478531E-05 -0.49968377E-03   863.99999970   -23308.09011949
    5870   11.74000000 -0.18733538E-05  0.35894867E-05 -0.48717734E-03   863.99999970   -23308.12784002
    5880   11.76000000 -0.22728894E-05  0.14923798E-05 -0.47027189E-03   863.99999969   -23308.13991296
    5890   11.78000000 -0.26557232E-05 -0.62574642E-06 -0.44922536E-03   863.99999969   -23308.13029267
    5900   11.80000000 -0.30187650E-05 -0.27468694E-05 -0.42433530E-03   863.99999969   -23308.10324379
    5910   11.82000000 -0.33591242E-05 -0.48528547E-05 -0.39593481E-03   863.99999969   -23308.06313421
    5920   11.84000000 -0.36741333E-05 -0.69256467E-05 -0.36438823E-03   863.99999969   -23308.01424612
    5930   11.86000000 -0.39613677E-05 -0.89474529E-05 -0.33008647E-03   863.99999969   -23307.96061137
    5940   11.88000000 -0.42186646E-05 -0.10900924E-04 -0.29344227E-03   863.99999969   -23307.90587588
    5950   11.90000000 -0.44441348E-05 -0.12769322E-04 -0.25488516E-03   863.99999969   -23307.85319607
    5960   11.92000000 -0.46361758E-05 -0.14536686E-04 -0.21485647E-03   863.99999969   -23307.80516835
    5970   11.94000000 -0.47934782E-05 -0.16187976E-04 -0.17380414E-03   863.99999969   -23307.76379147
    5980   11.96000000 -0.49150320E-05 -0.17709215E-04 -0.13217759E-03   863.99999969   -23307.73045974
    5990   11.98000000 -0.50001269E-05 -0.19087610E-04 -0.90422680E-04   863.99999969   -23307.70598403
    6000   12.00000000 -0.50483511E-05 -0.20311668E-04 -0.48976673E-04   863.99999969   -23307.69063654
    6010   12.02000000 -0.50595861E-05 -0.21371289E-04 -0.82634502E-05   863.99999968   -23307.68421440
    6020   12.04000000 -0.50339984E-05 -0.22257852E-04  0.31311110E-04   863.99999968   -23307.68611710
    6030   12.06000000 -0.49720279E-05 -0.22964283E-04  0.69363461E-04   863.99999968   -23307.69543223
    6040   12.08000000 -0.48743744E-05 -0.23485113E-04  0.10553640E-03   863.99999968   -23307.71102458
    6050   12.10000000 -0.47419815E-05 -0.23816514E-04  0.13950269E-03   863.99999968   -23307.73162372
    6060   12.12000000 -0.45760200E-05 -0.23956329E-04  0.17096828E-03   863.99999968   -23307.75590597
    6070   12.14000000 -0.43778708E-05 -0.23904083E-04  0.19967500E-03   863.99999968   -23307.78256740
    6080   12.16000000 -0.41491076E-05 -0.23660981E-04  0.22540281E-03   863.99999968   -23307.81038524
    6090   12.18000000 -0.38914820E-05 -0.23229890E-04  0.24797147E-03   863.99999968   -23307.83826615
    6100   12.20000000 -0.36069078E-05 -0.22615310E-04  0.26724167E-03   863.99999968   -23307.86528062
    6110   12.22000000 -0.32974475E-05 -0.21823326E-04  0.28311560E-03   863.99999968   -23307.89068349
    6120   12.24000000 -0.29653003E-05 -0.20861547E-04  0.29553695E-03   863.99999968   -23307.91392158
    6130   12.26000000 -0.26127907E-05 -0.19739034E-04  0.30449039E-03   863.99999967   -23307.93462978
    6140   12.28000000 -0.22423572E-05 -0.18466205E-04  0.31000055E-03   863.99999967   -23307.95261751
    6150   12.30000000 -0.18565410E-05 -0.17054735E-04  0.31213051E-03   863.99999967   -23307.96784779
    6160   12.32000000 -0.14579750E-05 -0.15517438E-04  0.31097988E-03   863.99999967   -23307.98041132
    6170   12.34000000 -0.10493714E-05 -0.13868138E-04  0.30668243E-03   863.99999967   -23307.99049765
    6180   12.36000000 -0.63350837E-06 -0.12121530E-04  0.29940351E-03   863.99999967   -23307.99836592
    6190   12.38000000 -0.21321698E-06 -0.10293034E-04  0.28933701E-03   863.99999967   -23308.00431673
    6200   12.40000000  0.20863372E-06 -0.83986419E-05  0.27670221E-03   863.99999967   -23308.00866698
    6210   12.42000000  0.62915204E-06 -0.64547612E-05  0.26174033E-03   863.99999967   -23308.01172847
    6220   12.44000000  0.10454397E-05 -0.44780585E-05  0.24471098E-03   863.99999967   -23308.01379130
    6230   12.46000000  0.14546080E-05 -0.24853001E-05  0.22588843E-03   863.99999967   -23308.01511207
    6240   12.48000000  0.18537951E-05 -0.49319693E-06  0.20555786E-03   863.99999967   -23308.01590695
    6250   12.50000000  0.22401842E-05  0.14817490E-05  0.18401155E-03   863.99999967   -23308.01634914
    6260   12.52000000  0.26110219E-05  0.34233933E-05  0.16154508E-03   863.99999966   -23308.01657005
    6270   12.54000000  0.29636392E-05  0.53160933E-05  0.13845363E-03   863.99999966   -23308.01666330
    6280   12.56000000  0.32954726E-05  0.71448467E-05  0.11502832E-03   863.99999966   -23308.01669073
    6290   12.58000000  0.36040866E-05  0.88954232E-05  0.91552709E-04   863.99999966   -23308.01668932
    6300   12.60000000  0.38871971E-05  0.10554487E-04  0.68299556E-04   863.99999966   -23308.01667831
    6310   12.62000000  0.41426958E-05  0.12109714E-04  0.45527697E-04   863.99999966   -23308.01666565
    6320   12.64000000  0.43686745E-05  0.13549889E-04  0.23479250E-04   863.99999966   -23308.01665328
    6330   12.66000000  0.45634498E-05  0.14865003E-04  0.23771040E-05   863.99999966   -23308.01664093
    6340   12.68000000  0.47255854E-05  0.16046326E-04 -0.17577267E-04   863.99999966   -23308.01662816
    6350   12.70000000  0.48539141E-05  0.17086467E-04 -0.36205568E-04   863.99999966   -23308.01661490
    6360   12.72000000  0.49475572E-05  0.17979426E-04 -0.53353706E-04   863.99999966   -23308.01660121
    6370   12.74000000  0.50059403E-05  0.18720616E-04 -0.68892374E-04   863.99999966   -23308.01658717
    6380   12.76000000  0.50288057E-05  0.19306881E-04 -0.82717430E-04   863.99999966   -23308.01657291
    6390   12.78000000  0.50162206E-05  0.19736486E-04 -0.94749979E-04   863.99999965   -23308.01655859
    6400   12.80000000  0.49685793E-05  0.20009105E-04 -0.10493616E-03   863.99999965   -23308.01654437
    6410   12.82000000  0.48865992E-05  0.20125781E-04 -0.11324669E-03   863.99999965   -23308.01653041
    6420   12.84000000  0.47713110E-05  0.20088879E-04 -0.11967611E-03   863.99999965   -23308.01651688
    6430   12.86000000  0.46240412E-05  0.19902027E-04 -0.12424186E-03   863.99999965   -23308.01650393
    6440   12.88000000  0.44463878E-05  0.19570047E-04 -0.12698308E-03   863.99999965   -23308.01649168
    6450   12.90000000  0.42401896E-05  0.19098873E-04 -0.12795924E-03   863.99999965   -23308.01648025
    6460   12.92000000  0.40074882E-05  0.18495465E-04 -0.12724855E-03   863.99999965   -23308.01646971
    6470   12.94000000  0.37504870E-05  0.17767719E-04 -0.12494629E-03   863.99999965   -23308.01646009
    6480   12.96000000  0.34715058E-05  0.16924367E-04 -0.12116296E-03   863.99999965   -23308.01645142
    6490   12.98000000  0.31729357E-05  0.15974879E-04 -0.11602230E-03   863.99999965   -23308.01644367
    6500   13.00000000  0.28571937E-05  0.14929357E-04 -0.10965933E-03   863.99999965   -23308.01643680
    6510   13.02000000  0.25266812E-05  0.13798437E-04 -0.10221821E-03   863.99999965   -23308.01643073
    6520   13.04000000  0.21837483E-05  0.12593179E-04 -0.93850222E-04   863.99999964   -23308.01642536
    6530   13.06000000  0.18306644E-05  0.11324964E-04 -0.84711636E-04   863.99999964   -23308.01642058
    6540   13.08000000  0.14695978E-05  0.10005388E-04 -0.74961665E-04   863.99999964   -23308.01641627
    6550   13.10000000  0.11026015E-05  0.86461615E-05 -0.64760448E-04   863.99999964   -23308.01641229
    6560   13.12000000  0.73160992E-06  0.72590012E-05 -0.54267099E-04   863.99999964   -23308.01640853
    6570   13.14000000  0.35844151E-06  0.58555332E-05 -0.43637834E-04   863.99999964   -23308.01640486
    6580   13.16000000 -0.15190999E-07  0.44471922E-05 -0.33024189E-04   863.99999964   -23308.01640117
    6590   13.18000000 -0.38766634E-06  0.30451275E-05 -0.22571340E-04   863.99999964   -23308.01639735
    6600   13.20000000 -0.75743511E-06  0.16601123E-05 -0.12416549E-04   863.99999964   -23308.01639334
    6610   13.22000000 -0.11229989E-05  0.30245852E-06 -0.26877372E-05   863.99999964   -23308.01638908
    6620   13.24000000 -0.14828887E-05 -0.10180627E-05  0.64977942E-05   863.99999964   -23308.01638454
    6630   13.26000000 -0.18356431E-05 -0.22922944E-05  0.15034474E-04   863.99999964   -23308.01637970
    6640   13.28000000 -0.21797895E-05 -0.35117585E-05  0.22829397E-04   863.99999964   -23308.01637459
    6650   13.30000000 -0.25138273E-05 -0.46687136E-05  0.29803069E-04   863.99999963   -23308.01636924
    6660   13.32000000 -0.28362144E-05 -0.57562030E-05  0.35889961E-04   863.99999963   -23308.01636369
    6670   13.34000000 -0.31453587E-05 -0.67680952E-05  0.41038869E-04   863.99999963   -23308.01635802
    6680   13.36000000 -0.34396147E-05 -0.76991134E-05  0.45213077E-04   863.99999963   -23308.01635230
    6690   13.38000000 -0.37172845E-05 -0.85448557E-05  0.48390349E-04   863.99999963   -23308.01634660
    6700   13.40000000 -0.39766255E-05 -0.93018050E-05  0.50562742E-04   863.99999963   -23308.01634102
    6710   13.42000000 -0.42158618E-05 -0.99673289E-05  0.51736255E-04   863.99999963   -23308.01633561
    6720   13.44000000 -0.44332029E-05 -0.10539671E-04  0.51930345E-04   863.99999963   -23308.01633046
    6730   13.46000000 -0.46268649E-05 -0.11017932E-04  0.51177289E-04   863.99999963   -23308.01632562
    6740   13.48000000 -0.47950973E-05 -0.11402046E-04  0.49521432E-04   863.99999963   -23308.01632114
    6750   13.50000000 -0.49362125E-05 -0.11692747E-04  0.47018308E-04   863.99999963   -23308.01631704
    6760   13.52000000 -0.50486171E-05 -0.11891532E-04  0.43733655E-04   863.99999963   -23308.01631336
    6770   13.54000000 -0.51308449E-05 -0.12000621E-04  0.39742322E-04   863.99999963   -23308.01631009
    6780   13.56000000 -0.51815888E-05 -0.12022910E-04  0.35127101E-04   863.99999962   -23308.01630721
    6790   13.58000000 -0.51997329E-05 -0.11961919E-04  0.29977472E-04   863.99999962   -23308.01630470
    6800   13.60000000 -0.51843802E-05 -0.11821747E-04  0.24388291E-04   863.99999962   -23308.01630253
    6810   13.62000000 -0.51348791E-05 -0.11607011E-04  0.18458451E-04   863.99999962   -23308.01630063
    6820   13.64000000 -0.50508437E-05 -0.11322788E-04  0.12289502E-04   863.99999962   -23308.01629895
    6830   13.66000000 -0.49321694E-05 -0.10974551E-04  0.59842893E-05   863.99999962   -23308.01629743
    6840   13.68000000 -0.47790429E-05 -0.10568104E-04 -0.35440270E-06   863.99999962   -23308.01629600
    6850   13.70000000 -0.45919474E-05 -0.10109507E-04 -0.66251701E-05   863.99999962   -23308.01629459
    6860   13.72000000 -0.43716602E-05 -0.96049982E-05 -0.12729261E-04   863.99999962   -23308.01629315
    6870   13.74000000 -0.41192466E-05 -0.90609193E-05 -0.18571792E-04   863.99999962   -23308.01629161
    6880   13.76000000 -0.38360480E-05 -0.84836295E-05 -0.24062891E-04   863.99999962   -23308.01628992
    6890   13.78000000 -0.35236671E-05 -0.78794240E-05 -0.29118773E-04   863.99999962   -23308.01628806
    6900   13.80000000 -0.31839504E-05 -0.72544545E-05 -0.33662724E-04   863.99999962   -23308.01628599
    6910   13.82000000 -0.28189678E-05 -0.66146520E-05 -0.37626006E-04   863.99999961   -23308.01628370
    6920   13.84000000 -0.24309942E-05 -0.59656565E-05 -0.40948655E-04   863.99999961   -23308.01628118
    6930   13.86000000 -0.20224881E-05 -0.53127557E-05 -0.43580178E-04   863.99999961   -23308.01627845
    6940   13.88000000 -0.15960754E-05 -0.46608323E-05 -0.45480138E-04   863.99999961   -23308.01627554
    6950   13.90000000 -0.11545315E-05 -0.40143228E-05 -0.46618603E-04   863.99999961   -23308.01627248
    6960   13.92000000 -0.70076826E-06 -0.33771883E-05 -0.46976479E-04   863.99999961   -23308.01626931
    6970   13.94000000 -0.23782142E-06 -0.27528983E-05 -0.46545687E-04   863.99999961   -23308.01626608
    6980   13.96000000  0.23115964E-06 -0.21444233E-05 -0.45329203E-04   863.99999961   -23308.01626285
    6990   13.98000000  0.70292081E-06 -0.15542415E-05 -0.43340952E-04   863.99999961   -23308.01625967
    7000   14.00000000  0.11741105E-05 -0.98435431E-06 -0.40605540E-04   863.99999961   -23308.01625659
    7010   14.02000000  0.16412896E-05 -0.43631106E-06 -0.37157858E-04   863.99999961   -23308.01625367
    7020   14.04000000  0.21009406E-05  0.88757555E-07 -0.33042531E-04   863.99999961   -23308.01625093
    7030   14.06000000  0.25494809E-05  0.59010080E-06 -0.28313250E-04   863.99999961   -23308.01624842
    7040   14.08000000  0.29832785E-05  0.10673025E-05 -0.23031970E-04   863.99999960   -23308.01624614
    7050   14.10000000  0.33986721E-05  0.15202337E-05 -0.17268018E-04   863.99999960   -23308.01624411
    7060   14.12000000  0.37919966E-05  0.19490031E-05 -0.11097090E-04   863.99999960   -23308.01624232
    7070   14.14000000  0.41596136E-05  0.23539081E-05 -0.46001775E-05   863.99999960   -23308.01624075
    7080   14.16000000  0.44979477E-05  0.27353884E-05  0.21375672E-05   863.99999960   -23308.01623938
    7090   14.18000000  0.48035271E-05  0.30939832E-05  0.90280233E-05   863.99999960   -23308.01623817
    7100   14.20000000  0.50730295E-05  0.34302946E-05  0.15981319E-04   863.99999960   -23308.01623707
    7110   14.22000000  0.53033313E-05  0.37449566E-05  0.22907068E-04   863.99999960   -23308.01623603
    7120   14.24000000  0.54915599E-05  0.40386122E-05  0.29715592E-04   863.99999960   -23308.01623502
    7130   14.26000000  0.56351470E-05  0.43118967E-05  0.36319135E-04   863.99999960   -23308.01623397
    7140   14.28000000  0.57318811E-05  0.45654269E-05  0.42633014E-04   863.99999960   -23308.01623284
    7150   14.30000000  0.57799586E-05  0.47997956E-05  0.48576720E-04   863.99999960   -23308.01623161
    7160   14.32000000  0.57780300E-05  0.50155696E-05  0.54074925E-04   863.99999960   -23308.01623023
    7170   14.34000000  0.57252416E-05  0.52132902E-05  0.59058401E-04   863.99999959   -23308.01622869
    7180   14.36000000  0.56212700E-05  0.53934724E-05  0.63464822E-04   863.99999959   -23308.01622697
    7190   14.38000000  0.54663475E-05  0.55566054E-05  0.67239455E-04   863.99999959   -23308.01622509
    7200   14.40000000  0.52612790E-05  0.57031490E-05  0.70335722E-04   863.99999959   -23308.01622303
    7210   14.42000000  0.50074493E-05  0.58335281E-05  0.72715647E-04   863.99999959   -23308.01622083
    7220   14.44000000  0.47068207E-05  0.59481247E-05  0.74350177E-04   863.99999959   -23308.01621850
    7230   14.46000000  0.43619202E-05  0.60472668E-05  0.75219392E-04   863.99999959   -23308.01621608
    7240   14.48000000  0.39758197E-05  0.61312147E-05  0.75312606E-04   863.99999959   -23308.01621359
    7250   14.50000000  0.35521057E-05  0.62001470E-05  0.74628361E-04   863.99999959   -23308.01621107
    7260   14.52000000  0.30948427E-05  0.62541460E-05  0.73174331E-04   863.99999959   -23308.01620857
    7270   14.54000000  0.26085288E-05  0.62931837E-05  0.70967123E-04   863.99999959   -23308.01620611
    7280   14.56000000  0.20980440E-05  0.63171108E-05  0.68032000E-04   863.99999959   -23308.01620374
    7290   14.58000000  0.15685927E-05  0.63256483E-05  0.64402502E-04   863.99999959   -23308.01620148
    7300   14.60000000  0.10256390E-05  0.63183833E-05  0.60119990E-04   863.99999958   -23308.01619936
    7310   14.62000000  0.47483646E-06  0.62947687E-05  0.55233096E-04   863.99999958   -23308.01619741
    7320   14.64000000 -0.78049277E-07  0.62541285E-05  0.49797092E-04   863.99999958   -23308.01619564
    7330   14.66000000 -0.62722148E-06  0.61956670E-05  0.43873169E-04   863.99999958   -23308.01619405
    7340   14.68000000 -0.11669380E-05  0.61184830E-05  0.37527640E-04   863.99999958   -23308.01619264
    7350   14.70000000 -0.16915995E-05  0.60215868E-05  0.30831065E-04   863.99999958   -23308.01619139
    7360   14.72000000 -0.21958367E-05  0.59039221E-05  0.23857310E-04   863.99999958   -23308.01619029
    7370   14.74000000 -0.26745970E-05  0.57643897E-05  0.16682554E-04   863.99999958   -23308.01618931
    7380   14.76000000 -0.31232244E-05  0.56018743E-05  0.93842478E-05   863.99999958   -23308.01618840
    7390   14.78000000 -0.35375309E-05  0.54152746E-05  0.20400598E-05   863.99999958   -23308.01618753
    7400   14.80000000 -0.39138587E-05  0.52035359E-05 -0.52731827E-05   863.99999958   -23308.01618665
    7410   14.82000000 -0.42491270E-05  0.49656855E-05 -0.12480524E-04   863.99999958   -23308.01618573
    7420   14.84000000 -0.45408654E-05  0.47008726E-05 -0.19509856E-04   863.99999958   -23308.01618474
    7430   14.86000000 -0.47872295E-05  0.44084103E-05 -0.26292815E-04   863.99999957   -23308.01618364
    7440   14.88000000 -0.49870002E-05  0.40878223E-05 -0.32765562E-04   863.99999957   -23308.01618243
    7450   14.90000000 -0.51395672E-05  0.37388906E-05 -0.38869429E-04   863.99999957   -23308.01618111
    7460   14.92000000 -0.52448970E-05  0.33617047E-05 -0.44551411E-04   863.99999957   -23308.01617967
    7470   14.94000000 -0.53034896E-05  0.29567078E-05 -0.49764482E-04   863.99999957   -23308.01617813
    7480   14.96000000 -0.53163239E-05  0.25247397E-05 -0.54467740E-04   863.99999957   -23308.01617652
    7490   14.98000000 -0.52847969E-05  0.20670709E-05 -0.58626384E-04   863.99999957   -23308.01617485
    7500   15.00000000 -0.52106604E-05  0.15854271E-05 -0.62211532E-04   863.99999957   -23308.01617314
    7510   15.02000000 -0.50959564E-05  0.10819976E-05 -0.65199918E-04   863.99999957   -23308.01617143
    7520   15.04000000 -0.49429569E-05  0.55942984E-06 -0.67573496E-04   863.99999957   -23308.01616971
    7530   15.06000000 -0.47541096E-05  0.20806053E-07 -0.69318998E-04   863.99999957   -23308.01616800
    7540   15.08000000 -0.45319915E-05 -0.53039758E-06 -0.70427483E-04   863.99999957   -23308.01616630
    7550   15.10000000 -0.42792719E-05 -0.10903668E-05 -0.70893924E-04   863.99999957   -23308.01616460
    7560   15.12000000 -0.39986870E-05 -0.16550179E-05 -0.70716878E-04   863.99999956   -23308.01616289
    7570   15.14000000 -0.36930220E-05 -0.22200765E-05 -0.69898261E-04   863.99999956   -23308.01616115
    7580   15.16000000 -0.33651044E-05 -0.27811600E-05 -0.68443254E-04   863.99999956   -23308.01615938
    7590   15.18000000 -0.30178040E-05 -0.33338608E-05 -0.66360344E-04   863.99999956   -23308.01615755
    7600   15.20000000 -0.26540377E-05 -0.38738247E-05 -0.63661504E-04   863.99999956   -23308.01615568
    7610   15.22000000 -0.22767777E-05 -0.43968213E-05 -0.60362486E-04   863.99999956   -23308.01615376
    7620   15.24000000 -0.18890599E-05 -0.48988027E-05 -0.56483207E-04   863.99999956   -23308.01615181
    7630   15.26000000 -0.14939908E-05 -0.53759484E-05 -0.52048190E-04   863.99999956   -23308.01614986
    7640   15.28000000 -0.10947499E-05 -0.58246966E-05 -0.47087028E-04   863.99999956   -23308.01614793
    7650   15.30000000 -0.69458808E-06 -0.62417600E-05 -0.41634822E-04   863.99999956   -23308.01614606
    7660   15.32000000 -0.29681903E-06 -0.66241303E-05 -0.35732554E-04   863.99999956   -23308.01614428
    7670   15.34000000  0.95197185E-07 -0.69690717E-05 -0.29427369E-04   863.99999956   -23308.01614264
    7680   15.36000000  0.47807565E-06 -0.72741057E-05 -0.22772718E-04   863.99999956   -23308.01614115
    7690   15.38000000  0.84843521E-06 -0.75369916E-05 -0.15828353E-04   863.99999955   -23308.01613984
    7700   15.40000000  0.12029331E-05 -0.77557035E-05 -0.86601420E-05   863.99999955   -23308.01613870
    7710   15.42000000  0.15383040E-05 -0.79284086E-05 -0.13396940E-05   863.99999955   -23308.01613772
    7720   15.44000000  0.18514018E-05 -0.80534471E-05  0.60562079E-05   863.99999955   -23308.01613689
    7730   15.46000000  0.21392449E-05 -0.81293173E-05  0.13446374E-04   863.99999955   -23308.01613615
    7740   15.48000000  0.23990621E-05 -0.81546653E-05  0.20746169E-04   863.99999955   -23308.01613545
    7750   15.50000000  0.26283391E-05 -0.81282827E-05  0.27868657E-04   863.99999955   -23308.01613473
    7760   15.52000000  0.28248633E-05 -0.80491116E-05  0.34725921E-04   863.99999955   -23308.01613392
    7770   15.54000000  0.29867690E-05 -0.79162577E-05  0.41230524E-04   863.99999955   -23308.01613295
    7780   15.56000000  0.31125768E-05 -0.77290120E-05  0.47297099E-04   863.99999955   -23308.01613176
    7790   15.58000000  0.32012318E-05 -0.74868802E-05  0.52844018E-04   863.99999955   -23308.01613030
    7800   15.60000000  0.32521364E-05 -0.71896213E-05  0.57795103E-04   863.99999955   -23308.01612853
    7810   15.62000000  0.32651764E-05 -0.68372914E-05  0.62081329E-04   863.99999955   -23308.01612645
    7820   15.64000000  0.32407407E-05 -0.64302970E-05  0.65642469E-04   863.99999954   -23308.01612405
    7830   15.66000000  0.31797336E-05 -0.59694499E-05  0.68428612E-04   863.99999954   -23308.01612138
    7840   15.68000000  0.30835771E-05 -0.54560285E-05  0.70401495E-04   863.99999954   -23308.01611847
    7850   15.70000000  0.29542028E-05 -0.48918376E-05  0.71535612E-04   863.99999954   -23308.01611541
    7860   15.72000000  0.27940344E-05 -0.42792679E-05  0.71819020E-04   863.99999954   -23308.01611228
    7870   15.74000000  0.26059570E-05 -0.36213481E-05  0.71253824E-04   863.99999954   -23308.01610916
    7880   15.76000000  0.23932771E-05 -0.29217899E-05  0.69856307E-04   863.99999954   -23308.01610615
    7890   15.78000000  0.21596698E-05 -0.21850187E-05  0.67656678E-04   863.99999954   -23308.01610332
    7900   15.80000000  0.19091165E-05 -0.14161884E-05  0.64698462E-04   863.99999954   -23308.01610075
    7910   15.82000000  0.16458331E-05 -0.62117335E-06  0.61037527E-04   863.99999954   -23308.01609847
    7920   15.84000000  0.13741901E-05  0.19346120E-06  0.56740794E-04   863.99999954   -23308.01609652
    7930   15.86000000  0.10986275E-05  0.10205159E-05  0.51884669E-04   863.99999954   -23308.01609488
    7940   15.88000000  0.82356615E-06  0.18522400E-05  0.46553247E-04   863.99999954   -23308.01609354
    7950   15.90000000  0.55331714E-06  0.26804397E-05  0.40836360E-04   863.99999953   -23308.01609243
    7960   15.92000000  0.29199479E-06  0.34966112E-05  0.34827524E-04   863.99999953   -23308.01609150
    7970   15.94000000  0.43432748E-07  0.42920932E-05  0.28621863E-04   863.99999953   -23308.01609067
    7980   15.96000000 -0.18889063E-06  0.50582332E-05  0.22314068E-04   863.99999953   -23308.01608987
    7990   15.98000000 -0.40191916E-06  0.57865633E-05  0.15996458E-04   863.99999953   -23308.01608901
    8000   16.00000000 -0.59307105E-06  0.64689766E-05  0.97571950E-05   863.99999953   -23308.01608805
    8010   16.02000000 -0.76027924E-06  0.70978972E-05  0.36787105E-05   863.99999953   -23308.01608694
    8020   16.04000000 -0.90201512E-06  0.76664371E-05 -0.21636341E-05   863.99999953   -23308.01608565
    8030   16.06000000 -0.10172982E-05  0.81685341E-05 -0.77026106E-05   863.99999953   -23308.01608419
    8040   16.08000000 -0.11056901E-05  0.85990635E-05 -0.12879903E-04   863.99999953   -23308.01608257
    8050   16.10000000 -0.11672748E-05  0.89539223E-05 -0.17646596E-04   863.99999953   -23308.01608082
    8060   16.12000000 -0.12026272E-05  0.92300825E-05 -0.21963386E-04   863.99999953   -23308.01607900
    8070   16.14000000 -0.12127703E-05  0.94256129E-05 -0.25800519E-04   863.99999953   -23308.01607714
    8080   16.16000000 -0.11991250E-05  0.95396713E-05 -0.29137505E-04   863.99999952   -23308.01607531
    8090   16.18000000 -0.11634550E-05  0.95724693E-05 -0.31962622E-04   863.99999952   -23308.01607354
    8100   16.20000000 -0.11078084E-05  0.95252129E-05 -0.34272264E-04   863.99999952   -23308.01607188
    8110   16.22000000 -0.10344599E-05  0.94000250E-05 -0.36070167E-04   863.99999952   -23308.01607035
    8120   16.24000000 -0.94585467E-06  0.91998534E-05 -0.37366558E-04   863.99999952   -23308.01606896
    8130   16.26000000 -0.84455530E-06  0.89283700E-05 -0.38177267E-04   863.99999952   -23308.01606771
    8140   16.28000000 -0.73319492E-06  0.85898652E-05 -0.38522838E-04   863.99999952   -23308.01606659
    8150   16.30000000 -0.61443526E-06  0.81891427E-05 -0.38427665E-04   863.99999952   -23308.01606557
    8160   16.32000000 -0.49093075E-06  0.77314180E-05 -0.37919182E-04   863.99999952   -23308.01606463
    8170   16.34000000 -0.36529796E-06  0.72222232E-05 -0.37027121E-04   863.99999952   -23308.01606374
    8180   16.36000000 -0.24009037E-06  0.66673199E-05 -0.35782860E-04   863.99999952   -23308.01606288
    8190   16.38000000 -0.11777535E-06  0.60726209E-05 -0.34218850E-04   863.99999952   -23308.01606201
    8200   16.40000000 -0.71466819E-09  0.54441220E-05 -0.32368140E-04   863.99999952   -23308.01606112
    8210   16.42000000  0.10885390E-06  0.47878423E-05 -0.30263988E-04   863.99999951   -23308.01606021
    8220   16.44000000  0.20883520E-06  0.41097743E-05 -0.27939558E-04   863.99999951   -23308.01605928
    8230   16.46000000  0.29729520E-06  0.34158397E-05 -0.25427689E-04   863.99999951   -23308.01605832
    8240   16.48000000  0.37248055E-06  0.27118538E-05 -0.22760730E-04   863.99999951   -23308.01605736
    8250   16.50000000  0.43283789E-06  0.20034935E-05 -0.19970425E-04   863.99999951   -23308.01605641
    8260   16.52000000  0.47703446E-06  0.12962712E-05 -0.17087840E-04   863.99999951   -23308.01605548
    8270   16.54000000  0.50397709E-06  0.59551090E-06 -0.14143314E-04   863.99999951   -23308.01605459
    8280   16.56000000  0.51283009E-06 -0.93672314E-07 -0.11166422E-04   863.99999951   -23308.01605375
    8290   16.58000000  0.50303016E-06 -0.76639053E-06 -0.81859374E-05   863.99999951   -23308.01605297
    8300   16.60000000  0.47429890E-06 -0.14180008E-05 -0.52297888E-05   863.99999951   -23308.01605225
    8310   16.62000000  0.42664996E-06 -0.20441217E-05 -0.23249890E-05   863.99999951   -23308.01605159
    8320   16.64000000  0.36039339E-06 -0.26406496E-05  0.50245493E-06   863.99999951   -23308.01605099
    8330   16.66000000  0.27613350E-06 -0.32037762E-05  0.32276613E-05   863.99999951   -23308.01605043
    8340   16.68000000  0.17476194E-06 -0.37300049E-05  0.58270204E-05   863.99999950   -23308.01604989
    8350   16.70000000  0.57445848E-07 -0.42161697E-05  0.82783649E-05   863.99999950   -23308.01604936
    8360   16.72000000 -0.74389487E-07 -0.46594543E-05  0.10561157E-04   863.99999950   -23308.01604882
    8370   16.74000000 -0.21908193E-06 -0.50574114E-05  0.12656682E-04   863.99999950   -23308.01604827
    8380   16.76000000 -0.37476021E-06 -0.54079828E-05  0.14548245E-04   863.99999950   -23308.01604768
    8390   16.78000000 -0.53937391E-06 -0.57095186E-05  0.16221350E-04   863.99999950   -23308.01604706
    8400   16.80000000 -0.71072824E-06 -0.59607950E-05  0.17663861E-04   863.99999950   -23308.01604639
    8410   16.82000000 -0.88651947E-06 -0.61610298E-05  0.18866139E-04   863.99999950   -23308.01604568
    8420   16.84000000 -0.10643721E-05 -0.63098940E-05  0.19821138E-04   863.99999950   -23308.01604494
    8430   16.86000000 -0.12418751E-05 -0.64075183E-05  0.20524477E-04   863.99999950   -23308.01604416
    8440   16.88000000 -0.14166167E-05 -0.64544939E-05  0.20974462E-04   863.99999950   -23308.01604338
    8450   16.90000000 -0.15862151E-05 -0.64518667E-05  0.21172086E-04   863.99999950   -23308.01604258
    8460   16.92000000 -0.17483447E-05 -0.64011239E-05  0.21120991E-04   863.99999950   -23308.01604180
    8470   16.94000000 -0.19007570E-05 -0.63041728E-05  0.20827401E-04   863.99999949   -23308.01604103
    8480   16.96000000 -0.20412976E-05 -0.61633113E-05  0.20300040E-04   863.99999949   -23308.01604029
    8490   16.98000000 -0.21679167E-05 -0.59811917E-05  0.19550017E-04   863.99999949   -23308.01603959
    8500   17.00000000 -0.22786777E-05 -0.57607766E-05  0.18590710E-04   863.99999949   -23308.01603893
    8510   17.02000000 -0.23717622E-05 -0.55052908E-05  0.17437623E-04   863.99999949   -23308.01603832
    8520   17.04000000 -0.24454766E-05 -0.52181677E-05  0.16108236E-04   863.99999949   -23308.01603775
    8530   17.06000000 -0.24982572E-05 -0.49029935E-05  0.14621845E-04   863.99999949   -23308.01603722
    8540   17.08000000 -0.25286793E-05 -0.45634505E-05  0.12999381E-04   863.99999949   -23308.01603673
    8550   17.10000000 -0.25354705E-05 -0.42032624E-05  0.11263227E-04   863.99999949   -23308.01603627
    8560   17.12000000 -0.25175266E-05 -0.38261415E-05  0.94370061E-05   863.99999949   -23308.01603584
    8570   17.14000000 -0.24739327E-05 -0.34357406E-05  0.75453664E-05   863.99999949   -23308.01603543
    8580   17.16000000 -0.24039870E-05 -0.30356102E-05  0.56137385E-05   863.99999949   -23308.01603502
    8590   17.18000000 -0.23072267E-05 -0.26291625E-05  0.36680793E-05   863.99999949   -23308.01603461
    8600   17.20000000 -0.21834548E-05 -0.22196411E-05  0.17345949E-05   863.99999948   -23308.01603419
    8610   17.22000000 -0.20327677E-05 -0.18100985E-05 -0.16055548E-06   863.99999948   -23308.01603376
    8620   17.24000000 -0.18555783E-05 -0.14033774E-05 -0.19915734E-05   863.99999948   -23308.01603331
    8630   17.26000000 -0.16526360E-05 -0.10021004E-05 -0.37333509E-05   863.99999948   -23308.01603284
    8640   17.28000000 -0.14250407E-05 -0.60866086E-06 -0.53618130E-05   863.99999948   -23308.01603233
    8650   17.30000000 -0.11742516E-05 -0.22522012E-06 -0.68542693E-05   863.99999948   -23308.01603180
    8660   17.32000000 -0.90208687E-06  0.14629407E-06 -0.81897674E-05   863.99999948   -23308.01603124
    8670   17.34000000 -0.61071730E-06  0.50418627E-06 -0.93494421E-05   863.99999948   -23308.01603066
    8680   17.36000000 -0.30265085E-06  0.84699137E-06 -0.10316851E-04   863.99999948   -23308.01603005
    8690   17.38000000  0.19289849E-07  0.11734697E-05 -0.11078289E-04   863.99999948   -23308.01602942
    8700   17.40000000  0.35199699E-06  0.14826016E-05 -0.11623064E-04   863.99999948   -23308.01602878
    8710   17.42000000  0.69211346E-06  0.17735811E-05 -0.11943738E-04   863.99999948   -23308.01602813
    8720   17.44000000  0.10360733E-05  0.20458073E-05 -0.12036307E-04   863.99999948   -23308.01602749
    8730   17.46000000  0.13801477E-05  0.22988752E-05 -0.11900318E-04   863.99999947   -23308.01602685
    8740   17.48000000  0.17204924E-05  0.25325640E-05 -0.11538921E-04   863.99999947   -23308.01602623
    8750   17.50000000  0.20531988E-05  0.27468249E-05 -0.10958841E-04   863.99999947   -23308.01602562
    8760   17.52000000  0.23743441E-05  0.29417666E-05 -0.10170275E-04   863.99999947   -23308.01602505
    8770   17.54000000  0.26800429E-05  0.31176406E-05 -0.91867124E-05   863.99999947   -23308.01602450
    8780   17.56000000  0.29664971E-05  0.32748238E-05 -0.80246834E-05   863.99999947   -23308.01602399
    8790   17.58000000  0.32300440E-05  0.34137994E-05 -0.67034433E-05   863.99999947   -23308.01602351
    8800   17.60000000  0.34672027E-05  0.35351372E-05 -0.52446033E-05   863.99999947   -23308.01602306
    8810   17.62000000  0.36747165E-05  0.36394711E-05 -0.36717179E-05   863.99999947   -23308.01602264
    8820   17.64000000  0.38495929E-05  0.37274756E-05 -0.20098436E-05   863.99999947   -23308.01602224
    8830   17.66000000  0.39891406E-05  0.37998402E-05 -0.28508433E-06   863.99999947   -23308.01602186
    8840   17.68000000  0.40910020E-05  0.38572437E-05  0.14758652E-05   863.99999947   -23308.01602149
    8850   17.70000000  0.41531834E-05  0.39003287E-05  0.32461635E-05   863.99999947   -23308.01602113
    8860   17.72000000  0.41740823E-05  0.39296770E-05  0.49992430E-05   863.99999946   -23308.01602077
    8870   17.74000000  0.41525108E-05  0.39457890E-05  0.67091987E-05   863.99999946   -23308.01602041
    8880   17.76000000  0.40877179E-05  0.39490675E-05  0.83511384E-05   863.99999946   -23308.01602003
    8890   17.78000000  0.39794080E-05  0.39398070E-05  0.99014929E-05   863.99999946   -23308.01601965
    8900   17.80000000  0.38277583E-05  0.39181899E-05  0.11338282E-04   863.99999946   -23308.01601925
    8910   17.82000000  0.36334323E-05  0.38842915E-05  0.12641345E-04   863.99999946   -23308.01601884
    8920   17.84000000  0.33975911E-05  0.38380897E-05  0.13792529E-04   863.99999946   -23308.01601841
    8930   17.86000000  0.31218997E-05  0.37794834E-05  0.14775851E-04   863.99999946   -23308.01601796
    8940   17.88000000  0.28085291E-05  0.37083141E-05  0.15577634E-04   863.99999946   -23308.01601750
    8950   17.90000000  0.24601520E-05  0.36243917E-05  0.16186615E-04   863.99999946   -23308.01601703
    8960   17.92000000  0.20799312E-05  0.35275209E-05  0.16594045E-04   863.99999946   -23308.01601654
    8970   17.94000000  0.16715001E-05  0.34175271E-05  0.16793763E-04   863.99999946   -23308.01601605
    8980   17.96000000  0.12389330E-05  0.32942802E-05  0.16782256E-04   863.99999946   -23308.01601555
    8990   17.98000000  0.78670608E-06  0.31577146E-05  0.16558701E-04   863.99999945   -23308.01601505
    9000   18.00000000  0.31964749E-06  0.30078463E-05  0.16124978E-04   863.99999945   -23308.01601455
    9010   18.02000000 -0.15712266E-06  0.28447850E-05  0.15485667E-04   863.99999945   -23308.01601405
    9020   18.04000000 -0.63826125E-06  0.26687440E-05  0.14648001E-04   863.99999945   -23308.01601356
    9030   18.06000000 -0.11182797E-05  0.24800466E-05  0.13621790E-04   863.99999945   -23308.01601308
    9040   18.08000000 -0.15916291E-05  0.22791304E-05  0.12419313E-04   863.99999945   -23308.01601262
    9050   18.10000000 -0.20527881E-05  0.20665509E-05  0.11055163E-04   863.99999945   -23308.01601217
    9060   18.12000000 -0.24963552E-05  0.18429835E-05  0.95460664E-05   863.99999945   -23308.01601174
    9070   18.14000000 -0.29171375E-05  0.16092262E-05  0.79106642E-05   863.99999945   -23308.01601132
    9080   18.16000000 -0.33102384E-05  0.13662009E-05  0.61692691E-05   863.99999945   -23308.01601093
    9090   18.18000000 -0.36711366E-05  0.11149542E-05  0.43435997E-05   863.99999945   -23308.01601055
    9100   18.20000000 -0.39957585E-05  0.85665742E-06  0.24565006E-05   863.99999945   -23308.01601018
    9110   18.22000000 -0.42805374E-05  0.59260371E-06  0.53165123E-06   863.99999945   -23308.01600983
    9120   18.24000000 -0.45224608E-05  0.32420296E-06 -0.14067288E-05   863.99999944   -23308.01600948
    9130   18.26000000 -0.47191040E-05  0.52973198E-07 -0.33341754E-05   863.99999944   -23308.01600915
    9140   18.28000000 -0.48686495E-05 -0.21947215E-06 -0.52262739E-05   863.99999944   -23308.01600881
    9150   18.30000000 -0.49698937E-05 -0.49144196E-06 -0.70589478E-05   863.99999944   -23308.01600848
    9160   18.32000000 -0.50222408E-05 -0.76118900E-06 -0.88087450E-05   863.99999944   -23308.01600814
    9170   18.34000000 -0.50256879E-05 -0.10269369E-05 -0.10453118E-04   863.99999944   -23308.01600779
    9180   18.36000000 -0.49807985E-05 -0.12869106E-05 -0.11970697E-04   863.99999944   -23308.01600743
    9190   18.38000000 -0.48886728E-05 -0.15393677E-05 -0.13341563E-04   863.99999944   -23308.01600706
    9200   18.40000000 -0.47509112E-05 -0.17826321E-05 -0.14547510E-04   863.99999944   -23308.01600668
    9210   18.42000000 -0.45695742E-05 -0.20151242E-05 -0.15572294E-04   863.99999944   -23308.01600628
    9220   18.44000000 -0.43471402E-05 -0.22353886E-05 -0.16401872E-04   863.99999944   -23308.01600586
    9230   18.46000000 -0.40864612E-05 -0.24421125E-05 -0.17024623E-04   863.99999944   -23308.01600543
    9240   18.48000000 -0.37907159E-05 -0.26341381E-05 -0.17431534E-04   863.99999944   -23308.01600499
    9250   18.50000000 -0.34633629E-05 -0.28104640E-05 -0.17616364E-04   863.99999943   -23308.01600453
    9260   18.52000000 -0.31080912E-05 -0.29702372E-05 -0.17575762E-04   863.99999943   -23308.01600407
    9270   18.54000000 -0.27287704E-05 -0.31127352E-05 -0.17309347E-04   863.99999943   -23308.01600361
    9280   18.56000000 -0.23294012E-05 -0.32373403E-05 -0.16819740E-04   863.99999943   -23308.01600315
    9290   18.58000000 -0.19140659E-05 -0.33435100E-05 -0.16112551E-04   863.99999943   -23308.01600269
    9300   18.60000000 -0.14868824E-05 -0.34307446E-05 -0.15196320E-04   863.99999943   -23308.01600223
    9310   18.62000000 -0.10519593E-05 -0.34985572E-05 -0.14082406E-04   863.99999943   -23308.01600179
    9320   18.64000000 -0.61335807E-06 -0.35464490E-05 -0.12784844E-04   863.99999943   -23308.01600136
    9330   18.66000000 -0.17505834E-06 -0.35738919E-05 -0.11320149E-04   863.99999943   -23308.01600095
    9340   18.68000000  0.25906923E-06 -0.35803220E-05 -0.97070915E-05   863.99999943   -23308.01600055
    9350   18.70000000  0.68528608E-06 -0.35651430E-05 -0.79664325E-05   863.99999943   -23308.01600017
    9360   18.72000000  0.11000024E-05 -0.35277431E-05 -0.61206273E-05   863.99999943   -23308.01599980
    9370   18.74000000  0.14997902E-05 -0.34675197E-05 -0.41935018E-05   863.99999943   -23308.01599945
    9380   18.76000000  0.18813931E-05 -0.33839147E-05 -0.22099061E-05   863.99999942   -23308.01599911
    9390   18.78000000  0.22417344E-05 -0.32764543E-05 -0.19534874E-06   863.99999942   -23308.01599878
    9400   18.80000000  0.25779263E-05 -0.31447935E-05  0.18243781E-05   863.99999942   -23308.01599846
    9410   18.82000000  0.28872798E-05 -0.29887595E-05  0.38235756E-05   863.99999942   -23308.01599815
    9420   18.84000000  0.31673151E-05 -0.28083933E-05  0.57770098E-05   863.99999942   -23308.01599783
    9430   18.86000000  0.34157769E-05 -0.26039847E-05  0.76602686E-05   863.99999942   -23308.01599751
    9440   18.88000000  0.36306511E-05 -0.23761015E-05  0.94500964E-05   863.99999942   -23308.01599719
    9450   18.90000000  0.38101840E-05 -0.21256071E-05  0.11124701E-04   863.99999942   -23308.01599686
    9460   18.92000000  0.39529038E-05 -0.18536711E-05  0.12664030E-04   863.99999942   -23308.01599652
    9470   18.94000000  0.40576420E-05 -0.15617679E-05  0.14050004E-04   863.99999942   -23308.01599616
    9480   18.96000000  0.41235543E-05 -0.12516669E-05  0.15266725E-04   863.99999942   -23308.01599580
    9490   18.98000000  0.41501405E-05 -0.92541405E-06  0.16300638E-04   863.99999942   -23308.01599542
    9500   19.00000000  0.41372610E-05 -0.58530626E-06  0.17140657E-04   863.99999942   -23308.01599503
    9510   19.02000000  0.40851512E-05 -0.23386085E-06  0.17778266E-04   863.99999941   -23308.01599463
    9520   19.04000000  0.39944294E-05  0.12621927E-06  0.18207571E-04   863.99999941   -23308.01599422
    9530   19.06000000  0.38661012E-05  0.49208292E-06  0.18425331E-04   863.99999941   -23308.01599381
    9540   19.08000000  0.37015579E-05  0.86076995E-06  0.18430955E-04   863.99999941   -23308.01599340
    9550   19.10000000  0.35025703E-05  0.12292505E-05  0.18226459E-04   863.99999941   -23308.01599299
    9560   19.12000000  0.32712769E-05  0.15944643E-05  0.17816409E-04   863.99999941   -23308.01599258
    9570   19.14000000  0.30101666E-05  0.19533587E-05  0.17207818E-04   863.99999941   -23308.01599219
    9580   19.16000000  0.27220568E-05  0.23029248E-05  0.16410033E-04   863.99999941   -23308.01599180
    9590   19.18000000  0.24100662E-05  0.26402304E-05  0.15434587E-04   863.99999941   -23308.01599143
    9600   19.20000000  0.20775831E-05  0.29624485E-05  0.14295032E-04   863.99999941   -23308.01599108
    9610   19.22000000  0.17282279E-05  0.32668821E-05  0.13006755E-04   863.99999941   -23308.01599073
    9620   19.24000000  0.13658123E-05  0.35509818E-05  0.11586780E-04   863.99999941   -23308.01599040
    9630   19.26000000  0.99429236E-06  0.38123578E-05  0.10053547E-04   863.99999941   -23308.01599009
    9640   19.28000000  0.61771889E-06  0.40487847E-05  0.84266946E-05   863.99999940   -23308.01598978
    9650   19.30000000  0.24018252E-06  0.42582019E-05  0.67268162E-05   863.99999940   -23308.01598948
    9660   19.32000000 -0.13424180E-06  0.44387094E-05  0.49752209E-05   863.99999940   -23308.01598919
    9670   19.34000000 -0.50155310E-06  0.45885605E-05  0.31936784E-05   863.99999940   -23308.01598889
    9680   19.36000000 -0.85788169E-06  0.47061578E-05  0.14041596E-05   863.99999940   -23308.01598860
    9690   19.38000000 -0.11995444E-05  0.47900505E-05 -0.37142811E-06   863.99999940   -23308.01598829
    9700   19.40000000 -0.15230960E-05  0.48389399E-05 -0.21115089E-05   863.99999940   -23308.01598798
    9710   19.42000000 -0.18253762E-05  0.48516921E-05 -0.37951092E-05   863.99999940   -23308.01598766
    9720   19.44000000 -0.21035478E-05  0.48273617E-05 -0.54021234E-05   863.99999940   -23308.01598733
    9730   19.46000000 -0.23551280E-05  0.47652258E-05 -0.69135736E-05   863.99999940   -23308.01598698
    9740   19.48000000 -0.25780123E-05  0.46648261E-05 -0.83118565E-05   863.99999940   -23308.01598663
    9750   19.50000000 -0.27704882E-05  0.45260195E-05 -0.95809734E-05   863.99999940   -23308.01598627
    9760   19.52000000 -0.29312426E-05  0.43490296E-05 -0.10706737E-04   863.99999940   -23308.01598590
    9770   19.54000000 -0.30593624E-05  0.41344985E-05 -0.11676948E-04   863.99999939   -23308.01598553
    9780   19.56000000 -0.31543285E-05  0.38835315E-05 -0.12481546E-04   863.99999939   -23308.01598516
    9790   19.58000000 -0.32160067E-05  0.35977325E-05 -0.13112718E-04   863.99999939   -23308.01598479
    9800   19.60000000 -0.32446351E-05  0.32792241E-05 -0.13564974E-04   863.99999939   -23308.01598443
    9810   19.62000000 -0.32408086E-05  0.29306502E-05 -0.13835188E-04   863.99999939   -23308.01598408
    9820   19.64000000 -0.32054629E-05  0.25551604E-05 -0.13922596E-04   863.99999939   -23308.01598373
    9830   19.66000000 -0.31398553E-05  0.21563745E-05 -0.13828768E-04   863.99999939   -23308.01598340
    9840   19.68000000 -0.30455451E-05  0.17383291E-05 -0.13557543E-04   863.99999939   -23308.01598307
    9850   19.70000000 -0.29243706E-05  0.13054094E-05 -0.13114937E-04   863.99999939   -23308.01598275
    9860   19.72000000 -0.27784254E-05  0.86226826E-06 -0.12509028E-04   863.99999939   -23308.01598244
    9870   19.74000000 -0.26100310E-05  0.41373763E-06 -0.11749821E-04   863.99999939   -23308.01598214
    9880   19.76000000 -0.24217070E-05 -0.35263584E-07 -0.10849095E-04   863.99999939   -23308.01598184
    9890   19.78000000 -0.22161390E-05 -0.47982160E-06 -0.98202325E-05   863.99999939   -23308.01598154
    9900   19.80000000 -0.19961446E-05 -0.91511619E-06 -0.86780420E-05   863.99999938   -23308.01598125
    9910   19.82000000 -0.17646383E-05 -0.13365005E-05 -0.74385653E-05   863.99999938   -23308.01598095
    9920   19.84000000 -0.15245966E-05 -0.17395728E-05 -0.61188788E-05   863.99999938   -23308.01598066
    9930   19.86000000 -0.12790222E-05 -0.21202349E-05 -0.47368856E-05   863.99999938   -23308.01598037
    9940   19.88000000 -0.10309112E-05 -0.24747406E-05 -0.33111009E-05   863.99999938   -23308.01598008
    9950   19.90000000 -0.78321924E-06 -0.27997305E-05 -0.18604321E-05   863.99999938   -23308.01597979
    9960   19.92000000 -0.53883195E-06 -0.30922561E-05 -0.40395337E-06   863.99999938   -23308.01597950
    9970   19.94000000 -0.30053612E-06 -0.33497929E-05  0.10393217E-05   863.99999938   -23308.01597922
    9980   19.96000000 -0.70992744E-07 -0.35702456E-05  0.24506683E-05   863.99999938   -23308.01597894
    9990   19.98000000  0.14728856E-06 -0.37519457E-05  0.38118780E-05   863.99999938   -23308.01597866
   10000   20.00000000  0.35197470E-06 -0.38936451E-05  0.51054816E-05   863.99999938   -23308.01597838
   10010   20.02000000  0.54093148E-06 -0.39945076E-05  0.63149672E-05   863.99999938   -23308.01597810
   10020   20.04000000  0.71224707E-06 -0.40540973E-05  0.74249883E-05   863.99999938   -23308.01597782
   10030   20.06000000  0.86425324E-06 -0.40723691E-05  0.84215614E-05   863.99999937   -23308.01597754
   10040   20.08000000  0.99554670E-06 -0.40496602E-05  0.92922495E-05   863.99999937   -23308.01597726
   10050   20.10000000  0.11050075E-05 -0.39866816E-05  0.10026330E-04   863.99999937   -23308.01597698
   10060   20.12000000  0.11918163E-05 -0.38845132E-05  0.10614943E-04   863.99999937   -23308.01597669
   10070   20.14000000  0.12554679E-05 -0.37445977E-05  0.11051222E-04   863.99999937   -23308.01597639
   10080   20.16000000  0.12957812E-05 -0.35687352E-05  0.11330401E-04   863.99999937   -23308.01597609
   10090   20.18000000  0.13129065E-05 -0.33590761E-05  0.11449890E-04   863.99999937   -23308.01597579
   10100   20.20000000  0.13073249E-05 -0.31181110E-05  0.11409335E-04   863.99999937   -23308.01597549
   10110   20.22000000  0.12798452E-05 -0.28486574E-05  0.11210638E-04   863.99999937   -23308.01597519
   10120   20.24000000  0.12315938E-05 -0.25538398E-05  0.10857949E-04   863.99999937   -23308.01597489
   10130   20.26000000  0.11639982E-05 -0.22370654E-05  0.10357630E-04   863.99999937   -23308.01597460
   10140   20.28000000  0.10787670E-05 -0.19019922E-05  0.97181744E-05   863.99999937   -23308.01597431
   10150   20.30000000  0.97786171E-06 -0.15524909E-05  0.89501051E-05   863.99999937   -23308.01597402
   10160   20.32000000  0.86346506E-06 -0.11926012E-05  0.80658273E-05   863.99999936   -23308.01597375
   10170   20.34000000  0.73794346E-06 -0.82648075E-06  0.70794554E-05   863.99999936   -23308.01597348
   10180   20.36000000  0.60380604E-06 -0.45835170E-06  0.60066060E-05   863.99999936   -23308.01597322
   10190   20.38000000  0.46365946E-06 -0.92441416E-07  0.48641601E-05   863.99999936   -23308.01597296
   10200   20.40000000  0.32016076E-06  0.26707801E-06  0.36700011E-05   863.99999936   -23308.01597272
   10210   20.42000000  0.17596907E-06  0.61615176E-06  0.24427270E-05   863.99999936   -23308.01597247
   10220   20.44000000  0.33696439E-07  0.95090427E-06  0.12013456E-05   863.99999936   -23308.01597223
   10230   20.46000000 -0.10414108E-06  0.12676990E-05 -0.35045978E-07   863.99999936   -23308.01597199
   10240   20.48000000 -0.23516945E-06  0.15631956E-05 -0.12475873E-05   863.99999936   -23308.01597175
   10250   20.50000000 -0.35720029E-06  0.18344016E-05 -0.24179833E-05   863.99999936   -23308.01597150
   10260   20.52000000 -0.46827024E-06  0.20787189E-05 -0.35288256E-05   863.99999936   -23308.01597125
   10270   20.54000000 -0.56667653E-06  0.22939822E-05 -0.45638994E-05   863.99999936   -23308.01597100
   10280   20.56000000 -0.65100685E-06  0.24784890E-05 -0.55084686E-05   863.99999936   -23308.01597074
   10290   20.58000000 -0.72016296E-06  0.26310189E-05 -0.63495304E-05   863.99999935   -23308.01597047
   10300   20.60000000 -0.77337877E-06  0.27508415E-05 -0.70760342E-05   863.99999935   -23308.01597020
   10310   20.62000000 -0.81023027E-06  0.28377153E-05 -0.76790583E-05   863.99999935   -23308.01596993
   10320   20.64000000 -0.83064010E-06  0.28918729E-05 -0.81519411E-05   863.99999935   -23308.01596965
   10330   20.66000000 -0.83487274E-06  0.29139971E-05 -0.84903613E-05   863.99999935   -23308.01596937
   10340   20.68000000 -0.82352286E-06  0.29051871E-05 -0.86923678E-05   863.99999935   -23308.01596910
   10350   20.70000000 -0.79749553E-06  0.28669167E-05 -0.87583571E-05   863.99999935   -23308.01596882
   10360   20.72000000 -0.75797850E-06  0.28009871E-05 -0.86910022E-05   863.99999935   -23308.01596855
   10370   20.74000000 -0.70640663E-06  0.27094749E-05 -0.84951319E-05   863.99999935   -23308.01596828
   10380   20.76000000 -0.64441966E-06  0.25946794E-05 -0.81775656E-05   863.99999935   -23308.01596802
   10390   20.78000000 -0.57381454E-06  0.24590688E-05 -0.77469084E-05   863.99999935   -23308.01596777
   10400   20.80000000 -0.49649109E-06  0.23052302E-05 -0.72133107E-05   863.99999935   -23308.01596751
   10410   20.82000000 -0.41439729E-06  0.21358199E-05 -0.65882016E-05   863.99999935   -23308.01596727
   10420   20.84000000 -0.32947185E-06  0.19535195E-05 -0.58840011E-05   863.99999934   -23308.01596703
   10430   20.86000000 -0.24358880E-06  0.17609942E-05 -0.51138211E-05   863.99999934   -23308.01596679
   10440   20.88000000 -0.15850544E-06  0.15608567E-05 -0.42911637E-05   863.99999934   -23308.01596655
   10450   20.90000000 -0.75816884E-07  0.13556344E-05 -0.34296275E-05   863.99999934   -23308.01596631
   10460   20.92000000  0.30816599E-08  0.11477415E-05 -0.25426303E-05   863.99999934   -23308.01596608
   10470   20.94000000  0.77022393E-07  0.93945344E-06 -0.16431584E-05   863.99999934   -23308.01596585
   10480   20.96000000  0.14508070E-06  0.73288659E-06 -0.74354802E-06   863.99999934   -23308.01596561
   10490   20.98000000  0.20657876E-06  0.52998154E-06  0.14469226E-06   863.99999934   -23308.01596538
   10500   21.00000000  0.26107756E-06  0.33249095E-06  0.10110169E-05   863.99999934   -23308.01596514
   10510   21.02000000  0.30835688E-06  0.14197248E-06  0.18459341E-05   863.99999934   -23308.01596491
   10520   21.04000000  0.34838578E-06 -0.40212743E-07  0.26410526E-05   863.99999934   -23308.01596467
   10530   21.06000000  0.38128583E-06 -0.21289660E-06  0.33890877E-05   863.99999934   -23308.01596443
   10540   21.08000000  0.40729003E-06 -0.37509502E-06  0.40838331E-05   863.99999934   -23308.01596419
   10550   21.10000000  0.42669947E-06 -0.52599392E-06  0.47201037E-05   863.99999933   -23308.01596395
   10560   21.12000000  0.43984223E-06 -0.66493117E-06  0.52936577E-05   863.99999933   -23308.01596370
   10570   21.14000000  0.44703665E-06 -0.79137587E-06  0.58011044E-05   863.99999933   -23308.01596345
   10580   21.16000000  0.44856244E-06 -0.90490639E-06  0.62398079E-05   863.99999933   -23308.01596320
   10590   21.18000000  0.44464071E-06 -0.10051890E-05  0.66077907E-05   863.99999933   -23308.01596295
   10600   21.20000000  0.43542407E-06 -0.10919593E-05  0.69036455E-05   863.99999933   -23308.01596270
   10610   21.22000000  0.42099872E-06 -0.11650058E-05  0.71264618E-05   863.99999933   -23308.01596245
   10620   21.24000000  0.40139540E-06 -0.12241604E-05  0.72757682E-05   863.99999933   -23308.01596219
   10630   21.26000000  0.37661114E-06 -0.12692918E-05  0.73514977E-05   863.99999933   -23308.01596194
   10640   21.28000000  0.34663729E-06 -0.13003074E-05  0.73539736E-05   863.99999933   -23308.01596169
   10650   21.30000000  0.31149151E-06 -0.13171587E-05  0.72839182E-05   863.99999933   -23308.01596144
   10660   21.32000000  0.27125108E-06 -0.13198528E-05  0.71424810E-05   863.99999933   -23308.01596119
   10670   21.34000000  0.22608384E-06 -0.13084668E-05  0.69312834E-05   863.99999933   -23308.01596094
   10680   21.36000000  0.17627384E-06 -0.12831654E-05  0.66524724E-05   863.99999932   -23308.01596071
   10690   21.38000000  0.12223803E-06 -0.12442194E-05  0.63087795E-05   863.99999932   -23308.01596047
   10700   21.40000000  0.64532636E-07 -0.11920242E-05  0.59035743E-05   863.99999932   -23308.01596024
   10710   21.42000000  0.38472325E-08 -0.11271158E-05  0.54409067E-05   863.99999932   -23308.01596002
   10720   21.44000000 -0.59012170E-07 -0.10501837E-05  0.49255326E-05   863.99999932   -23308.01595980
   10730   21.46000000 -0.12315137E-06 -0.96207961E-06  0.43629160E-05   863.99999932   -23308.01595958
   10740   21.48000000 -0.18762285E-06 -0.86381893E-06  0.37592043E-05   863.99999932   -23308.01595936
   10750   21.50000000 -0.25146711E-06 -0.75657791E-06  0.31211789E-05   863.99999932   -23308.01595914
   10760   21.52000000 -0.31375375E-06 -0.64168283E-06  0.24561780E-05   863.99999932   -23308.01595893
   10770   21.54000000 -0.37362037E-06 -0.52059411E-06  0.17719997E-05   863.99999932   -23308.01595871
   10780   21.56000000 -0.43030521E-06 -0.39488326E-06  0.10767864E-05   863.99999932   -23308.01595848
   10790   21.58000000 -0.48317004E-06 -0.26620607E-06  0.37889685E-06   863.99999932   -23308.01595825
   10800   21.60000000 -0.53171405E-06 -0.13627168E-06 -0.31322785E-06   863.99999932   -23308.01595802
   10810   21.62000000 -0.57557602E-06 -0.68093877E-08 -0.99119999E-06   863.99999931   -23308.01595779
   10820   21.64000000 -0.61452717E-06  0.12046570E-06 -0.16468183E-05   863.99999931   -23308.01595754
   10830   21.66000000 -0.64845550E-06  0.24388652E-06 -0.22721949E-05   863.99999931   -23308.01595730
   10840   21.68000000 -0.67734531E-06  0.36186724E-06 -0.28598747E-05   863.99999931   -23308.01595705
   10850   21.70000000 -0.70125344E-06  0.47293351E-06 -0.34029448E-05   863.99999931   -23308.01595679
   10860   21.72000000 -0.72028730E-06  0.57575008E-06 -0.38951331E-05   863.99999931   -23308.01595654
   10870   21.74000000 -0.73458359E-06  0.66914495E-06 -0.43308957E-05   863.99999931   -23308.01595628
   10880   21.76000000 -0.74429255E-06  0.75212879E-06 -0.47054930E-05   863.99999931   -23308.01595603
   10890   21.78000000 -0.74956686E-06  0.82390984E-06 -0.50150517E-05   863.99999931   -23308.01595577
   10900   21.80000000 -0.75055660E-06  0.88390344E-06 -0.52566143E-05   863.99999931   -23308.01595552
   10910   21.82000000 -0.74740895E-06  0.93173537E-06 -0.54281726E-05   863.99999931   -23308.01595527
   10920   21.84000000 -0.74027148E-06  0.96724026E-06 -0.55286850E-05   863.99999931   -23308.01595502
   10930   21.86000000 -0.72929863E-06  0.99045333E-06 -0.55580776E-05   863.99999931   -23308.01595478
   10940   21.88000000 -0.71465828E-06  0.10015958E-05 -0.55172284E-05   863.99999930   -23308.01595454
   10950   21.90000000 -0.69653867E-06  0.10010558E-05 -0.54079350E-05   863.99999930   -23308.01595430
   10960   21.92000000 -0.67515462E-06  0.98936424E-06 -0.52328688E-05   863.99999930   -23308.01595407
   10970   21.94000000 -0.65075115E-06  0.96716858E-06 -0.49955167E-05   863.99999930   -23308.01595384
   10980   21.96000000 -0.62360442E-06  0.93520390E-06 -0.47001133E-05   863.99999930   -23308.01595361
   10990   21.98000000 -0.59402067E-06  0.89426663E-06 -0.43515676E-05   863.99999930   -23308.01595339
   11000   22.00000000 -0.56233201E-06  0.84518873E-06 -0.39553873E-05   863.99999930   -23308.01595316
   11010   22.02000000 -0.52889137E-06  0.78881674E-06 -0.35175999E-05   863.99999930   -23308.01595294
   11020   22.04000000 -0.49406440E-06  0.72599583E-06 -0.30446759E-05   863.99999930   -23308.01595272
   11030   22.06000000 -0.45822135E-06  0.65755998E-06 -0.25434519E-05   863.99999930   -23308.01595250
   11040   22.08000000 -0.42172657E-06  0.58432739E-06 -0.20210512E-05   863.99999930   -23308.01595228
   11050   22.10000000 -0.38492830E-06  0.50710196E-06 -0.14848050E-05   863.99999930   -23308.01595206
   11060   22.12000000 -0.34814813E-06  0.42667781E-06 -0.94216539E-06   863.99999930   -23308.01595183
   11070   22.14000000 -0.31167032E-06  0.34384706E-06 -0.40061542E-06   863.99999929   -23308.01595161
   11080   22.16000000 -0.27573096E-06  0.25940781E-06  0.13243074E-06   863.99999929   -23308.01595138
   11090   22.18000000 -0.24050934E-06  0.17417248E-06  0.64973506E-06   863.99999929   -23308.01595115
   11100   22.20000000 -0.20611875E-06  0.88972129E-07  0.11443482E-05   863.99999929   -23308.01595092
   11110   22.22000000 -0.17260104E-06  0.46593486E-08  0.16097267E-05   863.99999929   -23308.01595069
   11120   22.24000000 -0.13992240E-06 -0.77893733E-07  0.20398492E-05   863.99999929   -23308.01595046
   11130   22.26000000 -0.10797325E-06 -0.15780122E-06  0.24293278E-05   863.99999929   -23308.01595022
   11140   22.28000000 -0.76571483E-07 -0.23417271E-06  0.27735085E-05   863.99999929   -23308.01594998
   11150   22.30000000 -0.45470688E-07 -0.30612710E-06  0.30685570E-05   863.99999929   -23308.01594974
   11160   22.32000000 -0.14371975E-07 -0.37280808E-06  0.33115232E-05   863.99999929   -23308.01594950
   11170   22.34000000  0.17059735E-07 -0.43340225E-06  0.35003853E-05   863.99999929   -23308.01594926
   11180   22.36000000  0.49175469E-07 -0.48715833E-06  0.36340682E-05   863.99999929   -23308.01594903
   11190   22.38000000  0.82318693E-07 -0.53340613E-06  0.37124380E-05   863.99999929   -23308.01594879
   11200   22.40000000  0.11680096E-06 -0.57157566E-06  0.37362741E-05   863.99999928   -23308.01594855
   11210   22.42000000  0.15287697E-06 -0.60121329E-06  0.37072217E-05   863.99999928   -23308.01594832
   11220   22.44000000  0.19072159E-06 -0.62199698E-06  0.36277264E-05   863.99999928   -23308.01594808
   11230   22.46000000  0.23041070E-06 -0.63374687E-06  0.35009561E-05   863.99999928   -23308.01594785
   11240   22.48000000  0.27190634E-06 -0.63643308E-06  0.33307147E-05   863.99999928   -23308.01594763
   11250   22.50000000  0.31504820E-06 -0.63017890E-06  0.31213472E-05   863.99999928   -23308.01594740
   11260   22.52000000  0.35955266E-06 -0.61526017E-06  0.28776440E-05   863.99999928   -23308.01594717
   11270   22.54000000  0.40501879E-06 -0.59210016E-06  0.26047411E-05   863.99999928   -23308.01594695
   11280   22.56000000  0.45094126E-06 -0.56126185E-06  0.23080215E-05   863.99999928   -23308.01594673
   11290   22.58000000  0.49672894E-06 -0.52343685E-06  0.19930181E-05   863.99999928   -23308.01594651
   11300   22.60000000  0.54172832E-06 -0.47943166E-06  0.16653179E-05   863.99999928   -23308.01594629
   11310   22.62000000  0.58524935E-06 -0.43015266E-06  0.13304701E-05   863.99999928   -23308.01594607
   11320   22.64000000  0.62659255E-06 -0.37659025E-06  0.99389951E-06   863.99999928   -23308.01594585
   11330   22.66000000  0.66507462E-06 -0.31980182E-06  0.66082408E-06   863.99999927   -23308.01594563
   11340   22.68000000  0.70005110E-06 -0.26089435E-06  0.33618301E-06   863.99999927   -23308.01594540
   11350   22.70000000  0.73093541E-06 -0.20100712E-06  0.24574141E-07   863.99999927   -23308.01594518
   11360   22.72000000  0.75721216E-06 -0.14129309E-06 -0.26979748E-06   863.99999927   -23308.01594496
   11370   22.74000000  0.77844484E-06 -0.82901069E-07 -0.54315730E-06   863.99999927   -23308.01594474
   11380   22.76000000  0.79427838E-06 -0.26957735E-07 -0.79218619E-06   863.99999927   -23308.01594451
   11390   22.78000000  0.80443500E-06  0.25451466E-07 -0.10140325E-05   863.99999927   -23308.01594429
   11400   22.80000000  0.80870656E-06  0.73300070E-07 -0.12063141E-05   863.99999927   -23308.01594407
   11410   22.82000000  0.80694334E-06  0.11563887E-06 -0.13671104E-05   863.99999927   -23308.01594385
   11420   22.84000000  0.79903955E-06  0.15161269E-06 -0.14949500E-05   863.99999927   -23308.01594362
   11430   22.86000000  0.78492001E-06  0.18047652E-06 -0.15887948E-05   863.99999927   -23308.01594340
   11440   22.88000000  0.76452612E-06  0.20161083E-06 -0.16480266E-05   863.99999927   -23308.01594318
   11450   22.90000000  0.73780505E-06  0.21453417E-06 -0.16724343E-05   863.99999927   -23308.01594295
   11460   22.92000000  0.70470230E-06  0.21891545E-06 -0.16622056E-05   863.99999926   -23308.01594273
   11470   22.94000000  0.66515831E-06  0.21458258E-06 -0.16179232E-05   863.99999926   -23308.01594251
   11480   22.96000000  0.61911077E-06  0.20153075E-06 -0.15405645E-05   863.99999926   -23308.01594228
   11490   22.98000000  0.56650128E-06  0.17992706E-06 -0.14315013E-05   863.99999926   -23308.01594206
   11500   23.00000000  0.50728787E-06  0.15011447E-06 -0.12925007E-05   863.99999926   -23308.01594184
   11510   23.02000000  0.44145975E-06  0.11261237E-06 -0.11257224E-05   863.99999926   -23308.01594161
   11520   23.04000000  0.36905596E-06  0.68113955E-07 -0.93371062E-06   863.99999926   -23308.01594139
   11530   23.06000000  0.29018461E-06  0.17481733E-07 -0.71938003E-06   863.99999926   -23308.01594117
   11540   23.08000000  0.20504169E-06 -0.38261548E-07 -0.48599331E-06   863.99999926   -23308.01594094
   11550   23.10000000  0.11392814E-06 -0.97945486E-07 -0.23713072E-06   863.99999926   -23308.01594072
   11560   23.12000000  0.17264008E-07 -0.16026796E-06  0.23348616E-07   863.99999926   -23308.01594050
   11570   23.14000000 -0.84401915E-07 -0.22381775E-06  0.29135283E-06   863.99999926   -23308.01594027
   11580   23.16000000 -0.19038713E-06 -0.28709858E-06  0.56261007E-06   863.99999926   -23308.01594005
   11590   23.18000000 -0.29987507E-06 -0.34855976E-06  0.83272764E-06   863.99999925   -23308.01593982
   11600   23.20000000 -0.41192012E-06 -0.40662817E-06  0.10972557E-05   863.99999925   -23308.01593960
   11610   23.22000000 -0.52545662E-06 -0.45974389E-06  0.13517552E-05   863.99999925   -23308.01593938
   11620   23.24000000 -0.63931258E-06 -0.50639661E-06  0.15918668E-05   863.99999925   -23308.01593915
   11630   23.26000000 -0.75222726E-06 -0.54516281E-06  0.18133827E-05   863.99999925   -23308.01593893
   11640   23.28000000 -0.86287146E-06 -0.57474110E-06  0.20123169E-05   863.99999925   -23308.01593870
   11650   23.30000000 -0.96987020E-06 -0.59398586E-06  0.21849742E-05   863.99999925   -23308.01593847
   11660   23.32000000 -0.10718280E-05 -0.60193679E-06  0.23280162E-05   863.99999925   -23308.01593825
   11670   23.34000000 -0.11673545E-05 -0.59784511E-06  0.24385205E-05   863.99999925   -23308.01593802
   11680   23.36000000 -0.12550925E-05 -0.58119280E-06  0.25140352E-05   863.99999925   -23308.01593779
   11690   23.38000000 -0.13337444E-05 -0.55170845E-06  0.25526243E-05   863.99999925   -23308.01593756
   11700   23.40000000 -0.14020992E-05 -0.50937525E-06  0.25529055E-05   863.99999925   -23308.01593734
   11710   23.42000000 -0.14590570E-05 -0.45443468E-06  0.25140791E-05   863.99999925   -23308.01593711
   11720   23.44000000 -0.15036527E-05 -0.38738323E-06  0.24359493E-05   863.99999924   -23308.01593688
   11730   23.46000000 -0.15350743E-05 -0.30896386E-06  0.23189350E-05   863.99999924   -23308.01593666
   11740   23.48000000 -0.15526800E-05 -0.22015191E-06  0.21640754E-05   863.99999924   -23308.01593644
   11750   23.50000000 -0.15560093E-05 -0.12213766E-06  0.19730258E-05   863.99999924   -23308.01593622
   11760   23.52000000 -0.15447893E-05 -0.16303440E-07  0.17480469E-05   863.99999924   -23308.01593600
   11770   23.54000000 -0.15189379E-05  0.95801875E-07  0.14919853E-05   863.99999924   -23308.01593578
   11780   23.56000000 -0.14785592E-05  0.21249065E-06  0.12082439E-05   863.99999924   -23308.01593556
   11790   23.58000000 -0.14239376E-05  0.33196719E-06  0.90074344E-06   863.99999924   -23308.01593535
   11800   23.60000000 -0.13555251E-05  0.45235758E-06  0.57386919E-06   863.99999924   -23308.01593514
   11810   23.62000000 -0.12739274E-05  0.57174147E-06  0.23240689E-06   863.99999924   -23308.01593493
   11820   23.64000000 -0.11798849E-05  0.68818275E-06 -0.11853525E-06   863.99999924   -23308.01593472
   11830   23.66000000 -0.10742549E-05  0.79976066E-06 -0.47361871E-06   863.99999924   -23308.01593450
   11840   23.68000000 -0.95799100E-06  0.90459812E-06 -0.82737680E-06   863.99999923   -23308.01593429
   11850   23.70000000 -0.83212260E-06  0.10008913E-05 -0.11743275E-05   863.99999923   -23308.01593407
   11860   23.72000000 -0.69773707E-06  0.10869369E-05 -0.15090909E-05   863.99999923   -23308.01593386
   11870   23.74000000 -0.55596237E-06  0.11611584E-05 -0.18265073E-05   863.99999923   -23308.01593364
   11880   23.76000000 -0.40795384E-06  0.12221325E-05 -0.21217515E-05   863.99999923   -23308.01593342
   11890   23.78000000 -0.25488300E-06  0.12686127E-05 -0.23904382E-05   863.99999923   -23308.01593319
   11900   23.80000000 -0.97929790E-07  0.12995515E-05 -0.26287129E-05   863.99999923   -23308.01593296
   11910   23.82000000  0.61721149E-07  0.13141207E-05 -0.28333242E-05   863.99999923   -23308.01593273
   11920   23.84000000  0.22288274E-06  0.13117276E-05 -0.30016752E-05   863.99999923   -23308.01593250
   11930   23.86000000  0.38436393E-06  0.12920276E-05 -0.31318520E-05   863.99999923   -23308.01593227
   11940   23.88000000  0.54496789E-06  0.12549317E-05 -0.32226275E-05   863.99999923   -23308.01593204
   11950   23.90000000  0.70348768E-06  0.12006072E-05 -0.32734453E-05   863.99999923   -23308.01593180
   11960   23.92000000  0.85870328E-06  0.11294741E-05 -0.32843825E-05   863.99999923   -23308.01593157
   11970   23.94000000  0.10093781E-05  0.10421952E-05 -0.32560971E-05   863.99999922   -23308.01593134
   11980   23.96000000  0.11542567E-05  0.93966118E-06 -0.31897650E-05   863.99999922   -23308.01593111
   11990   23.98000000  0.12920636E-05  0.82297163E-06 -0.30870091E-05   863.99999922   -23308.01593088
   12000   24.00000000  0.14215051E-05  0.69341412E-06 -0.29498270E-05   863.99999922   -23308.01593065
   12010   24.02000000  0.15412729E-05  0.55244163E-06 -0.27805204E-05   863.99999922   -23308.01593043
   12020   24.04000000  0.16500504E-05  0.40164909E-06 -0.25816294E-05   863.99999922   -23308.01593021
   12030   24.06000000  0.17465223E-05  0.24275358E-06 -0.23558751E-05   863.99999922   -23308.01592999
   12040   24.08000000  0.18293874E-05  0.77573572E-07 -0.21061089E-05   863.99999922   -23308.01592977
   12050   24.10000000  0.18973741E-05 -0.91988696E-07 -0.18352724E-05   863.99999922   -23308.01592955
   12060   24.12000000  0.19492601E-05 -0.26396429E-06 -0.15463653E-05   863.99999922   -23308.01592934
   12070   24.14000000  0.19838934E-05 -0.43633315E-06 -0.12424213E-05   863.99999922   -23308.01592913
   12080   24.16000000  0.20002166E-05 -0.60704117E-06 -0.92649021E-06   863.99999922   -23308.01592891
   12090   24.18000000  0.19972925E-05 -0.77401855E-06 -0.60162459E-06   863.99999922   -23308.01592870
   12100   24.20000000  0.19743307E-05 -0.93520020E-06 -0.27086980E-06   863.99999921   -23308.01592849
   12110   24.22000000  0.19307151E-05 -0.10885508E-05  0.62743258E-07   863.99999921   -23308.01592828
   12120   24.24000000  0.18660302E-05 -0.12320930E-05  0.39620630E-06   863.99999921   -23308.01592808
   12130   24.26000000  0.17800866E-05 -0.13639390E-05  0.72654044E-06   863.99999921   -23308.01592787
   12140   24.28000000  0.16729440E-05 -0.14823253E-05  0.10508057E-05   863.99999921   -23308.01592765
   12150   24.30000000  0.15449320E-05 -0.15856483E-05  0.13661120E-05   863.99999921   -23308.01592744
   12160   24.32000000  0.13966678E-05 -0.16725003E-05  0.16696323E-05   863.99999921   -23308.01592723
   12170   24.34000000  0.12290681E-05 -0.17417025E-05  0.19586189E-05   863.99999921   -23308.01592701
   12180   24.36000000  0.10433591E-05 -0.17923333E-05  0.22304221E-05   863.99999921   -23308.01592680
   12190   24.38000000  0.84107869E-06 -0.18237510E-05  0.24825106E-05   863.99999921   -23308.01592658
   12200   24.40000000  0.62407409E-06 -0.18356073E-05  0.27124946E-05   863.99999921   -23308.01592635
   12210   24.42000000  0.39449303E-06 -0.18278532E-05  0.29181500E-05   863.99999921   -23308.01592613
   12220   24.44000000  0.15476723E-06 -0.18007343E-05  0.30974432E-05   863.99999921   -23308.01592590
   12230   24.46000000 -0.92409330E-07 -0.17547781E-05  0.32485548E-05   863.99999920   -23308.01592567
   12240   24.48000000 -0.34411190E-06 -0.16907717E-05  0.33699045E-05   863.99999920   -23308.01592544
   12250   24.50000000 -0.59722212E-06 -0.16097335E-05  0.34601723E-05   863.99999920   -23308.01592521
   12260   24.52000000 -0.84847310E-06 -0.15128807E-05  0.35183197E-05   863.99999920   -23308.01592498
   12270   24.54000000 -0.10945007E-05 -0.14015918E-05  0.35436076E-05   863.99999920   -23308.01592474
   12280   24.56000000 -0.13319008E-05 -0.12773711E-05  0.35356118E-05   863.99999920   -23308.01592451
   12290   24.58000000 -0.15572912E-05 -0.11418131E-05  0.34942357E-05   863.99999920   -23308.01592428
   12300   24.60000000 -0.17673761E-05 -0.99656970E-06  0.34197191E-05   863.99999920   -23308.01592404
   12310   24.62000000 -0.19590128E-05 -0.84332365E-06  0.33126443E-05   863.99999920   -23308.01592381
   12320   24.64000000 -0.21292777E-05 -0.68376570E-06  0.31739370E-05   863.99999920   -23308.01592358
   12330   24.66000000 -0.22755307E-05 -0.51957846E-06  0.30048639E-05   863.99999920   -23308.01592335
   12340   24.68000000 -0.23954733E-05 -0.35242398E-06  0.28070244E-05   863.99999920   -23308.01592313
   12350   24.70000000 -0.24872027E-05 -0.18393660E-06  0.25823387E-05   863.99999920   -23308.01592290
   12360   24.72000000 -0.25492554E-05 -0.15716925E-07  0.23330306E-05   863.99999919   -23308.01592268
   12370   24.74000000 -0.25806422E-05  0.15067171E-06  0.20616057E-05   863.99999919   -23308.01592246
   12380   24.76000000 -0.25808703E-05  0.31370855E-06  0.17708271E-05   863.99999919   -23308.01592223
   12390   24.78000000 -0.25499542E-05  0.47192119E-06  0.14636865E-05   863.99999919   -23308.01592201
   12400   24.80000000 -0.24884110E-05  0.62389531E-06  0.11433737E-05   863.99999919   -23308.01592179
   12410   24.82000000 -0.23972440E-05  0.76828676E-06  0.81324534E-06   863.99999919   -23308.01592157
   12420   24.84000000 -0.22779115E-05  0.90383623E-06  0.47679080E-06   863.99999919   -23308.01592135
   12430   24.86000000 -0.21322861E-05  0.10293862E-05  0.13759873E-06   863.99999919   -23308.01592112
   12440   24.88000000 -0.19626013E-05  0.11438998E-05 -0.20067857E-06   863.99999919   -23308.01592090
   12450   24.90000000 -0.17713919E-05  0.12464787E-05 -0.53436124E-06   863.99999919   -23308.01592067
   12460   24.92000000 -0.15614296E-05  0.13363807E-05 -0.85978019E-06   863.99999919   -23308.01592045
   12470   24.94000000 -0.13356549E-05  0.14130345E-05 -0.11733176E-05   863.99999919   -23308.01592023
   12480   24.96000000 -0.10971117E-05  0.14760513E-05 -0.14714502E-05   863.99999919   -23308.01592001
   12490   24.98000000 -0.84888346E-06  0.15252309E-05 -0.17507954E-05   863.99999918   -23308.01591979
   12500   25.00000000 -0.59403655E-06  0.15605633E-05 -0.20081599E-05   863.99999918   -23308.01591957
   12510   25.02000000 -0.33556939E-06  0.15822253E-05 -0.22405894E-05   863.99999918   -23308.01591935
   12520   25.04000000 -0.76371422E-07  0.15905704E-05 -0.24454179E-05   863.99999918   -23308.01591914
   12530   25.06000000  0.18081012E-06  0.15861132E-05 -0.26203171E-05   863.99999918   -23308.01591892
   12540   25.08000000  0.43339486E-06  0.15695083E-05 -0.27633410E-05   863.99999918   -23308.01591871
   12550   25.10000000  0.67898480E-06  0.15415260E-05 -0.28729653E-05   863.99999918   -23308.01591849
   12560   25.12000000  0.91537353E-06  0.15030233E-05 -0.29481212E-05   863.99999918   -23308.01591827
   12570   25.14000000  0.11405484E-05  0.14549129E-05 -0.29882210E-05   863.99999918   -23308.01591806
   12580   25.16000000  0.13526876E-05  0.13981319E-05 -0.29931754E-05   863.99999918   -23308.01591784
   12590   25.18000000  0.15501546E-05  0.13336119E-05 -0.29634021E-05   863.99999918   -23308.01591761
   12600   25.20000000  0.17314880E-05  0.12622507E-05 -0.28998259E-05   863.99999918   -23308.01591739
   12610   25.22000000  0.18953905E-05  0.11848893E-05 -0.28038699E-05   863.99999918   -23308.01591716
   12620   25.24000000  0.20407174E-05  0.11022926E-05 -0.26774381E-05   863.99999917   -23308.01591694
   12630   25.26000000  0.21664653E-05  0.10151376E-05 -0.25228882E-05   863.99999917   -23308.01591671
   12640   25.28000000  0.22717624E-05  0.92400724E-06 -0.23429951E-05   863.99999917   -23308.01591648
   12650   25.30000000  0.23558609E-05  0.82939156E-06 -0.21409041E-05   863.99999917   -23308.01591625
   12660   25.32000000  0.24181333E-05  0.73169428E-06 -0.19200741E-05   863.99999917   -23308.01591602
   12670   25.34000000  0.24580709E-05  0.63124472E-06 -0.16842096E-05   863.99999917   -23308.01591580
   12680   25.36000000  0.24752881E-05  0.52831439E-06 -0.14371842E-05   863.99999917   -23308.01591557
   12690   25.38000000  0.24695298E-05  0.42313599E-06 -0.11829549E-05   863.99999917   -23308.01591535
   12700   25.40000000  0.24406813E-05  0.31592392E-06 -0.92547303E-06   863.99999917   -23308.01591513
   12710   25.42000000  0.23887831E-05  0.20689560E-06 -0.66859074E-06   863.99999917   -23308.01591491
   12720   25.44000000  0.23140462E-05  0.96290267E-07 -0.41597177E-06   863.99999917   -23308.01591469
   12730   25.46000000  0.22168668E-05 -0.15613263E-07 -0.17100710E-06   863.99999917   -23308.01591448
   12740   25.48000000  0.20978417E-05 -0.12848379E-06  0.63258974E-07   863.99999917   -23308.01591426
   12750   25.50000000  0.19577815E-05 -0.24192742E-06  0.28418919E-06   863.99999916   -23308.01591405
   12760   25.52000000  0.17977193E-05 -0.35548239E-06  0.48959614E-06   863.99999916   -23308.01591385
   12770   25.54000000  0.16189162E-05 -0.46861826E-06  0.67776924E-06   863.99999916   -23308.01591364
   12780   25.56000000  0.14228617E-05 -0.58073815E-06  0.84748303E-06   863.99999916   -23308.01591343
   12790   25.58000000  0.12112672E-05 -0.69118566E-06  0.99798725E-06   863.99999916   -23308.01591323
   12800   25.60000000  0.98605595E-06 -0.79925265E-06  0.11289836E-05   863.99999916   -23308.01591302
   12810   25.62000000  0.74934595E-06 -0.90419032E-06  0.12405881E-05   863.99999916   -23308.01591282
   12820   25.64000000  0.50342830E-06 -0.10052202E-05  0.13332840E-05   863.99999916   -23308.01591261
   12830   25.66000000  0.25073999E-06 -0.11015441E-05  0.14078684E-05   863.99999916   -23308.01591241
   12840   25.68000000 -0.61663272E-08 -0.11923561E-05  0.14653953E-05   863.99999916   -23308.01591220
   12850   25.70000000 -0.26465623E-06 -0.12768522E-05  0.15071161E-05   863.99999916   -23308.01591199
   12860   25.72000000 -0.52204976E-06 -0.13542390E-05  0.15344235E-05   863.99999916   -23308.01591178
   12870   25.74000000 -0.77565787E-06 -0.14237437E-05  0.15487960E-05   863.99999916   -23308.01591157
   12880   25.76000000 -0.10228204E-05 -0.14846221E-05  0.15517488E-05   863.99999915   -23308.01591136
   12890   25.78000000 -0.12609410E-05 -0.15361685E-05  0.15447894E-05   863.99999915   -23308.01591115
   12900   25.80000000 -0.14875222E-05 -0.15777240E-05  0.15293788E-05   863.99999915   -23308.01591094
   12910   25.82000000 -0.17001955E-05 -0.16086866E-05  0.15069000E-05   863.99999915   -23308.01591072
   12920   25.84000000 -0.18967495E-05 -0.16285201E-05  0.14786313E-05   863.99999915   -23308.01591051
   12930   25.86000000 -0.20751538E-05 -0.16367631E-05  0.14457260E-05   863.99999915   -23308.01591029
   12940   25.88000000 -0.22335775E-05 -0.16330366E-05  0.14091986E-05   863.99999915   -23308.01591007
   12950   25.90000000 -0.23704050E-05 -0.16170508E-05  0.13699143E-05   863.99999915   -23308.01590986
   12960   25.92000000 -0.24842465E-05 -0.15886116E-05  0.13285848E-05   863.99999915   -23308.01590964
   12970   25.94000000 -0.25739466E-05 -0.15476246E-05  0.12857667E-05   863.99999915   -23308.01590942
   12980   25.96000000 -0.26385888E-05 -0.14940988E-05  0.12418643E-05   863.99999915   -23308.01590920
   12990   25.98000000 -0.26774976E-05 -0.14281514E-05  0.11971361E-05   863.99999915   -23308.01590898
   13000   26.00000000 -0.26902399E-05 -0.13500117E-05  0.11517038E-05   863.99999915   -23308.01590876
   13010   26.02000000 -0.26766250E-05 -0.12600267E-05  0.11055665E-05   863.99999914   -23308.01590854
   13020   26.04000000 -0.26367041E-05 -0.11586682E-05  0.10586170E-05   863.99999914   -23308.01590832
   13030   26.06000000 -0.25707685E-05 -0.10465404E-05  0.10106633E-05   863.99999914   -23308.01590811
   13040   26.08000000 -0.24793476E-05 -0.92438957E-06  0.96145252E-06   863.99999914   -23308.01590789
   13050   26.10000000 -0.23632054E-05 -0.79311198E-06  0.91070033E-06   863.99999914   -23308.01590767
   13060   26.12000000 -0.22233360E-05 -0.65376164E-06  0.85812054E-06   863.99999914   -23308.01590746
   13070   26.14000000 -0.20609578E-05 -0.50755527E-06  0.80345904E-06   863.99999914   -23308.01590725
   13080   26.16000000 -0.18775035E-05 -0.35587170E-06  0.74652567E-06   863.99999914   -23308.01590704
   13090   26.18000000 -0.16746105E-05 -0.20024615E-06  0.68722404E-06   863.99999914   -23308.01590683
   13100   26.20000000 -0.14541069E-05 -0.42357050E-07  0.62557776E-06   863.99999914   -23308.01590662
   13110   26.22000000 -0.12179977E-05  0.11599412E-06  0.56174845E-06   863.99999914   -23308.01590641
   13120   26.24000000 -0.96844833E-06  0.27291157E-06  0.49604619E-06   863.99999914   -23308.01590620
   13130   26.26000000 -0.70776786E-06  0.42644080E-06  0.42892790E-06   863.99999914   -23308.01590599
   13140   26.28000000 -0.43839196E-06  0.57461096E-06  0.36098589E-06   863.99999913   -23308.01590578
   13150   26.30000000 -0.16286505E-06  0.71548072E-06  0.29292529E-06   863.99999913   -23308.01590558
   13160   26.32000000  0.11617748E-06  0.84718746E-06  0.22553146E-06   863.99999913   -23308.01590537
   13170   26.34000000  0.39602697E-06  0.96799598E-06  0.15963041E-06   863.99999913   -23308.01590516
   13180   26.36000000  0.67392084E-06  0.10763454E-05  0.96044117E-07   863.99999913   -23308.01590495
   13190   26.38000000  0.94706281E-06  0.11708914E-05  0.35545617E-07   863.99999913   -23308.01590474
   13200   26.40000000  0.12126454E-05  0.12505432E-05 -0.21184436E-07   863.99999913   -23308.01590453
   13210   26.42000000  0.14678754E-05  0.13144917E-05 -0.73595544E-07   863.99999913   -23308.01590432
   13220   26.44000000  0.17100009E-05  0.13622303E-05 -0.12129644E-06   863.99999913   -23308.01590410
   13230   26.46000000  0.19363424E-05  0.13935649E-05 -0.16407599E-06   863.99999913   -23308.01590388
   13240   26.48000000  0.21443251E-05  0.14086168E-05 -0.20191207E-06   863.99999913   -23308.01590367
   13250   26.50000000  0.23315149E-05  0.14078143E-05 -0.23497102E-06   863.99999913   -23308.01590345
   13260   26.52000000  0.24956536E-05  0.13918777E-05 -0.26359691E-06   863.99999913   -23308.01590322
   13270   26.54000000  0.26346954E-05  0.13617955E-05 -0.28829378E-06   863.99999912   -23308.01590300
   13280   26.56000000  0.27468427E-05  0.13187935E-05 -0.30970141E-06   863.99999912   -23308.01590277
   13290   26.58000000  0.28305784E-05  0.12642992E-05 -0.32856724E-06   863.99999912   -23308.01590254
   13300   26.60000000  0.28846973E-05  0.11999001E-05 -0.34571637E-06   863.99999912   -23308.01590231
   13310   26.62000000  0.29083312E-05  0.11273001E-05 -0.36202038E-06   863.99999912   -23308.01590209
   13320   26.64000000  0.29009713E-05  0.10482713E-05 -0.37836716E-06   863.99999912   -23308.01590186
   13330   26.66000000  0.28624839E-05  0.96460731E-06 -0.39563113E-06   863.99999912   -23308.01590163
   13340   26.68000000  0.27931205E-05  0.87807509E-06 -0.41464576E-06   863.99999912   -23308.01590141
   13350   26.70000000  0.26935212E-05  0.79036942E-06 -0.43617578E-06   863.99999912   -23308.01590119
   13360   26.72000000  0.25647116E-05  0.70306902E-06 -0.46089133E-06   863.99999912   -23308.01590097
   13370   26.74000000  0.24080929E-05  0.61759982E-06 -0.48934411E-06   863.99999912   -23308.01590075
   13380   26.76000000  0.22254254E-05  0.53520041E-06 -0.52194396E-06   863.99999912   -23308.01590054
   13390   26.78000000  0.20188043E-05  0.45689639E-06 -0.55893757E-06   863.99999912   -23308.01590032
   13400   26.80000000  0.17906316E-05  0.38348057E-06 -0.60039014E-06   863.99999911   -23308.01590011
   13410   26.82000000  0.15435796E-05  0.31550190E-06 -0.64617161E-06   863.99999911   -23308.01589990
   13420   26.84000000  0.12805530E-05  0.25326133E-06 -0.69594733E-06   863.99999911   -23308.01589969
   13430   26.86000000  0.10046455E-05  0.19681636E-06 -0.74917657E-06   863.99999911   -23308.01589948
   13440   26.88000000  0.71909492E-06  0.14599273E-06 -0.80511750E-06   863.99999911   -23308.01589927
   13450   26.90000000  0.42723860E-06  0.10040310E-06 -0.86284080E-06   863.99999911   -23308.01589906
   13460   26.92000000  0.13246663E-06  0.59471133E-07 -0.92125128E-06   863.99999911   -23308.01589884
   13470   26.94000000 -0.16182088E-06  0.22460991E-07 -0.97911810E-06   863.99999911   -23308.01589863
   13480   26.96000000 -0.45225648E-06 -0.11489531E-07 -0.10351096E-05   863.99999911   -23308.01589841
   13490   26.98000000 -0.73554389E-06 -0.43333332E-07 -0.10878338E-05   863.99999911   -23308.01589819
   13500   27.00000000 -0.10084960E-05 -0.74077090E-07 -0.11358804E-05   863.99999911   -23308.01589797
   13510   27.02000000 -0.12680677E-05 -0.10474430E-06 -0.11778622E-05   863.99999911   -23308.01589775
   13520   27.04000000 -0.15113882E-05 -0.13633861E-06 -0.12124541E-05   863.99999911   -23308.01589752
   13530   27.06000000 -0.17357901E-05 -0.16980916E-06 -0.12384267E-05   863.99999910   -23308.01589730
   13540   27.08000000 -0.19388361E-05 -0.20601797E-06 -0.12546734E-05   863.99999910   -23308.01589708
   13550   27.10000000 -0.21183443E-05 -0.24571098E-06 -0.12602311E-05   863.99999910   -23308.01589685
   13560   27.12000000 -0.22724119E-05 -0.28949168E-06 -0.12542918E-05   863.99999910   -23308.01589663
   13570   27.14000000 -0.23994342E-05 -0.33779984E-06 -0.12362074E-05   863.99999910   -23308.01589641
   13580   27.16000000 -0.24981231E-05 -0.39089429E-06 -0.12054886E-05   863.99999910   -23308.01589618
   13590   27.18000000 -0.25675217E-05 -0.44884007E-06 -0.11617996E-05   863.99999910   -23308.01589596
   13600   27.20000000 -0.26070148E-05 -0.51150082E-06 -0.11049487E-05   863.99999910   -23308.01589574
   13610   27.22000000 -0.26163363E-05 -0.57853585E-06 -0.10348796E-05   863.99999910   -23308.01589551
   13620   27.24000000 -0.25955707E-05 -0.64940264E-06 -0.95166063E-06   863.99999910   -23308.01589529
   13630   27.26000000 -0.25451524E-05 -0.72336442E-06 -0.85547890E-06   863.99999910   -23308.01589506
   13640   27.28000000 -0.24658585E-05 -0.79950319E-06 -0.74663467E-06   863.99999910   -23308.01589484
   13650   27.30000000 -0.23587988E-05 -0.87673697E-06 -0.62554086E-06   863.99999910   -23308.01589462
   13660   27.32000000 -0.22254007E-05 -0.95384211E-06 -0.49272441E-06   863.99999909   -23308.01589439
   13670   27.34000000 -0.20673908E-05 -0.10294811E-05 -0.34883069E-06   863.99999909   -23308.01589417
   13680   27.36000000 -0.18867739E-05 -0.11022332E-05 -0.19462996E-06   863.99999909   -23308.01589395
   13690   27.38000000 -0.16858089E-05 -0.11706297E-05 -0.31023825E-07   863.99999909   -23308.01589373
   13700   27.40000000 -0.14669819E-05 -0.12331914E-05  0.14094839E-06   863.99999909   -23308.01589350
   13710   27.42000000 -0.12329784E-05 -0.12884661E-05  0.32010453E-06   863.99999909   -23308.01589328
   13720   27.44000000 -0.98665223E-06 -0.13350681E-05  0.50511821E-06   863.99999909   -23308.01589306
   13730   27.46000000 -0.73099470E-06 -0.13717156E-05  0.69451934E-06   863.99999909   -23308.01589285
   13740   27.48000000 -0.46910113E-06 -0.13972658E-05  0.88669818E-06   863.99999909   -23308.01589263
   13750   27.50000000 -0.20413579E-06 -0.14107466E-05  0.10799132E-05   863.99999909   -23308.01589241
   13760   27.52000000  0.60704193E-07 -0.14113816E-05  0.12723025E-05   863.99999909   -23308.01589220
   13770   27.54000000  0.32222592E-06 -0.13986111E-05  0.14618982E-05   863.99999909   -23308.01589198
   13780   27.56000000  0.57728052E-06 -0.13721057E-05  0.16466430E-05   863.99999909   -23308.01589176
   13790   27.58000000  0.82280185E-06 -0.13317736E-05  0.18244098E-05   863.99999908   -23308.01589154
   13800   27.60000000  0.10558474E-05 -0.12777612E-05  0.19930234E-05   863.99999908   -23308.01589133
   13810   27.62000000  0.12736387E-05 -0.12104472E-05  0.21502843E-05   863.99999908   -23308.01589111
   13820   27.64000000  0.14736006E-05 -0.11304311E-05  0.22939952E-05   863.99999908   -23308.01589089
   13830   27.66000000  0.16533999E-05 -0.10385171E-05  0.24219904E-05   863.99999908   -23308.01589067
   13840   27.68000000  0.18109811E-05 -0.93569446E-06  0.25321662E-05   863.99999908   -23308.01589044
   13850   27.70000000  0.19446005E-05 -0.82311351E-06  0.26225141E-05   863.99999908   -23308.01589022
   13860   27.72000000  0.20528548E-05 -0.70206071E-06  0.26911575E-05   863.99999908   -23308.01589000
   13870   27.74000000  0.21347079E-05 -0.57393160E-06  0.27363888E-05   863.99999908   -23308.01588977
   13880   27.76000000  0.21895101E-05 -0.44020180E-06  0.27567078E-05   863.99999908   -23308.01588955
   13890   27.78000000  0.22170137E-05 -0.30239979E-06  0.27508602E-05   863.99999908   -23308.01588933
   13900   27.80000000  0.22173807E-05 -0.16207776E-06  0.27178753E-05   863.99999908   -23308.01588910
   13910   27.82000000  0.21911846E-05 -0.20784236E-07  0.26571001E-05   863.99999908   -23308.01588888
   13920   27.84000000  0.21394051E-05  0.11996287E-06  0.25682307E-05   863.99999907   -23308.01588866
   13930   27.86000000  0.20634129E-05  0.25870052E-06  0.24513383E-05   863.99999907   -23308.01588844
   13940   27.88000000  0.19649479E-05  0.39404343E-06  0.23068877E-05   863.99999907   -23308.01588823
   13950   27.90000000  0.18460874E-05  0.52470398E-06  0.21357494E-05   863.99999907   -23308.01588801
   13960   27.92000000  0.17092066E-05  0.64950745E-06  0.19392021E-05   863.99999907   -23308.01588779
   13970   27.94000000  0.15569305E-05  0.76740418E-06  0.17189271E-05   863.99999907   -23308.01588758
   13980   27.96000000  0.13920787E-05  0.87747828E-06  0.14769928E-05   863.99999907   -23308.01588737
   13990   27.98000000  0.12176032E-05  0.97895023E-06  0.12158308E-05   863.99999907   -23308.01588716
   14000   28.00000000  0.10365233E-05  0.10711771E-05  0.93820221E-06   863.99999907   -23308.01588695
   14010   28.02000000  0.85185710E-06  0.11536483E-05  0.64715776E-06   863.99999907   -23308.01588675
   14020   28.04000000  0.66655302E-06  0.12259777E-05  0.34598914E-06   863.99999907   -23308.01588654
   14030   28.06000000  0.48342543E-06  0.12878943E-05  0.38176947E-07   863.99999907   -23308.01588634
   14040   28.08000000  0.30509277E-06  0.13392303E-05 -0.27266851E-06   863.99999907   -23308.01588613
   14050   28.10000000  0.13392498E-06  0.13799071E-05 -0.58286769E-06   863.99999906   -23308.01588593
   14060   28.12000000 -0.28000579E-07  0.14099212E-05 -0.88873595E-06   863.99999906   -23308.01588572
   14070   28.14000000 -0.17893225E-06  0.14293295E-05 -0.11866462E-05   863.99999906   -23308.01588552
   14080   28.16000000 -0.31746528E-06  0.14382348E-05 -0.14730925E-05   863.99999906   -23308.01588531
   14090   28.18000000 -0.44255064E-06  0.14367719E-05 -0.17447500E-05   863.99999906   -23308.01588509
   14100   28.20000000 -0.55349180E-06  0.14250957E-05 -0.19985315E-05   863.99999906   -23308.01588488
   14110   28.22000000 -0.64993021E-06  0.14033698E-05 -0.22316385E-05   863.99999906   -23308.01588466
   14120   28.24000000 -0.73181997E-06  0.13717592E-05 -0.24416047E-05   863.99999906   -23308.01588444
   14130   28.26000000 -0.79939537E-06  0.13304261E-05 -0.26263305E-05   863.99999906   -23308.01588422
   14140   28.28000000 -0.85313114E-06  0.12795290E-05 -0.27841090E-05   863.99999906   -23308.01588400
   14150   28.30000000 -0.89369905E-06  0.12192259E-05 -0.29136414E-05   863.99999906   -23308.01588377
   14160   28.32000000 -0.92192235E-06  0.11496825E-05 -0.30140424E-05   863.99999906   -23308.01588355
   14170   28.34000000 -0.93873094E-06  0.10710819E-05 -0.30848355E-05   863.99999906   -23308.01588332
   14180   28.36000000 -0.94511778E-06  0.98364006E-06 -0.31259398E-05   863.99999905   -23308.01588309
   14190   28.38000000 -0.94209861E-06  0.88762126E-06 -0.31376495E-05   863.99999905   -23308.01588287
   14200   28.40000000 -0.93067666E-06  0.78335531E-06 -0.31206056E-05   863.99999905   -23308.01588264
   14210   28.42000000 -0.91181188E-06  0.67125359E-06 -0.30757651E-05   863.99999905   -23308.01588242
   14220   28.44000000 -0.88639620E-06  0.55182387E-06 -0.30043658E-05   863.99999905   -23308.01588220
   14230   28.46000000 -0.85523460E-06  0.42568289E-06 -0.29078902E-05   863.99999905   -23308.01588198
   14240   28.48000000 -0.81903081E-06  0.29356520E-06 -0.27880276E-05   863.99999905   -23308.01588177
   14250   28.50000000 -0.77838000E-06  0.15632884E-06 -0.26466380E-05   863.99999905   -23308.01588156
   14260   28.52000000 -0.73376738E-06  0.14956527E-07 -0.24857160E-05   863.99999905   -23308.01588135
   14270   28.54000000 -0.68557200E-06 -0.12944774E-06 -0.23073569E-05   863.99999905   -23308.01588114
   14280   28.56000000 -0.63407559E-06 -0.27566481E-06 -0.21137237E-05   863.99999905   -23308.01588093
   14290   28.58000000 -0.57947767E-06 -0.42237225E-06 -0.19070171E-05   863.99999905   -23308.01588073
   14300   28.60000000 -0.52191403E-06 -0.56815895E-06 -0.16894487E-05   863.99999905   -23308.01588052
   14310   28.62000000 -0.46148049E-06 -0.71154530E-06 -0.14632152E-05   863.99999904   -23308.01588032
   14320   28.64000000 -0.39825853E-06 -0.85100542E-06 -0.12304778E-05   863.99999904   -23308.01588012
   14330   28.66000000 -0.33234319E-06 -0.98499477E-06 -0.99334349E-06   863.99999904   -23308.01587991
   14340   28.68000000 -0.26386983E-06 -0.11119790E-05 -0.75385078E-06   863.99999904   -23308.01587970
   14350   28.70000000 -0.19304018E-06 -0.12304658E-05 -0.51395868E-06   863.99999904   -23308.01587949
   14360   28.72000000 -0.12014530E-06 -0.13390374E-05 -0.27553969E-06   863.99999904   -23308.01587928
   14370   28.74000000 -0.45583757E-07 -0.14363822E-05 -0.40375109E-07   863.99999904   -23308.01587907
   14380   28.76000000  0.30126490E-07 -0.15213251E-05  0.18984808E-06   863.99999904   -23308.01587885
   14390   28.78000000  0.10634187E-06 -0.15928542E-05  0.41353665E-06   863.99999904   -23308.01587863
   14400   28.80000000  0.18229502E-06 -0.16501424E-05  0.62919139E-06   863.99999904   -23308.01587840
   14410   28.82000000  0.25710307E-06 -0.16925637E-05  0.83540707E-06   863.99999904   -23308.01587818
   14420   28.84000000  0.32978271E-06 -0.17197037E-05  0.10308731E-05   863.99999904   -23308.01587795
   14430   28.86000000  0.39927159E-06 -0.17313619E-05  0.12143751E-05   863.99999904   -23308.01587772
   14440   28.88000000  0.46445575E-06 -0.17275493E-05  0.13847985E-05   863.99999903   -23308.01587749
   14450   28.90000000  0.52419939E-06 -0.17084792E-05  0.15411323E-05   863.99999903   -23308.01587726
   14460   28.92000000  0.57737945E-06 -0.16745534E-05  0.16824755E-05   863.99999903   -23308.01587704
   14470   28.94000000  0.62292031E-06 -0.16263445E-05  0.18080437E-05   863.99999903   -23308.01587681
   14480   28.96000000  0.65982945E-06 -0.15645753E-05  0.19171764E-05   863.99999903   -23308.01587658
   14490   28.98000000  0.68723150E-06 -0.14900974E-05  0.20093434E-05   863.99999903   -23308.01587636
   14500   29.00000000  0.70440062E-06 -0.14038682E-05  0.20841522E-05   863.99999903   -23308.01587614
   14510   29.02000000  0.71078828E-06 -0.13069300E-05  0.21413542E-05   863.99999903   -23308.01587592
   14520   29.04000000  0.70604717E-06 -0.12003882E-05  0.21808509E-05   863.99999903   -23308.01587570
   14530   29.06000000  0.69004942E-06 -0.10853932E-05  0.22026991E-05   863.99999903   -23308.01587549
   14540   29.08000000  0.66289855E-06 -0.96312257E-06  0.22071150E-05   863.99999903   -23308.01587528
   14550   29.10000000  0.62493480E-06 -0.83476763E-06  0.21944765E-05   863.99999903   -23308.01587507
   14560   29.12000000  0.57673313E-06 -0.70152019E-06  0.21653249E-05   863.99999903   -23308.01587487
   14570   29.14000000  0.51909520E-06 -0.56456297E-06  0.21203630E-05   863.99999902   -23308.01587466
   14580   29.16000000  0.45303413E-06 -0.42506149E-06  0.20604496E-05   863.99999902   -23308.01587446
   14590   29.18000000  0.37975308E-06 -0.28415869E-06  0.19865894E-05   863.99999902   -23308.01587425
   14600   29.20000000  0.30061973E-06 -0.14297081E-06  0.18999187E-05   863.99999902   -23308.01587405
   14610   29.22000000  0.21713587E-06 -0.25847866E-08  0.18016842E-05   863.99999902   -23308.01587385
   14620   29.24000000  0.13090415E-06  0.13594292E-06  0.16932184E-05   863.99999902   -23308.01587364
   14630   29.26000000  0.43593768E-07  0.27158785E-06  0.15759087E-05   863.99999902   -23308.01587344
   14640   29.28000000 -0.43095451E-07  0.40335743E-06  0.14511648E-05   863.99999902   -23308.01587324
   14650   29.30000000 -0.12746742E-06  0.53029187E-06  0.13203842E-05   863.99999902   -23308.01587303
   14660   29.32000000 -0.20786406E-06  0.65146523E-06  0.11849181E-05   863.99999902   -23308.01587283
   14670   29.34000000 -0.28269670E-06  0.76598802E-06  0.10460408E-05   863.99999902   -23308.01587262
   14680   29.36000000 -0.35047568E-06  0.87301105E-06  0.90492368E-06   863.99999902   -23308.01587241
   14690   29.38000000 -0.40983699E-06  0.97172941E-06  0.76261691E-06   863.99999902   -23308.01587220
   14700   29.40000000 -0.45956599E-06  0.10613891E-05  0.62003661E-06   863.99999901   -23308.01587199
   14710   29.42000000 -0.49861821E-06  0.11412946E-05  0.47796212E-06   863.99999901   -23308.01587178
   14720   29.44000000 -0.52613718E-06  0.12108169E-05  0.33703945E-06   863.99999901   -23308.01587157
   14730   29.46000000 -0.54146854E-06  0.12694034E-05  0.19779221E-06   863.99999901   -23308.01587135
   14740   29.48000000 -0.54417067E-06  0.13165878E-05  0.60637808E-07   863.99999901   -23308.01587114
   14750   29.50000000 -0.53402088E-06  0.13520004E-05 -0.74092374E-07   863.99999901   -23308.01587092
   14760   29.52000000 -0.51101927E-06  0.13753780E-05 -0.20613035E-06   863.99999901   -23308.01587070
   14770   29.54000000 -0.47538570E-06  0.13865735E-05 -0.33524930E-06   863.99999901   -23308.01587049
   14780   29.56000000 -0.42755480E-06  0.13855650E-05 -0.46124091E-06   863.99999901   -23308.01587027
   14790   29.58000000 -0.36816503E-06  0.13724625E-05 -0.58389542E-06   863.99999901   -23308.01587005
   14800   29.60000000 -0.29804377E-06  0.13475133E-05 -0.70298317E-06   863.99999901   -23308.01586984
   14810   29.62000000 -0.21819065E-06  0.13111048E-05 -0.81823891E-06   863.99999901   -23308.01586963
   14820   29.64000000 -0.12975562E-06  0.12637647E-05 -0.92935004E-06   863.99999901   -23308.01586942
   14830   29.66000000 -0.34017338E-07  0.12061579E-05 -0.10359472E-05   863.99999900   -23308.01586921
   14840   29.68000000  0.67641258E-07  0.11390786E-05 -0.11375993E-05   863.99999900   -23308.01586900
   14850   29.70000000  0.17375642E-06  0.10634393E-05 -0.12338102E-05   863.99999900   -23308.01586879
   14860   29.72000000  0.28280718E-06  0.98025644E-06 -0.13240206E-05   863.99999900   -23308.01586858
   14870   29.74000000  0.39323778E-06  0.89063129E-06 -0.14076138E-05   863.99999900   -23308.01586837
   14880   29.76000000  0.50347864E-06  0.79572783E-06 -0.14839250E-05   863.99999900   -23308.01586817
   14890   29.78000000  0.61196677E-06  0.69674745E-06 -0.15522558E-05   863.99999900   -23308.01586796
   14900   29.80000000  0.71716349E-06  0.59490203E-06 -0.16118911E-05   863.99999900   -23308.01586775
   14910   29.82000000  0.81757143E-06  0.49138630E-06 -0.16621219E-05   863.99999900   -23308.01586754
   14920   29.84000000  0.91174990E-06  0.38734998E-06 -0.17022685E-05   863.99999900   -23308.01586733
   14930   29.86000000  0.99832879E-06  0.28387159E-06 -0.17317083E-05   863.99999900   -23308.01586712
   14940   29.88000000  0.10760216E-05  0.18193488E-06 -0.17499021E-05   863.99999900   -23308.01586691
   14950   29.90000000  0.11436364E-05  0.82409635E-07 -0.17564206E-05   863.99999900   -23308.01586669
   14960   29.92000000  0.12000870E-05 -0.13961893E-07 -0.17509687E-05   863.99999899   -23308.01586648
   14970   29.94000000  0.12444004E-05 -0.10657311E-06 -0.17334057E-05   863.99999899   -23308.01586626
   14980   29.96000000  0.12757262E-05 -0.19495429E-06 -0.17037604E-05   863.99999899   -23308.01586605
   14990   29.98000000  0.12933440E-05 -0.27876758E-06 -0.16622418E-05   863.99999899   -23308.01586583
 projection: already converged, E_kin(new)-E_kin(old)=  0.000000000000000E+000
   15000   30.00000000  0.12966707E-05 -0.35779569E-06 -0.16092403E-05   863.99999899   -23308.01586561
=== application breakdown [s] ===
total calculation time,7405.27373099
rt calculation                         min         max     average   std. dev.  difference    relative
rt initialization              0.47922E-04 0.58508E-03 0.17035E-03 0.56369E-04 0.53716E-03 0.12209E+02
reading lda data               0.42193E+01 0.42524E+01 0.42259E+01 0.31275E-02 0.33145E-01 0.10079E+01
reading rt data                0.22860E-02 0.38841E-02 0.27098E-02 0.22220E-03 0.15981E-02 0.16991E+01
prep. time prop.               0.76103E-03 0.55499E-02 0.10318E-02 0.21734E-03 0.47889E-02 0.72926E+01
rt iterations                  0.73998E+04 0.73998E+04 0.73998E+04 0.26150E-03 0.15023E-02 0.10000E+01
after writing rt data          0.19073E-05 0.97095E+00 0.11914E-03 0.10234E-01 0.97095E+00 0.50906E+06
in rt iterations                       min         max     average   std. dev.  difference    relative
Vbox                           0.13156E+01 0.15468E+01 0.14191E+01 0.35824E-01 0.23122E+00 0.11758E+01
time propagation               0.56209E+04 0.58433E+04 0.57526E+04 0.34604E+02 0.22243E+03 0.10396E+01
calculating rho                0.10446E+03 0.32440E+03 0.19439E+03 0.34603E+02 0.21994E+03 0.31056E+01
Hartree routine                0.36776E+02 0.51114E+02 0.44745E+02 0.24075E+01 0.14339E+02 0.13899E+01
Exc_Cor routine                0.63097E+01 0.10803E+02 0.82426E+01 0.75312E+00 0.44929E+01 0.17121E+01
calculating curr               0.11472E+04 0.11473E+04 0.11473E+04 0.17648E-01 0.10693E+00 0.10001E+01
calc. projection               0.16341E+02 0.16664E+02 0.16576E+02 0.36685E-01 0.32333E+00 0.10198E+01
writing energies               0.14904E+01 0.19616E+01 0.16092E+01 0.10859E+00 0.47122E+00 0.13162E+01
calc_eigen_energy              0.21045E+03 0.21132E+03 0.21070E+03 0.11187E+00 0.86544E+00 0.10041E+01
calc_total_energy_periodic     0.17796E+02 0.22988E+02 0.19661E+02 0.71222E+00 0.51927E+01 0.12918E+01
writing info etc.              0.95353E-02 0.42265E+00 0.12240E-01 0.44453E-02 0.41311E+00 0.44325E+02
total_energy module                    min         max     average   std. dev.  difference    relative
periodic calc.                 0.28630E+01 0.10209E+02 0.48076E+01 0.15102E+01 0.73460E+01 0.35658E+01
periodic comm. coll.           0.92346E+01 0.19670E+02 0.14838E+02 0.17109E+01 0.10436E+02 0.21301E+01
eigen_energy calc.             0.35596E+02 0.39067E+02 0.38017E+02 0.35074E+00 0.34707E+01 0.10975E+01
eigen_energy comm. coll.       0.42950E+01 0.10298E+02 0.71718E+01 0.78511E+00 0.60030E+01 0.23977E+01
eigen_energy hpsi              0.14828E+03 0.15360E+03 0.15026E+03 0.66296E+00 0.53207E+01 0.10359E+01
density_matrix module                  min         max     average   std. dev.  difference    relative
density calc.                  0.80081E+02 0.14398E+03 0.10829E+03 0.12176E+02 0.63897E+02 0.17979E+01
density comm. coll.            0.11508E+02 0.18435E+03 0.85853E+02 0.25632E+02 0.17284E+03 0.16019E+02
current calc.                  0.25113E+03 0.27427E+03 0.26096E+03 0.34782E+01 0.23138E+02 0.10921E+01
current rDivided uVpsi calc.   0.11429E+03 0.11686E+03 0.11538E+03 0.39460E+00 0.25708E+01 0.10225E+01
current comm. coll.            0.76912E+02 0.11740E+03 0.99135E+02 0.53132E+01 0.40490E+02 0.15264E+01
current comm. halo.            0.64390E+03 0.70116E+03 0.67167E+03 0.80542E+01 0.57269E+02 0.10889E+01
conjugate_gradient module              min         max     average   std. dev.  difference    relative
subspace_diag module                   min         max     average   std. dev.  difference    relative
subspace_diag so module                min         max     average   std. dev.  difference    relative
force module                           min         max     average   std. dev.  difference    relative
init_ps                                min         max     average   std. dev.  difference    relative
hamiltonian module                     min         max     average   std. dev.  difference    relative
total                          0.49322E+04 0.51545E+04 0.50314E+04 0.33271E+02 0.22223E+03 0.10451E+01
update overlap (comm.)         0.26414E+04 0.30299E+04 0.27818E+04 0.53559E+02 0.38850E+03 0.11471E+01
stencil                        0.10789E+04 0.13450E+04 0.11827E+04 0.25121E+02 0.26610E+03 0.12466E+01
subtraction                    0.26537E+02 0.30165E+02 0.28615E+02 0.42503E+00 0.36281E+01 0.11367E+01
pseudo-pt                      0.94998E+03 0.11062E+04 0.10205E+04 0.22014E+02 0.15621E+03 0.11644E+01
pseudo-pt (comm.)              0.35332E+02 0.26782E+03 0.13278E+03 0.31496E+02 0.23248E+03 0.75801E+01
hpsi-overlapped                        min         max     average   std. dev.  difference    relative
checkpoint/restart                     min         max     average   std. dev.  difference    relative
restart self                   0.12406E+01 0.13051E+01 0.12440E+01 0.16557E-02 0.64480E-01 0.10520E+01
restart sync                   0.13024E+01 0.13093E+01 0.13053E+01 0.98215E-03 0.68910E-02 0.10053E+01
=== performance [GFLOPS] ===
end SALMON
