##############################################################################
# SALMON: Scalable Ab-initio Light-Matter simulator for Optics and Nanoscience
#
#                             Version 2.2.1
##############################################################################
  Libxc: [enabled] 6.2.2
   theory= tddft_pulse
 
 Total time step      =       15000
 Time step[fs]        =  2.000000000000000E-003
 Energy range         =        3000
 Energy resolution[eV]=  1.000000000000000E-002
Laser frequency     = 0.10 2.00[eV]
Pulse width of laser=     21.00000000      4.35000000[fs]
Laser intensity     =  0.40000000E+11  0.60000000E+12[W/cm^2]
delay time          =      0.00000000[fs]
   use of real value orbitals =  F
 ======
 MPI distribution:
   nproc_k     :         125
   nproc_ob    :           4
   nproc_rgrid :           3           2           3
 OpenMP parallelization:
   number of threads :           1
 hpsi stencil:
   enables hand-coding vectorization : F
   enables openmp parallelization    : F
 current:
   k,orbital parallelized of openmp  : T
 force:
   k,orbital parallelized of openmp  : T
 ===================pseudopotential data===================
 ik ,atom_symbol=           1 Si
 ps_format =KY              
 ps_file =./Si_rps.dat
 Zps(ik), Mlps(ik) =           4           2
 Rps(ik), NRps(ik) =   2.26767135054939              122
 Lref(ik) =           2
 nproj(ik,l) =           1           1           1
 anorm(ik,l) =  0.6193218      0.3646551      0.0000000E+00
 inorm(ik,l) =           1           1           0
 Mass(ik) =   28.0000000000000     
 flag_nlcc_element(ik) = F
 ==========================================================
 flag_nlcc =  F
 
 ============init_ps==============
 end init_ps
 Maximal rho_NLCC= 0.000000000000000E+000
 Maximal tau_NLCC= 0.000000000000000E+000
 == Ewald ==
 cutoff length in real-space in ewald =  4.00 [A]
 (buffer length in bookkeeping =  2.00 [A])
 cutoff length in G-space in ewald =  0.1870828864+102 [1/A]
 number of ion-ion pair(/atom) used for allocation of bookkeeping=    69
 ===========
   Static dipole moment(xyz) =   -0.7046456028E+04   -0.7044727593E+04   -0.7047269203E+04
 
 
  time-step  time[fs]                               Current(xyz)[a.u.]      electrons Total energy[eV] 
#----------------------------------------------------------------------
 projection: already converged, E_kin(new)-E_kin(old)= -1.705302565824240E-013
      10    0.02000000  0.15172081E-08 -0.26621394E-12  0.13633104E-11   864.00000000   -23345.56569602
      20    0.04000000  0.49860892E-08  0.75677599E-13  0.95254473E-12   864.00000000   -23345.56569602
      30    0.06000000  0.89633762E-08  0.86780610E-12  0.24250675E-12   864.00000000   -23345.56569602
      40    0.08000000  0.12128076E-07  0.27679825E-11 -0.10031138E-11   864.00000000   -23345.56569602
      50    0.10000000  0.13222694E-07  0.66511725E-11 -0.29232370E-11   864.00000000   -23345.56569602
      60    0.12000000  0.11091079E-07  0.11694093E-10 -0.50375526E-11   864.00000000   -23345.56569602
      70    0.14000000  0.47347362E-08  0.16006711E-10 -0.69463527E-11   864.00000000   -23345.56569602
      80    0.16000000 -0.66986335E-08  0.17149031E-10 -0.72550096E-11   864.00000000   -23345.56569602
      90    0.18000000 -0.23905666E-07  0.12028736E-10 -0.48702068E-11   864.00000000   -23345.56569602
     100    0.20000000 -0.47426529E-07 -0.18599848E-11  0.97103487E-12   864.00000000   -23345.56569599
     110    0.22000000 -0.77683949E-07 -0.26660480E-10  0.11197453E-10   864.00000000   -23345.56569593
     120    0.24000000 -0.11499754E-06 -0.64493753E-10  0.26408908E-10   863.99999999   -23345.56569581
     130    0.26000000 -0.15957870E-06 -0.11630999E-09  0.47061551E-10   863.99999999   -23345.56569559
     140    0.28000000 -0.21153832E-06 -0.18224234E-09  0.72846442E-10   863.99999999   -23345.56569521
     150    0.30000000 -0.27088941E-06 -0.26094828E-09  0.10300170E-09   863.99999999   -23345.56569462
     160    0.32000000 -0.33754410E-06 -0.34963485E-09  0.13636005E-09   863.99999999   -23345.56569374
     170    0.34000000 -0.41131710E-06 -0.44453848E-09  0.17146855E-09   863.99999999   -23345.56569247
     180    0.36000000 -0.49193716E-06 -0.54098161E-09  0.20659973E-09   863.99999999   -23345.56569070
     190    0.38000000 -0.57905883E-06 -0.63295848E-09  0.23913323E-09   863.99999999   -23345.56568829
     200    0.40000000 -0.67226351E-06 -0.71333424E-09  0.26574873E-09   863.99999999   -23345.56568509
     210    0.42000000 -0.77106394E-06 -0.77469148E-09  0.28386588E-09   863.99999999   -23345.56568094
     220    0.44000000 -0.87493029E-06 -0.80955329E-09  0.29050855E-09   863.99999999   -23345.56567564
     230    0.46000000 -0.98330119E-06 -0.81047534E-09  0.28293012E-09   863.99999999   -23345.56566899
     240    0.48000000 -0.10955892E-05 -0.76999469E-09  0.25838739E-09   863.99999999   -23345.56566076
     250    0.50000000 -0.12111900E-05 -0.68105912E-09  0.21456472E-09   863.99999999   -23345.56565072
     260    0.52000000 -0.13294933E-05 -0.53639210E-09  0.14885076E-09   863.99999999   -23345.56563860
     270    0.54000000 -0.14498922E-05 -0.32912294E-09  0.59024078E-10   863.99999999   -23345.56562414
     280    0.56000000 -0.15717928E-05 -0.52314865E-10 -0.56825065E-10   863.99999999   -23345.56560705
     290    0.58000000 -0.16946163E-05  0.30015220E-09 -0.20058512E-09   863.99999999   -23345.56558703
     300    0.60000000 -0.18177968E-05  0.73351789E-09 -0.37347384E-09   863.99999999   -23345.56556380
     310    0.62000000 -0.19407810E-05  0.12533096E-08 -0.57684139E-09   863.99999999   -23345.56553703
     320    0.64000000 -0.20630359E-05  0.18631829E-08 -0.81112769E-09   863.99999999   -23345.56550641
     330    0.66000000 -0.21840536E-05  0.25665011E-08 -0.10766421E-08   863.99999999   -23345.56547163
     340    0.68000000 -0.23033549E-05  0.33645353E-08 -0.13727244E-08   863.99999999   -23345.56543235
     350    0.70000000 -0.24204947E-05  0.42584208E-08 -0.16983389E-08   863.99999999   -23345.56538827
     360    0.72000000 -0.25350677E-05  0.52474717E-08 -0.20523463E-08   863.99999999   -23345.56533907
     370    0.74000000 -0.26467098E-05  0.63299709E-08 -0.24326424E-08   863.99999998   -23345.56528443
     380    0.76000000 -0.27551026E-05  0.75036047E-08 -0.28372441E-08   863.99999998   -23345.56522405
     390    0.78000000 -0.28599811E-05  0.87651503E-08 -0.32634800E-08   863.99999998   -23345.56515764
     400    0.80000000 -0.29611333E-05  0.10110916E-07 -0.37085207E-08   863.99999998   -23345.56508489
     410    0.82000000 -0.30583930E-05  0.11535998E-07 -0.41695532E-08   863.99999998   -23345.56500553
     420    0.84000000 -0.31516352E-05  0.13035249E-07 -0.46434620E-08   863.99999998   -23345.56491929
     430    0.86000000 -0.32407796E-05  0.14602464E-07 -0.51268747E-08   863.99999998   -23345.56482591
     440    0.88000000 -0.33257898E-05  0.16231390E-07 -0.56161463E-08   863.99999998   -23345.56472512
     450    0.90000000 -0.34066675E-05  0.17915658E-07 -0.61079424E-08   863.99999998   -23345.56461671
     460    0.92000000 -0.34834523E-05  0.19648502E-07 -0.65988218E-08   863.99999998   -23345.56450042
     470    0.94000000 -0.35562213E-05  0.21422661E-07 -0.70851006E-08   863.99999998   -23345.56437604
     480    0.96000000 -0.36250863E-05  0.23230257E-07 -0.75632423E-08   863.99999998   -23345.56424336
     490    0.98000000 -0.36901930E-05  0.25063260E-07 -0.80295881E-08   863.99999998   -23345.56410217
     500    1.00000000 -0.37517195E-05  0.26913173E-07 -0.84804831E-08   863.99999998   -23345.56395228
     510    1.02000000 -0.38098717E-05  0.28771360E-07 -0.89124225E-08   863.99999998   -23345.56379348
     520    1.04000000 -0.38648806E-05  0.30628954E-07 -0.93220890E-08   863.99999998   -23345.56362558
     530    1.06000000 -0.39169986E-05  0.32477129E-07 -0.97064483E-08   863.99999998   -23345.56344840
     540    1.08000000 -0.39664944E-05  0.34306557E-07 -0.10062684E-07   863.99999998   -23345.56326174
     550    1.10000000 -0.40136473E-05  0.36108528E-07 -0.10387931E-07   863.99999998   -23345.56306541
     560    1.12000000 -0.40587450E-05  0.37874364E-07 -0.10680232E-07   863.99999998   -23345.56285921
     570    1.14000000 -0.41020792E-05  0.39595909E-07 -0.10938064E-07   863.99999998   -23345.56264293
     580    1.16000000 -0.41439385E-05  0.41264834E-07 -0.11160101E-07   863.99999998   -23345.56241637
     590    1.18000000 -0.41846057E-05  0.42873616E-07 -0.11345481E-07   863.99999998   -23345.56217928
     600    1.20000000 -0.42243595E-05  0.44414640E-07 -0.11493555E-07   863.99999998   -23345.56193145
     610    1.22000000 -0.42634713E-05  0.45880935E-07 -0.11603894E-07   863.99999997   -23345.56167262
     620    1.24000000 -0.43022020E-05  0.47265705E-07 -0.11676628E-07   863.99999997   -23345.56140252
     630    1.26000000 -0.43408002E-05  0.48562293E-07 -0.11712299E-07   863.99999997   -23345.56112088
     640    1.28000000 -0.43794994E-05  0.49764863E-07 -0.11711703E-07   863.99999997   -23345.56082739
     650    1.30000000 -0.44185159E-05  0.50867907E-07 -0.11675677E-07   863.99999997   -23345.56052173
     660    1.32000000 -0.44580474E-05  0.51866871E-07 -0.11605811E-07   863.99999997   -23345.56020358
     670    1.34000000 -0.44982732E-05  0.52757609E-07 -0.11503300E-07   863.99999997   -23345.55987258
     680    1.36000000 -0.45393540E-05  0.53536525E-07 -0.11370377E-07   863.99999997   -23345.55952835
     690    1.38000000 -0.45814300E-05  0.54201458E-07 -0.11209374E-07   863.99999997   -23345.55917050
     700    1.40000000 -0.46246200E-05  0.54750967E-07 -0.11022575E-07   863.99999997   -23345.55879861
     710    1.42000000 -0.46690238E-05  0.55184251E-07 -0.10812756E-07   863.99999997   -23345.55841225
     720    1.44000000 -0.47147217E-05  0.55501865E-07 -0.10582588E-07   863.99999997   -23345.55801096
     730    1.46000000 -0.47617741E-05  0.55704982E-07 -0.10335006E-07   863.99999997   -23345.55759427
     740    1.48000000 -0.48102212E-05  0.55795675E-07 -0.10072774E-07   863.99999997   -23345.55716171
     750    1.50000000 -0.48600832E-05  0.55776885E-07 -0.97989134E-08   863.99999997   -23345.55671275
     760    1.52000000 -0.49113595E-05  0.55652185E-07 -0.95166387E-08   863.99999997   -23345.55624688
     770    1.54000000 -0.49640301E-05  0.55426499E-07 -0.92287113E-08   863.99999997   -23345.55576357
     780    1.56000000 -0.50180586E-05  0.55105396E-07 -0.89384650E-08   863.99999997   -23345.55526228
     790    1.58000000 -0.50733951E-05  0.54694980E-07 -0.86482789E-08   863.99999997   -23345.55474244
     800    1.60000000 -0.51299774E-05  0.54202234E-07 -0.83611058E-08   863.99999997   -23345.55420351
     810    1.62000000 -0.51877290E-05  0.53634353E-07 -0.80795043E-08   863.99999997   -23345.55364491
     820    1.64000000 -0.52465606E-05  0.52999369E-07 -0.78060911E-08   863.99999997   -23345.55306607
     830    1.66000000 -0.53063713E-05  0.52306011E-07 -0.75428264E-08   863.99999997   -23345.55246642
     840    1.68000000 -0.53670521E-05  0.51562577E-07 -0.72917137E-08   863.99999997   -23345.55184538
     850    1.70000000 -0.54284863E-05  0.50778442E-07 -0.70546610E-08   863.99999996   -23345.55120239
     860    1.72000000 -0.54905497E-05  0.49962754E-07 -0.68333365E-08   863.99999996   -23345.55053688
     870    1.74000000 -0.55531112E-05  0.49125173E-07 -0.66295439E-08   863.99999996   -23345.54984829
     880    1.76000000 -0.56160359E-05  0.48275167E-07 -0.64444896E-08   863.99999996   -23345.54913606
     890    1.78000000 -0.56791866E-05  0.47422824E-07 -0.62793814E-08   863.99999996   -23345.54839967
     900    1.80000000 -0.57424210E-05  0.46577569E-07 -0.61348008E-08   863.99999996   -23345.54763857
     910    1.82000000 -0.58055967E-05  0.45748885E-07 -0.60116634E-08   863.99999996   -23345.54685227
     920    1.84000000 -0.58685735E-05  0.44945741E-07 -0.59105414E-08   863.99999996   -23345.54604025
     930    1.86000000 -0.59312138E-05  0.44177128E-07 -0.58319108E-08   863.99999996   -23345.54520205
     940    1.88000000 -0.59933852E-05  0.43451831E-07 -0.57756462E-08   863.99999996   -23345.54433720
     950    1.90000000 -0.60549609E-05  0.42777160E-07 -0.57417526E-08   863.99999996   -23345.54344526
     960    1.92000000 -0.61158214E-05  0.42160633E-07 -0.57293552E-08   863.99999996   -23345.54252582
     970    1.94000000 -0.61758534E-05  0.41609067E-07 -0.57383311E-08   863.99999996   -23345.54157847
     980    1.96000000 -0.62349509E-05  0.41129008E-07 -0.57677616E-08   863.99999996   -23345.54060284
     990    1.98000000 -0.62930176E-05  0.40726474E-07 -0.58170597E-08   863.99999996   -23345.53959858
    1000    2.00000000 -0.63499655E-05  0.40406561E-07 -0.58852901E-08   863.99999996   -23345.53856536
    1010    2.02000000 -0.64057166E-05  0.40173864E-07 -0.59714763E-08   863.99999996   -23345.53750286
    1020    2.04000000 -0.64602041E-05  0.40032533E-07 -0.60745070E-08   863.99999996   -23345.53641079
    1030    2.06000000 -0.65133728E-05  0.39986473E-07 -0.61935001E-08   863.99999996   -23345.53528890
    1040    2.08000000 -0.65651789E-05  0.40038315E-07 -0.63275495E-08   863.99999996   -23345.53413693
    1050    2.10000000 -0.66155905E-05  0.40190461E-07 -0.64754899E-08   863.99999996   -23345.53295464
    1060    2.12000000 -0.66645868E-05  0.40443842E-07 -0.66358867E-08   863.99999996   -23345.53174184
    1070    2.14000000 -0.67121583E-05  0.40798961E-07 -0.68076939E-08   863.99999996   -23345.53049832
    1080    2.16000000 -0.67583064E-05  0.41255289E-07 -0.69895126E-08   863.99999996   -23345.52922389
    1090    2.18000000 -0.68030432E-05  0.41811755E-07 -0.71804796E-08   863.99999995   -23345.52791840
    1100    2.20000000 -0.68463910E-05  0.42466356E-07 -0.73795469E-08   863.99999995   -23345.52658167
    1110    2.22000000 -0.68883811E-05  0.43216132E-07 -0.75862141E-08   863.99999995   -23345.52521355
    1120    2.24000000 -0.69290538E-05  0.44057685E-07 -0.77996862E-08   863.99999995   -23345.52381390
    1130    2.26000000 -0.69684564E-05  0.44986827E-07 -0.80196349E-08   863.99999995   -23345.52238258
    1140    2.28000000 -0.70066426E-05  0.45999207E-07 -0.82460393E-08   863.99999995   -23345.52091944
    1150    2.30000000 -0.70436710E-05  0.47090007E-07 -0.84783093E-08   863.99999995   -23345.51942436
    1160    2.32000000 -0.70796053E-05  0.48253734E-07 -0.87165930E-08   863.99999995   -23345.51789718
    1170    2.34000000 -0.71145128E-05  0.49484433E-07 -0.89602175E-08   863.99999995   -23345.51633777
    1180    2.36000000 -0.71484632E-05  0.50775766E-07 -0.92092385E-08   863.99999995   -23345.51474599
    1190    2.38000000 -0.71815285E-05  0.52121067E-07 -0.94628049E-08   863.99999995   -23345.51312167
    1200    2.40000000 -0.72137816E-05  0.53513577E-07 -0.97207902E-08   863.99999995   -23345.51146468
    1210    2.42000000 -0.72452956E-05  0.54945881E-07 -0.99824679E-08   863.99999995   -23345.50977484
    1220    2.44000000 -0.72761433E-05  0.56410599E-07 -0.10246916E-07   863.99999995   -23345.50805197
    1230    2.46000000 -0.73063948E-05  0.57899600E-07 -0.10513658E-07   863.99999995   -23345.50629591
    1240    2.48000000 -0.73361171E-05  0.59404937E-07 -0.10781459E-07   863.99999995   -23345.50450646
    1250    2.50000000 -0.73653737E-05  0.60918550E-07 -0.11049686E-07   863.99999995   -23345.50268341
    1260    2.52000000 -0.73942234E-05  0.62432305E-07 -0.11317132E-07   863.99999995   -23345.50082657
    1270    2.54000000 -0.74227197E-05  0.63938182E-07 -0.11582643E-07   863.99999995   -23345.49893571
    1280    2.56000000 -0.74509094E-05  0.65428146E-07 -0.11844487E-07   863.99999995   -23345.49701061
    1290    2.58000000 -0.74788325E-05  0.66894570E-07 -0.12101632E-07   863.99999995   -23345.49505104
    1300    2.60000000 -0.75065222E-05  0.68330445E-07 -0.12352768E-07   863.99999995   -23345.49305676
    1310    2.62000000 -0.75340041E-05  0.69728803E-07 -0.12596040E-07   863.99999995   -23345.49102754
    1320    2.64000000 -0.75612959E-05  0.71082675E-07 -0.12829769E-07   863.99999995   -23345.48896312
    1330    2.66000000 -0.75884071E-05  0.72385632E-07 -0.13052104E-07   863.99999994   -23345.48686327
    1340    2.68000000 -0.76153392E-05  0.73631625E-07 -0.13260992E-07   863.99999994   -23345.48472775
    1350    2.70000000 -0.76420864E-05  0.74815212E-07 -0.13454636E-07   863.99999994   -23345.48255632
    1360    2.72000000 -0.76686369E-05  0.75931227E-07 -0.13631355E-07   863.99999994   -23345.48034875
    1370    2.74000000 -0.76949727E-05  0.76974633E-07 -0.13789447E-07   863.99999994   -23345.47810483
    1380    2.76000000 -0.77210697E-05  0.77940999E-07 -0.13926830E-07   863.99999994   -23345.47582432
    1390    2.78000000 -0.77468971E-05  0.78826528E-07 -0.14042062E-07   863.99999994   -23345.47350705
    1400    2.80000000 -0.77724185E-05  0.79628434E-07 -0.14133294E-07   863.99999994   -23345.47115283
    1410    2.82000000 -0.77975928E-05  0.80344142E-07 -0.14199228E-07   863.99999994   -23345.46876148
    1420    2.84000000 -0.78223750E-05  0.80971237E-07 -0.14238466E-07   863.99999994   -23345.46633286
    1430    2.86000000 -0.78467163E-05  0.81508373E-07 -0.14249772E-07   863.99999994   -23345.46386685
    1440    2.88000000 -0.78705660E-05  0.81954754E-07 -0.14231731E-07   863.99999994   -23345.46136334
    1450    2.90000000 -0.78938707E-05  0.82310106E-07 -0.14183473E-07   863.99999994   -23345.45882225
    1460    2.92000000 -0.79165756E-05  0.82574590E-07 -0.14104245E-07   863.99999994   -23345.45624352
    1470    2.94000000 -0.79386252E-05  0.82749026E-07 -0.13993298E-07   863.99999994   -23345.45362715
    1480    2.96000000 -0.79599643E-05  0.82834253E-07 -0.13850497E-07   863.99999994   -23345.45097311
    1490    2.98000000 -0.79805388E-05  0.82831851E-07 -0.13675549E-07   863.99999994   -23345.44828145
    1500    3.00000000 -0.80002964E-05  0.82743893E-07 -0.13468889E-07   863.99999994   -23345.44555222
    1510    3.02000000 -0.80191865E-05  0.82572686E-07 -0.13230961E-07   863.99999994   -23345.44278552
    1520    3.04000000 -0.80371609E-05  0.82320979E-07 -0.12962689E-07   863.99999994   -23345.43998147
    1530    3.06000000 -0.80541751E-05  0.81991986E-07 -0.12664506E-07   863.99999994   -23345.43714020
    1540    3.08000000 -0.80701890E-05  0.81589297E-07 -0.12338034E-07   863.99999994   -23345.43426191
    1550    3.10000000 -0.80851678E-05  0.81117422E-07 -0.11984867E-07   863.99999994   -23345.43134680
    1560    3.12000000 -0.80990813E-05  0.80580927E-07 -0.11606704E-07   863.99999993   -23345.42839509
    1570    3.14000000 -0.81119055E-05  0.79984958E-07 -0.11205700E-07   863.99999993   -23345.42540706
    1580    3.16000000 -0.81236221E-05  0.79334928E-07 -0.10783764E-07   863.99999993   -23345.42238297
    1590    3.18000000 -0.81342195E-05  0.78636815E-07 -0.10343797E-07   863.99999993   -23345.41932314
    1600    3.20000000 -0.81436919E-05  0.77896931E-07 -0.98884205E-08   863.99999993   -23345.41622787
    1610    3.22000000 -0.81520399E-05  0.77121470E-07 -0.94205430E-08   863.99999993   -23345.41309753
    1620    3.24000000 -0.81592706E-05  0.76317014E-07 -0.89431221E-08   863.99999993   -23345.40993244
    1630    3.26000000 -0.81653972E-05  0.75490369E-07 -0.84595122E-08   863.99999993   -23345.40673300
    1640    3.28000000 -0.81704393E-05  0.74648332E-07 -0.79731315E-08   863.99999993   -23345.40349956
    1650    3.30000000 -0.81744219E-05  0.73797419E-07 -0.74873141E-08   863.99999993   -23345.40023252
    1660    3.32000000 -0.81773752E-05  0.72944459E-07 -0.70056085E-08   863.99999993   -23345.39693226
    1670    3.34000000 -0.81793356E-05  0.72096376E-07 -0.65313807E-08   863.99999993   -23345.39359917
    1680    3.36000000 -0.81803444E-05  0.71260059E-07 -0.60681349E-08   863.99999993   -23345.39023364
    1690    3.38000000 -0.81804476E-05  0.70442006E-07 -0.56195975E-08   863.99999993   -23345.38683605
    1700    3.40000000 -0.81796961E-05  0.69648765E-07 -0.51891212E-08   863.99999993   -23345.38340679
    1710    3.42000000 -0.81781444E-05  0.68886763E-07 -0.47801927E-08   863.99999993   -23345.37994622
    1720    3.44000000 -0.81758502E-05  0.68161962E-07 -0.43957917E-08   863.99999993   -23345.37645471
    1730    3.46000000 -0.81728724E-05  0.67480291E-07 -0.40389286E-08   863.99999993   -23345.37293259
    1740    3.48000000 -0.81692716E-05  0.66846853E-07 -0.37126899E-08   863.99999993   -23345.36938020
    1750    3.50000000 -0.81651080E-05  0.66266367E-07 -0.34194553E-08   863.99999993   -23345.36579786
    1760    3.52000000 -0.81604414E-05  0.65742871E-07 -0.31610279E-08   863.99999993   -23345.36218585
    1770    3.54000000 -0.81553302E-05  0.65280000E-07 -0.29394255E-08   863.99999993   -23345.35854447
    1780    3.56000000 -0.81498307E-05  0.64880524E-07 -0.27558723E-08   863.99999993   -23345.35487397
    1790    3.58000000 -0.81439962E-05  0.64546252E-07 -0.26113485E-08   863.99999992   -23345.35117460
    1800    3.60000000 -0.81378769E-05  0.64278563E-07 -0.25064486E-08   863.99999992   -23345.34744659
    1810    3.62000000 -0.81315187E-05  0.64077911E-07 -0.24411781E-08   863.99999992   -23345.34369016
    1820    3.64000000 -0.81249637E-05  0.63944324E-07 -0.24152671E-08   863.99999992   -23345.33990549
    1830    3.66000000 -0.81182480E-05  0.63877181E-07 -0.24280252E-08   863.99999992   -23345.33609279
    1840    3.68000000 -0.81114023E-05  0.63874974E-07 -0.24783158E-08   863.99999992   -23345.33225222
    1850    3.70000000 -0.81044506E-05  0.63935680E-07 -0.25643755E-08   863.99999992   -23345.32838394
    1860    3.72000000 -0.80974102E-05  0.64056477E-07 -0.26843990E-08   863.99999992   -23345.32448812
    1870    3.74000000 -0.80902914E-05  0.64234530E-07 -0.28359520E-08   863.99999992   -23345.32056491
    1880    3.76000000 -0.80830968E-05  0.64466424E-07 -0.30163080E-08   863.99999992   -23345.31661447
    1890    3.78000000 -0.80758215E-05  0.64747922E-07 -0.32222929E-08   863.99999992   -23345.31263697
    1900    3.80000000 -0.80684533E-05  0.65074626E-07 -0.34503510E-08   863.99999992   -23345.30863256
    1910    3.82000000 -0.80609723E-05  0.65442098E-07 -0.36973002E-08   863.99999992   -23345.30460143
    1920    3.84000000 -0.80533523E-05  0.65845504E-07 -0.39591519E-08   863.99999992   -23345.30054378
    1930    3.86000000 -0.80455606E-05  0.66280125E-07 -0.42320084E-08   863.99999992   -23345.29645982
    1940    3.88000000 -0.80375595E-05  0.66740989E-07 -0.45117028E-08   863.99999992   -23345.29234979
    1950    3.90000000 -0.80293061E-05  0.67223212E-07 -0.47939983E-08   863.99999992   -23345.28821395
    1960    3.92000000 -0.80207540E-05  0.67722017E-07 -0.50745509E-08   863.99999992   -23345.28405260
    1970    3.94000000 -0.80118532E-05  0.68233022E-07 -0.53493043E-08   863.99999992   -23345.27986604
    1980    3.96000000 -0.80025499E-05  0.68751820E-07 -0.56140972E-08   863.99999992   -23345.27565466
    1990    3.98000000 -0.79927878E-05  0.69274350E-07 -0.58645595E-08   863.99999992   -23345.27141882
    2000    4.00000000 -0.79825075E-05  0.69796509E-07 -0.60968474E-08   863.99999992   -23345.26715897
    2010    4.02000000 -0.79716480E-05  0.70314595E-07 -0.63068768E-08   863.99999991   -23345.26287557
    2020    4.04000000 -0.79601473E-05  0.70824872E-07 -0.64908568E-08   863.99999991   -23345.25856915
    2030    4.06000000 -0.79479431E-05  0.71324100E-07 -0.66452006E-08   863.99999991   -23345.25424024
    2040    4.08000000 -0.79349730E-05  0.71809234E-07 -0.67668773E-08   863.99999991   -23345.24988947
    2050    4.10000000 -0.79211763E-05  0.72277655E-07 -0.68527190E-08   863.99999991   -23345.24551746
    2060    4.12000000 -0.79064949E-05  0.72727203E-07 -0.69002903E-08   863.99999991   -23345.24112491
    2070    4.14000000 -0.78908743E-05  0.73155614E-07 -0.69074183E-08   863.99999991   -23345.23671256
    2080    4.16000000 -0.78742649E-05  0.73561238E-07 -0.68722824E-08   863.99999991   -23345.23228117
    2090    4.18000000 -0.78566226E-05  0.73942255E-07 -0.67935166E-08   863.99999991   -23345.22783157
    2100    4.20000000 -0.78379088E-05  0.74297857E-07 -0.66699314E-08   863.99999991   -23345.22336460
    2110    4.22000000 -0.78180912E-05  0.74626779E-07 -0.65011489E-08   863.99999991   -23345.21888114
    2120    4.24000000 -0.77971436E-05  0.74928475E-07 -0.62868912E-08   863.99999991   -23345.21438211
    2130    4.26000000 -0.77750457E-05  0.75202065E-07 -0.60275182E-08   863.99999991   -23345.20986846
    2140    4.28000000 -0.77517835E-05  0.75446823E-07 -0.57240933E-08   863.99999991   -23345.20534115
    2150    4.30000000 -0.77273492E-05  0.75662287E-07 -0.53777425E-08   863.99999991   -23345.20080117
    2160    4.32000000 -0.77017406E-05  0.75848197E-07 -0.49903684E-08   863.99999991   -23345.19624952
    2170    4.34000000 -0.76749618E-05  0.76004674E-07 -0.45642677E-08   863.99999991   -23345.19168721
    2180    4.36000000 -0.76470234E-05  0.76131413E-07 -0.41019773E-08   863.99999991   -23345.18711528
    2190    4.38000000 -0.76179421E-05  0.76228695E-07 -0.36064583E-08   863.99999991   -23345.18253475
    2200    4.40000000 -0.75877406E-05  0.76296794E-07 -0.30809562E-08   863.99999991   -23345.17794666
    2210    4.42000000 -0.75564471E-05  0.76336187E-07 -0.25289965E-08   863.99999991   -23345.17335203
    2220    4.44000000 -0.75240945E-05  0.76347368E-07 -0.19542841E-08   863.99999991   -23345.16875189
    2230    4.46000000 -0.74907202E-05  0.76331220E-07 -0.13605557E-08   863.99999990   -23345.16414725
    2240    4.48000000 -0.74563658E-05  0.76288263E-07 -0.75160230E-09   863.99999990   -23345.15953910
    2250    4.50000000 -0.74210757E-05  0.76219085E-07 -0.13140308E-09   863.99999990   -23345.15492843
    2260    4.52000000 -0.73848962E-05  0.76124110E-07  0.49591971E-09   863.99999990   -23345.15031621
    2270    4.54000000 -0.73478752E-05  0.76003901E-07  0.11262271E-08   863.99999990   -23345.14570337
    2280    4.56000000 -0.73100620E-05  0.75858687E-07  0.17558160E-08   863.99999990   -23345.14109083
    2290    4.58000000 -0.72715068E-05  0.75689533E-07  0.23805732E-08   863.99999990   -23345.13647950
    2300    4.60000000 -0.72322592E-05  0.75497126E-07  0.29967549E-08   863.99999990   -23345.13187023
    2310    4.62000000 -0.71923688E-05  0.75282241E-07  0.36005013E-08   863.99999990   -23345.12726389
    2320    4.64000000 -0.71518845E-05  0.75045686E-07  0.41885608E-08   863.99999990   -23345.12266128
    2330    4.66000000 -0.71108542E-05  0.74788447E-07  0.47578111E-08   863.99999990   -23345.11806320
    2340    4.68000000 -0.70693258E-05  0.74511761E-07  0.53055917E-08   863.99999990   -23345.11347043
    2350    4.70000000 -0.70273468E-05  0.74216858E-07  0.58295114E-08   863.99999990   -23345.10888369
    2360    4.72000000 -0.69849640E-05  0.73905063E-07  0.63271354E-08   863.99999990   -23345.10430370
    2370    4.74000000 -0.69422236E-05  0.73577472E-07  0.67965147E-08   863.99999990   -23345.09973115
    2380    4.76000000 -0.68991717E-05  0.73235430E-07  0.72358133E-08   863.99999990   -23345.09516669
    2390    4.78000000 -0.68558530E-05  0.72880292E-07  0.76432376E-08   863.99999990   -23345.09061095
    2400    4.80000000 -0.68123120E-05  0.72513402E-07  0.80177600E-08   863.99999990   -23345.08606452
    2410    4.82000000 -0.67685908E-05  0.72136229E-07  0.83579740E-08   863.99999990   -23345.08152798
    2420    4.84000000 -0.67247293E-05  0.71750564E-07  0.86630028E-08   863.99999990   -23345.07700187
    2430    4.86000000 -0.66807636E-05  0.71357878E-07  0.89321763E-08   863.99999989   -23345.07248670
    2440    4.88000000 -0.66367255E-05  0.70959901E-07  0.91655041E-08   863.99999989   -23345.06798298
    2450    4.90000000 -0.65926419E-05  0.70557675E-07  0.93633497E-08   863.99999989   -23345.06349116
    2460    4.92000000 -0.65485332E-05  0.70153240E-07  0.95265851E-08   863.99999989   -23345.05901171
    2470    4.94000000 -0.65044123E-05  0.69747861E-07  0.96568847E-08   863.99999989   -23345.05454505
    2480    4.96000000 -0.64602837E-05  0.69342612E-07  0.97558123E-08   863.99999989   -23345.05009164
    2490    4.98000000 -0.64161419E-05  0.68938578E-07  0.98263292E-08   863.99999989   -23345.04565188
    2500    5.00000000 -0.63719717E-05  0.68536811E-07  0.98713115E-08   863.99999989   -23345.04122623
    2510    5.02000000 -0.63277468E-05  0.68138193E-07  0.98946580E-08   863.99999989   -23345.03681512
    2520    5.04000000 -0.62834309E-05  0.67743870E-07  0.99005803E-08   863.99999989   -23345.03241903
    2530    5.06000000 -0.62389773E-05  0.67354629E-07  0.98935233E-08   863.99999989   -23345.02803844
    2540    5.08000000 -0.61943307E-05  0.66971556E-07  0.98780313E-08   863.99999989   -23345.02367389
    2550    5.10000000 -0.61494282E-05  0.66595833E-07  0.98588816E-08   863.99999989   -23345.01932595
    2560    5.12000000 -0.61042013E-05  0.66228952E-07  0.98410036E-08   863.99999989   -23345.01499524
    2570    5.14000000 -0.60585781E-05  0.65872932E-07  0.98291060E-08   863.99999989   -23345.01068241
    2580    5.16000000 -0.60124852E-05  0.65529726E-07  0.98273925E-08   863.99999989   -23345.00638819
    2590    5.18000000 -0.59658511E-05  0.65201538E-07  0.98396988E-08   863.99999989   -23345.00211335
    2600    5.20000000 -0.59186067E-05  0.64891043E-07  0.98694665E-08   863.99999989   -23344.99785872
    2610    5.22000000 -0.58706894E-05  0.64601095E-07  0.99192987E-08   863.99999989   -23344.99362516
    2620    5.24000000 -0.58220425E-05  0.64334439E-07  0.99911392E-08   863.99999989   -23344.98941360
    2630    5.26000000 -0.57726182E-05  0.64093797E-07  0.10086548E-07   863.99999989   -23344.98522499
    2640    5.28000000 -0.57223783E-05  0.63882079E-07  0.10205924E-07   863.99999988   -23344.98106033
    2650    5.30000000 -0.56712943E-05  0.63701530E-07  0.10348725E-07   863.99999988   -23344.97692064
    2660    5.32000000 -0.56193478E-05  0.63554400E-07  0.10514208E-07   863.99999988   -23344.97280695
    2670    5.34000000 -0.55665308E-05  0.63442710E-07  0.10700512E-07   863.99999988   -23344.96872031
    2680    5.36000000 -0.55128450E-05  0.63367488E-07  0.10905683E-07   863.99999988   -23344.96466179
    2690    5.38000000 -0.54583011E-05  0.63329604E-07  0.11127007E-07   863.99999988   -23344.96063243
    2700    5.40000000 -0.54029178E-05  0.63329220E-07  0.11361872E-07   863.99999988   -23344.95663327
    2710    5.42000000 -0.53467199E-05  0.63365629E-07  0.11607538E-07   863.99999988   -23344.95266534
    2720    5.44000000 -0.52897367E-05  0.63437608E-07  0.11861016E-07   863.99999988   -23344.94872966
    2730    5.46000000 -0.52320011E-05  0.63542970E-07  0.12119852E-07   863.99999988   -23344.94482719
    2740    5.48000000 -0.51735468E-05  0.63679177E-07  0.12381669E-07   863.99999988   -23344.94095890
    2750    5.50000000 -0.51144072E-05  0.63843169E-07  0.12644851E-07   863.99999988   -23344.93712573
    2760    5.52000000 -0.50546149E-05  0.64031077E-07  0.12907594E-07   863.99999988   -23344.93332857
    2770    5.54000000 -0.49941999E-05  0.64238583E-07  0.13168813E-07   863.99999988   -23344.92956831
    2780    5.56000000 -0.49331899E-05  0.64461400E-07  0.13427682E-07   863.99999988   -23344.92584580
    2790    5.58000000 -0.48716094E-05  0.64694642E-07  0.13683761E-07   863.99999988   -23344.92216187
    2800    5.60000000 -0.48094806E-05  0.64933868E-07  0.13937314E-07   863.99999988   -23344.91851735
    2810    5.62000000 -0.47468224E-05  0.65174262E-07  0.14188432E-07   863.99999988   -23344.91491301
    2820    5.64000000 -0.46836517E-05  0.65411170E-07  0.14437864E-07   863.99999988   -23344.91134964
    2830    5.66000000 -0.46199835E-05  0.65640101E-07  0.14686560E-07   863.99999988   -23344.90782800
    2840    5.68000000 -0.45558315E-05  0.65856604E-07  0.14935628E-07   863.99999987   -23344.90434883
    2850    5.70000000 -0.44912087E-05  0.66056620E-07  0.15186453E-07   863.99999987   -23344.90091286
    2860    5.72000000 -0.44261271E-05  0.66236000E-07  0.15440414E-07   863.99999987   -23344.89752082
    2870    5.74000000 -0.43606001E-05  0.66390730E-07  0.15698973E-07   863.99999987   -23344.89417340
    2880    5.76000000 -0.42946416E-05  0.66517184E-07  0.15963679E-07   863.99999987   -23344.89087130
    2890    5.78000000 -0.42282672E-05  0.66611769E-07  0.16235881E-07   863.99999987   -23344.88761517
    2900    5.80000000 -0.41614944E-05  0.66671112E-07  0.16516857E-07   863.99999987   -23344.88440568
    2910    5.82000000 -0.40943434E-05  0.66692330E-07  0.16807544E-07   863.99999987   -23344.88124346
    2920    5.84000000 -0.40268376E-05  0.66672602E-07  0.17108628E-07   863.99999987   -23344.87812912
    2930    5.86000000 -0.39590025E-05  0.66609307E-07  0.17420474E-07   863.99999987   -23344.87506324
    2940    5.88000000 -0.38908672E-05  0.66500566E-07  0.17742873E-07   863.99999987   -23344.87204639
    2950    5.90000000 -0.38224632E-05  0.66344751E-07  0.18075636E-07   863.99999987   -23344.86907908
    2960    5.92000000 -0.37538246E-05  0.66140887E-07  0.18418011E-07   863.99999987   -23344.86616182
    2970    5.94000000 -0.36849866E-05  0.65888056E-07  0.18768729E-07   863.99999987   -23344.86329506
    2980    5.96000000 -0.36159853E-05  0.65586258E-07  0.19126525E-07   863.99999987   -23344.86047924
    2990    5.98000000 -0.35468560E-05  0.65235842E-07  0.19489347E-07   863.99999987   -23344.85771474
    3000    6.00000000 -0.34776324E-05  0.64837420E-07  0.19855712E-07   863.99999987   -23344.85500192
    3010    6.02000000 -0.34083458E-05  0.64392468E-07  0.20223562E-07   863.99999987   -23344.85234110
    3020    6.04000000 -0.33390240E-05  0.63902551E-07  0.20591140E-07   863.99999987   -23344.84973257
    3030    6.06000000 -0.32696902E-05  0.63369438E-07  0.20956550E-07   863.99999986   -23344.84717660
    3040    6.08000000 -0.32003614E-05  0.62795252E-07  0.21318748E-07   863.99999986   -23344.84467342
    3050    6.10000000 -0.31310491E-05  0.62182525E-07  0.21676389E-07   863.99999986   -23344.84222324
    3060    6.12000000 -0.30617574E-05  0.61533721E-07  0.22028342E-07   863.99999986   -23344.83982628
    3070    6.14000000 -0.29924824E-05  0.60851276E-07  0.22374150E-07   863.99999986   -23344.83748272
    3080    6.16000000 -0.29232127E-05  0.60138090E-07  0.22713256E-07   863.99999986   -23344.83519277
    3090    6.18000000 -0.28539285E-05  0.59396750E-07  0.23045800E-07   863.99999986   -23344.83295660
    3100    6.20000000 -0.27846018E-05  0.58630087E-07  0.23372289E-07   863.99999986   -23344.83077444
    3110    6.22000000 -0.27151973E-05  0.57840585E-07  0.23693540E-07   863.99999986   -23344.82864651
    3120    6.24000000 -0.26456733E-05  0.57031228E-07  0.24010151E-07   863.99999986   -23344.82657304
    3130    6.26000000 -0.25759829E-05  0.56205042E-07  0.24323379E-07   863.99999986   -23344.82455431
    3140    6.28000000 -0.25060744E-05  0.55364516E-07  0.24634653E-07   863.99999986   -23344.82259063
    3150    6.30000000 -0.24358943E-05  0.54513081E-07  0.24945407E-07   863.99999986   -23344.82068232
    3160    6.32000000 -0.23653882E-05  0.53653757E-07  0.25256647E-07   863.99999986   -23344.81882977
    3170    6.34000000 -0.22945031E-05  0.52789748E-07  0.25569598E-07   863.99999986   -23344.81703337
    3180    6.36000000 -0.22231883E-05  0.51924264E-07  0.25884827E-07   863.99999986   -23344.81529357
    3190    6.38000000 -0.21513981E-05  0.51060688E-07  0.26202801E-07   863.99999986   -23344.81361083
    3200    6.40000000 -0.20790923E-05  0.50201859E-07  0.26523658E-07   863.99999986   -23344.81198565
    3210    6.42000000 -0.20062383E-05  0.49351175E-07  0.26846547E-07   863.99999986   -23344.81041854
    3220    6.44000000 -0.19328120E-05  0.48511826E-07  0.27170759E-07   863.99999985   -23344.80891003
    3230    6.46000000 -0.18587986E-05  0.47686800E-07  0.27494838E-07   863.99999985   -23344.80746066
    3240    6.48000000 -0.17841934E-05  0.46878585E-07  0.27817233E-07   863.99999985   -23344.80607097
    3250    6.50000000 -0.17090023E-05  0.46089566E-07  0.28135743E-07   863.99999985   -23344.80474146
    3260    6.52000000 -0.16332416E-05  0.45322278E-07  0.28447882E-07   863.99999985   -23344.80347267
    3270    6.54000000 -0.15569381E-05  0.44578587E-07  0.28751223E-07   863.99999985   -23344.80226505
    3280    6.56000000 -0.14801284E-05  0.43860573E-07  0.29043406E-07   863.99999985   -23344.80111905
    3290    6.58000000 -0.14028584E-05  0.43169469E-07  0.29321908E-07   863.99999985   -23344.80003508
    3300    6.60000000 -0.13251822E-05  0.42506190E-07  0.29584472E-07   863.99999985   -23344.79901348
    3310    6.62000000 -0.12471598E-05  0.41871306E-07  0.29829012E-07   863.99999985   -23344.79805455
    3320    6.64000000 -0.11688568E-05  0.41264848E-07  0.30054301E-07   863.99999985   -23344.79715852
    3330    6.66000000 -0.10903415E-05  0.40686788E-07  0.30259818E-07   863.99999985   -23344.79632557
    3340    6.68000000 -0.10116840E-05  0.40135981E-07  0.30445136E-07   863.99999985   -23344.79555578
    3350    6.70000000 -0.93295362E-06  0.39611851E-07  0.30610894E-07   863.99999985   -23344.79484921
    3360    6.72000000 -0.85421694E-06  0.39112987E-07  0.30758269E-07   863.99999985   -23344.79420582
    3370    6.74000000 -0.77553670E-06  0.38637744E-07  0.30889359E-07   863.99999985   -23344.79362552
    3380    6.76000000 -0.69696988E-06  0.38184644E-07  0.31007065E-07   863.99999985   -23344.79310817
    3390    6.78000000 -0.61856665E-06  0.37751579E-07  0.31115024E-07   863.99999985   -23344.79265355
    3400    6.80000000 -0.54036863E-06  0.37336763E-07  0.31216905E-07   863.99999985   -23344.79226143
    3410    6.82000000 -0.46240873E-06  0.36937905E-07  0.31317236E-07   863.99999985   -23344.79193151
    3420    6.84000000 -0.38471008E-06  0.36552837E-07  0.31421003E-07   863.99999984   -23344.79166348
    3430    6.86000000 -0.30728622E-06  0.36179105E-07  0.31533288E-07   863.99999984   -23344.79145698
    3440    6.88000000 -0.23014145E-06  0.35814291E-07  0.31659213E-07   863.99999984   -23344.79131166
    3450    6.90000000 -0.15327059E-06  0.35455716E-07  0.31803423E-07   863.99999984   -23344.79122714
    3460    6.92000000 -0.76660224E-07  0.35101170E-07  0.31970407E-07   863.99999984   -23344.79120305
    3470    6.94000000 -0.29003140E-09  0.34747994E-07  0.32164025E-07   863.99999984   -23344.79123901
    3480    6.96000000  0.75866220E-07  0.34393688E-07  0.32387380E-07   863.99999984   -23344.79133467
    3490    6.98000000  0.15183889E-06  0.34035885E-07  0.32642850E-07   863.99999984   -23344.79148968
    3500    7.00000000  0.22766116E-06  0.33672240E-07  0.32931566E-07   863.99999984   -23344.79170369
    3510    7.02000000  0.30336765E-06  0.33300672E-07  0.33253520E-07   863.99999984   -23344.79197641
    3520    7.04000000  0.37899254E-06  0.32919337E-07  0.33607479E-07   863.99999984   -23344.79230751
    3530    7.06000000  0.45456865E-06  0.32526760E-07  0.33991152E-07   863.99999984   -23344.79269673
    3540    7.08000000  0.53012585E-06  0.32121253E-07  0.34401233E-07   863.99999984   -23344.79314380
    3550    7.10000000  0.60568982E-06  0.31701853E-07  0.34832899E-07   863.99999984   -23344.79364845
    3560    7.12000000  0.68128231E-06  0.31267592E-07  0.35280457E-07   863.99999984   -23344.79421044
    3570    7.14000000  0.75691951E-06  0.30817594E-07  0.35736960E-07   863.99999984   -23344.79482953
    3580    7.16000000  0.83261271E-06  0.30351694E-07  0.36195261E-07   863.99999984   -23344.79550547
    3590    7.18000000  0.90836729E-06  0.29869093E-07  0.36647540E-07   863.99999984   -23344.79623801
    3600    7.20000000  0.98418366E-06  0.29369710E-07  0.37085719E-07   863.99999984   -23344.79702691
    3610    7.22000000  0.10600578E-05  0.28853301E-07  0.37501788E-07   863.99999983   -23344.79787190
    3620    7.24000000  0.11359822E-05  0.28319647E-07  0.37887509E-07   863.99999983   -23344.79877269
    3630    7.26000000  0.12119464E-05  0.27768532E-07  0.38235817E-07   863.99999983   -23344.79972899
    3640    7.28000000  0.12879385E-05  0.27199722E-07  0.38540134E-07   863.99999983   -23344.80074049
    3650    7.30000000  0.13639460E-05  0.26612721E-07  0.38794903E-07   863.99999983   -23344.80180684
    3660    7.32000000  0.14399568E-05  0.26006727E-07  0.38995724E-07   863.99999983   -23344.80292769
    3670    7.34000000  0.15159605E-05  0.25381507E-07  0.39139460E-07   863.99999983   -23344.80410267
    3680    7.36000000  0.15919488E-05  0.24736031E-07  0.39224612E-07   863.99999983   -23344.80533138
    3690    7.38000000  0.16679161E-05  0.24069448E-07  0.39251124E-07   863.99999983   -23344.80661343
    3700    7.40000000  0.17438595E-05  0.23380696E-07  0.39220662E-07   863.99999983   -23344.80794838
    3710    7.42000000  0.18197790E-05  0.22669038E-07  0.39136502E-07   863.99999983   -23344.80933582
    3720    7.44000000  0.18956769E-05  0.21933374E-07  0.39003331E-07   863.99999983   -23344.81077530
    3730    7.46000000  0.19715578E-05  0.21172706E-07  0.38827017E-07   863.99999983   -23344.81226638
    3740    7.48000000  0.20474264E-05  0.20386857E-07  0.38615052E-07   863.99999983   -23344.81380861
    3750    7.50000000  0.21232880E-05  0.19575374E-07  0.38375629E-07   863.99999983   -23344.81540152
    3760    7.52000000  0.21991462E-05  0.18738737E-07  0.38118024E-07   863.99999983   -23344.81704466
    3770    7.54000000  0.22750015E-05  0.17877594E-07  0.37852132E-07   863.99999983   -23344.81873754
    3780    7.56000000  0.23508510E-05  0.16993424E-07  0.37588056E-07   863.99999983   -23344.82047970
    3790    7.58000000  0.24266869E-05  0.16088304E-07  0.37335964E-07   863.99999983   -23344.82227063
    3800    7.60000000  0.25024949E-05  0.15165228E-07  0.37106188E-07   863.99999983   -23344.82410983
    3810    7.62000000  0.25782536E-05  0.14228262E-07  0.36908171E-07   863.99999982   -23344.82599676
    3820    7.64000000  0.26539344E-05  0.13281994E-07  0.36750430E-07   863.99999982   -23344.82793085
    3830    7.66000000  0.27295008E-05  0.12331965E-07  0.36640750E-07   863.99999982   -23344.82991152
    3840    7.68000000  0.28049086E-05  0.11384491E-07  0.36585382E-07   863.99999982   -23344.83193814
    3850    7.70000000  0.28801068E-05  0.10446567E-07  0.36589556E-07   863.99999982   -23344.83401003
    3860    7.72000000  0.29550381E-05  0.95258384E-08  0.36656484E-07   863.99999982   -23344.83612648
    3870    7.74000000  0.30296413E-05  0.86296534E-08  0.36788230E-07   863.99999982   -23344.83828672
    3880    7.76000000  0.31038520E-05  0.77656487E-08  0.36984915E-07   863.99999982   -23344.84048994
    3890    7.78000000  0.31776054E-05  0.69409610E-08  0.37245194E-07   863.99999982   -23344.84273527
    3900    7.80000000  0.32508375E-05  0.61626317E-08  0.37566282E-07   863.99999982   -23344.84502179
    3910    7.82000000  0.33234886E-05  0.54368378E-08  0.37943978E-07   863.99999982   -23344.84734854
    3920    7.84000000  0.33955041E-05  0.47689482E-08  0.38372779E-07   863.99999982   -23344.84971450
    3930    7.86000000  0.34668373E-05  0.41625794E-08  0.38845618E-07   863.99999982   -23344.85211864
    3940    7.88000000  0.35374522E-05  0.36203427E-08  0.39354626E-07   863.99999982   -23344.85455988
    3950    7.90000000  0.36073242E-05  0.31433155E-08  0.39890953E-07   863.99999982   -23344.85703712
    3960    7.92000000  0.36764421E-05  0.27307366E-08  0.40444844E-07   863.99999982   -23344.85954925
    3970    7.94000000  0.37448092E-05  0.23797395E-08  0.41006682E-07   863.99999982   -23344.86209515
    3980    7.96000000  0.38124444E-05  0.20860915E-08  0.41566290E-07   863.99999982   -23344.86467371
    3990    7.98000000  0.38793805E-05  0.18436118E-08  0.42113256E-07   863.99999982   -23344.86728384
    4000    8.00000000  0.39456656E-05  0.16448629E-08  0.42637462E-07   863.99999982   -23344.86992447
    4010    8.02000000  0.40113606E-05  0.14808906E-08  0.43129027E-07   863.99999982   -23344.87259457
    4020    8.04000000  0.40765371E-05  0.13414315E-08  0.43578014E-07   863.99999981   -23344.87529316
    4030    8.06000000  0.41412754E-05  0.12155152E-08  0.43975165E-07   863.99999981   -23344.87801929
    4040    8.08000000  0.42056623E-05  0.10907691E-08  0.44311778E-07   863.99999981   -23344.88077207
    4050    8.10000000  0.42697877E-05  0.95498843E-09  0.44579722E-07   863.99999981   -23344.88355068
    4060    8.12000000  0.43337421E-05  0.79507411E-09  0.44771757E-07   863.99999981   -23344.88635433
    4070    8.14000000  0.43976134E-05  0.59792958E-09  0.44880947E-07   863.99999981   -23344.88918230
    4080    8.16000000  0.44614840E-05  0.35108455E-09  0.44902004E-07   863.99999981   -23344.89203391
    4090    8.18000000  0.45254276E-05  0.42730260E-10  0.44830169E-07   863.99999981   -23344.89490853
    4100    8.20000000  0.45895070E-05 -0.33810449E-09  0.44662347E-07   863.99999981   -23344.89780557
    4110    8.22000000  0.46537712E-05 -0.80098325E-09  0.44396511E-07   863.99999981   -23344.90072445
    4120    8.24000000  0.47182537E-05 -0.13534124E-08  0.44032189E-07   863.99999981   -23344.90366463
    4130    8.26000000  0.47829706E-05 -0.20018561E-08  0.43570553E-07   863.99999981   -23344.90662556
    4140    8.28000000  0.48479205E-05 -0.27502024E-08  0.43014287E-07   863.99999981   -23344.90960669
    4150    8.30000000  0.49130839E-05 -0.36002437E-08  0.42368206E-07   863.99999981   -23344.91260747
    4160    8.32000000  0.49784240E-05 -0.45516296E-08  0.41638706E-07   863.99999981   -23344.91562732
    4170    8.34000000  0.50438883E-05 -0.56016684E-08  0.40840501E-07   863.99999981   -23344.91866559
    4180    8.36000000  0.51094093E-05 -0.67453139E-08  0.40102174E-07   863.99999981   -23344.92172164
    4190    8.38000000  0.51749082E-05 -0.79755270E-08  0.39629399E-07   863.99999981   -23344.92479475
    4200    8.40000000  0.52402965E-05 -0.92828136E-08  0.39283623E-07   863.99999981   -23344.92788415
    4210    8.42000000  0.53054796E-05 -0.10655859E-07  0.38138590E-07   863.99999981   -23344.93098901
    4220    8.44000000  0.53703585E-05 -0.12080671E-07  0.34085589E-07   863.99999981   -23344.93410845
    4230    8.46000000  0.54348336E-05 -0.13541256E-07  0.23506404E-07   863.99999980   -23344.93724152
    4240    8.48000000  0.54988075E-05 -0.15019115E-07  0.10374868E-08   863.99999980   -23344.94038721
    4250    8.50000000  0.55621886E-05 -0.16492430E-07 -0.40565852E-07   863.99999980   -23344.94354444
    4260    8.52000000  0.56248925E-05 -0.17935426E-07 -0.11045822E-06   863.99999980   -23344.94671199
    4270    8.54000000  0.56868450E-05 -0.19319243E-07 -0.21962231E-06   863.99999980   -23344.94988845
    4280    8.56000000  0.57479840E-05 -0.20610775E-07 -0.38068295E-06   863.99999980   -23344.95307202
    4290    8.58000000  0.58082593E-05 -0.21774541E-07 -0.60762178E-06   863.99999980   -23344.95626030
    4300    8.60000000  0.58676342E-05 -0.22773926E-07 -0.91539635E-06   863.99999980   -23344.95944986
    4310    8.62000000  0.59260849E-05 -0.23572439E-07 -0.13194698E-05   863.99999980   -23344.96263571
    4320    8.64000000  0.59835990E-05 -0.24136375E-07 -0.18352624E-05   863.99999980   -23344.96581062
    4330    8.66000000  0.60401746E-05 -0.24437525E-07 -0.24775354E-05   863.99999980   -23344.96896422
    4340    8.68000000  0.60958183E-05 -0.24457009E-07 -0.32597213E-05   863.99999980   -23344.97208199
    4350    8.70000000  0.61505434E-05 -0.24188342E-07 -0.41932178E-05   863.99999980   -23344.97514421
    4360    8.72000000  0.62043673E-05 -0.23640850E-07 -0.52866653E-05   863.99999980   -23344.97812486
    4370    8.74000000  0.62573088E-05 -0.22843383E-07 -0.65452255E-05   863.99999980   -23344.98099071
    4380    8.76000000  0.63093863E-05 -0.21847326E-07 -0.79698814E-05   863.99999980   -23344.98370062
    4390    8.78000000  0.63606153E-05 -0.20729388E-07 -0.95567835E-05   863.99999980   -23344.98620533
    4400    8.80000000  0.64110072E-05 -0.19594148E-07 -0.11296660E-04   863.99999980   -23344.98844792
    4410    8.82000000  0.64605673E-05 -0.18574694E-07 -0.13174316E-04   863.99999980   -23344.99036494
    4420    8.84000000  0.65092936E-05 -0.17832966E-07 -0.15168229E-04   863.99999980   -23344.99188859
    4430    8.86000000  0.65571757E-05 -0.17559560E-07 -0.17250275E-04   863.99999980   -23344.99294988
    4440    8.88000000  0.66041957E-05 -0.17972192E-07 -0.19385579E-04   863.99999980   -23344.99348277
    4450    8.90000000  0.66503273E-05 -0.19312857E-07 -0.21532522E-04   863.99999979   -23344.99342940
    4460    8.92000000  0.66955374E-05 -0.21843988E-07 -0.23642899E-04   863.99999979   -23344.99274599
    4470    8.94000000  0.67397861E-05 -0.25843561E-07 -0.25662238E-04   863.99999979   -23344.99140924
    4480    8.96000000  0.67830294E-05 -0.31598465E-07 -0.27530285E-04   863.99999979   -23344.98942278
    4490    8.98000000  0.68252204E-05 -0.39397512E-07 -0.29181655E-04   863.99999979   -23344.98682311
    4500    9.00000000  0.68663127E-05 -0.49523010E-07 -0.30546633E-04   863.99999979   -23344.98368429
    4510    9.02000000  0.69062631E-05 -0.62241147E-07 -0.31552150E-04   863.99999979   -23344.98012084
    4520    9.04000000  0.69450351E-05 -0.77791601E-07 -0.32122887E-04   863.99999979   -23344.97628782
    4530    9.06000000  0.69826016E-05 -0.96376526E-07 -0.32182528E-04   863.99999979   -23344.97237756
    4540    9.08000000  0.70189496E-05 -0.11814979E-06 -0.31655120E-04   863.99999979   -23344.96861220
    4550    9.10000000  0.70540837E-05 -0.14320540E-06 -0.30466545E-04   863.99999979   -23344.96523156
    4560    9.12000000  0.70880298E-05 -0.17156653E-06 -0.28546061E-04   863.99999979   -23344.96247588
    4570    9.14000000  0.71208392E-05 -0.20317404E-06 -0.25827908E-04   863.99999979   -23344.96056350
    4580    9.16000000  0.71525923E-05 -0.23787736E-06 -0.22252932E-04   863.99999979   -23344.95966353
    4590    9.18000000  0.71834015E-05 -0.27542490E-06 -0.17770218E-04   863.99999979   -23344.95986416
    4600    9.20000000  0.72134146E-05 -0.31545685E-06 -0.12338688E-04   863.99999979   -23344.96113761
    4610    9.22000000  0.72428170E-05 -0.35749897E-06 -0.59286408E-05   863.99999979   -23344.96330308
    4620    9.24000000  0.72718336E-05 -0.40095856E-06  0.14767950E-05   863.99999979   -23344.96598942
    4630    9.26000000  0.73007288E-05 -0.44512175E-06  0.98803292E-05   863.99999979   -23344.96859965
    4640    9.28000000  0.73298061E-05 -0.48915499E-06  0.19269322E-04   863.99999979   -23344.97027973
    4650    9.30000000  0.73594058E-05 -0.53210726E-06  0.29614773E-04   863.99999979   -23344.96989408
    4660    9.32000000  0.73899000E-05 -0.57291546E-06  0.40870504E-04   863.99999979   -23344.96601041
    4670    9.34000000  0.74216879E-05 -0.61041213E-06  0.52972576E-04   863.99999978   -23344.95689650
    4680    9.36000000  0.74551861E-05 -0.64333660E-06  0.65838935E-04   863.99999978   -23344.94053106
    4690    9.38000000  0.74908194E-05 -0.67034889E-06  0.79369334E-04   863.99999978   -23344.91463057
    4700    9.40000000  0.75290068E-05 -0.69004534E-06  0.93445525E-04   863.99999978   -23344.87669344
    4710    9.42000000  0.75701464E-05 -0.70097813E-06  0.10793174E-03   863.99999978   -23344.82406200
    4720    9.44000000  0.76145980E-05 -0.70167668E-06  0.12267548E-03   863.99999978   -23344.75400205
    4730    9.46000000  0.76626631E-05 -0.69067125E-06  0.13750860E-03   863.99999978   -23344.66379881
    4740    9.48000000  0.77145636E-05 -0.66651935E-06  0.15224869E-03   863.99999978   -23344.55086697
    4750    9.50000000  0.77704202E-05 -0.62783307E-06  0.16670075E-03   863.99999978   -23344.41287155
    4760    9.52000000  0.78302294E-05 -0.57330904E-06  0.18065918E-03   863.99999978   -23344.24785546
    4770    9.54000000  0.78938410E-05 -0.50175826E-06  0.19391003E-03   863.99999978   -23344.05436844
    4780    9.56000000  0.79609388E-05 -0.41213760E-06  0.20623348E-03   863.99999978   -23343.83159175
    4790    9.58000000  0.80310217E-05 -0.30358082E-06  0.21740658E-03   863.99999978   -23343.57945192
    4800    9.60000000  0.81033901E-05 -0.17543008E-06  0.22720620E-03   863.99999978   -23343.29871718
    4810    9.62000000  0.81771362E-05 -0.27264760E-07  0.23541208E-03   863.99999978   -23342.99106977
    4820    9.64000000  0.82511414E-05  0.14106858E-06  0.24181011E-03   863.99999978   -23342.65914797
    4830    9.66000000  0.83240795E-05  0.32943142E-06  0.24619557E-03   863.99999978   -23342.30655232
    4840    9.68000000  0.83944286E-05  0.53736886E-06  0.24837647E-03   863.99999977   -23341.93781151
    4850    9.70000000  0.84604911E-05  0.76408975E-06  0.24817690E-03   863.99999977   -23341.55830503
    4860    9.72000000  0.85204237E-05  0.10084506E-05  0.24544014E-03   863.99999977   -23341.17414118
    4870    9.74000000  0.85722746E-05  0.12689447E-05  0.24003183E-03   863.99999977   -23340.79199094
    4880    9.76000000  0.86140310E-05  0.15436963E-05  0.23184275E-03   863.99999977   -23340.41888056
    4890    9.78000000  0.86436742E-05  0.18304600E-05  0.22079148E-03   863.99999977   -23340.06194752
    4900    9.80000000  0.86592397E-05  0.21266275E-05  0.20682665E-03   863.99999977   -23339.72816690
    4910    9.82000000  0.86588846E-05  0.24292405E-05  0.18992884E-03   863.99999977   -23339.42405693
    4920    9.84000000  0.86409556E-05  0.27350102E-05  0.17011214E-03   863.99999977   -23339.15537440
    4930    9.86000000  0.86040582E-05  0.30403436E-05  0.14742516E-03   863.99999977   -23338.92681175
    4940    9.88000000  0.85471224E-05  0.33413769E-05  0.12195164E-03   863.99999977   -23338.74170851
    4950    9.90000000  0.84694634E-05  0.36340138E-05  0.93810623E-04   863.99999977   -23338.60179040
    4960    9.92000000  0.83708330E-05  0.39139721E-05  0.63156042E-04   863.99999976   -23338.50694868
    4970    9.94000000  0.82514595E-05  0.41768325E-05  0.30175969E-04   863.99999976   -23338.45507199
    4980    9.96000000  0.81120731E-05  0.44180933E-05 -0.49086488E-05   863.99999976   -23338.44194121
    4990    9.98000000  0.79539149E-05  0.46332274E-05 -0.41845618E-04   863.99999976   -23338.46119606
    5000   10.00000000  0.77787288E-05  0.48177420E-05 -0.80353499E-04   863.99999976   -23338.50437980
    5010   10.02000000  0.75887325E-05  0.49672375E-05 -0.12012392E-03   863.99999976   -23338.56106541
    5020   10.04000000  0.73865710E-05  0.50774676E-05 -0.16082415E-03   863.99999976   -23338.61906407
    5030   10.06000000  0.71752515E-05  0.51443975E-05 -0.20209994E-03   863.99999976   -23338.66471293
    5040   10.08000000  0.69580620E-05  0.51642581E-05 -0.24357850E-03   863.99999976   -23338.68323668
    5050   10.10000000  0.67384767E-05  0.51335988E-05 -0.28487170E-03   863.99999976   -23338.65917373
    5060   10.12000000  0.65200493E-05  0.50493352E-05 -0.32557939E-03   863.99999976   -23338.57685543
    5070   10.14000000  0.63063019E-05  0.49087920E-05 -0.36529285E-03   863.99999976   -23338.42092391
    5080   10.16000000  0.61006111E-05  0.47097433E-05 -0.40359840E-03   863.99999976   -23338.17687198
    5090   10.18000000  0.59060962E-05  0.44504462E-05 -0.44008122E-03   863.99999976   -23337.83158719
    5100   10.20000000  0.57255164E-05  0.41296725E-05 -0.47432922E-03   863.99999976   -23337.37388042
    5110   10.22000000  0.55611779E-05  0.37467356E-05 -0.50593726E-03   863.99999976   -23336.79497956
    5120   10.24000000  0.54148586E-05  0.33015158E-05 -0.53451142E-03   863.99999976   -23336.08896837
    5130   10.26000000  0.52877515E-05  0.27944826E-05 -0.55967367E-03   863.99999975   -23335.25315181
    5140   10.28000000  0.51804312E-05  0.22267166E-05 -0.58106658E-03   863.99999975   -23334.28833048
    5150   10.30000000  0.50928446E-05  0.15999305E-05 -0.59835835E-03   863.99999975   -23333.19896917
    5160   10.32000000  0.50243274E-05  0.91648754E-06 -0.61124794E-03   863.99999975   -23331.99324753
    5170   10.34000000  0.49736490E-05  0.17942335E-06 -0.61947032E-03   863.99999975   -23330.68298442
    5180   10.36000000  0.49390814E-05 -0.60753562E-06 -0.62280163E-03   863.99999975   -23329.28343202
    5190   10.38000000  0.49184940E-05 -0.14399540E-05 -0.62106435E-03   863.99999975   -23327.81294047
    5200   10.40000000  0.49094694E-05 -0.23126717E-05 -0.61413202E-03   863.99999975   -23326.29249909
    5210   10.42000000  0.49094395E-05 -0.32197914E-05 -0.60193369E-03   863.99999974   -23324.74516542
    5220   10.44000000  0.49158354E-05 -0.41546722E-05 -0.58445767E-03   863.99999974   -23323.19539895
    5230   10.46000000  0.49262458E-05 -0.51099291E-05 -0.56175448E-03   863.99999974   -23321.66832096
    5240   10.48000000  0.49385789E-05 -0.60774433E-05 -0.53393893E-03   863.99999974   -23320.18892641
    5250   10.50000000  0.49512206E-05 -0.70483841E-05 -0.50119093E-03   863.99999974   -23318.78127723
    5260   10.52000000  0.49631786E-05 -0.80132452E-05 -0.46375522E-03   863.99999974   -23317.46770827
    5270   10.54000000  0.49742106E-05 -0.89618973E-05 -0.42193957E-03   863.99999973   -23316.26807827
    5280   10.56000000  0.49849224E-05 -0.98836607E-05 -0.37611174E-03   863.99999973   -23315.19909705
    5290   10.58000000  0.49968340E-05 -0.10767397E-04 -0.32669495E-03   863.99999973   -23314.27375789
    5300   10.60000000  0.50124042E-05 -0.11601626E-04 -0.27416209E-03   863.99999973   -23313.50089998
    5310   10.62000000  0.50350106E-05 -0.12374658E-04 -0.21902864E-03   863.99999973   -23312.88492033
    5320   10.64000000  0.50688834E-05 -0.13074756E-04 -0.16184471E-03   863.99999973   -23312.42564797
    5330   10.66000000  0.51189896E-05 -0.13690316E-04 -0.10318618E-03   863.99999972   -23312.11838590
    5340   10.68000000  0.51908740E-05 -0.14210057E-04 -0.43645404E-04   863.99999972   -23311.95411862
    5350   10.70000000  0.52904573E-05 -0.14623239E-04  0.16178284E-04   863.99999972   -23311.91987522
    5360   10.72000000  0.54238032E-05 -0.14919879E-04  0.75687985E-04   863.99999972   -23311.99923140
    5370   10.74000000  0.55968604E-05 -0.15090975E-04  0.13429820E-03   863.99999972   -23312.17292741
    5380   10.76000000  0.58151951E-05 -0.15128719E-04  0.19144312E-03   863.99999972   -23312.41957464
    5390   10.78000000  0.60837203E-05 -0.15026708E-04  0.24658395E-03   863.99999972   -23312.71642030
    5400   10.80000000  0.64064432E-05 -0.14780125E-04  0.29921515E-03   863.99999972   -23313.04013838
    5410   10.82000000  0.67862356E-05 -0.14385897E-04  0.34886948E-03   863.99999971   -23313.36761562
    5420   10.84000000  0.72246429E-05 -0.13842815E-04  0.39512169E-03   863.99999971   -23313.67670277
    5430   10.86000000  0.77217416E-05 -0.13151617E-04  0.43759110E-03   863.99999971   -23313.94690491
    5440   10.88000000  0.82760487E-05 -0.12315022E-04  0.47594290E-03   863.99999971   -23314.15998856
    5450   10.90000000  0.88844924E-05 -0.11337724E-04  0.50988855E-03   863.99999971   -23314.30048820
    5460   10.92000000  0.95424424E-05 -0.10226333E-04  0.53918537E-03   863.99999971   -23314.35609973
    5470   10.94000000  0.10243800E-04 -0.89892785E-05  0.56363545E-03   863.99999971   -23314.31795364
    5480   10.96000000  0.10981148E-04 -0.76366727E-05  0.58308424E-03   863.99999971   -23314.18076518
    5490   10.98000000  0.11745942E-04 -0.61801407E-05  0.59741903E-03   863.99999971   -23313.94286333
    5500   11.00000000  0.12528760E-04 -0.46326271E-05  0.60656730E-03   863.99999971   -23313.60610390
    5510   11.02000000  0.13319566E-04 -0.30081846E-05  0.61049545E-03   863.99999971   -23313.17567524
    5520   11.04000000  0.14108017E-04 -0.13217526E-05  0.60920760E-03   863.99999971   -23312.65980781
    5530   11.06000000  0.14883770E-04  0.41106445E-06  0.60274494E-03   863.99999971   -23312.06940040
    5540   11.08000000  0.15636797E-04  0.21742164E-05  0.59118530E-03   863.99999970   -23311.41757782
    5550   11.10000000  0.16357688E-04  0.39514151E-05  0.57464315E-03   863.99999970   -23310.71919570
    5560   11.12000000  0.17037944E-04  0.57263294E-05  0.55326975E-03   863.99999970   -23309.99030890
    5570   11.14000000  0.17670235E-04  0.74827635E-05  0.52725351E-03   863.99999970   -23309.24762068
    5580   11.16000000  0.18248627E-04  0.92048165E-05  0.49682031E-03   863.99999970   -23308.50792978
    5590   11.18000000  0.18768765E-04  0.10877024E-04  0.46223367E-03   863.99999970   -23307.78759241
    5600   11.20000000  0.19228010E-04  0.12484482E-04  0.42379458E-03   863.99999970   -23307.10201569
    5610   11.22000000  0.19625523E-04  0.14012951E-04  0.38184091E-03   863.99999970   -23306.46519801
    5620   11.24000000  0.19962292E-04  0.15448950E-04  0.33674621E-03   863.99999970   -23305.88933009
    5630   11.26000000  0.20241105E-04  0.16779832E-04  0.28891783E-03   863.99999969   -23305.38446906
    5640   11.28000000  0.20466468E-04  0.17993849E-04  0.23879430E-03   863.99999969   -23304.95829465
    5650   11.30000000  0.20644470E-04  0.19080213E-04  0.18684187E-03   863.99999969   -23304.61595445
    5660   11.32000000  0.20782592E-04  0.20029138E-04  0.13355041E-03   863.99999969   -23304.36000117
    5670   11.34000000  0.20889486E-04  0.20831893E-04  0.79428411E-04   863.99999969   -23304.19042204
    5680   11.36000000  0.20974702E-04  0.21480834E-04  0.24997497E-04   863.99999969   -23304.10475647
    5690   11.38000000  0.21048401E-04  0.21969447E-04 -0.29213661E-04   863.99999969   -23304.09829485
    5700   11.40000000  0.21121038E-04  0.22292387E-04 -0.82675813E-04   863.99999969   -23304.16434825
    5710   11.42000000  0.21203044E-04  0.22445510E-04 -0.13486582E-03   863.99999969   -23304.29457616
    5720   11.44000000  0.21304506E-04  0.22425913E-04 -0.18527341E-03   863.99999968   -23304.47935718
    5730   11.46000000  0.21434861E-04  0.22231975E-04 -0.23340786E-03   863.99999968   -23304.70818651
    5740   11.48000000  0.21602612E-04  0.21863387E-04 -0.27880439E-03   863.99999968   -23304.97008329
    5750   11.50000000  0.21815073E-04  0.21321196E-04 -0.32103021E-03   863.99999968   -23305.25399134
    5760   11.52000000  0.22078160E-04  0.20607831E-04 -0.35968997E-03   863.99999968   -23305.54915763
    5770   11.54000000  0.22396225E-04  0.19727131E-04 -0.39443067E-03   863.99999968   -23305.84547476
    5780   11.56000000  0.22771937E-04  0.18684361E-04 -0.42494573E-03   863.99999968   -23306.13377585
    5790   11.58000000  0.23206224E-04  0.17486221E-04 -0.45097845E-03   863.99999968   -23306.40607301
    5800   11.60000000  0.23698269E-04  0.16140834E-04 -0.47232455E-03   863.99999968   -23306.65573352
    5810   11.62000000  0.24245551E-04  0.14657719E-04 -0.48883395E-03   863.99999968   -23306.87759099
    5820   11.64000000  0.24843946E-04  0.13047746E-04 -0.50041175E-03   863.99999968   -23307.06799165
    5830   11.66000000  0.25487861E-04  0.11323065E-04 -0.50701844E-03   863.99999967   -23307.22477880
    5840   11.68000000  0.26170418E-04  0.94970223E-05 -0.50866938E-03   863.99999967   -23307.34722102
    5850   11.70000000  0.26883659E-04  0.75840445E-05 -0.50543361E-03   863.99999967   -23307.43589143
    5860   11.72000000  0.27618777E-04  0.55995130E-05 -0.49743201E-03   863.99999967   -23307.49250732
    5870   11.74000000  0.28366362E-04  0.35596164E-05 -0.48483488E-03   863.99999967   -23307.51973999
    5880   11.76000000  0.29116658E-04  0.14811929E-05 -0.46785912E-03   863.99999967   -23307.52100546
    5890   11.78000000  0.29859818E-04 -0.61843873E-06 -0.44676478E-03   863.99999967   -23307.50024649
    5900   11.80000000  0.30586151E-04 -0.27216539E-05 -0.42185136E-03   863.99999967   -23307.46171588
    5910   11.82000000  0.31286366E-04 -0.48106985E-05 -0.39345367E-03   863.99999967   -23307.40977005
    5920   11.84000000  0.31951797E-04 -0.68678654E-05 -0.36193749E-03   863.99999967   -23307.34868080
    5930   11.86000000  0.32574605E-04 -0.88756681E-05 -0.32769485E-03   863.99999967   -23307.28247135
    5940   11.88000000  0.33147962E-04 -0.10817009E-04 -0.29113924E-03   863.99999967   -23307.21478144
    5950   11.90000000  0.33666207E-04 -0.12675342E-04 -0.25270060E-03   863.99999966   -23307.14876428
    5960   11.92000000  0.34124977E-04 -0.14434827E-04 -0.21282021E-03   863.99999966   -23307.08701659
    5970   11.94000000  0.34521300E-04 -0.16080479E-04 -0.17194557E-03   863.99999966   -23307.03154122
    5980   11.96000000  0.34853661E-04 -0.17598303E-04 -0.13052519E-03   863.99999966   -23306.98374053
    5990   11.98000000  0.35122041E-04 -0.18975426E-04 -0.89003574E-04   863.99999966   -23306.94443740
    6000   12.00000000  0.35327907E-04 -0.20200210E-04 -0.47816204E-04   863.99999966   -23306.91391966
    6010   12.02000000  0.35474182E-04 -0.21262365E-04 -0.73847225E-05   863.99999966   -23306.89200338
    6020   12.04000000  0.35565176E-04 -0.22153041E-04  0.31887642E-04   863.99999966   -23306.87810955
    6030   12.06000000  0.35606491E-04 -0.22864909E-04  0.69620391E-04   863.99999966   -23306.87134910
    6040   12.08000000  0.35604888E-04 -0.23392231E-04  0.10545973E-03   863.99999966   -23306.87061108
    6050   12.10000000  0.35568147E-04 -0.23730915E-04  0.13908215E-03   863.99999966   -23306.87464920
    6060   12.12000000  0.35504894E-04 -0.23878551E-04  0.17019760E-03   863.99999966   -23306.88216274
    6070   12.14000000  0.35424423E-04 -0.23834437E-04  0.19855215E-03   863.99999965   -23306.89186848
    6080   12.16000000  0.35336508E-04 -0.23599583E-04  0.22393013E-03   863.99999965   -23306.90256107
    6090   12.18000000  0.35251208E-04 -0.23176699E-04  0.24615580E-03   863.99999965   -23306.91316038
    6100   12.20000000  0.35178686E-04 -0.22570172E-04  0.26509437E-03   863.99999965   -23306.92274504
    6110   12.22000000  0.35129025E-04 -0.21786014E-04  0.28065251E-03   863.99999965   -23306.93057229
    6120   12.24000000  0.35112056E-04 -0.20831804E-04  0.29277833E-03   863.99999965   -23306.93608514
    6130   12.26000000  0.35137205E-04 -0.19716605E-04  0.30146073E-03   863.99999965   -23306.93890807
    6140   12.28000000  0.35213356E-04 -0.18450869E-04  0.30672838E-03   863.99999965   -23306.93883346
    6150   12.30000000  0.35348724E-04 -0.17046325E-04  0.30864814E-03   863.99999965   -23306.93580066
    6160   12.32000000  0.35550755E-04 -0.15515857E-04  0.30732305E-03   863.99999965   -23306.92987032
    6170   12.34000000  0.35826040E-04 -0.13873367E-04  0.30289000E-03   863.99999965   -23306.92119600
    6180   12.36000000  0.36180246E-04 -0.12133631E-04  0.29551703E-03   863.99999965   -23306.90999537
    6190   12.38000000  0.36618062E-04 -0.10312147E-04  0.28540031E-03   863.99999964   -23306.89652278
    6200   12.40000000  0.37143163E-04 -0.84249798E-05  0.27276091E-03   863.99999964   -23306.88104476
    6210   12.42000000  0.37758177E-04 -0.64886002E-05  0.25784137E-03   863.99999964   -23306.86381941
    6220   12.44000000  0.38464666E-04 -0.45197283E-05  0.24090205E-03   863.99999964   -23306.84508060
    6230   12.46000000  0.39263117E-04 -0.25351733E-05  0.22221748E-03   863.99999964   -23306.82502694
    6240   12.48000000  0.40152931E-04 -0.55167808E-06  0.20207248E-03   863.99999964   -23306.80381562
    6250   12.50000000  0.41132424E-04  0.14142343E-05  0.18075841E-03   863.99999964   -23306.78156070
    6260   12.52000000  0.42198828E-04  0.33464085E-05  0.15856930E-03   863.99999964   -23306.75833493
    6270   12.54000000  0.43348303E-04  0.52291998E-05  0.13579818E-03   863.99999964   -23306.73417453
    6280   12.56000000  0.44575949E-04  0.70476098E-05  0.11273336E-03   863.99999964   -23306.70908582
    6290   12.58000000  0.45875832E-04  0.87874153E-05  0.89655027E-04   863.99999964   -23306.68305283
    6300   12.60000000  0.47241016E-04  0.10435287E-04  0.66831912E-04   863.99999964   -23306.65604501
    6310   12.62000000  0.48663607E-04  0.11978901E-04  0.44518234E-04   863.99999963   -23306.62802431
    6320   12.64000000  0.50134810E-04  0.13407032E-04  0.22950927E-04   863.99999963   -23306.59895106
    6330   12.66000000  0.51644999E-04  0.14709642E-04  0.23471580E-05   863.99999963   -23306.56878837
    6340   12.68000000  0.53183796E-04  0.15877948E-04 -0.17097814E-04   863.99999963   -23306.53750478
    6350   12.70000000  0.54740175E-04  0.16904479E-04 -0.35212342E-04   863.99999963   -23306.50507536
    6360   12.72000000  0.56302569E-04  0.17783118E-04 -0.51849345E-04   863.99999963   -23306.47148206
    6370   12.74000000  0.57858998E-04  0.18509128E-04 -0.66886816E-04   863.99999963   -23306.43671406
    6380   12.76000000  0.59397201E-04  0.19079168E-04 -0.80228111E-04   863.99999963   -23306.40076819
    6390   12.78000000  0.60904788E-04  0.19491286E-04 -0.91801931E-04   863.99999963   -23306.36364925
    6400   12.80000000  0.62369395E-04  0.19744910E-04 -0.10156200E-03   863.99999963   -23306.32537024
    6410   12.82000000  0.63778845E-04  0.19840821E-04 -0.10948649E-03   863.99999963   -23306.28595245
    6420   12.84000000  0.65121320E-04  0.19781116E-04 -0.11557717E-03   863.99999963   -23306.24542548
    6430   12.86000000  0.66385526E-04  0.19569160E-04 -0.11985831E-03   863.99999962   -23306.20382713
    6440   12.88000000  0.67560870E-04  0.19209534E-04 -0.12237539E-03   863.99999962   -23306.16120316
    6450   12.90000000  0.68637623E-04  0.18707960E-04 -0.12319358E-03   863.99999962   -23306.11760696
    6460   12.92000000  0.69607089E-04  0.18071238E-04 -0.12239607E-03   863.99999962   -23306.07309905
    6470   12.94000000  0.70461761E-04  0.17307152E-04 -0.12008225E-03   863.99999962   -23306.02774648
    6480   12.96000000  0.71195464E-04  0.16424390E-04 -0.11636572E-03   863.99999962   -23305.98162210
    6490   12.98000000  0.71803486E-04  0.15432440E-04 -0.11137229E-03   863.99999962   -23305.93480374
    6500   13.00000000  0.72282695E-04  0.14341495E-04 -0.10523785E-03   863.99999962   -23305.88737326
    6510   13.02000000  0.72631624E-04  0.13162350E-04 -0.98106262E-04   863.99999962   -23305.83941549
    6520   13.04000000  0.72850539E-04  0.11906293E-04 -0.90127175E-04   863.99999962   -23305.79101709
    6530   13.06000000  0.72941480E-04  0.10585004E-04 -0.81453933E-04   863.99999962   -23305.74226544
    6540   13.08000000  0.72908263E-04  0.92104431E-05 -0.72241475E-04   863.99999962   -23305.69324729
    6550   13.10000000  0.72756464E-04  0.77947535E-05 -0.62644328E-04   863.99999961   -23305.64404760
    6560   13.12000000  0.72493363E-04  0.63501535E-05 -0.52814674E-04   863.99999961   -23305.59474821
    6570   13.14000000  0.72127859E-04  0.48888387E-05 -0.42900516E-04   863.99999961   -23305.54542660
    6580   13.16000000  0.71670357E-04  0.34228820E-05 -0.33043963E-04   863.99999961   -23305.49615475
    6590   13.18000000  0.71132622E-04  0.19641375E-05 -0.23379651E-04   863.99999961   -23305.44699789
    6600   13.20000000  0.70527620E-04  0.52414518E-06 -0.14033293E-04   863.99999961   -23305.39801357
    6610   13.22000000  0.69869319E-04 -0.88596007E-06 -0.51204048E-05   863.99999961   -23305.34925062
    6620   13.24000000  0.69172488E-04 -0.22555385E-05  0.32548158E-05   863.99999961   -23305.30074839
    6630   13.26000000  0.68452479E-04 -0.35745307E-05  0.11000417E-04   863.99999961   -23305.25253603
    6640   13.28000000  0.67725004E-04 -0.48335389E-05  0.18037437E-04   863.99999961   -23305.20463198
    6650   13.30000000  0.67005910E-04 -0.60239034E-05  0.24300442E-04   863.99999961   -23305.15704362
    6660   13.32000000  0.66310966E-04 -0.71377717E-05  0.29737880E-04   863.99999960   -23305.10976700
    6670   13.34000000  0.65655657E-04 -0.81681593E-05  0.34312232E-04   863.99999960   -23305.06278681
    6680   13.36000000  0.65054988E-04 -0.91090023E-05  0.37999975E-04   863.99999960   -23305.01607649
    6690   13.38000000  0.64523312E-04 -0.99552010E-05  0.40791375E-04   863.99999960   -23304.96959842
    6700   13.40000000  0.64074167E-04 -0.10702651E-04  0.42690104E-04   863.99999960   -23304.92330436
    6710   13.42000000  0.63720120E-04 -0.11348266E-04  0.43712709E-04   863.99999960   -23304.87713587
    6720   13.44000000  0.63472637E-04 -0.11889981E-04  0.43887934E-04   863.99999960   -23304.83102504
    6730   13.46000000  0.63341942E-04 -0.12326755E-04  0.43255919E-04   863.99999960   -23304.78489514
    6740   13.48000000  0.63336894E-04 -0.12658556E-04  0.41867279E-04   863.99999960   -23304.73866153
    6750   13.50000000  0.63464865E-04 -0.12886326E-04  0.39782069E-04   863.99999960   -23304.69223267
    6760   13.52000000  0.63731626E-04 -0.13011954E-04  0.37068662E-04   863.99999960   -23304.64551111
    6770   13.54000000  0.64141232E-04 -0.13038218E-04  0.33802542E-04   863.99999959   -23304.59839476
    6780   13.56000000  0.64695931E-04 -0.12968729E-04  0.30065029E-04   863.99999959   -23304.55077818
    6790   13.58000000  0.65396079E-04 -0.12807864E-04  0.25941949E-04   863.99999959   -23304.50255391
    6800   13.60000000  0.66240082E-04 -0.12560686E-04  0.21522273E-04   863.99999959   -23304.45361397
    6810   13.62000000  0.67224360E-04 -0.12232859E-04  0.16896733E-04   863.99999959   -23304.40385135
    6820   13.64000000  0.68343346E-04 -0.11830562E-04  0.12156438E-04   863.99999959   -23304.35316160
    6830   13.66000000  0.69589512E-04 -0.11360390E-04  0.73915098E-05   863.99999959   -23304.30144436
    6840   13.68000000  0.70953434E-04 -0.10829257E-04  0.26897604E-05   863.99999959   -23304.24860490
    6850   13.70000000  0.72423898E-04 -0.10244294E-04 -0.18645784E-05   863.99999959   -23304.19455569
    6860   13.72000000  0.73988025E-04 -0.96127546E-05 -0.61920472E-05   863.99999959   -23304.13921775
    6870   13.74000000  0.75631433E-04 -0.89419143E-05 -0.10219058E-04   863.99999959   -23304.08252203
    6880   13.76000000  0.77338423E-04 -0.82389834E-05 -0.13878887E-04   863.99999958   -23304.02441062
    6890   13.78000000  0.79092174E-04 -0.75110208E-05 -0.17112538E-04   863.99999958   -23303.96483780
    6900   13.80000000  0.80874952E-04 -0.67648584E-05 -0.19869476E-04   863.99999958   -23303.90377101
    6910   13.82000000  0.82668326E-04 -0.60070347E-05 -0.22108216E-04   863.99999958   -23303.84119155
    6920   13.84000000  0.84453380E-04 -0.52437372E-05 -0.23796752E-04   863.99999958   -23303.77709522
    6930   13.86000000  0.86210934E-04 -0.44807554E-05 -0.24912841E-04   863.99999958   -23303.71149272
    6940   13.88000000  0.87921767E-04 -0.37234418E-05 -0.25444127E-04   863.99999958   -23303.64440994
    6950   13.90000000  0.89566837E-04 -0.29766814E-05 -0.25388110E-04   863.99999958   -23303.57588797
    6960   13.92000000  0.91127524E-04 -0.22448696E-05 -0.24751973E-04   863.99999958   -23303.50598303
    6970   13.94000000  0.92585876E-04 -0.15318969E-05 -0.23552264E-04   863.99999958   -23303.43476615
    6980   13.96000000  0.93924872E-04 -0.84114164E-06 -0.21814462E-04   863.99999957   -23303.36232262
    6990   13.98000000  0.95128686E-04 -0.17547090E-06 -0.19572405E-04   863.99999957   -23303.28875125
    7000   14.00000000  0.96182961E-04  0.46274884E-06 -0.16867625E-04   863.99999957   -23303.21416344
    7010   14.02000000  0.97075068E-04  0.10716318E-05 -0.13748577E-04   863.99999957   -23303.13868192
    7020   14.04000000  0.97794356E-04  0.16497406E-05 -0.10269785E-04   863.99999957   -23303.06243938
    7030   14.06000000  0.98332363E-04  0.21960427E-05 -0.64909050E-05   863.99999957   -23302.98557685
    7040   14.08000000  0.98683002E-04  0.27098566E-05 -0.24757332E-05   863.99999957   -23302.90824190
    7050   14.10000000  0.98842697E-04  0.31907877E-05  0.17088501E-05   863.99999957   -23302.83058674
    7060   14.12000000  0.98810490E-04  0.36386588E-05  0.59939705E-05   863.99999957   -23302.75276613
    7070   14.14000000  0.98588106E-04  0.40534400E-05  0.10309876E-04   863.99999957   -23302.67493528
    7080   14.16000000  0.98179998E-04  0.44351800E-05  0.14587064E-04   863.99999957   -23302.59724766
    7090   14.18000000  0.97593368E-04  0.47839476E-05  0.18757396E-04   863.99999956   -23302.51985275
    7100   14.20000000  0.96838178E-04  0.50997868E-05  0.22755191E-04   863.99999956   -23302.44289382
    7110   14.22000000  0.95927138E-04  0.53826891E-05  0.26518261E-04   863.99999956   -23302.36650564
    7120   14.24000000  0.94875676E-04  0.56325850E-05  0.29988892E-04   863.99999956   -23302.29081223
    7130   14.26000000  0.93701864E-04  0.58493548E-05  0.33114724E-04   863.99999956   -23302.21592468
    7140   14.28000000  0.92426283E-04  0.60328558E-05  0.35849526E-04   863.99999956   -23302.14193891
    7150   14.30000000  0.91071807E-04  0.61829606E-05  0.38153852E-04   863.99999956   -23302.06893376
    7160   14.32000000  0.89663281E-04  0.62996014E-05  0.39995546E-04   863.99999956   -23301.99696910
    7170   14.34000000  0.88227093E-04  0.63828117E-05  0.41350099E-04   863.99999956   -23301.92608439
    7180   14.36000000  0.86790622E-04  0.64327604E-05  0.42200855E-04   863.99999956   -23301.85629751
    7190   14.38000000  0.85381597E-04  0.64497713E-05  0.42539046E-04   863.99999955   -23301.78760415
    7200   14.40000000  0.84027376E-04  0.64343264E-05  0.42363687E-04   863.99999955   -23301.71997774
    7210   14.42000000  0.82754186E-04  0.63870511E-05  0.41681328E-04   863.99999955   -23301.65336995
    7220   14.44000000  0.81586383E-04  0.63086853E-05  0.40505686E-04   863.99999955   -23301.58771186
    7230   14.46000000  0.80545748E-04  0.62000436E-05  0.38857177E-04   863.99999955   -23301.52291565
    7240   14.48000000  0.79650885E-04  0.60619712E-05  0.36762380E-04   863.99999955   -23301.45887695
    7250   14.50000000  0.78916743E-04  0.58953028E-05  0.34253451E-04   863.99999955   -23301.39547751
    7260   14.52000000  0.78354274E-04  0.57008317E-05  0.31367512E-04   863.99999955   -23301.33258831
    7270   14.54000000  0.77970254E-04  0.54792907E-05  0.28146031E-04   863.99999955   -23301.27007286
    7280   14.56000000  0.77767255E-04  0.52313512E-05  0.24634199E-04   863.99999955   -23301.20779063
    7290   14.58000000  0.77743763E-04  0.49576376E-05  0.20880315E-04   863.99999954   -23301.14560037
    7300   14.60000000  0.77894433E-04  0.46587532E-05  0.16935156E-04   863.99999954   -23301.08336341
    7310   14.62000000  0.78210469E-04  0.43353151E-05  0.12851335E-04   863.99999954   -23301.02094660
    7320   14.64000000  0.78680119E-04  0.39879907E-05  0.86826249E-05   863.99999954   -23300.95822496
    7330   14.66000000  0.79289259E-04  0.36175306E-05  0.44832362E-05   863.99999954   -23300.89508391
    7340   14.68000000  0.80022071E-04  0.32247915E-05  0.30703600E-06   863.99999954   -23300.83142089
    7350   14.70000000  0.80861764E-04  0.28107466E-05 -0.37932916E-05   863.99999954   -23300.76714658
    7360   14.72000000  0.81791334E-04  0.23764858E-05 -0.77671365E-05   863.99999954   -23300.70218535
    7370   14.74000000  0.82794300E-04  0.19232036E-05 -0.11566883E-04   863.99999954   -23300.63647519
    7380   14.76000000  0.83855381E-04  0.14521826E-05 -0.15148827E-04   863.99999954   -23300.56996710
    7390   14.78000000  0.84961052E-04  0.96477835E-06 -0.18474040E-04   863.99999953   -23300.50262383
    7400   14.80000000  0.86099927E-04  0.46241165E-06 -0.21509133E-04   863.99999953   -23300.43441839
    7410   14.82000000  0.87262926E-04 -0.53423968E-07 -0.24226856E-04   863.99999953   -23300.36533224
    7420   14.84000000  0.88443192E-04 -0.58113517E-06 -0.26606479E-04   863.99999953   -23300.29535345
    7430   14.86000000  0.89635750E-04 -0.11189792E-05 -0.28633916E-04   863.99999953   -23300.22447500
    7440   14.88000000  0.90836913E-04 -0.16649935E-05 -0.30301555E-04   863.99999953   -23300.15269353
    7450   14.90000000  0.92043487E-04 -0.22169089E-05 -0.31607803E-04   863.99999953   -23300.08000852
    7460   14.92000000  0.93251813E-04 -0.27720548E-05 -0.32556358E-04   863.99999953   -23300.00642222
    7470   14.94000000  0.94456755E-04 -0.33272659E-05 -0.33155258E-04   863.99999953   -23299.93194044
    7480   14.96000000  0.95650689E-04 -0.38788043E-05 -0.33415794E-04   863.99999952   -23299.85657399
    7490   14.98000000  0.96822625E-04 -0.44223081E-05 -0.33351367E-04   863.99999952   -23299.78034101
    7500   15.00000000  0.97957529E-04 -0.49527790E-05 -0.32976396E-04   863.99999952   -23299.70326986
    7510   15.02000000  0.99035956E-04 -0.54646176E-05 -0.32305378E-04   863.99999952   -23299.62540238
    7520   15.04000000  0.10003404E-03 -0.59517103E-05 -0.31352190E-04   863.99999952   -23299.54679741
    7530   15.06000000  0.10092392E-03 -0.64075673E-05 -0.30129684E-04   863.99999952   -23299.46753400
    7540   15.08000000  0.10167458E-03 -0.68255090E-05 -0.28649633E-04   863.99999952   -23299.38771425
    7550   15.10000000  0.10225314E-03 -0.71988894E-05 -0.26922997E-04   863.99999952   -23299.30746514
    7560   15.12000000  0.10262652E-03 -0.75213430E-05 -0.24960506E-04   863.99999952   -23299.22693933
    7570   15.14000000  0.10276339E-03 -0.77870386E-05 -0.22773453E-04   863.99999952   -23299.14631444
    7580   15.16000000  0.10263635E-03 -0.79909233E-05 -0.20374651E-04   863.99999951   -23299.06579071
    7590   15.18000000  0.10222409E-03 -0.81289377E-05 -0.17779400E-04   863.99999951   -23298.98558699
    7600   15.20000000  0.10151352E-03 -0.81981884E-05 -0.15006385E-04   863.99999951   -23298.90593499
    7610   15.22000000  0.10050158E-03 -0.81970669E-05 -0.12078376E-04   863.99999951   -23298.82707210
    7620   15.24000000  0.99196646E-04 -0.81253071E-05 -0.90226438E-05   863.99999951   -23298.74923285
    7630   15.26000000  0.97619410E-04 -0.79839798E-05 -0.58710234E-05   863.99999951   -23298.67263967
    7640   15.28000000  0.95803015E-04 -0.77754287E-05 -0.26595767E-05   863.99999951   -23298.59749322
    7650   15.30000000  0.93792536E-04 -0.75031530E-05  0.57213561E-06   863.99999951   -23298.52396291
    7660   15.32000000  0.91643669E-04 -0.71716487E-05  0.37821510E-05   863.99999951   -23298.45217832
    7670   15.34000000  0.89420714E-04 -0.67862208E-05  0.69274965E-05   863.99999950   -23298.38222184
    7680   15.36000000  0.87193932E-04 -0.63527798E-05  0.99657748E-05   863.99999950   -23298.31412329
    7690   15.38000000  0.85036399E-04 -0.58776354E-05  0.12856823E-04   863.99999950   -23298.24785679
    7700   15.40000000  0.83020542E-04 -0.53672981E-05  0.15564304E-04   863.99999950   -23298.18334023
    7710   15.42000000  0.81214560E-04 -0.48283010E-05  0.18057093E-04   863.99999950   -23298.12043751
    7720   15.44000000  0.79678943E-04 -0.42670453E-05  0.20310331E-04   863.99999950   -23298.05896347
    7730   15.46000000  0.78463316E-04 -0.36896775E-05  0.22306057E-04   863.99999950   -23297.99869134
    7740   15.48000000  0.77603813E-04 -0.31019981E-05  0.24033339E-04   863.99999950   -23297.93936242
    7750   15.50000000  0.77121147E-04 -0.25094024E-05  0.25487900E-04   863.99999950   -23297.88069738
    7760   15.52000000  0.77019516E-04 -0.19168489E-05  0.26671281E-04   863.99999950   -23297.82240865
    7770   15.54000000  0.77286423E-04 -0.13288524E-05  0.27589603E-04   863.99999949   -23297.76421320
    7780   15.56000000  0.77893427E-04 -0.74949558E-06  0.28252080E-04   863.99999949   -23297.70584498
    7790   15.58000000  0.78797789E-04 -0.18245074E-06  0.28669416E-04   863.99999949   -23297.64706634
    7800   15.60000000  0.79944919E-04  0.36898921E-06  0.28852275E-04   863.99999949   -23297.58767776
    7810   15.62000000  0.81271487E-04  0.90187835E-06  0.28809976E-04   863.99999949   -23297.52752539
    7820   15.64000000  0.82708993E-04  0.14135860E-05  0.28549550E-04   863.99999949   -23297.46650598
    7830   15.66000000  0.84187602E-04  0.19017632E-05  0.28075283E-04   863.99999949   -23297.40456894
    7840   15.68000000  0.85639997E-04  0.23643097E-05  0.27388764E-04   863.99999949   -23297.34171548
    7850   15.70000000  0.87005021E-04  0.27993383E-05  0.26489445E-04   863.99999949   -23297.27799493
    7860   15.72000000  0.88230880E-04  0.32051323E-05  0.25375651E-04   863.99999948   -23297.21349857
    7870   15.74000000  0.89277694E-04  0.35800991E-05  0.24045897E-04   863.99999948   -23297.14835129
    7880   15.76000000  0.90119245E-04  0.39227171E-05  0.22500375E-04   863.99999948   -23297.08270185
    7890   15.78000000  0.90743792E-04  0.42314814E-05  0.20742428E-04   863.99999948   -23297.01671217
    7900   15.80000000  0.91153897E-04  0.45048505E-05  0.18779823E-04   863.99999948   -23296.95054663
    7910   15.82000000  0.91365272E-04  0.47412038E-05  0.16625674E-04   863.99999948   -23296.88436186
    7920   15.84000000  0.91404724E-04  0.49388151E-05  0.14298900E-04   863.99999948   -23296.81829793
    7930   15.86000000  0.91307330E-04  0.50958470E-05  0.11824139E-04   863.99999948   -23296.75247136
    7940   15.88000000  0.91113074E-04  0.52103753E-05  0.92311284E-05   863.99999948   -23296.68697054
    7950   15.90000000  0.90863169E-04  0.52804395E-05  0.65536020E-05   863.99999947   -23296.62185366
    7960   15.92000000  0.90596378E-04  0.53041241E-05  0.38278110E-05   863.99999947   -23296.55714945
    7970   15.94000000  0.90345602E-04  0.52796612E-05  0.10908330E-05   863.99999947   -23296.49286044
    7980   15.96000000  0.90135031E-04  0.52055518E-05 -0.16211624E-05   863.99999947   -23296.42896837
    7990   15.98000000  0.89978086E-04  0.50806942E-05 -0.42745069E-05   863.99999947   -23296.36544140
    8000   16.00000000  0.89876329E-04  0.49045106E-05 -0.68393254E-05   863.99999947   -23296.30224228
    8010   16.02000000  0.89819438E-04  0.46770628E-05 -0.92903986E-05   863.99999947   -23296.23933684
    8020   16.04000000  0.89786250E-04  0.43991450E-05 -0.11607523E-04   863.99999947   -23296.17670199
    8030   16.06000000  0.89746783E-04  0.40723464E-05 -0.13775344E-04   863.99999947   -23296.11433256
    8040   16.08000000  0.89665077E-04  0.36990794E-05 -0.15782717E-04   863.99999946   -23296.05224625
    8050   16.10000000  0.89502589E-04  0.32825663E-05 -0.17621673E-04   863.99999946   -23295.99048639
    8060   16.12000000  0.89221872E-04  0.28267861E-05 -0.19286140E-04   863.99999946   -23295.92912215
    8070   16.14000000  0.88790210E-04  0.23363846E-05 -0.20770589E-04   863.99999946   -23295.86824620
    8080   16.16000000  0.88182911E-04  0.18165496E-05 -0.22068750E-04   863.99999946   -23295.80797004
    8090   16.18000000  0.87385985E-04  0.12728651E-05 -0.23172590E-04   863.99999946   -23295.74841730
    8100   16.20000000  0.86397981E-04  0.71115205E-06 -0.24071661E-04   863.99999946   -23295.68971562
    8110   16.22000000  0.85230870E-04  0.13730981E-06 -0.24752916E-04   863.99999946   -23295.63198781
    8120   16.24000000  0.83909886E-04 -0.44283003E-06 -0.25201025E-04   863.99999945   -23295.57534287
    8130   16.26000000  0.82472377E-04 -0.10236269E-05 -0.25399189E-04   863.99999945   -23295.51986761
    8140   16.28000000  0.80965771E-04 -0.15997201E-05 -0.25330365E-04   863.99999945   -23295.46561953
    8150   16.30000000  0.79444821E-04 -0.21660813E-05 -0.24978813E-04   863.99999945   -23295.41262151
    8160   16.32000000  0.77968353E-04 -0.27180273E-05 -0.24331812E-04   863.99999945   -23295.36085847
    8170   16.34000000  0.76595767E-04 -0.32511971E-05 -0.23381388E-04   863.99999945   -23295.31027646
    8180   16.36000000  0.75383531E-04 -0.37615004E-05 -0.22125903E-04   863.99999945   -23295.26078407
    8190   16.38000000  0.74381907E-04 -0.42450497E-05 -0.20571348E-04   863.99999945   -23295.21225603
    8200   16.40000000  0.73632116E-04 -0.46980854E-05 -0.18732225E-04   863.99999945   -23295.16453871
    8210   16.42000000  0.73164096E-04 -0.51169087E-05 -0.16631932E-04   863.99999944   -23295.11745728
    8220   16.44000000  0.72994960E-04 -0.54978379E-05 -0.14302599E-04   863.99999944   -23295.07082385
    8230   16.46000000  0.73128220E-04 -0.58371929E-05 -0.11784380E-04   863.99999944   -23295.02444624
    8240   16.48000000  0.73553783E-04 -0.61313222E-05 -0.91242383E-05   863.99999944   -23294.97813680
    8250   16.50000000  0.74248680E-04 -0.63766690E-05 -0.63742883E-05   863.99999944   -23294.93172082
    8260   16.52000000  0.75178443E-04 -0.65698805E-05 -0.35898177E-05   863.99999944   -23294.88504406
    8270   16.54000000  0.76299048E-04 -0.67079489E-05 -0.82709576E-06   863.99999944   -23294.83797905
    8280   16.56000000  0.77559263E-04 -0.67883750E-05  0.18588912E-05   863.99999944   -23294.79042994
    8290   16.58000000  0.78903290E-04 -0.68093413E-05  0.44166424E-05   863.99999944   -23294.74233552
    8300   16.60000000  0.80273520E-04 -0.67698740E-05  0.68001573E-05   863.99999943   -23294.69367067
    8310   16.62000000  0.81613267E-04 -0.66699804E-05  0.89706501E-05   863.99999943   -23294.64444584
    8320   16.64000000  0.82869322E-04 -0.65107444E-05  0.10897872E-04   863.99999943   -23294.59470510
    8330   16.66000000  0.83994213E-04 -0.62943719E-05  0.12560978E-04   863.99999943   -23294.54452255
    8340   16.68000000  0.84948036E-04 -0.60241783E-05  0.13948900E-04   863.99999943   -23294.49399776
    8350   16.70000000  0.85699802E-04 -0.57045174E-05  0.15060218E-04   863.99999943   -23294.44325016
    8360   16.72000000  0.86228235E-04 -0.53406572E-05  0.15902546E-04   863.99999943   -23294.39241306
    8370   16.74000000  0.86522023E-04 -0.49386133E-05  0.16491488E-04   863.99999943   -23294.34162742
    8380   16.76000000  0.86579551E-04 -0.45049489E-05  0.16849218E-04   863.99999942   -23294.29103583
    8390   16.78000000  0.86408164E-04 -0.40465597E-05  0.17002784E-04   863.99999942   -23294.24077690
    8400   16.80000000  0.86023062E-04 -0.35704529E-05  0.16982225E-04   863.99999942   -23294.19098042
    8410   16.82000000  0.85445926E-04 -0.30835366E-05  0.16818601E-04   863.99999942   -23294.14176326
    8420   16.84000000  0.84703377E-04 -0.25924263E-05  0.16542062E-04   863.99999942   -23294.09322636
    8430   16.86000000  0.83825380E-04 -0.21032802E-05  0.16180028E-04   863.99999942   -23294.04545263
    8440   16.88000000  0.82843691E-04 -0.16216653E-05  0.15755612E-04   863.99999942   -23293.99850589
    8450   16.90000000  0.81790409E-04 -0.11524610E-05  0.15286349E-04   863.99999942   -23293.95243063
    8460   16.92000000  0.80696703E-04 -0.69980033E-06  0.14783310E-04   863.99999941   -23293.90725262
    8470   16.94000000  0.79591748E-04 -0.26704969E-06  0.14250658E-04   863.99999941   -23293.86298016
    8480   16.96000000  0.78501885E-04  0.14317261E-06  0.13685686E-04   863.99999941   -23293.81960583
    8490   16.98000000  0.77450003E-04  0.52894169E-06  0.13079328E-04   863.99999941   -23293.77710860
    8500   17.00000000  0.76455152E-04  0.88893989E-06  0.12417143E-04   863.99999941   -23293.73545618
    8510   17.02000000  0.75532349E-04  0.12223423E-05  0.11680705E-04   863.99999941   -23293.69460748
    8520   17.04000000  0.74692566E-04  0.15286808E-05  0.10849338E-04   863.99999941   -23293.65451500
    8530   17.06000000  0.73942872E-04  0.18076957E-05  0.99020776E-05   863.99999941   -23293.61512715
    8540   17.08000000  0.73286700E-04  0.20591851E-05  0.88197397E-05   863.99999941   -23293.57639044
    8550   17.10000000  0.72724217E-04  0.22828603E-05  0.75869708E-05   863.99999940   -23293.53825135
    8560   17.12000000  0.72252772E-04  0.24782197E-05  0.61941291E-05   863.99999940   -23293.50065796
    8570   17.14000000  0.71867410E-04  0.26444514E-05  0.46388762E-05   863.99999940   -23293.46356129
    8580   17.16000000  0.71561417E-04  0.27803739E-05  0.29273621E-05   863.99999940   -23293.42691627
    8590   17.18000000  0.71326887E-04  0.28844225E-05  0.10749102E-05   863.99999940   -23293.39068247
    8600   17.20000000  0.71155283E-04  0.29546874E-05 -0.89385293E-06   863.99999940   -23293.35482441
    8610   17.22000000  0.71037968E-04  0.29890024E-05 -0.29454571E-05   863.99999940   -23293.31931166
    8620   17.24000000  0.70966672E-04  0.29850839E-05 -0.50386223E-05   863.99999940   -23293.28411868
    8630   17.26000000  0.70933872E-04  0.29407104E-05 -0.71258264E-05   863.99999939   -23293.24922436
    8640   17.28000000  0.70933063E-04  0.28539326E-05 -0.91553192E-05   863.99999939   -23293.21461153
    8650   17.30000000  0.70958905E-04  0.27232961E-05 -0.11073476E-04   863.99999939   -23293.18026631
    8660   17.32000000  0.71007235E-04  0.25480584E-05 -0.12827343E-04   863.99999939   -23293.14617742
    8670   17.34000000  0.71074967E-04  0.23283817E-05 -0.14367233E-04   863.99999939   -23293.11233562
    8680   17.36000000  0.71159884E-04  0.20654810E-05 -0.15649196E-04   863.99999939   -23293.07873315
    8690   17.38000000  0.71260359E-04  0.17617146E-05 -0.16637232E-04   863.99999939   -23293.04536334
    8700   17.40000000  0.71375023E-04  0.14206040E-05 -0.17305098E-04   863.99999939   -23293.01222039
    8710   17.42000000  0.71502417E-04  0.10467817E-05 -0.17637618E-04   863.99999938   -23292.97929929
    8720   17.44000000  0.71640647E-04  0.64586665E-06 -0.17631409E-04   863.99999938   -23292.94659590
    8730   17.46000000  0.71787067E-04  0.22427827E-06 -0.17295014E-04   863.99999938   -23292.91410720
    8740   17.48000000  0.71938002E-04 -0.21099814E-06 -0.16648419E-04   863.99999938   -23292.88183166
    8750   17.50000000  0.72088543E-04 -0.65267644E-06 -0.15722007E-04   863.99999938   -23292.84976966
    8760   17.52000000  0.72232407E-04 -0.10934458E-05 -0.14555008E-04   863.99999938   -23292.81792400
    8770   17.54000000  0.72361917E-04 -0.15262380E-05 -0.13193528E-04   863.99999938   -23292.78630048
    8780   17.56000000  0.72468100E-04 -0.19444660E-05 -0.11688277E-04   863.99999938   -23292.75490830
    8790   17.58000000  0.72540918E-04 -0.23422197E-05 -0.10092103E-04   863.99999937   -23292.72376052
    8800   17.60000000  0.72569669E-04 -0.27144053E-05 -0.84574757E-05   863.99999937   -23292.69287425
    8810   17.62000000  0.72543521E-04 -0.30568237E-05 -0.68340470E-05   863.99999937   -23292.66227070
    8820   17.64000000  0.72452183E-04 -0.33661845E-05 -0.52664229E-05   863.99999937   -23292.63197492
    8830   17.66000000  0.72286656E-04 -0.36400637E-05 -0.37922676E-05   863.99999937   -23292.60201529
    8840   17.68000000  0.72040009E-04 -0.38768146E-05 -0.24408374E-05   863.99999937   -23292.57242268
    8850   17.70000000  0.71708116E-04 -0.40754475E-05 -0.12320197E-05   863.99999937   -23292.54322935
    8860   17.72000000  0.71290266E-04 -0.42354965E-05 -0.17591845E-06   863.99999937   -23292.51446760
    8870   17.74000000  0.70789581E-04 -0.43568909E-05  0.72700826E-06   863.99999937   -23292.48616832
    8880   17.76000000  0.70213188E-04 -0.44398464E-05  0.14852853E-05   863.99999936   -23292.45835939
    8890   17.78000000  0.69572125E-04 -0.44847847E-05  0.21152864E-05   863.99999936   -23292.43106428
    8900   17.80000000  0.68880951E-04 -0.44922898E-05  0.26397075E-05   863.99999936   -23292.40430065
    8910   17.82000000  0.68157113E-04 -0.44630948E-05  0.30857402E-05   863.99999936   -23292.37807940
    8920   17.84000000  0.67420094E-04 -0.43980920E-05  0.34830456E-05   863.99999936   -23292.35240390
    8930   17.86000000  0.66690420E-04 -0.42983583E-05  0.38616343E-05   863.99999936   -23292.32726971
    8940   17.88000000  0.65988574E-04 -0.41651821E-05  0.42497567E-05   863.99999936   -23292.30266471
    8950   17.90000000  0.65333922E-04 -0.40000830E-05  0.46719085E-05   863.99999936   -23292.27856958
    8960   17.92000000  0.64743681E-04 -0.38048198E-05  0.51470514E-05   863.99999935   -23292.25495870
    8970   17.94000000  0.64232023E-04 -0.35813850E-05  0.56871474E-05   863.99999935   -23292.23180141
    8980   17.96000000  0.63809347E-04 -0.33319919E-05  0.62960955E-05   863.99999935   -23292.20906337
    8990   17.98000000  0.63481772E-04 -0.30590605E-05  0.69691460E-05   863.99999935   -23292.18670824
    9000   18.00000000  0.63250873E-04 -0.27652120E-05  0.76928485E-05   863.99999935   -23292.16469932
    9010   18.02000000  0.63113693E-04 -0.24532748E-05  0.84455565E-05   863.99999935   -23292.14300117
    9020   18.04000000  0.63063002E-04 -0.21263075E-05  0.91984806E-05   863.99999935   -23292.12158110
    9030   18.06000000  0.63087819E-04 -0.17876312E-05  0.99172371E-05   863.99999935   -23292.10041046
    9040   18.08000000  0.63174133E-04 -0.14408657E-05  0.10563806E-04   863.99999934   -23292.07946567
    9050   18.10000000  0.63305793E-04 -0.10899532E-05  0.11098775E-04   863.99999934   -23292.05872884
    9060   18.12000000  0.63465486E-04 -0.73915541E-06  0.11483715E-04   863.99999934   -23292.03818812
    9070   18.14000000  0.63635750E-04 -0.39301712E-06  0.11683541E-04   863.99999934   -23292.01783769
    9080   18.16000000  0.63799947E-04 -0.56285357E-07  0.11668690E-04   863.99999934   -23291.99767735
    9090   18.18000000  0.63943132E-04  0.26620973E-06  0.11416978E-04   863.99999934   -23291.97771189
    9100   18.20000000  0.64052770E-04  0.56970525E-06  0.10915033E-04   863.99999934   -23291.95795025
    9110   18.22000000  0.64119260E-04  0.84967089E-06  0.10159212E-04   863.99999934   -23291.93840446
    9120   18.24000000  0.64136242E-04  0.11019694E-05  0.91559824E-05   863.99999933   -23291.91908854
    9130   18.26000000  0.64100667E-04  0.13229958E-05  0.79217505E-05   863.99999933   -23291.90001742
    9140   18.28000000  0.64012644E-04  0.15097801E-05  0.64821962E-05   863.99999933   -23291.88120587
    9150   18.30000000  0.63875064E-04  0.16600472E-05  0.48711624E-05   863.99999933   -23291.86266768
    9160   18.32000000  0.63693048E-04  0.17722358E-05  0.31291936E-05   863.99999933   -23291.84441485
    9170   18.34000000  0.63473260E-04  0.18454815E-05  0.13018129E-05   863.99999933   -23291.82645722
    9180   18.36000000  0.63223136E-04  0.18795796E-05 -0.56236222E-06   863.99999933   -23291.80880213
    9190   18.38000000  0.62950111E-04  0.18749372E-05 -0.24135783E-05   863.99999933   -23291.79145449
    9200   18.40000000  0.62660901E-04  0.18325310E-05 -0.42028953E-05   863.99999932   -23291.77441695
    9210   18.42000000  0.62360905E-04  0.17538752E-05 -0.58840579E-05   863.99999932   -23291.75769026
    9220   18.44000000  0.62053784E-04  0.16410006E-05 -0.74152273E-05   863.99999932   -23291.74127381
    9230   18.46000000  0.61741223E-04  0.14964394E-05 -0.87605179E-05   863.99999932   -23291.72516615
    9240   18.48000000  0.61422910E-04  0.13232045E-05 -0.98912848E-05   863.99999932   -23291.70936556
    9250   18.50000000  0.61096702E-04  0.11247489E-05 -0.10787110E-04   863.99999932   -23291.69387053
    9260   18.52000000  0.60758952E-04  0.90489567E-06 -0.11436439E-04   863.99999932   -23291.67868021
    9270   18.54000000  0.60404976E-04  0.66772930E-06 -0.11836816E-04   863.99999931   -23291.66379464
    9280   18.56000000  0.60029600E-04  0.41745204E-06 -0.11994698E-04   863.99999931   -23291.64921492
    9290   18.58000000  0.59627774E-04  0.15821480E-06 -0.11924818E-04   863.99999931   -23291.63494316
    9300   18.60000000  0.59195205E-04 -0.10605512E-06 -0.11649138E-04   863.99999931   -23291.62098234
    9310   18.62000000  0.58728978E-04 -0.37180780E-06 -0.11195424E-04   863.99999931   -23291.60733599
    9320   18.64000000  0.58228131E-04 -0.63598102E-06 -0.10595546E-04   863.99999931   -23291.59400778
    9330   18.66000000  0.57694146E-04 -0.89604757E-06 -0.98835959E-05   863.99999931   -23291.58100098
    9340   18.68000000  0.57131306E-04 -0.11499920E-05 -0.90939860E-05   863.99999931   -23291.56831793
    9350   18.70000000  0.56546873E-04 -0.13962211E-05 -0.82596280E-05   863.99999930   -23291.55595941
    9360   18.72000000  0.55951058E-04 -0.16334252E-05 -0.74103401E-05   863.99999930   -23291.54392411
    9370   18.74000000  0.55356732E-04 -0.18604169E-05 -0.65715663E-05   863.99999930   -23291.53220815
    9380   18.76000000  0.54778904E-04 -0.20759773E-05 -0.57634729E-05   863.99999930   -23291.52080474
    9390   18.78000000  0.54233958E-04 -0.22787396E-05 -0.50004437E-05   863.99999930   -23291.50970399
    9400   18.80000000  0.53738713E-04 -0.24671295E-05 -0.42909649E-05   863.99999930   -23291.49889293
    9410   18.82000000  0.53309374E-04 -0.26393706E-05 -0.36378609E-05   863.99999930   -23291.48835574
    9420   18.84000000  0.52960454E-04 -0.27935544E-05 -0.30388271E-05   863.99999930   -23291.47807418
    9430   18.86000000  0.52703764E-04 -0.29277547E-05 -0.24871980E-05   863.99999929   -23291.46802821
    9440   18.88000000  0.52547556E-04 -0.30401677E-05 -0.19728921E-05   863.99999929   -23291.45819673
    9450   18.90000000  0.52495878E-04 -0.31292532E-05 -0.14834783E-05   863.99999929   -23291.44855841
    9460   18.92000000  0.52548195E-04 -0.31938524E-05 -0.10053149E-05   863.99999929   -23291.43909257
    9470   18.94000000  0.52699290E-04 -0.32332698E-05 -0.52471259E-06   863.99999929   -23291.42977999
    9480   18.96000000  0.52939440E-04 -0.32473102E-05 -0.29074330E-07   863.99999929   -23291.42060371
    9490   18.98000000  0.53254841E-04 -0.32362712E-05  0.49204057E-06   863.99999929   -23291.41154962
    9500   19.00000000  0.53628244E-04 -0.32008997E-05  0.10459861E-05   863.99999929   -23291.40260696
    9510   19.02000000  0.54039758E-04 -0.31423211E-05  0.16362884E-05   863.99999928   -23291.39376863
    9520   19.04000000  0.54467756E-04 -0.30619525E-05  0.22621461E-05   863.99999928   -23291.38503130
    9530   19.06000000  0.54889858E-04 -0.29614110E-05  0.29182103E-05   863.99999928   -23291.37639532
    9540   19.08000000  0.55283910E-04 -0.28424198E-05  0.35946669E-05   863.99999928   -23291.36786455
    9550   19.10000000  0.55628942E-04 -0.27067213E-05  0.42776164E-05   863.99999928   -23291.35944593
    9560   19.12000000  0.55906048E-04 -0.25559955E-05  0.49497294E-05   863.99999928   -23291.35114902
    9570   19.14000000  0.56099147E-04 -0.23917893E-05  0.55911281E-05   863.99999928   -23291.34298539
    9580   19.16000000  0.56195596E-04 -0.22154569E-05  0.61804348E-05   863.99999928   -23291.33496795
    9590   19.18000000  0.56186632E-04 -0.20281201E-05  0.66959167E-05   863.99999927   -23291.32711034
    9600   19.20000000  0.56067623E-04 -0.18306524E-05  0.71166559E-05   863.99999927   -23291.31942622
    9610   19.22000000  0.55838123E-04 -0.16236966E-05  0.74236754E-05   863.99999927   -23291.31192864
    9620   19.24000000  0.55501738E-04 -0.14077190E-05  0.76009623E-05   863.99999927   -23291.30462951
    9630   19.26000000  0.55065825E-04 -0.11831058E-05  0.76363345E-05   863.99999927   -23291.29753912
    9640   19.28000000  0.54541042E-04 -0.95029483E-06  0.75221139E-05   863.99999927   -23291.29066576
    9650   19.30000000  0.53940788E-04 -0.70993481E-06  0.72555754E-05   863.99999927   -23291.28401548
    9660   19.32000000  0.53280558E-04 -0.46305637E-06  0.68391555E-05   863.99999927   -23291.27759192
    9670   19.34000000  0.52577258E-04 -0.21123266E-06  0.62804147E-05   863.99999926   -23291.27139630
    9680   19.36000000  0.51848498E-04  0.43293669E-07  0.55917597E-05   863.99999926   -23291.26542746
    9690   19.38000000  0.51111906E-04  0.29753745E-06  0.47899468E-05   863.99999926   -23291.25968204
    9700   19.40000000  0.50384477E-04  0.54777027E-06  0.38953913E-05   863.99999926   -23291.25415469
    9710   19.42000000  0.49681985E-04  0.78959881E-06  0.29313277E-05   863.99999926   -23291.24883832
    9720   19.44000000  0.49018474E-04  0.10181233E-05  0.19228609E-05   863.99999926   -23291.24372452
    9730   19.46000000  0.48405838E-04  0.12281611E-05  0.89596058E-06   863.99999926   -23291.23880381
    9740   19.48000000  0.47853507E-04  0.14145192E-05 -0.12355368E-06   863.99999925   -23291.23406603
    9750   19.50000000  0.47368240E-04  0.15722861E-05 -0.11109887E-05   863.99999925   -23291.22950074
    9760   19.52000000  0.46954029E-04  0.16971180E-05 -0.20436726E-05   863.99999925   -23291.22509746
    9770   19.54000000  0.46612106E-04  0.17854898E-05 -0.29017331E-05   863.99999925   -23291.22084602
    9780   19.56000000  0.46341058E-04  0.18348932E-05 -0.36687249E-05   863.99999925   -23291.21673683
    9790   19.58000000  0.46137030E-04  0.18439640E-05 -0.43320855E-05   863.99999925   -23291.21276103
    9800   19.60000000  0.45994006E-04  0.18125355E-05 -0.48833997E-05   863.99999925   -23291.20891070
    9810   19.62000000  0.45904159E-04  0.17416187E-05 -0.53184642E-05   863.99999925   -23291.20517894
    9820   19.64000000  0.45858249E-04  0.16333184E-05 -0.56371514E-05   863.99999924   -23291.20155991
    9830   19.66000000  0.45846058E-04  0.14906976E-05 -0.58430831E-05   863.99999924   -23291.19804889
    9840   19.68000000  0.45856836E-04  0.13176052E-05 -0.59431363E-05   863.99999924   -23291.19464218
    9850   19.70000000  0.45879767E-04  0.11184835E-05 -0.59468133E-05   863.99999924   -23291.19133706
    9860   19.72000000  0.45904412E-04  0.89817059E-06 -0.58655232E-05   863.99999924   -23291.18813165
    9870   19.74000000  0.45921130E-04  0.66170859E-06 -0.57118232E-05   863.99999924   -23291.18502481
    9880   19.76000000  0.45921468E-04  0.41416810E-06 -0.54986801E-05   863.99999924   -23291.18201596
    9890   19.78000000  0.45898485E-04  0.16049418E-06 -0.52388004E-05   863.99999924   -23291.17910495
    9900   19.80000000  0.45847015E-04 -0.94623322E-07 -0.49440754E-05   863.99999923   -23291.17629184
    9910   19.82000000  0.45763834E-04 -0.34685473E-06 -0.46251733E-05   863.99999923   -23291.17357682
    9920   19.84000000  0.45647736E-04 -0.59231228E-06 -0.42912891E-05   863.99999923   -23291.17095999
    9930   19.86000000  0.45499496E-04 -0.82761128E-06 -0.39500491E-05   863.99999923   -23291.16844129
    9940   19.88000000  0.45321726E-04 -0.10499142E-05 -0.36075463E-05   863.99999923   -23291.16602037
    9950   19.90000000  0.45118630E-04 -0.12569564E-05 -0.32684726E-05   863.99999923   -23291.16369654
    9960   19.92000000  0.44895672E-04 -0.14470552E-05 -0.29363045E-05   863.99999923   -23291.16146873
    9970   19.94000000  0.44659190E-04 -0.16191007E-05 -0.26135021E-05   863.99999923   -23291.15933545
    9980   19.96000000  0.44415981E-04 -0.17725266E-05 -0.23016861E-05   863.99999922   -23291.15729484
    9990   19.98000000  0.44172894E-04 -0.19072583E-05 -0.20017691E-05   863.99999922   -23291.15534471
   10000   20.00000000  0.43936453E-04 -0.20236415E-05 -0.17140351E-05   863.99999922   -23291.15348256
   10010   20.02000000  0.43712537E-04 -0.21223503E-05 -0.14381749E-05   863.99999922   -23291.15170568
   10020   20.04000000  0.43506125E-04 -0.22042839E-05 -0.11732998E-05   863.99999922   -23291.15001124
   10030   20.06000000  0.43321102E-04 -0.22704591E-05 -0.91796041E-06   863.99999922   -23291.14839629
   10040   20.08000000  0.43160122E-04 -0.23219060E-05 -0.67020214E-06   863.99999922   -23291.14685790
   10050   20.10000000  0.43024524E-04 -0.23595790E-05 -0.42768125E-06   863.99999922   -23291.14539319
   10060   20.12000000  0.42914275E-04 -0.23842900E-05 -0.18785243E-06   863.99999921   -23291.14399937
   10070   20.14000000  0.42827968E-04 -0.23966682E-05  0.51775581E-07   863.99999921   -23291.14267382
   10080   20.16000000  0.42762852E-04 -0.23971480E-05  0.29333546E-06   863.99999921   -23291.14141407
   10090   20.18000000  0.42714926E-04 -0.23859813E-05  0.53828430E-06   863.99999921   -23291.14021786
   10100   20.20000000  0.42679097E-04 -0.23632713E-05  0.78711344E-06   863.99999921   -23291.13908313
   10110   20.22000000  0.42649414E-04 -0.23290166E-05  0.10391306E-05   863.99999921   -23291.13800803
   10120   20.24000000  0.42619378E-04 -0.22831615E-05  0.12923487E-05   863.99999921   -23291.13699086
   10130   20.26000000  0.42582310E-04 -0.22256410E-05  0.15435038E-05   863.99999920   -23291.13603013
   10140   20.28000000  0.42531752E-04 -0.21564164E-05  0.17882036E-05   863.99999920   -23291.13512442
   10150   20.30000000  0.42461880E-04 -0.20754993E-05  0.20211905E-05   863.99999920   -23291.13427245
   10160   20.32000000  0.42367867E-04 -0.19829620E-05  0.22366850E-05   863.99999920   -23291.13347295
   10170   20.34000000  0.42246191E-04 -0.18789386E-05  0.24287672E-05   863.99999920   -23291.13272466
   10180   20.36000000  0.42094841E-04 -0.17636215E-05  0.25917477E-05   863.99999920   -23291.13202629
   10190   20.38000000  0.41913417E-04 -0.16372605E-05  0.27204891E-05   863.99999920   -23291.13137648
   10200   20.40000000  0.41703127E-04 -0.15001723E-05  0.28106492E-05   863.99999920   -23291.13077379
   10210   20.42000000  0.41466683E-04 -0.13527664E-05  0.28588344E-05   863.99999919   -23291.13021666
   10220   20.44000000  0.41208135E-04 -0.11955912E-05  0.28626698E-05   863.99999919   -23291.12970344
   10230   20.46000000  0.40932638E-04 -0.10293983E-05  0.28208036E-05   863.99999919   -23291.12923237
   10240   20.48000000  0.40646204E-04 -0.85521997E-06  0.27328690E-05   863.99999919   -23291.12880162
   10250   20.50000000  0.40355436E-04 -0.67445006E-06  0.25994365E-05   863.99999919   -23291.12840927
   10260   20.52000000  0.40067256E-04 -0.48891452E-06  0.24219726E-05   863.99999919   -23291.12805334
   10270   20.54000000  0.39788640E-04 -0.30091797E-06  0.22028211E-05   863.99999919   -23291.12773184
   10280   20.56000000  0.39526347E-04 -0.11325206E-06  0.19452064E-05   863.99999919   -23291.12744275
   10290   20.58000000  0.39286649E-04  0.70841362E-07  0.16532505E-05   863.99999918   -23291.12718408
   10300   20.60000000  0.39075068E-04  0.24775846E-06  0.13319874E-05   863.99999918   -23291.12695385
   10310   20.62000000  0.38896123E-04  0.41366901E-06  0.98735609E-06   863.99999918   -23291.12675017
   10320   20.64000000  0.38753110E-04  0.56469344E-06  0.62615206E-06   863.99999918   -23291.12657115
   10330   20.66000000  0.38647928E-04  0.69710614E-06  0.25592252E-06   863.99999918   -23291.12641503
   10340   20.68000000  0.38580975E-04  0.80755040E-06 -0.11520376E-06   863.99999918   -23291.12628008
   10350   20.70000000  0.38551116E-04  0.89324615E-06 -0.47875318E-06   863.99999918   -23291.12616466
   10360   20.72000000  0.38555732E-04  0.95217177E-06 -0.82620666E-06   863.99999918   -23291.12606718
   10370   20.74000000  0.38590835E-04  0.98320478E-06 -0.11493467E-05   863.99999917   -23291.12598613
   10380   20.76000000  0.38651225E-04  0.98620652E-06 -0.14406306E-05   863.99999917   -23291.12592003
   10390   20.78000000  0.38730690E-04  0.96204126E-06 -0.16935673E-05   863.99999917   -23291.12586744
   10400   20.80000000  0.38822201E-04  0.91252756E-06 -0.19030591E-05   863.99999917   -23291.12582693
   10410   20.82000000  0.38918121E-04  0.84032135E-06 -0.20656843E-05   863.99999917   -23291.12579710
   10420   20.84000000  0.39010414E-04  0.74874379E-06 -0.21798853E-05   863.99999917   -23291.12577654
   10430   20.86000000  0.39090856E-04  0.64156448E-06 -0.22460442E-05   863.99999917   -23291.12576382
   10440   20.88000000  0.39151287E-04  0.52276458E-06 -0.22664326E-05   863.99999917   -23291.12575752
   10450   20.90000000  0.39183877E-04  0.39629831E-06 -0.22450403E-05   863.99999916   -23291.12575617
   10460   20.92000000  0.39181436E-04  0.26587782E-06 -0.21873015E-05   863.99999916   -23291.12575832
   10470   20.94000000  0.39137735E-04  0.13479658E-06 -0.20997440E-05   863.99999916   -23291.12576249
   10480   20.96000000  0.39047829E-04  0.58055918E-08 -0.19895991E-05   863.99999916   -23291.12576719
   10490   20.98000000  0.38908344E-04 -0.11895520E-06 -0.18644034E-05   863.99999916   -23291.12577095
   10500   21.00000000  0.38717704E-04 -0.23797312E-06 -0.17316193E-05   863.99999916   -23291.12577230
   10510   21.02000000  0.38474324E-04 -0.35033493E-06 -0.15982948E-05   863.99999916   -23291.12577180
   10520   21.04000000  0.38178056E-04 -0.45566718E-06 -0.14707663E-05   863.99999915   -23291.12577128
   10530   21.06000000  0.37832391E-04 -0.55405476E-06 -0.13544073E-05   863.99999915   -23291.12577077
   10540   21.08000000  0.37442743E-04 -0.64595015E-06 -0.12534168E-05   863.99999915   -23291.12577027
   10550   21.10000000  0.37016331E-04 -0.73207562E-06 -0.11706484E-05   863.99999915   -23291.12576977
   10560   21.12000000  0.36561925E-04 -0.81331951E-06 -0.11074868E-05   863.99999915   -23291.12576927
   10570   21.14000000  0.36089474E-04 -0.89062707E-06 -0.10637828E-05   863.99999915   -23291.12576878
   10580   21.16000000  0.35609744E-04 -0.96488620E-06 -0.10378614E-05   863.99999915   -23291.12576829
   10590   21.18000000  0.35133881E-04 -0.10368089E-05 -0.10266198E-05   863.99999915   -23291.12576779
   10600   21.20000000  0.34672931E-04 -0.11068144E-05 -0.10257193E-05   863.99999914   -23291.12576729
   10610   21.22000000  0.34237384E-04 -0.11749231E-05 -0.10298734E-05   863.99999914   -23291.12576679
   10620   21.24000000  0.33836713E-04 -0.12406750E-05 -0.10332127E-05   863.99999914   -23291.12576629
   10630   21.26000000  0.33478925E-04 -0.13030844E-05 -0.10297017E-05   863.99999914   -23291.12576578
   10640   21.28000000  0.33170186E-04 -0.13606429E-05 -0.10135725E-05   863.99999914   -23291.12576527
   10650   21.30000000  0.32914534E-04 -0.14113779E-05 -0.97974219E-06   863.99999914   -23291.12576476
   10660   21.32000000  0.32713696E-04 -0.14529623E-05 -0.92418072E-06   863.99999914   -23291.12576424
   10670   21.34000000  0.32567019E-04 -0.14828722E-05 -0.84420569E-06   863.99999914   -23291.12576373
   10680   21.36000000  0.32471522E-04 -0.14985768E-05 -0.73868361E-06   863.99999913   -23291.12576322
   10690   21.38000000  0.32422056E-04 -0.14977452E-05 -0.60812708E-06   863.99999913   -23291.12576271
   10700   21.40000000  0.32411550E-04 -0.14784530E-05 -0.45468397E-06   863.99999913   -23291.12576220
   10710   21.42000000  0.32431331E-04 -0.14393679E-05 -0.28201776E-06   863.99999913   -23291.12576170
   10720   21.44000000  0.32471548E-04 -0.13799048E-05 -0.95085736E-07   863.99999913   -23291.12576120
   10730   21.46000000  0.32521659E-04 -0.13003364E-05  0.10017430E-06   863.99999913   -23291.12576071
   10740   21.48000000  0.32570961E-04 -0.12018531E-05  0.29722800E-06   863.99999913   -23291.12576023
   10750   21.50000000  0.32609168E-04 -0.10865673E-05  0.48937333E-06   863.99999913   -23291.12575975
   10760   21.52000000  0.32626988E-04 -0.95746159E-06  0.67018065E-06   863.99999912   -23291.12575928
   10770   21.54000000  0.32616679E-04 -0.81828000E-06  0.83390695E-06   863.99999912   -23291.12575881
   10780   21.56000000  0.32572518E-04 -0.67336396E-06  0.97584801E-06   863.99999912   -23291.12575834
   10790   21.58000000  0.32491145E-04 -0.52744137E-06  0.10925989E-05   863.99999912   -23291.12575787
   10800   21.60000000  0.32371743E-04 -0.38537826E-06  0.11821994E-05   863.99999912   -23291.12575738
   10810   21.62000000  0.32216031E-04 -0.25190831E-06  0.12441558E-05   863.99999912   -23291.12575689
   10820   21.64000000  0.32028071E-04 -0.13136009E-06  0.12793397E-05   863.99999912   -23291.12575639
   10830   21.66000000  0.31813918E-04 -0.27403468E-07  0.12897796E-05   863.99999911   -23291.12575587
   10840   21.68000000  0.31581127E-04  0.57160871E-07  0.12783652E-05   863.99999911   -23291.12575534
   10850   21.70000000  0.31338170E-04  0.12054937E-06  0.12484985E-05   863.99999911   -23291.12575481
   10860   21.72000000  0.31093821E-04  0.16206530E-06  0.12037202E-05   863.99999911   -23291.12575427
   10870   21.74000000  0.30856543E-04  0.18208415E-06  0.11473469E-05   863.99999911   -23291.12575372
   10880   21.76000000  0.30633930E-04  0.18195772E-06  0.10821498E-05   863.99999911   -23291.12575318
   10890   21.78000000  0.30432241E-04  0.16384744E-06  0.10100996E-05   863.99999911   -23291.12575263
   10900   21.80000000  0.30256048E-04  0.13050754E-06  0.93220063E-06   863.99999911   -23291.12575209
   10910   21.82000000  0.30107988E-04  0.85042102E-07  0.84842493E-06   863.99999910   -23291.12575156
   10920   21.84000000  0.29988665E-04  0.30660542E-07  0.75775413E-06   863.99999910   -23291.12575103
   10930   21.86000000  0.29896684E-04 -0.29543496E-07  0.65832604E-06   863.99999910   -23291.12575050
   10940   21.88000000  0.29828812E-04 -0.92772471E-07  0.54767720E-06   863.99999910   -23291.12574998
   10950   21.90000000  0.29780263E-04 -0.15665092E-06  0.42306654E-06   863.99999910   -23291.12574946
   10960   21.92000000  0.29745071E-04 -0.21929244E-06  0.28185429E-06   863.99999910   -23291.12574894
   10970   21.94000000  0.29716544E-04 -0.27930993E-06  0.12190952E-06   863.99999910   -23291.12574841
   10980   21.96000000  0.29687760E-04 -0.33577665E-06 -0.57987401E-07   863.99999910   -23291.12574788
   10990   21.98000000  0.29652064E-04 -0.38815045E-06 -0.25778621E-06   863.99999909   -23291.12574734
   11000   22.00000000  0.29603533E-04 -0.43617481E-06 -0.47588740E-06   863.99999909   -23291.12574679
   11010   22.02000000  0.29537372E-04 -0.47977157E-06 -0.70897690E-06   863.99999909   -23291.12574624
   11020   22.04000000  0.29450200E-04 -0.51893920E-06 -0.95200139E-06   863.99999909   -23291.12574569
   11030   22.06000000  0.29340219E-04 -0.55366840E-06 -0.11982988E-05   863.99999909   -23291.12574513
   11040   22.08000000  0.29207229E-04 -0.58388215E-06 -0.14398852E-05   863.99999909   -23291.12574458
   11050   22.10000000  0.29052524E-04 -0.60940680E-06 -0.16678827E-05   863.99999909   -23291.12574402
   11060   22.12000000  0.28878664E-04 -0.62997413E-06 -0.18730607E-05   863.99999909   -23291.12574348
   11070   22.14000000  0.28689168E-04 -0.64525438E-06 -0.20464467E-05   863.99999908   -23291.12574293
   11080   22.16000000  0.28488143E-04 -0.65491348E-06 -0.21799587E-05   863.99999908   -23291.12574239
   11090   22.18000000  0.28279922E-04 -0.65868682E-06 -0.22670071E-05   863.99999908   -23291.12574185
   11100   22.20000000  0.28068724E-04 -0.65645672E-06 -0.23030156E-05   863.99999908   -23291.12574130
   11110   22.22000000  0.27858384E-04 -0.64832405E-06 -0.22858191E-05   863.99999908   -23291.12574076
   11120   22.24000000  0.27652159E-04 -0.63465979E-06 -0.22159025E-05   863.99999908   -23291.12574022
   11130   22.26000000  0.27452620E-04 -0.61612750E-06 -0.20964604E-05   863.99999908   -23291.12573967
   11140   22.28000000  0.27261632E-04 -0.59367101E-06 -0.19332686E-05   863.99999907   -23291.12573912
   11150   22.30000000  0.27080404E-04 -0.56846525E-06 -0.17343706E-05   863.99999907   -23291.12573857
   11160   22.32000000  0.26909583E-04 -0.54183380E-06 -0.15096010E-05   863.99999907   -23291.12573802
   11170   22.34000000  0.26749384E-04 -0.51514348E-06 -0.12699723E-05   863.99999907   -23291.12573747
   11180   22.36000000  0.26599716E-04 -0.48968735E-06 -0.10269711E-05   863.99999907   -23291.12573692
   11190   22.38000000  0.26460303E-04 -0.46657219E-06 -0.79180994E-06   863.99999907   -23291.12573638
   11200   22.40000000  0.26330776E-04 -0.44662302E-06 -0.57469269E-06   863.99999907   -23291.12573585
   11210   22.42000000  0.26210737E-04 -0.43031728E-06 -0.38414526E-06   863.99999907   -23291.12573533
   11220   22.44000000  0.26099799E-04 -0.41775674E-06 -0.22646382E-06   863.99999906   -23291.12573481
   11230   22.46000000  0.25997593E-04 -0.40867978E-06 -0.10532065E-06   863.99999906   -23291.12573430
   11240   22.48000000  0.25903765E-04 -0.40251057E-06 -0.21559307E-07   863.99999906   -23291.12573379
   11250   22.50000000  0.25817956E-04 -0.39843962E-06  0.26808472E-07   863.99999906   -23291.12573328
   11260   22.52000000  0.25739784E-04 -0.39552442E-06  0.44401207E-07   863.99999906   -23291.12573276
   11270   22.54000000  0.25668820E-04 -0.39279543E-06  0.38078334E-07   863.99999906   -23291.12573224
   11280   22.56000000  0.25604580E-04 -0.38935561E-06  0.16390919E-07   863.99999906   -23291.12573172
   11290   22.58000000  0.25546509E-04 -0.38445994E-06 -0.11086074E-07   863.99999906   -23291.12573119
   11300   22.60000000  0.25493975E-04 -0.37756593E-06 -0.34491250E-07   863.99999905   -23291.12573066
   11310   22.62000000  0.25446255E-04 -0.36834933E-06 -0.44430068E-07   863.99999905   -23291.12573014
   11320   22.64000000  0.25402517E-04 -0.35668593E-06 -0.32687661E-07   863.99999905   -23291.12572961
   11330   22.66000000  0.25361802E-04 -0.34260249E-06  0.71524038E-08   863.99999905   -23291.12572909
   11340   22.68000000  0.25323010E-04 -0.32620967E-06  0.79226620E-07   863.99999905   -23291.12572857
   11350   22.70000000  0.25284878E-04 -0.30762877E-06  0.18508304E-06   863.99999905   -23291.12572805
   11360   22.72000000  0.25245966E-04 -0.28692864E-06  0.32356354E-06   863.99999905   -23291.12572752
   11370   22.74000000  0.25204646E-04 -0.26408512E-06  0.49088078E-06   863.99999905   -23291.12572700
   11380   22.76000000  0.25159113E-04 -0.23897325E-06  0.68087493E-06   863.99999904   -23291.12572647
   11390   22.78000000  0.25107396E-04 -0.21139780E-06  0.88542620E-06   863.99999904   -23291.12572594
   11400   22.80000000  0.25047388E-04 -0.18115697E-06  0.10949818E-05   863.99999904   -23291.12572541
   11410   22.82000000  0.24976903E-04 -0.14812967E-06  0.12991571E-05   863.99999904   -23291.12572489
   11420   22.84000000  0.24893751E-04 -0.11237036E-06  0.14873646E-05   863.99999904   -23291.12572437
   11430   22.86000000  0.24795843E-04 -0.74193428E-07  0.16494322E-05   863.99999904   -23291.12572387
   11440   22.88000000  0.24681317E-04 -0.34225122E-07  0.17761719E-05   863.99999904   -23291.12572337
   11450   22.90000000  0.24548693E-04  0.65863685E-08  0.18598768E-05   863.99999904   -23291.12572288
   11460   22.92000000  0.24397032E-04  0.47011681E-07  0.18947232E-05   863.99999903   -23291.12572239
   11470   22.94000000  0.24226090E-04  0.85629484E-07  0.18770651E-05   863.99999903   -23291.12572189
   11480   22.96000000  0.24036453E-04  0.12095017E-06  0.18056143E-05   863.99999903   -23291.12572139
   11490   22.98000000  0.23829620E-04  0.15155612E-06  0.16815026E-05   863.99999903   -23291.12572087
   11500   23.00000000  0.23608028E-04  0.17623650E-06  0.15082228E-05   863.99999903   -23291.12572034
   11510   23.02000000  0.23374997E-04  0.19409275E-06  0.12914558E-05   863.99999903   -23291.12571981
   11520   23.04000000  0.23134597E-04  0.20459893E-06  0.10387877E-05   863.99999903   -23291.12571927
   11530   23.06000000  0.22891449E-04  0.20760913E-06  0.75933181E-06   863.99999902   -23291.12571873
   11540   23.08000000  0.22650473E-04  0.20331425E-06  0.46327221E-06   863.99999902   -23291.12571820
   11550   23.10000000  0.22416612E-04  0.19215805E-06  0.16135226E-06   863.99999902   -23291.12571768
   11560   23.12000000  0.22194551E-04  0.17473073E-06 -0.13566481E-06   863.99999902   -23291.12571716
   11570   23.14000000  0.21988473E-04  0.15166292E-06 -0.41753432E-06   863.99999902   -23291.12571666
   11580   23.16000000  0.21801851E-04  0.12353921E-06 -0.67503449E-06   863.99999902   -23291.12571616
   11590   23.18000000  0.21637315E-04  0.90844430E-07 -0.90041082E-06   863.99999902   -23291.12571566
   11600   23.20000000  0.21496568E-04  0.53951674E-07 -0.10877317E-05   863.99999902   -23291.12571517
   11610   23.22000000  0.21380374E-04  0.13146219E-07 -0.12331370E-05   863.99999901   -23291.12571467
   11620   23.24000000  0.21288590E-04 -0.31324133E-07 -0.13349630E-05   863.99999901   -23291.12571418
   11630   23.26000000  0.21220246E-04 -0.79190422E-07 -0.13937378E-05   863.99999901   -23291.12571368
   11640   23.28000000  0.21173646E-04 -0.13011041E-06 -0.14120493E-05   863.99999901   -23291.12571319
   11650   23.30000000  0.21146489E-04 -0.18364169E-06 -0.13942950E-05   863.99999901   -23291.12571269
   11660   23.32000000  0.21136005E-04 -0.23924595E-06 -0.13463294E-05   863.99999901   -23291.12571220
   11670   23.34000000  0.21139090E-04 -0.29632584E-06 -0.12750369E-05   863.99999901   -23291.12571171
   11680   23.36000000  0.21152441E-04 -0.35428649E-06 -0.11878558E-05   863.99999901   -23291.12571121
   11690   23.38000000  0.21172694E-04 -0.41260960E-06 -0.10922873E-05   863.99999900   -23291.12571070
   11700   23.40000000  0.21196558E-04 -0.47092172E-06 -0.99541953E-06   863.99999900   -23291.12571019
   11710   23.42000000  0.21220940E-04 -0.52904039E-06 -0.90349955E-06   863.99999900   -23291.12570968
   11720   23.44000000  0.21243061E-04 -0.58698715E-06 -0.82157559E-06   863.99999900   -23291.12570916
   11730   23.46000000  0.21260558E-04 -0.64496059E-06 -0.75323463E-06   863.99999900   -23291.12570864
   11740   23.48000000  0.21271565E-04 -0.70327169E-06 -0.70044626E-06   863.99999900   -23291.12570812
   11750   23.50000000  0.21274765E-04 -0.76224877E-06 -0.66352358E-06   863.99999900   -23291.12570761
   11760   23.52000000  0.21269415E-04 -0.82212539E-06 -0.64120004E-06   863.99999900   -23291.12570710
   11770   23.54000000  0.21255331E-04 -0.88292589E-06 -0.63081725E-06   863.99999899   -23291.12570659
   11780   23.56000000  0.21232841E-04 -0.94436276E-06 -0.62860781E-06   863.99999899   -23291.12570610
   11790   23.58000000  0.21202705E-04 -0.10057611E-05 -0.63005532E-06   863.99999899   -23291.12570560
   11800   23.60000000  0.21166009E-04 -0.10660159E-05 -0.63030272E-06   863.99999899   -23291.12570510
   11810   23.62000000  0.21124044E-04 -0.11235912E-05 -0.62457777E-06   863.99999899   -23291.12570460
   11820   23.64000000  0.21078173E-04 -0.11765612E-05 -0.60860346E-06   863.99999899   -23291.12570410
   11830   23.66000000  0.21029710E-04 -0.12226907E-05 -0.57895630E-06   863.99999899   -23291.12570360
   11840   23.68000000  0.20979800E-04 -0.12595549E-05 -0.53334724E-06   863.99999898   -23291.12570309
   11850   23.70000000  0.20929328E-04 -0.12846847E-05 -0.47079786E-06   863.99999898   -23291.12570257
   11860   23.72000000  0.20878849E-04 -0.12957332E-05 -0.39169930E-06   863.99999898   -23291.12570205
   11870   23.74000000  0.20828537E-04 -0.12906479E-05 -0.29775230E-06   863.99999898   -23291.12570153
   11880   23.76000000  0.20778174E-04 -0.12678355E-05 -0.19179675E-06   863.99999898   -23291.12570100
   11890   23.78000000  0.20727152E-04 -0.12263057E-05 -0.77550026E-07   863.99999898   -23291.12570048
   11900   23.80000000  0.20674511E-04 -0.11657806E-05  0.40715293E-07   863.99999898   -23291.12569995
   11910   23.82000000  0.20618998E-04 -0.10867588E-05  0.15852185E-06   863.99999898   -23291.12569943
   11920   23.84000000  0.20559156E-04 -0.99052872E-06  0.27153258E-06   863.99999897   -23291.12569891
   11930   23.86000000  0.20493430E-04 -0.87912807E-06  0.37585620E-06   863.99999897   -23291.12569840
   11940   23.88000000  0.20420292E-04 -0.75525552E-06  0.46829250E-06   863.99999897   -23291.12569789
   11950   23.90000000  0.20338373E-04 -0.62214043E-06  0.54649996E-06   863.99999897   -23291.12569738
   11960   23.92000000  0.20246605E-04 -0.48338335E-06  0.60908478E-06   863.99999897   -23291.12569689
   11970   23.94000000  0.20144343E-04 -0.34278082E-06  0.65561279E-06   863.99999897   -23291.12569639
   11980   23.96000000  0.20031476E-04 -0.20414603E-06  0.68655934E-06   863.99999897   -23291.12569590
   11990   23.98000000  0.19908500E-04 -0.71137486E-07  0.70320995E-06   863.99999897   -23291.12569541
   12000   24.00000000  0.19776558E-04  0.52895479E-07  0.70753152E-06   863.99999896   -23291.12569492
   12010   24.02000000  0.19637418E-04  0.16504456E-06  0.70202383E-06   863.99999896   -23291.12569442
   12020   24.04000000  0.19493405E-04  0.26294875E-06  0.68956644E-06   863.99999896   -23291.12569392
   12030   24.06000000  0.19347272E-04  0.34487214E-06  0.67326211E-06   863.99999896   -23291.12569342
   12040   24.08000000  0.19202026E-04  0.40975355E-06  0.65628137E-06   863.99999896   -23291.12569291
   12050   24.10000000  0.19060702E-04  0.45722643E-06  0.64170806E-06   863.99999896   -23291.12569240
   12060   24.12000000  0.18926119E-04  0.48760986E-06  0.63238553E-06   863.99999896   -23291.12569188
   12070   24.14000000  0.18800629E-04  0.50186691E-06  0.63076545E-06   863.99999896   -23291.12569137
   12080   24.16000000  0.18685882E-04  0.50153313E-06  0.63876451E-06   863.99999895   -23291.12569086
   12090   24.18000000  0.18582639E-04  0.48861334E-06  0.65763425E-06   863.99999895   -23291.12569036
   12100   24.20000000  0.18490651E-04  0.46545235E-06  0.68785638E-06   863.99999895   -23291.12568986
   12110   24.22000000  0.18408632E-04  0.43458293E-06  0.72907020E-06   863.99999895   -23291.12568936
   12120   24.24000000  0.18334324E-04  0.39856304E-06  0.78004548E-06   863.99999895   -23291.12568887
   12130   24.26000000  0.18264669E-04  0.35981160E-06  0.83870511E-06   863.99999895   -23291.12568839
   12140   24.28000000  0.18196070E-04  0.32045631E-06  0.90220259E-06   863.99999895   -23291.12568790
   12150   24.30000000  0.18124710E-04  0.28220639E-06  0.96704962E-06   863.99999895   -23291.12568741
   12160   24.32000000  0.18046918E-04  0.24626142E-06  0.10292918E-05   863.99999894   -23291.12568692
   12170   24.34000000  0.17959515E-04  0.21326329E-06  0.10847166E-05   863.99999894   -23291.12568643
   12180   24.36000000  0.17860131E-04  0.18329479E-06  0.11290821E-05   863.99999894   -23291.12568594
   12190   24.38000000  0.17747439E-04  0.15592402E-06  0.11583453E-05   863.99999894   -23291.12568544
   12200   24.40000000  0.17621282E-04  0.13028797E-06  0.11688767E-05   863.99999894   -23291.12568495
   12210   24.42000000  0.17482695E-04  0.10520650E-06  0.11576430E-05   863.99999894   -23291.12568446
   12220   24.44000000  0.17333807E-04  0.79316537E-07  0.11223490E-05   863.99999894   -23291.12568397
   12230   24.46000000  0.17177641E-04  0.51214354E-07  0.10615348E-05   863.99999893   -23291.12568348
   12240   24.48000000  0.17017855E-04  0.19594113E-07  0.97462528E-06   863.99999893   -23291.12568299
   12250   24.50000000  0.16858427E-04 -0.16627557E-07  0.86194256E-06   863.99999893   -23291.12568250
   12260   24.52000000  0.16703348E-04 -0.58208055E-07  0.72468568E-06   863.99999893   -23291.12568200
   12270   24.54000000  0.16556337E-04 -0.10550369E-06  0.56489061E-06   863.99999893   -23291.12568150
   12280   24.56000000  0.16420606E-04 -0.15842544E-06  0.38537582E-06   863.99999893   -23291.12568100
   12290   24.58000000  0.16298704E-04 -0.21642827E-06  0.18967763E-06   863.99999893   -23291.12568050
   12300   24.60000000  0.16192428E-04 -0.27853066E-06 -0.18026263E-07   863.99999893   -23291.12568000
   12310   24.62000000  0.16102808E-04 -0.34336001E-06 -0.23300839E-06   863.99999892   -23291.12567951
   12320   24.64000000  0.16030154E-04 -0.40921894E-06 -0.45010683E-06   863.99999892   -23291.12567902
   12330   24.66000000  0.15974148E-04 -0.47416206E-06 -0.66386799E-06   863.99999892   -23291.12567853
   12340   24.68000000  0.15933965E-04 -0.53608198E-06 -0.86872139E-06   863.99999892   -23291.12567804
   12350   24.70000000  0.15908402E-04 -0.59279351E-06 -0.10591838E-05   863.99999892   -23291.12567755
   12360   24.72000000  0.15896005E-04 -0.64211588E-06 -0.12300832E-05   863.99999892   -23291.12567705
   12370   24.74000000  0.15895183E-04 -0.68195273E-06 -0.13767932E-05   863.99999892   -23291.12567655
   12380   24.76000000  0.15904303E-04 -0.71036728E-06 -0.14954579E-05   863.99999892   -23291.12567604
   12390   24.78000000  0.15921752E-04 -0.72566006E-06 -0.15831933E-05   863.99999891   -23291.12567552
   12400   24.80000000  0.15945981E-04 -0.72644548E-06 -0.16382444E-05   863.99999891   -23291.12567501
   12410   24.82000000  0.15975510E-04 -0.71172935E-06 -0.16600897E-05   863.99999891   -23291.12567449
   12420   24.84000000  0.16008921E-04 -0.68098351E-06 -0.16494764E-05   863.99999891   -23291.12567397
   12430   24.86000000  0.16044826E-04 -0.63421231E-06 -0.16083866E-05   863.99999891   -23291.12567346
   12440   24.88000000  0.16081824E-04 -0.57200093E-06 -0.15399294E-05   863.99999891   -23291.12567295
   12450   24.90000000  0.16118462E-04 -0.49553834E-06 -0.14481644E-05   863.99999891   -23291.12567244
   12460   24.92000000  0.16153201E-04 -0.40660739E-06 -0.13378645E-05   863.99999891   -23291.12567194
   12470   24.94000000  0.16184403E-04 -0.30753841E-06 -0.12142297E-05   863.99999890   -23291.12567145
   12480   24.96000000  0.16210351E-04 -0.20112687E-06 -0.10825706E-05   863.99999890   -23291.12567095
   12490   24.98000000  0.16229286E-04 -0.90520420E-07 -0.94798223E-06   863.99999890   -23291.12567044
   12500   25.00000000  0.16239478E-04  0.20912803E-07 -0.81503023E-06   863.99999890   -23291.12566994
   12510   25.02000000  0.16239314E-04  0.12972574E-06 -0.68747536E-06   863.99999890   -23291.12566943
   12520   25.04000000  0.16227392E-04  0.23252799E-06 -0.56805567E-06   863.99999890   -23291.12566891
   12530   25.06000000  0.16202605E-04  0.32610725E-06 -0.45834559E-06   863.99999890   -23291.12566838
   12540   25.08000000  0.16164215E-04  0.40752821E-06 -0.35870207E-06   863.99999889   -23291.12566784
   12550   25.10000000  0.16111890E-04  0.47421284E-06 -0.26830226E-06   863.99999889   -23291.12566731
   12560   25.12000000  0.16045725E-04  0.52399999E-06 -0.18526993E-06   863.99999889   -23291.12566677
   12570   25.14000000  0.15966227E-04  0.55519640E-06 -0.10687952E-06   863.99999889   -23291.12566623
   12580   25.16000000  0.15874286E-04  0.56662317E-06 -0.29822414E-07   863.99999889   -23291.12566569
   12590   25.18000000  0.15771134E-04  0.55766548E-06  0.49483832E-07   863.99999889   -23291.12566516
   12600   25.20000000  0.15658300E-04  0.52832478E-06  0.13456678E-06   863.99999889   -23291.12566464
   12610   25.22000000  0.15537571E-04  0.47927086E-06  0.22857467E-06   863.99999889   -23291.12566412
   12620   25.24000000  0.15410955E-04  0.41188290E-06  0.33398030E-06   863.99999888   -23291.12566361
   12630   25.26000000  0.15280650E-04  0.32826660E-06  0.45233601E-06   863.99999888   -23291.12566310
   12640   25.28000000  0.15149009E-04  0.23123418E-06  0.58409911E-06   863.99999888   -23291.12566258
   12650   25.30000000  0.15018504E-04  0.12423647E-06  0.72854065E-06   863.99999888   -23291.12566207
   12660   25.32000000  0.14891665E-04  0.11241627E-07  0.88374546E-06   863.99999888   -23291.12566156
   12670   25.34000000  0.14771003E-04 -0.10343670E-06  0.10467008E-05   863.99999888   -23291.12566104
   12680   25.36000000  0.14658911E-04 -0.21534966E-06  0.12134633E-05   863.99999888   -23291.12566051
   12690   25.38000000  0.14557538E-04 -0.32014585E-06  0.13793881E-05   863.99999888   -23291.12565999
   12700   25.40000000  0.14468657E-04 -0.41380346E-06  0.15393941E-05   863.99999887   -23291.12565946
   12710   25.42000000  0.14393533E-04 -0.49283994E-06  0.16882467E-05   863.99999887   -23291.12565892
   12720   25.44000000  0.14332797E-04 -0.55447867E-06  0.18208291E-05   863.99999887   -23291.12565838
   12730   25.46000000  0.14286364E-04 -0.59675796E-06  0.19323879E-05   863.99999887   -23291.12565784
   12740   25.48000000  0.14253395E-04 -0.61857920E-06  0.20187386E-05   863.99999887   -23291.12565730
   12750   25.50000000  0.14232305E-04 -0.61969333E-06  0.20764259E-05   863.99999887   -23291.12565675
   12760   25.52000000  0.14220851E-04 -0.60063769E-06  0.21028387E-05   863.99999887   -23291.12565620
   12770   25.54000000  0.14216260E-04 -0.56263781E-06  0.20962833E-05   863.99999887   -23291.12565566
   12780   25.56000000  0.14215419E-04 -0.50748841E-06  0.20560209E-05   863.99999886   -23291.12565512
   12790   25.58000000  0.14215092E-04 -0.43743185E-06  0.19822752E-05   863.99999886   -23291.12565459
   12800   25.60000000  0.14212163E-04 -0.35504342E-06  0.18762130E-05   863.99999886   -23291.12565406
   12810   25.62000000  0.14203858E-04 -0.26313263E-06  0.17399019E-05   863.99999886   -23291.12565354
   12820   25.64000000  0.14187961E-04 -0.16465664E-06  0.15762426E-05   863.99999886   -23291.12565301
   12830   25.66000000  0.14162972E-04 -0.62645828E-07  0.13888773E-05   863.99999886   -23291.12565249
   12840   25.68000000  0.14128210E-04  0.39866445E-07  0.11820718E-05   863.99999886   -23291.12565197
   12850   25.70000000  0.14083855E-04  0.13991625E-06  0.96057467E-06   863.99999885   -23291.12565145
   12860   25.72000000  0.14030905E-04  0.23468691E-06  0.72945658E-06   863.99999885   -23291.12565092
   12870   25.74000000  0.13971070E-04  0.32159234E-06  0.49393338E-06   863.99999885   -23291.12565040
   12880   25.76000000  0.13906605E-04  0.39836421E-06  0.25918364E-06   863.99999885   -23291.12564988
   12890   25.78000000  0.13840092E-04  0.46313344E-06  0.30168424E-07   863.99999885   -23291.12564936
   12900   25.80000000  0.13774199E-04  0.51449987E-06 -0.18853612E-06   863.99999885   -23291.12564884
   12910   25.82000000  0.13711440E-04  0.55158088E-06 -0.39288570E-06   863.99999885   -23291.12564833
   12920   25.84000000  0.13653953E-04  0.57403358E-06 -0.57948497E-06   863.99999885   -23291.12564781
   12930   25.86000000  0.13603319E-04  0.58204795E-06 -0.74566980E-06   863.99999884   -23291.12564729
   12940   25.88000000  0.13560439E-04  0.57631095E-06 -0.88955116E-06   863.99999884   -23291.12564676
   12950   25.90000000  0.13525483E-04  0.55794508E-06 -0.10100193E-05   863.99999884   -23291.12564624
   12960   25.92000000  0.13497898E-04  0.52842919E-06 -0.11067111E-05   863.99999884   -23291.12564570
   12970   25.94000000  0.13476482E-04  0.48950610E-06 -0.11799439E-05   863.99999884   -23291.12564517
   12980   25.96000000  0.13459508E-04  0.44308407E-06 -0.12306249E-05   863.99999884   -23291.12564464
   12990   25.98000000  0.13444878E-04  0.39113951E-06 -0.12601435E-05   863.99999884   -23291.12564411
   13000   26.00000000  0.13430294E-04  0.33562465E-06 -0.12702592E-05   863.99999884   -23291.12564359
   13010   26.02000000  0.13413428E-04  0.27838397E-06 -0.12629920E-05   863.99999883   -23291.12564307
   13020   26.04000000  0.13392067E-04  0.22108408E-06 -0.12405250E-05   863.99999883   -23291.12564256
   13030   26.06000000  0.13364243E-04  0.16515955E-06 -0.12051232E-05   863.99999883   -23291.12564205
   13040   26.08000000  0.13328320E-04  0.11177799E-06 -0.11590677E-05   863.99999883   -23291.12564155
   13050   26.10000000  0.13283057E-04  0.61823688E-07 -0.11046030E-05   863.99999883   -23291.12564105
   13060   26.12000000  0.13227626E-04  0.15903543E-07 -0.10438919E-05   863.99999883   -23291.12564055
   13070   26.14000000  0.13161615E-04 -0.25628383E-07 -0.97896915E-06   863.99999883   -23291.12564005
   13080   26.16000000  0.13085006E-04 -0.62629806E-07 -0.91168823E-06   863.99999883   -23291.12563954
   13090   26.18000000  0.12998140E-04 -0.95117800E-07 -0.84366124E-06   863.99999882   -23291.12563904
   13100   26.20000000  0.12901680E-04 -0.12321271E-06 -0.77619103E-06   863.99999882   -23291.12563854
   13110   26.22000000  0.12796568E-04 -0.14708511E-06 -0.71020301E-06   863.99999882   -23291.12563803
   13120   26.24000000  0.12683986E-04 -0.16691369E-06 -0.64618733E-06   863.99999882   -23291.12563752
   13130   26.26000000  0.12565325E-04 -0.18286046E-06 -0.58416252E-06   863.99999882   -23291.12563702
   13140   26.28000000  0.12442151E-04 -0.19506474E-06 -0.52367133E-06   863.99999882   -23291.12563651
   13150   26.30000000  0.12316181E-04 -0.20366016E-06 -0.46381489E-06   863.99999882   -23291.12563601
   13160   26.32000000  0.12189254E-04 -0.20880680E-06 -0.40332910E-06   863.99999882   -23291.12563550
   13170   26.34000000  0.12063305E-04 -0.21073563E-06 -0.34069636E-06   863.99999881   -23291.12563500
   13180   26.36000000  0.11940334E-04 -0.20979267E-06 -0.27428493E-06   863.99999881   -23291.12563449
   13190   26.38000000  0.11822368E-04 -0.20647495E-06 -0.20250293E-06   863.99999881   -23291.12563399
   13200   26.40000000  0.11711423E-04 -0.20144693E-06 -0.12394983E-06   863.99999881   -23291.12563349
   13210   26.42000000  0.11609446E-04 -0.19553329E-06 -0.37552411E-07   863.99999881   -23291.12563300
   13220   26.44000000  0.11518256E-04 -0.18968269E-06  0.57326485E-07   863.99999881   -23291.12563251
   13230   26.46000000  0.11439479E-04 -0.18490717E-06  0.16081390E-06   863.99999881   -23291.12563202
   13240   26.48000000  0.11374463E-04 -0.18220075E-06  0.27249136E-06   863.99999880   -23291.12563154
   13250   26.50000000  0.11324209E-04 -0.18245094E-06  0.39139571E-06   863.99999880   -23291.12563106
   13260   26.52000000  0.11289287E-04 -0.18635141E-06  0.51605369E-06   863.99999880   -23291.12563058
   13270   26.54000000  0.11269776E-04 -0.19432820E-06  0.64454264E-06   863.99999880   -23291.12563010
   13280   26.56000000  0.11265216E-04 -0.20648814E-06  0.77457253E-06   863.99999880   -23291.12562962
   13290   26.58000000  0.11274596E-04 -0.22259138E-06  0.90358125E-06   863.99999880   -23291.12562913
   13300   26.60000000  0.11296364E-04 -0.24205094E-06  0.10288399E-05   863.99999880   -23291.12562863
   13310   26.62000000  0.11328486E-04 -0.26395613E-06  0.11475625E-05   863.99999880   -23291.12562814
   13320   26.64000000  0.11368530E-04 -0.28711371E-06  0.12570168E-05   863.99999879   -23291.12562763
   13330   26.66000000  0.11413786E-04 -0.31010325E-06  0.13546321E-05   863.99999879   -23291.12562713
   13340   26.68000000  0.11461398E-04 -0.33133996E-06  0.14380996E-05   863.99999879   -23291.12562662
   13350   26.70000000  0.11508513E-04 -0.34914413E-06  0.15054589E-05   863.99999879   -23291.12562612
   13360   26.72000000  0.11552417E-04 -0.36181503E-06  0.15551655E-05   863.99999879   -23291.12562561
   13370   26.74000000  0.11590662E-04 -0.36770706E-06  0.15861337E-05   863.99999879   -23291.12562511
   13380   26.76000000  0.11621172E-04 -0.36531024E-06  0.15977496E-05   863.99999879   -23291.12562462
   13390   26.78000000  0.11642318E-04 -0.35333252E-06  0.15898539E-05   863.99999879   -23291.12562412
   13400   26.80000000  0.11652973E-04 -0.33078050E-06  0.15626941E-05   863.99999878   -23291.12562363
   13410   26.82000000  0.11652539E-04 -0.29703610E-06  0.15168557E-05   863.99999878   -23291.12562313
   13420   26.84000000  0.11640953E-04 -0.25192293E-06  0.14531774E-05   863.99999878   -23291.12562264
   13430   26.86000000  0.11618665E-04 -0.19575740E-06  0.13726650E-05   863.99999878   -23291.12562214
   13440   26.88000000  0.11586599E-04 -0.12937650E-06  0.12764153E-05   863.99999878   -23291.12562165
   13450   26.90000000  0.11546088E-04 -0.54138899E-07  0.11655613E-05   863.99999878   -23291.12562114
   13460   26.92000000  0.11498790E-04  0.28104240E-07  0.10412490E-05   863.99999878   -23291.12562064
   13470   26.94000000  0.11446578E-04  0.11507210E-06  0.90464673E-06   863.99999878   -23291.12562013
   13480   26.96000000  0.11391414E-04  0.20414531E-06  0.75698988E-06   863.99999877   -23291.12561962
   13490   26.98000000  0.11335224E-04  0.29248258E-06  0.59965391E-06   863.99999877   -23291.12561911
   13500   27.00000000  0.11279761E-04  0.37715594E-06  0.43424194E-06   863.99999877   -23291.12561860
   13510   27.02000000  0.11226496E-04  0.45529455E-06  0.26267455E-06   863.99999877   -23291.12561809
   13520   27.04000000  0.11176535E-04  0.52422618E-06  0.87264106E-07   863.99999877   -23291.12561758
   13530   27.06000000  0.11130568E-04  0.58160581E-06 -0.89243292E-07   863.99999877   -23291.12561708
   13540   27.08000000  0.11088864E-04  0.62552281E-06 -0.26367121E-06   863.99999877   -23291.12561658
   13550   27.10000000  0.11051311E-04  0.65457855E-06 -0.43246926E-06   863.99999876   -23291.12561609
   13560   27.12000000  0.11017490E-04  0.66793060E-06 -0.59182336E-06   863.99999876   -23291.12561560
   13570   27.14000000  0.10986773E-04  0.66530326E-06 -0.73781431E-06   863.99999876   -23291.12561512
   13580   27.16000000  0.10958438E-04  0.64696512E-06 -0.86660964E-06   863.99999876   -23291.12561463
   13590   27.18000000  0.10931773E-04  0.61368031E-06 -0.97467153E-06   863.99999876   -23291.12561415
   13600   27.20000000  0.10906175E-04  0.56664032E-06 -0.10589601E-05   863.99999876   -23291.12561366
   13610   27.22000000  0.10881210E-04  0.50738308E-06 -0.11171111E-05   863.99999876   -23291.12561316
   13620   27.24000000  0.10856641E-04  0.43770971E-06 -0.11475744E-05   863.99999876   -23291.12561266
   13630   27.26000000  0.10832421E-04  0.35960368E-06 -0.11497007E-05   863.99999875   -23291.12561216
   13640   27.28000000  0.10808659E-04  0.27515914E-06 -0.11237724E-05   863.99999875   -23291.12561166
   13650   27.30000000  0.10785550E-04  0.18652132E-06 -0.10709793E-05   863.99999875   -23291.12561115
   13660   27.32000000  0.10763313E-04  0.95840363E-07 -0.99334624E-06   863.99999875   -23291.12561064
   13670   27.34000000  0.10742120E-04  0.52360774E-08 -0.89362178E-06   863.99999875   -23291.12561014
   13680   27.36000000  0.10722045E-04 -0.83227910E-07 -0.77513783E-06   863.99999875   -23291.12560963
   13690   27.38000000  0.10703040E-04 -0.16756470E-06 -0.64165233E-06   863.99999875   -23291.12560913
   13700   27.40000000  0.10684933E-04 -0.24588584E-06 -0.49718337E-06   863.99999875   -23291.12560862
   13710   27.42000000  0.10667454E-04 -0.31642478E-06 -0.34584679E-06   863.99999874   -23291.12560812
   13720   27.44000000  0.10650275E-04 -0.37756927E-06 -0.19170411E-06   863.99999874   -23291.12560761
   13730   27.46000000  0.10633060E-04 -0.42789973E-06 -0.38630932E-07   863.99999874   -23291.12560711
   13740   27.48000000  0.10615501E-04 -0.46623519E-06  0.10979087E-06   863.99999874   -23291.12560660
   13750   27.50000000  0.10597351E-04 -0.49168457E-06  0.25035141E-06   863.99999874   -23291.12560608
   13760   27.52000000  0.10578429E-04 -0.50369681E-06  0.38026073E-06   863.99999874   -23291.12560557
   13770   27.54000000  0.10558607E-04 -0.50210475E-06  0.49717040E-06   863.99999874   -23291.12560507
   13780   27.56000000  0.10537786E-04 -0.48715386E-06  0.59917342E-06   863.99999874   -23291.12560456
   13790   27.58000000  0.10515855E-04 -0.45951141E-06  0.68479395E-06   863.99999873   -23291.12560406
   13800   27.60000000  0.10492645E-04 -0.42024673E-06  0.75297636E-06   863.99999873   -23291.12560356
   13810   27.62000000  0.10467899E-04 -0.37078149E-06  0.80308287E-06   863.99999873   -23291.12560306
   13820   27.64000000  0.10441235E-04 -0.31280788E-06  0.83490674E-06   863.99999873   -23291.12560257
   13830   27.66000000  0.10412129E-04 -0.24817951E-06  0.84870206E-06   863.99999873   -23291.12560208
   13840   27.68000000  0.10379917E-04 -0.17878271E-06  0.84522500E-06   863.99999873   -23291.12560159
   13850   27.70000000  0.10343801E-04 -0.10640245E-06  0.82577487E-06   863.99999873   -23291.12560110
   13860   27.72000000  0.10302881E-04 -0.32596528E-07  0.79222391E-06   863.99999873   -23291.12560061
   13870   27.74000000  0.10256200E-04  0.41404408E-07  0.74701788E-06   863.99999872   -23291.12560012
   13880   27.76000000  0.10202805E-04  0.11475667E-06  0.69313393E-06   863.99999872   -23291.12559963
   13890   27.78000000  0.10141824E-04  0.18701405E-06  0.63398968E-06   863.99999872   -23291.12559914
   13900   27.80000000  0.10072547E-04  0.25808507E-06  0.57329842E-06   863.99999872   -23291.12559864
   13910   27.82000000  0.99945193E-05  0.32814005E-06  0.51487869E-06   863.99999872   -23291.12559813
   13920   27.84000000  0.99076168E-05  0.39748050E-06  0.46243079E-06   863.99999872   -23291.12559762
   13930   27.86000000  0.98121201E-05  0.46638636E-06  0.41929897E-06   863.99999872   -23291.12559710
   13940   27.88000000  0.97087623E-05  0.53496249E-06  0.38823987E-06   863.99999871   -23291.12559657
   13950   27.90000000  0.95987521E-05  0.60300427E-06  0.37122180E-06   863.99999871   -23291.12559603
   13960   27.92000000  0.94837700E-05  0.66989856E-06  0.36927127E-06   863.99999871   -23291.12559550
   13970   27.94000000  0.93659313E-05  0.73457351E-06  0.38238354E-06   863.99999871   -23291.12559496
   13980   27.96000000  0.92477208E-05  0.79550286E-06  0.40950321E-06   863.99999871   -23291.12559443
   13990   27.98000000  0.91318964E-05  0.85076260E-06  0.44858001E-06   863.99999871   -23291.12559391
   14000   28.00000000  0.90213644E-05  0.89813522E-06  0.49669202E-06   863.99999871   -23291.12559339
   14010   28.02000000  0.89190320E-05  0.93524726E-06  0.55022933E-06   863.99999871   -23291.12559288
   14020   28.04000000  0.88276401E-05  0.95973018E-06  0.60512495E-06   863.99999870   -23291.12559238
   14030   28.06000000  0.87495902E-05  0.96938825E-06  0.65711295E-06   863.99999870   -23291.12559188
   14040   28.08000000  0.86867771E-05  0.96236262E-06  0.70200020E-06   863.99999870   -23291.12559138
   14050   28.10000000  0.86404463E-05  0.93727800E-06  0.73592827E-06   863.99999870   -23291.12559089
   14060   28.12000000  0.86110948E-05  0.89336588E-06  0.75560999E-06   863.99999870   -23291.12559039
   14070   28.14000000  0.85984312E-05  0.83055565E-06  0.75852132E-06   863.99999870   -23291.12558988
   14080   28.16000000  0.86014051E-05  0.74952813E-06  0.74303443E-06   863.99999870   -23291.12558937
   14090   28.18000000  0.86183119E-05  0.65172896E-06  0.70848459E-06   863.99999870   -23291.12558886
   14100   28.20000000  0.86469609E-05  0.53933671E-06  0.65516634E-06   863.99999869   -23291.12558835
   14110   28.22000000  0.86848904E-05  0.41518553E-06  0.58426216E-06   863.99999869   -23291.12558785
   14120   28.24000000  0.87296045E-05  0.28264344E-06  0.49771465E-06   863.99999869   -23291.12558735
   14130   28.26000000  0.87787998E-05  0.14544976E-06  0.39805678E-06   863.99999869   -23291.12558687
   14140   28.28000000  0.88305553E-05  0.75212469E-08  0.28822073E-06   863.99999869   -23291.12558639
   14150   28.30000000  0.88834612E-05 -0.12725959E-06  0.17134530E-06   863.99999869   -23291.12558591
   14160   28.32000000  0.89366728E-05 -0.25525704E-06  0.50600802E-07   863.99999869   -23291.12558543
   14170   28.34000000  0.89898883E-05 -0.37327804E-06 -0.70952684E-07   863.99999869   -23291.12558495
   14180   28.36000000  0.90432570E-05 -0.47872840E-06 -0.19046628E-06   863.99999868   -23291.12558445
   14190   28.38000000  0.90972370E-05 -0.56971782E-06 -0.30535948E-06   863.99999868   -23291.12558395
   14200   28.40000000  0.91524238E-05 -0.64510056E-06 -0.41333785E-06   863.99999868   -23291.12558343
   14210   28.42000000  0.92093721E-05 -0.70444988E-06 -0.51238390E-06   863.99999868   -23291.12558290
   14220   28.44000000  0.92684339E-05 -0.74797314E-06 -0.60073061E-06   863.99999868   -23291.12558236
   14230   28.46000000  0.93296242E-05 -0.77638140E-06 -0.67683576E-06   863.99999868   -23291.12558183
   14240   28.48000000  0.93925278E-05 -0.79073234E-06 -0.73936762E-06   863.99999868   -23291.12558130
   14250   28.50000000  0.94562470E-05 -0.79226820E-06 -0.78721028E-06   863.99999867   -23291.12558078
   14260   28.52000000  0.95193943E-05 -0.78227091E-06 -0.81949224E-06   863.99999867   -23291.12558027
   14270   28.54000000  0.95801251E-05 -0.76194920E-06 -0.83563274E-06   863.99999867   -23291.12557978
   14280   28.56000000  0.96362073E-05 -0.73236814E-06 -0.83539970E-06   863.99999867   -23291.12557930
   14290   28.58000000  0.96851267E-05 -0.69442431E-06 -0.81896508E-06   863.99999867   -23291.12557883
   14300   28.60000000  0.97242199E-05 -0.64885993E-06 -0.78694549E-06   863.99999867   -23291.12557837
   14310   28.62000000  0.97508330E-05 -0.59630952E-06 -0.74041451E-06   863.99999867   -23291.12557791
   14320   28.64000000  0.97624949E-05 -0.53736186E-06 -0.68087932E-06   863.99999867   -23291.12557745
   14330   28.66000000  0.97570950E-05 -0.47262785E-06 -0.61021828E-06   863.99999866   -23291.12557699
   14340   28.68000000  0.97330514E-05 -0.40280057E-06 -0.53058262E-06   863.99999866   -23291.12557652
   14350   28.70000000  0.96894513E-05 -0.32870189E-06 -0.44427009E-06   863.99999866   -23291.12557605
   14360   28.72000000  0.96261507E-05 -0.25130963E-06 -0.35358605E-06   863.99999866   -23291.12557556
   14370   28.74000000  0.95438194E-05 -0.17176704E-06 -0.26070627E-06   863.99999866   -23291.12557506
   14380   28.76000000  0.94439266E-05 -0.91376461E-07 -0.16755983E-06   863.99999866   -23291.12557455
   14390   28.78000000  0.93286654E-05 -0.11578958E-07 -0.75744897E-07   863.99999866   -23291.12557404
   14400   28.80000000  0.92008235E-05  0.66075397E-07  0.13511443E-07   863.99999866   -23291.12557352
   14410   28.82000000  0.90636155E-05  0.13996828E-06  0.99344774E-07   863.99999865   -23291.12557299
   14420   28.84000000  0.89204940E-05  0.20846280E-06  0.18120059E-06   863.99999865   -23291.12557248
   14430   28.86000000  0.87749578E-05  0.26996513E-06  0.25874434E-06   863.99999865   -23291.12557196
   14440   28.88000000  0.86303785E-05  0.32299731E-06  0.33174826E-06   863.99999865   -23291.12557146
   14450   28.90000000  0.84898544E-05  0.36628097E-06  0.39997103E-06   863.99999865   -23291.12557096
   14460   28.92000000  0.83561062E-05  0.39882628E-06  0.46304801E-06   863.99999865   -23291.12557047
   14470   28.94000000  0.82314143E-05  0.42002004E-06  0.52040750E-06   863.99999865   -23291.12556998
   14480   28.96000000  0.81175971E-05  0.42970215E-06  0.57122481E-06   863.99999865   -23291.12556949
   14490   28.98000000  0.80160249E-05  0.42821811E-06  0.61442140E-06   863.99999864   -23291.12556899
   14500   29.00000000  0.79276599E-05  0.41643967E-06  0.64870945E-06   863.99999864   -23291.12556849
   14510   29.02000000  0.78531145E-05  0.39574376E-06  0.67267819E-06   863.99999864   -23291.12556798
   14520   29.04000000  0.77927154E-05  0.36794954E-06  0.68491178E-06   863.99999864   -23291.12556747
   14530   29.06000000  0.77465694E-05  0.33521528E-06  0.68412598E-06   863.99999864   -23291.12556696
   14540   29.08000000  0.77146165E-05  0.29990497E-06  0.66930739E-06   863.99999864   -23291.12556645
   14550   29.10000000  0.76966710E-05  0.26443787E-06  0.63983933E-06   863.99999864   -23291.12556594
   14560   29.12000000  0.76924402E-05  0.23113534E-06  0.59560210E-06   863.99999864   -23291.12556544
   14570   29.14000000  0.77015232E-05  0.20208063E-06  0.53703530E-06   863.99999863   -23291.12556494
   14580   29.16000000  0.77233870E-05  0.17900281E-06  0.46515709E-06   863.99999863   -23291.12556445
   14590   29.18000000  0.77573275E-05  0.16319572E-06  0.38153935E-06   863.99999863   -23291.12556395
   14600   29.20000000  0.78024197E-05  0.15547390E-06  0.28824029E-06   863.99999863   -23291.12556346
   14610   29.22000000  0.78574703E-05  0.15616428E-06  0.18770394E-06   863.99999863   -23291.12556297
   14620   29.24000000  0.79209804E-05  0.16512986E-06  0.82634960E-07   863.99999863   -23291.12556248
   14630   29.26000000  0.79911328E-05  0.18181905E-06 -0.24140949E-07   863.99999863   -23291.12556199
   14640   29.28000000  0.80658093E-05  0.20533336E-06 -0.12981853E-06   863.99999862   -23291.12556149
   14650   29.30000000  0.81426457E-05  0.23450489E-06 -0.23174840E-06   863.99999862   -23291.12556099
   14660   29.32000000  0.82191182E-05  0.26797802E-06 -0.32755665E-06   863.99999862   -23291.12556048
   14670   29.34000000  0.82926588E-05  0.30428979E-06 -0.41524119E-06   863.99999862   -23291.12555998
   14680   29.36000000  0.83607845E-05  0.34194328E-06 -0.49324208E-06   863.99999862   -23291.12555947
   14690   29.38000000  0.84212256E-05  0.37947212E-06 -0.56048033E-06   863.99999862   -23291.12555896
   14700   29.40000000  0.84720391E-05  0.41549258E-06 -0.61636447E-06   863.99999862   -23291.12555844
   14710   29.42000000  0.85116919E-05  0.44874278E-06 -0.66076534E-06   863.99999862   -23291.12555793
   14720   29.44000000  0.85391090E-05  0.47810870E-06 -0.69396112E-06   863.99999861   -23291.12555742
   14730   29.46000000  0.85536803E-05  0.50263867E-06 -0.71655710E-06   863.99999861   -23291.12555691
   14740   29.48000000  0.85552328E-05  0.52154843E-06 -0.72938891E-06   863.99999861   -23291.12555640
   14750   29.50000000  0.85439742E-05  0.53421811E-06 -0.73341593E-06   863.99999861   -23291.12555589
   14760   29.52000000  0.85204191E-05  0.54018313E-06 -0.72961604E-06   863.99999861   -23291.12555539
   14770   29.54000000  0.84853086E-05  0.53912134E-06 -0.71889183E-06   863.99999861   -23291.12555489
   14780   29.56000000  0.84395337E-05  0.53083465E-06 -0.70199503E-06   863.99999861   -23291.12555439
   14790   29.58000000  0.83840683E-05  0.51522888E-06 -0.67947896E-06   863.99999861   -23291.12555389
   14800   29.60000000  0.83199159E-05  0.49229040E-06 -0.65168004E-06   863.99999860   -23291.12555339
   14810   29.62000000  0.82480730E-05  0.46206250E-06 -0.61872904E-06   863.99999860   -23291.12555290
   14820   29.64000000  0.81695082E-05  0.42462609E-06 -0.58059039E-06   863.99999860   -23291.12555240
   14830   29.66000000  0.80851564E-05  0.38008603E-06 -0.53712280E-06   863.99999860   -23291.12555190
   14840   29.68000000  0.79959284E-05  0.32856842E-06 -0.48815361E-06   863.99999860   -23291.12555139
   14850   29.70000000  0.79027334E-05  0.27023237E-06 -0.43355765E-06   863.99999860   -23291.12555087
   14860   29.72000000  0.78065132E-05  0.20529535E-06 -0.37333224E-06   863.99999860   -23291.12555035
   14870   29.74000000  0.77082854E-05  0.13407303E-06 -0.30765882E-06   863.99999860   -23291.12554983
   14880   29.76000000  0.76091878E-05  0.57026036E-07 -0.23694638E-06   863.99999859   -23291.12554930
   14890   29.78000000  0.75105185E-05 -0.25189338E-07 -0.16185196E-06   863.99999859   -23291.12554878
   14900   29.80000000  0.74137605E-05 -0.11167677E-06 -0.83276683E-07   863.99999859   -23291.12554826
   14910   29.82000000  0.73205821E-05 -0.20126761E-06 -0.23385113E-08   863.99999859   -23291.12554774
   14920   29.84000000  0.72328048E-05 -0.29250816E-06  0.79673671E-07   863.99999859   -23291.12554723
   14930   29.86000000  0.71523376E-05 -0.38366954E-06  0.16136011E-06   863.99999859   -23291.12554673
   14940   29.88000000  0.70810757E-05 -0.47278215E-06  0.24127817E-06   863.99999859   -23291.12554623
   14950   29.90000000  0.70207755E-05 -0.55769279E-06  0.31800973E-06   863.99999858   -23291.12554573
   14960   29.92000000  0.69729174E-05 -0.63614209E-06  0.39022206E-06   863.99999858   -23291.12554524
   14970   29.94000000  0.69385716E-05 -0.70585741E-06  0.45671600E-06   863.99999858   -23291.12554474
   14980   29.96000000  0.69182881E-05 -0.76465581E-06  0.51645860E-06   863.99999858   -23291.12554425
   14990   29.98000000  0.69120231E-05 -0.81055246E-06  0.56859576E-06   863.99999858   -23291.12554374
 projection: already converged, E_kin(new)-E_kin(old)= -5.684341886080801E-014
   15000   30.00000000  0.69191174E-05 -0.84186719E-06  0.61244989E-06   863.99999858   -23291.12554323
=== application breakdown [s] ===
total calculation time,7405.67841816
rt calculation                         min         max     average   std. dev.  difference    relative
rt initialization              0.53883E-04 0.65098E-02 0.38395E-03 0.76797E-03 0.64559E-02 0.12081E+03
reading lda data               0.46008E+01 0.46344E+01 0.46063E+01 0.29208E-02 0.33573E-01 0.10073E+01
reading rt data                0.21539E-02 0.39458E-02 0.27263E-02 0.23170E-03 0.17920E-02 0.18320E+01
prep. time prop.               0.70500E-03 0.70760E-02 0.12846E-02 0.82728E-03 0.63710E-02 0.10037E+02
rt iterations                  0.73999E+04 0.73999E+04 0.73999E+04 0.89073E-04 0.86880E-03 0.10000E+01
after writing rt data          0.19073E-05 0.97593E+00 0.33404E-03 0.10326E-01 0.97592E+00 0.51167E+06
in rt iterations                       min         max     average   std. dev.  difference    relative
Vbox                           0.13178E+01 0.15425E+01 0.14182E+01 0.36100E-01 0.22468E+00 0.11705E+01
time propagation               0.55840E+04 0.58348E+04 0.57501E+04 0.34365E+02 0.25082E+03 0.10449E+01
calculating rho                0.10897E+03 0.36159E+03 0.19425E+03 0.34364E+02 0.25261E+03 0.33181E+01
Hartree routine                0.38397E+02 0.58544E+02 0.45389E+02 0.20651E+01 0.20147E+02 0.15247E+01
Exc_Cor routine                0.61820E+01 0.10859E+02 0.81085E+01 0.79954E+00 0.46769E+01 0.17565E+01
calculating curr               0.11493E+04 0.11494E+04 0.11493E+04 0.19197E-01 0.11448E+00 0.10001E+01
calc. projection               0.16175E+02 0.16543E+02 0.16444E+02 0.56337E-01 0.36820E+00 0.10228E+01
writing energies               0.14979E+01 0.20047E+01 0.16052E+01 0.10340E+00 0.50680E+00 0.13383E+01
calc_eigen_energy              0.20985E+03 0.21140E+03 0.21075E+03 0.12488E+00 0.15502E+01 0.10074E+01
calc_total_energy_periodic     0.11345E+02 0.23583E+02 0.20037E+02 0.82138E+00 0.12237E+02 0.20786E+01
writing info etc.              0.95015E-02 0.43489E+00 0.12173E-01 0.45765E-02 0.42539E+00 0.45771E+02
total_energy module                    min         max     average   std. dev.  difference    relative
periodic calc.                 0.29257E+01 0.90893E+01 0.48104E+01 0.15098E+01 0.61636E+01 0.31067E+01
periodic comm. coll.           0.45835E+01 0.20502E+02 0.15210E+02 0.17487E+01 0.15919E+02 0.44731E+01
eigen_energy calc.             0.35782E+02 0.39079E+02 0.38001E+02 0.36540E+00 0.32974E+01 0.10922E+01
eigen_energy comm. coll.       0.47694E+01 0.10799E+02 0.72537E+01 0.77683E+00 0.60296E+01 0.22642E+01
eigen_energy hpsi              0.14825E+03 0.15313E+03 0.15025E+03 0.65347E+00 0.48785E+01 0.10329E+01
density_matrix module                  min         max     average   std. dev.  difference    relative
density calc.                  0.80085E+02 0.14035E+03 0.10837E+03 0.12285E+02 0.60267E+02 0.17525E+01
density comm. coll.            0.19706E+02 0.22752E+03 0.85638E+02 0.25098E+02 0.20781E+03 0.11546E+02
current calc.                  0.25184E+03 0.27690E+03 0.26098E+03 0.35016E+01 0.25062E+02 0.10995E+01
current rDivided uVpsi calc.   0.11420E+03 0.11685E+03 0.11539E+03 0.39646E+00 0.26430E+01 0.10231E+01
current comm. coll.            0.81665E+02 0.11975E+03 0.10131E+03 0.53797E+01 0.38082E+02 0.14663E+01
current comm. halo.            0.64051E+03 0.69805E+03 0.67149E+03 0.81174E+01 0.57534E+02 0.10898E+01
conjugate_gradient module              min         max     average   std. dev.  difference    relative
subspace_diag module                   min         max     average   std. dev.  difference    relative
subspace_diag so module                min         max     average   std. dev.  difference    relative
force module                           min         max     average   std. dev.  difference    relative
init_ps                                min         max     average   std. dev.  difference    relative
hamiltonian module                     min         max     average   std. dev.  difference    relative
total                          0.49377E+04 0.51447E+04 0.50306E+04 0.33446E+02 0.20695E+03 0.10419E+01
update overlap (comm.)         0.26427E+04 0.30356E+04 0.27810E+04 0.52044E+02 0.39283E+03 0.11486E+01
stencil                        0.10645E+04 0.13418E+04 0.11823E+04 0.25080E+02 0.27731E+03 0.12605E+01
subtraction                    0.25202E+02 0.31032E+02 0.28608E+02 0.43090E+00 0.58304E+01 0.12314E+01
pseudo-pt                      0.94937E+03 0.10974E+04 0.10210E+04 0.21963E+02 0.14802E+03 0.11559E+01
pseudo-pt (comm.)              0.32131E+02 0.28673E+03 0.13265E+03 0.31062E+02 0.25460E+03 0.89237E+01
hpsi-overlapped                        min         max     average   std. dev.  difference    relative
checkpoint/restart                     min         max     average   std. dev.  difference    relative
restart self                   0.14697E+01 0.15697E+01 0.14747E+01 0.89791E-02 0.10002E+00 0.10681E+01
restart sync                   0.15790E+01 0.15871E+01 0.15826E+01 0.10593E-02 0.80442E-02 0.10051E+01
=== performance [GFLOPS] ===
end SALMON
