# Units: Energy [eV], Spectral intensity [normalized] 
energies,F_fid,F_fid_normalized
0.0,0.8209203556683357,0.018504642217831904
0.002757111797333333,0.8209575364273044,0.01920031389136611
0.005514223594666666,0.8210690486603208,0.021150275648878107
0.008271335392,0.8212548022613048,0.024050820513444194
0.011028447189333332,0.8215146471387084,0.02760311267924156
0.013785558986666665,0.8218483733432225,0.03158706161064421
0.016542670784,0.8222557112462227,0.03585798038326607
0.01929978258133333,0.8227363317686144,0.04032358568857831
0.022056894378666664,0.823289846659643,0.04492457450658052
0.024814006176,0.8239158088251441,0.04962195193370378
0.02757111797333333,0.8246137127046204,0.05438934227349926
0.030328229770666664,0.8253829946964478,0.05920837862675257
0.033085341568,0.826223033630437,0.06406590540896348
0.03584245336533333,0.8271331512868942,0.06895224462520685
0.03859956516266666,0.8281126129612593,0.07386009506415091
0.04135667696,0.8291606280733341,0.07878381601836167
0.04411378875733333,0.830276350820054,0.08371895010331673
0.04687090055466666,0.8314588808706964,0.08866189826002671
0.049628012352,0.8327072641033796,0.09360969382581351
0.05238512414933333,0.8340204933816574,0.09855984248116616
0.05514223594666666,0.8353975093699781,0.1035102068792796
0.057899347744,0.8368372013867508,0.1084589221471919
0.06065645954133333,0.8383384082937299,0.11340433308435922
0.06341357133866665,0.8398999194204132,0.11834494685484338
0.066170683136,0.8415204755221394,0.12327939690762066
0.06892779493333333,0.8431987697705493,0.1282064151465808
0.07168490673066666,0.8449334487750876,0.13312481024039902
0.07444201852799999,0.8467231136342099,0.1380334505576472
0.07719913032533332,0.8485663210149733,0.1429312506261595
0.07995624212266667,0.8504615842596954,0.14781716030698994
0.08271335392,0.8524073745183773,0.15269015608102424
0.08547046571733333,0.8544021219056112,0.15754923399615334
0.08822757751466666,0.8564442166807017,0.16239340393219023
0.09098468931199999,0.858532010449761,0.16722168492121275
0.09374180110933332,0.8606638173885587,0.1720331013208888
0.09649891290666665,0.8628379154849336,0.17682667968327653
0.099256024704,0.8650525477996025,0.18160144619559745
0.10201313650133333,0.8673059237442325,0.1863564245954283
0.10477024829866666,0.869596220375666,0.19109063448269156
0.10752736009599999,0.8719215837052298,0.19580308996626453
0.11028447189333332,0.8742801300220737,0.20049279859504826
0.11304158369066665,0.8766699472295323,0.2051587605327707
0.115798695488,0.8790890961935165,0.20979996794323297
0.11855580728533333,0.8815356121019831,0.21441540455860925
0.12131291908266666,0.8840075058345509,0.21900404540811322
0.12407003087999999,0.8865027653413672,0.22356485668811601
0.1268271426773333,0.8890193570303433,0.22809679575783318
0.12958425447466665,0.8915552271619168,0.23259881124715825
0.132341366272,0.8941083032505066,0.23706984326521122
0.1350984780693333,0.8966764954718623,0.24150882369980256
0.13785558986666666,0.899257698075523,0.24591467659934238
0.14061270166399997,0.9018497908016169,0.2502863186298253
0.14336981346133332,0.9044506403012587,0.2546226596004229
0.14612692525866666,0.9070581015598116,0.2589226030519693
0.14888403705599998,0.9096700193222893,0.26318504690324535
0.15164114885333332,0.9122842295202063,0.26740888415049313
0.15439826065066664,0.9148985606991651,0.27159300361602334
0.15715537244799999,0.9175108354465086,0.2757362907421481
0.15991248424533333,0.9201188718183525,0.27983762842698506
0.16266959604266665,0.9227204847653283,0.2838958978989351
0.16542670784,0.9253134875563753,0.2879099796268677
0.1681838196373333,0.9278956931999174,0.2918787542632353
0.17094093143466665,0.9304649158617645,0.2958011036175055
0.17369804323199997,0.9330189722790899,0.29967591165744484
0.17645515502933332,0.9355556831698223,0.3035020655359089
0.17921226682666666,0.9380728746368021,0.3072784566409073
0.18196937862399998,0.9405683795660497,0.311003981666805
0.18472649042133332,0.9430400390184865,0.3146775437046102
0.18748360221866664,0.9454857036144554,0.31829805334937433
0.19024071401599998,0.9479032349103866,0.3218644298227985
0.1929978258133333,0.9502905067669445,0.3253756021092045
0.19575493761066665,0.952645406707996,0.3288305101030866
0.198512049408,0.9549658372697406,0.33222810576651085
0.2012691612053333,0.9572497173393318,0.33556735429468215
0.20402627300266665,0.9594949834823275,0.3388472352880391
0.20678338479999997,0.9616995912582957,0.3420667439292868
0.20954049659733331,0.963861516523908,0.34522489216381275
0.21229760839466666,0.9659787567228488,0.3483207098819736
0.21505472019199998,0.9680493321618632,0.3513532461017743
0.21781183198933332,0.9700712872722732,0.35432157015050014
0.22056894378666664,0.9720426918562892,0.3572247728438927
0.22332605558399998,0.9739616423174365,0.36006196766149534
0.2260831673813333,0.9758262628744306,0.36283229191682437
0.22884027917866664,0.9776347067578277,0.36553490792105414
0.231597390976,0.9793851573887765,0.36816900413892995
0.2343545027733333,0.9810758295392095,0.37073379633565595
0.23711161457066665,0.9827049704728068,0.3732285287135277
0.23986872636799997,0.9842708610660724,0.3756524750371083
0.2426258381653333,0.9857718169088673,0.3780049397457704
0.24538294996266663,0.9872061893837502,0.38028525905245264
0.24814006175999997,0.9885723667234797,0.382492802027501
0.2508971735573333,0.9898687750460408,0.3846269716664831
0.2536542853546666,0.9910938793665612,0.3866872059408951
0.25641139715199995,0.9922461845855062,0.38867297883068813
0.2591685089493333,0.9933242364525193,0.3905838013375656
0.2619256207466666,0.9943266225053242,0.3924192224780191
0.264682732544,0.9952519729830773,0.39417883025508454
0.2674398443413333,0.9960989617135931,0.39586225260781266
0.2701969561386666,0.9968663069738746,0.39746915833746105
0.27295406793599997,0.9975527723233757,0.39899925800942504
0.2757111797333333,0.9981571674094604,0.4004523048299306
0.2784682915306666,0.9986783487445113,0.4018280954965199
0.28122540332799995,0.9991152204541771,0.4031264710213619
0.2839825151253333,0.9994667349962434,0.4043473175264246
0.28673962692266663,0.9997318938496369,0.40549056700953773
0.2894967387199999,0.9999097481730889,0.40655619808037796
0.2922538505173333,0.9999993994329911,0.407544236665396
0.2950109623146666,1.0,0.4084547566806972
0.29776807411199996,0.9999107537139668,0.4092878806718716
0.3005251859093333,0.9997309164167698,0.41004378041975675
0.30328229770666665,0.9994597964526674,0.41072267751109093
0.30603940950399994,0.9990967551357837,0.41132484387299423
0.3087965213013333,0.9986412071843793,0.41185060227018366
0.3115536330986666,0.998092621121556,0.4123003267637988
0.31431074489599997,0.997450519642083,0.41267444313067636
0.31706785669333326,0.9967144799450368,0.41297342924186903
0.31982496849066666,0.9958841340319725,0.4131978153991633
0.32258208028799995,0.9949591689703635,0.4133481846282927
0.3253391920853333,0.9939393271220628,0.41342517292749464
0.3280963038826666,0.9928244063365594,0.4134294694699915
0.33085341568,0.991614260108831,0.4133618167589147
0.3336105274773333,0.9903087977015956,0.4132230107331179
0.3363676392746666,0.9889079842318077,0.4130139008222471
0.33912475107199996,0.9874118407212426,0.41273538994935266
0.3418818628693333,0.9858204441110493,0.412388434479246
0.3446389746666666,0.9841339272401616,0.41197404411070043
0.34739608646399994,0.9823524787874804,0.4114932817105084
0.3501531982613333,0.9804763431777584,0.4109472630872961
0.35291031005866663,0.9785058204511441,0.41033715670289317
0.3556674218559999,0.9764412660963482,0.4096641833189414
0.3584245336533333,0.9742830908474298,0.40892961557631097
0.3611816454506666,0.9720317604442065,0.40813477750477545
0.36393875724799996,0.9696877953563215,0.4072810439602746
0.36669586904533324,0.967251770471008,0.40636983998697135
0.36945298084266665,0.9647243147446224,0.40540264010118965
0.37221009263999993,0.9621061108180236,0.4043809674941952
0.3749672044373333,0.959397894595904,0.40330639315066574
0.3777243162346666,0.9566004547901862,0.40218053487957967
0.38048142803199997,0.9537146324276244,0.40100505625414606
0.38323853982933326,0.9507413203217588,0.3997816654572992
0.3859956516266666,0.9476814625093967,0.3985121140291902
0.38875276342399995,0.9445360536517997,0.3971981955130324
0.3915098752213333,0.9413061384007833,0.39584174399560373
0.3942669870186666,0.9379928107299396,0.3944446325386604
0.397024098816,0.9345972132312178,0.39300877149751245
0.39978121061333327,0.9311205363771085,0.39153610672301353
0.4025383224106666,0.9275640177486884,0.3900286176432674
0.4052954342079999,0.923928941229806,0.38848831522143096
0.4080525460053333,0.9202166361676898,0.3869172397861125
0.4108096578026666,0.9164284765002839,0.38531745873103485
0.41356676959999994,0.9125658798506264,0.3836910640808414
0.4163238813973333,0.9086303065885943,0.38204016992020673
0.41908099319466663,0.9046232588603563,0.3803669096837364
0.4218381049919999,0.9005462795858873,0.3786734333045482
0.4245952167893333,0.8964009514249058,0.37696190421989484
0.4273523285866666,0.8921888957116115,0.3752344962327375
0.43010944038399995,0.8879117713586107,0.3734933902288042
0.43286655218133324,0.8835712737304289,0.37174077074938305
0.43562366397866664,0.8791691334870245,0.36997882242089664
0.43838077577599993,0.8747071153977225,0.3682097262431926
0.4411378875733333,0.8701870171260069,0.36643565573946546
0.4438949993706666,0.8656106679856199,0.36465877297179455
0.44665211116799997,0.8609799276684252,0.3628812244274368
0.44940922296533325,0.8562966849445127,0.361105136782263
0.4521663347626666,0.8515628563350303,0.3593326125490437
0.45492344655999994,0.8467803847582415,0.35756572561968925
0.4576805583573333,0.8419512381493295,0.3558065167120097
0.4604376701546666,0.8370774080544776,0.3540569887330682
0.463194781952,0.8321609081997768,0.352319102072754
0.46595189374933327,0.827203773035525,0.3505947698427669
0.4687090055466666,0.8222080562565085,0.3488858530777812
0.4714661173439999,0.8171758292988728,0.3471941559171049
0.4742232291413333,0.8121091798142105,0.3455214207866632
0.4769803409386666,0.8070102101215268,0.34386932360257344
0.47973745273599994,0.8018810356377594,0.3422394690189289
0.4824945645333333,0.7967237832875654,0.34063338574362656
0.4852516763306666,0.7915405898931187,0.3390525219471537
0.4880087881279999,0.7863336005446907,0.3374982407901321
0.49076589992533326,0.781104966952827,0.33597181609610893
0.4935230117226666,0.7758568457829734,0.33447442819652834
0.49628012351999995,0.770591396973443,0.3330071599750128
0.49903723531733324,0.7653107820376686,0.33157099313798843
0.5017943471146666,0.760017162351725,0.3301668047383054
0.5045514589119999,0.7547126974281697,0.3287953639778007
0.5073085707093332,0.7493995431773004,0.3274573293137354
0.5100656825066666,0.7440798501569894,0.32615324589269157
0.5128227943039999,0.7387557618123219,0.32488354333385655
0.5155799061013333,0.733429412706338,0.3236485338816496
0.5183370178986666,0.7281029267432394,0.32244841094538107
0.521094129696,0.7227784153855167,0.3212832480411021
0.5238512414933332,0.7174579758665206,0.32015299814802295
0.5266083532906666,0.7121436894000922,0.3190574934889012
0.529365465088,0.7068376193889576,0.3179964457406435
0.5321225768853333,0.7015418096336896,0.31696944667810056
0.5348796886826666,0.6962582825441228,0.3159759692506806
0.53763680048,0.6909890373552294,0.3150153690880386
0.5403939122773332,0.685736048349549,0.31408688642774585
0.5431510240746666,0.6805012630883802,0.31318964845457886
0.5459081358719999,0.6752866006540527,0.31232267203791303
0.5486652476693332,0.6700939499056959,0.31148486685073895
0.5514223594666666,0.6649251677510474,0.3106750388510515
0.554179471264,0.6597820774369376,0.30989189410386453
0.5569365830613332,0.6546664668612089,0.3091340429198729
0.5596936948586666,0.6495800869089259,0.30840000428488384
0.5624508066559999,0.6445246498158445,0.30768821055255713
0.5652079184533333,0.6395018275622018,0.3069970123717695
0.5679650302506666,0.634513250299985,0.30632468381903194
0.5707221420479999,0.6295605048169292,0.3056694277058682
0.5734792538453333,0.6246451330405672,0.30502938103087524
0.5762363656426667,0.6197686305857323,0.30440262054633305
0.5789934774399998,0.6149324453489654,0.3037871684096943
0.5817505892373332,0.6101379761533375,0.30318099789102965
0.5845077010346666,0.6053865714472186,0.3025820391085236
0.5872648128319999,0.6006795280605509,0.3019881847653576
0.5900219246293332,0.5960180900221794,0.3013972958627694
0.5927790364266666,0.5914034474417819,0.30080720736569844
0.5955361482239999,0.5868367354598923,0.3002157337991812
0.5982932600213333,0.5823190332694629,0.2996206747555237
0.6010503718186666,0.5778513632123232,0.29901982029421414
0.6038074836159999,0.5734346899537884,0.2984109562185116
0.6065645954133333,0.5690699197385459,0.2977918692146458
0.6093217072106666,0.5647578997307875,0.29716035184154344
0.6120788190079999,0.560499417441376,0.2965142073609492
0.6148359308053333,0.5562952002446339,0.29585125439970866
0.6175930426026666,0.552145914987101,0.29516933143781454
0.6203501544,0.5480521676903555,0.29446630111756456
0.6231072661973333,0.5440145033497069,0.2937400543708383
0.6258643779946665,0.5400334058302646,0.29298851436306167
0.6286214897919999,0.5361092978615476,0.2922096402538718
0.6313786015893333,0.5322425411314599,0.2914014307758495
0.6341357133866665,0.5284334364800697,0.290561927633916
0.6368928251839999,0.5246822241932559,0.2896892187291236
0.6396499369813333,0.520989084395864,0.28878144121159866
0.6424070487786666,0.5173541375436108,0.2878367843683175
0.6451641605759999,0.5137774450125396,0.28685349235224233
0.6479212723733332,0.5102590097844004,0.28582986676008737
0.6506783841706666,0.5067987772258916,0.2847642690666654
0.653435495968,0.5033966359592663,0.2836551229243739
0.6561926077653332,0.5000524188213745,0.28250091633692553
0.6589497195626666,0.49676590390779507,0.2813002037169351
0.66170683136,0.4935368156982981,0.28005160783743305
0.6644639431573333,0.4903648262594901,0.2787538216878177
0.6672210549546665,0.4872495565201215,0.2774056102451734
0.669978166752,0.48419057761418577,0.2760058121722993
0.6727352785493332,0.4811874122866232,0.27455334145421034
0.6754923903466666,0.478239536356147,0.27304718898531066
0.6782495021439999,0.47534638022945874,0.2714864241199008
0.6810066139413332,0.47250733046089455,0.2698701961991883
0.6837637257386666,0.46972173135136724,0.26819773606852404
0.6865208375359999,0.466988886580323,0.26646835759921256
0.6892779493333332,0.4643080608643377,0.2646814592299391
0.6920350611306666,0.46167848163591557,0.2628365255436556
0.6947921729279999,0.45909934073604786,0.2609331288966587
0.6975492847253333,0.45656979611411125,0.2589709311176206
0.7003063965226666,0.45408897352877003,0.2569496852954919
0.7030635083199999,0.45165596824365245,0.2548692376765133
0.7058206201173333,0.44926984671174,0.2527295296920723
0.7085777319146667,0.4469296482425996,0.2505306001408268
0.7113348437119998,0.4446343866468265,0.24827258755043893
0.7140919555093332,0.44238305185233556,0.2459557327464147
0.7168490673066666,0.44017461148744585,0.24358038165797333
0.7196061791039999,0.43800801242602894,0.24114698839359827
0.7223632909013332,0.4358821822903579,0.23865611862196898
0.7251204026986666,0.43379603090767244,0.23610845329738325
0.7278775144959999,0.4317484517168763,0.23350479277256925
0.7306346262933333,0.4297383231222021,0.23084606134599164
0.7333917380906665,0.427764509791107,0.22813331229540673
0.7361488498879999,0.42582586389409866,0.22536773345452385
0.7389059616853333,0.423921226284634,0.22255065339522354
0.7416630734826666,0.4220494276176752,0.21968354828384112
0.7444201852799999,0.42020928940592667,0.2167680494865639
0.7471772970773333,0.41839962501320993,0.2138059520059424
0.7499344088746666,0.41661924058486266,0.21079922383783542
0.752691520672,0.4148669359154524,0.20775001634564885
0.7554486324693332,0.413141505254501,0.20466067575632513
0.7582057442666665,0.4114417380512903,0.2015337558899022
0.7609628560639999,0.4097664196401842,0.198372032241204
0.7637199678613333,0.4081143318682354,0.19517851753780707
0.7664770796586665,0.4064842536671689,0.1919564789020886
0.7692341914559999,0.4048749615721131,0.18870945674590345
0.7719913032533332,0.4032852301897232,0.18544128552290778
0.7747484150506666,0.40171383261857413,0.182156116453977
0.7775055268479999,0.4001595408249096,0.1788584423232659
0.7802626386453332,0.39862112597701505,0.17555312441326426
0.7830197504426666,0.397097358741637,0.17224542160301215
0.78577686224,0.3955870095459915,0.1689410215897927
0.7885339740373332,0.3940888488090067,0.16564607410547558
0.7912910858346666,0.39260164714550816,0.1623672258774751
0.794048197632,0.39112417554710044,0.15911165692320975
0.7968053094293333,0.3896552055435152,0.15588711755731888
0.7995624212266665,0.38819350934818314,0.15270196522365584
0.8023195330239999,0.3867378599917614,0.14956519993066947
0.8050766448213332,0.3852870314472834,0.1464864966626537
0.8078337566186666,0.3838397987505304,0.14347623265818907
0.8105908684159998,0.3823949381191181,0.14054550689621712
0.8133479802133332,0.3809512270736853,0.13770614852680232
0.8161050920106666,0.3795074445644327,0.1349707103624213
0.8188622038079999,0.3780623711061136,0.13235244296466747
0.8216193156053332,0.3766147889244223,0.12986524440774072
0.8243764274026666,0.3751634821165425,0.1275235805934257
0.8271335391999999,0.3737072368284469,0.1253423711821301
0.8298906509973333,0.37224484145133435,0.12333683695994799
0.8326477627946666,0.37077508683939975,0.12152230594711982
0.8354048745919999,0.36929676655092336,0.11991397788997495
0.8381619863893333,0.3678086771144534,0.1185266499920953
0.8409190981866667,0.36630961832165065,0.11737441070339423
0.8436762099839998,0.3647983935481407,0.11647031277036186
0.8464333217813332,0.36327381010351534,0.11582604101673565
0.8491904335786666,0.3617346796114039,0.11545159376395957
0.8519475453759999,0.3601798184203298,0.11535499865623697
0.8547046571733332,0.35860804804586166,0.11554208329054802
0.8574617689706665,0.35701819564436266,0.11601631814888196
0.8602188807679999,0.3554090945184497,0.11677874403206705
0.8629759925653333,0.3537795846540825,0.1178279891443387
0.8657331043626665,0.35212851328901906,0.11916037320833278
0.8684902161599999,0.3504547355122028,0.12077008869506034
0.8712473279573333,0.3487571148934751,0.12264944350489822
0.8740044397546666,0.3470345241428554,0.12478914594525436
0.8767615515519999,0.3452858457984796,0.12717861184615176
0.8795186633493333,0.3435099729421514,0.12980627489920357
0.8822757751466666,0.34170580994133065,0.1326598842280329
0.885032886944,0.3398722732162701,0.13572677708032332
0.8877899987413332,0.3380082920308976,0.13899411867957912
0.8905471105386665,0.33611280930594956,0.1424491051392947
0.8933042223359999,0.3341847824527724,0.14607912857183225
0.8960613341333332,0.3322231842261312,0.14987190595996658
0.8988184459306665,0.3302270035943,0.15381557499460297
0.9015755577279999,0.3281952466246521,0.15789876101112452
0.9043326695253332,0.3261269373829193,0.16211061952231712
0.9070897813226666,0.3240211188442554,0.1664408588022902
0.9098468931199999,0.32187685381420666,0.17087974666457248
0.9126040049173332,0.3196932258576793,0.17541810511449002
0.9153611167146666,0.3174693402339723,0.1800472960280536
0.918118228512,0.3152043248359542,0.18475920047698569
0.9208753403093332,0.3128973311314556,0.1895461938199305
0.9236324521066666,0.3105475351049686,0.19440111823402123
0.926389563904,0.308154138197757,0.1993172539774606
0.9291466757013332,0.3057163682445153,0.20428829035334473
0.9319037874986665,0.30323348040473325,0.2093082970836169
0.9346608992959998,0.30070475808697184,0.21437169659329738
0.9374180110933332,0.2981295138642898,0.21947323754155898
0.9401751228906666,0.2955070903791117,0.22460796981037373
0.9429322346879998,0.2928368612358765,0.22977122106642184
0.9456893464853332,0.2901182318798643,0.23495857494164993
0.9484464582826666,0.287350640460656,0.24016585082705946
0.9512035700799998,0.2845335586787432,0.24538908523867456
0.9539606818773332,0.2816664926138753,0.25062451469063574
0.9567177936746666,0.27874898353379657,0.2558685599951569
0.9594749054719999,0.2757806086821004,0.26111781190041367
0.9622320172693333,0.2727609820440023,0.26636901797355783
0.9649891290666666,0.269689755088915,0.27161907063560664
0.9677462408639999,0.2665666174887852,0.27686499625690764
0.9705033526613333,0.26339129781124027,0.28210394522544247
0.9732604644586667,0.26016356418667935,0.28733318290482
0.9760175762559998,0.2568832249485371,0.2925500814039983
0.9787746880533332,0.2535501292460388,0.29775211208623026
0.9815317998506665,0.2501641676288741,0.302936838750258
0.9842889116479998,0.24672527260331523,0.30810191142219573
0.9870460234453332,0.24323341915942362,0.3132450607017681
0.9898031352426665,0.23968862526910675,0.3183640926115204
0.9925602470399999,0.23609095235491936,0.3234568839022586
0.9953173588373333,0.23244050572964206,0.3285213777723027
0.9980744706346665,0.22873743500683086,0.3335555799621176
1.0008315824319998,0.22498193448269937,0.3385575551895512
1.0035886942293333,0.22117424348989392,0.343525423894261
1.0063458060266666,0.21731464672393982,0.34845735926295734
1.0091029178239999,0.21340347454338998,0.3533515845098691
1.0118600296213334,0.20944110324500007,0.35820637038935155
1.0146171414186664,0.2054279553155958,0.3630200329198294
1.017374253216,0.20136449966270045,0.3677909313003286
1.0201313650133332,0.19725125182647316,0.3725174660027025
1.0228884768106665,0.19308877417608414,0.37719807702433605
1.0256455886079998,0.18887767609435477,0.3818312422876193
1.028402700405333,0.1846186141553456,0.3864154761738374
1.0311598122026666,0.18031229230062837,0.390949328180356
1.033916924,0.17595946202128876,0.395431381691072
1.0366740357973332,0.17156092255434058,0.3998602528511014
1.0394311475946665,0.167117521104297,0.4042345895375606
1.042188259392,0.16263015310326148,0.4085530704191048
1.044945371189333,0.15809976252625602,0.41281440409760767
1.0477024829866664,0.15352734228282713,0.4170173283260183
1.0504595947839999,0.1489139347115941,0.42116060929701477
1.0532167065813332,0.1442606322117849,0.4252430409976021
1.0559738183786664,0.1395685780555639,0.42926344462527577
1.058730930176,0.13483896743800305,0.43322066806179815
1.0614880419733332,0.13007304883913945,0.43711358540102047
1.0642451537706665,0.12527212579655533,0.4409410965275279
1.067002265568,0.12043755921998898,0.44470212674319737
1.069759377365333,0.11557077042563374,0.4483956264390363
1.0725164891626664,0.11067324513301238,0.45202057080992586
1.07527360096,0.10574653876079161,0.4555759596101143
1.0780307127573332,0.10079228349390197,0.4590608169475171
1.0807878245546665,0.095812197795427,0.46247419111505655
1.083544936352,0.09080809933942431,0.46581515445744553
1.0863020481493333,0.08578192280539902,0.4690828032719649
1.0890591599466664,0.0807357447035045,0.4722762577419196
1.0918162717439999,0.0756718185687178,0.4753946619015763
1.0945733835413332,0.07059262578874474,0.4784371836314975
1.0973304953386664,0.06550095059876912,0.4814030146832781
1.100087607136,0.06039999350549384,0.4842913707327864
1.1028447189333332,0.05529354782455534,0.4871014914610765
1.1056018307306665,0.05018628378644513,0.48983264066222554
1.108358942528,0.04508422402556822,0.4924841063773975
1.1111160543253331,0.039995577103874656,0.4950552010544994
1.1138731661226664,0.03493228169801331,0.4975452617328498
1.11663027792,0.02991306428089257,0.4999536502523129
1.1193873897173332,0.024970002229264092,0.5022797534864076
1.1221445015146665,0.020164044922123904,0.5045229835989256
1.1249016133119998,0.01562596575070512,0.506682778323634
1.1276587251093333,0.011674031235392712,0.5087586012666633
1.1304158369066666,0.009103804524795187,0.5107499422312114
1.1331729487039996,0.009155914023091977,0.512656317564217
1.1359300605013332,0.011786650275561812,0.5144772705246824
1.1386871722986665,0.01574374998297169,0.51621237167334
1.1414442840959997,0.02025514441112229,0.5178612192833834
1.1442013958933333,0.02501347768714456,0.5194234397719947
1.1469585076906665,0.029891857531723312,0.5208986881524249
1.1497156194879998,0.03483074207534765,0.5222866485063875
1.1524727312853333,0.03979853740833233,0.523587034476555
1.1552298430826664,0.04477660414079898,0.5247995897789501
1.1579869548799997,0.04975289273981287,0.5259240887350439
1.1607440666773332,0.05471896857469725,0.5269603368233844
1.1635011784746665,0.05966850551304593,0.5279081712505915
1.1662582902719998,0.06459647108497425,0.5287674615415708
1.1690154020693333,0.06949866092308839,0.5295381101488018
1.1717725138666666,0.07437142030107056,0.5302200530805824
1.1745296256639999,0.07921147102980805,0.5308132605481116
1.1772867374613332,0.08401580027500088,0.5313177376313096
1.1800438492586665,0.08878158713910826,0.5317335249632873
1.1828009610559997,0.09350615302997976,0.5320606994333853
1.1855580728533333,0.09818692744307353,0.5322993749087155
1.1883151846506665,0.1028214239855479,0.5324497029741512
1.1910722964479998,0.10740722335974917,0.5325118736907152
1.1938294082453333,0.1119419611713694,0.5324861163723326
1.1965865200426666,0.1164233191432312,0.5323727003809159
1.1993436318399997,0.12084901877251943,0.5321719359397623
1.2021007436373332,0.12521681676718932,0.5318841749652435
1.2048578554346665,0.12952450179534497,0.5315098119167759
1.2076149672319998,0.1337698922154053,0.5310492846650565
1.210372079029333,0.1379508345470568,0.5305030753785503
1.2131291908266666,0.14206520250734603,0.5298717114282065
1.2158863026239999,0.14611089648181833,0.5291557663103775
1.2186434144213332,0.15008584333327107,0.5283558605878915
1.2214005262186665,0.15398799647439249,0.527472662849223
1.2241576380159997,0.15781533614794407,0.5265068906856666
1.226914749813333,0.16156586987104177,0.5254593116863997
1.2296718616106666,0.1652376330097472,0.5243307444512696
1.2324289734079998,0.16882868945747953,0.5231220596211001
1.2351860852053331,0.17233713239632362,0.5218341809252427
1.2379431970026666,0.17576108512459565,0.5204680862460366
1.2407003088,0.17909870193734423,0.5190248086997489
1.243457420597333,0.18234816904906637,0.5175054377334695
1.2462145323946665,0.18550770554996132,0.5159111202373187
1.2489716441919998,0.1885755643886738,0.5142430616711894
1.251728755989333,0.1915500333757813,0.5125025272050886
1.2544858677866666,0.19442943620333328,0.510690842871963
1.2572429795839999,0.19721213347661018,0.5088093967316901
1.2600000913813332,0.19989652375497777,0.5068596400446753
1.2627572031786667,0.20248104459930238,0.504843088453236
1.2655143149759998,0.20496417362389038,0.502761323168647
1.268271426773333,0.20734442955134041,0.5006159921613828
1.2710285385706666,0.2096203732690658,0.4984088113517098
1.2737856503679998,0.21179060888657122,0.49614156579735735
1.2765427621653331,0.21385378479286057,0.4938161108745082
1.2792998739626666,0.215808594713623,0.49143437344782986
1.28205698576,0.21765377876809547,0.4889983530246668
1.2848140975573332,0.21938812452574263,0.48651012288786677
1.2875712093546663,0.22101046806313085,0.483971831200988
1.2903283211519998,0.22251969502161095,0.4813857020788502
1.293085432949333,0.223914741666661,0.4787540366155137
1.2958425447466664,0.22519459594999267,0.47607921386083724
1.298599656544,0.22635829857578454,0.4733636917357219
1.3013567683413332,0.22740494407268366,0.47061000787504353
1.3041138801386665,0.22833368187351652,0.46782078038607083
1.306870991936,0.229143717404979,0.4649987085088723
1.309628103733333,0.22983431318992836,0.46214657316384344
1.3123852155306663,0.23040478996529878,0.4592672373700156
1.3151423273279998,0.2308545278191005,0.4563636465162688
1.3178994391253331,0.231182967350449,0.4534388284659497
1.3206565509226664,0.2313896108571239,0.4504958934737113
1.32341366272,0.23147402355577473,0.4475380338916604
1.3261707745173332,0.23143583484058444,0.4445685236401247
1.3289278863146665,0.23127473958700073,0.4415907174165753
1.3316849981119998,0.23099049950803532,0.43860804961446653
1.334442109909333,0.2305829445716617,0.43562403292204116
1.3371992217066664,0.2300519744890075,0.43264225656950694
1.339956333504,0.22939756028437888,0.4296663841914859
1.3427134453013332,0.2286197459596872,0.4267001512703177
1.3454705570986665,0.22771865026761876,0.4237473621247101
1.348227668896,0.22669446860992387,0.42081188640746753
1.3509847806933333,0.22554747507955172,0.4178976550756279
1.3537418924906663,0.22427802466808872,0.4150086557964247
1.3564990042879999,0.22288655566311208,0.4121489277531073
1.3592561160853331,0.22137359226375614,0.4093225558159322
1.3620132278826664,0.219739747447069,0.4065336640456322
1.36477033968,0.2179857261227522,0.40378640849951314
1.3675274514773332,0.21611232861973576,0.40108496931408305
1.3702845632746665,0.21412045455492973,0.3984335420428802
1.3730416750719998,0.2120111071425877,0.3958363282340162
1.375798786869333,0.2097853980122659,0.3932975252389289
1.3785558986666664,0.20744455261464448,0.39082131525200303
1.3813130104639997,0.20498991630783983,0.3884118535900638
1.3840701222613332,0.20242296123269868,0.3860732562312515
1.3868272340586665,0.1997452941044368,0.38380958664440606
1.3895843458559998,0.1969586650704853,0.38162484195268265
1.3923414576533333,0.19406497781129003,0.37952293848857627
1.3950985694506666,0.19106630109298942,0.3775076968116049
1.3978556812479996,0.1879648820194922,0.37558282627435796
1.4006127930453331,0.1847631612778405,0.3737519092371321
1.4033699048426664,0.18146379072651359,0.3720183850455965
1.4061270166399997,0.17806965374349956,0.3703855338994589
1.4088841284373332,0.174583888831888,0.3688564607524945
1.4116412402346665,0.17100991707828297,0.3674340793951267
1.4143983520319998,0.16735147417680257,0.3661210968795389
1.4171554638293333,0.1636126478726934,0.3649199984536344
1.4199125756266664,0.15979792184895888,0.36383303317363647
1.4226696874239997,0.15591222728155707,0.36286220036541444
1.4254267992213332,0.1519610035283207,0.36200923710145716
1.4281839110186665,0.14795026969778508,0.361275606853657
1.4309410228159998,0.14388670916867585,0.3606624894716502
1.4336981346133333,0.13977776949700363,0.36017077262248043
1.4364552464106666,0.13563178054600764,0.3598010448100128
1.4392123582079999,0.13145809408162248,0.3595535900721716
1.4419694700053332,0.1272672484468303,0.3594283844311559
1.4447265818026664,0.12307116217881246,0.359425094146882
1.4474836935999997,0.11888336042000025,0.3595430757976457
1.4502408053973332,0.11471923746257918,0.3597813781851004
1.4529979171946665,0.1105963573835668,0.36013874603385315
1.4557550289919998,0.10653479190952825,0.36061362542999453
1.4585121407893331,0.10255748958082357,0.36120417091842905
1.4612692525866666,0.0986906618656965,0.36190825415655037
1.4640263643839997,0.09496415877617932,0.36272347400218813
1.466783476181333,0.0914117874679111,0.3636471678972417
1.4695405879786665,0.08807150167980839,0.3646764243953349
1.4722976997759998,0.08498535913642144,0.36580809667234354
1.475054811573333,0.0821991137871864,0.3670388168528219
1.4778119233706666,0.0797612922027856,0.3683650109830953
1.4805690351679999,0.07772161860141336,0.36978291448292955
1.4833261469653332,0.07612872512184464,0.3712885879119321
1.4860832587626664,0.07502722939153025,0.3728779328938508
1.4888403705599997,0.07445446754616296,0.37454670805129114
1.491597482357333,0.07443737785018462,0.3762905448146402
1.4943545941546665,0.07499013836653838,0.3781049629817096
1.4971117059519998,0.07611308166997797,0.37998538591834075
1.4998688177493331,0.07779313004110279,0.3819271553045394
1.5026259295466666,0.08000561647554552,0.3839255453452092
1.505383041344,0.08271704069295886,0.38597577637892133
1.508140153141333,0.08588817516837746,0.38807302783205405
1.5108972649386665,0.08947699816229895,0.39021245047884684
1.5136543767359998,0.09344111315073854,0.3923891779802279
1.516411488533333,0.09773951755475291,0.3945983376855604
1.5191686003306666,0.10233374009186746,0.3968350606916058
1.5219257121279999,0.10718845354537121,0.39909449116198925
1.5246828239253332,0.11227169857154574,0.4013717949182438
1.5274399357226667,0.11755484631041895,0.4036621673201296
1.5301970475199997,0.12301240308344069,0.40596084045842157
1.532954159317333,0.1286217325531097,0.4082630896877925
1.5357112711146665,0.1343627460668224,0.410564239530866
1.5384683829119998,0.14021759280539955,0.41285966898706256
1.5412254947093331,0.14617036777026218,0.4151448162816178
1.5439826065066664,0.15220684659223194,0.4174151830911846
1.546739718304,0.1583142504581413,0.41966633828286337
1.5494968301013332,0.16448104109539666,0.4218939212034059
1.5522539418986663,0.17069674393161166,0.4240936445548071
1.5550110536959998,0.17695179668693856,0.42626129689160175
1.557768165493333,0.1832374203751773,0.4283927447740173
1.5605252772906664,0.189545509735566,0.4304839346097278
1.5632823890879999,0.1958685403331341,0.4325308942154037
1.5660395008853332,0.20219948985651173,0.4345297341275792
1.5687966126826665,0.20853177145292648,0.4364766486906255
1.57155372448,0.21485917724058623,0.43836791694784755
1.574310836277333,0.221175830413742,0.4401999033599592
1.5770679480746663,0.227476144599424,0.44196905837344674
1.5798250598719998,0.23375478933617186,0.44367191885963686
1.5825821716693331,0.24000666072575075,0.44530510844365306
1.5853392834666664,0.2462268564618214,0.44686533774088344
1.588096395264,0.2524106545682234,0.4483494045171122
1.5908535070613332,0.25855349528732957,0.4497541937870782
1.5936106188586665,0.26465096564898416,0.45107667786493627
1.5963677306559998,0.27069878632566347,0.45231391637890456
1.599124842453333,0.2766928004421261,0.45346305626127803
1.6018819542506664,0.2826289640600466,0.45452133172399706
1.6046390660479999,0.28850333810169426,0.45548606422904603
1.6073961778453332,0.29431208151310767,0.45635466246215173
1.6101532896426665,0.30005144549765833,0.4571246223175242
1.61291040144,0.3057177686763842,0.45779352690075326
1.6156675132373333,0.3113074730528755,0.4583590465564227
1.6184246250346663,0.31681706067848886,0.4588189389265364
1.6211817368319996,0.3222431109288228,0.4591710490454639
1.6239388486293331,0.3275822783151985,0.4594133094768024
1.6266959604266664,0.33283129076572276,0.459543740497312
1.6294530722239997,0.3379869483197145,0.45956045033292164
1.6322101840213332,0.3430461221870959,0.45946163545170343
1.6349672958186665,0.34800575413102436,0.4592455809186989
1.6377244076159998,0.3528628561377509,0.45891066081752063
1.640481519413333,0.3576145103425835,0.45845533874377126
1.6432386312106664,0.3622578691850449,0.45787816837552
1.6459957430079997,0.3667901557699517,0.4571777941263232
1.6487528548053332,0.3712086644142842,0.4563529518866285
1.6515099666026665,0.3755107613624526,0.4554024698598075
1.6542670783999998,0.3796938856549527,0.4543252694995701
1.6570241901973333,0.38375555013749296,0.453120366556094
1.6597813019946666,0.38769334259951516,0.45178687223889363
1.6625384137919996,0.39150492703266093,0.4503239945052313
1.6652955255893331,0.3951880450011859,0.4487310394837789
1.6680526373866664,0.398740517117619,0.44700741304424885
1.6708097491839997,0.4021602446181404,0.44515262252487575
1.6735668609813332,0.4054452110332073,0.443166278630925
1.6763239727786665,0.40859348394994155,0.4410480975188784
1.6790810845759998,0.41160321686368284,0.4387979030825899
1.6818381963733333,0.4144726511169618,0.4364156294595652
1.6845953081706664,0.4172001179249287,0.43390132377759416
1.6873524199679997,0.41978404048703705,0.431255149164309
1.6901095317653332,0.4222229361854943,0.42847738804485597
1.6928666435626665,0.42451541887170396,0.42556844575582076
1.6956237553599998,0.42666020124260756,0.42252885450684
1.6983808671573333,0.42865609730951737,0.4193592777250486
1.7011379789546666,0.4305020249627138,0.41606051482166045
1.7038950907519999,0.4321970086357647,0.412633506424655
1.706652202549333,0.43374018207422005,0.4090793401267699
1.7094093143466664,0.43513079121404247,0.40539925680387573
1.7121664261439997,0.43636819717586245,0.40159465756538243
1.714923537941333,0.43745187938189356,0.3976671114057043
1.7176806497386665,0.43838143880311614,0.3936183636340502
1.7204377615359998,0.4391566013451389,0.38945034516902544
1.723194873333333,0.43977722138197745,0.38516518279481615
1.7259519851306666,0.44024328544784697,0.38076521048716
1.7287090969279997,0.4405549160979657,0.3762529819300201
1.731466208725333,0.44071237595027885,0.3716312843579109
1.7342233205226665,0.44071607192098067,0.3669031538742861
1.7369804323199998,0.4405665596676801,0.36207189241330767
1.739737544117333,0.4402645482550673,0.3571410865306615
1.7424946559146666,0.4398109050589596,0.3521146282288266
1.7452517677119999,0.4392066609256264,0.34699673804312187
1.7480088795093331,0.4384530156043167,0.3417919906366639
1.7507659913066664,0.43755134347191965,0.3365053431745422
1.7535231031039997,0.43650319956963207,0.33114216676923725
1.756280214901333,0.43531032597241154,0.32570828130942775
1.7590373266986665,0.4339746585127717,0.32020999400112604
1.7617944384959998,0.43249833388112613,0.3146541419612065
1.764551550293333,0.43088369712533997,0.309048139205532
1.7673086620906666,0.4291333095723463,0.3034000283626304
1.770065773888,0.4272499571945579,0.2977185374132129
1.772822885685333,0.4252366594432489,0.29201314169793074
1.7755799974826665,0.42309667857000993,0.2862941313403661
1.7783371092799998,0.42083352945563746,0.28057268408627134
1.781094221077333,0.4184509899632695,0.2748609433470802
1.7838513328746666,0.41595311182903305,0.2691721009355837
1.7866084446719999,0.4133442320987123,0.26352048357049446
1.7893655564693332,0.41062898511272766,0.25792164167710296
1.7921226682666664,0.4078123150337529,0.25239243829404523
1.7948797800639997,0.4048994889012502,0.2469511349827499
1.797636891861333,0.4018961101847075,0.241617470503487
1.8003940036586663,0.3988081327919903,0.2364127266607548
1.8031511154559998,0.3956418754705063,0.23135977414704403
1.805908227253333,0.39240403651633327,0.22648308948530546
1.8086653390506664,0.3891017086795359,0.22180873240593652
1.811422450848,0.3857423941220403,0.217364271396927
1.8141795626453332,0.38233401924712124,0.21317864404255318
1.8169366744426663,0.37888494917626686,0.20928193853461236
1.8196937862399998,0.375404001599513,0.205705083913341
1.822450898037333,0.37190045966900376,0.2024794397230382
1.8252080098346664,0.36838408354250773,0.19963628132580677
1.8279651216319999,0.3648651201141633,0.19720618533718118
1.8307222334293332,0.3613543103945825,0.19521833030924282
1.8334793452266664,0.3578628939229221,0.19369974002631243
1.836236457024,0.35440260951169217,0.1926745090017054
1.838993568821333,0.35098569154391085,0.19216305976524403
1.8417506806186663,0.34762486096578554,0.19218148687771064
1.8445077924159998,0.344333310051726,0.19274104126343938
1.8472649042133331,0.34112467996878904,0.1938477994715451
1.8500220160106664,0.33801303014260614,0.19550254651656987
1.852779127808,0.335012798435608,0.19770088033313238
1.8555362396053332,0.33213875120103714,0.20043352410891496
1.8582933514026665,0.3294059223832124,0.20368681361094002
1.8610504631999998,0.3268295410057608,0.2074433131379135
1.863807574997333,0.32442494663334004,0.21168250751090656
1.8665646867946664,0.3222074927141292,0.21638151848616402
1.8693217985919997,0.32019243811072434,0.22151580070282031
1.8720789103893332,0.31839482760058296,0.2270597825788981
1.8748360221866665,0.3168293626605575,0.23298742916467416
1.8775931339839997,0.31551026442145963,0.23927271498309724
1.8803502457813333,0.3144511312572488,0.24589000411211492
1.8831073575786663,0.31366479402067254,0.2528143416354932
1.8858644693759996,0.3131631724087494,0.26002166507634494
1.8886215811733331,0.31295713629115474,0.2674889468369605
1.8913786929706664,0.3130563760190459,0.27519427946301556
1.8941358047679997,0.313469285716163,0.28311691521752097
1.8968929165653332,0.3142028633169582,0.29123727042184816
1.8996500283626665,0.3152626306548862,0.29953690363815655
1.9024071401599996,0.31665257623519083,0.30799847527287255
1.905164251957333,0.3183751224882499,0.31660569473229355
1.9079213637546664,0.32043111834691285,0.32534325994938756
1.9106784755519997,0.3228198569911891,0.3341967929675326
1.9134355873493332,0.3255391176275915,0.34315277432245667
1.9161926991466665,0.32858522928641304,0.352198478198866
1.9189498109439997,0.33195315388544133,0.36132190973397105
1.9217069227413333,0.335636585263948,0.3705117453729863
1.9244640345386665,0.33962806055759376,0.3797572768280209
1.9272211463359996,0.3439190801647232,0.38904835892964085
1.9299782581333331,0.3485002326312387,0.3983753614705146
1.9327353699306664,0.3533613210249796,0.40772912500674924
1.9354924817279997,0.35849148774274625,0.4171009204914573
1.9382495935253332,0.36387933515161075,0.42648241255614716
1.9410067053226665,0.36951303996977664,0.43586562622025743
1.9437638171199998,0.3753804598042466,0.44524291679110645
1.9465209289173333,0.38146923075295963,0.454606942710674
1.9492780407146664,0.3877668554256787,0.46395064110825224
1.9520351525119997,0.39426078112631263,0.4732672058262637
1.954792264309333,0.4009384682622184,0.4825500676983926
1.9575493761066665,0.4077874493017828,0.49179287687311074
1.9603064879039998,0.414795378793162,0.5009894869906255
1.963063599701333,0.42195007509038396,0.5101339410364742
1.9658207114986666,0.4292395545158176,0.5192204587099587
1.9685778232959996,0.43665205872878615,0.5282434251599691
1.971334935093333,0.4441760760773216,0.5371973809543312
1.9740920468906664,0.4518003576916594,0.546077013161475
1.9768491586879997,0.4595139290411285,0.5548771474349234
1.979606270485333,0.46730609762661546,0.5635927410018426
1.9823633822826665,0.47516645742375097,0.5722188764666853
1.9851204940799998,0.4830848906312703,0.5807507563498476
1.987877605877333,0.49105156721768495,0.5891836982893093
1.9906347176746666,0.49905694269960815,0.5975131308404823
1.9933918294719997,0.5070917545283645,0.6057345898160201
1.996148941269333,0.5151470174088322,0.6138437151132291
1.9989060530666665,0.5232140178263784,0.6218362479819721
2.0016631648639995,0.5312843080144917,0.6297080286907041
2.004420276661333,0.5393496995572507,0.6374549945525058
2.0071773884586666,0.5474022567869878,0.645073178276779
2.0099345002559996,0.5554342901080563,0.6525587066156795
2.012691612053333,0.563438349352222,0.6599077992774046
2.0154487238506666,0.571407217249442,0.6671167680811887
2.0182058356479997,0.579333903079323,0.6741820163313191
2.0209629474453332,0.5872116365529663,0.6811000383896726
2.0237200592426667,0.5950338619618651,0.6878674194282612
2.02647717104,0.6027942326196838,0.6944808353450477
2.029234282837333,0.6104866056138218,0.7009370528278887
2.0319913946346664,0.6181050368763628,0.7072329295529063
2.034748506432,0.6256437765781044,0.71336541450489
2.037505618229333,0.6330972648446312,0.7193315484085014
2.0402627300266665,0.6404601277896605,0.7251284642601209
2.043019841824,0.6477271738579692,0.7307533879511381
2.045776953621333,0.654893390467999,0.736203638974363
2.048534065418666,0.6619539409425855,0.7414766312060331
2.0512911772159996,0.668904161715072,0.7465698737566223
2.054048289013333,0.6757395597972794,0.7514809718843196
2.056805400810666,0.6824558104953128,0.7562076279656624
2.0595625126079997,0.6890487553589506,0.7607476425183683
2.0623196244053332,0.695514400350322,0.7650989152719391
2.0650767362026663,0.7018489142177013,0.7692594462820793
2.067833848,0.7080486270604794,0.7732273370854408
2.0705909597973333,0.7141100290717062,0.7770007918916098
2.0733480715946664,0.7200297694449908,0.7805781188096598
2.076105183392,0.7258046554329983,0.7839577311069628
2.078862295189333,0.7314316515452449,0.7871381484983072
2.0816194069866665,0.7369078788733958,0.7901179984637124
2.084376518784,0.7422306145327733,0.7928960175936481
2.087133630581333,0.7473972912092722,0.7954710529606895
2.089890742378666,0.7524054968013917,0.797842063516937
2.0926478541759996,0.7572529741475593,0.8000081215168229
2.0954049659733327,0.7619376208293953,0.8019684139652292
2.098162077770666,0.7664574890420138,0.8037222440911105
2.1009191895679997,0.7708107855228806,0.8052690328471163
2.103676301365333,0.7749958715311444,0.806608320435974
2.1064334131626663,0.7790112628697459,0.8077397678646842
2.10919052496,0.7828556299429484,0.8086631585278564
2.111947636757333,0.7865277978422671,0.8093783998218002
2.1147047485546664,0.7900267464540727,0.809885524791269
2.117461860352,0.7933516105824107,0.8101846938110459
2.120218972149333,0.7965016800808333,0.8102761963048525
2.1229760839466665,0.7994763999872497,0.8101604525043518
2.125733195744,0.8022753706559973,0.8098380152513309
2.128490307541333,0.8048983478815055,0.8093095718464426
2.1312474193386666,0.8073452430080488,0.8085759459481987
2.134004531136,0.8096161230202178,0.8076380995262241
2.1367616429333327,0.8117112106087967,0.8064971348730955
2.139518754730666,0.8136308842068201,0.8051542966794107
2.1422758665279997,0.8153756779905895,0.8036109741770538
2.145032978325333,0.8169462818404525,0.8018687033559445
2.1477900901226663,0.8183435412561089,0.7999291692598774
2.15054720192,0.8195684572211729,0.7977942083673714
2.153304313717333,0.8206221860116255,0.7954658110637512
2.1560614255146664,0.8215060389426994,0.7929461242109791
2.158818537312,0.8222214820485967,0.7902374538220244
2.161575649109333,0.8227701356892787,0.78734226784681
2.1643327609066665,0.8231537740783742,0.7842631990769943
2.167089872704,0.8233743247260384,0.7810030481770197
2.169846984501333,0.8234338677903413,0.7775647868489957
2.1726040962986666,0.8233346353304875,0.7739515611390346
2.175361208096,0.8230790104548703,0.7701666948926623
2.1781183198933327,0.8226695263566272,0.7662136933668019
2.180875431690666,0.8221088652289991,0.7620962470056174
2.1836325434879997,0.8213998570524245,0.7578182353871479
2.186389655285333,0.8205454782448796,0.7533837313471309
2.1891467670826663,0.8195488501665449,0.7487970052857105
2.19190387888,0.8184132374694333,0.7440625296617763
2.194660990677333,0.817142046282139,0.7391849836784642
2.1974181024746664,0.8157388222193873,0.7341692581618294
2.200175214272,0.8142072482055683,0.7290204606328029
2.202932326069333,0.8125511421009473,0.7237439205702209
2.2056894378666665,0.8107744541187424,0.7183451948599149
2.208446549664,0.8088812640207703,0.7128300734214607
2.211203661461333,0.8068757780788953,0.7072045850001772
2.2139607732586666,0.8047623257890651,0.7014750031071927
2.216717885056,0.8025453563242986,0.6956478520848158
2.219474996853333,0.8002294347126365,0.6897299132679104
2.2222321086506662,0.7978192377257481,0.6837282312043879
2.2249892204479997,0.7953195494636583,0.6776501198891861
2.227746332245333,0.7927352566209137,0.6715031689560527
2.2305034440426663,0.7900713434194665,0.6652952497600049
2.23326055584,0.7873328861936466,0.6590345212703559
2.236017667637333,0.7845250476128088,0.6527294356795927
2.2387747794346664,0.7816530705276554,0.6463887436170628
2.241531891232,0.7787222714267903,0.6400214988383238
2.244289003029333,0.7757380334908776,0.6336370622411092
2.2470461148266665,0.7727057992327722,0.6272451050372118
2.2498032266239996,0.7696310627132812,0.6208556108862618
2.252560338421333,0.766519361323758,0.6144788767726272
2.2553174502186666,0.763376267128581,0.6081255123807514
2.2580745620159997,0.7602073777627367,0.6018064376976757
2.260831673813333,0.7570183068822196,0.5955328785448655
2.2635887856106667,0.7538146741678197,0.5893163597156025
2.2663458974079993,0.7506020948860633,0.5831686953701921
2.269103009205333,0.7473861690146507,0.5771019763203146
2.2718601210026663,0.7441724699436627,0.5711285538176385
2.2746172327999994,0.7409665327680905,0.5652610194520769
2.277374344597333,0.7377738421918689,0.5595121807639455
2.2801314563946664,0.7345998200685298,0.5538950321840057
2.2828885681919995,0.731449812608804,0.5484227209384515
2.285645679989333,0.7283290772909509,0.5431085075947959
2.2884027917866665,0.7252427695152168,0.5379657209817543
2.2911599035839996,0.7221959290495711,0.5330077072937773
2.293917015381333,0.7191934663196244,0.5282477732904856
2.2966741271786666,0.7162401486013664,0.5236991236238542
2.2994312389759997,0.7133405861809169,0.5193747924714326
2.302188350773333,0.7104992185507893,0.5152875698207735
2.3049454625706667,0.7077203007171134,0.511449922935555
2.3077025743679997,0.7050078896966894,0.5078739137328594
2.310459686165333,0.7023658312866093,0.5045711130070838
2.3132167979626663,0.6997977471922696,0.501552512640545
2.3159739097599994,0.6973070226018846,0.49882843713396136
2.318731021557333,0.6948967942969234,0.49640845596043953
2.3214881333546664,0.6925699393881763,0.4943012983826122
2.3242452451519995,0.6903290647663097,0.492514772462724
2.327002356949333,0.6881764973537466,0.49105569002953336
2.3297594687466665,0.6861142752414507,0.48992979933592357
2.3325165805439996,0.6841441397897158,0.4891417270423174
2.335273692341333,0.6822675287663429,0.4886949309925674
2.3380308041386666,0.6804855705886956,0.488591665014545
2.3407879159359997,0.6787990797281132,0.4888329566853635
2.343545027733333,0.6772085533261397,0.48941859866338105
2.3463021395306667,0.6757141690621001,0.49034715382161653
2.3490592513279998,0.674315784300908,0.4916159740380974
2.3518163631253333,0.67301293653874,0.49322123212687347
2.3545734749226663,0.6718048451526066,0.4951579660474374
2.3573305867199994,0.6706904144480297,0.4974201342264217
2.360087698517333,0.6696682379872544,0.5000006805769464
2.3628448103146664,0.6687366041688446,0.5028916076169098
2.3656019221119995,0.6678935030183817,0.506084055972557
2.368359033909333,0.6671366341394279,0.5095683885079021
2.3711161457066665,0.666463415764199,0.5133342773401178
2.3738732575039996,0.6658709948345599,0.5173707920785234
2.376630369301333,0.6653562580362331,0.5216664877505224
2.3793874810986666,0.664915843702549,0.5262094910405626
2.3821445928959997,0.6645461544987377,0.530987583656199
2.384901704693333,0.6642433707937424,0.535988281837278
2.3876588164906667,0.6640034646238099,0.5411989112298363
2.3904159282879998,0.6638222141506666,0.546606676546713
2.3931730400853333,0.6636952185169123,0.5521987256250708
2.395930151882667,0.66361791300225,0.5579622076618725
2.3986872636799994,0.6635855843862588,0.5638843255584598
2.401444375477333,0.6635933864265097,0.5699523824329884
2.4042014872746664,0.6636363553647803,0.5761538224641831
2.4069585990719995,0.6637094253788476,0.5824762663123786
2.409715710869333,0.6638074439026815,0.5889075414256075
2.412472822666666,0.663925186743696,0.5954357075816309
2.4152299344639996,0.6640573729319192,0.6020490780436085
2.417987046261333,0.6641986792423923,0.6087362367200871
2.420744158058666,0.664343754338656,0.6154860517215632
2.4235012698559997,0.6644872324917879,0.6222876856983813
2.426258381653333,0.6646237468359297,0.6291306033302959
2.4290154934506663,0.664747942127599,0.6360045763184855
2.4317726052479998,0.6648544869821499,0.6428996862078175
2.4345297170453333,0.6649380855665668,0.649806325342023
2.4372868288426663,0.6649934887331943,0.6567151962282969
2.44004394064,0.6650155045840845,0.6636173095615167
2.442801052437333,0.6649990084602889,0.6705039811324813
2.445558164234666,0.6649389523546441,0.6773668278197743
2.4483152760319995,0.6648303737504008,0.6841977628414228
2.451072387829333,0.664668403891403,0.6909889904206593
2.453829499626666,0.6644482754924773,0.6977329999999665
2.4565866114239996,0.6641653299012191,0.7044225601191808
2.459343723221333,0.6638150237245165,0.7110507120568372
2.462100835018666,0.6633929349349379,0.7176107633190072
2.4648579468159997,0.6628947684735405,0.7240962810466192
2.467615058613333,0.6623163613667964,0.7305010854005033
2.4703721704106663,0.6616536873761623,0.7368192429730824
2.4731292822079998,0.6609028611994046,0.7430450602666168
2.4758863940053333,0.6600601422431398,0.7491730772700843
2.4786435058026663,0.6591219379861967,0.7551980611600143
2.4814006176,0.6580848069533631,0.7611150001447947
2.4841577293973334,0.6569454613189064,0.7669190974670244
2.486914841194666,0.6557007691589267,0.772605765574284
2.4896719529919995,0.6543477563711736,0.7781706204651724
2.492429064789333,0.6528836082804456,0.7836094762144975
2.495186176586666,0.6513056709470926,0.788918339679072
2.4979432883839996,0.6496114521955046,0.7940934053835506
2.500700400181333,0.6477986223787707,0.7991310505841274
2.503457511978666,0.6458650148949903,0.8040278305066048
2.5062146237759997,0.6438086264699735,0.8087804737543182
2.508971735573333,0.6416276172203356,0.8133858778806337
2.5117288473706663,0.6393203105102478,0.8178411051201334
2.5144859591679998,0.6368851926143712,0.8221433782722073
2.5172430709653333,0.63432091219879,0.8262900767304898
2.5200001827626664,0.6316262796310581,0.8302787326514436
2.52275729456,0.6288002661297909,0.834107027255326
2.5255144063573334,0.6258420027635955,0.8377727872528221
2.5282715181546664,0.6227507793084984,0.8412739813907169
2.5310286299519995,0.6195260429724422,0.8446087171101275
2.533785741749333,0.6161673969948621,0.8477752373110258
2.536542853546666,0.6126745991288224,0.8507719172169896
2.5392999653439996,0.6090475600126891,0.853597261334395
2.542057077141333,0.6052863414378603,0.8562499005005151
2.544814188938666,0.6013911545186312,0.8587285890152978
2.5475713007359997,0.5973623577698728,0.8610322018518696
2.550328412533333,0.593200455097825,0.8631597319411333
2.5530855243306663,0.5889060937089743,0.8651102875261124
2.555842636128,0.5844800619416487,0.8668830895820189
2.5585997479253333,0.5799232870247019,0.8684774692982895
2.5613568597226664,0.5752368327673758,0.8698928656191781
2.56411397152,0.5704218971842064,0.8711288228397305
2.5668710833173334,0.5654798100586261,0.8721849882543008
2.5696281951146664,0.5604120304487241,0.8730611098550094
2.572385306912,0.5552201441384625,0.8737570340778424
2.5751424187093326,0.5499058610375078,0.8742727035943321
2.577899530506666,0.5444710125327022,0.874608155147034
2.5806566423039996,0.5389175487941097,0.8747635174272469
2.5834137541013327,0.5332475360384796,0.8747390089936711
2.586170865898666,0.527463153752906,0.8745349362309349
2.5889279776959997,0.521566691881423,0.874151691347136
2.5916850894933328,0.5155605479772355,0.8735897504097683
2.5944422012906663,0.5094472243232883,0.8728496714196149
2.597199313088,0.5032293250238793,0.871932092422396
2.599956424885333,0.49690955307004847,0.8708377296581505
2.6027135366826664,0.4904907073815317,0.8695673757485386
2.60547064848,0.4839756798281264,0.8681218979224293
2.608227760277333,0.47736745223341503,0.8665022362803274
2.6109848720746665,0.4706690933638998,0.8647094020983782
2.613741983872,0.46388375590674835,0.8627444761728599
2.616499095669333,0.45701467343951185,0.860608607206257
2.619256207466666,0.4500651573953771,0.8583030102361773
2.6220133192639996,0.4430385940277496,0.8558289651085491
2.6247704310613327,0.4359384413782341,0.8531878149967106
2.627527542858666,0.42876822625239824,0.8503809649681727
2.6302846546559997,0.4215315412080674,0.8474098806010171
2.6330417664533328,0.41423204156133286,0.8442760866520583
2.6357988782506663,0.4068734424159376,0.8409811657790913
2.638555990048,0.39945951572228533,0.8375267573197179
2.641313101845333,0.3919940873729698,0.8339145561294409
2.6440702136426664,0.3844810343424978,0.8301463114819091
2.64682732544,0.37692428187976135,0.8262238260343963
2.649584437237333,0.36932780076286115,0.8221489548618104
2.6523415490346665,0.36169560462708333,0.8179236045627497
2.655098660832,0.3540317473782526,0.8135497324413536
2.657855772629333,0.3463403207053291,0.8090293457689427
2.6606128844266665,0.33862545170806696,0.8043645011297021
2.6633699962239996,0.3308913006578235,0.7995573038549378
2.6661271080213327,0.3231420589123064,0.7946099075507302
2.668884219818666,0.31538194700822175,0.789524513724126
2.6716413316159997,0.30761521295955496,0.7843033715133462
2.6743984434133328,0.29984613079369415,0.7789487775278465
2.6771555552106663,0.2920789993629439,0.7734630758044708
2.679912667008,0.28431814147534595,0.7678486578863357
2.682669778805333,0.27656790339637294,0.7621079630315679
2.6854268906026664,0.2688326547822352,0.7562434785594779
2.6881840024,0.26111678911661695,0.7502577403423056
2.690941114197333,0.25342472473603905,0.7441533334512364
2.6936982259946665,0.24576090654528446,0.7379328929660073
2.696455337792,0.23812980854407412,0.7315991049581038
2.699212449589333,0.23053593731029126,0.7251547076582571
2.7019695613866666,0.22298383661457405,0.7186024928197576
2.704726673184,0.21547809337735002,0.7119453072899288
2.7074837849813327,0.2080233452240565,0.7051860548030384
2.710240896778666,0.2006242899494766,0.6983276980088999
2.7129980085759997,0.1932856972705151,0.6913732607524822
2.7157551203733328,0.18601242333169546,0.6843258306209888
2.7185122321706663,0.178809428533455,0.6771885617760902
2.721269343968,0.1716817993852896,0.669964678090289
2.724026455765333,0.16463477525064282,0.6626574766078084
2.7267835675626664,0.15767378105640623,0.6552703313518446
2.72954067936,0.150804467297067,0.647806697501601
2.732297791157333,0.14403275898383675,0.6402701159641383
2.7350549029546665,0.13736491558611938,0.6326642183677786
2.737812014752,0.13080760450074966,0.624992732505561
2.740569126549333,0.12436799117639721,0.6172594882590166
2.7433262383466666,0.11805384972298952,0.6094684240343439
2.7460833501439996,0.11187369863997314,0.6016235937448234
2.748840461941333,0.10583696716057546,0.593729174375013
2.751597573738666,0.09995419852478116,0.5857894741638254
2.7543546855359993,0.09423729703329214,0.5778089414449519
2.757111797333333,0.08869982555405455,0.5697921741841397
2.7598689091306663,0.08335735843780334,0.561743930253453
2.7626260209279994,0.07822789013267777,0.5536691384826876
2.765383132725333,0.07333228983979664,0.5455729105273729
2.7681402445226664,0.06869477376448851,0.5374605535910583
2.7708973563199994,0.064343334073162,0.5293375840365416
2.773654468117333,0.060310012449654116,0.5212097419160329
2.7764115799146665,0.05663083416617538,0.5130830064435019
2.7791686917119995,0.05334513493818201,0.5049636124231632
2.781925803509333,0.05049395115722032,0.4968580676355859
2.7846829153066666,0.04811717566786821,0.48877317116658003
2.7874400271039996,0.046249406175721555,0.48071603264299007
2.790197138901333,0.044914894346910435,0.4726940923128596
2.7929542506986667,0.04412263696258635,0.46471514187406193
2.7957113624959993,0.043863082555257206,0.45678734591420456
2.798468474293333,0.04410772015874344,0.44891926377412344
2.8012255860906663,0.04481187423044746,0.44111987158619675
2.8039826978879994,0.04591984448599121,0.43339858416563315
2.806739809685333,0.047370829483208934,0.4257652763465002
2.8094969214826664,0.04910418045966703,0.4182303032534299
2.8122540332799995,0.051063173464772606,0.41080451888390623
2.815011145077333,0.05319717127943879,0.4034992922446978
2.8177682568746665,0.055462470414859355,0.3963265201401401
2.8205253686719995,0.05782226415839481,0.38929863555176325
2.823282480469333,0.06024610940424018,0.3824286103821539
2.8260395922666666,0.0627091764697617,0.3757299511672584
2.8287967040639996,0.06519145431931228,0.3692166861998009
2.831553815861333,0.06767700348995094,0.36290334236482463
2.8343109276586667,0.07015329735885381,0.35680490988310776
2.8370680394559993,0.07261066267719546,0.35093679310998555
2.839825151253333,0.07504181503819649,0.34531474557020503
2.8425822630506663,0.07744147828994988,0.33995478755095004
2.8453393748479994,0.0798060749422632,0.33487310485306904
2.848096486645333,0.08213347498780514,0.33008592774082246
2.8508535984426664,0.08442279193004891,0.32560938975309084
2.8536107102399995,0.08667421648310462,0.3214593668527973
2.856367822037333,0.0888888800423579,0.31765129838839085
2.8591249338346665,0.0910687414773178,0.3141999924914855
2.8618820456319995,0.09321649202769351,0.311119419781667
2.864639157429333,0.09533547409705409,0.3084225005088899
2.8673962692266666,0.09742961056207936,0.30612089142677135
2.8701533810239996,0.09950334188171607,0.3042247796306177
2.872910492821333,0.1015615688309388,0.3027426911831668
2.8756676046186667,0.10360959912588388,0.30168132247442353
2.8784247164159997,0.10565309657388938,0.3010454018396887
2.8811818282133332,0.10769803169179322,0.3008375879644459
2.8839389400106663,0.10975063300287678,0.30105841007300066
2.8866960518079994,0.11181733845750765,0.30170625293318515
2.889453163605333,0.113904746632046,0.3027773874730669
2.8922102754026664,0.11601956754938622,0.30426604549611314
2.8949673871999995,0.11816857313478282,0.30616453480771316
2.897724498997333,0.12035854747267817,0.3084633892184168
2.9004816107946665,0.12259623716303555,0.31115154651321064
2.9032387225919996,0.12488830218719373,0.31421654665561033
2.905995834389333,0.1272412677810711,0.3176447422470547
2.908752946186666,0.12966147787527413,0.3214215135410415
2.9115100579839996,0.13215505069543743,0.3255314810250592
2.914267169781333,0.13472783712097158,0.329958709610428
2.9170242815786662,0.1373853823765485,0.33468689968047727
2.9197813933759997,0.14013289157973777,0.3396995615186943
2.9225385051733332,0.14297519959323496,0.34498017086812655
2.925295616970666,0.14591674553540238,0.3505123044852592
2.9280527287679994,0.14896155219370957,0.35627975549748303
2.930809840565333,0.15211321046810108,0.36226662913022456
2.933566952362666,0.1553748688515531,0.36845741993568665
2.9363240641599995,0.15874922783911,0.37483707204289624
2.939081175957333,0.162238539049886,0.38139102418085796
2.941838287754666,0.16584460875330828,0.3881052413302505
2.9445953995519996,0.1695688054144854,0.3949662348624387
2.947352511349333,0.17341207081596857,0.4019610729541875
2.950109623146666,0.17737493427501327,0.4090773829457173
2.9528667349439996,0.18145752945624305,0.41630334715815787
2.955623846741333,0.18565961327793748,0.42362769351944446
2.9583809585386662,0.18998058642381882,0.4310396821769187
2.9611380703359997,0.19441951499854354,0.43852908910864363
2.9638951821333333,0.1989751529012446,0.44608618758926327
2.9666522939306663,0.20364596453452655,0.4537017282234884
2.9694094057279994,0.2084301475135552,0.4613669181326285
2.972166517525333,0.21332565508890014,0.4690733997675058
2.974923629322666,0.2183302180455055,0.4768132297241954
2.9776807411199995,0.22344136588695263,0.4845788578564159
2.980437852917333,0.22865644715780167,0.49236310690883706
2.983194964714666,0.23397264879641327,0.5001591528376691
2.9859520765119996,0.23938701444575178,0.5079605059372596
2.988709188309333,0.24489646168005527,0.5157609928526377
2.991466300106666,0.2504977981309312,0.5235547395267637
2.9942234119039997,0.25618773651760357,0.5313361551064524
2.996980523701333,0.26196290860301386,0.5390999168115235
2.9997376354986662,0.26781987811066277,0.5468409557567627
3.0024947472959997,0.2737551526469089,0.5545544437049673
3.0052518590933333,0.2797651946803716,0.5622357807210133
3.0080089708906663,0.28584643163455903,0.5698805836909668
3.010766082688,0.29199526515227753,0.577484675666255
3.0135231944853333,0.2982080795911625,0.585044075990455
3.016280306282666,0.30448124980913904,0.5925549911649843
3.0190374180799995,0.3108111482970868,0.6000138064096363
3.021794529877333,0.31719415171368964,0.6074170778742709
3.024551641674666,0.323626646874632,0.6147615254588643
3.0273087534719996,0.3301050362451216,0.6220440262003992
3.030065865269333,0.3366257429813413,0.6292616081866295
3.032822977066666,0.3431852155629502,0.6364114449584788
3.0355800888639997,0.34977993205528635,0.6434908503646718
3.038337200661333,0.35640640403651735,0.6504972738340896
3.0410943124586662,0.36306118022170203,0.6574282960332383
3.0438514242559997,0.36974084981259703,0.6642816248781047
3.0466085360533333,0.37644204559910704,0.6710550918715069
3.0493656478506663,0.38316144683551157,0.6777466487388273
3.052122759648,0.38989578191206764,0.6843543643367087
3.0548798714453334,0.3966418308402313,0.6908764218109261
3.057636983242666,0.40339642756759925,0.6973111159811772
3.0603940950399995,0.4101564621367121,0.7036568509319825
3.063151206837333,0.41691888270009186,0.7099121377902557
3.065908318634666,0.42368069740228453,0.7160755926713752
3.0686654304319996,0.4304389761382417,0.7221459347767827
3.071422542229333,0.43719085219608367,0.7281219846272576
3.074179654026666,0.4439335237911405,0.734002662417042
3.0769367658239997,0.45066425549713945,0.7397869864749645
3.0796938776213327,0.4573803795795037,0.7454740718196119
3.0824509894186662,0.46407929723491953,0.7510631287964213
3.0852081012159998,0.4707584797406263,0.7565534617853568
3.087965213013333,0.4774154695162651,0.7619444679685384
3.0907223248106663,0.4840478811005714,0.7672356361478703
3.093479436608,0.49065340204473534,0.7724265456033333
3.096236548405333,0.49722979372383597,0.7775168649831845
3.0989936602026664,0.5037748920674113,0.782506351217843
3.101750772,0.5102866082099206,0.7873948484497473
3.1045078837973326,0.5167629290616007,0.7921822869719305
3.107264995594666,0.5232019178000099,0.7968686821685018
3.1100221073919996,0.5296017142823688,0.8014541334506335
3.1127792191893326,0.5359605353786718,0.8059388231820308
3.115536330986666,0.5422766752254243,0.8103230155882346
3.1182934427839997,0.5485485053997762,0.8146070556444439
3.1210505545813327,0.5547744750137626,0.8187913679368667
3.1238076663786662,0.5609531107283183,0.8228764554929302
3.1265647781759998,0.5670830166867159,0.8268628985759608
3.129321889973333,0.5731628743670751,0.8307513534402454
3.1320790017706663,0.5791914423536055,0.8345425510426442
3.134836113568,0.5851675560262727,0.8382372957072048
3.137593225365333,0.5910901271686251,0.8418364637394776
3.1403503371626664,0.5969581434935729,0.8453410019874888
3.14310744896,0.6027706680869789,0.8487519263465818
3.1458645607573326,0.6085268387690022,0.8520703202055758
3.148621672554666,0.614225867373221,0.8552973328319446
3.1513787843519996,0.6198670389436675,0.8584341776939609
3.1541358961493327,0.6254497108500027,0.8614821307179925
3.156893007946666,0.6309733118211917,0.8644425284793943
3.1596501197439997,0.6364373408981476,0.8673167663256769
3.1624072315413327,0.6418413663059547,0.8701062964308961
3.1651643433386663,0.6471850242464101,0.8728126257804606
3.1679214551359998,0.6524680176117784,0.8754373140858085
3.170678566933333,0.6576901146207914,0.877981971628685
3.1734356787306663,0.6628511473780849,0.8804482570350054
3.176192790528,0.6679510103584312,0.8828378749785828
3.178949902325333,0.6729896588172762,0.8851525738152648
3.1817070141226664,0.6779671071292726,0.887394143148323
3.18446412592,0.6828834270566612,0.8895644113262331
3.187221237717333,0.6877387459495347,0.8916652428742683
3.189978349514666,0.6925332448801864,0.8936985358616548
3.1927354613119996,0.6972671567139361,0.8956662192063289
3.1954925731093327,0.7019407641189924,0.8975702499196584
3.198249684906666,0.7065543975180995,0.899412610293808
3.2010067967039997,0.7111084329848876,0.9011953050347414
3.2037639085013327,0.7156032900880348,0.9029203583441873
3.2065210202986663,0.7200394296865116,0.9045898109542028
3.2092781320959998,0.7244173516793612,0.9062057171183068
3.212035243893333,0.7287375927136381,0.9077701415634629
3.2147923556906663,0.7330007238542866,0.909285156407513
3.217549467488,0.7372073482199073,0.9107528380469793
3.220306579285333,0.7413580985885097,0.9121752640204474
3.2230636910826664,0.7454536349774984,0.9135545098530471
3.22582080288,0.7494946422022701,0.9148926458878334
3.228577914677333,0.7534818274179413,0.9161917341101354
3.2313350264746665,0.7574159176488363,0.9174538249712118
3.234092138272,0.7612976573104698,0.9186809542177773
3.2368492500693327,0.7651278057288657,0.9198751397342032
3.239606361866666,0.7689071346621283,0.9210383784043865
3.2423634736639992,0.7726364258292531,0.9221726430004548
3.2451205854613328,0.7763164684512182,0.9232798791056436
3.2478776972586663,0.7799480568094455,0.9243620020787897
3.2506348090559993,0.7835319878267276,0.9254208940679841
3.253391920853333,0.7870690586757393,0.926458401080999
3.2561490326506664,0.7905600644202329,0.927476330120118
3.2589061444479994,0.7940057956939907,0.9284764463890072
3.261663256245333,0.7974070364225602,0.929460470579219
3.2644203680426664,0.8007645615927349,0.9304300762438349
3.2671774798399995,0.8040791350746543,0.9313868872656469
3.269934591637333,0.8073515075012994,0.932332475427116
3.2726917034346665,0.8105824142100357,0.9332683580891485
3.2754488152319996,0.8137725732507135,0.9341959959855046
3.2782059270293327,0.816922683464678,0.9351167911393669
3.280963038826666,0.820033422638865,0.9360320849082998
3.2837201506239992,0.8231054457389603,0.9369431561634709
3.2864772624213328,0.8261393832253918,0.9378512196086187
3.2892343742186663,0.8291358394556934,0.938757424243842
3.2919914860159993,0.8320953911765349,0.9396628519788192
3.294748597813333,0.8350185861084571,0.9405685163995927
3.2975057096106664,0.8379059416260752,0.9414753616925359
3.3002628214079994,0.8407579435362333,0.9423842617285906
3.303019933205333,0.843575044956296,0.9432960193102964
3.3057770450026664,0.846357665294455,0.9442113655835603
3.3085341567999995,0.8491061893336269,0.9451309596155296
3.311291268597333,0.8518209664201805,0.9460553881393129
3.3140483803946665,0.8545023097584257,0.9469851654656968
3.3168054921919996,0.857150495811455,0.9479207335613828
3.319562603989333,0.8597657638086018,0.9488624622926574
3.322319715786666,0.862348315359448,0.9498106498327953
3.3250768275839993,0.8648983141739903,0.9507655232308981
3.3278339393813328,0.8674158858882299,0.9517272391392706
3.3305910511786663,0.8699011179941513,0.9526958846958665
3.3333481629759993,0.8723540598727163,0.9536714785577866
3.336105274773333,0.8747747229282099,0.9546539720812595
3.3388623865706664,0.8771630808219552,0.9556432506430403
3.3416194983679994,0.8795190698031422,0.9566391350976841
3.344376610165333,0.8818425891342246,0.9576413833646847
3.3471337219626665,0.8841335016080728,0.9586496921390736
3.3498908337599995,0.8863916341538319,0.959663698718679
3.352647945557333,0.8886167785281776,0.9606829829408998
3.3554050573546665,0.8908086920884559,0.9617070692215615
3.3581621691519996,0.8929670986439824,0.9627354286881232
3.360919280949333,0.8950916893815861,0.96376748139931
3.3636763927466666,0.8971821238613185,0.9648025986430366
3.3664335045439993,0.8992380310780927,0.9658401053043506
3.3691906163413328,0.9012590105848848,0.9668792822950143
3.3719477281386663,0.9032446336730146,0.9679193690362805
3.3747048399359993,0.9051944446049304,0.9689595659863823
3.377461951733333,0.9071079618948399,0.969999037204273
3.3802190635306664,0.9089846796324708,0.9710369129411914
3.3829761753279994,0.9108240688452148,0.9720722922517074
3.385733287125333,0.9126255788938712,0.9731042456160187
3.3884903989226665,0.9143886388972117,0.9741318175654063
3.3912475107199995,0.916112659180603,0.9751540293029306
3.394004622517333,0.9177970327439426,0.976169881311651
3.3967617343146665,0.9194411367442193,0.9771783559428673
3.3995188461119996,0.9210443339880658,0.9781784199771332
3.402275957909333,0.9226059744297477,0.9791690271510558
3.405033069706666,0.9241253966701202,0.9801491206431752
3.4077901815039997,0.9256019294521887,0.9811176355125173
3.4105472933013328,0.9270348931490247,0.9820735010837354
3.413304405098666,0.9284236012399114,0.9830156432730582
3.4160615168959994,0.92976736177073,0.9839429868496241
3.418818628693333,0.9310654787947483,0.9848544576270891
3.421575740490666,0.9323172537901198,0.9857489845807756
3.4243328522879994,0.9335219870505754,0.9866255018859501
3.427089964085333,0.9346789790459452,0.9874829508731858
3.429847075882666,0.9357875317493359,0.9883202818971204
3.4326041876799995,0.9368469499279688,0.9891364561152559
3.435361299477333,0.9378565423948558,0.9899304471738157
3.438118411274666,0.9388156232187039,0.9907012427980074
3.4408755230719996,0.9397235128896084,0.9914478462843899
3.443632634869333,0.9405795394383035,0.9921692778933725
3.446389746666666,0.9413830395069348,0.9928645761402182
3.4491468584639997,0.9421333593695025,0.9935327989832319
3.451903970261333,0.9428298559003493,0.9941730249081472
3.454661082058666,0.9434718974892295,0.9947843539080197
3.4574181938559994,0.9440588649017262,0.9953659083582536
3.460175305653333,0.944590152083956,0.9959168337866644
3.462932417450666,0.9450651669107089,0.9964362995387768
3.4656895292479994,0.9454833318763533,0.996923499338828
3.468446641045333,0.9458440847280343,0.9973776517472149
3.471203752842666,0.946146879040873,0.9977980005153749
3.4739608646399995,0.9463911847350643,0.9981838148393496
3.476717976437333,0.9465764885349398,0.9985343895135064
3.479475088234666,0.9467022943702567,0.9988490449861375
3.4822322000319996,0.9467681237201216,0.99912712731886
3.484989311829333,0.9467735159001478,0.9993680080519699
3.487746423626666,0.9467180282935889,0.9995710839780932
3.4905035354239997,0.9466012365273629,0.9997357768266723
3.4932606472213332,0.9464227345940273,0.999861532862025
3.4960177590186663,0.9461821349209054,0.9999478223978641
3.4987748708159994,0.9458790683877282,0.9999941392313653
3.501531982613333,0.9455131842942629,1.0
3.504289094410666,0.9450841502795556,0.9999649434645191
3.5070462062079995,0.9445916521945227,0.9998885297216153
3.509803318005333,0.944035393929752,0.9997703393499107
3.512560429802666,0.9434150972004876,0.9996099724930589
3.5153175415999995,0.9427305012908734,0.9994070478838564
3.518074653397333,0.9419813627596312,0.9991612018133657
3.520831765194666,0.9411674551094483,0.9988720870491582
3.5235888769919996,0.9402885684224294,0.9985393717068651
3.526345988789333,0.9393445089640475,0.9981627380793152
3.529103100586666,0.9383350987581095,0.9977418814276007
3.5318602123839997,0.937260175135306,0.99727650873848
3.5346173241813332,0.9361195902579862,0.9967663374525787
3.5373744359786663,0.9349132106238475,0.9962110941678913
3.540131547776,0.933640916551268,0.9956105133231171
3.542888659573333,0.932302601649059,0.9949643358653945
3.545645771370666,0.9308981722734382,0.9942723079070032
3.5484028831679995,0.9294275469750563,0.9935341793756084
3.551159994965333,0.9278906559389125,0.9927497026626168
3.553917106762666,0.9262874404200223,0.9919186312741878
3.5566742185599995,0.9246178521776911,0.9910407184894259
3.559431330357333,0.9228818529112414,0.9901157160302259
3.562188442154666,0.921079413700043,0.9891433727472004
3.5649455539519996,0.9192105144506605,0.9881234333260595
3.567702665749333,0.9172751433539146,0.9870556370187225
3.570459777546666,0.9152732963546244,0.9859397164033821
3.5732168893439997,0.9132049766367458,0.9847753961776223
3.575974001141333,0.9110701941265907,0.9835623919885981
3.5787311129386663,0.9088689650167409,0.98230040930417
3.581488224736,0.9066013113132272,0.9809891423287446
3.584245336533333,0.9042672604084642,0.9796282729674489
3.587002448330666,0.9018668446823697,0.9782174698421147
3.5897595601279995,0.8994001011340116,0.9767563873623805
3.5925166719253325,0.8968670710460446,0.9752446648550694
3.595273783722666,0.894267799684111,0.9736819257548103
3.5980308955199996,0.8916023360332814,0.9720677768586927
3.6007880073173326,0.8888707325735123,0.9704018076475467
3.603545119114666,0.8860730450959988,0.9686835896762512
3.6063022309119996,0.8832093325621823,0.9669126760352524
3.6090593427093327,0.8802796570070709,0.9650886008852714
3.611816454506666,0.8772840834884083,0.9632108790669607
3.6145735663039997,0.8742226800831064,0.9612790057870422
3.617330678101333,0.8710955179322452,0.9592924563822364
3.6200877898986663,0.8679026713358053,0.9572506861620608
3.622844901696,0.8646442178981867,0.9551531303313464
3.625602013493333,0.8613202387254273,0.9529992039930825
3.6283591252906664,0.8579308186749196,0.9507883022319691
3.6311162370879995,0.8544760466582834,0.9485198002788211
3.6338733488853325,0.8509560159979315,0.9461930537557388
3.636630460682666,0.8473708248377358,0.943807399001719
3.6393875724799996,0.8437205766080743,0.9413621534781641
3.6421446842773326,0.8400053805454079,0.938856616253512
3.644901796074666,0.8362253522664262,0.936290068565996
3.6476589078719996,0.8323806143966656,0.9336617744633205
3.6504160196693327,0.8284712972533925,0.9309709815178417
3.6531731314666662,0.8244975395824319,0.9282169216156184
3.6559302432639997,0.8204594893485029,0.92539881181753
3.658687355061333,0.8163573045785231,0.9225158552904413
3.6614444668586663,0.8121911542572399,0.9195672423062375
3.664201578656,0.8079612192744496,0.9165521513063694
3.666958690453333,0.8036676934229722,0.9134697500293923
3.6697158022506664,0.799310784446471,0.9103191966988289
3.672472914048,0.7948907151361219,0.9070996412685473
3.6752300258453325,0.790407724475064,0.9038102267227158
3.677987137642666,0.785862068829504,0.9004500904272728
3.6807442494399996,0.7812540231852864,0.8970183655297423
3.6835013612373326,0.7765838824286823,0.8935141824041406
3.686258473034666,0.7718519626701285,0.8899366701376086
3.6890155848319997,0.7670586026095845,0.886284958055359
3.6917726966293327,0.7622041649421752,0.8825581772804417
3.6945298084266662,0.7572890378027485,0.8787554623247931
3.6972869202239997,0.7523136362479776,0.8748759527079908
3.700044032021333,0.7472784037746331,0.8709187946000949
3.7028011438186663,0.7421838138726468,0.8668831424849647
3.705558255616,0.7370303716116176,0.8627681608404008
3.708315367413333,0.7318186152594189,0.858573025831487
3.7110724792106664,0.726549117931599,0.854296927013509
3.713829591008,0.7212224892703064,0.8499390690408535
3.716586702805333,0.7158393771515075,0.8454986733783152
3.719343814602666,0.7104004694193234,0.8409749800112901
3.7221009263999996,0.7049064956463578,0.8363672491513733
3.7248580381973326,0.6993582289189559,0.8316747629339388
3.727615149994666,0.6937564876464004,0.8268968271043454
3.7303722617919997,0.6881021373931103,0.8220327726894794
3.7331293735893327,0.682396092732997,0.8170819576514269
3.7358864853866662,0.6766393191251836,0.8120437685201515
3.7386435971839993,0.6708328348103904,0.8069176220021399
3.741400708981333,0.6649777127273376,0.8017029665620807
3.7441578207786663,0.6590750824486056,0.7963992839747294
3.7469149325759994,0.6531261321354405,0.7910060908442326
3.749672044373333,0.6471321105110552,0.7855229400882772
3.7524291561706664,0.6410943288520201,0.7799494223845549
3.7551862679679995,0.6350141629973596,0.7742851675771405
3.757943379765333,0.628893055375,0.7685298460405001
3.7607004915626665,0.6227325170451852,0.7626831699989735
3.763457603359999,0.6165341297604561,0.7567448947996858
3.7662147151573326,0.6102995480417169,0.7507148201369831
3.768971826954666,0.6040305012698085,0.7445927912265972
3.771728938751999,0.5977287957918543,0.7383786999278861
3.7744860505493327,0.591396317041454,0.7320724858126189
3.7772431623466662,0.5850350316715243,0.7256741371789069
3.7800002741439993,0.5786469896982608,0.7191836920090143
3.782757385941333,0.5722343266542773,0.712601238869914
3.7855144977386663,0.5657992657484612,0.7059269177555905
3.7882716095359994,0.5593441200294774,0.699160920870223
3.791028721333333,0.5528712945490937,0.6923034933515259
3.7937858331306664,0.5463832885206267,0.6853549339336535
3.7965429449279995,0.539882697466756,0.6783155955492235
3.799300056725333,0.5333722153497272,0.6711858858701523
3.8020571685226665,0.5268546366755347,0.663966267787145
3.804814280319999,0.5203328585620093,0.6566572598278259
3.8075713921173326,0.5138098827588243,0.649259436513654
3.810328503914666,0.5072888176052305,0.6417734286559248
3.813085615711999,0.5007728799088115,0.6341999235913188
3.8158427275093327,0.4942653967256999,0.6265396653576402
3.8185998393066662,0.48776980701945016,0.6187934548105556
3.8213569511039993,0.481289663172125,0.6109621496823405
3.824114062901333,0.4748286323170744,0.6030466645838483
3.8268711746986663,0.46839049745833816,0.5950479709511204
3.8296282864959994,0.4619791583365756,0.5869670969383097
3.832385398293333,0.45559863199589673,0.578805127258828
3.8351425100906664,0.44925305299992246,0.5705632029769225
3.8378996218879995,0.44294667323887066,0.5622425212521897
3.840656733685333,0.43668386126243597,0.5538443350398846
3.8434138454826665,0.430469101065787,0.5453699527502655
3.8461709572799996,0.42430699024818436,0.5368207378706601
3.848928069077333,0.41820223745566093,0.5281981085544244
3.851685180874666,0.4121596590110155,0.5195035371815423
3.8544422926719992,0.40618417462627254,0.5107385498962589
3.8571994044693327,0.4002808020849804,0.5019047261278938
3.8599565162666662,0.39445465077456715,0.4930036981018566
3.8627136280639993,0.3887109139428339,0.4840371503489023
3.865470739861333,0.3830548595479657,0.4750068192218653
3.8682278516586663,0.3774918195687228,0.46591449243051336
3.8709849634559994,0.37202717764132287,0.4567620086068375
3.873742075253333,0.36666635489260563,0.44755125691507247
3.8764991870506664,0.361414793846111,0.4382841767231167
3.8792562988479995,0.35627794028945836,0.4289627573548595
3.882013410645333,0.35126122300863777,0.41958903794635893
3.8847705224426665,0.3463700313182767,0.41016510743295403
3.8875276342399996,0.3416096903472414,0.400693104699455
3.890284746037333,0.3369854340766017,0.39117521893171886
3.8930418578346666,0.3325023761722931,0.3816136902154996
3.8957989696319992,0.32816547870775326,0.3720108104378192
3.8985560814293327,0.3239795189319673,0.3623689245577089
3.9013131932266663,0.3199490543048977,0.3526904323276474
3.9040703050239993,0.31607838609379124,0.34297779056518496
3.906827416821333,0.31237152189839806,0.33323351609714386
3.909584528618666,0.3088321375481657,0.3234601895278675
3.9123416404159994,0.3054635388868943,0.31366046002012415
3.915098752213333,0.3022686240266108,0.3038370513250316
3.917855864010666,0.29924984670867,0.2939927693592013
3.9206129758079995,0.29640918145236306,0.284130511707962
3.923370087605333,0.2937480911957587,0.27425327953955686
3.926127199402666,0.29126749813678776,0.26436419255573657
3.9288843111999996,0.2889677584620446,0.2544665077920258
3.931641422997333,0.28684864160489526,0.2445636433343821
3.934398534794666,0.28490931460297414,0.23465920836415968
3.9371556465919992,0.28314833202923156,0.22475704141833097
3.9399127583893327,0.28156363185310535,0.21486125941271214
3.942669870186666,0.280152537453319,0.2049763209057351
3.9454269819839993,0.27891176585669186,0.19510710840458131
3.948184093781333,0.2778374421245476,0.1852590364259874
3.950941205578666,0.2769251196566676,0.17543819481789233
3.9536983173759994,0.27616980603913033,0.1656515409925495
3.956455429173333,0.2755659939331798,0.15590716096227783
3.959212540970666,0.27510769639296473,0.1462146286126555
3.9619696527679995,0.27478848591474014,0.13658550747601517
3.964726764565333,0.27460153646162805,0.12703406267227335
3.967483876362666,0.27453966767730625,0.11757828817866817
3.9702409881599996,0.2745953904985286,0.10824141542057951
3.972998099957333,0.27476095339820433,0.09905416862875151
3.975755211754666,0.27502838853479145,0.09005819460032526
3.9785123235519997,0.2753895571460253,0.08131135267248832
3.981269435349333,0.27583619360111045,0.07289593154426663
3.984026547146666,0.2763599476108414,0.06493130135793451
3.9867836589439993,0.2769524241852964,0.05759255431148183
3.989540770741333,0.27760522101970336,0.05113456266255435
3.992297882538666,0.27830996307736605,0.045911763185947724
3.9950549943359994,0.27905833422134435,0.042361427279869496
3.997812106133333,0.2798421058218252,0.040896885338567036
4.000569217930666,0.28065316233239956,0.04171284308371212
4.003326329727999,0.2814835238850046,0.04465936140065878
4.006083441525333,0.28232536599989266,0.04933229864311745
4.008840553322666,0.28317103654387704,0.05527319565981368
4.011597665119999,0.28401307009784804,0.06209842748117703
4.014354776917333,0.28484419991398674,0.06952872629254706
4.017111888714666,0.28565736765517447,0.07737196074350464
4.019869000511999,0.2864457311148568,0.08549773332521435
4.022626112309333,0.2872026701161155,0.09381687654378393
4.025383224106666,0.28792179078494623,0.10226736279862947
4.028140335903999,0.28859692838566514,0.11080513344640738
4.030897447701333,0.28922214889682624,0.1193982066657852
4.033654559498666,0.2897917494947594,0.1280228718962841
4.036411671295999,0.29030025809946736,0.13666119849166888
4.039168783093333,0.2907424321246738,0.14529937676729388
4.0419258948906664,0.2911132565607177,0.15392659312237766
4.0446830066879995,0.291407941506073,0.16253425340254757
4.0474401184853335,0.29162191925079584,0.17111543728096917
4.050197230282666,0.29175084100334064,0.17966450856713415
4.05295434208,0.291790573341078,0.18817683253953535
4.055711453877333,0.29173719445455737,0.1966485679180834
4.058468565674666,0.29158699024614143,0.2050765116793371
4.061225677472,0.2913364503350945,0.21345798181224407
4.063982789269333,0.29098226401352867,0.2217907276730968
4.066739901066666,0.2905213161907728,0.23007286066177426
4.069497012864,0.2899506833576811,0.2383028000288728
4.072254124661333,0.2892676295971023,0.24647923006563474
4.075011236458666,0.2884696026621331,0.25460106593818177
4.077768348256,0.2875542301398219,0.2626674261430517
4.080525460053333,0.2865193157146267,0.2706776100740388
4.083282571850666,0.2853628355431114,0.27863107956224686
4.086039683648,0.2840829347490376,0.28652744352369647
4.088796795445333,0.28267792404613695,0.29436644505038023
4.091553907242666,0.28114627649439045,0.30214795043117304
4.094311019039999,0.2794866243945711,0.30987193970240945
4.097068130837332,0.2776977563250815,0.31753849841411624
4.099825242634666,0.2757786143247466,0.32514781036390505
4.102582354431999,0.2737282912251595,0.3327001511015024
4.105339466229332,0.27154602813644463,0.3401958820465526
4.108096578026666,0.26923121209088247,0.3476354450933989
4.110853689823999,0.26678337384975614,0.3550193576010853
4.113610801621332,0.2642021858800494,0.3623482076863109
4.116367913418666,0.26148746050927507,0.36962264975267983
4.119125025215999,0.25863914826880435,0.3768434002021661
4.1218821370133325,0.25565733643864946,0.3840112332849161
4.1246392488106665,0.2525422478098179,0.39112697705185695
4.1273963606079995,0.2492942396842136,0.3981915093814358
4.130153472405333,0.24591380313674951,0.40520575405750475
4.1329105842026665,0.2424015625700376,0.4121706768801026
4.135667696,0.23875827559897,0.41908728179487653
4.138424807797333,0.234984833310999,0.42595660703024657
4.141181919594667,0.23108226095834186,0.4327797212342888
4.143939031392,0.2270517191511765,0.4395577196057673
4.146696143189333,0.22289450563679938,0.44629172001585543
4.149453254986667,0.21861205776951453,0.45298285911892655
4.152210366784,0.21420595580080962,0.45963228845237325
4.154967478581333,0.20967792715058498,0.4662411705268158
4.157724590378666,0.20502985185973582,0.4728106749092616
4.160481702176,0.200263769474786,0.4793419743028463
4.163238813973333,0.19538188767993328,0.48583624062771164
4.165995925770666,0.19038659307539751,0.4922946411083808
4.168753037568,0.1852804646096333,0.4987183343736941
4.171510149365333,0.18006629031538368,0.505108466575966
4.174267261162666,0.17474708818763196,0.5114661675365364
4.17702437296,0.1693261322918849,0.5177925469253056
4.179781484757332,0.1638069855273184,0.5240886904821968
4.182538596554665,0.15819354092441068,0.5303556562887394
4.185295708351999,0.15249007397850847,0.5365944710981781
4.188052820149332,0.14670130937836376,0.5428061267326192
4.190809931946665,0.14083250668291877,0.5489915765557881
4.193567043743999,0.13488957117917874,0.5551517320299644
4.196324155541332,0.1288791985398624,0.5612874593655817
4.1990812673386655,0.12280906532264431,0.5673995762718551
4.2018383791359994,0.11668808231171857,0.5734888488166068
4.2045954909333325,0.11052673495019433,0.5795559884032169
4.207352602730666,0.104337545783398,0.5856016488723363
4.2101097145279995,0.0981357096196075,0.5916264237356559
4.212866826325333,0.09193997546555671,0.597630843548635
4.215623938122666,0.08577388353590581,0.603615373428676
4.21838104992,0.0796675146168152,0.6095804107247559
4.221138161717333,0.07365997514239384,0.6155262828440383
4.223895273514666,0.06780291847117961,0.6214532452404572
4.226652385312,0.06216545655565235,0.6273614795697158
4.229409497109333,0.05684073260335254,0.6332510920145735
4.232166608906666,0.051953902312540635,0.639122111783703
4.234923720704,0.04766966620213073,0.6449744897868046
4.237680832501333,0.044193932849149534,0.6508080974880591
4.240437944298666,0.041759078626442535,0.6566227259393853
4.243195056096,0.04058152371290314,0.6624180849943736
4.245952167893333,0.040796419354634565,0.6681938027031467
4.248709279690666,0.04240540409332453,0.6739494248878254
4.251466391488,0.04527923838060778,0.6796844148976825
4.254223503285333,0.04921237999279595,0.6853981535425122
4.256980615082666,0.053986083785039045,0.691089939202196
4.25973772688,0.05940748896563135,0.6967589881099266
4.262494838677333,0.06532248973299797,0.7024044348060556
4.265251950474666,0.07161374302966457,0.7080253327590607
4.268009062272,0.07819355157278293,0.7136206551496906
4.270766174069332,0.08499646375251604,0.7191892958139401
4.273523285866665,0.09197320804262048,0.7247300703401296
4.276280397663999,0.0990861605182362,0.7302417173150245
4.279037509461332,0.10630608915376348,0.7357228997136194
4.2817946212586655,0.1136098497022347,0.741172206426943
4.2845517330559995,0.12097875858462914,0.7465881539219986
4.2873088448533325,0.12839743860620217,0.7519691880277494
4.290065956650666,0.13585299339806955,0.7573136858408923
4.2928230684479995,0.1433344110631453,0.7626199577450239
4.295580180245333,0.15083212875117136,0.767886249536691
4.298337292042666,0.1583377112618907,0.7731107446517619
4.30109440384,0.16584361127345512,0.778291566485486
4.303851515637333,0.17334298862611472,0.7834267807996151
4.306608627434666,0.18082957279086154,0.788514398209956
4.309365739232,0.18829755725060268,0.793552376747765
4.312122851029333,0.19574151770456244,0.7985386244884577
4.314879962826666,0.20315634823125914,0.803471002241175
4.317637074624,0.21053721111549034,0.8083473262928655
4.320394186421333,0.21787949716384555,0.8131653712006396
4.323151298218666,0.22517879413869488,0.8179228726263068
4.325908410016,0.2324308615258063,0.8226175302071372
4.328665521813333,0.23963161027988183,0.8272470104570596
4.331422633610666,0.2467770865097881,0.8318089496926767
4.334179745408,0.2538634583021564,0.8363009569786524
4.336936857205333,0.2608870050602441,0.8407206170872258
4.339693969002666,0.2678441088700759,0.8450654934667856
4.3424510808,0.27473124750910327,0.8493331312146457
4.345208192597333,0.2815449887920427,0.8535210600493615
4.347965304394666,0.2882819860100734,0.8576267972781272
4.350722416192,0.2949389742675521,0.8616478507549998
4.353479527989333,0.30151276755804624,0.8655817218259001
4.356236639786665,0.30800025645120077,0.8694259082565358
4.358993751583999,0.314398406285551,0.873177907139606
4.361750863381332,0.3207042557812227,0.8768352177778251
4.3645079751786655,0.3269149160015827,0.8803953445395128
4.3672650869759995,0.3330275696050951,0.883855799683681
4.3700221987733325,0.33903947033851917,0.8872141061517282
4.372779310570666,0.344947942730645,0.8904678003230415
4.375536422368,0.35075038195233826,0.8936144347319729
4.378293534165333,0.35644425381408884,0.8966515807438258
4.381050645962666,0.3620270948767214,0.8995768311876573
4.38380775776,0.36749651265462785,0.9023878029438503
4.386564869557333,0.37285018589396773,0.9050821394845623
4.389321981354666,0.37808586491085105,0.9076575133653055
4.392079093152,0.3832013719766829,0.910111628666049
4.394836204949333,0.38819460173966414,0.9124422233803576
4.397593316746666,0.3930635216729781,0.914647071751227
4.400350428544,0.3978061725415016,0.9167239865523719
4.403107540341333,0.4024206688799819,0.918670821313853
4.405864652138666,0.40690519947657494,0.9204854724910302
4.408621763936,0.41125802785645155,0.9221658815759346
4.411378875733333,0.4154774927608823,0.9237100371502446
4.414135987530666,0.41956200861781073,0.9251159768791477
4.416893099328,0.4235100660004622,0.9263817894454532
4.419650211125333,0.4273202320709811,0.9275056164234049
4.422407322922666,0.43099115100650026,0.9284856540917154
4.42516443472,0.434521544405395,0.9293201551854225
4.427921546517333,0.4379102116717834,0.9300074305862347
4.430678658314666,0.4411560303766176,0.9305458509510913
4.433435770112,0.44425795659394546,0.9309338482787352
4.436192881909333,0.4472150252111574,0.9311699174141415
4.438949993706666,0.4500263502122149,0.9312526174907089
4.441707105504,0.45269112493305047,0.9311805733101658
4.4444642173013325,0.45520862228848574,0.9309524766601921
4.4472213290986655,0.4575781949701632,0.9305670875698063
4.4499784408959995,0.45979927561512857,0.9300232355026058
4.4527355526933325,0.4618713769448258,0.9293198204879912
4.455492664490666,0.4637940918743875,0.9284558141905445
4.458249776288,0.46556709359221415,0.9274302609177653
4.461006888085333,0.4671901356099406,0.9262422785664054
4.463763999882666,0.4686630517829923,0.9248910595076745
4.46652111168,0.4699857563020254,0.9233758714116178
4.469278223477333,0.471158243655641,0.9216960580110073
4.472035335274666,0.4721805885648515,0.919851039805099
4.474792447072,0.4730529458898684,0.9178403147036557
4.477549558869333,0.47377555050986214,0.9156634586116451
4.480306670666666,0.474348717176434,0.9133201259550583
4.483063782464,0.4747728403416253,0.9108100501483191
4.485820894261333,0.4750483939613703,0.9081330440037676
4.488578006058666,0.47517593127538693,0.9052890000837428
4.491335117855999,0.47515608456458763,0.9022778909957918
4.494092229653333,0.47498956488717553,0.8990997696315763
4.496849341450666,0.47467716179468594,0.8957547693500497
4.499606453247999,0.47421974302931674,0.8922431041055192
4.502363565045333,0.4736182542039963,0.88856506852121
4.505120676842666,0.4728737184667221,0.8847210379089886
4.507877788639999,0.47198723615081234,0.8807114682359095
4.510634900437333,0.4709599844128133,0.876536896038279
4.513392012234666,0.46979321685991204,0.8721979382839538
4.516149124031999,0.4684882631688202,0.8676952921836029
4.518906235829333,0.4670465286982076,0.8630297349516988
4.521663347626666,0.4654694940968924,0.8582021235180165
4.524420459423999,0.4637587149101189,0.8532133941904433
4.527177571221333,0.46191582118639324,0.8480645622699311
4.529934683018666,0.45994251708748557,0.8427567216184455
4.532691794815999,0.457840580504362,0.837291044180786
4.5354489066133326,0.45561186268195675,0.8316687794611883
4.538206018410666,0.4532582878558731,0.8258912539556365
4.540963130207999,0.45078185290426337,0.8199598705408517
4.543720242005333,0.44818462701832634,0.8138761078209457
4.546477353802666,0.44546875139505104,0.8076415194327627
4.549234465599999,0.4426364389560325,0.8012577333109706
4.551991577397333,0.43968997409640237,0.7947264509139882
4.554748689194666,0.4366317124681266,0.7880494464118878
4.557505800991999,0.4334640808021584,0.7812285658374334
4.560262912789333,0.4301895767741663,0.7742657262014814
4.563020024586666,0.4268107689188054,0.7671629145739993
4.565777136383999,0.4233302965977486,0.759922187132015
4.568534248181333,0.41975087002695133,0.7525456681758694
4.571291359978666,0.41607527036888836,0.7450355491152008
4.574048471775999,0.4123063498957564,0.7373940874261505
4.576805583573333,0.4084470322298992,0.729623605581365
4.579562695370666,0.4045003126679643,0.7217264899544356
4.582319807167999,0.40046925859553756,0.713705189700514
4.585076918965333,0.3963570099992277,0.7055622156149373
4.587834030762666,0.39216678008336425,0.6973001389717997
4.590591142559999,0.3879018559986312,0.6889215903445411
4.593348254357333,0.3835655996900652,0.6804292584107434
4.596105366154666,0.37916144887189074,0.6718258887434886
4.598862477951999,0.37469291813662164,0.6631142825917993
4.601619589749333,0.3701636002057126,0.654297295652874
4.604376701546666,0.3655771673287649,0.6453778368390484
4.607133813343999,0.36093737283784477,0.63635886704266
4.609890925141333,0.3562480528628252,0.627243397902275
4.612648036938666,0.351513128212768,0.6180344905740531
4.6154051487359995,0.346736606427165,0.6087352545123906
4.6181622605333335,0.34192258399929376,0.599348846264403
4.620919372330666,0.3370752487719476,0.5898784682832783
4.623676484127999,0.3321988825032704,0.580327367766094
4.626433595925333,0.32729786359728985,0.5706988355223127
4.629190707722666,0.3223766699898539,0.5609962048799152
4.631947819519999,0.31743988217593616,0.551222850636972
4.634704931317333,0.3124921863585182,0.5413821880674464
4.637462043114666,0.3075383776923287,0.5314776719911686
4.640219154911999,0.30258336358744314,0.5215127959192664
4.642976266709333,0.29763216702791834,0.5114910912879067
4.645733378506666,0.29268992984906766,0.5014161267950542
4.648490490303999,0.2877619159034394,0.49129150785712344
4.651247602101333,0.28285351402985426,0.48112087620497235
4.654004713898666,0.2779702407217778,0.4709079096417298
4.656761825695999,0.27311774237068803,0.46065632198856354
4.659518937493333,0.2683017969368332,0.45036986324881373
4.662276049290666,0.26352831487382816,0.44005232002606925
4.665033161087999,0.25880333910499304,0.42970751623796266
4.667790272885333,0.2541330438184473,0.41933931417491677
4.670547384682666,0.2495237318152187,0.4089516159620975
4.673304496479999,0.24498183011074204,0.3985483654937698
4.676061608277333,0.24051388345626323,0.3881335509225963
4.678818720074666,0.23612654541434233,0.3777112078027318
4.681575831871999,0.23182656659395617,0.36728542300561656
4.684332943669333,0.22762077962825472,0.35686033955210583
4.687090055466666,0.2235160804650859,0.34644016253524507
4.689847167263999,0.2195194055408175,0.336029166346187
4.692604279061333,0.21563770442616945,0.3256317034635534
4.695361390858666,0.21187790757350614,0.3152522151266695
4.6981185026559995,0.20824688886325476,0.30489524428913334
4.7008756144533335,0.20475142274744892,0.2945654513458463
4.7036327262506665,0.2013981359246516,0.28426763325020854
4.706389838047999,0.19819345365499758,0.27400674679708587
4.709146949845333,0.19514354103677117,0.2637879370526795
4.711904061642666,0.19225423981364653,0.25361657217987105
4.714661173439999,0.18953100155734875,0.24349828625775854
4.717418285237333,0.18697881836248736,0.23343903215538128
4.720175397034666,0.18460215248245482,0.2234451471310726
4.722932508831999,0.18240486660712957,0.21352343464433984
4.725689620629333,0.18039015671111064,0.2036812669610534
4.728446732426666,0.1785604895604979,0.1939267146080656
4.731203844223999,0.17691754703327364,0.18426871073245785
4.733960956021333,0.17546217936386238,0.17471726113882227
4.736718067818666,0.17419436925452636,0.16528371448002058
4.739475179615999,0.1731132085029383,0.15598111211241805
4.742232291413333,0.17221688838622243,0.1468246439355987
4.744989403210666,0.17150270453849728,0.1378322456193674
4.747746515007999,0.17096707649344348,0.12902538441355355
4.750503626805333,0.17060558147506136,0.12043009525654146
4.753260738602666,0.17041300145117963,0.11207834486978704
4.756017850399999,0.17038338195643649,0.10400981437825879
4.758774962197333,0.17051010077918857,0.09627418861893126
4.761532073994666,0.17078594431502409,0.0889339947578528
4.764289185791999,0.17120318923109704,0.08206788648711283
4.767046297589333,0.17175368706064761,0.07577391945850889
4.769803409386666,0.17242894944472126,0.07017166528060295
4.772560521183999,0.17322023193825536,0.06540088789191878
4.775317632981333,0.17411861457466218,0.061613298146094744
4.7780747447786664,0.17511507770881474,0.05895397161343802
4.7808318565759995,0.17620057200571634,0.05753272063930998
4.7835889683733335,0.17736608178705499,0.05739372017600559
4.7863460801706665,0.17860268127097145,0.05849835530924475
4.789103191968,0.17990158352778413,0.06073212516761702
4.791860303765334,0.18125418221758766,0.06393185317682724
4.794617415562667,0.18265208637087554,0.06791835799563481
4.797374527359999,0.18408714862087458,0.07252151438812425
4.800131639157333,0.18555148739930513,0.07759347857192456
4.802888750954666,0.18703750367087346,0.08301243653093718
4.805645862751999,0.18853789281211517,0.08868099952141664
4.808402974549333,0.19004565224367623,0.09452245539606846
4.811160086346666,0.19155408540800317,0.10047667780692646
4.813917198143999,0.19305680265238886,0.10649647730577862
4.816674309941332,0.19454771953533423,0.11254462378624545
4.819431421738666,0.19602105302630995,0.11859152261537016
4.822188533535999,0.1974713160185128,0.12461344114094401
4.824945645333332,0.19889331052358236,0.1305911688451019
4.827702757130666,0.20028211986828542,0.13650900802858226
4.830459868927999,0.20163310016712285,0.14235401236379855
4.833216980725332,0.20294187130243926,0.14811541007204224
4.835974092522666,0.20420430760532587,0.1537841644600499
4.838731204319999,0.20541652839654176,0.15935263688589377
4.841488316117332,0.20657488851677813,0.16481432644418734
4.844245427914666,0.20767596894965532,0.17016366744192246
4.847002539711999,0.2087165676186031,0.17539587068788492
4.849759651509332,0.2096936904198918,0.18050679822722054
4.852516763306666,0.2106045425382131,0.18549286378618438
4.855273875103999,0.2114465200780062,0.19035095312055136
4.8580309869013325,0.2122172020328486,0.1950783598800834
4.8607880986986665,0.21291434260636383,0.19967273365131194
4.8635452104959995,0.21353586389096682,0.20413203762243862
4.866302322293333,0.21407984890508916,0.20845451389965478
4.8690594340906665,0.21454453498509624,0.21263865494567563
4.871816545888,0.21492830752470565,0.21668317994634567
4.874573657685333,0.2152296940521777,0.22058701516710918
4.877330769482667,0.21544735863371886,0.22434927755787534
4.88008788128,0.21558009659028896,0.22796926101697987
4.882844993077332,0.21562682951423173,0.23144642484335012
4.885602104874666,0.21558660057175208,0.2347803839986724
4.888359216671999,0.21545857007717753,0.23797090087431721
4.891116328469332,0.21524201132509918,0.2410178783155351
4.893873440266666,0.21493630666683228,0.24392135370139753
4.896630552063999,0.21454094381813668,0.2466814939157231
4.899387663861332,0.21405551238574747,0.2492985910737882
4.902144775658666,0.21347970060096888,0.2517730588934994
4.904901887455999,0.21281329224935414,0.25410542961908616
4.907658999253332,0.2120561637863157,0.2562963514211684
4.910416111050666,0.211208281629371,0.25834658620999085
4.913173222847999,0.21026969961862885,0.26025700780924665
4.915930334645332,0.20924055663804397,0.26202860044668597
4.918687446442666,0.20812107439091912,0.26366245752496453
4.921444558239999,0.20691155532412034,0.2651597806422221
4.924201670037332,0.2056123806964822,0.2665218788368891
4.926958781834666,0.20422400878793529,0.26775016803540985
4.929715893631999,0.20274697324699187,0.26884617068504985
4.932473005429332,0.20118188157538505,0.26981151555685606
4.935230117226666,0.19952941374989472,0.27064793770624906
4.9379872290239994,0.1977903209827192,0.2713572785807037
4.9407443408213325,0.1959654246231882,0.2719414862655884
4.9435014526186665,0.19405561520519227,0.27240261586052283
4.9462585644159995,0.19206185164644046,0.27274282997960186
4.949015676213333,0.18998516060760853,0.27296439936955824
4.951772788010667,0.18782663602162636,0.27306970364040395
4.954529899808,0.18558743880584336,0.2730612321033102
4.957287011605333,0.1832687967726554,0.27294158471046537
4.960044123402667,0.18087200475745982,0.27271347309138383
4.9628012352,0.17839842498660377,0.2723797216796206
4.965558346997333,0.1758494877124358,0.2719432689230622
4.968315458794667,0.17322669214776573,0.27140716856990205
4.971072570591999,0.17053160773818027,0.27077459102104895
4.973829682389332,0.16776587581791674,0.2700488247380237
4.976586794186666,0.1649312117036399,0.2692332776933713
4.979343905983999,0.16202940729077595,0.2683314788481928
4.982101017781332,0.15906233422942417,0.267347079638578
4.984858129578666,0.15603194777174176,0.26628385544945166
4.987615241375999,0.1529402914006607,0.26514570705059454
4.990372353173332,0.14978950237157038,0.2639366619653523
4.993129464970666,0.14658181832506495,0.2626608757377547
4.995886576767999,0.1433195851611524,0.26132263305842135
4.998643688565332,0.14000526640483554,0.2599263487037079
5.001400800362666,0.13664145434147904,0.2584765682360598
5.004157912159999,0.13323088326007498,0.25697796840647613
5.006915023957332,0.1297764452161814,0.25543535719240973
5.009672135754666,0.12628120881740712,0.2538536733963751
5.012429247551999,0.12274844164717487,0.25223798572211875
5.015186359349332,0.11918163708247986,0.25059349123653785
5.017943471146666,0.11558454643506424,0.24892551311681885
5.0207005829439995,0.11196121756082494,0.2472394975737266
5.0234576947413325,0.10831604134880252,0.24554100983390797
5.0262148065386665,0.1046538078295152,0.24383572905686468
5.0289719183359995,0.10097977404418508,0.2421294420563176
5.031729030133333,0.09729974630230286,0.24042803569157412
5.034486141930667,0.09362018003196099,0.23873748779279014
5.037243253728,0.08994830109268312,0.23706385648537545
5.040000365525333,0.08629225315064606,0.23541326778391533
5.042757477322667,0.08266127644753483,0.23379190133563998
5.04551458912,0.07906592388922502,0.23220597420840022
5.048271700917333,0.07551832057144137,0.23066172263900345
5.051028812714667,0.07203247215935876,0.2291653816852384
5.053785924512,0.06862462510570802,0.22772316275940255
5.056543036309333,0.06531367615040641,0.22634122906285153
5.059300148106667,0.062121617782197186,0.225025668989905
5.062057259903999,0.059073987414802055,0.2237824676248665
5.064814371701332,0.05620025747320905,0.22261747651699645
5.067571483498666,0.05353405878331739,0.22153638198354192
5.070328595295999,0.05111307227845927,0.2205446722583832
5.073085707093332,0.04897836646057164,0.21964760387099067
5.075842818890666,0.04717293174529662,0.21885016770421922
5.078599930687999,0.04573922182565889,0.2181570552366978
5.081357042485332,0.044715716343395856,0.21757262552270604
5.084114154282666,0.04413288154448655,0.21710087349603083
5.086871266079999,0.04400932020582417,0.2167454002012124
5.089628377877332,0.044349130109612465,0.21650938555325192
5.092385489674666,0.04514129532434318,0.21639556420349976
5.095142601471999,0.04636131344545311,0.21640620504440441
5.0978997132693324,0.047974527099763374,0.216543094819577
5.100656825066666,0.0499401839298512,0.21680752622004817
5.1034139368639995,0.052215270889884056,0.21720029074570216
5.1061710486613325,0.0547575182807244,0.21772167649682547
5.1089281604586665,0.05752738205170435,0.21837147093948256
5.111685272256,0.060489106017680115,0.2191489685655133
5.114442384053333,0.06361109605814134,0.22005298324892458
5.117199495850667,0.06686584978243391,0.22108186499061463
5.119956607648,0.07022963886384906,0.22223352064735888
5.122713719445333,0.07368208119856565,0.22350543816247692
5.125470831242667,0.07720568782007445,0.22489471375708947
5.12822794304,0.08078543149534348,0.22639808150361324
5.130985054837333,0.0844083592130909,0.22801194468711372
5.133742166634667,0.08806325606197143,0.22973240836420575
5.136499278432,0.09174035997954992,0.23155531255127262
5.139256390229333,0.09543112297142099,0.23347626551107437
5.142013502026667,0.0991280129068484,0.23549067665612755
5.144770613824,0.10282434979051808,0.2375937886451449
5.147527725621332,0.1065141708330283,0.2397807083120033
5.150284837418665,0.11019211932437624,0.2420464361320422
5.153041949215999,0.1138533530566791,0.24438589399529026
5.155799061013332,0.11749346874687827,0.24679395111821306
5.158556172810665,0.12110843953541306,0.2492654479830568
5.161313284607999,0.12469456317077932,0.2517952182455835
5.164070396405332,0.1282484189352594,0.25437810859721527
5.166827508202665,0.13176683173316414,0.2570089966059762
5.169584619999999,0.1352468420610014,0.2596828065921468
5.172341731797332,0.13868568082034416,0.26239452361950055
5.175098843594665,0.1420807481289721,0.2651392057018536
5.177855955391999,0.1454295954428743,0.26791199433801416
5.1806130671893325,0.14872991042823128,0.2707081234967676
5.1833701789866655,0.15197950412453717,0.2735229271779608
5.1861272907839995,0.1551763000224398,0.2763518456767635
5.1888844025813325,0.15831832474656718,0.2791904306764379
5.191641514378666,0.1614037000876965,0.2820343492910444
5.194398626176,0.1644306361726052,0.28487938717399164
5.197155737973333,0.16739742559580367,0.2877214508016708
5.199912849770666,0.17030243836667044,0.29055656903398686
5.202669961568,0.17314411754956066,0.2933808940457598
5.205427073365333,0.17592097549423838,0.29619070171495926
5.208184185162666,0.17863159057030295,0.29898239154578965
5.21094129696,0.18127460433278758,0.3017524861969031
5.213698408757333,0.18384871905731684,0.3044976306776116
5.216455520554666,0.1863526955925463,0.3072145912679787
5.219212632352,0.1887853514853968,0.3099002542121381
5.221969744149333,0.19114555934112878,0.31255162422816446
5.224726855946666,0.19343224538577605,0.3151658228722877
5.227483967744,0.19564438820308308,0.317740086790227
5.230241079541333,0.197781017621983,0.3202717658838842
5.232998191338666,0.19984121373396047,0.3227583214175719
5.235755303136,0.2018241060224438,0.3251973240843256
5.238512414933332,0.20372887258876282,0.3275864520496341
5.241269526730665,0.2055547394612428,0.3299234889870832
5.244026638527999,0.20730097997575245,0.332206322117924
5.246783750325332,0.20896691421751795,0.334432940264391
5.249540862122665,0.210551908515303,0.33660143192471165
5.252297973919999,0.2120553749801649,0.33870998337610814
5.255055085717332,0.21347677108195384,0.34075687681068334
5.257812197514665,0.21481559925755497,0.3427404885078726
5.260569309311999,0.21607140654559112,0.3446592870461194
5.2633264211093325,0.2172437842429353,0.34651183155555415
5.2660835329066655,0.21833236757892524,0.34829677001272935
5.2688406447039995,0.2193368354036522,0.35001283757784285
5.2715977565013326,0.22025690988711724,0.35165885497438226
5.274354868298666,0.2210923562264107,0.3532337269106975
5.277111980096,0.22184298235840103,0.35473644054267794
5.279869091893333,0.22250863867569723,0.35616606397643524
5.282626203690666,0.2230892177439088,0.3575217448096826
5.285383315488,0.22358465401844357,0.35880270871033854
5.288140427285333,0.22399492355928635,0.36000825803076175
5.290897539082666,0.22432004374237735,0.3611377704559395
5.29365465088,0.22456007296636243,0.36219069768389606
5.296411762677333,0.22471511035363553,0.36316656413655957
5.299168874474666,0.2247852954447096,0.36406496569931185
5.301925986272,0.22477080788507367,0.3648855684874599
5.304683098069333,0.2246718671037902,0.3656281076378833
5.307440209866666,0.22448873198318037,0.36629238612414605
5.310197321664,0.22422170051902576,0.3668782735934047
5.312954433461333,0.2238711094707932,0.367385705223488
5.315711545258666,0.22343733400145366,0.36781468059858075
5.318468657056,0.22292078730652862,0.3681652626019944
5.321225768853333,0.22232192023205702,0.3684375763245716
5.323982880650665,0.22164122088122215,0.36863180798732514
5.326739992447999,0.22087921420942866,0.3687482038769752
5.329497104245332,0.2200364616076626,0.36878706929310406
5.332254216042665,0.21911356047400496,0.36874876750570706
5.335011327839999,0.21811114377320978,0.3686337187219728
5.337768439637332,0.21702987958428685,0.36844239906117854
5.3405255514346655,0.21587047063606618,0.3681753395366366
5.343282663231999,0.21463365383074487,0.36783312504367777
5.3460397750293325,0.21332019975544872,0.3674163933526969
5.3487968868266655,0.21193091218186397,0.3669258341063302
5.3515539986239995,0.2104666275540185,0.3663621878198687
5.354311110421333,0.2089282144643144,0.3657262448840457
5.357068222218666,0.2073165731179345,0.3650188445693629
5.359825334016,0.205632634785766,0.3642408740311465
5.362582445813333,0.20387736124600056,0.363393267314545
5.365339557610666,0.20205174421459082,0.36247700435869185
5.368096669408,0.2001568047647582,0.36149310999927226
5.370853781205333,0.19819359273576223,0.36044265296873795
5.373610893002666,0.19616318613115977,0.3593267448934138
5.3763680048,0.19406669050679315,0.35814653928674034
5.379125116597333,0.1919052383487644,0.3569032305378869
5.381882228394666,0.18967998844166342,0.3555980528949573
5.384639340192,0.1873921252273327,0.35423227944199187
5.387396451989333,0.18504285815446564,0.35280722106895257
5.390153563786666,0.18263342101934552,0.35132422543384034
5.392910675584,0.18016507129804843,0.34978467591607304
5.395667787381333,0.1776390894704453,0.3481899905602059
5.398424899178666,0.17505677833635164,0.34654162100904085
5.401182010976,0.17241946232418814,0.34484105142511895
5.403939122773333,0.16972848679253097,0.34308979739954376
5.406696234570666,0.16698521732494362,0.3412894048470204
5.409453346368,0.16419103901850346,0.3394414488859417
5.412210458165332,0.1613473557664508,0.33754753270228155
5.414967569962665,0.1584555895354116,0.3356092863959909
5.417724681759999,0.15551717963766817,0.33362836580851496
5.420481793557332,0.15253358199897885,0.3316064513299796
5.4232389053546655,0.1495062684224797,0.3295452466845108
5.425996017151999,0.14643672584923617,0.3274464776920737
5.4287531289493325,0.1433264556160606,0.3253118910051365
5.4315102407466656,0.14017697271125873,0.32314325281837747
5.4342673525439995,0.13698980502903524,0.32094234754957524
5.437024464341333,0.13376649262336565,0.31871097648974095
5.439781576138666,0.13050858696223563,0.31645095642047144
5.442538687936,0.12721765018326833,0.31416411819642986
5.445295799733333,0.12389525435190916,0.3118523052907933
5.448052911530666,0.12054298072352077,0.3095173723014443
5.450810023328,0.11716241901098164,0.30716118341563714
5.453567135125333,0.11375516665968011,0.30478561083082495
5.456324246922666,0.11032282813218812,0.3023925331293187
5.45908135872,0.10686701420540112,0.29998383360443365
5.461838470517333,0.10338934128359621,0.29756139853579894
5.464595582314666,0.09989143073173067,0.29512711541154096
5.467352694112,0.09637490823446797,0.2926828710951144
5.470109805909333,0.0928414031879836,0.2902305499346512
5.472866917706666,0.08929254813372961,0.28777203181282407
5.475624029504,0.08572997824625643,0.2853091901353899
5.478381141301333,0.08215533089125326,0.28284388975678604
5.481138253098666,0.07857024527567938,0.2803779848414086
5.483895364895999,0.0749763622200118,0.2779133166595047
5.486652476693333,0.07137532409443845,0.2754517113169742
5.489409588490666,0.06776877497818773,0.2729949774187887
5.492166700287999,0.06415836112718397,0.27054490366621764
5.494923812085333,0.060545731874889736,0.2681032563885907
5.497680923882666,0.05693254115303452,0.26567177701093786
5.5004380356799984,0.05332044991758866,0.2632521794595205
5.503195147477332,0.04971112992690176,0.2608461475080159
5.5059522592746655,0.04610626959129952,0.25845533206792987
5.5087093710719985,0.04250758308797584,0.25608134842768954
5.5114664828693325,0.038916824793277585,0.25372577344581587
5.514223594666666,0.035335812704797444,0.2513901427045723
5.516980706463999,0.031766467741062294,0.24907594763154348
5.519737818261333,0.02821088257247417,0.24678463259769326
5.522494930058666,0.024671448907682646,0.2445175920015818
5.525252041855999,0.02115110969838214,0.24227616735057242
5.528009153653333,0.017653905398831875,0.2400616443510159
5.530766265450666,0.014186305715238054,0.2378752500205459
5.533523377247999,0.010761036651966685,0.23571814983673323
5.536280489045333,0.007411128227840159,0.2335914449374145
5.539037600842666,0.004266891264702056,0.23149616938900178
5.541794712639999,0.0022776882418366565,0.22943328753997666
5.544551824437333,0.003921332808857868,0.2274036914775499
5.547308936234666,0.006945954951386595,0.2254081986060956
5.550066048031999,0.010160507153918816,0.22344754936643552
5.552823159829333,0.013407219622438212,0.22152240511531537
5.555580271626666,0.016648620033789797,0.21963334618447047
5.558337383423999,0.01987091513770816,0.21778087013850192
5.561094495221333,0.023067389973064796,0.21596539025035394
5.563851607018666,0.026234041724439425,0.21418723421249572
5.566608718815999,0.029368094200115817,0.21244664310095004
5.569365830613333,0.03246739791058586,0.21074377060808014
5.572122942410666,0.035530156177461546,0.20907868255854675
5.574880054207999,0.038554788014817716,0.20745135672108664
5.577637166005333,0.04153985438341521,0.2058616829267597
5.580394277802666,0.044484016201894794,0.20430946350208615
5.583151389599999,0.04738600931406268,0.20279441402307183
5.585908501397333,0.05024462899679354,0.20131616439353672
5.5886656131946655,0.053058720077567054,0.1998742602484552
5.5914227249919985,0.05582717047591909,0.1984681646802244
5.5941798367893325,0.058548906902725864,0.19709726028295343
5.596936948586666,0.06122289195743178,0.19576085150705044
5.599694060383999,0.06384812215273294,0.1944581673136281
5.602451172181333,0.06642362656729786,0.19318836411559562
5.605208283978666,0.06894846593125432,0.19195052898981269
5.607965395775999,0.07142173201427363,0.19074368314236817
5.610722507573333,0.07384254722775449,0.18956678560698145
5.613479619370666,0.07621006437985405,0.1884187371547154
5.616236731167999,0.07852346654028318,0.18729838439167523
5.618993842965333,0.0807819669841141,0.18620452402017065
5.621750954762666,0.08298480919235371,0.18513590723794046
5.624508066559999,0.0851312668929965,0.18409124424950155
5.627265178357333,0.08722064413050085,0.18306920886347033
5.630022290154666,0.08925227535468049,0.18206844314982293
5.632779401951999,0.09122552552221867,0.18108756213148025
5.635536513749333,0.09313979020565293,0.18012515848532196
5.638293625546666,0.09499449570589291,0.17917980722870888
5.641050737343999,0.0967890991652567,0.17825007036881416
5.643807849141333,0.09852308867871025,0.17733450149348312
5.646564960938666,0.10019598340153264,0.17643165028393767
5.649322072735999,0.1018073336520516,0.1755400669313743
5.652079184533333,0.10335672100842307,0.1746583064413426
5.654836296330666,0.10484375839869334,0.17378493281169352
5.657593408127999,0.10626809018359415,0.17291852307183794
5.660350519925333,0.10762939223169539,0.17205767117299967
5.663107631722666,0.10892737198668698,0.1712009917210853
5.665864743519999,0.11016176852668164,0.17034712354567627
5.668621855317333,0.11133235261553764,0.16949473310046972
5.671378967114666,0.1124389267462946,0.16864251769223226
5.674136078911999,0.11348132517689652,0.16778920853696727
5.6768931907093325,0.11445941395845675,0.16693357364352115
5.679650302506666,0.1153730909563893,0.16607442052626684
5.682407414303999,0.11622228586480202,0.1652105987497807
5.685164526101333,0.11700696021461472,0.16434100230959128
5.687921637898666,0.11772710737593592,0.1634645718541052
5.690678749695999,0.11838275255529755,0.1625802967537212
5.693435861493333,0.11897395278842356,0.16168721702392647
5.696192973290666,0.1195007969292809,0.16078442510983493
5.698950085087999,0.11996340563624233,0.1598710675401824
5.701707196885333,0.1203619313562752,0.1589463464592433
5.704464308682666,0.12069655830816459,0.15800952104549026
5.707221420479999,0.1209675024658755,0.1570599088260782
5.709978532277333,0.12117501154327155,0.15609688689642154
5.712735644074666,0.12131936498152487,0.15511989305423754
5.715492755871999,0.12140087394068251,0.1541284268574698
5.718249867669333,0.12141988129700351,0.15312205061548462
5.721006979466666,0.12137676164783649,0.15210039032285286
5.723764091263999,0.12127192132599066,0.15106313654490114
5.726521203061333,0.12110579842574841,0.15001004526403586
5.729278314858666,0.12087886284289166,0.148940938695619
5.732035426655999,0.12059161633136042,0.14785570608190365
5.734792538453333,0.12024459257944056,0.14675430447221965
5.737549650250666,0.11983835730868804,0.14563675949723578
5.740306762047999,0.11937350839914779,0.14450316614470657
5.743063873845333,0.11885067604481843,0.14335368954363786
5.745820985642666,0.11827052294375792,0.14218856576326552
5.748578097439999,0.1176337445277264,0.14100810263262525
5.751335209237333,0.11694106923682893,0.13981268058579066
5.754092321034666,0.11619325884526129,0.13860275353705104
5.7568494328319995,0.11539110884498942,0.13737884978937817
5.759606544629333,0.11453544889501742,0.1361415729784683
5.7623636564266665,0.11362714334483515,0.13489160305341935
5.765120768223999,0.11266709184170444,0.13362969729369242
5.767877880021333,0.1116562300326551,0.1323566913603724
5.770634991818666,0.11059553037344716,0.1310735003778617
5.773392103615999,0.10948600305833549,0.12978112003997505
5.776149215413333,0.10832869708627736,0.12848062773190866
5.778906327210666,0.10712470148128739,0.12717318365670588
5.781663439007999,0.10587514668700376,0.12586003195157916
5.784420550805333,0.10458120615823245,0.12454250177574393
5.787177662602666,0.10324409817533076,0.12322200834723004
5.789934774399999,0.10186508791083415,0.12190005390142601
5.792691886197333,0.1004454897817916,0.12057822853885648
5.795448997994666,0.09898667012592005,0.11925821092387433
5.798206109791999,0.09749005024500745,0.11794176878956743
5.800963221589333,0.09595710986506899,0.11663075919726272
5.803720333386666,0.09438939106969427,0.11532712849160477
5.806477445183999,0.09278850277091173,0.11403291188438372
5.809234556981333,0.09115612579084566,0.11275023259223349
5.811991668778666,0.08949401863754858,0.11148130044520134
5.814748780575999,0.08780402406973738,0.1102284098752765
5.817505892373332,0.08608807655779918,0.10899393718659753
5.820263004170666,0.08434821076236172,0.10778033700266942
5.823020115967999,0.08258657116684986,0.10659013778102976
5.825777227765332,0.08080542301655222,0.10542593628303253
5.828534339562666,0.07900716473335974,0.10429039088647284
5.831291451359999,0.07719434199177247,0.10318621363243723
5.8340485631573324,0.07536966365679892,0.10211616090586143
5.836805674954666,0.07353601979616364,0.10108302266264707
5.8395627867519995,0.07169650198503007,0.10008961013561328
5.8423198985493325,0.06985442611723391,0.09913874197770009
5.8450770103466665,0.06801335791704527,0.09823322883414139
5.847834122144,0.06617714130169018,0.09737585637591616
5.850591233941332,0.06434992966616436,0.09656936687436816
5.853348345738666,0.06253622003336423,0.09581643945064608
5.856105457535999,0.06074088981471043,0.09511966919211907
5.858862569333332,0.058969235634531124,0.09448154538909669
5.861619681130666,0.057227013255628616,0.09390442920629359
5.864376792927999,0.055520477069971305,0.09339053116122445
5.867133904725332,0.05385641685352344,0.09294188883237589
5.869891016522666,0.0522421885015735,0.09256034525966847
5.872648128319999,0.05068573425540151,0.09224752852461161
5.875405240117332,0.04919558654021366,0.09200483300436335
5.878162351914666,0.047780848068491415,0.09183340278018579
5.880919463711999,0.046451139542920426,0.09173411764527428
5.883676575509332,0.04521650548487975,0.09170758209983342
5.886433687306666,0.04408726894354148,0.09175411764434967
5.889190799103999,0.043073827753559085,0.09187375858861024
5.891947910901332,0.042186389244184753,0.09206625148883875
5.894705022698666,0.04143464724073282,0.09233105821406096
5.897462134495999,0.04082741461833908,0.09266736253169962
5.900219246293332,0.04037223540578378,0.09307407999762889
5.902976358090666,0.04007501027386634,0.09354987084312923
5.905733469887999,0.039939675238422984,0.09409315547497858
5.908490581685332,0.039967972792307814,0.09470213214851601
5.911247693482666,0.0401593460666067,0.09537479633859267
5.914004805279999,0.04051097096806207,0.09610896131996953
5.9167619170773325,0.04101792192280668,0.09690227947561934
5.919519028874666,0.041673448607305784,0.0977522638760365
5.9222761406719995,0.042469328199339844,0.09865630971177429
5.9250332524693325,0.04339625262284526,0.09961171521124615
5.9277903642666665,0.04444421285036454,0.10061570173251232
5.930547476064,0.04560285042046351,0.1016654327776738
5.933304587861333,0.046861756932884045,0.10275803173839256
5.936061699658667,0.04821071269122923,0.10389059823830127
5.938818811455999,0.0496398640997865,0.10506022299064527
5.941575923253332,0.05113984516866944,0.10626400113603993
5.944333035050666,0.05270185162923398,0.10749904406495157
5.947090146847999,0.05431767724500759,0.10876248976213526
5.949847258645332,0.055979721590915875,0.11005151173593812
5.952604370442666,0.05768097747169408,0.11136332661452117
5.955361482239999,0.059415004717471465,0.11269520050432874
5.958118594037332,0.06117589563050839,0.11404445421428977
5.960875705834666,0.06295823603001376,0.11540846745308912
5.963632817631999,0.06475706472603773,0.11678468210719291
5.966389929429332,0.0665678333638887,0.11817060470491643
5.969147041226666,0.06838636790042206,0.1195638081673563
5.971904153023999,0.07020883247164512,0.12096193294108064
5.974661264821332,0.07203169605260332,0.12236268760057785
5.977418376618666,0.07385170206287239,0.12376384900103145
5.980175488415999,0.07566584090628707,0.12516326205433737
5.982932600213332,0.07747132532923731,0.1265588391936801
5.985689712010666,0.07926556842044319,0.12794855958461668
5.988446823807999,0.08104616404337749,0.12933046813362298
5.991203935605332,0.08281086948072576,0.13070267433852228
5.993961047402666,0.08455759007147177,0.13206335101920047
5.996718159199999,0.0862843656304252,0.13341073296153189
5.9994752709973325,0.08798935845385618,0.13474311550250267
6.002232382794666,0.089670842731047,0.1360588530801138
6.0049894945919995,0.0913271951984901,0.13735635776773963
6.0077466063893326,0.09295688689017566,0.13863409780919028
6.0105037181866665,0.0945584758533353,0.13989059616773253
6.013260829984,0.09613060071380639,0.14112442909972764
6.016017941781333,0.09767197498870119,0.14233422476131297
6.018775053578667,0.09918138205626473,0.14351866185463857
6.021532165376,0.10065767070371007,0.14467646831854772
6.024289277173333,0.10209975118350435,0.14580642006721387
6.027046388970667,0.10350659171713204,0.14690733977909648
6.029803500767999,0.10487721539289029,0.1479780957376203
6.032560612565332,0.10621069741087726,0.14901760072418896
6.035317724362666,0.10750616263411947,0.15002481096349943
6.038074836159999,0.1087627834098439,0.15099872512059895
6.040831947957332,0.10997977762932175,0.1519383833487104
6.043589059754666,0.11115640699857358,0.15284286638652414
6.046346171551999,0.11229197549559561,0.15371129470340383
6.049103283349332,0.11338582799271499,0.15454282769076685
6.051860395146666,0.1144373490252555,0.1553366628977676
6.054617506943999,0.11544596168994446,0.15609203530932228
6.057374618741332,0.11641112665846448,0.15680821666446523
6.060131730538666,0.11733234129327584,0.1574845148130033
6.062888842335999,0.11820913885435204,0.15812027310844104
6.065645954133332,0.11904108778679737,0.1587148698351742
6.068403065930666,0.11982779108048508,0.15926771766798764
6.071160177727999,0.12056888569388576,0.1597782631619506
6.073917289525332,0.12126404203516045,0.16024598627086217
6.076674401322666,0.12191296349439948,0.16067039989247411
6.079431513119999,0.12251538602159798,0.16105104943879325
6.0821886249173325,0.12307107774559059,0.16138751242984892
6.084945736714666,0.1235798386297313,0.16167939810939205
6.0877028485119995,0.12404150016060625,0.16192634708108264
6.090459960309333,0.12445592506651695,0.16212803096380626
6.0932170721066665,0.1248230070628764,0.16228415206484964
6.095974183904,0.12514267062202494,0.16239444306975392
6.098731295701333,0.12541487076530394,0.16245866674774967
6.101488407498667,0.12563959287552676,0.16247661567176716
6.104245519296,0.12581685252826205,0.16244811195210238
6.107002631093333,0.1259466953405992,0.16237300698290197
6.109759742890667,0.1260291968363019,0.16225118120072113
6.112516854688,0.12606446232647528,0.16208254385449
6.115273966485332,0.1260526268050819,0.1618670327863113
6.118031078282666,0.12599385485883674,0.1616046142225972
6.120788190079999,0.12588834059120252,0.1612952825751386
6.123545301877332,0.12573630756038923,0.16093906025178786
6.126302413674666,0.1255380087314398,0.16053599747652364
6.129059525471999,0.12529372644266268,0.16008617211875514
6.131816637269332,0.12500377238684518,0.15958968953181799
6.134573749066666,0.12466848760786098,0.15904668240070421
6.137330860863999,0.12428824251346277,0.1584573105991721
6.140087972661332,0.12386343690523663,0.1578217610564806
6.142845084458666,0.12339450002688283,0.15714024763410164
6.145602196255999,0.12288189063218655,0.156413011012878
6.148359308053332,0.12232609707424633,0.15564031859121338
6.151116419850665,0.12172763741774735,0.15482246439501052
6.153873531647999,0.12108705957629379,0.15395976900021038
6.156630643445332,0.12040494147705998,0.1530525794689348
6.1593877552426655,0.11968189125527796,0.15210126930039336
6.162144867039999,0.11891854748135779,0.15110623839789178
6.1649019788373325,0.11811557942373276,0.15006791305346823
6.1676590906346656,0.11727368735084079,0.14898674595189199
6.1704162024319995,0.11639360287599407,0.1478632161959899
6.173173314229333,0.11547608934925753,0.14669782935551473
6.175930426026666,0.11452194230084842,0.14549111754205246
6.178687537824,0.11353198994099334,0.1442436395127715
6.181444649621333,0.11250709372163088,0.14295598080616223
6.184201761418666,0.1114481489658295,0.14162875391329557
6.186958873216,0.1103560855713065,0.14026259848855824
6.189715985013333,0.1092318687949774,0.1388581816042966
6.192473096810666,0.10807650012604031,0.13741619805433591
6.195230208608,0.10689101825570099,0.13593737071194123
6.197987320405333,0.10567650015226955,0.13442245094845623
6.200744432202666,0.1044340622509979,0.13287221911961453
6.203501544,0.10316486176867595,0.13128748512736818
6.206258655797332,0.10187009815364127,0.129669089066038
6.209015767594665,0.10055101468247113,0.12801790196267357
6.211772879391999,0.09920890021518979,0.12633482662273285
6.214529991189332,0.09784509112130187,0.12462079859357332
6.217287102986665,0.0964609733893196,0.12287678725981092
6.220044214783999,0.09505798493262413,0.12110379708636557
6.222801326581332,0.09363761810442824,0.11930286902701742
6.225558438378665,0.09220142243419112,0.11747508211855297
6.228315550175999,0.0907510075969729,0.11562155528314279
6.231072661973332,0.08928804662576055,0.11374344936447607
6.233829773770665,0.08781427937457903,0.11184196942644435
6.236586885567999,0.08633151623700691,0.10991836734683746
6.239343997365332,0.08484164212028658,0.10797394474265125
6.2421011091626655,0.08334662066924237,0.10601005626824121
6.244858220959999,0.08184849872632378,0.10402811333273736
6.2476153327573325,0.08034941100383584,0.10202958828889108
6.250372444554666,0.07885158493130201,0.10001601915189154
6.2531295563519995,0.07735734562435051,0.09798901491365465
6.255886668149333,0.07586912090089372,0.09595026152564326
6.258643779946666,0.07438944624501317,0.09390152863133268
6.261400891744,0.07292096958819783,0.0918446771378632
6.264158003541333,0.07146645574079845,0.08978166772496501
6.266915115338666,0.07002879026327573,0.08771457039751805
6.269672227136,0.06861098251684809,0.08564557519553417
6.272429338933333,0.06721616757671325,0.08357700418104212
6.275186450730666,0.0658476066290532,0.08151132482407696
6.277943562528,0.06450868540739826,0.07945116490794667
6.280700674325333,0.06320291015777434,0.07739932906471247
6.283457786122666,0.06193390056019278,0.07535881703201723
6.28621489792,0.060705378983226005,0.07333284368749135
6.288972009717333,0.05952115541764485,0.07132486086098073
6.291729121514665,0.05838510743559767,0.06933858084001703
6.294486233311999,0.05730115456672648,0.06737800136048008
6.297243345109332,0.05627322658610779,0.06544743170029259
6.300000456906665,0.0553052253845929,0.06355151925516866
6.302757568703999,0.054400980350696265,0.06169527565648057
6.305514680501332,0.05356419753925698,0.059884101077014425
6.308271792298665,0.05279840333060447,0.05812380484890233
6.311028904095999,0.052106883776667653,0.05642061988604851
6.313786015893332,0.051492621353570106,0.054781207674238594
6.316543127690665,0.050958231344216044,0.053212649807039374
6.319300239487999,0.05050590049706996,0.05172242128776328
6.322057351285332,0.05013733088117168,0.050318340227167004
6.3248144630826655,0.049853691920081114,0.04900848835052324
6.327571574879999,0.049655583394627244,0.04780109715848522
6.3303286866773325,0.049543011741835646,0.0467043959731027
6.333085798474666,0.0495153812690246,0.04572642072363704
6.3358429102719995,0.04957150101041758,0.044874786326639625
6.338600022069333,0.0497096069725976,0.04415643074795545
6.341357133866666,0.04992739855483287,0.04357734474148424
6.344114245664,0.05022208709797028,0.04314230681680755
6.346871357461333,0.050590453897063827,0.04285464682725373
6.349628469258666,0.05102891465924911,0.04271606231100872
6.352385581056,0.05153358731045992,0.04272650845151532
6.355142692853333,0.05210036022615121,0.04288417527017569
6.357899804650666,0.052724958328462176,0.04318555556738142
6.360656916448,0.053403004986924914,0.04362559621968202
6.363414028245333,0.05413007821198984,0.044197916027453744
6.366171140042666,0.054901760179002564,0.044895067226063505
6.36892825184,0.055713679618368914,0.045708815856944585
6.371685363637333,0.05656154702601987,0.0466304181546571
6.374442475434666,0.057441182973406245,0.04765087482055577
6.377199587232,0.05834854002744016,0.04876115106560738
6.379956699029332,0.05927971893637452,0.04995235628676756
6.382713810826665,0.0602309798110716,0.0512158822776705
6.385470922623999,0.06119874904801116,0.05254350253029405
6.388228034421332,0.062179622716051076,0.05392743742165263
6.390985146218665,0.06317036707705193,0.05536039110903458
6.393742258015999,0.06416791684233414,0.05683556609526222
6.396499369813332,0.06516937169133044,0.05834666099160667
6.399256481610665,0.0661719915021226,0.05988785626715578
6.402013593407999,0.06717319067014202,0.06145379192415533
6.404770705205332,0.06817053182385155,0.0630395402045961
6.4075278170026655,0.06916171918612424,0.06464057568412113
6.4102849287999994,0.07014459177781199,0.06625274447583995
6.4130420405973325,0.0711171166155466,0.06787223375440635
6.415799152394666,0.072077382018657,0.06949554241111004
6.4185562641919995,0.07302359110951546,0.0711194533484533
6.421313375989333,0.07395405556684655,0.07274100770047032
6.424070487786666,0.07486718967174134,0.0743574811063343
6.426827599584,0.07576150467053425,0.07596636205500373
6.429584711381333,0.07663560346662497,0.07756533224562549
6.432341823178666,0.07748817564412698,0.07915224886239572
6.435098934976,0.07831799281936164,0.08072512863598293
6.437856046773333,0.07912390431122478,0.08228213355066413
6.440613158570666,0.0799048331179471,0.08382155805269713
6.443370270368,0.08065977218543076,0.08534181761799646
6.446127382165333,0.0813877809509049,0.08684143854360574
6.448884493962666,0.08208798214489868,0.08831904883616248
6.45164160576,0.08275955883430026,0.08977337008040266
6.454398717557333,0.08340175168943001,0.09120321018100008
6.457155829354666,0.08401385645848827,0.09260745688116812
6.459912941152,0.08459522163336665,0.0939850719711673
6.462670052949333,0.08514524629156627,0.09533508610896316
6.465427164746666,0.0856633780998018,0.09665659418367978
6.468184276544,0.08614911146574515,0.0979487511601528
6.470941388341332,0.08660198582525083,0.0992107683498102
6.473698500138665,0.08702158405328533,0.1004419100593253
6.476455611935999,0.08740753098764244,0.10164149057404122
6.479212723733332,0.08775949205535119,0.10280887143811175
6.481969835530665,0.08807717199246885,0.10394345899768459
6.4847269473279985,0.08836031364869816,0.10504470217734191
6.487484059125332,0.08860869686896099,0.10611209046344139
6.4902411709226655,0.0888221374447177,0.10714515207103473
6.492998282719999,0.08900048612842557,0.10814345227371236
6.4957553945173325,0.089143627705093,0.10910659187808328
6.498512506314666,0.08925148011540766,0.11003420582667602
6.501269618111999,0.08932399362539681,0.11092596191488367
6.504026729909333,0.0893611500380203,0.11178155960919015
6.506783841706666,0.08936296194250516,0.112600728955345
6.509540953503999,0.08932947199760456,0.11338322956641275
6.512298065301333,0.08926075224530826,0.11412884968173836
6.515055177098666,0.08915690345184822,0.1148374052888536
6.517812288895999,0.08901805447313216,0.11550873930122131
6.520569400693333,0.08884436164200553,0.11614272078548853
6.523326512490666,0.08863600817498683,0.1167392442326016
6.526083624287999,0.08839320359634567,0.1172982288677471
6.528840736085333,0.0881161831776019,0.11781961799462129
6.531597847882666,0.08780520739071292,0.1183033783700137
6.534354959679999,0.08746056137339378,0.11874949960511648
6.537112071477333,0.08708255440517679,0.1191579935903565
6.539869183274666,0.08667151939296838,0.11952889394088802
6.542626295071999,0.0862278123650008,0.11986225546018799
6.545383406869333,0.08575181197220624,0.12015815361947371
6.548140518666666,0.0852439189961637,0.12041668405090515
6.550897630463999,0.08470455586288174,0.1206379620527571
6.553654742261333,0.08413416616178966,0.12082212210494621
6.556411854058665,0.08353321416941045,0.12096931739347641
6.559168965855998,0.08290218437728714,0.12107971934253009
6.561926077653332,0.08224158102382627,0.12115351715307783
6.564683189450665,0.08155192762981502,0.12119091734701617
6.5674403012479985,0.08083376653745361,0.12119214331596163
6.5701974130453324,0.08008765845283443,0.1211574348739418
6.5729545248426655,0.07931418199188293,0.12108704781332663
6.575711636639999,0.07851393322986437,0.12098125346343344
6.5784687484373325,0.07768752525464614,0.12084033825132927
6.581225860234666,0.07683558772399825,0.12066460326442902
6.583982972031999,0.07595876642730465,0.12045436381456404
6.586740083829333,0.07505772285216127,0.12020994900326465
6.589497195626666,0.07413313375643482,0.11993170128806054
6.592254307423999,0.0731856907464734,0.11961997604966786
6.595011419221333,0.07221609986227659,0.11927514115998483
6.597768531018666,0.07122508117056582,0.11889757655087199
6.600525642815999,0.07021336836684026,0.11848767378374742
6.603282754613333,0.06918170838766256,0.1180458356200721
6.606039866410666,0.06813086103459741,0.11757247559285249
6.608796978207999,0.06706159861142709,0.11706801757933097
6.611554090005333,0.0659747055764917,0.11653289537508198
6.614311201802666,0.06487097821225991,0.11596755226977555
6.617068313599999,0.06375122431452554,0.11537244062491547
6.619825425397333,0.06261626290396047,0.11474802145390438
6.622582537194666,0.06146692396313476,0.11409476400483196
6.625339648991999,0.0603040482025582,0.11341314534643059
6.628096760789333,0.05912848685980395,0.11270364995768867
6.630853872586666,0.057941101536368604,0.1119667693216617
6.633610984383999,0.05674276407760698,0.11120300152407146
6.636368096181333,0.055534356501881266,0.11041285085733699
6.639125207978666,0.054316770986000455,0.10959682743073872
6.641882319775998,0.053090909915120235,0.10875544678747441
6.644639431573332,0.051857686006562626,0.10788922952943122
6.647396543370665,0.05061802251852843,0.10699870095056592
6.6501536551679985,0.04937285355646408,0.10608439067985803
6.6529107669653325,0.04812312449195706,0.1051468323348829
6.6556678787626655,0.046869792511536265,0.10418656318713486
6.658424990559999,0.045613827315724054,0.10320412384032973
6.6611821023573325,0.04435621199221333,0.10220005792301616
6.663939214154666,0.04309794409124335,0.10117491179694271
6.666696325951999,0.041840036936247826,0.10012923428275255
6.669453437749333,0.040583521208813034,0.09906357640471838
6.672210549546666,0.03932944685409127,0.09797849115638575
6.674967661343999,0.03807888536129167,0.09687453328916722
6.677724773141333,0.036832932483961446,0.09575225912612298
6.680481884938666,0.035592711476761824,0.09461222640338149
6.683238996735999,0.03435937693964638,0.09345499414189716
6.685996108533333,0.03313411937707824,0.09228112255251757
6.688753220330666,0.031918170599483486,0.09109117297764209
6.691510332127999,0.03071281011674512,0.08988570787310303
6.694267443925333,0.029519372699241975,0.08866529083429905
6.697024555722666,0.028339257310425383,0.08743048667105745
6.699781667519999,0.027173937645279454,0.08618186153621757
6.702538779317333,0.026024974539240152,0.0849199831135054
6.705295891114666,0.02489403053850094,0.08364542087093842
6.708053002911999,0.023782886938515803,0.08235874638675578
6.710810114709333,0.02269346359184028,0.0810605337557413
6.713567226506666,0.02162784174126165,0.07975136008480033
6.716324338303999,0.020588290021192654,0.07843180608779841
6.719081450101333,0.019577293546441152,0.07710245679098293
6.721838561898666,0.018597585609360666,0.0757639023618236
6.724595673695999,0.017652180845188076,0.07441673907585308
6.727352785493333,0.01674440768484716,0.07306157043810009
6.730109897290666,0.015877936359166504,0.07169900847803336
6.7328670090879985,0.015056796524676088,0.07032967523961928
6.7356241208853325,0.014285375711747605,0.06895420449120168
6.7383812326826655,0.013568386444308527,0.06757324368350381
6.741138344479999,0.012910786699726472,0.06618745618820579
6.743895456277333,0.012317636755950384,0.06479752385435392
6.746652568074666,0.01179387768968006,0.06340414992540637
6.749409679871999,0.011344025685063529,0.062008062366121594
6.752166791669333,0.010971793992721092,0.0606100176558678
6.754923903466666,0.01067967980446996,0.05921080511339714
6.757681015263999,0.010468579812414752,0.057811251827807976
6.760438127061333,0.010337513579697245,0.05641222828143313
6.763195238858666,0.010283525510566716,0.05501465476282664
6.765952350655999,0.010301800402872608,0.053619508681924374
6.768709462453333,0.010385975383909975,0.052227832914782335
6.771466574250666,0.010528584134914459,0.050840745321873465
6.774223686047999,0.010721546740241228,0.04945944960134579
6.776980797845333,0.01095662531885061,0.04808524765617925
6.779737909642666,0.01122579246340346,0.046719553670574746
6.782495021439999,0.01152149140222578,0.0453639101041731
6.785252133237333,0.01183679217658849,0.04402000581975474
6.788009245034666,0.012165462570253258,0.042689696556296015
6.790766356831999,0.012501977210294236,0.0413750279378887
6.793523468629333,0.012841486685880477,0.04007826116039412
6.796280580426666,0.013179764113095625,0.03880190140827467
6.799037692223999,0.013513141613712995,0.037548728905425655
6.801794804021333,0.01383844484858929,0.03632183227181248
6.804551915818666,0.014152930445225555,0.03512464351181069
6.807309027615999,0.014454228859576819,0.033960973464328865
6.810066139413332,0.014740293723540089,0.032835045860706256
6.812823251210666,0.015009357831645006,0.03175152723087033
6.815580363007999,0.015259895422999256,0.030715548757910088
6.818337474805332,0.015490590173328439,0.02973271483674175
6.8210945866026655,0.01570030822611121,0.028809091654574938
6.823851698399999,0.015888075594635277,0.027951167815231784
6.826608810197332,0.016053059316133076,0.027165778280086796
6.829365921994666,0.016194551809501686,0.02645998328259563
6.832123033791999,0.016311957964789417,0.025840896103823764
6.834880145589332,0.016404784567746376,0.02531545832949868
6.837637257386666,0.016472631732521153,0.024890168710359654
6.840394369183999,0.01651518607870844,0.02457078145831911
6.843151480981332,0.016532215445455165,0.024362000008154434
6.845908592778666,0.01652356498603209,0.024267200134073436
6.848665704575999,0.016489154532372013,0.024288218638861606
6.851422816373332,0.016428977161987837,0.024425238400607473
6.854179928170666,0.01634309894096566,0.024676787459455406
6.856937039967999,0.016231659858032293,0.025039851970759957
6.859694151765332,0.016094876007829568,0.025510085083030324
6.862451263562666,0.015933043128476695,0.026082080914614923
6.865208375359999,0.015746541651520608,0.026749677609954208
6.867965487157332,0.015535843484067781,0.027506255940698533
6.870722598954666,0.01530152081628075,0.028345007800713595
6.873479710751999,0.01504425733600648,0.029259159050726
6.876236822549332,0.014764862340025794,0.030242140730275317
6.878993934346666,0.014464288362468682,0.03128771000747998
6.881751046143999,0.01414365309926718,0.03239002686029369
6.884508157941332,0.013804266595648226,0.033543694654425436
6.887265269738666,0.013447664880462808,0.03474377315338284
6.890022381535999,0.013075651467476484,0.03598577176364749
6.892779493333332,0.012690348374736118,0.03726562955507549
6.895536605130666,0.012294258484578569,0.038579687195861856
6.898293716927999,0.011890341072669426,0.03992465463153335
6.9010508287253325,0.011482101981096539,0.04129757722569559
6.903807940522666,0.011073698865762066,0.042695802196434665
6.906565052319999,0.010670059679002284,0.04411694651345298
6.909322164117332,0.01027700827368461,0.04555886693518933
6.912079275914666,0.009901383752783719,0.047019632525223246
6.914836387711999,0.009551129067261242,0.04849749975831582
6.917593499509332,0.009235309495956821,0.04999089017894162
6.920350611306666,0.008964005844802038,0.05149837048560864
6.923107723103999,0.008748018369234056,0.053018634864767177
6.925864834901332,0.008598329648158046,0.05455048937548729
6.928621946698666,0.008525323775761682,0.056092838180904415
6.931379058495999,0.008537848616335563,0.057644671428061664
6.934136170293332,0.008642309209815714,0.05920505458969099
6.936893282090666,0.008842032368967365,0.06077311909663447
6.939650393887999,0.00913708931930248,0.062348054106034057
6.942407505685332,0.009524612744902369,0.06392909926687372
6.945164617482666,0.00999947906630636,0.06551553836019362
6.947921729279999,0.010555138289044688,0.06710669370590414
6.950678841077332,0.011184390755586672,0.06870192124141754
6.953435952874666,0.011879991744361523,0.07030060618922833
6.956193064671999,0.012635051594559913,0.07190215924114501
6.958950176469332,0.013443255940482436,0.07350601319618845
6.961707288266666,0.01429895344240228,0.07511161999731863
6.964464400063999,0.015197158433156157,0.07671844811926419
6.967221511861332,0.01613350588845473,0.0783259802659054
6.969978623658666,0.01710418433734228,0.07993371134102445
6.972735735455999,0.01810586246795234,0.08154114666087946
6.975492847253332,0.0191356181631646,0.08314780038108097
6.978249959050666,0.020190874190665294,0.08475319411372663
6.981007070847999,0.021269342099700342,0.08635685571376002
6.9837641826453325,0.022368974415479307,0.08795831821612418
6.9865212944426665,0.023487924502590816,0.08955711890753548
6.9892784062399995,0.024624513176737924,0.0911527985186571
6.992035518037333,0.025777201083401705,0.09274490052414702
6.9947926298346665,0.026944565916401656,0.09433297053952448
6.997549741631999,0.028125283652962827,0.09591655580507924
7.000306853429332,0.029318113099459624,0.09749520474815897
7.003063965226666,0.03052188315577024,0.0990684666161399
7.005821077023999,0.03173548230828924,0.10063589117323134
7.008578188821332,0.03295784994953309,0.10219702845500361
7.011335300618666,0.03418796919602374,0.10375142857517539
7.014092412415999,0.035424860937048344,0.1052986415797642
7.016849524213332,0.03666757889670495,0.10683821734420042
7.019606636010666,0.03791520553212438,0.10836970550944401
7.022363747807999,0.039166848623544935,0.1098926554535283
7.025120859605332,0.04042163843842305,0.11140661629529561
7.027877971402666,0.0416787253731858,0.11291113692739152
7.030635083199999,0.042937277993556545,0.11440576607585022
7.033392194997332,0.044196481408414166,0.11589005238384138
7.036149306794666,0.04545553592352525,0.11736354451735849
7.038906418591999,0.046713655930742684,0.11882579129081826
7.041663530389332,0.047970068995801335,0.12027634181070623
7.044420642186666,0.04922401511400654,0.1217147456355557
7.047177753983999,0.05047474610815703,0.1231405529506812
7.049934865781332,0.05172152514719479,0.12455331475620834
7.052691977578666,0.05296362636749445,0.1259525830670524
7.055449089375999,0.054200334581531305,0.12733791112359447
7.058206201173332,0.05543094506101199,0.12870885361189516
7.060963312970666,0.05665476338350184,0.13006496689236616
7.063720424767999,0.05787110533320851,0.13140580923589243
7.0664775365653325,0.05907929684794307,0.1327309410664667
7.0692346483626665,0.0602786740054213,0.1340399252094577
7.0719917601599995,0.061468583043027894,0.13533232714469018
7.074748871957333,0.062648380405979,0.13660771526356685
7.0775059837546666,0.06381743281950336,0.13786566112950818
7.080263095552,0.06497511738124497,0.13910573974103121
7.083020207349332,0.06612082167058772,0.14032752979682844
7.085777319146666,0.06725394387202341,0.1415306139622436
7.088534430943999,0.0683738929100485,0.14271457913657962
7.091291542741332,0.06948008859338495,0.14387901672070094
7.094048654538666,0.07057196176658863,0.14502352288442782
7.096805766335999,0.07164895446733924,0.14614769883324488
7.099562878133332,0.07271052008790556,0.14725115107387302
7.102319989930666,0.073756123539453,0.14833349167827978
7.105077101727999,0.07478524141801214,0.1493943385457257
7.107834213525332,0.07579736217105683,0.15043331566246448
7.110591325322666,0.07679198626375686,0.15145005335873846
7.113348437119999,0.07776862634407129,0.15244418856272832
7.116105548917332,0.0787268074059356,0.15341536505113393
7.118862660714666,0.07966606694987649,0.15436323369608265
7.121619772511999,0.08058595514045629,0.1552874527080765
7.124376884309332,0.08148603496000961,0.1561876878747059
7.127133996106666,0.08236588235819244,0.15706361279487316
7.129891107903999,0.08322508639690902,0.15791490910828163
7.132648219701332,0.08406324939022966,0.15874126671996364
7.135405331498666,0.08487998703894822,0.1595423840196288
7.138162443295999,0.08567492855946676,0.1603179680956312
7.140919555093332,0.08644771680672489,0.16106773494336343
7.1436766668906655,0.08719800839092032,0.16179140966789787
7.1464337786879994,0.08792547378779646,0.16248872668070755
7.1491908904853325,0.08862979744229267,0.16315942989030793
7.151948002282666,0.08931067786537897,0.16380327288667318
7.1547051140799995,0.08996782772391534,0.16442001911928958
7.157462225877333,0.09060097392339474,0.1650094420687181
7.160219337674666,0.09120985768344742,0.165571325411549
7.162976449472,0.0917942346059987,0.1661054631786385
7.165733561269333,0.09235387473598924,0.1666116599065273
7.168490673066666,0.09288856261457928,0.1670897307819499
7.171247784863999,0.09339809732477301,0.16753950177935034
7.174004896661332,0.09388229252941031,0.16796080979132955
7.176762008458665,0.09434097650148578,0.1683535027519559
7.179519120255999,0.09477399214676618,0.16871743975287973
7.182276232053332,0.09518119701868676,0.16905249115219864
7.185033343850665,0.09556246332551782,0.16935853867602688
7.187790455647999,0.09591767792980313,0.16963547551273273
7.190547567445332,0.09624674234007885,0.1698832063998094
7.193304679242665,0.09654957269489235,0.17010164770335592
7.196061791039999,0.09682609973914767,0.17029072749014876
7.198818902837332,0.09707626879281256,0.1704503855922916
7.201576014634665,0.09730003971202977,0.17058057366443743
7.204333126431999,0.09749738684268297,0.17068125523358188
7.207090238229332,0.09766829896647476,0.1707524057414344
7.209847350026665,0.09781277923958119,0.17079401257937804
7.212604461823999,0.09793084512395357,0.17080607511603432
7.215361573621332,0.09802252831134638,0.17078860471745647
7.218118685418665,0.09808787464015425,0.17074162475997776
7.220875797215999,0.09812694400514961,0.17066517063574888
7.223632909013332,0.09813981026021666,0.1705592897510011
7.2263900208106655,0.09812656111418436,0.17042404151707916
7.2291471326079995,0.09808729801986696,0.17025949733429147
7.2319042444053325,0.09802213605642544,0.17006574056863
7.234661356202666,0.09793120380516933,0.1698428665214171
7.2374184679999995,0.09781464321892458,0.16959098239194165
7.240175579797333,0.09767260948509583,0.1693102072331495
7.242932691594666,0.0975052708825603,0.16900067190046025
7.245689803392,0.09731280863253292,0.1686625189937843
7.248446915189333,0.0970954167435481,0.16829590279281936
7.251204026986666,0.09685330185070895,0.16790098918570864
7.253961138784,0.0965866830493595,0.16747795559114967
7.256718250581333,0.09629579172334009,0.16702699087404252
7.259475362378665,0.09598087136799055,0.1665482952547729
7.262232474175999,0.09564217740807235,0.16604208021222897
7.264989585973332,0.09527997701078257,0.16550856838065245
7.267746697770665,0.0948945488940404,0.16494799344043107
7.270503809567999,0.09448618313022943,0.1643606000029396
7.273260921365332,0.09405518094558443,0.16374664348954326
7.276018033162665,0.09360185451541615,0.16310639000487803
7.278775144959999,0.0931265267553717,0.16244011620452675
7.281532256757332,0.0926295311089339,0.16174810915721327
7.284289368554665,0.0921112113313656,0.16103066620163908
7.287046480351999,0.09157192127031287,0.16028809479809084
7.289803592149332,0.0910120246432825,0.1595207123749493
7.292560703946665,0.09043189481221604,0.15872884617023297
7.295317815743999,0.08983191455538769,0.1579128330683143
7.298074927541332,0.08921247583685679,0.15707301943194607
7.300832039338665,0.08857397957371223,0.15620976092974034
7.303589151135999,0.08791683540135097,0.15532342235924562
7.3063462629333324,0.08724146143703773,0.15441437746576717
7.3091033747306655,0.0865482840419988,0.153483008757082
7.3118604865279995,0.08583773758230868,0.1525297073141994
7.3146175983253325,0.08511026418883345,0.151554872598322
7.317374710122666,0.08436631351650122,0.15055891225416404
7.32013182192,0.08360634250317626,0.1495422419097861
7.322888933717333,0.08283081512841914,0.14850528497310742
7.325646045514666,0.08204020217242226,0.14744847242526057
7.328403157312,0.08123498097541675,0.14637224261095355
7.331160269109333,0.08041563519785358,0.14527704102600794
7.333917380906666,0.07958265458166908,0.1441633201022438
7.336674492704,0.07873653471295254,0.1430315389898846
7.339431604501333,0.07787777678634021,0.14188216333765546
7.342188716298666,0.07700688737146978,0.14071566507075436
7.344945828096,0.07612437818183529,0.13953252216687345
7.347702939893332,0.07523076584639167,0.13833321843045418
7.350460051690665,0.07432657168426607,0.13711824326535835
7.353217163487999,0.07341232148294169,0.13588809144614364
7.355974275285332,0.07248854528028688,0.13464326288812942
7.358731387082665,0.0715557771508122,0.13338426241644663
7.361488498879999,0.07061455499654407,0.13211159953426319
7.364245610677332,0.06966542034291236,0.13082578819038201
7.367002722474665,0.06870891814005514,0.12952734654640904
7.369759834271999,0.06774559656995141,0.1282167967436931
7.372516946069332,0.06677600685979473,0.1268946646702416
7.375274057866665,0.06580070310202753,0.12556147972781667
7.378031169663999,0.06482024208145493,0.12421777459942393
7.380788281461332,0.06383518310985734,0.12286408501740338
7.383545393258665,0.06284608786851772,0.12150094953233927
7.386302505055999,0.06185352025907072,0.12012890928300698
7.3890596168533325,0.06085804626307198,0.11874850776757843
7.3918167286506655,0.05986023381066494,0.1173602906163106
7.3945738404479995,0.05886065265870245,0.11596480536594646
7.3973309522453325,0.057859874278645945,0.11456260123605905
7.400088064042666,0.056858471754524346,0.11315422890757504
7.40284517584,0.05585701969118192,0.1117402403037164
7.405602287637333,0.054856094132976395,0.11032118837360325
7.408359399434666,0.05385627249300565,0.10889762687876464
7.411116511232,0.05285813349283692,0.1074701101828074
7.413873623029333,0.05186225711258689,0.10603919304449769
7.416630734826666,0.0508692245510456,0.10460543041451277
7.419387846624,0.04987961819535139,0.10316937723612503
7.422144958421333,0.04889402159949995,0.10173158825008284
7.424902070218666,0.04791301947070187,0.10029261780395682
7.427659182016,0.04693719766228362,0.09885301966622204
7.430416293813333,0.04596714317144943,0.0974133468453504
7.433173405610666,0.045003444139773974,0.09597415141418791
7.435930517408,0.044046689853772254,0.09453598433989352
7.438687629205332,0.04309747074228029,0.09309939531971613
7.441444741002665,0.04215637836666718,0.09166493262288579
7.444201852799999,0.04122400539907568,0.09023314293889216
7.446958964597332,0.04030094558293784,0.08880457123242018
7.449716076394665,0.039387793668928646,0.08737976060520647
7.452473188191999,0.03848514531828699,0.0859592521650717
7.455230299989332,0.03759359696404313,0.0845435849023734
7.457987411786665,0.03671374561913848,0.08313329557410878
7.460744523583999,0.035846188618705005,0.08172891859587873
7.463501635381332,0.034991523281890494,0.08033098594190113
7.4662587471786654,0.0341503464765916,0.07894002705323323
7.469015858975999,0.03332325406830845,0.07755656875432698
7.4717729707733325,0.032510840232113154,0.07618113517800051
7.4745300825706655,0.031713696604485093,0.0748142476988558
7.477287194367999,0.030932411249603685,0.07345642487511439
7.480044306165333,0.030167567412718702,0.07210818239876898
7.482801417962666,0.029419742031594642,0.0707700330538637
7.485558529759999,0.02868950397594344,0.069442486682618
7.488315641557333,0.027977411984452884,0.06812605015898944
7.491072753354666,0.027284012269766556,0.0668212273691373
7.493829865151999,0.026609835763891195,0.06552851919809019
7.496586976949333,0.025955394980344958,0.06424842352173998
7.499344088746666,0.02532118047527647,0.06298143520307609
7.502101200543999,0.02470765689812365,0.061728046091335934
7.504858312341333,0.024115258633444398,0.060488745022476954
7.507615424138666,0.023544385049537434,0.059264017819067906
7.510372535935999,0.02299539538643706,0.0580543472873527
7.513129647733333,0.022468603335644967,0.05686021320885264
7.515886759530666,0.021964271386122152,0.0556820923234405
7.518643871327999,0.02148260503483593,0.054520458300345395
7.521400983125333,0.021023746984412388,0.05337578169302023
7.524158094922665,0.020587771473691317,0.052248529873236575
7.526915206719998,0.020174678907409177,0.05113916693915265
7.529672318517332,0.019784390966825015,0.05004815359144609
7.532429430314665,0.019416746391784485,0.04897594697091116
7.535186542111998,0.019071497624583596,0.04792300045020305
7.537943653909332,0.01874830849556616,0.04688976337168595
7.540700765706665,0.01844675310885354,0.04587668072262094
7.543457877503998,0.01816631605404124,0.044884192738241985
7.546214989301332,0.017906394027206483,0.043912734422643276
7.5489721010986655,0.01766629889428686,0.04296273497687587
7.5517292128959985,0.017445262174861007,0.04203461712327408
7.5544863246933325,0.01724244086827764,0.041128796314854964
7.5572434364906655,0.017056924490897837,0.04024567981872075
7.560000548287999,0.016887743146735128,0.039385665662816004
7.562757660085333,0.016733876417213692,0.03854914143622256
7.565514771882666,0.016594262831402726,0.03773648293450031
7.568271883679999,0.01646780966706594,0.036948052643480646
7.571028995477333,0.016353402835129736,0.03618419805746955
7.573786107274666,0.016249916614554407,0.035445249831087974
7.576543219071999,0.016156223029044774,0.03473151976801636
7.579300330869333,0.01607120068893363,0.03404329865474118
