# Fourier-transform spectra: 
# sigma: Conductivity
# eps: Dielectric constant
# 1:Energy[eV] 2:Re(sigma_x)[1/fs*V*Angstrom] 3:Re(sigma_y)[1/fs*V*Angstrom] 4:Re(sigma_z)[1/fs*V*Angstrom] 5:Im(sigma_x)[1/fs*V*Angstrom] 6:Im(sigma_y)[1/fs*V*Angstrom] 7:Im(sigma_z)[1/fs*V*Angstrom] 8:Re(eps_x)[none] 9:Re(eps_y)[none] 10:Re(eps_z)[none] 11:Im(eps_x)[none] 12:Im(eps_y)[none] 13:Im(eps_z)[none]
      0.01000000  0.977278826814484E-004  0.232811446521739E-003  0.163937301944516E-001  0.653921773495925E-004  0.461263504453850E-004  0.356830935549823E-002 -0.471811099275163E+000 -0.381864820256919E-001 -0.793135409758983E+002  0.219960533918685E+001  0.523999176839058E+001  0.368981046918247E+003
      0.02000000  0.436172829710595E-004  0.218157699431726E-003  0.142157843048169E-001  0.107866311294377E-003  0.890151972746908E-004  0.642655129924943E-002 -0.213897752266261E+000 -0.175250819870931E-002 -0.713226379336601E+002  0.490856886855374E+000  0.245508665126250E+001  0.159980520398298E+003
      0.03000000 -0.252462511688143E-004  0.196208397125293E-003  0.111692126920668E-001  0.113042977916220E-003  0.126632483186848E-003  0.807768045045993E-002  0.151896978427358E+000  0.499419459773253E-001 -0.596026603652514E+002 -0.189409570539816E+000  0.147205016647043E+001  0.837968284925212E+002
      0.04000000 -0.857136377289833E-004  0.169158796746529E-003  0.791917186161763E-002  0.800550441851309E-004  0.158541705672297E-003  0.836940165990379E-002  0.549541293162898E+000  0.107907659738001E+000 -0.460934703377603E+002 -0.482298833292918E+000  0.951833249337139E+000  0.445600892775175E+002
      0.05000000 -0.119067006274083E-003  0.138121854807068E-003  0.506574948039959E-002  0.210225289138250E-004  0.185216878205810E-003  0.749895388435707E-002  0.905367300358310E+000  0.166248110507041E+000 -0.327564644802827E+002 -0.535978915198956E+000  0.621754121661106E+000  0.228034196553511E+002
      0.06000000 -0.117356289156883E-003  0.102951359990870E-003  0.297805873441218E-002 -0.444427857445279E-004  0.206734431521347E-003  0.589944944986262E-002  0.116671562255275E+001  0.224489219638656E+000 -0.211302596422737E+002 -0.440231782943075E+000  0.386195414756237E+000  0.111714175335492E+002
      0.07000000 -0.849921873743592E-004  0.631865954762089E-004  0.173126469777964E-002 -0.970666322003120E-004  0.221759016005312E-003  0.406345520596547E-002  0.131210318252576E+001  0.286967178317152E+000 -0.120654301389127E+002 -0.273279618011496E+000  0.203167011093947E+000  0.556662170844118E+001
      0.08000000 -0.354288655071842E-004  0.195589741768304E-004  0.115557416065059E-002 -0.124653998786123E-003  0.227612326720850E-003  0.237877297379885E-002  0.135070544065542E+001  0.359628394447247E+000 -0.569251393552725E+001 -0.996766731160958E-001  0.550278268186361E-001  0.325112831651972E+001
      0.09000000  0.151080324232261E-004 -0.249359140569556E-004  0.959642188727138E-003 -0.125136827486124E-003  0.221564289373767E-003  0.103636017712665E-002  0.131294564084482E+001  0.445905894217353E+000 -0.159175820813354E+001  0.377825855391381E-001 -0.623604238765819E-001  0.239989973987668E+001
      0.10000000  0.538609210127142E-004 -0.652272858842683E-004  0.866438499810864E-003 -0.105223255824580E-003  0.202699306076924E-003  0.313816876867415E-004  0.123683070682376E+001  0.543775569814009E+000  0.929367826361847E+000  0.121227193491195E+000 -0.146809981302234E+000  0.195013203803176E+001
      0.11000000  0.751927505694353E-004 -0.957453393634117E-004  0.705745055320137E-003 -0.759392173073251E-004  0.173269756505691E-003 -0.763875147631916E-003  0.115538164214918E+001  0.645467253215349E+000  0.256298917798490E+001  0.153854272870750E+000 -0.195907576953420E+000  0.144404735158796E+001
      0.12000000  0.806259324237952E-004 -0.112683431244492E-003  0.437028266932285E-003 -0.474985874316697E-004  0.138639163771982E-003 -0.150228513921058E-002  0.108908933633871E+001  0.739965507210751E+000  0.381771718445980E+001  0.151223672107281E+000 -0.211351382193891E+000  0.819699287231761E+000
      0.13000000  0.760076886229071E-004 -0.115779641189466E-003  0.112115249478916E-003 -0.258048847665315E-004  0.105650189371405E-003 -0.228647374034787E-002  0.104467708683475E+001  0.817083365131846E+000  0.495866855314916E+001  0.131595321406699E+000 -0.200454182606051E+000  0.194109866476373E+000
      0.14000000  0.676791023269946E-004 -0.108631012260244E-003 -0.188796611532698E-003 -0.117198287386514E-004  0.801172795220163E-004 -0.314156545682545E-002  0.101884167486331E+001  0.871197458141299E+000  0.605061603025864E+001  0.108805996190079E+000 -0.174643355182299E+000 -0.303523579492471E+000
      0.15000000  0.595898086795234E-004 -0.972898265962664E-004 -0.410957312575072E-003 -0.274706285484117E-005  0.646492010180664E-004 -0.403348490251962E-002  0.100412195848090E+001  0.902994093509612E+000  0.705223039299228E+001  0.894143054750290E-001 -0.145983054278212E+000 -0.616640051345074E+000
      0.16000000  0.524402078202654E-004 -0.877765016620449E-004 -0.546721835130431E-003  0.426034614691197E-005  0.578673341631046E-004 -0.490967667302196E-002  0.994006904762995E+000  0.918597120329664E+000  0.790651859489114E+001  0.737684565708261E-001 -0.123476571126274E+000 -0.769082115184826E+000
      0.17000000  0.447296860618677E-004 -0.836920053221669E-004 -0.624884030555756E-003  0.109283835696740E-004  0.553817857609653E-004 -0.573487785790701E-002  0.985531174336583E+000  0.926676310545346E+000  0.859279241966817E+001  0.592206546816735E-001 -0.110805502635220E+000 -0.827326204312053E+000
      0.18000000  0.346965572940200E-004 -0.850362736234729E-004 -0.683807029391208E-003  0.166651976649002E-004  0.520100369602008E-004 -0.650508331767414E-002  0.979161606268042E+000  0.934965930198775E+000  0.913404618166556E+001  0.433850552855442E-001 -0.106330533060319E+000 -0.855041770380328E+000
      0.19000000  0.219334836138062E-004 -0.887018738033590E-004 -0.748151897134167E-003  0.194309508017781E-004  0.441429724136603E-004 -0.723924485630723E-002  0.976982045528461E+000  0.947708120944702E+000  0.957562814144709E+001  0.259824612997649E-001 -0.105076468649134E+000 -0.886262668343222E+000
      0.20000000  0.790840256662315E-005 -0.902769349163270E-004 -0.821174490999949E-003  0.172353784015487E-004  0.311674219802635E-004 -0.796048602892608E-002  0.980603779947568E+000  0.964925041904397E+000  0.995851168126862E+001  0.889989838758953E-002 -0.101595175603386E+000 -0.924127150434218E+000
      0.21000000 -0.465063504829753E-005 -0.862028690169779E-004 -0.892261904631498E-003  0.943037067907675E-005  0.153995089124155E-004 -0.868108719209647E-002  0.989892686310356E+000  0.983495063710530E+000  0.103042441706288E+002 -0.498447292146070E-002 -0.923907943549866E-001 -0.956311397540158E+000
      0.22000000 -0.129724707166225E-004 -0.752697801091533E-004 -0.950547111932287E-003 -0.281534621701881E-005  0.743841271725224E-006 -0.939921958946062E-002  0.100288028461400E+001  0.999239001385600E+000  0.106160207236574E+002 -0.132716919804657E-001 -0.770059427280904E-001 -0.972472303700913E+000
      0.23000000 -0.153620015868543E-004 -0.588733182020648E-004 -0.994274610664866E-003 -0.169261895827548E-004 -0.913775753048308E-005 -0.101060978151146E-001  0.101656371084635E+001  0.100894207008488E+001  0.108896731113683E+002 -0.150330203417478E-001 -0.576125308355121E-001 -0.972981962207242E+000
      0.24000000 -0.117466943793192E-004 -0.401191200428296E-004 -0.103093886700040E-002 -0.298472680781379E-004 -0.122513523659686E-004 -0.107960596135184E-001  0.102799107771816E+001  0.101148944537673E+001  0.111246567324258E+002 -0.110161718801923E-001 -0.376241270779955E-001 -0.966825167158678E+000
      0.25000000 -0.356675033858108E-005 -0.223826381676773E-004 -0.107035214455208E-002 -0.389939260546956E-004 -0.873136281247757E-005 -0.114720345407417E-001  0.103510615214098E+001  0.100786082814187E+001  0.113282493121859E+002 -0.321113805928335E-002 -0.201510435171051E-001 -0.963635853911228E+000
      0.26000000  0.677148421653994E-005 -0.807282671647197E-005 -0.111694323919734E-002 -0.428788827314438E-004 -0.330169712235866E-006 -0.121435823718917E-001  0.103711901030565E+001  0.100028581838356E+001  0.115123485150698E+002  0.586187830481800E-002 -0.698841292020651E-002 -0.966905501392363E+000
      0.27000000  0.165744856061922E-004  0.189997548697864E-005 -0.116680256299713E-002 -0.413287417980226E-004  0.106149969058791E-004 -0.128201945598619E-001  0.103445202036607E+001  0.991151240669886E+000  0.116870324345196E+002  0.138166440791335E-001  0.158383709071821E-002 -0.972657378732112E+000
      0.28000000  0.234645347736907E-004  0.789447435690923E-005 -0.121078726478241E-002 -0.353822823494476E-004  0.221440135957135E-004 -0.135052053102663E-001  0.102844160417428E+001  0.982199812230907E+000  0.118559900102943E+002  0.188616721661942E-001  0.634587426005156E-002 -0.973276166418392E+000
      0.29000000  0.258384137982868E-004  0.108664941591775E-004 -0.124074426625276E-002 -0.269955251398534E-004  0.331480367961532E-004 -0.141943211763860E-001  0.102095173815099E+001  0.974273181070776E+000  0.120164813974900E+002  0.200536821319094E-001  0.843369184569849E-002 -0.962965115299442E+000
      0.30000000  0.231794461176597E-004  0.117069576950499E-004 -0.125435009045549E-002 -0.186170509443391E-004  0.432837577022341E-004 -0.148790691177204E-001  0.101396741084649E+001  0.967526434309357E+000  0.121629963307222E+002  0.173903400752031E-001  0.878312512428094E-002 -0.941074024618892E+000
      0.31000000  0.161923769171309E-004  0.109151981905094E-004 -0.125571570133086E-002 -0.126505792896078E-004  0.525553123983277E-004 -0.155522184497179E-001  0.100918491189292E+001  0.961842386594898E+000  0.122916375550822E+002  0.117564225254846E-001  0.792494409769276E-002 -0.911708295346831E+000
      0.32000000  0.668097299705695E-005  0.866951855983128E-005 -0.125211348343517E-002 -0.108576583853853E-004  0.609015937450419E-004 -0.162114722838286E-001  0.100763681852490E+001  0.957164390073803E+000  0.124024651963394E+002  0.469911435203923E-002  0.609777334943873E-002 -0.880683763126109E+000
      0.33000000 -0.289214239190422E-005  0.512493887029322E-005 -0.124958785670002E-002 -0.138460639551909E-004  0.680331012372773E-004 -0.168594983408519E-001  0.100944362360208E+001  0.953598437603203E+000  0.124989181738652E+002 -0.197256810608002E-002  0.349543334707463E-002 -0.852273788030347E+000
      0.34000000 -0.101069543978700E-004  0.681822806435567E-006 -0.125038836003251E-002 -0.208477346148553E-004  0.735609431197585E-004 -0.175010684880592E-001  0.101380086248329E+001  0.951303847689340E+000  0.125854237391488E+002 -0.669064003100550E-002  0.451355649111437E-003 -0.827736832145984E+000
      0.35000000 -0.133398513161343E-004 -0.395974388023802E-005 -0.125339882300185E-002 -0.299339439183590E-004  0.772815716790462E-004 -0.181397691200849E-001  0.101924962049407E+001  0.950302541821275E+000  0.126651408302242E+002 -0.857845781976688E-002 -0.254639238839324E-002 -0.806023146709456E+000
      0.36000000 -0.122806266262328E-004 -0.798916602370439E-005 -0.125654195738080E-002 -0.386446954802512E-004  0.794123120199340E-004 -0.187764990705426E-001  0.102416093094909E+001  0.950350873169605E+000  0.127391971102686E+002 -0.767793272118190E-002 -0.499488186517492E-002 -0.785598724213592E+000
      0.37000000 -0.798974056124504E-005 -0.108055442441262E-004 -0.125904984163941E-002 -0.448119065250947E-004  0.806249856981867E-004 -0.194103037974478E-001  0.102725950547228E+001  0.950955060624082E+000  0.128074709070664E+002 -0.486023455461391E-002 -0.657311449779141E-002 -0.765891895914508E+000
      0.38000000 -0.246770762173779E-005 -0.122951409061644E-004 -0.126203739637276E-002 -0.472513031587019E-004  0.818456088981207E-004 -0.200403818669601E-001  0.102798700783928E+001  0.951522740226898E+000  0.128699440421549E+002 -0.146162640896173E-002 -0.728242782574874E-002 -0.747506378546060E+000
      0.39000000  0.207167755239748E-005 -0.129231750250501E-004 -0.126733327843494E-002 -0.460561728837291E-004  0.839059781685711E-004 -0.206675149932438E-001  0.102657966574700E+001  0.951576678776026E+000  0.129275138585301E+002  0.119559428043014E-002 -0.745814623857215E-002 -0.731395876420099E+000
      0.40000000  0.391201878969115E-005 -0.135868814011791E-004 -0.127579463088433E-002 -0.424189235683083E-004  0.871973009810364E-004 -0.212939227666120E-001  0.102386854401306E+001  0.950935279794776E+000  0.129817970379920E+002  0.220123908875941E-002 -0.764515101855503E-002 -0.717872065986084E+000
      0.41000000  0.226056470386363E-005 -0.152782236692922E-004 -0.128650960364332E-002 -0.381235701010970E-004  0.914722403883924E-004 -0.219218798507249E-001  0.102092839783543E+001  0.949785200266663E+000  0.130342827704711E+002  0.124096450908801E-002 -0.838716684512287E-002 -0.706245105921357E+000
      0.42000000 -0.270477387800051E-005 -0.186797465931959E-004 -0.129742127850441E-002 -0.349718747684267E-004  0.958833785397896E-004 -0.225523164329844E-001  0.101874113545630E+001  0.948616898661538E+000  0.130855979246936E+002 -0.144946571957986E-002 -0.100103201075321E-001 -0.695277221634444E+000
      0.43000000 -0.100695411014943E-004 -0.238455376620106E-004 -0.130676635667866E-002 -0.343708829471666E-004  0.992589075619063E-004 -0.231844856405803E-001  0.101799071852034E+001  0.948045004566002E+000  0.131354332339863E+002 -0.527069030680493E-002 -0.124814470638647E-001 -0.683999469288913E+000
      0.44000000 -0.185010058415893E-004 -0.300953959247050E-004 -0.131417219667916E-002 -0.371606354031364E-004  0.100527831711792E-003 -0.238168616350388E-001  0.101900888880932E+001  0.948576703424991E+000  0.131831090802378E+002 -0.946387377632476E-002 -0.153947861385821E-001 -0.672242357859751E+000
      0.45000000 -0.264935955592954E-004 -0.361793789922610E-004 -0.132062221078880E-002 -0.436049983495252E-004  0.991439801306655E-004 -0.244484942949551E-001  0.102180971729372E+001  0.950411598214222E+000  0.132282942096708E+002 -0.132511833760635E-001 -0.180956784210568E-001 -0.660529713549012E+000
      0.46000000 -0.325154167033868E-004 -0.406700760160652E-004 -0.132741121338001E-002 -0.534068405297668E-004  0.953452070269533E-004 -0.250797745111170E-001  0.102613155959961E+001  0.953348317645310E+000  0.132713423202189E+002 -0.159095453140918E-001 -0.198995578991843E-001 -0.649492179120780E+000
      0.47000000 -0.351476752513344E-004 -0.424445568230624E-004 -0.133494973418283E-002 -0.656707716864967E-004  0.901352779465284E-004 -0.257120850764982E-001  0.103144854355565E+001  0.956835847339598E+000  0.133130520118616E+002 -0.168315853101029E-001 -0.203259297807971E-001 -0.639283257709749E+000
      0.48000000 -0.333256339811260E-004 -0.410688968581008E-004 -0.134232361522657E-002 -0.788645182864589E-004  0.849818336191949E-004 -0.263466707614348E-001  0.103697998179904E+001  0.960151577302839E+000  0.133540906150495E+002 -0.156265626778714E-001 -0.192574188154264E-001 -0.629422507586945E+000
      0.49000000 -0.266922165285480E-004 -0.369272127958889E-004 -0.134790341684811E-002 -0.909206301362640E-004  0.813457282506871E-004 -0.269836084895341E-001  0.104176309080464E+001  0.962635003404491E+000  0.133945345505894E+002 -0.122606878217649E-001 -0.169619869422999E-001 -0.619140152343275E+000
      0.50000000 -0.159329670374496E-004 -0.310434838664365E-004 -0.135052381754156E-002 -0.995961036992020E-004  0.802377901794071E-004 -0.276216327510930E-001  0.104483308457077E+001  0.963881040529965E+000  0.134338498306371E+002 -0.717220887285527E-002 -0.139741926226212E-001 -0.607936919997825E+000
      0.51000000 -0.287926961601510E-005 -0.246852167603272E-004 -0.135037797176731E-002 -0.103069802508634E-003  0.819912222609040E-004 -0.282589226159746E-001  0.104548702602883E+001  0.963815426338820E+000  0.134712992291968E+002 -0.127068655202589E-002 -0.108941423188440E-001 -0.595952223207050E+000
      0.52000000  0.978315585396503E-005 -0.189433520645621E-004 -0.134902053301675E-002 -0.100587155632876E-003  0.863344329296811E-004 -0.288942867973081E-001  0.104353769768137E+001  0.962631387509321E+000  0.135064747619596E+002  0.423449772746528E-002 -0.819935636980088E-002 -0.583904055770331E+000
      0.53000000  0.191924781215621E-004 -0.144919896452380E-004 -0.134851278111852E-002 -0.928687017615828E-004  0.926958748045538E-004 -0.295279564366030E-001  0.103943844475961E+001  0.960634949465444E+000  0.135396032969091E+002  0.815044760871652E-002 -0.615429657397263E-002 -0.572671371699681E+000
      0.54000000  0.231653383167814E-004 -0.116307277490028E-004 -0.135029644754291E-002 -0.820536413957479E-004  0.100549689333959E-003 -0.301615189121599E-001  0.103420033615216E+001  0.958090425766344E+000  0.135714601827425E+002  0.965541984531046E-002 -0.484774096486097E-002 -0.562809786689508E+000
      0.55000000  0.208988843990638E-004 -0.105496365664572E-004 -0.135448711403550E-002 -0.711367333388084E-004  0.109590356978595E-003 -0.307971170856328E-001  0.102911102546285E+001  0.955152738637968E+000  0.136029916975838E+002  0.855237410169920E-002 -0.431718922553343E-002 -0.554291812613760E+000
      0.56000000  0.132290359626332E-004 -0.116207982553541E-004 -0.135992342190536E-002 -0.630836010859322E-004  0.119625755145336E-003 -0.314364671863258E-001  0.102535448101191E+001  0.951920168076065E+000  0.136349050567290E+002  0.531699737089512E-002 -0.467061650946796E-002 -0.546578698501792E+000
      0.57000000  0.233484220365681E-005 -0.154920310084689E-004 -0.136479885546720E-002 -0.599578598781156E-004  0.130251513527390E-003 -0.320802547885108E-001  0.102367541185477E+001  0.948567906964386E+000  0.136674508741270E+002  0.921953366911961E-003 -0.611729997264596E-002 -0.538914748921735E+000
      0.58000000 -0.898709717467294E-005 -0.228629026459137E-004 -0.136740314592401E-002 -0.623872216868269E-004  0.140519630185568E-003 -0.327281193294718E-001  0.102420995194534E+001  0.945470027319911E+000  0.137004565166447E+002 -0.348752813226913E-002 -0.887216579649992E-002 -0.530633734884130E+000
      0.59000000 -0.181834448361730E-004 -0.340103380088781E-004 -0.136657191456302E-002 -0.695412689048464E-004  0.148851489216324E-003 -0.333790347025112E-001  0.102652875535619E+001  0.943215808339256E+000  0.137335071619166E+002 -0.693666030528751E-002 -0.129743381279588E-001 -0.521322842809864E+000
      0.60000000 -0.236168594443345E-004 -0.482997646778234E-004 -0.136175994633888E-002 -0.795729404262497E-004  0.153338783948281E-003 -0.340317245694609E-001  0.102984973169273E+001  0.942478918908526E+000  0.137661217745336E+002 -0.885925434025677E-002 -0.181184082017322E-001 -0.510829043269960E+000
      0.61000000 -0.248426739788862E-004 -0.639705066894216E-004 -0.135293516672765E-002 -0.902986593381145E-004  0.152374186848109E-003 -0.346848854749559E-001  0.103331790939974E+001  0.943777799255530E+000  0.137978408568363E+002 -0.916631505874844E-002 -0.236034904809914E-001 -0.499198677357597E+000
      0.62000000 -0.224708961880432E-004 -0.783829322745996E-004 -0.134053111286909E-002 -0.998364482776656E-004  0.145361587560572E-003 -0.353372601707023E-001  0.103624296406274E+001  0.947230346382027E+000  0.138282513304219E+002 -0.815746049715061E-002 -0.284548363505460E-001 -0.486644124334019E+000
      0.63000000 -0.177597036844690E-004 -0.887041753201844E-004 -0.132550917638771E-002 -0.106996361655021E-003  0.133177582944331E-003 -0.359877611503836E-001  0.103822563741838E+001  0.952420830772734E+000  0.138570269862929E+002 -0.634485120054068E-002 -0.316905508826383E-001 -0.473552860934610E+000
      0.64000000 -0.121536505759845E-004 -0.927937008742553E-004 -0.130936455527057E-002 -0.111366313439610E-003  0.118138367804901E-003 -0.366357659461334E-001  0.103916518163210E+001  0.958453229797288E+000  0.138840255477206E+002 -0.427418235909925E-002 -0.326335858376567E-001 -0.460475875028518E+000
      0.65000000 -0.693585840167562E-005 -0.899386342789711E-004 -0.129386744322928E-002 -0.113173939985689E-003  0.103432821076712E-003 -0.372814762144400E-001  0.103918856441266E+001  0.964184477701669E+000  0.139093988617274E+002 -0.240166891570172E-002 -0.311429111955755E-001 -0.448025469881492E+000
      0.66000000 -0.305384956692176E-005 -0.811376125414247E-004 -0.128051207169963E-002 -0.113066489119952E-003  0.922136089922401E-004 -0.379260638319732E-001  0.103855815518088E+001  0.968553134770646E+000  0.139336204388693E+002 -0.104142975002520E-002 -0.276697072645366E-001 -0.436682730275613E+000
      0.67000000 -0.107483268269001E-005 -0.688162082778476E-004 -0.126990872324004E-002 -0.111922150739573E-003  0.866834345601871E-004 -0.385713813972371E-001  0.103759824036056E+001  0.970880253941364E+000  0.139573641967137E+002 -0.361070773605812E-003 -0.231175716552596E-001 -0.426603072732665E+000
      0.68000000 -0.118346601742511E-005 -0.560872053177360E-004 -0.126148179835437E-002 -0.110725043474929E-003  0.875089427987675E-004 -0.392192746512277E-001  0.103664909225594E+001  0.971035248962645E+000  0.139812621408385E+002 -0.391717662898913E-003 -0.185644105213907E-001 -0.417540254274485E+000
      0.69000000 -0.316455054752780E-005 -0.458393306176798E-004 -0.125371086629973E-002 -0.110462616799663E-003  0.937509482360070E-004 -0.398708170878101E-001  0.103603234374469E+001  0.969418917538800E+000  0.140056577357311E+002 -0.103226029248219E-002 -0.149525564910189E-001 -0.408954107731248E+000
      0.70000000 -0.638147179915462E-005 -0.399791606886954E-004 -0.124484092644716E-002 -0.111984799787937E-003  0.103290784690960E-003 -0.405258824766376E-001  0.103600703106316E+001  0.966788398961751E+000  0.140304890660285E+002 -0.205186644737446E-002 -0.128546988834446E-001 -0.400259910203446E+000
      0.71000000 -0.981534606817508E-005 -0.390592832162241E-004 -0.123370061827203E-002 -0.115805984902814E-003  0.113554331346802E-003 -0.411832992608852E-001  0.103671122962908E+001  0.964002558788762E+000  0.140553663294525E+002 -0.311152678076193E-002 -0.123820398099567E-001 -0.391090898531067E+000
      0.72000000 -0.122298684462196E-004 -0.423568956145654E-004 -0.122019755787147E-002 -0.121901444476080E-003  0.122257268010323E-003 -0.418414993866975E-001  0.103810681318586E+001  0.961781955146587E+000  0.140797974330641E+002 -0.382309917795228E-002 -0.132409120765900E-001 -0.381437977109213E+000
      0.73000000 -0.124691007680902E-004 -0.483010145272073E-004 -0.120525283336089E-002 -0.129599047561529E-003  0.127933010706351E-003 -0.424992987781134E-001  0.103995813641854E+001  0.960555538096745E+000  0.141034356364533E+002 -0.384448835761177E-002 -0.148922277126746E-001 -0.371605023651135E+000
      0.74000000 -0.981306511212216E-005 -0.550479012557018E-004 -0.119026093065091E-002 -0.137658188547015E-003  0.130122770759198E-003 -0.431563987972221E-001  0.104186938734576E+001  0.960422545517085E+000  0.141262222520947E+002 -0.298469003962127E-002 -0.167430788140788E-001 -0.362023476220046E+000
      0.75000000 -0.425882703412866E-005 -0.609970601184261E-004 -0.117640853864377E-002 -0.144558355243822E-003  0.129244066202556E-003 -0.438133914618492E-001  0.104338186418504E+001  0.961213943550581E+000  0.141483690076454E+002 -0.127807109918023E-002 -0.183051762956299E-001 -0.353039403108109E+000
      0.76000000  0.339983236675358E-005 -0.651066301009063E-004 -0.116421428064542E-002 -0.148923496566437E-003  0.126254999199260E-003 -0.444713449123359E-001  0.104410378960193E+001  0.962609500520340E+000  0.141702174911917E+002  0.100686254917640E-002 -0.192813705148290E-001 -0.344782810429423E+000
      0.77000000  0.117495258491171E-004 -0.669658932144858E-004 -0.115347334648211E-002 -0.149936204099136E-003  0.122269095010314E-003 -0.451312514150634E-001  0.104382703211599E+001  0.964260189285126E+000  0.141920693676820E+002  0.343443966606235E-002 -0.195744341416472E-001 -0.337165487848304E+000
      0.78000000  0.191416743115051E-004 -0.666717956755940E-004 -0.114354559453002E-002 -0.147587558955516E-003  0.118252153854677E-003 -0.457936312025106E-001  0.104258742900063E+001  0.965877508632176E+000  0.142140746233622E+002  0.552346486020649E-002 -0.192386159427897E-001 -0.329978130681810E+000
      0.79000000  0.241481386732610E-004 -0.646083788255949E-004 -0.113377075521340E-002 -0.142671174601462E-003  0.114871155410243E-003 -0.464584345134847E-001  0.104064764799673E+001  0.967272700297472E+000  0.142362132565223E+002  0.687991139982521E-002 -0.184072125815074E-001 -0.323016297410046E+000
      0.80000000  0.259261936332018E-004 -0.612345219235512E-004 -0.112379932036883E-002 -0.136533523196666E-003  0.112494739543457E-003 -0.471251995074183E-001  0.103841276644408E+001  0.968350379781482E+000  0.142583503298439E+002  0.729415602483017E-002 -0.172279110206239E-001 -0.316173199172240E+000
      0.81000000  0.243769779125291E-004 -0.569537423073354E-004 -0.111374337026020E-002 -0.130686509960279E-003  0.111290099457611E-003 -0.477933255716780E-001  0.103631382670464E+001  0.969075848862489E+000  0.142803190090219E+002  0.677362454447217E-002 -0.158257216368986E-001 -0.309475582088468E+000
      0.82000000  0.200735425857424E-004 -0.520872397046446E-004 -0.110416795276817E-002 -0.126428534892216E-003  0.111338068129398E-003 -0.484623411044409E-001  0.103470224153927E+001  0.969439806163730E+000  0.143019960090371E+002  0.550980776573160E-002 -0.142969621129065E-001 -0.303073218633323E+000
      0.83000000  0.140249516795965E-004 -0.469198293484714E-004 -0.109598189323737E-002 -0.124592761815268E-003  0.112701077700513E-003 -0.491321208073129E-001  0.103378632815955E+001  0.969438388397153E+000  0.143233578948325E+002  0.380320343625761E-002 -0.127234417831421E-001 -0.297201886869989E+000
      0.84000000  0.738872149585445E-005 -0.417587481047441E-004 -0.109025308282326E-002 -0.125467647965414E-003  0.115419064409057E-003 -0.498030525209008E-001  0.103361853205574E+001  0.969073943924181E+000  0.143445198407575E+002  0.197977705398444E-002 -0.111890820823702E-001 -0.292128758354247E+000
      0.85000000  0.123014616551679E-005 -0.369499395315754E-004 -0.108793721079377E-002 -0.128858345599915E-003  0.119456303420626E-003 -0.504761313082532E-001  0.103412085466940E+001  0.968368745156685E+000  0.143657523897589E+002  0.325734730958282E-003 -0.978410448256463E-002 -0.288078721530247E+000
      0.86000000 -0.362734977165067E-005 -0.328321945424098E-004 -0.108953326005372E-002 -0.134217590105802E-003  0.124652808000730E-003 -0.511529092685365E-001  0.103512669266867E+001  0.967376549724398E+000  0.143874592858327E+002 -0.949330117833925E-003 -0.859266215717285E-002 -0.285146678226206E+000
      0.87000000 -0.667281503310551E-005 -0.296563599799091E-004 -0.109475981648667E-002 -0.140783997222502E-003  0.130729721046895E-003 -0.518352287395398E-001  0.103642170854088E+001  0.966179396156258E+000  0.144101007965960E+002 -0.172629935985463E-002 -0.767228748211069E-002 -0.283221273333567E+000
      0.88000000 -0.773544590183733E-005 -0.275261612755398E-004 -0.110241284383644E-002 -0.147705574032319E-003  0.137360249488990E-003 -0.525247525380953E-001  0.103777813273155E+001  0.964867854370219E+000  0.144340703529697E+002 -0.197846766401238E-002 -0.704026900183090E-002 -0.281960237535146E+000
      0.89000000 -0.698994219957047E-005 -0.264083256150180E-004 -0.111053991395229E-002 -0.154161077774533E-003  0.144268737695696E-003 -0.532224378137982E-001  0.103898620900987E+001  0.963515491441878E+000  0.144595652455033E+002 -0.176770525669203E-002 -0.667847239322961E-002 -0.280847421568150E+000
      0.90000000 -0.492662852213192E-005 -0.262148116682213E-004 -0.111693149823338E-002 -0.159494190387689E-003  0.151293241795560E-003 -0.539281851897291E-001  0.103988674846934E+001  0.962164167447467E+000  0.144865097772032E+002 -0.123206489331361E-002 -0.655587264112761E-002 -0.279325319745037E+000
      0.91000000 -0.225619718995075E-005 -0.269064502443303E-004 -0.111975578949811E-002 -0.163345140107696E-003  0.158363753252096E-003 -0.546408535737883E-001  0.104040090567931E+001  0.960831163670122E+000  0.145145739262037E+002 -0.558035640393245E-003 -0.665489623853825E-002 -0.276954355700736E+000
      0.92000000  0.260426470654920E-006 -0.285428171058861E-004 -0.111806163986631E-002 -0.165728711528572E-003  0.165403442248960E-003 -0.553586652359352E-001  0.104054489705548E+001  0.959534678832941E+000  0.145432862683721E+002  0.637123425738214E-004 -0.698289132014464E-002 -0.273529515024608E+000
      0.93000000  0.201652976633448E-005 -0.312304710777732E-004 -0.111192110881002E-002 -0.167001957217989E-003  0.172219772543233E-003 -0.560798254501848E-001  0.104041707571585E+001  0.958320131676302E+000  0.145721915425994E+002  0.488031623143266E-003 -0.755826060495971E-002 -0.269102233252036E+000
      0.94000000  0.271344723993651E-005 -0.349898069941048E-004 -0.110216274154362E-002 -0.167706310988602E-003  0.178473059454662E-003 -0.568030677391426E-001  0.104015575795927E+001  0.957266241589447E+000  0.146009803449324E+002  0.649710377384355E-003 -0.837799253000310E-002 -0.263902890834921E+000
      0.95000000  0.237898671975149E-005 -0.396271294845855E-004 -0.108985650444760E-002 -0.168340040173737E-003  0.183769705428578E-003 -0.575278815149429E-001  0.103988320921590E+001  0.956461186527053E+000  0.146295353846902E+002  0.563630761687941E-003 -0.938847997320336E-002 -0.258209365622909E+000
      0.96000000  0.122431766499141E-005 -0.447143661911527E-004 -0.107582787656093E-002 -0.169173899023887E-003  0.187843998316934E-003 -0.582543575343138E-001  0.103966325949049E+001  0.955959487297016E+000  0.146578852451036E+002  0.287044452634402E-003 -0.104833991497817E-001 -0.252230636530454E+000
      0.97000000 -0.594717841454895E-006 -0.497231219930083E-004 -0.106043691856911E-002 -0.170221471565126E-003  0.190718218376168E-003 -0.589827909738820E-001  0.103949743398633E+001  0.955746591948476E+000  0.146861047633986E+002 -0.137995685663944E-003 -0.115375323127876E-001 -0.246059071177880E+000
      0.98000000 -0.317397332693211E-005 -0.542589393993314E-004 -0.104369070600052E-002 -0.171402904263260E-003  0.192720666321400E-003 -0.597132936356306E-001  0.103936573605021E+001  0.955738259427762E+000  0.147142236069608E+002 -0.728959621515552E-003 -0.124615338108725E-001 -0.239702197737375E+000
      0.99000000 -0.687599554027252E-005 -0.582584765305732E-004 -0.102556914011170E-002 -0.172828187065412E-003  0.194314119619229E-003 -0.604456296312153E-001  0.103929213750461E+001  0.955823079343667E+000  0.147421911978034E+002 -0.156324362846692E-002 -0.132449463800843E-001 -0.233161062197020E+000
      1.00000000 -0.121085024038047E-004 -0.620077847668503E-004 -0.100634294826701E-002 -0.175036478167441E-003  0.195807487209544E-003 -0.611793383585913E-001  0.103939624612400E+001  0.955928729600868E+000  0.147699084037376E+002 -0.272531500797791E-002 -0.139563705568957E-001 -0.226502126243378E+000
      1.01000000 -0.189440107092324E-004 -0.659306344843782E-004 -0.986695090979318E-003 -0.179019514098609E-003  0.197117193195260E-003 -0.619140417480016E-001  0.103989378802617E+001  0.956073216033234E+000  0.147972984105944E+002 -0.422159758060394E-002 -0.146923801563989E-001 -0.219881083937629E+000
      1.02000000 -0.267694461145221E-004 -0.702366694752062E-004 -0.967587463479009E-003 -0.185947632850924E-003  0.197745003338051E-003 -0.626497437790452E-001  0.104103143990588E+001  0.956365337397660E+000  0.148243717200193E+002 -0.590697984546203E-002 -0.154985123422987E-001 -0.213509073779141E+000
      1.03000000 -0.341774528869013E-004 -0.746252317606676E-004 -0.949958530282867E-003 -0.196668579771974E-003  0.197031376415681E-003 -0.633869561262082E-001  0.104297580618330E+001  0.956944915884949E+000  0.148512493667670E+002 -0.746842018592634E-002 -0.163070252515629E-001 -0.207583914659614E+000
      1.04000000 -0.392220471961089E-004 -0.782390723398220E-004 -0.934416057030112E-003 -0.211185654373286E-003  0.194582401958365E-003 -0.641265924221250E-001  0.104570433032376E+001  0.957888908691795E+000  0.148781347212989E+002 -0.848834835086196E-002 -0.169323262844522E-001 -0.202224247935160E+000
      1.05000000 -0.399959996121701E-004 -0.799408788061776E-004 -0.921073496643458E-003 -0.228368134719595E-003  0.190648898583031E-003 -0.648696948007304E-001  0.104895223004226E+001  0.959133139340130E+000  0.149052509517395E+002 -0.857340879098198E-002 -0.171358595799956E-001 -0.197438236069506E+000
      1.06000000 -0.353247904166905E-004 -0.788071320113651E-004 -0.909594451985306E-003 -0.246071308088968E-003  0.186236271370478E-003 -0.656171281869725E-001  0.105224940968760E+001  0.960455628422927E+000  0.149327751772064E+002 -0.750066905786038E-002 -0.167334670536948E-001 -0.193138214855030E+000
      1.07000000 -0.252936723030512E-004 -0.746014626919272E-004 -0.899410042794204E-003 -0.261675313105250E-003  0.182853185134421E-003 -0.663693771870930E-001  0.105504339976262E+001  0.961536834148452E+000  0.149607978955054E+002 -0.532052374188484E-002 -0.156924170075476E-001 -0.189190894427733E+000
      1.08000000 -0.113721795665639E-004 -0.679849500373424E-004 -0.890004877162091E-003 -0.272868117439214E-003  0.181997072871917E-003 -0.671265235349659E-001  0.105686634488663E+001  0.962071390342637E+000  0.149893222931411E+002 -0.236998844501855E-002 -0.141682203556999E-001 -0.185479068681435E+000
      1.09000000  0.394448594599199E-005 -0.603515200312845E-004 -0.881148392184428E-003 -0.278383623556918E-003  0.184616161604245E-003 -0.678884032768849E-001  0.105748353413419E+001  0.961878542668184E+000  0.150183007075658E+002  0.814498315745630E-003 -0.124620069867704E-001 -0.181948647094417E+000
      1.10000000  0.178644453530875E-004 -0.533693862076081E-004 -0.872975509010051E-003 -0.278413061389779E-003  0.190798357867498E-003 -0.686548731573273E-001  0.105696697991955E+001  0.960960142577136E+000  0.150476914445364E+002  0.365530084911639E-002 -0.109200794575900E-001 -0.178622288924898E+000
      1.11000000  0.281387199652315E-004 -0.484532938369834E-004 -0.865878842343764E-003 -0.274531813653901E-003  0.199811891464771E-003 -0.694260738004527E-001  0.105566676401374E+001  0.959484180498909E+000  0.150775118745347E+002  0.570568293381110E-002 -0.982486524170988E-002 -0.175574089354931E+000
      1.12000000  0.337110639059889E-004 -0.464065360011146E-004 -0.860246891800712E-003 -0.269168917438456E-003  0.210437132871130E-003 -0.702025730313628E-001  0.105409201510939E+001  0.957710687106191E+000  0.151078645976986E+002  0.677455404401752E-002 -0.932582807270418E-002 -0.172874670344257E+000
      1.13000000  0.349549108907890E-004 -0.473554057791776E-004 -0.856148976948996E-003 -0.264814745461438E-003  0.221393198912889E-003 -0.709853103648236E-001  0.105274605653425E+001  0.955902689006952E+000  0.151389226158088E+002  0.696235288100207E-002 -0.943229541874072E-002 -0.170528579370476E+000
      1.14000000  0.334315275634054E-004 -0.509296151351697E-004 -0.853103890188126E-003 -0.263249067792746E-003  0.231651680717101E-003 -0.717753383251415E-001  0.105197425419325E+001  0.954264136853991E+000  0.151708751723069E+002  0.660051230653147E-002 -0.100552255899478E-001 -0.168431511699761E+000
      1.15000000  0.312752741921629E-004 -0.565255499688604E-004 -0.850052783471754E-003 -0.265050287898004E-003  0.240537492526250E-003 -0.725734460607185E-001  0.105187483345877E+001  0.952922736042490E+000  0.152038533811260E+002  0.612110121804511E-002 -0.110630081334911E-001 -0.166369736563827E+000
      1.16000000  0.304342826462340E-004 -0.634903752414421E-004 -0.845582058321531E-003 -0.269534151401500E-003  0.247664204832918E-003 -0.733798176044428E-001  0.105229763945744E+001  0.951945780438148E+000  0.152378664246270E+002  0.590515573890153E-002 -0.123190205624382E-001 -0.164068061089241E+000
      1.17000000  0.320290311129882E-004 -0.711691453346398E-004 -0.838333065787125E-003 -0.275114689090327E-003  0.252839478507189E-003 -0.741938825848434E-001  0.105292418670690E+001  0.951360925831934E+000  0.152727780454522E+002  0.616146825263934E-002 -0.136909052290701E-001 -0.161271271421337E+000
      1.18000000  0.360335889203586E-004 -0.788824084214613E-004 -0.827441970074299E-003 -0.279939086252495E-003  0.256052486824471E-003 -0.750144469351896E-001  0.105339588744051E+001  0.951160268655692E+000  0.153083376408213E+002  0.687308615537081E-002 -0.150461168445404E-001 -0.157827186225052E+000
      1.19000000  0.413624636153607E-004 -0.859566394548061E-004 -0.812826122910790E-003 -0.282567810827172E-003  0.257546213060768E-003 -0.758400710466789E-001  0.105344437480995E+001  0.951288165833860E+000  0.153442565901850E+002  0.782322304175775E-002 -0.162576864044717E-001 -0.153736491927353E+000
      1.20000000  0.463060576687759E-004 -0.918753807237765E-004 -0.795193208146414E-003 -0.282473207101247E-003  0.257869373000702E-003 -0.766695507368886E-001  0.105298126094870E+001  0.951633485236247E+000  0.153803000507389E+002  0.868526027665154E-002 -0.172323370801768E-001 -0.149148088407322E+000
      1.21000000  0.491475929144319E-004 -0.964957519319440E-004 -0.775769461525046E-003 -0.280206605236789E-003  0.257780840741238E-003 -0.775023108440148E-001  0.105212178419741E+001  0.952049676559239E+000  0.154163579484455E+002  0.914204085069099E-002 -0.179493654473754E-001 -0.144302410096222E+000
      1.22000000  0.487484203929819E-004 -0.100175485860155E-003 -0.755861923016918E-003 -0.277204415612660E-003  0.257968757406062E-003 -0.783385656601268E-001  0.105114069063865E+001  0.952408043761563E+000  0.154524694624553E+002  0.899346383400920E-002 -0.184811036311508E-001 -0.139446915681722E+000
      1.23000000  0.449174842691308E-004 -0.103661088527178E-003 -0.736426841508205E-003 -0.275323675890112E-003  0.258692010846818E-003 -0.791792078643812E-001  0.105038076101181E+001  0.952662623975206E+000  0.154887966340831E+002  0.821933323713923E-002 -0.189686720926847E-001 -0.134756826069391E+000
      1.24000000  0.384683411908308E-004 -0.107711066710454E-003 -0.717789670776159E-003 -0.276275955867101E-003  0.259553020854021E-003 -0.800254977777677E-001  0.105014731449602E+001  0.952888093629764E+000  0.155255630087934E+002  0.698245345955738E-002 -0.195508172981551E-001 -0.130287213193902E+000
      1.25000000  0.309774928733684E-004 -0.112601099710711E-003 -0.699578413529423E-003 -0.281141887265685E-003  0.259587822952530E-003 -0.808786824418716E-001  0.105062229360392E+001  0.953258722429056E+000  0.155629825875116E+002  0.557779473774014E-002 -0.202749081082062E-001 -0.125965803932948E+000
      1.26000000  0.243492174313712E-004 -0.117771352985074E-003 -0.680846058832732E-003 -0.290099376980482E-003  0.257707804018872E-003 -0.817396627324054E-001  0.105182061066482E+001  0.953965513761703E+000  0.156012007416834E+002  0.434951405148630E-002 -0.210375613144413E-001 -0.121619904546775E+000
      1.27000000  0.203343533369500E-004 -0.121848236100097E-003 -0.660313472417944E-003 -0.302412999266967E-003  0.253325939632911E-003 -0.826087738897603E-001  0.105359484385725E+001  0.955104561601098E+000  0.156402580199677E+002  0.360373560221841E-002 -0.215944327918960E-001 -0.117023400240272E+000
      1.28000000  0.201366283376508E-004 -0.123103175881182E-003 -0.636666984680981E-003 -0.316647293998897E-003  0.246866379857904E-003 -0.834856960994588E-001  0.105567908463408E+001  0.956591152623380E+000  0.156800785193927E+002  0.354081356356394E-002 -0.216463942011027E-001 -0.111951169631349E+000
      1.29000000  0.241870075815178E-004 -0.120184435866040E-003 -0.608865518219997E-003 -0.331013424237167E-003  0.239875491218098E-003 -0.843694944814163E-001  0.105775401377825E+001  0.958147400043362E+000  0.157204813761653E+002  0.422006077951937E-002 -0.209693415937281E-001 -0.106232632738138E+000
      1.30000000  0.321038487875744E-004 -0.112798148856222E-003 -0.576415752783232E-003 -0.343748091199028E-003  0.234626614446415E-003 -0.852587923354764E-001  0.105951455880825E+001  0.959378103323436E+000  0.157612147973576E+002  0.555827492736002E-002 -0.195292199009741E-001 -0.997972937023808E-001
      1.31000000  0.428105362465628E-004 -0.102012905460529E-003 -0.539553320615628E-003 -0.353445701126514E-003  0.233353931381666E-003 -0.861520740336643E-001  0.106072642065894E+001  0.959906857108931E+000  0.158020108088269E+002  0.735538902993427E-002 -0.175271013054956E-001 -0.927020524261578E-001
      1.32000000  0.547630490624939E-004 -0.900255461355923E-004 -0.499251729812033E-003 -0.359297861648148E-003  0.237436705210812E-003 -0.870480712454299E-001  0.106126422962903E+001  0.959514435283112E+000  0.158426517237851E+002  0.933770103045021E-002 -0.153503438780018E-001 -0.851279005045884E-001
      1.33000000  0.662406723791136E-004 -0.794729685547871E-004 -0.457008416493210E-003 -0.361219652101504E-003  0.246886731603565E-003 -0.879461227463700E-001  0.106112881888515E+001  0.958219620074544E+000  0.158830291423448E+002  0.112098387812958E-001 -0.134491262388070E-001 -0.773390499610857E-001
      1.34000000  0.756586115295466E-004 -0.725809647989683E-004 -0.414441776597651E-003 -0.359854148764380E-003  0.260353275790050E-003 -0.888463624618606E-001  0.106044327548472E+001  0.956269491887309E+000  0.159231714585937E+002  0.127080771895331E-001 -0.121911370630409E-001 -0.696121430342846E-001
      1.35000000  0.818607110867925E-004 -0.705049183316339E-004 -0.372838421804331E-003 -0.356452762617103E-003  0.275622882152417E-003 -0.897496297459953E-001  0.105942846214503E+001  0.954047644635895E+000  0.159632238356906E+002  0.136479687638503E-001 -0.117547100472623E-001 -0.621603094719480E-001
      1.36000000  0.843445099785603E-004 -0.731123821601153E-004 -0.332847898770431E-003 -0.352640488141473E-003  0.290375418581944E-003 -0.906571138376743E-001  0.105836057217716E+001  0.951944044587909E+000  0.160033850718074E+002  0.139586747066214E-001 -0.120998030560455E-001 -0.550849788196044E-001
      1.37000000  0.833695913230938E-004 -0.792431935026130E-004 -0.294478130208685E-003 -0.350097095232674E-003  0.302866198676846E-003 -0.915698859613734E-001  0.105751673379425E+001  0.950242733339463E+000  0.160438287724424E+002  0.136966191835401E-001 -0.130187017480583E-001 -0.483792080942110E-001
      1.38000000  0.799140590159524E-004 -0.872691380198955E-004 -0.257402755756467E-003 -0.350211498382614E-003  0.312273624757135E-003 -0.924885517833144E-001  0.105711860473101E+001  0.949068965973999E+000  0.160846475796829E+002  0.130337797886797E-001 -0.142333744688423E-001 -0.419817348391651E-001
      1.39000000  0.754750067494560E-004 -0.956658617119470E-004 -0.221422368503017E-003 -0.353783896281236E-003  0.318637452389689E-003 -0.934132129406539E-001  0.105728613680957E+001  0.948404919268175E+000  0.161258498552073E+002  0.122212220731377E-001 -0.154906079661691E-001 -0.358536163689050E-001
      1.40000000  0.717483650462126E-004 -0.103350537795107E-003 -0.186825009943805E-003 -0.360847618615737E-003  0.322514653156152E-003 -0.943437691677204E-001  0.105801256705003E+001  0.948150127711496E+000  0.161674112623777E+002  0.115348047853005E-001 -0.166154068758854E-001 -0.300353885043318E-001
      1.41000000  0.702572491037537E-004 -0.109697989158705E-003 -0.154432283998527E-003 -0.370657732843964E-003  0.324595755459034E-003 -0.952804052404957E-001  0.105916709243310E+001  0.948185656564407E+000  0.162093536553857E+002  0.112149748500373E-001 -0.175107936221319E-001 -0.246516082421559E-001
      1.42000000  0.720139588171294E-004 -0.114335579598923E-003 -0.125280812011351E-003 -0.381853753550017E-003  0.325500954021158E-003 -0.962239981108795E-001  0.106052502745460E+001  0.948407069472351E+000  0.162518079848841E+002  0.114144401986351E-001 -0.181225509240822E-001 -0.198574048730099E-001
      1.43000000  0.772945571068833E-004 -0.116932202214297E-003 -0.100083514743429E-003 -0.392761411620029E-003  0.325832563272193E-003 -0.971762151076488E-001  0.106181858361331E+001  0.948715665641644E+000  0.162950259397401E+002  0.121657573783963E-001 -0.184045145623071E-001 -0.157526196348083E-001
      1.44000000  0.855790664047769E-004 -0.117178596687559E-003 -0.787296105821523E-004 -0.401764545232552E-003  0.326380995684040E-003 -0.981392337483060E-001  0.106279649324780E+001  0.948986085918013E+000  0.163393319608435E+002  0.133761560829856E-001 -0.183152173156977E-001 -0.123055742921818E-001
      1.45000000  0.956712602055052E-004 -0.115016130768212E-003 -0.600538761673570E-004 -0.407660349218973E-003  0.328267238311496E-003 -0.991152028813782E-001  0.106327858300313E+001  0.949045116292278E+000  0.163850370888840E+002  0.148504552663183E-001 -0.178532393240083E-001 -0.932179005143944E-002
      1.46000000  0.105967949656785E-003 -0.110987219457542E-003 -0.419603735253044E-004 -0.409913988276075E-003  0.332823979888818E-003 -0.100105674825804E+000  0.106319259042250E+001  0.948691652284540E+000  0.164323518815229E+002  0.163360837446298E-001 -0.171098574381629E-001 -0.646863677258506E-002
      1.47000000  0.114808742122740E-003 -0.106458701854680E-003 -0.218182805807938E-004 -0.408753745041450E-003  0.341167056827346E-003 -0.101111215362985E+000  0.106258506181094E+001  0.947763264316439E+000  0.164813301163269E+002  0.175785844395364E-001 -0.163000939238169E-001 -0.334063835578787E-002
      1.48000000  0.120815909444862E-003 -0.103487787331277E-003  0.304281361720199E-005 -0.405092066728721E-003  0.353612157805448E-003 -0.102131276135327E+000  0.106160533140666E+001  0.946223597151764E+000  0.165318546820994E+002  0.183733643580137E-001 -0.157381493213851E-001  0.462743056930697E-003
      1.49000000  0.123141252816033E-003 -0.104264049379095E-003  0.348851795692271E-004 -0.400309034426946E-003  0.369235326787705E-003 -0.103164284915738E+000  0.106046936370738E+001  0.944224528179584E+000  0.165836569492156E+002  0.186013118953819E-001 -0.157497837452854E-001  0.526964027776326E-002
      1.50000000  0.121574389551247E-003 -0.110294226662721E-003  0.752126613677717E-004 -0.395972855253107E-003  0.385868948848153E-003 -0.104207858399899E+000  0.105941559240412E+001  0.942100495319273E+000  0.166363537496453E+002  0.182421958488528E-001 -0.165496112397176E-001  0.112856342857143E-001
      1.51000000  0.116520589893099E-003 -0.121676377315313E-003  0.124489626920601E-003 -0.393577600982431E-003  0.400651692246751E-003 -0.105259087209082E+000  0.105866508474956E+001  0.940280479829030E+000  0.166894936509821E+002  0.173680876759374E-001 -0.181365884882801E-001  0.185559200917655E-001
      1.52000000  0.108898863520948E-003 -0.136830271543184E-003  0.181909449095954E-003 -0.394346557398427E-003  0.410985907694058E-003 -0.106314923394852E+000  0.105839299371402E+001  0.939143129122635E+000  0.167426165818654E+002  0.161252343496885E-001 -0.202611866040358E-001  0.269363003639677E-001
      1.53000000  0.100016619049634E-003 -0.152882653521473E-003  0.245279635521364E-003 -0.399098294380583E-003  0.415531189503921E-003 -0.107372725839633E+000  0.105871035635625E+001  0.938872241359053E+000  0.167953343468186E+002  0.147131957931930E-001 -0.224901864911875E-001  0.360824764504181E-001
      1.54000000  0.914410239023286E-004 -0.166618900109944E-003  0.311174444743980E-003 -0.408137049323560E-003  0.414799835896354E-003 -0.108430938499606E+000  0.105965015479717E+001  0.939376063844073E+000  0.168474274193539E+002  0.133643128934905E-001 -0.243517298911372E-001  0.454788503730963E-001
      1.55000000  0.848350517544175E-004 -0.175644147922720E-003  0.375490218614456E-003 -0.421139616575833E-003  0.411063459135928E-003 -0.109489726613084E+000  0.106115340941018E+001  0.940309742848482E+000  0.168989318844400E+002  0.123188426072410E-001 -0.255051723125786E-001  0.545246900663218E-001
      1.56000000  0.817033305182173E-004 -0.179282066118080E-003  0.434387530649049E-003 -0.437068079356501E-003  0.407569610318088E-003 -0.110551283301922E+000  0.106305953540314E+001  0.941196460036755E+000  0.169501754818251E+002  0.117880355640563E-001 -0.258665510694965E-001  0.626727898042278E-001
      1.57000000  0.830334594156125E-004 -0.178838628878785E-003  0.485379872891828E-003 -0.454202565949473E-003  0.407366120079773E-003 -0.111619550358170E+000  0.106511427456496E+001  0.941600177145877E+000  0.170017282897691E+002  0.119036392125275E-001 -0.256382250049416E-001  0.695838391967612E-001
      1.58000000  0.889146035282561E-004 -0.177124806816321E-003  0.528163532382616E-003 -0.470401592112601E-003  0.412196533655878E-003 -0.112699301270781E+000  0.106700974596553E+001  0.941281693193032E+000  0.170542644312319E+002  0.126660816947839E-001 -0.252318200192546E-001  0.752380619595059E-001
      1.59000000  0.983097043354507E-004 -0.177437585408402E-003  0.564799692961264E-003 -0.483620599708493E-003  0.421888771223523E-003 -0.113794829260623E+000  0.106845953460611E+001  0.940278993593503E+000  0.171083730851403E+002  0.139163563548073E-001 -0.251174051022901E-001  0.799509453259576E-001
      1.60000000  0.109172660218387E-003 -0.182401966083233E-003  0.599086890745604E-003 -0.492570403872107E-003  0.434441293187651E-003 -0.114908712805655E+000  0.106929064539685E+001  0.938886467080891E+000  0.171643874853938E+002  0.153574880397964E-001 -0.256587684769709E-001  0.842744853979008E-001
      1.61000000  0.118991242722809E-003 -0.193096487440250E-003  0.635306296986025E-003 -0.497256236753184E-003  0.446728822359010E-003 -0.116041156860775E+000  0.106951533793960E+001  0.937548284449052E+000  0.172223007734389E+002  0.166347163461206E-001 -0.269944680171416E-001  0.888144354277008E-001
      1.62000000  0.125629408574345E-003 -0.208735431008239E-003  0.676812947204966E-003 -0.499106073475073E-003  0.455532684903234E-003 -0.117190193088427E+000  0.106934323774089E+001  0.936710625362549E+000  0.172818043139632E+002  0.174543056255824E-001 -0.290006300996746E-001  0.940329192497608E-001
      1.63000000  0.128143618614147E-003 -0.226952054002633E-003  0.725029557638700E-003 -0.500530642998038E-003  0.458528855111228E-003 -0.118352660770607E+000  0.106911452723905E+001  0.936685185033515E+000  0.173424323986424E+002  0.176943924275440E-001 -0.313381091402737E-001  0.100113900740208E+000
      1.64000000  0.127184202628857E-003 -0.244526716845121E-003  0.779227734179875E-003 -0.504019001238337E-003  0.454938488000154E-003 -0.119525557480406E+000  0.106917184137372E+001  0.937563994910051E+000  0.174037524018479E+002  0.174548290200799E-001 -0.335589793791316E-001  0.106941637299915E+000
      1.65000000  0.124735224729356E-003 -0.258299778509389E-003  0.837138509851557E-003 -0.511133900515449E-003  0.445696928478675E-003 -0.120707206383708E+000  0.106972315283752E+001  0.939203024819535E+000  0.174655230083434E+002  0.170149800849778E-001 -0.352343581921419E-001  0.114193044542132E+000
      1.66000000  0.123251010964945E-003 -0.266006657491181E-003  0.896088788928634E-003 -0.521876011391514E-003  0.433150336910218E-003 -0.121897795477758E+000  0.107075962488741E+001  0.941270426901019E+000  0.175277615646863E+002  0.167112400503325E-001 -0.360670559496347E-001  0.121498028624343E+000
      1.67000000  0.124564166096746E-003 -0.266832539936115E-003  0.954171961985108E-003 -0.534748951462724E-003  0.420397896264439E-003 -0.123099135767543E+000  0.107207086690989E+001  0.943340813015166E+000  0.175907037430498E+002  0.167881534165575E-001 -0.359623939801275E-001  0.128598663528501E+000
      1.68000000  0.129088926789127E-003 -0.261564679369565E-003  0.101099838794073E-002 -0.547523898293388E-003  0.410458984111186E-003 -0.124313810656178E+000  0.107335337046859E+001  0.945009615073391E+000  0.176546830847904E+002  0.172944192932418E-001 -0.350425814966233E-001  0.135446396997323E+000
      1.69000000  0.135722436921271E-003 -0.252305111661609E-003  0.106778792177128E-002 -0.558340505739693E-003  0.405476425630502E-003 -0.125544101278271E+000  0.107435988449468E+001  0.945998579961064E+000  0.177199849806228E+002  0.180755374705123E-001 -0.336020381249613E-001  0.142208178900687E+000
      1.70000000  0.142499687664707E-003 -0.241803636597592E-003  0.112684074441300E-002 -0.566590662775174E-003  0.406174704939867E-003 -0.126791101874517E+000  0.107501476746262E+001  0.946223785455582E+000  0.177867309652791E+002  0.188664968132476E-001 -0.320140178133880E-001  0.149190062532122E+000
      1.71000000  0.147663906489131E-003 -0.232583344964568E-003  0.119063235375577E-002 -0.573130862941461E-003  0.411756105168157E-003 -0.128054311849882E+000  0.107543692216723E+001  0.945803628340596E+000  0.178548298142930E+002  0.194358938612365E-001 -0.306132034164721E-001  0.156714017701100E+000
      1.72000000  0.150589402965866E-003 -0.226131063831582E-003  0.126086086135995E-002 -0.579716696625600E-003  0.420311673286847E-003 -0.129331794208739E+000  0.107586013957339E+001  0.944999165307017E+000  0.179240044612493E+002  0.197057169368410E-001 -0.295908918338825E-001  0.164992799900619E+000
      1.73000000  0.152068010758940E-003 -0.222455966066631E-003  0.133773948791562E-002 -0.587965501821695E-003  0.429650425546342E-003 -0.130620811883335E+000  0.107649481831914E+001  0.944102109492683E+000  0.179938801558197E+002  0.197841792062926E-001 -0.289417128310296E-001  0.174041059840068E+000
      1.74000000  0.153808275226502E-003 -0.220230015771157E-003  0.141972577046676E-002 -0.598405216546130E-003  0.438263914893051E-003 -0.131918739840904E+000  0.107740560296757E+001  0.943309179710984E+000  0.180641052547051E+002  0.198955857270543E-001 -0.284874474536114E-001  0.183646008211414E+000
      1.75000000  0.157415546654626E-003 -0.217513639908039E-003  0.150375951850594E-002 -0.610120553382498E-003  0.446035877888744E-003 -0.133224001562013E+000  0.107847004150390E+001  0.942633544049424E+000  0.181344710056555E+002  0.202458422534139E-001 -0.279752980892414E-001  0.193404518459272E+000
      1.76000000  0.163393851517815E-003 -0.212811159481997E-003  0.158596384650915E-002 -0.621189201647673E-003  0.454357497453216E-003 -0.134536775576777E+000  0.107943968352242E+001  0.941895294206682E+000  0.182049978422007E+002  0.208953340136251E-001 -0.272149791310742E-001  0.202818184396181E+000
      1.77000000  0.170693578301710E-003 -0.206013707899556E-003  0.166264824243002E-002 -0.629686662908656E-003  0.465529882552442E-003 -0.135859255817571E+000  0.108007141512002E+001  0.940802880746361E+000  0.182759620161169E+002  0.217055198586921E-001 -0.261968532880174E-001  0.211423562638635E+000
      1.78000000  0.177040816269799E-003 -0.198780705548245E-003  0.173134865156103E-002 -0.634750642719179E-003  0.481648187626465E-003 -0.137195341270850E+000  0.108026189743688E+001  0.939097348101404E+000  0.183478491691277E+002  0.223861637645875E-001 -0.251350932592959E-001  0.218922705306429E+000
      1.79000000  0.179887048731875E-003 -0.194116136238053E-003  0.179158191790854E-002 -0.637178799474935E-003  0.503425653259316E-003 -0.138549783793017E+000  0.108011882323020E+001  0.936699289184972E+000  0.184212413304428E+002  0.226189864926883E-001 -0.244081510844385E-001  0.225273400655538E+000
      1.80000000  0.177521465649139E-003 -0.195240345771175E-003  0.184502897567328E-002 -0.639279848522105E-003  0.529495804094654E-003 -0.139927011703670E+000  0.107993643673647E+001  0.933791112070737E+000  0.184966671398001E+002  0.221975296750440E-001 -0.244131229605051E-001  0.230704975812722E+000
      1.81000000  0.169833542824590E-003 -0.204192184184414E-003  0.189501799958529E-002 -0.644064799504942E-003  0.556569012026211E-003 -0.141330002641997E+000  0.108008981023738E+001  0.930790338811483E+000  0.185744631613881E+002  0.211188939796415E-001 -0.253914098330738E-001  0.235646525163105E+000
      1.82000000  0.158406086356436E-003 -0.220762521912552E-003  0.194542370934348E-002 -0.654162407959030E-003  0.580469402392488E-003 -0.142759619484197E+000  0.108089850033334E+001  0.928214914871903E+000  0.186546970353461E+002  0.195896533857555E-001 -0.273011055591705E-001  0.240585302187923E+000
      1.83000000  0.145941612240398E-003 -0.242268739120669E-003  0.199934219385269E-002 -0.670936422518279E-003  0.597685424457230E-003 -0.144214699550324E+000  0.108251949365326E+001  0.926489758291814E+000  0.187371857971021E+002  0.179495814220607E-001 -0.297970016372253E-001  0.245902145030481E+000
      1.84000000  0.135313824663513E-003 -0.264353084376528E-003  0.205803128596897E-002 -0.694152472541959E-003  0.606806052797805E-003 -0.145692924044030E+000  0.108491087718126E+001  0.925773607009884E+000  0.188216090398405E+002  0.165520055051532E-001 -0.323364868208059E-001  0.251744751579115E+000
      1.85000000  0.128666878251106E-003 -0.282553836011708E-003  0.212055051521935E-002 -0.722275491402762E-003  0.609209483771321E-003 -0.147192188250648E+000  0.108787339900107E+001  0.925882424808986E+000  0.189076793300422E+002  0.156538551637997E-001 -0.343760327834429E-001  0.257990176523764E+000
      1.86000000  0.126923171728288E-003 -0.294038769953199E-003  0.218429675869915E-002 -0.753206571809058E-003  0.608643138790827E-003 -0.148711970814634E+000  0.109114386307085E+001  0.926349438550804E+000  0.189953070143428E+002  0.153586925784991E-001 -0.355809818835839E-001  0.264316924642337E+000
      1.87000000  0.129856168651617E-003 -0.298767208397876E-003  0.224629761671307E-002 -0.785102664779859E-003  0.609786561284364E-003 -0.150254160537327E+000  0.109449549849345E+001  0.926605668700245E+000  0.190846944452431E+002  0.156295780662329E-001 -0.359598273672533E-001  0.270365931206554E+000
      1.88000000  0.136634397363041E-003 -0.299533869256871E-003  0.230482244536185E-002 -0.816915368597562E-003  0.616341923686616E-003 -0.151822965882996E+000  0.109780149483117E+001  0.926211252987989E+000  0.191763173810156E+002  0.163579347642858E-001 -0.358603366909082E-001  0.275934434755219E+000
      1.89000000  0.146543950176994E-003 -0.300793543813757E-003  0.236071607471882E-002 -0.848424753234139E-003  0.629452584018657E-003 -0.153423849030403E+000  0.110103638569964E+001  0.925040360012936E+000  0.192707908121128E+002  0.174514840775111E-001 -0.358206103639480E-001  0.281130670626262E+000
      1.90000000  0.159520009485520E-003 -0.306700956919271E-003  0.241791182542322E-002 -0.879773273502943E-003  0.647173808579678E-003 -0.155061783013758E+000  0.110421816905076E+001  0.923335623598531E+000  0.193686588376298E+002  0.188967814961539E-001 -0.363318745169134E-001  0.286426458908507E+000
      1.91000000  0.176193805024724E-003 -0.319193725859035E-003  0.248282764384049E-002 -0.910739874795849E-003  0.665306751359248E-003 -0.156739406766959E+000  0.110732162994853E+001  0.921600220932850E+000  0.194701791114253E+002  0.207626863228387E-001 -0.376138037617120E-001  0.292576527054963E+000
      1.92000000  0.197373031179404E-003 -0.336998395948806E-003  0.256272132353954E-002 -0.940144027991060E-003  0.679306082911757E-003 -0.158455753396362E+000  0.111020960312375E+001  0.920367463315988E+000  0.195751812217582E+002  0.231373095887178E-001 -0.395050740791504E-001  0.300418331207807E+000
      1.93000000  0.223151315900498E-003 -0.356081507544825E-003  0.266346798098265E-002 -0.965758464870391E-003  0.686444129320837E-003 -0.160206103257463E+000  0.111262569654143E+001  0.919947635963088E+000  0.196830606470338E+002  0.260236625425828E-001 -0.415258361914952E-001  0.310610724612412E+000
      1.94000000  0.252071792639138E-003 -0.371420848583703E-003  0.278749834597124E-002 -0.984913091115258E-003  0.687226077799377E-003 -0.161983176797085E+000  0.111426742889986E+001  0.920269557089401E+000  0.197929283351027E+002  0.292448094180941E-001 -0.430914217612887E-001  0.323399365822277E+000
      1.95000000  0.280829903824983E-003 -0.379322327824359E-003  0.293268398625773E-002 -0.995647434047362E-003  0.685338384498336E-003 -0.163779413574789E+000  0.111492043016968E+001  0.920896314031380E+000  0.199038810499842E+002  0.324141782004961E-001 -0.437824510924893E-001  0.338498642920672E+000
      1.96000000  0.304824358965734E-003 -0.379186002185005E-003  0.309271077796683E-002 -0.997952295948821E-003  0.686087037093737E-003 -0.165589632078186E+000  0.111459877777999E+001  0.921213933550918E+000  0.200153071707266E+002  0.350041771704427E-001 -0.435434164319126E-001  0.355148113412609E+000
      1.97000000  0.319495463989866E-003 -0.373835525255317E-003  0.325897856453277E-002 -0.994500038942870E-003  0.694037030239870E-003 -0.167413114863457E+000  0.111362263424490E+001  0.920705568072991E+000  0.201271175194224E+002  0.365026795639084E-001 -0.427110864661072E-001  0.372341593715268E+000
      1.98000000  0.321985415099659E-003 -0.368213310571187E-003  0.342346008913932E-002 -0.990405494545955E-003  0.711007740667875E-003 -0.169254266071237E+000  0.111258333937824E+001  0.919176916718472E+000  0.202398069106528E+002  0.366013652616382E-001 -0.418562743602585E-001  0.389158350984456E+000
      1.99000000  0.312424723484636E-003 -0.367084264740945E-003  0.358149430097576E-002 -0.991957976222006E-003  0.735441484152591E-003 -0.171121471538621E+000  0.111219318391508E+001  0.916819539064985E+000  0.203543105538322E+002  0.353360982035038E-001 -0.415182431248431E-001  0.405076886755386E+000
      2.00000000  0.294239430129762E-003 -0.372936774479834E-003  0.373341749360394E-002 -0.100474428490822E-002  0.763468363642981E-003 -0.173024504528058E+000  0.111307115395129E+001  0.914081373560335E+000  0.204717010912138E+002  0.331128948952242E-001 -0.419692772327238E-001  0.420148519901561E+000
      2.01000000  0.273273258872795E-003 -0.385193351209258E-003  0.388434847389816E-002 -0.103189962184583E-002  0.791081162908752E-003 -0.174971461969066E+000  0.111554939379369E+001  0.911416821093313E+000  0.205928421076032E+002  0.306004176513736E-001 -0.431329339436840E-001  0.434959081232636E+000
      2.02000000  0.256043512107506E-003 -0.401142629660974E-003  0.404220814407752E-002 -0.107319967317278E-002  0.816206881263714E-003 -0.176966465478389E+000  0.111957914333218E+001  0.909055768387633E+000  0.207181371457816E+002  0.285291401021960E-001 -0.446965212606366E-001  0.450395018859938E+000
      2.03000000  0.247834094063027E-003 -0.418038038258195E-003  0.421483092271026E-002 -0.112533906951276E-002  0.839493622252558E-003 -0.179009050874884E+000  0.112477099388754E+001  0.906921872306406E+000  0.208474733505824E+002  0.274783903564722E-001 -0.463496051362137E-001  0.467315725137111E+000
      2.04000000  0.251374688436411E-003 -0.435118220828725E-003  0.440742553373103E-002 -0.118321266185200E-002  0.863344732715461E-003 -0.181095407858447E+000  0.113054460141900E+001  0.904746629533932E+000  0.209803709002641E+002  0.277343283813343E-001 -0.480068685364815E-001  0.486274047037539E+000
      2.05000000  0.266545133637625E-003 -0.454307820655456E-003  0.462143885832551E-002 -0.124159824942635E-002  0.889749465218325E-003 -0.183220780869450E+000  0.113631809427534E+001  0.902312240262017E+000  0.211162555531165E+002  0.292646390832411E-001 -0.498795615689267E-001  0.507399022403576E+000
      2.06000000  0.291053213665535E-003 -0.479088657590259E-003  0.485515382936137E-002 -0.129653756439343E-002  0.918200881714765E-003 -0.185381842369965E+000  0.114165899591421E+001  0.899677866246696E+000  0.212547202426352E+002  0.318003173512017E-001 -0.523449686703650E-001  0.530471492199424E+000
      2.07000000  0.321623680426938E-003 -0.512095549226111E-003  0.510548773281164E-002 -0.134595107891636E-002  0.945008668600548E-003 -0.187577970017850E+000  0.114634746530586E+001  0.897247659660034E+000  0.213956599087042E+002  0.349706695511705E-001 -0.556809878142031E-001  0.555128043322883E+000
      2.08000000  0.355101700061374E-003 -0.552777324365624E-003  0.536992019247321E-002 -0.138944349101731E-002  0.964566958637049E-003 -0.189811028891095E+000  0.115035013734269E+001  0.895625280448709E+000  0.215392406725646E+002  0.384251606632516E-001 -0.598154204727275E-001  0.581073101336770E+000
      2.09000000  0.389041858130079E-003 -0.596503072980759E-003  0.564755969369229E-002 -0.142762589367615E-002  0.972036183841563E-003 -0.192084092939799E+000  0.115374266530778E+001  0.895320311615678E+000  0.216857556609238E+002  0.418963626606645E-001 -0.642380981674384E-001  0.608192162694149E+000
      2.10000000  0.421690320549029E-003 -0.635745891555004E-003  0.593898293766741E-002 -0.146142653321382E-002  0.966073807974091E-003 -0.194400054723706E+000  0.115663325343439E+001  0.896457823803180E+000  0.218354729760081E+002  0.451960638104288E-001 -0.681381821724722E-001  0.636530265789337E+000
      2.11000000  0.451579360953586E-003 -0.662862738584708E-003  0.624525706596822E-002 -0.149175956331021E-002  0.950177694460607E-003 -0.196760983271122E+000  0.115912655142336E+001  0.898644189400465E+000  0.219885677911302E+002  0.481701395921039E-001 -0.707078166296256E-001  0.666183910666330E+000
      2.12000000  0.477104559966042E-003 -0.673143972879452E-003  0.656700158272085E-002 -0.151967154476867E-002  0.931923334692761E-003 -0.199168485168345E+000  0.116133929174809E+001  0.901060297338306E+000  0.221451628782670E+002  0.506528611789094E-001 -0.714658191783145E-001  0.697200252194013E+000
      2.13000000  0.496420945405822E-003 -0.666696001436261E-003  0.690420289039502E-002 -0.154682680770392E-002  0.920458955132213E-003 -0.201624612453711E+000  0.116345129364913E+001  0.902736229926990E+000  0.223054257741897E+002  0.524561931025408E-001 -0.704489496579210E-001  0.729558660627445E+000
      2.14000000  0.507830476121635E-003 -0.648368390524669E-003  0.725688272693201E-002 -0.157601852664506E-002  0.923452948333696E-003 -0.204132509227434E+000  0.116575774146591E+001  0.902875840303934E+000  0.224696357417439E+002  0.534110680466892E-001 -0.681921425632219E-001  0.763242608232460E+000
      2.15000000  0.510607491653864E-003 -0.625927751886693E-003  0.762606850255191E-002 -0.161133465173651E-002  0.944832593005052E-003 -0.206696217871007E+000  0.116868387236964E+001  0.901089435172650E+000  0.226381608854904E+002  0.534533585933252E-001 -0.655257533859180E-001  0.798341154384205E+000
      2.16000000  0.505968786738263E-003 -0.607439042123467E-003  0.801426486287647E-002 -0.165767760116490E-002  0.984112202417262E-003 -0.209319705777045E+000  0.117273191727810E+001  0.897454373865669E+000  0.228113546793112E+002  0.527225309401293E-001 -0.632958485424593E-001  0.835095638842187E+000
      2.17000000  0.497696482654073E-003 -0.598968797513177E-003  0.842494997940593E-002 -0.171955510063584E-002  0.103728073907183E-002 -0.212005779926159E+000  0.117835391151199E+001  0.892412242514881E+000  0.229894437223899E+002  0.516215586196043E-001 -0.621256206739787E-001  0.873843927748678E+000
      2.18000000  0.491871219494453E-003 -0.603316103784257E-003  0.886129559649582E-002 -0.179942616540990E-002  0.109860980895469E-002 -0.214755711222402E+000  0.118578207668913E+001  0.886573833535336E+000  0.231724918636276E+002  0.507833321410438E-001 -0.622894791771037E-001  0.914886050741765E+000
      2.19000000  0.495405935192500E-003 -0.619882546679902E-003  0.932487898300135E-002 -0.189629883436587E-002  0.116262876687432E-002 -0.217569984314985E+000  0.119488972318755E+001  0.880512293505790E+000  0.233604809793846E+002  0.509147207314626E-001 -0.637076476248742E-001  0.958352687255787E+000
      2.20000000  0.513635256677035E-003 -0.645422893028646E-003  0.981523780523430E-002 -0.200549421855552E-002  0.122578659894889E-002 -0.220449891486224E+000  0.120517526783212E+001  0.874593957231396E+000  0.235534759017285E+002  0.525482698387608E-001 -0.660310130624632E-001  0.100416347596125E+001
      2.21000000  0.547935167165126E-003 -0.675417228741580E-003  0.103306694519934E-001 -0.212023179129926E-002  0.128762147764276E-002 -0.223399156729066E+000  0.121593216739596E+001  0.868863914976668E+000  0.237517879436080E+002  0.558037233117469E-001 -0.687869631505573E-001  0.105211319562999E+001
      2.22000000  0.594799031255735E-003 -0.705967247036092E-003  0.108699993845250E-001 -0.223485091182954E-002  0.135129289174759E-002 -0.226424732698346E+000  0.122658014868824E+001  0.862999297754996E+000  0.239560501463107E+002  0.603036436248087E-001 -0.715744226855469E-001  0.110205386128891E+001
      2.23000000  0.647506858730883E-003 -0.736089746518207E-003  0.114345639069021E-001 -0.234834759660311E-002  0.142312227608940E-002 -0.229536339258810E+000  0.123701934465237E+001  0.856363891901345E+000  0.241671634913517E+002  0.653530386797533E-001 -0.742937329965302E-001  0.115409356243509E+001
      2.24000000  0.700328254065574E-003 -0.769887891854748E-003  0.120296119302157E-001 -0.246613558532166E-002  0.151067585910968E-002 -0.232744890366452E+000  0.124779652237063E+001  0.848207768240844E+000  0.243861328532018E+002  0.703687611128286E-001 -0.773580914822170E-001  0.120873159590977E+001
      2.25000000  0.753520459279623E-003 -0.817544789272750E-003  0.126646359478544E-001 -0.259825056946785E-002  0.161928406333093E-002 -0.236060335115269E+000  0.125991107681796E+001  0.838017984285210E+000  0.246138487237526E+002  0.753769926107788E-001 -0.817815452534710E-001  0.126688288088721E+001
      2.26000000  0.816185710104537E-003 -0.893915561596285E-003  0.133524936504696E-001 -0.275385383436922E-002  0.174777988629826E-002 -0.239489507004176E+000  0.127425763203178E+001  0.825937757862620E+000  0.248508755503604E+002  0.812843286589020E-001 -0.890254820717125E-001  0.132978128490103E+001
      2.27000000  0.904354259294191E-003 -0.101412786130008E-002  0.141073626722250E-001 -0.293426043902100E-002  0.188522770206519E-002 -0.243034514556234E+000  0.129093708061570E+001  0.813076359330365E+000  0.250972993445105E+002  0.896683145580658E-001 -0.100552560166107E+000  0.139876980804519E+001
      2.28000000  0.103381754823101E-002 -0.118700311248925E-002  0.149416657481230E-001 -0.312848283497024E-002  0.201079155095634E-002 -0.246692270646285E+000  0.130883407008295E+001  0.801500928236303E+000  0.253526917105241E+002  0.102055244661872E+000 -0.117177245894868E+000  0.147499465083551E+001
      2.29000000  0.121045854645925E-002 -0.140866033277173E-002  0.158624213982570E-001 -0.331504994525154E-002  0.209812169585849E-002 -0.250455952301532E+000  0.132582234806117E+001  0.793784422933989E+000  0.256162645548283E+002  0.118970891042830E+000 -0.138451312898541E+000  0.155905083521257E+001
      2.30000000  0.142334137933734E-002 -0.165943647949547E-002  0.168682037536622E-001 -0.347112733809565E-002  0.212379141928085E-002 -0.254319134149423E+000  0.133967922465938E+001  0.792169012435207E+000  0.258872823983794E+002  0.139286015483423E+000 -0.162389921723749E+000  0.165069667988151E+001
      2.31000000  0.164578052702584E-002 -0.190657329401977E-002  0.179487464725465E-001 -0.358572418919989E-002  0.207716445130476E-002 -0.258282541557901E+000  0.134937447817303E+001  0.797611805046252E+000  0.261657192289878E+002  0.160356369446609E+000 -0.185766672100181E+000  0.174883331841124E+001
      2.32000000  0.184629780303527E-002 -0.211302295780807E-002  0.190894188070959E-001 -0.367029526053635E-002  0.196773317318976E-002 -0.262361697782613E+000  0.135607320489779E+001  0.809100628798190E+000  0.264529850980513E+002  0.179118334971896E+000 -0.204994640267544E+000  0.185195741807580E+001
      2.33000000  0.200598888601369E-002 -0.225005616335066E-002  0.202815273482427E-001 -0.375971752635840E-002  0.182627988046186E-002 -0.266591847249549E+000  0.136318304990244E+001  0.823584114415095E+000  0.267523708854260E+002  0.193775504831213E+000 -0.217352036191132E+000  0.195916499241609E+001
      2.34000000  0.213416577886787E-002 -0.230935905950188E-002  0.215365429146950E-001 -0.390043004770770E-002  0.169823419903857E-002 -0.271025747236959E+000  0.137516551508869E+001  0.836654189350745E+000  0.270687957022090E+002  0.205276185938565E+000 -0.222127270707477E+000  0.207150701768633E+001
      2.35000000  0.227321234727694E-002 -0.230996483041236E-002  0.228989817484725E-001 -0.412910950673273E-002  0.163052342478523E-002 -0.275721493504296E+000  0.139547115660055E+001  0.843834370676611E+000  0.274076062303457E+002  0.217720047073204E+000 -0.221240066823178E+000  0.219318155216692E+001
      2.36000000  0.248772521139199E-002 -0.229688632446260E-002  0.244507772834034E-001 -0.445125504873631E-002  0.165578341109446E-002 -0.280721682661165E+000  0.142451862784349E+001  0.842087030739030E+000  0.277725803676573E+002  0.237255713642290E+000 -0.219055304649450E+000  0.233188399864976E+001
      2.37000000  0.284073374666284E-002 -0.233104618077736E-002  0.263014521191380E-001 -0.483082025224520E-002  0.177896132418721E-002 -0.286030454523746E+000  0.145877401116536E+001  0.831055352964934E+000  0.281637800798577E+002  0.269779198471236E+000 -0.221375118660211E+000  0.249779997145674E+001
      2.38000000  0.336720776082781E-002 -0.247292443360042E-002  0.285636916078053E-001 -0.519780248574570E-002  0.197074084628589E-002 -0.291598540268323E+000  0.149155157380290E+001  0.813628785009418E+000  0.285762154834860E+002  0.318433853286134E+000 -0.233862271712993E+000  0.270124299681293E+001
      2.39000000  0.405783673174101E-002 -0.276427284958075E-002  0.313212572435023E-001 -0.547201034752969E-002  0.217025746566651E-002 -0.297325667552692E+000  0.151531796669629E+001  0.795619417108817E+000  0.290001770316531E+002  0.382140391004612E+000 -0.260321047251450E+000  0.294963013079451E+001
      2.40000000  0.486198276913108E-002 -0.321283518840466E-002  0.346019967058616E-001 -0.559246198688591E-002  0.229705565199713E-002 -0.303083627513403E+000  0.152446688822892E+001  0.784579737382813E+000  0.294234970873002E+002  0.455961789195590E+000 -0.301303017813316E+000  0.324501115633616E+001
      2.41000000  0.570929014390109E-002 -0.378437539414841E-002  0.383693418944993E-001 -0.553801481608142E-002  0.226990682318333E-002 -0.308753912546662E+000  0.151720575208596E+001  0.788009078227729E+000  0.298351159849681E+002  0.533201481183961E+000 -0.353430026265456E+000  0.358338592268876E+001
      2.42000000  0.653948765493247E-002 -0.440481270938052E-002  0.425395253377080E-001 -0.532858596348667E-002  0.202835034866738E-002 -0.314265403462477E+000  0.149559040093202E+001  0.811351272285957E+000  0.302285642698201E+002  0.608211508832886E+000 -0.409673956961734E+000  0.395643057314546E+001
      2.43000000  0.732505128925909E-002 -0.497317630646930E-002  0.470206260511372E-001 -0.500623017963179E-002  0.155177483470927E-002 -0.319614850435280E+000  0.146369329484716E+001  0.856269576078467E+000  0.306037652610128E+002  0.678470035409121E+000 -0.460631737786414E+000  0.435520306440077E+001
      2.44000000  0.807475705064894E-002 -0.538356596526077E-002  0.517584041800143E-001 -0.460622972027248E-002  0.870684078145996E-003 -0.324858387033940E+000  0.142489541267652E+001  0.919684928203530E+000  0.309661212754385E+002  0.744845011571666E+000 -0.496599740219952E+000  0.477438378871045E+001
      2.45000000  0.881636260969357E-002 -0.555159156741758E-002  0.567685100898329E-001 -0.413407544152534E-002  0.658318897259239E-004 -0.330074565749381E+000  0.137978568296085E+001  0.993952212640092E+000  0.313230059911244E+002  0.809934008779847E+000 -0.510008833843007E+000  0.521516060364441E+001
      2.46000000  0.956824583027373E-002 -0.543852092850946E-002  0.621386952052531E-001 -0.356121957369454E-002 -0.746517071544059E-003 -0.335313094586310E+000  0.132582913850915E+001  0.106830160546692E+001  0.316790341002618E+002  0.875434168381683E+000 -0.497590376619729E+000  0.568529884435226E+001
      2.47000000  0.103161971095329E-001 -0.506564546001342E-002  0.679972863572663E-001 -0.284207358417466E-002 -0.144100889958441E-002 -0.340551770674945E+000  0.125897905409798E+001  0.113130945090203E+001  0.320321928087594E+002  0.940045670946628E+000 -0.461598206652691E+000  0.619613545549642E+001
      2.48000000  0.110088151860045E-001 -0.451313642534476E-002  0.744599975607030E-001 -0.194263134470487E-002 -0.191484822748915E-002 -0.345682187189352E+000  0.117630514513467E+001  0.117378366491334E+001  0.323726782742451E+002  0.999114301547618E+000 -0.409593500409554E+000  0.675767984103105E+001
      2.49000000  0.115743712791275E-001 -0.390203253099869E-002  0.815784737791661E-001 -0.864301689801397E-003 -0.211536457536908E-002 -0.350532529540009E+000  0.107812540657800E+001  0.119121068425701E+001  0.326851126317032E+002  0.104622317963346E+001 -0.352710033501048E+000  0.737398932249540E+001
      2.50000000  0.119495441960593E-001 -0.336376247145528E-002  0.893146525998380E-001  0.350812109502992E-003 -0.205443596414396E-002 -0.354918377009907E+000  0.968416457291746E+000  0.118496045107120E+001  0.329532291348707E+002  0.107581502815023E+001 -0.302838849628486E+000  0.804097996747106E+001
      2.51000000  0.121033952932170E-001 -0.300645739043352E-002  0.975538141161272E-001  0.163613616398089E-002 -0.180463355664074E-002 -0.358698192943030E+000  0.853285851265281E+000  0.116182349725493E+001  0.331648657299242E+002  0.108532491142032E+001 -0.269592376511891E+000  0.874775896344027E+001
      2.52000000  0.120426854964523E-001 -0.288887147507393E-002  0.106150720097691E+000  0.292853214564246E-002 -0.147837210064791E-002 -0.361806528370520E+000  0.738437349093402E+000  0.113204120919321E+001  0.333148492041379E+002  0.107559575440326E+001 -0.258020347249091E+000  0.948088064722445E+001
      2.53000000  0.117957836876566E-001 -0.300989400397615E-002  0.114986200305048E+000  0.419092640225663E-002 -0.119759252159464E-002 -0.364247550781716E+000  0.627165761158455E+000  0.110654052430762E+001  0.334042813714108E+002  0.104937944755099E+001 -0.267766940350450E+000  0.102294310023984E+002
      2.54000000  0.113855226948615E-001 -0.331540735852559E-002  0.124004549365108E+000  0.541567120816388E-002 -0.106463159426549E-002 -0.366050587365798E+000  0.520106520739333E+000  0.109433913918790E+001  0.334364761456670E+002  0.100889398363067E+001 -0.293784890421493E+000  0.109882916358116E+002
      2.55000000  0.108085634969618E-001 -0.371747331456711E-002  0.133209414453629E+000  0.660627095370164E-002 -0.114335541623417E-002 -0.367209203139684E+000  0.416900757524344E+000  0.110091770103874E+001  0.334115389273980E+002  0.954012518029862E+000 -0.328120945816333E+000  0.117576631662397E+002
      2.56000000  0.100355400658384E-001 -0.411681854128536E-002  0.142615007532193E+000  0.774866441093731E-002 -0.145412262541240E-002 -0.367636194839673E+000  0.318739572839709E+000  0.112784605815857E+001  0.333224723453682E+002  0.882321900841012E+000 -0.361949545010456E+000  0.125386719308312E+002
      2.57000000  0.903403353398655E-002 -0.442028367313269E-002  0.152172060591086E+000  0.879061352329406E-002 -0.197959693539123E-002 -0.367162743917281E+000  0.230138965365320E+000  0.117336839354858E+001  0.331552402642250E+002  0.791179180494002E+000 -0.387117935848183E+000  0.133268673112187E+002
      2.58000000  0.780224351575383E-002 -0.454970082817722E-002  0.161703337634529E+000  0.964419163962855E-002 -0.267435486486327E-002 -0.365591619536747E+000  0.158658326140666E+000  0.123330583656720E+001  0.328935455270400E+002  0.680653481877024E+000 -0.396907595096820E+000  0.141067039973622E+002
      2.59000000  0.639349225324560E-002 -0.444465613742445E-002  0.170883824909904E+000  0.102135142941129E-001 -0.347176831610536E-002 -0.362789342976230E+000  0.112431843673652E+000  0.130170134537277E+001  0.325268828150425E+002  0.555603092950177E+000 -0.386246608150562E+000  0.148500346750091E+002
      2.60000000  0.491529811458061E-002 -0.406515107007835E-002  0.179284621750299E+000  0.104349014603016E-001 -0.428624376381477E-002 -0.358781791430419E+000  0.966807198095956E-001  0.137104774263368E+001  0.320587034111757E+002  0.425503160875646E+000 -0.351908386721105E+000  0.155201518753977E+002
      2.61000000  0.350008324993338E-002 -0.339908653178658E-002  0.186473245010298E+000  0.103082587830949E-001 -0.501457276727271E-002 -0.353811569986742E+000  0.111062799823545E+000  0.143243387361703E+001  0.315110953296830E+002  0.301831208359144E+000 -0.293121712240977E+000  0.160806017597382E+002
      2.62000000  0.226034518459508E-002 -0.247434896280596E-002  0.192137753568087E+000  0.990171642897243E-002 -0.554313468415820E-002 -0.348327369636588E+000  0.149380236915028E+000  0.147619015810131E+001  0.309235134394810E+002  0.194177878068162E+000 -0.212562149565616E+000  0.165058423549225E+002
      2.63000000  0.125048255628163E-002 -0.136925487653962E-002  0.196189135137003E+000  0.932501254888430E-002 -0.576571830760145E-002 -0.342901248801839E+000  0.201968651192695E+000  0.149342817864719E+001  0.303453702774676E+002  0.107015864677720E+000 -0.117180358767092E+000  0.167897983315265E+002
      2.64000000  0.455071052398581E-003 -0.212185897808383E-003  0.198802113752141E+000  0.868353586154017E-002 -0.561047588723936E-002 -0.338098727373921E+000  0.259680905735141E+000  0.147832386408768E+001  0.298247722601295E+002  0.387973050045214E-001 -0.180900124311131E-001  0.169489713795942E+002
      2.65000000 -0.189618722689172E-003  0.836162713714141E-003  0.200377219713084E+000  0.803546070085267E-002 -0.506740435451717E-002 -0.334346298770665E+000  0.317518029309395E+000  0.143039375574198E+001  0.293972916268385E+002 -0.161050329730327E-001  0.710184515759097E-001  0.170187926843794E+002
      2.66000000 -0.750784023748033E-003  0.161708713943149E-002  0.201437328796094E+000  0.737342803450620E-002 -0.420405086139466E-002 -0.331842642853013E+000  0.376101294237742E+000  0.135572353579748E+001  0.290786893726816E+002 -0.635271923088278E-001  0.136828971365103E+000  0.170445128290326E+002
      2.67000000 -0.125257379614618E-002  0.201527823556064E-002  0.202496986601772E+000  0.664041746574752E-002 -0.315955721969015E-002 -0.330542392499834E+000  0.440228997336928E+000  0.126634297044730E+001  0.288639178073805E+002 -0.105588917171988E+000  0.169883041899664E+000  0.170700022718473E+002
      2.68000000 -0.165051550460409E-002  0.199264724784622E-002  0.203951813874710E+000  0.577309661348310E-002 -0.211514590850058E-002 -0.330212143962572E+000  0.515157918552838E+000  0.117763633860670E+001  0.287322126957008E+002 -0.138615274659374E+000  0.167348531285505E+000  0.171284890197392E+002
      2.69000000 -0.183982035656120E-002  0.160115966799616E-002  0.206024301933338E+000  0.475321980316334E-002 -0.124907258589374E-002 -0.330530202118861E+000  0.602294228650401E+000  0.110451092034791E+001  0.286557311531303E+002 -0.153939267349662E+000  0.133970333202451E+000  0.172382211028050E+002
      2.70000000 -0.169546995705120E-002  0.968808358856404E-003  0.208776451499411E+000  0.364426096589661E-002 -0.691086229316027E-003 -0.331186662576628E+000  0.696211044531835E+000  0.105760958551186E+001  0.286080256684877E+002 -0.141335939467638E+000  0.807607583924504E-001  0.174037975657848E+002
      2.71000000 -0.112886033061813E-002  0.263264524815268E-003  0.212170826136541E+000  0.259697899616753E-002 -0.492076050577727E-003 -0.331945163550412E+000  0.784312278919617E+000  0.104086854845725E+001  0.285691470572159E+002 -0.937555954393118E-001  0.218649921630141E-001  0.176214909849739E+002
      2.72000000 -0.139830807917682E-003 -0.353827112207730E-003  0.216142852595043E+000  0.181997636223778E-002 -0.618553910164632E-003 -0.332649249509168E+000  0.849400642551157E+000  0.105118408312937E+001  0.285260515858147E+002 -0.115707161152701E-001 -0.292784768264490E-001  0.178853832353899E+002
      2.73000000  0.115475959615026E-002 -0.766230920131017E-003  0.220646909990667E+000  0.152371773629227E-002 -0.971880365357482E-003 -0.333184185771287E+000  0.874377291940964E+000  0.108012654870232E+001  0.284693263076945E+002  0.952040027955213E-001 -0.631718072795092E-001  0.181912054297760E+002
      2.74000000  0.252668804174304E-002 -0.924303791563064E-003  0.225656354724581E+000  0.185457056211636E-002 -0.142324240177259E-002 -0.333425816840088E+000  0.847658202857980E+000  0.111691078769596E+001  0.283889218283504E+002  0.207552198314379E+000 -0.759259871736629E-001  0.185363098700489E+002
      2.75000000  0.367711002248545E-002 -0.844092728674354E-003  0.231123956491581E+000  0.283788885324927E-002 -0.185108407819248E-002 -0.333211887860124E+000  0.767732222748530E+000  0.115150247475516E+001  0.282718166740123E+002  0.300954059794807E+000 -0.690849966371462E-001  0.189164024455717E+002
      2.76000000  0.430425085631508E-002 -0.588658061123208E-003  0.236930975115331E+000  0.434702347166329E-002 -0.216915352067864E-002 -0.332356811276763E+000  0.645505763544239E+000  0.117689171132404E+001  0.281032753359731E+002  0.351006184063608E+000 -0.480043163492639E-001  0.193214197401357E+002
      2.77000000  0.418286310086921E-002 -0.240876670455996E-003  0.242859474736038E+000  0.610990543688534E-002 -0.233890565036022E-002 -0.330705916250249E+000  0.503543735535722E+000  0.119004620842449E+001  0.278712872095660E+002  0.339875733147450E+000 -0.195722721483129E-001  0.197333835789565E+002
      2.78000000  0.323541663288857E-002  0.122641921541617E-003  0.248610539162517E+000  0.775709745283519E-002 -0.236646183332735E-002 -0.328202682976806E+000  0.371969512180580E+000  0.119159359394762E+001  0.275719610133593E+002  0.261945953187607E+000  0.992934100431360E-002  0.201280181326351E+002
      2.79000000  0.157337231365992E-002  0.449974505887859E-003  0.253867230121999E+000  0.890492013181563E-002 -0.228878303430748E-002 -0.324933831007063E+000  0.281623526640554E+000  0.118464038532994E+001  0.272130166400981E+002  0.126926871576327E+000  0.363002805029618E-001  0.204799417374885E+002
      2.80000000 -0.509292017140784E-003  0.722190670628888E-003  0.258377780678261E+000  0.925545058146349E-002 -0.215501939758430E-002 -0.321126613569370E+000  0.256012206073168E+000  0.117322853310776E+001  0.268133603218799E+002 -0.409388004357109E-001  0.580523918426850E-001  0.207693740412295E+002
      2.81000000 -0.259704023191099E-002  0.952088596420593E-003  0.262023513574536E+000  0.868529374363038E-002 -0.200794977448825E-002 -0.317095142398815E+000  0.304328091361261E+000  0.116083212534906E+001  0.263985863281176E+002 -0.208016906310175E+000  0.762600909785969E-001  0.209874764374329E+002
      2.82000000 -0.425760514673887E-002  0.117507522431600E-002  0.264842583473001E+000  0.729233705706443E-002 -0.186877773553757E-002 -0.313156395575394E+000  0.417971969182873E+000  0.114915397038541E+001  0.259941546623886E+002 -0.339815003086382E+000  0.937870415915681E-001  0.211380530177199E+002
      2.83000000 -0.516178882641223E-002  0.143404086726448E-002  0.267000965407493E+000  0.537857161631352E-002 -0.172765476439624E-002 -0.309549806047635E+000  0.572233475055644E+000  0.113740318575062E+001  0.256189981794746E+002 -0.410525438031512E+000  0.114051596256027E+000  0.212350198671212E+002
      2.84000000 -0.517847760563210E-002  0.176049563003402E-002  0.268725436156796E+000  0.336734867770472E-002 -0.154223413645991E-002 -0.306390968412839E+000  0.733132293093219E+000  0.112222449377917E+001  0.252819686890923E+002 -0.410402538065985E+000  0.139522062243590E+000  0.212969157038918E+002
      2.85000000 -0.440896237514288E-002  0.215561068191885E-002  0.270227990724622E+000  0.167868119519517E-002 -0.124627780019471E-002 -0.303672811505525E+000  0.867428661563677E+000  0.109842292658558E+001  0.249821064197530E+002 -0.348191213948831E+000  0.170236131832281E+000  0.213408516851565E+002
      2.86000000 -0.314472055932765E-002  0.257655502976504E-002  0.271650815105210E+000  0.605441084666406E-003 -0.768653607092117E-003 -0.301306193027712E+000  0.952353376365303E+000  0.106049102059658E+001  0.247120062407146E+002 -0.247481250812599E+000  0.202768115488798E+000  0.213782058654119E+002
      2.87000000 -0.176241978704454E-002  0.293413500326962E-002  0.273047486229387E+000  0.236255300065679E-003 -0.597193896347951E-004 -0.299177203449592E+000  0.981472111057386E+000  0.100468338368945E+001  0.244624239038651E+002 -0.138214541961804E+000  0.230104160491224E+000  0.214132487165857E+002
      2.88000000 -0.596213041127992E-003  0.310586792031146E-002  0.274397989941674E+000  0.453878025793258E-003  0.881771802513989E-003 -0.297196779522856E+000  0.964529039806696E+000  0.931088771147518E+000  0.242261853118117E+002 -0.465945647216967E-001  0.242726263679508E+000  0.214444401914653E+002
      2.89000000  0.162537975380266E-003  0.296409893125500E-002  0.275642319944707E+000  0.100687509462676E-002  0.199047338151044E-002 -0.295328121179346E+000  0.921584118057400E+000  0.844981044295002E+000  0.240002859424327E+002  0.126585300963600E-001  0.230845348246140E+000  0.214671469525035E+002
      2.90000000  0.500194906318883E-003  0.241302843872974E-002  0.276715450017823E+000  0.162143499975028E-002  0.313328849538250E-002 -0.293591353293906E+000  0.874157359904575E+000  0.756819547807785E+000  0.237861807678902E+002  0.388210736681683E-001  0.187279705570596E+000  0.214764099645065E+002
      2.91000000  0.542179971172549E-003  0.142399133691289E-002  0.277573894285824E+000  0.210400205200874E-002  0.412905430477693E-002 -0.292054198663465E+000  0.837265570568721E+000  0.680637528020886E+000  0.235889862308513E+002  0.419350105545740E-001  0.110138874392429E+000  0.214690043997324E+002
      2.92000000  0.465563526861816E-003  0.572508326787413E-004  0.278213944874309E+000  0.239242397086307E-002  0.478606864198061E-002 -0.290817626619594E+000  0.815591230804868E+000  0.631088369661893E+000  0.234163113387558E+002  0.358857786146327E-001  0.441291164035382E-002  0.214448157065929E+002
      2.93000000  0.408010294521177E-003 -0.153819528330054E-002  0.278686433312222E+000  0.254008234761862E-002  0.494799353463596E-002 -0.289998643542446E+000  0.804877904453743E+000  0.619908831643729E+000  0.232768931434935E+002  0.313422215409888E-001 -0.118159904271747E+000  0.214079204633556E+002
      2.94000000  0.415689725346304E-003 -0.314873467027444E-002  0.279109338876237E+000  0.265045374081677E-002  0.453514974792233E-002 -0.289705538901125E+000  0.797091998289542E+000  0.652807306674580E+000  0.231786824941015E+002  0.318235214607425E-001 -0.241054371190398E+000  0.213674803441964E+002
      2.95000000  0.449340251403698E-003 -0.453864094561434E-002  0.279671088443022E+000  0.280190780074289E-002  0.356908233849469E-002 -0.290000846900610E+000  0.786224416818709E+000  0.727691732707460E+000  0.231260314678481E+002  0.342830603723595E-001 -0.346282134887502E+000  0.213379076981055E+002
      2.96000000  0.436130669089468E-003 -0.549974832329095E-002  0.280611582395156E+000  0.300319002865627E-002  0.217319118663169E-002 -0.290855917441126E+000  0.771641396872332E+000  0.834753412546918E+000  0.231162997960507E+002  0.331628000306622E-001 -0.418193598365934E+000  0.213373340900023E+002
      2.97000000  0.332118556410212E-003 -0.589517483616820E-002  0.282171625383057E+000  0.319956655934392E-002  0.549306606331447E-003 -0.292113485006852E+000  0.757528345849200E+000  0.958372086030159E+000  0.231371359512803E+002  0.251688265436406E-001 -0.446752010787043E+000  0.213837154164655E+002
      2.98000000  0.157700342650601E-003 -0.568618247709796E-002  0.284515570303249E+000  0.331990632701946E-002 -0.106318013974974E-002 -0.293482046242633E+000  0.749252944727633E+000  0.108030024434625E+001  0.231662154355771E+002  0.119108470661527E-001 -0.429467994403834E+000  0.214889922803112E+002
      2.99000000 -0.131991685921601E-004 -0.493650265485160E-002  0.287650305706545E+000  0.333254433728924E-002 -0.243477909809274E-002 -0.294580695022339E+000  0.749140227948921E+000  0.118327982097880E+001  0.231747825458978E+002 -0.993577305857058E-003 -0.371598936244891E+000  0.216530922972395E+002
      3.00000000 -0.101368306257113E-003 -0.379474474941084E-002  0.291375581886631E+000  0.327458492841647E-002 -0.338835154560616E-002 -0.295034410762975E+000  0.754324821994295E+000  0.125421049913500E+001  0.231349065504474E+002 -0.760513995766052E-002 -0.284700080217053E+000  0.218604035355194E+002
      3.01000000 -0.773529809882446E-004 -0.246085235875080E-002  0.295297074405620E+000  0.323632149637730E-002 -0.382739586196954E-002 -0.294594977710619E+000  0.758002188853770E+000  0.128619573859506E+001  0.230285097943590E+002 -0.578411387921293E-002 -0.184011658000711E+000  0.220810094806830E+002
      3.02000000  0.108626412962521E-004 -0.114564859886479E-002  0.298912817718968E+000  0.330937997930528E-002 -0.374546891289473E-002 -0.293244131404548E+000  0.753358605177428E+000  0.127914222081408E+001  0.228548918665829E+002  0.809570680163272E-003 -0.853828723711126E-001  0.222773675895713E+002
      3.03000000  0.555879902951450E-004 -0.329261386111538E-004  0.301753265451883E+000  0.352856568032248E-002 -0.321696829864702E-002 -0.291234226308520E+000  0.737891048738485E+000  0.123896287143020E+001  0.226334637200826E+002  0.412918765271904E-002 -0.244581975860290E-002  0.224148390912487E+002
      3.04000000 -0.555279136273052E-004  0.748302474876115E-003  0.303528998040718E+000  0.384134624516711E-002 -0.237361045403262E-002 -0.289041125498230E+000  0.715595707710485E+000  0.117573656688705E+001  0.223999289554574E+002 -0.411115686261186E-002  0.554025651953111E-001  0.224725771559186E+002
      3.05000000 -0.376502484617787E-003  0.113702518739820E-002  0.304231236532967E+000  0.412368641402946E-002 -0.137346405425127E-002 -0.287237362414380E+000  0.695692912070577E+000  0.110135466297898E+001  0.221966567107214E+002 -0.277839688057844E-001  0.839066769244110E-001  0.224507182048429E+002
      3.06000000 -0.866144004906805E-003  0.113827921868236E-002  0.304144677074607E+000  0.423553331966994E-002 -0.370099349252424E-003 -0.286326623661584E+000  0.688460619779744E+000  0.102722219687201E+001  0.220603983356314E+002 -0.637081439584056E-001  0.837247108077368E-001  0.223709830715006E+002
      3.07000000 -0.139740014598414E-002  0.808802813087547E-003  0.303764792210146E+000  0.408791977560362E-002  0.511569915079839E-003 -0.286598146238608E+000  0.700297569945304E+000  0.962494678196158E+000  0.220117041409403E+002 -0.102449226623679E+000  0.592967039040338E-001  0.222702624776921E+002
      3.08000000 -0.180866256109144E-002  0.235565904699104E-003  0.303648872421556E+000  0.368786125629752E-002  0.118849164878803E-002 -0.288053174866230E+000  0.730505359445751E+000  0.913149625912604E+000  0.220498121881682E+002 -0.132170066309550E+000  0.172142454397693E-001  0.221894854607698E+002
      3.09000000 -0.197151245346470E-002 -0.486408670627399E-003  0.304255475984091E+000  0.313940922757758E-002  0.162061729894357E-002 -0.290427504249031E+000  0.771326559211304E+000  0.881954817901499E+000  0.221546351182592E+002 -0.143604259148912E+000 -0.354298329012840E-001  0.221618596138771E+002
      3.10000000 -0.184237836640890E-002 -0.127103426767472E-002  0.305829596744126E+000  0.260196352633215E-002  0.180219245190688E-002 -0.293296538743547E+000  0.811085285575968E+000  0.869152403965838E+000  0.222946996749027E+002 -0.133765281268866E+000 -0.922830290551411E-001  0.222046582692789E+002
      3.11000000 -0.147554726800059E-002 -0.204922076485441E-002  0.308370065157044E+000  0.222761629550585E-002  0.174807639027922E-002 -0.296218584856915E+000  0.838784693728088E+000  0.873489581121256E+000  0.224377000103133E+002 -0.106787154147379E+000 -0.148304604294405E+000  0.223171174495709E+002
      3.12000000 -0.995399096752235E-003 -0.276762293284263E-002  0.311681254042885E+000  0.210731578154266E-002  0.148112415601454E-002 -0.298861109474558E+000  0.847979799477188E+000  0.893152799799334E+000  0.225596192031235E+002 -0.718073539874154E-001 -0.199654269619843E+000  0.224844549420662E+002
      3.13000000 -0.545093026437661E-003 -0.338126835448383E-002  0.315478504889392E+000  0.224804546060360E-002  0.102571339318504E-002 -0.301067027441241E+000  0.838345787083320E+000  0.926242198318844E+000  0.226493635066930E+002 -0.391969760840565E-001 -0.243142891940183E+000  0.226856753094008E+002
      3.14000000 -0.237375103926996E-003 -0.384572693455327E-002  0.319499615714835E+000  0.258562443918679E-002  0.409503930202674E-003 -0.302846794189764E+000  0.814663024521738E+000  0.970646850826451E+000  0.227079897674822E+002 -0.170149938053278E-001 -0.275660837576845E+000  0.229016602510449E+002
      3.15000000 -0.127720395469669E-003 -0.411465987133689E-002  0.323579189949877E+000  0.302045632192946E-002 -0.328577262749961E-003 -0.304313469069620E+000  0.784181692883376E+000  0.102347757459324E+001  0.227438726892228E+002 -0.912590568994610E-002 -0.294001578948630E+000  0.231204512000826E+002
      3.16000000 -0.215448938407206E-003 -0.414603636930054E-002  0.327664554181262E+000  0.345548687187476E-002 -0.112966424864860E-002 -0.305598202686863E+000  0.753879130774564E+000  0.108046158388657E+001  0.227665695364702E+002 -0.153455886133087E-001 -0.295306019929659E+000  0.233382697951631E+002
      3.17000000 -0.463808262108479E-003 -0.391580914260796E-002  0.331779824675538E+000  0.381956680348894E-002 -0.191233331065450E-002 -0.306785236299930E+000  0.728805346427970E+000  0.113577837393065E+001  0.227821863472518E+002 -0.329310436072121E-001 -0.278027995979473E+000  0.235568375274607E+002
      3.18000000 -0.823108373199873E-003 -0.343330595088328E-002  0.335965565596258E+000  0.407124361095696E-002 -0.258067303013577E-002 -0.307890096700749E+000  0.711844943079140E+000  0.118265524123675E+001  0.227918888718426E+002 -0.582580810180737E-001 -0.243003014862811E+000  0.237790183857564E+002
      3.19000000 -0.124422698582874E-002 -0.275033319412352E-002  0.340227026951347E+000  0.418987899083582E-002 -0.304279710213653E-002 -0.308881382760397E+000  0.704377780978891E+000  0.121468840349138E+001  0.227935171840659E+002 -0.877880108998711E-001 -0.194053242032180E+000  0.240051488117674E+002
      3.20000000 -0.167953057635766E-002 -0.195754881790385E-002  0.344513933343392E+000  0.416622605551986E-002 -0.323397787439671E-002 -0.309726998103541E+000  0.706965248026638E+000  0.122746435063350E+001  0.227848894561244E+002 -0.118131090179943E+000 -0.137685719566320E+000  0.242316556190927E+002
      3.21000000 -0.207768430332164E-002 -0.116683046061384E-002  0.348736237311345E+000  0.400132767953566E-002 -0.313513102913716E-002 -0.310438198193240E+000  0.719440252843233E+000  0.121982492794495E+001  0.227668907343787E+002 -0.145680291517427E+000 -0.818142589718180E-001  0.244522214626090E+002
      3.22000000 -0.238233999470770E-002 -0.484944428746431E-003  0.352803173261040E+000  0.371416746717657E-002 -0.277820126863028E-002 -0.311090789371752E+000  0.740383742262454E+000  0.119419324060576E+001  0.227449071069240E+002 -0.166522969023436E+000 -0.338970870092529E-001  0.246605572768074E+002
      3.23000000 -0.254097260910650E-002  0.114865205881908E-004  0.356665061399516E+000  0.335084272230825E-002 -0.223522722054247E-002 -0.311816955681664E+000  0.766504886032222E+000  0.115575623144882E+001  0.227281865004460E+002 -0.177061335944655E+000  0.800409525632792E-003  0.248533148408818E+002
      3.24000000 -0.252234808086950E-002  0.289635228116942E-003  0.360340478065265E+000  0.298581339450368E-002 -0.159524581669137E-002 -0.312775118129618E+000  0.792583201178632E+000  0.111081763556972E+001  0.227276852842990E+002 -0.175221052129461E+000  0.201202164718331E-001  0.250319288484813E+002
      3.25000000 -0.233444585242860E-002  0.357705298385805E-003  0.363921561680570E+000  0.270985567114360E-002 -0.939004127588924E-003 -0.314112266534006E+000  0.812332497161380E+000  0.106502950015246E+001  0.227534333282549E+002 -0.161668987873573E+000  0.247724116140390E-001  0.252029107811860E+002
      3.26000000 -0.203302360990421E-002  0.248608402616354E-003  0.367560480168577E+000  0.260673730950725E-002 -0.322406119370100E-003 -0.315931659962042E+000  0.820027585420280E+000  0.102225932301145E+001  0.228123182102671E+002 -0.140362500907774E+000  0.171642360511309E-001  0.253768367371565E+002
      3.27000000 -0.171489054691771E-002 -0.422931864539741E-006  0.371445061074813E+000  0.272681221397398E-002  0.225150629222073E-003 -0.318272100556616E+000  0.812313189766999E+000  0.984502855310649E+000  0.229067066787748E+002 -0.118036121079507E+000 -0.291104507287194E-004  0.255666078993877E+002
      3.28000000 -0.149665587349045E-002 -0.361200636826733E-003  0.375770336243263E+000  0.306750092891578E-002  0.689605362644890E-003 -0.321098826294446E+000  0.789507253548590E+000  0.952679092813820E+000  0.230338886263783E+002 -0.102700932323757E+000 -0.247856857512120E-001  0.257854624802906E+002
      3.29000000 -0.148545182844313E-002 -0.814494555497225E-003  0.380708704228131E+000  0.356773047043296E-002  0.105746800052671E-002 -0.324304415154424E+000  0.755925496201240E+000  0.927656817225798E+000  0.231862161013966E+002 -0.101622283675543E+000 -0.557209565372946E-001  0.260449293595526E+002
      3.30000000 -0.175040524097566E-002 -0.133863541785633E-002  0.386379479054374E+000  0.411813091284608E-002  0.130859085110159E-002 -0.327720676430474E+000  0.719125388913029E+000  0.910748357894938E+000  0.233519891634414E+002 -0.119385323514122E+000 -0.913008134842882E-001  0.263527770748749E+002
      3.31000000 -0.230241189120173E-002 -0.189659156772220E-002  0.392821410806978E+000  0.458404065280548E-002  0.142274101422040E-002 -0.331145259306715E+000  0.688292865897813E+000  0.903255979232892E+000  0.235173264305258E+002 -0.156560176160319E+000 -0.128965069665177E+000  0.267112020705320E+002
      3.32000000 -0.308683101682116E-002 -0.243330663594234E-002  0.399977526028866E+000  0.483578957407419E-002  0.139701435889558E-002 -0.334384908382889E+000  0.672164796975850E+000  0.905291477439055E+000  0.236691303764812E+002 -0.209267143989521E+000 -0.164962425017613E+000  0.271158848916363E+002
      3.33000000 -0.399093425773518E-002 -0.288969369749781E-002  0.407705031924182E+000  0.478002097007369E-002  0.126281169420743E-002 -0.337309344596810E+000  0.676918683509084E+000  0.914646637075659E+000  0.237987173695067E+002 -0.269746995272680E+000 -0.195314215123349E+000  0.275567574449375E+002
      3.34000000 -0.486585539074497E-002 -0.322942116876352E-002  0.415818835775461E+000  0.438567710012547E-002  0.108889010093325E-002 -0.339899087890252E+000  0.704459868758705E+000  0.926622339951121E+000  0.239049742492460E+002 -0.327898180360973E+000 -0.217622851445786E+000  0.280210217241408E+002
      3.35000000 -0.556052891791612E-002 -0.346519076255906E-002  0.424164365597997E+000  0.369798612626106E-002  0.962966594384972E-003 -0.342264194019833E+000  0.751545569297182E+000  0.935301726716954E+000  0.239955041938287E+002 -0.373592003738599E+000 -0.232813744777013E+000  0.284980831135851E+002
      3.36000000 -0.596166413305007E-002 -0.366836578449202E-002  0.432698717815405E+000  0.283414955209766E-002  0.955891790381986E-003 -0.344615271377988E+000  0.810150367220115E+000  0.935968197145063E+000  0.240845555320212E+002 -0.399350749002946E+000 -0.245730821287340E+000  0.289849533948486E+002
      3.37000000 -0.602956988844729E-002 -0.395201252676706E-002  0.441547663251000E+000  0.195723071340188E-002  0.108340858171392E-002 -0.347184566399015E+000  0.869281096319421E+000  0.927641651507900E+000  0.241876526276327E+002 -0.402700999982430E+000 -0.263945758307151E+000  0.294899451902484E+002
      3.38000000 -0.581694321206687E-002 -0.443011777790895E-002  0.451007912247446E+000  0.123105392549342E-002  0.128460702192396E-002 -0.350117557456665E+000  0.918024013334710E+000  0.914457908042356E+000  0.243143582315842E+002 -0.387350748257447E+000 -0.295001923446992E+000  0.300326556251533E+002
      3.39000000 -0.545964746668716E-002 -0.516850095482391E-002  0.461481568104314E+000  0.767438267692278E-003  0.143042573695109E-002 -0.353373624083174E+000  0.949046968433587E+000  0.905028807141133E+000  0.244617664777011E+002 -0.362485950235599E+000 -0.343155669177257E+000  0.306394480140327E+002
      3.40000000 -0.513660755965892E-002 -0.614884231344501E-002  0.473356944333077E+000  0.583938315725541E-003  0.136226005742920E-002 -0.356677674435073E+000  0.961344229754766E+000  0.909820591702715E+000  0.246114840613525E+002 -0.340035096719761E+000 -0.407043397122140E+000  0.313354626530893E+002
      3.41000000 -0.500840812648266E-002 -0.726276918799430E-002  0.486874867871078E+000  0.590771330984336E-003  0.946476271870053E-003 -0.359549119684823E+000  0.961006581741634E+000  0.937528544116799E+000  0.247317697609624E+002 -0.330576218990078E+000 -0.479373628692460E+000  0.321358101970710E+002
      3.42000000 -0.515572601994997E-002 -0.833998915776992E-002  0.502029948852577E+000  0.617215242677814E-003  0.122707119680939E-003 -0.361405447933989E+000  0.959380290582024E+000  0.991924490517551E+000  0.247845459121544E+002 -0.339304797238106E+000 -0.548865149000410E+000  0.330392207312315E+002
      3.43000000 -0.554294660553560E-002 -0.919943323100525E-002  0.518545939716009E+000  0.472327386773954E-003 -0.107369893450092E-002 -0.361707297476195E+000  0.969006167382638E+000  0.107045546370845E+001  0.247350103940105E+002 -0.363724747091924E+000 -0.603661150550287E+000  0.340266656349155E+002
      3.44000000 -0.602523922821707E-002 -0.970271856687634E-002  0.535936783272359E+000  0.186931314251542E-004 -0.252312112768065E-002 -0.360094126111782E+000  0.998776934003083E+000  0.116508436105132E+001  0.245604656769452E+002 -0.394223153719883E+000 -0.634835592116784E+000  0.350656099938191E+002
      3.45000000 -0.640035169599739E-002 -0.978945971835918E-002  0.553632063092803E+000 -0.770818672311458E-003 -0.406033504393970E-002 -0.356462580259851E+000  0.105028742604554E+001  0.126489212778145E+001  0.242552561149923E+002 -0.417552433716727E+000 -0.638654393434196E+000  0.361183925990474E+002
      3.46000000 -0.648635116408987E-002 -0.948333602646642E-002  0.571121667116023E+000 -0.179899001218538E-002 -0.552313869911789E-002 -0.350962120518109E+000  0.111702507520739E+001  0.135928255146895E+001  0.238302371165939E+002 -0.421939937219026E+000 -0.616895093467487E+000  0.371517104564864E+002
      3.47000000 -0.619307928249366E-002 -0.887110330675238E-002  0.588069483626969E+000 -0.288152650208761E-002 -0.679184500637901E-002 -0.343914164286726E+000  0.118690435418324E+001  0.144053920854459E+001  0.233072925839519E+002 -0.401701488034726E+000 -0.575406068012962E+000  0.381439306466700E+002
      3.48000000 -0.555563974556751E-002 -0.806722026960359E-002  0.604360825687274E+000 -0.382152534419053E-002 -0.780734497689249E-002 -0.335688135179819E+000  0.124716318085450E+001  0.150495235402551E+001  0.227111597577888E+002 -0.359319765675141E+000 -0.521760198586743E+000  0.390879899011528E+002
      3.49000000 -0.471386279952163E-002 -0.717994049452426E-002  0.620075151769388E+000 -0.448914366979872E-002 -0.856643947093115E-002 -0.326579638435086E+000  0.128951052257536E+001  0.155246045799881E+001  0.220615317174853E+002 -0.304002941946219E+000 -0.463043394804719E+000  0.399894265876326E+002
      3.50000000 -0.384589589547004E-002 -0.629037732842045E-002  0.635402286336591E+000 -0.487069851933303E-002 -0.910247146428664E-002 -0.316729585102729E+000  0.131321999631558E+001  0.158535260747301E+001  0.213679285599669E+002 -0.247318016795295E+000 -0.404515277595389E+000  0.408608130836458E+002
      3.51000000 -0.308555395730366E-002 -0.544773698381350E-002  0.650536319987089E+000 -0.506443548579730E-002 -0.946295000090040E-002 -0.306103743213782E+000  0.132475077951626E+001  0.160680018492367E+001  0.206285310574689E+002 -0.197857402998605E+000 -0.349329522916108E+000  0.417148520524959E+002
      3.52000000 -0.246124736399982E-002 -0.467644569464140E-002  0.665582569084356E+000 -0.522443158227846E-002 -0.969347332505208E-002 -0.294529721637830E+000  0.133405860113144E+001  0.161981635476976E+001  0.198327065351399E+002 -0.157376135280474E+000 -0.299019497607769E+000  0.425584254409596E+002
      3.53000000 -0.188480012230306E-002 -0.398751809534385E-002  0.680502307010781E+000 -0.547815892474953E-002 -0.983158447949048E-002 -0.281771821437454E+000  0.134929003634236E+001  0.162686653441717E+001  0.189659062656057E+002 -0.120175758363458E+000 -0.254246063243255E+000  0.433891529639628E+002
      3.54000000 -0.119555008126079E-002 -0.338750344520915E-002  0.695104471441764E+000 -0.585550460793559E-002 -0.990888580689595E-002 -0.267617788477660E+000  0.137229511741080E+001  0.163001057157209E+001  0.180152365429758E+002 -0.760135099663768E-001 -0.215378703853203E+000  0.441949956725283E+002
      3.55000000 -0.239762826964195E-003 -0.288164701375998E-002  0.709079981556651E+000 -0.626157110119375E-002 -0.995707444562834E-002 -0.251954061001112E+000  0.139699152807623E+001  0.163129111455513E+001  0.169742061641326E+002 -0.152012665055015E-001 -0.182700065667351E+000  0.449565677458768E+002
      3.56000000  0.105023292836640E-002 -0.247105274717498E-002  0.722066021188434E+000 -0.650518297826417E-002 -0.100135262033178E-001 -0.234813267682315E+000  0.141127829880795E+001  0.163308688406307E+001  0.158456394835628E+002  0.663990565021563E-001 -0.156227791519253E+000  0.456513038624241E+002
      3.57000000  0.261147112567628E-002 -0.214547045005569E-002  0.733724187967036E+000 -0.636982624966148E-002 -0.101231805813992E-001 -0.216385411808120E+000  0.140159254819176E+001  0.163822680967248E+001  0.146422510620544E+002  0.164643006384244E+000 -0.135263492493815E+000  0.462584307274114E+002
      3.58000000  0.425773349195407E-002 -0.187431701702762E-002  0.743815497848380E+000 -0.569593300900689E-002 -0.103345139016590E-001 -0.196990795109621E+000  0.135810313388936E+001  0.164973057259543E+001  0.133848052574641E+002  0.267683574284219E+000 -0.117838253476364E+000  0.467636575770436E+002
      3.59000000  0.573280832164084E-002 -0.159964963663214E-002  0.752255419195910E+000 -0.444098239999744E-002 -0.106884006280402E-001 -0.177019050842387E+000  0.127842669931218E+001  0.167010761127835E+001  0.120981817990203E+002  0.359417524101150E+000 -0.100289784616952E+000  0.471625362457053E+002
      3.60000000  0.678513324310258E-002 -0.123605891458394E-002  0.759134054207535E+000 -0.269669707102200E-002 -0.112007059036109E-001 -0.156845769339407E+000  0.116859936639134E+001  0.170027588147633E+001  0.108061060012814E+002  0.424211224152958E+000 -0.772792584160169E-001  0.474615862199816E+002
      3.61000000  0.723421843404749E-002 -0.682421009282594E-003  0.764692196234993E+000 -0.662957588117627E-003 -0.118430909928975E-001 -0.136745462184006E+000  0.104133375105230E+001  0.173838716618367E+001  0.952573828665839E+001  0.451035464666572E+000 -0.425472467863811E-001  0.476766499657353E+002
      3.62000000  0.700811841889237E-002  0.152664496800751E-003  0.769254196016457E+000  0.140482344968252E-002 -0.125305178118758E-001 -0.116824141491187E+000  0.912654717670815E+000  0.177908837317353E+001  0.826357295909208E+001  0.435731680043392E+000  0.949195685601501E-002  0.478285900973198E+002
      3.63000000  0.614749750349184E-002  0.131640701912939E-002  0.773131495890427E+000  0.325207868478534E-002 -0.131254042077438E-001 -0.969930485841030E-001  0.798358139751752E+000  0.181382745544927E+001  0.701395619335644E+001  0.381169385068978E+000  0.816224900777954E-001  0.479372389657130E+002
      3.64000000  0.478589413972813E-002  0.278037831146094E-002  0.776521745826892E+000  0.466839346053482E-002 -0.134645413807761E-001 -0.769954437927507E-001  0.711336187062837E+000  0.183256175540521E+001  0.576090941603242E+001  0.295929308951023E+000  0.171920942735225E+000  0.480151747863458E+002
      3.65000000  0.312064414393557E-002  0.442793446077817E-002  0.779432436138958E+000  0.551309183605224E-002 -0.134055280317276E-001 -0.564829757330453E-001  0.660039360137538E+000  0.182664175074284E+001  0.448297999426978E+001  0.192432161753187E+000  0.273045230756234E+000  0.480631118797214E+002
      3.66000000  0.138400313579264E-002  0.607258402249100E-002  0.781652198734345E+000  0.572829211260724E-002 -0.128781818722170E-001 -0.351224370161050E-001  0.647734309268750E+000  0.179195361259508E+001  0.315988104175290E+001  0.851103280035605E-001  0.373438184218699E+000  0.480682978950647E+002
      3.67000000 -0.185087457571265E-003  0.750761952525024E-002  0.782778857883314E+000  0.534630183006654E-002 -0.119193255943473E-001 -0.127039753574082E-001  0.672120937357535E+000  0.173099077220567E+001  0.177911192903378E+001 -0.113510804335916E-001  0.460428784392945E+000  0.480064175830353E+002
      3.68000000 -0.137366775521435E-002  0.857205161004097E-002  0.782296313511577E+000  0.449208160774744E-002 -0.106719113755184E-001  0.107780224021166E-001  0.725257342751459E+000  0.165271060173395E+001  0.340799483799515E+000 -0.840156440153097E-001  0.524279931458159E+000  0.478464522014071E+002
      3.69000000 -0.203420914817024E-002  0.920684890613938E-002  0.779679009756253E+000  0.337354967834371E-002 -0.934262352024261E-002  0.350906043899333E-001  0.794227649139833E+000  0.156986076633253E+001 -0.114037937688404E+001 -0.124078207962172E+000  0.561579085552638E+000  0.475571424911222E+002
      3.70000000 -0.212379861049006E-002  0.947567148801170E-002  0.774497633235398E+000  0.225022034281998E-002 -0.813086334392771E-002  0.597792646021630E-001  0.863116973801155E+000  0.149460808746014E+001 -0.263642905851208E+001 -0.129192672961289E+000  0.576414035489378E+000  0.471134216519640E+002
      3.71000000 -0.172688942668958E-002  0.953756258018517E-002  0.766503272850294E+000  0.137786447443726E-002 -0.715723695732888E-002  0.842277210436624E-001  0.916409125494134E+000  0.143420794091754E+001 -0.410984134528283E+001 -0.104765163795134E+000  0.578615104404746E+000  0.465014376071587E+002
      3.72000000 -0.104444607138000E-002  0.958028562561628E-002  0.755676256917179E+000  0.940706177047278E-003 -0.642276241616837E-002  0.107744036607813E+000  0.943083611986572E+000  0.138860214455499E+001 -0.551893390660179E+001 -0.631930557151816E-001  0.579644598123688E+000  0.457213571045481E+002
      3.73000000 -0.342838734900842E-003  0.974199839946708E-002  0.742235512962020E+000  0.994921024420086E-003 -0.581796294443967E-002  0.129655183102013E+000  0.939964787518980E+000  0.135106569567140E+001 -0.682361240313721E+001 -0.206874674384263E-001  0.587848612650103E+000  0.447877425824900E+002
      3.74000000  0.125927927842781E-003  0.100557194779150E-001  0.726611171334451E+000  0.144917456886507E-002 -0.517866605897577E-002  0.149394779944110E+000  0.912788174443825E+000  0.131165391019992E+001 -0.799062940201367E+001  0.757838614589831E-002  0.605156667658443E+000  0.437277109901368E+002
      3.75000000  0.204623107188342E-003  0.104412593149799E-001  0.709386761696028E+000  0.209601560163916E-002 -0.436343804049875E-002  0.166572192461732E+000  0.874197428427193E+000  0.126189295822229E+001 -0.899764035526200E+001  0.122814510862325E-001  0.626682965172472E+000  0.425772970350390E+002
      3.76000000 -0.120978822113218E-003  0.107471535145582E-001  0.691219596138130E+000  0.268644281502890E-002 -0.331733812597419E-002  0.181013591225899E+000  0.839188896923720E+000  0.119857664578994E+001 -0.983551643608043E+001 -0.724182094033755E-002  0.643327154383384E+000  0.413765687105155E+002
      3.77000000 -0.727649400101613E-003  0.108215441900649E-001  0.672750909749871E+000  0.301939246900113E-002 -0.209363626383409E-002  0.192767619024062E+000  0.819737872344385E+000  0.112499313399312E+001 -0.105085075905617E+002 -0.434417288896004E-001  0.646061947973818E+000  0.401642090648391E+002
      3.78000000 -0.141268722313165E-002  0.105778879257895E-001  0.654521272854498E+000  0.300932087791007E-002 -0.825991885808115E-003  0.202072261288666E+000  0.820814454225031E+000  0.104918246104982E+001 -0.110320929186316E+002 -0.841163642416121E-001  0.629844638716421E+000  0.389724978677617E+002
      3.79000000 -0.197929906628320E-002  0.100254743776627E-001  0.636909418253649E+000  0.270385044043656E-002  0.332307041871808E-003  0.209287005553621E+000  0.839428031666379E+000  0.980265478072869E+000 -0.114288037259074E+002 -0.117543464032233E+000  0.595376922563687E+000  0.378237632561872E+002
      3.80000000 -0.231198854143546E-002  0.925367963469901E-002  0.620110528826885E+000  0.224596776080098E-002  0.127047757083888E-002  0.214804412251652E+000  0.866971039682911E+000  0.924749449522551E+000 -0.117228930584337E+002 -0.136939379674131E+000  0.548096638961736E+000  0.367292266484278E+002
      3.81000000 -0.240999678253198E-002  0.838253486924759E-002  0.604161218237081E+000  0.180050297264870E-002  0.195383368517136E-002  0.218963913609577E+000  0.893635882146237E+000  0.884577920995877E+000 -0.119352208058999E+002 -0.142369763170857E+000  0.495195476092051E+000  0.356906242285776E+002
      3.82000000 -0.236739217896153E-002  0.750812407630925E-002  0.589004399872718E+000  0.148000355664713E-002  0.241579020597219E-002  0.221993067578770E+000  0.912798155420282E+000  0.857661583898060E+000 -0.120798367948747E+002 -0.139486803205205E+000  0.442378848244658E+000  0.347041531784079E+002
      3.83000000 -0.231361268725027E-002  0.667148401197617E-002  0.574573025067714E+000  0.130319795086018E-002  0.271787571278461E-002  0.223994586784110E+000  0.923416027500491E+000  0.840280811746526E+000 -0.121633074338325E+002 -0.135962192311565E+000  0.392057666885414E+000  0.337654649638614E+002
      3.84000000 -0.234550211905498E-002  0.586465887143739E-002  0.560863698981614E+000  0.120159180308024E-002  0.290352402940244E-002  0.224982403557502E+000  0.929570921161304E+000  0.829815314774433E+000 -0.121869270386596E+002 -0.137477264105654E+000  0.343746121569488E+000  0.328739872992466E+002
      3.85000000 -0.248305336463166E-002  0.506608254656709E-002  0.547973883360297E+000  0.106588169916912E-002  0.297273902128313E-002  0.224952294609253E+000  0.937687589542493E+000  0.826210981742497E+000 -0.121509150837063E+002 -0.145161550822603E+000  0.296167778562460E+000  0.320350500121711E+002
      3.86000000 -0.266666148609105E-002  0.428143147077316E-002  0.536089592892036E+000  0.806004429167814E-003  0.289113338576492E-002  0.223959607699636E+000  0.953002322240746E+000  0.831419592366891E+000 -0.120589623243435E+002 -0.155491573843731E+000  0.249647929130464E+000  0.312590911725424E+002
      3.87000000 -0.279206758608113E-002  0.356404692492439E-002  0.525429083614019E+000  0.395132454049928E-003  0.262636019701188E-002  0.222174171360666E+000  0.977019577329807E+000  0.847254087096883E+000 -0.119213794309665E+002 -0.162383252993395E+000  0.207280631878484E+000  0.305583160808572E+002
      3.88000000 -0.276173573894907E-002  0.300158421976317E-002  0.516164282185052E+000 -0.120793728377800E-003  0.218910055564767E-002  0.219891674006235E+000  0.100700711001482E+001  0.873012708251316E+000 -0.117556717703518E+002 -0.160205222692903E+000  0.174118566659694E+000  0.299421166939911E+002
      3.89000000 -0.252641591454994E-002  0.267531647534393E-002  0.508348966920796E+000 -0.647478613023476E-003  0.165314865853983E-002  0.217497583294553E+000  0.103746296114850E+001  0.904349205175491E+000 -0.115843593115873E+002 -0.146177834059663E+000  0.154793185689528E+000  0.294129523579204E+002
      3.90000000 -0.209920504914497E-002  0.261439299385152E-002  0.501878577372513E+000 -0.108388623949676E-002  0.114083884814805E-002  0.215396782285949E+000  0.106255260076934E+001  0.934160584007881E+000 -0.114308515399084E+002 -0.121148078633343E+000  0.150880300200588E+000  0.289641192415579E+002
      3.91000000 -0.154056262295325E-002  0.277068187678864E-002  0.496493731496569E+000 -0.135864511129900E-002  0.779308219827249E-003  0.213932697172810E+000  0.107820878671425E+001  0.955140051038893E+000 -0.113147807659613E+002 -0.886806514788086E-001  0.159491000374350E+000  0.285800699746022E+002
      3.92000000 -0.927280762759927E-003  0.302906929095269E-002  0.491824197623638E+000 -0.144524455637556E-002  0.649183639434207E-003  0.213320544978742E+000  0.108298155153617E+001  0.962725847750471E+000 -0.112482175897410E+002 -0.532416441660433E-001  0.173919955875269E+000  0.282390511846592E+002
      3.93000000 -0.324106580515791E-003  0.324940640969820E-002  0.487458427948158E+000 -0.135360239844790E-002  0.751558034401277E-003  0.213611854441551E+000  0.107752197710625E+001  0.956957623003862E+000 -0.112337351859220E+002 -0.185618634715324E-001  0.186096308332751E+000  0.279171646969404E+002
      3.94000000  0.228168491810464E-003  0.331994917184456E-002  0.483019179061874E+000 -0.110830993563008E-002  0.100958348265001E-002  0.214696235676183E+000  0.106331276496477E+001  0.942327033535980E+000 -0.112646309224497E+002  0.130342403599849E-001  0.189653773601225E+000  0.275927146137463E+002
      3.95000000  0.705790546707986E-003  0.319677628563640E-002  0.478227715732701E+000 -0.729195247265363E-003  0.130317735677972E-002  0.216336427235854E+000  0.104155018953833E+001  0.925743802665581E+000 -0.113270407883277E+002  0.402165690191426E-001  0.182155137568379E+000  0.272498378255956E+002
      3.96000000  0.108503490940548E-002  0.291172214893580E-002  0.472944502684561E+000 -0.225970653246537E-003  0.151897667363274E-002  0.218226620919638E+000  0.101284349232919E+001  0.913665934156782E+000 -0.114033448217220E+002  0.616701210340327E-001  0.165493530010692E+000  0.268807431632946E+002
      3.97000000  0.132875964306575E-002  0.254796348489775E-002  0.467179930495534E+000  0.391124852498086E-003  0.159135009129235E-002  0.220061660770062E+000  0.977825635552478E+000  0.909780274348364E+000 -0.114761375700773E+002  0.753324683929245E-001  0.144453799220998E+000  0.264862178284278E+002
      3.98000000  0.138703277789031E-002  0.219834168898008E-002  0.461073230787296E+000  0.109269136048413E-002  0.151677997619610E-002  0.221603962106649E+000  0.938206796201124E+000  0.914223999954009E+000 -0.115320097589382E+002  0.784386169960407E-001  0.124319255115667E+000  0.260743272497573E+002
      3.99000000  0.121366081468756E-002  0.192840187506360E-002  0.454842228646309E+000  0.181631952819393E-002  0.133903001187148E-002  0.222734496702525E+000  0.897542057092237E+000  0.924465790088967E+000 -0.115643742703294E+002  0.684621777888913E-001  0.108780468497718E+000  0.256574894291989E+002
      4.00000000  0.791207922636053E-003  0.176093081995143E-002  0.448712462439472E+000  0.246798338208177E-002  0.111758796030964E-002  0.223474603549143E+000  0.861129974493913E+000  0.937114864840547E+000 -0.115746081274886E+002  0.445201799958663E-001  0.990851517301705E-001  0.252484322043155E+002
      4.01000000  0.151947836326032E-003  0.168516534890913E-002  0.442841388191088E+000  0.294147896677840E-002  0.898799646911300E-003  0.223969037508932E+000  0.834899780684781E+000  0.949551902120850E+000 -0.115710017410194E+002  0.852857402185560E-002  0.945854693606808E-001  0.248559351054210E+002
      4.02000000 -0.616729899002764E-003  0.167990321835288E-002  0.437259144349169E+000  0.314980269323792E-002  0.704706380040700E-003  0.224429441040784E+000  0.823646707456715E+000  0.960544420555853E+000 -0.115655079780585E+002 -0.345298924699375E-001  0.940555623838288E-001  0.244815619613831E+002
      4.03000000 -0.138757091538992E-002  0.173329142006211E-002  0.431847384897176E+000  0.305632778189778E-002  0.542147648839866E-003  0.225050387610832E+000  0.829304859059691E+000  0.969721189632443E+000 -0.115690077678936E+002 -0.774954880068810E-001  0.968038915820794E-001  0.241185682590483E+002
      4.04000000 -0.202590389216612E-002  0.184628850589682E-002  0.426368926383401E+000  0.269287342732924E-002  0.421835767158646E-003  0.225922750689760E+000  0.849975961793753E+000  0.976498893484297E+000 -0.115864970247623E+002 -0.112866159930121E+000  0.102859515986659E+000  0.237536556499576E+002
      4.05000000 -0.242864204326042E-002  0.201865612403972E-002  0.420544347889779E+000  0.215626544062431E-002  0.371382452896508E-003  0.226974925094964E+000  0.880167815999021E+000  0.979360810783415E+000 -0.116138927402709E+002 -0.134969227219184E+000  0.112184690962998E+000  0.233713098245960E+002
      4.06000000 -0.255607532828529E-002  0.222847357225991E-002  0.414153002538459E+000  0.158278709200406E-002  0.430808203594954E-003  0.227966512428665E+000  0.912254926567504E+000  0.976117256925631E+000 -0.116377947319980E+002 -0.141701318207876E+000  0.123540037840934E+000  0.229594275841699E+002
      4.07000000 -0.244464048767265E-002  0.242123005993853E-002  0.407123602099831E+000  0.110807566673219E-002  0.630956639008265E-003  0.228541635451695E+000  0.938722465354205E+000  0.965107556760230E+000 -0.116385484356841E+002 -0.135190715469504E+000  0.133896098739240E+000  0.225142843415788E+002
      4.08000000 -0.219514288546362E-002  0.251941633397048E-002  0.399580523380855E+000  0.825661683794820E-003  0.967224090006180E-003  0.228326271040948E+000  0.954452112078811E+000  0.946642777167769E+000 -0.115956909554502E+002 -0.121095751541426E+000  0.138984398887301E+000  0.220429859489084E+002
      4.09000000 -0.193941451739902E-002  0.245112039406664E-002  0.391827518708457E+000  0.758472611045429E-003  0.138576445457943E-002  0.227035798239166E+000  0.958260920193326E+000  0.923740775447093E+000 -0.114938793618600E+002 -0.106726829869789E+000  0.134886228261691E+000  0.215624398767431E+002
      4.10000000 -0.179623444242965E-002  0.218370645305920E-002  0.384274751745522E+000  0.853650032841687E-003  0.179366872976436E-002  0.224554171843956E+000  0.953137842410449E+000  0.901534371880876E+000 -0.113271745838429E+002 -0.986064760387922E-001  0.119877223681380E+000  0.210952302245434E+002
      4.11000000 -0.183164951431441E-002  0.174370227972615E-002  0.377337384430774E+000  0.100307543299539E-002  0.209143053145007E-002  0.220957744248276E+000  0.945068931409061E+000  0.885467722369393E+000 -0.111002315536294E+002 -0.100305980782433E+000  0.954897571798624E-001  0.206639950140099E+002
      4.12000000 -0.203775262190358E-002  0.120990689180109E-002  0.371343997546536E+000  0.108273625129858E-002  0.221268618611414E-002  0.216479919836765E+000  0.940850410195930E+000  0.879121549576998E+000 -0.108262397179417E+002 -0.111321876923585E+000  0.660968876449085E-001  0.202864225749693E+002
      4.13000000 -0.233751614683884E-002  0.680678276129742E-003  0.366486246227281E+000  0.996966872102163E-003  0.215053186408228E-002  0.211436906886259E+000  0.945667842450684E+000  0.882801485863044E+000 -0.105227733820899E+002 -0.127388681728537E+000  0.370952339279816E-001  0.199725678223313E+002
      4.14000000 -0.261364880066587E-002  0.230847244333386E-003  0.362820832485855E+000  0.711645987094880E-003  0.195540186568291E-002  0.206148640265984E+000  0.961310783119148E+000  0.893692976223383E+000 -0.102074396505803E+002 -0.142093157459005E+000  0.125501994872778E-001  0.197250516850946E+002
      4.15000000 -0.275041984481427E-002 -0.119431927798387E-003  0.360311142549486E+000  0.264703402034970E-003  0.170400003525522E-002  0.200886396480117E+000  0.985643859441269E+000  0.907583869983755E+000 -0.989503694336535E+001 -0.149168516853666E+000 -0.647736874363000E-002  0.195414088657386E+002
      4.16000000 -0.267278376811033E-002 -0.406594035721329E-003  0.358880194877179E+000 -0.248784717485486E-003  0.145452213015168E-002  0.195861789442705E+000  0.101346035901587E+001  0.921303887689536E+000 -0.959699337658357E+001 -0.144609481861140E+000 -0.219985445642919E-001  0.194170136958387E+002
      4.17000000 -0.236897062230165E-002 -0.693797177089745E-003  0.358445920865975E+000 -0.709809379086576E-003  0.121180420639551E-002  0.191249762559743E+000  0.103831174682859E+001  0.934593234001803E+000 -0.932264816456091E+001 -0.127864473758820E+000 -0.374474930625117E-001  0.193470103052580E+002
      4.18000000 -0.189010873275307E-002 -0.102372147228387E-002  0.358923458148645E+000 -0.101340904502234E-002  0.922169133086293E-003  0.187222077920123E+000  0.105456758956212E+001  0.950345275672964E+000 -0.908107985131253E+001 -0.101773985601614E+000 -0.551228681053309E-001  0.193264388596812E+002
      4.19000000 -0.132993217017047E-002 -0.137870486634717E-002  0.360199172721462E+000 -0.109753256325878E-002  0.503133247506640E-003  0.183965208735295E+000  0.105895622490858E+001  0.972973160075626E+000 -0.888207055046049E+001 -0.714400490359137E-001 -0.740599749874986E-001  0.193488413462608E+002
      4.20000000 -0.794796608850116E-003 -0.167069741411781E-002  0.362096931638370E+000 -0.954400622418555E-003 -0.104961030510036E-003  0.181667718749129E+000  0.105114553183884E+001  0.100562477391746E+001 -0.873542124252533E+001 -0.425924861200670E-001 -0.895312783538362E-001  0.194044719909399E+002
      4.21000000 -0.376024349498645E-003 -0.176959327866294E-002  0.364360999633195E+000 -0.624243967645646E-003 -0.890638710723436E-003  0.180480411145976E+000  0.103337325247025E+001  0.104761521471301E+001 -0.864882103678981E+001 -0.201029664701571E-001 -0.946057732543320E-001  0.194794219268650E+002
      4.22000000 -0.132856322221910E-003 -0.155959316815836E-002  0.366670760563390E+000 -0.178097063389298E-003 -0.175164355274511E-002  0.180467925818037E+000  0.100949884023297E+001  0.109342423696376E+001 -0.862529062465921E+001 -0.708591682933526E-002 -0.831811937313067E-001  0.195564536910898E+002
      4.23000000 -0.876826819838180E-004 -0.998710925349475E-003  0.368685908121344E+000  0.301406687864966E-003 -0.251678995362807E-002  0.181575427331469E+000  0.983962421590372E+000  0.113391612677140E+001 -0.866146495858363E+001 -0.466551653993806E-002 -0.531405088828686E-001  0.196174451267317E+002
      4.24000000 -0.229633274981355E-003 -0.153574931809096E-003  0.370105728296488E+000  0.734879701266165E-003 -0.300303380083442E-002  0.183626852620625E+000  0.960989935315140E+000  0.115941186376427E+001 -0.874757553687453E+001 -0.121897623452989E-001 -0.815231120620634E-002  0.196465467425584E+002
      4.25000000 -0.520852050317513E-003  0.808209634024218E-003  0.370719957498179E+000  0.105535398148619E-002 -0.308487015685786E-002  0.186356450143523E+000  0.944109821277906E+000  0.116337072435017E+001 -0.886919601124628E+001 -0.275836493638088E-001  0.428017344729393E-001  0.196328483560009E+002
      4.26000000 -0.902070462575261E-003  0.166748130071289E-002  0.370433629928770E+000  0.121447988450179E-002 -0.274686961016944E-002  0.189460960312094E+000  0.935833699272603E+000  0.114512917316649E+001 -0.901005377744425E+001 -0.476603402967445E-001  0.881003530517486E-001  0.195716339157824E+002
      4.27000000 -0.129813312615720E-002  0.222597861213775E-002  0.369260774981699E+000  0.118899430262433E-002 -0.209692040156748E-002  0.192652659549032E+000  0.937327333314934E+000  0.111053004467934E+001 -0.915484758106774E+001 -0.684254453944163E-001  0.117332787296520E+000  0.194639767568417E+002
      4.28000000 -0.162670986799856E-002  0.237340420584140E-002  0.367294946458641E+000  0.987877454626076E-003 -0.133415919106061E-002  0.195696125526412E+000  0.948049996571902E+000  0.107016009346570E+001 -0.929116956192789E+001 -0.855446015326200E-001  0.124811388348157E+000  0.193151221725897E+002
      4.29000000 -0.181254498186877E-002  0.212329659218567E-002  0.364672071638827E+000  0.656809690692471E-003 -0.684064784839868E-003  0.198421372473690E+000  0.965540534634305E+000  0.103588940159550E+001 -0.941016067433783E+001 -0.950950205387810E-001  0.111398577725581E+000  0.191324896702203E+002
      4.30000000 -0.180570899384028E-002  0.160505567057149E-002  0.361540347330543E+000  0.274803616064092E-003 -0.325735853886445E-003  0.200717216249185E+000  0.985615980501346E+000  0.101704996077133E+001 -0.950612213039635E+001 -0.945160538580263E-001  0.840132760718165E-001  0.189240719610470E+002
      4.31000000 -0.159802914500062E-002  0.101693162310989E-002  0.358044677452980E+000 -0.600847752927814E-004 -0.338142104266666E-003  0.202515808382884E+000  0.100313771465882E+001  0.101765827419925E+001 -0.957567108320753E+001 -0.834514142567757E-001  0.531056535586063E-001  0.186976156186129E+002
      4.32000000 -0.123022599692114E-002  0.559103469139364E-003  0.354324116472345E+000 -0.254062822684099E-003 -0.683284320862087E-003  0.203779609800600E+000  0.101323681952404E+001  0.103559950701682E+001 -0.961703514552705E+001 -0.640954836405535E-001  0.291296130542558E-001  0.184604907290564E+002
      4.33000000 -0.784803798712858E-003  0.371748907451017E-003  0.350514712181686E+000 -0.242868805857524E-003 -0.122924180537815E-002  0.204496818841880E+000  0.101262438168848E+001  0.106389629859520E+001 -0.962979614045019E+001 -0.407942990889211E-001  0.193236018243141E-001  0.182198430069507E+002
      4.34000000 -0.365445976465071E-003  0.498907075541960E-003  0.346749473771763E+000 -0.974397419670773E-005 -0.180147440776143E-002  0.204684156506265E+000  0.100050532719510E+001  0.109342533048060E+001 -0.961501894412267E+001 -0.189522043593609E-001  0.258735612400594E-001  0.179825947243707E+002
      4.35000000 -0.696165522808051E-004  0.887663311356964E-003  0.343151225513070E+000  0.410890690293689E-003 -0.224197034456615E-002  0.204390939656539E+000  0.978739997074545E+000  0.111600237535241E+001 -0.957544519183107E+001 -0.360204828221379E-002  0.459288201024450E-001  0.177550775196852E+002
      4.36000000  0.358884826639297E-004  0.141880191217340E-002  0.339819891624628E+000  0.945340888368099E-003 -0.245540216169977E-002  0.203697748436041E+000  0.951199055344355E+000  0.112675421794916E+001 -0.951540525774440E+001  0.185265640977494E-002  0.732422287507535E-001  0.175423827828796E+002
      4.37000000 -0.718946384063642E-004  0.195468616781423E-002  0.336819963793976E+000  0.150313748072813E-002 -0.242843019248192E-002  0.202706342870946E+000  0.922581715682407E+000  0.112507498581961E+001 -0.944028073716875E+001 -0.370289453121628E-002  0.100675055629777E+000  0.173477303674258E+002
      4.38000000 -0.373554342654104E-003  0.238599919240759E-002  0.334174549517201E+000  0.200137082630433E-002 -0.221921518671585E-002  0.201522483561853E+000  0.897155817620769E+000  0.111403852219771E+001 -0.935560965541883E+001 -0.191957884263825E-001  0.122609030208453E+000  0.171721841176765E+002
      4.39000000 -0.820778539955646E-003  0.266170144958112E-002  0.331869608499540E+000  0.238242600716777E-002 -0.192475310614120E-002  0.200237181935847E+000  0.877853457980391E+000  0.109868173678818E+001 -0.926612339003597E+001 -0.420811643752450E-001  0.136464942448062E+000  0.170148936242559E+002
      4.40000000 -0.135520085287685E-002  0.279430237647197E-002  0.329867560676295E+000  0.262044732594238E-002 -0.164026852703175E-002  0.198912856159841E+000  0.865955489433562E+000  0.108390513700726E+001 -0.917504766661522E+001 -0.693229866689907E-001  0.142937768952909E+000  0.168738120720275E+002
      4.41000000 -0.192532198410121E-002  0.284205236971669E-002  0.328125715320186E+000  0.271681931223286E-002 -0.142584261157130E-002  0.197578806863158E+000  0.861340879320869E+000  0.107277115627716E+001 -0.908388872278794E+001 -0.982632345616925E-001  0.145050677729863E+000  0.167466503766550E+002
      4.42000000 -0.249652677466412E-002  0.287750617758564E-002  0.326613552854784E+000  0.268869262669045E-002 -0.129104824090265E-002  0.196236718583228E+000  0.863086850049769E+000  0.106574253956923E+001 -0.899273290312782E+001 -0.127127713023519E+000  0.146527881567273E+000  0.166317599467770E+002
      4.43000000 -0.305274273855757E-002  0.295558032651660E-002  0.325324048688297E+000  0.255583641646231E-002 -0.120069467818984E-002  0.194873460382221E+000  0.870145918969036E+000  0.106100355368241E+001 -0.890091304445982E+001 -0.155100342254313E+000  0.150163822982161E+000  0.165287007836615E+002
      4.44000000 -0.359118009640884E-002  0.309285223718071E-002  0.324276951979105E+000  0.233015498809852E-002 -0.109683653020262E-002  0.193476753195322E+000  0.881878728268769E+000  0.105560133402737E+001 -0.880781117762056E+001 -0.182045727503239E+000  0.156784266024592E+000  0.164383940795958E+002
      4.45000000 -0.411297662248204E-002  0.326437244873891E-002  0.323514648751203E+000  0.201032967451637E-002 -0.926836065638807E-003  0.192049627937602E+000  0.898320465838904E+000  0.104687801239393E+001 -0.871358924461231E+001 -0.208028340968533E+000  0.165107183226522E+000  0.163628976860357E+002
      4.46000000 -0.461273201619660E-002  0.341704526178826E-002  0.323092708162143E+000  0.158241607253468E-002 -0.666227168456162E-003  0.190621237811811E+000  0.920143163426471E+000  0.103362124224827E+001 -0.861972599974837E+001 -0.232782131809915E+000  0.172441641469106E+000  0.163049162869506E+002
      4.47000000 -0.506969545003980E-002  0.349254916314214E-002  0.323067153774987E+000  0.102619197351228E-002 -0.328429757544167E-003  0.189253197292039E+000  0.948328940607319E+000  0.101653717232879E+001 -0.852932146220380E+001 -0.255270496615982E+000  0.175857656168286E+000  0.162671532436539E+002
      4.48000000 -0.544327517696410E-002  0.345007119650022E-002  0.323479655163607E+000  0.326168954437571E-003  0.406734215455767E-004  0.188041183397548E+000  0.983613323392283E+000  0.997956573743979E+000 -0.844715926928511E+001 -0.273469282708185E+000  0.173331030441364E+000  0.162515666381616E+002
      4.49000000 -0.567529811359804E-002  0.328054833495538E-002  0.324341414079490E+000 -0.515094549610952E-003  0.379303721116464E-003  0.187110968045579E+000  0.102582063324247E+001  0.980986282464353E+000 -0.837948903788319E+001 -0.284491053620358E+000  0.164447159177032E+000  0.162585698191089E+002
      4.50000000 -0.570031229370253E-002  0.300858876058447E-002  0.325617371028395E+000 -0.146531079922195E-002  0.629943680566040E-003  0.186607273381027E+000  0.107328979586768E+001  0.968492388248736E+000 -0.833345265781270E+001 -0.285109974354459E+000  0.150479240465648E+000  0.162862586328532E+002
      4.51000000 -0.546277787516042E-002  0.268350588057137E-002  0.327214285200119E+000 -0.245728620251241E-002  0.755552783986196E-003  0.186674203480691E+000  0.112263247001865E+001  0.962293645715765E+000 -0.831609783109337E+001 -0.272623491439141E+000  0.133922110541123E+000  0.163298422375264E+002
      4.52000000 -0.493680701018148E-002  0.236456855326353E-002  0.328977933254633E+000 -0.339427213688073E-002  0.747339355759035E-003  0.187428335649516E+000  0.116901859988251E+001  0.962786056493522E+000 -0.833303918845563E+001 -0.245829496016150E+000  0.117744261532930E+000  0.163815355483074E+002
      4.53000000 -0.414171348825332E-002  0.210633899210189E-002  0.330704389913188E+000 -0.416674566878914E-002  0.623735092146973E-003  0.188929389824269E+000  0.120702608344515E+001  0.969009523618941E+000 -0.838701680689992E+001 -0.205782351595802E+000  0.104654122570766E+000  0.164311527662167E+002
      4.54000000 -0.314667369603517E-002  0.194812329423472E-002  0.332167056401384E+000 -0.467700883087704E-002  0.423362748456352E-003  0.191156914292305E+000  0.123186682360806E+001  0.979011419634171E+000 -0.847677204179322E+001 -0.155999114223161E+000  0.965799245981702E-001  0.164674737765220E+002
      4.55000000 -0.206095503129552E-002  0.190864782392015E-002  0.333155388812762E+000 -0.486409411418278E-002  0.195692840202657E-003  0.194002283825310E+000  0.124061175911670E+001  0.990319677740114E+000 -0.859669564117950E+001 -0.101949099647250E+000  0.944149310574847E-001  0.164801712877453E+002
      4.56000000 -0.101146981451670E-002  0.198490081802706E-002  0.333515468422887E+000 -0.472030101384604E-002 -0.803925296061549E-005  0.197282012460493E+000  0.123298669850887E+001  0.100039680499194E+001 -0.873753254793048E+001 -0.499245730376862E-001  0.979716096713223E-001  0.164618035293841E+002
      4.57000000 -0.114545533445170E-003  0.215363291843539E-002  0.333179698851337E+000 -0.429324475458573E-002 -0.142907421051684E-003  0.200771458034515E+000  0.121144417402136E+001  0.100703825272797E+001 -0.888808175118066E+001 -0.564141741075430E-002  0.106067359215283E+000  0.164092452798216E+002
      4.58000000  0.548740669535803E-003  0.237497941044829E-002  0.332175125422974E+000 -0.367269104983684E-002 -0.177640005050259E-003  0.204250116738581E+000  0.118048669572462E+001  0.100872974532978E+001 -0.903744343623797E+001  0.269667088547058E-001  0.116713380022767E+000  0.163240495799852E+002
      4.59000000  0.945844688994157E-003  0.259878885205036E-002  0.330606921989955E+000 -0.296725157747742E-002 -0.101078293685367E-003  0.207544567950982E+000  0.114550166376323E+001  0.100495645870178E+001 -0.917712153937494E+001  0.463802857010417E-001  0.127433785733846E+000  0.162115870343813E+002
      4.60000000  0.109167488394602E-002  0.277425002244346E-002  0.328622669487607E+000 -0.227948417211186E-002  0.737678408670443E-004  0.210555508675330E+000  0.111153342139143E+001  0.996390595828118E+000 -0.930232039453735E+001  0.534148191697203E-001  0.135741936962743E+000  0.160792564928327E+002
      4.61000000  0.103594673376488E-002  0.286193665156999E-002  0.326370014584995E+000 -0.168749756302394E-002  0.310531189094620E-003  0.213261409660403E+000  0.108238886204766E+001  0.984838904742496E+000 -0.941208310198379E+001  0.505781308412281E-001  0.139728618957417E+000  0.159343958162234E+002
      4.62000000  0.845684130829309E-003  0.284525978411968E-002  0.323961834555753E+000 -0.123723880756517E-002  0.557002367914932E-003  0.215700405533609E+000  0.106027508530501E+001  0.972864280496314E+000 -0.950836771718217E+001  0.411995508184397E-001  0.138613722067302E+000  0.157825854588593E+002
      4.63000000  0.589887095637085E-003  0.273702368860807E-002  0.321458539365496E+000 -0.944444783189371E-003  0.758836908922640E-003  0.217939773389252E+000  0.104591153958578E+001  0.963111267695818E+000 -0.959453205881133E+001  0.286757100304226E-001  0.133052745553209E+000  0.156268071124569E+002
      4.64000000  0.330329196814946E-003  0.257750473992442E-002  0.318869134407608E+000 -0.801508149578258E-003  0.875931337877201E-003  0.220045170158627E+000  0.103887910308479E+001  0.957510819074708E+000 -0.967382640888838E+001  0.160234214731844E-001  0.125028139187092E+000  0.154675232606366E+002
      4.65000000  0.118045846074252E-003  0.242327308814841E-002  0.316165409349765E+000 -0.784013779365864E-003  0.895944202273001E-003  0.222058846894375E+000  0.103794871007594E+001  0.956633508656220E+000 -0.974834017255054E+001  0.571378680609882E-002  0.117293968903636E+000  0.153033910515683E+002
      4.66000000 -0.805847260387607E-005  0.232966917453807E-002  0.313300663073566E+000 -0.854305931047431E-003  0.839724939533994E-003  0.223989681797452E+000  0.104126233306257E+001  0.959441917846087E+000 -0.981853293652490E+001 -0.389218157655816E-003  0.112521266576636E+000  0.151321860690059E+002
      4.67000000 -0.242006030605621E-004  0.233264550712081E-002  0.310226508580397E+000 -0.963254522422729E-003  0.756089851690125E-003  0.225812134929927E+000  0.104642484384466E+001  0.963559627824054E+000 -0.988320154052800E+001 -0.116636796597378E-002  0.112423768476751E+000  0.149516216971356E+002
      4.68000000  0.726912965746665E-004  0.243620620697659E-002  0.306906176971707E+000 -0.105388812041701E-002  0.707293134382950E-003  0.227469375174121E+000  0.105068447257174E+001  0.965984264576746E+000 -0.993964822600194E+001  0.349593088304796E-002  0.117164074899866E+000  0.147599896112941E+002
      4.69000000  0.259494439059549E-003  0.260969174672398E-002  0.303326478164403E+000 -0.107009264694446E-002  0.749916328451319E-003  0.228878275038632E+000  0.105135406336589E+001  0.964011293077877E+000 -0.998393627221984E+001  0.124532150600332E-001  0.125239880592931E+000  0.145567276110952E+002
      4.70000000  0.486423993161174E-003  0.279564375408346E-002  0.299510378629440E+000 -0.970303685355785E-003  0.917328634623829E-003  0.229938080573165E+000  0.104646608670414E+001  0.956070792561209E+000 -0.100113183632582E+002  0.232939643354146E-001  0.133878317718113E+000  0.143430097527467E+002
      4.71000000  0.685522905508450E-003  0.292551903666101E-002  0.295528245956476E+000 -0.741963363519636E-003  0.120897823157257E-002  0.230546485932749E+000  0.103545584414769E+001  0.942227142384429E+000 -0.100170133404618E+002  0.327587512974793E-001  0.139800362275186E+000  0.141222652560209E+002
      4.72000000  0.788085006683211E-003  0.293840475696031E-002  0.291501390980638E+000 -0.410062759193900E-003  0.158926026546188E-002  0.230624213526209E+000  0.101955395477868E+001  0.924215689755680E+000 -0.999737867204717E+001  0.375800489972106E-001  0.140118634162257E+000  0.139003235220930E+002
      4.73000000  0.746017364992223E-003  0.279756733007471E-002  0.287590692636149E+000 -0.341345200091028E-004  0.199578923854415E-002  0.230143001600327E+000  0.100162427266298E+001  0.905031449090842E+000 -0.995123019092451E+001  0.354988326112332E-001  0.133120727518202E+000  0.136848474814601E+002
      4.74000000  0.548938387568533E-003  0.250075225293092E-002  0.283967895510015E+000  0.307490107021072E-003  0.235459345545549E-002  0.229146125085754E+000  0.985399118325075E+000  0.888194320237751E+000 -0.988079057585846E+001  0.260658286582302E-001  0.118745894289352E+000  0.134839513439533E+002
      4.75000000  0.229384957396026E-003  0.208189125210801E-002  0.280775923420604E+000  0.541513585912013E-003  0.259842816268563E-002  0.227749781707590E+000  0.974340864338760E+000  0.876875811675074E+000 -0.979171916953958E+001  0.108692005031776E-001  0.986485500263469E-001  0.133043153429391E+002
      4.76000000 -0.147011157290250E-003  0.160371774135465E-002  0.278092393537377E+000  0.622689282008243E-003  0.268391756235377E-002  0.226119890243203E+000  0.970556413272653E+000  0.873092147561378E+000 -0.969197879507724E+001 -0.695135741794553E-002  0.758310826412076E-001  0.131494755794190E+002
      4.77000000 -0.503072880971854E-003  0.114261255821381E-002  0.275912235265625E+000  0.546777825284293E-003  0.260333391147484E-002  0.224429821426313E+000  0.974200054426642E+000  0.877160575796199E+000 -0.958981712513088E+001 -0.237377090809380E-001  0.539146623183274E-001  0.130190368440336E+002
      4.78000000 -0.774746001291168E-003  0.768860551279521E-003  0.274158705027697E+000  0.348226541962381E-003  0.238753801544495E-002  0.222814663555912E+000  0.983603156595387E+000  0.887578681564025E+000 -0.949161022014375E+001 -0.364802429761191E-001  0.362031164777689E-001  0.129092323894032E+002
      4.79000000 -0.928796223860289E-003  0.527212582758128E-003  0.272719690143814E+000  0.839986859804365E-004  0.209824417222978E-002  0.221340912870120E+000  0.996053035189799E+000  0.901406839710226E+000 -0.940045786382333E+001 -0.436426590325190E-001  0.247728817106257E-001  0.128146649853209E+002
      4.80000000 -0.966644601686743E-003  0.423565713082099E-003  0.271494247395179E+000 -0.188911198597038E-003  0.181049761108559E-002  0.220004415048559E+000  0.100885814411543E+001  0.915104827671730E+000 -0.931612116700258E+001 -0.453264668994410E-001  0.198612160459523E-001  0.127305061203188E+002
      4.81000000 -0.913881942197451E-003  0.422824765585338E-003  0.270429316608211E+000 -0.432135872985932E-003  0.158960422025378E-002  0.218756563936777E+000  0.102022094831466E+001  0.925617596714616E+000 -0.923628319096461E+001 -0.427633081956137E-001  0.197852533555776E-001  0.126542080298021E+002
      4.82000000 -0.801586787716550E-003  0.460124126543834E-003  0.269531433443931E+000 -0.632822934461924E-003  0.146952825342889E-002  0.217545730883491E+000  0.102955026960249E+001  0.931378978680301E+000 -0.915850508633165E+001 -0.374308584548407E-001  0.214859342946277E-001  0.125860269767041E+002
      4.83000000 -0.649122339235328E-003  0.463093004851835E-003  0.268850579275574E+000 -0.796737546973490E-003  0.144048446951467E-002  0.216354518019802E+000  0.103712739075844E+001  0.932874470414633E+000 -0.908196333082239E+001 -0.302486293389504E-001  0.215797975305015E-001  0.125282416403184E+002
      4.84000000 -0.456904100650567E-003  0.378334241979254E-003  0.268446469899098E+000 -0.932330215487918E-003  0.145116650702271E-002  0.215216948512346E+000  0.104335614630794E+001  0.932516412800450E+000 -0.900823244022588E+001 -0.212474085977523E-001  0.175936749405580E-001  0.124835645476785E+002
      4.85000000 -0.212345126611228E-003  0.192810285028886E-003  0.268354638466939E+000 -0.103481365337310E-002  0.142613323431566E-002  0.214210875285026E+000  0.104802271251264E+001  0.933817276093119E+000 -0.894090795706279E+001 -0.985432395047323E-002  0.894776838055886E-002  0.124535636078286E+002
      4.86000000  0.945595079570357E-004 -0.581366204685417E-004  0.268567255895504E+000 -0.107906039427208E-002  0.129307806542050E-002  0.213433299800964E+000  0.104997303875427E+001  0.940115455429027E+000 -0.888444263085100E+001  0.437920433444284E-002 -0.269240128090951E-002  0.124377856496609E+002
      4.87000000  0.454434938603040E-003 -0.299862804792217E-003  0.269033844326772E+000 -0.102556601276206E-002  0.101050078786314E-002  0.212973160308295E+000  0.104739810014136E+001  0.953298162244021E+000 -0.884287998441745E+001  0.210024049740395E-001 -0.138586176543939E-001  0.124338101459432E+002
      4.88000000  0.829626136521218E-003 -0.441961111773635E-003  0.269676007859937E+000 -0.837129192624761E-003  0.585680657722826E-003  0.212894255329654E+000  0.103860992344763E+001  0.972987341071531E+000 -0.881907090701961E+001  0.382638688310530E-001 -0.203840516407118E-001  0.124379487788362E+002
      4.89000000  0.115854591168708E-002 -0.408073877590930E-003  0.270404429871048E+000 -0.498516740321904E-003  0.762837280525712E-004  0.213232387053718E+000  0.102294548083459E+001  0.996488850466906E+000 -0.881455436640813E+001  0.533249755974838E-001 -0.187826216855050E-001  0.124460407471704E+002
      4.90000000  0.137233312186159E-002 -0.161464859434296E-003  0.271128512889295E+000 -0.297627109952608E-004 -0.424944147793324E-003  0.214001409581041E+000  0.100136710755307E+001  0.101951920153280E+001 -0.882984861330100E+001  0.630361587866535E-001 -0.741665733751164E-002  0.124539003816324E+002
      4.91000000  0.141712110444481E-002  0.282326218909065E-003  0.271756911581321E+000  0.513449820747950E-003 -0.816738640962956E-003  0.215198559922503E+000  0.976463450764148E+000  0.103743931433815E+001 -0.886470594871794E+001  0.649608575173775E-001  0.129418390725024E-001  0.124573418300145E+002
      4.92000000  0.127265018365386E-002  0.859331147807365E-003  0.272195117778880E+000  0.105312950821822E-002 -0.101775068825377E-002  0.216802529580398E+000  0.951822644841115E+000  0.104655888567225E+001 -0.891803228893581E+001  0.582197340521266E-001  0.393116910920597E-001  0.124520685817022E+002
      4.93000000  0.959612648254719E-003  0.147504281079634E-002  0.272348769061608E+000  0.151092244895688E-002 -0.987586203821193E-003  0.218765574929683E+000  0.931020263646105E+000  0.104508731471517E+001 -0.898753555642517E+001  0.438102084750762E-001  0.673416853854317E-001  0.124338256401892E+002
      4.94000000  0.533003305156793E-003  0.202941342559118E-002  0.272136805976703E+000  0.183011417750188E-002 -0.734713048471658E-003  0.221007842430718E+000  0.916617000837017E+000  0.103347472975122E+001 -0.906947925269227E+001  0.242845034993508E-001  0.924633993046269E-001  0.123989985673716E+002
      4.95000000  0.644860694920383E-004  0.244069056170908E-002  0.271510138214302E+000  0.198952478301619E-002 -0.310593205412619E-003  0.223422948370956E+000  0.909537115825301E+000  0.101412254695521E+001 -0.915895075697935E+001  0.293215539969093E-002  0.110977208967179E+000  0.123454557566760E+002
      4.96000000 -0.379155716807089E-003  0.266162062240981E-002  0.270464999140081E+000  0.200483634269591E-002  0.206182555370250E-003  0.225897643593972E+000  0.909024693919996E+000  0.990643864197941E+000 -0.925076552686492E+001 -0.172052983347879E-001  0.120778811534798E+000  0.122731394860937E+002
      4.97000000 -0.753559327508799E-003  0.268515770117836E-002  0.269040509059558E+000  0.191801998285441E-002  0.729796373619869E-003  0.228338822437603E+000  0.913139362131272E+000  0.966949990566538E+000 -0.934069297735260E+001 -0.341261532436874E-001  0.121601710507406E+000  0.121839347026316E+002
      4.98000000 -0.104468821200088E-002  0.254042079753367E-002  0.267297705632451E+000  0.177982979283039E-002  0.118550495153419E-002  0.230694415028580E+000  0.919559380801126E+000  0.946420296621122E+000 -0.942639114446462E+001 -0.472153949673342E-001  0.114816047468411E+000  0.120807017829046E+002
      4.99000000 -0.126559607362723E-002  0.228190163192507E-002  0.265288194640507E+000  0.163222727714786E-002  0.152266820000634E-002  0.232955639549374E+000  0.926378211901365E+000  0.931319885940589E+000 -0.950748934992371E+001 -0.570848479593249E-001  0.102925420227675E+000  0.119658527487797E+002
      5.00000000 -0.144463515321934E-002  0.197549467636916E-002  0.263028039799482E+000  0.149674867548340E-002  0.172111668277028E-002  0.235136962917796E+000  0.932624010923362E+000  0.922524107943173E+000 -0.958466642033052E+001 -0.650301041833883E-001  0.889266915121997E-001  0.118401804034708E+002
      5.01000000 -0.161028434289104E-002  0.168434977391085E-002  0.260491613360831E+000  0.137200591442549E-002  0.179109439259980E-002  0.237242284124927E+000  0.938362568461543E+000  0.919534998470461E+000 -0.965812099789711E+001 -0.723421013705736E-001  0.756694944130168E-001  0.117025982293915E+002
      5.02000000 -0.177824732519319E-002  0.145670665157831E-002  0.257630679183210E+000  0.124004674878508E-002  0.176775311211132E-002  0.239234377570866E+000  0.944401814731422E+000  0.920741806603209E+000 -0.972620629813298E+001 -0.797287072735827E-001  0.653122524419093E-001  0.115510147066077E+002
      5.03000000 -0.194507676817752E-002  0.131732756683644E-002  0.254410821862154E+000  0.107841984401181E-002  0.170143998239843E-002  0.241024350101000E+000  0.951744573196350E+000  0.923866652688808E+000 -0.978497669416853E+001 -0.870352211482893E-001  0.589456920056554E-001  0.113839733760420E+002
      5.04000000 -0.209006914231423E-002  0.126387383697169E-002  0.250847652126466E+000  0.873235678775474E-003  0.164536268987364E-002  0.242488467875266E+000  0.961003358056596E+000  0.926521990290165E+000 -0.982896197095008E+001 -0.933375490269474E-001  0.564416190038585E-001  0.112022633867146E+002
      5.05000000 -0.218439685758004E-002  0.126913101260761E-002  0.247024436426949E+000  0.628489321747450E-003  0.164283486258266E-002  0.243506016357024E+000  0.971988729938467E+000  0.926780154554803E+000 -0.985286980981622E+001 -0.973568335721493E-001  0.565641615656666E-001  0.110096829987731E+002
      5.06000000 -0.220411679596370E-002  0.128897987505763E-002  0.243081503039631E+000  0.368251294070559E-003  0.171687664555031E-002  0.244001124311417E+000  0.983619768310262E+000  0.923631396034072E+000 -0.985344440911011E+001 -0.980415937987486E-001  0.573352744085904E-001  0.108125386207498E+002
      5.07000000 -0.214236011979071E-002  0.127449426016042E-002  0.239181410126213E+000  0.130660939888506E-003  0.186488117179132E-002  0.243969352064274E+000  0.994199517858011E+000  0.917211601698741E+000 -0.983062674314847E+001 -0.951066296259505E-001  0.565791215219773E-001  0.106180737664723E+002
      5.08000000 -0.201605332354547E-002  0.118509949570445E-002  0.235465313031592E+000 -0.445776354629899E-004  0.205996740456836E-002  0.243477276898391E+000  0.100197505680804E+001  0.908731079958135E+000 -0.978750472845784E+001 -0.893232626782086E-001  0.525070206816052E-001  0.104325266409815E+002
      5.09000000 -0.186409723653163E-002  0.999122948975304E-003  0.232019503597179E+000 -0.131039324293524E-003  0.225869702812961E-002  0.242636212332085E+000  0.100579442222731E+001  0.900122773563452E+000 -0.972912020469852E+001 -0.824284352766807E-001  0.441801745740959E-001  0.102596604192021E+002
      5.10000000 -0.173677909681968E-002  0.718788821944454E-003  0.228865356795494E+000 -0.127313850465999E-003  0.241277431505684E-002  0.241562843759404E+000  0.100561864706153E+001  0.893518833451264E+000 -0.966071254066938E+001 -0.766479745381668E-001  0.317217701569548E-001  0.101003438332784E+002
      5.11000000 -0.167951161086898E-002  0.368585638198364E-003  0.225974387736189E+000 -0.607571357631220E-004  0.248109870005549E-002  0.240344300074314E+000  0.100267610202930E+001  0.890717803222378E+000 -0.958617825018957E+001 -0.739755811992403E-001  0.162346819342972E-001  0.995324269314099E+001
      5.12000000 -0.171656013470052E-002 -0.118146778563727E-004  0.223298925681103E+000  0.190595123463473E-004  0.243869218525181E-002  0.239021318698175E+000  0.999162146478804E+000  0.892795429526406E+000 -0.950734404285796E+001 -0.754597456151120E-001 -0.519371601113131E-003  0.981618982486948E+001
      5.13000000 -0.184103471705213E-002 -0.377276590343488E-003  0.220803408342484E+000  0.556861569590559E-004  0.228048673212808E-002  0.237593493389644E+000  0.997556816101444E+000  0.899945538189993E+000 -0.942421724088548E+001 -0.807738695398130E-001 -0.165526971363286E-001  0.968756620079361E+001
      5.14000000 -0.201551623196281E-002 -0.686409525824574E-003  0.218483385174359E+000  0.473778934845007E-005  0.201999506721149E-002  0.236040482077918E+000  0.999792537835953E+000  0.911546817052102E+000 -0.933593214322546E+001 -0.882570600760770E-001 -0.300570572425978E-001  0.956712773887197E+001
      5.15000000 -0.218375058586282E-002 -0.908058460144672E-003  0.216366871288942E+000 -0.150597788732123E-003  0.168452810421031E-002  0.234347353539355E+000  0.100658169331135E+001  0.926379746677575E+000 -0.924186624722121E+001 -0.954381650994065E-001 -0.396855912942817E-001  0.945605112497645E+001
      5.16000000 -0.228940156374233E-002 -0.102445011416124E-002  0.214501220917441E+000 -0.393566433172813E-003  0.130918431981617E-002  0.232522894999617E+000  0.101716700860131E+001  0.942894574880775E+000 -0.914243645292862E+001 -0.998616066410588E-001 -0.446855789495176E-001  0.935634747810243E+001
      5.17000000 -0.229484202237353E-002 -0.103169481075151E-002  0.212934004804957E+000 -0.679837617014137E-003  0.931283437579549E-003  0.230605151824845E+000  0.102959653872351E+001  0.959456838466899E+000 -0.903933017975669E+001 -0.999052995593413E-001 -0.449145423157894E-001  0.927002178320175E+001
      5.18000000 -0.219282945566404E-002 -0.938797405440952E-003  0.211696705046685E+000 -0.953139340871221E-003  0.585817273734745E-003  0.228655121928439E+000  0.104141454660649E+001  0.974545844720040E+000 -0.893521912049310E+001 -0.952799174239019E-001 -0.407913798481424E-001  0.919836448003758E+001
      5.19000000 -0.200683880054255E-002 -0.765893070027159E-003  0.210796473693232E+000 -0.116430668898756E-002  0.301634854245250E-003  0.226743982963664E+000  0.105049243442907E+001  0.986919015201446E+000 -0.883319584115307E+001 -0.870304856139089E-001 -0.332144494090760E-001  0.914160094286686E+001
      5.20000000 -0.178055624475904E-002 -0.541633619616339E-003  0.210216502786463E+000 -0.128631202565191E-002  0.979853045071960E-004  0.224940038506357E+000  0.105567615839654E+001  0.995758847600362E+000 -0.873620471849154E+001 -0.770688056553905E-001 -0.234438290222539E-001  0.909891773792199E+001
      5.21000000 -0.156142958864076E-002 -0.299222764570731E-003  0.209922282610330E+000 -0.131988198620053E-002 -0.183468750912883E-004  0.223299540670311E+000  0.105701953271115E+001  0.100079259377380E+001 -0.864664689476284E+001 -0.674545045969943E-001 -0.129265664587745E-001  0.906874295220489E+001
      5.22000000 -0.138522870070852E-002 -0.709507262303480E-004  0.209870175598313E+000 -0.128859125206040E-002 -0.543322452646982E-004  0.221862713569929E+000  0.105556111482460E+001  0.100234268245497E+001 -0.856621402189862E+001 -0.597279011287200E-001 -0.305923343858641E-002  0.904912314594092E+001
      5.23000000 -0.126743703938280E-002  0.117949760197928E-003  0.210015605430148E+000 -0.122680343731047E-002 -0.292397378053775E-004  0.220654394814396E+000  0.105279582379866E+001  0.100125834016937E+001 -0.849592265127630E+001 -0.545445020547420E-001  0.507600041466764E-002  0.903807942009562E+001
      5.24000000 -0.120367343154769E-002  0.254358439906702E-003  0.210319311502292E+000 -0.116641587402336E-002  0.300263756907640E-004  0.219688176706185E+000  0.105010123252556E+001  0.998710272670421E+000 -0.843629855302658E+001 -0.517015618715828E-001  0.109254954655652E-001  0.903387630849575E+001
      5.25000000 -0.117711254023088E-002  0.339271635274090E-003  0.210750586294606E+000 -0.112797534238953E-002  0.958917721851838E-004  0.218973018300361E+000  0.104835780483161E+001  0.995888992046169E+000 -0.838766485792709E+001 -0.504643819294355E-001  0.145450267456480E-001  0.903515824964147E+001
      5.26000000 -0.116810996409180E-002  0.385680720246307E-003  0.211286344891337E+000 -0.111880461838823E-002  0.147204186826380E-003  0.218520998261041E+000  0.104787345614731E+001  0.993701158301541E+000 -0.835047572701884E+001 -0.499832233636493E-001  0.165032113240405E-001  0.904090616040902E+001
      5.27000000 -0.116115474509568E-002  0.412902059121069E-003  0.211905201722639E+000 -0.113699092855504E-002  0.173894557686288E-003  0.218353890891085E+000  0.104855932710205E+001  0.992573201337072E+000 -0.832559596166699E+001 -0.495913306492716E-001  0.176344820758156E-001  0.905018126938977E+001
      5.28000000 -0.114663215869474E-002  0.439523573002383E-003  0.212577210292244E+000 -0.117742926919336E-002  0.177515076649993E-003  0.218505318225519E+000  0.105019115392791E+001  0.992432932686676E+000 -0.831438885380956E+001 -0.488783425735337E-001  0.187358985246055E-001  0.906168698409635E+001
      5.29000000 -0.111820017581059E-002  0.477774998753836E-003  0.213252322707408E+000 -0.123584000148146E-002  0.167738873535943E-003  0.219015582473023E+000  0.105258148554682E+001  0.992863186865697E+000 -0.831849160937395E+001 -0.475762447504161E-001  0.203279705799228E-001  0.907328125875819E+001
      5.30000000 -0.106898902098681E-002  0.531407386987002E-003  0.213852646294092E+000 -0.130868554735043E-002  0.156705949279747E-003  0.219918594996032E+000  0.105557579861446E+001  0.993345186476238E+000 -0.833925767868383E+001 -0.453966337992470E-001  0.225672163807577E-001  0.908165573286329E+001
      5.31000000 -0.990087714045766E-003  0.597404911858167E-003  0.214273622374903E+000 -0.138986512929769E-002  0.153963099822631E-003  0.221223990588749E+000  0.105891208770130E+001  0.993473979993946E+000 -0.837700130787540E+001 -0.419667585093761E-001  0.253221480406209E-001  0.908239667816053E+001
      5.32000000 -0.872924799745944E-003  0.669967402983722E-003  0.214396565437146E+000 -0.146720957768119E-002  0.164188024373777E-003  0.222900777299269E+000  0.106207358045087E+001  0.993053658662628E+000 -0.843031557503553E+001 -0.369310346721073E-001  0.283444683848764E-001  0.907052588498389E+001
      5.33000000 -0.714410683091360E-003  0.744214454343609E-003  0.214110360300996E+000 -0.152194005423326E-002  0.188199830347652E-003  0.224869730120670E+000  0.106426827056616E+001  0.992052724032299E+000 -0.849576733810075E+001 -0.301680338516384E-001  0.314265833125084E-001  0.904142218254162E+001
      5.34000000 -0.521753124886073E-003  0.817516331417672E-003  0.213335633382577E+000 -0.153241743581559E-002  0.225869934980921E-003  0.227009211356736E+000  0.106458952686104E+001  0.990479857582156E+000 -0.856816152827587E+001 -0.219912581826804E-001  0.344573167945843E-001  0.899183688512898E+001
      5.35000000 -0.313821116314039E-003  0.887997693389417E-003  0.212042760614420E+000 -0.148086404017285E-002  0.278523242091615E-003  0.229173967661640E+000  0.106229994751132E+001  0.988282527705268E+000 -0.864134840806504E+001 -0.132024537998955E-001  0.373580613665770E-001  0.892063855834594E+001
      5.36000000 -0.117782292992545E-003  0.951650746883348E-003  0.210256936012168E+000 -0.135988765161438E-002  0.348857150051590E-003  0.231221006020210E+000  0.105710373510839E+001  0.985350961703663E+000 -0.870931904823156E+001 -0.494585626358253E-002  0.399612512851479E-001  0.882900610538524E+001
      5.37000000  0.376725554703292E-004  0.100052835032631E-002  0.208048591065857E+000 -0.117566184643637E-002  0.438080740837849E-003  0.233033556090634E+000  0.104927588286090E+001  0.981638584823881E+000 -0.876720835790254E+001  0.157898160602346E-002  0.419354578352003E-001  0.872000570045780E+001
      5.38000000  0.129434764785903E-003  0.102401368281477E-002  0.205513423592933E+000 -0.946452484064115E-003  0.541940895875535E-003  0.234535006822886E+000  0.103959522500621E+001  0.977327681977106E+000 -0.881186749820648E+001  0.541495608244047E-002  0.428400293339429E-001  0.859773774803443E+001
      5.39000000  0.144407565588640E-003  0.101337418867979E-002  0.202750314003677E+000 -0.697676420096347E-003  0.648398564866309E-003  0.235689230752820E+000  0.102913342573534E+001  0.972924308615981E+000 -0.884186150337326E+001  0.603014085973752E-002  0.423162669937156E-001  0.846640512091261E+001
      5.40000000  0.800639686887543E-004  0.967665644879310E-003  0.199845546868002E+000 -0.456305282972989E-003  0.739228814617664E-003  0.236489714716677E+000  0.101901901463509E+001  0.969188602086100E+000 -0.885700037470669E+001  0.333710313918317E-002  0.403327503506583E-001  0.832965455906333E+001
      5.41000000 -0.577084619680039E-004  0.897778936298866E-003  0.196868011258603E+000 -0.247216085461290E-003  0.795889091645044E-003  0.236944490464006E+000  0.101028503409474E+001  0.966888293583620E+000 -0.885770063641220E+001 -0.240086925488051E-002  0.373506721949089E-001  0.819038212736133E+001
      5.42000000 -0.256937521108711E-003  0.825826104377695E-003  0.193874348832257E+000 -0.922396717459411E-004  0.807599929706720E-003  0.237064827819418E+000  0.100383040537129E+001  0.966463073317077E+000 -0.884451020515403E+001 -0.106697567577104E-001  0.342937988186997E-001  0.805095392324751E+001
      5.43000000 -0.500031404356386E-003  0.779072606338591E-003  0.190918218497496E+000 -0.104268837802266E-004  0.778002632963867E-003  0.236862669868251E+000  0.100043219623448E+001  0.967751648961329E+000 -0.881800086815776E+001 -0.207263929128546E-001  0.322927016302094E-001  0.791359497888863E+001
      5.44000000 -0.762402784124975E-003  0.780290183291692E-003  0.188056301405211E+000 -0.169879549064853E-004  0.726921793091844E-003  0.236356481500790E+000  0.100070285942894E+001  0.969924347033665E+000 -0.877901004140562E+001 -0.315436430353564E-001  0.322837160596089E-001  0.778063900813743E+001
      5.45000000 -0.101151720622232E-002  0.838379128484155E-003  0.185346050580221E+000 -0.119308514565365E-003  0.685709554644041E-003  0.235580297397099E+000  0.100492721158083E+001  0.971681517693541E+000 -0.872901199700109E+001 -0.417737100396035E-001  0.346234413029403E-001  0.765443447357644E+001
      5.46000000 -0.120942527694091E-002  0.943342341222589E-003  0.182835189786784E+000 -0.310950150818327E-003  0.687495774639119E-003  0.234588766842778E+000  0.101281812211237E+001  0.971659750709647E+000 -0.867031999073840E+001 -0.498554538237731E-001  0.388868675308252E-001  0.753691156913133E+001
      5.47000000 -0.132036514732418E-002  0.106799520302365E-002  0.180547997291399E+000 -0.567036291871439E-003  0.756037722670452E-003  0.233452878754262E+000  0.102333188380771E+001  0.968891260484619E+000 -0.860590269045038E+001 -0.543291613654033E-001  0.439448767942242E-001  0.742902166035173E+001
      5.48000000 -0.132188132892389E-002  0.117594030737224E-002  0.178475907600282E+000 -0.845135214373729E-003  0.897591943218108E-003  0.232245844504394E+000  0.103471138279009E+001  0.963134115109106E+000 -0.853879837556309E+001 -0.542922931513970E-001  0.482982053679298E-001  0.733036021000802E+001
      5.49000000 -0.121488698923401E-002  0.123267501054865E-002  0.176578645489111E+000 -0.109382871305204E-002  0.109896039092083E-002  0.231023923852851E+000  0.104484388709821E+001  0.954945728606496E+000 -0.847132822042571E+001 -0.498069344241988E-001  0.505361930457873E-001  0.723922561894847E+001
      5.50000000 -0.102718006255525E-002  0.121547614064810E-002  0.174797568759423E+000 -0.126731005321057E-002  0.133221026899961E-002  0.229810172619330E+000  0.105186166625424E+001  0.945482445928451E+000 -0.840443772541574E+001 -0.420349143860179E-001  0.497404859896625E-001  0.715317703831617E+001
      5.51000000 -0.807068501750054E-003  0.111844213242689E-002  0.173077289807854E+000 -0.134060452766633E-002  0.156379840205651E-002  0.228588580543613E+000  0.105476150288297E+001  0.936121392300775E+000 -0.833746974153802E+001 -0.329674286288406E-001  0.456865323034141E-001  0.706992428355318E+001
      5.52000000 -0.608204376762455E-003  0.951337588035995E-003  0.171387617076795E+000 -0.131858525620128E-002  0.176421707439732E-002  0.227312040534365E+000  0.105376447546763E+001  0.928065170477283E+000 -0.826850392822912E+001 -0.247991467673122E-001  0.387901852935529E-001  0.698822111838792E+001
      5.53000000 -0.471261238922815E-003  0.733550790869221E-003  0.169737286991794E+000 -0.123400448493988E-002  0.191447428954066E-002  0.225921880723549E+000  0.105022476140913E+001  0.922079688048483E+000 -0.819516314156206E+001 -0.191806298722011E-001  0.298559801868774E-001  0.690841471440088E+001
      5.54000000 -0.410218946299765E-003  0.486305387628859E-003  0.168174103265386E+000 -0.113454655202909E-002  0.200748727989710E-002  0.224371883418234E+000  0.104609340921063E+001  0.918441484386923E+000 -0.811559337892266E+001 -0.166660325430725E-001  0.197572088983222E-001  0.683243692960696E+001
      5.55000000 -0.409379842342093E-003  0.226524802640391E-003  0.166771527366467E+000 -0.106410200234727E-002  0.204485158076309E-002  0.222647930974103E+000  0.104315355241553E+001  0.917073166221116E+000 -0.802925578403682E+001 -0.166019746653983E-001  0.918647829117463E-002  0.676324622240246E+001
      5.56000000 -0.432447697964380E-003 -0.354978281972979E-004  0.165607055877993E+000 -0.104634646703569E-002  0.203130704016123E-002  0.220776362859572E+000  0.104235717587126E+001  0.917770612068486E+000 -0.793725312262363E+001 -0.175059254031732E-001 -0.143698841575921E-002  0.670394311285725E+001
      5.57000000 -0.439417080064930E-003 -0.294459037015767E-003  0.164740614199538E+000 -0.107768381611005E-002  0.196979492837196E-002  0.218818830713724E+000  0.104354742113419E+001  0.920403843862630E+000 -0.784210714750980E+001 -0.177561176600160E-001 -0.118986028183847E-001  0.665689583272017E+001
      5.58000000 -0.403506503949527E-003 -0.545995447050964E-003  0.164200585753535E+000 -0.113213064806049E-002  0.185922799475987E-002  0.216856770782156E+000  0.104566554277281E+001  0.925006309417936E+000 -0.774711956494775E+001 -0.162758101697740E-001 -0.220232342298848E-001  0.662318336218077E+001
      5.59000000 -0.320719640460842E-003 -0.782528547284135E-003  0.163981456037263E+000 -0.117507855158083E-002  0.169555580334518E-002  0.214972300082399E+000  0.104731309591604E+001  0.931730526230145E+000 -0.765559586583133E+001 -0.129133827614056E-001 -0.315075516993182E-001  0.660251210228058E+001
      5.60000000 -0.208570631196028E-003 -0.990929412881187E-003  0.164052121275051E+000 -0.117897783581083E-002  0.147523566141815E-002  0.213232970947333E+000  0.104738532778243E+001  0.940707515231142E+000 -0.757023254844527E+001 -0.838284437995039E-002 -0.398273093966491E-001  0.659356207038074E+001
      5.61000000 -0.958920466307333E-004 -0.115285426955494E-002  0.164369841304752E+000 -0.113375961952731E-002  0.119944771752161E-002  0.211685386529541E+000  0.104548669671926E+001  0.951877881679836E+000 -0.749286639877300E+001 -0.384721096761243E-002 -0.462527784704627E-001  0.659455584098133E+001
      5.62000000 -0.960485709625203E-005 -0.124748772474923E-002  0.164893201107069E+000 -0.104814905077541E-002  0.877469089740664E-003  0.210358473830007E+000  0.104197715542008E+001  0.964858379321997E+000 -0.742461322019054E+001 -0.384663401468275E-003 -0.499604384201830E-001  0.660378170973394E+001
      5.63000000  0.350758181641855E-004 -0.125577370859691E-002  0.165588700484372E+000 -0.942914959937482E-003  0.528233973346537E-003  0.209273129136435E+000  0.103769557799172E+001  0.978882416987553E+000 -0.736625983901645E+001  0.140225078125703E-002 -0.502029533771514E-001  0.661985655002150E+001
      5.64000000  0.372958925477485E-004 -0.116511156037720E-002  0.166428907145178E+000 -0.840831910970734E-003  0.179762540777584E-003  0.208452636816043E+000  0.103355493153710E+001  0.992826247826676E+000 -0.731868280191093E+001  0.148836063989283E-002 -0.464959026072223E-001  0.664164919550142E+001
      5.65000000  0.666399749394147E-005 -0.973682255466968E-003  0.167383934423343E+000 -0.758824740100875E-003 -0.133490081329085E-003  0.207928455107282E+000  0.103022868879239E+001  0.100531773664210E+001 -0.728307806580605E+001  0.265468290254804E-003 -0.387877942399070E-001  0.666793871514585E+001
      5.66000000 -0.433439109805095E-004 -0.693685756390424E-003  0.168410777053830E+000 -0.705402936470623E-003 -0.375215634260741E-003  0.207738317507724E+000  0.102805091986731E+001  0.101492075400518E+001 -0.726088267640966E+001 -0.172360577308238E-002 -0.275849766985079E-001  0.669699113469014E+001
      5.67000000 -0.100291988901549E-003 -0.352656569881026E-003  0.169445797456050E+000 -0.682797048819642E-003 -0.513497528676399E-003  0.207916980674925E+000  0.102710409132381E+001  0.102038363220207E+001 -0.725340537386048E+001 -0.398115842904325E-002 -0.139989414021646E-001  0.672626569875201E+001
      5.68000000 -0.153792352169940E-003  0.813705548948373E-005  0.170404316192299E+000 -0.690523596683757E-003 -0.528018158595696E-003  0.208482988195358E+000  0.102736254342060E+001  0.102092313696567E+001 -0.726130322605807E+001 -0.609414353718898E-002  0.322437256621124E-003  0.675240574436953E+001
      5.69000000 -0.193616982865447E-003  0.339013411529318E-003  0.171188500559264E+000 -0.726950807909339E-003 -0.416772806665850E-003  0.209426441762821E+000  0.102875537480354E+001  0.101648592742893E+001 -0.728410363003821E+001 -0.765874231110314E-002  0.134100651734429E-001  0.677155791296816E+001
      5.70000000 -0.208008120283274E-003  0.590865655923756E-003  0.171701644294249E+000 -0.787645388883486E-003 -0.200130778470904E-003  0.210702518548455E+000  0.103110155868677E+001  0.100790251455730E+001 -0.731995824335938E+001 -0.821356520538468E-002  0.233313660348596E-001  0.677994036656840E+001
      5.71000000 -0.184946626365209E-003  0.726330231876190E-003  0.171864564610792E+000 -0.862192217007760E-003  0.799836105763080E-004  0.212233545223517E+000  0.103398554708672E+001  0.996847238110266E+000 -0.736573678385611E+001 -0.729015195785402E-002  0.286301938349758E-001  0.677448849328557E+001
      5.72000000 -0.116720010234613E-003  0.730185825497336E-003  0.171628969905464E+000 -0.932764062470416E-003  0.367025318978886E-003  0.213919539858759E+000  0.103670304126205E+001  0.985558035554007E+000 -0.741745304530658E+001 -0.459277916475627E-002  0.287318535956573E-001  0.675337463958379E+001
      5.73000000 -0.533995712011357E-005  0.615357873156037E-003  0.170983544703158E+000 -0.976886491943137E-003  0.602140392939307E-003  0.215654230804469E+000  0.103837211681456E+001  0.976347915866177E+000 -0.747090158808926E+001 -0.209753599919455E-003  0.241712669652511E-001  0.671623633331979E+001
      5.74000000  0.134866527945718E-003  0.421643664028892E-003  0.169950890756289E+000 -0.974125810939664E-003  0.738848145646676E-003  0.217341625992112E+000  0.103819701576262E+001  0.971028594100974E+000 -0.752230935743978E+001  0.528833014785175E-002  0.165333158204542E-001  0.666404357649426E+001
      5.75000000  0.279918100101909E-003  0.206457717178517E-003  0.168576599083900E+000 -0.913617841471636E-003  0.755560500214538E-003  0.218907945277650E+000  0.103576209914515E+001  0.970424800948163E+000 -0.756879899594645E+001  0.109569432578534E-001  0.808145486643188E-002  0.659865950108877E+001
      5.76000000  0.403503915526395E-003  0.298072351353572E-004  0.166914533496241E+000 -0.798342669653973E-003  0.661514063323656E-003  0.220305346942053E+000  0.103119558498830E+001  0.974151051963295E+000 -0.760852668301805E+001  0.157670899582156E-001  0.116473060037535E-002  0.652225756356178E+001
      5.77000000  0.485494159595995E-003 -0.618766410369359E-004  0.165013802271588E+000 -0.643600734265815E-003  0.493669681326840E-003  0.221506923067250E+000  0.102510539121013E+001  0.980743075918909E+000 -0.764047795983243E+001  0.189380156950805E-001 -0.241366610896305E-002  0.643681065066723E+001
      5.78000000  0.517259653806404E-003 -0.476663659925657E-004  0.162912205814100E+000 -0.470390467119349E-003  0.305338301032037E-003  0.222495838729255E+000  0.101831710980508E+001  0.988110058390531E+000 -0.766403763268200E+001  0.201422063982966E-001 -0.185613893334573E-002  0.634383766482108E+001
      5.79000000  0.501172034200453E-003  0.641601003921271E-004  0.160638264167680E+000 -0.297348982344727E-003  0.150409553596310E-003  0.223253884380010E+000  0.101155883776694E+001  0.994153134088745E+000 -0.767854132218334E+001  0.194820449391507E-001  0.249409359230107E-002  0.624448626000185E+001
      5.80000000  0.445054981645565E-003  0.241540815409277E-003  0.158220210866622E+000 -0.135736198138036E-003  0.687012531744973E-004  0.223754987346334E+000  0.100526737165931E+001  0.997333982836600E+000 -0.768302409486589E+001  0.172707798605941E-001  0.937321998926460E-002  0.613988505705658E+001
      5.81000000  0.355351826736487E-003  0.440600387554556E-003  0.155697133082727E+000  0.995240659771209E-005  0.773292383624409E-004  0.223967080346122E+000  0.999614452178454E+000  0.997004330651114E+000 -0.767629543443473E+001  0.137660294859722E-001  0.170684866947499E-001  0.603157536738245E+001
      5.82000000  0.233508217145163E-003  0.619273129052209E-003  0.153126229936186E+000  0.136672770072220E-003  0.170362270058961E-003  0.223861922067653E+000  0.994714509609137E+000  0.993411649292786E+000 -0.765732096703240E+001  0.903036820908848E-002  0.239488975835883E-001  0.592178834517709E+001
      5.83000000  0.780292621861077E-004  0.747537440027780E-003  0.150581656591089E+000  0.236761376424935E-003  0.325575448630569E-003  0.223428629385986E+000  0.990859528963300E+000  0.987430749882416E+000 -0.762574355036204E+001  0.301241791121842E-002  0.288596240763504E-001  0.581339444597104E+001
      5.84000000 -0.108971257487729E-003  0.811249109674485E-003  0.148144107938070E+000  0.295700457800604E-003  0.514437917453452E-003  0.222684594625537E+000  0.988603659272446E+000  0.980173484227657E+000 -0.758229822843607E+001 -0.419976887786085E-002  0.312656643738087E-001  0.570949650669880E+001
      5.85000000 -0.314987941241840E-003  0.809718776780066E-003  0.145884572687137E+000  0.296126203826876E-003  0.710764665366776E-003  0.221678203407170E+000  0.988606759928408E+000  0.972653847034547E+000 -0.752890746383849E+001 -0.121189316846916E-001  0.311533403498628E-001  0.561280271008355E+001
      5.86000000 -0.514995309061704E-003  0.749897310118747E-003  0.143848575698739E+000  0.226676499597883E-003  0.894934578977669E-003  0.220481123506510E+000  0.991293669346174E+000  0.965626801314012E+000 -0.746837483188611E+001 -0.197802571233214E-001  0.288025179049905E-001  0.552502472173723E+001
      5.87000000 -0.676571913052238E-003  0.641019585387574E-003  0.142047321723973E+000  0.910449578338549E-004  0.105334595235839E-002  0.219172417514849E+000  0.996509046424625E+000  0.959611362276617E+000 -0.740376834424243E+001 -0.259419213876524E-001  0.245787319444726E-001  0.544654660118200E+001
      5.88000000 -0.770884627262938E-003  0.492452188525676E-003  0.140459360179772E+000 -0.881308691149879E-004  0.117534527082235E-002  0.217820266813295E+000  0.100337347116566E+001  0.955010163627888E+000 -0.733771863105684E+001 -0.295079021486774E-001  0.188500723428764E-001  0.537649981524000E+001
      5.89000000 -0.784663718291488E-003  0.315035097161437E-003  0.139042004283477E+000 -0.273653862112218E-003  0.125089761531480E-002  0.216468032583626E+000  0.101045713133437E+001  0.952199466332296E+000 -0.727189000347664E+001 -0.299843440620670E-001  0.120384319100200E-001  0.531321023048299E+001
      5.90000000 -0.727282042766193E-003  0.123827328503584E-003  0.137747823376257E+000 -0.425431227458030E-003  0.127131007824319E-002  0.215129328116787E+000  0.101622944351154E+001  0.951501785085749E+000 -0.720680066013807E+001 -0.277445144319883E-001  0.472379201014690E-002  0.525483409311422E+001
      5.91000000 -0.629088591239768E-003 -0.608061707717229E-004  0.136539886524740E+000 -0.514669839010427E-003  0.123301089611884E-002  0.213792795907125E+000  0.101960051636831E+001  0.953042419780894E+000 -0.714201431283061E+001 -0.239580023834748E-001 -0.231572214878028E-002  0.519993999629271E+001
      5.92000000 -0.531182627240384E-003 -0.215876063610248E-003  0.135400708001149E+000 -0.534415119338893E-003  0.114209090548713E-002  0.212433337148294E+000  0.102031810990614E+001  0.956578458017432E+000 -0.707657518605955E+001 -0.201952126913150E-001 -0.820746537254473E-002  0.514784549872029E+001
      5.93000000 -0.470768673007386E-003 -0.322012892526472E-003  0.134333214979112E+000 -0.501825785095627E-003  0.101636228176003E-002  0.211024487055025E+000  0.101904691110409E+001  0.961423739861144E+000 -0.700948210534363E+001 -0.178681313947506E-001 -0.122220721224082E-001  0.509864753869975E+001
      5.94000000 -0.468147371398334E-003 -0.370709562134036E-003  0.133355718138334E+000 -0.451300143973996E-003  0.882650781954867E-003  0.209547279316211E+000  0.101710036193939E+001  0.966555189403220E+000 -0.694002476526385E+001 -0.177387257654955E-001 -0.140466777410298E-001  0.505302530323046E+001
      5.95000000 -0.520452693936304E-003 -0.368934195676821E-003  0.132494986073394E+000 -0.421528486955780E-003  0.769415358860921E-003  0.207993695419668E+000  0.101594543014931E+001  0.970894828605481E+000 -0.686791176501977E+001 -0.196874999768405E-001 -0.139559119464026E-001  0.501197335635401E+001
      5.96000000 -0.604094918511669E-003 -0.338343638761210E-003  0.131781196072023E+000 -0.441857822836392E-003  0.697308848468292E-003  0.206366014237376E+000  0.101668639669493E+001  0.973666705752243E+000 -0.679324253175142E+001 -0.228131469687870E-001 -0.127772688040986E-001  0.497660831367433E+001
      5.97000000 -0.684173087312640E-003 -0.308693264905987E-003  0.131246198406423E+000 -0.523111371281157E-003  0.671609444788716E-003  0.204675302593018E+000  0.101972177978404E+001  0.974679706276381E+000 -0.671644714028147E+001 -0.257939546011022E-001 -0.116380199810644E-001  0.494810238233699E+001
      5.98000000 -0.726613164787616E-003 -0.307705186754290E-003  0.130923679366940E+000 -0.655619215797125E-003  0.679871647118017E-003  0.202941969321201E+000  0.102467611386094E+001  0.974411076169095E+000 -0.663830440211406E+001 -0.273481752138072E-001 -0.115813692475738E-001  0.492768903245781E+001
      5.99000000 -0.708409873549055E-003 -0.351293037560399E-003  0.130848134935437E+000 -0.814052598942485E-003  0.695971411874876E-003  0.201199079096231E+000  0.103058805907535E+001  0.973848846267623E+000 -0.656006347169337E+001 -0.266185294289722E-001 -0.131998499846530E-001  0.491662392148161E+001
      6.00000000 -0.622906257886149E-003 -0.437891733182610E-003  0.131050047858832E+000 -0.966223741235075E-003  0.689047442398900E-003  0.199496381680862E+000  0.103624538602761E+001  0.974152166340730E+000 -0.648359107373050E+001 -0.233667180928868E-001 -0.164263764490127E-001  0.491600378966871E+001
      6.01000000 -0.479486393954183E-003 -0.548876014934135E-003  0.131547037966337E+000 -0.108221768056561E-002  0.633938165077220E-003  0.197901425832426E+000  0.104052905040754E+001  0.976259016731043E+000 -0.641140808113050E+001 -0.179567646872501E-001 -0.205554058820481E-001  0.492643636159568E+001
      6.02000000 -0.299144314435630E-003 -0.654602222321350E-003  0.132333690095613E+000 -0.114103308998871E-002  0.519368327325732E-003  0.196494726342629E+000  0.104266070452700E+001  0.980581966511640E+000 -0.634650338817111E+001 -0.111843445392086E-001 -0.244741298339101E-001  0.494766409639612E+001
      6.03000000 -0.108332963295153E-003 -0.723613708328133E-003  0.133374559188669E+000 -0.113357084664938E-002  0.351315151970033E-003  0.195358569181610E+000  0.104231142299101E+001  0.986886885771551E+000 -0.629191217292960E+001 -0.404361301933524E-002 -0.270094505214739E-001  0.497831027213790E+001
      6.04000000  0.667748594842004E-004 -0.731770169659110E-003  0.134604361001848E+000 -0.106237194555551E-002  0.150957826262743E-003  0.194562375676949E+000  0.103958821593633E+001  0.994374709301795E+000 -0.625017012507424E+001  0.248829759430070E-002 -0.272686751692021E-001  0.501589535718200E+001
      6.05000000  0.204453322677251E-003 -0.668568766911994E-003  0.135936607979299E+000 -0.939335193142125E-003 -0.515533523941418E-004  0.194149833570360E+000  0.103494551899275E+001  0.100191790818483E+001 -0.622283881835398E+001  0.760615329108450E-002 -0.248723594225539E-001  0.505716739948904E+001
      6.06000000  0.289847389434792E-003 -0.539221053888194E-003  0.137278176330098E+000 -0.782648521937769E-003 -0.225234046011738E-003  0.194132911115306E+000  0.102906835267875E+001  0.100836541883261E+001 -0.621029142542807E+001  0.107652233447584E-001 -0.200272118669826E-001  0.509864943560963E+001
      6.07000000  0.316031330519963E-003 -0.362455597988399E-003  0.138544347401817E+000 -0.613686382986823E-003 -0.345919396678054E-003  0.194495215739125E+000  0.102275537889833E+001  0.101282662799422E+001 -0.621184704557952E+001  0.117183839646626E-001 -0.134397873159641E-001  0.513719907553771E+001
      6.08000000  0.284121002781484E-003 -0.165064307136238E-003  0.139668319166120E+000 -0.454122806982823E-003 -0.401562868564991E-003  0.195203053888111E+000  0.101681109528918E+001  0.101486538782955E+001 -0.622618879561392E+001  0.105178272880658E-001 -0.611048763339201E-002  0.517035785535891E+001
      6.09000000  0.202629960018631E-003  0.252057219408288E-004  0.140601505613954E+000 -0.323282412697833E-003 -0.394077282355423E-003  0.196218916687086E+000  0.101194788576215E+001  0.101456432569823E+001 -0.625186743499554E+001  0.748880705909160E-002  0.931554190617336E-003  0.519635668715463E+001
      6.10000000  0.860675747467726E-004  0.186574052120320E-003  0.141305215771008E+000 -0.235816937852022E-003 -0.337418994851621E-003  0.197510784418144E+000  0.100870104542844E+001  0.101244990300257E+001 -0.628764576235211E+001  0.317567467633236E-002  0.688410814784150E-002  0.521380318520592E+001
      6.11000000 -0.472040662447173E-004  0.308138226259447E-003  0.141738586342138E+000 -0.199968644270608E-003 -0.252449355571687E-003  0.199052438976907E+000  0.100736625870771E+001  0.100929949428081E+001 -0.633250839026610E+001 -0.173885943610177E-002  0.113509090419698E-001  0.522123405731670E+001
      6.12000000 -0.177637410993122E-003  0.391306709396193E-003  0.141849845832516E+000 -0.216752819025251E-003 -0.159984082263861E-003  0.200814256572683E+000  0.100797149187642E+001  0.100588371499784E+001 -0.638532131733063E+001 -0.653294930625651E-002  0.143910389224394E-001  0.521679440576853E+001
      6.13000000 -0.287251196722495E-003  0.447143055314386E-003  0.141576887662967E+000 -0.280262979355442E-003 -0.741828416783129E-004  0.202748828759229E+000  0.101029038291271E+001  0.100272376268952E+001 -0.644430494471154E+001 -0.105469684694208E-001  0.164176990715109E-001  0.519826196450135E+001
      6.14000000 -0.361941578950405E-003  0.490348678702713E-003  0.140859011248406E+000 -0.379028215674953E-003  0.135734555612957E-005  0.204778914970929E+000  0.101389406880915E+001  0.999950243671118E+000 -0.650659770857284E+001 -0.132677225463962E-001  0.179747522760048E-001  0.516348048440060E+001
      6.15000000 -0.392940394296391E-003  0.532033544256118E-003  0.139656311762391E+000 -0.498074172909334E-003  0.731378701410396E-004  0.206795021698017E+000  0.101822825864167E+001  0.997323338398286E+000 -0.656817628045816E+001 -0.143806274799522E-001  0.194710859912632E-001  0.511106881305804E+001
      6.16000000 -0.377265571266659E-003  0.574237906028524E-003  0.137969037583039E+000 -0.621189313920227E-003  0.152870427620698E-003  0.208666195815053E+000  0.102269705653720E+001  0.994414410130985E+000 -0.662425936455343E+001 -0.137845545773156E-001  0.209815428676334E-001  0.504112188705089E+001
      6.17000000 -0.317291158069169E-003  0.608756506532697E-003  0.135848332853807E+000 -0.732930024268406E-003  0.250089351902273E-003  0.210261937784562E+000  0.102673644274021E+001  0.990877028617096E+000 -0.667011320846636E+001 -0.115744158361629E-001  0.222067358966341E-001  0.495559064635722E+001
      6.18000000 -0.219758468332114E-003  0.621088172377593E-003  0.133392744762065E+000 -0.820076714806365E-003  0.365576053222515E-003  0.211478028185712E+000  0.102986704671028E+001  0.986685785780013E+000 -0.670199181610842E+001 -0.800356395950557E-002  0.226199197229755E-001  0.485813981386023E+001
      6.19000000 -0.945963501013576E-004  0.597939014156174E-003  0.130730505325573E+000 -0.872488445980843E-003  0.488847384659802E-003  0.212256905277532E+000  0.103172453834480E+001  0.982225028112596E+000 -0.671786991729749E+001 -0.343961636385307E-002  0.217416508720904E-001  0.475348980051363E+001
      6.20000000  0.461748158784629E-004  0.534811871447261E-003  0.127993404599380E+000 -0.883498450833144E-003  0.601245159578764E-003  0.212595108661448E+000  0.103207305864285E+001  0.978173395500903E+000 -0.671769931328323E+001  0.167625373434011E-002  0.194149208746718E-001  0.464645972807627E+001
      6.21000000  0.189355343376596E-003  0.439895903969777E-003  0.125291428685050E+000 -0.850079461095172E-003  0.683485797291603E-003  0.212535424367966E+000  0.103081017737535E+001  0.975227823266129E+000 -0.670310826576749E+001  0.686297220837012E-002  0.159435340439068E-001  0.454104741740689E+001
      6.22000000  0.321368124269376E-003  0.332069767396961E-003  0.122696738325253E+000 -0.772966274437888E-003  0.724208814863297E-003  0.212147417844729E+000  0.102797025567706E+001  0.973794062709868E+000 -0.667668359484386E+001  0.116289014146290E-001  0.120161468926557E-001  0.443985624624335E+001
      6.23000000  0.429119903283032E-003  0.233665170805160E-003  0.120241364208622E+000 -0.656784673031344E-003  0.725364954941108E-003  0.211504291763297E+000  0.102372800571132E+001  0.973794358333313E+000 -0.664112691571283E+001  0.155030406981702E-001  0.844174466162669E-002  0.434402307762517E+001
      6.24000000  0.501068171967512E-003  0.161284879541391E-003  0.117927220616772E+000 -0.510070927664609E-003  0.701686456646134E-003  0.210664623788683E+000  0.101839806956878E+001  0.974690429223332E+000 -0.659859500695580E+001  0.180733435029699E-001  0.581748590883495E-002  0.425359119935406E+001
      6.25000000  0.528506118966750E-003  0.119023900926738E-003  0.115742380329593E+000 -0.344958017579294E-003  0.674342680255990E-003  0.209664463634981E+000  0.101242260000227E+001  0.975715626382411E+000 -0.655041956903946E+001  0.190325192634975E-001  0.428627901533773E-002  0.416810516315823E+001
      6.26000000  0.506895536900369E-003  0.973036464101416E-004  0.113676035907973E+000 -0.176313700498633E-003  0.661742615440234E-003  0.208520181306512E+000  0.100633925180340E+001  0.976207446974027E+000 -0.649721622117397E+001  0.182251205513001E-001  0.349849339126153E-002  0.408715269202287E+001
      6.27000000  0.436934277078737E-003  0.777675083476179E-004  0.111726593733055E+000 -0.202482846143438E-004  0.671805400195586E-003  0.207237886395709E+000  0.100072685364289E+001  0.975884169363102E+000 -0.643922833667693E+001  0.156846506777387E-001  0.279162397298189E-002  0.401065488803665E+001
      6.28000000  0.325012100126757E-003  0.417527649950637E-004  0.109901573343982E+000  0.107886791311475E-003  0.699181440519107E-003  0.205823259917001E+000  0.996133349590010E+000  0.974941416175448E+000 -0.637668237853035E+001  0.116483969439654E-001  0.149641437959055E-002  0.393885997037572E+001
      6.29000000  0.182804216571098E-003 -0.217227362701544E-004  0.108212129616663E+000  0.195700304037498E-003  0.728359358263932E-003  0.204286880585114E+000  0.992997274053847E+000  0.973937184199463E+000 -0.630997862352835E+001  0.654126643668055E-002 -0.777302670267232E-003  0.387214466263638E+001
      6.30000000  0.259332991849691E-004 -0.111979384153091E-003  0.106667064854244E+000  0.235751177222077E-003  0.740732445767482E-003  0.202643556602307E+000  0.991577527607431E+000  0.973536511468278E+000 -0.623966591016030E+001  0.926495888620180E-003 -0.400058774967558E-002  0.381079924824680E+001
      6.31000000 -0.128172309004685E-003 -0.217971043277514E-003  0.105270411222077E+000  0.226919959683261E-003  0.722027544181471E-003  0.200907773577323E+000  0.991905880461796E+000  0.974245644761094E+000 -0.616627809100252E+001 -0.457184106686630E-002 -0.777491624191152E-002  0.375494202209780E+001
      6.32000000 -0.262935941361272E-003 -0.323477303500155E-003  0.104023836143216E+000  0.174836539934496E-003  0.666795299547506E-003  0.199089265428457E+000  0.993773537163274E+000  0.976253384138741E+000 -0.609017641761732E+001 -0.936395142536518E-002 -0.115200141201758E-001  0.370460631468730E+001
      6.33000000 -0.365400031923451E-003 -0.413191002316988E-003  0.102932015973656E+000  0.911580656442627E-004  0.578576397689655E-003  0.197192141906146E+000  0.996758711663470E+000  0.979427679642286E+000 -0.601151988141260E+001 -0.129924527607164E-001 -0.146917463320888E-001  0.365993223389534E+001
      6.34000000 -0.428604173592095E-003 -0.476846726774939E-003  0.102007432239455E+000 -0.835957580478319E-005  0.466690433155172E-003  0.195218592324084E+000  0.100029677086186E+001  0.983432159082898E+000 -0.593039829383134E+001 -0.152157517274813E-001 -0.169283965339422E-001  0.362133609270584E+001
      6.35000000 -0.453006669432021E-003 -0.510139212888886E-003  0.101271501465393E+000 -0.106841670081518E-003  0.342029249625117E-003  0.193175463080030E+000  0.100378698180260E+001  0.987876841093006E+000 -0.584706596999609E+001 -0.160567315382297E-001 -0.180817832080723E-001  0.358954828091615E+001
      6.36000000 -0.446404304159414E-003 -0.513139136691772E-003  0.100751038363905E+000 -0.189870213606310E-003  0.214114050891248E-003  0.191080481678130E+000  0.100671933043531E+001  0.992422702690147E+000 -0.576216069780759E+001 -0.157978335328031E-001 -0.181595172472353E-001  0.356548563152216E+001
      6.37000000 -0.422019978631119E-003 -0.488053810004975E-003  0.100471441906129E+000 -0.248856747668699E-003  0.903123563485843E-004  0.188965232445325E+000  0.100879298362053E+001  0.996808947004475E+000 -0.567680587047492E+001 -0.149114492349657E-001 -0.172446566047102E-001  0.355000919721047E+001
      6.38000000 -0.394896832363230E-003 -0.437958107005503E-003  0.100449374906755E+000 -0.283182662893556E-003 -0.234793341651096E-004  0.186873737842443E+000  0.100999015572717E+001  0.100082830708025E+001 -0.559255663213457E+001 -0.139312230881800E-001 -0.154503444746770E-001  0.354366643692669E+001
      6.39000000 -0.377383394563274E-003 -0.366892653565136E-003  0.100687519003396E+000 -0.300162685611285E-003 -0.122168963505264E-003  0.184857514547084E+000  0.101057260774639E+001  0.100430314823208E+001 -0.551122236029640E+001 -0.132925469819571E-001 -0.129230323991688E-001  0.354650892469236E+001
      6.40000000 -0.375071202505291E-003 -0.280445044981046E-003  0.101172628194170E+000 -0.312420034470513E-003 -0.201879509257808E-003  0.182969147137895E+000  0.101098715313242E+001  0.100709967619802E+001 -0.543463867968642E+001 -0.131904624633690E-001 -0.986266024731164E-002  0.355802777073176E+001
      6.41000000 -0.384725080527848E-003 -0.185492809485060E-003  0.101876564823914E+000 -0.333164121115928E-003 -0.261292237052034E-003  0.181256321860206E+000  0.101169840012136E+001  0.100917476085781E+001 -0.536445776497383E+001 -0.135088613793791E-001 -0.651321366095307E-002  0.357719436987411E+001
      6.42000000 -0.395294026235073E-003 -0.884598551567917E-004  0.102759184599862E+000 -0.370810979590030E-003 -0.302709297543515E-003  0.179757288357621E+000  0.101300001437133E+001  0.101061248300347E+001 -0.530199066538994E+001 -0.138583491449971E-001 -0.310125495635411E-002  0.360256559301818E+001
      6.43000000 -0.392046534738411E-003  0.728430714552117E-005  0.103772112454477E+000 -0.424928625615135E-003 -0.331479707718921E-003  0.178497731858984E+000  0.101487412035216E+001  0.101160305230031E+001 -0.524810047196727E+001 -0.137231219311368E-001  0.254978494347712E-003  0.363241918007162E+001
      6.44000000 -0.362602431942305E-003  0.103285814005353E-003  0.104863165287450E+000 -0.485266783862313E-003 -0.353357746685368E-003  0.177488748652932E+000  0.101695980964025E+001  0.101234966067736E+001 -0.520313503941471E+001 -0.126727573890140E-001  0.360978291183918E-002  0.366491047953970E+001
      6.45000000 -0.302692095622907E-003  0.205585886908813E-003  0.105981636217369E+000 -0.534604264582054E-003 -0.370770408001673E-003  0.176726106475620E+000  0.101865516006412E+001  0.101293813343168E+001 -0.516690517122772E+001 -0.105625223517510E-001  0.717397499663862E-002  0.369825779268346E+001
      6.46000000 -0.219347352909813E-003  0.321599081886620E-003  0.107084310310324E+000 -0.554675356217820E-003 -0.379939908720915E-003  0.176191670490280E+000  0.101932558407665E+001  0.101323758225014E+001 -0.513873845934518E+001 -0.764233648228742E-002  0.112049147781728E-001  0.373095148178816E+001
      6.47000000 -0.130061639348440E-003  0.455417833530671E-003  0.108141042360780E+000 -0.533137708272600E-003 -0.370675872159751E-003  0.175857979251444E+000  0.101854647573409E+001  0.101289485054527E+001 -0.511764220430290E+001 -0.452450652182904E-002  0.158428032146090E-001  0.376194590418723E+001
      6.48000000 -0.579506056193967E-004  0.603716843716669E-003  0.109137728289744E+000 -0.469005779748484E-003 -0.329431212551733E-003  0.175696003084199E+000  0.101629031433164E+001  0.101144237072302E+001 -0.510257536397238E+001 -0.201283997343258E-002  0.209693303923078E-001  0.379075903975872E+001
      6.49000000 -0.244789620995215E-004  0.754344125786211E-003  0.110074450951398E+000 -0.374457065848850E-003 -0.244575550701902E-003  0.175684376082814E+000  0.101298624549624E+001  0.100848192872684E+001 -0.509276909354845E+001 -0.848935272717732E-003  0.261608042670998E-001  0.381740384489204E+001
      6.50000000 -0.422524120912765E-004  0.888499213817327E-003  0.110957953833852E+000 -0.272224849777349E-003 -0.111689255389007E-003  0.175816789483375E+000  0.100942628759021E+001  0.100386744649834E+001 -0.508798066088956E+001 -0.146306771067476E-002  0.307659242716802E-001  0.384212383298149E+001
      6.51000000 -0.110345460250199E-003  0.985765103528995E-003  0.111790043869838E+000 -0.189368156453844E-003  0.633747118048632E-004  0.176103861833163E+000  0.100654714920289E+001  0.997808904613920E+000 -0.508855406430367E+001 -0.381504581154671E-002  0.340815020469356E-001  0.386499034641961E+001
      6.52000000 -0.213719209542581E-003  0.103003770700827E-002  0.112555945795743E+000 -0.149427862615212E-003  0.264902507616181E-003  0.176567268181877E+000  0.100515834356271E+001  0.990855399247552E+000 -0.509521286907968E+001 -0.737772119253517E-002  0.355575478515477E-001  0.388550186209462E+001
      6.53000000 -0.326903659020414E-003  0.101414957998730E-002  0.113217692633139E+000 -0.165424739909728E-003  0.470958620082516E-003  0.177226898573073E+000  0.100570182067900E+001  0.983767110044103E+000 -0.510861468308523E+001 -0.112676377430542E-001  0.349554670596509E-001  0.390236056248917E+001
      6.54000000 -0.420813298196096E-003  0.941703434511069E-003  0.113716487879995E+000 -0.235781083557600E-003  0.658807701725180E-003  0.178085115164533E+000  0.100811442006520E+001  0.977327093618682E+000 -0.512880986888649E+001 -0.144823147771788E-001  0.324087799121416E-001  0.391355971850939E+001
      6.55000000 -0.470729628973926E-003  0.825818113660856E-003  0.113984769822068E+000 -0.344308805601418E-003  0.810256936658997E-003  0.179114208242893E+000  0.101183131739834E+001  0.972157531739359E+000 -0.515481513628981E+001 -0.161754551686926E-001  0.283771894795163E-001  0.391680366113676E+001
      6.56000000 -0.463255985538667E-003  0.685519601918436E-003  0.113964657911048E+000 -0.464272952212057E-003  0.915420512102476E-003  0.180252737507451E+000  0.101592926800657E+001  0.968591797978931E+000 -0.518449588974357E+001 -0.158943757419749E-001  0.235202705880013E-001  0.391014288145152E+001
      6.57000000 -0.400353948236160E-003  0.541002779396418E-003  0.113626344744705E+000 -0.565507778139857E-003  0.974165093615057E-003  0.181413450368653E+000  0.101937311643516E+001  0.966627136681035E+000 -0.521484625455818E+001 -0.137152908488147E-001  0.185336263127399E-001  0.389260146709490E+001
      6.58000000 -0.299260834055603E-003  0.408965099438206E-003  0.112979347299565E+000 -0.622792217638782E-003  0.995194409952859E-003  0.182500972552039E+000  0.102130313693112E+001  0.965958529686371E+000 -0.524260081970603E+001 -0.102364710820854E-001  0.139889986846845E-001  0.386455456209149E+001
      6.59000000 -0.188048737743551E-003  0.298954384598083E-003  0.112071871999107E+000 -0.623266309657275E-003  0.993150065692933E-003  0.183433353341608E+000  0.102128700258365E+001  0.966080008357939E+000 -0.526497246202300E+001 -0.642260604202946E-002  0.102104712844673E-001  0.382769643061697E+001
      6.60000000 -0.977173256391246E-004  0.211441065202157E-003  0.110978064701548E+000 -0.570691934874320E-003  0.984323212192269E-003  0.184159679691782E+000  0.101946184794154E+001  0.966432417368525E+000 -0.528024940270564E+001 -0.333237534408293E-002  0.721060454528227E-002  0.378459566025422E+001
      6.61000000 -0.528306442089869E-004  0.138150231879721E-003  0.109777741660642E+000 -0.484961079504907E-003  0.981795211455786E-003  0.184667309643433E+000  0.101651321752357E+001  0.966569280349432E+000 -0.528803337526992E+001 -0.179891532867703E-002  0.470409879549493E-002  0.373799837533086E+001
      6.62000000 -0.634774739420172E-004  0.648873627373325E-004  0.108536220246461E+000 -0.396477653518464E-003  0.991134030030882E-003  0.184976368291715E+000  0.101347991024449E+001  0.966302267866778E+000 -0.528904257225049E+001 -0.215818128384212E-002  0.220611632947938E-002  0.369014115730005E+001
      6.63000000 -0.121345710169556E-003 -0.235127731447778E-004  0.107291706899528E+000 -0.336680938262718E-003  0.100798833519095E-002  0.185124278323208E+000  0.101142960642610E+001  0.965780925962778E+000 -0.528457806987341E+001 -0.411943044916764E-002 -0.798208964302303E-003  0.364232673513969E+001
      6.64000000 -0.201693269491845E-003 -0.137320166586448E-003  0.106054379065998E+000 -0.327525700847257E-003  0.101871738243733E-002  0.185147015999787E+000  0.101110206027249E+001  0.965468780766840E+000 -0.527588407744420E+001 -0.683674847091777E-002 -0.465470881255179E-002  0.359489989795079E+001
      6.65000000 -0.271104052084669E-003 -0.277021605215214E-003  0.104816286214776E+000 -0.373507380309841E-003  0.100437619127093E-002  0.185064755338651E+000  0.101264165162133E+001  0.966006096328608E+000 -0.526366248087893E+001 -0.917573028073127E-002 -0.937601452963960E-002  0.354758980523960E+001
      6.66000000 -0.298747187459059E-003 -0.431360521959061E-003  0.103566749973209E+000 -0.459304630917705E-003  0.947114648487851E-003  0.184877190949716E+000  0.101552218554650E+001  0.967992290262215E+000 -0.524791884963800E+001 -0.100961517979223E-001 -0.145778152637052E-001  0.350003505586231E+001
      6.67000000 -0.267306443547828E-003 -0.579416037472434E-003  0.102306053328832E+000 -0.554288409412080E-003  0.836890002379820E-003  0.184569266191896E+000  0.101870407515443E+001  0.971759731513949E+000 -0.522816094912188E+001 -0.902006919950755E-002 -0.195519894093787E-001  0.345224629944043E+001
      6.68000000 -0.179582954497543E-003 -0.696317021329176E-003  0.101051639875958E+000 -0.622623686949934E-003  0.675978495719408E-003  0.184123439163643E+000  0.102097854925866E+001  0.977223725233272E+000 -0.520381575440938E+001 -0.605082963579160E-002 -0.234615566959187E-001  0.340481232763742E+001
      6.69000000 -0.582176529713951E-004 -0.760651755523893E-003  0.998349733910505E-001 -0.635491918345212E-003  0.479453160221952E-003  0.183532116782504E+000  0.102138012252189E+001  0.983869555201042E+000 -0.517464837905244E+001 -0.195864104252696E-002 -0.255909276894296E-001  0.335879009858704E+001
      6.70000000  0.614818177067977E-004 -0.760848748186790E-003  0.986916454908672E-001 -0.581063829258792E-003  0.271363021935758E-003  0.182804523138329E+000  0.101951979779957E+001  0.990884045690429E+000 -0.514099028166925E+001  0.206537146102837E-002 -0.255593498903727E-001  0.331536892762084E+001
      6.71000000  0.143040383229789E-003 -0.698211790997653E-003  0.976501175832645E-001 -0.468684370715007E-003  0.780936582695626E-004  0.181965517766669E+000  0.101572114692915E+001  0.997380493243209E+000 -0.510369540696261E+001  0.479802404788233E-002 -0.234202180396848E-001  0.327549187064445E+001
      6.72000000  0.160535339425974E-003 -0.585727133329674E-003  0.967244211448900E-001 -0.325945794892629E-003 -0.785362926603042E-004  0.181047957399239E+000  0.101091697673835E+001  0.100263043393571E+001 -0.506388046854371E+001  0.537684668327714E-002 -0.196178922685202E-001  0.323961306516325E+001
      6.73000000  0.106550977253784E-003 -0.443514306656590E-003  0.959135089560101E-001 -0.189952835174641E-003 -0.185995754261015E-003  0.180083013392491E+000  0.100635268017473E+001  0.100622034169478E+001 -0.502259917801420E+001  0.356343341849034E-002 -0.148326532768853E-001  0.320767966571027E+001
      6.74000000 -0.599998784699971E-005 -0.292999318724951E-003  0.952063344303483E-001 -0.960200566503132E-004 -0.242309295414199E-003  0.179093121582957E+000  0.100320647853386E+001  0.100809163815775E+001 -0.498060728092863E+001 -0.200362641993641E-003 -0.978437275192551E-002  0.317930522318201E+001
      6.75000000 -0.148244665616956E-003 -0.152010023851849E-003  0.945891132527519E-001 -0.675774304515723E-004 -0.254181390076079E-003  0.178090092536953E+000  0.100225332677349E+001  0.100847551805025E+001 -0.493830175141903E+001 -0.494312482480762E-002 -0.506867831901084E-002  0.315401429070200E+001
      6.76000000 -0.283964988427865E-003 -0.321048544145878E-004  0.940508746365730E-001 -0.110183495431971E-003 -0.233433475793297E-003  0.177077769545788E+000  0.100366856421365E+001  0.100777217760432E+001 -0.489581194389460E+001 -0.945462648821081E-002 -0.106893250688692E-002  0.313142791124133E+001
      6.77000000 -0.379533720045284E-003  0.618362135004632E-004  0.935852640260320E-001 -0.210851963857611E-003 -0.193412383060271E-003  0.176056337941854E+000  0.100700995543781E+001  0.100643016152929E+001 -0.485314483648436E+001 -0.126179259419132E-001  0.205579826315322E-002  0.311132283738575E+001
      6.78000000 -0.412400054500286E-003  0.130642842412426E-003  0.931893011403298E-001 -0.342201262008058E-003 -0.146361521738712E-003  0.175025177664918E+000  0.101135999626237E+001  0.100485873818860E+001 -0.481028062966852E+001 -0.136903734668657E-001  0.433692790260716E-002  0.309358915403937E+001
      6.79000000 -0.376252783371741E-003  0.179491822957547E-003  0.928616918835966E-001 -0.469827642896751E-003 -0.101787928382343E-003  0.173982931529648E+000  0.101557381698060E+001  0.100337405980986E+001 -0.476717520639041E+001 -0.124720034575755E-001  0.594978359089312E-002  0.307817348716924E+001
      6.80000000 -0.282065931610968E-003  0.216545402182772E-003  0.926032160429061E-001 -0.560915012952239E-003 -0.652932475373045E-004  0.172925966637544E+000  0.101856583245513E+001  0.100216115359054E+001 -0.472370938484347E+001 -0.933615379632524E-002  0.716747735934959E-002  0.306509142055242E+001
      6.81000000 -0.155104724020417E-003  0.251282279301897E-003  0.924197957358341E-001 -0.592189193277483E-003 -0.375082408384540E-004  0.171847977821084E+000  0.101957219983761E+001  0.100123966933808E+001 -0.467967636320410E+001 -0.512630201419788E-002  0.830502657254970E-002  0.305452840346758E+001
      6.82000000 -0.285977377122003E-004  0.292021246225350E-003  0.923263644040547E-001 -0.555585853159706E-003 -0.134635198075560E-004  0.170743077842691E+000  0.101833551360269E+001  0.100044432475947E+001 -0.463488434513872E+001 -0.943786105866772E-003  0.963732158043421E-002  0.304696619035587E+001
      6.83000000  0.646627450293665E-004  0.342693795598361E-003  0.923482281617303E-001 -0.460317135109653E-003  0.166785955091846E-004  0.169612531886901E+000  0.101516920125984E+001  0.999450376810435E+000 -0.458937835709795E+001  0.213088351171295E-002  0.112930646274796E-001  0.304322553328609E+001
      6.84000000  0.100940692401568E-003  0.399892603329044E-003  0.925172351983265E-001 -0.330539529464614E-003  0.647194018303869E-004  0.168472624087134E+000  0.101087661054817E+001  0.997870367487483E+000 -0.454369737015346E+001  0.332151679859051E-002  0.131587169454455E-001  0.304433765569868E+001
      6.85000000  0.720921923234426E-004  0.451892439531198E-003  0.928625149877659E-001 -0.198755343343006E-003  0.139507641572593E-003  0.167359617024645E+000  0.100653062154980E+001  0.995416115133854E+000 -0.449903365174515E+001  0.236877568593095E-002  0.148480964292918E-001  0.305123842885118E+001
      6.86000000 -0.122012730922380E-004  0.481069222202767E-003  0.933985022041067E-001 -0.963982236539941E-004  0.241549435196910E-003  0.166328370291149E+000  0.100316279607345E+001  0.992074837313113E+000 -0.445718267951043E+001 -0.400320017988425E-003  0.157837332407880E-001  0.306437613516130E+001
      6.87000000 -0.127748632214769E-003  0.469812853410088E-003  0.941147919042391E-001 -0.443406974638745E-004  0.359621046992104E-003  0.165443703815916E+000  0.100145268702845E+001  0.988218118793753E+000 -0.442025579699556E+001 -0.418529232814323E-002  0.153919779566375E-001  0.308338265304785E+001
      6.88000000 -0.244152939048225E-003  0.408194539015445E-003  0.949720732330841E-001 -0.466362314074678E-004  0.471633453081744E-003  0.164766746428293E+000  0.100152567238633E+001  0.984570834432353E+000 -0.439023132068623E+001 -0.798729626956665E-002  0.133538049201675E-001  0.310694636404844E+001
      6.89000000 -0.335494103534137E-003  0.300283632786668E-003  0.959061111090146E-001 -0.901080344558371E-004  0.550457014876875E-003  0.164340706558847E+000  0.100294354425771E+001  0.982018311740561E+000 -0.436849067921886E+001 -0.109595303894533E-001  0.980931576535457E-002  0.313294906873550E+001
      6.90000000 -0.389439037890074E-003  0.165975135662175E-003  0.968386597496899E-001 -0.150393612941781E-003  0.573162235984095E-003  0.164180719553788E+000  0.100490576315818E+001  0.981303739394560E+000 -0.435549156321514E+001 -0.127033033322992E-001  0.541402450396168E-002  0.315882782516750E+001
      6.91000000 -0.411011121551663E-003  0.367259646559720E-004  0.976917814498871E-001 -0.202423120339570E-003  0.530255373997626E-003  0.164270721714868E+000  0.100659338359689E+001  0.982728370755209E+000 -0.435067278968510E+001 -0.133875714514828E-001  0.119624859322609E-002  0.318204456231146E+001
      6.92000000 -0.419159335549768E-003 -0.538727615212591E-004  0.984012857895803E-001 -0.231204616591889E-003  0.430999088499204E-003  0.164567667014782E+000  0.100751997995033E+001  0.985981661820161E+000 -0.435259881340713E+001 -0.136332476651728E-001 -0.175222317132171E-002  0.320052301347708E+001
      6.93000000 -0.437251764156066E-003 -0.813880747601540E-004  0.989259246476393E-001 -0.238299960375715E-003  0.302195127482438E-003  0.165011116550114E+000  0.100773957318075E+001  0.990185221599158E+000 -0.435927748440951E+001 -0.142011858573677E-001 -0.264334479810069E-002  0.321294402263784E+001
      6.94000000 -0.481395767397332E-003 -0.393388708886083E-004  0.992508030329612E-001 -0.240939102604657E-003  0.180387180382204E-003  0.165535134157463E+000  0.100781401235373E+001  0.994149776268265E+000 -0.436854985056046E+001 -0.156123785338708E-001 -0.127581791324953E-002  0.321885070805428E+001
      6.95000000 -0.551723775767865E-003  0.580637835667911E-004  0.993852068703081E-001 -0.263816369091812E-003  0.100178307937287E-003  0.166079561361315E+000  0.100854364529944E+001  0.996755743653586E+000 -0.437845649472715E+001 -0.178674744848240E-001  0.188038510743551E-002  0.321857191209995E+001
      6.96000000 -0.630761442171769E-003  0.180421504159400E-003  0.993561108374835E-001 -0.326922351700858E-003  0.830062901718388E-004  0.166598554906443E+000  0.101057210944076E+001  0.997315718612073E+000 -0.438751219052320E+001 -0.203977457122647E-001  0.583452271622140E-002  0.321300661125491E+001
      6.97000000 -0.690020486648501E-003  0.291220069841157E-003  0.991990464260079E-001 -0.434760028250360E-003  0.130544216607542E-003  0.167065101626693E+000  0.101403922407495E+001  0.995784480197001E+000 -0.439484829431089E+001 -0.222820673449401E-001  0.940404717534761E-002  0.320332493858855E+001
      6.98000000 -0.702286432608970E-003  0.359672377134414E-003  0.989482051116305E-001 -0.571962743678754E-003  0.225006440232376E-003  0.167470825462733E+000  0.101844329843240E+001  0.992744525806476E+000 -0.440020210558519E+001 -0.226456677550849E-001  0.115978620333146E-001  0.319064711188521E+001
      6.99000000 -0.654356979951439E-003  0.370044999828744E-003  0.986279385696212E-001 -0.707697944596807E-003  0.335921913834818E-003  0.167821005906561E+000  0.102278751848833E+001  0.989183483037376E+000 -0.440375212903080E+001 -0.210699662086849E-001  0.119152631987865E-001  0.317577010189207E+001
      7.00000000 -0.554520900465794E-003  0.325407804454165E-003  0.982480469745936E-001 -0.807400957642141E-003  0.430580471170854E-003  0.168125723088120E+000  0.102596076558363E+001  0.986155331411052E+000 -0.440583020661129E+001 -0.178297870122119E-001  0.104629993939915E-001  0.315901844358137E+001
      7.01000000 -0.431156063807397E-003  0.245032216129620E-003  0.978048686439271E-001 -0.847037495434323E-003  0.484294067301439E-003  0.168389474433372E+000  0.102719636699429E+001  0.984450464993011E+000 -0.440658703935843E+001 -0.138433996208250E-001  0.786740387669461E-002  0.314028259174620E+001
      7.02000000 -0.322613478313196E-003  0.156968400563941E-003  0.972887165589327E-001 -0.823775602396799E-003  0.487117199032989E-003  0.168602910443971E+000  0.102641180540014E+001  0.984382100379660E+000 -0.440572851100001E+001 -0.103435988925593E-001  0.503270409757571E-002  0.311926044168728E+001
      7.03000000 -0.262386267244052E-003  0.887525403181594E-004  0.966957695047810E-001 -0.758312718542779E-003  0.445314046317173E-003  0.168740570633416E+000  0.102427835685430E+001  0.985742698145037E+000 -0.440244636475207E+001 -0.840063376763747E-002  0.284152671171185E-002  0.309583940890477E+001
      7.04000000 -0.265720612748709E-003  0.593501362595373E-004  0.960400390166078E-001 -0.687605796876969E-003  0.377820584038899E-003  0.168766954014210E+000  0.102198331311427E+001  0.987920770537907E+000 -0.439561593326620E+001 -0.849530277013518E-002  0.189747182861709E-002  0.307047767601403E+001
      7.05000000 -0.323313301665235E-003  0.745394919467230E-004  0.953598657571793E-001 -0.650868146494412E-003  0.309446350387180E-003  0.168650070949219E+000  0.102077926473564E+001  0.990120783032928E+000 -0.438423103175966E+001 -0.103219257602968E-001  0.237970754101840E-002  0.304440754459473E+001
      7.06000000 -0.404750129061600E-003  0.126555833995969E-003  0.947146005917241E-001 -0.674599611605647E-003  0.263190037805292E-003  0.168377972364586E+000  0.102150639713917E+001  0.991609438578476E+000 -0.436793007416887E+001 -0.129035310248840E-001  0.403463028939149E-002  0.301952414463295E+001
      7.07000000 -0.470184753634205E-003  0.197535022921718E-003  0.941706946643930E-001 -0.762805469669031E-003  0.253856955267605E-003  0.167971407825827E+000  0.102428402437849E+001  0.991918426472422E+000 -0.434739448617517E+001 -0.149684008225630E-001  0.628855652322315E-002  0.299793792244583E+001
      7.08000000 -0.485289297925939E-003  0.265443857535233E-003  0.937810733975451E-001 -0.896259490208925E-003  0.284494497819103E-003  0.167486187412781E+000  0.102849225254521E+001  0.990955868062613E+000 -0.432441642373771E+001 -0.154274352294668E-001  0.843850861060939E-002  0.298131741576403E+001
      7.09000000 -0.433270848714695E-003  0.310787069657583E-003  0.935653140232352E-001 -0.104072326648791E-002  0.346340773422814E-003  0.167002298828656E+000  0.103303811831404E+001  0.989005292936389E+000 -0.430154545889750E+001 -0.137543322252874E-001  0.986604249991620E-002  0.297026309906751E+001
      7.10000000 -0.319265311506473E-003  0.322315455642236E-003  0.934988948275266E-001 -0.116024037712446E-002  0.422176933371026E-003  0.166602143938318E+000  0.103678035374880E+001  0.986616724206362E+000 -0.428139333036079E+001 -0.101209122940826E-001  0.102176037922498E-001  0.296397409940312E+001
      7.11000000 -0.165944696153626E-003  0.300152937739043E-003  0.935169454521526E-001 -0.122969075314655E-002  0.492195668475062E-003  0.166345142926603E+000  0.103892714762411E+001  0.984419031046914E+000 -0.426582957437680E+001 -0.525315301272306E-002  0.950165534487366E-002  0.296037677087217E+001
      7.12000000 -0.303736480298659E-005  0.255274793459040E-003  0.935324656124746E-001 -0.124154208846792E-002  0.540764041809957E-003  0.166248139830037E+000  0.103924711416648E+001  0.982905591132852E+000 -0.425536732461978E+001 -0.960159178616076E-004  0.806964101803026E-002  0.295670955520737E+001
      7.13000000  0.144131890946538E-003  0.205199421361741E-003  0.934631532159030E-001 -0.120471977708087E-002  0.561945363195738E-003  0.166279367527689E+000  0.103802969002731E+001  0.982260930399596E+000 -0.424898231548779E+001  0.454984739192138E-002  0.647758137338807E-002  0.295037469575597E+001
      7.14000000  0.262080922420271E-003  0.167023477191530E-003  0.932573240154609E-001 -0.113723322454170E-002  0.561680139398938E-003  0.166368744030395E+000  0.103584904600469E+001  0.982294135694682E+000 -0.424444821851930E+001  0.826158684256085E-002  0.526508739675276E-002  0.293975415663057E+001
      7.15000000  0.350018119583791E-003  0.150150710009792E-003  0.929095412826022E-001 -0.105683684124406E-002  0.555385266986877E-003  0.166431025422097E+000  0.103326811377248E+001  0.982517055113324E+000 -0.423907387870296E+001  0.110182027824044E-001  0.472658664864875E-002  0.292469477719945E+001
      7.16000000  0.414962524872357E-003  0.151635044955871E-003  0.924604768785469E-001 -0.974354319811469E-003  0.561358026086400E-003  0.166393455308716E+000  0.103062881312784E+001  0.982353719043254E+000 -0.423057572047525E+001  0.130443406171082E-001  0.476664531695560E-002  0.290649367529036E+001
      7.17000000  0.464666908672624E-003  0.156467925533012E-003  0.919815392952563E-001 -0.892333835613649E-003  0.592236667603923E-003  0.166218034839549E+000  0.102801137842574E+001  0.981409014483412E+000 -0.421777398687590E+001  0.145864250589563E-001  0.491170691805299E-002  0.288740559031925E+001
      7.18000000  0.502473115370739E-003  0.143343014908401E-003  0.915504203432716E-001 -0.808587026285273E-003  0.648011135234352E-003  0.165910917702757E+000  0.102534711878563E+001  0.979686521443888E+000 -0.420087956167765E+001  0.157512368215943E-001  0.449343398776202E-002  0.286986966631916E+001
      7.19000000  0.526590321969858E-003  0.940324178808760E-004  0.912266888582116E-001 -0.721602546805029E-003  0.713919079437901E-003  0.165516587545837E+000  0.102258891870509E+001  0.977651603200632E+000 -0.418130202972594E+001  0.164842904539756E-001  0.294357420516113E-002  0.285574415926941E+001
      7.20000000  0.533439081530049E-003  0.258679191184826E-005  0.910358643977001E-001 -0.634154853917676E-003  0.764791483042984E-003  0.165100196048973E+000  0.101982390008011E+001  0.976092353707776E+000 -0.416108923469001E+001  0.166754901988791E-001  0.808640099050101E-004  0.284581260929758E+001
      7.21000000  0.522291350581526E-003 -0.119825133708386E-003  0.909665655157062E-001 -0.552909409394634E-003  0.774631817355196E-003  0.164725438594706E+000  0.101726016692841E+001  0.975818327110312E+000 -0.414223219788176E+001  0.163043633244986E-001 -0.374057987598856E-002  0.283970227134437E+001
      7.22000000  0.497807199419833E-003 -0.247068158791775E-003  0.909800980262510E-001 -0.484514707929996E-003  0.727661641680191E-003  0.164436199898623E+000  0.101510414140942E+001  0.977316056346142E+000 -0.412609333720278E+001  0.155185182443452E-001 -0.770204154193716E-002  0.283619102483484E+001
      7.23000000  0.468530313800560E-003 -0.346839516459601E-003  0.910273841409919E-001 -0.430968722531423E-003  0.626042318098145E-003  0.164247867034809E+000  0.101341632995847E+001  0.980510905157485E+000 -0.411314038329967E+001  0.145856461428872E-001 -0.107973343590384E-001  0.283374026244614E+001
      7.24000000  0.442061782188053E-003 -0.392705529226577E-003  0.910660851968714E-001 -0.387600225397060E-003  0.490649865906754E-003  0.164149900621068E+000  0.101204957502874E+001  0.984746855175258E+000 -0.410303249041547E+001  0.137426561255382E-001 -0.122082868599180E-001  0.283102938092754E+001
      7.25000000  0.419900758564879E-003 -0.374314177560316E-003  0.910716762392253E-001 -0.345476960543480E-003  0.354238757753687E-003  0.164116849740449E+000  0.101072524839136E+001  0.989002743740770E+000 -0.409496776834422E+001  0.130357171379708E-001 -0.116204927947386E-001  0.282729808536882E+001
      7.26000000  0.395451650950789E-003 -0.301379444602045E-003  0.910394128868420E-001 -0.297315631494769E-003  0.249735110132130E-003  0.164122210588723E+000  0.100921737799518E+001  0.992257713134074E+000 -0.408811610340069E+001  0.122597904701715E-001 -0.934336431256298E-002  0.282240350706995E+001
      7.27000000  0.357081514165229E-003 -0.199771798842265E-003  0.909780909667191E-001 -0.243615241919244E-003  0.198601752473665E-003  0.164149262963358E+000  0.100754217007253E+001  0.993851418400347E+000 -0.408195484320824E+001  0.110550123562675E-001 -0.618480547725333E-002  0.281662275947816E+001
      7.28000000  0.295223625332528E-003 -0.101573875665384E-003  0.908995937175732E-001 -0.195175173650871E-003  0.204117264326070E-003  0.164195083734220E+000  0.100603419680593E+001  0.993689342136136E+000 -0.407639076878779E+001  0.912737733848346E-002 -0.314034179983364E-002  0.281032688640897E+001
      7.29000000  0.209975645822574E-003 -0.335523901846105E-004  0.908093271404861E-001 -0.169814574077866E-003  0.252055004577922E-003  0.164267240772455E+000  0.100524292575064E+001  0.992217949011416E+000 -0.407165507618441E+001  0.648287537431949E-002 -0.103591044201939E-002  0.280368491484496E+001
      7.30000000  0.114904500303244E-003 -0.890740756971492E-005  0.907015547708785E-001 -0.184159879768397E-003  0.317828875015612E-003  0.164375746235462E+000  0.100567803987534E+001  0.990200661359339E+000 -0.406805305714735E+001  0.354274956846532E-002 -0.274634276642524E-003  0.279652139973311E+001
      7.31000000  0.343521263445864E-004 -0.252689904312208E-004  0.905610610683265E-001 -0.244188512109386E-003  0.376407078571414E-003  0.164524478767130E+000  0.100751855060509E+001  0.988410447142220E+000 -0.406569948234556E+001  0.105770004527744E-002 -0.778030799465470E-003  0.278836999583395E+001
      7.32000000 -0.531186166571700E-005 -0.687829533486608E-004  0.903697329146379E-001 -0.339265737136246E-003  0.410513100013628E-003  0.164705978838337E+000  0.101043170258119E+001  0.987377591969144E+000 -0.406435987048899E+001 -0.163328491455979E-003 -0.211493007824920E-002  0.277867781186565E+001
      7.33000000  0.130707016878944E-004 -0.121417828051602E-003  0.901147536138868E-001 -0.443064141553587E-003  0.414077596677972E-003  0.164901646453459E+000  0.101360469793619E+001  0.987285360974610E+000 -0.406345894143791E+001  0.401348092974410E-003 -0.372824771808068E-002  0.276705760527679E+001
      7.34000000  0.887490413249360E-004 -0.167672804338767E-003  0.897948166306204E-001 -0.521638955543376E-003  0.390637559720336E-003  0.165086908133848E+000  0.101599558884045E+001  0.988021450996861E+000 -0.406224137861621E+001  0.272140943449832E-002 -0.514153555716326E-002  0.275347719253567E+001
      7.35000000  0.201007048413505E-003 -0.197978252386842E-003  0.894219814721824E-001 -0.545586163608558E-003  0.348841378709140E-003  0.165238978739020E+000  0.101670714663136E+001  0.989317646865102E+000 -0.406001073918449E+001  0.615531414794404E-002 -0.606256520614670E-002  0.273831386529594E+001
      7.36000000  0.314965046112750E-003 -0.208414246681605E-003  0.890187711600995E-001 -0.501271302335111E-003  0.298123708113172E-003  0.165344152584846E+000  0.101532926398404E+001  0.990883146511126E+000 -0.405635202211388E+001  0.963187462580614E-002 -0.637346879929795E-002  0.272226284706675E+001
      7.37000000  0.393033543636598E-003 -0.198474667970408E-003  0.886118897775005E-001 -0.396487360495851E-003  0.246656524129365E-003  0.165402183803513E+000  0.101210843834620E+001  0.992467287453064E+000 -0.405126353184893E+001  0.120029612675690E-001 -0.606127337173317E-002  0.270614327470445E+001
      7.38000000  0.407462202073875E-003 -0.169280080840983E-003  0.882248198420486E-001 -0.258330120320201E-003  0.201657257506185E-003  0.165426722443080E+000  0.100787852577028E+001  0.993849877443418E+000 -0.404516737825502E+001  0.124267408518742E-001 -0.516268671127883E-002  0.269067159432288E+001
      7.39000000  0.349165114935057E-003 -0.123643909882142E-003  0.878714018187901E-001 -0.124355452040656E-003  0.170409319221587E-003  0.165442176612546E+000  0.100378744790201E+001  0.994809906538256E+000 -0.403881104070894E+001  0.106343924638124E-001 -0.376577672626749E-002  0.267626670969170E+001
      7.40000000  0.229800769841865E-003 -0.675267300523398E-004  0.875516939206664E-001 -0.306845690130210E-004  0.160014982731633E-003  0.165478181369946E+000  0.100093328563967E+001  0.995133068825159E+000 -0.403309693827874E+001  0.698949880600545E-002 -0.205385734520850E-002  0.266292606653735E+001
      7.41000000  0.769722368401775E-004 -0.109942457197909E-004  0.872505702791842E-001 -0.157142119178834E-005  0.175106907857346E-003  0.165562956557904E+000  0.100004773101538E+001  0.994681228333257E+000 -0.402887963231992E+001  0.233798744687368E-002 -0.333943893745580E-003  0.265018591662942E+001
      7.42000000 -0.749693226994699E-004  0.331751757425266E-004  0.869390663530003E-001 -0.438655911714664E-004  0.214629878687546E-003  0.165716560069248E+000  0.100133059643919E+001  0.993489526877486E+000 -0.402676149697157E+001 -0.227408114579651E-002  0.100631883746629E-002  0.263716523649357E+001
      7.43000000 -0.194761780482883E-003  0.535667560085830E-004  0.865784203861952E-001 -0.147497344282384E-003  0.270044524764930E-003  0.165944865605483E+000  0.100446808742919E+001  0.991819632059850E+000 -0.402691198650759E+001 -0.589985309428347E-002  0.162267971880521E-002  0.262269096199068E+001
      7.44000000 -0.261361864267245E-003  0.451700402025559E-004  0.861267209006366E-001 -0.290723484304990E-003  0.326958086422722E-003  0.166235258736197E+000  0.100879495162308E+001  0.990108881091131E+000 -0.402894034215873E+001 -0.790670543125376E-002  0.136648169081895E-002  0.260550105054666E+001
      7.45000000 -0.266662813746221E-003  0.124551972137297E-004  0.855476418684992E-001 -0.447407295009066E-003  0.370313158149997E-003  0.166555365791041E+000  0.101351677435208E+001  0.988812342905098E+000 -0.403186095005393E+001 -0.805624119612293E-002  0.376288210153586E-003  0.258450897959874E+001
      7.46000000 -0.214069615208298E-003 -0.318797181814023E-004  0.848198440747599E-001 -0.593499207931015E-003  0.390935239267795E-003  0.166856109322332E+000  0.101790637155156E+001  0.988205154188273E+000 -0.403418951406788E+001 -0.645866079785146E-002 -0.961837979035121E-003  0.255908621722178E+001
      7.47000000 -0.114627627934800E-003 -0.726464699334146E-004  0.839446406547592E-001 -0.710909870201369E-003  0.389919002035258E-003  0.167079584177454E+000  0.102142003704847E+001  0.988251563496888E+000 -0.403418370335732E+001 -0.345378245549729E-002 -0.218887111100784E-002  0.252929012272105E+001
      7.48000000  0.171946950487548E-004 -0.998725807388561E-004  0.829491622287601E-001 -0.788456684964377E-003  0.377992009518006E-003  0.167170678007903E+000  0.102372479766933E+001  0.988626155225202E+000 -0.403019454031356E+001  0.517391340319347E-003 -0.300518318371521E-002  0.249595460124274E+001
      7.49000000  0.166521633564490E-003 -0.114403361940977E-003  0.818830670739671E-001 -0.820790006281938E-003  0.369478704928533E-003  0.167089605372419E+000  0.102466473863616E+001  0.988897165390729E+000 -0.402104242716008E+001  0.500397487506020E-002 -0.343782087961178E-002  0.246058606056322E+001
      7.50000000  0.319386393754480E-003 -0.127948325090719E-003  0.808088118951333E-001 -0.806707391057507E-003  0.373530533874115E-003  0.166821502816948E+000  0.102420923399197E+001  0.988790374058862E+000 -0.400630196445105E+001  0.958476397510036E-002 -0.383972054221786E-002  0.242506695422517E+001
      7.51000000  0.462817738822666E-003 -0.156791710257808E-003  0.797879209812125E-001 -0.747999485732183E-003  0.387183035281564E-003  0.166379679387712E+000  0.102241752371060E+001  0.988396135238958E+000 -0.398639434756366E+001  0.138706347151910E-001 -0.469904318034234E-002  0.239124176491206E+001
      7.52000000  0.584639573682572E-003 -0.211796853299980E-003  0.788674543413711E-001 -0.649242071451162E-003  0.394359563319181E-003  0.165801104559478E+000  0.101943189207109E+001  0.988196771576291E+000 -0.396244669090203E+001  0.174983316637115E-001 -0.633910489676449E-002  0.236051224662261E+001
      7.53000000  0.673798082598294E-003 -0.289657573089558E-003  0.780710437427100E-001 -0.518200460174289E-003  0.372200026728282E-003  0.165135504347141E+000  0.101548920378432E+001  0.988874803274805E+000 -0.393596141925430E+001  0.201400743784405E-001 -0.865797219814921E-002  0.233357242828201E+001
      7.54000000  0.721492044167401E-003 -0.370238904207052E-003  0.773972247408811E-001 -0.366106947107295E-003  0.302356064220533E-003  0.164431791756254E+000  0.101092855895890E+001  0.990974451316691E+000 -0.390840871806458E+001  0.215370628865680E-001 -0.110519008870889E-001  0.231036351677835E+001
      7.55000000  0.722774368219892E-003 -0.422192726966847E-003  0.768250277839808E-001 -0.207143462740000E-003  0.182078057475163E-003  0.163726379417960E+000  0.100617519328673E+001  0.994572036291621E+000 -0.388087833266852E+001  0.215467645824315E-001 -0.125860679298493E-001  0.229024556000385E+001
      7.56000000  0.677930573218065E-003 -0.415062008682481E-003  0.763241698892573E-001 -0.568965845921537E-004  0.295460628739299E-004  0.163036841379705E+000  0.100169391134686E+001  0.999120361766598E+000 -0.385389338479886E+001  0.201831849589898E-001 -0.123571256727990E-001  0.227230471463149E+001
      7.57000000  0.592969277636701E-003 -0.332762697853726E-003  0.758659032040118E-001  0.699173206207308E-004 -0.119722533734145E-003  0.162361986535941E+000  0.997921188202316E+000  0.100355964177926E+001 -0.382741629841859E+001  0.176304171709014E-001 -0.989384341370587E-002  0.225567760924275E+001
      7.58000000  0.478916765068905E-003 -0.182343688008210E-003  0.754311126020495E-001  0.161807116639001E-003 -0.224506904663702E-003  0.161686900831611E+000  0.995195428190008E+000  0.100666632944027E+001 -0.380100221743457E+001  0.142205734616498E-001 -0.541436842415786E-002  0.223979145498715E+001
      7.59000000  0.350077373001853E-003  0.617911754224075E-005  0.750141404633632E-001  0.212267758322925E-003 -0.252903294551728E-003  0.160990111088361E+000  0.993705394264594E+000  0.100749961530176E+001 -0.377401412539919E+001  0.103812234950021E-001  0.183236064810021E-003  0.222447555167049E+001
      7.60000000  0.221762888245898E-003  0.189210830738238E-003  0.746229130732751E-001  0.220541380772498E-003 -0.194404299399179E-003  0.160250249867286E+000  0.993468652777857E+000  0.100575729587076E+001 -0.374582149006366E+001  0.656752224478633E-002  0.560349096125584E-002  0.220996238575350E+001
      7.61000000  0.108065829083732E-003  0.324413775127519E-003  0.742771008562785E-001  0.191357669086340E-003 -0.639349393308646E-004  0.159451050520408E+000  0.994340377154704E+000  0.100189094926259E+001 -0.371594795515921E+001  0.319617101315230E-002  0.959491000181456E-002  0.219683056809643E+001
      7.62000000  0.200745422542408E-004  0.384889864062760E-003  0.740057610645681E-001  0.133922805993560E-003  0.103735304822834E-003  0.158585103164451E+000  0.996044277255746E+000  0.996935935581506E+000 -0.368418127019828E+001  0.592948473461646E-003  0.113686207364784E-001  0.218593293410378E+001
      7.63000000 -0.353440506341175E-004  0.367054322821930E-003  0.738446008966647E-001  0.604987085676158E-004  0.266647457130890E-003  0.157657474971224E+000  0.998215371428521E+000  0.992134267296364E+000 -0.365067835334793E+001 -0.104260081061000E-002  0.108275969405340E-001  0.217831401247812E+001
      7.64000000 -0.562533296955584E-004  0.289462766375680E-003  0.738317228362113E-001 -0.152051702201592E-004  0.389974258845288E-003  0.156689606148978E+000  0.100044794449459E+001  0.988511353720339E+000 -0.361607765106138E+001 -0.165722375840657E-002  0.852757652227906E-002  0.217508342831338E+001
      7.65000000 -0.459094594626384E-004  0.183797902095373E-003  0.740005254060597E-001 -0.797716360168719E-004  0.456279807877331E-003  0.155722318213536E+000  0.100234700134960E+001  0.986575562714336E+000 -0.358158449868948E+001 -0.135072525396654E-002  0.540761034636722E-002  0.217720660715035E+001
      7.66000000 -0.125074159874827E-004  0.823552914559601E-004  0.743697148943296E-001 -0.121945026238646E-003  0.468169196713137E-003  0.154815441356039E+000  0.100358312201525E+001  0.986243741074589E+000 -0.354895647107347E+001 -0.367506563908057E-003  0.241985316654667E-002  0.218521222984746E+001
      7.67000000  0.317741041661676E-004  0.734530171860985E-005  0.749325688250408E-001 -0.134505887673216E-003  0.443299519495562E-003  0.154041590204021E+000  0.100394704616990E+001  0.986991471519866E+000 -0.352031713360377E+001  0.932404211596417E-003  0.215546289584167E-003  0.219888001854667E+001
      7.68000000  0.725632624982478E-004 -0.340994117279818E-004  0.756494295927045E-001 -0.115809440173877E-003  0.404887085021582E-003  0.153473395459043E+000  0.100339397795964E+001  0.988134146571799E+000 -0.349777946250913E+001  0.212658064168768E-002 -0.999336942373765E-003  0.221702562685140E+001
      7.69000000  0.958061236564629E-004 -0.482725378926569E-004  0.764476444654433E-001 -0.705047010856417E-004  0.372263087091219E-003  0.153166422017032E+000  0.100206356432604E+001  0.989104431128769E+000 -0.348294595332182E+001  0.280409810905834E-002 -0.141286305152703E-002  0.223750515213600E+001
      7.70000000  0.905475091328665E-004 -0.486264052614824E-004  0.772312727837211E-001 -0.903155312950949E-005  0.355250771406485E-003  0.153142695290610E+000  0.100026399639196E+001  0.989615858917325E+000 -0.347643040262166E+001  0.264674473695827E-002 -0.142137186804527E-002  0.225750511224948E+001
      7.71000000  0.513023213739516E-004 -0.485313900785144E-004  0.778994036099647E-001  0.541893063293256E-004  0.353784568629572E-003  0.153380758925133E+000  0.998418076458248E+000  0.989672129507942E+000 -0.347757407930071E+001  0.149764511534387E-002 -0.141675459015075E-002  0.227408152653108E+001
      7.72000000 -0.206348401365290E-004 -0.563913739125241E-004  0.783683065205388E-001  0.103538581154772E-003  0.361568921748686E-003  0.153816725869287E+000  0.996981360959898E+000  0.989458556890531E+000 -0.348448460999906E+001 -0.601603125401933E-003 -0.164407509663364E-002  0.228480656129490E+001
      7.73000000 -0.117304648612027E-003 -0.746124209602009E-004  0.785905361396964E-001  0.125299128311684E-003  0.370970971922838E-003  0.154357217260644E+000  0.996351663977796E+000  0.989198434352301E+000 -0.349442070034477E+001 -0.341556067364390E-002 -0.217249063709227E-002  0.228832145814736E+001
      7.74000000 -0.225573824844046E-003 -0.101683797946339E-003  0.785646094948643E-001  0.110348797230729E-003  0.376400496273240E-003  0.154900788399380E+000  0.996791124121142E+000  0.989054502599100E+000 -0.350442067321826E+001 -0.655954957017188E-002 -0.295690297211342E-002  0.228461103941937E+001
      7.75000000 -0.329610710546279E-003 -0.135175416173536E-003  0.783319385921211E-001  0.558914575181539E-004  0.374889530083004E-003  0.155361209903404E+000  0.998376807571831E+000  0.989112507104813E+000 -0.351198001885089E+001 -0.957251131674836E-002 -0.392574682698506E-002  0.227490595616017E+001
      7.76000000 -0.413801188525302E-003 -0.173440217156717E-003  0.779621605065431E-001 -0.340388544275051E-004  0.364489670667619E-003  0.155685196822080E+000  0.100098727806880E+001  0.989428179525824E+000 -0.351556267225641E+001 -0.120020736639181E-001 -0.503053717660742E-002  0.226124916830809E+001
      7.77000000 -0.465578326939647E-003 -0.215064368929485E-003  0.775320721190061E-001 -0.149313569841622E-003  0.342366878254360E-003  0.155859222209534E+000  0.100432518348019E+001  0.990082618963824E+000 -0.351479215085028E+001 -0.134864613480956E-001 -0.622979449663270E-002  0.224588051755743E+001
      7.78000000 -0.477716370332372E-003 -0.256792837569042E-003  0.771054169886333E-001 -0.275546466558297E-003  0.304450136336212E-003  0.155904091234060E+000  0.100797152706178E+001  0.991192293150844E+000 -0.351028713173990E+001 -0.138202787410936E-001 -0.742898676771602E-002  0.223065069863475E+001
      7.79000000 -0.449685069022750E-003 -0.291762361597564E-003  0.767200181572955E-001 -0.396785754616129E-003  0.247300396121233E-003  0.155860348101122E+000  0.101146422997639E+001  0.992854812499183E+000 -0.350323343024160E+001 -0.129926364246916E-001 -0.842981577058939E-002  0.221665198842315E+001
      7.80000000 -0.387696440245745E-003 -0.309777646301490E-003  0.763855966533493E-001 -0.498651174506064E-003  0.171276353830531E-003  0.155770599169763E+000  0.101438893063931E+001  0.995057700249353E+000 -0.349487028546065E+001 -0.111872536815519E-001 -0.893885203550522E-002  0.220416015900495E+001
      7.81000000 -0.303227671800053E-003 -0.300160853393717E-003  0.760914129603977E-001 -0.571267525441414E-003  0.830414064261401E-004  0.155665347673970E+000  0.101646321986782E+001  0.997606849906144E+000 -0.348608179254982E+001 -0.873864452034986E-002 -0.865026262663170E-002  0.219285992259477E+001
      7.82000000 -0.210176717126385E-003 -0.256110767180648E-003  0.758193277582635E-001 -0.611167169995946E-003 -0.441004722288939E-005  0.155556895178577E+000  0.101759055490188E+001  0.100012692955643E+001 -0.347722364573935E+001 -0.604928612532318E-002 -0.737135555086313E-002  0.218222462368938E+001
      7.83000000 -0.121345438769836E-003 -0.178454227126412E-003  0.755563474467272E-001 -0.621434506610971E-003 -0.747972109339621E-004  0.155442248540816E+000  0.101786322540090E+001  0.100215005672208E+001 -0.346821007357752E+001 -0.348809231070598E-002 -0.512969274958315E-002  0.217187821170473E+001
      7.84000000 -0.453914362541466E-004 -0.767694211821796E-004  0.753016553491732E-001 -0.609876515826234E-003 -0.113617179564607E-003  0.155312328447671E+000  0.101750862831674E+001  0.100326177663145E+001 -0.345878101751981E+001 -0.130311918152809E-002 -0.220393346306965E-002  0.216179613566117E+001
      7.85000000  0.145894262929847E-004  0.329293522107381E-004  0.750659612891616E-001 -0.585805662035041E-003 -0.113036475071190E-003  0.155162562999698E+000  0.101679616698762E+001  0.100324097159524E+001 -0.344880698031517E+001  0.418306711852590E-003  0.944147409917906E-003  0.215228445645063E+001
      7.86000000  0.602667708445650E-004  0.133083031777290E-003  0.748644317827464E-001 -0.556732533351070E-003 -0.744010625158041E-004  0.154999940680466E+000  0.101594227623792E+001  0.100213050651788E+001 -0.343849016028579E+001  0.172576497907984E-002  0.381089002003046E-002  0.214377529671521E+001
      7.87000000  0.954904352613877E-004  0.209947829560209E-003  0.747070429786837E-001 -0.526431350511223E-003 -0.726904510565742E-005  0.154843608122132E+000  0.101505543430039E+001  0.100020788775385E+001 -0.342837943951044E+001  0.273093533087848E-002  0.600430759183132E-002  0.213655014324185E+001
      7.88000000  0.123277096720958E-003  0.257139583157145E-003  0.745909402537274E-001 -0.495234657391636E-003  0.744865592337462E-004  0.154719128130860E+000  0.101414526499215E+001  0.997872458837464E+000 -0.341920417745525E+001  0.352113321342552E-002  0.734461429433625E-002  0.213052257178431E+001
      7.89000000  0.144021243504934E-003  0.276024257176450E-003  0.744981434226957E-001 -0.462247416126685E-003  0.157641660994876E-003  0.154649214912868E+000  0.101318632466678E+001  0.995503027057874E+000 -0.341160877521369E+001  0.410842940277149E-002  0.787402015469358E-002  0.212517511612239E+001
      7.90000000  0.155948669837353E-003  0.273153823378330E-003  0.743994016105986E-001 -0.428055481829614E-003  0.233446727003681E-003  0.154645032375635E+000  0.101219548980170E+001  0.993348999605742E+000 -0.340590529797463E+001  0.444304650523482E-002  0.778227311344419E-002  0.211967182318573E+001
      7.91000000  0.157522251837399E-003  0.256270805584537E-003  0.742623649392042E-001 -0.396124493158691E-003  0.298849076592070E-003  0.154701569688939E+000  0.101127149411258E+001  0.991496421792813E+000 -0.340194399001009E+001  0.448220487460297E-002  0.729203804929818E-002  0.211309278687583E+001
      7.92000000  0.150241452941042E-003  0.230878465776432E-003  0.740606355262801E-001 -0.371773602095319E-003  0.355015559169320E-003  0.154798610628242E+000  0.101056524672143E+001  0.989910991658815E+000 -0.339914373749253E+001  0.426963616879376E-002  0.656121881663047E-002  0.210469189386065E+001
      7.93000000  0.139840303509471E-003  0.198844777072962E-003  0.737802783855552E-001 -0.359073452008134E-003  0.404326336401531E-003  0.154906388004803E+000  0.101019145954917E+001  0.988524143238502E+000 -0.339665527604620E+001  0.396903972875382E-002  0.564374361504680E-002  0.209408052443874E+001
      7.94000000  0.134659824266709E-003  0.159342335850861E-003  0.734218392068970E-001 -0.357443477482338E-003  0.447568980600108E-003  0.154993261089738E+000  0.101013241921149E+001  0.987312800979220E+000 -0.339358051062559E+001  0.381719034300420E-002  0.451686335515301E-002  0.208128249915935E+001
      7.95000000  0.141619046633805E-003  0.111263187313295E-003  0.729980256630666E-001 -0.360215849553511E-003  0.482726103737397E-003  0.155032373131497E+000  0.101019816336733E+001  0.986333417383792E+000 -0.338916130531248E+001  0.400941317626039E-002  0.315000065210272E-002  0.206666583973903E+001
      7.96000000  0.161817960622926E-003  0.556439174188540E-004  0.725289390326203E-001 -0.356571975541585E-003  0.505795958974614E-003  0.155005251105487E+000  0.101008231855327E+001  0.985698270388210E+000 -0.338288038957935E+001  0.457551445023812E-002  0.157337014530236E-002  0.205080577784255E+001
      7.97000000  0.188380620924702E-003 -0.320082460041861E-005  0.720373416691588E-001 -0.336411146913377E-003  0.513049767393953E-003  0.154902071419443E+000  0.100950032213985E+001  0.985511365753670E+000 -0.337446735079000E+001  0.531990868944067E-002 -0.903919655936838E-004  0.203434980747381E+001
      7.98000000  0.208220457927745E-003 -0.583978513847985E-004  0.715457657768692E-001 -0.295890858452476E-003  0.503501609568098E-003  0.154719904113096E+000  0.100834554939582E+001  0.985798826041806E+000 -0.336384756543278E+001  0.587282123531500E-002 -0.164710108277845E-002  0.201793568572919E+001
      7.99000000  0.207380802624449E-003 -0.102752987456328E-003  0.710757955157553E-001 -0.240678174622637E-003  0.480362207783718E-003  0.154460900040675E+000  0.100677978942457E+001  0.986468425641835E+000 -0.335108990770254E+001  0.584181833145396E-002 -0.289450266436219E-002  0.200217127097598E+001
      8.00000000  0.177566673294084E-003 -0.131526498949436E-003  0.706484292776969E-001 -0.184888982484015E-003  0.450764320098353E-003  0.154131862822739E+000  0.100520172418902E+001  0.987318056295725E+000 -0.333639380979946E+001  0.499571606284088E-002 -0.370040746555348E-002  0.198764490210691E+001
      8.01000000  0.120622948952259E-003 -0.144585337392991E-003  0.702838139428932E-001 -0.145852622526552E-003  0.423787251915107E-003  0.153745326644258E+000  0.100409834016078E+001  0.988091922626653E+000 -0.332011873221034E+001  0.338940683711877E-002 -0.406273047843396E-002  0.197491805320653E+001
      8.02000000  0.485995787130976E-004 -0.147036525381306E-003  0.699991420390595E-001 -0.137063126731822E-003  0.407460836839689E-003  0.153320916892236E+000  0.100384656027445E+001  0.988564957580119E+000 -0.330282135116584E+001  0.136390591175085E-002 -0.412645523935006E-002  0.196446648659592E+001
      8.03000000 -0.207397120437718E-004 -0.147993284906089E-003  0.698048229343571E-001 -0.162706716415910E-003  0.405797948727999E-003  0.152885170928786E+000  0.100456053938743E+001  0.988625807408080E+000 -0.328524930705916E+001 -0.581317573995306E-003 -0.414813364658257E-002  0.195657346812384E+001
      8.04000000 -0.707647317029769E-004 -0.157757799062120E-003  0.697004501570168E-001 -0.216369766829235E-003  0.416926443229652E-003  0.152468511367149E+000  0.100605712873208E+001  0.988328419559460E+000 -0.326825528571910E+001 -0.198101193108916E-002 -0.441632540170117E-002  0.195121807206014E+001
      8.05000000 -0.918194614065258E-004 -0.184256458818780E-003  0.696727939183596E-001 -0.284339358205521E-003  0.433090155918478E-003  0.152099479960096E+000  0.100795000449034E+001  0.987890988057359E+000 -0.325263514798752E+001 -0.256723210986071E-002 -0.515173025721081E-002  0.194802094230329E+001
      8.06000000 -0.833671161357027E-004 -0.229900639798383E-003  0.696975929774815E-001 -0.351531169423273E-003  0.442730612332873E-003  0.151797960163739E+000  0.100981646387292E+001  0.987636803107580E+000 -0.323893902317500E+001 -0.232801627542298E-002 -0.641994656873564E-002  0.194629655349077E+001
      8.07000000 -0.518651934126540E-004 -0.290048593660225E-003  0.697454185572546E-001 -0.406852879738666E-003  0.434159595915336E-003  0.151570099239693E+000  0.101134723724569E+001  0.987891171028431E+000 -0.322733120761216E+001 -0.144653432175583E-002 -0.808953400343746E-002  0.194521865416739E+001
      8.08000000 -0.612713373279899E-005 -0.353832731331412E-003  0.697899854900836E-001 -0.445406708997257E-003  0.399677910932057E-003  0.151407409921207E+000  0.101240713960964E+001  0.988866670529084E+000 -0.321756752846278E+001 -0.170675928525889E-003 -0.985627743679957E-002  0.194405265084478E+001
      8.09000000  0.468649360554287E-004 -0.407329473357615E-003  0.698158838671434E-001 -0.466963481471891E-003  0.338646402008291E-003  0.151291064960209E+000  0.101299154111560E+001  0.990578409597531E+000 -0.320911734822900E+001  0.130384444994441E-002 -0.113324442074980E-001  0.194237014621070E+001
      8.10000000  0.103316673690586E-003 -0.438109108971338E-003  0.698225187557034E-001 -0.472382575181658E-003  0.258206078120783E-003  0.151200262459435E+000  0.101312608239263E+001  0.992825234388911E+000 -0.320139778031907E+001  0.287085773829284E-002 -0.121737264739442E-001  0.194015652185260E+001
      8.11000000  0.160752067532232E-003 -0.439494515711540E-003  0.698222819285822E-001 -0.460776744194678E-003  0.171134335977587E-003  0.151121656343302E+000  0.101278780405491E+001  0.995250558143136E+000 -0.319403573231242E+001  0.446130575581905E-002 -0.121971645073968E-001  0.193775764775123E+001
      8.12000000  0.214688479261379E-003 -0.412771383136212E-003  0.698332098820428E-001 -0.429573106278747E-003  0.914852877158711E-004  0.151056085378511E+000  0.101190713645110E+001  0.997464162006004E+000 -0.318705313270551E+001  0.595084976149539E-002 -0.114414173286761E-001  0.193567415354909E+001
      8.13000000  0.256652444969396E-003 -0.366303293441946E-003  0.698687053331953E-001 -0.377607643703136E-003  0.297079564902178E-004  0.151019623137410E+000  0.101045385583956E+001  0.999177551885892E+000 -0.318089356915552E+001  0.710527899877126E-002 -0.101409012424727E-001  0.193427592218919E+001
      8.14000000  0.275578317294698E-003 -0.311807534907124E-003  0.699283157733631E-001 -0.309235603026015E-003 -0.106733241908703E-004  0.151038082998717E+000  0.100855049702247E+001  0.100029512199055E+001 -0.317626775935023E+001  0.761985863991406E-002 -0.862161204181961E-002  0.193354791607384E+001
      8.15000000  0.262517200291191E-003 -0.259381934293384E-003  0.699934076514574E-001 -0.236465253245681E-003 -0.332973868823736E-004  0.151136732353770E+000  0.100653034311292E+001  0.100091955734773E+001 -0.317386785453093E+001  0.724980675771192E-002 -0.716322167836127E-002  0.193297307461742E+001
      8.16000000  0.216345138109960E-003 -0.213566855890108E-003  0.700298214946816E-001 -0.176967415631574E-003 -0.459708754065523E-004  0.151329021708588E+000  0.100488123172668E+001  0.100126799894058E+001 -0.317405667193274E+001  0.596737398400056E-002 -0.589074157532343E-002  0.193160862565429E+001
      8.17000000  0.147133432557578E-003 -0.172349036570092E-003  0.699968937492951E-001 -0.148059268868950E-003 -0.558507061273538E-004  0.151608728580528E+000  0.100407886958248E+001  0.100153862536350E+001 -0.317665328330878E+001  0.405336381308474E-002 -0.474802589669653E-002  0.192833723253688E+001
      8.18000000  0.746953431013871E-004 -0.129647883751801E-003  0.698596672309019E-001 -0.159166170315390E-003 -0.651953274641275E-004  0.151948740748741E+000  0.100437949201367E+001  0.100179386370478E+001 -0.318090285942803E+001  0.205525871435124E-002 -0.356728989806510E-002  0.192220403436801E+001
      8.19000000  0.221643562043457E-004 -0.800845481500858E-004  0.695997519492531E-001 -0.206467507613923E-003 -0.699115088879900E-004  0.152307179889632E+000  0.100567406215620E+001  0.100192128171376E+001 -0.318564846118374E+001  0.609112475899522E-003 -0.220085334106971E-002  0.191271412717551E+001
      8.20000000  0.706453438715856E-005 -0.235885527885501E-004  0.692207403242161E-001 -0.272712167707021E-003 -0.618073473678712E-004  0.152638698463719E+000  0.100748543319159E+001  0.100169649478189E+001 -0.318964356966022E+001  0.193908106959111E-003 -0.647461158296170E-003  0.189997839673276E+001
      8.21000000  0.338174783563391E-004  0.326738388418640E-004  0.687461827518210E-001 -0.332861826801072E-003 -0.335899726620606E-004  0.152906747828041E+000  0.100912529915214E+001  0.100092085821916E+001 -0.319188895801329E+001  0.927095214066117E-003  0.895742707255449E-003  0.188465433001692E+001
      8.22000000  0.911955127940368E-004  0.763459581883730E-004  0.682110452964943E-001 -0.363455485335053E-003  0.158536977072691E-004  0.153092267791955E+000  0.100995189271811E+001  0.999565904752758E+000 -0.319186911881083E+001  0.249705396209129E-002  0.209045348332531E-002  0.186770879068007E+001
      8.23000000  0.156076664386898E-003  0.952356527314149E-004  0.676500966458929E-001 -0.351775364775094E-003  0.786902339760438E-004  0.153195741918153E+000  0.100962037192711E+001  0.997847975174825E+000 -0.318960553376040E+001  0.426839315909686E-002  0.260450984276046E-002  0.185009854528779E+001
      8.24000000  0.202047833467977E-003  0.835651970332078E-004  0.670877554765374E-001 -0.300915888890131E-003  0.139618925324341E-003  0.153232272617795E+000  0.100821947698344E+001  0.996186327855969E+000 -0.318551889216672E+001  0.551890936324445E-002  0.228257210400146E-002  0.183249300674733E+001
      8.25000000  0.209292029608911E-003  0.460625915105403E-004  0.665331332749050E-001 -0.228665471331046E-003  0.181330091945414E-003  0.153222107630962E+000  0.100623839568857E+001  0.995052996601477E+000 -0.318016821723909E+001  0.570985417065132E-002  0.125666840127135E-002  0.181514073529746E+001
      8.26000000  0.171740296113798E-003 -0.232374721806464E-005  0.659817032191182E-001 -0.160798270392813E-003  0.191698437150139E-003  0.153180721531583E+000  0.100438154827663E+001  0.994776461495036E+000 -0.317397976234810E+001  0.467970455545130E-002 -0.633191550740587E-004  0.179791746094547E+001
      8.27000000  0.987894942628786E-004 -0.413492921225681E-004  0.654222356296117E-001 -0.121671495105279E-003  0.169485532994105E-003  0.153112440830519E+000  0.100331138449291E+001  0.995387319230000E+000 -0.316707431596125E+001  0.268863302026068E-002 -0.112535318653733E-002  0.178051709127075E+001
      8.28000000  0.112754321735024E-004 -0.531381530821144E-004  0.648455831374091E-001 -0.125935826456448E-003  0.125845460625266E-003  0.153009812304523E+000  0.100342330216934E+001  0.996579154236872E+000 -0.315925187558106E+001  0.306499051984266E-003 -0.144444960452490E-002  0.176269161582027E+001
      8.29000000 -0.662841236162809E-004 -0.293518458217879E-004  0.642514393257546E-001 -0.174407380933258E-003  0.807344893582599E-004  0.152858304187883E+000  0.100473518122854E+001  0.997808048968688E+000 -0.315012122046655E+001 -0.179962187505258E-002 -0.796906120685071E-003  0.174443425372287E+001
      8.30000000 -0.113892442713425E-003  0.252472245687879E-004  0.636504553195100E-001 -0.255205338903420E-003  0.555862549452339E-004  0.152643695702071E+000  0.100692050742165E+001  0.998492644818706E+000 -0.313930144844450E+001 -0.308846789199016E-002  0.684639301650301E-003  0.172603539691829E+001
      8.31000000 -0.121647019720627E-003  0.944059723183345E-004  0.630614132827797E-001 -0.349080457941315E-003  0.652802591898899E-004  0.152358636495487E+000  0.100945476608638E+001  0.998231898788208E+000 -0.312659957478159E+001 -0.329478230705654E-002  0.255696463414610E-002  0.170800426692945E+001
      8.32000000 -0.910293509348634E-004  0.156489891429458E-003  0.625053949077789E-001 -0.436383671457496E-003  0.112741330033572E-003  0.152005659783790E+000  0.101180514813339E+001  0.996950096465900E+000 -0.311209091501547E+001 -0.246254624670840E-002  0.423339934680153E-002  0.169090984444476E+001
      8.33000000 -0.321489073482801E-004  0.192497150996660E-003  0.620000001368154E-001 -0.502869388409413E-003  0.188336938690561E-003  0.151595922676197E+000  0.101358740352116E+001  0.994911183613655E+000 -0.309608343844435E+001 -0.868655334712697E-003  0.520122426926557E-002  0.167522430195171E+001
      8.34000000  0.413011843263202E-004  0.192642331231303E-003  0.615562053142942E-001 -0.542431021887234E-003  0.274144154124220E-003  0.151145084729924E+000  0.101463877527883E+001  0.992601576045064E+000 -0.307900514643088E+001  0.111460947421333E-002  0.519890581898197E-002  0.166123879397350E+001
      8.35000000  0.117038524653406E-003  0.158908200549636E-003  0.611787379452149E-001 -0.556390911849999E-003  0.351098095472862E-003  0.150668952868342E+000  0.101499753304728E+001  0.990536140728495E+000 -0.306128596229069E+001  0.315477680154479E-002  0.428337512074602E-002  0.164907464263508E+001
      8.36000000  0.187254948787341E-003  0.102793573888197E-003  0.608688377669910E-001 -0.550397204177405E-003  0.405919097579576E-003  0.150181254200082E+000  0.101481822610584E+001  0.989071527030006E+000 -0.304329775788309E+001  0.504142490097778E-002  0.276748938501481E-002  0.163875868915263E+001
      8.37000000  0.249020260073115E-003  0.395571472073817E-004  0.606270407929572E-001 -0.530741236850224E-003  0.434995731414829E-003  0.149694366604013E+000  0.101427196098154E+001  0.988302695033213E+000 -0.302537434627692E+001  0.669630921551763E-002  0.106371621853822E-002  0.163029872289204E+001
      8.38000000  0.302561066564892E-003 -0.183505155118520E-004  0.604537994851320E-001 -0.501782166184009E-003  0.443881494987666E-003  0.149221916637204E+000  0.101347713190250E+001  0.988077995073994E+000 -0.300788148482355E+001  0.812634580791576E-002 -0.492867891086868E-003  0.162370025197283E+001
      8.39000000  0.348772496599517E-003 -0.658329268700008E-004  0.603472096740923E-001 -0.465331967657015E-003  0.443026593771841E-003  0.148780914194574E+000  0.101248323664895E+001  0.988115138876705E+000 -0.299127395027220E+001  0.935635183978333E-002 -0.176606823199633E-002  0.161890553803710E+001
      8.40000000  0.387404432903101E-003 -0.105928491481296E-003  0.602990319131338E-001 -0.421771803923237E-003  0.441922216135206E-003  0.148391226216118E+000  0.101130119926557E+001  0.988158878858253E+000 -0.297608090709760E+001  0.103803399181271E-001 -0.283830967124042E-002  0.161568736656372E+001
      8.41000000  0.416762868606528E-003 -0.146842213380485E-003  0.602914970193891E-001 -0.371855298608200E-003  0.444330801451057E-003  0.148071641680434E+000  0.100995185990901E+001  0.988108498370605E+000 -0.296280015375895E+001  0.111537087118904E-001 -0.392989730618611E-002  0.161356456204107E+001
      8.42000000  0.434833567296596E-003 -0.196850055180982E-003  0.602973246000077E-001 -0.317953435409618E-003  0.446576993213144E-003  0.147833767621704E+000  0.100849919328314E+001  0.988062578483445E+000 -0.295173514377270E+001  0.116235087370237E-001 -0.526198644346850E-002  0.161180399127119E+001
      8.43000000  0.440945691635003E-003 -0.259460790053712E-003  0.602839483853570E-001 -0.263950131295880E-003  0.439387712541224E-003  0.147676434765199E+000  0.100704726468458E+001  0.988268687368226E+000 -0.294284677319881E+001  0.117729094705142E-001 -0.692740274006106E-002  0.160953487091429E+001
      8.44000000  0.436827408880040E-003 -0.330886582340461E-003  0.602208736570543E-001 -0.213837796788482E-003  0.412219527863213E-003  0.147583378567257E+000  0.100570253947148E+001  0.989007097136907E+000 -0.293569356892607E+001  0.116491358346043E-001 -0.882394892164503E-002  0.160594578785284E+001
      8.45000000  0.426275171637557E-003 -0.400703739762802E-003  0.600874842564936E-001 -0.169844430575325E-003  0.358079605710018E-003  0.147525619959110E+000  0.100452398208972E+001  0.990462179316465E+000 -0.292949748312916E+001  0.113542801212054E-001 -0.106731585829959E-001  0.160049229563583E+001
      8.46000000  0.413458531145276E-003 -0.455185859765178E-003  0.598783192972722E-001 -0.131243184244482E-003  0.276864504633306E-003  0.147467896725316E+000  0.100349166581697E+001  0.992634144528524E+000 -0.292331698640796E+001  0.109998780374486E-001 -0.121100148252325E-001  0.159303572121957E+001
      8.47000000  0.400692798895165E-003 -0.481798118979320E-003  0.596039885014037E-001 -0.946826467375971E-004  0.176073174290511E-003  0.147376779592655E+000  0.100251601516690E+001  0.995321183001701E+000 -0.291626370281128E+001  0.106476655863173E-001 -0.128028885598983E-001  0.158386509296788E+001
      8.48000000  0.386903697778620E-003 -0.473116753573325E-003  0.592878385138954E-001 -0.560829297694031E-004  0.689133531386625E-004  0.147227620960780E+000  0.100148854207992E+001  0.998170915349167E+000 -0.290768652827289E+001  0.102691217699649E-001 -0.125573717226008E-001  0.157360613680557E+001
      8.49000000  0.367758475300870E-003 -0.428937940804126E-003  0.589601547698311E-001 -0.132702133167717E-004 -0.292405027300729E-004  0.147008399604814E+000  0.100035180053000E+001  0.100077518153720E+001 -0.289727215839535E+001  0.974947602080467E-002 -0.113713767299635E-001  0.156306558167319E+001
      8.50000000  0.337646694865976E-003 -0.356198990206181E-003  0.586522183121768E-001  0.319757195852147E-004 -0.104712323953177E-003  0.146720220865394E+000  0.999153303671689E+000  0.100277271446492E+001 -0.288505634610105E+001  0.894066562122051E-002 -0.943191837643774E-002  0.155307272319117E+001
      8.51000000  0.292740818066787E-003 -0.267100948645830E-003  0.583917705322917E-001  0.736322676556967E-004 -0.148597863738083E-003  0.146375670268508E+000  0.998052556390223E+000  0.100393015140477E+001 -0.287137830691536E+001  0.774247831305231E-002 -0.706434898946763E-002  0.154435934145627E+001
      8.52000000  0.233726872391215E-003 -0.176206207490041E-003  0.582000004541744E-001  0.103309403676610E-003 -0.158451419458919E-003  0.145996570451897E+000  0.997270855471188E+000  0.100418584184120E+001 -0.285681968237294E+001  0.617440806279015E-002 -0.465487351586653E-002  0.153748068582015E+001
      8.53000000  0.166804748122270E-003 -0.972773555623170E-004  0.580890919717663E-001  0.113666912068643E-003 -0.138481178333342E-003  0.145611851258746E+000  0.997000759401105E+000  0.100365399538600E+001 -0.284214691881288E+001  0.440134744185421E-002 -0.256678209028383E-002  0.153275179050754E+001
      8.54000000  0.102245202417265E-003 -0.404286811474021E-004  0.580594359752461E-001  0.101944275314554E-003 -0.984132800499724E-004  0.145254910881022E+000  0.997313225314395E+000  0.100259371415168E+001 -0.282824063745390E+001  0.269470571772327E-002 -0.106551110147266E-002  0.153017540570555E+001
      8.55000000  0.508621575653613E-004 -0.100117007517784E-004  0.580968299327213E-001  0.719830092457662E-004 -0.512561961122364E-004  0.144959104892913E+000  0.998105083143502E+000  0.100134929382685E+001 -0.281597621775754E+001  0.133892095840849E-002 -0.263553034466616E-003  0.152937010416935E+001
      8.56000000  0.197351537082103E-004 -0.363443862585144E-005  0.581715146725622E-001  0.336588646627443E-004 -0.102563887737503E-004  0.144750618220774E+000  0.999114982265044E+000  0.100026967891081E+001 -0.280603640541372E+001  0.518911175669879E-003 -0.955630165401748E-004  0.152954719864578E+001
      8.57000000  0.895605164755452E-005 -0.127070534599124E-004  0.582415198254076E-001 -0.309095862206601E-006  0.144669370976447E-004  0.144639848135206E+000  0.100000811780556E+001  0.999620053851246E+000 -0.279868612716234E+001  0.235213390959263E-003 -0.333726205590022E-003  0.152960097952270E+001
      8.58000000  0.108694911801280E-004 -0.247113771919272E-004  0.582616804530178E-001 -0.190880695332980E-004  0.188167832490875E-004  0.144614519568222E+000  0.100050072698401E+001  0.999506389522068E+000 -0.279359432348191E+001  0.285133471820012E-003 -0.648240166482670E-003  0.152834709061713E+001
      8.59000000  0.123408273900227E-004 -0.269059005281234E-004  0.581970233165582E-001 -0.182027915726296E-004  0.616208539341007E-005  0.144638631313825E+000  0.100047694808347E+001  0.999838541533214E+000 -0.278980980609185E+001  0.323353368551437E-003 -0.704986245631510E-003  0.152487373288195E+001
      8.60000000 -0.606763005707579E-006 -0.105288497663539E-004  0.580362427555431E-001 -0.194573652042476E-005 -0.134632309303309E-004  0.144660007084327E+000  0.100005092275067E+001  0.100035235230706E+001 -0.278596248546295E+001 -0.158798691046416E-004 -0.275555290186420E-003  0.151889276309536E+001
      8.61000000 -0.374169315758894E-004  0.259171414075961E-004  0.577994178440721E-001  0.173622866840582E-004 -0.265354530889185E-004  0.144625855760526E+000  0.999546131495064E+000  0.100069366475974E+001 -0.278067256482933E+001 -0.978118096001422E-003  0.677501439581767E-003  0.151093780677794E+001
      8.62000000 -0.988848819787743E-004  0.756727224477386E-004  0.575352218484097E-001  0.231852851570901E-004 -0.207719696598106E-004  0.144501731086936E+000  0.999394615285222E+000  0.100054237128604E+001 -0.277304564797298E+001 -0.258195642913004E-002  0.197587000483705E-002  0.150228662845360E+001
      8.63000000 -0.175910843148548E-003  0.125695432913781E-003  0.573066308640367E-001  0.410501975226889E-006  0.102023910068583E-004  0.144286653782579E+000  0.999989293913919E+000  0.999733916806874E+000 -0.276306431875475E+001 -0.458783816645895E-002  0.327819646674340E-002  0.149458409478024E+001
      8.64000000 -0.251717792599956E-003  0.161127832352463E-003  0.571690959342737E-001 -0.591708339881197E-004  0.640791978495490E-004  0.144017533950343E+000  0.100154141728080E+001  0.998330718425824E+000 -0.275169827103679E+001 -0.655732105239399E-002  0.419742647628637E-002  0.148927142751454E+001
      8.65000000 -0.306860495596829E-003  0.170696522110561E-003  0.571490117514431E-001 -0.153531453645086E-003  0.130210977547750E-003  0.143759679428855E+000  0.100399491487731E+001  0.996611887928862E+000 -0.274065162852463E+001 -0.798456296747803E-002  0.444155291631930E-002  0.148702713254451E+001
      8.66000000 -0.325301627957424E-003  0.150976127509037E-003  0.572310892762288E-001 -0.270473709708774E-003  0.193102204973334E-003  0.143585735592597E+000  0.100702964577111E+001  0.994981249378933E+000 -0.273181134716338E+001 -0.845463026986663E-002  0.392388856360784E-002  0.148744321634804E+001
      8.67000000 -0.299403730894032E-003  0.107827316761788E-003  0.573602552710663E-001 -0.391107994185259E-003  0.237778445144429E-003  0.143550438779115E+000  0.101015322173939E+001  0.993827236174429E+000 -0.272659075595476E+001 -0.777256541559523E-002  0.279921319155415E-002  0.148908076401827E+001
      8.68000000 -0.232069249093808E-003  0.544387713697939E-004  0.574580637388655E-001 -0.495491169965432E-003  0.254978812386741E-003  0.143670720695783E+000  0.101284820536578E+001  0.993388337988553E+000 -0.272541638769881E+001 -0.601761151797719E-002  0.141161045204649E-002  0.148990143030928E+001
      8.69000000 -0.135333347608427E-003  0.677197735593808E-005  0.574477305194093E-001 -0.568365893231592E-003  0.244205042809177E-003  0.143918860645687E+000  0.101472090492253E+001  0.993674991304711E+000 -0.272755629666246E+001 -0.350518806057072E-002  0.175396933527205E-003  0.148791929470441E+001
      8.70000000 -0.260704880178668E-004 -0.217909069404840E-004  0.572783946259345E-001 -0.602933976165213E-003  0.213573947385588E-003  0.144231255432479E+000  0.101559828246287E+001  0.994474707198923E+000 -0.273135359947540E+001 -0.674459977581541E-003 -0.563744514352322E-003  0.148182821621287E+001
      8.71000000  0.794286733123159E-004 -0.245887702685110E-004  0.569396173554022E-001 -0.601414354225098E-003  0.176725065196594E-003  0.144529183166001E+000  0.101554110554457E+001  0.995433260161989E+000 -0.273476834078447E+001  0.205251069672643E-002 -0.635396663331178E-003  0.147137260155334E+001
      8.72000000  0.169881071991644E-003 -0.323148558884838E-005  0.564612271654501E-001 -0.572457500136660E-003  0.148141762098490E-003  0.144743359921951E+000  0.101477586927934E+001  0.996176269310726E+000 -0.273601352894869E+001  0.438485042502346E-002 -0.834088270788400E-004  0.145733737744454E+001
      8.73000000  0.240827677951215E-003  0.337050225079616E-004  0.558995478399538E-001 -0.526758901808596E-003  0.138698251200302E-003  0.144833023495201E+000  0.101358075502696E+001  0.996424119334762E+000 -0.273404569936872E+001  0.620895382448800E-002  0.868973741662927E-003  0.144118696945763E+001
      8.74000000  0.293429922387865E-003  0.740150436487932E-004  0.553162321044686E-001 -0.472881411623895E-003  0.152930590801489E-003  0.144793002972907E+000  0.101217775088539E+001  0.996061696248239E+000 -0.272874271817255E+001  0.755647485674718E-002  0.190605242915158E-002  0.142451633311918E+001
      8.75000000  0.331173234386873E-003  0.105794879105632E-003  0.547582638786894E-001 -0.415063252557969E-003  0.188680886192812E-003  0.144647372364721E+000  0.101067658857726E+001  0.995146599507766E+000 -0.272073527107485E+001  0.851870250993724E-002  0.272134040012073E-002  0.140853580998720E+001
      8.76000000  0.356282244117591E-003  0.120568159681154E-003  0.542464628859724E-001 -0.353766195724922E-003  0.238808170161439E-003  0.144433548901873E+000  0.100908946874676E+001  0.993864197808088E+000 -0.271099399714270E+001  0.915411467253478E-002  0.309781017101008E-002  0.139377796686859E+001
      8.77000000  0.367669580150614E-003  0.114752851266257E-003  0.537758585383966E-001 -0.288386687384838E-003  0.293993549349081E-003  0.144183956906538E+000  0.100740119574683E+001  0.992454908973884E+000 -0.270035696964803E+001  0.943592284902956E-002  0.294503301255166E-002  0.138011105542311E+001
      8.78000000  0.361404581563993E-003  0.893698720710705E-004  0.533264560771259E-001 -0.220537536459135E-003  0.345490123974910E-003  0.143912569952789E+000  0.100565345941132E+001  0.991143392529611E+000 -0.268918546053515E+001  0.926457312320989E-002  0.229098842972951E-002  0.136701878429478E+001
      8.79000000  0.333411711989541E-003  0.485219462715496E-004  0.528791666047007E-001 -0.156079647371326E-003  0.386941366490926E-003  0.143611066342189E+000  0.100399653550547E+001  0.990092078398689E+000 -0.267726821069291E+001  0.853725496787611E-002  0.124244053811403E-002  0.135401040683085E+001
      8.80000000  0.283005952908128E-003 -0.252270779277208E-005  0.524302693790168E-001 -0.104728911851684E-003  0.414915390153692E-003  0.143255316335223E+000  0.100267861437098E+001  0.989387855682306E+000 -0.266399060459828E+001  0.723834325334431E-002 -0.645224057809791E-004  0.134099047292419E+001
      8.81000000  0.215458700078247E-003 -0.588576099732810E-004  0.519988893190259E-001 -0.772501953309437E-004  0.428338821142318E-003  0.142819113982746E+000  0.100197355826867E+001  0.989056964598771E+000 -0.264868777505927E+001  0.550445597289337E-002 -0.150367157441308E-002  0.132844761799818E+001
      8.82000000  0.142229995889468E-003 -0.116606460361725E-003  0.516248459086899E-001 -0.814015686269357E-004  0.427382200382768E-003  0.142289745995508E+000  0.100207725811520E+001  0.989093783338451E+000 -0.263104218461603E+001  0.362951744259019E-002 -0.297563941526431E-002  0.131739635879787E+001
      8.83000000  0.785564368020316E-004 -0.172693834912414E-003  0.513576638895991E-001 -0.118377265354118E-003  0.412461612426207E-003  0.141679680055911E+000  0.100301740687133E+001  0.989486456713006E+000 -0.261137959092316E+001  0.200238391624365E-002 -0.440192263728172E-002  0.130909400088423E+001
      8.84000000  0.392356232711470E-004 -0.224075670868520E-003  0.512404113152418E-001 -0.181285436839971E-003  0.383875262888786E-003  0.141030152698250E+000  0.100461569313492E+001  0.990226184483057E+000 -0.259075675891726E+001  0.998974877043800E-003 -0.570517165504028E-002  0.130462776746457E+001
      8.85000000  0.341821222359126E-004 -0.267021899828114E-003  0.512936153438793E-001 -0.256338954438908E-003  0.342250633792914E-003  0.140405085552352E+000  0.100651924966538E+001  0.991295831978739E+000 -0.257080260785349E+001  0.869324716706591E-003 -0.679093989017016E-002  0.130450670440896E+001
      8.86000000  0.653708066706561E-004 -0.297029580304173E-003  0.515045167258377E-001 -0.326359760209186E-003  0.289554178559518E-003  0.139876752094729E+000  0.100829066102871E+001  0.992644327406218E+000 -0.255335086859711E+001  0.166064345350797E-002 -0.754557352359800E-002  0.130839197010013E+001
      8.87000000  0.126191651086994E-003 -0.309663452501716E-003  0.518254407813153E-001 -0.375367491147753E-003  0.230070427333203E-003  0.139507189290204E+000  0.100952487562354E+001  0.994162008547138E+000 -0.253996725319878E+001  0.320208811279098E-002 -0.785764867707446E-002  0.131506027884206E+001
      8.88000000  0.203333157933706E-003 -0.302154229198107E-003  0.521824493198847E-001 -0.392734053994004E-003  0.170653366357269E-003  0.139330850266908E+000  0.100995432624587E+001  0.995674581141106E+000 -0.253151127478243E+001  0.515372825475786E-002 -0.765846949969950E-002  0.132262817434844E+001
      8.89000000  0.280476742109853E-003 -0.275118988633430E-003  0.524923180793841E-001 -0.375659286131368E-003  0.119784062151684E-003  0.139343955080513E+000  0.100951083491429E+001  0.996967341198405E+000 -0.252787060509695E+001  0.710103034847104E-002 -0.696538427047717E-002  0.132898557270502E+001
      8.90000000  0.342598451939263E-003 -0.233534691263219E-003  0.526831117768403E-001 -0.329361273497454E-003  0.854876312123814E-004  0.139504257312200E+000  0.100832930570653E+001  0.997838080333689E+000 -0.252796063173235E+001  0.866406426743846E-002 -0.590592153095785E-002  0.133231736354754E+001
      8.91000000  0.379621466067072E-003 -0.186262062750092E-003  0.527121370819026E-001 -0.265100918291192E-003  0.727627100407114E-004  0.139741828063830E+000  0.100669668396044E+001  0.998161949508177E+000 -0.253000232752791E+001  0.958957441278228E-002 -0.470514465244900E-002  0.133155526277425E+001
      8.92000000  0.388465351340190E-003 -0.143974404325568E-003  0.525755413247658E-001 -0.196748193117636E-003  0.815623545956795E-004  0.139977843598069E+000  0.100496446180516E+001  0.997941972489237E+000 -0.253200020340448E+001  0.980197768933243E-002 -0.363284368648438E-002  0.132661582633306E+001
      8.93000000  0.373047770034046E-003 -0.116074639734159E-003  0.523063828296342E-001 -0.136929692448270E-003  0.106298957757241E-003  0.140145504165698E+000  0.100345121844879E+001  0.997320808091077E+000 -0.253227076497046E+001  0.940241172824725E-002 -0.292558123022403E-002  0.131834630008553E+001
      8.94000000  0.342367872964181E-003 -0.107735355266152E-003  0.519618978334602E-001 -0.938446449685371E-004  0.137291779975552E-003  0.140206294476437E+000  0.100236264380789E+001  0.996543526016402E+000 -0.252985014310924E+001  0.861949379584898E-002 -0.271235796241703E-002  0.130819884505608E+001
      8.95000000  0.307320094934506E-003 -0.118267011998465E-003  0.516045209299607E-001 -0.696134789738446E-004  0.163753828368083E-003  0.140156377381547E+000  0.100175063891672E+001  0.995881920729597E+000 -0.252465086197792E+001  0.772848198384339E-002 -0.297417736939044E-002  0.129774986037625E+001
      8.96000000  0.277241583563527E-003 -0.141525127741071E-003  0.512834209941353E-001 -0.605689079524609E-004  0.177212295400591E-003  0.140021543539078E+000  0.100152148617089E+001  0.995548441174225E+000 -0.251733008441080E+001  0.696428662240488E-002 -0.355510000048545E-002  0.128823547387788E+001
      8.97000000  0.257275238088326E-003 -0.168213966587858E-003  0.510228899269417E-001 -0.593025968002960E-004  0.174032361626379E-003  0.139843428581574E+000  0.100148801580311E+001  0.995633194525616E+000 -0.250893962352608E+001  0.645552877412204E-002 -0.422081079230918E-002  0.128026209016335E+001
      8.98000000  0.247361958497183E-003 -0.189138362491145E-003  0.508209605579007E-001 -0.577039057315220E-004  0.156099246500029E-003  0.139662866185987E+000  0.100144628921785E+001  0.996087532476952E+000 -0.250050650711109E+001  0.619987380309123E-002 -0.474055908148776E-002  0.127377525600586E+001
      8.99000000  0.243098057101210E-003 -0.198093142844401E-003  0.506573749982632E-001 -0.498855157664245E-004  0.129527420983438E-003  0.139506899297263E+000  0.100124893849157E+001  0.996757139235821E+000 -0.249270792723689E+001  0.608622595305538E-002 -0.495947866255447E-002  0.126826283230938E+001
      9.00000000  0.237994519744078E-003 -0.193332122764748E-003  0.505063479459209E-001 -0.339590586458826E-004  0.102104073932782E-003  0.139383852564693E+000  0.100084925753544E+001  0.997446553065819E+000 -0.248574995391463E+001  0.595183280534462E-002 -0.483490322313092E-002  0.126307672506884E+001
      9.01000000  0.226145770864857E-003 -0.177275870719096E-003  0.503481001496238E-001 -0.121226265471156E-004  0.806242646099415E-004  0.139286987268504E+000  0.100030282952190E+001  0.997985963898943E+000 -0.247946145150445E+001  0.564923908238597E-002 -0.442844353622155E-002  0.125772175177713E+001
      9.02000000  0.204217950635605E-003 -0.154912994809670E-003  0.501744647581686E-001  0.107414728045030E-004  0.691426282588277E-004  0.139203451784074E+000  0.999731969898275E+000  0.998274696028836E+000 -0.247351950903183E+001  0.509581498544729E-002 -0.386551700247061E-002  0.125199468805606E+001
      9.03000000  0.172074262477822E-003 -0.131818561396713E-003  0.499872410798004E-001  0.291307130814616E-004  0.685735313697397E-004  0.139123280529775E+000  0.999273911361945E+000  0.998290791514108E+000 -0.246767458109209E+001  0.428898415694566E-002 -0.328560304882748E-002  0.124594161819127E+001
      9.04000000  0.132077957296092E-003 -0.112656248288854E-003  0.497916615976282E-001  0.386223329289318E-004  0.773764350296585E-004  0.139043919199155E+000  0.999038395807320E+000  0.998073510875791E+000 -0.246186274958133E+001  0.328842687287336E-002 -0.280487253024107E-002  0.123969390044089E+001
      9.05000000  0.877715490006133E-004 -0.100553857099442E-003  0.495895194092851E-001  0.365310421447289E-004  0.926454051792930E-004  0.138968652978218E+000  0.999091468984054E+000  0.997695898634461E+000 -0.245616560772309E+001  0.218288802900067E-002 -0.250078543026149E-002  0.123329677458089E+001
      9.06000000  0.428546594059370E-004 -0.971738580133220E-004  0.493761632338295E-001  0.215491144254262E-004  0.110964161232454E-003  0.138900805520610E+000  0.999464662698923E+000  0.997243355183062E+000 -0.245066534414439E+001  0.106462368949499E-002 -0.241405701677968E-002  0.122663518515385E+001
      9.07000000  0.103611819761068E-005 -0.102984486935177E-003  0.491430114707884E-001 -0.695813655596843E-005  0.128786052529770E-003  0.138837831584602E+000  0.100017266803081E+001  0.996804139455009E+000 -0.244529814679086E+001  0.257115518539996E-004 -0.255558775253389E-002  0.121949705217671E+001
      9.08000000 -0.333811734994639E-004 -0.117322935396133E-003  0.488839033422785E-001 -0.491365717272172E-004  0.142545709077892E-003  0.138769314326234E+000  0.100121799436578E+001  0.996466585591559E+000 -0.243980536391878E+001 -0.827450508167945E-003 -0.290819382113227E-002  0.121173123714332E+001
      9.09000000 -0.549682428507911E-004 -0.138211121901559E-003  0.486012956245146E-001 -0.103853097896458E-003  0.148902692802895E-003  0.138680534450563E+000  0.100257147228657E+001  0.996313069559847E+000 -0.243382295039700E+001 -0.136105052228024E-002 -0.342219998117237E-002  0.120340064303675E+001
      9.10000000 -0.576144240435330E-004 -0.162242397722119E-003  0.483082493474348E-001 -0.167268664482410E-003  0.145349047675673E-003  0.138560006431952E+000  0.100413713290301E+001  0.996405015073084E+000 -0.242706844359797E+001 -0.142500408032698E-002 -0.401281593271440E-002  0.119483017623387E+001
      9.11000000 -0.363508965094301E-004 -0.184937064435386E-003  0.480243488343534E-001 -0.231797544440743E-003  0.131028035512140E-003  0.138406945527145E+000  0.100572686215035E+001  0.996762780645412E+000 -0.241952499797944E+001 -0.898096543056659E-003 -0.456911257221344E-002  0.118650448303224E+001
      9.12000000  0.997238547678203E-005 -0.201702065130015E-003  0.477669824511283E-001 -0.286582756411939E-003  0.107303110623350E-003  0.138234341283745E+000  0.100707263901922E+001  0.997351842879243E+000 -0.241151578064359E+001  0.246110699474237E-003 -0.497784972814396E-002  0.117885188956959E+001
      9.13000000  0.764790486168454E-004 -0.209104259565243E-003  0.475420596474306E-001 -0.319980065363322E-003  0.776227821117677E-004  0.138065337763651E+000  0.100788820921666E+001  0.998086428463657E+000 -0.240361287385646E+001  0.188537600145662E-002 -0.515487783800476E-002  0.117201586500046E+001
      9.14000000  0.151988968592344E-003 -0.205875790342417E-003  0.473388589327478E-001 -0.323437863563567E-003  0.465705311735562E-004  0.137923927570205E+000  0.100796472782449E+001  0.998853190528305E+000 -0.239640675175965E+001  0.374276144983807E-002 -0.506973617022990E-002  0.116572971008197E+001
      9.15000000  0.221417982427526E-003 -0.193130428196876E-003  0.471319621279682E-001 -0.295183845296554E-003  0.184576328472046E-004  0.137823879847989E+000  0.100726102224621E+001  0.999545973518363E+000 -0.239023382743061E+001  0.544650705563627E-002 -0.475068117006548E-002  0.115936637784144E+001
      9.16000000  0.270322192390020E-003 -0.173666900104034E-003  0.468899906721294E-001 -0.241875525665051E-003 -0.389614260560310E-005  0.137760885854339E+000  0.100594323260677E+001  0.100009573387680E+001 -0.238498484497506E+001  0.664220848193556E-002 -0.426724771171641E-002  0.115215510427251E+001
      9.17000000  0.289857514563294E-003 -0.150727570859824E-003  0.465877067682962E-001 -0.177084404110311E-003 -0.196405713427186E-004  0.137711607853032E+000  0.100434647568287E+001  0.100048207105627E+001 -0.238008396498795E+001  0.711445282196003E-002 -0.369955629222334E-002  0.114347921041728E+001
      9.18000000  0.279977571511148E-003 -0.126855888657506E-003  0.462164784190849E-001 -0.116887332419217E-003 -0.295010642428838E-004  0.137640310704874E+000  0.100286583407166E+001  0.100072330468416E+001 -0.237465389865483E+001  0.686446723635994E-002 -0.311024231951415E-002  0.113313184400955E+001
      9.19000000  0.249308562003698E-003 -0.103377174106816E-003  0.457888202425049E-001 -0.742532376362336E-004 -0.348687839145976E-004  0.137510488456605E+000  0.100181855382167E+001  0.100085397973561E+001 -0.236780229741898E+001  0.610587568487358E-002 -0.253183512301671E-002  0.112142495994025E+001
      9.20000000  0.211582800252020E-003 -0.805957304170538E-004  0.453352939472522E-001 -0.546027689656998E-004 -0.369679784014908E-004  0.137296873174379E+000  0.100133583591294E+001  0.100090440748909E+001 -0.235891562635792E+001  0.517629249380239E-002 -0.197174379908668E-002  0.110911067196373E+001
      9.21000000  0.180096904546846E-003 -0.583478915715906E-004  0.448952288443729E-001 -0.544868570288137E-004 -0.365311413372362E-004  0.136993268315852E+000  0.100133155283159E+001  0.100089275005646E+001 -0.234784908291841E+001  0.440121813382444E-002 -0.142590900771705E-002  0.109715209047724E+001
      9.22000000  0.162597094957555E-003 -0.363853257991971E-004  0.445050637747373E-001 -0.639469747790377E-004 -0.339699968953126E-004  0.136613611609231E+000  0.100156104476797E+001  0.100082926027548E+001 -0.233495000150879E+001  0.396924710273439E-002 -0.888222197624199E-003  0.108643758666783E+001
      9.23000000  0.158803378106554E-003 -0.143022970913461E-004  0.441886779117559E-001 -0.714462919496518E-004 -0.296255786765588E-004  0.136186525772752E+000  0.100174222510847E+001  0.100072242275442E+001 -0.232092230627418E+001  0.387243655474223E-002 -0.348762971755866E-003  0.107754541302262E+001
      9.24000000  0.161550897381094E-003  0.880287959620070E-005  0.439528141712884E-001 -0.691137315873483E-004 -0.236188835540532E-004  0.135746048697198E+000  0.100168352141951E+001  0.100057532556056E+001 -0.230659878069264E+001  0.393517163428972E-002  0.214426800770534E-003  0.107063390162451E+001
      9.25000000  0.160856780017716E-003  0.343814193969907E-004  0.437883625561021E-001 -0.559747309107463E-004 -0.151814516236560E-004  0.135322273951134E+000  0.100136199827402E+001  0.100036940080948E+001 -0.229271263227972E+001  0.391402786908117E-002  0.836581670250818E-003  0.106547496081382E+001
      9.26000000  0.148928824737831E-003  0.637121487619130E-004  0.436759875983579E-001 -0.378620804319374E-004 -0.189674730076620E-005  0.134935039819356E+000  0.100092027953116E+001  0.100004610253047E+001 -0.227974463539029E+001  0.361987897763836E-002  0.154859388925824E-002  0.106159294289206E+001
      9.27000000  0.123823971839614E-003  0.964295325540605E-004  0.435932917212805E-001 -0.242793527596145E-004  0.203726043516673E-004  0.134592084753345E+000  0.100058949977880E+001  0.999505355604912E+000 -0.226787970733586E+001  0.300643121471781E-002  0.234129750793882E-002  0.105843990493954E+001
      9.28000000  0.902380790913103E-004  0.129005499696818E-003  0.435207629197574E-001 -0.238461583396915E-004  0.562750538786448E-004  0.134291147438948E+000  0.100057835796726E+001  0.998635120789476E+000 -0.225705943688844E+001  0.218860880017916E-002  0.312886283430599E-002  0.105554025169696E+001
      9.29000000  0.573276073814108E-004  0.154266673362879E-003  0.434448754215029E-001 -0.404563673546157E-004  0.108580274628836E-003  0.134024171195612E+000  0.100098016106195E+001  0.997369359528634E+000 -0.224708525644872E+001  0.138891087372569E-002  0.373751269020638E-002  0.105256546778803E+001
      9.30000000  0.348041888619214E-004  0.162764239240564E-003  0.433582099917819E-001 -0.717533847822417E-004  0.175567392261125E-003  0.133781485898518E+000  0.100173654371118E+001  0.995750995554508E+000 -0.223772040460634E+001  0.842315599106853E-003  0.393914819371309E-002  0.104933623852920E+001
      9.31000000  0.291735747986765E-004  0.145933350939659E-003  0.432576327597040E-001 -0.110312723279653E-003  0.249624677945405E-003  0.133554467914779E+000  0.100266687217790E+001  0.993965182902420E+000 -0.222875443671733E+001  0.705287591922700E-003  0.352802090164526E-002  0.104577762073752E+001
      9.32000000  0.416825893400702E-004  0.999128992546770E-004  0.431420138686651E-001 -0.146670547777491E-003  0.318203230505843E-003  0.133336236079789E+000  0.100354203849752E+001  0.992315511808153E+000 -0.222001989128650E+001  0.100661883627070E-002  0.241285889308923E-002  0.104186338906500E+001
      9.33000000  0.685470956692665E-004  0.282615207265582E-004  0.430106884677233E-001 -0.172651737675643E-003  0.367242058668210E-003  0.133120878930092E+000  0.100416500555982E+001  0.991140748209410E+000 -0.221137341758513E+001  0.165361228572227E-002  0.681773566485100E-003  0.103757864827363E+001
      9.34000000  0.102926877362774E-003 -0.579530935912995E-004  0.428631800336363E-001 -0.183590248668735E-003  0.385905240013977E-003  0.132902171265033E+000  0.100442414150541E+001  0.990700489803346E+000 -0.220266471839515E+001  0.248032274842956E-002 -0.139654850180420E-002  0.103291310522076E+001
      9.35000000  0.137447161688080E-003 -0.143113305558252E-003  0.427000219433971E-001 -0.178812897022553E-003  0.370636256843082E-003  0.132672678475437E+000  0.100430440873512E+001  0.991077992873721E+000 -0.219371502643243E+001  0.330864704525415E-002 -0.344504324248211E-002  0.102788082125642E+001
      9.36000000  0.166103813291798E-003 -0.212033443246403E-003  0.425241062511559E-001 -0.160689349347209E-003  0.326653047711638E-003  0.132423759050038E+000  0.100386400357010E+001  0.992145163648554E+000 -0.218431731670109E+001  0.399420204372310E-002 -0.509864521210390E-002  0.102255251538076E+001
      9.37000000  0.184993940258643E-003 -0.254900079965927E-003  0.423419208647452E-001 -0.133136893567710E-003  0.266098389676560E-003  0.132146531390879E+000  0.100319804892983E+001  0.993608115320035E+000 -0.217425968091928E+001  0.444369443220914E-002 -0.612289280681633E-002  0.101708497982500E+001
      9.38000000  0.192069588882056E-003 -0.270054651210687E-003  0.421641944968216E-001 -0.100461849787336E-003  0.203603146063823E-003  0.131833563608556E+000  0.100241059697708E+001  0.995114512330165E+000 -0.216336590043682E+001  0.460873825564237E-002 -0.648000138592024E-002  0.101173609693712E+001
      9.39000000  0.186580561901801E-003 -0.263503050984519E-003  0.420056845058200E-001 -0.669292825974373E-004  0.151220590268082E-003  0.131480918331634E+000  0.100160426775006E+001  0.996375303802795E+000 -0.215154426944666E+001  0.447226037141455E-002 -0.631606122659830E-002  0.100685921552961E+001
      9.40000000  0.168835699421641E-003 -0.245584343641880E-003  0.418840070838045E-001 -0.368420516652146E-004  0.114916692930003E-003  0.131090166620507E+000  0.100088214957486E+001  0.997248423819250E+000 -0.213883536679270E+001  0.404261797954666E-002 -0.588029478660467E-002  0.100287463298621E+001
      9.41000000  0.140471047555158E-003 -0.226517373177127E-003  0.418175183871549E-001 -0.145637964782586E-004  0.939414561731193E-004  0.130669979586719E+000  0.100034834634119E+001  0.997753047250256E+000 -0.212544942246027E+001  0.335987773046442E-002 -0.541798962097356E-002  0.100021855903878E+001
      9.42000000  0.104895947638313E-003 -0.212906284063919E-003  0.418223761684251E-001 -0.402200094852973E-005  0.829353396731299E-004  0.130236876339611E+000  0.100009609870635E+001  0.998018404531568E+000 -0.211178328797454E+001  0.250630594046179E-002 -0.508702477574211E-002  0.999272824118766E+000
      9.43000000  0.673363317586281E-004 -0.206573543237115E-003  0.419091046144538E-001 -0.767211954838862E-005  0.753402412257655E-004  0.129814699913310E+000  0.100018311753951E+001  0.998201785111337E+000 -0.209840693835778E+001  0.160717821374483E-002 -0.493048090913010E-002  0.100028317751764E+001
      9.44000000  0.340620621146504E-004 -0.205742612572525E-003  0.420792391708713E-001 -0.253847228042117E-004  0.662573781752376E-004  0.129432500711554E+000  0.100060523872341E+001  0.998420249403848E+000 -0.208601209090564E+001  0.812129372059696E-003 -0.490544636411132E-002  0.100328001192538E+001
      9.45000000  0.108597665394605E-004 -0.207383568903491E-003  0.423228479102451E-001 -0.539221624516355E-004  0.534954074969259E-004  0.129120792944896E+000  0.100128428605659E+001  0.998725878139596E+000 -0.207532239909172E+001  0.258651472981290E-003 -0.493933873938230E-002  0.100802046830114E+001
      9.46000000  0.129964713640886E-005 -0.209120637276311E-003  0.426177769023499E-001 -0.874672082266742E-004  0.367695049183650E-004  0.128906589619839E+000  0.100208103988561E+001  0.999125171503006E+000 -0.206697515509395E+001  0.309215028456660E-004 -0.497544618033361E-002  0.101397192579771E+001
      9.47000000  0.555141090367509E-005 -0.209652235280646E-003  0.429312483360574E-001 -0.119169295543517E-003  0.161064480839272E-004  0.128808094847280E+000  0.100283230923602E+001  0.999617196346932E+000 -0.206139559730184E+001  0.131940969389186E-003 -0.498282682321821E-002  0.102035151438663E+001
      9.48000000  0.203105704233103E-004 -0.207756677149625E-003  0.432239457989073E-001 -0.143166658733486E-003 -0.914696859072506E-005  0.128830262878741E+000  0.100339906780126E+001  0.100021716764707E+001 -0.205869259122706E+001  0.482214270849137E-003 -0.493256626957000E-002  0.102622442758777E+001
      9.49000000  0.399127602137504E-004 -0.200939716758141E-003  0.434560584065824E-001 -0.156300945866217E-003 -0.398808535469499E-004  0.128962462622774E+000  0.100370699217482E+001  0.100094585487762E+001 -0.205860490567452E+001  0.946611608572288E-003 -0.476569065852163E-002  0.103064807169849E+001
      9.50000000  0.582032609751301E-004 -0.185026834767075E-003  0.435941154091919E-001 -0.158879434493072E-003 -0.755956524317538E-004  0.129179139377752E+000  0.100376417976344E+001  0.100179101609970E+001 -0.206051883842717E+001  0.137895466350318E-002 -0.438366532047599E-002  0.103283403262384E+001
      9.51000000  0.704471294875343E-004 -0.155380782235292E-003  0.436170386474967E-001 -0.154261751008494E-003 -0.112752337995314E-003  0.129443686288192E+000  0.100365093427924E+001  0.100266852523818E+001 -0.206356169570040E+001  0.166728199465488E-002 -0.367741854665824E-002  0.103229050958003E+001
      9.52000000  0.746210665375831E-004 -0.109330987117157E-003  0.435198383274697E-001 -0.147520297624895E-003 -0.144426636352447E-003  0.129714885615846E+000  0.100348771594651E+001  0.100341457474542E+001 -0.206675543871616E+001  0.176421202979482E-002 -0.258483363547591E-002  0.102890813378254E+001
      9.53000000  0.717438669254181E-004 -0.485141814159086E-004  0.433138424941333E-001 -0.143721914450801E-003 -0.161909387692280E-003  0.129954490349985E+000  0.100339434802241E+001  0.100382389012854E+001 -0.206919629485944E+001  0.169440863454094E-002 -0.114578223075508E-002  0.102296338157379E+001
      9.54000000  0.652858476269647E-004  0.203064512035850E-004  0.430232134387064E-001 -0.146406160527010E-003 -0.157762657440662E-003  0.130134043525111E+000  0.100345411865527E+001  0.100372204923761E+001 -0.207021525465417E+001  0.154027032333515E-002  0.479084293120475E-003  0.101503436476459E+001
      9.55000000  0.599686894063481E-004  0.866577387964233E-004  0.426785608012835E-001 -0.156651643957102E-003 -0.128931802884435E-003  0.130239076218731E+000  0.100369196742755E+001  0.100303866595077E+001 -0.206947578108817E+001  0.141334263955652E-002  0.204235040820437E-002  0.100584872493435E+001
      9.56000000  0.603534213063739E-004  0.139559169991187E-003  0.423094044212077E-001 -0.172870981936742E-003 -0.783632036808583E-004  0.130269460613224E+000  0.100406996319701E+001  0.100184493285922E+001 -0.206698038300193E+001  0.142092212804410E-002  0.328569132485953E-002  0.996105401569202E+000
      9.57000000  0.695623230867702E-004  0.171113086830175E-003  0.419377339268896E-001 -0.191281366430781E-003 -0.142771182889070E-004  0.130235814566608E+000  0.100449869969398E+001  0.100033578005467E+001 -0.206298428366798E+001  0.163601927057660E-002  0.402436685665052E-002  0.986323311588112E+000
      9.58000000  0.883873498008798E-004  0.178874424544699E-003  0.415747020108021E-001 -0.206895520895031E-003  0.525990854125878E-004  0.130153154897765E+000  0.100486084592175E+001  0.998764226268846E+000 -0.205784499079973E+001  0.207659057554913E-002  0.420251252077477E-002  0.976764600040488E+000
      9.59000000  0.114963492695453E-003  0.166018479151210E-003  0.412215231503768E-001 -0.214821520524161E-003  0.112558428694586E-003  0.130034034355589E+000  0.100504179814992E+001  0.997358286655052E+000 -0.205186068994116E+001  0.269815949243069E-002  0.389640506684485E-002  0.967457071570335E+000
      9.60000000  0.145114286711553E-003  0.139418059353582E-003  0.408741634634324E-001 -0.211595044876135E-003  0.159642922155923E-003  0.129883727609304E+000  0.100496090071828E+001  0.996257130276110E+000 -0.204515768773050E+001  0.340224209693501E-002  0.326869256883427E-002  0.958305365816341E+000
      9.61000000  0.173351293314270E-003  0.106697693736304E-003  0.405299022323015E-001 -0.196199564029927E-003  0.192529738298073E-003  0.129699399781062E+000  0.100459516304783E+001  0.995490787436707E+000 -0.203767183248758E+001  0.406003683683153E-002  0.249895203371237E-002  0.949245274784337E+000
      9.62000000  0.194308463315725E-003  0.736665045254864E-004  0.401929403303198E-001 -0.170432414770703E-003  0.213509918100507E-003  0.129473697114263E+000  0.100398752483381E+001  0.995004611641303E+000 -0.202923351325313E+001  0.454614120167786E-002  0.172353960137464E-002  0.940374798576564E+000
      9.63000000  0.204182753142022E-003  0.431343402902226E-004  0.398764073999619E-001 -0.138427172328885E-003  0.226381485340473E-003  0.129201342588711E+000  0.100323535049519E+001  0.994708961843429E+000 -0.201972236152129E+001  0.477220447671892E-002  0.100814534364780E-002  0.932000215401158E+000
      9.64000000  0.201667283446481E-003  0.152830186794270E-004  0.395994652420399E-001 -0.105444107012120E-003  0.234426254048892E-003  0.128885857627150E+000  0.100246190649905E+001  0.994526621404028E+000 -0.200922393407670E+001  0.470852293059920E-002  0.356827556116483E-003  0.924567371291502E+000
      9.65000000  0.188010838821208E-003 -0.110085879095710E-004  0.393802851541041E-001 -0.763703719586763E-004  0.239342730272561E-003  0.128543175196408E+000  0.100178124586009E+001  0.994417622482306E+000 -0.199811291720550E+001  0.438512370324781E-002 -0.256761897793850E-003  0.918497161932984E+000
      9.66000000  0.166203102729475E-003 -0.368020716132279E-004  0.392276440423636E-001 -0.545410680095956E-004  0.241324749197617E-003  0.128199970139319E+000  0.100127078706913E+001  0.994377221020160E+000 -0.198701272750598E+001  0.387247190981727E-002 -0.857474897910162E-003  0.913989854266566E+000
      9.67000000  0.139703783992017E-003 -0.623828954021771E-004  0.391348175370003E-001 -0.413633740308828E-004  0.239840308915582E-003  0.127886697030994E+000  0.100096275494633E+001  0.994417586835031E+000 -0.197663217812795E+001  0.325168128109596E-002 -0.145199569720615E-002  0.910884086228055E+000
      9.68000000  0.111367911003848E-003 -0.873204361813354E-004  0.390787970226529E-001 -0.368211030064055E-004  0.234418930925151E-003  0.127627713078657E+000  0.100085614576394E+001  0.994549408944543E+000 -0.196753538031039E+001  0.258947064209712E-002 -0.203033085480854E-002  0.908640529453190E+000
      9.69000000  0.831038601686189E-004 -0.110938318579486E-003  0.390257662296236E-001 -0.404581015540173E-004  0.224965565481282E-003  0.127432379642015E+000  0.100093974061812E+001  0.994774611970379E+000 -0.195993580058776E+001  0.193029504409437E-002 -0.257681997105361E-002  0.906471047099135E+000
      9.70000000  0.563643148810777E-004 -0.132670570816670E-003  0.389410983546949E-001 -0.521652414226582E-004  0.211575536207941E-003  0.127290893267887E+000  0.100121041908552E+001  0.995090695258561E+000 -0.195360133341656E+001  0.130785252044312E-002 -0.307842898112579E-002  0.903571945112189E+000
      9.71000000  0.330470955875390E-004 -0.151997933470046E-003  0.388000940009631E-001 -0.722147505601229E-004  0.194204065227759E-003  0.127176743701642E+000  0.100167391330394E+001  0.995498415961515E+000 -0.194791357144071E+001  0.766020411780265E-003 -0.352326029009270E-002  0.899372954122413E+000
      9.72000000  0.160876870634228E-004 -0.168056751337597E-003  0.385952723013211E-001 -0.100460420445172E-003  0.172615014390334E-003  0.127054912181648E+000  0.100232624258606E+001  0.996002959218276E+000 -0.194205963080379E+001  0.372523453439033E-003 -0.389149050048133E-002  0.893704860582299E+000
      9.73000000  0.916330592862495E-005 -0.179306395205741E-003  0.383375086093791E-001 -0.135189235765983E-003  0.146787304718789E-003  0.126892492062271E+000  0.100312719921345E+001  0.996604514100105E+000 -0.193527882690792E+001  0.211965715541101E-003 -0.414771793683674E-002  0.886823762924345E+000
      9.74000000  0.154531794328713E-004 -0.183643275127219E-003  0.380510160347189E-001 -0.172422263782725E-003  0.117585484118116E-003  0.126667501491807E+000  0.100398437917388E+001  0.997282803602086E+000 -0.192706605213792E+001  0.357096148442458E-003 -0.424367726526188E-002  0.879292920226942E+000
      9.75000000  0.360190104098782E-004 -0.179074191033428E-003  0.377648001520130E-001 -0.206300542623613E-003  0.872563309024466E-004  0.126372708363905E+000  0.100476235789735E+001  0.997985725721890E+000 -0.191725876254247E+001  0.831483119232867E-003 -0.413384946560725E-002  0.871783912724876E+000
      9.76000000  0.687066736473952E-004 -0.164695058765022E-003  0.375044980329513E-001 -0.230611594042911E-003  0.593506185249005E-004  0.126013764766792E+000  0.100531811342298E+001  0.998631320674273E+000 -0.190599220159716E+001  0.158443847929245E-002 -0.379801807602900E-002  0.864887887527777E+000
      9.77000000  0.108291785317633E-003 -0.141492462475311E-003  0.372878500612995E-001 -0.240833657996850E-003  0.379600456241052E-004  0.125603588342048E+000  0.100554815893997E+001  0.999125502771320E+000 -0.189356843785233E+001  0.249475111507529E-002 -0.325960531077842E-002  0.859011653066178E+000
      9.78000000  0.147963174294377E-003 -0.112527778903452E-003  0.371248606051715E-001 -0.235702379767800E-003  0.265268429247000E-004  0.125156395438383E+000  0.100542439601340E+001  0.999389517826886E+000 -0.188031819252729E+001  0.340518773532430E-002 -0.258968634886796E-002  0.854382319190067E+000
      9.79000000  0.181503385956241E-003 -0.823450765944966E-004  0.370211914001613E-001 -0.217485049146894E-003  0.267189049660443E-004  0.124684390266940E+000  0.100500003438255E+001  0.999385725850957E+000 -0.186652457604604E+001  0.417280716026477E-002 -0.189313341685486E-002  0.851126229641631E+000
      9.80000000  0.205113842844976E-003 -0.558034540359352E-004  0.369818492425769E-001 -0.190808873941861E-003  0.378471972355900E-004  0.124198167040235E+000  0.100438226633319E+001  0.999130771568300E+000 -0.185243256678795E+001  0.471080547461298E-002 -0.128162591626485E-002  0.849354170624718E+000
      9.81000000  0.218003631613213E-003 -0.367848684102368E-004  0.370125244558400E-001 -0.160668166794234E-003  0.570599526823883E-004  0.123709544655345E+000  0.100368626970070E+001  0.998690852214890E+000 -0.183831424263482E+001  0.500173866355881E-002 -0.843968961433822E-003  0.849192159033147E+000
      9.82000000  0.221539600512747E-003 -0.272597188485151E-004  0.371177413506863E-001 -0.130679732829352E-003  0.802169200680438E-004  0.123234164100830E+000  0.100299518067938E+001  0.998161427453632E+000 -0.182452817558010E+001  0.507768968305761E-002 -0.624793006937790E-003  0.850738973432140E+000
      9.83000000  0.217562114545747E-003 -0.270159978434838E-004  0.372971767172786E-001 -0.102494869396290E-003  0.103087921974050E-003  0.122791496846040E+000  0.100234679353992E+001  0.997639627517381E+000 -0.181151918386676E+001  0.498145290544778E-002 -0.618577003776525E-003  0.853981998250064E+000
      9.84000000  0.206937132364312E-003 -0.340792661362112E-004  0.375427675977816E-001 -0.765871008207729E-004  0.122434540315559E-003  0.122401686698801E+000  0.100175180921626E+001  0.997199502869083E+000 -0.179974565621646E+001  0.473336073278593E-002 -0.779509497828156E-003  0.858731634661880E+000
      9.85000000  0.189259166070936E-003 -0.455998849402747E-004  0.378388178913180E-001 -0.538076173337116E-004  0.136627832263396E-003  0.122080769583329E+000  0.100122951492901E+001  0.996878026424325E+000 -0.178957025390316E+001  0.432461018841820E-002 -0.104196658527755E-002  0.864624634926069E+000
      9.86000000  0.163916995988808E-003 -0.588506013610464E-004  0.381654902421222E-001 -0.366175836764258E-004  0.145659913857146E-003  0.121836978048559E+000  0.100083587058676E+001  0.996675017151895E+000 -0.178117603909688E+001  0.374173776259550E-002 -0.134338429115134E-002  0.871204692383876E+000
      9.87000000  0.131882322837666E-003 -0.719851464589955E-004  0.385039566223717E-001 -0.290608566159783E-004  0.150630083765441E-003  0.121670315059237E+000  0.100066270086051E+001  0.996565046672584E+000 -0.177455766546160E+001  0.300743126694442E-002 -0.164154206233412E-002  0.878040366256879E+000
      9.88000000  0.970744344143299E-004 -0.843275340020516E-004  0.388403852817488E-001 -0.352610393173729E-004  0.152953364226378E-003  0.121575673258404E+000  0.100080327534971E+001  0.996515597114637E+000 -0.176959339099327E+001  0.221143510689752E-002 -0.192105027750441E-002  0.884815781783282E+000
      9.89000000  0.662965720853666E-004 -0.961404396120366E-004  0.391665655079764E-001 -0.571136174112421E-004  0.153612994420040E-003  0.121547634590966E+000  0.100129977940682E+001  0.996504108550346E+000 -0.176615489527083E+001  0.150876311193342E-002 -0.218794342285037E-002  0.891344264126773E+000
      9.90000000  0.474713394975089E-004 -0.108007401233622E-003  0.394769744111486E-001 -0.923949944663872E-004  0.152749114693367E-003  0.121584030446660E+000  0.100210058144389E+001  0.996527279884057E+000 -0.176418825180821E+001  0.107925126724747E-002 -0.245552634257581E-002  0.897500999788808E+000
      9.91000000  0.468290668336922E-004 -0.120110093523610E-003  0.397642751036447E-001 -0.134405741868952E-003  0.149751520261057E-003  0.121686057959960E+000  0.100305260382011E+001  0.996598865074816E+000 -0.176371619409318E+001  0.106357501041848E-002 -0.272792311716167E-002  0.903120479804519E+000
      9.92000000  0.663186113277369E-004 -0.131742758043487E-003  0.400162614696436E-001 -0.173547585220587E-003  0.143829914124944E-003  0.121854848848087E+000  0.100393761434503E+001  0.996736648727302E+000 -0.176475987969677E+001  0.150470036776882E-002 -0.298910626308614E-002  0.907927384856489E+000
      9.93000000  0.102478787544132E-003 -0.141343270468108E-003  0.402164601142001E-001 -0.200280721530047E-003  0.134821450615299E-003  0.122086626852867E+000  0.100453958523003E+001  0.996944121924321E+000 -0.176722913624395E+001  0.232279565788018E-002 -0.320370237374751E-002  0.911550782042056E+000
      9.94000000  0.147346090294242E-003 -0.147126335748831E-003  0.403483927835454E-001 -0.208221226612143E-003  0.123840934086485E-003  0.122369596853223E+000  0.100471481755222E+001  0.997195831475905E+000 -0.177085258063677E+001  0.333640303668115E-002 -0.333142706662880E-002  0.913621121126448E+000
      9.95000000  0.191030082133925E-003 -0.148125454458467E-003  0.404011911547077E-001 -0.196067423183931E-003  0.113368494759224E-003  0.122684817236054E+000  0.100443515330212E+001  0.997435542091987E+000 -0.177519826317158E+001  0.432120586797269E-002 -0.335067951524677E-002  0.913897237234162E+000
      9.96000000  0.224846122033345E-003 -0.145192124373872E-003  0.403732483736557E-001 -0.167606327513093E-003  0.106550827742992E-003  0.123010982596044E+000  0.100378754103935E+001  0.997592181400063E+000 -0.177978255228327E+001  0.508103678050734E-002 -0.328102845409197E-002  0.912348223220325E+000
      9.97000000  0.243713189512371E-003 -0.141395657109478E-003  0.402715578538015E-001 -0.129938357664139E-003  0.105833144599460E-003  0.123330636448487E+000  0.100293338110672E+001  0.997610798286100E+000 -0.178421064680870E+001  0.550186779658326E-002 -0.319203164171742E-002  0.909137448479467E+000
      9.98000000  0.246954061846399E-003 -0.141411368425310E-003  0.401068358248439E-001 -0.908172232442846E-004  0.111415323985535E-003  0.123634293289584E+000  0.100204816034477E+001  0.997487299872927E+000 -0.178826909393260E+001  0.556944485179862E-002 -0.318918754351974E-002  0.904511586634859E+000
      9.99000000  0.237418357271999E-003 -0.149874760815079E-003  0.398870532268706E-001 -0.562787320110838E-004  0.120257934989267E-003  0.123919961661797E+000  0.100126795865140E+001  0.997290591247886E+000 -0.179191413621071E+001  0.534903060793932E-002 -0.337667521656293E-002  0.898654472310255E+000
     10.00000000  0.219577795690633E-003 -0.169183588509179E-003  0.396131192831973E-001 -0.294446853049501E-004  0.126297865141987E-003  0.124188117498952E+000  0.100066272475398E+001  0.997157357236524E+000 -0.179515772591390E+001  0.494213604670349E-002 -0.380789099668300E-002  0.891590263560541E+000
     10.01000000  0.197580520627698E-003 -0.197626500699047E-003  0.392794481279999E-001 -0.107385892860265E-004  0.122128256418376E-003  0.124434847908388E+000  0.100024145679432E+001  0.997253950541844E+000 -0.179791308494582E+001  0.444259090830921E-002 -0.444362476856168E-002  0.883196980058940E+000
     10.02000000  0.174092185314676E-003 -0.228787125886311E-003  0.388795015925067E-001  0.908842248173377E-006  0.101772859412641E-003  0.124647129326994E+000  0.999979585109196E+000  0.997713924703763E+000 -0.179988913297613E+001  0.391054988935927E-002 -0.513913630416193E-002  0.873331737298280E+000
     10.03000000  0.150243663704020E-003 -0.252811326186877E-003  0.384135838377900E-001  0.664678547544089E-005  0.635941575574625E-004  0.124803262185966E+000  0.999850845278799E+000  0.998572938922800E+000 -0.180060125982928E+001  0.337148714289104E-002 -0.567311868469488E-002  0.862005763361927E+000
     10.04000000  0.126439468645291E-003 -0.259417258013660E-003  0.378947440837335E-001  0.681031539063718E-005  0.121045966270396E-004  0.124878825274099E+000  0.999847327861955E+000  0.999728641840910E+000 -0.179950577287270E+001  0.283449192939249E-002 -0.581555848077533E-002  0.849515957497948E+000
     10.05000000  0.103425576374392E-003 -0.241738580261412E-003  0.373494330913840E-001  0.896779882456153E-006 -0.423134701811366E-004  0.124855573799867E+000  0.999979916191538E+000  0.100094763012317E+001 -0.179619946725653E+001  0.231626456678928E-002 -0.541384952846238E-002  0.836458171101469E+000
     10.06000000  0.829913158777247E-004 -0.199569108048275E-003  0.368121465436448E-001 -0.117030043851506E-004 -0.860531993539388E-004  0.124729081587358E+000  0.100026183377217E+001  0.100192528628145E+001 -0.179058990811717E+001  0.185678212011478E-002 -0.446500152012592E-002  0.823605877101541E+000
     10.07000000  0.679339558562174E-004 -0.140599716647975E-003  0.363162819472521E-001 -0.306717172534978E-004 -0.106614589690960E-003  0.124511483794579E+000  0.100068554330987E+001  0.100238294185137E+001 -0.178295519000378E+001  0.151839131031044E-002 -0.314254315532926E-002  0.811704930715363E+000
     10.08000000  0.612841825325347E-004 -0.788708669777993E-004  0.358852487574229E-001 -0.539763910118353E-004 -0.971481438637466E-004  0.124228080030802E+000  0.100120522903773E+001  0.100216920327112E+001 -0.177386625055854E+001  0.136840338817051E-002 -0.176109327301657E-002  0.801275206027752E+000
     10.09000000  0.651062625887642E-004 -0.307034376312182E-004  0.355275983828048E-001 -0.777319992044196E-004 -0.594713322919120E-004  0.123909496156880E+000  0.100173394351916E+001  0.100132660850433E+001 -0.176401057508019E+001  0.145230514109632E-002 -0.684892029554831E-003  0.792503082354128E+000
     10.10000000  0.793470092679632E-004 -0.940846045435103E-005  0.352378239616871E-001 -0.968589000218122E-004 -0.425239833794163E-005  0.123583034873905E+000  0.100215846213491E+001  0.100009476300880E+001 -0.175399887085743E+001  0.176821660151693E-002 -0.209663806154518E-003  0.785260917900071E+000
     10.11000000  0.101195773242677E-003 -0.206669832274093E-004  0.350017235825494E-001 -0.106388760974200E-003  0.519332472840449E-004  0.123266845979943E+000  0.100236848626706E+001  0.998843832921168E+000 -0.174423566186775E+001  0.225287706159061E-002 -0.460099972097183E-003  0.779228001807549E+000
     10.12000000  0.125269578920042E-003 -0.603308714989132E-004  0.348032854339756E-001 -0.103047018644198E-003  0.917686494130294E-004  0.122968772769616E+000  0.100229182363716E+001  0.997959013636281E+000 -0.173489465074786E+001  0.278606587325812E-002 -0.134179250569949E-002  0.774044637659014E+000
     10.13000000  0.144701850144598E-003 -0.115541939055506E-003  0.346298516560799E-001 -0.866144001257701E-004  0.102782204641847E-003  0.122689260800331E+000  0.100192445132963E+001  0.997716322573406E+000 -0.172598448682354E+001  0.321507356174221E-002 -0.256718095282525E-002  0.769427069489846E+000
     10.14000000  0.152935154023692E-003 -0.168828431813461E-003  0.344737639430464E-001 -0.605700476856342E-004  0.813493367612889E-004  0.122425899754145E+000  0.100134445489310E+001  0.998194313558631E+000 -0.171745039430594E+001  0.339465501531551E-002 -0.374743325981569E-002  0.765203634266694E+000
     10.15000000  0.145752254919543E-003 -0.203717819014062E-003  0.343308350283768E-001 -0.316649082529073E-004  0.336854279589725E-004  0.122176878103447E+000  0.100070216385108E+001  0.999253031474720E+000 -0.170925109134328E+001  0.323203098520959E-002 -0.451740732008726E-002  0.761280315155899E+000
     10.16000000  0.122904709532310E-003 -0.209861362813776E-003  0.341976004871460E-001 -0.836722422412333E-005 -0.264585664982301E-004  0.121941824968018E+000  0.100018535912680E+001  0.100058613665070E+001 -0.170137737327382E+001  0.272270815601169E-002 -0.464905898512037E-002  0.757579478578925E+000
     10.17000000  0.887073454509034E-004 -0.185909457955684E-003  0.340695801000439E-001  0.149000109017380E-005 -0.824685137448159E-004  0.121720354819339E+000  0.999967024460565E+000  0.100182512868286E+001 -0.169381974745432E+001  0.196320162946098E-002 -0.411440280323584E-002  0.754001315533409E+000
     10.18000000  0.512200917183909E-004 -0.139280927857474E-003  0.339417320614130E-001 -0.683045699782311E-005 -0.120168830356625E-003  0.121510017508462E+000  0.100015101784165E+001  0.100265687016246E+001 -0.168652311085989E+001  0.113244951291558E-002 -0.307942866986301E-002  0.750433992812570E+000
     10.19000000  0.201037109679146E-004 -0.831382532321694E-004  0.338106601194948E-001 -0.332598981036851E-004 -0.131911958154636E-003  0.121305557072228E+000  0.100073463735194E+001  0.100291364246895E+001 -0.167937060255766E+001  0.444046369101407E-003 -0.183633954646970E-002  0.746802462836085E+000
     10.20000000  0.376347136356823E-005 -0.318355763999442E-004  0.336769221729736E-001 -0.726706124261053E-004 -0.118203202005450E-003  0.121100402205402E+000  0.100160355892730E+001  0.100260828680925E+001 -0.167221679538820E+001  0.830452352225217E-004 -0.702487856336786E-003  0.743119225111767E+000
     10.21000000  0.675862916760691E-005  0.350048447378508E-005  0.335456528307127E-001 -0.116308298809770E-003 -0.865936773817879E-004  0.120889813255643E+000  0.100256395994939E+001  0.100190891555417E+001 -0.166495720983447E+001  0.148990696930958E-003  0.771664798306877E-004  0.739497621530481E+000
     10.22000000  0.284554104985414E-004  0.178468381306826E-004  0.334246575339749E-001 -0.154489400038135E-003 -0.485329366835600E-004  0.120673988228862E+000  0.100340231144667E+001  0.100106883815963E+001 -0.165759651707367E+001  0.626671919464563E-003  0.393039921469468E-003  0.736109369967985E+000
     10.23000000  0.634771594129374E-004  0.129130864740207E-004  0.333205707505376E-001 -0.179595897337176E-003 -0.154525821761761E-004  0.120459294775827E+000  0.100395136413198E+001  0.100033997869585E+001 -0.165027511094427E+001  0.139658741999633E-002  0.284106193310007E-003  0.733099753796075E+000
     10.24000000  0.103798061668732E-003 -0.434884522909634E-005  0.332347861791598E-001 -0.188223641294743E-003  0.459309974879727E-005  0.120256672775188E+000  0.100413714259225E+001  0.999899043985811E+000 -0.164323333412337E+001  0.228147420254250E-002 -0.955873167718523E-004  0.730498297133522E+000
     10.25000000  0.141636338142674E-003 -0.245862462131913E-004  0.331610891144890E-001 -0.181656180798533E-003  0.879153253176027E-005  0.120077629512551E+000  0.100398889486051E+001  0.999806951248354E+000 -0.163672305076358E+001  0.311011967110410E-002 -0.539876764599976E-003  0.728167339841259E+000
     10.26000000  0.171953882103757E-003 -0.391907469845846E-004  0.330861872101939E-001 -0.164537058951007E-003 -0.390902544538537E-006  0.119929399449000E+000  0.100360946342051E+001  0.100000857526228E+001 -0.163090140977699E+001  0.377216689920791E-002 -0.859730741300035E-003  0.725814495656346E+000
     10.27000000  0.193547164511014E-003 -0.427825160351423E-004  0.329930678536903E-001 -0.142393753950404E-003 -0.167475216098739E-004  0.119811219043786E+000  0.100312066227904E+001  0.100036703406930E+001 -0.162574966600133E+001  0.424172633102559E-002 -0.937609833924798E-003  0.723066984783173E+000
     10.28000000  0.208357662890541E-003 -0.343992694473931E-004  0.328659440764778E-001 -0.119160633902700E-003 -0.327923696439746E-004  0.119713162244964E+000  0.100260895125980E+001  0.100071796944421E+001 -0.162104853947560E+001  0.456186719794693E-002 -0.753151560390846E-003  0.719580312679967E+000
     10.29000000  0.219446283165988E-003 -0.171899700974572E-004  0.326949971542149E-001 -0.958138450669219E-004 -0.423223517741678E-004  0.119617910085387E+000  0.100209574852781E+001  0.100092572223109E+001 -0.161641789645610E+001  0.479997671064819E-002 -0.375998421728210E-003  0.715141868118292E+000
     10.30000000  0.228677813777895E-003  0.316114153618482E-005  0.324793452859146E-001 -0.706770047860815E-004 -0.423096545063638E-004  0.119504717794396E+000  0.100154442629464E+001  0.100092454601231E+001 -0.161140421915747E+001  0.499704295151521E-002  0.690769243031013E-004  0.709735154230766E+000
     10.31000000  0.235258967041212E-003  0.207115827050951E-004  0.322274613661907E-001 -0.411476913598725E-004 -0.335842966353374E-004  0.119354158352471E+000  0.100089828279959E+001  0.100073316861789E+001 -0.160558451674652E+001  0.513586732469025E-002  0.452148295112950E-003  0.703547957682487E+000
     10.32000000  0.235823705891998E-003  0.314719024373518E-004  0.319552188062717E-001 -0.592318818215349E-005 -0.201350533854310E-004  0.119152164506477E+000  0.100012918203116E+001  0.100043913632556E+001 -0.159865433194832E+001  0.514320740567860E-002  0.686387829732068E-003  0.696928739173348E+000
     10.33000000  0.225988983128703E-003  0.347941500610852E-004  0.316824647673893E-001  0.334072255831682E-004 -0.729646829841490E-005  0.118892367147026E+000  0.999272108976415E+000  0.100015897859477E+001 -0.159047811688503E+001  0.492394532550654E-002  0.758109931627430E-003  0.690311191864902E+000
     10.34000000  0.202594485404705E-003  0.334373883414014E-004  0.314292844111736E-001  0.721954417424432E-004  0.515370982684457E-006  0.118576449123875E+000  0.998428495913057E+000  0.999988781734885E+000 -0.158109611792603E+001  0.440994686259346E-002  0.727843630664087E-003  0.684132511828943E+000
     10.35000000  0.165534286737339E-003  0.322770913771369E-004  0.312129337966398E-001  0.104075482054276E-003  0.165646231371106E-005  0.118212881567682E+000  0.997736740474789E+000  0.999963978027911E+000 -0.157069604607932E+001  0.359976282417749E-002  0.701908202234632E-003  0.678766682898407E+000
     10.36000000  0.118319085146003E-003  0.361573250011824E-004  0.310459586644249E-001  0.123174959798632E-003 -0.204571764276191E-005  0.117814768705376E+000  0.997323982499416E+000  0.100004444390501E+001 -0.155956554317741E+001  0.257052198775964E-002  0.785530067439420E-003  0.674483911699488E+000
     10.37000000  0.671377207336270E-004  0.477611070381321E-004  0.309355181285230E-001  0.126179377569583E-003 -0.604912556022980E-005  0.117397541722767E+000  0.997261353991825E+000  0.100013129256054E+001 -0.154804164675299E+001  0.145718305500240E-002  0.103662553782919E-002  0.671436449167758E+000
     10.38000000  0.188890544336156E-004  0.663990880669234E-004  0.308835901018921E-001  0.113355276515835E-003 -0.500142322078576E-005  0.116977000124711E+000  0.997542063478291E+000  0.100010844824496E+001 -0.153646808198037E+001  0.409580375788203E-003  0.143976309338417E-002  0.669663613076927E+000
     10.39000000 -0.209132626259104E-004  0.882357548995669E-004  0.308876376108831E-001  0.881733014187490E-004  0.502836312716224E-005  0.116567866302115E+000  0.998089936392374E+000  0.999891072543949E+000 -0.152516391764506E+001 -0.453035796729051E-003  0.191141651285864E-002  0.669106765617135E+000
     10.40000000 -0.494870834444745E-004  0.107833591098171E-003  0.309414323437787E-001  0.558301626001653E-004  0.249646595059569E-004  0.116182762072216E+000  0.998791736019627E+000  0.999459720383060E+000 -0.151440153519604E+001 -0.107098846994031E-002  0.233371063113831E-002  0.669627607389849E+000
     10.41000000 -0.669353441912212E-004  0.120297800314679E-003  0.310359460936972E-001  0.214224229323361E-004  0.524580910693078E-004  0.115831436009158E+000  0.999536826039912E+000  0.998865804215706E+000 -0.150439014711180E+001 -0.144720830770653E-002  0.260095735844529E-002  0.671027833905149E+000
     10.42000000 -0.753540158440157E-004  0.123048519073350E-003  0.311603857964653E-001 -0.114239418616431E-004  0.829819408663724E-004  0.115520167419979E+000  0.100024675987455E+001  0.998207570244486E+000 -0.149526322575322E+001 -0.162766475194597E-002  0.265787742075261E-002  0.673071780579460E+000
     10.43000000 -0.774884240968173E-004  0.116469909338289E-003  0.313034584234951E-001 -0.409983772422189E-004  0.111700957358691E-003  0.115251451051840E+000  0.100088472568215E+001  0.997589545920029E+000 -0.148707206258187E+001 -0.167216371668939E-002  0.251336581885124E-002  0.675513897627627E+000
     10.44000000 -0.756331673457007E-004  0.103270477512409E-003  0.314547983764535E-001 -0.670679970931627E-004  0.135200320667869E-003  0.115024183560602E+000  0.100144590950838E+001  0.997085235318438E+000 -0.147979018179649E+001 -0.163056480816683E-002  0.222639368763510E-002  0.678129570406569E+000
     10.45000000 -0.712170578635973E-004  0.870234019438868E-004  0.316062690962013E-001 -0.900178262819833E-004  0.152318769173604E-003  0.114834516699704E+000  0.100193882453367E+001  0.996719323507246E+000 -0.147333208860228E+001 -0.153388928287565E-002  0.187432993731322E-002  0.680743053598231E+000
     10.46000000 -0.650746380962972E-004  0.707010167108241E-004  0.317527191493646E-001 -0.110154079556856E-003  0.163862099158756E-003  0.114677302675123E+000  0.100237025557564E+001  0.996474074716717E+000 -0.146758465195302E+001 -0.140025248634187E-002  0.152131886296057E-002  0.683243506805499E+000
     10.47000000 -0.580248760363790E-004  0.559020277466145E-004  0.318918585468610E-001 -0.127556817242126E-003  0.171573893747713E-003  0.114547746809024E+000  0.100274209986983E+001  0.996311661251167E+000 -0.146244276398173E+001 -0.124736575015251E-002  0.120173069790764E-002  0.685582025804281E+000
     10.48000000 -0.512465085122637E-004  0.429864316537734E-004  0.320232348823838E-001 -0.142482600208294E-003  0.177072458158070E-003  0.114442687138500E+000  0.100306003803740E+001  0.996197090335607E+000 -0.145783678311874E+001 -0.110059940724230E-002  0.923201259384977E-003  0.687749358009402E+000
     10.49000000 -0.461049820851000E-004  0.317819145657986E-004  0.321466969814996E-001 -0.155963323530898E-003  0.181356137231358E-003  0.114360993274242E+000  0.100334636468675E+001  0.996108804559840E+000 -0.145374092299506E+001 -0.989233112245491E-003  0.681915941340444E-003  0.689742749378461E+000
     10.50000000 -0.434410001895601E-004  0.222343112823541E-004  0.322610140474963E-001 -0.170108763992806E-003  0.185026603041636E-003  0.114302935242808E+000  0.100364639460641E+001  0.996033831581997E+000 -0.145015951432190E+001 -0.931186759990112E-003  0.476607264871461E-003  0.691536313938349E+000
     10.51000000 -0.426805862893132E-004  0.145027276709606E-004  0.323632841332138E-001 -0.187760634164245E-003  0.188876728209191E-003  0.114268862675689E+000  0.100402094472414E+001  0.995955153820259E+000 -0.144709857608935E+001 -0.914016290086501E-003  0.310579832528341E-003  0.693068476096873E+000
     10.52000000 -0.412904260517942E-004  0.844601403011609E-005  0.324493878399425E-001 -0.211486148741577E-003  0.194251418105308E-003  0.114257895474979E+000  0.100452472786630E+001  0.995844007705468E+000 -0.144453779444756E+001 -0.883405095226496E-003  0.180701739894854E-003  0.694251847118934E+000
     10.53000000 -0.349981052599120E-004  0.291707317288573E-005  0.325151922362862E-001 -0.242266508154097E-003  0.202758806090036E-003  0.114267335951963E+000  0.100517834860992E+001  0.995666112540007E+000 -0.144241808244392E+001 -0.748070342464446E-003  0.623512590532727E-004  0.694999080974737E+000
     10.54000000 -0.188732519141107E-004 -0.452821733234763E-005  0.325577821958268E-001 -0.278450582110889E-003  0.215371133910958E-003  0.114293123986523E+000  0.100594612171430E+001  0.995400896754202E+000 -0.144065148357414E+001 -0.403025384882070E-003 -0.966969837261911E-004  0.695249168510769E+000
     10.55000000  0.110283341910839E-004 -0.171145704968982E-004  0.325759515896657E-001 -0.315502082965378E-003  0.231412539872985E-003  0.114331053619241E+000  0.100673094507506E+001  0.995063027537173E+000 -0.143914726347169E+001  0.235279307863445E-003 -0.365123529185925E-003  0.694977791768965E+000
     10.56000000  0.560415070574940E-004 -0.376194629910960E-004  0.325695897186443E-001 -0.346783223480695E-003  0.248091259822688E-003  0.114377980633819E+000  0.100739129330514E+001  0.994712214595081E+000 -0.143783766131800E+001  0.119446151912025E-002 -0.801816426291549E-003  0.694184072754210E+000
     10.57000000  0.113923128514036E-003 -0.669934805105731E-004  0.325382591396524E-001 -0.365209750977783E-003  0.260987622827287E-003  0.114432173010351E+000  0.100777666968670E+001  0.994442605846060E+000 -0.143668524361866E+001  0.242584579890758E-002 -0.142653959183317E-002  0.692860179203795E+000
     10.58000000  0.178959085728108E-003 -0.103540557012646E-003  0.324798210856066E-001 -0.365253606874673E-003  0.265398142674506E-003  0.114492377508375E+000  0.100777025230927E+001  0.994354031028910E+000 -0.143566290375818E+001  0.380710066367998E-002 -0.220267845981024E-002  0.690962115212675E+000
     10.59000000  0.243178755276115E-003 -0.143114760975795E-003  0.323900892598867E-001 -0.344610445183514E-003  0.257962427567214E-003  0.114555905097045E+000  0.100732417566896E+001  0.994517397363018E+000 -0.143471312194593E+001  0.516839796209256E-002 -0.304168856417087E-002  0.688402533900284E+000
     10.60000000  0.298300611577947E-003 -0.180277386138466E-003  0.322640645856431E-001 -0.304955750348551E-003  0.237840708460786E-003  0.114616692112363E+000  0.100647526038704E+001  0.994949822995104E+000 -0.143370694036819E+001  0.633394888068853E-002 -0.382790951082853E-002  0.685077159874669E+000
     10.61000000  0.337770067717243E-003 -0.209886700763327E-003  0.320985047986206E-001 -0.251540897108218E-003  0.206950392014449E-003  0.114664499554050E+000  0.100533604516777E+001  0.995609872382694E+000 -0.143242731418261E+001  0.716526162695587E-002 -0.445241679688086E-002  0.680919378885726E+000
     10.62000000  0.358235113657962E-003 -0.228427709583658E-003  0.318948131422128E-001 -0.191794622395493E-003  0.169257178723696E-003  0.114686014809936E+000  0.100406479066818E+001  0.996412855626473E+000 -0.143059287558680E+001  0.759223970320254E-002 -0.484117234713214E-002  0.675961281941050E+000
     10.63000000  0.360034229811329E-003 -0.234603399144487E-003  0.316608996541604E-001 -0.133429465464903E-003  0.129559661018047E-003  0.114667777857451E+000  0.100282517111412E+001  0.997256766257824E+000 -0.142792019435040E+001  0.762319104415716E-002 -0.496737916343198E-002  0.670372611015441E+000
     10.64000000  0.346641084794632E-003 -0.229147520555584E-003  0.314109770545713E-001 -0.826798112454317E-004  0.923590273235578E-004  0.114599968834562E+000  0.100174897710357E+001  0.998046272461636E+000 -0.142420390833402E+001  0.733271292387000E-002 -0.484729900509680E-002  0.664455794488115E+000
     10.65000000  0.323365692224488E-003 -0.214205138648133E-003  0.311630808565994E-001 -0.431842352098131E-004  0.612111317464016E-004  0.114479603779357E+000  0.100091264504535E+001  0.998706378940442E+000 -0.141938389494951E+001  0.683393130408617E-002 -0.452695891278209E-002  0.658592914828569E+000
     10.66000000  0.295814207664354E-003 -0.192737685707310E-003  0.309350674315602E-001 -0.157391237185867E-004  0.385747811630442E-004  0.114311839104850E+000  0.100033231475143E+001  0.999185534783081E+000 -0.141357213251327E+001  0.624580037913054E-002 -0.406944994281461E-002  0.653160838412798E+000
     10.67000000  0.268599828694521E-003 -0.168209727197319E-003  0.307404945143078E-001  0.117236502506940E-005  0.258603802038937E-004  0.114108817104378E+000  0.999975269966207E+000  0.999454497479306E+000 -0.140702754070257E+001  0.566588280819974E-002 -0.354823979647124E-002  0.648444342763379E+000
     10.68000000  0.244613829147214E-003 -0.144471546252782E-003  0.305858345359384E-001  0.103989800418193E-004  0.233437853631789E-004  0.113886453316423E+000  0.999780847833939E+000  0.999508043951826E+000 -0.140008758829964E+001  0.515508735381803E-002 -0.304464977990281E-002  0.644577820362297E+000
     10.69000000  0.224915863890518E-003 -0.125517348481180E-003  0.304699158012922E-001  0.150717216710023E-004  0.298489185474540E-004  0.113660333499128E+000  0.999682669777879E+000  0.999371540679991E+000 -0.139308153792277E+001  0.473553072467870E-002 -0.264272715108333E-002  0.641534216215309E+000
     10.70000000  0.209101315252847E-003 -0.114845347565040E-003  0.303856096931495E-001  0.177816895536946E-004  0.424381186767602E-004  0.113442135042508E+000  0.999625962176201E+000  0.999107314211731E+000 -0.138625520878184E+001  0.439844597863283E-002 -0.241577178293364E-002  0.639161272618157E+000
     10.71000000  0.195915618212816E-003 -0.114452848867266E-003  0.303229847701777E-001  0.201236110440998E-004  0.565321123716631E-004  0.113237659350013E+000  0.999577095097979E+000  0.998811957387210E+000 -0.137973001602982E+001  0.411723696821559E-002 -0.240526765947787E-002  0.637248398169039E+000
     10.72000000  0.183903827377813E-003 -0.123865901722700E-003  0.302727514161576E-001  0.226042922271898E-004  0.667579093624115E-004  0.113046865616601E+000  0.999525405825209E+000  0.998598367310676E+000 -0.137350426020161E+001  0.386119964819723E-002 -0.260065808838638E-002  0.635599262857604E+000
     10.73000000  0.171951081209860E-003 -0.139774772497998E-003  0.302289225200308E-001  0.248414345042007E-004  0.684370408483737E-004  0.112865573953311E+000  0.999478921415498E+000  0.998564451808662E+000 -0.136748942596771E+001  0.360687809656165E-002 -0.293194181640311E-002  0.634087542532453E+000
     10.74000000  0.159628182786553E-003 -0.156677334182916E-003  0.301900786457631E-001  0.259588016040407E-004  0.591991960013621E-004  0.112688052457503E+000  0.999455990312637E+000  0.998759382786613E+000 -0.136156480264715E+001  0.334527298820266E-002 -0.328343306774688E-002  0.632683106719503E+000
     10.75000000  0.147287829811992E-003 -0.168481238188830E-003  0.301591799996208E-001  0.250764648466563E-004  0.400029846701514E-004  0.112509635419116E+000  0.999474969995697E+000  0.999162451033591E+000 -0.135563245176165E+001  0.308378913825655E-002 -0.352751896059526E-002  0.631447634337963E+000
     10.76000000  0.135886184964809E-003 -0.170518222321661E-003  0.301422649126950E-001  0.217714559465076E-004  0.150150189718033E-004  0.112328753418582E+000  0.999544591138261E+000  0.999685920284076E+000 -0.134965956620315E+001  0.284242693611694E-002 -0.356684962751280E-002  0.630506962320010E+000
     10.77000000  0.126566859919252E-003 -0.161158032951239E-003  0.301465098209163E-001  0.163592128724581E-004 -0.972035337320881E-005  0.112148088171578E+000  0.999658120566339E+000  0.100020313867984E+001 -0.134370230213041E+001  0.264502985117623E-002 -0.336792591824451E-002  0.630010244672051E+000
     10.78000000  0.120141998449661E-003 -0.142334419965759E-003  0.301780583854480E-001  0.986679099193528E-005 -0.283361976777208E-004  0.111974808204145E+000  0.999793992304792E+000  0.100059162850204E+001 -0.133791028697393E+001  0.250843219629350E-002 -0.297178543964764E-002  0.630084518757203E+000
     10.79000000  0.116688749194519E-003 -0.118760171909844E-003  0.302399105360422E-001  0.367043961102467E-005 -0.371012352602467E-004  0.111819925554621E+000  0.999923436299817E+000  0.100077391488593E+001 -0.133251276739262E+001  0.243407421313600E-002 -0.247728314845052E-002  0.630790774186972E+000
     10.80000000  0.115475448759079E-003 -0.961793859961225E-004  0.303301273257098E-001 -0.106768378951367E-005 -0.355091662124930E-004  0.111696803805628E+000  0.100002225077637E+001  0.100074001921200E+001 -0.132778714770882E+001  0.240653497986438E-002 -0.200440058236491E-002  0.632086847355270E+000
     10.81000000  0.115299779407854E-003 -0.793988352236410E-004  0.304406770571674E-001 -0.388977971199285E-005 -0.261312714129514E-004  0.111618876923835E+000  0.100008098891641E+001  0.100054407794603E+001 -0.132401127123474E+001  0.240065116492419E-002 -0.165315933171918E-002  0.633803873812025E+000
     10.82000000  0.115100781006687E-003 -0.708743401074419E-004  0.305573258281591E-001 -0.517208704667895E-005 -0.134105248352030E-004  0.111596801663345E+000  0.100010758824920E+001  0.100027896183394E+001 -0.132140418336807E+001  0.239429294169116E-002 -0.147430739202724E-002  0.635644596912578E+000
     10.83000000  0.114515092607752E-003 -0.703128841133746E-004  0.306609161993236E-001 -0.576681931132960E-005 -0.199246202826041E-005  0.111635542397651E+000  0.100011984893054E+001  0.100004140834493E+001 -0.132006581856640E+001  0.237991007490103E-002 -0.146127761403426E-002  0.637210534496190E+000
     10.84000000  0.114017727440361E-003 -0.752702814635138E-004  0.307300927120681E-001 -0.630702247476750E-005  0.470774903879112E-005  0.111732135926916E+000  0.100013095478500E+001  0.999902251456106E+000 -0.131993113970930E+001  0.236738762911324E-002 -0.156286164596468E-002  0.638059036618724E+000
     10.85000000  0.114478297182890E-003 -0.823234706068060E-004  0.307450681206069E-001 -0.656992202688922E-005  0.522093478108476E-005  0.111874922028030E+000  0.100013628772831E+001  0.999891695923020E+000 -0.132075493671819E+001  0.237475985250492E-002 -0.170773393496223E-002  0.637781616533852E+000
     10.86000000  0.116303277800154E-003 -0.882510895005470E-004  0.306915594431345E-001 -0.534197405847040E-005 -0.682528295209296E-007  0.112044740118746E+000  0.100011071289953E+001  0.100000141454612E+001 -0.132213745705525E+001  0.241039603886640E-002 -0.182901187809413E-002  0.636085368423435E+000
     10.87000000  0.118640346899983E-003 -0.907892891457550E-004  0.305637905286536E-001 -0.100649496042450E-005 -0.956156278318947E-005  0.112218024569370E+000  0.100002084050969E+001  0.100019798195684E+001 -0.132358920819113E+001  0.245656997412604E-002 -0.187988527946340E-002  0.632854606969959E+000
     10.88000000  0.119193596364067E-003 -0.888236364079859E-004  0.303656190031121E-001  0.733367654318384E-005 -0.212222402687571E-004  0.112371081316948E+000  0.999848288280269E+000  0.100043902434867E+001 -0.132461984030333E+001  0.246575716543564E-002 -0.183749399811774E-002  0.628173366051607E+000
     10.89000000  0.114948017595730E-003 -0.821573643692157E-004  0.301093924344350E-001  0.187648388510243E-004 -0.331436880529184E-004  0.112484372166838E+000  0.999612168361641E+000  0.100068501365457E+001 -0.132482669814559E+001  0.237574531517229E-002 -0.169802818343096E-002  0.622300840979884E+000
     10.90000000  0.103619752344178E-003 -0.711310650032115E-004  0.298128781335903E-001  0.301826281133595E-004 -0.437771093483067E-004  0.112545588001835E+000  0.999376757831066E+000  0.100090395509885E+001 -0.132395787758454E+001  0.213964797740171E-002 -0.146878790888272E-002  0.615607188359047E+000
     10.91000000  0.851811314966487E-004 -0.563336055205283E-004  0.294952443476623E-001  0.370385631550902E-004 -0.518879236409670E-004  0.112550703344711E+000  0.999235890400818E+000  0.100107045352623E+001 -0.132193329045486E+001  0.175729603692411E-002 -0.116216842847134E-002  0.608490109130501E+000
     10.92000000  0.626311022735336E-004 -0.385073645852352E-004  0.291733326184370E-001  0.350752783498074E-004 -0.564134183241178E-004  0.112502912633192E+000  0.999277055824173E+000  0.100116274921069E+001 -0.131882195318881E+001  0.129090324423686E-002 -0.793683650225290E-003  0.601297891227685E+000
     10.93000000  0.414377614450543E-004 -0.186140701696824E-004  0.288592489707756E-001  0.223444920347617E-004 -0.563786337000256E-004  0.112410058124410E+000  0.999539874185009E+000  0.100116096909874E+001 -0.131478833921106E+001  0.853301284568879E-003 -0.383307626496822E-003  0.594280032503905E+000
     10.94000000  0.276876714749146E-004  0.204262313477224E-005  0.285597251078904E-001  0.532120425659717E-006 -0.509461488370556E-004  0.112281579394771E+000  0.999989052400947E+000  0.100104814245768E+001 -0.131002918308746E+001  0.569633322434094E-003  0.420239818214850E-004  0.587574549768535E+000
     10.95000000  0.256485638019855E-004  0.217417912026226E-004  0.282770266997177E-001 -0.251719606153834E-004 -0.395958721670123E-004  0.112125995572561E+000  0.100051740330664E+001  0.100081388317349E+001 -0.130472158113967E+001  0.527199765030576E-003  0.446897038830655E-003  0.581227157471501E+000
     10.96000000  0.358361115798045E-004  0.383904542352494E-004  0.280107050198664E-001 -0.477870258497069E-004 -0.223864991892274E-004  0.111949531257762E+000  0.100098135405936E+001  0.100045972900518E+001 -0.129899486293367E+001  0.735930159812762E-003  0.788386124362708E-003  0.575227660395928E+000
     10.97000000  0.545430836842704E-004  0.497363946603044E-004  0.277593751878747E-001 -0.612003528780148E-004 -0.228634370626454E-006  0.111755939336761E+000  0.100125566437885E+001  0.100000469095392E+001 -0.129292717363622E+001  0.111907536597868E-002  0.102045521260089E-002  0.569546693170729E+000
     10.98000000  0.751662456374557E-004  0.537719937476959E-004  0.275219430741257E-001 -0.626229036913165E-004  0.249276041143213E-004  0.111547126381568E+000  0.100128368106879E+001  0.999489019326704E+000 -0.128655852689539E+001  0.154080186081278E-002  0.110224991714602E-002  0.564160957384110E+000
     10.99000000  0.908341426134862E-004  0.493004831320513E-004  0.272981150276860E-001 -0.537100761106658E-004  0.501224766288719E-004  0.111324024764924E+000  0.100109997889078E+001  0.998973494914963E+000 -0.127990883918462E+001  0.186027737571967E-002  0.100967071129692E-002  0.559063633174623E+000
     11.00000000  0.971999078709560E-004  0.365364688992633E-004  0.270883788967548E-001 -0.397831337607092E-004  0.717681315588022E-004  0.111087287160112E+000  0.100081401532341E+001  0.998531529487530E+000 -0.127299223153444E+001  0.198883815731415E-002  0.747584283483560E-003  0.554263915982039E+000
     11.01000000  0.941399634075597E-004  0.174978965392110E-004  0.268937841395628E-001 -0.274508720581800E-004  0.864308497023856E-004  0.110837662612498E+000  0.100056117084826E+001  0.998233117216064E+000 -0.126582474378152E+001  0.192447813712271E-002  0.357704827115353E-003  0.549782448682468E+000
     11.02000000  0.855699908034458E-004 -0.409923358274888E-005  0.267157619670406E-001 -0.216832651477915E-004  0.918777337876614E-004  0.110576157785756E+000  0.100044286296309E+001  0.998123472403733E+000 -0.125842761918511E+001  0.174769710282710E-002 -0.837234945231906E-004  0.545647596210036E+000
     11.03000000  0.774443869648343E-004 -0.236240042420994E-004  0.265560301051392E-001 -0.236656813772484E-004  0.880333504915035E-004  0.110304165194513E+000  0.100048291397786E+001  0.998203620897588E+000 -0.125082989751177E+001  0.158030425476254E-002 -0.482063528184039E-003  0.541893467163860E+000
     11.04000000  0.748467656385104E-004 -0.368967684781201E-004  0.264164762962566E-001 -0.304228559824728E-004  0.773741770993433E-004  0.110023651531182E+000  0.100062023630495E+001  0.998422558561564E+000 -0.124307221917861E+001  0.152591464074007E-002 -0.752221137900340E-003  0.538557512717436E+000
     11.05000000  0.795113494108159E-004 -0.417020935507480E-004  0.262989037074940E-001 -0.363966468235544E-004  0.643963611149614E-004  0.109737348372640E+000  0.100074135355076E+001  0.998688327768216E+000 -0.123521065721490E+001  0.161954538002035E-002 -0.849418774146766E-003  0.535675325782841E+000
     11.06000000  0.889326180575228E-004 -0.387916618779060E-004  0.262046323684160E-001 -0.362607816480034E-004  0.541477304068576E-004  0.109448801758513E+000  0.100073791834998E+001  0.998898076597889E+000 -0.122731765642810E+001  0.180980684346771E-002 -0.789422561367867E-003  0.533272538544176E+000
     11.07000000  0.975027422325428E-004 -0.317945847599556E-004  0.261340822078054E-001 -0.276747125276029E-004  0.502883960794186E-004  0.109162178532206E+000  0.100056268038112E+001  0.998977539736194E+000 -0.121947802199626E+001  0.198241915267063E-002 -0.646445344368053E-003  0.531356389778854E+000
     11.08000000  0.991886336804289E-004 -0.258642888831375E-004  0.260865096850028E-001 -0.126857424859020E-004  0.534935388961688E-004  0.108881858119889E+000  0.100025769287232E+001  0.998913354602305E+000 -0.121178057125895E+001  0.201487646015861E-002 -0.525396357381806E-003  0.529910457899398E+000
     11.09000000  0.905435509552890E-004 -0.254905871409309E-004  0.260599969036566E-001  0.291580634398077E-005  0.610064317422714E-004  0.108611956978478E+000  0.999940822937154E+000  0.998761858292589E+000 -0.120430846417395E+001  0.183760537328922E-002 -0.517338224581037E-003  0.528894546688447E+000
     11.10000000  0.726671734232563E-004 -0.323981966311933E-004  0.260516559769177E-001  0.120645223162505E-004  0.677148051626857E-004  0.108355951789807E+000  0.999755367908812E+000  0.998626948174400E+000 -0.119713158831627E+001  0.147347090330217E-002 -0.656937621303539E-003  0.528248936300874E+000
     11.11000000  0.511680218201816E-004 -0.445467005912885E-004  0.260579140204765E-001  0.965412128389184E-005  0.684175724460626E-004  0.108116476860125E+000  0.999804419763440E+000  0.998613946871977E+000 -0.119030251418093E+001  0.103659913912477E-002 -0.902459580048990E-003  0.527900244725884E+000
     11.12000000  0.340524143352439E-004 -0.568247693429796E-004  0.260747555553710E-001 -0.489409026799523E-005  0.603119382236567E-004  0.107895244219608E+000  0.100009905889146E+001  0.998779255507158E+000 -0.118385495582079E+001  0.689238291655590E-003 -0.115016241022129E-002  0.527766395574498E+000
     11.13000000  0.283838517276755E-004 -0.632476748274471E-004  0.260979052633121E-001 -0.269078526152158E-004  0.445171192840923E-004  0.107692972006545E+000  0.100054413937242E+001  0.999099760293198E+000 -0.117780240731815E+001  0.573987507910325E-003 -0.127901511055075E-002  0.527760352875655E+000
     11.14000000  0.371220529089336E-004 -0.596977170274783E-004  0.261230463126978E-001 -0.479894706181549E-004  0.258273112677052E-004  0.107509259684254E+000  0.100096958758022E+001  0.999478180527662E+000 -0.117213571239965E+001  0.750020389665972E-003 -0.120614301954036E-002  0.527794554433080E+000
     11.15000000  0.575115902850942E-004 -0.459044733222956E-004  0.261461896727595E-001 -0.592296876151991E-004  0.107147525762875E-004  0.107342479326105E+000  0.100119561361042E+001  0.999783711437147E+000 -0.116682097148108E+001  0.116093200674435E-002 -0.926630129134291E-003  0.527788369179948E+000
     11.16000000  0.817587596064176E-004 -0.256666966006421E-004  0.261642047756207E-001 -0.548139280728180E-004  0.448397041332930E-005  0.107189856331598E+000  0.100110548538777E+001  0.999909567441243E+000 -0.116180128040349E+001  0.164890780947200E-002 -0.517645040994791E-003  0.527678768499310E+000
     11.17000000  0.997821255339053E-004 -0.515782540505604E-005  0.261753537823479E-001 -0.345372068331070E-004  0.894726786214119E-005  0.107047894003420E+000  0.100069592159603E+001  0.999819713361281E+000 -0.115700538859739E+001  0.201060081065639E-002 -0.103929715719536E-003  0.527431012843315E+000
     11.18000000  0.102956948209039E-003  0.987886450912091E-005  0.261795606328137E-001 -0.418486628682128E-005  0.217743796772959E-004  0.106913138515351E+000  0.100008424925285E+001  0.999561640661044E+000 -0.115236316349087E+001  0.207271758951081E-002  0.198880178449688E-003  0.527043941698085E+000
     11.19000000  0.873662010470761E-004  0.166558489582195E-004  0.261781881218172E-001  0.263864856057089E-004  0.378451113846574E-004  0.106783068212531E+000  0.999469264986505E+000  0.999238787385270E+000 -0.114782347280655E+001  0.175727463613773E-002  0.335014005036674E-003  0.526545339675737E+000
     11.20000000  0.552887369696100E-004  0.163203276819053E-004  0.261732931900254E-001  0.466992489376398E-004  0.519138907782633E-004  0.106656758219614E+000  0.999061534852103E+000  0.998956741740061E+000 -0.114336745566230E+001  0.111107895517813E-002  0.327972271078342E-003  0.525976841669012E+000
     11.21000000  0.143922823496563E-004  0.129057760350317E-004  0.261665806987027E-001  0.492738707070266E-004  0.612139161411535E-004  0.106535014125708E+000  0.999010678738702E+000  0.998770946388891E+000 -0.113901106275854E+001  0.288968386749671E-003  0.259122298325724E-003  0.525372864953541E+000
     11.22000000 -0.249724847132928E-004  0.108250858263829E-004  0.261584351900203E-001  0.320404173804834E-004  0.666558291351072E-004  0.106419878141028E+000  0.999357265542429E+000  0.998662876401567E+000 -0.113479499469209E+001 -0.500950915394906E-003  0.217152466653364E-003  0.524741218352362E+000
     11.23000000 -0.532590085766629E-004  0.122344944958741E-004  0.261473847101200E-001 -0.128677779287793E-005  0.720091004620727E-004  0.106313674769488E+000  0.100002578992484E+001  0.998556775459459E+000 -0.113076546489028E+001 -0.106743047322467E-002  0.245206822252376E-003  0.524052474513031E+000
     11.24000000 -0.646510427794740E-004  0.156616875006017E-004  0.261301586270026E-001 -0.428537331027870E-004  0.815110977442038E-004  0.106217934701776E+000  0.100085812118680E+001  0.998367787474530E+000 -0.112695262666968E+001 -0.129459968924096E-002  0.313616221789778E-003  0.523241293318700E+000
     11.25000000 -0.584176023379872E-004  0.166238784754644E-004  0.261022602916716E-001 -0.835392275758192E-004  0.971691833799992E-004  0.106132530025313E+000  0.100167133769552E+001  0.998055972939439E+000 -0.112335334308755E+001 -0.116873885122629E-002  0.332587642333031E-003  0.522218038515085E+000
     11.26000000 -0.383899132471080E-004  0.991967047647709E-005  0.260588242538878E-001 -0.115877568128679E-003  0.117171617455709E-003  0.106055200151106E+000  0.100231625973310E+001  0.997657873704480E+000 -0.111992185858842E+001 -0.767370351721585E-003  0.198282839908993E-003  0.520886020357528E+000
     11.27000000 -0.110022458200720E-004 -0.758208342481654E-005  0.259955337564991E-001 -0.135977160195084E-003  0.136232540658960E-003  0.105981465794894E+000  0.100271561579736E+001  0.997279283969479E+000 -0.111656827019136E+001 -0.219727140297128E-003 -0.151422676394835E-003  0.519159850290965E+000
     11.28000000  0.171800401937582E-004 -0.350622825639626E-004  0.259094900058267E-001 -0.143903938739584E-003  0.147692295674593E-003  0.105904841855532E+000  0.100287137461681E+001  0.997053034735446E+000 -0.111316297082912E+001  0.342800424784447E-003 -0.699612179091729E-003  0.516982735766396E+000
     11.29000000  0.414698569638926E-004 -0.676830096548786E-004  0.258000263938581E-001 -0.142658073030070E-003  0.146317988261892E-003  0.105817307629364E+000  0.100284399407333E+001  0.997083042812790E+000 -0.110954619925648E+001  0.826732234090727E-003 -0.134931079773635E-002  0.514342585718721E+000
     11.30000000  0.599670023709756E-004 -0.982922823224001E-004  0.256694428003609E-001 -0.136380832854085E-003  0.130455326705947E-003  0.105710098285351E+000  0.100271644658887E+001  0.997401578214372E+000 -0.110554393815368E+001  0.119442853974673E-002 -0.195779516402076E-002  0.511286438672928E+000
     11.31000000  0.732579702983389E-004 -0.120003113920274E-003  0.255234957017704E-001 -0.128605087042500E-003  0.102594253908673E-003  0.105574909000873E+000  0.100255930366297E+001  0.997958324543244E+000 -0.110099194003764E+001  0.145786917172768E-002 -0.238812022204850E-002  0.507929954744851E+000
     11.32000000  0.832781458725632E-004 -0.128413870447058E-003  0.253713353541219E-001 -0.121193003351861E-003  0.682644382504747E-004  0.105405462072612E+000  0.100240966903435E+001  0.998642704624444E+000 -0.109576684282673E+001  0.165581150558947E-002 -0.255324085251480E-002  0.504455863556450E+000
     11.33000000  0.919561232340878E-004 -0.122564067479961E-003  0.252245916504846E-001 -0.114216750637586E-003  0.339861196397266E-004  0.105199115413045E+000  0.100226895648228E+001  0.999324853613557E+000 -0.108981794276716E+001  0.182674118054490E-002 -0.243477890809703E-002  0.501095508485811E+000
     11.34000000  0.100223670761117E-003 -0.104471932463876E-003  0.250955606617855E-001 -0.106623320421118E-003  0.533953015811744E-005  0.104957952587405E+000  0.100211624246102E+001  0.999894021866906E+000 -0.108318850894787E+001  0.198922324709282E-002 -0.207354205995097E-002  0.498092639075634E+000
     11.35000000  0.107720827328437E-003 -0.778249375158018E-004  0.249948623639272E-001 -0.972466379807800E-004 -0.140511733516951E-004  0.104688786104485E+000  0.100192843502080E+001  0.100027863970763E+001 -0.107601543458099E+001  0.213614187804676E-002 -0.154329587236645E-002  0.495656908285783E+000
     11.36000000  0.113188844106832E-003 -0.466932826382697E-004  0.249293124940215E-001 -0.856685138675837E-004 -0.224781721265272E-004  0.104401821143535E+000  0.100169734129416E+001  0.100044535767046E+001 -0.106850234948482E+001  0.224259871529023E-002 -0.925129119248126E-003  0.493921857876686E+000
     11.37000000  0.115262650702500E-003 -0.148889442206279E-004  0.249008367026207E-001 -0.725709102027682E-004 -0.195344491714380E-004  0.104108272280315E+000  0.100143657525342E+001  0.100038669359652E+001 -0.106087214857979E+001  0.228167830856587E-002 -0.294733644060789E-003  0.492923758244596E+000
     11.38000000  0.113243861498510E-003  0.139899648916163E-004  0.249069358488498E-001 -0.594843602142867E-004 -0.562487430096053E-005  0.103817743884904E+000  0.100117648612141E+001  0.100011124918425E+001 -0.105331509655623E+001  0.223974555510473E-002  0.276694571056119E-003  0.492611238442039E+000
     11.39000000  0.107486085837015E-003  0.363115969996202E-004  0.249425868067214E-001 -0.481113914628234E-004  0.179673240897781E-004  0.103536387825463E+000  0.100095071526915E+001  0.999644952913673E+000 -0.104595256603264E+001  0.212400140423832E-002  0.717542949087176E-003  0.492883232190118E+000
     11.40000000  0.992249430719350E-004  0.485684424780397E-004  0.250028197767531E-001 -0.395859523946830E-004  0.485841549279421E-004  0.103266588823404E+000  0.100078156035632E+001  0.999040784744591E+000 -0.103883112756266E+001  0.195903539441642E-002  0.958905038596785E-003  0.493640080673708E+000
     11.41000000  0.899540492300100E-004  0.482118094750514E-004  0.250848787896097E-001 -0.340506239414166E-004  0.818432704718710E-004  0.103008286085000E+000  0.100067168508600E+001  0.998385553690300E+000 -0.103194894802810E+001  0.177444012176806E-002  0.951029662453799E-003  0.494826144625877E+000
     11.42000000  0.806752257949988E-004  0.348597685839268E-004  0.251890351744904E-001 -0.307796336943175E-004  0.112050279281796E-003  0.102761316520258E+000  0.100060662962945E+001  0.997791623510690E+000 -0.102530218459487E+001  0.159001185054966E-002  0.687044189956250E-003  0.496445644083154E+000
     11.43000000  0.714320328614730E-004  0.111486997689622E-004  0.253177211197345E-001 -0.288036045720762E-004  0.133568220513953E-003  0.102527713770149E+000  0.100056718780583E+001  0.997369833843824E+000 -0.101893026492894E+001  0.140660790849913E-002  0.219535251011493E-003  0.498545334993558E+000
     11.44000000  0.614165170026572E-004 -0.174837634818637E-004  0.254733938076773E-001 -0.277187531641823E-004  0.142708568055914E-003  0.102312938791835E+000  0.100054534827297E+001  0.997192302602262E+000 -0.101293990903359E+001  0.120832965613490E-002 -0.343981569568171E-003  0.501172301563239E+000
     11.45000000  0.496537942275531E-004 -0.443051248791661E-004  0.256560696311110E-001 -0.282265679084184E-004  0.139256359365283E-003  0.102125519440323E+000  0.100055485418232E+001  0.997262615360843E+000 -0.100749775059499E+001  0.976052614141828E-003 -0.870912961052105E-003  0.504325484519669E+000
     11.46000000  0.359438741535322E-004 -0.636008036710006E-004  0.258615436949329E-001 -0.320420901371451E-004  0.126767659003553E-003  0.101975274287788E+000  0.100062930690304E+001  0.997510282177248E+000 -0.100279519137623E+001  0.705937971894698E-003 -0.124912028577106E-002  0.507920922160055E+000
     11.47000000  0.215463048125571E-004 -0.727962169318442E-004  0.260809371497257E-001 -0.411153652420896E-004  0.111306700321396E-003  0.101870843811958E+000  0.100080680208189E+001  0.997815841425254E+000 -0.998999848042069E+000  0.422800660468406E-003 -0.142847178976358E-002  0.511783229118363E+000
     11.48000000  0.916031937868850E-005 -0.733752823217719E-004  0.263016252817947E-001 -0.564943945897237E-004  0.990561159235180E-004  0.101817412236656E+000  0.100110761734080E+001  0.998057926410109E+000 -0.996210990632430E+000  0.179595314983443E-003 -0.143858051185813E-002  0.515664190492089E+000
     11.49000000  0.208478029656078E-005 -0.701018641705403E-004  0.265091064573436E-001 -0.774131079154355E-004  0.938262679241163E-004  0.101815265943139E+000  0.100151642435282E+001  0.998162062712041E+000 -0.994431601091464E+000  0.408381951987017E-004 -0.137320638415096E-002  0.519279689008036E+000
     11.50000000  0.288904845702247E-005 -0.688472956787430E-004  0.266891900836060E-001 -0.101147733313531E-003  0.955846336891639E-004  0.101859399771441E+000  0.100197963256784E+001  0.998129246720249E+000 -0.993561086561299E+000  0.565435747121377E-004 -0.134745825999462E-002  0.522352683227108E+000
     11.51000000  0.122467644384114E-004 -0.739908388630607E-004  0.268300145399831E-001 -0.123828354270376E-003  0.100664403671002E-003  0.101940021515836E+000  0.100242142517235E+001  0.998031538717887E+000 -0.993405594569024E+000  0.239481691134486E-003 -0.144686797141364E-002  0.524652636825883E+000
     11.52000000  0.285751256665738E-004 -0.865525883326388E-004  0.269236717657619E-001 -0.141881302020460E-003  0.103527771429926E-003  0.102043687369116E+000  0.100277203661014E+001  0.997977303785045E+000 -0.993700601787135E+000  0.558292695083786E-003 -0.169103990549485E-002  0.526027057485230E+000
     11.53000000  0.487435399976173E-004 -0.103851859996073E-003  0.269673857505051E-001 -0.153388936454857E-003  0.992506826404236E-004  0.102154899987761E+000  0.100299427031264E+001  0.998062550146001E+000 -0.994142415963127E+000  0.951511485255127E-003 -0.202726838379406E-002  0.526424163492544E+000
     11.54000000  0.695412891881232E-004 -0.120757697163273E-003  0.269641549713113E-001 -0.158628483373094E-003  0.856071954357294E-004  0.102258130756517E+000  0.100309386698936E+001  0.998330329645857E+000 -0.994427787584531E+000  0.135632324310217E-002 -0.235524065426749E-002  0.525904977390677E+000
     11.55000000  0.891353694189066E-004 -0.131881214574404E-003  0.269226051237140E-001 -0.159448989356109E-003  0.638810247868393E-004  0.102340190643724E+000  0.100310717749119E+001  0.998755152458893E+000 -0.994300108746369E+000  0.173697816866608E-002 -0.256996512233354E-002  0.524639967819435E+000
     11.56000000  0.107687282166068E-003 -0.133693132105365E-003  0.268557249228464E-001 -0.157781332881285E-003  0.381642781876112E-004  0.102392615797170E+000  0.100307202016367E+001  0.999256937243568E+000 -0.993595659231501E+000  0.209668340445548E-002 -0.260302020569815E-002  0.522883962040374E+000
     11.57000000  0.126710207632173E-003 -0.125677499838671E-003  0.267783657594518E-001 -0.154106122090768E-003  0.135895974439563E-004  0.102413406073952E+000  0.100299787008611E+001  0.999735637707920E+000 -0.992277025209002E+000  0.246492959469343E-002 -0.244484003718704E-002  0.520927141478679E+000
     11.58000000  0.147445035213190E-003 -0.110146802145096E-003  0.267038829515785E-001 -0.146809642534220E-003 -0.564237482908178E-005  0.102407331050443E+000  0.100285346334010E+001  0.100010966793085E+001 -0.990438501627608E+000  0.286581314005352E-002 -0.214086661151988E-002  0.519029606812011E+000
     11.59000000  0.169140348045655E-003 -0.909648940343528E-004  0.266408573503971E-001 -0.132936037849261E-003 -0.175937581427978E-004  0.102384312708555E+000  0.100258157989422E+001  0.100034166575911E+001 -0.988274116244816E+000  0.328465725983934E-002 -0.176651226648655E-002  0.517357842261897E+000
     11.60000000  0.188281010451002E-003 -0.718572569787064E-004  0.265911113187976E-001 -0.110087153032634E-003 -0.228172148741558E-004  0.102356091034930E+000  0.100213601809205E+001  0.100044272181121E+001 -0.986012502454168E+000  0.365321142053760E-002 -0.139424443927887E-002  0.515946623198617E+000
     11.61000000  0.199392088236983E-003 -0.550655242206967E-004  0.265499580732073E-001 -0.785302941998458E-004 -0.235503385267064E-004  0.102332190063271E+000  0.100152240878101E+001  0.100045655300969E+001 -0.983838546895108E+000  0.386546706706721E-002 -0.106751462551971E-002  0.514704417168359E+000
     11.62000000  0.197236537863253E-003 -0.408458423245729E-004  0.265088080330572E-001 -0.423419157559337E-004 -0.223664021380664E-004  0.102316695932059E+000  0.100082014501817E+001  0.100043322775931E+001 -0.981831170031457E+000  0.382038840333591E-002 -0.791166707912278E-003  0.513464411274366E+000
     11.63000000  0.179444587929923E-003 -0.278860002362178E-004  0.264592299082912E-001 -0.880425392000622E-005 -0.209177766333387E-004  0.102307200044360E+000  0.100017038804509E+001  0.100040482011315E+001 -0.979943328777372E+000  0.347277722978444E-002 -0.539675605529657E-003  0.512063429737035E+000
     11.64000000  0.148286141618156E-003 -0.143342298696616E-004  0.263968332558092E-001  0.138899278670296E-004 -0.192693348390999E-004  0.102296425205624E+000  0.999731420237432E+000  0.100037259757037E+001 -0.978034001060409E+000  0.286730479014478E-002 -0.277170917793202E-003  0.510416992532817E+000
     11.65000000  0.110622282543074E-003  0.105853228067770E-005  0.263233173572347E-001  0.197066233998017E-004 -0.160078726695972E-004  0.102275884413577E+000  0.999619273972609E+000  0.100030926727755E+001 -0.975939275883340E+000  0.213718917336205E-002  0.204505247759440E-004  0.508558561345446E+000
     11.66000000  0.759015640795159E-004  0.181461954208281E-004  0.262457980267078E-001  0.725974801993023E-005 -0.898941424915454E-005  0.102239981458722E+000  0.999859864143570E+000  0.100017352382771E+001 -0.973551605898227E+000  0.146513772344329E-002  0.350278360801319E-003  0.506626039096087E+000
     11.67000000  0.529848519228725E-004  0.352112354979195E-004  0.261737489497799E-001 -0.194113147230143E-004  0.362591866654968E-005  0.102188738199730E+000  0.100037437804363E+001  0.999930068397936E+000 -0.970872165755747E+000  0.102189704757266E-002  0.679104617468538E-003  0.504802331327114E+000
     11.68000000  0.471261549783757E-004  0.494199327063440E-004  0.261149865088500E-001 -0.521371271013786E-004  0.224537062921296E-004  0.102127970595775E+000  0.100100468641378E+001  0.999567315368050E+000 -0.968013778842192E+000  0.908124598973800E-003  0.952325870651960E-003  0.503237780833972E+000
     11.69000000  0.583436631094958E-004  0.577139066815740E-004  0.260725389979013E-001 -0.814221315381775E-004  0.463958449395708E-004  0.102066939010278E+000  0.100156766849981E+001  0.999106713331377E+000 -0.965155199646983E+000  0.112332508486937E-002  0.111120001155139E-002  0.501990028079169E+000
     11.70000000  0.817560432607839E-004  0.578240922599442E-004  0.260437624343068E-001 -0.995690332233962E-004  0.727321556720350E-004  0.102014672748643E+000  0.100191542302665E+001  0.998600841634771E+000 -0.962470126638542E+000  0.157275211740156E-002  0.111236992290053E-002  0.501007398107621E+000
     11.71000000  0.109586517521082E-003  0.490769913634133E-004  0.260219428310240E-001 -0.102895140447783E-003  0.977569235061886E-004  0.101976728835881E+000  0.100197771744666E+001  0.998121042720692E+000 -0.960064925264079E+000  0.210633045133855E-002  0.943294519318491E-003  0.500160164113549E+000
     11.72000000  0.133884950108818E-003  0.327361254294973E-004  0.259994358643702E-001 -0.923235802984074E-004  0.117763095750846E-003  0.101953825873832E+000  0.100177301047671E+001  0.997738441231791E+000 -0.957952679379747E+000  0.257116782570361E-002  0.628674637247202E-003  0.499301175573355E+000
     11.73000000  0.148869244753524E-003  0.117614536288758E-004  0.259707385588713E-001 -0.723921968422750E-004  0.130073366343500E-003  0.101942790170325E+000  0.100138905684679E+001  0.997504160558937E+000 -0.956071743136210E+000  0.285649355484447E-002  0.225678020615407E-003  0.498324871808089E+000
     11.74000000  0.152141660142118E-003 -0.995502845044841E-005  0.259340662725284E-001 -0.493393328520932E-004  0.133796537698303E-003  0.101939105650707E+000  0.100094591356031E+001  0.997434907364650E+000 -0.954334945111772E+000  0.291679783852409E-002 -0.190853744067141E-003  0.497197338172798E+000
     11.75000000  0.144641566203825E-003 -0.286521546404221E-004  0.258908750995898E-001 -0.291323433460109E-004  0.130062579616091E-003  0.101939661521685E+000  0.100055803807086E+001  0.997508615419022E+000 -0.952682329190581E+000  0.277064908963405E-002 -0.548839923778703E-003  0.495946852673186E+000
     11.76000000  0.129715366235678E-003 -0.417298495747081E-004  0.258438265061469E-001 -0.160849417144823E-004  0.121649465421670E-003  0.101944361503421E+000  0.100030784949485E+001  0.997671752428864E+000 -0.951111837923766E+000  0.248262074420423E-002 -0.798667060142005E-003  0.494624666727636E+000
     11.77000000  0.111884902208505E-003 -0.484158813107656E-004  0.257943758761010E-001 -0.122690664080084E-004  0.112114556096436E-003  0.101955985807498E+000  0.100023461800080E+001  0.997856064011961E+000 -0.949676427213237E+000  0.213954437956049E-002 -0.925843654462626E-003  0.493258793998277E+000
     11.78000000  0.957617354901170E-004 -0.498554089488700E-004  0.257411653597259E-001 -0.175465775800915E-004  0.104713174623744E-003  0.101978630244993E+000  0.100033525356596E+001  0.997999298436669E+000 -0.948454009637466E+000  0.182967095201518E-002 -0.952562034174905E-003  0.491823401995158E+000
     11.79000000  0.852588161224077E-004 -0.486073355122611E-004  0.256798028262271E-001 -0.299112222519000E-004  0.101459312070945E-003  0.102015667294974E+000  0.100057101383422E+001  0.998063112556391E+000 -0.947508424824376E+000  0.162761531725159E-002 -0.927928012710825E-003  0.490234820572215E+000
     11.80000000  0.830210747221226E-004 -0.477349014794892E-004  0.256038220712438E-001 -0.459406294744637E-004  0.102626053398656E-003  0.102068193113463E+000  0.100087627659046E+001  0.998042499434753E+000 -0.946859877161729E+000  0.158355305805866E-002 -0.910500730892507E-003  0.488370102104977E+000
     11.81000000  0.899673701008480E-004 -0.498065871731984E-004  0.255061116020346E-001 -0.613558612271853E-004  0.106819252758572E-003  0.102134429196196E+000  0.100116931745965E+001  0.997964243109317E+000 -0.946473717449229E+000  0.171459440961804E-002 -0.949211873522519E-003  0.486094417508491E+000
     11.82000000  0.104977894200825E-003 -0.561297541191835E-004  0.253801152945474E-001 -0.717852971534349E-004  0.111556429037708E-003  0.102209914906756E+000  0.100136692378804E+001  0.997875760878519E+000 -0.946264341024682E+000  0.199897174618840E-002 -0.106881351982643E-002  0.483283969211166E+000
     11.83000000  0.124918762501460E-003 -0.664315503380975E-004  0.252205429311488E-001 -0.737414448066961E-004  0.114125366255548E-003  0.102287970835420E+000  0.100140298547006E+001  0.997828680587400E+000 -0.946104218873881E+000  0.237667175069636E-002 -0.126390932700501E-002  0.479839463034909E+000
     11.84000000  0.145207225989391E-003 -0.790354968712956E-004  0.250238216105921E-001 -0.656067590746969E-004  0.112437527846535E-003  0.102360021886714E+000  0.100124716282645E+001  0.997862599722864E+000 -0.945830216463714E+000  0.276034141817340E-002 -0.150243869775248E-002  0.475694585872376E+000
     11.85000000  0.160932515744762E-003 -0.914294695893900E-004  0.247887044826368E-001 -0.482532813652505E-004  0.105633954449293E-003  0.102415801375120E+000  0.100091650487031E+001  0.997993627977549E+000 -0.945247620494333E+000  0.305669231807343E-002 -0.173657732277459E-002  0.470827428605177E+000
     11.86000000  0.168251335012080E-003 -0.101031345232163E-003  0.245172035297093E-001 -0.249434394591196E-004  0.943062930012055E-004  0.102443851325526E+000  0.100047336694140E+001  0.998210291666252E+000 -0.944139766538876E+000  0.319300872563676E-002 -0.191733377251333E-002  0.465278000872645E+000
     11.87000000  0.165554986162190E-003 -0.105941024066951E-003  0.242155203517895E-001 -0.410296263628582E-006  0.803099268262407E-004  0.102432759337541E+000  0.100000777988395E+001  0.998477193272617E+000 -0.942291584465694E+000  0.313919158742518E-002 -0.200881398515158E-002  0.459165619445547E+000
     11.88000000  0.153912624941566E-003 -0.105497648164148E-003  0.238942940985215E-001  0.206172859783921E-004  0.662350024446845E-004  0.102373159330550E+000  0.999609391823661E+000  0.998745133887077E+000 -0.939527497172285E+000  0.291597690437839E-002 -0.199872301333102E-002  0.452693271680385E+000
     11.89000000  0.136562499495451E-003 -0.100508760712832E-003  0.235675798464396E-001  0.348916248755141E-004  0.546607249472609E-004  0.102259921226299E+000  0.999339510959807E+000  0.998965287231951E+000 -0.935752704608850E+000  0.258509125155163E-002 -0.190260370879997E-002  0.446127924623297E+000
     11.90000000  0.117631760944129E-003 -0.930731343515146E-004  0.232505354235072E-001  0.415299979833250E-004  0.473631839764777E-004  0.102093576734912E+000  0.999214508980489E+000  0.999104181134708E+000 -0.930979811442888E+000  0.222486627300144E-002 -0.176036876332719E-002  0.439756505197231E+000
     11.91000000  0.100612323290679E-003 -0.859927995208004E-004  0.229565260117037E-001  0.419511344043976E-004  0.446837461297690E-004  0.101880183175170E+000  0.999207209891054E+000  0.999155569152890E+000 -0.925325802641303E+000  0.190136585995503E-002 -0.162508694624245E-002  0.433831099354674E+000
     11.92000000  0.872291841536897E-004 -0.818763707206959E-004  0.226948008398480E-001  0.389242155438346E-004  0.452746907471239E-004  0.101629503244017E+000  0.999265029532086E+000  0.999145119299691E+000 -0.918977235880998E+000  0.164706914185628E-002 -0.154599684692269E-002  0.428525229331821E+000
     11.93000000  0.771537243952522E-004 -0.821630901066412E-004  0.224697360815995E-001  0.351766562995443E-004  0.463842468022984E-004  0.101352225901858E+000  0.999336348030980E+000  0.999124902706508E+000 -0.912137518459112E+000  0.145560227999207E-002 -0.155011027954705E-002  0.423919899234430E+000
     11.94000000  0.686294950357214E-004 -0.863950595517437E-004  0.222819015518163E-001  0.321830925970999E-004  0.447002302970954E-004  0.101057480153934E+000  0.999393333905727E+000  0.999157380104302E+000 -0.904979970369107E+000  0.129369753946419E-002 -0.162858659976702E-002  0.420024090184028E+000
     11.95000000  0.596773865671718E-004 -0.920645546651455E-004  0.221302790040633E-001  0.296495325109512E-004  0.375618461627874E-004  0.100751762186990E+000  0.999441560383235E+000  0.999292534444906E+000 -0.897627743145837E+000  0.112400480081060E-002 -0.173400692256584E-002  0.416816842604976E+000
     11.96000000  0.493132971478857E-004 -0.952184592565236E-004  0.220143616322633E-001  0.258774423767153E-004  0.241501834514234E-004  0.100439640020742E+000  0.999513014033808E+000  0.999545519211265E+000 -0.890167290391612E+000  0.928023848263958E-003 -0.179191021683272E-002  0.414286891784589E+000
     11.97000000  0.382370355484575E-004 -0.917325413813419E-004  0.219349563112118E-001  0.188030771362374E-004  0.618409817599412E-005  0.100125621067652E+000  0.999646441687194E+000  0.999883719068880E+000 -0.882683637196559E+000  0.718979222244659E-003 -0.172486675054348E-002  0.412447712077978E+000
     11.98000000  0.287048398635610E-004 -0.788705195374250E-004  0.218932650372923E-001  0.723064170491702E-005 -0.122443046149204E-004  0.998159159074608E-001  0.999864154173876E+000  0.100023004011865E+001 -0.875293523050096E+000  0.539292754937318E-003 -0.148178146845090E-002  0.411320156205515E+000
     11.99000000  0.236528269573505E-004 -0.565542871041634E-004  0.218888303797291E-001 -0.827985509574076E-005 -0.257666186834007E-004  0.995188855606677E-001  0.100015542820402E+001  0.100048368712005E+001 -0.868153665738447E+000  0.444007337265796E-003 -0.106162863633014E-002  0.410893856801581E+000
     12.00000000  0.254407849910062E-004 -0.278043177655491E-004  0.219176271208947E-001 -0.252456762161910E-004 -0.294620145894826E-004  0.992437057483863E-001  0.100047351314242E+001  0.100055259565998E+001 -0.861435541348988E+000  0.477172643090736E-003 -0.521503554320831E-003  0.411091562907819E+000
