##############################################################################
# SALMON: Scalable Ab-initio Light-Matter simulator for Optics and Nanoscience
#
#                             Version 2.2.1
##############################################################################
  Libxc: [enabled] 6.2.2
   theory= tddft_pulse
 
 Total time step      =       15000
 Time step[fs]        =  2.000000000000000E-003
 Energy range         =        3000
 Energy resolution[eV]=  1.000000000000000E-002
Laser frequency     = 0.17[eV]
Pulse width of laser=     12.00000000[fs]
Laser intensity     =  0.35000000E+08[W/cm^2]
   use of real value orbitals =  F
 ======
 MPI distribution:
   nproc_k     :         125
   nproc_ob    :           4
   nproc_rgrid :           3           2           3
 OpenMP parallelization:
   number of threads :           1
 hpsi stencil:
   enables hand-coding vectorization : F
   enables openmp parallelization    : F
 current:
   k,orbital parallelized of openmp  : T
 force:
   k,orbital parallelized of openmp  : T
 ===================pseudopotential data===================
 ik ,atom_symbol=           1 Si
 ps_format =KY              
 ps_file =./Si_rps.dat
 Zps(ik), Mlps(ik) =           4           2
 Rps(ik), NRps(ik) =   2.26767135054939              122
 Lref(ik) =           2
 nproj(ik,l) =           1           1           1
 anorm(ik,l) =  0.6193218      0.3646551      0.0000000E+00
 inorm(ik,l) =           1           1           0
 Mass(ik) =   28.0000000000000     
 flag_nlcc_element(ik) = F
 ==========================================================
 flag_nlcc =  F
 
 ============init_ps==============
 end init_ps
 Maximal rho_NLCC= 0.000000000000000E+000
 Maximal tau_NLCC= 0.000000000000000E+000
 == Ewald ==
 cutoff length in real-space in ewald =  4.00 [A]
 (buffer length in bookkeeping =  2.00 [A])
 cutoff length in G-space in ewald =  0.1870828864+102 [1/A]
 number of ion-ion pair(/atom) used for allocation of bookkeeping=    66
 ===========
   Static dipole moment(xyz) =   -0.7046970296E+04   -0.7049259980E+04   -0.7059250382E+04
 
 
  time-step  time[fs]                               Current(xyz)[a.u.]      electrons Total energy[eV] 
#----------------------------------------------------------------------
 projection: already converged, E_kin(new)-E_kin(old)= -1.136868377216160E-013
      10    0.02000000 -0.99631852E-10 -0.70047495E-12 -0.23895789E-12   864.00000000   -23328.93922255
      20    0.04000000 -0.46134140E-09 -0.98035269E-12  0.50887740E-12   864.00000000   -23328.93922260
      30    0.06000000 -0.11724246E-08  0.36210487E-12 -0.19224590E-12   863.99999999   -23328.93922264
      40    0.08000000 -0.23135162E-08 -0.22395524E-12 -0.22364355E-11   863.99999999   -23328.93922268
      50    0.10000000 -0.39498557E-08 -0.52802867E-12 -0.23458221E-11   863.99999999   -23328.93922272
      60    0.12000000 -0.61366190E-08 -0.19599699E-11 -0.67283998E-11   863.99999999   -23328.93922276
      70    0.14000000 -0.89086146E-08 -0.11637951E-11 -0.12178861E-10   863.99999999   -23328.93922279
      80    0.16000000 -0.12300768E-07 -0.36740148E-11 -0.17894956E-10   863.99999999   -23328.93922282
      90    0.18000000 -0.16327019E-07 -0.31786205E-11 -0.27154310E-10   863.99999999   -23328.93922284
     100    0.20000000 -0.21002374E-07 -0.41213849E-11 -0.37520626E-10   863.99999999   -23328.93922286
     110    0.22000000 -0.26327102E-07 -0.64939015E-11 -0.49589285E-10   863.99999999   -23328.93922288
     120    0.24000000 -0.32293827E-07 -0.66623393E-11 -0.61416169E-10   863.99999999   -23328.93922290
     130    0.26000000 -0.38892635E-07 -0.91661225E-11 -0.73725857E-10   863.99999999   -23328.93922291
     140    0.28000000 -0.46098164E-07 -0.10027381E-10 -0.84152778E-10   863.99999999   -23328.93922291
     150    0.30000000 -0.53886088E-07 -0.11652445E-10 -0.92374941E-10   863.99999999   -23328.93922291
     160    0.32000000 -0.62217808E-07 -0.12306278E-10 -0.95656583E-10   863.99999999   -23328.93922290
     170    0.34000000 -0.71059089E-07 -0.13314967E-10 -0.94118721E-10   863.99999999   -23328.93922288
     180    0.36000000 -0.80358582E-07 -0.13050252E-10 -0.83278696E-10   863.99999999   -23328.93922285
     190    0.38000000 -0.90076073E-07 -0.12965836E-10 -0.62947737E-10   863.99999999   -23328.93922281
     200    0.40000000 -0.10015627E-06 -0.89916953E-11 -0.32489550E-10   863.99999999   -23328.93922275
     210    0.42000000 -0.11054949E-06 -0.53617092E-11  0.13291945E-10   863.99999999   -23328.93922268
     220    0.44000000 -0.12120183E-06 -0.78343816E-13  0.72808593E-10   863.99999999   -23328.93922259
     230    0.46000000 -0.13206146E-06  0.85873169E-11  0.14965674E-09   863.99999998   -23328.93922249
     240    0.48000000 -0.14307456E-06  0.19066630E-10  0.24437435E-09   863.99999998   -23328.93922236
     250    0.50000000 -0.15418981E-06  0.31052183E-10  0.36013966E-09   863.99999998   -23328.93922220
     260    0.52000000 -0.16535806E-06  0.47440759E-10  0.49430334E-09   863.99999998   -23328.93922202
     270    0.54000000 -0.17652881E-06  0.65296643E-10  0.65412849E-09   863.99999998   -23328.93922181
     280    0.56000000 -0.18765736E-06  0.86571026E-10  0.83374795E-09   863.99999998   -23328.93922157
     290    0.58000000 -0.19869595E-06  0.11126223E-09  0.10392348E-08   863.99999998   -23328.93922129
     300    0.60000000 -0.20960343E-06  0.13981879E-09  0.12677942E-08   863.99999998   -23328.93922098
     310    0.62000000 -0.22034022E-06  0.17025626E-09  0.15222794E-08   863.99999998   -23328.93922062
     320    0.64000000 -0.23086545E-06  0.20717341E-09  0.17994704E-08   863.99999998   -23328.93922023
     330    0.66000000 -0.24114930E-06  0.24397041E-09  0.21034171E-08   863.99999998   -23328.93921979
     340    0.68000000 -0.25115812E-06  0.28917965E-09  0.24290647E-08   863.99999998   -23328.93921931
     350    0.70000000 -0.26086610E-06  0.33407311E-09  0.27788171E-08   863.99999998   -23328.93921877
     360    0.72000000 -0.27025004E-06  0.38666058E-09  0.31503782E-08   863.99999998   -23328.93921819
     370    0.74000000 -0.27929079E-06  0.43996452E-09  0.35437226E-08   863.99999998   -23328.93921755
     380    0.76000000 -0.28797327E-06  0.49902686E-09  0.39557885E-08   863.99999998   -23328.93921685
     390    0.78000000 -0.29628543E-06  0.56023740E-09  0.43869621E-08   863.99999998   -23328.93921610
     400    0.80000000 -0.30422140E-06  0.62511711E-09  0.48346474E-08   863.99999998   -23328.93921528
     410    0.82000000 -0.31177327E-06  0.69267869E-09  0.52959353E-08   863.99999998   -23328.93921441
     420    0.84000000 -0.31894018E-06  0.76222002E-09  0.57717712E-08   863.99999998   -23328.93921347
     430    0.86000000 -0.32572466E-06  0.83625825E-09  0.62583578E-08   863.99999998   -23328.93921247
     440    0.88000000 -0.33212955E-06  0.90996609E-09  0.67538519E-08   863.99999997   -23328.93921140
     450    0.90000000 -0.33816255E-06  0.98718013E-09  0.72568414E-08   863.99999997   -23328.93921027
     460    0.92000000 -0.34383200E-06  0.10644828E-08  0.77662333E-08   863.99999997   -23328.93920906
     470    0.94000000 -0.34915234E-06  0.11447096E-08  0.82770052E-08   863.99999997   -23328.93920779
     480    0.96000000 -0.35413418E-06  0.12238270E-08  0.87890961E-08   863.99999997   -23328.93920645
     490    0.98000000 -0.35879630E-06  0.13052148E-08  0.92999136E-08   863.99999997   -23328.93920503
     500    1.00000000 -0.36315436E-06  0.13849009E-08  0.98069805E-08   863.99999997   -23328.93920354
     510    1.02000000 -0.36722827E-06  0.14638733E-08  0.10307042E-07   863.99999997   -23328.93920197
     520    1.04000000 -0.37103600E-06  0.15443599E-08  0.10799011E-07   863.99999997   -23328.93920033
     530    1.06000000 -0.37460070E-06  0.16227040E-08  0.11281421E-07   863.99999997   -23328.93919862
     540    1.08000000 -0.37793891E-06  0.16995855E-08  0.11749494E-07   863.99999997   -23328.93919683
     550    1.10000000 -0.38107499E-06  0.17749481E-08  0.12203440E-07   863.99999997   -23328.93919496
     560    1.12000000 -0.38402658E-06  0.18489451E-08  0.12642016E-07   863.99999997   -23328.93919301
     570    1.14000000 -0.38681546E-06  0.19197110E-08  0.13059714E-07   863.99999997   -23328.93919098
     580    1.16000000 -0.38946004E-06  0.19892223E-08  0.13458898E-07   863.99999997   -23328.93918888
     590    1.18000000 -0.39197947E-06  0.20569991E-08  0.13836404E-07   863.99999997   -23328.93918669
     600    1.20000000 -0.39439093E-06  0.21200270E-08  0.14190594E-07   863.99999997   -23328.93918442
     610    1.22000000 -0.39671364E-06  0.21815256E-08  0.14518338E-07   863.99999997   -23328.93918207
     620    1.24000000 -0.39896009E-06  0.22407273E-08  0.14823587E-07   863.99999997   -23328.93917963
     630    1.26000000 -0.40114650E-06  0.22954301E-08  0.15099559E-07   863.99999997   -23328.93917711
     640    1.28000000 -0.40328817E-06  0.23468325E-08  0.15348197E-07   863.99999997   -23328.93917451
     650    1.30000000 -0.40539207E-06  0.23965248E-08  0.15569481E-07   863.99999997   -23328.93917181
     660    1.32000000 -0.40747374E-06  0.24422881E-08  0.15761732E-07   863.99999997   -23328.93916903
     670    1.34000000 -0.40953915E-06  0.24839322E-08  0.15923464E-07   863.99999996   -23328.93916616
     680    1.36000000 -0.41159920E-06  0.25234280E-08  0.16057968E-07   863.99999996   -23328.93916320
     690    1.38000000 -0.41365360E-06  0.25591883E-08  0.16161751E-07   863.99999996   -23328.93916014
     700    1.40000000 -0.41571614E-06  0.25904066E-08  0.16237451E-07   863.99999996   -23328.93915699
     710    1.42000000 -0.41778345E-06  0.26208527E-08  0.16283949E-07   863.99999996   -23328.93915375
     720    1.44000000 -0.41985972E-06  0.26467835E-08  0.16304630E-07   863.99999996   -23328.93915041
     730    1.46000000 -0.42194656E-06  0.26697729E-08  0.16296382E-07   863.99999996   -23328.93914697
     740    1.48000000 -0.42404265E-06  0.26896910E-08  0.16264025E-07   863.99999996   -23328.93914344
     750    1.50000000 -0.42614425E-06  0.27078885E-08  0.16206114E-07   863.99999996   -23328.93913980
     760    1.52000000 -0.42825173E-06  0.27223066E-08  0.16125192E-07   863.99999996   -23328.93913606
     770    1.54000000 -0.43035907E-06  0.27357969E-08  0.16022047E-07   863.99999996   -23328.93913222
     780    1.56000000 -0.43246167E-06  0.27454412E-08  0.15899554E-07   863.99999996   -23328.93912828
     790    1.58000000 -0.43455448E-06  0.27545617E-08  0.15757267E-07   863.99999996   -23328.93912423
     800    1.60000000 -0.43663043E-06  0.27611297E-08  0.15598320E-07   863.99999996   -23328.93912007
     810    1.62000000 -0.43868234E-06  0.27659347E-08  0.15424961E-07   863.99999996   -23328.93911581
     820    1.64000000 -0.44070269E-06  0.27700814E-08  0.15237935E-07   863.99999996   -23328.93911144
     830    1.66000000 -0.44268313E-06  0.27724857E-08  0.15038945E-07   863.99999996   -23328.93910696
     840    1.68000000 -0.44461552E-06  0.27746753E-08  0.14832288E-07   863.99999996   -23328.93910237
     850    1.70000000 -0.44649044E-06  0.27752620E-08  0.14617054E-07   863.99999996   -23328.93909767
     860    1.72000000 -0.44829812E-06  0.27759883E-08  0.14396998E-07   863.99999996   -23328.93909286
     870    1.74000000 -0.45002984E-06  0.27766293E-08  0.14173436E-07   863.99999996   -23328.93908794
     880    1.76000000 -0.45167656E-06  0.27764284E-08  0.13949492E-07   863.99999996   -23328.93908291
     890    1.78000000 -0.45322738E-06  0.27774621E-08  0.13723491E-07   863.99999995   -23328.93907777
     900    1.80000000 -0.45467558E-06  0.27774945E-08  0.13502601E-07   863.99999995   -23328.93907252
     910    1.82000000 -0.45600913E-06  0.27790677E-08  0.13283812E-07   863.99999995   -23328.93906716
     920    1.84000000 -0.45722210E-06  0.27804052E-08  0.13071761E-07   863.99999995   -23328.93906169
     930    1.86000000 -0.45830460E-06  0.27839040E-08  0.12865591E-07   863.99999995   -23328.93905611
     940    1.88000000 -0.45925080E-06  0.27866205E-08  0.12669421E-07   863.99999995   -23328.93905043
     950    1.90000000 -0.46005087E-06  0.27904298E-08  0.12481921E-07   863.99999995   -23328.93904464
     960    1.92000000 -0.46070258E-06  0.27955827E-08  0.12306202E-07   863.99999995   -23328.93903875
     970    1.94000000 -0.46119404E-06  0.28007928E-08  0.12141960E-07   863.99999995   -23328.93903276
     980    1.96000000 -0.46152593E-06  0.28081058E-08  0.11990826E-07   863.99999995   -23328.93902667
     990    1.98000000 -0.46168947E-06  0.28155794E-08  0.11854760E-07   863.99999995   -23328.93902048
    1000    2.00000000 -0.46168377E-06  0.28241458E-08  0.11730998E-07   863.99999995   -23328.93901420
    1010    2.02000000 -0.46150281E-06  0.28331657E-08  0.11624964E-07   863.99999995   -23328.93900782
    1020    2.04000000 -0.46114691E-06  0.28436305E-08  0.11532492E-07   863.99999995   -23328.93900136
    1030    2.06000000 -0.46061381E-06  0.28545235E-08  0.11456640E-07   863.99999995   -23328.93899480
    1040    2.08000000 -0.45990186E-06  0.28658014E-08  0.11396556E-07   863.99999995   -23328.93898817
    1050    2.10000000 -0.45901217E-06  0.28780944E-08  0.11352245E-07   863.99999995   -23328.93898145
    1060    2.12000000 -0.45794500E-06  0.28908635E-08  0.11323061E-07   863.99999995   -23328.93897466
    1070    2.14000000 -0.45670175E-06  0.29034062E-08  0.11311055E-07   863.99999995   -23328.93896779
    1080    2.16000000 -0.45528377E-06  0.29170244E-08  0.11312239E-07   863.99999995   -23328.93896085
    1090    2.18000000 -0.45369504E-06  0.29307187E-08  0.11329123E-07   863.99999995   -23328.93895384
    1100    2.20000000 -0.45193797E-06  0.29446324E-08  0.11359306E-07   863.99999995   -23328.93894677
    1110    2.22000000 -0.45001513E-06  0.29581857E-08  0.11402583E-07   863.99999995   -23328.93893965
    1120    2.24000000 -0.44793308E-06  0.29730118E-08  0.11457507E-07   863.99999994   -23328.93893246
    1130    2.26000000 -0.44569388E-06  0.29856884E-08  0.11525082E-07   863.99999994   -23328.93892523
    1140    2.28000000 -0.44330229E-06  0.29996267E-08  0.11601925E-07   863.99999994   -23328.93891794
    1150    2.30000000 -0.44076511E-06  0.30125414E-08  0.11686796E-07   863.99999994   -23328.93891061
    1160    2.32000000 -0.43808636E-06  0.30261055E-08  0.11782210E-07   863.99999994   -23328.93890325
    1170    2.34000000 -0.43526939E-06  0.30373688E-08  0.11882866E-07   863.99999994   -23328.93889584
    1180    2.36000000 -0.43232303E-06  0.30507520E-08  0.11989385E-07   863.99999994   -23328.93888841
    1190    2.38000000 -0.42924968E-06  0.30608263E-08  0.12100643E-07   863.99999994   -23328.93888094
    1200    2.40000000 -0.42605491E-06  0.30716526E-08  0.12216103E-07   863.99999994   -23328.93887345
    1210    2.42000000 -0.42274521E-06  0.30820265E-08  0.12331566E-07   863.99999994   -23328.93886594
    1220    2.44000000 -0.41932354E-06  0.30918577E-08  0.12447540E-07   863.99999994   -23328.93885842
    1230    2.46000000 -0.41579504E-06  0.30993173E-08  0.12564470E-07   863.99999994   -23328.93885088
    1240    2.48000000 -0.41216496E-06  0.31081252E-08  0.12678666E-07   863.99999994   -23328.93884333
    1250    2.50000000 -0.40843566E-06  0.31154898E-08  0.12788448E-07   863.99999994   -23328.93883578
    1260    2.52000000 -0.40461125E-06  0.31222671E-08  0.12896291E-07   863.99999994   -23328.93882823
    1270    2.54000000 -0.40069537E-06  0.31285835E-08  0.12997785E-07   863.99999994   -23328.93882068
    1280    2.56000000 -0.39669000E-06  0.31345634E-08  0.13091200E-07   863.99999994   -23328.93881314
    1290    2.58000000 -0.39259665E-06  0.31397110E-08  0.13179811E-07   863.99999994   -23328.93880561
    1300    2.60000000 -0.38841878E-06  0.31438420E-08  0.13259133E-07   863.99999994   -23328.93879809
    1310    2.62000000 -0.38415684E-06  0.31493411E-08  0.13328346E-07   863.99999994   -23328.93879059
    1320    2.64000000 -0.37980976E-06  0.31523005E-08  0.13388401E-07   863.99999994   -23328.93878311
    1330    2.66000000 -0.37538172E-06  0.31555431E-08  0.13438929E-07   863.99999994   -23328.93877566
    1340    2.68000000 -0.37086934E-06  0.31589651E-08  0.13476050E-07   863.99999994   -23328.93876824
    1350    2.70000000 -0.36627464E-06  0.31624172E-08  0.13503028E-07   863.99999993   -23328.93876085
    1360    2.72000000 -0.36159356E-06  0.31648327E-08  0.13517682E-07   863.99999993   -23328.93875351
    1370    2.74000000 -0.35682964E-06  0.31669091E-08  0.13519133E-07   863.99999993   -23328.93874620
    1380    2.76000000 -0.35197661E-06  0.31702814E-08  0.13508171E-07   863.99999993   -23328.93873894
    1390    2.78000000 -0.34703664E-06  0.31727015E-08  0.13485335E-07   863.99999993   -23328.93873172
    1400    2.80000000 -0.34200443E-06  0.31752164E-08  0.13447558E-07   863.99999993   -23328.93872457
    1410    2.82000000 -0.33688215E-06  0.31776721E-08  0.13399063E-07   863.99999993   -23328.93871747
    1420    2.84000000 -0.33166170E-06  0.31807747E-08  0.13336090E-07   863.99999993   -23328.93871043
    1430    2.86000000 -0.32634688E-06  0.31822394E-08  0.13261382E-07   863.99999993   -23328.93870346
    1440    2.88000000 -0.32093086E-06  0.31858005E-08  0.13173619E-07   863.99999993   -23328.93869657
    1450    2.90000000 -0.31541310E-06  0.31875884E-08  0.13074608E-07   863.99999993   -23328.93868975
    1460    2.92000000 -0.30979134E-06  0.31903973E-08  0.12962385E-07   863.99999993   -23328.93868300
    1470    2.94000000 -0.30406219E-06  0.31919252E-08  0.12839614E-07   863.99999993   -23328.93867635
    1480    2.96000000 -0.29822392E-06  0.31948985E-08  0.12704980E-07   863.99999993   -23328.93866978
    1490    2.98000000 -0.29227498E-06  0.31960038E-08  0.12559700E-07   863.99999993   -23328.93866331
    1500    3.00000000 -0.28621175E-06  0.31986144E-08  0.12403525E-07   863.99999993   -23328.93865694
    1510    3.02000000 -0.28003505E-06  0.31989352E-08  0.12237602E-07   863.99999993   -23328.93865067
    1520    3.04000000 -0.27374071E-06  0.32008302E-08  0.12062385E-07   863.99999993   -23328.93864451
    1530    3.06000000 -0.26733067E-06  0.32006355E-08  0.11877151E-07   863.99999993   -23328.93863847
    1540    3.08000000 -0.26080075E-06  0.32013020E-08  0.11683786E-07   863.99999993   -23328.93863254
    1550    3.10000000 -0.25415449E-06  0.31998566E-08  0.11482584E-07   863.99999993   -23328.93862674
    1560    3.12000000 -0.24738802E-06  0.31986434E-08  0.11273629E-07   863.99999993   -23328.93862106
    1570    3.14000000 -0.24050500E-06  0.31958151E-08  0.11056813E-07   863.99999992   -23328.93861552
    1580    3.16000000 -0.23350330E-06  0.31919126E-08  0.10834811E-07   863.99999992   -23328.93861012
    1590    3.18000000 -0.22638699E-06  0.31877981E-08  0.10605204E-07   863.99999992   -23328.93860485
    1600    3.20000000 -0.21915392E-06  0.31816608E-08  0.10369824E-07   863.99999992   -23328.93859974
    1610    3.22000000 -0.21181130E-06  0.31753441E-08  0.10130092E-07   863.99999992   -23328.93859478
    1620    3.24000000 -0.20435529E-06  0.31665782E-08  0.98846514E-08   863.99999992   -23328.93858997
    1630    3.26000000 -0.19679498E-06  0.31570609E-08  0.96342988E-08   863.99999992   -23328.93858532
    1640    3.28000000 -0.18912802E-06  0.31450213E-08  0.93802886E-08   863.99999992   -23328.93858084
    1650    3.30000000 -0.18136245E-06  0.31334462E-08  0.91221490E-08   863.99999992   -23328.93857653
    1660    3.32000000 -0.17349855E-06  0.31179161E-08  0.88598939E-08   863.99999992   -23328.93857239
    1670    3.34000000 -0.16554389E-06  0.31032847E-08  0.85945269E-08   863.99999992   -23328.93856843
    1680    3.36000000 -0.15750001E-06  0.30838973E-08  0.83271661E-08   863.99999992   -23328.93856465
    1690    3.38000000 -0.14937547E-06  0.30660051E-08  0.80549201E-08   863.99999992   -23328.93856105
    1700    3.40000000 -0.14117058E-06  0.30443832E-08  0.77820251E-08   863.99999992   -23328.93855764
    1710    3.42000000 -0.13289568E-06  0.30227411E-08  0.75066692E-08   863.99999992   -23328.93855442
    1720    3.44000000 -0.12455258E-06  0.29968370E-08  0.72289278E-08   863.99999992   -23328.93855139
    1730    3.46000000 -0.11614932E-06  0.29728213E-08  0.69494399E-08   863.99999992   -23328.93854856
    1740    3.48000000 -0.10768907E-06  0.29430044E-08  0.66699461E-08   863.99999992   -23328.93854593
    1750    3.50000000 -0.99180885E-07  0.29153049E-08  0.63874582E-08   863.99999992   -23328.93854350
    1760    3.52000000 -0.90626878E-07  0.28828651E-08  0.61047312E-08   863.99999992   -23328.93854127
    1770    3.54000000 -0.82035081E-07  0.28515691E-08  0.58202804E-08   863.99999992   -23328.93853925
    1780    3.56000000 -0.73410312E-07  0.28164296E-08  0.55361654E-08   863.99999992   -23328.93853743
    1790    3.58000000 -0.64757605E-07  0.27811465E-08  0.52493758E-08   863.99999992   -23328.93853582
    1800    3.60000000 -0.56082577E-07  0.27446129E-08  0.49635810E-08   863.99999991   -23328.93853441
    1810    3.62000000 -0.47390905E-07  0.27048314E-08  0.46760769E-08   863.99999991   -23328.93853322
    1820    3.64000000 -0.38686706E-07  0.26664980E-08  0.43885996E-08   863.99999991   -23328.93853224
    1830    3.66000000 -0.29973508E-07  0.26243573E-08  0.41002832E-08   863.99999991   -23328.93853146
    1840    3.68000000 -0.21259197E-07  0.25830130E-08  0.38123472E-08   863.99999991   -23328.93853090
    1850    3.70000000 -0.12542137E-07  0.25384882E-08  0.35233278E-08   863.99999991   -23328.93853055
    1860    3.72000000 -0.38318815E-08  0.24946866E-08  0.32356781E-08   863.99999991   -23328.93853041
    1870    3.74000000  0.48735535E-08  0.24493902E-08  0.29461876E-08   863.99999991   -23328.93853047
    1880    3.76000000  0.13566693E-07  0.24026024E-08  0.26585297E-08   863.99999991   -23328.93853075
    1890    3.78000000  0.22250063E-07  0.23556170E-08  0.23703547E-08   863.99999991   -23328.93853124
    1900    3.80000000  0.30916412E-07  0.23073653E-08  0.20825249E-08   863.99999991   -23328.93853193
    1910    3.82000000  0.39568160E-07  0.22585969E-08  0.17958211E-08   863.99999991   -23328.93853283
    1920    3.84000000  0.48202901E-07  0.22090058E-08  0.15095600E-08   863.99999991   -23328.93853394
    1930    3.86000000  0.56819137E-07  0.21593696E-08  0.12241813E-08   863.99999991   -23328.93853525
    1940    3.88000000  0.65416604E-07  0.21084864E-08  0.94097765E-09   863.99999991   -23328.93853677
    1950    3.90000000  0.73996409E-07  0.20577455E-08  0.65769509E-09   863.99999991   -23328.93853848
    1960    3.92000000  0.82556295E-07  0.20065944E-08  0.37869956E-09   863.99999991   -23328.93854040
    1970    3.94000000  0.91098380E-07  0.19557828E-08  0.99156686E-10   863.99999991   -23328.93854251
    1980    3.96000000  0.99621988E-07  0.19043775E-08 -0.17523295E-09   863.99999991   -23328.93854483
    1990    3.98000000  0.10812891E-06  0.18527841E-08 -0.44882576E-09   863.99999991   -23328.93854733
    2000    4.00000000  0.11661801E-06  0.18022359E-08 -0.71682800E-09   863.99999991   -23328.93855003
    2010    4.02000000  0.12509302E-06  0.17504389E-08 -0.98437075E-09   863.99999991   -23328.93855292
    2020    4.04000000  0.13355123E-06  0.17008881E-08 -0.12457202E-08   863.99999991   -23328.93855599
    2030    4.06000000  0.14199788E-06  0.16492471E-08 -0.15041831E-08   863.99999990   -23328.93855926
    2040    4.08000000  0.15043022E-06  0.15999528E-08 -0.17584111E-08   863.99999990   -23328.93856271
    2050    4.10000000  0.15885310E-06  0.15503341E-08 -0.20083963E-08   863.99999990   -23328.93856633
    2060    4.12000000  0.16726377E-06  0.15008492E-08 -0.22528370E-08   863.99999990   -23328.93857014
    2070    4.14000000  0.17566822E-06  0.14514795E-08 -0.24931647E-08   863.99999990   -23328.93857413
    2080    4.16000000  0.18406377E-06  0.14031188E-08 -0.27284897E-08   863.99999990   -23328.93857829
    2090    4.18000000  0.19245261E-06  0.13543390E-08 -0.29578569E-08   863.99999990   -23328.93858262
    2100    4.20000000  0.20083639E-06  0.13064615E-08 -0.31828309E-08   863.99999990   -23328.93858712
    2110    4.22000000  0.20921423E-06  0.12579399E-08 -0.34020491E-08   863.99999990   -23328.93859178
    2120    4.24000000  0.21758859E-06  0.12110395E-08 -0.36157097E-08   863.99999990   -23328.93859661
    2130    4.26000000  0.22595699E-06  0.11613802E-08 -0.38239182E-08   863.99999990   -23328.93860160
    2140    4.28000000  0.23432208E-06  0.11148503E-08 -0.40266103E-08   863.99999990   -23328.93860674
    2150    4.30000000  0.24268176E-06  0.10652726E-08 -0.42252592E-08   863.99999990   -23328.93861204
    2160    4.32000000  0.25103691E-06  0.10179420E-08 -0.44170450E-08   863.99999990   -23328.93861750
    2170    4.34000000  0.25938576E-06  0.96772514E-09 -0.46056473E-08   863.99999990   -23328.93862309
    2180    4.36000000  0.26772834E-06  0.91999148E-09 -0.47890117E-08   863.99999990   -23328.93862884
    2190    4.38000000  0.27606162E-06  0.86845448E-09 -0.49686009E-08   863.99999990   -23328.93863472
    2200    4.40000000  0.28438698E-06  0.81877565E-09 -0.51434219E-08   863.99999990   -23328.93864074
    2210    4.42000000  0.29269954E-06  0.76629329E-09 -0.53161826E-08   863.99999990   -23328.93864689
    2220    4.44000000  0.30099919E-06  0.71454772E-09 -0.54850377E-08   863.99999990   -23328.93865317
    2230    4.46000000  0.30928177E-06  0.66001922E-09 -0.56514665E-08   863.99999990   -23328.93865958
    2240    4.48000000  0.31754649E-06  0.60575110E-09 -0.58152542E-08   863.99999990   -23328.93866611
    2250    4.50000000  0.32578815E-06  0.54943248E-09 -0.59781261E-08   863.99999990   -23328.93867275
    2260    4.52000000  0.33400436E-06  0.49194557E-09 -0.61376958E-08   863.99999989   -23328.93867951
    2270    4.54000000  0.34219139E-06  0.43321857E-09 -0.62983572E-08   863.99999989   -23328.93868637
    2280    4.56000000  0.35034480E-06  0.37287065E-09 -0.64568666E-08   863.99999989   -23328.93869334
    2290    4.58000000  0.35846101E-06  0.31106097E-09 -0.66153924E-08   863.99999989   -23328.93870040
    2300    4.60000000  0.36653633E-06  0.24779041E-09 -0.67746177E-08   863.99999989   -23328.93870756
    2310    4.62000000  0.37456520E-06  0.18314517E-09 -0.69343739E-08   863.99999989   -23328.93871480
    2320    4.64000000  0.38254500E-06  0.11688112E-09 -0.70954111E-08   863.99999989   -23328.93872213
    2330    4.66000000  0.39046974E-06  0.48945980E-10 -0.72575554E-08   863.99999989   -23328.93872954
    2340    4.68000000  0.39833729E-06 -0.19530023E-10 -0.74232734E-08   863.99999989   -23328.93873701
    2350    4.70000000  0.40614085E-06 -0.90642531E-10 -0.75902056E-08   863.99999989   -23328.93874455
    2360    4.72000000  0.41387943E-06 -0.16176393E-09 -0.77608125E-08   863.99999989   -23328.93875215
    2370    4.74000000  0.42154783E-06 -0.23511820E-09 -0.79350047E-08   863.99999989   -23328.93875980
    2380    4.76000000  0.42914232E-06 -0.30835466E-09 -0.81124163E-08   863.99999989   -23328.93876751
    2390    4.78000000  0.43665882E-06 -0.38477179E-09 -0.82942056E-08   863.99999989   -23328.93877525
    2400    4.80000000  0.44409803E-06 -0.45994368E-09 -0.84808562E-08   863.99999989   -23328.93878303
    2410    4.82000000  0.45145191E-06 -0.53714905E-09 -0.86714924E-08   863.99999989   -23328.93879084
    2420    4.84000000  0.45872119E-06 -0.61540352E-09 -0.88671104E-08   863.99999989   -23328.93879867
    2430    4.86000000  0.46590296E-06 -0.69364234E-09 -0.90667779E-08   863.99999989   -23328.93880653
    2440    4.88000000  0.47299439E-06 -0.77202884E-09 -0.92726293E-08   863.99999989   -23328.93881439
    2450    4.90000000  0.47999187E-06 -0.85264427E-09 -0.94819787E-08   863.99999989   -23328.93882225
    2460    4.92000000  0.48689723E-06 -0.93134065E-09 -0.96968749E-08   863.99999989   -23328.93883012
    2470    4.94000000  0.49370499E-06 -0.10115262E-08 -0.99153045E-08   863.99999989   -23328.93883798
    2480    4.96000000  0.50041358E-06 -0.10911850E-08 -0.10139904E-07   863.99999989   -23328.93884582
    2490    4.98000000  0.50702305E-06 -0.11718118E-08 -0.10366673E-07   863.99999988   -23328.93885364
    2500    5.00000000  0.51352992E-06 -0.12497227E-08 -0.10599054E-07   863.99999988   -23328.93886144
    2510    5.02000000  0.51993339E-06 -0.13294936E-08 -0.10834203E-07   863.99999988   -23328.93886920
    2520    5.04000000  0.52622991E-06 -0.14074164E-08 -0.11072735E-07   863.99999988   -23328.93887692
    2530    5.06000000  0.53242182E-06 -0.14844282E-08 -0.11313550E-07   863.99999988   -23328.93888460
    2540    5.08000000  0.53850027E-06 -0.15612967E-08 -0.11557692E-07   863.99999988   -23328.93889223
    2550    5.10000000  0.54447307E-06 -0.16360497E-08 -0.11803372E-07   863.99999988   -23328.93889979
    2560    5.12000000  0.55032922E-06 -0.17097834E-08 -0.12050084E-07   863.99999988   -23328.93890730
    2570    5.14000000  0.55607408E-06 -0.17821440E-08 -0.12298283E-07   863.99999988   -23328.93891473
    2580    5.16000000  0.56170153E-06 -0.18536646E-08 -0.12547129E-07   863.99999988   -23328.93892209
    2590    5.18000000  0.56721464E-06 -0.19224212E-08 -0.12794501E-07   863.99999988   -23328.93892937
    2600    5.20000000  0.57260751E-06 -0.19898885E-08 -0.13044282E-07   863.99999988   -23328.93893655
    2610    5.22000000  0.57788331E-06 -0.20562582E-08 -0.13290753E-07   863.99999988   -23328.93894365
    2620    5.24000000  0.58303901E-06 -0.21203041E-08 -0.13537669E-07   863.99999988   -23328.93895064
    2630    5.26000000  0.58807343E-06 -0.21827399E-08 -0.13781637E-07   863.99999988   -23328.93895753
    2640    5.28000000  0.59298847E-06 -0.22432156E-08 -0.14024876E-07   863.99999988   -23328.93896431
    2650    5.30000000  0.59778036E-06 -0.23028474E-08 -0.14264022E-07   863.99999988   -23328.93897097
    2660    5.32000000  0.60245234E-06 -0.23590256E-08 -0.14501697E-07   863.99999988   -23328.93897751
    2670    5.34000000  0.60700066E-06 -0.24160073E-08 -0.14734044E-07   863.99999988   -23328.93898392
    2680    5.36000000  0.61142839E-06 -0.24696597E-08 -0.14964506E-07   863.99999988   -23328.93899020
    2690    5.38000000  0.61573361E-06 -0.25224830E-08 -0.15188416E-07   863.99999988   -23328.93899635
    2700    5.40000000  0.61991840E-06 -0.25730477E-08 -0.15409666E-07   863.99999988   -23328.93900235
    2710    5.42000000  0.62398052E-06 -0.26252787E-08 -0.15623556E-07   863.99999987   -23328.93900820
    2720    5.44000000  0.62792376E-06 -0.26724860E-08 -0.15833169E-07   863.99999987   -23328.93901391
    2730    5.46000000  0.63174548E-06 -0.27211377E-08 -0.16036876E-07   863.99999987   -23328.93901946
    2740    5.48000000  0.63544724E-06 -0.27682215E-08 -0.16234100E-07   863.99999987   -23328.93902484
    2750    5.50000000  0.63903158E-06 -0.28146816E-08 -0.16425086E-07   863.99999987   -23328.93903006
    2760    5.52000000  0.64249519E-06 -0.28596589E-08 -0.16608979E-07   863.99999987   -23328.93903512
    2770    5.54000000  0.64584253E-06 -0.29048689E-08 -0.16786416E-07   863.99999987   -23328.93904000
    2780    5.56000000  0.64907028E-06 -0.29495772E-08 -0.16955874E-07   863.99999987   -23328.93904470
    2790    5.58000000  0.65218235E-06 -0.29938381E-08 -0.17118555E-07   863.99999987   -23328.93904923
    2800    5.60000000  0.65517492E-06 -0.30376682E-08 -0.17272602E-07   863.99999987   -23328.93905357
    2810    5.62000000  0.65805305E-06 -0.30827539E-08 -0.17420327E-07   863.99999987   -23328.93905772
    2820    5.64000000  0.66081144E-06 -0.31262954E-08 -0.17558463E-07   863.99999987   -23328.93906168
    2830    5.66000000  0.66345477E-06 -0.31714766E-08 -0.17689294E-07   863.99999987   -23328.93906545
    2840    5.68000000  0.66597914E-06 -0.32166149E-08 -0.17812535E-07   863.99999987   -23328.93906902
    2850    5.70000000  0.66838772E-06 -0.32632067E-08 -0.17926927E-07   863.99999987   -23328.93907239
    2860    5.72000000  0.67067614E-06 -0.33080970E-08 -0.18033534E-07   863.99999987   -23328.93907555
    2870    5.74000000  0.67284699E-06 -0.33561275E-08 -0.18132709E-07   863.99999987   -23328.93907852
    2880    5.76000000  0.67489889E-06 -0.34035824E-08 -0.18224173E-07   863.99999987   -23328.93908127
    2890    5.78000000  0.67682957E-06 -0.34513996E-08 -0.18307693E-07   863.99999987   -23328.93908381
    2900    5.80000000  0.67863987E-06 -0.35017455E-08 -0.18384120E-07   863.99999987   -23328.93908615
    2910    5.82000000  0.68032839E-06 -0.35519006E-08 -0.18453733E-07   863.99999987   -23328.93908826
    2920    5.84000000  0.68189404E-06 -0.36027485E-08 -0.18515470E-07   863.99999987   -23328.93909017
    2930    5.86000000  0.68333339E-06 -0.36553262E-08 -0.18571411E-07   863.99999987   -23328.93909185
    2940    5.88000000  0.68464991E-06 -0.37084947E-08 -0.18620009E-07   863.99999986   -23328.93909331
    2950    5.90000000  0.68583775E-06 -0.37619068E-08 -0.18664096E-07   863.99999986   -23328.93909456
    2960    5.92000000  0.68689656E-06 -0.38170305E-08 -0.18700430E-07   863.99999986   -23328.93909558
    2970    5.94000000  0.68782731E-06 -0.38725358E-08 -0.18732667E-07   863.99999986   -23328.93909638
    2980    5.96000000  0.68862546E-06 -0.39280601E-08 -0.18758318E-07   863.99999986   -23328.93909695
    2990    5.98000000  0.68929063E-06 -0.39854599E-08 -0.18780597E-07   863.99999986   -23328.93909730
    3000    6.00000000  0.68982143E-06 -0.40421908E-08 -0.18795962E-07   863.99999986   -23328.93909742
    3010    6.02000000  0.69021735E-06 -0.41003559E-08 -0.18809311E-07   863.99999986   -23328.93909732
    3020    6.04000000  0.69047542E-06 -0.41573976E-08 -0.18816426E-07   863.99999986   -23328.93909699
    3030    6.06000000  0.69059515E-06 -0.42155279E-08 -0.18821680E-07   863.99999986   -23328.93909644
    3040    6.08000000  0.69057542E-06 -0.42737315E-08 -0.18820941E-07   863.99999986   -23328.93909566
    3050    6.10000000  0.69041472E-06 -0.43314741E-08 -0.18820091E-07   863.99999986   -23328.93909466
    3060    6.12000000  0.69011210E-06 -0.43894831E-08 -0.18814338E-07   863.99999986   -23328.93909343
    3070    6.14000000  0.68966785E-06 -0.44457805E-08 -0.18806656E-07   863.99999986   -23328.93909198
    3080    6.16000000  0.68907896E-06 -0.45031233E-08 -0.18796299E-07   863.99999986   -23328.93909030
    3090    6.18000000  0.68834764E-06 -0.45580987E-08 -0.18785291E-07   863.99999986   -23328.93908840
    3100    6.20000000  0.68747055E-06 -0.46135933E-08 -0.18770622E-07   863.99999986   -23328.93908628
    3110    6.22000000  0.68645222E-06 -0.46662963E-08 -0.18756219E-07   863.99999986   -23328.93908394
    3120    6.24000000  0.68528569E-06 -0.47193510E-08 -0.18739317E-07   863.99999986   -23328.93908139
    3130    6.26000000  0.68397946E-06 -0.47698051E-08 -0.18721795E-07   863.99999986   -23328.93907862
    3140    6.28000000  0.68252546E-06 -0.48187801E-08 -0.18702825E-07   863.99999986   -23328.93907563
    3150    6.30000000  0.68093237E-06 -0.48669428E-08 -0.18682877E-07   863.99999986   -23328.93907243
    3160    6.32000000  0.67919283E-06 -0.49126305E-08 -0.18663012E-07   863.99999986   -23328.93906902
    3170    6.34000000  0.67731546E-06 -0.49559051E-08 -0.18641460E-07   863.99999985   -23328.93906541
    3180    6.36000000  0.67529450E-06 -0.49978736E-08 -0.18619625E-07   863.99999985   -23328.93906159
    3190    6.38000000  0.67313689E-06 -0.50381772E-08 -0.18597658E-07   863.99999985   -23328.93905757
    3200    6.40000000  0.67083922E-06 -0.50747691E-08 -0.18572793E-07   863.99999985   -23328.93905335
    3210    6.42000000  0.66840675E-06 -0.51106437E-08 -0.18550391E-07   863.99999985   -23328.93904893
    3220    6.44000000  0.66583807E-06 -0.51446223E-08 -0.18524306E-07   863.99999985   -23328.93904432
    3230    6.46000000  0.66313707E-06 -0.51748739E-08 -0.18499526E-07   863.99999985   -23328.93903953
    3240    6.48000000  0.66030470E-06 -0.52036192E-08 -0.18471995E-07   863.99999985   -23328.93903454
    3250    6.50000000  0.65734178E-06 -0.52317472E-08 -0.18445252E-07   863.99999985   -23328.93902938
    3260    6.52000000  0.65425254E-06 -0.52566301E-08 -0.18414358E-07   863.99999985   -23328.93902404
    3270    6.54000000  0.65103566E-06 -0.52789815E-08 -0.18386562E-07   863.99999985   -23328.93901852
    3280    6.56000000  0.64769611E-06 -0.53010656E-08 -0.18353235E-07   863.99999985   -23328.93901284
    3290    6.58000000  0.64423340E-06 -0.53203543E-08 -0.18320573E-07   863.99999985   -23328.93900699
    3300    6.60000000  0.64065111E-06 -0.53381904E-08 -0.18285616E-07   863.99999985   -23328.93900098
    3310    6.62000000  0.63695018E-06 -0.53549405E-08 -0.18249439E-07   863.99999985   -23328.93899481
    3320    6.64000000  0.63313215E-06 -0.53696195E-08 -0.18210078E-07   863.99999985   -23328.93898849
    3330    6.66000000  0.62920005E-06 -0.53829954E-08 -0.18169536E-07   863.99999985   -23328.93898202
    3340    6.68000000  0.62515429E-06 -0.53952184E-08 -0.18126694E-07   863.99999985   -23328.93897541
    3350    6.70000000  0.62099639E-06 -0.54066686E-08 -0.18080505E-07   863.99999985   -23328.93896866
    3360    6.72000000  0.61673054E-06 -0.54163822E-08 -0.18033744E-07   863.99999985   -23328.93896177
    3370    6.74000000  0.61235408E-06 -0.54253302E-08 -0.17981551E-07   863.99999985   -23328.93895476
    3380    6.76000000  0.60787180E-06 -0.54332399E-08 -0.17928386E-07   863.99999985   -23328.93894763
    3390    6.78000000  0.60328332E-06 -0.54400525E-08 -0.17871164E-07   863.99999985   -23328.93894038
    3400    6.80000000  0.59859101E-06 -0.54468173E-08 -0.17811763E-07   863.99999984   -23328.93893301
    3410    6.82000000  0.59379465E-06 -0.54526269E-08 -0.17748097E-07   863.99999984   -23328.93892554
    3420    6.84000000  0.58889638E-06 -0.54573854E-08 -0.17682325E-07   863.99999984   -23328.93891797
    3430    6.86000000  0.58389667E-06 -0.54624787E-08 -0.17611508E-07   863.99999984   -23328.93891030
    3440    6.88000000  0.57879645E-06 -0.54663215E-08 -0.17539767E-07   863.99999984   -23328.93890254
    3450    6.90000000  0.57359676E-06 -0.54702211E-08 -0.17461368E-07   863.99999984   -23328.93889469
    3460    6.92000000  0.56829802E-06 -0.54727466E-08 -0.17381982E-07   863.99999984   -23328.93888676
    3470    6.94000000  0.56290146E-06 -0.54761848E-08 -0.17297319E-07   863.99999984   -23328.93887876
    3480    6.96000000  0.55740635E-06 -0.54778542E-08 -0.17210376E-07   863.99999984   -23328.93887069
    3490    6.98000000  0.55181487E-06 -0.54795709E-08 -0.17117384E-07   863.99999984   -23328.93886256
    3500    7.00000000  0.54612580E-06 -0.54803389E-08 -0.17023770E-07   863.99999984   -23328.93885437
    3510    7.02000000  0.54034152E-06 -0.54809509E-08 -0.16923936E-07   863.99999984   -23328.93884613
    3520    7.04000000  0.53445942E-06 -0.54804108E-08 -0.16821473E-07   863.99999984   -23328.93883784
    3530    7.06000000  0.52848309E-06 -0.54804153E-08 -0.16715469E-07   863.99999984   -23328.93882952
    3540    7.08000000  0.52241123E-06 -0.54780277E-08 -0.16605624E-07   863.99999984   -23328.93882116
    3550    7.10000000  0.51624376E-06 -0.54767969E-08 -0.16491617E-07   863.99999984   -23328.93881277
    3560    7.12000000  0.50998299E-06 -0.54734191E-08 -0.16374987E-07   863.99999984   -23328.93880437
    3570    7.14000000  0.50362806E-06 -0.54712597E-08 -0.16254674E-07   863.99999984   -23328.93879595
    3580    7.16000000  0.49717989E-06 -0.54646703E-08 -0.16130864E-07   863.99999984   -23328.93878752
    3590    7.18000000  0.49063899E-06 -0.54629768E-08 -0.16003567E-07   863.99999984   -23328.93877908
    3600    7.20000000  0.48400649E-06 -0.54552012E-08 -0.15873739E-07   863.99999984   -23328.93877065
    3610    7.22000000  0.47728370E-06 -0.54503654E-08 -0.15740054E-07   863.99999984   -23328.93876223
    3620    7.24000000  0.47046938E-06 -0.54427192E-08 -0.15604273E-07   863.99999984   -23328.93875383
    3630    7.26000000  0.46356792E-06 -0.54357202E-08 -0.15464638E-07   863.99999983   -23328.93874545
    3640    7.28000000  0.45657705E-06 -0.54259069E-08 -0.15323824E-07   863.99999983   -23328.93873709
    3650    7.30000000  0.44950099E-06 -0.54185054E-08 -0.15178370E-07   863.99999983   -23328.93872877
    3660    7.32000000  0.44233960E-06 -0.54070181E-08 -0.15031516E-07   863.99999983   -23328.93872049
    3670    7.34000000  0.43509467E-06 -0.53965591E-08 -0.14881625E-07   863.99999983   -23328.93871225
    3680    7.36000000  0.42776759E-06 -0.53849453E-08 -0.14728920E-07   863.99999983   -23328.93870407
    3690    7.38000000  0.42036137E-06 -0.53719607E-08 -0.14573933E-07   863.99999983   -23328.93869594
    3700    7.40000000  0.41287657E-06 -0.53579111E-08 -0.14416882E-07   863.99999983   -23328.93868788
    3710    7.42000000  0.40531539E-06 -0.53444365E-08 -0.14256149E-07   863.99999983   -23328.93867989
    3720    7.44000000  0.39768164E-06 -0.53286782E-08 -0.14094632E-07   863.99999983   -23328.93867197
    3730    7.46000000  0.38997484E-06 -0.53119033E-08 -0.13929001E-07   863.99999983   -23328.93866414
    3740    7.48000000  0.38219923E-06 -0.52952143E-08 -0.13763291E-07   863.99999983   -23328.93865639
    3750    7.50000000  0.37435703E-06 -0.52769280E-08 -0.13592406E-07   863.99999983   -23328.93864873
    3760    7.52000000  0.36644994E-06 -0.52569382E-08 -0.13421217E-07   863.99999983   -23328.93864117
    3770    7.54000000  0.35848036E-06 -0.52374702E-08 -0.13247177E-07   863.99999983   -23328.93863371
    3780    7.56000000  0.35045224E-06 -0.52168916E-08 -0.13069756E-07   863.99999983   -23328.93862636
    3790    7.58000000  0.34236651E-06 -0.51934645E-08 -0.12892576E-07   863.99999983   -23328.93861913
    3800    7.60000000  0.33422731E-06 -0.51716080E-08 -0.12710284E-07   863.99999983   -23328.93861201
    3810    7.62000000  0.32603573E-06 -0.51472382E-08 -0.12528586E-07   863.99999983   -23328.93860502
    3820    7.64000000  0.31779719E-06 -0.51225195E-08 -0.12342036E-07   863.99999983   -23328.93859815
    3830    7.66000000  0.30951032E-06 -0.50954406E-08 -0.12155508E-07   863.99999983   -23328.93859142
    3840    7.68000000  0.30118184E-06 -0.50700199E-08 -0.11964164E-07   863.99999983   -23328.93858482
    3850    7.70000000  0.29281212E-06 -0.50405749E-08 -0.11773384E-07   863.99999983   -23328.93857837
    3860    7.72000000  0.28440458E-06 -0.50130553E-08 -0.11577549E-07   863.99999982   -23328.93857206
    3870    7.74000000  0.27596021E-06 -0.49828520E-08 -0.11381815E-07   863.99999982   -23328.93856590
    3880    7.76000000  0.26748479E-06 -0.49533333E-08 -0.11181033E-07   863.99999982   -23328.93855990
    3890    7.78000000  0.25897653E-06 -0.49208606E-08 -0.10980260E-07   863.99999982   -23328.93855405
    3900    7.80000000  0.25044090E-06 -0.48904157E-08 -0.10775743E-07   863.99999982   -23328.93854837
    3910    7.82000000  0.24187914E-06 -0.48567379E-08 -0.10568687E-07   863.99999982   -23328.93854284
    3920    7.84000000  0.23329418E-06 -0.48244592E-08 -0.10359537E-07   863.99999982   -23328.93853749
    3930    7.86000000  0.22468649E-06 -0.47902542E-08 -0.10147956E-07   863.99999982   -23328.93853231
    3940    7.88000000  0.21606107E-06 -0.47556703E-08 -0.99335614E-08   863.99999982   -23328.93852731
    3950    7.90000000  0.20741633E-06 -0.47212108E-08 -0.97167643E-08   863.99999982   -23328.93852248
    3960    7.92000000  0.19875853E-06 -0.46846741E-08 -0.94988210E-08   863.99999982   -23328.93851784
    3970    7.94000000  0.19008603E-06 -0.46490800E-08 -0.92773646E-08   863.99999982   -23328.93851337
    3980    7.96000000  0.18140267E-06 -0.46117498E-08 -0.90544095E-08   863.99999982   -23328.93850910
    3990    7.98000000  0.17270929E-06 -0.45745145E-08 -0.88299993E-08   863.99999982   -23328.93850501
    4000    8.00000000  0.16400884E-06 -0.45355500E-08 -0.86026742E-08   863.99999982   -23328.93850111
    4010    8.02000000  0.15530184E-06 -0.44970621E-08 -0.83740693E-08   863.99999982   -23328.93849741
    4020    8.04000000  0.14659068E-06 -0.44567273E-08 -0.81447270E-08   863.99999982   -23328.93849390
    4030    8.06000000  0.13787753E-06 -0.44161518E-08 -0.79126733E-08   863.99999982   -23328.93849058
    4040    8.08000000  0.12916242E-06 -0.43740839E-08 -0.76796506E-08   863.99999982   -23328.93848747
    4050    8.10000000  0.12044913E-06 -0.43329260E-08 -0.74460386E-08   863.99999982   -23328.93848456
    4060    8.12000000  0.11173684E-06 -0.42886078E-08 -0.72104479E-08   863.99999982   -23328.93848184
    4070    8.14000000  0.10303022E-06 -0.42443214E-08 -0.69759206E-08   863.99999982   -23328.93847933
    4080    8.16000000  0.94327303E-07 -0.41996572E-08 -0.67385900E-08   863.99999981   -23328.93847703
    4090    8.18000000  0.85633199E-07 -0.41535013E-08 -0.65043660E-08   863.99999981   -23328.93847492
    4100    8.20000000  0.76946331E-07 -0.41053806E-08 -0.62662108E-08   863.99999981   -23328.93847303
    4110    8.22000000  0.68271206E-07 -0.40580962E-08 -0.60323641E-08   863.99999981   -23328.93847134
    4120    8.24000000  0.59606610E-07 -0.40075091E-08 -0.57955504E-08   863.99999981   -23328.93846985
    4130    8.26000000  0.50956719E-07 -0.39565574E-08 -0.55621924E-08   863.99999981   -23328.93846858
    4140    8.28000000  0.42320539E-07 -0.39041556E-08 -0.53280233E-08   863.99999981   -23328.93846751
    4150    8.30000000  0.33703070E-07 -0.38507871E-08 -0.50965808E-08   863.99999981   -23328.93846665
    4160    8.32000000  0.25101774E-07 -0.37956180E-08 -0.48648297E-08   863.99999981   -23328.93846599
    4170    8.34000000  0.16522780E-07 -0.37390242E-08 -0.46367890E-08   863.99999981   -23328.93846555
    4180    8.36000000  0.79642328E-08 -0.36821556E-08 -0.44085640E-08   863.99999981   -23328.93846531
    4190    8.38000000 -0.56944123E-09 -0.36223331E-08 -0.41839400E-08   863.99999981   -23328.93846527
    4200    8.40000000 -0.90792696E-08 -0.35627447E-08 -0.39600193E-08   863.99999981   -23328.93846544
    4210    8.42000000 -0.17559585E-07 -0.35009922E-08 -0.37402076E-08   863.99999981   -23328.93846582
    4220    8.44000000 -0.26012588E-07 -0.34379339E-08 -0.35213402E-08   863.99999981   -23328.93846640
    4230    8.46000000 -0.34432609E-07 -0.33738687E-08 -0.33044849E-08   863.99999981   -23328.93846719
    4240    8.48000000 -0.42820072E-07 -0.33081050E-08 -0.30927934E-08   863.99999981   -23328.93846817
    4250    8.50000000 -0.51171344E-07 -0.32425171E-08 -0.28806680E-08   863.99999981   -23328.93846936
    4260    8.52000000 -0.59486545E-07 -0.31743307E-08 -0.26738735E-08   863.99999981   -23328.93847075
    4270    8.54000000 -0.67760009E-07 -0.31062474E-08 -0.24680955E-08   863.99999981   -23328.93847233
    4280    8.56000000 -0.75993253E-07 -0.30371672E-08 -0.22666478E-08   863.99999981   -23328.93847411
    4290    8.58000000 -0.84181825E-07 -0.29668930E-08 -0.20662466E-08   863.99999981   -23328.93847608
    4300    8.60000000 -0.92324115E-07 -0.28958141E-08 -0.18709604E-08   863.99999981   -23328.93847825
    4310    8.62000000 -0.10041781E-06 -0.28250894E-08 -0.16761349E-08   863.99999980   -23328.93848060
    4320    8.64000000 -0.10846207E-06 -0.27527683E-08 -0.14851278E-08   863.99999980   -23328.93848314
    4330    8.66000000 -0.11645176E-06 -0.26799367E-08 -0.12963278E-08   863.99999980   -23328.93848587
    4340    8.68000000 -0.12438767E-06 -0.26080854E-08 -0.11107186E-08   863.99999980   -23328.93848878
    4350    8.70000000 -0.13226604E-06 -0.25352123E-08 -0.92579708E-09   863.99999980   -23328.93849186
    4360    8.72000000 -0.14008506E-06 -0.24617769E-08 -0.74470845E-09   863.99999980   -23328.93849513
    4370    8.74000000 -0.14784191E-06 -0.23896601E-08 -0.56473906E-09   863.99999980   -23328.93849857
    4380    8.76000000 -0.15553637E-06 -0.23163137E-08 -0.38656511E-09   863.99999980   -23328.93850218
    4390    8.78000000 -0.16316419E-06 -0.22447253E-08 -0.21024077E-09   863.99999980   -23328.93850595
    4400    8.80000000 -0.17072454E-06 -0.21713801E-08 -0.36490128E-10   863.99999980   -23328.93850989
    4410    8.82000000 -0.17821455E-06 -0.21008253E-08  0.13757691E-09   863.99999980   -23328.93851399
    4420    8.84000000 -0.18563441E-06 -0.20280465E-08  0.30942000E-09   863.99999980   -23328.93851825
    4430    8.86000000 -0.19297813E-06 -0.19585385E-08  0.48050598E-09   863.99999980   -23328.93852266
    4440    8.88000000 -0.20024849E-06 -0.18871133E-08  0.65064724E-09   863.99999980   -23328.93852722
    4450    8.90000000 -0.20743991E-06 -0.18178649E-08  0.82128253E-09   863.99999980   -23328.93853193
    4460    8.92000000 -0.21455358E-06 -0.17482840E-08  0.98929695E-09   863.99999980   -23328.93853678
    4470    8.94000000 -0.22158395E-06 -0.16802326E-08  0.11594255E-08   863.99999980   -23328.93854177
    4480    8.96000000 -0.22853463E-06 -0.16113764E-08  0.13275412E-08   863.99999980   -23328.93854690
    4490    8.98000000 -0.23539870E-06 -0.15453508E-08  0.14974302E-08   863.99999980   -23328.93855215
    4500    9.00000000 -0.24217883E-06 -0.14781169E-08  0.16650733E-08   863.99999980   -23328.93855753
    4510    9.02000000 -0.24887039E-06 -0.14118132E-08  0.18354824E-08   863.99999980   -23328.93856303
    4520    9.04000000 -0.25547375E-06 -0.13472169E-08  0.20032692E-08   863.99999980   -23328.93856865
    4530    9.06000000 -0.26198644E-06 -0.12819899E-08  0.21734270E-08   863.99999980   -23328.93857438
    4540    9.08000000 -0.26840783E-06 -0.12182303E-08  0.23421336E-08   863.99999979   -23328.93858023
    4550    9.10000000 -0.27473642E-06 -0.11540232E-08  0.25131313E-08   863.99999979   -23328.93858618
    4560    9.12000000 -0.28097080E-06 -0.10917920E-08  0.26821284E-08   863.99999979   -23328.93859222
    4570    9.14000000 -0.28711068E-06 -0.10282510E-08  0.28523782E-08   863.99999979   -23328.93859837
    4580    9.16000000 -0.29315329E-06 -0.96683157E-09  0.30231517E-08   863.99999979   -23328.93860460
    4590    9.18000000 -0.29909881E-06 -0.90369187E-09  0.31923909E-08   863.99999979   -23328.93861093
    4600    9.20000000 -0.30494577E-06 -0.84277682E-09  0.33635867E-08   863.99999979   -23328.93861733
    4610    9.22000000 -0.31069394E-06 -0.78055349E-09  0.35329137E-08   863.99999979   -23328.93862381
    4620    9.24000000 -0.31634128E-06 -0.72003740E-09  0.37031841E-08   863.99999979   -23328.93863037
    4630    9.26000000 -0.32188673E-06 -0.65762399E-09  0.38713893E-08   863.99999979   -23328.93863699
    4640    9.28000000 -0.32733169E-06 -0.59781497E-09  0.40415975E-08   863.99999979   -23328.93864368
    4650    9.30000000 -0.33267074E-06 -0.53587779E-09  0.42078224E-08   863.99999979   -23328.93865043
    4660    9.32000000 -0.33790878E-06 -0.47495060E-09  0.43762980E-08   863.99999979   -23328.93865724
    4670    9.34000000 -0.34303819E-06 -0.41525454E-09  0.45406630E-08   863.99999979   -23328.93866409
    4680    9.36000000 -0.34806618E-06 -0.35423361E-09  0.47059221E-08   863.99999979   -23328.93867099
    4690    9.38000000 -0.35298230E-06 -0.29261352E-09  0.48677351E-08   863.99999979   -23328.93867794
    4700    9.40000000 -0.35779513E-06 -0.23355475E-09  0.50293368E-08   863.99999979   -23328.93868492
    4710    9.42000000 -0.36249692E-06 -0.17269821E-09  0.51869485E-08   863.99999979   -23328.93869193
    4720    9.44000000 -0.36709088E-06 -0.11270872E-09  0.53441673E-08   863.99999979   -23328.93869897
    4730    9.46000000 -0.37157276E-06 -0.51831561E-10  0.54969852E-08   863.99999979   -23328.93870604
    4740    9.48000000 -0.37594659E-06  0.66059481E-11  0.56481461E-08   863.99999979   -23328.93871312
    4750    9.50000000 -0.38020551E-06  0.68492599E-10  0.57964728E-08   863.99999979   -23328.93872022
    4760    9.52000000 -0.38435314E-06  0.12736174E-09  0.59410485E-08   863.99999979   -23328.93872733
    4770    9.54000000 -0.38838745E-06  0.18776366E-09  0.60823809E-08   863.99999978   -23328.93873445
    4780    9.56000000 -0.39230686E-06  0.24649126E-09  0.62214204E-08   863.99999978   -23328.93874157
    4790    9.58000000 -0.39611070E-06  0.30799156E-09  0.63549736E-08   863.99999978   -23328.93874869
    4800    9.60000000 -0.39979928E-06  0.36550843E-09  0.64865507E-08   863.99999978   -23328.93875580
    4810    9.62000000 -0.40336968E-06  0.42621598E-09  0.66130960E-08   863.99999978   -23328.93876290
    4820    9.64000000 -0.40682248E-06  0.48417381E-09  0.67366974E-08   863.99999978   -23328.93876999
    4830    9.66000000 -0.41015709E-06  0.54369135E-09  0.68557029E-08   863.99999978   -23328.93877706
    4840    9.68000000 -0.41337141E-06  0.60020065E-09  0.69704691E-08   863.99999978   -23328.93878411
    4850    9.70000000 -0.41646605E-06  0.65950649E-09  0.70817752E-08   863.99999978   -23328.93879114
    4860    9.72000000 -0.41943936E-06  0.71565045E-09  0.71878688E-08   863.99999978   -23328.93879813
    4870    9.74000000 -0.42229129E-06  0.77282401E-09  0.72903138E-08   863.99999978   -23328.93880509
    4880    9.76000000 -0.42501999E-06  0.82892875E-09  0.73884142E-08   863.99999978   -23328.93881202
    4890    9.78000000 -0.42762674E-06  0.88508106E-09  0.74815110E-08   863.99999978   -23328.93881890
    4900    9.80000000 -0.43010905E-06  0.93953476E-09  0.75706628E-08   863.99999978   -23328.93882574
    4910    9.82000000 -0.43246604E-06  0.99525015E-09  0.76557992E-08   863.99999978   -23328.93883254
    4920    9.84000000 -0.43469988E-06  0.10488889E-08  0.77356285E-08   863.99999978   -23328.93883928
    4930    9.86000000 -0.43680642E-06  0.11029896E-08  0.78128038E-08   863.99999978   -23328.93884597
    4940    9.88000000 -0.43878746E-06  0.11562755E-08  0.78845876E-08   863.99999978   -23328.93885260
    4950    9.90000000 -0.44064103E-06  0.12094122E-08  0.79525049E-08   863.99999978   -23328.93885917
    4960    9.92000000 -0.44236867E-06  0.12616627E-08  0.80175146E-08   863.99999978   -23328.93886569
    4970    9.94000000 -0.44396695E-06  0.13138097E-08  0.80780549E-08   863.99999978   -23328.93887213
    4980    9.96000000 -0.44543799E-06  0.13658129E-08  0.81348675E-08   863.99999978   -23328.93887851
    4990    9.98000000 -0.44678044E-06  0.14159053E-08  0.81887890E-08   863.99999978   -23328.93888481
    5000   10.00000000 -0.44799379E-06  0.14667000E-08  0.82393138E-08   863.99999977   -23328.93889104
    5010   10.02000000 -0.44907630E-06  0.15162445E-08  0.82852616E-08   863.99999977   -23328.93889720
    5020   10.04000000 -0.45003258E-06  0.15653946E-08  0.83288591E-08   863.99999977   -23328.93890328
    5030   10.06000000 -0.45085497E-06  0.16133399E-08  0.83694008E-08   863.99999977   -23328.93890927
    5040   10.08000000 -0.45154965E-06  0.16618749E-08  0.84064540E-08   863.99999977   -23328.93891519
    5050   10.10000000 -0.45211270E-06  0.17077981E-08  0.84408196E-08   863.99999977   -23328.93892102
    5060   10.12000000 -0.45254633E-06  0.17542276E-08  0.84723296E-08   863.99999977   -23328.93892676
    5070   10.14000000 -0.45284692E-06  0.18001709E-08  0.85011649E-08   863.99999977   -23328.93893241
    5080   10.16000000 -0.45302001E-06  0.18436902E-08  0.85270399E-08   863.99999977   -23328.93893797
    5090   10.18000000 -0.45306002E-06  0.18876104E-08  0.85510244E-08   863.99999977   -23328.93894344
    5100   10.20000000 -0.45297036E-06  0.19298431E-08  0.85721468E-08   863.99999977   -23328.93894882
    5110   10.22000000 -0.45274999E-06  0.19723587E-08  0.85914251E-08   863.99999977   -23328.93895410
    5120   10.24000000 -0.45239994E-06  0.20119100E-08  0.86071306E-08   863.99999977   -23328.93895928
    5130   10.26000000 -0.45191864E-06  0.20526826E-08  0.86219859E-08   863.99999977   -23328.93896437
    5140   10.28000000 -0.45130844E-06  0.20908889E-08  0.86343558E-08   863.99999977   -23328.93896936
    5150   10.30000000 -0.45056976E-06  0.21290158E-08  0.86437325E-08   863.99999977   -23328.93897424
    5160   10.32000000 -0.44970027E-06  0.21658520E-08  0.86522436E-08   863.99999977   -23328.93897903
    5170   10.34000000 -0.44870348E-06  0.22020060E-08  0.86581546E-08   863.99999977   -23328.93898371
    5180   10.36000000 -0.44757917E-06  0.22362733E-08  0.86618474E-08   863.99999977   -23328.93898830
    5190   10.38000000 -0.44632667E-06  0.22702292E-08  0.86636444E-08   863.99999977   -23328.93899278
    5200   10.40000000 -0.44494766E-06  0.23031448E-08  0.86644706E-08   863.99999977   -23328.93899715
    5210   10.42000000 -0.44344269E-06  0.23347809E-08  0.86616635E-08   863.99999977   -23328.93900142
    5220   10.44000000 -0.44181324E-06  0.23656353E-08  0.86571186E-08   863.99999977   -23328.93900559
    5230   10.46000000 -0.44005745E-06  0.23942495E-08  0.86519052E-08   863.99999976   -23328.93900966
    5240   10.48000000 -0.43817912E-06  0.24236524E-08  0.86420246E-08   863.99999976   -23328.93901362
    5250   10.50000000 -0.43617854E-06  0.24499539E-08  0.86319367E-08   863.99999976   -23328.93901747
    5260   10.52000000 -0.43405452E-06  0.24767964E-08  0.86185623E-08   863.99999976   -23328.93902122
    5270   10.54000000 -0.43180986E-06  0.25002306E-08  0.86033991E-08   863.99999976   -23328.93902487
    5280   10.56000000 -0.42944529E-06  0.25257457E-08  0.85845880E-08   863.99999976   -23328.93902842
    5290   10.58000000 -0.42696090E-06  0.25464993E-08  0.85653087E-08   863.99999976   -23328.93903186
    5300   10.60000000 -0.42435820E-06  0.25690219E-08  0.85409156E-08   863.99999976   -23328.93903520
    5310   10.62000000 -0.42163929E-06  0.25879970E-08  0.85151566E-08   863.99999976   -23328.93903843
    5320   10.64000000 -0.41880209E-06  0.26078098E-08  0.84862406E-08   863.99999976   -23328.93904157
    5330   10.66000000 -0.41585191E-06  0.26242416E-08  0.84540975E-08   863.99999976   -23328.93904461
    5340   10.68000000 -0.41278576E-06  0.26418220E-08  0.84187606E-08   863.99999976   -23328.93904754
    5350   10.70000000 -0.40960743E-06  0.26555688E-08  0.83805797E-08   863.99999976   -23328.93905038
    5360   10.72000000 -0.40631649E-06  0.26698222E-08  0.83395590E-08   863.99999976   -23328.93905312
    5370   10.74000000 -0.40291463E-06  0.26815954E-08  0.82944555E-08   863.99999976   -23328.93905577
    5380   10.76000000 -0.39940249E-06  0.26935067E-08  0.82460441E-08   863.99999976   -23328.93905831
    5390   10.78000000 -0.39578089E-06  0.27016958E-08  0.81950269E-08   863.99999976   -23328.93906077
    5400   10.80000000 -0.39205233E-06  0.27111169E-08  0.81386637E-08   863.99999976   -23328.93906313
    5410   10.82000000 -0.38821532E-06  0.27175444E-08  0.80808534E-08   863.99999976   -23328.93906540
    5420   10.84000000 -0.38427332E-06  0.27232801E-08  0.80170590E-08   863.99999976   -23328.93906759
    5430   10.86000000 -0.38022584E-06  0.27277179E-08  0.79516425E-08   863.99999976   -23328.93906968
    5440   10.88000000 -0.37607569E-06  0.27318972E-08  0.78804367E-08   863.99999976   -23328.93907168
    5450   10.90000000 -0.37182072E-06  0.27323853E-08  0.78073082E-08   863.99999975   -23328.93907361
    5460   10.92000000 -0.36746693E-06  0.27342746E-08  0.77293076E-08   863.99999975   -23328.93907544
    5470   10.94000000 -0.36301044E-06  0.27336309E-08  0.76485108E-08   863.99999975   -23328.93907720
    5480   10.96000000 -0.35845536E-06  0.27310730E-08  0.75636310E-08   863.99999975   -23328.93907888
    5490   10.98000000 -0.35380238E-06  0.27285147E-08  0.74756395E-08   863.99999975   -23328.93908047
    5500   11.00000000 -0.34905260E-06  0.27239196E-08  0.73837086E-08   863.99999975   -23328.93908199
    5510   11.02000000 -0.34420644E-06  0.27189955E-08  0.72888774E-08   863.99999975   -23328.93908344
    5520   11.04000000 -0.33926571E-06  0.27114865E-08  0.71898005E-08   863.99999975   -23328.93908481
    5530   11.06000000 -0.33423228E-06  0.27042517E-08  0.70881910E-08   863.99999975   -23328.93908612
    5540   11.08000000 -0.32910503E-06  0.26940155E-08  0.69836040E-08   863.99999975   -23328.93908735
    5550   11.10000000 -0.32388804E-06  0.26840465E-08  0.68747128E-08   863.99999975   -23328.93908852
    5560   11.12000000 -0.31858132E-06  0.26722448E-08  0.67643433E-08   863.99999975   -23328.93908962
    5570   11.14000000 -0.31318632E-06  0.26592384E-08  0.66496275E-08   863.99999975   -23328.93909066
    5580   11.16000000 -0.30770372E-06  0.26451033E-08  0.65333662E-08   863.99999975   -23328.93909164
    5590   11.18000000 -0.30213683E-06  0.26293070E-08  0.64132796E-08   863.99999975   -23328.93909256
    5600   11.20000000 -0.29648521E-06  0.26140239E-08  0.62922786E-08   863.99999975   -23328.93909342
    5610   11.22000000 -0.29075158E-06  0.25948290E-08  0.61673941E-08   863.99999975   -23328.93909423
    5620   11.24000000 -0.28493624E-06  0.25770021E-08  0.60405711E-08   863.99999975   -23328.93909498
    5630   11.26000000 -0.27904259E-06  0.25561551E-08  0.59119181E-08   863.99999975   -23328.93909569
    5640   11.28000000 -0.27307044E-06  0.25358386E-08  0.57815806E-08   863.99999975   -23328.93909634
    5650   11.30000000 -0.26702099E-06  0.25127111E-08  0.56480694E-08   863.99999975   -23328.93909695
    5660   11.32000000 -0.26089841E-06  0.24901410E-08  0.55137010E-08   863.99999975   -23328.93909752
    5670   11.34000000 -0.25470274E-06  0.24649903E-08  0.53776340E-08   863.99999975   -23328.93909804
    5680   11.36000000 -0.24843507E-06  0.24394261E-08  0.52394057E-08   863.99999974   -23328.93909852
    5690   11.38000000 -0.24209866E-06  0.24131261E-08  0.50999664E-08   863.99999974   -23328.93909897
    5700   11.40000000 -0.23569488E-06  0.23849426E-08  0.49588196E-08   863.99999974   -23328.93909937
    5710   11.42000000 -0.22922525E-06  0.23558691E-08  0.48172592E-08   863.99999974   -23328.93909974
    5720   11.44000000 -0.22269057E-06  0.23257062E-08  0.46728944E-08   863.99999974   -23328.93910008
    5730   11.46000000 -0.21609603E-06  0.22948784E-08  0.45282003E-08   863.99999974   -23328.93910039
    5740   11.48000000 -0.20943944E-06  0.22622405E-08  0.43826499E-08   863.99999974   -23328.93910067
    5750   11.50000000 -0.20272509E-06  0.22293880E-08  0.42344562E-08   863.99999974   -23328.93910092
    5760   11.52000000 -0.19595434E-06  0.21952540E-08  0.40868215E-08   863.99999974   -23328.93910114
    5770   11.54000000 -0.18913000E-06  0.21599758E-08  0.39368385E-08   863.99999974   -23328.93910134
    5780   11.56000000 -0.18225108E-06  0.21240155E-08  0.37870691E-08   863.99999974   -23328.93910152
    5790   11.58000000 -0.17532351E-06  0.20868426E-08  0.36340903E-08   863.99999974   -23328.93910168
    5800   11.60000000 -0.16834644E-06  0.20488079E-08  0.34822127E-08   863.99999974   -23328.93910182
    5810   11.62000000 -0.16132259E-06  0.20097535E-08  0.33271103E-08   863.99999974   -23328.93910194
    5820   11.64000000 -0.15425349E-06  0.19699778E-08  0.31725677E-08   863.99999974   -23328.93910205
    5830   11.66000000 -0.14714309E-06  0.19289646E-08  0.30156926E-08   863.99999974   -23328.93910214
    5840   11.68000000 -0.13998992E-06  0.18874265E-08  0.28584026E-08   863.99999974   -23328.93910222
    5850   11.70000000 -0.13279946E-06  0.18444546E-08  0.26991995E-08   863.99999974   -23328.93910229
    5860   11.72000000 -0.12557082E-06  0.18009243E-08  0.25397420E-08   863.99999974   -23328.93910234
    5870   11.74000000 -0.11830836E-06  0.17562025E-08  0.23788686E-08   863.99999974   -23328.93910239
    5880   11.76000000 -0.11101125E-06  0.17113924E-08  0.22165811E-08   863.99999974   -23328.93910243
    5890   11.78000000 -0.10368507E-06  0.16641514E-08  0.20534825E-08   863.99999974   -23328.93910246
    5900   11.80000000 -0.96327162E-07  0.16180365E-08  0.18891678E-08   863.99999974   -23328.93910248
    5910   11.82000000 -0.88944323E-07  0.15691659E-08  0.17229083E-08   863.99999973   -23328.93910250
    5920   11.84000000 -0.81534165E-07  0.15210641E-08  0.15559779E-08   863.99999973   -23328.93910252
    5930   11.86000000 -0.74101892E-07  0.14715982E-08  0.13883893E-08   863.99999973   -23328.93910253
    5940   11.88000000 -0.66646293E-07  0.14209851E-08  0.12185190E-08   863.99999973   -23328.93910254
    5950   11.90000000 -0.59172817E-07  0.13701172E-08  0.10476719E-08   863.99999973   -23328.93910254
    5960   11.92000000 -0.51680292E-07  0.13187746E-08  0.87640530E-09   863.99999973   -23328.93910255
    5970   11.94000000 -0.44172309E-07  0.12660707E-08  0.70345142E-09   863.99999973   -23328.93910255
    5980   11.96000000 -0.36650419E-07  0.12126477E-08  0.52925960E-09   863.99999973   -23328.93910255
    5990   11.98000000 -0.29115569E-07  0.11593481E-08  0.35512497E-09   863.99999973   -23328.93910255
    6000   12.00000000 -0.21571553E-07  0.11042843E-08  0.17906191E-09   863.99999973   -23328.93910255
    6010   12.02000000 -0.13958657E-07  0.10490547E-08  0.20849225E-11   863.99999973   -23328.93910255
    6020   12.04000000 -0.63051668E-08  0.99392652E-09 -0.17513817E-09   863.99999973   -23328.93910255
    6030   12.06000000  0.12692484E-08  0.93725403E-09 -0.35251090E-09   863.99999973   -23328.93910255
    6040   12.08000000  0.86563998E-08  0.88023129E-09 -0.53221267E-09   863.99999973   -23328.93910255
    6050   12.10000000  0.15757093E-07  0.82377106E-09 -0.71182238E-09   863.99999973   -23328.93910255
    6060   12.12000000  0.22479467E-07  0.76539037E-09 -0.89131056E-09   863.99999973   -23328.93910255
    6070   12.14000000  0.28750089E-07  0.70711366E-09 -0.10738187E-08   863.99999973   -23328.93910256
    6080   12.16000000  0.34503722E-07  0.64876499E-09 -0.12568562E-08   863.99999973   -23328.93910256
    6090   12.18000000  0.39693246E-07  0.58953902E-09 -0.14410466E-08   863.99999973   -23328.93910256
    6100   12.20000000  0.44275246E-07  0.52927567E-09 -0.16283049E-08   863.99999973   -23328.93910256
    6110   12.22000000  0.48226299E-07  0.46914243E-09 -0.18181659E-08   863.99999973   -23328.93910256
    6120   12.24000000  0.51523510E-07  0.40826983E-09 -0.20077753E-08   863.99999973   -23328.93910256
    6130   12.26000000  0.54156924E-07  0.34686286E-09 -0.22016185E-08   863.99999973   -23328.93910256
    6140   12.28000000  0.56124210E-07  0.28488502E-09 -0.23947432E-08   863.99999972   -23328.93910256
    6150   12.30000000  0.57433519E-07  0.22357721E-09 -0.25886602E-08   863.99999972   -23328.93910256
    6160   12.32000000  0.58094166E-07  0.16141065E-09 -0.27810877E-08   863.99999972   -23328.93910256
    6170   12.34000000  0.58132561E-07  0.99439873E-10 -0.29731824E-08   863.99999972   -23328.93910256
    6180   12.36000000  0.57573804E-07  0.37895613E-10 -0.31594553E-08   863.99999972   -23328.93910256
    6190   12.38000000  0.56453063E-07 -0.22702650E-10 -0.33408941E-08   863.99999972   -23328.93910256
    6200   12.40000000  0.54807180E-07 -0.83328532E-10 -0.35169140E-08   863.99999972   -23328.93910256
    6210   12.42000000  0.52683615E-07 -0.14236190E-09 -0.36813826E-08   863.99999972   -23328.93910256
    6220   12.44000000  0.50124388E-07 -0.20004620E-09 -0.38365425E-08   863.99999972   -23328.93910256
    6230   12.46000000  0.47180082E-07 -0.25768854E-09 -0.39784579E-08   863.99999972   -23328.93910257
    6240   12.48000000  0.43901328E-07 -0.31107105E-09 -0.41060173E-08   863.99999972   -23328.93910257
    6250   12.50000000  0.40337443E-07 -0.36503105E-09 -0.42166134E-08   863.99999972   -23328.93910257
    6260   12.52000000  0.36539315E-07 -0.41486072E-09 -0.43103457E-08   863.99999972   -23328.93910257
    6270   12.54000000  0.32557993E-07 -0.46370516E-09 -0.43840988E-08   863.99999972   -23328.93910257
    6280   12.56000000  0.28441983E-07 -0.50824383E-09 -0.44367118E-08   863.99999972   -23328.93910257
    6290   12.58000000  0.24238571E-07 -0.55122715E-09 -0.44682289E-08   863.99999972   -23328.93910257
    6300   12.60000000  0.19994032E-07 -0.58992446E-09 -0.44744789E-08   863.99999972   -23328.93910257
    6310   12.62000000  0.15754178E-07 -0.62652763E-09 -0.44593369E-08   863.99999972   -23328.93910257
    6320   12.64000000  0.11560492E-07 -0.65802642E-09 -0.44150436E-08   863.99999972   -23328.93910257
    6330   12.66000000  0.74528934E-08 -0.68730615E-09 -0.43502352E-08   863.99999972   -23328.93910257
    6340   12.68000000  0.34704066E-08 -0.71134557E-09 -0.42553858E-08   863.99999972   -23328.93910257
    6350   12.70000000 -0.35278638E-09 -0.73270946E-09 -0.41388075E-08   863.99999972   -23328.93910257
    6360   12.72000000 -0.39870669E-08 -0.75020438E-09 -0.39934619E-08   863.99999972   -23328.93910257
    6370   12.74000000 -0.74015761E-08 -0.76308984E-09 -0.38268233E-08   863.99999971   -23328.93910257
    6380   12.76000000 -0.10575662E-07 -0.77239277E-09 -0.36331158E-08   863.99999971   -23328.93910257
    6390   12.78000000 -0.13487763E-07 -0.77912983E-09 -0.34195847E-08   863.99999971   -23328.93910258
    6400   12.80000000 -0.16122054E-07 -0.78028539E-09 -0.31811982E-08   863.99999971   -23328.93910258
    6410   12.82000000 -0.18465790E-07 -0.77899607E-09 -0.29243077E-08   863.99999971   -23328.93910258
    6420   12.84000000 -0.20511088E-07 -0.77438833E-09 -0.26471739E-08   863.99999971   -23328.93910258
    6430   12.86000000 -0.22250986E-07 -0.76584743E-09 -0.23526117E-08   863.99999971   -23328.93910258
    6440   12.88000000 -0.23684263E-07 -0.75515581E-09 -0.20422155E-08   863.99999971   -23328.93910258
    6450   12.90000000 -0.24810628E-07 -0.74231944E-09 -0.17178421E-08   863.99999971   -23328.93910258
    6460   12.92000000 -0.25634702E-07 -0.72688857E-09 -0.13807983E-08   863.99999971   -23328.93910258
    6470   12.94000000 -0.26161929E-07 -0.70862271E-09 -0.10338470E-08   863.99999971   -23328.93910258
    6480   12.96000000 -0.26402110E-07 -0.69131661E-09 -0.67814235E-09   863.99999971   -23328.93910258
    6490   12.98000000 -0.26367097E-07 -0.67020465E-09 -0.31682152E-09   863.99999971   -23328.93910258
    6500   13.00000000 -0.26070920E-07 -0.65005833E-09  0.48654315E-10   863.99999971   -23328.93910258
    6510   13.02000000 -0.25529002E-07 -0.62811277E-09  0.41539527E-09   863.99999971   -23328.93910258
    6520   13.04000000 -0.24759964E-07 -0.60854202E-09  0.78225444E-09   863.99999971   -23328.93910258
    6530   13.06000000 -0.23782450E-07 -0.58494143E-09  0.11454603E-08   863.99999971   -23328.93910258
    6540   13.08000000 -0.22617104E-07 -0.56682086E-09  0.15046886E-08   863.99999971   -23328.93910258
    6550   13.10000000 -0.21285286E-07 -0.54586890E-09  0.18555202E-08   863.99999971   -23328.93910258
    6560   13.12000000 -0.19808636E-07 -0.52852699E-09  0.21985216E-08   863.99999971   -23328.93910259
    6570   13.14000000 -0.18207887E-07 -0.50986053E-09  0.25288534E-08   863.99999971   -23328.93910259
    6580   13.16000000 -0.16507423E-07 -0.49647168E-09  0.28471420E-08   863.99999971   -23328.93910259
    6590   13.18000000 -0.14725655E-07 -0.48083635E-09  0.31494920E-08   863.99999971   -23328.93910259
    6600   13.20000000 -0.12885672E-07 -0.47066076E-09  0.34358517E-08   863.99999970   -23328.93910259
    6610   13.22000000 -0.11006552E-07 -0.46043185E-09  0.37031451E-08   863.99999970   -23328.93910259
    6620   13.24000000 -0.91103479E-08 -0.45367961E-09  0.39508101E-08   863.99999970   -23328.93910259
    6630   13.26000000 -0.72119092E-08 -0.44901811E-09  0.41767052E-08   863.99999970   -23328.93910259
    6640   13.28000000 -0.53334959E-08 -0.44693595E-09  0.43800295E-08   863.99999970   -23328.93910259
    6650   13.30000000 -0.34883837E-08 -0.44783798E-09  0.45598792E-08   863.99999970   -23328.93910259
    6660   13.32000000 -0.16928437E-08 -0.45120866E-09  0.47141817E-08   863.99999970   -23328.93910259
    6670   13.34000000  0.38571501E-10 -0.45837069E-09  0.48444384E-08   863.99999970   -23328.93910259
    6680   13.36000000  0.16942657E-08 -0.46677177E-09  0.49477358E-08   863.99999970   -23328.93910259
    6690   13.38000000  0.32628231E-08 -0.48039119E-09  0.50248095E-08   863.99999970   -23328.93910259
    6700   13.40000000  0.47345468E-08 -0.49471421E-09  0.50756754E-08   863.99999970   -23328.93910259
    6710   13.42000000  0.61000741E-08 -0.51401251E-09  0.51002043E-08   863.99999970   -23328.93910259
    6720   13.44000000  0.73553350E-08 -0.53371608E-09  0.50976029E-08   863.99999970   -23328.93910260
    6730   13.46000000  0.84913708E-08 -0.55940810E-09  0.50701537E-08   863.99999970   -23328.93910260
    6740   13.48000000  0.95075689E-08 -0.58474862E-09  0.50162378E-08   863.99999970   -23328.93910260
    6750   13.50000000  0.10398777E-07 -0.61452191E-09  0.49384885E-08   863.99999970   -23328.93910260
    6760   13.52000000  0.11166360E-07 -0.64532653E-09  0.48356555E-08   863.99999970   -23328.93910260
    6770   13.54000000  0.11807968E-07 -0.68041143E-09  0.47124192E-08   863.99999970   -23328.93910260
    6780   13.56000000  0.12327395E-07 -0.71434140E-09  0.45650215E-08   863.99999970   -23328.93910260
    6790   13.58000000  0.12725552E-07 -0.75364799E-09  0.44000086E-08   863.99999970   -23328.93910260
    6800   13.60000000  0.13006133E-07 -0.79149798E-09  0.42147890E-08   863.99999970   -23328.93910260
    6810   13.62000000  0.13173494E-07 -0.83265876E-09  0.40140224E-08   863.99999970   -23328.93910260
    6820   13.64000000  0.13232505E-07 -0.87399619E-09  0.37960719E-08   863.99999970   -23328.93910260
    6830   13.66000000  0.13190206E-07 -0.91755498E-09  0.35670018E-08   863.99999969   -23328.93910260
    6840   13.68000000  0.13051661E-07 -0.95982981E-09  0.33246868E-08   863.99999969   -23328.93910260
    6850   13.70000000  0.12825196E-07 -0.10050825E-08  0.30734617E-08   863.99999969   -23328.93910260
    6860   13.72000000  0.12518508E-07 -0.10477047E-08  0.28134278E-08   863.99999969   -23328.93910260
    6870   13.74000000  0.12138597E-07 -0.10930698E-08  0.25495095E-08   863.99999969   -23328.93910260
    6880   13.76000000  0.11694910E-07 -0.11349881E-08  0.22800655E-08   863.99999969   -23328.93910261
    6890   13.78000000  0.11196306E-07 -0.11797428E-08  0.20086428E-08   863.99999969   -23328.93910261
    6900   13.80000000  0.10650562E-07 -0.12203657E-08  0.17391186E-08   863.99999969   -23328.93910261
    6910   13.82000000  0.10067138E-07 -0.12623462E-08  0.14698213E-08   863.99999969   -23328.93910261
    6920   13.84000000  0.94554966E-08 -0.13015354E-08  0.12047765E-08   863.99999969   -23328.93910261
    6930   13.86000000  0.88229423E-08 -0.13407151E-08  0.94557334E-09   863.99999969   -23328.93910261
    6940   13.88000000  0.81791155E-08 -0.13757139E-08  0.69357615E-09   863.99999969   -23328.93910261
    6950   13.90000000  0.75304246E-08 -0.14121400E-08  0.44935694E-09   863.99999969   -23328.93910261
    6960   13.92000000  0.68873541E-08 -0.14434186E-08  0.21729864E-09   863.99999969   -23328.93910261
    6970   13.94000000  0.62525734E-08 -0.14750013E-08 -0.42658104E-11   863.99999969   -23328.93910261
    6980   13.96000000  0.56368158E-08 -0.15026671E-08 -0.21249586E-09   863.99999969   -23328.93910261
    6990   13.98000000  0.50435096E-08 -0.15301179E-08 -0.40651949E-09   863.99999969   -23328.93910261
    7000   14.00000000  0.44805449E-08 -0.15529881E-08 -0.58482399E-09   863.99999969   -23328.93910261
    7010   14.02000000  0.39498855E-08 -0.15760564E-08 -0.74770635E-09   863.99999969   -23328.93910261
    7020   14.04000000  0.34582917E-08 -0.15951234E-08 -0.89299919E-09   863.99999969   -23328.93910261
    7030   14.06000000  0.30074662E-08 -0.16122159E-08 -0.10204364E-08   863.99999969   -23328.93910261
    7040   14.08000000  0.26011574E-08 -0.16274538E-08 -0.11308416E-08   863.99999969   -23328.93910262
    7050   14.10000000  0.22411066E-08 -0.16405313E-08 -0.12211661E-08   863.99999968   -23328.93910262
    7060   14.12000000  0.19283277E-08 -0.16512693E-08 -0.12941115E-08   863.99999968   -23328.93910262
    7070   14.14000000  0.16633818E-08 -0.16595138E-08 -0.13472574E-08   863.99999968   -23328.93910262
    7080   14.16000000  0.14463682E-08 -0.16672243E-08 -0.13819092E-08   863.99999968   -23328.93910262
    7090   14.18000000  0.12769651E-08 -0.16715067E-08 -0.13982392E-08   863.99999968   -23328.93910262
    7100   14.20000000  0.11513865E-08 -0.16752149E-08 -0.13953121E-08   863.99999968   -23328.93910262
    7110   14.22000000  0.10712597E-08 -0.16766564E-08 -0.13752387E-08   863.99999968   -23328.93910262
    7120   14.24000000  0.10310729E-08 -0.16773857E-08 -0.13370118E-08   863.99999968   -23328.93910262
    7130   14.26000000  0.10284682E-08 -0.16753416E-08 -0.12828702E-08   863.99999968   -23328.93910262
    7140   14.28000000  0.10615484E-08 -0.16741407E-08 -0.12117712E-08   863.99999968   -23328.93910262
    7150   14.30000000  0.11248755E-08 -0.16699059E-08 -0.11267248E-08   863.99999968   -23328.93910262
    7160   14.32000000  0.12141134E-08 -0.16650871E-08 -0.10259415E-08   863.99999968   -23328.93910262
    7170   14.34000000  0.13266701E-08 -0.16600103E-08 -0.91297472E-09   863.99999968   -23328.93910262
    7180   14.36000000  0.14578337E-08 -0.16532477E-08 -0.78724020E-09   863.99999968   -23328.93910262
    7190   14.38000000  0.16006566E-08 -0.16457614E-08 -0.65079437E-09   863.99999968   -23328.93910262
    7200   14.40000000  0.17533124E-08 -0.16387751E-08 -0.50424841E-09   863.99999968   -23328.93910262
    7210   14.42000000  0.19101126E-08 -0.16285850E-08 -0.34917001E-09   863.99999968   -23328.93910263
    7220   14.44000000  0.20649272E-08 -0.16208138E-08 -0.18712259E-09   863.99999968   -23328.93910263
    7230   14.46000000  0.22167826E-08 -0.16107586E-08 -0.18497418E-10   863.99999968   -23328.93910263
    7240   14.48000000  0.23582578E-08 -0.16011730E-08  0.15432493E-09   863.99999968   -23328.93910263
    7250   14.50000000  0.24860719E-08 -0.15904945E-08  0.33116600E-09   863.99999968   -23328.93910263
    7260   14.52000000  0.25965859E-08 -0.15806362E-08  0.50951265E-09   863.99999968   -23328.93910263
    7270   14.54000000  0.26881844E-08 -0.15686778E-08  0.69009354E-09   863.99999968   -23328.93910263
    7280   14.56000000  0.27542119E-08 -0.15578590E-08  0.86848653E-09   863.99999967   -23328.93910263
    7290   14.58000000  0.27957792E-08 -0.15463900E-08  0.10483477E-08   863.99999967   -23328.93910263
    7300   14.60000000  0.28084355E-08 -0.15349818E-08  0.12228839E-08   863.99999967   -23328.93910263
    7310   14.62000000  0.27923736E-08 -0.15220103E-08  0.13959708E-08   863.99999967   -23328.93910263
    7320   14.64000000  0.27438575E-08 -0.15110272E-08  0.15636351E-08   863.99999967   -23328.93910263
    7330   14.66000000  0.26666614E-08 -0.14974738E-08  0.17262926E-08   863.99999967   -23328.93910263
    7340   14.68000000  0.25553586E-08 -0.14850328E-08  0.18826724E-08   863.99999967   -23328.93910263
    7350   14.70000000  0.24148230E-08 -0.14722173E-08  0.20320536E-08   863.99999967   -23328.93910263
    7360   14.72000000  0.22429409E-08 -0.14586790E-08  0.21739376E-08   863.99999967   -23328.93910263
    7370   14.74000000  0.20432608E-08 -0.14438598E-08  0.23074010E-08   863.99999967   -23328.93910264
    7380   14.76000000  0.18149985E-08 -0.14302985E-08  0.24315741E-08   863.99999967   -23328.93910264
    7390   14.78000000  0.15621510E-08 -0.14153473E-08  0.25474208E-08   863.99999967   -23328.93910264
    7400   14.80000000  0.12856525E-08 -0.13990963E-08  0.26528137E-08   863.99999967   -23328.93910264
    7410   14.82000000  0.99110558E-09 -0.13838315E-08  0.27486143E-08   863.99999967   -23328.93910264
    7420   14.84000000  0.67524203E-09 -0.13665919E-08  0.28342341E-08   863.99999967   -23328.93910264
    7430   14.86000000  0.35094660E-09 -0.13491224E-08  0.29100981E-08   863.99999967   -23328.93910264
    7440   14.88000000  0.10996513E-10 -0.13305702E-08  0.29746584E-08   863.99999967   -23328.93910264
    7450   14.90000000 -0.33207799E-09 -0.13114738E-08  0.30303374E-08   863.99999967   -23328.93910264
    7460   14.92000000 -0.68127372E-09 -0.12912591E-08  0.30753767E-08   863.99999967   -23328.93910264
    7470   14.94000000 -0.10278589E-08 -0.12705069E-08  0.31106109E-08   863.99999967   -23328.93910264
    7480   14.96000000 -0.13728111E-08 -0.12488260E-08  0.31359704E-08   863.99999967   -23328.93910264
    7490   14.98000000 -0.17075398E-08 -0.12263016E-08  0.31527597E-08   863.99999967   -23328.93910264
    7500   15.00000000 -0.20331109E-08 -0.12033641E-08  0.31594281E-08   863.99999967   -23328.93910264
    7510   15.02000000 -0.23422841E-08 -0.11790729E-08  0.31573108E-08   863.99999966   -23328.93910264
    7520   15.04000000 -0.26344596E-08 -0.11551912E-08  0.31475780E-08   863.99999966   -23328.93910264
    7530   15.06000000 -0.29031541E-08 -0.11295984E-08  0.31290499E-08   863.99999966   -23328.93910265
    7540   15.08000000 -0.31506709E-08 -0.11038292E-08  0.31024730E-08   863.99999966   -23328.93910265
    7550   15.10000000 -0.33668457E-08 -0.10779290E-08  0.30699138E-08   863.99999966   -23328.93910265
    7560   15.12000000 -0.35571693E-08 -0.10508408E-08  0.30300230E-08   863.99999966   -23328.93910265
    7570   15.14000000 -0.37138822E-08 -0.10243897E-08  0.29832592E-08   863.99999966   -23328.93910265
    7580   15.16000000 -0.38383035E-08 -0.99681949E-09  0.29322989E-08   863.99999966   -23328.93910265
    7590   15.18000000 -0.39262935E-08 -0.96954616E-09  0.28740375E-08   863.99999966   -23328.93910265
    7600   15.20000000 -0.39811906E-08 -0.94315275E-09  0.28127913E-08   863.99999966   -23328.93910265
    7610   15.22000000 -0.39971883E-08 -0.91531062E-09  0.27454303E-08   863.99999966   -23328.93910265
    7620   15.24000000 -0.39789301E-08 -0.88925131E-09  0.26765013E-08   863.99999966   -23328.93910265
    7630   15.26000000 -0.39225940E-08 -0.86272608E-09  0.26008783E-08   863.99999966   -23328.93910265
    7640   15.28000000 -0.38323957E-08 -0.83731964E-09  0.25250777E-08   863.99999966   -23328.93910265
    7650   15.30000000 -0.37049246E-08 -0.81264744E-09  0.24440359E-08   863.99999966   -23328.93910265
    7660   15.32000000 -0.35469060E-08 -0.78708402E-09  0.23634377E-08   863.99999966   -23328.93910265
    7670   15.34000000 -0.33538148E-08 -0.76482385E-09  0.22780288E-08   863.99999966   -23328.93910265
    7680   15.36000000 -0.31338289E-08 -0.74103338E-09  0.21942906E-08   863.99999966   -23328.93910265
    7690   15.38000000 -0.28841608E-08 -0.71940374E-09  0.21061297E-08   863.99999966   -23328.93910265
    7700   15.40000000 -0.26118357E-08 -0.69769978E-09  0.20199921E-08   863.99999966   -23328.93910266
    7710   15.42000000 -0.23167601E-08 -0.67871736E-09  0.19316043E-08   863.99999966   -23328.93910266
    7720   15.44000000 -0.20036633E-08 -0.65725801E-09  0.18437313E-08   863.99999966   -23328.93910266
    7730   15.46000000 -0.16755421E-08 -0.63972217E-09  0.17560699E-08   863.99999966   -23328.93910266
    7740   15.48000000 -0.13367299E-08 -0.62172274E-09  0.16689991E-08   863.99999965   -23328.93910266
    7750   15.50000000 -0.98981082E-09 -0.60393121E-09  0.15813584E-08   863.99999965   -23328.93910266
    7760   15.52000000 -0.63988929E-09 -0.58711596E-09  0.14951150E-08   863.99999965   -23328.93910266
    7770   15.54000000 -0.29004382E-09 -0.57245944E-09  0.14101174E-08   863.99999965   -23328.93910266
    7780   15.56000000  0.56525544E-10 -0.55630832E-09  0.13250570E-08   863.99999965   -23328.93910266
    7790   15.58000000  0.39412028E-09 -0.54115112E-09  0.12420289E-08   863.99999965   -23328.93910266
    7800   15.60000000  0.72038621E-09 -0.52753502E-09  0.11604078E-08   863.99999965   -23328.93910266
    7810   15.62000000  0.10312247E-08 -0.51306385E-09  0.10795440E-08   863.99999965   -23328.93910266
    7820   15.64000000  0.13233472E-08 -0.49895886E-09  0.99962562E-09   863.99999965   -23328.93910266
    7830   15.66000000  0.15930887E-08 -0.48529817E-09  0.92260706E-09   863.99999965   -23328.93910266
    7840   15.68000000  0.18373979E-08 -0.47135961E-09  0.84534135E-09   863.99999965   -23328.93910266
    7850   15.70000000  0.20542842E-08 -0.45729888E-09  0.77099732E-09   863.99999965   -23328.93910266
    7860   15.72000000  0.22406528E-08 -0.44181574E-09  0.69640532E-09   863.99999965   -23328.93910267
    7870   15.74000000  0.23935049E-08 -0.42816693E-09  0.62548334E-09   863.99999965   -23328.93910267
    7880   15.76000000  0.25130522E-08 -0.41209168E-09  0.55364596E-09   863.99999965   -23328.93910267
    7890   15.78000000  0.25955984E-08 -0.39688702E-09  0.48504247E-09   863.99999965   -23328.93910267
    7900   15.80000000  0.26424107E-08 -0.37962622E-09  0.41585446E-09   863.99999965   -23328.93910267
    7910   15.82000000  0.26504586E-08 -0.36370281E-09  0.35132472E-09   863.99999965   -23328.93910267
    7920   15.84000000  0.26222541E-08 -0.34462981E-09  0.28504334E-09   863.99999965   -23328.93910267
    7930   15.86000000  0.25546291E-08 -0.32689674E-09  0.22260971E-09   863.99999965   -23328.93910267
    7940   15.88000000  0.24515666E-08 -0.30707114E-09  0.16026169E-09   863.99999965   -23328.93910267
    7950   15.90000000  0.23112871E-08 -0.28666820E-09  0.10055965E-09   863.99999965   -23328.93910267
    7960   15.92000000  0.21374243E-08 -0.26520686E-09  0.42185560E-10   863.99999965   -23328.93910267
    7970   15.94000000  0.19293967E-08 -0.24286422E-09 -0.13636320E-10   863.99999964   -23328.93910267
    7980   15.96000000  0.16915544E-08 -0.21932663E-09 -0.67507918E-10   863.99999964   -23328.93910267
    7990   15.98000000  0.14241631E-08 -0.19508649E-09 -0.11875023E-09   863.99999964   -23328.93910267
    8000   16.00000000  0.11301871E-08 -0.16922648E-09 -0.16742417E-09   863.99999964   -23328.93910267
    8010   16.02000000  0.81332395E-09 -0.14306010E-09 -0.21244921E-09   863.99999964   -23328.93910267
    8020   16.04000000  0.47392434E-09 -0.11615919E-09 -0.25564270E-09   863.99999964   -23328.93910268
    8030   16.06000000  0.11683952E-09 -0.87484209E-10 -0.29355088E-09   863.99999964   -23328.93910268
    8040   16.08000000 -0.25497626E-09 -0.58339396E-10 -0.32897510E-09   863.99999964   -23328.93910268
    8050   16.10000000 -0.63992808E-09 -0.28732174E-10 -0.36014121E-09   863.99999964   -23328.93910268
    8060   16.12000000 -0.10327519E-08  0.20409913E-11 -0.38748375E-09   863.99999964   -23328.93910268
    8070   16.14000000 -0.14322461E-08  0.33496861E-10 -0.40964904E-09   863.99999964   -23328.93910268
    8080   16.16000000 -0.18318859E-08  0.65464837E-10 -0.42936127E-09   863.99999964   -23328.93910268
    8090   16.18000000 -0.22326377E-08  0.98197214E-10 -0.44208338E-09   863.99999964   -23328.93910268
    8100   16.20000000 -0.26260952E-08  0.13074441E-09 -0.45215001E-09   863.99999964   -23328.93910268
    8110   16.22000000 -0.30144618E-08  0.16514154E-09 -0.45570040E-09   863.99999964   -23328.93910268
    8120   16.24000000 -0.33895102E-08  0.19834321E-09 -0.45544033E-09   863.99999964   -23328.93910268
    8130   16.26000000 -0.37538069E-08  0.23294327E-09 -0.44859947E-09   863.99999964   -23328.93910268
    8140   16.28000000 -0.40990752E-08  0.26662602E-09 -0.43745555E-09   863.99999964   -23328.93910268
    8150   16.30000000 -0.44282241E-08  0.30093692E-09 -0.42086789E-09   863.99999964   -23328.93910268
    8160   16.32000000 -0.47346840E-08  0.33430483E-09 -0.39847306E-09   863.99999964   -23328.93910268
    8170   16.34000000 -0.50193591E-08  0.36825184E-09 -0.37136180E-09   863.99999964   -23328.93910268
    8180   16.36000000 -0.52789012E-08  0.40087697E-09 -0.33899926E-09   863.99999964   -23328.93910268
    8190   16.38000000 -0.55129076E-08  0.43298096E-09 -0.30141300E-09   863.99999964   -23328.93910269
    8200   16.40000000 -0.57186338E-08  0.46405700E-09 -0.25968639E-09   863.99999963   -23328.93910269
    8210   16.42000000 -0.58972748E-08  0.49512943E-09 -0.21370106E-09   863.99999963   -23328.93910269
    8220   16.44000000 -0.60455471E-08  0.52433844E-09 -0.16379426E-09   863.99999963   -23328.93910269
    8230   16.46000000 -0.61652170E-08  0.55240221E-09 -0.10931904E-09   863.99999963   -23328.93910269
    8240   16.48000000 -0.62548125E-08  0.58038638E-09 -0.52837650E-10   863.99999963   -23328.93910269
    8250   16.50000000 -0.63153384E-08  0.60566525E-09  0.71908727E-11   863.99999963   -23328.93910269
    8260   16.52000000 -0.63479533E-08  0.63083682E-09  0.69979165E-10   863.99999963   -23328.93910269
    8270   16.54000000 -0.63522483E-08  0.65341931E-09  0.13429463E-09   863.99999963   -23328.93910269
    8280   16.56000000 -0.63302921E-08  0.67566317E-09  0.20009638E-09   863.99999963   -23328.93910269
    8290   16.58000000 -0.62842202E-08  0.69606150E-09  0.26793620E-09   863.99999963   -23328.93910269
    8300   16.60000000 -0.62145993E-08  0.71427462E-09  0.33554345E-09   863.99999963   -23328.93910269
    8310   16.62000000 -0.61240060E-08  0.73208456E-09  0.40388339E-09   863.99999963   -23328.93910269
    8320   16.64000000 -0.60151894E-08  0.74792017E-09  0.47095263E-09   863.99999963   -23328.93910269
    8330   16.66000000 -0.58891606E-08  0.76168950E-09  0.53891523E-09   863.99999963   -23328.93910269
    8340   16.68000000 -0.57499952E-08  0.77529405E-09  0.60258358E-09   863.99999963   -23328.93910269
    8350   16.70000000 -0.55978081E-08  0.78616143E-09  0.66718165E-09   863.99999963   -23328.93910270
    8360   16.72000000 -0.54384926E-08  0.79749286E-09  0.72656713E-09   863.99999963   -23328.93910270
    8370   16.74000000 -0.52695768E-08  0.80615915E-09  0.78472888E-09   863.99999963   -23328.93910270
    8380   16.76000000 -0.50984482E-08  0.81497882E-09  0.83675288E-09   863.99999963   -23328.93910270
    8390   16.78000000 -0.49225032E-08  0.82141905E-09  0.88770010E-09   863.99999963   -23328.93910270
    8400   16.80000000 -0.47480745E-08  0.82899114E-09  0.92925684E-09   863.99999963   -23328.93910270
    8410   16.82000000 -0.45719221E-08  0.83228875E-09  0.97034252E-09   863.99999963   -23328.93910270
    8420   16.84000000 -0.44019094E-08  0.83921084E-09  0.10019551E-08   863.99999963   -23328.93910270
    8430   16.86000000 -0.42321368E-08  0.84154187E-09  0.10298496E-08   863.99999962   -23328.93910270
    8440   16.88000000 -0.40700933E-08  0.84576962E-09  0.10497071E-08   863.99999962   -23328.93910270
    8450   16.90000000 -0.39119412E-08  0.84816861E-09  0.10645032E-08   863.99999962   -23328.93910270
    8460   16.92000000 -0.37611351E-08  0.85103455E-09  0.10709654E-08   863.99999962   -23328.93910270
    8470   16.94000000 -0.36181725E-08  0.85317024E-09  0.10710815E-08   863.99999962   -23328.93910270
    8480   16.96000000 -0.34806731E-08  0.85586194E-09  0.10639963E-08   863.99999962   -23328.93910270
    8490   16.98000000 -0.33549478E-08  0.85804688E-09  0.10501858E-08   863.99999962   -23328.93910270
    8500   17.00000000 -0.32331477E-08  0.86106267E-09  0.10285238E-08   863.99999962   -23328.93910270
    8510   17.02000000 -0.31247170E-08  0.86413399E-09  0.10005475E-08   863.99999962   -23328.93910270
    8520   17.04000000 -0.30217650E-08  0.86708332E-09  0.96514921E-09   863.99999962   -23328.93910271
    8530   17.06000000 -0.29315947E-08  0.87254795E-09  0.92382967E-09   863.99999962   -23328.93910271
    8540   17.08000000 -0.28479812E-08  0.87611424E-09  0.87536269E-09   863.99999962   -23328.93910271
    8550   17.10000000 -0.27779083E-08  0.88250926E-09  0.82258254E-09   863.99999962   -23328.93910271
    8560   17.12000000 -0.27160198E-08  0.88830394E-09  0.76271121E-09   863.99999962   -23328.93910271
    8570   17.14000000 -0.26660638E-08  0.89646893E-09  0.69881973E-09   863.99999962   -23328.93910271
    8580   17.16000000 -0.26270661E-08  0.90313963E-09  0.62944638E-09   863.99999962   -23328.93910271
    8590   17.18000000 -0.26001174E-08  0.91395020E-09  0.55709504E-09   863.99999962   -23328.93910271
    8600   17.20000000 -0.25829734E-08  0.92348039E-09  0.47958206E-09   863.99999962   -23328.93910271
    8610   17.22000000 -0.25797499E-08  0.93427817E-09  0.40071765E-09   863.99999962   -23328.93910271
    8620   17.24000000 -0.25873118E-08  0.94746133E-09  0.31791373E-09   863.99999962   -23328.93910271
    8630   17.26000000 -0.26063963E-08  0.96061901E-09  0.23353225E-09   863.99999962   -23328.93910271
    8640   17.28000000 -0.26369280E-08  0.97474474E-09  0.14757359E-09   863.99999962   -23328.93910271
    8650   17.30000000 -0.26795636E-08  0.99074912E-09  0.59680516E-10   863.99999961   -23328.93910271
    8660   17.32000000 -0.27311237E-08  0.10075501E-08 -0.27728732E-10   863.99999961   -23328.93910271
    8670   17.34000000 -0.27935838E-08  0.10249222E-08 -0.11577945E-09   863.99999961   -23328.93910271
    8680   17.36000000 -0.28648919E-08  0.10440334E-08 -0.20342574E-09   863.99999961   -23328.93910272
    8690   17.38000000 -0.29447215E-08  0.10635574E-08 -0.29042946E-09   863.99999961   -23328.93910272
    8700   17.40000000 -0.30308663E-08  0.10848610E-08 -0.37528816E-09   863.99999961   -23328.93910272
    8710   17.42000000 -0.31256418E-08  0.11053990E-08 -0.45934884E-09   863.99999961   -23328.93910272
    8720   17.44000000 -0.32222367E-08  0.11286246E-08 -0.54003738E-09   863.99999961   -23328.93910272
    8730   17.46000000 -0.33249603E-08  0.11511791E-08 -0.61861883E-09   863.99999961   -23328.93910272
    8740   17.48000000 -0.34286646E-08  0.11747826E-08 -0.69269718E-09   863.99999961   -23328.93910272
    8750   17.50000000 -0.35340250E-08  0.11984576E-08 -0.76490933E-09   863.99999961   -23328.93910272
    8760   17.52000000 -0.36380327E-08  0.12238223E-08 -0.83028508E-09   863.99999961   -23328.93910272
    8770   17.54000000 -0.37400973E-08  0.12471458E-08 -0.89437923E-09   863.99999961   -23328.93910272
    8780   17.56000000 -0.38383264E-08  0.12733912E-08 -0.95061597E-09   863.99999961   -23328.93910272
    8790   17.58000000 -0.39324871E-08  0.12972824E-08 -0.10038878E-08   863.99999961   -23328.93910272
    8800   17.60000000 -0.40191809E-08  0.13234423E-08 -0.10502854E-08   863.99999961   -23328.93910272
    8810   17.62000000 -0.40993028E-08  0.13471995E-08 -0.10923250E-08   863.99999961   -23328.93910272
    8820   17.64000000 -0.41698741E-08  0.13732189E-08 -0.11268619E-08   863.99999961   -23328.93910272
    8830   17.66000000 -0.42315927E-08  0.13965870E-08 -0.11580418E-08   863.99999961   -23328.93910272
    8840   17.68000000 -0.42822093E-08  0.14214677E-08 -0.11803503E-08   863.99999961   -23328.93910272
    8850   17.70000000 -0.43220588E-08  0.14440333E-08 -0.11982731E-08   863.99999961   -23328.93910273
    8860   17.72000000 -0.43487778E-08  0.14676479E-08 -0.12097326E-08   863.99999961   -23328.93910273
    8870   17.74000000 -0.43643380E-08  0.14895144E-08 -0.12144508E-08   863.99999961   -23328.93910273
    8880   17.76000000 -0.43664605E-08  0.15105027E-08 -0.12143751E-08   863.99999960   -23328.93910273
    8890   17.78000000 -0.43561054E-08  0.15314903E-08 -0.12076021E-08   863.99999960   -23328.93910273
    8900   17.80000000 -0.43331357E-08  0.15510590E-08 -0.11957652E-08   863.99999960   -23328.93910273
    8910   17.82000000 -0.42972865E-08  0.15684349E-08 -0.11776462E-08   863.99999960   -23328.93910273
    8920   17.84000000 -0.42495817E-08  0.15866019E-08 -0.11559237E-08   863.99999960   -23328.93910273
    8930   17.86000000 -0.41900010E-08  0.16023767E-08 -0.11277921E-08   863.99999960   -23328.93910273
    8940   17.88000000 -0.41195431E-08  0.16163883E-08 -0.10965521E-08   863.99999960   -23328.93910273
    8950   17.90000000 -0.40377135E-08  0.16298775E-08 -0.10606863E-08   863.99999960   -23328.93910273
    8960   17.92000000 -0.39484455E-08  0.16419165E-08 -0.10206992E-08   863.99999960   -23328.93910273
    8970   17.94000000 -0.38482897E-08  0.16524807E-08 -0.97812054E-09   863.99999960   -23328.93910273
    8980   17.96000000 -0.37422861E-08  0.16605575E-08 -0.93130854E-09   863.99999960   -23328.93910273
    8990   17.98000000 -0.36290589E-08  0.16699720E-08 -0.88414728E-09   863.99999960   -23328.93910273
    9000   18.00000000 -0.35120160E-08  0.16751649E-08 -0.83211215E-09   863.99999960   -23328.93910273
    9010   18.02000000 -0.33896574E-08  0.16807233E-08 -0.78088533E-09   863.99999960   -23328.93910274
    9020   18.04000000 -0.32663640E-08  0.16844237E-08 -0.72649031E-09   863.99999960   -23328.93910274
    9030   18.06000000 -0.31414474E-08  0.16864477E-08 -0.67303068E-09   863.99999960   -23328.93910274
    9040   18.08000000 -0.30165737E-08  0.16870539E-08 -0.61714511E-09   863.99999960   -23328.93910274
    9050   18.10000000 -0.28938196E-08  0.16871143E-08 -0.56392205E-09   863.99999960   -23328.93910274
    9060   18.12000000 -0.27749265E-08  0.16856002E-08 -0.50799891E-09   863.99999960   -23328.93910274
    9070   18.14000000 -0.26589879E-08  0.16818332E-08 -0.45560555E-09   863.99999960   -23328.93910274
    9080   18.16000000 -0.25494200E-08  0.16790952E-08 -0.40230479E-09   863.99999960   -23328.93910274
    9090   18.18000000 -0.24473449E-08  0.16739196E-08 -0.35219955E-09   863.99999960   -23328.93910274
    9100   18.20000000 -0.23513184E-08  0.16685296E-08 -0.30191596E-09   863.99999960   -23328.93910274
    9110   18.22000000 -0.22643675E-08  0.16622739E-08 -0.25616304E-09   863.99999959   -23328.93910274
    9120   18.24000000 -0.21872407E-08  0.16562002E-08 -0.21148741E-09   863.99999959   -23328.93910274
    9130   18.26000000 -0.21188471E-08  0.16483179E-08 -0.16972512E-09   863.99999959   -23328.93910274
    9140   18.28000000 -0.20603934E-08  0.16412063E-08 -0.13128909E-09   863.99999959   -23328.93910274
    9150   18.30000000 -0.20141261E-08  0.16340938E-08 -0.96665487E-10   863.99999959   -23328.93910274
    9160   18.32000000 -0.19776565E-08  0.16255794E-08 -0.64322758E-10   863.99999959   -23328.93910274
    9170   18.34000000 -0.19508209E-08  0.16186209E-08 -0.36556664E-10   863.99999959   -23328.93910274
    9180   18.36000000 -0.19359996E-08  0.16109302E-08 -0.12879393E-10   863.99999959   -23328.93910275
    9190   18.38000000 -0.19307052E-08  0.16045800E-08  0.77847202E-11   863.99999959   -23328.93910275
    9200   18.40000000 -0.19346018E-08  0.15967633E-08  0.23945640E-10   863.99999959   -23328.93910275
    9210   18.42000000 -0.19486299E-08  0.15917207E-08  0.36046776E-10   863.99999959   -23328.93910275
    9220   18.44000000 -0.19704326E-08  0.15853488E-08  0.44578774E-10   863.99999959   -23328.93910275
    9230   18.46000000 -0.19995671E-08  0.15806325E-08  0.49823402E-10   863.99999959   -23328.93910275
    9240   18.48000000 -0.20354835E-08  0.15763507E-08  0.50338617E-10   863.99999959   -23328.93910275
    9250   18.50000000 -0.20777097E-08  0.15721493E-08  0.47565642E-10   863.99999959   -23328.93910275
    9260   18.52000000 -0.21225960E-08  0.15692528E-08  0.41508994E-10   863.99999959   -23328.93910275
    9270   18.54000000 -0.21724930E-08  0.15663761E-08  0.32416563E-10   863.99999959   -23328.93910275
    9280   18.56000000 -0.22236555E-08  0.15636098E-08  0.18796257E-10   863.99999959   -23328.93910275
    9290   18.58000000 -0.22754342E-08  0.15628905E-08  0.46612863E-11   863.99999959   -23328.93910275
    9300   18.60000000 -0.23271775E-08  0.15603742E-08 -0.14350070E-10   863.99999959   -23328.93910275
    9310   18.62000000 -0.23774981E-08  0.15589369E-08 -0.34717266E-10   863.99999959   -23328.93910275
    9320   18.64000000 -0.24250084E-08  0.15579448E-08 -0.57794799E-10   863.99999959   -23328.93910275
    9330   18.66000000 -0.24678878E-08  0.15571694E-08 -0.81838766E-10   863.99999959   -23328.93910275
    9340   18.68000000 -0.25065940E-08  0.15557506E-08 -0.10887154E-09   863.99999958   -23328.93910276
    9350   18.70000000 -0.25390839E-08  0.15547469E-08 -0.13542505E-09   863.99999958   -23328.93910276
    9360   18.72000000 -0.25632736E-08  0.15540708E-08 -0.16487244E-09   863.99999958   -23328.93910276
    9370   18.74000000 -0.25816531E-08  0.15524728E-08 -0.19395337E-09   863.99999958   -23328.93910276
    9380   18.76000000 -0.25899407E-08  0.15509561E-08 -0.22459833E-09   863.99999958   -23328.93910276
    9390   18.78000000 -0.25890948E-08  0.15488448E-08 -0.25416978E-09   863.99999958   -23328.93910276
    9400   18.80000000 -0.25781616E-08  0.15471122E-08 -0.28538941E-09   863.99999958   -23328.93910276
    9410   18.82000000 -0.25585322E-08  0.15433651E-08 -0.31570303E-09   863.99999958   -23328.93910276
    9420   18.84000000 -0.25260519E-08  0.15410799E-08 -0.34560507E-09   863.99999958   -23328.93910276
    9430   18.86000000 -0.24849360E-08  0.15367008E-08 -0.37445123E-09   863.99999958   -23328.93910276
    9440   18.88000000 -0.24318739E-08  0.15318845E-08 -0.40440237E-09   863.99999958   -23328.93910276
    9450   18.90000000 -0.23684763E-08  0.15262161E-08 -0.43081154E-09   863.99999958   -23328.93910276
    9460   18.92000000 -0.22940392E-08  0.15204833E-08 -0.45782619E-09   863.99999958   -23328.93910276
    9470   18.94000000 -0.22102966E-08  0.15134730E-08 -0.48302033E-09   863.99999958   -23328.93910276
    9480   18.96000000 -0.21158877E-08  0.15042872E-08 -0.50710686E-09   863.99999958   -23328.93910276
    9490   18.98000000 -0.20124612E-08  0.14969860E-08 -0.52816887E-09   863.99999958   -23328.93910276
    9500   19.00000000 -0.19009533E-08  0.14861167E-08 -0.54920313E-09   863.99999958   -23328.93910276
    9510   19.02000000 -0.17820974E-08  0.14762860E-08 -0.56706836E-09   863.99999958   -23328.93910277
    9520   19.04000000 -0.16553854E-08  0.14640309E-08 -0.58350662E-09   863.99999958   -23328.93910277
    9530   19.06000000 -0.15245447E-08  0.14531242E-08 -0.59834604E-09   863.99999958   -23328.93910277
    9540   19.08000000 -0.13886642E-08  0.14380247E-08 -0.61159803E-09   863.99999958   -23328.93910277
    9550   19.10000000 -0.12490263E-08  0.14255193E-08 -0.62148888E-09   863.99999958   -23328.93910277
    9560   19.12000000 -0.11071475E-08  0.14096538E-08 -0.63098647E-09   863.99999958   -23328.93910277
    9570   19.14000000 -0.96558083E-09  0.13943817E-08 -0.63897003E-09   863.99999957   -23328.93910277
    9580   19.16000000 -0.82219027E-09  0.13776209E-08 -0.64411705E-09   863.99999957   -23328.93910277
    9590   19.18000000 -0.68104621E-09  0.13600624E-08 -0.64656526E-09   863.99999957   -23328.93910277
    9600   19.20000000 -0.54247352E-09  0.13422891E-08 -0.65161490E-09   863.99999957   -23328.93910277
    9610   19.22000000 -0.40633560E-09  0.13236868E-08 -0.65018881E-09   863.99999957   -23328.93910277
    9620   19.24000000 -0.27618629E-09  0.13041215E-08 -0.64983374E-09   863.99999957   -23328.93910277
    9630   19.26000000 -0.15010931E-09  0.12846830E-08 -0.64861537E-09   863.99999957   -23328.93910277
    9640   19.28000000 -0.30942049E-10  0.12643548E-08 -0.64560153E-09   863.99999957   -23328.93910277
    9650   19.30000000  0.81260576E-10  0.12436824E-08 -0.64045692E-09   863.99999957   -23328.93910277
    9660   19.32000000  0.18562652E-09  0.12223728E-08 -0.63721843E-09   863.99999957   -23328.93910277
    9670   19.34000000  0.28165347E-09  0.12014331E-08 -0.63137785E-09   863.99999957   -23328.93910277
    9680   19.36000000  0.36985094E-09  0.11789287E-08 -0.62565027E-09   863.99999957   -23328.93910278
    9690   19.38000000  0.44722271E-09  0.11568480E-08 -0.61919074E-09   863.99999957   -23328.93910278
    9700   19.40000000  0.51831106E-09  0.11341510E-08 -0.61380298E-09   863.99999957   -23328.93910278
    9710   19.42000000  0.57769770E-09  0.11118474E-08 -0.60631345E-09   863.99999957   -23328.93910278
    9720   19.44000000  0.62923413E-09  0.10885492E-08 -0.60052284E-09   863.99999957   -23328.93910278
    9730   19.46000000  0.67124849E-09  0.10657696E-08 -0.59443074E-09   863.99999957   -23328.93910278
    9740   19.48000000  0.70552985E-09  0.10431333E-08 -0.58843419E-09   863.99999957   -23328.93910278
    9750   19.50000000  0.72973955E-09  0.10202763E-08 -0.58297684E-09   863.99999957   -23328.93910278
    9760   19.52000000  0.74753410E-09  0.99800522E-09 -0.57773174E-09   863.99999957   -23328.93910278
    9770   19.54000000  0.75762852E-09  0.97598234E-09 -0.57296870E-09   863.99999957   -23328.93910278
    9780   19.56000000  0.76051930E-09  0.95447543E-09 -0.56915973E-09   863.99999957   -23328.93910278
    9790   19.58000000  0.75774281E-09  0.93283360E-09 -0.56608469E-09   863.99999957   -23328.93910278
    9800   19.60000000  0.75039482E-09  0.91318877E-09 -0.56177755E-09   863.99999956   -23328.93910278
    9810   19.62000000  0.73764543E-09  0.89214589E-09 -0.56072019E-09   863.99999956   -23328.93910278
    9820   19.64000000  0.72261255E-09  0.87281398E-09 -0.55863599E-09   863.99999956   -23328.93910278
    9830   19.66000000  0.70408588E-09  0.85338193E-09 -0.55735970E-09   863.99999956   -23328.93910278
    9840   19.68000000  0.68466499E-09  0.83422268E-09 -0.55695670E-09   863.99999956   -23328.93910279
    9850   19.70000000  0.66344395E-09  0.81543645E-09 -0.55760061E-09   863.99999956   -23328.93910279
    9860   19.72000000  0.64438653E-09  0.79730361E-09 -0.55640568E-09   863.99999956   -23328.93910279
    9870   19.74000000  0.62371705E-09  0.77925177E-09 -0.55756042E-09   863.99999956   -23328.93910279
    9880   19.76000000  0.60713851E-09  0.76141864E-09 -0.55893819E-09   863.99999956   -23328.93910279
    9890   19.78000000  0.59081734E-09  0.74432080E-09 -0.55851177E-09   863.99999956   -23328.93910279
    9900   19.80000000  0.57986907E-09  0.72673226E-09 -0.55942295E-09   863.99999956   -23328.93910279
    9910   19.82000000  0.56990068E-09  0.70966409E-09 -0.56108259E-09   863.99999956   -23328.93910279
    9920   19.84000000  0.56664961E-09  0.69187371E-09 -0.55991483E-09   863.99999956   -23328.93910279
    9930   19.86000000  0.56570729E-09  0.67565377E-09 -0.56064819E-09   863.99999956   -23328.93910279
    9940   19.88000000  0.57138704E-09  0.65713765E-09 -0.56007163E-09   863.99999956   -23328.93910279
    9950   19.90000000  0.58017414E-09  0.64057332E-09 -0.55967321E-09   863.99999956   -23328.93910279
    9960   19.92000000  0.59592051E-09  0.62223040E-09 -0.55676933E-09   863.99999956   -23328.93910279
    9970   19.94000000  0.61622143E-09  0.60496054E-09 -0.55641251E-09   863.99999956   -23328.93910279
    9980   19.96000000  0.64163470E-09  0.58548271E-09 -0.55260582E-09   863.99999956   -23328.93910279
    9990   19.98000000  0.67272428E-09  0.56797047E-09 -0.54906666E-09   863.99999956   -23328.93910279
   10000   20.00000000  0.70903975E-09  0.54808314E-09 -0.54500190E-09   863.99999956   -23328.93910279
   10010   20.02000000  0.75031670E-09  0.52929541E-09 -0.53992423E-09   863.99999956   -23328.93910280
   10020   20.04000000  0.79562177E-09  0.50895637E-09 -0.53265745E-09   863.99999956   -23328.93910280
   10030   20.06000000  0.84695785E-09  0.48865783E-09 -0.52630676E-09   863.99999955   -23328.93910280
   10040   20.08000000  0.90046460E-09  0.46775712E-09 -0.51875572E-09   863.99999955   -23328.93910280
   10050   20.10000000  0.95903382E-09  0.44649105E-09 -0.50954268E-09   863.99999955   -23328.93910280
   10060   20.12000000  0.10203654E-08  0.42453857E-09 -0.50049004E-09   863.99999955   -23328.93910280
   10070   20.14000000  0.10851108E-08  0.40213120E-09 -0.49062307E-09   863.99999955   -23328.93910280
   10080   20.16000000  0.11508825E-08  0.37998353E-09 -0.48063830E-09   863.99999955   -23328.93910280
   10090   20.18000000  0.12201279E-08  0.35597462E-09 -0.46944394E-09   863.99999955   -23328.93910280
   10100   20.20000000  0.12893090E-08  0.33381205E-09 -0.45922377E-09   863.99999955   -23328.93910280
   10110   20.22000000  0.13612371E-08  0.30956791E-09 -0.44840753E-09   863.99999955   -23328.93910280
   10120   20.24000000  0.14316508E-08  0.28579805E-09 -0.43671755E-09   863.99999955   -23328.93910280
   10130   20.26000000  0.15033805E-08  0.26191308E-09 -0.42675220E-09   863.99999955   -23328.93910280
   10140   20.28000000  0.15739449E-08  0.23791986E-09 -0.41592596E-09   863.99999955   -23328.93910280
   10150   20.30000000  0.16435411E-08  0.21399515E-09 -0.40635069E-09   863.99999955   -23328.93910280
   10160   20.32000000  0.17115158E-08  0.18975278E-09 -0.39633144E-09   863.99999955   -23328.93910280
   10170   20.34000000  0.17771324E-08  0.16650977E-09 -0.38849961E-09   863.99999955   -23328.93910280
   10180   20.36000000  0.18412995E-08  0.14295365E-09 -0.38033222E-09   863.99999955   -23328.93910281
   10190   20.38000000  0.19010915E-08  0.12034508E-09 -0.37427867E-09   863.99999955   -23328.93910281
   10200   20.40000000  0.19586491E-08  0.97292545E-10 -0.36822002E-09   863.99999955   -23328.93910281
   10210   20.42000000  0.20128738E-08  0.76744003E-10 -0.36536746E-09   863.99999955   -23328.93910281
   10220   20.44000000  0.20631569E-08  0.53892881E-10 -0.36170221E-09   863.99999955   -23328.93910281
   10230   20.46000000  0.21088702E-08  0.34051948E-10 -0.36180099E-09   863.99999955   -23328.93910281
   10240   20.48000000  0.21528503E-08  0.13769335E-10 -0.36224541E-09   863.99999955   -23328.93910281
   10250   20.50000000  0.21896629E-08 -0.60829136E-11 -0.36515640E-09   863.99999955   -23328.93910281
   10260   20.52000000  0.22249558E-08 -0.25878713E-10 -0.36920723E-09   863.99999954   -23328.93910281
   10270   20.54000000  0.22547586E-08 -0.42341478E-10 -0.37645409E-09   863.99999954   -23328.93910281
   10280   20.56000000  0.22817800E-08 -0.62556014E-10 -0.38430835E-09   863.99999954   -23328.93910281
   10290   20.58000000  0.23032243E-08 -0.78318731E-10 -0.39498177E-09   863.99999954   -23328.93910281
   10300   20.60000000  0.23226828E-08 -0.95330326E-10 -0.40692552E-09   863.99999954   -23328.93910281
   10310   20.62000000  0.23381221E-08 -0.10997860E-09 -0.42211679E-09   863.99999954   -23328.93910281
   10320   20.64000000  0.23495167E-08 -0.12679933E-09 -0.43767681E-09   863.99999954   -23328.93910281
   10330   20.66000000  0.23595541E-08 -0.13899676E-09 -0.45609580E-09   863.99999954   -23328.93910281
   10340   20.68000000  0.23657699E-08 -0.15455499E-09 -0.47679068E-09   863.99999954   -23328.93910282
   10350   20.70000000  0.23704135E-08 -0.16674685E-09 -0.49792002E-09   863.99999954   -23328.93910282
   10360   20.72000000  0.23722849E-08 -0.18006032E-09 -0.52252121E-09   863.99999954   -23328.93910282
   10370   20.74000000  0.23744643E-08 -0.19110822E-09 -0.54720722E-09   863.99999954   -23328.93910282
   10380   20.76000000  0.23732939E-08 -0.20441908E-09 -0.57459821E-09   863.99999954   -23328.93910282
   10390   20.78000000  0.23729607E-08 -0.21427544E-09 -0.60187236E-09   863.99999954   -23328.93910282
   10400   20.80000000  0.23710872E-08 -0.22599835E-09 -0.63175225E-09   863.99999954   -23328.93910282
   10410   20.82000000  0.23694925E-08 -0.23648592E-09 -0.66141767E-09   863.99999954   -23328.93910282
   10420   20.84000000  0.23678895E-08 -0.24711596E-09 -0.69223771E-09   863.99999954   -23328.93910282
   10430   20.86000000  0.23664362E-08 -0.25687452E-09 -0.72385077E-09   863.99999954   -23328.93910282
   10440   20.88000000  0.23654376E-08 -0.26811247E-09 -0.75513306E-09   863.99999954   -23328.93910282
   10450   20.90000000  0.23653315E-08 -0.27747213E-09 -0.78670832E-09   863.99999954   -23328.93910282
   10460   20.92000000  0.23661443E-08 -0.28739762E-09 -0.81768331E-09   863.99999954   -23328.93910282
   10470   20.94000000  0.23671102E-08 -0.29814352E-09 -0.84904526E-09   863.99999954   -23328.93910282
   10480   20.96000000  0.23708901E-08 -0.30761684E-09 -0.87789262E-09   863.99999953   -23328.93910282
   10490   20.98000000  0.23747689E-08 -0.31731158E-09 -0.90836977E-09   863.99999953   -23328.93910282
   10500   21.00000000  0.23806501E-08 -0.32799934E-09 -0.93444473E-09   863.99999953   -23328.93910282
   10510   21.02000000  0.23873160E-08 -0.33884175E-09 -0.96207719E-09   863.99999953   -23328.93910283
   10520   21.04000000  0.23967857E-08 -0.34749438E-09 -0.98575120E-09   863.99999953   -23328.93910283
   10530   21.06000000  0.24064593E-08 -0.35977204E-09 -0.10097687E-08   863.99999953   -23328.93910283
   10540   21.08000000  0.24183066E-08 -0.36978658E-09 -0.10301005E-08   863.99999953   -23328.93910283
   10550   21.10000000  0.24318835E-08 -0.38069855E-09 -0.10498597E-08   863.99999953   -23328.93910283
   10560   21.12000000  0.24466185E-08 -0.39106987E-09 -0.10667562E-08   863.99999953   -23328.93910283
   10570   21.14000000  0.24619591E-08 -0.40315121E-09 -0.10812318E-08   863.99999953   -23328.93910283
   10580   21.16000000  0.24797060E-08 -0.41288419E-09 -0.10939145E-08   863.99999953   -23328.93910283
   10590   21.18000000  0.24977252E-08 -0.42435940E-09 -0.11042273E-08   863.99999953   -23328.93910283
   10600   21.20000000  0.25161821E-08 -0.43522627E-09 -0.11122103E-08   863.99999953   -23328.93910283
   10610   21.22000000  0.25352084E-08 -0.44627152E-09 -0.11176186E-08   863.99999953   -23328.93910283
   10620   21.24000000  0.25556187E-08 -0.45642663E-09 -0.11214009E-08   863.99999953   -23328.93910283
   10630   21.26000000  0.25749082E-08 -0.46785732E-09 -0.11225336E-08   863.99999953   -23328.93910283
   10640   21.28000000  0.25946185E-08 -0.47850749E-09 -0.11216120E-08   863.99999953   -23328.93910283
   10650   21.30000000  0.26138847E-08 -0.48945646E-09 -0.11196622E-08   863.99999953   -23328.93910283
   10660   21.32000000  0.26331629E-08 -0.50059842E-09 -0.11153079E-08   863.99999953   -23328.93910283
   10670   21.34000000  0.26502779E-08 -0.51122864E-09 -0.11098598E-08   863.99999953   -23328.93910283
   10680   21.36000000  0.26686692E-08 -0.52249840E-09 -0.11025978E-08   863.99999953   -23328.93910284
   10690   21.38000000  0.26840332E-08 -0.53310671E-09 -0.10951551E-08   863.99999953   -23328.93910284
   10700   21.40000000  0.26988832E-08 -0.54478880E-09 -0.10850735E-08   863.99999953   -23328.93910284
   10710   21.42000000  0.27121502E-08 -0.55594444E-09 -0.10764394E-08   863.99999952   -23328.93910284
   10720   21.44000000  0.27240723E-08 -0.56686715E-09 -0.10649314E-08   863.99999952   -23328.93910284
   10730   21.46000000  0.27335519E-08 -0.57859772E-09 -0.10556464E-08   863.99999952   -23328.93910284
   10740   21.48000000  0.27425310E-08 -0.58979175E-09 -0.10435044E-08   863.99999952   -23328.93910284
   10750   21.50000000  0.27482019E-08 -0.60107532E-09 -0.10345759E-08   863.99999952   -23328.93910284
   10760   21.52000000  0.27536541E-08 -0.61213026E-09 -0.10236981E-08   863.99999952   -23328.93910284
   10770   21.54000000  0.27557750E-08 -0.62349529E-09 -0.10150926E-08   863.99999952   -23328.93910284
   10780   21.56000000  0.27571099E-08 -0.63453400E-09 -0.10058469E-08   863.99999952   -23328.93910284
   10790   21.58000000  0.27558513E-08 -0.64527838E-09 -0.99913361E-09   863.99999952   -23328.93910284
   10800   21.60000000  0.27541098E-08 -0.65608564E-09 -0.99129207E-09   863.99999952   -23328.93910284
   10810   21.62000000  0.27485404E-08 -0.66681157E-09 -0.98645457E-09   863.99999952   -23328.93910284
   10820   21.64000000  0.27432159E-08 -0.67730308E-09 -0.98149289E-09   863.99999952   -23328.93910284
   10830   21.66000000  0.27344757E-08 -0.68736815E-09 -0.97847625E-09   863.99999952   -23328.93910284
   10840   21.68000000  0.27250239E-08 -0.69718418E-09 -0.97615198E-09   863.99999952   -23328.93910284
   10850   21.70000000  0.27135014E-08 -0.70678240E-09 -0.97594224E-09   863.99999952   -23328.93910285
   10860   21.72000000  0.27008341E-08 -0.71603602E-09 -0.97667336E-09   863.99999952   -23328.93910285
   10870   21.74000000  0.26857415E-08 -0.72406109E-09 -0.97909050E-09   863.99999952   -23328.93910285
   10880   21.76000000  0.26707349E-08 -0.73281159E-09 -0.98303545E-09   863.99999952   -23328.93910285
   10890   21.78000000  0.26533833E-08 -0.73956408E-09 -0.98835458E-09   863.99999952   -23328.93910285
   10900   21.80000000  0.26357604E-08 -0.74624499E-09 -0.99500623E-09   863.99999952   -23328.93910285
   10910   21.82000000  0.26159889E-08 -0.75202511E-09 -0.10042756E-08   863.99999952   -23328.93910285
   10920   21.84000000  0.25961081E-08 -0.75754889E-09 -0.10138090E-08   863.99999952   -23328.93910285
   10930   21.86000000  0.25752595E-08 -0.76004473E-09 -0.10252088E-08   863.99999952   -23328.93910285
   10940   21.88000000  0.25527040E-08 -0.76414228E-09 -0.10383619E-08   863.99999951   -23328.93910285
   10950   21.90000000  0.25303708E-08 -0.76457862E-09 -0.10525998E-08   863.99999951   -23328.93910285
   10960   21.92000000  0.25067323E-08 -0.76572613E-09 -0.10676399E-08   863.99999951   -23328.93910285
   10970   21.94000000  0.24824326E-08 -0.76317141E-09 -0.10842705E-08   863.99999951   -23328.93910285
   10980   21.96000000  0.24581119E-08 -0.76208779E-09 -0.11021654E-08   863.99999951   -23328.93910285
   10990   21.98000000  0.24324692E-08 -0.75689447E-09 -0.11192486E-08   863.99999951   -23328.93910285
   11000   22.00000000  0.24079579E-08 -0.75225145E-09 -0.11394658E-08   863.99999951   -23328.93910285
   11010   22.02000000  0.23815832E-08 -0.74501191E-09 -0.11585225E-08   863.99999951   -23328.93910286
   11020   22.04000000  0.23570387E-08 -0.73770808E-09 -0.11781320E-08   863.99999951   -23328.93910286
   11030   22.06000000  0.23313432E-08 -0.72668747E-09 -0.11982744E-08   863.99999951   -23328.93910286
   11040   22.08000000  0.23067791E-08 -0.71675233E-09 -0.12200889E-08   863.99999951   -23328.93910286
   11050   22.10000000  0.22824109E-08 -0.70469671E-09 -0.12387160E-08   863.99999951   -23328.93910286
   11060   22.12000000  0.22593171E-08 -0.69098392E-09 -0.12603312E-08   863.99999951   -23328.93910286
   11070   22.14000000  0.22368691E-08 -0.67604444E-09 -0.12809693E-08   863.99999951   -23328.93910286
   11080   22.16000000  0.22154037E-08 -0.66129141E-09 -0.13007038E-08   863.99999951   -23328.93910286
   11090   22.18000000  0.21949942E-08 -0.64443148E-09 -0.13202978E-08   863.99999951   -23328.93910286
   11100   22.20000000  0.21760428E-08 -0.62661827E-09 -0.13411490E-08   863.99999951   -23328.93910286
   11110   22.22000000  0.21582527E-08 -0.60941030E-09 -0.13589971E-08   863.99999951   -23328.93910286
   11120   22.24000000  0.21422754E-08 -0.59082364E-09 -0.13770643E-08   863.99999951   -23328.93910286
   11130   22.26000000  0.21272067E-08 -0.57134504E-09 -0.13953670E-08   863.99999951   -23328.93910286
   11140   22.28000000  0.21140888E-08 -0.55201835E-09 -0.14118006E-08   863.99999951   -23328.93910286
   11150   22.30000000  0.21024535E-08 -0.53297143E-09 -0.14267298E-08   863.99999951   -23328.93910286
   11160   22.32000000  0.20919822E-08 -0.51272901E-09 -0.14425229E-08   863.99999951   -23328.93910286
   11170   22.34000000  0.20831050E-08 -0.49309780E-09 -0.14558212E-08   863.99999950   -23328.93910286
   11180   22.36000000  0.20758471E-08 -0.47386219E-09 -0.14688381E-08   863.99999950   -23328.93910287
   11190   22.38000000  0.20693812E-08 -0.45398730E-09 -0.14797442E-08   863.99999950   -23328.93910287
   11200   22.40000000  0.20646052E-08 -0.43558835E-09 -0.14910056E-08   863.99999950   -23328.93910287
   11210   22.42000000  0.20612705E-08 -0.41633232E-09 -0.14996990E-08   863.99999950   -23328.93910287
   11220   22.44000000  0.20578784E-08 -0.39954397E-09 -0.15082641E-08   863.99999950   -23328.93910287
   11230   22.46000000  0.20562505E-08 -0.38118594E-09 -0.15147334E-08   863.99999950   -23328.93910287
   11240   22.48000000  0.20554569E-08 -0.36560428E-09 -0.15206157E-08   863.99999950   -23328.93910287
   11250   22.50000000  0.20552594E-08 -0.34862694E-09 -0.15248707E-08   863.99999950   -23328.93910287
   11260   22.52000000  0.20544472E-08 -0.33507760E-09 -0.15280037E-08   863.99999950   -23328.93910287
   11270   22.54000000  0.20552245E-08 -0.31970372E-09 -0.15302690E-08   863.99999950   -23328.93910287
   11280   22.56000000  0.20552568E-08 -0.30637260E-09 -0.15317266E-08   863.99999950   -23328.93910287
   11290   22.58000000  0.20546053E-08 -0.29423492E-09 -0.15316034E-08   863.99999950   -23328.93910287
   11300   22.60000000  0.20543981E-08 -0.28227219E-09 -0.15315216E-08   863.99999950   -23328.93910287
   11310   22.62000000  0.20535988E-08 -0.27119175E-09 -0.15307329E-08   863.99999950   -23328.93910287
   11320   22.64000000  0.20512934E-08 -0.26095214E-09 -0.15286272E-08   863.99999950   -23328.93910287
   11330   22.66000000  0.20500658E-08 -0.25264700E-09 -0.15269566E-08   863.99999950   -23328.93910287
   11340   22.68000000  0.20454572E-08 -0.24256133E-09 -0.15242496E-08   863.99999950   -23328.93910287
   11350   22.70000000  0.20420131E-08 -0.23585659E-09 -0.15220497E-08   863.99999950   -23328.93910288
   11360   22.72000000  0.20351258E-08 -0.22798912E-09 -0.15184304E-08   863.99999950   -23328.93910288
   11370   22.74000000  0.20293027E-08 -0.22151005E-09 -0.15161860E-08   863.99999950   -23328.93910288
   11380   22.76000000  0.20191870E-08 -0.21579305E-09 -0.15129158E-08   863.99999950   -23328.93910288
   11390   22.78000000  0.20107463E-08 -0.20997369E-09 -0.15117356E-08   863.99999950   -23328.93910288
   11400   22.80000000  0.19974641E-08 -0.20491572E-09 -0.15082242E-08   863.99999949   -23328.93910288
   11410   22.82000000  0.19860983E-08 -0.20036950E-09 -0.15079947E-08   863.99999949   -23328.93910288
   11420   22.84000000  0.19709447E-08 -0.19627455E-09 -0.15061754E-08   863.99999949   -23328.93910288
   11430   22.86000000  0.19559200E-08 -0.19117929E-09 -0.15070342E-08   863.99999949   -23328.93910288
   11440   22.88000000  0.19384961E-08 -0.18872219E-09 -0.15070002E-08   863.99999949   -23328.93910288
   11450   22.90000000  0.19208511E-08 -0.18350856E-09 -0.15097687E-08   863.99999949   -23328.93910288
   11460   22.92000000  0.19015381E-08 -0.18057209E-09 -0.15118397E-08   863.99999949   -23328.93910288
   11470   22.94000000  0.18809346E-08 -0.17612906E-09 -0.15162251E-08   863.99999949   -23328.93910288
   11480   22.96000000  0.18607669E-08 -0.17352685E-09 -0.15213196E-08   863.99999949   -23328.93910288
   11490   22.98000000  0.18380730E-08 -0.16815961E-09 -0.15274063E-08   863.99999949   -23328.93910288
   11500   23.00000000  0.18161287E-08 -0.16450535E-09 -0.15347044E-08   863.99999949   -23328.93910288
   11510   23.02000000  0.17930681E-08 -0.16045287E-09 -0.15434782E-08   863.99999949   -23328.93910288
   11520   23.04000000  0.17705247E-08 -0.15564555E-09 -0.15528703E-08   863.99999949   -23328.93910289
   11530   23.06000000  0.17461793E-08 -0.15076227E-09 -0.15633091E-08   863.99999949   -23328.93910289
   11540   23.08000000  0.17238631E-08 -0.14558201E-09 -0.15752698E-08   863.99999949   -23328.93910289
   11550   23.10000000  0.16998160E-08 -0.14031792E-09 -0.15878090E-08   863.99999949   -23328.93910289
   11560   23.12000000  0.16767488E-08 -0.13344256E-09 -0.16012990E-08   863.99999949   -23328.93910289
   11570   23.14000000  0.16545800E-08 -0.12804426E-09 -0.16160258E-08   863.99999949   -23328.93910289
   11580   23.16000000  0.16324141E-08 -0.12076803E-09 -0.16305723E-08   863.99999949   -23328.93910289
   11590   23.18000000  0.16104540E-08 -0.11370202E-09 -0.16466659E-08   863.99999949   -23328.93910289
   11600   23.20000000  0.15904581E-08 -0.10548686E-09 -0.16629120E-08   863.99999949   -23328.93910289
   11610   23.22000000  0.15706744E-08 -0.97895771E-10 -0.16797611E-08   863.99999949   -23328.93910289
   11620   23.24000000  0.15510361E-08 -0.88896111E-10 -0.16963744E-08   863.99999949   -23328.93910289
   11630   23.26000000  0.15347172E-08 -0.79662372E-10 -0.17143799E-08   863.99999948   -23328.93910289
   11640   23.28000000  0.15166902E-08 -0.70037671E-10 -0.17315732E-08   863.99999948   -23328.93910289
   11650   23.30000000  0.15017907E-08 -0.59599789E-10 -0.17493017E-08   863.99999948   -23328.93910289
   11660   23.32000000  0.14867958E-08 -0.49421426E-10 -0.17669355E-08   863.99999948   -23328.93910289
   11670   23.34000000  0.14741018E-08 -0.37500011E-10 -0.17845112E-08   863.99999948   -23328.93910289
   11680   23.36000000  0.14615019E-08 -0.26090262E-10 -0.18012541E-08   863.99999948   -23328.93910289
   11690   23.38000000  0.14512497E-08 -0.13662923E-10 -0.18187948E-08   863.99999948   -23328.93910290
   11700   23.40000000  0.14405438E-08 -0.93882080E-12 -0.18345034E-08   863.99999948   -23328.93910290
   11710   23.42000000  0.14321350E-08  0.11786673E-10 -0.18502206E-08   863.99999948   -23328.93910290
   11720   23.44000000  0.14238606E-08  0.25889100E-10 -0.18652403E-08   863.99999948   -23328.93910290
   11730   23.46000000  0.14168788E-08  0.38835370E-10 -0.18791476E-08   863.99999948   -23328.93910290
   11740   23.48000000  0.14095910E-08  0.54533950E-10 -0.18922136E-08   863.99999948   -23328.93910290
   11750   23.50000000  0.14039195E-08  0.68436499E-10 -0.19045360E-08   863.99999948   -23328.93910290
   11760   23.52000000  0.13978089E-08  0.84349177E-10 -0.19162144E-08   863.99999948   -23328.93910290
   11770   23.54000000  0.13919779E-08  0.98559424E-10 -0.19254990E-08   863.99999948   -23328.93910290
   11780   23.56000000  0.13874217E-08  0.11651962E-09 -0.19351915E-08   863.99999948   -23328.93910290
   11790   23.58000000  0.13800397E-08  0.13049031E-09 -0.19432853E-08   863.99999948   -23328.93910290
   11800   23.60000000  0.13754347E-08  0.14903494E-09 -0.19494587E-08   863.99999948   -23328.93910290
   11810   23.62000000  0.13681334E-08  0.16410847E-09 -0.19556351E-08   863.99999948   -23328.93910290
   11820   23.64000000  0.13615412E-08  0.18209768E-09 -0.19605186E-08   863.99999948   -23328.93910290
   11830   23.66000000  0.13525304E-08  0.19811751E-09 -0.19630215E-08   863.99999948   -23328.93910290
   11840   23.68000000  0.13454190E-08  0.21609394E-09 -0.19656422E-08   863.99999948   -23328.93910290
   11850   23.70000000  0.13335472E-08  0.23169528E-09 -0.19669004E-08   863.99999948   -23328.93910291
   11860   23.72000000  0.13237974E-08  0.24929778E-09 -0.19670832E-08   863.99999947   -23328.93910291
   11870   23.74000000  0.13106655E-08  0.26560903E-09 -0.19661209E-08   863.99999947   -23328.93910291
   11880   23.76000000  0.12978980E-08  0.28251525E-09 -0.19647692E-08   863.99999947   -23328.93910291
   11890   23.78000000  0.12817315E-08  0.29811600E-09 -0.19618383E-08   863.99999947   -23328.93910291
   11900   23.80000000  0.12668384E-08  0.31444966E-09 -0.19585596E-08   863.99999947   -23328.93910291
   11910   23.82000000  0.12488686E-08  0.32978936E-09 -0.19554300E-08   863.99999947   -23328.93910291
   11920   23.84000000  0.12298715E-08  0.34586559E-09 -0.19504105E-08   863.99999947   -23328.93910291
   11930   23.86000000  0.12104221E-08  0.36051949E-09 -0.19460750E-08   863.99999947   -23328.93910291
   11940   23.88000000  0.11897723E-08  0.37572194E-09 -0.19405971E-08   863.99999947   -23328.93910291
   11950   23.90000000  0.11681673E-08  0.39050899E-09 -0.19358478E-08   863.99999947   -23328.93910291
   11960   23.92000000  0.11449950E-08  0.40526264E-09 -0.19286307E-08   863.99999947   -23328.93910291
   11970   23.94000000  0.11235611E-08  0.41923533E-09 -0.19238206E-08   863.99999947   -23328.93910291
   11980   23.96000000  0.10990945E-08  0.43371002E-09 -0.19163175E-08   863.99999947   -23328.93910291
   11990   23.98000000  0.10759877E-08  0.44789201E-09 -0.19105045E-08   863.99999947   -23328.93910291
   12000   24.00000000  0.10524300E-08  0.46035543E-09 -0.19029420E-08   863.99999947   -23328.93910291
   12010   24.02000000  0.10295080E-08  0.47493216E-09 -0.18968690E-08   863.99999947   -23328.93910291
   12020   24.04000000  0.10053994E-08  0.48761460E-09 -0.18885062E-08   863.99999947   -23328.93910292
   12030   24.06000000  0.98364584E-09  0.49980889E-09 -0.18821924E-08   863.99999947   -23328.93910292
   12040   24.08000000  0.96152674E-09  0.51298638E-09 -0.18742193E-08   863.99999947   -23328.93910292
   12050   24.10000000  0.93961915E-09  0.52559121E-09 -0.18669354E-08   863.99999947   -23328.93910292
   12060   24.12000000  0.92035057E-09  0.53691719E-09 -0.18591284E-08   863.99999947   -23328.93910292
   12070   24.14000000  0.90010675E-09  0.54939543E-09 -0.18518020E-08   863.99999947   -23328.93910292
   12080   24.16000000  0.88216848E-09  0.56117071E-09 -0.18435344E-08   863.99999946   -23328.93910292
   12090   24.18000000  0.86474495E-09  0.57265593E-09 -0.18362339E-08   863.99999946   -23328.93910292
   12100   24.20000000  0.84963770E-09  0.58421674E-09 -0.18282439E-08   863.99999946   -23328.93910292
   12110   24.22000000  0.83370417E-09  0.59624810E-09 -0.18200379E-08   863.99999946   -23328.93910292
   12120   24.24000000  0.82209832E-09  0.60705625E-09 -0.18118205E-08   863.99999946   -23328.93910292
   12130   24.26000000  0.80916362E-09  0.61892126E-09 -0.18038859E-08   863.99999946   -23328.93910292
   12140   24.28000000  0.79874874E-09  0.63071405E-09 -0.17938212E-08   863.99999946   -23328.93910292
   12150   24.30000000  0.78872248E-09  0.64203161E-09 -0.17864314E-08   863.99999946   -23328.93910292
   12160   24.32000000  0.78190264E-09  0.65348099E-09 -0.17758448E-08   863.99999946   -23328.93910292
   12170   24.34000000  0.77272425E-09  0.66635138E-09 -0.17668937E-08   863.99999946   -23328.93910292
   12180   24.36000000  0.76807627E-09  0.67678911E-09 -0.17554417E-08   863.99999946   -23328.93910292
   12190   24.38000000  0.76328322E-09  0.68927773E-09 -0.17460359E-08   863.99999946   -23328.93910293
   12200   24.40000000  0.75803991E-09  0.70070206E-09 -0.17340687E-08   863.99999946   -23328.93910293
   12210   24.42000000  0.75462408E-09  0.71369955E-09 -0.17226553E-08   863.99999946   -23328.93910293
   12220   24.44000000  0.75316403E-09  0.72443590E-09 -0.17108408E-08   863.99999946   -23328.93910293
   12230   24.46000000  0.74908651E-09  0.73790066E-09 -0.16981210E-08   863.99999946   -23328.93910293
   12240   24.48000000  0.74649292E-09  0.74957050E-09 -0.16843924E-08   863.99999946   -23328.93910293
   12250   24.50000000  0.74425079E-09  0.76222155E-09 -0.16709445E-08   863.99999946   -23328.93910293
   12260   24.52000000  0.74113488E-09  0.77503798E-09 -0.16566186E-08   863.99999946   -23328.93910293
   12270   24.54000000  0.73662594E-09  0.78822443E-09 -0.16415845E-08   863.99999946   -23328.93910293
   12280   24.56000000  0.73371585E-09  0.80096399E-09 -0.16247489E-08   863.99999946   -23328.93910293
   12290   24.58000000  0.72880183E-09  0.81466695E-09 -0.16085996E-08   863.99999946   -23328.93910293
   12300   24.60000000  0.72141916E-09  0.82842092E-09 -0.15918149E-08   863.99999946   -23328.93910293
   12310   24.62000000  0.71601864E-09  0.84221195E-09 -0.15722601E-08   863.99999945   -23328.93910293
   12320   24.64000000  0.70700400E-09  0.85562836E-09 -0.15545702E-08   863.99999945   -23328.93910293
   12330   24.66000000  0.69672241E-09  0.87036044E-09 -0.15346099E-08   863.99999945   -23328.93910293
   12340   24.68000000  0.68574382E-09  0.88425776E-09 -0.15136655E-08   863.99999945   -23328.93910293
   12350   24.70000000  0.67258114E-09  0.89846105E-09 -0.14927747E-08   863.99999945   -23328.93910293
   12360   24.72000000  0.65714366E-09  0.91266475E-09 -0.14716658E-08   863.99999945   -23328.93910294
   12370   24.74000000  0.64019026E-09  0.92781050E-09 -0.14483270E-08   863.99999945   -23328.93910294
   12380   24.76000000  0.62208735E-09  0.94127504E-09 -0.14254275E-08   863.99999945   -23328.93910294
   12390   24.78000000  0.60032014E-09  0.95583155E-09 -0.14017981E-08   863.99999945   -23328.93910294
   12400   24.80000000  0.57770756E-09  0.97103967E-09 -0.13765268E-08   863.99999945   -23328.93910294
   12410   24.82000000  0.55376566E-09  0.98382026E-09 -0.13518414E-08   863.99999945   -23328.93910294
   12420   24.84000000  0.52691277E-09  0.99967102E-09 -0.13253350E-08   863.99999945   -23328.93910294
   12430   24.86000000  0.49859151E-09  0.10130602E-08 -0.12997922E-08   863.99999945   -23328.93910294
   12440   24.88000000  0.46977504E-09  0.10277778E-08 -0.12712964E-08   863.99999945   -23328.93910294
   12450   24.90000000  0.43844125E-09  0.10406884E-08 -0.12451744E-08   863.99999945   -23328.93910294
   12460   24.92000000  0.40540485E-09  0.10557123E-08 -0.12159330E-08   863.99999945   -23328.93910294
   12470   24.94000000  0.37301353E-09  0.10683304E-08 -0.11883051E-08   863.99999945   -23328.93910294
   12480   24.96000000  0.33695647E-09  0.10820426E-08 -0.11578970E-08   863.99999945   -23328.93910294
   12490   24.98000000  0.30247049E-09  0.10949119E-08 -0.11294495E-08   863.99999945   -23328.93910294
   12500   25.00000000  0.26452429E-09  0.11077887E-08 -0.10981594E-08   863.99999945   -23328.93910294
   12510   25.02000000  0.22882126E-09  0.11194457E-08 -0.10679126E-08   863.99999945   -23328.93910294
   12520   25.04000000  0.18946916E-09  0.11325213E-08 -0.10374103E-08   863.99999945   -23328.93910294
   12530   25.06000000  0.15317178E-09  0.11428861E-08 -0.10056617E-08   863.99999945   -23328.93910295
   12540   25.08000000  0.11348820E-09  0.11543393E-08 -0.97451145E-09   863.99999944   -23328.93910295
   12550   25.10000000  0.76413387E-10  0.11650774E-08 -0.94333731E-09   863.99999944   -23328.93910295
   12560   25.12000000  0.36987053E-10  0.11750439E-08 -0.91175064E-09   863.99999944   -23328.93910295
   12570   25.14000000  0.39766742E-12  0.11840080E-08 -0.87984329E-09   863.99999944   -23328.93910295
   12580   25.16000000 -0.39104462E-10  0.11941440E-08 -0.84909560E-09   863.99999944   -23328.93910295
   12590   25.18000000 -0.74482574E-10  0.12022495E-08 -0.81770978E-09   863.99999944   -23328.93910295
   12600   25.20000000 -0.11332497E-09  0.12100635E-08 -0.78575196E-09   863.99999944   -23328.93910295
   12610   25.22000000 -0.14871223E-09  0.12182245E-08 -0.75600706E-09   863.99999944   -23328.93910295
   12620   25.24000000 -0.18475710E-09  0.12247561E-08 -0.72386445E-09   863.99999944   -23328.93910295
   12630   25.26000000 -0.22029540E-09  0.12311402E-08 -0.69369526E-09   863.99999944   -23328.93910295
   12640   25.28000000 -0.25465057E-09  0.12371580E-08 -0.66214690E-09   863.99999944   -23328.93910295
   12650   25.30000000 -0.28911473E-09  0.12425947E-08 -0.63248383E-09   863.99999944   -23328.93910295
   12660   25.32000000 -0.32145858E-09  0.12473167E-08 -0.60042713E-09   863.99999944   -23328.93910295
   12670   25.34000000 -0.35480221E-09  0.12513109E-08 -0.57045877E-09   863.99999944   -23328.93910295
   12680   25.36000000 -0.38522839E-09  0.12549379E-08 -0.53990498E-09   863.99999944   -23328.93910295
   12690   25.38000000 -0.41686714E-09  0.12580318E-08 -0.50881439E-09   863.99999944   -23328.93910295
   12700   25.40000000 -0.44625441E-09  0.12596202E-08 -0.47912774E-09   863.99999944   -23328.93910296
   12710   25.42000000 -0.47643622E-09  0.12616508E-08 -0.44809347E-09   863.99999944   -23328.93910296
   12720   25.44000000 -0.50365065E-09  0.12628262E-08 -0.41829134E-09   863.99999944   -23328.93910296
   12730   25.46000000 -0.53290452E-09  0.12630939E-08 -0.38720972E-09   863.99999944   -23328.93910296
   12740   25.48000000 -0.56014943E-09  0.12625273E-08 -0.35777107E-09   863.99999944   -23328.93910296
   12750   25.50000000 -0.58670102E-09  0.12623229E-08 -0.32599694E-09   863.99999944   -23328.93910296
   12760   25.52000000 -0.61318169E-09  0.12610149E-08 -0.29603547E-09   863.99999944   -23328.93910296
   12770   25.54000000 -0.64017308E-09  0.12580186E-08 -0.26436083E-09   863.99999943   -23328.93910296
   12780   25.56000000 -0.66436485E-09  0.12568769E-08 -0.23391550E-09   863.99999943   -23328.93910296
   12790   25.58000000 -0.69025863E-09  0.12536685E-08 -0.20150113E-09   863.99999943   -23328.93910296
   12800   25.60000000 -0.71507131E-09  0.12500276E-08 -0.17022359E-09   863.99999943   -23328.93910296
   12810   25.62000000 -0.73993228E-09  0.12459715E-08 -0.13774858E-09   863.99999943   -23328.93910296
   12820   25.64000000 -0.76363113E-09  0.12435207E-08 -0.10559841E-09   863.99999943   -23328.93910296
   12830   25.66000000 -0.78894681E-09  0.12369852E-08 -0.72425908E-10   863.99999943   -23328.93910296
   12840   25.68000000 -0.81261124E-09  0.12337524E-08 -0.39748317E-10   863.99999943   -23328.93910296
   12850   25.70000000 -0.83663077E-09  0.12287200E-08 -0.54755670E-11   863.99999943   -23328.93910296
   12860   25.72000000 -0.86109012E-09  0.12237077E-08  0.28206465E-10   863.99999943   -23328.93910296
   12870   25.74000000 -0.88573543E-09  0.12184615E-08  0.63363766E-10   863.99999943   -23328.93910297
   12880   25.76000000 -0.90946807E-09  0.12142574E-08  0.97820427E-10   863.99999943   -23328.93910297
   12890   25.78000000 -0.93426189E-09  0.12085703E-08  0.13414419E-09   863.99999943   -23328.93910297
   12900   25.80000000 -0.95906531E-09  0.12038376E-08  0.16933063E-09   863.99999943   -23328.93910297
   12910   25.82000000 -0.98374476E-09  0.11988470E-08  0.20746775E-09   863.99999943   -23328.93910297
   12920   25.84000000 -0.10088818E-08  0.11939066E-08  0.24332016E-09   863.99999943   -23328.93910297
   12930   25.86000000 -0.10346586E-08  0.11890610E-08  0.28253364E-09   863.99999943   -23328.93910297
   12940   25.88000000 -0.10597265E-08  0.11836862E-08  0.32014680E-09   863.99999943   -23328.93910297
   12950   25.90000000 -0.10861747E-08  0.11797743E-08  0.35995571E-09   863.99999943   -23328.93910297
   12960   25.92000000 -0.11108219E-08  0.11742003E-08  0.39883593E-09   863.99999943   -23328.93910297
   12970   25.94000000 -0.11385271E-08  0.11710026E-08  0.43885259E-09   863.99999943   -23328.93910297
   12980   25.96000000 -0.11637312E-08  0.11661748E-08  0.47867872E-09   863.99999943   -23328.93910297
   12990   25.98000000 -0.11906014E-08  0.11627423E-08  0.51960851E-09   863.99999943   -23328.93910297
   13000   26.00000000 -0.12170154E-08  0.11593051E-08  0.55993883E-09   863.99999942   -23328.93910297
   13010   26.02000000 -0.12440923E-08  0.11563252E-08  0.60092565E-09   863.99999942   -23328.93910297
   13020   26.04000000 -0.12702417E-08  0.11535280E-08  0.64287962E-09   863.99999942   -23328.93910297
   13030   26.06000000 -0.12985164E-08  0.11507468E-08  0.68369067E-09   863.99999942   -23328.93910297
   13040   26.08000000 -0.13244994E-08  0.11487346E-08  0.72639397E-09   863.99999942   -23328.93910298
   13050   26.10000000 -0.13528407E-08  0.11463259E-08  0.76809657E-09   863.99999942   -23328.93910298
   13060   26.12000000 -0.13803422E-08  0.11444284E-08  0.81105360E-09   863.99999942   -23328.93910298
   13070   26.14000000 -0.14080777E-08  0.11433812E-08  0.85359433E-09   863.99999942   -23328.93910298
   13080   26.16000000 -0.14365620E-08  0.11417939E-08  0.89639117E-09   863.99999942   -23328.93910298
   13090   26.18000000 -0.14651785E-08  0.11397971E-08  0.93986290E-09   863.99999942   -23328.93910298
   13100   26.20000000 -0.14936824E-08  0.11402943E-08  0.98250588E-09   863.99999942   -23328.93910298
   13110   26.22000000 -0.15219855E-08  0.11388214E-08  0.10262203E-08   863.99999942   -23328.93910298
   13120   26.24000000 -0.15524035E-08  0.11385600E-08  0.10697572E-08   863.99999942   -23328.93910298
   13130   26.26000000 -0.15804281E-08  0.11384379E-08  0.11130182E-08   863.99999942   -23328.93910298
   13140   26.28000000 -0.16111046E-08  0.11387131E-08  0.11561662E-08   863.99999942   -23328.93910298
   13150   26.30000000 -0.16397985E-08  0.11387592E-08  0.12006523E-08   863.99999942   -23328.93910298
   13160   26.32000000 -0.16707416E-08  0.11391135E-08  0.12432130E-08   863.99999942   -23328.93910298
   13170   26.34000000 -0.16994496E-08  0.11404652E-08  0.12872474E-08   863.99999942   -23328.93910298
   13180   26.36000000 -0.17313059E-08  0.11410922E-08  0.13304462E-08   863.99999942   -23328.93910298
   13190   26.38000000 -0.17606315E-08  0.11416959E-08  0.13748239E-08   863.99999942   -23328.93910298
   13200   26.40000000 -0.17921576E-08  0.11433223E-08  0.14163621E-08   863.99999942   -23328.93910299
   13210   26.42000000 -0.18220236E-08  0.11445758E-08  0.14618073E-08   863.99999942   -23328.93910299
   13220   26.44000000 -0.18537762E-08  0.11459989E-08  0.15035023E-08   863.99999942   -23328.93910299
   13230   26.46000000 -0.18837662E-08  0.11472341E-08  0.15469450E-08   863.99999941   -23328.93910299
   13240   26.48000000 -0.19161625E-08  0.11499615E-08  0.15893460E-08   863.99999941   -23328.93910299
   13250   26.50000000 -0.19465858E-08  0.11502479E-08  0.16320274E-08   863.99999941   -23328.93910299
   13260   26.52000000 -0.19783970E-08  0.11526250E-08  0.16734002E-08   863.99999941   -23328.93910299
   13270   26.54000000 -0.20097127E-08  0.11534029E-08  0.17154305E-08   863.99999941   -23328.93910299
   13280   26.56000000 -0.20417639E-08  0.11553672E-08  0.17566271E-08   863.99999941   -23328.93910299
   13290   26.58000000 -0.20728830E-08  0.11551928E-08  0.17975418E-08   863.99999941   -23328.93910299
   13300   26.60000000 -0.21054535E-08  0.11563310E-08  0.18374866E-08   863.99999941   -23328.93910299
   13310   26.62000000 -0.21371755E-08  0.11566227E-08  0.18782181E-08   863.99999941   -23328.93910299
   13320   26.64000000 -0.21696694E-08  0.11557987E-08  0.19177576E-08   863.99999941   -23328.93910299
   13330   26.66000000 -0.22018342E-08  0.11559437E-08  0.19567977E-08   863.99999941   -23328.93910299
   13340   26.68000000 -0.22347965E-08  0.11542408E-08  0.19959864E-08   863.99999941   -23328.93910299
   13350   26.70000000 -0.22670266E-08  0.11527536E-08  0.20340950E-08   863.99999941   -23328.93910299
   13360   26.72000000 -0.23000393E-08  0.11496711E-08  0.20713713E-08   863.99999941   -23328.93910299
   13370   26.74000000 -0.23321339E-08  0.11471638E-08  0.21089852E-08   863.99999941   -23328.93910300
   13380   26.76000000 -0.23644346E-08  0.11421761E-08  0.21457415E-08   863.99999941   -23328.93910300
   13390   26.78000000 -0.23961015E-08  0.11379580E-08  0.21812159E-08   863.99999941   -23328.93910300
   13400   26.80000000 -0.24271203E-08  0.11315824E-08  0.22171111E-08   863.99999941   -23328.93910300
   13410   26.82000000 -0.24589421E-08  0.11254732E-08  0.22517233E-08   863.99999941   -23328.93910300
   13420   26.84000000 -0.24874980E-08  0.11172614E-08  0.22854805E-08   863.99999941   -23328.93910300
   13430   26.86000000 -0.25188277E-08  0.11095491E-08  0.23187143E-08   863.99999941   -23328.93910300
   13440   26.88000000 -0.25457962E-08  0.10998119E-08  0.23515686E-08   863.99999941   -23328.93910300
   13450   26.90000000 -0.25751904E-08  0.10902185E-08  0.23829198E-08   863.99999941   -23328.93910300
   13460   26.92000000 -0.26009776E-08  0.10790578E-08  0.24136983E-08   863.99999940   -23328.93910300
   13470   26.94000000 -0.26284654E-08  0.10672853E-08  0.24435875E-08   863.99999940   -23328.93910300
   13480   26.96000000 -0.26520518E-08  0.10557158E-08  0.24726898E-08   863.99999940   -23328.93910300
   13490   26.98000000 -0.26772065E-08  0.10423553E-08  0.25007016E-08   863.99999940   -23328.93910300
   13500   27.00000000 -0.26991042E-08  0.10298246E-08  0.25283619E-08   863.99999940   -23328.93910300
   13510   27.02000000 -0.27211384E-08  0.10158009E-08  0.25549108E-08   863.99999940   -23328.93910300
   13520   27.04000000 -0.27413369E-08  0.10019959E-08  0.25805397E-08   863.99999940   -23328.93910300
   13530   27.06000000 -0.27606860E-08  0.98735008E-09  0.26055479E-08   863.99999940   -23328.93910300
   13540   27.08000000 -0.27785446E-08  0.97271770E-09  0.26297527E-08   863.99999940   -23328.93910301
   13550   27.10000000 -0.27953662E-08  0.95755816E-09  0.26535017E-08   863.99999940   -23328.93910301
   13560   27.12000000 -0.28110327E-08  0.94303766E-09  0.26748995E-08   863.99999940   -23328.93910301
   13570   27.14000000 -0.28252399E-08  0.92785127E-09  0.26981162E-08   863.99999940   -23328.93910301
   13580   27.16000000 -0.28394455E-08  0.91296726E-09  0.27187301E-08   863.99999940   -23328.93910301
   13590   27.18000000 -0.28505236E-08  0.89848386E-09  0.27394958E-08   863.99999940   -23328.93910301
   13600   27.20000000 -0.28630119E-08  0.88367852E-09  0.27593753E-08   863.99999940   -23328.93910301
   13610   27.22000000 -0.28725681E-08  0.86922396E-09  0.27798070E-08   863.99999940   -23328.93910301
   13620   27.24000000 -0.28823790E-08  0.85506628E-09  0.27975522E-08   863.99999940   -23328.93910301
   13630   27.26000000 -0.28893284E-08  0.84104532E-09  0.28168912E-08   863.99999940   -23328.93910301
   13640   27.28000000 -0.28976788E-08  0.82798658E-09  0.28346469E-08   863.99999940   -23328.93910301
   13650   27.30000000 -0.29036505E-08  0.81375200E-09  0.28530410E-08   863.99999940   -23328.93910301
   13660   27.32000000 -0.29089565E-08  0.80176896E-09  0.28701948E-08   863.99999940   -23328.93910301
   13670   27.34000000 -0.29132795E-08  0.78917270E-09  0.28877717E-08   863.99999940   -23328.93910301
   13680   27.36000000 -0.29181644E-08  0.77722532E-09  0.29054108E-08   863.99999939   -23328.93910301
   13690   27.38000000 -0.29197206E-08  0.76623580E-09  0.29221609E-08   863.99999939   -23328.93910301
   13700   27.40000000 -0.29230432E-08  0.75501286E-09  0.29395078E-08   863.99999939   -23328.93910301
   13710   27.42000000 -0.29240606E-08  0.74584456E-09  0.29570121E-08   863.99999939   -23328.93910302
   13720   27.44000000 -0.29256061E-08  0.73488675E-09  0.29753202E-08   863.99999939   -23328.93910302
   13730   27.46000000 -0.29252734E-08  0.72759937E-09  0.29921681E-08   863.99999939   -23328.93910302
   13740   27.48000000 -0.29258563E-08  0.71855451E-09  0.30107259E-08   863.99999939   -23328.93910302
   13750   27.50000000 -0.29250490E-08  0.71183113E-09  0.30294708E-08   863.99999939   -23328.93910302
   13760   27.52000000 -0.29250796E-08  0.70477747E-09  0.30474392E-08   863.99999939   -23328.93910302
   13770   27.54000000 -0.29229416E-08  0.69973302E-09  0.30671119E-08   863.99999939   -23328.93910302
   13780   27.56000000 -0.29233102E-08  0.69442808E-09  0.30874249E-08   863.99999939   -23328.93910302
   13790   27.58000000 -0.29205495E-08  0.69048295E-09  0.31056133E-08   863.99999939   -23328.93910302
   13800   27.60000000 -0.29197329E-08  0.68691798E-09  0.31272375E-08   863.99999939   -23328.93910302
   13810   27.62000000 -0.29177702E-08  0.68456264E-09  0.31472555E-08   863.99999939   -23328.93910302
   13820   27.64000000 -0.29163921E-08  0.68269378E-09  0.31689630E-08   863.99999939   -23328.93910302
   13830   27.66000000 -0.29139226E-08  0.68163212E-09  0.31893801E-08   863.99999939   -23328.93910302
   13840   27.68000000 -0.29127229E-08  0.68143879E-09  0.32122528E-08   863.99999939   -23328.93910302
   13850   27.70000000 -0.29108585E-08  0.68183461E-09  0.32335191E-08   863.99999939   -23328.93910302
   13860   27.72000000 -0.29098622E-08  0.68401999E-09  0.32565682E-08   863.99999939   -23328.93910302
   13870   27.74000000 -0.29079143E-08  0.68523812E-09  0.32790274E-08   863.99999939   -23328.93910302
   13880   27.76000000 -0.29073303E-08  0.68921600E-09  0.33026669E-08   863.99999939   -23328.93910303
   13890   27.78000000 -0.29057716E-08  0.69191692E-09  0.33250775E-08   863.99999939   -23328.93910303
   13900   27.80000000 -0.29057108E-08  0.69600792E-09  0.33487402E-08   863.99999939   -23328.93910303
   13910   27.82000000 -0.29040484E-08  0.70073778E-09  0.33717500E-08   863.99999938   -23328.93910303
   13920   27.84000000 -0.29044098E-08  0.70529940E-09  0.33949795E-08   863.99999938   -23328.93910303
   13930   27.86000000 -0.29034296E-08  0.71063964E-09  0.34176461E-08   863.99999938   -23328.93910303
   13940   27.88000000 -0.29032072E-08  0.71590064E-09  0.34405677E-08   863.99999938   -23328.93910303
   13950   27.90000000 -0.29028693E-08  0.72252180E-09  0.34621311E-08   863.99999938   -23328.93910303
   13960   27.92000000 -0.29035924E-08  0.72758869E-09  0.34839485E-08   863.99999938   -23328.93910303
   13970   27.94000000 -0.29031612E-08  0.73506855E-09  0.35054445E-08   863.99999938   -23328.93910303
   13980   27.96000000 -0.29033785E-08  0.74026913E-09  0.35249612E-08   863.99999938   -23328.93910303
   13990   27.98000000 -0.29034506E-08  0.74805125E-09  0.35452174E-08   863.99999938   -23328.93910303
   14000   28.00000000 -0.29041014E-08  0.75242080E-09  0.35641835E-08   863.99999938   -23328.93910303
   14010   28.02000000 -0.29039192E-08  0.76086948E-09  0.35825268E-08   863.99999938   -23328.93910303
   14020   28.04000000 -0.29047971E-08  0.76480242E-09  0.35995814E-08   863.99999938   -23328.93910303
   14030   28.06000000 -0.29044285E-08  0.77159858E-09  0.36172047E-08   863.99999938   -23328.93910303
   14040   28.08000000 -0.29042600E-08  0.77571273E-09  0.36326174E-08   863.99999938   -23328.93910303
   14050   28.10000000 -0.29046065E-08  0.78118045E-09  0.36472448E-08   863.99999938   -23328.93910304
   14060   28.12000000 -0.29043322E-08  0.78401984E-09  0.36619314E-08   863.99999938   -23328.93910304
   14070   28.14000000 -0.29031508E-08  0.78819170E-09  0.36750478E-08   863.99999938   -23328.93910304
   14080   28.16000000 -0.29033790E-08  0.79042315E-09  0.36866370E-08   863.99999938   -23328.93910304
   14090   28.18000000 -0.29008478E-08  0.79238350E-09  0.36991931E-08   863.99999938   -23328.93910304
   14100   28.20000000 -0.29004434E-08  0.79343250E-09  0.37101557E-08   863.99999938   -23328.93910304
   14110   28.22000000 -0.28971814E-08  0.79373979E-09  0.37198896E-08   863.99999938   -23328.93910304
   14120   28.24000000 -0.28955535E-08  0.79382573E-09  0.37297741E-08   863.99999938   -23328.93910304
   14130   28.26000000 -0.28918224E-08  0.79220794E-09  0.37394156E-08   863.99999938   -23328.93910304
   14140   28.28000000 -0.28881765E-08  0.79070210E-09  0.37468805E-08   863.99999937   -23328.93910304
   14150   28.30000000 -0.28837335E-08  0.78863415E-09  0.37556127E-08   863.99999937   -23328.93910304
   14160   28.32000000 -0.28788260E-08  0.78491118E-09  0.37638527E-08   863.99999937   -23328.93910304
   14170   28.34000000 -0.28728637E-08  0.78132239E-09  0.37704323E-08   863.99999937   -23328.93910304
   14180   28.36000000 -0.28665860E-08  0.77702141E-09  0.37782308E-08   863.99999937   -23328.93910304
   14190   28.38000000 -0.28599265E-08  0.77221195E-09  0.37851180E-08   863.99999937   -23328.93910304
   14200   28.40000000 -0.28513176E-08  0.76614290E-09  0.37925548E-08   863.99999937   -23328.93910304
   14210   28.42000000 -0.28433297E-08  0.76080728E-09  0.37988938E-08   863.99999937   -23328.93910304
   14220   28.44000000 -0.28333900E-08  0.75400787E-09  0.38067052E-08   863.99999937   -23328.93910305
   14230   28.46000000 -0.28236109E-08  0.74764563E-09  0.38132224E-08   863.99999937   -23328.93910305
   14240   28.48000000 -0.28116276E-08  0.74054217E-09  0.38196819E-08   863.99999937   -23328.93910305
   14250   28.50000000 -0.28004942E-08  0.73380632E-09  0.38273864E-08   863.99999937   -23328.93910305
   14260   28.52000000 -0.27868128E-08  0.72645405E-09  0.38338847E-08   863.99999937   -23328.93910305
   14270   28.54000000 -0.27732614E-08  0.71899207E-09  0.38408920E-08   863.99999937   -23328.93910305
   14280   28.56000000 -0.27585447E-08  0.71250906E-09  0.38478760E-08   863.99999937   -23328.93910305
   14290   28.58000000 -0.27427194E-08  0.70476909E-09  0.38559131E-08   863.99999937   -23328.93910305
   14300   28.60000000 -0.27250740E-08  0.69773498E-09  0.38621076E-08   863.99999937   -23328.93910305
   14310   28.62000000 -0.27073833E-08  0.69104675E-09  0.38703916E-08   863.99999937   -23328.93910305
   14320   28.64000000 -0.26878582E-08  0.68429223E-09  0.38766755E-08   863.99999937   -23328.93910305
   14330   28.66000000 -0.26673079E-08  0.67824745E-09  0.38850714E-08   863.99999937   -23328.93910305
   14340   28.68000000 -0.26454372E-08  0.67100873E-09  0.38909505E-08   863.99999937   -23328.93910305
   14350   28.70000000 -0.26227658E-08  0.66647250E-09  0.38989760E-08   863.99999937   -23328.93910305
   14360   28.72000000 -0.25978281E-08  0.66064895E-09  0.39049015E-08   863.99999937   -23328.93910305
   14370   28.74000000 -0.25735885E-08  0.65595063E-09  0.39116619E-08   863.99999936   -23328.93910305
   14380   28.76000000 -0.25462217E-08  0.65156157E-09  0.39172189E-08   863.99999936   -23328.93910305
   14390   28.78000000 -0.25198143E-08  0.64844907E-09  0.39233142E-08   863.99999936   -23328.93910306
   14400   28.80000000 -0.24911080E-08  0.64406449E-09  0.39278354E-08   863.99999936   -23328.93910306
   14410   28.82000000 -0.24623603E-08  0.64167959E-09  0.39324290E-08   863.99999936   -23328.93910306
   14420   28.84000000 -0.24321949E-08  0.63950148E-09  0.39360571E-08   863.99999936   -23328.93910306
   14430   28.86000000 -0.24024699E-08  0.63765909E-09  0.39385975E-08   863.99999936   -23328.93910306
   14440   28.88000000 -0.23713181E-08  0.63574770E-09  0.39404208E-08   863.99999936   -23328.93910306
   14450   28.90000000 -0.23400275E-08  0.63571147E-09  0.39415326E-08   863.99999936   -23328.93910306
   14460   28.92000000 -0.23092533E-08  0.63560840E-09  0.39405987E-08   863.99999936   -23328.93910306
   14470   28.94000000 -0.22762329E-08  0.63490220E-09  0.39395281E-08   863.99999936   -23328.93910306
   14480   28.96000000 -0.22458681E-08  0.63586913E-09  0.39363332E-08   863.99999936   -23328.93910306
   14490   28.98000000 -0.22124957E-08  0.63668336E-09  0.39321964E-08   863.99999936   -23328.93910306
   14500   29.00000000 -0.21817755E-08  0.63782392E-09  0.39264799E-08   863.99999936   -23328.93910306
   14510   29.02000000 -0.21489787E-08  0.63873989E-09  0.39199689E-08   863.99999936   -23328.93910306
   14520   29.04000000 -0.21181368E-08  0.64170789E-09  0.39106235E-08   863.99999936   -23328.93910306
   14530   29.06000000 -0.20862657E-08  0.64256760E-09  0.39008931E-08   863.99999936   -23328.93910306
   14540   29.08000000 -0.20558720E-08  0.64600388E-09  0.38893465E-08   863.99999936   -23328.93910306
   14550   29.10000000 -0.20242399E-08  0.64839535E-09  0.38760560E-08   863.99999936   -23328.93910306
   14560   29.12000000 -0.19947257E-08  0.65126415E-09  0.38611835E-08   863.99999936   -23328.93910307
   14570   29.14000000 -0.19644320E-08  0.65484934E-09  0.38454149E-08   863.99999936   -23328.93910307
   14580   29.16000000 -0.19347819E-08  0.65794758E-09  0.38271465E-08   863.99999936   -23328.93910307
   14590   29.18000000 -0.19064682E-08  0.66198480E-09  0.38086369E-08   863.99999936   -23328.93910307
   14600   29.20000000 -0.18775289E-08  0.66561815E-09  0.37872003E-08   863.99999935   -23328.93910307
   14610   29.22000000 -0.18494235E-08  0.66983033E-09  0.37667358E-08   863.99999935   -23328.93910307
   14620   29.24000000 -0.18220454E-08  0.67312437E-09  0.37426109E-08   863.99999935   -23328.93910307
   14630   29.26000000 -0.17947738E-08  0.67784385E-09  0.37189517E-08   863.99999935   -23328.93910307
   14640   29.28000000 -0.17678253E-08  0.68094957E-09  0.36938084E-08   863.99999935   -23328.93910307
   14650   29.30000000 -0.17411127E-08  0.68549172E-09  0.36667901E-08   863.99999935   -23328.93910307
   14660   29.32000000 -0.17155618E-08  0.68844153E-09  0.36392885E-08   863.99999935   -23328.93910307
   14670   29.34000000 -0.16890063E-08  0.69231440E-09  0.36122145E-08   863.99999935   -23328.93910307
   14680   29.36000000 -0.16629427E-08  0.69513072E-09  0.35820987E-08   863.99999935   -23328.93910307
   14690   29.38000000 -0.16377854E-08  0.69839026E-09  0.35527123E-08   863.99999935   -23328.93910307
   14700   29.40000000 -0.16121886E-08  0.70062415E-09  0.35234848E-08   863.99999935   -23328.93910307
   14710   29.42000000 -0.15857637E-08  0.70371849E-09  0.34920667E-08   863.99999935   -23328.93910307
   14720   29.44000000 -0.15610960E-08  0.70520250E-09  0.34611626E-08   863.99999935   -23328.93910307
   14730   29.46000000 -0.15347957E-08  0.70782579E-09  0.34303575E-08   863.99999935   -23328.93910308
   14740   29.48000000 -0.15082452E-08  0.70904550E-09  0.33988825E-08   863.99999935   -23328.93910308
   14750   29.50000000 -0.14822093E-08  0.71121908E-09  0.33669280E-08   863.99999935   -23328.93910308
   14760   29.52000000 -0.14552276E-08  0.71243715E-09  0.33366394E-08   863.99999935   -23328.93910308
   14770   29.54000000 -0.14275970E-08  0.71367710E-09  0.33044371E-08   863.99999935   -23328.93910308
   14780   29.56000000 -0.14001458E-08  0.71514616E-09  0.32741588E-08   863.99999935   -23328.93910308
   14790   29.58000000 -0.13712758E-08  0.71636193E-09  0.32432827E-08   863.99999935   -23328.93910308
   14800   29.60000000 -0.13424689E-08  0.71704255E-09  0.32135980E-08   863.99999935   -23328.93910308
   14810   29.62000000 -0.13117999E-08  0.71876862E-09  0.31830201E-08   863.99999935   -23328.93910308
   14820   29.64000000 -0.12821212E-08  0.71938891E-09  0.31550642E-08   863.99999935   -23328.93910308
   14830   29.66000000 -0.12500584E-08  0.72104662E-09  0.31255870E-08   863.99999934   -23328.93910308
   14840   29.68000000 -0.12184207E-08  0.72176947E-09  0.30979947E-08   863.99999934   -23328.93910308
   14850   29.70000000 -0.11861804E-08  0.72488574E-09  0.30701683E-08   863.99999934   -23328.93910308
   14860   29.72000000 -0.11529163E-08  0.72460283E-09  0.30436846E-08   863.99999934   -23328.93910308
   14870   29.74000000 -0.11191534E-08  0.72885535E-09  0.30175007E-08   863.99999934   -23328.93910308
   14880   29.76000000 -0.10851601E-08  0.73003561E-09  0.29919393E-08   863.99999934   -23328.93910308
   14890   29.78000000 -0.10508140E-08  0.73446330E-09  0.29665707E-08   863.99999934   -23328.93910308
   14900   29.80000000 -0.10160040E-08  0.73631696E-09  0.29428056E-08   863.99999934   -23328.93910308
   14910   29.82000000 -0.98093071E-09  0.74220740E-09  0.29188843E-08   863.99999934   -23328.93910309
   14920   29.84000000 -0.94565316E-09  0.74584700E-09  0.28957317E-08   863.99999934   -23328.93910309
   14930   29.86000000 -0.91096522E-09  0.75164130E-09  0.28731103E-08   863.99999934   -23328.93910309
   14940   29.88000000 -0.87493300E-09  0.75765147E-09  0.28512872E-08   863.99999934   -23328.93910309
   14950   29.90000000 -0.84019466E-09  0.76440594E-09  0.28292704E-08   863.99999934   -23328.93910309
   14960   29.92000000 -0.80533543E-09  0.77215886E-09  0.28081319E-08   863.99999934   -23328.93910309
   14970   29.94000000 -0.76976894E-09  0.77969186E-09  0.27866340E-08   863.99999934   -23328.93910309
   14980   29.96000000 -0.73600010E-09  0.78977194E-09  0.27657121E-08   863.99999934   -23328.93910309
   14990   29.98000000 -0.70128977E-09  0.79792185E-09  0.27441948E-08   863.99999934   -23328.93910309
 projection: already converged, E_kin(new)-E_kin(old)=  0.000000000000000E+000
   15000   30.00000000 -0.66734887E-09  0.80886802E-09  0.27233302E-08   863.99999934   -23328.93910309
=== application breakdown [s] ===
total calculation time,7401.72949195
rt calculation                         min         max     average   std. dev.  difference    relative
rt initialization              0.50068E-04 0.49496E-03 0.17100E-03 0.54646E-04 0.44489E-03 0.98857E+01
reading lda data               0.74237E+01 0.74672E+01 0.74340E+01 0.29972E-02 0.43563E-01 0.10059E+01
reading rt data                0.20971E-02 0.35241E-02 0.25039E-02 0.12953E-03 0.14269E-02 0.16804E+01
prep. time prop.               0.84710E-03 0.61820E-02 0.10354E-02 0.24183E-03 0.53349E-02 0.72978E+01
rt iterations                  0.73930E+04 0.73930E+04 0.73930E+04 0.13851E-03 0.10049E-02 0.10000E+01
after writing rt data          0.19073E-05 0.97112E+00 0.11672E-03 0.10236E-01 0.97112E+00 0.50915E+06
in rt iterations                       min         max     average   std. dev.  difference    relative
Vbox                           0.12973E+01 0.15258E+01 0.14100E+01 0.34769E-01 0.22850E+00 0.11761E+01
time propagation               0.56246E+04 0.58232E+04 0.57536E+04 0.32957E+02 0.19854E+03 0.10353E+01
calculating rho                0.11908E+03 0.31752E+03 0.18885E+03 0.32920E+02 0.19844E+03 0.26665E+01
Hartree routine                0.37462E+02 0.48582E+02 0.42673E+02 0.17154E+01 0.11120E+02 0.12968E+01
Exc_Cor routine                0.68822E+01 0.10695E+02 0.86287E+01 0.55540E+00 0.38127E+01 0.15540E+01
calculating curr               0.11461E+04 0.11462E+04 0.11462E+04 0.16052E-01 0.90275E-01 0.10001E+01
calc. projection               0.16354E+02 0.16679E+02 0.16587E+02 0.36325E-01 0.32415E+00 0.10198E+01
writing energies               0.15005E+01 0.20547E+01 0.15966E+01 0.95906E-01 0.55426E+00 0.13694E+01
calc_eigen_energy              0.21046E+03 0.21129E+03 0.21069E+03 0.11681E+00 0.82458E+00 0.10039E+01
calc_total_energy_periodic     0.18368E+02 0.23267E+02 0.20426E+02 0.88990E+00 0.48995E+01 0.12667E+01
writing info etc.              0.95890E-02 0.43152E+00 0.12248E-01 0.45473E-02 0.42193E+00 0.45001E+02
total_energy module                    min         max     average   std. dev.  difference    relative
periodic calc.                 0.28919E+01 0.10401E+02 0.47801E+01 0.15098E+01 0.75094E+01 0.35967E+01
periodic comm. coll.           0.93956E+01 0.20161E+02 0.15630E+02 0.17808E+01 0.10765E+02 0.21457E+01
eigen_energy calc.             0.35863E+02 0.39190E+02 0.37988E+02 0.36964E+00 0.33272E+01 0.10928E+01
eigen_energy comm. coll.       0.38945E+01 0.10699E+02 0.72289E+01 0.82130E+00 0.68046E+01 0.27472E+01
eigen_energy hpsi              0.14818E+03 0.15366E+03 0.15025E+03 0.71804E+00 0.54841E+01 0.10370E+01
density_matrix module                  min         max     average   std. dev.  difference    relative
density calc.                  0.79245E+02 0.14369E+03 0.10811E+03 0.11507E+02 0.64450E+02 0.18133E+01
density comm. coll.            0.18159E+02 0.17798E+03 0.80493E+02 0.24414E+02 0.15983E+03 0.98013E+01
current calc.                  0.25142E+03 0.27710E+03 0.26082E+03 0.35098E+01 0.25680E+02 0.11021E+01
current rDivided uVpsi calc.   0.11431E+03 0.11710E+03 0.11549E+03 0.44569E+00 0.27882E+01 0.10244E+01
current comm. coll.            0.73430E+02 0.11508E+03 0.98209E+02 0.52453E+01 0.41651E+02 0.15672E+01
current comm. halo.            0.64250E+03 0.70065E+03 0.67149E+03 0.80081E+01 0.58156E+02 0.10905E+01
conjugate_gradient module              min         max     average   std. dev.  difference    relative
subspace_diag module                   min         max     average   std. dev.  difference    relative
subspace_diag so module                min         max     average   std. dev.  difference    relative
force module                           min         max     average   std. dev.  difference    relative
init_ps                                min         max     average   std. dev.  difference    relative
hamiltonian module                     min         max     average   std. dev.  difference    relative
total                          0.49504E+04 0.51467E+04 0.50308E+04 0.31464E+02 0.19635E+03 0.10397E+01
update overlap (comm.)         0.26386E+04 0.30235E+04 0.27812E+04 0.53508E+02 0.38491E+03 0.11459E+01
stencil                        0.10751E+04 0.13354E+04 0.11828E+04 0.24500E+02 0.26031E+03 0.12421E+01
subtraction                    0.25807E+02 0.30355E+02 0.28628E+02 0.43395E+00 0.45487E+01 0.11763E+01
pseudo-pt                      0.93659E+03 0.11122E+04 0.10192E+04 0.24095E+02 0.17558E+03 0.11875E+01
pseudo-pt (comm.)              0.35136E+02 0.26409E+03 0.13405E+03 0.31075E+02 0.22896E+03 0.75162E+01
hpsi-overlapped                        min         max     average   std. dev.  difference    relative
checkpoint/restart                     min         max     average   std. dev.  difference    relative
restart self                   0.28938E+01 0.39464E+01 0.29120E+01 0.10418E+00 0.10526E+01 0.13638E+01
restart sync                   0.39428E+01 0.39508E+01 0.39460E+01 0.10747E-02 0.79591E-02 0.10020E+01
=== performance [GFLOPS] ===
end SALMON
