# Units: Time [fs], Current Jm [1/fs*Angstrom^2]
time,delta_Jm_x,delta_Jm_x_drude_fit
0.002,0.0,
0.004,0.0,
0.006,0.0,
0.008,0.0,
0.01,0.0,
0.012,0.0,
0.014,0.0,
0.016,0.0,
0.018,0.0,
0.02,0.0,
0.022,0.0,
0.024,0.0,
0.026,0.0,
0.028,0.0,
0.03,0.0,
0.032,0.0,
0.034,0.0,
0.036,0.0,
0.038,0.0,
0.04,0.0,
0.042,0.0,
0.044,0.0,
0.046,0.0,
0.048,0.0,
0.05,0.0,
0.052,0.0,
0.054,0.0,
0.056,0.0,
0.058,0.0,
0.06,0.0,
0.062,0.0,
0.064,0.0,
0.066,0.0,
0.068,0.0,
0.07,0.0,
0.072,0.0,
0.074,0.0,
0.076,0.0,
0.078,0.0,
0.08,0.0,
0.082,0.0,
0.084,0.0,
0.086,0.0,
0.088,0.0,
0.09,0.0,
0.092,0.0,
0.094,0.0,
0.096,0.0,
0.098,0.0,
0.1,0.0,
0.102,0.0,
0.104,0.0,
0.106,0.0,
0.108,0.0,
0.11,0.0,
0.112,0.0,
0.114,0.0,
0.116,0.0,
0.118,0.0,
0.12,0.0,
0.122,0.0,
0.124,0.0,
0.126,0.0,
0.128,0.0,
0.13,0.0,
0.132,0.0,
0.134,0.0,
0.136,0.0,
0.138,0.0,
0.14,0.0,
0.142,0.0,
0.144,0.0,
0.146,0.0,
0.148,0.0,
0.15,0.0,
0.152,0.0,
0.154,0.0,
0.156,0.0,
0.158,0.0,
0.16,0.0,
0.162,0.0,
0.164,0.0,
0.166,0.0,
0.168,0.0,
0.17,0.0,
0.172,0.0,
0.174,0.0,
0.176,0.0,
0.178,0.0,
0.18,0.0,
0.182,0.0,
0.184,0.0,
0.186,0.0,
0.188,0.0,
0.19,0.0,
0.192,0.0,
0.194,0.0,
0.196,0.0,
0.198,0.0,
0.2,0.0,
0.202,0.0,
0.204,0.0,
0.206,0.0,
0.208,0.0,
0.21,0.0,
0.212,0.0,
0.214,0.0,
0.216,0.0,
0.218,0.0,
0.22,0.0,
0.222,0.0,
0.224,0.0,
0.226,0.0,
0.228,0.0,
0.23,0.0,
0.232,0.0,
0.234,0.0,
0.236,0.0,
0.238,0.0,
0.24,0.0,
0.242,0.0,
0.244,0.0,
0.246,0.0,
0.248,0.0,
0.25,0.0,
0.252,0.0,
0.254,0.0,
0.256,0.0,
0.258,0.0,
0.26,0.0,
0.262,0.0,
0.264,0.0,
0.266,0.0,
0.268,0.0,
0.27,0.0,
0.272,0.0,
0.274,0.0,
0.276,0.0,
0.278,0.0,
0.28,0.0,
0.282,0.0,
0.284,0.0,
0.286,0.0,
0.288,0.0,
0.29,0.0,
0.292,0.0,
0.294,0.0,
0.296,0.0,
0.298,0.0,
0.3,0.0,
0.302,0.0,
0.304,0.0,
0.306,0.0,
0.308,0.0,
0.31,0.0,
0.312,0.0,
0.314,0.0,
0.316,0.0,
0.318,0.0,
0.32,0.0,
0.322,0.0,
0.324,0.0,
0.326,0.0,
0.328,0.0,
0.33,0.0,
0.332,0.0,
0.334,0.0,
0.336,0.0,
0.338,0.0,
0.34,0.0,
0.342,0.0,
0.344,0.0,
0.346,0.0,
0.348,0.0,
0.35,0.0,
0.352,0.0,
0.354,0.0,
0.356,0.0,
0.358,0.0,
0.36,0.0,
0.362,0.0,
0.364,0.0,
0.366,0.0,
0.368,0.0,
0.37,0.0,
0.372,0.0,
0.374,0.0,
0.376,0.0,
0.378,0.0,
0.38,0.0,
0.382,0.0,
0.384,0.0,
0.386,0.0,
0.388,0.0,
0.39,0.0,
0.392,0.0,
0.394,0.0,
0.396,0.0,
0.398,0.0,
0.4,0.0,
0.402,0.0,
0.404,0.0,
0.406,0.0,
0.408,0.0,
0.41,0.0,
0.412,0.0,
0.414,0.0,
0.416,0.0,
0.418,0.0,
0.42,0.0,
0.422,0.0,
0.424,0.0,
0.426,0.0,
0.428,0.0,
0.43,0.0,
0.432,0.0,
0.434,0.0,
0.436,0.0,
0.438,0.0,
0.44,0.0,
0.442,0.0,
0.444,0.0,
0.446,0.0,
0.448,0.0,
0.45,0.0,
0.452,0.0,
0.454,0.0,
0.456,0.0,
0.458,0.0,
0.46,0.0,
0.462,0.0,
0.464,0.0,
0.466,0.0,
0.468,0.0,
0.47,0.0,
0.472,0.0,
0.474,0.0,
0.476,0.0,
0.478,0.0,
0.48,0.0,
0.482,0.0,
0.484,0.0,
0.486,0.0,
0.488,0.0,
0.49,0.0,
0.492,0.0,
0.494,0.0,
0.496,0.0,
0.498,0.0,
0.5,0.0,
0.502,0.0,
0.504,0.0,
0.506,0.0,
0.508,0.0,
0.51,0.0,
0.512,0.0,
0.514,0.0,
0.516,0.0,
0.518,0.0,
0.52,0.0,
0.522,0.0,
0.524,0.0,
0.526,0.0,
0.528,0.0,
0.53,0.0,
0.532,0.0,
0.534,0.0,
0.536,0.0,
0.538,0.0,
0.54,0.0,
0.542,0.0,
0.544,0.0,
0.546,0.0,
0.548,0.0,
0.55,0.0,
0.552,0.0,
0.554,0.0,
0.556,0.0,
0.558,0.0,
0.56,0.0,
0.562,0.0,
0.564,0.0,
0.566,0.0,
0.568,0.0,
0.57,0.0,
0.572,0.0,
0.574,0.0,
0.576,0.0,
0.578,0.0,
0.58,0.0,
0.582,0.0,
0.584,0.0,
0.586,0.0,
0.588,0.0,
0.59,0.0,
0.592,0.0,
0.594,0.0,
0.596,0.0,
0.598,0.0,
0.6,0.0,
0.602,0.0,
0.604,0.0,
0.606,0.0,
0.608,0.0,
0.61,0.0,
0.612,0.0,
0.614,0.0,
0.616,0.0,
0.618,0.0,
0.62,0.0,
0.622,0.0,
0.624,0.0,
0.626,0.0,
0.628,0.0,
0.63,0.0,
0.632,0.0,
0.634,0.0,
0.636,0.0,
0.638,0.0,
0.64,0.0,
0.642,0.0,
0.644,0.0,
0.646,0.0,
0.648,0.0,
0.65,0.0,
0.652,0.0,
0.654,0.0,
0.656,0.0,
0.658,0.0,
0.66,0.0,
0.662,0.0,
0.664,0.0,
0.666,0.0,
0.668,0.0,
0.67,0.0,
0.672,0.0,
0.674,0.0,
0.676,0.0,
0.678,0.0,
0.68,0.0,
0.682,0.0,
0.684,0.0,
0.686,0.0,
0.688,0.0,
0.69,0.0,
0.692,0.0,
0.694,0.0,
0.696,0.0,
0.698,0.0,
0.7,0.0,
0.702,0.0,
0.704,0.0,
0.706,0.0,
0.708,0.0,
0.71,0.0,
0.712,0.0,
0.714,0.0,
0.716,0.0,
0.718,0.0,
0.72,0.0,
0.722,0.0,
0.724,0.0,
0.726,0.0,
0.728,0.0,
0.73,0.0,
0.732,0.0,
0.734,0.0,
0.736,0.0,
0.738,0.0,
0.74,0.0,
0.742,0.0,
0.744,0.0,
0.746,0.0,
0.748,0.0,
0.75,0.0,
0.752,0.0,
0.754,0.0,
0.756,0.0,
0.758,0.0,
0.76,0.0,
0.762,0.0,
0.764,0.0,
0.766,0.0,
0.768,0.0,
0.77,0.0,
0.772,0.0,
0.774,0.0,
0.776,0.0,
0.778,0.0,
0.78,0.0,
0.782,0.0,
0.784,0.0,
0.786,0.0,
0.788,0.0,
0.79,0.0,
0.792,0.0,
0.794,0.0,
0.796,0.0,
0.798,0.0,
0.8,0.0,
0.802,0.0,
0.804,0.0,
0.806,0.0,
0.808,0.0,
0.81,0.0,
0.812,0.0,
0.814,0.0,
0.816,0.0,
0.818,0.0,
0.82,0.0,
0.822,0.0,
0.824,0.0,
0.826,0.0,
0.828,0.0,
0.83,0.0,
0.832,0.0,
0.834,0.0,
0.836,0.0,
0.838,0.0,
0.84,0.0,
0.842,0.0,
0.844,0.0,
0.846,0.0,
0.848,0.0,
0.85,0.0,
0.852,0.0,
0.854,0.0,
0.856,0.0,
0.858,0.0,
0.86,0.0,
0.862,0.0,
0.864,0.0,
0.866,0.0,
0.868,0.0,
0.87,0.0,
0.872,0.0,
0.874,0.0,
0.876,0.0,
0.878,0.0,
0.88,0.0,
0.882,0.0,
0.884,0.0,
0.886,0.0,
0.888,0.0,
0.89,0.0,
0.892,0.0,
0.894,0.0,
0.896,0.0,
0.898,0.0,
0.9,0.0,
0.902,0.0,
0.904,0.0,
0.906,0.0,
0.908,0.0,
0.91,0.0,
0.912,0.0,
0.914,0.0,
0.916,0.0,
0.918,0.0,
0.92,0.0,
0.922,0.0,
0.924,0.0,
0.926,0.0,
0.928,0.0,
0.93,0.0,
0.932,0.0,
0.934,0.0,
0.936,0.0,
0.938,0.0,
0.94,0.0,
0.942,0.0,
0.944,0.0,
0.946,0.0,
0.948,0.0,
0.95,0.0,
0.952,0.0,
0.954,0.0,
0.956,0.0,
0.958,0.0,
0.96,0.0,
0.962,0.0,
0.964,0.0,
0.966,0.0,
0.968,0.0,
0.97,0.0,
0.972,0.0,
0.974,0.0,
0.976,0.0,
0.978,0.0,
0.98,0.0,
0.982,0.0,
0.984,0.0,
0.986,0.0,
0.988,0.0,
0.99,0.0,
0.992,0.0,
0.994,0.0,
0.996,0.0,
0.998,0.0,
1.0,0.0,
1.002,0.0,
1.004,0.0,
1.006,0.0,
1.008,0.0,
1.01,0.0,
1.012,0.0,
1.014,0.0,
1.016,0.0,
1.018,0.0,
1.02,0.0,
1.022,0.0,
1.024,0.0,
1.026,0.0,
1.028,0.0,
1.03,0.0,
1.032,0.0,
1.034,0.0,
1.036,0.0,
1.038,0.0,
1.04,0.0,
1.042,0.0,
1.044,0.0,
1.046,0.0,
1.048,0.0,
1.05,0.0,
1.052,0.0,
1.054,0.0,
1.056,0.0,
1.058,0.0,
1.06,0.0,
1.062,0.0,
1.064,0.0,
1.066,0.0,
1.068,0.0,
1.07,0.0,
1.072,0.0,
1.074,0.0,
1.076,0.0,
1.078,0.0,
1.08,0.0,
1.082,0.0,
1.084,0.0,
1.086,0.0,
1.088,0.0,
1.09,0.0,
1.092,0.0,
1.094,0.0,
1.096,0.0,
1.098,0.0,
1.1,0.0,
1.102,0.0,
1.104,0.0,
1.106,0.0,
1.108,0.0,
1.11,0.0,
1.112,0.0,
1.114,0.0,
1.116,0.0,
1.118,0.0,
1.12,0.0,
1.122,0.0,
1.124,0.0,
1.126,0.0,
1.128,0.0,
1.13,0.0,
1.132,0.0,
1.134,0.0,
1.136,0.0,
1.138,0.0,
1.14,0.0,
1.142,0.0,
1.144,0.0,
1.146,0.0,
1.148,0.0,
1.15,0.0,
1.152,0.0,
1.154,0.0,
1.156,0.0,
1.158,0.0,
1.16,0.0,
1.162,0.0,
1.164,0.0,
1.166,0.0,
1.168,0.0,
1.17,0.0,
1.172,0.0,
1.174,0.0,
1.176,0.0,
1.178,0.0,
1.18,0.0,
1.182,0.0,
1.184,0.0,
1.186,0.0,
1.188,0.0,
1.19,0.0,
1.192,0.0,
1.194,0.0,
1.196,0.0,
1.198,0.0,
1.2,0.0,
1.202,0.0,
1.204,0.0,
1.206,0.0,
1.208,0.0,
1.21,0.0,
1.212,0.0,
1.214,0.0,
1.216,0.0,
1.218,0.0,
1.22,0.0,
1.222,0.0,
1.224,0.0,
1.226,0.0,
1.228,0.0,
1.23,0.0,
1.232,0.0,
1.234,0.0,
1.236,0.0,
1.238,0.0,
1.24,0.0,
1.242,0.0,
1.244,0.0,
1.246,0.0,
1.248,0.0,
1.25,0.0,
1.252,0.0,
1.254,0.0,
1.256,0.0,
1.258,0.0,
1.26,0.0,
1.262,0.0,
1.264,0.0,
1.266,0.0,
1.268,0.0,
1.27,0.0,
1.272,0.0,
1.274,0.0,
1.276,0.0,
1.278,0.0,
1.28,0.0,
1.282,0.0,
1.284,0.0,
1.286,0.0,
1.288,0.0,
1.29,0.0,
1.292,0.0,
1.294,0.0,
1.296,0.0,
1.298,0.0,
1.3,0.0,
1.302,0.0,
1.304,0.0,
1.306,0.0,
1.308,0.0,
1.31,0.0,
1.312,0.0,
1.314,0.0,
1.316,0.0,
1.318,0.0,
1.32,0.0,
1.322,0.0,
1.324,0.0,
1.326,0.0,
1.328,0.0,
1.33,0.0,
1.332,0.0,
1.334,0.0,
1.336,0.0,
1.338,0.0,
1.34,0.0,
1.342,0.0,
1.344,0.0,
1.346,0.0,
1.348,0.0,
1.35,0.0,
1.352,0.0,
1.354,0.0,
1.356,0.0,
1.358,0.0,
1.36,0.0,
1.362,0.0,
1.364,0.0,
1.366,0.0,
1.368,0.0,
1.37,0.0,
1.372,0.0,
1.374,0.0,
1.376,0.0,
1.378,0.0,
1.38,0.0,
1.382,0.0,
1.384,0.0,
1.386,0.0,
1.388,0.0,
1.39,0.0,
1.392,0.0,
1.394,0.0,
1.396,0.0,
1.398,0.0,
1.4,0.0,
1.402,0.0,
1.404,0.0,
1.406,0.0,
1.408,0.0,
1.41,0.0,
1.412,0.0,
1.414,0.0,
1.416,0.0,
1.418,0.0,
1.42,0.0,
1.422,0.0,
1.424,0.0,
1.426,0.0,
1.428,0.0,
1.43,0.0,
1.432,0.0,
1.434,0.0,
1.436,0.0,
1.438,0.0,
1.44,0.0,
1.442,0.0,
1.444,0.0,
1.446,0.0,
1.448,0.0,
1.45,0.0,
1.452,0.0,
1.454,0.0,
1.456,0.0,
1.458,0.0,
1.46,0.0,
1.462,0.0,
1.464,0.0,
1.466,0.0,
1.468,0.0,
1.47,0.0,
1.472,0.0,
1.474,0.0,
1.476,0.0,
1.478,0.0,
1.48,0.0,
1.482,0.0,
1.484,0.0,
1.486,0.0,
1.488,0.0,
1.49,0.0,
1.492,0.0,
1.494,0.0,
1.496,0.0,
1.498,0.0,
1.5,0.0,
1.502,0.0,
1.504,0.0,
1.506,0.0,
1.508,0.0,
1.51,0.0,
1.512,0.0,
1.514,0.0,
1.516,0.0,
1.518,0.0,
1.52,0.0,
1.522,0.0,
1.524,0.0,
1.526,0.0,
1.528,0.0,
1.53,0.0,
1.532,0.0,
1.534,0.0,
1.536,0.0,
1.538,0.0,
1.54,0.0,
1.542,0.0,
1.544,0.0,
1.546,0.0,
1.548,0.0,
1.55,0.0,
1.552,0.0,
1.554,0.0,
1.556,0.0,
1.558,0.0,
1.56,0.0,
1.562,0.0,
1.564,0.0,
1.566,0.0,
1.568,0.0,
1.57,0.0,
1.572,0.0,
1.574,0.0,
1.576,0.0,
1.578,0.0,
1.58,0.0,
1.582,0.0,
1.584,0.0,
1.586,0.0,
1.588,0.0,
1.59,0.0,
1.592,0.0,
1.594,0.0,
1.596,0.0,
1.598,0.0,
1.6,0.0,
1.602,0.0,
1.604,0.0,
1.606,0.0,
1.608,0.0,
1.61,0.0,
1.612,0.0,
1.614,0.0,
1.616,0.0,
1.618,0.0,
1.62,0.0,
1.622,0.0,
1.624,0.0,
1.626,0.0,
1.628,0.0,
1.63,0.0,
1.632,0.0,
1.634,0.0,
1.636,0.0,
1.638,0.0,
1.64,0.0,
1.642,0.0,
1.644,0.0,
1.646,0.0,
1.648,0.0,
1.65,0.0,
1.652,0.0,
1.654,0.0,
1.656,0.0,
1.658,0.0,
1.66,0.0,
1.662,0.0,
1.664,0.0,
1.666,0.0,
1.668,0.0,
1.67,0.0,
1.672,0.0,
1.674,0.0,
1.676,0.0,
1.678,0.0,
1.68,0.0,
1.682,0.0,
1.684,0.0,
1.686,0.0,
1.688,0.0,
1.69,0.0,
1.692,0.0,
1.694,0.0,
1.696,0.0,
1.698,0.0,
1.7,0.0,
1.702,0.0,
1.704,0.0,
1.706,0.0,
1.708,0.0,
1.71,0.0,
1.712,0.0,
1.714,0.0,
1.716,0.0,
1.718,0.0,
1.72,0.0,
1.722,0.0,
1.724,0.0,
1.726,0.0,
1.728,0.0,
1.73,0.0,
1.732,0.0,
1.734,0.0,
1.736,0.0,
1.738,0.0,
1.74,0.0,
1.742,0.0,
1.744,0.0,
1.746,0.0,
1.748,0.0,
1.75,0.0,
1.752,0.0,
1.754,0.0,
1.756,0.0,
1.758,0.0,
1.76,0.0,
1.762,0.0,
1.764,0.0,
1.766,0.0,
1.768,0.0,
1.77,0.0,
1.772,0.0,
1.774,0.0,
1.776,0.0,
1.778,0.0,
1.78,0.0,
1.782,0.0,
1.784,0.0,
1.786,0.0,
1.788,0.0,
1.79,0.0,
1.792,0.0,
1.794,0.0,
1.796,0.0,
1.798,0.0,
1.8,0.0,
1.802,0.0,
1.804,0.0,
1.806,0.0,
1.808,0.0,
1.81,0.0,
1.812,0.0,
1.814,0.0,
1.816,0.0,
1.818,0.0,
1.82,0.0,
1.822,0.0,
1.824,0.0,
1.826,0.0,
1.828,0.0,
1.83,0.0,
1.832,0.0,
1.834,0.0,
1.836,0.0,
1.838,0.0,
1.84,0.0,
1.842,0.0,
1.844,0.0,
1.846,0.0,
1.848,0.0,
1.85,0.0,
1.852,0.0,
1.854,0.0,
1.856,0.0,
1.858,0.0,
1.86,0.0,
1.862,0.0,
1.864,0.0,
1.866,0.0,
1.868,0.0,
1.87,0.0,
1.872,0.0,
1.874,0.0,
1.876,0.0,
1.878,0.0,
1.88,0.0,
1.882,0.0,
1.884,0.0,
1.886,0.0,
1.888,0.0,
1.89,0.0,
1.892,0.0,
1.894,0.0,
1.896,0.0,
1.898,0.0,
1.9,0.0,
1.902,0.0,
1.904,0.0,
1.906,0.0,
1.908,0.0,
1.91,0.0,
1.912,0.0,
1.914,0.0,
1.916,0.0,
1.918,0.0,
1.92,0.0,
1.922,0.0,
1.924,0.0,
1.926,0.0,
1.928,0.0,
1.93,0.0,
1.932,0.0,
1.934,0.0,
1.936,0.0,
1.938,0.0,
1.94,0.0,
1.942,0.0,
1.944,0.0,
1.946,0.0,
1.948,0.0,
1.95,0.0,
1.952,0.0,
1.954,0.0,
1.956,0.0,
1.958,0.0,
1.96,0.0,
1.962,0.0,
1.964,0.0,
1.966,0.0,
1.968,0.0,
1.97,0.0,
1.972,0.0,
1.974,0.0,
1.976,0.0,
1.978,0.0,
1.98,0.0,
1.982,0.0,
1.984,0.0,
1.986,0.0,
1.988,0.0,
1.99,0.0,
1.992,0.0,
1.994,0.0,
1.996,0.0,
1.998,0.0,
2.0,0.0,
2.002,0.0,
2.004,0.0,
2.006,0.0,
2.008,0.0,
2.01,0.0,
2.012,0.0,
2.014,0.0,
2.016,0.0,
2.018,0.0,
2.02,0.0,
2.022,0.0,
2.024,0.0,
2.026,0.0,
2.028,0.0,
2.03,0.0,
2.032,0.0,
2.034,0.0,
2.036,0.0,
2.038,0.0,
2.04,0.0,
2.042,0.0,
2.044,0.0,
2.046,0.0,
2.048,0.0,
2.05,0.0,
2.052,0.0,
2.054,0.0,
2.056,0.0,
2.058,0.0,
2.06,0.0,
2.062,0.0,
2.064,0.0,
2.066,0.0,
2.068,0.0,
2.07,0.0,
2.072,0.0,
2.074,0.0,
2.076,0.0,
2.078,0.0,
2.08,0.0,
2.082,0.0,
2.084,0.0,
2.086,0.0,
2.088,0.0,
2.09,0.0,
2.092,0.0,
2.094,0.0,
2.096,0.0,
2.098,0.0,
2.1,0.0,
2.102,0.0,
2.104,0.0,
2.106,0.0,
2.108,0.0,
2.11,0.0,
2.112,0.0,
2.114,0.0,
2.116,0.0,
2.118,0.0,
2.12,0.0,
2.122,0.0,
2.124,0.0,
2.126,0.0,
2.128,0.0,
2.13,0.0,
2.132,0.0,
2.134,0.0,
2.136,0.0,
2.138,0.0,
2.14,0.0,
2.142,0.0,
2.144,0.0,
2.146,0.0,
2.148,0.0,
2.15,0.0,
2.152,0.0,
2.154,0.0,
2.156,0.0,
2.158,0.0,
2.16,0.0,
2.162,0.0,
2.164,0.0,
2.166,0.0,
2.168,0.0,
2.17,0.0,
2.172,0.0,
2.174,0.0,
2.176,0.0,
2.178,0.0,
2.18,0.0,
2.182,0.0,
2.184,0.0,
2.186,0.0,
2.188,0.0,
2.19,0.0,
2.192,0.0,
2.194,0.0,
2.196,0.0,
2.198,0.0,
2.2,0.0,
2.202,0.0,
2.204,0.0,
2.206,0.0,
2.208,0.0,
2.21,0.0,
2.212,0.0,
2.214,0.0,
2.216,0.0,
2.218,0.0,
2.22,0.0,
2.222,0.0,
2.224,0.0,
2.226,0.0,
2.228,0.0,
2.23,0.0,
2.232,0.0,
2.234,0.0,
2.236,0.0,
2.238,0.0,
2.24,0.0,
2.242,0.0,
2.244,0.0,
2.246,0.0,
2.248,0.0,
2.25,0.0,
2.252,0.0,
2.254,0.0,
2.256,0.0,
2.258,0.0,
2.26,0.0,
2.262,0.0,
2.264,0.0,
2.266,0.0,
2.268,0.0,
2.27,0.0,
2.272,0.0,
2.274,0.0,
2.276,0.0,
2.278,0.0,
2.28,0.0,
2.282,0.0,
2.284,0.0,
2.286,0.0,
2.288,0.0,
2.29,0.0,
2.292,0.0,
2.294,0.0,
2.296,0.0,
2.298,0.0,
2.3,0.0,
2.302,0.0,
2.304,0.0,
2.306,0.0,
2.308,0.0,
2.31,0.0,
2.312,0.0,
2.314,0.0,
2.316,0.0,
2.318,0.0,
2.32,0.0,
2.322,0.0,
2.324,0.0,
2.326,0.0,
2.328,0.0,
2.33,0.0,
2.332,0.0,
2.334,0.0,
2.336,0.0,
2.338,0.0,
2.34,0.0,
2.342,0.0,
2.344,0.0,
2.346,0.0,
2.348,0.0,
2.35,0.0,
2.352,0.0,
2.354,0.0,
2.356,0.0,
2.358,0.0,
2.36,0.0,
2.362,0.0,
2.364,0.0,
2.366,0.0,
2.368,0.0,
2.37,0.0,
2.372,0.0,
2.374,0.0,
2.376,0.0,
2.378,0.0,
2.38,0.0,
2.382,0.0,
2.384,0.0,
2.386,0.0,
2.388,0.0,
2.39,0.0,
2.392,0.0,
2.394,0.0,
2.396,0.0,
2.398,0.0,
2.4,0.0,
2.402,0.0,
2.404,0.0,
2.406,0.0,
2.408,0.0,
2.41,0.0,
2.412,0.0,
2.414,0.0,
2.416,0.0,
2.418,0.0,
2.42,0.0,
2.422,0.0,
2.424,0.0,
2.426,0.0,
2.428,0.0,
2.43,0.0,
2.432,0.0,
2.434,0.0,
2.436,0.0,
2.438,0.0,
2.44,0.0,
2.442,0.0,
2.444,0.0,
2.446,0.0,
2.448,0.0,
2.45,0.0,
2.452,0.0,
2.454,0.0,
2.456,0.0,
2.458,0.0,
2.46,0.0,
2.462,0.0,
2.464,0.0,
2.466,0.0,
2.468,0.0,
2.47,0.0,
2.472,0.0,
2.474,0.0,
2.476,0.0,
2.478,0.0,
2.48,0.0,
2.482,0.0,
2.484,0.0,
2.486,0.0,
2.488,0.0,
2.49,0.0,
2.492,0.0,
2.494,0.0,
2.496,0.0,
2.498,0.0,
2.5,0.0,
2.502,0.0,
2.504,0.0,
2.506,0.0,
2.508,0.0,
2.51,0.0,
2.512,0.0,
2.514,0.0,
2.516,0.0,
2.518,0.0,
2.52,0.0,
2.522,0.0,
2.524,0.0,
2.526,0.0,
2.528,0.0,
2.53,0.0,
2.532,0.0,
2.534,0.0,
2.536,0.0,
2.538,0.0,
2.54,0.0,
2.542,0.0,
2.544,0.0,
2.546,0.0,
2.548,0.0,
2.55,0.0,
2.552,0.0,
2.554,0.0,
2.556,0.0,
2.558,0.0,
2.56,0.0,
2.562,0.0,
2.564,0.0,
2.566,0.0,
2.568,0.0,
2.57,0.0,
2.572,0.0,
2.574,0.0,
2.576,0.0,
2.578,0.0,
2.58,0.0,
2.582,0.0,
2.584,0.0,
2.586,0.0,
2.588,0.0,
2.59,0.0,
2.592,0.0,
2.594,0.0,
2.596,0.0,
2.598,0.0,
2.6,0.0,
2.602,0.0,
2.604,0.0,
2.606,0.0,
2.608,0.0,
2.61,0.0,
2.612,0.0,
2.614,0.0,
2.616,0.0,
2.618,0.0,
2.62,0.0,
2.622,0.0,
2.624,0.0,
2.626,0.0,
2.628,0.0,
2.63,0.0,
2.632,0.0,
2.634,0.0,
2.636,0.0,
2.638,0.0,
2.64,0.0,
2.642,0.0,
2.644,0.0,
2.646,0.0,
2.648,0.0,
2.65,0.0,
2.652,0.0,
2.654,0.0,
2.656,0.0,
2.658,0.0,
2.66,0.0,
2.662,0.0,
2.664,0.0,
2.666,0.0,
2.668,0.0,
2.67,0.0,
2.672,0.0,
2.674,0.0,
2.676,0.0,
2.678,0.0,
2.68,0.0,
2.682,0.0,
2.684,0.0,
2.686,0.0,
2.688,0.0,
2.69,0.0,
2.692,0.0,
2.694,0.0,
2.696,0.0,
2.698,0.0,
2.7,0.0,
2.702,0.0,
2.704,0.0,
2.706,0.0,
2.708,0.0,
2.71,0.0,
2.712,0.0,
2.714,0.0,
2.716,0.0,
2.718,0.0,
2.72,0.0,
2.722,0.0,
2.724,0.0,
2.726,0.0,
2.728,0.0,
2.73,0.0,
2.732,0.0,
2.734,0.0,
2.736,0.0,
2.738,0.0,
2.74,0.0,
2.742,0.0,
2.744,0.0,
2.746,0.0,
2.748,0.0,
2.75,0.0,
2.752,0.0,
2.754,0.0,
2.756,0.0,
2.758,0.0,
2.76,0.0,
2.762,0.0,
2.764,0.0,
2.766,0.0,
2.768,0.0,
2.77,0.0,
2.772,0.0,
2.774,0.0,
2.776,0.0,
2.778,0.0,
2.78,0.0,
2.782,0.0,
2.784,0.0,
2.786,0.0,
2.788,0.0,
2.79,0.0,
2.792,0.0,
2.794,0.0,
2.796,0.0,
2.798,0.0,
2.8,0.0,
2.802,0.0,
2.804,0.0,
2.806,0.0,
2.808,0.0,
2.81,0.0,
2.812,0.0,
2.814,0.0,
2.816,0.0,
2.818,0.0,
2.82,0.0,
2.822,0.0,
2.824,0.0,
2.826,0.0,
2.828,0.0,
2.83,0.0,
2.832,0.0,
2.834,0.0,
2.836,0.0,
2.838,0.0,
2.84,0.0,
2.842,0.0,
2.844,0.0,
2.846,0.0,
2.848,0.0,
2.85,0.0,
2.852,0.0,
2.854,0.0,
2.856,0.0,
2.858,0.0,
2.86,0.0,
2.862,0.0,
2.864,0.0,
2.866,0.0,
2.868,0.0,
2.87,0.0,
2.872,0.0,
2.874,0.0,
2.876,0.0,
2.878,0.0,
2.88,0.0,
2.882,0.0,
2.884,0.0,
2.886,0.0,
2.888,0.0,
2.89,0.0,
2.892,0.0,
2.894,0.0,
2.896,0.0,
2.898,0.0,
2.9,0.0,
2.902,0.0,
2.904,0.0,
2.906,0.0,
2.908,0.0,
2.91,0.0,
2.912,0.0,
2.914,0.0,
2.916,0.0,
2.918,0.0,
2.92,0.0,
2.922,0.0,
2.924,0.0,
2.926,0.0,
2.928,0.0,
2.93,0.0,
2.932,0.0,
2.934,0.0,
2.936,0.0,
2.938,0.0,
2.94,0.0,
2.942,0.0,
2.944,0.0,
2.946,0.0,
2.948,0.0,
2.95,0.0,
2.952,0.0,
2.954,0.0,
2.956,0.0,
2.958,0.0,
2.96,0.0,
2.962,0.0,
2.964,0.0,
2.966,0.0,
2.968,0.0,
2.97,0.0,
2.972,0.0,
2.974,0.0,
2.976,0.0,
2.978,0.0,
2.98,0.0,
2.982,0.0,
2.984,0.0,
2.986,0.0,
2.988,0.0,
2.99,0.0,
2.992,0.0,
2.994,0.0,
2.996,0.0,
2.998,0.0,
3.0,0.0,
3.002,0.0,
3.004,0.0,
3.006,0.0,
3.008,0.0,
3.01,0.0,
3.012,0.0,
3.014,0.0,
3.016,0.0,
3.018,0.0,
3.02,0.0,
3.022,0.0,
3.024,0.0,
3.026,0.0,
3.028,0.0,
3.03,0.0,
3.032,0.0,
3.034,0.0,
3.036,0.0,
3.038,0.0,
3.04,0.0,
3.042,0.0,
3.044,0.0,
3.046,0.0,
3.048,0.0,
3.05,0.0,
3.052,0.0,
3.054,0.0,
3.056,0.0,
3.058,0.0,
3.06,0.0,
3.062,0.0,
3.064,0.0,
3.066,0.0,
3.068,0.0,
3.07,0.0,
3.072,0.0,
3.074,0.0,
3.076,0.0,
3.078,0.0,
3.08,0.0,
3.082,0.0,
3.084,0.0,
3.086,0.0,
3.088,0.0,
3.09,0.0,
3.092,0.0,
3.094,0.0,
3.096,0.0,
3.098,0.0,
3.1,0.0,
3.102,9.974659986866641e-18,
3.104,3.1008182133085427e-16,
3.106,1.779826286352204e-15,
3.108,6.40026226461643e-15,
3.11,1.744004246573283e-14,
3.112,3.9959788949994746e-14,
3.114,8.121021216611624e-14,
3.116,1.5138975142936495e-13,
3.118,2.6422006943471743e-13,
3.12,4.3778002056793497e-13,
3.122,6.953799515374559e-13,
3.124,1.0663900318341746e-12,
3.126,1.5871800401745517e-12,
3.128,2.3018496830840007e-12,
3.13,3.26308988510271e-12,
3.132,4.532850223643026e-12,
3.134,6.182760033113244e-12,
3.136,8.294709970962932e-12,
3.138,1.0961009877519245e-11,
3.14,1.4284520181290228e-11,
3.142,1.837846021202072e-11,
3.144,2.3366310188815964e-11,
3.146,2.938143001465776e-11,
3.148,3.6566590033704216e-11,
3.15,4.5073610208806736e-11,
3.152,5.506280023950816e-11,
3.154,6.670246993634166e-11,
3.156,8.01684500034705e-11,
3.158,9.564352998828185e-11,
3.16,1.1331696995672824e-10,
3.162,1.3338391025366492e-10,
3.164,1.560448302691253e-10,
3.166,1.8150482982912108e-10,
3.168,2.0997297000072135e-10,
3.17,2.416614699150832e-10,
3.172,2.7678482986473463e-10,
3.174,3.155587102385282e-10,
3.176,3.581988798455338e-10,
3.178,4.0491970974138036e-10,
3.18,4.55932800194625e-10,
3.182,5.11445039964864e-10,
3.184,5.716568403542344e-10,
3.186,6.367598596838941e-10,
3.188,7.069346202176474e-10,
3.19,7.82347949878498e-10,
3.192,8.631501099802541e-10,
3.194,9.494716597148456e-10,
3.196,1.0414202200256795e-09,
3.198,1.1390767899223386e-09,
3.2,1.2424921300158154e-09,
3.202,1.3516825900748708e-09,
3.204,1.466626009874461e-09,
3.206,1.587257350294663e-09,
3.208,1.71346404989961e-09,
3.21,1.8450813997310245e-09,
3.212,1.981887580264352e-09,
3.214,2.1235987100742815e-09,
3.216,2.2698636399295924e-09,
3.218,2.4202586402025106e-09,
3.22,2.5742820197564853e-09,
3.222,2.7313484802886367e-09,
3.224,2.890783370058242e-09,
3.226,3.051816889910325e-09,
3.228,3.2135779098538264e-09,
3.23,3.375087799951243e-09,
3.232,3.5352540001323818e-09,
3.234,3.6928633701319158e-09,
3.236,3.8465754899873195e-09,
3.238,3.9949155502747025e-09,
3.24,4.136267260125559e-09,
3.242,4.268865499805485e-09,
3.244,4.390788699640269e-09,
3.246,4.4999511300373995e-09,
3.248,4.594094959921996e-09,
3.25,4.670782199813622e-09,
3.252,4.727386420256413e-09,
3.254,4.761084339711258e-09,
3.256,4.76884732007396e-09,
3.258,4.74743258984181e-09,
3.26,4.693374590011845e-09,
3.262,4.602976060204267e-09,
3.264,4.472298979936451e-09,
3.266,4.297155659950536e-09,
3.268,4.073099659634982e-09,
3.27,3.7954167300333075e-09,
3.272,3.4591156896322806e-09,
3.274,3.05891935999808e-09,
3.276,2.5892555300353892e-09,
3.278,2.044247970119789e-09,
3.28,1.4177073599276613e-09,
3.282,7.031223797637765e-10,
3.284,-1.0634908014992006e-10,
3.286,-1.0178889901096833e-09,
3.288,-2.039027819852879e-09,
3.29,-3.1776534003928603e-09,
3.292,-4.442019650111734e-09,
3.294,-5.8407553398844014e-09,
3.296,-7.382872709883748e-09,
3.298,-9.077776260291853e-09,
3.3,-1.0935271380248246e-08,
3.302,-1.2965573000216918e-08,
3.304,-1.5179314220067214e-08,
3.306,-1.7587555079835726e-08,
3.308,-2.0201791029947347e-08,
3.31,-2.3033961639960798e-08,
3.312,-2.6096459209735967e-08,
3.314,-2.9402137179806997e-08,
3.316,-3.296431885010248e-08,
3.318,-3.679680570011293e-08,
3.32,-4.09138858300552e-08,
3.322,-4.533034236994457e-08,
3.324,-5.0061461659683254e-08,
3.326,-5.512304153019662e-08,
3.328,-6.053139933997337e-08,
3.33,-6.630337996997235e-08,
3.332,-7.245636376995712e-08,
3.334,-7.900827433005714e-08,
3.336,-8.597758609013226e-08,
3.338,-9.338333202026095e-08,
3.34,-1.0124511090007365e-07,
3.342,-1.0958309471040956e-07,
3.344,-1.1841803580986757e-07,
3.346,-1.2777127395002807e-07,
3.348,-1.3766474307990578e-07,
3.35,-1.481209783099971e-07,
3.352,-1.5916312232988963e-07,
3.354,-1.708149319802621e-07,
3.356,-1.8310078456987983e-07,
3.358,-1.9604568403993466e-07,
3.36,-2.09675266950142e-07,
3.362,-2.2401580837029533e-07,
3.364,-2.390942275901087e-07,
3.366,-2.5493809356971764e-07,
3.368,-2.715756304400539e-07,
3.37,-2.8903572255002327e-07,
3.372,-3.0734791961993524e-07,
3.374,-3.265424414699257e-07,
3.376,-3.466501827496804e-07,
3.378,-3.677027174101184e-07,
3.38,-3.897323030098432e-07,
3.382,-4.1277188479998256e-07,
3.384,-4.3685509976002304e-07,
3.386,-4.6201628027976033e-07,
3.388,-4.882904578199995e-07,
3.39,-5.157133663100111e-07,
3.392,-5.44321445389729e-07,
3.394,-5.741518435097015e-07,
3.396,-6.05242420839789e-07,
3.398,-6.376317519497451e-07,
3.4,-6.713591284498999e-07,
3.402,-7.064645613300002e-07,
3.404,-7.429887831896312e-07,
3.406,-7.809732502101624e-07,
3.408,-8.204601441301647e-07,
3.41,-8.614923737997222e-07,
3.412,-9.041135767299743e-07,
3.414,-9.483681202796662e-07,
3.416,-9.943011029097878e-07,
3.418,-1.04195835489004e-06,
3.42,-1.091386439159691e-06,
3.422,-1.1426326516398265e-06,
3.424,-1.1957450216201933e-06,
3.426,-1.250772311719734e-06,
3.428,-1.3077640177400034e-06,
3.43,-1.3667703683000083e-06,
3.432,-1.4278423241900241e-06,
3.434,-1.4910315775298194e-06,
3.436,-1.5563905507998133e-06,
3.438,-1.6239723954801846e-06,
3.44,-1.6938309906401085e-06,
3.442,-1.7660209411102246e-06,
3.444,-1.840597575730133e-06,
3.446,-1.9176169449896044e-06,
3.448,-1.9971358187899184e-06,
3.45,-2.0792116837697883e-06,
3.452,-2.1639027404500057e-06,
3.454,-2.2512679001803274e-06,
3.456,-2.341366781789724e-06,
3.458,-2.4342597079998404e-06,
3.46,-2.530007701690134e-06,
3.462,-2.628672481730203e-06,
3.464,-2.7303164587899956e-06,
3.466,-2.8350027307198072e-06,
3.468,-2.9427950778296644e-06,
3.47,-3.0537579578599275e-06,
3.472,-3.167956500740258e-06,
3.474,-3.285456503130009e-06,
3.476,-3.406324422710119e-06,
3.478,-3.5306273722199993e-06,
3.48,-3.6584331132398507e-06,
3.482,-3.7898100499001233e-06,
3.484,-3.9248272220801e-06,
3.486,-4.063554298599972e-06,
3.488,-4.2060615700898266e-06,
3.49,-4.352419941590184e-06,
3.492,-4.502700924950004e-06,
3.494,-4.6569766309401996e-06,
3.496,-4.815319761179802e-06,
3.498,-4.977803599600251e-06,
3.5,-5.144502003910124e-06,
3.502,-5.3154893965099564e-06,
3.504,-5.490840755289963e-06,
3.506,-5.670631604159752e-06,
3.508,-5.854938003099688e-06,
3.51,-6.0438365382998495e-06,
3.512,-6.237404311579958e-06,
3.514,-6.4357189299398335e-06,
3.516,-6.638858494549971e-06,
3.518,-6.846901589680106e-06,
3.52,-7.0599272711099545e-06,
3.522,-7.27801505454994e-06,
3.524,-7.5012449036403715e-06,
3.526,-7.729697217589808e-06,
3.528,-7.96345281883987e-06,
3.53,-8.202592940170176e-06,
3.532,-8.44719921181021e-06,
3.534,-8.697353648019941e-06,
3.536,-8.95313863366002e-06,
3.538,-9.214636910430223e-06,
3.54,-9.481931562749669e-06,
3.542,-9.755106003479612e-06,
3.544,-1.0034243959530006e-05,
3.546,-1.0319429456880167e-05,
3.548,-1.0610746805720002e-05,
3.55,-1.0908280585229975e-05,
3.552,-1.1212115627979875e-05,
3.554,-1.1522337004350128e-05,
3.556,-1.1839030006539821e-05,
3.558,-1.2162280132409914e-05,
3.56,-1.2492173069149955e-05,
3.562,-1.2828794676660298e-05,
3.564,-1.3172230970740027e-05,
3.566,-1.3522568106110085e-05,
3.568,-1.3879892359239948e-05,
3.57,-1.4244290110910184e-05,
3.572,-1.46158478286397e-05,
3.574,-1.4994652048929986e-05,
3.576,-1.5380789359160235e-05,
3.578,-1.5774346379539717e-05,
3.58,-1.6175409744560113e-05,
3.582,-1.6584066084420097e-05,
3.584,-1.7000402006190143e-05,
3.586,-1.7424504074730132e-05,
3.588,-1.7856458793279965e-05,
3.59,-1.8296352584119997e-05,
3.592,-1.8744271768659886e-05,
3.594,-1.9200302547439825e-05,
3.596,-1.9664530979980003e-05,
3.598,-2.013704296428007e-05,
3.6,-2.061792421612996e-05,
3.602,-2.1107260248170046e-05,
3.604,-2.1605136348820317e-05,
3.606,-2.2111637560820116e-05,
3.608,-2.262684865974012e-05,
3.61,-2.3150854132060212e-05,
3.612,-2.3683738153249933e-05,
3.614,-2.4225584565440005e-05,
3.616,-2.4776476855129827e-05,
3.618,-2.5336498130450018e-05,
3.62,-2.5905731098429738e-05,
3.622,-2.6484258042030247e-05,
3.624,-2.707216079694038e-05,
3.626,-2.7669520728330378e-05,
3.628,-2.8276418707379788e-05,
3.63,-2.8892935087630137e-05,
3.632,-2.9519149681389665e-05,
3.634,-3.015514173577028e-05,
3.636,-3.080098990879002e-05,
3.638,-3.145677224519012e-05,
3.64,-3.212256615228986e-05,
3.642,-3.2798448375479655e-05,
3.644,-3.348449497374978e-05,
3.646,-3.41807812950499e-05,
3.648,-3.488738195141965e-05,
3.65,-3.5604370794199876e-05,
3.652,-3.633182088892987e-05,
3.654,-3.706980449042028e-05,
3.656,-3.781839301750982e-05,
3.658,-3.857765702779993e-05,
3.66,-3.934766619228007e-05,
3.662,-4.01284892698299e-05,
3.664,-4.092019408154972e-05,
3.666,-4.172284748504016e-05,
3.668,-4.2536515348530046e-05,
3.67,-4.336126252506029e-05,
3.672,-4.419715282654021e-05,
3.674,-4.5044248997660324e-05,
3.676,-4.590261269009008e-05,
3.678,-4.6772304436169896e-05,
3.68,-4.765338362285e-05,
3.682,-4.8545908465379844e-05,
3.684,-4.944993598110991e-05,
3.686,-5.036552196294999e-05,
3.688,-5.129272095309983e-05,
3.69,-5.223158621658983e-05,
3.692,-5.318216971487988e-05,
3.694,-5.414452207935967e-05,
3.696,-5.5118692585039934e-05,
3.698,-5.6104729124019804e-05,
3.7,-5.710267817900976e-05,
3.702,-5.8112584796969884e-05,
3.704,-5.913449256240988e-05,
3.706,-6.016844357127019e-05,
3.708,-6.121447840415004e-05,
3.71,-6.22726361001599e-05,
3.712,-6.334295413045008e-05,
3.714,-6.442546837214002e-05,
3.716,-6.552021308187973e-05,
3.718,-6.662722086987023e-05,
3.72,-6.774652267367998e-05,
3.722,-6.887814773213e-05,
3.724,-7.002212355931977e-05,
3.726,-7.117847591858002e-05,
3.728,-7.234722879652985e-05,
3.73,-7.352840437748007e-05,
3.732,-7.472202301762008e-05,
3.734,-7.592810321965012e-05,
3.736,-7.714666160726002e-05,
3.738,-7.837771289992976e-05,
3.74,-7.962126988756996e-05,
3.742,-8.087734340525999e-05,
3.744,-8.214594230801031e-05,
3.746,-8.34270734456099e-05,
3.748,-8.472074163755989e-05,
3.75,-8.602694964832992e-05,
3.752,-8.734569816277972e-05,
3.754,-8.867698576174024e-05,
3.756,-9.00208088978902e-05,
3.758,-9.137716187184982e-05,
3.76,-9.274603680811027e-05,
3.762,-9.412742363135987e-05,
3.764,-9.552131004253017e-05,
3.766,-9.692768149524014e-05,
3.768,-9.834652117234966e-05,
3.77,-9.977780996259017e-05,
3.772,-0.00010122152643763987,
3.774,-0.0001026776468294301,
3.776,-0.00010414614500760993,
3.778,-0.00010562699245737035,
3.78,-0.00010712015825728016,
3.782,-0.00010862560905749996,
3.784,-0.00011014330905784013,
3.786,-0.00011167321998641977,
3.788,-0.00011321530107807985,
3.79,-0.00011476950905337999,
3.792,-0.00011633579809753984,
3.794,-0.00011791411983984009,
3.796,-0.00011950442333292979,
3.798,-0.0001211066550327101,
3.8,-0.00012272075877804017,
3.802,-0.00012434667577092967,
3.804,-0.00012598434455687998,
3.806,-0.00012763370100547008,
3.808,-0.00012929467829137994,
3.81,-0.00013096720687544002,
3.812,-0.00013265121448617027,
3.814,-0.0001343466261015799,
3.816,-0.0001360533639309402,
3.818,-0.00013777134739705,
3.82,-0.00013950049311852028,
3.822,-0.0001412407148923098,
3.824,-0.00014299192367675994,
3.826,-0.00014475402757461965,
3.828,-0.00014652693181684993,
3.83,-0.00014831053874645025,
3.832,-0.00015010474780285986,
3.834,-0.00015190945550667013,
3.836,-0.0001537245554444097,
3.838,-0.00015554993825373994,
3.84,-0.00015738549160888024,
3.842,-0.00015923110020612998,
3.844,-0.00016108664574993005,
3.846,-0.0001629520069391299,
3.848,-0.00016482705945376026,
3.85,-0.00016671167594223008,
3.852,-0.00016860572600892014,
3.854,-0.0001705090762021402,
3.856,-0.00017242159000256966,
3.858,-0.0001743431278120101,
3.86,-0.0001762735469424603,
3.862,-0.00017821270160546998,
3.864,-0.00018016044290189003,
3.866,-0.00018211661881173012,
3.868,-0.00018408107418437002,
3.87,-0.00018605365072892977,
3.872,-0.00018803418700522002,
3.874,-0.0001900225184149301,
3.876,-0.00019201847719354983,
3.878,-0.00019402189240271981,
3.88,-0.00019603258992315986,
3.882,-0.00019805039244811,
3.884,-0.00020007511947707978,
3.886,-0.00020210658730984016,
3.888,-0.00020414460904061987,
3.89,-0.00020618899455255007,
3.892,-0.0002082395505125299,
3.894,-0.0002102960803663798,
3.896,-0.00021235838433470008,
3.898,-0.00021442625940936962,
3.9,-0.00021649949935064004,
3.902,-0.00021857789468475962,
3.904,-0.00022066123270210024,
3.906,-0.00022274929745549985,
3.908,-0.0002248418697590399,
3.91,-0.00022693872718695983,
3.912,-0.00022903964407314974,
3.914,-0.00023114439151103016,
3.916,-0.00023325273735420003,
3.918,-0.00023536444621774988,
3.92,-0.00023747927948016,
3.922,-0.00023959699528597984,
3.924,-0.00024171734854862986,
3.926,-0.00024384009095398994,
3.928,-0.0002459649709638098,
3.93,-0.0002480917338198701,
3.932,-0.00025022012154816975,
3.934,-0.00025234987296392014,
3.936,-0.00025448072367691013,
3.938,-0.0002566124060977802,
3.94,-0.00025874464944468985,
3.942,-0.0002608771797508302,
3.944,-0.0002630097198723703,
3.946,-0.0002651419894968,
3.948,-0.00026727370515179,
3.95,-0.0002694045802144199,
3.952,-0.0002715343249209499,
3.954,-0.00027366264637699016,
3.956,-0.0002757892485686299,
3.958,-0.00027791383237383985,
3.96,-0.0002800360955748497,
3.962,-0.00028215573287081967,
3.964,-0.00028427243589115034,
3.966,-0.00028638589320906975,
3.968,-0.00028849579035587986,
3.97,-0.0002906018098355,
3.972,-0.00029270363113982015,
3.974,-0.00029480093076459,
3.976,-0.0002968933822260797,
3.978,-0.0002989806560782498,
3.98,-0.00030106241993035996,
3.982,-0.00030313833846508983,
3.984,-0.00030520807345671983,
3.986,-0.00030727128379009995,
3.988,-0.00030932762547985007,
3.99,-0.0003113767516903397,
3.992,-0.00031341831275650016,
3.994,-0.00031545195620505005,
3.996,-0.0003174773267766301,
3.998,-0.00031949406644813,
4.0,-0.0003215018144556497,
4.002,-0.0003235002073176097,
4.004,-0.0003254888788587801,
4.006,-0.00032746746023452986,
4.008,-0.0003294355799561199,
4.01,-0.00033139286391656005,
4.012,-0.00033333893541728993,
4.014,-0.00033527341519497007,
4.016,-0.00033719592144872005,
4.018,-0.0003391060698674196,
4.02,-0.00034100347365709,
4.022,-0.00034288774356892003,
4.024,-0.00034475848792758996,
4.026,-0.00034661531266046977,
4.028,-0.0003484578213278598,
4.03,-0.00035028561515379,
4.032,-0.00035209829305778975,
4.034,-0.0003538954516869399,
4.036,-0.0003556766854486003,
4.038,-0.00035744158654302987,
4.04,-0.00035918974499697014,
4.042,-0.00036092074869727977,
4.044,-0.00036263418342558995,
4.046,-0.0003643296328933502,
4.048,-0.0003660066787777201,
4.05,-0.00036766490075768,
4.052,-0.00036930387655042,
4.054,-0.00037092318194781966,
4.056,-0.00037252239085294996,
4.058,-0.0003741010753169098,
4.06,-0.0003756588055761701,
4.062,-0.00037719515009066026,
4.064,-0.00037870967558292995,
4.066,-0.0003802019470781101,
4.068,-0.00038167152794491965,
4.07,-0.0003831179799368102,
4.072,-0.00038454086323363003,
4.074,-0.00038593973648315015,
4.076,-0.00038731415684286003,
4.078,-0.00038866368002171995,
4.08,-0.0003899878603226101,
4.082,-0.00039128625068539976,
4.084,-0.0003925584027309197,
4.086,-0.00039380386680562974,
4.088,-0.00039502219202713993,
4.09,-0.00039621292632998966,
4.092,-0.00039737561651193975,
4.094,-0.00039850980828017024,
4.096,-0.00039961504629764007,
4.098,-0.0004006908742296201,
4.1,-0.0004017368347903399,
4.102,-0.00040275246979018997,
4.104,-0.00040373732018328997,
4.106,-0.00040469092611585987,
4.108,-0.0004056128269751503,
4.11,-0.00040650256143917986,
4.112,-0.0004073596675269603,
4.114,-0.00040818368264917016,
4.116,-0.00040897414365944013,
4.118,-0.00040973058690547005,
4.12,-0.0004104525482810299,
4.122,-0.00041113956327756005,
4.124,-0.00041179116703650995,
4.126,-0.00041240689440153,
4.128,-0.0004129862799711198,
4.13,-0.0004135288581508102,
4.132,-0.00041403416320605,
4.134,-0.0004145017293149798,
4.136,-0.0004149310906220202,
4.138,-0.00041532178129216005,
4.14,-0.0004156733355667199,
4.142,-0.00041598528781995993,
4.144,-0.00041625717261665985,
4.146,-0.0004164885247701397,
4.148,-0.0004166788793998799,
4.15,-0.0004168277719886898,
4.152,-0.00041693473843881,
4.154,-0.00041699931512777016,
4.156,-0.0004170210389638101,
4.158,-0.00041699944744202997,
4.16,-0.0004169340787013999,
4.162,-0.0004168244715829902,
4.164,-0.00041667016568915994,
4.166,-0.0004164707014437997,
4.168,-0.0004162256201527799,
4.17,-0.00041593446406464974,
4.172,-0.0004155967764314398,
4.174,-0.0004152121015694099,
4.176,-0.00041477998492004016,
4.178,-0.00041429997311109986,
4.18,-0.00041377161401780996,
4.182,-0.0004131944568239198,
4.184,-0.00041256805208265013,
4.186,-0.00041189195177726004,
4.188,-0.0004111657093815802,
4.19,-0.00041038887992092977,
4.192,-0.00040956102003364024,
4.194,-0.00040868168803387004,
4.196,-0.00040775044397557,
4.198,-0.0004067668497175301,
4.2,-0.0004057304689889401,
4.202,-0.00040464086745482016,
4.204,-0.00040349761278059976,
4.206,-0.00040230027469590965,
4.208,-0.0004010484250569599,
4.21,-0.00039974163790887016,
4.212,-0.00039837948954804005,
4.214,-0.00039696155858497985,
4.216,-0.00039548742600871,
4.218,-0.0003939566752519199,
4.22,-0.00039236889225712033,
4.222,-0.00039072366554320035,
4.224,-0.00038902058627180965,
4.226,-0.0003872592483135,
4.228,-0.00038543924831349,
4.23,-0.0003835601857570701,
4.232,-0.0003816216630347902,
4.234,-0.0003796232855077398,
4.236,-0.00037756466157248987,
4.238,-0.0003754454027265,
4.24,-0.00037326512363332993,
4.242,-0.0003710234421883101,
4.244,-0.0003687199795845298,
4.246,-0.0003663543603794604,
4.248,-0.00036392621256198026,
4.25,-0.00036143516761972,
4.252,-0.0003588808606061998,
4.254,-0.0003562629302076097,
4.256,-0.00035358101880873967,
4.258,-0.0003508347725581498,
4.26,-0.00034802384143267986,
4.262,-0.00034514787930192,
4.264,-0.0003422065439928597,
4.266,-0.0003391994973552799,
4.268,-0.0003361264053279899,
4.27,-0.00033298693800584006,
4.272,-0.0003297807697070199,
4.274,-0.0003265075790405197,
4.276,-0.0003231670489729599,
4.278,-0.00031975886689467005,
4.28,-0.00031628272468489996,
4.282,-0.00031273831877630994,
4.284,-0.0003091253502188903,
4.286,-0.00030544352474378995,
4.288,-0.00030169255282749005,
4.29,-0.0002978721497560602,
4.292,-0.00029398203569002985,
4.294,-0.00029002193572935,
4.296,-0.0002859915799780402,
4.298,-0.00028189070360882997,
4.3,-0.00027771904692722995,
4.302,-0.00027347635543548,
4.304,-0.0002691623798962402,
4.306,-0.00026477687639651004,
4.308,-0.0002603196064115002,
4.31,-0.0002557903368682699,
4.312,-0.0002511888402090198,
4.314,-0.00024651489445344987,
4.316,-0.00024176828326032,
4.318,-0.00023694879598828034,
4.32,-0.00023205622775626005,
4.322,-0.00022709037950397002,
4.324,-0.00022205105805269982,
4.326,-0.00021693807616654038,
4.328,-0.0002117512526137299,
4.33,-0.0002064904122277703,
4.332,-0.00020115538596799992,
4.334,-0.00019574601097946008,
4.336,-0.0001902621306520899,
4.338,-0.00018470359467961982,
4.34,-0.00017907025911811014,
4.342,-0.00017336198644454012,
4.344,-0.0001675786456148804,
4.346,-0.00016172011212200977,
4.348,-0.0001557862680523197,
4.35,-0.00014977700214179003,
4.352,-0.00014369220983108996,
4.354,-0.0001375317933206303,
4.356,-0.0001312956616255699,
4.358,-0.00012498373063152008,
4.36,-0.0001185959231507403,
4.362,-0.00011213216897849008,
4.364,-0.00010559240494895008,
4.366,-9.897657498979988e-05,
4.368,-9.228463017514014e-05,
4.37,-8.551652877638975e-05,
4.372,-7.867223631137987e-05,
4.374,-7.175172559299031e-05,
4.376,-6.475497677761993e-05,
4.378,-5.7681977414929773e-05,
4.38,-5.053272249869005e-05,
4.382,-4.330721451899005e-05,
4.384,-3.600546351458997e-05,
4.386,-2.8627487124149864e-05,
4.388,-2.1173310635810242e-05,
4.39,-1.364296703409984e-05,
4.392,-6.036497044849785e-06,
4.394,1.646050821469975e-06,
4.396,9.404620225990108e-06,
4.398,1.723914695752997e-05,
4.4,2.5149558886819988e-05,
4.402,3.313577592040009e-05,
4.404,4.119770995421974e-05,
4.406,4.9335264828929797e-05,
4.408,5.7548336286970207e-05,
4.41,6.583681193216961e-05,
4.412,7.420057119111e-05,
4.414,8.263948527568012e-05,
4.416,9.115341714540986e-05,
4.418,9.974222146948023e-05,
4.42,0.00010840574458748,
4.422,0.00011714382446976991,
4.424,0.00012595629067754018,
4.426,0.0001348429643235503,
4.428,0.0001438036580341199,
4.43,0.00015283817591260976,
4.432,0.00016194631350496033,
4.434,0.00017112785776696995,
4.436,0.00018038258703343985,
4.438,0.00018971027098831019,
4.44,0.00019911067063604015,
4.442,0.00020858353827265,
4.444,0.0002181286174565099,
4.446,0.00022774564297836988,
4.448,0.00023743434083042976,
4.45,0.00024719442817514015,
4.452,0.00025702561331426973,
4.454,0.00026692759565931997,
4.456,0.0002769000657038699,
4.458,0.0002869427049982402,
4.46,0.00029705518612681,
4.462,0.0003072371726869699,
4.464,0.00031748831926965986,
4.466,0.00032780827144008023,
4.468,0.00033819666571862,
4.47,0.0003486531295609702,
4.472,0.00035917728133796987,
4.474,0.0003697687303153099,
4.476,0.0003804270766331998,
4.478,0.0003911519112868799,
4.48,0.00040194281610828986,
4.482,0.0004127993637493999,
4.484,0.0004237211176674198,
4.486,0.0004347076321121299,
4.488,0.00044575845211525006,
4.49,0.0004568731134813697,
4.492,0.0004680511427803103,
4.494,0.0004792920573395299,
4.496,0.0004905953652366499,
4.498,0.0005019605652909697,
4.5,0.0005133871470549001,
4.502,0.0005248745908048699,
4.504,0.0005364223675332499,
4.506,0.0005480299389413802,
4.508,0.0005596967574348799,
4.51,0.0005714222661207099,
4.512,0.00058320589880613,
4.514,0.0005950470799990001,
4.516,0.00060694522490887,
4.518,0.0006188997394488,
4.52,0.0006309100202379,
4.522,0.0006429754546046702,
4.524,0.0006550954205914901,
4.526,0.0006672692869598401,
4.528,0.0006794964131961699,
4.53,0.00069177614951853,
4.532,0.00070410783688326,
4.534,0.00071649080699281,
4.536,0.0007289243823047,
4.538,0.00074140787604257,
4.54,0.0007539405922091901,
4.542,0.0007665218256014401,
4.544,0.0007791508618263101,
4.546,0.0007918269773172599,
4.548,0.0008045494393500599,
4.55,0.0008173175060580899,
4.552,0.0008301304264478101,
4.554,0.0008429874404152101,
4.556,0.00085588777876466,
4.558,0.0008688306632304019,
4.56,0.0008818153065009752,
4.562,0.000894840912245512,
4.564,0.000907906675140874,
4.566,0.0009210117808984411,
4.568,0.000934155406290021,
4.57,0.0009473367191730849,
4.572,0.0009605548785159891,
4.574,0.000973809034424526,
4.576,0.000987098328170803,
4.578,0.0010004218922247871,
4.58,0.001013778850288725,
4.582,0.001027168317333591,
4.584,0.001040589399636816,
4.586,0.001054041194820334,
4.588,0.001067522791888822,
4.59,0.001081033271267544,
4.592,0.001094571704840908,
4.594,0.001108137155992167,
4.596,0.00112172867964458,
4.598,0.0011353453223050649,
4.6,0.0011489861221093902,
4.602,0.001162650108869038,
4.604,0.001176336304118379,
4.606,0.001190043721161588,
4.608,0.0012037713651189938,
4.61,0.001217518232972953,
4.612,0.0012312833136142289,
4.614,0.0012450655878902769,
4.616,0.001258864028656301,
4.618,0.001272677600830232,
4.62,0.001286505261450972,
4.622,0.0013003459597392781,
4.624,0.001314198637159507,
4.626,0.001328062227480791,
4.628,0.001341935656836907,
4.63,0.001355817843784764,
4.632,0.001369707699362805,
4.634,0.0013836041271507418,
4.636,0.001397506023332084,
4.638,0.001411412276760196,
4.64,0.001425321769027697,
4.642,0.00143923337453773,
4.644,0.0014531459605756532,
4.646,0.001467058387379784,
4.648,0.0014809695082103182,
4.65,0.001494878169417119,
4.652,0.001508783210507745,
4.654,0.0015226834642170731,
4.656,0.0015365777565805332,
4.658,0.0015504649070110922,
4.66,0.0015643437283800882,
4.662,0.0015782130271005538,
4.664,0.0015920716032115324,
4.666,0.0016059182504620604,
4.668,0.0016197517563940307,
4.67,0.001633570902423827,
4.672,0.0016473744639239668,
4.674,0.001661161210305215,
4.676,0.0016749299051009158,
4.678,0.0016886793060535822,
4.68,0.0017024081652042638,
4.682,0.001716115228984075,
4.684,0.0017297992383071752,
4.686,0.001743458928664518,
4.688,0.0017570930302180099,
4.69,0.001770700267894677,
4.692,0.001784279361481236,
4.694,0.00179782902571914,
4.696,0.001811347970400585,
4.698,0.0018248349004657532,
4.7,0.001838288516101213,
4.702,0.00185170751284019,
4.704,0.00186509058166405,
4.706,0.001878436409105571,
4.708,0.001891743677353841,
4.71,0.00190501106436027,
4.712,0.001918237243946251,
4.714,0.0019314208859112498,
4.716,0.001944560656141778,
4.718,0.001957655216720991,
4.72,0.001970703226038514,
4.722,0.001983703338901294,
4.724,0.001996654206645342,
4.726,0.0020095544772484077,
4.728,0.002022402795444024,
4.73,0.00203519780283638,
4.732,0.0020479381380161333,
4.734,0.002060622436677055,
4.736,0.002073249331733696,
4.738,0.002085817453440187,
4.74,0.002098325429510734,
4.742,0.002110771885241989,
4.744,0.002123155443636903,
4.746,0.002135474725529894,
4.748,0.002147728349712079,
4.75,0.002159914933056074,
4.752,0.002172033090639945,
4.754,0.002184081435870338,
4.756,0.002196058580605836,
4.758,0.002207963135281834,
4.76,0.002219793709038049,
4.762,0.002231548909849377,
4.764,0.0022432273446602357,
4.766,0.0022548276195211853,
4.768,0.002266348339726866,
4.77,0.0022777881099536983,
4.772,0.002289145534396581,
4.774,0.002300419216904187,
4.776,0.00231160776111372,
4.778,0.002322709770585393,
4.78,0.002333723848937768,
4.782,0.00234464859998422,
4.784,0.002355482627870812,
4.786,0.002366224537215412,
4.788,0.002376872933247537,
4.79,0.0023874264219493502,
4.792,0.00239788361019741,
4.794,0.00240824310590567,
4.796,0.0024185035181697,
4.798,0.00242866345741183,
4.8,0.0024387215355275,
4.802,0.00244867636603185,
4.804,0.00245852656420661,
4.806,0.0024682707472470696,
4.808,0.0024779075344093402,
4.81,0.00248743554715809,
4.812,0.0024968534093151497,
4.814,0.0025061597472088902,
4.816,0.0025153531898243,
4.818,0.0025244323689536403,
4.82,0.00253339591934711,
4.822,0.0025422424788635097,
4.824,0.00255097068862107,
4.826,0.00255957919314818,
4.828,0.00256806664053471,
4.83,0.00257643168258392,
4.832,0.00258467297496519,
4.834,0.0025927891773679396,
4.836,0.00260077895365633,
4.838,0.00260864097202514,
4.84,0.00261637390515635,
4.842,0.0026239764303765,
4.844,0.00263144722981409,
4.846,0.00263878499055684,
4.848,0.00264598840480864,
4.85,0.00265305617004549,
4.852,0.00265998698917102,
4.854,0.0026667795706716,
4.856,0.00267343262877172,
4.858,0.00267994488358979,
4.86,0.0026863150612950097,
4.862,0.00269254189426491,
4.864,0.00269862412124353,
4.866,0.00270456048749967,
4.868,0.00271034974498495,
4.87,0.0027159906524914,
4.872,0.00272148197580887,
4.874,0.00272682248788226,
4.876,0.0027320109689694004,
4.878,0.00273704620679942,
4.88,0.00274192699673181,
4.882,0.00274665214191562,
4.884,0.0027512204534482897,
4.886,0.00275563075053361,
4.888,0.00275988186063826,
4.89,0.0027639726196470697,
4.892,0.0027679018720173,
4.894,0.00277166847093291,
4.896,0.00277527127845902,
4.898,0.00277870916569766,
4.9,0.00278198101294461,
4.902,0.0027850857098468997,
4.904,0.0027880221555609498,
4.906,0.00279078925890986,
4.908,0.0027933859385400103,
4.91,0.00279581112307582,
4.912,0.00279806375127342,
4.914,0.00280014277217259,
4.916,0.0028020471452481696,
4.918,0.00280377584056046,
4.92,0.0028053278389056097,
4.922,0.00280670213196572,
4.924,0.0028078977224592697,
4.926,0.00280891362429124,
4.928,0.0028097488627032,
4.93,0.0028104024744227303,
4.932,0.00281087350781187,
4.934,0.00281116102301389,
4.936,0.00281126409209859,
4.938,0.00281118179920598,
4.94,0.00281091324068896,
4.942,0.00281045752525579,
4.944,0.0028098137741131603,
4.946,0.00280898112111009,
4.948,0.0028079587128824702,
4.95,0.0028067457089974096,
4.952,0.00280534128209656,
4.954,0.0028037446180363603,
4.956,0.0028019549160259,
4.958,0.0027999713887613504,
4.96,0.00279779326255842,
4.962,0.0027954197774837097,
4.964,0.0027928501874860097,
4.966,0.0027900837605279,
4.968,0.0027871197787174796,
4.97,0.00278395753843942,
4.972,0.00278059635048442,
4.974,0.00277703554017621,
4.976,0.0027732744474961903,
4.978,0.00276931242720587,
4.98,0.002765148848967804,
4.982,0.0027607830974659677,
4.984,0.0027562145725258938,
4.986,0.002751442689234596,
4.988,0.002746466878060027,
4.99,0.002741286584969406,
4.992,0.00273590127154621,
4.994,0.002730310415105073,
4.996,0.002724513508804729,
4.998,0.002718510061759144,
5.0,0.002712299599146687,
5.002,0.0027058816623179603,
5.004,0.002699255808901684,
5.006,0.00269242161290934,
5.008,0.002685378664837682,
5.01,0.0026781265717692867,
5.012,0.002670664957470901,
5.014,0.002662993462488775,
5.016,0.002655111744241807,
5.018,0.002647019477112358,
5.02,0.002638716352535112,
5.022,0.002630202079085132,
5.024,0.0026214763825652913,
5.026,0.002612539006093477,
5.028,0.0026033897101889808,
5.03,0.002594028272857615,
5.032,0.0025844544896742178,
5.034,0.002574668173861744,
5.036,0.00256466915636638,
5.038,0.002554457285928937,
5.04,0.002544032429153225,
5.042,0.002533394470573028,
5.044,0.002522543312718353,
5.046,0.0025114788761819618,
5.048,0.00250020109968641,
5.05,0.0024887099401506227,
5.052,0.002477005372754964,
5.054,0.002465087391003413,
5.056,0.002452956006781963,
5.058,0.0024406112504121143,
5.06,0.002428053170699966,
5.062,0.002415281834980911,
5.064,0.002402297329160977,
5.066,0.0023890997577560337,
5.068,0.002375689243929535,
5.07,0.002362065929529871,
5.072,0.002348229975127821,
5.074,0.002334181560053771,
5.076,0.002319920882434481,
5.078,0.00230544815922806,
5.08,0.002290763626256285,
5.082,0.002275867538232356,
5.084,0.002260760168783996,
5.086,0.0022454418104710687,
5.088,0.002229912774798426,
5.09,0.002214173392225287,
5.092,0.002198224012172595,
5.094,0.002182065003029541,
5.096,0.002165696752160889,
5.098,0.002149119665914509,
5.1,0.002132334169629729,
5.102,0.002115340707644498,
5.104,0.0020981397433007852,
5.106,0.002080731758946418,
5.108,0.002063117255932578,
5.11,0.002045296754606091,
5.112,0.002027270794296055,
5.114,0.002009039933295394,
5.116,0.0019906047488377583,
5.118,0.00197196583707063,
5.12,0.0019531238130265811,
5.122,0.001934079310593233,
5.124,0.001914832982484262,
5.126,0.001895385500211093,
5.128,0.0018757375540558768,
5.13,0.0018558898530445828,
5.132,0.001835843124918247,
5.134,0.001815598116100823,
5.136,0.001795155591661481,
5.138,0.001774516335270469,
5.14,0.0017536811491488421,
5.142,0.001732650854012803,
5.144,0.001711426289014969,
5.146,0.001690008311684389,
5.148,0.001668397797866874,
5.15,0.001646595641666267,
5.152,0.0016246027553858669,
5.154,0.001602420069468903,
5.156,0.001580048532436138,
5.158,0.001557489110819134,
5.16,0.0015347427890888441,
5.162,0.001511810569579816,
5.164,0.001488693472411178,
5.166,0.001465392535405675,
5.168,0.001441908814007638,
5.17,0.0014182433811995528,
5.172,0.001394397327416934,
5.174,0.001370371760459512,
5.176,0.0013461678053986801,
5.178,0.0013217866044807811,
5.18,0.001297229317027842,
5.182,0.001272497119337575,
5.184,0.001247591204584689,
5.186,0.0012225127827239029,
5.188,0.001197263080394143,
5.19,0.001171843340820975,
5.192,0.001146254823714322,
5.194,0.0011204988051586192,
5.196,0.001094576577494651,
5.198,0.0010684894491942189,
5.2,0.00104223874473112,
5.202,0.001015825804451681,
5.204,0.000989251984448636,
5.206,0.000962518656439146,
5.208,0.00093562720764623,
5.21,0.000908579040681366,
5.212,0.0008813755734253131,
5.214,0.0008540182389048521,
5.216,0.000826508485164218,
5.218,0.000798847775131078,
5.22,0.0007710375864775261,
5.222,0.0007430794114764179,
5.224,0.000714974756853293,
5.226,0.000686725143634554,
5.228,0.000658332106992709,
5.23,0.000629797196091202,
5.232,0.0006011219739312803,
5.234,0.0005723080172038846,
5.236,0.0005433569161475488,
5.238,0.0005142702744112427,
5.24,0.00048504970891904015,
5.242,0.0004556968497308535,
5.244,0.0004262133398950337,
5.246,0.00039660083528994213,
5.248,0.000366861004454531,
5.25,0.000336995528411786,
5.252,0.000307006100490069,
5.254,0.000276894426147288,
5.256,0.000246662222801304,
5.258,0.00021631121966658896,
5.26,0.000185843157594739,
5.262,0.000155259788915219,
5.264,0.00012456287727326,
5.266,9.3754197463035e-05,
5.268,6.283553525662403e-05,
5.27,3.1808687230585025e-05,
5.272,6.754605917479585e-07,
5.274,-3.056232699673902e-05,
5.276,-6.190284758981904e-05,
5.278,-9.334426313682996e-05,
5.28,-0.00012488472566111601,
5.282,-0.000156522377443161,
5.284,-0.00018825535120578198,
5.286,-0.00022008177029879698,
5.288,-0.00025199974887980505,
5.29,-0.00028400739209010005,
5.292,-0.00031610279622568604,
5.294,-0.000348284048906261,
5.296,-0.000380549229246663,
5.298,-0.00041289640803400605,
5.3,-0.00044532364791362793,
5.302,-0.00047782900358257,
5.304,-0.000510410521988776,
5.306,-0.000543066242531068,
5.308,-0.0005757941972558201,
5.31,-0.0006085924110472321,
5.312,-0.0006414589018099018,
5.314,-0.0006743916806450779,
5.316,-0.0007073887520228461,
5.318,-0.0007404481139535171,
5.32,-0.000773567758161549,
5.322,-0.000806745670263352,
5.324,-0.0008399798299501969,
5.326,-0.0008732682111761319,
5.328,-0.0009066087823490131,
5.33,-0.0009399995065233161,
5.332,-0.0009734383415928149,
5.334,-0.0010069232404812012,
5.336,-0.001040452151329888,
5.338,-0.001074023017682307,
5.34,-0.001107633778665528,
5.342,-0.0011412823691695942,
5.344,-0.0011749667200258089,
5.346,-0.0012086847581844519,
5.348,-0.0012424344068925,
5.35,-0.0012762135858709759,
5.352,-0.001310020211491987,
5.354,-0.0013438521969557202,
5.356,-0.0013777074524683112,
5.358,-0.001411583885421376,
5.36,-0.0014454794005747099,
5.362,-0.001479391900242467,
5.364,-0.0015133192844813989,
5.366,-0.0015472594512792371,
5.368,-0.0015812102967393028,
5.37,-0.0016151697152576448,
5.372,-0.0016491355996904019,
5.374,-0.001683105841510845,
5.376,-0.0017170783309583858,
5.378,-0.001751050957184639,
5.38,-0.001785021608402478,
5.382,-0.001818988172043841,
5.384,-0.0018529485349300212,
5.386,-0.0018869005834548022,
5.388,-0.0019208422037770968,
5.39,-0.00195477128201637,
5.392,-0.001988685704443356,
5.394,-0.0020225833576580513,
5.396,-0.002056462128750799,
5.398,-0.0020903199054452923,
5.4,-0.002124154576227346,
5.402,-0.0021579640304661817,
5.404,-0.002191746158537343,
5.406,-0.002225498851954703,
5.408,-0.002259220003517031,
5.41,-0.0022929075074703013,
5.412,-0.0023265592596823062,
5.414,-0.002360173157822921,
5.416,-0.002393747101542509,
5.418,-0.0024272789926400493,
5.42,-0.002460766735217104,
5.422,-0.002494208235814585,
5.424,-0.002527601403536032,
5.426,-0.00256094415016124,
5.428,-0.00259423439025749,
5.43,-0.0026274700412951438,
5.432,-0.002660649023772401,
5.434,-0.002693769261351528,
5.436,-0.002726828681006328,
5.438,-0.002759825213176153,
5.44,-0.002792756791921373,
5.442,-0.002825621355073269,
5.444,-0.002858416844373264,
5.446,-0.002891141205598005,
5.448,-0.002923792388670836,
5.45,-0.002956368347762705,
5.452,-0.002988867041387986,
5.454,-0.0030212864325016887,
5.456,-0.0030536244886028123,
5.458,-0.0030858791818466876,
5.46,-0.0031180484891659833,
5.462,-0.0031501303923974753,
5.464,-0.0031821228784101804,
5.466,-0.003214023939230612,
5.468,-0.003245831572161695,
5.47,-0.0032775437798942815,
5.472,-0.003309158570610987,
5.474,-0.0033406739580843733,
5.476,-0.003372087961770965,
5.478,-0.003403398606902972,
5.48,-0.003434603924579371,
5.482,-0.0034657019518571446,
5.484,-0.003496690731844163,
5.486,-0.0035275683137942957,
5.488,-0.0035583327532051835,
5.49,-0.003588982111918483,
5.492,-0.0036195144582212087,
5.494,-0.0036499278669454177,
5.496,-0.003680220419564073,
5.498,-0.0037103902042804108,
5.5,-0.0037404353161102485,
5.502,-0.003770353856957883,
5.504,-0.0038001439356884583,
5.506,-0.0038298036681993714,
5.508,-0.003859331177494151,
5.51,-0.003888724593759936,
5.512,-0.003917982054448272,
5.514,-0.0039471017043580464,
5.516,-0.003976081695718184,
5.518,-0.004004920188268549,
5.52,-0.004033615349338252,
5.522,-0.004062165353921555,
5.524,-0.00409056838475179,
5.526,-0.004118822632373834,
5.528,-0.0041469262952143005,
5.53,-0.004174877579648697,
5.532,-0.004202674700064201,
5.534,-0.004230315878917758,
5.536,-0.0042577993467904605,
5.538,-0.004285123342440638,
5.54,-0.00431228611285879,
5.542,-0.0043392859133274874,
5.544,-0.0043661210074877775,
5.546,-0.004392789667411542,
5.548,-0.004419290173678089,
5.55,-0.004445620815450893,
5.552,-0.004471779890551263,
5.554,-0.004497765705525873,
5.556,-0.00452357657570679,
5.558,-0.00454921082526426,
5.56,-0.004574666787253765,
5.562,-0.0045999428036598315,
5.564,-0.004625037225439388,
5.566,-0.0046499484125672565,
5.568,-0.004674674734085926,
5.57,-0.0046992145681606055,
5.572,-0.004723566302139738,
5.574,-0.004747728332619169,
5.576,-0.004771699065507744,
5.578,-0.004795476916090943,
5.58,-0.004819060309090261,
5.582,-0.004842447678716145,
5.584,-0.004865637468715593,
5.586,-0.004888628132415806,
5.588,-0.004911418132767198,
5.59,-0.004934005942389371,
5.592,-0.00495639004362173,
5.594,-0.004978568928579463,
5.596,-0.005000541099213621,
5.598,-0.005022305067372781,
5.6,-0.005043859354863486,
5.602,-0.005065202493507508,
5.604,-0.005086333025195353,
5.606,-0.005107249501936358,
5.608,-0.005127950485907168,
5.61,-0.005148434549500398,
5.612,-0.00516870027537535,
5.614,-0.005188746256511799,
5.616,-0.005208571096267475,
5.618,-0.0052281734084388765,
5.62,-0.005247551817324613,
5.622,-0.005266704957790393,
5.624,-0.005285631475334022,
5.626,-0.005304330026149256,
5.628,-0.0053227992771878495,
5.63,-0.00534103790621907,
5.632,-0.005359044601887431,
5.634,-0.0053768180637696105,
5.636,-0.005394357002430919,
5.638,-0.005411660139482284,
5.64,-0.005428726207636762,
5.642,-0.005445553950764646,
5.644,-0.00546214212394596,
5.646,-0.005478489493519982,
5.648,-0.005494594837134053,
5.65,-0.005510456943794511,
5.652,-0.005526074613925753,
5.654,-0.005541446659441229,
5.656,-0.005556571903829008,
5.658,-0.005571449182249953,
5.66,-0.0055860773416429145,
5.662,-0.005600455240828134,
5.664,-0.005614581750600147,
5.666,-0.005628455753803991,
5.668,-0.005642076145394148,
5.67,-0.005655441832480891,
5.672,-0.005668551734373013,
5.674,-0.005681404782627491,
5.676,-0.005693999921113545,
5.678,-0.005706336106094491,
5.68,-0.005718412306323784,
5.682,-0.005730227503148022,
5.684,-0.005741780690607513,
5.686,-0.005753070875527013,
5.688,-0.005764097077593744,
5.69,-0.005774858329424398,
5.692,-0.005785353676627778,
5.694,-0.005795582177870014,
5.696,-0.005805542904949292,
5.698,-0.005815234942882788,
5.7,-0.005824657390004422,
5.702,-0.005833809358069925,
5.704,-0.005842689972362698,
5.706,-0.005851298371796303,
5.708,-0.005859633709010291,
5.71,-0.005867695150459883,
5.712,-0.005875481876501789,
5.714,-0.005882993081479963,
5.716,-0.005890227973815575,
5.718,-0.0058971857761034585,
5.72,-0.00590386572521662,
5.722,-0.00591026707241717,
5.724,-0.005916389083471911,
5.726,-0.005922231038768021,
5.728,-0.005927792233425884,
5.73,-0.005933071977405774,
5.732,-0.005938069595607611,
5.734,-0.005942784427964005,
5.736,-0.005947215829529977,
5.738,-0.005951363170572403,
5.74,-0.005955225836663576,
5.742,-0.00595880322878148,
5.744,-0.005962094763417463,
5.746,-0.005965099872690274,
5.748,-0.0059678180044630035,
5.75,-0.005970248622459405,
5.752,-0.005972391206376265,
5.754,-0.005974245251990399,
5.756,-0.005975810271261045,
5.758,-0.005977085792430565,
5.76,-0.00597807136012801,
5.762,-0.005978766535479614,
5.764,-0.005979170896229705,
5.766,-0.005979284036872775,
5.768,-0.005979105568794942,
5.77,-0.00597863512042037,
5.772,-0.005977872337356015,
5.774,-0.005976816882528235,
5.776,-0.005975468436304669,
5.778,-0.0059738266965986,
5.78,-0.0059718913789555215,
5.782,-0.005969662216626997,
5.784,-0.005967138960639345,
5.786,-0.005964321379867645,
5.788,-0.005961209261124796,
5.79,-0.005957802409271998,
5.792,-0.005954100647352457,
5.794,-0.0059501038167437854,
5.796,-0.005945811777319328,
5.798,-0.005941224407606324,
5.8,-0.005936341604929334,
5.802,-0.0059311632855316605,
5.804,-0.005925689384673946,
5.806,-0.00591991985671545,
5.808,-0.005913854675188494,
5.81,-0.005907493832877353,
5.812,-0.005900837341911269,
5.814,-0.005893885233874831,
5.816,-0.005886637559933981,
5.818,-0.005879094390969998,
5.82,-0.005871255817711906,
5.822,-0.005863121950858851,
5.824,-0.005854692921187583,
5.826,-0.00584596887964535,
5.828,-0.005836949997433061,
5.83,-0.005827636466086077,
5.832,-0.005818028497559708,
5.834,-0.005808126324324836,
5.836,-0.005797930199474106,
5.838,-0.005787440396836584,
5.84,-0.005776657211095017,
5.842,-0.005765580957899327,
5.844,-0.005754211973970977,
5.846,-0.005742550617195052,
5.848,-0.005730597266700294,
5.85,-0.0057183523229300814,
5.852,-0.005705816207709383,
5.854,-0.005692989364312847,
5.856,-0.005679872257537924,
5.858,-0.0056664653737844555,
5.86,-0.005652769221139428,
5.862,-0.005638784329463081,
5.864,-0.0056245112504720515,
5.866,-0.005609950557815669,
5.868,-0.0055951028471436905,
5.87,-0.00557996873616635,
5.872,-0.0055645488647096545,
5.874,-0.005548843894769936,
5.876,-0.005532854510570895,
5.878,-0.005516581418624546,
5.88,-0.005500025347794937,
5.882,-0.005483187049361459,
5.884,-0.005466067297078111,
5.886,-0.005448666887224888,
5.888,-0.0054309866386498375,
5.89,-0.005413027392802363,
5.892,-0.005394790013759885,
5.894,-0.005376275388251842,
5.896,-0.005357484425683932,
5.898,-0.005338418058164972,
5.9,-0.00531907724053722,
5.902,-0.005299462950408155,
5.904,-0.005279576188181802,
5.906,-0.005259417977085728,
5.908,-0.005238989363191057,
5.91,-0.005218291415423212,
5.912,-0.005197325225562859,
5.914,-0.0051760919082378875,
5.916,-0.005154592600908818,
5.918,-0.005132828463850528,
5.92,-0.005110800680133316,
5.922,-0.005088510455605661,
5.924,-0.005065959018879193,
5.926,-0.005043147621315273,
5.928,-0.005020077537010843,
5.93,-0.004996750062781025,
5.932,-0.004973166518135209,
5.934,-0.0049493282452454015,
5.936,-0.004925236608906203,
5.938,-0.004900892996487771,
5.94,-0.004876298817883775,
5.942,-0.004851455505456845,
5.944,-0.004826364513983384,
5.946,-0.004801027320598251,
5.948,-0.004775445424739179,
5.95,-0.0047496203480889895,
5.952,-0.004723553634514141,
5.954,-0.004697246849997387,
5.956,-0.004670701582564154,
5.958,-0.004643919442201552,
5.96,-0.004616902060770798,
5.962,-0.004589651091913535,
5.964,-0.004562168210952827,
5.966,-0.004534455114789923,
5.968,-0.004506513521797425,
5.97,-0.004478345171710344,
5.972,-0.004449951825515708,
5.974,-0.004421335265341683,
5.976,-0.004392497294345641,
5.978,-0.00436343973660025,
5.98,-0.004334164436975108,
5.982,-0.004304673261011065,
5.984,-0.004274968094784817,
5.986,-0.004245050844762917,
5.988,-0.004214923437645907,
5.99,-0.004184587820205744,
5.992,-0.004154045959120404,
5.994,-0.004123299840809673,
5.996,-0.004092351471274106,
5.998,-0.004061202875937464,
6.0,-0.004029856099489682,
6.002,-0.003998313205726952,
6.004,-0.00396657627738546,
6.006,-0.003934647415966115,
6.008,-0.003902528741551002,
6.01,-0.003870222392612895,
6.012,-0.0038377305258206727,
6.014,-0.003805055315842613,
6.016,-0.0037721989551483042,
6.018,-0.003739163653807799,
6.02,-0.00370595163928642,
6.022,-0.003672565156233299,
6.024,-0.0036390064662634083,
6.026,-0.003605277847734061,
6.028,-0.003571381595518239,
6.03,-0.003537320020776835,
6.032,-0.003503095450731219,
6.034,-0.003468710228435027,
6.036,-0.003434166712543887,
6.038,-0.00339946727708018,
6.04,-0.0033646143111916047,
6.042,-0.003329610218903493,
6.044,-0.003294457418866779,
6.046,-0.003259158344104184,
6.048,-0.0032237154417567,
6.05,-0.003188131172831123,
6.052,-0.003152408011946774,
6.054,-0.0031165484470784804,
6.056,-0.0030805549792921,
6.058,-0.003044430122470153,
6.06,-0.003008176403026898,
6.062,-0.00297179635961514,
6.064,-0.002935292542828391,
6.066,-0.002898667514902805,
6.068,-0.002861923849422691,
6.07,-0.0028250641310316902,
6.072,-0.002788090955149821,
6.074,-0.002751006927694831,
6.076,-0.002713814664805523,
6.078,-0.002676516792563928,
6.08,-0.0026391159467139737,
6.082,-0.002601614772374115,
6.084,-0.002564015923742398,
6.086,-0.002526322063793395,
6.088,-0.00248853586396664,
6.09,-0.002450660003848439,
6.092,-0.002412697170849308,
6.094,-0.002374650059880683,
6.096,-0.002336521373034278,
6.098,-0.002298313819266788,
6.1,-0.00226003011409031,
6.102,-0.0022216729792668,
6.104,-0.002183245142502847,
6.106,-0.0021447493371400178,
6.108,-0.002106188301837112,
6.11,-0.002067564780242444,
6.112,-0.002028881520657942,
6.114,-0.0019901412756986496,
6.116,-0.001951346801953401,
6.118,-0.001912500859651401,
6.12,-0.001873606212337512,
6.122,-0.0018346656265559019,
6.124,-0.0017956818715387161,
6.126,-0.0017566577188947718,
6.128,-0.001717595942293369,
6.13,-0.001678499317140147,
6.132,-0.001639370620244462,
6.134,-0.001600212629480868,
6.136,-0.001561028123448711,
6.138,-0.0015218198811348099,
6.14,-0.001482590681582448,
6.142,-0.001443343303568556,
6.144,-0.0014040805252880238,
6.146,-0.0013648051240425568,
6.148,-0.001325519875930056,
6.15,-0.001286227555530514,
6.152,-0.001246930935585732,
6.154,-0.001207632786671631,
6.156,-0.001168335876864287,
6.158,-0.00112904297140277,
6.16,-0.001089756832353103,
6.162,-0.001050480218277763,
6.164,-0.001011215883913985,
6.166,-0.000971966579861639,
6.168,-0.0009327350522787461,
6.17,-0.000893524042580289,
6.172,-0.0008543362871347445,
6.174,-0.0008151745169537141,
6.176,-0.0007760414573723355,
6.178,-0.0007369398277220616,
6.18,-0.0006978723410004562,
6.182,-0.0006588417035451631,
6.184,-0.000619850614719066,
6.186,-0.00058090176661084,
6.188,-0.0005419978437516319,
6.19,-0.0005031415228439521,
6.192,-0.00046433547249582097,
6.194,-0.000425582352951846,
6.196,-0.000386884815814334,
6.198,-0.00034824550375113603,
6.2,-0.000309667050190911,
6.202,-0.00027115207901071093,
6.204,-0.0002327032042238901,
6.206,-0.00019432302967635799,
6.208,-0.000156014148758155,
6.21,-0.00011777914413383902,
6.212,-7.962058749108895e-05,
6.214,-4.1541039302750915e-05,
6.216,-3.5430485945610497e-06,
6.218,3.4370847290031035e-05,
6.22,7.219812293565904e-05,
6.222,0.00010993626511569701,
6.224,0.00014758277306727507,
6.226,0.00018513515877585705,
6.228,0.00022259094725998112,
6.23,0.0002599476768465449,
6.232,0.00029720289942784296,
6.234,0.0003343541806960071,
6.236,0.000371399100355942,
6.238,0.0004083352523236481,
6.24,0.00044516024491949994,
6.242,0.00048187170106746605,
6.244,0.0005184672585074099,
6.246,0.0005549445700233949,
6.248,0.000591301303684619,
6.25,0.000627535143091414,
6.252,0.000663643787616614,
6.254,0.000699624952634003,
6.256,0.000735476369728724,
6.258,0.000771195786889351,
6.26,0.000806780968685368,
6.262,0.000842229696436125,
6.264,0.000877539768377319,
6.266,0.000912708999829338,
6.268,0.00094773522336949,
6.27,0.000982616289007115,
6.272,0.001017350064359644,
6.274,0.0010519344348268159,
6.276,0.001086367303761127,
6.278,0.0011206465926331941,
6.28,0.0011547702411915661,
6.282,0.001188736207617067,
6.284,0.001222542468671573,
6.286,0.0012561870198416682,
6.288,0.0012896678754778061,
6.29,0.001322983068929767,
6.292,0.0013561306526802988,
6.294,0.0013891086984774352,
6.296,0.0014219152974665169,
6.298,0.0014545485603208001,
6.3,0.001487006617368451,
6.302,0.001519287618712832,
6.304,0.0015513897343435667,
6.306,0.0015833111542367122,
6.308,0.0016150500884446438,
6.31,0.0016466047671789487,
6.312,0.0016779734408903621,
6.314,0.001709154380350822,
6.316,0.0017401458767404131,
6.318,0.0017709462417406009,
6.32,0.0018015538076309292,
6.322,0.001831966927385118,
6.324,0.001862183974760219,
6.326,0.00189220334437367,
6.328,0.0019220234517645098,
6.33,0.001951642733438134,
6.332,0.001981059646897051,
6.334,0.002010272670663246,
6.336,0.002039280304297998,
6.338,0.002068081068426276,
6.34,0.002096673504769734,
6.342,0.00212505617619031,
6.344,0.002153227666742832,
6.346,0.0021811865817318987,
6.348,0.0022089315477670382,
6.35,0.0022364612128093512,
6.352,0.002263774246204502,
6.354,0.002290869338699372,
6.356,0.002317745202443102,
6.358,0.0023444005709750398,
6.36,0.0023708341992053823,
6.362,0.002397044863392951,
6.364,0.002423031361125201,
6.366,0.002448792511302483,
6.368,0.0024743271541270637,
6.37,0.002499634151095083,
6.372,0.0025247123849884224,
6.374,0.002549560759863175,
6.376,0.002574178201031491,
6.378,0.0025985636550348748,
6.38,0.002622716089608245,
6.382,0.0026466344936350947,
6.384,0.0026703178770954867,
6.386,0.002693765271009076,
6.388,0.002716975727375585,
6.39,0.002739948319114619,
6.392,0.00276268214000647,
6.394,0.002785176304633927,
6.396,0.0028074299483248867,
6.398,0.002829442227094032,
6.4,0.002851212317582464,
6.402,0.002872739416993603,
6.404,0.00289402274302465,
6.406,0.002915061533793522,
6.408,0.0029358550477613906,
6.41,0.002956402563651394,
6.412,0.0029767033803636614,
6.414,0.0029967568168860446,
6.416,0.0030165622122002266,
6.418,0.003036118925182097,
6.42,0.003055426334496402,
6.422,0.0030744838384862286,
6.424,0.003093290855059049,
6.426,0.0031118468215712855,
6.428,0.003130151194713473,
6.43,0.003148203450396932,
6.432,0.00316600308364166,
6.434,0.003183549608463487,
6.436,0.0032008425577580595,
6.438,0.0032178814831795586,
6.44,0.0032346659550126526,
6.442,0.0032511955620387646,
6.444,0.0032674699113983464,
6.446,0.003283488628452271,
6.448,0.0032992513566450247,
6.45,0.003314757757370599,
6.452,0.003330007509841118,
6.454,0.0033450003109554887,
6.456,0.0033597358751656548,
6.458,0.003374213934337557,
6.46,0.003388434237605384,
6.462,0.0034023965512191027,
6.464,0.0034161006583869153,
6.466,0.003429546359114783,
6.468,0.0034427334700450965,
6.47,0.0034556618242959185,
6.472,0.003468331271300894,
6.474,0.0034807416766490405,
6.476,0.003492892921923097,
6.478,0.003504784904535264,
6.48,0.0035164175375594605,
6.482,0.003527790749560396,
6.484,0.003538904484419873,
6.486,0.0035497587011618596,
6.488,0.0035603533737772735,
6.49,0.003570688491049229,
6.492,0.0035807640563795804,
6.494,0.0035905800876156403,
6.496,0.00360013661687706,
6.498,0.00360943369038118,
6.5,0.0036184713682661605,
6.502,0.0036272497244113503,
6.504,0.0036357688462551503,
6.506,0.00364402883461151,
6.508,0.0036520298034869196,
6.51,0.0036597718798995395,
6.512,0.00366725520370198,
6.514,0.0036744799274080002,
6.516,0.00368144621602201,
6.518,0.00368815424686925,
6.52,0.0036946042094237004,
6.522,0.0037007963051317195,
6.524,0.00370673074722978,
6.526,0.0037124077605572205,
6.528,0.00371782758136549,
6.53,0.0037229904571274295,
6.532,0.0037278966463486904,
6.534,0.0037325464183837,
6.536,0.0037369400532560803,
6.538,0.0037410778414825605,
6.54,0.00374496008389816,
6.542,0.00374858709148104,
6.544,0.00375195918517555,
6.546,0.00375507669571403,
6.548,0.00375793996343805,
6.55,0.00376054933812117,
6.552,0.0037629051787942402,
6.554,0.00376500785357388,
6.556,0.0037668577394937104,
6.558,0.0037684552223372298,
6.56,0.0037698006964715204,
6.562,0.0037708945646814105,
6.564,0.00377173723800474,
6.566,0.0037723291355701498,
6.568,0.0037726706844388304,
6.57,0.0037727623194515596,
6.572,0.0037726044830807,
6.574,0.00377219762528597,
6.576,0.0037715422033720697,
6.578,0.0037706386818451903,
6.58,0.0037694875322667903,
6.582,0.0037680892331036202,
6.584,0.00376644426957478,
6.586,0.00376455313349761,
6.588,0.0037624163231352002,
6.59,0.00376003434304852,
6.592,0.0037574077039555197,
6.594,0.0037545369225988204,
6.596,0.00375142252162198,
6.598,0.0037480650294537295,
6.6,0.0037444649801979,
6.602,0.00374062291352682,
6.604,0.0037365393745758496,
6.606,0.00373221491383706,
6.608,0.0037276500870513,
6.61,0.0037228454550992194,
6.612,0.0037178015838927403,
6.614,0.00371251904426966,
6.616,0.00370699841189438,
6.618,0.0037012402671668795,
6.62,0.0036952451951413195,
6.622,0.0036890137854534003,
6.624,0.0036825466322544897,
6.626,0.00367584433414865,
6.628,0.0036689074941288597,
6.63,0.00366173671950924,
6.632,0.0036543326218522795,
6.634,0.00364669581689212,
6.636,0.0036388269244574997,
6.638,0.0036307265683994403,
6.64,0.0036223953765286802,
6.642,0.0036138339805667306,
6.644,0.00360504301611211,
6.646,0.00359602312262021,
6.648,0.0035867749433934103,
6.65,0.00357729912557642,
6.652,0.0035675963201525695,
6.654,0.00355766718193802,
6.656,0.00354751236957326,
6.658,0.00353713254551316,
6.66,0.0035265283760187002,
6.662,0.0035157005311529698,
6.664,0.00350464968478424,
6.666,0.0034933765145967704,
6.668,0.00348188170210939,
6.67,0.0034701659327007394,
6.672,0.00345822989563942,
6.674,0.0034460742841183403,
6.676,0.0034336997952916,
6.678,0.00342110713031402,
6.68,0.00340829699438213,
6.682,0.00339527009677685,
6.684,0.00338202715090726,
6.686,0.0033685688743559598,
6.688,0.0033548959889271104,
6.69,0.00334100922069871,
6.692,0.0033269093000818,
6.694,0.00331259696188851,
6.696,0.0032980729454111404,
6.698,0.0032833379945125998,
6.7,0.00326839285772739,
6.702,0.0032532382883714694,
6.704,0.0032378750446578797,
6.706,0.00322230388981516,
6.708,0.00320652559220595,
6.71,0.0031905409254438903,
6.712,0.0031743506685078704,
6.714,0.0031579556058539404,
6.716,0.00314135652752608,
6.718,0.0031245542292679595,
6.72,0.0031075495126376904,
6.722,0.00309034318512846,
6.724,0.0030729360602962,
6.726,0.0030553289578959105,
6.728,0.0030375227040260796,
6.73,0.0030195181312808296,
6.732,0.00300131607890824,
6.734,0.0029829173929735503,
6.736,0.00296432292652622,
6.738,0.0029455335397702903,
6.74,0.0029265501002371996,
6.742,0.0029073734829608102,
6.744,0.0028880045706531398,
6.746,0.0028684442538797405,
6.748,0.00284869343123321,
6.75,0.00282875300950447,
6.752,0.0028086239038529505,
6.754,0.0027883070379780004,
6.756,0.0027678033442958497,
6.758,0.00274711376412539,
6.76,0.0027262392478859896,
6.762,0.00270518075530685,
6.764,0.00268393925564547,
6.766,0.00266251572790934,
6.768,0.00264091116107472,
6.77,0.0026191265542968196,
6.772,0.0025971629171076503,
6.774,0.00257502126960228,
6.776,0.0025527026426169098,
6.778,0.00253020807790485,
6.78,0.00250753862831723,
6.782,0.00248469535799498,
6.784,0.00246167934257528,
6.786,0.0024384916694140096,
6.788,0.00241513343782144,
6.79,0.0023916057593069504,
6.792,0.0023679097578263204,
6.794,0.0023440465700247702,
6.796,0.00232001734547001,
6.798,0.00229582324687103,
6.8,0.00227146545028143,
6.802,0.00224694514528904,
6.804,0.00222226353519724,
6.806,0.0021974218372044097,
6.808,0.00217242128258948,
6.81,0.0021472631169096304,
6.812,0.00212194860021285,
6.814,0.0020964790072648303,
6.816,0.0020708556277846896,
6.818,0.0020450797666827798,
6.82,0.00201915274429159,
6.822,0.00199307589658385,
6.824,0.00196685057537395,
6.826,0.00194047814850354,
6.828,0.0019139600000157003,
6.83,0.0018872975303238601,
6.832,0.0018604921563834798,
6.834,0.00183354531187147,
6.836,0.0018064584473774497,
6.838,0.00177923303060611,
6.84,0.00175187054658776,
6.842,0.0017243724978912198,
6.844,0.0016967404048323,
6.846,0.0016689758056711399,
6.848,0.00164108025679348,
6.85,0.0016130553328732597,
6.852,0.0015849026270172298,
6.854,0.0015566237508949602,
6.856,0.00152822033486058,
6.858,0.0014996940280727503,
6.86,0.0014710464986204,
6.862,0.00144227943365886,
6.864,0.0014133945395585798,
6.866,0.00138439354206497,
6.868,0.0013552781864647101,
6.87,0.0013260502377516702,
6.872,0.00129671148078445,
6.874,0.00126726372042926,
6.876,0.00123770878168365,
6.878,0.00120804850978047,
6.88,0.0011782847702742998,
6.882,0.0011484194491154598,
6.884,0.0011184544527175,
6.886,0.0010883917080238101,
6.888,0.0010582331625770102,
6.89,0.0010279807845922702,
6.892,0.00099763656303348,
6.894,0.0009672025076884897,
6.896,0.0009366806492402599,
6.898,0.00090607303932992,
6.9,0.0008753817506099101,
6.902,0.0008446088767866801,
6.904,0.0008137565326542299,
6.906,0.0007828268541204097,
6.908,0.0007518219982280399,
6.91,0.00072074414317226,
6.912,0.00068959548831433,
6.914,0.00065837825419087,
6.916,0.0006270946825162899,
6.918,0.0005957470361760899,
6.92,0.00056433759920856,
6.922,0.00053286867677369,
6.924,0.0005013425951092901,
6.926,0.00046976170147629997,
6.928,0.00043812836409639006,
6.93,0.0004064449720863801,
6.932,0.00037471393539298013,
6.934,0.0003429376847310802,
6.936,0.00031111867152536004,
6.938,0.00027925936785317003,
6.94,0.00024736226638351995,
6.942,0.00021542988030611994,
6.944,0.00018346474324428008,
6.946,0.00015146940914776016,
6.948,0.00011944645216474992,
6.95,8.739846649535995e-05,
6.952,5.532806623202019e-05,
6.954,2.3237885192950144e-05,
6.956,-8.8694232461199e-06,
6.958,-4.099118631850011e-05,
6.96,-7.312471203159009e-05,
6.962,-0.00010526728933254017,
6.964,-0.00013741618827840005,
6.966,-0.00016956866021391992,
6.968,-0.00020172193795949997,
6.97,-0.00023387323600905594,
6.972,-0.000266019750736779,
6.974,-0.00029815866061105596,
6.976,-0.000330287126414573,
6.978,-0.00036240229147091105,
6.98,-0.00039450128187958197,
6.982,-0.000426581206761918,
6.984,-0.000458639158519982,
6.986,-0.0004906722131094729,
6.988,-0.000522677430325354,
6.99,-0.000554651854097914,
6.992,-0.0005865925127955429,
6.994,-0.0006184964195314419,
6.996,-0.0006503605724723561,
6.998,-0.0006821819551487139,
7.0,-0.000713957536767648,
7.002,-0.0007456842725298141,-0.001241370769380275
7.004,-0.0007773591039520631,-0.0012319853580057447
7.006,-0.000808978959196388,-0.0012225927918325771
7.008,-0.0008405407534056901,-0.0012131930914647518
7.01,-0.0008720413890465459,-0.0012037862775224391
7.012,-0.0009034777562598641,-0.0011943723706420771
7.014,-0.0009348467332207929,-0.0011849513914763254
7.016,-0.000966145186510237,-0.0011755233606941464
7.018,-0.0009973699714998221,-0.001166088298980781
7.02,-0.001028517932751123,-0.0011566462270377696
7.022,-0.001059585904427815,-0.0011471971655829694
7.024,-0.001090570710717401,-0.001137741135350592
7.026,-0.001121469166257455,-0.0011282781570912134
7.028,-0.0011522780765615668,-0.0011188082515717487
7.03,-0.0011829942384413794,-0.0011093314395755633
7.032,-0.0012136144404245252,-0.0010998477419023997
7.034,-0.0012441354631710247,-0.0010903571793684536
7.036,-0.0012745540798933112,-0.0010808597728063584
7.038,-0.0013048670567861196,-0.001071355543065258
7.04,-0.0013350711534707766,-0.0010618445110107593
7.042,-0.001365163123455943,-0.0010523266975250019
7.044,-0.0013951397146136052,-0.0010428021235066771
7.046,-0.0014249976696659508,-0.001033270809871021
7.048,-0.0014547337266777299,-0.0010237327775498497
7.05,-0.0014843446195490222,-0.0010141880474916036
7.052,-0.001513827078505486,-0.0010046366406613622
7.054,-0.0015431778305857792,-0.0009950785780408285
7.056,-0.001572393600128415,-0.0009855138806284258
7.058,-0.001601471109261809,-0.0009759425694392346
7.06,-0.001630407078401418,-0.0009663646655050985
7.062,-0.0016591982267570062,-0.0009567801898745932
7.064,-0.001687841272850997,-0.0009471891636130986
7.066,-0.001716332935047323,-0.0009375916078027638
7.068,-0.001744669932088495,-0.0009279875435425998
7.07,-0.0017728489836375961,-0.0009183769919484545
7.072,-0.0018008668108218501,-0.0009087599741530731
7.074,-0.001828720136774829,-0.0008991365113061189
7.076,-0.001856405687175315,-0.0008895066245741699
7.078,-0.001883920190782297,-0.0008798703351408131
7.08,-0.0019112603799673871,-0.0008702276642065897
7.082,-0.001938422991247665,-0.0008605786329890938
7.084,-0.001965404765822722,-0.0008509232627229676
7.086,-0.001992202450120833,-0.0008412615746599401
7.088,-0.002018812796357401,-0.0008315935900688595
7.09,-0.002045232563107653,-0.000821919330235721
7.092,-0.002071458515892147,-0.0008122388164636913
7.094,-0.00209748742777145,-0.0008025520700731463
7.096,-0.002123316079944224,-0.0007928591124017244
7.098,-0.002148941262342459,-0.0007831599648043079
7.1,-0.002174359774219557,-0.0007734546486531026
7.102,-0.0021995684247287928,-0.0007637431853376477
7.104,-0.002224564033493839,-0.0007540255962648515
7.106,-0.00224934343117504,-0.0007443019028590557
7.108,-0.00227390346003638,-0.0007345721265619946
7.11,-0.0022982409745179897,-0.0007248362888329289
7.112,-0.00232235284181648,-0.0007150944111485939
7.114,-0.0023462359424731103,-0.000705346515003294
7.116,-0.0023698871709674,-0.0006955926219088917
7.118,-0.0023933034363124604,-0.0006858327533948952
7.12,-0.00241648166264877,-0.0006760669310084568
7.122,-0.0024394187898343,-0.0006662951763144037
7.124,-0.00246211177403067,-0.0006565175108953113
7.126,-0.00248455758828623,-0.0006467339563515302
7.128,-0.00250675322311807,-0.0006369445343011955
7.13,-0.0025286956870935098,-0.0006271492663802917
7.132,-0.00255038200741163,-0.0006173481742427028
7.134,-0.00257180923048359,-0.0006075412795602181
7.136,-0.00259297442251077,-0.0005977286040225905
7.138,-0.00261387467005989,-0.0005879101693375796
7.14,-0.0026345070806355403,-0.0005780859972309999
7.142,-0.00265486878325187,-0.0005682561094467314
7.144,-0.00267495692900589,-0.0005584205277467805
7.146,-0.00269476869165453,-0.0005485792739113413
7.148,-0.00271430126819624,-0.0005387323697387998
7.15,-0.00273355187945634,-0.0005288798370457922
7.152,-0.0027525177706728297,-0.000519021697667271
7.154,-0.00277119621207881,-0.0005091579734565032
7.156,-0.00278958449947663,-0.0004992886862851737
7.158,-0.0028076799548007996,-0.000489413858043336
7.16,-0.0028254799266679903,-0.00047953351063956896
7.162,-0.0028429817909147396,-0.0004696476660009406
7.164,-0.00286018295112614,-0.00045975634607309696
7.166,-0.00287708083915882,-0.0004498595728202832
7.168,-0.00289367291566283,-0.0004399573682253893
7.17,-0.00290995667060537,-0.00043004975429002416
7.172,-0.00292592962379802,-0.00042013675303452595
7.174,-0.00294158932542689,-0.00041021838649803725
7.176,-0.00295693335658361,-0.00040029467673855646
7.178,-0.00297195932979332,-0.000390365645832937
7.18,-0.00298666488953627,-0.0003804313158769923
7.182,-0.00300104771275986,-0.0003704917089855364
7.184,-0.0030151055093799303,-0.00036054684729239233
7.186,-0.00302883602277151,-0.00035059675295049866
7.188,-0.0030422370302513498,-0.00034064144813189437
7.19,-0.0030553063435549,-0.00033068095502784644
7.192,-0.00306804180931009,-0.0003207152958488235
7.194,-0.00308044130950864,-0.000310744492824616
7.196,-0.00309250276197398,-0.0003007685682043191
7.198,-0.00310422412082242,-0.00029078754425644957
7.2,-0.0031156033769140596,-0.00028080144326894955
7.202,-0.00312663855829016,-0.00027081028754927613
7.204,-0.00313732773059591,-0.000260814099424414
7.206,-0.00314766899749036,-0.0002508129012409821
7.208,-0.00315766050104801,-0.0002408067153652309
7.21,-0.0031673004221578,-0.0002307955641831174
7.212,-0.00317658698092468,-0.00022077947010038852
7.214,-0.00318551843707613,-0.0002107584555426162
7.216,-0.0031940930903724797,-0.00020073254295520468
7.218,-0.00320230928101543,-0.00019070175480353585
7.22,-0.0032101653900465602,-0.00018066611357295714
7.222,-0.00321765983972766,-0.00017062564176886278
7.224,-0.0032247910938963302,-0.00016058036191675946
7.226,-0.0032315576582954,-0.0001505302965622796
7.228,-0.00323795808087902,-0.00014047546827131667
7.23,-0.00324399095210319,-0.00013041589962999871
7.232,-0.00324965490521001,-0.00012035161324480831
7.234,-0.0032549486165144303,-0.00011028263174259332
7.236,-0.00325987080569863,-0.00010020897777067546
7.238,-0.00326442023611458,-9.013067399687e-05
7.24,-0.00326859571508997,-8.004774310956264e-05
7.242,-0.00327239609422957,-6.996020781775842e-05
7.244,-0.00327582026970272,-5.986809085116737e-05
7.246,-0.0032788671825096597,-4.977141496021785e-05
7.248,-0.0032815358187221,-3.9670202916179415e-05
7.25,-0.00328382520969903,-2.956447751117272e-05
7.252,-0.0032857344322816404,-1.9454261558232498e-05
7.254,-0.0032872626089750804,-9.339577891423598e-06
7.256,-0.00328840890812438,7.795506341602353e-07
7.258,-0.0032891725440909,1.0903101142299809e-05
7.26,-0.0032895527774324702,2.10310507355982e-05
7.262,-0.00328954891508624,3.116337649541595e-05
7.264,-0.00328916031054987,4.130005548179784e-05
7.266,-0.0032883863640540602,5.144106473342759e-05
7.268,-0.00328722652271854,6.15863812675538e-05
7.27,-0.00328568028068546,7.173598207991975e-05
7.272,-0.0032837471792265,8.188984414471298e-05
7.274,-0.00328142680682441,9.204794441448614e-05
7.276,-0.00327871879923356,0.00010221025982011
7.278,-0.00327562283952672,0.0001123767672706754
7.28,-0.0032721386581361102,0.00012254744365345363
7.282,-0.00326826603289547,0.0001327222658338423
7.284,-0.0032640047890862903,0.00014290121065525205
7.286,-0.0032593547994875403,0.00015308425493909433
7.288,-0.0032543159844239397,0.00016327137548466142
7.29,-0.00324888831180559,0.00017346254906911349
7.292,-0.00324307179715112,0.00018365775244736808
7.294,-0.00323686650358838,0.00019385696235205816
7.296,-0.00323027254182996,0.00020406015549342713
7.298,-0.00322329007012433,0.00021426730855932056
7.3,-0.00321591929418711,0.0002244783982150543
7.302,-0.00320816046711832,0.00023469340110339137
7.304,-0.00320001388931235,0.00024491229384445004
7.306,-0.00319147990836533,0.00025513505303564356
7.308,-0.00318255891898308,0.00026536165525160393
7.31,-0.0031732513628893897,0.0002755920770441129
7.312,-0.00316355772873221,0.00028582629494202706
7.314,-0.00315347855198386,0.00029606428545123683
7.316,-0.0031430144148301403,0.00030630602505454216
7.318,-0.00313216594604421,0.00031655149021162735
7.32,-0.00312093382084161,0.0003268006573589786
7.322,-0.0031093187607155303,0.00033705350290979126
7.324,-0.00309732153325252,0.000347310003253946
7.326,-0.0030849429519314697,0.00035757013475784635
7.328,-0.0030721838759095402,0.00036783387376447747
7.33,-0.00305904520979883,0.0003781011965932208
7.332,-0.00304552790343733,0.0003883720795398172
7.334,-0.00303163295165593,0.00039864649887632296
7.336,-0.00301736139404162,0.0004089244308509972
7.338,-0.0030027143146951797,0.00041920585168824355
7.34,-0.00298769284198052,0.00042949073758855364
7.342,-0.00297229814826241,0.0004397790647283895
7.344,-0.00295653144962981,0.00045007080926016507
7.346,-0.00294039400560278,0.00046036594731213435
7.348,-0.00292388711882288,0.0004706644549883339
7.35,-0.00290701213472802,0.0004809663083684785
7.352,-0.0028897704412142802,0.0004912714835079359
7.354,-0.00287216346828808,0.0005015799564376138
7.356,-0.00285419268771246,0.0005118917031639038
7.358,-0.00283585961265052,0.0005222066996685924
7.36,-0.00281716579730888,0.0005325249219088
7.362,-0.00279811283658098,0.0005428463458168882
7.364,-0.00277870236568985,0.0005531709473004162
7.366,-0.00275893605982641,0.0005634987022420135
7.368,-0.0027388156337792603,0.000573829586499364
7.37,-0.00271834284155109,0.0005841635759050786
7.372,-0.0026975194759579,0.0005945006462666424
7.374,-0.00267634736820897,0.0006048407733663518
7.376,-0.00265482838746856,0.000615183932961217
7.378,-0.0026329644404020497,0.0006255301007828721
7.38,-0.0026107574707116797,0.0006358792525375463
7.382,-0.00258820945866695,0.0006462313639059374
7.384,-0.0025653224206343,0.0006565864105431787
7.386,-0.0025420984086081903,0.0006669443680787217
7.388,-0.002518539509744,0.0006773052121162754
7.39,-0.00249464784589024,0.0006876689182337467
7.392,-0.00247042557311669,0.0006980354619831413
7.394,-0.00244587488123456,0.0007084048188904733
7.396,-0.00242099799330542,0.000718776964455741
7.398,-0.0023957971651374,0.0007291518741527983
7.4,-0.0023702746847689997,0.0007395295234292782
7.402,-0.00234443287194202,0.0007499098877065766
7.404,-0.00231827407756693,0.0007602929423796888
7.406,-0.00229180068318319,0.0007706786628171939
7.408,-0.002265015100417678,0.0007810670243611509
7.41,-0.002237919770442502,0.00079145800232702
7.412,-0.002210517163432746,0.0008018515720036045
7.414,-0.0021828097780233827,0.0008122477086529468
7.416,-0.0021548001407638113,0.0008226463875102833
7.418,-0.002126490805568061,0.0008330475837839225
7.42,-0.0020978843531588402,0.0008434512726552182
7.422,-0.002068983390503753,0.0008538574292784432
7.424,-0.002039790550243207,0.0008642660287807524
7.426,-0.0020103084901097992,0.0008746770462620728
7.428,-0.001980539892340445,0.0008850904567950603
7.43,-0.001950487463082903,0.0008955062354249692
7.432,-0.001920153931799016,0.0009059243571696281
7.434,-0.001889542050667024,0.0009163447970193467
7.436,-0.0018586545939851548,0.0009267675299368175
7.438,-0.001827494357577522,0.0009371925308570632
7.44,-0.0017960641582025181,0.0009476197746873479
7.442,-0.00176436683296254,0.0009580492363071031
7.444,-0.0017324052387127438,0.0009684808905678385
7.446,-0.001700182251466517,0.0009789147122930863
7.448,-0.001667700765795416,0.0009893506762783163
7.45,-0.001634963694222327,0.0009997887572908374
7.452,-0.0016019739666082219,0.001010228930069756
7.454,-0.001568734529534052,0.001020671169325881
7.456,-0.001535248345680168,0.001031115449741614
7.458,-0.001501518393206069,0.0010415617459709637
7.46,-0.0014675476651323659,0.0010520100326393753
7.462,-0.0014333391687263212,0.0010624602843436906
7.464,-0.001398895924890755,0.0010729124756520866
7.466,-0.00136422096755559,0.0010833665811039736
7.468,-0.0013293173430709276,0.0010938225752099298
7.47,-0.0012941881096002117,0.0011042804324516333
7.472,-0.0012588363365132024,0.0011147401272817844
7.474,-0.0012232651037780858,0.00112520163412399
7.476,-0.0011874775013529131,0.0011356649273727853
7.478,-0.0011514766285761271,0.0011461299813934425
7.48,-0.001115265593556507,0.0011565967705219637
7.482,-0.001078847512561939,0.0011670652690650078
7.484,-0.00104222550940744,0.0011775354512997883
7.486,-0.0010054027148422681,0.001188007291474005
7.488,-0.0009683822659370901,0.0011984807638058018
7.49,-0.0009311673054719629,0.0012089558424836317
7.492,-0.0008937609813266341,0.0012194325016662445
7.494,-0.0008561664458744431,0.0012299107154825732
7.496,-0.000818386855381404,0.0012403904580316984
7.498,-0.0007804253694118219,0.0012508717033827255
7.5,-0.0007422851502418069,0.001261354425574753
7.502,-0.000703969362281893,0.0012718385986167863
7.504,-0.000665481171509116,0.0012823241964876608
7.506,-0.0006268237449084391,0.0012928111931359745
7.508,-0.0005880002499215379,0.0013032995624800202
7.51,-0.000549013853900071,0.0013137892784077243
7.512,-0.0005098677235589181,0.0013242803147765192
7.514,-0.00047056502442524193,0.0013347726454133776
7.516,-0.00043110892027976497,0.0013452662441146427
7.518,-0.00039150257258927597,0.0013557610846460049
7.52,-0.000351749139932693,0.0013662571407424215
7.522,-0.0003118517774255501,0.0013767543861080516
7.524,-0.00027181363615067,0.0013872527944162048
7.526,-0.00023163786260263996,0.00139775233930922
7.528,-0.00019132759815206003,0.001408252994398457
7.53,-0.00015088597853204003,0.0014187547332642032
7.532,-0.00011031613334510997,0.0014292575294555861
7.534,-6.962118558449001e-05,0.001439761356490556
7.536,-2.88042511614199e-05,0.0014502661878557732
7.538,1.2131561570070037e-05,0.001460771997006569
7.54,5.318315229747004e-05,0.0014712787573668495
7.542,9.434742924563995e-05,0.0014817864423290901
7.544,0.00013562130968248,0.0014922950252541963
7.546,0.00017700172042862017,0.00150280447947149
7.548,0.00021848559836307006,0.00151331477827864
7.55,0.0002600698909161899,0.001523825894941573
7.552,0.00030175155654352985,0.001534337802694451
7.554,0.00034352756517640995,0.001544850474739571
7.556,0.00038539489864962005,0.0015553638842473237
7.558,0.00042735055110951,0.0015658780043561159
7.56,0.0004693915294087499,0.0015763928081723446
7.562,0.0005115148534946999,0.0015869082687702876
7.564,0.00055371755679864,0.0015974243591920895
7.566,0.00059599668663083,0.001607941052447679
7.568,0.00063834930458384,0.001618458321514699
7.57,0.0006807724869434201,0.0016289761393384929
7.572,0.00072326332510286,0.0016394944788319947
7.574,0.0007658189259745101,0.0016500133128756996
7.576,0.0008084364123909702,0.001660532614317611
7.578,0.00085111292348903,0.001671052355973173
7.58,0.0008938456150712701,0.0016815725106252245
7.582,0.0009366316599435998,0.001692093051023938
7.584,0.0009794682482306598,0.0017026139498867643
7.586,0.0010223525876743003,0.0017131351798983915
7.588,0.00106528190392253,0.001723656713710668
7.59,0.00110825344081656,0.00173417852394261
7.592,0.0011512644606822802,0.0017447005831802615
7.594,0.0011943122446290602,0.0017552228639767093
7.596,0.0012373940928552,0.0017657453388520137
7.598,0.0012805073249557,0.0017762679802931648
7.6,0.00132364928022518,0.0017867907607540196
7.602,0.00136681731794877,0.0017973136526552756
7.604,0.00141000881767423,0.0018078366283843998
7.606,0.0014532211794621899,0.0018183596602956021
7.608,0.00149645182411448,0.0018288827207097996
7.61,0.00153969819338419,0.00183940578191453
7.612,0.0015829577501735197,0.0018499288161639455
7.614,0.0016262279787257702,0.001860451795678763
7.616,0.00166950638481692,0.0018709746926462065
7.618,0.0017127904959497097,0.0018814974792199781
7.62,0.00175607786154976,0.0018920201275202295
7.622,0.0017993660531606301,0.0019025426096334944
7.624,0.0018426526646327097,0.001913064897612648
7.626,0.00188593531230087,0.0019235869634769268
7.628,0.00192921163514645,0.0019341087792118137
7.63,0.00197247929494201,0.0019446303167690558
7.632,0.00201573597637918,0.0019551515480665887
7.634,0.00205897938718291,0.001965672444988542
7.636,0.00210220725821579,0.0019761929793851766
7.638,0.00214541734357707,0.001986713123072874
7.64,0.00218860742069918,0.0019972328478340723
7.642,0.0022317752904430803,0.0020077521254172697
7.644,0.0022749187771919505,0.0020182709275369678
7.646,0.00231803572894058,0.0020287892258736796
7.648,0.0023611240173773695,0.0020393069920738513
7.65,0.00240418153795577,0.0020498241977498655
7.652,0.0024472062099524998,0.0020603408144800124
7.654,0.00249019597651164,0.0020708568138084627
7.656,0.0025331488046749597,0.002081372167245239
7.658,0.00257606268540038,0.002091886846266199
7.66,0.0026189356335712803,0.0021024008223130062
7.662,0.0026617656879998996,0.0021129140667931097
7.664,0.00270455091142761,0.002123426551079749
7.666,0.0027472893905239096,0.0021339382465118905
7.668,0.0027899792358850603,0.002144449124394234
7.67,0.002832618582031,0.0021549591559972057
7.672,0.0028752055873984697,0.0021654683125569224
7.674,0.0029177384343266597,0.0021759765652751783
7.676,0.0029602153290314995,0.0021864838853194618
7.678,0.0030026345015651797,0.002196990243822887
7.68,0.00304499420575907,0.002207495611884228
7.682,0.00308729271914955,0.002217999960567927
7.684,0.0031295283428894698,0.002228503260904002
7.686,0.00317169940164883,0.002239005483888129
7.688,0.0032138042435094303,0.002249506600481564
7.69,0.00325584123985843,0.002260006581611194
7.692,0.0032978087852835103,0.0022705053981695073
7.694,0.0033397052974709104,0.002281003021014581
7.696,0.0033815292171048795,0.002291499420970096
7.698,0.00342327900776598,0.0023019945688253357
7.7,0.0034649531558244295,0.0023124884353351565
7.702,0.00350655017032561,0.0023229809912200523
7.704,0.00354806858286609,0.0023334722071660925
7.706,0.00358950694745976,0.002343962053824961
7.708,0.00363086384039566,0.002354450501813948
7.71,0.00367213786008906,0.0023649375217159626
7.712,0.0037133276269278002,0.0023754230840795617
7.714,0.0037544317831144803,0.0023859071594189
7.716,0.0037954489925044604,0.0023963897182138283
7.718,0.0038363779404384504,0.002406870730909795
7.72,0.0038772173335677703,0.0024173501679179946
7.722,0.00391796589967075,0.002427827999615255
7.724,0.0039586223874590295,0.002438304196344119
7.726,0.00399918556637391,0.002448778728412877
7.728,0.00403965422637368,0.0024592515660955237
7.73,0.0040800271777141905,0.002469722679631845
7.732,0.0041203032507258,0.002480192039227382
7.734,0.00416048129558965,0.0024906596150535087
7.736,0.00420056018211637,0.002501125377247409
7.738,0.0042405387995287196,0.0025115892959121475
7.74,0.00428041605624856,0.0025220513411166458
7.742,0.0043201908796864,0.0025325114828957736
7.744,0.00435986221603046,0.002542969691250298
7.746,0.00439942903003168,0.0025534259361469983
7.748,0.004438890304780859,0.002563880187518665
7.75,0.0044782450414764,0.002574332415264111
7.752,0.0045174922591819195,0.0025847825892482425
7.754,0.00455663099457633,0.0025952306793020864
7.756,0.00459566030169942,0.0026056766552228147
7.758,0.00463457925169663,0.0026161204867738348
7.76,0.0046733869325657,0.0026265621436847627
7.762,0.00471208244890614,0.0026370015956515076
7.764,0.004750664921670559,0.0026474388123363295
7.766,0.00478913348791542,0.0026578737633678453
7.768,0.00482748730054877,0.0026683064183411188
7.77,0.00486572552807293,0.0026787367468176933
7.772,0.004903847354321599,0.0026891647183256385
7.774,0.00494185197819233,0.0026995903023595996
7.776,0.00497973861337596,0.0027100134683809003
7.778,0.005017506488084631,0.002720434185817539
7.78,0.005055154844779059,0.0027308524240642652
7.782,0.00509268293989496,0.002741268152482667
7.784,0.00513009004356708,0.0027516813404012057
7.786,0.00516737543935008,0.0027620919571152923
7.788,0.00520453842393576,0.0027724999718873457
7.79,0.00524157830686797,0.00278290535394686
7.792,0.00527849441025811,0.0027933080724904884
7.794,0.00531528606850497,0.0028037080966820988
7.796,0.00535195262802242,0.0028141053956528624
7.798,0.00538849344697752,0.002824499938501288
7.8,0.0054249078950388795,0.0028348916942933515
7.802,0.0054611953531328505,0.0028452806320625524
7.804,0.0054973552132032,0.0028556667208099753
7.806,0.00553338687796843,0.0028660499295044013
7.808,0.005569289760671389,0.0028764302270823635
7.81,0.00560506328481757,0.0028868075824482605
7.812,0.00564070688390054,0.002897181964474411
7.814,0.00567622000111643,0.002907553342001202
7.816,0.00571160208907159,0.0029179216838370824
7.818,0.005746852609489549,0.0029282869587587555
7.82,0.0057819710329237405,0.0029386491355112105
7.822,0.005816956838481491,0.002949008182807838
7.824,0.00585180951356259,0.002959364069330545
7.826,0.00588652855361278,0.0029697167637298223
7.828,0.00592111346188957,0.0029800662346248633
7.83,0.00595556374923547,0.0029904124506036803
7.832,0.00598987893385278,0.0030007553802232074
7.834,0.00602405854107444,0.0030110949920093594
7.836,0.00605810210312745,0.0030214312544572276
7.838,0.00609200915888813,0.0030317641360311162
7.84,0.00612577925363075,0.0030420936051647
7.842,0.00615941193877403,0.0030524196302611183
7.844,0.00619290677162981,0.003062742179693108
7.846,0.00622626331515877,0.0030730612218031043
7.848,0.00625948113773551,0.0030833767249033835
7.85,0.00629255981292401,0.003093688657276186
7.852,0.00632549891926168,0.0031039969871738153
7.854,0.00635829804004937,0.0031143016828187866
7.856,0.006390956763144389,0.003124602712403967
7.858,0.00642347468075349,0.003134900044092682
7.86,0.00645585138922512,0.003145193646018875
7.862,0.00648808648884082,0.0031554834862872116
7.864,0.006520179583607131,0.0031657695329732533
7.866,0.006552130281050341,0.003176051754123576
7.868,0.00658393819201601,0.003186330117755896
7.87,0.00661560293047501,0.003196604591859295
7.872,0.006647124113336659,0.0032068751443942328
7.874,0.00667850136026927,0.003217141743292832
7.876,0.00670973429352696,0.003227404356458917
7.878,0.00674082253778178,0.0032376629517682576
7.88,0.006771765719959631,0.0032479174970686552
7.882,0.0068025634690787795,0.0032581679601801548
7.884,0.0068332154160899005,0.0032684143088951446
7.886,0.00686372119371687,0.0032786565109785733
7.888,0.00689408043629808,0.003288894534168095
7.89,0.00692429277962854,0.0032991283461742097
7.892,0.006954357860803629,0.003309357914680481
7.894,0.006984275318065899,0.003319583207343641
7.896,0.0070140447906572,0.0033298041917938317
7.898,0.00704366591867832,0.003340020835634734
7.9,0.0070731383429583706,0.003350233106443749
7.902,0.00710246170493511,0.0033604409717722123
7.904,0.00713163564654606,0.0033706443991455134
7.906,0.007160659810128621,0.00338084335606334
7.908,0.00718953383832551,0.0033910378099998324
7.91,0.00721825737399113,0.0034012277284037724
7.912,0.00724683006009439,0.0034114130786987826
7.914,0.00727525153961527,0.0034215938282835118
7.916,0.0073035214554344995,0.0034317699445318307
7.918,0.00733163945021934,0.003441941394793024
7.92,0.007359605166310749,0.003452108146392019
7.922,0.00738741824561886,0.003462270166629527
7.924,0.00741507832953306,0.003472427422782311
7.926,0.007442585058851229,0.003482579882103371
7.928,0.007469938073728361,0.0034927275118221287
7.93,0.00749713701364119,0.003502870279144645
7.932,0.00752418151736257,0.0035130081512538655
7.934,0.00755107122293746,0.003523141095309806
7.936,0.007577805767653911,0.003533269078449769
7.938,0.00760438478800506,0.0035433920677885975
7.94,0.007630807919642089,0.0035535100304188287
7.942,0.007657074797321519,0.0035636229334109954
7.944,0.0076831850548527095,0.0035737307438138146
7.946,0.00770913832505128,0.0035838334286544113
7.948,0.00773493423970258,0.0035939309549385635
7.95,0.007760572429536431,0.0036040232896509352
7.952,0.007786052524211381,0.0036141103997552925
7.954,0.00781137415230474,0.0036241922521947794
7.956,0.00783653694130463,0.0036342688138921377
7.958,0.007861540517601469,0.0036443400517499358
7.96,0.00788638450647886,0.0036544059326508354
7.962,0.00791106853210587,0.00366446642345783
7.964,0.00793559221753424,0.0036745214910145264
7.966,0.00795995518470421,0.003684571102145319
7.968,0.00798415705446061,0.0036946152236557385
7.97,0.00800819744657944,0.0037046538223326486
7.972,0.00803207597980241,0.003714686864944513
7.974,0.00805579227187643,0.003724714318241694
7.976,0.008079345939594279,0.003734736148956666
7.978,0.00810273659883422,0.003744752323804315
7.98,0.00812596386459781,0.0037547628094822
7.982,0.00814902735104609,0.0037647675726708413
7.984,0.00817192667153552,0.0037747665800339576
7.986,0.00819466143865475,0.00378475979821876
7.988,0.00821723126426265,0.003794747193856245
7.99,0.00823963575952772,0.0038047287335614666
7.992,0.00826187453496846,0.0038147043839338144
7.994,0.00828394720049545,0.0038246741115572956
7.996,0.00830585336545583,0.003834637883000837
7.998,0.00832759263868275,0.0038445956648185645
8.0,0.00834916462855177,0.0038545474235501197
8.002,0.00837056894304622,0.0038644931257209142
8.004,0.008391805189831542,0.00387443273784246
8.006,0.00841287297633723,0.0038843662264126597
8.008,0.00843377190984305,0.003894293557916113
8.01,0.008454501597565611,0.0039042146988244185
8.012,0.00847506164674167,0.0039141296155964685
8.014,0.008495451664705861,0.0039240382746787905
8.016,0.00851567125896245,0.003933940642505835
8.018,0.008535720037252871,0.003943836685500283
8.02,0.00855559760762152,0.003953726370073398
8.022,0.00857530357848329,0.003963609662625308
8.024,0.008594837558695601,0.003973486529545357
8.026,0.008614199157636879,0.003983356937212404
8.028,0.008633387985292559,0.0039932208519951546
8.03,0.00865240365234796,0.0040030782402525064
8.032,0.00867124577028772,0.0040129290683338795
8.034,0.008689913951499331,0.0040227733025795225
8.036,0.008708407809378869,0.0040326109093208684
8.038,0.00872672695843579,0.004042441854880899
8.04,0.00874487101439376,0.004052266105574428
8.042,0.008762839594285081,0.004062083627708489
8.044,0.00878063231653688,0.0040718943875826625
8.046,0.008798248801049631,0.0040816983514894295
8.048,0.00881568866927007,0.004091495485714513
8.05,0.00883295154426242,0.004101285756537266
8.052,0.00885003705078391,0.004111069130230961
8.054,0.00886694481536792,0.004120845573063195
8.056,0.00888367446641898,0.0041306150512962665
8.058,0.00890022563431992,0.004140377531187486
8.06,0.00891659795154744,0.0041501329789895725
8.062,0.00893279105279354,0.004159881360950997
8.064,0.00894880457508402,0.004169622643316382
8.066,0.00896463815789077,0.004179356792326855
8.068,0.00898029144323239,0.004189083774220421
8.07,0.008995764075763201,0.004198803555232341
8.072,0.00901105570285277,0.004208516101595511
8.074,0.009026165974659819,0.004218221379540842
8.076,0.009041094544205909,0.004227919355297649
8.078,0.00905584106745439,0.0042376099950940296
8.08,0.00907040520339563,0.004247293265157239
8.082,0.00908478661413999,0.004256969131714109
8.084,0.00909898496501542,0.0042666375609914
8.086,0.00911299992466608,0.004276298519216234
8.088,0.009126831165146891,0.004285951972616477
8.09,0.00914047836201302,0.004295597887421125
8.092,0.00915394119440174,0.004305236229860719
8.094,0.00916721934510841,0.004314866966167747
8.096,0.00918031250066145,0.004324490062577045
8.098,0.00919322035139847,0.004334105485326195
8.1,0.00920594259154711,0.004343713200655953
8.102,0.0092184789193128,0.004353313174810647
8.104,0.009230829036971049,0.004362905374038614
8.106,0.00924299265096449,0.0043724897645925674
8.108,0.00925496947199722,0.00438206631273007
8.11,0.00926675921512728,0.004391634984713909
8.112,0.00927836159985105,0.004401195746812568
8.114,0.009289776350181241,0.004410748565300604
8.116,0.00930100319471688,0.004420293406459097
8.118,0.00931204186670798,0.004429830236576075
8.12,0.00932289210411545,0.004439359021946931
8.122,0.00933355364966899,0.004448879728874896
8.124,0.0093440262509247,0.004458392323671429
8.126,0.00935430966032347,0.004467896772656678
8.128,0.00936440363525186,0.0044773930421599184
8.13,0.00937430793810652,0.004486881098519977
8.132,0.00938402233636289,0.004496360908085708
8.134,0.009393546602647,0.004505832437216398
8.136,0.00940288051480908,0.004515295652282255
8.138,0.009412023855996172,0.00452475051966481
8.14,0.009420976414720748,0.004534197005757405
8.142,0.00942973798492287,0.0045436350769656455
8.144,0.009438308366023399,0.004553064699707837
8.146,0.00944668736297096,0.00456248584041545
8.148,0.00945487478628235,0.004571898465533573
8.15,0.00946287045208187,0.004581302541521404
8.152,0.0094706741821429,0.004590698034852655
8.154,0.00947828580393241,0.004600084912016087
8.156,0.009485705150662129,0.0046094631395159034
8.158,0.009492932061342,0.0046188326838722815
8.16,0.00949996638083629,0.004628193511621812
8.162,0.00950680795991906,0.00463754558931797
8.164,0.00951345665532655,0.004646888883531592
8.166,0.00951991232980765,0.004656223360851353
8.168,0.00952617485217263,0.004665548987884274
8.17,0.009532244097341689,0.004674865731256135
8.172,0.009538119946394301,0.004684173557612011
8.174,0.00954380228661721,0.0046934724336167265
8.176,0.00954929101155149,0.004702762325955361
8.178,0.0095545860210321,0.004712043201333725
8.18,0.00955968722121954,0.0047213150264788315
8.182,0.009564594524619061,0.004730577768139431
8.184,0.00956930785009143,0.004739831393086443
8.186,0.00957382712285638,0.004749075868113488
8.188,0.00957815227449575,0.004758311160037387
8.19,0.00958228324296301,0.004767537235698625
8.192,0.00958621997260242,0.004776754061961875
8.194,0.00958996241418234,0.004785961605716487
8.196,0.00959351052493957,0.004795159833876994
8.198,0.00959686426863099,0.004804348713383605
8.2,0.00960002361558693,0.004813528211202723
8.202,0.00960298854275929,0.004822698294327429
8.204,0.00960575903376016,0.004831858929778014
8.206,0.00960833507888926,0.00484101008460247
8.208,0.00961071667515147,0.004850151725877014
8.21,0.00961290382626797,0.0048592838207065685
8.212,0.00961489654268546,0.004868406336225318
8.214,0.00961669484158714,0.004877519239597185
8.216,0.00961829874690969,0.004886622498016362
8.218,0.00961970828936444,0.004895716078707836
8.22,0.00962092350646392,0.004904799948927876
8.222,0.009621944442549341,0.004913874075964609
8.224,0.00962277114881782,0.004922938427138447
8.226,0.0096234036833465,0.004931992969802735
8.228,0.009623842111111891,0.004941037671344158
8.23,0.009624086504005749,0.004950072499183321
8.232,0.00962413694084667,0.004959097420775266
8.234,0.009623993507389931,0.004968112403610007
8.236,0.009623656296336191,0.004977117415213046
8.238,0.00962312540734081,0.004986112423145889
8.24,0.00962240094702362,0.004995097395006614
8.242,0.00962148302898144,0.005004072298430354
8.244,0.00962037177380302,0.005013037101089891
8.246,0.00961906730908686,0.005021991770696117
8.248,0.00961756976946344,0.005030936274998623
8.25,0.0096158792966206,0.005039870581786211
8.252,0.00961399603933267,0.005048794658887432
8.254,0.009611920153490609,0.005057708474171132
8.256,0.00960965180213259,0.0050666119955469725
8.258,0.00960719115547122,0.005075505190965996
8.26,0.009604538390915828,0.00508438802842112
8.262,0.009601693693089101,0.005093260475947765
8.264,0.00959865725383665,0.005102122501624277
8.266,0.00959542927223217,0.005110974073572571
8.268,0.009592009954581161,0.005119815159958625
8.27,0.00958839951442516,0.005128645728993028
8.272,0.00958459817255116,0.005137465748931538
8.274,0.00958060615700661,0.0051462751880756155
8.276,0.009576423703120469,0.005155074014772985
8.278,0.00957205105352949,0.005163862197418154
8.28,0.00956748845820688,0.0051726397044529904
8.282,0.00956273617448989,0.005181406504367265
8.284,0.00955779446710585,0.005190162565699173
8.286,0.0095526636081941,0.005198907857035919
8.288,0.00954734387732616,0.005207642347014243
8.29,0.009541835561523541,0.005216366004320987
8.292,0.009536138955277409,0.005225078797693623
8.294,0.00953025436056857,0.005233780695920831
8.296,0.00952418208689127,0.005242471667843045
8.298,0.00951792245127798,0.005251151682352972
8.3,0.00951147577832527,0.0052598207083962055
8.302,0.00950484240022022,0.005268478714971719
8.304,0.009498022656766261,0.005277125671132459
8.306,0.00949101689540912,0.005285761545985871
8.308,0.009483825471264511,0.0052943863086944805
8.31,0.009476448747147129,0.005302999928476417
8.312,0.00946888709360226,0.005311602374605999
8.314,0.0094611408889388,0.005320193616414272
8.316,0.00945321051926152,0.005328773623289542
8.318,0.0094450963785011,0.005337342364677995
8.32,0.00943679886843994,0.005345899810084179
8.322,0.009428318398734179,0.0053544459290715985
8.324,0.00941965538693299,0.005362980691263267
8.326,0.00941081025849882,0.005371504066342253
8.328,0.00940178344683063,0.005380016024052233
8.33,0.00939257539329459,0.005388516534198062
8.332,0.00938318654726157,0.005397005566646325
8.334,0.00937361736615095,0.0054054830913258705
8.336,0.00936386831547765,0.005413949078228388
8.338,0.0093539398688987,0.005422403497408975
8.34,0.009343832508254619,0.005430846318986652
8.342,0.00933354672360559,0.0054392775131449425
8.344,0.009323083013262151,0.0054476970501324325
8.346,0.00931244188381113,0.00545610490026331
8.348,0.00930162385014295,0.005464501033917922
8.35,0.009290629435481531,0.005472885421543346
8.352,0.00927945917141984,0.005481258033653907
8.354,0.00926811359796189,0.005489618840831764
8.356,0.00925659326357021,0.005497967813727462
8.358,0.00924489872521719,0.005506304923060458
8.36,0.0092330305484375,0.005514630139619685
8.362,0.00922098930738081,0.005522943434264119
8.364,0.00920877558486236,0.005531244777923303
8.366,0.00919638997241171,0.005539534141597928
8.368,0.00918383307031894,0.00554781149636035
8.37,0.00917110548767883,0.005556076813355171
8.372,0.00915820784243293,0.005564330063799748
8.374,0.00914514076140948,0.005572571218984803
8.376,0.00913190488036265,0.005580800250274898
8.378,0.00911850084401196,0.005589017129109036
8.38,0.00910492930608266,0.005597221827001175
8.382,0.00909119092934825,0.0056054143155407936
8.384,0.009077286385677681,0.005613594566393422
8.386,0.00906321635608431,0.005621762551301195
8.388,0.009048981530779869,0.005629918242083397
8.39,0.00903458260922964,0.00563806161063698
8.392,0.00902002030020962,0.005646192628937123
8.394,0.00900529532186463,0.005654311269037805
8.396,0.00899040840176749,0.005662417503072277
8.398,0.008975360276979752,0.005670511303253643
8.4,0.00896015169411348,0.0056785926418753884
8.402,0.00894478340939338,0.005686661491311921
8.404,0.00892925618871924,0.005694717824019093
8.406,0.00891357080772505,0.005702761612534748
8.408,0.00889772805183396,0.0057107928294792545
8.41,0.00888172871630738,0.005718811447556004
8.412,0.00886557360628905,0.005726817439552035
8.414,0.00884926353684596,0.005734810778338421
8.416,0.00883279933301001,0.005742791436870927
8.418,0.008816181829824521,0.005750759388190455
8.42,0.00879941187239909,0.005758714605423615
8.422,0.00878249031597423,0.005766657061783233
8.424,0.008765418025995,0.0057745867305688675
8.426,0.00874819587819005,0.005782503585167344
8.428,0.00873082475865111,0.005790407599053258
8.43,0.00871330556390743,0.005798298745789533
8.432,0.00869563920099125,0.00580617699902787
8.434,0.00867782658749219,0.005814042332509332
8.436,0.008659868651601451,0.005821894720064817
8.438,0.008641766332148951,0.005829734135615588
8.44,0.0086235205786383,0.005837560553173777
8.442,0.00860513235128413,0.005845373946842892
8.444,0.00858660262105603,0.005853174290818342
8.446,0.00856793236973089,0.005860961559387905
8.448,0.00854912258995392,0.005868735726932284
8.45,0.00853017428530645,0.005876496767925583
8.452,0.008511088470377959,0.005884244656935794
8.454,0.00849186617083917,0.005891979368625317
8.456,0.00847250842351361,0.005899700877751455
8.458,0.008453016276445971,0.005907409159166898
8.46,0.00843339078896601,0.005915104187820238
8.462,0.008413633031748056,0.0059227859387564336
8.464,0.008393744086866009,0.0059304543871173225
8.466,0.008373725047844258,0.0059381095081421
8.468,0.008353577019704716,0.005945751277167816
8.47,0.008333301119010615,0.005953379669629832
8.472,0.00831289847390774,0.005960994661062329
8.474,0.008292370224163913,0.005968596227098778
8.476,0.008271717521208305,0.005976184343472427
8.478,0.008250941528171735,0.005983758986016753
8.48,0.008230043419929157,0.00599132013066597
8.482,0.008209024383144962,0.005998867753455465
8.484,0.008187885616320771,0.006006401830522289
8.486,0.008166628329844923,0.00601392233810563
8.488,0.00814525374604192,0.0060214292525472635
8.49,0.008123763099220147,0.006028922550292006
8.492,0.00810215763571631,0.006036402207888205
8.494,0.008080438613935757,0.006043868201988173
8.496,0.008058607304388402,0.0060513205093486455
8.498,0.008036664989721143,0.006058759106831252
8.5,0.008014612964747831,0.006066183971402941
8.502,0.007992452536478178,0.006073595080136448
8.504,0.007970185024146755,0.006080992410210737
8.506,0.007947811759242635,0.006088375938911446
8.508,0.007925334085539483,0.006095745643631321
8.51,0.007902753359125549,0.006103101501870651
8.512,0.007880070948432074,0.0061104434912377156
8.514,0.007857288234258852,0.006117771589449213
8.516,0.007834406609795643,0.006125085774330704
8.518,0.007811427480638371,0.006132386023817009
8.52,0.007788352264799977,0.006139672315952663
8.522,0.007765182392716203,0.006146944628892327
8.524,0.00774191930724729,0.006154202940901214
8.526,0.007718564463677168,0.006161447230355496
8.528,0.007695119329711543,0.006168677475742721
8.53,0.007671585385476505,0.0061758936556622415
8.532,0.00764796412351836,0.006183095748825595
8.534,0.007624257048804775,0.006190283734056943
8.536,0.007600465678726257,0.006197457590293441
8.538,0.007576591543096617,0.00620461729658567
8.54,0.0075526361841500265,0.00621176283209802
8.542,0.007528601156532984,0.006218894176109065
8.544,0.007504488027289574,0.006226011308012019
8.546,0.007480298375839385,0.006233114207315036
8.548,0.007456033793948295,0.0062402028536416715
8.55,0.00743169588569336,0.006247277226731216
8.552,0.0074072862674232276,0.006254337306439113
8.554,0.007382806567715801,0.00626138307273731
8.556,0.007358258427334403,0.006268414505714636
8.558,0.007333643499183149,0.006275431585577191
8.56,0.00730896344826164,0.006282434292648684
8.562,0.007284219951618378,0.0062894226073708405
8.564,0.007259414698302494,0.006296396510303706
8.566,0.0072345493893128535,0.006303355982126063
8.568,0.00720962573754437,0.006310301003635731
8.57,0.007184645467731389,0.006317231555749987
8.572,0.007159610316388251,0.006324147619505839
8.574,0.0071345220317471925,0.006331049176060427
8.576,0.007109382373693378,0.0063379362066913435
8.578,0.007084193113696461,0.00634480869279696
8.58,0.007058956034737354,0.006351666615896815
8.582,0.007033672931228992,0.006358509957631874
8.584,0.007008345608929802,0.006365338699764912
8.586,0.0069829758848491226,0.006372152824180819
8.588,0.006957565587145373,0.006378952312886923
8.59,0.0069321165550181646,0.006385737148013316
8.592,0.006906630638597014,0.006392507311813167
8.594,0.006881109698829478,0.006399262786663031
8.596,0.006855555607370444,0.006406003555063157
8.598,0.006829970246473636,0.006412729599637802
8.6,0.006804355508884061,0.00641944090313554
8.602,0.006778713297728931,0.006426137448429528
8.604,0.006753045526403243,0.006432819218517828
8.606,0.006727354118446702,0.006439486196523706
8.608,0.006701641007409619,0.006446138365695884
8.61,0.006675908136707389,0.006452775709408867
8.612,0.006650157459465585,0.006459398211163199
8.614,0.006624390938358886,0.006466005854585738
8.616,0.006598610545448216,0.006472598623429943
8.618,0.0065728182620196415,0.006479176501576154
8.62,0.006547016078427241,0.00648573947303182
8.622,0.0065212059939402205,0.006492287521931797
8.624,0.006495390016592502,0.006498820632538596
8.626,0.0064695701630318935,0.00650533878924264
8.628,0.006443748458365249,0.006511841976562512
8.63,0.006417926935996311,0.006518330179145211
8.632,0.006392107637454044,0.006524803381766386
8.634,0.006366292612210472,0.006531261569330587
8.636,0.006340483917488173,0.006537704726871505
8.638,0.0063146836180590134,0.006544132839552194
8.64,0.00628889378603646,0.006550545892665296
8.642,0.006263116500664217,0.006556943871633301
8.644,0.006237353848104113,0.006563326762008728
8.646,0.0062116079212255456,0.006569694549474363
8.648,0.006185880819397909,0.006576047219843474
8.65,0.006160174648285844,0.0065823847590600285
8.652,0.006134491519645906,0.006588707153198889
8.654,0.006108833551121596,0.006595014388465999
8.656,0.006083202866033169,0.0066013064511986465
8.658,0.006057601593158819,0.006607583327865584
8.66,0.006032031866504745,0.006613845005067258
8.662,0.006006495825063434,0.00662009146953601
8.664,0.005980995612561834,0.006626322708136213
8.666,0.00595553337720236,0.006632538707864521
8.668,0.005930111271401345,0.006638739455849975
8.67,0.005904731451529108,0.006644924939354228
8.672,0.005879396077655086,0.006651095145771669
8.674,0.0058541073132997515,0.006657250062629656
8.676,0.0058288673251928325,0.006663389677588591
8.678,0.005803678283035477,0.006669513978442139
8.68,0.005778542359262742,0.006675622953117368
8.682,0.005753461728802146,0.006681716589674871
8.684,0.005728438568824492,0.006687794876308955
8.686,0.005703475058484136,0.006693857801347747
8.688,0.0056785733786478285,0.006699905353253352
8.69,0.005653735711612885,0.006705937520621965
8.692,0.005628964240817149,0.006711954292184046
8.694,0.0056042611505446515,0.006717955656804388
8.696,0.005579628625630784,0.006723941603482267
8.698,0.005555068851170754,0.006729912121351581
8.7,0.005530584012233465,0.00673586719968091
8.702,0.005506176293581217,0.006741806827873682
8.704,0.005481847879393809,0.006747730995468244
8.706,0.0054576009529940855,0.0067536396921379785
8.708,0.0054334376965713615,0.006759532907691393
8.71,0.005409360290899755,0.006765410632072218
8.712,0.005385370915049645,0.00677127285535951
8.714,0.005361471746092365,0.006777119567767713
8.716,0.00533766495880003,0.006782950759646755
8.718,0.0053139527253432935,0.006788766421482131
8.72,0.005290337214990282,0.006794566543894964
8.722,0.005266820593808457,0.006800351117642084
8.724,0.005243405024370164,0.00680612013361609
8.726,0.005220092665460354,0.00681187358284542
8.728,0.00519688567178424,0.006817611456494392
8.73,0.005173786193672044,0.006823333745863294
8.732,0.005150796376779133,0.006829040442388389
8.734,0.00512791836178111,0.006834731537641991
8.736,0.0051051542840651176,0.006840407023332495
8.738,0.0050825062734200415,0.006846066891304431
8.74,0.00505997645372827,0.006851711133538476
8.742,0.005037566942661182,0.006857339742151499
8.744,0.005015279851378783,0.00686295270939659
8.746,0.004993117284232461,0.006868550027663075
8.748,0.004971081338468287,0.006874131689476537
8.75,0.0049491741039282946,0.0068796976874988345
8.752,0.004927397662747815,0.006885248014528105
8.754,0.004905754089048557,0.006890782663498774
8.756,0.004884245448629296,0.006896301627481562
8.758,0.004862873798657136,0.006901804899683478
8.76,0.004841641187362965,0.006907292473447832
8.762,0.004820549653743691,0.006912764342254187
8.764,0.004799601227272194,0.006918220499718397
8.766,0.004778797927613121,0.006923660939592541
8.768,0.004758141764341322,0.006929085655764948
8.77,0.004737634736658133,0.006934494642260144
8.772,0.004717278833101983,0.006939887893238814
8.774,0.004697076031251002,0.006945265402997802
8.776,0.00467702829741856,0.00695062716597005
8.778,0.004657137586344996,0.006955973176724575
8.78,0.004637405840890426,0.00696130342996641
8.782,0.004617834991733757,0.00696661792053656
8.784,0.004598426957081563,0.0069719166434119495
8.786,0.0045791836423879,0.0069771995937053955
8.788,0.00456010694008319,0.0069824667666654955
8.79,0.004541198729308025,0.006987718157676599
8.792,0.004522460875646741,0.006992953762258737
8.794,0.00450389523085623,0.006998173576067541
8.796,0.004485503632587342,0.0070033775948941815
8.798,0.004467287904099186,0.007008565814665281
8.8,0.004449249853969016,0.007013738231442832
8.802,0.004431391275802097,0.007018894841424106
8.804,0.004413713947946503,0.0070240356409415885
8.806,0.004396219633216662,0.0070291606264628525
8.808,0.004378910078627339,0.007034269794590471
8.81,0.0043617870151378205,0.007039363142061935
8.812,0.004344852157403791,0.007044440665749523
8.814,0.004328107203533387,0.007049502362660213
8.816,0.004311553834844006,0.007054548229935553
8.818,0.004295193715617097,0.0070595782648515525
8.82,0.004279028492849728,0.007064592464818579
8.822,0.004263059796003261,0.007069590827381189
8.824,0.004247289236750534,0.007074573350218072
8.826,0.004231718408723429,0.007079540031141847
8.828,0.00421634888726294,0.007084490868098978
8.83,0.0042011822291728425,0.007089425859169601
8.832,0.004186219972477515,0.007094345002567418
8.834,0.004171463636183944,0.007099248296639526
8.836,0.004156914720047039,0.00710413573986628
8.838,0.004142574704338006,0.007109007330861136
8.84,0.004128445049615382,0.007113863068370486
8.842,0.004114527196499156,0.007118702951273537
8.844,0.004100822565448468,0.007123526978582094
8.846,0.004087332556543779,0.007128335149440433
8.848,0.004074058549274074,0.007133127463125107
8.85,0.004061001902328956,0.0071379039190447935
8.852,0.004048163953395341,0.007142664516740114
8.854,0.004035546018957234,0.007147409255883434
8.856,0.004023149394097595,0.007152138136278701
8.858,0.004010975352300747,0.007156851157861233
8.86,0.003999025145254713,0.007161548320697585
8.862,0.003987300002653271,0.007166229624985269
8.864,0.003975801131998328,0.007170895071052634
8.866,0.003964529718403713,0.007175544659358612
8.868,0.003953486924401757,0.007180178390492543
8.87,0.003942673889754282,0.0071847962651739716
8.872,0.003932091731269009,0.007189398284252404
8.874,0.003921741542622474,0.007193984448707132
8.876,0.0039116243941897085,0.0071985547596469844
8.878,0.0039017413328803923,0.007203109218310129
8.88,0.003892093381980567,0.007207647826063848
8.882,0.003882681540998209,0.00721217058440429
8.884,0.003873506785510863,0.007216677494956253
8.886,0.003864570067013168,0.0072211685594729645
8.888,0.0038558723127629212,0.007225643779835818
8.89,0.003847414425625185,0.007230103158054146
8.892,0.0038391972839153833,0.007234546696264992
8.894,0.0038312217412436542,0.007238974396732836
8.896,0.0038234886263635815,0.007243386261849367
8.898,0.003815998743028501,0.007247782294133225
8.9,0.0038087528698575062,0.0072521624962297426
8.902,0.00380175176021196,0.007256526870910677
8.904,0.0037949961420806113,0.007260875421073982
8.906,0.0037884867179703357,0.007265208149743508
8.908,0.003782224164797446,0.007269525060068742
8.91,0.003776209133775791,0.0072738261553245585
8.912,0.003770442250298804,0.00727811143891092
8.914,0.003764924113815622,0.0072823809143526255
8.916,0.003759655297703444,0.007286634585298989
8.918,0.003754636349140639,0.007290872455523632
8.92,0.003749867788986054,0.007295094528924114
8.922,0.0037453501116692777,0.007299300809521701
8.924,0.003741083785095132,0.0073034913014610545
8.926,0.003737069250563319,0.0073076660090099395
8.928,0.003733306922701323,0.007311824936558934
8.93,0.0037297971894071366,0.007315968088621121
8.932,0.0037265404117971697,0.0073200954698318015
8.934,0.003723536924154901,0.007324207084948168
8.936,0.0037207870338769574,0.007328302938849024
8.938,0.003718291021414802,0.007332383036534451
8.94,0.003716049140211901,0.007336447383125509
8.942,0.003714061616637675,0.007340495983863915
8.944,0.0037123286499203254,0.007344528844111726
8.946,0.003710850412081024,0.007348545969351032
8.948,0.003709627047871848,0.007352547365183608
8.95,0.003708658674719383,0.0073565330373306075
8.952,0.0037079453826757026,0.0073605029916322265
8.954,0.003707487234377819,0.0073644572340473904
8.956,0.0037072842650163152,0.007368395770653385
8.958,0.003707336482313202,0.007372318607645552
8.96,0.0037076438665086153,0.007376225751336942
8.962,0.0037082063703548305,0.007380117208157971
8.964,0.003709023919115874,0.0073839929846560865
8.966,0.003710096410570093,0.007387853087495398
8.968,0.003711423715013317,0.007391697523456364
8.97,0.003713005675261017,0.007395526299435422
8.972,0.0037148421066483936,0.007399339422444631
8.974,0.003716932797029185,0.007403136899611341
8.976,0.0037192775067749883,0.007406918738177806
8.978,0.003721875968777923,0.007410684945500845
8.98,0.003724727888459482,0.007414435529051475
8.982,0.003727832943788296,0.00741817049641455
8.984,0.0037311907853080192,0.00742188985528839
8.986,0.003734801036175665,0.007425593613484413
8.988,0.003738663292208932,0.007429281778926784
8.99,0.0037427771219404743,0.007432954359651997
8.992,0.003747142066676521,0.007436611363808571
8.994,0.003751757640557213,0.007440252799656604
8.996,0.003756623330617192,0.007443878675567432
8.998,0.0037617385968452682,0.007447489000023246
9.0,0.003767102872243554,0.007451083781616703
9.002,0.003772715562886997,0.007454663029050537
9.004,0.0037785760479851806,0.007458226751137188
9.006,0.003784683679948435,0.007461774956798405
9.008,0.003791037784460583,0.007465307655064843
9.01,0.0037976376605598945,0.007468824855075708
9.012,0.0038044825807294386,0.0074723265660783175
9.014,0.0038115717909965627,0.007475812797427741
9.016,0.0038189045110403755,0.007479283558586375
9.018,0.003826479934304698,0.007482738859123567
9.02,0.003834297228113905,0.0074861787087151955
9.022,0.003842355533788859,0.007489603117143286
9.024,0.003850653966761268,0.007493012094295593
9.026,0.003859191616686602,0.007496405650165193
9.028,0.003867967547557299,0.007499783794850078
9.03,0.003876980797819729,0.007503146538552764
9.032,0.003886230380498769,0.007506493891579851
9.034,0.003895715283333787,0.007509825864341625
9.036,0.003905434468927724,0.0075131424673516465
9.038,0.003915386874908683,0.00751644371122632
9.04,0.003925571414101224,0.007519729606684502
9.042,0.0039359869747022155,0.007523000164547062
9.044,0.003946632420455976,0.007526255395736452
9.046,0.003957506590824371,0.007529495311276317
9.048,0.003968608301149527,0.0075327199222910484
9.05,0.0039799363428103494,0.007535929240005367
9.052,0.003991489483376287,0.007539123275743883
9.054,0.004003266466763932,0.007542302040930693
9.056,0.0040152660134021596,0.0075454655470889274
9.058,0.004027486820410298,0.007548613805840337
9.06,0.004039927561791308,0.007551746828904854
9.062,0.004052586888639186,0.007554864628100151
9.064,0.004065463429357177,0.0075579672153412245
9.066,0.004078555789882302,0.007561054602639955
9.068,0.004091862553911241,0.007564126802104656
9.07,0.004105382283124357,0.007567183825939645
9.072,0.004119113517406245,0.007570225686444814
9.074,0.004133054775063393,0.007573252396015173
9.076,0.004147204553041141,0.00757626396714042
9.078,0.004161561327142896,0.007579260412404498
9.08,0.004176123552254344,0.007582241744485141
9.082,0.004190889662574539,0.007585207976153449
9.084,0.004205858071854704,0.007588159120273409
9.086,0.004221027173644186,0.0075910951898015035
9.088,0.004236395341542426,0.0075940161977861975
9.09,0.004251960929455249,0.007596922157367541
9.092,0.0042677222718536054,0.00759981308177669
9.094,0.004283677684033428,0.007602688984335472
9.096,0.004299825462375532,0.007605549878455929
9.098,0.004316163884604936,0.0076083957776398635
9.1,0.004332691210049859,0.00761122669547839
9.102,0.0043494056799010155,0.0076140426456514695
9.104,0.00436630551747264,0.007616843641927484
9.106,0.004383388928466869,0.007619629698162743
9.108,0.004400654101243139,0.007622400828301053
9.11,0.004418099207093898,0.007625157046373247
9.112,0.0044357224005270425,0.007627898366496737
9.114,0.004453521819554521,0.0076306248028750545
9.116,0.004471495585985371,0.007633336369797377
9.118,0.004489641805721212,0.0076360330816380925
9.12,0.004507958569051704,0.007638714952856311
9.122,0.004526443950948573,0.007641381997995438
9.124,0.004545096011357367,0.007644034231682677
9.126,0.004563912795487637,0.007646671668628587
9.128,0.004582892334103095,0.007649294323626622
9.13,0.004602032643813866,0.007651902211552651
9.132,0.00462133172737294,0.00765449534736452
9.134,0.0046407875739782846,0.007657073746101559
9.136,0.004660398159581078,0.007659637422884141
9.138,0.004680161447199558,0.0076621863929132025
9.14,0.004700075387236979,0.007664720671469777
9.142,0.004720137917801523,0.00766724027391455
9.144,0.0047403469650258885,0.007669745215687363
9.146,0.004760700443384212,0.00767223551230677
9.148,0.004781196256004681,0.00767471117936955
9.15,0.004801832294976933,0.007677172232550261
9.152,0.0048226064416541465,0.007679618687600753
9.154,0.004843516566951197,0.007682050560349722
9.156,0.00486456053164071,0.007684467866702208
9.158,0.004885736186649974,0.0076868706226391635
9.16,0.004907041373361681,0.007689258844216971
9.162,0.004928473923920972,0.007691632547566958
9.164,0.004950031661550151,0.007693991748894947
9.166,0.0049717124008710565,0.007696336464480781
9.168,0.004993513948233122,0.007698666710677852
9.17,0.005015434102043829,0.007700982503912634
9.172,0.005037470653097575,0.007703283860684207
9.174,0.005059621384899135,0.007705570797563801
9.176,0.005081884073978855,0.007707843331194306
9.178,0.005104256490198773,0.0077101014782898275
9.18,0.00512673639705066,0.0077123452556351856
9.182,0.005149321551948735,0.007714574680085481
9.184,0.005172009706520783,0.007716789768565584
9.186,0.005194798606901232,0.007718990538069706
9.188,0.005217685994028833,0.0077211770056609
9.19,0.005240669603949685,0.007723349188470599
9.192,0.00526374716812476,0.007725507103698154
9.194,0.005286916413739436,0.007727650768610354
9.196,0.005310175064012031,0.007729780200540963
9.198,0.005333520838498466,0.007731895416890249
9.2,0.005356951453391324,0.007733996435124519
9.202,0.00538046462181304,0.00773608327277563
9.204,0.005404058054104223,0.007738155947440552
9.206,0.0054277294581091574,0.007740214476780865
9.208,0.005451476539460669,0.0077422588785223305
9.21,0.005475297001866081,0.007744289170454378
9.212,0.0054991885473944825,0.007746305370429673
9.214,0.005523148876764899,0.007748307496363632
9.216,0.00554717568963309,0.007750295566233967
9.218,0.00557126668487479,0.007752269598080201
9.22,0.0055954195608627615,0.00775422961000321
9.222,0.005619632015736282,0.007756175620164765
9.224,0.005643901747662482,0.0077581076467870495
9.226,0.0056682264550907925,0.007760025708152213
9.228,0.0056926038370025776,0.0077619298226018875
9.23,0.005717031593159256,0.0077638200085367315
9.232,0.005741507424351584,0.007765696284415968
9.234,0.0057660290326526946,0.007767558668756906
9.236,0.005790594121675251,0.007769407180134509
9.238,0.005815200396832122,0.007771241837180885
9.24,0.005839845565597829,0.007773062658584872
9.242,0.0058645273377671316,0.007774869663091536
9.244,0.005889243425707164,0.007776662869501737
9.246,0.005913991544600156,0.007778442296671652
9.248,0.005938769412675809,0.007780207963512322
9.25,0.005963574751433872,0.007781959888989192
9.252,0.005988405285859955,0.007783698092121638
9.254,0.006013258744638005,0.007785422591982546
9.256,0.006038132860363053,0.007787133407697798
9.258,0.00606302536975683,0.007788830558445863
9.26,0.006087934013886621,0.007790514063457309
9.262,0.006112856538386208,0.007792183942014368
9.264,0.0061377906936759,0.007793840213450464
9.266,0.00616273423517836,0.007795482897149765
9.268,0.00618768492352735,0.007797112012546741
9.27,0.006212640524768085,0.007798727579125674
9.272,0.0062375988105496435,0.007800329616420256
9.274,0.006262557558311573,0.00780191814401309
9.276,0.006287514551467721,0.007803493181535273
9.278,0.006312467579590313,0.0078050547486659145
9.28,0.00633741443859618,0.007806602865131716
9.282,0.006362352930935319,0.007808137550706509
9.284,0.006387280865780374,0.007809658825210796
9.286,0.006412196059213958,0.007811166708511327
9.288,0.006437096334410375,0.007812661220520628
9.29,0.006461979521808925,0.007814142381196567
9.292,0.006486843459276896,0.007815610210541925
9.294,0.00651168599226277,0.00781706472860392
9.296,0.006536504973941488,0.007818505955473778
9.298,0.006561298265355564,0.007819933911286301
9.3,0.006586063735555853,0.007821348616219413
9.302,0.0066107992617456006,0.007822750090493718
9.304,0.0066355027294301115,0.007824138354372073
9.306,0.006660172032572348,0.007825513428159134
9.308,0.006684805073753025,0.007826875332200927
9.31,0.006709399764332464,0.00782822408688442
9.312,0.006733954024610443,0.007829559712637067
9.314,0.006758465783980522,0.007830882229926383
9.316,0.006782932981076138,0.007832191659259512
9.318,0.0068073535639067775,0.007833488021182796
9.32,0.00683172548998414,0.007834771336281333
9.322,0.006856046726439002,0.007836041625178557
9.324,0.006880315250130872,0.007837298908535798
9.326,0.0069045290477528515,0.007838543207051863
9.328,0.006928686115934715,0.007839774541462612
9.33,0.006952784461347106,0.007840992932540508
9.332,0.0069768221008098905,0.007842198401094215
9.334,0.007000797061406894,0.007843390967968163
9.336,0.0070247073806084664,0.00784457065404213
9.338,0.007048551106401446,0.007845737480230812
9.34,0.007072326297424535,0.007846891467483408
9.342,0.007096031023105062,0.007848032636783193
9.344,0.007119663363791825,0.007849161009147116
9.346,0.007143221410878855,0.00785027660562535
9.348,0.007166703266915428,0.00785137944730092
9.35,0.007190107045700959,0.007852469555289242
9.352,0.007213430872366115,0.00785354695073774
9.354,0.007236672883444806,0.007854611654825417
9.356,0.007259831226944396,0.007855663688762447
9.358,0.007282904062421437,0.007856703073789769
9.36,0.007305889561069466,0.007857729831178668
9.362,0.007328785905821726,0.00785874398223038
9.364,0.0073515912914676506,0.00785974554827566
9.366,0.00737430392477843,0.007860734550674417
9.368,0.007396922024633689,0.007861711010815262
9.37,0.007419443822141178,0.007862674950115136
9.372,0.0074418675607429655,0.0078636263900189
9.374,0.0074641914963047805,0.007864565351998925
9.376,0.007486413897189764,0.007865491857554708
9.378,0.007508533044321274,0.00786640592821246
9.38,0.007530547231242374,0.007867307585524714
9.382,0.007552454764179739,0.007868196851069924
9.384,0.007574253962118263,0.007869073746452087
9.386,0.007595943156890003,0.007869938293300327
9.388,0.007617520693276636,0.007870790513268517
9.39,0.0076389849291224,0.007871630428034883
9.392,0.00766033423545129,0.007872458059301611
9.394,0.007681566996582485,0.007873273428794472
9.396,0.00770268161023871,0.007874076558262421
9.398,0.00772367648764443,0.00787486746947722
9.4,0.007744550053613204,0.007875646184233046
9.402,0.007765300746626592,0.007876412724346115
9.404,0.007785927018907969,0.007877167111654305
9.406,0.007806427336495943,0.007877909368016758
9.408,0.007826800179321396,0.00787863951531352
9.41,0.00784704404129102,0.00787935757544515
9.412,0.007867157430378713,0.007880063570332354
9.414,0.00788713886872449,0.007880757521915605
9.416,0.007906986892738735,0.007881439452154767
9.418,0.00792670005320926,0.007882109383028734
9.42,0.007946276915407597,0.007882767336535042
9.422,0.007965716059191585,0.00788341333468952
9.424,0.007985016079101775,0.007884047399525905
9.426,0.008004175584450799,0.00788466955309549
9.428,0.008023193199405702,0.00788527981746674
9.43,0.008042067563065339,0.007885878214724954
9.432,0.008060797329535708,0.00788646476697188
9.434,0.008079381168007304,0.007887039496325363
9.436,0.008097817762838095,0.007887602424918991
9.438,0.008116105813645337,0.007888153574901727
9.44,0.00813424403540787,0.007888692968437569
9.442,0.008152231158578379,0.007889220627705171
9.444,0.008170065929203238,0.007889736574897513
9.446,0.008187747109046042,0.007890240832221526
9.448,0.008205273475710147,0.007890733421897765
9.45,0.008222643822755896,0.007891214366160044
9.452,0.008239856959809553,0.00789168368725509
9.454,0.008256911712663033,0.007892141407442207
9.456,0.008273806923365698,0.007892587548992918
9.458,0.00829054145031118,0.007893022134190627
9.46,0.00830711416832322,0.007893445185330283
9.462,0.00832352396874435,0.007893856724718033
9.464,0.00833976975953026,0.007894256774670878
9.466,0.008355850465350942,0.00789464535751635
9.468,0.008371765027697887,0.007895022495592159
9.47,0.008387512404995395,0.007895388211245878
9.472,0.00840309157271298,0.007895742526834594
9.474,0.008418501523476115,0.007896085464724577
9.476,0.008433741267173245,0.007896417047290962
9.478,0.00844880983105808,0.007896737296917415
9.48,0.00846370625984719,0.007897046235995802
9.482,0.00847842961581439,0.00789734388692586
9.484,0.008492978978883525,0.007897630272114889
9.486,0.008507353446721959,0.00789790541397741
9.488,0.008521552134836689,0.00789816933493486
9.49,0.008535574176674795,0.007898422057415264
9.492,0.00854941872372935,0.007898663603852916
9.494,0.008563084945650957,0.007898893996688066
9.496,0.008576572030364452,0.007899113258366614
9.498,0.008589879184188923,0.007899321411339772
9.5,0.008603005631959081,0.007899518478063777
9.502,0.008615950617144296,0.007899704480999565
9.504,0.008628713401962815,0.007899879442612468
9.506,0.00864129326748831,0.007900043385371909
9.508,0.008653689513747145,0.00790019633175109
9.51,0.00866590145980681,0.007900338304226692
9.512,0.008677928443856755,0.00790046932527857
9.514,0.008689769823284782,0.00790058941738945
9.516,0.008701424974752663,0.007900698603044641
9.518,0.008712893294274365,0.007900796904731713
9.52,0.008724174197299664,0.007900884344940224
9.522,0.00873526711880423,0.007900960946161412
9.524,0.00874617151338572,0.007901026730887903
9.526,0.008756886855363827,0.00790108172161342
9.528,0.008767412638881499,0.007901125940832494
9.53,0.008777748378003814,0.007901159411040172
9.532,0.008787893606812001,0.007901182154731724
9.534,0.008797847879490794,0.007901194194402378
9.536,0.008807610770408389,0.007901195552547003
9.538,0.00881718187418996,0.007901186251659855
9.54,0.008826560805786232,0.007901166314234277
9.542,0.008835747200538788,0.007901135762762425
9.544,0.008844740714244617,0.007901094619734995
9.546,0.008853541023220673,0.007901042907640932
9.548,0.008862147824369601,0.007900980648967174
9.55,0.008870560835246198,0.007900907866198353
9.552,0.008878779794123852,0.007900824581816552
9.554,0.008886804460059523,0.007900730818301008
9.556,0.008894634612955706,0.007900626598127855
9.558,0.008902270053617732,0.007900511943769851
9.56,0.00890971060380506,0.007900386877696118
9.562,0.008916956106276016,0.007900251422371874
9.564,0.008924006424825739,0.007900105600258165
9.566,0.008930861444318131,0.00789994943381161
9.568,0.008937521070712934,0.007899782945484133
9.57,0.008943985231089677,0.00789960615772271
9.572,0.008950253873669996,0.007899419092969118
9.574,0.008956326967839576,0.007899221773659662
9.576,0.008962204504170384,0.007899014222224929
9.578,0.00896788649444271,0.007898796461089538
9.58,0.00897337297166625,0.007898568512671891
9.582,0.008978663990098553,0.007898330399383908
9.584,0.008983759625259661,0.007898082143630799
9.586,0.0089886599739416,0.0078978237678108
9.588,0.008993365154212583,0.007897555294314932
9.59,0.008997875305415936,0.007897276745526774
9.592,0.009002190588164524,0.007896988143822191
9.594,0.009006311184331256,0.00789668951156911
9.596,0.009010237297035926,0.007896380871127283
9.598,0.009013969150628307,0.007896062244848045
9.6,0.009017506990666294,0.00789573365507407
9.602,0.009020851083888334,0.007895395124139152
9.604,0.00902400171817876,0.007895046674367951
9.606,0.009026959202525707,0.007894688328075782
9.608,0.009029723866971576,0.007894320107568369
9.61,0.009032296062556965,0.007893942035141625
9.612,0.009034676161259315,0.007893554133081418
9.614,0.009036864555927709,0.007893156423663348
9.616,0.009038861660214491,0.00789274892915252
9.618,0.009040667908504591,0.007892331671803324
9.62,0.009042283755841745,0.007891904673859211
9.622,0.009043709677851485,0.00789146795755247
9.624,0.0090449461706597,0.007891021545104019
9.626,0.009045993750806466,0.00789056545872317
9.628,0.009046852955154857,0.007890099720607436
9.63,0.009047524340795117,0.007889624352942297
9.632,0.009048008484944813,0.007889139377900992
9.634,0.009048305984845744,0.007888644817644312
9.636,0.009048417457658251,0.007888140694320386
9.638,0.009048343540353073,0.007887627030064471
9.64,0.009048084889600783,0.007887103846998748
9.642,0.009047642181658065,0.007886571167232117
9.644,0.009047016112250415,0.007886029012859983
9.646,0.009046207396449742,0.007885477405964068
9.648,0.009045216768546074,0.007884916368612195
9.65,0.009044044981911985,0.007884345922858095
9.652,0.009042692808858001,0.007883766090741207
9.654,0.009041161040478345,0.007883176894286477
9.656,0.009039450486485514,0.007882578355504174
9.658,0.00903756197503447,0.007881970496389676
9.66,0.009035496352537092,0.007881353338923293
9.662,0.009033254483470138,0.007880726905070067
9.664,0.009030837250180055,0.007880091216779581
9.666,0.009028245552689333,0.007879446295985783
9.668,0.009025480308508064,0.007878792164606777
9.67,0.009022542452453042,0.007878128844544651
9.672,0.009019432936474267,0.007877456357685287
9.674,0.009016152729485988,0.007876774725898183
9.676,0.00901270281719705,0.00787608397103626
9.678,0.00900908420193416,0.007875384114935696
9.68,0.009005297902452164,0.00787467517941573
9.682,0.009001344953727156,0.007873957186278495
9.684,0.008997226406731923,0.007873230157308845
9.686,0.008992943328196012,0.007872494114274164
9.688,0.008988496800356703,0.007871749078924201
9.69,0.0089838879207077,0.007870995072990902
9.692,0.008979117801753029,0.007870232118188233
9.694,0.008974187570771043,0.007869460236212005
9.696,0.008969098369590428,0.007868679448739717
9.698,0.008963851354376355,0.00786788977743038
9.7,0.008958447695422016,0.00786709124392435
9.702,0.008952888576938605,0.007866283869843175
9.704,0.008947175196837088,0.007865467676789415
9.706,0.008941308766496315,0.007864642686346492
9.708,0.008935290510514927,0.007863808920078522
9.71,0.008929121666447623,0.007862966399530165
9.712,0.008922803484529392,0.00786211514622645
9.714,0.008916337227393226,0.007861255181672638
9.716,0.008909724169787674,0.007860386527354055
9.718,0.008902965598299792,0.007859509204735935
9.72,0.008896062811087381,0.007858623235263274
9.722,0.008889017117621826,0.007857728640360679
9.724,0.008881829838439997,0.007856825441432213
9.726,0.008874502304902278,0.007855913659861243
9.728,0.008867035858951678,0.007854993317010298
9.73,0.008859431852869498,0.00785406443422092
9.732,0.00885169164902362,0.00785312703281352
9.734,0.008843816619607307,0.007852181134087236
9.736,0.008835808146368005,0.00785122675931978
9.738,0.008827667620328185,0.007850263929767306
9.74,0.008819396441500718,0.007849292666664271
9.742,0.008810996018602597,0.007848312991223287
9.744,0.008802467768770353,0.007847324924634986
9.746,0.008793813117279562,0.00784632848806789
9.748,0.008785033497270356,0.007845323702668263
9.75,0.008776130349478765,0.007844310589559993
9.752,0.008767105121973416,0.007843289169844446
9.754,0.008757959269896297,0.007842259464600333
9.756,0.008748694255205565,0.00784122149488359
9.758,0.008739311546419064,0.007840175281727245
9.76,0.008729812618357296,0.007839120846141284
9.762,0.008720198951884977,0.007838058209112528
9.764,0.008710472033651249,0.007836987391604504
9.766,0.008700633355828834,0.007835908414557334
9.768,0.008690684415852823,0.007834821298887584
9.77,0.008680626716160026,0.007833726065488173
9.772,0.008670461763929207,0.007832622735228228
9.774,0.00866019107082277,0.007831511328952979
9.776,0.008649816152729153,0.007830391867483626
9.778,0.008639338529505589,0.007829264371617243
9.78,0.008628759724720289,0.007828128862126636
9.782,0.008618081265393684,0.007826985359760242
9.784,0.008607304681738965,0.007825833885242021
9.786,0.008596431506903446,0.007824674459271323
9.788,0.008585463276713001,0.007823507102522793
9.79,0.008574401529422526,0.007822331835646252
9.792,0.008563247805475117,0.007821148679266596
9.794,0.008552003647271978,0.00781995765398367
9.796,0.008540670598952966,0.007818758780372189
9.798,0.00852925020618606,0.007817552078981597
9.8,0.008517744015962064,0.00781633757033599
9.802,0.008506153576389733,0.007815115274933997
9.804,0.008494480436486856,0.00781388521324868
9.806,0.00848272614596381,0.007812647405727438
9.808,0.008470892254998266,0.007811401872791895
9.81,0.008458980314002664,0.007810148634837814
9.812,0.008446991873388134,0.007808887712234979
9.814,0.008434928483329999,0.007807619125327126
9.816,0.008422791693540285,0.007806342894431814
9.818,0.00841058305305183,0.007805059039840354
9.82,0.008398304110015731,0.007803767581817701
9.822,0.008385956411512486,0.007802468540602368
9.824,0.008373541503373636,0.00780116193640633
9.826,0.008361060930009954,0.007799847789414932
9.828,0.008348516234241581,0.007798526119786806
9.83,0.008335908957125526,0.007797196947653768
9.832,0.008323240637778378,0.007795860293120742
9.834,0.00831051281319311,0.007794516176265671
9.836,0.008297727018051437,0.007793164617139426
9.838,0.008284884784534381,0.007791805635765728
9.84,0.008271987642134512,0.00779043925214105
9.842,0.008259037117473375,0.007789065486234553
9.844,0.008246034734126629,0.0077876843579879895
9.846,0.00823298201245836,0.007786295887315629
9.848,0.00821988046946459,0.007784900094104175
9.85,0.008206731618624378,0.007783496998212687
9.852,0.008193536969756639,0.007782086619472504
9.854,0.008180298028879856,0.0077806689776871675
9.856,0.008167016298072732,0.007779244092632338
9.858,0.008153693275334339,0.007777811984055728
9.86,0.008140330454443366,0.007776372671677028
9.862,0.008126929324817008,0.007774926175187829
9.864,0.00811349137137084,0.0077734725142515485
9.866,0.008100018074380969,0.007772011708503365
9.868,0.008086510909349564,0.007770543777550146
9.87,0.00807297134687423,0.007769068740970378
9.872,0.008059400852520939,0.007767586618314092
9.874,0.008045800886699535,0.0077660974291028076
9.876,0.008032172904540957,0.007764601192829454
9.878,0.008018518355775309,0.00776309792895832
9.88,0.008004838684610596,0.007761587656924967
9.882,0.007991135329612748,0.007760070396136189
9.884,0.007977409723588154,0.007758546165969928
9.886,0.007963663293469585,0.007757014985775229
9.888,0.00794989746020692,0.00775547687487217
9.89,0.007936113638662612,0.0077539318525518056
9.892,0.007922313237511181,0.007752379938076103
9.894,0.007908497659141688,0.007750821150677887
9.896,0.007894668299561206,0.007749255509560779
9.898,0.007880826548298,0.007747683033899147
9.9,0.007866973788303549,0.007746103742838043
9.902,0.007853111395853455,0.00774451765549315
9.904,0.007839240740448039,0.0077429247909507285
9.906,0.007825363184714168,0.007741325168267564
9.908,0.007811480084309095,0.007739718806470916
9.91,0.007797592787827913,0.007738105724558459
9.912,0.0077837026367140565,0.007736485941498236
9.914,0.007769810965173086,0.007734859476228615
9.916,0.007755919100088579,0.0077332263476582305
9.918,0.007742028360939507,0.0077315865746659385
9.92,0.007728140059718502,0.007729940176100771
9.922,0.007714255500850883,0.00772828717078189
9.924,0.007700375981114597,0.007726627577498534
9.926,0.007686502789561313,0.007724961415009981
9.928,0.007672637207438591,0.0077232887020455086
9.93,0.007658780508112979,0.007721609457304335
9.932,0.007644933956993434,0.007719923699455593
9.934,0.007631098811454568,0.007718231447138273
9.936,0.007617276320759798,0.007716532718961196
9.938,0.00760346772598458,0.007714827533502969
9.94,0.007589674259941028,0.007713115909311935
9.942,0.007575897147104998,0.007711397864906154
9.944,0.00756213760354676,0.007709673418773344
9.946,0.007548396836865529,0.007707942589370869
9.948,0.007534676046127254,0.0077062053951256725
9.95,0.007520976421804042,0.007704461854434269
9.952,0.00750729914571304,0.00770271198566269
9.954,0.007493645390952845,0.007700955807146462
9.956,0.007480016321836436,0.007699193337190572
9.958,0.007466413093820412,0.007697424594069424
9.96,0.0074528368534321375,0.007695649596026825
9.962,0.007439288738196417,0.007693868361275929
9.964,0.007425769876564554,0.007692080907999244
9.966,0.00741228138784671,0.007690287254348562
9.968,0.007398824382148889,0.007688487418444955
9.97,0.007385399960313926,0.00768668141837874
9.972,0.0073720092138656835,0.007684869272209451
9.974,0.007358653224955197,0.0076830509979658144
9.976,0.007345333066308207,0.007681226613645719
9.978,0.007332049801173877,0.007679396137216196
9.98,0.0073188044832752305,0.007677559586613388
9.982,0.0073055981567614805,0.007675716979742528
9.984,0.007292431856162791,0.0076738683344779275
9.986,0.00727930660634603,0.007672013668662929
9.988,0.007266223422470252,0.007670153000109906
9.99,0.007253183309939319,0.00766828634660023
9.992,0.007240187264349789,0.0076664137258842585
9.994,0.0072272362714328,0.007664535155681305
9.996,0.007214331306990478,0.007662650653679629
9.998,0.007201473336829052,0.0076607602375364115
10.0,0.007188663316691983,0.0076588639248777405
10.002,0.007175902192197219,0.007656961733298594
10.004,0.007163190898781849,0.007655053680362819
10.006,0.0071505303616559174,0.007653139783603119
10.008,0.007137921495765559,0.007651220060521037
10.01,0.007125365205763312,0.007649294528586945
10.012,0.00711286238598257,0.007647363205240024
10.014,0.007100413920412539,0.007645426107888252
10.016,0.007088020682670891,0.007643483253908396
10.018,0.007075683535972612,0.0076415346606459895
10.02,0.00706340333309516,0.007639580345415339
10.022,0.0070511809163411095,0.0076376203254994906
10.024,0.007039017117500481,0.007635654618150234
10.026,0.007026912757814316,0.007633683240588091
10.028,0.0070148686479404735,0.007631706210002302
10.03,0.0070028855879214836,0.007629723543550821
10.032,0.00699096436715309,0.0076277352583603054
10.034,0.00697910576435217,0.007625741371526112
10.036,0.006967310547522531,0.007623741900112286
10.038,0.006955579473918552,0.0076217368611515525
10.04,0.00694391329000772,0.007619726271645325
10.042,0.006932312731434247,0.007617710148563679
10.044,0.00692077852298701,0.007615688508845368
10.046,0.006909311378574077,0.007613661369397803
10.048,0.006897912001205983,0.007611628747097057
10.05,0.006886581082987297,0.007609590658787866
10.052,0.006875319305115063,0.007607547121283614
10.054,0.006864127337880558,0.007605498151366347
10.056,0.006853005840670589,0.007603443765786756
10.058,0.006841955461964562,0.007601383981264194
10.06,0.006830976839324946,0.007599318814486655
10.062,0.006820070599380413,0.007597248282110793
10.064,0.006809237357803303,0.007595172400761914
10.066,0.006798477719284388,0.007593091187033972
10.068,0.006787792277509376,0.007591004657489588
10.07,0.006777181615141448,0.0075889128286600336
10.072,0.0067666463038128285,0.007586815717045246
10.074,0.006756186904127536,0.0075847133391138254
10.076,0.006745803965674346,0.007582605711303047
10.078,0.0067354980270476475,0.007580492850018853
10.08,0.006725269615872038,0.007578374771635869
10.082,0.00671511924882587,0.007576251492497403
10.084,0.0067050474316595445,0.007574123028915453
10.086,0.0066950546592056594,0.007571989397170717
10.088,0.006685141415380266,0.007569850613512591
10.09,0.006675308173176645,0.007567706694159187
10.092,0.006665555394655348,0.007565557655297336
10.094,0.006655883530934774,0.0075634035130825936
10.096,0.006646293022187147,0.007561244283639255
10.098,0.006636784297643324,0.007559079983060358
10.1,0.006627357775607784,0.0075569106274077
10.102,0.0066180138634833715,0.007554736232711838
10.104,0.006608752957802687,0.007552556814972111
10.106,0.006599575444262242,0.007550372390156644
10.108,0.006590481697755288,0.007548182974202358
10.11,0.006581472082399724,0.007545988583014992
10.112,0.006572546951559903,0.0075437892324691
10.114,0.006563706647862338,0.007541584938408083
10.116,0.006554951503207949,0.007539375716644184
10.118,0.006546281838783659,0.007537161582958514
10.12,0.006537697965076961,0.00753494255310106
10.122,0.006529200181895844,0.007532718642790703
10.124,0.006520788778395182,0.007530489867715233
10.126,0.006512464033109023,0.00752825624353136
10.128,0.006504226213986618,0.007526017785864739
10.13,0.006496075578429562,0.0075237745103099735
10.132,0.006488012373326854,0.007521526432430648
10.134,0.006480036835085827,0.0075192735677593325
10.136,0.0064721491896577174,0.007517015931797603
10.138,0.0064643496525580565,0.007514753540016061
10.14,0.006456638428883438,0.007512486407854355
10.142,0.006449015713326358,0.007510214550721192
10.144,0.006441481690190766,0.007507937983994365
10.146,0.0064340365334097285,0.007505656723020765
10.148,0.006426680406566524,0.007503370783116405
10.15,0.006419413462919357,0.007501080179566437
10.152,0.006412235845429174,0.007498784927625182
10.154,0.006405147686789733,0.007496485042516139
10.156,0.006398149109458975,0.007494180539432012
10.158,0.006391240225690566,0.007491871433534732
10.16,0.006384421137565041,0.0074895577399554806
10.162,0.006377691937020245,0.00748723947379471
10.164,0.0063710527058803545,0.007484916650122164
10.166,0.006364503515883638,0.0074825892839769075
10.168,0.006358044428708491,0.007480257390367343
10.17,0.006351675495997791,0.007477920984271243
10.172,0.006345396759381444,0.007475580080635769
10.174,0.006339208250497245,0.00747323469437749
10.176,0.006333109991010427,0.007470884840382422
10.178,0.006327101992632033,0.0074685305335060416
10.18,0.006321184257136226,0.0074661717885733175
10.182,0.006315356776376551,0.007463808620378734
10.184,0.006309619532300848,0.007461441043686317
10.186,0.006303972496964268,0.007459069073229666
10.188,0.006298415632540522,0.007456692723711973
10.19,0.006292948891331073,0.007454312009806057
10.192,0.006287572215773097,0.007451926946154384
10.194,0.006282285538446897,0.0074495375473691075
10.196,0.006277088782083869,0.007447143828032079
10.198,0.006271981859575725,0.007444745802694896
10.2,0.006266964673985283,0.007442343485878916
10.202,0.006262037118558662,0.0074399368920752915
10.204,0.006257199076737787,0.007437526035745003
10.206,0.006252450422172376,0.007435110931318879
10.208,0.006247791018730518,0.007432691593197641
10.21,0.0062432207205069075,0.007430268035751919
10.212,0.006238739371829205,0.00742784027332229
10.214,0.006234346807262493,0.007425408320219308
10.216,0.0062300428516124965,0.007422972190723535
10.218,0.006225827319928058,0.0074205318990855735
10.22,0.0062217000175027026,0.007418087459526095
10.222,0.006217660739875055,0.007415638886235879
10.224,0.0062137092728278285,0.007413186193375837
10.226,0.006209845392384609,0.007410729395077051
10.228,0.006206068864804928,0.007408268505440807
10.23,0.006202379446577816,0.007405803538538623
10.232,0.006198776884415008,0.007403334508412288
10.234,0.006195260915245141,0.007400861429073893
10.236,0.006191831266209478,0.007398384314505865
10.238,0.006188487654659966,0.007395903178661004
10.24,0.00618522978815897,0.007393418035462514
10.242,0.00618205736447958,0.007390928898804038
10.244,0.006178970071605084,0.007388435782549701
10.246,0.0061759675877257,0.007385938700534133
10.248,0.006173049581231786,0.007383437666562513
10.25,0.006170215710702608,0.0073809326944106034
10.252,0.006167465624891646,0.007378423797824782
10.254,0.0061647989627094096,0.0073759109905220865
10.256,0.006162215353205813,0.007373394286190242
10.258,0.006159714415554137,0.0073708736984877034
10.26,0.006157295759038507,0.0073683492410436926
10.262,0.006154958983046093,0.007365820927458231
10.264,0.006152703677064562,0.007363288771302186
10.266,0.006150529420684396,0.007360752786117299
10.268,0.006148435783604958,0.007358212985416227
10.27,0.006146422325642859,0.007355669382682585
10.272,0.006144488596740896,0.007353121991370976
10.274,0.006142634136976271,0.007350570824907039
10.276,0.00614085847656706,0.007348015896687481
10.278,0.006139161135876677,0.007345457220080116
10.28,0.006137541625416564,0.007342894808423913
10.282,0.006135999445847723,0.007340328675029025
10.284,0.006134534087981782,0.007337758833176833
10.286,0.006133145032782311,0.007335185296119986
10.288,0.0061318317513669885,0.007332608077082443
10.29,0.006130593705010795,0.0073300271892595085
10.292,0.00612943034515061,0.007327442645817877
10.294,0.006128341113391379,0.007324854459895673
10.296,0.0061273254415143774,0.007322262644602491
10.298,0.00612638275148796,0.0073196672130194365
10.3,0.006125512455481584,0.0073170681781991685
10.302,0.006124713955883231,0.007314465553165942
10.304,0.006123986645320596,0.007311859350915647
10.306,0.006123329906685403,0.007309249584415848
10.308,0.006122743113160517,0.007306636266605835
10.31,0.006122225628248642,0.007304019410396655
10.312,0.006121776805802424,0.007301399028671166
10.314,0.006121395990055541,0.007298775134284067
10.316,0.006121082515655618,0.0072961477400619494
10.318,0.006120835707700024,0.007293516858803338
10.32,0.006120654881776053,0.007290882503278735
10.322,0.006120539344006887,0.007288244686230659
10.324,0.006120488391103984,0.007285603420373692
10.326,0.006120501310425599,0.007282958718394524
10.328,0.006120577380040041,0.007280310592951993
10.33,0.006120715868791884,0.007277659056677132
10.332,0.006120916036368363,0.007275004122173214
10.334,0.006121177133364653,0.00727234580201579
10.336,0.006121498401346718,0.007269684108752742
10.338,0.006121879072912305,0.007267019054904323
10.34,0.006122318371751489,0.0072643506529632
10.342,0.006122815512709024,0.007261678915394501
10.344,0.0061233697018506705,0.007259003854635863
10.346,0.006123980136535533,0.007256325483097471
10.348,0.006124646005495102,0.0072536438131621086
10.35,0.006125366488919194,0.0072509588571852
10.352,0.006126140758548145,0.007248270627494856
10.354,0.006126967977770101,0.007245579136391923
10.356,0.006127847301723128,0.007242884396150023
10.358,0.006128777877401543,0.00724018641901561
10.36,0.006129758843767091,0.007237485217208003
10.362,0.006130789331865551,0.00723478080291944
10.364,0.00613186846494906,0.007232073188315123
10.366,0.006132995358604394,0.0072293623855332655
10.368,0.00613416912088619,0.0072266484066851365
10.37,0.006135388852453741,0.007223931263855109
10.372,0.006136653646709612,0.00722121096910071
10.374,0.006137962589938392,0.00721848753445266
10.376,0.0061393147614446685,0.007215760971914929
10.378,0.00614070923369031,0.007213031293464774
10.38,0.00614214507243196,0.007210298511052798
10.382,0.006143621336860618,0.0072075626366029846
10.384,0.006145137079745025,0.007204823682012758
10.386,0.0061466913475807005,0.00720208165915302
10.388,0.006148283180745295,0.007199336579868208
10.39,0.006149911613660552,0.007196588455976333
10.392,0.006151575674960066,0.007193837299269035
10.394,0.0061532743876618655,0.007191083121511629
10.396,0.006155006769344806,0.007188325934443152
10.398,0.0061567718323281215,0.007185565749776413
10.4,0.006158568583854294,0.00718280257919804
10.402,0.006160396026275259,0.007180036434368529
10.404,0.006162253157242843,0.007177267326922294
10.406,0.006164138969903934,0.007174495268467716
10.408,0.006166052453100443,0.007171720270587189
10.41,0.006167992591573989,0.00716894234483717
10.412,0.0061699583661745,0.007166161502748231
10.414,0.006171948754072016,0.007163377755825104
10.416,0.0061739627289707985,0.007160591115546736
10.418,0.006175999261325237,0.007157801593366329
10.42,0.0061780573185571995,0.007155009200711399
10.422,0.0061801358652747995,0.0071522139489838205
10.424,0.006182233863492471,0.007149415849559876
10.426,0.00618435027285238,0.007146614913790308
10.428,0.006186484050846808,0.0071438111530003675
10.43,0.006188634153041468,0.007141004578489863
10.432,0.006190799533299267,0.007138195201533214
10.434,0.00619297914400481,0.007135383033379496
10.436,0.006195171936290094,0.007132568085252491
10.438,0.006197376860262259,0.007129750368350745
10.44,0.006199592865234397,0.0071269298938476085
10.442,0.006201818899960564,0.007124106672891292
10.444,0.006204053912875374,0.0071212807166049176
10.446,0.00620629685233824,0.007118452036086564
10.448,0.006208546666881554,0.007115620642409322
10.45,0.006210802305461442,0.007112786546621346
10.452,0.00621306271770994,0.007109949759745898
10.454,0.00621532685418731,0.007107110292781405
10.456,0.00621759366663383,0.007104268156701505
10.458,0.006219862108221156,0.007101423362455102
10.46,0.006222131133803635,0.0070985759209664144
10.462,0.0062243997001702345,0.007095725843135028
10.464,0.006226666766297516,0.00709287313983594
10.466,0.006228931293603298,0.007090017821919623
10.468,0.006231192246200334,0.007087159900212064
10.47,0.006233448591148213,0.007084299385514822
10.472,0.006235699298702095,0.0070814362886050764
10.474,0.006237943342556729,0.0070785706202356816
10.476,0.006240179700085436,0.007075702391135214
10.478,0.00624240735257475,0.0070728316120080275
10.48,0.006244625285456875,0.0070699582935343005
10.482,0.006246832488542328,0.0070670824463700925
10.484,0.0062490279562558305,0.007064204081147392
10.486,0.006251210687877531,0.007061323208474168
10.488,0.006253379687790258,0.007058439838934427
10.49,0.006255533965731816,0.007055553983088255
10.492,0.006257672537049861,0.0070526656514718795
10.494,0.006259794422955985,0.007049774854597714
10.496,0.006261898650775188,0.007046881602954411
10.498,0.006263984254188338,0.007043985907006918
10.5,0.006266050273466222,0.0070410877771965264
10.502,0.006268095755696053,0.007038187223940921
10.504,0.0062701197550027055,0.007035284257634234
10.506,0.0062721213327677685,0.007032378888647105
10.508,0.006274099557849631,0.007029471127326716
10.51,0.006276053506806606,0.007026560983996857
10.512,0.006277982264123521,0.007023648468957976
10.514,0.006279884922440274,0.0070207335924872254
10.516,0.006281760582779509,0.00701781636483852
10.518,0.006283608354769784,0.007014896796242586
10.52,0.006285427356860768,0.007011974896907016
10.522,0.006287216716528133,0.007009050677016318
10.524,0.006288975570467481,0.00700612414673197
10.526,0.006290703064778614,0.007003195316192471
10.528,0.006292398355142651,0.0070002641955133945
10.53,0.006294060606995581,0.006997330794787439
10.532,0.006295688995701991,0.006994395124084483
10.534,0.0062972827067314,0.0069914571934516345
10.536,0.006298840935838771,0.006988517012913284
10.538,0.006300362889248594,0.006985574592471159
10.54,0.006301847783840562,0.006982629942104376
10.542,0.006303294847333463,0.006979683071769489
10.544,0.006304703318463553,0.006976733991400549
10.546,0.006306072447153904,0.006973782710909149
10.548,0.006307401494672241,0.006970829240184482
10.55,0.006308689733776606,0.00696787358909339
10.552,0.00630993644884993,0.00696491576748042
10.554,0.006311140936025815,0.006961955785167871
10.556,0.006312302503309713,0.006958993651955855
10.558,0.006313420470698687,0.00695602937762234
10.56,0.006314494170303425,0.00695306297192321
10.562,0.00631552294647362,0.006950094444592314
10.564,0.006316506155926702,0.006947123805341519
10.566,0.006317443167877284,0.006944151063860765
10.568,0.00631833336416442,0.006941176229818111
10.57,0.006319176139371739,0.006938199312859797
10.572,0.006319970900937369,0.00693522032261029
10.574,0.006320717069251162,0.006932239268672337
10.576,0.00632141407773849,0.006929256160627021
10.578,0.006322061372932256,0.00692627100803381
10.58,0.006322658414535691,0.006923283820430612
10.582,0.006323204675479423,0.006920294607333827
10.584,0.006323699641976123,0.0069173033782383994
10.586,0.006324142813574614,0.0069143101426178705
10.588,0.0063245337032144374,0.006911314909924431
10.59,0.006324871837279745,0.006908317689588973
10.592,0.0063251567556510905,0.006905318491021146
10.594,0.006325388011752456,0.006902317323609406
10.596,0.006325565172592321,0.006899314196721066
10.598,0.006325687818797397,0.006896309119702355
10.6,0.0063257555446398755,0.006893302101878468
10.602,0.006325767958059093,0.006890293152553616
10.604,0.006325724680679566,0.0068872822810110805
10.606,0.006325625347827004,0.0068842694965132656
10.608,0.0063254696085432525,0.006881254808301753
10.61,0.006325257125600008,0.006878238225597348
10.612,0.00632498757551029,0.0068752197576001425
10.614,0.006324660648535833,0.0068721994134895575
10.616,0.006324276048688324,0.0068691772024244
10.618,0.006323833493722768,0.006866153133542916
10.62,0.006323332715121513,0.006863127215962843
10.622,0.0063227734580687985,0.00686009945878146
10.624,0.006322155481416137,0.00685706987107564
10.626,0.0063214785576399726,0.006854038461901907
10.628,0.006320742472793069,0.006851005240296485
10.63,0.006319947026452042,0.00684797021527535
10.632,0.006319092031662881,0.006844933395834282
10.634,0.006318177314886571,0.00684189479094892
10.636,0.006317202715946041,0.0068388544095748125
10.638,0.0063161680879752265,0.006835812260647472
10.64,0.006315073297369955,0.006832768353082421
10.642,0.006313918223739345,0.006829722695775255
10.644,0.006312702759855514,0.006826675297601682
10.646,0.006311426811599241,0.006823626167417587
10.648,0.006310090297898763,0.0068205753140590745
10.65,0.0063086931506599435,0.006817522746342527
10.652,0.006307235314687116,0.006814468473064655
10.654,0.006305716747595257,0.006811412503002547
10.656,0.006304137419715372,0.0068083548449137275
10.658,0.006302497313996203,0.006805295507536201
10.66,0.006300796425904993,0.006802234499588511
10.662,0.006299034763330121,0.006799171829769789
10.664,0.006297212346486751,0.006796107506759807
10.666,0.006295329207825756,0.006793041539219029
10.668,0.006293385391944394,0.006789973935788665
10.67,0.006291380955496479,0.006786904705090719
10.672,0.006289315967099743,0.006783833855728044
10.674,0.0062871905072378635,0.006780761396284395
10.676,0.006285004668156029,0.006777687335324477
10.678,0.006282758553749831,0.006774611681394
10.68,0.006280452279448404,0.0067715344430197295
10.682,0.006278085972093659,0.006768455628709537
10.684,0.006275659769817626,0.006765375246952456
10.686,0.006273173821920042,0.0067622933062187265
10.688,0.006270628288747322,0.006759209814959857
10.69,0.00626802334157377,0.006756124781608664
10.692,0.00626535916248426,0.006753038214579332
10.694,0.006262635944257876,0.0067499501222674655
10.696,0.006259853890250805,0.006746860513050134
10.698,0.006257013214277618,0.006743769395285928
10.7,0.006254114140490448,0.00674067677731501
10.702,0.0062511569032558485,0.006737582667459168
10.704,0.006248141747030487,0.006734487074021859
10.706,0.0062450689262367205,0.006731390005288271
10.708,0.006241938705139184,0.006728291469525366
10.71,0.00623875135772344,0.006725191474981935
10.712,0.006235507167576656,0.0067220900298886515
10.714,0.006232206427769912,0.006718987142458116
10.716,0.006228849440740968,0.00671588282088491
10.718,0.006225436518176209,0.006712777073345652
10.72,0.006221967980890734,0.006709669907999043
10.722,0.006218444158705916,0.006706561332985916
10.724,0.00621486539032456,0.006703451356429295
10.726,0.0062112320232045205,0.006700339986434436
10.728,0.006207544413431611,0.006697227231088887
10.73,0.00620380292559314,0.0066941130984625305
10.732,0.006200007932653033,0.006690997596607644
10.734,0.006196159815828986,0.0066878807335589395
10.736,0.006192258964472156,0.006684762517333623
10.738,0.006188305775949154,0.006681642955931441
10.74,0.006184300655526837,0.0066785220573347326
10.742,0.006180244016259098,0.006675399829508479
10.744,0.006176136278876415,0.006672276280400354
10.746,0.006171977871677061,0.006669151417940778
10.748,0.00616776923041998,0.006666025250042964
10.75,0.0061635107982180685,0.006662897784602968
10.752,0.006159203025430802,0.006659769029499742
10.754,0.00615484636955547,0.006656638992595184
10.756,0.006150441295116451,0.006653507681734187
10.758,0.006145988273553069,0.006650375104744688
10.76,0.006141487783107434,0.006647241269437721
10.762,0.006136940308714369,0.006644106183607466
10.764,0.006132346341895726,0.006640969855031299
10.766,0.006127706380660579,0.006637832291469841
10.768,0.006123020929412232,0.006634693500667009
10.77,0.006118290498860985,0.006631553490350066
10.772,0.006113515605940508,0.00662841226822967
10.774,0.006108696773724997,0.006625269841999924
10.776,0.006103834531344261,0.006622126219338427
10.778,0.006098929413894728,0.006618981407906322
10.78,0.006093981962345977,0.006615835415348346
10.782,0.006088992723443955,0.00661268824929288
10.784,0.006083962249613423,0.006609539917351998
10.786,0.006078891098862402,0.006606390427121518
10.788,0.006073779834691458,0.00660323978618105
10.79,0.006068629026009022,0.006600088002094044
10.792,0.006063439247052943,0.006596935082407843
10.794,0.006058211077316628,0.006593781034653727
10.796,0.006052945101477563,0.006590625866346969
10.798,0.006047641909325724,0.006587469584986878
10.8,0.006042302095689853,0.006584312198056851
10.802,0.006036926260361185,0.006581153713024422
10.804,0.006031515008014696,0.006577994137341309
10.806,0.006026068948129648,0.006574833478443467
10.808,0.0060205886949113345,0.00657167174375113
10.81,0.006015074867216023,0.00656850894066887
10.812,0.0060095280884802866,0.006565345076585633
10.814,0.0060039489866555995,0.0065621801588747995
10.816,0.005998338194147381,0.006559014194894225
10.818,0.005992696347757643,0.006555847191986292
10.82,0.005987024088629229,0.00655267915747796
10.822,0.005981322062190435,0.006549510098680807
10.824,0.005975590918097898,0.00654634002289109
10.826,0.005969831310177016,0.006543168937389781
10.828,0.005964043896359305,0.006539996849442621
10.83,0.005958229338616533,0.006536823766300167
10.832,0.005952388302892635,0.006533649695197844
10.834,0.005946521459034224,0.006530474643355985
10.836,0.005940629480721339,0.006527298617979888
10.838,0.005934713045399778,0.006524121626259857
10.84,0.005928772834216596,0.006520943675371253
10.842,0.005922809531959518,0.0065177647724745415
10.844,0.0059168238270007585,0.00651458492471534
10.846,0.005910816411244658,0.006511404139224467
10.848,0.0059047879800783265,0.006508222423117986
10.85,0.00589873923232336,0.006505039783497257
10.852,0.005892670870186965,0.006501856227448983
10.854,0.005886583599211143,0.006498671762045254
10.856,0.005880478128218378,0.0064954863943436
10.858,0.005874355169254164,0.006492300131387035
10.86,0.005868215437526605,0.006489112980204104
10.862,0.005862059651344547,0.006485924947808932
10.864,0.0058558885320557676,0.006482736041201268
10.866,0.0058497028039868094,0.006479546267366537
10.868,0.005843503194385223,0.006476355633275883
10.87,0.0058372904333645805,0.006473164145886214
10.872,0.005831065253851202,0.006469971812140256
10.874,0.005824828391531568,0.0064667786389665935
10.876,0.005818580584798403,0.006463584633279719
10.878,0.005812322574694064,0.006460389801980077
10.88,0.005806055104850152,0.006457194151954116
10.882,0.005799778921422938,0.006453997690074329
10.884,0.005793494773025049,0.006450800423199302
10.886,0.005787203410654164,0.006447602358173761
10.888,0.0057809055876196025,0.00644440350182862
10.89,0.0057746020594679395,0.006441203860981024
10.892,0.005768293583907698,0.006438003442434396
10.894,0.005761980920733588,0.006434802252978484
10.896,0.005755664831749984,0.006431600299389408
10.898,0.005749346080693762,0.006428397588429701
10.9,0.005743025433156288,0.006425194126848363
10.902,0.0057367036565053025,0.006421989921380898
10.904,0.005730381519806711,0.0064187849787493674
10.906,0.005724059793747019,0.00641557930566243
10.908,0.005717739250556177,0.00641237290881539
10.91,0.00571142066393044,0.0064091657948902436
10.912,0.005705104808953825,0.006405957970555723
10.914,0.005698792462016935,0.0064027494424673415
10.916,0.005692484400731215,0.006399540217267439
10.918,0.005686181403837702,0.006396330301585229
10.92,0.005679884251110077,0.006393119702036843
10.922,0.005673593723252465,0.00638990842522537
10.924,0.005667310601794174,0.0063866964777409135
10.926,0.005661035668983181,0.006383483866160625
10.928,0.005654769707680823,0.006380270597048754
10.93,0.005648513501259242,0.006377056676956693
10.932,0.005642267833501474,0.006373842112423022
10.934,0.005636033488503361,0.00637062690997355
10.936,0.005629811250574261,0.006367411076121365
10.938,0.005623601904133443,0.006364194617366876
10.94,0.005617406233598831,0.006360977540197854
10.942,0.005611225023265572,0.006357759851089482
10.944,0.005605059057174089,0.006354541556504396
10.946,0.005598909118968895,0.0063513226628927315
10.948,0.005592775991751827,0.006348103176692164
10.95,0.005586660457934291,0.006344883104327957
10.952,0.0055805632990937855,0.006341662452213003
10.954,0.005574485295838448,0.006338441226747869
10.956,0.005568427227681946,0.006335219434320842
10.958,0.005562389872927536,0.006331997081307969
10.96,0.005556374008558065,0.006328774174073103
10.962,0.005550380410125997,0.006325550718967945
10.964,0.005544409851637112,0.006322326722332091
10.966,0.005538463105421832,0.006319102190493073
10.968,0.005532540941990216,0.0063158771297664
10.97,0.005526644129869916,0.006312651546455607
10.972,0.00552077343542942,0.0063094254468522935
10.974,0.005514929622692056,0.006306198837236169
10.976,0.005509113453147717,0.006302971723875095
10.978,0.00550332568556936,0.00629974411302513
10.98,0.0054975670758400895,0.006296516010930569
10.982,0.005491838376793368,0.006293287423823989
10.984,0.005486140338066031,0.0062900583579262904
10.986,0.0054804737059601935,0.006286828819446743
10.988,0.005474839223308072,0.006283598814583021
10.99,0.00546923762933304,0.006280368349521257
10.992,0.0054636696595007275,0.006277137430436073
10.994,0.005458136045356491,0.00627390606349063
10.996,0.005452637514348171,0.006270674254836669
10.998,0.005447174789636249,0.006267442010614549
11.0,0.005441748589895916,0.006264209336953297
11.002,0.005436359629116541,0.006260976239970641
11.004,0.005431008616404354,0.006257742725773062
11.006,0.00542569625579197,0.006254508800455825
11.008,0.005420423246057073,0.0062512744701030305
11.01,0.005415190280549416,0.00624803974078765
11.012,0.005409998047023228,0.006244804618571572
11.014,0.005404847227471091,0.00624156910950564
11.016,0.005399738497954715,0.006238333219629696
11.018,0.0053946725284290615,0.006235096954972621
11.02,0.005389649982557697,0.0062318603215523755
11.022,0.005384671517519448,0.0062286233253760455
11.024,0.0053797377838081025,0.0062253859724398794
11.026,0.0053748494250284995,0.006222148268729328
11.028,0.005370007077693105,0.00621891022021909
11.03,0.005365211371022713,0.006215671832873148
11.032,0.005360462926754263,0.006212433112644816
11.034,0.005355762358957322,0.006209194065476772
11.036,0.0053511102738587404,0.006205954697301105
11.038,0.005346507269673926,0.006202715014039354
11.04,0.0053419539364416855,0.006199475021602547
11.042,0.005337450855859556,0.006196234725891244
11.044,0.00533299860111632,0.006192994132795574
11.046,0.005328597736719921,0.0061897532481952795
11.048,0.005324248818319884,0.006186512077959752
11.05,0.005319952392524665,0.006183270627948078
11.052,0.005315708996715934,0.006180028904009074
11.054,0.005311519158861933,0.006176786911981328
11.056,0.005307383397332159,0.00617354465769324
11.058,0.005303302220715371,0.006170302146963061
11.06,0.005299276127641777,0.006167059385598936
11.062,0.005295305606609482,0.006163816379398938
11.064,0.005291391135814593,0.006160573134151112
11.066,0.005287533182984367,0.006157329655633511
11.068,0.005283732205212655,0.00615408594961424
11.07,0.0052799886487978395,0.006150842021851492
11.072,0.005276302949083466,0.006147597878093588
11.074,0.005272675530302985,0.006144353524079015
11.076,0.0052691068054292415,0.006141108965536469
11.078,0.005265597176029856,0.0061378642081848876
11.08,0.005262147032128269,0.006134619257733495
11.082,0.0052587567520702184,0.006131374119881839
11.084,0.005255426702394532,0.006128128800319827
11.086,0.005252157237706829,0.006124883304727768
11.088,0.005248948700554858,0.00612163763877641
11.09,0.005245801421304555,0.0061183918081269785
11.092,0.005242715718016476,0.006115145818431214
11.094,0.005239691896322536,0.006111899675331414
11.096,0.00523673024930379,0.006108653384460464
11.098,0.005233831057369815,0.006105406951441884
11.1,0.005230994588140837,0.0061021603818898614
11.102,0.005228221096333419,0.006098913681409289
11.104,0.005225510823650825,0.0060956668555958065
11.106,0.005222863998679005,0.006092419910035834
11.108,0.005220280836789273,0.006089172850306613
11.11,0.005217761540048568,0.006085925681976241
11.112,0.0052153062971378,0.006082678410603714
11.114,0.005212915283278695,0.006079431041738957
11.116,0.005210588660168331,0.006076183580922868
11.118,0.005208326575920739,0.006072936033687352
11.12,0.00520612916501388,0.006069688405555357
11.122,0.005203996548240617,0.006066440702040914
11.124,0.005201928832662046,0.006063192928649174
11.126,0.005199926111562499,0.006059945090876443
11.128,0.005197988464405837,0.006056697194210219
11.13,0.005196115956793861,0.006053449244129229
11.132,0.005194308640427753,0.006050201246103467
11.134,0.005192566553074462,0.006046953205594231
11.136,0.0051908897185390995,0.006043705128054156
11.138,0.0051892781466446715,0.006040457018927254
11.14,0.005187731833219592,0.00603720888364895
11.142,0.0051862507600922945,0.006033960727646115
11.144,0.005184834895092632,0.006030712556337107
11.146,0.005183484192058464,0.006027464375131803
11.148,0.005182198590846751,0.006024216189431637
11.15,0.005180978017348537,0.006020968004629635
11.152,0.005179822383507954,0.006017719826110453
11.154,0.0051787315873462175,0.00601447165925041
11.156,0.005177705512991799,0.006011223509417523
11.158,0.00517674403071833,0.006007975381971549
11.16,0.005175846996991285,0.0060047272822640095
11.162,0.0051750142545237895,0.006001479215638239
11.164,0.005174245632341061,0.005998231187429408
11.166,0.005173540945851852,0.005994983202964565
11.168,0.0051728999969250684,0.005991735267562672
11.17,0.005172322573969102,0.005988487386534637
11.172,0.005171808452012211,0.005985239565183348
11.174,0.005171357392783185,0.005981991808803712
11.176,0.005170969144792549,0.005978744122682686
11.178,0.005170643443415847,0.005975496512099315
11.18,0.005170380010981628,0.005972248982324761
11.182,0.005170178556866399,0.005969001538622344
11.184,0.005170038777599318,0.005965754186247572
11.186,0.005169960356977298,0.00596250693044818
11.188,0.005169942966190746,0.005959259776464156
11.19,0.005169986263957952,0.005956012729527784
11.192,0.005170089896665589,0.005952765794863673
11.194,0.0051702534985118495,0.005949518977688792
11.196,0.005170476691649732,0.0059462722832125045
11.198,0.005170759086328447,0.005943025716636603
11.2,0.0051711002810330125,0.005939779283155339
11.202,0.005171499862623525,0.005936532987955461
11.204,0.005171957406476839,0.005933286836216246
11.206,0.005172472476634067,0.005930040833109532
11.208,0.005173044625956651,0.0059267949837997535
11.21,0.005173673396293174,0.005923549293443974
11.212,0.005174358318656687,0.005920303767191918
11.214,0.0051750989134115655,0.005917058410186003
11.216,0.005175894690466969,0.005913813227561379
11.218,0.005176745149473882,0.005910568224445952
11.22,0.0051776497800230005,0.005907323405960424
11.222,0.005178608061841317,0.005904078777218322
11.224,0.005179619464987063,0.005900834343326033
11.226,0.005180683450043532,0.005897590109382834
11.228,0.005181799468313562,0.005894346080480926
11.23,0.005182966962016425,0.005891102261705467
11.232,0.0051841853644891845,0.005887858658134602
11.234,0.0051854541003934825,0.005884615274839495
11.236,0.005186772585928271,0.005881372116884367
11.238,0.005188140229048012,0.005878129189326518
11.24,0.005189556429685081,0.005874886497216368
11.242,0.005191020579975129,0.005871644045597484
11.244,0.0051925320644832,0.0058684018395066114
11.246,0.005194090260429306,0.0058651598839737085
11.248,0.005195694537911855,0.005861918184021975
11.25,0.005197344260127923,0.0058586767446678865
11.252,0.005199038783590723,0.005855435570921221
11.254,0.005200777458344665,0.005852194667785097
11.256,0.005202559628179975,0.005848954040255998
11.258,0.005204384630849369,0.005845713693323808
11.26,0.005206251798289267,0.0058424736319718385
11.262,0.005208160456847893,0.005839233861176864
11.264,0.005210109927521099,0.00583599438590915
11.266,0.005212099526195898,0.005832755211132482
11.268,0.005214128563899172,0.005829516341804201
11.27,0.00521619634704859,0.0058262777828752286
11.272,0.005218302177701887,0.005823039539290101
11.274,0.005220445353801119,0.005819801615986997
11.276,0.005222625169409911,0.005816564017897772
11.278,0.005224840914943439,0.005813326749947981
11.28,0.005227091877392449,0.005810089817056917
11.282,0.005229377340544144,0.0058068532241376345
11.284,0.005231696585202672,0.005803616976096982
11.286,0.005234048889411572,0.005800381077835632
11.288,0.005236433528679545,0.00579714553424811
11.29,0.0052388497762085665,0.005793910350222824
11.292,0.005241296903123426,0.005790675530642093
11.294,0.005243774178699816,0.005787441080382178
11.296,0.005246280870589535,0.005784207004313311
11.298,0.005248816245041168,0.005780973307299723
11.3,0.005251379567116563,0.005777739994199674
11.302,0.005253970100903765,0.0057745070698654805
11.304,0.005256587109728131,0.005771274539143547
11.306,0.005259229856362907,0.005768042406874394
11.308,0.005261897603239996,0.0057648106778926825
11.31,0.00526458961266088,0.00576157935702725
11.312,0.005267305147006734,0.005758348449101133
11.314,0.005270043468946055,0.005755117958931597
11.316,0.00527280384163879,0.005751887891330167
11.318,0.005275585528935877,0.005748658251102651
11.32,0.005278387795574224,0.005745429043049174
11.322,0.005281209907367797,0.005742200271964201
11.324,0.005284051131395435,0.005738971942636568
11.326,0.005286910736186628,0.005735744059849506
11.328,0.005289787991904817,0.005732516628380674
11.33,0.005292682170528048,0.005729289653002184
11.332,0.005295592546025266,0.005726063138480627
11.334,0.005298518394527014,0.005722837089577103
11.336,0.0053014589944891995,0.0057196115110472465
11.338,0.00530441362684985,0.005716386407641254
11.34,0.005307381575179456,0.005713161784103912
11.342,0.005310362125827027,0.005709937645174624
11.344,0.005313354568063932,0.005706713995587436
11.346,0.005316358194227764,0.005703490840071065
11.348,0.005319372299867333,0.005700268183348926
11.35,0.005322396183888532,0.005697046030139155
11.352,0.00532542914869974,0.00569382438515464
11.354,0.005328470500354289,0.005690603253103045
11.356,0.0053315195486875,0.005687382638686838
11.358,0.00533457560744626,0.005684162546603315
11.36,0.005337637994410539,0.005680942981544627
11.362,0.00534070603150704,0.0056777239481978084
11.364,0.0053437790449170006,0.005674505451244799
11.366,0.00534685636517937,0.005671287495362473
11.368,0.00534993732729171,0.005668070085222662
11.37,0.00535302127080889,0.005664853225492184
11.372,0.0053561075399396,0.005661636920832865
11.374,0.00535919548363949,0.005658421175901569
11.376,0.0053622844556992,0.005655205995350219
11.378,0.00536537381482594,0.005651991383825825
11.38,0.00536846292471801,0.005648777345970508
11.382,0.00537155115413208,0.005645563886421526
11.384,0.00537463787694422,0.005642351009811297
11.386,0.0053777224722051705,0.005639138720767427
11.388,0.00538080432419104,0.005635927023912731
11.39,0.00538388282244968,0.005632715923865261
11.392,0.00538695736184276,0.005629505425238329
11.394,0.005390027342583649,0.00562629553264053
11.396,0.00539309217027117,0.0056230862506757694
11.398,0.00539615125592011,0.005619877583943287
11.4,0.00539920401598939,0.005616669537037677
11.402,0.005402249872409131,0.005613462114548917
11.404,0.00540528825260782,0.005610255321062389
11.406,0.0054083185895391,0.005607049161158905
11.408,0.00541134032170763,0.005603843639414729
11.41,0.00541435289319175,0.005600638760401603
11.412,0.0054173557536604,0.005597434528686766
11.414,0.005420348358382439,0.005594230948832986
11.416,0.005423330168226929,0.005591028025398572
11.418,0.00542630064965453,0.005587825762937406
11.42,0.0054292592747021105,0.005584624165998964
11.422,0.00543220552096252,0.005581423239128338
11.424,0.00543513887156269,0.005578222986866257
11.426,0.00543805881514177,0.005575023413749115
11.428,0.00544096484583005,0.005571824524308989
11.43,0.00544385646322787,0.0055686263230736634
11.432,0.00544673317238265,0.0055654288145666544
11.434,0.0054495944837614696,0.005562232003307229
11.436,0.00545243991321756,0.005559035893810429
11.438,0.0054552689819491705,0.005555840490587094
11.44,0.00545808121645168,0.005552645798143881
11.442,0.00546087614846396,0.00554945182098329
11.444,0.00546365331491151,0.005546258563603684
11.446,0.00546641225784875,0.005543066030499309
11.448,0.0054691525244021,0.005539874226160319
11.45,0.00547187366671514,0.0055366831550727955
11.452,0.00547457524189561,0.0055334928217187695
11.454,0.005477256811963469,0.005530303230576243
11.456,0.00547991794379871,0.005527114386119212
11.458,0.00548255820908745,0.005523926292817683
11.46,0.00548517718426501,0.005520738955137699
11.462,0.00548777445045533,0.005517552377541358
11.464,0.0054903495934061596,0.005514366564486835
11.466,0.00549290220342029,0.0055111815204284004
11.468,0.00549543187528331,0.005507997249816445
11.47,0.00549793820818855,0.005504813757097497
11.472,0.0055004208056603394,0.005501631046714242
11.474,0.00550287927547637,0.005498449123105547
11.476,0.00550531322959012,0.005495267990706478
11.478,0.00550772228405404,0.005492087653948319
11.48,0.00551010605894346,0.005488908117258596
11.482,0.00551246417828116,0.005485729385061092
11.484,0.005514796269961739,0.005482551461775873
11.486,0.00551710196567515,0.005479374351819301
11.488,0.00551938090082855,0.005476198059604058
11.49,0.0055216327144662495,0.005473022589539163
11.492,0.00552385704918833,0.0054698479460299956
11.494,0.005526053551068851,0.0054666741334783095
11.496,0.00552822186957525,0.005463501156282256
11.498,0.005530361657490679,0.005460329018836402
11.5,0.00553247257083985,0.005457157725531747
11.502,0.00553455426881919,0.005453987280755746
11.504,0.00553660641373001,0.0054508176888923236
11.506,0.00553862867091322,0.005447648954321896
11.508,0.00554062070868345,0.00544448108142139
11.51,0.00554258219826085,0.005441314074564257
11.512,0.00554451281369952,0.005438147938120496
11.514,0.00554641223181314,0.005434982676456671
11.516,0.005548280132099,0.0054318182939359265
11.518,0.005550116196663101,0.00542865479491801
11.52,0.00555192011014889,0.0054254921837592835
11.522,0.00555369155967113,0.0054223304648127486
11.524,0.00555543023475597,0.005419169642428058
11.526,0.0055571358272862095,0.005416009720951538
11.528,0.005558808031449669,0.005412850704726203
11.53,0.00556044654368819,0.005409692598091772
11.532,0.00556205106264507,0.00540653540538469
11.534,0.00556362128910976,0.005403379130938141
11.536,0.00556515692596062,0.005400223779082068
11.538,0.0055666576781076196,0.005397069354143188
11.54,0.005568123252438479,0.005393915860445009
11.542,0.00556955335777151,0.005390763302307848
11.544,0.0055709477048175105,0.005387611684048847
11.546,0.00557230600615158,0.0053844610099819884
11.548,0.005573627976193761,0.005381311284418115
11.55,0.00557491333119534,0.005378162511664939
11.552,0.00557616178922741,0.0053750146960270685
11.554,0.00557737307016777,0.005371867841806014
11.556,0.00557854689568411,0.0053687219533002095
11.558,0.00557968298921296,0.0053655770348050285
11.56,0.00558078107593572,0.005362433090612796
11.562,0.005581840882754759,0.005359290125012808
11.564,0.0055828621382727605,0.005356148142291347
11.566,0.0055838445727781705,0.0053530071467316935
11.568,0.00558478791823759,0.005349867142614146
11.57,0.0055856919082950506,0.005346728134216032
11.572,0.00558655627827567,0.005343590125811727
11.574,0.00558738076519125,0.005340453121672667
11.576,0.00558816510774533,0.005337317126067364
11.578,0.00558890904633664,0.0053341821432614225
11.58,0.005589612323061601,0.005331048177517549
11.582,0.00559027468171824,0.005327915233095573
11.584,0.00559089586781502,0.005324783314252457
11.586,0.005591475628587609,0.005321652425242313
11.588,0.00559201371302609,0.005318522570316416
11.59,0.00559250987191237,0.0053153937537232165
11.592,0.00559296385786615,0.005312265979708359
11.594,0.00559337542539575,0.005309139252514691
11.596,0.00559374433094935,0.005306013576382279
11.598,0.00559407033296339,0.005302888955548421
11.6,0.00559435319190564,0.005299765394247664
11.602,0.00559459267031388,0.0052966428967118106
11.604,0.00559478853283219,0.005293521467169939
11.606,0.0055949405462492,0.005290401109848412
11.608,0.00559504847954234,0.005287281828970891
11.61,0.0055951121039312,0.005284163628758351
11.612,0.00559513119294101,0.005281046513429089
11.614,0.00559510552247436,0.005277930487198744
11.616,0.00559503487088789,0.005274815554280301
11.618,0.00559491901906835,0.00527170171888411
11.62,0.00559475775050393,0.005268588985217897
11.622,0.00559455085134762,0.005265477357486773
11.624,0.00559429811047236,0.0052623668398932505
11.626,0.00559399931952078,0.005259257436637254
11.628,0.00559365427295426,0.005256149151916131
11.63,0.005593262768107321,0.005253041989924665
11.632,0.00559282460525267,0.005249935954855088
11.634,0.0055923395876795795,0.00524683105089709
11.636,0.00559180752178595,0.005243727282237831
11.638,0.00559122821718001,0.0052406246530619545
11.64,0.005590601486786449,0.005237523167551596
11.642,0.0055899271469499,0.0052344228298863964
11.644,0.00558920501753037,0.005231323644243512
11.646,0.0055884349219873595,0.0052282256147976255
11.648,0.00558761668745294,0.005225128745720957
11.65,0.0055867501447971705,0.005222033041183275
11.652,0.00558583512869149,0.0052189385053519055
11.654,0.00558487147767627,0.005215845142391746
11.656,0.00558385903423707,0.005212752956465272
11.658,0.00558279764489223,0.005209661951732548
11.66,0.00558168716029033,0.00520657213235124
11.662,0.00558052743531408,0.005203483502476625
11.664,0.00557931832918493,0.005200396066261597
11.666,0.00557805970556292,0.005197309827856683
11.668,0.00557675143263769,0.005194224791410048
11.67,0.0055753933832090805,0.0051911409610675046
11.672,0.00557398543475806,0.005188058340972527
11.674,0.00557252746951123,0.005184976935266255
11.676,0.005571019374502859,0.005181896748087508
11.678,0.00556946104163828,0.005178817783572789
11.68,0.00556785236776117,0.005175740045856298
11.682,0.0055661932547254,0.005172663539069938
11.684,0.005564483609470729,0.0051695882673433256
11.686,0.0055627233441002495,0.0051665142348038
11.688,0.005560912375957651,0.0051634414455764294
11.69,0.005559050627702551,0.00516036990378402
11.692,0.0055571380273833,0.005157299613547128
11.694,0.00555517450850732,0.00515423057898406
11.696,0.00555316001010979,0.005151162804210889
11.698,0.00555109447682115,0.005148096293341459
11.7,0.00554897785893336,0.005145031050487393
11.702,0.00554681011246401,0.005141967079758101
11.704,0.00554459119921678,0.005138904385260786
11.706,0.00554232108683628,0.0051358429711004525
11.708,0.00553999974885581,0.005132782841379917
11.71,0.00553762716473749,0.00512972400019981
11.712,0.00553520331990549,0.005126666451658588
11.714,0.00553272820577423,0.005123610199852537
11.716,0.00553020181977409,0.005120555248875779
11.718,0.0055276241653773395,0.005117501602820283
11.72,0.00552499525212629,0.005114449265775869
11.722,0.00552231509566453,0.0051113982418302135
11.724,0.00551958371777061,0.005108348535068858
11.726,0.00551680114639246,0.005105300149575213
11.728,0.005513967415679839,0.005102253089430567
11.73,0.005511082566012231,0.005099207358714093
11.732,0.00550814664402002,0.005096162961502849
11.734,0.005505159702597861,0.005093119901871792
11.736,0.00550212180091008,0.005090078183893775
11.738,0.00549903300438946,0.00508703781163956
11.74,0.0054958933847309,0.0050839987891778205
11.742,0.00549270301988194,0.0050809611205751455
11.744,0.00548946199403163,0.005077924809896046
11.746,0.00548617039759855,0.005074889861202963
11.748,0.005482828327218,0.005071856278556268
11.75,0.00547943588572751,0.00506882406601427
11.752,0.005475993182149379,0.00506579322763322
11.754,0.00547250033166901,0.005062763767467317
11.756,0.00546895745560787,0.0050597356895687095
11.758,0.005465364681390819,0.0050567089979875034
11.76,0.00546172214250816,0.005053683696771764
11.762,0.00545802997847324,0.005050659789967523
11.764,0.00545428833477744,0.005047637281618777
11.766,0.00545049736284359,0.005044616175767498
11.768,0.00544665721997911,0.005041596476453634
11.77,0.005442768069328941,0.005038578187715112
11.772,0.00543883007982799,0.005035561313587843
11.774,0.00543484342615181,0.0050325458581057265
11.776,0.00543080828866393,0.00502953182530065
11.778,0.00542672485335888,0.005026519219202497
11.78,0.0054225933117997005,0.005023508043839148
11.782,0.00541841386105039,0.005020498303236482
11.784,0.00541418670360371,0.005017490001418382
11.786,0.00540991204730578,0.005014483142406738
11.788,0.00540559010527858,0.005011477730221444
11.79,0.0054012210958413204,0.005008473768880411
11.792,0.00539680524243083,0.005005471262399559
11.794,0.00539234277352043,0.005002470214792824
11.796,0.00538783392253682,0.004999470630072162
11.798,0.00538327892777361,0.0049964725122475465
11.8,0.00537867803230143,0.004993475865326975
11.802,0.00537403148387453,0.004990480693316468
11.804,0.00536933953483456,0.00498748700022007
11.806,0.00536460244201252,0.0049844947900398555
11.808,0.005359820466630069,0.0049815040667759245
11.81,0.00535499387420081,0.004978514834426409
11.812,0.00535012293443187,0.00497552709698747
11.814,0.0053452079211254305,0.0049725408584533025
11.816,0.00534024911207972,0.004969556122816135
11.818,0.00533524678898868,0.004966572894066228
11.82,0.0053302012373398,0.004963591176191878
11.822,0.00532511274631002,0.004960610973179417
11.824,0.0053199816086598,0.0049576322890132135
11.826,0.00531480812062581,0.004954655127675672
11.828,0.005309592581813009,0.004951679493147232
11.83,0.00530433529508634,0.004948705389406373
11.832,0.00529903656646346,0.004945732820429608
11.834,0.0052936967050083005,0.00494276179019149
11.836,0.005288316022726561,0.004939792302664605
11.838,0.005282894834463011,0.004936824361819578
11.84,0.005277433457800641,0.004933857971625068
11.842,0.00527193221296093,0.004930893136047772
11.844,0.00526639142270428,0.004927929859052417
11.846,0.00526081141222914,0.004924968144601768
11.848,0.0052551925090687495,0.00492200799665662
11.85,0.00524953504298472,0.004919049419175802
11.852,0.0052438393458573195,0.0049160924161161705
11.854,0.0052381057515740095,0.004913136991432614
11.856,0.0052323345959175,0.004910183149078048
11.858,0.0052265262164561295,0.004907230893003414
11.86,0.00522068095243805,0.0049042802271576785
11.862,0.00521479914469047,0.004901331155487831
11.864,0.00520888113552404,0.004898383681938881
11.866,0.00520292726864103,0.004895437810453859
11.868,0.00519693788904557,0.00489249354497381
11.87,0.00519091334295444,0.004889550889437796
11.872,0.00518485397770699,0.004886609847782889
11.874,0.0051787601416744995,0.004883670423944173
11.876,0.00517263218417014,0.004880732621854737
11.878,0.005166470455361409,0.0048777964454456745
11.88,0.00516027530618708,0.004874861898646083
11.882,0.00515404708828026,0.004871928985383057
11.884,0.00514778615389766,0.004868997709581685
11.886,0.005141492855853989,0.00486606807516505
11.888,0.005135167547459419,0.004863140086054223
11.89,0.005128810582457141,0.00486021374616826
11.892,0.00512242231495871,0.004857289059424201
11.894,0.00511600309937538,0.004854366029737061
11.896,0.00510955329034519,0.004851444661019831
11.898,0.00510307324265727,0.004848524957183472
11.9,0.0050965633111756704,0.0048456069221369125
11.902,0.00509002385076649,0.004842690559787042
11.904,0.00508345521623131,0.004839775874038709
11.906,0.00507685776225014,0.004836862868794713
11.908,0.00507023184333543,0.004833951547955805
11.91,0.005063577813797061,0.00483104191542068
11.912,0.00505689602771679,0.00482813397508597
11.914,0.0050501868389291,0.004825227730846245
11.916,0.005043450601004629,0.004822323186594001
11.918,0.00503668766723217,0.004819420346219662
11.92,0.00502989839059645,0.004816519213611568
11.922,0.00502308312374995,0.004813619792655974
11.924,0.00501624221897937,0.004810722087237042
11.926,0.00500937602816901,0.0048078261012368395
11.928,0.005002484902765,0.004804931838535329
11.93,0.00499556919374451,0.004802039303010363
11.932,0.004988629251593839,0.0047991484985376795
11.934,0.00498166542629766,0.004796259428990897
11.936,0.00497467806733952,0.004793372098241506
11.938,0.00496766752371171,0.004790486510158861
11.94,0.00496063414393072,0.0047876026686101796
11.942,0.00495357827605394,0.004784720577460529
11.944,0.004946500267693461,0.004781840240572827
11.946,0.00493940046602424,0.004778961661807828
11.948,0.0049322792177861705,0.00477608484502412
11.95,0.004925136869281329,0.004773209794078117
11.952,0.0049179737663698295,0.004770336512824052
11.954,0.00491079025446848,0.004767465005113968
11.956,0.00490358667855618,0.0047645952747977114
11.958,0.00489636338318921,0.004761727325722926
11.96,0.00488912071252714,0.004758861161735045
11.962,0.00488185901036906,0.00475599678667728
11.964,0.00487457862019686,0.0047531342043906155
11.966,0.00486727988522235,0.0047502734187138025
11.968,0.004859963148433941,0.004747414433483348
11.97,0.00485262875264001,0.004744557252533507
11.972,0.00484527704050723,0.004741701879696275
11.974,0.00483790835459408,0.004738848318801378
11.976,0.00483052303738144,0.004735996573676266
11.978,0.00482312143130347,0.004733146648146103
11.98,0.00481570387878189,0.004730298546033757
11.982,0.004808270722266649,0.004727452271159794
11.984,0.0048008223042841705,0.004724607827342467
11.986,0.00479335896749267,0.004721765218397704
11.988,0.0047858810547423995,0.004718924448139105
11.99,0.00477838890913756,0.004716085520377929
11.992,0.004770882874096631,0.004713248438923083
11.994,0.0047633632934084204,0.004710413207581115
11.996,0.00475583051128316,0.004707579830156201
11.998,0.00474828487239956,0.0047047483104501395
12.0,0.00474072672195053,0.004701918652262339
12.002,0.0047331564061611,0.004699090859389807
12.004,0.00472557427230259,0.004696264969396742
12.006,0.00471798066780488,0.004693441016439495
12.008,0.00471037594037628,0.004690618999190305
12.01,0.0047027604385645495,0.004687798916322319
12.012,0.0046951345118207,0.004684980766509597
12.014,0.004687498510554741,0.004682164548427105
12.016,0.00467985278618429,0.004679350260750718
12.018,0.00467219769118017,0.00467653790215722
12.02,0.00466453357911486,0.004673727471324301
12.022,0.00465686080471771,0.004670918966930556
12.024,0.00464917972393667,0.004668112387655489
12.026,0.004641490694004619,0.004665307732179506
12.028,0.004633794073508489,0.004662504999183919
12.03,0.0046260902224609796,0.004659704187350944
12.032,0.004618379502375071,0.004656905295363701
12.034,0.00461066227634015,0.00465410832190621
12.036,0.00460293890909716,0.004651313265663395
12.038,0.00459520976710924,0.004648520125321081
12.04,0.00458747521862517,0.0046457288995659955
12.042,0.00457973563373408,0.004642939587085763
12.044,0.004571991384411269,0.00464015218656891
12.046,0.00456424284455666,0.004637366696704862
12.048,0.0045564903900287895,0.00463458311618394
12.05,0.0045487343986773095,0.004631801443697367
12.052,0.00454097525037757,0.004629021677937259
12.054,0.004533213327068899,0.004626243817596632
12.056,0.00452544901279768,0.004623467861369396
12.058,0.00451768269376399,0.004620693807950356
12.06,0.004509914758369859,0.004617921656035213
12.062,0.00450214559726624,0.00461515140432056
12.064,0.004494375603396661,0.0046123830515038865
12.066,0.0044866051720361105,0.0046096165962835715
12.068,0.004478834700825159,0.004606852037358888
12.07,0.0044710645898009705,0.004604089373430002
12.072,0.00446329524142675,0.004601328603197966
12.074,0.00445552706062231,0.004598569725364729
12.076,0.00444776045479711,0.004595812738633123
12.078,0.00443999583388642,0.0045930576417068745
12.08,0.00443223361038957,0.004590304433290597
12.082,0.00442447419940788,0.004587553112089791
12.084,0.004416718018679371,0.004584803676810845
12.086,0.00440896548860724,0.004582056126161035
12.088,0.00440121703227994,0.004579310458848521
12.09,0.00439347307548269,0.00457656667358235
12.092,0.00438573404670114,0.004573824769072455
12.094,0.0043780003771202395,0.00457108474402965
12.096,0.00437027250062104,0.0045683465971656356
12.098,0.0043625508537788295,0.004565610327192994
12.1,0.00435483587586508,0.004562875932825192
12.102,0.00434712800885418,0.004560143412776575
12.104,0.00433942769743461,0.004557412765762372
12.106,0.00433173538902251,0.004554683990498692
12.108,0.00432405153377474,0.004551957085702524
12.11,0.00431637658459781,0.004549232050091736
12.112,0.00430871099714946,0.004546508882385076
12.114,0.0043010552298305095,0.004543787581302169
12.116,0.00429340974376655,0.004541068145563519
12.118,0.004285775002780099,0.004538350573890506
12.12,0.00427815147335626,0.004535634865005387
12.122,0.0042705396246048195,0.004532921017631294
12.124,0.00426293992822261,0.004530209030492235
12.126,0.00425535285845882,0.004527498902313093
12.128,0.00424777889208423,0.004524790631819623
12.13,0.0042402185083651595,0.004522084217738457
12.132,0.00423267218903999,0.004519379658797096
12.134,0.00422514041829655,0.0045166769537239165
12.136,0.0042176236827476,0.004513976101248164
12.138,0.00421012247140199,0.004511277100099956
12.14,0.0042026372756298795,0.004508579949010282
12.142,0.004195168589121509,0.004505884646711
12.144,0.004187716907839581,0.004503191191934836
12.146,0.00418028272996686,0.004500499583415388
12.148,0.00417286655585034,0.0044978098198871184
12.15,0.004165468887944,0.004495121900085359
12.152,0.0041580902307510395,0.004492435822746308
12.154,0.00415073109076684,0.0044897515866070305
12.156,0.004143391976422181,0.004487069190405457
12.158,0.00413607339802625,0.004484388632880382
12.16,0.00412877586770808,0.004481709912771467
12.162,0.00412149989935491,0.0044790330288192355
12.164,0.004114246008546089,0.004476357979765074
12.166,0.00410701471248171,0.004473684764351233
12.168,0.00409980652990594,0.004471013381320824
12.17,0.00409262198102556,0.004468343829417821
12.172,0.00408546158742561,0.004465676107387059
12.174,0.00407832587198355,0.004463010213974233
12.176,0.0040712153587838,0.004460346147925898
12.178,0.00406413057303403,0.004457683907989466
12.18,0.004057072040983109,0.004455023492913212
12.182,0.00405004028984094,0.004452364901446264
12.184,0.004043035847698511,0.004449708132338612
12.186,0.0040360592434472205,0.0044470531843411
12.188,0.0040291110066956095,0.004444400056205429
12.19,0.004022191667682669,0.004441748746684155
12.192,0.00401530175718656,0.004439099254530692
12.194,0.00400844180642867,0.004436451578499304
12.196,0.00400161234697324,0.004433805717345112
12.198,0.00399481391062311,0.00443116166982409
12.2,0.00398804702931267,0.0044285194346930625
12.202,0.0039813122349990895,0.004425879010709709
12.204,0.00397461005955309,0.004423240396632559
12.206,0.003967941034649919,0.004420603591220994
12.208,0.00396130569166157,0.004417968593235246
12.21,0.00395470456155033,0.004415335401436395
12.212,0.00394813817476359,0.004412704014586371
12.214,0.00394160706112962,0.004410074431447954
12.216,0.00393511174975332,0.00440744665078477
12.218,0.00392865276891073,0.004404820671361293
12.22,0.0039222306459413495,0.004402196491942846
12.222,0.003915845907136841,0.004399574111295597
12.224,0.00390949907762575,0.004396953528186557
12.226,0.0039031906812537604,0.004394334741383587
12.228,0.00389692124046018,0.00439171774965539
12.23,0.0038906912761516002,0.004389102551771512
12.232,0.0038845013075740602,0.0043864891465023445
12.234,0.00387835185218543,0.004383877532619121
12.236,0.0038722434255292503,0.004381267708893918
12.238,0.0038661765411108495,0.004378659674099651
12.24,0.00386015171027577,0.0043760534270100805
12.242,0.00385416944209,0.004373448966399805
12.244,0.0038482302432203204,0.004370846291044264
12.246,0.00384233461781343,0.0043682453997197345
12.248,0.00383648306737236,0.004365646291203335
12.25,0.00383067609062919,0.004363048964273021
12.252,0.0038249141834141302,0.004360453417707586
12.254,0.00381919783852199,0.004357859650286659
12.256,0.0038135275455775304,0.004355267660790708
12.258,0.0038079037909018497,0.004352677448001036
12.26,0.0038023270573813504,0.00435008901069978
12.262,0.00379679782434082,0.004347502347669914
12.264,0.0037913165674204603,0.004344917457695245
12.266,0.0037858837584565396,0.0043423343395604126
12.268,0.00378049986536374,0.004339752992050892
12.27,0.0037751653520174196,0.004337173413952989
12.272,0.00376988067813353,0.004334595604053842
12.274,0.00376464629914474,0.00433201956114142
12.276,0.0037594626660717298,0.004329445284004525
12.278,0.0037543302253901295,0.004326872771432786
12.28,0.00374924941889394,0.0043243020222166655
12.282,0.0037442206835575803,0.004321733035147451
12.284,0.00373924445139825,0.004319165809017262
12.286,0.00373432114934105,0.004316600342619043
12.288,0.003729451199088,0.004314036634746568
12.29,0.0037246350169915995,0.004311474684194437
12.292,0.00371987301393293,0.0043089144897580775
12.294,0.00371516559520301,0.00430635605023374
12.296,0.0037105131603860603,0.004303799364418502
12.298,0.00370591610324328,0.0043012444311102665
12.3,0.0037013748115958998,0.004298691249107758
12.302,0.0036968896672068497,0.004296139817210527
12.304,0.0036924610456614305,0.004293590134218944
12.306,0.0036880893162475,0.004291042198934204
12.308,0.0036837748418360296,0.004288496010158323
12.31,0.003679517978763,0.004285951566694138
12.312,0.00367531907671283,0.004283408867345308
12.314,0.0036711784786033997,0.00428086791091631
12.316,0.00366709652047185,0.0042783286962124415
12.318,0.0036630735313607403,0.004275791222039819
12.32,0.0036591098332041097,0.004273255487205377
12.322,0.0036552057407135494,0.0042707214905168675
12.324,0.00365136156126531,0.004268189230782861
12.326,0.00364757759478983,0.004265658706812744
12.328,0.00364385413366509,0.004263129917416718
12.33,0.0036401914626151,0.004260602861405802
12.332,0.0036365898586135006,0.004258077537591829
12.334,0.00363304959079167,0.004255553944787447
12.336,0.0036295709203493106,0.004253032081806116
12.338,0.0036261541004651795,0.004250511947462112
12.34,0.00362279937620599,0.004247993540570521
12.342,0.0036195069844318405,0.004245476859947243
12.344,0.0036162771536982895,0.004242961904408991
12.346,0.0036131101041565906,0.004240448672773287
12.348,0.0036100060474540405,0.004237937163858462
12.35,0.0036069651866377796,0.004235427376483661
12.352,0.0036039877160640296,0.004232919309468836
12.354,0.0036010738213143904,0.004230412961634748
12.356,0.00359822367911892,0.004227908331802966
12.358,0.00359543745728452,0.004225405418795868
12.36,0.0035927153146261804,0.004222904221436639
12.362,0.00359005740089804,0.00422040473854927
12.364,0.0035874638567223497,0.004217906968958558
12.366,0.00358493481351499,0.004215410911490106
12.368,0.00358247039340801,0.004212916564970322
12.37,0.0035800707091709003,0.004210423928226418
12.372,0.0035777358641330397,0.0042079330000864106
12.374,0.00357546595211008,0.00420544377937912
12.376,0.0035732610573364697,0.004202956264934167
12.378,0.00357112125440506,0.004200470455581979
12.38,0.00356904660821391,0.004197986350153779
12.382,0.0035670371739188003,0.004195503947481597
12.384,0.00356509299688968,0.00419302324639826
12.386,0.00356321411266906,0.004190544245737397
12.388,0.00356140054693086,0.004188066944333434
12.39,0.00355965231543922,0.0041855913410216
12.392,0.0035579694240073,0.004183117434637918
12.394,0.0035563518684575204,0.004180645224019211
12.396,0.00355479963458407,0.0041781747080031
12.398,0.0035533126981188096,0.004175705885428002
12.4,0.0035518910247009493,0.00417323875513313
12.402,0.0035505345698495895,0.004170773315958492
12.404,0.0035492432789382003,0.004168309566744893
12.406,0.0035480170871692402,0.004165847506333931
12.408,0.0035468559195480304,0.004163387133567999
12.41,0.0035457596908554006,0.0041609284472902824
12.412,0.0035447283056199304,0.004158471446344761
12.414,0.00354376165809184,0.004156016129576206
12.416,0.0035428596322208297,0.00415356249583018
12.418,0.00354202210164024,0.004151110543953039
12.42,0.0035412489296593203,0.004148660272791928
12.422,0.0035405399692636104,0.004146211681194782
12.424,0.00353989506312248,0.004143764768010327
12.426,0.0035393140436014003,0.004141319532088076
12.428,0.00353879673277612,0.0041388759722783336
12.43,0.00353834294244648,0.00413643408743219
12.432,0.00353795247414806,0.004133993876401526
12.434,0.0035376251191620604,0.004131555338039005
12.436,0.0035373606585245797,0.00412911847119808
12.438,0.0035371588630378303,0.004126683274732989
12.44,0.0035370194932854695,0.004124249747498756
12.442,0.0035369422996542497,0.004121817888351188
12.444,0.0035369270223621994,0.004119387696146878
12.446,0.0035369733914925603,0.004116959169743204
12.448,0.0035370811270312302,0.004114532307998323
12.45,0.00353724993890515,0.0041121071097711785
12.452,0.0035374795270188804,0.004109683573921495
12.454,0.00353776958128815,0.004107261699309778
12.456,0.0035381197816703605,0.004104841484797315
12.458,0.0035385297981937796,0.004102422929246174
12.46,0.0035389992909884305,0.004100006031519201
12.462,0.00353952791032219,0.004097590790480025
12.464,0.0035401152966452803,0.004095177204993051
12.466,0.0035407610806450903,0.004092765273923465
12.468,0.00354146488331157,0.0040903549961372266
12.47,0.00354222631601159,0.004087946370501077
12.472,0.0035430449805687403,0.004085539395882533
12.474,0.0035439204693449304,0.004083134071149887
12.476,0.00354485236531936,0.004080730395172207
12.478,0.0035458402421622596,0.004078328366819337
12.48,0.00354688366430227,0.004075927984961896
12.482,0.0035479821869882494,0.004073529248471275
12.484,0.00354913535634864,0.004071132156219641
12.486,0.0035503427094523005,0.004068736707079934
12.488,0.0035516037743751495,0.004066342899925865
12.49,0.00355291807027617,0.004063950733631918
12.492,0.00355428510748481,0.004061560207073347
12.494,0.0035557043875996596,0.00405917131912618
12.496,0.0035571754035963804,0.0040567840686672125
12.498,0.0035586976399413694,0.004054398454574012
12.5,0.0035602705727071,0.004052014475724914
12.502,0.003561893669685,0.004049632130999023
12.504,0.00356356639049337,0.0040472514192762135
12.506,0.00356528818667861,0.004044872339437126
12.508,0.00356705850181047,0.0040424948903631675
12.51,0.00356887677157323,0.0040401190709365145
12.512,0.00357074242385547,0.004037744880040108
12.514,0.0035726548788421403,0.004035372316557654
12.516,0.0035746135491117603,0.004033001379373625
12.518,0.0035766178397414698,0.004030632067373258
12.52,0.00357866714842119,0.004028264379442554
12.522,0.00358076086557732,0.004025898314468277
12.524,0.00358289837450498,0.004023533871337955
12.526,0.0035850790515069,0.004021171048939878
12.528,0.0035873022660367496,0.004018809846163098
12.53,0.0035895673808438197,0.004016450261897429
12.532,0.0035918737521169397,0.004014092295033445
12.534,0.0035942207296253805,0.004011735944462482
12.536,0.00359660765685634,0.004009381209076635
12.538,0.00359903387114866,0.004007028087768758
12.54,0.00360149870382437,0.004004676579432463
12.542,0.0036040014803196,0.004002326682962125
12.544,0.0036065415203168803,0.003999978397252871
12.546,0.0036091181378806207,0.003997631721200589
12.548,0.0036117306415966504,0.003995286653701922
12.55,0.0036143783347160896,0.003992943193654272
12.552,0.0036170605153028595,0.003990601339955793
12.554,0.0036197764763839196,0.003988261091505398
12.556,0.00362252550610087,0.003985922447202751
12.558,0.0036253068878624303,0.003983585405948273
12.56,0.00362811990049745,0.003981249966643138
12.562,0.0036309638184088503,0.003978916128189273
12.564,0.00363383791172946,0.003976583889489358
12.566,0.00363674144648069,0.003974253249446824
12.568,0.00363967368473445,0.003971924206965856
12.57,0.00364263388477881,0.0039695967609513876
12.572,0.00364562130128637,0.003967270910309105
12.574,0.0036486351854846805,0.003964946653945443
12.576,0.0036516747853269,0.003962623990767587
12.578,0.00365473934566221,0.0039603029196834715
12.58,0.00365782810840456,0.003957983439601779
12.582,0.0036609403127003596,0.003955665549431939
12.584,0.0036640751950954096,0.0039533492480841315
12.586,0.00366723198970215,0.003951034534469281
12.588,0.0036704099283684302,0.00394872140749906
12.59,0.0036736082408484307,0.003946409866085886
12.592,0.00367682615497611,0.003944099909142922
12.594,0.00368006289684078,0.003941791535584076
12.596,0.00368331769096377,0.003939484744324002
12.598,0.00368658976047493,0.003937179534278096
12.6,0.0036898783272881095,0.003934875904362498
12.602,0.0036931826122745,0.003932573853494092
12.604,0.00369650183543408,0.003930273380590503
12.606,0.0036998352160659102,0.003927974484570099
12.608,0.0037031819729385898,0.003925677164351989
12.61,0.0037065413244626996,0.003923381418856023
12.612,0.0037099124888668993,0.00392108724700279
12.614,0.0037132946843789604,0.003918794647713621
12.616,0.0037166871294120798,0.0039165036199105855
12.618,0.0037200890427560103,0.003914214162516492
12.62,0.0037234996437711097,0.003911926274454886
12.622,0.00372691815258366,0.003909639954650055
12.624,0.0037303437902794397,0.003907355202027019
12.626,0.00373377577909362,0.003905072015511537
12.628,0.0037372133425955505,0.0039027903940301043
12.63,0.00374065570586766,0.003900510336509952
12.632,0.0037441020956795103,0.0038982318418790468
12.634,0.00374755174065836,0.00389595490906609
12.636,0.00375100387145823,0.0038936795370005167
12.638,0.0037544577209298,0.0038914057246124964
12.64,0.0037579125242927997,0.003889133470832932
12.642,0.0037613675193113394,0.003886862774593459
12.644,0.00376482194647229,0.003884593634826445
12.646,0.00376827504916527,0.00388232605046499
12.648,0.0037717260738626803,0.003880060020442925
12.65,0.0037751742702978493,0.0038777955436948117
12.652,0.00377861889164007,0.0038755326191559423
12.654,0.00378205919466599,0.003873271245762339
12.656,0.0037854944399278202,0.003871011422450753
12.658,0.0037889238919196202,0.003868753148158664
12.66,0.0037923468192433895,0.003866496421824281
12.662,0.0037957624947763495,0.0038642412423865397
12.664,0.0037991701958405397,0.003861987608785104
12.666,0.0038025692043745897,0.003859735519960364
12.668,0.0038059588071069103,0.0038574849748534363
12.67,0.00380933829572862,0.0038552359724061632
12.672,0.00381270696706464,0.0038529885115611132
12.674,0.0038160641232414,0.0038507425912615786
12.676,0.00381940907185045,0.0038484982104515764
12.678,0.00382274112610808,0.0038462553680758474
12.68,0.00382605960501176,0.0038440140630798558
12.682,0.0038293638334947998,0.0038417742944097883
12.684,0.0038326531425803604,0.0038395360610125545
12.686,0.00383592686953542,0.003837299361835786
12.688,0.00383918435802506,0.0038350641958278344
12.69,0.0038424249582656193,0.003832830561937774
12.692,0.00384564802717563,0.003830598459115398
12.694,0.0038488529285223803,0.0038283678863112207
12.696,0.0038520390330623495,0.0038261388424764746
12.698,0.00385520571867487,0.0038239113265631118
12.7,0.00385835237048856,0.0038216853375238028
12.702,0.00386147838100202,0.0038194608743119356
12.704,0.0038645831502007203,0.003817237935881616
12.706,0.0038676660856729796,0.003815016521187666
12.708,0.00387072660272747,0.0038127966291856253
12.71,0.0038737641245143607,0.0038105782588317484
12.712,0.00387677808215082,0.003808361409083006
12.714,0.00387976791485005,0.003806146078897083
12.716,0.0038827330700515602,0.0038039322672323798
12.718,0.0038856730035497196,0.0038017199730480096
12.72,0.0038885871796169504,0.0037995091953038
12.722,0.00389147507111896,0.003797299932960291
12.724,0.00389433615962052,0.003795092184978736
12.726,0.0038971699354822804,0.0037928859503210985
12.728,0.00389997589795024,0.0037906812279500557
12.73,0.0039027535552412,0.003788478016828995
12.732,0.00390550242462749,0.003786276315922014
12.734,0.0039082220325230505,0.003784076124193921
12.736,0.00391091191457238,0.0037818774406102335
12.738,0.00391357161574095,0.003779680264137178
12.74,0.00391620069040486,0.0037774845937416897
12.742,0.00391879870243583,0.003775290428391412
12.744,0.0039213652252781004,0.003773097767054696
12.746,0.003923899842014619,0.0037709066087005996
12.748,0.003926402145421661,0.0037687169522988883
12.75,0.00392887173801312,0.003766528796820033
12.752,0.00393130823207778,0.00376434214123521
12.754,0.003933711249713321,0.003762156984516302
12.756,0.00393608042286129,0.0037599733256358948
12.758,0.00393841539334597,0.00375779116356728
12.76,0.0039407158129182805,0.003755610497284452
12.762,0.00394298134330367,0.003753431325762109
12.764,0.0039452116562513195,0.003751253647975652
12.766,0.003947406433580661,0.0037490774629011835
12.768,0.003949565367221771,0.003746902769515509
12.77,0.0039516881592460695,0.003744729566796135
12.772,0.0039537745218864,0.003742557853721268
12.774,0.00395582417754646,0.003740387629269816
12.776,0.00395783685880201,0.0037382188924213865
12.778,0.00395981230839633,0.0037360516421562867
12.78,0.003961750279233091,0.003733885877455522
12.782,0.0039636505343692,0.0037317215973007973
12.784,0.00396551284700877,0.003729558800674515
12.786,0.0039673370004980005,0.0037273974865597746
12.788,0.00396912278831998,0.0037252376539403734
12.79,0.00397087001408702,0.003723079301800805
12.792,0.00397257849152869,0.003720922429126259
12.794,0.0039742480444734905,0.0037187670349026207
12.796,0.00397587850682328,0.0037166131181164703
12.798,0.0039774697225201895,0.0037144606777550827
12.8,0.003979021545506721,0.003712309712806427
12.802,0.0039805338396800395,0.003710160222259167
12.804,0.0039820064788418895,0.003708012205102658
12.806,0.0039834393466453505,0.0037058656603269494
12.808,0.00398483233653935,0.0037037205869227823
12.81,0.0039861853517116404,0.0037015769838815893
12.812,0.003987498305030229,0.0036994348501954953
12.814,0.003988771118983591,0.003697294184857315
12.816,0.0039900037256186995,0.003695154986860554
12.818,0.0039911960664768,0.0036930172551994087
12.82,0.00399234809252585,0.003690880988868763
12.822,0.0039934597640889505,0.0036887461868641913
12.824,0.00399453105076815,0.003686612848181956
12.826,0.00399556193136332,0.0036844809718190067
12.828,0.00399655239378596,0.0036823505567729824
12.83,0.00399750243496873,0.0036802216020422078
12.832,0.0039984120607713,0.0036780941066256946
12.834,0.0039992812858835,0.0036759680695231407
12.836,0.00400011013372671,0.0036738434897349292
12.838,0.0040008986363534995,0.003671720366262129
12.84,0.00400164683434545,0.0036695986981064937
12.842,0.00400235477670838,0.0036674784842704606
12.844,0.00400302252076379,0.003665359723757151
12.846,0.00400365013203569,0.00366324241557037
12.848,0.00400423768413246,0.003661126558714605
12.85,0.00400478525862376,0.0036590121521950262
12.852,0.00400529294491381,0.0036568991950174856
12.854,0.00400576084011239,0.0036547876861885162
12.856,0.00400618904890522,0.0036526776247153324
12.858,0.00400657768342506,0.0036505690096058294
12.86,0.00400692686312391,0.0036484618398685818
12.862,0.00400723671464593,0.003646356114512844
12.864,0.00400750737169987,0.00364425183254855
12.866,0.004007738974929471,0.0036421489929863112
12.868,0.0040079316717802,0.003640047594837419
12.87,0.00400808561636144,0.003637947637113841
12.872,0.00400820096930386,0.0036358491188282233
12.874,0.00400827789761288,0.0036337520389938876
12.876,0.004008316574519451,0.0036316563966248324
12.878,0.00400831717932984,0.003629562190735732
12.88,0.00400827989727575,0.0036274694203419365
12.882,0.00400820491936567,0.0036253780844594705
12.884,0.00400809244223719,0.0036232881821050334
12.886,0.00400794266800965,0.003621199712295998
12.888,0.004007755804135879,0.0036191126740504117
12.89,0.0040075320632517,0.003617027066386994
12.892,0.0040072716630221794,0.0036149428883251377
12.894,0.0040069748259846305,0.003612860138884907
12.896,0.0040066417793886205,0.0036107788170870385
12.898,0.00400627275503437,0.00360869892195294
12.9,0.00400586798911121,0.0036066204525046896
12.902,0.0040054277220376395,0.003604543407765036
12.904,0.0040049521983042905,0.0036024677867573986
12.906,0.00400444166632037,0.0036003935885058646
12.908,0.00400389637826347,0.003598320812035191
12.91,0.0040033165899314395,0.0035962494563708037
12.912,0.00400270256059513,0.003594179520538796
12.914,0.00400205455285009,0.0035921110035659286
12.916,0.004001372832465931,0.0035900439044796303
12.918,0.00400065766823235,0.0035879782223079957
12.92,0.00399990933180231,0.0035859139560797857
12.922,0.003999128097532639,0.0035838511048244272
12.924,0.00399831424232429,0.003581789667572012
12.926,0.00399746804546378,0.0035797296433532975
12.928,0.003996589788467991,0.003577671031199705
12.93,0.00399567975493334,0.003575613830143319
12.932,0.00399473823039017,0.003573558039216889
12.934,0.00399376550216151,0.003571503657453826
12.936,0.0039927618592251,0.003569450683888205
12.938,0.003991727592076839,0.0035673991175547612
12.94,0.00399066299259381,0.0035653489574888936
12.942,0.00398956835389583,0.003563300202726661
12.944,0.0039884439702049905,0.003561252852304784
12.946,0.0039872901367041,0.003559206905260642
12.948,0.00398610714939548,0.0035571623606322753
12.95,0.00398489530496234,0.0035551192174583836
12.952,0.00398365490063457,0.003553077474778325
12.954,0.00398238623406034,0.0035510371316321166
12.956,0.00398108960318371,0.003548998187060433
12.958,0.00397976530612732,0.003546960640104607
12.96,0.00397841364107853,0.003544924489806628
12.962,0.00397703490617645,0.0035428897352091423
12.964,0.003975629399398691,0.0035408563753554527
12.966,0.00397419741844616,0.003538824409289517
12.968,0.00397273926062689,0.003536793836055949
12.97,0.00397125522274,0.003534764654700018
12.972,0.00396974560096266,0.0035327368642676456
12.974,0.003968210690742401,0.0035307104638054093
12.976,0.00396665078669711,0.00352868545236054
12.978,0.003965066182523401,0.0035266618289809203
12.98,0.00396345717091294,0.003524639592715087
12.982,0.003961824043474711,0.0035226187426122286
12.984,0.00396016709066049,0.003520599277722185
12.986,0.00395848660169057,0.0035185811970954474
12.988,0.0039567828644777895,0.0035165644997831582
12.99,0.0039550561655488,0.0035145491848371105
12.992,0.003953306789963479,0.0035125352513097462
12.994,0.00395153502123424,0.003510522698254158
12.996,0.003949741141248061,0.0035085115247240864
12.998,0.00394792543019363,0.003506501729773922
13.0,0.00394608816649535,0.003504493312458702
13.002,0.00394422962675472,0.0035024862718341133
13.004,0.00394235008569813,0.003500480606956488
13.006,0.003940449816129281,0.003498476316882806
13.008,0.00393852908888417,0.003496473400670694
13.01,0.00393658817278663,0.003494471857378424
13.012,0.0039346273346044704,0.003492471686064914
13.014,0.00393264683900596,0.0034904728857897264
13.016,0.00393064694851926,0.0034884754556130685
13.018,0.00392862792349662,0.0034864793945957925
13.02,0.00392659002208575,0.0034844847017993937
13.022,0.0039245335002097495,0.0034824913762860105
13.024,0.0039224586115553794,0.0034804994171184246
13.026,0.0039203656075683,0.00347850882336006
13.028,0.00391825473745294,0.003476519594074983
13.03,0.00391612624817366,0.003474531728327901
13.032,0.00391398038445542,0.003472545225184162
13.034,0.00391181738878199,0.0034705600837097563
13.036,0.0039096375013923,0.003468576302971313
13.038,0.00390744096027619,0.0034665938820361013
13.04,0.0039052280011719503,0.00346461281997203
13.042,0.0039029988575679606,0.0034626331158476467
13.044,0.0039007537607103197,0.003460654768732137
13.046,0.0038984929396165303,0.0034586777776953255
13.048,0.0038962166210947,0.003456702141807674
13.05,0.0038939250297660294,0.003454727860140281
13.052,0.0038916183880884202,0.003452754931764882
13.054,0.0038892969163792103,0.0034507833557538494
13.056,0.0038869608328366096,0.00344881313118019
13.058,0.0038846103535603,0.0034468442571175483
13.06,0.0038822456925734,0.003444876732640201
13.062,0.00387986706184845,0.0034429105568230616
13.064,0.0038774746713398905,0.0034409457287416768
13.066,0.00387506872902453,0.003438982247472227
13.068,0.0038726494409499403,0.0034370201120915256
13.07,0.0038702170112888297,0.003435059321677019
13.072,0.00386777164239672,0.0034330998753067865
13.074,0.0038653135348694,0.0034311417720595387
13.076,0.0038628428875972995,0.003429185011014618
13.078,0.0038603598978157,0.003427229591251998
13.08,0.0038578647611507005,0.003425275511852282
13.082,0.00385535767166326,0.0034233227718967053
13.084,0.0038528388218942106,0.0034213713704671312
13.086,0.00385030840291303,0.0034194213066460533
13.088,0.0038477666043729097,0.003417472579516594
13.09,0.0038452136145725197,0.003415525188162504
13.092,0.00384264962052361,0.0034135791316681615
13.094,0.00384007480802168,0.003411634409118574
13.096,0.00383748936171701,0.003409691019599374
13.098,0.00383489346518271,0.0034077489621968226
13.1,0.00383228730097833,0.0034058082359978066
13.102,0.0038296710507083505,0.0034038688400898384
13.104,0.0038270448950770896,0.003401930773561056
13.106,0.0038244090139421903,0.003399994035500223
13.108,0.0038217635863692203,0.0033980586249967265
13.11,0.00381910879069008,0.003396124541140579
13.112,0.0038164448045657096,0.003394191783022416
13.114,0.0038137718050535495,0.0033922603497334963
13.116,0.0038110899686781504,0.0033903302403657026
13.118,0.0038083994715029297,0.0033884014540115385
13.12,0.0038057004892014905,0.003386473989764131
13.122,0.0038029931971267006,0.003384547846717228
13.124,0.00380027777037759,0.0033826230239651987
13.126,0.0037975543838643195,0.003380699520603034
13.128,0.00379482321237251,0.003378777335726343
13.13,0.00379208443062803,0.0033768564684313568
13.132,0.00378933821336305,0.0033749369178149254
13.134,0.00378658473538315,0.0033730186829745174
13.136,0.0037838241716343394,0.0033711017630082205
13.138,0.0037810566972683295,0.0033691861570147408
13.14,0.0037782824877039805,0.0033672718640934012
13.142,0.00377550171868332,0.0033653588833441436
13.144,0.00377271456632145,0.003363447213867525
13.146,0.00376992120715044,0.003361536854764721
13.148,0.0037671218181588202,0.003359627805137521
13.15,0.00376431657682858,0.0033577200640883317
13.152,0.0037615056611722706,0.003355813630720175
13.154,0.0037586892497722102,0.0033539085041366865
13.156,0.0037558675218231303,0.0033520046834421176
13.158,0.00375304065717909,0.003350102167741333
13.16,0.0037502088364037,0.0033482009561398114
13.162,0.0037473722408224003,0.0033463010477436436
13.164,0.0037445310525748795,0.0033444024416595343
13.166,0.0037416854546653898,0.0033425051369948
13.168,0.00373883563100922,0.0033406091328573692
13.17,0.0037359817664736803,0.0033387144283557823
13.172,0.0037331240469133404,0.0033368210225991897
13.174,0.0037302626591993997,0.0033349289146973535
13.176,0.0037273977912442796,0.003333038103760645
13.178,0.00372452963202281,0.0033311485889000467
13.18,0.00372165837159118,0.003329260369227149
13.182,0.0037187842011054,0.0033273734438541524
13.184,0.0037159073128394202,0.0033254878118938653
13.186,0.00371302790020329,0.0033236034724597047
13.188,0.0037101461577601505,0.0033217204246656948
13.19,0.00370726228124089,0.0033198386676264674
13.192,0.00370437646755476,0.0033179582004572612
13.194,0.00370148891479475,0.0033160790222739214
13.196,0.0036985998222368,0.003314201132192899
13.198,0.0036957093903334797,0.0033123245293312513
13.2,0.0036928178207029103,0.0033104492128066395
13.202,0.0036899253161153103,0.003308575181737331
13.204,0.0036870320804790603,0.0033067024352421972
13.206,0.0036841383188284203,0.003304830972440713
13.208,0.0036812442373140306,0.003302960792452957
13.21,0.00367835004319685,0.0033010918943996116
13.212,0.00367545594484404,0.003299224277401961
13.214,0.0036725621517257603,0.0032973579405818926
13.216,0.0036696688744102396,0.003295492883061895
13.218,0.0036667763245555596,0.0032936291039650585
13.22,0.0036638847148957997,0.0032917666024150746
13.222,0.0036609942592214896,0.003289905377536236
13.224,0.00365810517235386,0.0032880454284534345
13.226,0.00365521767011388,0.0032861867542921626
13.228,0.00365233196928718,0.0032843293541785124
13.23,0.0036494482875863293,0.0032824732272391743
13.232,0.0036465668436114996,0.0032806183726014375
13.234,0.00364368785681025,0.0032787647893931897
13.236,0.0036408115474367902,0.0032769124767429163
13.238,0.00363793813651054,0.0032750614337797
13.24,0.0036350678457735502,0.003273211659633221
13.242,0.00363220089764637,0.003271363153433755
13.244,0.0036293375151820705,0.0032695159143121748
13.246,0.00362647792201817,0.0032676699413999484
13.248,0.0036236223423266895,0.0032658252338291396
13.25,0.0036207710007628096,0.003263981790732407
13.252,0.00361792412241265,0.0032621396112430035
13.254,0.0036150819327405498,0.003260298694494776
13.256,0.00361224465753651,0.003258459039622166
13.258,0.0036094125228637404,0.0032566206457602066
13.26,0.00360658575500619,0.003254783512044526
13.262,0.00360376458041541,0.003252947637611343
13.264,0.0036009492256561396,0.00325111302159747
13.266,0.0035981399173496496,0.0032492796631403095
13.268,0.0035953368821143097,0.0032474475613778566
13.27,0.0035925403465029695,0.0032456167154486966
13.272,0.0035897505369371007,0.003243787124492006
13.274,0.00358696767963871,0.0032419587876475497
13.276,0.00358419200056052,0.0032401317040556842
13.278,0.0035814237253159503,0.0032383058728573545
13.28,0.00357866307910987,0.003236481293194094
13.282,0.00357591028667087,0.0032346579642080248
13.284,0.00357316557218531,0.003232835885041858
13.286,0.0035704291592325898,0.00323101505483889
13.288,0.0035677012707209296,0.0032291954727430073
13.29,0.0035649821288221404,0.003227377137898681
13.292,0.0035622719549047,0.0032255600494509704
13.294,0.0035595709694638197,0.003223744206545519
13.296,0.0035568793920492904,0.0032219296083285573
13.298,0.00355419744119113,0.0032201162539469007
13.3,0.0035515253343251204,0.003218304142547949
13.302,0.00354886328771969,0.003216493273279687
13.304,0.00354621151640597,0.0032146836452906827
13.306,0.00354357023411237,0.0032128752577300886
13.308,0.0035409396532037696,0.0032110681097476403
13.31,0.0035383199846250697,0.0032092622004936556
13.312,0.0035357114378470897,0.0032074575291190354
13.314,0.00353311422081314,0.0032056540947752623
13.316,0.0035305285398837204,0.0032038518966144005
13.318,0.0035279545997776397,0.0032020509337890956
13.32,0.00352539260350823,0.003200251205452574
13.322,0.00352284275231486,0.0031984527107586425
13.324,0.0035203052455900097,0.0031966554488616875
13.326,0.00351778028080403,0.0031948594189166756
13.328,0.00351526805342932,0.0031930646200791528
13.33,0.0035127687568662198,0.0031912710515052435
13.332,0.0035102825823725304,0.0031894787123516507
13.334,0.00350780971899798,0.003187687601775655
13.336,0.00350535035352466,0.0031858977189351155
13.338,0.0035029046704131697,0.003184109062988468
13.34,0.0035004728517542202,0.0031823216330947248
13.342,0.00349805507722445,0.0031805354284134757
13.344,0.0034956515240448204,0.003178750448104886
13.346,0.0034932623669398696,0.003176966691329696
13.348,0.0034908877780960696,0.0031751841572492225
13.35,0.0034885279271176604,0.0031734028450253566
13.352,0.0034861829809788502,0.003171622753820564
13.354,0.00348385310397213,0.003169843882797884
13.356,0.00348153845765336,0.0031680662311209308
13.358,0.00347923920078489,0.0031662897979538905
13.36,0.0034769554892788404,0.003164514582461523
13.362,0.0034746874761430206,0.00316274058380916
13.364,0.0034724353114315995,0.0031609678011627067
13.366,0.00347019914220227,0.0031591962336886383
13.368,0.00346797911248041,0.0031574258805540027
13.37,0.0034657753632297205,0.003155656740926418
13.372,0.0034635880323279503,0.003153888813974073
13.374,0.00346141725454531,0.003152122098865727
13.376,0.0034592631615229094,0.003150356594770709
13.378,0.00345712588174938,0.0031485923008589167
13.38,0.00345500554053402,0.0031468292163008183
13.382,0.0034529022599764396,0.003145067340267449
13.384,0.0034508161589331303,0.003143306671930413
13.386,0.0034487473529831395,0.0031415472104618825
13.388,0.00344669595439449,0.0031397889550345962
13.39,0.0034446620720935996,0.0031380319048218614
13.392,0.0034426458116390097,0.0031362760589975507
13.394,0.0034406472752002,0.0031345214167361034
13.396,0.0034386665615407904,0.003132767977212525
13.398,0.00343670376600506,0.0031310157396023863
13.4,0.0034347589805062894,0.003129264703081823
13.402,0.0034328322935149804,0.0031275148668275356
13.404,0.00343092379004586,0.0031257662300167893
13.406,0.0034290335516435704,0.0031240187918274128
13.408,0.0034271616563668703,0.003122272551437799
13.41,0.0034253081787734597,0.0031205275080269028
13.412,0.0034234731899063,0.003118783660774243
13.414,0.0034216567572837504,0.0031170410088599007
13.416,0.00341985894489457,0.0031152995514645183
13.418,0.0034180798131982796,0.0031135592877693007
13.42,0.0034163194191305503,0.0031118202169560134
13.422,0.0034145778161120306,0.003110082338206983
13.424,0.00341285505405899,0.0031083456507050968
13.426,0.00341115117939321,0.003106610153633802
13.428,0.0034094662350494095,0.0031048758461771054
13.43,0.00340780026047854,0.0031031427275195734
13.432,0.0034061532916466897,0.003101410796846331
13.434,0.0034045253610298,0.003099680053343062
13.436,0.0034029164976054106,0.003097950496196008
13.438,0.0034013267268434995,0.003096222124591969
13.44,0.00339975607069819,0.003094494937718303
13.442,0.0033982045476024904,0.003092768934762923
13.444,0.0033966721724678598,0.0030910441149143
13.446,0.0033951589566893706,0.0030893204773614616
13.448,0.00339366490815719,0.0030875980212939904
13.45,0.00339219003127407,0.0030858767459020255
13.452,0.0033907343269776995,0.00308415665037626
13.454,0.0033892977927668503,0.0030824377339079426
13.456,0.00338788042272922,0.0030807199956888755
13.458,0.00338648220756917,0.003079003434911416
13.46,0.00338510313463339,0.0030772880507684746
13.462,0.0033837431879328297,0.0030755738424535143
13.464,0.0033824023481597203,0.003073860809160552
13.466,0.00338108059269921,0.003072148950084156
13.468,0.0033797778956357197,0.003070438264419448
13.47,0.003378494227755,0.0030687287513621003
13.472,0.0033772295565433503,0.0030670204101083368
13.474,0.00337598384618592,0.003065313239854933
13.476,0.0033747570575663605,0.0030636072397992138
13.478,0.0033735491482692797,0.0030619024091390556
13.48,0.00337236007258759,0.0030601987470728837
13.482,0.0033711897815352403,0.003058496252799673
13.484,0.00337003822286552,0.0030567949255189478
13.486,0.0033689053410942797,0.0030550947644307808
13.488,0.0033677910775265,0.0030533957687357933
13.49,0.00336669537028432,0.0030516979376351543
13.492,0.00336561815433425,0.0030500012703305805
13.494,0.00336455936151148,0.003048305766024336
13.496,0.0033635189205397696,0.0030466114239192307
13.498,0.0033624967570465005,0.003044918243218622
13.5,0.00336149279357311,0.0030432262231264136
13.502,0.00336050694958258,0.0030415353628470538
13.504,0.00335953914146595,0.0030398456615855366
13.506,0.0033585892825506907,0.0030381571185474016
13.508,0.0033576572831126306,0.0030364697329387322
13.51,0.0033567430503928,0.0030347835039661562
13.512,0.0033558464886193603,0.0030330984308368455
13.514,0.0033549674990330904,0.0030314145127585154
13.516,0.00335410597991438,0.003029731748939424
13.518,0.00335326182660923,0.0030280501385883717
13.52,0.0033524349315517,0.0030263696809147023
13.522,0.0033516251842816203,0.0030246903751283013
13.524,0.0033508324714568404,0.0030230122204395952
13.526,0.00335005667686125,0.003021335216059552
13.528,0.0033492976814099695,0.003019659361199681
13.53,0.00334855536315386,0.003017984655072031
13.532,0.0033478295972849703,0.003016311096889192
13.534,0.00334712025614415,0.003014638685864293
13.536,0.00334642720923093,0.003012967421211003
13.538,0.0033457503232152,0.0030112973021435285
13.54,0.00334508946194981,0.003009628327876617
13.542,0.00334444448648314,0.0030079604976255524
13.544,0.0033438152550711604,0.003006293810606157
13.546,0.0033432016231889202,0.003004628266034791
13.548,0.00334260344354189,0.0030029638631283513
13.55,0.0033420205660778203,0.003001300601104272
13.552,0.0033414528379996497,0.002999638479180523
13.554,0.00334090010377963,0.002997977496575611
13.556,0.0033403622051746,0.0029963176525085776
13.558,0.00333983898124172,0.0029946589461990005
13.56,0.0033393302683542994,0.0029930013768669915
13.562,0.00333883590021712,0.002991344943733198
13.564,0.0033383557078813597,0.0029896896460188003
13.566,0.0033378895197596296,0.002988035482945514
13.568,0.0033374371616415694,0.0029863824537355874
13.57,0.0033369984567108296,0.002984730557611802
13.572,0.00333657322556363,0.002983079793797472
13.574,0.0033361612862288803,0.0029814301615164436
13.576,0.00333576245418873,0.002979781659993096
13.578,0.0033353765423986504,0.0029781342884523396
13.58,0.0033350033613053697,0.0029764880461196157
13.582,0.00333464271886175,0.0029748429322208974
13.584,0.00333429442053781,0.002973198945982687
13.586,0.00333395826932827,0.0029715560866320186
13.588,0.00333363406575729,0.002969914353396455
13.59,0.0033333216078819602,0.0029682737455040886
13.592,0.00333302069129619,0.0029666342621835415
13.594,0.00333273110913679,0.002964995902663964
13.596,0.0033324526520930294,0.0029633586661750354
13.598,0.0033321851084206697,0.002961722551946962
13.6,0.0033319282639608103,0.002960087559210479
13.602,0.0033316819021635196,0.002958453687196848
13.604,0.0033314458041154797,0.0029568209351378575
13.606,0.0033312197485707096,0.0029551893022658235
13.608,0.0033310035119828102,0.002953558787813587
13.61,0.00333079686853741,0.0029519293910145157
13.612,0.0033305995901828198,0.002950301111102503
13.614,0.00333041144665785,0.002948673947311966
13.616,0.00333023220551541,0.0029470478988778484
13.618,0.00333006163214201,0.0029454229650356174
13.62,0.00332989948977381,0.002943799145021264
13.622,0.00332974553951052,0.0029421764380713035
13.624,0.00332959954033008,0.002940554843422774
13.626,0.0033294612491060597,0.0029389343603132374
13.628,0.00332933042063064,0.0029373149879807774
13.63,0.00332920680764426,0.002935696725664
13.632,0.00332909016087231,0.0029340795726020335
13.634,0.0033289802290674205,0.0029324635280345277
13.636,0.0033288767590547805,0.002930848591201654
13.638,0.0033287794957772804,0.002929234761344103
13.64,0.00332868818233712,0.0029276220377030876
13.642,0.00332860256003138,0.00292601041952034
13.644,0.0033285223683806996,0.0029243999060381124
13.646,0.0033284473451518502,0.002922790496499176
13.648,0.00332837722637678,0.002921182190146822
13.65,0.0033283117463717,0.002919574986224859
13.652,0.0033282506377605003,0.0029179688839776146
13.654,0.00332819363150578,0.0029163638826499344
13.656,0.0033281404569496104,0.0029147599814871817
13.658,0.0033280908418641102,0.002913157179735237
13.66,0.00332804451251004,0.0029115554766404976
13.662,0.00332800119369987,0.0029099548714498777
13.664,0.00332796060886114,0.002908355363410807
13.666,0.0033279224800959197,0.002906756951771232
13.668,0.0033278865282332,0.002905159635779614
13.67,0.0033278524728728,0.0029035634146849293
13.672,0.00332782003242114,0.0029019682877366696
13.674,0.0033277889241214694,0.0029003742541848405
13.676,0.0033277588640816995,0.0028987813132799627
13.678,0.0033277295673041,0.0028971894642730693
13.68,0.0033277007477203104,0.0028955987064157077
13.682,0.0033276721182339203,0.002894009038959938
13.684,0.0033276433907715405,0.0028924204611583335
13.686,0.0033276142763410295,0.002890832972263979
13.688,0.0033275844850948495,0.002889246571530471
13.69,0.0033275537263950305,0.0028876612582119194
13.692,0.00332752170887686,0.0028860770315629436
13.694,0.0033274881405088498,0.0028844938908386747
13.696,0.00332745272864797,0.002882911835294754
13.698,0.0033274151800908496,0.0028813308641873338
13.7,0.0033273752011225097,0.0028797509767730755
13.702,0.00332733249756557,0.0028781721723091505
13.704,0.00332728677483209,0.0028765944500532387
13.706,0.0033272377379801395,0.00287501780926353
13.708,0.00332718509177519,0.0028734422491987215
13.71,0.0033271285407551606,0.0028718677691180194
13.712,0.00332706778929677,0.002870294368281137
13.714,0.0033270025416800193,0.0028687220459482957
13.716,0.00332693250214809,0.002867150801380223
13.718,0.0033268573749610903,0.0028655806338381547
13.72,0.0033267768644438395,0.0028640115425838317
13.722,0.0033266906750295897,0.002862443526879501
13.724,0.00332659851130334,0.0028608765859879162
13.726,0.0033265000780486197,0.0028593107191723353
13.728,0.0033263950803013296,0.0028577459256965217
13.73,0.0033262832234127295,0.002856182204824743
13.732,0.0033261642131215104,0.0028546195558217724
13.734,0.0033260377556324603,0.0028530579779528858
13.736,0.0033259035576977103,0.002851497470483863
13.738,0.00332576132669559,0.0028499380326809875
13.74,0.0033256107707026004,0.0028483796638110455
13.742,0.00332545159855509,0.0028468223631413253
13.744,0.0033252835199004704,0.0028452661299396185
13.746,0.0033251062452388297,0.0028437109634742177
13.748,0.00332491948595934,0.0028421568630139175
13.75,0.0033247229543759502,0.0028406038278280133
13.752,0.00332451636376758,0.002839051857186302
13.754,0.0033242994284264095,0.0028375009503590802
13.756,0.0033240718637165398,0.0028359511066171454
13.758,0.0033238333861423303,0.002834402325231795
13.76,0.00332358371342404,0.002832854605474825
13.762,0.0033233225645766503,0.0028313079466185313
13.764,0.0033230496599872396,0.002829762347935709
13.766,0.0033227647214868804,0.0028282178086996503
13.768,0.0033224674724138,0.002826674328184147
13.77,0.00332215763766721,0.0028251319056634876
13.772,0.00332183494375244,0.0028235905404124587
13.774,0.0033214991188201502,0.0028220502317063438
13.776,0.0033211498927029895,0.0028205109788209228
13.778,0.00332078699695396,0.002818972781032473
13.78,0.0033204101648890505,0.0028174356376177664
13.782,0.00332001913163654,0.002815899547854072
13.784,0.0033196136341929203,0.002814364511019154
13.786,0.00331919341148406,0.0028128305263912705
13.788,0.0033187582044290898,0.002811297593249176
13.79,0.00331830775600355,0.002809765710872118
13.792,0.00331784181129891,0.002808234878539839
13.794,0.0033173601175760003,0.002806705095532575
13.796,0.0033168624243116894,0.0028051763611310547
13.798,0.00331634848323941,0.0028036486746165004
13.8,0.0033158180483854405,0.0028021220352706273
13.802,0.0033152708761040196,0.002800596442375643
13.804,0.00331470672511413,0.002799071895214246
13.806,0.00331412535654047,0.0027975483930696276
13.808,0.0033135265339601103,0.0027960259352254706
13.81,0.0033129100234547,0.0027945045209659476
13.812,0.00331227559366707,0.002792984149575723
13.814,0.00331162301585988,0.0027914648203399514
13.816,0.0033109520639738196,0.0027899465325442767
13.818,0.00331026251468258,0.002788429285474833
13.82,0.00330955414744294,0.0027869130784182435
13.822,0.0033088267445389,0.002785397910661621
13.824,0.0033080800911199993,0.002783883781492566
13.826,0.00330731397523482,0.0027823706901991684
13.828,0.00330652818786113,0.002780858636070005
13.83,0.0033057225229346397,0.0027793476183941407
13.832,0.0033048967773777796,0.0027778376364611277
13.834,0.0033040507511301097,0.0027763286895610057
13.836,0.00330318424718076,0.0027748207769843
13.838,0.0033022970716033695,0.0027733138980220234
13.84,0.00330138903359311,0.0027718080519656737
13.842,0.0033004599455053706,0.002770303238107235
13.844,0.00329950962289523,0.002768799455739176
13.846,0.00329853788455763,0.0027672967041544516
13.848,0.00329754455256737,0.0027657949826465
13.85,0.00329652945231925,0.0027642942905092443
13.852,0.0032954924125681,0.002762794627037092
13.854,0.00329443326546878,0.0027612959915249333
13.856,0.00329335184661608,0.002759798383268143
13.858,0.0032922479950840697,0.0027583018015625775
13.86,0.0032911215534642893,0.002756806245704577
13.862,0.0032899723679021805,0.0027553117149909634
13.864,0.0032888002881311194,0.0027538182087190406
13.866,0.0032876051675037204,0.0027523257261865947
13.868,0.00328638686302073,0.0027508342666918927
13.87,0.00328514523535848,0.0027493438295336826
13.872,0.0032838801488956,0.002747854414011193
13.874,0.0032825914717409897,0.0027463660194241334
13.876,0.0032812790757635706,0.0027448786450726924
13.878,0.0032799428366248697,0.0027433922902575392
13.88,0.00327858263381383,0.002741906954279822
13.882,0.00327719835068354,0.002740422636441168
13.884,0.0032757898744881202,0.0027389393360436835
13.886,0.00327435709641873,0.002737457052389952
13.888,0.0032728999116376,0.0027359757847830366
13.89,0.00327141821930964,0.002734495532526477
13.892,0.0032699119226318003,0.0027330162949242907
13.894,0.00326838092886118,0.0027315380712809724
13.896,0.00326682514934284,0.0027300608609014936
13.898,0.0032652444995380702,0.0027285846630913015
13.9,0.0032636388990539495,0.0027271094771563202
13.902,0.00326200827167378,0.0027256353024029496
13.904,0.0032603525453879095,0.0027241621381380644
13.906,0.0032586716524241896,0.0027226899836690147
13.908,0.0032569655292770602,0.002721218838303625
13.91,0.0032552341167353,0.002719748701350195
13.912,0.00325347735990831,0.0027182795721174984
13.914,0.00325169520825202,0.0027168114499147825
13.916,0.0032498876155951303,0.0027153443340517678
13.918,0.0032480545401668602,0.002713878223838648
13.92,0.0032461959446266,0.0027124131185860905
13.922,0.00324431179609514,0.0027109490176052344
13.924,0.00324240206618694,0.002709485920207691
13.926,0.00324046673104181,0.002708023825705544
13.928,0.0032385057713547804,0.0027065627334113473
13.93,0.00323651917240315,0.002705102642638128
13.932,0.00323450692407032,0.0027036435526993827
13.934,0.00323246902086683,0.002702185462909079
13.936,0.0032304054619495303,0.0027007283725816547
13.938,0.0032283162511404597,0.0026992722810320175
13.94,0.00322620139694646,0.002697817187575545
13.942,0.00322406091258033,0.002696363091528083
13.944,0.00322189481598376,0.002694909992205948
13.946,0.0032197031298513597,0.002693457888925924
13.948,0.0032174858816548697,0.002692006781005263
13.95,0.00321524310366693,0.002690556667761686
13.952,0.0032129748329837605,0.002689107548513381
13.954,0.0032106811115470103,0.0026876594225790037
13.956,0.0032083619861655406,0.002686212289277677
13.958,0.00320601750853819,0.0026847661479289893
13.96,0.0032036477352783903,0.002683320997852997
13.962,0.00320125272794072,0.002681876838370222
13.964,0.0031988325530488996,0.0026804336688016515
13.966,0.0031963872821232802,0.0026789914884687385
13.968,0.00319391699170559,0.002677550296693401
13.97,0.00319142176337835,0.002676110092798022
13.972,0.0031889016837770303,0.002674670876105449
13.974,0.0031863568445943393,0.0026732326459389935
13.976,0.00318378734257717,0.0026717954016224304
13.978,0.00318119327951854,0.0026703591424799993
13.98,0.00317857476224792,0.002668923867836402
13.982,0.0031759319026231996,0.002667489577016803
13.984,0.0031732648175275295,0.002666056269346831
13.986,0.0031705736288727407,0.0026646239441525743
13.988,0.0031678584636094104,0.002663192600760586
13.99,0.00316511945374216,0.0026617622384978784
13.992,0.00316235673634718,0.002660332856691927
13.994,0.0031595704535886497,0.0026589044546706676
13.996,0.00315676075273096,0.002657477031762496
13.998,0.00315392778614409,0.002656050587296269
14.0,0.0031510717113016505,0.002654625120601303
14.002,0.00314819269077171,0.0026532006310073753
14.004,0.0031452908922027095,0.0026517771178447215
14.006,0.0031423664883067598,0.0026503545804440363
14.008,0.0031394196568431997,0.0026489330181364737
14.01,0.00313645058060492,0.0026475124302536455
14.012,0.00313345944740826,0.0026460928161276226
14.014,0.0031304464500872104,0.002644674175090933
14.016,0.0031274117864902307,0.0026432565064765626
14.018,0.0031243556594781298,0.0026418398096179543
14.02,0.00312127827692016,0.0026404240838490078
14.022,0.0031181798516860095,0.0026390093285040797
14.024,0.0031150606016315903,0.0026375955429179827
14.026,0.0031119207495776497,0.0026361827264259857
14.028,0.0031087605232808704,0.0026347708783638125
14.03,0.0031055801553986507,0.0026333599980676433
14.032,0.00310237988344912,0.0026319500848741126
14.034,0.00309915994976862,0.0026305411381203096
14.036,0.0030959206014686096,0.002629133157143778
14.038,0.00309266209039392,0.002627726141282516
14.04,0.00308938467308305,0.002626320089874975
14.042,0.0030860886107308603,0.002624915002260061
14.044,0.0030827741691528895,0.002623510877777131
14.046,0.00307944161875031,0.0026221077157659966
14.048,0.00307609123447407,0.0026207055155669217
14.05,0.0030727232957870896,0.002619304276520622
14.052,0.0030693380866235794,0.0026179039979682653
14.054,0.0030659358953451406,0.002616504679251471
14.056,0.00306251701469348,0.00261510631971231
14.058,0.00305908174174008,0.0026137089186933035
14.06,0.00305563037783291,0.002612312475537424
14.062,0.0030521632285405503,0.002610916989588094
14.064,0.00304868060359372,0.002609522460189187
14.066,0.00304518281682419,0.0026081288866850252
14.068,0.0030416701861014197,0.0026067362684203802
14.07,0.0030381430332672597,0.0026053446047404737
14.072,0.0030346016840693798,0.002603953894990975
14.074,0.0030310464680944897,0.002602564138518003
14.076,0.0030274777187021397,0.0026011753346681242
14.078,0.00302389577295978,0.002599787482788353
14.08,0.00302030097157878,0.0025984005822261512
14.082,0.0030166936588507396,0.002597014632329429
14.084,0.0030130741825820295,0.002595629632446543
14.086,0.00300944289402459,0.002594245581926295
14.088,0.0030058001478008296,0.002592862480117936
14.09,0.0030021463018210003,0.0025914803263711603
14.092,0.0029984817171927304,0.0025900991200361097
14.094,0.00299480675812389,0.002588718860463371
14.096,0.00299112179182096,0.0025873395470039757
14.098,0.00298742718838627,0.002585961179009401
14.1,0.00298372332071712,0.002584583755831568
14.102,0.00298001056440963,0.002583207276822842
14.104,0.0029762892976683596,0.0025818317413360326
14.106,0.0029725599012212197,0.002580457148724393
14.108,0.0029688227582379996,0.002579083498341619
14.11,0.00296507825424913,0.0025777107895418507
14.112,0.00296132677706181,0.0025763390216796698
14.114,0.00295756871667065,0.002574968194110101
14.116,0.0029538044651614,0.0025735983061886103
14.118,0.0029500344166078106,0.002572229357271107
14.12,0.0029462589669630103,0.0025708613467139403
14.122,0.0029424785139476797,0.0025694942738739017
14.124,0.00293869345693765,0.002568128138108223
14.126,0.00293490419685292,0.002566762938774577
14.128,0.0029311111360492796,0.0025653986752310763
14.13,0.00292731467821287,0.002564035346836274
14.132,0.0029235152282563502,0.002562672952949163
14.134,0.00291971319221558,0.002561311492929174
14.136,0.0029159089771450203,0.0025599509661361794
14.138,0.00291210299101063,0.0025585913719304884
14.14,0.00290829564257978,0.002557232709672849
14.142,0.0029044873413083703,0.0025558749787244484
14.144,0.0029006784972259005,0.0025545181784469104
14.146,0.0028968695208196,0.0025531623082022973
14.148,0.00289306082291861,0.002551807367353108
14.15,0.0028892528145788203,0.002550453355262279
14.152,0.0028854459069684196,0.0025491002712931827
14.154,0.00288164051125377,0.0025477481148096287
14.156,0.00287783703848471,0.002546396885175862
14.158,0.00287403589947861,0.0025450465817565644
14.16,0.0028702375047025904,0.0025436972039168523
14.162,0.00286644226415389,0.002542348751022277
14.164,0.0028626505872389393,0.002541001222438826
14.166,0.00285886288265234,0.0025396546175329195
14.168,0.0028550795582567706,0.002538308935671414
14.17,0.0028513010209652006,0.002536964176221599
14.172,0.00284752767662605,0.002535620338551197
14.174,0.0028437599299111598,0.002534277422028366
14.176,0.00283999818420594,0.0025329354260216945
14.178,0.00283624284150019,0.0025315943499002055
14.18,0.0028324943022783704,0.002530254193033354
14.182,0.00282875296540754,0.0025289149547910277
14.184,0.0028250192280228604,0.0025275766345435454
14.186,0.00282129348541046,0.0025262392316616586
14.188,0.0028175761308889304,0.002524902745516549
14.19,0.0028138675556912797,0.0025235671754798294
14.192,0.0028101681488488205,0.0025222325209235444
14.194,0.00280647829707856,0.002520898781220168
14.196,0.0028027983846745695,0.002519565955742605
14.198,0.00279912879340255,0.0025182340438641895
14.2,0.0027954699023964398,0.0025169030449586852
14.202,0.0027918220880547295,0.002515572958400286
14.204,0.0027881857239348603,0.0025142437835636135
14.206,0.0027845611806443797,0.0025129155198237185
14.208,0.00278094882572905,0.0025115881665560805
14.21,0.00277734902355888,0.0025102617231366068
14.212,0.0027737621352147204,0.002508936188941632
14.214,0.00277018851837788,0.0025076115633479194
14.216,0.00276662852722557,0.0025062878457326582
14.218,0.00276308251233364,0.002504965035473465
14.22,0.00275955082058703,0.0025036431319483835
14.222,0.0027560337950968796,0.002502322134535883
14.224,0.0027525317751219804,0.002501002042614859
14.226,0.0027490450959916004,0.002499682855564634
14.228,0.00274557408902678,0.002498364572764954
14.23,0.0027421190814579397,0.002497047193595991
14.232,0.00273868039633747,0.0024957307174383416
14.234,0.00273525835244769,0.0024944151436730277
14.236,0.0027318532642055795,0.0024931004716814953
14.238,0.00272846544156641,0.002491786700845614
14.24,0.00272509518992927,0.0024904738305476766
14.242,0.00272174281004679,0.0024891618601704008
14.244,0.00271840859794119,0.002487850789096926
14.246,0.00271509284482771,0.0024865406167108154
14.248,0.00271179583704538,0.0024852313423960543
14.25,0.0027085178559944,0.00248392296553705
14.252,0.00270525917807851,0.0024826154855186323
14.254,0.00270202007465033,0.0024813089017260525
14.256,0.00269880081195776,0.002480003213544983
14.258,0.0026956016510899803,0.002478698420361518
14.26,0.00269242284792193,0.0024773945215621714
14.262,0.00268926465305707,0.0024760915165338787
14.264,0.00268612731176879,0.0024747894046639953
14.266,0.00268301106394178,0.0024734881853402963
14.268,0.00267991614401434,0.0024721878579509766
14.27,0.0026768427809231903,0.00247088842188465
14.272,0.0026737911980518605,0.0024695898765303504
14.274,0.0026707616131835003,0.0024682922212775297
14.276,0.00266775423845822,0.0024669954555160585
14.278,0.00266476928033527,0.002465699578636226
14.28,0.00266180693955941,0.002464404590028739
14.282,0.00265886741113148,0.002463110489084721
14.284,0.00265595088428249,0.002461817275195715
14.286,0.00265305754245123,0.0024605249477536793
14.288,0.0026501875632649998,0.00245923350615099
14.29,0.00264734111852324,0.0024579429497804386
14.292,0.0026445183741837398,0.0024566532780352338
14.294,0.0026417194903507104,0.002455364490309
14.296,0.00263894462126405,0.002454076585995777
14.298,0.0026361939152893697,0.00245278956449002
14.3,0.00263346751490797,0.0024515034251866
14.302,0.0026307655567067703,0.002450218167480802
14.304,0.0026280881713685402,0.002448933790768325
14.306,0.00262543548366319,0.0024476502944452837
14.308,0.00262280761244108,0.0024463676779082058
14.31,0.00262020467062957,0.0024450859405540323
14.312,0.00261762676523384,0.0024438050817801186
14.314,0.0026150739973421497,0.0024425251009842328
14.316,0.0026125464621358603,0.002441245997564555
14.318,0.00261004424890328,0.0024399677709196796
14.32,0.00260756744105675,0.002438690420448611
14.322,0.00260511611615192,0.0024374139455507677
14.324,0.00260269034590866,0.0024361383456259784
14.326,0.00260029019623348,0.0024348636200744833
14.328,0.00259791572724403,0.0024335897682969346
14.33,0.0025955669932962904,0.002432316789694395
14.332,0.0025932440430157,0.002431044683668337
14.334,0.00259094691933286,0.002429773449620644
14.336,0.0025886756595239497,0.00242850308695361
14.338,0.00258643029525558,0.0024272335950699373
14.34,0.00258421085263287,0.002425964973372739
14.342,0.0025820173522491897,0.002424697221265536
14.344,0.0025798498092358202,0.002423430338152259
14.346,0.00257770823331063,0.002422164323437247
14.348,0.00257559262882481,0.0024208991765252478
14.35,0.00257350299480817,0.002419634896821416
14.352,0.00257143932501421,0.0024183714837313153
14.354,0.00256940160796614,0.002417108936660916
14.356,0.00256738982700617,0.0024158472550165964
14.358,0.00256540396034886,0.0024145864382051404
14.36,0.0025634439811396,0.0024133264856337393
14.362,0.0025615098575178,0.002412067396709991
14.364,0.00255960155268391,0.0024108091708418995
14.366,0.00255771902496843,0.0024095518074378737
14.368,0.00255586222790154,0.0024082953059067287
14.37,0.0025540311102816397,0.002407039665657685
14.372,0.00255222561624238,0.0024057848861003673
14.374,0.0025504456853182797,0.002404530966644806
14.376,0.00254869125251028,0.0024032779067014354
14.378,0.00254696224835272,0.0024020257056810938
14.38,0.0025452585989841903,0.002400774362995023
14.382,0.00254358022622366,0.002399523878054869
14.384,0.00254192704765278,0.002398274250272681
14.386,0.00254029897670452,0.0023970254790609117
14.388,0.0025386959227565,0.002395777563832415
14.39,0.0025371177912271396,0.0023945305040004488
14.392,0.00253556448367169,0.0023932842989786724
14.394,0.0025340358978758297,0.0023920389481811473
14.396,0.00253253192794457,0.002390794451022336
14.398,0.00253105246438581,0.0023895508069171037
14.4,0.00252959739418881,0.002388308015280716
14.402,0.0025281666008991,0.0023870660755288386
14.404,0.00252675996469213,0.0023858249870775386
14.406,0.00252537736244824,0.002384584749343283
14.408,0.0025240186678313105,0.0023833453617429392
14.41,0.00252268375137242,0.002382106823693774
14.412,0.00252137248055887,0.0023808691346134535
14.414,0.0025200847199277,0.0023796322939200433
14.416,0.00251882033116202,0.0023783963010320076
14.418,0.00251757917318761,0.002377161155368209
14.42,0.0025163611022678296,0.0023759268563479097
14.422,0.0025151659720951598,0.0023746934033907685
14.424,0.00251399363387867,0.0023734607959168424
14.426,0.00251284393642787,0.0023722290333465863
14.428,0.00251171672623458,0.0023709981151008525
14.43,0.00251061184755446,0.0023697680406008894
14.432,0.0025095291424907,0.0023685388092683428
14.434,0.00250846845108103,0.002367310420525255
14.436,0.00250742961138893,0.002366082873794064
14.438,0.00250641245959851,0.002364856168497604
14.44,0.00250541683011135,0.002363630304059105
14.442,0.00250444255564334,0.002362405279902192
14.444,0.0025034894673186103,0.002361181095450885
14.446,0.00250255739475885,0.0023599577501295993
14.448,0.00250164616616632,0.002358735243363144
14.45,0.0025007556084006904,0.0023575135745767238
14.452,0.00249988554705063,0.0023562927431959356
14.454,0.0024990358065020398,0.0023550727486467715
14.456,0.0024982062100056502,0.0023538535903556163
14.458,0.0024973965797462604,0.002352635267749248
14.46,0.0024966067369156996,0.0023514177802548383
14.462,0.00249583650179025,0.0023502011272999506
14.464,0.0024950856938123897,0.0023489853083125413
14.466,0.00249435413167512,0.002347770322720959
14.468,0.00249364163340649,0.002346556169953943
14.47,0.0024929480164513802,0.0023453428494406253
14.472,0.00249227309774761,0.002344130360610529
14.474,0.00249161669379447,0.0023429187028935683
14.476,0.00249097862071266,0.002341707875720048
14.478,0.00249035869429632,0.002340497878520663
14.48,0.00248975673005946,0.002339288710726499
14.482,0.0024891725432797203,0.002338080371769032
14.484,0.00248860594904317,0.0023368728610801267
14.486,0.00248805676229349,0.0023356661780920378
14.488,0.0024875247978876198,0.0023344603222374095
14.49,0.00248700987065809,0.002333255292949274
14.492,0.00248651179548096,0.0023320510896610532
14.494,0.00248603038734604,0.0023308477118065564
14.496,0.00248556546142557,0.002329645158819982
14.498,0.00248511683313764,0.002328443430135915
14.5,0.0024846843182013897,0.002327242525189329
14.502,0.0024842677326830298,0.002326042443415584
14.504,0.00248386689303356,0.0023248431842504288
14.506,0.00248348161612081,0.0023236447471299965
14.508,0.00248311171925957,0.0023224471314908087
14.51,0.00248275702024308,0.002321250336769772
14.512,0.00248241733737842,0.0023200543624041802
14.514,0.0024820924895264497,0.0023188592078317114
14.516,0.00248178229614459,0.00231766487249043
14.518,0.00248148657732959,0.002316471355818785
14.52,0.00248120515385624,0.0023152786572556115
14.522,0.0024809378472085497,0.0023140867762401285
14.524,0.0024806844796011,0.002312895712211939
14.526,0.0024804448739904903,0.0023117054646110305
14.528,0.00248021885407863,0.0023105160328777746
14.53,0.0024800062443114798,0.0023093274164529263
14.532,0.00247980686987771,0.0023081396147776236
14.534,0.0024796205567113204,0.0023069526272933884
14.536,0.00247944713150075,0.0023057664534421245
14.538,0.0024792864217059504,0.002304581092666119
14.54,0.0024791382555816597,0.002303396544408041
14.542,0.00247900246220485,0.002302212808110941
14.544,0.00247887887150226,0.002301029883218253
14.546,0.0024787673142744595,0.00229984776917379
14.548,0.0024786676222138104,0.002298666465421749
14.55,0.00247857962791419,0.0022974859714067052
14.552,0.00247850316487285,0.002296306286573617
14.554,0.0024784380674853102,0.002295127410367822
14.556,0.00247838417103535,0.0022939493422350376
14.558,0.0024783413116826096,0.0022927720816213622
14.56,0.0024783093264502797,0.002291595627973273
14.562,0.0024782880532142598,0.0022904199807376275
14.564,0.00247827733069526,0.0022892451393616616
14.566,0.0024782769984536502,0.0022880711032929905
14.568,0.00247828689688652,0.002286897871979608
14.57,0.00247830686722586,0.0022857254448698855
14.572,0.0024783367515360203,0.0022845538214125737
14.574,0.0024783763927089903,0.002283383001056801
14.576,0.0024784256344558197,0.0022822129832520723
14.578,0.00247848432129325,0.002281043767448271
14.58,0.0024785522985250703,0.0022798753530956575
14.582,0.00247862941221854,0.0022787077396448684
14.584,0.0024787155091772,0.002277540926546917
14.586,0.0024788104369112803,0.0022763749132531934
14.588,0.00247891404360829,0.002275209699215463
14.59,0.0024790261781052697,0.002274045283885868
14.592,0.0024791466898644804,0.002272881666716925
14.594,0.00247927542895312,0.002271718847161527
14.596,0.0024794122460273,0.002270556824672941
14.598,0.00247955699231912,0.0022693955987048097
14.6,0.00247970951962557,0.0022682351687111496
14.602,0.00247986968029759,0.0022670755341463516
14.604,0.0024800373272274396,0.0022659166944651804
14.606,0.00248021231383346,0.002264758649122775
14.608,0.00248039449404146,0.0022636013975746478
14.61,0.00248058372226282,0.002262444939276684
14.612,0.00248077985336998,0.002261289273685142
14.614,0.0024809827426700397,0.002260134400256653
14.616,0.00248119224587777,0.0022589803184482203
14.618,0.0024814082190885703,0.00225782702771722
14.62,0.00248163051875213,0.0022566745275213996
14.622,0.0024818590016468097,0.0022555228173188786
14.624,0.0024820935248545603,0.002254371896568148
14.626,0.00248233394573603,0.0022532217647280696
14.628,0.00248258012190524,0.002252072421257876
14.63,0.00248283191120362,0.002250923865617172
14.632,0.00248308917167324,0.0022497760972659303
14.634,0.00248335176152973,0.0022486291156644956
14.636,0.00248361953913564,0.002247482920273582
14.638,0.00248389236297547,0.0022463375105542735
14.64,0.0024841700916335197,0.0022451928859680234
14.642,0.0024844525837757203,0.0022440490459766536
14.644,0.0024847396981361,0.0022429059900423557
14.646,0.0024850312935075797,0.0022417637176276894
14.648,0.00248532722873631,0.002240622228195583
14.65,0.00248562736271736,0.002239481521209333
14.652,0.00248593155438987,0.0022383415961326034
14.654,0.0024862396627287698,0.0022372024524294266
14.656,0.0024865515467316,0.002236064089564202
14.658,0.00248686706539934,0.0022349265070016953
14.66,0.00248718607771193,0.0022337897042070407
14.662,0.00248750844260038,0.002232653680645738
14.664,0.00248783401891866,0.002231518435783653
14.666,0.0024881626654188697,0.002230383969087019
14.668,0.00248849424073313,0.0022292502800224335
14.67,0.00248882860336448,0.0022281173680568614
14.672,0.00248916561168736,0.0022269852326576313
14.674,0.00248950512395665,0.0022258538732924382
14.676,0.00248984699832211,0.0022247232894293412
14.678,0.0024901910928448,0.0022235934805367643
14.68,0.0024905372655107403,0.002222464446083496
14.682,0.00249088537423905,0.0022213361855386885
14.684,0.0024912352768823396,0.0022202086983718586
14.686,0.00249158683121956,0.002219081984052886
14.688,0.0024919398949432396,0.002217956042052014
14.69,0.00249229432564441,0.002216830871839849
14.692,0.0024926499807994,0.002215706472887361
14.694,0.0024930067177617804,0.002214582844665881
14.696,0.00249336439376247,0.0022134599866471044
14.698,0.0024937228659186296,0.002212337898303087
14.7,0.00249408199125062,0.002211216579106247
14.702,0.00249444162670483,0.0022100960285293654
14.704,0.00249480162917926,0.0022089762460455833
14.706,0.00249516185554876,0.0022078572311284026
14.708,0.0024955221626874096,0.0022067389832516873
14.71,0.00249588240748709,0.0022056215018896614
14.712,0.0024962424468721297,0.0022045047865169097
14.714,0.00249660213781168,0.0022033888366083765
14.716,0.0024969613373318697,0.0022022736516393664
14.718,0.0024973199025300503,0.0022011592310855433
14.72,0.00249767769059308,0.0022000455744229314
14.722,0.0024980345588203,0.002198932681127913
14.724,0.00249839036465123,0.00219782055067723
14.726,0.00249874496569652,0.002196709182547983
14.728,0.00249909821977049,0.002195598576217631
14.73,0.00249944998492324,0.00219448873116399
14.732,0.0024998001194709496,0.002193379646865236
14.734,0.00250014848202367,0.002192271322799901
14.736,0.00250049493151125,0.002191163758446875
14.738,0.00250083932720848,0.0021900569532854056
14.74,0.00250118152876161,0.0021889509067950967
14.742,0.00250152139621794,0.0021878456184559096
14.744,0.0025018587900602,0.0021867410877481615
14.746,0.0025021935712458603,0.0021856373141525263
14.748,0.00250252560125147,0.002184534297150033
14.75,0.00250285474211992,0.0021834320362220674
14.752,0.00250318085650932,0.0021823305308503703
14.754,0.00250350380774082,0.0021812297805170375
14.756,0.00250382345984421,0.0021801297847045204
14.758,0.00250413967760029,0.0021790305428956245
14.76,0.00250445232658001,0.0021779320545735103
14.762,0.0025047612731818204,0.0021768343192216924
14.764,0.00250506638466832,0.0021757373363240394
14.766,0.00250536752920388,0.0021746411053647735
14.768,0.0025056645758947,0.002173545625828471
14.77,0.0025059573948312402,0.002172450897200061
14.772,0.00250624585713324,0.0021713569189648263
14.774,0.0025065298349963303,0.0021702636906084016
14.776,0.0025068092017391003,0.0021691712116167746
14.778,0.00250708383185003,0.0021680794814762853
14.78,0.0025073536010337,0.002166988499673626
14.782,0.0025076183862565798,0.0021658982656958415
14.784,0.0025078780657929603,0.002164808779030326
14.786,0.0025081325192719,0.0021637200391648277
14.788,0.00250838162772562,0.0021626320455874442
14.79,0.00250862527363941,0.0021615447977866246
14.792,0.0025088633410024802,0.002160458295251168
14.794,0.0025090957153584403,0.0021593725374702256
14.796,0.00250932228385418,0.002158287523933297
14.798,0.00250954293528581,0.0021572032541302324
14.8,0.0025097575601413,0.0021561197275512312
14.802,0.0025099660506399998,0.0021550369436868434
14.804,0.00251016830077019,0.0021539549020279675
14.806,0.00251036420632657,0.0021528736020658508
14.808,0.0025105536649494397,0.002151793043292089
14.81,0.0025107365761673,0.0021507132251986274
14.812,0.00251091284144367,0.0021496341472777587
14.814,0.0025110823642279095,0.002148555809022124
14.816,0.00251124505000911,0.002147478209924712
14.818,0.00251140080637098,0.002146401349478859
14.82,0.0025115495430458904,0.002145325227178249
14.822,0.0025116911719656803,0.0021442498425169117
14.824,0.0025118256073080898,0.002143175194989225
14.826,0.00251195276553778,0.002142101284089913
14.828,0.0025120725654421898,0.002141028109314046
14.83,0.0025121849281631,0.0021399556701570408
14.832,0.00251228977722501,0.0021388839661146595
14.834,0.0025123870385623,0.0021378129966830098
14.836,0.00251247664054644,0.0021367427613585457
14.838,0.00251255851401466,0.002135673259638065
14.84,0.0025126325923006503,0.0021346044910187123
14.842,0.00251269881126752,0.0021335364549979747
14.844,0.0025127571093426495,0.0021324691510736854
14.846,0.0025128074275529997,0.002131402578744021
14.848,0.0025128497095600203,0.0021303367375075026
14.85,0.0025128839016922396,0.0021292716268629945
14.852,0.0025129099529744804,0.002128207246309705
14.854,0.0025129278151529,0.002127143595347185
14.856,0.0025129374427157597,0.0021260806734753296
14.858,0.00251293879291048,0.0021250184801943754
14.86,0.00251293182575851,0.0021239570150049024
14.862,0.00251291650406969,0.0021228962774078324
14.864,0.0025128927934577796,0.0021218362669044298
14.866,0.0025128606623589303,0.0021207769829963007
14.868,0.00251282008205322,0.002119718425185393
14.87,0.00251277102668936,0.0021186605929739955
14.872,0.00251271347331114,0.0021176034858647382
14.874,0.00251264740188326,0.0021165471033605925
14.876,0.00251257279531443,0.0021154914449648707
14.878,0.0025124896394752403,0.0021144365101812244
14.88,0.00251239792320913,0.0021133822985136465
14.882,0.0025122976383355903,0.0021123288094664697
14.884,0.00251218877964638,0.0021112760425443656
14.886,0.00251207134489584,0.0021102239972523467
14.888,0.00251194533478779,0.002109172673095764
14.89,0.0025118107529614,0.0021081220695803073
14.892,0.00251166760597851,0.002107072186212006
14.894,0.00251151590331387,0.002106023022497228
14.896,0.0025113556573491003,0.0021049745779426784
14.898,0.0025111868833700302,0.002103926852055402
14.9,0.0025110095995661197,0.0021028798443427804
14.902,0.00251082382703005,0.002101833554312534
14.904,0.00251062958975556,0.002100787981472719
14.906,0.0025104269146317398,0.00209974312533173
14.908,0.0025102158314325796,0.0020986989853982985
14.91,0.00250999637280171,0.0020976555611814927
14.912,0.0025097685742326596,0.0020966128521907167
14.914,0.0025095324740460404,0.0020955708579357118
14.916,0.0025092881133647604,0.0020945295779265546
14.918,0.00250903553608889,0.0020934890116736577
14.92,0.0025087747888704005,0.0020924491586877697
14.922,0.00250850592108818,0.002091410018479974
14.924,0.00250822898482213,0.00209037159056169
14.926,0.00250794403482537,0.002089333874444671
14.928,0.00250765112849286,0.002088296869641005
14.93,0.0025073503258254796,0.0020872605756631153
14.932,0.00250704168938913,0.0020862249920237594
14.934,0.00250672528426922,0.0020851901182360275
14.936,0.00250640117802204,0.0020841559538133446
14.938,0.00250606944062477,0.0020831224982694693
14.94,0.00250573014442627,0.002082089751118493
14.942,0.0025053833641003,0.0020810577118748406
14.944,0.0025050291766021,0.0020800263800532692
14.946,0.00250466766112816,0.0020789957551688694
14.948,0.00250429889907807,0.0020779658367370635
14.95,0.00250392297401644,0.002076936624273606
14.952,0.00250353997163269,0.0020759081172945838
14.954,0.0025031499796964304,0.002074880315316415
14.956,0.00250275308800726,0.00207385321785585
14.958,0.00250234938833821,0.0020728268244299694
14.96,0.0025019389743738797,0.002071801134556185
14.962,0.0025015219416446,0.00207077614775224
14.964,0.0025010983874589297,0.0020697518635362077
14.966,0.0025006684108369896,0.002068728281426492
14.968,0.0025002321124460002,0.002067705400941827
14.97,0.0024997895945393003,0.002066683221601276
14.972,0.00249934096089825,0.002065661742924233
14.974,0.00249888631677578,0.00206464096443042
14.976,0.00249842576883911,0.00206362088563989
14.978,0.00249795942510944,0.0020626015060730236
14.98,0.0024974873948961,0.002061582825250531
14.982,0.00249700978872423,0.0020605648426934497
14.984,0.00249652671825607,0.0020595475579231475
14.986,0.00249603829620698,0.0020585309704613183
14.988,0.00249554463625925,0.0020575150798299853
14.99,0.00249504585297627,0.0020564998855514983
14.992,0.00249454206172027,0.002055485387148535
14.994,0.00249403337857537,0.002054471584144101
14.996,0.00249351992027687,0.0020534584760615276
14.998,0.0024930018041456102,0.002052446062424473
15.0,0.00249247914802544,0.0020514343427569227
15.002,0.0024919520702208,0.0020504233165831876
15.004,0.00249142068943126,0.0020494129834279055
15.006,0.00249088512468064,0.0020484033428160397
15.008,0.00249034549523941,0.0020473943942728792
15.01,0.00248980192054046,0.002046386137324038
15.012,0.002489254520089716,0.0020453785714954556
15.014,0.002488703413374034,0.0020443716963133964
15.016,0.002488148719769115,0.0020433655113044494
15.018,0.002487590558449951,0.0020423600159955287
15.02,0.002487029048305626,0.0020413552099138718
15.022,0.002486464307858685,0.0020403510925870406
15.024,0.002485896455188815,0.002039347663542921
15.026,0.002485325607858674,0.0020383449223097226
15.028,0.002484751882840131,0.002037342868415978
15.03,0.00248417539643838,0.0020363415013905438
15.032,0.002483596264212456,0.002035340820762598
15.034,0.002483014600891661,0.002034340826061643
15.036,0.002482430520288424,0.0020333415168175026
15.038,0.002481844135209201,0.0020323428925603233
15.04,0.002481255557366035,0.0020313449528205738
15.042,0.002480664897291265,0.002030347697129044
15.044,0.002480072264257521,0.0020293511250168467
15.046,0.002479477766204304,0.0020283552360154146
15.048,0.0024788815096711218,0.0020273600296565027
15.05,0.002478283599735533,0.0020263655054721863
15.052,0.0024776841399540258,0.002025371662994862
15.054,0.002477083232302272,0.0020243785017572463
15.056,0.002476480977112305,0.0020233860212923766
15.058,0.00247587747300407,0.00202239422113361
15.06,0.002475272816810637,0.0020214031008146233
15.062,0.002474667103497398,0.0020204126598694135
15.064,0.002474060426076863,0.0020194228978322967
15.066,0.002473452875521784,0.002018433814237908
15.068,0.002472844540679342,0.0020174454086212025
15.07,0.0024722355081892473,0.0020164576805174524
15.072,0.002471625862407571,0.00201547062946225
15.074,0.002471015685337384,0.002014484254991505
15.076,0.002470405056566122,0.0020134985566414455
15.078,0.002469794053208927,0.0020125135339486176
15.08,0.002469182749856306,0.0020115291864498852
15.082,0.002468571218524745,0.0020105455136824294
15.084,0.0024679595286086287,0.0020095625151837484
15.086,0.002467347746832393,0.0020085801904916574
15.088,0.002466735937202015,0.0020075985391442893
15.09,0.002466124160956028,0.0020066175606800922
15.092,0.002465512476515716,0.002005637254637832
15.094,0.00246490093943562,0.002004657620556589
15.096,0.002464289602354589,0.002003678657975762
15.098,0.0024636785149487407,0.002002700366435063
15.1,0.0024630677238867815,0.0020017227454745207
15.102,0.002462457272788537,0.002000745794634479
15.104,0.0024618472021867583,0.0019997695134555964
15.106,0.0024612375494920923,0.0019987939014788473
15.108,0.002460628348960529,0.00199781895824552
15.11,0.002460019631662422,0.001996844683297217
15.112,0.0024594114254521,0.0019958710761758557
15.114,0.0024588037549374345,0.0019948981364236672
15.116,0.0024581966414490937,0.001993925863583196
15.118,0.002457590103010338,0.0019929542571973003
15.12,0.002456984154308203,0.0019919833168091524
15.122,0.0024563788066679602,0.001991013041962237
15.124,0.002455774068032166,0.001990043432200352
15.126,0.002455169942945516,0.0019890744870676076
15.128,0.002454566432545404,0.001988106206108427
15.13,0.0024539635345577756,0.0019871385888675457
15.132,0.002453361243296253,0.0019861716348900105
15.134,0.002452759549663025,0.001985205343721181
15.136,0.0024521584411493777,0.001984239714906728
15.138,0.0024515579018352437,0.0019832747479926337
15.14,0.002450957912387552,0.0019823104425251916
15.142,0.002450358450058634,0.001981346798051006
15.144,0.002449759488686537,0.0019803838141169926
15.146,0.002449160998699228,0.001979421490270377
15.148,0.002448562947124175,0.0019784598260586955
15.15,0.002447965297603918,0.0019774988210297943
15.152,0.002447368010416941,0.00197653847473183
15.154,0.002446771042502354,0.0019755787867132683
15.156,0.002446174347486105,0.0019746197565228846
15.158,0.002445577875706887,0.001973661383709764
15.16,0.002444981574240469,0.0019727036678233003
15.162,0.002444385386922494,0.001971746608413196
15.164,0.002443789254370942,0.001970790205029463
15.166,0.002443193114010243,0.0019698344572224207
15.168,0.0024425969000995817,0.0019688793645426974
15.17,0.002442000543767047,0.0019679249265412294
15.172,0.002441403973050793,0.0019669711427692605
15.174,0.002440807112946555,0.001966018012778342
15.176,0.0024402098854598127,0.0019650655361203332
15.178,0.002439612209660199,0.0019641137123474002
15.18,0.0024390140017351057,0.001963162541012016
15.182,0.002438415175040649,0.001962212021666961
15.184,0.002437815640148772,0.0019612621538653207
15.186,0.002437215304890917,0.001960312937160488
15.188,0.0024366140744001602,0.0019593643711061626
15.19,0.002436011851154305,0.0019584164552563484
15.192,0.0024354085350229253,0.0019574691891653564
15.194,0.0024348040233206324,0.0019565225723878026
15.196,0.002434198210867893,0.0019555766044786083
15.198,0.0024335909900591447,0.0019546312849929998
15.2,0.002432982250936684,0.0019536866134865086
15.202,0.002432371881267896,0.0019527425895149704
15.204,0.002431759766622961,0.0019517992126345256
15.206,0.002431145790450657,0.001950856482401619
15.208,0.00243052983415089,0.0019499143983729992
15.21,0.002429911777143678,0.0019489729601057187
15.212,0.0024292914969357773,0.0019480321671571338
15.214,0.002428668869186767,0.0019470920190849039
15.216,0.002428043767776925,0.0019461525154469918
15.218,0.002427416064878538,0.0019452136558016633
15.22,0.0024267856310315594,0.0019442754397074869
15.222,0.002426152335223556,0.0019433378667233338
15.224,0.002425516044972256,0.0019424009364083774
15.226,0.002424876626409122,0.0019414646483220937
15.228,0.002424233944361532,0.00194052900202426
15.23,0.002423587862432289,0.0019395939970749557
15.232,0.0024229382430756533,0.001938659633034562
15.234,0.002422284947670514,0.001937725909463761
15.236,0.002421627836592188,0.0019367928259235363
15.238,0.002420966769284953,0.0019358603819751722
15.24,0.002420301604337256,0.0019349285771802535
15.242,0.002419632199561389,0.0019339974111006661
15.244,0.002418958412078064,0.001933066883298596
15.246,0.002418280098405434,0.0019321369933365288
15.248,0.002417597114551153,0.0019312077407772506
15.25,0.002416909316105457,0.0019302791251838473
15.252,0.00241621655833289,0.0019293511461197035
15.254,0.002415518696260886,0.001928423803148504
15.256,0.00241481558476378,0.0019274970958342318
15.258,0.002414107078642044,0.0019265710237411696
15.26,0.002413393032696901,0.001925645586433898
15.262,0.002412673301801823,0.001924720783477297
15.264,0.002411947740972289,0.0019237966144365437
15.266,0.0024112162054358644,0.0019228730788771143
15.268,0.0024104785507042467,0.0019219501763647823
15.27,0.002409734632648498,0.001921027906465619
15.272,0.002408984307578451,0.0019201062687459929
15.274,0.0024082274323258884,0.00191918526277257
15.276,0.002407463864330831,0.0019182648881123135
15.278,0.0024066934617292344,0.001917345144332483
15.28,0.002405916083439812,0.001916426031000635
15.282,0.00240513158924772,0.001915507547684622
15.284,0.002404339839883015,0.0019145896939525933
15.286,0.0024035406970925478,0.0019136724693729942
15.288,0.0024027340237052133,0.0019127558735145653
15.29,0.002401919683691422,0.0019118399059463434
15.292,0.002401097542219467,0.00191092456623766
15.294,0.0024002674657114757,0.0019100098539581428
15.296,0.002399429321902168,0.0019090957686777133
15.298,0.002398582979902855,0.0019081823099665887
15.3,0.0023977283102718148,0.0019072694773952805
15.302,0.0023968651850903118,0.0019063572705345947
15.304,0.002395993478042238,0.0019054456889556314
15.306,0.002395113064493631,0.0019045347322297847
15.308,0.002394223821568362,0.0019036243999287423
15.31,0.002393325628216191,0.001902714691624486
15.312,0.0023924183652712303,0.0019018056068892905
15.314,0.0023915019155000498,0.001900897145295724
15.316,0.00239057616364114,0.0018999893064166474
15.318,0.002389640996438617,0.0018990820898252146
15.32,0.002388696302674242,0.0018981754950948722
15.322,0.002387741973201518,0.0018972695217993588
15.324,0.0023867779009849968,0.0018963641695127055
15.326,0.002385803981146359,0.0018954594378092352
15.328,0.002384820111016839,0.0018945553262635628
15.33,0.00238382619019436,0.0018936518344505947
15.332,0.002382822120602317,0.0018927489619455285
15.334,0.002381807806546768,0.0018918467083238533
15.336,0.002380783154769025,0.0018909450731613487
15.338,0.002379748074491995,0.0018900440560340858
15.34,0.0023787024774592153,0.0018891436565184256
15.342,0.002377646277967762,0.0018882438741910199
15.344,0.002376579392896324,0.0018873447086288104
15.346,0.002375501741730685,0.0018864461594090291
15.348,0.0023744132465888263,0.0018855482261091977
15.35,0.002373313832246795,0.0018846509083071273
15.352,0.002372203426166276,0.0018837542055809187
15.354,0.002371081958523163,0.0018828581175089616
15.356,0.002369949362236374,0.0018819626436699347
15.358,0.002368805572995416,0.0018810677836428057
15.36,0.002367650529285365,0.001880173537006831
15.362,0.002366484172408714,0.0018792799033415552
15.364,0.002365306446503888,0.0018783868822268108
15.366,0.002364117298561161,0.001877494473242719
15.368,0.002362916678437125,0.0018766026759696884
15.37,0.0023617045388689413,0.001875711489988415
15.372,0.0023604808354891786,0.0018748209148798827
15.374,0.00235924552684172,0.0018739309502253624
15.376,0.002357998574398012,0.001873041595606412
15.378,0.002356739942572731,0.0018721528506048762
15.38,0.002355469598737589,0.0018712647148028865
15.382,0.002354187513232059,0.0018703771877828605
15.384,0.002352893659370437,0.0018694902691275025
15.386,0.0023515880134455784,0.0018686039584198024
15.388,0.002350270554730317,0.001867718255243036
15.39,0.002348941265477748,0.0018668331591807652
15.392,0.00234760013092208,0.0018659486698168368
15.394,0.0023462471392808183,0.0018650647867353833
15.396,0.002344882281758331,0.0018641815095208217
15.398,0.0023435055525499117,0.0018632988377578544
15.4,0.002342116948845054,0.0018624167710314683
15.402,0.002340716470828133,0.0018615353089269347
15.404,0.002339304121675243,0.0018606544510298092
15.406,0.002337879907547145,0.0018597741969259317
15.408,0.0023364438375788592,0.0018588945462014257
15.41,0.002334995923867741,0.0018580154984426985
15.412,0.00233353618146214,0.0018571370532364409
15.414,0.0023320646283525883,0.001856259210169627
15.416,0.002330581285466342,0.0018553819688295141
15.418,0.002329086176665135,0.0018545053288036423
15.42,0.002327579328744252,0.0018536292896798345
15.422,0.002326060771430385,0.001852753851046196
15.424,0.0023245305373754957,0.0018518790124911145
15.426,0.002322988662144519,0.00185100477360326
15.428,0.0023214351841961273,0.0018501311339715846
15.43,0.0023198701448575447,0.0018492580931853213
15.432,0.002318293588295724,0.0018483856508339858
15.434,0.0023167055614884352,0.0018475138065073744
15.436,0.0023151061141986314,0.0018466425597955648
15.438,0.00231349529895451,0.0018457719102889156
15.44,0.002311873171036224,0.0018449018575780664
15.442,0.0023102397884682,0.0018440324012539374
15.444,0.002308595212014187,0.0018431635409077289
15.446,0.002306939505171504,0.0018422952761309216
15.448,0.0023052727341606478,0.0018414276065152765
15.45,0.0023035949679073523,0.0018405605316528337
15.452,0.0023019062780161538,0.0018396940511359139
15.454,0.002300206738735947,0.0018388281645571164
15.456,0.002298496426920238,0.0018379628715093203
15.458,0.002296775421985721,0.0018370981715856835
15.46,0.002295043805872848,0.0018362340643796428
15.462,0.002293301663011922,0.0018353705494849137
15.464,0.002291549080296146,0.0018345076264954904
15.466,0.002289786147061947,0.0018336452950056452
15.468,0.0022880129550748142,0.0018327835546099285
15.47,0.0022862295985176732,0.0018319224049031684
15.472,0.002284436173978258,0.0018310618454804714
15.474,0.0022826327804322056,0.0018302018759372208
15.476,0.002280819519219266,0.0018293424958690779
15.478,0.002278996494011595,0.0018284837048719805
15.48,0.0022771638107744506,0.001827625502542144
15.482,0.002275321577720989,0.00182676788847606
15.484,0.002273469905263782,0.001825910862270497
15.486,0.0022716089059658163,0.0018250544235225
15.488,0.0022697386944938373,0.00182419857182939
15.49,0.002267859387575695,0.0018233433067887642
15.492,0.002265971103962444,0.0018224886279984954
15.494,0.002264073964394979,0.0018216345350567321
15.496,0.002262168091573721,0.0018207810275618986
15.498,0.002260253610129536,0.001819928105112694
15.5,0.0022583306465939227,0.0018190757673080924
15.502,0.002256399329366456,0.0018182240137473433
15.504,0.002254459788678588,0.0018173728440299707
15.506,0.002252512156553324,0.0018165222577557732
15.508,0.0022505565667612307,0.0018156722545248233
15.51,0.002248593154773865,0.001814822833937468
15.512,0.002246622057715978,0.001813973995594328
15.514,0.002244643414318072,0.0018131257390962983
15.516,0.002242657364870452,0.0018122780640445469
15.518,0.002240664051179557,0.0018114309700405153
15.52,0.0022386636165268687,0.0018105844566859183
15.522,0.0022366562056299333,0.0018097385235827438
15.524,0.0022346419646046972,0.0018088931703332523
15.526,0.0022326210409281755,0.001808048396539977
15.528,0.0022305935834002087,0.0018072042018057238
15.53,0.002228559742103238,0.0018063605857335703
15.532,0.00222651966835958,0.0018055175479268668
15.534,0.002224473514685667,0.0018046750879892352
15.536,0.002222421434743675,0.0018038332055245688
15.538,0.0022203635832906757,0.0018029919001370332
15.54,0.0022183001161264547,0.0018021511714310643
15.542,0.002216231190040571,0.00180131101901137
15.544,0.002214156962759465,0.0018004714424829289
15.546,0.00221207759289438,0.0017996324414509901
15.548,0.002209993239890192,0.0017987940155210738
15.55,0.002207904063975414,0.0017979561642989703
15.552,0.002205810226113142,0.00179711888739074
15.554,0.002203711887952843,0.0017962821844027133
15.556,0.002201609211782818,0.0017954460549414908
15.558,0.002199502360483,0.0017946104986139425
15.56,0.002197391497478481,0.001793775515027208
15.562,0.00219527678669344,0.001792941103788696
15.564,0.002193158392505843,0.0017921072645060846
15.566,0.002191036479702901,0.0017912739967873206
15.568,0.002188911213437238,0.0017904413002406195
15.57,0.002186782759183694,0.0017896091744744654
15.572,0.002184651282696421,0.001788777619097611
15.574,0.002182516949966002,0.0017879466337190769
15.576,0.0021803799271760856,0.0017871162179481518
15.578,0.0021782403806591888,0.0017862863713943922
15.58,0.002176098476851426,0.0017854570936676223
15.582,0.002173954382245733,0.0017846283843779337
15.584,0.002171808263343759,0.001783800243135685
15.586,0.002169660286606372,0.0017829726695515026
15.588,0.002167510618403391,0.001782145663236279
15.59,0.00216535942496294,0.001781319223801174
15.592,0.002163206872321579,0.0017804933508576135
15.594,0.0021610531262758943,0.0017796680440172901
15.596,0.002158898352336714,0.0017788433028921623
15.598,0.002156742715686491,0.0017780191270944548
15.6,0.002154586381140309,0.0017771955162366579
15.602,0.0021524295131100197,0.0017763724699315277
15.604,0.002150272275570961,0.001775549987792086
15.606,0.002148114832029858,0.001774728069431619
15.608,0.002145957345492491,0.0017739067144636788
15.61,0.0021437999784298034,0.001773085922502082
15.612,0.002141642892741399,0.0017722656931609103
15.614,0.002139486249716249,0.0017714460260545091
15.616,0.002137330209990816,0.0017706269207974892
15.618,0.002135174933505726,0.0017698083770047248
15.62,0.002133020579462494,0.0017689903942913546
15.622,0.0021308673062817992,0.0017681729722727807
15.624,0.0021287152715646998,0.0017673561105646688
15.626,0.0021265646320578774,0.0017665398087829487
15.628,0.002124415543623019,0.0017657240665438128
15.63,0.002122268161210325,0.0017649088834637166
15.632,0.0021201226388350963,0.001764094259159379
15.634,0.002117979129556692,0.001763280193247781
15.636,0.0021158377854583947,0.0017624666853461666
15.638,0.002113698757627385,0.001761653735072042
15.64,0.002111562196133833,0.0017608413420431759
15.642,0.002109428250008664,0.0017600295058775983
15.644,0.002107297067219795,0.0017592182261936017
15.646,0.002105168794646749,0.0017584075026097399
15.648,0.0021030435780542206,0.0017575973347448283
15.65,0.002100921562065028,0.0017567877222179435
15.652,0.0020988028901331207,0.0017559786646484234
15.654,0.0020966877045176927,0.0017551701616558663
15.656,0.002094576146259015,0.001754362212860132
15.658,0.002092468355156739,0.0017535548178813404
15.66,0.002090364469751067,0.0017527479763398718
15.662,0.002088264627306882,0.0017519416878563668
15.664,0.002086168963800541,0.001751135952051726
15.666,0.0020840776139087283,0.0017503307685471103
15.668,0.002081990710998657,0.0017495261369639395
15.67,0.002079908387118878,0.0017487220569238932
15.672,0.002077830772989849,0.0017479185280489106
15.674,0.0020757579979940447,0.0017471155499611897
15.676,0.00207369019016518,0.001746313122283188
15.678,0.002071627476176843,0.0017455112446376209
15.68,0.002069569981330629,0.0017447099166474631
15.682,0.002067517829544421,0.0017439091379359477
15.684,0.002065471143341233,0.0017431089081265659
15.686,0.002063430043839371,0.0017423092268430667
15.688,0.00206139465074437,0.0017415100937094577
15.69,0.00205936508234324,0.0017407115083500036
15.692,0.002057341455501327,0.001739913470389227
15.694,0.002055323885661843,0.0017391159794519077
15.696,0.0020533124868475122,0.0017383190351630826
15.698,0.002051307371663781,0.0017375226371480462
15.7,0.0020493086513025897,0.0017367267850323489
15.702,0.002047316435545564,0.0017359314784417986
15.704,0.0020453308327659002,0.0017351367170024593
15.706,0.0020433519499285053,0.0017343425003406516
15.708,0.0020413798925886122,0.0017335488280829517
15.71,0.002039414764889738,0.0017327556998561924
15.712,0.00203745666956231,0.001731963115287462
15.714,0.002035505707924293,0.0017311710740041044
15.716,0.002033561979884912,0.0017303795756337188
15.718,0.002031625583951775,0.00172958861980416
15.72,0.002029696617240914,0.0017287982061435377
15.722,0.002027775175488306,0.0017280083342802164
15.724,0.0020258613530608986,0.0017272190038428157
15.726,0.002023955242965117,0.0017264302144602093
15.728,0.002022056936851219,0.0017256419657615259
15.73,0.002020166525012748,0.0017248542573761476
15.732,0.002018284096381634,0.0017240670889337112
15.734,0.00201640973852015,0.0017232804600641072
15.736,0.0020145435376120683,0.00172249437039748
15.738,0.0020126855784552908,0.001721708819564227
15.74,0.0020108359444579683,0.0017209238071949993
15.742,0.0020089947176393794,0.001720139332920701
15.744,0.002007161978635577,0.0017193553963724894
15.746,0.002005337806709355,0.0017185719971817746
15.748,0.002003522279762546,0.0017177891349802192
15.75,0.0020017154743491106,0.0017170068093997383
15.752,0.001999917465686983,0.0017162250200724995
15.754,0.0019981283276675806,0.0017154437666309225
15.756,0.001996348132862119,0.0017146630487076787
15.758,0.0019945769525250377,0.0017138828659356915
15.76,0.00199281485659516,0.001713103217948136
15.762,0.001991061913695915,0.0017123241043784385
15.764,0.001989318191135581,0.0017115455248602766
15.766,0.001987583754909037,0.0017107674790275793
15.768,0.001985858669701325,0.0017099899665145263
15.77,0.001984142998893706,0.001709212986955548
15.772,0.001982436804571503,0.0017084365399853256
15.774,0.0019807401475334303,0.0017076606252387904
15.776,0.001979053087300918,0.0017068852423511242
15.778,0.001977375682126684,0.0017061103909577586
15.78,0.001975707989001117,0.0017053360706943755
15.782,0.0019740500636558373,0.0017045622811969062
15.784,0.001972401960563876,0.0017037890221015318
15.786,0.00197076373293654,0.0017030162930446826
15.788,0.001969135432717449,0.001702244093663038
15.79,0.001967517110574668,0.0017014724235935267
15.792,0.0019659088158920732,0.0017007012824733262
15.794,0.001964310596761338,0.0016999306699398626
15.796,0.001962722499975581,0.0016991605856308107
15.798,0.0019611445710259814,0.0016983910291840933
15.8,0.0019595768541017943,0.001697622000237882
15.802,0.001958019392094292,0.0016968534984305957
15.804,0.0019564722266043836,0.001696085523400902
15.806,0.001954935397953423,0.0016953180747877152
15.808,0.001953408945196154,0.001694551152230198
15.81,0.0019518929061345881,0.0016937847553677597
15.812,0.0019503873173311922,0.0016930188838400575
15.814,0.001948892214120076,0.001692253537286995
15.816,0.0019474076306145892,0.0016914887153487226
15.818,0.001945933599710775,0.001690724417665638
15.82,0.0019444701530862848,0.001689960643878385
15.822,0.001943017321195248,0.0016891973936278535
15.824,0.001941575133260447,0.00168843466655518
15.826,0.001940143617264353,0.0016876724623017465
15.828,0.0019387227999412972,0.0016869107805091812
15.83,0.001937312706772288,0.001686149620819358
15.832,0.0019359133619841662,0.001685388982874396
15.834,0.001934524788553593,0.0016846288663166595
15.836,0.001933147008215594,0.0016838692707887588
15.838,0.001931780041475717,0.001683110195933548
15.84,0.0019304239076238848,0.0016823516413941267
15.842,0.0019290786247481827,0.001681593606813839
15.844,0.00192774420974676,0.0016808360918362736
15.846,0.0019264206783362993,0.0016800790961052634
15.848,0.0019251080450566982,0.0016793226192648853
15.85,0.00192380632327186,0.0016785666609594602
15.852,0.001922515525167644,0.001677811220833553
15.854,0.0019212356617482277,0.0016770562985319723
15.856,0.001919966742832568,0.0016763018936997698
15.858,0.001918708777052462,0.001675548005982241
15.86,0.001917461771853325,0.0016747946350249238
15.862,0.001916225733498445,0.0016740417804735998
15.864,0.001915000667076703,0.0016732894419742932
15.866,0.0019137865765134232,0.0016725376191732706
15.868,0.0019125834645832762,0.001671786311717041
15.87,0.00191139133292452,0.0016710355192523564
15.872,0.0019102101820533527,0.00167028524142621
15.874,0.001909040011377983,0.0016695354778858379
15.876,0.0019078808192121081,0.0016687862282787171
15.878,0.0019067326027881202,0.001668037492252567
15.88,0.001905595358270834,0.0016672892694553482
15.882,0.001904469080772444,0.0016665415595352622
15.884,0.00190335376436969,0.0016657943621407522
15.886,0.001902249402123298,0.0016650476769205023
15.888,0.0019011559860995018,0.0016643015035234373
15.89,0.0019000735073924292,0.0016635558415987225
15.892,0.001899001956145723,0.001662810690795764
15.894,0.001897941321571275,0.0016620660507642077
15.896,0.0018968915919633559,0.0016613219211539406
15.898,0.0018958527547070143,0.0016605783016150886
15.9,0.001894824796280917,0.0016598351917980181
15.902,0.0018938077022560497,0.001659092591353335
15.904,0.001892801457292918,0.0016583504999318846
15.906,0.001891806045141063,0.0016576089171847516
15.908,0.0018908214486440611,0.00165686784276326
15.91,0.001889847649753224,0.0016561272763189726
15.912,0.001888884629551268,0.001655387217503691
15.914,0.001887932368285398,0.0016546476659694558
15.916,0.0018869908454075119,0.0016539086213685458
15.918,0.001886060039617556,0.0016531700833534782
15.92,0.001885139928905538,0.0016524320515770086
15.922,0.001884230490587918,0.0016516945256921304
15.924,0.001883331701335609,0.0016509575053520748
15.926,0.001882443537192554,0.001650220990210311
15.928,0.0018815659735861847,0.0016494849799205456
15.93,0.0018806989853329442,0.0016487494741367224
15.932,0.00187984254664285,0.0016480144725130224
15.934,0.001878996631127682,0.0016472799747038638
15.936,0.0018781612118155839,0.001646545980363902
15.938,0.001877336261173894,0.0016458124891480285
15.94,0.001876521751139353,0.0016450795007113717
15.942,0.0018757176531530397,0.0016443470147092963
15.944,0.001874923938196485,0.0016436150307974032
15.946,0.001874140576824627,0.0016428835486315297
15.948,0.001873367539192542,0.0016421525678677485
15.95,0.0018726047950741302,0.0016414220881623683
15.952,0.0018718523138730762,0.0016406921091719334
15.954,0.0018711100646282449,0.0016399626305532236
15.956,0.0018703780160171219,0.001639233651963254
15.958,0.0018696561363611538,0.0016385051730592743
15.96,0.001868944393636795,0.00163777719349877
15.962,0.0018682427554944348,0.0016370497129394603
15.964,0.001867551189285804,0.0016363227310393
15.966,0.001866869662098624,0.001635596247456478
15.968,0.001866198140795589,0.0016348702618494174
15.97,0.001865536592053932,0.0016341447738767755
15.972,0.0018648849824017362,0.0016334197831974436
15.974,0.0018642432782476272,0.001632695289470547
15.976,0.0018636114459019719,0.001631971292355444
15.978,0.001862989451588839,0.0016312477915117272
15.98,0.001862377261449924,0.0016305247865992221
15.982,0.001861774841542583,0.0016298022772779875
15.984,0.001861182157834886,0.0016290802632083154
15.986,0.0018605991762007449,0.00162835874405073
15.988,0.001860025862417501,0.0016276377194659889
15.99,0.001859462182167765,0.001626917189115082
15.992,0.00185890810104568,0.0016261971526592314
15.994,0.0018583635845670502,0.0016254776097598916
15.996,0.001857828598181838,0.0016247585600787492
15.998,0.0018573031072869,0.0016240400032777227
16.0,0.0018567870772371068,0.0016233219390189622
16.002,0.0018562804733535739,0.0016226043669648495
16.004,0.001855783260928239,0.0016218872867779979
16.006,0.00185529540522518,0.0016211706981212515
16.008,0.001854816871479822,0.001620454600657686
16.01,0.0018543476248973428,0.001619738994050608
16.012,0.001853887630651981,0.0016190238779635548
16.014,0.0018534368538879642,0.0016183092520602941
16.016,0.001852995259722602,0.0016175951160048248
16.018,0.001852562813250675,0.001616881469461375
16.02,0.0018521394795485801,0.001616168312094404
16.022,0.0018517252236765242,0.0016154556435686006
16.024,0.001851320010676575,0.0016147434635488834
16.026,0.001850923805565059,0.0016140317717004008
16.028,0.001850536573318609,0.0016133205676885309
16.03,0.001850158278854031,0.0016126098511788807
16.032,0.0018497888870033247,0.001611899621837287
16.034,0.0018494283624858779,0.0016111898793298152
16.036,0.001849076669880149,0.0016104806233227598
16.038,0.001848733773597312,0.001609771853482644
16.04,0.001848399637858455,0.0016090635694762196
16.042,0.0018480742266765078,0.0016083557709704668
16.044,0.0018477575038427189,0.0016076484576325943
16.046,0.001847449432916677,0.0016069416291300384
16.048,0.0018471499772182028,0.0016062352851304639
16.05,0.001846859099818808,0.0016055294253017628
16.052,0.0018465767635304949,0.0016048240493120557
16.054,0.0018463029308901317,0.0016041191568296896
16.056,0.0018460375641381572,0.0016034147475232395
16.058,0.001845780625191438,0.0016027108210615077
16.06,0.0018455320756109261,0.0016020073771135228
16.062,0.0018452918765656588,0.001601304415348541
16.064,0.001845059988795294,0.0016006019354360447
16.066,0.001844836372573095,0.0015998999370457432
16.068,0.0018446209876717117,0.001599198419847572
16.07,0.0018444137933326752,0.0015984973835116933
16.072,0.0018442147482400889,0.0015977968277084945
16.074,0.0018440238104978192,0.0015970967521085897
16.076,0.001843840937608509,0.0015963971563828186
16.078,0.0018436660864522912,0.0015956980402022465
16.08,0.001843499213263035,0.001594999403238164
16.082,0.0018433402736001948,0.001594301245162087
16.084,0.001843189222315422,0.001593603565645757
16.086,0.001843046013514048,0.0015929063643611403
16.088,0.001842910600512766,0.0015922096409804276
16.09,0.0018427829357954783,0.0015915133951760348
16.092,0.001842662970969692,0.0015908176266206024
16.094,0.0018425506567258019,0.001590122334986995
16.096,0.0018424459428005699,0.0015894275199483015
16.098,0.001842348777945329,0.001588733181177835
16.1,0.001842259109898332,0.0015880393183491325
16.102,0.001842176885359766,0.0015873459311359546
16.104,0.001842102049967632,0.0015866530192122858
16.106,0.001842034548272746,0.001585960582252334
16.108,0.001841974323711751,0.0015852686199305302
16.11,0.00184192131857775,0.0015845771319215288
16.112,0.0018418754739890299,0.0015838861179002072
16.114,0.0018418367298568541,0.0015831955775416654
16.116,0.001841805024853677,0.0015825055105212265
16.118,0.0018417802963826661,0.0015818159165144358
16.12,0.001841762480549057,0.0015811267951970614
16.122,0.0018417515121333422,0.001580438146245093
16.124,0.001841747324565631,0.0015797499693347432
16.126,0.001841749849900399,0.001579062264142446
16.128,0.001841759018791167,0.0015783750303448572
16.13,0.001841774760464661,0.0015776882676188544
16.132,0.0018417970026949459,0.001577001975641537
16.134,0.0018418256717782138,0.0015763161540902249
16.136,0.001841860692508933,0.0015756308026424598
16.138,0.001841901988158311,0.0015749459209760046
16.14,0.0018419494804550471,0.0015742615087688426
16.142,0.0018420030895682283,0.0015735775656991779
16.144,0.001842062734091539,0.0015728940914454355
16.146,0.0018421283310278052,0.0015722110856862606
16.148,0.001842199795773097,0.0015715285481005187
16.15,0.0018422770421002979,0.0015708464783672955
16.152,0.001842359982142473,0.0015701648761658963
16.154,0.001842448526377377,0.0015694837411758468
16.156,0.0018425425836146527,0.001568803073076892
16.158,0.001842642060987363,0.0015681228715489967
16.16,0.00184274686394886,0.0015674431362723447
16.162,0.001842856896275395,0.0015667638669273393
16.164,0.001842972060073563,0.0015660850631946026
16.166,0.0018430922557909459,0.001565406724754976
16.168,0.001843217382227682,0.0015647288512895194
16.17,0.0018433473365466542,0.0015640514424795115
16.172,0.001843482014280506,0.0015633744980064492
16.174,0.0018436213093345041,0.001562698017552048
16.176,0.0018437651139853422,0.0015620220007982416
16.178,0.0018439133188774678,0.0015613464474271814
16.18,0.0018440658130187849,0.0015606713571212367
16.182,0.0018442224837785222,0.001559996729562995
16.184,0.001844383216889671,0.0015593225644352608
16.186,0.001844547896457748,0.0015586488614210564
16.188,0.001844716404976964,0.0015579756202036214
16.19,0.001844888623353308,0.0015573028404664122
16.192,0.0018450644309332452,0.0015566305218931023
16.194,0.0018452437055354741,0.0015559586641675821
16.196,0.0018454263234832322,0.0015552872669739588
16.198,0.001845612159634111,0.0015546163299965559
16.2,0.001845801087405495,0.0015539458529199135
16.202,0.0018459929787945479,0.0015532758354287876
16.204,0.001846187704393216,0.0015526062772081507
16.206,0.0018463851334000027,0.0015519371779431912
16.208,0.001846585133631363,0.0015512685373193127
16.21,0.0018467875715362592,0.0015506003550221352
16.212,0.0018469923122171172,0.0015499326307374939
16.214,0.0018471992194596218,0.001549265364151439
16.216,0.0018474081557723892,0.0015485985549502366
16.218,0.0018476189824356561,0.0015479322028203672
16.22,0.0018478315595567168,0.0015472663074485265
16.222,0.001848045746128236,0.0015466008685216253
16.224,0.001848261400085456,0.0015459358857267882
16.226,0.001848478378358293,0.0015452713587513548
16.228,0.00184869653691593,0.001544607287282879
16.23,0.0018489157308027057,0.001543943671009129
16.232,0.0018491358141665948,0.0015432805096180866
16.234,0.001849356640282837,0.0015426178027979477
16.236,0.0018495780615764951,0.001541955550237122
16.238,0.0018497999296480652,0.0015412937516242325
16.24,0.001850022095305539,0.0015406324066481161
16.242,0.001850244408605083,0.0015399715149978226
16.244,0.00185046671890057,0.001539311076362615
16.246,0.0018506888749008372,0.0015386510904319697
16.248,0.001850910724731752,0.0015379915568955753
16.25,0.0018511321159999233,0.0015373324754433336
16.252,0.001851352895854477,0.0015366738457653587
16.254,0.001851572911044395,0.0015360156675519772
16.256,0.001851792007970188,0.001535357940493728
16.258,0.001852010032729618,0.0015347006642813623
16.26,0.001852226831159069,0.0015340438386058429
16.262,0.0018524422488725477,0.0015333874631583446
16.264,0.0018526561313007158,0.0015327315376302538
16.266,0.0018528683237321562,0.0015320760617131687
16.268,0.001853078671358283,0.0015314210350988989
16.27,0.0018532870193223709,0.0015307664574794647
16.272,0.001853493212772353,0.001530112328547098
16.274,0.001853697096916208,0.0015294586479942418
16.276,0.001853898517078324,0.0015288054155135496
16.278,0.0018540973187554971,0.0015281526307978856
16.28,0.0018542933476710442,0.0015275002935403244
16.282,0.0018544864498265259,0.0015268484034341515
16.284,0.0018546764715508023,0.001526196960172862
16.286,0.0018548632595468853,0.0015255459634501618
16.288,0.0018550466609371572,0.001524895412959966
16.29,0.001855226523308052,0.0015242453083964
16.292,0.001855402694754777,0.0015235956494537987
16.294,0.001855575023926788,0.0015229464358267066
16.296,0.001855743360073995,0.0015222976672098776
16.298,0.001855907553093617,0.0015216493432982745
16.3,0.0018560674535769701,0.0015210014637870696
16.302,0.001856222912855541,0.0015203540283716442
16.304,0.0018563737830455023,0.001519707036747588
16.306,0.001856519917090114,0.0015190604886106997
16.308,0.001856661168800093,0.0015184143836569862
16.31,0.0018567973928919007,0.001517768721582663
16.312,0.001856928445025133,0.001517123502084154
16.314,0.001857054181839931,0.0015164787248580908
16.316,0.001857174460995439,0.0015158343896013132
16.318,0.0018572891412102898,0.0015151904960108687
16.32,0.001857398082305187,0.0015145470437840124
16.322,0.001857501145247179,0.0015139040326182073
16.324,0.0018575981921941753,0.0015132614622111232
16.326,0.001857689086538202,0.0015126193322606376
16.328,0.0018577736929452121,0.0015119776424648349
16.33,0.0018578518773903433,0.0015113363925220065
16.332,0.0018579235071875951,0.0015106955821306504
16.334,0.0018579884510148198,0.0015100552109894717
16.336,0.00185804657893512,0.0015094152787973817
16.338,0.0018580977624172998,0.001508775785253498
16.34,0.0018581418743577093,0.0015081367300571447
16.342,0.0018581787891055368,0.001507498112907852
16.344,0.001858208382492596,0.0015068599335053558
16.346,0.001858230531867247,0.0015062221915495982
16.348,0.001858245116130579,0.0015055848867407268
16.35,0.001858252015772355,0.0015049480187790943
16.352,0.0018582511129034188,0.0015043115873652594
16.354,0.001858242291282518,0.001503675592199986
16.356,0.0018582254363358908,0.001503040032984243
16.358,0.001858200435170365,0.001502404909419204
16.36,0.0018581671765818069,0.0015017702212062477
16.362,0.00185812555106194,0.0015011359680469577
16.364,0.001858075450806967,0.0015005021496431216
16.366,0.0018580167697305602,0.001499868765696732
16.368,0.001857949403482672,0.0014992358159099854
16.37,0.0018578732494736417,0.0014986032999852825
16.372,0.0018577882069013211,0.001497971217625228
16.374,0.001857694176778306,0.0014973395685326306
16.376,0.001857591061955318,0.0014967083524105025
16.378,0.001857478767138313,0.0014960775689620597
16.38,0.0018573571988976857,0.0014954472178907213
16.382,0.001857226265670025,0.00149481729890011
16.384,0.001857085877754728,0.0014941878116940517
16.386,0.0018569359473085342,0.001493558755976575
16.388,0.001856776388341651,0.0014929301314519116
16.39,0.00185660711671846,0.001492301937824496
16.392,0.001856428050164558,0.0014916741747989647
16.394,0.0018562391082799267,0.0014910468420801576
16.396,0.0018560402125569172,0.0014904199393731164
16.398,0.0018558312864000552,0.001489793466383085
16.4,0.0018556122551447339,0.0014891674228155094
16.402,0.001855383046071651,0.0014885418083760375
16.404,0.001855143588415323,0.0014879166227705187
16.406,0.001854893813365702,0.0014872918657050046
16.408,0.0018546336540637698,0.001486667536885748
16.41,0.001854363045592574,0.0014860436360192028
16.412,0.0018540819249661619,0.0014854201628120244
16.414,0.001853790231118702,0.0014847971169710693
16.416,0.0018534879048958542,0.0014841744982033948
16.418,0.001853174889049841,0.0014835523062162591
16.42,0.0018528511282387612,0.001482930540717121
16.422,0.0018525165690301219,0.00148230920141364
16.424,0.0018521711599076781,0.0014816882880136755
16.426,0.001851814851280471,0.0014810678002252877
16.428,0.001851447595492787,0.0014804477377567367
16.43,0.001851069346833283,0.0014798281003164826
16.432,0.0018506800615425828,0.0014792088876131853
16.434,0.0018502796978177873,0.0014785900993557043
16.436,0.001849868215814072,0.0014779717352530989
16.438,0.001849445577642835,0.0014773537950146275
16.44,0.001849011747367248,0.0014767362783497484
16.442,0.001848566690995999,0.0014761191849681182
16.444,0.0018481103764763792,0.0014755025145795934
16.446,0.001847642773688112,0.0014748862668942286
16.448,0.001847163854438876,0.0014742704416222778
16.45,0.00184667359246223,0.0014736550384741932
16.452,0.001846171963417965,0.0014730400571606253
16.454,0.001845658944894686,0.0014724254973924236
16.456,0.001845134516413341,0.0014718113588806352
16.458,0.001844598659430831,0.0014711976413365059
16.46,0.0018440513573424301,0.0014705843444714785
16.462,0.0018434925954822251,0.0014699714679971944
16.464,0.0018429223611213397,0.0014693590116254924
16.466,0.0018423406434643027,0.0014687469750684086
16.468,0.001841747433644517,0.0014681353580381768
16.47,0.001841142724720165,0.0014675241602472278
16.472,0.001840526511672024,0.0014669133814081898
16.474,0.0018398987914044038,0.0014663030212338879
16.476,0.0018392595627498888,0.0014656930794373438
16.478,0.001838608826477843,0.0014650835557317762
16.48,0.0018379465853057618,0.0014644744498306004
16.482,0.001837272843912058,0.0014638657614474279
16.484,0.001836587608948205,0.0014632574902960665
16.486,0.0018358908890481682,0.0014626496360905204
16.488,0.0018351826948334008,0.0014620421985449897
16.49,0.00183446303891243,0.0014614351773738704
16.492,0.001833731935874573,0.0014608285722917545
16.494,0.0018329894022789932,0.0014602223830134293
16.496,0.001832235456640544,0.0014596166092538778
16.498,0.001831470119415101,0.0014590112507282783
16.5,0.001830693412986719,0.0014584063071520043
16.502,0.001829905361659424,0.0014578017782406246
16.504,0.001829105991655119,0.0014571976637099025
16.506,0.0018282953311186461,0.0014565939632757968
16.508,0.001827473410129496,0.0014559906766544604
16.51,0.0018266402607187951,0.001455387803562241
16.512,0.0018257959168890832,0.001454785343715681
16.514,0.001824940414634057,0.0014541832968315168
16.516,0.0018240737919553982,0.0014535816626266788
16.518,0.0018231960888742847,0.0014529804408182918
16.52,0.001822307347436237,0.0014523796311236743
16.522,0.0018214076117090091,0.0014517792332603386
16.524,0.0018204969277747533,0.0014511792469459907
16.526,0.0018195753437184312,0.00145057967189853
16.528,0.0018186429096155722,0.0014499805078360495
16.53,0.0018176996775220368,0.001449381754476835
16.532,0.0018167457014686911,0.0014487834115393657
16.534,0.001815781037462162,0.0014481854787423136
16.536,0.001814805743492221,0.001447587955804544
16.538,0.001813819879544621,0.0014469908424451143
16.54,0.0018128235076170839,0.0014463941383832748
16.542,0.0018118166917358062,0.0014457978433384683
16.544,0.001810799497969287,0.0014452019570303297
16.546,0.0018097719944375368,0.0014446064791786863
16.548,0.0018087342513151041,0.0014440114095035572
16.55,0.00180768634082823,0.0014434167477251536
16.552,0.001806628337247377,0.0014428224935638784
16.554,0.0018055603168774912,0.0014422286467403263
16.556,0.00180448235804827,0.0014416352069752832
16.558,0.0018033945411068959,0.0014410421739897267
16.56,0.001802296948414515,0.0014404495475048257
16.562,0.0018011896643465222,0.0014398573272419398
16.564,0.001800072775295735,0.00143926551292262
16.566,0.0017989463696765791,0.001438674104268608
16.568,0.001797810537927993,0.0014380831010018366
16.57,0.001796665372513121,0.0014374925028444285
16.572,0.001795510967914651,0.0014369023095186972
16.574,0.0017943474206258223,0.001436312520747147
16.576,0.001793174829138178,0.0014357231362524716
16.578,0.001791993293928128,0.0014351341557575553
16.58,0.001790802917444623,0.0014345455789854724
16.582,0.001789603804100001,0.0014339574056594867
16.584,0.001788396060265212,0.001433369635503052
16.586,0.0017871797942693732,0.0014327822682398115
16.588,0.001785955116402413,0.0014321953035935978
16.59,0.0017847221389186492,0.0014316087412884328
16.592,0.0017834809760385439,0.0014310225810485278
16.594,0.001782231743946063,0.0014304368225982827
16.596,0.0017809745607799592,0.0014298514656622867
16.598,0.0017797095466182738,0.0014292665099653178
16.6,0.0017784368234566297,0.0014286819552323424
16.602,0.0017771565151823167,0.0014280978011885156
16.604,0.0017758687475464068,0.0014275140475591807
16.606,0.001774573648136755,0.0014269306940698696
16.608,0.0017732713463540109,0.0014263477404463018
16.61,0.0017719619733921879,0.0014257651864143855
16.612,0.001770645662223877,0.0014251830317002162
16.614,0.001769322547589362,0.0014246012760300777
16.616,0.00176799276598779,0.0014240199191304407
16.618,0.001766656455668249,0.001423438960727964
16.62,0.0017653137566182061,0.0014228584005494935
16.622,0.001763964810547667,0.0014222782383220625
16.624,0.0017626097608678627,0.0014216984737728912
16.626,0.001761248752664433,0.001421119106629387
16.628,0.001759881932665927,0.0014205401366191438
16.63,0.001758509449209327,0.0014199615634699428
16.632,0.001757131452204727,0.0014193833869097512
16.634,0.001755748093101139,0.001418805606666723
16.636,0.0017543595248551511,0.0014182282224691983
16.638,0.0017529659019034144,0.0014176512340457038
16.64,0.001751567380138702,0.001417074641124952
16.642,0.0017501641168888602,0.0014164984434358412
16.644,0.001748756270896783,0.001415922640707456
16.646,0.00174734400229938,0.0014153472326690665
16.648,0.0017459274726035188,0.0014147722190501282
16.65,0.0017445068446574142,0.001414197599580282
16.652,0.0017430822826164367,0.0014136233739893544
16.654,0.001741653951903649,0.0014130495420073572
16.656,0.0017402220191655052,0.0014124761033644869
16.658,0.0017387866522245961,0.001411903057791125
16.66,0.001737348020030715,0.0014113304050178378
16.662,0.001735906292612085,0.0014107581447753766
16.664,0.00173446164102781,0.0014101862767946771
16.666,0.001733014237322283,0.0014096148008068592
16.668,0.001731564254481616,0.0014090437165432273
16.67,0.001730111866391648,0.00140847302373527
16.672,0.0017286572477969938,0.0014079027221146599
16.674,0.001727200574260419,0.0014073328114132537
16.676,0.0017257420221218809,0.0014067632913630915
16.678,0.001724281768456981,0.0014061941616963975
16.68,0.001722819991034618,0.0014056254221455793
16.682,0.0017213568682736269,0.0014050570724432278
16.684,0.0017198925791985392,0.0014044891123221172
16.686,0.001718427303394082,0.001403921541515205
16.688,0.001716961220958488,0.001403354359755632
16.69,0.001715494512455001,0.0014027875667767214
16.692,0.0017140273588617538,0.0014022211623119795
16.694,0.001712559941519572,0.0014016551460950951
16.696,0.001711092442078133,0.0014010895178599397
16.698,0.0017096250424406237,0.0014005242773405672
16.7,0.001708157924707493,0.0013999594242712137
16.702,0.0017066912711198958,0.0013993949583862978
16.704,0.0017052252640031439,0.0013988308794204195
16.706,0.0017037600857104178,0.0013982671871083613
16.708,0.0017022959185669022,0.0013977038811850873
16.71,0.0017008329448138793,0.0013971409613857432
16.712,0.0016993713465527182,0.0013965784274456564
16.714,0.0016979113056883148,0.0013960162791003356
16.716,0.001696453003872162,0.001395454516085471
16.718,0.001694996622445127,0.0013948931381369334
16.72,0.0016935423423805828,0.0013943321449907755
16.722,0.0016920903442283657,0.0013937715363832304
16.724,0.001690640808060318,0.001393211312050712
16.726,0.0016891939134174578,0.0013926514717298149
16.728,0.0016877498392585963,0.0013920920151573144
16.73,0.00168630876390965,0.001391532942070166
16.732,0.00168487086501232,0.001390974252205506
16.734,0.0016834363194708742,0.0013904159453006501
16.736,0.0016820053033955711,0.001389858021093095
16.738,0.0016805779920422708,0.0013893004793205167
16.74,0.0016791545597480612,0.001388743319720771
16.742,0.001677735179864174,0.0013881865420318933
16.744,0.001676320024687816,0.0013876301459920992
16.746,0.0016749092653952488,0.0013870741313397833
16.748,0.001673503071978352,0.0013865184978135196
16.75,0.0016721016131863798,0.001385963245152061
16.752,0.001670705056473871,0.00138540837309434
16.754,0.0016693135679542721,0.0013848538813794676
16.756,0.001667927312358072,0.0013842997697467339
16.758,0.001666546452993346,0.0013837460379356077
16.76,0.0016651711517062522,0.0013831926856857364
16.762,0.0016638015688393484,0.0013826397127369456
16.764,0.0016624378631860729,0.0013820871188292394
16.766,0.0016610801919409602,0.0013815349037028001
16.768,0.0016597287106456852,0.0013809830670979883
16.77,0.001658383573132233,0.0013804316087553422
16.772,0.0016570449314646462,0.0013798805284155782
16.774,0.001655712935881222,0.0013793298258195901
16.776,0.0016543877347382618,0.0013787795007084496
16.778,0.001653069474456541,0.0013782295528234059
16.78,0.001651758299470576,0.0013776799819058853
16.782,0.0016504543521804972,0.0013771307876974915
16.784,0.0016491577729060413,0.0013765819699400053
16.786,0.001647868699841733,0.0013760335283753843
16.788,0.001646587269012905,0.0013754854627457632
16.79,0.0016453136142321302,0.0013749377727934537
16.792,0.001644047867056008,0.0013743904582609438
16.794,0.0016427901567427799,0.001373843518890898
16.796,0.001641540610211031,0.001373296954426157
16.798,0.001640299352000372,0.0013727507646097384
16.8,0.0016390665042342791,0.0013722049491848357
16.802,0.0016378421865855908,0.001371659507894818
16.804,0.0016366265162446889,0.0013711144404832307
16.806,0.0016354196078900958,0.001370569746693795
16.808,0.001634221573660978,0.0013700254262704076
16.81,0.001633032523130947,0.001369481478957141
16.812,0.0016318525632822798,0.0013689379044982428
16.814,0.001630681798480095,0.0013683947026381362
16.816,0.001629520330445765,0.0013678518731214196
16.818,0.001628368258229491,0.001367309415692866
16.82,0.0016272256781823201,0.0013667673300974239
16.822,0.0016260926839280362,0.0013662256160802163
16.824,0.001624969366335877,0.001365684273386541
16.826,0.001623855813495109,0.0013651433017618706
16.828,0.001622752110692175,0.0013646027009518518
16.83,0.0016216583403911341,0.001364062470702306
16.832,0.001620574582217342,0.0013635226107592284
16.834,0.0016195009129440121,0.0013629831208687886
16.836,0.001618437406480465,0.0013624440007773304
16.838,0.0016173841338611122,0.001361905250231371
16.84,0.001616341163233703,0.0013613668689776016
16.842,0.001615308559846086,0.001360828856762887
16.844,0.0016142863860311091,0.0013602912133342659
16.846,0.00161327470119008,0.0013597539384389494
16.848,0.001612273561775864,0.001359217031824323
16.85,0.001611283021277239,0.0013586804932379443
16.852,0.0016103031302059788,0.001358144322427545
16.854,0.0016093339360883701,0.0013576085191410292
16.856,0.001608375483461642,0.0013570730831264735
16.858,0.00160742781387569,0.0013565380141321278
16.86,0.0016064909658992789,0.001356003311906414
16.862,0.001605564975129245,0.0013554689761979268
16.864,0.001604649874201437,0.0013549350067554333
16.866,0.001603745692801428,0.0013544014033278725
16.868,0.0016028524576741341,0.0013538681656643555
16.87,0.0016019701926313682,0.0013533352935141659
16.872,0.0016010989185577548,0.0013528027866267585
16.874,0.001600238653415193,0.00135227064475176
16.876,0.001599389412247177,0.0013517388676389692
16.878,0.0015985512071838368,0.0013512074550383558
16.88,0.001597724047448772,0.001350676406700061
16.882,0.0015969079393683401,0.0013501457223743978
16.884,0.0015961028863834658,0.0013496154018118494
16.886,0.00159530888906404,0.0013490854447630709
16.888,0.0015945259451251622,0.001348555850978888
16.89,0.001593754049444629,0.0013480266202102972
16.892,0.0015929931940810243,0.0013474977522084655
16.894,0.0015922433682916703,0.0013469692467247307
16.896,0.0015915045585501392,0.001346441103510601
16.898,0.001590776748563197,0.001345913322317755
16.9,0.0015900599192872809,0.0013453859028980412
16.902,0.0015893540489450959,0.0013448588450034786
16.904,0.0015886591130427306,0.0013443321483862561
16.906,0.001587975084388142,0.0013438058127987322
16.908,0.001587301933111677,0.0013432798379934355
16.91,0.0015866396266893401,0.0013427542237230638
16.912,0.001585988129969019,0.0013422289697404847
16.914,0.001585347405200182,0.0013417040757987355
16.916,0.001584717412066358,0.0013411795416510223
16.918,0.001584098107720248,0.0013406553670507204
16.92,0.0015834894468201833,0.0013401315517513742
16.922,0.001582891381566878,0.0013396080955066973
16.924,0.001582303861739214,0.0013390849980705719
16.926,0.0015817268347278458,0.0013385622591970488
16.928,0.0015811602455657477,0.0013380398786403476
16.93,0.0015806040369555538,0.0013375178561548563
16.932,0.0015800581492938087,0.0013369961914951312
16.934,0.0015795225206931011,0.001336474884415897
16.936,0.0015789970870034582,0.001335953934672046
16.938,0.001578481781834566,0.0013354333420186396
16.94,0.00157797653658021,0.001334913106210906
16.942,0.001577481280446394,0.0013343932270042417
16.944,0.0015769959404833798,0.0013338737041542108
16.946,0.0015765204416218368,0.001333354537416545
16.948,0.001576054706712363,0.001332835726547143
16.95,0.0015755986565672842,0.0013323172713020717
16.952,0.0015751522100035283,0.0013317991714375643
16.954,0.001574715283885549,0.0013312814267100216
16.956,0.0015742877931674889,0.0013307640368760113
16.958,0.001573869650934325,0.0013302470016922678
16.96,0.0015734607684420269,0.0013297303209156926
16.962,0.001573061055156994,0.0013292139943033533
16.964,0.0015726704187951181,0.0013286980216124845
16.966,0.001572288765360389,0.001328182402600487
16.968,0.0015719159991829442,0.0013276671370249281
16.97,0.0015715520229558758,0.0013271522246435408
16.972,0.001571196737770196,0.0013266376652142247
16.974,0.0015708500431474012,0.001326123458495045
16.976,0.0015705118370695332,0.0013256096042442327
16.978,0.001570182016006887,0.001325096102220185
16.98,0.0015698604749447083,0.0013245829521814642
16.982,0.001569547107409897,0.0013240701538867984
16.984,0.001569241805499624,0.0013235577070950808
16.986,0.0015689444599130851,0.00132304561156537
16.988,0.0015686549599873288,0.0013225338670568901
16.99,0.001568373193737323,0.0013220224733290296
16.992,0.001568099047899486,0.0013215114301413423
16.994,0.0015678324079776602,0.001321000737253547
16.996,0.001567573158289674,0.0013204903944255266
16.998,0.0015673211820130158,0.0013199804014173294
17.0,0.001567076361228552,0.0013194707579891674
17.002,0.001566838576961572,0.0013189614639014175
17.004,0.0015666077092204018,0.0013184525189146206
17.006,0.001566383637032922,0.001317943922789482
17.008,0.0015661662384821202,0.0013174356752868705
17.01,0.001565955390741038,0.0013169277761678195
17.012,0.001565750970107714,0.0013164202251935257
17.014,0.0015655528520399779,0.0013159130221253494
17.016,0.001565360911189518,0.001315406166724815
17.018,0.001565175021434755,0.00131489965875361
17.02,0.0015649950559117089,0.0013143934979735854
17.022,0.001564820887042892,0.0013138876841467552
17.024,0.00156465238656456,0.001313382217035297
17.026,0.0015644894255531822,0.0013128770964015509
17.028,0.0015643318744525112,0.00131237232200802
17.03,0.0015641796031027,0.0013118678936173708
17.032,0.0015640324807723838,0.0013113638109924317
17.034,0.001563890376194423,0.001310860073896194
17.036,0.001563753157604903,0.0013103566820918111
17.038,0.001563620692784678,0.0013098536353425996
17.04,0.001563492849101831,0.0013093509334120377
17.042,0.001563369493553892,0.0013088485760637657
17.044,0.001563250492808232,0.0013083465630615865
17.046,0.001563135713240156,0.001307844894169464
17.048,0.001563025020968486,0.0013073435691515246
17.05,0.001562918281888892,0.001306842587772056
17.052,0.0015628153617059351,0.0013063419497955076
17.054,0.001562716125964059,0.0013058416549864905
17.056,0.0015626204400782779,0.0013053417031097768
17.058,0.001562528169364074,0.0013048420939303
17.06,0.001562439179066283,0.0013043428272131547
17.062,0.001562353334385925,0.0013038439027235965
17.064,0.0015622705005043998,0.0013033453202270417
17.066,0.001562190542604895,0.001302847079489068
17.068,0.0015621133258912371,0.0013023491802754133
17.07,0.001562038715605566,0.001301851622351976
17.072,0.001561966577046592,0.0013013544054848154
17.074,0.0015618967755907302,0.0013008575294401509
17.076,0.001561829176717975,0.001300360993984362
17.078,0.0015617636460440818,0.0012998647988839884
17.08,0.0015617000493594428,0.0012993689439057302
17.082,0.001561638252673655,0.001298873428816447
17.084,0.00156157812226412,0.0012983782533831584
17.086,0.0015615195247254974,0.0012978834173730436
17.088,0.0015614623270170972,0.0012973889205534414
17.09,0.0015614063965052024,0.0012968947626918503
17.092,0.001561351600998395,0.001296400943555928
17.094,0.001561297808775038,0.0012959074629134912
17.096,0.0015612448886037778,0.001295414320532516
17.098,0.001561192709758965,0.0012949215161811379
17.1,0.0015611411420337468,0.0012944290496276507
17.102,0.0015610900557538748,0.0012939369206405073
17.104,0.001561039321794549,0.0012934451289883194
17.106,0.001560988811601718,0.0012929536744398574
17.108,0.001560938397217727,0.0012924625567640497
17.11,0.0015608879513099908,0.0012919717757299836
17.112,0.0015608373472005132,0.0012914813311069044
17.114,0.001560786458893902,0.0012909912226642159
17.116,0.0015607351611018451,0.0012905014501714796
17.118,0.0015606833292634412,0.001290012013398415
17.12,0.001560630839562063,0.0012895229121148999
17.122,0.001560577568940616,0.001289034146090969
17.124,0.0015605233951181282,0.0012885457150968154
17.126,0.0015604681966104208,0.0012880576189027893
17.128,0.0015604118527570289,0.0012875698572793984
17.13,0.001560354243755095,0.001287082429997308
17.132,0.0015602952506993829,0.0012865953368273403
17.134,0.001560234755625942,0.0012861085775404746
17.136,0.0015601726415562988,0.0012856221519078473
17.138,0.001560108792538728,0.0012851360597007516
17.14,0.0015600430936838503,0.0012846503006906373
17.142,0.001559975431193265,0.0012841648746491113
17.144,0.001559905692381389,0.0012836797813479367
17.146,0.001559833765691947,0.001283195020559033
17.148,0.0015597595407115161,0.0012827105920544765
17.15,0.0015596829081827041,0.0012822264956064992
17.152,0.0015596037600187338,0.0012817427309874895
17.154,0.0015595219893206223,0.0012812592979699919
17.156,0.0015594374903968328,0.0012807761963267064
17.158,0.0015593501587842173,0.0012802934258304892
17.16,0.001559259891269238,0.0012798109862543522
17.162,0.0015591665859080788,0.0012793288773714627
17.164,0.001559070142045137,0.0012788470989551436
17.166,0.001558970460330112,0.0012783656507788731
17.168,0.0015588674427347712,0.0012778845326162846
17.17,0.001558760992570555,0.0012774037442411668
17.172,0.001558651014508397,0.0012769232854274637
17.174,0.001558537414601571,0.0012764431559492736
17.176,0.001558420100311258,0.0012759633555808503
17.178,0.001558298980534079,0.0012754838840966021
17.18,0.0015581739656302471,0.0012750047412710918
17.182,0.0015580449674503383,0.0012745259268790367
17.184,0.0015579118993597658,0.001274047440695309
17.186,0.001557774676259914,0.0012735692824949346
17.188,0.001557633214606259,0.0012730914520530938
17.19,0.0015574874324242507,0.0012726139491451214
17.192,0.001557337249324164,0.0012721367735465056
17.194,0.001557182586516308,0.001271659925032889
17.196,0.001557023366827327,0.0012711834033800676
17.198,0.0015568595147178441,0.0012707072083639915
17.2,0.0015566909563011298,0.001270231339760764
17.202,0.001556517619361544,0.0012697557973466419
17.204,0.0015563394333717763,0.0012692805808980354
17.206,0.001556156329507829,0.0012688056901915083
17.208,0.0015559682406611638,0.0012683311250037772
17.21,0.0015557751014480892,0.0012678568851117117
17.212,0.0015555768482171048,0.0012673829702923346
17.214,0.0015553734190552459,0.0012669093803228215
17.216,0.0015551647537943739,0.0012664361149805005
17.218,0.0015549507940183743,0.0012659631740428526
17.22,0.0015547314830716627,0.0012654905572875113
17.222,0.001554506766068868,0.0012650182644922622
17.224,0.001554276589905289,0.0012645462954350437
17.226,0.0015540409032677028,0.0012640746498939462
17.228,0.001553799656644766,0.001263603327647212
17.23,0.0015535528023369678,0.0012631323284732357
17.232,0.0015533002944659812,0.0012626616521505638
17.234,0.001553042088983689,0.0012621912984578944
17.236,0.0015527781436809,0.0012617212671740775
17.238,0.0015525084181959629,0.0012612515580781144
17.24,0.00155223287402284,0.0012607821709491583
17.242,0.0015519514745181851,0.0012603131055665133
17.244,0.001551664184906799,0.001259844361709635
17.246,0.0015513709722846842,0.0012593759391581307
17.248,0.001551071805619632,0.0012589078376917576
17.25,0.0015507666557492217,0.001258440057090425
17.252,0.0015504554953769782,0.0012579725971341926
17.254,0.001550138299067823,0.0012575054576032705
17.256,0.0015498150432436862,0.00125703863827802
17.258,0.0015494857061806842,0.001256572138938953
17.26,0.001549150268008101,0.0012561059593667317
17.262,0.001548808710709526,0.001255640099342168
17.264,0.001548461018125331,0.0012551745586462252
17.266,0.001548107175955508,0.0012547093370600159
17.268,0.0015477471717615082,0.0012542444343648029
17.27,0.00154738099496561,0.0012537798503419993
17.272,0.0015470086368470132,0.0012533155847731675
17.274,0.001546630090534008,0.00125285163744002
17.276,0.001546245350992528,0.0012523880081244188
17.278,0.0015458544150118094,0.0012519246966083755
17.28,0.0015454572811885,0.0012514617026740513
17.282,0.0015450539499107041,0.0012509990261037561
17.284,0.0015446444233433592,0.0012505366666799498
17.286,0.0015442287054161972,0.0012500746241852407
17.288,0.001543806801814671,0.0012496128984023865
17.29,0.0015433787199737722,0.0012491514891142938
17.292,0.0015429444690740102,0.0012486903961040179
17.294,0.0015425040600379621,0.0012482296191547628
17.296,0.001542057505525959,0.0012477691580498815
17.298,0.001541604819929188,0.0012473090125728749
17.3,0.0015411460193588491,0.0012468491825073926
17.302,0.0015406811216309218,0.0012463896676372327
17.304,0.0015402101462463481,0.001245930467746341
17.306,0.0015397331143675633,0.0012454715826188117
17.308,0.00153925004879263,0.0012450130120388871
17.31,0.001538760973928585,0.0012445547557909573
17.312,0.001538265915765395,0.00124409681365956
17.314,0.001537764901851729,0.0012436391854293806
17.316,0.001537257961273055,0.0012431818708852525
17.318,0.0015367451246320889,0.0012427248698121563
17.32,0.001536226424031081,0.0012422681819952198
17.322,0.0015357018930550032,0.0012418118072197186
17.324,0.0015351715667547357,0.0012413557452710749
17.326,0.001534635481629622,0.0012408999959348584
17.328,0.001534093675608487,0.0012404445589967855
17.33,0.001533546188029286,0.0012399894342427198
17.332,0.0015329930596171262,0.0012395346214586715
17.334,0.0015324343324609468,0.0012390801204307973
17.336,0.0015318700499892287,0.001238625930945401
17.338,0.001531300256944633,0.0012381720527889324
17.34,0.0015307249993579649,0.0012377184857479877
17.342,0.001530144324521295,0.0012372652296093096
17.344,0.0015295582809600962,0.001236812284159787
17.346,0.001528966918404524,0.0012363596491864546
17.348,0.001528370287759716,0.0012359073244764933
17.35,0.001527768441075292,0.00123545530981723
17.352,0.00152716143151422,0.0012350036049961369
17.354,0.001526549313321497,0.0012345522098008324
17.356,0.00152593214179299,0.0012341011240190802
17.358,0.0015253099732446909,0.0012336503474387897
17.36,0.0015246828649827932,0.0012331998798480153
17.362,0.001524050875274741,0.0012327497210349572
17.364,0.001523414063321125,0.0012322998707879603
17.366,0.0015227724892283572,0.0012318503288955146
17.368,0.001522126213981829,0.0012314010951462555
17.37,0.0015214752994190642,0.001230952169328963
17.372,0.0015208198082024822,0.0012305035512325617
17.374,0.0015201598037912877,0.0012300552406461216
17.376,0.001519495350412247,0.0012296072373588563
17.378,0.00151882651302878,0.0012291595411601246
17.38,0.001518153357308527,0.0012287121518394293
17.382,0.0015174759495889339,0.0012282650691864177
17.384,0.0015167943568411232,0.0012278182929908814
17.386,0.001516108646632054,0.0012273718230427558
17.388,0.001515418887085153,0.0012269256591321204
17.39,0.001514725146839973,0.0012264798010491985
17.392,0.0015140274950114598,0.0012260342485843575
17.394,0.001513326001149672,0.0012255890015281082
17.396,0.0015126207352009788,0.001225144059671105
17.398,0.0015119117674717948,0.001224699422804146
17.4,0.0015111991685955173,0.0012242550907181726
17.402,0.0015104830095032597,0.0012238110632042695
17.404,0.001509763361398102,0.0012233673400536644
17.406,0.0015090402957320097,0.0012229239210577287
17.408,0.0015083138841841181,0.001222480806007976
17.41,0.001507584198638382,0.0012220379946960634
17.412,0.0015068513111588747,0.0012215954869137906
17.414,0.001506115293961179,0.0012211532824531
17.416,0.001505376219379133,0.0012207113811060766
17.418,0.0015046341598271206,0.001220269782664948
17.42,0.0015038891877590219,0.0012198284869220843
17.422,0.0015031413756257878,0.0012193874936699978
17.424,0.001502390795833816,0.001218946802701343
17.426,0.0015016375207062321,0.0012185064138089164
17.428,0.0015008816224484662,0.001218066326785657
17.43,0.001500123173118588,0.0012176265414246452
17.432,0.001499362244601769,0.0012171870575191036
17.434,0.0014985989085874382,0.0012167478748623963
17.436,0.001497833236547003,0.0012163089932480291
17.438,0.001497065299710357,0.0012158704124696496
17.44,0.0014962951690395392,0.0012154321323210465
17.442,0.0014955229151991899,0.00121499415259615
17.444,0.001494748608524228,0.0012145564730890314
17.446,0.0014939723189860222,0.0012141190935939033
17.448,0.001493194116159014,0.0012136820139051195
17.45,0.0014924140691895008,0.0012132452338171746
17.452,0.001491632246767907,0.001212808753124704
17.454,0.0014908487171049409,0.001212372571622484
17.456,0.001490063547911075,0.0012119366891054314
17.458,0.00148927680637792,0.0012115011053686038
17.46,0.001488488559159795,0.0012110658202071991
17.462,0.00148769887235378,0.0012106308334165557
17.464,0.0014869078114772573,0.0012101961447921522
17.466,0.0014861154414429602,0.0012097617541296075
17.468,0.001485321826532561,0.0012093276612246805
17.47,0.0014845270303707342,0.0012088938658732702
17.472,0.001483731115901841,0.0012084603678714154
17.474,0.0014829341453713141,0.0012080271670152946
17.476,0.0014821361803125789,0.0012075942631012263
17.478,0.0014813372815394561,0.0012071616559256686
17.48,0.001480537509142043,0.0012067293452852187
17.482,0.0014797369224835981,0.0012062973309766136
17.484,0.001478935580194825,0.0012058656127967296
17.486,0.001478133540162709,0.0012054341905425822
17.488,0.001477330859512006,0.0012050030640113258
17.49,0.00147652759457894,0.0012045722330002544
17.492,0.0014757238008790657,0.0012041416973068003
17.494,0.0014749195330722579,0.001203711456728535
17.496,0.001474114844929323,0.001203281511063169
17.498,0.001473309789304376,0.001202851860108551
17.5,0.001472504418116629,0.0012024225036626683
17.502,0.001471698782343143,0.0012019934415236468
17.504,0.001470892932022507,0.001201564673489751
17.506,0.001470086916266895,0.0012011361993593834
17.508,0.0014692807832787941,0.0012007080189310845
17.51,0.0014684745803680039,0.0012002801320035335
17.512,0.0014676683539646181,0.0011998525383755472
17.514,0.0014668621496252909,0.0011994252378460801
17.516,0.0014660560120315523,0.001198998230214225
17.518,0.0014652499849810569,0.0011985715152792121
17.52,0.0014644441113741851,0.0011981450928404093
17.522,0.001463638433199325,0.001197718962697322
17.524,0.0014628329915202362,0.001197293124649593
17.526,0.001462027826468283,0.0011968675784970026
17.528,0.001461222977240623,0.001196442324039468
17.53,0.001460418482104459,0.001196017361077044
17.532,0.001459614378405371,0.0011955926894099223
17.534,0.0014588107025776261,0.0011951683088384313
17.536,0.0014580074901536341,0.0011947442191630366
17.538,0.0014572047757706041,0.0011943204201843402
17.54,0.0014564025931734573,0.0011938969117030814
17.542,0.0014556009752145203,0.0011934736935201352
17.544,0.0014547999538512759,0.001193050765436514
17.546,0.0014539995601449368,0.001192628127253366
17.548,0.0014531998242618529,0.001192205778771976
17.55,0.0014524007754801792,0.0011917837197937648
17.552,0.001451602442202393,0.0011913619501202895
17.554,0.0014508048519735759,0.001190940469553243
17.556,0.001450008031503895,0.0011905192778944543
17.558,0.0014492120066930381,0.0011900983749458885
17.56,0.0014484168026540033,0.0011896777605096458
17.562,0.0014476224437339849,0.0011892574343879627
17.564,0.001446828953531098,0.0011888373963832106
17.566,0.001446036354906509,0.0011884176462978971
17.568,0.001445244669993111,0.0011879981839346648
17.57,0.001444453920202383,0.0011875790090962915
17.572,0.0014436641262317788,0.0011871601215856901
17.574,0.001442875308074936,0.001186741521205909
17.576,0.001442087485035965,0.0011863232077601313
17.578,0.0014413006757486228,0.0011859051810516753
17.58,0.0014405148981996312,0.0011854874408839936
17.582,0.001439730169754743,0.001185069987060674
17.584,0.001438946507185456,0.0011846528193854389
17.586,0.00143816392669432,0.0011842359376621446
17.588,0.001437382443937267,0.001183819341694783
17.59,0.001436602074042333,0.001183403031287479
17.592,0.001435822831625183,0.0011829870062444931
17.594,0.0014350447308028908,0.0011825712663702192
17.596,0.0014342677852081371,0.0011821558114691853
17.598,0.00143349200800588,0.0011817406413460534
17.6,0.0014327174119144308,0.00118132575580562
17.602,0.001431944009231511,0.0011809111546528144
17.604,0.001431171811865146,0.0011804968376927004
17.606,0.0014304008313677707,0.001180082804730475
17.608,0.0014296310789712083,0.001179669055571469
17.61,0.001428862565620138,0.0011792555900211465
17.612,0.001428095302001681,0.0011788424078851049
17.614,0.001427329298569952,0.001178429508969075
17.616,0.001426564565565368,0.0011780168930789205
17.618,0.00142580111302978,0.0011776045600206387
17.62,0.0014250389508193538,0.0011771925096003592
17.622,0.0014242780886176332,0.001176780741624345
17.624,0.001423518535950694,0.0011763692558989915
17.626,0.0014227603022060721,0.0011759580522308273
17.628,0.0014220033966557593,0.0011755471304265132
17.63,0.001421247828482671,0.0011751364902928428
17.632,0.001420493606809492,0.001174726131636742
17.634,0.0014197407407280241,0.001174316054265269
17.636,0.001418989239327624,0.0011739062579856144
17.638,0.001418239111721778,0.001173496742605101
17.64,0.001417490367072421,0.0011730875079311832
17.642,0.001416743014612413,0.0011726785537714479
17.644,0.0014159970636669099,0.0011722698799336137
17.646,0.0014152525236747083,0.0011718614862255311
17.648,0.0014145094042100513,0.0011714533724551822
17.65,0.001413767715005309,0.0011710455384306806
17.652,0.001413027465974338,0.0011706379839602717
17.654,0.001412288667235997,0.0011702307088523325
17.656,0.0014115513291370779,0.0011698237129153708
17.658,0.001410815462274215,0.0011694169959580258
17.66,0.00141008107751441,0.0011690105577890682
17.662,0.00140934818601428,0.0011686043982173998
17.664,0.001408616799238286,0.0011681985170520527
17.666,0.001407886928976351,0.0011677929141021906
17.668,0.0014071585873611128,0.001167387589177108
17.67,0.0014064317868849158,0.0011669825420862294
17.672,0.001405706540416291,0.001166577772639111
17.674,0.0014049828612157532,0.0011661732806454387
17.676,0.0014042607629503713,0.0011657690659150292
17.678,0.0014035402597072809,0.0011653651282578295
17.68,0.0014028213660061111,0.0011649614674839168
17.682,0.001402104096810926,0.0011645580834034985
17.684,0.0014013884675422071,0.0011641549758269125
17.686,0.0014006744940895399,0.001163752144564626
17.688,0.001399962192825274,0.0011633495894272366
17.69,0.001399251580619154,0.0011629473102254715
17.692,0.001398542674853381,0.001162545306770188
17.694,0.0013978354934374771,0.0011621435788723728
17.696,0.0013971300548220188,0.0011617421263431418
17.698,0.0013964263780105307,0.0011613409489937409
17.7,0.0013957244825693097,0.0011609400466355453
17.702,0.0013950243886352042,0.0011605394190800594
17.704,0.001394326116921642,0.0011601390661389167
17.706,0.0013936296887237633,0.00115973898762388
17.708,0.0013929351259230759,0.001159339183346841
17.71,0.001392242450991925,0.0011589396531198205
17.712,0.001391551686997822,0.0011585403967549679
17.714,0.0013908628576070493,0.0011581414140645616
17.716,0.001390175987087008,0.0011577427048610088
17.718,0.0013894911003065353,0.0011573442689568447
17.72,0.0013888082227337339,0.0011569461061647335
17.722,0.0013881273804313681,0.0011565482162974679
17.724,0.001387448600050302,0.0011561505991679684
17.726,0.0013867719088218862,0.0011557532545892844
17.728,0.001386097334550558,0.0011553561823745928
17.73,0.001385424905607831,0.0011549593823371991
17.732,0.001384754650928471,0.0011545628542905364
17.734,0.00138408660000936,0.0011541665980481655
17.736,0.0013834207829107098,0.001153770613423776
17.738,0.0013827572302588477,0.0011533749002311838
17.74,0.001382095973249281,0.0011529794582843336
17.742,0.001381437043648663,0.001152584287397297
17.744,0.0013807804737944358,0.0011521893873842734
17.746,0.0013801262965910978,0.001151794758059589
17.748,0.001379474545502722,0.0011514003992376981
17.75,0.0013788252545417772,0.0011510063107331816
17.752,0.0013781784582547452,0.0011506124923607473
17.754,0.001377534191705308,0.0011502189439352307
17.756,0.001376892490455822,0.0011498256652715938
17.758,0.001376253390547935,0.0011494326561849256
17.76,0.0013756169284827283,0.0011490399164904414
17.762,0.0013749831412006369,0.0011486474460034837
17.764,0.001374352066061411,0.0011482552445395216
17.766,0.0013737237408238709,0.0011478633119141502
17.768,0.001373098203625623,0.0011474716479430913
17.77,0.0013724754929628229,0.001147080252442193
17.772,0.0013718556476700248,0.0011466891252274298
17.774,0.001371238706900394,0.001146298266114902
17.776,0.001370624710106217,0.0011459076749208363
17.778,0.0013700136970198162,0.001145517351461585
17.78,0.001369405707634426,0.0011451272955536266
17.782,0.001368800782184659,0.001144737507013565
17.784,0.0013681989611261818,0.0011443479856581306
17.786,0.001367600285113965,0.0011439587313041785
17.788,0.0013670047949790598,0.0011435697437686897
17.79,0.001366412531703972,0.001143181022868771
17.792,0.00136582353639688,0.001142792568421654
17.794,0.001365237850265454,0.001142404380244696
17.796,0.0013646555145907379,0.0011420164581553793
17.798,0.001364076570701526,0.0011416288019713114
17.8,0.0013635010599493498,0.0011412414115102246
17.802,0.0013629290236836671,0.0011408542865899765
17.804,0.001362360503226366,0.0011404674270285493
17.806,0.0013617955398446918,0.00114008083264405
17.808,0.0013612341747214038,0.0011396945032547102
17.81,0.0013606764489215739,0.0011393084386788863
17.812,0.001360122403355688,0.001138922638735059
17.814,0.0013595720787397561,0.001138537103241834
17.816,0.001359025515553286,0.0011381518320179402
17.818,0.0013584827539970192,0.0011377668248822319
17.82,0.001357943833951913,0.0011373820816536868
17.822,0.001357408794941044,0.0011369976021514071
17.824,0.0013568776760951229,0.001136613386194619
17.826,0.00135635051612185,0.001136229433602672
17.828,0.0013558273532781788,0.0011358457441950408
17.83,0.001355308225344097,0.0011354623177913222
17.832,0.0013547931695958868,0.0011350791542112377
17.834,0.001354282222777013,0.001134696253274632
17.836,0.0013537754210651972,0.0011343136148014737
17.838,0.001353272800034887,0.0011339312386118541
17.84,0.001352774394615295,0.0011335491245259885
17.842,0.001352280239044947,0.0011331672723642148
17.844,0.0013517903668244851,0.0011327856819469946
17.846,0.0013513048106694068,0.0011324043530949123
17.848,0.0013508236024647089,0.0011320232856286755
17.85,0.001350346773222624,0.0011316424793691143
17.852,0.001349874353044152,0.001131261934137182
17.854,0.001349406371084475,0.0011308816497539547
17.856,0.001348942855521389,0.0011305016260406305
17.858,0.0013484838335258331,0.0011301218628185308
17.86,0.001348029331233163,0.001129742359909099
17.862,0.0013475793737138318,0.0011293631171339013
17.864,0.001347133984942755,0.0011289841343146256
17.866,0.001346693187766484,0.0011286054112730826
17.868,0.0013462570038679242,0.001128226947831205
17.87,0.0013458254537289391,0.0011278487438110473
17.872,0.001345398556590746,0.0011274707990347865
17.874,0.001344976330413049,0.001127093113324721
17.876,0.0013445587918322049,0.001126715686503271
17.878,0.001344145956119342,0.0011263385183929789
17.88,0.0013437378371388862,0.001125961608816508
17.882,0.001343334447308278,0.0011255849575966441
17.884,0.001342935797559331,0.0011252085645562936
17.886,0.0013425418973014532,0.0011248324295184847
17.888,0.001342152754387223,0.001124456552306367
17.89,0.001341768375079815,0.001124080932743211
17.892,0.001341388764022363,0.0011237055706524088
17.894,0.001341013924208552,0.0011233304658574731
17.896,0.0013406438569539478,0.0011229556181820378
17.898,0.001340278561867499,0.0011225810274498578
17.9,0.001339918036822685,0.0011222066934848084
17.902,0.001339562277928176,0.001121832616110886
17.904,0.001339211279497749,0.0011214587951522074
17.906,0.001338865034020012,0.0011210852304330103
17.908,0.0013385235321280741,0.0011207119217776526
17.91,0.0013381867625699,0.0011203388690106128
17.912,0.001337854712179856,0.0011199660719564894
17.914,0.001337527365851671,0.0011195935304400013
17.916,0.0013372047065131508,0.0011192212442859876
17.918,0.0013368867151023938,0.0011188492133194074
17.92,0.0013365733705452678,0.0011184774373653398
17.922,0.00133626464973365,0.001118105916248984
17.924,0.0013359605275041551,0.0011177346497956585
17.926,0.001335660976617146,0.0011173636378308022
17.928,0.0013353659677362842,0.0011169928801799732
17.93,0.0013350754694091728,0.0011166223766688492
17.932,0.001334789448049916,0.0011162521271232274
17.934,0.001334507867924711,0.0011158821313690247
17.936,0.001334230691141,0.0011155123892322772
17.938,0.0013339578776409631,0.00111514290053914
17.94,0.001333689385198749,0.0011147736651158874
17.942,0.001333425169420851,0.0011144046827889131
17.944,0.001333165183748048,0.0011140359533847297
17.946,0.001332909379457176,0.0011136674767299685
17.948,0.001332657705661146,0.0011132992526513797
17.95,0.001332410109306053,0.0011129312809758324
17.952,0.001332166535164876,0.0011125635615303142
17.954,0.001331926925828497,0.0011121960941419316
17.956,0.0013316912216954318,0.0011118288786379092
17.958,0.001331459360962096,0.0011114619148455903
17.96,0.001331231279615899,0.0011110952025924366
17.962,0.0013310069114327882,0.0011107287417060278
17.964,0.001330786187980343,0.001110362532014062
17.966,0.001330569038626613,0.0011099965733443555
17.968,0.001330355390553835,0.0011096308655248422
17.97,0.001330145168775874,0.0011092654083835745
17.972,0.001329938296157609,0.001108900201748722
17.974,0.001329734693434949,0.0011085352454485728
17.976,0.0013295342792345338,0.0011081705393115322
17.978,0.001329336970092715,0.0011078060831661233
17.98,0.001329142680474254,0.0011074418768409868
17.982,0.001328951322791432,0.0011070779201648806
17.984,0.0013287628074243989,0.0011067142129666803
17.986,0.0013285770427437231,0.0011063507550753786
17.988,0.001328393935135429,0.0011059875463200856
17.99,0.001328213389028765,0.0011056245865300283
17.992,0.001328035306926636,0.0011052618755345509
17.994,0.0013278595894380659,0.0011048994131631145
17.996,0.0013276861353127588,0.0011045371992452974
17.998,0.001327514841477256,0.0011041752336107943
18.0,0.001327345603072727,0.0011038135160894168
18.002,0.001327178313494271,0.0011034520465110931
18.004,0.001327012864431717,0.0011030908247058682
18.006,0.001326849145911659,0.0011027298505039034
18.008,0.001326687046340296,0.0011023691237354765
18.01,0.001326526452546678,0.0011020086442309813
18.012,0.001326367249825792,0.0011016484118209285
18.014,0.001326209321981227,0.0011012884263359444
18.016,0.001326052551367618,0.0011009286876067718
18.018,0.0013258968189331592,0.0011005691954642694
18.02,0.0013257420042632859,0.0011002099497394117
18.022,0.001325587985626426,0.001099850950263289
18.024,0.0013254346400229109,0.0010994921968671076
18.026,0.001325281843237697,0.0010991336893821895
18.028,0.001325129469897193,0.0010987754276399724
18.03,0.0013249773935298018,0.0010984174114720092
18.032,0.001324825486629264,0.0010980596407099686
18.034,0.001324673620719784,0.0010977021151856343
18.036,0.001324521666421703,0.0010973448347309058
18.038,0.0013243694935168651,0.0010969877991777975
18.04,0.001324216971013296,0.001096631008358439
18.042,0.001324063967209091,0.001096274462105075
18.044,0.00132391034975642,0.0010959181602500654
18.046,0.001323755985725992,0.0010955621026258844
18.048,0.001323600741673185,0.0010952062890651217
18.05,0.001323444483706038,0.0010948507194004813
18.052,0.0013232870775552051,0.0010944953934647823
18.054,0.001323128388645396,0.0010941403110909579
18.056,0.0013229682821671689,0.0010937854721120562
18.058,0.001322806623147989,0.0010934308763612395
18.06,0.0013226432765213428,0.0010930765236717847
18.062,0.001322478107193127,0.0010927224138770827
18.064,0.0013223109801052718,0.0010923685468106391
18.066,0.001322141760297057,0.001092014922306073
18.068,0.0013219703129656879,0.0010916615401971178
18.07,0.0013217965035275559,0.0010913084003176209
18.072,0.001321620197682313,0.0010909555025015436
18.074,0.001321441261481017,0.0010906028465829613
18.076,0.00132125956139931,0.0010902504323960624
18.078,0.0013210749644153841,0.0010898982597751495
18.08,0.0013208873380916712,0.0010895463285546388
18.082,0.0013206965506583801,0.00108919463856906
18.084,0.001320502471096431,0.0010888431896530558
18.086,0.0013203049692177699,0.0010884919816413826
18.088,0.001320103915741219,0.00108814101436891
18.09,0.001319899182363146,0.001087790287670621
18.092,0.0013196906418232119,0.0010874398013816114
18.094,0.001319478167966561,0.00108708955533709
18.096,0.001319261635804246,0.0010867395493723787
18.098,0.0013190409215739101,0.0010863897833229127
18.1,0.001318815902802474,0.0010860402570242393
18.102,0.001318586458371491,0.0010856909703120187
18.104,0.001318352468585109,0.001085341923022024
18.106,0.00131811381523936,0.0010849931149901407
18.108,0.001317870381691021,0.0010846445460523668
18.11,0.0013176220529240831,0.001084296216044813
18.112,0.001317368715612253,0.0010839481248037016
18.114,0.0013171102581765771,0.001083600272165368
18.116,0.001316846570838612,0.0010832526579662594
18.118,0.001316577545670251,0.0010829052820429351
18.12,0.00131630307664216,0.0010825581442320666
18.122,0.001316023059672802,0.0010822112443704369
18.124,0.001315737392679943,0.0010818645822949415
18.126,0.00131544597563534,0.0010815181578425874
18.128,0.0013151487106226227,0.001081171970850493
18.13,0.001314845501897333,0.0010808260211558891
18.132,0.001314536255947105,0.0010804803085961174
18.134,0.001314220881550135,0.0010801348330086314
18.136,0.001313899289829916,0.001079789594230996
18.138,0.001313571394305028,0.0010794445921008876
18.14,0.001313237110933636,0.0010790998264560935
18.142,0.00131289635815302,0.0010787552971345123
18.144,0.0013125490569153419,0.001078411003974154
18.146,0.0013121951307208171,0.001078066946813139
18.148,0.001311834505649586,0.0010777231254896996
18.15,0.001311467110393197,0.0010773795398421782
18.152,0.0013110928762857111,0.0010770361897090284
18.154,0.0013107117373343052,0.0010766930749288143
18.156,0.0013103236302485861,0.0010763501953402108
18.158,0.001309928494467798,0.0010760075507820035
18.16,0.001309526272185288,0.0010756651410930881
18.162,0.001309116908369925,0.0010753229661124711
18.164,0.0013087003507847809,0.0010749810256792693
18.166,0.001308276550003576,0.0010746393196327097
18.168,0.001307845459425924,0.0010742978478121294
18.17,0.001307407035292272,0.001073956610056976
18.172,0.001306961236699206,0.0010736156062068065
18.174,0.001306508025615649,0.0010732748361012888
18.176,0.001306047366899574,0.0010729342995801998
18.178,0.001305579228314787,0.001072593996483427
18.18,0.001305103580546588,0.001072253926650967
18.182,0.001304620397215171,0.001071914089922926
18.184,0.001304129654885568,0.0010715744861395208
18.186,0.001303631333073105,0.0010712351151410768
18.188,0.0013031254142438459,0.001070895976768029
18.19,0.0013026118838100412,0.001070557070860922
18.192,0.001302090730120982,0.0010702183972604094
18.194,0.0013015619444504412,0.0010698799558072544
18.196,0.0013010255209817538,0.0010695417463423293
18.198,0.001300481456792173,0.0010692037687066152
18.2,0.0012999297518377028,0.0010688660227412023
18.202,0.001299370408939154,0.0010685285082872899
18.204,0.0012988034337699408,0.001068191225186186
18.206,0.0012982288348451902,0.0010678541732793072
18.208,0.0012976466235112278,0.001067517352408179
18.21,0.0012970568139343882,0.0010671807624144359
18.212,0.001296459423087344,0.0010668444031398203
18.214,0.001295854470732094,0.0010665082744261835
18.216,0.00129524197939838,0.0010661723761154849
18.218,0.001294621974357744,0.0010658367080497925
18.22,0.0012939944835934961,0.0010655012700712826
18.222,0.0012933595377678212,0.0010651660620222391
18.224,0.001292717170187693,0.0010648310837450548
18.226,0.00129206741677114,0.00106449633508223
18.228,0.001291410316015384,0.0010641618158763735
18.23,0.0012907459089677121,0.0010638275259702012
18.232,0.001290074239199214,0.0010634934652065376
18.234,0.001289395352780956,0.0010631596334283143
18.236,0.001288709298261005,0.0010628260304785708
18.238,0.001288016126640906,0.0010624926562004544
18.24,0.0012873158913494632,0.0010621595104372196
18.242,0.001286608648212357,0.0010618265930322287
18.244,0.0012858944554162968,0.0010614939038289509
18.246,0.001285173373467461,0.0010611614426709632
18.248,0.0012844454651444641,0.0010608292094019495
18.25,0.001283710795447245,0.0010604972038657007
18.252,0.0012829694315434309,0.0010601654259061153
18.254,0.001282221442714419,0.0010598338753671985
18.256,0.001281466900302904,0.0010595025520930622
18.258,0.0012807058776636389,0.0010591714559279254
18.26,0.001279938450118044,0.001058840586716114
18.262,0.001279164694912988,0.0010585099443020604
18.264,0.0012783846911828991,0.0010581795285303037
18.266,0.00127759851991401,0.0010578493392454896
18.268,0.001276806263909428,0.0010575193762923703
18.27,0.0012760080077532541,0.0010571896395158043
18.272,0.001275203837773009,0.0010568601287607566
18.274,0.001274393841999628,0.0010565308438722982
18.276,0.001273578110125097,0.0010562017846956068
18.278,0.00127275673345829,0.0010558729510759656
18.28,0.001271929804879831,0.0010555443428587644
18.282,0.001271097418796707,0.0010552159598894986
18.284,0.001270259671097475,0.0010548878020137696
18.286,0.0012694166591081,0.001054559869077285
18.288,0.001268568481548592,0.0010542321609258575
18.29,0.0012677152384898958,0.001053904677405406
18.292,0.001266857031310803,0.0010535774183619547
18.294,0.001265993962654339,0.0010532503836416336
18.296,0.0012651261363835872,0.001052923573090678
18.298,0.001264253657537205,0.001052596986555429
18.3,0.001263376632284903,0.0010522706238823322
18.302,0.0012624951678834942,0.0010519444849179393
18.304,0.0012616093726340052,0.0010516185695089067
18.306,0.0012607193558400599,0.0010512928775019959
18.308,0.001259825227767429,0.0010509674087440738
18.31,0.001258927099604732,0.0010506421630821121
18.312,0.001258025083424461,0.0010503171403631873
18.314,0.001257119292144276,0.0010499923404344805
18.316,0.0012562098394879539,0.0010496677631432782
18.318,0.001255296839946295,0.001049343408336971
18.32,0.001254380408737886,0.0010490192758630542
18.322,0.001253460661770476,0.0010486953655691278
18.324,0.001252537715603128,0.0010483716773028963
18.326,0.001251611687409736,0.0010480482109121684
18.328,0.001250682694943706,0.0010477249662448572
18.33,0.0012497508565040578,0.0010474019431489802
18.332,0.001248816290902154,0.001047079141472659
18.334,0.001247879117429043,0.001046756561064119
18.336,0.001246939455822865,0.00104643420177169
18.338,0.00124599742623652,0.0010461120634438058
18.34,0.001245053149205441,0.001045790145929004
18.342,0.0012441067456162311,0.0010454684490759255
18.344,0.001243158336676232,0.0010451469727333158
18.346,0.00124220804388451,0.0010448257167500236
18.348,0.001241255989004132,0.0010445046809750014
18.35,0.001240302294035423,0.0010441838652573048
18.352,0.001239347081189588,0.0010438632694460936
18.354,0.0012383904728620661,0.0010435428933906305
18.356,0.001237432591605038,0.0010432227369402815
18.358,0.001236473560099002,0.001042902799944516
18.36,0.001235513501123667,0.0010425830822529067
18.362,0.0012345525375290758,0.001042263583715129
18.364,0.001233590792207911,0.001041944304180962
18.366,0.001232628388070132,0.0010416252435002872
18.368,0.0012316654480207761,0.0010413064015230892
18.37,0.001230702094940994,0.0010409877780994553
18.372,0.001229738451672134,0.0010406693730795758
18.374,0.001228774641001562,0.0010403511863137436
18.376,0.0012278107856491128,0.0010400332176523541
18.378,0.001226847008252489,0.0010397154669459054
18.38,0.001225883431350631,0.0010393979340449979
18.382,0.0012249201773643472,0.0010390806188003347
18.384,0.0012239573685745428,0.0010387635210627208
18.386,0.001222995127098437,0.001038446640683064
18.388,0.001222033574865246,0.0010381299775123738
18.39,0.0012210728335924179,0.0010378135314017623
18.392,0.0012201130247635572,0.001037497302202443
18.394,0.001219154269608772,0.0010371812897657321
18.396,0.001218196689087533,0.0010368654939430474
18.398,0.001217240403873904,0.0010365499145859084
18.4,0.00121628553434336,0.0010362345515459366
18.402,0.00121533220056066,0.001035919404674855
18.404,0.001214380522267989,0.0010356044738244886
18.406,0.0012134306188730172,0.0010352897588467636
18.408,0.0012124826094367328,0.0010349752595937081
18.41,0.001211536612660912,0.001034660975917451
18.412,0.0012105927468756372,0.001034346907670223
18.414,0.0012096511300266999,0.0010340330547043565
18.416,0.001208711879663163,0.001033719416872284
18.418,0.001207775112924851,0.0010334059940265402
18.42,0.0012068409465298409,0.0010330927860197601
18.422,0.0012059094967616611,0.0010327797927046805
18.424,0.0012049808794563411,0.0010324670139341386
18.426,0.001204055209989373,0.0010321544495610726
18.428,0.001203132603262896,0.0010318420994385213
18.43,0.0012022131736933888,0.0010315299634196247
18.432,0.001201297035200144,0.001031218041357623
18.434,0.001200384301194774,0.0010309063331058574
18.436,0.0011994750845715741,0.0010305948385177695
18.438,0.001198569497698541,0.001030283557446901
18.44,0.0011976676524085642,0.0010299724897468946
18.442,0.001196769659990324,0.0010296616352714928
18.444,0.0011958756311785021,0.0010293509938745387
18.446,0.001194985676142973,0.0010290405654099755
18.448,0.001194099904477026,0.0010287303497318464
18.45,0.001193218425184689,0.0010284203466942945
18.452,0.0011923413466675649,0.0010281105561515634
18.454,0.001191468776711439,0.0010278009779579962
18.456,0.001190600822472923,0.0010274916119680359
18.458,0.001189737590466406,0.0010271824580362252
18.46,0.0011888791865512542,0.001026873516017207
18.462,0.001188025715919369,0.0010265647857657233
18.464,0.0011871772830828829,0.0010262562671366157
18.466,0.00118633399186219,0.0010259479599848255
18.468,0.001185495945374134,0.0010256398641653934
18.47,0.001184663246020477,0.0010253319795334593
18.472,0.0011838359954765539,0.0010250243059442628
18.474,0.00118301429467995,0.0010247168432531422
18.476,0.0011821982438188902,0.0010244095913155352
18.478,0.001181387942319785,0.0010241025499869787
18.48,0.0011805834888336782,0.0010237957191231086
18.482,0.001179784981221123,0.0010234890985796594
18.484,0.0011789925165355828,0.0010231826882124652
18.486,0.001178206191005803,0.001022876487877458
18.488,0.001177426100017938,0.0010225704974306696
18.49,0.001176652338098336,0.0010222647167282294
18.492,0.001175884998898313,0.0010219591456263662
18.494,0.0011751241751812502,0.001021653783981407
18.496,0.001174369958812405,0.0010213486316497777
18.498,0.001173622440750688,0.0010210436884880018
18.5,0.0011728817110412898,0.0010207389543527019
18.502,0.001172147858807293,0.0010204344291005986
18.504,0.0011714209722386059,0.0010201301125885107
18.506,0.001170701138576927,0.0010198260046733554
18.508,0.001169988444095937,0.0010195221052121475
18.51,0.001169282974077175,0.001019218414062
18.512,0.0011685848127828708,0.0010189149310801241
18.514,0.001167894043427657,0.0010186116561238287
18.516,0.001167210748151445,0.0010183085890505203
18.518,0.001166535007995609,0.0010180057297177034
18.52,0.001165866902883692,0.0010177030779829801
18.522,0.001165206511607304,0.0010174006337040503
18.524,0.00116455391181651,0.001017098396738711
18.526,0.00116390918001323,0.001016796366944857
18.528,0.001163272391545688,0.0010164945441804806
18.53,0.001162643620601655,0.001016192928303671
18.532,0.0011620229401986403,0.0010158915191726154
18.534,0.0011614104221697708,0.0010155903166455974
18.536,0.0011608061371448349,0.0010152893205809981
18.538,0.001160210154527071,0.0010149885308372959
18.54,0.001159622542466566,0.0010146879472730658
18.542,0.0011590433678318282,0.00101438756974698
18.544,0.001158472696181121,0.0010140873981178075
18.546,0.0011579105917348701,0.001013787432244414
18.548,0.001157357117349958,0.0010134876719857624
18.55,0.0011568123344963882,0.0010131881172009115
18.552,0.0011562763032358279,0.0010128887677490173
18.554,0.001155749082201582,0.0010125896234893324
18.556,0.001155230728578853,0.0010122906842812054
18.558,0.001154721298084666,0.0010119919499840815
18.56,0.001154220844946676,0.0010116934204575025
18.562,0.001153729421880943,0.0010113950955611061
18.564,0.001153247080068771,0.0010110969751546267
18.566,0.001152773869133642,0.0010107990590978943
18.568,0.001152309837118841,0.0010105013472508353
18.57,0.001151855030466845,0.0010102038394734722
18.572,0.0011514094940005678,0.001009906535625923
18.574,0.001150973270906549,0.0010096094355684022
18.576,0.0011505464027191398,0.0010093125391612194
18.578,0.001150128929304598,0.0010090158462647807
18.58,0.001149720888843678,0.0010087193567395875
18.582,0.001149322317811828,0.0010084230704462366
18.584,0.0011489332509562562,0.0010081269872454206
18.586,0.0011485537212706479,0.001007831106997928
18.588,0.001148183759968308,0.001007535429564642
18.59,0.001147823396455856,0.0010072399548065416
18.592,0.001147472658309072,0.001006944682584701
18.594,0.001147131571252586,0.0010066496127602896
18.596,0.0011468001591438222,0.001006354745194572
18.598,0.0011464784439607872,0.0010060600797489076
18.6,0.001146166445792142,0.0010057656162847514
18.602,0.00114586418282702,0.0010054713546636528
18.604,0.0011455716713422589,0.0010051772947472567
18.606,0.0011452889256848052,0.0010048834363973022
18.608,0.001145015958248539,0.0010045897794756238
18.61,0.0011447527794456289,0.00100429632384415
18.612,0.00114449939767446,0.0010040030693649047
18.614,0.00114425581928651,0.0010037100159000058
18.616,0.001144022048555432,0.0010034171633116658
18.618,0.00114379808765089,0.001003124511462192
18.62,0.001143583936618506,0.0010028320602139856
18.622,0.001143379593366357,0.0010025398094295427
18.624,0.0011431850536565437,0.0010022477589714531
18.626,0.001143000311099548,0.001001955908702401
18.628,0.001142825357148828,0.0010016642584851647
18.63,0.001142660181093142,0.0010013728081826167
18.632,0.001142504770045196,0.0010010815576577234
18.634,0.0011423591089264299,0.001000790506773545
18.636,0.001142223180449019,0.001000499655393236
18.638,0.001142096965097044,0.001000209003380044
18.64,0.001141980441109146,0.0009999185505973108
18.642,0.001141873584464492,0.000999628296908472
18.644,0.0011417763688731362,0.0009993382421770564
18.646,0.001141688765770655,0.0009990483862666866
18.648,0.0011416107443156121,0.0009987587290410788
18.65,0.001141542271388199,0.0009984692703640422
18.652,0.0011414833115873792,0.0009981800100994798
18.654,0.001141433827225272,0.0009978909481113878
18.656,0.001141393778317601,0.0009976020842638552
18.658,0.0011413631225707772,0.0009973134184210646
18.66,0.0011413418153669022,0.0009970249504472916
18.662,0.001141329809748995,0.000996736680206905
18.664,0.001141327056408519,0.000996448607564366
18.666,0.001141333503677215,0.0009961607323842295
18.668,0.0011413490975241461,0.0009958730545311426
18.67,0.001141373781557634,0.0009955855738698455
18.672,0.001141407497031012,0.000995298290265171
18.674,0.001141450182850021,0.0009950112035820445
18.676,0.0011415017755797819,0.0009947243136854843
18.678,0.0011415622094495402,0.0009944376204406007
18.68,0.0011416314163541419,0.000994151123712597
18.682,0.001141709325852443,0.0009938648233667683
18.684,0.001141795865163706,0.0009935787192685028
18.686,0.0011418909591640381,0.0009932928112832804
18.688,0.001141994530384903,0.0009930070992766732
18.69,0.001142106499015713,0.0009927215831143459
18.692,0.001142226782911736,0.0009924362626620548
18.694,0.001142355297607413,0.0009921511377856485
18.696,0.001142491956334184,0.0009918662083510674
18.698,0.001142636670041195,0.0009915814742243439
18.7,0.001142789347416576,0.0009912969352716022
18.702,0.001142949894907244,0.0009910125913590582
18.704,0.001143118216735582,0.0009907284423530194
18.706,0.001143294214912383,0.0009904444881198855
18.708,0.001143477789246367,0.000990160728526147
18.71,0.00114366883735166,0.0009898771634383866
18.712,0.001143867254655245,0.000989593792723278
18.714,0.001144072934406523,0.0009893106162475864
18.716,0.001144285767691091,0.0009890276338781682
18.718,0.001144505643449929,0.0009887448454819717
18.72,0.0011447324485044218,0.0009884622509260357
18.722,0.001144966067586576,0.0009881798500774902
18.724,0.001145206383372956,0.0009878976428035566
18.726,0.001145453276520347,0.0009876156289715472
18.728,0.001145706625701217,0.000987333808448865
18.73,0.001145966307637148,0.0009870521811030043
18.732,0.001146232197129329,0.00098677074680155
18.734,0.001146504167085932,0.0009864895054121777
18.736,0.001146782088547028,0.000986208456802654
18.738,0.001147065830708421,0.0009859276008408358
18.74,0.001147355260945958,0.0009856469373946705
18.742,0.0011476502448419241,0.0009853664663321967
18.744,0.001147950646214762,0.0009850861875215426
18.746,0.00114825632715257,0.0009848061008309273
18.748,0.00114856714805046,0.0009845262061286603
18.75,0.001148882967650999,0.000984246503283141
18.752,0.001149203643086834,0.000983966992162859
18.754,0.001149529029924323,0.0009836876726363945
18.756,0.001149858982207268,0.0009834085445724176
18.758,0.0011501933525002019,0.0009831296078396882
18.76,0.0011505319919310878,0.0009828508623070562
18.762,0.001150874750233542,0.0009825723078434616
18.764,0.001151221475789176,0.0009822939443179341
18.766,0.001151572015670504,0.0009820157715995934
18.768,0.001151926215684811,0.0009817377895576483
18.77,0.001152283920419156,0.0009814599980613981
18.772,0.00115264497328647,0.000981182396980231
18.774,0.001153009216572474,0.000980904986183625
18.776,0.0011533764914832129,0.0009806277655411478
18.778,0.001153746638192936,0.000980350734922456
18.78,0.0011541194958925262,0.000980073894197296
18.782,0.001154494902838653,0.0009797972432355033
18.784,0.001154872696404212,0.0009795207819070025
18.786,0.0011552527131304569,0.0009792445100818073
18.788,0.001155634788781261,0.000978968427630021
18.79,0.00115601875839931,0.0009786925344218355
18.792,0.0011564044563639629,0.0009784168303275317
18.794,0.001156791716449809,0.0009781413152174798
18.796,0.0011571803718847598,0.0009778659889621384
18.798,0.001157570255406666,0.0009775908514320548
18.8,0.001157961199317463,0.0009773159024978658
18.802,0.0011583530355347381,0.000977041142030296
18.804,0.001158745595640823,0.0009767665699001592
18.806,0.001159138710930721,0.0009764921859783574
18.808,0.0011595322124602278,0.0009762179901358813
18.81,0.0011599259310958719,0.0009759439822438099
18.812,0.0011603196975683789,0.0009756701621733107
18.814,0.0011607133425301842,0.0009753965297956393
18.816,0.0011611066966173028,0.00097512308498214
18.818,0.001161499590514784,0.0009748498276042446
18.82,0.001161891855024016,0.0009745767575334737
18.822,0.001162283321130333,0.0009743038746414355
18.824,0.001162673820068758,0.0009740311787998265
18.826,0.001163063183386609,0.000973758669880431
18.828,0.001163451243002193,0.0009734863477551211
18.83,0.001163837831259523,0.000973214212295857
18.832,0.001164222780980064,0.0009729422633746865
18.834,0.001164605925512847,0.000972670500863745
18.836,0.001164987098784311,0.0009723989246352558
18.838,0.001165366135349526,0.0009721275345615295
18.84,0.001165742870445492,0.0009718563305149645
18.842,0.001166117140046836,0.0009715853123680464
18.844,0.001166488780923626,0.0009713144799933485
18.846,0.001166857630700254,0.0009710438332635312
18.848,0.0011672235279145229,0.0009707733720513423
18.85,0.001167586312075644,0.0009705030962296168
18.852,0.001167945823720373,0.0009702330056712767
18.854,0.001168301904466851,0.0009699631002493316
18.856,0.001168654397066183,0.0009696933798368776
18.858,0.001169003145452125,0.0009694238443070982
18.86,0.001169347994789508,0.0009691544935332634
18.862,0.001169688791522312,0.0009688853273887304
18.864,0.00117002538342174,0.0009686163457469433
18.866,0.001170357619635027,0.0009683475484814325
18.868,0.001170685350734891,0.0009680789354658155
18.87,0.001171008428769534,0.0009678105065737962
18.872,0.001171326707312644,0.0009675422616791652
18.874,0.0011716400415128828,0.0009672742006557995
18.876,0.001171948288142003,0.0009670063233776628
18.878,0.00117225130564096,0.000966738629718805
18.88,0.001172548954163567,0.0009664711195533621
18.882,0.001172841095617382,0.0009662037927555568
18.884,0.001173127593702014,0.0009659366491996978
18.886,0.001173408313945237,0.00096566968876018
18.888,0.0011736831237376109,0.0009654029113114845
18.89,0.0011739518923665551,0.0009651363167281781
18.892,0.001174214491050869,0.000964869904884914
18.894,0.0011744707929762111,0.000964603675656431
18.896,0.0011747206733322092,0.0009643376289175541
18.898,0.001174964009350877,0.0009640717645431937
18.9,0.0011752006803460611,0.0009638060824083461
18.902,0.0011754305677527319,0.0009635405823880934
18.904,0.001175653555164978,0.0009632752643576033
18.906,0.001175869528371626,0.0009630101281921289
18.908,0.001176078375388299,0.0009627451737670091
18.91,0.0011762799864856528,0.0009624804009576679
18.912,0.0011764742542135199,0.000962215809639615
18.914,0.0011766610734218002,0.0009619513996884452
18.916,0.001176840341278774,0.0009616871709798387
18.918,0.001177011957288092,0.0009614231233895609
18.92,0.0011771758233052338,0.0009611592567934624
18.922,0.001177331843554156,0.0009608955710674788
18.924,0.001177479924644081,0.0009606320660876308
18.926,0.001177619975586181,0.000960368741730024
18.928,0.001177751907809188,0.0009601055978708491
18.93,0.0011778756351731971,0.0009598426343863816
18.932,0.0011779910739808008,0.0009595798511529817
18.934,0.00117809814298518,0.0009593172480470944
18.936,0.001178196763395332,0.0009590548249452494
18.938,0.001178286858879178,0.000958792581724061
18.94,0.00117836835556555,0.0009585305182602283
18.942,0.0011784411820465772,0.0009582686344305347
18.944,0.001178505269381302,0.000958006930111848
18.946,0.00117856055110148,0.0009577454051811205
18.948,0.00117860696321929,0.000957484059515389
18.95,0.001178644444236486,0.0009572228929917744
18.952,0.001178672935153487,0.0009569619054874817
18.954,0.001178692379476938,0.0009567010968798004
18.956,0.001178702723224001,0.000956440467046104
18.958,0.001178703914922201,0.0009561800158638498
18.96,0.0011786959056042158,0.0009559197432105794
18.962,0.001178678648797732,0.0009556596489639183
18.964,0.0011786521005113112,0.0009553997330015757
18.966,0.001178616219217432,0.0009551399952013449
18.968,0.0011785709658343499,0.0009548804354411026
18.97,0.001178516303707913,0.0009546210535988096
18.972,0.0011784521985942049,0.0009543618495525103
18.974,0.001178378618643091,0.0009541028231803324
18.976,0.001178295534382221,0.0009538439743604873
18.978,0.0011782029187007918,0.0009535853029712699
18.98,0.001178100746831894,0.0009533268088910586
18.982,0.0011779889963329702,0.0009530684919983151
18.984,0.001177867647063958,0.0009528103521715843
18.986,0.0011777366811636441,0.0009525523892894946
18.988,0.00117759608302493,0.0009522946032307574
18.99,0.0011774458392704008,0.0009520369938741671
18.992,0.001177285938729251,0.0009517795610986015
18.994,0.001177116372416519,0.0009515223047830214
18.996,0.0011769371335148041,0.0009512652248064704
18.998,0.001176748217358011,0.000951008321048075
19.0,0.0011765496214159671,0.0009507515933870447
19.002,0.001176341345278233,0.0009504950417026716
19.004,0.001176123390635352,0.0009502386658743308
19.006,0.001175895761256123,0.0009499824657814798
19.008,0.0011756584629598178,0.000949726441303659
19.01,0.001175411503583365,0.0009494705923204913
19.012,0.001175154892944039,0.0009492149187116818
19.014,0.001174888642798977,0.0009489594203570186
19.016,0.001174612766803317,0.0009487040971363717
19.018,0.001174327280468495,0.0009484489489296938
19.02,0.0011740322011223642,0.0009481939756170196
19.022,0.001173727547871859,0.0009479391770784664
19.024,0.001173413341568642,0.0009476845531942333
19.026,0.001173089604777288,0.0009474301038446017
19.028,0.001172756361745322,0.000947175828909935
19.03,0.001172413638374282,0.0009469217282706787
19.032,0.001172061462190777,0.0009466678018073601
19.034,0.001171699862316981,0.0009464140494005886
19.036,0.001171328869440331,0.0009461604709310553
19.038,0.001170948515782125,0.000945907066279533
19.04,0.001170558835065459,0.0009456538353268764
19.042,0.001170159862482545,0.0009454007779540218
19.044,0.0011697516346614728,0.0009451478940419872
19.046,0.0011693341896325772,0.0009448951834718719
19.048,0.001168907566793993,0.000944642646124857
19.05,0.001168471806876334,0.0009443902818822048
19.052,0.001168026951906251,0.0009441380906252592
19.054,0.001167573045168728,0.0009438860722354453
19.056,0.001167110131168491,0.0009436342265942696
19.058,0.001166638255590627,0.0009433825535833196
19.06,0.001166157465261217,0.0009431310530842641
19.062,0.0011656678081084222,0.0009428797249788532
19.064,0.0011651693331246162,0.0009426285691489177
19.066,0.001164662090329949,0.0009423775854763697
19.068,0.0011641461307378789,0.0009421267738432021
19.07,0.0011636215063227599,0.0009418761341314887
19.072,0.0011630882699898,0.000941625666223384
19.074,0.001162546475547606,0.0009413753700011236
19.076,0.00116199617768344,0.0009411252453470236
19.078,0.001161437431941077,0.0009408752921434808
19.08,0.001160870294701051,0.0009406255102729726
19.082,0.001160294823162394,0.000940375899618057
19.084,0.00115971107532487,0.0009401264600613726
19.086,0.0011591191099701481,0.0009398771914856381
19.088,0.001158518986640428,0.000939628093773653
19.09,0.0011579107656133742,0.0009393791668082968
19.092,0.001157294507872701,0.0009391304104725296
19.094,0.0011566702750746701,0.0009388818246493916
19.096,0.00115603812951198,0.0009386334092220029
19.098,0.0011553981340769169,0.0009383851640735641
19.1,0.001154750352226501,0.0009381370890873558
19.102,0.001154094847951852,0.0009378891841467383
19.104,0.0011534316857537432,0.0009376414491351524
19.106,0.001152760930624765,0.0009373938839361181
19.108,0.001152082648037602,0.0009371464884332358
19.11,0.001151396903937495,0.0009368992625101855
19.112,0.001150703764736485,0.000936652206050727
19.114,0.001150003297306623,0.0009364053189386995
19.116,0.0011492955689701078,0.0009361586010580222
19.118,0.0011485806474854378,0.0009359120522926937
19.12,0.00114785860102977,0.0009356656725267921
19.122,0.00114712949817918,0.000935419461644475
19.124,0.001146393407889279,0.0009351734195299793
19.126,0.001145650399478798,0.0009349275460676214
19.128,0.001144900542618205,0.0009346818411417969
19.13,0.001144143907324301,0.0009344363046369806
19.132,0.0011433805639604502,0.0009341909364377267
19.134,0.001142610583240483,0.0009339457364286683
19.136,0.001141834036233584,0.0009337007044945177
19.138,0.001141050994367116,0.0009334558405200662
19.14,0.001140261529424836,0.0009332111443901841
19.142,0.0011394657135392209,0.0009329666159898206
19.144,0.0011386636191779629,0.0009327222552040036
19.146,0.0011378553191265738,0.0009324780619178401
19.148,0.001137040886469889,0.0009322340360165158
19.15,0.001136220394576146,0.0009319901773852949
19.152,0.001135393917086591,0.0009317464859095203
19.154,0.00113456152791295,0.0009315029614746136
19.156,0.001133723301243172,0.0009312596039660749
19.158,0.001132879311554346,0.0009310164132694828
19.16,0.001132029633629942,0.0009307733892704942
19.162,0.00113117434257806,0.0009305305318548446
19.164,0.001130313513846785,0.0009302878409083477
19.166,0.001129447223233934,0.0009300453163168955
19.168,0.0011285755468897019,0.0009298029579664582
19.17,0.0011276985613124751,0.000929560765743084
19.172,0.001126816343339775,0.0009293187395328996
19.174,0.001125928970137393,0.0009290768792221093
19.176,0.001125036519190478,0.0009288351846969958
19.178,0.0011241390682994751,0.0009285936558439196
19.18,0.001123236695583185,0.0009283522925493189
19.182,0.001122329479489333,0.00092811109469971
19.184,0.001121417498811229,0.0009278700621816869
19.186,0.001120500832708157,0.0009276291948819214
19.188,0.001119579560726016,0.0009273884926871628
19.19,0.001118653762814882,0.0009271479554842382
19.192,0.001117723519341038,0.0009269075831600522
19.194,0.001116788911092323,0.000926667375601587
19.196,0.001115850019277085,0.0009264273326959023
19.198,0.001114906925518564,0.0009261874543301349
19.2,0.0011139597118473119,0.0009259477403914994
19.202,0.001113008460694535,0.0009257081907672874
19.204,0.001112053254888785,0.0009254688053448679
19.206,0.001111094177657455,0.000925229584011687
19.208,0.001110131312633227,0.000924990526655268
19.21,0.001109164743864536,0.0009247516331632114
19.212,0.0011081945558280362,0.0009245129034231947
19.214,0.0011072208334411999,0.0009242743373229723
19.216,0.001106243662072839,0.0009240359347503755
19.218,0.001105263127550565,0.0009237976955933128
19.22,0.001104279316164876,0.0009235596197397692
19.222,0.001103292314670685,0.0009233217070778065
19.224,0.00110230221028749,0.0009230839574955635
19.226,0.001101309090699886,0.0009228463708812553
19.228,0.001100313044059487,0.000922608947123174
19.23,0.001099314158988971,0.0009223716861096881
19.232,0.001098312524587799,0.0009221345877292425
19.234,0.001097308230438399,0.0009218976518703587
19.236,0.001096301366611068,0.0009216608784216346
19.238,0.001095292023665746,0.0009214242672717446
19.24,0.00109428029264911,0.000921187818309439
19.242,0.00109326626508619,0.000920951531423545
19.244,0.0010922500329671042,0.0009207154065029653
19.246,0.0010912316887299069,0.0009204794434366793
19.248,0.001090211325242138,0.0009202436421137421
19.25,0.0010891890357831318,0.0009200080024232851
19.252,0.001088164914029824,0.0009197725242545157
19.254,0.001087139054047209,0.0009195372074967171
19.256,0.0010861115502842481,0.0009193020520392484
19.258,0.001085082497574393,0.0009190670577715448
19.26,0.0010840519911388229,0.0009188322245831169
19.262,0.001083020126590051,0.0009185975523635514
19.264,0.00108198699993295,0.0009183630410025104
19.266,0.001080952707561114,0.0009181286903897316
19.268,0.001079917346246845,0.0009178945004150288
19.27,0.0010788810131245829,0.0009176604709682907
19.272,0.001077843805668641,0.0009174266019394817
19.274,0.001076805821666883,0.0009171928932186418
19.276,0.001075767159192884,0.000916959344695886
19.278,0.0010747279165785881,0.0009167259562614051
19.28,0.0010736881923894869,0.0009164927278054647
19.282,0.0010726480854031059,0.0009162596592184061
19.284,0.001071607694590805,0.0009160267503906454
19.286,0.001070567119101924,0.0009157940012126738
19.288,0.001069526458248694,0.0009155614115750577
19.29,0.0010684858114903871,0.0009153289813684386
19.292,0.0010674452784149632,0.0009150967104835329
19.294,0.00106640495871768,0.0009148645988111318
19.296,0.001065364952175987,0.0009146326462421014
19.298,0.001064325358621639,0.0009144008526673826
19.3,0.001063286277910612,0.0009141692179779911
19.302,0.001062247809891998,0.0009139377420650174
19.304,0.001061210054376981,0.0009137064248196264
19.306,0.001060173111108541,0.0009134752661330579
19.308,0.001059137079732155,0.000913244265896626
19.31,0.0010581020597675269,0.0009130134240017194
19.312,0.001057068150581002,0.0009127827403398013
19.314,0.001056035451358258,0.0009125522148024091
19.316,0.001055004061077097,0.0009123218472811549
19.318,0.001053974078480058,0.0009120916376677247
19.32,0.0010529456020469021,0.000911861585853879
19.322,0.0010519187299670519,0.0009116316917314525
19.324,0.0010508935601119,0.0009114019551923539
19.326,0.001049870190006926,0.000911172376128566
19.328,0.001048848716803112,0.0009109429544321459
19.33,0.001047829237247218,0.0009107136899952244
19.332,0.0010468118476499848,0.0009104845827100063
19.334,0.001045796643851886,0.0009102556324687703
19.336,0.0010447837211859578,0.000910026839163869
19.338,0.001043773174437929,0.0009097982026877288
19.34,0.0010427650978042109,0.0009095697229328496
19.342,0.001041759584848956,0.0009093413997918054
19.344,0.0010407567284617522,0.0009091132331572434
19.346,0.001039756620817376,0.0009088852229218848
19.348,0.001038759353339229,0.0009086573689785241
19.35,0.0010377650166671672,0.0009084296712200292
19.352,0.001036773700629702,0.0009082021295393416
19.354,0.001035785494220278,0.0009079747438294762
19.356,0.0010348004855756398,0.0009077475139835211
19.358,0.001033818761954905,0.0009075204398946377
19.36,0.001032840409717085,0.0009072935214560608
19.362,0.0010318655142954728,0.0009070667585610983
19.364,0.001030894160168194,0.000906840151103131
19.366,0.0010299264308247541,0.0009066136989756132
19.368,0.001028962408729743,0.000906387402072072
19.37,0.0010280021752852508,0.0009061612602861074
19.372,0.0010270458107941199,0.0009059352735113925
19.374,0.0010260933944257781,0.0009057094416416732
19.376,0.0010251450041858779,0.0009054837645707682
19.378,0.0010242007168901031,0.0009052582421925692
19.38,0.001023260608141237,0.0009050328744010403
19.382,0.001022324752308452,0.0009048076610902186
19.384,0.001021393222506554,0.0009045826021542136
19.386,0.001020466090574073,0.0009043576974872074
19.388,0.001019543427048772,0.0009041329469834547
19.39,0.00101862530114098,0.0009039083505372829
19.392,0.001017711780705464,0.0009036839080430914
19.394,0.001016802932213668,0.0009034596193953523
19.396,0.001015898820728444,0.00090323548448861
19.398,0.001014999509882962,0.000903011503217481
19.4,0.001014105061864821,0.0009027876754766543
19.402,0.001013215537405329,0.0009025640011608907
19.404,0.001012330995772702,0.0009023404801650237
19.406,0.001011451494767022,0.0009021171123839584
19.408,0.001010577090714639,0.0009018938977126722
19.41,0.0010097078384597009,0.0009016708360462143
19.412,0.001008843791351502,0.0009014479272797059
19.414,0.0010079850012273581,0.0009012251713083403
19.416,0.001007131518392129,0.0009010025680273824
19.418,0.001006283391596492,0.000900780117332169
19.42,0.0010054406680164501,0.0009005578191181086
19.422,0.001004603393236784,0.0009003356732806814
19.424,0.001003771611240206,0.0009001136797154391
19.426,0.0010029453644033039,0.0008998918383180053
19.428,0.00100212469349868,0.000899670148984075
19.43,0.0010013096377022499,0.0008994486116094145
19.432,0.0010005002346034349,0.000899227226089862
19.434,0.000999696520216275,0.0008990059923213266
19.436,0.000998898528989605,0.000898784910199789
19.438,0.000998106293815164,0.0008985639796213014
19.44,0.000997319846033491,0.0008983432004819868
19.442,0.000996539215437926,0.0008981225726780398
19.444,0.0009957644302777688,0.0008979020961057258
19.446,0.00099499551726158,0.0008976817706613816
19.448,0.000994232501561283,0.000897461596241415
19.45,0.0009934754068176709,0.0008972415727423047
19.452,0.000992724255146795,0.0008970217000606004
19.454,0.000991979067147204,0.0008968019780929229
19.456,0.000991239861907341,0.0008965824067359635
19.458,0.00099050665701315,0.0008963629858864846
19.46,0.000989779468556071,0.0008961437154413192
19.462,0.000989058311142563,0.0008959245952973713
19.464,0.000988343197906018,0.0008957056253516151
19.466,0.000987634140522621,0.0008954868055010959
19.468,0.000986931149231622,0.0008952681356429291
19.47,0.000986234232860312,0.0008950496156743011
19.472,0.000985543398852652,0.0008948312454924685
19.474,0.0009848586533000411,0.0008946130249947583
19.476,0.000984180000971866,0.000894394954078568
19.478,0.000983507445343743,0.0008941770326413653
19.48,0.000982840988621813,0.0008939592605806885
19.482,0.000982180631762376,0.0008937416377941457
19.484,0.000981526374487654,0.0008935241641794154
19.486,0.000980878215299235,0.0008933068396342463
19.488,0.000980236151492017,0.0008930896640564571
19.49,0.000979600179171202,0.0008928726373439365
19.492,0.000978970293274647,0.0008926557593946432
19.494,0.0009783464876018829,0.000892439030106606
19.496,0.000977728754849359,0.0008922224493779235
19.498,0.00097711708665057,0.000892006017106764
19.5,0.000976511473618148,0.0008917897331913658
19.502,0.000975911905384887,0.0008915735975300371
19.504,0.0009753183706409241,0.0008913576100211553
19.506,0.000974730857164868,0.0008911417705631679
19.508,0.00097414935184871,0.0008909260790545919
19.51,0.00097357384071722,0.0008907105353940137
19.512,0.0009730043089442291,0.0008904951394800894
19.514,0.000972440740868773,0.0008902798912115446
19.516,0.0009718831200142019,0.0008900647904871741
19.518,0.0009713314291123601,0.0008898498372058423
19.52,0.0009707856501341589,0.0008896350312664827
19.522,0.0009702457643258279,0.0008894203725680985
19.524,0.0009697117522490871,0.0008892058610097615
19.526,0.000969183593822301,0.0008889914964906133
19.528,0.0009686612683595249,0.0008887772789098641
19.53,0.000968144754604805,0.0008885632081667936
19.532,0.0009676340307599819,0.0008883492841607502
19.534,0.0009671290745061741,0.0008881355067911518
19.536,0.000966629863020254,0.0008879218759574846
19.538,0.0009661363729889051,0.0008877083915593042
19.54,0.0009656485806237871,0.0008874950534962348
19.542,0.0009651664616805121,0.0008872818616679694
19.544,0.000964689991483892,0.0008870688159742699
19.546,0.000964219144960154,0.0008868559163149668
19.548,0.00096375389667519,0.0008866431625899594
19.55,0.00096329422087681,0.0008864305546992154
19.552,0.000962840091537623,0.0008862180925427712
19.554,0.00096239148239532,0.0008860057760207318
19.556,0.00096194836698742,0.0008857936050332704
19.558,0.0009615107186787531,0.0008855815794806289
19.56,0.0009610785106813599,0.0008853696992631176
19.562,0.000960651716067955,0.0008851579642811148
19.564,0.000960230307781238,0.0008849463744350674
19.566,0.0009598142586416611,0.0008847349296254905
19.568,0.000959403541356616,0.0008845236297529672
19.57,0.00095899812853281,0.0008843124747181491
19.572,0.0009585979926929672,0.0008841014644217555
19.574,0.000958203106296487,0.000883890598764574
19.576,0.0009578134417630578,0.0008836798776474601
19.578,0.000957428971497235,0.0008834693009713373
19.58,0.0009570496679120858,0.000883258868637197
19.582,0.0009566755034501839,0.0008830485805460986
19.584,0.000956306450600933,0.0008828384365991691
19.586,0.000955942481913708,0.0008826284366976034
19.588,0.000955583570007456,0.0008824185807426641
19.59,0.000955229687577267,0.0008822088686356814
19.592,0.00095488080739925,0.0008819993002780534
19.594,0.0009545369023346338,0.0008817898755712454
19.596,0.0009541979453338299,0.0008815805944167906
19.598,0.0009538639094411742,0.0008813714567162895
19.6,0.000953534767800214,0.00088116246237141
19.602,0.000953210493659887,0.0008809536112838876
19.604,0.0009528910603810769,0.000880744903355525
19.606,0.00095257644144362,0.0008805363384881922
19.608,0.0009522666104533291,0.0008803279165838267
19.61,0.000951961541149038,0.0008801196375444329
19.612,0.000951661207409295,0.0008799115012720825
19.614,0.000951365583258564,0.0008797035076689143
19.616,0.000951074642872789,0.0008794956566371343
19.618,0.000950788360584127,0.0008792879480790155
19.62,0.0009505067108847381,0.0008790803818968979
19.622,0.0009502296684297952,0.0008788729579931881
19.624,0.000949957208039689,0.0008786656762703601
19.626,0.0009496893047017099,0.0008784585366309544
19.628,0.0009494259335711469,0.0008782515389775786
19.63,0.000949167069971718,0.0008780446832129068
19.632,0.00094891268939508,0.00087783796923968
19.634,0.000948662767498598,0.0008776313969607055
19.636,0.000948417280100867,0.0008774249662788578
19.638,0.000948176203174188,0.0008772186770970775
19.64,0.0009479395128336209,0.000877012529318372
19.642,0.000947707185322533,0.0008768065228458151
19.644,0.00094747919699541,0.0008766006575825468
19.646,0.000947255524298933,0.000876394933431774
19.648,0.0009470361437527591,0.0008761893502967695
19.65,0.000946821031931897,0.0008759839080808726
19.652,0.0009466101654517969,0.0008757786066874889
19.654,0.000946403520957227,0.00087557344602009
19.656,0.0009462010751148629,0.000875368425982214
19.658,0.000946002804609016,0.0008751635464774647
19.66,0.0009458086861391091,0.0008749588074095123
19.662,0.000945618696416869,0.0008747542086820929
19.664,0.000945432812161821,0.0008745497501990087
19.666,0.000945251010093415,0.0008743454318641277
19.668,0.000945073266919369,0.0008741412535813838
19.67,0.000944899559320444,0.0008739372152547769
19.672,0.000944729863932978,0.0008737333167883726
19.674,0.0009445641573309202,0.0008735295580863022
19.676,0.000944402416009388,0.0008733259390527627
19.678,0.0009442446163715909,0.000873122459592017
19.68,0.000944090734720042,0.0008729191196083935
19.682,0.000943940747252181,0.0008727159190062859
19.684,0.000943794630059357,0.0008725128576901539
19.686,0.0009436523591273159,0.0008723099355645225
19.688,0.0009435139103357711,0.000872107152533982
19.69,0.0009433792594547761,0.0008719045085031882
19.692,0.0009432483821360851,0.0008717020033768624
19.694,0.000943121253898783,0.000871499637059791
19.696,0.0009429978501094391,0.0008712974094568257
19.698,0.000942878145958409,0.0008710953204728835
19.7,0.000942762116434283,0.0008708933700129466
19.702,0.000942649736299305,0.0008706915579820622
19.704,0.0009425409800678688,0.0008704898842853428
19.706,0.0009424358219899561,0.0008702883488279656
19.708,0.0009423342360397741,0.0008700869515151731
19.71,0.00094223619590956,0.0008698856922522727
19.712,0.000942141675006811,0.0008696845709446365
19.714,0.000942050646453148,0.0008694835874977019
19.716,0.000941963083082724,0.0008692827418169706
19.718,0.000941878957438375,0.0008690820338080093
19.72,0.00094179824176456,0.0008688814633764496
19.722,0.0009417209079968429,0.0008686810304279875
19.724,0.000941646927748757,0.000868480734868384
19.726,0.0009415762722973229,0.0008682805766034642
19.728,0.000941508912569135,0.0008680805555391182
19.73,0.000941444819128761,0.0008678806715813004
19.732,0.000941383962170799,0.0008676809246360295
19.734,0.0009413263115164311,0.0008674813146093891
19.736,0.00094127183661446,0.0008672818414075268
19.738,0.000941220506545801,0.0008670825049366546
19.74,0.0009411722900303879,0.0008668833051030488
19.742,0.0009411271554343079,0.00086668424181305
19.744,0.0009410850707756431,0.0008664853149730629
19.746,0.000941046003727526,0.0008662865244895565
19.748,0.0009410099216174,0.0008660878702690637
19.75,0.0009409767914223539,0.0008658893522181817
19.752,0.0009409465797612461,0.0008656909702435716
19.754,0.0009409192528843429,0.0008654927242519585
19.756,0.0009408947766623929,0.0008652946141501314
19.758,0.0009408731165761871,0.0008650966398449433
19.76,0.0009408542377082629,0.0008648988012433109
19.762,0.0009408381047372539,0.0008647010982522148
19.764,0.000940824681935494,0.0008645035307786994
19.766,0.0009408139331696049,0.0008643060987298726
19.768,0.0009408058219036899,0.0008641088020129063
19.77,0.0009408003112044129,0.0008639116405350358
19.772,0.000940797363747524,0.00086371461420356
19.774,0.000940796941825251,0.0008635177229258414
19.776,0.0009407990073541289,0.0008633209666093062
19.778,0.0009408035218831529,0.0008631243451614435
19.78,0.0009408104466017871,0.0008629278584898065
19.782,0.000940819742347567,0.0008627315065020112
19.784,0.000940831369612686,0.0008625352891057372
19.786,0.000940845288549149,0.0008623392062087273
19.788,0.000940861458972177,0.0008621432577187877
19.79,0.000940879840361719,0.0008619474435437876
19.792,0.0009409003918626729,0.0008617517635916594
19.794,0.0009409230722846461,0.0008615562177703987
19.796,0.000940947840102873,0.000861360805988064
19.798,0.0009409746534616859,0.0008611655281527769
19.8,0.0009410034701817719,0.0008609703841727221
19.802,0.0009410342477721971,0.0008607753739561471
19.804,0.0009410669434466519,0.0008605804974113623
19.806,0.0009411015141430961,0.000860385754446741
19.808,0.0009411379165445511,0.0008601911449707193
19.81,0.0009411761070989601,0.000859996668891796
19.812,0.0009412160420356869,0.0008598023261185328
19.814,0.000941257677377242,0.0008596081165595538
19.816,0.0009413009689457699,0.0008594140401235458
19.818,0.000941345872364943,0.0008592200967192584
19.82,0.0009413923430593172,0.0008590262862555036
19.822,0.0009414403362533399,0.0008588326086411559
19.824,0.000941489806972447,0.0008586390637851523
19.826,0.0009415407100481,0.0008584456515964923
19.828,0.0009415930001270761,0.0008582523719842375
19.83,0.0009416466316846319,0.000858059224857512
19.832,0.0009417015590395519,0.0008578662101255025
19.834,0.000941757736368761,0.0008576733276974574
19.836,0.0009418151177193151,0.0008574805774826876
19.838,0.000941873657016162,0.0008572879593905662
19.84,0.000941933308065439,0.0008570954733305284
19.842,0.0009419940245543049,0.0008569031192120713
19.844,0.0009420557600494001,0.0008567108969447543
19.846,0.0009421184679967269,0.0008565188064381985
19.848,0.000942182101725163,0.0008563268476020872
19.85,0.0009422466144554192,0.0008561350203461655
19.852,0.0009423119593144319,0.0008559433245802404
19.854,0.0009423780893542819,0.0008557517602141806
19.856,0.000942444957572933,0.0008555603271579169
19.858,0.000942512516934253,0.0008553690253214414
19.86,0.0009425807203843281,0.0008551778546148082
19.862,0.000942649520862375,0.0008549868149481331
19.864,0.0009427188713056699,0.0008547959062315933
19.866,0.000942788724649388,0.0008546051283754277
19.868,0.000942859033823329,0.0008544144812899367
19.87,0.000942929751748381,0.000854223964885482
19.872,0.000943000831334958,0.0008540335790724871
19.874,0.00094307222548549,0.0008538433237614368
19.876,0.0009431438871014889,0.0008536531988628769
19.878,0.000943215769094709,0.000853463204287415
19.88,0.000943287824400603,0.0008532733399457198
19.882,0.000943360005991866,0.000853083605748521
19.884,0.0009434322668897259,0.0008528940016066099
19.886,0.000943504560171176,0.0008527045274308386
19.888,0.0009435768389711721,0.0008525151831321206
19.89,0.000943649056480107,0.0008523259686214302
19.892,0.0009437211659374339,0.0008521368838098028
19.894,0.0009437931206235221,0.0008519479286083349
19.896,0.0009438648738516291,0.0008517591029281839
19.898,0.000943936378961889,0.000851570406680568
19.9,0.000944007589318881,0.0008513818397767664
19.902,0.000944078458313244,0.0008511934021281189
19.904,0.0009441489393674389,0.0008510050936460262
19.906,0.0009442189859448591,0.00085081691424195
19.908,0.000944288551561064,0.000850628863827412
19.91,0.00094435758979562,0.0008504409423139953
19.912,0.000944426054303206,0.0008502531496133432
19.914,0.0009444938988223349,0.0008500654856371596
19.916,0.000944561077180901,0.0008498779502972091
19.918,0.0009446275432978038,0.0008496905435053164
19.92,0.000944693251180292,0.0008495032651733671
19.922,0.000944758154917592,0.000849316115213307
19.924,0.0009448222086712679,0.0008491290935371421
19.926,0.0009448853666636761,0.000848942200056939
19.928,0.0009449475831658381,0.0008487554346848244
19.93,0.0009450088124862992,0.0008485687973329851
19.932,0.000945069008962482,0.0008483822879136684
19.934,0.000945128126955736,0.0008481959063391818
19.936,0.0009451861208505161,0.0008480096525218925
19.938,0.000945242945057851,0.000847823526374228
19.94,0.000945298554022269,0.0008476375278086759
19.942,0.0009453529022307389,0.0008474516567377837
19.944,0.000945405944222065,0.0008472659130741587
19.946,0.000945457634594605,0.0008470802967304686
19.948,0.000945507928010932,0.0008468948076194403
19.95,0.000945556779198204,0.000846709445653861
19.952,0.0009456041429439801,0.0008465242107465775
19.954,0.0009456499740877961,0.0008463391028104963
19.956,0.0009456942275097259,0.0008461541217585837
19.958,0.0009457368581175611,0.0008459692675038656
19.96,0.000945777820834184,0.0008457845399594277
19.962,0.0009458170705867919,0.0008455999390384149
19.964,0.000945854562298982,0.0008454154646540319
19.966,0.0009458902508862161,0.0008452311167195429
19.968,0.000945924091254269,0.0008450468951482714
19.97,0.0009459560383002299,0.0008448627998536005
19.972,0.0009459860469146781,0.0008446788307489726
19.974,0.000946014071984216,0.0008444949877478894
19.976,0.0009460400683932719,0.0008443112707639119
19.978,0.0009460639910248349,0.0008441276797106603
19.98,0.000946085794759829,0.0008439442145018142
19.982,0.0009461054344756041,0.0008437608750511121
19.984,0.000946122865043879,0.0008435776612723518
19.986,0.0009461380413288481,0.0008433945730793903
19.988,0.0009461509181857919,0.0008432116103861433
19.99,0.000946161450460427,0.0008430287731065858
19.992,0.00094616959298885,0.0008428460611547517
19.994,0.0009461753005976961,0.0008426634744447337
19.996,0.000946178528104174,0.0008424810128906836
19.998,0.000946179230315455,0.0008422986764068119
20.0,0.0009461773620273161,0.0008421164649073879
20.002,0.0009461728780221911,0.0008419343783067398
20.004,0.0009461657330670302,0.0008417524165192544
20.006,0.0009461558819116739,0.0008415705794593771
20.008,0.0009461432792884819,0.0008413888670416122
20.01,0.0009461278799136611,0.0008412072791805224
20.012,0.000946109638490467,0.000841025815790729
20.014,0.0009460885097139979,0.0008408444767869119
20.016,0.000946064448276566,0.0008406632620838094
20.018,0.000946037408872612,0.0008404821715962183
20.02,0.000946007346201894,0.0008403012052389938
20.022,0.0009459742149698741,0.0008401203629270493
20.024,0.000945937969885073,0.0008399396445753568
20.026,0.000945898565653623,0.0008397590500989464
20.028,0.000945855956972367,0.0008395785794129065
20.03,0.0009458100985225169,0.0008393982324323839
20.032,0.00094576094496593,0.000839218009072583
20.034,0.0009457084509463991,0.000839037909248767
20.036,0.000945652571097287,0.0008388579328762567
20.038,0.000945593260056044,0.0008386780798704312
20.04,0.000945530472484926,0.0008384983501467274
20.042,0.0009454641630957771,0.0008383187436206403
20.044,0.000945394286676265,0.0008381392602077229
20.046,0.0009453207981142209,0.0008379598998235859
20.048,0.000945243652417493,0.0008377806623838979
20.05,0.000945162804727148,0.0008376015478043856
20.052,0.000945078210323483,0.0008374225560008329
20.054,0.00094498982462567,0.000837243686889082
20.056,0.000944897603187017,0.0008370649403850323
20.058,0.0009448015016886211,0.0008368863164046412
20.06,0.000944701475934378,0.0008367078148639235
20.062,0.0009445974818497039,0.0008365294356789517
20.064,0.0009444894754853529,0.0008363511787658558
20.066,0.000944377413026386,0.0008361730440408231
20.068,0.0009442612508051621,0.0008359950314200988
20.07,0.0009441409453164371,0.000835817140819985
20.072,0.0009440164532323811,0.0008356393721568415
20.074,0.0009438877314157751,0.0008354617253470853
20.076,0.0009437547369303339,0.0008352842003071907
20.078,0.000943617427048593,0.0008351067969536893
20.08,0.0009434757592584871,0.0008349295152031698
20.082,0.000943329691270786,0.0008347523549722784
20.084,0.0009431791810292989,0.000834575316177718
20.086,0.000943024186725666,0.0008343983987362487
20.088,0.000942864666819275,0.000834221602564688
20.09,0.0009427005800617099,0.0008340449275799102
20.092,0.0009425318855239319,0.0008338683736988464
20.094,0.000942358542623643,0.0008336919408384847
20.096,0.000942180511150093,0.0008335156289158704
20.098,0.000941997751283966,0.0008333394378481054
20.1,0.000941810223611042,0.0008331633675523485
20.102,0.0009416178891296781,0.0008329874179458152
20.104,0.0009414207092532849,0.0008328115889457778
20.106,0.0009412186458103351,0.0008326358804695654
20.108,0.000941011661044322,0.0008324602924345636
20.11,0.000940799717616771,0.0008322848247582147
20.112,0.000940582778614851,0.0008321094773580177
20.114,0.0009403608075649159,0.0008319342501515281
20.116,0.0009401337684513529,0.0008317591430563577
20.118,0.000939901625739896,0.0008315841559901751
20.12,0.000939664344403197,0.0008314092888707051
20.122,0.000939421889946663,0.000831234541615729
20.124,0.000939174228432745,0.0008310599141430843
20.126,0.000938921326502283,0.0008308854063706652
20.128,0.0009386631513924619,0.0008307110182164217
20.13,0.000938399670951503,0.0008305367495983603
20.132,0.0009381308536508251,0.0008303626004345437
20.134,0.000937856668595704,0.0008301885706430909
20.136,0.000937577085535398,0.0008300146601421766
20.138,0.000937292074873709,0.000829840868850032
20.14,0.000937001607680321,0.0008296671966849443
20.142,0.000936705655703268,0.0008294936435652565
20.144,0.000936404191382438,0.0008293202094093676
20.146,0.0009360971878639539,0.0008291468941357328
20.148,0.0009357846190153369,0.0008289736976628629
20.15,0.00093546645944116,0.0008288006199093247
20.152,0.0009351426844993021,0.0008286276607937408
20.154,0.000934813270317643,0.0008284548202347895
20.156,0.000934478193810983,0.0008282820981512051
20.158,0.000934137432698048,0.0008281094944617773
20.16,0.000933790965518079,0.0008279370090853517
20.162,0.0009334387716464711,0.0008277646419408292
20.164,0.0009330808313091199,0.0008275923929471667
20.166,0.0009327171255950241,0.0008274202620233763
20.168,0.0009323476364673259,0.000827248249088526
20.17,0.0009319723467730839,0.0008270763540617389
20.172,0.000931591240252521,0.0008269045768621936
20.174,0.0009312043015487961,0.0008267329174091243
20.176,0.0009308115162191069,0.0008265613756218204
20.178,0.0009304128707479601,0.0008263899514196267
20.18,0.0009300083525625692,0.0008262186447219434
20.182,0.0009295979500501361,0.0008260474554482255
20.184,0.0009291816525757071,0.0008258763835179837
20.186,0.000928759450499308,0.0008257054288507837
20.188,0.0009283313351904069,0.0008255345913662463
20.19,0.0009278972990387001,0.0008253638709840473
20.192,0.0009274573354599891,0.0008251932676239179
20.194,0.000927011438897669,0.000825022781205644
20.196,0.000926559604820396,0.0008248524116490666
20.198,0.000926101829718087,0.0008246821588740815
20.2,0.000925638111098089,0.0008245120228006396
20.202,0.0009251684474838602,0.0008243420033487468
20.204,0.000924692838417601,0.0008241721004384634
20.206,0.00092421128446775,0.0008240023139899048
20.208,0.000923723787240814,0.0008238326439232412
20.21,0.0009232303493963831,0.0008236630901586972
20.212,0.00092273097466321,0.0008234936526165525
20.214,0.0009222256678541699,0.0008233243312171412
20.216,0.000921714434878043,0.0008231551258808521
20.218,0.0009211972827468171,0.0008229860365281283
20.22,0.0009206742195781469,0.0008228170630794679
20.222,0.0009201452545934871,0.0008226482054554231
20.224,0.0009196103981134369,0.0008224794635766008
20.226,0.000919069661551989,0.0008223108373636622
20.228,0.000918523057411788,0.0008221423267373228
20.23,0.0009179705992816789,0.0008219739316183527
20.232,0.000917412301837478,0.0008218056519275762
20.234,0.0009168481808458991,0.0008216374875858716
20.236,0.000916278253170848,0.0008214694385141719
20.238,0.0009157025367806831,0.000821301504633464
20.24,0.000915121050754814,0.000821133685864789
20.242,0.000914533815288105,0.0008209659821292423
20.244,0.000913940851691743,0.0008207983933479731
20.246,0.0009133421823901521,0.0008206309194421848
20.248,0.000912737830913713,0.0008204635603331347
20.25,0.0009121278218880691,0.0008202963159421344
20.252,0.000911512181021118,0.000820129186190549
20.254,0.0009108909350888361,0.0008199621709997979
20.256,0.0009102641119216761,0.0008197952702913541
20.258,0.0009096317403923129,0.0008196284839867445
20.26,0.0009089938504059609,0.0008194618120075499
20.262,0.000908350472893294,0.0008192952542754046
20.264,0.0009077016398060001,0.0008191288107119968
20.266,0.0009070473841142671,0.0008189624812390684
20.268,0.0009063877398053931,0.0008187962657784148
20.27,0.0009057227418823239,0.0008186301642518852
20.272,0.00090505242636128,0.0008184641765813822
20.274,0.0009043768302675289,0.000818298302688862
20.276,0.0009036959916289171,0.0008181325424963344
20.278,0.000903009949467002,0.0008179668959258624
20.28,0.000902318743785969,0.0008178013628995627
20.282,0.0009016224155598351,0.000817635943339605
20.284,0.000900921006718496,0.000817470637168213
20.286,0.0009002145601332489,0.0008173054443076631
20.288,0.0008995031196024569,0.0008171403646802852
20.29,0.000898786729837752,0.0008169753982084625
20.292,0.0008980654364512519,0.0008168105448146312
20.294,0.0008973392859439241,0.000816645804421281
20.296,0.0008966083256953289,0.0008164811769509544
20.298,0.000895872603954513,0.0008163166623262472
20.3,0.0008951321698318721,0.0008161522604698083
20.302,0.00089438707329151,0.0008159879713043393
20.304,0.0008936373651432829,0.0008158237947525951
20.306,0.000892883097033891,0.0008156597307373835
20.308,0.0008921243214361571,0.000815495779181565
20.31,0.0008913610916358181,0.0008153319400080534
20.312,0.000890593461715769,0.0008151682131398147
20.314,0.0008898214865377951,0.0008150045984998684
20.316,0.0008890452217226999,0.0008148410960112863
20.318,0.0008882647236298641,0.0008146777055971932
20.32,0.0008874800493376849,0.0008145144271807663
20.322,0.000886691256626096,0.0008143512606852357
20.324,0.0008858984039621091,0.000814188206033884
20.326,0.00088510155048849,0.0008140252631500466
20.328,0.000884300756015191,0.0008138624319571112
20.33,0.0008834960810122169,0.000813699712378518
20.332,0.0008826875866024561,0.0008135371043377599
20.334,0.000881875334552576,0.0008133746077583821
20.336,0.0008810593872608959,0.0008132122225639822
20.338,0.000880239807741236,0.0008130499486782104
20.34,0.0008794166596032809,0.0008128877860247687
20.342,0.0008785900070303241,0.000812725734527412
20.344,0.0008777599147562621,0.0008125637941099472
20.346,0.0008769264480441149,0.0008124019646962332
20.348,0.000876089672667909,0.0008122402462101815
20.35,0.000875249654899573,0.0008120786385757555
20.352,0.0008744064615014409,0.0008119171417169708
20.354,0.0008735601597238069,0.0008117557555578952
20.356,0.000872710817306151,0.0008115944800226483
20.358,0.0008718585024797671,0.0008114333150354018
20.36,0.0008710032839690561,0.0008112722605203796
20.362,0.000870145230989156,0.0008111113164018572
20.364,0.00086928441323774,0.0008109504826041622
20.366,0.000868420900880373,0.0008107897590516741
20.368,0.0008675547645292821,0.0008106291456688241
20.37,0.0008666860752174511,0.0008104686423800954
20.372,0.0008658149043701721,0.0008103082491100226
20.374,0.0008649413237771331,0.0008101479657831925
20.376,0.0008640654055681581,0.0008099877923242432
20.378,0.0008631872221949229,0.0008098277286578647
20.38,0.0008623068464201692,0.0008096677747087984
20.382,0.0008614243513144519,0.0008095079304018376
20.384,0.0008605398102592531,0.0008093481956618269
20.386,0.000859653296954029,0.0008091885704136624
20.388,0.0008587648854242089,0.000809029054582292
20.39,0.000857874650026963,0.0008088696480927146
20.392,0.0008569826654524639,0.0008087103508699808
20.394,0.0008560890067190431,0.0008085511628391925
20.396,0.000855193749162557,0.0008083920839255028
20.398,0.0008542969684210219,0.0008082331140541165
20.4,0.000853398740417128,0.0008080742531502893
20.402,0.0008524991413413531,0.0008079155011393283
20.404,0.0008515982476381609,0.0008077568579465916
20.406,0.00085069613599715,0.0008075983234974888
20.408,0.00084979288334938,0.0008074398977174803
20.41,0.000848888566868091,0.0008072815805320778
20.412,0.0008479832639716131,0.0008071233718668439
20.414,0.0008470770523260061,0.0008069652716473925
20.416,0.000846170009844695,0.0008068072797993881
20.418,0.000845262214683422,0.0008066493962485464
20.42,0.0008443537452298921,0.0008064916209206341
20.422,0.0008434446800890421,0.0008063339537414686
20.424,0.0008425350980657889,0.0008061763946369182
20.426,0.0008416250781483679,0.000806018943532902
20.428,0.0008407146994947089,0.00080586160035539
20.43,0.0008398040414244281,0.0008057043650304028
20.432,0.000838893183417285,0.0008055472374840117
20.434,0.000837982205117804,0.0008053902176423388
20.436,0.000837071186344472,0.0008052333054315568
20.438,0.000836160207101046,0.0008050765007778888
20.44,0.000835249347587052,0.0008049198036076089
20.442,0.0008343386882053519,0.0008047632138470413
20.444,0.0008334283095650982,0.000804606731422561
20.446,0.00083251829247986,0.0008044503562605934
20.448,0.0008316087179618439,0.0008042940882876141
20.45,0.000830699667213761,0.0008041379274301494
20.452,0.0008297912216202539,0.000803981873614776
20.454,0.000828883462740932,0.0008038259267681205
20.456,0.0008279764723057659,0.0008036700868168603
20.458,0.000827070332213293,0.0008035143536877227
20.46,0.0008261651245310421,0.0008033587273074855
20.462,0.0008252609314969,0.0008032032076029764
20.464,0.000824357835520094,0.0008030477945010734
20.466,0.0008234559191805399,0.0008028924879287047
20.468,0.000822555265225897,0.0008027372878128486
20.47,0.0008216559565662601,0.0008025821940805333
20.472,0.0008207580762669209,0.0008024272066588369
20.474,0.000819861707540257,0.000802272325474888
20.476,0.0008189669337376,0.0008021175504558646
20.478,0.000818073838341966,0.0008019628815289949
20.48,0.000817182504962212,0.000801808318621557
20.482,0.000816293017328574,0.0008016538616608788
20.484,0.000815405459289525,0.0008014995105743378
20.486,0.0008145199148097441,0.0008013452652893616
20.488,0.0008136364679688511,0.0008011911257334274
20.49,0.000812755202960986,0.000801037091834062
20.492,0.000811876204095588,0.0008008831635188423
20.494,0.0008109995557996209,0.0008007293407153943
20.496,0.000810125342621578,0.0008005756233513938
20.498,0.000809253649237379,0.0008004220113545664
20.5,0.00080838456045756,0.0008002685046526871
20.502,0.000807518161234916,0.0008001151031735801
20.504,0.000806654536671297,0.0007999618068451197
20.506,0.0008057937720219082,0.000799808615595229
20.508,0.0008049359526958501,0.000799655529351881
20.51,0.0008040811642521159,0.0007995025480430978
20.512,0.0008032294923907991,0.0007993496715969509
20.514,0.000802381022940188,0.000799196899941561
20.516,0.0008015358418412431,0.0007990442330050983
20.518,0.0008006940351310738,0.0007988916707157822
20.52,0.000799855688927225,0.0007987392130018811
20.522,0.0007990208894143689,0.0007985868597917128
20.524,0.000798189722834094,0.0007984346110136439
20.526,0.000797362275478029,0.0007982824665960905
20.528,0.000796538633683526,0.0007981304264675176
20.53,0.0007957188838310829,0.0007979784905564392
20.532,0.000794903112342184,0.0007978266587914183
20.534,0.00079409140567676,0.0007976749311010669
20.536,0.0007932838503295859,0.0007975233074140459
20.538,0.0007924805328258491,0.0007973717876590652
20.54,0.0007916815397162051,0.0007972203717648835
20.542,0.000790886957572016,0.0007970690596603083
20.544,0.0007900968729813139,0.000796917851274196
20.546,0.000789311372545646,0.0007967667465354515
20.548,0.0007885305428773411,0.0007966157453730288
20.55,0.000787754470596428,0.0007964648477159304
20.552,0.0007869832423256799,0.0007963140534932075
20.554,0.000786216944682823,0.0007961633626339599
20.556,0.0007854556642686501,0.0007960127750673361
20.558,0.0007846994876510611,0.0007958622907225329
20.56,0.0007839485013454749,0.0007957119095287961
20.562,0.0007832027917930369,0.0007955616314154195
20.564,0.0007824624453385981,0.0007954114563117457
20.566,0.0007817275482104359,0.0007952613841471655
20.568,0.0007809981865035929,0.0007951114148511183
20.57,0.0007802744461676719,0.0007949615483530919
20.572,0.0007795564129991211,0.0007948117845826223
20.574,0.000778844172636822,0.0007946621234692936
20.576,0.0007781378105590831,0.0007945125649427386
20.578,0.0007774374120796789,0.000794363108932638
20.58,0.0007767430623406831,0.000794213755368721
20.582,0.00077605484630037,0.0007940645041807647
20.584,0.000775372848715634,0.0007939153552985943
20.586,0.000774697154119361,0.0007937663086520834
20.588,0.00077402784679417,0.0007936173641711533
20.59,0.0007733650107447831,0.0007934685217857738
20.592,0.000772708729671355,0.0007933197814259624
20.594,0.0007720590869458521,0.0007931711430217844
20.596,0.0007714161655928329,0.0007930226065033533
20.598,0.0007707800482750891,0.0007928741718008306
20.6,0.0007701508172834079,0.0007927258388444253
20.602,0.0007695285545293051,0.0007925776075643948
20.604,0.000768913341538714,0.0007924294778910437
20.606,0.000768305259444712,0.0007922814497547246
20.608,0.000767704388977767,0.0007921335230858381
20.61,0.0007671108104521589,0.0007919856978148321
20.612,0.000766524603748243,0.0007918379738722025
20.614,0.000765945848290363,0.0007916903511884926
20.616,0.000765374623021156,0.0007915428296942935
20.618,0.000764811006372742,0.0007913954093202438
20.62,0.00076425507623596,0.0007912480899970295
20.622,0.0007637069099285479,0.0007911008716553844
20.624,0.0007631665841631859,0.0007909537542260895
20.626,0.000762634175016566,0.0007908067376399735
20.628,0.0007621097579002759,0.0007906598218279123
20.63,0.0007615934075345071,0.0007905130067208294
20.632,0.0007610851979250699,0.0007903662922496953
20.634,0.0007605852023440799,0.0007902196783455282
20.636,0.0007600934933140609,0.0007900731649393934
20.638,0.0007596101425947011,0.0007899267519624034
20.64,0.0007591352211709212,0.0007897804393457181
20.642,0.000758668799240638,0.0007896342270205445
20.644,0.000758210946200609,0.0007894881149181366
20.646,0.000757761730628827,0.0007893421029697957
20.648,0.000757321220262742,0.0007891961911068702
20.65,0.0007568894819731989,0.0007890503792607554
20.652,0.0007564665817348841,0.0007889046673628939
20.654,0.000756052584594695,0.000788759055344775
20.656,0.00075564755463977,0.0007886135431379351
20.658,0.0007552515549669551,0.0007884681306739576
20.66,0.0007548646476550249,0.0007883228178844727
20.662,0.0007544868937402599,0.0007881776047011574
20.664,0.0007541183531953059,0.0007880324910557356
20.666,0.0007537590849102519,0.000787887476879978
20.668,0.000753409146674903,0.0007877425621057022
20.67,0.0007530685951605178,0.0007875977466647723
20.672,0.0007527374858999971,0.0007874530304890993
20.674,0.0007524158732657959,0.0007873084135106408
20.676,0.000752103810445488,0.000787163895661401
20.678,0.000751801349415434,0.0007870194768734306
20.68,0.0007515085409135109,0.0007868751570788273
20.682,0.000751225434411869,0.0007867309362097349
20.684,0.000750952078090517,0.0007865868141983439
20.686,0.0007506885188121441,0.0007864427909768912
20.688,0.000750434802098434,0.0007862988664776603
20.69,0.000750190972107403,0.0007861550406329809
20.692,0.0007499570716113339,0.0007860113133752293
20.694,0.0007497331419750189,0.000785867684636828
20.696,0.000749519223133821,0.000785724154350246
20.698,0.0007493153535718111,0.0007855807224479984
20.7,0.000749121570299906,0.0007854373888626466
20.702,0.000748937908834664,0.0007852941535267982
20.704,0.0007487644031776799,0.0007851510163731073
20.706,0.0007486010857956759,0.0007850079773342736
20.708,0.0007484479876009751,0.0007848650363430435
20.71,0.0007483051379317129,0.0007847221933322091
20.712,0.000748172564531124,0.0007845794482346088
20.714,0.0007480502935254079,0.0007844368009831268
20.716,0.0007479383494000011,0.0007842942515106936
20.718,0.0007478367549746141,0.0007841517997502855
20.72,0.0007477455313780019,0.0007840094456349248
20.722,0.0007476646980236509,0.0007838671890976796
20.724,0.0007475942725877068,0.000783725030071664
20.726,0.000747534270990297,0.000783582968490038
20.728,0.0007474847073806199,0.0007834410042860072
20.73,0.0007474455941255901,0.0007832991373928231
20.732,0.000747416941801094,0.000783157367743783
20.734,0.0007473987591843391,0.00078301569527223
20.736,0.0007473910532457201,0.0007828741199115526
20.738,0.000747393829138704,0.0007827326415951853
20.74,0.000747407090186952,0.0007825912602566078
20.742,0.000747430837868488,0.000782449975829346
20.744,0.000747465071797563,0.0007823087882469707
20.746,0.000747509789705305,0.0007821676974430989
20.748,0.0007475649874204762,0.0007820267033513924
20.75,0.0007476306588516801,0.0007818858059055592
20.752,0.000747706795971715,0.0007817450050393521
20.754,0.000747793388804483,0.0007816043006865697
20.756,0.0007478904254140891,0.0007814636927810559
20.758,0.0007479978918958239,0.0007813231812566998
20.76,0.000748115772367982,0.0007811827660474359
20.762,0.000748244048964303,0.0007810424470872442
20.764,0.000748382701826636,0.0007809022243101496
20.766,0.0007485317090979821,0.0007807620976502226
20.768,0.0007486910469163649,0.0007806220670415785
20.77,0.0007488606894101341,0.000780482132418378
20.772,0.0007490406086951341,0.0007803422937148268
20.774,0.0007492307748739061,0.0007802025508651759
20.776,0.0007494311560366921,0.0007800629038037212
20.778,0.000749641718263755,0.0007799233524648036
20.78,0.000749862425627912,0.0007797838967828092
20.782,0.0007500932401964311,0.0007796445366921689
20.784,0.000750334122031403,0.0007795052721273586
20.786,0.000750585029187991,0.0007793661030228992
20.788,0.000750845917710774,0.0007792270293133564
20.79,0.0007511167416285189,0.0007790880509333406
20.792,0.00075139745294861,0.0007789491678175073
20.794,0.0007516880016522429,0.0007788103799005567
20.796,0.0007519883356920879,0.0007786716871172336
20.798,0.000752298400993288,0.0007785330894023279
20.8,0.000752618141458745,0.0007783945866906737
20.802,0.000752947498978656,0.0007782561789171501
20.804,0.0007532864134439201,0.0007781178660166809
20.806,0.0007536348227620061,0.0007779796479242343
20.808,0.000753992662873926,0.0007778415245748231
20.81,0.000754359867770461,0.0007777034959035047
20.812,0.0007547363695060059,0.000777565561845381
20.814,0.000755122098209204,0.0007774277223355985
20.816,0.000755516982089646,0.0007772899773093479
20.818,0.0007559209474413811,0.0007771523267018647
20.82,0.000756333918644297,0.0007770147704484284
20.822,0.0007567558181651691,0.000776877308484363
20.824,0.000757186566560619,0.0007767399407450369
20.826,0.000757626082483901,0.0007766026671658629
20.828,0.0007580742826971151,0.0007764654876822977
20.83,0.0007585310820897989,0.0007763284022298427
20.832,0.0007589963937036271,0.0007761914107440432
20.834,0.0007594701287623341,0.0007760545131604888
20.836,0.0007599521967048531,0.0007759177094148132
20.838,0.0007604425052195678,0.0007757809994426943
20.84,0.0007609409602770669,0.000775644383179854
20.842,0.000761447466159456,0.0007755078605620582
20.844,0.000761961925484873,0.000775371431525117
20.846,0.000762484239226903,0.0007752350960048846
20.848,0.0007630143067295051,0.0007750988539372587
20.85,0.0007635520257192299,0.0007749627052581814
20.852,0.00076409729231684,0.0007748266499036386
20.854,0.0007646500010506962,0.0007746906878096598
20.856,0.0007652100448741351,0.0007745548189123188
20.858,0.000765777315187995,0.0007744190431477329
20.86,0.000766351701868622,0.0007742833604520633
20.862,0.0007669330933006591,0.0007741477707615149
20.864,0.000767521376412867,0.0007740122740123364
20.866,0.0007681164367149201,0.0007738768701408201
20.868,0.0007687181583330249,0.0007737415590833021
20.87,0.0007693264240427771,0.0007736063407761621
20.872,0.000769941115298409,0.0007734712151558234
20.874,0.0007705621122591029,0.0007733361821587527
20.876,0.0007711892938133849,0.0007732012417214606
20.878,0.0007718225376038691,0.0007730663937805009
20.88,0.0007724617200545649,0.0007729316382724711
20.882,0.0007731067164024569,0.0007727969751340121
20.884,0.0007737574007344831,0.0007726624043018082
20.886,0.0007744136460298039,0.0007725279257125871
20.888,0.000775075324205941,0.0007723935393031198
20.89,0.0007757423061667669,0.0007722592450102208
20.892,0.0007764144618495799,0.0007721250427707479
20.894,0.0007770916602686331,0.000771990932521602
20.896,0.0007777737695531741,0.0007718569141997274
20.898,0.000778460656979122,0.0007717229877421117
20.9,0.0007791521889944459,0.0007715891530857855
20.902,0.000779848231239929,0.0007714554101678227
20.904,0.000780548648567372,0.0007713217589253402
20.906,0.0007812533050582459,0.000771188199295498
20.908,0.000781962064045286,0.0007710547312154994
20.91,0.0007826747881391311,0.0007709213546225906
20.912,0.000783391339261304,0.0007707880694540608
20.914,0.0007841115786834331,0.0007706548756472422
20.916,0.0007848353670720169,0.0007705217731395099
20.918,0.0007855625645367691,0.0007703887618682821
20.92,0.0007862930306805691,0.0007702558417710197
20.922,0.0007870266246489489,0.0007701230127852266
20.924,0.0007877632051772591,0.0007699902748484495
20.926,0.0007885026306347579,0.0007698576278982778
20.928,0.000789244759065198,0.000769725071872344
20.93,0.0007899894482244181,0.0007695926067083228
20.932,0.0007907365556159349,0.0007694602323439323
20.934,0.0007914859385254691,0.0007693279487169327
20.936,0.000792237454055331,0.0007691957557651272
20.938,0.000792990959158925,0.0007690636534263616
20.94,0.0007937463106754431,0.000768931641638524
20.942,0.000794503365363897,0.0007687997203395456
20.944,0.0007952619799359629,0.0007686678894673998
20.946,0.000796022011086807,0.0007685361489601025
20.948,0.0007967833155236041,0.0007684044987557123
20.95,0.000797545749992184,0.00076827293879233
20.952,0.000798309171302756,0.0007681414690080989
20.954,0.000799073436356032,0.000768010089341205
20.956,0.0007998384021715379,0.0007678787997298762
20.958,0.0008006039259192991,0.0007677476001123831
20.96,0.000801369864955591,0.0007676164904270384
20.962,0.000802136076862618,0.0007674854706121973
20.964,0.000802902419491047,0.000767354540606257
20.966,0.000803668751003662,0.0007672237003476571
20.968,0.000804434929918026,0.0007670929497748793
20.97,0.000805200815146329,0.0007669622888264476
20.972,0.0008059662660310531,0.000766831717440928
20.974,0.0008067311423761942,0.0007667012355569287
20.976,0.0008074953044742239,0.0007665708431131
20.978,0.000808258613130458,0.0007664405400481341
20.98,0.000809020929686147,0.0007663103263007654
20.982,0.000809782116042004,0.00076618020180977
20.984,0.000810542034683374,0.0007660501665139665
20.986,0.00081130054870726,0.0007659202203522149
20.988,0.0008120575218509649,0.0007657903632634174
20.99,0.0008128128185211421,0.0007656605951865181
20.992,0.000813566303822146,0.0007655309160605028
20.994,0.0008143178435822491,0.0007654013258243991
20.996,0.000815067304377074,0.0007652718244172766
20.998,0.0008158145535502269,0.0007651424117782466
21.0,0.0008165594592316301,0.0007650130878464619
21.002,0.000817301890354806,0.0007648838525611174
21.004,0.000818041716674387,0.0007647547058614492
21.006,0.0008187788087848989,0.0007646256476867356
21.008,0.0008195130381416121,0.0007644966779762961
21.01,0.0008202442770830209,0.0007643677966694919
21.012,0.0008209723988546061,0.0007642390037057259
21.014,0.0008216972776324271,0.0007641102990244425
21.016,0.0008224187885454461,0.0007639816825651274
21.018,0.0008231368076957239,0.000763853154267308
21.02,0.000823851212176019,0.000763724714070553
21.022,0.0008245618800853809,0.0007635963619144727
21.024,0.000825268690543612,0.0007634680977387187
21.026,0.0008259715237059039,0.0007633399214829839
21.028,0.0008266702607789029,0.0007632118330870027
21.03,0.000827364784038878,0.0007630838324905506
21.032,0.000828054976851819,0.0007629559196334445
21.034,0.000828740723694529,0.0007628280944555428
21.036,0.000829421910175029,0.0007627003568967446
21.038,0.000830098423050035,0.0007625727068969906
21.04,0.0008307701502379219,0.0007624451443962625
21.042,0.000831436980825619,0.0007623176693345831
21.044,0.000832098805069695,0.0007621902816520164
21.046,0.0008327555143923071,0.0007620629812886676
21.048,0.0008334070013745281,0.0007619357681846828
21.05,0.0008340531597495391,0.0007618086422802491
21.052,0.000834693884398911,0.0007616816035155945
21.054,0.000835329071354046,0.0007615546518309885
21.056,0.000835958617804368,0.0007614277871667409
21.058,0.0008365824221120799,0.0007613010094632028
21.06,0.000837200383832158,0.0007611743186607661
21.062,0.0008378124037350121,0.0007610477146998634
21.064,0.000838418383828963,0.0007609211975209682
21.066,0.000839018227379343,0.0007607947670645952
21.068,0.000839611838922087,0.0007606684232712992
21.07,0.000840199124270659,0.0007605421660816763
21.072,0.0008407799905164181,0.000760415995436363
21.074,0.0008413543460238709,0.0007602899112760365
21.076,0.000841922100423066,0.000760163913541415
21.078,0.000842483164601679,0.0007600380021732571
21.08,0.0008430374506991039,0.0007599121771123618
21.082,0.0008435848721040259,0.0007597864382995691
21.084,0.000844125343456005,0.0007596607856757592
21.086,0.000844658780650406,0.0007595352191818529
21.088,0.000845185100845191,0.0007594097387588116
21.09,0.0008457042224676511,0.0007592843443476371
21.092,0.000846216065219187,0.0007591590358893719
21.094,0.0008467205500769081,0.0007590338133250985
21.096,0.0008472175992916569,0.0007589086765959398
21.098,0.000847707136382971,0.0007587836256430596
21.1,0.000848189086132372,0.0007586586604076613
21.102,0.0008486633745769011,0.0007585337808309892
21.104,0.000849129929004495,0.0007584089868543276
21.106,0.000849588677952588,0.0007582842784190009
21.108,0.0008500395512101661,0.000758159655466374
21.11,0.000850482479822827,0.000758035117937852
21.112,0.0008509173960991501,0.00075791066577488
21.114,0.000851344233616752,0.0007577862989189432
21.116,0.000851762927225711,0.0007576620173115671
21.118,0.000852173413048337,0.0007575378208943171
21.12,0.000852575628474227,0.0007574137096087988
21.122,0.0008529695121516289,0.0007572896833966577
21.124,0.000853355003976041,0.0007571657421995794
21.126,0.0008537320450783501,0.0007570418859592895
21.128,0.000854100577814557,0.0007569181146175535
21.13,0.0008544605457589461,0.0007567944281161766
21.132,0.0008548118937016179,0.0007566708263970043
21.134,0.00085515456765036,0.0007565473094019216
21.136,0.000855488514835962,0.0007564238770728536
21.138,0.0008558136837191791,0.000756300529351765
21.14,0.0008561300239972759,0.0007561772661806605
21.142,0.000856437486608538,0.0007560540875015844
21.144,0.000856736023733217,0.0007559309932566206
21.146,0.000857025588790742,0.0007558079833878931
21.148,0.0008573061364335289,0.0007556850578375651
21.15,0.0008575776225385151,0.0007555622165478399
21.152,0.000857840004197903,0.00075543945946096
21.154,0.000858093239710573,0.0007553167865192076
21.156,0.000858337288574942,0.0007551941976649049
21.158,0.0008585721114839409,0.0007550716928404129
21.16,0.0008587976703214319,0.0007549492719881327
21.162,0.000859013928159603,0.0007548269350505047
21.164,0.0008592208492561959,0.0007547046819700086
21.166,0.000859418399050657,0.0007545825126891636
21.168,0.000859606544159016,0.0007544604271505286
21.17,0.000859785252367526,0.0007543384252967014
21.172,0.000859954492625864,0.0007542165070703195
21.174,0.00086011423504128,0.0007540946724140595
21.176,0.000860264450874853,0.0007539729212706375
21.178,0.0008604051125410349,0.0007538512535828087
21.18,0.000860536193610882,0.0007537296692933675
21.182,0.000860657668818806,0.0007536081683451477
21.184,0.0008607695140718161,0.0007534867506810223
21.186,0.0008608717064595831,0.0007533654162439031
21.188,0.0008609642242635909,0.0007532441649767415
21.19,0.000861047046963455,0.0007531229968225276
21.192,0.000861120155239382,0.0007530019117242908
21.194,0.0008611835309701651,0.0007528809096250996
21.196,0.000861237157227095,0.0007527599904680614
21.198,0.0008612810182650969,0.0007526391541963226
21.2,0.0008613150995126669,0.0007525184007530687
21.202,0.000861339387562408,0.000752397730081524
21.204,0.000861353870164001,0.0007522771421249518
21.206,0.0008613585362203739,0.0007521566368266542
21.208,0.000861353375787569,0.0007520362141299721
21.21,0.000861338380077788,0.0007519158739782856
21.212,0.0008613135414643491,0.0007517956163150132
21.214,0.0008612788534872219,0.0007516754410836125
21.216,0.000861234310857507,0.0007515553482275796
21.218,0.000861179909459677,0.0007514353376904494
21.22,0.0008611156463509851,0.0007513154094157958
21.222,0.0008610415197580761,0.0007511955633472308
21.224,0.000860957529071595,0.0007510757994284056
21.226,0.00086086367483998,0.0007509561176030097
21.228,0.0008607599587639851,0.0007508365178147713
21.23,0.0008606463836932101,0.0007507170000074572
21.232,0.000860522953625618,0.0007505975641248727
21.234,0.0008603896737104711,0.0007504782101108617
21.236,0.0008602465502543011,0.0007503589379093065
21.238,0.000860093590729127,0.0007502397474641279
21.24,0.000859930803781778,0.0007501206387192851
21.242,0.0008597581992427288,0.0007500016116187758
21.244,0.0008595757881335559,0.000749882666106636
21.246,0.000859383582671903,0.0007497638021269401
21.248,0.000859181596273855,0.0007496450196238009
21.25,0.000858969843553716,0.0007495263185413694
21.252,0.000858748340321869,0.000749407698823835
21.254,0.0008585171035814662,0.0007492891604154251
21.256,0.0008582761515247852,0.0007491707032604056
21.258,0.000858025503529962,0.0007490523273030805
21.26,0.0008577651801583919,0.0007489340324877921
21.262,0.0008574952031530001,0.0007488158187589206
21.264,0.000857215595437198,0.0007486976860608845
21.266,0.000856926381114132,0.0007485796343381405
21.268,0.0008566275854660021,0.000748461663535183
21.27,0.000856319234953259,0.000748343773596545
21.272,0.0008560013572135659,0.0007482259644667969
21.274,0.0008556739810610339,0.0007481082360905477
21.276,0.0008553371364858761,0.0007479905884124437
21.278,0.0008549908546552891,0.0007478730213771698
21.28,0.000854635167915629,0.0007477555349294485
21.282,0.000854270109796504,0.0007476381290140401
21.284,0.000853895715016241,0.0007475208035757431
21.286,0.000853512019488592,0.0007474035585593933
21.288,0.0008531190603295799,0.0007472863939098649
21.29,0.0008527168758636051,0.0007471693095720695
21.292,0.000852305505627652,0.0007470523054909566
21.294,0.000851884990372688,0.0007469353816115136
21.296,0.0008514553720616819,0.0007468185378787651
21.298,0.0008510166938643341,0.0007467017742377738
21.3,0.000850569000149062,0.0007465850906336402
21.302,0.000850112336473384,0.0007464684870115019
21.304,0.000849646749574301,0.0007463519633165346
21.306,0.000849172287360301,0.0007462355194939514
21.308,0.0008486889989064609,0.0007461191554890028
21.31,0.0008481969344536619,0.0007460028712469771
21.312,0.00084769614541194,0.0007458866667131999
21.314,0.0008471866843675138,0.0007457705418330344
21.316,0.0008466686050919801,0.0007456544965518811
21.318,0.0008461419625516149,0.0007455385308151781
21.32,0.000845606812914698,0.0007454226445684009
21.322,0.000845063213554924,0.0007453068377570621
21.324,0.000844511223049598,0.000745191110326712
21.326,0.0008439509011722961,0.0007450754622229381
21.328,0.000843382308880685,0.000744959893391365
21.33,0.0008428055083011189,0.0007448444037776549
21.332,0.000842220562712184,0.000744728993327507
21.334,0.0008416275365295269,0.0007446136619866579
21.336,0.000841026495293828,0.0007444984097008812
21.338,0.000840417505663293,0.0007443832364159879
21.34,0.00083980063541057,0.0007442681420778258
21.342,0.000839175953423515,0.0007441531266322803
21.344,0.000838543529708011,0.0007440381900252734
21.346,0.0008379034353910481,0.0007439233322027646
21.348,0.000837255742722026,0.0007438085531107501
21.35,0.0008366005250711589,0.0007436938526952634
21.352,0.0008359378569243109,0.0007435792309023748
21.354,0.0008352678138747649,0.0007434646876781915
21.356,0.000834590472613008,0.0007433502229688578
21.358,0.000833905910915779,0.000743235836720555
21.36,0.0008332142076360419,0.0007431215288795011
21.362,0.000832515442694399,0.000743007299391951
21.364,0.0008318096970724251,0.0007428931482041964
21.366,0.000831097052806986,0.0007427790752625661
21.368,0.000830377592984639,0.0007426650805134253
21.37,0.000829651401734363,0.0007425511639031763
21.372,0.000828918564217491,0.0007424373253782578
21.374,0.000828179166613879,0.0007423235648851455
21.376,0.0008274332961044731,0.0007422098823703517
21.378,0.0008266810408507851,0.0007420962777804252
21.38,0.000825922489972903,0.0007419827510619518
21.382,0.000825157733527657,0.0007418693021615535
21.384,0.0008243868624886949,0.0007417559310258892
21.386,0.000823609968729786,0.0007416426376016542
21.388,0.0008228271450119309,0.0007415294218355805
21.39,0.0008220384849742949,0.0007414162836744363
21.392,0.0008212440831281121,0.0007413032230650266
21.394,0.0008204440348523111,0.0007411902399541929
21.396,0.0008196384363893229,0.0007410773342888128
21.398,0.0008188273848398611,0.0007409645060158005
21.4,0.0008180109781553621,0.0007408517550821067
21.402,0.000817189315127625,0.0007407390814347183
21.404,0.000816362495375471,0.0007406264850206586
21.406,0.0008155306193287109,0.0007405139657869872
21.408,0.000814693788210009,0.0007404015236808
21.41,0.0008138521040155181,0.0007402891586492292
21.412,0.0008130056694949229,0.0007401768706394431
21.414,0.000812154588131602,0.0007400646595986464
21.416,0.000811298964123276,0.0007399525254740799
21.418,0.0008104389023633491,0.0007398404682130206
21.42,0.0008095745084225781,0.0007397284877627815
21.422,0.000808705888530991,0.0007396165840707118
21.424,0.0008078331495591561,0.000739504757084197
21.426,0.0008069563989985581,0.0007393930067506583
21.428,0.000806075744940439,0.0007392813330175531
21.43,0.000805191296052909,0.0007391697358323751
21.432,0.000804303161556579,0.0007390582151426535
21.434,0.000803411451199111,0.0007389467708959536
21.436,0.000802516275229554,0.0007388354030398769
21.438,0.0008016177443736271,0.0007387241115220606
21.44,0.000800715969810707,0.000738612896290178
21.442,0.000799811063153715,0.0007385017572919378
21.444,0.0007989031364319401,0.0007383906944750851
21.446,0.000797992302076842,0.0007382797077874004
21.448,0.0007970786729101771,0.0007381687971767003
21.45,0.0007961623621329521,0.000738057962590837
21.452,0.000795243483314115,0.0007379472039776984
21.454,0.000794322150377177,0.0007378365212852083
21.456,0.000793398477583914,0.0007377259144613261
21.458,0.0007924725795142491,0.0007376153834540468
21.46,0.0007915445710423071,0.0007375049282114011
21.462,0.0007906145673093061,0.0007373945486814555
21.464,0.0007896826836940581,0.0007372842448123118
21.466,0.0007887490357825279,0.0007371740165521075
21.468,0.000787813739337622,0.0007370638638490157
21.47,0.0007868769102702729,0.0007369537866512451
21.472,0.0007859386646126621,0.0007368437849070396
21.474,0.000784999118493683,0.0007367338585646788
21.476,0.0007840583881168551,0.0007366240075724779
21.478,0.000783116589740161,0.0007365142318787871
21.48,0.0007821738396573681,0.0007364045314319923
21.482,0.000781230254180174,0.0007362949061805149
21.484,0.000780285949620634,0.0007361853560728114
21.486,0.0007793410422731269,0.0007360758810573736
21.488,0.0007783956483956191,0.0007359664810827289
21.49,0.0007774498841895941,0.0007358571560974397
21.492,0.0007765038657785801,0.0007357479060501038
21.494,0.000775557709185302,0.0007356387308893542
21.496,0.0007746115303074831,0.000735529630563859
21.498,0.000773665444893089,0.0007354206050223217
21.5,0.0007727195685154931,0.0007353116542134809
21.502,0.0007717740165495099,0.0007352027780861102
21.504,0.000770828904149043,0.0007350939765890185
21.506,0.000769884346226855,0.0007349852496710495
21.508,0.0007689404574367309,0.0007348765972810824
21.51,0.0007679973521574381,0.0007347680193680311
21.512,0.0007670551444778871,0.0007346595158808445
21.514,0.000766113948182151,0.0007345510867685067
21.516,0.00076517387673309,0.0007344427319800368
21.518,0.000764235043253505,0.0007343344514644886
21.52,0.0007632975605041151,0.0007342262451709511
21.522,0.0007623615408584051,0.0007341181130485478
21.524,0.0007614270962751002,0.0007340100550464375
21.526,0.000760494338269473,0.0007339020711138135
21.528,0.000759563377885195,0.0007337941611999044
21.53,0.0007586343256682801,0.0007336863252539731
21.532,0.000757707291644419,0.0007335785632253174
21.534,0.0007567823853000429,0.0007334708750632702
21.536,0.000755859715567047,0.0007333632607171986
21.538,0.0007549393908098301,0.0007332557201365047
21.54,0.00075402151881328,0.0007331482532706254
21.542,0.0007531062067695731,0.000733040860069032
21.544,0.0007521935612623879,0.0007329335404812305
21.546,0.0007512836882473741,0.0007328262944567616
21.548,0.0007503766930288429,0.0007327191219452006
21.55,0.000749472680233355,0.0007326120228961573
21.552,0.000748571753781829,0.0007325049972592761
21.554,0.0007476740168622241,0.0007323980449842357
21.556,0.000746779571904742,0.0007322911660207496
21.558,0.0007458885205611969,0.0007321843603185655
21.56,0.0007450009636890611,0.0007320776278274658
21.562,0.0007441170013398998,0.0007319709684972672
21.564,0.0007432367327504931,0.0007318643822778207
21.566,0.0007423602563343941,0.0007317578691190119
21.568,0.0007414876696712799,0.0007316514289707604
21.57,0.000740619069491631,0.0007315450617830207
21.572,0.000739754551655358,0.0007314387675057809
21.574,0.0007388942111239349,0.000731332546089064
21.576,0.000738038141927382,0.0007312263974829267
21.578,0.000737186437128433,0.0007311203216374606
21.58,0.000736339188787138,0.0007310143185027909
21.582,0.0007354964879292159,0.0007309083880290772
21.584,0.0007346584245208961,0.0007308025301665135
21.586,0.000733825087451761,0.0007306967448653275
21.588,0.0007329965645252871,0.0007305910320757813
21.59,0.00073217294245536,0.0007304853917481711
21.592,0.000731354306865469,0.0007303798238328271
21.594,0.000730540742286638,0.0007302743282801135
21.596,0.00072973233215046,0.0007301689050404287
21.598,0.0007289291587743269,0.0007300635540642049
21.6,0.0007281313033375,0.0007299582753019083
21.602,0.000727338845848842,0.0007298530687040391
21.604,0.0007265518651083571,0.0007297479342211315
21.606,0.00072577043866639,0.0007296428718037536
21.608,0.0007249946427845451,0.0007295378814025073
21.61,0.000724224552402156,0.0007294329629680284
21.612,0.0007234602411111409,0.0007293281164509864
21.614,0.000722701781139969,0.0007292233418020849
21.616,0.0007219492433461229,0.000729118638972061
21.618,0.000721202697214066,0.0007290140079116858
21.62,0.00072046221085521,0.0007289094485717641
21.622,0.0007197278510053251,0.0007288049609031342
21.624,0.0007189996830160331,0.0007287005448566683
21.626,0.0007182777708374511,0.0007285962003832723
21.628,0.0007175621769915769,0.0007284919274338857
21.63,0.000716852962537242,0.0007283877259594816
21.632,0.0007161501870295739,0.0007282835959110667
21.634,0.0007154539084778639,0.0007281795372396814
21.636,0.0007147641833058939,0.0007280755498963994
21.638,0.0007140810663186549,0.0007279716338323282
21.64,0.000713404610677686,0.0007278677889986087
21.642,0.000712734867885883,0.0007277640153464154
21.644,0.0007120718877807251,0.0007276603128269562
21.646,0.0007114157185331362,0.0007275566813914722
21.648,0.0007107664066483578,0.0007274531209912384
21.65,0.00071012399696498,0.0007273496315775628
21.652,0.0007094885326486941,0.0007272462131017869
21.654,0.0007088600551786689,0.0007271428655152857
21.656,0.000708238604325967,0.0007270395887694673
21.658,0.000707624218124899,0.0007269363828157733
21.66,0.000707016932839774,0.0007268332476056784
21.662,0.0007064167829299341,0.0007267301830906908
21.664,0.000705823801016294,0.0007266271892223516
21.666,0.000705238017851858,0.0007265242659522355
21.668,0.000704659462297827,0.0007264214132319501
21.67,0.0007040881613055699,0.0007263186310131363
21.672,0.0007035241399037571,0.0007262159192474682
21.674,0.000702967421189062,0.0007261132778866528
21.676,0.0007024180263183721,0.0007260107068824305
21.678,0.0007018759745007119,0.0007259082061865747
21.68,0.000701341282987288,0.0007258057757508916
21.682,0.0007008139670589779,0.0007257034155272208
21.684,0.000700294040011062,0.0007256011254674346
21.686,0.000699781513135882,0.0007254989055234386
21.688,0.0006992763957043589,0.000725396755647171
21.69,0.000698778694947672,0.0007252946757906033
21.692,0.000698288416040044,0.0007251926659057397
21.694,0.000697805562083957,0.0007250907259446173
21.696,0.000697330134097873,0.0007249888558593063
21.698,0.0006968621310070301,0.0007248870556019095
21.7,0.0006964015496365311,0.0007247853251245626
21.702,0.0006959483847062101,0.0007246836643794342
21.704,0.0006955026288259592,0.0007245820733187256
21.706,0.0006950642724903161,0.0007244805518946709
21.708,0.000694633304071293,0.0007243791000595369
21.71,0.000694209709808252,0.0007242777177656231
21.712,0.0006937934737951511,0.0007241764049652619
21.714,0.0006933845779651629,0.0007240751616108181
21.716,0.000692983002074325,0.0007239739876546892
21.718,0.000692588723685793,0.0007238728830493055
21.72,0.0006922017181570179,0.0007237718477471299
21.722,0.000691821958631642,0.0007236708817006576
21.724,0.0006914494160374829,0.0007235699848624167
21.726,0.000691084059090964,0.0007234691571849676
21.728,0.000690725854307131,0.0007233683986209034
21.73,0.000690374766013423,0.0007232677091228495
21.732,0.0006900307563645759,0.000723167088643464
21.734,0.000689693785355941,0.0007230665371354373
21.736,0.0006893638108328021,0.0007229660545514922
21.738,0.000689040788494338,0.000722865640844384
21.74,0.0006887246718921171,0.0007227652959669004
21.742,0.0006884154124243331,0.0007226650198718614
21.744,0.00068811295932817,0.0007225648125121192
21.746,0.0006878172596730909,0.0007224646738405587
21.748,0.0006875282583579441,0.0007223646038100967
21.75,0.000687245898114093,0.0007222646023736825
21.752,0.00068697011951553,0.0007221646694842976
21.754,0.0006867008609957839,0.0007220648050949558
21.756,0.000686438058870279,0.0007219650091587029
21.758,0.0006861816473618051,0.000721865281628617
21.76,0.0006859315586266971,0.0007217656224578086
21.762,0.0006856877227793411,0.0007216660315994198
21.764,0.0006854500679137471,0.0007215665090066255
21.766,0.0006852185201213939,0.000721467054632632
21.768,0.000684993003505814,0.0007213676684306782
21.77,0.0006847734401953249,0.0007212683503540348
21.772,0.0006845597503551991,0.0007211691003560047
21.774,0.000684351852201285,0.0007210699183899225
21.776,0.0006841496620161911,0.0007209708044091551
21.778,0.0006839530941690111,0.0007208717583671013
21.78,0.0006837620611387711,0.0007207727802171918
21.782,0.000683576473541317,0.0007206738699128891
21.784,0.0006833962401590549,0.0007205750274076879
21.786,0.0006832212679726459,0.0007204762526551143
21.788,0.000683051462193993,0.0007203775456087269
21.79,0.0006828867262998249,0.0007202789062221157
21.792,0.000682726962065663,0.0007201803344489024
21.794,0.000682572069599815,0.0007200818302427409
21.796,0.0006824219473775431,0.0007199833935573165
21.798,0.0006822764922754431,0.0007198850243463465
21.8,0.0006821355996064041,0.0007197867225635799
21.802,0.0006819991631552121,0.0007196884881627972
21.804,0.000681867075215223,0.0007195903210978108
21.806,0.0006817392266265519,0.0007194922213224645
21.808,0.000681615506815912,0.0007193941887906342
21.81,0.000681495803838651,0.000719296223456227
21.812,0.000681380004422938,0.0007191983252731816
21.814,0.000681267994016058,0.0007191004941954686
21.816,0.0006811596568324469,0.0007190027301770899
21.818,0.0006810548759027939,0.0007189050331720788
21.82,0.0006809535331232599,0.0007188074031345005
21.822,0.0006808555093039648,0.0007187098400184514
21.824,0.0006807606842158531,0.0007186123437780594
21.826,0.000680668936635593,0.0007185149143674839
21.828,0.000680580144388298,0.0007184175517409158
21.83,0.000680494184388889,0.0007183202558525772
21.832,0.000680410932682753,0.0007182230266567218
21.834,0.0006803302644871619,0.0007181258641076343
21.836,0.0006802520542346559,0.0007180287681596312
21.838,0.000680176175619496,0.00071793173876706
21.84,0.000680102501647892,0.0007178347758842996
21.842,0.0006800309046920061,0.0007177378794657602
21.844,0.0006799612565473419,0.0007176410494658831
21.846,0.0006798934284925171,0.000717544285839141
21.848,0.0006798272913501789,0.0007174475885400377
21.85,0.0006797627155477879,0.0007173509575231084
21.852,0.00067969957117714,0.0007172543927429191
21.854,0.000679637728051621,0.0007171578941540671
21.856,0.000679577055761152,0.0007170614617111811
21.858,0.0006795174237244561,0.0007169650953689204
21.86,0.0006794587012394189,0.0007168687950819758
21.862,0.0006794007575319329,0.0007167725608050689
21.864,0.0006793434618042079,0.0007166763924929525
21.866,0.000679286683283462,0.0007165802901004102
21.868,0.000679230291271641,0.000716484253582257
21.87,0.000679174155196924,0.0007163882828933383
21.872,0.000679118144667434,0.000716292377988531
21.874,0.0006790621295273481,0.0007161965388227426
21.876,0.0006790059799150641,0.0007161007653509117
21.878,0.0006789495663231569,0.0007160050575280076
21.88,0.000678892759658994,0.0007159094153090305
21.882,0.0006788354313050772,0.0007158138386490116
21.884,0.000678777453177865,0.0007157183275030127
21.886,0.000678718697783691,0.0007156228818261267
21.888,0.0006786590382711559,0.0007155275015734771
21.89,0.0006785983484794549,0.000715432186700218
21.892,0.000678536502982889,0.0007153369371615346
21.894,0.000678473377132504,0.0007152417529126425
21.896,0.0006784088470965099,0.0007151466339087883
21.898,0.000678342789901091,0.0007150515801052489
21.9,0.000678275083473743,0.0007149565914573321
21.902,0.000678205606690419,0.0007148616679203765
21.904,0.0006781342394273431,0.0007147668094497509
21.906,0.0006780608626171061,0.000714672016000855
21.908,0.00067798535830789,0.000714577287529119
21.91,0.000677907609723565,0.0007144826239900036
21.912,0.0006778275013221341,0.0007143880253389999
21.914,0.0006777449188498981,0.0007142934915316299
21.916,0.000677659749389434,0.0007141990225234458
21.918,0.000677571881400322,0.0007141046182700301
21.92,0.0006774812047531549,0.0007140102787269963
21.922,0.0006773876107582931,0.0007139160038499878
21.924,0.000677290992191882,0.0007138217935946786
21.926,0.0006771912433221289,0.0007137276479167731
21.928,0.00067708825993842,0.0007136335667720061
21.93,0.000676981939385051,0.0007135395501161426
21.932,0.0006768721806000979,0.0007134455979049781
21.934,0.000676758884158505,0.0007133517100943382
21.936,0.000676641952317441,0.000713257886640079
21.938,0.0006765212890611002,0.0007131641274980866
21.94,0.000676396800142531,0.0007130704326242777
21.942,0.000676268393120446,0.0007129768019745987
21.944,0.000676135977390199,0.0007128832355050268
21.946,0.0006759994642097251,0.0007127897331715689
21.948,0.0006758587667219341,0.0007126962949302624
21.95,0.0006757137999761649,0.0007126029207371744
21.952,0.000675564480950985,0.0007125096105484027
21.954,0.0006754107285801731,0.0007124163643200747
21.956,0.0006752524637823779,0.0007123231820083479
21.958,0.000675089609493868,0.0007122300635694103
21.96,0.0006749220907022711,0.0007121370089594794
21.962,0.000674749834478951,0.000712044018134803
21.964,0.000674572770007206,0.0007119510910516589
21.966,0.0006743908286044739,0.0007118582276663547
21.968,0.000674203943737568,0.0007117654279352281
21.97,0.0006740120510314989,0.0007116726918146467
21.972,0.0006738150882734709,0.0007115800192610079
21.974,0.000673612995414711,0.0007114874102307391
21.976,0.0006734057145725151,0.0007113948646802977
21.978,0.000673193190035113,0.0007113023825661706
21.98,0.0006729753682704091,0.0007112099638448749
21.982,0.000672752197939048,0.0007111176084729571
21.984,0.000672523629910838,0.0007110253164069938
21.986,0.000672289617282914,0.0007109330876035913
21.988,0.0006720501153976619,0.0007108409220193857
21.99,0.000671805081858606,0.0007107488196110425
21.992,0.0006715544765429819,0.0007106567803352574
21.994,0.000671298261610502,0.0007105648041487554
21.996,0.0006710364015088979,0.0007104728910082913
21.998,0.000670768862976892,0.0007103810408706496
22.0,0.000670495615046182,0.0007102892536926443
22.002,0.000670216629043415,0.000710197529431119
22.004,0.0006699318785930121,0.000710105868042947
22.006,0.0006696413396209979,0.0007100142694850312
22.008,0.000669344990359513,0.0007099227337143038
22.01,0.000669042811350844,0.0007098312606877267
22.012,0.0006687347854501579,0.0007097398503622912
22.014,0.0006684208978256008,0.0007096485026950183
22.016,0.000668101135955136,0.0007095572176429583
22.018,0.0006677754896199659,0.0007094659951631908
22.02,0.0006674439508946829,0.0007093748352128251
22.022,0.0006671065141351591,0.0007092837377489998
22.024,0.0006667631759651819,0.0007091927027288827
22.026,0.000666413935263127,0.0007091017301096711
22.028,0.000666058793149569,0.0007090108198485918
22.03,0.0006656977529765431,0.0007089199719029007
22.032,0.000665330820318639,0.0007088291862298831
22.034,0.000664958002965726,0.0007087384627868534
22.036,0.00066457931091658,0.0007086478015311556
22.038,0.000664194756372684,0.0007085572024201627
22.04,0.0006638043537314659,0.0007084666654112769
22.042,0.000663408119578185,0.0007083761904619296
22.044,0.000663006072676266,0.0007082857775295815
22.046,0.0006625982339559229,0.0007081954265717225
22.048,0.0006621846265013772,0.0007081051375458714
22.05,0.0006617652755369621,0.0007080149104095764
22.052,0.0006613402084128818,0.0007079247451204144
22.054,0.000660909454590767,0.000707834641635992
22.056,0.00066047304562945,0.0007077445999139442
22.058,0.0006600310151710549,0.0007076546199119355
22.06,0.000659583398927173,0.0007075647015876592
22.062,0.000659130234664773,0.0007074748448988377
22.064,0.000658671562191552,0.0007073850498032221
22.066,0.0006582074233400948,0.000707295316258593
22.068,0.000657737861950727,0.0007072056442227595
22.07,0.0006572629238528311,0.0007071160336535597
22.072,0.0006567826568447349,0.0007070264845088608
22.074,0.0006562971106725899,0.0007069369967465586
22.076,0.0006558063370087631,0.000706847570324578
22.078,0.0006553103894303891,0.0007067582052008725
22.08,0.000654809323398762,0.0007066689013334247
22.082,0.000654303196240034,0.0007065796586802458
22.084,0.000653792067127461,0.0007064904771993759
22.086,0.000653275997065046,0.0007064013568488836
22.088,0.0006527550488721241,0.0007063122975868667
22.09,0.0006522292871680578,0.0007062232993714513
22.092,0.000651698778355964,0.0007061343621607924
22.094,0.000651163590604666,0.0007060454859130738
22.096,0.000650623793827952,0.0007059566705865075
22.098,0.0006500794596608141,0.0007058679161393347
22.1,0.000649530661432865,0.000705779222529825
22.102,0.0006489774741395859,0.0007056905897162765
22.104,0.0006484199744126152,0.000705602017657016
22.106,0.0006478582404903779,0.0007055135063103987
22.108,0.0006472923521904919,0.0007054250556348087
22.11,0.0006467223908850131,0.0007053366655886583
22.112,0.0006461484394789459,0.0007052483361303885
22.114,0.000645570582392086,0.0007051600672184687
22.116,0.000644988905543287,0.0007050718588113966
22.118,0.00064440349633607,0.0007049837108676986
22.12,0.0006438144436440809,0.0007048956233459296
22.122,0.000643221837795182,0.0007048075962046727
22.124,0.000642625770553069,0.0007047196294025392
22.126,0.0006420263350962062,0.0007046317228981693
22.128,0.000641423625994136,0.0007045438766502312
22.13,0.00064081773918198,0.0007044560906174214
22.132,0.00064020877193418,0.000704368364758465
22.134,0.000639596822838535,0.000704280699032115
22.136,0.0006389819917714309,0.0007041930933971531
22.138,0.000638364379874707,0.0007041055478123888
22.14,0.000637744089534082,0.0007040180622366601
22.142,0.0006371212243586001,0.0007039306366288333
22.144,0.0006364958891602359,0.0007038432709478027
22.146,0.0006358681899327149,0.0007037559651524909
22.148,0.0006352382338286481,0.0007036687192018486
22.15,0.0006346061291346111,0.0007035815330548546
22.152,0.0006339719852439369,0.0007034944066705159
22.154,0.0006333359126276361,0.0007034073400078675
22.156,0.000632698022804094,0.0007033203330259727
22.158,0.0006320584283082558,0.0007032333856839226
22.16,0.000631417242661161,0.0007031464979408363
22.162,0.0006307745803403001,0.0007030596697558614
22.164,0.0006301305567512001,0.0007029729010881729
22.166,0.000629485288200224,0.0007028861918969741
22.168,0.000628838891868442,0.0007027995421414963
22.17,0.0006281914857863078,0.0007027129517809986
22.172,0.00062754318880887,0.0007026264207747681
22.174,0.000626894120591267,0.0007025399490821198
22.176,0.0006262444015644739,0.0007024535366623966
22.178,0.0006255941529111899,0.0007023671834749692
22.18,0.000624943496541894,0.0007022808894792364
22.182,0.0006242925550709419,0.0007021946546346243
22.184,0.000623641451792561,0.0007021084789005875
22.186,0.0006229903106564039,0.0007020223622366077
22.188,0.000622339256242366,0.000701936304602195
22.19,0.00062168841373435,0.0007018503059568868
22.192,0.000621037908892832,0.0007017643662602485
22.194,0.0006203878680264359,0.0007016784854718731
22.196,0.000619738417962842,0.0007015926635513812
22.198,0.000619089686019798,0.0007015069004584213
22.2,0.0006184417999770431,0.0007014211961526694
22.202,0.0006177948880499589,0.0007013355505938293
22.204,0.000617149078865505,0.0007012499637416322
22.206,0.000616504501440679,0.0007011644355558371
22.208,0.000615861285163123,0.0007010789659962304
22.21,0.0006152195597730831,0.0007009935550226263
22.212,0.000614579455345485,0.0007009082025948663
22.214,0.000613941102270683,0.0007008229086728196
22.216,0.0006133046312324689,0.0007007376732163829
22.218,0.000612670173182276,0.0007006524961854802
22.22,0.000612037859308933,0.0007005673775400633
22.222,0.0006114078210040571,0.000700482317240111
22.224,0.0006107801898237121,0.00070039731524563
22.226,0.000610155097447657,0.0007003123715166541
22.228,0.0006095326756377091,0.0007002274860132446
22.23,0.0006089130561971151,0.0007001426586954902
22.232,0.000608296370932537,0.000700057889523507
22.234,0.000607682751620106,0.0006999731784574383
22.236,0.0006070723299764511,0.0006998885254574547
22.238,0.00060646523763509,0.0006998039304837544
22.24,0.0006058616061279361,0.0006997193934965626
22.242,0.0006052615668711611,0.0006996349144561318
22.244,0.000604665251154149,0.0006995504933227418
22.246,0.000604072790129948,0.0006994661300566996
22.248,0.000603484314805494,0.0006993818246183395
22.25,0.00060289995602982,0.0006992975769680229
22.252,0.000602319844478819,0.0006992133870661383
22.254,0.0006017441106354151,0.0006991292548731015
22.256,0.000601172884764581,0.0006990451803493554
22.258,0.000600606296883296,0.0006989611634553698
22.26,0.000600044476726109,0.000698877204151642
22.262,0.000599487553707552,0.000698793302398696
22.264,0.000598935656882862,0.0006987094581570831
22.266,0.000598388914908774,0.0006986256713873815
22.268,0.000597847456005732,0.0006985419420501965
22.27,0.00059731140792271,0.0006984582701061604
22.272,0.000596780897905155,0.0006983746555159325
22.274,0.000596256052665984,0.000698291098240199
22.276,0.000595736998359103,0.0006982075982396731
22.278,0.0005952238605545,0.0006981241554750949
22.28,0.000594716764213825,0.0006980407699072313
22.282,0.000594215833665515,0.0006979574414968764
22.284,0.000593721192578788,0.0006978741702048509
22.286,0.0005932329639362971,0.0006977909559920024
22.288,0.0005927512700056191,0.0006977077988192054
22.29,0.0005922762323102,0.0006976246986473613
22.292,0.000591807971600498,0.0006975416554373981
22.294,0.0005913466078260429,0.0006974586691502708
22.296,0.0005908922601089621,0.0006973757397469608
22.298,0.000590445046719053,0.0006972928671884768
22.3,0.000590005085050169,0.0006972100514358537
22.302,0.000589572491597183,0.0006971272924501535
22.304,0.000589147381932621,0.0006970445901924645
22.306,0.0005887298706819979,0.0006969619446239022
22.308,0.0005883200714970811,0.0006968793557056082
22.31,0.000587918097026671,0.0006967968233987509
22.312,0.0005875240588850319,0.0006967143476645257
22.314,0.000587138067618528,0.0006966319284641542
22.316,0.000586760232671551,0.0006965495657588845
22.318,0.0005863906623528709,0.0006964672595099916
22.32,0.000586029463803569,0.0006963850096787769
22.322,0.000585676742967309,0.0006963028162265682
22.324,0.0005853326045631799,0.00069622067911472
22.326,0.000584997152060711,0.0006961385983046132
22.328,0.0005846704876559989,0.0006960565737576552
22.33,0.0005843527122475701,0.0006959746054352798
22.332,0.00058404392541046,0.0006958926932989474
22.334,0.000583744225367274,0.0006958108373101444
22.336,0.000583453708955494,0.0006957290374303842
22.338,0.000583172471591266,0.0006956472936212061
22.34,0.000582900607230573,0.000695565605844176
22.342,0.0005826382083295189,0.0006954839740608861
22.344,0.000582385365805858,0.0006954023982329548
22.346,0.000582142169003838,0.000695320878322027
22.348,0.000581908705663966,0.0006952394142897738
22.35,0.000581685061898509,0.0006951580060978925
22.352,0.0005814713221724131,0.0006950766537081068
22.354,0.0005812675692882579,0.0006949953570821666
22.356,0.000581073884373073,0.0006949141161818479
22.358,0.000580890346864337,0.0006948329309689531
22.36,0.0005807170344926379,0.0006947518014053107
22.362,0.000580554023259017,0.0006946707274527751
22.364,0.000580401387406039,0.0006945897090732273
22.366,0.000580259199382785,0.0006945087462285742
22.368,0.000580127529805121,0.0006944278388807488
22.37,0.0005800064474134131,0.0006943469869917101
22.372,0.000579896019030234,0.0006942661905234435
22.374,0.000579796309520502,0.0006941854494379601
22.376,0.000579707381755828,0.0006941047636972972
22.378,0.0005796292965839439,0.0006940241332635182
22.38,0.000579562112802995,0.0006939435580987124
22.382,0.0005795058871394989,0.000693863038164995
22.384,0.000579460674228116,0.0006937825734245074
22.386,0.0005794265265911609,0.0006937021638394168
22.388,0.0005794034946158819,0.0006936218093719163
22.39,0.000579391626528194,0.0006935415099842251
22.392,0.00057939096836234,0.000693461265638588
22.394,0.0005794015639267369,0.000693381076297276
22.396,0.0005794234547671271,0.0006933009419225857
22.398,0.000579456680128605,0.0006932208624768397
22.4,0.000579501276918241,0.0006931408379223863
22.402,0.000579557279669995,0.0006930608682215998
22.404,0.0005796247205130851,0.0006929809533368802
22.406,0.0005797036291444941,0.0006929010932306531
22.408,0.0005797940328055491,0.0006928212878653703
22.41,0.0005798959562620741,0.0006927415372035086
22.412,0.000580009421786946,0.0006926618412075714
22.414,0.000580134449143844,0.0006925821998400871
22.416,0.000580271055570776,0.0006925026130636103
22.418,0.000580419255762169,0.0006924230808407208
22.42,0.0005805790618486149,0.0006923436031340244
22.422,0.000580750483373735,0.0006922641799061523
22.424,0.000580933527268109,0.0006921848111197615
22.426,0.000581128197820549,0.0006921054967375345
22.428,0.000581334496647436,0.0006920262367221794
22.43,0.000581552422660923,0.0006919470310364298
22.432,0.000581781972037044,0.0006918678796430449
22.434,0.000582023138184552,0.0006917887825048096
22.436,0.000582275911715311,0.000691709739584534
22.438,0.0005825402804166891,0.0006916307508450539
22.44,0.000582816229226211,0.0006915518162492304
22.442,0.00058310374020839,0.0006914729357599503
22.444,0.000583402792533549,0.0006913941093401256
22.446,0.000583713362458146,0.0006913153369526939
22.448,0.00058403542330623,0.0006912366185606181
22.45,0.000584368945451636,0.0006911579541268865
22.452,0.000584713896300566,0.0006910793436145129
22.454,0.000585070240274521,0.0006910007869865362
22.456,0.000585437938793498,0.0006909222842060208
22.458,0.000585816950259582,0.0006908438352360563
22.46,0.0005862072300410559,0.000690765440039758
22.462,0.0005866087304571251,0.0006906870985802659
22.464,0.000587021400763195,0.0006906088108207456
22.466,0.000587445187136634,0.000690530576724388
22.468,0.000587880032662718,0.0006904523962544091
22.47,0.0005883258773205739,0.00069037426937405
22.472,0.000588782657968856,0.0006902961960465773
22.474,0.00058925030833115,0.0006902181762352825
22.476,0.000589728758981283,0.0006901402099034824
22.478,0.000590217937328934,0.000690062297014519
22.48,0.0005907177676061459,0.0006899844375317592
22.482,0.000591228170855364,0.0006899066314185954
22.484,0.000591749064919504,0.0006898288786384446
22.486,0.000592280364434327,0.0006897511791547493
22.488,0.0005928219808230019,0.0006896735329309767
22.49,0.0005933738222923741,0.0006895959399306194
22.492,0.000593935793830205,0.0006895184001171949
22.494,0.000594507797202617,0.0006894409134542456
22.496,0.000595089730951053,0.0006893634799053388
22.498,0.0005956814903886069,0.0006892860994340671
22.5,0.000596282967595955,0.0006892087720040478
22.502,0.000596894051417775,0.0006891314975789232
22.504,0.000597514627460763,0.0006890542761223607
22.506,0.000598144578094591,0.0006889771075980522
22.508,0.000598783782456681,0.000688899991969715
22.51,0.000599432116461277,0.0006888229292010908
22.512,0.000600089452812394,0.0006887459192559465
22.514,0.0006007556610195519,0.0006886689620980735
22.516,0.000601430607414616,0.0006885920576912884
22.518,0.0006021141551678839,0.0006885152059994324
22.52,0.000602806164301866,0.0006884384069863713
22.522,0.000603506491701866,0.0006883616606159961
22.524,0.000604214991123391,0.0006882849668522223
22.526,0.000604931513197439,0.00068820832565899
22.528,0.00060565590543547,0.0006881317370002642
22.53,0.000606388012236209,0.0006880552008400348
22.532,0.000607127674896328,0.000687978717142316
22.534,0.000607874731626404,0.0006879022858711469
22.536,0.000608629017572593,0.0006878259069905909
22.538,0.00060939036484336,0.0006877495804647366
22.54,0.000610158602539771,0.0006876733062576968
22.542,0.000610933556787204,0.0006875970843336091
22.544,0.000611715050766461,0.0006875209146566355
22.546,0.0006125029047426311,0.0006874447971909628
22.548,0.000613296936091099,0.0006873687319008021
22.55,0.000614096959320986,0.0006872927187503891
22.552,0.000614902786097503,0.0006872167577039842
22.554,0.0006157142252651521,0.0006871408487258722
22.556,0.0006165310828740579,0.0006870649917803622
22.558,0.000617353162211264,0.000686989186831788
22.56,0.000618180263838169,0.0006869134338445078
22.562,0.000619012185634233,0.0006868377327829041
22.564,0.000619848722846106,0.0006867620836113838
22.566,0.0006206896681406229,0.0006866864862943785
22.568,0.0006215348116595781,0.0006866109407963439
22.57,0.0006223839410744629,0.0006865354470817601
22.572,0.0006232368416395539,0.0006864600051151317
22.574,0.000624093296242642,0.0006863846148609875
22.576,0.000624953085453306,0.0006863092762838806
22.578,0.000625815987569349,0.0006862339893483884
22.58,0.000626681778662437,0.0006861587540191127
22.582,0.00062755023262398,0.0006860835702606795
22.584,0.00062842112121219,0.0006860084380377389
22.586,0.0006292942141008951,0.0006859333573149654
22.588,0.000630169278930242,0.0006858583280570577
22.59,0.000631046081359158,0.0006857833502287386
22.592,0.000631924385119305,0.0006857084237947553
22.594,0.000632803952070359,0.0006856335487198788
22.596,0.0006336845422566339,0.0006855587249689047
22.598,0.000634565913965449,0.0006854839525066524
22.6,0.000635447823787813,0.0006854092312979655
22.602,0.000636330026682206,0.0006853345613077116
22.604,0.0006372122760420239,0.0006852599425007826
22.606,0.0006380943237670679,0.0006851853748420944
22.608,0.000638975920338902,0.0006851108582965869
22.61,0.0006398568148994039,0.0006850363928292239
22.612,0.000640736755331471,0.0006849619784049935
22.614,0.0006416154883403581,0.0006848876149889076
22.616,0.000642492759534273,0.0006848133025460021
22.618,0.000643368313502888,0.000684739041041337
22.62,0.000644241893892951,0.0006846648304399959
22.622,0.000645113243480724,0.0006845906707070869
22.624,0.000645982104241584,0.0006845165618077415
22.626,0.000646848217417733,0.0006844425037071155
22.628,0.0006477113235853581,0.0006843684963703881
22.63,0.0006485711627227529,0.0006842945397627629
22.632,0.0006494274742808871,0.000684220633849467
22.634,0.000650279997257569,0.0006841467785957514
22.636,0.000651128470275976,0.0006840729739668911
22.638,0.000651972631667625,0.0006839992199281846
22.64,0.000652812219559529,0.0006839255164449546
22.642,0.0006536469719646469,0.000683851863482547
22.644,0.0006544766268746459,0.000683778261006332
22.646,0.000655300922353854,0.0006837047089817032
22.648,0.000656119596633377,0.0006836312073740782
22.65,0.0006569323882046731,0.000683557756148898
22.652,0.0006577390359121399,0.0006834843552716274
22.654,0.0006585392790444771,0.0006834110047077549
22.656,0.0006593328574248641,0.0006833377044227927
22.658,0.0006601195114999689,0.0006832644543822766
22.66,0.0006608989824277581,0.000683191254551766
22.662,0.0006616710121640659,0.0006831181048968441
22.664,0.0006624353435476969,0.0006830450053831172
22.666,0.000663191720384012,0.0006829719559762157
22.668,0.000663939887527009,0.0006828989566417933
22.67,0.0006646795909602862,0.0006828260073455273
22.672,0.000665410577877694,0.0006827531080531185
22.674,0.0006661325967648,0.0006826802587302913
22.676,0.000666845397482565,0.0006826074593427934
22.678,0.0006675487313546429,0.0006825347098563963
22.68,0.000668242351259244,0.0006824620102368946
22.682,0.0006689260117261849,0.0006823893604501065
22.684,0.0006695994690384302,0.0006823167604618739
22.686,0.0006702624813370219,0.0006822442102380616
22.688,0.0006709148087270609,0.0006821717097445581
22.69,0.000671556213382208,0.0006820992589472753
22.692,0.0006721864596450199,0.0006820268578121484
22.694,0.000672805314120919,0.000681954506305136
22.696,0.000673412545764575,0.0006818822043922199
22.698,0.0006740079259587091,0.0006818099520394053
22.7,0.0006745912285867441,0.0006817377492127208
22.702,0.000675162230101649,0.0006816655958782182
22.704,0.000675720709594211,0.0006815934920019725
22.706,0.0006762664488639979,0.000681521437550082
22.708,0.000676799232495548,0.0006814494324886683
22.71,0.0006773188479414082,0.0006813774767838762
22.712,0.000677825085611941,0.0006813055704018737
22.714,0.000678317738970437,0.0006812337133088519
22.716,0.0006787966046307459,0.0006811619054710252
22.718,0.000679261482454178,0.0006810901468546312
22.72,0.000679712175642129,0.0006810184374259304
22.722,0.000680148490821977,0.0006809467771512067
22.724,0.000680570238125052,0.0006808751659967668
22.726,0.000680977231256854,0.0006808036039289409
22.728,0.0006813692875614441,0.000680732090914082
22.73,0.000681746228082724,0.0006806606269185662
22.732,0.0006821078776257749,0.0006805892119087928
22.734,0.000682454064821176,0.0006805178458511839
22.736,0.0006827846221936149,0.0006804465287121847
22.738,0.0006830993862355001,0.0006803752604582636
22.74,0.000683398197483863,0.0006803040410559116
22.742,0.0006836809005984529,0.0006802328704716429
22.744,0.000683947344437832,0.0006801617486719948
22.746,0.0006841973821308,0.0006800906756235272
22.748,0.0006844308711411139,0.0006800196512928233
22.75,0.000684647673325032,0.0006799486756464888
22.752,0.0006848476549825568,0.0006798777486511525
22.754,0.0006850306869045671,0.0006798068702734662
22.756,0.000685196644418763,0.0006797360404801043
22.758,0.000685345407437241,0.0006796652592377643
22.76,0.0006854768605079121,0.0006795945265131662
22.762,0.000685590892870654,0.0006795238422730532
22.764,0.0006856873985174219,0.000679453206484191
22.766,0.0006857662762544209,0.0006793826191133682
22.768,0.0006858274297630439,0.0006793120801273961
22.77,0.0006858707676564929,0.0006792415894931089
22.772,0.0006858962035288551,0.0006791711471773634
22.774,0.000685903655994908,0.0006791007531470392
22.776,0.000685893048720235,0.0006790304073690384
22.778,0.000685864310442675,0.000678960109810286
22.78,0.0006858173749877771,0.0006788898604377298
22.782,0.000685752181281346,0.0006788196592183397
22.784,0.000685668673362711,0.000678749506119109
22.786,0.000685566800401622,0.0006786794011070529
22.788,0.000685446516720712,0.0006786093441492098
22.79,0.000685307781823957,0.0006785393352126403
22.792,0.0006851505604303099,0.0006784693742644278
22.794,0.0006849748225102339,0.0006783994612716782
22.796,0.0006847805433222432,0.0006783295962015198
22.798,0.0006845677034462479,0.0006782597790211036
22.8,0.0006843362888109071,0.000678190009697603
22.802,0.0006840862907130339,0.0006781202881982141
22.804,0.0006838177058282721,0.0006780506144901554
22.806,0.000683530536213375,0.0006779809885406677
22.808,0.0006832247893016491,0.0006779114103170145
22.81,0.0006829004778936401,0.0006778418797864816
22.812,0.000682557620145329,0.0006777723969163772
22.814,0.0006821962395561579,0.000677702961674032
22.816,0.000681816364958056,0.0006776335740267992
22.818,0.000681418030506251,0.000677564233942054
22.82,0.000681001275671471,0.0006774949413871942
22.822,0.0006805661452326371,0.00067742569632964
22.824,0.0006801126892685781,0.000677356498736834
22.826,0.000679640963147586,0.0006772873485762408
22.828,0.00067915102751364,0.0006772182458153477
22.83,0.000678642948268997,0.0006771491904216639
22.832,0.0006781167965531631,0.0006770801823627212
22.834,0.0006775726487190771,0.0006770112216060734
22.836,0.0006770105863071949,0.0006769423081192966
22.838,0.000676430696018583,0.0006768734418699893
22.84,0.000675833069687199,0.000676804622825772
22.842,0.0006752178042517632,0.0006767358509542875
22.844,0.000674585001726339,0.0006766671262232009
22.846,0.000673934769169046,0.0006765984486001991
22.848,0.0006732672186477559,0.0006765298180529915
22.85,0.0006725824672017789,0.0006764612345493094
22.852,0.0006718806367991849,0.0006763926980569064
22.854,0.0006711618542896969,0.0006763242085435581
22.856,0.00067042625135354,0.0006762557659770623
22.858,0.0006696739644473561,0.0006761873703252388
22.86,0.0006689051347480919,0.0006761190215559292
22.862,0.000668119908095946,0.0006760507196369977
22.864,0.0006673184349370522,0.00067598246453633
22.866,0.0006665008702661779,0.0006759142562218341
22.868,0.0006656673735692849,0.00067584609466144
22.87,0.000664818108765502,0.0006757779798230994
22.872,0.000663953244147841,0.0006757099116747865
22.874,0.000663072952322155,0.0006756418901844969
22.876,0.0006621774101439361,0.0006755739153202485
22.878,0.000661266798652951,0.0006755059870500808
22.88,0.0006603413030059689,0.0006754381053420557
22.882,0.000659401112408059,0.0006753702701642564
22.884,0.0006584464200429501,0.0006753024814847885
22.886,0.0006574774230028711,0.000675234739271779
22.888,0.00065649432221792,0.0006751670434933771
22.89,0.000655497322384801,0.0006750993941177538
22.892,0.000654486631894326,0.0006750317911131018
22.894,0.000653462462756955,0.0006749642344476355
22.896,0.0006524250305255389,0.0006748967240895913
22.898,0.000651374554214635,0.0006748292600072273
22.9,0.000650311256215975,0.0006747618421688234
22.902,0.0006492353622102179,0.0006746944705426811
22.904,0.000648147101075355,0.0006746271450971238
22.906,0.000647046704792754,0.0006745598658004965
22.908,0.0006459344083518479,0.000674492632621166
22.91,0.0006448104496547101,0.0006744254455275207
22.912,0.000643675069421528,0.0006743583044879705
22.914,0.00064252851109781,0.0006742912094709474
22.916,0.000641371020763647,0.0006742241604449045
22.918,0.000640202847045059,0.0006741571573783171
22.92,0.00063902424102696,0.0006740902002396816
22.922,0.000637835456167007,0.0006740232889975163
22.924,0.000636636748209349,0.000673956423620361
22.926,0.000635428375097344,0.000673889604076777
22.928,0.000634210596884287,0.0006738228303353472
22.93,0.000632983675641489,0.0006737561023646759
22.932,0.000631747875363328,0.0006736894201333893
22.934,0.000630503461869268,0.0006736227836101348
22.936,0.000629250702703284,0.0006735561927635813
22.938,0.000627989867031425,0.0006734896475624193
22.94,0.00062672122553865,0.0006734231479753605
22.942,0.000625445050326118,0.0006733566939711384
22.944,0.00062416161481015,0.0006732902855185078
22.946,0.000622871193623843,0.0006732239225862448
22.948,0.000621574062521829,0.000673157605143147
22.95,0.000620270498288127,0.0006730913331580335
22.952,0.000618960778646328,0.0006730251065997445
22.954,0.000617645182170859,0.0006729589254371417
22.956,0.000616323988197583,0.0006728927896391082
22.958,0.000614997476732096,0.0006728266991745484
22.96,0.0006136659283542669,0.000672760654012388
22.962,0.0006123296241183551,0.0006726946541215739
22.964,0.0006109888454489489,0.0006726286994710745
22.966,0.0006096438740338839,0.0006725627900298792
22.968,0.000608294991716238,0.000672496925766999
22.97,0.000606942480387801,0.0006724311066514659
22.972,0.000605586621886498,0.0006723653326523332
22.974,0.0006042276978995859,0.0006722996037386753
22.976,0.0006028659898734551,0.0006722339198795879
22.978,0.0006015017789296061,0.0006721682810441879
22.98,0.000600135345785261,0.0006721026872016134
22.982,0.000598766970676138,0.0006720371383210235
22.984,0.0005973969332785689,0.0006719716343715986
22.986,0.000596025512628516,0.0006719061753225401
22.988,0.0005946529870357541,0.0006718407611430707
22.99,0.000593279633992821,0.000671775391802434
22.992,0.000591905730079535,0.0006717100672698948
22.994,0.000590531550865127,0.0006716447875147389
22.996,0.000589157370810589,0.000671579552506273
22.998,0.000587783463174014,0.0006715143622138252
23.0,0.000586410099921239,0.0006714492166067444
23.002,0.0005850375516430169,0.0006713841156544006
23.004,0.0005836660874789521,0.0006713190593261847
23.006,0.0005822959750471719,0.0006712540475915086
23.008,0.0005809274803779069,0.0006711890804198051
23.01,0.000579560867848749,0.0006711241577805283
23.012,0.0005781964001194729,0.0006710592796431528
23.014,0.000576834338064837,0.0006709944459771744
23.016,0.000575474940704624,0.0006709296567521096
23.018,0.000574118465131112,0.000670864911937496
23.02,0.0005727651664349361,0.000670800211502892
23.022,0.000571415297630929,0.0006707355554178767
23.024,0.000570069109585542,0.0006706709436520504
23.026,0.000568726850947494,0.000670606376175034
23.028,0.000567388768082679,0.0006705418529564692
23.03,0.000566055105013816,0.0006704773739660187
23.032,0.000564726103364718,0.0006704129391733658
23.034,0.0005634020023084721,0.0006703485485482146
23.036,0.00056208303851844,0.0006702842020602902
23.038,0.000560769446120886,0.0006702198996793382
23.04,0.000559461456648033,0.000670155641375125
23.042,0.000558159298990639,0.0006700914271174376
23.044,0.000556863199349547,0.000670027256876084
23.046,0.0005555733811861191,0.0006699631306208928
23.048,0.00055429006517195,0.0006698990483217131
23.05,0.0005530134691385969,0.0006698350099484148
23.052,0.0005517438080285711,0.0006697710154708886
23.054,0.000550481293848727,0.0006697070648590454
23.056,0.0005492261356274349,0.0006696431580828173
23.058,0.0005479785393765391,0.0006695792951121565
23.06,0.000546738708058742,0.0006695154759170362
23.062,0.000545506841560598,0.0006694517004674499
23.064,0.0005442831366705889,0.0006693879687334118
23.066,0.0005430677870612969,0.0006693242806849565
23.068,0.0005418609832742391,0.0006692606362921394
23.07,0.000540662912705754,0.0006691970355250363
23.072,0.0005394737595924069,0.0006691334783537435
23.074,0.000538293704994769,0.0006690699647483776
23.076,0.000537122926778941,0.0006690064946790761
23.078,0.000535961599595944,0.0006689430681159966
23.08,0.0005348098948596599,0.0006688796850293175
23.082,0.00053366798072463,0.0006688163453892373
23.084,0.000532536022065217,0.0006687530491659751
23.086,0.000531414180457705,0.0006686897963297703
23.088,0.000530302614166623,0.000668626586850883
23.09,0.0005292014781360869,0.0006685634206995933
23.092,0.000528110923986424,0.0006685002978462018
23.094,0.000527031100015688,0.0006684372182610297
23.096,0.000525962151205217,0.0006683741819144182
23.098,0.000524904219228046,0.000668311188776729
23.1,0.0005238574424588161,0.0006682482388183442
23.102,0.0005228219559839681,0.000668185332009666
23.104,0.000521797891611176,0.000668122468321117
23.106,0.000520785377877472,0.00066805964772314
23.108,0.0005197845400558791,0.0006679968701861982
23.11,0.000518795500160955,0.0006679341356807749
23.112,0.0005178183769540591,0.0006678714441773738
23.114,0.000516853285949428,0.0006678087956465186
23.116,0.000515900339422456,0.0006677461900587533
23.118,0.000514959646421386,0.0006676836273846423
23.12,0.0005140313127834789,0.0006676211075947698
23.122,0.000513115441156232,0.0006675586306597404
23.124,0.0005122121310235769,0.0006674961965501789
23.126,0.000511321478736485,0.0006674338052367299
23.128,0.000510443577546684,0.0006673714566900585
23.13,0.00050957851764194,0.0006673091508808499
23.132,0.0005087263861812219,0.000667246887779809
23.134,0.0005078872673282911,0.0006671846673576612
23.136,0.000507061242282726,0.0006671224895851519
23.138,0.000506248389308146,0.0006670603544330462
23.14,0.000505448783758043,0.0006669982618721297
23.142,0.000504662498100279,0.0006669362118732077
23.144,0.000503889601941705,0.0006668742044071057
23.146,0.000503130162054318,0.0006668122394446692
23.148,0.000502384242404182,0.0006667503169567635
23.15,0.000501651904183754,0.000666688436914274
23.152,0.0005009332058476439,0.0006666265992881061
23.154,0.0005002282031511909,0.0006665648040491851
23.156,0.0004995369491907671,0.0006665030511684562
23.158,0.000498859494444582,0.0006664413406168846
23.16,0.000498195886812761,0.0006663796723654551
23.162,0.000497546171655917,0.0006663180463851729
23.164,0.0004969103918318111,0.0006662564626470626
23.166,0.000496288587730384,0.000666194921122169
23.168,0.000495680797307788,0.0006661334217815566
23.17,0.000495087056120455,0.0006660719645963097
23.172,0.00049450739736026,0.0006660105495375324
23.174,0.0004939418518917879,0.0006659491765763488
23.176,0.000493390448292385,0.0006658878456839026
23.178,0.000492853212895209,0.0006658265568313573
23.18,0.00049233016983518,0.0006657653099898963
23.182,0.000491821341097146,0.0006657041051307226
23.184,0.000491326746565443,0.0006656429422250591
23.186,0.000490846404073735,0.0006655818212441481
23.188,0.0004903803294541169,0.0006655207421592522
23.19,0.0004899285365845859,0.0006654597049416531
23.192,0.0004894910374342509,0.0006653987095626524
23.194,0.0004890678421060699,0.0006653377559935715
23.196,0.000488658958877161,0.0006652768442057512
23.198,0.000488264394237142,0.0006652159741705523
23.2,0.000487884152925039,0.0006651551458593549
23.202,0.00048751823796542605,0.0006650943592435589
23.204,0.00048716665070431707,0.0006650336142945837
23.206,0.000486829390845168,0.0006649729109838684
23.208,0.0004865064564850761,0.0006649122492828716
23.21,0.00048619784415101304,0.0006648516291630715
23.212,0.000485903548835781,0.0006647910505959658
23.214,0.00048562356403329,0.0006647305135530717
23.216,0.00048535788177282897,0.0006646700180059262
23.218,0.00048510649265215904,0.0006646095639260854
23.22,0.000484869385869471,0.0006645491512851252
23.222,0.000484646549254461,0.000664488780054641
23.224,0.000484437969298984,0.0006644284502062473
23.226,0.00048424363118776794,0.0006643681617115785
23.228,0.000484063518829683,0.0006643079145422882
23.23,0.00048389761488990603,0.0006642477086700495
23.232,0.00048374590082309304,0.0006641875440665548
23.234,0.000483608356907455,0.0006641274207035162
23.236,0.00048348496227929803,0.0006640673385526649
23.238,0.000483375694967489,0.0006640072975857516
23.24,0.000483280531927019,0.0006639472977745462
23.242,0.00048319944907090695,0.0006638873390908384
23.244,0.000483132421299582,0.0006638274215064366
23.246,0.00048307942252713397,0.000663767544993169
23.248,0.000483040425703909,0.000663707709522883
23.25,0.00048301540283530396,0.0006636479150674452
23.252,0.00048300432499680804,0.0006635881615987414
23.254,0.00048300716234566104,0.0006635284490886771
23.256,0.00048302388412983,0.0006634687775091766
23.258,0.00048305445869503504,0.0006634091468321837
23.26,0.000483098853490754,0.0006633495570296613
23.262,0.000483157035076077,0.0006632900080735915
23.264,0.0004832289691261,0.0006632304999359758
23.266,0.00048331462043939196,0.0006631710325888347
23.268,0.000483413952946772,0.0006631116060042079
23.27,0.00048352692972126695,0.0006630522201541545
23.272,0.000483653512988973,0.0006629928750107523
23.274,0.000483793664140157,0.0006629335705460986
23.276,0.0004839473437398,0.0006628743067323098
23.278,0.000484114511536789,0.0006628150835415213
23.28,0.000484295126470889,0.0006627559009458877
23.282,0.000484489146676844,0.0006626967589175825
23.284,0.000484696529485236,0.0006626376574287985
23.286,0.000484917231420019,0.0006625785964517473
23.288,0.00048515120819313305,0.0006625195759586599
23.29,0.000485398414696833,0.000662460595921786
23.292,0.0004856588049946991,0.0006624016563133947
23.294,0.00048593233231229103,0.0006623427571057736
23.296,0.00048621894902822093,0.0006622838982712297
23.298,0.000486518606666113,0.0006622250797820888
23.3,0.00048683125588724397,0.0006621663016106958
23.302,0.00048715684648323597,0.0006621075637294144
23.304,0.00048749532736752193,0.0006620488661106274
23.306,0.00048784664656427,0.0006619902087267364
23.308,0.000488210751193352,0.000661931591550162
23.31,0.0004885875874505901,0.0006618730145533436
23.312,0.0004889771005831161,0.0006618144777087396
23.314,0.000489379234860702,0.0006617559809888273
23.316,0.00048979393354464,0.0006616975243661028
23.318,0.0004902211388563399,0.000661639107813081
23.32,0.000490660791947898,0.0006615807313022958
23.322,0.0004911128328764489,0.0006615223948062997
23.324,0.0004915772005833049,0.0006614640982976643
23.326,0.0004920538328776591,0.0006614058417489798
23.328,0.0004925426664235801,0.000661347625132855
23.33,0.000493043636727994,0.0006612894484219181
23.332,0.000493556678126994,0.0006612313115888155
23.334,0.0004940817237679611,0.0006611732146062124
23.336,0.00049461870558567,0.000661115157446793
23.338,0.0004951675542717499,0.00066105714008326
23.34,0.0004957281992380861,0.000660999162488335
23.342,0.000496300568575936,0.0006609412246347581
23.344,0.000496884589013262,0.0006608833264952883
23.346,0.000497480185872841,0.000660825468042703
23.348,0.000498087283033315,0.0006607676492497985
23.35,0.000498705802894403,0.0006607098700893895
23.352,0.0004993356663462761,0.0006606521305343098
23.354,0.0004999767927419541,0.0006605944305574113
23.356,0.00050062909987079,0.0006605367701315646
23.358,0.000501292503930713,0.0006604791492296593
23.36,0.000501966919497175,0.0006604215678246031
23.362,0.000502652259487466,0.0006603640258893226
23.364,0.0005033484351200409,0.0006603065233967627
23.366,0.000504055355869666,0.0006602490603198871
23.368,0.00050477292942003,0.0006601916366316779
23.37,0.0005055010616161009,0.0006601342523051357
23.372,0.000506239656418484,0.0006600769073132796
23.374,0.000506988615861804,0.0006600196016291473
23.376,0.000507747840018247,0.0006599623352257948
23.378,0.0005085172269666219,0.0006599051080762967
23.38,0.000509296672766322,0.0006598479201537461
23.382,0.000510086071434774,0.0006597907714312545
23.384,0.0005108853149265941,0.0006597336618819517
23.386,0.000511694293112381,0.0006596765914789861
23.388,0.000512512893755386,0.0006596195601955245
23.39,0.0005133410024846269,0.0006595625680047519
23.392,0.0005141785027637129,0.0006595056148798719
23.394,0.0005150252758553109,0.0006594487007941062
23.396,0.0005158812007818819,0.0006593918257206952
23.398,0.000516746154283869,0.0006593349896328975
23.4,0.000517620010777011,0.0006592781925039899
23.402,0.0005185026423104931,0.0006592214343072676
23.404,0.0005193939185277061,0.0006591647150160444
23.406,0.000520293706631005,0.0006591080346036518
23.408,0.0005212018713513791,0.00065905139304344
23.41,0.0005221182749232589,0.0006589947903087775
23.412,0.000523042777064101,0.0006589382263730507
23.414,0.000523975234957732,0.0006588817012096646
23.416,0.000524915503240178,0.0006588252147920423
23.418,0.000525863433986389,0.000658768767093625
23.42,0.000526818876696648,0.0006587123580878723
23.422,0.0005277816782816849,0.0006586559877482618
23.424,0.00052875168304617,0.0006585996560482896
23.426,0.000529728732670807,0.0006585433629614696
23.428,0.000530712666193825,0.0006584871084613341
23.43,0.0005317033199929121,0.0006584308925214334
23.432,0.000532700527768807,0.000658374715115336
23.434,0.000533704120531523,0.0006583185762166284
23.436,0.000534713926589872,0.0006582624757989155
23.438,0.0005357297715444321,0.00065820641383582
23.44,0.000536751478283775,0.0006581503903009828
23.442,0.000537778866983266,0.0006580944051680627
23.444,0.000538811755105727,0.000658038458410737
23.446,0.000539849957403207,0.0006579825500027005
23.448,0.000540893285919358,0.0006579266799176664
23.45,0.000541941549992183,0.0006578708481293657
23.452,0.000542994556257285,0.0006578150546115477
23.454,0.000544052108652056,0.0006577592993379793
23.456,0.000545114008421343,0.0006577035822824456
23.458,0.0005461800541252211,0.0006576479034187497
23.46,0.0005472500416493541,0.0006575922627207125
23.462,0.000548323764218203,0.0006575366601621731
23.464,0.000549401012411091,0.0006574810957169884
23.466,0.0005504815741809119,0.0006574255693590331
23.468,0.000551565234875067,0.0006573700810621999
23.47,0.00055265177725819,0.0006573146308003995
23.472,0.000553740981536274,0.0006572592185475604
23.474,0.000554832625381987,0.0006572038442776288
23.476,0.000555926483961195,0.000657148507964569
23.478,0.000557022329960924,0.0006570932095823632
23.48,0.000558119933619214,0.000657037949105011
23.482,0.00055921906275743,0.0006569827265065305
23.484,0.000560319482815517,0.0006569275417609569
23.486,0.000561420956890586,0.0006568723948423437
23.488,0.000562523245779019,0.000656817285724762
23.49,0.00056362610802181,0.0006567622143823006
23.492,0.000564729299952779,0.0006567071807890663
23.494,0.000565832575748864,0.0006566521849191835
23.496,0.000566935687481682,0.0006565972267467942
23.498,0.000568038385169476,0.0006565423062460582
23.5,0.000569140416828839,0.0006564874233911533
23.502,0.0005702415285257451,0.0006564325781562746
23.504,0.000571341464425992,0.0006563777705156351
23.506,0.0005724399668453569,0.0006563230004434655
23.508,0.000573536776300257,0.000656268267914014
23.51,0.000574631631559861,0.0006562135729015466
23.512,0.000575724269700738,0.0006561589153803469
23.514,0.000576814426165001,0.0006561042953247162
23.516,0.000577901834822734,0.0006560497127089731
23.518,0.000578986228039089,0.0006559951675074543
23.52,0.000580067336746125,0.0006559406596945137
23.522,0.000581144890518988,0.0006558861892445229
23.524,0.00058221861765576,0.000655831756131871
23.526,0.000583288245260053,0.000655777360330965
23.528,0.000584353499325269,0.0006557230018162289
23.53,0.000585414104819532,0.0006556686805621046
23.532,0.000586469785770357,0.0006556143965430514
23.534,0.000587520265348447,0.0006555601497335462
23.536,0.000588565265950191,0.0006555059401080833
23.538,0.000589604509278921,0.0006554517676411745
23.54,0.000590637716425239,0.0006553976323073491
23.542,0.000591664607947154,0.0006553435340811538
23.544,0.000592684903950902,0.0006552894729371529
23.546,0.0005936983241735571,0.0006552354488499278
23.548,0.0005947045880684921,0.0006551814617940777
23.55,0.000595703414894468,0.0006551275117442191
23.552,0.000596694523808965,0.0006550735986749857
23.554,0.0005976776339656261,0.0006550197225610289
23.556,0.0005986524646154139,0.0006549658833770172
23.558,0.0005996187352104029,0.0006549120810976368
23.56,0.000600576165508881,0.0006548583156975907
23.562,0.000601524475680341,0.0006548045871515998
23.564,0.0006024633864090149,0.0006547508954344021
23.566,0.0006033926189951641,0.0006546972405207528
23.568,0.000604311895453857,0.0006546436223854247
23.57,0.000605220938611642,0.0006545900410032075
23.572,0.0006061194722021979,0.0006545364963489085
23.574,0.000607007220962371,0.0006544829883973522
23.576,0.0006078839107300201,0.0006544295171233803
23.578,0.0006087492685449801,0.0006543760825018518
23.58,0.000609603022753708,0.0006543226845076429
23.582,0.0006104449031176229,0.0006542693231156468
23.584,0.000611274640924342,0.0006542159983007744
23.586,0.0006120919691005101,0.0006541627100379534
23.588,0.000612896622324698,0.0006541094583021288
23.59,0.00061368833713887,0.000654056243068263
23.592,0.000614466852057455,0.0006540030643113351
23.594,0.0006152319076735901,0.0006539499220063417
23.596,0.0006159832467628769,0.0006538968161282965
23.598,0.000616720614385546,0.0006538437466522302
23.6,0.000617443757988247,0.0006537907135531906
23.602,0.000618152427506777,0.0006537377168062428
23.604,0.0006188463754706941,0.0006536847563864688
23.606,0.000619525357110261,0.0006536318322689679
23.608,0.0006201891304656031,0.0006535789444288562
23.61,0.000620837456497306,0.0006535260928412671
23.612,0.000621470099197344,0.0006534732774813507
23.614,0.00062208682569904,0.0006534204983242746
23.616,0.0006226874063848639,0.0006533677553452231
23.618,0.0006232716149912709,0.0006533150485193976
23.62,0.000623839228710084,0.0006532623778220165
23.622,0.0006243900282865589,0.0006532097432283151
23.624,0.00062492379811451,0.0006531571447135459
23.626,0.0006254403263293261,0.0006531045822529781
23.628,0.000625939404899606,0.000653052055821898
23.63,0.000626420829718326,0.0006529995653956088
23.632,0.000626884400694204,0.0006529471109494307
23.634,0.0006273299218438101,0.0006528946924587007
23.636,0.0006277572013847241,0.0006528423098987728
23.638,0.000628166051829881,0.0006527899632450179
23.64,0.000628556290083017,0.0006527376524728236
23.642,0.000628927737534857,0.0006526853775575946
23.644,0.000629280220159607,0.0006526331384747524
23.646,0.000629613568610924,0.0006525809351997353
23.648,0.0006299276183165741,0.0006525287677079984
23.65,0.0006302222095707121,0.0006524766359750137
23.652,0.00063049718762296,0.0006524245399762699
23.654,0.000630752402763486,0.0006523724796872728
23.656,0.000630987710403668,0.0006523204550835446
23.658,0.0006312029711523629,0.0006522684661406246
23.66,0.0006313980508881379,0.0006522165128340686
23.662,0.000631572820828263,0.0006521645951394493
23.664,0.000631727157595409,0.0006521127130323563
23.666,0.000631860943283023,0.0006520608664883956
23.668,0.000631974065520152,0.00065200905548319
23.67,0.0006320664175361319,0.0006519572799923792
23.672,0.000632137898225115,0.0006519055399916195
23.674,0.0006321884122099631,0.0006518538354565839
23.676,0.00063221786990483,0.000651802166362962
23.678,0.000632226187575549,0.00065175053268646
23.68,0.00063221328739715,0.000651698934402801
23.682,0.000632179097508112,0.0006516473714877247
23.684,0.000632123552061291,0.0006515958439169871
23.686,0.000632046591271926,0.0006515443516663612
23.688,0.000631948161463344,0.0006514928947116364
23.69,0.0006318282151110369,0.0006514414730286188
23.692,0.00063168671088577,0.000651390086593131
23.694,0.0006315236136959191,0.0006513387353810122
23.696,0.0006313388947290031,0.0006512874193681182
23.698,0.000631132531491906,0.0006512361385303215
23.7,0.000630904507849037,0.0006511848928435107
23.702,0.000630654814057585,0.0006511336822835913
23.704,0.000630383446799103,0.0006510825068264852
23.706,0.000630090409206928,0.0006510313664481308
23.708,0.000629775710889186,0.0006509802611244829
23.71,0.0006294393679475731,0.0006509291908315131
23.712,0.000629081402992209,0.0006508781555452091
23.714,0.000628701845153025,0.0006508271552415753
23.716,0.00062830073008813,0.0006507761898966324
23.718,0.0006278780999894511,0.0006507252594864177
23.72,0.0006274340035857869,0.0006506743639869847
23.722,0.000626968496143373,0.0006506235033744035
23.724,0.000626481639463963,0.0006505726776247605
23.726,0.0006259735018805399,0.0006505218867141586
23.728,0.000625444158250867,0.000650471130618717
23.73,0.0006248936899492009,0.0006504204093145712
23.732,0.000624322184856521,0.0006503697227778733
23.734,0.0006237297373494601,0.0006503190709847914
23.736,0.000623116448287938,0.0006502684539115102
23.738,0.000622482425001074,0.0006502178715342308
23.74,0.000621827781270541,0.0006501673238291703
23.742,0.000621152637310297,0.0006501168107725623
23.744,0.0006204571197414709,0.0006500663323406567
23.746,0.0006197413615613309,0.0006500158885097195
23.748,0.0006190055021058109,0.0006499654792560333
23.75,0.000618249687005628,0.0006499151045558965
23.752,0.000617474068136917,0.0006498647643856243
23.754,0.000616678803567939,0.0006498144587215478
23.756,0.0006158640575039201,0.0006497641875400142
23.758,0.0006150300002322269,0.0006497139508173871
23.76,0.000614176808069699,0.0006496637485300464
23.762,0.0006133046633133141,0.000649613580654388
23.764,0.0006124137541943021,0.0006495634471668241
23.766,0.000611504274834832,0.000649513348043783
23.768,0.00061057642520527,0.0006494632832617092
23.77,0.000609630411079513,0.0006494132527970633
23.772,0.000608666443985574,0.000649363256626322
23.774,0.000607684741148999,0.0006493132947259782
23.776,0.0006066855254273911,0.0006492633670725411
23.778,0.0006056690252355199,0.0006492134736425355
23.78,0.000604635474461626,0.0006491636144125028
23.782,0.000603585112376736,0.0006491137893590001
23.784,0.0006025181835395579,0.0006490639984586009
23.786,0.000601434937699883,0.0006490142416878946
23.788,0.000600335629703244,0.0006489645190234865
23.79,0.000599220519398909,0.0006489148304419983
23.792,0.000598089871552284,0.0006488651759200672
23.794,0.000596943955761584,0.000648815555434347
23.796,0.0005957830463775289,0.0006487659689615071
23.798,0.000594607422423938,0.000648716416478233
23.8,0.000593417367516554,0.0006486668979612263
23.802,0.000592213169777528,0.0006486174133872044
23.804,0.000590995121743267,0.0006485679627329007
23.806,0.0005897635202643571,0.0006485185459750647
23.808,0.000588518666397198,0.0006484691630904615
23.81,0.000587260865288139,0.0006484198140558725
23.812,0.000585990426051867,0.0006483704988480948
23.814,0.000584707661646541,0.0006483212174439414
23.816,0.0005834128887483921,0.0006482719698202414
23.818,0.000582106427628414,0.0006482227559538396
23.82,0.00058078860203321,0.0006481735758215966
23.822,0.000579459739071184,0.0006481244294003891
23.824,0.000578120169104152,0.0006480753166671093
23.826,0.000576770225643402,0.0006480262375986657
23.828,0.000575410245248321,0.0006479771921719822
23.83,0.000574040567425052,0.0006479281803639989
23.832,0.0005726615345225021,0.0006478792021516713
23.834,0.000571273491623346,0.0006478302575119711
23.836,0.000569876786428279,0.0006477813464218855
23.838,0.000568471769132828,0.0006477324688584175
23.84,0.000567058792297099,0.000647683624798586
23.842,0.0005656382107097949,0.0006476348142194257
23.844,0.0005642103812487059,0.0006475860370979868
23.846,0.0005627756627400199,0.0006475372934113354
23.848,0.000561334415818825,0.0006474885831365531
23.85,0.0005598870027925819,0.0006474399062507376
23.852,0.000558433787508493,0.000647391262731002
23.854,0.000556975135224849,0.0006473426525544752
23.856,0.0005555114124854729,0.0006472940756983017
23.858,0.000554042986995879,0.0006472455321396417
23.86,0.0005525702274994659,0.0006471970218556711
23.862,0.0005510935036523151,0.0006471485448235815
23.864,0.0005496131858954961,0.00064710010102058
23.866,0.0005481296453246679,0.0006470516904238893
23.868,0.0005466432535573679,0.0006470033130107479
23.87,0.000545154382599012,0.0006469549687584097
23.872,0.000543663404709017,0.0006469066576441444
23.874,0.000542170692268479,0.000646858379645237
23.876,0.000540676617650486,0.0006468101347389882
23.878,0.000539181553093734,0.0006467619229027146
23.88,0.0005376858705793679,0.0006467137441137478
23.882,0.000536189941710402,0.0006466655983494351
23.884,0.0005346941375925949,0.0006466174855871397
23.886,0.0005331988287154261,0.0006465694058042398
23.888,0.000531704384831913,0.0006465213589781293
23.89,0.000530211174836236,0.0006464733450862177
23.892,0.0005287195666387799,0.0006464253641059299
23.894,0.000527229927038583,0.0006463774160147064
23.896,0.000525742621593903,0.0006463295007900028
23.898,0.000524258014491962,0.0006462816184092906
23.9,0.00052277646841913,0.0006462337688500566
23.902,0.000521298344432924,0.0006461859520898028
23.904,0.000519824001836986,0.0006461381681060469
23.906,0.000518353798059925,0.0006460904168763218
23.908,0.000516888088538478,0.0006460426983781759
23.91,0.000515427226605086,0.0006459950125891732
23.912,0.0005139715633795661,0.0006459473594868927
23.914,0.0005125214476641971,0.0006458997390489291
23.916,0.0005110772258414071,0.000645852151252892
23.918,0.0005096392417730819,0.0006458045960764069
23.92,0.000508207836700566,0.0006457570734971144
23.922,0.000506783349144569,0.0006457095834926703
23.924,0.0005053661148044549,0.0006456621260407458
23.926,0.000503956466456714,0.0006456147011190276
23.928,0.0005025547338528701,0.0006455673087052174
23.93,0.000501161243617359,0.0006455199487770324
23.932,0.000499776319146289,0.0006454726213122049
23.934,0.0004984002805080989,0.0006454253262884826
23.936,0.000497033444347018,0.0006453780636836284
23.938,0.000495676123790106,0.0006453308334754205
23.94,0.000494328628358054,0.0006452836356416521
23.942,0.000492991263879554,0.0006452364701601321
23.944,0.000491664332408471,0.000645189337008684
23.946,0.0004903481321428039,0.000645142236165147
23.948,0.0004890429573442701,0.0006450951676073753
23.95,0.0004877490982577249,0.0006450481313132382
23.952,0.00048646684102999604,0.0006450011272606203
23.954,0.000485196467628556,0.0006449541554274214
23.956,0.00048393825576101203,0.0006449072157915562
23.958,0.00048269247879706304,0.0006448603083309548
23.96,0.00048145940569466395,0.0006448134330235623
23.962,0.000480239300932,0.0006447665898473389
23.964,0.00047903242444621104,0.0006447197787802601
23.966,0.00047783903157895796,0.0006446729998003162
23.968,0.000476659373027883,0.0006446262528855128
23.97,0.000475493694802236,0.0006445795380138706
23.972,0.00047434223818038703,0.0006445328551634252
23.974,0.00047320523966698204,0.0006444862043122273
23.976,0.000472082930948043,0.0006444395854383427
23.978,0.00047097553884312604,0.0006443929985198522
23.98,0.00046988328525488497,0.0006443464435348517
23.982,0.00046880638711732897,0.000644299920461452
23.984,0.000467745056344866,0.000644253429277779
23.986,0.00046669949978445807,0.0006442069699619736
23.988,0.00046566991917297004,0.0006441605424921915
23.99,0.00046465651110100205,0.0006441141468466037
23.992,0.000463659466983582,0.0006440677830033957
23.994,0.00046267897303698996,0.0006440214509407685
23.996,0.00046171521026022104,0.0006439751506369377
23.998,0.00046076835441917404,0.0006439288820701338
24.0,0.000459838576031778,0.0006438826452186024
24.002,0.00045892604035266003,0.0006438364400606039
24.004,0.00045803090735688093,0.0006437902665744137
24.006,0.000457153331722949,0.0006437441247383219
24.008,0.00045629346281616205,0.0006436980145306337
24.01,0.00045545144467352695,0.0006436519359296691
24.012,0.00045462741599164704,0.0006436058889137629
24.014,0.00045382151011846204,0.0006435598734612648
24.016,0.00045303385504919593,0.0006435138895505394
24.018,0.00045226457342624005,0.000643467937159966
24.02,0.000451513782542079,0.0006434220162679386
24.022,0.00045078159434422404,0.0006433761268528665
24.024,0.000450068115441073,0.0006433302688931734
24.026,0.000449373447108035,0.0006432844423672978
24.028,0.000448697685293686,0.0006432386472536931
24.03,0.00044804092062636504,0.0006431928835308275
24.032,0.000447403238421947,0.0006431471511771838
24.034,0.00044678471869384,0.0006431014501712596
24.036,0.00044618543616609596,0.0006430557804915674
24.038,0.0004456054602903251,0.0006430101421166343
24.04,0.000445044855266541,0.000642964535025002
24.042,0.000444503680067682,0.0006429189591952272
24.044,0.000443981988467062,0.000642873414605881
24.046,0.00044347982906784496,0.0006428279012355493
24.048,0.000442997245333621,0.0006427824190628329
24.05,0.000442534275619338,0.0006427369680663469
24.052,0.000442090953202224,0.0006426915482247213
24.054,0.00044166730631271095,0.0006426461595166006
24.056,0.00044126335816564906,0.0006426008019206442
24.058,0.000440879126992403,0.0006425554754155256
24.06,0.000440514626074333,0.0006425101799799335
24.062,0.000440169863778124,0.000642464915592571
24.064,0.000439844843593138,0.0006424196822321556
24.066,0.00043953956417076004,0.0006423744798774197
24.068,0.00043925401936539403,0.0006423293085071101
24.07,0.00043898819827677804,0.0006422841680999882
24.072,0.00043874208529314803,0.0006422390586348298
24.074,0.000438515660135015,0.0006421939800904257
24.076,0.00043830889789941594,0.0006421489324455808
24.078,0.000438121769104742,0.0006421039156791146
24.08,0.00043795423973627304,0.0006420589297698612
24.082,0.000437806271292602,0.0006420139746966693
24.084,0.00043767782083304203,0.000641969050438402
24.086,0.000437568841025799,0.0006419241569739369
24.088,0.00043747928019663104,0.000641879294282166
24.09,0.00043740908237742903,0.0006418344623419958
24.092,0.00043735818735417004,0.0006417896611323475
24.094,0.00043732653071386595,0.0006417448906321562
24.096,0.000437314043890355,0.0006417001508203721
24.098,0.00043732065420929903,0.0006416554416759594
24.1,0.00043734628493315603,0.0006416107631778967
24.102,0.00043739085530730297,0.0006415661153051773
24.104,0.000437454280608751,0.0006415214980368087
24.106,0.00043753647219876303,0.0006414769113518128
24.108,0.000437637337580401,0.000641432355229226
24.11,0.00043775678046141303,0.0006413878296480988
24.112,0.00043789470082205304,0.0006413433345874963
24.114,0.00043805099498659203,0.000641298870026498
24.116,0.00043822555569660097,0.0006412544359441976
24.118,0.000438418272183566,0.000641210032319703
24.12,0.00043862903023842304,0.0006411656591321369
24.122,0.000438857712275873,0.0006411213163606356
24.124,0.000439104197392185,0.0006410770039843504
24.126,0.000439368361416189,0.0006410327219824464
24.128,0.00043965007695430104,0.0006409884703341033
24.13,0.000439949213431423,0.0006409442490185147
24.132,0.000440265637130259,0.0006409000580148889
24.134,0.00044059921123178495,0.0006408558973024482
24.136,0.000440949795859284,0.0006408117668604292
24.138,0.00044131724812760396,0.0006407676666680827
24.14,0.000441701422198196,0.0006407235967046738
24.142,0.000442102169339249,0.0006406795569494817
24.144,0.000442519337989312,0.0006406355473817998
24.146,0.000442952773822114,0.0006405915679809359
24.148,0.000443402319810126,0.0006405476187262117
24.15,0.000443867816284918,0.0006405036995969634
24.152,0.00044434910099316,0.0006404598105725411
24.154,0.000444846009148212,0.000640415951632309
24.156,0.000445358373478314,0.0006403721227556457
24.158,0.00044588602427320605,0.0006403283239219438
24.16,0.00044642878943131797,0.0006402845551106099
24.162,0.00044698649450950796,0.0006402408163010651
24.164,0.00044755896277668094,0.0006401971074727443
24.166,0.00044814601527165304,0.0006401534286050964
24.168,0.000448747470864498,0.0006401097796775847
24.17,0.000449363146319917,0.0006400661606696863
24.172,0.000449992856360441,0.0006400225715608927
24.174,0.00045063641372734695,0.0006399790123307089
24.176,0.000451293629237641,0.0006399354829586545
24.178,0.000451964311836154,0.000639891983424263
24.18,0.000452648268642746,0.0006398485137070818
24.182,0.000453345304995614,0.0006398050737866723
24.184,0.00045405522449220106,0.0006397616636426101
24.186,0.00045477782902944905,0.0006397182832544847
24.188,0.000455512918845102,0.0006396749326018995
24.19,0.000456260292561067,0.000639631611664472
24.192,0.000457019747229229,0.0006395883204218336
24.194,0.000457791078379363,0.0006395450588536297
24.196,0.000458574080068232,0.0006395018269395197
24.198,0.00045936854492866305,0.0006394586246591769
24.2,0.00046017426421752204,0.0006394154519922885
24.202,0.000460991027861839,0.0006393723089185556
24.204,0.000461818624502996,0.0006393291954176933
24.206,0.00046265684153942,0.0006392861114694307
24.208,0.000463505465168848,0.0006392430570535104
24.21,0.000464364280431298,0.0006392000321496893
24.212,0.00046523307125392405,0.0006391570367377381
24.214,0.00046611162049846696,0.0006391140707974411
24.216,0.00046699971001137603,0.0006390711343085967
24.218,0.00046789712067595696,0.0006390282272510172
24.22,0.00046880363246531304,0.0006389853496045286
24.222,0.000469719024494444,0.0006389425013489707
24.224,0.00047064307506985,0.0006388996824641972
24.226,0.00047157556173532,0.0006388568929300756
24.228,0.00047251626131319496,0.0006388141327264872
24.23,0.000473464949941223,0.000638771401833327
24.232,0.000474421403105851,0.000638728700230504
24.234,0.000475385395673446,0.0006386860278979408
24.236,0.000476356701921264,0.0006386433848155737
24.238,0.00047733509556984296,0.0006386007709633529
24.24,0.000478320349818211,0.0006385581863212422
24.242,0.00047931223738260703,0.0006385156308692194
24.244,0.00048031053053871405,0.0006384731045872758
24.246,0.00048131500116681595,0.0006384306074554163
24.248,0.000482325420798793,0.0006383881394536599
24.25,0.000483341560665719,0.000638345700562039
24.252,0.00048436319174494997,0.0006383032907605996
24.254,0.000485390084805804,0.0006382609100294017
24.256,0.000486422010453419,0.0006382185583485189
24.258,0.00048745873917058603,0.0006381762356980381
24.26,0.0004885000413577269,0.0006381339420580602
24.262,0.0004895456873712501,0.0006380916774086996
24.264,0.000490595447560464,0.0006380494417300845
24.266,0.0004916490923032499,0.0006380072350023566
24.268,0.000492706392040603,0.0006379650572056711
24.27,0.0004937671173102049,0.0006379229083201969
24.272,0.000494831038779362,0.0006378807883261167
24.274,0.000495897927277863,0.0006378386972036264
24.276,0.0004969675538315081,0.0006377966349329357
24.278,0.000498039689697167,0.000637754601494268
24.28,0.000499114106400195,0.0006377125968678598
24.282,0.00050019057577465,0.0006376706210339617
24.284,0.000501268870006351,0.0006376286739728374
24.286,0.0005023487616781731,0.0006375867556647644
24.288,0.000503430023816482,0.0006375448660900335
24.29,0.000504512429937251,0.0006375030052289493
24.292,0.0005055957540903661,0.0006374611730618297
24.294,0.00050667977090092,0.000637419369569006
24.296,0.0005077642556069279,0.0006373775947308232
24.298,0.000508848984093571,0.0006373358485276397
24.3,0.0005099337329248011,0.0006372941309398273
24.302,0.000511018279373756,0.0006372524419477712
24.304,0.000512102401453492,0.0006372107815318703
24.306,0.000513185877949481,0.0006371691496725367
24.308,0.0005142684884547959,0.0006371275463501959
24.31,0.0005153500134082261,0.0006370859715452871
24.312,0.000516430234134866,0.0006370444252382626
24.314,0.000517508932888282,0.0006370029074095883
24.316,0.0005185858928929709,0.0006369614180397435
24.318,0.000519660898386045,0.0006369199571092206
24.32,0.0005207337346572721,0.0006368785245985257
24.322,0.0005218041880871969,0.000636837120488178
24.324,0.000522872046183504,0.0006367957447587104
24.326,0.000523937097616034,0.0006367543973906689
24.328,0.000524999132251185,0.0006367130783646127
24.33,0.000526057941186127,0.0006366717876611145
24.332,0.000527113316783108,0.0006366305252607605
24.334,0.0005281650527038269,0.0006365892911441498
24.336,0.0005292129439435471,0.0006365480852918951
24.338,0.000530256786864652,0.0006365069076846224
24.34,0.000531296379229443,0.0006364657583029707
24.342,0.0005323315202322299,0.0006364246371275926
24.344,0.0005333620105311649,0.0006363835441391537
24.346,0.000534387652280499,0.000636342479318333
24.348,0.000535408249163998,0.0006363014426458228
24.35,0.0005364236064301021,0.0006362604341023284
24.352,0.0005374335309290309,0.0006362194536685687
24.354,0.0005384378311515271,0.0006361785013252753
24.356,0.000539436317268323,0.0006361375770531935
24.358,0.000540428801169211,0.0006360966808330815
24.36,0.000541415096500356,0.0006360558126457108
24.362,0.000542395018698826,0.0006360149724718661
24.364,0.000543368385023781,0.0006359741602923452
24.366,0.000544335014584387,0.0006359333760879592
24.368,0.0005452947283652689,0.0006358926198395321
24.37,0.000546247349250707,0.0006358518915279013
24.372,0.0005471927020490481,0.0006358111911339172
24.374,0.0005481306135186571,0.0006357705186384433
24.376,0.000549060912396242,0.0006357298740223564
24.378,0.0005499834294278531,0.0006356892572665461
24.38,0.000550897997402102,0.0006356486683519154
24.382,0.000551804451184729,0.0006356081072593804
24.384,0.000552702627753294,0.00063556757396987
24.386,0.000553592366230768,0.0006355270684643262
24.388,0.000554473507917141,0.0006354865907237044
24.39,0.00055534589631847,0.0006354461407289729
24.392,0.000556209377173372,0.0006354057184611128
24.394,0.000557063798477265,0.0006353653239011184
24.396,0.000557909010504977,0.0006353249570299973
24.398,0.000558744865832342,0.0006352846178287697
24.4,0.0005595712193573579,0.0006352443062784689
24.402,0.0005603879283213209,0.0006352040223601414
24.404,0.000561194852330119,0.0006351637660548466
24.406,0.000561991853375871,0.0006351235373436568
24.408,0.0005627787958589351,0.0006350833362076574
24.41,0.000563555546610445,0.0006350431626279465
24.412,0.0005643219749154669,0.0006350030165856356
24.414,0.0005650779525369359,0.0006349628980618488
24.416,0.000565823353740361,0.0006349228070377233
24.418,0.000566558055319141,0.0006348827434944091
24.42,0.000567281936620079,0.0006348427074130691
24.422,0.0005679948795684809,0.0006348026987748795
24.424,0.000568696768692102,0.0006347627175610288
24.426,0.0005693874911433539,0.0006347227637527188
24.428,0.000570066936719321,0.0006346828373311642
24.43,0.00057073499787965,0.0006346429382775923
24.432,0.000571391569762709,0.0006346030665732435
24.434,0.000572036550200856,0.000634563222199371
24.436,0.00057266983973574,0.0006345234051372408
24.438,0.000573291341634543,0.0006344836153681318
24.44,0.0005739009619076139,0.0006344438528733357
24.442,0.000574498609327475,0.0006344041176341571
24.444,0.0005750841954485361,0.0006343644096319132
24.446,0.000575657634626348,0.0006343247288479344
24.448,0.000576218844035046,0.0006342850752635635
24.45,0.000576767743681666,0.0006342454488601563
24.452,0.0005773042564165851,0.0006342058496190812
24.454,0.0005778283079398811,0.0006341662775217197
24.456,0.000578339826804383,0.0006341267325494657
24.458,0.000578838744416699,0.0006340872146837261
24.46,0.000579324995038049,0.0006340477239059203
24.462,0.00057979851578666,0.0006340082601974808
24.464,0.000580259246643204,0.0006339688235398525
24.466,0.000580707130459976,0.0006339294139144932
24.468,0.000581142112973821,0.0006338900313028732
24.47,0.000581564142821924,0.0006338506756864758
24.472,0.000581973171559087,0.0006338113470467969
24.474,0.000582369153674913,0.0006337720453653448
24.476,0.0005827520466093891,0.000633732770623641
24.478,0.0005831218107658629,0.0006336935228032191
24.48,0.0005834784095209509,0.0006336543018856258
24.482,0.0005838218092314731,0.00063361510785242
24.484,0.000584151979238975,0.0006335759406851739
24.486,0.0005844688918725559,0.0006335368003654717
24.488,0.000584772522450647,0.0006334976868749106
24.49,0.000585062849282156,0.0006334586001951002
24.492,0.00058533985366709,0.0006334195403076627
24.494,0.000585603519896443,0.0006333805071942332
24.496,0.000585853835251083,0.0006333415008364592
24.498,0.0005860907899994351,0.0006333025212160005
24.5,0.0005863143773939001,0.0006332635683145299
24.502,0.000586524593666407,0.0006332246421137326
24.504,0.000586721438023652,0.0006331857425953062
24.506,0.0005869049126427119,0.0006331468697409611
24.508,0.000587075022667728,0.0006331080235324201
24.51,0.0005872317762080359,0.0006330692039514186
24.512,0.0005873751843376901,0.0006330304109797044
24.514,0.0005875052610959691,0.000632991644599038
24.516,0.000587622023487973,0.0006329529047911922
24.518,0.000587725491484398,0.0006329141915379523
24.52,0.000587815688019522,0.0006328755048211164
24.522,0.000587892638986791,0.0006328368446224947
24.524,0.000587956373231832,0.00063279821092391
24.526,0.000588006922543184,0.0006327596037071976
24.528,0.0005880443216414139,0.0006327210229542052
24.53,0.000588068608167581,0.000632682468646793
24.532,0.000588079822671902,0.0006326439407668336
24.534,0.000588078008603279,0.000632605439296212
24.536,0.000588063212299981,0.0006325669642168257
24.538,0.0005880354829812679,0.0006325285155105846
24.54,0.000587994872739368,0.0006324900931594107
24.542,0.000587941436530965,0.0006324516971452389
24.544,0.0005878752321672881,0.0006324133274500162
24.546,0.000587796320302034,0.0006323749840557018
24.548,0.000587704764416662,0.0006323366669442677
24.55,0.000587600630803024,0.0006322983760976979
24.552,0.000587483988543631,0.000632260111497989
24.554,0.000587354909490253,0.0006322218731271496
24.556,0.000587213468241629,0.0006321836609672009
24.558,0.000587059742121078,0.0006321454750001765
24.56,0.000586893811154648,0.0006321073152081222
24.562,0.000586715758050039,0.0006320691815730959
24.564,0.0005865256681762509,0.0006320310740771682
24.566,0.000586323629543488,0.0006319929927024217
24.568,0.0005861097327826571,0.0006319549374309513
24.57,0.000585884071123606,0.0006319169082448644
24.572,0.000585646740371387,0.0006318789051262802
24.574,0.0005853978388800519,0.0006318409280573308
24.576,0.00058513746752381,0.00063180297702016
24.578,0.000584865729665844,0.0006317650519969241
24.58,0.0005845827311253871,0.0006317271529697916
24.582,0.000584288580143977,0.0006316892799209431
24.584,0.000583983387351784,0.0006316514328325718
24.586,0.0005836672657347759,0.0006316136116868824
24.588,0.0005833403306030971,0.0006315758164660925
24.59,0.0005830026995605569,0.0006315380471524315
24.592,0.000582654492474503,0.0006315003037281412
24.594,0.00058229583144504,0.0006314625861754753
24.596,0.0005819268407721749,0.0006314248944767
24.598,0.000581547646919668,0.0006313872286140933
24.6,0.000581158378474591,0.0006313495885699457
24.602,0.000580759166102314,0.0006313119743265596
24.604,0.000580350142497352,0.0006312743858662496
24.606,0.000579931442331244,0.0006312368231713424
24.608,0.000579503202199211,0.0006311992862241768
24.61,0.0005790655605675311,0.0006311617750071037
24.612,0.0005786186577234531,0.0006311242895024863
24.614,0.0005781626357288,0.0006310868296926996
24.616,0.000577697638377608,0.0006310493955601309
24.618,0.000577223811157072,0.0006310119870871795
24.62,0.000576741301210186,0.0006309746042562567
24.622,0.000576250257297786,0.0006309372470497858
24.624,0.0005757508297576139,0.0006308999154502024
24.626,0.00057524317045827,0.0006308626094399538
24.628,0.000574727432746813,0.0006308253290014998
24.63,0.0005742037713898669,0.0006307880741173118
24.632,0.000573672342509203,0.0006307508447698733
24.634,0.000573133303513926,0.00063071364094168
24.636,0.00057258681303175,0.0006306764626152395
24.638,0.000572033030842035,0.0006306393097730711
24.64,0.000571472117812604,0.0006306021823977066
24.642,0.0005709042358413741,0.0006305650804716893
24.644,0.000570329547802653,0.0006305280039775749
24.646,0.0005697482174967471,0.0006304909528979306
24.648,0.000569160409600751,0.000630453927215336
24.65,0.000568566289618079,0.0006304169269123823
24.652,0.0005679660238246001,0.0006303799519716729
24.654,0.000567359779210049,0.0006303430023758227
24.656,0.000566747723414484,0.0006303060781074592
24.658,0.000566130024660703,0.0006302691791492211
24.66,0.000565506851684405,0.0006302323054837594
24.662,0.000564878373664255,0.0006301954570937368
24.664,0.000564244760153884,0.0006301586339618283
24.666,0.0005636061810170979,0.0006301218360707201
24.668,0.0005629628063666019,0.0006300850634031108
24.67,0.0005623148065053891,0.0006300483159417108
24.672,0.000561662351869096,0.000630011593669242
24.674,0.000561005612967181,0.0006299748965684386
24.676,0.0005603447603208891,0.0006299382246220462
24.678,0.000559679964396628,0.0006299015778128226
24.68,0.000559011395534391,0.0006298649561235373
24.682,0.0005583392238720051,0.0006298283595369714
24.684,0.000557663619266938,0.0006297917880359182
24.686,0.000556984751217981,0.0006297552416031824
24.688,0.0005563027887891729,0.0006297187202215808
24.69,0.0005556179005377991,0.0006296822238739416
24.692,0.0005549302544474381,0.0006296457525431053
24.694,0.0005542400178659289,0.0006296093062119237
24.696,0.000553547357447101,0.0006295728848632606
24.698,0.000552852439094425,0.0006295364884799914
24.7,0.0005521554279045099,0.0006295001170450033
24.702,0.000551456488108574,0.0006294637705411953
24.704,0.000550755783010715,0.0006294274489514781
24.706,0.00055005347492267,0.000629391152258774
24.708,0.000549349725095689,0.0006293548804460171
24.71,0.0005486446936508129,0.0006293186334961532
24.712,0.000547938539509253,0.0006292824113921398
24.714,0.000547231420324495,0.0006292462141169459
24.716,0.000546523492417322,0.0006292100416535525
24.718,0.000545814910714366,0.000629173893984952
24.72,0.000545105828689997,0.0006291377710941486
24.722,0.000544396398310788,0.000629101672964158
24.724,0.000543686769981435,0.0006290655995780077
24.726,0.000542977092490947,0.0006290295509187369
24.728,0.000542267512958152,0.0006289935269693962
24.73,0.000541558176776004,0.0006289575277130478
24.732,0.000540849227554761,0.0006289215531327659
24.734,0.000540140807064451,0.0006288856032116358
24.736,0.000539433055177491,0.0006288496779327548
24.738,0.0005387261098122619,0.0006288137772792314
24.74,0.000538020106878385,0.0006287779012341861
24.742,0.000537315180224164,0.0006287420497807507
24.744,0.000536611461586242,0.0006287062229020685
24.746,0.000535909080541341,0.0006286704205812945
24.748,0.000535208164459745,0.0006286346428015954
24.75,0.0005345088384601929,0.0006285988895461492
24.752,0.000533811225366065,0.0006285631607981454
24.754,0.000533115445662908,0.0006285274565407851
24.756,0.000532421617457627,0.0006284917767572811
24.758,0.0005317298564397779,0.0006284561214308574
24.76,0.0005310402758453589,0.0006284204905447498
24.762,0.00053035298642334,0.0006283848840822052
24.764,0.000529668096404797,0.0006283493020264823
24.766,0.000528985711474216,0.0006283137443608513
24.768,0.0005283059347421521,0.0006282782110685937
24.77,0.0005276288667183681,0.0006282427021330024
24.772,0.000526954605284533,0.0006282072175373821
24.774,0.000526283245665924,0.0006281717572650485
24.776,0.000525614880401992,0.000628136321299329
24.778,0.000524949599316207,0.0006281009096235624
24.78,0.0005242874894861129,0.0006280655222210989
24.782,0.000523628635214805,0.0006280301590753
24.784,0.0005229731180052449,0.000627994820169539
24.786,0.0005223210165385211,0.0006279595054872001
24.788,0.000521672406656836,0.0006279242150116792
24.79,0.00052102736135138,0.0006278889487263834
24.792,0.000520385950754581,0.0006278537066147313
24.794,0.0005197482421358049,0.0006278184886601527
24.796,0.000519114299899215,0.0006277832948460891
24.798,0.000518484185582477,0.0006277481251559929
24.8,0.000517857957855324,0.0006277129795733283
24.802,0.000517235672517463,0.0006276778580815704
24.804,0.000516617382495853,0.000627642760664206
24.806,0.0005160031378420059,0.000627607687304733
24.808,0.000515392985730402,0.0006275726379866606
24.81,0.000514786970459111,0.0006275376126935095
24.812,0.0005141851334537881,0.0006275026114088114
24.814,0.0005135875132756471,0.0006274676341161097
24.816,0.00051299414563356,0.0006274326807989586
24.818,0.0005124050633997961,0.0006273977514409239
24.82,0.000511820296628405,0.0006273628460255826
24.822,0.0005112398725749391,0.0006273279645365229
24.824,0.000510663815716201,0.0006272931069573443
24.826,0.0005100921477689171,0.0006272582732716575
24.828,0.00050952488770673,0.0006272234634630844
24.83,0.000508962051775538,0.0006271886775152583
24.832,0.000508403653507766,0.0006271539154118236
24.834,0.000507849703736732,0.0006271191771364358
24.836,0.000507300210612474,0.0006270844626727617
24.838,0.000506755179620418,0.0006270497720044795
24.84,0.0005062146136040259,0.0006270151051152782
24.842,0.000505678512792016,0.0006269804619888584
24.844,0.0005051468748301941,0.0006269458426089314
24.846,0.000504619694817295,0.0006269112469592201
24.848,0.000504096965343854,0.0006268766750234582
24.85,0.000503578676532805,0.000626842126785391
24.852,0.000503064816080645,0.0006268076022287744
24.854,0.000502555369298213,0.0006267731013373758
24.856,0.0005020503191506449,0.0006267386240949737
24.858,0.000501549646296587,0.0006267041704853576
24.86,0.00050105332912733,0.0006266697404923281
24.862,0.000500561343806673,0.000626635334099697
24.864,0.000500073664312678,0.0006266009512912871
24.866,0.000499590262482104,0.0006265665920509325
24.868,0.000499111108058084,0.0006265322563624782
24.87,0.0004986361687410561,0.0006264979442097802
24.872,0.000498165410242385,0.0006264636555767057
24.874,0.000497698796339815,0.000626429390447133
24.876,0.0004972362889334319,0.0006263951488049514
24.878,0.000496777848100936,0.0006263609306340611
24.88,0.000496323432151139,0.0006263267359183735
24.882,0.0004958729976748751,0.000626292564641811
24.884,0.000495426499593152,0.0006262584167883071
24.886,0.000494983891202628,0.000626224292341806
24.888,0.0004945451242190351,0.0006261901912862633
24.89,0.000494110148819439,0.0006261561136056454
24.892,0.000493678913684353,0.0006261220592839297
24.894,0.0004932513660407651,0.0006260880283051045
24.896,0.000492827451707027,0.0006260540206531693
24.898,0.0004924071151404101,0.0006260200363121344
24.9,0.000491990299487865,0.0006259860752660211
24.902,0.00049157694664029,0.0006259521374988616
24.904,0.000491166997290301,0.0006259182229946991
24.906,0.0004907603909932259,0.0006258843317375879
24.908,0.000490357066230786,0.0006258504637115928
24.91,0.00048995696047665,0.0006258166189007901
24.912,0.0004895600102629161,0.0006257827972892665
24.914,0.000489166151246473,0.0006257489988611198
24.916,0.0004887753182742319,0.0006257152236004588
24.918,0.000488387445446381,0.000625681471491403
24.92,0.00048800246617708003,0.000625647742518083
24.922,0.00048762031325233604,0.0006256140366646402
24.924,0.00048724091888515205,0.0006255803539152267
24.926,0.00048686421476830307,0.0006255466942540057
24.928,0.00048649013212537706,0.000625513057665151
24.93,0.00048611860176075604,0.0006254794441328477
24.932,0.00048574955410916095,0.0006254458536412912
24.934,0.0004853829192853721,0.0006254122861746881
24.936,0.00048501862713444505,0.0006253787417172556
24.938,0.00048465660728258693,0.0006253452202532219
24.94,0.00048429678918870294,0.000625311721766826
24.942,0.000483939102196485,0.0006252782462423175
24.944,0.00048358347558684003,0.000625244793663957
24.946,0.00048322983863043295,0.0006252113640160158
24.948,0.000482878120640134,0.000625177957282776
24.95,0.000482528251023218,0.0006251445734485305
24.952,0.00048218015933312197,0.000625111212497583
24.954,0.000481833775320697,0.0006250778744142479
24.956,0.000481489028984827,0.0006250445591828501
24.958,0.000481145850622366,0.0006250112667877259
24.96,0.00048080417087727797,0.0006249779972132217
24.962,0.000480463920789003,0.0006249447504436949
24.964,0.00048012503183983196,0.0006249115264635136
24.966,0.00047978743600125595,0.0006248783252570567
24.968,0.000479451065779049,0.0006248451468087135
24.97,0.00047911585425686496,0.0006248119911028843
24.972,0.000478781735138183,0.0006247788581239801
24.974,0.00047844864278638995,0.0006247457478564224
24.976,0.000478116512263104,0.0006247126602846435
24.978,0.000477785279364935,0.0006246795953930863
24.98,0.00047745488065924,0.0006246465531662045
24.982,0.00047712525351960197,0.0006246135335884624
24.984,0.00047679633616191805,0.0006245805366443347
24.986,0.00047646806768188095,0.0006245475623183071
24.988,0.000476140388094437,0.0006245146105948757
24.99,0.00047581323837519903,0.0006244816814585474
24.992,0.000475486560503358,0.0006244487748938396
24.994,0.00047516029750487195,0.0006244158908852804
24.996,0.00047483439349435395,0.0006243830294174083
24.998,0.00047450879371389,0.0006243501904747728
25.0,0.00047418344456714903,0.0006243173740419335
25.002,0.00047385829364780005,0.0006242845801034609
25.004,0.00047353328976195694,0.0006242518086439361
25.006,0.00047320838294547007,0.0006242190596479506
25.008,0.000472883524477617,0.0006241863331001065
25.01,0.000472558666893375,0.0006241536289850165
25.012,0.00047223376399659403,0.0006241209472873039
25.014,0.00047190877087594006,0.0006240882879916023
25.016,0.000471583643924827,0.0006240556510825562
25.018,0.00047125834086538996,0.0006240230365448204
25.02,0.000470932820775584,0.0006239904443630602
25.022,0.00047060704411764004,0.0006239578745219515
25.024,0.000470280972765702,0.0006239253270061806
25.026,0.000469954570030578,0.0006238928018004444
25.028,0.00046962780068010503,0.0006238602988894503
25.03,0.000469300630954516,0.000623827818257916
25.032,0.00046897302857720497,0.00062379535989057
25.034,0.00046864496276216897,0.000623762923772151
25.036,0.000468316404219747,0.0006237305098874083
25.038,0.000467987325162488,0.0006236981182211014
25.04,0.000467657699312401,0.0006236657487580006
25.042,0.00046732750191009304,0.0006236334014828865
25.044,0.00046699670972547404,0.00062360107638055
25.046,0.00046666530106885095,0.0006235687734357926
25.048,0.00046633325580087406,0.0006235364926334262
25.05,0.00046600055533970705,0.000623504233958273
25.052,0.000465667182664299,0.0006234719973951656
25.054,0.00046533312231336604,0.0006234397829289472
25.056,0.000464998360380569,0.0006234075905444713
25.058,0.000464662884507227,0.0006233754202266016
25.06,0.000464326683874389,0.0006233432719602123
25.062,0.00046398974919619796,0.0006233111457301881
25.064,0.00046365207271615097,0.0006232790415214239
25.066,0.00046331364820713004,0.0006232469593188249
25.068,0.000462974470975221,0.0006232148991073069
25.07,0.000462634537866467,0.0006231828608717958
25.072,0.00046229384727494103,0.000623150844597228
25.074,0.00046195239915026797,0.0006231188502685501
25.076,0.00046161019500269503,0.000623086877870719
25.078,0.00046126723790415104,0.0006230549273887019
25.08,0.00046092353248448,0.0006230229988074766
25.082,0.000460579084922581,0.0006229910921120308
25.084,0.00046023390293303894,0.0006229592072873628
25.086,0.00045988799574914495,0.000622927344318481
25.088,0.00045954137410361695,0.000622895503190404
25.09,0.00045919405020830296,0.0006228636838881609
25.092,0.00045884603773392097,0.0006228318863967909
25.094,0.000458497351790709,0.0006228001107013437
25.096,0.000458148008910382,0.0006227683567868788
25.098,0.00045779802702959903,0.0006227366246384663
25.1,0.0004574474254747841,0.0006227049142411864
25.102,0.00045709622494805903,0.0006226732255801296
25.104,0.00045674444751393203,0.0006226415586403966
25.106,0.000456392116586352,0.0006226099134070982
25.108,0.00045603925691578605,0.0006225782898653556
25.11,0.000455685894576008,0.0006225466880003
25.112,0.00045533205695028403,0.000622515107797073
25.114,0.00045497777271678007,0.0006224835492408263
25.116,0.00045462307183301493,0.0006224520123167215
25.118,0.00045426798551930907,0.000622420497009931
25.12,0.00045391254624124207,0.0006223890033056367
25.122,0.000453556787691335,0.0006223575311890309
25.124,0.00045320074477013403,0.0006223260806453164
25.126,0.00045284445356710097,0.0006222946516597055
25.128,0.000452487951341649,0.0006222632442174212
25.13,0.000452131276504677,0.0006222318583036963
25.132,0.00045177446860089095,0.0006222004939037739
25.134,0.00045141756829201795,0.0006221691510029071
25.136,0.000451060617340846,0.0006221378295863591
25.138,0.00045070365859582804,0.0006221065296394033
25.14,0.000450346735975755,0.0006220752511473231
25.142,0.000449989894453931,0.0006220439940954121
25.144,0.00044963318004111506,0.0006220127584689738
25.146,0.000449276639766688,0.0006219815442533221
25.148,0.000448920321657517,0.0006219503514337805
25.15,0.00044856427471441304,0.0006219191799956829
25.152,0.00044820854888623097,0.0006218880299243732
25.154,0.000447853195042208,0.0006218569012052054
25.156,0.00044749826494324,0.0006218257938235433
25.158,0.000447143811213131,0.0006217947077647609
25.16,0.000446789887310817,0.0006217636430142423
25.162,0.00044643654750446893,0.0006217325995573814
25.164,0.00044608384684814397,0.0006217015773795824
25.166,0.000445731841161287,0.0006216705764662592
25.168,0.00044538058701097693,0.000621639596802836
25.17,0.000445030141696496,0.0006216086383747467
25.172,0.00044468056323551495,0.0006215777011674353
25.174,0.000444331910351086,0.0006215467851663559
25.176,0.000443984242458601,0.0006215158903569724
25.178,0.000443637619652174,0.0006214850167247587
25.18,0.00044329210268992197,0.0006214541642551988
25.182,0.000442947752978082,0.0006214233329337864
25.184,0.000442604632554074,0.0006213925227460254
25.186,0.00044226280406874297,0.0006213617336774295
25.188,0.000441922330768222,0.0006213309657135223
25.19,0.00044158327647571597,0.0006213002188398374
25.192,0.00044124570557352495,0.0006212694930419183
25.194,0.00044090968298535904,0.0006212387883053184
25.196,0.000440575274158884,0.0006212081046156008
25.198,0.0004402425450482889,0.0006211774419583391
25.2,0.00043991156209647394,0.000621146800319116
25.202,0.000439582392216529,0.0006211161796835247
25.204,0.00043925510277220697,0.0006210855800371679
25.206,0.000438929761557207,0.0006210550013656584
25.208,0.00043860643677341504,0.0006210244436546188
25.21,0.000438285197008424,0.0006209939068896813
25.212,0.00043796611121292095,0.0006209633910564885
25.214,0.000437649248678706,0.0006209328961406923
25.216,0.00043733467901814596,0.0006209024221279547
25.218,0.000437022472145712,0.0006208719690039474
25.22,0.00043671269826209405,0.0006208415367543522
25.222,0.000436405427840962,0.0006208111253648605
25.224,0.00043610073161807605,0.0006207807348211733
25.226,0.00043579868058214104,0.0006207503651090018
25.228,0.00043549934596650994,0.0006207200162140668
25.23,0.000435202799240884,0.0006206896881220989
25.232,0.00043490911210213403,0.0006206593808188385
25.234,0.00043461835646378693,0.0006206290942900357
25.236,0.000434330604443994,0.0006205988285214504
25.238,0.00043404592835212703,0.0006205685834988525
25.24,0.00043376440067446697,0.0006205383592080212
25.242,0.00043348609405944097,0.0006205081556347458
25.244,0.000433211081302855,0.0006204779727648253
25.246,0.000432939435333264,0.0006204478105840683
25.248,0.000432671229197426,0.0006204176690782932
25.25,0.00043240653604542504,0.0006203875482333281
25.252,0.00043214542911502605,0.0006203574480350109
25.254,0.000431887981714885,0.000620327368469189
25.256,0.00043163426720649,0.0006202973095217198
25.258,0.00043138435898522294,0.0006202672711784702
25.26,0.00043113833046131295,0.0006202372534253167
25.262,0.000430896255041923,0.0006202072562481458
25.264,0.000430658206115718,0.0006201772796328533
25.266,0.000430424257041158,0.0006201473235653449
25.268,0.00043019448113928294,0.0006201173880315359
25.27,0.000429968951691059,0.0006200874730173514
25.272,0.00042974774193850197,0.0006200575785087258
25.274,0.000429530925087971,0.0006200277044916034
25.276,0.00042931857431349497,0.0006199978509519382
25.278,0.00042911076275768,0.0006199680178756937
25.28,0.00042890756352807806,0.0006199382052488429
25.282,0.00042870904968742094,0.0006199084130573687
25.284,0.00042851529423714406,0.0006198786412872633
25.286,0.000428326370094731,0.0006198488899245288
25.288,0.000428142350066389,0.0006198191589551767
25.29,0.000427963306817368,0.0006197894483652281
25.292,0.000427789312842628,0.0006197597581407138
25.294,0.000427620440440282,0.0006197300882676741
25.296,0.000427456761689803,0.0006197004387321587
25.298,0.000427298348435885,0.0006196708095202272
25.3,0.00042714527227786505,0.0006196412006179487
25.302,0.000426997604563549,0.0006196116120114015
25.304,0.00042685541638555203,0.0006195820436866738
25.306,0.000426718778578008,0.0006195524956298631
25.308,0.000426587761711623,0.0006195229678270767
25.31,0.000426462436085696,0.0006194934602644312
25.312,0.00042634287171659,0.0006194639729280528
25.314,0.000426229138323158,0.0006194345058040771
25.316,0.000426121305310361,0.0006194050588786494
25.318,0.00042601944175285703,0.0006193756321379244
25.32,0.00042592361638031596,0.0006193462255680662
25.322,0.000425833897565763,0.0006193168391552485
25.324,0.00042575035331743105,0.0006192874728856545
25.326,0.000425673051273577,0.0006192581267454768
25.328,0.000425602058698747,0.0006192288007209174
25.33,0.000425537442479355,0.000619199494798188
25.332,0.00042547926911612704,0.0006191702089635094
25.334,0.000425427604711387,0.0006191409432031122
25.336,0.00042538251494985394,0.0006191116975032361
25.338,0.00042534406507286303,0.0006190824718501307
25.34,0.00042531231984706903,0.0006190532662300544
25.342,0.000425287343529829,0.0006190240806292755
25.344,0.000425269199834122,0.0006189949150340716
25.346,0.00042525795189600203,0.0006189657694307296
25.348,0.00042525366224717,0.0006189366438055459
25.35,0.000425256392794293,0.0006189075381448263
25.352,0.000425266204805486,0.0006188784524348858
25.354,0.00042528315890307493,0.000618849386662049
25.356,0.00042530731506070104,0.00061882034081265
25.358,0.00042533873260210505,0.0006187913148730318
25.36,0.00042537747019876995,0.0006187623088295471
25.362,0.00042542358586405103,0.0006187333226685581
25.364,0.00042547713694212404,0.0006187043563764359
25.366,0.000425538180091255,0.0006186754099395613
25.368,0.00042560677126181497,0.0006186464833443242
25.37,0.000425682965670536,0.0006186175765771241
25.372,0.00042576681777280103,0.0006185886896243694
25.374,0.000425858381235056,0.0006185598224724783
25.376,0.000425957708908879,0.0006185309751078781
25.378,0.000426064852807728,0.0006185021475170053
25.38,0.00042617986408650303,0.0006184733396863058
25.382,0.000426302793023256,0.0006184445516022348
25.384,0.000426433689001872,0.0006184157832512568
25.386,0.000426572600494232,0.0006183870346198455
25.388,0.00042671957504052495,0.0006183583056944839
25.39,0.00042687465922687604,0.0006183295964616644
25.392,0.000427037898659971,0.0006183009069078884
25.394,0.00042720933793923303,0.0006182722370196668
25.396,0.00042738902062759596,0.0006182435867835195
25.398,0.000427576989222277,0.000618214956185976
25.4,0.00042777328512698496,0.0006181863452135746
25.402,0.00042797794862658696,0.0006181577538528632
25.404,0.00042819101886479397,0.0006181291820903987
25.406,0.0004284125338245629,0.0006181006299127472
25.408,0.00042864253031039306,0.0006180720973064842
25.41,0.00042888104393120204,0.0006180435842581942
25.412,0.00042912810908231905,0.0006180150907544711
25.414,0.00042938375892540297,0.0006179866167819177
25.416,0.00042964802536559003,0.0006179581623271463
25.418,0.000429920939025894,0.0006179297273767782
25.42,0.000430202529219526,0.0006179013119174438
25.422,0.00043049282392140103,0.0006178729159357829
25.424,0.000430791849740271,0.0006178445394184444
25.426,0.00043109963189277205,0.000617816182352086
25.428,0.000431416194180241,0.0006177878447233751
25.43,0.00043174155896841504,0.0006177595265189878
25.432,0.000432075747169403,0.0006177312277256095
25.434,0.000432418778224624,0.0006177029483299348
25.436,0.000432770670087149,0.0006176746883186673
25.438,0.00043313143920182997,0.0006176464476785197
25.44,0.000433501100482077,0.000617618226396214
25.442,0.000433879667282722,0.000617590024458481
25.444,0.00043426715136935705,0.0006175618418520609
25.446,0.000434663562885225,0.0006175336785637028
25.448,0.00043506891031733604,0.0006175055345801649
25.45,0.0004354832004636441,0.0006174774098882146
25.452,0.00043590643840303204,0.0006174493044746282
25.454,0.000436338627469243,0.0006174212183261912
25.456,0.00043677976922923504,0.0006173931514296979
25.458,0.000437229863465609,0.0006173651037719521
25.46,0.00043768890816209006,0.0006173370753397664
25.462,0.00043815689949058996,0.0006173090661199622
25.464,0.00043863383179823805,0.0006172810760993704
25.466,0.00043911969759307507,0.0006172531052648306
25.468,0.00043961448752741797,0.0006172251536031916
25.47,0.00044011819037871304,0.0006171972211013111
25.472,0.000440630793028134,0.0006171693077460557
25.474,0.000441152280437797,0.0006171414135243014
25.476,0.00044168263562760203,0.0006171135384229327
25.478,0.00044222183965283605,0.0006170856824288435
25.48,0.00044276987158317394,0.0006170578455289365
25.482,0.000443326708483516,0.0006170300277101233
25.484,0.000443892325396371,0.0006170022289593247
25.486,0.00044446669532525605,0.0006169744492634701
25.488,0.00044504978921817404,0.0006169466886094984
25.49,0.00044564157595034903,0.0006169189469843569
25.492,0.00044624202230554203,0.0006168912243750021
25.494,0.00044685109295580495,0.0006168635207683996
25.496,0.000447468750439954,0.0006168358361515236
25.498,0.00044809495514164005,0.0006168081705113575
25.5,0.00044872966526816806,0.0006167805238348935
25.502,0.00044937283683134,0.0006167528961091327
25.504,0.000450024423631376,0.000616725287321085
25.506,0.000450684377244544,0.0006166976974577696
25.508,0.000451352647014522,0.0006166701265062143
25.51,0.00045202918004687797,0.0006166425744534558
25.512,0.000452713921205531,0.0006166150412865396
25.514,0.000453406813109801,0.0006165875269925203
25.516,0.000454107796130688,0.0006165600315584613
25.518,0.000454816808385346,0.0006165325549714348
25.52,0.00045553378572929,0.000616505097218522
25.522,0.00045625866174653595,0.0006164776582868128
25.524,0.00045699136773845006,0.0006164502381634059
25.526,0.00045773183271253403,0.0006164228368354091
25.528,0.00045847998337240496,0.0006163954542899387
25.53,0.00045923574411002,0.0006163680905141203
25.532,0.00045999903700077397,0.0006163407454950879
25.534,0.00046076978180139704,0.0006163134192199844
25.536,0.00046154789595007696,0.0006162861116759617
25.538,0.00046233329456775603,0.0006162588228501803
25.54,0.00046312589045945904,0.0006162315527298097
25.542,0.00046392559411470596,0.0006162043013020279
25.544,0.00046473231370649105,0.000616177068554022
25.546,0.00046554595508891804,0.0006161498544729878
25.548,0.000466366421794206,0.0006161226590461296
25.55,0.000467193615030121,0.000616095482260661
25.552,0.000468027433679072,0.0006160683241038038
25.554,0.000468867774299895,0.000616041184562789
25.556,0.000469714531132871,0.000616014063624856
25.558,0.000470567596107875,0.0006159869612772533
25.56,0.00047142685885493703,0.000615959877507238
25.562,0.000472292206716037,0.0006159328123020758
25.564,0.000473163524756701,0.0006159057656490412
25.566,0.00047404069577622896,0.0006158787375354174
25.568,0.000474923600315764,0.0006158517279484966
25.57,0.00047581211666411396,0.0006158247368755792
25.572,0.00047670612086196396,0.0006157977643039747
25.574,0.000477605486705638,0.0006157708102210012
25.576,0.000478510085751954,0.0006157438746139854
25.578,0.000479419787325662,0.0006157169574702629
25.58,0.00048033445853063096,0.0006156900587771778
25.582,0.000481253964265356,0.0006156631785220829
25.584,0.000482178167242657,0.0006156363166923396
25.586,0.00048310692801272896,0.0006156094732753182
25.588,0.000484040104988301,0.0006155826482583973
25.59,0.000484977554470381,0.0006155558416289646
25.592,0.00048591913067313596,0.0006155290533744161
25.594,0.000486864685746978,0.0006155022834821565
25.596,0.000487814069799249,0.0006154755319395991
25.598,0.000488767130912775,0.0006154487987341661
25.6,0.000489723715162935,0.0006154220838532882
25.602,0.0004906836666343721,0.0006153953872844043
25.604,0.000491646827438589,0.0006153687090149626
25.606,0.000492613037733594,0.0006153420490324192
25.608,0.000493582135746389,0.0006153154073242395
25.61,0.000494553957798594,0.0006152887838778969
25.612,0.00049552833833502,0.0006152621786808738
25.614,0.000496505109954469,0.0006152355917206609
25.616,0.000497484103441705,0.0006152090229847576
25.618,0.000498465147799524,0.0006151824724606719
25.62,0.0004994480702798821,0.0006151559401359203
25.622,0.000500432696413494,0.0006151294259980279
25.624,0.000501418850037809,0.0006151029300345284
25.626,0.000502406353323796,0.0006150764522329638
25.628,0.000503395026802488,0.000615049992580885
25.63,0.000504384689392552,0.0006150235510658511
25.632,0.000505375158430167,0.0006149971276754298
25.634,0.000506366249702263,0.0006149707223971976
25.636,0.0005073577774837739,0.0006149443352187391
25.638,0.000508349554578847,0.0006149179661276478
25.64,0.0005093413923654151,0.0006148916151115255
25.642,0.000510333100841976,0.0006148652821579826
25.644,0.000511324488675224,0.0006148389672546376
25.646,0.000512315363247127,0.0006148126703891182
25.648,0.00051330553070047,0.0006147863915490599
25.65,0.000514294795982363,0.000614760130722107
25.652,0.000515282962885855,0.0006147338878959123
25.654,0.000516269834090384,0.000614707663058137
25.656,0.0005172552112021041,0.0006146814561964507
25.658,0.0005182388947951651,0.0006146552672985315
25.66,0.000519220684454871,0.000614629096352066
25.662,0.000520200378823011,0.0006146029433447491
25.664,0.000521177775645154,0.0006145768082642844
25.666,0.0005221526718191499,0.0006145506910983837
25.668,0.000523124863443728,0.000614524591834767
25.67,0.0005240941458660451,0.0006144985104611634
25.672,0.000525060313727463,0.0006144724469653097
25.674,0.00052602316100728,0.0006144464013349515
25.676,0.000526982481064982,0.0006144203735578428
25.678,0.0005279380666822111,0.0006143943636217459
25.68,0.0005288897101060821,0.0006143683715144313
25.682,0.0005298372030956349,0.0006143423972236782
25.684,0.0005307803369728691,0.0006143164407372741
25.686,0.0005317189026792101,0.0006142905020430148
25.688,0.000532652690837373,0.0006142645811287044
25.69,0.0005335814918176929,0.0006142386779821555
25.692,0.000534505095807279,0.000614212792591189
25.694,0.000535423292879913,0.0006141869249436342
25.696,0.0005363358730646121,0.0006141610750273286
25.698,0.0005372426264111409,0.0006141352428301182
25.7,0.0005381433430515141,0.0006141094283398573
25.702,0.0005390378132573209,0.0006140836315444084
25.704,0.00053992582749356,0.0006140578524316425
25.706,0.000540807176470305,0.0006140320909894388
25.708,0.0005416816511937849,0.0006140063472056847
25.71,0.0005425490430184419,0.0006139806210682761
25.712,0.000543409143701124,0.0006139549125651171
25.714,0.000544261745458005,0.0006139292216841202
25.716,0.0005451066410241581,0.0006139035484132061
25.718,0.000545943623715159,0.0006138778927403038
25.72,0.000546772487489776,0.0006138522546533504
25.722,0.0005475930270127151,0.0006138266341402916
25.724,0.0005484050377166469,0.0006138010311890812
25.726,0.000549208315863077,0.0006137754457876812
25.728,0.000550002658602266,0.0006137498779240618
25.73,0.0005507878640327339,0.0006137243275862016
25.732,0.0005515637312613301,0.0006136987947620875
25.734,0.000552330060464903,0.0006136732794397143
25.736,0.0005530866529544521,0.0006136477816070855
25.738,0.000553833311242299,0.0006136223012522124
25.74,0.00055456983911238,0.0006135968383631147
25.742,0.000555296041693089,0.0006135713929278204
25.744,0.000556011725531786,0.0006135459649343655
25.746,0.000556716698669699,0.0006135205543707945
25.748,0.000557410770715844,0.0006134951612251597
25.75,0.0005580937529187691,0.0006134697854855217
25.752,0.0005587654582351531,0.0006134444271399497
25.754,0.000559425701394887,0.0006134190861765206
25.756,0.0005600742989626489,0.0006133937625833196
25.758,0.0005607110693965629,0.00061336845634844
25.76,0.000561335833104928,0.0006133431674599836
25.762,0.0005619484125021939,0.00061331789590606
25.764,0.0005625486320653969,0.000613292641674787
25.766,0.000563136318392148,0.0006132674047542905
25.768,0.0005637113002608559,0.000613242185132705
25.77,0.000564273408693449,0.0006132169827981726
25.772,0.00056482247702037,0.0006131917977388436
25.774,0.0005653583409471449,0.0006131666299428767
25.776,0.00056588083862152,0.0006131414793984384
25.778,0.0005663898107000961,0.0006131163460937035
25.78,0.000566885100413415,0.000613091230016855
25.782,0.0005673665536288311,0.0006130661311560837
25.784,0.0005678340189109469,0.0006130410494995887
25.786,0.000568287347579916,0.0006130159850355773
25.788,0.0005687263937684071,0.0006129909377522645
25.79,0.0005691510144783029,0.0006129659076378738
25.792,0.0005695610696383241,0.0006129408946806364
25.794,0.0005699564221635319,0.0006129158988687919
25.796,0.00057033693801721,0.0006128909201905877
25.798,0.000570702486274979,0.0006128659586342795
25.8,0.000571052939190359,0.0006128410141881307
25.802,0.0005713881722603539,0.0006128160868404132
25.804,0.000571708064289346,0.0006127911765794066
25.806,0.000572012497449486,0.0006127662833933986
25.808,0.000572301357336192,0.0006127414072706851
25.81,0.00057257453301789,0.0006127165481995699
25.812,0.00057283191708007,0.0006126917061683645
25.814,0.000573073405664526,0.000612666881165389
25.816,0.0005732988985054399,0.0006126420731789712
25.818,0.0005735082989643721,0.0006126172821974467
25.82,0.000573701514066343,0.0006125925082091596
25.822,0.000573878454538856,0.0006125677512024615
25.824,0.000574039034855012,0.0006125430111657124
25.826,0.000574183173281041,0.0006125182880872798
25.828,0.000574310791927622,0.0006124935819555396
25.83,0.000574421816803532,0.0006124688927588755
25.832,0.00057451617786976,0.0006124442204856793
25.834,0.000574593809091892,0.0006124195651243504
25.836,0.000574654648488968,0.0006123949266632966
25.838,0.0005746986381773721,0.0006123703050909333
25.84,0.00057472572440921,0.000612345700395684
25.842,0.000574735857605282,0.0006123211125659801
25.844,0.000574728992383535,0.0006122965415902608
25.846,0.000574705087584274,0.0006122719874569737
25.848,0.0005746641062936611,0.0006122474501545737
25.85,0.000574606015866819,0.000612222929671524
25.852,0.000574530787951587,0.0006121984259962955
25.854,0.000574438398513287,0.0006121739391173672
25.856,0.000574328827860451,0.000612149469023226
25.858,0.00057420206067081,0.0006121250157023663
25.86,0.00057405808601655,0.0006121005791432909
25.862,0.000573896897387794,0.0006120761593345102
25.864,0.00057371849271329,0.0006120517562645426
25.866,0.000573522874377716,0.0006120273699219142
25.868,0.000573310049235414,0.000612003000295159
25.87,0.000573080028620867,0.0006119786473728192
25.872,0.000572832828356663,0.0006119543111434444
25.874,0.000572568468759923,0.0006119299915955923
25.876,0.0005722869746481881,0.0006119056887178283
25.878,0.00057198837534559,0.0006118814024987257
25.88,0.00057167270468973,0.0006118571329268657
25.882,0.00057134000103921,0.0006118328799908373
25.884,0.000570990307281246,0.0006118086436792373
25.886,0.0005706236708384741,0.0006117844239806703
25.888,0.000570240143673775,0.0006117602208837487
25.89,0.0005698397822920961,0.0006117360343770927
25.892,0.000569422647738477,0.0006117118644493304
25.894,0.000568988805591943,0.0006116877110890975
25.896,0.000568538325955517,0.0006116635742850377
25.898,0.000568071283442944,0.0006116394540258025
25.9,0.000567587757163128,0.0006116153503000509
25.902,0.000567087830703246,0.00061159126309645
25.904,0.000566571592111285,0.0006115671924036744
25.906,0.000566039133878348,0.0006115431382104066
25.908,0.000565490552920499,0.000611519100505337
25.91,0.000564925950559453,0.0006114950792771633
25.912,0.000564345432501051,0.0006114710745145915
25.914,0.000563749108810474,0.0006114470862063349
25.916,0.000563137093883369,0.0006114231143411149
25.918,0.00056250950641263,0.0006113991589076602
25.92,0.000561866469351281,0.0006113752198947077
25.922,0.000561208109872555,0.0006113512972910018
25.924,0.000560534559328824,0.0006113273910852945
25.926,0.000559845953211162,0.0006113035012663456
25.928,0.000559142431111167,0.0006112796278229227
25.93,0.000558424136685996,0.000611255770743801
25.932,0.0005576912176267451,0.0006112319300177635
25.934,0.000556943825629314,0.0006112081056336006
25.936,0.000556182116365972,0.0006111842975801108
25.938,0.000555406249455354,0.0006111605058461
25.94,0.000554616388428345,0.0006111367304203817
25.942,0.000553812700687774,0.0006111129712917774
25.944,0.000552995357460478,0.0006110892284491161
25.946,0.000552164533741441,0.0006110655018812342
25.948,0.000551320408230723,0.0006110417915769762
25.95,0.000550463163264907,0.0006110180975251939
25.952,0.0005495929847453989,0.000610994419714747
25.954,0.0005487100620660749,0.0006109707581345026
25.956,0.000547814588042463,0.0006109471127733356
25.958,0.0005469067588439621,0.0006109234836201284
25.96,0.0005459867739296741,0.0006108998706637711
25.962,0.0005450548359874549,0.0006108762738931615
25.964,0.000544111150875037,0.0006108526932972047
25.966,0.0005431559275615689,0.0006108291288648139
25.968,0.0005421893780679071,0.0006108055805849094
25.97,0.0005412117174042,0.0006107820484464194
25.972,0.00054022316350402,0.0006107585324382795
25.974,0.000539223937154868,0.0006107350325494331
25.976,0.0005382142619255539,0.000610711548768831
25.978,0.000537194364091452,0.0006106880810854317
25.98,0.0005361644725585951,0.0006106646294882012
25.982,0.0005351248187875201,0.0006106411939661129
25.984,0.0005340756367172141,0.0006106177745081481
25.986,0.0005330171626890411,0.0006105943711032953
25.988,0.000531949635369873,0.000610570983740551
25.99,0.000530873295673455,0.0006105476124089187
25.992,0.0005297883866788821,0.0006105242570974099
25.994,0.000528695153545424,0.0006105009177950433
25.996,0.000527593843423474,0.0006104775944908454
25.998,0.000526484705362052,0.00061045428717385
26.0,0.00052536799021409,0.0006104309958330985
26.002,0.0005242439505410449,0.0006104077204576399
26.004,0.000523112840518693,0.0006103844610365305
26.006,0.0005219749158455629,0.0006103612175588344
26.008,0.000520830433655023,0.0006103379900136228
26.01,0.000519679652431066,0.0006103147783899748
26.012,0.000518522831927009,0.0006102915826769767
26.014,0.000517360233085591,0.0006102684028637224
26.016,0.000516192117958438,0.0006102452389393133
26.018,0.000515018749622963,0.000610222090892858
26.02,0.000513840392095136,0.0006101989587134731
26.022,0.0005126573102373329,0.0006101758423902822
26.024,0.00051146976966157,0.0006101527419124166
26.026,0.0005102780366292329,0.0006101296572690148
26.028,0.000509082377949223,0.000610106588449223
26.03,0.0005078830608767269,0.0006100835354421947
26.032,0.000506680353014677,0.000610060498237091
26.034,0.000505474522219325,0.0006100374768230801
26.036,0.000504265836510502,0.000610014471189338
26.038,0.000503054563986055,0.0006099914813250478
26.04,0.000501840972739004,0.0006099685072194003
26.042,0.000500625330775326,0.0006099455488615935
26.044,0.00049940790593008,0.000609922606240833
26.046,0.000498188965779736,0.0006098996793463315
26.048,0.0004969687775493109,0.0006098767681673094
26.05,0.000495747608013811,0.0006098538726929942
26.052,0.000494525723394533,0.0006098309929126212
26.054,0.000493303389251727,0.0006098081288154326
26.056,0.000492080870375812,0.0006097852803906783
26.058,0.000490858430679693,0.0006097624476276154
26.06,0.0004896363330945921,0.0006097396305155086
26.062,0.000488414839471471,0.0006097168290436296
26.064,0.00048719421048917295,0.0006096940432012577
26.066,0.000485974705569736,0.0006096712729776795
26.068,0.000484756582800235,0.000609648518362189
26.07,0.00048354009885975195,0.0006096257793440872
26.072,0.000482325508949457,0.000609603055912683
26.074,0.000481113066723545,0.0006095803480572923
26.076,0.00047990302421868994,0.0006095576557672383
26.078,0.00047869563178014394,0.0006095349790318516
26.08,0.00047749113798309904,0.0006095123178404701
26.082,0.00047628978954885703,0.0006094896721824389
26.084,0.000475091831256011,0.0006094670420471106
26.086,0.00047389750584785593,0.000609444427423845
26.088,0.00047270705393767003,0.0006094218283020092
26.09,0.000471520713913978,0.0006093992446709775
26.092,0.00047033872184787693,0.0006093766765201317
26.094,0.00046916131140420294,0.0006093541238388606
26.096,0.000467988713757724,0.0006093315866165605
26.098,0.0004668211575148731,0.0006093090648426349
26.1,0.00046565886864064404,0.0006092865585064944
26.102,0.000464502070389809,0.0006092640675975572
26.104,0.00046335098324105104,0.0006092415921052485
26.106,0.0004622058248327459,0.0006092191320190008
26.108,0.00046106680989918894,0.0006091966873282539
26.11,0.00045993415020667994,0.0006091742580224547
26.112,0.000458808054489429,0.0006091518440910575
26.114,0.000457688728385797,0.0006091294455235237
26.116,0.00045657637437569,0.000609107062309322
26.118,0.00045547119172004,0.0006090846944379284
26.12,0.00045437337640294695,0.0006090623418988258
26.122,0.0004532831210766591,0.0006090400046815047
26.124,0.00045220061500886695,0.0006090176827754626
26.126,0.00045112604403131195,0.0006089953761702041
26.128,0.00045005959048843196,0.0006089730848552413
26.13,0.000449001433184718,0.0006089508088200932
26.132,0.00044795174733001903,0.0006089285480542861
26.134,0.000446910704482567,0.0006089063025473535
26.136,0.00044587847249045396,0.000608884072288836
26.138,0.000444855215432939,0.0006088618572682815
26.14,0.00044384109356355203,0.0006088396574752448
26.142,0.00044283626325695904,0.0006088174728992883
26.144,0.00044184087696128293,0.0006087953035299811
26.146,0.00044085508315683003,0.0006087731493568996
26.148,0.00043987902632124803,0.0006087510103696276
26.15,0.00043891284690026694,0.0006087288865577557
26.152,0.00043795668128242206,0.0006087067779108817
26.154,0.00043701066177590403,0.0006086846844186107
26.156,0.00043607491658571195,0.0006086626060705548
26.158,0.00043514956978989194,0.0006086405428563333
26.16,0.000434234741314302,0.0006086184947655724
26.162,0.000433330546906256,0.0006085964617879056
26.164,0.000432437098107984,0.0006085744439129736
26.166,0.000431554502231277,0.000608552441130424
26.168,0.00043068286233461403,0.0006085304534299116
26.17,0.00042982227720370796,0.0006085084808010982
26.172,0.000428972841335815,0.0006084865232336527
26.174,0.00042813464492743295,0.0006084645807172512
26.176,0.000427307773864488,0.0006084426532415768
26.178,0.00042649230971379996,0.0006084207407963196
26.18,0.000425688329714688,0.000608398843371177
26.182,0.00042489590676996397,0.0006083769609558533
26.184,0.00042411510943613705,0.0006083550935400597
26.186,0.000423346001913414,0.0006083332411135148
26.188,0.000422588644036542,0.0006083114036659438
26.19,0.000421843091267972,0.0006082895811870795
26.192,0.00042110939469473997,0.0006082677736666613
26.194,0.00042038760103009596,0.0006082459810944358
26.196,0.000419677752620352,0.0006082242034601566
26.198,0.00041897988745656905,0.0006082024407535843
26.2,0.00041829403919009197,0.0006081806929644866
26.202,0.000417620237150381,0.0006081589600826381
26.204,0.000416958506363414,0.0006081372420978205
26.206,0.00041630886756911106,0.0006081155389998225
26.208,0.00041567133723672,0.0006080938507784398
26.21,0.00041504592757783605,0.000608072177423475
26.212,0.000414432646557507,0.0006080505189247378
26.214,0.00041383149790452705,0.0006080288752720448
26.216,0.000413242481122588,0.0006080072464552197
26.218,0.00041266559150397497,0.0006079856324640929
26.22,0.00041210082014735003,0.0006079640332885023
26.222,0.00041154815398062894,0.0006079424489182922
26.224,0.000411007575789231,0.0006079208793433141
26.226,0.000410479064249239,0.0006078993245534265
26.228,0.000409962593964333,0.0006078777845384949
26.23,0.000409458135504941,0.0006078562592883915
26.232,0.00040896565544791,0.0006078347487929956
26.234,0.00040848511641519193,0.0006078132530421936
26.236,0.000408016477110546,0.0006077917720258784
26.238,0.00040755969235385295,0.0006077703057339504
26.24,0.000407114713113321,0.0006077488541563164
26.242,0.000406681486536478,0.0006077274172828904
26.244,0.000406259955981205,0.0006077059951035932
26.246,0.00040585006104819696,0.0006076845876083526
26.248,0.00040545173761607497,0.0006076631947871034
26.25,0.000405064917880009,0.0006076418166297868
26.252,0.00040468953039414496,0.0006076204531263516
26.254,0.000404325500117627,0.0006075991042667529
26.256,0.00040397274846346997,0.0006075777700409531
26.258,0.00040363119334915906,0.0006075564504389213
26.26,0.000403300749247866,0.0006075351454506334
26.262,0.00040298132723909103,0.0006075138550660723
26.264,0.00040267283505800096,0.0006074925792752277
26.266,0.000402375177143036,0.0006074713180680962
26.268,0.000402088254681956,0.0006074500714346812
26.27,0.000401811965656885,0.0006074288393649931
26.272,0.00040154620488930503,0.000607407621849049
26.274,0.00040129086408618905,0.0006073864188768729
26.276,0.00040104583188834396,0.0006073652304384956
26.278,0.000400810993921964,0.0006073440565239546
26.28,0.000400586232853903,0.0006073228971232946
26.282,0.00040037142845068596,0.0006073017522265668
26.284,0.00040016645764072895,0.0006072806218238294
26.286,0.000399971194578693,0.0006072595059051473
26.288,0.00039978551071049207,0.0006072384044605923
26.29,0.000399609274837383,0.0006072173174802428
26.292,0.00039944235317753807,0.0006071962449541844
26.294,0.00039928460942402396,0.0006071751868725091
26.296,0.000399135904798617,0.0006071541432253158
26.298,0.000398996098101695,0.0006071331140027103
26.3,0.000398865045759251,0.0006071120991948052
26.302,0.00039874260186863197,0.0006070910987917197
26.304,0.000398628618245091,0.0006070701127835799
26.306,0.000398522944471218,0.0006070491411605186
26.308,0.00039842542795089103,0.0006070281839126755
26.31,0.000398335913968822,0.0006070072410301968
26.312,0.000398254245755718,0.0006069863125032356
26.314,0.00039818026455823,0.000606965398321952
26.316,0.00039811380971196996,0.0006069444984765124
26.318,0.00039805471871547603,0.0006069236129570902
26.32,0.000398002827302902,0.0006069027417538656
26.322,0.000397957969513576,0.0006068818848570251
26.324,0.00039791997775737403,0.0006068610422567625
26.326,0.000397888682875719,0.000606840213943278
26.328,0.00039786391419900397,0.0006068193999067786
26.33,0.000397845499601976,0.0006067986001374779
26.332,0.00039783326555890803,0.0006067778146255963
26.334,0.000397827037200414,0.000606757043361361
26.336,0.00039782663837326706,0.0006067362863350058
26.338,0.00039783189170376705,0.0006067155435367712
26.34,0.000397842618664493,0.0006066948149569043
26.342,0.000397858639643433,0.000606674100585659
26.344,0.00039787977401399094,0.0006066534004132959
26.346,0.000397905840204343,0.0006066327144300822
26.348,0.000397936655764787,0.0006066120426262918
26.35,0.00039797203743229,0.0006065913849922053
26.352,0.000398011801192129,0.0006065707415181099
26.354,0.000398055762337167,0.0006065501121942995
26.356,0.00039810373552581904,0.0006065294970110746
26.358,0.00039815553483998,0.0006065088959587424
26.36,0.00039821097384413806,0.0006064883090276167
26.362,0.000398269865646652,0.000606467736208018
26.364,0.000398332022963705,0.0006064471774902734
26.366,0.00039839725818601406,0.0006064266328647168
26.368,0.00039846538344810706,0.0006064061023216883
26.37,0.00039853621069955205,0.000606385585851535
26.372,0.000398609551777711,0.0006063650834446106
26.374,0.00039868521848131395,0.0006063445950912752
26.376,0.000398763022644462,0.0006063241207818955
26.378,0.000398842776210513,0.0006063036605068452
26.38,0.000398924291305363,0.0006062832142565041
26.382,0.00039900738030956297,0.0006062627820212589
26.384,0.000399091855928534,0.0006062423637915029
26.386,0.00039917753126028497,0.0006062219595576357
26.388,0.00039926421985995395,0.0006062015693100638
26.39,0.000399351735800945,0.0006061811930392001
26.392,0.00039943989373275997,0.0006061608307354642
26.394,0.00039952850893624397,0.000606140482389282
26.396,0.000399617397377424,0.0006061201479910863
26.398,0.00039970637576160596,0.0006060998275313163
26.4,0.00039979526158942497,0.0006060795210004178
26.402,0.000399883873216465,0.0006060592283888429
26.404,0.000399972029917532,0.0006060389496870507
26.406,0.00040005955195595303,0.0006060186848855065
26.408,0.00040014626065743795,0.0006059984339746822
26.41,0.000400231978487304,0.0006059781969450563
26.412,0.00040031652912927296,0.0006059579737871137
26.414,0.00040039973756388097,0.0006059377644913461
26.416,0.00040048143014467894,0.0006059175690482513
26.418,0.000400561434670852,0.000605897387448334
26.42,0.00040063958045565695,0.0006058772196821052
26.422,0.0004007156983908029,0.0006058570657400824
26.424,0.000400789621007593,0.0006058369256127898
26.426,0.00040086118253607596,0.0006058167992907577
26.428,0.00040093021896367805,0.0006057966867645234
26.43,0.00040099656809450203,0.0006057765880246303
26.432,0.00040106006961014904,0.0006057565030616285
26.434,0.000401120565132352,0.0006057364318660744
26.436,0.00040117789828711506,0.000605716374428531
26.438,0.000401231914769586,0.0006056963307395676
26.44,0.000401282462408723,0.0006056763007897603
26.442,0.000401329391230734,0.0006056562845696913
26.444,0.00040137255352052704,0.0006056362820699494
26.446,0.00040141180388079495,0.00060561629328113
26.448,0.00040144699928882,0.0006055963181938347
26.45,0.00040147799915146796,0.0006055763567986717
26.452,0.000401504665359208,0.0006055564090862555
26.454,0.00040152686234004305,0.0006055364750472071
26.456,0.000401544457114215,0.0006055165546721541
26.458,0.00040155731935032595,0.0006054966479517302
26.46,0.000401565321423056,0.0006054767548765758
26.462,0.00040156833847236904,0.0006054568754373376
26.464,0.00040156624846359807,0.0006054370096246688
26.466,0.000401558932247571,0.0006054171574292287
26.468,0.00040154627361978397,0.0006053973188416834
26.47,0.000401528159377576,0.0006053774938527053
26.472,0.00040150447937457195,0.000605357682452973
26.474,0.000401475126571789,0.0006053378846331716
26.476,0.00040143999708537294,0.0006053181003839925
26.478,0.000401398990231151,0.0006052983296961338
26.48,0.000401352008566638,0.0006052785725602995
26.482,0.000401298957931302,0.0006052588289672005
26.484,0.00040123974748592,0.0006052390989075535
26.486,0.00040117428975181403,0.0006052193823720821
26.488,0.00040110250065045905,0.0006051996793515159
26.49,0.00040102429954361803,0.0006051799898365909
26.492,0.000400939609273805,0.0006051603138180497
26.494,0.000400848356204549,0.0006051406512866409
26.496,0.000400750470259736,0.0006051210022331197
26.498,0.00040064588496123795,0.0006051013666482476
26.5,0.00040053453746423097,0.0006050817445227922
26.502,0.00040041636858975,0.0006050621358475277
26.504,0.000400291322854451,0.0006050425406132346
26.506,0.00040015934849782405,0.0006050229588106994
26.508,0.00040002039750733,0.0006050033904307154
26.51,0.000399874425642093,0.0006049838354640819
26.512,0.00039972139245562596,0.0006049642939016046
26.514,0.000399561261317969,0.0006049447657340954
26.516,0.00039939399943725296,0.0006049252509523727
26.518,0.00039921957788042095,0.0006049057495472609
26.52,0.00039903797159262497,0.000604886261509591
26.522,0.00039884915941469694,0.0006048667868302001
26.524,0.00039865312409813894,0.0006048473254999316
26.526,0.00039844985231730597,0.0006048278775096353
26.528,0.00039823933467874706,0.0006048084428501671
26.53,0.000398021565727925,0.0006047890215123893
26.532,0.00039779654395382703,0.0006047696134871704
26.534,0.00039756427179202003,0.0006047502187653851
26.536,0.00039732475562664297,0.0006047308373379144
26.538,0.000397078005791497,0.0006047114691956457
26.54,0.00039682403657017695,0.0006046921143294725
26.542,0.000396562866194634,0.0006046727727302945
26.544,0.00039629451684145597,0.0006046534443890177
26.546,0.00039601901462492297,0.0006046341292965543
26.548,0.00039573638958606,0.0006046148274438228
26.55,0.000395446675677288,0.000604595538821748
26.552,0.000395149910742677,0.0006045762634212607
26.554,0.000394846136494443,0.000604557001233298
26.556,0.000394535398486771,0.0006045377522488033
26.558,0.000394217746088312,0.0006045185164587261
26.56,0.00039389323245476,0.0006044992938540222
26.562,0.000393561914502572,0.0006044800844256534
26.564,0.000393223852884364,0.000604460888164588
26.566,0.000392879111965829,0.0006044417050618003
26.568,0.000392527759803309,0.0006044225351082708
26.57,0.000392169868120534,0.0006044033782949863
26.572,0.000391805512282858,0.0006043842346129394
26.574,0.00039143477126734894,0.0006043651040531295
26.576,0.00039105772762745893,0.0006043459866065617
26.578,0.00039067446745182603,0.0006043268822642473
26.58,0.00039028508031746,0.000604307791017204
26.582,0.000389889659238478,0.0006042887128564554
26.584,0.00038948830061202595,0.0006042696477730314
26.586,0.000389081104163299,0.000604250595757968
26.588,0.000388668172891351,0.0006042315568023074
26.59,0.000388249613016898,0.0006042125308970978
26.592,0.000387825533932369,0.0006041935180333937
26.594,0.000387396048153709,0.0006041745182022556
26.596,0.000386961271272525,0.0006041555313947502
26.598,0.00038652132190666703,0.0006041365576019505
26.6,0.00038607632164728607,0.0006041175968149353
26.602,0.00038562639500060706,0.0006040986490247896
26.604,0.000385171669323432,0.0006040797142226045
26.606,0.00038471227475222103,0.0006040607923994775
26.608,0.000384248344126547,0.0006040418835465118
26.61,0.000383780012908527,0.0006040229876548169
26.612,0.000383307419100259,0.0006040041047155084
26.614,0.00038283070316141795,0.0006039852347197079
26.616,0.000382350007928743,0.0006039663776585432
26.618,0.00038186547853852294,0.0006039475335231479
26.62,0.00038137726235234305,0.0006039287023046622
26.622,0.00038088550888544097,0.000603909883994232
26.624,0.00038039036973643703,0.0006038910785830092
26.626,0.00037989199851675,0.000603872286062152
26.628,0.000379390550778089,0.0006038535064228246
26.63,0.00037888618393671,0.0006038347396561971
26.632,0.00037837905719387304,0.0006038159857534458
26.634,0.000377869331452574,0.0006037972447057532
26.636,0.00037735716923146796,0.0006037785165043074
26.638,0.00037684273457740895,0.000603759801140303
26.64,0.000376326192978242,0.0006037410986049404
26.642,0.00037580771127745894,0.000603722408889426
26.644,0.000375287457591822,0.0006037037319849723
26.646,0.000374765601232445,0.000603685067882798
26.648,0.000374242312629013,0.0006036664165741274
26.65,0.000373717763256074,0.0006036477780501912
26.652,0.000373192125559825,0.000603629152302226
26.654,0.00037266557288351406,0.0006036105393214743
26.656,0.00037213827938965095,0.0006035919390991847
26.658,0.000371610419977719,0.0006035733516266118
26.66,0.000371082170196626,0.0006035547768950162
26.662,0.00037055370615207006,0.0006035362148956643
26.664,0.000370025204409746,0.0006035176656198288
26.666,0.000369496841895985,0.0006034991290587882
26.668,0.000368968795797835,0.0006034806052038271
26.67,0.00036844124346468104,0.0006034620940462359
26.672,0.00036791436231317604,0.000603443595577311
26.674,0.00036738832973679105,0.0006034251097883549
26.676,0.00036686332302050703,0.000603406636670676
26.678,0.000366339519260455,0.0006033881762155886
26.68,0.000365817095287598,0.000603369728414413
26.682,0.00036529622759417,0.0006033512932584754
26.684,0.000364777092261349,0.000603332870739108
26.686,0.000364259864886812,0.000603314460847649
26.688,0.000363744720511214,0.0006032960635754423
26.69,0.000363231833543161,0.0006032776789138382
26.692,0.00036272137768279594,0.0006032593068541924
26.694,0.00036221352584469,0.0006032409473878668
26.696,0.00036170845008091397,0.0006032226005062292
26.698,0.00036120632150539396,0.0006032042662006533
26.7,0.000360707310220275,0.0006031859444625187
26.702,0.000360211585244859,0.000603167635283211
26.704,0.000359719314447059,0.0006031493386541214
26.706,0.000359230664476962,0.0006031310545666474
26.708,0.00035874580070170497,0.0006031127830121922
26.71,0.000358264887140761,0.0006030945239821649
26.712,0.00035778808640082795,0.0006030762774679805
26.714,0.00035731555960975,0.0006030580434610598
26.716,0.00035684746634942195,0.0006030398219528297
26.718,0.00035638396458803596,0.0006030216129347226
26.72,0.00035592521061246697,0.0006030034163981773
26.722,0.00035547135896194394,0.0006029852323346381
26.724,0.0003550225623640761,0.0006029670607355552
26.726,0.00035457897167425406,0.0006029489015923847
26.728,0.000354140735819058,0.0006029307548965886
26.73,0.000353708001743758,0.0006029126206396348
26.732,0.00035328091436358797,0.0006028944988129967
26.734,0.00035285961651791,0.0006028763894081542
26.736,0.00035244424892626896,0.0006028582924165923
26.738,0.000352034950145202,0.0006028402078298024
26.74,0.00035163185652492,0.0006028221356392814
26.742,0.00035123510216539293,0.0006028040758365322
26.744,0.00035084481887183005,0.0006027860284130635
26.746,0.000350461136110167,0.0006027679933603896
26.748,0.00035008418096343496,0.0006027499706700311
26.75,0.000349714078090238,0.000602731960333514
26.752,0.000349350949686357,0.0006027139623423702
26.754,0.000348994915450291,0.0006026959766881375
26.756,0.00034864609255298804,0.0006026780033623593
26.758,0.000348304595611433,0.000602660042356585
26.76,0.000347970536665257,0.0006026420936623699
26.762,0.000347644025155134,0.0006026241572712746
26.764,0.00034732516790164197,0.000602606233174866
26.766,0.000347014069083467,0.0006025883213647166
26.768,0.000346710830214289,0.0006025704218324045
26.77,0.00034641555011826397,0.0006025525345695139
26.772,0.00034612832490467696,0.0006025346595676345
26.774,0.0003458492479428539,0.0006025167968183618
26.776,0.000345578409838657,0.0006024989463132973
26.778,0.000345315898413915,0.000602481108044048
26.78,0.00034506179868972695,0.0006024632820022266
26.782,0.000344816192874107,0.0006024454681794519
26.784,0.000344579160353703,0.0006024276665673481
26.786,0.00034435077768884203,0.0006024098771575452
26.788,0.000344131118610544,0.0006023920999416792
26.79,0.00034392025401824795,0.0006023743349113914
26.792,0.000343718251976948,0.0006023565820583293
26.794,0.00034352517771296003,0.0006023388413741458
26.796,0.000343341093608129,0.0006023211128504996
26.798,0.00034316605919278696,0.0006023033964790552
26.8,0.000343000131138474,0.0006022856922514826
26.802,0.00034284336325151595,0.0006022680001594578
26.804,0.000342695806468822,0.0006022503201946623
26.806,0.00034255750885688003,0.0006022326523487834
26.808,0.00034242851561462596,0.0006022149966135139
26.81,0.00034230886908027003,0.0006021973529805527
26.812,0.000342198608741664,0.000602179721441604
26.814,0.00034209777124925107,0.000602162101988378
26.816,0.000342006390430492,0.0006021444946125901
26.818,0.00034192449730444303,0.000602126899305962
26.82,0.000341852120095433,0.0006021093160602206
26.822,0.00034178928424501696,0.0006020917448670987
26.824,0.000341736012421915,0.0006020741857183347
26.826,0.00034169232453012103,0.0006020566386056726
26.828,0.000341658237715808,0.0006020391035208622
26.83,0.000341633766374016,0.0006020215804556589
26.832,0.000341618922156269,0.0006020040694018236
26.834,0.00034161371398023203,0.0006019865703511232
26.836,0.000341618148042174,0.0006019690832953299
26.838,0.000341632227832767,0.0006019516082262216
26.84,0.000341655954156055,0.0006019341451355821
26.842,0.00034168932515113204,0.0006019166940152004
26.844,0.00034173233631553903,0.0006018992548568715
26.846,0.000341784980529321,0.0006018818276523959
26.848,0.00034184724807871897,0.0006018644123935797
26.85,0.00034191912667863903,0.0006018470090722346
26.852,0.00034200060149363503,0.0006018296176801779
26.854,0.000342091655157492,0.0006018122382092326
26.856,0.00034219226779200396,0.0006017948706512272
26.858,0.000342302417025836,0.0006017775149979959
26.86,0.00034242207801434205,0.0006017601712413784
26.862,0.00034255122346112706,0.0006017428393732201
26.864,0.00034268982364165593,0.0006017255193853718
26.866,0.000342837846428798,0.0006017082112696902
26.868,0.00034299525731973,0.0006016909150180372
26.87,0.00034316201946326704,0.0006016736306222807
26.872,0.00034333809368664606,0.0006016563580742937
26.874,0.00034352343852096106,0.0006016390973659553
26.876,0.000343718010224728,0.0006016218484891497
26.878,0.000343921762805679,0.000601604611435767
26.88,0.00034413464804125803,0.0006015873861977025
26.882,0.000344356615498713,0.0006015701727668574
26.884,0.00034458761255579096,0.0006015529711351383
26.886,0.00034482758442296903,0.0006015357812944575
26.888,0.00034507647416782196,0.0006015186032367324
26.89,0.00034533422274175997,0.0006015014369538864
26.892,0.000345600769008847,0.0006014842824378484
26.894,0.00034587604977610707,0.0006014671396805527
26.896,0.00034615999982456804,0.000601450008673939
26.898,0.000346452551940254,0.0006014328894099527
26.9,0.00034675363694455205,0.0006014157818805449
26.902,0.000347063183723671,0.0006013986860776717
26.904,0.00034738111925715804,0.0006013816019932953
26.906,0.00034770736864575,0.0006013645296193829
26.908,0.000348041855138819,0.0006013474689479076
26.91,0.000348384500161753,0.0006013304199708479
26.912,0.00034873522334340895,0.0006013133826801875
26.914,0.000349093942543625,0.000601296357067916
26.916,0.000349460573880653,0.0006012793431260283
26.918,0.000349835031758254,0.0006012623408465248
26.92,0.00035021722889230105,0.0006012453502214115
26.922,0.000350607076336808,0.0006012283712426995
26.924,0.00035100448350954303,0.000601211403902406
26.926,0.00035140935821752797,0.0006011944481925532
26.928,0.000351821606682811,0.0006011775041051687
26.93,0.000352241133568986,0.000601160571632286
26.932,0.000352667842008742,0.0006011436507659437
26.934,0.00035310163363257694,0.000601126741498186
26.936,0.000353542408598635,0.0006011098438210626
26.938,0.000353990065623416,0.0006010929577266285
26.94,0.00035444450201305307,0.0006010760832069442
26.942,0.00035490561369483603,0.0006010592202540758
26.944,0.000355373295248915,0.0006010423688600945
26.946,0.000355847439940156,0.0006010255290170773
26.948,0.000356327939750413,0.0006010087007171064
26.95,0.00035681468541154203,0.0006009918839522695
26.952,0.00035730756643941394,0.0006009750787146598
26.954,0.000357806471169004,0.0006009582849963757
26.956,0.00035831128679037004,0.0006009415027895213
26.958,0.00035882189938488,0.0006009247320862059
26.96,0.000359338193960807,0.0006009079728785442
26.962,0.00035986005448723204,0.0006008912251586566
26.964,0.00036038736392525304,0.0006008744889186685
26.966,0.00036092000425583503,0.000600857764150711
26.968,0.00036145785650422603,0.0006008410508469204
26.97,0.000362000800761372,0.0006008243489994384
26.972,0.00036254871620362996,0.0006008076586004123
26.974,0.00036310148111236106,0.0006007909796419946
26.976,0.000363658972895241,0.0006007743121163432
26.978,0.000364221068110944,0.0006007576560156213
26.98,0.000364787642498256,0.0006007410113319977
26.982,0.00036535857100994596,0.0006007243780576465
26.984,0.00036593372785073295,0.0006007077561847468
26.986,0.00036651298651797396,0.0006006911457054836
26.988,0.000367096219843143,0.0006006745466120469
26.99,0.000367683300032028,0.0006006579588966322
26.992,0.000368274098701975,0.0006006413825514404
26.994,0.00036886848691514406,0.0006006248175686775
26.996,0.00036946633520772,0.0006006082639405552
26.998,0.000370067513615914,0.0006005917216592901
27.0,0.00037067189170035395,0.0006005751907171045
27.002,0.000371279338570786,0.000600558671106226
27.004,0.000371889722912929,0.0006005421628188873
27.006,0.000372502913018776,0.0006005256658473267
27.008,0.00037311877682077803,0.0006005091801837875
27.01,0.000373737181929432,0.0006004927058205187
27.012,0.000374357995672956,0.0006004762427497742
27.014,0.00037498108513720895,0.0006004597909638137
27.016,0.00037560631720402797,0.0006004433504549016
27.018,0.00037623355858636804,0.0006004269212153082
27.02,0.000376862675859532,0.0006004105032373086
27.022,0.000377493535488566,0.0006003940965131836
27.024,0.000378126003852783,0.000600377701035219
27.026,0.000378759947269036,0.0006003613167957062
27.028,0.00037939523201560295,0.0006003449437869414
27.03,0.00038003172435832004,0.0006003285820012266
27.032,0.000380669290580155,0.0006003122314308687
27.034,0.00038130779701448994,0.0006002958920681801
27.036,0.00038194711008166204,0.0006002795639054783
27.038,0.000382587096327465,0.0006002632469350862
27.04,0.00038322762246200195,0.0006002469411493319
27.042,0.000383868555397125,0.0006002306465405488
27.044,0.00038450976228106905,0.0006002143631010756
27.046,0.000385151110529531,0.0006001980908232561
27.048,0.000385792467853111,0.0006001818296994393
27.05,0.000386433702281994,0.0006001655797219798
27.052,0.000387074682189146,0.000600149340883237
27.054,0.000387715276313857,0.000600133113175576
27.056,0.000388355353787274,0.0006001168965913667
27.058,0.000388994784161272,0.0006001006911229845
27.06,0.000389633437441436,0.0006000844967628098
27.062,0.00039027118412402996,0.0006000683135032285
27.064,0.000390907895236145,0.0006000521413366315
27.066,0.00039154344237743796,0.0006000359802554151
27.068,0.00039217769776161,0.0006000198302519807
27.07,0.00039281053425551304,0.0006000036913187348
27.072,0.000393441825414266,0.0005999875634480894
27.074,0.0003940714455111251,0.0005999714466324613
27.076,0.000394699269561855,0.0005999553408642729
27.078,0.00039532517334400996,0.0005999392461359515
27.08,0.00039594903341254106,0.0005999231624399298
27.082,0.000396570727113513,0.0005999070897686456
27.084,0.00039719013259810406,0.0005998910281145419
27.086,0.00039780712883896496,0.0005998749774700667
27.088,0.000398421595650478,0.0005998589378276735
27.09,0.000399033413713885,0.0005998429091798207
27.092,0.00039964246460743403,0.0005998268915189721
27.094,0.00040024863084082497,0.0005998108848375964
27.096,0.000400851795892757,0.0005997948891281676
27.098,0.000401451844249922,0.0005997789043831651
27.1,0.000402048661445743,0.0005997629305950729
27.102,0.00040264213409739496,0.0005997469677563806
27.104,0.00040323214994006905,0.000599731015859583
27.106,0.00040381859785789797,0.0005997150748971796
27.108,0.000404401367911587,0.0005996991448616755
27.11,0.000404980351363094,0.0005996832257455806
27.112,0.000405555440698049,0.0005996673175414102
27.114,0.00040612652964657696,0.0005996514202416844
27.116,0.000406693513203243,0.0005996355338389288
27.118,0.000407256287646558,0.000599619658325674
27.12,0.00040781475055842406,0.0005996037936944556
27.122,0.00040836880084371403,0.0005995879399378145
27.124,0.000408918338750133,0.0005995720970482964
27.126,0.000409463265888502,0.0005995562650184525
27.128,0.000410003485253738,0.0005995404438408388
27.13,0.00041053890124672396,0.0005995246335080166
27.132,0.00041106941969735604,0.0005995088340125522
27.134,0.000411594947888896,0.000599493045347017
27.136,0.00041211539458362,0.0005994772675039876
27.138,0.000412630670049467,0.0005994615004760454
27.14,0.00041314068608717594,0.0005994457442557773
27.142,0.000413645356057222,0.000599429998835775
27.144,0.00041414459490577094,0.0005994142642086354
27.146,0.00041463831918899695,0.0005993985403669603
27.148,0.000415126447095295,0.0005993828273033567
27.15,0.00041560889846530805,0.0005993671250104366
27.152,0.000416085594810029,0.0005993514334808174
27.154,0.00041655645932758004,0.000599335752707121
27.156,0.000417021416919435,0.0005993200826819748
27.158,0.000417480394206953,0.0005993044233980111
27.16,0.00041793331954881595,0.0005992887748478672
27.162,0.00041838012305979504,0.0005992731370241854
27.164,0.00041882073663072395,0.0005992575099196132
27.166,0.000419255093949318,0.0005992418935268031
27.168,0.00041968313052111194,0.0005992262878384126
27.17,0.000420104783689754,0.0005992106928471042
27.172,0.00042051999265586696,0.0005991951085455456
27.174,0.000420928698494081,0.0005991795349264092
27.176,0.00042133084416814693,0.0005991639719823727
27.178,0.00042172637454443104,0.0005991484197061189
27.18,0.00042211523640453,0.0005991328780903353
27.182,0.000422497378457841,0.0005991173471277146
27.184,0.000422872751355038,0.0005991018268109545
27.186,0.00042324130770310695,0.0005990863171327577
27.188,0.000423603002082332,0.0005990708180858319
27.19,0.00042395779106509703,0.0005990553296628896
27.192,0.00042430563323598804,0.0005990398518566486
27.194,0.000424646489212328,0.0005990243846598316
27.196,0.00042498032166407904,0.0005990089280651663
27.198,0.000425307095332124,0.0005989934820653853
27.2,0.00042562677704416,0.0005989780466532261
27.202,0.00042593933572779205,0.0005989626218214315
27.204,0.000426244742420912,0.000598947207562749
27.206,0.00042654297027972,0.000598931803869931
27.208,0.00042683399458516395,0.0005989164107357354
27.21,0.00042711779274858804,0.0005989010281529243
27.212,0.000427394344317289,0.0005988856561142653
27.214,0.000427663630980537,0.0005988702946125308
27.216,0.000427925636576244,0.0005988549436404982
27.218,0.00042818034709822403,0.0005988396031909498
27.22,0.000428427750703753,0.0005988242732566727
27.222,0.000428667837721144,0.0005988089538304592
27.224,0.00042890060065699595,0.0005987936449051064
27.226,0.00042912603420311495,0.0005987783464734165
27.228,0.000429344135243174,0.0005987630585281964
27.23,0.000429554902859404,0.000598747781062258
27.232,0.00042975833833958804,0.0005987325140684183
27.234,0.00042995444518458405,0.000598717257539499
27.236,0.000430143229116245,0.0005987020114683268
27.238,0.00043032469808535894,0.0005986867758477335
27.24,0.00043049886227891507,0.0005986715506705554
27.242,0.000430665734125799,0.0005986563359296341
27.244,0.00043082532830009606,0.0005986411316178158
27.246,0.0004309776617214231,0.000598625937727952
27.248,0.000431122753552115,0.0005986107542528987
27.25,0.00043126062519171696,0.000598595581185517
27.252,0.000431391300269598,0.0005985804185186728
27.254,0.000431514804636964,0.000598565266245237
27.256,0.000431631166359495,0.0005985501243580853
27.258,0.000431740415711604,0.0005985349928500984
27.26,0.00043184258517280804,0.0005985198717141617
27.262,0.000431937709426026,0.0005985047609431656
27.264,0.0004320258253568191,0.0005984896605300054
27.266,0.00043210697205227,0.000598474570467581
27.268,0.00043218119079775803,0.0005984594907487977
27.27,0.000432248525070224,0.0005984444213665651
27.272,0.00043230902052687504,0.0005984293623137979
27.274,0.000432362724989158,0.0005984143135834159
27.276,0.000432409688422623,0.0005983992751683433
27.278,0.000432449962914035,0.0005983842470615094
27.28,0.00043248360264765996,0.0005983692292558483
27.282,0.000432510663882681,0.0005983542217442991
27.284,0.00043253120493343003,0.0005983392245198053
27.286,0.000432545286153484,0.0005983242375753159
27.288,0.000432552969923741,0.000598309260903784
27.29,0.00043255432064374797,0.0005982942944981681
27.292,0.000432549404724721,0.0005982793383514314
27.294,0.00043253829058228604,0.0005982643924565416
27.296,0.000432521048626868,0.0005982494568064716
27.298,0.000432497751249933,0.0005982345313941989
27.3,0.000432468472804963,0.0005982196162127061
27.302,0.00043243328958276,0.0005982047112549802
27.304,0.000432392279781571,0.0005981898165140134
27.306,0.000432345523473028,0.0005981749319828023
27.308,0.00043229310256550805,0.0005981600576543487
27.31,0.000432235100766431,0.0005981451935216589
27.312,0.000432171603544926,0.0005981303395777441
27.314,0.000432102698095897,0.0005981154958156203
27.316,0.00043202847330596895,0.0005981006622283084
27.318,0.00043194901972131697,0.0005980858388088339
27.32,0.000431864429516969,0.000598071025550227
27.322,0.00043177479646691705,0.0005980562224455231
27.324,0.00043168021591429695,0.0005980414294877619
27.326,0.0004315807847409021,0.0005980266466699882
27.328,0.00043147660133544897,0.0005980118739852513
27.33,0.00043136776556015606,0.0005979971114266055
27.332,0.000431254378715292,0.0005979823589871098
27.334,0.00043113654350146393,0.0005979676166598279
27.336,0.000431014363979447,0.0005979528844378282
27.338,0.000430887945527373,0.000597938162314184
27.34,0.000430757394795275,0.0005979234502819733
27.342,0.00043062281965699096,0.0005979087483342786
27.344,0.00043048432915976896,0.0005978940564641877
27.346,0.000430342033472083,0.0005978793746647925
27.348,0.00043019604383049196,0.0005978647029291901
27.35,0.000430046472486465,0.0005978500412504822
27.352,0.000429893432654164,0.0005978353896217752
27.354,0.00042973703846006805,0.0005978207480361801
27.356,0.00042957740489490303,0.0005978061164868128
27.358,0.000429414647767952,0.0005977914949667939
27.36,0.000429248883663309,0.0005977768834692486
27.362,0.00042908022989712806,0.0005977622819873069
27.364,0.000428908804474626,0.0005977476905141036
27.366,0.00042873472604557203,0.0005977331090427781
27.368,0.00042855811385707297,0.0005977185375664744
27.37,0.000428379087702912,0.0005977039760783414
27.372,0.000428197767869291,0.0005976894245715325
27.374,0.00042801427507731905,0.0005976748830392061
27.376,0.00042782873042316997,0.0005976603514745248
27.378,0.000427641255317035,0.0005976458298706564
27.38,0.00042745197142215406,0.000597631318220773
27.382,0.000427261000594858,0.0005976168165180517
27.384,0.00042706846482622207,0.000597602324755674
27.386,0.000426874486185388,0.0005975878429268262
27.388,0.000426679186764138,0.0005975733710246993
27.39,0.000426482688621961,0.0005975589090424888
27.392,0.00042628511373071407,0.0005975444569733952
27.394,0.00042608658391819895,0.0005975300148106233
27.396,0.00042588722081015706,0.0005975155825473828
27.398,0.0004256871457707429,0.0005975011601768879
27.4,0.000425486479841906,0.0005974867476923575
27.402,0.000425285343682423,0.0005974723450870152
27.404,0.000425083857507456,0.0005974579523540892
27.406,0.000424882141029403,0.0005974435694868123
27.408,0.000424680313400509,0.0005974291964784221
27.41,0.000424478493157311,0.0005974148333221606
27.412,0.00042427679816662894,0.0005974004800112746
27.414,0.00042407534557241096,0.0005973861365390155
27.416,0.000423874251742711,0.0005973718028986394
27.418,0.00042367363221603696,0.0005973574790834067
27.42,0.000423473601646573,0.0005973431650865828
27.422,0.00042327427374813095,0.0005973288609014376
27.424,0.0004230757612369631,0.0005973145665212457
27.426,0.00042287817577394196,0.0005973002819392859
27.428,0.00042268162790670694,0.000597286007148842
27.43,0.000422486227012425,0.0005972717421432024
27.432,0.000422292081241696,0.0005972574869156599
27.434,0.00042209929746388,0.0005972432414595121
27.436,0.00042190798121393504,0.0005972290057680611
27.438,0.0004217182366406411,0.0005972147798346133
27.44,0.00042153016645593203,0.0005972005636524804
27.442,0.000421343871885102,0.000597186357214978
27.444,0.000421159452617637,0.0005971721605154266
27.446,0.000420977006758555,0.0005971579735471512
27.448,0.000420796630780229,0.0005971437963034813
27.45,0.000420618419474749,0.0005971296287777513
27.452,0.000420442465906843,0.0005971154709632998
27.454,0.00042026886136741,0.0005971013228534701
27.456,0.00042009769532759804,0.0005970871844416101
27.458,0.000419929055393344,0.0005970730557210723
27.46,0.00041976302726024904,0.0005970589366852136
27.462,0.00041959969466874797,0.0005970448273273954
27.464,0.000419439139359588,0.000597030727640984
27.466,0.000419281441029864,0.0005970166376193499
27.468,0.0004191266772898889,0.0005970025572558684
27.47,0.000418974923621425,0.0005969884865439191
27.472,0.00041882625333773595,0.0005969744254768863
27.474,0.000418680737545924,0.0005969603740481588
27.476,0.000418538445111855,0.0005969463322511299
27.478,0.00041839944262778606,0.0005969323000791975
27.48,0.00041826379438253706,0.0005969182775257639
27.482,0.000418131562333954,0.000596904264584236
27.484,0.00041800280608316094,0.0005968902612480254
27.486,0.00041787758285012297,0.0005968762675105478
27.488,0.00041775594745009295,0.0005968622833652237
27.49,0.000417637952270563,0.0005968483088054782
27.492,0.000417523647248534,0.0005968343438247407
27.494,0.000417413079848001,0.000596820388416445
27.496,0.00041730629503763304,0.0005968064425740298
27.498,0.000417203335268619,0.000596792506290938
27.5,0.00041710424045271103,0.000596778579560617
27.502,0.00041700904794026794,0.0005967646623765188
27.504,0.000416917792498281,0.0005967507547320999
27.506,0.0004168305062882499,0.0005967368566208211
27.508,0.00041674721884395297,0.0005967229680361478
27.51,0.000416667957049419,0.00059670908897155
27.512,0.000416592745117538,0.0005966952194205021
27.514,0.000416521604570235,0.0005966813593764828
27.516,0.000416454554221133,0.0005966675088329755
27.518,0.000416391610161914,0.0005966536677834679
27.52,0.00041633278575335105,0.0005966398362214523
27.522,0.00041627809162179,0.0005966260141404253
27.524,0.00041622753566134007,0.0005966122015338883
27.526,0.00041618112304150695,0.0005965983983953466
27.528,0.000416138856219341,0.0005965846047183105
27.53,0.00041610073495467793,0.0005965708204962944
27.532,0.000416066756326729,0.0005965570457228173
27.534,0.00041603691475012395,0.0005965432803914025
27.536,0.000416011201988739,0.000596529524495578
27.538,0.000415989607166107,0.000596515778028876
27.54,0.00041597211677180893,0.0005965020409848332
27.542,0.00041595871466404,0.0005964883133569908
27.544,0.000415949382069264,0.0005964745951388943
27.546,0.000415944097580414,0.0005964608863240937
27.548,0.00041594283715553504,0.0005964471869061434
27.55,0.000415945574118715,0.0005964334968786022
27.552,0.000415952279165043,0.0005964198162350335
27.554,0.00041596292037073804,0.0005964061449690049
27.556,0.000415977463209126,0.0005963924830740883
27.558,0.00041599587057226305,0.0005963788305438603
27.56,0.00041601810279757296,0.0005963651873719018
27.562,0.000416044117698281,0.0005963515535517981
27.564,0.00041607387059622503,0.0005963379290771387
27.566,0.00041610731435561,0.0005963243139415179
27.568,0.000416144399416496,0.000596310708138534
27.57,0.00041618507382719296,0.0005962971116617899
27.572,0.000416229283275237,0.0005962835245048928
27.574,0.000416276971117116,0.0005962699466614544
27.576,0.000416328078407348,0.0005962563781250906
27.578,0.00041638254392785797,0.0005962428188894217
27.58,0.000416440304218706,0.0005962292689480727
27.582,0.00041650129361117693,0.0005962157282946725
27.584,0.00041656544426404594,0.0005962021969228546
27.586,0.00041663268620345994,0.0005961886748262569
27.588,0.000416702947366431,0.0005961751619985216
27.59,0.000416776153647487,0.0005961616584332952
27.592,0.000416852228947638,0.0005961481641242287
27.594,0.00041693109522448297,0.0005961346790649772
27.596,0.00041701267254232096,0.0005961212032492006
27.598,0.0004170968791210349,0.0005961077366705627
27.6,0.000417183631383031,0.0005960942793227317
27.602,0.000417272843997826,0.0005960808311993805
27.604,0.000417364429924463,0.0005960673922941859
27.606,0.000417458300452498,0.0005960539626008293
27.608,0.00041755436524260005,0.0005960405421129962
27.61,0.000417652532368146,0.0005960271308243768
27.612,0.000417752708359009,0.0005960137287286652
27.614,0.00041785479824858,0.0005960003358195602
27.616,0.000417958705624526,0.0005959869520907646
27.618,0.000418064332683208,0.0005959735775359857
27.62,0.000418171580287243,0.0005959602121489351
27.622,0.00041828034802520906,0.0005959468559233287
27.624,0.00041839053427244403,0.0005959335088528867
27.626,0.00041850203625191603,0.0005959201709313335
27.628,0.00041861475009454506,0.000595906842152398
27.63,0.000418728570898775,0.0005958935225098133
27.632,0.00041884339278969103,0.0005958802119973167
27.634,0.000418959108978314,0.00059586691060865
27.636,0.00041907561182181,0.0005958536183375591
27.638,0.0004191927928852419,0.0005958403351777943
27.64,0.00041931054300509504,0.0005958270611231101
27.642,0.00041942875235429904,0.0005958137961672654
27.644,0.000419547310508017,0.0005958005403040233
27.646,0.00041966610650906396,0.000595787293527151
27.648,0.00041978502893182904,0.0005957740558304203
27.65,0.00041990396594369906,0.0005957608272076073
27.652,0.000420022805363594,0.0005957476076524919
27.654,0.000420141434717872,0.0005957343971588586
27.656,0.00042025974129454504,0.0005957211957204962
27.658,0.00042037761219729393,0.0005957080033311978
27.66,0.00042049493440103803,0.0005956948199847603
27.662,0.000420611594810629,0.0005956816456749854
27.664,0.00042072748032378994,0.0005956684803956788
27.666,0.000420842477898611,0.0005956553241406504
27.668,0.00042095647462505,0.0005956421769037144
27.67,0.0004210693577991689,0.0005956290386786893
27.672,0.00042118101499812803,0.0005956159094593978
27.674,0.00042129133415400396,0.0005956027892396669
27.676,0.00042140020362449904,0.0005955896780133277
27.678,0.000421507512259366,0.0005955765757742155
27.68,0.000421613149462002,0.00059556348251617
27.682,0.00042171700524665397,0.000595550398233035
27.684,0.000421818970292256,0.0005955373229186585
27.686,0.00042191893599450106,0.000595524256566893
27.688,0.000422016794517835,0.0005955111991715948
27.69,0.00042211243884878,0.0005954981507266245
27.692,0.000422205762851656,0.0005954851112258472
27.694,0.00042229666132698304,0.0005954720806631319
27.696,0.000422385030072284,0.0005954590590323519
27.698,0.00042247076594444696,0.0005954460463273849
27.7,0.00042255376692251106,0.0005954330425421123
27.702,0.000422633932169691,0.0005954200476704203
27.704,0.00042271116209368194,0.0005954070617061988
27.706,0.00042278535840463796,0.0005953940846433421
27.708,0.000422856424170801,0.0005953811164757487
27.71,0.00042292426387205494,0.0005953681571973213
27.712,0.000422988783452157,0.0005953552068019667
27.714,0.000423049890370451,0.0005953422652835959
27.716,0.00042310749365380104,0.000595329332636124
27.718,0.00042316150394926407,0.0005953164088534704
27.72,0.000423211833577561,0.0005953034939295588
27.722,0.000423258396587109,0.0005952905878583166
27.724,0.000423301108807831,0.0005952776906336757
27.726,0.000423339887903928,0.0005952648022495723
27.728,0.000423374653424542,0.0005952519226999464
27.73,0.00042340532685150497,0.0005952390519787423
27.732,0.000423431831643518,0.0005952261900799085
27.734,0.00042345409327657296,0.0005952133369973977
27.736,0.000423472039280747,0.0005952004927251665
27.738,0.00042348559927381897,0.0005951876572571759
27.74,0.000423494704992498,0.0005951748305873909
27.742,0.00042349929032198296,0.0005951620127097807
27.744,0.00042349929132461204,0.0005951492036183186
27.746,0.00042349464626818703,0.0005951364033069821
27.748,0.00042348529565425306,0.0005951236117697527
27.75,0.000423471182246452,0.0005951108290006161
27.752,0.00042345225109881595,0.0005950980549935623
27.754,0.000423428449583803,0.0005950852897425849
27.756,0.00042339972741982,0.0005950725332416822
27.758,0.00042336603669813,0.0005950597854848564
27.76,0.00042332733190908706,0.0005950470464661136
27.762,0.000423283569967833,0.0005950343161794644
27.764,0.00042323471023963596,0.000595021594618923
27.766,0.000423180714565019,0.0005950088817785083
27.768,0.00042312154728476,0.0005949961776522428
27.77,0.000423057175264571,0.0005949834822341534
27.772,0.000422987567919006,0.0005949707955182709
27.774,0.00042291269723394,0.0005949581174986304
27.776,0.00042283253778666903,0.0005949454481692709
27.778,0.00042274706676271104,0.0005949327875242357
27.78,0.00042265626396839503,0.0005949201355575718
27.782,0.000422560111838668,0.0005949074922633306
27.784,0.000422458595439869,0.0005948948576355675
27.786,0.00042235170246774094,0.000594882231668342
27.788,0.000422239423241386,0.0005948696143557176
27.79,0.00042212175069423,0.000594857005691762
27.792,0.00042199868036329,0.0005948444056705468
27.794,0.00042187021037800904,0.0005948318142861478
27.796,0.00042173634144972004,0.0005948192315326448
27.798,0.000421597076862429,0.0005948066574041217
27.8,0.0004214524224651309,0.0005947940918946663
27.802,0.000421302386665362,0.0005947815349983706
27.804,0.00042114698042327507,0.0005947689867093307
27.806,0.000420986217245323,0.0005947564470216466
27.808,0.000420820113176538,0.0005947439159294224
27.81,0.000420648686790515,0.0005947313934267662
27.812,0.00042047195917658994,0.0005947188795077904
27.814,0.00042028995392397205,0.0005947063741666111
27.816,0.00042010269710308,0.0005946938773973484
27.818,0.000419910217244508,0.0005946813891941269
27.82,0.00041971254531626804,0.0005946689095510747
27.822,0.0004195097146998361,0.0005946564384623242
27.824,0.000419301761165386,0.0005946439759220118
27.826,0.00041908872284622794,0.0005946315219242779
27.828,0.00041887064021224303,0.0005946190764632667
27.83,0.000418647556041766,0.0005946066395331269
27.832,0.000418419515391398,0.0005945942111280107
27.834,0.00041818656556321304,0.0005945817912420747
27.836,0.00041794875606920005,0.0005945693798694793
27.838,0.00041770613859308704,0.0005945569770043888
27.84,0.000417458766950126,0.0005945445826409718
27.842,0.00041720669704570305,0.0005945321967734007
27.844,0.00041694998683378896,0.0005945198193958519
27.846,0.00041668869627609496,0.0005945074505025058
27.848,0.000416422887302463,0.0005944950900875469
27.85,0.000416152623772534,0.0005944827381451636
27.852,0.000415877971438101,0.0005944703946695483
27.854,0.000415598997905128,0.0005944580596548972
27.856,0.00041531577259408103,0.0005944457330954107
27.858,0.000415028366697244,0.0005944334149852933
27.86,0.00041473685313197,0.0005944211053187531
27.862,0.000414441306489487,0.0005944088040900024
27.864,0.000414141802979547,0.0005943965112932576
27.866,0.0004138384203719559,0.0005943842269227386
27.868,0.00041353123793664193,0.0005943719509726698
27.87,0.00041322033638408005,0.0005943596834372791
27.872,0.000412905797807878,0.0005943474243107988
27.874,0.000412587705630714,0.0005943351735874648
27.876,0.000412266144554156,0.0005943229312615171
27.878,0.000411941200511902,0.0005943106973271996
27.88,0.00041161296062519804,0.0005942984717787602
27.882,0.0004112815131585981,0.0005942862546104507
27.884,0.00041094694747399003,0.0005942740458165269
27.886,0.00041060935398102704,0.0005942618453912483
27.888,0.00041026882408274696,0.0005942496533288788
27.89,0.000409925450115921,0.0005942374696236857
27.892,0.00040957932528674397,0.0005942252942699406
27.894,0.00040923054360319497,0.000594213127261919
27.896,0.00040887919980607995,0.0005942009685939002
27.898,0.00040852538930082505,0.0005941888182601674
27.9,0.00040816920809193404,0.0005941766762550077
27.902,0.000407810752721385,0.0005941645425727123
27.904,0.00040745012021131905,0.0005941524172075762
27.906,0.000407087408010624,0.0005941403001538984
27.908,0.00040672271394411996,0.0005941281914059816
27.91,0.00040635613616260704,0.0005941160909581326
27.912,0.00040598777309195397,0.0005941039988046619
27.914,0.00040561772337961103,0.0005940919149398842
27.916,0.00040524608583760097,0.0005940798393581178
27.918,0.000404872959381734,0.0005940677720536851
27.92,0.00040449844296769295,0.0005940557130209123
27.922,0.00040412263552522796,0.0005940436622541295
27.924,0.000403745635892101,0.0005940316197476707
27.926,0.000403367542749505,0.0005940195854958737
27.928,0.00040298845456034505,0.0005940075594930802
27.93,0.00040260846951120096,0.0005939955417336361
27.932,0.000402227685458077,0.0005939835322118907
27.934,0.000401846199875315,0.0005939715309221975
27.936,0.000401464109806509,0.0005939595378589137
27.938,0.00040108151181589296,0.0005939475530164004
27.94,0.00040069850193872605,0.0005939355763890226
27.942,0.00040031517562953597,0.0005939236079711492
27.944,0.00039993162770755007,0.0005939116477571528
27.946,0.000399547952299435,0.0005938996957414101
27.948,0.000399164242780023,0.0005938877519183014
27.95,0.000398780591712306,0.000593875816282211
27.952,0.00039839709078821206,0.0005938638888275271
27.954,0.00039801383077171803,0.0005938519695486416
27.956,0.00039763090144558994,0.0005938400584399504
27.958,0.000397248391562537,0.000593828155495853
27.96,0.000396866388800987,0.000593816260710753
27.962,0.00039648497972508996,0.0005938043740790576
27.964,0.0003961042497479869,0.0005937924955951782
27.966,0.000395724283097097,0.0005937806252535296
27.968,0.000395345162780001,0.0005937687630485308
27.97,0.000394966970549631,0.0005937569089746042
27.972,0.00039458978686780403,0.0005937450630261765
27.974,0.00039421369086654396,0.0005937332251976779
27.976,0.000393838760307201,0.0005937213954835426
27.978,0.00039346507153782397,0.0005937095738782083
27.98,0.00039309269944973,0.0005936977603761169
27.982,0.000392721717434336,0.000593685954971714
27.984,0.000392352197341498,0.0005936741576594487
27.986,0.00039198420944041304,0.0005936623684337745
27.988,0.000391617822383839,0.0005936505872891481
27.99,0.00039125310317604105,0.0005936388142200304
27.992,0.00039089011714434795,0.000593627049220886
27.994,0.00039052892791392193,0.0005936152922861831
27.996,0.00039016959738489003,0.000593603543410394
27.998,0.000389812185710994,0.0005935918025879945
28.0,0.00038945675127879497,0.0005935800698134644
28.002,0.00038910335068678106,0.0005935683450812872
28.004,0.000388752038723921,0.00059355662838595
28.006,0.000388402868347687,0.0005935449197219441
28.008,0.00038805589066185904,0.0005935332190837643
28.01,0.00038771115489475794,0.0005935215264659091
28.012,0.00038736870837874094,0.000593509841862881
28.014,0.000387028596531799,0.0005934981652691862
28.016,0.00038669086284195807,0.0005934864966793344
28.018,0.00038635554885498995,0.0005934748360878396
28.02,0.00038602269416557796,0.000593463183489219
28.022,0.000385692336411718,0.0005934515388779937
28.024,0.000385364511271929,0.0005934399022486889
28.026,0.00038503925246452,0.0005934282735958333
28.028,0.00038471659174816794,0.0005934166529139592
28.03,0.000384396558923057,0.0005934050401976029
28.032,0.00038407918183200004,0.0005933934354413044
28.034,0.000383764486361211,0.0005933818386396073
28.036,0.00038345249644065204,0.0005933702497870591
28.038,0.000383143234044127,0.0005933586688782108
28.04,0.00038283671918949003,0.0005933470959076176
28.042,0.000382532969939323,0.000593335530869838
28.044,0.00038223200240249897,0.0005933239737594343
28.046,0.000381933830736799,0.0005933124245709727
28.048,0.00038163846715262003,0.000593300883299023
28.05,0.000381345921917595,0.0005932893499381586
28.052,0.00038105620336187807,0.0005932778244829571
28.054,0.000380769317883872,0.0005932663069279991
28.056,0.000380485269956275,0.0005932547972678695
28.058,0.00038020406213272104,0.0005932432954971568
28.06,0.00037992569505548905,0.000593231801610453
28.062,0.00037965016746517604,0.0005932203156023538
28.064,0.000379377476213245,0.0005932088374674589
28.066,0.000379107616278461,0.0005931973672003715
28.068,0.0003788405807877381,0.0005931859047956985
28.07,0.000378576361041555,0.0005931744502480506
28.072,0.00037831494654329306,0.0005931630035520419
28.074,0.000378056325031273,0.0005931515647022906
28.076,0.000377800482511721,0.0005931401336934183
28.078,0.00037754740329065103,0.0005931287105200506
28.08,0.00037729707000289,0.0005931172951768164
28.082,0.00037704946363690606,0.0005931058876583484
28.084,0.000376804563555053,0.0005930944879592832
28.086,0.000376562347509738,0.0005930830960742607
28.088,0.00037632279165703003,0.000593071711997925
28.09,0.000376085870569853,0.0005930603357249232
28.092,0.00037585155725322904,0.0005930489672499066
28.094,0.00037561982316377894,0.00059303760656753
28.096,0.00037539063823513,0.0005930262536724517
28.098,0.000375163970909774,0.000593014908559334
28.1,0.00037493978817692403,0.0005930035712228426
28.102,0.000374718055614827,0.000592992241657647
28.104,0.000374498737435224,0.0005929809198584201
28.106,0.000374281796527395,0.0005929696058198389
28.108,0.00037406719449928696,0.0005929582995365836
28.11,0.0003738548917138881,0.0005929470010033382
28.112,0.00037364484731985394,0.0005929357102147905
28.114,0.00037343701927648406,0.0005929244271656317
28.116,0.00037323136437402094,0.0005929131518505569
28.118,0.00037302783825111805,0.0005929018842642646
28.12,0.000372826395411684,0.0005928906244014571
28.122,0.000372626989243325,0.0005928793722568401
28.124,0.00037242957203935997,0.0005928681278251232
28.126,0.000372234095025757,0.0005928568911010195
28.128,0.000372040508393589,0.0005928456620792456
28.13,0.000371848761336819,0.0005928344407545222
28.132,0.00037165880209456196,0.0005928232271215729
28.134,0.000371470577996356,0.0005928120211751255
28.136,0.00037128403550871803,0.0005928008229099112
28.138,0.000371099120281142,0.0005927896323206647
28.14,0.00037091577718983997,0.0005927784494021245
28.142,0.00037073395037783696,0.0005927672741490327
28.144,0.00037055358329053797,0.0005927561065561348
28.146,0.00037037461870639306,0.0005927449466181803
28.148,0.000370196998762924,0.0005927337943299217
28.15,0.000370020664978805,0.0005927226496861157
28.152,0.00036984555827326995,0.0005927115126815222
28.154,0.00036967161898427797,0.0005927003833109049
28.156,0.00036949878688700695,0.0005926892615690308
28.158,0.00036932700121411303,0.0005926781474506709
28.16,0.00036915620067887205,0.0005926670409505996
28.162,0.000368986323501778,0.0005926559420635949
28.164,0.000368817307440639,0.000592644850784438
28.166,0.00036864908982357704,0.0005926337671079145
28.168,0.000368481607583826,0.0005926226910288127
28.17,0.000368314797294894,0.0005926116225419252
28.172,0.00036814859520455405,0.0005926005616420475
28.174,0.000367982937266267,0.0005925895083239793
28.176,0.00036781775916705793,0.0005925784625825234
28.178,0.00036765299635138594,0.0005925674244124863
28.18,0.00036748858404115996,0.0005925563938086782
28.182,0.00036732445725263407,0.0005925453707659127
28.184,0.00036716055081133003,0.0005925343552790071
28.186,0.000366996799366273,0.000592523347342782
28.188,0.000366833137404846,0.0005925123469520618
28.19,0.00036666949926921605,0.0005925013541016744
28.192,0.00036650581917484806,0.000592490368786451
28.194,0.00036634203123110995,0.0005924793910012268
28.196,0.00036617806946348,0.0005924684207408401
28.198,0.000366013867836497,0.0005924574580001331
28.2,0.00036584936027642703,0.0005924465027739511
28.202,0.00036568448069262694,0.0005924355550571435
28.204,0.00036551916299681697,0.0005924246148445627
28.206,0.00036535334111976303,0.0005924136821310648
28.208,0.000365186949025293,0.0005924027569115097
28.21,0.00036501992072186193,0.0005923918391807604
28.212,0.000364852190272169,0.0005923809289336838
28.214,0.000364683691801458,0.00059237002616515
28.216,0.000364514359505059,0.0005923591308700328
28.218,0.00036434412765574996,0.0005923482430432094
28.22,0.000364172930611226,0.0005923373626795607
28.222,0.00036400070282185807,0.000592326489773971
28.224,0.000363827378838846,0.0005923156243213279
28.226,0.00036365289332272705,0.0005923047663165228
28.228,0.000363477181052275,0.0005922939157544506
28.23,0.00036330017693393495,0.0005922830726300095
28.232,0.000363121816011896,0.0005922722369381013
28.234,0.000362942033479087,0.0005922614086736314
28.236,0.000362760764689196,0.0005922505878315084
28.238,0.00036257794516983394,0.0005922397744066448
28.24,0.00036239351063657195,0.0005922289683939562
28.242,0.00036220739700744403,0.0005922181697883618
28.244,0.000362019540417136,0.0005922073785847845
28.246,0.00036182987722990496,0.0005921965947781504
28.248,0.000361638344050165,0.0005921858183633892
28.25,0.00036144487772984203,0.0005921750493354341
28.252,0.000361249415371772,0.0005921642876892217
28.254,0.00036105189432896997,0.0005921535334196921
28.256,0.00036085225220007993,0.0005921427865217889
28.258,0.0003606504268219101,0.0005921320469904593
28.26,0.000360446356260419,0.0005921213148206535
28.262,0.00036023997880178397,0.0005921105900073256
28.264,0.000360031232945299,0.000592099872545433
28.266,0.000359820057399548,0.0005920891624299368
28.268,0.000359606391082905,0.0005920784596558011
28.27,0.000359390173128724,0.0005920677642179936
28.272,0.000359171342894915,0.0005920570761114858
28.274,0.000358949839976927,0.0005920463953312523
28.276,0.00035872560422263097,0.0005920357218722711
28.278,0.000358498575747443,0.0005920250557295239
28.28,0.000358268694947946,0.0005920143968979957
28.282,0.000358035902512681,0.0005920037453726748
28.284,0.00035780013942929295,0.0005919931011485534
28.286,0.00035756134698789106,0.0005919824642206265
28.288,0.00035731946678113397,0.0005919718345838929
28.29,0.00035707444070213204,0.000591961212233355
28.292,0.00035682621094158394,0.0005919505971640183
28.294,0.000356574719985648,0.0005919399893708916
28.296,0.000356319910615867,0.0005919293888489876
28.298,0.00035606172591202403,0.000591918795593322
28.3,0.0003558001092582691,0.0005919082095989142
28.302,0.0003555350043522931,0.0005918976308607869
28.304,0.000355266355216811,0.0005918870593739662
28.306,0.000354994106212312,0.0005918764951334815
28.308,0.000354718202049955,0.0005918659381343659
28.31,0.00035443858780363806,0.0005918553883716555
28.312,0.00035415520892058606,0.0005918448458403902
28.314,0.00035386801123026804,0.0005918343105356131
28.316,0.000353576940951914,0.0005918237824523708
28.318,0.000353281944701223,0.0005918132615857131
28.32,0.00035298296949716506,0.0005918027479306934
28.322,0.000352679962769734,0.0005917922414823683
28.324,0.00035237287236940403,0.000591781742235798
28.326,0.00035206164657878403,0.000591771250186046
28.328,0.00035174623412657994,0.0005917607653281791
28.33,0.00035142658420371194,0.0005917502876572675
28.332,0.00035110264648113,0.0005917398171683849
28.334,0.000350774371128758,0.0005917293538566083
28.336,0.00035044170883498095,0.0005917188977170181
28.338,0.000350104610826126,0.000591708448744698
28.34,0.000349763028885635,0.0005916980069347351
28.342,0.0003494169153727239,0.0005916875722822199
28.344,0.00034906622324051,0.0005916771447822463
28.346,0.00034871090605376296,0.0005916667244299115
28.348,0.00034835091800645605,0.0005916563112203161
28.35,0.00034798621393943106,0.000591645905148564
28.352,0.00034761674935844094,0.0005916355062097624
28.354,0.00034724248045289903,0.0005916251143990222
28.356,0.000346863364115617,0.0005916147297114571
28.358,0.000346479357963933,0.0005916043521421847
28.36,0.00034609042036244506,0.0005915939816863255
28.362,0.000345696510447655,0.0005915836183390036
28.364,0.000345297588154676,0.0005915732620953464
28.366,0.00034489361424607304,0.0005915629129504845
28.368,0.00034448455034273096,0.0005915525708995522
28.37,0.000344070358956533,0.0005915422359376867
28.372,0.00034365100352448896,0.0005915319080600288
28.374,0.000343226448443886,0.0005915215872617226
28.376,0.000342796659108009,0.0005915112735379153
28.378,0.000342361601941977,0.0005915009668837577
28.38,0.0003419212444383779,0.000591490667294404
28.382,0.00034147555519242105,0.0005914803747650114
28.384,0.00034102450393643603,0.0005914700892907406
28.386,0.00034056806157368704,0.0005914598108667555
28.388,0.00034010620021143495,0.0005914495394882236
28.39,0.0003396388931933049,0.0005914392751503153
28.392,0.00033916611513106496,0.0005914290178482048
28.394,0.000338687841935844,0.0005914187675770691
28.396,0.00033820405084906497,0.0005914085243320889
28.398,0.00033771472047324896,0.0005913982881084479
28.4,0.00033721983080309097,0.0005913880589013334
28.402,0.00033671936325714005,0.0005913778367059358
28.404,0.00033621330071056195,0.0005913676215174488
28.406,0.00033570162752932396,0.0005913574133310695
28.408,0.00033518432960615,0.0005913472121419982
28.41,0.00033466139439837094,0.0005913370179454385
28.412,0.00033413281096766797,0.0005913268307365972
28.414,0.00033359857002146395,0.0005913166505106847
28.416,0.00033305866395564297,0.0005913064772629145
28.418,0.00033251308689812004,0.0005912963109885032
28.42,0.00033196183475281497,0.0005912861516826709
28.422,0.00033140490524361497,0.0005912759993406409
28.424,0.00033084229795798205,0.0005912658539576398
28.426,0.00033027401438998197,0.0005912557155288975
28.428,0.00032970005798260504,0.0005912455840496471
28.43,0.00032912043416921904,0.0005912354595151249
28.432,0.00032853515041400197,0.0005912253419205708
28.434,0.00032794421625122894,0.0005912152312612275
28.436,0.000327347643323094,0.0005912051275323413
28.438,0.000326745445415934,0.0005911950307291616
28.44,0.00032613763849467396,0.0005911849408469411
28.442,0.000325524240735562,0.0005911748578809358
28.444,0.00032490527255736807,0.0005911647818264049
28.446,0.00032428075665161103,0.0005911547126786108
28.448,0.00032365071801241204,0.0005911446504328192
28.45,0.00032301518396674197,0.0005911345950842992
28.452,0.00032237418420572104,0.0005911245466283228
28.454,0.000321727750817457,0.0005911145050601657
28.456,0.000321075918321491,0.0005911044703751062
28.458,0.00032041872370461695,0.0005910944425684265
28.46,0.00031975620645739494,0.0005910844216354117
28.462,0.00031908840861049096,0.0005910744075713501
28.464,0.00031841537476979295,0.0005910644003715332
28.466,0.000317737152149485,0.0005910544000312561
28.468,0.000317053790602363,0.0005910444065458166
28.47,0.000316365342647201,0.0005910344199105162
28.472,0.00031567186349323704,0.0005910244401206593
28.474,0.000314973411062229,0.0005910144671715536
28.476,0.000314270046008661,0.00059100450105851
28.478,0.00031356183173876197,0.0005909945417768427
28.48,0.00031284883442874595,0.0005909845893218691
28.482,0.000312131123042619,0.0005909746436889098
28.484,0.00031140876934948304,0.0005909647048732885
28.486,0.00031068184794019705,0.0005909547728703321
28.488,0.00030995043624314206,0.0005909448476753709
28.49,0.000309214614538787,0.0005909349292837383
28.492,0.00030847446597300095,0.0005909250176907708
28.494,0.00030773007656915,0.0005909151128918083
28.496,0.00030698153523922,0.0005909052148821937
28.498,0.000306228933794225,0.0005908953236572732
28.5,0.00030547236695420703,0.0005908854392123961
28.502,0.000304711932357878,0.0005908755615429152
28.504,0.00030394773057177294,0.0005908656906441859
28.506,0.000303179865098478,0.0005908558265115674
28.508,0.00030240844238327503,0.0005908459691404215
28.51,0.000301633571818416,0.0005908361185261136
28.512,0.000300855365744249,0.0005908262746640123
28.514,0.000300073939446544,0.000590816437549489
28.516,0.000299289411149696,0.0005908066071779187
28.518,0.00029850190200572506,0.0005907967835446792
28.52,0.000297711536079428,0.0005907869666451518
28.522,0.00029691844033020396,0.0005907771564747207
28.524,0.00029612274459129797,0.0005907673530287734
28.526,0.00029532458154729195,0.0005907575563027005
28.528,0.00029452408671054196,0.000590747766291896
28.53,0.00029372139839719597,0.0005907379829917566
28.532,0.000292916657703206,0.0005907282063976825
28.534,0.00029211000848052395,0.0005907184365050769
28.536,0.000291301597313552,0.0005907086733093463
28.538,0.00029049157349569097,0.0005906989168059003
28.54,0.00028968008900572706,0.0005906891669901513
28.542,0.00028886729848368996,0.0005906794238575155
28.544,0.00028805335920578705,0.0005906696874034117
28.546,0.00028723843105787303,0.000590659957623262
28.548,0.000286422676506979,0.0005906502345124919
28.55,0.000285606260570358,0.0005906405180665296
28.552,0.000284789350781514,0.0005906308082808067
28.554,0.00028397211715278905,0.0005906211051507579
28.556,0.000283154732134102,0.000590611408671821
28.558,0.00028233737056763904,0.0005906017188394368
28.56,0.000281520209638387,0.0005905920356490495
28.562,0.00028070342882069405,0.0005905823590961061
28.564,0.00027988720982116,0.0005905726891760571
28.566,0.000279071736518486,0.0005905630258843558
28.568,0.00027825719490105397,0.0005905533692164587
28.57,0.00027744377300318,0.0005905437191678256
28.572,0.000276631660841034,0.000590534075733919
28.574,0.00027582105034921594,0.000590524438910205
28.576,0.00027501213531871195,0.0005905148086921525
28.578,0.000274205111336708,0.0005905051850752335
28.58,0.000273400175728184,0.0005904955680549233
28.582,0.00027259752749882,0.0005904859576267001
28.584,0.00027179736727813304,0.0005904763537860454
28.586,0.00027099989726146994,0.0005904667565284436
28.588,0.000270205321149299,0.0005904571658493823
28.59,0.000269413844082279,0.000590447581744352
28.592,0.000268625672571051,0.0005904380042088468
28.594,0.00026784101442027606,0.0005904284332383633
28.596,0.000267060078647236,0.0005904188688284015
28.598,0.00026628307539606404,0.0005904093109744645
28.6,0.000265510215849352,0.0005903997596720582
28.602,0.000264741712139157,0.0005903902149166921
28.604,0.00026397777725948,0.0005903806767038781
28.606,0.000263218624981743,0.0005903711450291317
28.608,0.000262464469774173,0.0005903616198879714
28.61,0.000261715526724959,0.0005903521012759187
28.612,0.000260972011468152,0.000590342589188498
28.614,0.000260234140110553,0.0005903330836212371
28.616,0.000259502129157364,0.0005903235845696665
28.618,0.0002587761954345039,0.00059031409202932
28.62,0.00025805655600582807,0.0005903046059957345
28.622,0.000257343428084408,0.0005902951264644498
28.624,0.000256637028937985,0.0005902856534310089
28.626,0.000255937575789641,0.0005902761868909577
28.628,0.00025524528571562203,0.0005902667268398452
28.63,0.00025456037554259504,0.0005902572732732237
28.632,0.00025388306174666604,0.0005902478261866481
28.634,0.00025321356035610095,0.0005902383855756767
28.636,0.00025255208685891797,0.0005902289514358708
28.638,0.000251898856115638,0.0005902195237627945
28.64,0.000251254082276547,0.0005902101025520152
28.642,0.00025061797870208104,0.0005902006877991033
28.644,0.000249990757884485,0.0005901912794996321
28.646,0.00024937263136881203,0.0005901818776491781
28.648,0.000248763809671545,0.0005901724822433207
28.65,0.000248164502195701,0.0005901630932776424
28.652,0.000247574917141932,0.0005901537107477287
28.654,0.00024699526141585393,0.0005901443346491682
28.656,0.00024642574053240405,0.0005901349649775524
28.658,0.00024586655851841296,0.0005901256017284758
28.66,0.000245317917814709,0.0005901162448975362
28.662,0.000244780019178953,0.0005901068944803341
28.664,0.00024425306159005895,0.0005900975504724731
28.666,0.000243737242154825,0.0005900882128695599
28.668,0.000243232756016845,0.0005900788816672042
28.67,0.00024273979626770505,0.0005900695568610186
28.672,0.00024225855386020593,0.0005900602384466188
28.674,0.00024178921752346903,0.0005900509264196235
28.676,0.00024133197367982807,0.0005900416207756544
28.678,0.000240887006363622,0.0005900323215103362
28.68,0.00024045449714205297,0.0005900230286192966
28.682,0.00024003462503831996,0.0005900137420981661
28.684,0.00023962756645712298,0.0005900044619425787
28.686,0.00023923349511239096,0.0005899951881481708
28.688,0.00023885258195688802,0.0005899859207105822
28.69,0.00023848499511302103,0.0005899766596254555
28.692,0.00023813089980412495,0.0005899674048884363
28.694,0.00023779045828543704,0.0005899581564951733
28.696,0.00023746382977419102,0.0005899489144413181
28.698,0.000237151170378554,0.0005899396787225253
28.7,0.00023685263302555294,0.0005899304493344524
28.702,0.00023656836738852996,0.00058992122627276
28.704,0.000236298519814997,0.0005899120095331115
28.706,0.00023604323325589205,0.0005899027991111736
28.708,0.000235802647197316,0.0005898935950026156
28.71,0.00023557689759552003,0.00058988439720311
28.712,0.00023536611681576402,0.0005898752057083321
28.714,0.00023517043357517098,0.0005898660205139603
28.716,0.000234989972889443,0.000589856841615676
28.718,0.000234824856023034,0.0005898476690091634
28.72,0.00023467520044223003,0.0005898385026901098
28.722,0.00023454111977058397,0.0005898293426542053
28.724,0.00023442272374625496,0.0005898201888971431
28.726,0.000234320118180974,0.0005898110414146193
28.728,0.00023423340492052103,0.000589801900202333
28.73,0.00023416268180677006,0.0005897927652559861
28.732,0.00023410804264143402,0.0005897836365712836
28.734,0.00023406957715168598,0.0005897745141439334
28.736,0.00023404737095778,0.0005897653979696464
28.738,0.00023404150554274497,0.0005897562880441363
28.74,0.00023405205822409493,0.0005897471843631198
28.742,0.00023407910212743,0.0005897380869223165
28.744,0.00023412270616174601,0.0005897289957174491
28.746,0.00023418293499618902,0.0005897199107442431
28.748,0.00023425984903809299,0.0005897108319984268
28.75,0.00023435350441209399,0.0005897017594757316
28.752,0.00023446395294026996,0.000589692693171892
28.754,0.00023459124212338696,0.000589683633082645
28.756,0.00023473541512347603,0.0005896745792037309
28.758,0.00023489651074812295,0.0005896655315308926
28.76,0.000235074563437043,0.0005896564900598762
28.762,0.000235269603251572,0.0005896474547864305
28.764,0.000235481655867776,0.0005896384257063075
28.766,0.00023571074257379095,0.0005896294028152618
28.768,0.00023595688027184197,0.000589620386109051
28.77,0.00023622008148510099,0.0005896113755834356
28.772,0.000236500354369182,0.0005896023712341792
28.774,0.000236797702727753,0.000589593373057048
28.776,0.00023711212603136394,0.0005895843810478115
28.778,0.000237443619438429,0.0005895753952022414
28.78,0.00023779217381722306,0.0005895664155161132
28.782,0.00023815777576791005,0.0005895574419852046
28.784,0.000238540407643887,0.0005895484746052965
28.786,0.00023894004757215204,0.0005895395133721727
28.788,0.00023935666947288303,0.0005895305582816197
28.79,0.00023979024307875003,0.0005895216093294272
28.792,0.00024024073395486007,0.0005895126665113874
28.794,0.000240708103520264,0.0005895037298232956
28.796,0.00024119230907190201,0.0005894947992609499
28.798,0.000241693303811579,0.0005894858748201516
28.8,0.00024221103687626202,0.0005894769564967045
28.802,0.000242745453371538,0.0005894680442864152
28.804,0.00024329649440785997,0.0005894591381850938
28.806,0.00024386409713893497,0.0005894502381885525
28.808,0.000244448194801747,0.0005894413442926068
28.81,0.000245048716757746,0.000589432456493075
28.812,0.00024566558853513003,0.0005894235747857782
28.814,0.000246298731872368,0.0005894146991665404
28.816,0.00024694806476346,0.0005894058296311886
28.818,0.000247613501505494,0.0005893969661755525
28.82,0.000248294952749105,0.0005893881087954647
28.822,0.000248992325552154,0.0005893792574867605
28.824,0.00024970552343670606,0.0005893704122452784
28.826,0.00025043444644890205,0.0005893615730668594
28.828,0.000251178991221041,0.0005893527399473477
28.83,0.00025193905103485995,0.0005893439128825899
28.832,0.00025271451588498406,0.000589335091868436
28.834,0.000253505272541544,0.0005893262769007384
28.836,0.00025431120461128203,0.0005893174679753524
28.838,0.00025513219259685094,0.0005893086650881363
28.84,0.000255968113954384,0.0005892998682349513
28.842,0.00025681884314980396,0.0005892910774116612
28.844,0.00025768425171465004,0.0005892822926141328
28.846,0.000258564208302186,0.0005892735138382356
28.848,0.000259458578744572,0.0005892647410798421
28.85,0.000260367226111685,0.0005892559743348275
28.852,0.000261290010771813,0.0005892472135990697
28.854,0.00026222679045421907,0.0005892384588684499
28.856,0.00026317742031328105,0.0005892297101388516
28.858,0.00026414175299372804,0.0005892209674061615
28.86,0.00026511963869649805,0.0005892122306662687
28.862,0.000266110925244708,0.0005892034999150657
28.864,0.00026711545814950705,0.0005891947751484472
28.866,0.000268133080675659,0.0005891860563623111
28.868,0.000269163633906982,0.0005891773435525581
28.87,0.000270206956811913,0.0005891686367150916
28.872,0.00027126288630956803,0.0005891599358458177
28.874,0.000272331257336599,0.0005891512409406457
28.876,0.000273411902915206,0.0005891425519954872
28.878,0.000274504654222324,0.0005891338690062569
28.88,0.00027560934065993403,0.0005891251919688722
28.882,0.00027672578992611596,0.0005891165208792536
28.884,0.00027785382808632705,0.0005891078557333239
28.886,0.00027899327964419295,0.000589099196527009
28.888,0.000280143967611034,0.0005890905432562375
28.89,0.000281305713573463,0.0005890818959169409
28.892,0.000282478337758479,0.0005890732545050533
28.894,0.00028366165909577003,0.0005890646190165118
28.896,0.00028485549527730006,0.0005890559894472561
28.898,0.00028605966281453597,0.0005890473657932288
28.9,0.00028727397709399496,0.0005890387480503753
28.902,0.000288498252431965,0.0005890301362146437
28.904,0.00028973230212921803,0.0005890215302819848
28.906,0.000290975938526441,0.0005890129302483523
28.908,0.000292228973060733,0.0005890043361097027
28.91,0.00029349121632313594,0.0005889957478619953
28.912,0.000294762478116701,0.000588987165501192
28.914,0.00029604256751430307,0.0005889785890232576
28.916,0.000297331292915158,0.0005889700184241595
28.918,0.000298628462099168,0.0005889614536998682
28.92,0.00029993388227845906,0.0005889528948463565
28.922,0.00030124736014596403,0.0005889443418596004
28.924,0.00030256870192149203,0.0005889357947355784
28.926,0.00030389771339623994,0.000588927253470272
28.928,0.00030523419997700104,0.000588918718059665
28.93,0.000306577966731401,0.0005889101884997445
28.932,0.00030792881843517105,0.0005889016647864998
28.934,0.000309286559621921,0.0005888931469159235
28.936,0.000310650994635132,0.0005888846348840105
28.938,0.00031202192768125104,0.0005888761286867587
28.94,0.000313399162882253,0.0005888676283201688
28.942,0.00031478250432570505,0.0005888591337802439
28.944,0.00031617175611043193,0.0005888506450629901
28.946,0.00031756672238650703,0.0005888421621644162
28.948,0.00031896720738898096,0.0005888336850805338
28.95,0.000320373015465852,0.0005888252138073571
28.952,0.000321783951101578,0.0005888167483409031
28.954,0.00032319981893813007,0.0005888082886771914
28.956,0.00032462042379577605,0.0005887998348122447
28.958,0.000326045570695567,0.0005887913867420881
28.96,0.0003274750648848,0.0005887829444627494
28.962,0.00032890871186596005,0.0005887745079702592
28.964,0.00033034631742846695,0.0005887660772606509
28.966,0.000331787687681939,0.0005887576523299606
28.968,0.000333232629089149,0.0005887492331742272
28.97,0.000334680948496767,0.000588740819789492
28.972,0.00033613245316251397,0.0005887324121717992
28.974,0.000337586950777945,0.0005887240103171958
28.976,0.00033904424948712306,0.0005887156142217314
28.978,0.000340504157902045,0.0005887072238814583
28.98,0.000341966485116405,0.0005886988392924317
28.982,0.000343431040719326,0.0005886904604507091
28.984,0.000344897634810421,0.0005886820873523512
28.986,0.00034636607801695197,0.0005886737199934211
28.988,0.00034783618151303406,0.0005886653583699844
28.99,0.00034930775704000396,0.00058865700247811
28.992,0.00035078061692651896,0.0005886486523138689
28.994,0.00035225457410666404,0.0005886403078733352
28.996,0.000353729442134598,0.0005886319691525854
28.998,0.000355205035194687,0.0005886236361476988
29.0,0.00035668116810705906,0.0005886153088547574
29.002,0.000358157656329204,0.000588606987269846
29.004,0.00035963431595511803,0.000588598671389052
29.006,0.00036111096371383306,0.0005885903612084652
29.008,0.00036258741696929003,0.0005885820567241787
29.01,0.00036406349372308393,0.0005885737579322876
29.012,0.000365539012620935,0.0005885654648288901
29.014,0.00036701379296284303,0.000588557177410087
29.016,0.000368487654716035,0.0005885488956719817
29.018,0.00036996041852904,0.0005885406196106803
29.02,0.000371431905744993,0.0005885323492222915
29.022,0.00037290193841212,0.0005885240845029269
29.024,0.00037437033928998707,0.0005885158254487005
29.026,0.00037583693185062894,0.000588507572055729
29.028,0.000377301540274734,0.0005884993243201321
29.03,0.00037876398944379004,0.0005884910822380316
29.032,0.000380224104929897,0.0005884828458055524
29.034,0.000381681712985263,0.000588474615018822
29.036,0.00038313664053344097,0.0005884663898739703
29.038,0.00038458871516391496,0.00058845817036713
29.04,0.000386037765131098,0.0005884499564944366
29.042,0.00038748361935780895,0.000588441748252028
29.044,0.000388926107442573,0.000588433545636045
29.046,0.000390365059669363,0.0005884253486426308
29.048,0.00039180030701801397,0.0005884171572679314
29.05,0.00039323168117348395,0.0005884089715080952
29.052,0.000394659014532549,0.0005884007913592737
29.054,0.000396082140206972,0.0005883926168176206
29.056,0.000397500892023092,0.0005883844478792925
29.058,0.00039891510451842897,0.0005883762845404485
29.06,0.000400324612936529,0.0005883681267972505
29.062,0.00040172925322154896,0.0005883599746458627
29.064,0.00040312886201410196,0.0005883518280824523
29.066,0.000404523276649469,0.0005883436871031889
29.068,0.000405912335158715,0.0005883355517042447
29.07,0.00040729587627261703,0.0005883274218817948
29.072,0.00040867373942760397,0.0005883192976320166
29.074,0.000410045764772553,0.0005883111789510903
29.076,0.000411411793175096,0.0005883030658351986
29.078,0.00041277166622634496,0.0005882949582805269
29.08,0.00041412522624332,0.0005882868562832633
29.082,0.0004154723162690449,0.0005882787598395984
29.084,0.00041681278007089993,0.0005882706689457253
29.086,0.000418146462138324,0.0005882625835978401
29.088,0.000419473207681219,0.000588254503792141
29.09,0.00042079286263046697,0.0005882464295248291
29.092,0.000422105273641552,0.000588238360792108
29.094,0.00042341028810183697,0.0005882302975901842
29.096,0.00042470775414143,0.0005882222399152663
29.098,0.00042599752064696695,0.0005882141877635659
29.1,0.000427279437277272,0.0005882061411312969
29.102,0.00042855335447968603,0.0005881981000146762
29.104,0.000429819123505954,0.0005881900644099229
29.106,0.00043107659642685096,0.0005881820343132588
29.108,0.000432325626145233,0.0005881740097209082
29.11,0.00043356606640759907,0.0005881659906290984
29.112,0.00043479777181464903,0.0005881579770340588
29.114,0.00043602059783148003,0.0005881499689320216
29.116,0.000437234400798081,0.0005881419663192216
29.118,0.000438439037940539,0.0005881339691918962
29.12,0.000439634367383094,0.0005881259775462853
29.122,0.00044082024816083907,0.0005881179913786314
29.124,0.00044199654023264703,0.0005881100106851795
29.126,0.000443163104493793,0.0005881020354621773
29.128,0.000444319802787926,0.000588094065705875
29.13,0.000445466497918335,0.0005880861014125254
29.132,0.00044660305365877405,0.000588078142578384
29.134,0.000447729334764648,0.0005880701891997085
29.136,0.00044884520698550503,0.0005880622412727596
29.138,0.000449950537079949,0.0005880542987938001
29.14,0.000451045192833882,0.0005880463617590958
29.142,0.00045212904308255695,0.0005880384301649149
29.144,0.00045320195773642,0.0005880305040075281
29.146,0.00045426380780999603,0.0005880225832832087
29.148,0.00045531446545259,0.0005880146679882325
29.15,0.0004563538039792,0.000588006758118878
29.152,0.00045738169789994495,0.000587998853671426
29.154,0.000458398022946549,0.0005879909546421602
29.156,0.00045940265609493205,0.0005879830610273665
29.158,0.000460395475583585,0.0005879751728233335
29.16,0.000461376360928129,0.0005879672900263523
29.162,0.00046234519293313303,0.0005879594126327167
29.164,0.00046330185370250496,0.0005879515406387229
29.166,0.00046424622665010507,0.0005879436740406696
29.168,0.00046517819651187894,0.0005879358128348581
29.17,0.000466097649360504,0.0005879279570175922
29.172,0.00046700447262295095,0.0005879201065851783
29.174,0.00046789855510076,0.0005879122615339254
29.176,0.00046877978699241097,0.0005879044218601448
29.178,0.000469648059916741,0.0005878965875601505
29.18,0.00047050326693643795,0.0005878887586302589
29.182,0.000471345302580609,0.0005878809350667892
29.184,0.000472174062865895,0.0005878731168660628
29.186,0.000472989445315951,0.0005878653040244037
29.188,0.000473791348979478,0.0005878574965381385
29.19,0.00047457967444745295,0.0005878496944035965
29.192,0.00047535432387025396,0.000587841897617109
29.194,0.00047611520097547903,0.0005878341061750103
29.196,0.00047686221108711495,0.0005878263200736369
29.198,0.00047759526114641296,0.0005878185393093281
29.2,0.000478314259734586,0.0005878107638784255
29.202,0.000479019117097036,0.0005878029937772732
29.204,0.00047970974516863793,0.0005877952290022179
29.206,0.00048038605759936204,0.0005877874695496088
29.208,0.000481047969779446,0.0005877797154157975
29.21,0.00048169539886333703,0.0005877719665971383
29.212,0.00048232826379172893,0.0005877642230899878
29.214,0.00048294648531112,0.0005877564848907052
29.216,0.00048354998599057304,0.0005877487519956521
29.218,0.000484138690235495,0.0005877410244011927
29.22,0.00048471252429853405,0.0005877333021036936
29.222,0.00048527141628782394,0.000587725585099524
29.224,0.00048581529617302595,0.0005877178733850557
29.226,0.000486344095789775,0.0005877101669566624
29.228,0.00048685774884318006,0.0005877024658107211
29.23,0.00048735619091110397,0.0005876947699436108
29.232,0.00048783935944792303,0.0005876870793517128
29.234,0.0004883071937893369,0.0005876793940314116
29.236,0.000488759635158659,0.0005876717139790933
29.238,0.0004891966266747821,0.0005876640391911472
29.24,0.000489618113361823,0.0005876563696639646
29.242,0.000490024042160206,0.0005876487053939395
29.244,0.000490414361938732,0.0005876410463774685
29.246,0.000490789023507152,0.0005876333926109502
29.248,0.0004911479796286121,0.0005876257440907862
29.25,0.000491491185031472,0.0005876181008133803
29.252,0.0004918185964200171,0.0005876104627751387
29.254,0.000492130172483768,0.0005876028299724702
29.256,0.000492425873905248,0.0005875952024017861
29.258,0.000492705663366132,0.0005875875800595
29.26,0.000492969505551864,0.000587579962942028
29.262,0.0004932173671548181,0.0005875723510457886
29.264,0.0004934492168760861,0.0005875647443672032
29.266,0.000493665025425865,0.000587557142902695
29.268,0.000493864765522455,0.0005875495466486901
29.27,0.000494048411889714,0.0005875419556016168
29.272,0.000494215941252909,0.0005875343697579062
29.274,0.000494367332332886,0.0005875267891139913
29.276,0.000494502565838635,0.000587519213666308
29.278,0.0004946216244585209,0.0005875116434112944
29.28,0.000494724492850567,0.0005875040783453912
29.282,0.000494811157632409,0.0005874965184650415
29.284,0.000494881607371605,0.0005874889637666907
29.286,0.0004949358325770281,0.0005874814142467869
29.288,0.000494973825691851,0.0005874738699017803
29.29,0.0004949955810884751,0.0005874663307281238
29.292,0.0004950010950653539,0.0005874587967222727
29.294,0.000494990365845289,0.0005874512678806846
29.296,0.0004949633935744431,0.0005874437441998196
29.298,0.00049492018032106,0.0005874362256761403
29.3,0.0004948607300728309,0.0005874287123061115
29.302,0.000494785048731967,0.0005874212040862008
29.304,0.000494693144107381,0.0005874137010128778
29.306,0.0004945850259038291,0.0005874062030826148
29.308,0.000494460705708363,0.0005873987102918864
29.31,0.0004943201969749599,0.0005873912226371698
29.312,0.000494163515008392,0.0005873837401149443
29.314,0.000493990676948572,0.0005873762627216918
29.316,0.000493801701756387,0.0005873687904538966
29.318,0.000493596610201621,0.0005873613233080454
29.32,0.0004933754248530871,0.0005873538612806273
29.322,0.0004931381700705251,0.0005873464043681339
29.324,0.000492884871997433,0.000587338952567059
29.326,0.0004926155585537209,0.0005873315058738992
29.328,0.00049233025942724,0.0005873240642851529
29.33,0.00049202900606344,0.0005873166277973213
29.332,0.0004917118316530029,0.000587309196406908
29.334,0.000491378771117719,0.0005873017701104189
29.336,0.0004910298610955181,0.0005872943489043624
29.338,0.000490665139925601,0.000587286932785249
29.34,0.000490284647634861,0.000587279521749592
29.342,0.0004898884259262881,0.0005872721157939068
29.344,0.000489476518169692,0.0005872647149147113
29.346,0.0004890489693944429,0.0005872573191085257
29.348,0.000488605826283394,0.0005872499283718728
29.35,0.00048814713716683,0.0005872425427012776
29.352,0.000487672952015231,0.0005872351620932674
29.354,0.00048718332242983606,0.000587227786544372
29.356,0.00048667830163057993,0.0005872204160511237
29.358,0.000486157944441537,0.000587213050610057
29.36,0.00048562230727467197,0.0005872056902177088
29.362,0.000485071448113137,0.0005871983348706184
29.364,0.000484505426495575,0.0005871909845653275
29.366,0.000483924303502676,0.0005871836392983802
29.368,0.00048332814174686803,0.0005871762990663228
29.37,0.000482717005365295,0.0005871689638657043
29.372,0.000482090960015615,0.0005871616336930756
29.374,0.000481450072873511,0.0005871543085449902
29.376,0.00048079441263047405,0.0005871469884180042
29.378,0.00048012404949043395,0.0005871396733086757
29.38,0.00047943905516407596,0.0005871323632135653
29.382,0.00047873950286034706,0.000587125058129236
29.384,0.00047802546727523405,0.0005871177580522531
29.386,0.000477297024578727,0.0005871104629791841
29.388,0.000476554252401286,0.0005871031729065993
29.39,0.00047579722982136,0.0005870958878310707
29.392,0.00047502603735542006,0.0005870886077491734
29.394,0.000474240756951494,0.0005870813326574843
29.396,0.000473441471986568,0.0005870740625525827
29.398,0.00047262826726755303,0.0005870667974310506
29.4,0.00047180122903476494,0.0005870595372894718
29.402,0.00047096044496656303,0.000587052282124433
29.404,0.000470106004183535,0.0005870450319325228
29.406,0.00046923799725081996,0.0005870377867103324
29.408,0.000468356516177535,0.0005870305464544552
29.41,0.00046746165441283394,0.0005870233111614871
29.412,0.00046655350683875703,0.0005870160808280261
29.414,0.000465632169760532,0.0005870088554506727
29.416,0.000464697740895414,0.0005870016350260298
29.418,0.000463750319361298,0.0005869944195507023
29.42,0.000462790005666319,0.0005869872090212977
29.422,0.00046181690170044997,0.0005869800034344259
29.424,0.00046083111072981196,0.0005869728027866988
29.426,0.000459832737393991,0.000586965607074731
29.428,0.000458821887706292,0.0005869584162951391
29.43,0.000457798669056644,0.0005869512304445423
29.432,0.00045676319021642204,0.0005869440495195618
29.434,0.000455715561344456,0.0005869368735168213
29.436,0.00045465589399325203,0.0005869297024329469
29.438,0.00045358430111450403,0.0005869225362645669
29.44,0.00045250089706292996,0.0005869153750083118
29.442,0.000451405797597706,0.0005869082186608146
29.444,0.00045029911988088894,0.0005869010672187107
29.446,0.000449180982472628,0.0005868939206786374
29.448,0.00044805150532335595,0.0005868867790372347
29.45,0.000446910809763519,0.0005868796422911446
29.452,0.00044575901849181696,0.0005868725104370118
29.454,0.00044459625556320895,0.0005868653834714829
29.456,0.000443422646377966,0.0005868582613912069
29.458,0.00044223831767297296,0.0005868511441928352
29.46,0.00044104339751610604,0.0005868440318730215
29.462,0.00043983801530400395,0.0005868369244284217
29.464,0.00043862230176302494,0.000586829821855694
29.466,0.000437396388952512,0.0005868227241514992
29.468,0.000436160410269267,0.0005868156313124998
29.47,0.000434914500451779,0.0005868085433353609
29.472,0.000433658795582943,0.0005868014602167501
29.474,0.00043239343309031696,0.0005867943819533369
29.476,0.00043111855174339997,0.0005867873085417932
29.478,0.00042983429164802597,0.0005867802399787934
29.48,0.00042854079423841303,0.000586773176261014
29.482,0.00042723820226773704,0.0005867661173851337
29.484,0.00042592665979811195,0.0005867590633478337
29.486,0.000424606312190796,0.0005867520141457971
29.488,0.00042327730609694603,0.0005867449697757098
29.49,0.00042193978944888005,0.0005867379302342595
29.492,0.00042059391145131105,0.0005867308955181365
29.494,0.000419239822571686,0.0005867238656240331
29.496,0.000417877674528742,0.0005867168405486441
29.498,0.00041650762027848704,0.0005867098202886663
29.5,0.00041512981399723304,0.0005867028048407992
29.502,0.000413744411061835,0.000586695794201744
29.504,0.000412351568027831,0.0005866887883682046
29.506,0.000410951442606659,0.0005866817873368871
29.508,0.000409544193643336,0.0005866747911044996
29.51,0.000408129981095934,0.0005866677996677527
29.512,0.000406708966017924,0.0005866608130233592
29.514,0.000405281310543801,0.0005866538311680339
29.516,0.000403847177877798,0.0005866468540984944
29.518,0.000402406732284745,0.0005866398818114601
29.52,0.00040096013908166097,0.0005866329143036529
29.522,0.00039950756462828505,0.0005866259515717966
29.524,0.000398049176314907,0.0005866189936126177
29.526,0.000396585142546033,0.0005866120404228445
29.528,0.000395115632719187,0.0005866050919992079
29.53,0.000393640817198722,0.0005865981483384408
29.532,0.000392160867285266,0.0005865912094372786
29.534,0.00039067595518199307,0.0005865842752924587
29.536,0.00038918625395920997,0.0005865773459007207
29.538,0.00038769193751871496,0.0005865704212588067
29.54,0.000386193180559112,0.0005865635013634609
29.542,0.000384690158542776,0.0005865565862114296
29.544,0.00038318304766451794,0.0005865496757994614
29.546,0.00038167202482141803,0.0005865427701243074
29.548,0.00038015726758289594,0.0005865358691827206
29.55,0.00037863895415988006,0.0005865289729714562
29.552,0.00037711726337204,0.0005865220814872719
29.554,0.000375592374612363,0.0005865151947269275
29.556,0.00037406446780890404,0.0005865083126871849
29.558,0.00037253372338405706,0.0005865014353648082
29.56,0.000371000322212212,0.0005864945627565641
29.562,0.000369464445577018,0.0005864876948592212
29.564,0.00036792627512948503,0.0005864808316695502
29.566,0.00036638599284807404,0.0005864739731843243
29.568,0.00036484378100141805,0.0005864671194003186
29.57,0.000363299822113884,0.0005864602703143109
29.572,0.000361754298933453,0.0005864534259230807
29.574,0.00036020739440100494,0.00058644658622341
29.576,0.00035865929161961094,0.0005864397512120829
29.578,0.000357110173822399,0.0005864329208858857
29.58,0.00035556022433759,0.0005864260952416069
29.582,0.00035400962654973697,0.0005864192742760373
29.584,0.00035245856385667396,0.0005864124579859699
29.586,0.00035090721962227704,0.0005864056463681997
29.588,0.000349355777125741,0.0005863988394195239
29.59,0.00034780441950852894,0.0005863920371367423
29.592,0.00034625332972036893,0.0005863852395166565
29.594,0.000344702690465758,0.0005863784465560705
29.596,0.00034315268415215203,0.0005863716582517901
29.598,0.00034160349284061706,0.0005863648746006239
29.6,0.00034005529819928603,0.0005863580955993823
29.602,0.000338508281459252,0.0005863513212448779
29.604,0.000336962623372228,0.0005863445515339254
29.606,0.00033541850416894106,0.0005863377864633422
29.608,0.000333876103517156,0.0005863310260299472
29.61,0.00033233560047843294,0.0005863242702305619
29.612,0.00033079717346299405,0.0005863175190620099
29.614,0.00032926100018266304,0.0005863107725211169
29.616,0.000327727257602202,0.0005863040306047109
29.618,0.000326196121889853,0.0005862972933096219
29.62,0.00032466776836809306,0.0005862905606326822
29.622,0.00032314237146563094,0.0005862838325707262
29.624,0.00032162010467144393,0.0005862771091205906
29.626,0.00032010114049136495,0.0005862703902791141
29.628,0.00031858565040714207,0.0005862636760431377
29.63,0.000317073804837579,0.0005862569664095045
29.632,0.000315565773100953,0.0005862502613750597
29.634,0.00031406172337775996,0.0005862435609366508
29.636,0.00031256182267288304,0.0005862368650911275
29.638,0.0003110662367765309,0.0005862301738353415
29.64,0.000309575130223588,0.0005862234871661466
29.642,0.00030808866625150496,0.000586216805080399
29.644,0.00030660700675712695,0.0005862101275749569
29.646,0.00030513031225319197,0.0005862034546466806
29.648,0.000303658741825258,0.0005861967862924327
29.65,0.00030219245308978304,0.000586190122509078
29.652,0.000300731602153877,0.0005861834632934831
29.654,0.00029927634357700903,0.0005861768086425171
29.656,0.000297826830334642,0.0005861701585530511
29.658,0.00029638321378358404,0.0005861635130219585
29.66,0.00029494564362875204,0.0005861568720461146
29.662,0.000293514267890983,0.0005861502356223969
29.664,0.00029208923287569506,0.0005861436037476852
29.666,0.000290670683142255,0.0005861369764188614
29.668,0.00028925876147415904,0.0005861303536328093
29.67,0.000287853608850142,0.0005861237353864151
29.672,0.000286455364416473,0.000586117121676567
29.674,0.00028506416546060195,0.0005861105125001554
29.676,0.000283680147386256,0.0005861039078540729
29.678,0.000282303443689906,0.000586097307735214
29.68,0.00028093418593846996,0.0005860907121404755
29.682,0.00027957250374792105,0.0005860841210667564
29.684,0.000278218524762549,0.0005860775345109576
29.686,0.000276872374634595,0.0005860709524699823
29.688,0.000275534177004174,0.0005860643749407356
29.69,0.000274204053479512,0.0005860578019201252
29.692,0.00027288212361781803,0.0005860512334050603
29.694,0.00027156850490719204,0.0005860446693924528
29.696,0.000270263312750096,0.0005860381098792163
29.698,0.000268966660449022,0.0005860315548622666
29.7,0.00026767865919476505,0.0005860250043385217
29.702,0.000266399418057725,0.0005860184583049018
29.704,0.00026512904398227796,0.0005860119167583291
29.706,0.000263867641784097,0.0005860053796957278
29.708,0.00026261531415000604,0.0005859988471140243
29.71,0.000261372161639782,0.0005859923190101472
29.712,0.000260138282689188,0.0005859857953810271
29.714,0.00025891377361344896,0.0005859792762235968
29.716,0.00025769872861055497,0.000585972761534791
29.718,0.000256493239763894,0.0005859662513115467
29.72,0.00025529739704391996,0.000585959745550803
29.722,0.000254111288308915,0.0005859532442495009
29.724,0.000252934999305092,0.0005859467474045837
29.726,0.000251768613666513,0.0005859402550129968
29.728,0.00025061221291541896,0.0005859337670716875
29.73,0.000249465876463608,0.0005859272835776053
29.732,0.000248329681615464,0.0005859208045277018
29.734,0.00024720370357303,0.0005859143299189308
29.736,0.00024608801544347706,0.0005859078597482481
29.738,0.00024498268824902904,0.0005859013940126114
29.74,0.00024388779093936904,0.0005858949327089808
29.742,0.00024280339040640695,0.0005858884758343182
29.744,0.00024172955150135304,0.0005858820233855879
29.746,0.00024066633705399903,0.000585875575359756
29.748,0.00023961380789428203,0.0005858691317537906
29.75,0.00023857202287612796,0.0005858626925646623
29.752,0.00023754103890366097,0.0005858562577893435
29.754,0.00023652091095971802,0.0005858498274248087
29.756,0.00023551169213644407,0.0005858434014680344
29.758,0.000234513433667548,0.0005858369799159993
29.76,0.00023352618496154506,0.0005858305627656842
29.762,0.00023254999363516696,0.0005858241500140717
29.764,0.00023158490554607303,0.0005858177416581468
29.766,0.000230630964824069,0.0005858113376948965
29.768,0.000229688213900291,0.0005858049381213096
29.77,0.00022875669353418298,0.0005857985429343774
29.772,0.000227836442838442,0.0005857921521310928
29.774,0.00022692749930253896,0.0005857857657084511
29.776,0.000226029898815602,0.0005857793836634496
29.778,0.00022514367568961003,0.0005857730059930874
29.78,0.00022426886268370904,0.000585766632694366
29.782,0.00022340549103027501,0.0005857602637642888
29.784,0.00022255359046299096,0.0005857538991998612
29.786,0.000221713189246976,0.0005857475389980909
29.788,0.00022088431421068798,0.0005857411831559873
29.79,0.00022006699077932001,0.000585734831670562
29.792,0.000219261243009435,0.0005857284845388289
29.794,0.000218467093624757,0.0005857221417578034
29.796,0.00021768456405333702,0.0005857158033245035
29.798,0.00021691367446637696,0.0005857094692359489
29.8,0.00021615444381918998,0.0005857031394891615
29.802,0.000215406889894532,0.0005856968140811651
29.804,0.000214671029348338,0.0005856904930089858
29.806,0.000213946877757428,0.0005856841762696514
29.808,0.000213234449668305,0.000585677863860192
29.81,0.00021253375864581,0.0005856715557776396
29.812,0.000211844817320218,0.0005856652520190282
29.814,0.00021116763743146396,0.000585658952581394
29.816,0.00021050222986949204,0.0005856526574617752
29.818,0.000209848604710377,0.0005856463666572119
29.82,0.00020920677124845,0.0005856400801647463
29.822,0.00020857673802536297,0.0005856337979814226
29.824,0.000207958512857458,0.0005856275201042871
29.826,0.000207352102862992,0.0005856212465303882
29.828,0.00020675751449063002,0.0005856149772567759
29.83,0.00020617475355017896,0.0005856087122805027
29.832,0.00020560382524591398,0.000585602451598623
29.834,0.00020504473421217303,0.0005855961952081931
29.836,0.000204497484550338,0.0005855899431062714
29.838,0.00020396207986598998,0.0005855836952899183
29.84,0.000203438523305006,0.0005855774517561961
29.842,0.00020292681758767597,0.0005855712125021694
29.844,0.000202426965040487,0.0005855649775249046
29.846,0.000201938967625766,0.0005855587468214699
29.848,0.000201462826970078,0.0005855525203889361
29.85,0.000200998544392548,0.0005855462982243755
29.852,0.000200546120934402,0.0005855400803248626
29.854,0.000200105557390745,0.0005855338666874739
29.856,0.00019967685434507898,0.0005855276573092878
29.858,0.000199260012206303,0.0005855214521873848
29.86,0.00019885503124729702,0.0005855152513188476
29.862,0.00019846191164360998,0.0005855090547007604
29.864,0.000198080653510431,0.0005855028623302098
29.866,0.000197711256936194,0.0005854966742042843
29.868,0.000197353722011438,0.0005854904903200744
29.87,0.00019700804885223599,0.0005854843106746726
29.872,0.000196674237618285,0.0005854781352651731
29.874,0.000196352288526348,0.0005854719640886728
29.876,0.00019604220186048596,0.0005854657971422698
29.878,0.00019574397798059398,0.0005854596344230646
29.88,0.00019545761733098604,0.0005854534759281597
29.882,0.00019518312045027798,0.0005854473216546595
29.884,0.00019492048798354199,0.0005854411715996704
29.886,0.00019466972069700703,0.0005854350257603006
29.888,0.000194430819495068,0.0005854288841336606
29.89,0.00019420378543892099,0.0005854227467168629
29.892,0.000193988619765758,0.0005854166135070215
29.894,0.00019378532390740201,0.0005854104845012529
29.896,0.00019359389950720303,0.0005854043596966753
29.898,0.00019341434843428602,0.000585398239090409
29.9,0.00019324667279437002,0.0005853921226795763
29.902,0.00019309087493683298,0.0005853860104613012
29.904,0.00019294695745789497,0.0005853799024327101
29.906,0.000192814923200221,0.0005853737985909309
29.908,0.00019269477524944703,0.0005853676989330939
29.91,0.000192586516928449,0.000585361603456331
29.912,0.000192490151790281,0.0005853555121577763
29.914,0.000192405683610803,0.0005853494250345659
29.916,0.000192333116381937,0.0005853433420838377
29.918,0.00019227245430638397,0.0005853372633027316
29.92,0.00019222370179419198,0.0005853311886883896
29.922,0.00019218686346130702,0.0005853251182379554
29.924,0.000192161944129634,0.0005853190519485748
29.926,0.00019214894882784095,0.0005853129898173957
29.928,0.000192147882791688,0.0005853069318415677
29.93,0.00019215875146255,0.0005853008780182426
29.932,0.000192181560482832,0.0005852948283445739
29.934,0.000192216315687182,0.0005852887828177172
29.936,0.000192263023088983,0.0005852827414348301
29.938,0.00019232168886202202,0.0005852767041930719
29.94,0.000192392319317955,0.0005852706710896043
29.942,0.00019247492088065704,0.0005852646421215903
29.944,0.000192569500058912,0.0005852586172861955
29.946,0.000192676063418982,0.0005852525965805871
29.948,0.00019279461755845304,0.0005852465800019343
29.95,0.000192925169082339,0.000585240567547408
29.952,0.000193067724581833,0.0005852345592141816
29.954,0.00019322229061548204,0.00058522855499943
29.956,0.000193388873691942,0.0005852225549003302
29.958,0.000193567480253013,0.0005852165589140608
29.96,0.000193758116655503,0.000585210567037803
29.962,0.00019396078915042303,0.0005852045792687393
29.964,0.000194175503858433,0.0005851985956040545
29.966,0.000194402266740881,0.0005851926160409351
29.968,0.00019464108356641302,0.0005851866405765697
29.97,0.000194891959873711,0.0005851806692081488
29.972,0.00019515490093144903,0.0005851747019328647
29.974,0.000195429911696826,0.000585168738747912
29.976,0.000195716996774134,0.0005851627796504866
29.978,0.00019601616037470297,0.0005851568246377867
29.98,0.00019632740627916699,0.0005851508737070125
29.982,0.00019665073780256398,0.0005851449268553661
29.984,0.00019698615776219801,0.0005851389840800512
29.986,0.00019733366844772702,0.0005851330453782737
29.988,0.00019769327159246003,0.0005851271107472414
29.99,0.00019806496834467497,0.000585121180184164
29.992,0.00019844875923758702,0.000585115253686253
29.994,0.00019884464415679702,0.0005851093312507218
29.996,0.00019925262230430197,0.000585103412874786
29.998,0.00019967269215853402,0.0005850974985556628
30.0,0.00020010485143040697,0.0005850915882905715
