# Units: Energy [eV], Spectral intensity [normalized] 
energies,F_fid,F_fid_normalized
0.0,0.41592312403076853,0.12373281519043164
0.0024617069619047617,0.4159975737552841,0.12374543972255529
0.004923413923809523,0.4162207610310562,0.12378330078382872
0.007385120885714286,0.4165922011354547,0.12384636080219946
0.009846827847619047,0.41711108941887165,0.12393455726813758
0.01230853480952381,0.4177763060875684,0.12404780289962797
0.014770241771428572,0.4185864228023914,0.12418598587148168
0.017231948733333335,0.41953971099921245,0.12434897010731956
0.019693655695238094,0.4206341518143678,0.12453659563214903
0.022155362657142855,0.4218674474787712,0.12474867898305429
0.02461706961904762,0.4232370340281876,0.12498501367515397
0.027078776580952382,0.4247400951646085,0.12524537071965036
0.029540483542857144,0.42637357709496126,0.1255294991905105
0.032002190504761906,0.4281342041684728,0.12583712683607642
0.03446389746666667,0.43001849513281043,0.1261679607317088
0.03692560442857143,0.432022779831389,0.12652168796942298
0.03938731139047619,0.4341432161696703,0.12689797638037562
0.04184901835238095,0.4363758071864779,0.12729647528601085
0.04431072531428571,0.4387164180768844,0.12771681627366885
0.046772432276190476,0.4411607930256313,0.1281586139924977
0.04923413923809524,0.44370457172383626,0.12862146696558613
0.0516958462,0.44634330545647444,0.12910495841435268
0.054157553161904765,0.44907247266334976,0.12960865709137337
0.05661926012380952,0.45188749389160643,0.13013211811800937
0.05908096708571429,0.4547837460729105,0.1306748838233992
0.061542674047619046,0.4577565760729718,0.13123648458160264
0.06400438100952381,0.46080131347482833,0.13181643964392564
0.06646608797142857,0.4639132825700812,0.13241425796370596
0.06892779493333334,0.46708781354393575,0.1330294390111003
0.0713895018952381,0.4703202528503573,0.1336614735756771
0.07385120885714286,0.47360597278287336,0.13430984455488448
0.07631291581904762,0.4769403802545142,0.13497402772672287
0.07877462278095237,0.48031892480713007,0.13565349250520886
0.08123632974285715,0.4837371058758901,0.13634770267746282
0.0836980367047619,0.4871904793392289,0.1370561171214892
0.08615974366666666,0.4906746633879526,0.13777819050394324
0.08862145062857142,0.494185343749734,0.1385133739573848
0.0910831575904762,0.49771827830690646,0.13926111573671773
0.09354486455238095,0.5012693011464296,0.14002086185468887
0.09600657151428571,0.5048343260812247,0.14079205669648379
0.09846827847619048,0.5084093496818554,0.1415741436136015
0.10092998543809524,0.5119904538568812,0.14236656549731802
0.1033916924,0.5155738080191685,0.14316876533216197
0.10585339936190476,0.5191556708741311,0.14398018672991947
0.10831510632380953,0.5227323918643172,0.14480027444476742
0.11077681328571429,0.5263004123030562,0.14562847487020047
0.11323852024761905,0.5298562662280429,0.14646423651846616
0.1157002272095238,0.5333965810038446,0.14730701048326547
0.11816193417142858,0.5369180777003899,0.14815625088649936
0.12062364113333333,0.5404175712725674,0.14901141530986015
0.12308534809523809,0.5438919705641585,0.1498719652120702
0.12554705505714286,0.547338278157478,0.15073736633256898
0.12800876201904762,0.550753590088296,0.15160708908243678
0.13047046898095238,0.5541350954438983,0.15248060892332477
0.13293217594285714,0.557480075860507,0.15335740673513654
0.1353938829047619,0.5607859049347372,0.1542369691731762
0.13785558986666668,0.5640500475623094,0.1551187890154419
0.14031729682857144,0.5672700592158817,0.15600236550070717
0.1427790037904762,0.5704435851726014,0.15688720465798803
0.14524071075238093,0.573568359700801,0.1577728196279513
0.14770241771428572,0.5766422052141879,0.15865873097677338
0.15016412467619047,0.5796630314008784,0.1595444670029098
0.15262583163809523,0.5826288343337191,0.1604295640371894
0.15508753860000002,0.5855376955675091,0.16131356673659655
0.15754924556190475,0.5883877812279755,0.1621960283720574
0.1600109525238095,0.5911773410966725,0.1630765111104963
0.1624726594857143,0.5939047076953539,0.16395458629138188
0.16493436644761905,0.5965682953728011,0.1648298346979341
0.1673960734095238,0.5991665993965963,0.16570184682311762
0.1698577803714286,0.6016981950518671,0.16657022313050263
0.17231948733333333,0.6041617367486299,0.1674345743100303
0.17478119429523808,0.6065559571389969,0.1682945215286769
0.17724290125714284,0.6088796662451864,0.16914969667597224
0.17970460821904763,0.611131750598995,0.1699997426042865
0.1821663151809524,0.6133111723931333,0.17084431336376502
0.18462802214285712,0.615416968644602,0.17168307443175265
0.1870897291047619,0.6174482503700952,0.17251570293651639
0.18955143606666666,0.6194042017732307,0.17334188787504343
0.19201314302857142,0.6212840794432724,0.1741613303246606
0.1944748499904762,0.6230872115648597,0.1749737436481923
0.19693655695238096,0.6248129971381574,0.17577885369234747
0.1993982639142857,0.6264609052087287,0.17657639897900176
0.20185997087619048,0.6280304741063522,0.17736613088901523
0.20432167783809524,0.6295213106919255,0.17814781383820566
0.2067833848,0.6309330896115353,0.17892122544507727
0.20924509176190478,0.632265552556712,0.17968615668988444
0.21170679872380951,0.6335185075298494,0.180442412064595
0.21416850568571427,0.634691828113715,0.1811898097132987
0.21663021264761906,0.6357854527439502,0.18192818156259882
0.21909191960952382,0.6367993839834288,0.1826573734415027
0.22155362657142857,0.6377336877973095,0.18337724519032716
0.22401533353333333,0.6385884928276001,0.18408767075811613
0.2264770404952381,0.6393639896660337,0.1847885382880667
0.22893874745714285,0.6400604301240324,0.18547975019044832
0.2314004544190476,0.6406781264985242,0.1861612232025014
0.2338621613809524,0.6412174508323651,0.18683288843479212
0.23632386834285715,0.641678834168101,0.18749469140350503
0.23878557530476188,0.642062765793799,0.18814659204815146
0.24124728226666667,0.6423697924796612,0.1887885647341766
0.24370898922857143,0.6426005177041247,0.18942059823995158
0.24617069619047618,0.6427556008681483,0.19004269572764226
0.24863240315238097,0.6428357564963622,0.19065487469745665
0.25109411011428573,0.6428417534237624,0.19125716692478137
0.25355581707619046,0.6427744139666158,0.19184961837972994
0.25601752403809525,0.6426346130762264,0.19243228912864177
0.258479231,0.6424232774742168,0.19300525321708673
0.26094093796190476,0.6421413847679607,0.19356859853394864
0.26340264492380955,0.6417899625447937,0.19412242665618495
0.2658643518857143,0.6413700874436324,0.19466685267388245
0.26832605884761906,0.6408828842026076,0.19520200499525672
0.2707877658095238,0.640329524681329,0.19572802513127263
0.2732494727714285,0.6397112268563785,0.19624506745959686
0.27571117973333337,0.6390292537886416,0.19675329896762667
0.2781728866952381,0.638284912561068,0.19725289897438092
0.2806345936571429,0.6374795531854698,0.19774405883107787
0.2830963006190476,0.636614567476955,0.19822698160027094
0.2855580075809524,0.6356913878946159,0.19870188171346115
0.28801971454285713,0.6347114863470847,0.19916898460715493
0.29048142150476186,0.6336763729616025,0.19962852633739156
0.2929431284666667,0.6325875948152502,0.20008075317281976
0.29540483542857143,0.6314467346270286,0.20052592116646537
0.2978665423904762,0.6302554094094943,0.2009642957063941
0.30032824935238095,0.6290152690787075,0.20139615104553832
0.3027899563142857,0.6277279950212775,0.2018217698110301
0.30525166327619047,0.6263952986173633,0.20224144249344758
0.30771337023809525,0.6250189197185296,0.20265546691646283
0.31017507720000004,0.6236006250794488,0.20306414768745087
0.31263678416190477,0.6221422067425004,0.20346779562969924
0.3150984911238095,0.6206454803744349,0.2038667271969384
0.3175601980857143,0.6191122835543543,0.20426126387099314
0.320021905047619,0.6175444740123929,0.20465173154343838
0.3224836120095238,0.6159439278186014,0.20503845988222555
0.3249453189714286,0.6143125375216958,0.20542178168432929
0.3274070259333333,0.6126522102374773,0.20580203221554608
0.3298687328952381,0.610964865686914,0.20617954853866036
0.33233043985714283,0.6092524341840642,0.2065546688312724
0.3347921468190476,0.6075168545742257,0.20692773169466355
0.33725385378095235,0.6057600721229167,0.20729907545514914
0.3397155607428572,0.6039840363565411,0.2076690374594442
0.3421772677047619,0.6021906988558375,0.20803795336563696
0.34463897466666665,0.6003820110034945,0.20840615643143
0.34710068162857144,0.5985599216875889,0.20877397680137205
0.34956238859047617,0.5967263749628291,0.2091417407948548
0.35202409555238096,0.5948833076718801,0.20950977019670436
0.3544858025142857,0.5930326470294018,0.2098783815522331
0.35694750947619047,0.5911763081717638,0.21024788546865886
0.35940921643809526,0.5893161916757617,0.21061858592482133
0.3618709234,0.5874541810500261,0.21099077959114856
0.3643326303619048,0.5855921402031872,0.21136475516183392
0.3667943373238095,0.5837319108932387,0.21174079270118745
0.36925604428571424,0.5818753101629178,0.21211916300611605
0.3717177512476191,0.5800241277663127,0.2125001269866696
0.3741794582095238,0.5781801235922654,0.21288393506656128
0.3766411651714286,0.5763450250905251,0.21327082660553295
0.3791028721333333,0.5745205247069508,0.2136610293453884
0.38156457909523805,0.5727082773344165,0.2140547588814569
0.38402628605714284,0.5709098977863853,0.21445221816118312
0.3864879930190476,0.5691269583004335,0.2148535970114592
0.3889496999809524,0.5673609860792628,0.21525907169622838
0.39141140694285714,0.5656134608770007,0.21566880450579032
0.39387311390476193,0.5638858126387768,0.2160829433791354
0.39633482086666666,0.5621794192017453,0.2165016215605174
0.3987965278285714,0.5604956040658345,0.2169249572913572
0.4012582347904762,0.5588356342425856,0.21735305353843645
0.40371994175238096,0.5572007181904628,0.21778599775921165
0.40618164871428575,0.5555920038449886,0.21822386170493463
0.4086433556761905,0.5540105767519639,0.2186667012621258
0.4111050626380952,0.5524574583118896,0.21911455633279475
0.4135667696,0.5509336041434933,0.21956745075365972
0.4160284765619047,0.5494399025739941,0.2200253922544593
0.41849018352380957,0.547977173263404,0.2204883724553044
0.4209518904857143,0.5465461659697662,0.220956366902863
0.42341359744761903,0.5451475594617764,0.22142933514502536
0.4258753044095238,0.5437819605847123,0.22190722084354444
0.42833701137142854,0.5424499034850251,0.2223899519240102
0.43079871833333333,0.5411518489983216,0.22287744076236973
0.4332604252952381,0.5398881842047861,0.22336958440707586
0.4357221322571429,0.538659222155378,0.22386626483581729
0.43818383921904763,0.5374652017713764,0.22436734924565915
0.44064554618095236,0.536306287919062,0.22487269037531243
0.44310725314285715,0.5351825716605011,0.22538212685813921
0.4455689601047619,0.5340940706805716,0.22589548360440478
0.44803066706666667,0.5330407298895208,0.22641257221119818
0.45049237402857145,0.5320224221994986,0.22693319139835735
0.4529540809904762,0.5310389494726669,0.22745712746866925
0.45541578795238097,0.530090043637652,0.22798415479054612
0.4578774949142857,0.5291753679702956,0.22851403630133163
0.4603392018761905,0.5282945185338809,0.22904652402934242
0.4628009088380952,0.5274470257732485,0.22958135963271845
0.4652626158,0.526632356256522,0.23011827495312925
0.4677243227619048,0.5258499145574865,0.2306569925823674
0.4701860297238095,0.5250990452710658,0.23119722643985133
0.4726477366857143,0.5243790351537798,0.23173868235906322
0.47510944364761903,0.5236891153805839,0.23228105868095297
0.47757115060952376,0.5230284639090524,0.2328240468523585
0.48003285757142855,0.522396207941517,0.233367332027514
0.48249456453333334,0.5217914264754736,0.23391059367075007
0.4849562714952381,0.5212131529323508,0.23445350615852475
0.48741797845714285,0.5206603778545744,0.23499573937896642
0.48987968541904764,0.5201320516607811,0.23553695932715946
0.49234139238095237,0.5196270874490113,0.23607682869445393
0.4948030993428571,0.5191443638377526,0.23661500745013597
0.49726480630476194,0.5186827278348201,0.2371511534138605
0.49972651326666667,0.5182409977242078,0.23768492281730608
0.5021882202285715,0.5178179659612802,0.23821597085358293
0.5046499271904762,0.5174124020669209,0.23874395221299036
0.5071116341523809,0.5170230555115827,0.23926852160379422
0.5095733411142856,0.5166486585805249,0.23978933425676469
0.5120350480761905,0.5162879292119102,0.2403060464122901
0.5144967550380952,0.515939573799859,0.24081831578895777
0.516958462,0.5156022899549857,0.24132580203256515
0.5194201689619047,0.5152747692154189,0.2418281671446048
0.5218818759238095,0.5149556997017676,0.24232507588933755
0.5243435828857144,0.5146437687099952,0.2428161961786474
0.5268052898476191,0.514337665236649,0.24330119943394513
0.5292669968095238,0.5140360824313865,0.24377976092446133
0.5317287037714286,0.513737719972236,0.24425156008134646
0.5341904107333333,0.5134412863595115,0.24471628078706475
0.5366521176952381,0.5131455011247814,0.2451736116396444
0.5391138246571429,0.5128490969517567,0.24562324619141465
0.5415755316190476,0.5125508217064124,0.24606488316193306
0.5440372385809523,0.5122494403740959,0.24649822662487378
0.546498945542857,0.5119437369017873,0.24692298616871494
0.5489606525047619,0.5116325159440803,0.2473388770311323
0.5514223594666667,0.511314604511822,0.2477456202070687
0.5538840664285715,0.5109888535227082,0.24814294253051608
0.5563457733904762,0.5106541392534658,0.24853057673010756
0.558807480352381,0.5103093646935561,0.24890826145868108
0.5612691873142858,0.5099534608006318,0.24927574129703534
0.5637308942761905,0.5095853876582329,0.2496327667321594
0.5661926012380952,0.5092041355364644,0.24997909411027622
0.5686543082,0.5088087258566067,0.25031448556509545
0.5711160151619048,0.5083982120608227,0.25063870892173123
0.5735777221238095,0.5079716803883,0.25095153757679184
0.5760394290857143,0.5075282505593323,0.2512527503552045
0.578501136047619,0.5070670763689873,0.2515421313443911
0.5809628430095237,0.5065873461921383,0.2518194697064623
0.5834245499714287,0.5060882834017454,0.2520845594691474
0.5858862569333334,0.5055691467023719,0.25233719929622866
0.5883479638952381,0.5050292303810041,0.25257719223829367
0.5908096708571429,0.5044678644773146,0.25280434546467073
0.5932713778190476,0.503884414875567,0.2530184699774528
0.5957330847809524,0.5032782833204106,0.2532193803085628
0.5981947917428572,0.5026489073588578,0.25340689420085444
0.6006564987047619,0.5019957602107605,0.2535808322742835
0.6031182056666666,0.5013183505701363,0.2537410176782238
0.6055799126285714,0.5006162223397078,0.2538872757310387
0.6080416195904762,0.49988895430103647,0.25401943354805545
0.6105033265523809,0.4991361597226365,0.2541373196591217
0.6129650335142857,0.4983574859084653,0.2542407636169552
0.6154267404761905,0.49755261368918735,0.2543295955975265
0.6178884474380952,0.49672125685860585,0.2544036459937396
0.6203501544000001,0.4958631615576596,0.2544627450037009
0.6228118613619048,0.4949781056083776,0.2545067222148859
0.6252735683238095,0.49406589780017984,0.2545354061855327
0.6277352752857143,0.4931263771309115,0.2545486240246045
0.630196982247619,0.49215941200499275,0.25454620097167785
0.6326586892095238,0.4911648993910627,0.25452795997811933
0.6351203961714286,0.4901427639414953,0.25449372129091963
0.6375821031333333,0.48909295707616435,0.2544433020405582
0.640043810095238,0.48801545603282964,0.2543765158342644
0.6425055170571428,0.4869102628865246,0.25429317235604193
0.6449672240190476,0.48577740354032056,0.2541930769748103
0.6474289309809524,0.4846169266898493,0.2540760303620045
0.6498906379428572,0.48342890276397343,0.2539418281199592
0.6523523449047619,0.4822134228439912,0.25379026042238245
0.6548140518666666,0.48097059756377947,0.25362111166819695
0.6572757588285715,0.47970055599327616,0.25343416015000364
0.6597374657904762,0.47840344450772243,0.25322917773838566
0.6621991727523809,0.4770794256450835,0.2530059295832375
0.6646608797142857,0.4757286769540857,0.2527641738332633
0.6671225866761905,0.47435138983531056,0.2525036613747463
0.6695842936380952,0.4729477683777992,0.25222413559064333
0.6720460006,0.47151802819363,0.251925332141009
0.6745077075619047,0.47006239525293786,0.2516069787657014
0.6769694145238094,0.4685811047218535,0.25126879511026246
0.6794311214857144,0.46707439980584725,0.2509104925758098
0.6818928284476191,0.46554253060096307,0.25053177419371325
0.6843545354095238,0.4639857529554335,0.2501323345257641
0.6868162423714286,0.4624043273441658,0.24971185959047998
0.6892779493333333,0.46079851775858405,0.2492700268161181
0.6917396562952381,0.45916859061431015,0.24880650502090063
0.6942013632571429,0.4575148136791502,0.24832095442088228
0.6966630702190476,0.45583745502385,0.2478130266658183
0.6991247771809523,0.4541367819980519,0.24728236490331537
0.7015864841428571,0.4524130602338789,0.24672860387147677
0.7040481911047619,0.45066655267952943,0.24615137002017223
0.7065098980666666,0.4488975186652502,0.24555028166099394
0.7089716050285714,0.44710621300400577,0.24492494914588006
0.7114333119904762,0.44529288512912696,0.2442749750743173
0.7138950189523809,0.44345777827117466,0.24359995452895591
0.7163567259142858,0.4416011286761959,0.2428994753394016
0.7188184328761905,0.43972316486749774,0.2421731183738761
0.7212801398380952,0.4378241069529947,0.24142045785836846
0.7237418468,0.4359041659801167,0.24064106172283142
0.7262035537619047,0.4339635433401904,0.23983449197391205
0.7286652607238095,0.4320024302241208,0.23900030509364198
0.7311269676857143,0.43002100713111796,0.23813805246345202
0.733588674647619,0.4280194434321177,0.2372472808128169
0.7360503816095237,0.4259978969894485,0.2363275326917812
0.7385120885714285,0.4239565138341973,0.2353783469665649
0.7409737955333334,0.4218954279026128,0.23439925933739766
0.7434355024952382,0.4198147608327889,0.23338980287768496
0.7458972094571429,0.4177146218227371,0.23234950859356515
0.7483589164190476,0.4155951075508589,0.2312779060028798
0.7508206233809523,0.4134563021596962,0.23017452373254055
0.7532823303428572,0.411298277303723,0.22903889013324505
0.7557440373047619,0.409121092261817,0.22787053391046566
0.7582057442666666,0.4069247941149253,0.2266689847706074
0.7606674512285714,0.4047094179893179,0.22543377408121096
0.7631291581904761,0.40247498736569676,0.22416443554405766
0.765590865152381,0.40022151445431037,0.22286050588001638
0.7680525721142857,0.3979490006361025,0.22152152552446402
0.7705142790761904,0.39565743696980993,0.2201470393320965
0.7729759860380953,0.393346804764811,0.21873659728994857
0.7754376930000001,0.39101707621942217,0.2172897552374314
0.7778993999619048,0.3886682151242324,0.21580607559220222
0.7803611069238096,0.3863001776299798,0.21428512808068026
0.7828228138857143,0.3839129130793741,0.2127264904720309
0.785284520847619,0.3815063649022004,0.21112974931444622
0.7877462278095239,0.3790804715729587,0.20949450067256412
0.7902079347714286,0.3766351676302357,0.20782035086487655
0.7926696417333333,0.3741703847569522,0.20610691719999738
0.795131348695238,0.3716860529205869,0.20435382871067412
0.7975930556571428,0.36918210157244635,0.20256072688444804
0.8000547626190476,0.36665846090503523,0.20072726638988803
0.8025164695809524,0.36411506316657105,0.19885311579734552
0.8049781765428572,0.3615518440316971,0.19693795829320143
0.8074398835047619,0.35896874402746715,0.1949814923866011
0.8099015904666667,0.35636571001371037,0.19298343260770012
0.8123632974285715,0.3537426967169305,0.19094351019647035
0.8148250043904762,0.3510996683169609,0.1888614737811433
0.817286711352381,0.34843660008567007,0.18673709004539935
0.8197484183142857,0.34575348007710865,0.18457014438343766
0.8222101252761904,0.343050310868593,0.1823604415420956
0.8246718322380953,0.34032711135234406,0.18010780624921524
0.8271335392,0.33758391857743686,0.17781208382748606
0.8295952461619047,0.3348207896419668,0.17547314079302745
0.8320569531238095,0.3320378036355033,0.17309086543800356
0.8345186600857142,0.32923506363208027,0.17066516839659895
0.8369803670476191,0.3264126987341633,0.16819598319371498
0.8394420740095239,0.3235708661682356,0.16568326677578096
0.8419037809714286,0.3207097534328574,0.16312700002310895
0.8443654879333333,0.31782958050027443,0.16052718824325518
0.8468271948952381,0.31493060207287943,0.1578838616448859
0.8492889018571429,0.3120131098960628,0.1551970757916842
0.8517506088190476,0.30907743512922037,0.15246691203586757
0.8542123157809524,0.3061239507769241,0.1496934779309295
0.8566740227428571,0.30315307418247645,0.14687690762325528
0.8591357297047618,0.30016526958629597,0.14401736222230627
0.8615974366666667,0.2971610507517694,0.141115030149114
0.8640591436285714,0.294140983661383,0.13817012746287277
0.8665208505904762,0.29110568928608443,0.13518289816547688
0.868982557552381,0.2880558464309241,0.13215361448390764
0.8714442645142858,0.28499219466006565,0.12908257713044796
0.8739059714761905,0.28191553730422975,0.1259701155407812
0.8763676784380953,0.2788267445535216,0.12281658809012963
0.8788293854,0.2757267566383727,0.11962238228770224
0.8812910923619047,0.27261658710098574,0.11638791494986508
0.8837527993238096,0.26949732615916544,0.11311363235262487
0.8862145062857143,0.26637014416373656,0.10980001036424156
0.888676213247619,0.26323629514984187,0.10644755455907627
0.8911379202095238,0.2600971204812432,0.10305680031415976
0.8935996271714285,0.2569540525852765,0.09962831289047033
0.8960613341333333,0.2538086187742687,0.09616268750158548
0.8985230410952382,0.25066244514697134,0.0926605493732953
0.9009847480571429,0.24751726056081372,0.08912255379903959
0.9034464550190476,0.24437490066247608,0.08554938619782353
0.9059081619809524,0.2412373119603274,0.0819417621838156
0.9083698689428572,0.23810655591759178,0.07830042766052507
0.9108315759047619,0.23498481303960206,0.07462615895789484
0.9132932828666667,0.23187438692207138,0.07091976303879732
0.9157549898285714,0.2287777082198653,0.06718207781389701
0.9182166967904761,0.22569733848720014,0.06341397262334074
0.920678403752381,0.22263597383043124,0.05961634897496493
0.9231401107142857,0.21959644830356326,0.05579014168006134
0.9256018176761904,0.21658173696426922,0.051936320614759175
0.9280635246380952,0.21359495849453186,0.048055893487585946
0.9305252316,0.21063937727507143,0.0441499102715146
0.9329869385619048,0.20771840478660647,0.04021947048753302
0.9354486455238096,0.20483560019392144,0.0362657355865275
0.9379103524857143,0.20199466995100127,0.03228995093381642
0.940372059447619,0.19919946624761223,0.028293487075334824
0.9428337664095238,0.1964539841002859,0.024277922942834554
0.9452954733714286,0.19376235687453652,0.020245230128198243
0.9477571803333333,0.19112885001135935,0.01619823637572323
0.9502188872952381,0.18855785272090667,0.012142024446913882
0.9526805942571428,0.18605386740124175,0.008089556062308665
0.9551423012190475,0.18362149654198195,0.004100623768845367
0.9576040081809524,0.18126542688337824,0.0013812033999420735
0.9600657151428571,0.17899041062298016,0.004586334683616941
0.9625274221047619,0.17680124349651638,0.008629556027865496
0.9649891290666667,0.17470273960882765,0.012745311545377764
0.9674508360285715,0.17269970295609197,0.016886164417789465
0.9699125429904762,0.17079689566301196,0.021040671072810508
0.972374249952381,0.16899900305803056,0.02520398206579087
0.9748359569142857,0.1673105958247482,0.02937318828763482
0.9772976638761904,0.16573608959583214,0.03354611226010143
0.9797593708380953,0.16427970249254162,0.037720897215257294
0.9822210778,0.1629454112525131,0.041895840988316696
0.9846827847619047,0.16173690672311536,0.04606932024086538
0.9871444917238095,0.16065754961863687,0.05023975271358944
0.9896061986857142,0.15971032753725842,0.05440557717111569
0.992067905647619,0.15889781429867939,0.05856524225122108
0.9945296126095239,0.15822213268683807,0.06271720009112591
0.9969913195714286,0.15768492165779519,0.0668599026564756
0.9994530265333333,0.15728730899682677,0.07099179966998294
1.001914733495238,0.15702989028104172,0.07511133752456453
1.004376440457143,0.1569127148284131,0.07921695882354549
1.0068381474190475,0.15693527909906654,0.08330710233270722
1.0092998543809524,0.15709652777163277,0.08738020321043734
1.0117615613428572,0.15739486246069004,0.09143469343050072
1.0142232683047618,0.1578281577863815,0.09546900234138471
1.0166849752666667,0.15839378426957995,0.09948155732460398
1.0191466822285713,0.15908863731932915,0.10347078452616125
1.0216083891904761,0.15990917141464045,0.10743510964309393
1.024070096152381,0.16085143846732872,0.11137295875219973
1.0265318031142858,0.16191112928953558,0.11528275917153774
1.0289935100761904,0.16308361707799893,0.11916294034772228
1.0314552170380953,0.16436400186251016,0.1230119347637216
1.033916924,0.16574715494116024,0.12682817886307401
1.0363786309619047,0.16722776243095283,0.13061011398730266
1.0388403379238094,0.1688003671894302,0.1343561873239362
1.0413020448857144,0.17045940850155794,0.13806485286300735
1.043763751847619,0.1721992590675276,0.14173457236024412
1.046225458809524,0.17401425896404984,0.1453638163054273
1.0486871657714287,0.17589874637842848,0.1489510648945837
1.0511488727333334,0.17784708502725896,0.1524948090048334
1.0536105796952382,0.17985368826763556,0.15599355117082592
1.0560722866571428,0.18191303998733038,0.1594458065617903
1.0585339936190477,0.184019712421736,0.16285010395829408
1.0609957005809525,0.18616838109049424,0.16620498672786482
1.0634574075428571,0.18835383707730424,0.16950901379867178
1.065919114504762,0.19057099689437756,0.17276076063050297
1.0683808214666666,0.1928149101804827,0.17595882018230505
1.0708425284285714,0.19508076548056175,0.17910180387557734
1.0733042353904763,0.1973638943474574,0.18218834255293645
1.0757659423523809,0.19965977399408016,0.18521708743118484
1.0782276493142857,0.2019640287088852,0.1881867110482357
1.0806893562761903,0.20427243023006603,0.19109590820326322
1.0831510632380952,0.20658089725541204,0.19394339688945914
1.0856127702,0.20888549424611905,0.19672791921879412
1.0880744771619046,0.2111824296645766,0.1994482423381943
1.0905361841238095,0.21346805376870606,0.20210315933655573
1.092997891085714,0.2157388560690838,0.20469149014203517
1.095459598047619,0.21799146254002594,0.20721208240906733
1.0979213050095238,0.22022263266212336,0.20966381239457244
1.1003830119714284,0.22242925636142172,0.21204558582283223
1.1028447189333335,0.2246083508995135,0.2143563387385277
1.105306425895238,0.2267570577591872,0.21659503834744495
1.107768132857143,0.22887263956187595,0.21876068384437306
1.1102298398190478,0.2309524770458771,0.2208523072277327
1.1126915467809524,0.23299406612805876,0.22286897410049217
1.1151532537428572,0.23499501506644171,0.22480978445694497
1.117614960704762,0.23695304173652704,0.226673873454942
1.1200766676666667,0.23886597103045135,0.22846041217319077
1.1225383746285715,0.2407317323848878,0.2301686083532555
1.1250000815904762,0.24254835744100142,0.23179770712591452
1.127461788552381,0.24431397783762848,0.23334699172155143
1.1299234955142858,0.24602682313711946,0.2348157841642852
1.1323852024761905,0.24768521888190115,0.23620344594956824
1.1348469094380953,0.24928758477872554,0.2375093787050066
1.1373086164,0.2508324330067303,0.23873302483419007
1.1397703233619048,0.25231836664480695,0.23987386814334613
1.1422320303238096,0.2537440782133085,0.24093143445066662
1.1446937372857142,0.2551083483248203,0.24190529217818937
1.147155444247619,0.25641004443851195,0.24279505292615383
1.1496171512095237,0.2576481197124937,0.24360037202978763
1.1520788581714285,0.2588216119485717,0.24432094909852337
1.1545405651333334,0.2599296426238343,0.2449565285376872
1.157002272095238,0.2609714160035875,0.24550690005274806
1.1594639790571428,0.2619462183302762,0.24597189913626552
1.1619256860190474,0.2628534170831788,0.24635140753772775
1.1643873929809523,0.2636924603038269,0.24664535371652552
1.1668490999428573,0.2644628759822852,0.24685371327837144
1.169310806904762,0.26516427149960786,0.24697650939553392
1.1717725138666668,0.26579633312198114,0.24701381321132873
1.1742342208285714,0.2663588255422437,0.24696574422938028
1.1766959277904763,0.26685159146465887,0.24683247068824893
1.1791576347523811,0.26727455122898747,0.2466142099221
1.1816193417142857,0.2676277024700657,0.2463112287081874
1.1840810486761906,0.2679111198092488,0.24592384360201808
1.1865427556380952,0.2681249545742101,0.2454524212611745
1.1890044626,0.2682694345437029,0.24489737875888143
1.1914661695619049,0.26834486371399613,0.24425918388853177
1.1939278765238095,0.2683516220837674,0.24353835546051608
1.1963895834857143,0.2682901654543017,0.2427354635928473
1.198851290447619,0.2681610252418741,0.24185112999722583
1.2013129974095238,0.2679648082992083,0.2408860282623623
1.2037747043714286,0.26770219674288764,0.2398408841365569
1.2062364113333333,0.26737394778354906,0.23871647581173455
1.208698118295238,0.2669808935556222,0.23751363421135122
1.2111598252571427,0.26652394094326715,0.2362332432848221
1.2136215322190476,0.2660040713990294,0.23487624031137838
1.2160832391809524,0.26542234075155635,0.2334436162165365
1.218544946142857,0.2647798789985098,0.2319364159046691
1.2210066531047619,0.2640778900805548,0.23035573861149228
1.2234683600666665,0.263317651632017,0.22870273828064747
1.2259300670285713,0.2625005147034586,0.22697862396894314
1.2283917739904762,0.26162790345104164,0.22518466028524714
1.230853480952381,0.26070131478711195,0.22332216786848538
1.2333151879142858,0.2597223179859554,0.22139252391070305
1.2357768948761905,0.25869255423813925,0.2193971627316904
1.2382386018380953,0.25761373614626154,0.21733757641227347
1.2407003088000002,0.25648764715428746,0.21521531549400602
1.2431620157619048,0.2553161409019484,0.21303198975370052
1.2456237227238096,0.25410114049492816,0.2107892690619872
1.2480854296857142,0.25284463768074955,0.20848888433589596
1.250547136647619,0.2515486919194212,0.20613262859633097
1.253008843609524,0.2502154293369989,0.20372235814223297
1.2554705505714285,0.2488470415492758,0.2012599938542163
1.2579322575333334,0.24744578434184353,0.1987475226415129
1.260393964495238,0.24601397619177576,0.19618699904715423
1.2628556714571428,0.24455399661518448,0.19358054702746247
1.2653173784190477,0.24306828432392028,0.19093036192309507
1.2677790853809523,0.24155933517372663,0.18823871264006767
1.2702407923428571,0.24002969988526818,0.1855079440603467
1.2727024993047618,0.23848198151863637,0.18274047970271934
1.2751642062666666,0.23691883268125014,0.17993882465565636
1.2776259132285714,0.2353429524485345,0.17710556880473494
1.280087620190476,0.23375708297642966,0.17424339037777736
1.282549327152381,0.23216400578470678,0.17135505983109767
1.2850110341142855,0.23056653769028954,0.1684434440999733
1.2874727410761904,0.2289675263703669,0.1655115112355038
1.2899344480380952,0.22736984553609252,0.16256233544814813
1.292396155,0.22577638969915734,0.15959910257516227
1.2948578619619049,0.2241900685155618,0.156625115984532
1.2973195689238095,0.22261380069356607,0.15364380292137228
1.2997812758857143,0.22105050745610894,0.1506587212936045
1.3022429828476192,0.2195031055520245,0.14767356688137442
1.3047046898095238,0.21797449981517025,0.14469218093835726
1.3071663967714287,0.2164675752761597,0.1417185581318922
1.3096281037333333,0.21498518883775236,0.13875685474173258
1.3120898106952381,0.213530160532093,0.13581139700288167
1.314551517657143,0.21210526438586197,0.13288668943518683
1.3170132246190476,0.210713218927927,0.12998742294968416
1.3194749315809524,0.20935667738316216,0.12711848245773585
1.321936638542857,0.20803821760558508,0.12428495363255418
1.3243983455047619,0.2067603318136649,0.12149212838287335
1.3268600524666667,0.20552541620035944,0.1187455084951067
1.3293217594285713,0.20433576049989027,0.116050806784165
1.3317834663904762,0.2031935376021764,0.11341394496668096
1.334245173352381,0.20210079331390426,0.1108410473384281
1.3367068803142856,0.20105943637210877,0.10833842920803773
1.3391685872761905,0.20007122882153436,0.10591257892332999
1.341630294238095,0.19913777687064407,0.10357013224090744
1.3440920012,0.19826052234265673,0.10131783775527382
1.3465537081619048,0.19744073483718658,0.09916251214661441
1.3490154151238094,0.19667950471476145,0.09711098415605869
1.3514771220857142,0.1959777370105914,0.09517002648429648
1.3539388290476189,0.1953361463754576,0.09334627526098586
1.356400536009524,0.1947552531305404,0.09164613736592117
1.3588622429714288,0.19423538050961178,0.09007568669829447
1.3613239499333334,0.19377665314653042,0.08864055146147333
1.3637856568952382,0.19337899684877485,0.08734579559837727
1.3662473638571428,0.1930421396792659,0.08619579858152392
1.3687090708190477,0.19276561434945683,0.08519413870455811
1.3711707777809525,0.19254876190715892,0.08434348569153544
1.3736324847428572,0.19239073668335532,0.08364550869205176
1.376094191704762,0.19229051244389891,0.0831008054516973
1.3785558986666666,0.19224688967498024,0.08270885758663091
1.3810176056285715,0.1922585039160479,0.08246801548009867
1.3834793125904763,0.1923238350408454,0.08237551447956415
1.385941019552381,0.19244121737666864,0.0824275220049836
1.3884027265142858,0.19260885054404786,0.08261921312563131
1.3908644334761904,0.19282481089388784,0.08294487036914323
1.3933261404380952,0.19308706341666135,0.08339800219191963
1.3957878474,0.193393473998424,0.08397147378603056
1.3982495543619047,0.1937418219010235,0.08465764375231458
1.4007112613238095,0.19412981234866,0.08544850057322459
1.4031729682857141,0.19455508910960842,0.08633579364842228
1.405634675247619,0.19501524697011186,0.08731115475416652
1.4080963822095238,0.19550784400683255,0.08836620699500349
1.4105580891714284,0.19603041357446713,0.08949265949600688
1.4130197961333333,0.19658047593584202,0.09068238713486479
1.415481503095238,0.19715554947270417,0.09192749547481732
1.4179432100571427,0.1977531614262127,0.09322037170791901
1.4204049170190478,0.19837085812659766,0.09455372285809348
1.4228666239809524,0.1990062146813585,0.0959206027487428
1.4253283309428573,0.1996568441005926,0.09731442934409579
1.4277900379047619,0.2003204058464376,0.09872899406371408
1.4302517448666667,0.20099461380111708,0.10015846458029881
1.4327134518285716,0.20167724365464573,0.10159738247198132
1.4351751587904762,0.2023661397188757,0.10304065693543753
1.437636865752381,0.20305922117925398,0.10448355559318
1.4400985727142857,0.2037544877994607,0.10592169325956241
1.4425602796761905,0.20445002509704582,0.10735101937319683
1.4450219866380953,0.20514400901035654,0.10876780466299157
1.4474836936,0.20583471007850654,0.11016862749269676
1.4499454005619048,0.20652049715696844,0.11155036022478794
1.4524071075238094,0.20719984069163475,0.11291015585774422
1.4548688144857143,0.2078713155739854,0.11424543511965805
1.457330521447619,0.20853360359936743,0.1155538741437479
1.4597922284095237,0.20918549554943397,0.11683339280577366
1.4622539353714286,0.20982589291853812,0.11808214376767519
1.4647156423333332,0.21045380930241936,0.11929850224425846
1.467177349295238,0.21106837146587923,0.12048105648889756
1.4696390562571429,0.2116688201043973,0.12162859897870151
1.4721007632190475,0.21225451031279757,0.12274011826828378
1.4745624701809523,0.21282491177220328,0.12381479147325421
1.477024177142857,0.21337960866462813,0.12485197733906155
1.4794858841047618,0.2139182993226814,0.12585120984723325
1.4819475910666668,0.2144407956200359,0.12681219230889682
1.4844092980285715,0.21494702210654193,0.12773479189433257
1.4868710049904763,0.21543701489018913,0.12861903454689028
1.489332711952381,0.21591092026653957,0.12946510022967597
1.4917944189142858,0.2163689930947914,0.1302733184537911
1.4942561258761906,0.21681159491830967,0.13104416403745964
1.4967178328380952,0.21723919182627985,0.13177825304601307
1.4991795398,0.2176523520521326,0.1324763388633546
1.5016412467619047,0.2180517433035533,0.13313930834616042
1.5041029537238095,0.2184381298182597,0.1337681780126751
1.5065646606857144,0.2188123691393012,0.13436409021852813
1.509026367647619,0.2191754086034429,0.13492830927255553
1.5114880746095238,0.21952828153623755,0.13546221744618744
1.5139497815714285,0.21987210314768943,0.13596731083059774
1.5164114885333333,0.22020806612298843,0.1364451949965705
1.5188731954952381,0.22053743590364538,0.13689758041297156
1.5213349024571428,0.22086154565550215,0.1373262775808994
1.5237966094190476,0.2211817909215449,0.13773319184211075
1.5262583163809522,0.22149962395919667,0.13812031782224118
1.528720023342857,0.2218165477638265,0.13848973347177396
1.531181730304762,0.22213410978257406,0.1388435936707192
1.5336434372666665,0.22245389532523893,0.13918412336664637
1.5361051442285714,0.22277752068191528,0.13951361022013664
1.538566851190476,0.22310662596022574,0.13983439673695014
1.5410285581523808,0.2234428676584137,0.140148871872297
1.5434902651142857,0.22378791099412954,0.14045946209958082
1.5459519720761905,0.22414342201246173,0.1407686219438566
1.5484136790380953,0.22451105950055536,0.141078823988991
1.5508753860000002,0.22489246673996752,0.1413925483770625
1.5533370929619048,0.22528926313165853,0.1417122718287979
1.5557987999238096,0.22570303573214098,0.14204045622466313
1.5582605068857143,0.22613533074271047,0.14237953679742807
1.560722213847619,0.22658764499679998,0.14273190999836968
1.563183920809524,0.227061417493228,0.14309992111050684
1.5656456277714286,0.22755802102538455,0.1434858516930528
1.5681073347333334,0.22807875395813387,0.14389190695131546
1.570569041695238,0.2286248322053365,0.14432020313520422
1.5730307486571429,0.22919738146135188,0.14477275507698562
1.5754924556190477,0.22979742973962242,0.14525146398461783
1.5779541625809523,0.23042590027043236,0.14575810561059502
1.5804158695428572,0.23108360480815826,0.14629431891748026
1.5828775765047618,0.2317712373957929,0.14686159536001667
1.5853392834666666,0.23248936863123962,0.14746126889975814
1.5878009904285715,0.23323844047589337,0.14809450686154108
1.590262697390476,0.23401876164139518,0.14876230173189034
1.592724404352381,0.2348305035852541,0.14946546398779453
1.5951861113142856,0.23567369714035694,0.15020461603046834
1.5976478182761904,0.23654822979734996,0.1509801872830939
1.6001095252380952,0.2374538436525756,0.15179241049453357
1.6025712321999999,0.2383901340278188,0.1526413192731125
1.6050329391619047,0.23935654876167375,0.15352674685630374
1.6074946461238095,0.24035238816601256,0.15444832610402848
1.6099563530857144,0.24137680563493202,0.15540549068583048
1.6124180600476192,0.24242880888779605,0.15639747741586116
1.6148797670095238,0.24350726182265847,0.15742332967484446
1.6173414739714287,0.24461088695154778,0.15848190184531372
1.6198031809333333,0.24573826838487253,0.1595718646756939
1.6222648878952382,0.24688785532862767,0.16069171148039693
1.624726594857143,0.2480579660551715,0.16183976507709455
1.6271883018190476,0.2492467923061251,0.16301418535870882
1.6296500087809525,0.25045240408440905,0.16421297739633206
1.632111715742857,0.2516727547915722,0.16543399997008748
1.634573422704762,0.2529056866663402,0.16667497442766344
1.6370351296666668,0.2541489364806877,0.16793349377463282
1.6394968366285714,0.2554001414506539,0.16920703190643507
1.6419585435904762,0.25665684532052707,0.17049295289875202
1.6444202505523808,0.2579165045808485,0.17178852028066333
1.6468819575142857,0.25917649478286575,0.17309090622315024
1.6493436644761905,0.2604341169145322,0.17439720058396066
1.6518053714380951,0.2616866038058366,0.17570441975834208
1.6542670784,0.2629311265340914,0.17700951529347397
1.6567287853619046,0.2641648008027473,0.17830938223244816
1.6591904923238094,0.26538469327028985,0.17960086716120202
1.6616521992857143,0.266587827808752,0.18088077593882845
1.664113906247619,0.2677711916743107,0.18214588109808763
1.6665756132095237,0.2689317415752877,0.18339292890870007
1.6690373201714284,0.2700664096256161,0.18461864610108733
1.6714990271333334,0.271172109174442,0.18581974625265424
1.6739607340952383,0.27224574050499106,0.18699293584249757
1.6764224410571429,0.27328419639812884,0.1881349199836093
1.6788841480190477,0.2742843675581784,0.1892424078442688
1.6813458549809523,0.2752431479005293,0.19031211777243473
1.6838075619428572,0.2761574397023733,0.19134078213860184
1.686269268904762,0.2770241586195592,0.19232515191385197
1.6887309758666667,0.2778402385740528,0.19326200100073596
1.6911926828285715,0.27860263651786515,0.1941481303352529
1.6936543897904761,0.27930833708055386,0.19498037177857425
1.696116096752381,0.27995435710854527,0.19575559181736377
1.6985778037142858,0.2805377501055846,0.19647069509160217
1.7010395106761904,0.28105561058459644,0.19712262776878406
1.7035012176380953,0.2815050783421796,0.19770838078326702
1.7059629245999999,0.28188334266785703,0.1982249929594346
1.7084246315619047,0.28218764650109246,0.19866955403724468
1.7108863385238096,0.2824152905499859,0.19903920761868946
1.7133480454857142,0.28256363738649215,0.1993311540537356
1.715809752447619,0.2826301155339926,0.1995426532844667
1.7182714594095236,0.28261222356411403,0.1996710276664591
1.7207331663714285,0.2825075342208599,0.19971366478690689
1.7231948733333333,0.2823136985914133,0.19966802029971545
1.725656580295238,0.2820284503444355,0.19953162079874948
1.7281182872571428,0.281649610058327,0.19930206675168158
1.7305799942190474,0.28117508966379884,0.19897703551850804
1.7330417011809525,0.2806028970272365,0.19855428448082532
1.7355034081428573,0.2799311407037878,0.19803165431047298
1.737965115104762,0.2791580348918995,0.19740707240922406
1.7404268220666668,0.2782819046242414,0.19667855655494423
1.7428885290285716,0.2773011912336238,0.19584421879416447
1.7453502359904762,0.27621445813672946,0.19490226962646684
1.747811942952381,0.275020396983308,0.19385102253264574
1.7502736499142857,0.273717834224006,0.19268889890648636
1.7527353568761905,0.2723057381563464,0.19141443345947914
1.7551970638380954,0.27078322651562137,0.190026280179167
1.7576587708,0.2691495746857696,0.18852321893552235
1.7601204777619048,0.2674042246148125,0.1869041628462484
1.7625821847238095,0.26554679453029284,0.18516816653182216
1.7650438916857143,0.26357708956258163,0.18331443541518946
1.7675055986476191,0.26149511339810205,0.18134233625024115
1.7699673056095238,0.25930108110069705,0.17925140909871437
1.7724290125714286,0.2569954332577855,0.17704138101845399
1.7748907195333332,0.2545788516288849,0.1747121817788735
1.777352426495238,0.2520522764978044,0.17226396198429583
1.779814133457143,0.24941692595661544,0.1696971140655415
1.7822758404190475,0.24667431737965015,0.16701229669831272
1.7847375473809524,0.24382629137949433,0.16421046332821823
1.787199254342857,0.24087503857437084,0.16129289563245558
1.7896609613047618,0.23782312953746282,0.15826124293446667
1.7921226682666667,0.23467354834339227,0.15511756881934652
1.7945843752285713,0.23142973017469454,0.15186440648559513
1.7970460821904763,0.22809560350065675,0.14850482472667254
1.799507789152381,0.22467563739052449,0.14504250688023507
1.8019694961142858,0.221174894569965,0.14148184563319036
1.8044312030761906,0.21759909086946835,0.13782805724838876
1.8068929100380953,0.21395466173965222,0.13408731960600542
1.809354617,0.2102488365119587,0.13026693944837334
1.8118163239619047,0.20648972105095614,0.12637555538907505
1.8142780309238096,0.20268638935830316,0.12242338457755778
1.8167397378857144,0.1988489845238837,0.11842252232890563
1.819201444847619,0.1949888291440735,0.11438730536468375
1.8216631518095239,0.19111854489828226,0.11033475021627571
1.8241248587714285,0.18725218033966146,0.10628507816099513
1.8265865657333333,0.1834053450499168,0.10226233563331337
1.8290482726952382,0.17959534705817207,0.09829511243720392
1.8315099796571428,0.1758413287532532,0.09441734622685186
1.8339716866190476,0.1721643943601665,0.09066917620490479
1.8364333935809523,0.16858771936849118,0.08709776623936842
1.838895100542857,0.16513662912233623,0.08375795239678645
1.841356807504762,0.1618386302539795,0.08071248156561685
1.8438185144666666,0.15872337509231157,0.07803150883513013
1.8462802214285714,0.15582253617855332,0.07579094970800689
1.848741928390476,0.15316956645298097,0.07406931235724237
1.8512036353523809,0.1507993217113675,0.0729428606102242
1.8536653423142857,0.14874752691835072,0.0724794370227445
1.8561270492761903,0.1470500781394453,0.07273191951361221
1.8585887562380952,0.14574218783765103,0.07373279689905105
1.8610504632,0.14485740246526554,0.07549133928540795
1.8635121701619048,0.14442654527145293,0.07799414369133123
1.8659738771238097,0.1444766597170415,0.0812087479954112
1.8684355840857143,0.14503004420150414,0.08508911525001808
1.8708972910476191,0.14610347150508515,0.08958151638887056
1.8733589980095238,0.1477076731812896,0.09462965749191822
1.8758207049714286,0.149847140785189,0.10017847551450601
1.8782824119333335,0.15252025736877572,0.10617653733024192
1.880744118895238,0.15571973229026737,0.11257727499718982
1.883205825857143,0.15943327870380763,0.11933938876694118
1.8856675328190475,0.16364445241619693,0.12642672638639957
1.8881292397809524,0.1683335653760855,0.13380787548880577
1.8905909467428572,0.17347859510798497,0.14145562951479881
1.8930526537047618,0.17905602845494664,0.14934642548751453
1.8955143606666667,0.18504159880688412,0.15745980801123946
1.8979760676285713,0.19141089611031617,0.16577794554088138
1.9004377745904761,0.1981398455173348,0.17428520806739953
1.902899481552381,0.20520506233611366,0.18296780604002247
1.9053611885142856,0.21258409806338155,0.19181348571734172
1.9078228954761904,0.22025559551876667,0.20081127425513606
1.910284602438095,0.22819937153903982,0.2099512674630704
1.9127463094,0.23639644436272006,0.21922445355048514
1.9152080163619047,0.2448290205804908,0.22862256690439958
1.9176697233238094,0.2534804539422351,0.23813796676537766
1.9201314302857142,0.26233518577622367,0.24776353646832772
1.9225931372476193,0.27137867449857983,0.2574925996402625
1.9250548442095239,0.2805973197614275,0.26731885037593794
1.9275165511714287,0.2899783852214941,0.27723629494410945
1.9299782581333333,0.2995099226811806,0.28723920301966605
1.9324399650952382,0.309180699415747,0.2973220668013338
1.934901672057143,0.3189801298022659,0.3074795666728105
1.9373633790190476,0.32889821185947576,0.31770654230821943
1.9398250859809525,0.3389254689495452,0.32799796832042677
1.942286792942857,0.349052896647099,0.33834893371143776
1.944748499904762,0.35927191461867913,0.34875462451470457
1.9472102068666668,0.3695743232544873,0.3592103091254901
1.9496719138285714,0.3799522647364045,0.3697113259020717
1.9521336207904763,0.39039818819885647,0.38025307269133474
1.9545953277523809,0.4009048186324314,0.3908309979902085
1.9570570347142857,0.41146512918719014,0.40144059350191375
1.9595187416761906,0.4220723165482884,0.412077387885062
1.9619804486380952,0.4327197790772532,0.4227369415258748
1.9644421556,0.44340109743553646,0.4334148421904418
1.9669038625619046,0.4541100174311093,0.44410670143603137
1.9693655695238095,0.46484043485274035,0.4548081516788431
1.9718272764857143,0.47558638207951537,0.4655148438309199
1.974288983447619,0.4863420162746738,0.476222445431738
1.9767506904095238,0.497101608992751,0.48692663921074686
1.9792123973714284,0.5078595370472242,0.49762312202615583
1.9816741043333332,0.5186102745023792,0.50830760413288
1.984135811295238,0.5293483856680041,0.5189758087389924
1.986597518257143,0.5400685189888578,0.5296234718154834
1.9890592252190478,0.5507654017327883,0.5402463421287608
1.9915209321809524,0.5614338353919929,0.5508401814692682
1.9939826391428572,0.5720686917213517,0.5614007650529729
1.996444346104762,0.582664909346138,0.5719238820753523
1.9989060530666667,0.5932174908788292,0.5824053363999839
2.0013677600285713,0.603721500491314,0.5928409473659736
2.003829466990476,0.6141720618946128,0.6032265507002861
2.006291173952381,0.6245643566833662,0.613557999522626
2.008752880914286,0.6348936230069104,0.6238311654318924
2.0112145878761907,0.6451551545327864,0.6340419396644136
2.013676294838095,0.6553442996721004,0.6441862343152085
2.0161380018,0.6654564610393164,0.6542599836144204
2.0185997087619048,0.6754870951218623,0.6642591452518535
2.0210614157238096,0.6854317121374215,0.6741797017432367
2.0235231226857144,0.6952858760589883,0.6840176618324393
2.025984829647619,0.7050452047897228,0.6937690619243961
2.0284465366095237,0.7147053704713902,0.7034299675439664
2.0309082435714285,0.7242620999117173,0.7129964748163644
2.0333699505333334,0.7337111751173878,0.7224647119651663
2.035831657495238,0.7430484339206243,0.731830840824219
2.0382933644571426,0.7522697706884136,0.741091058360066
2.0407550714190474,0.7613711371044162,0.7502415982017627
2.0432167783809523,0.7703485430144765,0.7592787321751847
2.045678485342857,0.7791980573274522,0.7681987718391272
2.048140192304762,0.7879158089637773,0.7769980700206941
2.050601899266667,0.7964979878448248,0.7856730223476301
2.0530636062285716,0.8049408459166977,0.7942200687753964
2.0555253131904765,0.8132406982025967,0.8026356951069367
2.057987020152381,0.8213939238783894,0.810916434503195
2.0604487271142857,0.8293969673664112,0.8190588689825588
2.0629104340761906,0.837246339442923,0.8270596309075093
2.0653721410380954,0.844938618354994,0.8349154044568439
2.067833848,0.8524704509428884,0.8426229270819364
2.0702955549619046,0.8598385537643298,0.850178990945565
2.0727572619238095,0.8670397142172653,0.8575804443419217
2.075218968885714,0.874070791658008,0.8648241930964846
2.0776806758476187,0.8809287185118344,0.8719072019444898
2.080142382809524,0.8876105013733298,0.8788264958868136
2.082604089771429,0.8941132220939514,0.885579161522119
2.0850657967333337,0.9004340388544491,0.89216234835418
2.087527503695238,0.9065701872199383,0.8985732700733479
2.089989210657143,0.9125189811755714,0.9048092058111683
2.092450917619048,0.9182778141408782,0.9108675013672081
2.0949126245809526,0.923844159960979,0.9167455704071878
2.0973743315428575,0.9292155738729863,0.9224408956315661
2.099836038504762,0.9343896934460165,0.9279510299137588
2.1022977454666667,0.9393642394933461,0.9332735974072116
2.1047594524285715,0.9441370169553259,0.938406294620589
2.1072211593904764,0.9487059157517715,0.9433468914603799
2.1096828663523812,0.9530689116026244,0.9480932322402478
2.1121445733142856,0.9572240668157612,0.952643236656502
2.1146062802761905,0.961169531040906,0.9569949007290878
2.1170679872380953,0.9649035419886686,0.9611462977075423
2.1195296942,0.9684244261138093,0.9650955789413835
2.121991401161905,0.9717305992618872,0.9688409747144405
2.1244531081238094,0.9748205672785184,0.9723807950426685
2.1269148150857142,0.9776929265805314,0.9757134304350165
2.129376522047619,0.9803463646883657,0.9788373526169597
2.131838229009524,0.9827796607191133,0.9817511152163321
2.1342999359714288,0.9849916858396626,0.9844533544111324
2.136761642933333,0.9869814036794555,0.9869427895390064
2.139223349895238,0.9887478707024225,0.9892182236681486
2.141685056857143,0.9902902365377075,0.9912785441293861
2.1441467638190477,0.9916077442688492,0.9931227230092544
2.1466084707809525,0.992699730681135,0.9947498176038972
2.149070177742857,0.9935656264668833,0.9961589708336641
2.1515318847047618,0.9942049563884688,0.9973494116183071
2.1539935916666666,0.9946173393989457,0.9983204552127143
2.1564552986285714,0.9948024887201713,0.999071503503155
2.1589170055904763,0.9947602118783774,0.999602045264037
2.1613787125523807,0.9944904106971887,0.9999116563752266
2.1638404195142855,0.9939930812481209,1.0
2.1663021264761904,0.9932683137586541,0.9998668267237458
2.168763833438095,0.9923162924780019,0.9995119746535688
2.1712255404,0.9911372955007625,0.9989353694789784
2.1736872473619044,0.98973169454867,0.9981370244938959
2.1761489543238093,0.9880999547107145,0.9971170405802386
2.178610661285714,0.9862426341419515,0.9958756061533952
2.181072368247619,0.9841603837213551,0.9944129970699289
2.183534075209524,0.9818539466691395,0.9927295764979089
2.185995782171428,0.9793241581239932,0.9908257947502972
2.188457489133333,0.9765719446807503,0.9887021890818681
2.190919196095238,0.9735983238890478,0.9863593834501897
2.1933809030571427,0.97040440371359,0.9837980882412349
2.1958426100190476,0.9669913819566858,0.9810190999602524
2.198304316980952,0.963360545643774,0.9780233008885642
2.200766023942857,0.95951327037273,0.9748116587070275
2.2032277309047616,0.9554510196277793,0.9713852260869457
2.205689437866667,0.9511753440589309,0.9677451402492716
2.2081511448285718,0.9466878807278907,0.9638926224930215
2.210612851790476,0.9419903523214918,0.9598289776938697
2.213074558752381,0.9370845663337506,0.9555555937739736
2.215536265714286,0.9319724142177263,0.9510739411441554
2.2179979726761907,0.9266558705084509,0.9463855721196337
2.2204596796380955,0.921136991918274,0.9414921203106015
2.2229213866000004,0.9154179164060632,0.936395299989021
2.225383093561905,0.9095008622217914,0.9310969054331136
2.2278448005238096,0.903388126928155,0.9255988102511222
2.2303065074857145,0.8970820864009702,0.9199029666860419
2.2327682144476193,0.8905851938102212,0.9140114049031303
2.235229921409524,0.8838999785837635,0.907926232262145
2.2376916283714285,0.8770290453558249,0.9016496325763986
2.2401533353333334,0.8699750729026062,0.8951838653608782
2.2426150422952382,0.8627408130674477,0.8885312650718455
2.245076749257143,0.8553290896782153,0.881694240340524
2.247538456219048,0.847742797459763,0.8746752732036763
2.2500001631809523,0.8399849009445485,0.8674769183341132
2.252461870142857,0.83205843338473,0.8601018022744077
2.254923577104762,0.8239664956693382,0.8525526226773712
2.257385284066667,0.8157122552504251,0.8448321475571507
2.2598469910285717,0.8072989450824226,0.8369432145551321
2.262308697990476,0.7987298625793161,0.8288887302252163
2.264770404952381,0.790008368594657,0.82067166934344
2.2672321119142858,0.7811378864298997,0.8122950742473761
2.2696938188761906,0.7721219008770693,0.8037620542112626
2.2721555258380954,0.7629639573023537,0.7950757848633783
2.2746172328,0.7536676607778605,0.786239507652832
2.2770789397619047,0.7442366752695311,0.777256529373646
2.2795406467238095,0.7346747228900253,0.7681302217548304
2.2820023536857144,0.724985583226344,0.7588640211260506
2.284464060647619,0.7151730927530132,0.7494614281695228
2.2869257676095236,0.705241144342876,0.7399260077699295
2.2893874745714284,0.6951936868889091,0.7302613889754607
2.2918491815333333,0.6850347250520492,0.7204712650845765
2.294310888495238,0.6747683191518097,0.7105593938747692
2.296772595457143,0.6643985852185069,0.7005295979915328
2.2992343024190474,0.6539296952282655,0.6903857655179223
2.301696009380952,0.6433658775446548,0.6801318507475879
2.304157716342857,0.6327114175939027,0.6697718751870154
2.306619423304762,0.6219706588041948,0.6593099288159655
2.3090811302666667,0.6111480038436663,0.6487501716388421
2.311542837228571,0.6002479161964553,0.6380968355640186
2.314004544190476,0.5892749221216762,0.6273542266530838
2.316466251152381,0.5782336130465671,0.6165267277876649
2.3189279581142856,0.5671286484524818,0.6056188018080514
2.3213896650761905,0.5559647593210582,0.5946349951854346
2.323851372038095,0.54474675221799,0.5835799422983754
2.3263130789999997,0.5334795141036455,0.572458370394306
2.3287747859619046,0.5221680179736307,0.5612751053287129
2.3312364929238094,0.5108173294486437,0.5500350781884407
2.3336981998857147,0.4994326144521094,0.538743332921593
2.336159906847619,0.48801914813661257,0.5274050351152553
2.338621613809524,0.4765823252467709,0.5160254820841231
2.3410833207714288,0.46512767213764933,0.5046101144587207
2.3435450277333336,0.45366086070508277,0.4931645294918261
2.3460067346952385,0.442187724528456,0.4816944963368085
2.348468441657143,0.4307142775789332,0.4702059735926844
2.3509301486190477,0.4192467359084303,0.4587051294588855
2.3533918555809525,0.40779154280865987,0.4471983648991885
2.3558535625428574,0.39635539801756037,0.4356923402803495
2.3583152695047622,0.384945291654902,0.4241940060282548
2.3607769764666666,0.3735685436927502,0.41271063793450086
2.3632386834285715,0.36223284991300014,0.40124987785101146
2.3657003903904763,0.35094633547682547,0.3898197806313451
2.368162097352381,0.33971761743307466,0.3784288683162629
2.370623804314286,0.3285558777274661,0.3670861927189883
2.3730855112761904,0.31747094854379376,0.35580140774238883
2.3755472182380952,0.3064734121118578,0.3445848529543143
2.3780089252,0.2955747174496857,0.3334476501537047
2.380470632161905,0.2847873168574478,0.32240181486914565
2.3829323391238098,0.2741248253222989,0.3114603849258937
2.385394046085714,0.2636022062817412,0.30063756836775146
2.387855753047619,0.25323598735035285,0.28994891307951987
2.390317460009524,0.24304450951369194,0.27941150035077505
2.3927791669714287,0.23304821273255366,0.26904416424141464
2.3952408739333335,0.223269959571683,0.25886773778992933
2.397702580895238,0.21373539591112106,0.2489053256116884
2.4001642878571428,0.20447334336170506,0.23918259994069507
2.4026259948190476,0.19551621080412065,0.22972811324151152
2.4050877017809524,0.18690040139745745,0.2205736146186896
2.4075494087428573,0.17866667525379668,0.21175434877063745
2.4100111157047617,0.17086040579938383,0.20330930461098118
2.4124728226666665,0.16353163969693904,0.19528136564529952
2.4149345296285714,0.15673483848219133,0.18771729622256425
2.417396236590476,0.15052815143588788,0.18066747880535047
2.419857943552381,0.1449720566541077,0.17418530170015692
2.4223196505142854,0.1401272307397438,0.16832609170417656
2.4247813574761903,0.13605159030330696,0.16314550248640214
2.427243064438095,0.13279660606472615,0.15869731910742496
2.4297047714,0.13040321197236085,0.15503072995778908
2.432166478361905,0.12889786273173318,0.15218724566774428
2.434628185323809,0.12828943713764152,0.15019758623919682
2.437089892285714,0.12856764216079739,0.14907896741082174
2.439551599247619,0.1297033066309059,0.14883324107939522
2.4420133062095237,0.13165053496012813,0.14944624653615832
2.4444750131714286,0.13435027845956377,0.15088851870571052
2.446936720133333,0.13773463093847052,0.15311723753000223
2.449398427095238,0.14173113405224658,0.15607907645256083
2.4518601340571426,0.14626654354735966,0.15971348781033914
2.4543218410190475,0.1512697553598357,0.16395596978596802
2.4567835479809523,0.1566738211366929,0.16874096414007633
2.459245254942857,0.16241714158123544,0.17400418151630445
2.461706961904762,0.16844400453061,0.17968429098290106
2.464168668866667,0.17470465129214682,0.1857240129531223
2.4666303758285717,0.18115503512472445,0.19207071237148468
2.4690920827904765,0.18775640114996645,0.19867660929553158
2.471553789752381,0.19447478087772277,0.20549871945096146
2.4740154967142858,0.20128046352781537,0.21249862000130015
2.4764772036761906,0.20814748250858797,0.21964211432283276
2.4789389106380955,0.21505313847114316,0.22689884910204292
2.4814006176000003,0.22197756903710836,0.23424191991562385
2.4838623245619047,0.22890336816284715,0.24164748822349388
2.4863240315238095,0.23581525389315786,0.24909442311242522
2.4887857384857144,0.24269978099139253,0.25656397451982327
2.4912474454476192,0.24954509390123866,0.26403948033159463
2.493709152409524,0.2563407152110287,0.2715061070524254
2.4961708593714285,0.26307736493308304,0.27895062218530486
2.4986325663333333,0.26974680627375164,0.28636119565069823
2.501094273295238,0.27634171402897123,0.29372722725302847
2.503555980257143,0.2828555622214993,0.3010391971756432
2.506017687219048,0.28928252805864263,0.30828853662962935
2.5084793941809522,0.29561740971274353,0.31546751601498324
2.510941101142857,0.301855555802645,0.32256914822330424
2.513402808104762,0.30799280478151236,0.3295871049880969
2.5158645150666668,0.31402543271725775,0.3365156444541118
2.5183262220285716,0.319950108190698,0.34334954838152404
2.520787928990476,0.32576385323846685,0.35008406762012934
2.523249635952381,0.33146400943759613,0.35671487468226787
2.5257113429142857,0.33704820837125105,0.3632380224118447
2.5281730498761905,0.34251434583456886,0.3696499078925534
2.5306347568380954,0.34786055923956566,0.3759472408635498
2.5330964637999998,0.3530852077618074,0.3821270160178485
2.5355581707619046,0.3581868548416842,0.3881864886499548
2.5380198777238094,0.36316425271190966,0.3941231531969019
2.5404815846857143,0.36801632867221873,0.39993472428287385
2.542943291647619,0.37274217287369943,0.4056191199336936
2.5454049986095235,0.3773410274101087,0.4111744466751152
2.5478667055714284,0.38181227654294886,0.4165989862693823
2.550328412533333,0.38615543791195595,0.421891183878982
2.552790119495238,0.3903701546036895,0.42704963747588104
2.555251826457143,0.3944561879687699,0.43207308833954233
2.5577135334190473,0.39841341109346945,0.4369604125083879
2.560175240380952,0.40224180284428673,0.44171061306762516
2.562636947342857,0.4059414424151499,0.4463228131719865
2.565098654304762,0.40951250431632,0.4507962497153298
2.5675603612666666,0.41295525375214054,0.455130267570561
2.570022068228571,0.4162700423417109,0.4593243143332421
2.572483775190476,0.4194573041425286,0.4633779355107747
2.5749454821523807,0.4225175519422847,0.46729077010642495
2.5774071891142856,0.4254513737884405,0.47106254655381735
2.5798688960761904,0.4282594297290589,0.4746930789630484
2.582330603038095,0.430942448741699,0.4781822636443561
2.58479231,0.4335012258300776,0.48153007587944585
2.587254016961905,0.43593661927072763,0.4847365669141969
2.5897157239238098,0.43824954799408267,0.4878018611496354
2.5921774308857146,0.4404409890863375,0.4907261535108246
2.594639137847619,0.4425119754001222,0.4935097069757369
2.597100844809524,0.44446359326350166,0.49615285024829686
2.5995625517714287,0.4462969802781061,0.49865597556164387
2.6020242587333335,0.4480133231983472,0.5010195365993021
2.6044859656952384,0.4496138558846728,0.503244046523387
2.606947672657143,0.4510998573247058,0.5053300761002534
2.6094093796190476,0.4524726497168948,0.507278251915116
2.6118710865809525,0.45373359661200463,0.5090892546681678
2.6143327935428573,0.45488410110838434,0.5107638175456093
2.616794500504762,0.4559256040975034,0.512302724659786
2.6192562074666665,0.4568595825567289,0.5137068095533299
2.6217179144285714,0.45768754788675375,0.5149769537628239
2.6241796213904762,0.45841104429146556,0.5161140854380667
2.626641328352381,0.45903164719839584,0.5171191780135075
2.629103035314286,0.459550961718189,0.5179932489288758
2.6315647422761903,0.4599706211418089,0.5187373583964171
2.634026449238095,0.46029228547444073,0.5193526082125215
2.6364881562,0.46051764000526474,0.5198401406118406
2.638949863161905,0.4606483939124715,0.5202011371622928
2.6414115701238097,0.46068627890306063,0.5204368176996171
2.643873277085714,0.46063304788711673,0.5205484393003709
2.646334984047619,0.46049047368639223,0.5205372952924958
2.6487966910095238,0.4602603477771471,0.5204047143027652
2.6512583979714286,0.4599444790672979,0.5201520593406127
2.6537201049333334,0.459544692708023,0.5197807269180075
2.656181811895238,0.45906282894004546,0.5192921462051941
2.6586435188571427,0.45850074197488827,0.518687778222257
2.6611052258190475,0.457860298911447,0.5179691150665976
2.6635669327809524,0.45714337868827665,0.5171376791765379
2.666028639742857,0.45635187107202585,0.5161950226313721
2.668490346704762,0.4554876756824709,0.5151427264882988
2.6709520536666664,0.4545527010546369,0.5139824001567604
2.6734137606285713,0.4535488637384888,0.5127156808108159
2.675875467590476,0.45247808743668455,0.5113442328402551
2.678337174552381,0.4513423021808759,0.5098697473412571
2.680798881514286,0.45014344354702734,0.5082939416474624
2.68326058847619,0.4488834519102019,0.5066185589024189
2.685722295438095,0.44756427173923274,0.5048453676744274
2.6881840024,0.44618785093166247,0.5029761616148879
2.6906457093619047,0.4447561401892848,0.5010127591613129
2.6931074163238096,0.4432710924345696,0.4989570032862463
2.695569123285714,0.44173466226819164,0.49681076129338303
2.698030830247619,0.4401488054678097,0.4945759246622526
2.7004925372095236,0.43851547852816664,0.4922544089428867
2.7029542441714285,0.43683663824249047,0.4898481537019439
2.7054159511333333,0.43511424132508014,0.4873591225218254
2.7078776580952377,0.43335024407485445,0.4847893030543588
2.710339365057143,0.43154660207952455,0.4821407071306771
2.712801072019048,0.4297052699599252,0.4794153709289588
2.7152627789809527,0.42782820115390696,0.47661535520173404
2.7177244859428575,0.4259173477390396,0.473742745564488
2.720186192904762,0.42397466029322645,0.47079965284731456
2.7226478998666668,0.4220020877921581,0.4677882135113854
2.7251096068285716,0.42000157754235656,0.46471059013200366
2.7275713137904765,0.41797507514837073,0.46156897194999175
2.7300330207523813,0.4159245245124831,0.45836557549314083
2.7324947277142857,0.4138518678650778,0.4551026452694034
2.7349564346761905,0.41175904582359096,0.45178245453343546
2.7374181416380954,0.40964799747773506,0.4484073061280128
2.7398798486000002,0.40752066049843744,0.4449795334017101
2.742341555561905,0.4053789712676828,0.4415015012040886
2.7448032625238095,0.4032248650261742,0.4379756069594308
2.7472649694857143,0.4010602760354563,0.434404281819823
2.749726676447619,0.3988871377508555,0.43078999189809686
2.752188383409524,0.396707383001299,0.42713523958077443
2.754650090371429,0.3945229441717714,0.42344256492075166
2.7571117973333332,0.3923357533838653,0.4197145471089405
2.759573504295238,0.39014774266956737,0.41595380602350807
2.762035211257143,0.38796084413311727,0.4121630038546525
2.7644969182190477,0.38577699009545846,0.408344846802049
2.7669586251809526,0.38359811321550125,0.4045020868411727
2.769420332142857,0.38142614658211477,0.40063752355361437
2.771882039104762,0.3792630237704776,0.3967540060152786
2.7743437460666667,0.3771106788561446,0.39285443473493675
2.7768054530285715,0.3749710463799312,0.3889417636339948
2.7792671599904764,0.37284606125648906,0.38501900205651457
2.7817288669523808,0.37073765861924907,0.3810892167964738
2.7841905739142856,0.3686477735942397,0.37715553412693403
2.7866522808761904,0.3665783409951761,0.37322114181321236
2.7891139878380953,0.3645312949321379,0.36928929108928016
2.7915756948,0.3625085683261451,0.36536329857344735
2.7940374017619045,0.36051209232198983,0.3614465480959012
2.7964991087238094,0.3585437955918077,0.3575424924068693
2.798960815685714,0.35660560352207177,0.3536546547300536
2.801422522647619,0.3546994372769927,0.34978663012154737
2.803884229609524,0.35282721273168605,0.34594208658972975
2.8063459365714283,0.3509908392689686,0.3421247659266479
2.808807643533333,0.34919221843424175,0.33833848419622087
2.811269350495238,0.34743324244363694,0.33458713181927635
2.813731057457143,0.34571579254143997,0.33087467319007674
2.8161927644190476,0.3440417372037674,0.3272051457537115
2.818654471380952,0.3424129301865579,0.32358265846869055
2.821116178342857,0.34083120841715614,0.32001138957444303
2.8235778853047617,0.3392983897300963,0.31649558357944235
2.8260395922666666,0.3378162704491508,0.31303954738258677
2.8285012992285714,0.33638662281926696,0.3096476454385728
2.830963006190476,0.3350111922936797,0.3063242938776396
2.8334247131523806,0.33369169468322857,0.30307395349158817
2.8358864201142855,0.3324298131767236,0.29990112150180187
2.8383481270761908,0.3312271952430583,0.29681032203148333
2.8408098340380956,0.33008544942764995,0.2938060952139069
2.843271541,0.3290061420576596,0.29089298488150406
2.845733247961905,0.32799079387228397,0.2880755247974
2.8481949549238097,0.32704087659618114,0.2853582234118149
2.8506566618857145,0.32615780947576173,0.28274554715068145
2.8531183688476194,0.32534295579961026,0.2802419022728608
2.8555800758095238,0.3245976194256595,0.2778516153652597
2.8580417827714286,0.3239230413388969,0.2755789125815189
2.8605034897333335,0.32332039626429276,0.27342789776906473
2.8629651966952383,0.32279078936028166,0.2714025296702463
2.865426903657143,0.32233525301847504,0.2695065984247938
2.8678886106190475,0.32195474379530337,0.26774370164145245
2.8703503175809524,0.3216501395009721,0.26611722034469126
2.8728120245428572,0.32142223647045687,0.26463029513602476
2.875273731504762,0.32127174704024347,0.263285802936801
2.877735438466667,0.32119929725316115,0.2620863346984799
2.8801971454285713,0.32120542481195585,0.2610341744757285
2.882658852390476,0.3212905773002368,0.2601312802557362
2.885120559352381,0.32145511068712845,0.2593792669230192
2.887582266314286,0.3216992881293917,0.25877939171221204
2.8900439732761907,0.3220232790820156,0.25833254246212206
2.892505680238095,0.32242715872532796,0.25803922893349074
2.8949673872,0.3229109077136179,0.2578995773919492
2.8974290941619048,0.3234744122471353,0.25791332858868843
2.8998908011238096,0.3241174644661916,0.25807983919694355
2.9023525080857144,0.32483976316299656,0.2583980866854679
2.904814215047619,0.3256409148038671,0.2588666775338225
2.9072759220095237,0.32652043485159105,0.2594838586215944
2.9097376289714285,0.3274777493750748,0.2602475315574216
2.9121993359333334,0.328512196930977,0.26115526965638935
2.914661042895238,0.329623030699875,0.2622043372278728
2.9171227498571426,0.33080942085764725,0.2633917108015384
2.9195844568190474,0.3320704571612123,0.26471410189758093
2.9220461637809523,0.33340515172654184,0.26616798093834854
2.924507870742857,0.33481244197598214,0.2677496019016447
2.926969577704762,0.33629119373136424,0.2694550273300596
2.9294312846666664,0.33784020442914425,0.2712801533341329
2.931892991628571,0.33945820643389757,0.2732207342582021
2.934354698590476,0.34114387042683847,0.2752724067145128
2.936816405552381,0.3428958088466714,0.277430712731648
2.9392781125142857,0.34471257936092575,0.2796911218057195
2.94173981947619,0.3465926883469935,0.2820490516854282
2.944201526438095,0.34853459436331724,0.28449988776359725
2.9466632334,0.3505367115925482,0.2870390009869734
2.9491249403619046,0.35259741323997684,0.28966176423210094
2.9515866473238095,0.3547150348720915,0.29236356712728356
2.954048354285714,0.3568878776817225,0.29513982932870836
2.9565100612476187,0.3591142116678558,0.29798601228257593
2.9589717682095236,0.3613922787198123,0.30089762952458854
2.9614334751714284,0.3637202955970789,0.30387025558358727
2.9638951821333337,0.36609645679762126,0.3068995335677804
2.966356889095238,0.3685189373089796,0.3099811815202315
2.968818596057143,0.3709858952378556,0.3131109976354795
2.9712803030190478,0.3734954743152074,0.3162848644317573
2.9737420099809526,0.37604580627508744,0.31949875197368455
2.9762037169428575,0.37863501310657455,0.3227487202389225
2.978665423904762,0.38126120917916495,0.32603092071947226
2.9811271308666667,0.3839225032428936,0.32934159734439433
2.9835888378285715,0.38661700030526186,0.3326770868060369
2.9860505447904764,0.38934280338775007,0.33603381836661994
2.988512251752381,0.39209801516529885,0.3394083132164634
2.9909739587142856,0.3948807394926523,0.34279718344943283
2.9934356656761905,0.39768908282188276,0.3461971307154636
2.9958973726380953,0.40052115551575673,0.34960494460441244
2.9983590796,0.40337507306186604,0.3530175008100786
3.000820786561905,0.4062489571926491,0.35643175911807
3.0032824935238094,0.4091409369165589,0.35984476125634485
3.0057442004857142,0.4120491494657133,0.36325362864272404
3.008205907447619,0.4149717411653928,0.3666555600594892
3.010667614409524,0.41790686823073847,0.3700478292813387
3.0131293213714287,0.4208526974959465,0.3734277826794831
3.015591028333333,0.4238074070811777,0.3767928368214915
3.018052735295238,0.42676918700228506,0.3801404760836581
3.020514442257143,0.4297362397283318,0.3834682502901089
3.0229761492190477,0.43270678069172,0.38677377239060273
3.0254378561809525,0.4356790387555872,0.390054716186973
3.027899563142857,0.43865125664294957,0.3933088141163892
3.0303612701047618,0.4416216913318905,0.3965338550980634
3.0328229770666666,0.44458861442090175,0.3997276824486797
3.0352846840285714,0.44755031246829785,0.4028881918706432
3.0377463909904763,0.4505050873094321,0.4060133295162353
3.0402080979523807,0.4534512563552509,0.4091010901298917
3.0426698049142855,0.45638715287554205,0.41214951527007176
3.0451315118761904,0.45931112627004567,0.4151566916115615
3.047593218838095,0.46222154233042084,0.4181207493285199
3.0500549258,0.4651167834958901,0.4210398605581367
3.0525166327619044,0.4679952491052186,0.42391223794440164
3.0549783397238093,0.47085535564752656,0.42673613326119
3.057440046685714,0.47369553701428446,0.4295098361136249
3.059901753647619,0.4765142447546935,0.4322316727164934
3.062363460609524,0.4793099483365248,0.43490000474834
3.064825167571428,0.482081135414355,0.43751322827976324
3.067286874533333,0.48482631210702126,0.440069772774356
3.069748581495238,0.4875440032860049,0.44256810016069065
3.0722102884571427,0.49023275287634094,0.4450067039737214
3.0746719954190476,0.49289112417156256,0.4473841085639751
3.077133702380952,0.4955177001640874,0.4496988683729127
3.079595409342857,0.4981110838923726,0.45194956727287255
3.0820571163047616,0.5006698988060844,0.4541348179700444
3.0845188232666665,0.5031927891504554,0.4562532614689737
3.0869805302285713,0.5056784203709334,0.4583035665971514
3.0894422371904766,0.5081254795391654,0.4602844295883099
3.091903944152381,0.5105326758013001,0.4621945737231136
3.094365651114286,0.5128987408495428,0.46403274902601077
3.0968273580761907,0.5152224294178446,0.46579773201708635
3.0992890650380955,0.5175025198025675,0.4674883255178409
3.1017507720000004,0.519737814408924,0.4691033585099053
3.1042124789619048,0.5219271403239524,0.47064168604578166
3.1066741859238096,0.5240693499167585,0.47210218921079894
3.1091358928857145,0.5261633214667225,0.473483775135554
3.1115975998476193,0.5282079598203397,0.4747853770582045
3.114059306809524,0.5302021970773418,0.4760059544360774
3.1165210137714285,0.5321449933067225,0.47714449310614776
3.1189827207333334,0.5340353372932652,0.478200005494046
3.121444427695238,0.5358722473151597,0.47917153087135217
3.123906134657143,0.5376547719532674,0.4800581356610354
3.126367841619048,0.5393819909325848,0.4808589137910118
3.1288295485809523,0.5410530159964383,0.48157298709589735
3.131291255542857,0.5426669918139237,0.48219950576715037
3.133752962504762,0.5442230969210954,0.48273764885191883
3.136214669466667,0.5457205446963916,0.48318662480102814
3.1386763764285717,0.5471585843707696,0.4835456720666778
3.141138083390476,0.5485365020730052,0.4838140597505529
3.143599790352381,0.5498536219106023,0.48399108830319687
3.1460614973142857,0.5511093070867323,0.48407609027564746
3.1485232042761906,0.5523029610536109,0.4840684311244963
3.1509849112380954,0.5534340287026918,0.48396751007170413
3.1534466182,0.55450199759204,0.48377276102068756
3.1559083251619047,0.5555063992112148,0.4834836535303832
3.1583700321238095,0.5564468102839626,0.48309969384920615
3.1608317390857144,0.5573228541089853,0.4826204260110403
3.163293446047619,0.5581342019390114,0.482045432995637
3.1657551530095236,0.5588805743983433,0.48137433795605233
3.1682168599714284,0.5595617429390114,0.4806068055160331
3.1706785669333333,0.5601775313355943,0.479742543140551
3.173140273895238,0.560727817218706,0.4787813025830108
3.175601980857143,0.5612125336470576,0.4777228814129961
3.1780636878190474,0.5616316707179272,0.4765671246287938
3.180525394780952,0.5619852772157536,0.4753139263593307
3.182987101742857,0.5622734622984662,0.47396323166059834
3.185448808704762,0.5624963972210193,0.47251503841209963
3.1879105156666667,0.5626543170954633,0.4709693993193598
3.190372222628571,0.5627475226867066,0.46932642402908864
3.192833929590476,0.5627763822429416,0.4675862813641653
3.195295636552381,0.5627413333594925,0.46574920168625217
3.1977573435142856,0.5626428848746099,0.4638154793945261
3.2002190504761905,0.56248161879547,0.46178547556975214
3.202680757438095,0.5622581922523463,0.4596596207737098
3.2051424643999997,0.5619733394785935,0.45743841801484275
3.2076041713619046,0.5616278738137188,0.45512244589189965
3.2100658783238094,0.5612226897264226,0.45271236192832554
3.2125275852857142,0.5607587648540385,0.45020890611119074
3.214989292247619,0.5602371620543272,0.44761290464957054
3.217450999209524,0.559659031465035,0.4449252739684563
3.2199127061714288,0.5590256125660461,0.44214702495553904
3.2223744131333336,0.5583382362383195,0.43927926747951546
3.2248361200952385,0.5575983268131011,0.4363232151999529
3.227297827057143,0.5568074041041478,0.4332801906901825
3.2297595340190477,0.5559670854148747,0.4301516308961794
3.2322212409809525,0.5550790875114596,0.426939092955904
3.2346829479428574,0.5541452285519751,0.42364426040511544
3.237144654904762,0.5531674299606086,0.42026894979719365
3.2396063618666666,0.552147718234933,0.41681511776598906
3.2420680688285715,0.5510882266730325,0.413284868562115
3.2445297757904763,0.5499911970060642,0.4096804620943611
3.246991482752381,0.5488589809205467,0.40600432250895163
3.249453189714286,0.5476940414533071,0.4022590473401315
3.2519148966761904,0.5464989542406221,0.3984474172659191
3.2543766036380952,0.5452764086016373,0.3945724065026767
3.2568383106,0.5440292084346527,0.39063719387128004
3.259300017561905,0.5427602729033701,0.386645174565883
3.2617617245238097,0.5414726368886703,0.3825999726533676
3.264223431485714,0.5401694511800004,0.3785054543272199
3.266685138447619,0.5388539823789847,0.3743657419334615
3.269146845409524,0.5375296124864801,0.3701852287779666
3.2716085523714287,0.5361998381429941,0.3659685947135266
3.2740702593333335,0.534868269491224,0.3617208224908402
3.276531966295238,0.5335386286284731,0.35744721483955044
3.2789936732571427,0.5322147476159277,0.353153412222796
3.2814553802190476,0.5309005660112646,0.34884541118068885
3.2839170871809524,0.5296001278908642,0.3445295831437702
3.2863787941428573,0.5283175783280849,0.3402126935559072
3.2888405011047617,0.5270571592946632,0.33590192109628314
3.2913022080666665,0.5258232049534085,0.3316048767311936
3.2937639150285714,0.5246201363120147,0.3273296222574251
3.296225621990476,0.5234524552100767,0.32308468791944894
3.298687328952381,0.522324737614334,0.31887908859222464
3.3011490359142854,0.521241626200801,0.31472233792032994
3.3036107428761903,0.5202078222068638,0.31062445969343194
3.306072449838095,0.5192280765416126,0.30659599561985545
3.3085341568,0.5183071801486819,0.3026480085376154
3.310995863761905,0.517449953622696,0.29879207998089075
3.313457570723809,0.516661236088022,0.29504030090673733
3.315919277685714,0.515945873356898,0.2914052542913909
3.318380984647619,0.5153087053930635,0.2878999882398661
3.3208426916095237,0.5147545531166662,0.2845379782312654
3.3233043985714286,0.5142882045963625,0.28133307716191797
3.325766105533333,0.5139144006849905,0.2782994519671518
3.328227812495238,0.5136378201658265,0.2754515058180448
3.3306895194571426,0.513463064487012,0.27280378521772064
3.3331512264190475,0.5133946421720617,0.2703708717736894
3.3356129333809523,0.5134369530041601,0.2681672590015669
3.3380746403428567,0.5135942720909973,0.2662072152131404
3.340536347304762,0.5138707339248988,0.26450463433581006
3.342998054266667,0.5142703165597344,0.26307287736223284
3.3454597612285717,0.5147968260312747,0.2619246079832278
3.3479214681904765,0.5154538811510991,0.2610716267440523
3.350383175152381,0.516244898805644,0.26052470870530825
3.3528448821142858,0.5171730798913511,0.26029345000537063
3.3553065890761906,0.5182413960140578,0.2603861288413005
3.3577682960380955,0.5194525770756871,0.26080958616043004
3.3602300030000003,0.5208090998639822,0.26156913076681265
3.3626917099619047,0.5223131777515665,0.2626684726146129
3.3651534169238095,0.5239667515991219,0.2641096868423521
3.3676151238857144,0.5257714819442071,0.26589320968998276
3.370076830847619,0.5277287425424074,0.26801786595094557
3.372538537809524,0.5298396153114683,0.27048092616845176
3.3750002447714285,0.5321048867121408,0.27327819050667546
3.3774619517333333,0.5345250455820472,0.2764040952086936
3.379923658695238,0.5371002824213533,0.27985183685652654
3.382385365657143,0.53983049011179,0.2836135092995582
3.384847072619048,0.5427152660339791,0.2876802481044612
3.3873087795809522,0.5457539155324463,0.2920423776606768
3.389770486542857,0.5489454566634366,0.2966895565876966
3.392232193504762,0.5522886261479631,0.3016109177607179
3.3946939004666667,0.5557818864416201,0.30679520002609284
3.3971556074285716,0.559423433823722,0.3122308694511329
3.399617314390476,0.5632112074013824,0.31790622869051377
3.402079021352381,0.567142898919244,0.3238095137148518
3.4045407283142857,0.5712159632626913,0.3299289777119349
3.4070024352761905,0.575427629541438,0.3362529624267842
3.4094641422380954,0.5797749126412522,0.3427699575529587
3.4119258491999997,0.5842546251341132,0.34946864903178737
3.4143875561619046,0.5888633894410904,0.3563379572708006
3.4168492631238094,0.5935976501474937,0.3633670663723065
3.4193109700857143,0.5984536863761275,0.37054544548312357
3.421772677047619,0.603427624131617,0.3778628633515108
3.4242343840095235,0.6085154485364639,0.3853093971203386
3.4266960909714284,0.6137130158876236,0.3928754363075488
3.429157797933333,0.6190160654706849,0.4005516828348953
3.431619504895238,0.6244202310770839,0.408329147870792
3.434081211857143,0.6299210521779838,0.41619914615795456
3.4365429188190473,0.6355139847164072,0.42415328840504135
3.439004625780952,0.6411944114867939,0.4321834722360471
3.441466332742857,0.6469576520782843,0.4402818721131775
3.443928039704762,0.6527989723646508,0.44844092857901496
3.4463897466666666,0.6587135935298558,0.45665333710206685
3.448851453628571,0.6646967006236736,0.464912036756072
3.451313160590476,0.6707434506467019,0.4732101989172061
3.4537748675523807,0.6768489801683485,0.4815412161239609
3.4562365745142856,0.6830084124850848,0.48989869121130697
3.4586982814761904,0.6892168643293956,0.4982764268030298
3.461159988438095,0.6954694521424633,0.5066684152232086
3.4636216953999996,0.7017612979257557,0.5150688288690143
3.466083402361905,0.7080875346883458,0.5234720110717364
3.4685451093238098,0.7144433115080656,0.5318724674606923
3.4710068162857146,0.7208237982254762,0.5402648578349333
3.4734685232476195,0.7272241897902112,0.5486439885400256
3.475930230209524,0.7336397102795251,0.5570048053413091
3.4783919371714287,0.740065616608907,0.5653423867805852
3.4808536441333335,0.7464972019544469,0.5736519379999214
3.4833153510952384,0.7529297989062811,0.581928785013946
3.485777058057143,0.7593587823719402,0.5901683694104631
3.4882387650190476,0.7657795722478049,0.5983662434582903
3.4907004719809525,0.7721876358761599,0.6065180656007718
3.4931621789428573,0.7785784903045538,0.6146195963133597
3.495623885904762,0.7849477043633463,0.6226666943038772
3.498085592866667,0.7912909005764451,0.6306553130345263
3.5005472998285714,0.7976037569193712,0.6385814975453132
3.503009006790476,0.803882008437884,0.6464413815592842
3.505470713752381,0.8101214487395296,0.6542311848507781
3.507932420714286,0.816317931369596,0.6619472108587465
3.5103941276761907,0.8224673710821181,0.6695858445280831
3.512855834638095,0.8285657450157515,0.6771435503627827
3.5153175416,0.8346090937835416,0.6846168706756399
3.517779248561905,0.8405935224848644,0.6920024240200601
3.5202409555238097,0.8465152016470869,0.699296903790402
3.5227026624857145,0.8523703681038239,0.7064970769780727
3.525164369447619,0.8581553258160175,0.7135997830713955
3.5276260764095237,0.8638664466414633,0.720601933087986
3.5300877833714286,0.869500171057843,0.7275005087291043
3.5325494903333334,0.8750530088437986,0.7342925616460985
3.5350111972952383,0.8805215397220845,0.7409752128096986
3.5374729042571427,0.8859024139683909,0.7475456519735028
3.5399346112190475,0.8911923529889996,0.754001137223563
3.5423963181809524,0.8963881498700607,0.7603389946064922
3.544858025142857,0.9014866699009039,0.7665566178290103
3.547319732104762,0.9064848510734945,0.7726514680223021
3.5497814390666664,0.9113797045598259,0.7786210735649822
3.5522431460285713,0.9161683151687829,0.7844630299588731
3.554704852990476,0.9208478417837538,0.790174999752161
3.557166559952381,0.925415517782053,0.7957547125048563
3.559628266914286,0.9298686514370081,0.8011999647917931
3.56208997387619,0.9342046263033857,0.8065086202387233
3.564551680838095,0.9384209015866648,0.8116786095873258
3.5670133878,0.9425150124965254,0.8167079307852276
3.5694750947619047,0.9464845705847778,0.821594649097368
3.5719368017238096,0.9503272640678588,0.8263368972352746
3.574398508685714,0.9540408581339037,0.8309328755010331
3.576860215647619,0.9576231952343193,0.8353808519429208
3.5793219226095236,0.9610721953597087,0.839679162519882
3.5817836295714285,0.9643858562999206,0.8438262112721734
3.5842453365333333,0.9675622538879488,0.8478204704956946
3.5867070434952377,0.9705995422273465,0.8516604809176493
3.5891687504571426,0.9734959539027876,0.8553448518713481
3.5916304574190474,0.9762498001733688,0.8588722614680779
3.5940921643809527,0.9788594711482169,0.862241456764108
3.5965538713428575,0.9813234359439469,0.8654512539210056
3.599015578304762,0.9836402428234969,0.8685005383575558
3.6014772852666668,0.9858085193158614,0.8713882648916846
3.6039389922285716,0.9878269723162246,0.874113457870878
3.6064006991904765,0.9896943881660075,0.8766752112896886
3.6088624061523813,0.9914096327123337,0.8790726888930113
3.6113241131142857,0.9929716513464234,0.8813051242638866
3.6137858200761905,0.994379469020438,0.8833718208946775
3.6162475270380954,0.9956321902423013,0.8852721522405361
3.618709234,0.9967289990480377,0.887005561754149
3.621170940961905,0.9976691589511838,0.8885715629008241
3.6236326479238095,0.9984520128688419,0.889969739153033
3.6260943548857143,0.9990769830239653,0.8911997439636054
3.628556061847619,0.9995435708234844,0.8922613007168075
3.631017768809524,0.9998513567119014,0.8931542026566175
3.633479475771429,1.0,0.8938783127915427
3.635941182733333,0.9999892386683537,0.8944335637753942
3.638402889695238,0.9998188891453174,0.8948199577634692
3.640864596657143,0.9994888460592329,0.8950375662436536
3.6433263036190477,0.9989990819645902,0.8950865298419882
3.6457880105809526,0.9983496470419198,0.8949670581023039
3.648249717542857,0.9975406687712111,0.8946794292395551
3.650711424504762,0.9965723515786854,0.8942239898665401
3.6531731314666667,0.9954449764567742,0.893601154693725
3.6556348384285715,0.9941589005571789,0.892811406201931
3.6580965453904764,0.9927145567569222,0.8918552942876825
3.6605582523523807,0.9911124531973211,0.8907334358810509
3.6630199593142856,0.989353172795845,0.8894465145358604
3.6654816662761904,0.9874373727308438,0.8879952799921607
3.6679433732380953,0.985365783899165,0.8863805477109027
3.6704050802,0.9831392103466955,0.8846031983807869
3.6728667871619045,0.9807585286719089,0.882664177397284
3.6753284941238094,0.978224687402501,0.8805644943138594
3.677790201085714,0.9755387063452476,0.878305222265463
3.680251908047619,0.972701675909228,0.8758874973643767
3.682713615009524,0.969714756402589,0.873312518068533
3.6851753219714283,0.9665791773030578,0.8705815445224605
3.687637028933333,0.9632962365024188,0.8676958978710189
3.690098735895238,0.9598672995252161,0.8646569595461362
3.692560442857143,0.956293798721953,0.8614661705267629
3.6950221498190476,0.9525772324370883,0.8581250305723032
3.697483856780952,0.9487191641521575,0.8546350974297955
3.699945563742857,0.944721221604361,0.8509979860151416
3.7024072707047617,0.9405850958809905,0.8472153675687137
3.7048689776666666,0.9363125404900912,0.8432889687856787
3.7073306846285714,0.931905370407761,0.8392205709214172
3.709792391590476,0.9273654611025354,0.8350120088724222
3.7122540985523806,0.9226947475372971,0.8306651702330959
3.7147158055142855,0.9178952231491975,0.8261819943288775
3.7171775124761903,0.9129689388080724,0.8215644712261517
3.7196392194380956,0.9079180017538653,0.8168146407194242
3.7221009264,0.9027445745135848,0.8119345912962492
3.724562633361905,0.8974508737983404,0.8069264590804279
3.7270243403238097,0.8920391693810087,0.8017924267540101
3.7294860472857145,0.8865117829551072,0.7965347224586531
3.7319477542476194,0.8808710869754579,0.7911556186769031
3.7344094612095238,0.8751195034812341,0.7856574310939936
3.7368711681714286,0.8692595029020006,0.7800425174407594
3.7393328751333335,0.8632936028473597,0.7743132763182945
3.7417945820952383,0.8572243668808239,0.7684721460049858
3.744256289057143,0.8510544032785519,0.7625216032465894
3.7467179960190475,0.8447863637735662,0.7564641620300072
3.7491797029809524,0.838422942286106,0.7503023723414644
3.751641409942857,0.8319668736407334,0.7440388189097802
3.754103116904762,0.8254209322708417,0.7376761199354576
3.756564823866667,0.8187879309111856,0.7312169258063235
3.7590265308285713,0.8120707192790692,0.7246639178004647
3.761488237790476,0.805272182744795,0.718019806777227
3.763949944752381,0.7983952409919923,0.7112873318570535
3.766411651714286,0.7914428466684039,0.704469259090952
3.7688733586761907,0.7844179840277116,0.6975683801204015
3.771335065638095,0.7773236675629516,0.6905875108285162
3.7737967726,0.7701629406320428,0.683529489983303
3.7762584795619047,0.7629388740759334,0.6763971778738611
3.7787201865238096,0.7556545648298261,0.6691934549403877
3.7811818934857144,0.7483131345279141,0.6619212203988675
3.783643600447619,0.7409177281020136,0.6545833908613405
3.7861053074095237,0.7334715123744278,0.6471828989526546
3.7885670143714285,0.7259776746453281,0.6397226919246235
3.7910287213333334,0.7184394212748828,0.6322057302685347
3.793490428295238,0.710859976260281,0.6246349863269561
3.7959521352571426,0.7032425798077454,0.617013442905816
3.7984138422190474,0.6955904868995306,0.6093440918877412
3.8008755491809523,0.6879069658558301,0.6016299328476656
3.803337256142857,0.6801952968913956,0.593873971671727
3.805798963104762,0.6724587706665887,0.5860792191805007
3.8082606700666664,0.6647006868324519,0.5782486897576364
3.810722377028571,0.6569243525692628,0.5703853999849817
3.813184083990476,0.6491330811179001,0.5624923672853058
3.815645790952381,0.6413301903031954,0.554572608573758
3.8181074979142857,0.6335190010482864,0.5466291389192233
3.82056920487619,0.6257028358788097,0.5386649702167638
3.823030911838095,0.6178850174155847,0.5306831098723707
3.8254926188,0.6100688668542391,0.5226865595012745
3.8279543257619046,0.60225770243001,0.5146783136411109
3.8304160327238095,0.5944548378657246,0.5066613584812623
3.832877739685714,0.5866635808007228,0.49863867060974937
3.8353394466476187,0.5788872311982216,0.49061321577908507
3.8378011536095236,0.5711290797283549,0.4825879476925524
3.8402628605714284,0.5633924061238285,0.47456580681242577
3.8427245675333332,0.5556804775048385,0.4665497191917052
3.8451862744952385,0.547996546669588,0.45854259533100117
3.847647981457143,0.5403438503464147,0.4505473290622751
3.8501096884190478,0.5327256074032172,0.44256679646121033
3.8525713953809526,0.5251450170095305,0.43460385479007324
3.8550331023428575,0.5176052567462679,0.4266613414730092
3.8574948093047623,0.5101094806578064,0.4187420731058141
3.8599565162666667,0.5026608172407728,0.4108488445023204
3.8624182232285715,0.4952623673635611,0.40298442777965704
3.8648799301904764,0.48791720211032436,0.39515157148475416
3.867341637152381,0.48062836054290264,0.38735299976459864
3.869803344114286,0.4733988473739234,0.37959141158288884
3.8722650510761905,0.4662316305441129,0.37186947998588343
3.8747267580380953,0.4591296386967273,0.3641898514204123
3.877188465,0.45209575854195183,0.3565551451071803
3.879650171961905,0.4451328321041373,0.34896795247269646
3.88211187892381,0.4382436538448679,0.3414308366433475
3.884573585885714,0.4314309676550976,0.33394633200535806
3.887035292847619,0.42469746370997324,0.3265169438345966
3.889496999809524,0.4180457751804951,0.31914514800042076
3.8919587067714287,0.41147847479688804,0.3118333907480051
3.8944204137333336,0.40499807125946335,0.30458408856383423
3.896882120695238,0.39860700549389,0.2973996281293107
3.899343827657143,0.3923076467491705,0.2902823663676678
3.9018055346190477,0.3861022885382514,0.2832346305896349
3.9042672415809525,0.379993144423119,0.2762587187435289
3.9067289485428573,0.37398234364843835,0.2693568997756568
3.9091906555047617,0.3680719266303111,0.2625314141070842
3.9116523624666666,0.36226384030955294,0.25578447423294215
3.9141140694285714,0.3565599333820264,0.24911826545048726
3.9165757763904763,0.35096195142199854,0.24253494672206766
3.919037483352381,0.3454715319182112,0.23603665167895782
3.9214991903142855,0.3400901992463175,0.22962548977164507
3.9239608972761904,0.3348193596055182,0.2233035475715596
3.926422604238095,0.3296602959515641,0.21707289022833892
3.9288843112,0.3246141629627138,0.2109355630854601
3.931346018161905,0.3196819820796601,0.2048935934553396
3.9338077251238093,0.3148646366647686,0.19894899255269186
3.936269432085714,0.31016286733010295,0.19310375758190126
3.938731139047619,0.30557726748751035,0.18735987397024328
3.941192846009524,0.30110827917738026,0.18171931773377514
3.9436545529714286,0.2967561892354396,0.17618405795639064
3.946116259933333,0.292521125858942,0.1707560593546059
3.948577966895238,0.2884030556347428,0.16543728489082052
3.9510396738571427,0.2844017810918578,0.16022969838572262
3.9535013808190476,0.2805169388400936,0.1551352670657972
3.9559630877809524,0.2767479983540935,0.15015596396415162
3.958424794742857,0.27309426145860405,0.145293770071672
3.9608865017047616,0.26955486256588945,0.14055067611048783
3.9633482086666665,0.26612876971000554,0.13592868377252618
3.9658099156285713,0.2628147864151248,0.13142980623239756
3.968271622590476,0.25961155442637524,0.12705606770601494
3.970733329552381,0.25651755732182924,0.12280950178459596
3.973195036514286,0.2535311250135435,0.11869214822893184
3.9756567434761907,0.25065043913410756,0.11470604786262925
3.9781184504380955,0.2478735392932533,0.11085323515797688
3.9805801574000004,0.2451983301769933,0.107135728067883
3.9830418643619048,0.24262258944976542,0.10355551462712956
3.9855035713238096,0.240143976408476,0.10011453583278752
3.9879652782857145,0.2377600413264385,0.09681466432553071
3.9904269852476193,0.23546823541527329,0.09365767844084157
3.992888692209524,0.2332659213241175,0.0906452312928588
3.9953503991714285,0.23115038408820768,0.08777881470513
3.9978121061333334,0.2291188424331938,0.085059718021605
4.000273813095238,0.22716846033755775,0.08248898212396576
4.002735520057143,0.2252963587532856,0.08006734934751061
4.005197227019048,0.22349962738449633,0.0777952104173916
4.007658933980952,0.22177533642501182,0.07567254999775803
4.010120640942858,0.22012054815876492,0.07369889292180203
4.012582347904762,0.21853232833134814,0.07187325360049782
4.015044054866666,0.21700775720672072,0.07019409143110207
4.017505761828572,0.21554394022992884,0.0686592751787965
4.019967468790476,0.21413801822440878,0.06726605922850103
4.022429175752381,0.21278717706083544,0.06601107426018551
4.024890882714286,0.21148865674328576,0.06489033428204681
4.02735258967619,0.21023975986751803,0.06389926109256196
4.029814296638095,0.20903785941519565,0.06303272620552935
4.0322760036,0.20788040585672665,0.06228510916536315
4.034737710561905,0.2067649335438918,0.06165037012428106
4.0371994175238095,0.20568906638145068,0.06112213366715294
4.039661124485714,0.20465052277434018,0.06069378024910728
4.042122831447619,0.2036471198538413,0.06035854131208826
4.044584538409524,0.20267677699212208,0.06010959417969246
4.047046245371429,0.20173751861985365,0.05994015316096144
4.049507952333333,0.2008274763661232,0.059843553855757944
4.051969659295238,0.19994489054366116,0.059813328360660376
4.054431366257143,0.19908811100547436,0.05984326983596292
4.056893073219047,0.19825559740139306,0.05992748563282392
4.059354780180953,0.1974459188648367,0.06006043883530194
4.061816487142857,0.1966577531613489,0.06023697860777901
4.064278194104761,0.19588988533121549,0.060452360138285505
4.066739901066667,0.19514120585881095,0.06070225523421092
4.069201608028571,0.19441070840130986,0.06098275477279275
4.071663314990476,0.193697487109088,0.06129036425563326
4.074125021952381,0.19300073356960806,0.06162199368789325
4.076586728914285,0.19231973340587824,0.06197494292165338
4.0790484358761905,0.191653862559748,0.06234688348937539
4.081510142838095,0.19100258328940922,0.06273583782384913
4.0839718498,0.1903654399095411,0.06314015662792571
4.086433556761905,0.18974205430161042,0.06355849502945037
4.088895263723809,0.18913212122094153,0.06398978803972658
4.091356970685714,0.18853540342632635,0.06443322573064998
4.093818677647619,0.1879517266571679,0.06488822845756427
4.096280384609524,0.1873809744824577,0.06535442238181689
4.098742091571429,0.18682308304527515,0.06583161548796007
4.101203798533334,0.1862780357259763,0.06631977424409079
4.103665505495238,0.18574585774680163,0.0668190010182231
4.106127212457143,0.18522661074026833,0.06732951233704874
4.108588919419048,0.18472038730342064,0.06785161805421767
4.111050626380953,0.18422730555976702,0.06838570148173652
4.113512333342857,0.18374750375052779,0.0689322005287749
4.115974040304762,0.1832811348766305,0.06949158988581437
4.118435747266667,0.18282836141270134,0.07006436428758177
4.1208974542285715,0.18238935011409368,0.07065102288468626
4.123359161190477,0.18196426693774198,0.07125205475061454
4.125820868152381,0.18155327209731953,0.07186792554719519
4.1282825751142855,0.18115651527278254,0.07249906536744402
4.130744282076191,0.18077413099389075,0.0731458577696238
4.133205989038095,0.18040623421668295,0.07380863001029779
4.135667696,0.1800529161111512,0.07448764447714834
4.138129402961904,0.17971424007747452,0.07518309131448882
4.140591109923809,0.1793902380071464,0.07589508222590904
4.143052816885714,0.17908090680415542,0.07662364542961217
4.145514523847619,0.17878620518004393,0.07736872173300434
4.147976230809523,0.1785060507351956,0.07813016168428022
4.150437937771428,0.17824031733708326,0.07890772375039773
4.152899644733333,0.1779888328044658,0.07970107346321739
4.1553613516952375,0.1777513769046652,0.08050978346892397
4.157823058657143,0.1775276796691034,0.08133333441033234
4.160284765619048,0.1773174200302621,0.0821711165674378
4.162746472580952,0.17712022478115413,0.08302243217867003
4.165208179542858,0.17693566785631165,0.08388649836377839
4.167669886504762,0.17676326993121008,0.08476245056907077
4.170131593466667,0.17660249833499897,0.0856493464567825
4.172593300428572,0.17645276726942338,0.08654617016254554
4.175055007390476,0.17631343832491908,0.08745183684812155
4.1775167143523815,0.17618382128307708,0.08836519748059603
4.179978421314286,0.1760631751930219,0.08928504377393444
4.182440128276191,0.1759507097077502,0.0902101132339994
4.184901835238096,0.17584558666515124,0.09113909425365925
4.1873635422,0.17574692189729185,0.0920706312103219
4.189825249161905,0.17565378725060188,0.09300332952396537
4.19228695612381,0.1755652127988555,0.09393576063938364
4.194748663085715,0.1754801892302993,0.09486646690182271
4.197210370047619,0.1753976703899417,0.09579396630036055
4.199672077009524,0.1753165759578744,0.09671675705822617
4.202133783971429,0.17523579424454414,0.09763332205371049
4.204595490933333,0.17515418508411615,0.0985421330593688
4.207057197895239,0.17507058280746043,0.09944165479083523
4.209518904857143,0.17498379927683277,0.10033034875976865
4.2119806118190475,0.17489262696499286,0.10120667692822868
4.214442318780953,0.1747958420622922,0.10206910516416547
4.216904025742857,0.17469220759615212,0.10291610649971586
4.2193657327047625,0.17458047654831754,0.10374616419566164
4.221827439666667,0.17445939495630375,0.10455777461675198
4.224289146628571,0.1743277049865258,0.10534944992365626
4.2267508535904765,0.17418414796770612,0.1061197205881228
4.229212560552381,0.17402746737426886,0.10686713773851048
4.231674267514286,0.17385641175055025,0.10759027534325669
4.234135974476191,0.17366973756775453,0.10828773224008277
4.236597681438095,0.17346621200666626,0.10895813401883497
4.2390593884,0.173244615660177,0.10960013476584482
4.241521095361905,0.17300374515068945,0.11021241867758581
4.24398280232381,0.17274241565842108,0.11079370155122101
4.246444509285714,0.1724594633575371,0.11134273215940219
4.248906216247619,0.17215374775789313,0.1118582935163979
4.251367923209524,0.1718241539509622,0.11233920404232002
4.2538296301714285,0.17146959475925727,0.11278431863188944
4.256291337133334,0.1710890127892374,0.11319252963383997
4.258753044095238,0.1706813823883045,0.1135627677467184
4.2612147510571425,0.17024571150706577,0.11389400283649642
4.263676458019048,0.16978104346854236,0.11418524468107732
4.266138164980952,0.1692864586464741,0.1144355436464606
4.2685998719428575,0.1687610760552766,0.11464399129901702
4.271061578904762,0.16820405485458678,0.11480972095804047
4.273523285866666,0.16761459577166113,0.1149319081924678
4.275984992828572,0.16699194244519303,0.11500977126540864
4.278446699790476,0.16633538269438447,0.11504257152989426
4.280908406752381,0.16564424971735203,0.11502961377904707
4.283370113714286,0.16491792322317073,0.11497024655368392
4.28583182067619,0.16415583050206708,0.1148638624102012
4.288293527638095,0.16335744743847005,0.11470989815144927
4.2907552346,0.16252229947181754,0.11450783502318176
4.293216941561905,0.16164996251020497,0.11425719887857262
4.295678648523809,0.16074006380215222,0.11395756031321878
4.298140355485714,0.15979228277196306,0.11360853477300194
4.300602062447619,0.15880635182436137,0.11320978263715849
4.3030637694095235,0.15778205712431304,0.11276100927891368
4.305525476371429,0.15671923935819052,0.11226196510606731
4.307987183333333,0.15561779448271082,0.1117124455839845
4.310448890295238,0.15447767446838084,0.11111229124353862
4.312910597257143,0.15329888804452513,0.11046138767668921
4.315372304219047,0.15208150145335278,0.10975966552254836
4.317834011180953,0.1508256392209509,0.10900710044700979
4.320295718142857,0.14953148495357088,0.10820371311928209
4.322757425104761,0.14819928216811692,0.10734956918899871
4.325219132066667,0.14682933516635152,0.10644477926797133
4.327680839028571,0.14542200996300958,0.10548949892113098
4.330142545990476,0.14397773527876712,0.1044839286717681
4.332604252952381,0.14249700360985526,0.10342831402686148
4.335065959914285,0.14098037238703706,0.10232294552909262
4.33752766687619,0.139428465237701,0.10116815884310545
4.339989373838095,0.13784197336595572,0.09996433488471672
4.3424510808,0.1362216570668596,0.09871190000315525
4.3449127877619045,0.13456834739227325,0.09741132622804588
4.347374494723809,0.1328829479873016,0.09606313159482374
4.349836201685714,0.13116643711787576,0.09466788056462958
4.352297908647619,0.12941986991172394,0.09322618455759288
4.354759615609524,0.12764438083677507,0.09173870262186755
4.357221322571428,0.12584118644290695,0.09020614226498168
4.359683029533333,0.12401158839487347,0.0886292604791856
4.362144736495238,0.12215697682616235,0.08700886499874767
4.364606443457142,0.12027883404539612,0.08534581583484947
4.367068150419048,0.11837873862859637,0.08364102714323962
4.369529857380952,0.1164583699320665,0.08189546949158938
4.371991564342856,0.11451951306164775,0.08011017260817073
4.374453271304762,0.11256406433444821,0.07828622871184263
4.376914978266666,0.11059403726855298,0.07642479654642263
4.379376685228571,0.10861156913431924,0.07452710627170578
4.381838392190476,0.10661892809717287,0.07259446540046283
4.38430009915238,0.10461852097573852,0.07062826601809319
4.3867618061142855,0.10261290162988977,0.06862999358239517
4.38922351307619,0.10060477997994352,0.06660123767939655
4.391685220038095,0.09859703163956374,0.06454370521307161
4.3941469269999995,0.09659270811955907,0.062459236639774755
4.396608633961904,0.09459504752595715,0.06034982603278816
4.399070340923809,0.09260748563153409,0.05821764599271891
4.401532047885714,0.09063366714314729,0.05606507872488871
4.403993754847619,0.0886774569153387,0.05389475501157317
4.406455461809523,0.0867429507712934,0.05170960335044502
4.408917168771428,0.08483448548310774,0.04951291225839665
4.411378875733334,0.08295664733280071,0.04730840971463476
4.413840582695238,0.08111427852316104,0.04510036501826553
4.4163022896571436,0.07931248053495309,0.042893720058966765
4.418763996619048,0.07755661333894981,0.040694259244876615
4.421225703580952,0.07585228917696256,0.03850883016977181
4.423687410542858,0.07420535944079133,0.036345630485438936
4.426149117504762,0.07262189302470366,0.03421458001301362
4.428610824466667,0.07110814443724046,0.032127799778043344
4.431072531428572,0.06967050997227307,0.030100218700623307
4.433534238390477,0.06831547040489475,0.02815031828461685
4.435995945352381,0.0670495190453078,0.026300994397999548
4.438457652314286,0.0658790745985497,0.02458044340030287
4.440919359276191,0.06481037916782759,0.02302284039384982
4.4433810662380955,0.06384938290053807,0.021668352102640686
4.445842773200001,0.06300161815731531,0.02056175997567577
4.448304480161905,0.06227206757493152,0.019748865992400045
4.45076618712381,0.061665031821499565,0.019270328285884458
4.453227894085715,0.061184003987376535,0.01915395161638707
4.455689601047619,0.06083155818217564,0.019408200176758855
4.4581513080095245,0.060609259815129275,0.02002012273771676
4.460613014971429,0.06051760410832851,0.020958833039636235
4.463074721933333,0.060555987648688706,0.022182623684592742
4.465536428895239,0.060722715394681166,0.02364641603998885
4.467998135857143,0.061015042819143064,0.02530722397599862
4.470459842819048,0.06142925016544371,0.027127071204563164
4.472921549780953,0.06196074349159491,0.029073922077005022
4.475383256742857,0.06260417556303069,0.031121451849359348
4.477844963704762,0.0633535788802928,0.033248303696459716
4.480306670666667,0.06420250319067587,0.035437216511920694
4.482768377628572,0.06514415060052245,0.03767420820035422
4.4852300845904765,0.06617150266227621,0.03994788233455493
4.487691791552381,0.06727743531591271,0.042248868298230796
4.490153498514286,0.06845481909769921,0.044569381114295356
4.4926152054761905,0.06969660342236975,0.04690288007775132
4.495076912438096,0.07099588489370093,0.04924380559440885
4.4975386194,0.07234596045932006,0.051587376561854
4.500000326361905,0.07374036680167252,0.053929434097969485
4.50246203332381,0.07517290768251164,0.05626632058754003
4.504923740285714,0.07663767108260686,0.05859478562798771
4.50738544724762,0.07812903795483976,0.0609119125041688
4.509847154209524,0.07964168428661174,0.06321506038853725
4.512308861171428,0.08117057798750825,0.06550181864392501
4.514770568133334,0.08271097191190065,0.06776997049060174
4.517232275095238,0.08425839411596991,0.07001746396012531
4.519693982057143,0.08580863624907084,0.07224238855258558
4.522155689019048,0.087357740798868,0.07444295638416343
4.524617395980952,0.08890198775226489,0.07661748689050299
4.527079102942857,0.09043788110072329,0.07876439436188763
4.529540809904762,0.09196213550813945,0.08088217774605848
4.532002516866667,0.09347166336990341,0.08296941227653869
4.5344642238285715,0.09496356242050343,0.08502474257799017
4.536925930790476,0.09643510399132416,0.08704687697241881
4.539387637752381,0.09788372197749538,0.08903458276614577
4.541849344714286,0.09930700254040473,0.09098668234124048
4.544311051676191,0.10070267454870373,0.09290204990945511
4.546772758638095,0.10206860074355244,0.09477960881378879
4.5492344656,0.10340276960198064,0.09661832928428239
4.551696172561905,0.10470328786439947,0.098417226571755
4.554157879523809,0.10596837368750125,0.10017535939689165
4.556619586485715,0.10719635038126551,0.10189182866311254
4.559081293447619,0.10838564068794553,0.10356577639056169
4.561543000409523,0.10953476156126174,0.10519638483578424
4.564004707371429,0.1106423194052197,0.1067828757675583
4.566466414333333,0.11170700573372286,0.10832450987417754
4.568928121295238,0.1127275932142544,0.10982058628145105
4.571389828257143,0.1137029320612041,0.11127044216396725
4.573851535219047,0.11463194674680564,0.11267345243488706
4.5763132421809525,0.11551363300004093,0.11402902950179451
4.578774949142857,0.11634705506620796,0.11533662307802285
4.581236656104762,0.11713134320209774,0.1165957200404618
4.583698363066667,0.11786569138386101,0.11780584432618546
4.586160070028571,0.11854935520664936,0.11896655686136864
4.588621776990476,0.11918164995698542,0.1200774555169182
4.591083483952381,0.11976194884054893,0.12113817508606066
4.593545190914286,0.1202896813496626,0.12214838727982505
4.59600689787619,0.12076433175622855,0.12310780073695803
4.598468604838095,0.12118543771721062,0.12401616104532541
4.6009303118,0.12155258898098582,0.12487325077230076
4.603392018761904,0.12186542618400835,0.12567888950202996
4.60585372572381,0.12212363972824977,0.1264329338778004
4.608315432685714,0.1223269687308095,0.12713527764804194
4.6107771396476185,0.12247520003793438,0.12778585171474813
4.613238846609524,0.12256816729645538,0.12838462418334126
4.615700553571428,0.12260575007635195,0.12893160041321033
4.6181622605333335,0.12258787303879125,0.12942682306833855
4.620623967495238,0.1225145051445718,0.1298703721676037
4.623085674457142,0.12238565889843606,0.1302623651344867
4.6255473814190475,0.12220138962519897,0.13060295684606188
4.628009088380952,0.12196179477409237,0.1308923396812687
4.630470795342857,0.12166701324813292,0.13113074356858026
4.632932502304762,0.12131722475570451,0.13131843603329216
4.635394209266666,0.12091264918190077,0.1314557222447526
4.637855916228571,0.12045354597750213,0.13154294506394884
4.640317623190476,0.11994021356377622,0.13158048509194759
4.642779330152381,0.11937298875158277,0.13156876071976822
4.645241037114285,0.11875224617354886,0.13150822818033925
4.64770274407619,0.11807839772835256,0.13139938160325612
4.650164451038095,0.11735189203641823,0.13124275307311814
4.6526261579999995,0.11657321390659296,0.13103891269227783
4.655087864961905,0.1157428838136364,0.13078846864888177
4.657549571923809,0.11486145738662339,0.13049206729112106
4.6600112788857135,0.11392952490863874,0.13015039320864105
4.662472985847619,0.1129477108284296,0.1297641693220776
4.664934692809524,0.11191667328498808,0.12933415698169706
4.667396399771429,0.11083710364636637,0.12886115607611048
4.669858106733334,0.10970972606438363,0.1283460051520112
4.672319813695238,0.10853529704727842,0.1277895815458441
4.6747815206571435,0.10731460505279744,0.12719280152825302
4.677243227619048,0.10604847010470536,0.12655662046206523
4.679704934580953,0.1047377434362564,0.12588203297445377
4.6821666415428576,0.10338330716480724,0.1251700731437667
4.684628348504762,0.10198607400248305,0.12442181470131997
4.687090055466667,0.10054698700865826,0.12363837124821173
4.689551762428572,0.0990670193910032,0.122820896486924
4.692013469390477,0.0975471743630047,0.12197058446711996
4.694475176352381,0.09598848506723481,0.12108866984462335
4.696936883314286,0.09439201457525206,0.12017642815205584
4.699398590276191,0.09275885597693564,0.11923517607900781
4.701860297238095,0.09109013257433847,0.11826627175891435
4.704322004200001,0.08938699819788029,0.11727111505898054
4.706783711161905,0.08765063766599442,0.1162511478685426
4.7092454181238095,0.08588226741331692,0.11520785438014107
4.711707125085715,0.08408313631732567,0.11414276135630783
4.714168832047619,0.08225452675920583,0.11305743837360904
4.7166305390095244,0.08039775596189061,0.11195349803382502
4.719092245971429,0.07851417765703068,0.1108325961302718
4.721553952933333,0.07660518414349977,0.10969643175515562
4.7240156598952385,0.07467220881347932,0.108546747331496
4.726477366857143,0.07271672923886878,0.10738532855053691
4.728939073819048,0.07074027093162723,0.10621400419269175
4.731400780780953,0.06874441191781407,0.10503464580693468
4.733862487742857,0.06673078829805498,0.10384916722017287
4.736324194704762,0.06470110100886937,0.10265952384453692
4.738785901666667,0.06265712405230638,0.1014677117467488
4.741247608628572,0.06060071452900775,0.10027576643983363
4.743709315590476,0.0585338248965571,0.09908576135351353
4.746171022552381,0.05645851798658967,0.09789980593577693
4.748632729514286,0.05437698545825693,0.09672004333449646
4.7510944364761905,0.05229157055225211,0.09554864760476064
4.753556143438096,0.05020479625170597,0.09438782038500837
4.7560178504,0.04811940027053273,0.09323978698337852
4.7584795573619045,0.04603837869720899,0.09210679181521501
4.76094126432381,0.04396504064786594,0.09099109313374887
4.763402971285714,0.04190307695558152,0.08989495699898843
4.7658646782476195,0.039856646770665596,0.08882065043518507
4.768326385209524,0.03783048698613763,0.08777043373530537
4.770788092171428,0.035830050615707806,0.08674655188210267
4.773249799133334,0.03386168153792637,0.0857512250699663
4.775711506095238,0.03193283410101235,0.08478663832995804
4.778173213057143,0.030052346321005764,0.08385493028241194
4.780634920019048,0.02823077348553166,0.0829581810670756
4.783096626980952,0.026480782383046447,0.08209839952967703
4.785558333942857,0.024817590692452252,0.08127750977540409
4.788020040904762,0.02325940437342847,0.0804973372331691
4.790481747866667,0.02182774947828277,0.07975959440847451
4.792943454828571,0.020547508098892293,0.07906586653566257
4.795405161790476,0.019446363070764586,0.07841759737054482
4.797866868752381,0.01855328845348191,0.07781607538990873
4.8003285757142855,0.017895814795026548,0.0772624206831858
4.802790282676191,0.017496195930041467,0.0767575728317326
4.805251989638095,0.01736729843202923,0.07630228007108342
4.8077136966,0.017509639621703998,0.07589709001999301
4.810175403561905,0.017910884059838754,0.07554234223650778
4.812637110523809,0.018548074780754258,0.07523816282583284
4.8150988174857146,0.019391616883161884,0.07498446127833687
4.817560524447619,0.02040949079870743,0.07478092966039455
4.820022231409523,0.02157055190189889,0.07462704421835206
4.822483938371429,0.02284652338839749,0.07452206938970947
4.824945645333333,0.024212849662417386,0.07446506414897411
4.827407352295238,0.025648787831734254,0.07445489055193778
4.829869059257143,0.027137090083287966,0.07449022428456464
4.832330766219047,0.028663521530171435,0.07456956697397098
4.834792473180952,0.03021635378988272,0.07469125998122302
4.837254180142857,0.031785901682637896,0.07485349937015706
4.839715887104762,0.033364127703014286,0.07505435173360331
4.8421775940666665,0.03494431702837469,0.07529177055791864
4.844639301028571,0.036520816215489055,0.0755636128175497
4.847101007990476,0.038088825591872134,0.07586765551185036
4.849562714952381,0.03964423526364705,0.07620161188458276
4.852024421914286,0.04118349582030726,0.0765631471002762
4.85448612887619,0.04270351632570165,0.07694989318872697
4.856947835838095,0.044201583646101654,0.07735946310735649
4.8594095428,0.045675298431023546,0.07778946380912262
4.861871249761904,0.04712252409753057,0.07823750823972561
4.86433295672381,0.04854134599012326,0.0787012262208594
4.866794663685714,0.0499300385288539,0.07917827420545881
4.869256370647618,0.05128703865297787,0.07966634391585786
4.871718077609524,0.052610924247640585,0.08016316989634364
4.874179784571428,0.053900396532797115,0.08066653602784601
4.876641491533333,0.05515426561746496,0.08117428106470018
4.879103198495238,0.056371438594589866,0.08168430326193038
4.881564905457142,0.05755090968458577,0.08219456416677784
4.8840266124190475,0.05869175203836916,0.08270309165072073
4.886488319380952,0.05979311089054439,0.08320798225848887
4.888950026342857,0.06085419781568899,0.08370740294902372
4.8914117333047615,0.061874285889507476,0.08419959230040473
4.893873440266666,0.06285270559505622,0.08468286124682516
4.896335147228571,0.06378884134463401,0.08515559341108367
4.898796854190476,0.06468212851208249,0.08561624509103248
4.901258561152381,0.06553205088951077,0.08606334495321086
4.903720268114285,0.06633813849790557,0.0864954934816644
4.90618197507619,0.06709996569352666,0.08691136222484666
4.908643682038095,0.06781714952204376,0.08730969287861205
4.911105388999999,0.06848934828053865,0.087689296238707
4.913567095961905,0.0691162602541535,0.08804905105189602
4.91602880292381,0.06969762259961935,0.08838790279094016
4.918490509885714,0.07023321035237724,0.08870486237508975
4.92095221684762,0.07072283553770344,0.08899900485455371
4.923413923809524,0.07116634636930794,0.0892694680745576
4.925875630771429,0.07156362652142492,0.08951545133207801
4.928337337733334,0.07191459446253178,0.0897362140361274
4.930799044695238,0.07221920284061552,0.0899310743805302
4.933260751657143,0.07247743791139592,0.0900994080364599
4.935722458619048,0.072689319002176,0.09024064687056742
4.938184165580953,0.07285489800505586,0.09035427769330545
4.9406458725428575,0.07297425889415209,0.09043984104101085
4.943107579504762,0.07304751726223642,0.09049692999443631
4.945569286466667,0.07307481987286818,0.09052518903569264
4.9480309934285716,0.07305634422466406,0.09052431294496574
4.950492700390477,0.07299229812483848,0.09049404573788447
4.952954407352381,0.07288291926957229,0.09043417964402484
4.955416114314286,0.07272847482914184,0.09034455412673174
4.957877821276191,0.07252926103606276,0.09022505494420416
4.960339528238095,0.07228560277479139,0.0900756132516174
4.962801235200001,0.07199785317178672,0.08989620474394053
4.965262942161905,0.07166639318496174,0.08968684883902887
4.967724649123809,0.0712916311917656,0.08944760790053857
4.970186356085715,0.07087400257533295,0.08917858650020609
4.972648063047619,0.0704139693083139,0.08887993071905666
4.975109770009524,0.06991201953417453,0.08855182748715268
4.977571476971429,0.06936866714592217,0.08819450396155379
4.980033183933333,0.06878445136237589,0.08780822694223793
4.9824948908952384,0.06815993630226982,0.08739330232582052
4.984956597857143,0.0674957105566496,0.08695007459700341
4.987418304819048,0.06679238676020327,0.08647892635778616
4.9898800117809525,0.06605060116236698,0.08598027789457453
4.992341718742857,0.06527101319925872,0.08545458678342219
4.994803425704762,0.06445430506773751,0.08490234753373983
4.997265132666667,0.06360118130315771,0.08432409127089742
4.999726839628572,0.06271236836270588,0.08372038545822574
5.002188546590476,0.061788614216574805,0.08309183365899019
5.004650253552381,0.060830687949665084,0.08243907533895968
5.007111960514286,0.05983937937702033,0.08176278571021661
5.00957366747619,0.0588154986768229,0.08106367561685164
5.012035374438096,0.057759876045527486,0.08034249146314534
5.0144970814,0.056673361380621616,0.07960001518475546
5.0169587883619045,0.055556823997623336,0.07883706426328925
5.01942049532381,0.05441115238930712,0.07805449178443924
5.021882202285714,0.05323725403686394,0.07725318653958005
5.024343909247619,0.05203605528484511,0.07643407317035159
5.026805616209524,0.05080850129443518,0.07559811235527368
5.029267323171428,0.04955555609300772,0.07474630103682413
5.0317290301333335,0.0482782027422655,0.07387967268665149
5.034190737095238,0.046977443652837535,0.07299929760565135
5.036652444057143,0.04565430108040578,0.07210628325448686
5.039114151019048,0.0443098178478059,0.07120177460874721
5.041575857980952,0.04294505834983673,0.07028695453127456
5.044037564942857,0.04156110991377045,0.06936304415221167
5.046499271904762,0.04015908461024274,0.0684313032449895
5.048960978866667,0.03874012163840243,0.0674930305837425
5.051422685828571,0.037305390448898634,0.06654956426446293
5.053884392790476,0.035856094822816494,0.06560228196854881
5.056346099752381,0.03439347820040765,0.06465260114321884
5.058807806714285,0.03291883065987899,0.06370197906854094
5.061269513676191,0.03143349809790414,0.06275191277552711
5.063731220638095,0.029938894381797032,0.061803938773898844
5.0661929275999995,0.0284365175624571,0.06085963254175445
5.068654634561905,0.02692797171098536,0.05992060772254519
5.071116341523809,0.02541499665656918,0.05898851496762034
5.0735780484857145,0.02389950899985733,0.05806504035531206
5.076039755447619,0.022383659489250866,0.057151903310372655
5.078501462409523,0.02086991457487926,0.05625085394090464
5.080963169371429,0.019361174381873587,0.055363669704208314
5.083424876333333,0.017860946670670123,0.05449215130879672
5.085886583295238,0.016373608700280005,0.05363811775790228
5.088348290257143,0.014904810039261624,0.05280340044095302
5.090809997219047,0.013462105792597778,0.05198983618465517
5.093271704180952,0.012055971894870702,0.05119925918547646
5.095733411142857,0.010701455003745534,0.050433491761477926
5.098195118104762,0.00942084721595321,0.0496943338845083
5.100656825066666,0.008247848941713432,0.04898355148447225
5.103118532028571,0.007233185530540161,0.04830286355610242
5.105580238990476,0.006448976850841695,0.04765392814529551
5.1080419459523805,0.00598217674831534,0.047038327345859166
5.110503652914286,0.005903087060074027,0.04645755149689902
5.11296535987619,0.006220388803373127,0.04591298283360415
5.115427066838095,0.006873060442664244,0.045405878906495306
5.1178887738,0.007770729251057574,0.04493735614209098
5.120350480761904,0.00883281055489091,0.04450837396662783
5.1228121877238095,0.010001030445073028,0.044119719948915975
5.125273894685714,0.011236494063303556,0.04377199643384697
5.127735601647618,0.012513654110602814,0.043465609130573256
5.130197308609524,0.013815490536468104,0.04320075808643576
5.132659015571428,0.015130348766875962,0.04297743141876508
5.135120722533333,0.01644998420322001,0.0427954020934178
5.137582429495238,0.017768364118931963,0.04265422793537341
5.140044136457142,0.019080925676216557,0.04255325493904796
5.142505843419047,0.0203841076250596,0.042491623821888716
5.144967550380952,0.02167504821927299,0.04246827964279359
5.147429257342857,0.0229513859849604,0.04248198419533015
5.1498909643047615,0.02421112548480833,0.04253133079196684
5.152352671266666,0.025452545042532103,0.04261476098516399
5.154814378228571,0.026674132123875958,0.04273058272752191
5.1572760851904755,0.027874537308624228,0.042876989457109056
5.159737792152381,0.029052540992017553,0.04305207960414971
5.162199499114285,0.030207028952632737,0.04325387604805655
5.16466120607619,0.03133697419474899,0.04348034510462782
5.167122913038095,0.03244142329643438,0.04372941468665585
5.16958462,0.03351948603716329,0.0439989913516831
5.1720463269619055,0.034570327442313566,0.044286976023085976
5.17450803392381,0.03559316162925584,0.04459127824073639
5.176969740885714,0.036587247010521275,0.044909828861854774
5.1794314478476196,0.03755188252903872,0.04524059118904551
5.181893154809524,0.03848640468513591,0.045581570549618845
5.184354861771429,0.039390185175752275,0.04593082238773077
5.186816568733334,0.04026262901038122,0.0462864589588833
5.189278275695238,0.04110317300056451,0.04664665473567555
5.191739982657143,0.041911284543678616,0.04700965064544976
5.194201689619048,0.042686460639627076,0.04737375726585676
5.196663396580953,0.043428227092529456,0.04773735710462401
5.199125103542857,0.044136137859741915,0.04809890608614508
5.201586810504762,0.044809774518398106,0.04845693436100053
5.204048517466667,0.04544874582571755,0.0488100465460997
5.2065102244285715,0.046052687354046454,0.04915692149357967
5.208971931390477,0.04662126118528314,0.04949631167652355
5.211433638352381,0.047154155652250965,0.04982704226944631
5.213895345314286,0.04765108511688612,0.050148009991683326
5.216357052276191,0.04811178977694755,0.050458181772552804
5.218818759238095,0.04853603549443221,0.05075659328859357
5.2212804662000005,0.04892361364006815,0.05104234741539766
5.223742173161905,0.049274340949224234,0.05131461262958767
5.226203880123809,0.04958805938536136,0.051572621390332654
5.228665587085715,0.04986463600779435,0.05181566852441619
5.231127294047619,0.050103962841065226,0.05204310963422148
5.233589001009524,0.05030595674366611,0.052254359544014174
5.236050707971429,0.050470559274216044,0.052448890796526836
5.238512414933333,0.05059773655349891,0.05262623220900455
5.240974121895238,0.05068747912102645,0.052785967495502475
5.243435828857143,0.05073980178500409,0.05292773396026402
5.245897535819048,0.05075474346476013,0.0530512212654021
5.2483592427809524,0.05073236702485321,0.053156170274798346
5.250820949742857,0.05067275910020443,0.0532423719750811
5.253282656704762,0.05057602991171476,0.05330966647370137
5.2557443636666665,0.05044231307192451,0.053357942073456156
5.258206070628572,0.05027176538035719,0.05338713442227992
5.260667777590476,0.05006456660826216,0.05339722573670782
5.263129484552381,0.04982091927253531,0.053388244097080546
5.265591191514286,0.049541048398652296,0.053360262812290886
5.26805289847619,0.049225201272498464,0.05331339985164245
5.270514605438096,0.04887364718102361,0.05324781734118442
5.2729763124,0.048486677141687064,0.053163721121686276
5.275438019361904,0.048064603620694986,0.05306136036520589
5.27789972632381,0.04760776024006083,0.05294102724696962
5.280361433285714,0.047116501473549316,0.05280305666901038
5.282823140247619,0.04659120233158787,0.05264782603168262
5.285284847209524,0.04603225803525349,0.05247575504878128
5.287746554171428,0.04544008367946295,0.052287305601520825
5.290208261133333,0.04481511388551338,0.05208298162606285
5.292669968095238,0.04415780244313764,0.05186332902860933
5.295131675057143,0.043468621942254815,0.051628935621283935
5.2975933820190475,0.042748063394610555,0.051380431071094204
5.300055088980952,0.04199663584551652,0.05111848685319131
5.302516795942857,0.0412148659759099,0.050843816198406354
5.304978502904762,0.04040329769496583,0.050557174023632676
5.307440209866667,0.039562491723508016,0.05025935683203843
5.309901916828571,0.03869302516847136,0.04995120256831784
5.312363623790476,0.03779549108868179,0.04963359041223472
5.314825330752381,0.03687049805222722,0.04930744049157445
5.317287037714285,0.03591866968570346,0.04897371349332056
5.319748744676191,0.0349406442156268,0.04863341014942931
5.322210451638095,0.033937074002315125,0.04828757057103568
5.3246721586,0.032908625066547806,0.04793727340232957
5.327133865561905,0.031855976609325,0.0475836347627747
5.329595572523809,0.03077982052505676,0.047227806943891414
5.332057279485714,0.02968086090852569,0.046870976824609896
5.334518986447619,0.028559813555980484,0.046514363967365094
5.336980693409524,0.027417405460737187,0.046159218355823324
5.3394424003714285,0.026254374303689404,0.04580681773460013
5.341904107333333,0.02507146793916176,0.04545846451177529
5.344365814295238,0.023869443876591647,0.04511548218668033
5.346827521257143,0.022649068758595674,0.04477921126857719
5.349289228219048,0.021411117836089243,0.04445100465672739
5.351750935180952,0.020156374441306288,0.044132222459197075
5.354212642142857,0.018885629459854857,0.04382422623676228
5.356674349104762,0.01759968080343773,0.04352837266959945
5.359136056066666,0.016299332885725486,0.04324600665811192
5.361597763028572,0.014985396105440533,0.04297845388517202
5.364059469990476,0.013658686343703085,0.0427270128850186
5.36652117695238,0.012320024488704846,0.04249294668362868
5.368982883914286,0.01097023601363778,0.04227747409598313
5.37144459087619,0.009610150663415558,0.04208176078647548
5.373906297838095,0.00824060238043875,0.04190691021879725
5.3763680048,0.006862429811345829,0.041753954639867946
5.378829711761904,0.005476478435769577,0.04162384625756091
5.3812914187238094,0.004083608219915249,0.04151744878292019
5.383753125685714,0.002684727049038809,0.04143552951315455
5.386214832647619,0.0012810482961983626,0.0413787521310326
5.3886765396095235,0.0001419597389552312,0.04134767038877287
5.391138246571428,0.0015427139009606488,0.041342722829902694
5.393599953533333,0.0029573902686895475,0.0413642286810766
5.396061660495238,0.004374351833000012,0.04141238501818638
5.398523367457143,0.005792510089667209,0.04148726527840919
5.400985074419047,0.0072109801366509844,0.041588819153645304
5.403446781380952,0.008628916425496704,0.041716873862887194
5.405908488342857,0.01004548790179452,0.04187113676336624
5.408370195304761,0.011459871962290417,0.04205119922474179
5.410831902266667,0.012871252738455262,0.04225654165886564
5.413293609228571,0.01427882070212513,0.04248653957119947
5.4157553161904755,0.015681772755445706,0.042740470479809695
5.418217023152381,0.017079312521409713,0.04301752153458782
5.420678730114286,0.01847065072445401,0.04331679766305163
5.423140437076191,0.019855005613166152,0.04363733006945707
5.425602144038096,0.02123160340241254,0.043978084920311154
5.428063851,0.02259967872333869,0.044337972060778094
5.430525557961905,0.023958475074967574,0.04471585362180213
5.43298726492381,0.02530724527377546,0.045110552395851544
5.435448971885715,0.02664525189903214,0.04552085987887074
5.4379106788476195,0.027971767732469,0.04594554389625081
5.440372385809524,0.029286076191289905,0.046383355750488894
5.442834092771429,0.030587471753806935,0.0468330368469704
5.4452957997333336,0.0318752603771511,0.04729332477143214
5.447757506695239,0.03314875990661395,0.0477629588077895
5.450219213657143,0.03440730047624858,0.04824068489794001
5.452680920619048,0.03565022490040616,0.048725260055833094
5.455142627580953,0.03687688905592051,0.04921545625657865
5.457604334542857,0.038086662254679535,0.049710063827796774
5.460066041504763,0.0392789276063418,0.050207894374979044
5.462527748466667,0.04045308237097533,0.05070778327557603
5.464989455428571,0.041608538301407726,0.05120859177808016
5.467451162390477,0.04274472197509146,0.05170920874278749
5.469912869352381,0.043861075115297424,0.05220855206041979
5.472374576314286,0.04495705490146213,0.05270556978358378
5.474836283276191,0.04603213426852301,0.05319924100431903
5.477297990238095,0.04708580219508617,0.053688576508902304
5.4797596972000004,0.04811756398028083,0.054172619238767615
5.482221404161905,0.049126941509162955,0.05465044458397468
5.48468311112381,0.0501134735065408,0.055121160533204386
5.4871448180857145,0.05107671577910409,0.05558390770184165
5.489606525047619,0.0520162414457466,0.056037859257375255
5.492068232009524,0.05293164115598269,0.05648222075913491
5.494529938971429,0.053822523296365894,0.05691622992732086
5.496991645933334,0.05468851418482842,0.05733915635437664
5.499453352895238,0.05552925825286756,0.057750301170011606
5.501915059857143,0.0563444182155164,0.05814899666960434
5.504376766819048,0.057133675229044056,0.058534605914300424
5.506838473780952,0.05789672903634034,0.0589065223098542
5.509300180742858,0.058633298099949,0.059264169170145854
5.511761887704762,0.059343119722723395,0.05960699927031895
5.5142235946666665,0.06002595015608763,0.05993449439362305
5.516685301628572,0.060681564695894856,0.06024616487529369
5.519147008590476,0.06130975776588586,0.06054154914615582
5.521608715552381,0.06191034298875796,0.060820213278075616
5.524070422514286,0.06248315324486578,0.06108175053291001
5.52653212947619,0.06302804071858405,0.06132578091619543
5.5289938364380955,0.06354487693237239,0.06155195073647417
5.5314555434,0.06403355276859093,0.06175993217086879
5.533917250361905,0.06449397847912679,0.06194942283727375
5.53637895732381,0.06492608368289839,0.06212014537333511
5.538840664285714,0.06532981735131711,0.06227184702222715
5.541302371247619,0.06570514778179289,0.06240429922510234
5.543764078209524,0.06605206255938109,0.0625172972199871
5.546225785171429,0.0663705685066778,0.06261065964681353
5.548687492133333,0.06666069162207847,0.06268422815821448
5.551149199095238,0.06692247700652731,0.062737867035664
5.553610906057143,0.06715598877889084,0.06277146281051153
5.556072613019047,0.06736130998010122,0.0627849238894388
5.558534319980953,0.06753854246622293,0.06277818018385649
5.560996026942857,0.06768780679060611,0.06275118274275468
5.5634577339047615,0.06780924207529956,0.06270390338852522
5.565919440866667,0.06790300587190448,0.06263633435528164
5.568381147828571,0.06796927401206093,0.06254848792921665
5.5708428547904765,0.06800824044776685,0.06244039609055296
5.573304561752381,0.06802011708173855,0.062312110156662104
5.575766268714285,0.06800513358803117,0.06216370042594741
5.5782279756761906,0.06796353722314619,0.06199525582210982
5.580689682638095,0.06789559262786116,0.06180688353843837
5.5831513896,0.06780158162002607,0.06159870868179158
5.585613096561905,0.0676818029785788,0.06137087391596043
5.588074803523809,0.06753657221904023,0.06112353910412809
5.590536510485714,0.06736622136075734,0.06085688095016642
5.592998217447619,0.06717109868617058,0.06057109263853198
5.595459924409524,0.06695156849238862,0.060266383472549846
5.597921631371428,0.06670801083536076,0.059942978510894786
5.600383338333333,0.06644082126694396,0.059601118202102774
5.602845045295238,0.06615041056516643,0.05924105801696686
5.6053067522571425,0.06583720445799654,0.05886306807869295
5.607768459219048,0.06550164334092923,0.058467432790710046
5.610230166180952,0.06514418198870643,0.05805445046204978
5.612691873142857,0.06476528926149132,0.05762443293022779
5.615153580104762,0.06436544780581764,0.05717770518157687
5.617615287066666,0.063945153750636,0.056714604968998814
5.6200769940285715,0.06350491639877917,0.056235482427117574
5.622538700990476,0.0630452579141646,0.05574069968483024
5.62500040795238,0.06256671300504969,0.055230630475268216
5.627462114914286,0.062069828603647924,0.05470565974319198
5.62992382187619,0.061555163542405186,0.05416618324985675
5.632385528838095,0.06102328822722428,0.05361260717539691
5.6348472358,0.060474784307910506,0.05304534771878829
5.637308942761904,0.05991024434609111,0.05246483069545637
5.639770649723809,0.05933027148084036,0.05187149113260916
5.642232356685714,0.05873547909221162,0.05126577286237965
5.644694063647619,0.05812649046284549,0.05064812811287235
5.6471557706095235,0.05750393843778123,0.05001901709721334
5.649617477571428,0.0568684650825526,0.049378907600711154
5.652079184533333,0.056220721339591016,0.04872827456623935
5.6545408914952375,0.0555613666828948,0.04806759967795724
5.657002598457143,0.05489106877084538,0.04739737094348926
5.659464305419047,0.05421050309696338,0.04671808227468554
5.661926012380952,0.053520352638293064,0.046030233067090066
5.664387719342857,0.052821307500988006,0.04533432777824391
5.666849426304761,0.0521140645625315,0.044630875504951754
5.669311133266667,0.051399327109873535,0.04392038955964153
5.671772840228571,0.050677804472586005,0.043203387045945896
5.674234547190476,0.0499502116499402,0.042480388433634456
5.6766962541523815,0.049217268930579726,0.041751917133023016
5.679157961114286,0.04847970150320904,0.041018499068986296
5.681619668076191,0.047738239056428086,0.04028066225469612
5.684081375038096,0.046993615365522476,0.039538936365206355
5.686543082,0.04624656786366116,0.03879385231100147
5.689004788961905,0.04549783719455708,0.038045941811623414
5.69146649592381,0.0447481667432102,0.03729573696948712
5.693928202885715,0.04399830214087672,0.036543769843993205
5.696389909847619,0.04324899073988957,0.03579057202604182
5.698851616809524,0.042500981053400166,0.035036674213050664
5.701313323771429,0.04175502215451857,0.034282605784578035
5.7037750307333335,0.04101186302870408,0.03352889437865062
5.706236737695239,0.040272251872614476,0.0327760654688996
5.708698444657143,0.039536935331960746,0.03202464194260928
5.7111601516190476,0.03880665767026153,0.03127514367979164
5.713621858580953,0.03808215985976001,0.030528087133409765
5.716083565542857,0.037364178585184545,0.029783984910889044
5.7185452725047625,0.03665344515053682,0.02904334535707703
5.721006979466667,0.035950684278713084,0.02830667213884254
5.723468686428571,0.03525661279355812,0.027574463831544917
5.725930393390477,0.0345719381739676,0.02684721350765517
5.728392100352381,0.033897356969963384,0.026125408327878425
5.730853807314286,0.03323355307133197,0.025409529135211918
5.733315514276191,0.03258119582052499,0.0247000500524798
5.735777221238095,0.031940937963146294,0.023997438084020894
5.7382389282,0.03131341343158456,0.023302152722372998
5.740700635161905,0.030699234960264436,0.022614645561003465
5.74316234212381,0.030098991534658892,0.021935359914390537
5.7456240490857144,0.029513245680677452,0.021264730447071143
5.748085756047619,0.028942530606346616,0.02060318281364785
5.750547463009524,0.028387347213815698,0.019951133312207263
5.7530091699714285,0.027848161006594783,0.019308988554153562
5.755470876933334,0.027325398924436604,0.018677145154121937
5.757932583895238,0.026819446146235014,0.01805598944442641
5.760394290857143,0.026330642909456074,0.01744589721943119
5.762855997819048,0.02585928140261775,0.016847233516336244
5.765317704780952,0.025405602794782458,0.016260352440153808
5.767779411742858,0.024969794472459807,0.015685597042146917
5.770241118704762,0.02455198755923562,0.015123299262710848
5.772702825666666,0.024152254796346757,0.014573779951622014
5.775164532628572,0.023770608862832138,0.0140373489807456
5.777626239590476,0.02340700121141464,0.013514305466670758
5.780087946552381,0.023061321490633665,0.013004938123282522
5.782549653514286,0.022733397614833298,0.012509525766899336
5.78501136047619,0.0224229965315139,0.01202833799917714
5.787473067438095,0.02212982572056266,0.011561636095290652
5.7899347744,0.021853535442523143,0.011109674126658914
5.792396481361905,0.021593721734045983,0.010672700348253128
5.7948581883238095,0.021349930128866514,0.010250958879728865
5.797319895285714,0.021121660063029974,0.009844691706490712
5.799781602247619,0.020908369904627303,0.00945414102031482
5.802243309209524,0.020709482531933325,0.009079551908082788
5.804705016171429,0.020524391370354198,0.008721175380027183
5.807166723133333,0.020352466788590328,0.008379271703980118
5.809628430095238,0.020193062748270287,0.00805411397773584
5.812090137057143,0.020045523599112255,0.0077459918262908255
5.814551844019047,0.01990919091328337,0.007455215053594259
5.817013550980953,0.019783410257672714,0.0071821170100794165
5.819475257942857,0.019667537810733188,0.006927057360516172
5.821936964904761,0.01956094674069693,0.006690423857968303
5.824398671866667,0.019463033273599575,0.0064726326598806335
5.826860378828571,0.019373222391920398,0.0062741266780809365
5.829322085790476,0.01929097311706397,0.006095371457602513
5.831783792752381,0.019215783340769635,0.005936848154716834
5.834245499714285,0.01914719418134479,0.005799043355611599
5.8367072066761905,0.01908479385000397,0.0056824357569767855
5.839168913638095,0.01902822102032796,0.005587480111184379
5.8416306206,0.01897716769980854,0.005514589284567903
5.8440923275619046,0.018931381606614846,0.00546411571652092
5.846554034523809,0.018890668057191144,0.005436333902618733
5.849015741485714,0.018854891371235066,0.005431425655428012
5.851477448447619,0.018823975800233653,0.005449469749307399
5.853939155409524,0.018797905984319893,0.005490437118093018
5.856400862371428,0.01877672694005529,0.005554192111550396
5.858862569333333,0.0187605435791681,0.005640499557845625
5.861324276295238,0.018749519755618147,0.005749036683145873
5.863785983257142,0.018743876835964447,0.005879408442939871
5.866247690219048,0.01874389178622311,0.006031164599225825
5.868709397180952,0.01874989476755584,0.00620381693441075
5.8711711041428565,0.01876226623353838,0.00639685526495475
5.873632811104762,0.018781433523706797,0.006609761311073487
5.876094518066666,0.018807866951796145,0.006842019898248255
5.8785562250285714,0.018842075392735386,0.007093127339244809
5.881017931990476,0.018884601380111395,0.007362597130672116
5.88347963895238,0.01893601573541626,0.007649963283914351
5.8859413459142855,0.018996911761767904,0.007954781705350479
5.88840305287619,0.019067899047605585,0.008276630064851428
5.890864759838095,0.019149596939623044,0.00861510656722145
5.8933264668,0.01924262775827093,0.008969827988963524
5.895788173761904,0.019347609842762827,0.009340427278403526
5.898249880723809,0.01946515052480041,0.009726550951726766
5.900711587685714,0.019595839140294294,0.010127856457442781
5.903173294647619,0.019740240195339737,0.01054400963045513
5.905635001609523,0.019898886805867096,0.01097468231527847
5.908096708571428,0.02007227452916454,0.011419550205642847
5.910558415533333,0.020260855699572877,0.011878290923664728
5.9130201224952375,0.020465034370082427,0.012350582344568293
5.915481829457143,0.020685161946660424,0.012836101161217238
5.917943536419047,0.020921533583552192,0.013334521675198484
5.9204052433809515,0.021174385386455333,0.013845514796805654
5.922866950342857,0.021443892447486727,0.014368747234125744
5.925328657304762,0.02173016771246624,0.01490388085084645
5.927790364266667,0.022033261658457884,0.015450572172858286
5.930252071228572,0.02235316273885833,0.016008472024826473
5.932713778190476,0.022689798535537844,0.01657722527938588
5.9351754851523815,0.023043037543306333,0.017156470703262323
5.937637192114286,0.02341269150169862,0.017745840886316373
5.940098899076191,0.023798518182862115,0.018344962241157493
5.9425606060380955,0.024200224542045838,0.018953455062526475
5.945022313,0.024617470138462334,0.019570933637071172
5.947484019961905,0.02504987073860658,0.02019700639542706
5.94994572692381,0.025497002020842506,0.020831276099656355
5.952407433885715,0.025958403308552144,0.021473340060108346
5.954869140847619,0.026433581268736343,0.022122790376638446
5.957330847809524,0.026922013523073707,0.02277921419988572
5.959792554771429,0.027423152128570202,0.023442194008960294
5.962254261733333,0.027936426894662487,0.02411130790245305
5.964715968695239,0.028461248512659878,0.02478612990015623
5.967177675657143,0.028997011481516007,0.025466230253288952
5.9696393826190475,0.029543096820989646,0.02615117576136407
5.972101089580953,0.030098874569236624,0.026840530094123106
5.974562796542857,0.03066370606678663,0.027533854117207615
5.977024503504762,0.031236946032754124,0.028230706220442082
5.979486210466667,0.031817944442099726,0.028930642647772994
5.981947917428571,0.032406048214902054,0.029633217828052793
5.9844096243904765,0.033000602730033246,0.0303379847059771
5.986871331352381,0.03360095317646811,0.031044495072582824
5.989333038314286,0.034206445755805524,0.03175229989479799
5.991794745276191,0.034816428749542085,0.03246094964360284
5.994256452238095,0.03543025346430095,0.03316999462041896
5.9967181592,0.03604727506766191,0.03387898528139024
5.999179866161905,0.0366668533265263,0.034587472559258904
6.00164157312381,0.03728835325913907,0.03529500818257215
6.004103280085714,0.03791114571102112,0.036001144991981295
6.006564987047619,0.03853460786417746,0.036705437253417954
6.009026694009524,0.039158123688060834,0.03740744096794961
6.0114884009714284,0.03978108433991307,0.038106714178132106
6.013950107933334,0.04040288852128666,0.03880281727068912
6.016411814895238,0.04102294279677814,0.03949531327535924
6.0188735218571425,0.04164066188028945,0.04018376815975964
6.021335228819048,0.04225546889347425,0.040867751120122774
6.023796935780952,0.04286679560042647,0.041546834867769236
6.0262586427428575,0.043474082622124564,0.04222059591118412
6.028720349704762,0.04407677963365747,0.04288861483357035
6.031182056666666,0.04467434554682186,0.043550476565755294
6.033643763628572,0.0452662486802933,0.04420577065433158
6.036105470590476,0.04585196691923187,0.04485409152491608
6.038567177552381,0.046430987865881616,0.04549503874041427
6.041028884514286,0.04700280898246046,0.04612821725418054
6.04349059147619,0.047566937727406784,0.04675323765796766
6.045952298438095,0.04812289168585018,0.04736971642456208
6.0484140054,0.04867019869500214,0.04797727614500414
6.050875712361905,0.04920839696501326,0.04857554576029593
6.053337419323809,0.049737035195718184,0.04916416078750209
6.055799126285714,0.05025567268958012,0.04974276354015219
6.058260833247619,0.05076387946105642,0.05031100334285682
6.0607225402095235,0.051261236342528944,0.050868536740052255
6.063184247171429,0.051747335086878496,0.05141502769879251
6.065645954133333,0.05222177846672923,0.05195014780551108
6.068107661095238,0.05268418037034486,0.052473576456677926
6.070569368057143,0.05313416589412249,0.05298500104328146
6.073031075019047,0.053571371431601435,0.05348411712906896
6.0754927819809526,0.05399544475888143,0.053970628622482746
6.077954488942857,0.05440604511632771,0.05444424794223368
6.080416195904761,0.05480284328642696,0.05490469617645774
6.082877902866667,0.05518552166764996,0.05535170323540556
6.085339609828571,0.05555377434416953,0.055785007997619186
6.087801316790476,0.05590730715128112,0.05620435844955519
6.090263023752381,0.05624583773637101,0.056609511818617377
6.092724730714285,0.056569095615279404,0.057000234699567096
6.09518643767619,0.05687682222390776,0.057376303174284236
6.097648144638095,0.057168770964924995,0.057737502924856306
6.1001098516,0.05744470724943082,0.058083629339978446
6.1025715585619045,0.05770440853344245,0.0584144876146517
6.105033265523809,0.057947664349076874,0.05872989284317231
6.107494972485714,0.058174276330308694,0.05902967010540978
6.1099566794476186,0.05838405823319104,0.059313654546376784
6.112418386409524,0.05857683595043687,0.05958169144909878
6.114880093371428,0.058752447520264546,0.059833636300797424
6.117341800333333,0.0589107431294221,0.06006935485240624
6.119803507295238,0.05905158511031257,0.060288723171443424
6.122265214257142,0.05917484793215194,0.060491627688271356
6.124726921219048,0.05928041818610058,0.06067796523577854
6.127188628180952,0.05936819456431737,0.060847643082525285
6.129650335142856,0.05943808783289521,0.06100057895939977
6.132112042104762,0.05949002079864513,0.06113670107983724
6.134573749066666,0.05952392826970509,0.0612559481536612
6.137035456028571,0.059539757009958005,0.06135826939461062
6.139497162990476,0.05953746568725202,0.06144362452162387
6.14195886995238,0.05951702481542475,0.06151198375395597
6.1444205769142854,0.05947841669014095,0.061563327800211703
6.14688228387619,0.059421635318561275,0.061597647841383725
6.149343990838095,0.05934668634286769,0.061614945507990695
6.1518056977999995,0.05925358695767903,0.061615232851417706
6.154267404761904,0.05914236582139724,0.061598532309566745
6.156729111723809,0.05901306296153287,0.061564876666932555
6.159190818685714,0.05886572967406529,0.06151430900922576
6.161652525647619,0.058700428416900215,0.06144688267267159
6.164114232609523,0.05851723269749437,0.06136266118812092
6.166575939571428,0.058316226954723514,0.06126171822011577
6.169037646533333,0.05809750643507751,0.06114413750106102
6.171499353495237,0.05786117706327174,0.061010012760659676
6.173961060457143,0.057607355307371745,0.06085944765077867
6.176422767419048,0.057336168038533024,0.0606925556659193
6.178884474380953,0.05704775238546601,0.06050946005947476
6.181346181342858,0.056742255583740756,0.060310293755966936
6.183807888304762,0.05641983482005279,0.060095199259462315
6.186269595266667,0.05608065707157859,0.059864328558377276
6.188731302228572,0.055724898940552985,0.05961784302689191
6.191193009190477,0.05535274648421012,0.05935591332320269
6.193654716152381,0.05496439504023229,0.059078719284853656
6.196116423114286,0.054560049047860514,0.05878644982139791
6.198578130076191,0.05413992186482433,0.0584793028046522
6.2010398370380955,0.05370423558025664,0.05815748495681979
6.203501544000001,0.053253220823765185,0.05782121173676948
6.205963250961905,0.05278711657083903,0.05747070722477216
6.2084249579238096,0.05230616994477636,0.05710620400601038
6.210886664885715,0.051810636015326345,0.056727943053191454
6.213348371847619,0.05130077759424686,0.0563361736086102
6.2158100788095245,0.050776865027987346,0.05593115306602451
6.218271785771429,0.05023917598771556,0.05551314685272387
6.220733492733333,0.049687995256917014,0.05508242831219019
6.223195199695239,0.04912361451680585,0.05463927858777014
6.225656906657143,0.04854633212979819,0.05418398650779799
6.228118613619048,0.047956452921311614,0.05371684847263189
6.230580320580953,0.04735428796016849,0.05323816834408773
6.233042027542857,0.046740154337897084,0.05274825733778138
6.235503734504762,0.046114374947242624,0.052247433918914794
6.237965441466667,0.045477278260219675,0.0517360237020698
6.240427148428572,0.04482919810606127,0.05121435935560158
6.242888855390476,0.04417047344944624,0.05068278051125515
6.245350562352381,0.04350144816941521,0.05014163367965885
6.247812269314286,0.042822470839421985,0.04959127217238293
6.2502739762761905,0.04213389450900547,0.04903205603128513
6.252735683238096,0.041436076487614354,0.04846435196590073
6.2551973902,0.0407293781311704,0.047888533299671215
6.257659097161905,0.04001416463201906,0.04730497992584259
6.26012080412381,0.03929080481299022,0.046714078273901144
6.262582511085714,0.03855967092637791,0.04611622128745206
6.26504421804762,0.037821138458750674,0.04551180841448116
6.267505925009524,0.03707558594262528,0.04490124561097478
6.269967631971428,0.036323394776180164,0.044284945358903254
6.272429338933334,0.03556494905235661,0.04366332669959942
6.274891045895238,0.03480063539890108,0.04303681528358512
6.277352752857143,0.034030842831148184,0.04240584343790927
6.279814459819048,0.03325596261964046,0.041770850252063035
6.282276166780952,0.0324763881750418,0.04113228168352424
6.284737873742857,0.03169251495323525,0.04049059068395202
6.287199580704762,0.030904740384030575,0.0398462373469987
6.289661287666667,0.030113463827557124,0.039199689078623375
6.2921229946285715,0.02931908656322028,0.03855142079067375
6.294584701590476,0.028522011817090864,0.03790191511834069
6.297046408552381,0.02772264483482818,0.03725166266187538
6.299508115514286,0.026921393008774525,0.036601162252678635
6.301969822476191,0.02611866606978774,0.035950921243512506
6.304431529438095,0.0253148763568133,0.035301455822132316
6.3068932364,0.024510439180286635,0.03465329134706968
6.309354943361905,0.023705773299402804,0.034006962703598015
6.311816650323809,0.022901301538361365,0.03336301467705278
6.314278357285715,0.02209745157325497,0.03272200233963572
6.316740064247619,0.02129465692981859,0.03208449144557319
6.319201771209523,0.020493358243473637,0.03145105882799213
6.321663478171429,0.01969400484794053,0.030822292789088046
6.324125185133333,0.0188970567784755,0.03019879347305232
6.326586892095238,0.01810298730239203,0.02958117320876505
6.329048599057143,0.017312286125619317,0.028970056806415168
6.331510306019047,0.016525463473473695,0.028366081788952564
6.3339720129809525,0.015743055312156744,0.027769898535596856
6.336433719942857,0.014965630072941983,0.027182170310524015
6.338895426904762,0.014193797375720673,0.02660357314535581
6.3413571338666666,0.013428219440741998,0.0260347955392484
6.343818840828571,0.012669626154493862,0.025476537935326737
6.346280547790476,0.011918835159595164,0.02492951192710834
6.348742254752381,0.011176778933457508,0.024394439143648184
6.351203961714286,0.01044454170479361,0.02387204975774748
6.35366566867619,0.009723410381310022,0.023363080558139543
6.356127375638095,0.009014945652352615,0.022868272524640635
6.3585890826,0.008321082413326363,0.02238836784549037
6.361050789561904,0.007644273061526623,0.021924106319264676
6.36351249652381,0.006987693454591888,0.021476221090651462
6.365974203485714,0.006355539337066918,0.02104543368088341
6.3684359104476185,0.0057534487139577475,0.020632448290505364
6.370897617409524,0.0051890843971949974,0.0202379453750265
6.373359324371428,0.0046728749552290925,0.019862574523159194
6.375821031333333,0.00421877900205572,0.01950694670259803
6.378282738295238,0.0038446002493527486,0.01917162597881948
6.380744445257142,0.0035708079148792995,0.018857120856588007
6.3832061522190475,0.003416530199949073,0.018563875439281403
6.385667859180952,0.003392871517689261,0.018292260644505787
6.388129566142857,0.0034973158499370504,0.018042565751784465
6.390591273104762,0.0037141347057848104,0.017814990585033084
6.393052980066666,0.004020563958904044,0.017609638644831897
6.395514687028571,0.004393605138132771,0.017426511499606286
6.397976393990476,0.004813836505142682,0.01726550471845235
6.400438100952381,0.005266318678803727,0.017126405581057966
6.402899807914285,0.005740053183968693,0.01700889273370941
6.40536151487619,0.006227064534713614,0.01691253787872472
6.407823221838095,0.0067215637176631145,0.01683680949373113
6.4102849287999994,0.00721930817587226,0.016781078484228988
6.412746635761905,0.007717145077521715,0.0167446255854994
6.415208342723809,0.008212694158599652,0.016726650255206664
6.4176700496857135,0.008704129036748998,0.016726280741660274
6.420131756647619,0.009190025928376363,0.016742584978176156
6.422593463609523,0.009669258087132442,0.016774581942457626
6.4250551705714285,0.010140921307759817,0.016821253130213824
6.427516877533333,0.010604280691255767,0.0168815538212235
6.429978584495238,0.011058732110233034,0.016954423859293397
6.4324402914571435,0.011503773956427047,0.017038797719978998
6.434901998419048,0.011938986167743203,0.017133613696497855
6.437363705380953,0.012364014472016223,0.017237822090487492
6.4398254123428575,0.012778558413878779,0.017350392346565994
6.442287119304762,0.013182362156701283,0.01747031911552165
6.444748826266667,0.01357520734254374,0.0175966272689222
6.447210533228572,0.013956907494260219,0.017728375917456945
6.449672240190477,0.01432730358458197,0.01786466150661169
6.452133947152381,0.014686260496465863,0.01800462007705351
6.454595654114286,0.015033664170064315,0.01814742878441949
6.457057361076191,0.015369419282980936,0.01829230677525271
6.459519068038095,0.015693447347884946,0.018438515513812266
6.461980775000001,0.01600568513909244,0.01858535864952177
6.464442481961905,0.016306083380171282,0.018732181507889332
6.4669041889238095,0.016594605639946206,0.018878370279649143
6.469365895885715,0.016871227395851597,0.01902335097428171
6.471827602847619,0.017135935232386223,0.01916658819545433
6.474289309809524,0.01738872614917942,0.01930758378763197
6.476751016771429,0.01762960695839578,0.019445875395372094
6.479212723733333,0.017858593755261297,0.019581034969771302
6.4816744306952385,0.0180757114486703,0.019712667250244474
6.484136137657143,0.01828099334133246,0.01984040824430109
6.486597844619048,0.018474480750900135,0.019963923723216807
6.489059551580953,0.01865622266509418,0.020082907747433147
6.491521258542857,0.01882627542511093,0.020197081232096365
6.493982965504762,0.018984702432609593,0.0203061905602982
6.496444672466667,0.01913157387640343,0.0204100062492397
6.498906379428572,0.019266966475647167,0.020508321672636852
6.501368086390476,0.01939096323685941,0.020600951841159326
6.503829793352381,0.019503653222567405,0.020687732241487625
6.506291500314286,0.019605131329730782,0.020768517733632454
6.5087532072761904,0.019695498076405773,0.020843181505443946
6.511214914238096,0.019774859395365715,0.020911614082702926
6.5136766212,0.019843326433603935,0.020973722392802662
6.5161383281619045,0.019901015356822677,0.02102942887976442
6.51860003512381,0.019948047158159298,0.021078670668163626
6.521061742085714,0.019984547470525686,0.021121398773451962
6.5235234490476195,0.020010646382043133,0.021157577356130875
6.525985156009524,0.02002647825414278,0.02118718301724547
6.528446862971428,0.02003218154197871,0.021210204132719485
6.530908569933334,0.02002789861686481,0.02122664022412672
6.533370276895238,0.020013775590501645,0.02123650136358882
6.535831983857143,0.019989962140806932,0.02123980761059571
6.538293690819048,0.01995661133920373,0.021236588478659786
6.540755397780952,0.019913879479255017,0.021226882429833678
6.543217104742857,0.01986192590656332,0.021210736395240903
6.545678811704762,0.019800912849880677,0.021188205319889266
6.548140518666667,0.01973100525339493,0.02115935173015236
6.550602225628571,0.019652370610179246,0.021124245322419216
6.553063932590476,0.019565178796808174,0.021082962571520477
6.555525639552381,0.019469601909156555,0.021035586357643146
6.5579873465142855,0.019365814099412796,0.020982205610545642
6.560449053476191,0.019253991414346267,0.02092291496997681
6.562910760438095,0.019134311634879688,0.02085781446129094
6.5653724674,0.019006954117025004,0.02078700918533234
6.567834174361905,0.0188720996342481,0.0207106090217398
6.570295881323809,0.018729930221333825,0.02062872834489206
6.5727575882857145,0.01858062901982875,0.02054148575178231
6.575219295247619,0.018424380125142036,0.02044900380116997
6.577681002209523,0.01826136843539043,0.020351408763415603
6.580142709171429,0.018091779502075037,0.020248830380455985
6.582604416133333,0.017915799382681265,0.020141401635425046
6.585066123095238,0.01773361449529522,0.020029258531470053
6.587527830057143,0.017545411475331552,0.019912539879352393
6.589989537019047,0.017351377034470022,0.019791387093459702
6.592451243980952,0.017151697821897825,0.01966594399588808
6.594912950942857,0.016946560287957674,0.019536356628284686
6.597374657904762,0.016736150550300567,0.019402773071167154
6.5998363648666665,0.01652065426264376,0.01926534327046014
6.602298071828571,0.016300256486234583,0.01912421887101164
6.604759778790476,0.016075141564121268,0.01897955305686963
6.6072214857523806,0.01584549299833196,0.018831500398115934
6.609683192714286,0.015611493330063198,0.01868021670406757
6.61214489967619,0.015373324022980363,0.018525858882667678
6.614606606638095,0.015131165349731511,0.018368584805895708
6.6170683136,0.014885196281777759,0.018208553181033958
6.619530020561904,0.014635594382643686,0.018045923427630808
6.62199172752381,0.014382535704691935,0.017880855560002632
6.624453434485714,0.014126194689528233,0.017713510075115724
6.626915141447618,0.01386674407214442,0.017544047845685723
6.629376848409524,0.013604354788910328,0.017372630018326663
6.631838555371428,0.013339195889528399,0.017199417916573
6.634300262333333,0.013071434453069243,0.01702457294858657
6.636761969295238,0.012801235508213219,0.016848256519347297
6.639223676257142,0.012528761957829418,0.016670629947109026
6.6416853832190474,0.012254174508034003,0.016491854383882763
6.644147090180952,0.011977631601881613,0.016312090739686595
6.646608797142857,0.011699289357859124,0.016131499610276285
6.6490705041047615,0.01141930151337082,0.015950241208041543
6.651532211066666,0.011137819373428455,0.015768475295720504
6.653993918028571,0.010854991764791336,0.015586361122550692
6.656455624990476,0.01057096499584033,0.015404057362434912
6.658917331952381,0.010285882822520931,0.015221722053660331
6.661379038914285,0.009999886420752087,0.01503951253966291
6.66384074587619,0.009713114365780297,0.014857585410282743
6.666302452838095,0.00942570261906013,0.014676096442905436
6.668764159799999,0.009137784523374798,0.01449520054283187
6.671225866761905,0.008849490807081842,0.014315051682165321
6.673687573723809,0.00856094959858909,0.014135802836449185
6.6761492806857134,0.00827228645245459,0.013957605918233256
6.678610987647619,0.007983624388883339,0.01378061170669216
6.681072694609524,0.0076950839488935515,0.013604969772366464
6.683534401571429,0.0074067832680934885,0.0134308283960479
6.685996108533334,0.007118838172907213,0.013258334480785939
6.688457815495238,0.00683136230430769,0.013087633455956113
6.690919522457143,0.006544467275786621,0.012918869172302028
6.693381229419048,0.006258262874611001,0.012752183786847905
6.695842936380953,0.0059728573186702055,0.012587717636576392
6.6983046433428575,0.005688357585846554,0.012425609099782962
6.700766350304762,0.005404869839515441,0.01226599444405508
6.703228057266667,0.005122499983552325,0.012109007659885401
6.7056897642285715,0.004841354394769648,0.011954780279016967
6.708151471190477,0.004561540902759304,0.011803441176737694
6.710613178152381,0.004283170121218916,0.011655116357494754
6.713074885114286,0.004006357288751292,0.011509928723389792
6.715536592076191,0.003731224864438658,0.01136799782534426
6.717998299038095,0.003457906268754593,0.01122943959699363
6.720460006000001,0.003186551409407296,0.011094366071678588
6.722921712961905,0.0029173350732377276,0.010962885083250695
6.725383419923809,0.002650470078373776,0.010835099951796162
6.727845126885715,0.0023862286438828826,0.010711109155800824
6.730306833847619,0.0021249785897029176,0.010591005992725184
6.732768540809524,0.001867247716807433,0.010474878230423106
6.735230247771429,0.0016138450500152487,0.01036280775231026
6.737691954733333,0.0013661051188993832,0.010254870199656286
6.740153661695238,0.0011264204641679243,0.010151134614824763
6.742615368657143,0.0008995073296973365,0.010051663089699183
6.745077075619048,0.0006956370135241201,0.009956510423896673
6.7475387825809525,0.0005384585808712461,0.009865723797664771
6.750000489542857,0.00047312670210433234,0.009779342464564422
6.752462196504762,0.0005312617464530688,0.009697397469146945
6.754923903466667,0.0006794471474196892,0.0096199113948218
6.757385610428572,0.0008709587716663899,0.009546898146973367
6.759847317390476,0.0010814116395578377,0.009478362776112257
6.762309024352381,0.0013002720000742404,0.009414301345437965
6.764770731314286,0.0015227340463194467,0.009354700846647818
6.76723243827619,0.0017463793768265942,0.009299539167160482
