##############################################################################
# SALMON: Scalable Ab-initio Light-Matter simulator for Optics and Nanoscience
#
#                             Version 2.2.1
##############################################################################
  Libxc: [enabled] 6.2.2
   theory= tddft_pulse
 
 Total time step      =       15000
 Time step[fs]        =  2.000000000000000E-003
 Energy range         =        3000
 Energy resolution[eV]=  1.000000000000000E-002
Laser frequency     = 0.10[eV]
Pulse width of laser=     21.00000000[fs]
Laser intensity     =  0.40000000E+11[W/cm^2]
   use of real value orbitals =  F
 ======
 MPI distribution:
   nproc_k     :         125
   nproc_ob    :           4
   nproc_rgrid :           3           2           3
 OpenMP parallelization:
   number of threads :           1
 hpsi stencil:
   enables hand-coding vectorization : F
   enables openmp parallelization    : F
 current:
   k,orbital parallelized of openmp  : T
 force:
   k,orbital parallelized of openmp  : T
 ===================pseudopotential data===================
 ik ,atom_symbol=           1 Si
 ps_format =KY              
 ps_file =./Si_rps.dat
 Zps(ik), Mlps(ik) =           4           2
 Rps(ik), NRps(ik) =   2.26767135054939              122
 Lref(ik) =           2
 nproj(ik,l) =           1           1           1
 anorm(ik,l) =  0.6193218      0.3646551      0.0000000E+00
 inorm(ik,l) =           1           1           0
 Mass(ik) =   28.0000000000000     
 flag_nlcc_element(ik) = F
 ==========================================================
 flag_nlcc =  F
 
 ============init_ps==============
 end init_ps
 Maximal rho_NLCC= 0.000000000000000E+000
 Maximal tau_NLCC= 0.000000000000000E+000
 == Ewald ==
 cutoff length in real-space in ewald =  4.00 [A]
 (buffer length in bookkeeping =  2.00 [A])
 cutoff length in G-space in ewald =  0.1870828864+102 [1/A]
 number of ion-ion pair(/atom) used for allocation of bookkeeping=    69
 ===========
   Static dipole moment(xyz) =   -0.7048681191E+04   -0.7046074232E+04   -0.7051841730E+04
 
 
  time-step  time[fs]                               Current(xyz)[a.u.]      electrons Total energy[eV] 
#----------------------------------------------------------------------
 projection: already converged, E_kin(new)-E_kin(old)= -1.136868377216160E-013
      10    0.02000000  0.15179240E-08  0.29757644E-12 -0.68198029E-13   864.00000000   -23356.35521847
      20    0.04000000  0.49894890E-08  0.36366515E-12  0.22845539E-12   864.00000000   -23356.35521856
      30    0.06000000  0.89709598E-08  0.68796456E-12  0.13053554E-12   864.00000000   -23356.35521862
      40    0.08000000  0.12140107E-07  0.11395434E-11  0.93835457E-13   864.00000000   -23356.35521868
      50    0.10000000  0.13236878E-07  0.18390256E-11  0.12281676E-12   864.00000000   -23356.35521872
      60    0.12000000  0.11101581E-07  0.25885454E-11 -0.51218291E-13   863.99999999   -23356.35521876
      70    0.14000000  0.47330410E-08  0.32988314E-11 -0.18178404E-12   863.99999999   -23356.35521879
      80    0.16000000 -0.67262264E-08  0.32588544E-11 -0.31257923E-12   863.99999999   -23356.35521881
      90    0.18000000 -0.23974844E-07  0.19318487E-11 -0.54096051E-12   863.99999999   -23356.35521883
     100    0.20000000 -0.47549856E-07 -0.12100842E-11 -0.68467714E-12   863.99999999   -23356.35521882
     110    0.22000000 -0.77869972E-07 -0.64494072E-11 -0.80408538E-12   863.99999999   -23356.35521877
     120    0.24000000 -0.11524775E-06 -0.14018542E-10 -0.10567331E-11   863.99999999   -23356.35521866
     130    0.26000000 -0.15988168E-06 -0.24016791E-10 -0.13374724E-11   863.99999999   -23356.35521845
     140    0.28000000 -0.21186812E-06 -0.36164344E-10 -0.14405559E-11   863.99999999   -23356.35521809
     150    0.30000000 -0.27120273E-06 -0.50343208E-10 -0.13234722E-11   863.99999999   -23356.35521750
     160    0.32000000 -0.33777499E-06 -0.66390855E-10 -0.62791829E-12   863.99999999   -23356.35521663
     170    0.34000000 -0.41137330E-06 -0.83113836E-10  0.80441238E-12   863.99999999   -23356.35521537
     180    0.36000000 -0.49169608E-06 -0.99766885E-10  0.29759121E-11   863.99999999   -23356.35521360
     190    0.38000000 -0.57836592E-06 -0.11546566E-09  0.65901945E-11   863.99999999   -23356.35521119
     200    0.40000000 -0.67092946E-06 -0.12899673E-09  0.11702806E-10   863.99999999   -23356.35520801
     210    0.42000000 -0.76886090E-06 -0.13885673E-09  0.18477805E-10   863.99999999   -23356.35520387
     220    0.44000000 -0.87159120E-06 -0.14377155E-09  0.27369753E-10   863.99999999   -23356.35519859
     230    0.46000000 -0.97851959E-06 -0.14252466E-09  0.38117483E-10   863.99999999   -23356.35519197
     240    0.48000000 -0.10890200E-05 -0.13377449E-09  0.51353457E-10   863.99999999   -23356.35518379
     250    0.50000000 -0.12024497E-05 -0.11635819E-09  0.66990569E-10   863.99999999   -23356.35517382
     260    0.52000000 -0.13181617E-05 -0.89558612E-10  0.85504775E-10   863.99999999   -23356.35516180
     270    0.54000000 -0.14355137E-05 -0.51838264E-10  0.10717598E-09   863.99999999   -23356.35514747
     280    0.56000000 -0.15538802E-05 -0.21589411E-11  0.13200392E-09   863.99999999   -23356.35513056
     290    0.58000000 -0.16726543E-05  0.60415951E-10  0.16033500E-09   863.99999999   -23356.35511080
     300    0.60000000 -0.17912426E-05  0.13706180E-09  0.19217638E-09   863.99999998   -23356.35508788
     310    0.62000000 -0.19090663E-05  0.22865348E-09  0.22733696E-09   863.99999998   -23356.35506153
     320    0.64000000 -0.20255700E-05  0.33549119E-09  0.26572127E-09   863.99999998   -23356.35503144
     330    0.66000000 -0.21402276E-05  0.45803517E-09  0.30722593E-09   863.99999998   -23356.35499732
     340    0.68000000 -0.22525459E-05  0.59609832E-09  0.35176066E-09   863.99999998   -23356.35495887
     350    0.70000000 -0.23620716E-05  0.74997491E-09  0.39929942E-09   863.99999998   -23356.35491580
     360    0.72000000 -0.24683973E-05  0.91918365E-09  0.44968216E-09   863.99999998   -23356.35486784
     370    0.74000000 -0.25711616E-05  0.11033454E-08  0.50262456E-09   863.99999998   -23356.35481470
     380    0.76000000 -0.26700552E-05  0.13018561E-08  0.55770730E-09   863.99999998   -23356.35475611
     390    0.78000000 -0.27648299E-05  0.15138140E-08  0.61459812E-09   863.99999998   -23356.35469182
     400    0.80000000 -0.28552982E-05  0.17383573E-08  0.67295466E-09   863.99999998   -23356.35462158
     410    0.82000000 -0.29413258E-05  0.19744702E-08  0.73228356E-09   863.99999998   -23356.35454515
     420    0.84000000 -0.30228241E-05  0.22207898E-08  0.79222868E-09   863.99999998   -23356.35446232
     430    0.86000000 -0.30997530E-05  0.24762212E-08  0.85248536E-09   863.99999998   -23356.35437286
     440    0.88000000 -0.31721224E-05  0.27392302E-08  0.91270746E-09   863.99999998   -23356.35427660
     450    0.90000000 -0.32399850E-05  0.30081669E-08  0.97229055E-09   863.99999998   -23356.35417333
     460    0.92000000 -0.33034354E-05  0.32817542E-08  0.10310353E-08   863.99999998   -23356.35406289
     470    0.94000000 -0.33626094E-05  0.35583736E-08  0.10884900E-08   863.99999998   -23356.35394510
     480    0.96000000 -0.34176808E-05  0.38363086E-08  0.11439526E-08   863.99999998   -23356.35381982
     490    0.98000000 -0.34688600E-05  0.41140802E-08  0.11972855E-08   863.99999998   -23356.35368690
     500    1.00000000 -0.35163927E-05  0.43897856E-08  0.12479046E-08   863.99999998   -23356.35354619
     510    1.02000000 -0.35605540E-05  0.46617598E-08  0.12952923E-08   863.99999998   -23356.35339756
     520    1.04000000 -0.36016456E-05  0.49278938E-08  0.13394279E-08   863.99999998   -23356.35324087
     530    1.06000000 -0.36399917E-05  0.51869187E-08  0.13796696E-08   863.99999998   -23356.35307598
     540    1.08000000 -0.36759306E-05  0.54371288E-08  0.14161021E-08   863.99999998   -23356.35290276
     550    1.10000000 -0.37098093E-05  0.56771925E-08  0.14483547E-08   863.99999998   -23356.35272105
     560    1.12000000 -0.37419814E-05  0.59057997E-08  0.14765851E-08   863.99999997   -23356.35253070
     570    1.14000000 -0.37728023E-05  0.61210761E-08  0.15004780E-08   863.99999997   -23356.35233155
     580    1.16000000 -0.38026182E-05  0.63217095E-08  0.15196106E-08   863.99999997   -23356.35212342
     590    1.18000000 -0.38317645E-05  0.65065187E-08  0.15341263E-08   863.99999997   -23356.35190611
     600    1.20000000 -0.38605687E-05  0.66744544E-08  0.15442901E-08   863.99999997   -23356.35167941
     610    1.22000000 -0.38893460E-05  0.68249735E-08  0.15504320E-08   863.99999997   -23356.35144310
     620    1.24000000 -0.39183957E-05  0.69571347E-08  0.15523556E-08   863.99999997   -23356.35119692
     630    1.26000000 -0.39479984E-05  0.70702077E-08  0.15502056E-08   863.99999997   -23356.35094062
     640    1.28000000 -0.39784137E-05  0.71637820E-08  0.15441723E-08   863.99999997   -23356.35067388
     650    1.30000000 -0.40098778E-05  0.72372056E-08  0.15341176E-08   863.99999997   -23356.35039640
     660    1.32000000 -0.40426017E-05  0.72903826E-08  0.15206332E-08   863.99999997   -23356.35010783
     670    1.34000000 -0.40767702E-05  0.73233962E-08  0.15041697E-08   863.99999997   -23356.34980782
     680    1.36000000 -0.41125439E-05  0.73360641E-08  0.14850076E-08   863.99999997   -23356.34949596
     690    1.38000000 -0.41500563E-05  0.73288207E-08  0.14639280E-08   863.99999997   -23356.34917184
     700    1.40000000 -0.41894131E-05  0.73020625E-08  0.14409671E-08   863.99999997   -23356.34883503
     710    1.42000000 -0.42306954E-05  0.72565630E-08  0.14164119E-08   863.99999997   -23356.34848507
     720    1.44000000 -0.42739603E-05  0.71931240E-08  0.13907360E-08   863.99999997   -23356.34812146
     730    1.46000000 -0.43192387E-05  0.71125409E-08  0.13642777E-08   863.99999997   -23356.34774372
     740    1.48000000 -0.43665364E-05  0.70160846E-08  0.13376071E-08   863.99999997   -23356.34735130
     750    1.50000000 -0.44158350E-05  0.69047224E-08  0.13110205E-08   863.99999997   -23356.34694368
     760    1.52000000 -0.44670897E-05  0.67799754E-08  0.12850823E-08   863.99999997   -23356.34652029
     770    1.54000000 -0.45202311E-05  0.66433353E-08  0.12598392E-08   863.99999997   -23356.34608057
     780    1.56000000 -0.45751709E-05  0.64960349E-08  0.12363246E-08   863.99999997   -23356.34562393
     790    1.58000000 -0.46318042E-05  0.63397342E-08  0.12145659E-08   863.99999997   -23356.34514980
     800    1.60000000 -0.46900126E-05  0.61763064E-08  0.11948650E-08   863.99999997   -23356.34465757
     810    1.62000000 -0.47496627E-05  0.60075440E-08  0.11773998E-08   863.99999997   -23356.34414666
     820    1.64000000 -0.48106047E-05  0.58353483E-08  0.11625834E-08   863.99999996   -23356.34361646
     830    1.66000000 -0.48726761E-05  0.56613585E-08  0.11506872E-08   863.99999996   -23356.34306639
     840    1.68000000 -0.49357065E-05  0.54872659E-08  0.11417658E-08   863.99999996   -23356.34249585
     850    1.70000000 -0.49995196E-05  0.53147308E-08  0.11361708E-08   863.99999996   -23356.34190427
     860    1.72000000 -0.50639315E-05  0.51454310E-08  0.11338710E-08   863.99999996   -23356.34129108
     870    1.74000000 -0.51287517E-05  0.49809769E-08  0.11350682E-08   863.99999996   -23356.34065572
     880    1.76000000 -0.51937895E-05  0.48236373E-08  0.11398547E-08   863.99999996   -23356.33999766
     890    1.78000000 -0.52588542E-05  0.46747990E-08  0.11483612E-08   863.99999996   -23356.33931638
     900    1.80000000 -0.53237522E-05  0.45361617E-08  0.11605605E-08   863.99999996   -23356.33861138
     910    1.82000000 -0.53882918E-05  0.44088731E-08  0.11763342E-08   863.99999996   -23356.33788218
     920    1.84000000 -0.54522885E-05  0.42943074E-08  0.11955503E-08   863.99999996   -23356.33712833
     930    1.86000000 -0.55155645E-05  0.41935531E-08  0.12179482E-08   863.99999996   -23356.33634941
     940    1.88000000 -0.55779516E-05  0.41080135E-08  0.12434675E-08   863.99999996   -23356.33554503
     950    1.90000000 -0.56392944E-05  0.40386170E-08  0.12718533E-08   863.99999996   -23356.33471481
     960    1.92000000 -0.56994501E-05  0.39859603E-08  0.13029832E-08   863.99999996   -23356.33385842
     970    1.94000000 -0.57582851E-05  0.39508953E-08  0.13369591E-08   863.99999996   -23356.33297554
     980    1.96000000 -0.58156788E-05  0.39336921E-08  0.13733999E-08   863.99999996   -23356.33206590
     990    1.98000000 -0.58715266E-05  0.39346917E-08  0.14119185E-08   863.99999996   -23356.33112924
    1000    2.00000000 -0.59257375E-05  0.39542450E-08  0.14523228E-08   863.99999996   -23356.33016533
    1010    2.02000000 -0.59782353E-05  0.39925766E-08  0.14942351E-08   863.99999996   -23356.32917398
    1020    2.04000000 -0.60289611E-05  0.40497427E-08  0.15376181E-08   863.99999996   -23356.32815501
    1030    2.06000000 -0.60778727E-05  0.41256374E-08  0.15820681E-08   863.99999996   -23356.32710828
    1040    2.08000000 -0.61249458E-05  0.42198391E-08  0.16272623E-08   863.99999996   -23356.32603366
    1050    2.10000000 -0.61701738E-05  0.43318831E-08  0.16729813E-08   863.99999996   -23356.32493104
    1060    2.12000000 -0.62135657E-05  0.44612415E-08  0.17188787E-08   863.99999996   -23356.32380033
    1070    2.14000000 -0.62551447E-05  0.46070768E-08  0.17647237E-08   863.99999996   -23356.32264145
    1080    2.16000000 -0.62949487E-05  0.47684267E-08  0.18102042E-08   863.99999995   -23356.32145434
    1090    2.18000000 -0.63330314E-05  0.49441177E-08  0.18550251E-08   863.99999995   -23356.32023895
    1100    2.20000000 -0.63694595E-05  0.51329670E-08  0.18989058E-08   863.99999995   -23356.31899521
    1110    2.22000000 -0.64043101E-05  0.53338875E-08  0.19413949E-08   863.99999995   -23356.31772309
    1120    2.24000000 -0.64376711E-05  0.55456826E-08  0.19825239E-08   863.99999995   -23356.31642253
    1130    2.26000000 -0.64696381E-05  0.57669635E-08  0.20219955E-08   863.99999995   -23356.31509348
    1140    2.28000000 -0.65003132E-05  0.59961526E-08  0.20597182E-08   863.99999995   -23356.31373589
    1150    2.30000000 -0.65298039E-05  0.62317334E-08  0.20955980E-08   863.99999995   -23356.31234968
    1160    2.32000000 -0.65582216E-05  0.64719988E-08  0.21294611E-08   863.99999995   -23356.31093478
    1170    2.34000000 -0.65856795E-05  0.67158100E-08  0.21610875E-08   863.99999995   -23356.30949111
    1180    2.36000000 -0.66122908E-05  0.69614108E-08  0.21905224E-08   863.99999995   -23356.30801855
    1190    2.38000000 -0.66381692E-05  0.72072153E-08  0.22173536E-08   863.99999995   -23356.30651699
    1200    2.40000000 -0.66634263E-05  0.74515376E-08  0.22415779E-08   863.99999995   -23356.30498630
    1210    2.42000000 -0.66881717E-05  0.76931012E-08  0.22632460E-08   863.99999995   -23356.30342631
    1220    2.44000000 -0.67125106E-05  0.79306087E-08  0.22823944E-08   863.99999995   -23356.30183687
    1230    2.46000000 -0.67365421E-05  0.81624698E-08  0.22991488E-08   863.99999995   -23356.30021778
    1240    2.48000000 -0.67603555E-05  0.83873401E-08  0.23134837E-08   863.99999995   -23356.29856882
    1250    2.50000000 -0.67840321E-05  0.86037604E-08  0.23254537E-08   863.99999995   -23356.29688977
    1260    2.52000000 -0.68076457E-05  0.88104368E-08  0.23350104E-08   863.99999995   -23356.29518040
    1270    2.54000000 -0.68312593E-05  0.90064194E-08  0.23422546E-08   863.99999995   -23356.29344044
    1280    2.56000000 -0.68549226E-05  0.91905088E-08  0.23473557E-08   863.99999995   -23356.29166961
    1290    2.58000000 -0.68786746E-05  0.93622330E-08  0.23507172E-08   863.99999995   -23356.28986765
    1300    2.60000000 -0.69025427E-05  0.95205653E-08  0.23524508E-08   863.99999995   -23356.28803425
    1310    2.62000000 -0.69265419E-05  0.96649272E-08  0.23524940E-08   863.99999995   -23356.28616913
    1320    2.64000000 -0.69506747E-05  0.97948227E-08  0.23513120E-08   863.99999995   -23356.28427197
    1330    2.66000000 -0.69749311E-05  0.99099636E-08  0.23489625E-08   863.99999995   -23356.28234249
    1340    2.68000000 -0.69992877E-05  0.10009931E-07  0.23459008E-08   863.99999994   -23356.28038040
    1350    2.70000000 -0.70237103E-05  0.10094359E-07  0.23423299E-08   863.99999994   -23356.27838540
    1360    2.72000000 -0.70481566E-05  0.10163003E-07  0.23385425E-08   863.99999994   -23356.27635722
    1370    2.74000000 -0.70725774E-05  0.10216093E-07  0.23346328E-08   863.99999994   -23356.27429561
    1380    2.76000000 -0.70969159E-05  0.10253485E-07  0.23309733E-08   863.99999994   -23356.27220033
    1390    2.78000000 -0.71211061E-05  0.10275469E-07  0.23279119E-08   863.99999994   -23356.27007114
    1400    2.80000000 -0.71450765E-05  0.10282448E-07  0.23256606E-08   863.99999994   -23356.26790786
    1410    2.82000000 -0.71687503E-05  0.10274991E-07  0.23245897E-08   863.99999994   -23356.26571032
    1420    2.84000000 -0.71920472E-05  0.10253444E-07  0.23248946E-08   863.99999994   -23356.26347837
    1430    2.86000000 -0.72148856E-05  0.10218116E-07  0.23265865E-08   863.99999994   -23356.26121191
    1440    2.88000000 -0.72371835E-05  0.10169988E-07  0.23298079E-08   863.99999994   -23356.25891086
    1450    2.90000000 -0.72588578E-05  0.10109270E-07  0.23348539E-08   863.99999994   -23356.25657518
    1460    2.92000000 -0.72798257E-05  0.10036696E-07  0.23418472E-08   863.99999994   -23356.25420485
    1470    2.94000000 -0.73000076E-05  0.99533654E-08  0.23510147E-08   863.99999994   -23356.25179992
    1480    2.96000000 -0.73193272E-05  0.98597951E-08  0.23625414E-08   863.99999994   -23356.24936045
    1490    2.98000000 -0.73377130E-05  0.97570604E-08  0.23765237E-08   863.99999994   -23356.24688654
    1500    3.00000000 -0.73550992E-05  0.96461495E-08  0.23926977E-08   863.99999994   -23356.24437833
    1510    3.02000000 -0.73714259E-05  0.95274240E-08  0.24109723E-08   863.99999994   -23356.24183600
    1520    3.04000000 -0.73866381E-05  0.94018415E-08  0.24312861E-08   863.99999994   -23356.23925977
    1530    3.06000000 -0.74006889E-05  0.92702400E-08  0.24535451E-08   863.99999994   -23356.23664987
    1540    3.08000000 -0.74135423E-05  0.91333668E-08  0.24777996E-08   863.99999994   -23356.23400658
    1550    3.10000000 -0.74251709E-05  0.89923728E-08  0.25040083E-08   863.99999994   -23356.23133021
    1560    3.12000000 -0.74355570E-05  0.88481207E-08  0.25319202E-08   863.99999994   -23356.22862108
    1570    3.14000000 -0.74446934E-05  0.87014629E-08  0.25611594E-08   863.99999994   -23356.22587954
    1580    3.16000000 -0.74525836E-05  0.85536446E-08  0.25916152E-08   863.99999994   -23356.22310597
    1590    3.18000000 -0.74592424E-05  0.84055297E-08  0.26229007E-08   863.99999993   -23356.22030073
    1600    3.20000000 -0.74646952E-05  0.82581272E-08  0.26546304E-08   863.99999993   -23356.21746424
    1610    3.22000000 -0.74689771E-05  0.81123003E-08  0.26866084E-08   863.99999993   -23356.21459687
    1620    3.24000000 -0.74721308E-05  0.79689341E-08  0.27185954E-08   863.99999993   -23356.21169904
    1630    3.26000000 -0.74742091E-05  0.78291593E-08  0.27501421E-08   863.99999993   -23356.20877114
    1640    3.28000000 -0.74752729E-05  0.76941096E-08  0.27808502E-08   863.99999993   -23356.20581356
    1650    3.30000000 -0.74753891E-05  0.75647620E-08  0.28105942E-08   863.99999993   -23356.20282667
    1660    3.32000000 -0.74746297E-05  0.74418605E-08  0.28391981E-08   863.99999993   -23356.19981086
    1670    3.34000000 -0.74730729E-05  0.73260417E-08  0.28660427E-08   863.99999993   -23356.19676646
    1680    3.36000000 -0.74708030E-05  0.72181537E-08  0.28911585E-08   863.99999993   -23356.19369380
    1690    3.38000000 -0.74679071E-05  0.71189933E-08  0.29140443E-08   863.99999993   -23356.19059319
    1700    3.40000000 -0.74644769E-05  0.70294415E-08  0.29345393E-08   863.99999993   -23356.18746490
    1710    3.42000000 -0.74606066E-05  0.69501984E-08  0.29526335E-08   863.99999993   -23356.18430919
    1720    3.44000000 -0.74563893E-05  0.68818523E-08  0.29681272E-08   863.99999993   -23356.18112626
    1730    3.46000000 -0.74519147E-05  0.68248605E-08  0.29807800E-08   863.99999993   -23356.17791631
    1740    3.48000000 -0.74472704E-05  0.67794944E-08  0.29906916E-08   863.99999993   -23356.17467947
    1750    3.50000000 -0.74425388E-05  0.67464434E-08  0.29981105E-08   863.99999993   -23356.17141588
    1760    3.52000000 -0.74377955E-05  0.67257963E-08  0.30028877E-08   863.99999993   -23356.16812561
    1770    3.54000000 -0.74331074E-05  0.67175441E-08  0.30049968E-08   863.99999993   -23356.16480873
    1780    3.56000000 -0.74285316E-05  0.67218275E-08  0.30043345E-08   863.99999993   -23356.16146526
    1790    3.58000000 -0.74241157E-05  0.67381490E-08  0.30010801E-08   863.99999993   -23356.15809522
    1800    3.60000000 -0.74198966E-05  0.67666316E-08  0.29954945E-08   863.99999993   -23356.15469860
    1810    3.62000000 -0.74159010E-05  0.68069465E-08  0.29879493E-08   863.99999993   -23356.15127537
    1820    3.64000000 -0.74121433E-05  0.68588410E-08  0.29786067E-08   863.99999993   -23356.14782551
    1830    3.66000000 -0.74086265E-05  0.69216779E-08  0.29676452E-08   863.99999992   -23356.14434897
    1840    3.68000000 -0.74053401E-05  0.69947446E-08  0.29554534E-08   863.99999992   -23356.14084572
    1850    3.70000000 -0.74022610E-05  0.70772496E-08  0.29422140E-08   863.99999992   -23356.13731573
    1860    3.72000000 -0.73993546E-05  0.71683430E-08  0.29282976E-08   863.99999992   -23356.13375898
    1870    3.74000000 -0.73965742E-05  0.72671566E-08  0.29143286E-08   863.99999992   -23356.13017549
    1880    3.76000000 -0.73938595E-05  0.73728464E-08  0.29004997E-08   863.99999992   -23356.12656528
    1890    3.78000000 -0.73911392E-05  0.74844977E-08  0.28872012E-08   863.99999992   -23356.12292842
    1900    3.80000000 -0.73883305E-05  0.76012463E-08  0.28748494E-08   863.99999992   -23356.11926502
    1910    3.82000000 -0.73853412E-05  0.77222201E-08  0.28635903E-08   863.99999992   -23356.11557522
    1920    3.84000000 -0.73820707E-05  0.78459790E-08  0.28538270E-08   863.99999992   -23356.11185925
    1930    3.86000000 -0.73784123E-05  0.79716110E-08  0.28459645E-08   863.99999992   -23356.10811735
    1940    3.88000000 -0.73742559E-05  0.80983168E-08  0.28404050E-08   863.99999992   -23356.10434986
    1950    3.90000000 -0.73694884E-05  0.82251559E-08  0.28372949E-08   863.99999992   -23356.10055717
    1960    3.92000000 -0.73639966E-05  0.83512951E-08  0.28370078E-08   863.99999992   -23356.09673973
    1970    3.94000000 -0.73576685E-05  0.84757083E-08  0.28400624E-08   863.99999992   -23356.09289809
    1980    3.96000000 -0.73503948E-05  0.85976747E-08  0.28463958E-08   863.99999992   -23356.08903283
    1990    3.98000000 -0.73420674E-05  0.87162793E-08  0.28560867E-08   863.99999992   -23356.08514463
    2000    4.00000000 -0.73325814E-05  0.88306584E-08  0.28692904E-08   863.99999992   -23356.08123423
    2010    4.02000000 -0.73218375E-05  0.89400290E-08  0.28859488E-08   863.99999992   -23356.07730243
    2020    4.04000000 -0.73097418E-05  0.90439374E-08  0.29062075E-08   863.99999992   -23356.07335012
    2030    4.06000000 -0.72962069E-05  0.91413985E-08  0.29301307E-08   863.99999992   -23356.06937824
    2040    4.08000000 -0.72811535E-05  0.92318620E-08  0.29576532E-08   863.99999992   -23356.06538780
    2050    4.10000000 -0.72645121E-05  0.93145776E-08  0.29885367E-08   863.99999992   -23356.06137988
    2060    4.12000000 -0.72462251E-05  0.93890356E-08  0.30226935E-08   863.99999992   -23356.05735558
    2070    4.14000000 -0.72262487E-05  0.94549057E-08  0.30601996E-08   863.99999991   -23356.05331610
    2080    4.16000000 -0.72045530E-05  0.95118254E-08  0.31004599E-08   863.99999991   -23356.04926263
    2090    4.18000000 -0.71811240E-05  0.95599300E-08  0.31432407E-08   863.99999991   -23356.04519643
    2100    4.20000000 -0.71559637E-05  0.95985979E-08  0.31881273E-08   863.99999991   -23356.04111877
    2110    4.22000000 -0.71290901E-05  0.96275504E-08  0.32348715E-08   863.99999991   -23356.03703094
    2120    4.24000000 -0.71005355E-05  0.96467939E-08  0.32832610E-08   863.99999991   -23356.03293421
    2130    4.26000000 -0.70703468E-05  0.96557272E-08  0.33328280E-08   863.99999991   -23356.02882989
    2140    4.28000000 -0.70385832E-05  0.96544388E-08  0.33830177E-08   863.99999991   -23356.02471925
    2150    4.30000000 -0.70053153E-05  0.96430964E-08  0.34335264E-08   863.99999991   -23356.02060354
    2160    4.32000000 -0.69706240E-05  0.96217339E-08  0.34837466E-08   863.99999991   -23356.01648399
    2170    4.34000000 -0.69346009E-05  0.95906185E-08  0.35332657E-08   863.99999991   -23356.01236178
    2180    4.36000000 -0.68973470E-05  0.95499194E-08  0.35815495E-08   863.99999991   -23356.00823808
    2190    4.38000000 -0.68589722E-05  0.94998134E-08  0.36280422E-08   863.99999991   -23356.00411397
    2200    4.40000000 -0.68195921E-05  0.94401456E-08  0.36723467E-08   863.99999991   -23355.99999050
    2210    4.42000000 -0.67793278E-05  0.93712136E-08  0.37139740E-08   863.99999991   -23355.99586865
    2220    4.44000000 -0.67383025E-05  0.92933423E-08  0.37524207E-08   863.99999991   -23355.99174933
    2230    4.46000000 -0.66966416E-05  0.92070849E-08  0.37875067E-08   863.99999991   -23355.98763340
    2240    4.48000000 -0.66544705E-05  0.91130000E-08  0.38188409E-08   863.99999991   -23355.98352162
    2250    4.50000000 -0.66119116E-05  0.90113257E-08  0.38458260E-08   863.99999991   -23355.97941469
    2260    4.52000000 -0.65690830E-05  0.89022905E-08  0.38684321E-08   863.99999991   -23355.97531326
    2270    4.54000000 -0.65260962E-05  0.87865109E-08  0.38863662E-08   863.99999991   -23355.97121788
    2280    4.56000000 -0.64830568E-05  0.86644138E-08  0.38994065E-08   863.99999991   -23355.96712904
    2290    4.58000000 -0.64400614E-05  0.85364709E-08  0.39074907E-08   863.99999990   -23355.96304717
    2300    4.60000000 -0.63971963E-05  0.84033263E-08  0.39107072E-08   863.99999990   -23355.95897263
    2310    4.62000000 -0.63545365E-05  0.82658184E-08  0.39089481E-08   863.99999990   -23355.95490576
    2320    4.64000000 -0.63121442E-05  0.81245801E-08  0.39026879E-08   863.99999990   -23355.95084680
    2330    4.66000000 -0.62700689E-05  0.79802605E-08  0.38919785E-08   863.99999990   -23355.94679598
    2340    4.68000000 -0.62283477E-05  0.78334226E-08  0.38771491E-08   863.99999990   -23355.94275351
    2350    4.70000000 -0.61870063E-05  0.76847403E-08  0.38582055E-08   863.99999990   -23355.93871955
    2360    4.72000000 -0.61460600E-05  0.75351991E-08  0.38358044E-08   863.99999990   -23355.93469424
    2370    4.74000000 -0.61055151E-05  0.73855054E-08  0.38103201E-08   863.99999990   -23355.93067774
    2380    4.76000000 -0.60653695E-05  0.72365271E-08  0.37823274E-08   863.99999990   -23355.92667017
    2390    4.78000000 -0.60256143E-05  0.70892612E-08  0.37521775E-08   863.99999990   -23355.92267166
    2400    4.80000000 -0.59862349E-05  0.69443672E-08  0.37202563E-08   863.99999990   -23355.91868234
    2410    4.82000000 -0.59472114E-05  0.68030409E-08  0.36868372E-08   863.99999990   -23355.91470236
    2420    4.84000000 -0.59085177E-05  0.66661379E-08  0.36526022E-08   863.99999990   -23355.91073187
    2430    4.86000000 -0.58701209E-05  0.65341705E-08  0.36184235E-08   863.99999990   -23355.90677103
    2440    4.88000000 -0.58319811E-05  0.64079246E-08  0.35847579E-08   863.99999990   -23355.90282003
    2450    4.90000000 -0.57940497E-05  0.62879501E-08  0.35520446E-08   863.99999990   -23355.89887909
    2460    4.92000000 -0.57562693E-05  0.61746352E-08  0.35205323E-08   863.99999990   -23355.89494845
    2470    4.94000000 -0.57185724E-05  0.60683612E-08  0.34908085E-08   863.99999990   -23355.89102839
    2480    4.96000000 -0.56808795E-05  0.59695010E-08  0.34634496E-08   863.99999990   -23355.88711926
    2490    4.98000000 -0.56430970E-05  0.58786270E-08  0.34388510E-08   863.99999990   -23355.88322144
    2500    5.00000000 -0.56051175E-05  0.57956257E-08  0.34174975E-08   863.99999990   -23355.87933539
    2510    5.02000000 -0.55668188E-05  0.57208296E-08  0.33997898E-08   863.99999989   -23355.87546166
    2520    5.04000000 -0.55280655E-05  0.56541036E-08  0.33861565E-08   863.99999989   -23355.87160087
    2530    5.06000000 -0.54887103E-05  0.55951905E-08  0.33770608E-08   863.99999989   -23355.86775375
    2540    5.08000000 -0.54485974E-05  0.55443087E-08  0.33731933E-08   863.99999989   -23355.86392115
    2550    5.10000000 -0.54075656E-05  0.55013698E-08  0.33747602E-08   863.99999989   -23355.86010402
    2560    5.12000000 -0.53654543E-05  0.54664008E-08  0.33823549E-08   863.99999989   -23355.85630344
    2570    5.14000000 -0.53221085E-05  0.54395141E-08  0.33959818E-08   863.99999989   -23355.85252061
    2580    5.16000000 -0.52773835E-05  0.54210345E-08  0.34160951E-08   863.99999989   -23355.84875683
    2590    5.18000000 -0.52311508E-05  0.54107314E-08  0.34424639E-08   863.99999989   -23355.84501353
    2600    5.20000000 -0.51833037E-05  0.54087335E-08  0.34752469E-08   863.99999989   -23355.84129220
    2610    5.22000000 -0.51337607E-05  0.54149954E-08  0.35140849E-08   863.99999989   -23355.83759445
    2620    5.24000000 -0.50824691E-05  0.54297764E-08  0.35585275E-08   863.99999989   -23355.83392192
    2630    5.26000000 -0.50294062E-05  0.54529431E-08  0.36082447E-08   863.99999989   -23355.83027629
    2640    5.28000000 -0.49745805E-05  0.54843528E-08  0.36626004E-08   863.99999989   -23355.82665926
    2650    5.30000000 -0.49180313E-05  0.55239504E-08  0.37209237E-08   863.99999989   -23355.82307252
    2660    5.32000000 -0.48598276E-05  0.55709984E-08  0.37823244E-08   863.99999989   -23355.81951772
    2670    5.34000000 -0.48000662E-05  0.56251954E-08  0.38456796E-08   863.99999989   -23355.81599648
    2680    5.36000000 -0.47388678E-05  0.56859477E-08  0.39100636E-08   863.99999989   -23355.81251031
    2690    5.38000000 -0.46763730E-05  0.57523834E-08  0.39746363E-08   863.99999989   -23355.80906066
    2700    5.40000000 -0.46127378E-05  0.58234785E-08  0.40383883E-08   863.99999989   -23355.80564885
    2710    5.42000000 -0.45481262E-05  0.58981098E-08  0.41004500E-08   863.99999989   -23355.80227610
    2720    5.44000000 -0.44827059E-05  0.59748917E-08  0.41601341E-08   863.99999988   -23355.79894349
    2730    5.46000000 -0.44166424E-05  0.60521039E-08  0.42166149E-08   863.99999988   -23355.79565198
    2740    5.48000000 -0.43500910E-05  0.61286612E-08  0.42693425E-08   863.99999988   -23355.79240241
    2750    5.50000000 -0.42831936E-05  0.62024948E-08  0.43176756E-08   863.99999988   -23355.78919550
    2760    5.52000000 -0.42160743E-05  0.62718604E-08  0.43612599E-08   863.99999988   -23355.78603186
    2770    5.54000000 -0.41488375E-05  0.63352749E-08  0.43999008E-08   863.99999988   -23355.78291203
    2780    5.56000000 -0.40815663E-05  0.63913054E-08  0.44333257E-08   863.99999988   -23355.77983643
    2790    5.58000000 -0.40143240E-05  0.64383122E-08  0.44616378E-08   863.99999988   -23355.77680546
    2800    5.60000000 -0.39471538E-05  0.64750785E-08  0.44848795E-08   863.99999988   -23355.77381945
    2810    5.62000000 -0.38800806E-05  0.65004533E-08  0.45034999E-08   863.99999988   -23355.77087870
    2820    5.64000000 -0.38131140E-05  0.65135336E-08  0.45177643E-08   863.99999988   -23355.76798349
    2830    5.66000000 -0.37462518E-05  0.65135735E-08  0.45282181E-08   863.99999988   -23355.76513408
    2840    5.68000000 -0.36794823E-05  0.65001774E-08  0.45351468E-08   863.99999988   -23355.76233075
    2850    5.70000000 -0.36127880E-05  0.64730568E-08  0.45388540E-08   863.99999988   -23355.75957376
    2860    5.72000000 -0.35461474E-05  0.64318566E-08  0.45398662E-08   863.99999988   -23355.75686340
    2870    5.74000000 -0.34795401E-05  0.63767614E-08  0.45381274E-08   863.99999988   -23355.75419995
    2880    5.76000000 -0.34129475E-05  0.63076458E-08  0.45341712E-08   863.99999988   -23355.75158371
    2890    5.78000000 -0.33463559E-05  0.62252012E-08  0.45285019E-08   863.99999988   -23355.74901498
    2900    5.80000000 -0.32797574E-05  0.61297276E-08  0.45211098E-08   863.99999988   -23355.74649407
    2910    5.82000000 -0.32131495E-05  0.60216410E-08  0.45123778E-08   863.99999988   -23355.74402127
    2920    5.84000000 -0.31465372E-05  0.59014512E-08  0.45023779E-08   863.99999988   -23355.74159688
    2930    5.86000000 -0.30799321E-05  0.57698513E-08  0.44911124E-08   863.99999987   -23355.73922118
    2940    5.88000000 -0.30133516E-05  0.56277779E-08  0.44785919E-08   863.99999987   -23355.73689442
    2950    5.90000000 -0.29468183E-05  0.54762675E-08  0.44646622E-08   863.99999987   -23355.73461685
    2960    5.92000000 -0.28803584E-05  0.53162465E-08  0.44493440E-08   863.99999987   -23355.73238868
    2970    5.94000000 -0.28139995E-05  0.51489260E-08  0.44326075E-08   863.99999987   -23355.73021009
    2980    5.96000000 -0.27477661E-05  0.49752192E-08  0.44145719E-08   863.99999987   -23355.72808122
    2990    5.98000000 -0.26816786E-05  0.47965483E-08  0.43957047E-08   863.99999987   -23355.72600222
    3000    6.00000000 -0.26157490E-05  0.46143670E-08  0.43760841E-08   863.99999987   -23355.72397317
    3010    6.02000000 -0.25499801E-05  0.44301016E-08  0.43560851E-08   863.99999987   -23355.72199418
    3020    6.04000000 -0.24843629E-05  0.42449206E-08  0.43360508E-08   863.99999987   -23355.72006533
    3030    6.06000000 -0.24188753E-05  0.40601073E-08  0.43163953E-08   863.99999987   -23355.71818671
    3040    6.08000000 -0.23534804E-05  0.38769331E-08  0.42973238E-08   863.99999987   -23355.71635842
    3050    6.10000000 -0.22881282E-05  0.36966217E-08  0.42797155E-08   863.99999987   -23355.71458058
    3060    6.12000000 -0.22227542E-05  0.35202238E-08  0.42643639E-08   863.99999987   -23355.71285337
    3070    6.14000000 -0.21572808E-05  0.33488210E-08  0.42518281E-08   863.99999987   -23355.71117700
    3080    6.16000000 -0.20916177E-05  0.31833607E-08  0.42429943E-08   863.99999987   -23355.70955175
    3090    6.18000000 -0.20256643E-05  0.30245989E-08  0.42382572E-08   863.99999987   -23355.70797794
    3100    6.20000000 -0.19593111E-05  0.28730875E-08  0.42381955E-08   863.99999987   -23355.70645601
    3110    6.22000000 -0.18924438E-05  0.27294008E-08  0.42428944E-08   863.99999987   -23355.70498645
    3120    6.24000000 -0.18249457E-05  0.25941995E-08  0.42528186E-08   863.99999987   -23355.70356984
    3130    6.26000000 -0.17567038E-05  0.24675972E-08  0.42683871E-08   863.99999987   -23355.70220685
    3140    6.28000000 -0.16876117E-05  0.23501069E-08  0.42898255E-08   863.99999986   -23355.70089823
    3150    6.30000000 -0.16175740E-05  0.22414579E-08  0.43167970E-08   863.99999986   -23355.69964481
    3160    6.32000000 -0.15465109E-05  0.21424052E-08  0.43491508E-08   863.99999986   -23355.69844746
    3170    6.34000000 -0.14743617E-05  0.20524792E-08  0.43862016E-08   863.99999986   -23355.69730713
    3180    6.36000000 -0.14010893E-05  0.19718662E-08  0.44276532E-08   863.99999986   -23355.69622478
    3190    6.38000000 -0.13266809E-05  0.19002703E-08  0.44728144E-08   863.99999986   -23355.69520138
    3200    6.40000000 -0.12511501E-05  0.18378007E-08  0.45209102E-08   863.99999986   -23355.69423792
    3210    6.42000000 -0.11745379E-05  0.17844733E-08  0.45709820E-08   863.99999986   -23355.69333532
    3220    6.44000000 -0.10969111E-05  0.17400242E-08  0.46217589E-08   863.99999986   -23355.69249447
    3230    6.46000000 -0.10183617E-05  0.17040957E-08  0.46723288E-08   863.99999986   -23355.69171620
    3240    6.48000000 -0.93900363E-06  0.16761248E-08  0.47215848E-08   863.99999986   -23355.69100123
    3250    6.50000000 -0.85897045E-06  0.16557567E-08  0.47684435E-08   863.99999986   -23355.69035016
    3260    6.52000000 -0.77841092E-06  0.16424568E-08  0.48119529E-08   863.99999986   -23355.68976349
    3270    6.54000000 -0.69748580E-06  0.16356639E-08  0.48510110E-08   863.99999986   -23355.68924158
    3280    6.56000000 -0.61636355E-06  0.16348896E-08  0.48850786E-08   863.99999986   -23355.68878464
    3290    6.58000000 -0.53521556E-06  0.16394547E-08  0.49132916E-08   863.99999986   -23355.68839273
    3300    6.60000000 -0.45421121E-06  0.16485452E-08  0.49351013E-08   863.99999986   -23355.68806578
    3310    6.62000000 -0.37351246E-06  0.16612473E-08  0.49503321E-08   863.99999986   -23355.68780357
    3320    6.64000000 -0.29326764E-06  0.16766575E-08  0.49585293E-08   863.99999986   -23355.68760572
    3330    6.66000000 -0.21360825E-06  0.16939141E-08  0.49601284E-08   863.99999986   -23355.68747177
    3340    6.68000000 -0.13464513E-06  0.17120720E-08  0.49550656E-08   863.99999985   -23355.68740112
    3350    6.70000000 -0.56464172E-07  0.17301741E-08  0.49441292E-08   863.99999985   -23355.68739309
    3360    6.72000000  0.20876369E-07  0.17472683E-08  0.49279111E-08   863.99999985   -23355.68744694
    3370    6.74000000  0.97347556E-07  0.17620582E-08  0.49070129E-08   863.99999985   -23355.68756188
    3380    6.76000000  0.17294919E-06  0.17734122E-08  0.48823614E-08   863.99999985   -23355.68773709
    3390    6.78000000  0.24770960E-06  0.17798889E-08  0.48550140E-08   863.99999985   -23355.68797176
    3400    6.80000000  0.32168427E-06  0.17806707E-08  0.48262056E-08   863.99999985   -23355.68826511
    3410    6.82000000  0.39495368E-06  0.17746487E-08  0.47974022E-08   863.99999985   -23355.68861639
    3420    6.84000000  0.46761856E-06  0.17608123E-08  0.47694784E-08   863.99999985   -23355.68902494
    3430    6.86000000  0.53979695E-06  0.17380832E-08  0.47435475E-08   863.99999985   -23355.68949014
    3440    6.88000000  0.61161845E-06  0.17056739E-08  0.47204797E-08   863.99999985   -23355.69001150
    3450    6.90000000  0.68321983E-06  0.16626093E-08  0.47011746E-08   863.99999985   -23355.69058859
    3460    6.92000000  0.75473949E-06  0.16081686E-08  0.46868076E-08   863.99999985   -23355.69122110
    3470    6.94000000  0.82631087E-06  0.15418741E-08  0.46777323E-08   863.99999985   -23355.69190882
    3480    6.96000000  0.89805812E-06  0.14634787E-08  0.46743481E-08   863.99999985   -23355.69265162
    3490    6.98000000  0.97009031E-06  0.13727280E-08  0.46761840E-08   863.99999985   -23355.69344947
    3500    7.00000000  0.10424977E-05  0.12699477E-08  0.46833730E-08   863.99999985   -23355.69430239
    3510    7.02000000  0.11153487E-05  0.11552552E-08  0.46956071E-08   863.99999985   -23355.69521046
    3520    7.04000000  0.11886874E-05  0.10294051E-08  0.47124538E-08   863.99999985   -23355.69617380
    3530    7.06000000  0.12625329E-05  0.89310161E-09  0.47333104E-08   863.99999985   -23355.69719252
    3540    7.08000000  0.13368788E-05  0.74740343E-09  0.47571486E-08   863.99999985   -23355.69826677
    3550    7.10000000  0.14116935E-05  0.59351729E-09  0.47829211E-08   863.99999984   -23355.69939662
    3560    7.12000000  0.14869237E-05  0.43258836E-09  0.48098819E-08   863.99999984   -23355.70058213
    3570    7.14000000  0.15624966E-05  0.26627528E-09  0.48368590E-08   863.99999984   -23355.70182329
    3580    7.16000000  0.16383240E-05  0.95973384E-10  0.48626397E-08   863.99999984   -23355.70312003
    3590    7.18000000  0.17143067E-05 -0.76680367E-10  0.48865218E-08   863.99999984   -23355.70447216
    3600    7.20000000  0.17903384E-05 -0.24985886E-09  0.49078148E-08   863.99999984   -23355.70587945
    3610    7.22000000  0.18663121E-05 -0.42231707E-09  0.49257360E-08   863.99999984   -23355.70734154
    3620    7.24000000  0.19421239E-05 -0.59248312E-09  0.49397872E-08   863.99999984   -23355.70885799
    3630    7.26000000  0.20176791E-05 -0.75925869E-09  0.49496335E-08   863.99999984   -23355.71042827
    3640    7.28000000  0.20928963E-05 -0.92093432E-09  0.49550565E-08   863.99999984   -23355.71205179
    3650    7.30000000  0.21677113E-05 -0.10768259E-08  0.49563029E-08   863.99999984   -23355.71372788
    3660    7.32000000  0.22420802E-05 -0.12262794E-08  0.49535081E-08   863.99999984   -23355.71545583
    3670    7.34000000  0.23159805E-05 -0.13687663E-08  0.49472865E-08   863.99999984   -23355.71723488
    3680    7.36000000  0.23894127E-05 -0.15041213E-08  0.49381526E-08   863.99999984   -23355.71906428
    3690    7.38000000  0.24623985E-05 -0.16324562E-08  0.49267821E-08   863.99999984   -23355.72094325
    3700    7.40000000  0.25349797E-05 -0.17537575E-08  0.49136935E-08   863.99999984   -23355.72287107
    3710    7.42000000  0.26072150E-05 -0.18684422E-08  0.48994667E-08   863.99999984   -23355.72484700
    3720    7.44000000  0.26791767E-05 -0.19768083E-08  0.48848991E-08   863.99999984   -23355.72687037
    3730    7.46000000  0.27509447E-05 -0.20793595E-08  0.48706222E-08   863.99999984   -23355.72894056
    3740    7.48000000  0.28226027E-05 -0.21764911E-08  0.48572150E-08   863.99999984   -23355.73105701
    3750    7.50000000  0.28942316E-05 -0.22686500E-08  0.48445646E-08   863.99999984   -23355.73321918
    3760    7.52000000  0.29659048E-05 -0.23562141E-08  0.48326947E-08   863.99999983   -23355.73542661
    3770    7.54000000  0.30376819E-05 -0.24392893E-08  0.48212987E-08   863.99999983   -23355.73767888
    3780    7.56000000  0.31096049E-05 -0.25181328E-08  0.48099667E-08   863.99999983   -23355.73997557
    3790    7.58000000  0.31816958E-05 -0.25929682E-08  0.47980666E-08   863.99999983   -23355.74231631
    3800    7.60000000  0.32539531E-05 -0.26632908E-08  0.47850515E-08   863.99999983   -23355.74470070
    3810    7.62000000  0.33263503E-05 -0.27292602E-08  0.47703453E-08   863.99999983   -23355.74712834
    3820    7.64000000  0.33988362E-05 -0.27899650E-08  0.47526994E-08   863.99999983   -23355.74959877
    3830    7.66000000  0.34713356E-05 -0.28449475E-08  0.47312116E-08   863.99999983   -23355.75211152
    3840    7.68000000  0.35437533E-05 -0.28937174E-08  0.47047041E-08   863.99999983   -23355.75466599
    3850    7.70000000  0.36159768E-05 -0.29358684E-08  0.46723562E-08   863.99999983   -23355.75726155
    3860    7.72000000  0.36878824E-05 -0.29708574E-08  0.46331704E-08   863.99999983   -23355.75989745
    3870    7.74000000  0.37593393E-05 -0.29978602E-08  0.45870113E-08   863.99999983   -23355.76257286
    3880    7.76000000  0.38302175E-05 -0.30169491E-08  0.45332717E-08   863.99999983   -23355.76528684
    3890    7.78000000  0.39003936E-05 -0.30278862E-08  0.44723480E-08   863.99999983   -23355.76803836
    3900    7.80000000  0.39697563E-05 -0.30311398E-08  0.44046000E-08   863.99999983   -23355.77082631
    3910    7.82000000  0.40382123E-05 -0.30275986E-08  0.43304174E-08   863.99999983   -23355.77364950
    3920    7.84000000  0.41056911E-05 -0.30179714E-08  0.42509419E-08   863.99999983   -23355.77650670
    3930    7.86000000  0.41721475E-05 -0.30036224E-08  0.41672974E-08   863.99999983   -23355.77939661
    3940    7.88000000  0.42375646E-05 -0.29861331E-08  0.40809889E-08   863.99999983   -23355.78231794
    3950    7.90000000  0.43019564E-05 -0.29674326E-08  0.39940813E-08   863.99999983   -23355.78526938
    3960    7.92000000  0.43653672E-05 -0.29491277E-08  0.39087177E-08   863.99999983   -23355.78824965
    3970    7.94000000  0.44278711E-05 -0.29335365E-08  0.38270470E-08   863.99999983   -23355.79125752
    3980    7.96000000  0.44895697E-05 -0.29224282E-08  0.37511240E-08   863.99999982   -23355.79429180
    3990    7.98000000  0.45505881E-05 -0.29181989E-08  0.36826693E-08   863.99999982   -23355.79735138
    4000    8.00000000  0.46110695E-05 -0.29228915E-08  0.36235016E-08   863.99999982   -23355.80043527
    4010    8.02000000  0.46711692E-05 -0.29381395E-08  0.35752912E-08   863.99999982   -23355.80354254
    4020    8.04000000  0.47310457E-05 -0.29655427E-08  0.35393016E-08   863.99999982   -23355.80667238
    4030    8.06000000  0.47908529E-05 -0.30060501E-08  0.35168395E-08   863.99999982   -23355.80982409
    4040    8.08000000  0.48507322E-05 -0.30604752E-08  0.35084788E-08   863.99999982   -23355.81299703
    4050    8.10000000  0.49108071E-05 -0.31295066E-08  0.35144014E-08   863.99999982   -23355.81619067
    4060    8.12000000  0.49711763E-05 -0.32133080E-08  0.35338266E-08   863.99999982   -23355.81940453
    4070    8.14000000  0.50319103E-05 -0.33118069E-08  0.35659541E-08   863.99999982   -23355.82263819
    4080    8.16000000  0.50930476E-05 -0.34247498E-08  0.36093550E-08   863.99999982   -23355.82589124
    4090    8.18000000  0.51545945E-05 -0.35512113E-08  0.36623877E-08   863.99999982   -23355.82916328
    4100    8.20000000  0.52165237E-05 -0.36901331E-08  0.37232249E-08   863.99999982   -23355.83245391
    4110    8.22000000  0.52787757E-05 -0.38399869E-08  0.37894497E-08   863.99999982   -23355.83576266
    4120    8.24000000  0.53412600E-05 -0.39995225E-08  0.38587511E-08   863.99999982   -23355.83908903
    4130    8.26000000  0.54038612E-05 -0.41667562E-08  0.39286670E-08   863.99999982   -23355.84243245
    4140    8.28000000  0.54664423E-05 -0.43397285E-08  0.39966258E-08   863.99999982   -23355.84579225
    4150    8.30000000  0.55288531E-05 -0.45164128E-08  0.40601596E-08   863.99999982   -23355.84916768
    4160    8.32000000  0.55909368E-05 -0.46948896E-08  0.41169494E-08   863.99999982   -23355.85255788
    4170    8.34000000  0.56525385E-05 -0.48735539E-08  0.41647907E-08   863.99999982   -23355.85596190
    4180    8.36000000  0.57135120E-05 -0.50508482E-08  0.42021489E-08   863.99999982   -23355.85937870
    4190    8.38000000  0.57737283E-05 -0.52251466E-08  0.42271376E-08   863.99999982   -23355.86280716
    4200    8.40000000  0.58330804E-05 -0.53950112E-08  0.42387585E-08   863.99999981   -23355.86624610
    4210    8.42000000  0.58914884E-05 -0.55588523E-08  0.42361145E-08   863.99999981   -23355.86969426
    4220    8.44000000  0.59489016E-05 -0.57156838E-08  0.42186465E-08   863.99999981   -23355.87315039
    4230    8.46000000  0.60052989E-05 -0.58644584E-08  0.41866346E-08   863.99999981   -23355.87661321
    4240    8.48000000  0.60606886E-05 -0.60046259E-08  0.41400870E-08   863.99999981   -23355.88008142
    4250    8.50000000  0.61151067E-05 -0.61351724E-08  0.40796691E-08   863.99999981   -23355.88355377
    4260    8.52000000  0.61686131E-05 -0.62555351E-08  0.40062859E-08   863.99999981   -23355.88702904
    4270    8.54000000  0.62212855E-05 -0.63650619E-08  0.39209729E-08   863.99999981   -23355.89050605
    4280    8.56000000  0.62732143E-05 -0.64631793E-08  0.38248580E-08   863.99999981   -23355.89398367
    4290    8.58000000  0.63244962E-05 -0.65494024E-08  0.37193697E-08   863.99999981   -23355.89746085
    4300    8.60000000  0.63752254E-05 -0.66230888E-08  0.36056864E-08   863.99999981   -23355.90093657
    4310    8.62000000  0.64254876E-05 -0.66836789E-08  0.34851516E-08   863.99999981   -23355.90440989
    4320    8.64000000  0.64753544E-05 -0.67307234E-08  0.33590679E-08   863.99999981   -23355.90787989
    4330    8.66000000  0.65248773E-05 -0.67637374E-08  0.32289711E-08   863.99999981   -23355.91134571
    4340    8.68000000  0.65740860E-05 -0.67827828E-08  0.30960047E-08   863.99999981   -23355.91480649
    4350    8.70000000  0.66229854E-05 -0.67880933E-08  0.29615185E-08   863.99999981   -23355.91826141
    4360    8.72000000  0.66715560E-05 -0.67801569E-08  0.28263285E-08   863.99999981   -23355.92170963
    4370    8.74000000  0.67197553E-05 -0.67596974E-08  0.26913362E-08   863.99999981   -23355.92515030
    4380    8.76000000  0.67675210E-05 -0.67273956E-08  0.25576722E-08   863.99999981   -23355.92858254
    4390    8.78000000  0.68147753E-05 -0.66842994E-08  0.24268022E-08   863.99999981   -23355.93200545
    4400    8.80000000  0.68614306E-05 -0.66316556E-08  0.22996374E-08   863.99999981   -23355.93541808
    4410    8.82000000  0.69073950E-05 -0.65706218E-08  0.21775857E-08   863.99999981   -23355.93881946
    4420    8.84000000  0.69525792E-05 -0.65030019E-08  0.20613797E-08   863.99999981   -23355.94220857
    4430    8.86000000  0.69969039E-05 -0.64308183E-08  0.19522296E-08   863.99999980   -23355.94558436
    4440    8.88000000  0.70403056E-05 -0.63562303E-08  0.18512278E-08   863.99999980   -23355.94894575
    4450    8.90000000  0.70827422E-05 -0.62816873E-08  0.17601315E-08   863.99999980   -23355.95229167
    4460    8.92000000  0.71241975E-05 -0.62096977E-08  0.16799818E-08   863.99999980   -23355.95562100
    4470    8.94000000  0.71646841E-05 -0.61426647E-08  0.16123576E-08   863.99999980   -23355.95893269
    4480    8.96000000  0.72042456E-05 -0.60829838E-08  0.15586290E-08   863.99999980   -23355.96222568
    4490    8.98000000  0.72429564E-05 -0.60336110E-08  0.15199269E-08   863.99999980   -23355.96549894
    4500    9.00000000  0.72809213E-05 -0.59971377E-08  0.14971351E-08   863.99999980   -23355.96875154
    4510    9.02000000  0.73182718E-05 -0.59764735E-08  0.14909348E-08   863.99999980   -23355.97198256
    4520    9.04000000  0.73551609E-05 -0.59739108E-08  0.15018083E-08   863.99999980   -23355.97519118
    4530    9.06000000  0.73917573E-05 -0.59919095E-08  0.15297541E-08   863.99999980   -23355.97837664
    4540    9.08000000  0.74282374E-05 -0.60317264E-08  0.15745192E-08   863.99999980   -23355.98153829
    4550    9.10000000  0.74647766E-05 -0.60949957E-08  0.16355079E-08   863.99999980   -23355.98467553
    4560    9.12000000  0.75015410E-05 -0.61821304E-08  0.17116868E-08   863.99999980   -23355.98778783
    4570    9.14000000  0.75386769E-05 -0.62930396E-08  0.18014814E-08   863.99999980   -23355.99087473
    4580    9.16000000  0.75763047E-05 -0.64270253E-08  0.19025824E-08   863.99999980   -23355.99393582
    4590    9.18000000  0.76145115E-05 -0.65825674E-08  0.20127470E-08   863.99999980   -23355.99697074
    4600    9.20000000  0.76533459E-05 -0.67576345E-08  0.21283356E-08   863.99999980   -23355.99997911
    4610    9.22000000  0.76928153E-05 -0.69492405E-08  0.22463338E-08   863.99999980   -23356.00296058
    4620    9.24000000  0.77328847E-05 -0.71540028E-08  0.23627416E-08   863.99999980   -23356.00591479
    4630    9.26000000  0.77734765E-05 -0.73683208E-08  0.24737977E-08   863.99999980   -23356.00884133
    4640    9.28000000  0.78144733E-05 -0.75879062E-08  0.25757429E-08   863.99999980   -23356.01173976
    4650    9.30000000  0.78557198E-05 -0.78088080E-08  0.26646476E-08   863.99999980   -23356.01460956
    4660    9.32000000  0.78970291E-05 -0.80271307E-08  0.27370125E-08   863.99999980   -23356.01745018
    4670    9.34000000  0.79381885E-05 -0.82392252E-08  0.27891680E-08   863.99999980   -23356.02026097
    4680    9.36000000  0.79789671E-05 -0.84414190E-08  0.28183721E-08   863.99999979   -23356.02304121
    4690    9.38000000  0.80191245E-05 -0.86302628E-08  0.28222324E-08   863.99999979   -23356.02579010
    4700    9.40000000  0.80584198E-05 -0.88025359E-08  0.27991928E-08   863.99999979   -23356.02850677
    4710    9.42000000  0.80966202E-05 -0.89556233E-08  0.27484313E-08   863.99999979   -23356.03119030
    4720    9.44000000  0.81335096E-05 -0.90876027E-08  0.26697012E-08   863.99999979   -23356.03383968
    4730    9.46000000  0.81688973E-05 -0.91969934E-08  0.25638823E-08   863.99999979   -23356.03645389
    4740    9.48000000  0.82026247E-05 -0.92826566E-08  0.24322782E-08   863.99999979   -23356.03903186
    4750    9.50000000  0.82345706E-05 -0.93441862E-08  0.22770144E-08   863.99999979   -23356.04157250
    4760    9.52000000  0.82646564E-05 -0.93813313E-08  0.21010247E-08   863.99999979   -23356.04407473
    4770    9.54000000  0.82928472E-05 -0.93944272E-08  0.19073984E-08   863.99999979   -23356.04653748
    4780    9.56000000  0.83191529E-05 -0.93842535E-08  0.16997854E-08   863.99999979   -23356.04895973
    4790    9.58000000  0.83436269E-05 -0.93527164E-08  0.14823989E-08   863.99999979   -23356.05134047
    4800    9.60000000  0.83663632E-05 -0.93019166E-08  0.12588469E-08   863.99999979   -23356.05367876
    4810    9.62000000  0.83874910E-05 -0.92341687E-08  0.10336477E-08   863.99999979   -23356.05597373
    4820    9.64000000  0.84071695E-05 -0.91523211E-08  0.81074024E-09   863.99999979   -23356.05822457
    4830    9.66000000  0.84255797E-05 -0.90596665E-08  0.59497004E-09   863.99999979   -23356.06043055
    4840    9.68000000  0.84429166E-05 -0.89595453E-08  0.38974503E-09   863.99999979   -23356.06259100
    4850    9.70000000  0.84593814E-05 -0.88551891E-08  0.19855551E-09   863.99999979   -23356.06470535
    4860    9.72000000  0.84751719E-05 -0.87502049E-08  0.24245740E-10   863.99999979   -23356.06677307
    4870    9.74000000  0.84904761E-05 -0.86477322E-08 -0.13094044E-09   863.99999979   -23356.06879372
    4880    9.76000000  0.85054641E-05 -0.85509497E-08 -0.26476850E-09   863.99999979   -23356.07076688
    4890    9.78000000  0.85202821E-05 -0.84627719E-08 -0.37637768E-09   863.99999979   -23356.07269221
    4900    9.80000000  0.85350491E-05 -0.83862491E-08 -0.46476758E-09   863.99999979   -23356.07456938
    4910    9.82000000  0.85498540E-05 -0.83235788E-08 -0.52962034E-09   863.99999979   -23356.07639812
    4920    9.84000000  0.85647559E-05 -0.82771121E-08 -0.57142785E-09   863.99999979   -23356.07817814
    4930    9.86000000  0.85797855E-05 -0.82486119E-08 -0.59095188E-09   863.99999978   -23356.07990918
    4940    9.88000000  0.85949475E-05 -0.82394420E-08 -0.58924121E-09   863.99999978   -23356.08159100
    4950    9.90000000  0.86102238E-05 -0.82506531E-08 -0.56788886E-09   863.99999978   -23356.08322332
    4960    9.92000000  0.86255778E-05 -0.82834034E-08 -0.52859192E-09   863.99999978   -23356.08480589
    4970    9.94000000  0.86409607E-05 -0.83376979E-08 -0.47327141E-09   863.99999978   -23356.08633845
    4980    9.96000000  0.86563170E-05 -0.84135612E-08 -0.40402575E-09   863.99999978   -23356.08782070
    4990    9.98000000  0.86715895E-05 -0.85102672E-08 -0.32256781E-09   863.99999978   -23356.08925239
    5000   10.00000000  0.86867256E-05 -0.86267842E-08 -0.23073378E-09   863.99999978   -23356.09063320
    5010   10.02000000  0.87016814E-05 -0.87618771E-08 -0.13007590E-09   863.99999978   -23356.09196287
    5020   10.04000000  0.87164272E-05 -0.89142083E-08 -0.22713155E-10   863.99999978   -23356.09324109
    5030   10.06000000  0.87309488E-05 -0.90821592E-08  0.89735762E-10   863.99999978   -23356.09446759
    5040   10.08000000  0.87452506E-05 -0.92637767E-08  0.20577733E-09   863.99999978   -23356.09564207
    5050   10.10000000  0.87593538E-05 -0.94565983E-08  0.32437096E-09   863.99999978   -23356.09676428
    5060   10.12000000  0.87732944E-05 -0.96581596E-08  0.44444886E-09   863.99999978   -23356.09783395
    5070   10.14000000  0.87871186E-05 -0.98655589E-08  0.56481814E-09   863.99999978   -23356.09885084
    5080   10.16000000  0.88008784E-05 -0.10075768E-07  0.68408783E-09   863.99999978   -23356.09981469
    5090   10.18000000  0.88146255E-05 -0.10285598E-07  0.80116539E-09   863.99999978   -23356.10072529
    5100   10.20000000  0.88284055E-05 -0.10491882E-07  0.91499240E-09   863.99999978   -23356.10158242
    5110   10.22000000  0.88422511E-05 -0.10691202E-07  0.10245002E-08   863.99999978   -23356.10238587
    5120   10.24000000  0.88561761E-05 -0.10879753E-07  0.11287625E-08   863.99999978   -23356.10313542
    5130   10.26000000  0.88701724E-05 -0.11053910E-07  0.12264456E-08   863.99999978   -23356.10383088
    5140   10.28000000  0.88842046E-05 -0.11210472E-07  0.13163499E-08   863.99999978   -23356.10447203
    5150   10.30000000  0.88982091E-05 -0.11346318E-07  0.13971232E-08   863.99999978   -23356.10505868
    5160   10.32000000  0.89120937E-05 -0.11458298E-07  0.14674625E-08   863.99999978   -23356.10559061
    5170   10.34000000  0.89257399E-05 -0.11544035E-07  0.15262699E-08   863.99999978   -23356.10606761
    5180   10.36000000  0.89390049E-05 -0.11601309E-07  0.15722684E-08   863.99999978   -23356.10648948
    5190   10.38000000  0.89517277E-05 -0.11628677E-07  0.16047056E-08   863.99999977   -23356.10685602
    5200   10.40000000  0.89637338E-05 -0.11625258E-07  0.16225643E-08   863.99999977   -23356.10716702
    5210   10.42000000  0.89748425E-05 -0.11590788E-07  0.16253457E-08   863.99999977   -23356.10742229
    5220   10.44000000  0.89848736E-05 -0.11525854E-07  0.16130257E-08   863.99999977   -23356.10762167
    5230   10.46000000  0.89936537E-05 -0.11431572E-07  0.15855985E-08   863.99999977   -23356.10776499
    5240   10.48000000  0.90010225E-05 -0.11309716E-07  0.15438310E-08   863.99999977   -23356.10785213
    5250   10.50000000  0.90068389E-05 -0.11163298E-07  0.14888063E-08   863.99999977   -23356.10788297
    5260   10.52000000  0.90109855E-05 -0.10995698E-07  0.14215988E-08   863.99999977   -23356.10785746
    5270   10.54000000  0.90133729E-05 -0.10810953E-07  0.13437264E-08   863.99999977   -23356.10777554
    5280   10.56000000  0.90139420E-05 -0.10613211E-07  0.12566738E-08   863.99999977   -23356.10763723
    5290   10.58000000  0.90126658E-05 -0.10407340E-07  0.11622899E-08   863.99999977   -23356.10744255
    5300   10.60000000  0.90095497E-05 -0.10198581E-07  0.10623801E-08   863.99999977   -23356.10719159
    5310   10.62000000  0.90046304E-05 -0.99924214E-08  0.95896425E-09   863.99999977   -23356.10688445
    5320   10.64000000  0.89979723E-05 -0.97946704E-08  0.85359948E-09   863.99999977   -23356.10652129
    5330   10.66000000  0.89896646E-05 -0.96106953E-08  0.74784409E-09   863.99999977   -23356.10610228
    5340   10.68000000  0.89798152E-05 -0.94457643E-08  0.64265324E-09   863.99999977   -23356.10562765
    5350   10.70000000  0.89685472E-05 -0.93042148E-08  0.53913851E-09   863.99999977   -23356.10509763
    5360   10.72000000  0.89559923E-05 -0.91903414E-08  0.43800035E-09   863.99999977   -23356.10451248
    5370   10.74000000  0.89422861E-05 -0.91075800E-08  0.33965528E-09   863.99999977   -23356.10387248
    5380   10.76000000  0.89275631E-05 -0.90585721E-08  0.24465463E-09   863.99999977   -23356.10317793
    5390   10.78000000  0.89119542E-05 -0.90456047E-08  0.15288820E-09   863.99999977   -23356.10242914
    5400   10.80000000  0.88955843E-05 -0.90697085E-08  0.63933505E-10   863.99999977   -23356.10162643
    5410   10.82000000  0.88785708E-05 -0.91310834E-08 -0.22545212E-10   863.99999977   -23356.10077012
    5420   10.84000000  0.88610226E-05 -0.92287979E-08 -0.10745937E-09   863.99999977   -23356.09986055
    5430   10.86000000  0.88430398E-05 -0.93610466E-08 -0.19182631E-09   863.99999977   -23356.09889804
    5440   10.88000000  0.88247145E-05 -0.95255691E-08 -0.27651235E-09   863.99999977   -23356.09788295
    5450   10.90000000  0.88061317E-05 -0.97187130E-08 -0.36268606E-09   863.99999976   -23356.09681558
    5460   10.92000000  0.87873702E-05 -0.99370668E-08 -0.45128987E-09   863.99999976   -23356.09569629
    5470   10.94000000  0.87685032E-05 -0.10175962E-07 -0.54324127E-09   863.99999976   -23356.09452540
    5480   10.96000000  0.87495989E-05 -0.10430342E-07 -0.63961488E-09   863.99999976   -23356.09330323
    5490   10.98000000  0.87307207E-05 -0.10695177E-07 -0.74051324E-09   863.99999976   -23356.09203010
    5500   11.00000000  0.87119283E-05 -0.10964708E-07 -0.84689630E-09   863.99999976   -23356.09070633
    5510   11.02000000  0.86932754E-05 -0.11233863E-07 -0.95852827E-09   863.99999976   -23356.08933223
    5520   11.04000000  0.86748107E-05 -0.11497096E-07 -0.10748259E-08   863.99999976   -23356.08790808
    5530   11.06000000  0.86565749E-05 -0.11748800E-07 -0.11947417E-08   863.99999976   -23356.08643418
    5540   11.08000000  0.86385997E-05 -0.11983576E-07 -0.13166946E-08   863.99999976   -23356.08491082
    5550   11.10000000  0.86209057E-05 -0.12196319E-07 -0.14387495E-08   863.99999976   -23356.08333827
    5560   11.12000000  0.86035023E-05 -0.12382687E-07 -0.15584610E-08   863.99999976   -23356.08171680
    5570   11.14000000  0.85863861E-05 -0.12538987E-07 -0.16728768E-08   863.99999976   -23356.08004667
    5580   11.16000000  0.85695424E-05 -0.12661674E-07 -0.17785160E-08   863.99999976   -23356.07832816
    5590   11.18000000  0.85529456E-05 -0.12747954E-07 -0.18716182E-08   863.99999976   -23356.07656153
    5600   11.20000000  0.85365595E-05 -0.12795281E-07 -0.19477706E-08   863.99999976   -23356.07474705
    5610   11.22000000  0.85203393E-05 -0.12802117E-07 -0.20028913E-08   863.99999976   -23356.07288501
    5620   11.24000000  0.85042339E-05 -0.12767655E-07 -0.20327255E-08   863.99999976   -23356.07097569
    5630   11.26000000  0.84881875E-05 -0.12691728E-07 -0.20335076E-08   863.99999976   -23356.06901939
    5640   11.28000000  0.84721420E-05 -0.12574670E-07 -0.20012948E-08   863.99999976   -23356.06701643
    5650   11.30000000  0.84560374E-05 -0.12417535E-07 -0.19325338E-08   863.99999976   -23356.06496714
    5660   11.32000000  0.84398149E-05 -0.12222029E-07 -0.18241182E-08   863.99999976   -23356.06287188
    5670   11.34000000  0.84234171E-05 -0.11990085E-07 -0.16738446E-08   863.99999976   -23356.06073100
    5680   11.36000000  0.84067900E-05 -0.11724844E-07 -0.14802577E-08   863.99999976   -23356.05854490
    5690   11.38000000  0.83898828E-05 -0.11429721E-07 -0.12429284E-08   863.99999976   -23356.05631398
    5700   11.40000000  0.83726475E-05 -0.11108553E-07 -0.96194645E-09   863.99999976   -23356.05403867
    5710   11.42000000  0.83550383E-05 -0.10765386E-07 -0.63800608E-09   863.99999975   -23356.05171942
    5720   11.44000000  0.83370091E-05 -0.10405021E-07 -0.27324052E-09   863.99999975   -23356.04935669
    5730   11.46000000  0.83185126E-05 -0.10032415E-07  0.12932622E-09   863.99999975   -23356.04695099
    5740   11.48000000  0.82994973E-05 -0.96528121E-08  0.56545940E-09   863.99999975   -23356.04450282
    5750   11.50000000  0.82799061E-05 -0.92715968E-08  0.10304124E-08   863.99999975   -23356.04201273
    5760   11.52000000  0.82596747E-05 -0.88943254E-08  0.15185296E-08   863.99999975   -23356.03948128
    5770   11.54000000  0.82387307E-05 -0.85261381E-08  0.20235589E-08   863.99999975   -23356.03690909
    5780   11.56000000  0.82169941E-05 -0.81724386E-08  0.25385976E-08   863.99999975   -23356.03429680
    5790   11.58000000  0.81943783E-05 -0.78385620E-08  0.30560257E-08   863.99999975   -23356.03164509
    5800   11.60000000  0.81707930E-05 -0.75297084E-08  0.35675545E-08   863.99999975   -23356.02895469
    5810   11.62000000  0.81461466E-05 -0.72508108E-08  0.40658126E-08   863.99999975   -23356.02622638
    5820   11.64000000  0.81203487E-05 -0.70064577E-08  0.45426969E-08   863.99999975   -23356.02346099
    5830   11.66000000  0.80933149E-05 -0.68011240E-08  0.49905764E-08   863.99999975   -23356.02065938
    5840   11.68000000  0.80649710E-05 -0.66388139E-08  0.54021703E-08   863.99999975   -23356.01782249
    5850   11.70000000  0.80352565E-05 -0.65233928E-08  0.57705156E-08   863.99999975   -23356.01495130
    5860   11.72000000  0.80041269E-05 -0.64575816E-08  0.60893453E-08   863.99999975   -23356.01204681
    5870   11.74000000  0.79715575E-05 -0.64445712E-08  0.63531435E-08   863.99999975   -23356.00911007
    5880   11.76000000  0.79375430E-05 -0.64857390E-08  0.65575602E-08   863.99999975   -23356.00614218
    5890   11.78000000  0.79021000E-05 -0.65824306E-08  0.66990835E-08   863.99999975   -23356.00314424
    5900   11.80000000  0.78652675E-05 -0.67348316E-08  0.67752597E-08   863.99999975   -23356.00011736
    5910   11.82000000  0.78271057E-05 -0.69422669E-08  0.67847677E-08   863.99999975   -23355.99706267
    5920   11.84000000  0.77876946E-05 -0.72032090E-08  0.67275416E-08   863.99999975   -23355.99398129
    5930   11.86000000  0.77471308E-05 -0.75145755E-08  0.66045502E-08   863.99999975   -23355.99087431
    5940   11.88000000  0.77055239E-05 -0.78725788E-08  0.64173921E-08   863.99999975   -23355.98774283
    5950   11.90000000  0.76629907E-05 -0.82719901E-08  0.61689730E-08   863.99999975   -23355.98458788
    5960   11.92000000  0.76196508E-05 -0.87069367E-08  0.58626312E-08   863.99999974   -23355.98141048
    5970   11.94000000  0.75756213E-05 -0.91708523E-08  0.55028635E-08   863.99999974   -23355.97821162
    5980   11.96000000  0.75310111E-05 -0.96562309E-08  0.50950647E-08   863.99999974   -23355.97499222
    5990   11.98000000  0.74859159E-05 -0.10154898E-07  0.46451692E-08   863.99999974   -23355.97175321
    6000   12.00000000  0.74404135E-05 -0.10658395E-07  0.41590606E-08   863.99999974   -23355.96849544
    6010   12.02000000  0.73945609E-05 -0.11157544E-07  0.36432712E-08   863.99999974   -23355.96521976
    6020   12.04000000  0.73483932E-05 -0.11643917E-07  0.31044235E-08   863.99999974   -23355.96192702
    6030   12.06000000  0.73019217E-05 -0.12108948E-07  0.25489253E-08   863.99999974   -23355.95861802
    6040   12.08000000  0.72551347E-05 -0.12544727E-07  0.19838810E-08   863.99999974   -23355.95529360
    6050   12.10000000  0.72080002E-05 -0.12943734E-07  0.14156134E-08   863.99999974   -23355.95195459
    6060   12.12000000  0.71604689E-05 -0.13299295E-07  0.85082184E-09   863.99999974   -23355.94860185
    6070   12.14000000  0.71124792E-05 -0.13605231E-07  0.29581437E-09   863.99999974   -23355.94523628
    6080   12.16000000  0.70639636E-05 -0.13856264E-07 -0.24336061E-09   863.99999974   -23355.94185880
    6090   12.18000000  0.70148542E-05 -0.14048475E-07 -0.76125725E-09   863.99999974   -23355.93847036
    6100   12.20000000  0.69650876E-05 -0.14178218E-07 -0.12522592E-08   863.99999974   -23355.93507198
    6110   12.22000000  0.69146113E-05 -0.14243671E-07 -0.17114814E-08   863.99999974   -23355.93166469
    6120   12.24000000  0.68633888E-05 -0.14243605E-07 -0.21343548E-08   863.99999974   -23355.92824956
    6130   12.26000000  0.68114033E-05 -0.14178168E-07 -0.25170474E-08   863.99999974   -23355.92482767
    6140   12.28000000  0.67586604E-05 -0.14048765E-07 -0.28557534E-08   863.99999974   -23355.92140014
    6150   12.30000000  0.67051888E-05 -0.13857495E-07 -0.31468935E-08   863.99999974   -23355.91796805
    6160   12.32000000  0.66510411E-05 -0.13607234E-07 -0.33876049E-08   863.99999974   -23355.91453249
    6170   12.34000000  0.65962927E-05 -0.13301989E-07 -0.35753102E-08   863.99999974   -23355.91109453
    6180   12.36000000  0.65410394E-05 -0.12945951E-07 -0.37079774E-08   863.99999974   -23355.90765519
    6190   12.38000000  0.64853935E-05 -0.12544399E-07 -0.37841167E-08   863.99999973   -23355.90421544
    6200   12.40000000  0.64294799E-05 -0.12102982E-07 -0.38023515E-08   863.99999973   -23355.90077618
    6210   12.42000000  0.63734302E-05 -0.11627315E-07 -0.37618340E-08   863.99999973   -23355.89733826
    6220   12.44000000  0.63173768E-05 -0.11123152E-07 -0.36625061E-08   863.99999973   -23355.89390245
    6230   12.46000000  0.62614472E-05 -0.10596625E-07 -0.35050481E-08   863.99999973   -23355.89046943
    6240   12.48000000  0.62057584E-05 -0.10053448E-07 -0.32907938E-08   863.99999973   -23355.88703983
    6250   12.50000000  0.61504105E-05 -0.94993734E-08 -0.30212760E-08   863.99999973   -23355.88361419
    6260   12.52000000  0.60954831E-05 -0.89398986E-08 -0.26987588E-08   863.99999973   -23355.88019301
    6270   12.54000000  0.60410335E-05 -0.83803933E-08 -0.23259838E-08   863.99999973   -23355.87677673
    6280   12.56000000  0.59870950E-05 -0.78259032E-08 -0.19068206E-08   863.99999973   -23355.87336576
    6290   12.58000000  0.59336765E-05 -0.72809813E-08 -0.14460713E-08   863.99999973   -23355.86996046
    6300   12.60000000  0.58807653E-05 -0.67499606E-08 -0.94875089E-09   863.99999973   -23355.86656123
    6310   12.62000000  0.58283286E-05 -0.62365198E-08 -0.42070294E-09   863.99999973   -23355.86316842
    6320   12.64000000  0.57763174E-05 -0.57435876E-08  0.13218920E-09   863.99999973   -23355.85978243
    6330   12.66000000  0.57246678E-05 -0.52736940E-08  0.70338431E-09   863.99999973   -23355.85640366
    6340   12.68000000  0.56733059E-05 -0.48285741E-08  0.12864641E-08   863.99999973   -23355.85303255
    6350   12.70000000  0.56221504E-05 -0.44097115E-08  0.18743830E-08   863.99999973   -23355.84966959
    6360   12.72000000  0.55711152E-05 -0.40181162E-08  0.24606892E-08   863.99999973   -23355.84631530
    6370   12.74000000  0.55201125E-05 -0.36543593E-08  0.30391806E-08   863.99999973   -23355.84297024
    6380   12.76000000  0.54690539E-05 -0.33188118E-08  0.36037433E-08   863.99999973   -23355.83963503
    6390   12.78000000  0.54178539E-05 -0.30110232E-08  0.41482883E-08   863.99999973   -23355.83631034
    6400   12.80000000  0.53664321E-05 -0.27311599E-08  0.46676481E-08   863.99999973   -23355.83299688
    6410   12.82000000  0.53147165E-05 -0.24786589E-08  0.51571475E-08   863.99999973   -23355.82969541
    6420   12.84000000  0.52626445E-05 -0.22532220E-08  0.56128648E-08   863.99999972   -23355.82640674
    6430   12.86000000  0.52101644E-05 -0.20543470E-08  0.60316974E-08   863.99999972   -23355.82313171
    6440   12.88000000  0.51572357E-05 -0.18815172E-08  0.64110863E-08   863.99999972   -23355.81987116
    6450   12.90000000  0.51038299E-05 -0.17341172E-08  0.67488780E-08   863.99999972   -23355.81662601
    6460   12.92000000  0.50499287E-05 -0.16114212E-08  0.70438910E-08   863.99999972   -23355.81339713
    6470   12.94000000  0.49955224E-05 -0.15127535E-08  0.72952872E-08   863.99999972   -23355.81018546
    6480   12.96000000  0.49406086E-05 -0.14372329E-08  0.75027980E-08   863.99999972   -23355.80699190
    6490   12.98000000  0.48851892E-05 -0.13840278E-08  0.76664617E-08   863.99999972   -23355.80381738
    6500   13.00000000  0.48292672E-05 -0.13523674E-08  0.77866052E-08   863.99999972   -23355.80066279
    6510   13.02000000  0.47728451E-05 -0.13418002E-08  0.78637063E-08   863.99999972   -23355.79752906
    6520   13.04000000  0.47159219E-05 -0.13521989E-08  0.78986330E-08   863.99999972   -23355.79441710
    6530   13.06000000  0.46584914E-05 -0.13826664E-08  0.78922148E-08   863.99999972   -23355.79132781
    6540   13.08000000  0.46005405E-05 -0.14331349E-08  0.78451198E-08   863.99999972   -23355.78826212
    6550   13.10000000  0.45420492E-05 -0.15031692E-08  0.77579980E-08   863.99999972   -23355.78522094
    6560   13.12000000  0.44829895E-05 -0.15925988E-08  0.76314910E-08   863.99999972   -23355.78220522
    6570   13.14000000  0.44233259E-05 -0.17014648E-08  0.74666500E-08   863.99999972   -23355.77921591
    6580   13.16000000  0.43630163E-05 -0.18297914E-08  0.72643137E-08   863.99999972   -23355.77625401
    6590   13.18000000  0.43020132E-05 -0.19775846E-08  0.70250486E-08   863.99999972   -23355.77332053
    6600   13.20000000  0.42402663E-05 -0.21451166E-08  0.67497399E-08   863.99999972   -23355.77041652
    6610   13.22000000  0.41777240E-05 -0.23324915E-08  0.64387351E-08   863.99999972   -23355.76754307
    6620   13.24000000  0.41143365E-05 -0.25399213E-08  0.60931568E-08   863.99999972   -23355.76470129
    6630   13.26000000  0.40500579E-05 -0.27677996E-08  0.57141716E-08   863.99999972   -23355.76189233
    6640   13.28000000  0.39848488E-05 -0.30165945E-08  0.53032535E-08   863.99999971   -23355.75911739
    6650   13.30000000  0.39186780E-05 -0.32864724E-08  0.48623283E-08   863.99999971   -23355.75637766
    6660   13.32000000  0.38515238E-05 -0.35772227E-08  0.43940954E-08   863.99999971   -23355.75367439
    6670   13.34000000  0.37833749E-05 -0.38888673E-08  0.39013283E-08   863.99999971   -23355.75100881
    6680   13.36000000  0.37142316E-05 -0.42206442E-08  0.33877109E-08   863.99999971   -23355.74838217
    6690   13.38000000  0.36441038E-05 -0.45710815E-08  0.28575154E-08   863.99999971   -23355.74579570
    6700   13.40000000  0.35730106E-05 -0.49386712E-08  0.23153182E-08   863.99999971   -23355.74325065
    6710   13.42000000  0.35009791E-05 -0.53211904E-08  0.17662863E-08   863.99999971   -23355.74074823
    6720   13.44000000  0.34280430E-05 -0.57156979E-08  0.12162493E-08   863.99999971   -23355.73828962
    6730   13.46000000  0.33542413E-05 -0.61187811E-08  0.67108679E-09   863.99999971   -23355.73587600
    6740   13.48000000  0.32796158E-05 -0.65265634E-08  0.13718682E-09   863.99999971   -23355.73350849
    6750   13.50000000  0.32042097E-05 -0.69343482E-08 -0.37931598E-09   863.99999971   -23355.73118818
    6760   13.52000000  0.31280661E-05 -0.73363940E-08 -0.87208501E-09   863.99999971   -23355.72891615
    6770   13.54000000  0.30512265E-05 -0.77266915E-08 -0.13345502E-08   863.99999971   -23355.72669342
    6780   13.56000000  0.29737296E-05 -0.80991961E-08 -0.17606261E-08   863.99999971   -23355.72452097
    6790   13.58000000  0.28956110E-05 -0.84475717E-08 -0.21445802E-08   863.99999971   -23355.72239977
    6800   13.60000000  0.28169023E-05 -0.87652693E-08 -0.24809793E-08   863.99999971   -23355.72033075
    6810   13.62000000  0.27376309E-05 -0.90459558E-08 -0.27657736E-08   863.99999971   -23355.71831479
    6820   13.64000000  0.26578202E-05 -0.92832154E-08 -0.29951364E-08   863.99999971   -23355.71635279
    6830   13.66000000  0.25774911E-05 -0.94711962E-08 -0.31662262E-08   863.99999971   -23355.71444559
    6840   13.68000000  0.24966627E-05 -0.96042854E-08 -0.32771094E-08   863.99999971   -23355.71259401
    6850   13.70000000  0.24153544E-05 -0.96777794E-08 -0.33266826E-08   863.99999970   -23355.71079887
    6860   13.72000000  0.23335876E-05 -0.96877796E-08 -0.33148184E-08   863.99999970   -23355.70906095
    6870   13.74000000  0.22513871E-05 -0.96314690E-08 -0.32421662E-08   863.99999970   -23355.70738100
    6880   13.76000000  0.21687832E-05 -0.95065548E-08 -0.31104467E-08   863.99999970   -23355.70575976
    6890   13.78000000  0.20858139E-05 -0.93124211E-08 -0.29222463E-08   863.99999970   -23355.70419792
    6900   13.80000000  0.20025255E-05 -0.90488241E-08 -0.26802185E-08   863.99999970   -23355.70269614
    6910   13.82000000  0.19189745E-05 -0.87168565E-08 -0.23883374E-08   863.99999970   -23355.70125501
    6920   13.84000000  0.18352276E-05 -0.83187549E-08 -0.20505890E-08   863.99999970   -23355.69987511
    6930   13.86000000  0.17513633E-05 -0.78575909E-08 -0.16717397E-08   863.99999970   -23355.69855690
    6940   13.88000000  0.16674719E-05 -0.73372843E-08 -0.12566354E-08   863.99999970   -23355.69730080
    6950   13.90000000  0.15836557E-05 -0.67628677E-08 -0.80990372E-09   863.99999970   -23355.69610713
    6960   13.92000000  0.15000268E-05 -0.61397342E-08 -0.33663414E-09   863.99999970   -23355.69497612
    6970   13.94000000  0.14167070E-05 -0.54739174E-08  0.15813744E-09   863.99999970   -23355.69390791
    6980   13.96000000  0.13338260E-05 -0.47722029E-08  0.66919349E-09   863.99999970   -23355.69290251
    6990   13.98000000  0.12515178E-05 -0.40418989E-08  0.11916637E-08   863.99999970   -23355.69195982
    7000   14.00000000  0.11699191E-05 -0.32905480E-08  0.17204362E-08   863.99999970   -23355.69107963
    7010   14.02000000  0.10891654E-05 -0.25262883E-08  0.22507795E-08   863.99999970   -23355.69026160
    7020   14.04000000  0.10093871E-05 -0.17572040E-08  0.27779798E-08   863.99999970   -23355.68950528
    7030   14.06000000  0.93070548E-06 -0.99131964E-09  0.32972924E-08   863.99999970   -23355.68881010
    7040   14.08000000  0.85322961E-06 -0.23658053E-09  0.38044521E-08   863.99999970   -23355.68817538
    7050   14.10000000  0.77705184E-06  0.49920661E-09  0.42955870E-08   863.99999970   -23355.68760036
    7060   14.12000000  0.70224639E-06  0.12079920E-08  0.47667978E-08   863.99999969   -23355.68708418
    7070   14.14000000  0.62886616E-06  0.18819029E-08  0.52142632E-08   863.99999969   -23355.68662593
    7080   14.16000000  0.55694217E-06  0.25136938E-08  0.56343198E-08   863.99999969   -23355.68622465
    7090   14.18000000  0.48648341E-06  0.30966606E-08  0.60237857E-08   863.99999969   -23355.68587934
    7100   14.20000000  0.41747834E-06  0.36241038E-08  0.63799761E-08   863.99999969   -23355.68558899
    7110   14.22000000  0.34989454E-06  0.40900205E-08  0.66998863E-08   863.99999969   -23355.68535260
    7120   14.24000000  0.28368111E-06  0.44891228E-08  0.69814960E-08   863.99999969   -23355.68516918
    7130   14.26000000  0.21877039E-06  0.48166956E-08  0.72225309E-08   863.99999969   -23355.68503778
    7140   14.28000000  0.15507972E-06  0.50693794E-08  0.74213991E-08   863.99999969   -23355.68495750
    7150   14.30000000  0.92512951E-07  0.52451463E-08  0.75764616E-08   863.99999969   -23355.68492749
    7160   14.32000000  0.30963410E-07  0.53420285E-08  0.76862996E-08   863.99999969   -23355.68494698
    7170   14.34000000 -0.29684996E-07  0.53593253E-08  0.77499742E-08   863.99999969   -23355.68501527
    7180   14.36000000 -0.89556137E-07  0.52971436E-08  0.77662963E-08   863.99999969   -23355.68513174
    7190   14.38000000 -0.14878028E-06  0.51573710E-08  0.77343850E-08   863.99999969   -23355.68529589
    7200   14.40000000 -0.20749308E-06  0.49423364E-08  0.76534319E-08   863.99999969   -23355.68550728
    7210   14.42000000 -0.26583439E-06  0.46557064E-08  0.75226695E-08   863.99999969   -23355.68576559
    7220   14.44000000 -0.32394772E-06  0.43015668E-08  0.73412255E-08   863.99999969   -23355.68607061
    7230   14.46000000 -0.38197876E-06  0.38849004E-08  0.71089684E-08   863.99999969   -23355.68642223
    7240   14.48000000 -0.44007519E-06  0.34110385E-08  0.68253911E-08   863.99999969   -23355.68682045
    7250   14.50000000 -0.49838504E-06  0.28855879E-08  0.64901862E-08   863.99999969   -23355.68726538
    7260   14.52000000 -0.55705611E-06  0.23146586E-08  0.61037335E-08   863.99999969   -23355.68775724
    7270   14.54000000 -0.61623388E-06  0.17047380E-08  0.56667784E-08   863.99999968   -23355.68829637
    7280   14.56000000 -0.67606053E-06  0.10627166E-08  0.51809482E-08   863.99999968   -23355.68888321
    7290   14.58000000 -0.73667252E-06  0.39573888E-09  0.46483756E-08   863.99999968   -23355.68951829
    7300   14.60000000 -0.79819852E-06 -0.28876445E-09  0.40716416E-08   863.99999968   -23355.69020227
    7310   14.62000000 -0.86075604E-06 -0.98309398E-09  0.34546079E-08   863.99999968   -23355.69093587
    7320   14.64000000 -0.92444926E-06 -0.16797614E-08  0.28015872E-08   863.99999968   -23355.69171993
    7330   14.66000000 -0.98936603E-06 -0.23704312E-08  0.21186227E-08   863.99999968   -23355.69255531
    7340   14.68000000 -0.10555744E-05 -0.30467388E-08  0.14124419E-08   863.99999968   -23355.69344297
    7350   14.70000000 -0.11231213E-05 -0.37007175E-08  0.69094782E-09   863.99999968   -23355.69438388
    7360   14.72000000 -0.11920313E-05 -0.43242521E-08 -0.37498297E-10   863.99999968   -23355.69537904
    7370   14.74000000 -0.12623068E-05 -0.49091903E-08 -0.76381621E-09   863.99999968   -23355.69642945
    7380   14.76000000 -0.13339278E-05 -0.54475598E-08 -0.14783071E-08   863.99999968   -23355.69753610
    7390   14.78000000 -0.14068534E-05 -0.59319571E-08 -0.21708312E-08   863.99999968   -23355.69869994
    7400   14.80000000 -0.14810230E-05 -0.63556301E-08 -0.28313106E-08   863.99999968   -23355.69992187
    7410   14.82000000 -0.15563598E-05 -0.67125804E-08 -0.34500198E-08   863.99999968   -23355.70120272
    7420   14.84000000 -0.16327721E-05 -0.69975945E-08 -0.40175497E-08   863.99999968   -23355.70254326
    7430   14.86000000 -0.17101560E-05 -0.72067334E-08 -0.45254663E-08   863.99999968   -23355.70394415
    7440   14.88000000 -0.17883980E-05 -0.73373866E-08 -0.49660355E-08   863.99999968   -23355.70540597
    7450   14.90000000 -0.18673777E-05 -0.73879462E-08 -0.53327339E-08   863.99999968   -23355.70692919
    7460   14.92000000 -0.19469693E-05 -0.73583170E-08 -0.56206100E-08   863.99999968   -23355.70851415
    7470   14.94000000 -0.20270439E-05 -0.72494945E-08 -0.58259810E-08   863.99999967   -23355.71016112
    7480   14.96000000 -0.21074710E-05 -0.70635029E-08 -0.59469381E-08   863.99999967   -23355.71187023
    7490   14.98000000 -0.21881205E-05 -0.68037344E-08 -0.59831542E-08   863.99999967   -23355.71364149
    7500   15.00000000 -0.22688643E-05 -0.64742583E-08 -0.59355886E-08   863.99999967   -23355.71547481
    7510   15.02000000 -0.23495763E-05 -0.60802535E-08 -0.58066077E-08   863.99999967   -23355.71736998
    7520   15.04000000 -0.24301348E-05 -0.56277158E-08 -0.55999122E-08   863.99999967   -23355.71932670
    7530   15.06000000 -0.25104233E-05 -0.51226543E-08 -0.53205324E-08   863.99999967   -23355.72134455
    7540   15.08000000 -0.25903320E-05 -0.45716214E-08 -0.49740257E-08   863.99999967   -23355.72342301
    7550   15.10000000 -0.26697595E-05 -0.39808128E-08 -0.45674085E-08   863.99999967   -23355.72556149
    7560   15.12000000 -0.27486138E-05 -0.33564553E-08 -0.41076632E-08   863.99999967   -23355.72775928
    7570   15.14000000 -0.28268141E-05 -0.27048887E-08 -0.36026686E-08   863.99999967   -23355.73001563
    7580   15.16000000 -0.29042906E-05 -0.20322153E-08 -0.30604315E-08   863.99999967   -23355.73232969
    7590   15.18000000 -0.29809863E-05 -0.13439532E-08 -0.24893909E-08   863.99999967   -23355.73470059
    7600   15.20000000 -0.30568570E-05 -0.64547225E-09 -0.18976718E-08   863.99999967   -23355.73712739
    7610   15.22000000 -0.31318709E-05  0.58582719E-10 -0.12937771E-08   863.99999967   -23355.73960911
    7620   15.24000000 -0.32060083E-05  0.76398672E-09 -0.68590428E-09   863.99999967   -23355.74214477
    7630   15.26000000 -0.32792601E-05  0.14669313E-08 -0.82584619E-10   863.99999967   -23355.74473334
    7640   15.28000000 -0.33516264E-05  0.21637910E-08  0.50847119E-09   863.99999967   -23355.74737382
    7650   15.30000000 -0.34231131E-05  0.28513136E-08  0.10801120E-08   863.99999967   -23355.75006517
    7660   15.32000000 -0.34937313E-05  0.35260717E-08  0.16255463E-08   863.99999967   -23355.75280637
    7670   15.34000000 -0.35634934E-05  0.41847600E-08  0.21386808E-08   863.99999967   -23355.75559642
    7680   15.36000000 -0.36324107E-05  0.48240573E-08  0.26140612E-08   863.99999966   -23355.75843431
    7690   15.38000000 -0.37004915E-05  0.54406987E-08  0.30467008E-08   863.99999966   -23355.76131903
    7700   15.40000000 -0.37677390E-05  0.60315708E-08  0.34331606E-08   863.99999966   -23355.76424958
    7710   15.42000000 -0.38341497E-05  0.65931002E-08  0.37707521E-08   863.99999966   -23355.76722496
    7720   15.44000000 -0.38997128E-05  0.71217761E-08  0.40587827E-08   863.99999966   -23355.77024416
    7730   15.46000000 -0.39644106E-05  0.76145603E-08  0.42973463E-08   863.99999966   -23355.77330614
    7740   15.48000000 -0.40282186E-05  0.80684738E-08  0.44876997E-08   863.99999966   -23355.77640988
    7750   15.50000000 -0.40911058E-05  0.84804352E-08  0.46323691E-08   863.99999966   -23355.77955431
    7760   15.52000000 -0.41530361E-05  0.88478774E-08  0.47348574E-08   863.99999966   -23355.78273833
    7770   15.54000000 -0.42139676E-05  0.91685922E-08  0.47998660E-08   863.99999966   -23355.78596083
    7780   15.56000000 -0.42738549E-05  0.94412415E-08  0.48330607E-08   863.99999966   -23355.78922065
    7790   15.58000000 -0.43326497E-05  0.96647117E-08  0.48400234E-08   863.99999966   -23355.79251660
    7800   15.60000000 -0.43903030E-05  0.98388892E-08  0.48273784E-08   863.99999966   -23355.79584746
    7810   15.62000000 -0.44467661E-05  0.99638092E-08  0.48005101E-08   863.99999966   -23355.79921198
    7820   15.64000000 -0.45019922E-05  0.10040065E-07  0.47656485E-08   863.99999966   -23355.80260886
    7830   15.66000000 -0.45559395E-05  0.10068746E-07  0.47272362E-08   863.99999966   -23355.80603677
    7840   15.68000000 -0.46085724E-05  0.10051074E-07  0.46892511E-08   863.99999966   -23355.80949437
    7850   15.70000000 -0.46598650E-05  0.99886404E-08  0.46542260E-08   863.99999966   -23355.81298030
    7860   15.72000000 -0.47098019E-05  0.98831360E-08  0.46235460E-08   863.99999966   -23355.81649316
    7870   15.74000000 -0.47583803E-05  0.97366711E-08  0.45975343E-08   863.99999966   -23355.82003159
    7880   15.76000000 -0.48056124E-05  0.95508504E-08  0.45754475E-08   863.99999966   -23355.82359420
    7890   15.78000000 -0.48515271E-05  0.93274931E-08  0.45551964E-08   863.99999965   -23355.82717965
    7900   15.80000000 -0.48961708E-05  0.90690765E-08  0.45339724E-08   863.99999965   -23355.83078661
    7910   15.82000000 -0.49396079E-05  0.87776996E-08  0.45079406E-08   863.99999965   -23355.83441382
    7920   15.84000000 -0.49819214E-05  0.84559276E-08  0.44735778E-08   863.99999965   -23355.83806004
    7930   15.86000000 -0.50232120E-05  0.81066816E-08  0.44273012E-08   863.99999965   -23355.84172415
    7940   15.88000000 -0.50635986E-05  0.77329958E-08  0.43659075E-08   863.99999965   -23355.84540506
    7950   15.90000000 -0.51032167E-05  0.73382267E-08  0.42863740E-08   863.99999965   -23355.84910183
    7960   15.92000000 -0.51422158E-05  0.69262008E-08  0.41861871E-08   863.99999965   -23355.85281359
    7970   15.94000000 -0.51807577E-05  0.65017495E-08  0.40634964E-08   863.99999965   -23355.85653959
    7980   15.96000000 -0.52190116E-05  0.60692998E-08  0.39171155E-08   863.99999965   -23355.86027919
    7990   15.98000000 -0.52571520E-05  0.56341635E-08  0.37473898E-08   863.99999965   -23355.86403191
    8000   16.00000000 -0.52953546E-05  0.52015880E-08  0.35553631E-08   863.99999965   -23355.86779735
    8010   16.02000000 -0.53337921E-05  0.47770862E-08  0.33429039E-08   863.99999965   -23355.87157526
    8020   16.04000000 -0.53726294E-05  0.43662649E-08  0.31121626E-08   863.99999965   -23355.87536548
    8030   16.06000000 -0.54120203E-05  0.39750224E-08  0.28659534E-08   863.99999965   -23355.87916797
    8040   16.08000000 -0.54521016E-05  0.36083566E-08  0.26075672E-08   863.99999965   -23355.88298280
    8050   16.10000000 -0.54929902E-05  0.32712937E-08  0.23407695E-08   863.99999965   -23355.88681011
    8060   16.12000000 -0.55347798E-05  0.29684215E-08  0.20693613E-08   863.99999965   -23355.89065009
    8070   16.14000000 -0.55775380E-05  0.27036227E-08  0.17972958E-08   863.99999965   -23355.89450300
    8080   16.16000000 -0.56213049E-05  0.24802837E-08  0.15285779E-08   863.99999965   -23355.89836911
    8090   16.18000000 -0.56660934E-05  0.23005002E-08  0.12672295E-08   863.99999965   -23355.90224873
    8100   16.20000000 -0.57118879E-05  0.21660921E-08  0.10169978E-08   863.99999965   -23355.90614211
    8110   16.22000000 -0.57586460E-05  0.20777002E-08  0.78179487E-09   863.99999964   -23355.91004952
    8120   16.24000000 -0.58062990E-05  0.20353333E-08  0.56464587E-09   863.99999964   -23355.91397115
    8130   16.26000000 -0.58547533E-05  0.20380812E-08  0.36851875E-09   863.99999964   -23355.91790715
    8140   16.28000000 -0.59038931E-05  0.20842246E-08  0.19586497E-09   863.99999964   -23355.92185757
    8150   16.30000000 -0.59535811E-05  0.21715606E-08  0.48399249E-10   863.99999964   -23355.92582237
    8160   16.32000000 -0.60036613E-05  0.22972137E-08 -0.72511884E-10   863.99999964   -23355.92980144
    8170   16.34000000 -0.60539610E-05  0.24583301E-08 -0.16649587E-09   863.99999964   -23355.93379451
    8180   16.36000000 -0.61042929E-05  0.26519337E-08 -0.23372703E-09   863.99999964   -23355.93780121
    8190   16.38000000 -0.61544584E-05  0.28745566E-08 -0.27509017E-09   863.99999964   -23355.94182106
    8200   16.40000000 -0.62042501E-05  0.31227211E-08 -0.29159024E-09   863.99999964   -23355.94585342
    8210   16.42000000 -0.62534553E-05  0.33929183E-08 -0.28478051E-09   863.99999964   -23355.94989752
    8220   16.44000000 -0.63018588E-05  0.36818393E-08 -0.25631108E-09   863.99999964   -23355.95395248
    8230   16.46000000 -0.63492467E-05  0.39865048E-08 -0.20810181E-09   863.99999964   -23355.95801726
    8240   16.48000000 -0.63954096E-05  0.43041305E-08 -0.14224358E-09   863.99999964   -23355.96209071
    8250   16.50000000 -0.64401465E-05  0.46317561E-08 -0.60917417E-10   863.99999964   -23355.96617155
    8260   16.52000000 -0.64832678E-05  0.49666534E-08  0.33985200E-10   863.99999964   -23355.97025840
    8270   16.54000000 -0.65245984E-05  0.53057150E-08  0.14070661E-09   863.99999964   -23355.97434977
    8280   16.56000000 -0.65639810E-05  0.56460832E-08  0.25741632E-09   863.99999964   -23355.97844410
    8290   16.58000000 -0.66012797E-05  0.59851508E-08  0.38245335E-09   863.99999964   -23355.98253974
    8300   16.60000000 -0.66363836E-05  0.63195942E-08  0.51421469E-09   863.99999964   -23355.98663498
    8310   16.62000000 -0.66692093E-05  0.66461974E-08  0.65132873E-09   863.99999964   -23355.99072809
    8320   16.64000000 -0.66997042E-05  0.69615417E-08  0.79134229E-09   863.99999964   -23355.99481731
    8330   16.66000000 -0.67278490E-05  0.72613519E-08  0.93235954E-09   863.99999963   -23355.99890089
    8340   16.68000000 -0.67536605E-05  0.75412134E-08  0.10718729E-08   863.99999963   -23356.00297708
    8350   16.70000000 -0.67771916E-05  0.77962525E-08  0.12077688E-08   863.99999963   -23356.00704420
    8360   16.72000000 -0.67985319E-05  0.80213152E-08  0.13377497E-08   863.99999963   -23356.01110063
    8370   16.74000000 -0.68178068E-05  0.82110074E-08  0.14596723E-08   863.99999963   -23356.01514482
    8380   16.76000000 -0.68351763E-05  0.83599945E-08  0.15715469E-08   863.99999963   -23356.01917535
    8390   16.78000000 -0.68508327E-05  0.84629057E-08  0.16719728E-08   863.99999963   -23356.02319092
    8400   16.80000000 -0.68649955E-05  0.85144011E-08  0.17598553E-08   863.99999963   -23356.02719036
    8410   16.82000000 -0.68779073E-05  0.85092516E-08  0.18342221E-08   863.99999963   -23356.03117264
    8420   16.84000000 -0.68898268E-05  0.84434852E-08  0.18948253E-08   863.99999963   -23356.03513693
    8430   16.86000000 -0.69010225E-05  0.83135712E-08  0.19414694E-08   863.99999963   -23356.03908251
    8440   16.88000000 -0.69117654E-05  0.81171670E-08  0.19743874E-08   863.99999963   -23356.04300888
    8450   16.90000000 -0.69223211E-05  0.78533148E-08  0.19936035E-08   863.99999963   -23356.04691565
    8460   16.92000000 -0.69329427E-05  0.75219166E-08  0.19995429E-08   863.99999963   -23356.05080261
    8470   16.94000000 -0.69438637E-05  0.71247436E-08  0.19923396E-08   863.99999963   -23356.05466968
    8480   16.96000000 -0.69552921E-05  0.66651325E-08  0.19720164E-08   863.99999963   -23356.05851690
    8490   16.98000000 -0.69674045E-05  0.61491200E-08  0.19383929E-08   863.99999963   -23356.06234442
    8500   17.00000000 -0.69803428E-05  0.55843726E-08  0.18906082E-08   863.99999963   -23356.06615247
    8510   17.02000000 -0.69942117E-05  0.49806202E-08  0.18277611E-08   863.99999963   -23356.06994133
    8520   17.04000000 -0.70090779E-05  0.43494596E-08  0.17488584E-08   863.99999963   -23356.07371134
    8530   17.06000000 -0.70249693E-05  0.37040871E-08  0.16531796E-08   863.99999963   -23356.07746283
    8540   17.08000000 -0.70418769E-05  0.30595090E-08  0.15401004E-08   863.99999963   -23356.08119617
    8550   17.10000000 -0.70597550E-05  0.24323015E-08  0.14100222E-08   863.99999963   -23356.08491166
    8560   17.12000000 -0.70785238E-05  0.18394518E-08  0.12638962E-08   863.99999962   -23356.08860958
    8570   17.14000000 -0.70980706E-05  0.12978192E-08  0.11037075E-08   863.99999962   -23356.09229016
    8580   17.16000000 -0.71182528E-05  0.82405884E-09  0.93327452E-09   863.99999962   -23356.09595355
    8590   17.18000000 -0.71388993E-05  0.43363210E-09  0.75681107E-09   863.99999962   -23356.09959981
    8600   17.20000000 -0.71598143E-05  0.14009086E-09  0.58024978E-09   863.99999962   -23356.10322891
    8610   17.22000000 -0.71807793E-05 -0.45100129E-10  0.41035050E-09   863.99999962   -23356.10684072
    8620   17.24000000 -0.72015583E-05 -0.11364305E-09  0.25437399E-09   863.99999962   -23356.11043498
    8630   17.26000000 -0.72219033E-05 -0.59739840E-10  0.12024669E-09   863.99999962   -23356.11401133
    8640   17.28000000 -0.72415610E-05  0.11891902E-09  0.15527102E-10   863.99999962   -23356.11756929
    8650   17.30000000 -0.72602790E-05  0.42166906E-09 -0.52728219E-10   863.99999962   -23356.12110826
    8660   17.32000000 -0.72778133E-05  0.84404979E-09 -0.77889556E-10   863.99999962   -23356.12462754
    8670   17.34000000 -0.72939369E-05  0.13791523E-08 -0.54608505E-10   863.99999962   -23356.12812633
    8680   17.36000000 -0.73084466E-05  0.20170923E-08  0.20801002E-10   863.99999962   -23356.13160373
    8690   17.38000000 -0.73211704E-05  0.27460648E-08  0.14997715E-09   863.99999962   -23356.13505880
    8700   17.40000000 -0.73319714E-05  0.35524547E-08  0.33291040E-09   863.99999962   -23356.13849052
    8710   17.42000000 -0.73407534E-05  0.44209105E-08  0.56694893E-09   863.99999962   -23356.14189785
    8720   17.44000000 -0.73474604E-05  0.53350343E-08  0.84815189E-09   863.99999962   -23356.14527975
    8730   17.46000000 -0.73520769E-05  0.62773162E-08  0.11707467E-08   863.99999962   -23356.14863518
    8740   17.48000000 -0.73546268E-05  0.72294501E-08  0.15270285E-08   863.99999962   -23356.15196313
    8750   17.50000000 -0.73551686E-05  0.81731781E-08  0.19078941E-08   863.99999962   -23356.15526263
    8760   17.52000000 -0.73537905E-05  0.90904501E-08  0.23034709E-08   863.99999962   -23356.15853278
    8770   17.54000000 -0.73506029E-05  0.99636111E-08  0.27030242E-08   863.99999962   -23356.16177273
    8780   17.56000000 -0.73457328E-05  0.10775445E-07  0.30954735E-08   863.99999962   -23356.16498174
    8790   17.58000000 -0.73393153E-05  0.11510411E-07  0.34699495E-08   863.99999962   -23356.16815911
    8800   17.60000000 -0.73314905E-05  0.12153973E-07  0.38158982E-08   863.99999961   -23356.17130424
    8810   17.62000000 -0.73223972E-05  0.12694263E-07  0.41236417E-08   863.99999961   -23356.17441662
    8820   17.64000000 -0.73121709E-05  0.13121436E-07  0.43843714E-08   863.99999961   -23356.17749580
    8830   17.66000000 -0.73009420E-05  0.13428217E-07  0.45913040E-08   863.99999961   -23356.18054141
    8840   17.68000000 -0.72888364E-05  0.13609911E-07  0.47389511E-08   863.99999961   -23356.18355313
    8850   17.70000000 -0.72759759E-05  0.13663827E-07  0.48240985E-08   863.99999961   -23356.18653074
    8860   17.72000000 -0.72624807E-05  0.13591284E-07  0.48452205E-08   863.99999961   -23356.18947405
    8870   17.74000000 -0.72484710E-05  0.13395821E-07  0.48030778E-08   863.99999961   -23356.19238294
    8880   17.76000000 -0.72340676E-05  0.13083544E-07  0.46997518E-08   863.99999961   -23356.19525734
    8890   17.78000000 -0.72193941E-05  0.12662205E-07  0.45393113E-08   863.99999961   -23356.19809725
    8900   17.80000000 -0.72045761E-05  0.12141492E-07  0.43266350E-08   863.99999961   -23356.20090272
    8910   17.82000000 -0.71897395E-05  0.11531983E-07  0.40675366E-08   863.99999961   -23356.20367384
    8920   17.84000000 -0.71750078E-05  0.10845278E-07  0.37688454E-08   863.99999961   -23356.20641078
    8930   17.86000000 -0.71604980E-05  0.10092688E-07  0.34368537E-08   863.99999961   -23356.20911371
    8940   17.88000000 -0.71463172E-05  0.92863991E-08  0.30783152E-08   863.99999961   -23356.21178290
    8950   17.90000000 -0.71325588E-05  0.84376043E-08  0.26985810E-08   863.99999961   -23356.21441861
    8960   17.92000000 -0.71192992E-05  0.75577137E-08  0.23027203E-08   863.99999961   -23356.21702115
    8970   17.94000000 -0.71065951E-05  0.66575304E-08  0.18956095E-08   863.99999961   -23356.21959085
    8980   17.96000000 -0.70944823E-05  0.57469299E-08  0.14807417E-08   863.99999961   -23356.22212806
    8990   17.98000000 -0.70829738E-05  0.48354164E-08  0.10616434E-08   863.99999961   -23356.22463312
    9000   18.00000000 -0.70720621E-05  0.39320679E-08  0.64114617E-09   863.99999961   -23356.22710637
    9010   18.02000000 -0.70617188E-05  0.30452524E-08  0.22202738E-09   863.99999961   -23356.22954814
    9020   18.04000000 -0.70518970E-05  0.21832729E-08 -0.19282702E-09   863.99999961   -23356.23195875
    9030   18.06000000 -0.70425325E-05  0.13540243E-08 -0.60047449E-09   863.99999961   -23356.23433850
    9040   18.08000000 -0.70335447E-05  0.56567820E-09 -0.99708262E-09   863.99999960   -23356.23668765
    9050   18.10000000 -0.70248386E-05 -0.17379754E-09 -0.13792657E-08   863.99999960   -23356.23900644
    9060   18.12000000 -0.70163057E-05 -0.85625255E-09 -0.17427325E-08   863.99999960   -23356.24129506
    9070   18.14000000 -0.70078263E-05 -0.14733118E-08 -0.20830526E-08   863.99999960   -23356.24355369
    9080   18.16000000 -0.69992698E-05 -0.20169166E-08 -0.23958517E-08   863.99999960   -23356.24578244
    9090   18.18000000 -0.69904955E-05 -0.24796775E-08 -0.26765818E-08   863.99999960   -23356.24798140
    9100   18.20000000 -0.69813551E-05 -0.28540477E-08 -0.29216204E-08   863.99999960   -23356.25015062
    9110   18.22000000 -0.69716932E-05 -0.31335464E-08 -0.31271093E-08   863.99999960   -23356.25229009
    9120   18.24000000 -0.69613507E-05 -0.33128870E-08 -0.32904625E-08   863.99999960   -23356.25439980
    9130   18.26000000 -0.69501674E-05 -0.33879851E-08 -0.34100516E-08   863.99999960   -23356.25647965
    9140   18.28000000 -0.69379830E-05 -0.33572606E-08 -0.34852250E-08   863.99999960   -23356.25852954
    9150   18.30000000 -0.69246402E-05 -0.32215995E-08 -0.35167232E-08   863.99999960   -23356.26054933
    9160   18.32000000 -0.69099860E-05 -0.29841824E-08 -0.35064047E-08   863.99999960   -23356.26253883
    9170   18.34000000 -0.68938760E-05 -0.26506223E-08 -0.34566956E-08   863.99999960   -23356.26449785
    9180   18.36000000 -0.68761758E-05 -0.22289916E-08 -0.33712673E-08   863.99999960   -23356.26642616
    9190   18.38000000 -0.68567629E-05 -0.17294792E-08 -0.32547887E-08   863.99999960   -23356.26832353
    9200   18.40000000 -0.68355299E-05 -0.11636969E-08 -0.31119568E-08   863.99999960   -23356.27018970
    9210   18.42000000 -0.68123851E-05 -0.54474801E-09 -0.29483582E-08   863.99999960   -23356.27202441
    9220   18.44000000 -0.67872555E-05  0.11507019E-09 -0.27690402E-08   863.99999960   -23356.27382741
    9230   18.46000000 -0.67600879E-05  0.80318632E-09 -0.25793559E-08   863.99999960   -23356.27559845
    9240   18.48000000 -0.67308510E-05  0.15085014E-08 -0.23837307E-08   863.99999960   -23356.27733729
    9250   18.50000000 -0.66995372E-05  0.22213241E-08 -0.21856826E-08   863.99999960   -23356.27904370
    9260   18.52000000 -0.66661654E-05  0.29331219E-08 -0.19880654E-08   863.99999960   -23356.28071749
    9270   18.54000000 -0.66307819E-05  0.36378420E-08 -0.17923510E-08   863.99999960   -23356.28235851
    9280   18.56000000 -0.65934599E-05  0.43306574E-08 -0.15989575E-08   863.99999960   -23356.28396661
    9290   18.58000000 -0.65542992E-05  0.50089489E-08 -0.14063598E-08   863.99999960   -23356.28554171
    9300   18.60000000 -0.65134251E-05  0.56699682E-08 -0.12118508E-08   863.99999959   -23356.28708378
    9310   18.62000000 -0.64709850E-05  0.63116909E-08 -0.10112514E-08   863.99999959   -23356.28859283
    9320   18.64000000 -0.64271455E-05  0.69314833E-08 -0.79905289E-09   863.99999959   -23356.29006893
    9330   18.66000000 -0.63820881E-05  0.75256221E-08 -0.56923526E-09   863.99999959   -23356.29151218
    9340   18.68000000 -0.63360049E-05  0.80894425E-08 -0.31538830E-09   863.99999959   -23356.29292277
    9350   18.70000000 -0.62890940E-05  0.86177029E-08 -0.31075240E-10   863.99999959   -23356.29430093
    9360   18.72000000 -0.62415553E-05  0.91035052E-08  0.28961039E-09   863.99999959   -23356.29564694
    9370   18.74000000 -0.61935885E-05  0.95397059E-08  0.65126112E-09   863.99999959   -23356.29696113
    9380   18.76000000 -0.61453891E-05  0.99190051E-08  0.10567021E-08   863.99999959   -23356.29824387
    9390   18.78000000 -0.60971469E-05  0.10234926E-07  0.15069714E-08   863.99999959   -23356.29949559
    9400   18.80000000 -0.60490451E-05  0.10481560E-07  0.20004083E-08   863.99999959   -23356.30071673
    9410   18.82000000 -0.60012584E-05  0.10654956E-07  0.25332435E-08   863.99999959   -23356.30190779
    9420   18.84000000 -0.59539538E-05  0.10752830E-07  0.30990201E-08   863.99999959   -23356.30306929
    9430   18.86000000 -0.59072892E-05  0.10775281E-07  0.36883341E-08   863.99999959   -23356.30420178
    9440   18.88000000 -0.58614129E-05  0.10724374E-07  0.42902465E-08   863.99999959   -23356.30530582
    9450   18.90000000 -0.58164605E-05  0.10603720E-07  0.48906387E-08   863.99999959   -23356.30638200
    9460   18.92000000 -0.57725534E-05  0.10419038E-07  0.54746608E-08   863.99999959   -23356.30743092
    9470   18.94000000 -0.57297948E-05  0.10176508E-07  0.60255583E-08   863.99999959   -23356.30845319
    9480   18.96000000 -0.56882658E-05  0.98830161E-08  0.65267148E-08   863.99999959   -23356.30944943
    9490   18.98000000 -0.56480215E-05  0.95450554E-08  0.69617948E-08   863.99999959   -23356.31042024
    9500   19.00000000 -0.56090869E-05  0.91688527E-08  0.73155140E-08   863.99999959   -23356.31136625
    9510   19.02000000 -0.55714536E-05  0.87598365E-08  0.75740261E-08   863.99999959   -23356.31228803
    9520   19.04000000 -0.55350759E-05  0.83228552E-08  0.77251547E-08   863.99999959   -23356.31318617
    9530   19.06000000 -0.54998704E-05  0.78613653E-08  0.77597747E-08   863.99999959   -23356.31406123
    9540   19.08000000 -0.54657143E-05  0.73787503E-08  0.76715108E-08   863.99999959   -23356.31491373
    9550   19.10000000 -0.54324473E-05  0.68781154E-08  0.74573385E-08   863.99999958   -23356.31574417
    9560   19.12000000 -0.53998745E-05  0.63625109E-08  0.71183114E-08   863.99999958   -23356.31655300
    9570   19.14000000 -0.53677704E-05  0.58354020E-08  0.66580937E-08   863.99999958   -23356.31734065
    9580   19.16000000 -0.53358843E-05  0.53005940E-08  0.60841307E-08   863.99999958   -23356.31810750
    9590   19.18000000 -0.53039463E-05  0.47630517E-08  0.54060616E-08   863.99999958   -23356.31885388
    9600   19.20000000 -0.52716749E-05  0.42278844E-08  0.46369293E-08   863.99999958   -23356.31958010
    9610   19.22000000 -0.52387839E-05  0.37005826E-08  0.37913703E-08   863.99999958   -23356.32028641
    9620   19.24000000 -0.52049905E-05  0.31868820E-08  0.28855215E-08   863.99999958   -23356.32097305
    9630   19.26000000 -0.51700228E-05  0.26917944E-08  0.19363271E-08   863.99999958   -23356.32164022
    9640   19.28000000 -0.51336267E-05  0.22201724E-08  0.96084104E-09   863.99999958   -23356.32228807
    9650   19.30000000 -0.50955706E-05  0.17757480E-08 -0.23977886E-10   863.99999958   -23356.32291678
    9660   19.32000000 -0.50556513E-05  0.13606358E-08 -0.10018467E-08   863.99999958   -23356.32352646
    9670   19.34000000 -0.50136974E-05  0.97528532E-09 -0.19568270E-08   863.99999958   -23356.32411726
    9680   19.36000000 -0.49695735E-05  0.61829657E-09 -0.28743959E-08   863.99999958   -23356.32468928
    9690   19.38000000 -0.49231830E-05  0.28706785E-09 -0.37417126E-08   863.99999958   -23356.32524267
    9700   19.40000000 -0.48744695E-05 -0.22465246E-10 -0.45475617E-08   863.99999958   -23356.32577754
    9710   19.42000000 -0.48234182E-05 -0.31436536E-09 -0.52820074E-08   863.99999958   -23356.32629405
    9720   19.44000000 -0.47700563E-05 -0.59302770E-09 -0.59364834E-08   863.99999958   -23356.32679235
    9730   19.46000000 -0.47144523E-05 -0.86269873E-09 -0.65040060E-08   863.99999958   -23356.32727263
    9740   19.48000000 -0.46567146E-05 -0.11261910E-08 -0.69787147E-08   863.99999958   -23356.32773508
    9750   19.50000000 -0.45969882E-05 -0.13841650E-08 -0.73558278E-08   863.99999958   -23356.32817993
    9760   19.52000000 -0.45354498E-05 -0.16353612E-08 -0.76319529E-08   863.99999958   -23356.32860744
    9770   19.54000000 -0.44723029E-05 -0.18762500E-08 -0.78052097E-08   863.99999958   -23356.32901789
    9780   19.56000000 -0.44077713E-05 -0.21009302E-08 -0.78736067E-08   863.99999958   -23356.32941158
    9790   19.58000000 -0.43420925E-05 -0.23018061E-08 -0.78371784E-08   863.99999958   -23356.32978886
    9800   19.60000000 -0.42755096E-05 -0.24695563E-08 -0.76962730E-08   863.99999958   -23356.33015008
    9810   19.62000000 -0.42082643E-05 -0.25942649E-08 -0.74523773E-08   863.99999957   -23356.33049562
    9820   19.64000000 -0.41405886E-05 -0.26653130E-08 -0.71080388E-08   863.99999957   -23356.33082588
    9830   19.66000000 -0.40727006E-05 -0.26735931E-08 -0.66669483E-08   863.99999957   -23356.33114128
    9840   19.68000000 -0.40047982E-05 -0.26115938E-08 -0.61339392E-08   863.99999957   -23356.33144225
    9850   19.70000000 -0.39370564E-05 -0.24739377E-08 -0.55149229E-08   863.99999957   -23356.33172923
    9860   19.72000000 -0.38696251E-05 -0.22583329E-08 -0.48178119E-08   863.99999957   -23356.33200266
    9870   19.74000000 -0.38026278E-05 -0.19656125E-08 -0.40518461E-08   863.99999957   -23356.33226298
    9880   19.76000000 -0.37361627E-05 -0.16001207E-08 -0.32276876E-08   863.99999957   -23356.33251065
    9890   19.78000000 -0.36703035E-05 -0.11691767E-08 -0.23572092E-08   863.99999957   -23356.33274610
    9900   19.80000000 -0.36051014E-05 -0.68277013E-09 -0.14532643E-08   863.99999957   -23356.33296977
    9910   19.82000000 -0.35405870E-05 -0.15308057E-09 -0.52980546E-09   863.99999957   -23356.33318209
    9920   19.84000000 -0.34767723E-05  0.40696800E-09  0.39872141E-09   863.99999957   -23356.33338347
    9930   19.86000000 -0.34136518E-05  0.98368632E-09  0.13174200E-08   863.99999957   -23356.33357434
    9940   19.88000000 -0.33512043E-05  0.15631820E-08  0.22117875E-08   863.99999957   -23356.33375509
    9950   19.90000000 -0.32893942E-05  0.21334129E-08  0.30676083E-08   863.99999957   -23356.33392611
    9960   19.92000000 -0.32281730E-05  0.26831657E-08  0.38720922E-08   863.99999957   -23356.33408779
    9970   19.94000000 -0.31674801E-05  0.32040358E-08  0.46130783E-08   863.99999957   -23356.33424048
    9980   19.96000000 -0.31072453E-05  0.36892187E-08  0.52806263E-08   863.99999957   -23356.33438454
    9990   19.98000000 -0.30473909E-05  0.41337635E-08  0.58659240E-08   863.99999957   -23356.33452032
   10000   20.00000000 -0.29878344E-05  0.45345041E-08  0.63631009E-08   863.99999957   -23356.33464814
   10010   20.02000000 -0.29284918E-05  0.48898499E-08  0.67680600E-08   863.99999957   -23356.33476834
   10020   20.04000000 -0.28692807E-05  0.51990695E-08  0.70797478E-08   863.99999957   -23356.33488121
   10030   20.06000000 -0.28101240E-05  0.54620578E-08  0.72994943E-08   863.99999957   -23356.33498707
   10040   20.08000000 -0.27509525E-05  0.56792629E-08  0.74309755E-08   863.99999957   -23356.33508620
   10050   20.10000000 -0.26917072E-05  0.58508883E-08  0.74801660E-08   863.99999957   -23356.33517889
   10060   20.12000000 -0.26323420E-05  0.59770595E-08  0.74544808E-08   863.99999957   -23356.33526543
   10070   20.14000000 -0.25728228E-05  0.60576895E-08  0.73630378E-08   863.99999957   -23356.33534607
   10080   20.16000000 -0.25131281E-05  0.60925458E-08  0.72156903E-08   863.99999956   -23356.33542108
   10090   20.18000000 -0.24532464E-05  0.60807855E-08  0.70223939E-08   863.99999956   -23356.33549073
   10100   20.20000000 -0.23931755E-05  0.60222907E-08  0.67929828E-08   863.99999956   -23356.33555526
   10110   20.22000000 -0.23329184E-05  0.59168541E-08  0.65360569E-08   863.99999956   -23356.33561493
   10120   20.24000000 -0.22724801E-05  0.57643095E-08  0.62591835E-08   863.99999956   -23356.33566998
   10130   20.26000000 -0.22118649E-05  0.55654324E-08  0.59682540E-08   863.99999956   -23356.33572064
   10140   20.28000000 -0.21510729E-05  0.53211846E-08  0.56676232E-08   863.99999956   -23356.33576716
   10150   20.30000000 -0.20900980E-05  0.50331931E-08  0.53602977E-08   863.99999956   -23356.33580975
   10160   20.32000000 -0.20289270E-05  0.47040398E-08  0.50473058E-08   863.99999956   -23356.33584864
   10170   20.34000000 -0.19675387E-05  0.43369783E-08  0.47284703E-08   863.99999956   -23356.33588405
   10180   20.36000000 -0.19059043E-05  0.39357911E-08  0.44024570E-08   863.99999956   -23356.33591617
   10190   20.38000000 -0.18439886E-05  0.35048242E-08  0.40673522E-08   863.99999956   -23356.33594522
   10200   20.40000000 -0.17817515E-05  0.30485788E-08  0.37206621E-08   863.99999956   -23356.33597140
   10210   20.42000000 -0.17191496E-05  0.25725512E-08  0.33596734E-08   863.99999956   -23356.33599488
   10220   20.44000000 -0.16561386E-05  0.20819212E-08  0.29816280E-08   863.99999956   -23356.33601586
   10230   20.46000000 -0.15926746E-05  0.15825435E-08  0.25836705E-08   863.99999956   -23356.33603452
   10240   20.48000000 -0.15287155E-05  0.10795866E-08  0.21637167E-08   863.99999956   -23356.33605102
   10250   20.50000000 -0.14642212E-05  0.57834827E-09  0.17203940E-08   863.99999956   -23356.33606554
   10260   20.52000000 -0.13991534E-05  0.82870512E-10  0.12532085E-08   863.99999956   -23356.33607823
   10270   20.54000000 -0.13334762E-05 -0.40338214E-09  0.76268680E-09   863.99999956   -23356.33608925
   10280   20.56000000 -0.12671557E-05 -0.87804520E-09  0.25066866E-09   863.99999956   -23356.33609874
   10290   20.58000000 -0.12001597E-05 -0.13401365E-08 -0.27980915E-09   863.99999956   -23356.33610685
   10300   20.60000000 -0.11324578E-05 -0.17902658E-08 -0.82409283E-09   863.99999956   -23356.33611371
   10310   20.62000000 -0.10640230E-05 -0.22309782E-08 -0.13758695E-08   863.99999956   -23356.33611946
   10320   20.64000000 -0.99483326E-06 -0.26655123E-08 -0.19279725E-08   863.99999956   -23356.33612421
   10330   20.66000000 -0.92487433E-06 -0.30980084E-08 -0.24721582E-08   863.99999956   -23356.33612809
   10340   20.68000000 -0.85414207E-06 -0.35326189E-08 -0.29995248E-08   863.99999955   -23356.33613120
   10350   20.70000000 -0.78264486E-06 -0.39733473E-08 -0.35012708E-08   863.99999955   -23356.33613365
   10360   20.72000000 -0.71040633E-06 -0.44230554E-08 -0.39686029E-08   863.99999955   -23356.33613554
   10370   20.74000000 -0.63746764E-06 -0.48827980E-08 -0.43937960E-08   863.99999955   -23356.33613696
   10380   20.76000000 -0.56388854E-06 -0.53516742E-08 -0.47705385E-08   863.99999955   -23356.33613799
   10390   20.78000000 -0.48974839E-06 -0.58257847E-08 -0.50936928E-08   863.99999955   -23356.33613871
   10400   20.80000000 -0.41514464E-06 -0.62982696E-08 -0.53595620E-08   863.99999955   -23356.33613918
   10410   20.82000000 -0.34019138E-06 -0.67595758E-08 -0.55659028E-08   863.99999955   -23356.33613947
   10420   20.84000000 -0.26501604E-06 -0.71978377E-08 -0.57120138E-08   863.99999955   -23356.33613963
   10430   20.86000000 -0.18975584E-06 -0.75990671E-08 -0.57980979E-08   863.99999955   -23356.33613970
   10440   20.88000000 -0.11455319E-06 -0.79480945E-08 -0.58252927E-08   863.99999955   -23356.33613973
   10450   20.90000000 -0.39551147E-07 -0.82296895E-08 -0.57953366E-08   863.99999955   -23356.33613973
   10460   20.92000000  0.35112034E-07 -0.84291537E-08 -0.57105498E-08   863.99999955   -23356.33613973
   10470   20.94000000  0.10930834E-06 -0.85335091E-08 -0.55731507E-08   863.99999955   -23356.33613974
   10480   20.96000000  0.18292432E-06 -0.85322929E-08 -0.53851073E-08   863.99999955   -23356.33613976
   10490   20.98000000  0.25586581E-06 -0.84179327E-08 -0.51482623E-08   863.99999955   -23356.33613978
   10500   21.00000000  0.32806046E-06 -0.81868213E-08 -0.48645125E-08   863.99999955   -23356.33613980
   10510   21.02000000  0.39750662E-06 -0.78395191E-08 -0.45360126E-08   863.99999955   -23356.33613980
   10520   21.04000000  0.46166763E-06 -0.73805280E-08 -0.41655459E-08   863.99999955   -23356.33613980
   10530   21.06000000  0.51971384E-06 -0.68181337E-08 -0.37568368E-08   863.99999955   -23356.33613980
   10540   21.08000000  0.57093402E-06 -0.61645994E-08 -0.33135816E-08   863.99999955   -23356.33613980
   10550   21.10000000  0.61481268E-06 -0.54357927E-08 -0.28408561E-08   863.99999955   -23356.33613980
   10560   21.12000000  0.65103128E-06 -0.46497933E-08 -0.23444752E-08   863.99999955   -23356.33613980
   10570   21.14000000  0.67941078E-06 -0.38270022E-08 -0.18310121E-08   863.99999955   -23356.33613980
   10580   21.16000000  0.69991268E-06 -0.29885693E-08 -0.13082013E-08   863.99999955   -23356.33613980
   10590   21.18000000  0.71260913E-06 -0.21555591E-08 -0.78384165E-09   863.99999955   -23356.33613980
   10600   21.20000000  0.71764583E-06 -0.13492144E-08 -0.26580813E-09   863.99999954   -23356.33613980
   10610   21.22000000  0.71525774E-06 -0.58918476E-09  0.23765352E-09   863.99999954   -23356.33613980
   10620   21.24000000  0.70577277E-06  0.10643318E-09  0.71878574E-09   863.99999954   -23356.33613980
   10630   21.26000000  0.68959375E-06  0.72244904E-09  0.11702094E-08   863.99999954   -23356.33613980
   10640   21.28000000  0.66719675E-06  0.12466668E-08  0.15856157E-08   863.99999954   -23356.33613980
   10650   21.30000000  0.63912371E-06  0.16704475E-08  0.19590086E-08   863.99999954   -23356.33613980
   10660   21.32000000  0.60596241E-06  0.19889953E-08  0.22862179E-08   863.99999954   -23356.33613980
   10670   21.34000000  0.56832972E-06  0.22012135E-08  0.25638450E-08   863.99999954   -23356.33613980
   10680   21.36000000  0.52686158E-06  0.23100102E-08  0.27895773E-08   863.99999954   -23356.33613980
   10690   21.38000000  0.48220720E-06  0.23218705E-08  0.29625236E-08   863.99999954   -23356.33613980
   10700   21.40000000  0.43501095E-06  0.22460338E-08  0.30829098E-08   863.99999954   -23356.33613980
   10710   21.42000000  0.38588867E-06  0.20936655E-08  0.31521245E-08   863.99999954   -23356.33613980
   10720   21.44000000  0.33543126E-06  0.18775600E-08  0.31732049E-08   863.99999954   -23356.33613980
   10730   21.46000000  0.28420379E-06  0.16107777E-08  0.31499964E-08   863.99999954   -23356.33613980
   10740   21.48000000  0.23273832E-06  0.13063755E-08  0.30874835E-08   863.99999954   -23356.33613980
   10750   21.50000000  0.18152981E-06  0.97680573E-09  0.29912662E-08   863.99999954   -23356.33613980
   10760   21.52000000  0.13103781E-06  0.63271365E-09  0.28676711E-08   863.99999954   -23356.33613980
   10770   21.54000000  0.81689722E-07  0.28278859E-09  0.27233079E-08   863.99999954   -23356.33613980
   10780   21.56000000  0.33891169E-07 -0.66131096E-10  0.25642584E-08   863.99999954   -23356.33613980
   10790   21.58000000 -0.11970173E-07 -0.40942465E-09  0.23962890E-08   863.99999954   -23356.33613980
   10800   21.60000000 -0.55530395E-07 -0.74393917E-09  0.22240870E-08   863.99999954   -23356.33613980
   10810   21.62000000 -0.96454808E-07 -0.10675164E-08  0.20516651E-08   863.99999954   -23356.33613980
   10820   21.64000000 -0.13443739E-06 -0.13793372E-08  0.18802553E-08   863.99999954   -23356.33613980
   10830   21.66000000 -0.16920009E-06 -0.16790333E-08  0.17098180E-08   863.99999954   -23356.33613981
   10840   21.68000000 -0.20049767E-06 -0.19658166E-08  0.15384450E-08   863.99999954   -23356.33613981
   10850   21.70000000 -0.22811720E-06 -0.22382151E-08  0.13628394E-08   863.99999954   -23356.33613981
   10860   21.72000000 -0.25187977E-06 -0.24938452E-08  0.11780512E-08   863.99999953   -23356.33613981
   10870   21.74000000 -0.27164508E-06 -0.27292067E-08  0.97802477E-09   863.99999953   -23356.33613981
   10880   21.76000000 -0.28731382E-06 -0.29396199E-08  0.75647509E-09   863.99999953   -23356.33613981
   10890   21.78000000 -0.29882146E-06 -0.31193140E-08  0.50684098E-09   863.99999953   -23356.33613981
   10900   21.80000000 -0.30613469E-06 -0.32618720E-08  0.22364434E-09   863.99999953   -23356.33613981
   10910   21.82000000 -0.30925670E-06 -0.33597483E-08 -0.96954731E-10   863.99999953   -23356.33613981
   10920   21.84000000 -0.30823586E-06 -0.34051791E-08 -0.45745510E-09   863.99999953   -23356.33613981
   10930   21.86000000 -0.30316455E-06 -0.33910219E-08 -0.85817131E-09   863.99999953   -23356.33613981
   10940   21.88000000 -0.29417414E-06 -0.33111491E-08 -0.12970225E-08   863.99999953   -23356.33613981
   10950   21.90000000 -0.28143931E-06 -0.31609886E-08 -0.17702095E-08   863.99999953   -23356.33613981
   10960   21.92000000 -0.26517536E-06 -0.29379920E-08 -0.22714892E-08   863.99999953   -23356.33613981
   10970   21.94000000 -0.24563352E-06 -0.26424372E-08 -0.27928912E-08   863.99999953   -23356.33613981
   10980   21.96000000 -0.22309753E-06 -0.22773917E-08 -0.33249333E-08   863.99999953   -23356.33613981
   10990   21.98000000 -0.19787812E-06 -0.18492034E-08 -0.38572871E-08   863.99999953   -23356.33613981
   11000   22.00000000 -0.17030333E-06 -0.13670968E-08 -0.43792162E-08   863.99999953   -23356.33613981
   11010   22.02000000 -0.14071399E-06 -0.84273793E-09 -0.48798789E-08   863.99999953   -23356.33613981
   11020   22.04000000 -0.10945744E-06 -0.28956727E-09 -0.53490082E-08   863.99999953   -23356.33613981
   11030   22.06000000 -0.76878269E-07  0.27738645E-09 -0.57769739E-08   863.99999953   -23356.33613981
   11040   22.08000000 -0.43317551E-07  0.84257021E-09 -0.61558361E-08   863.99999953   -23356.33613981
   11050   22.10000000 -0.91106618E-08  0.13902354E-08 -0.64785177E-08   863.99999953   -23356.33613981
   11060   22.12000000  0.25417288E-07  0.19060232E-08 -0.67400495E-08   863.99999953   -23356.33613981
   11070   22.14000000  0.59954710E-07  0.23772226E-08 -0.69367468E-08   863.99999953   -23356.33613981
   11080   22.16000000  0.94196975E-07  0.27932509E-08 -0.70671347E-08   863.99999953   -23356.33613981
   11090   22.18000000  0.12784473E-06  0.31459457E-08 -0.71314002E-08   863.99999953   -23356.33613981
   11100   22.20000000  0.16060874E-06  0.34298865E-08 -0.71315616E-08   863.99999953   -23356.33613981
   11110   22.22000000  0.19220974E-06  0.36417683E-08 -0.70710193E-08   863.99999953   -23356.33613981
   11120   22.24000000  0.22237891E-06  0.37796962E-08 -0.69543346E-08   863.99999952   -23356.33613982
   11130   22.26000000  0.25085833E-06  0.38431400E-08 -0.67873642E-08   863.99999952   -23356.33613982
   11140   22.28000000  0.27740184E-06  0.38330449E-08 -0.65768376E-08   863.99999952   -23356.33613982
   11150   22.30000000  0.30177598E-06  0.37502713E-08 -0.63289917E-08   863.99999952   -23356.33613982
   11160   22.32000000  0.32376156E-06  0.35958485E-08 -0.60504773E-08   863.99999952   -23356.33613982
   11170   22.34000000  0.34315621E-06  0.33692025E-08 -0.57472448E-08   863.99999952   -23356.33613982
   11180   22.36000000  0.35978051E-06  0.30691065E-08 -0.54241199E-08   863.99999952   -23356.33613982
   11190   22.38000000  0.37347940E-06  0.26934304E-08 -0.50843860E-08   863.99999952   -23356.33613982
   11200   22.40000000  0.38412503E-06  0.22396524E-08 -0.47304870E-08   863.99999952   -23356.33613982
   11210   22.42000000  0.39162188E-06  0.17047238E-08 -0.43636145E-08   863.99999952   -23356.33613982
   11220   22.44000000  0.39591222E-06  0.10860994E-08 -0.39841155E-08   863.99999952   -23356.33613982
   11230   22.46000000  0.39697670E-06  0.38113252E-09 -0.35914425E-08   863.99999952   -23356.33613982
   11240   22.48000000  0.39483748E-06 -0.41015831E-09 -0.31850677E-08   863.99999952   -23356.33613982
   11250   22.50000000  0.38955884E-06 -0.12856920E-08 -0.27643387E-08   863.99999952   -23356.33613982
   11260   22.52000000  0.38124294E-06 -0.22390336E-08 -0.23296971E-08   863.99999952   -23356.33613982
   11270   22.54000000  0.37002916E-06 -0.32600592E-08 -0.18826983E-08   863.99999952   -23356.33613982
   11280   22.56000000  0.35609437E-06 -0.43340822E-08 -0.14254389E-08   863.99999952   -23356.33613982
   11290   22.58000000  0.33965357E-06 -0.54416400E-08 -0.96217772E-09   863.99999952   -23356.33613982
   11300   22.60000000  0.32095857E-06 -0.65583847E-08 -0.49808746E-09   863.99999952   -23356.33613982
   11310   22.62000000  0.30029326E-06 -0.76556231E-08 -0.39139640E-10   863.99999952   -23356.33613982
   11320   22.64000000  0.27796662E-06 -0.87012451E-08  0.40717931E-09   863.99999952   -23356.33613982
   11330   22.66000000  0.25430647E-06 -0.96615303E-08  0.83366274E-09   863.99999952   -23356.33613982
   11340   22.68000000  0.22965767E-06 -0.10502471E-07  0.12332594E-08   863.99999952   -23356.33613982
   11350   22.70000000  0.20437569E-06 -0.11191416E-07  0.15997253E-08   863.99999952   -23356.33613982
   11360   22.72000000  0.17881849E-06 -0.11698815E-07  0.19277504E-08   863.99999952   -23356.33613982
   11370   22.74000000  0.15333610E-06 -0.12000586E-07  0.22133842E-08   863.99999952   -23356.33613982
   11380   22.76000000  0.12826879E-06 -0.12078503E-07  0.24538094E-08   863.99999951   -23356.33613983
   11390   22.78000000  0.10394050E-06 -0.11922346E-07  0.26475266E-08   863.99999951   -23356.33613983
   11400   22.80000000  0.80647357E-07 -0.11530101E-07  0.27949494E-08   863.99999951   -23356.33613983
   11410   22.82000000  0.58653287E-07 -0.10908441E-07  0.28980553E-08   863.99999951   -23356.33613983
   11420   22.84000000  0.38190518E-07 -0.10072048E-07  0.29599231E-08   863.99999951   -23356.33613983
   11430   22.86000000  0.19455389E-07 -0.90428870E-08  0.29845206E-08   863.99999951   -23356.33613983
   11440   22.88000000  0.26070224E-08 -0.78487856E-08  0.29772586E-08   863.99999951   -23356.33613983
   11450   22.90000000 -0.12228078E-07 -0.65218950E-08  0.29439089E-08   863.99999951   -23356.33613983
   11460   22.92000000 -0.24956164E-07 -0.50976613E-08  0.28907673E-08   863.99999951   -23356.33613983
   11470   22.94000000 -0.35519075E-07 -0.36122452E-08  0.28238528E-08   863.99999951   -23356.33613983
   11480   22.96000000 -0.43891463E-07 -0.21017678E-08  0.27494779E-08   863.99999951   -23356.33613983
   11490   22.98000000 -0.50075392E-07 -0.60052462E-09  0.26729661E-08   863.99999951   -23356.33613983
   11500   23.00000000 -0.54101931E-07  0.85978846E-09  0.25988839E-08   863.99999951   -23356.33613983
   11510   23.02000000 -0.56028698E-07  0.22517274E-08  0.25303446E-08   863.99999951   -23356.33613983
   11520   23.04000000 -0.55936712E-07  0.35508580E-08  0.24690102E-08   863.99999951   -23356.33613983
   11530   23.06000000 -0.53928467E-07  0.47369439E-08  0.24154423E-08   863.99999951   -23356.33613983
   11540   23.08000000 -0.50126011E-07  0.57931560E-08  0.23691066E-08   863.99999951   -23356.33613983
   11550   23.10000000 -0.44666886E-07  0.67058284E-08  0.23287048E-08   863.99999951   -23356.33613983
   11560   23.12000000 -0.37703607E-07  0.74638659E-08  0.22913072E-08   863.99999951   -23356.33613983
   11570   23.14000000 -0.29403594E-07  0.80586802E-08  0.22529261E-08   863.99999951   -23356.33613983
   11580   23.16000000 -0.19945865E-07  0.84835970E-08  0.22092708E-08   863.99999951   -23356.33613983
   11590   23.18000000 -0.95158403E-08  0.87335672E-08  0.21561478E-08   863.99999951   -23356.33613983
   11600   23.20000000  0.16969346E-08  0.88049045E-08  0.20896329E-08   863.99999951   -23356.33613983
   11610   23.22000000  0.13501164E-07  0.86959334E-08  0.20064523E-08   863.99999951   -23356.33613983
   11620   23.24000000  0.25707294E-07  0.84076526E-08  0.19038187E-08   863.99999951   -23356.33613983
   11630   23.26000000  0.38129414E-07  0.79432431E-08  0.17795936E-08   863.99999951   -23356.33613983
   11640   23.28000000  0.50587205E-07  0.73079728E-08  0.16333668E-08   863.99999951   -23356.33613984
   11650   23.30000000  0.62907752E-07  0.65105853E-08  0.14654890E-08   863.99999950   -23356.33613984
   11660   23.32000000  0.74927853E-07  0.55625742E-08  0.12770905E-08   863.99999950   -23356.33613984
   11670   23.34000000  0.86493604E-07  0.44796130E-08  0.10700473E-08   863.99999950   -23356.33613984
   11680   23.36000000  0.97460961E-07  0.32802719E-08  0.84659413E-09   863.99999950   -23356.33613984
   11690   23.38000000  0.10769795E-06  0.19867747E-08  0.60902223E-09   863.99999950   -23356.33613984
   11700   23.40000000  0.11708620E-06  0.62426987E-09  0.35953675E-09   863.99999950   -23356.33613984
   11710   23.42000000  0.12552190E-06 -0.77944930E-09  0.99645467E-10   863.99999950   -23356.33613984
   11720   23.44000000  0.13291742E-06 -0.21947268E-08 -0.16909490E-09   863.99999950   -23356.33613984
   11730   23.46000000  0.13920271E-06 -0.35900626E-08 -0.44558555E-09   863.99999950   -23356.33613984
   11740   23.48000000  0.14432264E-06 -0.49335238E-08 -0.72902747E-09   863.99999950   -23356.33613984
   11750   23.50000000  0.14824082E-06 -0.61930776E-08 -0.10187174E-08   863.99999950   -23356.33613984
   11760   23.52000000  0.15094252E-06 -0.73384384E-08 -0.13130647E-08   863.99999950   -23356.33613984
   11770   23.54000000  0.15243441E-06 -0.83408354E-08 -0.16100085E-08   863.99999950   -23356.33613984
   11780   23.56000000  0.15274244E-06 -0.91749977E-08 -0.19063825E-08   863.99999950   -23356.33613984
   11790   23.58000000  0.15191362E-06 -0.98196334E-08 -0.21980354E-08   863.99999950   -23356.33613984
   11800   23.60000000  0.15001683E-06 -0.10258552E-07 -0.24799981E-08   863.99999950   -23356.33613984
   11810   23.62000000  0.14714064E-06 -0.10482173E-07 -0.27460476E-08   863.99999950   -23356.33613984
   11820   23.64000000  0.14339271E-06 -0.10487416E-07 -0.29896832E-08   863.99999950   -23356.33613984
   11830   23.66000000  0.13889686E-06 -0.10278456E-07 -0.32038669E-08   863.99999950   -23356.33613984
   11840   23.68000000  0.13378936E-06 -0.98663350E-08 -0.33824112E-08   863.99999950   -23356.33613984
   11850   23.70000000  0.12821501E-06 -0.92694404E-08 -0.35199633E-08   863.99999950   -23356.33613984
   11860   23.72000000  0.12232657E-06 -0.85118026E-08 -0.36118870E-08   863.99999950   -23356.33613984
   11870   23.74000000  0.11628251E-06 -0.76230321E-08 -0.36554544E-08   863.99999950   -23356.33613984
   11880   23.76000000  0.11024194E-06 -0.66367241E-08 -0.36486475E-08   863.99999950   -23356.33613984
   11890   23.78000000  0.10435793E-06 -0.55882690E-08 -0.35914948E-08   863.99999950   -23356.33613984
   11900   23.80000000  0.98773967E-07 -0.45141126E-08 -0.34858250E-08   863.99999950   -23356.33613985
   11910   23.82000000  0.93620183E-07 -0.34496063E-08 -0.33351891E-08   863.99999949   -23356.33613985
   11920   23.84000000  0.89009875E-07 -0.24274127E-08 -0.31446094E-08   863.99999949   -23356.33613985
   11930   23.86000000  0.85038202E-07 -0.14758393E-08 -0.29201231E-08   863.99999949   -23356.33613985
   11940   23.88000000  0.81779978E-07 -0.61813268E-09 -0.26691535E-08   863.99999949   -23356.33613985
   11950   23.90000000  0.79287938E-07  0.12839572E-09 -0.24002579E-08   863.99999949   -23356.33613985
   11960   23.92000000  0.77591504E-07  0.75267093E-09 -0.21225186E-08   863.99999949   -23356.33613985
   11970   23.94000000  0.76699426E-07  0.12502016E-08 -0.18457661E-08   863.99999949   -23356.33613985
   11980   23.96000000  0.76601585E-07  0.16225022E-08 -0.15798713E-08   863.99999949   -23356.33613985
   11990   23.98000000  0.77270894E-07  0.18766264E-08 -0.13345037E-08   863.99999949   -23356.33613985
   12000   24.00000000  0.78668172E-07  0.20245330E-08 -0.11182795E-08   863.99999949   -23356.33613985
   12010   24.02000000  0.80743042E-07  0.20822421E-08 -0.93888519E-09   863.99999949   -23356.33613985
   12020   24.04000000  0.83434300E-07  0.20678032E-08 -0.80190735E-09   863.99999949   -23356.33613985
   12030   24.06000000  0.86674480E-07  0.20014585E-08 -0.71053089E-09   863.99999949   -23356.33613985
   12040   24.08000000  0.90394024E-07  0.19033064E-08 -0.66489283E-09   863.99999949   -23356.33613985
   12050   24.10000000  0.94520371E-07  0.17937562E-08 -0.66172806E-09   863.99999949   -23356.33613985
   12060   24.12000000  0.98979090E-07  0.16913297E-08 -0.69449698E-09   863.99999949   -23356.33613985
   12070   24.14000000  0.10369536E-06  0.16125090E-08 -0.75332285E-09   863.99999949   -23356.33613985
   12080   24.16000000  0.10859439E-06  0.15709537E-08 -0.82596597E-09   863.99999949   -23356.33613985
   12090   24.18000000  0.11360259E-06  0.15767766E-08 -0.89825597E-09   863.99999949   -23356.33613985
   12100   24.20000000  0.11864989E-06  0.16367060E-08 -0.95491125E-09   863.99999949   -23356.33613985
   12110   24.22000000  0.12366855E-06  0.17536536E-08 -0.98144426E-09   863.99999949   -23356.33613985
   12120   24.24000000  0.12859273E-06  0.19265157E-08 -0.96445423E-09   863.99999949   -23356.33613985
   12130   24.26000000  0.13336099E-06  0.21508048E-08 -0.89357254E-09   863.99999949   -23356.33613985
   12140   24.28000000  0.13791711E-06  0.24188330E-08 -0.76203404E-09   863.99999949   -23356.33613985
   12150   24.30000000  0.14220828E-06  0.27195950E-08 -0.56733289E-09   863.99999949   -23356.33613986
   12160   24.32000000  0.14618350E-06  0.30394302E-08 -0.31126619E-09   863.99999949   -23356.33613986
   12170   24.34000000  0.14979566E-06  0.33630676E-08 -0.28314026E-12   863.99999948   -23356.33613986
   12180   24.36000000  0.15300188E-06  0.36745829E-08  0.35613624E-09   863.99999948   -23356.33613986
   12190   24.38000000  0.15576079E-06  0.39583953E-08  0.74563426E-09   863.99999948   -23356.33613986
   12200   24.40000000  0.15803563E-06  0.41996959E-08  0.11541507E-08   863.99999948   -23356.33613986
   12210   24.42000000  0.15979511E-06  0.43856552E-08  0.15681642E-08   863.99999948   -23356.33613986
   12220   24.44000000  0.16101098E-06  0.45054945E-08  0.19749119E-08   863.99999948   -23356.33613986
   12230   24.46000000  0.16165664E-06  0.45512240E-08  0.23640922E-08   863.99999948   -23356.33613986
   12240   24.48000000  0.16170896E-06  0.45185317E-08  0.27286580E-08   863.99999948   -23356.33613986
   12250   24.50000000  0.16114723E-06  0.44059551E-08  0.30648458E-08   863.99999948   -23356.33613986
   12260   24.52000000  0.15995381E-06  0.42156050E-08  0.33726570E-08   863.99999948   -23356.33613986
   12270   24.54000000  0.15811224E-06  0.39522018E-08  0.36548999E-08   863.99999948   -23356.33613986
   12280   24.56000000  0.15560819E-06  0.36221853E-08  0.39165421E-08   863.99999948   -23356.33613986
   12290   24.58000000  0.15242877E-06  0.32329241E-08  0.41634937E-08   863.99999948   -23356.33613986
   12300   24.60000000  0.14856544E-06  0.27926389E-08  0.44011713E-08   863.99999948   -23356.33613986
   12310   24.62000000  0.14401396E-06  0.23089979E-08  0.46340387E-08   863.99999948   -23356.33613986
   12320   24.64000000  0.13877649E-06  0.17881429E-08  0.48638842E-08   863.99999948   -23356.33613986
   12330   24.66000000  0.13286264E-06  0.12340098E-08  0.50898454E-08   863.99999948   -23356.33613986
   12340   24.68000000  0.12629237E-06  0.64804826E-09  0.53073914E-08   863.99999948   -23356.33613986
   12350   24.70000000  0.11909626E-06  0.29733157E-10  0.55089409E-08   863.99999948   -23356.33613986
   12360   24.72000000  0.11131797E-06 -0.62412172E-09  0.56844191E-08   863.99999948   -23356.33613986
   12370   24.74000000  0.10301570E-06 -0.13179177E-08  0.58213885E-08   863.99999948   -23356.33613986
   12380   24.76000000  0.94262803E-07 -0.20577248E-08  0.59067673E-08   863.99999948   -23356.33613986
   12390   24.78000000  0.85147546E-07 -0.28487795E-08  0.59273251E-08   863.99999948   -23356.33613986
   12400   24.80000000  0.75773945E-07 -0.36955783E-08  0.58711306E-08   863.99999948   -23356.33613987
   12410   24.82000000  0.66259583E-07 -0.46003511E-08  0.57281945E-08   863.99999948   -23356.33613987
   12420   24.84000000  0.56732591E-07 -0.55623221E-08  0.54906280E-08   863.99999948   -23356.33613987
   12430   24.86000000  0.47329336E-07 -0.65769236E-08  0.51540273E-08   863.99999947   -23356.33613987
   12440   24.88000000  0.38191469E-07 -0.76347700E-08  0.47173607E-08   863.99999947   -23356.33613987
   12450   24.90000000  0.29460128E-07 -0.87216328E-08  0.41823322E-08   863.99999947   -23356.33613987
   12460   24.92000000  0.21272473E-07 -0.98185340E-08  0.35535425E-08   863.99999947   -23356.33613987
   12470   24.94000000  0.13759226E-07 -0.10901754E-07  0.28381354E-08   863.99999947   -23356.33613987
   12480   24.96000000  0.70446521E-08 -0.11943887E-07  0.20452051E-08   863.99999947   -23356.33613987
   12490   24.98000000  0.12431621E-08 -0.12914151E-07  0.11859752E-08   863.99999947   -23356.33613987
   12500   25.00000000 -0.35428051E-08 -0.13779843E-07  0.27321993E-09   863.99999947   -23356.33613987
   12510   25.02000000 -0.72200538E-08 -0.14507871E-07 -0.67894685E-09   863.99999947   -23356.33613987
   12520   25.04000000 -0.97049551E-08 -0.15065167E-07 -0.16557265E-08   863.99999947   -23356.33613987
   12530   25.06000000 -0.10924964E-07 -0.15420971E-07 -0.26412918E-08   863.99999947   -23356.33613987
   12540   25.08000000 -0.10818767E-07 -0.15547696E-07 -0.36195842E-08   863.99999947   -23356.33613987
   12550   25.10000000 -0.93399740E-08 -0.15422390E-07 -0.45745729E-08   863.99999947   -23356.33613987
   12560   25.12000000 -0.64609042E-08 -0.15028358E-07 -0.54902444E-08   863.99999947   -23356.33613987
   12570   25.14000000 -0.21762281E-08 -0.14355760E-07 -0.63515844E-08   863.99999947   -23356.33613987
   12580   25.16000000  0.34941772E-08 -0.13403194E-07 -0.71448997E-08   863.99999947   -23356.33613987
   12590   25.18000000  0.10501010E-07 -0.12177531E-07 -0.78578932E-08   863.99999947   -23356.33613987
   12600   25.20000000  0.18767640E-07 -0.10694960E-07 -0.84806960E-08   863.99999947   -23356.33613987
   12610   25.22000000  0.28189635E-07 -0.89800831E-08 -0.90054775E-08   863.99999947   -23356.33613987
   12620   25.24000000  0.38634324E-07 -0.70658317E-08 -0.94268256E-08   863.99999947   -23356.33613987
   12630   25.26000000  0.49946358E-07 -0.49922375E-08 -0.97414647E-08   863.99999947   -23356.33613987
   12640   25.28000000  0.61950271E-07 -0.28047303E-08 -0.99486253E-08   863.99999947   -23356.33613987
   12650   25.30000000  0.74455527E-07 -0.55272066E-09 -0.10049744E-07   863.99999947   -23356.33613987
   12660   25.32000000  0.87262546E-07  0.17127349E-08 -0.10047783E-07   863.99999947   -23356.33613987
   12670   25.34000000  0.10016752E-06  0.39409118E-08 -0.99470654E-08   863.99999947   -23356.33613988
   12680   25.36000000  0.11296761E-06  0.60835837E-08 -0.97525617E-08   863.99999947   -23356.33613988
   12690   25.38000000  0.12546444E-06  0.80973246E-08 -0.94693293E-08   863.99999946   -23356.33613988
   12700   25.40000000  0.13746909E-06  0.99450295E-08 -0.91023525E-08   863.99999946   -23356.33613988
   12710   25.42000000  0.14880672E-06  0.11596734E-07 -0.86561394E-08   863.99999946   -23356.33613988
   12720   25.44000000  0.15931911E-06  0.13030700E-07 -0.81351434E-08   863.99999946   -23356.33613988
   12730   25.46000000  0.16886484E-06  0.14233161E-07 -0.75430218E-08   863.99999946   -23356.33613988
   12740   25.48000000  0.17732215E-06  0.15198043E-07 -0.68827290E-08   863.99999946   -23356.33613988
   12750   25.50000000  0.18458856E-06  0.15926155E-07 -0.61568673E-08   863.99999946   -23356.33613988
   12760   25.52000000  0.19058296E-06  0.16424175E-07 -0.53684310E-08   863.99999946   -23356.33613988
   12770   25.54000000  0.19524452E-06  0.16702754E-07 -0.45207393E-08   863.99999946   -23356.33613988
   12780   25.56000000  0.19853217E-06  0.16775347E-07 -0.36186703E-08   863.99999946   -23356.33613988
   12790   25.58000000  0.20042700E-06  0.16657221E-07 -0.26686911E-08   863.99999946   -23356.33613988
   12800   25.60000000  0.20093313E-06  0.16363326E-07 -0.16788673E-08   863.99999946   -23356.33613988
   12810   25.62000000  0.20007521E-06  0.15908226E-07 -0.66028061E-09   863.99999946   -23356.33613988
   12820   25.64000000  0.19789932E-06  0.15304819E-07  0.37325827E-09   863.99999946   -23356.33613988
   12830   25.66000000  0.19447452E-06  0.14563922E-07  0.14054933E-08   863.99999946   -23356.33613988
   12840   25.68000000  0.18989162E-06  0.13694716E-07  0.24177088E-08   863.99999946   -23356.33613988
   12850   25.70000000  0.18426326E-06  0.12704771E-07  0.33893489E-08   863.99999946   -23356.33613988
   12860   25.72000000  0.17772449E-06  0.11601401E-07  0.42991616E-08   863.99999946   -23356.33613988
   12870   25.74000000  0.17042884E-06  0.10391307E-07  0.51257826E-08   863.99999946   -23356.33613988
   12880   25.76000000  0.16254362E-06  0.90816473E-08  0.58491739E-08   863.99999946   -23356.33613988
   12890   25.78000000  0.15424653E-06  0.76800880E-08  0.64511825E-08   863.99999946   -23356.33613988
   12900   25.80000000  0.14571870E-06  0.61952970E-08  0.69167631E-08   863.99999946   -23356.33613988
   12910   25.82000000  0.13713768E-06  0.46373951E-08  0.72345277E-08   863.99999946   -23356.33613988
   12920   25.84000000  0.12867219E-06  0.30178921E-08  0.73977451E-08   863.99999946   -23356.33613988
   12930   25.86000000  0.12047588E-06  0.13499287E-08  0.74041197E-08   863.99999946   -23356.33613989
   12940   25.88000000  0.11268129E-06 -0.35247696E-09  0.72554253E-08   863.99999946   -23356.33613989
   12950   25.90000000  0.10539617E-06 -0.20743883E-08  0.69576659E-08   863.99999945   -23356.33613989
   12960   25.92000000  0.98702268E-07 -0.38003422E-08  0.65206585E-08   863.99999945   -23356.33613989
   12970   25.94000000  0.92653069E-07 -0.55139279E-08  0.59572975E-08   863.99999945   -23356.33613989
   12980   25.96000000  0.87273113E-07 -0.71982449E-08  0.52835693E-08   863.99999945   -23356.33613989
   12990   25.98000000  0.82561429E-07 -0.88353252E-08  0.45176569E-08   863.99999945   -23356.33613989
   13000   26.00000000  0.78494050E-07 -0.10406859E-07  0.36781637E-08   863.99999945   -23356.33613989
   13010   26.02000000  0.75027917E-07 -0.11894518E-07  0.27848850E-08   863.99999945   -23356.33613989
   13020   26.04000000  0.72103956E-07 -0.13279360E-07  0.18572880E-08   863.99999945   -23356.33613989
   13030   26.06000000  0.69649792E-07 -0.14541889E-07  0.91389941E-09   863.99999945   -23356.33613989
   13040   26.08000000  0.67583407E-07 -0.15662531E-07 -0.26964904E-10   863.99999945   -23356.33613989
   13050   26.10000000  0.65819608E-07 -0.16621493E-07 -0.94899177E-09   863.99999945   -23356.33613989
   13060   26.12000000  0.64270824E-07 -0.17400152E-07 -0.18375898E-08   863.99999945   -23356.33613989
   13070   26.14000000  0.62851549E-07 -0.17980943E-07 -0.26805952E-08   863.99999945   -23356.33613989
   13080   26.16000000  0.61480922E-07 -0.18348687E-07 -0.34676626E-08   863.99999945   -23356.33613989
   13090   26.18000000  0.60082809E-07 -0.18490816E-07 -0.41908479E-08   863.99999945   -23356.33613989
   13100   26.20000000  0.58589253E-07 -0.18398358E-07 -0.48444819E-08   863.99999945   -23356.33613989
   13110   26.22000000  0.56946395E-07 -0.18066806E-07 -0.54243181E-08   863.99999945   -23356.33613989
   13120   26.24000000  0.55116827E-07 -0.17495797E-07 -0.59284938E-08   863.99999945   -23356.33613989
   13130   26.26000000  0.53081058E-07 -0.16690477E-07 -0.63564278E-08   863.99999945   -23356.33613989
   13140   26.28000000  0.50839667E-07 -0.15661668E-07 -0.67085215E-08   863.99999945   -23356.33613989
   13150   26.30000000  0.48415663E-07 -0.14425248E-07 -0.69862851E-08   863.99999945   -23356.33613989
   13160   26.32000000  0.45855324E-07 -0.13002215E-07 -0.71917974E-08   863.99999945   -23356.33613989
   13170   26.34000000  0.43226622E-07 -0.11417923E-07 -0.73284445E-08   863.99999945   -23356.33613989
   13180   26.36000000  0.40618799E-07 -0.97010141E-08 -0.73994891E-08   863.99999945   -23356.33613989
   13190   26.38000000  0.38139348E-07 -0.78835396E-08 -0.74089879E-08   863.99999945   -23356.33613990
   13200   26.40000000  0.35909329E-07 -0.59993969E-08 -0.73609969E-08   863.99999945   -23356.33613990
   13210   26.42000000  0.34059218E-07 -0.40841262E-08 -0.72598423E-08   863.99999945   -23356.33613990
   13220   26.44000000  0.32723064E-07 -0.21732238E-08 -0.71094777E-08   863.99999944   -23356.33613990
   13230   26.46000000  0.32029547E-07 -0.30167720E-09 -0.69136706E-08   863.99999944   -23356.33613990
   13240   26.48000000  0.32096444E-07  0.14969885E-08 -0.66758254E-08   863.99999944   -23356.33613990
   13250   26.50000000  0.33025226E-07  0.31916062E-08 -0.63990706E-08   863.99999944   -23356.33613990
   13260   26.52000000  0.34894113E-07  0.47535614E-08 -0.60858189E-08   863.99999944   -23356.33613990
   13270   26.54000000  0.37752903E-07  0.61578472E-08 -0.57379407E-08   863.99999944   -23356.33613990
   13280   26.56000000  0.41620966E-07  0.73829044E-08 -0.53571106E-08   863.99999944   -23356.33613990
   13290   26.58000000  0.46485546E-07  0.84117800E-08 -0.49444702E-08   863.99999944   -23356.33613990
   13300   26.60000000  0.52302295E-07  0.92317221E-08 -0.45015371E-08   863.99999944   -23356.33613990
   13310   26.62000000  0.58996042E-07  0.98352396E-08 -0.40302853E-08   863.99999944   -23356.33613990
   13320   26.64000000  0.66461852E-07  0.10219210E-07 -0.35329786E-08   863.99999944   -23356.33613990
   13330   26.66000000  0.74569273E-07  0.10385701E-07 -0.30123616E-08   863.99999944   -23356.33613990
   13340   26.68000000  0.83169036E-07  0.10341325E-07 -0.24722255E-08   863.99999944   -23356.33613990
   13350   26.70000000  0.92098042E-07  0.10097394E-07 -0.19170722E-08   863.99999944   -23356.33613990
   13360   26.72000000  0.10118292E-06  0.96699976E-08 -0.13522162E-08   863.99999944   -23356.33613990
   13370   26.74000000  0.11024842E-06  0.90790787E-08 -0.78386471E-09   863.99999944   -23356.33613990
   13380   26.76000000  0.11912307E-06  0.83486394E-08 -0.21887773E-09   863.99999944   -23356.33613990
   13390   26.78000000  0.12764274E-06  0.75057622E-08  0.33540033E-09   863.99999944   -23356.33613990
   13400   26.80000000  0.13565426E-06  0.65792685E-08  0.87043775E-09   863.99999944   -23356.33613990
   13410   26.82000000  0.14302033E-06  0.55995705E-08  0.13774309E-08   863.99999944   -23356.33613990
   13420   26.84000000  0.14962083E-06  0.45975926E-08  0.18467862E-08   863.99999944   -23356.33613990
   13430   26.86000000  0.15535321E-06  0.36031724E-08  0.22687169E-08   863.99999944   -23356.33613990
   13440   26.88000000  0.16013299E-06  0.26434001E-08  0.26328573E-08   863.99999944   -23356.33613990
   13450   26.90000000  0.16389458E-06  0.17421418E-08  0.29297440E-08   863.99999944   -23356.33613991
   13460   26.92000000  0.16659290E-06  0.91862140E-09  0.31503927E-08   863.99999944   -23356.33613991
   13470   26.94000000  0.16820392E-06  0.18661834E-09  0.32870441E-08   863.99999944   -23356.33613991
   13480   26.96000000  0.16872211E-06 -0.44612756E-09  0.33340198E-08   863.99999943   -23356.33613991
   13490   26.98000000  0.16816000E-06 -0.97778195E-09  0.32879864E-08   863.99999943   -23356.33613991
   13500   27.00000000  0.16654917E-06 -0.14122936E-08  0.31490217E-08   863.99999943   -23356.33613991
   13510   27.02000000  0.16393759E-06 -0.17588009E-08  0.29211139E-08   863.99999943   -23356.33613991
   13520   27.04000000  0.16038843E-06 -0.20306833E-08  0.26116097E-08   863.99999943   -23356.33613991
   13530   27.06000000  0.15597864E-06 -0.22441537E-08  0.22320666E-08   863.99999943   -23356.33613991
   13540   27.08000000  0.15079657E-06 -0.24172625E-08  0.17974300E-08   863.99999943   -23356.33613991
   13550   27.10000000  0.14494086E-06 -0.25682237E-08  0.13256599E-08   863.99999943   -23356.33613991
   13560   27.12000000  0.13851681E-06 -0.27141860E-08  0.83686469E-09   863.99999943   -23356.33613991
   13570   27.14000000  0.13163313E-06 -0.28698166E-08  0.35198478E-09   863.99999943   -23356.33613991
   13580   27.16000000  0.12439953E-06 -0.30472869E-08 -0.10815896E-09   863.99999943   -23356.33613991
   13590   27.18000000  0.11692552E-06 -0.32543646E-08 -0.52431493E-09   863.99999943   -23356.33613991
   13600   27.20000000  0.10931671E-06 -0.34944461E-08 -0.87979405E-09   863.99999943   -23356.33613991
   13610   27.22000000  0.10167484E-06 -0.37664658E-08 -0.11619136E-08   863.99999943   -23356.33613991
   13620   27.24000000  0.94097524E-07 -0.40652773E-08 -0.13624453E-08   863.99999943   -23356.33613991
   13630   27.26000000  0.86676653E-07 -0.43823848E-08 -0.14781430E-08   863.99999943   -23356.33613991
   13640   27.28000000  0.79498531E-07 -0.47062140E-08 -0.15114448E-08   863.99999943   -23356.33613991
   13650   27.30000000  0.72645887E-07 -0.50231787E-08 -0.14698441E-08   863.99999943   -23356.33613991
   13660   27.32000000  0.66199179E-07 -0.53181006E-08 -0.13656722E-08   863.99999943   -23356.33613991
   13670   27.34000000  0.60234998E-07 -0.55762417E-08 -0.12149053E-08   863.99999943   -23356.33613991
   13680   27.36000000  0.54827130E-07 -0.57835676E-08 -0.10357800E-08   863.99999943   -23356.33613991
   13690   27.38000000  0.50045298E-07 -0.59278449E-08 -0.84784925E-09   863.99999943   -23356.33613991
   13700   27.40000000  0.45953453E-07 -0.59989898E-08 -0.67032929E-09   863.99999943   -23356.33613991
   13710   27.42000000  0.42609108E-07 -0.59886728E-08 -0.52085214E-09   863.99999943   -23356.33613992
   13720   27.44000000  0.40061313E-07 -0.58916844E-08 -0.41426231E-09   863.99999943   -23356.33613992
   13730   27.46000000  0.38348269E-07 -0.57050180E-08 -0.36196620E-09   863.99999943   -23356.33613992
   13740   27.48000000  0.37492851E-07 -0.54284441E-08 -0.37125035E-09   863.99999942   -23356.33613992
   13750   27.50000000  0.37501922E-07 -0.50641513E-08 -0.44474774E-09   863.99999942   -23356.33613992
   13760   27.52000000  0.38367350E-07 -0.46160943E-08 -0.58073399E-09   863.99999942   -23356.33613992
   13770   27.54000000  0.40064062E-07 -0.40902412E-08 -0.77325000E-09   863.99999942   -23356.33613992
   13780   27.56000000  0.42549995E-07 -0.34938715E-08 -0.10124619E-08   863.99999942   -23356.33613992
   13790   27.58000000  0.45766308E-07 -0.28365066E-08 -0.12856507E-08   863.99999942   -23356.33613992
   13800   27.60000000  0.49638478E-07 -0.21290066E-08 -0.15781560E-08   863.99999942   -23356.33613992
   13810   27.62000000  0.54078666E-07 -0.13829784E-08 -0.18745735E-08   863.99999942   -23356.33613992
   13820   27.64000000  0.58987367E-07 -0.61167989E-09 -0.21584537E-08   863.99999942   -23356.33613992
   13830   27.66000000  0.64255918E-07  0.17046251E-09 -0.24146179E-08   863.99999942   -23356.33613992
   13840   27.68000000  0.69769240E-07  0.94834659E-09 -0.26285543E-08   863.99999942   -23356.33613992
   13850   27.70000000  0.75410901E-07  0.17057547E-08 -0.27885301E-08   863.99999942   -23356.33613992
   13860   27.72000000  0.81066378E-07  0.24269878E-08 -0.28854108E-08   863.99999942   -23356.33613992
   13870   27.74000000  0.86625567E-07  0.30963568E-08 -0.29130048E-08   863.99999942   -23356.33613992
   13880   27.76000000  0.91985270E-07  0.36990727E-08 -0.28683108E-08   863.99999942   -23356.33613992
   13890   27.78000000  0.97051906E-07  0.42211204E-08 -0.27520154E-08   863.99999942   -23356.33613992
   13900   27.80000000  0.10174294E-06  0.46501585E-08 -0.25676350E-08   863.99999942   -23356.33613992
   13910   27.82000000  0.10598846E-06  0.49762913E-08 -0.23220225E-08   863.99999942   -23356.33613992
   13920   27.84000000  0.10973156E-06  0.51917843E-08 -0.20243756E-08   863.99999942   -23356.33613992
   13930   27.86000000  0.11292680E-06  0.52913033E-08 -0.16865076E-08   863.99999942   -23356.33613992
   13940   27.88000000  0.11554048E-06  0.52710400E-08 -0.13218902E-08   863.99999942   -23356.33613992
   13950   27.90000000  0.11755117E-06  0.51298090E-08 -0.94509671E-09   863.99999942   -23356.33613992
   13960   27.92000000  0.11894919E-06  0.48680452E-08 -0.57143756E-09   863.99999942   -23356.33613992
   13970   27.94000000  0.11973594E-06  0.44883357E-08 -0.21671466E-09   863.99999942   -23356.33613993
   13980   27.96000000  0.11992529E-06  0.39950071E-08  0.10421658E-09   863.99999942   -23356.33613993
   13990   27.98000000  0.11954239E-06  0.33940356E-08  0.37711001E-09   863.99999942   -23356.33613993
   14000   28.00000000  0.11862309E-06  0.26933467E-08  0.58907202E-09   863.99999941   -23356.33613993
   14010   28.02000000  0.11721457E-06  0.19025496E-08  0.72993656E-09   863.99999941   -23356.33613993
   14020   28.04000000  0.11537394E-06  0.10337230E-08  0.79160487E-09   863.99999941   -23356.33613993
   14030   28.06000000  0.11316671E-06  0.10134847E-09  0.76948502E-09   863.99999941   -23356.33613993
   14040   28.08000000  0.11066626E-06 -0.87770937E-09  0.66280980E-09   863.99999941   -23356.33613993
   14050   28.10000000  0.10794943E-06 -0.18835990E-08  0.47410369E-09   863.99999941   -23356.33613993
   14060   28.12000000  0.10509203E-06 -0.28945950E-08  0.20939357E-09   863.99999941   -23356.33613993
   14070   28.14000000  0.10216828E-06 -0.38875506E-08 -0.12191633E-09   863.99999941   -23356.33613993
   14080   28.16000000  0.99247070E-07 -0.48386526E-08 -0.50770940E-09   863.99999941   -23356.33613993
   14090   28.18000000  0.96388705E-07 -0.57237594E-08 -0.93331874E-09   863.99999941   -23356.33613993
   14100   28.20000000  0.93644102E-07 -0.65195545E-08 -0.13818863E-08   863.99999941   -23356.33613993
   14110   28.22000000  0.91055137E-07 -0.72038143E-08 -0.18362988E-08   863.99999941   -23356.33613993
   14120   28.24000000  0.88653018E-07 -0.77569779E-08 -0.22793766E-08   863.99999941   -23356.33613993
   14130   28.26000000  0.86460061E-07 -0.81632513E-08 -0.26946057E-08   863.99999941   -23356.33613993
   14140   28.28000000  0.84490897E-07 -0.84105466E-08 -0.30667037E-08   863.99999941   -23356.33613993
   14150   28.30000000  0.82753641E-07 -0.84927284E-08 -0.33822188E-08   863.99999941   -23356.33613993
   14160   28.32000000  0.81251027E-07 -0.84066991E-08 -0.36302212E-08   863.99999941   -23356.33613993
   14170   28.34000000  0.79982193E-07 -0.81544787E-08 -0.38018978E-08   863.99999941   -23356.33613993
   14180   28.36000000  0.78942659E-07 -0.77424108E-08 -0.38918694E-08   863.99999941   -23356.33613993
   14190   28.38000000  0.78125986E-07 -0.71812300E-08 -0.38971615E-08   863.99999941   -23356.33613993
   14200   28.40000000  0.77524197E-07 -0.64849401E-08 -0.38176432E-08   863.99999941   -23356.33613993
   14210   28.42000000  0.77127643E-07 -0.56704042E-08 -0.36554778E-08   863.99999941   -23356.33613993
   14220   28.44000000  0.76925155E-07 -0.47566790E-08 -0.34152685E-08   863.99999941   -23356.33613994
   14230   28.46000000  0.76903602E-07 -0.37638532E-08 -0.31040528E-08   863.99999941   -23356.33613994
   14240   28.48000000  0.77044893E-07 -0.27127103E-08 -0.27301425E-08   863.99999941   -23356.33613994
   14250   28.50000000  0.77325381E-07 -0.16238557E-08 -0.23038136E-08   863.99999941   -23356.33613994
   14260   28.52000000  0.77714822E-07 -0.51772419E-09 -0.18363563E-08   863.99999940   -23356.33613994
   14270   28.54000000  0.78176402E-07  0.58654070E-09 -0.13401946E-08   863.99999940   -23356.33613994
   14280   28.56000000  0.78670106E-07  0.16706638E-08 -0.82898998E-09   863.99999940   -23356.33613994
   14290   28.58000000  0.79154781E-07  0.27180382E-08 -0.31632482E-09   863.99999940   -23356.33613994
   14300   28.60000000  0.79589542E-07  0.37136542E-08  0.18452135E-09   863.99999940   -23356.33613994
   14310   28.62000000  0.79937853E-07  0.46434338E-08  0.66099081E-09   863.99999940   -23356.33613994
   14320   28.64000000  0.80169989E-07  0.54949823E-08  0.11011956E-08   863.99999940   -23356.33613994
   14330   28.66000000  0.80265729E-07  0.62564791E-08  0.14949274E-08   863.99999940   -23356.33613994
   14340   28.68000000  0.80217640E-07  0.69177732E-08  0.18341579E-08   863.99999940   -23356.33613994
   14350   28.70000000  0.80034402E-07  0.74700082E-08  0.21123215E-08   863.99999940   -23356.33613994
   14360   28.72000000  0.79738567E-07  0.79048215E-08  0.23257741E-08   863.99999940   -23356.33613994
   14370   28.74000000  0.79365359E-07  0.82156376E-08  0.24737306E-08   863.99999940   -23356.33613994
   14380   28.76000000  0.78962737E-07  0.83967111E-08  0.25574283E-08   863.99999940   -23356.33613994
   14390   28.78000000  0.78590038E-07  0.84446011E-08  0.25804806E-08   863.99999940   -23356.33613994
   14400   28.80000000  0.78314029E-07  0.83568669E-08  0.25479320E-08   863.99999940   -23356.33613994
   14410   28.82000000  0.78204572E-07  0.81339866E-08  0.24657584E-08   863.99999940   -23356.33613994
   14420   28.84000000  0.78329349E-07  0.77779289E-08  0.23406745E-08   863.99999940   -23356.33613994
   14430   28.86000000  0.78750297E-07  0.72934225E-08  0.21797050E-08   863.99999940   -23356.33613994
   14440   28.88000000  0.79520789E-07  0.66872698E-08  0.19902581E-08   863.99999940   -23356.33613994
   14450   28.90000000  0.80683154E-07  0.59687310E-08  0.17788511E-08   863.99999940   -23356.33613994
   14460   28.92000000  0.82264960E-07  0.51487766E-08  0.15509628E-08   863.99999940   -23356.33613994
   14470   28.94000000  0.84278332E-07  0.42403429E-08  0.13113704E-08   863.99999940   -23356.33613995
   14480   28.96000000  0.86719298E-07  0.32578899E-08  0.10644183E-08   863.99999940   -23356.33613995
   14490   28.98000000  0.89568961E-07  0.22172842E-08  0.81422082E-09   863.99999940   -23356.33613995
   14500   29.00000000  0.92794375E-07  0.11353664E-08  0.56495791E-09   863.99999940   -23356.33613995
   14510   29.02000000  0.96348833E-07  0.29524942E-10  0.32105859E-09   863.99999940   -23356.33613995
   14520   29.04000000  0.10017144E-06 -0.10827092E-08  0.87414143E-10   863.99999939   -23356.33613995
   14530   29.06000000  0.10418723E-06 -0.21840234E-08 -0.13098133E-09   863.99999939   -23356.33613995
   14540   29.08000000  0.10830778E-06 -0.32577723E-08 -0.32861900E-09   863.99999939   -23356.33613995
   14550   29.10000000  0.11243278E-06 -0.42882187E-08 -0.49999300E-09   863.99999939   -23356.33613995
   14560   29.12000000  0.11645175E-06 -0.52618659E-08 -0.63983708E-09   863.99999939   -23356.33613995
   14570   29.14000000  0.12024649E-06 -0.61670923E-08 -0.74378526E-09   863.99999939   -23356.33613995
   14580   29.16000000  0.12369431E-06 -0.69949040E-08 -0.80874592E-09   863.99999939   -23356.33613995
   14590   29.18000000  0.12667309E-06 -0.77385847E-08 -0.83371994E-09   863.99999939   -23356.33613995
   14600   29.20000000  0.12906687E-06 -0.83938361E-08 -0.81977294E-09   863.99999939   -23356.33613995
   14610   29.22000000  0.13077234E-06 -0.89581798E-08 -0.77027674E-09   863.99999939   -23356.33613995
   14620   29.24000000  0.13170296E-06 -0.94308160E-08 -0.69128383E-09   863.99999939   -23356.33613995
   14630   29.26000000  0.13179376E-06 -0.98128310E-08 -0.59082408E-09   863.99999939   -23356.33613995
   14640   29.28000000  0.13100425E-06 -0.10105747E-07 -0.47884529E-09   863.99999939   -23356.33613995
   14650   29.30000000  0.12931946E-06 -0.10311236E-07 -0.36723571E-09   863.99999939   -23356.33613995
   14660   29.32000000  0.12675019E-06 -0.10430834E-07 -0.26770639E-09   863.99999939   -23356.33613995
   14670   29.34000000  0.12333174E-06 -0.10465582E-07 -0.19144391E-09   863.99999939   -23356.33613995
   14680   29.36000000  0.11912196E-06 -0.10416518E-07 -0.14859350E-09   863.99999939   -23356.33613995
   14690   29.38000000  0.11419784E-06 -0.10284693E-07 -0.14714861E-09   863.99999939   -23356.33613995
   14700   29.40000000  0.10865252E-06 -0.10070969E-07 -0.19255949E-09   863.99999939   -23356.33613995
   14710   29.42000000  0.10259212E-06 -0.97758627E-08 -0.28735207E-09   863.99999939   -23356.33613995
   14720   29.44000000  0.96132815E-07 -0.94007482E-08 -0.43182522E-09   863.99999939   -23356.33613995
   14730   29.46000000  0.89398263E-07 -0.89477776E-08 -0.62354272E-09   863.99999939   -23356.33613996
   14740   29.48000000  0.82517230E-07 -0.84202330E-08 -0.85780723E-09   863.99999939   -23356.33613996
   14750   29.50000000  0.75619918E-07 -0.78222666E-08 -0.11289471E-08   863.99999939   -23356.33613996
   14760   29.52000000  0.68836024E-07 -0.71592133E-08 -0.14300158E-08   863.99999939   -23356.33613996
   14770   29.54000000  0.62292330E-07 -0.64372805E-08 -0.17543134E-08   863.99999939   -23356.33613996
   14780   29.56000000  0.56110421E-07 -0.56633336E-08 -0.20944326E-08   863.99999939   -23356.33613996
   14790   29.58000000  0.50404793E-07 -0.48448881E-08 -0.24433617E-08   863.99999938   -23356.33613996
   14800   29.60000000  0.45282092E-07 -0.39898413E-08 -0.27942478E-08   863.99999938   -23356.33613996
   14810   29.62000000  0.40839673E-07 -0.31065814E-08 -0.31407591E-08   863.99999938   -23356.33613996
   14820   29.64000000  0.37164231E-07 -0.22035404E-08 -0.34767707E-08   863.99999938   -23356.33613996
   14830   29.66000000  0.34332233E-07 -0.12890941E-08 -0.37957790E-08   863.99999938   -23356.33613996
   14840   29.68000000  0.32407892E-07 -0.37125801E-09 -0.40908995E-08   863.99999938   -23356.33613996
   14850   29.70000000  0.31443661E-07  0.54174591E-09 -0.43551179E-08   863.99999938   -23356.33613996
   14860   29.72000000  0.31477594E-07  0.14414655E-08 -0.45813022E-08   863.99999938   -23356.33613996
   14870   29.74000000  0.32534335E-07  0.23191502E-08 -0.47626333E-08   863.99999938   -23356.33613996
   14880   29.76000000  0.34623593E-07  0.31657489E-08 -0.48922582E-08   863.99999938   -23356.33613996
   14890   29.78000000  0.37737486E-07  0.39719013E-08 -0.49641092E-08   863.99999938   -23356.33613996
   14900   29.80000000  0.41848011E-07  0.47285955E-08 -0.49729735E-08   863.99999938   -23356.33613996
   14910   29.82000000  0.46906747E-07  0.54266013E-08 -0.49153191E-08   863.99999938   -23356.33613996
   14920   29.84000000  0.52842961E-07  0.60572180E-08 -0.47894401E-08   863.99999938   -23356.33613996
   14930   29.86000000  0.59563769E-07  0.66118172E-08 -0.45955338E-08   863.99999938   -23356.33613996
   14940   29.88000000  0.66954103E-07  0.70821385E-08 -0.43365025E-08   863.99999938   -23356.33613996
   14950   29.90000000  0.74879278E-07  0.74606717E-08 -0.40165290E-08   863.99999938   -23356.33613996
   14960   29.92000000  0.83188930E-07  0.77410163E-08 -0.36424285E-08   863.99999938   -23356.33613996
   14970   29.94000000  0.91721856E-07  0.79175647E-08 -0.32226702E-08   863.99999938   -23356.33613996
   14980   29.96000000  0.10030880E-06  0.79856665E-08 -0.27666401E-08   863.99999938   -23356.33613996
   14990   29.98000000  0.10877721E-06  0.79420849E-08 -0.22856567E-08   863.99999938   -23356.33613996
 projection: already converged, E_kin(new)-E_kin(old)=  0.000000000000000E+000
   15000   30.00000000  0.11695619E-06  0.77842868E-08 -0.17908674E-08   863.99999938   -23356.33613997
=== application breakdown [s] ===
total calculation time,7414.17644691
rt calculation                         min         max     average   std. dev.  difference    relative
rt initialization              0.55075E-04 0.45776E-03 0.17513E-03 0.52380E-04 0.40269E-03 0.83117E+01
reading lda data               0.72206E+01 0.72548E+01 0.72250E+01 0.31643E-02 0.34129E-01 0.10047E+01
reading rt data                0.23320E-02 0.37248E-02 0.26643E-02 0.13728E-03 0.13928E-02 0.15973E+01
prep. time prop.               0.85187E-03 0.55990E-02 0.10204E-02 0.20625E-03 0.47472E-02 0.65726E+01
rt iterations                  0.74058E+04 0.74058E+04 0.74058E+04 0.13133E-03 0.91887E-03 0.10000E+01
after writing rt data          0.19073E-05 0.97061E+00 0.11703E-03 0.10230E-01 0.97061E+00 0.50888E+06
in rt iterations                       min         max     average   std. dev.  difference    relative
Vbox                           0.13226E+01 0.15751E+01 0.14457E+01 0.33695E-01 0.25248E+00 0.11909E+01
time propagation               0.56271E+04 0.58319E+04 0.57585E+04 0.32953E+02 0.20474E+03 0.10364E+01
calculating rho                0.11965E+03 0.32214E+03 0.19209E+03 0.32944E+02 0.20249E+03 0.26924E+01
Hartree routine                0.39444E+02 0.49173E+02 0.44943E+02 0.16894E+01 0.97288E+01 0.12466E+01
Exc_Cor routine                0.66932E+01 0.98533E+01 0.80731E+01 0.41519E+00 0.31601E+01 0.14721E+01
calculating curr               0.11499E+04 0.11500E+04 0.11500E+04 0.18668E-01 0.11049E+00 0.10001E+01
calc. projection               0.16186E+02 0.16532E+02 0.16422E+02 0.37399E-01 0.34589E+00 0.10214E+01
writing energies               0.15240E+01 0.21690E+01 0.16245E+01 0.12730E+00 0.64500E+00 0.14232E+01
calc_eigen_energy              0.21089E+03 0.21157E+03 0.21105E+03 0.95469E-01 0.68077E+00 0.10032E+01
calc_total_energy_periodic     0.17557E+02 0.21580E+02 0.19041E+02 0.62426E+00 0.40230E+01 0.12291E+01
writing info etc.              0.95811E-02 0.44265E+00 0.11880E-01 0.46486E-02 0.43307E+00 0.46201E+02
total_energy module                    min         max     average   std. dev.  difference    relative
periodic calc.                 0.28747E+01 0.10045E+02 0.48305E+01 0.15056E+01 0.71704E+01 0.34943E+01
periodic comm. coll.           0.10005E+02 0.18539E+02 0.14194E+02 0.16569E+01 0.85346E+01 0.18531E+01
eigen_energy calc.             0.35986E+02 0.38990E+02 0.37976E+02 0.37245E+00 0.30047E+01 0.10835E+01
eigen_energy comm. coll.       0.49821E+01 0.11411E+02 0.74243E+01 0.81975E+00 0.64288E+01 0.22904E+01
eigen_energy hpsi              0.14843E+03 0.15332E+03 0.15040E+03 0.66465E+00 0.48939E+01 0.10330E+01
density_matrix module                  min         max     average   std. dev.  difference    relative
density calc.                  0.79805E+02 0.14217E+03 0.10815E+03 0.11587E+02 0.62362E+02 0.17814E+01
density comm. coll.            0.21337E+02 0.18759E+03 0.83696E+02 0.24414E+02 0.16626E+03 0.87919E+01
current calc.                  0.25305E+03 0.27689E+03 0.26202E+03 0.35262E+01 0.23848E+02 0.10942E+01
current rDivided uVpsi calc.   0.11447E+03 0.11707E+03 0.11576E+03 0.36246E+00 0.26075E+01 0.10228E+01
current comm. coll.            0.77840E+02 0.11924E+03 0.10073E+03 0.52904E+01 0.41403E+02 0.15319E+01
current comm. halo.            0.63791E+03 0.69888E+03 0.67130E+03 0.80546E+01 0.60966E+02 0.10956E+01
conjugate_gradient module              min         max     average   std. dev.  difference    relative
subspace_diag module                   min         max     average   std. dev.  difference    relative
subspace_diag so module                min         max     average   std. dev.  difference    relative
force module                           min         max     average   std. dev.  difference    relative
init_ps                                min         max     average   std. dev.  difference    relative
hamiltonian module                     min         max     average   std. dev.  difference    relative
total                          0.49523E+04 0.51590E+04 0.50369E+04 0.31509E+02 0.20671E+03 0.10417E+01
update overlap (comm.)         0.26178E+04 0.30356E+04 0.27813E+04 0.53775E+02 0.41778E+03 0.11596E+01
stencil                        0.10775E+04 0.13490E+04 0.11827E+04 0.25590E+02 0.27147E+03 0.12519E+01
subtraction                    0.25944E+02 0.31147E+02 0.28629E+02 0.43760E+00 0.52029E+01 0.12005E+01
pseudo-pt                      0.93783E+03 0.11112E+04 0.10255E+04 0.22246E+02 0.17340E+03 0.11849E+01
pseudo-pt (comm.)              0.41780E+02 0.29200E+03 0.13410E+03 0.30545E+02 0.25022E+03 0.69890E+01
hpsi-overlapped                        min         max     average   std. dev.  difference    relative
checkpoint/restart                     min         max     average   std. dev.  difference    relative
restart self                   0.24169E+01 0.28427E+01 0.24261E+01 0.46962E-01 0.42577E+00 0.11762E+01
restart sync                   0.28380E+01 0.28501E+01 0.28418E+01 0.11361E-02 0.12167E-01 0.10043E+01
=== performance [GFLOPS] ===
end SALMON
