# Real time calculation: 
# Eall: Total energy
# Eall0: Initial total energy
# 1:Time[fs] 2:Eall[eV] 3:Eall-Eall0[eV] 
      0.00000000 -0.233053203211255E+005  0.000000000000000E+000 
      0.02000000 -0.233042147465850E+005  0.110557454057376E+001 
      0.04000000 -0.233042145223118E+005  0.110579881374457E+001 
      0.06000000 -0.233042144244253E+005  0.110589670027802E+001 
      0.08000000 -0.233042144428593E+005  0.110587826623835E+001 
      0.10000000 -0.233042143763291E+005  0.110594479644931E+001 
      0.12000000 -0.233042142648365E+005  0.110605628907896E+001 
      0.14000000 -0.233042141932530E+005  0.110612787259115E+001 
      0.16000000 -0.233042141636325E+005  0.110615749306466E+001 
      0.18000000 -0.233042141608839E+005  0.110616024162987E+001 
      0.20000000 -0.233042141754428E+005  0.110614568269670E+001 
      0.22000000 -0.233042141997149E+005  0.110612141069491E+001 
      0.24000000 -0.233042142294701E+005  0.110609165542191E+001 
      0.26000000 -0.233042142602362E+005  0.110606088939090E+001 
      0.28000000 -0.233042142873974E+005  0.110603372816826E+001 
      0.30000000 -0.233042143088290E+005  0.110601229649954E+001 
      0.32000000 -0.233042143261361E+005  0.110599498948993E+001 
      0.34000000 -0.233042143414697E+005  0.110597965589121E+001 
      0.36000000 -0.233042143540523E+005  0.110596707325524E+001 
      0.38000000 -0.233042143609247E+005  0.110596020081358E+001 
      0.40000000 -0.233042143654691E+005  0.110595565643040E+001 
      0.42000000 -0.233042143716767E+005  0.110594944889110E+001 
      0.44000000 -0.233042143824525E+005  0.110593867308312E+001 
      0.46000000 -0.233042143983794E+005  0.110592274609935E+001 
      0.48000000 -0.233042144163322E+005  0.110590479332115E+001 
      0.50000000 -0.233042144334004E+005  0.110588772510161E+001 
      0.52000000 -0.233042144495979E+005  0.110587152768976E+001 
      0.54000000 -0.233042144657476E+005  0.110585537799015E+001 
      0.56000000 -0.233042144825070E+005  0.110583861858067E+001 
      0.58000000 -0.233042144997225E+005  0.110582140307905E+001 
      0.60000000 -0.233042145172475E+005  0.110580387808368E+001 
      0.62000000 -0.233042145351919E+005  0.110578593369526E+001 
      0.64000000 -0.233042145531565E+005  0.110576796902227E+001 
      0.66000000 -0.233042145711190E+005  0.110575000655808E+001 
      0.68000000 -0.233042145894943E+005  0.110573163119736E+001 
      0.70000000 -0.233042146079817E+005  0.110571314383680E+001 
      0.72000000 -0.233042146259997E+005  0.110569512588933E+001 
      0.74000000 -0.233042146434699E+005  0.110567765559767E+001 
      0.76000000 -0.233042146605640E+005  0.110566056155604E+001 
      0.78000000 -0.233042146776003E+005  0.110564352526529E+001 
      0.80000000 -0.233042146948337E+005  0.110562629180546E+001 
      0.82000000 -0.233042147122628E+005  0.110560886277902E+001 
      0.84000000 -0.233042147296283E+005  0.110559149723276E+001 
      0.86000000 -0.233042147469102E+005  0.110557421531824E+001 
      0.88000000 -0.233042147639908E+005  0.110555713477698E+001 
      0.90000000 -0.233042147808000E+005  0.110554032551761E+001 
      0.92000000 -0.233042147975577E+005  0.110552356789622E+001 
      0.94000000 -0.233042148142685E+005  0.110550685706518E+001 
      0.96000000 -0.233042148306767E+005  0.110549044881064E+001 
      0.98000000 -0.233042148466474E+005  0.110547447811154E+001 
      1.00000000 -0.233042148620544E+005  0.110545907113938E+001 
      1.02000000 -0.233042148769383E+005  0.110544418720745E+001 
      1.04000000 -0.233042148917615E+005  0.110542936404573E+001 
      1.06000000 -0.233042149069033E+005  0.110541422224875E+001 
      1.08000000 -0.233042149221346E+005  0.110539899092058E+001 
      1.10000000 -0.233042149372322E+005  0.110538389334008E+001 
      1.12000000 -0.233042149522548E+005  0.110536887073550E+001 
      1.14000000 -0.233042149671690E+005  0.110535395649890E+001 
      1.16000000 -0.233042149819194E+005  0.110533920612903E+001 
      1.18000000 -0.233042149965215E+005  0.110532460406521E+001 
      1.20000000 -0.233042150110081E+005  0.110531011743510E+001 
      1.22000000 -0.233042150253964E+005  0.110529572919000E+001 
      1.24000000 -0.233042150396896E+005  0.110528143594863E+001 
      1.26000000 -0.233042150538775E+005  0.110526724801569E+001 
      1.28000000 -0.233042150679807E+005  0.110525314489004E+001 
      1.30000000 -0.233042150820460E+005  0.110523907956481E+001 
      1.32000000 -0.233042150960875E+005  0.110522503800753E+001 
      1.34000000 -0.233042151100839E+005  0.110521104163811E+001 
      1.36000000 -0.233042151240041E+005  0.110519712148204E+001 
      1.38000000 -0.233042151378188E+005  0.110518330669937E+001 
      1.40000000 -0.233042151515210E+005  0.110516960450740E+001 
      1.42000000 -0.233042151651054E+005  0.110515602011264E+001 
      1.44000000 -0.233042151785688E+005  0.110514255678808E+001 
      1.46000000 -0.233042151919029E+005  0.110512922266982E+001 
      1.48000000 -0.233042152051185E+005  0.110511600708195E+001 
      1.50000000 -0.233042152182384E+005  0.110510288715054E+001 
      1.52000000 -0.233042152313008E+005  0.110508982479678E+001 
      1.54000000 -0.233042152443219E+005  0.110507680365874E+001 
      1.56000000 -0.233042152572862E+005  0.110506383934041E+001 
      1.58000000 -0.233042152701712E+005  0.110505095433829E+001 
      1.60000000 -0.233042152829743E+005  0.110503815127262E+001 
      1.62000000 -0.233042152957054E+005  0.110502542011096E+001 
      1.64000000 -0.233042153083630E+005  0.110501276258878E+001 
      1.66000000 -0.233042153209396E+005  0.110500018592650E+001 
      1.68000000 -0.233042153334303E+005  0.110498769519758E+001 
      1.70000000 -0.233042153458386E+005  0.110497528694341E+001 
      1.72000000 -0.233042153581698E+005  0.110496295576879E+001 
      1.74000000 -0.233042153704070E+005  0.110495071852751E+001 
      1.76000000 -0.233042153825364E+005  0.110493858909738E+001 
      1.78000000 -0.233042153945699E+005  0.110492655567947E+001 
      1.80000000 -0.233042154065466E+005  0.110491457892042E+001 
      1.82000000 -0.233042154184784E+005  0.110490264712650E+001 
      1.84000000 -0.233042154303531E+005  0.110489077243690E+001 
      1.86000000 -0.233042154421644E+005  0.110487896115324E+001 
      1.88000000 -0.233042154539027E+005  0.110486722286561E+001 
      1.90000000 -0.233042154655631E+005  0.110485556239689E+001 
      1.92000000 -0.233042154771522E+005  0.110484397330626E+001 
      1.94000000 -0.233042154886798E+005  0.110483244579636E+001 
      1.96000000 -0.233042155001474E+005  0.110482097818738E+001 
      1.98000000 -0.233042155115512E+005  0.110480957438650E+001 
      2.00000000 -0.233042155228908E+005  0.110479823477115E+001 
      2.02000000 -0.233042155341740E+005  0.110478695152075E+001 
      2.04000000 -0.233042155454058E+005  0.110477571979077E+001 
      2.06000000 -0.233042155565817E+005  0.110476454381942E+001 
      2.08000000 -0.233042155676986E+005  0.110475342693537E+001 
      2.10000000 -0.233042155787574E+005  0.110474236814250E+001 
      2.12000000 -0.233042155897511E+005  0.110473137443228E+001 
      2.14000000 -0.233042156006786E+005  0.110472044696172E+001 
      2.16000000 -0.233042156115407E+005  0.110470958480275E+001 
      2.18000000 -0.233042156223464E+005  0.110469877914795E+001 
      2.20000000 -0.233042156331016E+005  0.110468802396175E+001 
      2.22000000 -0.233042156438098E+005  0.110467731574532E+001 
      2.24000000 -0.233042156544728E+005  0.110466665271366E+001 
      2.26000000 -0.233042156650916E+005  0.110465603398821E+001 
      2.28000000 -0.233042156756620E+005  0.110464546351945E+001 
      2.30000000 -0.233042156861826E+005  0.110463494296555E+001 
      2.32000000 -0.233042156966507E+005  0.110462447488179E+001 
      2.34000000 -0.233042157070670E+005  0.110461405854119E+001 
      2.36000000 -0.233042157174278E+005  0.110460369776741E+001 
      2.38000000 -0.233042157277328E+005  0.110459339273988E+001 
      2.40000000 -0.233042157379873E+005  0.110458313828613E+001 
      2.42000000 -0.233042157481910E+005  0.110457293459487E+001 
      2.44000000 -0.233042157583443E+005  0.110456278129179E+001 
      2.46000000 -0.233042157684536E+005  0.110455267192367E+001 
      2.48000000 -0.233042157785213E+005  0.110454260420747E+001 
      2.50000000 -0.233042157885515E+005  0.110453257399779E+001 
      2.52000000 -0.233042157985448E+005  0.110452258070065E+001 
      2.54000000 -0.233042158084984E+005  0.110451262717145E+001 
      2.56000000 -0.233042158184097E+005  0.110450271582625E+001 
      2.58000000 -0.233042158282785E+005  0.110449284700844E+001 
      2.60000000 -0.233042158381054E+005  0.110448302013334E+001 
      2.62000000 -0.233042158478911E+005  0.110447323440281E+001 
      2.64000000 -0.233042158576362E+005  0.110446348933424E+001 
      2.66000000 -0.233042158673389E+005  0.110445378662292E+001 
      2.68000000 -0.233042158770006E+005  0.110444412496954E+001 
      2.70000000 -0.233042158866249E+005  0.110443450064326E+001 
      2.72000000 -0.233042158962126E+005  0.110442491289852E+001 
      2.74000000 -0.233042159057608E+005  0.110441536472062E+001 
      2.76000000 -0.233042159152675E+005  0.110440585801520E+001 
      2.78000000 -0.233042159247323E+005  0.110439639323083E+001 
      2.80000000 -0.233042159341587E+005  0.110438696684394E+001 
      2.82000000 -0.233042159435508E+005  0.110437757473386E+001 
      2.84000000 -0.233042159529085E+005  0.110436821702746E+001 
      2.86000000 -0.233042159622279E+005  0.110435889765974E+001 
      2.88000000 -0.233042159715065E+005  0.110434961909011E+001 
      2.90000000 -0.233042159807482E+005  0.110434037735878E+001 
      2.92000000 -0.233042159899561E+005  0.110433116946499E+001 
      2.94000000 -0.233042159991281E+005  0.110432199746906E+001 
      2.96000000 -0.233042160082623E+005  0.110431286325189E+001 
      2.98000000 -0.233042160173581E+005  0.110430376747549E+001 
      3.00000000 -0.233042160264191E+005  0.110429470644615E+001 
      3.02000000 -0.233042160354507E+005  0.110428567483052E+001 
      3.04000000 -0.233042160444539E+005  0.110427667165724E+001 
      3.06000000 -0.233042160534268E+005  0.110426769878245E+001 
      3.08000000 -0.233042160623676E+005  0.110425875798185E+001 
      3.10000000 -0.233042160712748E+005  0.110424985075274E+001 
      3.12000000 -0.233042160801492E+005  0.110424097636195E+001 
      3.14000000 -0.233042160889932E+005  0.110423213231295E+001 
      3.16000000 -0.233042160978065E+005  0.110422331903576E+001 
      3.18000000 -0.233042161065885E+005  0.110421453701606E+001 
      3.20000000 -0.233042161153402E+005  0.110420578533197E+001 
      3.22000000 -0.233042161240622E+005  0.110419706338953E+001 
      3.24000000 -0.233042161327534E+005  0.110418837212298E+001 
      3.26000000 -0.233042161414144E+005  0.110417971115493E+001 
      3.28000000 -0.233042161500452E+005  0.110417108034305E+001 
      3.30000000 -0.233042161586470E+005  0.110416247855511E+001 
      3.32000000 -0.233042161672199E+005  0.110415390563023E+001 
      3.34000000 -0.233042161757632E+005  0.110414536229851E+001 
      3.36000000 -0.233042161842791E+005  0.110413684647487E+001 
      3.38000000 -0.233042161927687E+005  0.110412835687856E+001 
      3.40000000 -0.233042162012303E+005  0.110411989520797E+001 
      3.42000000 -0.233042162096637E+005  0.110411146189310E+001 
      3.44000000 -0.233042162180699E+005  0.110410305560062E+001 
      3.46000000 -0.233042162264503E+005  0.110409467524469E+001 
      3.48000000 -0.233042162348020E+005  0.110408632351671E+001 
      3.50000000 -0.233042162431255E+005  0.110407800001142E+001 
      3.52000000 -0.233042162514198E+005  0.110406970570950E+001 
      3.54000000 -0.233042162596843E+005  0.110406144124821E+001 
      3.56000000 -0.233042162679197E+005  0.110405320587891E+001 
      3.58000000 -0.233042162761291E+005  0.110404499644616E+001 
      3.60000000 -0.233042162843131E+005  0.110403681247664E+001 
      3.62000000 -0.233042162924726E+005  0.110402865296802E+001 
      3.64000000 -0.233042163006086E+005  0.110402051692418E+001 
      3.66000000 -0.233042163087220E+005  0.110401240357482E+001 
      3.68000000 -0.233042163168111E+005  0.110400431446053E+001 
      3.70000000 -0.233042163248757E+005  0.110399624981643E+001 
      3.72000000 -0.233042163329178E+005  0.110398820776781E+001 
      3.74000000 -0.233042163409376E+005  0.110398018794345E+001 
      3.76000000 -0.233042163489347E+005  0.110397219083831E+001 
      3.78000000 -0.233042163569087E+005  0.110396421682362E+001 
      3.80000000 -0.233042163648601E+005  0.110395626541060E+001 
      3.82000000 -0.233042163727883E+005  0.110394833724271E+001 
      3.84000000 -0.233042163806940E+005  0.110394043155275E+001 
      3.86000000 -0.233042163885770E+005  0.110393254852324E+001 
      3.88000000 -0.233042163964361E+005  0.110392468943800E+001 
      3.90000000 -0.233042164042720E+005  0.110391685351438E+001 
      3.92000000 -0.233042164120863E+005  0.110390903927981E+001 
      3.94000000 -0.233042164198779E+005  0.110390124760670E+001 
      3.96000000 -0.233042164276459E+005  0.110389347968916E+001 
      3.98000000 -0.233042164353907E+005  0.110388573484042E+001 
      4.00000000 -0.233042164431145E+005  0.110387801103418E+001 
      4.02000000 -0.233042164508175E+005  0.110387030805391E+001 
      4.04000000 -0.233042164584991E+005  0.110386262647499E+001 
      4.06000000 -0.233042164661585E+005  0.110385496701514E+001 
      4.08000000 -0.233042164737947E+005  0.110384733081280E+001 
      4.10000000 -0.233042164814088E+005  0.110383971670169E+001 
      4.12000000 -0.233042164890026E+005  0.110383212290300E+001 
      4.14000000 -0.233042164965762E+005  0.110382454935795E+001 
      4.16000000 -0.233042165041292E+005  0.110381699634188E+001 
      4.18000000 -0.233042165116636E+005  0.110380946198626E+001 
      4.20000000 -0.233042165191788E+005  0.110380194679225E+001 
      4.22000000 -0.233042165266738E+005  0.110379445179310E+001 
      4.24000000 -0.233042165341490E+005  0.110378697658666E+001 
      4.26000000 -0.233042165416048E+005  0.110377952071507E+001 
      4.28000000 -0.233042165490413E+005  0.110377208429279E+001 
      4.30000000 -0.233042165564575E+005  0.110376466804682E+001 
      4.32000000 -0.233042165638532E+005  0.110375727229580E+001 
      4.34000000 -0.233042165712286E+005  0.110374989690050E+001 
      4.36000000 -0.233042165785842E+005  0.110374254137834E+001 
      4.38000000 -0.233042165859206E+005  0.110373520493736E+001 
      4.40000000 -0.233042165932402E+005  0.110372788535636E+001 
      4.42000000 -0.233042166005431E+005  0.110372058241263E+001 
      4.44000000 -0.233042166078293E+005  0.110371329627938E+001 
      4.46000000 -0.233042166150971E+005  0.110370602846011E+001 
      4.48000000 -0.233042166223464E+005  0.110369877917445E+001 
      4.50000000 -0.233042166295765E+005  0.110369154901947E+001 
      4.52000000 -0.233042166367869E+005  0.110368433862007E+001 
      4.54000000 -0.233042166439788E+005  0.110367714679449E+001 
      4.56000000 -0.233042166511531E+005  0.110366997240741E+001 
      4.58000000 -0.233042166583103E+005  0.110366281529486E+001 
      4.60000000 -0.233042166654502E+005  0.110365567533310E+001 
      4.62000000 -0.233042166725732E+005  0.110364855235507E+001 
      4.64000000 -0.233042166796789E+005  0.110364144660517E+001 
      4.66000000 -0.233042166867677E+005  0.110363435782662E+001 
      4.68000000 -0.233042166938386E+005  0.110362728697226E+001 
      4.70000000 -0.233042167008921E+005  0.110362023342955E+001 
      4.72000000 -0.233042167079290E+005  0.110361319653337E+001 
      4.74000000 -0.233042167149498E+005  0.110360617572998E+001 
      4.76000000 -0.233042167219541E+005  0.110359917145866E+001 
      4.78000000 -0.233042167289408E+005  0.110359218470317E+001 
      4.80000000 -0.233042167359102E+005  0.110358521530265E+001 
      4.82000000 -0.233042167428635E+005  0.110357826203821E+001 
      4.84000000 -0.233042167498010E+005  0.110357132459433E+001 
      4.86000000 -0.233042167567221E+005  0.110356440344741E+001 
      4.88000000 -0.233042167636262E+005  0.110355749931515E+001 
      4.90000000 -0.233042167705148E+005  0.110355061077452E+001 
      4.92000000 -0.233042167773879E+005  0.110354373768631E+001 
      4.94000000 -0.233042167842461E+005  0.110353687945654E+001 
      4.96000000 -0.233042167910893E+005  0.110353003621515E+001 
      4.98000000 -0.233042167979171E+005  0.110352320845710E+001 
      5.00000000 -0.233042168047288E+005  0.110351639676091E+001 
      5.02000000 -0.233042168115255E+005  0.110350960006237E+001 
      5.04000000 -0.233042168183083E+005  0.110350281725400E+001 
      5.06000000 -0.233042168250767E+005  0.110349604879981E+001 
      5.08000000 -0.233042168318297E+005  0.110348929585373E+001 
      5.10000000 -0.233042168385668E+005  0.110348255879006E+001 
      5.12000000 -0.233042168452879E+005  0.110347583760263E+001 
      5.14000000 -0.233042168519937E+005  0.110346913185833E+001 
      5.16000000 -0.233042168586851E+005  0.110346244040326E+001 
      5.18000000 -0.233042168653631E+005  0.110345576240525E+001 
      5.20000000 -0.233042168720275E+005  0.110344909806228E+001 
      5.22000000 -0.233042168786775E+005  0.110344244808898E+001 
      5.24000000 -0.233042168853129E+005  0.110343581266786E+001 
      5.26000000 -0.233042168919344E+005  0.110342919116783E+001 
      5.28000000 -0.233042168985421E+005  0.110342258343112E+001 
      5.30000000 -0.233042169051354E+005  0.110341599019401E+001 
      5.32000000 -0.233042169117146E+005  0.110340941090583E+001 
      5.34000000 -0.233042169182804E+005  0.110340284514895E+001 
      5.36000000 -0.233042169248326E+005  0.110339629294503E+001 
      5.38000000 -0.233042169313713E+005  0.110338975422910E+001 
      5.40000000 -0.233042169378962E+005  0.110338322933837E+001 
      5.42000000 -0.233042169444069E+005  0.110337671864097E+001 
      5.44000000 -0.233042169509020E+005  0.110337022353519E+001 
      5.46000000 -0.233042169573830E+005  0.110336374259180E+001 
      5.48000000 -0.233042169638509E+005  0.110335727467546E+001 
      5.50000000 -0.233042169703052E+005  0.110335082035539E+001 
      5.52000000 -0.233042169767455E+005  0.110334438006469E+001 
      5.54000000 -0.233042169831727E+005  0.110333795279794E+001 
      5.56000000 -0.233042169895879E+005  0.110333153765492E+001 
      5.58000000 -0.233042169959903E+005  0.110332513525434E+001 
      5.60000000 -0.233042170023804E+005  0.110331874510432E+001 
      5.62000000 -0.233042170087583E+005  0.110331236723890E+001 
      5.64000000 -0.233042170151231E+005  0.110330600245621E+001 
      5.66000000 -0.233042170214745E+005  0.110329965103467E+001 
      5.68000000 -0.233042170278133E+005  0.110329331223493E+001 
      5.70000000 -0.233042170341398E+005  0.110328698573524E+001 
      5.72000000 -0.233042170404539E+005  0.110328067164699E+001 
      5.74000000 -0.233042170467556E+005  0.110327436992685E+001 
      5.76000000 -0.233042170530448E+005  0.110326808079138E+001 
      5.78000000 -0.233042170593212E+005  0.110326180437051E+001 
      5.80000000 -0.233042170655857E+005  0.110325553985681E+001 
      5.82000000 -0.233042170718382E+005  0.110324928733691E+001 
      5.84000000 -0.233042170780786E+005  0.110324304695002E+001 
      5.86000000 -0.233042170843075E+005  0.110323681803720E+001 
      5.88000000 -0.233042170905247E+005  0.110323060082738E+001 
      5.90000000 -0.233042170967294E+005  0.110322439618367E+001 
      5.92000000 -0.233042171029213E+005  0.110321820426383E+001 
      5.94000000 -0.233042171091016E+005  0.110321202390160E+001 
      5.96000000 -0.233042171152709E+005  0.110320585461746E+001 
      5.98000000 -0.233042171214280E+005  0.110319969751583E+001 
      6.00000000 -0.233042171275725E+005  0.110319355300505E+001 
      6.02000000 -0.233042171337045E+005  0.110318742106967E+001 
      6.04000000 -0.233042171398252E+005  0.110318130036396E+001 
      6.06000000 -0.233042171459349E+005  0.110317519068685E+001 
      6.08000000 -0.233042171520323E+005  0.110316909321390E+001 
      6.10000000 -0.233042171581182E+005  0.110316300731093E+001 
      6.12000000 -0.233042171641923E+005  0.110315693322851E+001 
      6.14000000 -0.233042171702551E+005  0.110315087040671E+001 
      6.16000000 -0.233042171763071E+005  0.110314481846192E+001 
      6.18000000 -0.233042171823478E+005  0.110313877777776E+001 
      6.20000000 -0.233042171883775E+005  0.110313274801391E+001 
      6.22000000 -0.233042171943968E+005  0.110312672876204E+001 
      6.24000000 -0.233042172004051E+005  0.110312072047380E+001 
      6.26000000 -0.233042172064021E+005  0.110311472345856E+001 
      6.28000000 -0.233042172123875E+005  0.110310873800091E+001 
      6.30000000 -0.233042172183618E+005  0.110310276375439E+001 
      6.32000000 -0.233042172243251E+005  0.110309680045294E+001 
      6.34000000 -0.233042172302784E+005  0.110309084711590E+001 
      6.36000000 -0.233042172362222E+005  0.110308490336894E+001 
      6.38000000 -0.233042172421563E+005  0.110307896927085E+001 
      6.40000000 -0.233042172480799E+005  0.110307304562596E+001 
      6.42000000 -0.233042172539929E+005  0.110306713266937E+001 
      6.44000000 -0.233042172598950E+005  0.110306123059289E+001 
      6.46000000 -0.233042172657859E+005  0.110305533968731E+001 
      6.48000000 -0.233042172716660E+005  0.110304945950097E+001 
      6.50000000 -0.233042172775360E+005  0.110304358951107E+001 
      6.52000000 -0.233042172833960E+005  0.110303772954744E+001 
      6.54000000 -0.233042172892455E+005  0.110303188001535E+001 
      6.56000000 -0.233042172950848E+005  0.110302604078487E+001 
      6.58000000 -0.233042173009140E+005  0.110302021155902E+001 
      6.60000000 -0.233042173067334E+005  0.110301439211505E+001 
      6.62000000 -0.233042173125426E+005  0.110300858297889E+001 
      6.64000000 -0.233042173183413E+005  0.110300278426188E+001 
      6.66000000 -0.233042173241301E+005  0.110299699544432E+001 
      6.68000000 -0.233042173299080E+005  0.110299121749759E+001 
      6.70000000 -0.233042173356757E+005  0.110298544979678E+001 
      6.72000000 -0.233042173414332E+005  0.110297969236046E+001 
      6.74000000 -0.233042173471812E+005  0.110297394432861E+001 
      6.76000000 -0.233042173529205E+005  0.110296820501137E+001 
      6.78000000 -0.233042173586509E+005  0.110296247469025E+001 
      6.80000000 -0.233042173643719E+005  0.110295675360654E+001 
      6.82000000 -0.233042173700831E+005  0.110295104242228E+001 
      6.84000000 -0.233042173757844E+005  0.110294534111581E+001 
      6.86000000 -0.233042173814761E+005  0.110293964943654E+001 
      6.88000000 -0.233042173871581E+005  0.110293396742161E+001 
      6.90000000 -0.233042173928308E+005  0.110292829479259E+001 
      6.92000000 -0.233042173984937E+005  0.110292263180935E+001 
      6.94000000 -0.233042174041472E+005  0.110291697837287E+001 
      6.96000000 -0.233042174097916E+005  0.110291133393252E+001 
      6.98000000 -0.233042174154271E+005  0.110290569846973E+001 
      7.00000000 -0.233042174210527E+005  0.110290007289400E+001 
      7.02000000 -0.233042174266684E+005  0.110289445719297E+001 
      7.04000000 -0.233042174322748E+005  0.110288885079124E+001 
      7.06000000 -0.233042174378725E+005  0.110288325303914E+001 
      7.08000000 -0.233042174434623E+005  0.110287766323753E+001 
      7.10000000 -0.233042174490434E+005  0.110287208211650E+001 
      7.12000000 -0.233042174546160E+005  0.110286650952755E+001 
      7.14000000 -0.233042174601789E+005  0.110286094666790E+001 
      7.16000000 -0.233042174657326E+005  0.110285539298998E+001 
      7.18000000 -0.233042174712779E+005  0.110284984766163E+001 
      7.20000000 -0.233042174768141E+005  0.110284431140673E+001 
      7.22000000 -0.233042174823406E+005  0.110283878492754E+001 
      7.24000000 -0.233042174878581E+005  0.110283326747540E+001 
      7.26000000 -0.233042174933673E+005  0.110282775819649E+001 
      7.28000000 -0.233042174988686E+005  0.110282225696397E+001 
      7.30000000 -0.233042175043611E+005  0.110281676441512E+001 
      7.32000000 -0.233042175098451E+005  0.110281128041383E+001 
      7.34000000 -0.233042175153205E+005  0.110280580499720E+001 
      7.36000000 -0.233042175207867E+005  0.110280033883347E+001 
      7.38000000 -0.233042175262440E+005  0.110279488150498E+001 
      7.40000000 -0.233042175316928E+005  0.110278943271477E+001 
      7.42000000 -0.233042175371333E+005  0.110278399229578E+001 
      7.44000000 -0.233042175425656E+005  0.110277855993864E+001 
      7.46000000 -0.233042175479891E+005  0.110277313644151E+001 
      7.48000000 -0.233042175534038E+005  0.110276772177654E+001 
      7.50000000 -0.233042175588104E+005  0.110276231518580E+001 
      7.52000000 -0.233042175642093E+005  0.110275691626404E+001 
      7.54000000 -0.233042175696004E+005  0.110275152518140E+001 
      7.56000000 -0.233042175749830E+005  0.110274614259063E+001 
      7.58000000 -0.233042175803570E+005  0.110274076857216E+001 
      7.60000000 -0.233042175857225E+005  0.110273540300843E+001 
      7.62000000 -0.233042175910795E+005  0.110273004602937E+001 
      7.64000000 -0.233042175964286E+005  0.110272469694513E+001 
      7.66000000 -0.233042176017698E+005  0.110271935578044E+001 
      7.68000000 -0.233042176071031E+005  0.110271402246724E+001 
      7.70000000 -0.233042176124284E+005  0.110270869716950E+001 
      7.72000000 -0.233042176177463E+005  0.110270337923447E+001 
      7.74000000 -0.233042176230568E+005  0.110269806877043E+001 
      7.76000000 -0.233042176283592E+005  0.110269276630948E+001 
      7.78000000 -0.233042176336531E+005  0.110268747240535E+001 
      7.80000000 -0.233042176389391E+005  0.110268218646718E+001 
      7.82000000 -0.233042176442172E+005  0.110267690834648E+001 
      7.84000000 -0.233042176494878E+005  0.110267163773698E+001 
      7.86000000 -0.233042176547513E+005  0.110266637425818E+001 
      7.88000000 -0.233042176600068E+005  0.110266111869893E+001 
      7.90000000 -0.233042176652541E+005  0.110265587149544E+001 
      7.92000000 -0.233042176704932E+005  0.110265063237236E+001 
      7.94000000 -0.233042176757244E+005  0.110264540114099E+001 
      7.96000000 -0.233042176809488E+005  0.110264017678046E+001 
      7.98000000 -0.233042176861656E+005  0.110263495993114E+001 
      8.00000000 -0.233042176913752E+005  0.110262975037956E+001 
      8.02000000 -0.233042176965772E+005  0.110262454837321E+001 
      8.04000000 -0.233042177017713E+005  0.110261935421217E+001 
      8.06000000 -0.233042177069577E+005  0.110261416780673E+001 
      8.08000000 -0.233042177121369E+005  0.110260898868356E+001 
      8.10000000 -0.233042177173090E+005  0.110260381656425E+001 
      8.12000000 -0.233042177224737E+005  0.110259865183859E+001 
      8.14000000 -0.233042177276309E+005  0.110259349467673E+001 
      8.16000000 -0.233042177327798E+005  0.110258834574068E+001 
      8.18000000 -0.233042177379209E+005  0.110258320461901E+001 
      8.20000000 -0.233042177430550E+005  0.110257807053831E+001 
      8.22000000 -0.233042177481821E+005  0.110257294349551E+001 
      8.24000000 -0.233042177533026E+005  0.110256782298324E+001 
      8.26000000 -0.233042177584163E+005  0.110256270928303E+001 
      8.28000000 -0.233042177635225E+005  0.110255760306618E+001 
      8.30000000 -0.233042177686213E+005  0.110255250425225E+001 
      8.32000000 -0.233042177737131E+005  0.110254741244219E+001 
      8.34000000 -0.233042177787980E+005  0.110254232758339E+001 
      8.36000000 -0.233042177838755E+005  0.110253725005946E+001 
      8.38000000 -0.233042177889459E+005  0.110253217962291E+001 
      8.40000000 -0.233042177940092E+005  0.110252711633871E+001 
      8.42000000 -0.233042177990651E+005  0.110252206048219E+001 
      8.44000000 -0.233042178041133E+005  0.110251701227298E+001 
      8.46000000 -0.233042178091544E+005  0.110251197114189E+001 
      8.48000000 -0.233042178141891E+005  0.110250693648255E+001 
      8.50000000 -0.233042178192179E+005  0.110250190759582E+001 
      8.52000000 -0.233042178242403E+005  0.110249688528604E+001 
      8.54000000 -0.233042178292556E+005  0.110249186999249E+001 
      8.56000000 -0.233042178342638E+005  0.110248686173374E+001 
      8.58000000 -0.233042178392643E+005  0.110248186121511E+001 
      8.60000000 -0.233042178442582E+005  0.110247686735695E+001 
      8.62000000 -0.233042178492465E+005  0.110247187907651E+001 
      8.64000000 -0.233042178542287E+005  0.110246689686566E+001 
      8.66000000 -0.233042178592044E+005  0.110246192116370E+001 
      8.68000000 -0.233042178641731E+005  0.110245695245013E+001 
      8.70000000 -0.233042178691339E+005  0.110245199160971E+001 
      8.72000000 -0.233042178740878E+005  0.110244703771437E+001 
      8.74000000 -0.233042178790357E+005  0.110244208987006E+001 
      8.76000000 -0.233042178839767E+005  0.110243714884709E+001 
      8.78000000 -0.233042178889110E+005  0.110243221456193E+001 
      8.80000000 -0.233042178938388E+005  0.110242728672379E+001 
      8.82000000 -0.233042178987601E+005  0.110242236540071E+001 
      8.84000000 -0.233042179036751E+005  0.110241745040709E+001 
      8.86000000 -0.233042179085831E+005  0.110241254244208E+001 
      8.88000000 -0.233042179134845E+005  0.110240764109113E+001 
      8.90000000 -0.233042179183800E+005  0.110240274559323E+001 
      8.92000000 -0.233042179232697E+005  0.110239785581845E+001 
      8.94000000 -0.233042179281537E+005  0.110239297189052E+001 
      8.96000000 -0.233042179330303E+005  0.110238809523869E+001 
      8.98000000 -0.233042179379002E+005  0.110238322533704E+001 
      9.00000000 -0.233042179427640E+005  0.110237836159470E+001 
      9.02000000 -0.233042179476215E+005  0.110237350407664E+001 
      9.04000000 -0.233042179524721E+005  0.110236865341084E+001 
      9.06000000 -0.233042179573163E+005  0.110236380924465E+001 
      9.08000000 -0.233042179621542E+005  0.110235897132749E+001 
      9.10000000 -0.233042179669865E+005  0.110235413906538E+001 
      9.12000000 -0.233042179718132E+005  0.110234931237790E+001 
      9.14000000 -0.233042179766333E+005  0.110234449220858E+001 
      9.16000000 -0.233042179814466E+005  0.110233967894722E+001 
      9.18000000 -0.233042179862540E+005  0.110233487151725E+001 
      9.20000000 -0.233042179910556E+005  0.110233006996198E+001 
      9.22000000 -0.233042179958512E+005  0.110232527430307E+001 
      9.24000000 -0.233042180006407E+005  0.110232048481894E+001 
      9.26000000 -0.233042180054237E+005  0.110231570182513E+001 
      9.28000000 -0.233042180101997E+005  0.110231092579805E+001 
      9.30000000 -0.233042180149696E+005  0.110230615593647E+001 
      9.32000000 -0.233042180197340E+005  0.110230139155052E+001 
      9.34000000 -0.233042180244927E+005  0.110229663285057E+001 
      9.36000000 -0.233042180292460E+005  0.110229187956437E+001 
      9.38000000 -0.233042180339928E+005  0.110228713276540E+001 
      9.40000000 -0.233042180387335E+005  0.110228239207315E+001 
      9.42000000 -0.233042180434687E+005  0.110227765685963E+001 
      9.44000000 -0.233042180481982E+005  0.110227292736613E+001 
      9.46000000 -0.233042180529215E+005  0.110226820402884E+001 
      9.48000000 -0.233042180576392E+005  0.110226348634661E+001 
      9.50000000 -0.233042180623509E+005  0.110225877461024E+001 
      9.52000000 -0.233042180670569E+005  0.110225406868051E+001 
      9.54000000 -0.233042180717579E+005  0.110224936763863E+001 
      9.56000000 -0.233042180764541E+005  0.110224467140417E+001 
      9.58000000 -0.233042180811442E+005  0.110223998135995E+001 
      9.60000000 -0.233042180858274E+005  0.110223529815254E+001 
      9.62000000 -0.233042180905042E+005  0.110223062137048E+001 
      9.64000000 -0.233042180951750E+005  0.110222595052809E+001 
      9.66000000 -0.233042180998396E+005  0.110222128596567E+001 
      9.68000000 -0.233042181044988E+005  0.110221662673038E+001 
      9.70000000 -0.233042181091532E+005  0.110221197233344E+001 
      9.72000000 -0.233042181138022E+005  0.110220732337501E+001 
      9.74000000 -0.233042181184446E+005  0.110220268090690E+001 
      9.76000000 -0.233042181230812E+005  0.110219804438465E+001 
      9.78000000 -0.233042181277128E+005  0.110219341276881E+001 
      9.80000000 -0.233042181323394E+005  0.110218878616766E+001 
      9.82000000 -0.233042181369599E+005  0.110218416565466E+001 
      9.84000000 -0.233042181415743E+005  0.110217955127004E+001 
      9.86000000 -0.233042181461832E+005  0.110217494236724E+001 
      9.88000000 -0.233042181507878E+005  0.110217033777997E+001 
      9.90000000 -0.233042181553874E+005  0.110216573811149E+001 
      9.92000000 -0.233042181599819E+005  0.110216114364332E+001 
      9.94000000 -0.233042181645706E+005  0.110215655495085E+001 
      9.96000000 -0.233042181691537E+005  0.110215197189487E+001 
      9.98000000 -0.233042181737308E+005  0.110214739473835E+001 
     10.00000000 -0.233042181783019E+005  0.110214282365761E+001 
     10.02000000 -0.233042181828674E+005  0.110213825811437E+001 
     10.04000000 -0.233042181874278E+005  0.110213369770647E+001 
     10.06000000 -0.233042181919825E+005  0.110212914304025E+001 
     10.08000000 -0.233042181965318E+005  0.110212459373829E+001 
     10.10000000 -0.233042182010754E+005  0.110212005010376E+001 
     10.12000000 -0.233042182056136E+005  0.110211551195723E+001 
     10.14000000 -0.233042182101467E+005  0.110211097884395E+001 
     10.16000000 -0.233042182146752E+005  0.110210645039579E+001 
     10.18000000 -0.233042182191985E+005  0.110210192702418E+001 
     10.20000000 -0.233042182237166E+005  0.110209740891785E+001 
     10.22000000 -0.233042182282293E+005  0.110209289623145E+001 
     10.24000000 -0.233042182327367E+005  0.110208838888148E+001 
     10.26000000 -0.233042182372385E+005  0.110208388704426E+001 
     10.28000000 -0.233042182417353E+005  0.110207939028669E+001 
     10.30000000 -0.233042182462265E+005  0.110207489902950E+001 
     10.32000000 -0.233042182507135E+005  0.110207041207548E+001 
     10.34000000 -0.233042182551956E+005  0.110206592996599E+001 
     10.36000000 -0.233042182596721E+005  0.110206145340638E+001 
     10.38000000 -0.233042182641438E+005  0.110205698179340E+001 
     10.40000000 -0.233042182686102E+005  0.110205251529720E+001 
     10.42000000 -0.233042182730721E+005  0.110204805341970E+001 
     10.44000000 -0.233042182775292E+005  0.110204359635891E+001 
     10.46000000 -0.233042182819810E+005  0.110203914452007E+001 
     10.48000000 -0.233042182864275E+005  0.110203469799908E+001 
     10.50000000 -0.233042182908691E+005  0.110203025642782E+001 
     10.52000000 -0.233042182953061E+005  0.110202581949693E+001 
     10.54000000 -0.233042182997385E+005  0.110202138708575E+001 
     10.56000000 -0.233042183041658E+005  0.110201695979134E+001 
     10.58000000 -0.233042183085874E+005  0.110201253818911E+001 
     10.60000000 -0.233042183130036E+005  0.110200812193259E+001 
     10.62000000 -0.233042183174149E+005  0.110200371060413E+001 
     10.64000000 -0.233042183218208E+005  0.110199930471418E+001 
     10.66000000 -0.233042183262216E+005  0.110199490395957E+001 
     10.68000000 -0.233042183306173E+005  0.110199050824439E+001 
     10.70000000 -0.233042183350088E+005  0.110198611673028E+001 
     10.72000000 -0.233042183393961E+005  0.110198172939560E+001 
     10.74000000 -0.233042183437784E+005  0.110197734713129E+001 
     10.76000000 -0.233042183481553E+005  0.110197297023743E+001 
     10.78000000 -0.233042183525277E+005  0.110196859788804E+001 
     10.80000000 -0.233042183568957E+005  0.110196422988821E+001 
     10.82000000 -0.233042183612589E+005  0.110195986665558E+001 
     10.84000000 -0.233042183656167E+005  0.110195550881196E+001 
     10.86000000 -0.233042183699694E+005  0.110195115615009E+001 
     10.88000000 -0.233042183743183E+005  0.110194680722834E+001 
     10.90000000 -0.233042183786637E+005  0.110194246188277E+001 
     10.92000000 -0.233042183830046E+005  0.110193812097958E+001 
     10.94000000 -0.233042183873407E+005  0.110193378482503E+001 
     10.96000000 -0.233042183916716E+005  0.110192945390790E+001 
     10.98000000 -0.233042183959973E+005  0.110192512820963E+001 
     11.00000000 -0.233042184003174E+005  0.110192080813549E+001 
     11.02000000 -0.233042184046323E+005  0.110191649327711E+001 
     11.04000000 -0.233042184089431E+005  0.110191218244348E+001 
     11.06000000 -0.233042184132505E+005  0.110190787507466E+001 
     11.08000000 -0.233042184175540E+005  0.110190357157589E+001 
     11.10000000 -0.233042184218528E+005  0.110189927269893E+001 
     11.12000000 -0.233042184261460E+005  0.110189497953890E+001 
     11.14000000 -0.233042184304334E+005  0.110189069213911E+001 
     11.16000000 -0.233042184347162E+005  0.110188640936112E+001 
     11.18000000 -0.233042184389953E+005  0.110188213022428E+001 
     11.20000000 -0.233042184432698E+005  0.110187785570923E+001 
     11.22000000 -0.233042184475393E+005  0.110187358629240E+001 
     11.24000000 -0.233042184518035E+005  0.110186932204184E+001 
     11.26000000 -0.233042184560635E+005  0.110186506201092E+001 
     11.28000000 -0.233042184603193E+005  0.110186080622438E+001 
     11.30000000 -0.233042184645711E+005  0.110185655447496E+001 
     11.32000000 -0.233042184688186E+005  0.110185230691734E+001 
     11.34000000 -0.233042184730619E+005  0.110184806363504E+001 
     11.36000000 -0.233042184773015E+005  0.110184382406813E+001 
     11.38000000 -0.233042184815365E+005  0.110183958903021E+001 
     11.40000000 -0.233042184857670E+005  0.110183535850273E+001 
     11.42000000 -0.233042184899938E+005  0.110183113178343E+001 
     11.44000000 -0.233042184942167E+005  0.110182690889399E+001 
     11.46000000 -0.233042184984353E+005  0.110182269023347E+001 
     11.48000000 -0.233042185026489E+005  0.110181847660309E+001 
     11.50000000 -0.233042185068579E+005  0.110181426766568E+001 
     11.52000000 -0.233042185110623E+005  0.110181006321395E+001 
     11.54000000 -0.233042185152623E+005  0.110180586328812E+001 
     11.56000000 -0.233042185194571E+005  0.110180166841720E+001 
     11.58000000 -0.233042185236472E+005  0.110179747833204E+001 
     11.60000000 -0.233042185278333E+005  0.110179329225615E+001 
     11.62000000 -0.233042185320157E+005  0.110178910981831E+001 
     11.64000000 -0.233042185361945E+005  0.110178493100614E+001 
     11.66000000 -0.233042185403690E+005  0.110178075649714E+001 
     11.68000000 -0.233042185445390E+005  0.110177658654807E+001 
     11.70000000 -0.233042185487042E+005  0.110177242139404E+001 
     11.72000000 -0.233042185528643E+005  0.110176826119901E+001 
     11.74000000 -0.233042185570199E+005  0.110176410565672E+001 
     11.76000000 -0.233042185611714E+005  0.110175995419486E+001 
     11.78000000 -0.233042185653187E+005  0.110175580682890E+001 
     11.80000000 -0.233042185694616E+005  0.110175166390840E+001 
     11.82000000 -0.233042185735998E+005  0.110174752576129E+001 
     11.84000000 -0.233042185777346E+005  0.110174339095834E+001 
     11.86000000 -0.233042185818660E+005  0.110173925956141E+001 
     11.88000000 -0.233042185859934E+005  0.110173513211189E+001 
     11.90000000 -0.233042185901168E+005  0.110173100878920E+001 
     11.92000000 -0.233042185942357E+005  0.110172688980989E+001 
     11.94000000 -0.233042185983507E+005  0.110172277488936E+001 
     11.96000000 -0.233042186024619E+005  0.110171866365018E+001 
     11.98000000 -0.233042186065693E+005  0.110171455627178E+001 
     12.00000000 -0.233042186106721E+005  0.110171045341309E+001 
     12.02000000 -0.233042186147702E+005  0.110170635536183E+001 
     12.04000000 -0.233042186188643E+005  0.110170226127962E+001 
     12.06000000 -0.233042186229545E+005  0.110169817100870E+001 
     12.08000000 -0.233042186270406E+005  0.110169408491411E+001 
     12.10000000 -0.233042186311229E+005  0.110169000262771E+001 
     12.12000000 -0.233042186352009E+005  0.110168592465375E+001 
     12.14000000 -0.233042186392743E+005  0.110168185119642E+001 
     12.16000000 -0.233042186433435E+005  0.110167778203915E+001 
     12.18000000 -0.233042186474084E+005  0.110167371711390E+001 
     12.20000000 -0.233042186514699E+005  0.110166965567202E+001 
     12.22000000 -0.233042186555282E+005  0.110166559730825E+001 
     12.24000000 -0.233042186595823E+005  0.110166154326929E+001 
     12.26000000 -0.233042186636319E+005  0.110165749362940E+001 
     12.28000000 -0.233042186676775E+005  0.110165344807922E+001 
     12.30000000 -0.233042186717188E+005  0.110164940676724E+001 
     12.32000000 -0.233042186757566E+005  0.110164536897574E+001 
     12.34000000 -0.233042186797908E+005  0.110164133477280E+001 
     12.36000000 -0.233042186838206E+005  0.110163730490705E+001 
     12.38000000 -0.233042186878464E+005  0.110163327918051E+001 
     12.40000000 -0.233042186918675E+005  0.110162925806958E+001 
     12.42000000 -0.233042186958846E+005  0.110162524091842E+001 
     12.44000000 -0.233042186998987E+005  0.110162122689179E+001 
     12.46000000 -0.233042187039095E+005  0.110161721607009E+001 
     12.48000000 -0.233042187079169E+005  0.110161320866989E+001 
     12.50000000 -0.233042187119202E+005  0.110160920539652E+001 
     12.52000000 -0.233042187159191E+005  0.110160520649747E+001 
     12.54000000 -0.233042187199138E+005  0.110160121171288E+001 
     12.56000000 -0.233042187239045E+005  0.110159722104893E+001 
     12.58000000 -0.233042187278912E+005  0.110159323431382E+001 
     12.60000000 -0.233042187318749E+005  0.110158925062898E+001 
     12.62000000 -0.233042187358556E+005  0.110158526996965E+001 
     12.64000000 -0.233042187398326E+005  0.110158129294528E+001 
     12.66000000 -0.233042187438058E+005  0.110157731978169E+001 
     12.68000000 -0.233042187477744E+005  0.110157335112544E+001 
     12.70000000 -0.233042187517391E+005  0.110156938642897E+001 
     12.72000000 -0.233042187557003E+005  0.110156542526536E+001 
     12.74000000 -0.233042187596577E+005  0.110156146788520E+001 
     12.76000000 -0.233042187636109E+005  0.110155751469374E+001 
     12.78000000 -0.233042187675600E+005  0.110155356555177E+001 
     12.80000000 -0.233042187715061E+005  0.110154961949100E+001 
     12.82000000 -0.233042187754489E+005  0.110154567661971E+001 
     12.84000000 -0.233042187793875E+005  0.110154173801755E+001 
     12.86000000 -0.233042187833221E+005  0.110153780340921E+001 
     12.88000000 -0.233042187872532E+005  0.110153387234610E+001 
     12.90000000 -0.233042187911812E+005  0.110152994432707E+001 
     12.92000000 -0.233042187951054E+005  0.110152602018738E+001 
     12.94000000 -0.233042187990251E+005  0.110152210040964E+001 
     12.96000000 -0.233042188029406E+005  0.110151818491959E+001 
     12.98000000 -0.233042188068523E+005  0.110151427323464E+001 
     13.00000000 -0.233042188107606E+005  0.110151036497119E+001 
     13.02000000 -0.233042188146659E+005  0.110150645964664E+001 
     13.04000000 -0.233042188185677E+005  0.110150255783639E+001 
     13.06000000 -0.233042188224656E+005  0.110149865993023E+001 
     13.08000000 -0.233042188263597E+005  0.110149476587248E+001 
     13.10000000 -0.233042188302505E+005  0.110149087501039E+001 
     13.12000000 -0.233042188341385E+005  0.110148698700677E+001 
     13.14000000 -0.233042188380227E+005  0.110148310287321E+001 
     13.16000000 -0.233042188419027E+005  0.110147922285411E+001 
     13.18000000 -0.233042188457781E+005  0.110147534741969E+001 
     13.20000000 -0.233042188496496E+005  0.110147147591102E+001 
     13.22000000 -0.233042188535176E+005  0.110146760796306E+001 
     13.24000000 -0.233042188573828E+005  0.110146374277147E+001 
     13.26000000 -0.233042188612452E+005  0.110145988032388E+001 
     13.28000000 -0.233042188651046E+005  0.110145602094821E+001 
     13.30000000 -0.233042188689601E+005  0.110145216541477E+001 
     13.32000000 -0.233042188728114E+005  0.110144831410096E+001 
     13.34000000 -0.233042188766591E+005  0.110144446646233E+001 
     13.36000000 -0.233042188805030E+005  0.110144062250814E+001 
     13.38000000 -0.233042188843439E+005  0.110143678159803E+001 
     13.40000000 -0.233042188881828E+005  0.110143294275134E+001 
     13.42000000 -0.233042188920181E+005  0.110142910746226E+001 
     13.44000000 -0.233042188958491E+005  0.110142527640210E+001 
     13.46000000 -0.233042188996766E+005  0.110142144895214E+001 
     13.48000000 -0.233042189035005E+005  0.110141762508454E+001 
     13.50000000 -0.233042189073208E+005  0.110141380473434E+001 
     13.52000000 -0.233042189111385E+005  0.110140998706318E+001 
     13.54000000 -0.233042189149532E+005  0.110140617233710E+001 
     13.56000000 -0.233042189187646E+005  0.110140236094590E+001 
     13.58000000 -0.233042189225723E+005  0.110139855324842E+001 
     13.60000000 -0.233042189263763E+005  0.110139474921684E+001 
     13.62000000 -0.233042189301766E+005  0.110139094897798E+001 
     13.64000000 -0.233042189339736E+005  0.110138715197809E+001 
     13.66000000 -0.233042189377678E+005  0.110138335775005E+001 
     13.68000000 -0.233042189415589E+005  0.110137956668674E+001 
     13.70000000 -0.233042189453461E+005  0.110137577948421E+001 
     13.72000000 -0.233042189491301E+005  0.110137199547115E+001 
     13.74000000 -0.233042189529106E+005  0.110136821489816E+001 
     13.76000000 -0.233042189566875E+005  0.110136443804983E+001 
     13.78000000 -0.233042189604608E+005  0.110136066479314E+001 
     13.80000000 -0.233042189642309E+005  0.110135689465168E+001 
     13.82000000 -0.233042189679978E+005  0.110135312779251E+001 
     13.84000000 -0.233042189717611E+005  0.110134936443836E+001 
     13.86000000 -0.233042189755216E+005  0.110134560390555E+001 
     13.88000000 -0.233042189792796E+005  0.110134184598991E+001 
     13.90000000 -0.233042189830337E+005  0.110133809182058E+001 
     13.92000000 -0.233042189867842E+005  0.110133434139449E+001 
     13.94000000 -0.233042189905310E+005  0.110133059449817E+001 
     13.96000000 -0.233042189942744E+005  0.110132685112852E+001 
     13.98000000 -0.233042189980151E+005  0.110132311041007E+001 
     14.00000000 -0.233042190017531E+005  0.110131937248821E+001 
     14.02000000 -0.233042190054873E+005  0.110131563820749E+001 
     14.04000000 -0.233042190092176E+005  0.110131190792367E+001 
     14.06000000 -0.233042190129445E+005  0.110130818106753E+001 
     14.08000000 -0.233042190166682E+005  0.110130445737303E+001 
     14.10000000 -0.233042190203890E+005  0.110130073649987E+001 
     14.12000000 -0.233042190241070E+005  0.110129701850992E+001 
     14.14000000 -0.233042190278217E+005  0.110129330387341E+001 
     14.16000000 -0.233042190315335E+005  0.110128959206752E+001 
     14.18000000 -0.233042190352423E+005  0.110128588321909E+001 
     14.20000000 -0.233042190389483E+005  0.110128217721985E+001 
     14.22000000 -0.233042190426513E+005  0.110127847424303E+001 
     14.24000000 -0.233042190463509E+005  0.110127477463511E+001 
     14.26000000 -0.233042190500465E+005  0.110127107907668E+001 
     14.28000000 -0.233042190537388E+005  0.110126738678507E+001 
     14.30000000 -0.233042190574284E+005  0.110126369709826E+001 
     14.32000000 -0.233042190611155E+005  0.110126001006263E+001 
     14.34000000 -0.233042190647994E+005  0.110125632617009E+001 
     14.36000000 -0.233042190684796E+005  0.110125264590939E+001 
     14.38000000 -0.233042190721567E+005  0.110124896888459E+001 
     14.40000000 -0.233042190758310E+005  0.110124529452644E+001 
     14.42000000 -0.233042190795023E+005  0.110124162321237E+001 
     14.44000000 -0.233042190831700E+005  0.110123795554563E+001 
     14.46000000 -0.233042190868337E+005  0.110123429186960E+001 
     14.48000000 -0.233042190904946E+005  0.110123063093139E+001 
     14.50000000 -0.233042190941529E+005  0.110122697266603E+001 
     14.52000000 -0.233042190978088E+005  0.110122331671466E+001 
     14.54000000 -0.233042191014621E+005  0.110121966342686E+001 
     14.56000000 -0.233042191051121E+005  0.110121601345538E+001 
     14.58000000 -0.233042191087585E+005  0.110121236703222E+001 
     14.60000000 -0.233042191124017E+005  0.110120872386042E+001 
     14.62000000 -0.233042191160416E+005  0.110120508399255E+001 
     14.64000000 -0.233042191196789E+005  0.110120144661192E+001 
     14.66000000 -0.233042191233135E+005  0.110119781203408E+001 
     14.68000000 -0.233042191269455E+005  0.110119418008267E+001 
     14.70000000 -0.233042191305749E+005  0.110119055064944E+001 
     14.72000000 -0.233042191342014E+005  0.110118692411180E+001 
     14.74000000 -0.233042191378248E+005  0.110118330076672E+001 
     14.76000000 -0.233042191414445E+005  0.110117968102567E+001 
     14.78000000 -0.233042191450608E+005  0.110117606470301E+001 
     14.80000000 -0.233042191486738E+005  0.110117245170595E+001 
     14.82000000 -0.233042191522838E+005  0.110116884173750E+001 
     14.84000000 -0.233042191558915E+005  0.110116523403974E+001 
     14.86000000 -0.233042191594966E+005  0.110116162897770E+001 
     14.88000000 -0.233042191630984E+005  0.110115802715464E+001 
     14.90000000 -0.233042191666967E+005  0.110115442886444E+001 
     14.92000000 -0.233042191702910E+005  0.110115083450618E+001 
     14.94000000 -0.233042191738830E+005  0.110114724256709E+001 
     14.96000000 -0.233042191774731E+005  0.110114365246559E+001 
     14.98000000 -0.233042191810602E+005  0.110114006529679E+001 
     15.00000000 -0.233042191846438E+005  0.110113648179389E+001 
     15.02000000 -0.233042191882240E+005  0.110113290155780E+001 
     15.04000000 -0.233042191918013E+005  0.110112932423896E+001 
     15.06000000 -0.233042191953760E+005  0.110112574954347E+001 
     15.08000000 -0.233042191989485E+005  0.110112217706297E+001 
     15.10000000 -0.233042192025180E+005  0.110111860750282E+001 
     15.12000000 -0.233042192060840E+005  0.110111504153121E+001 
     15.14000000 -0.233042192096473E+005  0.110111147821389E+001 
     15.16000000 -0.233042192132092E+005  0.110110791634437E+001 
     15.18000000 -0.233042192167685E+005  0.110110435704251E+001 
     15.20000000 -0.233042192203246E+005  0.110110080095488E+001 
     15.22000000 -0.233042192238771E+005  0.110109724842486E+001 
     15.24000000 -0.233042192274262E+005  0.110109369934418E+001 
     15.26000000 -0.233042192309723E+005  0.110109015327046E+001 
     15.28000000 -0.233042192345157E+005  0.110108660988505E+001 
     15.30000000 -0.233042192380565E+005  0.110108306907350E+001 
     15.32000000 -0.233042192415947E+005  0.110107953085746E+001 
     15.34000000 -0.233042192451294E+005  0.110107599614335E+001 
     15.36000000 -0.233042192486609E+005  0.110107246467131E+001 
     15.38000000 -0.233042192521894E+005  0.110106893618766E+001 
     15.40000000 -0.233042192557152E+005  0.110106541035830E+001 
     15.42000000 -0.233042192592383E+005  0.110106188721725E+001 
     15.44000000 -0.233042192627588E+005  0.110105836674287E+001 
     15.46000000 -0.233042192662765E+005  0.110105484901868E+001 
     15.48000000 -0.233042192697919E+005  0.110105133367654E+001 
     15.50000000 -0.233042192733040E+005  0.110104782150842E+001 
     15.52000000 -0.233042192768138E+005  0.110104431172234E+001 
     15.54000000 -0.233042192803218E+005  0.110104080379241E+001 
     15.56000000 -0.233042192838269E+005  0.110103729868383E+001 
     15.58000000 -0.233042192873289E+005  0.110103379664407E+001 
     15.60000000 -0.233042192908279E+005  0.110103029769170E+001 
     15.62000000 -0.233042192943234E+005  0.110102680211133E+001 
     15.64000000 -0.233042192978161E+005  0.110102330943273E+001 
     15.66000000 -0.233042193013063E+005  0.110101981920734E+001 
     15.68000000 -0.233042193047945E+005  0.110101633103608E+001 
     15.70000000 -0.233042193082795E+005  0.110101284606049E+001 
     15.72000000 -0.233042193117612E+005  0.110100936433316E+001 
     15.74000000 -0.233042193152404E+005  0.110100588511471E+001 
     15.76000000 -0.233042193187167E+005  0.110100240884753E+001 
     15.78000000 -0.233042193221908E+005  0.110099893476752E+001 
     15.80000000 -0.233042193256626E+005  0.110099546299222E+001 
     15.82000000 -0.233042193291314E+005  0.110099199419293E+001 
     15.84000000 -0.233042193325965E+005  0.110098852900695E+001 
     15.86000000 -0.233042193360584E+005  0.110098506711563E+001 
     15.88000000 -0.233042193395174E+005  0.110098160813226E+001 
     15.90000000 -0.233042193429743E+005  0.110097815120613E+001 
     15.92000000 -0.233042193464296E+005  0.110097469597836E+001 
     15.94000000 -0.233042193498828E+005  0.110097124274287E+001 
     15.96000000 -0.233042193533334E+005  0.110096779211834E+001 
     15.98000000 -0.233042193567803E+005  0.110096434521849E+001 
     16.00000000 -0.233042193602242E+005  0.110096090137509E+001 
     16.02000000 -0.233042193636659E+005  0.110095745969410E+001 
     16.04000000 -0.233042193671054E+005  0.110095402018480E+001 
     16.06000000 -0.233042193705422E+005  0.110095058334216E+001 
     16.08000000 -0.233042193739765E+005  0.110094714899913E+001 
     16.10000000 -0.233042193774078E+005  0.110094371772184E+001 
     16.12000000 -0.233042193808362E+005  0.110094028931538E+001 
     16.14000000 -0.233042193842622E+005  0.110093686335904E+001 
     16.16000000 -0.233042193876858E+005  0.110093343976000E+001 
     16.18000000 -0.233042193911067E+005  0.110093001885547E+001 
     16.20000000 -0.233042193945249E+005  0.110092660064544E+001 
     16.22000000 -0.233042193979408E+005  0.110092318478344E+001 
     16.24000000 -0.233042194013545E+005  0.110091977101578E+001 
     16.26000000 -0.233042194047659E+005  0.110091635960544E+001 
     16.28000000 -0.233042194081747E+005  0.110091295087413E+001 
     16.30000000 -0.233042194115793E+005  0.110090954620468E+001 
     16.32000000 -0.233042194149806E+005  0.110090614498767E+001 
     16.34000000 -0.233042194183803E+005  0.110090274521536E+001 
     16.36000000 -0.233042194217786E+005  0.110089934699602E+001 
     16.38000000 -0.233042194251739E+005  0.110089595166608E+001 
     16.40000000 -0.233042194285665E+005  0.110089255905230E+001 
     16.42000000 -0.233042194319560E+005  0.110088916950735E+001 
     16.44000000 -0.233042194353422E+005  0.110088578330656E+001 
     16.46000000 -0.233042194387260E+005  0.110088239954969E+001 
     16.48000000 -0.233042194421081E+005  0.110087901741695E+001 
     16.50000000 -0.233042194454877E+005  0.110087563783950E+001 
     16.52000000 -0.233042194488650E+005  0.110087226056368E+001 
     16.54000000 -0.233042194522396E+005  0.110086888591739E+001 
     16.56000000 -0.233042194556117E+005  0.110086551380784E+001 
     16.58000000 -0.233042194589814E+005  0.110086214415149E+001 
     16.60000000 -0.233042194623487E+005  0.110085877682770E+001 
     16.62000000 -0.233042194657134E+005  0.110085541209942E+001 
     16.64000000 -0.233042194690755E+005  0.110085205005018E+001 
     16.66000000 -0.233042194724350E+005  0.110084869051910E+001 
     16.68000000 -0.233042194757930E+005  0.110084533254410E+001 
     16.70000000 -0.233042194791487E+005  0.110084197684906E+001 
     16.72000000 -0.233042194825011E+005  0.110083862439919E+001 
     16.74000000 -0.233042194858507E+005  0.110083527486037E+001 
     16.76000000 -0.233042194891974E+005  0.110083192814289E+001 
     16.78000000 -0.233042194925413E+005  0.110082858425912E+001 
     16.80000000 -0.233042194958827E+005  0.110082524283166E+001 
     16.82000000 -0.233042194992223E+005  0.110082190320466E+001 
     16.84000000 -0.233042195025595E+005  0.110081856607108E+001 
     16.86000000 -0.233042195058938E+005  0.110081523171553E+001 
     16.88000000 -0.233042195092253E+005  0.110081190019988E+001 
     16.90000000 -0.233042195125550E+005  0.110080857056204E+001 
     16.92000000 -0.233042195158829E+005  0.110080524261329E+001 
     16.94000000 -0.233042195192090E+005  0.110080191651759E+001 
     16.96000000 -0.233042195225328E+005  0.110079859272042E+001 
     16.98000000 -0.233042195258543E+005  0.110079527128055E+001 
     17.00000000 -0.233042195291734E+005  0.110079195212065E+001 
     17.02000000 -0.233042195324898E+005  0.110078863574187E+001 
     17.04000000 -0.233042195358031E+005  0.110078532243811E+001 
     17.06000000 -0.233042195391140E+005  0.110078201150712E+001 
     17.08000000 -0.233042195424226E+005  0.110077870290250E+001 
     17.10000000 -0.233042195457283E+005  0.110077539723678E+001 
     17.12000000 -0.233042195490308E+005  0.110077209472651E+001 
     17.14000000 -0.233042195523313E+005  0.110076879425181E+001 
     17.16000000 -0.233042195556304E+005  0.110076549518159E+001 
     17.18000000 -0.233042195589275E+005  0.110076219805723E+001 
     17.20000000 -0.233042195622222E+005  0.110075890330874E+001 
     17.22000000 -0.233042195655147E+005  0.110075561088972E+001 
     17.24000000 -0.233042195688048E+005  0.110075232078468E+001 
     17.26000000 -0.233042195720928E+005  0.110074903277091E+001 
     17.28000000 -0.233042195753785E+005  0.110074574706494E+001 
     17.30000000 -0.233042195786618E+005  0.110074246379362E+001 
     17.32000000 -0.233042195819419E+005  0.110073918364062E+001 
     17.34000000 -0.233042195852189E+005  0.110073590661832E+001 
     17.36000000 -0.233042195884935E+005  0.110073263206160E+001 
     17.38000000 -0.233042195917655E+005  0.110072936001687E+001 
     17.40000000 -0.233042195950348E+005  0.110072609075326E+001 
     17.42000000 -0.233042195983021E+005  0.110072282344479E+001 
     17.44000000 -0.233042196015679E+005  0.110071955766146E+001 
     17.46000000 -0.233042196048321E+005  0.110071629347441E+001 
     17.48000000 -0.233042196080939E+005  0.110071303167250E+001 
     17.50000000 -0.233042196113529E+005  0.110070977265791E+001 
     17.52000000 -0.233042196146097E+005  0.110070651587688E+001 
     17.54000000 -0.233042196178648E+005  0.110070326077876E+001 
     17.56000000 -0.233042196211173E+005  0.110070000827306E+001 
     17.58000000 -0.233042196243671E+005  0.110069675843401E+001 
     17.60000000 -0.233042196276149E+005  0.110069351068004E+001 
     17.62000000 -0.233042196308606E+005  0.110069026491833E+001 
     17.64000000 -0.233042196341040E+005  0.110068702152011E+001 
     17.66000000 -0.233042196373446E+005  0.110068378098655E+001 
     17.68000000 -0.233042196405825E+005  0.110068054303302E+001 
     17.70000000 -0.233042196438183E+005  0.110067730724500E+001 
     17.72000000 -0.233042196470522E+005  0.110067407339047E+001 
     17.74000000 -0.233042196502839E+005  0.110067084167978E+001 
     17.76000000 -0.233042196535134E+005  0.110066761215007E+001 
     17.78000000 -0.233042196567404E+005  0.110066438511687E+001 
     17.80000000 -0.233042196599652E+005  0.110066116039148E+001 
     17.82000000 -0.233042196631877E+005  0.110065793781612E+001 
     17.84000000 -0.233042196664074E+005  0.110065471812398E+001 
     17.86000000 -0.233042196696246E+005  0.110065150096548E+001 
     17.88000000 -0.233042196728392E+005  0.110064828636227E+001 
     17.90000000 -0.233042196760520E+005  0.110064507356571E+001 
     17.92000000 -0.233042196792626E+005  0.110064186290372E+001 
     17.94000000 -0.233042196824711E+005  0.110063865447838E+001 
     17.96000000 -0.233042196856771E+005  0.110063544844128E+001 
     17.98000000 -0.233042196888810E+005  0.110063224451710E+001 
     18.00000000 -0.233042196920831E+005  0.110062904242741E+001 
     18.02000000 -0.233042196952829E+005  0.110062584262077E+001 
     18.04000000 -0.233042196984806E+005  0.110062264497964E+001 
     18.06000000 -0.233042197016755E+005  0.110061945008561E+001 
     18.08000000 -0.233042197048678E+005  0.110061625775615E+001 
     18.10000000 -0.233042197080580E+005  0.110061306757673E+001 
     18.12000000 -0.233042197112457E+005  0.110060987981029E+001 
     18.14000000 -0.233042197144316E+005  0.110060669397734E+001 
     18.16000000 -0.233042197176161E+005  0.110060350945916E+001 
     18.18000000 -0.233042197207996E+005  0.110060032596805E+001 
     18.20000000 -0.233042197239811E+005  0.110059714446302E+001 
     18.22000000 -0.233042197271596E+005  0.110059396598350E+001 
     18.24000000 -0.233042197303349E+005  0.110059079061302E+001 
     18.26000000 -0.233042197335077E+005  0.110058761784115E+001 
     18.28000000 -0.233042197366780E+005  0.110058444753796E+001 
     18.30000000 -0.233042197398451E+005  0.110058128039640E+001 
     18.32000000 -0.233042197430097E+005  0.110057811579775E+001 
     18.34000000 -0.233042197461727E+005  0.110057495286346E+001 
     18.36000000 -0.233042197493343E+005  0.110057179123155E+001 
     18.38000000 -0.233042197524946E+005  0.110056863092370E+001 
     18.40000000 -0.233042197556530E+005  0.110056547258027E+001 
     18.42000000 -0.233042197588080E+005  0.110056231751603E+001 
     18.44000000 -0.233042197619605E+005  0.110055916506277E+001 
     18.46000000 -0.233042197651107E+005  0.110055601488020E+001 
     18.48000000 -0.233042197682592E+005  0.110055286634959E+001 
     18.50000000 -0.233042197714058E+005  0.110054971979269E+001 
     18.52000000 -0.233042197745505E+005  0.110054657501768E+001 
     18.54000000 -0.233042197776934E+005  0.110054343214213E+001 
     18.56000000 -0.233042197808338E+005  0.110054029170123E+001 
     18.58000000 -0.233042197839720E+005  0.110053715357432E+001 
     18.60000000 -0.233042197871081E+005  0.110053401742421E+001 
     18.62000000 -0.233042197902426E+005  0.110053088298794E+001 
     18.64000000 -0.233042197933747E+005  0.110052775085019E+001 
     18.66000000 -0.233042197965048E+005  0.110052462070471E+001 
     18.68000000 -0.233042197996331E+005  0.110052149249581E+001 
     18.70000000 -0.233042198027591E+005  0.110051836645859E+001 
     18.72000000 -0.233042198058824E+005  0.110051524316538E+001 
     18.74000000 -0.233042198090043E+005  0.110051212120860E+001 
     18.76000000 -0.233042198121250E+005  0.110050900056039E+001 
     18.78000000 -0.233042198152440E+005  0.110050588159510E+001 
     18.80000000 -0.233042198183600E+005  0.110050276553467E+001 
     18.82000000 -0.233042198214738E+005  0.110049965174802E+001 
     18.84000000 -0.233042198245857E+005  0.110049653984226E+001 
     18.86000000 -0.233042198276965E+005  0.110049342906257E+001 
     18.88000000 -0.233042198308059E+005  0.110049031969045E+001 
     18.90000000 -0.233042198339129E+005  0.110048721262923E+001 
     18.92000000 -0.233042198370175E+005  0.110048410803360E+001 
     18.94000000 -0.233042198401199E+005  0.110048100568081E+001 
     18.96000000 -0.233042198432194E+005  0.110047790618339E+001 
     18.98000000 -0.233042198463160E+005  0.110047480954752E+001 
     19.00000000 -0.233042198494108E+005  0.110047171478946E+001 
     19.02000000 -0.233042198525041E+005  0.110046862143279E+001 
     19.04000000 -0.233042198555956E+005  0.110046552995392E+001 
     19.06000000 -0.233042198586851E+005  0.110046244042090E+001 
     19.08000000 -0.233042198617725E+005  0.110045935300080E+001 
     19.10000000 -0.233042198648583E+005  0.110045626727598E+001 
     19.12000000 -0.233042198679420E+005  0.110045318353105E+001 
     19.14000000 -0.233042198710238E+005  0.110045010173508E+001 
     19.16000000 -0.233042198741033E+005  0.110044702225309E+001 
     19.18000000 -0.233042198771807E+005  0.110044394481596E+001 
     19.20000000 -0.233042198802561E+005  0.110044086941441E+001 
     19.22000000 -0.233042198833297E+005  0.110043779588447E+001 
     19.24000000 -0.233042198864012E+005  0.110043472432513E+001 
     19.26000000 -0.233042198894708E+005  0.110043165477662E+001 
     19.28000000 -0.233042198925383E+005  0.110042858721728E+001 
     19.30000000 -0.233042198956042E+005  0.110042552132229E+001 
     19.32000000 -0.233042198986681E+005  0.110042245746287E+001 
     19.34000000 -0.233042199017292E+005  0.110041939632270E+001 
     19.36000000 -0.233042199047880E+005  0.110041633758933E+001 
     19.38000000 -0.233042199078449E+005  0.110041328066571E+001 
     19.40000000 -0.233042199108997E+005  0.110041022585809E+001 
     19.42000000 -0.233042199139528E+005  0.110040717270554E+001 
     19.44000000 -0.233042199170042E+005  0.110040412137200E+001 
     19.46000000 -0.233042199200528E+005  0.110040107273298E+001 
     19.48000000 -0.233042199230993E+005  0.110039802623470E+001 
     19.50000000 -0.233042199261439E+005  0.110039498163589E+001 
     19.52000000 -0.233042199291865E+005  0.110039193907265E+001 
     19.54000000 -0.233042199322275E+005  0.110038889807785E+001 
     19.56000000 -0.233042199352666E+005  0.110038585897941E+001 
     19.58000000 -0.233042199383041E+005  0.110038282143704E+001 
     19.60000000 -0.233042199413399E+005  0.110037978567966E+001 
     19.62000000 -0.233042199443747E+005  0.110037675084108E+001 
     19.64000000 -0.233042199474086E+005  0.110037371697079E+001 
     19.66000000 -0.233042199504401E+005  0.110037068545780E+001 
     19.68000000 -0.233042199534680E+005  0.110036765750242E+001 
     19.70000000 -0.233042199564928E+005  0.110036463270559E+001 
     19.72000000 -0.233042199595150E+005  0.110036161054139E+001 
     19.74000000 -0.233042199625358E+005  0.110035858971361E+001 
     19.76000000 -0.233042199655556E+005  0.110035556997478E+001 
     19.78000000 -0.233042199685731E+005  0.110035255244475E+001 
     19.80000000 -0.233042199715888E+005  0.110034953673375E+001 
     19.82000000 -0.233042199746032E+005  0.110034652233443E+001 
     19.84000000 -0.233042199776156E+005  0.110034350994284E+001 
     19.86000000 -0.233042199806265E+005  0.110034049909184E+001 
     19.88000000 -0.233042199836359E+005  0.110033748962368E+001 
     19.90000000 -0.233042199866427E+005  0.110033448284074E+001 
     19.92000000 -0.233042199896470E+005  0.110033147858216E+001 
     19.94000000 -0.233042199926499E+005  0.110032847566619E+001 
     19.96000000 -0.233042199956518E+005  0.110032547378348E+001 
     19.98000000 -0.233042199986520E+005  0.110032247355892E+001 
     20.00000000 -0.233042200016501E+005  0.110031947540087E+001 
     20.02000000 -0.233042200046461E+005  0.110031647943926E+001 
     20.04000000 -0.233042200076390E+005  0.110031348650317E+001 
     20.06000000 -0.233042200106295E+005  0.110031049599554E+001 
     20.08000000 -0.233042200136185E+005  0.110030750702232E+001 
     20.10000000 -0.233042200166057E+005  0.110030451981553E+001 
     20.12000000 -0.233042200195921E+005  0.110030153346875E+001 
     20.14000000 -0.233042200225770E+005  0.110029854851409E+001 
     20.16000000 -0.233042200255596E+005  0.110029556589817E+001 
     20.18000000 -0.233042200285406E+005  0.110029258495278E+001 
     20.20000000 -0.233042200315205E+005  0.110028960504683E+001 
     20.22000000 -0.233042200344985E+005  0.110028662701559E+001 
     20.24000000 -0.233042200374740E+005  0.110028365158295E+001 
     20.26000000 -0.233042200404466E+005  0.110028067895928E+001 
     20.28000000 -0.233042200434168E+005  0.110027770875479E+001 
     20.30000000 -0.233042200463857E+005  0.110027473984960E+001 
     20.32000000 -0.233042200493528E+005  0.110027177276962E+001 
     20.34000000 -0.233042200523173E+005  0.110026880822637E+001 
     20.36000000 -0.233042200552803E+005  0.110026584524228E+001 
     20.38000000 -0.233042200582421E+005  0.110026288343066E+001 
     20.40000000 -0.233042200612021E+005  0.110025992341950E+001 
     20.42000000 -0.233042200641602E+005  0.110025696535421E+001 
     20.44000000 -0.233042200671166E+005  0.110025400891613E+001 
     20.46000000 -0.233042200700717E+005  0.110025105382685E+001 
     20.48000000 -0.233042200730259E+005  0.110024809960996E+001 
     20.50000000 -0.233042200759782E+005  0.110024514737914E+001 
     20.52000000 -0.233042200789285E+005  0.110024219704160E+001 
     20.54000000 -0.233042200818773E+005  0.110023924825084E+001 
     20.56000000 -0.233042200848238E+005  0.110023630171221E+001 
     20.58000000 -0.233042200877682E+005  0.110023335737001E+001 
     20.60000000 -0.233042200907109E+005  0.110023041463648E+001 
     20.62000000 -0.233042200936513E+005  0.110022747423859E+001 
     20.64000000 -0.233042200965895E+005  0.110022453603405E+001 
     20.66000000 -0.233042200995257E+005  0.110022159983106E+001 
     20.68000000 -0.233042201024605E+005  0.110021866502945E+001 
     20.70000000 -0.233042201053941E+005  0.110021573147146E+001 
     20.72000000 -0.233042201083257E+005  0.110021279988099E+001 
     20.74000000 -0.233042201112550E+005  0.110020987055811E+001 
     20.76000000 -0.233042201141825E+005  0.110020694303569E+001 
     20.78000000 -0.233042201171081E+005  0.110020401749006E+001 
     20.80000000 -0.233042201200310E+005  0.110020109450592E+001 
     20.82000000 -0.233042201229524E+005  0.110019817311187E+001 
     20.84000000 -0.233042201258717E+005  0.110019525382765E+001 
     20.86000000 -0.233042201287894E+005  0.110019233617683E+001 
     20.88000000 -0.233042201317058E+005  0.110018941971394E+001 
     20.90000000 -0.233042201346210E+005  0.110018650456583E+001 
     20.92000000 -0.233042201375347E+005  0.110018359081601E+001 
     20.94000000 -0.233042201404476E+005  0.110018067797879E+001 
     20.96000000 -0.233042201433591E+005  0.110017776640995E+001 
     20.98000000 -0.233042201462688E+005  0.110017485669725E+001 
     21.00000000 -0.233042201491766E+005  0.110017194892422E+001 
     21.02000000 -0.233042201520822E+005  0.110016904339094E+001 
     21.04000000 -0.233042201549856E+005  0.110016613995510E+001 
     21.06000000 -0.233042201578866E+005  0.110016323894463E+001 
     21.08000000 -0.233042201607859E+005  0.110016033959541E+001 
     21.10000000 -0.233042201636841E+005  0.110015744145887E+001 
     21.12000000 -0.233042201665811E+005  0.110015454442364E+001 
     21.14000000 -0.233042201694761E+005  0.110015164949205E+001 
     21.16000000 -0.233042201723683E+005  0.110014875727043E+001 
     21.18000000 -0.233042201752579E+005  0.110014586763813E+001 
     21.20000000 -0.233042201781457E+005  0.110014297984342E+001 
     21.22000000 -0.233042201810316E+005  0.110014009392032E+001 
     21.24000000 -0.233042201839164E+005  0.110013720916350E+001 
     21.26000000 -0.233042201868001E+005  0.110013432541518E+001 
     21.28000000 -0.233042201896822E+005  0.110013144331265E+001 
     21.30000000 -0.233042201925626E+005  0.110012856293324E+001 
     21.32000000 -0.233042201954418E+005  0.110012568378198E+001 
     21.34000000 -0.233042201983201E+005  0.110012280547526E+001 
     21.36000000 -0.233042202011970E+005  0.110011992857922E+001 
     21.38000000 -0.233042202040725E+005  0.110011705301960E+001 
     21.40000000 -0.233042202069461E+005  0.110011417947080E+001 
     21.42000000 -0.233042202098173E+005  0.110011130825457E+001 
     21.44000000 -0.233042202126864E+005  0.110010843910484E+001 
     21.46000000 -0.233042202155538E+005  0.110010557178032E+001 
     21.48000000 -0.233042202184191E+005  0.110010270649137E+001 
     21.50000000 -0.233042202212832E+005  0.110009984235324E+001 
     21.52000000 -0.233042202241458E+005  0.110009697970621E+001 
     21.54000000 -0.233042202270067E+005  0.110009411889057E+001 
     21.56000000 -0.233042202298658E+005  0.110009125976712E+001 
     21.58000000 -0.233042202327233E+005  0.110008840226780E+001 
     21.60000000 -0.233042202355790E+005  0.110008554657822E+001 
     21.62000000 -0.233042202384321E+005  0.110008269340063E+001 
     21.64000000 -0.233042202412827E+005  0.110007984282164E+001 
     21.66000000 -0.233042202441317E+005  0.110007699384822E+001 
     21.68000000 -0.233042202469786E+005  0.110007414691036E+001 
     21.70000000 -0.233042202498245E+005  0.110007130108929E+001 
     21.72000000 -0.233042202526696E+005  0.110006845595191E+001 
     21.74000000 -0.233042202555135E+005  0.110006561201792E+001 
     21.76000000 -0.233042202583555E+005  0.110006277008547E+001 
     21.78000000 -0.233042202611954E+005  0.110005993018241E+001 
     21.80000000 -0.233042202640339E+005  0.110005709160959E+001 
     21.82000000 -0.233042202668715E+005  0.110005425406384E+001 
     21.84000000 -0.233042202697078E+005  0.110005141779573E+001 
     21.86000000 -0.233042202725422E+005  0.110004858331262E+001 
     21.88000000 -0.233042202753750E+005  0.110004575054644E+001 
     21.90000000 -0.233042202782063E+005  0.110004291921878E+001 
     21.92000000 -0.233042202810363E+005  0.110004008928013E+001 
     21.94000000 -0.233042202838645E+005  0.110003726100582E+001 
     21.96000000 -0.233042202866904E+005  0.110003443511667E+001 
     21.98000000 -0.233042202895142E+005  0.110003161135589E+001 
     22.00000000 -0.233042202923360E+005  0.110002878957191E+001 
     22.02000000 -0.233042202951560E+005  0.110002596953889E+001 
     22.04000000 -0.233042202979746E+005  0.110002315094748E+001 
     22.06000000 -0.233042203007917E+005  0.110002033379767E+001 
     22.08000000 -0.233042203036070E+005  0.110001751858754E+001 
     22.10000000 -0.233042203064204E+005  0.110001470517168E+001 
     22.12000000 -0.233042203092324E+005  0.110001189311700E+001 
     22.14000000 -0.233042203120423E+005  0.110000908320307E+001 
     22.16000000 -0.233042203148501E+005  0.110000627540824E+001 
     22.18000000 -0.233042203176564E+005  0.110000346910142E+001 
     22.20000000 -0.233042203204616E+005  0.110000066392994E+001 
     22.22000000 -0.233042203232653E+005  0.109999786024648E+001 
     22.24000000 -0.233042203260673E+005  0.109999505829232E+001 
     22.26000000 -0.233042203288677E+005  0.109999225789423E+001 
     22.28000000 -0.233042203316671E+005  0.109998945849537E+001 
     22.30000000 -0.233042203344655E+005  0.109998666002457E+001 
     22.32000000 -0.233042203372622E+005  0.109998386335734E+001 
     22.34000000 -0.233042203400571E+005  0.109998106842251E+001 
     22.36000000 -0.233042203428502E+005  0.109997827530051E+001 
     22.38000000 -0.233042203456415E+005  0.109997548405631E+001 
     22.40000000 -0.233042203484312E+005  0.109997269430013E+001 
     22.42000000 -0.233042203512196E+005  0.109996990591130E+001 
     22.44000000 -0.233042203540063E+005  0.109996711920538E+001 
     22.46000000 -0.233042203567921E+005  0.109996433345847E+001 
     22.48000000 -0.233042203595765E+005  0.109996154904489E+001 
     22.50000000 -0.233042203623588E+005  0.109995876672875E+001 
     22.52000000 -0.233042203651388E+005  0.109995598674208E+001 
     22.54000000 -0.233042203679177E+005  0.109995320789384E+001 
     22.56000000 -0.233042203706956E+005  0.109995042999534E+001 
     22.58000000 -0.233042203734717E+005  0.109994765388801E+001 
     22.60000000 -0.233042203762462E+005  0.109994487936459E+001 
     22.62000000 -0.233042203790192E+005  0.109994210631062E+001 
     22.64000000 -0.233042203817912E+005  0.109993933439200E+001 
     22.66000000 -0.233042203845618E+005  0.109993656379124E+001 
     22.68000000 -0.233042203873303E+005  0.109993379522605E+001 
     22.70000000 -0.233042203900969E+005  0.109993102869025E+001 
     22.72000000 -0.233042203928616E+005  0.109992826390541E+001 
     22.74000000 -0.233042203956253E+005  0.109992550020642E+001 
     22.76000000 -0.233042203983883E+005  0.109992273724369E+001 
     22.78000000 -0.233042204011493E+005  0.109991997623302E+001 
     22.80000000 -0.233042204039082E+005  0.109991721731360E+001 
     22.82000000 -0.233042204066652E+005  0.109991446031220E+001 
     22.84000000 -0.233042204094211E+005  0.109991170445542E+001 
     22.86000000 -0.233042204121757E+005  0.109990894989176E+001 
     22.88000000 -0.233042204149287E+005  0.109990619681920E+001 
     22.90000000 -0.233042204176800E+005  0.109990344555020E+001 
     22.92000000 -0.233042204204292E+005  0.109990069630439E+001 
     22.94000000 -0.233042204231770E+005  0.109989794854351E+001 
     22.96000000 -0.233042204259242E+005  0.109989520132709E+001 
     22.98000000 -0.233042204286702E+005  0.109989245534191E+001 
     23.00000000 -0.233042204314149E+005  0.109988971068079E+001 
     23.02000000 -0.233042204341583E+005  0.109988696719832E+001 
     23.04000000 -0.233042204369002E+005  0.109988422531832E+001 
     23.06000000 -0.233042204396399E+005  0.109988148560692E+001 
     23.08000000 -0.233042204423776E+005  0.109987874797749E+001 
     23.10000000 -0.233042204451137E+005  0.109987601185464E+001 
     23.12000000 -0.233042204478485E+005  0.109987327708677E+001 
     23.14000000 -0.233042204505814E+005  0.109987054413174E+001 
     23.16000000 -0.233042204533125E+005  0.109986781308235E+001 
     23.18000000 -0.233042204560420E+005  0.109986508359522E+001 
     23.20000000 -0.233042204587704E+005  0.109986235514134E+001 
     23.22000000 -0.233042204614978E+005  0.109985962779187E+001 
     23.24000000 -0.233042204642238E+005  0.109985690177263E+001 
     23.26000000 -0.233042204669485E+005  0.109985417700321E+001 
     23.28000000 -0.233042204696719E+005  0.109985145369704E+001 
     23.30000000 -0.233042204723930E+005  0.109984873259040E+001 
     23.32000000 -0.233042204751123E+005  0.109984601323164E+001 
     23.34000000 -0.233042204778304E+005  0.109984329519074E+001 
     23.36000000 -0.233042204805471E+005  0.109984057839655E+001 
     23.38000000 -0.233042204832623E+005  0.109983786324505E+001 
     23.40000000 -0.233042204859760E+005  0.109983514951660E+001 
     23.42000000 -0.233042204886890E+005  0.109983243654297E+001 
     23.44000000 -0.233042204914003E+005  0.109982972528319E+001 
     23.46000000 -0.233042204941097E+005  0.109982701586100E+001 
     23.48000000 -0.233042204968174E+005  0.109982430810933E+001 
     23.50000000 -0.233042204995233E+005  0.109982160225712E+001 
     23.52000000 -0.233042205022273E+005  0.109981889821156E+001 
     23.54000000 -0.233042205049305E+005  0.109981619503220E+001 
     23.56000000 -0.233042205076324E+005  0.109981349317071E+001 
     23.58000000 -0.233042205103324E+005  0.109981079309730E+001 
     23.60000000 -0.233042205130304E+005  0.109980809516464E+001 
     23.62000000 -0.233042205157266E+005  0.109980539894892E+001 
     23.64000000 -0.233042205184226E+005  0.109980270293429E+001 
     23.66000000 -0.233042205211180E+005  0.109980000752908E+001 
     23.68000000 -0.233042205238119E+005  0.109979731367995E+001 
     23.70000000 -0.233042205265039E+005  0.109979462166221E+001 
     23.72000000 -0.233042205291935E+005  0.109979193204200E+001 
     23.74000000 -0.233042205318811E+005  0.109978924442333E+001 
     23.76000000 -0.233042205345676E+005  0.109978655790907E+001 
     23.78000000 -0.233042205372527E+005  0.109978387281475E+001 
     23.80000000 -0.233042205399360E+005  0.109978118958277E+001 
     23.82000000 -0.233042205426175E+005  0.109977850808320E+001 
     23.84000000 -0.233042205452973E+005  0.109977582829127E+001 
     23.86000000 -0.233042205479757E+005  0.109977314982650E+001 
     23.88000000 -0.233042205506535E+005  0.109977047202993E+001 
     23.90000000 -0.233042205533298E+005  0.109976779574922E+001 
     23.92000000 -0.233042205560046E+005  0.109976512094105E+001 
     23.94000000 -0.233042205586780E+005  0.109976244757139E+001 
     23.96000000 -0.233042205613504E+005  0.109975977514218E+001 
     23.98000000 -0.233042205640224E+005  0.109975710317700E+001 
     24.00000000 -0.233042205666929E+005  0.109975443265653E+001 
     24.02000000 -0.233042205693614E+005  0.109975176419019E+001 
     24.04000000 -0.233042205720284E+005  0.109974909718092E+001 
     24.06000000 -0.233042205746943E+005  0.109974643128534E+001 
     24.08000000 -0.233042205773585E+005  0.109974376706030E+001 
     24.10000000 -0.233042205800211E+005  0.109974110441607E+001 
     24.12000000 -0.233042205826826E+005  0.109973844297215E+001 
     24.14000000 -0.233042205853421E+005  0.109973578347099E+001 
     24.16000000 -0.233042205880004E+005  0.109973312517014E+001 
     24.18000000 -0.233042205906582E+005  0.109973046737355E+001 
     24.20000000 -0.233042205933151E+005  0.109972781041841E+001 
     24.22000000 -0.233042205959706E+005  0.109972515489868E+001 
     24.24000000 -0.233042205986245E+005  0.109972250109280E+001 
     24.26000000 -0.233042206012767E+005  0.109971984885846E+001 
     24.28000000 -0.233042206039278E+005  0.109971719776255E+001 
     24.30000000 -0.233042206065774E+005  0.109971454815156E+001 
     24.32000000 -0.233042206092253E+005  0.109971190028534E+001 
     24.34000000 -0.233042206118715E+005  0.109970925403397E+001 
     24.36000000 -0.233042206145165E+005  0.109970660908191E+001 
     24.38000000 -0.233042206171602E+005  0.109970396539202E+001 
     24.40000000 -0.233042206198033E+005  0.109970132219711E+001 
     24.42000000 -0.233042206224456E+005  0.109969867995192E+001 
     24.44000000 -0.233042206250855E+005  0.109969604003929E+001 
     24.46000000 -0.233042206277234E+005  0.109969340212820E+001 
     24.48000000 -0.233042206303596E+005  0.109969076592168E+001 
     24.50000000 -0.233042206329939E+005  0.109968813167957E+001 
     24.52000000 -0.233042206356267E+005  0.109968549885432E+001 
     24.54000000 -0.233042206382577E+005  0.109968286780170E+001 
     24.56000000 -0.233042206408869E+005  0.109968023863306E+001 
     24.58000000 -0.233042206435149E+005  0.109967761065854E+001 
     24.60000000 -0.233042206461421E+005  0.109967498348526E+001 
     24.62000000 -0.233042206487680E+005  0.109967235750300E+001 
     24.64000000 -0.233042206513922E+005  0.109966973334905E+001 
     24.66000000 -0.233042206540150E+005  0.109966711052533E+001 
     24.68000000 -0.233042206566369E+005  0.109966448862969E+001 
     24.70000000 -0.233042206592576E+005  0.109966186795601E+001 
     24.72000000 -0.233042206618771E+005  0.109965924849501E+001 
     24.74000000 -0.233042206644956E+005  0.109965662997446E+001 
     24.76000000 -0.233042206671128E+005  0.109965401274703E+001 
     24.78000000 -0.233042206697284E+005  0.109965139710969E+001 
     24.80000000 -0.233042206723429E+005  0.109964878267266E+001 
     24.82000000 -0.233042206749555E+005  0.109964617004228E+001 
     24.84000000 -0.233042206775666E+005  0.109964355893394E+001 
     24.86000000 -0.233042206801771E+005  0.109964094848762E+001 
     24.88000000 -0.233042206827873E+005  0.109963833828570E+001 
     24.90000000 -0.233042206853959E+005  0.109963572968006E+001 
     24.92000000 -0.233042206880028E+005  0.109963312275424E+001 
     24.94000000 -0.233042206906083E+005  0.109963051723289E+001 
     24.96000000 -0.233042206932125E+005  0.109962791304488E+001 
     24.98000000 -0.233042206958150E+005  0.109962531053978E+001 
     25.00000000 -0.233042206984157E+005  0.109962270983204E+001 
     25.02000000 -0.233042207010148E+005  0.109962011079483E+001 
     25.04000000 -0.233042207036125E+005  0.109961751306930E+001 
     25.06000000 -0.233042207062085E+005  0.109961491699884E+001 
     25.08000000 -0.233042207088037E+005  0.109961232186572E+001 
     25.10000000 -0.233042207113978E+005  0.109960972771946E+001 
     25.12000000 -0.233042207139915E+005  0.109960713406198E+001 
     25.14000000 -0.233042207165848E+005  0.109960454076955E+001 
     25.16000000 -0.233042207191761E+005  0.109960194940441E+001 
     25.18000000 -0.233042207217651E+005  0.109959936047701E+001 
     25.20000000 -0.233042207243521E+005  0.109959677344598E+001 
     25.22000000 -0.233042207269379E+005  0.109959418765856E+001 
     25.24000000 -0.233042207295224E+005  0.109959160313022E+001 
     25.26000000 -0.233042207321057E+005  0.109958901985170E+001 
     25.28000000 -0.233042207346882E+005  0.109958643736512E+001 
     25.30000000 -0.233042207372705E+005  0.109958385499610E+001 
     25.32000000 -0.233042207398517E+005  0.109958127382121E+001 
     25.34000000 -0.233042207424309E+005  0.109957869464476E+001 
     25.36000000 -0.233042207450090E+005  0.109957611657582E+001 
     25.38000000 -0.233042207475859E+005  0.109957353962365E+001 
     25.40000000 -0.233042207501619E+005  0.109957096369237E+001 
     25.42000000 -0.233042207527362E+005  0.109956838931715E+001 
     25.44000000 -0.233042207553086E+005  0.109956581692182E+001 
     25.46000000 -0.233042207578786E+005  0.109956324697351E+001 
     25.48000000 -0.233042207604467E+005  0.109956067886279E+001 
     25.50000000 -0.233042207630139E+005  0.109955811160899E+001 
     25.52000000 -0.233042207655806E+005  0.109955554496771E+001 
     25.54000000 -0.233042207681459E+005  0.109955297959790E+001 
     25.56000000 -0.233042207707096E+005  0.109955041593573E+001 
     25.58000000 -0.233042207732719E+005  0.109954785361000E+001 
     25.60000000 -0.233042207758329E+005  0.109954529261450E+001 
     25.62000000 -0.233042207783928E+005  0.109954273278528E+001 
     25.64000000 -0.233042207809518E+005  0.109954017369852E+001 
     25.66000000 -0.233042207835104E+005  0.109953761516241E+001 
     25.68000000 -0.233042207860669E+005  0.109953505861857E+001 
     25.70000000 -0.233042207886213E+005  0.109953250426189E+001 
     25.72000000 -0.233042207911741E+005  0.109952995148911E+001 
     25.74000000 -0.233042207937262E+005  0.109952739931340E+001 
     25.76000000 -0.233042207962779E+005  0.109952484761101E+001 
     25.78000000 -0.233042207988280E+005  0.109952229749562E+001 
     25.80000000 -0.233042208013759E+005  0.109951974963235E+001 
     25.82000000 -0.233042208039215E+005  0.109951720406761E+001 
     25.84000000 -0.233042208064656E+005  0.109951465989807E+001 
     25.86000000 -0.233042208090083E+005  0.109951211720417E+001 
     25.88000000 -0.233042208115503E+005  0.109950957529604E+001 
     25.90000000 -0.233042208140913E+005  0.109950703426339E+001 
     25.92000000 -0.233042208166315E+005  0.109950449407838E+001 
     25.94000000 -0.233042208191708E+005  0.109950195478432E+001 
     25.96000000 -0.233042208217089E+005  0.109949941662251E+001 
     25.98000000 -0.233042208242462E+005  0.109949687935164E+001 
     26.00000000 -0.233042208267815E+005  0.109949434401117E+001 
     26.02000000 -0.233042208293148E+005  0.109949181077434E+001 
     26.04000000 -0.233042208318470E+005  0.109948927855219E+001 
     26.06000000 -0.233042208343784E+005  0.109948674717459E+001 
     26.08000000 -0.233042208369089E+005  0.109948421662607E+001 
     26.10000000 -0.233042208394387E+005  0.109948168680763E+001 
     26.12000000 -0.233042208419670E+005  0.109947915850196E+001 
     26.14000000 -0.233042208444945E+005  0.109947663103464E+001 
     26.16000000 -0.233042208470212E+005  0.109947410436237E+001 
     26.18000000 -0.233042208495460E+005  0.109947157952150E+001 
     26.20000000 -0.233042208520695E+005  0.109946905604180E+001 
     26.22000000 -0.233042208545919E+005  0.109946653363248E+001 
     26.24000000 -0.233042208571130E+005  0.109946401256577E+001 
     26.26000000 -0.233042208596329E+005  0.109946149266843E+001 
     26.28000000 -0.233042208621518E+005  0.109945897374248E+001 
     26.30000000 -0.233042208646691E+005  0.109945645647468E+001 
     26.32000000 -0.233042208671844E+005  0.109945394116821E+001 
     26.34000000 -0.233042208696976E+005  0.109945142790969E+001 
     26.36000000 -0.233042208722093E+005  0.109944891624745E+001 
     26.38000000 -0.233042208747199E+005  0.109944640561847E+001 
     26.40000000 -0.233042208772297E+005  0.109944389586806E+001 
     26.42000000 -0.233042208797381E+005  0.109944138740149E+001 
     26.44000000 -0.233042208822453E+005  0.109943888025897E+001 
     26.46000000 -0.233042208847508E+005  0.109943637478388E+001 
     26.48000000 -0.233042208872556E+005  0.109943386998939E+001 
     26.50000000 -0.233042208897603E+005  0.109943136523820E+001 
     26.52000000 -0.233042208922642E+005  0.109942886136559E+001 
     26.54000000 -0.233042208947673E+005  0.109942635826637E+001 
     26.56000000 -0.233042208972694E+005  0.109942385610141E+001 
     26.58000000 -0.233042208997704E+005  0.109942135519245E+001 
     26.60000000 -0.233042209022702E+005  0.109941885531055E+001 
     26.62000000 -0.233042209047690E+005  0.109941635659183E+001 
     26.64000000 -0.233042209072664E+005  0.109941385915695E+001 
     26.66000000 -0.233042209097623E+005  0.109941136328124E+001 
     26.68000000 -0.233042209122565E+005  0.109940886901109E+001 
     26.70000000 -0.233042209147502E+005  0.109940637532871E+001 
     26.72000000 -0.233042209172436E+005  0.109940388196808E+001 
     26.74000000 -0.233042209197361E+005  0.109940138941486E+001 
     26.76000000 -0.233042209222269E+005  0.109939889865282E+001 
     26.78000000 -0.233042209247159E+005  0.109939640969434E+001 
     26.80000000 -0.233042209272033E+005  0.109939392226100E+001 
     26.82000000 -0.233042209296901E+005  0.109939143540924E+001 
     26.84000000 -0.233042209321766E+005  0.109938894891015E+001 
     26.86000000 -0.233042209346621E+005  0.109938646349382E+001 
     26.88000000 -0.233042209371460E+005  0.109938397958405E+001 
     26.90000000 -0.233042209396281E+005  0.109938149746238E+001 
     26.92000000 -0.233042209421086E+005  0.109937901692771E+001 
     26.94000000 -0.233042209445878E+005  0.109937653776658E+001 
     26.96000000 -0.233042209470654E+005  0.109937406009656E+001 
     26.98000000 -0.233042209495419E+005  0.109937158362066E+001 
     27.00000000 -0.233042209520173E+005  0.109936910819658E+001 
     27.02000000 -0.233042209544910E+005  0.109936663449871E+001 
     27.04000000 -0.233042209569635E+005  0.109936416202280E+001 
     27.06000000 -0.233042209594356E+005  0.109936168998619E+001 
     27.08000000 -0.233042209619068E+005  0.109935921871368E+001 
     27.10000000 -0.233042209643764E+005  0.109935674919214E+001 
     27.12000000 -0.233042209668436E+005  0.109935428197222E+001 
     27.14000000 -0.233042209693096E+005  0.109935181592786E+001 
     27.16000000 -0.233042209717752E+005  0.109934935037847E+001 
     27.18000000 -0.233042209742396E+005  0.109934688597371E+001 
     27.20000000 -0.233042209767029E+005  0.109934442269500E+001 
     27.22000000 -0.233042209791648E+005  0.109934196076819E+001 
     27.24000000 -0.233042209816253E+005  0.109933950029536E+001 
     27.26000000 -0.233042209840845E+005  0.109933704101975E+001 
     27.28000000 -0.233042209865434E+005  0.109933458214011E+001 
     27.30000000 -0.233042209890016E+005  0.109933212391012E+001 
     27.32000000 -0.233042209914584E+005  0.109932966710009E+001 
     27.34000000 -0.233042209939141E+005  0.109932721140374E+001 
     27.36000000 -0.233042209963688E+005  0.109932475674374E+001 
     27.38000000 -0.233042209988231E+005  0.109932230246116E+001 
     27.40000000 -0.233042210012763E+005  0.109931984923348E+001 
     27.42000000 -0.233042210037274E+005  0.109931739813419E+001 
     27.44000000 -0.233042210061763E+005  0.109931494925299E+001 
     27.46000000 -0.233042210086242E+005  0.109931250129986E+001 
     27.48000000 -0.233042210110711E+005  0.109931005443568E+001 
     27.50000000 -0.233042210135166E+005  0.109930760891410E+001 
     27.52000000 -0.233042210159612E+005  0.109930516431132E+001 
     27.54000000 -0.233042210184049E+005  0.109930272064898E+001 
     27.56000000 -0.233042210208471E+005  0.109930027843753E+001 
     27.58000000 -0.233042210232881E+005  0.109929783743258E+001 
     27.60000000 -0.233042210257276E+005  0.109929539791254E+001 
     27.62000000 -0.233042210281663E+005  0.109929295924943E+001 
     27.64000000 -0.233042210306039E+005  0.109929052164431E+001 
     27.66000000 -0.233042210330408E+005  0.109928808471051E+001 
     27.68000000 -0.233042210354767E+005  0.109928564882851E+001 
     27.70000000 -0.233042210379115E+005  0.109928321405093E+001 
     27.72000000 -0.233042210403449E+005  0.109928078069639E+001 
     27.74000000 -0.233042210427771E+005  0.109927834846172E+001 
     27.76000000 -0.233042210452079E+005  0.109927591765010E+001 
     27.78000000 -0.233042210476375E+005  0.109927348807901E+001 
     27.80000000 -0.233042210500657E+005  0.109927105984434E+001 
     27.82000000 -0.233042210524930E+005  0.109926863255321E+001 
     27.84000000 -0.233042210549190E+005  0.109926620654901E+001 
     27.86000000 -0.233042210573434E+005  0.109926378219059E+001 
     27.88000000 -0.233042210597674E+005  0.109926135815080E+001 
     27.90000000 -0.233042210621903E+005  0.109925893522162E+001 
     27.92000000 -0.233042210646120E+005  0.109925651350202E+001 
     27.94000000 -0.233042210670325E+005  0.109925409308172E+001 
     27.96000000 -0.233042210694512E+005  0.109925167435052E+001 
     27.98000000 -0.233042210718682E+005  0.109924925733934E+001 
     28.00000000 -0.233042210742842E+005  0.109924684133976E+001 
     28.02000000 -0.233042210767001E+005  0.109924442549487E+001 
     28.04000000 -0.233042210791153E+005  0.109924201022228E+001 
     28.06000000 -0.233042210815291E+005  0.109923959641605E+001 
     28.08000000 -0.233042210839415E+005  0.109923718405761E+001 
     28.10000000 -0.233042210863529E+005  0.109923477266437E+001 
     28.12000000 -0.233042210887633E+005  0.109923236225489E+001 
     28.14000000 -0.233042210911727E+005  0.109922995282297E+001 
     28.16000000 -0.233042210935809E+005  0.109922754459755E+001 
     28.18000000 -0.233042210959875E+005  0.109922513801173E+001 
     28.20000000 -0.233042210983931E+005  0.109922273240348E+001 
     28.22000000 -0.233042211007979E+005  0.109922032764905E+001 
     28.24000000 -0.233042211032019E+005  0.109921792366802E+001 
     28.26000000 -0.233042211056050E+005  0.109921552051916E+001 
     28.28000000 -0.233042211080072E+005  0.109921311836024E+001 
     28.30000000 -0.233042211104088E+005  0.109921071673342E+001 
     28.32000000 -0.233042211128095E+005  0.109920831603467E+001 
     28.34000000 -0.233042211152089E+005  0.109920591660738E+001 
     28.36000000 -0.233042211176069E+005  0.109920351860933E+001 
     28.38000000 -0.233042211200034E+005  0.109920112210547E+001 
     28.40000000 -0.233042211223990E+005  0.109919872655443E+001 
     28.42000000 -0.233042211247930E+005  0.109919633255637E+001 
     28.44000000 -0.233042211271847E+005  0.109919394079806E+001 
     28.46000000 -0.233042211295753E+005  0.109919155028027E+001 
     28.48000000 -0.233042211319653E+005  0.109918916028529E+001 
     28.50000000 -0.233042211343550E+005  0.109918677050687E+001 
     28.52000000 -0.233042211367437E+005  0.109918438180501E+001 
     28.54000000 -0.233042211391315E+005  0.109918199409310E+001 
     28.56000000 -0.233042211415177E+005  0.109917960780113E+001 
     28.58000000 -0.233042211439030E+005  0.109917722259192E+001 
     28.60000000 -0.233042211462870E+005  0.109917483856136E+001 
     28.62000000 -0.233042211486693E+005  0.109917245626939E+001 
     28.64000000 -0.233042211510506E+005  0.109917007492097E+001 
     28.66000000 -0.233042211534315E+005  0.109916769406751E+001 
     28.68000000 -0.233042211558112E+005  0.109916531435249E+001 
     28.70000000 -0.233042211581893E+005  0.109916293621829E+001 
     28.72000000 -0.233042211605668E+005  0.109916055878323E+001 
     28.74000000 -0.233042211629435E+005  0.109915818207208E+001 
     28.76000000 -0.233042211653191E+005  0.109915580646223E+001 
     28.78000000 -0.233042211676935E+005  0.109915343202795E+001 
     28.80000000 -0.233042211700663E+005  0.109915105920851E+001 
     28.82000000 -0.233042211724370E+005  0.109914868857623E+001 
     28.84000000 -0.233042211748063E+005  0.109914631926800E+001 
     28.86000000 -0.233042211771753E+005  0.109914395029078E+001 
     28.88000000 -0.233042211795437E+005  0.109914158185804E+001 
     28.90000000 -0.233042211819116E+005  0.109913921395429E+001 
     28.92000000 -0.233042211842789E+005  0.109913684665998E+001 
     28.94000000 -0.233042211866450E+005  0.109913448057216E+001 
     28.96000000 -0.233042211890098E+005  0.109913211575890E+001 
     28.98000000 -0.233042211913734E+005  0.109912975216141E+001 
     29.00000000 -0.233042211937363E+005  0.109912738923523E+001 
     29.02000000 -0.233042211960982E+005  0.109912502732993E+001 
     29.04000000 -0.233042211984586E+005  0.109912266695286E+001 
     29.06000000 -0.233042212008170E+005  0.109912030851545E+001 
     29.08000000 -0.233042212031733E+005  0.109911795222809E+001 
     29.10000000 -0.233042212055283E+005  0.109911559727715E+001 
     29.12000000 -0.233042212078829E+005  0.109911324266959E+001 
     29.14000000 -0.233042212102375E+005  0.109911088801254E+001 
     29.16000000 -0.233042212125917E+005  0.109910853385046E+001 
     29.18000000 -0.233042212149446E+005  0.109910618092272E+001 
     29.20000000 -0.233042212172964E+005  0.109910382917672E+001 
     29.22000000 -0.233042212196470E+005  0.109910147855060E+001 
     29.24000000 -0.233042212219966E+005  0.109909912898558E+001 
     29.26000000 -0.233042212243448E+005  0.109909678071057E+001 
     29.28000000 -0.233042212266925E+005  0.109909443308831E+001 
     29.30000000 -0.233042212290390E+005  0.109909208655499E+001 
     29.32000000 -0.233042212313846E+005  0.109908974097140E+001 
     29.34000000 -0.233042212337295E+005  0.109908739602508E+001 
     29.36000000 -0.233042212360742E+005  0.109908505138194E+001 
     29.38000000 -0.233042212384174E+005  0.109908270811853E+001 
     29.40000000 -0.233042212407591E+005  0.109908036645450E+001 
     29.42000000 -0.233042212430997E+005  0.109907802582063E+001 
     29.44000000 -0.233042212454401E+005  0.109907568544971E+001 
     29.46000000 -0.233042212477797E+005  0.109907334588003E+001 
     29.48000000 -0.233042212501176E+005  0.109907100795923E+001 
     29.50000000 -0.233042212524540E+005  0.109906867156356E+001 
     29.52000000 -0.233042212547897E+005  0.109906633584847E+001 
     29.54000000 -0.233042212571246E+005  0.109906400098722E+001 
     29.56000000 -0.233042212594587E+005  0.109906166689317E+001 
     29.58000000 -0.233042212617919E+005  0.109905933369316E+001 
     29.60000000 -0.233042212641244E+005  0.109905700116136E+001 
     29.62000000 -0.233042212664558E+005  0.109905466978657E+001 
     29.64000000 -0.233042212687865E+005  0.109905233905524E+001 
     29.66000000 -0.233042212711165E+005  0.109905000909111E+001 
     29.68000000 -0.233042212734447E+005  0.109904768083464E+001 
     29.70000000 -0.233042212757707E+005  0.109904535484885E+001 
     29.72000000 -0.233042212780951E+005  0.109904303049029E+001 
     29.74000000 -0.233042212804182E+005  0.109904070732584E+001 
     29.76000000 -0.233042212827405E+005  0.109903838500904E+001 
     29.78000000 -0.233042212850625E+005  0.109903606300159E+001 
     29.80000000 -0.233042212873845E+005  0.109903374108695E+001 
     29.82000000 -0.233042212897055E+005  0.109903142005707E+001 
     29.84000000 -0.233042212920254E+005  0.109902910009757E+001 
     29.86000000 -0.233042212943440E+005  0.109902678156112E+001 
     29.88000000 -0.233042212966620E+005  0.109902446351345E+001 
     29.90000000 -0.233042212989794E+005  0.109902214615255E+001 
     29.92000000 -0.233042213012957E+005  0.109901982981563E+001 
     29.94000000 -0.233042213036106E+005  0.109901751492032E+001 
     29.96000000 -0.233042213059246E+005  0.109901520094998E+001 
     29.98000000 -0.233042213082370E+005  0.109901288859449E+001 
     30.00000000 -0.233042213105479E+005  0.109901057762492E+001 
     30.02000000 -0.233042213128581E+005  0.109900826746587E+001 
     30.04000000 -0.233042213151677E+005  0.109900595789460E+001 
     30.06000000 -0.233042213174756E+005  0.109900364989796E+001 
     30.08000000 -0.233042213197828E+005  0.109900134277371E+001 
     30.10000000 -0.233042213220896E+005  0.109899903591551E+001 
     30.12000000 -0.233042213243960E+005  0.109899672958940E+001 
     30.14000000 -0.233042213267011E+005  0.109899442447288E+001 
     30.16000000 -0.233042213290052E+005  0.109899212035249E+001 
     30.18000000 -0.233042213313081E+005  0.109898981743859E+001 
     30.20000000 -0.233042213336101E+005  0.109898751542802E+001 
     30.22000000 -0.233042213359111E+005  0.109898521445071E+001 
     30.24000000 -0.233042213382108E+005  0.109898291470464E+001 
     30.26000000 -0.233042213405092E+005  0.109898061637852E+001 
     30.28000000 -0.233042213428064E+005  0.109897831915990E+001 
     30.30000000 -0.233042213451026E+005  0.109897602295597E+001 
     30.32000000 -0.233042213473976E+005  0.109897372793997E+001 
     30.34000000 -0.233042213496915E+005  0.109897143401911E+001 
     30.36000000 -0.233042213519847E+005  0.109896914087163E+001 
     30.38000000 -0.233042213542775E+005  0.109896684809229E+001 
     30.40000000 -0.233042213565692E+005  0.109896455634930E+001 
     30.42000000 -0.233042213588591E+005  0.109896226646865E+001 
     30.44000000 -0.233042213611474E+005  0.109895997815025E+001 
     30.46000000 -0.233042213634353E+005  0.109895769028969E+001 
     30.48000000 -0.233042213657232E+005  0.109895540230849E+001 
     30.50000000 -0.233042213680104E+005  0.109895311517184E+001 
     30.52000000 -0.233042213702963E+005  0.109895082922312E+001 
     30.54000000 -0.233042213725816E+005  0.109894854392714E+001 
     30.56000000 -0.233042213748657E+005  0.109894625987478E+001 
     30.58000000 -0.233042213771488E+005  0.109894397671337E+001 
     30.60000000 -0.233042213794308E+005  0.109894169473680E+001 
     30.62000000 -0.233042213817123E+005  0.109893941323045E+001 
     30.64000000 -0.233042213839931E+005  0.109893713241398E+001 
     30.66000000 -0.233042213862723E+005  0.109893485324637E+001 
     30.68000000 -0.233042213885498E+005  0.109893257574002E+001 
     30.70000000 -0.233042213908258E+005  0.109893029970002E+001 
     30.72000000 -0.233042213931011E+005  0.109892802446126E+001 
     30.74000000 -0.233042213953753E+005  0.109892575020317E+001 
     30.76000000 -0.233042213976493E+005  0.109892347628846E+001 
     30.78000000 -0.233042213999225E+005  0.109892120301721E+001 
     30.80000000 -0.233042214021952E+005  0.109891893034612E+001 
     30.82000000 -0.233042214044674E+005  0.109891665810813E+001 
     30.84000000 -0.233042214067381E+005  0.109891438745405E+001 
     30.86000000 -0.233042214090074E+005  0.109891211812402E+001 
     30.88000000 -0.233042214112759E+005  0.109890984963235E+001 
     30.90000000 -0.233042214135439E+005  0.109890758159852E+001 
     30.92000000 -0.233042214158108E+005  0.109890531473098E+001 
     30.94000000 -0.233042214180760E+005  0.109890304952160E+001 
     30.96000000 -0.233042214203402E+005  0.109890078535165E+001 
     30.98000000 -0.233042214226036E+005  0.109889852191798E+001 
     31.00000000 -0.233042214248660E+005  0.109889625953612E+001 
     31.02000000 -0.233042214271275E+005  0.109889399806996E+001 
     31.04000000 -0.233042214293876E+005  0.109889173795260E+001 
     31.06000000 -0.233042214316465E+005  0.109888947902627E+001 
     31.08000000 -0.233042214339048E+005  0.109888722072793E+001 
     31.10000000 -0.233042214361626E+005  0.109888496291529E+001 
     31.12000000 -0.233042214384196E+005  0.109888270592244E+001 
     31.14000000 -0.233042214406758E+005  0.109888044973392E+001 
     31.16000000 -0.233042214429312E+005  0.109887819435902E+001 
     31.18000000 -0.233042214451851E+005  0.109887594047212E+001 
     31.20000000 -0.233042214474375E+005  0.109887368807942E+001 
     31.22000000 -0.233042214496889E+005  0.109887143667357E+001 
     31.24000000 -0.233042214519391E+005  0.109886918648040E+001 
     31.26000000 -0.233042214541887E+005  0.109886693688120E+001 
     31.28000000 -0.233042214564381E+005  0.109886468741812E+001 
     31.30000000 -0.233042214586872E+005  0.109886243836648E+001 
     31.32000000 -0.233042214609344E+005  0.109886019113696E+001 
     31.34000000 -0.233042214631802E+005  0.109885794531502E+001 
     31.36000000 -0.233042214654247E+005  0.109885570084806E+001 
     31.38000000 -0.233042214676683E+005  0.109885345727206E+001 
     31.40000000 -0.233042214699107E+005  0.109885121480974E+001 
     31.42000000 -0.233042214721521E+005  0.109884897343017E+001 
     31.44000000 -0.233042214743930E+005  0.109884673251773E+001 
     31.46000000 -0.233042214766330E+005  0.109884449257358E+001 
     31.48000000 -0.233042214788726E+005  0.109884225295426E+001 
     31.50000000 -0.233042214811114E+005  0.109884001413617E+001 
     31.52000000 -0.233042214833490E+005  0.109883777650293E+001 
     31.54000000 -0.233042214855856E+005  0.109883553992768E+001 
     31.56000000 -0.233042214878214E+005  0.109883330412583E+001 
     31.58000000 -0.233042214900563E+005  0.109883106919637E+001 
     31.60000000 -0.233042214922902E+005  0.109882883535585E+001 
     31.62000000 -0.233042214945229E+005  0.109882660264139E+001 
     31.64000000 -0.233042214967552E+005  0.109882437036622E+001 
     31.66000000 -0.233042214989867E+005  0.109882213885206E+001 
     31.68000000 -0.233042215012167E+005  0.109881990884758E+001 
     31.70000000 -0.233042215034457E+005  0.109881767988872E+001 
     31.72000000 -0.233042215056738E+005  0.109881545173419E+001 
     31.74000000 -0.233042215079019E+005  0.109881322366628E+001 
     31.76000000 -0.233042215101301E+005  0.109881099543751E+001 
     31.78000000 -0.233042215123571E+005  0.109880876846472E+001 
     31.80000000 -0.233042215145819E+005  0.109880654363888E+001 
     31.82000000 -0.233042215168058E+005  0.109880431973493E+001 
     31.84000000 -0.233042215190292E+005  0.109880209631357E+001 
     31.86000000 -0.233042215212525E+005  0.109879987306855E+001 
     31.88000000 -0.233042215234751E+005  0.109879765042677E+001 
     31.90000000 -0.233042215256966E+005  0.109879542889868E+001 
     31.92000000 -0.233042215279170E+005  0.109879320854306E+001 
     31.94000000 -0.233042215301358E+005  0.109879098971875E+001 
     31.96000000 -0.233042215323537E+005  0.109878877180087E+001 
     31.98000000 -0.233042215345705E+005  0.109878655502142E+001 
     32.00000000 -0.233042215367860E+005  0.109878433957530E+001 
     32.02000000 -0.233042215390005E+005  0.109878212506654E+001 
     32.04000000 -0.233042215412140E+005  0.109877991152916E+001 
     32.06000000 -0.233042215434260E+005  0.109877769952929E+001 
     32.08000000 -0.233042215456375E+005  0.109877548801201E+001 
     32.10000000 -0.233042215478491E+005  0.109877327646999E+001 
     32.12000000 -0.233042215500603E+005  0.109877106528063E+001 
     32.14000000 -0.233042215522705E+005  0.109876885505028E+001 
     32.16000000 -0.233042215544787E+005  0.109876664681838E+001 
     32.18000000 -0.233042215566862E+005  0.109876443929801E+001 
     32.20000000 -0.233042215588932E+005  0.109876223234685E+001 
     32.22000000 -0.233042215610990E+005  0.109876002650938E+001 
     32.24000000 -0.233042215633041E+005  0.109875782147006E+001 
     32.26000000 -0.233042215655080E+005  0.109875561752895E+001 
     32.28000000 -0.233042215677109E+005  0.109875341465822E+001 
     32.30000000 -0.233042215699129E+005  0.109875121269391E+001 
     32.32000000 -0.233042215721140E+005  0.109874901159270E+001 
     32.34000000 -0.233042215743142E+005  0.109874681137007E+001 
     32.36000000 -0.233042215765139E+005  0.109874461165789E+001 
     32.38000000 -0.233042215787132E+005  0.109874241234168E+001 
     32.40000000 -0.233042215809116E+005  0.109874021390095E+001 
     32.42000000 -0.233042215831089E+005  0.109873801668527E+001 
     32.44000000 -0.233042215853052E+005  0.109873582039149E+001 
     32.46000000 -0.233042215875005E+005  0.109873362500103E+001 
     32.48000000 -0.233042215896947E+005  0.109873143083253E+001 
     32.50000000 -0.233042215918881E+005  0.109872923744979E+001 
     32.52000000 -0.233042215940805E+005  0.109872704504463E+001 
     32.54000000 -0.233042215962726E+005  0.109872485294883E+001 
     32.56000000 -0.233042215984643E+005  0.109872266122426E+001 
     32.58000000 -0.233042216006553E+005  0.109872047022977E+001 
     32.60000000 -0.233042216028451E+005  0.109871828045414E+001 
     32.62000000 -0.233042216050335E+005  0.109871609206445E+001 
     32.64000000 -0.233042216072207E+005  0.109871390482246E+001 
     32.66000000 -0.233042216094077E+005  0.109871171780322E+001 
     32.68000000 -0.233042216115944E+005  0.109870953117067E+001 
     32.70000000 -0.233042216137802E+005  0.109870734531770E+001 
     32.72000000 -0.233042216159640E+005  0.109870516150650E+001 
     32.74000000 -0.233042216181460E+005  0.109870297958856E+001 
     32.76000000 -0.233042216203274E+005  0.109870079817178E+001 
     32.78000000 -0.233042216225086E+005  0.109869861698084E+001 
     32.80000000 -0.233042216246890E+005  0.109869643654472E+001 
     32.82000000 -0.233042216268675E+005  0.109869425802353E+001 
     32.84000000 -0.233042216290446E+005  0.109869208091920E+001 
     32.86000000 -0.233042216312210E+005  0.109868990449855E+001 
     32.88000000 -0.233042216333970E+005  0.109868772851099E+001 
     32.90000000 -0.233042216355726E+005  0.109868555292561E+001 
     32.92000000 -0.233042216377480E+005  0.109868337753202E+001 
     32.94000000 -0.233042216399228E+005  0.109868120270456E+001 
     32.96000000 -0.233042216420969E+005  0.109867902866906E+001 
     32.98000000 -0.233042216442691E+005  0.109867685642783E+001 
     33.00000000 -0.233042216464399E+005  0.109867468560964E+001 
     33.02000000 -0.233042216486099E+005  0.109867251568859E+001 
     33.04000000 -0.233042216507788E+005  0.109867034671108E+001 
     33.06000000 -0.233042216529471E+005  0.109866817847294E+001 
     33.08000000 -0.233042216551145E+005  0.109866601103604E+001 
     33.10000000 -0.233042216572814E+005  0.109866384413432E+001 
     33.12000000 -0.233042216594475E+005  0.109866167801218E+001 
     33.14000000 -0.233042216616123E+005  0.109865951323266E+001 
     33.16000000 -0.233042216637765E+005  0.109865734905947E+001 
     33.18000000 -0.233042216659400E+005  0.109865518549882E+001 
     33.20000000 -0.233042216681030E+005  0.109865302255688E+001 
     33.22000000 -0.233042216702640E+005  0.109865086153295E+001 
     33.24000000 -0.233042216724229E+005  0.109864870264050E+001 
     33.26000000 -0.233042216745817E+005  0.109864654380374E+001 
     33.28000000 -0.233042216767411E+005  0.109864438441323E+001 
     33.30000000 -0.233042216789004E+005  0.109864222510314E+001 
     33.32000000 -0.233042216810584E+005  0.109864006712330E+001 
     33.34000000 -0.233042216832146E+005  0.109863791095629E+001 
     33.36000000 -0.233042216853703E+005  0.109863575525332E+001 
     33.38000000 -0.233042216875258E+005  0.109863359978546E+001 
     33.40000000 -0.233042216896803E+005  0.109863144527042E+001 
     33.42000000 -0.233042216918331E+005  0.109862929244448E+001 
     33.44000000 -0.233042216939850E+005  0.109862714053423E+001 
     33.46000000 -0.233042216961361E+005  0.109862498939738E+001 
     33.48000000 -0.233042216982864E+005  0.109862283918860E+001 
     33.50000000 -0.233042217004361E+005  0.109862068945623E+001 
     33.52000000 -0.233042217025855E+005  0.109861854003940E+001 
     33.54000000 -0.233042217047346E+005  0.109861639099381E+001 
     33.56000000 -0.233042217068825E+005  0.109861424307118E+001 
     33.58000000 -0.233042217090294E+005  0.109861209616943E+001 
     33.60000000 -0.233042217111750E+005  0.109860995052368E+001 
     33.62000000 -0.233042217133193E+005  0.109860780629478E+001 
     33.64000000 -0.233042217154624E+005  0.109860566310223E+001 
     33.66000000 -0.233042217176048E+005  0.109860352070782E+001 
     33.68000000 -0.233042217197462E+005  0.109860137939308E+001 
     33.70000000 -0.233042217218864E+005  0.109859923916108E+001 
     33.72000000 -0.233042217240256E+005  0.109859709994687E+001 
     33.74000000 -0.233042217261642E+005  0.109859496132663E+001 
     33.76000000 -0.233042217283024E+005  0.109859282313330E+001 
     33.78000000 -0.233042217304402E+005  0.109859068537616E+001 
     33.80000000 -0.233042217325769E+005  0.109858854861516E+001 
     33.82000000 -0.233042217347125E+005  0.109858641309468E+001 
     33.84000000 -0.233042217368477E+005  0.109858427786499E+001 
     33.86000000 -0.233042217389821E+005  0.109858214340870E+001 
     33.88000000 -0.233042217411164E+005  0.109858000912566E+001 
     33.90000000 -0.233042217432510E+005  0.109857787458893E+001 
     33.92000000 -0.233042217453852E+005  0.109857574031826E+001 
     33.94000000 -0.233042217475183E+005  0.109857360726026E+001 
     33.96000000 -0.233042217496498E+005  0.109857147578618E+001 
     33.98000000 -0.233042217517789E+005  0.109856934668797E+001 
     34.00000000 -0.233042217539062E+005  0.109856721932216E+001 
     34.02000000 -0.233042217560326E+005  0.109856509292773E+001 
     34.04000000 -0.233042217581584E+005  0.109856296709942E+001 
     34.06000000 -0.233042217602842E+005  0.109856084137320E+001 
     34.08000000 -0.233042217624096E+005  0.109855871596562E+001 
     34.10000000 -0.233042217645347E+005  0.109855659087668E+001 
     34.12000000 -0.233042217666588E+005  0.109855446672819E+001 
     34.14000000 -0.233042217687821E+005  0.109855234342115E+001 
     34.16000000 -0.233042217709041E+005  0.109855022144435E+001 
     34.18000000 -0.233042217730251E+005  0.109854810045440E+001 
     34.20000000 -0.233042217751461E+005  0.109854597946754E+001 
     34.22000000 -0.233042217772670E+005  0.109854385850852E+001 
     34.24000000 -0.233042217793874E+005  0.109854173811254E+001 
     34.26000000 -0.233042217815063E+005  0.109853961926953E+001 
     34.28000000 -0.233042217836239E+005  0.109853750168560E+001 
     34.30000000 -0.233042217857407E+005  0.109853538486579E+001 
     34.32000000 -0.233042217878569E+005  0.109853326865232E+001 
     34.34000000 -0.233042217899726E+005  0.109853115289670E+001 
     34.36000000 -0.233042217920874E+005  0.109852903812793E+001 
     34.38000000 -0.233042217942009E+005  0.109852692461206E+001 
     34.40000000 -0.233042217963139E+005  0.109852481164994E+001 
     34.42000000 -0.233042217984262E+005  0.109852269933747E+001 
     34.44000000 -0.233042218005378E+005  0.109852058769940E+001 
     34.46000000 -0.233042218026480E+005  0.109851847758955E+001 
     34.48000000 -0.233042218047566E+005  0.109851636889657E+001 
     34.50000000 -0.233042218068647E+005  0.109851426080683E+001 
     34.52000000 -0.233042218089719E+005  0.109851215362660E+001 
     34.54000000 -0.233042218110784E+005  0.109851004711149E+001 
     34.56000000 -0.233042218131838E+005  0.109850794174719E+001 
     34.58000000 -0.233042218152882E+005  0.109850583739140E+001 
     34.60000000 -0.233042218173924E+005  0.109850373309748E+001 
     34.62000000 -0.233042218194963E+005  0.109850162923357E+001 
     34.64000000 -0.233042218215994E+005  0.109849952611211E+001 
     34.66000000 -0.233042218237013E+005  0.109849742421572E+001 
     34.68000000 -0.233042218258016E+005  0.109849532391251E+001 
     34.70000000 -0.233042218279009E+005  0.109849322468896E+001 
     34.72000000 -0.233042218299996E+005  0.109849112597894E+001 
     34.74000000 -0.233042218320983E+005  0.109848902724727E+001 
     34.76000000 -0.233042218341972E+005  0.109848692837639E+001 
     34.78000000 -0.233042218362951E+005  0.109848483042121E+001 
     34.80000000 -0.233042218383920E+005  0.109848273356115E+001 
     34.82000000 -0.233042218404882E+005  0.109848063738478E+001 
     34.84000000 -0.233042218425833E+005  0.109847854224166E+001 
     34.86000000 -0.233042218446769E+005  0.109847644869173E+001 
     34.88000000 -0.233042218467693E+005  0.109847435628023E+001 
     34.90000000 -0.233042218488612E+005  0.109847226431731E+001 
     34.92000000 -0.233042218509529E+005  0.109847017267611E+001 
     34.94000000 -0.233042218530436E+005  0.109846808193515E+001 
     34.96000000 -0.233042218551341E+005  0.109846599141074E+001 
     34.98000000 -0.233042218572242E+005  0.109846390136583E+001 
     35.00000000 -0.233042218593135E+005  0.109846181203863E+001 
     35.02000000 -0.233042218614019E+005  0.109845972368282E+001 
     35.04000000 -0.233042218634889E+005  0.109845763659846E+001 
     35.06000000 -0.233042218655743E+005  0.109845555123723E+001 
     35.08000000 -0.233042218676581E+005  0.109845346745063E+001 
     35.10000000 -0.233042218697412E+005  0.109845138431986E+001 
     35.12000000 -0.233042218718243E+005  0.109844930121384E+001 
     35.14000000 -0.233042218739065E+005  0.109844721908230E+001 
     35.16000000 -0.233042218759881E+005  0.109844513745502E+001 
     35.18000000 -0.233042218780686E+005  0.109844305699092E+001 
     35.20000000 -0.233042218801485E+005  0.109844097708675E+001 
     35.22000000 -0.233042218822284E+005  0.109843889713928E+001 
     35.24000000 -0.233042218843081E+005  0.109843681744547E+001 
     35.26000000 -0.233042218863869E+005  0.109843473863953E+001 
     35.28000000 -0.233042218884642E+005  0.109843266130613E+001 
     35.30000000 -0.233042218905401E+005  0.109843058541742E+001 
     35.32000000 -0.233042218926158E+005  0.109842850975765E+001 
     35.34000000 -0.233042218946907E+005  0.109842643485889E+001 
     35.36000000 -0.233042218967658E+005  0.109842435978998E+001 
     35.38000000 -0.233042218988404E+005  0.109842228516036E+001 
     35.40000000 -0.233042219009138E+005  0.109842021173724E+001 
     35.42000000 -0.233042219029859E+005  0.109841813966292E+001 
     35.44000000 -0.233042219050569E+005  0.109841606860329E+001 
     35.46000000 -0.233042219071285E+005  0.109841399709200E+001 
     35.48000000 -0.233042219091989E+005  0.109841192659849E+001 
     35.50000000 -0.233042219112687E+005  0.109840985687838E+001 
     35.52000000 -0.233042219133378E+005  0.109840778769964E+001 
     35.54000000 -0.233042219154063E+005  0.109840571926337E+001 
     35.56000000 -0.233042219174736E+005  0.109840365197171E+001 
     35.58000000 -0.233042219195394E+005  0.109840158612785E+001 
     35.60000000 -0.233042219216045E+005  0.109839952107285E+001 
     35.62000000 -0.233042219236689E+005  0.109839745663657E+001 
     35.64000000 -0.233042219257326E+005  0.109839539298915E+001 
     35.66000000 -0.233042219277959E+005  0.109839332963871E+001 
     35.68000000 -0.233042219298580E+005  0.109839126752880E+001 
     35.70000000 -0.233042219319185E+005  0.109838920708013E+001 
     35.72000000 -0.233042219339784E+005  0.109838714709551E+001 
     35.74000000 -0.233042219360384E+005  0.109838508716966E+001 
     35.76000000 -0.233042219380979E+005  0.109838302767691E+001 
     35.78000000 -0.233042219401567E+005  0.109838096884000E+001 
     35.80000000 -0.233042219422149E+005  0.109837891068986E+001 
     35.82000000 -0.233042219442716E+005  0.109837685393493E+001 
     35.84000000 -0.233042219463269E+005  0.109837479860923E+001 
     35.86000000 -0.233042219483814E+005  0.109837274410951E+001 
     35.88000000 -0.233042219504360E+005  0.109837068953555E+001 
     35.90000000 -0.233042219524898E+005  0.109836863573498E+001 
     35.92000000 -0.233042219545424E+005  0.109836658315019E+001 
     35.94000000 -0.233042219565934E+005  0.109836453211837E+001 
     35.96000000 -0.233042219586428E+005  0.109836248277874E+001 
     35.98000000 -0.233042219606918E+005  0.109836043374228E+001 
     36.00000000 -0.233042219627400E+005  0.109835838558440E+001 
     36.02000000 -0.233042219647876E+005  0.109835633795242E+001 
     36.04000000 -0.233042219668355E+005  0.109835429004512E+001 
     36.06000000 -0.233042219688834E+005  0.109835224211616E+001 
     36.08000000 -0.233042219709304E+005  0.109835019514311E+001 
     36.10000000 -0.233042219729769E+005  0.109834814860008E+001 
     36.12000000 -0.233042219750221E+005  0.109834610343368E+001 
     36.14000000 -0.233042219770659E+005  0.109834405968723E+001 
     36.16000000 -0.233042219791092E+005  0.109834201639245E+001 
     36.18000000 -0.233042219811527E+005  0.109833997287802E+001 
     36.20000000 -0.233042219831957E+005  0.109833792979670E+001 
     36.22000000 -0.233042219852371E+005  0.109833588841993E+001 
     36.24000000 -0.233042219872771E+005  0.109833384845075E+001 
     36.26000000 -0.233042219893169E+005  0.109833180867027E+001 
     36.28000000 -0.233042219913562E+005  0.109832976939094E+001 
     36.30000000 -0.233042219933948E+005  0.109832773078293E+001 
     36.32000000 -0.233042219954321E+005  0.109832569349278E+001 
     36.34000000 -0.233042219974689E+005  0.109832365663264E+001 
     36.36000000 -0.233042219995050E+005  0.109832162050876E+001 
     36.38000000 -0.233042220015398E+005  0.109831958576462E+001 
     36.40000000 -0.233042220035743E+005  0.109831755127107E+001 
     36.42000000 -0.233042220056090E+005  0.109831551649909E+001 
     36.44000000 -0.233042220076435E+005  0.109831348199934E+001 
     36.46000000 -0.233042220096769E+005  0.109831144865350E+001 
     36.48000000 -0.233042220117098E+005  0.109830941579335E+001 
     36.50000000 -0.233042220137417E+005  0.109830738388293E+001 
     36.52000000 -0.233042220157725E+005  0.109830535306763E+001 
     36.54000000 -0.233042220178024E+005  0.109830332311235E+001 
     36.56000000 -0.233042220198315E+005  0.109830129401708E+001 
     36.58000000 -0.233042220218602E+005  0.109829926529923E+001 
     36.60000000 -0.233042220238881E+005  0.109829723741046E+001 
     36.62000000 -0.233042220259146E+005  0.109829521090761E+001 
     36.64000000 -0.233042220279404E+005  0.109829318510081E+001 
     36.66000000 -0.233042220299660E+005  0.109829115955388E+001 
     36.68000000 -0.233042220319911E+005  0.109828913440602E+001 
     36.70000000 -0.233042220340153E+005  0.109828711026356E+001 
     36.72000000 -0.233042220360380E+005  0.109828508750085E+001 
     36.74000000 -0.233042220380595E+005  0.109828306604671E+001 
     36.76000000 -0.233042220400802E+005  0.109828104537525E+001 
     36.78000000 -0.233042220421008E+005  0.109827902474710E+001 
     36.80000000 -0.233042220441214E+005  0.109827700411586E+001 
     36.82000000 -0.233042220461416E+005  0.109827498397650E+001 
     36.84000000 -0.233042220481606E+005  0.109827296493535E+001 
     36.86000000 -0.233042220501777E+005  0.109827094785863E+001 
     36.88000000 -0.233042220521934E+005  0.109826893217092E+001 
     36.90000000 -0.233042220542088E+005  0.109826691670286E+001 
     36.92000000 -0.233042220562244E+005  0.109826490115127E+001 
     36.94000000 -0.233042220582397E+005  0.109826288586263E+001 
     36.96000000 -0.233042220602546E+005  0.109826087094832E+001 
     36.98000000 -0.233042220622680E+005  0.109825885753439E+001 
     37.00000000 -0.233042220642805E+005  0.109825684501450E+001 
     37.02000000 -0.233042220662932E+005  0.109825483236160E+001 
     37.04000000 -0.233042220683056E+005  0.109825281990977E+001 
     37.06000000 -0.233042220703168E+005  0.109825080876343E+001 
     37.08000000 -0.233042220723265E+005  0.109824879904014E+001 
     37.10000000 -0.233042220743357E+005  0.109824678982419E+001 
     37.12000000 -0.233042220763449E+005  0.109824478067012E+001 
     37.14000000 -0.233042220783539E+005  0.109824277160266E+001 
     37.16000000 -0.233042220803627E+005  0.109824076287550E+001 
     37.18000000 -0.233042220823706E+005  0.109823875497123E+001 
     37.20000000 -0.233042220843768E+005  0.109823674875915E+001 
     37.22000000 -0.233042220863814E+005  0.109823474414335E+001 
     37.24000000 -0.233042220883853E+005  0.109823274023598E+001 
     37.26000000 -0.233042220903887E+005  0.109823073680193E+001 
     37.28000000 -0.233042220923914E+005  0.109822873414127E+001 
     37.30000000 -0.233042220943940E+005  0.109822673157652E+001 
     37.32000000 -0.233042220963960E+005  0.109822472952529E+001 
     37.34000000 -0.233042220983973E+005  0.109822272826603E+001 
     37.36000000 -0.233042221003975E+005  0.109822072807095E+001 
     37.38000000 -0.233042221023959E+005  0.109821872960209E+001 
     37.40000000 -0.233042221043935E+005  0.109821673207677E+001 
     37.42000000 -0.233042221063899E+005  0.109821473559707E+001 
     37.44000000 -0.233042221083854E+005  0.109821274012279E+001 
     37.46000000 -0.233042221103808E+005  0.109821074472276E+001 
     37.48000000 -0.233042221123770E+005  0.109820874857717E+001 
     37.50000000 -0.233042221143729E+005  0.109820675263576E+001 
     37.52000000 -0.233042221163678E+005  0.109820475769977E+001 
     37.54000000 -0.233042221183619E+005  0.109820276364853E+001 
     37.56000000 -0.233042221203551E+005  0.109820077041400E+001 
     37.58000000 -0.233042221223472E+005  0.109819877837978E+001 
     37.60000000 -0.233042221243371E+005  0.109819678848322E+001 
     37.62000000 -0.233042221263255E+005  0.109819480000042E+001 
     37.64000000 -0.233042221283143E+005  0.109819281121136E+001 
     37.66000000 -0.233042221303042E+005  0.109819082130861E+001 
     37.68000000 -0.233042221322940E+005  0.109818883154198E+001 
     37.70000000 -0.233042221342821E+005  0.109818684344278E+001 
     37.72000000 -0.233042221362693E+005  0.109818485627166E+001 
     37.74000000 -0.233042221382564E+005  0.109818286910982E+001 
     37.76000000 -0.233042221402431E+005  0.109818088243058E+001 
     37.78000000 -0.233042221422285E+005  0.109817889702589E+001 
     37.80000000 -0.233042221442129E+005  0.109817691260496E+001 
     37.82000000 -0.233042221461963E+005  0.109817492925750E+001 
     37.84000000 -0.233042221481789E+005  0.109817294665868E+001 
     37.86000000 -0.233042221501613E+005  0.109817096421454E+001 
     37.88000000 -0.233042221521434E+005  0.109816898218495E+001 
     37.90000000 -0.233042221541244E+005  0.109816700115767E+001 
     37.92000000 -0.233042221561048E+005  0.109816502073673E+001 
     37.94000000 -0.233042221580845E+005  0.109816304109537E+001 
     37.96000000 -0.233042221600630E+005  0.109816106253677E+001 
     37.98000000 -0.233042221620405E+005  0.109815908505473E+001 
     38.00000000 -0.233042221640172E+005  0.109815710835846E+001 
     38.02000000 -0.233042221659936E+005  0.109815513189730E+001 
     38.04000000 -0.233042221679700E+005  0.109815315551657E+001 
     38.06000000 -0.233042221699456E+005  0.109815117996802E+001 
     38.08000000 -0.233042221719203E+005  0.109814920528566E+001 
     38.10000000 -0.233042221738944E+005  0.109814723112303E+001 
     38.12000000 -0.233042221758687E+005  0.109814525682737E+001 
     38.14000000 -0.233042221778430E+005  0.109814328255028E+001 
     38.16000000 -0.233042221798161E+005  0.109814130945184E+001 
     38.18000000 -0.233042221817877E+005  0.109813933779809E+001 
     38.20000000 -0.233042221837584E+005  0.109813736717142E+001 
     38.22000000 -0.233042221857284E+005  0.109813539713252E+001 
     38.24000000 -0.233042221876981E+005  0.109813342739680E+001 
     38.26000000 -0.233042221896674E+005  0.109813145814058E+001 
     38.28000000 -0.233042221916362E+005  0.109812948939170E+001 
     38.30000000 -0.233042221936038E+005  0.109812752172249E+001 
     38.32000000 -0.233042221955705E+005  0.109812555500300E+001 
     38.34000000 -0.233042221975361E+005  0.109812358947144E+001 
     38.36000000 -0.233042221995001E+005  0.109812162546812E+001 
     38.38000000 -0.233042222014629E+005  0.109811966260632E+001 
     38.40000000 -0.233042222034253E+005  0.109811770024568E+001 
     38.42000000 -0.233042222053876E+005  0.109811573797475E+001 
     38.44000000 -0.233042222073494E+005  0.109811377613384E+001 
     38.46000000 -0.233042222093104E+005  0.109811181510962E+001 
     38.48000000 -0.233042222112709E+005  0.109810985464225E+001 
     38.50000000 -0.233042222132307E+005  0.109810789487403E+001 
     38.52000000 -0.233042222151902E+005  0.109810593539351E+001 
     38.54000000 -0.233042222171501E+005  0.109810397541802E+001 
     38.56000000 -0.233042222191097E+005  0.109810201579829E+001 
     38.58000000 -0.233042222210685E+005  0.109810005708188E+001 
     38.60000000 -0.233042222230259E+005  0.109809809962765E+001 
     38.62000000 -0.233042222249824E+005  0.109809614314481E+001 
     38.64000000 -0.233042222269386E+005  0.109809418691564E+001 
     38.66000000 -0.233042222288946E+005  0.109809223091849E+001 
     38.68000000 -0.233042222308498E+005  0.109809027571020E+001 
     38.70000000 -0.233042222328030E+005  0.109808832254057E+001 
     38.72000000 -0.233042222347543E+005  0.109808637127968E+001 
     38.74000000 -0.233042222367054E+005  0.109808442011160E+001 
     38.76000000 -0.233042222386569E+005  0.109808246861561E+001 
     38.78000000 -0.233042222406084E+005  0.109808051718767E+001 
     38.80000000 -0.233042222425590E+005  0.109807856656406E+001 
     38.82000000 -0.233042222445086E+005  0.109807661691801E+001 
     38.84000000 -0.233042222464573E+005  0.109807466822170E+001 
     38.86000000 -0.233042222484053E+005  0.109807272020907E+001 
     38.88000000 -0.233042222503534E+005  0.109807077215622E+001 
     38.90000000 -0.233042222523010E+005  0.109806882455194E+001 
     38.92000000 -0.233042222542474E+005  0.109806687814488E+001 
     38.94000000 -0.233042222561928E+005  0.109806493273394E+001 
     38.96000000 -0.233042222581378E+005  0.109806298774683E+001 
     38.98000000 -0.233042222600828E+005  0.109806104272259E+001 
     39.00000000 -0.233042222620270E+005  0.109805909856455E+001 
     39.02000000 -0.233042222639689E+005  0.109805715660914E+001 
     39.04000000 -0.233042222659094E+005  0.109805521614174E+001 
     39.06000000 -0.233042222678497E+005  0.109805327580427E+001 
     39.08000000 -0.233042222697900E+005  0.109805133554724E+001 
     39.10000000 -0.233042222717299E+005  0.109804939566762E+001 
     39.12000000 -0.233042222736690E+005  0.109804745651499E+001 
     39.14000000 -0.233042222756078E+005  0.109804551775834E+001 
     39.16000000 -0.233042222775466E+005  0.109804357899240E+001 
     39.18000000 -0.233042222794849E+005  0.109804164068432E+001 
     39.20000000 -0.233042222814222E+005  0.109803970332597E+001 
     39.22000000 -0.233042222833586E+005  0.109803776692662E+001 
     39.24000000 -0.233042222852940E+005  0.109803583151103E+001 
     39.26000000 -0.233042222872288E+005  0.109803389672034E+001 
     39.28000000 -0.233042222891633E+005  0.109803196225758E+001 
     39.30000000 -0.233042222910971E+005  0.109803002842280E+001 
     39.32000000 -0.233042222930306E+005  0.109802809499329E+001 
     39.34000000 -0.233042222949629E+005  0.109802616263106E+001 
     39.36000000 -0.233042222968938E+005  0.109802423170116E+001 
     39.38000000 -0.233042222988252E+005  0.109802230035671E+001 
     39.40000000 -0.233042223007570E+005  0.109802036857298E+001 
     39.42000000 -0.233042223026880E+005  0.109801843750078E+001 
     39.44000000 -0.233042223046180E+005  0.109801650751751E+001 
     39.46000000 -0.233042223065471E+005  0.109801457843137E+001 
     39.48000000 -0.233042223084755E+005  0.109801265003820E+001 
     39.50000000 -0.233042223104033E+005  0.109801072219878E+001 
     39.52000000 -0.233042223123304E+005  0.109800879512966E+001 
     39.54000000 -0.233042223142562E+005  0.109800686933819E+001 
     39.56000000 -0.233042223161807E+005  0.109800494481817E+001 
     39.58000000 -0.233042223181047E+005  0.109800302079932E+001 
     39.60000000 -0.233042223200288E+005  0.109800109676190E+001 
     39.62000000 -0.233042223219525E+005  0.109799917305859E+001 
     39.64000000 -0.233042223238754E+005  0.109799725018436E+001 
     39.66000000 -0.233042223257975E+005  0.109799532804022E+001 
     39.68000000 -0.233042223277190E+005  0.109799340656428E+001 
     39.70000000 -0.233042223296395E+005  0.109799148605973E+001 
     39.72000000 -0.233042223315589E+005  0.109798956662556E+001 
     39.74000000 -0.233042223334776E+005  0.109798764798334E+001 
     39.76000000 -0.233042223353960E+005  0.109798572954530E+001 
     39.78000000 -0.233042223373142E+005  0.109798381133618E+001 
     39.80000000 -0.233042223392317E+005  0.109798189389117E+001 
     39.82000000 -0.233042223411484E+005  0.109797997718244E+001 
     39.84000000 -0.233042223430642E+005  0.109797806133681E+001 
     39.86000000 -0.233042223449791E+005  0.109797614649041E+001 
     39.88000000 -0.233042223468931E+005  0.109797423246072E+001 
     39.90000000 -0.233042223488062E+005  0.109797231931269E+001 
     39.92000000 -0.233042223507183E+005  0.109797040725360E+001 
     39.94000000 -0.233042223526299E+005  0.109796849568330E+001 
     39.96000000 -0.233042223545416E+005  0.109796658391501E+001 
     39.98000000 -0.233042223564530E+005  0.109796467257982E+001 
     40.00000000 -0.233042223583634E+005  0.109796276213557E+001 
     40.02000000 -0.233042223602730E+005  0.109796085253279E+001 
     40.04000000 -0.233042223621826E+005  0.109795894291762E+001 
     40.06000000 -0.233042223640926E+005  0.109795703294979E+001 
     40.08000000 -0.233042223660024E+005  0.109795512315520E+001 
     40.10000000 -0.233042223679116E+005  0.109795321397314E+001 
     40.12000000 -0.233042223698196E+005  0.109795130595426E+001 
     40.14000000 -0.233042223717268E+005  0.109794939874281E+001 
     40.16000000 -0.233042223736332E+005  0.109794749237899E+001 
     40.18000000 -0.233042223755383E+005  0.109794558724952E+001 
     40.20000000 -0.233042223774420E+005  0.109794368356783E+001 
     40.22000000 -0.233042223793445E+005  0.109794178101840E+001 
     40.24000000 -0.233042223812467E+005  0.109793987883401E+001 
     40.26000000 -0.233042223831491E+005  0.109793797648256E+001 
     40.28000000 -0.233042223850513E+005  0.109793607426105E+001 
     40.30000000 -0.233042223869528E+005  0.109793417272012E+001 
     40.32000000 -0.233042223888530E+005  0.109793227257439E+001 
     40.34000000 -0.233042223907517E+005  0.109793037384243E+001 
     40.36000000 -0.233042223926503E+005  0.109792847524349E+001 
     40.38000000 -0.233042223945489E+005  0.109792657662290E+001 
     40.40000000 -0.233042223964470E+005  0.109792467853131E+001 
     40.42000000 -0.233042223983443E+005  0.109792278126261E+001 
     40.44000000 -0.233042224002412E+005  0.109792088435586E+001 
     40.46000000 -0.233042224021381E+005  0.109791898741817E+001 
     40.48000000 -0.233042224040338E+005  0.109791709174266E+001 
     40.50000000 -0.233042224059280E+005  0.109791519754898E+001 
     40.52000000 -0.233042224078213E+005  0.109791330420603E+001 
     40.54000000 -0.233042224097140E+005  0.109791141158388E+001 
     40.56000000 -0.233042224116059E+005  0.109790951966088E+001 
     40.58000000 -0.233042224134972E+005  0.109790762831947E+001 
     40.60000000 -0.233042224153884E+005  0.109790573717296E+001 
     40.62000000 -0.233042224172797E+005  0.109790384580371E+001 
     40.64000000 -0.233042224191713E+005  0.109790195422410E+001 
     40.66000000 -0.233042224210622E+005  0.109790006332507E+001 
     40.68000000 -0.233042224229519E+005  0.109789817368204E+001 
     40.70000000 -0.233042224248405E+005  0.109789628500729E+001 
     40.72000000 -0.233042224267281E+005  0.109789439742148E+001 
     40.74000000 -0.233042224286153E+005  0.109789251023166E+001 
     40.76000000 -0.233042224305029E+005  0.109789062267060E+001 
     40.78000000 -0.233042224323903E+005  0.109788873525803E+001 
     40.80000000 -0.233042224342771E+005  0.109788684839922E+001 
     40.82000000 -0.233042224361627E+005  0.109788496282733E+001 
     40.84000000 -0.233042224380470E+005  0.109788307854237E+001 
     40.86000000 -0.233042224399305E+005  0.109788119505555E+001 
     40.88000000 -0.233042224418139E+005  0.109787931160276E+001 
     40.90000000 -0.233042224436968E+005  0.109787742872538E+001 
     40.92000000 -0.233042224455785E+005  0.109787554707306E+001 
     40.94000000 -0.233042224474592E+005  0.109787366635190E+001 
     40.96000000 -0.233042224493396E+005  0.109787178599578E+001 
     40.98000000 -0.233042224512197E+005  0.109786990581290E+001 
     41.00000000 -0.233042224530999E+005  0.109786802565477E+001 
     41.02000000 -0.233042224549794E+005  0.109786614609679E+001 
     41.04000000 -0.233042224568576E+005  0.109786426794330E+001 
     41.06000000 -0.233042224587341E+005  0.109786239144797E+001 
     41.08000000 -0.233042224606105E+005  0.109786051504544E+001 
     41.10000000 -0.233042224624871E+005  0.109785863848823E+001 
     41.12000000 -0.233042224643628E+005  0.109785676270442E+001 
     41.14000000 -0.233042224662371E+005  0.109785488846740E+001 
     41.16000000 -0.233042224681097E+005  0.109785301583285E+001 
     41.18000000 -0.233042224699819E+005  0.109785114361593E+001 
     41.20000000 -0.233042224718539E+005  0.109784927168052E+001 
     41.22000000 -0.233042224737256E+005  0.109784739996477E+001 
     41.24000000 -0.233042224755972E+005  0.109784552830778E+001 
     41.26000000 -0.233042224774686E+005  0.109784365694160E+001 
     41.28000000 -0.233042224793394E+005  0.109784178618175E+001 
     41.30000000 -0.233042224812091E+005  0.109783991644279E+001 
     41.32000000 -0.233042224830783E+005  0.109783804725448E+001 
     41.34000000 -0.233042224849472E+005  0.109783617830747E+001 
     41.36000000 -0.233042224868157E+005  0.109783430983688E+001 
     41.38000000 -0.233042224886834E+005  0.109783244218298E+001 
     41.40000000 -0.233042224905504E+005  0.109783057517874E+001 
     41.42000000 -0.233042224924162E+005  0.109782870929746E+001 
     41.44000000 -0.233042224942819E+005  0.109782684362655E+001 
     41.46000000 -0.233042224961478E+005  0.109782497769888E+001 
     41.48000000 -0.233042224980133E+005  0.109782311228164E+001 
     41.50000000 -0.233042224998778E+005  0.109782124779247E+001 
     41.52000000 -0.233042225017406E+005  0.109781938492743E+001 
     41.54000000 -0.233042225036018E+005  0.109781752374530E+001 
     41.56000000 -0.233042225054623E+005  0.109781566320663E+001 
     41.58000000 -0.233042225073227E+005  0.109781380287833E+001 
     41.60000000 -0.233042225091825E+005  0.109781194299550E+001 
     41.62000000 -0.233042225110415E+005  0.109781008403456E+001 
     41.64000000 -0.233042225129001E+005  0.109780822543556E+001 
     41.66000000 -0.233042225147588E+005  0.109780636674376E+001 
     41.68000000 -0.233042225166176E+005  0.109780450798389E+001 
     41.70000000 -0.233042225184765E+005  0.109780264909410E+001 
     41.72000000 -0.233042225203343E+005  0.109780079121591E+001 
     41.74000000 -0.233042225221911E+005  0.109779893447615E+001 
     41.76000000 -0.233042225240473E+005  0.109779707820353E+001 
     41.78000000 -0.233042225259036E+005  0.109779522199277E+001 
     41.80000000 -0.233042225277591E+005  0.109779336644095E+001 
     41.82000000 -0.233042225296141E+005  0.109779151140266E+001 
     41.84000000 -0.233042225314687E+005  0.109778965681603E+001 
     41.86000000 -0.233042225333221E+005  0.109778780343590E+001 
     41.88000000 -0.233042225351750E+005  0.109778595053836E+001 
     41.90000000 -0.233042225370266E+005  0.109778409896179E+001 
     41.92000000 -0.233042225388769E+005  0.109778224862264E+001 
     41.94000000 -0.233042225407263E+005  0.109778039924560E+001 
     41.96000000 -0.233042225425754E+005  0.109777855016244E+001 
     41.98000000 -0.233042225444250E+005  0.109777670053482E+001 
     42.00000000 -0.233042225462746E+005  0.109777485091028E+001 
     42.02000000 -0.233042225481230E+005  0.109777300257268E+001 
     42.04000000 -0.233042225499698E+005  0.109777115570762E+001 
     42.06000000 -0.233042225518158E+005  0.109776930971495E+001 
     42.08000000 -0.233042225536622E+005  0.109776746336342E+001 
     42.10000000 -0.233042225555088E+005  0.109776561671491E+001 
     42.12000000 -0.233042225573550E+005  0.109776377051497E+001 
     42.14000000 -0.233042225591995E+005  0.109776192605052E+001 
     42.16000000 -0.233042225610422E+005  0.109776008330920E+001 
     42.18000000 -0.233042225628845E+005  0.109775824109069E+001 
     42.20000000 -0.233042225647269E+005  0.109775639862779E+001 
     42.22000000 -0.233042225665690E+005  0.109775455652993E+001 
     42.24000000 -0.233042225684103E+005  0.109775271525187E+001 
     42.26000000 -0.233042225702511E+005  0.109775087447496E+001 
     42.28000000 -0.233042225720917E+005  0.109774903386202E+001 
     42.30000000 -0.233042225739325E+005  0.109774719300778E+001 
     42.32000000 -0.233042225757725E+005  0.109774535309089E+001 
     42.34000000 -0.233042225776111E+005  0.109774351444237E+001 
     42.36000000 -0.233042225794493E+005  0.109774167625788E+001 
     42.38000000 -0.233042225812864E+005  0.109773983914377E+001 
     42.40000000 -0.233042225831229E+005  0.109773800267932E+001 
     42.42000000 -0.233042225849589E+005  0.109773616667271E+001 
     42.44000000 -0.233042225867941E+005  0.109773433142093E+001 
     42.46000000 -0.233042225886289E+005  0.109773249668888E+001 
     42.48000000 -0.233042225904632E+005  0.109773066238992E+001 
     42.50000000 -0.233042225922969E+005  0.109772882863544E+001 
     42.52000000 -0.233042225941302E+005  0.109772699535118E+001 
     42.54000000 -0.233042225959628E+005  0.109772516272276E+001 
     42.56000000 -0.233042225977952E+005  0.109772333039441E+001 
     42.58000000 -0.233042225996274E+005  0.109772149819600E+001 
     42.60000000 -0.233042226014594E+005  0.109771966613679E+001 
     42.62000000 -0.233042226032908E+005  0.109771783475199E+001 
     42.64000000 -0.233042226051216E+005  0.109771600399208E+001 
     42.66000000 -0.233042226069514E+005  0.109771417411694E+001 
     42.68000000 -0.233042226087805E+005  0.109771234500282E+001 
     42.70000000 -0.233042226106095E+005  0.109771051607432E+001 
     42.72000000 -0.233042226124390E+005  0.109770868657969E+001 
     42.74000000 -0.233042226142681E+005  0.109770685740060E+001 
     42.76000000 -0.233042226160966E+005  0.109770502889901E+001 
     42.78000000 -0.233042226179241E+005  0.109770320144305E+001 
     42.80000000 -0.233042226197508E+005  0.109770137470480E+001 
     42.82000000 -0.233042226215768E+005  0.109769954871209E+001 
     42.84000000 -0.233042226234019E+005  0.109769772359797E+001 
     42.86000000 -0.233042226252262E+005  0.109769589933458E+001 
     42.88000000 -0.233042226270502E+005  0.109769407536198E+001 
     42.90000000 -0.233042226288736E+005  0.109769225195241E+001 
     42.92000000 -0.233042226306958E+005  0.109769042974934E+001 
     42.94000000 -0.233042226325172E+005  0.109768860833823E+001 
     42.96000000 -0.233042226343374E+005  0.109768678815217E+001 
     42.98000000 -0.233042226361570E+005  0.109768496851677E+001 
     43.00000000 -0.233042226379767E+005  0.109768314880093E+001 
     43.02000000 -0.233042226397961E+005  0.109768132944705E+001 
     43.04000000 -0.233042226416150E+005  0.109767951057885E+001 
     43.06000000 -0.233042226434327E+005  0.109767769284600E+001 
     43.08000000 -0.233042226452490E+005  0.109767587651144E+001 
     43.10000000 -0.233042226470645E+005  0.109767406100596E+001 
     43.12000000 -0.233042226488794E+005  0.109767224615632E+001 
     43.14000000 -0.233042226506937E+005  0.109767043187590E+001 
     43.16000000 -0.233042226525082E+005  0.109766861734181E+001 
     43.18000000 -0.233042226543227E+005  0.109766680286030E+001 
     43.20000000 -0.233042226561370E+005  0.109766498858607E+001 
     43.22000000 -0.233042226579508E+005  0.109766317472328E+001 
     43.24000000 -0.233042226597638E+005  0.109766136178238E+001 
     43.26000000 -0.233042226615753E+005  0.109765955023049E+001 
     43.28000000 -0.233042226633860E+005  0.109765773952006E+001 
     43.30000000 -0.233042226651966E+005  0.109765592896739E+001 
     43.32000000 -0.233042226670074E+005  0.109765411813322E+001 
     43.34000000 -0.233042226688181E+005  0.109765230749084E+001 
     43.36000000 -0.233042226706279E+005  0.109765049764970E+001 
     43.38000000 -0.233042226724362E+005  0.109764868931823E+001 
     43.40000000 -0.233042226742434E+005  0.109764688212828E+001 
     43.42000000 -0.233042226760509E+005  0.109764507460114E+001 
     43.44000000 -0.233042226778582E+005  0.109764326737407E+001 
     43.46000000 -0.233042226796646E+005  0.109764146090493E+001 
     43.48000000 -0.233042226814706E+005  0.109763965496170E+001 
     43.50000000 -0.233042226832761E+005  0.109763784943610E+001 
     43.52000000 -0.233042226850814E+005  0.109763604413942E+001 
     43.54000000 -0.233042226868862E+005  0.109763423937175E+001 
     43.56000000 -0.233042226886901E+005  0.109763243541149E+001 
     43.58000000 -0.233042226904940E+005  0.109763063157499E+001 
     43.60000000 -0.233042226922975E+005  0.109762882800143E+001 
     43.62000000 -0.233042226941004E+005  0.109762702513940E+001 
     43.64000000 -0.233042226959027E+005  0.109762522284659E+001 
     43.66000000 -0.233042226977041E+005  0.109762342144782E+001 
     43.68000000 -0.233042226995046E+005  0.109762162090597E+001 
     43.70000000 -0.233042227013047E+005  0.109761982080960E+001 
     43.72000000 -0.233042227031046E+005  0.109761802099474E+001 
     43.74000000 -0.233042227049033E+005  0.109761622226263E+001 
     43.76000000 -0.233042227067009E+005  0.109761442460090E+001 
     43.78000000 -0.233042227084983E+005  0.109761262728565E+001 
     43.80000000 -0.233042227102953E+005  0.109761083024882E+001 
     43.82000000 -0.233042227120918E+005  0.109760903379050E+001 
     43.84000000 -0.233042227138876E+005  0.109760723794470E+001 
     43.86000000 -0.233042227156834E+005  0.109760544214839E+001 
     43.88000000 -0.233042227174791E+005  0.109760364642634E+001 
     43.90000000 -0.233042227192741E+005  0.109760185144674E+001 
     43.92000000 -0.233042227210685E+005  0.109760005703945E+001 
     43.94000000 -0.233042227228622E+005  0.109759826336225E+001 
     43.96000000 -0.233042227246551E+005  0.109759647042131E+001 
     43.98000000 -0.233042227264479E+005  0.109759467762269E+001 
     44.00000000 -0.233042227282403E+005  0.109759288529119E+001 
     44.02000000 -0.233042227300319E+005  0.109759109369287E+001 
     44.04000000 -0.233042227318225E+005  0.109758930301953E+001 
     44.06000000 -0.233042227336126E+005  0.109758751289684E+001 
     44.08000000 -0.233042227354024E+005  0.109758572314848E+001 
     44.10000000 -0.233042227371916E+005  0.109758393398481E+001 
     44.12000000 -0.233042227389799E+005  0.109758214567496E+001 
     44.14000000 -0.233042227407675E+005  0.109758035803642E+001 
     44.16000000 -0.233042227425553E+005  0.109757857026794E+001 
     44.18000000 -0.233042227443426E+005  0.109757678292948E+001 
     44.20000000 -0.233042227461290E+005  0.109757499654074E+001 
     44.22000000 -0.233042227479146E+005  0.109757321091302E+001 
     44.24000000 -0.233042227497003E+005  0.109757142520178E+001 
     44.26000000 -0.233042227514861E+005  0.109756963941629E+001 
     44.28000000 -0.233042227532709E+005  0.109756785460837E+001 
     44.30000000 -0.233042227550551E+005  0.109756607044082E+001 
     44.32000000 -0.233042227568393E+005  0.109756428628564E+001 
     44.34000000 -0.233042227586227E+005  0.109756250281724E+001 
     44.36000000 -0.233042227604054E+005  0.109756072013152E+001 
     44.38000000 -0.233042227621879E+005  0.109755893760975E+001 
     44.40000000 -0.233042227639700E+005  0.109755715552418E+001 
     44.42000000 -0.233042227657510E+005  0.109755537450279E+001 
     44.44000000 -0.233042227675312E+005  0.109755359434761E+001 
     44.46000000 -0.233042227693109E+005  0.109755181466884E+001 
     44.48000000 -0.233042227710907E+005  0.109755003488489E+001 
     44.50000000 -0.233042227728704E+005  0.109754825515044E+001 
     44.52000000 -0.233042227746493E+005  0.109754647620794E+001 
     44.54000000 -0.233042227764274E+005  0.109754469815639E+001 
     44.56000000 -0.233042227782044E+005  0.109754292119068E+001 
     44.58000000 -0.233042227799810E+005  0.109754114451577E+001 
     44.60000000 -0.233042227817577E+005  0.109753936789346E+001 
     44.62000000 -0.233042227835336E+005  0.109753759195173E+001 
     44.64000000 -0.233042227853093E+005  0.109753581621727E+001 
     44.66000000 -0.233042227870854E+005  0.109753404015489E+001 
     44.68000000 -0.233042227888612E+005  0.109753226439568E+001 
     44.70000000 -0.233042227906362E+005  0.109753048936655E+001 
     44.72000000 -0.233042227924098E+005  0.109752871573572E+001 
     44.74000000 -0.233042227941813E+005  0.109752694420234E+001 
     44.76000000 -0.233042227959516E+005  0.109752517392185E+001 
     44.78000000 -0.233042227977219E+005  0.109752340361043E+001 
     44.80000000 -0.233042227994931E+005  0.109752163247612E+001 
     44.82000000 -0.233042228012647E+005  0.109751986087777E+001 
     44.84000000 -0.233042228030359E+005  0.109751808963828E+001 
     44.86000000 -0.233042228048060E+005  0.109751631956506E+001 
     44.88000000 -0.233042228065753E+005  0.109751455020337E+001 
     44.90000000 -0.233042228083435E+005  0.109751278202961E+001 
     44.92000000 -0.233042228101103E+005  0.109751101528508E+001 
     44.94000000 -0.233042228118761E+005  0.109750924948719E+001 
     44.96000000 -0.233042228136423E+005  0.109750748322216E+001 
     44.98000000 -0.233042228154086E+005  0.109750571696642E+001 
     45.00000000 -0.233042228171746E+005  0.109750395090248E+001 
     45.02000000 -0.233042228189406E+005  0.109750218497156E+001 
     45.04000000 -0.233042228207055E+005  0.109750042003987E+001 
     45.06000000 -0.233042228224694E+005  0.109749865613834E+001 
     45.08000000 -0.233042228242326E+005  0.109749689292977E+001 
     45.10000000 -0.233042228259956E+005  0.109749512993775E+001 
     45.12000000 -0.233042228277584E+005  0.109749336717465E+001 
     45.14000000 -0.233042228295199E+005  0.109749160563043E+001 
     45.16000000 -0.233042228312804E+005  0.109748984514420E+001 
     45.18000000 -0.233042228330393E+005  0.109748808625427E+001 
     45.20000000 -0.233042228347971E+005  0.109748632847802E+001 
     45.22000000 -0.233042228365555E+005  0.109748457001499E+001 
     45.24000000 -0.233042228383149E+005  0.109748281067958E+001 
     45.26000000 -0.233042228400742E+005  0.109748105133798E+001 
     45.28000000 -0.233042228418319E+005  0.109747929360195E+001 
     45.30000000 -0.233042228435881E+005  0.109747753744982E+001 
     45.32000000 -0.233042228453438E+005  0.109747578174627E+001 
     45.34000000 -0.233042228470997E+005  0.109747402584473E+001 
     45.36000000 -0.233042228488554E+005  0.109747227013499E+001 
     45.38000000 -0.233042228506107E+005  0.109747051484597E+001 
     45.40000000 -0.233042228523658E+005  0.109746875975804E+001 
     45.42000000 -0.233042228541203E+005  0.109746700523932E+001 
     45.44000000 -0.233042228558736E+005  0.109746525190236E+001 
     45.46000000 -0.233042228576264E+005  0.109746349915317E+001 
     45.48000000 -0.233042228593787E+005  0.109746174683089E+001 
     45.50000000 -0.233042228611301E+005  0.109745999541194E+001 
     45.52000000 -0.233042228628803E+005  0.109745824523970E+001 
     45.54000000 -0.233042228646302E+005  0.109745649537682E+001 
     45.56000000 -0.233042228663809E+005  0.109745474462299E+001 
     45.58000000 -0.233042228681315E+005  0.109745299408261E+001 
     45.60000000 -0.233042228698802E+005  0.109745124533651E+001 
     45.62000000 -0.233042228716273E+005  0.109744949826094E+001 
     45.64000000 -0.233042228733735E+005  0.109744775203611E+001 
     45.66000000 -0.233042228751187E+005  0.109744600686618E+001 
     45.68000000 -0.233042228768644E+005  0.109744426118272E+001 
     45.70000000 -0.233042228786113E+005  0.109744251422471E+001 
     45.72000000 -0.233042228803574E+005  0.109744076815455E+001 
     45.74000000 -0.233042228821021E+005  0.109743902344866E+001 
     45.76000000 -0.233042228838462E+005  0.109743727933055E+001 
     45.78000000 -0.233042228855899E+005  0.109743553569504E+001 
     45.80000000 -0.233042228873333E+005  0.109743379225751E+001 
     45.82000000 -0.233042228890766E+005  0.109743204897776E+001 
     45.84000000 -0.233042228908193E+005  0.109743030626723E+001 
     45.86000000 -0.233042228925612E+005  0.109742856436102E+001 
     45.88000000 -0.233042228943028E+005  0.109742682277965E+001 
     45.90000000 -0.233042228960442E+005  0.109742508134057E+001 
     45.92000000 -0.233042228977854E+005  0.109742334010258E+001 
     45.94000000 -0.233042228995261E+005  0.109742159940597E+001 
     45.96000000 -0.233042229012662E+005  0.109741985939612E+001 
     45.98000000 -0.233042229030057E+005  0.109741811982248E+001 
     46.00000000 -0.233042229047443E+005  0.109741638128208E+001 
     46.02000000 -0.233042229064822E+005  0.109741464330163E+001 
     46.04000000 -0.233042229082195E+005  0.109741290605744E+001 
     46.06000000 -0.233042229099559E+005  0.109741116965471E+001 
     46.08000000 -0.233042229116919E+005  0.109740943364177E+001 
     46.10000000 -0.233042229134278E+005  0.109740769774948E+001 
     46.12000000 -0.233042229151636E+005  0.109740596190669E+001 
     46.14000000 -0.233042229168990E+005  0.109740422654649E+001 
     46.16000000 -0.233042229186338E+005  0.109740249170602E+001 
     46.18000000 -0.233042229203684E+005  0.109740075716871E+001 
     46.20000000 -0.233042229221019E+005  0.109739902363991E+001 
     46.22000000 -0.233042229238347E+005  0.109739729087213E+001 
     46.24000000 -0.233042229255675E+005  0.109739555809507E+001 
     46.26000000 -0.233042229273001E+005  0.109739382546032E+001 
     46.28000000 -0.233042229290328E+005  0.109739209278535E+001 
     46.30000000 -0.233042229307656E+005  0.109739035994023E+001 
     46.32000000 -0.233042229324979E+005  0.109738862760246E+001 
     46.34000000 -0.233042229342296E+005  0.109738689596074E+001 
     46.36000000 -0.233042229359602E+005  0.109738516529968E+001 
     46.38000000 -0.233042229376898E+005  0.109738343577088E+001 
     46.40000000 -0.233042229394186E+005  0.109738170696288E+001 
     46.42000000 -0.233042229411468E+005  0.109737997877669E+001 
     46.44000000 -0.233042229428742E+005  0.109737825129892E+001 
     46.46000000 -0.233042229446012E+005  0.109737652433779E+001 
     46.48000000 -0.233042229463273E+005  0.109737479820263E+001 
     46.50000000 -0.233042229480529E+005  0.109737307263051E+001 
     46.52000000 -0.233042229497783E+005  0.109737134728113E+001 
     46.54000000 -0.233042229515034E+005  0.109736962217923E+001 
     46.56000000 -0.233042229532282E+005  0.109736789734338E+001 
     46.58000000 -0.233042229549528E+005  0.109736617272408E+001 
     46.60000000 -0.233042229566771E+005  0.109736444842652E+001 
     46.62000000 -0.233042229584012E+005  0.109736272436097E+001 
     46.64000000 -0.233042229601251E+005  0.109736100043154E+001 
     46.66000000 -0.233042229618487E+005  0.109735927685168E+001 
     46.68000000 -0.233042229635712E+005  0.109735755430508E+001 
     46.70000000 -0.233042229652932E+005  0.109735583233388E+001 
     46.72000000 -0.233042229670149E+005  0.109735411061635E+001 
     46.74000000 -0.233042229687360E+005  0.109735238957323E+001 
     46.76000000 -0.233042229704566E+005  0.109735066899723E+001 
     46.78000000 -0.233042229721766E+005  0.109734894892859E+001 
     46.80000000 -0.233042229738956E+005  0.109734722990247E+001 
     46.82000000 -0.233042229756133E+005  0.109734551226228E+001 
     46.84000000 -0.233042229773301E+005  0.109734379548520E+001 
     46.86000000 -0.233042229790468E+005  0.109734207879164E+001 
     46.88000000 -0.233042229807634E+005  0.109734036215686E+001 
     46.90000000 -0.233042229824800E+005  0.109733864554993E+001 
     46.92000000 -0.233042229841963E+005  0.109733692919666E+001 
     46.94000000 -0.233042229859121E+005  0.109733521340643E+001 
     46.96000000 -0.233042229876266E+005  0.109733349898356E+001 
     46.98000000 -0.233042229893404E+005  0.109733178513300E+001 
     47.00000000 -0.233042229910538E+005  0.109733007178360E+001 
     47.02000000 -0.233042229927667E+005  0.109732835883018E+001 
     47.04000000 -0.233042229944791E+005  0.109732664643669E+001 
     47.06000000 -0.233042229961908E+005  0.109732493473307E+001 
     47.08000000 -0.233042229979023E+005  0.109732322325528E+001 
     47.10000000 -0.233042229996138E+005  0.109732151175584E+001 
     47.12000000 -0.233042230013247E+005  0.109731980086893E+001 
     47.14000000 -0.233042230030353E+005  0.109731809022641E+001 
     47.16000000 -0.233042230047460E+005  0.109731637956532E+001 
     47.18000000 -0.233042230064560E+005  0.109731466959102E+001 
     47.20000000 -0.233042230081644E+005  0.109731296110781E+001 
     47.22000000 -0.233042230098719E+005  0.109731125363311E+001 
     47.24000000 -0.233042230115796E+005  0.109730954596661E+001 
     47.26000000 -0.233042230132875E+005  0.109730783808975E+001 
     47.28000000 -0.233042230149944E+005  0.109730613113477E+001 
     47.30000000 -0.233042230167002E+005  0.109730442529657E+001 
     47.32000000 -0.233042230184058E+005  0.109730271977701E+001 
     47.34000000 -0.233042230201119E+005  0.109730101360471E+001 
     47.36000000 -0.233042230218184E+005  0.109729930719111E+001 
     47.38000000 -0.233042230235245E+005  0.109729760103118E+001 
     47.40000000 -0.233042230252294E+005  0.109729589618602E+001 
     47.42000000 -0.233042230269332E+005  0.109729419237411E+001 
     47.44000000 -0.233042230286358E+005  0.109729248978726E+001 
     47.46000000 -0.233042230303379E+005  0.109729078767683E+001 
     47.48000000 -0.233042230320397E+005  0.109728908584481E+001 
     47.50000000 -0.233042230337411E+005  0.109728738449230E+001 
     47.52000000 -0.233042230354423E+005  0.109728568320166E+001 
     47.54000000 -0.233042230371433E+005  0.109728398224512E+001 
     47.56000000 -0.233042230388439E+005  0.109728228163507E+001 
     47.58000000 -0.233042230405448E+005  0.109728058077444E+001 
     47.60000000 -0.233042230422454E+005  0.109727888019223E+001 
     47.62000000 -0.233042230439450E+005  0.109727718055665E+001 
     47.64000000 -0.233042230456439E+005  0.109727548161094E+001 
     47.66000000 -0.233042230473415E+005  0.109727378403878E+001 
     47.68000000 -0.233042230490381E+005  0.109727208741325E+001 
     47.70000000 -0.233042230507353E+005  0.109727039026182E+001 
     47.72000000 -0.233042230524325E+005  0.109726869306088E+001 
     47.74000000 -0.233042230541289E+005  0.109726699664572E+001 
     47.76000000 -0.233042230558240E+005  0.109726530152677E+001 
     47.78000000 -0.233042230575181E+005  0.109726360748747E+001 
     47.80000000 -0.233042230592123E+005  0.109726191329040E+001 
     47.82000000 -0.233042230609065E+005  0.109726021907786E+001 
     47.84000000 -0.233042230626002E+005  0.109725852536339E+001 
     47.86000000 -0.233042230642930E+005  0.109725683254605E+001 
     47.88000000 -0.233042230659854E+005  0.109725514018348E+001 
     47.90000000 -0.233042230676779E+005  0.109725344762291E+001 
     47.92000000 -0.233042230693707E+005  0.109725175486126E+001 
     47.94000000 -0.233042230710630E+005  0.109725006252652E+001 
     47.96000000 -0.233042230727544E+005  0.109724837112604E+001 
     47.98000000 -0.233042230744447E+005  0.109724668084544E+001 
     48.00000000 -0.233042230761338E+005  0.109724499171256E+001 
     48.02000000 -0.233042230778226E+005  0.109724330290759E+001 
     48.04000000 -0.233042230795113E+005  0.109724161419853E+001 
     48.06000000 -0.233042230811991E+005  0.109723992642991E+001 
     48.08000000 -0.233042230828858E+005  0.109723823978116E+001 
     48.10000000 -0.233042230845726E+005  0.109723655290968E+001 
     48.12000000 -0.233042230862595E+005  0.109723486602583E+001 
     48.14000000 -0.233042230879462E+005  0.109723317932140E+001 
     48.16000000 -0.233042230896326E+005  0.109723149290777E+001 
     48.18000000 -0.233042230913189E+005  0.109722980665191E+001 
     48.20000000 -0.233042230930047E+005  0.109722812080440E+001 
     48.22000000 -0.233042230946899E+005  0.109722643561892E+001 
     48.24000000 -0.233042230963745E+005  0.109722475101503E+001 
     48.26000000 -0.233042230980586E+005  0.109722306694014E+001 
     48.28000000 -0.233042230997421E+005  0.109722138343447E+001 
     48.30000000 -0.233042231014247E+005  0.109721970084760E+001 
     48.32000000 -0.233042231031061E+005  0.109721801947959E+001 
     48.34000000 -0.233042231047870E+005  0.109721633855087E+001 
     48.36000000 -0.233042231064670E+005  0.109721465858115E+001 
     48.38000000 -0.233042231081467E+005  0.109721297881252E+001 
     48.40000000 -0.233042231098261E+005  0.109721129940894E+001 
     48.42000000 -0.233042231115046E+005  0.109720962095508E+001 
     48.44000000 -0.233042231131829E+005  0.109720794266827E+001 
     48.46000000 -0.233042231148609E+005  0.109720626461039E+001 
     48.48000000 -0.233042231165385E+005  0.109720458702892E+001 
     48.50000000 -0.233042231182164E+005  0.109720290918758E+001 
     48.52000000 -0.233042231198945E+005  0.109720123108639E+001 
     48.54000000 -0.233042231215722E+005  0.109719955337190E+001 
     48.56000000 -0.233042231232491E+005  0.109719787645555E+001 
     48.58000000 -0.233042231249252E+005  0.109719620038993E+001 
     48.60000000 -0.233042231266005E+005  0.109719452506058E+001 
     48.62000000 -0.233042231282750E+005  0.109719285052628E+001 
     48.64000000 -0.233042231299491E+005  0.109719117643746E+001 
     48.66000000 -0.233042231316224E+005  0.109718950313749E+001 
     48.68000000 -0.233042231332948E+005  0.109718783070992E+001 
     48.70000000 -0.233042231349671E+005  0.109718615848652E+001 
     48.72000000 -0.233042231366393E+005  0.109718448620435E+001 
     48.74000000 -0.233042231383108E+005  0.109718281475435E+001 
     48.76000000 -0.233042231399817E+005  0.109718114387047E+001 
     48.78000000 -0.233042231416521E+005  0.109717947341969E+001 
     48.80000000 -0.233042231433223E+005  0.109717780321640E+001 
     48.82000000 -0.233042231449916E+005  0.109717613391024E+001 
     48.84000000 -0.233042231466606E+005  0.109717446491345E+001 
     48.86000000 -0.233042231483304E+005  0.109717279513088E+001 
     48.88000000 -0.233042231500007E+005  0.109717112489047E+001 
     48.90000000 -0.233042231516701E+005  0.109716945542963E+001 
     48.92000000 -0.233042231533383E+005  0.109716778728666E+001 
     48.94000000 -0.233042231550049E+005  0.109716612063170E+001 
     48.96000000 -0.233042231566714E+005  0.109716445415617E+001 
     48.98000000 -0.233042231583382E+005  0.109716278734344E+001 
     49.00000000 -0.233042231600046E+005  0.109716112096690E+001 
     49.02000000 -0.233042231616700E+005  0.109715945554937E+001 
     49.04000000 -0.233042231633342E+005  0.109715779134143E+001 
     49.06000000 -0.233042231649986E+005  0.109715612692003E+001 
     49.08000000 -0.233042231666634E+005  0.109715446217690E+001 
     49.10000000 -0.233042231683276E+005  0.109715279791947E+001 
     49.12000000 -0.233042231699910E+005  0.109715113457773E+001 
     49.14000000 -0.233042231716534E+005  0.109714947211766E+001 
     49.16000000 -0.233042231733151E+005  0.109714781047429E+001 
     49.18000000 -0.233042231749771E+005  0.109714614844732E+001 
     49.20000000 -0.233042231766395E+005  0.109714448599653E+001 
     49.22000000 -0.233042231783010E+005  0.109714282455734E+001 
     49.24000000 -0.233042231799615E+005  0.109714116403694E+001 
     49.26000000 -0.233042231816216E+005  0.109713950398677E+001 
     49.28000000 -0.233042231832820E+005  0.109713784354062E+001 
     49.30000000 -0.233042231849426E+005  0.109713618299547E+001 
     49.32000000 -0.233042231866028E+005  0.109713452271637E+001 
     49.34000000 -0.233042231882626E+005  0.109713286290131E+001 
     49.36000000 -0.233042231899216E+005  0.109713120398338E+001 
     49.38000000 -0.233042231915793E+005  0.109712954622555E+001 
     49.40000000 -0.233042231932367E+005  0.109712788883276E+001 
     49.42000000 -0.233042231948938E+005  0.109712623169673E+001 
     49.44000000 -0.233042231965506E+005  0.109712457499381E+001 
     49.46000000 -0.233042231982068E+005  0.109712291876729E+001 
     49.48000000 -0.233042231998617E+005  0.109712126387102E+001 
     49.50000000 -0.233042232015159E+005  0.109711960964605E+001 
     49.52000000 -0.233042232031698E+005  0.109711795571187E+001 
     49.54000000 -0.233042232048233E+005  0.109711630227577E+001 
     49.56000000 -0.233042232064755E+005  0.109711465006471E+001 
     49.58000000 -0.233042232081270E+005  0.109711299857756E+001 
     49.60000000 -0.233042232097783E+005  0.109711134725746E+001 
     49.62000000 -0.233042232114300E+005  0.109710969555375E+001 
     49.64000000 -0.233042232130821E+005  0.109710804343551E+001 
     49.66000000 -0.233042232147340E+005  0.109710639155856E+001 
     49.68000000 -0.233042232163849E+005  0.109710474060969E+001 
     49.70000000 -0.233042232180353E+005  0.109710309024550E+001 
     49.72000000 -0.233042232196848E+005  0.109710144070421E+001 
     49.74000000 -0.233042232213336E+005  0.109709979195487E+001 
     49.76000000 -0.233042232229827E+005  0.109709814285286E+001 
     49.78000000 -0.233042232246319E+005  0.109709649363329E+001 
     49.80000000 -0.233042232262806E+005  0.109709484492726E+001 
     49.82000000 -0.233042232279289E+005  0.109709319661103E+001 
     49.84000000 -0.233042232295767E+005  0.109709154880523E+001 
     49.86000000 -0.233042232312238E+005  0.109708990176354E+001 
     49.88000000 -0.233042232328701E+005  0.109708825540244E+001 
     49.90000000 -0.233042232345159E+005  0.109708660961056E+001 
     49.92000000 -0.233042232361610E+005  0.109708496458898E+001 
     49.94000000 -0.233042232378046E+005  0.109708332092548E+001 
     49.96000000 -0.233042232394468E+005  0.109708167871287E+001 
     49.98000000 -0.233042232410884E+005  0.109708003713134E+001 
     50.00000000 -0.233042232427299E+005  0.109707839563953E+001 
     50.02000000 -0.233042232443719E+005  0.109707675360635E+001 
     50.04000000 -0.233042232460141E+005  0.109707511144323E+001 
     50.06000000 -0.233042232476558E+005  0.109707346973178E+001 
     50.08000000 -0.233042232492975E+005  0.109707182805435E+001 
     50.10000000 -0.233042232509385E+005  0.109707018702039E+001 
     50.12000000 -0.233042232525791E+005  0.109706854645975E+001 
     50.14000000 -0.233042232542198E+005  0.109706690578774E+001 
     50.16000000 -0.233042232558605E+005  0.109706526509097E+001 
     50.18000000 -0.233042232575004E+005  0.109706362514595E+001 
     50.20000000 -0.233042232591392E+005  0.109706198634555E+001 
     50.22000000 -0.233042232607774E+005  0.109706034814840E+001 
     50.24000000 -0.233042232624148E+005  0.109705871078652E+001 
     50.26000000 -0.233042232640515E+005  0.109705707400004E+001 
     50.28000000 -0.233042232656880E+005  0.109705543758169E+001 
     50.30000000 -0.233042232673244E+005  0.109705380118810E+001 
     50.32000000 -0.233042232689600E+005  0.109705216553077E+001 
     50.34000000 -0.233042232705957E+005  0.109705052984251E+001 
     50.36000000 -0.233042232722311E+005  0.109704889443577E+001 
     50.38000000 -0.233042232738666E+005  0.109704725892384E+001 
     50.40000000 -0.233042232755022E+005  0.109704562330364E+001 
     50.42000000 -0.233042232771378E+005  0.109704398778243E+001 
     50.44000000 -0.233042232787721E+005  0.109704235347700E+001 
     50.46000000 -0.233042232804052E+005  0.109704072035950E+001 
     50.48000000 -0.233042232820383E+005  0.109703908720488E+001 
     50.50000000 -0.233042232836713E+005  0.109703745423896E+001 
     50.52000000 -0.233042232853033E+005  0.109703582226609E+001 
     50.54000000 -0.233042232869337E+005  0.109703419183691E+001 
     50.56000000 -0.233042232885627E+005  0.109703256281840E+001 
     50.58000000 -0.233042232901918E+005  0.109703093374420E+001 
     50.60000000 -0.233042232918211E+005  0.109702930440705E+001 
     50.62000000 -0.233042232934505E+005  0.109702767502041E+001 
     50.64000000 -0.233042232950793E+005  0.109702604627104E+001 
     50.66000000 -0.233042232967077E+005  0.109702441788671E+001 
     50.68000000 -0.233042232983355E+005  0.109702279007469E+001 
     50.70000000 -0.233042232999622E+005  0.109702116339493E+001 
     50.72000000 -0.233042233015884E+005  0.109701953716992E+001 
     50.74000000 -0.233042233032149E+005  0.109701791067577E+001 
     50.76000000 -0.233042233048415E+005  0.109701628405168E+001 
     50.78000000 -0.233042233064679E+005  0.109701465769055E+001 
     50.80000000 -0.233042233080934E+005  0.109701303209663E+001 
     50.82000000 -0.233042233097175E+005  0.109701140801547E+001 
     50.84000000 -0.233042233113412E+005  0.109700978439216E+001 
     50.86000000 -0.233042233129656E+005  0.109700815997689E+001 
     50.88000000 -0.233042233145899E+005  0.109700653560493E+001 
     50.90000000 -0.233042233162134E+005  0.109700491217033E+001 
     50.92000000 -0.233042233178358E+005  0.109700328976279E+001 
     50.94000000 -0.233042233194577E+005  0.109700166789353E+001 
     50.96000000 -0.233042233210789E+005  0.109700004659968E+001 
     50.98000000 -0.233042233226998E+005  0.109699842571418E+001 
     51.00000000 -0.233042233243205E+005  0.109699680508855E+001 
     51.02000000 -0.233042233259397E+005  0.109699518587049E+001 
     51.04000000 -0.233042233275577E+005  0.109699356782798E+001 
     51.06000000 -0.233042233291754E+005  0.109699195015053E+001 
     51.08000000 -0.233042233307931E+005  0.109699033246378E+001 
     51.10000000 -0.233042233324105E+005  0.109698871506475E+001 
     51.12000000 -0.233042233340273E+005  0.109698709825040E+001 
     51.14000000 -0.233042233356448E+005  0.109698548078639E+001 
     51.16000000 -0.233042233372630E+005  0.109698386255209E+001 
     51.18000000 -0.233042233388809E+005  0.109698224468902E+001 
     51.20000000 -0.233042233404980E+005  0.109698062752818E+001 
     51.22000000 -0.233042233421142E+005  0.109697901130780E+001 
     51.24000000 -0.233042233437304E+005  0.109697739516166E+001 
     51.26000000 -0.233042233453459E+005  0.109697577963424E+001 
     51.28000000 -0.233042233469611E+005  0.109697416441308E+001 
     51.30000000 -0.233042233485762E+005  0.109697254933422E+001 
     51.32000000 -0.233042233501910E+005  0.109697093456782E+001 
     51.34000000 -0.233042233518051E+005  0.109696932047891E+001 
     51.36000000 -0.233042233534187E+005  0.109696770687259E+001 
     51.38000000 -0.233042233550324E+005  0.109696609314872E+001 
     51.40000000 -0.233042233566458E+005  0.109696447970328E+001 
     51.42000000 -0.233042233582585E+005  0.109696286702194E+001 
     51.44000000 -0.233042233598707E+005  0.109696125479846E+001 
     51.46000000 -0.233042233614823E+005  0.109695964327412E+001 
     51.48000000 -0.233042233630928E+005  0.109695803271807E+001 
     51.50000000 -0.233042233647031E+005  0.109695642246210E+001 
     51.52000000 -0.233042233663135E+005  0.109695481207620E+001 
     51.54000000 -0.233042233679239E+005  0.109695320162225E+001 
     51.56000000 -0.233042233695343E+005  0.109695159125800E+001 
     51.58000000 -0.233042233711442E+005  0.109694998137017E+001 
     51.60000000 -0.233042233727533E+005  0.109694837229285E+001 
     51.62000000 -0.233042233743623E+005  0.109694676325575E+001 
     51.64000000 -0.233042233759707E+005  0.109694515482190E+001 
     51.66000000 -0.233042233775785E+005  0.109694354707482E+001 
     51.68000000 -0.233042233791854E+005  0.109694194012279E+001 
     51.70000000 -0.233042233807921E+005  0.109694033348630E+001 
     51.72000000 -0.233042233823982E+005  0.109693872730148E+001 
     51.74000000 -0.233042233840035E+005  0.109693712200142E+001 
     51.76000000 -0.233042233856075E+005  0.109693551802541E+001 
     51.78000000 -0.233042233872106E+005  0.109693391493416E+001 
     51.80000000 -0.233042233888134E+005  0.109693231215846E+001 
     51.82000000 -0.233042233904160E+005  0.109693070950031E+001 
     51.84000000 -0.233042233920188E+005  0.109692910678648E+001 
     51.86000000 -0.233042233936214E+005  0.109692750415308E+001 
     51.88000000 -0.233042233952232E+005  0.109692590236732E+001 
     51.90000000 -0.233042233968244E+005  0.109692430111366E+001 
     51.92000000 -0.233042233984259E+005  0.109692269961870E+001 
     51.94000000 -0.233042234000273E+005  0.109692109828460E+001 
     51.96000000 -0.233042234016284E+005  0.109691949717324E+001 
     51.98000000 -0.233042234032289E+005  0.109691789668060E+001 
     52.00000000 -0.233042234048281E+005  0.109691629742230E+001 
     52.02000000 -0.233042234064270E+005  0.109691469857543E+001 
     52.04000000 -0.233042234080264E+005  0.109691309917482E+001 
     52.06000000 -0.233042234096258E+005  0.109691149970306E+001 
     52.08000000 -0.233042234112240E+005  0.109690990153369E+001 
     52.10000000 -0.233042234128210E+005  0.109690830458629E+001 
     52.12000000 -0.233042234144175E+005  0.109690670803796E+001 
     52.14000000 -0.233042234160143E+005  0.109690511127617E+001 
     52.16000000 -0.233042234176117E+005  0.109690351380595E+001 
     52.18000000 -0.233042234192092E+005  0.109690191631098E+001 
     52.20000000 -0.233042234208058E+005  0.109690031969768E+001 
     52.22000000 -0.233042234224013E+005  0.109689872421044E+001 
     52.24000000 -0.233042234239962E+005  0.109689712932955E+001 
     52.26000000 -0.233042234255910E+005  0.109689553459405E+001 
     52.28000000 -0.233042234271855E+005  0.109689394009676E+001 
     52.30000000 -0.233042234287797E+005  0.109689234585005E+001 
     52.32000000 -0.233042234303737E+005  0.109689075183845E+001 
     52.34000000 -0.233042234319667E+005  0.109688915882916E+001 
     52.36000000 -0.233042234335588E+005  0.109688756673868E+001 
     52.38000000 -0.233042234351503E+005  0.109688597522978E+001 
     52.40000000 -0.233042234367413E+005  0.109688438429010E+001 
     52.42000000 -0.233042234383315E+005  0.109688279401244E+001 
     52.44000000 -0.233042234399214E+005  0.109688120409983E+001 
     52.46000000 -0.233042234415112E+005  0.109687961435737E+001 
     52.48000000 -0.233042234431009E+005  0.109687802463346E+001 
     52.50000000 -0.233042234446899E+005  0.109687643561489E+001 
     52.52000000 -0.233042234462785E+005  0.109687484704799E+001 
     52.54000000 -0.233042234478665E+005  0.109687325904102E+001 
     52.56000000 -0.233042234494538E+005  0.109687167174248E+001 
     52.58000000 -0.233042234510409E+005  0.109687008463574E+001 
     52.60000000 -0.233042234526277E+005  0.109686849786002E+001 
     52.62000000 -0.233042234542137E+005  0.109686691182056E+001 
     52.64000000 -0.233042234557999E+005  0.109686532566974E+001 
     52.66000000 -0.233042234573860E+005  0.109686373955604E+001 
     52.68000000 -0.233042234589716E+005  0.109686215398681E+001 
     52.70000000 -0.233042234605566E+005  0.109686056897442E+001 
     52.72000000 -0.233042234621412E+005  0.109685898433945E+001 
     52.74000000 -0.233042234637253E+005  0.109685740020254E+001 
     52.76000000 -0.233042234653092E+005  0.109685581633169E+001 
     52.78000000 -0.233042234668927E+005  0.109685423285681E+001 
     52.80000000 -0.233042234684759E+005  0.109685264966654E+001 
     52.82000000 -0.233042234700593E+005  0.109685106626281E+001 
     52.84000000 -0.233042234716422E+005  0.109684948332621E+001 
     52.86000000 -0.233042234732243E+005  0.109684790122797E+001 
     52.88000000 -0.233042234748055E+005  0.109684632007327E+001 
     52.90000000 -0.233042234763855E+005  0.109684474002608E+001 
     52.92000000 -0.233042234779653E+005  0.109684316023255E+001 
     52.94000000 -0.233042234795459E+005  0.109684157960686E+001 
     52.96000000 -0.233042234811264E+005  0.109683999918534E+001 
     52.98000000 -0.233042234827059E+005  0.109683841960527E+001 
     53.00000000 -0.233042234842846E+005  0.109683684094709E+001 
     53.02000000 -0.233042234858631E+005  0.109683526246834E+001 
     53.04000000 -0.233042234874416E+005  0.109683368399577E+001 
     53.06000000 -0.233042234890193E+005  0.109683210623472E+001 
     53.08000000 -0.233042234905965E+005  0.109683052908002E+001 
     53.10000000 -0.233042234921733E+005  0.109682895228417E+001 
     53.12000000 -0.233042234937501E+005  0.109682737541408E+001 
     53.14000000 -0.233042234953272E+005  0.109682579830887E+001 
     53.16000000 -0.233042234969039E+005  0.109682422162439E+001 
     53.18000000 -0.233042234984802E+005  0.109682264538229E+001 
     53.20000000 -0.233042235000558E+005  0.109682106975272E+001 
     53.22000000 -0.233042235016309E+005  0.109681949461194E+001 
     53.24000000 -0.233042235032058E+005  0.109681791970627E+001 
     53.26000000 -0.233042235047801E+005  0.109681634543478E+001 
     53.28000000 -0.233042235063530E+005  0.109681477252755E+001 
     53.30000000 -0.233042235079254E+005  0.109681320012768E+001 
     53.32000000 -0.233042235094978E+005  0.109681162778039E+001 
     53.34000000 -0.233042235110696E+005  0.109681005593426E+001 
     53.36000000 -0.233042235126411E+005  0.109680848446246E+001 
     53.38000000 -0.233042235142128E+005  0.109680691273389E+001 
     53.40000000 -0.233042235157847E+005  0.109680534089086E+001 
     53.42000000 -0.233042235173562E+005  0.109680376934790E+001 
     53.44000000 -0.233042235189269E+005  0.109680219866496E+001 
     53.46000000 -0.233042235204966E+005  0.109680062890700E+001 
     53.48000000 -0.233042235220658E+005  0.109679905975847E+001 
     53.50000000 -0.233042235236348E+005  0.109679749075534E+001 
     53.52000000 -0.233042235252040E+005  0.109679592157588E+001 
     53.54000000 -0.233042235267730E+005  0.109679435259440E+001 
     53.56000000 -0.233042235283410E+005  0.109679278451006E+001 
     53.58000000 -0.233042235299082E+005  0.109679121734452E+001 
     53.60000000 -0.233042235314749E+005  0.109678965068632E+001 
     53.62000000 -0.233042235330413E+005  0.109678808420136E+001 
     53.64000000 -0.233042235346074E+005  0.109678651817735E+001 
     53.66000000 -0.233042235361734E+005  0.109678495219664E+001 
     53.68000000 -0.233042235377388E+005  0.109678338673875E+001 
     53.70000000 -0.233042235393028E+005  0.109678182272556E+001 
     53.72000000 -0.233042235408657E+005  0.109678025986936E+001 
     53.74000000 -0.233042235424287E+005  0.109677869684302E+001 
     53.76000000 -0.233042235439925E+005  0.109677713306804E+001 
     53.78000000 -0.233042235455561E+005  0.109677556940133E+001 
     53.80000000 -0.233042235471188E+005  0.109677400672765E+001 
     53.82000000 -0.233042235486807E+005  0.109677244485212E+001 
     53.84000000 -0.233042235502419E+005  0.109677088366028E+001 
     53.86000000 -0.233042235518034E+005  0.109676932214669E+001 
     53.88000000 -0.233042235533654E+005  0.109676776015670E+001 
     53.90000000 -0.233042235549266E+005  0.109676619890298E+001 
     53.92000000 -0.233042235564870E+005  0.109676463859280E+001 
     53.94000000 -0.233042235580467E+005  0.109676307879925E+001 
     53.96000000 -0.233042235596065E+005  0.109676151905519E+001 
     53.98000000 -0.233042235611662E+005  0.109675995935754E+001 
     54.00000000 -0.233042235627259E+005  0.109675839965370E+001 
     54.02000000 -0.233042235642858E+005  0.109675683979209E+001 
     54.04000000 -0.233042235658453E+005  0.109675528025840E+001 
     54.06000000 -0.233042235674038E+005  0.109675372174249E+001 
     54.08000000 -0.233042235689617E+005  0.109675216387933E+001 
     54.10000000 -0.233042235705190E+005  0.109675060657610E+001 
     54.12000000 -0.233042235720757E+005  0.109674904986685E+001 
     54.14000000 -0.233042235736322E+005  0.109674749330917E+001 
     54.16000000 -0.233042235751887E+005  0.109674593680100E+001 
     54.18000000 -0.233042235767444E+005  0.109674438118996E+001 
     54.20000000 -0.233042235782990E+005  0.109674282655959E+001 
     54.22000000 -0.233042235798528E+005  0.109674127274592E+001 
     54.24000000 -0.233042235814064E+005  0.109673971912405E+001 
     54.26000000 -0.233042235829595E+005  0.109673816604046E+001 
     54.28000000 -0.233042235845121E+005  0.109673661349516E+001 
     54.30000000 -0.233042235860646E+005  0.109673506091892E+001 
     54.32000000 -0.233042235876168E+005  0.109673350875722E+001 
     54.34000000 -0.233042235891685E+005  0.109673195699768E+001 
     54.36000000 -0.233042235907201E+005  0.109673040546089E+001 
     54.38000000 -0.233042235922710E+005  0.109672885454280E+001 
     54.40000000 -0.233042235938212E+005  0.109672730438884E+001 
     54.42000000 -0.233042235953713E+005  0.109672575422868E+001 
     54.44000000 -0.233042235969218E+005  0.109672420373442E+001 
     54.46000000 -0.233042235984718E+005  0.109672265376297E+001 
     54.48000000 -0.233042236000214E+005  0.109672110419059E+001 
     54.50000000 -0.233042236015703E+005  0.109671955523074E+001 
     54.52000000 -0.233042236031182E+005  0.109671800737530E+001 
     54.54000000 -0.233042236046659E+005  0.109671645967144E+001 
     54.56000000 -0.233042236062132E+005  0.109671491236975E+001 
     54.58000000 -0.233042236077600E+005  0.109671336555066E+001 
     54.60000000 -0.233042236093064E+005  0.109671181911517E+001 
     54.62000000 -0.233042236108527E+005  0.109671027283436E+001 
     54.64000000 -0.233042236123987E+005  0.109670872683815E+001 
     54.66000000 -0.233042236139450E+005  0.109670718056662E+001 
     54.68000000 -0.233042236154908E+005  0.109670563476531E+001 
     54.70000000 -0.233042236170367E+005  0.109670408888048E+001 
     54.72000000 -0.233042236185827E+005  0.109670254288428E+001 
     54.74000000 -0.233042236201278E+005  0.109670099778831E+001 
     54.76000000 -0.233042236216724E+005  0.109669945316875E+001 
     54.78000000 -0.233042236232167E+005  0.109669790881523E+001 
     54.80000000 -0.233042236247600E+005  0.109669636550735E+001 
     54.82000000 -0.233042236263029E+005  0.109669482262638E+001 
     54.84000000 -0.233042236278458E+005  0.109669327971756E+001 
     54.86000000 -0.233042236293881E+005  0.109669173739962E+001 
     54.88000000 -0.233042236309303E+005  0.109669019521780E+001 
     54.90000000 -0.233042236324723E+005  0.109668865322468E+001 
     54.92000000 -0.233042236340133E+005  0.109668711226173E+001 
     54.94000000 -0.233042236355528E+005  0.109668557274966E+001 
     54.96000000 -0.233042236370923E+005  0.109668403321903E+001 
     54.98000000 -0.233042236386319E+005  0.109668249366366E+001 
     55.00000000 -0.233042236401715E+005  0.109668095405878E+001 
     55.02000000 -0.233042236417110E+005  0.109667941450650E+001 
     55.04000000 -0.233042236432500E+005  0.109667787557912E+001 
     55.06000000 -0.233042236447887E+005  0.109667633686829E+001 
     55.08000000 -0.233042236463273E+005  0.109667479821624E+001 
     55.10000000 -0.233042236478656E+005  0.109667325992923E+001 
     55.12000000 -0.233042236494031E+005  0.109667172239705E+001 
     55.14000000 -0.233042236509393E+005  0.109667018624770E+001 
     55.16000000 -0.233042236524749E+005  0.109666865060879E+001 
     55.18000000 -0.233042236540106E+005  0.109666711499463E+001 
     55.20000000 -0.233042236555461E+005  0.109666557942997E+001 
     55.22000000 -0.233042236570817E+005  0.109666404383437E+001 
     55.24000000 -0.233042236586171E+005  0.109666250844913E+001 
     55.26000000 -0.233042236601520E+005  0.109666097354031E+001 
     55.28000000 -0.233042236616867E+005  0.109665943882328E+001 
     55.30000000 -0.233042236632209E+005  0.109665790465692E+001 
     55.32000000 -0.233042236647539E+005  0.109665637164136E+001 
     55.34000000 -0.233042236662858E+005  0.109665483977043E+001 
     55.36000000 -0.233042236678172E+005  0.109665330833259E+001 
     55.38000000 -0.233042236693491E+005  0.109665177643073E+001 
     55.40000000 -0.233042236708809E+005  0.109665024462166E+001 
     55.42000000 -0.233042236724125E+005  0.109664871307246E+001 
     55.44000000 -0.233042236739439E+005  0.109664718161607E+001 
     55.46000000 -0.233042236754747E+005  0.109664565081242E+001 
     55.48000000 -0.233042236770046E+005  0.109664412096778E+001 
     55.50000000 -0.233042236785339E+005  0.109664259165833E+001 
     55.52000000 -0.233042236800630E+005  0.109664106256542E+001 
     55.54000000 -0.233042236815916E+005  0.109663953397987E+001 
     55.56000000 -0.233042236831193E+005  0.109663800623577E+001 
     55.58000000 -0.233042236846466E+005  0.109663647895570E+001 
     55.60000000 -0.233042236861740E+005  0.109663495159520E+001 
     55.62000000 -0.233042236877010E+005  0.109663342458737E+001 
     55.64000000 -0.233042236892274E+005  0.109663189810545E+001 
     55.66000000 -0.233042236907535E+005  0.109663037202878E+001 
     55.68000000 -0.233042236922794E+005  0.109662884613464E+001 
     55.70000000 -0.233042236938054E+005  0.109662732018790E+001 
     55.72000000 -0.233042236953307E+005  0.109662579484442E+001 
     55.74000000 -0.233042236968557E+005  0.109662426987525E+001 
     55.76000000 -0.233042236983805E+005  0.109662274505149E+001 
     55.78000000 -0.233042236999053E+005  0.109662122027412E+001 
     55.80000000 -0.233042237014297E+005  0.109661969581540E+001 
     55.82000000 -0.233042237029535E+005  0.109661817204345E+001 
     55.84000000 -0.233042237044764E+005  0.109661664915007E+001 
     55.86000000 -0.233042237059994E+005  0.109661512619483E+001 
     55.88000000 -0.233042237075220E+005  0.109661360354894E+001 
     55.90000000 -0.233042237090443E+005  0.109661208126191E+001 
     55.92000000 -0.233042237105673E+005  0.109661055828191E+001 
     55.94000000 -0.233042237120898E+005  0.109660903577214E+001 
     55.96000000 -0.233042237136109E+005  0.109660751460189E+001 
     55.98000000 -0.233042237151317E+005  0.109660599384617E+001 
     56.00000000 -0.233042237166520E+005  0.109660447350500E+001 
     56.02000000 -0.233042237181719E+005  0.109660295366498E+001 
     56.04000000 -0.233042237196911E+005  0.109660143447153E+001 
     56.06000000 -0.233042237212094E+005  0.109659991616902E+001 
     56.08000000 -0.233042237227271E+005  0.109659839847285E+001 
     56.10000000 -0.233042237242445E+005  0.109659688106748E+001 
     56.12000000 -0.233042237257611E+005  0.109659536441695E+001 
     56.14000000 -0.233042237272771E+005  0.109659384839750E+001 
     56.16000000 -0.233042237287925E+005  0.109659233300914E+001 
     56.18000000 -0.233042237303078E+005  0.109659081778783E+001 
     56.20000000 -0.233042237318234E+005  0.109658930217055E+001 
     56.22000000 -0.233042237333395E+005  0.109658778600570E+001 
     56.24000000 -0.233042237348555E+005  0.109658627007906E+001 
     56.26000000 -0.233042237363710E+005  0.109658475458862E+001 
     56.28000000 -0.233042237378864E+005  0.109658323918170E+001 
     56.30000000 -0.233042237394011E+005  0.109658172448630E+001 
     56.32000000 -0.233042237409151E+005  0.109658021039724E+001 
     56.34000000 -0.233042237424295E+005  0.109657869608545E+001 
     56.36000000 -0.233042237439438E+005  0.109657718173034E+001 
     56.38000000 -0.233042237454577E+005  0.109657566787021E+001 
     56.40000000 -0.233042237469709E+005  0.109657415464117E+001 
     56.42000000 -0.233042237484824E+005  0.109657264311359E+001 
     56.44000000 -0.233042237499925E+005  0.109657113304619E+001 
     56.46000000 -0.233042237515029E+005  0.109656962259827E+001 
     56.48000000 -0.233042237530143E+005  0.109656811124703E+001 
     56.50000000 -0.233042237545255E+005  0.109656660007521E+001 
     56.52000000 -0.233042237560364E+005  0.109656508915707E+001 
     56.54000000 -0.233042237575469E+005  0.109656357864419E+001 
     56.56000000 -0.233042237590564E+005  0.109656206916456E+001 
     56.58000000 -0.233042237605648E+005  0.109656056074294E+001 
     56.60000000 -0.233042237620725E+005  0.109655905303593E+001 
     56.62000000 -0.233042237635806E+005  0.109655754494532E+001 
     56.64000000 -0.233042237650891E+005  0.109655603644326E+001 
     56.66000000 -0.233042237665962E+005  0.109655452931475E+001 
     56.68000000 -0.233042237681028E+005  0.109655302278640E+001 
     56.70000000 -0.233042237696096E+005  0.109655151589609E+001 
     56.72000000 -0.233042237711174E+005  0.109655000817052E+001 
     56.74000000 -0.233042237726253E+005  0.109654850021912E+001 
     56.76000000 -0.233042237741329E+005  0.109654699268226E+001 
     56.78000000 -0.233042237756393E+005  0.109654548621577E+001 
     56.80000000 -0.233042237771442E+005  0.109654398132083E+001 
     56.82000000 -0.233042237786481E+005  0.109654247745604E+001 
     56.84000000 -0.233042237801519E+005  0.109654097361291E+001 
     56.86000000 -0.233042237816562E+005  0.109653946939545E+001 
     56.88000000 -0.233042237831601E+005  0.109653796545023E+001 
     56.90000000 -0.233042237846636E+005  0.109653646191337E+001 
     56.92000000 -0.233042237861666E+005  0.109653495897974E+001 
     56.94000000 -0.233042237876695E+005  0.109653345605850E+001 
     56.96000000 -0.233042237891723E+005  0.109653195328574E+001 
     56.98000000 -0.233042237906746E+005  0.109653045095228E+001 
     57.00000000 -0.233042237921770E+005  0.109652894854457E+001 
     57.02000000 -0.233042237936793E+005  0.109652744624822E+001 
     57.04000000 -0.233042237951814E+005  0.109652594412512E+001 
     57.06000000 -0.233042237966828E+005  0.109652444270116E+001 
     57.08000000 -0.233042237981831E+005  0.109652294241255E+001 
     57.10000000 -0.233042237996828E+005  0.109652144271790E+001 
     57.12000000 -0.233042238011825E+005  0.109651994305110E+001 
     57.14000000 -0.233042238026823E+005  0.109651844323581E+001 
     57.16000000 -0.233042238041819E+005  0.109651694361850E+001 
     57.18000000 -0.233042238056810E+005  0.109651544454566E+001 
     57.20000000 -0.233042238071794E+005  0.109651394612557E+001 
     57.22000000 -0.233042238086777E+005  0.109651244780138E+001 
     57.24000000 -0.233042238101758E+005  0.109651094971230E+001 
     57.26000000 -0.233042238116735E+005  0.109650945202538E+001 
     57.28000000 -0.233042238131705E+005  0.109650795508402E+001 
     57.30000000 -0.233042238146668E+005  0.109650645874590E+001 
     57.32000000 -0.233042238161625E+005  0.109650496302032E+001 
     57.34000000 -0.233042238176574E+005  0.109650346812381E+001 
     57.36000000 -0.233042238191515E+005  0.109650197405638E+001 
     57.38000000 -0.233042238206453E+005  0.109650048019931E+001 
     57.40000000 -0.233042238221390E+005  0.109649898653404E+001 
     57.42000000 -0.233042238236330E+005  0.109649749258417E+001 
     57.44000000 -0.233042238251275E+005  0.109649599808983E+001 
     57.46000000 -0.233042238266221E+005  0.109649450341605E+001 
     57.48000000 -0.233042238281160E+005  0.109649300954971E+001 
     57.50000000 -0.233042238296081E+005  0.109649151741576E+001 
     57.52000000 -0.233042238310993E+005  0.109649002623464E+001 
     57.54000000 -0.233042238325902E+005  0.109648853533812E+001 
     57.56000000 -0.233042238340806E+005  0.109648704495823E+001 
     57.58000000 -0.233042238355712E+005  0.109648555435561E+001 
     57.60000000 -0.233042238370632E+005  0.109648406233922E+001 
     57.62000000 -0.233042238385554E+005  0.109648257010009E+001 
     57.64000000 -0.233042238400465E+005  0.109648107909221E+001 
     57.66000000 -0.233042238415361E+005  0.109647958944550E+001 
     57.68000000 -0.233042238430248E+005  0.109647810070521E+001 
     57.70000000 -0.233042238445128E+005  0.109647661277234E+001 
     57.72000000 -0.233042238460010E+005  0.109647512452083E+001 
     57.74000000 -0.233042238474899E+005  0.109647363566917E+001 
     57.76000000 -0.233042238489788E+005  0.109647214678967E+001 
     57.78000000 -0.233042238504668E+005  0.109647065871449E+001 
     57.80000000 -0.233042238519540E+005  0.109646917153646E+001 
     57.82000000 -0.233042238534404E+005  0.109646768515966E+001 
     57.84000000 -0.233042238549269E+005  0.109646619864055E+001 
     57.86000000 -0.233042238564135E+005  0.109646471207814E+001 
     57.88000000 -0.233042238578996E+005  0.109646322598595E+001 
     57.90000000 -0.233042238593846E+005  0.109646174089917E+001 
     57.92000000 -0.233042238608698E+005  0.109646025570721E+001 
     57.94000000 -0.233042238623555E+005  0.109645877003265E+001 
     57.96000000 -0.233042238638411E+005  0.109645728440140E+001 
     57.98000000 -0.233042238653268E+005  0.109645579873613E+001 
     58.00000000 -0.233042238668121E+005  0.109645431344517E+001 
     58.02000000 -0.233042238682963E+005  0.109645282928028E+001 
     58.04000000 -0.233042238697792E+005  0.109645134634354E+001 
     58.06000000 -0.233042238712615E+005  0.109644986405644E+001 
     58.08000000 -0.233042238727442E+005  0.109644838137647E+001 
     58.10000000 -0.233042238742271E+005  0.109644689846757E+001 
     58.12000000 -0.233042238757098E+005  0.109644541576284E+001 
     58.14000000 -0.233042238771920E+005  0.109644393357165E+001 
     58.16000000 -0.233042238786729E+005  0.109644245264573E+001 
     58.18000000 -0.233042238801531E+005  0.109644097248702E+001 
     58.20000000 -0.233042238816334E+005  0.109643949216744E+001 
     58.22000000 -0.233042238831138E+005  0.109643801173031E+001 
     58.24000000 -0.233042238845944E+005  0.109643653114468E+001 
     58.26000000 -0.233042238860747E+005  0.109643505082511E+001 
     58.28000000 -0.233042238875545E+005  0.109643357104381E+001 
     58.30000000 -0.233042238890333E+005  0.109643209222771E+001 
     58.32000000 -0.233042238905111E+005  0.109643061446343E+001 
     58.34000000 -0.233042238919886E+005  0.109642913696519E+001 
     58.36000000 -0.233042238934659E+005  0.109642765964329E+001 
     58.38000000 -0.233042238949428E+005  0.109642618272974E+001 
     58.40000000 -0.233042238964199E+005  0.109642470560274E+001 
     58.42000000 -0.233042238978964E+005  0.109642322913157E+001 
     58.44000000 -0.233042238993719E+005  0.109642175367509E+001 
     58.46000000 -0.233042239008471E+005  0.109642027843517E+001 
     58.48000000 -0.233042239023224E+005  0.109641880317359E+001 
     58.50000000 -0.233042239037977E+005  0.109641732785941E+001 
     58.52000000 -0.233042239052727E+005  0.109641585280820E+001 
     58.54000000 -0.233042239067467E+005  0.109641437887686E+001 
     58.56000000 -0.233042239082198E+005  0.109641290578078E+001 
     58.58000000 -0.233042239096926E+005  0.109641143295384E+001 
     58.60000000 -0.233042239111656E+005  0.109640995993201E+001 
     58.62000000 -0.233042239126385E+005  0.109640848707414E+001 
     58.64000000 -0.233042239141115E+005  0.109640701400591E+001 
     58.66000000 -0.233042239155846E+005  0.109640554089746E+001 
     58.68000000 -0.233042239170572E+005  0.109640406835513E+001 
     58.70000000 -0.233042239185288E+005  0.109640259674088E+001 
     58.72000000 -0.233042239199999E+005  0.109640112560922E+001 
     58.74000000 -0.233042239214705E+005  0.109639965504059E+001 
     58.76000000 -0.233042239229410E+005  0.109639818458334E+001 
     58.78000000 -0.233042239244111E+005  0.109639671446638E+001 
     58.80000000 -0.233042239258799E+005  0.109639524569202E+001 
     58.82000000 -0.233042239273480E+005  0.109639377753020E+001 
     58.84000000 -0.233042239288159E+005  0.109639230967774E+001 
     58.86000000 -0.233042239302836E+005  0.109639084192427E+001 
     58.88000000 -0.233042239317516E+005  0.109638937399137E+001 
     58.90000000 -0.233042239332199E+005  0.109638790566559E+001 
     58.92000000 -0.233042239346881E+005  0.109638643741405E+001 
     58.94000000 -0.233042239361550E+005  0.109638497053606E+001 
     58.96000000 -0.233042239376209E+005  0.109638350466658E+001 
     58.98000000 -0.233042239390869E+005  0.109638203868882E+001 
     59.00000000 -0.233042239405542E+005  0.109638057135298E+001 
     59.02000000 -0.233042239420221E+005  0.109637910346958E+001 
     59.04000000 -0.233042239434896E+005  0.109637763598216E+001 
     59.06000000 -0.233042239449559E+005  0.109637616964245E+001 
     59.08000000 -0.233042239464212E+005  0.109637470438859E+001 
     59.10000000 -0.233042239478861E+005  0.109637323945028E+001 
     59.12000000 -0.233042239493511E+005  0.109637177447484E+001 
     59.14000000 -0.233042239508158E+005  0.109637030978401E+001 
     59.16000000 -0.233042239522802E+005  0.109636884535304E+001 
     59.18000000 -0.233042239537446E+005  0.109636738090351E+001 
     59.20000000 -0.233042239552086E+005  0.109636591693039E+001 
     59.22000000 -0.233042239566725E+005  0.109636445302223E+001 
     59.24000000 -0.233042239581359E+005  0.109636298964617E+001 
     59.26000000 -0.233042239595990E+005  0.109636152658257E+001 
     59.28000000 -0.233042239610610E+005  0.109636006455530E+001 
     59.30000000 -0.233042239625220E+005  0.109635860357986E+001 
     59.32000000 -0.233042239639822E+005  0.109635714338709E+001 
     59.34000000 -0.233042239654421E+005  0.109635568345109E+001 
     59.36000000 -0.233042239669019E+005  0.109635422367595E+001 
     59.38000000 -0.233042239683612E+005  0.109635276431226E+001 
     59.40000000 -0.233042239698203E+005  0.109635130519915E+001 
     59.42000000 -0.233042239712791E+005  0.109634984645108E+001 
     59.44000000 -0.233042239727382E+005  0.109634838739365E+001 
     59.46000000 -0.233042239741977E+005  0.109634692784125E+001 
     59.48000000 -0.233042239756573E+005  0.109634546828576E+001 
     59.50000000 -0.233042239771155E+005  0.109634401001100E+001 
     59.52000000 -0.233042239785732E+005  0.109634255239209E+001 
     59.54000000 -0.233042239800306E+005  0.109634109495879E+001 
     59.56000000 -0.233042239814881E+005  0.109633963741103E+001 
     59.58000000 -0.233042239829458E+005  0.109633817978283E+001 
     59.60000000 -0.233042239844033E+005  0.109633672226910E+001 
     59.62000000 -0.233042239858601E+005  0.109633526539883E+001 
     59.64000000 -0.233042239873163E+005  0.109633380920915E+001 
     59.66000000 -0.233042239887727E+005  0.109633235287097E+001 
     59.68000000 -0.233042239902288E+005  0.109633089670295E+001 
     59.70000000 -0.233042239916841E+005  0.109632944141040E+001 
     59.72000000 -0.233042239931381E+005  0.109632798741097E+001 
     59.74000000 -0.233042239945914E+005  0.109632653411688E+001 
     59.76000000 -0.233042239960445E+005  0.109632508105480E+001 
     59.78000000 -0.233042239974978E+005  0.109632362779474E+001 
     59.80000000 -0.233042239989512E+005  0.109632217436762E+001 
     59.82000000 -0.233042240004048E+005  0.109632072077344E+001 
     59.84000000 -0.233042240018583E+005  0.109631926726280E+001 
     59.86000000 -0.233042240033112E+005  0.109631781434303E+001 
     59.88000000 -0.233042240047637E+005  0.109631636189039E+001 
     59.90000000 -0.233042240062159E+005  0.109631490961717E+001 
     59.92000000 -0.233042240076673E+005  0.109631345824109E+001 
     59.94000000 -0.233042240091177E+005  0.109631200786115E+001 
     59.96000000 -0.233042240105670E+005  0.109631055850208E+001 
     59.98000000 -0.233042240120159E+005  0.109630910960705E+001 
     60.00000000 -0.233042240134653E+005  0.109630766026655E+001 
