# Units: Time [fs], Current Jm [1/fs*Angstrom^2], Electric field El_f[V/Angstrom], Energy En[eV]
time,El_f_pump_z,El_f_probe_x,Jm_both_z,Jm_pump_z,Jm_probe_z,Jm_both_y,Jm_pump_y,Jm_probe_y,Jm_both_x,Jm_pump_x,Jm_probe_x,En_both_z,En_pump_z,En_probe_z,En_both_x,En_pump_x,En_probe_x
0.002,0.0,9.465817772532391e-07,6.73466979505719e-11,6.71329535017246e-11,6.73466979505719e-11,6.08103757492412e-11,6.035126620380461e-11,6.08103757492412e-11,-6.38416461319963e-09,6.12650449580885e-11,-6.38416461319963e-09,-0.0,-0.0,-0.0,0.0,-0.0,0.0
0.022,0.0,2.6874059870021698e-05,-2.5764196608844502e-11,-1.15927731300037e-10,-2.5764196608844502e-11,1.02729962506805e-11,-1.40515915626989e-10,1.02729962506805e-11,-9.16465715718775e-07,1.29017786549924e-10,-9.16465715718775e-07,-0.0,-0.0,-0.0,2.362599591558986e-11,-4.8516442594342796e-15,2.362599591558986e-11
0.042,0.0,6.63365273484074e-05,9.37030551520714e-10,-9.58087339425268e-11,9.37030551520714e-10,4.63502920633224e-10,-1.43464433828614e-10,4.63502920633224e-10,-3.84475933781454e-06,9.33232201360471e-11,-3.84475933781454e-06,-0.0,-0.0,-0.0,4.1049090684187004e-10,-2.1867308678576075e-14,4.1049090684187004e-10
0.062,0.0,0.000119323297914122,4.94273964086299e-09,-1.09372456148984e-10,4.94273964086299e-09,1.47222998275318e-09,-1.640550691173e-10,1.47222998275318e-09,-9.44562464528257e-06,1.19880072098216e-10,-9.44562464528257e-06,-0.0,-0.0,-0.0,2.5101593287292046e-09,-5.3478918024051626e-14,2.5101593287292046e-09
0.082,0.0,0.00018582001017773602,1.53402598647802e-08,-1.21792910873935e-10,1.53402598647802e-08,5.318776693215539e-09,-9.91506136448235e-11,5.318776693215539e-09,-1.83077161558643e-05,1.16262988682957e-10,-1.83077161558643e-05,-0.0,-0.0,-0.0,9.623536021568925e-09,-1.0976813105871941e-13,9.623536021568925e-09
0.102,0.0,0.000265808631207581,3.65288517805752e-08,-1.1129459329401201e-10,3.65288517805752e-08,1.5264166935413798e-08,1.0893129023859801e-11,1.5264166935413798e-08,-3.09213137266978e-05,8.53993165254795e-11,-3.09213137266978e-05,-0.0,-0.0,-0.0,2.8144243679913504e-08,-1.8036562032407628e-13,2.8144243679913504e-08
0.122,0.0,0.000359267460985997,7.33918995955404e-08,-9.06155876214061e-11,7.33918995955404e-08,3.49018995945944e-08,1.29697922138289e-10,3.49018995945944e-08,-4.76800927184185e-05,5.6307363902638096e-11,-4.76800927184185e-05,-0.0,-0.0,-0.0,6.88325495358282e-08,-2.484149115367552e-13,6.88325495358282e-08
0.142,0.0,0.00046617113777348894,1.30766933347942e-07,-7.28457152273986e-11,1.30766933347942e-07,6.83220386160334e-08,2.95216414802879e-10,6.83220386160334e-08,-6.89005003145291e-05,2.78932656865009e-11,-6.89005003145291e-05,-0.0,-0.0,-0.0,1.4817543619938444e-07,-3.019859151964333e-13,1.4817543619938444e-07
0.162,0.0,0.000586490644377564,2.1265933870287102e-07,-6.48906295971919e-11,2.1265933870287102e-07,1.1976826037756902e-07,3.4984493922875203e-10,1.1976826037756902e-07,-9.483138723306469e-05,-3.6818721124275796e-11,-9.483138723306469e-05,-0.0,-0.0,-0.0,2.8979867194581103e-07,-2.937798844846058e-13,2.8979867194581103e-07
0.182,0.0,0.0007201933153250019,3.21883615808411e-07,-6.497969258706829e-11,3.21883615808411e-07,1.9358733498771998e-07,3.7554682556762796e-10,1.9358733498771998e-07,-0.00012566197304681,-7.72407155647597e-11,-0.00012566197304681,-0.0,-0.0,-0.0,5.258948413930188e-07,-1.6029154313189928e-13,5.258948413930188e-07
0.202,0.0,0.000867242844935908,4.596095593272779e-07,-7.737223310996921e-11,4.596095593272779e-07,2.93731501297131e-07,3.46761729954164e-10,2.93731501297131e-07,-0.00016153186347193,-1.31564387272117e-10,-0.00016153186347193,-0.0,-0.0,-0.0,8.986467738934476e-07,1.1246681322026986e-13,8.986467738934476e-07
0.222,0.0,0.00102759929630124,6.248126435948671e-07,-4.77503916541657e-11,6.248126435948671e-07,4.2403536502078703e-07,2.469603453347e-10,4.2403536502078703e-07,-0.000202533134239927,-1.61607717900981e-10,-0.000202533134239927,-0.0,-0.0,-0.0,1.4616212004204938e-06,5.668468417806585e-13,1.4616212004204938e-06
0.242,0.0,0.00120121911115253,8.14205101984582e-07,-2.2499381175791103e-11,8.14205101984582e-07,5.88064296041293e-07,1.6300414281654098e-10,5.88064296041293e-07,-0.000248709680903463,-1.49383805007678e-10,-0.000248709680903463,-0.0,-0.0,-0.0,2.2810939806750758e-06,1.1222244612390809e-12,2.2810939806750758e-06
0.262,0.0,0.00138805512063266,1.0225413784092399e-06,-8.142235134499301e-12,1.0225413784092399e-06,7.8856886858981e-07,5.90680112194643e-11,7.8856886858981e-07,-0.000300059248511603,-1.1709442050411e-10,-0.000300059248511603,-0.0,-0.0,-0.0,3.4372787157389237e-06,1.6925920417254033e-12,3.4372787157389237e-06
0.282,0.0,0.00158805655695434,1.24253146626628e-06,2.56216282832429e-11,1.24253146626628e-06,1.02785127527771e-06,-1.92247648824787e-11,1.02785127527771e-06,-0.000356536720281698,-5.1560598718081704e-11,-0.000356536720281698,-0.0,-0.0,-0.0,5.025440228218057e-06,2.0805357377863627e-12,5.025440228218057e-06
0.302,0.0,0.0018011690659556,1.4649823507015301e-06,8.661270051702142e-11,1.4649823507015301e-06,1.30769136916747e-06,-2.27017440572755e-11,1.30769136916747e-06,-0.000418057566055617,3.1591815096479004e-11,-0.000418057566055617,-0.0,-0.0,-0.0,7.1568762396651436e-06,2.105893205925281e-12,7.1568762396651436e-06
0.322,0.0,0.0020273347205339,1.6790325107174601e-06,7.32128877499341e-11,1.6790325107174601e-06,1.6290328641980301e-06,8.95699111829781e-14,1.6290328641980301e-06,-0.00048450194558122695,9.27307855833928e-11,-0.00048450194558122695,-0.0,-0.0,-0.0,9.959754821286302e-06,1.7080323839878076e-12,9.959754821286302e-06
0.342,0.0,0.00226649203496987,1.87265732478194e-06,9.94228696936606e-11,1.87265732478194e-06,1.99228279527131e-06,4.58810276324259e-11,1.99228279527131e-06,-0.000555719364065642,1.56514264755725e-10,-0.000555719364065642,-0.0,-0.0,-0.0,1.3579803048899337e-05,8.104228369345414e-13,1.3579803048899337e-05
0.362,0.0,0.0025185759801287897,2.0324633009121498e-06,1.0354286975016e-10,2.0324633009121498e-06,2.3973804435762797e-06,1.24301132881317e-10,2.3973804435762797e-06,-0.0006315334742633019,1.8920907443639602e-10,-0.0006315334742633019,-0.0,-0.0,-0.0,1.818084677056972e-05,-5.861582084288967e-13,1.818084677056972e-05
0.382,0.0,0.00278351799954218,2.14421314906352e-06,7.399426804011391e-11,2.14421314906352e-06,2.84377790653629e-06,1.64794638509491e-10,2.84377790653629e-06,-0.000711746732965331,1.6919775985044098e-10,-0.000711746732965331,-0.0,-0.0,-0.0,2.3945203473352586e-05,-2.15567078234904e-12,2.3945203473352586e-05
0.402,0.0,0.00306124602635054,2.1930045962704104e-06,3.27240771550789e-11,2.1930045962704104e-06,3.33070285702183e-06,1.91957045074134e-10,3.33070285702183e-06,-0.000796145608682056,1.34972907511649e-10,-0.000796145608682056,-0.0,-0.0,-0.0,3.107393806498036e-05,-3.5436751111158495e-12,3.107393806498036e-05
0.422,0.0,0.00335168450113299,2.16335996426347e-06,1.2750455030758401e-11,2.16335996426347e-06,3.85704027562741e-06,2.1053373089545002e-10,3.85704027562741e-06,-0.0008845052174771699,7.51396918693543e-11,-0.0008845052174771699,-0.0,-0.0,-0.0,3.978699516149893e-05,-4.649575653698315e-12,3.978699516149893e-05
0.442,0.0,0.00365475439058019,2.03933776802944e-06,-1.6847914901623e-11,2.03933776802944e-06,4.42124374788714e-06,1.66815985944252e-10,4.42124374788714e-06,-0.000976592200946986,8.50404926722301e-12,-0.000976592200946986,-0.0,-0.0,-0.0,5.03232101822278e-05,-4.996594610965107e-12,5.03232101822278e-05
0.462,0.0,0.0039703732070486,1.80481011372313e-06,-2.24309483477547e-11,1.80481011372313e-06,5.02158150975309e-06,1.05702580548842e-10,5.02158150975309e-06,-0.0010721680596551,-1.3222902380333698e-11,-0.0010721680596551,-0.0,-0.0,-0.0,6.294020339564046e-05,-4.937464211999675e-12,6.294020339564046e-05
0.482,0.0,0.00429845502894684,1.44348775826896e-06,2.7992406632365297e-12,1.44348775826896e-06,5.65616334981643e-06,5.0646065794746703e-11,5.65616334981643e-06,-0.0011709931012929599,-5.1104901155738795e-11,-0.0011709931012929599,-0.0,-0.0,-0.0,7.791418365645524e-05,-4.450209538203617e-12,7.791418365645524e-05
0.502,0.0,0.00463891052199105,9.390465678129308e-07,-1.11290614417152e-11,9.390465678129308e-07,6.32281126693733e-06,-2.01638098255527e-11,6.32281126693733e-06,-0.00127282903011596,-3.4185609434401303e-11,-0.00127282903011596,-0.0,-0.0,-0.0,9.553967305722158e-05,-3.826441900192009e-12,9.553967305722158e-05
0.522,0.0,0.00499164696128534,2.75464668458319e-07,1.82361403422794e-11,2.75464668458319e-07,7.01912266268548e-06,-3.74158567442518e-11,7.01912266268548e-06,-0.00137744073009994,-9.19490671288199e-12,-0.00137744073009994,-0.0,-0.0,-0.0,0.00011612915657139125,-3.51758824073497e-12,0.00011612915657139125
0.542,0.0,0.00535656825426631,-5.63171328791368e-07,3.70741694041539e-11,-5.63171328791368e-07,7.74239125430497e-06,-4.71449880026035e-11,7.74239125430497e-06,-0.0014845973255230198,2.41463577273956e-11,-0.0014845973255230198,-0.0,-0.0,-0.0,0.0001400126587666145,-3.688440249329502e-12,0.0001400126587666145
0.562,0.0,0.0057335749644626,-1.59236162307454e-06,1.4268308290499999e-11,-1.59236162307454e-06,8.48992746791131e-06,-8.45147902955889e-12,8.48992746791131e-06,-0.00159407315707756,8.551906751116641e-11,-0.00159407315707756,-0.0,-0.0,-0.0,0.00016753725479101803,-4.724384920672737e-12,0.00016753725479101803
0.582,0.0,0.00612256433606988,-2.82707122723254e-06,9.66807315947607e-14,-2.82707122723254e-06,9.25896434872401e-06,5.3393502743625394e-11,9.25896434872401e-06,-0.00170564851200471,1.00143895130934e-10,-0.00170564851200471,-0.0,-0.0,-0.0,0.00019906652168691255,-6.702012403477166e-12,0.00019906652168691255
0.602,0.0,0.00652343031938505,-4.28179081372927e-06,-7.853446073646109e-13,-4.28179081372927e-06,1.0046748796064e-05,1.02745272987531e-10,1.0046748796064e-05,-0.0018191102772468898,9.117636616803671e-11,-0.0018191102772468898,-0.0,-0.0,-0.0,0.0002349799383089266,-8.598467991677378e-12,0.0002349799383089266
0.622,0.0,0.00693606359703564,-5.9703899208485495e-06,-1.17686856253806e-11,-5.9703899208485495e-06,1.0850670179006699e-05,1.55265023098103e-10,1.0850670179006699e-05,-0.0019342532007029102,8.613519645826591e-11,-0.0019342532007029102,-0.0,-0.0,-0.0,0.0002756722479772983,-1.0510466989184412e-11,0.0002756722479772983
0.642,0.0,0.0073603516109928,-7.90595140657091e-06,-2.20826311639651e-11,-7.90595140657091e-06,1.16682441536748e-05,1.7726251373193698e-10,1.16682441536748e-05,-0.0020508808725409103,5.5456079518843604e-11,-0.0020508808725409103,-0.0,-0.0,-0.0,0.00032155280425162126,-1.2172059209852734e-11,0.00032155280425162126
0.662,0.0,0.007796178590437079,-1.01006761409289e-05,7.4798906103633e-14,-1.01006761409289e-05,1.2497270822449601e-05,1.41618732870044e-10,1.2497270822449601e-05,-0.00216880645629286,-6.905829121855e-12,-0.00216880645629286,-0.0,-0.0,-0.0,0.0003730449027554821,-1.2687453766091625e-11,0.0003730449027554821
0.682,0.0,0.008243425580369241,-1.25658590226225e-05,1.4931866745438303e-11,-1.25658590226225e-05,1.33359854622632e-05,1.0389981699595601e-10,1.33359854622632e-05,-0.00228785368205065,-4.26812688319706e-11,-0.00228785368205065,-0.0,-0.0,-0.0,0.00043058511499605726,-1.1844514940881256e-11,0.00043058511499605726
0.702,0.0,0.00870197047106352,-1.53117059862685e-05,5.90251929975369e-11,-1.53117059862685e-05,1.41828955369767e-05,3.62136702781027e-11,1.41828955369767e-05,-0.0024078579787598603,-4.71772075682409e-11,-0.0024078579787598603,-0.0,-0.0,-0.0,0.0004946226439620238,-1.0634100784570264e-11,0.0004946226439620238
0.722,0.0,0.009171688028245929,-1.8347515651095898e-05,7.26262181585375e-11,-1.8347515651095898e-05,1.50368678895544e-05,-2.4301369448747697e-11,1.50368678895544e-05,-0.00252866719543005,-8.779545699915991e-11,-0.00252866719543005,-0.0,-0.0,-0.0,0.000565618714820829,-8.485799677824675e-12,0.000565618714820829
0.742,0.0,0.00965244992407998,-2.16814091737101e-05,1.07212520943942e-10,-2.16814091737101e-05,1.58969645217169e-05,-9.18058185254942e-11,1.58969645217169e-05,-0.00265014172185444,-9.246198850480459e-11,-0.00265014172185444,-0.0,-0.0,-0.0,0.0006440459964623271,-5.687760524584983e-12,0.0006440459964623271
0.762,0.0,0.010144124768913,-2.53205031265892e-05,1.15243211662084e-10,-2.53205031265892e-05,1.67625506744415e-05,-1.2481510679560198e-10,1.67625506744415e-05,-0.00277215445330228,-5.505964422874739e-11,-0.00277215445330228,-0.0,-0.0,-0.0,0.0007303880592295568,-3.3310499944578382e-12,0.0007303880592295568
0.782,0.0,0.0106465781438024,-2.9270768705825105e-05,1.22660779810865e-10,-2.9270768705825105e-05,1.7633213808695604e-05,-1.1510517563713199e-10,1.7633213808695604e-05,-0.00289459022893989,-5.56227702172223e-11,-0.00289459022893989,-0.0,-0.0,-0.0,0.0008251388585013687,-1.766786218495257e-12,0.0008251388585013687
0.802,0.0,0.0111596726337187,-3.35371545781597e-05,1.27291378448211e-10,-3.35371545781597e-05,1.8508771127980104e-05,-9.53591014444498e-11,1.8508771127980104e-05,-0.00301734527388998,-4.90396137177198e-11,-0.00301734527388998,-0.0,-0.0,-0.0,0.0009288022455134604,2.1733336644278884e-13,0.0009288022455134604
0.822,0.0,0.0116832678615778,-3.81236626246806e-05,9.6355774765614e-11,-3.81236626246806e-05,1.9389324409701302e-05,-6.6734865285153e-11,1.9389324409701302e-05,-0.00314032709663826,1.3491718712433299e-11,-0.00314032709663826,-0.0,-0.0,-0.0,0.0010418915110653997,6.542434554312473e-13,0.0010418915110653997
0.842,0.0,0.0122172205229786,-4.30332806121158e-05,6.83551801961398e-11,-4.30332806121158e-05,2.02752135320918e-05,-1.5104663727967402e-11,2.02752135320918e-05,-0.00326345428060867,2.54728688103622e-11,-0.00326345428060867,-0.0,-0.0,-0.0,0.001164928981094398,-2.5110005097679185e-13,0.001164928981094398
0.862,0.0,0.0127613844216323,-4.8268076243441796e-05,5.254792201496779e-11,-4.8268076243441796e-05,2.1166958341613698e-05,1.39521000435386e-11,2.1166958341613698e-05,-0.00338665555092512,4.28008407850485e-11,-0.00338665555092512,-0.0,-0.0,-0.0,0.0012984456414026142,-1.6009101543378563e-12,0.0012984456414026142
0.882,0.0,0.0133156105055534,-5.38292579160641e-05,-2.26958156802543e-12,-5.38292579160641e-05,2.2065356526455104e-05,1.54579037994371e-11,2.2065356526455104e-05,-0.00350986945578507,8.64069490045227e-11,-0.00350986945578507,-0.0,-0.0,-0.0,0.0014429807951591206,-4.3575894819971906e-12,0.0014429807951591206
0.902,0.0,0.0138797469039353,-5.9717056228957204e-05,-3.61300427311177e-11,-5.9717056228957204e-05,2.2971479740460398e-05,1.09976726956334e-11,2.2971479740460398e-05,-0.00363304408684637,1.1168095566025099e-10,-0.00363304408684637,-0.0,-0.0,-0.0,0.0015990817678104242,-9.020157929968449e-12,0.0015990817678104242
0.922,0.0,0.014453638964718,-6.593088110398101e-05,-3.71847568243867e-11,-6.593088110398101e-05,2.38866878630326e-05,-2.12678408953195e-11,2.38866878630326e-05,-0.00375613651782864,1.0686501090482201e-10,-0.00375613651782864,-0.0,-0.0,-0.0,0.0017673036558928726,-1.3782695900975283e-11,0.0017673036558928726
0.942,0.0,0.0150371292928925,-7.246935322233291e-05,-4.94986252683459e-11,-7.246935322233291e-05,2.48127588754538e-05,-3.5817393706681e-11,2.48127588754538e-05,-0.0038791121852155,1.55000684272702e-10,-0.0038791121852155,-0.0,-0.0,-0.0,0.001948209105945359,-2.021781747181148e-11,0.001948209105945359
0.962,0.0,0.0156300577894193,-7.93302577989944e-05,-5.0280991309683396e-11,-7.93302577989944e-05,2.57517139893113e-05,-4.42013227527746e-11,2.57517139893113e-05,-0.00400194460139743,1.4249251994408099e-10,-0.00400194460139743,-0.0,-0.0,-0.0,0.002142368140376185,-2.73998529244922e-11,0.002142368140376185
0.982,0.0,0.0162322616908477,-8.65106527622634e-05,-6.5408840637158305e-12,-8.65106527622634e-05,2.67059172503893e-05,-2.27937779885414e-11,2.67059172503893e-05,-0.00412461430753149,1.40794117637656e-10,-0.00412461430753149,-0.0,-0.0,-0.0,0.002350358004440479,-3.480750940615121e-11,0.002350358004440479
1.002,0.0,0.0168435756096186,-9.4007040408652e-05,3.83586205067896e-12,-9.4007040408652e-05,2.76780044036961e-05,-1.05041187972435e-11,2.76780044036961e-05,-0.00424710847957128,1.09074719718889e-10,-0.00424710847957128,-0.0,-0.0,-0.0,0.0025727630408638744,-4.118076705258092e-11,0.0025727630408638744
1.022,0.0,0.0174638315749993,-0.000101815243784601,1.65675673035886e-11,-0.000101815243784601,2.8670994544461304e-05,3.26390894690081e-11,2.8670994544461304e-05,-0.00436942004195437,9.255727098388351e-11,-0.00436942004195437,-0.0,-0.0,-0.0,0.002810174580393732,-4.665682258034968e-11,0.002810174580393732
1.042,0.0,0.0180928590746349,-0.00010993065197898,4.74487327383026e-11,-0.00010993065197898,2.96880897216842e-05,7.13068697135931e-11,2.96880897216842e-05,-0.004491547053652471,7.631001363429758e-11,-0.004491547053652471,-0.0,-0.0,-0.0,0.003063190848012043,-5.1386107746807025e-11,0.003063190848012043
1.062,0.0,0.018730485096778,-0.00011834835365256201,4.8111552045767e-11,-0.00011834835365256201,3.0732735481379904e-05,9.18076582100541e-11,3.0732735481379904e-05,-0.00461349185401347,5.0609478046834794e-11,-0.00461349185401347,-0.0,-0.0,-0.0,0.0033324168704315996,-5.5259766322964204e-11,0.0033324168704315996
1.082,0.0,0.0193765341731018,-0.000127063013259537,4.6925883121166e-11,-0.000127063013259537,3.18085798314516e-05,1.2344906574583802e-10,3.18085798314516e-05,-0.0047352603092907205,3.9053562562606e-11,-0.0047352603092907205,-0.0,-0.0,-0.0,0.0036184643802311656,-5.8069400831682526e-11,0.0036184643802311656
1.102,0.0,0.0200308284221302,-0.000136068978781177,7.67398788232015e-11,-0.000136068978781177,3.29193293412808e-05,1.15635471688853e-10,3.29193293412808e-05,-0.00485686121356895,2.52312057909114e-11,-0.00485686121356895,-0.0,-0.0,-0.0,0.003921951712866352,-6.011760823210608e-11,0.003921951712866352
1.122,0.0,0.0206931875933224,-0.000145360446995947,8.70045703340891e-11,-0.000145360446995947,3.4068830373863596e-05,7.909702435911141e-11,3.4068830373863596e-05,-0.0049783056221921395,2.96539447034288e-11,-0.0049783056221921395,-0.0,-0.0,-0.0,0.0042435036954901395,-6.209820924973523e-11,0.0042435036954901395
1.142,0.0,0.0213634291116149,-0.000154931348031449,1.00926793351817e-10,-0.000154931348031449,3.52610064166052e-05,6.982192349247691e-11,3.52610064166052e-05,-0.005099606371801829,4.4579339904234706e-11,-0.005099606371801829,-0.0,-0.0,-0.0,0.004583751523590779,-6.469110787352162e-11,0.004583751523590779
1.162,0.0,0.0220413681227009,-0.000164775430556804,1.2982345923514598e-10,-0.000164775430556804,3.6499650224830105e-05,1.5421324469853802e-11,3.6499650224830105e-05,-0.0052207776681833,4.9953903852942704e-11,-0.0052207776681833,-0.0,-0.0,-0.0,0.004943332626530934,-6.842432257554395e-11,0.004943332626530934
1.182,0.0,0.022726817538782,-0.000174886346096527,1.3578882755058e-10,-0.000174886346096527,3.7788696131819606e-05,-1.59094759481007e-11,3.7788696131819606e-05,-0.0053418346921354,5.47767819607864e-11,-0.0053418346921354,-0.0,-0.0,-0.0,0.00532289052572797,-7.174612424348216e-11,0.00532289052572797
1.202,0.0,0.0234195880848776,-0.000185257582454217,1.52609954029213e-10,-0.000185257582454217,3.91319572239576e-05,-3.2581393158778697e-11,3.91319572239576e-05,-0.00546279322966046,6.026275417857721e-11,-0.00546279322966046,-0.0,-0.0,-0.0,0.00572307467129206,-7.635482574315195e-11,0.00572307467129206
1.222,0.0,0.0241194883456874,-0.000195882651728951,1.36669790436608e-10,-0.000195882651728951,4.05331649801683e-05,-7.518052983884871e-11,4.05331649801683e-05,-0.0055836692717571605,5.864927755924889e-11,-0.0055836692717571605,-0.0,-0.0,-0.0,0.006144540266858265,-8.104314630233505e-11,0.006144540266858265
1.242,0.0,0.0248263248130242,-0.000206754995607376,8.94044184212279e-11,-0.000206754995607376,4.19960820660471e-05,-1.00055458470567e-10,4.19960820660471e-05,-0.005704478772915429,2.5431770747690498e-11,-0.005704478772915429,-0.0,-0.0,-0.0,0.006587948066894203,-8.435289617658763e-11,0.006587948066894203
1.262,0.0,0.0255399019337693,-0.000217868011014623,6.43407040457692e-11,-0.000217868011014623,4.35243633345867e-05,-7.76086576292295e-11,4.35243633345867e-05,-0.0058252373598867,1.88530660379982e-11,-0.0058252373598867,-0.0,-0.0,-0.0,0.007053964158965751,-8.591780534720515e-11,0.007053964158965751
1.282,0.0,0.0262600221581987,-0.000229215203436102,2.7690645343380002e-11,-0.000229215203436102,4.5121436153820895e-05,-1.14612677425783e-10,4.5121436153820895e-05,-0.00594596029568664,1.29239612802485e-11,-0.00594596029568664,-0.0,-0.0,-0.0,0.007543259729726713,-8.775228797075355e-11,0.007543259729726713
1.302,0.0,0.0269864859890107,-0.00024079010641079503,-2.4312476620231897e-11,-0.00024079010641079503,4.67908152135945e-05,-9.714362852935541e-11,4.67908152135945e-05,-0.00606666214727538,-3.3378082986363703e-12,-0.00606666214727538,-0.0,-0.0,-0.0,0.008056510815201758,-8.796020116511234e-11,0.008056510815201758
1.322,0.0,0.0277190920307175,-0.00025258621581144197,-5.75417851837e-11,-0.00025258621581144197,4.8535661673574e-05,-8.166117877013241e-11,4.8535661673574e-05,-0.00618735656295761,2.19550222409546e-12,-0.00618735656295761,-0.0,-0.0,-0.0,0.008594398014184684,-8.79156180465939e-11,0.008594398014184684
1.342,0.0,0.0284576370395309,-0.000264597071811905,-6.89870442160996e-11,-0.000264597071811905,5.03589571289664e-05,-7.02738417944885e-11,5.03589571289664e-05,-0.00630805609131232,2.8240935621820302e-11,-0.00630805609131232,-0.0,-0.0,-0.0,0.009157606180325786,-8.960190685245693e-11,0.009157606180325786
1.362,0.0,0.0292019159737597,-0.000276816252067475,-6.81389640895606e-11,-0.000276816252067475,5.22634047295331e-05,-8.74686326932584e-11,5.22634047295331e-05,-0.0064287721383031295,7.14488474615601e-12,-0.0064287721383031295,-0.0,-0.0,-0.0,0.009746824090321024,-9.141404550376603e-11,0.009746824090321024
1.382,0.0,0.0299517220444838,-0.00028923735986725,-4.4494228142148e-11,-0.00028923735986725,5.42515403721702e-05,-6.5429725586807e-11,5.42515403721702e-05,-0.00654951462241465,1.70281990897306e-11,-0.00654951462241465,-0.0,-0.0,-0.0,0.010362744078809308,-9.22220316674156e-11,0.010362744078809308
1.402,0.0,0.0307068467669418,-0.000301854038703279,-1.61575472706282e-12,-0.000301854038703279,5.6325433679980606e-05,-9.18814320447693e-11,5.6325433679980606e-05,-0.00667029207158315,3.47806778895317e-11,-0.00667029207158315,-0.0,-0.0,-0.0,0.01100606164601669,-9.532122095739632e-11,0.01100606164601669
1.422,0.0,0.0314670800121356,-0.000314660011285372,3.7136874997275796e-11,-0.000314660011285372,5.84870322482939e-05,-8.1517154815315e-11,5.84870322482939e-05,-0.006791111421010129,7.1447942003302404e-12,-0.006791111421010129,-0.0,-0.0,-0.0,0.011677475045050179,-9.74605937743709e-11,0.011677475045050179
1.442,0.0,0.0322322100588884,-0.000327649062952324,6.664563167774339e-11,-0.000327649062952324,6.0737921374180895e-05,-6.036178763136211e-11,6.0737921374180895e-05,-0.00691197784906174,4.6408556454601694e-12,-0.00691197784906174,-0.0,-0.0,-0.0,0.012377684825419427,-9.768564810771306e-11,0.012377684825419427
1.462,0.0,0.0330020236463031,-0.00034081502133789397,1.27667215720951e-10,-0.00034081502133789397,6.307944217850171e-05,-6.14763461659424e-11,6.307944217850171e-05,-0.00703289497747805,7.6201644534751e-12,-0.00703289497747805,-0.0,-0.0,-0.0,0.013107393360530758,-9.878881012120856e-11,0.013107393360530758
1.482,0.0,0.0337763060266795,-0.00035415190184450297,1.74001079487419e-10,-0.00035415190184450297,6.55127757023816e-05,-4.760018943978871e-11,6.55127757023816e-05,-0.0071538648605335205,-2.49691659076323e-11,-0.0071538648605335205,-0.0,-0.0,-0.0,0.013867304367726273,-9.784386792946139e-11,0.013867304367726273
1.502,0.0,0.0345548410187255,-0.000367653806192085,1.36859325528703e-10,-0.000367653806192085,6.80389359236907e-05,3.81554777783999e-12,6.80389359236907e-05,-0.007274887873924659,-1.53017455166819e-11,-0.007274887873924659,-0.0,-0.0,-0.0,0.014658122393111735,-9.500666107946486e-11,0.014658122393111735
1.522,0.0,0.0353374110611021,-0.000381314714387498,1.67752265785132e-10,-0.000381314714387498,7.06586685029676e-05,1.8578953526494697e-11,7.06586685029676e-05,-0.00739596301017856,4.92293654744352e-12,-0.00739596301017856,-0.0,-0.0,-0.0,0.015480552289015929,-9.512153572356474e-11,0.015480552289015929
1.542,0.0,0.0361237972664302,-0.000395128922253524,1.5926432818411801e-10,-0.000395128922253524,7.337271028275891e-05,5.85058759687383e-11,7.337271028275891e-05,-0.007517087860086379,-4.8953843546697204e-11,-0.007517087860086379,-0.0,-0.0,-0.0,0.016335298691431317,-9.241485041864796e-11,0.016335298691431317
1.562,0.0,0.0369137794754697,-0.000409090657163352,1.1554741430542001e-10,-0.000409090657163352,7.61815536092595e-05,5.76208003843504e-11,7.61815536092595e-05,-0.0076382583629686,-2.1650488433319302e-11,-0.0076382583629686,-0.0,-0.0,-0.0,0.017223065452657362,-8.741367994956304e-11,0.017223065452657362
1.582,0.0,0.0377071363118715,-0.000423194159192832,9.48944494639785e-11,-0.000423194159192832,7.9085652759714e-05,4.61595748531197e-11,7.9085652759714e-05,-0.007759469332715521,-5.204256163179799e-12,-0.007759469332715521,-0.0,-0.0,-0.0,0.018144555073083442,-8.68073060354585e-11,0.018144555073083442
1.602,0.0,0.0385036452368672,-0.000437433822134816,5.6350395178542205e-11,-0.000437433822134816,8.208532506197e-05,2.4689905165273398e-11,8.208532506197e-05,-0.00788071414213932,-4.9391782173030996e-11,-0.00788071414213932,-0.0,-0.0,-0.0,0.019100468135996074,-8.304865623409918e-11,0.019100468135996074
1.622,0.0,0.0393030826046213,-0.00045180402234507695,-7.65426854721151e-12,-0.00045180402234507695,8.51808004537925e-05,8.67509418346932e-12,8.51808004537925e-05,-0.00800198458977493,6.51014437715528e-12,-0.00800198458977493,-0.0,-0.0,-0.0,0.020091502678286775,-7.998216654636328e-11,0.020091502678286775
1.642,0.0,0.0401052237176795,-0.00046629915941524103,-2.3779722247388898e-11,-0.00046629915941524103,8.83721214095623e-05,-3.44112939553246e-11,8.83721214095623e-05,-0.008123271336173,1.98330862525965e-11,-0.008123271336173,-0.0,-0.0,-0.0,0.021118353571171172,-8.290605914125768e-11,0.021118353571171172
1.662,0.0,0.0409098428825935,-0.000480913841858754,-4.65510194079702e-11,-0.000480913841858754,9.165930622847529e-05,-3.73444951055034e-11,9.165930622847529e-05,-0.00824456357601553,2.5114997656246802e-11,-0.00824456357601553,-0.0,-0.0,-0.0,0.022181711893988723,-8.488664782790332e-11,0.022181711893988723
1.682,0.0,0.0417167134660772,-0.000495642689190127,-7.60616834969557e-11,-0.000495642689190127,9.50421145753769e-05,-5.80543886929619e-11,9.50421145753769e-05,-0.00836584908012509,7.309443400657741e-11,-0.00836584908012509,-0.0,-0.0,-0.0,0.023282264251332778,-9.127309272019434e-11,0.023282264251332778
1.702,0.0,0.0425256079510771,-0.0005104804087479231,-4.88964962165267e-11,-0.0005104804087479231,9.8520200678751e-05,-7.82328592135622e-11,9.8520200678751e-05,-0.00848711444765957,9.38452646252697e-11,-0.00848711444765957,-0.0,-0.0,-0.0,0.02442069211066038,-1.0390665597026975e-10,0.02442069211066038
1.722,0.0,0.0433362979933826,-0.000525422007856271,-7.0547020346422e-11,-0.000525422007856271,0.000102093056028929,-8.56329483097401e-11,0.000102093056028929,-0.00860834494944027,4.94958085176891e-11,-0.00860834494944027,-0.0,-0.0,-0.0,0.025597671123801916,-1.1290103081640653e-10,0.025597671123801916
1.742,0.0,0.0441485544781669,-0.000540462469720602,-5.3929315376874396e-11,-0.000540462469720602,0.000105759956540452,-8.4250943714717e-11,0.000105759956540452,-0.00872952444773704,9.98019477497042e-11,-0.00872952444773704,-0.0,-0.0,-0.0,0.026813870399623355,-1.2351629674360374e-10,0.026813870399623355
1.762,0.0,0.044962147576918,-0.0005555971118775969,-1.73873543902754e-11,-0.0005555971118775969,0.000109519968335551,-1.0695486883474299e-10,0.000109519968335551,-0.008850635944933091,9.12323712627076e-11,-0.008850635944933091,-0.0,-0.0,-0.0,0.028069951813895436,-1.3822501566654728e-10,0.028069951813895436
1.782,0.0,0.045776846804422,-0.000570821505659565,4.4238077149765e-12,-0.000570821505659565,0.00011337197937456599,-1.21174682373544e-10,0.00011337197937456599,-0.008971661215177909,6.81705523878905e-11,-0.008971661215177909,-0.0,-0.0,-0.0,0.02936656930691704,-1.4952040404248326e-10,0.02936656930691704
1.802,0.0,0.0465924210760768,-0.00058613147942661,8.45422794566146e-12,-0.00058613147942661,0.000117314672614208,-7.93238907444212e-11,0.000117314672614208,-0.00909258116862503,5.16957375433409e-11,-0.00909258116862503,-0.0,-0.0,-0.0,0.03070436816438765,-1.5748517392434372e-10,0.03070436816438765
1.822,0.0,0.0474086387651727,-0.00060152308536319,5.906425388647201e-11,-0.00060152308536319,0.00012134637857468,-9.19790876630636e-11,0.00012134637857468,-0.00921337574927457,7.452152652594509e-11,-0.00921337574927457,-0.0,-0.0,-0.0,0.03208398431025271,-1.672470231633325e-10,0.03208398431025271
1.842,0.0,0.0482252677605123,-0.000616992816858068,5.98910574614486e-11,-0.000616992816858068,0.00012546539170365902,-7.0169241614521e-11,0.00012546539170365902,-0.00933402418897454,6.825271882463821e-11,-0.00933402418897454,-0.0,-0.0,-0.0,0.03350604360230442,-1.7811640661485775e-10,0.03350604360230442
1.862,0.0,0.0490420755238597,-0.000632537292713487,7.08691657530505e-11,-0.000632537292713487,0.000129669722658559,-1.4133050860487998e-11,0.000129669722658559,-0.009454504819901491,6.968503949043279e-11,-0.009454504819901491,-0.0,-0.0,-0.0,0.034971161114277026,-1.8794865736958127e-10,0.034971161114277026
1.882,0.0,0.049858829147927,-0.000648153440405299,1.2168341929369898e-10,-0.000648153440405299,0.000133957053084472,-1.22587564435323e-11,0.000133957053084472,-0.00957479535070254,8.44967136750155e-11,-0.00957479535070254,-0.0,-0.0,-0.0,0.03647994042427624,-2.0041262796250757e-10,0.03647994042427624
1.902,0.0,0.0506752954140351,-0.0006638385586772701,1.02926652306519e-10,-0.0006638385586772701,0.000138325009429306,7.02525718266576e-12,0.000138325009429306,-0.00969487274273279,6.79040195241923e-11,-0.00969487274273279,-0.0,-0.0,-0.0,0.038032972904915065,-2.1208622404267423e-10,0.038032972904915065
1.922,0.0,0.0514912408502687,-0.0006795899606165049,1.2149657448866601e-10,-0.0006795899606165049,0.000142770939982624,4.7224557082440297e-11,0.000142770939982624,-0.00981471326559264,7.372596080871809e-11,-0.00981471326559264,-0.0,-0.0,-0.0,0.03963083699976418,-2.2368563863431648e-10,0.03963083699976418
1.942,0.0,0.0523064317891387,-0.0006954053094821719,1.3211637180426e-10,-0.0006954053094821719,0.00014729189449583,2.2028404805544802e-11,0.00014729189449583,-0.0099342925855971,7.01504760604381e-11,-0.0099342925855971,-0.0,-0.0,-0.0,0.04127409750682076,-2.3529692019033905e-10,0.04127409750682076
1.962,0.0,0.0531206344260677,-0.000711282358310687,1.16298084142239e-10,-0.000711282358310687,0.000151884854843608,9.62233269755685e-12,0.000151884854843608,-0.0100535857979402,4.07269368948716e-11,-0.0100535857979402,-0.0,-0.0,-0.0,0.0429633048709103,-2.453505711127878e-10,0.0429633048709103
1.982,0.0,0.0539336148771692,-0.0007272190322795191,1.2685874030477802e-10,-0.0007272190322795191,0.00015654649809736598,3.3649400625757e-11,0.00015654649809736598,-0.0101725673146961,2.8761261906739103e-11,-0.0101725673146961,-0.0,-0.0,-0.0,0.04469899445948387,-2.5007169420725936e-10,0.04469899445948387
2.002,0.0,0.0547451392375748,-0.00074321345456067,1.08561319461007e-10,-0.00074321345456067,0.000161273180491705,-7.9852501152685e-12,0.000161273180491705,-0.0102912111286709,4.1675991338088495e-11,-0.0102912111286709,-0.0,-0.0,-0.0,0.04648168584681022,-2.563550987759286e-10,0.04648168584681022
2.022,0.0,0.0555549736394255,-0.000759263850139436,7.51699309028152e-11,-0.000759263850139436,0.000166061192443282,-3.25713672025598e-12,0.000166061192443282,-0.0104094908265434,3.21036018782288e-11,-0.0104094908265434,-0.0,-0.0,-0.0,0.048311882135105816,-2.6308563305129163e-10,0.048311882135105816
2.042,0.0,0.0563628843102142,-0.000775368558549874,5.641002963004421e-11,-0.000775368558549874,0.00017090643911135502,-1.52350715891278e-11,0.00017090643911135502,-0.0105273795539246,2.87681740994832e-11,-0.0105273795539246,-0.0,-0.0,-0.0,0.05019006925743027,-2.6780969481542567e-10,0.05019006925743027
2.062,0.0,0.0571686376307609,-0.000791526086960979,2.0371486988449898e-11,-0.000791526086960979,0.00017580464802941,-5.33905659309471e-12,0.00017580464802941,-0.0106448501467067,6.939614473206329e-11,-0.0106448501467067,-0.0,-0.0,-0.0,0.05211671529637191,-2.7742953589783547e-10,0.05211671529637191
2.082,0.0,0.0579720001933726,-0.000807734983971663,-1.25710960846315e-11,-0.000807734983971663,0.000180751232554841,-9.88974832450544e-12,0.000180751232554841,-0.0107618752449509,6.77539791414498e-11,-0.0107618752449509,-0.0,-0.0,-0.0,0.05409226983290252,-2.9014568531999806e-10,0.05409226983290252
2.102,0.0,0.0587727388599027,-0.000823993797627386,-5.82534747757891e-12,-0.000823993797627386,0.00018574136354522,-1.42295964434275e-11,0.00018574136354522,-0.0108784271313684,9.96560174207694e-11,-0.0108784271313684,-0.0,-0.0,-0.0,0.05611716328846722,-3.0544338983510805e-10,0.05611716328846722
2.122,0.0,0.0595706208198199,-0.000840301224981041,-1.53621721010348e-11,-0.000840301224981041,0.000190769945150748,-3.44028659722407e-11,0.000190769945150748,-0.0109944779203356,1.31000544850692e-10,-0.0109944779203356,-0.0,-0.0,-0.0,0.05819180626889228,-3.280247189466116e-10,0.05819180626889228
2.142,0.0,0.0603654136480433,-0.0008566558057722049,-2.85061478911089e-11,-0.0008566558057722049,0.00019583162546502902,-3.68238389639238e-11,0.00019583162546502902,-0.0111099995905321,1.29829335420481e-10,-0.0111099995905321,-0.0,-0.0,-0.0,0.06031658895232965,-3.5429461160021376e-10,0.06031658895232965
2.162,0.0,0.0611568853627913,-0.000873056105871519,-3.1720188038115297e-12,-0.000873056105871519,0.00020092075110164398,-3.93603961028016e-11,0.00020092075110164398,-0.011224963807299,9.88224147832858e-11,-0.011224963807299,-0.0,-0.0,-0.0,0.0624918804505266,-3.755370489806292e-10,0.0624918804505266
2.182,0.0,0.0619448044833905,-0.000889500652936899,4.446116481146059e-12,-0.000889500652936899,0.000206031234128195,-6.48760635855721e-11,0.000206031234128195,-0.0113393420503234,1.06265068569176e-10,-0.0113393420503234,-0.0,-0.0,-0.0,0.06471802818250477,-3.961056982515052e-10,0.06471802818250477
2.202,0.0,0.0627289400879915,-0.000905987862089393,1.82711035739489e-11,-0.000905987862089393,0.000211156858861182,-6.496649323320921e-11,0.000211156858861182,-0.0114531055918465,7.55244703472199e-11,-0.0114531055918465,-0.0,-0.0,-0.0,0.06699535726485928,-4.1495046735775276e-10,0.06699535726485928
2.222,0.0,0.063509061870773,-0.0009225161192609491,2.73072969567479e-11,-0.0009225161192609491,0.000216290886132401,-5.62789100883216e-11,0.000216290886132401,-0.0115662253907776,1.87394737135592e-11,-0.0115662253907776,-0.0,-0.0,-0.0,0.06932416989515634,-4.233500418201452e-10,0.06932416989515634
2.242,0.0,0.0642849401997396,-0.0009390836288311131,5.19692721892764e-11,-0.0009390836288311131,0.00022142621548809302,-6.23405019433361e-11,0.00022142621548809302,-0.0116786721456052,3.2834259828704603e-11,-0.0116786721456052,-0.0,-0.0,-0.0,0.07170474473514964,-4.2805863784384295e-10,0.07170474473514964
2.262,0.0,0.065056346173508,-0.000955688534982901,4.98294154527915e-11,-0.000955688534982901,0.000226555598884992,-2.3322992512725698e-11,0.000226555598884992,-0.0117904164040366,1.97184083540977e-11,-0.0117904164040366,-0.0,-0.0,-0.0,0.0741373363274012,-4.347032901514914e-10,0.0741373363274012
2.282,0.0,0.065823051678599,-0.000972328743605235,6.89291838850799e-11,-0.000972328743605235,0.00023167127410977798,-1.91178497401924e-11,0.00023167127410977798,-0.0119014284276556,-5.2451539555037104e-12,-0.0119014284276556,-0.0,-0.0,-0.0,0.07662217451410705,-4.3470648520260455e-10,0.07662217451410705
2.302,0.0,0.0665848294462501,-0.000989002089793067,9.0795583953417e-11,-0.000989002089793067,0.00023676514187336898,1.0147324538632698e-11,0.00023676514187336898,-0.0120116782222875,2.8024614520336502e-11,-0.0120116782222875,-0.0,-0.0,-0.0,0.07915946385000604,-4.37482078501648e-10,0.07915946385000604
2.322,0.0,0.067341453109017,-0.00100570615468438,1.0798658389792501e-10,-0.00100570615468438,0.00024182897068568702,2.61508106954718e-11,0.00024182897068568702,-0.0121211357012294,5.10429548321082e-11,-0.0121211357012294,-0.0,-0.0,-0.0,0.08174938305858451,-4.4666603924260273e-10,0.08174938305858451
2.342,0.0,0.0680926972572063,-0.0010224384202715,1.1371723280250199e-10,-0.0010224384202715,0.000246854075355767,5.3195272793114606e-11,0.000246854075355767,-0.0122297705081224,6.223365322387501e-11,-0.0122297705081224,-0.0,-0.0,-0.0,0.08439208448726804,-4.5949756359861953e-10,0.08439208448726804
2.362,0.0,0.0688383374951836,-0.00103919605953091,1.6270143893496998e-10,-0.00103919605953091,0.000251831497806729,5.3829948170536103e-11,0.000251831497806729,-0.0123375522224435,6.81056516895429e-11,-0.0123375522224435,-0.0,-0.0,-0.0,0.08708769358329184,-4.736447806888799e-10,0.08708769358329184
2.382,0.0,0.0695781504972755,-0.0010559762155205302,1.4064950936365199e-10,-0.0010559762155205302,0.000256752113524872,4.67867167111437e-11,0.000256752113524872,-0.0124444502582785,9.33392723242261e-11,-0.0124444502582785,-0.0,-0.0,-0.0,0.0898363083969463,-4.921794735162083e-10,0.0898363083969463
2.402,0.0,0.0703119140634648,-0.00107277564977586,1.34117440005686e-10,-0.00107277564977586,0.00026160646495484703,4.87561035409638e-11,0.00026160646495484703,-0.0125504338541605,7.44628241473706e-11,-0.0125504338541605,-0.0,-0.0,-0.0,0.09263799908048445,-5.117799713003649e-10,0.09263799908048445
2.422,0.0,0.0710394071750077,-0.00108959093286018,1.12285167009089e-10,-0.00108959093286018,0.000266384865937377,1.64540152004148e-11,0.000266384865937377,-0.0126554720801698,6.47356464747368e-11,-0.0126554720801698,-0.0,-0.0,-0.0,0.09549280740315057,-5.276750037795545e-10,0.09549280740315057
2.442,0.0,0.0717604100493651,-0.00110641841716879,9.486972644605251e-11,-0.00110641841716879,0.000271077502052512,-3.09069895362017e-11,0.000271077502052512,-0.0127595338072937,6.27980568823911e-11,-0.0127595338072937,-0.0,-0.0,-0.0,0.09840074627954516,-5.42202780377727e-10,0.09840074627954516
2.462,0.0,0.0724747041952372,-0.0011232541666279401,6.32169124912704e-11,-0.0011232541666279401,0.000275674380965252,-3.7306523212607e-11,0.000275674380965252,-0.0128625875968925,4.76345331761489e-11,-0.0128625875968925,-0.0,-0.0,-0.0,0.10136179929603216,-5.562806758789519e-10,0.10136179929603216
2.482,0.0,0.0731820724672149,-0.00114009397091009,4.06557106227182e-11,-0.00114009397091009,0.000280165295114257,-7.50068165986603e-11,0.000280165295114257,-0.0129646017728893,3.3539782923474e-11,-0.0129646017728893,-0.0,-0.0,-0.0,0.10437592024113558,-5.643579158672773e-10,0.10437592024113558
2.502,0.0,0.0738822991198079,-0.00115693327511128,2.96932951757143e-11,-0.00115693327511128,0.000284540010207978,-9.49231540000639e-11,0.000284540010207978,-0.0130655443945521,4.4943356474067e-11,-0.0130655443945521,-0.0,-0.0,-0.0,0.10744303267311858,-5.745672971906489e-10,0.10744303267311858
2.522,0.0,0.0745751698615528,-0.00117376726371312,3.0083212473992896e-11,-0.00117376726371312,0.000288788070371796,-8.89141243156906e-11,0.000288788070371796,-0.0131653831597655,3.35464850580994e-11,-0.0131653831597655,-0.0,-0.0,-0.0,0.11056302946540761,-5.840373953177046e-10,0.11056302946540761
2.542,0.0,0.0752604719084418,-0.001190590817802,1.58437055628865e-11,-0.001190590817802,0.000292899002393547,-7.50763904420216e-11,0.000292899002393547,-0.0132640854159133,3.3906725513088694e-11,-0.0132640854159133,-0.0,-0.0,-0.0,0.11373577237876302,-5.912505579742328e-10,0.11373577237876302
2.562,0.0,0.0759379940373093,-0.00120739843381435,1.00807650684709e-11,-0.00120739843381435,0.000296862184899483,-8.15710088285857e-11,0.000296862184899483,-0.0133616182064427,6.55068534293948e-11,-0.0133616182064427,-0.0,-0.0,-0.0,0.1169610916411338,-6.039163712599696e-10,0.1169610916411338
2.582,0.0,0.0766075266384933,-0.00122418435178458,1.88957940719113e-11,-0.00122418435178458,0.000300666995190737,-6.69103333240029e-11,0.000300666995190737,-0.0134579482170559,5.78552413755761e-11,-0.0134579482170559,-0.0,-0.0,-0.0,0.12023878555650072,-6.200001495462548e-10,0.12023878555650072
2.602,0.0,0.0772688617683582,-0.0012409423995934901,1.5639732009211597e-11,-0.0012409423995934901,0.000304302715255677,-3.9706775015205296e-11,0.000304302715255677,-0.0135530417999311,7.33934520523987e-11,-0.0135530417999311,-0.0,-0.0,-0.0,0.12356862011493275,-6.348179429174895e-10,0.12356862011493275
2.622,0.0,0.077921793201361,-0.00125766610539616,6.16358148133261e-13,-0.00125766610539616,0.000307758603375726,-7.933718780033598e-12,0.000307758603375726,-0.0136468649763697,8.08285931727955e-11,-0.0136468649763697,-0.0,-0.0,-0.0,0.12695032863101283,-6.560434890624931e-10,0.12695032863101283
2.642,0.0,0.0785661164816893,-0.00127434866073469,3.6293632976609102e-12,-0.00127434866073469,0.000311023854891338,4.10954961874268e-12,0.000311023854891338,-0.0137393834286741,5.57123240268879e-11,-0.0137393834286741,-0.0,-0.0,-0.0,0.13038361140337018,-6.717789848175995e-10,0.13038361140337018
2.662,0.0,0.0792016289743783,-0.00129098286011819,5.01251400844909e-12,-0.00129098286011819,0.000314087825305652,2.51418199672381e-11,0.000314087825305652,-0.0138305625684327,8.028969724209421e-11,-0.0138305625684327,-0.0,-0.0,-0.0,0.13386813538886977,-6.882425037659182e-10,0.13386813538886977
2.682,0.0,0.0798281299162153,-0.00130756133036245,-1.24731154824185e-11,-0.00130756133036245,0.000316939810285987,4.87537026388291e-11,0.000316939810285987,-0.0139203675405763,9.33950589457025e-11,-0.0139203675405763,-0.0,-0.0,-0.0,0.13740353391709462,-7.121538524510325e-10,0.13740353391709462
2.702,0.0,0.0804454204660404,-0.0013240762657075599,1.08485999555341e-11,-0.0013240762657075599,0.000319569212864678,5.52948510666903e-11,0.000319569212864678,-0.0140087633762409,6.103476291723799e-11,-0.0140087633762409,-0.0,-0.0,-0.0,0.14098940644317218,-7.299855101917535e-10,0.14098940644317218
2.722,0.0,0.0810533037545557,-0.00134051969736844,4.7188987848207897e-11,-0.00134051969736844,0.00032196565589362,7.01945320173909e-11,0.00032196565589362,-0.0140957148178036,1.09521439693182e-10,-0.0140957148178036,-0.0,-0.0,-0.0,0.14462531831691616,-7.512395310500142e-10,0.14462531831691616
2.742,0.0,0.0816515849336587,-0.00135688340183251,5.6142598350469e-11,-0.00135688340183251,0.00032411880730933904,7.579890940074849e-11,0.00032411880730933904,-0.0141811866987233,1.24488947723077e-10,-0.0141811866987233,-0.0,-0.0,-0.0,0.14831080060035376,-7.836482897784274e-10,0.14831080060035376
2.762,0.0,0.0822400712254838,-0.0013731590100892301,8.589294427941521e-11,-0.0013731590100892301,0.000326018591906427,7.146119517851631e-11,0.000326018591906427,-0.0142651437892307,9.488753434693871e-11,-0.0142651437892307,-0.0,-0.0,-0.0,0.15204534994847638,-8.098969200197078e-10,0.15204534994847638
2.782,0.0,0.0828185719707949,-0.00138933790577951,1.04154029183488e-10,-0.00138933790577951,0.000327655217637876,5.5150750136861296e-11,0.000327655217637876,-0.0143475508659497,1.24716576672997e-10,-0.0143475508659497,-0.0,-0.0,-0.0,0.15582842849429576,-8.402302894616122e-10,0.15582842849429576
2.802,0.0,0.0833868986767662,-0.00140541141684722,8.42172184197485e-11,-0.00140541141684722,0.000329019059983372,4.6654292848928895e-11,0.000329019059983372,-0.0144283727535645,9.677671988304051e-11,-0.0144283727535645,-0.0,-0.0,-0.0,0.15965946376779172,-8.694205093292967e-10,0.15965946376779172
2.822,0.0,0.0839448650643916,-0.00142137054849641,6.59539081493555e-11,-0.00142137054849641,0.000330100847468479,3.96125821664674e-11,0.000330100847468479,-0.0145075744859057,4.85917687905846e-11,-0.0145075744859057,-0.0,-0.0,-0.0,0.163537848693064,-8.878819246434334e-10,0.163537848693064
2.842,0.0,0.0844922871153333,-0.0014372063481184099,4.5115121362343795e-11,-0.0014372063481184099,0.000330891659749813,-2.42194605159233e-11,0.000330891659749813,-0.0145851211254569,3.59059398443554e-11,-0.0145851211254569,-0.0,-0.0,-0.0,0.16746294157461608,-8.975865800006772e-10,0.16746294157461608
2.862,0.0,0.0850289831183036,-0.00145290950590666,4.34497181301669e-11,-0.00145290950590666,0.000331382952417731,-4.17276253392004e-11,0.000331382952417731,-0.0146609780341868,2.8525068110837898e-11,-0.0146609780341868,-0.0,-0.0,-0.0,0.17143406615740467,-9.08152246821726e-10,0.17143406615740467
2.882,0.0,0.0855547737146192,-0.00146847065894815,1.13035535919933e-11,-0.00146847065894815,0.000331566641059422,-5.20090877221761e-11,0.000331566641059422,-0.0147351108519507,-1.68366925538707e-11,-0.0147351108519507,-0.0,-0.0,-0.0,0.17545051172350257,-9.080876435755258e-10,0.17545051172350257
2.902,0.0,0.0860694819435648,-0.00148388035417426,-7.56209745053465e-12,-0.00148388035417426,0.000331435123220272,-1.2748601226306198e-10,0.000331435123220272,-0.0148074855402586,-1.0759636424242601e-11,-0.0148074855402586,-0.0,-0.0,-0.0,0.17951153324032937,-9.031350928466175e-10,0.17951153324032937
2.922,0.0,0.0865729332867473,-0.0014991288589244198,1.96441698426025e-12,-0.0014991288589244198,0.000330981285920848,-1.29819082888264e-10,0.000330981285920848,-0.0148780683789816,1.5619262748696198e-11,-0.0148780683789816,-0.0,-0.0,-0.0,0.18361635152623032,-9.038772853162665e-10,0.18361635152623032
2.942,0.0,0.0870649557123375,-0.00151420639333804,-1.4380143288827199e-11,-0.00151420639333804,0.000330198533024098,-1.0775491913032499e-10,0.000330198533024098,-0.014946826197305,1.6731852623936003e-11,-0.014946826197305,-0.0,-0.0,-0.0,0.18776415348675002,-9.090217769174907e-10,0.18776415348675002
2.962,0.0,0.0875453797182162,-0.0015291031130110699,-3.05089929844301e-11,-0.0015291031130110699,0.000329080883131178,-1.26929731419962e-10,0.000329080883131178,-0.0150137262865757,3.2063760781324003e-11,-0.0150137262865757,-0.0,-0.0,-0.0,0.1919540924120021,-9.151818644532636e-10,0.1919540924120021
2.982,0.0,0.0880140383750675,-0.00154380892538242,5.87874428582418e-12,-0.00154380892538242,0.000327622873140024,-1.0559648246585601e-10,0.000327622873140024,-0.0150787364937774,4.35997279362905e-11,-0.0150787364937774,-0.0,-0.0,-0.0,0.19618528827483275,-9.268523547996653e-10,0.19618528827483275
3.002,0.0,0.088470767368274,-0.0015583137336326,-7.64012585912121e-12,-0.0015583137336326,0.00032581969257327405,-5.29157948721883e-11,0.00032581969257327405,-0.015141825378299,3.8639752642312706e-11,-0.015141825378299,-0.0,-0.0,-0.0,0.20045682813219956,-9.378491158681928e-10,0.20045682813219956
3.022,0.0,0.0889154050395167,-0.00157260739560666,-1.35170787584319e-12,-0.00157260739560666,0.000323667146597494,-3.94459014445239e-11,0.000323667146597494,-0.0152029621034196,4.98261376815376e-11,-0.0152029621034196,-0.0,-0.0,-0.0,0.20476776654043963,-9.489848363479918e-10,0.20476776654043963
3.042,0.0,0.0893477924277637,-0.0015866795876247198,1.73465721808235e-11,-0.0015866795876247198,0.000321161697489285,-8.561044123793308e-12,0.000321161697489285,-0.0152621167068852,9.02443589802668e-11,-0.0152621167068852,-0.0,-0.0,-0.0,0.20911712602951424,-9.708813419854757e-10,0.20911712602951424
3.062,0.0,0.0897677733093171,-0.00160051999780379,1.97480616598962e-11,-0.00160051999780379,0.000318300457777284,2.39706094896151e-11,0.000318300457777284,-0.015319259955512,7.082090896551321e-11,-0.015319259955512,-0.0,-0.0,-0.0,0.21350389763847688,-9.93512206141658e-10,0.21350389763847688
3.082,0.0,0.0901751942376101,-0.0016141183162346,1.95896839082051e-11,-0.0016141183162346,0.000315081291893175,4.5386737475076704e-11,0.000315081291893175,-0.0153743635152705,9.389940583756499e-11,-0.0153743635152705,-0.0,-0.0,-0.0,0.2179270414667758,-1.0170907304621532e-09,0.2179270414667758
3.102,-1.85087811903614e-11,0.0905699045819338,-0.00162746426125825,2.9934413518240003e-11,-0.00162746426138428,0.00031150274216937404,4.56944746324274e-11,0.000311502742169376,-0.015427399906214,1.22990790974625e-10,-0.015427399906214,-9.645186046144165e-15,1.7740665306064286e-22,-9.645186046891083e-15,0.22238548729939583,-1.0493773139989504e-09,0.22238548729939583
3.122,-7.14620533965644e-08,0.0909517565658186,-0.00164054608610389,1.58984501947361e-09,-0.00164054762038011,0.000307564107616322,6.38484416647255e-11,0.000307564107733367,-0.0154783425511542,1.1948334284971e-10,-0.0154783425510423,-1.2251501038102788e-10,7.267207093791123e-17,-1.2251507937573952e-10,0.2268781352310096,-1.0857732249396426e-09,0.22687813523100125
3.142,-4.1903311552488497e-07,0.0913206053042677,-0.00165334169298383,1.66182196193223e-08,-0.0016533582775674301,0.00030326547476703503,4.1613851301819e-11,0.000303265477956629,-0.0155271657358173,1.39333807720476e-10,-0.0155271657332944,-1.3714116610474535e-09,7.679111436497326e-15,-1.3714193021520942e-09,0.23140385636579178,-1.1224520936730568e-09,0.23140385636549676
3.162,-1.0064195355079701e-06,0.0916763088409911,-0.00166582477313458,6.15309401143537e-08,-0.00166588627887668,0.000298607648012166,2.48997345448092e-11,0.00029860766794343103,-0.0155738447727705,1.13209459013312e-10,-0.0155738447526027,-5.265809819986952e-09,1.0516675017586943e-13,-5.2659148929578996e-09,0.2359614935124229,-1.1616993527677507e-09,0.23596149350921633
3.182,-1.47503665870068e-06,0.0920187281841713,-0.00167798447759458,1.37393570466306e-07,-0.00167812185465773,0.00029359222611670096,-6.34595560996349e-11,0.000293592287766375,-0.015618355889469,1.53375751043181e-11,-0.0156183558045444,-1.2214420884722889e-08,5.357762033830074e-13,-1.2214956474847431e-08,0.24054986197139758,-1.1812815500001941e-09,0.2405498619534211
3.202,-1.14324246762588e-06,0.0923477273421182,-0.00168984427812903,2.1107849253686101e-07,-0.00169005538261764,0.000288221616601023,-1.4282861495070399e-10,0.000288221746130304,-0.0156606762731853,-1.6271037063857402e-10,-0.0156606760365098,-1.9738063065253332e-08,1.33578980618687e-12,-1.973939868359304e-08,0.245167750300803,-1.1585442648238538e-09,0.2451677502356084
3.222,9.88725130113667e-07,0.0926631733576884,-0.0017014793735679698,1.9808017904286302e-07,-0.00170167755231005,0.00028249889767030496,-2.4335775169769503e-10,0.000282499100524921,-0.0157007840854941,-4.16019612888726e-10,-0.0157007835983201,-2.064667471912794e-08,1.4647271236952528e-12,-2.0648139266526972e-08,0.24981392113844444,-1.0722303695990713e-09,0.24981392096430957
3.242,6.2281122547953e-06,0.0929649363426193,-0.00171303143803185,-5.2246100263269e-08,-0.0017129793239145,0.000276427910186973,-2.7517592359085504e-10,0.00027642812689267796,-0.0157386583300754,-7.205679945994179e-10,-0.0157386575761996,-1.2042313157491533e-09,8.44102549177307e-13,-1.2050738220470693e-09,0.2544871120327362,-8.973532961555431e-10,0.25448711166833915
3.262,1.6173401251627897e-05,0.0932528895101793,-0.00172472041883259,-7.68539313110345e-07,-0.00172395202466395,0.000270013349484179,-1.03172195046758e-10,0.000270013378038437,-0.0157742788047969,-7.5956126336477e-10,-0.0157742780385738,6.069206901940133e-08,1.7108826137512338e-11,6.067496678605759e-08,0.2591860362695524,-6.643456939044107e-10,0.2591860356666746
3.282,3.2692601063635805e-05,0.0935269092081035,-0.0017368529001782198,-2.2657378341140598e-06,-0.0017345872429118199,0.000263260587655496,5.42981342174323e-10,0.00026325996420401297,-0.0158076258881687,5.25366950612057e-11,-0.0158076259351905,1.9730558133041622e-07,1.4327408147475988e-10,1.9716232361056963e-07,0.26390938368179184,-5.398420253721123e-10,0.26390938295317695
3.302,5.7896287372520395e-05,0.0937868749499755,-0.0017498276529638401,-4.95013931585037e-06,-0.00174487715967778,0.000256175946851122,2.0333679031640102e-09,0.00025617379437780697,-0.0158386805694258,2.6439271650110603e-09,-0.0158386832412239,4.528344424377334e-07,6.929336539050587e-10,4.521415037735007e-07,0.2686558214652136,-9.244632375853776e-10,0.26865582112301695
3.322,9.410566391162809e-05,0.0940326694463847,-0.0017641373169531,-9.3217839956875e-06,-0.00175481421494934,0.000248766456466816,4.96331287091233e-09,0.00024876132287171603,-0.0158674241394406,8.52960884441542e-09,-0.0158674327507129,8.85199639413085e-07,2.5051255509928846e-09,8.826942967067687e-07,0.2734239949684296,-2.5872849040356774e-09,0.27342399630715347
3.342,0.000143815973754452,0.094264178634755,-0.0017803676385036897,-1.5972864393433498e-05,-0.0017643913601590301,0.000241040055535656,9.94654544091061e-09,0.00024102976408445497,-0.0158938382715515,1.9813395239312e-08,-0.0158938582349041,1.5679099506478245e-06,7.509514765613971e-09,1.560399285809527e-06,0.27821252846629624,-6.867443383034344e-09,0.2782125341188862
3.362,0.00020965564382466,0.0944812917089397,-0.0017991935047260398,-2.55840178078012e-05,-0.00177360201491367,0.000233005347041183,1.77645463855897e-08,0.000232986890565033,-0.0159179048885004,3.91400140314408e-08,-0.0159179443416115,2.5920974094382124e-06,1.968138259279174e-08,2.5724116924525987e-06,0.28302002596477194,-1.5829379133262136e-08,0.28302004064966524
3.382,0.00029434159683997403,0.0946839011478155,-0.0018213721563312,-3.89173811536617e-05,-0.0017824400716144899,0.000224671733866055,2.92200313780841e-08,0.00022464125156558502,-0.0159396061043927,6.98295339553238e-08,-0.0159396765147641,4.068845062813493e-06,4.6541727973751336e-08,4.0222897606483755e-06,0.28784507197698866,-3.246905047844794e-08,0.2878451034380824
3.402,0.000400631211901364,0.094871902742945,-0.00184773360705418,-5.68068324806813e-05,-0.0017908999124778302,0.000216049008411353,4.4842863117155595e-08,0.000216001882731652,-0.0159589244024704,1.1567584576064699e-07,-0.0159590410928696,6.13195035644304e-06,1.013763227329333e-07,6.030536632690243e-06,0.2926862323468586,-6.08887886078912e-08,0.2926862924709432
3.422,0.000531271457518728,0.0950451956254614,-0.0018791684721586898,-8.014544867813821e-05,-0.0017989765225832801,0.000207147301415406,6.49752973166679e-08,0.000207078413932228,-0.0159758427656991,1.8083544841009603e-07,-0.0159760252997796,8.94127884892913e-06,2.0635478349195076e-07,8.73483035015417e-06,0.29754205515028376,-1.064270727948108e-07,0.2975421612279466
3.442,0.000688945758603725,0.0952036822923756,-0.0019166130581763899,-0.000109870801392413,-0.00180666539027139,0.000197976967537227,8.949074768746971e-08,0.000197881152992873,-0.0159903446648919,2.69618425530023e-07,-0.0159906170333466,1.268685913958832e-05,3.96723430923319e-07,1.2289918165817431e-05,0.30241107161973546,-1.7574294062412154e-07,0.3024112476964863
3.462,0.000876219191479241,0.0953472686319163,-0.0019610323629177897,-0.000146947338442926,-0.0018139626337030101,0.000188548058919475,1.1739442047032001e-07,0.00018842078681373002,-0.0160024145108418,3.86275858953115e-07,-0.0160028050649932,1.759384883723893e-05,7.262189608532839e-07,1.6867156137061816e-05,0.307291797157983,-2.76831553336572e-07,0.3072920754043379
3.482,0.00109548262793168,0.095475863947973,-0.00201340091853747,-0.000192347151155167,-0.00182086502354678,0.00017887021382283,1.4672500185050598e-07,0.000178708516347006,-0.0160120378649554,5.34598899924739e-07,-0.016012578951686,2.392845926828997e-05,1.2738025125036625e-06,2.2653679667340487e-05,0.3121827324871997,-4.1893899197645234e-07,0.31218315450063194
3.502,0.00134889647047613,0.0955893809838389,-0.0020746818293074,-0.000247028797055363,-0.00182736995082565,0.000168952414497644,1.74416556130306e-07,0.000168756071880967,-0.0160192017116542,7.177384558121621e-07,-0.0160199289704633,3.2004862566880925e-05,2.1517445373833732e-06,2.9851195706561297e-05,0.3170823648772292,-6.12391445695878e-07,0.3170829828151916
3.522,0.00163833463607531,0.0956877359449283,-0.00214580455369789,-0.000311914674687608,-0.0018334755585328601,0.00015880241011665,1.95644666684832e-07,0.000158575398266826,-0.0160238948984116,9.376850278391729e-07,-0.0160248461918926,4.21930194562939e-05,3.514998291533841e-06,3.867439319480161e-05,0.3219891695024291,-8.683115427628227e-07,0.32199004693482847
3.542,0.00196532945439575,0.095770848521164,-0.00222764128993432,-0.000387867372944488,-0.00183918052050422,0.000148426662623787,2.03886957010081e-07,0.00014817885875024098,-0.0160261084128137,1.19493103188093e-06,-0.0160273223729519,5.4927259359587895e-05,5.571688109460669e-06,4.934897307576448e-05,0.3269016109405592,-1.198192870143771e-06,0.3269028233029464
3.562,0.00233101814911436,0.0958386419075887,-0.0023209832997338,-0.000475665364269987,-0.00184448439792645,0.000137830032550422,1.9064009336915698e-07,0.000137579163639548,-0.0160258358025514,1.4882178441162501e-06,-0.0160273499847704,7.071532359962979e-05,8.59440961620877e-06,6.210930616101056e-05,0.3318181447746977,-1.6133885121505535e-06,0.33181977929977885
3.582,0.0027360915668547,0.0958910428251477,-0.00242651632921758,-0.000575978536058917,-0.00184938734466939,0.000127015467124871,1.44991727097372e-07,0.000126789277882207,-0.0160230735294799,1.81390643614912e-06,-0.0160249221764581,9.014744907397297e-05,1.2931900842989106e-05,7.719573262228594e-05,0.33673721934254897,-2.1244684301267036e-06,0.3367393743473005
3.602,0.00318074580782221,0.0959279815398843,-0.0025447965502437397,-0.000689343740373648,-0.0018538901989358,0.00011598366910176499,5.36370580030148e-08,0.000115822278348374,-0.0160178212445982,2.1657862180671903e-06,-0.0160200326723204,0.00011390493030584585,1.9020498937100254e-05,9.485152037081437e-05,0.3416572775922665,-2.7404176872101187e-06,0.3416600610012591
3.622,0.00366463739540126,0.095949391881772,-0.0026762271468843,-0.000816140921070893,-0.0018579946819123699,0.000104733209214547,-9.93186840470302e-08,0.000104691616530017,-0.0160100823430494,2.53472310947451e-06,-0.0160126759704935,0.00014276747008056266,2.7394658807814775e-05,0.00011531951033069209,0.34657675907387014,-3.4678031033014654e-06,0.34658028606610514
3.642,0.004186842598768821,0.0959552112620973,-0.00282103536622568,-0.000956570306922589,-0.00186170311906701,9.32600291578543e-05,-3.3254099076493203e-07,9.341072739930641e-05,-0.0159998639787324,2.9082612893295e-06,-0.0160028470327581,0.0001776185043435341,3.869568754718931e-05,0.0001388384762591823,0.35149410202966497,-4.30977290694155e-06,0.3514984917062006
3.662,0.00474582149324609,0.0959453806906523,-0.00297925131914294,-0.00111063092520118,-0.00186501859395583,8.15574768355226e-05,-6.67443969717907e-07,8.19931185637914e-05,-0.0159871775255112,3.27041244410363e-06,-0.0159905414614101,0.00021944759455497356,5.36777501511263e-05,0.00016563923403552165,0.3564077455528535,-5.26501046122625e-06,0.35641311653598196
3.682,0.00533938730783112,0.0959198447917365,-0.00315068840635783,-0.00127810061430647,-0.00186794506420173,6.96162800548671e-05,-1.1281904132473498e-06,7.04523379178413e-05,-0.0159720387753225,3.6014686784587897e-06,-0.0159757554608639,0.00026934892392484563,7.321013619876329e-05,0.00019594054369719601,0.36131613185887074,-6.3266001738942595e-06,0.3613225967497428
3.702,0.00596468156830951,0.09587855181895,-0.00333492536031876,-0.00145851854275707,-0.00187048710584558,5.7424578559652794e-05,-1.7416843530191399e-06,5.880193337759809e-05,-0.0159544680350625,3.87781868575343e-06,-0.0159584857541027,0.0003285149104782659,9.827476393342624e-05,0.00022994484459740093,0.36621770859977,-7.480877701837884e-06,0.36622536724024285
3.722,0.00661815549810063,0.0958214536696243,-0.0035312909830471396,-0.00165116950032373,-0.00187265007514082,4.49678145342599e-05,-2.53723729809357e-06,4.7055200209462394e-05,-0.0159344901644672,4.07180727304482e-06,-0.0159387295037418,0.0003982239898074342,0.0001299579311442486,0.00026783387106900114,0.3711109311737939,-8.70621523095182e-06,0.3711198626799582
3.742,0.007295558087469321,0.0957485058982348,-0.0037388512498939,-0.00185507123804672,-0.00187444009003315,3.22291357036378e-05,-3.54661453947908e-06,3.52253644238908e-05,-0.0159121348314562,4.15190405257395e-06,-0.0159164845176463,0.00047982172137309885,0.000169435420593458,0.0003097642033263762,0.3759942650894359,-9.971844560832051e-06,0.3760045186475395
3.762,0.007991931185884791,0.0956596677286738,-0.00395639905773355,-0.00206896449702883,-0.0018758638570842302,1.9189568609515303e-05,-4.80349434614197e-06,2.332545998749e-05,-0.0158874361521667,4.08256028017782e-06,-0.0158917489130939,0.0005746945243171513,0.00021795023560436941,0.0003558628003966863,0.3808661883008233,-1.1236702852493168e-05,0.3808777727412564
3.782,0.00870161191211007,0.0955549020660749,-0.0041824472635756,-0.00229130618435013,-0.0018769287643637899,5.82819236809437e-06,-6.34302686242556e-06,1.1368129480232302e-05,-0.0158604326829115,3.8245406779380895e-06,-0.0158645212118036,0.0006842355885782148,0.00027678247603801597,0.0004062225724698329,0.38572519342467454,-1.244831920867267e-05,0.3857380656165042
3.802,0.00941824261283427,0.0954341755071354,-0.0044152247733618795,-0.0025202658456621604,-0.00187764280287557,-7.877153983477381e-06,-8.20167841597746e-06,-6.34118131050477e-07,-0.0158311673281352,3.33498999676924e-06,-0.0158348004341461,0.0008098028039614406,0.0003472111650375205,0.00046089804872095447,0.3905697899854912,-1.3541801568027788e-05,0.39058384212186725
3.822,0.0101347885337748,0.095297458350249,-0.00465267608247389,-0.00275372567699726,-0.0018780145532807,-2.19496509347238e-05,-1.04163169922399e-05,-1.26692088555513e-05,-0.0157996868543782,2.56798754339962e-06,-0.0158025858859409,0.0009526689110510237,0.00043046821762468356,0.0005199011943972481,0.3953985064889748,-1.4438928983424313e-05,0.3954135523626074
3.842,0.0108435632975795,0.095144724604154,-0.00489246412015646,-0.00298928402016552,-0.0018780529520003898,-3.64127713246878e-05,-1.30237700353575e-05,-2.4725365562695398e-05,-0.0157660414821927,1.4747275554254299e-06,-0.0157678771172788,0.001113964498723674,0.0005276851554515711,0.0005831974299947255,0.40020989235163795,-1.5047414513103646e-05,0.4002256527495825
3.862,0.0115362622115059,0.0949759519958737,-0.00513197719489634,-0.00322426287447307,-0.00187776753227825,-5.12896830799783e-05,-1.6060109725177802e-05,-3.67911580901121e-05,-0.0157302846218563,4.245480441144621e-09,-0.0157306741145354,0.0012946149475794697,0.0006398336684800036,0.0006507019106277067,0.4050025196930721,-1.526029946801871e-05,0.40501860706997517
3.882,0.0122040033549148,0.0947911219779836,-0.0053683390348233,-0.00345571880069444,-0.0018771680721984,-6.66025479714026e-05,-1.9559990462769e-05,-4.88555029864422e-05,-0.0156924721515,-1.8961094293367699e-06,-0.0156909771288104,0.0014952729125015762,0.0007676616079589985,0.0007222761153751625,0.4097749849493217,-1.4955604062609098e-05,0.4097908875672333
3.902,0.0128373763229296,0.09459021973448,-0.00559842299468461,-0.0036804579531260397,-0.00187626470878401,-8.237188554639731e-05,-2.3555670643918e-05,-6.09077721471936e-05,-0.0156526615918827,-4.27987873941119e-06,-0.0156487864941373,0.0017162484522331343,0.0009116265365867348,0.0007977247939306662,0.4145259101971283,-1.3996169426165417e-05,0.4145409759489244
3.922,0.0134264984289732,0.0943732341865635,-0.00581886963302436,-0.003895054862515,-0.00187506775025137,-9.86156377358437e-05,-2.80763948060797e-05,-7.293763542737041e-05,-0.0156109115966575,-7.200843753627029e-06,-0.0156041028543028,0.0019574394269652744,0.0010718294648484818,0.0008767933200460373,0.41925394424776047,-1.2229774249132337e-05,0.41926736440865975
3.942,0.01396107809552,0.0941401579961597,-0.0060261081563528895,-0.00409587462341799,-0.0018735877748128399,-0.000115348554053274,-3.31474530317722e-05,-8.49352508240385e-05,-0.0155672809638435,-1.07120262897164e-05,-0.0155569269967907,0.002218265262416924,0.0012479518858330525,0.000959165496962031,0.42395776349254527,-9.489512084120452e-06,0.423968556670122
3.962,0.0144304850904715,0.0938909875702695,-0.00621638098668601,-0.00427909900052753,-0.00187183537315377,-0.000132581244577854,-3.87892483163532e-05,-9.68911349674874e-05,-0.01552182765457,-1.4864916078017499e-05,-0.0155072597794927,0.00249760759613773,0.0014391996399549653,0.0010444618494328155,0.4286360723881149,-5.594486168605989e-06,0.4286430689631713
3.982,0.0148238271960219,0.0936257230627985,-0.00638577194456259,-0.0044407557546811294,-0.0018698211936874602,-0.000150319349690394,-4.5016542214481895e-05,-0.00010879615036445501,-0.0154746078847396,-1.97083873107358e-05,-0.0154551022133813,0.0027937616731827327,0.0016442574992072908,0.0011322384387762135,0.43328760364494046,-3.507771186288432e-07,0.43328943101782297
4.002,0.0151300328292775,0.0933443683765082,-0.00653023748161474,-0.00457675119130578,-0.00186755590229013,-0.00016856279875989598,-5.18374982767826e-05,-0.00012064158660357199,-0.0154256750677789,-2.5287748532866e-05,-0.015400455462941,0.0031044026030389265,0.0018612585738524109,0.0012219862370807313,0.43791111809866307,6.447237395442588e-06,0.437906187072163
4.022,0.0153379390688533,0.0930469311635503,-0.0066456407190383605,-0.00468290561471846,-0.00186505005423773,-0.000187304952220585,-5.92528686431533e-05,-0.00013241909624211,-0.0153750785796718,-3.16436171488403e-05,-0.0153433207356291,0.0034265706916810886,0.0020877727589386254,0.0013131310802206738,0.44250540419042345,1.501526009723608e-05,0.44249189683204293
4.042,0.0154363844805787,0.0927334228254677,-0.00672778825174909,-0.004754991676474121,-0.00186231408673484,-0.00020653174543583898,-6.72551966334311e-05,-0.000144120607486719,-0.0153228627426395,-3.8811018907472205e-05,-0.015283699457266,0.003756680035221759,0.002320818388083551,0.0014050342233185634,0.4470692771394441,2.5577143810551567e-05,0.44704513647950817
4.062,0.0154143060782869,0.0924038585118987,-0.00677246925285841,-0.00478877497307508,-0.0018593582655746898,-0.00022622106869811602,-7.582794159299641e-05,-0.000155738435828531,-0.0152690654648557,-4.6818034499679e-05,-0.0152215931335775,0.004090554359580592,0.002556901044302384,0.0014969935161995229,0.45160157770494985,3.836262782345372e-05,0.4515644996288085
4.082,0.0152608397035549,0.0920582571185411,-0.00677549647755594,-0.0047800564357838105,-0.0018561925084397898,-0.000246342113829598,-8.49448623859481e-05,-0.000167265300402626,-0.0152137170883577,-5.56849877351639e-05,-0.0151570034719067,0.004423493697589415,0.002792083045491583,0.0015882452008728403,0.4561011706301625,5.360476652870564e-05,0.4560485983245618
4.102,0.0149654230610624,0.0916966412845107,-0.0067327492250871795,-0.00472471714704665,-0.00185282647930695,-0.00026685449223894504,-9.45693973726865e-05,-0.000178694051326465,-0.0151568390851131,-6.54232186901389e-05,-0.0150899323642112,0.004750374947595417,0.0030220865776095867,0.0016779663482049507,0.46056694270083,7.153710181372888e-05,0.4604960640102149
4.122,0.0145179006049712,0.0913190373879051,-0.0066402173157971206,-0.00461876344787836,-0.0018492694007624698,-0.000287707984334487,-0.00010465393167796899,-0.000190017944634789,-0.0150984427657845,-7.603413485439491e-05,-0.0150203818915818,0.005065788575571689,0.00324243261088692,0.0017652779220218733,0.46499780047368083,9.239053194118252e-05,0.464905548510088
4.142,0.0139086294364612,0.0909254755414882,-0.00649404619862691,-0.00445837370484495,-0.0018455300787312398,-0.000308841890522721,-0.000115139469311718,-0.000201230430384609,-0.0150385280658994,-8.75081788931263e-05,-0.0149483543987997,0.005364212804303189,0.0034486167834609787,0.0018492484754242936,0.469392667668376,0.00011638996713598578,0.46927572500272163
4.162,0.0131285853439383,0.0905159895870801,-0.00629058236207977,-0.0042399452346964794,-0.0018416167429631102,-0.000330184709217327,-0.00012595529567816202,-0.000212325162909298,-0.0149770823813372,-9.98239592793793e-05,-0.0148738525795392,0.005640225499804649,0.0036363223085235123,0.0019288984573188246,0.4737504822734805,0.00014375075426513348,0.473605289011415
4.182,0.0121694680952495,0.0900906170886528,-0.0060264190567571605,-0.00396014108959166,-0.0018375371093923801,-0.00035165383846054904,-0.000137018594372604,-0.00022329592458389502,-0.0149140793634755,-0.00011294727286078501,-0.0147968794728538,0.005888752728795797,0.0038016686366366043,0.0020032051265280247,0.4780701933962024,0.00017467493636240698,0.47789295940919774
4.202,0.0110238050768089,0.0896493993250452,-0.00569844144196819,-0.00361593651789272,-0.00183329823795787,-0.000373155475567263,-0.000148234424277761,-0.00023413662515990298,-0.0148494776487048,-0.000126830535483603,-0.0147174383148809,0.0061053515538932535,0.003941493209463722,0.0020711080427881327,0.48235075781724046,0.00020934736702118788,0.48213747936282775
4.222,0.00968505236670587,0.089192381281367,-0.0053038711329835295,-0.00320466458946188,-0.0018289065823441602,-0.000394584498943654,-0.000159495802422531,-0.000244841159630181,-0.0147832201995464,-0.000141412013822436,-0.0146355328892407,0.006286523179907311,0.0040536621508735,0.0021315151169013515,0.4865911364055472,0.0002479317620857041,0.48633761732003195
4.242,0.008147692328950459,0.0887196116401088,-0.004840309366735679,-0.00272406021911282,-0.00182436790878067,-0.00041582476424226097,-0.000170683765727672,-0.00025540353600270497,-0.0147152331704406,-0.00015661517834483302,-0.0145511672668161,0.00643005103574897,0.004137404189761965,0.002183309187130087,0.49079029039668964,0.00029056667010256385,0.49049216798970635
4.262,0.00640732682353901,0.08823114277082,-0.004305778483253021,-0.0021723023661677898,-0.0018196871879565,-0.00043674924756803996,-0.00018166763997217198,-0.000265817733495489,-0.0146454252264411,-0.000172348459032111,-0.0144643458470153,0.006535356860900405,0.004193660582773391,0.0022253550849799675,0.4949471775475095,0.0003373614446682921,0.494599953263522
4.282,0.00446076514203132,0.0877270307183873,-0.00369876145847011,-0.0015480541716215,-0.0018148686667734,-0.00045722045657525996,-0.000192305717840069,-0.000276077664249588,-0.0145736872120773,-0.000188504881877072,-0.0143750735352733,0.006603866406228121,0.004225442349169046,0.0022565071572268587,0.4990607483278973,0.0003883923274092126,0.4986598231706452
4.302,0.00230610580120404,0.0872073351921087,-0.0030182388769207603,-0.00085050011821772,-0.00180991586818288,-0.000477091112541743,-0.00020244567968231002,-0.000286177290377969,-0.0144998917026345,-0.000204961843009935,-0.0142833555959733,0.00663937499237721,0.004238184767396077,0.002275617199869258,0.5031299421927707,0.00044369857607376147,0.5026706568274991
4.322,-5.7188642851360206e-05,0.0866721195520908,-0.00226372279042157,-7.938008186383341e-05,-0.00180483142370933,-0.000496204778112239,-0.00021192536883113202,-0.00029611051892971,-0.014423892854442,-0.00022158123960271098,-0.0141891975417428,0.006648401968152702,0.004240087906495011,0.002281542755320777,0.5071536839315471,0.0005032787916276948,0.5066313632992067
4.342,-0.0026282245599282303,0.0861214507956296,-0.0014352876260104802,0.000764979970988603,-0.00179961723683527,-0.00051439668105582,-0.00022057382893346498,-0.000305871191188008,-0.0143455268822283,-0.00023820965560481699,-0.014092605377739,0.006640522129981876,0.004242431024020678,0.0022731557239194567,0.5111308803250317,0.0005670874826072264,0.5105408825106232
4.362,-0.00540461874556455,0.085555399542814,-0.000533597279042641,0.00168164137404332,-0.0017942744829726898,-0.000531494866693295,-0.000228212298709044,-0.000315453225284023,-0.0142646123400004,-0.00025467839707451004,-0.0139935853351182,0.006628661444486396,0.004259847989234683,0.0022493512345171532,0.5150604170911901,0.0006350318566767817,0.514398186099326
4.382,-0.0083824491595013,0.0849740400206276,0.00044007202873069297,0.00266903043541715,-0.00178880341888623,-0.0005473211721470309,-0.00023465531813197997,-0.000324850488667619,-0.0141809509875807,-0.000270804394476898,-0.0138921438649916,0.00662934401449251,0.004310550559455982,0.002209056714709274,0.5189411562522929,0.0007069689605679803,0.5182022782403335
4.402,-0.0115562155484866,0.0843774500469993,0.00148381275616993,0.0037249205454656796,-0.00178320360516048,-0.000561692513433744,-0.000239712178983863,-0.000334056848564385,-0.0140943290279478,-0.000286390577011513,-0.0137882876653713,0.006662877191729825,0.00441648638020811,0.002151241101503877,0.5227719339992245,0.0007827032258905596,0.5219521964313704
4.422,-0.0149188105352077,0.0837657110127816,0.0025950718874514,0.00484641918724812,-0.0017774739048720101,-0.000574422249082293,-0.000243188397582648,-0.000343066171506104,-0.0140045184627705,-0.000301226750221157,-0.0136820234380818,0.006753462079939271,0.0046034190180562744,0.002074924119339126,0.5265515591748596,0.0008619843930033253,0.5256470122573252
4.442,-0.0184615016852414,0.0831389078645407,0.00377064181728399,0.00602996030887872,-0.00177161232964025,-0.0005853217098116519,-0.0002448871746906,-0.000351872399576508,-0.0139112791216907,-0.00031509068905617596,-0.0135733579721695,0.006929217465416489,0.004900918230963302,0.001979185569213061,0.5302788124227351,0.000944505934160667,0.5292858320896163
4.462,-0.0221739249888588,0.0824971290848956,0.00500665586232083,0.007271301809734609,-0.00176561631733522,-0.000594201669103641,-0.000244611128651735,-0.000360469470969635,-0.0138143607399912,-0.000327749218940761,-0.0134622978975122,0.007222106389417756,0.0053422499949649675,0.0018631745445930729,0.5339524461357154,0.0010299040012776886,0.5328677977720223
4.482,-0.0260440901147101,0.0818404666726669,0.006298589479151221,0.008565528542861021,-0.0017594826198328102,-0.0006008740896391781,-0.000242164186489656,-0.000368851428273491,-0.0137135058893252,-0.000338959554156232,-0.0133488499095871,0.007667756237565758,0.005964157573398912,0.0017261185033401777,0.537571185254886,0.0011177568958452562,0.5363920872615352
4.502,-0.0300583977086797,0.0811690161226805,0.007641266794230041,0.0099070614323681,-0.00175320729337877,-0.0006051537309918049,-0.000237353245005742,-0.00037701229957812996,-0.0136084526714117,-0.000348470933087618,-0.0132330204134396,0.00830516529052647,0.006806527128377999,0.0015673321301052237,0.5411337290338448,0.0012075851653696272,0.5398579152692605
4.522,-0.0342016689237031,0.0804828764033619,0.00902887262174055,0.0112896719270142,-0.00174678582824956,-0.000606860062057442,-0.00022999030317876002,-0.00038494625514527003,-0.0134989382355317,-0.000356026145084301,-0.0131148156612613,0.009176291131132037,0.00791193397386843,0.001386225899551015,0.5446387537312581,0.0012988523064345007,0.5432645338132096
4.542,-0.038457187276283,0.0797821499351419,0.0104549701106753,0.0127065026153708,-0.00174021324475245,-0.000605819071041773,-0.000219894333314428,-0.000392647575571458,-0.0133847024875668,-0.000361363444830142,-0.0129942417840717,0.01032551913926673,0.009325068505785418,0.0011823142619351475,0.5480849164085715,0.0013909660936459044,0.5466112328195087
4.562,-0.0428067528327602,0.0790669425666697,0.0119125244077007,0.0141500940541377,-0.00173348394250913,-0.000601865038587354,-0.00020689335905029298,-0.000400110589539839,-0.0132654919947411,-0.000364218528679985,-0.0128713047268677,0.011799012452419119,0.011092044178268388,0.0009552233758093102,0.5514708597642894,0.0014832806048642427,0.5498973406764308
4.582,-0.0472307486348395,0.0783373635506811,0.0133939315999543,0.0156124169172006,-0.0017265919457392599,-0.0005948424781141889,-0.00019082648143448798,-0.000407329701878876,-0.0131410641215476,-0.000364326635311459,-0.012746010267285,0.013643948158593029,0.013259593321949177,0.0007046983211935474,0.5547952180384381,0.0015750988830704176,0.5531222247788875
4.602,-0.0517082191791795,0.0775935255193831,0.0148910535914312,0.0170849106502855,-0.00171953091496969,-0.0005846081489202,-0.000171546099967305,-0.000414299541048144,-0.0130111916068632,-0.000361424879077622,-0.0126183642567811,0.015907647983696167,0.01587416027438732,0.00043060967153203157,0.5580566239872627,0.0016656763189522674,0.556285292077783
4.622,-0.0562169606708556,0.0768355444586304,0.0163952585871486,0.0185585277613252,-0.00171229412269824,-0.000571032775492897,-0.000148919772855756,-0.00042101478111460495,-0.0128756668769183,-0.000355254670115168,-0.0124883725772968,0.018636615452616273,0.018980905050896776,0.00013295940547792292,0.561253716905746,0.0017542246926997942,0.5593859896579592
4.642,-0.060733622676869,0.0760635396810836,0.0178974668266366,0.0200237836369643,-0.0017048746643754,-0.0005540029695709941,-0.000122832547509489,-0.000427470200499725,-0.0127343065051124,-0.00034556412136285697,-0.0123560411712633,0.021875495003229564,0.022622634367112558,-0.00018811396992853807,0.5643851515602929,0.0018399169051620697,0.5624238052640179
4.662,-0.0652338207133237,0.0752776337991079,0.0193882017279242,0.0214708117818058,-0.00169726545304973,-0.000533423177953197,-9.31887973401976e-05,-0.000433660784963771,-0.0125869558509349,-0.000332110808325505,-0.0122213764224928,0.025665972060304614,0.026838680325655128,-0.0005323311329562608,0.5674496080351905,0.0019218923444728295,0.5653982678794482
4.682,-0.0696922592094071,0.0744779526964637,0.0208576460841222,0.0228894246242577,-0.00168945924607429,-0.0005092172935406821,-5.9914329775711705e-05,-0.000439581573325681,-0.0124334932419119,-0.000314664508771004,-0.0120843851482926,0.030045636309704624,0.03166375038110761,-0.0008992685599789265,0.5704458023528254,0.00199926293895628,0.5683089483249865
4.702,-0.0740828642036382,0.0736646254996183,0.0222957026707407,0.0242691786673145,-0.0016814488757222802,-0.000481330414513908,-2.2958277557147197e-05,-0.00044522767974428205,-0.0122738340636856,-0.000293009812876915,-0.0119450748390481,0.035046833241372505,0.03712677495597902,-0.0012883561183495676,0.5733724977001793,0.002071119772543224,0.5711554598460814
4.722,-0.0783789250445086,0.072837784547209,0.0236920595152232,0.0255994443243996,-0.00167322717619919,-0.000449730512900116,1.77050097416022e-05,-0.00045059432467689807,-0.0121079343859897,-0.000266949207821324,-0.0118034537494965,0.040695531469091994,0.0432497814003851,-0.0016988757085771389,0.5762285161338946,0.0021365402823440797,0.5739374587242603
4.742,-0.0825532442878231,0.0719975653604917,0.0250362588512802,0.0268694798226453,-0.00166478710200466,-0.00041440991325437997,6.207429962207989e-05,-0.000455676795404189,-0.0119357945723067,-0.00023630593950644302,-0.0116595314664037,0.04701023524796491,0.05004682478059732,-0.0021299609369329732,0.5790127505995573,0.002194596021158026,0.5766546449273307
4.762,-0.0865782949079189,0.0711441066113716,0.0263177693116833,0.0280685083728182,-0.0016561219263236699,-0.000375386642513903,0.000110119796099752,-0.000460470346312542,-0.0117574616247509,-0.00020092664822823602,-0.0115133187242206,0.054000972608196036,0.05752300696037072,-0.002580597985631667,0.5817241770535818,0.00224436082997933,0.5793067627793032
4.782,-0.0904263838717631,0.0702775500903309,0.0275260612057148,0.029185798126684,-0.00164722518258294,-0.000332705959177817,0.000161781706669463,-0.000464970461630111,-0.0115730313391502,-0.000160684546454715,-0.0113648277224774,0.06166839020223473,0.06567361558096284,-0.003049627583985773,0.5843618664035815,0.002284919429628174,0.5818936015800927
4.802,-0.094069821061237,0.0693980406737875,0.0286506838211303,0.0302107445842927,-0.0016380907570276199,-0.00028644116847338196,0.00021696891136301102,-0.000469172537450562,-0.0113826498608475,-0.00011548215367423401,-0.011214072559844,0.0700029853984046,0.07448341408283594,-0.003535748188434735,0.586924996169685,0.002315376381997983,0.5844149962988214
4.822,-0.0974810924732548,0.0685057262905199,0.0296813440907595,0.0311329539862719,-0.00162871300638743,-0.00023669478699671603,0.000275557892616251,-0.00047307209143531505,-0.0111865138058759,-6.525379731600621e-05,-0.0110610690277417,0.07898450503689533,0.08392611220339574,-0.0040375203321272035,0.5894128615334778,0.0023348652410765313,0.5868708282281387
4.842,-0.10063303657813,0.0676007578872825,0.0306079862041405,0.0319423274931717,-0.00161908673033724,-0.000183599352453361,0.00033739186161906297,-0.000476664795134847,-0.0109848699247397,-9.96844145470537e-06,-0.0109058348604263,0.08858153807537181,0.09396404402482247,-0.00455337217942784,0.591824885525577,0.002342557873579177,0.589261025580529
4.862,-0.10349902267461,0.066683289393298,0.0314208710989989,0.0326291451900182,-0.0016092071572796599,-0.00012731790164963798,0.000402280007047742,-0.000479946421774725,-0.0107780139089879,5.0367911542856897e-05,-0.0107483900334769,0.09875132648887316,0.10454807726873776,-0.005081606209055365,0.5941606282254821,0.002337673862507479,0.5915855641217719
4.882,-0.10605313004855199,0.0657534776851641,0.0321106549071051,0.0331841487821508,-0.0015990700944369198,-6.80443546258261e-05,0.00046999722338842304,-0.000482912863750537,-0.0105662875836885,0.00011571015751276001,-0.010588756375562,0.10943981479580038,0.11561777335650399,-0.005620407067408968,0.5964197946406128,0.002319489838349235,0.5938444677109199
4.902,-0.10827032671467801,0.0648114825498272,0.0326684660203471,0.0335986220205176,-0.0015886717571238801,-6.00371400953056e-06,0.00054028395918332,-0.00048556027421811795,-0.0103500758341581,0.000185972019826191,-0.0104269579519699,0.1205819541257677,0.12710181252166391,-0.006167850495305818,0.5986022411065066,0.002287348636417625,0.5960378087856156
4.922,-0.11012664650663,0.0638574666475041,0.0330859792662406,0.0338644687130697,-0.0015780089522322198,5.85480636348545e-05,0.0006128463445147991,-0.00048788508677363897,-0.010129802090154,0.000261024272325141,-0.0102630208757498,0.13210227133495653,0.13891869283976702,-0.006721913309278001,0.6007079800715355,0.002240668210121137,0.5981657088238844
4.942,-0.11159936327214301,0.0628915954737062,0.0333554870235111,0.0339742860272262,-0.00156707893980183,0.000125324527831685,0.00068735683544894,-0.0004898839878329331,-0.00990592284643788,0.000340693709556965,-0.0100969731187089,0.14391570782190294,0.1509777054174869,-0.007280484368348027,0.6027371830388092,0.002178950122084766,0.6002283386863362
4.962,-0.11266716093184698,0.0619140373207629,0.0334699660101604,0.0339214337061963,-0.00155587950369429,0.000194009265358149,0.000763454925187458,-0.000491554118492049,-0.009678921507669141,0.000424761875241885,-0.00992884446735613,0.155928726351966,0.16318018145571062,-0.007841376445021867,0.6046901815973226,0.002101787490542725,0.6022259188792242
4.982,-0.11331029817108901,0.0609249632383615,0.0334231392989844,0.0337000971229165,-0.0015444089647947401,0.000264256888804728,0.000840748433965274,-0.000492893071288135,-0.00944930140166091,0.0005129646850050361,-0.00975866639829942,0.16804067758044314,0.17542099977354594,-0.008402338932546171,0.6065674664978083,0.002008872341602574,0.6041587197550439
5.002,-0.113510766552887,0.0599245469933961,0.0332095328308737,0.0333053444333865,-0.00153266613876517,0.000335694296432042,0.000918815077159267,-0.0004938989418467741,-0.00921757791830336,0.000604992276115269,-0.00958647166457127,0.18014541119421157,0.1875903364726363,-0.008961071299510699,0.608369684692102,0.0019000021502065588,0.6060270615777695
5.022,-0.11325244087106301,0.0589129650297996,0.0328245258875496,0.0327331762208301,-0.00152065038289633,0.000407922102523596,0.00099720425223705,-0.000494570498864767,-0.00898427054830908,0.0007004894709193519,-0.00941229431961582,0.19213311000419234,0.19957563131460102,-0.009515237163846365,0.610097634421077,0.0017750855058733849,0.6078313145210763
5.042,-0.11252122059738301,0.0578903964269431,0.0322643950378113,0.0319805682803605,-0.00150836162485434,0.000480516433177633,0.0010754394052939198,-0.000494907277164543,-0.00874989421639593,0.000799056412764225,-0.00923616922847744,0.20389231879139866,0.2112637390665846,-0.010062478941942695,0.6117522583949382,0.0016341468058665518,0.6095718985502929
5.062,-0.111305161324902,0.0568570228577239,0.0315263514524121,0.0310455059108675,-0.00149580026365142,0.000553031275951234,0.00115302072143129,-0.0004949094159637469,-0.00851495085213606,0.00090025024294855,-0.00905813192341737,0.21531213390136109,0.22254322782961714,-0.010600432868768685,0.6133346352150438,0.0014773298331060285,0.6112492832100271
5.082,-0.109594595164031,0.0558130285458257,0.0306085711013531,0.0299270106055019,-0.00148296728882824,0.000625000630989204,0.0012294278834812699,-0.0004945780226581509,-0.00827992097260208,0.00100358675795686,-0.00887821837121736,0.22628451409231107,0.23330678120301135,-0.011126744335030936,0.614845969222794,0.0013049001560653908,0.612863987323361
5.102,-0.10738223910999901,0.0547586002231686,0.029510218018624,0.0286251584378588,-0.00146986427105354,0.0006959412313124679,0.00130412354623151,-0.0004939151626694269,-0.008045255655557979,0.00110854292343235,-0.00869646466322026,0.2367066686011343,0.24345365671347768,-0.011639083417779562,0.6162875790125504,0.0011172462777935838,0.6144165786161657
5.122,-0.10466329047190899,0.0536939270853213,0.0282314606967402,0.0271410905098718,-0.00145649339202195,0.000765355728360874,0.00137655688902028,-0.0004929237216461161,-0.007811369189635241,0.00121455981549531,-0.00851290681172011,0.24648347475993224,0.2528921495392987,-0.012135160429255302,0.6176608848572045,0.000914879455341522,0.6159076732428498
5.142,-0.10143550853062899,0.0526192007475708,0.0267734818462762,0.0254770156727235,-0.00144285745494923,0.000832735689589773,0.0014461672928108,-0.000491607664266534,-0.00757863262963357,0.00132104596927725,-0.008327580611715709,0.25552987474141947,0.2615420083462189,-0.012612741399903558,0.6189673953931512,0.0006984321521488248,0.6173379352648178
5.162,-0.0976992816783778,0.051534615199765,0.0251384818256065,0.0236362060494419,-0.00142895994566585,0.0008975651326914539,0.00151238873753756,-0.0004899719584058241,-0.007347368523074021,0.0014273811468662801,-0.00814052154394494,0.26377319950082095,0.26933674900040333,-0.013069663322156259,0.6202086938784452,0.00046865512986478224,0.6187080760809516
5.182,-0.0934576793818154,0.0504403667610008,0.0233296761477809,0.0216229858325161,-0.00141480509251418,0.0009593242519537119,0.0015746538047817801,-0.0004880225295760231,-0.0071178468454552,0.00153292082446714,-0.007951764573209159,0.2711553674361043,0.2762258121929132,-0.013503849047030596,0.6213864243767384,0.00022641312418003902,0.6200188537959618
5.202,-0.0887164884094552,0.0493366540330694,0.0213512878253566,0.019442714063484,-0.0014003978558556,0.00101749320078083,0.0016323981391422099,-0.000485766271885539,-0.00689028271700945,0.0016370004700429301,-0.0077613444480079405,0.2776349060232285,0.2821765123437079,-0.013913321691293862,0.6225022782354932,-2.7320832993469723e-05,0.621271072591536
5.222,-0.0834842328626211,0.0482236778541772,0.0192085348298873,0.0171017621429146,-0.00138574388603165,0.00107155603943956,0.0016850650397765901,-0.00048321103378373204,-0.00666483535797782,0.00173894062296374,-0.007569295392489721,0.2831887465361604,0.28717572789217366,-0.014296218355616728,0.6235579811767195,-0.0002914724020777872,0.6224655820602106
5.242,-0.0777721776569154,0.0471016412513897,0.0169076131948582,0.0146074868839739,-0.00137084977357571,0.00112100495781699,0.00173211002839178,-0.000480365430730035,-0.00644160926269768,0.00183805200141823,-0.00737565156835233,0.2878137446585982,0.29123128676807275,-0.014650803147741275,0.6245552813414461,-0.0005648742221531495,0.623603276535009
5.262,-0.0715943152090748,0.045970749393162,0.0144556769534842,0.0119681998974909,-0.0013557227055318,0.00116534428789283,0.0017730050824833,-0.00047723882019218896,-0.00622065675187459,0.00193364057845442,-0.0071804470353938705,0.2915278839811627,0.29437300566184527,-0.014975479250639221,0.6254959385735744,-0.0008462753440757188,0.624685094429527
5.282,-0.0649673351955505,0.044831209540833,0.0118608142934022,0.0091931337499078,-0.00134037076848755,0.00120409460946317,0.0018072435073677102,-0.000473841250208983,-0.00600198241833195,0.00202501317406362,-0.00698371613238863,0.29437112400104615,0.29665334734469084,-0.015268799982767926,0.6263817151575343,-0.0011343517625974867,0.6257120175716474
5.302,-0.0579105773636984,0.0436832309997228,0.009132021421232029,0.00629240619642083,-0.00132480270223059,0.00123679695239924,0.0018343439622600399,-0.00047018325077303205,-0.00578554915862187,0.00211148264251964,-0.0067854935052472296,0.29640586001360275,0.29814766683663274,-0.015529478753536488,0.6272143682215515,-0.0014277179220901475,0.6266850705403119
5.322,-0.0504459674906099,0.0425270250703339,0.00627917386949682,0.00327698232306176,-0.0013090279334318198,0.00126301666680058,0.0018538547338224102,-0.000466275779503572,-0.005571285730567321,0.0021923730710193103,-0.00658581464679686,0.2977169688257555,0.29895402435875934,-0.01575639775864743,0.6279956438969081,-0.0017249390184477563,0.6276053200067951
5.342,-0.0425979366992752,0.0413628049981023,0.00331299525011853,0.000158635083686774,-0.00129305649954663,0.00128234733898838,0.00186535764232405,-0.00046213008675913703,-0.00535909551978681,0.00226702522801816,-0.006384715959238721,0.29841142118018377,0.299192550566916,-0.015948615396787272,0.6287272733051796,-0.002024544025829191,0.6284738740815293
5.362,-0.0343933244570476,0.0401907859231311,0.000245023868369739,-0.00305009504880132,-0.00127689897757471,0.00129441438456999,0.0018684717498487,-0.00045775758319191104,-0.00514886643736151,0.00233480116595669,-0.00618223513629721,0.298617449525292,0.2990043577854335,-0.016105372301253102,0.6294109703423322,-0.0023250392439678733,0.629291881647874
5.382,-0.0258612656943239,0.0390111848298897,-0.00291242308033617,-0.00633594218791436,-0.0012605663433577301,0.0012988785042009699,0.0018628566557260602,-0.000453169729189188,-0.00494048126506798,0.00239508909965756,-0.00597841127748108,0.2984832678858236,0.2985499992441422,-0.01622609595862318,0.6300484311475641,-0.0026249222067498876,0.6300605316696215
5.402,-0.0170330625916294,0.037824220495636,-0.0061462883550905895,-0.00968495857579232,-0.00124406976088902,0.00129543873376423,0.00184821562729079,-0.00044837803100103603,-0.00473382888437905,0.00244730794537754,-0.00577328530267363,0.2981753490013354,0.2980074868757755,-0.016310403872238,0.6306413351378379,-0.0029226958453950477,0.6307810524994903
5.422,-0.007942041692423041,0.0366301134389416,-0.00944281698445873,-0.0130825601112843,-0.00122742062656484,0.0012838353576597199,0.0018242983404070802,-0.000443393771877814,-0.004528815058671021,0.00249091108266776,-0.00556689982696831,0.2978762726081848,0.2975698869430289,-0.016358105280444117,0.6311913473563014,-0.003216882684934054,0.6314547111257338
5.442,0.00137660289800584,0.0354290858677684,-0.0127876020813691,-0.016513574815227,-0.0012106302659353,0.0012638523633973,0.0017909031224195898,-0.00043822813516116804,-0.00432537317587141,0.00252539026707874,-0.00535929930142336,0.2977821676557654,0.29744252135550414,-0.016369201437744122,0.6317001218719368,-0.003506038929917196,0.6320828123769108
5.462,0.0108859793666373,0.0342213616270621,-0.0161656357798459,-0.0199622944462915,-0.00119370965223225,0.0012353194438196901,0.00174787904504921,-0.000432892129727142,-0.00412347450466201,0.00255027919376157,-0.00515053014703943,0.2980997800741166,0.29783981114241503,-0.016343884477918166,0.6321693059308011,-0.003788768349401422,0.6326666980707922
5.482,0.0205476801454221,0.0330071661454998,-0.0195613655678781,-0.0234125311197478,-0.00117666941903309,0.0011981139569470802,0.00169512761529551,-0.000427396419585049,-0.00392313721626001,0.00256515603739816,-0.00494064042175922,0.29904320651461985,0.2989818068765696,-0.016282534932348085,0.6326005445233627,-0.0040637357298708675,0.6332077461040478
5.502,0.0303219749186864,0.0317867263828238,-0.0229587568333648,-0.026847678643762,-0.00115951955476049,0.00115216213231075,0.00163260408599866,-0.00042175159591613197,-0.00372443428641134,0.00256964649171705,-0.00472967977092165,0.30083034303554923,0.301090458910549,-0.01618571795629062,0.6329954849953102,-0.004329679819366393,0.6337073694420082
5.522,0.0401680135614106,0.030560270775865,-0.0263413625202601,-0.0302507808589806,-0.0011422690280387,0.0010974401453284599,0.0015603184308003,-0.000415967991602806,-0.00352750004398627,0.00256342592099035,-0.00451769920251476,0.30367910581546204,0.3043856878530132,-0.016054178358254633,0.633355781376891,-0.004585425642330528,0.6341670150626049
5.542,0.0500440378078697,0.029328029184789,-0.0296924008458219,-0.0336046072342595,-0.00112492588349033,0.00103397475157335,0.0014783361952025698,-0.000410055863373377,-0.00333253473203458,0.00254622125746612,-0.004304750611871779,0.307803488517143,0.30908132272839367,-0.01588883452109235,0.6336830980850289,-0.004829896044337545,0.6345881627947538
5.562,0.0599076003858251,0.0280902328387566,-0.0329948411235163,-0.0368917366471216,-0.0011074967884985099,0.0009618436868891119,0.00138677892052845,-0.000404025480217574,-0.0031398073965540198,0.00251781264799879,-0.00409088650415466,0.3134095276567447,0.31538098041653084,-0.015690771304002604,0.6339791126737414,-0.005062122382734289,0.6349723240860912
5.582,0.0697157902915976,0.026847114281152,-0.0362314986759531,-0.0400946499702779,-0.0010899868765048,0.000881175599171408,0.00128582437667376,-0.00039788720364545096,-0.00294965655755453,0.0024780350477590102,-0.00387615959186816,0.3206912529738033,0.3234739651332365,-0.015461232070036596,0.6342455173758825,-0.005281254293343976,0.6353210407057717
5.602,0.0794254628328283,0.0255989073146387,-0.0393851386292407,-0.0431958326184347,-0.0010723997232382802,0.000792149899050865,0.00117570672561471,-0.000391651642985971,-0.00276248887458378,0.00242677898131035,-0.00366062205397271,0.32982670427072047,0.33353127071167843,-0.015201609893560038,0.634484019189569,-0.00548656842991505,0.6356358833622039
5.622,0.0889934730250892,0.0243458469464054,-0.0424385887723289,-0.0461778859126832,-0.00105473714169093,0.000694996397074112,0.00105671618505711,-0.000385329668500843,-0.00257877556458454,0.00236399156057894,-0.0034443252895688396,0.3409740990384775,0.345701770891352,-0.014913438058042792,0.6346963383449871,-0.005677476110424151,0.6359184502715912
5.642,0.0983769108980977,0.0230881693316163,-0.0453748607674523,-0.0490236482566897,-0.0010369990540201699,0.000589994584443135,0.0009291988997546571,-0.00037893262879263397,-0.0023990467390917303,0.0022896772125357,-0.00322731933790093,0.3542682363503492,0.3601086835231322,-0.014598379952841483,0.6348842050395019,-0.005853529841365818,0.6361703656858033
5.662,0.107533337246157,0.0218261117184842,-0.0481772792559923,-0.0517163251164903,-0.00101918348953062,0.000477473021504294,0.000793556239323766,-0.000372472375090273,-0.00222388342627593,0.00220389786418173,-0.00300965231361885,0.36981722165528336,0.37684639358637867,-0.014258218435088219,0.6350493543824921,-0.006014428641664904,0.6363932783854359
5.682,0.116421018346525,0.0205599123919627,-0.0508296176891987,-0.0542396266609796,-0.0010012866949318802,0.000357808346150709,0.0006502442070779509,-0.000365961369857759,-0.00205390764415066,0.00210677334444855,-0.0027913700626489802,0.3876995942059838,0.39597771651769326,-0.013894844676370538,0.635193519575901,-0.006160022139970995,0.6365888601542459
5.702,0.124999158169083,0.0192898106167826,-0.0533162394121121,-0.0565779120306099,-0.000983303003438654,0.000231424412937819,0.0004997724800805509,-0.000359412648758498,-0.0018897704391534198,0.00199848116960334,-0.0025725157680468397,0.4079619336034905,0.41753167780942024,-0.013510246604049737,0.635318423419268,-0.006290313409740728,0.636758804263699
5.722,0.133228126608389,0.0180160465818688,-0.0556222420453027,-0.0587163383247221,-0.0009652250836752161,9.879111519351659e-05,0.000342703208831336,-0.000352839980302898,-0.00173213816253862,0.0018792563377763398,-0.0023531296854599,0.430617014394681,0.4415018770423289,-0.013106496945939768,0.635425768296729,-0.006405460511999434,0.6369048239672227
5.742,0.141069682290927,0.0167388613425481,-0.0577336032426101,-0.0606410120469168,-0.000947044185162715,-3.9576711180281896e-05,0.000179649532392857,-0.000346257678836327,-0.0015816769844944698,0.0017493908248600199,-0.0021332487994163898,0.4556425677538809,0.4678454941231014,-0.012685740849750764,0.6355172248709648,-0.006505776737765381,0.6370286510279116
5.762,0.148487188537147,0.0154584967643793,-0.0596373255881854,-0.0623391406184616,-0.000928750145126597,-0.000183120677699652,1.12738617093605e-05,-0.000339680607756992,-0.00143903591643256,0.00160923272345278,-0.00191290688743027,0.48298069743334704,0.49648298309853545,-0.012250183144617377,0.6355944197685798,-0.0065917295303593,0.6371320342841421
5.782,0.155445821098941,0.014175195465154,-0.0613215770558289,-0.063799181001857,-0.000910331733118135,-0.00033124025937336497,-0.000161714484105338,-0.00033312406537621,-0.00130482881915455,0.00145918518558058,-0.00169213445176746,0.5125379828509814,0.5272984842429146,-0.011802075302583358,0.6356589226087331,-0.006663938087809176,0.6372167382780309
5.802,0.16191276634075102,0.0128892007580362,-0.0627758252073127,-0.0650109823245821,-0.000891776976851398,-0.00048329447429075305,-0.000338561890882188,-0.000326603601796909,-0.00117961525590774,0.00129970514549383,-0.00147095871556505,0.544186286522994,0.5601409687366836,-0.011343701972945187,0.6357122327770023,-0.006723169660044445,0.6372845419323507
5.822,0.16785740859082598,0.0116007565936317,-0.0639909617232295,-0.065965919420733,-0.000873073381462282,-0.000638603886913474,-0.000518473607188531,-0.000320134763829502,-0.0010638808224501,0.00113130154600351,-0.0012494039988818599,0.5777642661858003,0.5948261125114174,-0.010877367222438735,0.6357557663844154,-0.006770334547961146,0.6373372372978916
5.842,0.17325150545624,0.0103101075026103,-0.0649594138834059,-0.0666570134918439,-0.000854208290420003,-0.000796452678938251,-0.000700617586247409,-0.00031373284515577403,-0.000958017072514943,0.0009545334357341289,-0.00102749192837443,0.613079573842796,0.6311388770516417,-0.010405380464751904,0.6357908438933783,-0.006806479836325436,0.6373766283654336
5.862,0.17806934996930104,0.00901749853736125,-0.0656752403907285,-0.0670790370517409,-0.000835169122069751,-0.000956091392005098,-0.000884128890922038,-0.000307412649890385,-0.000862301834056409,0.0007700078790902309,-0.000805241764161317,0.649911705819173,0.6688367560153412,-0.009930042133684772,0.6358186789238859,-0.006832781900383747,0.6374045299364014
5.882,0.18228791851742399,0.00772317521461454,-0.0661342091579824,-0.0672285996615712,-0.000815943803311465,-0.00111674001127816,-0.00106811455480168,-0.00030118812628866,-0.00077687971034512,0.000578377344463199,-0.000582670907837898,0.6880154504189423,0.7076536277967489,-0.009453629136427786,0.635840368756637,-0.0068505377320841375,0.6374227665500216
5.902,0.18588700359847002,0.00642738345657891,-0.0663338535027216,-0.0671042114273849,-0.0007965209004111401,-0.0012775913044952199,-0.00125165931658814,-0.00029507201400488103,-0.000701743744021058,0.000380337118275407,-0.00035979539947847297,0.7271248627643844,0.7473041365429622,-0.008978380183570242,0.6358568870495216,-0.006861155140062301,0.6374331714606818
5.922,0.18884933053965197,0.0051303695334255,-0.0662735055040953,-0.066706321881102,-0.000776889937169025,-0.0014378150037557698,-0.00143383178216875,-0.000289075603707012,-0.000636718750820261,0.00017662253444973501,-0.000136630391119053,0.7669576811881802,0.7874885079564207,-0.008506481139955061,0.6358690792828893,-0.006866141898290445,0.6374375856511529
5.942,0.19116065742256197,0.0038323800043561897,-0.0659543046757905,-0.0660373320020577,-0.0007570415815283559,-0.00159656233759475,-0.00161369110123236,-0.000283208331179935,-0.0005814464564340321,-3.199404730683e-05,8.680930075208871e-05,0.8072200869296859,0.827897692926037,-0.008040050435706598,0.6358776614001587,-0.006867093910909565,0.6374378568718037
5.962,0.19280985756459001,0.00253366165991487,-0.0653791807053466,-0.0651015779378903,-0.000736967829169731,-0.00175297086609881,-0.00179029424088982,-0.000277477575056056,-0.000535373132372069,-0.00024470615783722004,0.00031050866726412403,0.8476116988023662,0.8682187211194001,-0.007581124761347642,0.6358832220671197,-0.00686568247685611,0.6374358386934702
5.982,0.19378898402027103,0.0012344614629177099,-0.0645528097516745,-0.0639052852983949,-0.000716662051376587,-0.00190617035891689,-0.0019627034516997897,-0.00027188828271456803,-0.000497740878560033,-0.00046067632206097693,0.000534451966282143,0.8878306873035966,0.9081401396960931,-0.007131645140181869,0.6358862289088513,-0.006863640737013491,0.637433389560567
6.002,0.19409331568179,-6.49735095117881e-05,-0.0634815450227487,-0.062456494519381,-0.000696119210421738,-0.00205528856584007,-0.00212999412293883,-0.000266442962001815,-0.000467581812463758,-0.0006790390916943219,0.000758622399269853,0.927578890053715,0.9473574090702678,-0.006693443586059469,0.6358870389885681,-0.006862749391796121,0.637432371832359
6.022,0.193721384679242,-0.00136439612501252,-0.0621733223242524,-0.0607649575685266,-0.000675335742291295,-0.00219945758803896,-0.00229126266234753,-0.00026114132386452797,-0.00044371692466778497,-0.000898904181660751,0.000983001713587107,0.966566810607472,0.9855781286818847,-0.0062682304347965725,0.6358859136902375,-0.006864821777493785,0.6374346508009612
6.042,0.19267498490206897,-0.0026635592537435897,-0.0606375422558639,-0.058842007543364,-0.000654309655554,-0.00233782088919202,-0.00244563441135088,-0.000255980337892752,-0.000424759415608659,-0.0011193594556380801,0.00120756990312119,1.004518387301461,1.0225269705841558,-0.005857582647926818,0.6358830380452656,-0.00687168839230216,0.6374420936789759
6.062,0.19095916158522896,-0.0039622158275231,-0.0588849318348091,-0.0567004044261137,-0.000633040459686509,-0.0024695403896525603,-0.00259227145426473,-0.000250954274088312,-0.00040912292756275,-0.0013394743099830301,0.00143230512273418,1.0411754267210047,1.057950208220363,-0.005462933066236987,0.6358785444014453,-0.006885180963752671,0.6374565685497042
6.082,0.18858218202891897,-0.00526011889817283,-0.0569273885798306,-0.0543541591830311,-0.0006115290673929981,-0.00259380358708548,-0.0027303800661935,-0.000246054673492672,-0.000395034942808958,-0.00155830273174214,0.00165718356964375,1.0763016079132275,1.0916197405042367,-0.00508556093264577,0.6358725401861985,-0.006907116152751845,0.6374799432774096
6.102,0.185555487642106,-0.00655702169575943,-0.0547778107647839,-0.051818340954043,-0.000589777672635436,-0.0027098315283736302,-0.00285921785940093,-0.00024127058641584503,-0.00038055577036450095,-0.00177488678211358,0.0018821795572117601,1.1096859776234926,1.1233365273498563,-0.004726583691721964,0.6358651393545062,-0.006939278989547949,0.6375140843770558
6.122,0.181893627622841,-0.00785267768711173,-0.0524499181711772,-0.0491088719542174,-0.000567789607489458,-0.0028168864697963,-0.00297810046553742,-0.00023658895063270098,-0.000363602630123549,-0.00198826043168967,0.00210726560003712,1.1411458732302993,1.1529333718043475,-0.004386950284073845,0.6358564969538666,-0.006983406151018642,0.6375608558470921
6.142,0.17761417470602697,-0.009146840634407141,-0.0499580680629184,-0.046242314972948,-0.000545569275287745,-0.0029142797907532603,-0.0030864075076241,-0.000231994701267694,-0.000341978949122007,-0.0021974531913007,0.0023324126339585,1.170529228269625,1.1802770042341009,-0.004067435872204608,0.6358468460842784,-0.007041169184858602,0.6376221179685299
6.162,0.172737623527997,-0.0104392646532402,-0.0473170707977199,-0.0432356592223721,-0.000523121822741966,-0.0030013798893591803,-0.00318358809405808,-0.00022747148346632598,-0.000313408561704341,-0.00240149467901975,0.00255759032103482,1.197716233747444,1.2052694453081356,-0.0037686382343143513,0.635836536381036,-0.00711415780383624,0.6376997260801914
6.182,0.167287272268262,-0.0117297042707946,-0.0445420105277104,-0.0401061101409582,-0.000500453136175493,-0.00307762014123786,-0.0032691655137749697,-0.000223001817116204,-0.000275573693698489,-0.00259941906988597,0.0027827673727619,1.2226203474289274,1.2278486458885918,-0.0034909757277046005,0.6358260730286432,-0.00720386338268961,0.6377955293378587
6.202,0.16128908833617,-0.013017914484188,-0.0416480750326858,-0.0368708888735879,-0.000477569545082379,-0.00314250637688247,-0.00334274111395609,-0.00021856788774423999,-0.000226156654348075,-0.00279027020698721,0.00300791199635117,1.2451886607186426,1.2479884222032223,-0.0032346869099639103,0.6358161552159627,-0.007311662794523844,0.6379113694709108
6.222,0.154771558975354,-0.014303650818299,-0.0386503994997887,-0.0335470463706802,-0.00045447788156121905,-0.00319562405952665,-0.0034039974125904897,-0.000214151902899406,-0.000162883712645747,-0.0029731069888526396,0.00323299215355429,1.2654016489594335,1.2656977229668163,-0.0029998317216123065,0.6358077128679969,-0.007438802743108397,0.6380490795420174
6.242,0.147765527750401,-0.01558666938349,-0.0355639279523452,-0.0301512976539108,-0.000431185186960473,-0.0032366449694232,-0.00345270037373895,-0.000209736679238801,-8.35701917226682e-05,-0.00314700904208721,0.00345797623814108,1.283272344991382,1.2810192811234598,-0.0027862942539435736,0.6358019404810461,-0.007586384748491664,0.6382104827289554
6.262,0.14030401797748598,-0.0168667269336419,-0.0324032955363271,-0.0266998797392122,-0.00040769879743342996,-0.0032653326995079,-0.00348870041596235,-0.000205306237721174,1.3834468847937802e-05,-0.00331108267654199,0.0036828332919035898,1.2988449870201177,1.2940277156125826,-0.002593787041240663,0.6358003268983347,-0.007755350947568544,0.6383973911377241
6.282,0.132422044233868,-0.0181435809234625,-0.0291827341961301,-0.0232084367805524,-0.000384026213032982,-0.0032815472446519,-0.00351193274868122,-0.00020084619533988302,0.000131203262318829,-0.00346446713776077,0.00390753349965788,1.3121932002601877,1.3048271575369152,-0.002421856762408955,0.635804679943894,-0.007946470887927404,0.6386116046514134
6.302,0.124156413162985,-0.0194169895660373,-0.0259160032821723,-0.0196919349361653,-0.000360175237485081,-0.0032852482087355,-0.00352241640712359,-0.000196344202192016,0.000270190852764745,-0.00360634063541563,0.00413204851041083,1.3234177772625548,1.313548480993645,-0.002269891304644721,0.6358171449472593,-0.008160329470024428,0.6388549098338593
6.322,0.11554551485378099,-0.0206867118900008,-0.022616345547073,-0.0161646074815398,-0.000336153842821575,-0.00327649616520108,-0.00352025214588218,-0.000191790520270271,0.00043219739176504504,-0.00373592647510795,0.00435635175812836,1.3326441241400357,1.3203462204584424,-0.0021371281015198657,0.6358402163641393,-0.008397316194501642,0.6391290788824926
6.342,0.10662910613113999,-0.0219525077964653,-0.0192964685643093,-0.0126399306684619,-0.000311970507589501,-0.0032554521850623602,-0.00350561905747669,-0.000187178058446474,0.000618337926781759,-0.00385249912627366,0.0045804187522393795,1.3400194398288328,1.3253952554254735,-0.0020226636490037167,0.6358767419243971,-0.008657615874845172,0.6394358686505796
6.362,0.0974480871420846,-0.023214138115778,-0.0159685495619445,-0.00913062874129897,-0.000287634166676959,-0.00322237557044178,-0.0034787701484403,-0.000182502734995826,0.000829418469685686,-0.00395538964818625,0.0048042271134151795,1.3457096928400811,1.328887338748767,-0.0019254640671609797,0.635929918967575,-0.008941200936172233,0.6397770197240169
6.382,0.0880442726599096,-0.0244713646645877,-0.0126442619411187,-0.00564870548005047,-0.000263154406458367,-0.00317761912673366,-0.00344002646678832,-0.000177763600154233,0.0010659200379445901,-0.00404399096217263,0.00502775677498616,1.3498964557589006,1.3310275386922716,-0.0018443767193847191,0.6360032829100136,-0.009247825410947756,0.6401542555595134
6.402,0.0784601595577692,-0.0257239503012212,-0.00933481985539391,-0.00220549913051395,-0.00023854174318424398,-0.0031216225324559,-0.00338977038502757,-0.0001729627547318,0.0013279911784955301,-0.00411776255529382,0.00525099004534471,1.3527736522015963,1.3320306567403897,-0.0017781426670703956,0.6361006880968194,-0.009577020732474578,0.6405692816896269
6.422,0.0687386919203642,-0.0269716589826121,-0.00605103723230572,0.00118824422969435,-0.000213807682131845,-0.00305490376585039,-0.0033284375436780198,-0.000168105361629082,0.00161544902625077,-0.0041762344420497,0.00547391147151497,1.3545442649154085,1.3321176746310026,-0.0017254099819120337,0.6362262815340038,-0.009928093383962595,0.6410237849790279
6.442,0.0589230252715872,-0.0282142558199184,-0.00280339638433559,0.00452228379307013,-0.000188964964223852,-0.00297804863519015,-0.0032565082786455302,-0.000163199413548073,0.0019277892760716801,-0.00421901071913759,0.00569650769556983,1.3554170475811391,1.3315122752635158,-0.0016847477523984952,0.63638447029307,-0.010300124447897437,0.6415194329235693
6.462,0.0490562913936809,-0.0294515071336563,0.000397878493126639,0.00778678951528556,-0.000164027810287688,-0.00289169880098282,-0.00317449845512985,-0.000158255406978115,0.00226420469963617,-0.00424577217409394,0.005918767522101,1.3556032773230318,1.3304374741964557,-0.001654660726275186,0.6365798836138393,-0.010691971074770554,0.6420578729989694
6.482,0.0391813652014256,-0.030683180509387,0.00354274771256836,0.0109722458296426,-0.000139011942151081,-0.00279653887726968,-0.00308294973480621,-0.00015328609260838302,0.00262361099540578,-0.00425627832270881,0.00614068142346035,1.3553135804062637,1.3291123915398295,-0.001633604454703312,0.6368173309115035,-0.011102269852832311,0.6426407320453678
6.502,0.0293406351130645,-0.0319090448525741,0.00662128853821042,0.0140693594853423,-0.000113934785887301,-0.0026932828320982197,-0.00298242025666952,-0.000148306067009703,0.0030046795612419302,-0.00425036870413586,0.0063622413710226,1.3547548600102584,1.3277491887794342,-0.0016200008705581678,0.6371017570159851,-0.01152944205740827,0.6432696156533371
6.522,0.019575778328276,-0.0331288704429411,0.00962363687346241,0.0170689771298919,-8.881565272987049e-05,-0.00258266005020719,-0.00287347573552866,-0.000143331177747354,0.00340587567887285,-0.00422796358292405,0.006583440648165679,1.354127353011996,1.3265501914906241,-0.0016122541107175619,0.6374381960961546,-0.011971700726263884,0.6439461075882973
6.542,0.0099275423819699,-0.0343424289887251,0.0125399436603839,0.0199620179341357,-6.36755389075309e-05,-0.002465401970463,-0.0027566809119670102,-0.000138378260123574,0.0038255003615664295,-0.00418906379674824,0.00680427337159552,1.3536218418467005,1.325705217006324,-0.0016087665056301035,0.6378317256555315,-0.0124270594891535,0.6446717692036146
6.562,0.000435534292483026,-0.035549493681103,0.015360349243265,0.0227394248194638,-3.8537334206550205e-05,-0.0023422296217579398,-0.0026325924103136698,-0.000133464535669479,0.00426173519657999,-0.00413375025951225,0.00702473425687186,1.3534170477495897,1.3253891258164616,-0.0016079545446526266,0.6382874220190307,-0.012893343055140992,0.6454481388483085
6.582,-0.00886198143602609,-0.036749839247168,0.0180749779355122,0.025392138116382,-1.3425643756493e-05,-0.00221384198188407,-0.00250175306782204,-0.00012860713966943702,0.00471268732842252,-0.0040621828326432895,0.007244818388021059,1.3536772327248179,1.3257596162464718,-0.0016082646584603228,0.6388103185485201,-0.013368199292313858,0.6462767312743765
6.602,-0.0179282747652954,-0.0379432420035099,0.0206739550661975,0.0279110937806326,1.16333216715732e-05,-0.00208090664150006,-0.00236468722150768,-0.00012382271227250201,0.00517643437454738,-0.00397459880399267,0.00746452079941793,1.354550038921929,1.3269552834444969,-0.0016081886407777082,0.639405367703767,-0.01384911276060074,0.6471590370196977
6.622,-0.0267283309108596,-0.0391294799086734,0.0231474468593539,0.0302872467986221,3.66120099455935e-05,-0.00194405193170093,-0.00222189815802668,-0.00011912709257538101,0.005651066914033311,-0.0038713110421520203,0.00768383623309153,1.3561645952685832,1.3290939653574119,-0.0016062785127565456,0.6400774078640713,-0.014333419624085115,0.6480965217693334
6.642,-0.0352290189327709,-0.0403083326159278,0.0254857227343492,0.0325116195893694,6.148171728513579e-05,-0.0018038618339087102,-0.0020738669603787103,-0.000114534678767248,0.00613472781219085,-0.00375270586806972,0.00790275892637801,1.3586299217671505,1.332271399561113,-0.001601160633602559,0.640831135586151,-0.014818323812637561,0.6490906256866072
6.662,-0.043399247181978,-0.0414795815248619,0.0276792383758665,0.0345753746595348,8.62128670816894e-05,-0.0016608725732467301,-0.0019210530728678,-0.000110058517577825,0.0066256472758852705,-0.0036192409870647,0.00812128243384559,1.3620336613159512,1.336560215101501,-0.0015915488624479715,0.641671083755137,-0.015300914357578736,0.6501427627331925
6.682,-0.0512101047530917,-0.0426430098333249,0.0297187374251999,0.0364699082472477,0.00011077551207723601,-0.00151557217325765,-0.0017638960774086102,-0.000105709835788996,0.007122172712042221,-0.00347144308257331,0.008339399260856141,1.3664411669133654,1.342009282437463,-0.0015762565721771202,0.6426016058227961,-0.01577818379223792,0.6512543199444906
6.702,-0.0586349881915261,-0.0437984025881756,0.0315953683302493,0.0381869621233945,0.000135139608290002,-0.00136840187871455,-0.0016028190763343099,-0.00010149797083108101,0.0076227928282041595,-0.00330990576249526,0.0085571008539237,1.3718949684660193,1.348643441778853,-0.001554207328932912,0.6436268660923189,-0.016247047545665118,0.6524266566755889
6.722,-0.0656497128100458,-0.0449455467363604,0.0333008122219929,0.0397187497499985,0.000159275495886306,-0.0012197598008974401,-0.00143823282742473,-9.7430375800027e-05,0.00812615618460361,-0.00313528759948786,0.00877437738685735,1.3784146379115352,1.356463625621702,-0.0015244440865080755,0.6447508358091951,-0.016704364261318667,0.6536611038296983
6.742,-0.0722326080762015,-0.0460842311747649,0.0348274179242009,0.0410580916416826,0.000183154289351257,-0.0010700061182045,-0.00127054062928094,-9.351242111988481e-05,0.00863108345867899,-0.0029483103300105,0.00899121768980223,1.3859970642032096,1.3654473848863387,-0.0014861367491286138,0.645977294634491,-0.017146957008216376,0.654958963050513
6.762,-0.0783645966445544,-0.0472142468000142,0.0361683389195372,0.0421985554416197,0.0002067485118159,-0.000919469808839625,-0.00110014369664886,-8.974766564020041e-05,0.009136573777118209,-0.00274975710748442,0.00920760908907621,1.3946171410030477,1.3755498199807696,-0.00143858796857264,0.6473098368669427,-0.017571635290221318,0.6563215058935168
6.782,-0.0840292567205509,-0.0483353865580312,0.0373176678874119,0.0431345959815893,0.000230032258455202,-0.000768456280713646,-0.000927446872634617,-8.61378236792715e-05,0.009641805977762341,-0.00254047115647923,0.0094235373639377,1.404228859939909,1.386704908886617,-0.001381237141484603,0.648751881713284,-0.01797521783954849,0.6577499729630671
6.802,-0.0892128675564639,-0.0494474454923179,0.0382705641703015,0.0438616897674734,0.00025298183796263596,-0.000617255506656793,-0.000752863972367379,-8.26829760317603e-05,0.0101461343987662,-0.00232135432386854,0.009638986660745471,1.4147667917364029,1.3988272140005846,-0.0013136625440010711,0.6503066868149229,-0.01835455613870036,0.6592455730359129
6.822,-0.0939044379975918,-0.0505502207924957,0.039023369695588,0.0443764599205749,0.000275576227346054,-0.000466150481036199,-0.0005768231279542139,-7.93817837386506e-05,0.0106490806818597,-0.00209336533806316,0.00985393938951505,1.4261479264534445,1.4118139388145619,-0.001235581587017158,0.6519773641492019,-0.01870655857007569,0.6608094821484604
6.842,-0.0980957181078593,-0.0516435118419643,0.0395737099270399,0.0446767872420294,0.000297797247968357,-0.00031542526149834,-0.000399771613580749,-7.623151890588729e-05,0.0111503217374894,-0.0018575178606573398,0.0100683761225898,1.4382738336434322,1.4255472950451071,-0.0011468492398518603,0.6537668974915338,-0.01902821506877386,0.6624428426583782
6.862,-0.101781194020783,-0.0527271202649926,0.0399205761018295,0.0447619037923331,0.000319629953174576,-0.000165372836008291,-0.000222180262000394,-7.322847820101909e-05,0.011649674906399,-0.0016148780906134,0.0102822755635772,1.4510330933193136,1.4398971310887763,-0.0010474547704642724,0.6556781605855578,-0.019316622178222612,0.6641467622820965
6.882,-0.10495806627085902,-0.0538008499735496,0.0400643865969218,0.0446324660239095,0.000341063028453836,-1.63019576695013e-05,-4.45469148678266e-05,-7.03681416716227e-05,0.0121470809697852,-0.0013665609449035698,0.0104956143013092,1.4643039403245166,1.4547237639654904,-0.0009375168024240681,0.6577139352572631,-0.019569008212500787,0.6659223130916492
6.902,-0.10762621197057001,-0.0548645072130303,0.0400070251077099,0.0442906055544684,0.000362088800187354,0.000131456496632101,0.00013260042592821102,-6.76451698262243e-05,0.012642585761797,-0.00111372588064321,0.0107083667862266,1.4779570579898775,1.4698809503132582,-0.0008172768941496663,0.6598769287874752,-0.019782758307280386,0.6677705304727688
6.922,-0.10978813130243101,-0.0559179006080863,0.0397518550570586,0.0437399561025589,0.000382703314316183,0.000277544561963888,0.00030870150133749,-6.505384361689351e-05,0.0131363209748801,-0.000857570977674321,0.0109205052021152,1.4918584525521006,1.4852189270621374,-0.000687091907322014,0.6621697899156332,-0.019955439029894804,0.6696924120576854
6.942,-0.11144887889674,-0.0569608412075405,0.0393037091676123,0.0429856560098023,0.000402906512279421,0.000421572709725215,0.00048316224830370597,-6.25880810059376e-05,0.0136284844940947,-0.000599325850996615,0.0111319991411166,1.5058723375829401,1.5005874501834089,-0.0005474252071610092,0.6645951229398607,-0.020084822139695015,0.6716889165974972
6.962,-0.112615980761329,-0.0579931425284739,0.0386688549826576,0.0420343262545955,0.000422702052688656,0.000563116735596413,0.0006553544468000209,-6.0241492271055795e-05,0.0141193212486193,-0.000340243470555935,0.0113428156391628,1.5198639579571454,1.515838759689598,-0.0003988370150961345,0.6671554994835069,-0.020168907134444806,0.6737609627839107
6.982,-0.113299337519946,-0.0590146206002426,0.0378549372819519,0.0408940254458512,0.000442097127359599,0.000701715653556781,0.000824615663332512,-5.80076550035735e-05,0.0146091040737012,-8.15907287232978e-05,0.0115529189520792,1.5337022856619031,1.530830401826918,-0.00024197413900718242,0.6698534675656533,-0.02020594217455251,0.6759094280538926
7.002,-0.113511114799616,-0.0600250940073566,0.0368708987287945,0.0395741824788635,0.00046110234746037803,0.000836870579672495,0.000990250697435342,-5.588001476923921e-05,0.0150981153416593,0.00017536197745783602,0.0117622702248781,1.5472625247425524,1.5454278440366975,-7.755923296840212e-05,0.6726915576416793,-0.02019444296240796,0.6781351472928108
7.022,-0.11326562168482301,-0.0610243839321502,0.0357268810450582,0.0380855090200438,0.000479731389924533,0.0009680448395713551,0.00115153371854252,-5.38519335560172e-05,0.0155866290654402,0.000429351215685215,0.0119708276292219,1.5604283696395513,1.5595068251620334,9.362015136738141e-05,0.6756722853491763,-0.020133209264445243,0.6804389115274666
7.042,-0.11257917822556,-0.0620123141966425,0.0344341092265594,0.0364398945764177,0.000498000600517371,0.00109466548576419,0.00130771150232933,-5.19168478636122e-05,0.0160748941231361,0.000679131461966286,0.0121785460812122,1.5730939699856559,1.5729553920966468,0.00027072253997865477,0.6787981507763151,-0.02002133882765476,0.6828214665632868
7.062,-0.11146997304968198,-0.0629887113036713,0.0330047618072208,0.0346502860069515,0.000515928521540565,0.0012161263007107,0.00145800783076971,-5.00680466044436e-05,0.0165631175689992,0.000923485425848514,0.0123853772366469,1.5851655650577978,1.5856755841535581,0.00045286332298477333,0.6820716340328039,-0.019858238454215773,0.6852835115862462
7.082,-0.109957912181431,-0.0639534044776487,0.0314518298635785,0.0327305546220722,0.000533535618350284,0.0013317921236978099,0.0016016293823617,-4.829880622477029e-05,0.0170514492810648,0.00116123368092675,0.0125912694067032,1.5965627618274048,1.5975847371902174,0.0006391252968542055,0.685495186947176,-0.01964363220332709,0.6878256977265871
7.102,-0.108064460216578,-0.0649062257041597,0.029788968400381,0.0306953539519944,0.000550843569369082,0.00144100530144676,0.0017377725875202,-4.66023448465683e-05,0.0175399672795873,0.00139124297689154,0.0127961677213636,1.6072194420299384,1.608616391287508,0.0008285687515704659,0.6890712208671562,-0.01937756673817574,0.690448626621746
7.122,-0.105812475039411,-0.0658470097693354,0.0280303433244822,0.0285599704784122,0.000567874844989722,0.00154309401257359,0.00186563220096772,-4.4971696462955606e-05,0.018028664148052,0.00161243332794035,0.0130000140769977,1.6170842949269915,1.6187207971270796,0.0010202410442886134,0.6928020904503995,-0.01906041392228433,0.6931528489717173
7.142,-0.103226037294487,-0.0667755942987447,0.0261904767544437,0.0263401704301364,0.000584652076088707,0.00163738231226787,0.00198441123055336,-4.33997923936539e-05,0.0185174348329462,0.00182378343758627,0.013202747464186,1.6261209832551915,1.6278650273928243,0.001213185551795105,0.6966900735322801,-0.01869287086842793,0.6959388631112213
7.162,-0.100330275846026,-0.0676918197947308,0.0242840938560301,0.0240520453935166,0.0006011977004504281,0.00172320207817246,0.00209333236650734,-4.1879442094226004e-05,0.0190060660655749,0.00202433483043155,0.0134043041466747,1.6343079597102288,1.6360327100733147,0.0014064500605894708,0.7007373471944117,-0.018275957660843205,0.6988071136395273
7.182,-0.0971511904668063,-0.0685955296739042,0.0223259742594266,0.0217118586381661,0.000617533120440356,0.00179990720176128,0.00219165038942085,-4.0403233278221e-05,0.0194942280016189,0.0022131947178857803,0.013604618002103,1.6416379602834519,1.6432234098488163,0.0015990944395866723,0.7049459603281293,-0.017811012965378653,0.7017579900942937
7.202,-0.0937154729991982,-0.0694865703035819,0.0203308095712884,0.0193358947179334,0.000633678630478406,0.00186688844471583,0.0022786664761092396,-3.896359454092029e-05,0.0199814680141115,0.00238953788613146,0.0138036208633594,1.6481172080559625,1.6494516918069821,0.001790197726480221,0.7093178030689251,-0.017299687762349903,0.7047918257150679
7.222,-0.0900503282226157,-0.070364791037174,0.0183130695043937,0.0169403142486956,0.000649652686417073,0.0019235898671984602,0.0023537427912299802,-3.75528474855571e-05,0.0204672075782626,0.00255260849043581,0.0140012431501038,1.653764366759046,1.6547459084744818,0.0019788646112639035,0.713854573651264,-0.01674393728673216,0.7079088963272079
7.242,-0.0861832956446202,-0.0712300442498296,0.0162868778643352,0.0145410150963426,0.000665471623236326,0.00196952572053007,0.00241631798968795,-3.6163212578532596e-05,0.0209507420520449,0.00270172165334292,0.0141974141784029,1.6586092876846366,1.6591467560241464,0.0021642313088150685,0.7185577433750562,-0.01614601121916852,0.7111094193577573
7.262,-0.0821420734068416,-0.0720821853721659,0.0142658996890399,0.0121535014013835,0.0006811494259549769,0.00200429690083617,0.0024659228841363303,-3.4786786316224896e-05,0.0214312436635322,0.00283626558350805,0.0143920626890479,1.662691595978537,1.6627056488775958,0.00234547092109864,0.7234285204258012,-0.015508442099384762,0.7143935529652853
7.282,-0.0779543454630698,-0.0729210729239286,0.0122632396847821,0.00979276189773982,0.000696697510651374,0.0020276066538524,0.00250219558180858,-3.34156944285401e-05,0.0219077679606385,0.00295570496130574,0.0145851175190846,1.6660591631624733,1.6654829637518875,0.002521798341869581,0.7284678134556681,-0.014834031744194386,0.7177613953582037
7.302,-0.0736476131444219,-0.0737465685468931,0.0102913525620462,0.00747315730116936,0.0007121244658827,0.00203927489135806,0.00252489558968797,-3.20421344846557e-05,0.0223792634843001,0.00305958500252317,0.0147765079793666,1.6687665121621271,1.6675462042274565,0.0026924746633740916,0.7336761958733253,-0.014125835433159623,0.7212129842828326
7.322,-0.0692490321769083,-0.0745585370369538,0.00836196564744259,0.00520831826128589,0.000727436399387413,0.00203924954235689,0.00253391615555248,-3.0658399187403304e-05,0.02284458405982,0.00314753689298607,0.0149661643143724,1.670873199336538,1.668968135672075,0.002856811232577107,0.7390538717354225,-0.013387143615256203,0.7247482966452328
7.342,-0.0647852561597494,-0.0753568463747984,0.00648601234402355,0.00301105367777002,0.000742636656432134,0.00202761518793497,0.00252929422132273,-2.9257028573390803e-05,0.0233025044254199,0.0032192841623713,0.0151540181521926,1.6724422148923959,1.669824937826355,0.0030141733065502346,0.7446006442142782,-0.012621460814174238,0.7283672483238758
7.362,-0.060282287449534,-0.0761413677573587,0.0046735774415348295,0.0008932696806419689,0.0007577262674520691,0.00200459757314457,0.00251121685341093,-2.78309169461675e-05,0.0237517375006794,0.00327464985845732,0.01534000301249,1.673538439225675,1.6701944185877224,0.003163983315207488,0.7503158875589812,-0.01183248149179997,0.7320696941423495
7.382,-0.0557653363244838,-0.0769119756265689,0.0029338527977017,-0.00113410032256734,0.0007727041401352071,0.00197056362960188,0.00248002410153618,-2.63733331620699e-05,0.0241909533167222,0.00331356334086667,0.0155240543814002,1.6742271882188289,1.6701543279853586,0.0033057237790792278,0.7561985231895793,-0.011024062775921866,0.7358554280045496
7.402,-0.0512586892303546,-0.0776685476988138,0.00127510363525395,-0.0030611547725208697,0.000787567481023858,0.00192601709113669,0.0024362071541319604,-2.4878116320993302e-05,0.0246187996000817,0.00333606695422841,0.0157061100147577,1.6745728754227365,1.6697808059708423,0.0034389398242486353,0.762247000738789,-0.01020019409219797,0.7397241831168637
7.422,-0.0467855868264131,-0.0784109649927378,-0.00029535573123483903,-0.0048790715964324,0.0008023121889465769,0.0018715888451451199,0.00238040215464579,-2.33397157254801e-05,0.0250339225618261,0.00334232126782276,0.0158861100901357,1.67463781366962,1.6691469918280242,0.003563241281010526,0.7684592845383488,-0.009364963859739669,0.743675632371853
7.442,-0.0423681124681066,-0.0791391118568635,-0.0017711759621812102,-0.0065801448638204705,0.000816933436213013,0.0018080227861024898,0.00231337888682348,-2.1753212095625303e-05,0.0254349877904475,0.00333260844474958,0.0160639971227964,1.6744811732685305,1.6683218168011547,0.003678304331517094,0.7748328459117788,-0.008522523679735683,0.7477093887943345
7.462,-0.0380270916740321,-0.0798528759958125,-0.00314697824174669,-0.0081578097770979,0.0008314261557902019,0.00173615743422596,0.00223602509845638,-2.0114597715169898e-05,0.0258207014389535,0.00330733302170728,0.0162397158396625,1.6741581083707642,1.6673689951917992,0.003783872668628278,0.7813646616393032,-0.007677050624967041,0.7518250060395709
7.482,-0.0337820030345639,-0.0805521484959043,-0.0044183503651818706,-0.009606656036405141,0.000845785616305207,0.00165690393626033,0.00214932669256059,-1.84206611782166e-05,0.0261898306846149,0.00326702018250419,0.0164132130748926,1.6737190578113894,1.6663462229232198,0.003879758109446537,0.7880512188238027,-0.006832708335053538,0.7560219789279249
7.502,-0.0296509009266991,-0.0812368238504105,-0.0055818346711213,-0.0109224298334232,0.000860008023659327,0.0015712216960363599,0.0020543444523892698,-1.66690584911657e-05,0.0265412232877906,0.00321231069475895,0.0165844374183266,1.6732092216970071,1.6653045863942382,0.0039658406462832535,0.794888526172576,-0.005993607799594696,0.7602997439962363
7.522,-0.025650350305661,-0.0819067999830996,-0.00663490756274154,-0.0121020242195625,0.000874090962771277,0.0014800926622887,0.0019521883278869698,-1.48582708112198e-05,0.0268738265658276,0.0031439531004191,0.0167533387868047,1.6726682103037294,1.6642881787071744,0.004042067877962555,0.8018721317640322,-0.005163768743763378,0.7646576799989201
7.542,-0.0217953737490114,-0.0825619782717479,-0.007575951447606441,-0.0131434580428836,0.0008880339419695949,0.0013844956763044,0.00184399064567258,-1.2987858142138e-05,0.0271867052302843,0.00306279288205056,0.0169198681828018,1.672129857720043,1.6633339150798232,0.004108453824180188,0.8089971472460549,-0.00434708257220252,0.769095108383642
7.562,-0.0180994108345781,-0.0832022635703721,-0.00840421952803979,-0.0140458444161889,0.000901838837775574,0.0012853822988444698,0.00173087906188891,-1.10580313316335e-05,0.0274790578173102,0.00296975959365717,0.0170839771308614,1.6716221889937142,1.662471534569113,0.004165077099588134,0.8162582783183879,-0.003547277731437596,0.7736112937201121
7.582,-0.0145742898394966,-0.0838275642307378,-0.00911979442146936,-0.0148093488504139,0.0009155102714208051,0.00118365523235679,0.00161395074151803,-9.06987045080471e-06,0.0277502314967038,0.0028658518007439603,0.0172456172111254,1.6711675265695374,1.6617237712557664,0.004212078472863517,0.8236498611800116,-0.0027678882614626584,0.7782054440262122
7.602,-0.0112302116557291,-0.0844377921229355,-0.009723540986551791,-0.0154351381785346,0.000929055744385192,0.00108015048313751,0.0014942489867859699,-7.0252322256446e-06,0.0279997354959999,0.00275212073201192,0.0174047396996355,1.6707827194427245,1.661106674914286,0.00424965781777045,0.8311659046887394,-0.002012226293004746,0.7828767110332823
7.622,-0.00807574572724805,-0.0850328626552143,-0.0102170548471624,-0.0159253214212647,0.0009424859728825961,0.0009756240179993141,0.00137274318705243,-4.92665238454385e-06,0.0282272518363379,0.00262965365089053,0.0175612951770499,1.6704794768102504,1.6606300588258776,0.004278070513331408,0.8388001376924087,-0.001283358864390324,0.7876241903951408
7.642,-0.00511783772717046,-0.085612694793125,-0.0106026071393712,-0.0162828839385472,0.0009558148908719199,0.000870743371271639,0.0012503128204457699,-2.7771046766412498e-06,0.0284326438352468,0.00249955664729315,0.0177152330692227,1.6702647869852623,1.6602980509257566,0.004297623350752415,0.8465460608894662,-0.0005840894600096876,0.7924469218048482
7.662,-0.00236182860950082,-0.0861772110771791,-0.0108830867549868,-0.0165116161089929,0.000969059521145433,0.00076608423345261,0.00112773634298437,-5.80229088527843e-07,0.0286159617375203,0.00236293805695142,0.0178665015235708,1.6701414020196685,1.6601097238474112,0.004308670007361842,0.854397002495169,8.305553107881216e-05,0.7973438890674515
7.682,0.000188515408928313,-0.0867263376401795,-0.0110619407383392,-0.0166160384408254,0.000982240072246942,0.000662131481870945,0.00100568479429234,1.6600062836244899e-06,0.0287774453404062,0.00222089305579455,0.0180150472257892,1.6701083687072367,1.6600597795725682,0.0043116061817235094,0.8623461768326431,0.0007158355043308904,0.80231402016672
7.702,0.00253096245555833,-0.0872600042238093,-0.0111431144299518,-0.0166013240300963,0.000995379547104584,0.0005592845705160361,0.000884720471864578,3.93947225526462e-06,0.0289175230672316,0.00207448919090309,0.0181608152266727,1.6701615874175126,1.6601392652777114,0.004306864469622233,0.8703867448407604,0.0013122995895733795,0.8073561873138794
7.722,0.0046647647865960895,-0.0877781441937526,-0.0111309915518607,-0.0164732205520289,0.00100850343085772,0.000457865826783497,0.0007652999705567821,6.253727911166561e-06,0.0290368082064495,0.0019247535330099898,0.0183037491432102,1.6702943814311562,1.6603362984566752,0.00429490907387304,0.8785118754319312,0.0018707860541290638,0.8124692070061409
7.742,0.00659059940089701,-0.0882806945544191,-0.0110303355952527,-0.0162379726255333,0.00102163947399505,0.000358130821968108,0.000647781415076005,8.59817854471611e-06,0.0291360914222376,0.00177266202637355,0.0184437913356196,1.670498061034131,1.6606367814041787,0.004276230438798718,0.8867148066651113,0.0023899176150835185,0.8176518402184396
7.762,0.00831050019241938,-0.0887675959625291,-0.0108462328653602,-0.015902245633195,0.0010348171011864,0.000260280089880756,0.000532434862399469,1.0968397313227802e-05,0.0292163306544592,0.00161913041878737,0.0185808829824031,1.670762468483969,1.6610250875289045,0.004251339894251657,0.8949889055409483,0.0028685930827372225,0.8229027926115986
7.782,0.00982778240146731,-0.0892387927398181,-0.0105840382494119,-0.0154730527302365,0.00104806700268523,0.000164470920979932,0.000419455167877634,1.33599751554635e-05,0.0292786381646217,0.00146500759352034,0.0187149646673672,1.6710764920095726,1.6614847046192225,0.004220764388902563,0.9033277255353435,0.0033059758546104805,0.8282207149037405
7.802,0.0111469601686645,-0.0896942328852235,-0.0102493238135415,-0.0149576843255148,0.00106142055546333,7.08281192432856e-05,0.000308976433481845,1.576842239964e-05,0.0293242653529362,0.00131107110818895,0.0188459767654297,1.6714285391543264,1.6619988229703078,0.004185041385653692,0.9117250607851017,0.003701479897192508,0.8336042034117052
7.822,0.0122736580324385,-0.0901338680856734,-0.00984783080101318,-0.014363642208468,0.00107490941881852,-2.05459537540133e-05,0.000201087203720778,1.81894727148503e-05,0.0293545859898325,0.00115802491661136,0.0189738598539448,1.6718069619455675,1.6625508591104305,0.004144713970817893,0.9201749962389606,0.004054753836631333,0.8390518007497015
7.842,0.0132145172401327,-0.0905576537259774,-0.00938542519389473,-0.0136985771549155,0.00108856487143169,-0.000109563331200523,9.584526348513679e-05,2.06188699658994e-05,0.0293710778306071,0.0010064994200096,0.0190985553784716,1.6722004284991179,1.6631249086442257,0.004100326231695457,0.9286719529911038,0.00436566385008224,0.8445619967160214
7.862,0.0139770977649879,-0.0909655488986141,-0.008868056813238209,-0.0129702309192398,0.0011024173102737,-0.000196144104302034,-6.7079130499248295e-06,2.3052140167657102e-05,0.0293753035765966,0.000857053562328869,0.0192200061912165,1.672598237695486,1.6637061243473463,0.0040524189348696135,0.9372107282751838,0.004634276018163243,0.8501332294292456
7.882,0.0145697769352637,-0.0913575164113608,-0.008301722052464171,-0.0121863820568974,0.00111649574319166,-0.000280211543360067,-0.000106534740183057,2.5484710846046697e-05,0.0293688911530009,0.000710178945734587,0.019338157088317,1.6729905754425816,1.6642810181027408,0.00400152552844414,0.9457865296659345,0.004860838816642345,0.8557638866414707
7.902,0.0150016455888583,-0.0917335227952511,-0.0076924296241299,-0.0113547956951276,0.0011308271092909,-0.000361688557348686,-0.00020359032389256,2.7911494644860805e-05,0.029353513763809,0.000566305592630476,0.0194529553584594,1.6733687127224128,1.6648376874511517,0.003948168486297096,0.9543950031559055,0.0050457663522367885,0.8614523072871131
7.922,0.0152824026656278,-0.0920935383105648,-0.007046169332433821,-0.0104831767788594,0.0011454359489857199,-0.00044049555162577805,-0.00029781372465632997,3.0326641739050203e-05,0.0293308697090223,0.00042580896822417,0.0195643512294167,1.6737251471176597,1.6653659694764176,0.0038928559946185826,0.9630322548380369,0.005189622834418016,0.8671967832128706
7.942,0.0154222491418242,-0.092437536952973,-0.00636888318730897,-0.00957912657833704,0.0011603437207464802,-0.000516548304147635,-0.000389121590402792,3.27233124166395e-05,0.0293026623958928,0.00028901826893219703,0.019672298252546,1.6740536907695585,1.6658575263666506,0.0038360789769464926,0.9716948659980054,0.005293108789420923,0.8729955610992249
7.962,0.0154317821948716,-0.0927654964575602,-0.00566643852204748,-0.008650102224175909,0.0011755682696099,-0.000589756537730468,-0.00047740369809631697,3.5093379483057693e-05,0.0292705802762046,0.000156224712151016,0.0197767535978664,1.6743495087786808,1.6663058683593852,0.003778308459083414,0.9803799015029737,0.005357049252803992,0.8788468445192705
7.982,0.0153218904649359,-0.0930773983030017,-0.00494460268483674,-0.00770337905227771,0.00119112344156795,-0.000660022353439381,-0.000562520960998341,3.7426850498897794e-05,0.0292362769228986,2.7690192519433898e-05,0.0198776781320211,1.6746091128831455,1.6667063208196053,0.0037199932461986713,0.9890849113196964,0.005382384081708847,0.884748796116039
8.002,0.0151036512494898,-0.0933732277144631,-0.0042090188269972295,-0.00674601565030809,0.0012070184526653599,-0.0007272384242758691,-0.000644305756247216,3.97118856310415e-05,0.0292013513107524,-9.63443910442909e-05,0.0199750365577785,1.6748303158790427,1.6670559429717762,0.003661557903429661,0.9978079251291441,0.005370160501961538,0.8906995398524247
8.022,0.0147882304318991,-0.0936529736654309,-0.00346518284628873,-0.00578482152041592,0.0012232573809150698,-0.000791286156396544,-0.0007225637989008401,4.193423050152079e-05,0.0291673287023412,-0.00021565197164031101,0.0200687971681865,1.675012152675432,1.667353406301034,0.003603401026468509,1.0065474400602492,0.0053215276823438944,0.8966971632956069
8.042,0.014386785902668,-0.0939166288785056,-0.00271842084304994,-0.00482632711656725,0.00123983876620301,-0.000852033724508216,-0.0007970778495331691,4.40771325761548e-05,0.0291356417960471,-0.000330012880709159,0.0201589315691034,1.6751547741211257,1.6675988408448443,0.003545893771672076,1.0153024016035268,0.005237733143876442,0.9027397198560432
8.062,0.0139103751847424,-0.0941641898259376,-0.00197386730975883,-0.00387675687048069,0.00125675506250408,-0.000909334268242389,-0.0008676130900731009,4.61211817892752e-05,0.0291076131659145,-0.000439210007929787,0.0202454143881259,1.6752593197951404,1.6677936576107022,0.0034893786377677336,1.024072177888061,0.005120120673418165,0.9088252309772762
8.082,0.0133698679211622,-0.0943956567285392,-0.00123644431978982,-0.00294200434345511,0.00127399214647245,-0.000963024514378973,-0.0009339233574119529,4.80442089602083e-05,0.0290844387839272,-0.000543025238334586,0.0203282226833497,1.6753277758914389,1.6679403550893719,0.003434168481093425,1.0328565276965909,0.0049701293531952,0.9149516882404
8.102,0.0127758638260833,-0.0946110335541312,-0.0005108410031275041,-0.00202761022918631,0.00129152901812731,-0.00101292395980576,-0.000995758055921621,4.9821381500485604e-05,0.0290671734849491,-0.000641237786149758,0.0204073352786849,1.6753628240648117,1.668042317408636,0.0033805457467856632,1.0416555626458206,0.0047892932298100425,0.9211170552754873
8.122,0.0121386166386195,-0.094810328014712,0.000198505872371376,-0.00113874311319099,0.00130933725591533,-0.00105883516562868,-0.00105287007743989,5.1425454996834205e-05,0.0290567186011968,-0.000733623619322478,0.0204827321930938,1.6753676867410119,1.6681036110827545,0.0033287619103559768,1.0504697042391553,0.004579241185655251,0.9273192695351369
8.142,0.0114679645536179,-0.0949935515633507,0.000887430161143621,-0.000280182330431261,0.00132738094594932,-0.00110054507010229,-0.00110502338008667,5.28270543139144e-05,0.0290538121101664,-0.0008199565199224389,0.0205543938450929,1.6753459739393066,1.6681287865592813,0.0032790371167077735,1.059299636529826,0.0043416966149531925,0.9335562438627475
8.162,0.0107732675354468,-0.0951607193892496,0.0015520539329327099,0.0005436962144683981,0.00134561614956592,-0.0011378275185144,-0.0011520003916985,5.3995221615006105e-05,0.0290590218377286,-0.0009000104499900481,0.0206223003087092,1.6753015360519805,1.6681226899315276,0.003231560017455168,1.068146255348797,0.00407847643561263,0.9398258678489803
8.182,0.0100633518504041,-0.095311850412739,0.00218880362251322,0.00132893190434479,0.00136399107867341,-0.0011704474729424099,-0.0011936093103100199,5.48981511861276e-05,0.0290727417128031,-0.000973562973547846,0.02068643054469,1.6752383263963202,1.6680902892962282,0.003186487804905355,1.077010615136302,0.003791489077206592,0.9461260089649871
8.202,0.00934646208097556,-0.0954469672788899,0.00279442474922398,0.00207198913619237,0.0013824459246554199,-0.00119816602796131,-0.0012296903394715,5.5503954172065795e-05,0.0290951913478077,-0.00104039942809597,0.020746761877522,1.6751602766701692,1.6680365192628712,0.00314394644025929,1.0858938744520439,0.003482731176490299,0.9524545135096569
8.222,0.00863022081202203,-0.0955660963503853,0.00336599554595333,0.0027697644432554303,0.00140091307095854,-0.00122074714247092,-0.0012601210564284302,5.57816090985192e-05,0.0291264186449291,-0.00110031809720502,0.0208032691883603,1.6750711877107753,1.6679661461937005,0.003104031090462309,1.0947972413023035,0.0031542827023732893,0.9588092073670359
8.242,0.00792159610501582,-0.0956692676996656,0.0039009387975863204,0.00341959152807875,0.00141931737841037,-0.00123796490222508,-0.00128482093022663,5.57020281467973e-05,0.0291663055561131,-0.00115313569953664,0.0208559246875493,1.6749746372367695,1.667883655825532,0.0030668067751667884,1.1037219193188679,0.002808300292270917,0.9651878966019095
8.262,0.007226876803011491,-0.0957565150992278,0.00439703174937701,0.00401924396200212,0.0014375767603521802,-0.00124961195872772,-0.00130375467073504,5.52392819232145e-05,0.0292145764479317,-0.00119869317879452,0.0209046974829516,1.6748739055648316,1.667793164037015,0.003032309233905027,1.1126690558822698,0.0024470087394896254,0.9715883679827476
8.282,0.00655165563626075,-0.095827876012891,0.00485241449445312,0.00456693588333746,0.00145560270813841,-0.00125550808381812,-0.00131693437225963,5.43715990820766e-05,0.0292708085260257,-0.00123686175018034,0.0209495535001502,1.6747719196000554,1.6676983507200125,0.0030005460260958713,1.121639692969329,0.002072690530998736,0.9780083894193986
8.302,0.005900820026905679,-0.0958833915841276,0.00526559583578339,0.00506132026006534,0.00147330131543384,-0.00125550905584015,-0.00132442091442906,5.30825849052711e-05,0.0293344442061336,-0.00126754883869056,0.0209904555861963,1.674671214798139,1.667602415985396,0.002971497867187644,1.1306347215061385,0.0016876734209140486,0.9844457104240559
8.322,0.00527855042212282,-0.0959231066246874,0.005635456838336311,0.00550148470404532,0.00149057417210519,-0.00124951510258748,-0.0013263241284437199,5.136239020072321e-05,0.0294048046855199,-0.00129070346890813,0.0210273637784039,1.674573914243092,1.667508057315263,0.0029451202086423008,1.1396548398531836,0.001294316197398767,0.9908980626494441
8.342,0.00468832591837425,-0.0959470696022733,0.00596125163811614,0.00588694530753585,0.00150731963895342,-0.00123747876919722,-0.00132280212128021,4.9208566363295794e-05,0.0294811040896287,-0.00130632164339768,0.0210602357929863,1.6744817235106877,1.6674174657446723,0.0029213450614723113,1.1487005167262927,0.0008949927119715554,0.9973631605456638
8.362,0.00413293687593905,-0.0959553326268003,0.00624260549035793,0.006217637676970879,0.00152343433031075,-0.00121941172237936,-0.00131405965406648,4.66269063299114e-05,0.0295624640580053,-0.00131445061032591,0.0210890276838001,1.6743959396018206,1.667332338758159,0.002900083056146485,1.1577719588966533,0.0004920744009912853,1.0038387022282926
8.382,0.00361450416322109,-0.0959479514362587,0.00647950955877553,0.00649390560208098,0.00153881441525653,-0.00119538995332969,-0.00130034589672129,4.3632232345031e-05,0.0296479283924237,-0.00131519255539915,0.0211136947458985,1.6743174719366025,1.6672539073022492,0.002881225726866622,1.1668690837210103,8.791159777905012e-05,1.0103223705833262
8.402,0.00313450461478413,-0.0959249853814198,0.00667231221554359,0.00671648704270565,0.00155335743185368,-0.00116555757438522,-0.00128195089867761,4.02486743376593e-05,0.0297364772200878,-0.0013087071335056199,0.0211341924974241,1.6742468732063294,1.6671829741399553,0.0028646480008826794,1.1759914966100238,-0.00031518606724316185,1.016811834705841
8.422,0.002693802236142,-0.0958864974097653,0.00682170734797624,0.0068864976657992205,0.00156696390124219,-0.00113012838274824,-0.0012592014880090801,3.65096886145026e-05,0.0298270411194134,-0.0012952130703741199,0.021150477968581,1.6741843777716532,1.6671199607136207,0.002850210859175726,1.1851384732883492,-0.0007149698068025648,1.0233047516838887
8.442,0.0022926846425322,-0.0958325540486917,0.0069287185402358105,0.0070054113186942,0.00157953906134367,-0.00108938557773052,-0.00123245645701324,3.2458207927980606e-05,0.0299185146448253,-0.0012749882161195,0.0211625107921625,1.6741299452891405,1.6670649597292517,0.002837764134442003,1.1943089468745656,-0.001109271922440994,1.0297987687770174
8.462,0.00193090417844743,-0.0957632253873683,0.00699468004879384,0.0070750382605941796,0.00159099441666629,-0.00104367911579143,-0.00120210048792282,2.81458192306036e-05,0.0300097702203618,-0.0012483688064551099,0.0211702546858442,1.6740833073247485,1.6670177908076158,0.0028271493983033948,1.2035014997190785,-0.0014960257601014254,1.0362915259939143
8.482,0.00160772312999875,-0.0956785850584221,0.0070212144481559,0.007097500462956079,0.00160124964412655,-0.000993421163486583,-0.00116853777719041,2.3632144529808e-05,0.0300996713724502,-0.00121574707893857,0.0211736787842059,1.6740440148575566,1.6669780567650558,0.0028182028847056687,1.2127143599677943,-0.0018732849647480547,1.0427806591129494
8.502,0.0013219624134556,-0.0955787102181734,0.00701020686072256,0.00707520428325985,0.0016102337432516698,-0.0009390795561796881,-0.00113218502682212,1.8983833890054997e-05,0.0301870867602384,-0.0011775676585952801,0.0211727589120524,1.6740114847996872,1.6669451983708368,0.0028107583916238527,1.2219454028840304,-0.0022392415191629564,1.0492638031112214
8.522,0.0010720531007310599,-0.0954636815263015,0.0069637765167928,0.0070108108648723605,0.0016178866667146301,-0.000881169438844516,-0.0010934637251792,1.42729188908182e-05,0.0302709040319973,-0.0011343229353937,0.0211674787766054,1.6739850439224935,1.6669185457566444,0.0028046501008111182,1.2311921569972726,-0.0025922422381918163,1.0557385959399173
8.542,0.00085609012639361,-0.0953335831244399,0.00688424630981651,0.006907204110856871,0.00162416038305217,-0.000820243501914613,-0.00105279243753762,9.57544913387053e-06,0.0303500440401338,-0.00108654709604024,0.0211578314783808,1.6739639688813477,1.6668973650200183,0.002799715251911358,1.240451815049517,-0.0029308032870297377,1.0622026827302768
8.562,0.000671887510968862,-0.0951885026142627,0.0067741105007321795,0.006767456690993779,0.00162901971117271,-0.000756880868733051,-0.00101057919923835,4.96965084945713e-06,0.0304234754035671,-0.00103480907794725,0.0211438201226944,1.6739475213578339,1.6668808989443966,0.0027957966137357425,1.2497212498422885,-0.0032536223702509153,1.0686537202839823
8.582,0.000517034431937098,-0.0950285310346125,0.00663600167415204,0.0065947944331496795,0.00163244314690041,-0.000691675578005438,-0.0009672138002479631,5.33828377954848e-07,0.0304902282936722,-0.000979704474990177,0.0211254588677578,1.6739349776655263,1.6668684011390342,0.0027927446959902062,1.258997034803542,-0.0035595882209797374,1.0750893817657488
8.602,0.000388951476967096,-0.0948537628374726,0.006472657509680679,0.00639255947349812,0.00163442314585005,-0.000625224309691994,-0.0009230606923643509,-3.65559096960129e-06,0.0305494083890697,-0.0009218468122076289,0.0211027737152476,1.6739256524852308,1.666859163268097,0.0027904196544007802,1.2682754691087539,-0.0038477871726770294,1.0815073616639304
8.622,0.000284946423362946,-0.0946642958636012,0.00628688807410847,0.006164172577260129,0.00163496613147126,-0.00055811431726814,-0.000878452806519117,-7.52599562941189e-06,0.0306002093920152,-0.00086185773648698,0.0210758026922446,1.6739189166897759,1.6668525353750838,0.002788692850647376,1.2775526070939007,-0.004117506540940684,1.087905380823573
8.642,0.000202268903402144,-0.0944602313169245,0.0060815442628203795,0.00591309545560905,0.00163409246782019,-0.000490912053806799,-0.0008336856314038759,-1.10109447032784e-05,0.0306419243177173,-0.000800357016839073,0.0210445960955847,1.6739142094796333,1.6668479396049658,0.002787448038935564,1.2868242913895216,-0.004368234652339025,1.0942811914637032
8.662,0.000138163336978294,-0.0942416737383586,0.00585948769190521,0.00564279317756089,0.00163183564809208,-0.000424152642645608,-0.000789012614837244,-1.40518094500173e-05,0.0306739549899306,-0.0007379521067848651,0.0210092166232874,1.6739110452672383,1.6668448778735094,0.002786582163689339,1.2960861892402484,-0.004599657476421193,1.1006325822004162
8.682,8.99195405046441e-05,-0.0940087309790023,0.00562356261064728,0.0053566976546519296,0.00162824170837645,-0.000358330944277247,-0.0007446415661362,-1.6599637983256398e-05,0.0306958197110514,-0.000675227615472013,0.0209697388292088,1.673909015916577,1.6668429342246671,0.002786005764720513,1.305333831337678,-0.0048116518063892185,1.1069573829154291
8.702,5.492045409371471e-05,-0.0937615141717758,0.00537656995082429,0.0050581726003712,0.00162336790297226,-0.000293894335467211,-0.000700732270157541,-1.8616794198514604e-05,0.0307071579953034,-0.000612735397566829,0.0209262486592587,1.6739077890623542,1.6668417727494147,0.0027856429987340755,1.3145626522989067,-0.005004275154814353,1.1132534693511111
8.722,3.06864672694703e-05,-0.0935001377032498,0.00512124308561131,0.00475048028858945,0.00161728149818888,-0.000231238079283318,-0.000657395290874821,-2.00782292953823e-05,0.030707733379467,-0.000550984958297316,0.0208788426780765,1.6739071033010302,1.666841132013809,0.0027854312974100463,1.3237680319746201,-0.005177752555850662,1.1195187674592835
8.742,1.4915866507494699e-05,-0.0932247191840071,0.00486022617383226,0.00443675066429764,0.00161005816122465,-0.000170702232136661,-0.000614692293622095,-2.0972295940794198e-05,0.030697433387068,-0.00049043515204523,0.0208276270285232,1.6739067610666878,1.6668408169621978,0.0027853206925073557,1.3329453367480038,-0.005332460615344044,1.1257512573431059
8.762,5.520975317302311e-06,-0.0929353794184083,0.0045960540364339605,0.00411995338165054,0.00160178026904496,-0.00011257168149370701,-0.000572637750160928,-2.13018270317573e-05,0.0306762670313406,-0.000431486970062191,0.0207727161299882,1.673906619983613,1.6668406892295915,0.0027852728469473847,1.3420899599542258,-0.005468909211220131,1.131948976748454
8.782,6.596089171239489e-07,-0.0926322423735294,0.00433113358376911,0.00380287261160406,0.0015925350583712,-5.70779831333458e-05,-0.000531202277110129,-2.10840767772264e-05,0.0306443596512317,-0.000374478237393219,0.0207142312811566,1.6739065834308975,1.6668406567223972,0.002785259837242776,1.3511973605543912,-0.0055877214273579185,1.1381100240520163
8.802,-1.23847968678964e-06,-0.0923154351478751,0.004067727001272279,0.0034880850226738803,0.00158241287848095,-4.40317675604182e-06,-0.0004903174504535879,-2.03508813666655e-05,0.0306019457869587,-0.00031967986748947903,0.0206522989723597,1.6739065909691215,1.6668406632180501,0.002785262736977907,1.3602630993445448,-0.005689612258980713,1.144232560667762
8.822,-1.45042773864145e-06,-0.091985087938029,0.0038079359590598603,0.00317794139965199,0.0015715052087529198,4.5314962315297205e-05,-0.00044988202032734503,-1.91482905545065e-05,0.0305493594783402,-0.000267294479360379,0.0205870490534232,1.6739066091734605,1.6668406786013799,0.002785270053191609,1.3692828719854668,-0.005775366791596655,1.1503148128454321
8.842,-9.4457038909797e-07,-0.0916413340060545,0.0035536867264311205,0.00287455136777633,0.0015599028613675,9.19763652985517e-05,-0.000409769588655062,-1.75357449213038e-05,0.0304870227177333,-0.000217456794271697,0.020518612783528,1.6739066232986057,1.6668406902089972,0.002785276067648324,1.3782525381713444,-0.0058458184924972045,1.1563550727989251
8.862,-3.70371655171882e-07,-0.0912843096453946,0.00330671634748987,0.0025797717567262396,0.00154769441577346,0.000135511962686823,-0.000369837397957926,-1.5584942555634303e-05,0.0304154321984801,-0.000170236351021968,0.0204471206295627,1.6739066300764724,1.6668406956023447,0.002785279133351529,1.3871681464427557,-0.005901828292909355,1.1623516991501754
8.882,-5.40593472263533e-08,-0.090914154145675,0.00306855964359016,0.0022951982732593,0.00153496440181694,0.000175876959508634,-0.00032993584226782,-1.33786846155619e-05,0.0303351444844496,-0.000125641893118674,0.0203727002328904,1.6739066318246942,1.6668406969443226,0.0027852799735765908,1.396025954203376,-0.005944265052317871,1.1683031166594335
8.902,0.0,-0.0905310097579992,0.00284053724585097,0.00202216089915965,0.0015217921424640801,0.000213044695370597,-0.000289918506577369,-1.1008892458269199e-05,0.0302467598479771,-8.36277849842668e-05,0.0202954739419492,1.673906631928942,1.666840697021443,0.002785280026569502,1.4048224425411144,-0.005973987970783257,1.1742078152651445
8.922,0.0,-0.0901350216579224,0.0026237466932981,0.00176172442489281,0.00150825052235474,0.000247001459117273,-0.00024965231028597796,-8.57482439369945e-06,0.0301509058659292,-4.41016081617074e-05,0.0202155566525543,1.673906631928942,1.666840697021443,0.002785280026569502,1.4135543257382852,-0.005991831426259056,1.1800643483630475
8.942,0.0,-0.0897263379091154,0.0024190728581335898,0.0015147099054750699,0.00149440505018093,0.000277742565006111,-0.000209027178724606,-6.18095430886032e-06,0.0300482204314032,-6.9329004703990994e-06,0.0201330536428326,1.673906631928942,1.666840697021443,0.002785280026569502,1.4222185554744196,-0.0059985925019104495,1.1858713304848663
8.962,0.0,-0.0893051094257335,0.00222720468914006,0.0012817239611977698,0.00148031311144057,0.000305269746588139,-0.000167964810753199,-3.9344602296004505e-06,0.0299393351566391,2.8037271897703496e-05,0.0200480583324934,1.673906631928942,1.666840697021443,0.002785280026569502,1.4308123197402105,-0.005995021497850457,1.1916274342899282
8.982,0.0,-0.0888714899335957,0.00204864376598417,0.00106318007669908,0.00146602367389365,0.000329589560991733,-0.00012642636165799,-1.9429267125144903e-06,0.0298248603183715,6.0986464248312795e-05,0.0199606505836591,1.673906631928942,1.666840697021443,0.002785280026569502,1.4393330369838053,-0.005981815502530482,1.1973313870366258
9.002,0.0,-0.0884256359320785,0.0018837120663104,0.000859319477630353,0.0014515770575504198,0.000350713216985704,-8.441842679025291e-05,-3.11776311803678e-07,0.0297053711679209,9.21012495422175e-05,0.0198708949744159,1.673906631928942,1.666840697021443,0.002785280026569502,1.4477783459611737,-0.005959614957714535,1.2029819665909194
9.022,0.0,-0.0879677066537758,0.00173256008732499,0.0006702306796907769,0.00143700487959308,0.000368656953984123,-4.19970476794694e-05,8.58347341461294e-07,0.0295813968557938,0.00012156784268470401,0.0197788395825061,1.673906631928942,1.666840697021443,0.002785280026569502,1.4561460920628624,-0.005929003077250121,1.2085779970745674
9.042,0.0,-0.087497864024348,0.0015951748874742302,0.0004958682355199219,0.0014223305903064,0.000383442793282098,7.30329282659055e-07,1.47386291450654e-06,0.0294534124140494,0.00014956366185073702,0.0196845153184896,1.673906631928942,1.666840697021443,0.002785280026569502,1.4644343110099456,-0.00589050788414782,1.2141183443294967
9.062,0.0,-0.0870162726218095,0.0014713891863393901,0.00033606982128121804,0.00140756974384203,0.000395099838051188,4.3604935135322996e-05,1.4506680342343001e-06,0.0293218338193455,0.000176250050128352,0.0195879356091326,1.673906631928942,1.666840697021443,0.002785280026569502,1.4726412109525433,-0.005844606453752285,1.2196019113427028
9.082,0.0,-0.0865230996348168,0.0013608921930978802,0.00019057288063998798,0.00139273086963483,0.000403665260723066,8.64193758940211e-05,7.163269702457509e-07,0.029187016348656,0.00020176646817729,0.0194890967345562,1.673906631928942,1.666840697021443,0.002785280026569502,1.4807651539005284,-0.0057917309556775156,1.2250276337745227
9.102,0.0,-0.086018514820307,0.00126324154281579,5.902961510711129e-05,0.00137781618421446,0.000409185267807605,0.00012892188897025,-7.88296019242988e-07,0.0290492560497337,0.000226226066277288,0.0193879789850956,1.673906631928942,1.666840697021443,0.002785280026569502,1.4888046374830757,-0.005732275984106436,1.2303944758161587
9.122,0.0,-0.0855026904606897,0.00117787705199315,-5.8978872214415896e-05,0.0013628226886176,0.00041171554937229,0.00017082308846686398,-3.10748421611437e-06,0.0289087934788817,0.00024971307920774,0.0192845481581139,1.673906631928942,1.666840697021443,0.002785280026569502,1.4967582777942348,-0.0056666067130741295,1.2357014265525255
9.142,0.0,-0.0849758013205019,0.0011041357879047,-0.000163929629589803,0.00134774303506037,0.000411321821192756,0.000211803959251798,-6.26963550607089e-06,0.028765819202205,0.000272281730235007,0.019178757812056,1.673906631928942,1.666840697021443,0.002785280026569502,1.5046247938680548,-0.005595067334607907,1.2409474969244998
9.162,0.0,-0.0844380246024427,0.00104126788733429,-0.000256346485744155,0.0013325667713788,0.000408079888051148,0.000251525115801466,-1.02866566952169e-05,0.028620480115899,0.00029395697520418103,0.0190705522333168,1.673906631928942,1.666840697021443,0.002785280026569502,1.5124029941231414,-0.005517989315608735,1.2461317175443638
9.182,0.0,-0.0838895399023719,0.0009884527989995789,-0.000336789812076942,0.0013172813686524,0.000402075604005749,0.000289637188000226,-1.51541031612933e-05,0.0284728856018479,0.000314736307309033,0.0189598697182601,1.673906631928942,1.666840697021443,0.002785280026569502,1.5200917648106842,-0.00543569905450878,1.2512531374314926
9.202,0.0,-0.08333052916449,0.000944815557564499,-0.00040584789693375,0.0013018732695454,0.000393405298485265,0.00032579151846299397,-2.08514794586952e-05,0.028323112801815,0.000334592989076224,0.0188466462965047,1.673906631928942,1.666840697021443,0.002785280026569502,1.5276900602664387,-0.0053485246105725946,1.2563108237650134
9.222,0.0,-0.0827611766350935,0.000909442613885381,-0.00046412960767005097,0.00128632895305838,0.00038217598119855096,0.000359650789796741,-2.73431779205457e-05,0.0281712106463812,0.000353480205890352,0.0187308197039127,1.673906631928942,1.666840697021443,0.002785280026569502,1.5351968946420584,-0.005256801207833664,1.2613038626905997
9.242,0.0,-0.0821816688168664,0.000881396918548026,-0.000512258148330308,0.00127063585537152,0.00036850608714227,0.00039089928433342996,-3.45802309586393e-05,0.0280172021431342,0.000371335680373484,0.0186123337151916,1.673906631928942,1.666840697021443,0.002785280026569502,1.542611334666955,-0.005160875355847743,1.2662313612413039
9.262,0.0,-0.0815921944212717,0.000859732167951311,-0.000550866071365095,0.0012547833523856699,0.000352526584570734,0.000419252489886385,-4.2501978661434e-05,0.0278610850356763,0.000388086699392955,0.0184911418183893,1.673906631928942,1.666840697021443,0.002785280026569502,1.5499324929922293,-0.005061107539404575,1.2710924502700114
9.282,0.0,-0.0809929443216688,0.000843506017930613,-0.00058059113603296,0.0012387633664402,0.000334382064513322,0.000444465255837971,-5.10383898634521e-05,0.0277028313583249,0.000403655087105334,0.018367211259698,1.673906631928942,1.666840697021443,0.002785280026569502,1.5571595217212402,-0.004957873455261671,1.2758862882870272
9.302,0.0,-0.0803841115051879,0.000831792039791046,-0.000602072879346942,0.00122257122257889,0.000314232282030771,0.00046633875909384904,-6.01125506446418e-05,0.0275423862247486,0.000417962111268363,0.0182405263486736,1.673906631928942,1.666840697021443,0.002785280026569502,1.5642916059560346,-0.004851563881376174,1.280612066150451
9.322,0.0,-0.0797658910240859,0.000823690917873184,-0.0006159497749093871,0.0012062061331971198,0.000292253184841556,0.00048472564113174,-6.964342803626221e-05,0.0273796665174651,0.00043093253314401697,0.0181110912170804,1.673906631928942,1.666840697021443,0.002785280026569502,1.5713279572219498,-0.004742583367092235,1.2852690123460278
9.342,0.0,-0.0791384799472068,0.0008183402172223741,-0.000622856962897441,0.0011896718301881,0.000268637761414922,0.000499533532561679,-7.954824812264509e-05,0.027214560247756,0.000442498426236135,0.0179789318112831,1.673906631928942,1.666840697021443,0.002785280026569502,1.5782678069162872,-0.004631347916576669,1.289856398660765
9.362,0.0,-0.0785020773100517,0.0008149235941939861,-0.000623423900687237,0.0011729769268839,0.0002435960293334,0.000510726546789941,-8.97451463907376e-05,0.027046927024666,0.000452601986034876,0.0178440973120771,1.673906631928942,1.666840697021443,0.002785280026569502,1.5851104000289353,-0.004518281888623577,1.2943735460573493
9.382,0.0,-0.0778568840655142,0.000812678688216529,-0.000618272565424844,0.0011561351783956199,0.00021735380619486102,0.0005183253275089611,-0.000100155298222523,0.0268766000930351,0.000461197471420356,0.017706660310156,1.673906631928942,1.666840697021443,0.002785280026569502,1.5918549894759886,-0.004403814401437507,1.298819830460684
9.402,0.0,-0.0772031030326902,0.000810904151741816,-0.0006080154059327139,0.0011391659105664,0.000190150488408402,0.0005224051321812,-0.00011070481099438501,0.0267033901551558,0.00046825269834273894,0.0175667163776087,1.673906631928942,1.666840697021443,0.002785280026569502,1.5985008314975013,-0.004288375413044773,1.3031946882326644
9.422,0.0,-0.0765409388467934,0.00080896591017512,-0.0005932533953269731,0.00112209398242828,0.00016223517951005701,0.000523092596314794,-0.00012132582019881999,0.0265270907603662,0.000473749203788936,0.0174243825357785,1.673906631928942,1.666840697021443,0.002785280026569502,1.6050471824618309,-0.004172391748049436,1.3074976211087872
9.442,0.0,-0.0758705979075165,0.000806302404160933,-0.0005745739413173309,0.00110495010866134,0.000133861449366787,0.0005205613798352599,-0.000131957589958475,0.0263474856202329,0.000477682033753978,0.0172797949788163,1.673906631928942,1.666840697021443,0.002785280026569502,1.6114932974905827,-0.004056283296276835,1.3117282003625934
9.462,0.0,-0.0751922883273492,0.000802428786765708,-0.000552548671800545,0.00108777081319279,0.000105281107734435,0.000515026489148179,-0.000142546611173616,0.0261643568624635,0.000480059037571625,0.0171331061078896,1.673906631928942,1.666840697021443,0.002785280026569502,1.6178384311536513,-0.003940459465108654,1.3158860700732349
9.482,0.0,-0.0745062198797679,0.000796940188072292,-0.0005277311014920139,0.00107059811710109,7.67371955640221e-05,0.000506738187378728,-0.000153046225622746,0.0259774942299448,0.000480899278368518,0.0169844807701817,1.673906631928942,1.666840697021443,0.002785280026569502,1.6240818403484412,-0.003825316075525162,1.3199709493162604
9.502,0.0,-0.0738126039463578,0.000789514153724803,-0.0005006542465241099,0.00105347955372614,4.84568384561524e-05,0.000495975219946443,-0.000163416035705437,0.025786704598342,0.00048023158136187,0.016834092263623,1.673906631928942,1.666840697021443,0.002785280026569502,1.6302227894070536,-0.0037112327752976525,1.3239826332106392
9.522,0.0,-0.0731116534643247,0.000779911837991217,-0.000471828151497687,0.0010364676949832,2.06445156681292e-05,0.000483037938759612,-0.00017362061157901698,0.0255918212124179,0.00047809254895294403,0.0166821179334626,1.673906631928942,1.666840697021443,0.002785280026569502,1.6362605572902815,-0.003598570974292441,1.32792099281355
9.542,0.0,-0.0724035828729143,0.0007679783204648519,-0.000441737367715637,0.00101961951658473,-6.5232273014023e-06,0.000468241086714167,-0.00018362799892844098,0.0253927121225078,0.000474524780845134,0.0165287346647974,1.673906631928942,1.666840697021443,0.002785280026569502,1.6421944465952993,-0.0034876723590078133,1.3317859738194426
9.562,0.0,-0.0716886080599614,0.000753642165766695,-0.00041083848117868903,0.00100299571623983,-3.29014370741387e-05,0.000451907223469967,-0.000193408161410712,0.0251892875520837,0.00046957524305878096,0.0163741146238591,1.673906631928942,1.666840697021443,0.002785280026569502,1.6480237940380387,-0.003378857868763415,1.3355775941943242
9.582,0.0,-0.0709669463080674,0.0007369134480861639,-0.000379557949442875,0.000986659789810876,-5.83785089295032e-05,0.00043435999954385,-0.000202931415954643,0.0249815052871264,0.000463293702328701,0.0162184211575065,1.673906631928942,1.666840697021443,0.002785280026569502,1.6537479819260736,-0.003272427142506686,1.339295940817127
9.602,0.0,-0.0702388162400191,0.000717881237690014,-0.00034828980628594,0.000970676870906408,-8.28752075457341e-05,0.000415918118182212,-0.000212166819684851,0.0247693742707857,0.000455731661040029,0.0160618050704979,1.673906631928942,1.666840697021443,0.002785280026569502,1.659366450080947,-0.0031686582932173627,1.3429411652742962
9.622,0.0,-0.0695044377644614,0.000696709697657327,-0.00031739396483072,0.0009551125606219631,-0.000106341796699294,0.000396889839220558,-0.00022108103121471002,0.0245529559207624,0.000446941733848432,0.0159044017137425,1.673906631928942,1.666840697021443,0.002785280026569502,1.66487870768724,-0.0030678079388250607,1.346513478987652
9.642,0.0,-0.0687640320207328,0.000673632653442983,-0.000287194855771627,0.0009400316333314381,-0.00012875345619311,0.000377568160239494,-0.000229637570119571,0.024332363402905,0.00043697722423079703,0.015746328551083,1.673906631928942,1.666840697021443,0.002785280026569502,1.670284344530668,-0.002970111353274373,1.3500131478908197
9.662,0.0,-0.068017821323952,0.000648946822401781,-0.000257980398404868,0.000925496468687363,-0.00015010433739328402,0.00035822667830720203,-0.000237796288285577,0.0241077583582133,0.000425892386843346,0.0155876834957287,1.673906631928942,1.666840697021443,0.002785280026569502,1.6755830410982748,-0.0028757826896836968,1.353440486816261
9.682,0.0,-0.0672660291094046,0.000623003174581874,-0.00023000164785458302,0.0009115657006948619,-0.000170401003783335,0.000339116404654832,-0.000245513615751986,0.0238793464312124,0.000413742965923619,0.0154285440500754,1.673906631928942,1.666840697021443,0.002785280026569502,1.6807745771595992,-0.0027850151065121026,1.3567958538077844
9.702,0.0,-0.0665088798764724,0.000596196181124079,-0.000203472867718289,0.0008982930672537641,-0.000189656241492153,0.00032046335368024703,-0.000252743164324635,0.0236473710966092,0.000400586815211411,0.0152689673569475,1.673906631928942,1.666840697021443,0.002785280026569502,1.6858588385706774,-0.0026979808289633567,1.3600796445791545
9.722,0.0,-0.0657465991332407,0.000568951417508797,-0.000178572320821881,0.000885725815021948,-0.000207883530308329,0.00030246698566185296,-0.000259436902711022,0.0234121065071607,0.000386485011284064,0.0151089906705477,1.673906631928942,1.666840697021443,0.002785280026569502,1.690835822083261,-0.0026148310453813404,1.3632922872493354
9.742,0.0,-0.0649794133397719,0.000541711063583155,-0.000155443254962611,0.0008739038602696309,-0.000225092318017489,0.00028529944952259,-0.000265546593306035,0.023173850314499,0.000371502915340258,0.0149486326217404,1.673906631928942,1.666840697021443,0.002785280026569502,1.6957056381451767,-0.002535695624638106,1.3664342375001126
9.762,0.0,-0.0642075498519182,0.000514918251269811,-0.000134195471998139,0.000862858880217321,-0.00024128521813866698,0.00026910565156823,-0.00027102578842758303,0.0229329162436717,0.000355710945538213,0.014787895121262,1.673906631928942,1.666840697021443,0.002785280026569502,1.7004685118030456,-0.002460682711701221,1.3695059742872004
9.782,0.0,-0.0634312368645609,0.00048900117093339,-0.000114907010796622,0.0008526136075571299,-0.000256456200689156,0.00025400400953864304,-0.000275831750788507,0.0226896271318505,0.000339185469833051,0.0146267654203501,1.673906631928942,1.666840697021443,0.002785280026569502,1.7051247817955717,-0.0023898782301840717,1.3725079961757438
9.802,0.0,-0.0626507033545302,0.000464356761737053,-9.76260611824528e-05,0.000843181455085041,-0.00027059029667636297,0.000240087398504871,-0.00027992774996207,0.0224443086791868,0.000322009394417449,0.0144652186120407,1.673906631928942,1.666840697021443,0.002785280026569502,1.7096748981128982,-0.002323345313523888,1.3754408183128035
9.822,0.0,-0.0618661790240035,0.00044133670346412307,-8.23728822472812e-05,0.000834566460188392,-0.000283664280592188,0.000227424929786677,-0.000283284987165535,0.0221972837396238,0.000304272149292152,0.0143032203673022,1.673906631928942,1.666840697021443,0.002785280026569502,1.7141194182199357,-0.0022611237819128386,1.3783049700995642
9.842,0.0,-0.0610778942427999,0.000420235516663197,-6.91413231174033e-05,0.0008267631787927981,-0.000295648537431202,0.000216063624462246,-0.00028588453824669903,0.0219488671884339,0.00028606944450325095,0.014140729459634,1.673906631928942,1.666840697021443,0.002785280026569502,1.7184590021629853,-0.002203229748655708,1.3811009935072451
9.862,0.0,-0.0602860799913683,0.000401282409874654,-5.79007642708999e-05,0.000819756927212491,-0.00030650931168539104,0.000206030176556903,-0.00028771896164780697,0.0216993614451879,0.000267502654006351,0.0139777004960103,1.673906631928942,1.666840697021443,0.002785280026569502,1.722694406762399,-0.0021496554059445444,1.383829441994278
9.882,0.0,-0.0594909678030345,0.00038463755341981097,-4.8597246678694604e-05,0.000813524271328177,-0.00031621190612395,0.00019733269929928202,-0.00028879341288687597,0.0214490521978874,0.000248677643419826,0.0138140863723544,1.673906631928942,1.666840697021443,0.002785280026569502,1.726826479049158,-0.0021003690816610134,1.3864908799984537
9.902,0.0,-0.0586927897065151,0.000370393010327,-4.1154828769320294e-05,0.000808033197546779,-0.00032472410539535496,0.00018996218030541698,-0.00028912636238919,0.0211982044504176,0.000229703261018758,0.0136498407412824,1.673906631928942,1.666840697021443,0.002785280026569502,1.7308561490657428,-0.002055315622398537,1.3890858829173844
9.922,0.0,-0.0578917781680385,0.00035857833579563,-3.54766137702867e-05,0.000803243566164389,-0.000332019934983152,0.00018389378283728,-0.000288749838526437,0.0209470590876927,0.00021068947639766,0.0134849199660738,1.673906631928942,1.666840697021443,0.002785280026569502,1.7347844221837128,-0.002014417175990587,1.3916150375033571
9.942,0.0,-0.0570881660334666,0.000349170185049467,-3.14460970349989e-05,0.0007991076573129719,-0.000338083931116237,0.000179087492780908,-0.000287709085709774,0.0206958291582075,0.000191745455388823,0.0133192852947391,1.673906631928942,1.666840697021443,0.002785280026569502,1.7386123710215329,-0.001977574335587024,1.394078942609331
9.962,0.0,-0.0562821864706793,0.000342105090752149,-2.8928032356586304e-05,0.00079557032295615,-0.000342914663377797,0.000175488889235567,-0.000286061738470184,0.0204446969082821,0.000172977236370607,0.0131529043820044,1.673906631928942,1.666840697021443,0.002785280026569502,1.7423411270499893,-0.0019446677053734673,1.396478210211309
9.982,0.0,-0.0554740729109191,0.000337293949875189,-2.7770028064475606e-05,0.0007925692710526559,-0.000346528521353565,0.00017302925806801002,-0.000283876760895176,0.0201938110230284,0.00015448547786982801,0.0129857529319187,1.673906631928942,1.666840697021443,0.002785280026569502,1.7459718720696522,-0.0019155598510150413,1.3988134666365761
10.002,0.0,-0.0546640589913999,0.00033463676121876497,-2.7804458273571503e-05,0.000790035487384799,-0.000348962138718967,0.000171625388462776,-0.000281232492132596,0.0199432842730804,0.000136363483185525,0.0128178158847483,1.673906631928942,1.666840697021443,0.002785280026569502,1.7495058296137163,-0.0018900975701214777,1.401085353930194
10.022,0.0,-0.0538523784968072,0.000334036506338388,-2.8850340673873805e-05,0.000787893251429798,-0.000350273960061455,0.00017117948714362701,-0.00027821499227384,0.0196931918940993,0.00011869503816793401,0.0126490883861182,1.673906631928942,1.666840697021443,0.002785280026569502,1.7529442564724076,-0.0018681144485507351,1.4032945312965501
10.042,0.0,-0.053039265301305,0.000335410336842851,-3.07163643930889e-05,0.000786060389897413,-0.000350544037265517,0.0001715788405227,-0.000274915699412727,0.0194435705458147,0.000101552873905838,0.0124795767078476,1.673906631928942,1.666840697021443,0.002785280026569502,1.7562884344434293,-0.0018494336211154405,1.405441676556626
10.062,0.0,-0.052224953310277,0.000338697568736683,-3.32039345766511e-05,0.000784448711481767,-0.000349872282565769,0.000172695333841984,-0.00027142900822661097,0.019194418150088,8.49973354816212e-05,0.0123092987034421,1.673906631928942,1.666840697021443,0.002785280026569502,1.7595396624965305,-0.0018338706398036881,1.4075274875770514
10.082,0.0,-0.0514096764022222,0.000343863599598577,-3.6111026674905896e-05,0.0007829643175303531,-0.00034837484184730897,0.000174385627972726,-0.000267849834407511,0.0189456949642915,6.907571668874909e-05,0.0121382840604037,1.673906631928942,1.666840697021443,0.002785280026569502,1.7626992494990203,-0.0018212363455860764,1.4095526835998982
10.102,0.0,-0.0505936683707868,0.00035089975511851297,-3.92363083397657e-05,0.0007815082398606309,-0.000346179087634456,0.000176491160694229,-0.00026427120466563704,0.0186973258078782,5.38218867412714e-05,0.0119665742350461,1.673906631928942,1.666840697021443,0.002785280026569502,1.765768507748526,-0.0018113396565991578,1.4115180064156407
10.122,0.0,-0.0497771628663363,0.000359818892591582,-4.2383868722807703e-05,0.000779977252156416,-0.000343417457533508,0.000178838902281008,-0.00026078160884598103,0.0184492038030233,3.9256749474246504e-05,0.0117942221796924,1.673906631928942,1.666840697021443,0.002785280026569502,1.7687487474359322,-0.0018039901666507512,1.4134242213542774
10.142,0.0,-0.0489603933382078,0.000370647779588313,-4.53677533773854e-05,0.0007782650274313361,-0.000340220748335145,0.000181242712056454,-0.000257462619047255,0.0182011961381623,2.5389319039356898e-05,0.0116212915712101,1.673906631928942,1.666840697021443,0.002785280026569502,1.7716412723383277,-0.0017990004422711384,1.4152721180251349
10.162,0.0,-0.0481435929764644,0.000383416494598536,-4.8017105040152396e-05,0.000776263294469711,-0.000336711569034787,0.000183505319484532,-0.000254386766568636,0.0179531513314859,1.22180526691986e-05,0.0114478558286171,1.673906631928942,1.666840697021443,0.002785280026569502,1.77444737690346,-0.0017961879508108618,1.4170625107640635
10.182,0.0,-0.0473269946541082,0.00039814575614406,-5.01806246228259e-05,0.0007738636015124481,-0.00033299838937565096,0.00018542110234908002,-0.000251615285730159,0.0177049080786403,-2.6695037784335e-07,0.0112739969969382,1.673906631928942,1.666840697021443,0.002785280026569502,1.7771683448616968,-0.001795376585382622,1.4187962387857178
10.202,0.0,-0.0465108308693146,0.000414833949403039,-5.17309994751136e-05,0.00077095888898707,-0.000329170800291858,0.000186779768601293,-0.00024919638630367403,0.0174563058775558,-1.20814796009275e-05,0.0110998040001388,1.673906631928942,1.666840697021443,0.002785280026569502,1.7798054495026185,-0.0017963976752104452,1.4204741659858737
10.222,0.0,-0.0456953336873282,0.000433443325569187,-5.2568622166318e-05,0.0007674456363888389,-0.000325296370803131,0.000187370727551137,-0.000247163749547401,0.0172071960675589,-2.3244769699004602e-05,0.0109253711863623,1.673906631928942,1.666840697021443,0.002785280026569502,1.7823599556094674,-0.0017990905615109202,1.422097180405123
10.242,0.0,-0.0448807346833517,0.00045388764301078095,-5.26245125316015e-05,0.000763225840021536,-0.00032141924662385803,0.000186988325280548,-0.000245535229196737,0.01695745308071,-3.37765514749918e-05,0.0107507964417464,1.673906631928942,1.666840697021443,0.002785280026569502,1.7848331229208605,-0.0018033026999325146,1.4236661933674715
10.262,0.0,-0.0440672648845554,0.000476021567945168,-5.1862327487638e-05,0.000758209135952115,-0.000317560394887933,0.00018543745305201202,-0.000244312248922304,0.0167069851192932,-4.36946862367686e-05,0.0105761795200809,1.673906631928942,1.666840697021443,0.002785280026569502,1.7872262109138155,-0.0018088893598084885,1.4251821383070704
10.282,0.0,-0.0432551547130742,0.0004996326184680559,-5.02791584984748e-05,0.0007523148017726769,-0.00031371951428819104,0.00018253971052487,-0.00024347945761255297,0.0164557430077441,-5.3012758870164895e-05,0.0104016202879521,1.673906631928942,1.666840697021443,0.002785280026569502,1.7895404845671399,-0.001815712996367142,1.4266459693211253
10.302,0.0,-0.0424446339286148,0.000524436180970842,-4.7905006959219e-05,0.000745473642655818,-0.00030987817340779,0.00017813955918566499,-0.000243005133305136,0.016203726685002,-6.17384450917968e-05,0.010227217354141,1.673906631928942,1.666840697021443,0.002785280026569502,1.791777220644852,-0.0018236423885235244,1.428058659501192
10.322,0.0,-0.0416359315714441,0.0005500751205689759,-4.4801281369303494e-05,0.0007376297837695781,-0.000306003896383703,0.000172110302311932,-0.000242841978521537,0.0159509889149557,-6.98721896660934e-05,0.0100530668453528,1.673906631928942,1.666840697021443,0.002785280026569502,1.7939377140510364,-0.0018325516382142343,1.4294211991073638
10.342,0.0,-0.0408292759057063,0.000576123414439753,-4.1057666409624204e-05,0.000728741788238675,-0.00030205477947217903,0.000164359532199917,-0.000242928735973456,0.015697635168218,-7.74067829618177e-05,0.00987926149294155,1.673906631928942,1.666840697021443,0.002785280026569502,1.796023283724192,-0.0018423191469955835,1.4307345936274787
10.362,0.0,-0.0400248943625537,0.0006020946110439781,-3.67881191160127e-05,0.000718783778708361,-0.00029798433398051,0.00015483373864950902,-0.00024319220416777002,0.0154438204116481,-8.432760487355991e-05,0.00970589019127871,1.673906631928942,1.666840697021443,0.002785280026569502,1.7980352776086828,-0.0018528266755885683,1.4319998618067529
10.382,0.0,-0.0392230134838328,0.000627455163885509,-3.212585149682e-05,0.000707745974714163,-0.00029374640553226603,0.000143521752349335,-0.00024355007872882997,0.0151897424256354,-9.06132909510628e-05,0.00953303772462796,1.673906631928942,1.666840697021443,0.002785280026569502,1.7999750763158258,-0.001863958560069902,1.4332180336821176
10.402,0.0,-0.03842385886586,0.0006516420103465089,-2.72174800348555e-05,0.000695634628199738,-0.000289299110463685,0.000130456876285219,-0.00024391395351140298,0.014935632348647,-9.62371226194715e-05,0.00936078502521648,1.673906631928942,1.666840697021443,0.002785280026569502,1.8018440951823413,-0.0018756011411146653,1.434390148686848
10.422,0.0,-0.0376276551034921,0.000674083417329584,-2.22166759419113e-05,0.0006824718445796639,-0.000284608638704986,0.000115717334567353,-0.000244193004992062,0.0146817432136744,-0.00010116894986633499,0.009189209543638641,1.673906631928942,1.666840697021443,0.002785280026569502,1.8036437845590731,-0.0018876424755496903,1.4355172538529144
10.442,0.0,-0.0368346257343572,0.0006942224219605099,-1.72780779679572e-05,0.000668294714560315,-0.000279652019369584,9.94249666020615e-05,-0.00024429776293950496,0.0144283374009528,-0.000105377005781379,0.00901838595244231,1.673906631928942,1.666840697021443,0.002785280026569502,1.8053756283323903,-0.0018999723202052182,1.4366004021437488
10.462,0.0,-0.0360449931833631,0.000711541121927214,-1.25508566479958e-05,0.000653153980361675,-0.000274418553038068,8.1742578654011e-05,-0.00024414398564711096,0.0141756738766082,-0.00010882997073725,0.00884838690496198,1.673906631928942,1.666840697021443,0.002785280026569502,1.8070411408020943,-0.0019124823598916103,1.4376406509218393
10.482,0.0,-0.0352589787077462,0.00072558367856163,-8.172898313070171e-06,0.000637112804071205,-0.000268910741690183,6.28692405409864e-05,-0.00024365648837798999,0.013923996033652,-0.00011149915423286499,0.008679283864382359,1.673906631928942,1.666840697021443,0.002785280026569502,1.8086418621218978,-0.0019250666867498146,1.4386390605557666
10.502,0.0,-0.0344768023418871,0.00073597709201505,-4.2659709783299895e-06,0.000620244893381914,-0.000263143691824504,4.30342942470779e-05,-0.00024277275705314,0.0136735217331086,-0.00011336011623428401,0.00851114781703248,1.673906631928942,1.666840697021443,0.002785280026569502,1.8101793526867331,-0.0019376224533842,1.439596693148225
10.522,0.0,-0.0336986828431299,0.0007424476995123241,-9.313959315065759e-07,0.000602632624663347,-0.000257143609854117,2.24905471385617e-05,-0.000241445983055633,0.0134244352275825,-0.000114394259056198,0.0083440500011275,1.673906631928942,1.666840697021443,0.002785280026569502,1.8116551868419672,-0.0019500506514467137,1.4405146113656455
10.542,0.0,-0.0329248376371147,0.000744831619102081,1.75278500467061e-06,0.00058436524033422,-0.0002509456700037,1.50601412906978e-06,-0.00023964765874951802,0.0131768824973058,-0.00011459012174823501,0.008178062392994779,1.673906631928942,1.666840697021443,0.002785280026569502,1.8130709463358219,-0.0019622569671277094,1.4413938773576007
10.562,0.0,-0.032155482764229,0.0007430793187210651,3.7339649774468498e-06,0.000565536927971196,-0.000244591411730744,-1.96444336352816e-05,-0.00023736948168290802,0.0129309697056695,-0.00011394418867008,0.0080132579378097,1.673906631928942,1.666840697021443,0.002785280026569502,1.814428213962425,-0.0019741526573375085,1.4422355517167513
10.582,0.0,-0.0313908328259111,0.000737253129236997,4.98548286090614e-06,0.000546245109101988,-0.00023812542104523,-4.06873894804741e-05,-0.000234624219995966,0.0126867653202426,-0.00011246161459984199,0.00784971064054097,1.673906631928942,1.666840697021443,0.002785280026569502,1.8157285677582102,-0.0019856553958042845,1.4430406924674946
10.602,0.0,-0.0306311009313984,0.000727517863411527,5.50627622864961e-06,0.000526588977052926,-0.00023159288582485,-6.13592904267752e-05,-0.00023144594175581498,0.0124443054865482,-0.00011015671657187601,0.007687495550783,1.673906631928942,1.666840697021443,0.002785280026569502,1.8169735761109453,-0.0019966900747004305,1.4438103540661498
10.622,0.0,-0.0298764986450135,0.000714126093403758,5.31965084437556e-06,0.0005066682217344,-0.000225037139423291,-8.14138779983987e-05,-0.00022788937694124102,0.0122036020446407,-0.000107053330670582,0.00752668834205314,1.673906631928942,1.666840697021443,0.002785280026569502,1.8181647939721168,-0.002007189529484029,1.4445455863841168
10.642,0.0,-0.0291272359337054,0.00069739890089076,4.470697458580269e-06,0.00048658200668973703,-0.000218497843128222,-0.000100628616705414,-0.000224028131886818,0.0119646535086457,-0.000103185128148553,0.00736736513829672,1.673906631928942,1.666840697021443,0.002785280026569502,1.819303760352382,-0.0020170951768758434,1.4452474336830399
10.662,0.0,-0.0283835211149637,0.00067770353331132,3.0234758993213e-06,0.00046642812251060096,-0.00021200991924981798,-0.00011880995767968799,-0.00021995245079208198,0.0117274570930983,-9.85959845220542e-05,0.00720960198610302,1.673906631928942,1.666840697021443,0.002785280026569502,1.8203919971269786,-0.002026357570037962,1.4459169335647188
10.682,0.0,-0.0276455608052486,0.000655430725520535,1.0575916258023198e-06,0.00044630261113997596,-0.000205603298029433,-0.000135797195058713,-0.000215766190596247,0.0114920213807124,-9.334029830268149e-05,0.00705347455940233,1.673906631928942,1.666840697021443,0.002785280026569502,1.8214310090540848,-0.0020349368605002013,1.4465551159222665
10.702,0.0,-0.0269135598687531,0.000630973047983313,-1.33598073171749e-06,0.00042629921155623,-0.000199302703831601,-0.000151464676461223,-0.000211583052955001,0.011258378803743,-8.74833247434578e-05,0.00689905779184654,1.673906631928942,1.666840697021443,0.002785280026569502,1.8224222848396954,-0.0020428031744329513,1.4471630018765558
10.722,0.0,-0.0261877213667188,0.000604706008808169,-4.05862569985007e-06,0.000406509222750408,-0.0001931281490705,-0.000165722434324148,-0.000207522631889016,0.0110265964686523,-8.11015685067884e-05,0.00674642569491703,1.673906631928942,1.666840697021443,0.002785280026569502,1.8233672990096068,-0.002049936895828339,1.4477416027373322
10.742,0.0,-0.0254682465070374,0.000576973688415558,-7.00822792723111e-06,0.000387021157390648,-0.00018709527992762,-0.00017851538289619098,-0.000203706163915041,0.0107967841215854,-7.42828512051543e-05,0.00659565119888407,1.673906631928942,1.666840697021443,0.002785280026569502,1.8242675142126947,-0.0020563288497001514,1.4482919189826948
10.762,0.0,-0.0247553345944665,0.000548079787835482,-1.00830539638888e-05,0.000367920433183975,-0.000181215715709713,-0.000189821156574378,-0.000200251973775824,0.0105690991656851,-6.712640152868089e-05,0.006446805968069871,1.673906631928942,1.666840697021443,0.002785280026569502,1.8251243836228728,-0.0020619803750397776,1.4488149392653982
10.782,0.0,-0.0240491829812383,0.000518283912036109,-1.3185265227342e-05,0.000349288890585052,-0.00017549735474718,-0.000199646584960448,-0.000197271319149623,0.0103437473226413,-5.97423631488075e-05,0.0062999608082011105,1.673906631928942,1.666840697021443,0.002785280026569502,1.825939353067374,-0.0020669032609444736,1.4493116394788699
10.802,0.0,-0.0233499870181713,0.000487803592041326,-1.62239861798473e-05,0.000331204213433791,-0.000169945078207658,-0.000208023457534622,-0.000194864320012349,0.0101209787637564,-5.22512261080073e-05,0.00615518537330026,1.673906631928942,1.666840697021443,0.002785280026569502,1.8267138625180523,-0.0020711195425582142,1.4497829818641577
10.822,0.0,-0.022657940006363,0.00045682072650653303,-1.91180135151697e-05,0.000313739026135673,-0.00016456144857533302,-0.000215003480484202,-0.000193116386246374,0.00990108045348123,-4.4782286363530496e-05,0.006012548587807771,1.673906631928942,1.666840697021443,0.002785280026569502,1.8274493466874175,-0.002074661111514451,1.4502299141678063
10.842,0.0,-0.0219732331491222,0.000425491457667482,-2.17975622521977e-05,0.00029695990127062797,-0.000159348412599192,-0.0002206528950646,-0.000192095129347205,0.00968436402392983,-3.74722078768074e-05,0.0058721185895292205,1.673906631928942,1.666840697021443,0.002785280026569502,1.828147234529083,-0.002077569145466046,1.4506533688573016
10.862,0.0,-0.0212960555048585,0.000393957657484261,-2.4205760242901604e-05,0.000280926211510317,-0.000154309771177566,-0.000225046971698539,-0.00019184804482657,0.00947115097838068,-3.0462615480260803e-05,0.00573396275746792,1.673906631928942,1.666840697021443,0.002785280026569502,1.828808947541012,-0.0020798933428602165,1.4510542623736415
10.882,0.0,-0.0206265939400769,0.000362358988180709,-2.62989087938881e-05,0.000265688731019871,-0.000149454621375059,-0.000228264828992304,-0.000192401153943331,0.00926175586874298,-2.38974310373591e-05,0.005598147489227221,1.673906631928942,1.666840697021443,0.002785280026569502,1.8294358969186033,-0.0020816909519359365,1.4514334944191127
10.902,0.0,-0.0199650330832385,0.000330843278892539,-2.80464699518308e-05,0.00025128840600846,-0.000144801754543119,-0.00023038466552630898,-0.000193757906687245,0.009056468687973409,-1.79198609846291e-05,0.005464737989379629,1.673906631928942,1.666840697021443,0.002785280026569502,1.8300294796739713,-0.002083025611475108,1.4517919472765268
10.922,0.0,-0.0193115552789472,0.000299574513447766,-2.9430099568803802e-05,0.00023775517293324,-0.000140384288286406,-0.000231479410097923,-0.000195899782521932,0.008855538032240859,-1.2669273073441802e-05,0.00533379748300082,1.673906631928942,1.666840697021443,0.002785280026569502,1.8305910739512323,-0.00208396603235477,1.4521304851406756
10.942,0.0,-0.0186663405428428,0.000268736989930282,-3.0442144679682105e-05,0.000225106741843119,-0.00013625423527811,-0.00023161367676617002,-0.000198787176762142,0.00865915640721502,-8.27758408000487e-06,0.00520538658939876,1.673906631928942,1.666840697021443,0.002785280026569502,1.8311220338468865,-0.002084584535470232,1.4524499534556454
10.962,0.0,-0.0180295665170762,0.000238535524316415,-3.1083673442713e-05,0.000213348008361365,-0.00013248600982062298,-0.00023084126319515802,-0.000202361032242996,0.008467448129820929,-4.86626223876593e-06,0.00507956217413647,1.673906631928942,1.666840697021443,0.002785280026569502,1.8316236840588813,-0.00208495549671913,1.4527511782646687
10.982,0.0,-0.0174014084262399,0.000209191523282126,-3.1362329228913204e-05,0.000202470591114674,-0.000129177865454534,-0.00022920363490136402,-0.000206545791701988,0.0082804616246887,-2.54307740264448e-06,0.00495637609174799,1.673906631928942,1.666840697021443,0.002785280026569502,1.8320973147047772,-0.0020851537503399267,1.4530349655495234
11.002,0.0,-0.0167820390340765,0.000180935246313729,-3.12896987662708e-05,0.000192452799630846,-0.00012645081252658,-0.000226729526554627,-0.00021125215509603998,0.0080981656285175,-1.39937411290901e-06,0.0048358738505314205,1.673906631928942,1.666840697021443,0.002785280026569502,1.832544176646564,-0.002085252988871613,1.4533021005866162
11.022,0.0,-0.0161716286006468,0.00015399553341364198,-3.08792966548923e-05,0.00018326035242565,-0.00012444421516741598,-0.000223435315618637,-0.00021638061305774399,0.007920449855164071,-1.50769123203323e-06,0.00471809298213774,1.673906631928942,1.666840697021443,0.002785280026569502,1.8329654775611468,-0.0020853242189874306,1.4535533473082451
11.042,0.0,-0.0155703448402428,0.00012858791451696101,-3.01441274441211e-05,0.000174847214192792,-0.000123307940470141,-0.000219326006417056,-0.00022182531550077404,0.00774712993140855,-2.91978705135471e-06,0.004603061531998479,1.673906631928942,1.666840697021443,0.002785280026569502,1.833362378975319,-0.0020854343115153514,1.4537894476889917
11.062,0.0,-0.0149783528798592,0.000104902281409283,-2.9095169918808003e-05,0.00016715727821297701,-0.000123191486956153,-0.000214396942288653,-0.000227477751646166,0.0075779559938205406,-5.66537317076185e-06,0.00449079674236135,1.673906631928942,1.666840697021443,0.002785280026569502,1.8337359943818217,-0.0020856446986209343,1.4540111211778108
11.082,0.0,-0.0143958152182615,8.30920392625519e-05,-2.77400628925786e-05,0.00016012608219087,-0.000124230487781599,-0.000208636097306354,-0.00023323011983366202,0.00741262408099239,-9.75109092353656e-06,0.00438130350484077,1.673906631928942,1.666840697021443,0.002785280026569502,1.8340873884730595,-0.0020860102393466385,1.4542190641875758
11.102,0.0,-0.0138228916858913,6.32656010222404e-05,-2.60823406061627e-05,0.000153683211966021,-0.000126532024006118,-0.000202026340078093,-0.000238978878463965,0.00725078997312273,-1.5160215903489701e-05,0.00427457355961104,1.673906631928942,1.666840697021443,0.002785280026569502,1.8344175774629257,-0.0020865782898349112,1.4544139496627593
11.122,0.0,-0.0132597394052176,4.5481405420568604e-05,-2.41212935741114e-05,0.00014775461269461598,-0.00013016012970156499,-0.00019454812307888702,-0.000244627273221877,0.00709208418721018,-2.1852741852821398e-05,0.00417058468881627,1.673906631928942,1.666840697021443,0.002785280026569502,1.8347275304031814,-0.002087387991484174,1.4545964267548224
11.142,0.0,-0.0127065127518634,2.9746807395768396e-05,-2.1852129981744298e-05,0.00014226512854171398,-0.000135122581070523,-0.000186182193084523,-0.000250087493196249,0.0069361277485347605,-2.9765778793485102e-05,0.00406930040822739,1.673906631928942,1.666840697021443,0.002785280026569502,1.8350181713516929,-0.0020884697815506054,1.4547671206100707
11.162,0.0,-0.0121633633164234,1.60214051039203e-05,-1.9266697116104e-05,0.000137140927612331,-0.00014136134012561,-0.000176912125915006,-0.000255282117974611,0.0067825474546237795,-3.8814629927907204e-05,0.00397067025557144,1.673906631928942,1.666840697021443,0.002785280026569502,1.8352903822141544,-0.00208984513675935,1.4549266322976255
11.182,0.0,-0.0116304398669745,4.2240512526553804e-06,-1.6354148864303303e-05,0.000132311741382283,-0.00014874705364123999,-0.00016672674721347,-0.00026014485812200495,0.00663099047971448,-4.8893911107709793e-05,0.00387463026146161,1.673906631928942,1.666840697021443,0.002785280026569502,1.8355450060617235,-0.002091526537792141,1.4550755388811476
11.202,0.0,-0.0111078883122376,-5.75709450262686e-06,-1.31021320213983e-05,0.000127712665711754,-0.000157078952701974,-0.00015562260737858602,-0.000264620575910746,0.006481137344500489,-5.9879087083131003e-05,0.0037811041787394204,1.673906631928942,1.666840697021443,0.002785280026569502,1.8357828507293454,-0.0020935176433588693,1.4552143936409363
11.222,0.0,-0.010595851665463,-1.4052481071089903e-05,-9.49759546971037e-06,0.000123285794157742,-0.00016609037216416,-0.00014360576746213,-0.000268664644689114,0.00633271264514734,-7.162831679767181e-05,0.00369000491931571,1.673906631928942,1.666840697021443,0.002785280026569502,1.8360046924895281,-0.0020958136611472188,1.4553437264465048
11.242,0.0,-0.0100944700090801,-2.0798700936438398e-05,-5.52764416134637e-06,0.000118981070354895,-0.000175459775149719,-0.000130693808670175,-0.00027224193456634505,0.00618549342184294,-8.39843879925535e-05,0.0036012363520488296,1.673906631928942,1.666840697021443,0.002785280026569502,1.8362112796206582,-0.0020984018935313016,1.455464044269846
11.262,0.0,-0.00960388046000788,-2.6126724698664302e-05,-1.1802258753227501e-06,0.00011475684800148,-0.00018482611021199198,-0.00011691700311724299,-0.000275325237277252,0.00603931478665374,-9.67768219969097e-05,0.00351469568570841,1.673906631928942,1.666840697021443,0.002785280026569502,1.836403335719968,-0.0021012624332144353,1.4555758318277188
11.282,0.0,-0.00912421713577304,-3.01524748705729e-05,3.5553101381305e-06,0.00011057990919745701,-0.0001938076412267,-0.000102319710983362,-0.000277893629706721,0.00589407230365945,-0.000109824296662111,0.00343027574092805,1.673906631928942,1.666840697021443,0.002785280026569502,1.8365815626246442,-0.00210436898936052,1.455679552342442
11.302,0.0,-0.008655611121291209,-3.29701035221981e-05,8.688136179491651e-06,0.000106424892880978,-0.000202022343475028,-8.69608929970377e-05,-0.000279930632092957,0.00574972190793945,-0.000122936924414256,0.00334786750221643,1.673906631928942,1.666840697021443,0.002785280026569502,1.8367466428540045,-0.0021076898140306773,1.4557756483841755
11.322,0.0,-0.00819819043644354,-3.4649664405191305e-05,1.4225738550123599e-05,0.000102273592592067,-0.000209108268111662,-7.091452962721558e-05,-0.00028142262869239104,0.00560627677840019,-0.00013591868769850901,0.00326736289392993,1.673906631928942,1.666840697021443,0.002785280026569502,1.8368992415220793,-0.0021111887035279325,1.4558645427902777
11.342,0.0,-0.007752080004438641,-3.52377432615182e-05,2.0173835058859197e-05,9.81138497402269e-05,-0.00021474200294726399,-5.4269397760920296e-05,-0.000282357394986359,0.00546380213697055,-0.00014857010998928702,0.00318865745234967,1.673906631928942,1.666840697021443,0.002785280026569502,1.8370400076974192,-0.0021148260482516733,1.4559466396256697
11.362,0.0,-0.00731740162088019,-3.47622672756675e-05,2.653651989004e-05,9.39382357025913e-05,-0.000218654288052367,-3.7128672761687296e-05,-0.000282723079260106,0.00532240809564907,-0.00016069084507711,0.00311165268807623,1.673906631928942,1.666840697021443,0.002785280026569502,1.837169575235099,-0.0021185599118657404,1.4560223251610425
11.382,0.0,-0.00689427392365365,-3.32397050634866e-05,3.33160803483291e-05,8.97430183472285e-05,-0.00022064122141225698,-1.96088792969494e-05,-0.00028250749895662204,0.00518224145885801,-0.000172082341198803,0.00303625893755824,1.673906631928942,1.666840697021443,0.002785280026569502,1.837288563125334,-0.002122347106266795,1.456091968847809
11.402,0.0,-0.00648281236358551,-3.06841944826941e-05,4.05126592098464e-05,8.55268037064297e-05,-0.000220571289330559,-1.83861058587094e-06,-0.000281697990934867,0.00504347675249829,-0.00018255064087693701,0.0029623975125402102,1.673906631928942,1.666840697021443,0.002785280026569502,1.8373975754328673,-0.002126144248913387,1.4561559242706548
11.422,0.0,-0.00608312917586146,-2.7117118813103302e-05,4.81239081215849e-05,8.128968484930921e-05,-0.0002183878482899,1.60432159275107e-05,-0.000280281740911315,0.00490630742000067,-0.000191909358827761,0.00289000287913736,1.673906631928942,1.666840697021443,0.002785280026569502,1.8374972009090151,-0.0021299087760786586,1.4562145300510854
11.442,0.0,-0.00569533335230689,-2.25762855538337e-05,5.614402096352171e-05,7.70325995486355e-05,-0.000214107813359454,3.3889175319662895e-05,-0.000278246450360948,0.00477093737561531,-0.000199982527263399,0.0028190247094724698,1.673906631928942,1.666840697021443,0.002785280026569502,1.8375880123715238,-0.0021335998973316048,1.4562681106936088
11.462,0.0,-0.0053195306143968,-1.71233093406207e-05,6.45626723522734e-05,7.275693611744091e-05,-0.000207817191115215,5.1545481401975204e-05,-0.000275581371540884,0.0046375736582126,-0.000206607679649597,0.00274942943664454,1.673906631928942,1.666840697021443,0.002785280026569502,1.837670565939794,-0.0021371794678307393,1.4563169773566893
11.482,0.0,-0.00495582338712733,-1.0848919897689999e-05,7.336352934192321e-05,6.84643694773198e-05,-0.000199664639526106,6.88542869867273e-05,-0.000272278807605145,0.0045064203034043395,-0.00021163900358878,0.0026812017483517896,1.673906631928942,1.666840697021443,0.002785280026569502,1.8377454002138138,-0.0021406127684196097,1.4563614285406676
11.502,0.0,-0.00460431077367176,-3.87505858465755e-06,8.25227644844866e-05,6.41572136800346e-05,-0.00018985342756281,8.56558493570876e-05,-0.000268335319257501,0.00437767349059209,-0.000214950294535139,0.0026143455130587102,1.673906631928942,1.666840697021443,0.002785280026569502,1.8378130354623043,-0.0021438691743239898,1.4564017506852411
11.522,0.0,-0.00426508853089167,3.6458203764908095e-06,9.200699964475509e-05,5.98388425791549e-05,-0.00017863294821024,0.00010179081081121701,-0.00026375337124192797,0.0042515184907908204,-0.00021643787197341398,0.00254888434543149,1.673906631928942,1.666840697021443,0.002785280026569502,1.837873972883735,-0.0021469226995434612,1.4564382186724034
11.542,0.0,-0.00393824904563453,1.15342784587563e-05,0.000101771691820108,5.55141040792598e-05,-0.000166290132060551,0.00011710249934855,-0.000258542724177593,0.00412812762113768,-0.00021602337789421,0.00248486171125833,1.673906631928942,1.666840697021443,0.002785280026569502,1.837928693976596,-0.002149752407374974,1.4564710962349068
11.562,0.0,-0.0036238813118919704,1.9590150858501103e-05,0.000111759437559409,5.1190005538179605e-05,-0.00015314046155917701,0.000131438851890592,-0.000252721427619994,0.00400765999362021,-0.000213655954550191,0.0024223406014163397,1.673906631928942,1.666840697021443,0.002785280026569502,1.8379776600494397,-0.0021523426773521533,1.456500636275896
11.582,0.0,-0.00332207090880569,2.7600349257343498e-05,0.00012189854888297601,4.68763062090842e-05,-0.000139519107688259,0.000144654639902678,-0.000246316703332649,0.00389026160937985,-0.000209314139849629,0.0023614021592896603,1.673906631928942,1.666840697021443,0.002785280026569502,1.8380213118807127,-0.00215468332181739,1.4565270811020772
11.602,0.0,-0.00303289997949067,3.53479906990983e-05,0.000132102232879262,4.258561667501529e-05,-0.000125772140997798,0.00015661346998204598,-0.00023936529727314502,0.0037760669463802205,-0.000203007139799292,0.00230214444795333,1.673906631928942,1.666840697021443,0.002785280026569502,1.8380600695292648,-0.0021567695534905657,1.4565506625833142
11.622,0.0,-0.00275644721073315,4.26219302210879e-05,0.000142268366466227,3.83336527355065e-05,-0.000112246816843798,0.000167189669340101,-0.000231913457727305,0.0036652008219048298,-0.000194775157666058,0.00224468015974786,1.673906631928942,1.666840697021443,0.002785280026569502,1.8380943322948156,-0.0021586018045736733,1.4565716022555084
11.642,0.0,-0.00249278781352134,4.9226064004201e-05,0.000152280024096031,3.41391236280964e-05,-9.9281870387849e-05,0.00017627039995847,-0.000224016383860363,0.0035577803143003704,-0.00018468918911661398,0.00218913369936387,1.673906631928942,1.666840697021443,0.002785280026569502,1.8381244788083586,-0.0021601854059249324,1.4565901113752533
11.662,0.0,-0.00224199350446176,5.49875922790963e-05,0.000162006766717851,3.00227716038713e-05,-8.7197158532141e-05,0.00018375751649536899,-0.000215737386602881,0.00345391720786945,-0.00017284975880033,0.0021356382553431,1.673906631928942,1.666840697021443,0.002785280026569502,1.8381508672430038,-0.0021615301400260893,1.4566063909510756
11.682,0.0,-0.00200413248804368,5.9764003720734704e-05,0.00017130694897701899,2.6006802845044e-05,-7.628359872887181e-05,0.000189569522393643,-0.000207146368866954,0.0033537199151294898,-0.00015938500381673898,0.00208433225582501,1.673906631928942,1.666840697021443,0.002785280026569502,1.8381738356272161,-0.0021626496846034013,1.4566206317689923
11.702,0.0,-0.0017792694397684601,6.34484759948894e-05,0.000180030649433425,2.21135551448538e-05,-6.679300918359599e-05,0.000193643494973094,-0.000198318433565141,0.00325729515922986,-0.000144447741770128,0.00203535561829318,1.673906631928942,1.666840697021443,0.002785280026569502,1.8381937022454522,-0.002163560968565968,1.4566330144314799
11.722,0.0,-0.00156746549015999,6.597275798982111e-05,0.000188023355572838,1.8363867744300602e-05,-5.89294063180562e-05,0.000195936681352656,-0.000189331759229578,0.0031647490691869198,-0.00012821216646546102,0.0019888459397174,1.673906631928942,1.666840697021443,0.002785280026569502,1.8382107661131046,-0.0021642834657956086,1.456643709428964
11.742,0.0,-0.0013687782096567802,6.73083402530519e-05,0.000195130258304744,1.47757481842112e-05,-5.28418607659572e-05,0.000196428016510289,-0.00018026579269427,0.0030761877343760896,-0.00011086969764036,0.00194493507630235,1.673906631928942,1.666840697021443,0.002785280026569502,1.8382253075166388,-0.002164838453005466,1.4566528772620722
11.762,0.0,-0.0011832615943766901,6.746527855905629e-05,0.00020120089321818899,1.13625097014667e-05,-4.8619880629119705e-05,0.000195119281045671,-0.000171199062054316,0.0029917169654161,-9.262469222309151e-05,0.00190374560146828,1.673906631928942,1.666840697021443,0.002785280026569502,1.8382375886117328,-0.0021652482591913024,1.4566606686279042
11.782,0.0,-0.0010109660527617599,6.64891965672106e-05,0.000206093851812706,8.131252302097521e-06,-4.6291881301975605e-05,0.000192035632150977,-0.00016220744483569398,0.00291144123429191,-7.36897240347194e-05,0.00186538797497634,1.673906631928942,1.666840697021443,0.002785280026569502,1.8382478540763716,-0.002165535532872086,1.4566672246808878
11.802,0.0,-0.0008519383931207719,6.44563400889135e-05,0.00020968156152124,5.08158860811538e-06,-4.58273772704502e-05,0.00018722593653468998,-0.000153361949719588,0.00283546212755578,-5.42812140207291e-05,0.0018299582401521,1.673906631928942,1.666840697021443,0.002785280026569502,1.8382563318180818,-0.0021657225520847548,1.4566726773754122
11.822,0.0,-0.00070622181205581,6.14678340646094e-05,0.000211854750456757,2.2044385909801497e-06,-4.71427198619026e-05,0.000180762293895197,-0.000144727548867534,0.00276387600327927,-3.46145842483966e-05,0.00179753623276159,1.673906631928942,1.666840697021443,0.002785280026569502,1.8382632337375049,-0.0021658305972028077,1.4566771498915378
11.842,0.0,-0.000573855883783225,5.7643010053239e-05,0.000212526373987848,-5.18677644082011e-07,-5.01104558345064e-05,0.000172738931746576,-0.000136361618187278,0.00269677154924985,-1.4900466113343e-05,0.00176818475110185,1.673906631928942,1.666840697021443,0.002785280026569502,1.8382687565501727,-0.0021658794041737365,1.456680757142506
11.862,0.0,-0.00045487655035105704,5.31127227105563e-05,0.000211635124832464,-3.1157842876526797e-06,-5.45716330490342e-05,0.00016327086978776202,-0.000128313137731382,0.00263422688938413,4.6592670555023e-06,0.0017419492927874698,1.673906631928942,1.666840697021443,0.002785280026569502,1.838273082669418,-0.0021658867107514457,1.4566836063577164
11.882,0.0,-0.000349316112752202,4.80133138833122e-05,0.00020914807510643999,-5.62445623296573e-06,-6.03499652662925e-05,0.000152491871700378,-0.00012062193838522099,0.00257630704788266,2.38744624293904e-05,0.0017188584704520302,1.673906631928942,1.666840697021443,0.002785280026569502,1.8382763811509462,-0.0021658679028004313,1.4566857977323127
11.902,0.0,-0.000257203222942677,4.24815553872224e-05,0.000205062412366646,-8.09101276700537e-06,-6.72668926021008e-05,0.00014055180137993102,-0.00011331883045868899,0.00252306143346358,4.256942108035929e-05,0.00169892524334245,1.673906631928942,1.666840697021443,0.002785280026569502,1.8382788086980688,-0.002165835764099767,1.456687425132223
11.922,0.0,-0.000178562876756708,3.66505424043075e-05,0.000199406682667502,-1.0569531716986e-05,-7.515574244142421e-05,0.000127614110269346,-0.00010642541979728,0.00247452197131053,6.0584716573292505e-05,0.00168214844617164,1.673906631928942,1.666840697021443,0.002785280026569502,1.8382805107236564,-0.0021658003279400218,1.456688576842279
11.942,0.0,-0.00011341640772935801,3.06473719330467e-05,0.000192240678450012,-1.31203929798057e-05,-8.387374202072579e-05,0.00011385292045303799,-9.9954907467119e-05,0.00243070192131174,7.77784260171987e-05,0.00166851468475589,1.673906631928942,1.666840697021443,0.002785280026569502,1.8382816224618352,-0.0021657688258894903,1.456689336344459
11.962,0.0,-6.17814818239986e-05,2.45913883340918e-05,0.000183654765120254,-1.58085466180716e-05,-9.33107702749111e-05,9.94497821785052e-05,-9.39127348214558e-05,0.00239159523844073,9.40268744700605e-05,0.00165800076013695,1.673906631928942,1.666840697021443,0.002785280026569502,1.8382822701199477,-0.002165745725503893,1.4566897831144643
11.982,0.0,-2.36720930656637e-05,1.85934472274626e-05,0.000173768337755918,-1.87016550136299e-05,-0.000103393543249668,8.459098114010479e-05,-8.82976312030767e-05,0.0023571764189966897,0.000109224792901654,0.00165057565260461,1.673906631928942,1.666840697021443,0.002785280026569502,1.8382825720588474,-0.002165732846966998,1.4566899934256266
12.002,0.0,0.0,1.2755483080167e-05,0.000162727336252694,-2.18679507479672e-05,-0.000114085055439923,6.946430336865071e-05,-8.310272832395931e-05,0.00232740728303385,0.00012328494788358,0.0016462089693775,1.673906631928942,1.666840697021443,0.002785280026569502,1.8382826406604489,-0.0021657295117077486,1.4566900416263941
12.022,0.0,0.0,7.169593371370019e-06,0.00015070118857294,-2.53742253240414e-05,-0.00012537940000134298,5.42562221533261e-05,-7.83168541134279e-05,0.00230273208896906,0.000136137642161898,0.00164536695582243,1.673906631928942,1.666840697021443,0.002785280026569502,1.8382826406604489,-0.0021657295117077486,1.4566900416263941
12.042,0.0,0.0,1.9168118083744e-06,0.000137879078406407,-2.92838751477562e-05,-0.000137292216450433,3.9149301447147294e-05,-7.39254157635948e-05,0.0022827173987446103,0.000147729775585275,0.00164765375225893,1.673906631928942,1.666840697021443,0.002785280026569502,1.8382826406604489,-0.0021657295117077486,1.4566900416263941
12.062,0.0,0.0,-2.93420268612584e-06,0.000124465612531678,-3.3654677114582204e-05,-0.000149848792603573,2.43195542386004e-05,-6.991184431199829e-05,0.00226640593721638,0.000158024034957388,0.00165216540094554,1.673906631928942,1.666840697021443,0.002785280026569502,1.8382826406604489,-0.0021657295117077486,1.4566900416263941
12.082,0.0,0.0,-7.328214399292979e-06,0.000110676073044428,-3.853575327792679e-05,-0.000163070687882113,9.93384525780767e-06,-6.62589635494692e-05,0.0022529011014197,0.00016699794762715,0.0016580740779696401,1.673906631928942,1.666840697021443,0.002785280026569502,1.8382826406604489,-0.0021657295117077486,1.4566900416263941
12.102,0.0,0.0,-1.12250187510176e-05,9.67314879538327e-05,-4.39656042009427e-05,-0.00017696036641138402,-3.85219717335244e-06,-6.29478867963337e-05,0.00224135011844033,0.000174642955258127,0.00166461203551268,1.673906631928942,1.666840697021443,0.002785280026569502,1.8382826406604489,-0.0021657295117077486,1.4566900416263941
12.122,0.0,0.0,-1.46009007747888e-05,8.28532954148453e-05,-4.99701645875451e-05,-0.000191489094045795,-1.6896317041638e-05,-5.99582993901661e-05,0.00223096775535517,0.000180963907724474,0.00167109480558071,1.673906631928942,1.666840697021443,0.002785280026569502,1.8382826406604489,-0.0021657295117077486,1.4566900416263941
12.142,0.0,0.0,-1.7449200969964098e-05,6.925811452394979e-05,-5.65614493688598e-05,-0.000206588450055752,-2.9071703225549397e-05,-5.7269241474486704e-05,0.00222105183517722,0.000185978324838376,0.00167693586527531,1.673906631928942,1.666840697021443,0.002785280026569502,1.8382826406604489,-0.0021657295117077486,1.4566900416263941
12.162,0.0,0.0,-1.9779994015051603e-05,5.61524029611869e-05,-6.373646397538791e-05,-0.00022214553407934302,-4.0268625966317105e-05,-5.48591957008063e-05,0.0022109769216251,0.000189716132243689,0.0016816383253086698,1.673906631928942,1.666840697021443,0.002785280026569502,1.8382826406604489,-0.0021657295117077486,1.4566900416263941
12.182,0.0,0.0,-2.16191751476482e-05,4.3727708861291e-05,-7.147711953548941e-05,-0.000238002234420353,-5.03959153805488e-05,-5.2705760372008505e-05,0.0022001889483878197,0.00019221940304615,0.0016847864219454302,1.673906631928942,1.666840697021443,0.002785280026569502,1.8382826406604489,-0.0021657295117077486,1.4566900416263941
12.202,0.0,0.0,-2.3005761168315898e-05,3.21557479095502e-05,-7.97499329536033e-05,-0.00025395921799938796,-5.938218172631489e-05,-5.07855714316853e-05,0.00218820192537263,0.00019354197242831,0.0016860371331468699,1.673906631928942,1.666840697021443,0.002785280026569502,1.8382826406604489,-0.0021657295117077486,1.4566900416263941
12.222,0.0,0.0,-2.39886448796679e-05,2.15845402387151e-05,-8.85061834884868e-05,-0.00026978377119491804,-6.71766641144522e-05,-4.90739351352033e-05,0.00217459142302047,0.000193749253860753,0.00168510779342375,1.673906631928942,1.666840697021443,0.002785280026569502,1.8382826406604489,-0.0021657295117077486,1.4566900416263941
12.242,0.0,0.0,-2.46235065953135e-05,1.21347559235467e-05,-9.76829340983011e-05,-0.000285219918277809,-7.37497143564967e-05,-4.75441536800129e-05,0.00215899455950454,0.000192917765761117,0.00168176864555448,1.673906631928942,1.666840697021443,0.002785280026569502,1.8382826406604489,-0.0021657295117077486,1.4566900416263941
12.262,0.0,0.0,-2.4969685007702397e-05,3.8972332207171095e-06,-0.00010720403094133901,-0.0003000005116927,-7.909277468006021e-05,-4.6166829289734104e-05,0.00214111629175127,0.000191134415832563,0.00167584131487713,1.673906631928942,1.666840697021443,0.002785280026569502,1.8382826406604489,-0.0021657295117077486,1.4566900416263941
12.282,0.0,0.0,-2.50874683541359e-05,-3.06901490182336e-06,-0.000116981267300177,-0.000313860191366664,-8.32180999734601e-05,-4.49096227267622e-05,0.00212073604552217,0.000188495516157866,0.00166719796031893,1.673906631928942,1.666840697021443,0.002785280026569502,1.8382826406604489,-0.0021657295117077486,1.4566900416263941
12.302,0.0,0.0,-2.50370167795555e-05,-8.73750672062124e-06,-0.000126916144339252,-0.00032654758277264,-8.61578739059457e-05,-4.37368681017021e-05,0.00209771242422151,0.000185105363580319,0.00165575944898788,1.673906631928942,1.666840697021443,0.002785280026569502,1.8382826406604489,-0.0021657295117077486,1.4566900416263941
12.322,0.0,0.0,-2.4878336850346202e-05,-1.31140335560467e-05,-0.000136902429279185,-0.000337835638079104,-8.796294410724541e-05,-4.26091469804009e-05,0.00207198634025906,0.000181074609096601,0.0016414937112637,1.673906631928942,1.666840697021443,0.002785280026569502,1.8382826406604489,-0.0021657295117077486,1.4566900416263941
12.342,0.0,0.0,-2.46723659651397e-05,-1.62355603104158e-05,-0.000146828496391023,-0.000347530857367731,-8.87011993423574e-05,-4.14836412753439e-05,0.00204358074407233,0.000176517887279346,0.0016244134212261099,1.673906631928942,1.666840697021443,0.002785280026569502,1.8382826406604489,-0.0021657295117077486,1.4566900416263941
12.362,0.0,0.0,-2.4482657906404398e-05,-1.81679082822227e-05,-0.00015658053179124,-0.000355479754210697,-8.8455631085164e-05,-4.0314355947694504e-05,0.0020125971174447398,0.00017155150538748502,0.0016045729759159699,1.673906631928942,1.666840697021443,0.002785280026569502,1.8382826406604489,-0.0021657295117077486,1.4566900416263941
12.382,0.0,0.0,-2.4377804255975603e-05,-1.9002687490392498e-05,-0.000166045917605187,-0.000361573067855502,-8.732197967061221e-05,-3.9052821776680604e-05,0.00197920786739033,0.000166290776755766,0.0015820650691816,1.673906631928942,1.666840697021443,0.002785280026569502,1.8382826406604489,-0.0021657295117077486,1.4566900416263941
12.402,0.0,0.0,-2.4432617200581102e-05,-1.8853183884117803e-05,-0.000175116934003091,-0.000365748170541875,-8.54063135473063e-05,-3.7648825855199e-05,0.0019436460755979101,0.000160846969233669,0.00155701684401014,1.673906631928942,1.666840697021443,0.002785280026569502,1.8382826406604489,-0.0021657295117077486,1.4566900416263941
12.422,0.0,0.0,-2.47290319674528e-05,-1.78501089937728e-05,-0.000183694346190256,-0.000367990017174537,-8.282240955760121e-05,-3.60516094507555e-05,0.0019061915362480698,0.000155324693962033,0.00152958505853501,1.673906631928942,1.666840697021443,0.002785280026569502,1.8382826406604489,-0.0021657295117077486,1.4566900416263941
12.442,0.0,0.0,-2.53554895515108e-05,-1.61363432859554e-05,-0.000191691054687869,-0.00036833045006876204,-7.96891568332217e-05,-3.42111142093542e-05,0.00186715488270048,0.000149819163020151,0.00149995061080611,1.673906631928942,1.666840697021443,0.002785280026569502,1.8382826406604489,-0.0021657295117077486,1.4566900416263941
12.462,0.0,0.0,-2.64046957436935e-05,-1.38617068238807e-05,-0.000199035477672911,-0.000366847140220251,-7.61278950868919e-05,-3.2079694740642e-05,0.00182686244410686,0.00014441363792851202,0.0014683143640979801,1.673906631928942,1.666840697021443,0.002785280026569502,1.8382826406604489,-0.0021657295117077486,1.4566900416263941
12.482,0.0,0.0,-2.79701151156164e-05,-1.11778984042408e-05,-0.00020567425961794,-0.000363661616524189,-7.2259945710268e-05,-2.96135362918549e-05,0.0017856418393277,0.000139177606190003,0.00143489333502704,1.673906631928942,1.666840697021443,0.002785280026569502,1.8382826406604489,-0.0021657295117077486,1.4566900416263941
12.502,0.0,0.0,-3.01413101591873e-05,-8.23309772366528e-06,-0.000211574330081067,-0.000358936254540956,-6.82041959040745e-05,-2.67740815557168e-05,0.00174380806712037,0.000134165287377777,0.0013999157093595698,1.673906631928942,1.666840697021443,0.002785280026569502,1.8382826406604489,-0.0021657295117077486,1.4566900416263941
12.522,0.0,0.0,-3.29984382063549e-05,-5.16739931501638e-06,-0.000216724401644245,-0.00035287056011489704,-6.40750029363584e-05,-2.35296121922225e-05,0.00170165132599285,0.00012941460659985702,0.0013636160331194401,1.673906631928942,1.666840697021443,0.002785280026569502,1.8382826406604489,-0.0021657295117077486,1.4566900416263941
12.542,0.0,0.0,-3.6606892741499894e-05,-2.10845198418394e-06,-0.000221135269079088,-0.000345696737304143,-5.99802648920521e-05,-1.9856490757657e-05,0.0016594288346304,0.00012494717224582,0.00132623158301466,1.673906631928942,1.666840697021443,0.002785280026569502,1.8382826406604489,-0.0021657295117077486,1.4566900416263941
12.562,0.0,0.0,-4.10121072909754e-05,8.319846539613029e-07,-0.000224839134616793,-0.000337673387889111,-5.601952697745551e-05,-1.5740389213641902e-05,0.00161735974518337,0.00012076866971190901,0.00128799920096113,1.673906631928942,1.666840697021443,0.002785280026569502,1.8382826406604489,-0.0021657295117077486,1.4566900416263941
12.582,0.0,0.0,-4.6235484007668106e-05,3.56110512250117e-06,-0.00022788837159003398,-0.000329078059500915,-5.2282829546473206e-05,-1.1177137229459199e-05,0.00157562306977244,0.000116869888557543,0.00124915272101013,1.673906631928942,1.666840697021443,0.002785280026569502,1.8382826406604489,-0.0021657295117077486,1.4566900416263941
12.602,0.0,0.0,-5.22716328881851e-05,6.00694221285706e-06,-0.00023035293725327599,-0.00032019807555773,-4.88491102628366e-05,-6.17312866896602e-06,0.0015343588426917699,0.00011322852422561799,0.00120992104149354,1.673906631928942,1.666840697021443,0.002785280026569502,1.8382826406604489,-0.0021657295117077486,1.4566900416263941
12.622,0.0,0.0,-5.90871669644286e-05,8.11972650203115e-06,-0.000232317436412162,-0.000311320112067136,-4.5785276863799e-05,-7.45775570886938e-07,0.00149367160042058,0.000109811327045675,0.00117052648999202,1.673906631928942,1.666840697021443,0.002785280026569502,1.8382826406604489,-0.0021657295117077486,1.4566900416263941
12.642,0.0,0.0,-6.662123060803111e-05,9.872132706097921e-06,-0.000233877238241306,-0.000302719076887628,-4.3145403596977e-05,5.07620990008665e-06,0.00145363461652239,0.000106576507191998,0.0011311829594888199,1.673906631928942,1.666840697021443,0.002785280026569502,1.8382826406604489,-0.0021657295117077486,1.4566900416263941
12.662,0.0,0.0,-7.47877891421318e-05,1.1259113392668302e-05,-0.000235134700618427,-0.000294646373044824,-4.0969726207797293e-05,1.12530882152332e-05,0.00141429578942872,0.000103476758393454,0.0010920941330769599,1.673906631928942,1.666840697021443,0.002785280026569502,1.8382826406604489,-0.0021657295117077486,1.4566900416263941
12.682,0.0,0.0,-8.34788996246535e-05,1.22963410431716e-05,-0.00023619446959672203,-0.000287318874407762,-3.92842067988151e-05,1.7734268356254898e-05,0.0013756837709349699,0.000100461937626883,0.00105345200692012,1.673906631928942,1.666840697021443,0.002785280026569502,1.8382826406604489,-0.0021657295117077486,1.4566900416263941
12.702,0.0,0.0,-9.256953645445071e-05,1.3018805588602e-05,-0.00023715952345436202,-0.00028090892180676,-3.81002150658684e-05,2.4458985185880303e-05,0.0013378138710040401,9.74818418232517e-05,0.00101543532593354,1.673906631928942,1.666840697021443,0.002785280026569502,1.8382826406604489,-0.0021657295117077486,1.4566900416263941
12.722,0.0,0.0,-0.00010192267536534,1.34780626927021e-05,-0.00023812706674815697,-0.000275536470511433,-3.74140066791611e-05,3.1356810089897496e-05,0.00130069323371643,9.44889111400833e-05,0.000978207945064349,1.673906631928942,1.666840697021443,0.002785280026569502,1.8382826406604489,-0.0021657295117077486,1.4566900416263941
12.742,0.0,0.0,-0.00011139497715506,1.3739424223813301e-05,-0.00023918517102075802,-0.000271264151527167,-3.72071339545367e-05,3.83485804541727e-05,0.00126432503242781,9.144035046427321e-05,0.0009419171099247939,1.673906631928942,1.666840697021443,0.002785280026569502,1.8382826406604489,-0.0021657295117077486,1.4566900416263941
12.762,0.0,0.0,-0.00012084197118753101,1.3878733736418801e-05,-0.00024040973579972797,-0.000268095349003368,-3.7446641303560495e-05,4.53474435507961e-05,0.00122871140064799,8.82999864981267e-05,0.000906692082549013,1.673906631928942,1.666840697021443,0.002785280026569502,1.8382826406604489,-0.0021657295117077486,1.4566900416263941
12.782,0.0,0.0,-0.000130122757958295,1.3978854280666102e-05,-0.00024186226297398397,-0.00026597581866048397,-3.8085846748638e-05,5.22599319075721e-05,0.00119385545101763,8.503961514922e-05,0.0008726435004172639,1.673906631928942,1.666840697021443,0.002785280026569502,1.8382826406604489,-0.0021657295117077486,1.4566900416263941
12.802,0.0,0.0,-0.00013910375703813998,1.4126124160568698e-05,-0.00024358834069703998,-0.00026479849895052,-3.90655938590886e-05,5.89875123200594e-05,0.00115976216134064,8.1639675413839e-05,0.0008398629043779321,1.673906631928942,1.666840697021443,0.002785280026569502,1.8382826406604489,-0.0021657295117077486,1.4566900416263941
12.822,0.0,0.0,-0.000147661865276948,1.44070353267465e-05,-0.00024561661743305297,-0.000264411008059867,-4.03159157723936e-05,6.54285117138198e-05,0.00112643831634468,7.80894805158175e-05,0.000808423149281047,1.673906631928942,1.666840697021443,0.002785280026569502,1.8382826406604489,-0.0021657295117077486,1.4566900416263941
12.842,0.0,0.0,-0.000155686301562311,1.49050049166913e-05,-0.00024795874702008197,-0.000264625824042535,-4.1758053982269103e-05,7.14799719851706e-05,0.0010938906102810802,7.438706827554351e-05,0.000778378685858517,1.673906631928942,1.666840697021443,0.002785280026569502,1.8382826406604489,-0.0021657295117077486,1.4566900416263941
12.862,0.0,0.0,-0.000163080153613442,1.56975904419664e-05,-0.000250609605471177,-0.00026523130367958397,-4.33069543528758e-05,7.7040062844479e-05,0.00106212348741556,7.05383820929206e-05,0.0007497658296217231,1.673906631928942,1.666840697021443,0.002785280026569502,1.8382826406604489,-0.0021657295117077486,1.4566900416263941
12.882,0.0,0.0,-0.00016976117144072,1.6854397038597798e-05,-0.0002535479694347,-0.000266003652218636,-4.48739992361771e-05,8.20106971695657e-05,0.00103113673978712,6.65563013923821e-05,0.000722603744086906,1.673906631928942,1.666840697021443,0.002785280026569502,1.8382826406604489,-0.0021657295117077486,1.4566900416263941
12.902,0.0,0.0,-0.00017566256718810802,1.843541037449e-05,-0.000256737656766886,-0.00026671845216202797,-4.63699926417796e-05,8.630003659663441e-05,0.0010009233693385698,6.24594047247041e-05,0.000696895907439919,1.673906631928942,1.666840697021443,0.002785280026569502,1.8382826406604489,-0.0021657295117077486,1.4566900416263941
12.922,0.0,0.0,-0.000180733578508195,2.0489900253877802e-05,-0.000260128687738365,-0.000267160926041723,-4.77080419170975e-05,8.982553597060659e-05,0.000971468109826806,5.82706088950604e-05,0.000672631461700804,1.673906631928942,1.666840697021443,0.002785280026569502,1.8382826406604489,-0.0021657295117077486,1.4566900416263941
12.942,0.0,0.0,-0.000184940240366823,2.30564810128582e-05,-0.000263658737892042,-0.000267134373838666,-4.8806383958936605e-05,9.25168472064842e-05,0.000942746864611051,5.40159242002767e-05,0.0006497865656926269,1.673906631928942,1.666840697021443,0.002785280026569502,1.8382826406604489,-0.0021657295117077486,1.4566900416263941
12.962,0.0,0.0,-0.000188266217977054,2.6163154557966398e-05,-0.000267254655135602,-0.000266466697594073,-4.9590989968005295e-05,9.43185703231812e-05,0.00091472748470161,4.972314272378879e-05,0.000628326442165039,1.673906631928942,1.666840697021443,0.002785280026569502,1.8382826406604489,-0.0021657295117077486,1.4566900416263941
12.982,0.0,0.0,-0.00019071315887483502,2.982828942315e-05,-0.000270833828044946,-0.00026501460989614,-4.999774097547e-05,9.51928115811697e-05,0.000887371906181607,4.54208829080135e-05,0.00060820722773699,1.673906631928942,1.666840697021443,0.002785280026569502,1.8382826406604489,-0.0021657295117077486,1.4566900416263941
13.002,0.0,0.0,-0.00019230106592536,3.40618824679159e-05,-0.00027430592377500297,-0.000262665470024583,-4.99739276969921e-05,9.512138830724771e-05,0.000860639196981941,4.11377268993858e-05,0.00058937761580972,1.673906631928942,1.666840697021443,0.002785280026569502,1.8382826406604489,-0.0021657295117077486,1.4566900416263941
13.022,0.0,0.0,-0.000193067566301601,3.8867033923977504e-05,-0.000277574502982409,-0.000259337465260473,-4.94795045601344e-05,9.41075878572717e-05,0.000834489565607185,3.69016194893481e-05,0.000571781068979129,1.673906631928942,1.666840697021443,0.002785280026569502,1.8382826406604489,-0.0021657295117077486,1.4566900416263941
13.042,0.0,0.0,-0.000193066518610948,4.4241273803498e-05,-0.000280538567694217,-0.000254977790368725,-4.84874713508266e-05,9.21770879304615e-05,0.000808888507122534,3.27394083586813e-05,0.000555357381448124,1.673906631928942,1.666840697021443,0.002785280026569502,1.8382826406604489,-0.0021657295117077486,1.4566900416263941
13.062,0.0,0.0,-0.000192365368113682,5.01782243204977e-05,-0.000283094673329051,-0.000249559733494263,-4.6983781981040794e-05,8.937837190068531e-05,0.0007838102224665231,2.8676547471376198e-05,0.000540043951817914,1.673906631928942,1.666840697021443,0.002785280026569502,1.8382826406604489,-0.0021657295117077486,1.4566900416263941
13.082,0.0,0.0,-0.000191041796680351,5.66686371438562e-05,-0.000285138747564943,-0.000243078754302627,-4.49668141532428e-05,8.578226428166909e-05,0.0007592406220613571,2.47369042795787e-05,0.000525777096836196,1.673906631928942,1.666840697021443,0.002785280026569502,1.8382826406604489,-0.0021657295117077486,1.4566900416263941
13.102,0.0,0.0,-0.000189179544911812,6.37010504019301e-05,-0.00028656844194647997,-0.000235548045979163,-4.2446222530703005e-05,8.148056350144541e-05,0.000735178528961782,2.09423915358016e-05,0.000512492963108615,1.673906631928942,1.666840697021443,0.002785280026569502,1.8382826406604489,-0.0021657295117077486,1.4566900416263941
13.122,0.0,0.0,-0.00018686378323631899,7.12623153694949e-05,-0.000287285319633137,-0.000226994072458972,-3.94417012836424e-05,7.65839456137582e-05,0.000711635183258452,1.73128099269778e-05,0.000500127612749869,1.673906631928942,1.666840697021443,0.002785280026569502,1.8382826406604489,-0.0021657295117077486,1.4566900416263941
13.142,0.0,0.0,-0.000184176682678066,7.933752563376441e-05,-0.000287197401849075,-0.000217451672302807,-3.59813158817163e-05,7.12191529680374e-05,0.000688631929855643,1.3865402501107599e-05,0.000488617265798682,1.673906631928942,1.666840697021443,0.002785280026569502,1.8382826406604489,-0.0021657295117077486,1.4566900416263941
13.162,0.0,0.0,-0.000181193857550857,8.79094518702218e-05,-0.00028622187432112903,-0.000206960325881601,-3.20999824804721e-05,6.55254604785661e-05,0.000666196394584438,1.06142848540038e-05,0.000477898191688327,1.673906631928942,1.666840697021443,0.002785280026569502,1.8382826406604489,-0.0021657295117077486,1.4566900416263941
13.182,0.0,0.0,-0.000177981547739608,9.695793656317329e-05,-0.000284287629762287,-0.000195560723577698,-2.7837921910557695e-05,5.96504402641749e-05,0.000644356953576913,7.57010275762562e-06,0.00046790589478772304,1.673906631928942,1.666840697021443,0.002785280026569502,1.8382826406604489,-0.0021657295117077486,1.4566900416263941
13.202,0.0,0.0,-0.00017459491120701298,0.000106458938387046,-0.000281337801627135,-0.000183292657830489,-2.3239381370731198e-05,5.37457498159832e-05,0.000623137170724172,4.73934209667877e-06,0.00045857459498050595,1.673906631928942,1.666840697021443,0.002785280026569502,1.8382826406604489,-0.0021657295117077486,1.4566900416263941
13.222,0.0,0.0,-0.00017107822332073998,0.000116383249940378,-0.00027733239903435,-0.000170194200752558,-1.83510963764648e-05,4.79621722693035e-05,0.0006025499164279201,2.12368314745308e-06,0.000449837010959064,1.673906631928942,1.666840697021443,0.002785280026569502,1.8382826406604489,-0.0021657295117077486,1.4566900416263941
13.242,0.0,0.0,-0.000167465836687486,0.000126695752852159,-0.000272250262546748,-0.000156302954146083,-1.3221860892526699e-05,4.24449547393175e-05,0.0005825930538034,-2.80190339093217e-07,0.00044162364132298494,1.673906631928942,1.666840697021443,0.002785280026569502,1.8382826406604489,-0.0021657295117077486,1.4566900416263941
13.262,0.0,0.0,-0.000163784395247899,0.000137354260569605,-0.000266090973822902,-0.00014165853908326202,-7.90152752436627e-06,3.7329143221678604e-05,0.000563246717707382,-2.48095253529842e-06,0.000433863114159616,1.673906631928942,1.666840697021443,0.002785280026569502,1.8382826406604489,-0.0021657295117077486,1.4566900416263941
13.282,0.0,0.0,-0.000160055691079161,0.00014830888249918998,-0.000258875966656132,-0.000126307342456685,-2.4404207544204397e-06,3.27353180737582e-05,0.000544472656067278,-4.4927184480112e-06,0.000426482414531545,1.673906631928942,1.666840697021443,0.002785280026569502,1.8382826406604489,-0.0021657295117077486,1.4566900416263941
13.302,0.0,0.0,-0.00015630020049394198,0.000159501574495894,-0.000250649103879231,-0.00011030856237435801,3.11089613134686e-06,2.8765503840030603e-05,0.0005262166996337679,-6.3345864492259695e-06,0.000419407495232813,1.673906631928942,1.666840697021443,0.002785280026569502,1.8382826406604489,-0.0021657295117077486,1.4566900416263941
13.322,0.0,0.0,-0.000152540161817725,0.000170866120836437,-0.000241476555964554,-9.374107093231629e-05,8.70218021775012e-06,2.55000814187797e-05,0.000508413522000715,-8.02999296069579e-06,0.000412564379089827,1.673906631928942,1.666840697021443,0.002785280026569502,1.8382826406604489,-0.0021657295117077486,1.4566900416263941
13.342,0.0,0.0,-0.000148802832055782,0.000182328247866324,-0.000231445738519616,-7.671053221185129e-05,1.4284263451811401e-05,2.29950130941974e-05,0.000490994076966355,-9.60611455683134e-06,0.000405880757109428,1.673906631928942,1.666840697021443,0.002785280026569502,1.8382826406604489,-0.0021657295117077486,1.4566900416263941
13.362,0.0,0.0,-0.000145123217823599,0.000193806343422827,-0.00022066356293819103,-5.935588242915749e-05,1.9809613381291898e-05,2.1280191788047198e-05,0.000473894579594254,-1.1092297040105901e-05,0.00039928758956617004,1.673906631928942,1.666840697021443,0.002785280026569502,1.8382826406604489,-0.0021657295117077486,1.4566900416263941
13.382,0.0,0.0,-0.000141545924776049,0.00020521255566471102,-0.00020925390249338,-4.1854055363439e-05,2.5233600895558897e-05,2.03581778123167e-05,0.00045706618572192,-1.2519002128587801e-05,0.000392721005572779,1.673906631928942,1.666840697021443,0.002785280026569502,1.8382826406604489,-0.0021657295117077486,1.4566900416263941
13.402,0.0,0.0,-0.000138126576805835,0.000216453796376024,-0.000197354461295439,-2.44220547523415e-05,3.0516061888054903e-05,2.02043909211211e-05,0.00044048452680232696,-1.39162576219281e-05,0.000386124293958699,1.673906631928942,1.666840697021443,0.002785280026569502,1.8382826406604489,-0.0021657295117077486,1.4566900416263941
13.422,0.0,0.0,-0.000134932126928985,0.00022743359123643798,-0.000185112863952067,-7.315984945853081e-06,3.56227669219066e-05,2.0767554484450603e-05,0.00042415735004718,-1.53121845573019e-05,0.000379449465838099,1.673906631928942,1.666840697021443,0.002785280026569502,1.8382826406604489,-0.0021657295117077486,1.4566900416263941
13.442,0.0,0.0,-0.000132040210349261,0.000238053689860994,-0.000172682582562016,9.1734871062496e-06,4.0527560295276504e-05,2.1971270898806798e-05,0.000408130140761893,-1.67315785247577e-05,0.00037265899533009904,1.673906631928942,1.666840697021443,0.002785280026569502,1.8382826406604489,-0.0021657295117077486,1.4566900416263941
13.462,0.0,0.0,-0.000129537402371187,0.00024821583116919904,-0.00016021854390881298,2.4729262083575602e-05,4.5214145398578205e-05,2.3716279225099803e-05,0.000392488107644803,-1.81947343311742e-05,0.00036572701009118997,1.673906631928942,1.666840697021443,0.002785280026569502,1.8382826406604489,-0.0021657295117077486,1.4566900416263941
13.482,0.0,0.0,-0.00012751653999369,0.000257823547287563,-0.000147872662571233,3.90192463115935e-05,4.9678010367162296e-05,2.58834127854325e-05,0.00037735429802374,-1.9716427443822798e-05,0.000358640073831749,1.673906631928942,1.666840697021443,0.002785280026569502,1.8382826406604489,-0.0021657295117077486,1.4566900416263941
13.502,0.0,0.0,-0.00012607278843136598,0.00026678386537804904,-0.00013578954790915,5.1709599311346205e-05,5.39276881436095e-05,2.83369660600073e-05,0.000362883917785059,-2.1305131522607103e-05,0.00035139722669012,1.673906631928942,1.666840697021443,0.002785280026569502,1.8382826406604489,-0.0021657295117077486,1.4566900416263941
13.522,0.0,0.0,-0.0001252990210328,0.000275008502290777,-0.000124102723194918,6.247985718439761e-05,5.79857876427603e-05,3.0928634095755e-05,0.000349255414979337,-2.2962567324442603e-05,0.000344010037814894,1.673906631928942,1.666840697021443,0.002785280026569502,1.8382826406604489,-0.0021657295117077486,1.4566900416263941
13.542,0.0,0.0,-0.000125280509683916,0.000282415052154216,-0.000112931044193589,7.103787048843779e-05,6.18889521545274e-05,3.3501874443393105e-05,0.000336658654334019,-2.4683560637712697e-05,0.00033650173424219104,1.673906631928942,1.666840697021443,0.002785280026569502,1.8382826406604489,-0.0021657295117077486,1.4566900416263941
13.562,0.0,0.0,-0.000126089571620605,0.000288927583320921,-0.000102376038966861,7.71336827956638e-05,6.56870716993676e-05,3.5896380885305395e-05,0.000325281875521846,-2.6455944033264003e-05,0.000328905978285149,1.673906631928942,1.666840697021443,0.002785280026569502,1.8382826406604489,-0.0021657295117077486,1.4566900416263941
13.582,0.0,0.0,-0.000127780556038748,0.00029447672317324503,-9.25199080678e-05,8.05715867134517e-05,6.94416135142719e-05,3.7952597607943605e-05,0.000315298815632558,-2.82609001604105e-05,0.00032126567167522997,1.673906631928942,1.666840697021443,0.002785280026569502,1.8382826406604489,-0.0021657295117077486,1.4566900416263941
13.602,0.0,0.0,-0.000130385858512913,0.00029899977080594104,-8.34244156570116e-05,8.121909307484259e-05,7.32228277950707e-05,3.9516506593798404e-05,0.000306856746161891,-3.0073359397333e-05,0.000313631205886918,1.673906631928942,1.666840697021443,0.002785280026569502,1.8382826406604489,-0.0021657295117077486,1.4566900416263941
13.622,0.0,0.0,-0.00013391336233248798,0.00030244000089567,-7.51306098665771e-05,7.9012811731877e-05,7.71063847308216e-05,4.0444197664240005e-05,0.00030006725455271804,-3.18624248095007e-05,0.000306058619318839,1.673906631928942,1.666840697021443,0.002785280026569502,1.8382826406604489,-0.0021657295117077486,1.4566900416263941
13.642,0.0,0.0,-0.000138345660068075,0.000304746194146719,-6.765945979563239e-05,7.39611342192763e-05,8.116901748342192e-05,4.06060999274081e-05,0.000295000258699146,-3.35920540546102e-05,0.000298607761321946,1.673906631928942,1.666840697021443,0.002785280026569502,1.8382826406604489,-0.0021657295117077486,1.4566900416263941
13.662,0.0,0.0,-0.000143641526992536,0.000305872014724469,-6.10133194459045e-05,6.61434578075004e-05,8.5484024732267e-05,3.98912079047353e-05,0.000291681552439611,-3.52216989857276e-05,0.000291340716734992,1.673906631928942,1.666840697021443,0.002785280026569502,1.8382826406604489,-0.0021657295117077486,1.4566900416263941
13.682,0.0,0.0,-0.000149739232906607,0.00030577533189283,-5.517805820292889e-05,5.57071419904718e-05,9.011651795725269e-05,3.82105064046262e-05,0.000290093602451483,-3.67070873562074e-05,0.000284319656376066,1.673906631928942,1.666840697021443,0.002785280026569502,1.8382826406604489,-0.0021657295117077486,1.4566900416263941
13.702,0.0,0.0,-0.000156561412264618,0.000304418270108352,-5.01258255355617e-05,4.28623944661225e-05,9.51186728859878e-05,3.55002081168165e-05,0.000290179883050758,-3.80009632096137e-05,0.000277605507871505,1.673906631928942,1.666840697021443,0.002785280026569502,1.8382826406604489,-0.0021657295117077486,1.4566900416263941
13.722,0.0,0.0,-0.000164021271614246,0.000301767212709997,-4.58182648805675e-05,2.7875549030160802e-05,0.000100525555170217,3.17240786375604e-05,0.000291850593875095,-3.9054268271075604e-05,0.00027125631031706403,1.673906631928942,1.666840697021443,0.002785280026569502,1.8382826406604489,-0.0021657295117077486,1.4566900416263941
13.742,0.0,0.0,-0.00017202911771416202,0.000297793511616272,-4.22099512820845e-05,1.10618698432453e-05,0.000106351618732626,2.68750922163406e-05,0.000294989484075571,-3.9817083553570206e-05,0.000265325741858235,1.673906631928942,1.666840697021443,0.002785280026569502,1.8382826406604489,-0.0021657295117077486,1.4566900416263941
13.762,0.0,0.0,-0.000180498482755562,0.00029247461722456603,-3.9252042415399605e-05,-7.222469856526781e-06,0.000112587928103059,2.0976250708749802e-05,0.000299461050168025,-4.0239983749360705e-05,0.000259861988852799,1.673906631928942,1.666840697021443,0.002785280026569502,1.8382826406604489,-0.0021657295117077486,1.4566900416263941
13.782,0.0,0.0,-0.000189351537447092,0.000285795768002372,-3.68957302800604e-05,-2.6588370840423602e-05,0.000119200584477575,1.40805598494537e-05,0.000305116378733348,-4.02755525336892e-05,0.000254906414708205,1.673906631928942,1.666840697021443,0.002785280026569502,1.8382826406604489,-0.0021657295117077486,1.4566900416263941
13.802,0.0,0.0,-0.000198523127897473,0.000277751752737277,-3.50956426786027e-05,-4.66221030687303e-05,0.000126130196123123,6.26975331324859e-06,0.000311797688356593,-3.98799991179653e-05,0.000250492621122442,1.673906631928942,1.666840697021443,0.002785280026569502,1.8382826406604489,-0.0021657295117077486,1.4566900416263941
13.822,0.0,0.0,-0.000207962998310459,0.000268349110004008,-3.3812668673762e-05,-6.68937691910609e-05,0.00013329269806913,-2.34747057465892e-06,0.000319341451129666,-3.9014865714749395e-05,0.00024664523463486404,1.673906631928942,1.666840697021443,0.002785280026569502,1.8382826406604489,-0.0021657295117077486,1.4566900416263941
13.842,0.0,0.0,-0.00021763640734028601,0.000257608091543812,-3.30161914084099e-05,-8.69661730727769e-05,0.000140581004600934,-1.16384114618039e-05,0.000327580129956811,-3.76489190597289e-05,0.000243379276171532,1.673906631928942,1.666840697021443,0.002785280026569502,1.8382826406604489,-0.0021657295117077486,1.4566900416263941
13.862,0.0,0.0,-0.00022752324605819502,0.000245564784187264,-3.2685941240125604e-05,-0.000106403615862086,0.000147868245957437,-2.1450309538101398e-05,0.000336342895512389,-3.57599406419146e-05,0.00024069946550349904,1.673906631928942,1.666840697021443,0.002785280026569502,1.8382826406604489,-0.0021657295117077486,1.4566900416263941
13.882,0.0,0.0,-0.00023761621932984702,0.000232272540705184,-3.28125730836541e-05,-0.000124781247056328,0.000155011437820189,-3.16144866516164e-05,0.000345456299569671,-3.3336257115337e-05,0.00023859955916494399,1.673906631928942,1.666840697021443,0.002785280026569502,1.8382826406604489,-0.0021657295117077486,1.4566900416263941
13.902,0.0,0.0,-0.000247917769469086,0.000217803050693025,-3.33977629727362e-05,-0.000141693964609661,0.00016185626321300601,-4.1951587991839705e-05,0.000354745083465537,-3.0378354567100398e-05,0.00023706239233837797,1.673906631928942,1.666840697021443,0.002785280026569502,1.8382826406604489,-0.0021657295117077486,1.4566900416263941
13.922,0.0,0.0,-0.000258437143012348,0.00020224703480258601,-3.44533158670456e-05,-0.000156765490673955,0.00016824229339559399,-5.2277064324088896e-05,0.000364033789933577,-2.69000186045159e-05,0.00023605975745779502,1.673906631928942,1.666840697021443,0.002785280026569502,1.8382826406604489,-0.0021657295117077486,1.4566900416263941
13.942,0.0,0.0,-0.000269187041204152,0.000185713856766281,-3.59992393110187e-05,-0.000169656042292038,0.000174008402683134,-6.24065057608965e-05,0.000373149481455074,-2.2928827069699397e-05,0.00023555275725974198,1.673906631928942,1.666840697021443,0.002785280026569502,1.8382826406604489,-0.0021657295117077486,1.4566900416263941
13.962,0.0,0.0,-0.000280180261776623,0.00016833074104111398,-3.8061210221598295e-05,-0.00018006981469126398,0.000178998454050493,-7.21612892048503e-05,0.000381925415706606,-1.8506690675644897e-05,0.00023549278047273702,1.673906631928942,1.666840697021443,0.002785280026569502,1.8382826406604489,-0.0021657295117077486,1.4566900416263941
13.982,0.0,0.0,-0.00029142629589608396,0.00015024131269314198,-4.0667386328852896e-05,-0.000187761004726531,0.000183066623429005,-8.13739386275907e-05,0.00039020506791456803,-1.36895194041264e-05,0.000235822385361206,1.673906631928942,1.666840697021443,0.002785280026569502,1.8382826406604489,-0.0021657295117077486,1.4566900416263941
14.002,0.0,0.0,-0.00030292808012235,0.00013160325637028798,-4.3844438759359495e-05,-0.000192538603514005,0.000186082243421093,-8.98927602904085e-05,0.00039784634173511204,-8.546530925567461e-06,0.000236476772349329,1.673906631928942,1.666840697021443,0.002785280026569502,1.8382826406604489,-0.0021657295117077486,1.4566900416263941
14.022,0.0,0.0,-0.000314678288732007,0.00011258557862221399,-4.76135588568187e-05,-0.00019427029894961102,0.000187934251248733,-9.75859115011377e-05,0.000404725349639029,-3.15898952826235e-06,0.00023738567453642404,1.673906631928942,1.666840697021443,0.002785280026569502,1.8382826406604489,-0.0021657295117077486,1.4566900416263941
14.042,0.0,0.0,-0.000326655525553027,9.336532981908e-05,-5.1986643180310105e-05,-0.000192885314443351,0.000188534485584888,-0.00010434483677666,0.000410738527849285,2.38135248361881e-06,0.000238475306978641,1.673906631928942,1.666840697021443,0.002785280026569502,1.8382826406604489,-0.0021657295117077486,1.4566900416263941
14.062,0.0,0.0,-0.00033882022544267797,7.41239988267096e-05,-5.69619115779437e-05,-0.000188376119322195,0.000187820362931798,-0.0001100864495488,0.000415803326032489,7.97455618614422e-06,0.000239670475292774,1.673906631928942,1.666840697021443,0.002785280026569502,1.8382826406604489,-0.0021657295117077486,1.4566900416263941
14.082,0.0,0.0,-0.000351110606466392,5.50431929943569e-05,-6.2520828443408e-05,-0.000180799763709311,0.000185756458344202,-0.000114754583802684,0.000419857006352497,1.35148582235005e-05,0.00024089702712430297,1.673906631928942,1.666840697021443,0.002785280026569502,1.8382826406604489,-0.0021657295117077486,1.4566900416263941
14.102,0.0,0.0,-0.000363439215052484,3.63007832837741e-05,-6.86252687355894e-05,-0.000170278013387748,0.00018233507475966398,-0.000118320465296882,0.000422853570941765,1.8893513303532397e-05,0.000242084095736978,1.673906631928942,1.666840697021443,0.002785280026569502,1.8382826406604489,-0.0021657295117077486,1.4566900416263941
14.122,0.0,0.0,-0.000375690121504908,1.80663331911436e-05,-7.52156759712661e-05,-0.00015699635111347,0.000177576023511165,-0.000120782162228554,0.000424759064273989,2.40019686928418e-05,0.00024316636126003798,1.673906631928942,1.666840697021443,0.002785280026569502,1.8382826406604489,-0.0021657295117077486,1.4566900416263941
14.142,0.0,0.0,-0.000387717652096051,4.967109891533261e-07,-8.22102262154918e-05,-0.000141201813188747,0.00017152559665505602,-0.00012216307104723703,0.000425546369971477,2.87349868150466e-05,0.00024408594777792998,1.673906631928942,1.666840697021443,0.002785280026569502,1.8382826406604489,-0.0021657295117077486,1.4566900416263941
14.162,0.0,0.0,-0.000399347428231419,-1.6267884069859e-05,-8.950550348111379e-05,-0.000123198932091117,0.000164254750912038,-0.00012250992828288302,0.000425189427475043,3.29939173647341e-05,0.000244794235134177,1.673906631928942,1.666840697021443,0.002785280026569502,1.8382826406604489,-0.0021657295117077486,1.4566900416263941
14.182,0.0,0.0,-0.000410378903661359,-3.21080285529099e-05,-9.697788366831909e-05,-0.000103343666703412,0.00015585695946741698,-0.000121889998027878,0.000423658593252814,3.6690126929457e-05,0.00024525306226842795,1.673906631928942,1.666840697021443,0.002785280026569502,1.8382826406604489,-0.0021657295117077486,1.4566900416263941
14.202,0.0,0.0,-0.000420590862347123,-4.6928561958459294e-05,-0.000104486486102325,-8.20351721815562e-05,0.000146445796388743,-0.00012038790132605501,0.000420917108911257,3.97477691891992e-05,0.000245435485295228,1.673906631928942,1.666840697021443,0.002785280026569502,1.8382826406604489,-0.0021657295117077486,1.4566900416263941
14.222,0.0,0.0,-0.00042974860964907003,-6.0661358140152504e-05,-0.000111877229598506,-5.9705333726927696e-05,0.00013615186453691598,-0.00011810208355652901,0.00041692026007408,4.21066389519711e-05,0.000245326334971347,1.673906631928942,1.666840697021443,0.002785280026569502,1.8382826406604489,-0.0021657295117077486,1.4566900416263941
14.242,0.0,0.0,-0.00043761295871427,-7.326747283276758e-05,-0.000118987399310515,-3.6806119262376294e-05,0.00012512029265642098,-0.00011514118762886499,0.000411616404335546,4.37243827756061e-05,0.000244921739544904,1.673906631928942,1.666840697021443,0.002785280026569502,1.8382826406604489,-0.0021657295117077486,1.4566900416263941
14.262,0.0,0.0,-0.000443949893135004,-8.473837025670071e-05,-0.000125651291081265,-1.3795575298799402e-05,0.000113507678860971,-0.00011162056431171101,0.000404950990321926,4.45780414465376e-05,0.000244228348428778,1.673906631928942,1.666840697021443,0.002785280026569502,1.8382826406604489,-0.0021657295117077486,1.4566900416263941
14.282,0.0,0.0,-0.000448540824658462,-9.509577981323059e-05,-0.000131705824559233,8.87679130256734e-06,0.000101479266409485,-0.000107658525839001,0.00039687277880963,4.46648902594434e-05,0.00024326233020424302,1.673906631928942,1.666840697021443,0.002785280026569502,1.8382826406604489,-0.0021657295117077486,1.4566900416263941
14.302,0.0,0.0,-0.00045119193269334,-0.00010439063790605301,-0.000136996615557027,3.07847686945407e-05,8.920626704017091e-05,-0.000103373163782134,0.000387341792993171,4.40024965465805e-05,0.00024204731658196099,1.673906631928942,1.666840697021443,0.002785280026569502,1.8382826406604489,-0.0021657295117077486,1.4566900416263941
14.322,0.0,0.0,-0.00045174266729421504,-0.000112700563677024,-0.000141383660770077,5.1538640136261497e-05,7.686309671256741e-05,-9.88795265244413e-05,0.000376337700952425,4.2627771225617105e-05,0.00024061240223711,1.673906631928942,1.666840697021443,0.002785280026569502,1.8382826406604489,-0.0021657295117077486,1.4566900416263941
14.342,0.0,0.0,-0.00045007249249546697,-0.00012012606919154099,-0.000144746455619081,7.079632219881241e-05,6.46244318302306e-05,-9.4286970024235e-05,0.00036386880937879103,4.05953170718724e-05,0.000238989810121152,1.673906631928942,1.666840697021443,0.002785280026569502,1.8382826406604489,-0.0021657295117077486,1.4566900416263941
14.362,0.0,0.0,-0.000446105784616583,-0.00012678568302405602,-0.00014698849724789599,8.827145856795541e-05,5.26627991352913e-05,-8.96969047939185e-05,0.000349979219520418,3.7974769433097795e-05,0.000237212387811072,1.673906631928942,1.666840697021443,0.002785280026569502,1.8382826406604489,-0.0021657295117077486,1.4566900416263941
14.382,0.0,0.0,-0.00043981467108678094,-0.00013281007591277801,-0.000148041086872393,0.000103737908657548,4.1145391486916e-05,-8.520142027444041e-05,0.00033475422187129,3.4847539577325705e-05,0.00023531087053370499,1.673906631928942,1.666840697021443,0.002785280026569502,1.8382826406604489,-0.0021657295117077486,1.4566900416263941
14.402,0.0,0.0,-0.000431220300497865,-0.00013833552118608998,-0.000147865401786511,0.000117030394174506,3.0231398689265e-05,-8.08817834824893e-05,0.00031832274776732,3.13031372168386e-05,0.00023331152166400297,1.673906631928942,1.666840697021443,0.002785280026569502,1.8382826406604489,-0.0021657295117077486,1.4566900416263941
14.422,0.0,0.0,-0.000420392153776942,-0.000143496806394724,-0.000146454022161109,0.000128041840809006,2.00692768107188e-05,-7.680778582019609e-05,0.00030085705170760697,2.74348136975576e-05,0.00023123401667480298,1.673906631928942,1.666840697021443,0.002785280026569502,1.8382826406604489,-0.0021657295117077486,1.4566900416263941
14.442,0.0,0.0,-0.000407446397587693,-0.00014842055422624098,-0.000143831174311901,0.000136717335188034,1.0793840300089802e-05,-7.303727634052621e-05,0.000282568892061521,2.3335409352794e-05,0.00022908951396749503,1.673906631928942,1.666840697021443,0.002785280026569502,1.8382826406604489,-0.0021657295117077486,1.4566900416263941
14.462,0.0,0.0,-0.000392542878279593,-0.00015321861163780502,-0.000140051311137372,0.000143046173537036,2.52365369957288e-06,-6.96162094695376e-05,0.000263703221926498,1.9093188153593697e-05,0.00022687947765905,1.673906631928942,1.666840697021443,0.002785280026569502,1.8382826406604489,-0.0021657295117077486,1.4566900416263941
14.482,0.0,0.0,-0.00037588131607437,-0.00015798233486508402,-0.00013519729182572,0.000147052666659378,-4.64092170438011e-06,-6.65788898140477e-05,0.000244529407573421,1.4787705381182e-05,0.000224595203768582,1.673906631928942,1.666840697021443,0.002785280026569502,1.8382826406604489,-0.0021657295117077486,1.4566900416263941
14.502,0.0,0.0,-0.000357696732020119,-0.000162778048054784,-0.000129377098619241,0.000148786664374441,-1.06200064135759e-05,-6.39487010736405e-05,0.000225331363096016,1.04865762668435e-05,0.000222217663406866,1.673906631928942,1.666840697021443,0.002785280026569502,1.8382826406604489,-0.0021657295117077486,1.4566900416263941
14.522,0.0,0.0,-0.000338253836283694,-0.00016764389135392,-0.000122719750097497,0.000148314943484617,-1.5355409603047597e-05,-6.17387697083314e-05,0.000206396748913815,6.24261149018285e-06,0.000219718463358043,1.673906631928942,1.666840697021443,0.002785280026569502,1.8382826406604489,-0.0021657295117077486,1.4566900416263941
14.542,0.0,0.0,-0.000317840828404323,-0.000172587937581925,-0.00011537100919476599,0.00014571405949321398,-1.8811346302564e-05,-5.99532341882032e-05,0.000188006834857687,2.0916978965471903e-06,0.000217061393519722,1.673906631928942,1.666840697021443,0.002785280026569502,1.8382826406604489,-0.0021657295117077486,1.4566900416263941
14.562,0.0,0.0,-0.000296762089828221,-0.000177588103655223,-0.00010748812665124399,0.00014106485720363502,-2.09747331400098e-05,-5.8588446878675295e-05,0.000170427159208192,-1.94832145187051e-06,0.000214204540943905,1.673906631928942,1.666840697021443,0.002785280026569502,1.8382826406604489,-0.0021657295117077486,1.4566900416263941
14.582,0.0,0.0,-0.000275330288777669,-0.000182593365777573,-9.92347185669756e-05,0.000134449162953252,-2.18548921763337e-05,-5.7634251045833804e-05,0.000153900081985875,-5.87805477226372e-06,0.000211103140239939,1.673906631928942,1.666840697021443,0.002785280026569502,1.8382826406604489,-0.0021657295117077486,1.4566900416263941
14.602,0.0,0.0,-0.00025385761817921297,-0.000187526287338403,-9.07755668151298e-05,0.000125948220950635,-2.14823786608198e-05,-5.7075630401569106e-05,0.000138638872023531,-9.71601451304276e-06,0.000207712641457383,1.673906631928942,1.666840697021443,0.002785280026569502,1.8382826406604489,-0.0021657295117077486,1.4566900416263941
14.622,0.0,0.0,-0.00023264701039303398,-0.00019228677724592,-8.2271633409445e-05,0.00011564305017001299,-1.99075668307403e-05,-5.689417115492839e-05,0.000124823988047476,-1.34971659574545e-05,0.000203991861573813,1.673906631928942,1.666840697021443,0.002785280026569502,1.8382826406604489,-0.0021657295117077486,1.4566900416263941
14.642,0.0,0.0,-0.000211983140358407,-0.00019675650631679098,-7.38753869527877e-05,0.00010361582404304699,-1.7198974626369102e-05,-5.706939734768051e-05,0.000112601548297436,-1.7270923522747302e-05,0.000199906593316735,1.673906631928942,1.666840697021443,0.002785280026569502,1.8382826406604489,-0.0021657295117077486,1.4566900416263941
14.662,0.0,0.0,-0.00019212423464161598,-0.000200803811036243,-6.57269748756963e-05,8.99524581715499e-05,-1.34409511073828e-05,-5.75805616161037e-05,0.00010208283121424,-2.10982981545339e-05,0.00019543251124982199,1.673906631928942,1.666840697021443,0.002785280026569502,1.8382826406604489,-0.0021657295117077486,1.4566900416263941
14.682,0.0,0.0,-0.000173294610974259,-0.000204289138506647,-5.795086033393821e-05,7.474596795605891e-05,-8.73152258863621e-06,-5.84076496894245e-05,9.334543993116601e-05,-2.50485116712765e-05,0.000190557860935619,1.673906631928942,1.666840697021443,0.002785280026569502,1.8382826406604489,-0.0021657295117077486,1.4566900416263941
14.702,0.0,0.0,-0.000155678689555259,-0.00020707003892465702,-5.06535811977748e-05,5.810013918886789e-05,-3.17982062557258e-06,-5.9532542469566295e-05,8.643497875269309e-05,-2.9195361207485198e-05,0.00018528547989876101,1.673906631928942,1.666840697021443,0.002785280026569502,1.8382826406604489,-0.0021657295117077486,1.4566900416263941
14.722,0.0,0.0,-0.000139416486684468,-0.000209006175067399,-4.39221292190998e-05,4.0133443703926e-05,3.09611446738715e-06,-6.09399746299032e-05,8.13666806675688e-05,-3.36132592147989e-05,0.00017963401534494,1.673906631928942,1.666840697021443,0.002785280026569502,1.8382826406604489,-0.0021657295117077486,1.4566900416263941
14.742,0.0,0.0,-0.00012460099449083,-0.000209963784733582,-3.7823549729651e-05,2.09829643529101e-05,9.97199443700159e-06,-6.261804051631639e-05,7.81271879737623e-05,-3.83730943098685e-05,0.000173638234460602,1.673906631928942,1.666840697021443,0.002785280026569502,1.8382826406604489,-0.0021657295117077486,1.4566900416263941
14.762,0.0,0.0,-0.00011127734440707099,-0.000209819597030642,-3.24050783515429e-05,8.07690511369342e-07,1.73196741832513e-05,-6.455831720458771e-05,7.66754865729882e-05,-4.35384086090855e-05,0.000167348494201624,1.673906631928942,1.666840697021443,0.002785280026569502,1.8382826406604489,-0.0021657295117077486,1.4566900416263941
14.782,0.0,0.0,-9.9443991194825e-05,-0.000208463901033937,-2.76952896027052e-05,-2.0208519740854897e-05,2.50095237610913e-05,-6.6755729075933e-05,7.69433143022435e-05,-4.91616530360945e-05,0.000160829130042344,1.673906631928942,1.666840697021443,0.002785280026569502,1.8382826406604489,-0.0021657295117077486,1.4566900416263941
14.802,0.0,0.0,-8.905573562701809e-05,-0.000205803323452282,-2.37058106498477e-05,-4.18553593904565e-05,3.2912846310269605e-05,-6.920797121475611e-05,7.88349656276095e-05,-5.52809417477505e-05,0.00015415624270214098,1.673906631928942,1.666840697021443,0.002785280026569502,1.8382826406604489,-0.0021657295117077486,1.4566900416263941
14.822,0.0,0.0,-8.00286933006725e-05,-0.000201762515623276,-2.04333587048614e-05,-6.38960617344962e-05,4.09043511245826e-05,-7.191461250301279e-05,8.22268882336699e-05,-6.19172186510319e-05,0.000147414758199301,1.673906631928942,1.666840697021443,0.002785280026569502,1.8382826406604489,-0.0021657295117077486,1.4566900416263941
14.842,0.0,0.0,-7.224688708836079e-05,-0.000196285438547274,-1.78623035757454e-05,-8.606885762778929e-05,4.88644938714795e-05,-7.4875603914088e-05,8.696706210881e-05,-6.907214229100689e-05,0.000140694915561979,1.673906631928942,1.666840697021443,0.002785280026569502,1.8382826406604489,-0.0021657295117077486,1.4566900416263941
14.862,0.0,0.0,-6.55702825960343e-05,-0.000189336069065362,-1.59669992893768e-05,-0.000108090791490498,5.66815478079057e-05,-7.80900370756553e-05,9.28751530428438e-05,-7.67267200326639e-05,0.000134088642727507,1.673906631928942,1.666840697021443,0.002785280026569502,1.8382826406604489,-0.0021657295117077486,1.4566900416263941
14.882,0.0,0.0,-5.98442711154525e-05,-0.000180898712061379,-1.47142478253585e-05,-0.000129663561995896,6.42540001038924e-05,-8.15542861932441e-05,9.97433950496507e-05,-8.4840375563192e-05,0.000127685885008668,1.673906631928942,1.666840697021443,0.002785280026569502,1.8382826406604489,-0.0021657295117077486,1.4566900416263941
14.902,0.0,0.0,-5.4909420230773796e-05,-0.000170977785485643,-1.40654981672396e-05,-0.000150481004683849,7.1492399350074e-05,-8.526012857782579e-05,0.00010733909570209399,-9.335116299405659e-05,0.00012157109361843701,1.673906631928942,1.666840697021443,0.002785280026569502,1.8382826406604489,-0.0021657295117077486,1.4566900416263941
14.922,0.0,0.0,-5.06118529408355e-05,-0.00015959761018113702,-1.39785627681423e-05,-0.000170237923875734,7.8320889847903e-05,-8.91932587811403e-05,0.00011540866899193602,-0.00010217663459095401,0.00011582017805676799,1.673906631928942,1.666840697021443,0.002785280026569502,1.8382826406604489,-0.0021657295117077486,1.4566900416263941
14.942,0.0,0.0,-4.6812515302091496e-05,-0.000146801833842671,-1.44090704993126e-05,-0.000188640037747495,8.46786960149845e-05,-9.333159642624959e-05,0.000123683867391566,-0.000111215059956531,0.00011049827132508501,1.673906631928942,1.666840697021443,0.002785280026569502,1.8382826406604489,-0.0021657295117077486,1.4566900416263941
14.962,0.0,0.0,-4.3395703325106394e-05,-0.00013265280209856202,-1.5311410407001098e-05,-0.000205413528241635,9.0521185345162e-05,-9.764399997260259e-05,0.000131889582215779,-0.00012034787724536899,0.00010565791057943101,1.673906631928942,1.666840697021443,0.002785280026569502,1.8382826406604489,-0.0021657295117077486,1.4566900416263941
14.982,0.0,0.0,-4.02755869873954e-05,-0.000117230846822549,-1.66393277422009e-05,-0.00022031368161155897,9.5820065938366e-05,-0.000102089551135289,0.000139753615784178,-0.000129442457078222,0.000101338370918015,1.673906631928942,1.666840697021443,0.002785280026569502,1.8382826406604489,-0.0021657295117077486,1.4566900416263941
15.002,0.0,0.0,-3.74001551375582e-05,-0.000100633585904341,-1.83461913390474e-05,-0.00023313223536301002,0.000100563659113836,-0.000106617156723681,0.000147017258154396,-0.000138355028094585,9.75656262419696e-05,1.673906631928942,1.666840697021443,0.002785280026569502,1.8382826406604489,-0.0021657295117077486,1.4566900416263941
15.022,0.0,0.0,-3.47530431416194e-05,-8.29749852761963e-05,-2.0385139524394102e-05,-0.000243701964339621,0.000104756509339366,-0.00011116553472248702,0.000153446539349128,-0.00014693464195311202,9.43531337192999e-05,1.673906631928942,1.666840697021443,0.002785280026569502,1.8382826406604489,-0.0021657295117077486,1.4566900416263941
15.042,0.0,0.0,-3.2352334577459004e-05,-6.43844372642097e-05,-2.27089746259027e-05,-0.000251898973372381,0.00010841838968701701,-0.00011566415178569199,0.00015884332567535302,-0.00015502683535406598,9.17030885157458e-05,1.673906631928942,1.666840697021443,0.002785280026569502,1.8382826406604489,-0.0021657295117077486,1.4566900416263941
15.062,0.0,0.0,-3.0246596553681397e-05,-4.50057808497389e-05,-2.5270266215010103e-05,-0.00025764203649853703,0.00011158292146530501,-0.000120034271989878,0.000163054956729961,-0.000162477412217283,8.96084666609463e-05,1.673906631928942,1.666840697021443,0.002785280026569502,1.8382826406604489,-0.0021657295117077486,1.4566900416263941
15.082,0.0,0.0,-2.8508958384111497e-05,-2.4995794236182397e-05,-2.8021615169592998e-05,-0.000260889381430225,0.00011429597421846999,-0.00012419108316261298,0.00016598219815696201,-0.000169136528488094,8.80547894364361e-05,1.673906631928942,1.666840697021443,0.002785280026569502,1.8382826406604489,-0.0021657295117077486,1.4566900416263941
15.102,0.0,0.0,-2.72289077650703e-05,-4.52275790559945e-06,-3.09156926955835e-05,-0.000261633636528781,0.000116613363845274,-0.000128045843548023,0.000167584489041255,-0.00017486221250712,8.70223976224389e-05,1.673906631928942,1.666840697021443,0.002785280026569502,1.8382826406604489,-0.0021657295117077486,1.4566900416263941
15.122,0.0,0.0,-2.65028382671768e-05,1.6235225648446098e-05,-3.39059701288536e-05,-0.000259895039165618,0.000118598192864074,-0.00013150877258246002,0.000167881921137107,-0.000179523751121106,8.64883652783619e-05,1.673906631928942,1.666840697021443,0.002785280026569502,1.8382826406604489,-0.0021657295117077486,1.4566900416263941
15.142,0.0,0.0,-2.6423969318362898e-05,3.7092539770005896e-05,-3.694755849684461e-05,-0.000255714473965295,0.000120318274711145,-0.00013449219174956002,0.000166953658662838,-0.00018300471641200802,8.642811703357491e-05,1.673906631928942,1.666840697021443,0.002785280026569502,1.8382826406604489,-0.0021657295117077486,1.4566900416263941
15.162,0.0,0.0,-2.70720548263582e-05,5.7858385231074e-05,-3.99977399012909e-05,-0.000249146636550243,0.000121842861914323,-0.00013691384051081002,0.000164932813353834,-0.000185205348766891,8.6816598231195e-05,1.673906631928942,1.666840697021443,0.002785280026569502,1.8382826406604489,-0.0021657295117077486,1.4566900416263941
15.182,0.0,0.0,-2.85040265808658e-05,7.83392119413307e-05,-4.30169390579033e-05,-0.00024025439673131403,0.00012323954966757098,-0.000138700208223378,0.000161997793999585,-0.000186044387167552,8.76289510919544e-05,1.673906631928942,1.666840697021443,0.002785280026569502,1.8382826406604489,-0.0021657295117077486,1.4566900416263941
15.202,0.0,0.0,-3.07459061747018e-05,9.83416911479267e-05,-4.59696943946869e-05,-0.00022910522428336202,0.00012457095316458102,-0.000139789924329201,0.00015836075216057901,-0.000185460583410273,8.8840568661364e-05,1.673906631928942,1.666840697021443,0.002785280026569502,1.8382826406604489,-0.0021657295117077486,1.4566900416263941
15.222,0.0,0.0,-3.3787038938628696e-05,0.000117675549192534,-4.88249815277859e-05,-0.000215769878822,0.000125891819326605,-0.000140136883142522,0.00015425423766071299,-0.000183413324824255,9.042672628147149e-05,1.673906631928942,1.666840697021443,0.002785280026569502,1.8382826406604489,-0.0021657295117077486,1.4566900416263941
15.242,0.0,0.0,-3.757715521301071e-05,0.00013615646302039198,-5.15568070641335e-05,-0.000200323751865655,0.000127245850284131,-0.000139712714146683,0.00014991614433629099,-0.000179882885534948,9.23616890863706e-05,1.673906631928942,1.666840697021443,0.002785280026569502,1.8382826406604489,-0.0021657295117077486,1.4566900416263941
15.262,0.0,0.0,-4.20260013678027e-05,0.000153608901510702,-5.4144249025893895e-05,-0.000182850965688334,0.000128663638083314,-0.000138509252688271,0.00014557521335801499,-0.000174870257012058,9.46177740621275e-05,1.673906631928942,1.666840697021443,0.002785280026569502,1.8382826406604489,-0.0021657295117077486,1.4566900416263941
15.282,0.0,0.0,-4.7006318958776e-05,0.00016986887682031202,-5.6571098009849e-05,-0.00016345045035834,0.000130160496345901,-0.00013653972701071202,0.000141437160307651,-0.000168396587597099,9.71640386005738e-05,1.673906631928942,1.666840697021443,0.002785280026569502,1.8382826406604489,-0.0021657295117077486,1.4566900416263941
15.302,0.0,0.0,-5.23595853809399e-05,0.000184786404714124,-5.8825188204468605e-05,-0.000142243704057657,0.00013173538018926298,-0.000133839688566432,0.000137673252777911,-0.000160502250153804,9.99652814619788e-05,1.673906631928942,1.666840697021443,0.002785280026569502,1.8382826406604489,-0.0021657295117077486,1.4566900416263941
15.322,0.0,0.0,-5.7903964781227e-05,0.00019822754511420902,-6.0897630884824095e-05,-0.00011938332452268201,0.00013337043247888,-0.00013046685835931598,0.000134411428746493,-0.00015124599858955801,0.000102981157193123,1.673906631928942,1.666840697021443,0.002785280026569502,1.8382826406604489,-0.0021657295117077486,1.4566900416263941
15.342,0.0,0.0,-6.34440236200745e-05,0.000210076331952386,-6.27815885147891e-05,-9.50606561852361e-05,0.000135031516750095,-0.000126499930862283,0.000131731316923079,-0.00014070392411633301,0.000106165605926317,1.673906631928942,1.666840697021443,0.002785280026569502,1.8382826406604489,-0.0021657295117077486,1.4566900416263941
15.362,0.0,0.0,-6.87812428707135e-05,0.00022023611207280602,-6.44710885355002e-05,-6.95123344644955e-05,0.000136669423739048,-0.00012203697300432701,0.000129662880833778,-0.000128968441229004,0.000109467047974325,1.673906631928942,1.666840697021443,0.002785280026569502,1.8382826406604489,-0.0021657295117077486,1.4566900416263941
15.382,0.0,0.0,-7.37247836505037e-05,0.00022863055079249702,-6.59602198056123e-05,-4.3024129052898996e-05,0.000138222082506221,-0.000117192521931091,0.0001281886837336,-0.00011614754095938999,0.00011282875872853601,1.673906631928942,1.666840697021443,0.002785280026569502,1.8382826406604489,-0.0021657295117077486,1.4566900416263941
15.402,0.0,0.0,-7.81016312856876e-05,0.000235204119747767,-6.72420300051007e-05,-1.5931314775086e-05,0.000139617454333273,-0.00011209420735701399,0.00012724958051517802,-0.000102363923481287,0.00011619015748928501,1.673906631928942,1.666840697021443,0.002785280026569502,1.8382826406604489,-0.0021657295117077486,1.4566900416263941
15.422,0.0,0.0,-8.17655336941811e-05,0.000239922571363396,-6.8308138934887e-05,1.13847624403006e-05,0.000140776983854869,-0.000106878817760581,0.000126753052861616,-8.77543763537898e-05,0.000119488313860708,1.673906631928942,1.666840697021443,0.002785280026569502,1.8382826406604489,-0.0021657295117077486,1.4566900416263941
15.442,0.0,0.0,-8.46043158567013e-05,0.00024277250710279502,-6.91487226517167e-05,3.8503764802581394e-05,0.000141619473781199,-0.0001016878095971,0.00012658319315784,-7.24693514097629e-05,0.000122660016901229,1.673906631928942,1.666840697021443,0.002785280026569502,1.8382826406604489,-0.0021657295117077486,1.4566900416263941
15.462,0.0,0.0,-8.65454035725052e-05,0.000243761054210059,-6.975292021607679e-05,6.49773215126854e-05,0.000142065291637716,-9.666267007942241e-05,0.000126611907977108,-5.66719308947692e-05,0.000125644211168665,1.673906631928942,1.666840697021443,0.002785280026569502,1.8382826406604489,-0.0021657295117077486,1.4566900416263941
15.482,0.0,0.0,-8.75588340993908e-05,0.000242915245232312,-7.01095361893999e-05,9.0342605527505e-05,0.000142040270898828,-9.19402954462384e-05,0.00012670993251198202,-4.05371552257452e-05,0.00012838458686205501,1.673906631928942,1.666840697021443,0.002785280026569502,1.8382826406604489,-0.0021657295117077486,1.4566900416263941
15.502,0.0,0.0,-8.76579687517467e-05,0.000240280986498942,-7.02084062361037e-05,0.00011413770042898201,0.000141479565728312,-8.76484497717706e-05,0.00012675699720868,-2.4250966779007896e-05,0.000130832099308616,1.673906631928942,1.666840697021443,0.002785280026569502,1.8382826406604489,-0.0021657295117077486,1.4566900416263941
15.522,0.0,0.0,-8.68976337454596e-05,0.000235922064683666,-7.00418076604792e-05,0.00013591755483979698,0.000140330856008427,-8.39017384017205e-05,0.000126650637346197,-8.00824220732395e-06,0.000132947356663258,1.673906631928942,1.666840697021443,0.002785280026569502,1.8382826406604489,-0.0021657295117077486,1.4566900416263941
15.542,0.0,0.0,-8.536977845245408e-05,0.00022991889872405402,-6.96058151212466e-05,0.000155269478576238,0.000138556997829656,-8.07979835553249e-05,0.000126313008300902,7.98918251218698e-06,0.000134702953251398,1.673906631928942,1.666840697021443,0.002785280026569502,1.8382826406604489,-0.0021657295117077486,1.4566900416263941
15.562,0.0,0.0,-8.319617318383241e-05,0.00022236713509013798,-6.89020195643262e-05,0.000171826992882487,0.000136137719222527,-7.84155618015745e-05,0.000125695611467697,2.35352712063797e-05,0.000136085186951275,1.673906631928942,1.666840697021443,0.002785280026569502,1.8382826406604489,-0.0021657295117077486,1.4566900416263941
15.582,0.0,0.0,-8.051937483135849e-05,0.00021337616886381102,-6.79384758652573e-05,0.000185281395420799,0.000133070471164916,-7.681146788800279e-05,0.000124781511265403,3.8423339902188895e-05,0.000137095524550451,1.673906631928942,1.666840697021443,0.002785280026569502,1.8382826406604489,-0.0021657295117077486,1.4566900416263941
15.602,0.0,0.0,-7.74914475654505e-05,0.000203067415172143,-6.67306049593365e-05,0.000195391022215874,0.000129370423483832,-7.601991973422809e-05,0.00012358580497399198,5.24499519526996e-05,0.000137751428311377,1.673906631928942,1.666840697021443,0.002785280026569502,1.8382826406604489,-0.0021657295117077486,1.4566900416263941
15.622,0.0,0.0,-7.42618422781867e-05,0.000191572358202649,-6.53014077593052e-05,0.000201987538889178,0.000125069425034742,-7.60525097800063e-05,0.00012215397751274198,6.54192479108739e-05,0.000138086734331633,1.673906631928942,1.666840697021443,0.002785280026569502,1.8382826406604489,-0.0021657295117077486,1.4566900416263941
15.642,0.0,0.0,-7.096512899326221e-05,0.000179030447485259,-6.36810308254353e-05,0.000204979811009971,0.000120214210384208,-7.689850120180229e-05,0.000120558834776271,7.71479175299725e-05,0.000138151464785641,1.673906631928942,1.666840697021443,0.002785280026569502,1.8382826406604489,-0.0021657295117077486,1.4566900416263941
15.662,0.0,0.0,-6.77094603213859e-05,0.000165586602024639,-6.19059225120962e-05,0.00020435567168591298,0.00011486397780253401,-7.85263117759883e-05,0.00011889616455771001,8.746975448819741e-05,0.00013801093880445,1.673906631928942,1.666840697021443,0.002785280026569502,1.8382826406604489,-0.0021657295117077486,1.4566900416263941
15.682,0.0,0.0,-6.456724401622729e-05,0.000151388558184939,-6.00170650339609e-05,0.000200181593347532,0.000109087439453803,-8.088556163624609e-05,0.000117279851698668,9.62405308036971e-05,0.00013774452546701002,1.673906631928942,1.666840697021443,0.002785280026569502,1.8382826406604489,-0.0021657295117077486,1.4566900416263941
15.702,0.0,0.0,-6.156853701484301e-05,0.000136584015613183,-5.80580014260855e-05,0.000192600597781922,0.000102959657387241,-8.390942848118491e-05,0.000115836381074266,0.000103342277492728,0.000137443837929204,1.673906631928942,1.666840697021443,0.002785280026569502,1.8382826406604489,-0.0021657295117077486,1.4566900416263941
15.722,0.0,0.0,-5.869807422042061e-05,0.00012131755165712,-5.60722237601359e-05,0.00018182885908291698,9.65586784328745e-05,-8.751752524904971e-05,0.00011469909257878,0.000108686956990003,0.00013721008017758898,1.673906631928942,1.666840697021443,0.002785280026569502,1.8382826406604489,-0.0021657295117077486,1.4566900416263941
15.742,0.0,0.0,-5.5896238966544105e-05,0.000105727644070992,-5.41007784796841e-05,0.00016815001040951398,8.99625740580396e-05,-9.161895695824691e-05,0.00011400246920718799,0.00011221940506426202,0.00013715143957752901,1.673906631928942,1.666840697021443,0.002785280026569502,1.8382826406604489,-0.0021657295117077486,1.4566900416263941
15.762,0.0,0.0,-5.30640302876704e-05,8.99438004945852e-05,-5.2179482326984704e-05,0.000151907799846531,8.32466088229162e-05,-9.611527097502471e-05,0.00011387674736159299,0.000113919135638055,0.00013737964881524198,1.673906631928942,1.666840697021443,0.002785280026569502,1.8382826406604489,-0.0021657295117077486,1.4566900416263941
15.782,0.0,0.0,-5.00713876301788e-05,7.40840523696863e-05,-5.033667577166961e-05,0.000133496873091024,7.6481128289702e-05,-0.000100903435316647,0.00011444240798408,0.00011380127070463501,0.000138006497902398,1.673906631928942,1.666840697021443,0.002785280026569502,1.8382826406604489,-0.0021657295117077486,1.4566900416263941
15.802,0.0,0.0,-4.67684754694325e-05,5.825278228747321e-05,-4.85912673731761e-05,0.00011335096562556001,6.972997078298039e-05,-0.000105878687174858,0.000115805364089823,0.00011191610964898,0.000139139801573724,1.673906631928942,1.666840697021443,0.002785280026569502,1.8382826406604489,-0.0021657295117077486,1.4566900416263941
15.822,0.0,0.0,-4.29986509435045e-05,4.25394902624323e-05,-4.69515413452394e-05,9.1929437401578e-05,6.30495383229528e-05,-0.000110936983802029,0.000118052200303275,0.000108347577717259,0.000140879536930327,1.673906631928942,1.666840697021443,0.002785280026569502,1.8382826406604489,-0.0021657295117077486,1.4566900416263941
15.842,0.0,0.0,-3.8611979258916496e-05,2.70180747860246e-05,-4.5414205585582896e-05,6.970219803008161e-05,5.6488697917278296e-05,-0.00011597738861859399,0.00012124613362246,0.000103210712944062,0.000143313723250593,1.673906631928942,1.666840697021443,0.002785280026569502,1.8382826406604489,-0.0021657295117077486,1.4566900416263941
15.862,0.0,0.0,-3.34788830092898e-05,1.17472065425736e-05,-4.39648731984366e-05,4.7133707769036295e-05,5.00893272386053e-05,-0.00012090406251608899,0.000125423429621271,9.66482559081155e-05,0.00014651449915786398,1.673906631928942,1.666840697021443,0.002785280026569502,1.8382826406604489,-0.0021657295117077486,1.4566900416263941
15.882,0.0,0.0,-2.75018088531635e-05,-3.2285745944648e-06,-4.25787911918565e-05,2.46668867662101e-05,4.3887109101220796e-05,-0.000125628002846425,0.000130590819279879,8.88261500873777e-05,0.00015053445334327,1.673906631928942,1.666840697021443,0.002785280026569502,1.8382826406604489,-0.0021657295117077486,1.4566900416263941
15.902,0.0,0.0,-2.06246868818602e-05,-1.7876930671313198e-05,-4.12223953662178e-05,2.7083238084218202e-06,3.79129811416968e-05,-0.000130068724675754,0.000136723631770964,7.99291650607559e-05,0.000155403654219903,1.673906631928942,1.666840697021443,0.002785280026569502,1.8382826406604489,-0.0021657295117077486,1.4566900416263941
15.922,0.0,0.0,-1.28397720306092e-05,-3.21749521252913e-05,-3.98555421422796e-05,-1.8384832458519102e-05,3.21947036375565e-05,-0.000134155410948629,0.00014376563123923798,7.015554332159351e-05,0.000161127085552,1.673906631928942,1.666840697021443,0.002785280026569502,1.8382826406604489,-0.0021657295117077486,1.4566900416263941
15.942,0.0,0.0,-4.19105834509903e-06,-4.61060266613983e-05,-3.84342832053216e-05,-3.83147511150038e-05,2.67581760462807e-05,-0.000137828150239985,0.000151629665605916,5.97120088686481e-05,0.000167683166363255,1.673906631928942,1.666840697021443,0.002785280026569502,1.8382826406604489,-0.0021657295117077486,1.4566900416263941
15.962,0.0,0.0,5.2258199741456e-06,-5.96564852180261e-05,-3.6913680076169205e-05,-5.68496202704266e-05,2.1628749183333897e-05,-0.000141039030323648,0.000160200350668724,4.88089096003705e-05,0.00017502316502751298,1.673906631928942,1.666840697021443,0.002785280026569502,1.8382826406604489,-0.0021657295117077486,1.4566900416263941
15.982,0.0,0.0,1.52664291340427e-05,-7.28119357830937e-05,-3.52508354350363e-05,-7.38262275784907e-05,1.68321600293599e-05,-0.00014375276159271001,0.000169338076118056,3.76553322539108e-05,0.000183071664303634,1.673906631928942,1.666840697021443,0.002785280026569502,1.8382826406604489,-0.0021657295117077486,1.4566900416263941
16.002,0.0,0.0,2.57431522606683e-05,-8.5554160348559e-05,-3.34080683704035e-05,-8.914886271386071e-05,1.2394816872753098e-05,-0.00014594740860678798,0.000178884612919923,2.64550371344295e-05,0.000191728271523904,1.673906631928942,1.666840697021443,0.002785280026569502,1.8382826406604489,-0.0021657295117077486,1.4566900416263941
16.022,0.0,0.0,3.64330446109616e-05,-9.785846654601429e-05,-3.13552774288374e-05,-0.000102784814819081,8.34365041356867e-06,-0.000147614750170585,0.000188670072695509,1.54028593209465e-05,0.000200870418190656,1.673906631928942,1.666840697021443,0.002785280026569502,1.8382826406604489,-0.0021657295117077486,1.4566900416263941
16.042,0.0,0.0,4.70867669761713e-05,-0.00010969148868070501,-2.90724700998479e-05,-0.000114757048146513,4.70529086974413e-06,-0.000148760399484778,0.000198521209272174,4.68133001106577e-06,0.000210357089200823,1.673906631928942,1.666840697021443,0.002785280026569502,1.8382826406604489,-0.0021657295117077486,1.4566900416263941
16.062,0.0,0.0,5.7438072401491196e-05,-0.00012101022279368501,-2.65515001883388e-05,-0.000125135091041402,1.50479240050829e-06,-0.000149403528866621,0.000208269711303459,-5.5415935003025705e-06,0.00022003361761402002,1.673906631928942,1.666840697021443,0.002785280026569502,1.8382826406604489,-0.0021657295117077486,1.4566900416263941
16.082,0.0,0.0,6.72136812724766e-05,-0.000131762104523787,-2.3797151622619502e-05,-0.000134024321296054,-1.2361484360174602e-06,-0.000149576417123189,0.00021776090012365901,-1.51146860157242e-05,0.00022973688648412997,1.673906631928942,1.666840697021443,0.002785280026569502,1.8382826406604489,-0.0021657295117077486,1.4566900416263941
16.102,0.0,0.0,7.614262310220021e-05,-0.000141885782915702,-2.0827810565529897e-05,-0.00014155577797982802,-3.5012997047807404e-06,-0.00014932336348134299,0.000226861933379419,-2.39048104411576e-05,0.00023930123943594902,1.673906631928942,1.666840697021443,0.002785280026569502,1.8382826406604489,-0.0021657295117077486,1.4566900416263941
16.122,0.0,0.0,8.396469585210529e-05,-0.000151313435499533,-1.7675422342341102e-05,-0.000147875880595148,-5.28177270051187e-06,-0.000148699460998132,0.00023546827486956202,-3.17981650034265e-05,0.000248564181611785,1.673906631928942,1.666840697021443,0.002785280026569502,1.8382826406604489,-0.0021657295117077486,1.4566900416263941
16.142,0.0,0.0,9.043860562683929e-05,-0.000159973585811803,-1.4384881612238699e-05,-0.000153137370746966,-6.57820641249352e-06,-0.000147768671551207,0.00024350888683406698,-3.87007126117552e-05,0.000257372132835686,1.673906631928942,1.666840697021443,0.002785280026569502,1.8382826406604489,-0.0021657295117077486,1.4566900416263941
16.162,0.0,0.0,9.53494903414808e-05,-0.000167794906155662,-1.10128505028435e-05,-0.000157491754585819,-7.402347260203909e-06,-0.000146601876394548,0.000250948988067796,-4.4538647073259e-05,0.00026558571938067004,1.673906631928942,1.666840697021443,0.002785280026569502,1.8382826406604489,-0.0021657295117077486,1.4566900416263941
16.182,0.0,0.0,9.85155138418124e-05,-0.000174710394605192,-7.62618813912922e-06,-0.000161083260405279,-7.77814853992657e-06,-0.000145274423666966,0.00025779066894502403,-4.92584337547684e-05,0.00027308421495290697,1.673906631928942,1.666840697021443,0.002785280026569502,1.8382826406604489,-0.0021657295117077486,1.4566900416263941
16.202,0.0,0.0,9.97943425633022e-05,-0.000180661622440234,-4.2999245059818e-06,-0.000164043938833421,-7.74220011449962e-06,-0.000143863456230462,0.00026407067050477403,-5.28265680680435e-05,0.000279769016087915,1.673906631928942,1.666840697021443,0.002785280026569502,1.8382826406604489,-0.0021657295117077486,1.4566900416263941
16.222,0.0,0.0,9.908936546608142e-05,-0.000185602992799801,-1.11491453205161e-06,-0.00016649032290756298,-7.343635565306889e-06,-0.000142445059067301,0.00026985636573986804,-5.52290662898478e-05,0.000285566302779252,1.673906631928942,1.666840697021443,0.002785280026569502,1.8382826406604489,-0.0021657295117077486,1.4566900416263941
16.242,0.0,0.0,9.63548126563919e-05,-0.000189505330691951,1.8448089679359002e-06,-0.000168520937168198,-6.64280792437244e-06,-0.000141091576661783,0.000275239472373758,-5.647098654611109e-05,0.00029042817212782796,1.673906631928942,1.666840697021443,0.002785280026569502,1.8382826406604489,-0.0021657295117077486,1.4566900416263941
16.262,0.0,0.0,9.16004087921787e-05,-0.000192358605467535,4.49473089773864e-06,-0.000170214384311334,-5.70986917292243e-06,-0.000139868635015655,0.00028032797166641,-5.657532978301079e-05,0.000294332705582224,1.673906631928942,1.666840697021443,0.002785280026569502,1.8382826406604489,-0.0021657295117077486,1.4566900416263941
16.282,0.0,0.0,8.489453659205091e-05,-0.000194173960930375,6.75282783219523e-06,-0.000171628208871389,-4.6221318287671e-06,-0.00013883265622113302,0.000285237427650561,-5.55819399204284e-05,0.00029728300791748597,1.673906631928942,1.666840697021443,0.002785280026569502,1.8382826406604489,-0.0021657295117077486,1.4566900416263941
16.302,0.0,0.0,7.636565444536791e-05,-0.00019498414104353798,8.5426504430578e-06,-0.00017279774355800201,-3.4613706664619698e-06,-0.000138028378458371,0.000290081156566981,-5.35462596820526e-05,0.000299304993986259,1.673906631928942,1.666840697021443,0.002785280026569502,1.8382826406604489,-0.0021657295117077486,1.4566900416263941
16.322,0.0,0.0,6.620086560954019e-05,-0.000194842863506591,9.7962007376173e-06,-0.00017373565053363998,-2.31065159688369e-06,-0.000137486838778365,0.00029496071357809704,-5.05376020203686e-05,0.00030044433184846497,1.673906631928942,1.666840697021443,0.002785280026569502,1.8382826406604489,-0.0021657295117077486,1.4566900416263941
16.342,0.0,0.0,5.4642121406572e-05,-0.000193823054140584,1.04568478632752e-05,-0.000174431636610592,-1.25126128480904e-06,-0.00013722378103924598,0.000299956838153786,-4.663751807087221e-05,0.000300763125906407,1.673906631928942,1.666840697021443,0.002785280026569502,1.8382826406604489,-0.0021657295117077486,1.4566900416263941
16.362,0.0,0.0,4.1978747762146504e-05,-0.00019201367318728,1.04820087059463e-05,-0.00017485286584239298,-3.5949973815077294e-07,-0.000137238697986003,0.00030512108262624,-4.1937804537890006e-05,0.000300335565112878,1.673906631928942,1.666840697021443,0.002785280026569502,1.8382826406604489,-0.0021657295117077486,1.4566900416263941
16.382,0.0,0.0,2.8536990907200897e-05,-0.00018951611638528602,9.845487207022349e-06,-0.000174944626498883,2.9578005770840395e-07,-0.000137514083446339,0.00031046911656240097,-3.653851921355879e-05,0.000299243812605161,1.673906631928942,1.666840697021443,0.002785280026569502,1.8382826406604489,-0.0021657295117077486,1.4566900416263941
16.402,0.0,0.0,1.4666709732396302e-05,-0.000186439515252652,8.53938134662824e-06,-0.000174632466288225,6.55590331325176e-07,-0.0001380159310838,0.000315975951271836,-3.05460768073333e-05,0.00029757396744029197,1.673906631928942,1.666840697021443,0.002785280026569502,1.8382826406604489,-0.0021657295117077486,1.4566900416263941
16.422,0.0,0.0,7.258487202573379e-07,-0.000182896014056726,6.5755316682066e-06,-0.000173824549116341,6.72268762009833e-07,-0.000138694330523541,0.00032157280687029,-2.4071253782023198e-05,0.000295412077360201,1.673906631928942,1.666840697021443,0.002785280026569502,1.8382826406604489,-0.0021657295117077486,1.4566900416263941
16.442,0.0,0.0,-1.29361841585402e-05,-0.000178995908759683,3.98605849091613e-06,-0.00017241548067933402,3.10695956406689e-07,-0.000139485072062349,0.000327146923651522,-1.7227289632917902e-05,0.00029284056708093196,1.673906631928942,1.666840697021443,0.002785280026569502,1.8382826406604489,-0.0021657295117077486,1.4566900416263941
16.462,0.0,0.0,-2.59947835856386e-05,-0.000174843014347123,8.2349606527254e-07,-0.000170291081900612,-4.5141723443423396e-07,-0.000140311853097467,0.000332543624253137,-1.0128323377352401e-05,0.000289935616464497,1.673906631928942,1.666840697021443,0.002785280026569502,1.8382826406604489,-0.0021657295117077486,1.4566900416263941
16.482,0.0,0.0,-3.81652686578026e-05,-0.000170530521127078,-2.84027003417491e-06,-0.000167333999747098,-1.62359258285646e-06,-0.000141089083074696,0.00033757110245525803,-2.8880276951407298e-06,0.00028676472216599,1.673906631928942,1.666840697021443,0.002785280026569502,1.8382826406604489,-0.0021657295117077486,1.4566900416263941
16.502,0.0,0.0,-4.92147350207668e-05,-0.000166137578313486,-6.9155016645638396e-06,-0.00016343035442279398,-3.20304492928272e-06,-0.000141725283298097,0.000342007736610898,4.38183146180467e-06,0.00028338524204010897,1.673906631928942,1.666840697021443,0.002785280026569502,1.8382826406604489,-0.0021657295117077486,1.4566900416263941
16.522,0.0,0.0,-5.89700797486788e-05,-0.000161726570359134,-1.1297475561762401e-05,-0.00015847711842153798,-5.17553615810051e-06,-0.000142126748874408,0.000345611842207778,1.1572414829268e-05,0.000279843657650344,1.673906631928942,1.666840697021443,0.002785280026569502,1.8382826406604489,-0.0021657295117077486,1.4566900416263941
16.542,0.0,0.0,-6.73216809335892e-05,-0.00015734133567888402,-1.58693841760161e-05,-0.000152389706307553,-7.51637012912621e-06,-0.000142201709163483,0.00034813323468459704,1.85786603005982e-05,0.00027617538908219705,1.673906631928942,1.666840697021443,0.002785280026569502,1.8382826406604489,-0.0021657295117077486,1.4566900416263941
16.562,0.0,0.0,-7.422191634061171e-05,-0.000153006252864109,-2.05067091461196e-05,-0.000145109661576302,-1.0191442462118801e-05,-0.000141864457124981,0.000349326432436696,2.53004023445311e-05,0.000272405520252247,1.673906631928942,1.666840697021443,0.002785280026569502,1.8382826406604489,-0.0021657295117077486,1.4566900416263941
16.582,0.0,0.0,-7.96793789908116e-05,-0.00014872606283965501,-2.50814405571538e-05,-0.00013661210967267,-1.3157994638121e-05,-0.00014103933092488,0.000348964421134865,3.16433714555594e-05,0.000268549636392331,1.673906631928942,1.666840697021443,0.002785280026569502,1.8382826406604489,-0.0021657295117077486,1.4566900416263941
16.602,0.0,0.0,-8.374979354410071e-05,-0.000144486600712539,-2.9466955595592302e-05,-0.000126911601148646,-1.63657256580626e-05,-0.000139664617251621,0.00034685256135658397,3.75200114750594e-05,0.000264615601435543,1.673906631928942,1.666840697021443,0.002785280026569502,1.8382826406604489,-0.0021657295117077486,1.4566900416263941
16.622,0.0,0.0,-8.652450604194259e-05,-0.00014025616879222,-3.35428036599652e-05,-0.000116067101424076,-1.97573780957034e-05,-0.000137695779100293,0.000342841397211441,4.28510960879871e-05,0.000260605414459773,1.673906631928942,1.666840697021443,0.002785280026569502,1.8382826406604489,-0.0021657295117077486,1.4566900416263941
16.642,0.0,0.0,-8.81181262155818e-05,-0.000135987378351428,-3.71995850519686e-05,-0.000104184182640273,-2.3269135029991898e-05,-0.000135107933140646,0.000336837671912486,4.75669459868305e-05,0.00025651705928180803,1.673906631928942,1.666840697021443,0.002785280026569502,1.8382826406604489,-0.0021657295117077486,1.4566900416263941
16.662,0.0,0.0,-8.86569993682492e-05,-0.000131619721977935,-4.03430109831817e-05,-9.141472671828779e-05,-2.6831457250169102e-05,-0.00013189786341003998,0.000328812793635701,5.16090405473308e-05,0.000252346800984473,1.673906631928942,1.666840697021443,0.002785280026569502,1.8382826406604489,-0.0021657295117077486,1.4566900416263941
16.682,0.0,0.0,-8.82700212759831e-05,-0.000127082231885021,-4.28979018209498e-05,-7.79538656834391e-05,-3.0369401353200396e-05,-0.00012808479886486102,0.000318808018345336,5.49317236245906e-05,0.00024809116058948597,1.673906631928942,1.666840697021443,0.002785280026569502,1.8382826406604489,-0.0021657295117077486,1.4566900416263941
16.702,0.0,0.0,-8.708188713503008e-05,-0.00012229665772887,-4.48111018246693e-05,-6.4033558386078e-05,-3.3803320526180394e-05,-0.00012371017386394098,0.00030693569048293996,5.7503951408294603e-05,0.00024374854472899903,1.673906631928942,1.666840697021443,0.002785280026569502,1.8382826406604489,-0.0021657295117077486,1.4566900416263941
16.722,0.0,0.0,-8.521028613606079e-05,-0.000117180716730716,-4.6053579296017996e-05,-4.99130075329673e-05,-3.70498786689986e-05,-0.000118836588923881,0.00029337660338123796,5.9310633707104295e-05,0.000239320760104906,1.673906631928942,1.666840697021443,0.002785280026569502,1.8382826406604489,-0.0021657295117077486,1.4566900416263941
16.742,0.0,0.0,-8.276640251267391e-05,-0.00011165154595356101,-4.66215774796058e-05,-3.5866970066865504e-05,-4.00232344136923e-05,-0.00011354555376602099,0.00027837337240260496,6.03541283412359e-05,0.00023481396160595898,1.673906631928942,1.666840697021443,0.002785280026569502,1.8382826406604489,-0.0021657295117077486,1.4566900416263941
16.762,0.0,0.0,-7.98584583669523e-05,-0.000105628921595341,-4.653682741587029e-05,-2.21718738828384e-05,-4.2636692744248605e-05,-0.000107934518867127,0.000262220055413344,6.06551695750898e-05,0.00023023913603663,1.673906631928942,1.666840697021443,0.002785280026569502,1.8382826406604489,-0.0021657295117077486,1.4566900416263941
16.782,0.0,0.0,-7.65970067750862e-05,-9.903873797035301e-05,-4.58455433863262e-05,-9.090842940585001e-06,-4.48048722747427e-05,-0.000102113113308211,0.000245248694701454,6.0253163061879795e-05,0.000225612006468325,1.673906631928942,1.666840697021443,0.002785280026569502,1.8382826406604489,-0.0021657295117077486,1.4566900416263941
16.802,0.0,0.0,-7.31018177108629e-05,-9.181595671278621e-05,-4.46167972229868e-05,3.1406962514168e-06,-4.6446058435567605e-05,-9.619877273684119e-05,0.00022781365802119,5.920612468816011e-05,0.00022095254833491,1.673906631928942,1.666840697021443,0.002785280026569502,1.8382826406604489,-0.0021657295117077486,1.4566900416263941
16.822,0.0,0.0,-6.950813213210899e-05,-8.39072579066729e-05,-4.29397199688611e-05,1.43283919775383e-05,-4.74852282579966e-05,-9.03123219979721e-05,0.000210274560899337,5.758997622704661e-05,0.000216284118906987,1.673906631928942,1.666840697021443,0.002785280026569502,1.8382826406604489,-0.0021657295117077486,1.4566900416263941
16.842,0.0,0.0,-6.59717798379993e-05,-7.52734562336913e-05,-4.09203271859044e-05,2.4329938670103302e-05,-4.78569265784294e-05,-8.45733189361463e-05,0.000192979389663947,5.5496855287734e-05,0.00021163191750339798,1.673906631928942,1.666840697021443,0.002785280026569502,1.8382826406604489,-0.0021657295117077486,1.4566900416263941
16.862,0.0,0.0,-6.26722283760255e-05,-6.58912314164746e-05,-3.86777787889486e-05,3.30624770501511e-05,-4.7508513296500796e-05,-7.90956517120047e-05,0.000176248307770803,5.303313894490589e-05,0.000207021493792411,1.673906631928942,1.666840697021443,0.002785280026569502,1.8382826406604489,-0.0021657295117077486,1.4566900416263941
16.882,0.0,0.0,-5.98126770741338e-05,-5.57539834901042e-05,-3.6340089014243894e-05,4.0506253247151895e-05,-4.64032550790497e-05,-7.39836581124361e-05,0.000160359960837136,5.03166070553051e-05,0.000202477035423723,1.673906631928942,1.666840697021443,0.002785280026569502,1.8382826406604489,-0.0021657295117077486,1.4566900416263941
16.902,0.0,0.0,-5.76169701456119e-05,-4.48726158635163e-05,-3.40398759594312e-05,4.67037874694966e-05,-4.4522871773234295e-05,-6.93288416881406e-05,0.000145540837770898,4.7473034123328e-05,0.0001980196483824,1.673906631928942,1.666840697021443,0.002785280026569502,1.8382826406604489,-0.0021657295117077486,1.4566900416263941
16.922,0.0,0.0,-5.6323474400055e-05,-3.32750962577807e-05,-3.1910124584316196e-05,5.1754834620626e-05,-4.18699024621215e-05,-6.52070668366952e-05,0.000131958432631311,4.46324805888709e-05,0.000193665778169456,1.673906631928942,1.666840697021443,0.002785280026569502,1.8382826406604489,-0.0021657295117077486,1.4566900416263941
16.942,0.0,0.0,-5.6176093664249404e-05,-2.10055689814357e-05,-3.0079929379810603e-05,5.58072909303583e-05,-3.84693481178533e-05,-6.16772076723997e-05,0.000119718687248418,4.1925047781957396e-05,0.000189426179085629,1.673906631928942,1.666840697021443,0.002785280026569502,1.8382826406604489,-0.0021657295117077486,1.4566900416263941
16.962,0.0,0.0,-5.7412703705743896e-05,-8.12313704456497e-06,-2.86707107513437e-05,5.90453625587107e-05,-3.4369184925830104e-05,-5.8780122873963096e-05,0.0001088679144749,3.94766843831697e-05,0.000185305047753551,1.673906631928942,1.666840697021443,0.002785280026569502,1.8382826406604489,-0.0021657295117077486,1.4566900416263941
16.982,0.0,0.0,-6.02522648834448e-05,5.3001639650516e-06,-2.7792649185244397e-05,6.1675032184805e-05,-2.9640486965441997e-05,-5.65385323298718e-05,9.939780123077241e-05,3.7404898700552e-05,0.000181299467170583,1.673906631928942,1.666840697021443,0.002785280026569502,1.8382826406604489,-0.0021657295117077486,1.4566900416263941
17.002,0.0,0.0,-6.4880968112868e-05,1.91814780904093e-05,-2.7541771935160303e-05,6.39090789899823e-05,-2.43762042915367e-05,-5.4958085547967105e-05,9.12545239909045e-05,3.58144866435995e-05,0.000177399994191499,1.673906631928942,1.666840697021443,0.002785280026569502,1.8382826406604489,-0.0021657295117077486,1.4566900416263941
17.022,0.0,0.0,-7.143869208333841e-05,3.34292211734023e-05,-2.79973528718468e-05,6.59520334749287e-05,-1.86889311180334e-05,-5.40285446309495e-05,8.43494215767789e-05,3.4794008027072496e-05,0.000173590986343835,1.673906631928942,1.666840697021443,0.002785280026569502,1.8382826406604489,-0.0021657295117077486,1.4566900416263941
17.042,0.0,0.0,-8.00068684293766e-05,4.79455130548609e-05,-2.9220116064302898e-05,6.798655688414921e-05,-1.27081476776976e-05,-5.3725631405940897e-05,7.85708631374055e-05,3.44124785915514e-05,0.00016985187783431202,1.673906631928942,1.666840697021443,0.002785280026569502,1.8382826406604489,-0.0021657295117077486,1.4566900416263941
17.062,0.0,0.0,-9.05983631894516e-05,6.26281229029968e-05,-3.1250879175934305e-05,7.01624487388253e-05,-6.57616545227481e-06,-5.40132228947712e-05,7.37963410189372e-05,3.47167906860514e-05,0.000166158565600035,1.673906631928942,1.666840697021443,0.002785280026569502,1.8382826406604489,-0.0021657295117077486,1.4566900416263941
17.082,0.0,0.0,-0.000103150972639791,7.73722223335882e-05,-3.41099531520434e-05,7.25887145632352e-05,-4.43538344935559e-07,-5.48455064861079e-05,6.990334558404761e-05,3.57303139153161e-05,0.000162485083208138,1.673906631928942,1.666840697021443,0.002785280026569502,1.8382826406604489,-0.0021657295117077486,1.4566900416263941
17.102,0.0,0.0,-0.00011752439168616299,9.207184684820942e-05,-3.7797026474593606e-05,7.532922481173101e-05,5.53589844165468e-06,-5.61691108496052e-05,6.67781229765219e-05,3.74518729124021e-05,0.000158805319063854,1.673906631928942,1.666840697021443,0.002785280026569502,1.8382826406604489,-0.0021657295117077486,1.4566900416263941
17.122,0.0,0.0,-0.000133501990921515,0.000106620885043431,-4.22916780936256e-05,7.8402332583092e-05,1.12104716706893e-05,-5.79250981591715e-05,6.43223789825463e-05,3.9856255880066294e-05,0.00015509461568334699,1.673906631928942,1.666840697021443,0.002785280026569502,1.8382826406604489,-0.0021657295117077486,1.4566900416263941
17.142,0.0,0.0,-0.00015079688020032902,0.00012091377796763501,-4.75545348897486e-05,8.17837335038075e-05,1.64362430166166e-05,-6.005072038512939e-05,6.24568940440955e-05,4.28956084836144e-05,0.00015133129904925201,1.673906631928942,1.666840697021443,0.002785280026569502,1.8382826406604489,-0.0021657295117077486,1.4566900416263941
17.162,0.0,0.0,-0.00016906219419784199,0.000134845751089918,-5.352876258369871e-05,8.54124589756305e-05,2.10823133232321e-05,-6.248068356764979e-05,6.112226572178499e-05,4.65016159601318e-05,0.000147497849274425,1.673906631928942,1.666840697021443,0.002785280026569502,1.8382826406604489,-0.0021657295117077486,1.4566900416263941
17.182,0.0,0.0,-0.000187905140512131,0.000148313080534479,-6.0142112292144104e-05,8.919866297224459e-05,2.5035659778667e-05,-6.514827585001851e-05,6.02775287517901e-05,5.058877532091379e-05,0.000143581660988306,1.673906631928942,1.666840697021443,0.002785280026569502,1.8382826406604489,-0.0021657295117077486,1.4566900416263941
17.202,0.0,0.0,-0.000206903524897049,0.000161212819710879,-6.73093201907088e-05,9.303281744809379e-05,2.8205546414256898e-05,-6.798620210504351e-05,5.98966306951215e-05,5.50585153446586e-05,0.000139575566000901,1.673906631928942,1.666840697021443,0.002785280026569502,1.8382826406604489,-0.0021657295117077486,1.4566900416263941
17.222,0.0,0.0,-0.000225623697310877,0.000173442976898601,-7.4934728427036e-05,9.679483644216741e-05,3.05267796763395e-05,-7.09270590125135e-05,5.99639405958448e-05,5.98035234902374e-05,0.000135477964331506,1.673906631928942,1.666840697021443,0.002785280026569502,1.8382826406604489,-0.0021657295117077486,1.4566900416263941
17.242,0.0,0.0,-0.000243638591704537,0.000184902529105858,-8.29149571899063e-05,0.000100362405483653,3.19621515720185e-05,-7.39038946540206e-05,6.04691514396181e-05,6.47128009622122e-05,0.000131292688691648,1.673906631928942,1.666840697021443,0.002785280026569502,1.8382826406604489,-0.0021657295117077486,1.4566900416263941
17.262,0.0,0.0,-0.000260544535132973,0.00019549152054511298,-9.11417748874612e-05,0.000103618141174852,3.25035932620865e-05,-7.685054869578191e-05,6.14028101282794e-05,6.96763190603742e-05,0.000127028599735835,1.673906631928942,1.666840697021443,0.002785280026569502,1.8382826406604489,-0.0021657295117077486,1.4566900416263941
17.282,0.0,0.0,-0.000275975737972052,0.000205111727081723,-9.95047345933749e-05,0.000106454650070914,3.21720535852217e-05,-7.97022713478705e-05,6.275227511757011e-05,7.45897992108002e-05,0.000122699027349036,1.673906631928942,1.666840697021443,0.002785280026569502,1.8382826406604489,-0.0021657295117077486,1.4566900416263941
17.302,0.0,0.0,-0.000289615539726641,0.000213667443169701,-0.000107893728225818,0.000108777765413728,3.10164089147486e-05,-8.23962671672379e-05,6.4499531726171e-05,7.9358998377297e-05,0.000118321466288317,1.673906631928942,1.666840697021443,0.002785280026569502,1.8382826406604489,-0.0021657295117077486,1.4566900416263941
17.322,0.0,0.0,-0.00030120417132417903,0.000221066584419473,-0.000116201144772699,0.00011050830891296498,2.91109482707237e-05,-8.48725809239395e-05,6.66198704165654e-05,8.390289798304599e-05,0.00011391681394258,1.673906631928942,1.666840697021443,0.002785280026569502,1.8382826406604489,-0.0021657295117077486,1.4566900416263941
17.342,0.0,0.0,-0.00031054270550883904,0.000227222122360735,-0.000124323706974779,0.000111582514682203,2.65520359414124e-05,-8.70751475850943e-05,6.90822844448493e-05,8.81566251357105e-05,0.00010950928087832601,1.673906631928942,1.666840697021443,0.002785280026569502,1.8382826406604489,-0.0021657295117077486,1.4566900416263941
17.362,0.0,0.0,-0.000317493394638268,0.00023205371527663902,-0.000132164157337032,0.00011195177366221201,2.34540731733757e-05,-8.89529883141926e-05,7.185079276290729e-05,9.20729759201405e-05,0.000105126004146066,1.673906631928942,1.666840697021443,0.002785280026569502,1.8382826406604489,-0.0021657295117077486,1.4566900416263941
17.382,0.0,0.0,-0.000321977247776214,0.00023548962609899502,-0.000139632078109664,0.000111582516340282,1.9944763370275e-05,-9.04616835077993e-05,7.4886564212032e-05,9.56230585323947e-05,0.000100797104609544,1.673906631928942,1.666840697021443,0.002785280026569502,1.8382826406604489,-0.0021657295117077486,1.4566900416263941
17.402,0.0,0.0,-0.00032396903686038997,0.00023746847340705098,-0.00014664470390668102,0.00011045643145483101,1.61600813415049e-05,-9.156485009469721e-05,7.815018510008392e-05,9.879589320920821e-05,9.655567342558991e-05,1.673906631928942,1.666840697021443,0.002785280026569502,1.8382826406604489,-0.0021657295117077486,1.4566900416263941
17.422,0.0,0.0,-0.00032349092796583797,0.00023794116663763197,-0.000153127419750542,0.00010857125185035699,1.22395881818985e-05,-9.22357222507457e-05,8.16038427183059e-05,0.000101597140584563,9.24378852202365e-05,1.673906631928942,1.666840697021443,0.002785280026569502,1.8382826406604489,-0.0021657295117077486,1.4566900416263941
17.442,0.0,0.0,-0.00032060507539665296,0.000236872638241077,-0.000159013523070814,0.000105942481669726,8.32137516670204e-06,-9.24585497760678e-05,8.52128456930704e-05,0.000104046837849768,8.84829142526412e-05,1.673906631928942,1.666840697021443,0.002785280026569502,1.8382826406604489,-0.0021657295117077486,1.4566900416263941
17.462,0.0,0.0,-0.000315406088421063,0.00023424335266128302,-0.000164244288424057,0.000102605295912688,4.537783331386509e-06,-9.2229920606943e-05,8.8946552638403e-05,0.000106176587898979,8.47331096276861e-05,1.673906631928942,1.666840697021443,0.002785280026569502,1.8382826406604489,-0.0021657295117077486,1.4566900416263941
17.482,0.0,0.0,-0.000308013843625024,0.000230050618181377,-0.000168768712884768,9.861629326521991e-05,1.01179842778388e-06,-9.155962677944541e-05,9.2777888226682e-05,0.000108026090664073,8.12333202506021e-05,1.673906631928942,1.666840697021443,0.002785280026569502,1.8382826406604489,-0.0021657295117077486,1.4566900416263941
17.502,0.0,0.0,-0.000298566634183283,0.000224309541432635,-0.000172543002133862,9.40545933612243e-05,-2.14605728212078e-06,-9.04713006995021e-05,9.66825326351774e-05,0.000109639291532942,7.80306311706207e-05,1.673906631928942,1.666840697021443,0.002785280026569502,1.8382826406604489,-0.0021657295117077486,1.4566900416263941
17.522,0.0,0.0,-0.000287215324034642,0.000217053606144199,-0.000175530409095912,8.9021314979387e-05,-4.84014703174262e-06,-8.900231356205921e-05,0.000100636950683547,0.00011106031752498799,7.51733583679755e-05,1.673906631928942,1.666840697021443,0.002785280026569502,1.8382826406604489,-0.0021657295117077486,1.4566900416263941
17.542,0.0,0.0,-0.00027411827012735696,0.000208335094987258,-0.000177701179203875,8.363696420982671e-05,-6.99106804483161e-06,-8.72033512648708e-05,0.000104616076055723,0.00011232959177756799,7.2709937462877e-05,1.673906631928942,1.666840697021443,0.002785280026569502,1.8382826406604489,-0.0021657295117077486,1.4566900416263941
17.562,0.0,0.0,-0.000259437165387081,0.00019822492010413702,-0.00017903222425003,7.803633695932959e-05,-8.53636113184584e-06,-8.513720468716179e-05,0.000108591159671566,0.000113479786167027,7.068741739156121e-05,1.673906631928942,1.666840697021443,0.002785280026569502,1.8382826406604489,-0.0021657295117077486,1.4566900416263941
17.582,0.0,0.0,-0.000243333620169225,0.000186812198026296,-0.00017950759365156798,7.236119219777092e-05,-9.43074696630677e-06,-8.287699493019591e-05,0.00011252781497231,0.000114532342561631,6.915008559402671e-05,1.673906631928942,1.666840697021443,0.002785280026569502,1.8382826406604489,-0.0021657295117077486,1.4566900416263941
17.602,0.0,0.0,-0.000225966711688015,0.000174203686431521,-0.000179118630648796,6.675056348569151e-05,-9.645570966946401e-06,-8.05039703455209e-05,0.000116384881373571,0.00011549450086790801,6.81377949154589e-05,1.673906631928942,1.666840697021443,0.002785280026569502,1.8382826406604489,-0.0021657295117077486,1.4566900416263941
17.622,0.0,0.0,-0.000207491341256681,0.000160522532229881,-0.000177864553866349,6.132993615727359e-05,-9.16788293657546e-06,-7.81045764016825e-05,0.000120114647564973,0.00011635708214381001,6.76845338716315e-05,1.673906631928942,1.666840697021443,0.002785280026569502,1.8382826406604489,-0.0021657295117077486,1.4566900416263941
17.642,0.0,0.0,-0.000188057483290253,0.000145907063310855,-0.000175753119572413,5.62002849372391e-05,-7.999195313942709e-06,-7.57672696326415e-05,0.000123664189826715,0.00011709293490062,6.78172861408739e-05,1.673906631928942,1.666840697021443,0.002785280026569502,1.8382826406604489,-0.0021657295117077486,1.4566900416263941
17.662,0.0,0.0,-0.00016781028782400902,0.00013050909942322902,-0.00017280133794073,5.1428127116899e-05,-6.15425547424589e-06,-7.35792185695855e-05,0.000126978009311012,0.00011765665562586101,6.85550342637665e-05,1.673906631928942,1.666840697021443,0.002785280026569502,1.8382826406604489,-0.0021657295117077486,1.4566900416263941
17.682,0.0,0.0,-0.000146891361650912,0.00011449220201659899,-0.000169036116499302,4.703800535055539e-05,-3.6595145203968803e-06,-7.16226189100643e-05,0.00013000196168873798,0.00011798511960548799,6.99083127427703e-05,1.673906631928942,1.666840697021443,0.002785280026569502,1.8382826406604489,-0.0021657295117077486,1.4566900416263941
17.702,0.0,0.0,-0.000125440757388606,9.802916590074749e-05,-0.000164495068724187,4.30086461248822e-05,-5.51974883057743e-07,-6.99711677467193e-05,0.000132688007687607,0.000117999254971676,7.18792834191684e-05,1.673906631928942,1.666840697021443,0.002785280026569502,1.8382826406604489,-0.0021657295117077486,1.4566900416263941
17.722,0.0,0.0,-0.00010359986709052801,8.13001664023658e-05,-0.000159226658789641,3.9273268569266e-05,3.12193415901259e-06,-6.86869672281698e-05,0.000134999230102277,0.000117606806862724,7.44622687503895e-05,1.673906631928942,1.666840697021443,0.002785280026569502,1.8382826406604489,-0.0021657295117077486,1.4566900416263941
17.742,0.0,0.0,-8.15152509228738e-05,6.44898254496443e-05,-0.000153290859532432,3.57243061307288e-05,7.30719374873621e-06,-6.78175790997049e-05,0.00013691474976357802,0.00011670610180636299,7.76446538709494e-05,1.673906631928942,1.666840697021443,0.002785280026569502,1.8382826406604489,-0.0021657295117077486,1.4566900416263941
17.762,0.0,0.0,-5.93426189191448e-05,4.77846650691386e-05,-0.000146758799120259,3.22227119892358e-05,1.1940963633634599e-05,-6.739353839356191e-05,0.000138434069543396,0.00011519041055484499,8.14081703384601e-05,1.673906631928942,1.666840697021443,0.002785280026569502,1.8382826406604489,-0.0021657295117077486,1.4566900416263941
17.782,0.0,0.0,-3.7250942638380605e-05,3.1370358951676e-05,-0.000139712493722972,2.8610200284924498e-05,1.6952858446567598e-05,-6.742677877973111e-05,0.000139580163546038,0.000112953006120978,8.57304953858941e-05,1.673906631928942,1.666840697021443,0.002785280026569502,1.8382826406604489,-0.0021657295117077486,1.4566900416263941
17.802,0.0,0.0,-1.5426061412888e-05,1.54289980338639e-05,-0.000132244142260248,2.47235658523416e-05,2.2265387269915803e-05,-6.790959480987211e-05,0.00014040128525741102,0.000109892339951302,9.058667420330609e-05,1.673906631928942,1.666840697021443,0.002785280026569502,1.8382826406604489,-0.0021657295117077486,1.4566900416263941
17.822,0.0,0.0,5.9267402834652295e-06,1.36095790435452e-07,-0.000124455102571365,2.04097492283046e-05,2.7794453230372302e-05,-6.88143315036428e-05,0.000140971204871363,0.00010591725871730899,9.59507012088251e-05,1.673906631928942,1.666840697021443,0.002785280026569502,1.8382826406604489,-0.0021657295117077486,1.4566900416263941
17.842,0.0,0.0,2.6581873786030498e-05,-1.43418449648053e-05,-0.000116454280864349,1.55392473263392e-05,3.34496759519961e-05,-7.009407013657139e-05,0.000141387706244107,0.000100951667553944,0.00010179685520549301,1.673906631928942,1.666840697021443,0.002785280026569502,1.8382826406604489,-0.0021657295117077486,1.4566900416263941
17.862,0.0,0.0,4.6294907228082895e-05,-2.78499956318222e-05,-0.000108356739139733,1.00171075979502e-05,3.91354653506432e-05,-7.168401091070992e-05,0.000141769820869351,9.493870185184879e-05,0.000108100288967276,1.673906631928942,1.666840697021443,0.002785280026569502,1.8382826406604489,-0.0021657295117077486,1.4566900416263941
17.882,0.0,0.0,6.48062098309457e-05,-4.02476160880914e-05,-0.00010028173190909,3.790364301228e-06,4.4752024610551296e-05,-7.350339682097859e-05,0.00014225363441677701,8.7844002553251e-05,0.00011483756467884199,1.673906631928942,1.666840697021443,0.002785280026569502,1.8382826406604489,-0.0021657295117077486,1.4566900416263941
17.902,0.0,0.0,8.18478861230604e-05,-5.14101636892155e-05,-9.23505824706871e-05,-3.14928545168914e-06,5.01970425735481e-05,-7.54583801559027e-05,0.000142987101310305,7.96578379995104e-05,0.000121986549349577,1.673906631928942,1.666840697021443,0.002785280026569502,1.8382826406604489,-0.0021657295117077486,1.4566900416263941
17.922,0.0,0.0,9.71529258617427e-05,-6.12311941214407e-05,-8.468472579380859e-05,-1.0766743027209101e-05,5.536789363618729e-05,-7.74452375447925e-05,0.000144124138656681,7.039628296921508e-05,0.000129525326726205,1.673906631928942,1.666840697021443,0.002785280026569502,1.8382826406604489,-0.0021657295117077486,1.4566900416263941
17.942,0.0,0.0,0.00011046674031860901,-6.962415306007641e-05,-7.74034498178438e-05,-1.8988683866248398e-05,6.016406077815021e-05,-7.93539448929499e-05,0.00014581808354243998,6.01010941878048e-05,0.00013743124185748898,1.673906631928942,1.666840697021443,0.002785280026569502,1.8382826406604489,-0.0021657295117077486,1.4566900416263941
17.962,0.0,0.0,0.00012155983000278401,-7.652372260573249e-05,-7.062169086637371e-05,-2.7712046996665198e-05,6.4489912049671e-05,-8.10720144605092e-05,0.000148214971614343,4.88386793630526e-05,0.00014567922319351698,1.673906631928942,1.666840697021443,0.002785280026569502,1.8382826406604489,-0.0021657295117077486,1.4566900416263941
17.982,0.0,0.0,0.000130241215256978,-8.188700416535079e-05,-6.44480426018885e-05,-3.68139539970318e-05,6.82576936422547e-05,-8.24885805532248e-05,0.00015144648598781798,3.66981440420556e-05,0.000154239552935792,1.673906631928942,1.666840697021443,0.002785280026569502,1.8382826406604489,-0.0021657295117077486,1.4566900416263941
18.002,0.0,0.0,0.000136370818997296,-8.56944208324766e-05,-5.89824681731049e-05,-4.61626244376777e-05,7.13904859118149e-05,-8.34981425650043e-05,0.000155623261207644,2.3788380428168696e-05,0.000163076109649805,1.673906631928942,1.666840697021443,0.002785280026569502,1.8382826406604489,-0.0021657295117077486,1.4566900416263941
18.022,0.0,0.0,0.000139870050783941,-8.79500576109435e-05,-5.43145404337051e-05,-5.5627598969197606e-05,7.382458209287209e-05,-8.400438165140429e-05,0.000160828357973939,1.02348388142768e-05,0.000172144458792631,1.673906631928942,1.666840697021443,0.002785280026569502,1.8382826406604489,-0.0021657295117077486,1.4566900416263941
18.042,0.0,0.0,0.000140729591292358,-8.868185518839541e-05,-5.0521506776117496e-05,-6.5088506272261e-05,7.5511870385053e-05,-8.39235123307879e-05,0.000167111311492572,-3.82408425244816e-06,0.000181390155639375,1.673906631928942,1.666840697021443,0.002785280026569502,1.8382826406604489,-0.0021657295117077486,1.4566900416263941
18.062,0.0,0.0,0.00013901327748103701,-8.79411038333277e-05,-4.7666483511656705e-05,-7.444159996664241e-05,7.64211465822726e-05,-8.3187260684879e-05,0.000174483380426913,-1.8241114460441e-05,0.000190747664272933,1.673906631928942,1.666840697021443,0.002785280026569502,1.8382826406604489,-0.0021657295117077486,1.4566900416263941
18.082,0.0,0.0,0.000134857851546288,-8.58012673086045e-05,-4.5797036292363106e-05,-8.36037856066275e-05,7.65388532783655e-05,-8.1745328653186e-05,0.000182914035643699,-3.28639265130319e-05,0.00020014031220552,1.673906631928942,1.666840697021443,0.002785280026569502,1.8382826406604489,-0.0021657295117077486,1.4566900416263941
18.102,0.0,0.0,0.000128468444253713,-8.235641849211859e-05,-4.4943742864633204e-05,-9.251355720468571e-05,7.58689666444375e-05,-7.95673846234409e-05,0.000192329513867253,-4.75389353131516e-05,0.000209480352701513,1.673906631928942,1.666840697021443,0.002785280026569502,1.8382826406604489,-0.0021657295117077486,1.4566900416263941
18.122,0.0,0.0,0.00012010996339058998,-7.771884681587159e-05,-4.51191099739613e-05,-0.000101129671240262,7.44320852671791e-05,-7.66443775529701e-05,0.000202613511788994,-6.21152071730885e-05,0.00021867051318203,1.673906631928942,1.666840697021443,0.002785280026569502,1.8382826406604489,-0.0021657295117077486,1.4566900416263941
18.142,0.0,0.0,0.00011009489433707901,-7.2015818999755e-05,-4.631678216852271e-05,-0.000109427349051742,7.22637013196747e-05,-7.29892201891943e-05,0.000213610801598222,-7.64477977001572e-05,0.00022760617202191097,1.673906631928942,1.666840697021443,0.002785280026569502,1.8382826406604489,-0.0021657295117077486,1.4566900416263941
18.162,0.0,0.0,9.87686620868831e-05,-6.53859465620795e-05,-4.85112825226424e-05,-0.000117392730404031,6.94120043240613e-05,-6.86368411185295e-05,0.000225133460318229,-9.04008940919029e-05,0.000236178164242906,1.673906631928942,1.666840697021443,0.002785280026569502,1.8382826406604489,-0.0021657295117077486,1.4566900416263941
18.182,0.0,0.0,8.649351083927149e-05,-5.7974917013117104e-05,-5.16579988808055e-05,-0.00012501665435991102,6.59353329004241e-05,-6.3643654688642e-05,0.000236969824725977,-0.000103850832880901,0.000244276161304136,1.673906631928942,1.666840697021443,0.002785280026569502,1.8382826406604489,-0.0021657295117077486,1.4566900416263941
18.202,0.0,0.0,7.3631905133764e-05,-4.9930813744539e-05,-5.569376219531071e-05,-0.000132287974804851,6.1899236914335e-05,-5.80863338553844e-05,0.000248895987842492,-0.00011668849936661398,0.00025179286916904303,1.673906631928942,1.666840697021443,0.002785280026569502,1.8382826406604489,-0.0021657295117077486,1.4566900416263941
18.222,0.0,0.0,6.05309200791548e-05,-4.13993882643194e-05,-6.0538262931810705e-05,-0.000139187101587495,5.7373940336330504e-05,-5.20601315141765e-05,0.000260688739621477,-0.000128821220352958,0.000258627896025737,1.673906631928942,1.666840697021443,0.002785280026569502,1.8382826406604489,-0.0021657295117077486,1.4566900416263941
18.242,0.0,0.0,4.75083974837257e-05,-3.2519407136346505e-05,-6.609561032982479e-05,-0.00014568103308198002,5.2431875483129704e-05,-4.5676501913634496e-05,0.00027213913253551296,-0.00014017438800396,0.00026469179715107996,1.673906631928942,1.666840697021443,0.002785280026569502,1.8382826406604489,-0.0021657295117077486,1.4566900416263941
18.262,0.0,0.0,3.4842049310619704e-05,-2.3418364529006798e-05,-7.225678501406651e-05,-0.000151719644635611,4.71457143828971e-05,-3.906057445378e-05,0.000283065677124384,-0.00015069227200613302,0.00026990990993684,1.673906631928942,1.666840697021443,0.002785280026569502,1.8382826406604489,-0.0021657295117077486,1.4566900416263941
18.282,0.0,0.0,2.27613997730891e-05,-1.4208886794778501e-05,-7.89025687294654e-05,-0.00015723362098141001,4.15869208154396e-05,-3.23478471575152e-05,0.000293325762084199,-0.000160338248826686,0.000274225537240063,1.673906631928942,1.666840697021443,0.002785280026569502,1.8382826406604489,-0.0021657295117077486,1.4566900416263941
18.302,0.0,0.0,1.14433061681349e-05,-4.98588027403783e-06,-8.59069309845989e-05,-0.000162134624208619,3.58250490509072e-05,-2.56810975706915e-05,0.00030282426820112996,-0.000169094274041905,0.00027760245515662404,1.673906631928942,1.666840697021443,0.002785280026569502,1.8382826406604489,-0.0021657295117077486,1.4566900416263941
18.322,0.0,0.0,1.01101049606674e-06,4.17504073016365e-06,-9.3140635169102e-05,-0.000166317545627791,2.9927469692208802e-05,-1.92065160590096e-05,0.00031151833531740096,-0.000176959873802828,0.000280026533055319,1.673906631928942,1.666840697021443,0.002785280026569502,1.8382826406604489,-0.0021657295117077486,1.4566900416263941
18.342,0.0,0.0,-8.46459494429276e-06,1.32183734232411e-05,-0.000100475247584885,-0.00016966418061975,2.3959615927876602e-05,-1.30703414918074e-05,0.000319417982637008,-0.000183950097812423,0.000281506434482652,1.673906631928942,1.666840697021443,0.002785280026569502,1.8382826406604489,-0.0021657295117077486,1.4566900416263941
18.362,0.0,0.0,-1.6960994042798097e-05,2.210809649691e-05,-0.00010778696431429599,-0.00017204879324044298,1.79857729180755e-05,-7.41501085403768e-06,0.000326582276617835,-0.00019009318444884298,0.00028207337191237,1.673906631928942,1.666840697021443,0.002785280026569502,1.8382826406604489,-0.0021657295117077486,1.4566900416263941
18.382,0.0,0.0,-2.4498595373572198e-05,3.0826091369804103e-05,-0.000114960407963227,-0.000173344916987054,1.2069811746022999e-05,-2.3755549202499803e-06,0.000333111267127195,-0.000195427592200852,0.000281779850407648,1.673906631928942,1.666840697021443,0.002785280026569502,1.8382826406604489,-0.0021657295117077486,1.4566900416263941
18.402,0.0,0.0,-3.1134800651156604e-05,3.93698430308914e-05,-0.00012189179534462,-0.00017343291903942098,6.276173918532611e-06,1.92344562429623e-06,0.000339134510162812,-0.000199998652057449,0.000280697513774061,1.673906631928942,1.666840697021443,0.002785280026569502,1.8382826406604489,-0.0021657295117077486,1.4566900416263941
18.422,0.0,0.0,-3.69578791300645e-05,4.77489684944674e-05,-0.00012849196053786499,-0.000172207704434586,6.705042269795221e-07,5.37127961110336e-06,0.00034479725381592204,-0.000203855215000368,0.000278914543926373,1.673906631928942,1.666840697021443,0.002785280026569502,1.8382826406604489,-0.0021657295117077486,1.4566900416263941
18.442,0.0,0.0,-4.20809329952694e-05,5.5981851246631606e-05,-0.000134688362392742,-0.000169586715334942,-4.67997853250585e-06,7.873596423523171e-06,0.00035024507426437796,-0.00020704615277698899,0.000276531943726305,1.673906631928942,1.666840697021443,0.002785280026569502,1.8382826406604489,-0.0021657295117077486,1.4566900416263941
18.462,0.0,0.0,-4.66370517657924e-05,6.40916658644713e-05,-0.000140426332865693,-0.000165516950590437,-9.706588843383201e-06,9.354508543542101e-06,0.00035560879554015,-0.000209617248186857,0.000273659928951897,1.673906631928942,1.666840697021443,0.002785280026569502,1.8382826406604489,-0.0021657295117077486,1.4566900416263941
18.482,0.0,0.0,-5.07749692492429e-05,7.21025018618101e-05,-0.00014566973643935,-0.000159980995050021,-1.4339985898575699e-05,9.75843332144477e-06,0.000360990698359318,-0.000211608292426235,0.000270413883133403,1.673906631928942,1.666840697021443,0.002785280026569502,1.8382826406604489,-0.0021657295117077486,1.4566900416263941
18.502,0.0,0.0,-5.46555249382483e-05,8.003601187184258e-05,-0.000150400685319524,-0.000153001606073139,-1.85113943033324e-05,9.05125400649965e-06,0.000366453232826316,-0.000213051044449311,0.000266910165013354,1.673906631928942,1.666840697021443,0.002785280026569502,1.8382826406604489,-0.0021657295117077486,1.4566900416263941
18.522,0.0,0.0,-5.8448539938624e-05,8.790824481461709e-05,-0.00015461815234925,-0.00014464445892741,-2.2154612340150697e-05,7.220640388287421e-06,0.000372011075316833,-0.000213967635225841,0.000263262240257031,1.673906631928942,1.666840697021443,0.002785280026569502,1.8382826406604489,-0.0021657295117077486,1.4566900416263941
18.542,0.0,0.0,-6.23299024747391e-05,9.57270634256713e-05,-0.000158336365769846,-0.000135018583371532,-2.52083827062742e-05,4.2762620056461e-06,0.000377627348200801,-0.000214369728491534,0.00025957692588277596,1.673906631928942,1.666840697021443,0.002785280026569502,1.8382826406604489,-0.0021657295117077486,1.4566900416263941
18.562,0.0,0.0,-6.64781217400903e-05,0.000103490443783211,-0.000161582432357818,-0.000124274730661315,-2.7619024271778497e-05,2.4904333372499104e-07,0.000383214231438144,-0.000214258624834184,0.000255951171346968,1.673906631928942,1.666840697021443,0.002785280026569502,1.8382826406604489,-0.0021657295117077486,1.4566900416263941
18.582,0.0,0.0,-7.10700779164607e-05,0.00011118528548290201,-0.00016439331430895601,-0.00011260115466188702,-2.9343389283024605e-05,-4.809810456351181e-06,0.000388637643742127,-0.000213625880418,0.000252469138756946,1.673906631928942,1.666840697021443,0.002785280026569502,1.8382826406604489,-0.0021657295117077486,1.4566900416263941
18.602,0.0,0.0,-7.627574931531429e-05,0.00011878698662432199,-0.00016681277619619699,-0.00010021745219919,-3.03516977865085e-05,-1.08305758092324e-05,0.000393725904049982,-0.000212454739903751,0.00024920003015387596,1.673906631928942,1.666840697021443,0.002785280026569502,1.8382826406604489,-0.0021657295117077486,1.4566900416263941
18.622,0.0,0.0,-8.22514214320542e-05,0.000126259387613769,-0.00016888833612852,-8.73661168083912e-05,-3.06298052278281e-05,-1.77267473209683e-05,0.000398281257873645,-0.000210721905670961,0.000246196208030158,1.673906631928942,1.666840697021443,0.002785280026569502,1.8382826406604489,-0.0021657295117077486,1.4566900416263941
18.642,0.0,0.0,-8.91317538228432e-05,0.00013355579277633302,-0.00017066779940399,-7.43028142965828e-05,-3.0181591119322498e-05,-2.53973904278723e-05,0.000402093493580421,-0.000208399796303215,0.00024349232950919398,1.673906631928942,1.666840697021443,0.002785280026569502,1.8382826406604489,-0.0021657295117077486,1.4566900416263941
18.662,0.0,0.0,-9.702065883135791e-05,0.000140619945991569,-0.000172196400996488,-6.128571858962989e-05,-2.90299965025367e-05,-3.37297552556843e-05,0.000404954177679891,-0.000205459015088478,0.000241104549491742,1.673906631928942,1.666840697021443,0.002785280026569502,1.8382826406604489,-0.0021657295117077486,1.4566900416263941
18.682,0.0,0.0,-0.000105981804335328,0.000147387758170176,-0.000173514117100937,-4.85647007158407e-05,-2.72177298656628e-05,-4.2601794791779104e-05,0.00040667060367135496,-0.00020187071083765,0.000239030814661186,1.673906631928942,1.666840697021443,0.002785280026569502,1.8382826406604489,-0.0021657295117077486,1.4566900416263941
18.702,0.0,0.0,-0.00011602926398329499,0.000153789087591793,-0.000174653402846145,-3.63709118101677e-05,-2.48069901107263e-05,-5.18850157254417e-05,0.00040707783784773503,-0.000197609029399167,0.00023725146102620897,1.673906631928942,1.666840697021443,0.002785280026569502,1.8382826406604489,-0.0021657295117077486,1.4566900416263941
18.722,0.0,0.0,-0.00012711927229236598,0.000159750133094174,-0.000175637161692014,-2.49081306162668e-05,-2.18782596205631e-05,-6.14473542394645e-05,0.00040604830825824104,-0.00019265330817116202,0.00023573022522123998,1.673906631928942,1.666840697021443,0.002785280026569502,1.8382826406604489,-0.0021657295117077486,1.4566900416263941
18.742,0.0,0.0,-0.00013914408225518,0.000165195547109437,-0.000176477601250747,-1.43456806399186e-05,-1.8528217015598498e-05,-7.115588200362791e-05,0.00040349818084854503,-0.00018698987997723998,0.000234416160879536,1.673906631928942,1.666840697021443,0.002785280026569502,1.8382826406604489,-0.0021657295117077486,1.4566900416263941
18.762,0.0,0.0,-0.000151928850454447,0.00017005083930186898,-0.000177175477353202,-4.81399491363135e-06,-1.48670828074904e-05,-8.08793166980726e-05,0.000399389952146497,-0.000180613545224135,0.00023324552976152998,1.673906631928942,1.666840697021443,0.002785280026569502,1.8382826406604489,-0.0021657295117077486,1.4566900416263941
18.782,0.0,0.0,-0.00016523181926130702,0.000174244887336397,-0.000177719752537041,3.59722027034675e-06,-1.10151553736709e-05,-9.04909354605303e-05,0.000393732296218306,-0.000173528745990362,0.00023214439713932202,1.673906631928942,1.666840697021443,0.002785280026569502,1.8382826406604489,-0.0021657295117077486,1.4566900416263941
18.802,0.0,0.0,-0.000178748996705724,0.00017771209089215,-0.000178087982223736,1.0838233554674199e-05,-7.0988555058617906e-06,-9.987038421876701e-05,0.00038657661264442,-0.000165750231332172,0.000231031529539873,1.673906631928942,1.666840697021443,0.002785280026569502,1.8382826406604489,-0.0021657295117077486,1.4566900416263941
18.822,0.0,0.0,-0.000192122564005838,0.00018039441345501898,-0.00017824708815023302,1.6896450000793202e-05,-3.2468130394801702e-06,-0.000108906208019245,0.000378011992068322,-0.000157303158099771,0.000229821349954242,1.673906631928942,1.666840697021443,0.002785280026569502,1.8382826406604489,-0.0021657295117077486,1.4566900416263941
18.842,0.0,0.0,-0.000204953157647625,0.00018224322422056598,-0.00017815468677524098,2.17916611007002e-05,4.1446885192678204e-07,-0.00011749732171438201,0.000368159244920099,-0.000148223144969518,0.00022842738540629102,1.673906631928942,1.666840697021443,0.002785280026569502,1.8382826406604489,-0.0021657295117077486,1.4566900416263941
18.862,0.0,0.0,-0.00021681545229648602,0.000183220968431,-0.00017776054717353002,2.55704570196206e-05,3.76482220761344e-06,-0.000125554633355581,0.000357164706091216,-0.000138555807126078,0.000226765478098244,1.673906631928942,1.666840697021443,0.002785280026569502,1.8382826406604489,-0.0021657295117077486,1.4566900416263941
18.882,0.0,0.0,-0.00022727570296791802,0.000183301794371203,-0.000177008715119077,2.8300134394606897e-05,6.69408792648041e-06,-0.000133002165919791,0.000345195106918216,-0.000128355730853131,0.00022475708711547203,1.673906631928942,1.666840697021443,0.002785280026569502,1.8382826406604489,-0.0021657295117077486,1.4566900416263941
18.902,0.0,0.0,-0.000235910561351823,0.000182472590719948,-0.000175839620916729,3.00631640759917e-05,9.10541164576666e-06,-0.000139777859486603,0.000332433220552722,-0.000117685728126844,0.000222332488176999,1.673906631928942,1.666840697021443,0.002785280026569502,1.8382826406604489,-0.0021657295117077486,1.4566900416263941
18.922,0.0,0.0,-0.000242325857316531,0.00018073333927577,-0.000174192523457344,3.09521522042628e-05,1.09183003657675e-05,-0.00014583393932735,0.00031907498380783,-0.000106615487594183,0.000219433668019313,1.673906631928942,1.666840697021443,0.002785280026569502,1.8382826406604489,-0.0021657295117077486,1.4566900416263941
18.942,0.0,0.0,-0.000246173946480362,0.00017809657105370802,-0.000172007909936428,3.10662484418742e-05,1.2070541632403699e-05,-0.000151137058253662,0.000305327652776804,-9.5220091543576e-05,0.000216016778818917,1.673906631928942,1.666840697021443,0.002785280026569502,1.8382826406604489,-0.0021657295117077486,1.4566900416263941
18.962,0.0,0.0,-0.00024716947767734,0.000174587339635844,-0.000169230053557476,3.05085374555388e-05,1.2519646685166302e-05,-0.000155668116565649,0.000291407908905469,-8.35785590927188e-05,0.000212054182088774,1.673906631928942,1.666840697021443,0.002785280026569502,1.8382826406604489,-0.0021657295117077486,1.4566900416263941
18.982,0.0,0.0,-0.000245101789730936,0.000170242454381055,-0.00016580945091245,2.93848186943463e-05,1.22436765446885e-05,-0.000159421503431019,0.000277540220226044,-7.177241743284971e-05,0.00020753613235332098,1.673906631928942,1.666840697021443,0.002785280026569502,1.8382826406604489,-0.0021657295117077486,1.4566900416263941
19.002,0.0,0.0,-0.00023984406684514903,0.000165109281084353,-0.00016170496923259399,2.78030319118168e-05,1.1241165168169199e-05,-0.000162404323889279,0.00026395376086846,-5.9884063220970496e-05,0.000202471479445067,1.673906631928942,1.666840697021443,0.002785280026569502,1.8382826406604489,-0.0021657295117077486,1.4566900416263941
19.022,0.0,0.0,-0.000231358877664567,0.00015924493092516398,-0.00015688603816708,2.58732933787046e-05,9.530365744080389e-06,-0.000164635375077002,0.000250877828985927,-4.79951154023465e-05,0.000196888075722993,1.673906631928942,1.666840697021443,0.002785280026569502,1.8382826406604489,-0.0021657295117077486,1.4566900416263941
19.042,0.0,0.0,-0.000219699580956444,0.000152714977104317,-0.000151334289371693,2.3707982539802e-05,7.14826907078833e-06,-0.000166143623342474,0.00023853564096273398,-3.6185286389978295e-05,0.000190832371144361,1.673906631928942,1.666840697021443,0.002785280026569502,1.8382826406604489,-0.0021657295117077486,1.4566900416263941
19.062,0.0,0.0,-0.000205008072446146,0.000145592094467783,-0.000145045022512374,2.14214146479386e-05,4.14880819479704e-06,-0.000166966849411642,0.00022713617799729,-2.4531005219530604e-05,0.000184368454371109,1.673906631928942,1.666840697021443,0.002785280026569502,1.8382826406604489,-0.0021657295117077486,1.4566900416263941
19.082,0.0,0.0,-0.000187509022988216,0.000137954732186276,-0.00013802816382083702,1.91288440370747e-05,6.00809895113754e-07,-0.000167150122960058,0.00021686484308544698,-1.31043391224336e-05,0.000177576433516117,1.673906631928942,1.666840697021443,0.002785280026569502,1.8382826406604489,-0.0021657295117077486,1.4566900416263941
19.102,0.0,0.0,-0.000167500481082907,0.000129885711644608,-0.00013030879269972198,1.69447767571941e-05,-3.41424076309745e-06,-0.000166744036864227,0.000207873553409115,-1.97235317367464e-06,0.000170550292669148,1.673906631928942,1.666840697021443,0.002785280026569502,1.8382826406604489,-0.0021657295117077486,1.4566900416263941
19.122,0.0,0.0,-0.000145342409195888,0.000121470710448055,-0.000121927305629222,1.49801647353319e-05,-7.804579952990739e-06,-0.000165803207378749,0.000200271402862932,8.80356034405469e-06,0.000163395442704138,1.673906631928942,1.666840697021443,0.002785280026569502,1.8382826406604489,-0.0021657295117077486,1.4566900416263941
19.142,0.0,0.0,-0.000121442437914126,0.00011279654353803998,-0.00011293890768869,1.3338813134520401e-05,-1.24709468994173e-05,-0.00016438466801023302,0.00019411650449631499,1.9167595765319298e-05,0.000156225609917506,1.673906631928942,1.666840697021443,0.002785280026569502,1.8382826406604489,-0.0021657295117077486,1.4566900416263941
19.162,0.0,0.0,-9.624066098698741e-05,0.000103949574144028,-0.00010341269398361601,1.21132222038393e-05,-1.73090706822698e-05,-0.0001625462977875,0.000189410745394621,2.9069497235894703e-05,0.000149159860134243,1.673906631928942,1.666840697021443,0.002785280026569502,1.8382826406604489,-0.0021657295117077486,1.4566900416263941
19.182,0.0,0.0,-7.01938745211195e-05,9.50138008588689e-05,-9.34304511090828e-05,1.13801699476515e-05,-2.22121399071826e-05,-0.000160345494782271,0.000186097484701861,3.8464132900245296e-05,0.00014231922443080602,1.673906631928942,1.666840697021443,0.002785280026569502,1.8382826406604489,-0.0021657295117077486,1.4566900416263941
19.202,0.0,0.0,-4.3759917171595e-05,8.60688899772153e-05,-8.30846202011364e-05,1.11960354377669e-05,-2.70736719038823e-05,-0.000157837763010756,0.000184063010281628,4.73105566724341e-05,0.000135823317431844,1.673906631928942,1.666840697021443,0.002785280026569502,1.8382826406604489,-0.0021657295117077486,1.4566900416263941
19.222,0.0,0.0,-1.7383155195418e-05,7.71882912729613e-05,-7.24763495869973e-05,1.1592789837141901e-05,-3.1789635241096504e-05,-0.000155075600397805,0.000183142277486084,5.55711794687761e-05,0.000129787143291035,1.673906631928942,1.666840697021443,0.002785280026569502,1.8382826406604489,-0.0021657295117077486,1.4566900416263941
19.242,0.0,0.0,8.51785529814012e-06,6.84373288643698e-05,-6.17129536466281e-05,1.25746623873584e-05,-3.6261115327962394e-05,-0.00015210732474102,0.00018312804378346498,6.321063631917231e-05,0.00012431811896181002,1.673906631928942,1.666840697021443,0.002785280026569502,1.8382826406604489,-0.0021657295117077486,1.4566900416263941
19.262,0.0,0.0,3.3561063953844105e-05,5.9871318781508206e-05,-5.09054316051024e-05,1.4115640989357998e-05,-4.0396359594947e-05,-0.00014897622123468998,0.000183783203833143,7.019480416372579e-05,0.000119513112585647,1.673906631928942,1.666840697021443,0.002785280026569502,1.8382826406604489,-0.0021657295117077486,1.4566900416263941
19.282,0.0,0.0,5.7408431781989e-05,5.15342595282723e-05,-4.01656174365125e-05,1.61586392197245e-05,-4.41129094258617e-05,-0.00014571975062598,0.000184855227701447,7.64899304294897e-05,0.00011545618113533201,1.673906631928942,1.666840697021443,0.002785280026569502,1.8382826406604489,-0.0021657295117077486,1.4566900416263941
19.302,0.0,0.0,7.977106005329641e-05,4.3457523108722206e-05,-2.9603579717597302e-05,1.86161798613643e-05,-4.73393915218007e-05,-0.00014236893444846498,0.000186091905759263,8.206196658842529e-05,0.00011221642805051799,1.673906631928942,1.666840697021443,0.002785280026569502,1.8382826406604489,-0.0021657295117077486,1.4566900416263941
19.322,0.0,0.0,0.000100411930410312,3.5659448225738106e-05,-1.93250650774745e-05,2.13727534063575e-05,-5.0017079561909604e-05,-0.00013894788169410802,0.000187256546401698,8.68763264529082e-05,0.000109846572716641,1.673906631928942,1.666840697021443,0.002785280026569502,1.8382826406604489,-0.0021657295117077486,1.4566900416263941
19.342,0.0,0.0,0.00011914636708518201,2.8145167116335804e-05,-9.42904400767003e-06,2.4289295683694198e-05,-5.21010809619049e-05,-0.00013547378578129,0.000188141877734714,9.089815874071129e-05,0.000108381768340349,1.673906631928942,1.666840697021443,0.002785280026569502,1.8382826406604489,-0.0021657295117077486,1.4566900416263941
19.362,0.0,0.0,0.000135841073021613,2.09074390747735e-05,-5.729753621345811e-09,2.72094630841927e-05,-5.35611908339608e-05,-0.00013195666406458202,0.000188581582416506,9.40929026499645e-05,0.000107839291621007,1.673906631928942,1.666840697021443,0.002785280026569502,1.8382826406604489,-0.0021657295117077486,1.4566900416263941
19.382,0.0,0.0,0.000150412177226921,1.3927924953167002e-05,8.86525645071351e-06,2.9967527199749103e-05,-5.43823551568088e-05,-0.000128399854667882,0.000188458364663178,9.64273458315008e-05,0.000108218534681945,1.673906631928942,1.666840697021443,0.002785280026569502,1.8382826406604489,-0.0021657295117077486,1.4566900416263941
19.402,0.0,0.0,0.000162822323942357,7.179369017056531e-06,1.71161851264011e-05,3.23977101301719e-05,-5.4564735718419605e-05,-0.000124800488631753,0.000187707883886232,9.78711492308022e-05,0.00010950166976829201,1.673906631928942,1.666840697021443,0.002785280026569502,1.8382826406604489,-0.0021657295117077486,1.4566900416263941
19.422,0.0,0.0,0.00017307789577183702,6.28110796793579e-07,2.46922813406432e-05,3.43442626490098e-05,-5.41232833586368e-05,-0.000121150027895592,0.00018631929320734198,9.83983720781765e-05,0.00011165474732558898,1.673906631928942,1.666840697021443,0.002785280026569502,1.8382826406604489,-0.0021657295117077486,1.4566900416263941
19.442,0.0,0.0,0.00018122565082950701,-5.76262081875832e-06,3.15520810666695e-05,3.5671390891913704e-05,-5.3087072451536e-05,-0.000117435524847824,0.000184331844620619,9.798919646118659e-05,0.000114629497834748,1.673906631928942,1.666840697021443,0.002785280026569502,1.8382826406604489,-0.0021657295117077486,1.4566900416263941
19.462,0.0,0.0,0.000187349277241611,-1.20294255883137e-05,3.7667686673504e-05,3.62726865331387e-05,-5.1498321165843e-05,-0.00011364048469751201,0.00018182841565584498,9.66317838248558e-05,0.00011836524024151201,1.673906631928942,1.666840697021443,0.002785280026569502,1.8382826406604489,-0.0021657295117077486,1.4566900416263941
19.482,0.0,0.0,0.000191565685039934,-1.8205168711615898e-05,4.3024564065389205e-05,3.6078888260513106e-05,-4.9410960185583505e-05,-0.000109746172236101,0.000178927273003199,9.43234383237478e-05,0.000122791270561753,1.673906631928942,1.666840697021443,0.002785280026569502,1.8382826406604489,-0.0021657295117077486,1.4566900416263941
19.502,0.0,0.0,0.00019402087616043898,-2.4315547011995602e-05,4.7620836675772604e-05,3.506332712338089e-05,-4.68893316683091e-05,-0.000105732917298131,0.000175772455540743,9.107186164756379e-05,0.00012782973794109399,1.673906631928942,1.666840697021443,0.002785280026569502,1.8382826406604489,-0.0021657295117077486,1.4566900416263941
19.522,0.0,0.0,0.00019488481007876398,-3.03761628810675e-05,5.1466680101656705e-05,3.32450125111403e-05,-4.4006452206640005e-05,-0.000101581322228974,0.00017252424989468602,8.68957945664902e-05,0.00013339820367721101,1.673906631928942,1.666840697021443,0.002785280026569502,1.8382826406604489,-0.0021657295117077486,1.4566900416263941
19.542,0.0,0.0,0.000194346078429658,-3.63900648642351e-05,5.458312752870829e-05,3.0688370678113395e-05,-4.0842555322115704e-05,-9.72735698382664e-05,0.000169350423367389,8.182519576529659e-05,0.00013941249560106298,1.673906631928942,1.666840697021443,0.002785280026569502,1.8382826406604489,-0.0021657295117077486,1.4566900416263941
19.562,0.0,0.0,0.000192605784481233,-4.2345934256800796e-05,5.70010428916047e-05,2.75001494303757e-05,-3.7483263967226895e-05,-9.27944904392368e-05,0.000166418855949653,7.59007537023357e-05,0.00014578958940246,1.673906631928942,1.666840697021443,0.002785280026569502,1.8382826406604489,-0.0021657295117077486,1.4566900416263941
19.582,0.0,0.0,0.000189871070774867,-4.8217379257715994e-05,5.87597884619933e-05,2.38238094981874e-05,-3.40180743822502e-05,-8.81326820302859e-05,0.000163891903544423,6.917328070061851e-05,0.00015244999607803302,1.673906631928942,1.666840697021443,0.002785280026569502,1.8382826406604489,-0.0021657295117077486,1.4566900416263941
19.602,0.0,0.0,0.000186348423310176,-5.39628150035824e-05,5.99058499329375e-05,1.9831439609141197e-05,-3.05388851251667e-05,-8.328127920778241e-05,0.00016192236713745802,6.1702451656478e-05,0.000159319813445066,1.673906631928942,1.666840697021443,0.002785280026569502,1.8382826406604489,-0.0021657295117077486,1.4566900416263941
19.622,0.0,0.0,0.00018223768760001102,-5.95266987813411e-05,6.0491441180293e-05,1.5714286086772198e-05,-2.71383252779163e-05,-7.82386492841471e-05,0.000160651371867446,5.35552878891666e-05,0.000166332640380339,1.673906631928942,1.666840697021443,0.002785280026569502,1.8382826406604489,-0.0021657295117077486,1.4566900416263941
19.642,0.0,0.0,0.000177726284359539,-6.48411824381864e-05,6.057329238185289e-05,1.16723089054977e-05,-2.3908470885197898e-05,-7.3008933762369e-05,0.000160207268916684,4.4804487056285704e-05,0.000173430723659263,1.673906631928942,1.666840697021443,0.002785280026569502,1.8382826406604489,-0.0021657295117077486,1.4566900416263941
19.662,0.0,0.0,0.000172984604407387,-6.98288424238719e-05,6.02110714367094e-05,7.903540528912281e-06,-2.09395680566484e-05,-6.76023630398903e-05,0.00016070559404477,3.55266783242974e-05,0.000180565559787687,1.673906631928942,1.666840697021443,0.002785280026569502,1.8382826406604489,-0.0021657295117077486,1.4566900416263941
19.682,0.0,0.0,0.00016816291596206002,-7.440601955233059e-05,5.94661308258537e-05,4.5936624874073506e-06,-1.83184242079249e-05,-6.20353874813689e-05,0.00016224942924351998,2.5800507888640602e-05,0.000187697948142355,1.673906631928942,1.666840697021443,0.002785280026569502,1.8382826406604489,-0.0021657295117077486,1.4566900416263941
19.702,0.0,0.0,0.000163389309685928,-7.848629102931509e-05,5.8400358868693995e-05,1.90661714808134e-06,-1.6127254622064e-05,-5.63309475029802e-05,0.000164929847278193,1.57049605312133e-05,0.000194797537242395,1.673906631928942,1.666840697021443,0.002785280026569502,1.8382826406604489,-0.0021657295117077486,1.4566900416263941
19.722,0.0,0.0,0.00015876897853561798,-8.19844728288639e-05,5.70747822251151e-05,-2.35605911936018e-08,-1.4442651409830099e-05,-5.05183159294906e-05,0.000168826407315425,5.317655683367501e-06,0.000201841485103564,1.673906631928942,1.666840697021443,0.002785280026569502,1.8382826406604489,-0.0021657295117077486,1.4566900416263941
19.742,0.0,0.0,0.000154385324667784,-8.482063751443991e-05,5.554848849308629e-05,-1.0996723804625499e-06,-1.33337629278467e-05,-4.4633024894951204e-05,0.000174007132417254,-5.28642105037424e-06,0.000208813087200685,1.673906631928942,1.666840697021443,0.002785280026569502,1.8382826406604489,-0.0021657295117077486,1.4566900416263941
19.762,0.0,0.0,0.0001503014255941,-8.69235476826994e-05,5.38775801195762e-05,-1.26601737591612e-06,-1.2861504603682199e-05,-3.8716920652532204e-05,0.00018052795274938502,-1.6036257913787e-05,0.000215699747688079,1.673906631928942,1.666840697021443,0.002785280026569502,1.8382826406604489,-0.0021657295117077486,1.4566900416263941
19.782,0.0,0.0,0.000146562738701095,-8.823437669167671e-05,5.21144213190736e-05,-5.11403415107939e-07,-1.3077131652375801e-05,-3.28179619199547e-05,0.00018843131454318,-2.6865678361998e-05,0.000222490677643931,1.673906631928942,1.666840697021443,0.002785280026569502,1.8382826406604489,-0.0021657295117077486,1.4566900416263941
19.802,0.0,0.0,0.000143200192214088,-8.87095650359675e-05,5.0306915308460104e-05,1.13006649622265e-06,-1.40209915474357e-05,-2.6990096947029998e-05,0.000197744234194352,-3.7713870212803295e-05,0.00022917469790305697,1.673906631928942,1.666840697021443,0.002785280026569502,1.8382826406604489,-0.0021657295117077486,1.4566900416263941
19.822,0.0,0.0,0.00014023314009399098,-8.832302621220741e-05,4.8497841845175e-05,3.58077523879552e-06,-1.57213170413923e-05,-2.1293250331349302e-05,0.00020847519494958202,-4.8525672097345206e-05,0.00023573823508361098,1.673906631928942,1.666840697021443,0.002785280026569502,1.8382826406604489,-0.0021657295117077486,1.4566900416263941
19.842,0.0,0.0,0.000137672376479213,-8.706817813902209e-05,4.6725074877022e-05,6.72366768445076e-06,-1.81931918779466e-05,-1.57931372315842e-05,0.00022061002428327403,-5.925157435726689e-05,0.00024216302952078,1.673906631928942,1.666840697021443,0.002785280026569502,1.8382826406604489,-0.0021657295117077486,1.4566900416263941
19.862,0.0,0.0,0.000135522547965209,-8.49590433287078e-05,4.50213538884395e-05,1.0408612812491e-05,-2.14374714683715e-05,-1.05608247049987e-05,0.00023410742047504503,-6.98470195372009e-05,0.000248424837992098,1.673906631928942,1.666840697021443,0.002785280026569502,1.8382826406604489,-0.0021657295117077486,1.4566900416263941
19.882,0.0,0.0,0.000133783781608925,-8.203030789881271e-05,4.3414514957737396e-05,1.4461092942897598e-05,-2.54398912715625e-05,-5.67252741642009e-06,0.00024889373645138797,-8.02719010381252e-05,0.00025449231528153703,1.673906631928942,1.666840697021443,0.002785280026569502,1.8382826406604489,-0.0021657295117077486,1.4566900416263941
19.902,0.0,0.0,0.00013245263337317,-7.83374127993232e-05,4.1928123838809706e-05,1.86926003109103e-05,-3.0170361880191802e-05,-1.20900902360698e-06,0.000264858028248721,-9.048941717260491e-05,0.000260326422249123,1.673906631928942,1.666840697021443,0.002785280026569502,1.8382826406604489,-0.0021657295117077486,1.4566900416263941
19.922,0.0,0.0,0.00013152191697536798,-7.39553859615364e-05,4.05822429717659e-05,2.2911733212996104e-05,-3.55827031899779e-05,2.74539437114973e-06,0.00028184774431081003,-0.000100464806442653,0.00026588057070619104,1.673906631928942,1.666840697021443,0.002785280026569502,1.8382826406604489,-0.0021657295117077486,1.4566900416263941
19.942,0.0,0.0,0.000130979673549938,-6.89770536272787e-05,3.93937981101964e-05,2.69359118897029e-05,-4.161455442133879e-05,6.10368022906078e-06,0.000299666032959475,-0.00011016422716057,0.00027110150140280496,1.673906631928942,1.666840697021443,0.002785280026569502,1.8382826406604489,-0.0021657295117077486,1.4566900416263941
19.962,0.0,0.0,0.000130807167773825,-6.35106729706183e-05,3.83776882345102e-05,3.0602056325491495e-05,-4.8187800475634295e-05,8.77745018764885e-06,0.000318071049724855,-0.000119553238386059,0.00027593042171399903,1.673906631928942,1.666840697021443,0.002785280026569502,1.8382826406604489,-0.0021657295117077486,1.4566900416263941
19.982,0.0,0.0,0.000130976350093717,-5.76770184851077e-05,3.75475018217552e-05,3.3775364009428104e-05,-5.52098127143198e-05,1.0678651298044501e-05,0.000336778031939307,-0.000128595759274587,0.00028030493992467996,1.673906631928942,1.666840697021443,0.002785280026569502,1.8382826406604489,-0.0021657295117077486,1.4566900416263941
20.002,0.0,0.0,0.00013144655333536298,-5.1605576013417605e-05,3.6915806916920294e-05,3.63557710369951e-05,-6.2574867659555e-05,1.1721218063737401e-05,0.000355464548106066,-0.000137253291846016,0.000284161215376713,1.673906631928942,1.666840697021443,0.002785280026569502,1.8382826406604489,-0.0021657295117077486,1.4566900416263941
20.022,0.0,0.0,0.000132161660399392,-4.5430588517664096e-05,3.649462821644771e-05,3.82812898901465e-05,-7.01664612410076e-05,1.18229351082376e-05,0.000373779078618819,-0.000145484142816466,0.00028743662922799904,1.673906631928942,1.666840697021443,0.002785280026569502,1.8382826406604489,-0.0021657295117077486,1.4566900416263941
20.042,0.0,0.0,0.000133047565943894,-3.9286586640942404e-05,3.62957178247025e-05,3.9527627805735705e-05,-7.786020454211949e-05,1.09077464376348e-05,0.000391351799219433,-0.000153243287409262,0.00029007221270868703,1.673906631928942,1.666840697021443,0.002785280026569502,1.8382826406604489,-0.0021657295117077486,1.4566900416263941
20.062,0.0,0.0,0.00013401078352231398,-3.33038181583823e-05,3.6330039774082797e-05,4.01047841621256e-05,-8.55271804387309e-05,8.90748739934195e-06,0.00040780827392736203,-0.000160482900282121,0.000292015248917142,1.673906631928942,1.666840697021443,0.002785280026569502,1.8382826406604489,-0.0021657295117077486,1.4566900416263941
20.082,0.0,0.0,0.000134938891644627,-2.7603610119759002e-05,3.66072304245044e-05,4.00506057154866e-05,-9.30377347028042e-05,5.7640878968221e-06,0.000422783894494166,-0.000167152833388085,0.00029322187041930296,1.673906631928942,1.666840697021443,0.002785280026569502,1.8382826406604489,-0.0021657295117077486,1.4566900416263941
20.102,0.0,0.0,0.000135702937640606,-2.2294059073873103e-05,3.71351532577054e-05,3.94221894737948e-05,-0.00010026535621503299,1.431363335771e-06,0.000435938356664783,-0.000173201704761395,0.000293659007706229,1.673906631928942,1.666840697021443,0.002785280026569502,1.8382826406604489,-0.0021657295117077486,1.4566900416263941
20.122,0.0,0.0,0.000136162370758506,-1.74661404507096e-05,3.79186653728376e-05,3.8286222077868796e-05,-0.000107090706987416,-4.12350180407126e-06,0.00044696931483980193,-0.000178578631602652,0.000293306231933194,1.673906631928942,1.666840697021443,0.002785280026569502,1.8382826406604489,-0.0021657295117077486,1.4566900416263941
20.142,0.0,0.0,0.000136171941753615,-1.31904790923824e-05,3.8958442514414796e-05,3.6708764542687895e-05,-0.00011340533292449299,-1.09184086957173e-05,0.000455623753827608,-0.000183234741606575,0.000292157172653007,1.673906631928942,1.666840697021443,0.002785280026569502,1.8382826406604489,-0.0021657295117077486,1.4566900416263941
20.162,0.0,0.0,0.000135590600015526,-9.51492724008608e-06,4.02502459107441e-05,3.4746212509495694e-05,-0.000119114818636231,-1.8955383881715197e-05,0.00046170622489784697,-0.000187124812260324,0.00029022017631797205,1.673906631928942,1.666840697021443,0.002785280026569502,1.8382826406604489,-0.0021657295117077486,1.4566900416263941
20.182,0.0,0.0,0.000134291622630881,-6.4631759899156505e-06,4.1783817587163596e-05,3.24376807460574e-05,-0.00012414150351663402,-2.82198795234875e-05,0.00046508398023091795,-0.00019020940807406,0.000287518540826486,1.673906631928942,1.666840697021443,0.002785280026569502,1.8382826406604489,-0.0021657295117077486,1.4566900416263941
20.202,0.0,0.0,0.000132172742946853,-4.03453904933117e-06,4.35419444066794e-05,2.9799915433694605e-05,-0.00012842620219234499,-3.86802832938353e-05,0.000465688599063158,-0.000192456360825663,0.00028409050573207,1.673906631928942,1.666840697021443,0.002785280026569502,1.8382826406604489,-0.0021657295117077486,1.4566900416263941
20.222,0.0,0.0,0.000129165826883601,-2.2046375580855703e-06,4.550024987864629e-05,2.68247910968651e-05,-0.000131929114176506,-5.028786007401579e-05,0.000463514600863482,-0.000193841896695043,0.000279988333765646,1.673906631928942,1.666840697021443,0.002785280026569502,1.8382826406604489,-0.0021657295117077486,1.4566900416263941
20.242,0.0,0.0,0.00012524465174438602,-9.27187257367156e-07,4.7627162516718104e-05,2.34802453803552e-05,-0.000134629806515918,-6.29768981149282e-05,0.000458615608059549,-0.000194352118899808,0.000275277318847117,1.673906631928942,1.666840697021443,0.002785280026569502,1.8382826406604489,-0.0021657295117077486,1.4566900416263941
20.262,0.0,0.0,0.00012043020105454699,-1.3692394368631598e-07,4.988407749341071e-05,1.97135330688033e-05,-0.000136526362683938,-7.66653691958226e-05,0.000451098922220329,-0.00019398353560978602,0.000270034183744227,1.673906631928942,1.666840697021443,0.002785280026569502,1.8382826406604489,-0.0021657295117077486,1.4566900416263941
20.282,0.0,0.0,0.000114792873830803,2.4699836170715606e-07,5.22262100295999e-05,1.54575459954612e-05,-0.000137633858145744,-9.12555039761249e-05,0.00044111953214302996,-0.000192742868070931,0.000264345156307038,1.673906631928942,1.666840697021443,0.002785280026569502,1.8382826406604489,-0.0021657295117077486,1.4566900416263941
20.302,0.0,0.0,0.00010845148146458499,3.17119619005565e-07,5.46039229177094e-05,1.06389462574116e-05,-0.000137982054633919,-0.000106635060684313,0.000428873868633917,-0.00019064727793790802,0.000258304050603478,1.673906631928942,1.666840697021443,0.002785280026569502,1.8382826406604489,-0.0021657295117077486,1.4566900416263941
20.322,0.0,0.0,0.00010156867335358101,1.7325566978218698e-07,5.696407832383261e-05,5.18752439202184e-06,-0.00013761280972261698,-0.000122678547166707,0.000414594106373275,-0.000187723485249008,0.000252009772299348,1.673906631928942,1.666840697021443,0.002785280026569502,1.8382826406604489,-0.0021657295117077486,1.4566900416263941
20.342,0.0,0.0,9.43438632228232e-05,-8.16766266267932e-08,5.9252018865975e-05,-9.5380364115038e-07,-0.000136577359473356,-0.000139248867850358,0.000398543567610861,-0.000184006459741544,0.000245563975043191,1.673906631928942,1.666840697021443,0.002785280026569502,1.8382826406604489,-0.0021657295117077486,1.4566900416263941
20.362,0.0,0.0,8.700363253336899e-05,-3.45440973036697e-07,6.141343278975079e-05,-7.81954771785115e-06,-0.00013493326888829298,-0.000156199039716121,0.000381012365079846,-0.000179538386245116,0.00023906852625957202,1.673906631928942,1.666840697021443,0.002785280026569502,1.8382826406604489,-0.0021657295117077486,1.4566900416263941
20.382,0.0,0.0,7.97904158323203e-05,-5.20288756059877e-07,6.33964897302147e-05,-1.54136626437171e-05,-0.00013274171210838002,-0.000173374431054233,0.000362313586348973,-0.000174366789595873,0.000232622985694421,1.673906631928942,1.666840697021443,0.002785280026569502,1.8382826406604489,-0.0021657295117077486,1.4566900416263941
20.402,0.0,0.0,7.295078683727479e-05,-5.156226523275971e-07,6.51537444118193e-05,-2.37033548322297e-05,-0.000130064777017906,-0.00019061479289259,0.000342779865689177,-0.00016854279360608502,0.00022632203403772597,1.673906631928942,1.666840697021443,0.002785280026569502,1.8382826406604489,-0.0021657295117077486,1.4566900416263941
20.422,0.0,0.0,6.67232453968563e-05,-2.50390163202948e-07,6.6644108349996e-05,-3.2615800578781896e-05,-0.000126963335833615,-0.000207756751265198,0.000322758971543284,-0.000162119563283375,0.000220253287987131,1.673906631928942,1.666840697021443,0.002785280026569502,1.8382826406604489,-0.0021657295117077486,1.4566900416263941
20.442,0.0,0.0,6.13268748767759e-05,3.4551637611169e-07,6.78342998717714e-05,-4.2037968942481e-05,-0.000123494843540936,-0.00022463622496447701,0.000302608750451071,-0.000155150494624423,0.00021449520149769699,1.673906631928942,1.666840697021443,0.002785280026569502,1.8382826406604489,-0.0021657295117077486,1.4566900416263941
20.462,0.0,0.0,5.6951193195711e-05,1.33025539005993e-06,6.870010613021421e-05,-5.18190707747984e-05,-0.00011971200974168,-0.000241090971084779,0.00028269087357144304,-0.000147687774757664,0.00020911507118104,1.673906631928942,1.666840697021443,0.002785280026569502,1.8382826406604489,-0.0021657295117077486,1.4566900416263941
20.482,0.0,0.0,5.3747866852512106e-05,2.74986664325194e-06,6.92273924936587e-05,-6.17762855405663e-05,-0.000115661433270603,-0.000256962902952988,0.000263363165798737,-0.00013978142765236102,0.00020416793864423701,1.673906631928942,1.666840697021443,0.002785280026569502,1.8382826406604489,-0.0021657295117077486,1.4566900416263941
20.502,0.0,0.0,5.1824085059504e-05,4.63844804944567e-06,6.94123968270198e-05,-7.17023232778631e-05,-0.000111383030301686,-0.000272100577973881,0.000244970425012118,-0.000131478405410397,0.00019969538220255802,1.673906631928942,1.666840697021443,0.002785280026569502,1.8382826406604489,-0.0021657295117077486,1.4566900416263941
20.522,0.0,0.0,5.12390972707235e-05,7.01861704882948e-06,6.92618352259427e-05,-8.13747748779128e-05,-0.00010690953634176999,-0.000286361369149569,0.000227834799317129,-0.00012282235213404,0.00019572500179735502,1.673906631928942,1.666840697021443,0.002785280026569502,1.8382826406604489,-0.0021657295117077486,1.4566900416263941
20.542,0.0,0.0,5.20023537727524e-05,9.90241760611534e-06,6.87925033009339e-05,-9.05660858559172e-05,-0.00010226661657507801,-0.000299613322763754,0.000212245029395636,-0.000113853762528299,0.00019227060967231,1.673906631928942,1.666840697021443,0.002785280026569502,1.8382826406604489,-0.0021657295117077486,1.4566900416263941
20.562,0.0,0.0,5.4074809885741605e-05,1.3292205824864699e-05,6.80304939160606e-05,-9.90538154048062e-05,-9.74735091701632e-05,-0.000311737241075676,0.000198446215537537,-0.000104610424900832,0.00018933267559526,1.673906631928942,1.666840697021443,0.002785280026569502,1.8382826406604489,-0.0021657295117077486,1.4566900416263941
20.582,0.0,0.0,5.73723270036769e-05,1.71815201779999e-05,6.701001511293599e-05,-0.000106630180022101,-9.254363111303431e-05,-0.000322628020047344,0.00018663043654168702,-9.512831192308579e-05,0.000186899340264159,1.673906631928942,1.666840697021443,0.002785280026569502,1.8382826406604489,-0.0021657295117077486,1.4566900416263941
20.602,0.0,0.0,6.177114519414721e-05,2.15560887840871e-05,6.57720676907665e-05,-0.00011311085964624399,-8.748591489130309e-05,-0.000332196003987746,0.000176928849147672,-8.544277712949499e-05,0.000184948087954119,1.673906631928942,1.666840697021443,0.002785280026569502,1.8382826406604489,-0.0021657295117077486,1.4566900416263941
20.622,0.0,0.0,6.71149402468403e-05,2.63947352738524e-05,6.436264930432579e-05,-0.0001183424005268,-8.23062882903822e-05,-0.000340368373982987,0.000169406352847647,-7.55897277039295e-05,0.0001834476120422,1.673906631928942,1.666840697021443,0.002785280026569502,1.8382826406604489,-0.0021657295117077486,1.4566900416263941
20.642,0.0,0.0,7.32231840482547e-05,3.16700974696887e-05,6.283105981343411e-05,-0.000122208466233865,-7.70092736883549e-05,-0.00034708981328001096,0.00016405923380739,-6.56068733816283e-05,0.000182359972071768,1.673906631928942,1.666840697021443,0.002785280026569502,1.8382826406604489,-0.0021657295117077486,1.4566900416263941
20.662,0.0,0.0,7.98997614606648e-05,3.7349400136872296e-05,6.122796953662491e-05,-0.000124634437549337,-7.15998601508371e-05,-0.00035232340589236603,0.000160816152431668,-5.5534938525337206e-05,0.00018164316679518798,1.673906631928942,1.666840697021443,0.002785280026569502,1.8382826406604489,-0.0021657295117077486,1.4566900416263941
20.682,0.0,0.0,8.69417622793774e-05,4.3395066731796e-05,5.96034414128953e-05,-0.000125590634908006,-6.608530900846469e-05,-0.00035605126334183,0.000159542692956901,-4.54185274379911e-05,0.000181253417630002,1.673906631928942,1.666840697021443,0.002785280026569502,1.8382826406604489,-0.0021657295117077486,1.4566900416263941
20.702,0.0,0.0,9.414769844109209e-05,4.9765265616892795e-05,5.8005085510622e-05,-0.000125093679159322,-6.04767944705301e-05,-0.00035827476303643,0.000160049330994317,-3.53065437030193e-05,0.000181147405664969,1.673906631928942,1.666840697021443,0.002785280026569502,1.8382826406604489,-0.0021657295117077486,1.4566900416263941
20.722,0.0,0.0,0.000101324295986019,5.64144098899776e-05,5.6476485869554604e-05,-0.00012320631507428602,-5.479102291024779e-05,-0.00035901457851928196,0.000162102188934995,-2.52522185290967e-05,0.000181284485957825,1.673906631928942,1.666840697021443,0.002785280026569502,1.8382826406604489,-0.0021657295117077486,1.4566900416263941
20.742,0.0,0.0,0.00010829258842270501,6.329349011076479e-05,5.50553471305015e-05,-0.000120035046102983,-4.90512775672749e-05,-0.000358310703892826,0.000165435595204311,-1.53127829554883e-05,0.000181627981474411,1.673906631928942,1.666840697021443,0.002785280026569502,1.8382826406604489,-0.0021657295117077486,1.4566900416263941
20.762,0.0,0.0,0.00011489189899709299,7.03504638489431e-05,5.37725518265882e-05,-0.00011572592370388701,-4.32882387292017e-05,-0.000356221632596956,0.000169766380218788,-5.54839740407163e-06,0.000182146392912159,1.673906631928942,1.666840697021443,0.002785280026569502,1.8382826406604489,-0.0021657295117077486,1.4566900416263941
20.782,0.0,0.0,0.000120982486608874,7.753052784174541e-05,5.2650860067480606e-05,-0.00011045828097101398,-3.7540183460876295e-05,-0.000352823578706821,0.000174807885087303,3.97929129869111e-06,0.000182813853998784,1.673906631928942,1.666840697021443,0.002785280026569502,1.8382826406604489,-0.0021657295117077486,1.4566900416263941
20.802,0.0,0.0,0.000126446783504259,8.47762534630979e-05,5.17042064674247e-05,-0.000104436617992843,-3.18528124329458e-05,-0.00034820919776774303,0.000180283253612566,1.32089494646887e-05,0.000183609990239139,1.673906631928942,1.666840697021443,0.002785280026569502,1.8382826406604489,-0.0021657295117077486,1.4566900416263941
20.822,0.0,0.0,0.000131188984650917,9.202795521668359e-05,5.0937403013119395e-05,-9.78811572697697e-05,-2.62785836686065e-05,-0.00034248573965362,0.00018593744543880501,2.2081477309361998e-05,0.00018451924837021398,1.673906631928942,1.666840697021443,0.002785280026569502,1.8382826406604489,-0.0021657295117077486,1.4566900416263941
20.842,0.0,0.0,0.000135134016444034,9.92238580568047e-05,5.03459780834669e-05,-9.10177165751437e-05,-2.08753736758748e-05,-0.000335772980491044,0.000191546782354376,3.054240444439461e-05,0.000185529863959631,1.673906631928942,1.666840697021443,0.002785280026569502,1.8382826406604489,-0.0021657295117077486,1.4566900416263941
20.862,0.0,0.0,0.000138225582461482,0.000106300436139022,4.99163302248848e-05,-8.40675097523001e-05,-1.57051291705547e-05,-0.00032820070966481,0.000196926156350155,3.85440006879908e-05,0.0001866321765083,1.673906631928942,1.666840697021443,0.002785280026569502,1.8382826406604489,-0.0021657295117077486,1.4566900416263941
20.882,0.0,0.0,0.00014042376016108,0.000113192946485271,4.96263998153427e-05,-7.72377755389588e-05,-1.0831983877472698e-05,-0.000319905896708374,0.000201933448351737,4.6047241396170395e-05,0.000187817064613778,1.673906631928942,1.666840697021443,0.002785280026569502,1.8382826406604489,-0.0021657295117077486,1.4566900416263941
20.902,0.0,0.0,0.00014170284765648798,0.00011983608663248501,4.94464873406108e-05,-7.07145132176472e-05,-6.32022843428806e-06,-0.000311029664760056,0.000206471571383986,5.30234851787818e-05,0.000189074016354398,1.673906631928942,1.666840697021443,0.002785280026569502,1.8382826406604489,-0.0021657295117077486,1.4566900416263941
20.922,0.0,0.0,0.000142049567170235,0.000126164748561827,4.93403579415167e-05,-6.465734892649539e-05,-2.23238582864612e-06,-0.00030171409861937,0.000210487889308605,5.94557604064537e-05,0.000190389505868582,1.673906631928942,1.666840697021443,0.002785280026569502,1.8382826406604489,-0.0021657295117077486,1.4566900416263941
20.942,0.0,0.0,0.000141461575647726,0.00013211519870742,4.92666379265901e-05,-5.91974627113448e-05,1.37300433788793e-06,-0.000292099135129668,0.00021397182855331399,6.5339317406075e-05,0.000191745504797781,1.673906631928942,1.666840697021443,0.002785280026569502,1.8382826406604489,-0.0021657295117077486,1.4566900416263941
20.962,0.0,0.0,0.00013994712362635,0.000137626338493627,4.91805190329349e-05,-5.44386756790253e-05,4.44323953071971e-06,-0.000282319349478051,0.000216950353669645,7.0681753237959e-05,0.00019311831348786898,1.673906631928942,1.666840697021443,0.002785280026569502,1.8382826406604489,-0.0021657295117077486,1.4566900416263941
20.982,0.0,0.0,0.00013752551300616998,0.000142641165317437,4.90354797222073e-05,-5.046127904052971e-05,6.93323637493763e-06,-0.000272501362020011,0.000219482358496489,7.550228320387479e-05,0.000194478172557582,1.673906631928942,1.666840697021443,0.002785280026569502,1.8382826406604489,-0.0021657295117077486,1.4566900416263941
21.002,0.0,0.0,0.00013422806731741102,0.000147108356896054,4.87852289111165e-05,-4.73277431573636e-05,8.80721954485853e-06,-0.000262761185950268,0.00022165117494353902,7.9830553203186e-05,0.00019578900167625,1.673906631928942,1.666840697021443,0.002785280026569502,1.8382826406604489,-0.0021657295117077486,1.4566900416263941
21.022,0.0,0.0,0.00013009998102829,0.00015098401865478898,4.83858239205728e-05,-4.50900801945927e-05,1.0040112824503e-05,-0.00025320221136369397,0.000223556591217866,8.370474429969971e-05,0.00019700890628656598,1.673906631928942,1.666840697021443,0.002785280026569502,1.8382826406604489,-0.0021657295117077486,1.4566900416263941
21.042,0.0,0.0,0.000125202311212619,0.000154233240410811,4.77976518163046e-05,-4.3796707758243606e-05,1.06186427412707e-05,-0.000243913651799163,0.00022530552729872598,8.716927918289549e-05,0.00019809121920331399,1.673906631928942,1.666840697021443,0.002785280026569502,1.8382826406604489,-0.0021657295117077486,1.4566900416263941
21.062,0.0,0.0,0.000119613520315585,0.00015683171388116899,4.6987537692744105e-05,-4.349858339479221e-05,1.05422603979905e-05,-0.00023496941741477299,0.00022700277398397798,9.02722763929266e-05,0.00019898601385921798,1.673906631928942,1.666840697021443,0.002785280026569502,1.8382826406604489,-0.0021657295117077486,1.4566900416263941
21.082,0.0,0.0,0.000113430610624017,0.000158767072780387,4.59307053833032e-05,-4.42531437777956e-05,9.82384153052352e-06,-0.00022642737027979,0.000228741234967973,9.306271751725309e-05,0.000199641785359143,1.673906631928942,1.666840697021443,0.002785280026569502,1.8382826406604489,-0.0021657295117077486,1.4566900416263941
21.102,0.0,0.0,0.000106769182383701,0.000160040112546644,4.4612387991471e-05,-4.61254213228435e-05,8.489828646906351e-06,-0.000218329527325995,0.000230593088008326,9.558777008074191e-05,0.000200007925012786,1.673906631928942,1.666840697021443,0.002785280026569502,1.8382826406604489,-0.0021657295117077486,1.4566900416263941
21.122,0.0,0.0,9.97621331235372e-05,0.000160665362438727,4.302939261305e-05,-4.91860821498466e-05,6.58044548379792e-06,-0.00021070208590678302,0.000232601994133031,9.78903140443824e-05,0.000200036872011062,1.673906631928942,1.666840697021443,0.002785280026569502,1.8382826406604489,-0.0021657295117077486,1.4566900416263941
21.142,0.0,0.0,9.255720101159741e-05,0.000160671737057386,4.11913050072549e-05,-5.35065260030965e-05,4.1491887334677e-06,-0.000203556243695474,0.000234777470160079,0.000100006723011577,0.000199686524393196,1.673906631928942,1.666840697021443,0.002785280026569502,1.8382826406604489,-0.0021657295117077486,1.4566900416263941
21.162,0.0,0.0,8.53131362846172e-05,0.000160102322225003,3.9120840729314e-05,-5.91512375895058e-05,1.2622505575567601e-06,-0.000196889300563127,0.000237091692170018,0.000101965223170983,0.000198922766889048,1.673906631928942,1.666840697021443,0.002785280026569502,1.8382826406604489,-0.0021657295117077486,1.4566900416263941
21.182,0.0,0.0,7.8195219223157e-05,0.00015901402440464,3.6854297536191794e-05,-6.6168519161977e-05,-2.00266256297852e-06,-0.000190686006462718,0.000239479696177825,0.00010378480309580601,0.000197721524191126,1.673906631928942,1.666840697021443,0.002785280026569502,1.8382826406604489,-0.0021657295117077486,1.4566900416263941
21.202,0.0,0.0,7.13700577960689e-05,0.000157476592576444,3.44411528581059e-05,-7.45805440993132e-05,-5.55772723703403e-06,-0.000184919822706093,0.00024184327271546698,0.00010547457147099,0.00019607097864525,1.673906631928942,1.666840697021443,0.002785280026569502,1.8382826406604489,-0.0021657295117077486,1.4566900416263941
21.222,0.0,0.0,6.500041144952851e-05,0.000155571102960281,3.19430218523998e-05,-8.43736526932386e-05,-9.30683208034003e-06,-0.000179554930751066,0.00024405818486285,0.000107033771642575,0.000193972799787394,1.673906631928942,1.666840697021443,0.002785280026569502,1.8382826406604489,-0.0021657295117077486,1.4566900416263941
21.242,0.0,0.0,5.9240370276185203e-05,0.000153388141310963,2.94323659278502e-05,-9.54902603977876e-05,-1.31476300314642e-05,-0.000174547897998723,0.000245984985647179,0.000108452438702477,0.00019144365536971102,1.673906631928942,1.666840697021443,0.002785280026569502,1.8382826406604489,-0.0021657295117077486,1.4566900416263941
21.262,0.0,0.0,5.42310044836475e-05,0.000151025329898071,2.69905149797862e-05,-0.000107822816381425,-1.69743270273656e-05,-0.00016984952016733,0.000247482244008127,0.000109712081247775,0.000188515879035599,1.673906631928942,1.666840697021443,0.002785280026569502,1.8382826406604489,-0.0021657295117077486,1.4566900416263941
21.282,0.0,0.0,5.00965628081021e-05,0.000148584479052235,2.47053193267947e-05,-0.00012121111153213401,-2.06799550519371e-05,-0.000165406738060681,0.000248421083729745,0.00011078704702455501,0.00018523752214968201,1.673906631928942,1.666840697021443,0.002785280026569502,1.8382826406604489,-0.0021657295117077486,1.4566900416263941
21.302,0.0,0.0,4.69413955021486e-05,0.000146168605142003,2.2668337402452803e-05,-0.000135442467303229,-2.41594856488186e-05,-0.000161164685742875,0.00024870003031838303,0.00011164594483539199,0.00018167230665369098,1.673906631928942,1.666840697021443,0.002785280026569502,1.8382826406604489,-0.0021657295117077486,1.4566900416263941
21.322,0.0,0.0,4.48473312489541e-05,0.00014387828732545302,2.0971923541457102e-05,-0.000150255173195545,-2.73127591147602e-05,-0.000157068550948986,0.000248258299316828,0.000112253163448246,0.00017789873425553,1.673906631928942,1.666840697021443,0.002785280026569502,1.8382826406604489,-0.0021657295117077486,1.4566900416263941
21.342,0.0,0.0,4.38713129241966e-05,0.000141808289465872,1.9706075740643697e-05,-0.000165345076876587,-3.0047279455981897e-05,-0.00015306537348698401,0.000247086289100911,0.000112570456995657,0.00017400860753518502,1.673906631928942,1.666840697021443,0.002785280026569502,1.8382826406604489,-0.0021657295117077486,1.4566900416263941
21.362,0.0,0.0,4.40432036934802e-05,0.000140044030394959,1.8955123572678e-05,-0.00018037429903438102,-3.2280959826601e-05,-0.00014910601812390202,0.000245231789252888,0.00011255848262317099,0.000170105558969276,1.673906631928942,1.666840697021443,0.002785280026569502,1.8382826406604489,-0.0021657295117077486,1.4566900416263941
21.382,0.0,0.0,4.53639604124379e-05,0.00013865828960902,1.8794874765492396e-05,-0.000194981772849907,-3.394486164759e-05,-0.00014514670894488402,0.00024280155662998,0.00011217837125676999,0.000166302361586673,1.673906631928942,1.666840697021443,0.002785280026569502,1.8382826406604489,-0.0021657295117077486,1.4566900416263941
21.402,0.0,0.0,4.78042404302079e-05,0.000137708310258249,1.92896012375104e-05,-0.000208795200865419,-3.49851261847726e-05,-0.000141150453174518,0.000239957378279688,0.000111392837880032,0.000162718403785351,1.673906631928942,1.666840697021443,0.002785280026569502,1.8382826406604489,-0.0021657295117077486,1.4566900416263941
21.422,0.0,0.0,5.13033967948519e-05,0.000137233497219301,2.0489565096010397e-05,-0.000221443309537571,-3.53649034159396e-05,-0.000137088097552617,0.000236907704579094,0.000110167835239243,0.00015947675143097,1.673906631928942,1.666840697021443,0.002785280026569502,1.8382826406604489,-0.0021657295117077486,1.4566900416263941
21.442,0.0,0.0,5.5770104078701505e-05,0.000137253797124958,2.24290247853642e-05,-0.00023256845428534903,-3.50656501354923e-05,-0.00013293937728808898,0.000233894824352418,0.000108473279640772,0.00015670056830466002,1.673906631928942,1.666840697021443,0.002785280026569502,1.8382826406604489,-0.0021657295117077486,1.4566900416263941
21.462,0.0,0.0,6.108385835912359e-05,0.000137768718304575,2.5124655387976398e-05,-0.000241839100038008,-3.40878785803969e-05,-0.00012869282338943402,0.00023117968304935802,0.00010628441857562,0.00015450966913604298,1.673906631928942,1.666840697021443,0.002785280026569502,1.8382826406604489,-0.0021657295117077486,1.4566900416263941
21.482,0.0,0.0,6.70984166984066e-05,0.000138757578386195,2.85745462807553e-05,-0.00024896157902955896,-3.2451261879023104e-05,-0.000124345969050578,0.000229025403108273,0.000103582548355277,0.000153016944241997,1.673906631928942,1.666840697021443,0.002785280026569502,1.8382826406604489,-0.0021657295117077486,1.4566900416263941
21.502,0.0,0.0,7.364687671733101e-05,0.000140180389991796,3.27580548069956e-05,-0.000253691191133058,-3.01945899803784e-05,-0.00011990467586333,0.000227681041657864,0.000100355978463552,0.0001523246112875,1.673906631928942,1.666840697021443,0.002785280026569502,1.8382826406604489,-0.0021657295117077486,1.4566900416263941
21.522,0.0,0.0,8.05481498946002e-05,0.000141979329575215,3.76359140339176e-05,-0.000255842019644821,-2.73745517429309e-05,-0.000115382190103625,0.000227367369956548,9.66005618333122e-05,0.000152520743457301,1.673906631928942,1.666840697021443,0.002785280026569502,1.8382826406604489,-0.0021657295117077486,1.4566900416263941
21.542,0.0,0.0,8.76145339494993e-05,0.000144081554000362,4.31513311388313e-05,-0.0002552949690214,-2.4064753177992002e-05,-0.00011079759296968001,0.00022826520532209901,9.23204801485785e-05,0.00015367624080006,1.673906631928942,1.666840697021443,0.002785280026569502,1.8382826406604489,-0.0021657295117077486,1.4566900416263941
21.562,0.0,0.0,9.46594426448485e-05,0.000146402053531453,4.92312923631367e-05,-0.00025200372899952404,-2.0353783912004198e-05,-0.000106174481623602,0.000230507104894529,8.75284566529019e-05,0.000155841866417749,1.673906631928942,1.666840697021443,0.002785280026569502,1.8382826406604489,-0.0021657295117077486,1.4566900416263941
21.582,0.0,0.0,0.000101505152495901,0.000148846955405511,5.57885741911388e-05,-0.000245998013060655,-1.6343290867159398e-05,-0.000101538711142143,0.00023417295802475801,8.224605209999829e-05,0.000159046080756566,1.673906631928942,1.666840697021443,0.002785280026569502,1.8382826406604489,-0.0021657295117077486,1.4566900416263941
21.602,0.0,0.0,0.00010798906744275899,0.000151317464329774,6.27241903564701e-05,-0.000237383795726833,-1.2145553938966499e-05,-9.691691531894921e-05,0.000239288348869885,7.650375288613371e-05,0.000163293415100272,1.673906631928942,1.666840697021443,0.002785280026569502,1.8382826406604489,-0.0021657295117077486,1.4566900416263941
21.622,0.0,0.0,0.00011396856153686498,0.000153713234513331,6.992957040119461e-05,-0.000226339813765825,-7.88107152175624e-06,-9.23345670540705e-05,0.000245826207026075,7.034064771013411e-05,0.00016856378786476498,1.673906631928942,1.666840697021443,0.002785280026569502,1.8382826406604489,-0.0021657295117077486,1.4566900416263941
21.642,0.0,0.0,0.000119323869057464,0.000155935898405798,7.72895260091516e-05,-0.000213110943153224,-3.67593182181431e-06,-8.78144219960511e-05,0.000253710136104958,6.380383408716701e-05,0.000174812308559653,1.673906631928942,1.666840697021443,0.002785280026569502,1.8382826406604489,-0.0021657295117077486,1.4566900416263941
21.662,0.0,0.0,0.000123958901174328,0.000157892348323829,8.468480906899971e-05,-0.00019799845146624,3.40946817148399e-07,-8.337548862222521e-05,0.00026281936713317,5.69477080303727e-05,0.000181970102871184,1.673906631928942,1.666840697021443,0.002785280026569502,1.8382826406604489,-0.0021657295117077486,1.4566900416263941
21.682,0.0,0.0,0.00012780023106303501,0.000159497143715829,9.199433767099101e-05,-0.000181347094666097,4.04051416667548e-06,-7.90320774014018e-05,0.000272994113573047,4.983265579268621e-05,0.00018994611763063998,1.673906631928942,1.666840697021443,0.002785280026569502,1.8382826406604489,-0.0021657295117077486,1.4566900416263941
21.702,0.0,0.0,0.00013079486057273798,0.000160674740615023,9.90977882540465e-05,-0.000163530582119165,7.2963871150035e-06,-7.47935859192491e-05,0.000284041222958202,4.2523795581770296e-05,0.00019862936281675502,1.673906631928942,1.666840697021443,0.002785280026569502,1.8382826406604489,-0.0021657295117077486,1.4566900416263941
21.722,0.0,0.0,0.000132906867818412,0.000161361019498712,0.000105877331688634,-0.00014493612111878899,9.98753249298875e-06,-7.066455069895909e-05,0.00029573956635903,3.5089028342903696e-05,0.000207892059463522,1.673906631928942,1.666840697021443,0.002785280026569502,1.8382826406604489,-0.0021657295117077486,1.4566900416263941
21.742,0.0,0.0,0.00013411379328311,0.00016150397985893202,0.000112219177073896,-0.000125948495755761,1.20011242722608e-05,-6.66453185166673e-05,0.000307844885568303,2.7597378222526195e-05,0.00021759332622499,1.673906631928942,1.666840697021443,0.002785280026569502,1.8382826406604489,-0.0021657295117077486,1.4566900416263941
21.762,0.0,0.0,0.00013440304410323501,0.000161064285177356,0.00011801504659405801,-0.000106935273176105,1.32351770990459e-05,-6.27328636417843e-05,0.000320094431908887,2.01169151557309e-05,0.00022758313070341698,1.673906631928942,1.666840697021443,0.002785280026569502,1.8382826406604489,-0.0021657295117077486,1.4566900416263941
21.782,0.0,0.0,0.000133768458293346,0.000160015017894862,0.00012316300874245,-8.82337491946273e-05,1.3601000405348599e-05,-5.8921940082708395e-05,0.000332211212678402,1.2712789977295801e-05,0.00023770651715592598,1.673906631928942,1.666840697021443,0.002785280026569502,1.8382826406604489,-0.0021657295117077486,1.4566900416263941
21.802,0.0,0.0,0.000132207201380163,0.00015834112365730802,0.000127568185707941,-7.01403503279108e-05,1.30258464181002e-05,-5.52066623348876e-05,0.00034390837571827596,5.44555932511935e-06,0.000247807756719894,1.673906631928942,1.666840697021443,0.002785280026569502,1.8382826406604489,-0.0021657295117077486,1.4566900416263941
21.822,0.0,0.0,0.000129717544026599,0.000156038671450146,0.000131143537891294,-5.29026007020255e-05,1.14549285530014e-05,-5.1581761071988396e-05,0.000354893912407197,-1.63038834962972e-06,0.000257734495521677,1.673906631928942,1.666840697021443,0.002785280026569502,1.8382826406604489,-0.0021657295117077486,1.4566900416263941
21.842,0.0,0.0,0.000126296717631924,0.00015311376950274098,0.00013381021174296102,-3.6714714109974896e-05,8.853322883447709e-06,-4.8043922264067796e-05,0.000364875972780863,-8.46777172338496e-06,0.000267341335940251,1.673906631928942,1.666840697021443,0.002785280026569502,1.8382826406604489,-0.0021657295117077486,1.4566900416263941
21.862,0.0,0.0,0.000121939532984475,0.000149581322424893,0.000135498415093172,-2.17160417915469e-05,5.20735974520649e-06,-4.45933098674239e-05,0.000373569109794243,-1.502720606902e-05,0.000276493168705158,1.673906631928942,1.666840697021443,0.002785280026569502,1.8382826406604489,-0.0021657295117077486,1.4566900416263941
21.882,0.0,0.0,0.000116638113192047,0.00014546390748127,0.000136147982086972,-7.99251043301724e-06,5.255791962880399e-07,-4.12342666923846e-05,0.000380701570815105,-2.1277194512557e-05,0.000285067631235204,1.673906631928942,1.666840697021443,0.002785280026569502,1.8382826406604489,-0.0021657295117077486,1.4566900416263941
21.902,0.0,0.0,0.00011038241597171298,0.000140790453747922,0.000135709418584316,4.418864414861621e-06,-5.16109592913442e-06,-3.79760914020721e-05,0.00038602313857092,-2.7193727052675303e-05,0.000292957172959845,1.673906631928942,1.666840697021443,0.002785280026569502,1.8382826406604489,-0.0021657295117077486,1.4566900416263941
21.922,0.0,0.0,0.000103162293053147,0.00013559473080754098,0.000134145134665073,1.55233709845185e-05,-1.17996033954994e-05,-3.48334740131035e-05,0.000389314247887985,-3.27595639094152e-05,0.000300070131063748,1.673906631928942,1.666840697021443,0.002785280026569502,1.8382826406604489,-0.0021657295117077486,1.4566900416263941
21.942,0.0,0.0,9.49715297171458e-05,0.000129914173485798,0.000131430662642806,2.5359879049621104e-05,-1.9315842230515802e-05,-3.18262842337933e-05,0.000390394759874149,-3.79630176111993e-05,0.000306331341638209,1.673906631928942,1.666840697021443,0.002785280026569502,1.8382826406604489,-0.0021657295117077486,1.4566900416263941
21.962,0.0,0.0,8.581320350800609e-05,0.000123788242075532,0.000127556285819592,3.3990775226477005e-05,-2.7616419178105798e-05,-2.89793256231568e-05,0.000389132755720863,-4.2796581386620204e-05,0.0003116819365215,1.673906631928942,1.666840697021443,0.002785280026569502,1.8382826406604489,-0.0021657295117077486,1.4566900416263941
21.982,0.0,0.0,7.570710404135821e-05,0.000117257003931923,0.000122528542220605,4.149118435238039e-05,-3.6590988589596205e-05,-2.63215160709584e-05,0.000385452386893607,-4.72557077893721e-05,0.0003160787977652,1.673906631928942,1.666840697021443,0.002785280026569502,1.8382826406604489,-0.0021657295117077486,1.4566900416263941
22.002,0.0,0.0,6.46979466815806e-05,0.00011035973154116299,0.00011637157799835201,4.7938112809037896e-05,-4.6115117681331105e-05,-2.38849545292952e-05,0.000379339712191564,-5.13373345497951e-05,0.000319493223554911,1.673906631928942,1.666840697021443,0.002785280026569502,1.8382826406604489,-0.0021657295117077486,1.4566900416263941
22.022,0.0,0.0,5.28638192676443e-05,0.000103133171409342,0.000109128403409803,5.340012616818329e-05,-5.605359734796379e-05,-2.17035952480921e-05,0.000370846204661486,-5.50390636280176e-05,0.000321909657659032,1.673906631928942,1.666840697021443,0.002785280026569502,1.8382826406604489,-0.0021657295117077486,1.4566900416263941
22.042,0.0,0.0,4.03239253866204e-05,9.56104391865389e-05,0.000100861576563684,5.7928783268203896e-05,-6.626415146059991e-05,-1.98118970661643e-05,0.00036008946567954,-5.835825055785e-05,0.000323323911815563,1.673906631928942,1.666840697021443,0.002785280026569502,1.8382826406604489,-0.0021657295117077486,1.4566900416263941
22.062,0.0,0.0,2.7244251890793e-05,8.78197092495378e-05,9.16534542625794e-05,6.15519168844515e-05,-7.66009343571951e-05,-1.82432652531133e-05,0.000347250472270806,-6.12917132925345e-05,0.00032374162083771604,1.673906631928942,1.666840697021443,0.002785280026569502,1.8382826406604489,-0.0021657295117077486,1.4566900416263941
22.082,0.0,0.0,1.3839898797447598e-05,7.97831992655318e-05,8.160573533069209e-05,6.42698130421125e-05,-8.69182696719946e-05,-1.70284258671741e-05,0.000332567194070447,-6.38358154618567e-05,0.00032317649331482996,1.673906631928942,1.666840697021443,0.002785280026569502,1.8382826406604489,-0.0021657295117077486,1.4566900416263941
22.102,0.0,0.0,3.7334441872545796e-07,7.1516789267723e-05,7.08381673342686e-05,6.60543749754032e-05,-9.707402529248691e-05,-1.61939183071067e-05,0.000316325208849876,-6.59866742060803e-05,0.000321648912436572,1.673906631928942,1.666840697021443,0.002785280026569502,1.8382826406604489,-0.0021657295117077486,1.4566900416263941
22.122,0.0,0.0,-1.28518157273325e-05,6.30298398359618e-05,5.9486677188457395e-05,6.68513334541432e-05,-0.000106932768914764,-1.57607003483835e-05,0.000298845460649352,-6.77407924483703e-05,0.00031918477467609104,1.673906631928942,1.666840697021443,0.002785280026569502,1.8382826406604489,-0.0021657295117077486,1.4566900416263941
22.142,0.0,0.0,-2.55019727520057e-05,5.4325412492663e-05,4.7700554237255104e-05,6.65855267651371e-05,-0.000116368121247244,-1.5742824398557997e-05,0.000280470057985158,-6.90957233907458e-05,0.000315814377675573,1.673906631928942,1.666840697021443,0.002785280026569502,1.8382826406604489,-0.0021657295117077486,1.4566900416263941
22.162,0.0,0.0,-3.7228691364122795e-05,4.54013914779212e-05,3.56390579423317e-05,6.516856070829549e-05,-0.000125265024224964,-1.61463385984864e-05,0.00026154704803835,-7.00508403790208e-05,0.000311572036480296,1.673906631928942,1.666840697021443,0.002785280026569502,1.8382826406604489,-0.0021657295117077486,1.4566900416263941
22.182,0.0,0.0,-4.76870303595052e-05,3.62515820035336e-05,2.34675350143349e-05,6.25082849688343e-05,-0.000133521157122672,-1.69687785562417e-05,0.000242415571727158,-7.06078502974427e-05,0.000306495604984948,1.673906631928942,1.666840697021443,0.002785280026569502,1.8382826406604489,-0.0021657295117077486,1.4566900416263941
22.202,0.0,0.0,-5.65554308942719e-05,2.6867434658543105e-05,1.1353024721365301e-05,5.851896794099979e-05,-0.00014104785194473898,-1.81984332548478e-05,0.00022339209063969398,-7.07711956804979e-05,0.000300626535289646,1.673906631928942,1.666840697021443,0.002785280026569502,1.8382826406604489,-0.0021657295117077486,1.4566900416263941
22.222,0.0,0.0,-6.35559027623027e-05,1.72402952528073e-05,-5.40253588110946e-07,5.31319401042949e-05,-0.00014777065048826598,-1.98144310519561e-05,0.00020475893625215,-7.05482807622553e-05,0.00029401004346809597,1.673906631928942,1.666840697021443,0.002785280026569502,1.8382826406604489,-0.0021657295117077486,1.4566900416263941
22.242,0.0,0.0,-6.84721765316568e-05,7.363527971241921e-06,-1.2055342365830499e-05,4.63048095254978e-05,-0.000153629299659441,-2.17869647182091e-05,0.00018675644858622,-6.99491168905774e-05,0.00028669556394825296,1.673906631928942,1.666840697021443,0.002785280026569502,1.8382826406604489,-0.0021657295117077486,1.4566900416263941
22.262,0.0,0.0,-7.116457298702859e-05,-2.7650946625724604e-06,-2.3046746525666502e-05,3.80296441864976e-05,-0.00015857741705302,-2.4077840037873602e-05,0.00016957822554147,-6.8985957194714e-05,0.000278737210211412,1.673906631928942,1.666840697021443,0.002785280026569502,1.8382826406604489,-0.0021657295117077486,1.4566900416263941
22.282,0.0,0.0,-7.15804717242371e-05,-1.31409240075291e-05,-3.33844245421648e-05,2.8338795950637105e-05,-0.000162582043553691,-2.66413967134187e-05,0.000153370780828748,-6.76726147013343e-05,0.000270194192225098,1.673906631928942,1.666840697021443,0.002785280026569502,1.8382826406604489,-0.0021657295117077486,1.4566900416263941
22.302,0.0,0.0,-6.97591180635312e-05,-2.37502234052358e-05,-4.29567446387053e-05,1.73083074304212e-05,-0.00016562286086302099,-2.9425819242184996e-05,0.000138236642459897,-6.60232789198182e-05,0.00026113162026655297,1.673906631928942,1.666840697021443,0.002785280026569502,1.8382826406604489,-0.0021657295117077486,1.4566900416263941
22.322,0.0,0.0,-6.583061690877061e-05,-3.4568170465951e-05,-5.1673079447511996e-05,5.05859779401505e-06,-0.000167691310740771,-3.23743613166049e-05,0.000124240944219878,-6.405179600259721e-05,0.0002516206423696,1.673906631928942,1.666840697021443,0.002785280026569502,1.8382826406604489,-0.0021657295117077486,1.4566900416263941
22.342,0.0,0.0,-6.000971832719871e-05,-4.55570345226026e-05,-5.94654711731203e-05,-8.24708836083089e-06,-0.000168789758777051,-3.54270968709795e-05,0.00011142009265011299,-6.17704659469193e-05,0.000241738719404102,1.673906631928942,1.666840697021443,0.002785280026569502,1.8382826406604489,-0.0021657295117077486,1.4566900416263941
22.362,0.0,0.0,-5.25845317222942e-05,-5.66648752398401e-05,-6.62891903424366e-05,-2.2407232573242397e-05,-0.000168930527145691,-3.8522574294081e-05,9.97922619947328e-05,-5.91890737777547e-05,0.000231569907246822,1.673906631928942,1.666840697021443,0.002785280026569502,1.8382826406604489,-0.0021657295117077486,1.4566900416263941
22.382,0.0,0.0,-4.39012164309793e-05,-6.78245543481955e-05,-7.212271472800941e-05,-3.71881401918733e-05,-0.00016813496396747,-4.1599496529793e-05,8.93678209592679e-05,-5.6314047929706295e-05,0.00022120439484506001,1.673906631928942,1.666840697021443,0.002785280026569502,1.8382826406604489,-0.0021657295117077486,1.4566900416263941
22.402,0.0,0.0,-3.43468155729112e-05,-7.8953276654997e-05,-7.696685785763921e-05,-5.2331973009589896e-05,-0.000166432378896453,-4.4598370025017e-05,8.015923883544829e-05,-5.3148161290916e-05,0.000210738189560409,1.673906631928942,1.666840697021443,0.002785280026569502,1.8382826406604489,-0.0021657295117077486,1.4566900416263941
22.422,0.0,0.0,-2.4330111579073e-05,-8.99525601033197e-05,-8.084283988756941e-05,-6.756605264435999e-05,-0.000163859013027772,-4.7463155042935206e-05,7.21893005233066e-05,-4.9689902810055e-05,0.000200272305797694,1.673906631928942,1.666840697021443,0.002785280026569502,1.8382826406604489,-0.0021657295117077486,1.4566900416263941
22.442,0.0,0.0,-1.4262774566215e-05,-0.000100708599784329,-8.37901812239922e-05,-8.26125328358402e-05,-0.000160457106527984,-5.01426875901075e-05,6.5496808845273e-05,-4.59336587410437e-05,0.00018991166873956298,1.673906631928942,1.666840697021443,0.002785280026569502,1.8382826406604489,-0.0021657295117077486,1.4566900416263941
22.462,0.0,0.0,-4.54163195284279e-06,-0.000111093508660064,-8.58637333518624e-05,-9.719828941997471e-05,-0.000156273643083281,-5.25917488031498e-05,6.013932660589301e-05,-4.18699910728524e-05,0.000179763815873042,1.673906631928942,1.666840697021443,0.002785280026569502,1.8382826406604489,-0.0021657295117077486,1.4566900416263941
22.482,0.0,0.0,4.46738371993263e-06,-0.00012096652550368001,-8.713076670734829e-05,-0.00011106451595011101,-0.000151359382337269,-5.4772396917597995e-05,5.61930443510974e-05,-3.7486254177680395e-05,0.000169937349474395,1.673906631928942,1.666840697021443,0.002785280026569502,1.8382826406604489,-0.0021657295117077486,1.4566900416263941
22.502,0.0,0.0,1.2443057672365e-05,-0.000130176196749945,-8.766753725637951e-05,-0.000123975233442825,-0.000145767601547268,-5.66545896661837e-05,5.3749184835908206e-05,-3.2767412416975394e-05,0.000160539969598749,1.673906631928942,1.666840697021443,0.002785280026569502,1.8382826406604489,-0.0021657295117077486,1.4566900416263941
22.522,0.0,0.0,1.91197365791276e-05,-0.000138562983238987,-8.75560880642634e-05,-0.000135724815594876,-0.000139553381726459,-5.82167681448341e-05,5.2907600877813204e-05,-2.7697239933183503e-05,0.000151676514990584,1.673906631928942,1.666840697021443,0.002785280026569502,1.8382826406604489,-0.0021657295117077486,1.4566900416263941
22.542,0.0,0.0,2.42954657766549e-05,-0.000145962305515524,-8.68810504415336e-05,-0.000146143861204954,-0.000132772382223136,-5.94464857499937e-05,5.37680335920145e-05,-2.2259645285967802e-05,0.000143446885810453,1.673906631928942,1.666840697021443,0.002785280026569502,1.8382826406604489,-0.0021657295117077486,1.4566900416263941
22.562,0.0,0.0,2.7837217812879198e-05,-0.00015220795113449,-8.57267339466247e-05,-0.000155103553766449,-0.000125480251501315,-6.03404631145494e-05,5.64190151076089e-05,-1.64403147254911e-05,0.000135943958184467,1.673906631928942,1.666840697021443,0.002785280026569502,1.8382826406604489,-0.0021657295117077486,1.4566900416263941
22.582,0.0,0.0,2.9683078087884497e-05,-0.000157136235965522,-8.41745227241981e-05,-0.000162518453968231,-0.00011773192063788799,-6.0904734490867105e-05,6.092572838073579e-05,-1.02283218895342e-05,0.00012925128555079,1.673906631928942,1.666840697021443,0.002785280026569502,1.8382826406604489,-0.0021657295117077486,1.4566900416263941
22.602,0.0,0.0,2.9841420443903496e-05,-0.000160590222718974,-8.23006755843882e-05,-0.000168347227901273,-0.00010958123611335201,-6.115444131644879e-05,6.73173755899383e-05,-3.61807534918805e-06,0.00012344133587676202,1.673906631928942,1.666840697021443,0.002785280026569502,1.8382826406604489,-0.0021657295117077486,1.4566900416263941
22.622,0.0,0.0,2.83875555264151e-05,-0.00016242414356858,-8.01744954869057e-05,-0.000172591795461819,-0.000101080570895696,-6.11136462594854e-05,7.55749235184519e-05,3.3888367859630002e-06,0.00011857371257463799,1.673906631928942,1.666840697021443,0.002785280026569502,1.8382826406604489,-0.0021657295117077486,1.4566900416263941
22.642,0.0,0.0,2.54575454630302e-05,-0.000162508048891029,-7.785714297935691e-05,-0.00017529486144158302,-9.22807296766246e-05,-6.08145695371465e-05,8.56205893694245e-05,1.07818212144869e-05,0.000114693577640661,1.673906631928942,1.666840697021443,0.002785280026569502,1.8382826406604489,-0.0021657295117077486,1.4566900416263941
22.662,0.0,0.0,2.1239834487769397e-05,-0.000160732304835315,-7.54007352246557e-05,-0.000176535804030548,-8.323087959674542e-05,-6.0296991825897704e-05,9.73098157395736e-05,1.85394590239226e-05,0.00011183061704861399,1.673906631928942,1.666840697021443,0.002785280026569502,1.8382826406604489,-0.0021657295117077486,1.4566900416263941
22.682,0.0,0.0,1.59649023522977e-05,-0.000157011782850959,-7.28481567233005e-05,-0.00017642511549721001,-7.39784963833883e-05,-5.96070395683673e-05,0.000110427060280056,2.66280000546624e-05,0.00010999823882249799,1.673906631928942,1.666840697021443,0.002785280026569502,1.8382826406604489,-0.0021657295117077486,1.4566900416263941
22.702,0.0,0.0,9.89385273663288e-06,-0.000151289647782346,-7.02332031160377e-05,-0.000175097956660194,-6.45692824551639e-05,-5.8795920903210305e-05,0.000124686323336001,3.5000180427256296e-05,0.0001091932555264,1.673906631928942,1.666840697021443,0.002785280026569502,1.8382826406604489,-0.0021657295117077486,1.4566900416263941
22.722,0.0,0.0,3.30626872954047e-06,-0.00014354065996056398,-6.75811966691724e-05,-0.000172706749681696,-5.50472441260635e-05,-5.79182397213125e-05,0.000139736500137476,4.35942815995704e-05,0.000109395899271327,1.673906631928942,1.666840697021443,0.002785280026569502,1.8382826406604489,-0.0021657295117077486,1.4566900416263941
22.742,0.0,0.0,-3.51191695937201e-06,-0.000133773701130321,-6.490994319261071e-05,-0.000169413487882412,-4.54542989268108e-05,-5.7030164050320706e-05,0.000155172144951084,5.233387810149821e-05,0.000110570277506007,1.673906631928942,1.666840697021443,0.002785280026569502,1.8382826406604489,-0.0021657295117077486,1.4566900416263941
22.762,0.0,0.0,-1.0279876812233699e-05,-0.000122033192640405,-6.223119527786379e-05,-0.000165381970741921,-3.58301952530021e-05,-5.6187183939654004e-05,0.000170549100672008,6.11280650097032e-05,0.00011266525309040201,1.673906631928942,1.666840697021443,0.002785280026569502,1.8382826406604489,-0.0021657295117077486,1.4566900416263941
22.782,0.0,0.0,-1.67320269247472e-05,-0.000108400010519039,-5.95520023756447e-05,-0.000160770318773835,-2.6212312443103798e-05,-5.54419337120422e-05,0.00018540400739630301,6.987234588431851e-05,0.000115615358114347,1.673906631928942,1.666840697021443,0.002785280026569502,1.8382826406604489,-0.0021657295117077486,1.4566900416263941
22.802,0.0,0.0,-2.2626776885665198e-05,-9.2990937206208e-05,-5.6876620203229894e-05,-0.00015572385337709598,-1.6635304291716298e-05,-5.48419025403456e-05,0.000199276470738759,7.84498764090109e-05,0.000119342334644759,1.673906631928942,1.666840697021443,0.002785280026569502,1.8382826406604489,-0.0021657295117077486,1.4566900416263941
22.822,0.0,0.0,-2.7753593535325896e-05,-7.595717944043979e-05,-5.4208234229407395e-05,-0.000150368639276964,-7.1309874630081696e-06,-5.4427028249719105e-05,0.000211732430549453,8.673389326805459e-05,0.000123756567079058,1.673906631928942,1.666840697021443,0.002785280026569502,1.8382826406604489,-0.0021657295117077486,1.4566900416263941
22.842,0.0,0.0,-3.1938040911323e-05,-5.748188050246329e-05,-5.15506862266086e-05,-0.000144805624588511,2.2715538446425302e-06,-5.4227672383766206e-05,0.000222386614254036,9.459003153596229e-05,0.000128758778177676,1.673906631928942,1.666840697021443,0.002785280026569502,1.8382826406604489,-0.0021657295117077486,1.4566900416263941
22.862,0.0,0.0,-3.504527852215711e-05,-3.77765615649427e-05,-4.8910061303396994e-05,-0.00013910554470725,1.15459577188495e-05,-5.42628197381568e-05,0.000230922543435956,0.00010187950062489101,0.000134241780096311,1.673906631928942,1.666840697021443,0.002785280026569502,1.8382826406604489,-0.0021657295117077486,1.4566900416263941
22.882,0.0,0.0,-3.69821987475489e-05,-1.7076575957642098e-05,-4.6296061555796205e-05,-0.00013330479003725501,2.0668022703200698e-05,-5.45386242427084e-05,0.00023710884079233702,0.00010846252113792199,0.000140092353986921,1.673906631928942,1.666840697021443,0.002785280026569502,1.8382826406604489,-0.0021657295117077486,1.4566900416263941
22.902,0.0,0.0,-3.76981368225321e-05,4.36422504076049e-06,-4.3722963033871994e-05,-0.000127402281665521,2.96152041567607e-05,-5.5047503233067796e-05,0.000240809992738834,0.000114202058782075,0.000146192836755595,1.673906631928942,1.666840697021443,0.002785280026569502,1.8382826406604489,-0.0021657295117077486,1.4566900416263941
22.922,0.0,0.0,-3.71848069492372e-05,2.62793663279034e-05,-4.12101023429811e-05,-0.000121357961804997,3.8365761856950894e-05,-5.5767903943813705e-05,0.00024199173718562404,0.00011896740886233001,0.00015242308045118998,1.673906631928942,1.666840697021443,0.002785280026569502,1.8382826406604489,-0.0021657295117077486,1.4566900416263941
22.942,0.0,0.0,-3.54754305683696e-05,4.83961384874644e-05,-3.8782152783060104e-05,-0.000115093205423267,4.6897738946868e-05,-5.6664593330051e-05,0.00024072036850468598,0.000122638135148553,0.000158662217362105,1.673906631928942,1.666840697021443,0.002785280026569502,1.8382826406604489,-0.0021657295117077486,1.4566900416263941
22.962,0.0,0.0,-3.2643455390600296e-05,7.044225270584449e-05,-3.64683443555211e-05,-0.00010849335903193101,5.51879978084615e-05,-5.768942618935911e-05,0.000237156295426977,0.00012510761344892,0.000164790211082103,1.673906631928942,1.666840697021443,0.002785280026569502,1.8382826406604489,-0.0021657295117077486,1.4566900416263941
22.982,0.0,0.0,-2.8800650231180604e-05,9.215225379541641e-05,-3.43016829364659e-05,-0.00010141315864806501,6.321136759114829e-05,-5.87831572670871e-05,0.000231542842269187,0.000126286230554061,0.00017068979274446398,1.673906631928942,1.666840697021443,0.002785280026569502,1.8382826406604489,-0.0021657295117077486,1.4566900416263941
23.002,0.0,0.0,-2.40948989478664e-05,0.000113273855263876,-3.2317241775783004e-05,-9.36845431236006e-05,7.093949701339471e-05,-5.9877193565933995e-05,0.000224191309730783,0.000126104336217891,0.000176248099970579,1.673906631928942,1.666840697021443,0.002785280026569502,1.8382826406604489,-0.0021657295117077486,1.4566900416263941
23.022,0.0,0.0,-1.8707446627755398e-05,0.000133573592095558,-3.05503100707745e-05,-8.512734310316159e-05,7.83404683150942e-05,-6.08960191991994e-05,0.000215463288832256,0.00012451469229997298,0.000181358302810049,1.673906631928942,1.666840697021443,0.002785280026569502,1.8382826406604489,-0.0021657295117077486,1.4566900416263941
23.042,0.0,0.0,-1.2849486318541e-05,0.000152841621428716,-2.90338962602044e-05,-7.55617682984443e-05,8.537821968404741e-05,-6.175990655803101e-05,0.000205752085839319,0.00012149415891018,0.000185921534503722,1.673906631928942,1.666840697021443,0.002785280026569502,1.8382826406604489,-0.0021657295117077486,1.4566900416263941
23.062,0.0,0.0,-6.75748376829496e-06,0.000170895781773245,-2.7796187415594104e-05,-6.48225355256128e-05,9.20125636531158e-05,-6.23877836992521e-05,0.000195464378894524,0.00011704483023098899,0.00018984855259955702,1.673906631928942,1.666840697021443,0.002785280026569502,1.8382826406604489,-0.0021657295117077486,1.4566900416263941
23.082,0.0,0.0,-6.879037308448651e-07,0.000187584236213535,-2.6857998176580102e-05,-5.2773213591590206e-05,9.81994442610043e-05,-6.26998670471994e-05,0.000185002884620929,0.000111194414180394,0.00019306150140086298,1.673906631928942,1.666840697021443,0.002785280026569502,1.8382826406604489,-0.0021657295117077486,1.4566900416263941
23.102,0.0,0.0,5.08986028396641e-06,0.000202787099205475,-2.6230186204853e-05,-3.93199570886599e-05,0.000103891515379022,-6.26206319196629e-05,0.00017475139167491102,0.000103995795042464,0.000195495624011504,1.673906631928942,1.666840697021443,0.002785280026569502,1.8382826406604489,-0.0021657295117077486,1.4566900416263941
23.122,0.0,0.0,1.03017299926633e-05,0.000216416735961084,-2.5911224736164103e-05,-2.44234114002232e-05,0.00010903908217300699,-6.20812789626283e-05,0.00016506273548281698,9.5525743911164e-05,0.00019710091046286398,1.673906631928942,1.666840697021443,0.002785280026569502,1.8382826406604489,-0.0021657295117077486,1.4566900416263941
23.142,0.0,0.0,1.46784458837471e-05,0.000228416874983652,-2.58856380795584e-05,-8.1077223638077e-06,0.00011359133594633999,-6.1021973921352e-05,0.000156249427280475,8.58829729777165e-05,0.000197843666208344,1.673906631928942,1.666840697021443,0.002785280026569502,1.8382826406604489,-0.0021657295117077486,1.4566900416263941
23.162,0.0,0.0,1.79660219460876e-05,0.000238760643442604,-2.61227425227265e-05,9.53388840984797e-06,0.000117497800221205,-5.9393857700208706e-05,0.000148577378107519,7.5185516597869e-05,0.000197707687969533,1.673906631928942,1.666840697021443,0.002785280026569502,1.8382826406604489,-0.0021657295117077486,1.4566900416263941
23.182,0.0,0.0,1.99367868428564e-05,0.000247447648781212,-2.65760761693443e-05,2.8337874250536602e-05,0.00012070988236880701,-5.716060211994089e-05,0.000142262258174177,6.35672966381802e-05,0.000196695388588097,1.673906631928942,1.666840697021443,0.002785280026569502,1.8382826406604489,-0.0021657295117077486,1.4566900416263941
23.202,0.0,0.0,2.04000946199046e-05,0.00025450041852212,-2.71840348985567e-05,4.80729750434473e-05,0.000123182685522347,-5.42996190870197e-05,0.000137467901564827,5.117447630059e-05,0.000194828420638445,1.673906631928942,1.666840697021443,0.002785280026569502,1.8382826406604489,-0.0021657295117077486,1.4566900416263941
23.222,0.0,0.0,1.9212293084729603e-05,0.000259960297641679,-2.78711160305317e-05,6.84471298454948e-05,0.00012487648396593,-5.0802956374599604e-05,0.000134306298629813,3.81615549508214e-05,0.000192147774622359,1.673906631928942,1.666840697021443,0.002785280026569502,1.8382826406604489,-0.0021657295117077486,1.4566900416263941
23.242,0.0,0.0,1.62848308830325e-05,0.00026388328680601,-2.8549883839579e-05,8.91176187355384e-05,0.000125758613799493,-4.66776870831436e-05,0.000132838660743967,2.4687307350900602e-05,0.000188713458675178,1.673906631928942,1.666840697021443,0.002785280026569502,1.8382826406604489,-0.0021657295117077486,1.4566900416263941
23.262,0.0,0.0,1.1589853367169301e-05,0.00026633588341221,-2.9124287195032598e-05,0.000109703745393866,0.000125804787613022,-4.19462045363252e-05,0.00013307735715549398,1.09108407755846e-05,0.000184603462693311,1.673906631928942,1.666840697021443,0.002785280026569502,1.8382826406604489,-0.0021657295117077486,1.4566900416263941
23.282,0.0,0.0,5.16289929211415e-06,0.00026739112341478904,-2.94932117390654e-05,0.000129801520222327,0.00012500059335716,-3.66458339017693e-05,0.000134988031815468,-3.01179361527466e-06,0.00017991206463273,1.673906631928942,1.666840697021443,0.002785280026569502,1.8382826406604489,-0.0021657295117077486,1.4566900416263941
23.302,0.0,0.0,-2.89781677943006e-06,0.000267125371212846,-2.9554548994838104e-05,0.000148998909710941,0.000123342479895005,-3.08284743375027e-05,0.000138492616010734,-1.69306425749868e-05,0.000174747511658176,1.673906631928942,1.666840697021443,0.002785280026569502,1.8382826406604489,-0.0021657295117077486,1.4566900416263941
23.322,0.0,0.0,-1.24356894528673e-05,0.00026561566704306697,-2.9209880542969002e-05,0.00016689083815945,0.000120838557003123,-2.4559576054605604e-05,0.00014347274903858,-3.0704275061857395e-05,0.000169229171049459,1.673906631928942,1.666840697021443,0.002785280026569502,1.8382826406604489,-0.0021657295117077486,1.4566900416263941
23.342,0.0,0.0,-2.32430854536156e-05,0.00026293764701057596,-2.8369046392583503e-05,0.000183093341073998,0.000117509170265303,-1.7917036825680602e-05,0.000149774105710298,-4.42014638519729e-05,0.000163484059895754,1.673906631928942,1.666840697021443,0.002785280026569502,1.8382826406604489,-0.0021657295117077486,1.4566900416263941
23.362,0.0,0.0,-3.5071451842184806e-05,0.000259164438690456,-2.6954210247917102e-05,0.00019725643333468602,0.00011338704289948201,-1.09894511431749e-05,0.000157211832436455,-5.73020628413354e-05,0.00015764296286363,1.673906631928942,1.666840697021443,0.002785280026569502,1.8382826406604489,-0.0021657295117077486,1.4566900416263941
23.382,0.0,0.0,-4.76433201702215e-05,0.00025436623210181803,-2.49040769643178e-05,0.000209074603772855,0.000108516978788124,-3.8743075094455295e-06,0.00016557698056413002,-6.989756728457901e-05,0.000151836340948049,1.673906631928942,1.666840697021443,0.002785280026569502,1.8382826406604489,-0.0021657295117077486,1.4566900416263941
23.402,0.0,0.0,-6.06654320560385e-05,0.00024861031642146403,-2.21770325265872e-05,0.00021829551970963202,0.000102955633228325,3.32429855949178e-06,0.000174644017178982,-8.18906825552482e-05,0.000146190148199001,1.673906631928942,1.666840697021443,0.002785280026569502,1.8382826406604489,-0.0021657295117077486,1.4566900416263941
23.422,0.0,0.0,-7.38418870620419e-05,0.000241961829797,-1.87534340632802e-05,0.00022472664706811498,9.67705511682886e-05,1.0498232432200999e-05,0.000184179271317876,-9.31947860725923e-05,0.000140821870509623,1.673906631928942,1.666840697021443,0.002785280026569502,1.8382826406604489,-0.0021657295117077486,1.4566900416263941
23.442,0.0,0.0,-8.688621209511009e-05,0.00023448473639993197,-1.4637177316529099e-05,0.00022823973734985,9.003907314252259e-05,1.7538130580070598e-05,0.000193949274926999,-0.000103733074083423,0.000135836505129553,1.673906631928942,1.666840697021443,0.002785280026569502,1.8382826406604489,-0.0021657295117077486,1.4566900416263941
23.462,0.0,0.0,-9.95321417118982e-05,0.000226242905802473,-9.856175772250101e-06,0.00022877358504033398,8.284723625953059e-05,2.4336488309331198e-05,0.000203728667145445,-0.000113437402410252,0.00013132356233966298,1.673906631928942,1.666840697021443,0.002785280026569502,1.8382826406604489,-0.0021657295117077486,1.4566900416263941
23.482,0.0,0.0,-0.000111541626198899,0.00021730140881569398,-4.46166767618646e-06,0.000226335455052507,7.528839145144041e-05,3.0790522706437e-05,0.000213307429132751,-0.000122247151635944,0.00012735422467208501,1.673906631928942,1.666840697021443,0.002785280026569502,1.8382826406604489,-0.0021657295117077486,1.4566900416263941
23.502,0.0,0.0,-0.000122710478369478,0.000207727385570288,1.47320413288832e-06,0.00022100054786838502,6.74614063495125e-05,3.68053949686872e-05,0.000222495710730113,-0.00013010839633251,0.000123979376931637,1.673906631928942,1.666840697021443,0.002785280026569502,1.8382826406604489,-0.0021657295117077486,1.4566900416263941
23.522,0.0,0.0,-0.000132870855725929,0.000197590840182793,7.855767437088879e-06,0.000212910625234633,5.9469359648023096e-05,4.2296999219802206e-05,0.00023112712538275802,-0.00013697299662628602,0.00012122866265946201,1.673906631928942,1.666840697021443,0.002785280026569502,1.8382826406604489,-0.0021657295117077486,1.4566900416263941
23.542,0.0,0.0,-0.00014189131528516001,0.000186965127810721,1.45768336771085e-05,0.000202271141172932,5.14178126766946e-05,4.71944829547736e-05,0.000239059606311152,-0.000142797717298926,0.00011911017615240801,1.673906631928942,1.666840697021443,0.002785280026569502,1.8382826406604489,-0.0021657295117077486,1.4566900416263941
23.562,0.0,0.0,-0.000149674482093104,0.000175926658870085,2.15142020548334e-05,0.000189346827745302,4.3413140052828004e-05,5.14423000803323e-05,0.000246174299049797,-0.000147544278409453,0.00011761124311996399,1.673906631928942,1.666840697021443,0.002785280026569502,1.8382826406604489,-0.0021657295117077486,1.4566900416263941
23.582,0.0,0.0,-0.000156152966810569,0.000164554722664773,2.85364374407716e-05,0.00017445616450562,3.55609422273315e-05,5.50019301721426e-05,0.000252373092456754,-0.000151178815179573,0.00011669992009755,1.673906631928942,1.666840697021443,0.002785280026569502,1.8382826406604489,-0.0021657295117077486,1.4566900416263941
23.602,0.0,0.0,-0.000161284304821359,0.000152930467027832,3.55068442647584e-05,0.000157964083200961,2.7964447702511103e-05,5.78525374002783e-05,0.000257575287364145,-0.000153671759309637,0.00011632743061810801,1.673906631928942,1.666840697021443,0.002785280026569502,1.8382826406604489,-0.0021657295117077486,1.4566900416263941
23.622,0.0,0.0,-0.000165045738651547,0.000141135802903489,4.2287336230279e-05,0.000140273085206663,2.07226713111482e-05,5.99913207952629e-05,0.000261714097609356,-0.000154998426740467,0.000116431084395901,1.673906631928942,1.666840697021443,0.002785280026569502,1.8382826406604489,-0.0021657295117077486,1.4566900416263941
23.642,0.0,0.0,-0.000167429243431455,0.00012925208420241297,4.87421874492111e-05,0.00012181300804813899,1.39288630897172e-05,6.14329524625444e-05,0.000264734091291496,-0.000155139029466418,0.00011693795784197701,1.673906631928942,1.666840697021443,0.002785280026569502,1.8382826406604489,-0.0021657295117077486,1.4566900416263941
23.662,0.0,0.0,-0.000168437833196771,0.00011735843175264199,5.4741615950953704e-05,0.00010302931794054499,7.66856129958217e-06,6.22081352468645e-05,0.00026658950540615,-0.000154078990037726,0.000117768744335522,1.673906631928942,1.666840697021443,0.002785280026569502,1.8382826406604489,-0.0021657295117077486,1.4566900416263941
23.682,0.0,0.0,-0.00016808299073996398,0.000105530400659448,6.0164868686735306e-05,8.43706056156787e-05,2.01765391624456e-06,6.23617427225692e-05,0.000267244319126229,-0.000151809729345985,0.00011884202873193,1.673906631928942,1.666840697021443,0.002785280026569502,1.8382826406604489,-0.0021657295117077486,1.4566900416263941
23.702,0.0,0.0,-0.000166383890389231,9.38385929289858e-05,6.49032416295664e-05,6.627549859400439e-05,-2.9593672896780497e-06,6.19502812043826e-05,0.000266673398165614,-0.00014832925595978602,0.000120078203771474,1.673906631928942,1.666840697021443,0.002785280026569502,1.8382826406604489,-0.0021657295117077486,1.4566900416263941
23.722,0.0,0.0,-0.000163368031562571,8.23471711237143e-05,6.88625777922387e-05,4.9159752347658295e-05,-7.2114381855594695e-06,6.103872270213511e-05,0.000264865292581281,-0.000143642529609656,0.000121403623961345,1.673906631928942,1.666840697021443,0.002785280026569502,1.8382826406604489,-0.0021657295117077486,1.4566900416263941
23.742,0.0,0.0,-0.000159072980159622,7.111321324463009e-05,7.196562432824151e-05,3.3403973888347494e-05,-1.07029435328333e-05,5.9697429280643606e-05,0.000261825604733546,-0.000137762647615293,0.000122754185979641,1.673906631928942,1.666840697021443,0.002785280026569502,1.8382826406604489,-0.0021657295117077486,1.4566900416263941
23.762,0.0,0.0,-0.000153549026179653,6.0185734080308205e-05,7.41537081197447e-05,1.93426210141219e-05,-1.34148890943742e-05,5.79986794187568e-05,0.000257580440742663,-0.00013071142645873702,0.000124078125217915,1.673906631928942,1.666840697021443,0.002785280026569502,1.8382826406604489,-0.0021657295117077486,1.4566900416263941
23.782,0.0,0.0,-0.00014686189169038402,4.9605444710969e-05,7.53887446535413e-05,7.254978543637781e-06,-1.53466593484675e-05,5.601322398996589e-05,0.000252179760617895,-0.000122520123583369,0.00012533852274711698,1.673906631928942,1.666840697021443,0.002785280026569502,1.8382826406604489,-0.0021657295117077486,1.4566900416263941
23.802,0.0,0.0,-0.000139095090176021,3.94044157289253e-05,7.56542515275925e-05,-2.64209755334271e-06,-1.65166491855285e-05,5.380747134649579e-05,0.000245699543068164,-0.000113230324919804,0.000126514623762874,1.673906631928942,1.666840697021443,0.002785280026569502,1.8382826406604489,-0.0021657295117077486,1.4566900416263941
23.822,0.0,0.0,-0.000130351285698077,2.9606395748622997e-05,7.495636534969809e-05,-1.0198816357755802e-05,-1.6962646561213597e-05,5.14405470722635e-05,0.00023824259629620298,-0.000102894601741033,0.000127602296652169,1.673906631928942,1.666840697021443,0.002785280026569502,1.8382826406604489,-0.0021657295117077486,1.4566900416263941
23.842,0.0,0.0,-0.00012075243948563798,2.022679486979e-05,7.33245238248571e-05,-1.53350566624546e-05,-1.67414345553705e-05,4.89621100661021e-05,0.00022993753655343598,-9.157685865083829e-05,0.000128613318754051,1.673906631928942,1.666840697021443,0.002785280026569502,1.8382826406604489,-0.0021657295117077486,1.4566900416263941
23.862,0.0,0.0,-0.000110438275097346,1.1273280676703098e-05,7.08114741437297e-05,-1.8040703668586602e-05,-1.59280407977257e-05,4.6411114186957205e-05,0.000220936215315214,-7.935251585235258e-05,0.000129573966365947,1.673906631928942,1.666840697021443,0.002785280026569502,1.8382826406604489,-0.0021657295117077486,1.4566900416263941
23.882,0.0,0.0,-9.956320462949459e-05,2.74624902793489e-06,6.74928196896801e-05,-1.8374339150712198e-05,-1.4613659598880302e-05,4.38145587360981e-05,0.000211409192447308,-6.63085819091253e-05,0.000130522204607211,1.673906631928942,1.666840697021443,0.002785280026569502,1.8382826406604489,-0.0021657295117077486,1.4566900416263941
23.902,0.0,0.0,-8.82921081055667e-05,-5.36050884227913e-06,6.34661265379243e-05,-1.6460189618879502e-05,-1.2903667036001598e-05,4.1187537905340506e-05,0.00020153971015638501,-5.25429115853435e-05,0.00013150445874205,1.673906631928942,1.666840697021443,0.002785280026569502,1.8382826406604489,-0.0021657295117077486,1.4566900416263941
23.922,0.0,0.0,-7.679500449181859e-05,-1.30592146145872e-05,5.88489632258745e-05,-1.2484020450257001e-05,-1.09144832522182e-05,3.85338845498578e-05,0.000191516679467387,-3.81634374446335e-05,0.000132571382476709,1.673906631928942,1.666840697021443,0.002785280026569502,1.8382826406604489,-0.0021657295117077486,1.4566900416263941
23.942,0.0,0.0,-6.52416106195824e-05,-2.03671539117966e-05,5.3776656233957204e-05,-6.68793245996305e-06,-8.77016187090223e-06,3.58470542743367e-05,0.000181526911137005,-2.32868689716003e-05,0.000133773526117714,1.673906631928942,1.666840697021443,0.002785280026569502,1.8382826406604489,-0.0021657295117077486,1.4566900416263941
23.962,0.0,0.0,-5.37959096572548e-05,-2.73060336662113e-05,4.8398932642830606e-05,6.35909196628518e-07,-6.5986498828639805e-06,3.31120086457714e-05,0.000171747125209652,-8.037017081305369e-06,0.000135156698387576,1.673906631928942,1.666840697021443,0.002785280026569502,1.8382826406604489,-0.0021657295117077486,1.4566900416263941
23.982,0.0,0.0,-4.26115289183952e-05,-3.39008180006136e-05,4.28761162189763e-05,9.152805679710249e-06,-4.5278084325188e-06,3.03073353812331e-05,0.000162336441406835,7.4570265338138e-06,0.000136757577728991,1.673906631928942,1.666840697021443,0.002785280026569502,1.8382826406604489,-0.0021657295117077486,1.4566900416263941
24.002,0.0,0.0,-3.18284211239067e-05,-4.0178933566978796e-05,3.73744291242574e-05,1.8494290972728198e-05,-2.6814284723041198e-06,2.74074308567686e-05,0.000153429491480202,2.3063115246685e-05,0.00013859974164777,1.673906631928942,1.666840697021443,0.002785280026569502,1.8382826406604489,-0.0021657295117077486,1.4566900416263941
24.022,0.0,0.0,-2.15704571633798e-05,-4.61691278957244e-05,3.20611610479687e-05,2.82686411632033e-05,-1.17530135501157e-06,2.43851672699775e-05,0.000145131149709766,3.86480344281425e-05,0.000140690534921023,1.673906631928942,1.666840697021443,0.002785280026569502,1.8382826406604489,-0.0021657295117077486,1.4566900416263941
24.042,0.0,0.0,-1.1944293705832598e-05,-5.19003199331553e-05,2.70991843522545e-05,3.80731360876127e-05,-1.1362526615651698e-07,2.12144355661293e-05,0.000137512664334269,5.4079586893498605e-05,0.000143018847316081,1.673906631928942,1.666840697021443,0.002785280026569502,1.8382826406604489,-0.0021657295117077486,1.4566900416263941
24.062,0.0,0.0,-3.0396468644804403e-06,-5.74005159498449e-05,2.26415677532787e-05,4.7507935679407704e-05,4.14066593038984e-07,1.78721757215565e-05,0.000130610008698404,6.92285840400956e-05,0.000145554183502332,1.673906631928942,1.666840697021443,0.002785280026569502,1.8382826406604489,-0.0021657295117077486,1.4566900416263941
24.082,0.0,0.0,5.070477903986991e-06,-6.26955754902376e-05,1.8826371722553697e-05,5.61911158427391e-05,3.35820321702814e-07,1.4340701284017499e-05,0.000124424481230179,8.39702468367853e-05,0.000148246927620952,1.673906631928942,1.666840697021443,0.002785280026569502,1.8382826406604489,-0.0021657295117077486,1.4566900416263941
24.102,0.0,0.0,1.23289569684369e-05,-6.7808101551352e-05,1.57717974176028e-05,6.377440054422121e-05,-4.0091010275926795e-07,1.06091460736828e-05,0.000118925340778968,9.81856014370716e-05,0.000151029928774967,1.673906631928942,1.666840697021443,0.002785280026569502,1.8382826406604489,-0.0021657295117077486,1.4566900416263941
24.122,0.0,0.0,1.86938122412305e-05,-7.27561325482992e-05,1.35720409638636e-05,6.995811533205121e-05,-1.8276369984754398e-06,6.67479506986501e-06,0.000114054563119474,0.000111762291906357,0.000153821110980525,1.673906631928942,1.666840697021443,0.002785280026569502,1.8382826406604489,-0.0021657295117077486,1.4566900416263941
24.142,0.0,0.0,2.4138269539152803e-05,-7.755218444319621e-05,1.22940013628665e-05,7.45047034652625e-05,-3.954208314235221e-06,2.54371534416392e-06,0.000109733474551389,0.00012459509863925401,0.000156527389780559,1.673906631928942,1.666840697021443,0.002785280026569502,1.8382826406604489,-0.0021657295117077486,1.4566900416263941
24.162,0.0,0.0,2.86510709869283e-05,-8.220204435831701e-05,1.1975130856021902e-05,7.72492939014328e-05,-6.768644722254e-06,-1.76905741147971e-06,0.000105870217445662,0.000136586176531208,0.000159049168451678,1.673906631928942,1.666840697021443,0.002785280026569502,1.8382826406604489,-0.0021657295117077486,1.4566900416263941
24.182,0.0,0.0,3.2237221080497696e-05,-8.670382133262829e-05,1.2622307106712301e-05,7.8106293002893e-05,-1.02378420454684e-05,-6.2396256096089205e-06,0.000102368128996225,0.00014764504664198502,0.00016128534899009,1.673906631928942,1.666840697021443,0.002785280026569502,1.8382826406604489,-0.0021657295117077486,1.4566900416263941
24.202,0.0,0.0,3.49192268897409e-05,-9.10471353751629e-05,1.42119602871135e-05,7.70715677891872e-05,-1.4308560883876901e-05,-1.08359766544054e-05,9.91337035878213e-05,0.00015768872862461899,0.00016313856267326498,1.673906631928942,1.666840697021443,0.002785280026569502,1.8382826406604489,-0.0021657295117077486,1.4566900416263941
24.222,0.0,0.0,3.6738075591175896e-05,-9.52122915098345e-05,1.66915221984131e-05,7.42196816654677e-05,-1.89093036836932e-05,-1.55190819005313e-05,9.608381562852729e-05,0.00016664161017261998,0.000164520202760535,1.673906631928942,1.666840697021443,0.002785280026569502,1.8382826406604489,-0.0021657295117077486,1.4566900416263941
24.242,0.0,0.0,3.77538771707471e-05,-9.917005868002841e-05,1.99816806163975e-05,6.96966972039568e-05,-2.39524316003962e-05,-2.0243982679156698e-05,9.31518549648997e-05,0.000174435893855001,0.00016535505882213797,1.673906631928942,1.666840697021443,0.002785280026569502,1.8382826406604489,-0.0021657295117077486,1.4566900416263941
24.262,0.0,0.0,3.8045757524590296e-05,-0.000102881418476634,2.3979719997269896e-05,6.37090234476021e-05,-2.9336733693605895e-05,-2.49612861094002e-05,9.0291806714559e-05,0.00018101211363023798,0.00016558492962450702,1.673906631928942,1.666840697021443,0.002785280026569502,1.8382826406604489,-0.0021657295117077486,1.4566900416263941
24.282,0.0,0.0,3.7711008279479904e-05,-0.00010629796418710699,2.8563477626235997e-05,5.6509407750772e-05,-3.4950358139957004e-05,-2.96190114141766e-05,8.74810719317813e-05,0.000186320209868225,0.00016517169400879098,1.673906631928942,1.666840697021443,0.002785280026569502,1.8382826406604489,-0.0021657295117077486,1.4566900416263941
24.302,0.0,0.0,3.6862797113968704e-05,-0.00010936254805900401,3.3595918862255394e-05,4.83819256912593e-05,-4.0673991869213e-05,-3.41637577847425e-05,8.47215248152787e-05,0.000190320723855313,0.000164098881354719,1.673906631928942,1.666840697021443,0.002785280026569502,1.8382826406604489,-0.0021657295117077486,1.4566900416263941
24.322,0.0,0.0,3.56270781202596e-05,-0.00011201061773244098,3.8929757946318704e-05,3.9626415689498295e-05,-4.63840376273306e-05,-3.8542663659217206e-05,8.2038943194461e-05,0.000192986675436512,0.000162372187610478,1.673906631928942,1.666840697021443,0.002785280026569502,1.8382826406604489,-0.0021657295117077486,1.4566900416263941
24.342,0.0,0.0,3.4138504782150396e-05,-0.000114171639512449,4.4412286236736205e-05,3.05442439398007e-05,-5.1956138728599106e-05,-4.27047777644193e-05,7.94821756607709e-05,0.000194305307930207,0.000160018894810568,1.673906631928942,1.666840697021443,0.002785280026569502,1.8382826406604489,-0.0021657295117077486,1.4566900416263941
24.362,0.0,0.0,3.25354804522649e-05,-0.00011577138382773798,4.98902486423638e-05,2.1426270833303302e-05,-5.72685489246829e-05,-4.66026791474114e-05,7.71211438290638e-05,0.00019428007820625402,0.000157085984820755,1.673906631928942,1.666840697021443,0.002785280026569502,1.8382826406604489,-0.0021657295117077486,1.4566900416263941
24.382,0.0,0.0,3.09546361683364e-05,-0.000116734065853308,5.5213873309461207e-05,1.25432708654767e-05,-6.22052681142165e-05,-5.0193762319609495e-05,7.5045044313203e-05,0.000192932259403416,0.000153637510781528,1.673906631928942,1.666840697021443,0.002785280026569502,1.8382826406604489,-0.0021657295117077486,1.4566900416263941
24.402,0.0,0.0,2.9525404231115e-05,-0.00011698501313166499,6.02413009233783e-05,4.13905390965456e-06,-6.6659350237999e-05,-5.34417464650414e-05,7.33605775185423e-05,0.000190302310521143,0.000149751095879701,1.673906631928942,1.666840697021443,0.002785280026569502,1.8382826406604489,-0.0021657295117077486,1.4566900416263941
24.422,0.0,0.0,2.8364437951904805e-05,-0.00011645309414773601,6.484177336974681e-05,-3.5733919546187103e-06,-7.05355930304977e-05,-5.63177055937296e-05,7.21901068658933e-05,0.000186450523894954,0.000145513921633725,1.673906631928942,1.666840697021443,0.002785280026569502,1.8382826406604489,-0.0021657295117077486,1.4566900416263941
24.442,0.0,0.0,2.7570455381660303e-05,-0.000115073370169322,6.88990484761893e-05,-1.0413901773036901e-05,-7.3752854377839e-05,-5.88013654845318e-05,7.16697360671691e-05,0.000181456861324872,0.000141018644494321,1.673906631928942,1.666840697021443,0.002785280026569502,1.8382826406604489,-0.0021657295117077486,1.4566900416263941
24.462,0.0,0.0,2.7220028438405602e-05,-0.00011278927017598602,7.23137287376488e-05,-1.6235838595923998e-05,-7.624615359497191e-05,-6.08819539813489e-05,7.19468567004518e-05,0.000175419885086322,0.00013635902055651798,1.673906631928942,1.666840697021443,0.002785280026569502,1.8382826406604489,-0.0021657295117077486,1.4566900416263941
24.482,0.0,0.0,2.7364123966308397e-05,-0.000109554399817631,7.50054493788967e-05,-2.0925294576339603e-05,-7.79679672795745e-05,-6.25590569231042e-05,7.317677005135508e-05,0.00016845488282445,0.000131626079117097,1.673906631928942,1.666840697021443,0.002785280026569502,1.8382826406604489,-0.0021657295117077486,1.4566900416263941
24.502,0.0,0.0,2.80259811492313e-05,-0.00010533428929831701,7.691449518735601e-05,-2.4400689239310103e-05,-7.888898362102809e-05,-6.38430868382806e-05,7.551777469049459e-05,0.000160690826689611,0.00012690457423983,1.673906631928942,1.666840697021443,0.002785280026569502,1.8382826406604489,-0.0021657295117077486,1.4566900416263941
24.522,0.0,0.0,2.9200245678113397e-05,-0.000100107306995151,7.800290344805029e-05,-2.6612452908071803e-05,-7.8998422883967e-05,-6.475567401548629e-05,7.91243891489313e-05,0.000152266905228722,0.00012226992157573702,1.673906631928942,1.666840697021443,0.002785280026569502,1.8382826406604489,-0.0021657295117077486,1.4566900416263941
24.542,0.0,0.0,3.0853710093229996e-05,-9.38652903813881e-05,7.82551487299195e-05,-2.75428117642864e-05,-7.830343820492329e-05,-6.532937049970109e-05,8.41389104322359e-05,0.000143328164288297,0.00011778626313115501,1.673906631928942,1.666840697021443,0.002785280026569502,1.8382826406604489,-0.0021657295117077486,1.4566900416263941
24.562,0.0,0.0,3.2927508176857106e-05,-8.66139468424287e-05,7.767826555574509e-05,-2.72062773119992e-05,-7.68282481058095e-05,-6.56073000929026e-05,9.068102375136949e-05,0.000134020979561443,0.000113504994326226,1.673906631928942,1.666840697021443,0.002785280026569502,1.8382826406604489,-0.0021657295117077486,1.4566900416263941
24.582,0.0,0.0,3.53405437195363e-05,-7.83727937324811e-05,7.63016353816765e-05,-2.56502453621138e-05,-7.46126749966932e-05,-6.56420039723356e-05,9.88362978347103e-05,0.000124488549693267,0.000109464091658486,1.673906631928942,1.666840697021443,0.002785280026569502,1.8382826406604489,-0.0021657295117077486,1.4566900416263941
24.602,0.0,0.0,3.79942494513967e-05,-6.91748572294007e-05,7.41760884189975e-05,-2.29553409511305e-05,-7.17101435952402e-05,-6.549403882931751e-05,0.000108644662211753,0.000114866404517394,0.000105688532217217,1.673906631928942,1.666840697021443,0.002785280026569502,1.8382826406604489,-0.0021657295117077486,1.4566900416263941
24.622,0.0,0.0,4.0778286361518104e-05,-5.90664370727709e-05,7.13725325453371e-05,-1.9235239210138298e-05,-6.8185481914668e-05,-6.52299739772093e-05,0.000120089600647786,0.000105278514774799,0.000102191024991964,1.673906631928942,1.666840697021443,0.002785280026569502,1.8382826406604489,-0.0021657295117077486,1.4566900416263941
24.642,0.0,0.0,4.3576580629914704e-05,-4.8106547211139204e-05,6.798004865708361e-05,-1.4635301511895002e-05,-6.41126436713334e-05,-6.4919935481876e-05,0.00013308968159556398,9.58342161610038e-05,9.89734281288984e-05,1.673906631928942,1.666840697021443,0.002785280026569502,1.8382826406604489,-0.0021657295117077486,1.4566900416263941
24.662,0.0,0.0,4.62733970857544e-05,-3.6366516710568704e-05,6.41034436486138e-05,-9.33017993952316e-06,-5.95719192730052e-05,-6.46348313488204e-05,0.000147493466986223,8.662576491326641e-05,9.602868274382271e-05,1.673906631928942,1.666840697021443,0.002785280026569502,1.8382826406604489,-0.0021657295117077486,1.4566900416263941
24.682,0.0,0.0,4.87592436682256e-05,-2.39294807350682e-05,5.98602648135849e-05,-3.5193790195843697e-06,-5.46474537956122e-05,-6.44433979061614e-05,0.000163078960110468,7.77270418430352e-05,9.334282167340458e-05,1.673906631928942,1.666840697021443,0.002785280026569502,1.8382826406604489,-0.0021657295117077486,1.4566900416263941
24.702,0.0,0.0,5.0935470412436e-05,-1.08898129452751e-05,5.537733027229871e-05,2.57869239454182e-06,-4.94248896387201e-05,-6.44090023880028e-05,0.000179557980282845,6.91931966378881e-05,9.08971219390639e-05,1.673906631928942,1.666840697021443,0.002785280026569502,1.8382826406604489,-0.0021657295117077486,1.4566900416263941
24.722,0.0,0.0,5.27180578158549e-05,2.6475784004513e-06,5.0786903336572704e-05,8.73412225593971e-06,-4.398884469284221e-05,-6.45867155334769e-05,0.000196585691940769,6.1061152976022e-05,8.867018113030841e-05,1.673906631928942,1.666840697021443,0.002785280026569502,1.8382826406604489,-0.0021657295117077486,1.4566900416263941
24.742,0.0,0.0,5.40399317605527e-05,1.65679317022396e-05,4.62227444887323e-05,1.4714580395081e-05,-3.8420792573583296e-05,-6.5020685638788e-05,0.00021377459137501899,5.3351120814405895e-05,8.66398604884817e-05,1.673906631928942,1.666840697021443,0.002785280026569502,1.8382826406604489,-0.0021657295117077486,1.4566900416263941
24.762,0.0,0.0,5.48518709246585e-05,3.07478090095636e-05,4.1815883909084e-05,2.02951987089073e-05,-3.27973788586605e-05,-6.57419136518978e-05,0.00023071196635541602,4.6068640525311e-05,8.4784678029852e-05,1.673906631928942,1.666840697021443,0.002785280026569502,1.8382826406604489,-0.0021657295117077486,1.4566900416263941
24.782,0.0,0.0,5.5122009555992504e-05,4.50562396197254e-05,3.76904174438279e-05,2.5268668975347302e-05,-2.71887365722596e-05,-6.676678140458679e-05,0.000246979569143998,3.9207224498136206e-05,8.30849836123103e-05,1.673906631928942,1.666840697021443,0.002785280026569502,1.8382826406604489,-0.0021657295117077486,1.4566900416263941
24.802,0.0,0.0,5.48348260292149e-05,5.93563215496391e-05,3.39597814406091e-05,2.9455233411115002e-05,-2.16571816904572e-05,-6.80963346825824e-05,0.000262173370608004,3.27513259850425e-05,8.152348971013491e-05,1.673906631928942,1.666840697021443,0.002785280026569502,1.8382826406604489,-0.0021657295117077486,1.4566900416263941
24.822,0.0,0.0,5.3989103634833504e-05,7.35069900344577e-05,3.07232393881177e-05,3.27113491685338e-05,-1.62564973613574e-05,-6.97163895545385e-05,0.000275921951724878,2.66794273418059e-05,8.00854286613912e-05,1.673906631928942,1.666840697021443,0.002785280026569502,1.8382826406604489,-0.0021657295117077486,1.4566900416263941
24.842,0.0,0.0,5.25960181270501e-05,8.736508045308009e-05,2.8062902901156605e-05,3.49363931510313e-05,-1.10313062101743e-05,-7.159850547385291e-05,0.00028790216265466804,2.0967014798143303e-05,7.875811028335579e-05,1.673906631928942,1.666840697021443,0.002785280026569502,1.8382826406604489,-0.0021657295117077486,1.4566900416263941
24.862,0.0,0.0,5.0677612995234796e-05,0.000100787419672736,2.60416377499273e-05,3.6076686801161e-05,-6.01675057714133e-06,-7.37017967178886e-05,0.00029785037055500097,1.55894719745476e-05,7.7530184837345e-05,1.673906631928942,1.666840697021443,0.002785280026569502,1.8382826406604489,-0.0021657295117077486,1.4566900416263941
24.882,0.0,0.0,4.826569129973379e-05,0.000113633211278125,2.47015464970064e-05,3.6126429954170295e-05,-1.23881757648034e-06,-7.59752496254348e-05,0.000305569161197238,1.05245592365404e-05,7.639060057372131e-05,1.673906631928942,1.666840697021443,0.002785280026569502,1.8382826406604489,-0.0021657295117077486,1.4566900416263941
24.902,0.0,0.0,4.54019384900024e-05,0.000125766287147345,2.40634364972783e-05,3.51249360082917e-05,3.28537017832216e-06,-7.8360859239162e-05,0.000310929229730163,5.7543868945633205e-06,7.532738762301709e-05,1.673906631928942,1.666840697021443,0.002785280026569502,1.8382826406604489,-0.0021657295117077486,1.4566900416263941
24.922,0.0,0.0,4.2138900445819106e-05,0.00013705721716966298,2.4127016719036604e-05,3.31507954755461e-05,7.54674018881523e-06,-8.079672167147879e-05,0.000313866898083275,1.2671036188551e-06,7.432645585449158e-05,1.673906631928942,1.666840697021443,0.002785280026569502,1.8382826406604489,-0.0021657295117077486,1.4566900416263941
24.942,0.0,0.0,3.8542168275689205e-05,0.000147385445530772,2.4871919003376002e-05,3.0313378196210496e-05,1.15432121579512e-05,-8.322035267977829e-05,0.000314377752417654,-2.94223375540417e-06,7.33706067077866e-05,1.673906631928942,1.666840697021443,0.002785280026569502,1.8382826406604489,-0.0021657295117077486,1.4566900416263941
24.962,0.0,0.0,3.46930309502261e-05,0.000156641249116352,2.625936492156e-05,2.67421592234591e-05,1.52784851314623e-05,-8.557193767836701e-05,0.000312508250160779,-6.871006412483719e-06,7.243867253459929e-05,1.673906631928942,1.666840697021443,0.002785280026569502,1.8382826406604489,-0.0021657295117077486,1.4566900416263941
24.982,0.0,0.0,3.06920682849435e-05,0.00016472706457286898,2.8234537037028198e-05,2.2575654933163102e-05,1.87604087993321e-05,-8.77970290024419e-05,0.000308346077384766,-1.0509224774716801e-05,7.150543882520171e-05,1.673906631928942,1.666840697021443,0.002785280026569502,1.8382826406604489,-0.0021657295117077486,1.4566900416263941
25.002,0.0,0.0,2.66619747554855e-05,0.000171559085853481,3.07290865893914e-05,1.79505780258199e-05,2.1999401834848e-05,-8.98487486110131e-05,0.000302010100088963,-1.38399067703302e-05,7.0541702526729e-05,1.673906631928942,1.666840697021443,0.002785280026569502,1.8382826406604489,-0.0021657295117077486,1.4566900416263941
25.022,0.0,0.0,2.2750028002705102e-05,0.00017706819749331798,3.36641836021927e-05,1.2992656966837199e-05,2.50067705082e-05,-9.168932904942049e-05,0.000293641845522985,-1.6840115456284698e-05,6.95149522223177e-05,1.673906631928942,1.666840697021443,0.002785280026569502,1.8382826406604489,-0.0021657295117077486,1.4566900416263941
25.042,0.0,0.0,1.9128957393835997e-05,0.000181200764732819,3.6953597703309294e-05,7.809914615470661e-06,2.77928093216459e-05,-9.32909730673683e-05,0.000283398669868056,-1.9482184237978102e-05,6.83907896839572e-05,1.673906631928942,1.666840697021443,0.002785280026569502,1.8382826406604489,-0.0021657295117077486,1.4566900416263941
25.062,0.0,0.0,1.599558873046e-05,0.000183918991433929,4.0506535587986e-05,2.48909599390601e-06,3.03653629535808e-05,-9.46356695045444e-05,0.00027144898084033303,-2.17352979910712e-05,6.71346410201156e-05,1.673906631928942,1.666840697021443,0.002785280026569502,1.8382826406604489,-0.0021657295117077486,1.4566900416263941
25.082,0.0,0.0,1.35670726106085e-05,0.00018520127257703602,4.4230783803161e-05,-2.9051398910687197e-06,3.27284181438445e-05,-9.57144546907655e-05,0.00025796982915107797,-2.35672892542068e-05,6.57136380719951e-05,1.673906631928942,1.666840697021443,0.002785280026569502,1.8382826406604489,-0.0021657295117077486,1.4566900416263941
25.102,0.0,0.0,1.2074142326603699e-05,0.000185041858336072,4.80350111264755e-05,-8.32777032983722e-06,3.48809153215861e-05,-9.65261210844402e-05,0.000243146646923494,-2.4946336057384602e-05,6.4099083233884e-05,1.673906631928942,1.666840697021443,0.002785280026569502,1.8382826406604489,-0.0021657295117077486,1.4566900416263941
25.122,0.0,0.0,1.1751469234283199e-05,0.000183450681899902,5.1831244292145004e-05,-1.3749139013115802e-05,3.6816106714074204e-05,-9.70751441259854e-05,0.000227174102509842,-2.58429116769135e-05,6.226860749342901e-05,1.673906631928942,1.666840697021443,0.002785280026569502,1.8382826406604489,-0.0021657295117077486,1.4566900416263941
25.142,0.0,0.0,1.2825719902473e-05,0.00018045248668103702,5.55366045913099e-05,-1.9149216107029396e-05,3.85216971135211e-05,-9.736953453637879e-05,0.00021025792067223302,-2.623132714934e-05,6.0208220878655606e-05,1.673906631928942,1.666840697021443,0.002785280026569502,1.8382826406604489,-0.0021657295117077486,1.4566900416263941
25.162,0.0,0.0,1.5501594206649e-05,0.000176086115650286,5.907476467419039e-05,-2.45115087615572e-05,3.99798309478419e-05,-9.741857310172181e-05,0.000192616399689946,-2.6091213276879503e-05,5.7914097191662706e-05,1.673906631928942,1.666840697021443,0.002785280026569502,1.8382826406604489,-0.0021657295117077486,1.4566900416263941
25.182,0.0,0.0,1.99471231713303e-05,0.00017040337489542098,6.23770832903044e-05,-2.98173830948937e-05,4.1168263974305396e-05,-9.723046623316651e-05,0.000174481229339302,-2.54087557848484e-05,5.53936628607754e-05,1.673906631928942,1.666840697021443,0.002785280026569502,1.8382826406604489,-0.0021657295117077486,1.4566900416263941
25.202,0.0,0.0,2.62791966485022e-05,0.000163467737570463,6.53832737302356e-05,-3.50416695839555e-05,4.2061842786711997e-05,-9.681045283108009e-05,0.00015609655001562098,-2.4177530456256302e-05,5.266627597011261e-05,1.673906631928942,1.666840697021443,0.002785280026569502,1.8382826406604489,-0.0021657295117077486,1.4566900416263941
25.222,0.0,0.0,3.45505682895747e-05,0.000155353060559404,6.804188697566321e-05,-4.01497660759964e-05,4.2634378717848604e-05,-9.6159276322916e-05,0.00013771629998974,-2.23989355167223e-05,4.97630187522284e-05,1.673906631928942,1.666840697021443,0.002785280026569502,1.8382826406604489,-0.0021657295117077486,1.4566900416263941
25.242,0.0,0.0,4.47394556369762e-05,0.000146142237477155,7.03104054822672e-05,-4.50964110916585e-05,4.28607588376065e-05,-9.52721761789673e-05,0.000119599270077574,-2.00826917348765e-05,4.67256380063592e-05,1.673906631928942,1.666840697021443,0.002785280026569502,1.8382826406604489,-0.0021657295117077486,1.4566900416263941
25.262,0.0,0.0,5.674305304988559e-05,0.000135925815123382,7.215536734666658e-05,-4.98262936632326e-05,4.2719524243167996e-05,-9.41385130756692e-05,0.00010200208566309201,-1.72466869204787e-05,4.36051214246694e-05,1.673906631928942,1.666840697021443,0.002785280026569502,1.8382826406604489,-0.0021657295117077486,1.4566900416263941
25.282,0.0,0.0,7.03752073393421e-05,0.00012480056644692802,7.35521465390158e-05,-5.42759046819864e-05,4.2195064929493895e-05,-9.27421069459211e-05,8.517079563317429e-05,-1.39168610486841e-05,4.04593610299093e-05,1.673906631928942,1.666840697021443,0.002785280026569502,1.8382826406604489,-0.0021657295117077486,1.4566900416263941
25.302,0.0,0.0,8.53691178409493e-05,0.000112868641076672,7.44846417722915e-05,-5.83764555206902e-05,4.12797905186994e-05,-9.10620980999555e-05,6.93313979460343e-05,-1.01270151431386e-05,3.73503666697693e-05,1.673906631928942,1.666840697021443,0.002785280026569502,1.8382826406604489,-0.0021657295117077486,1.4566900416263941
25.322,0.0,0.0,0.000101384993878117,0.00010023623861056,7.49451131025045e-05,-6.20575775041732e-05,3.99759107519063e-05,-8.90744764393854e-05,5.4680254071727204e-05,-5.91858469533311e-06,3.43411263014365e-05,1.673906631928942,1.666840697021443,0.002785280026569502,1.8382826406604489,-0.0021657295117077486,1.4566900416263941
25.342,0.0,0.0,0.00011802222998786999,8.70129785016354e-05,7.49336815181593e-05,-6.52513974900449e-05,3.8296508393112894e-05,-8.67540235095188e-05,4.13753382327711e-05,-1.3403506794454299e-06,3.14924109378577e-05,1.673906631928942,1.666840697021443,0.002785280026569502,1.8382826406604489,-0.0021657295117077486,1.4566900416263941
25.362,0.0,0.0,0.000134835295162469,7.331132028016758e-05,7.44577661568625e-05,-6.789661813291939e-05,3.6266006946845004e-05,-8.40766363815202e-05,2.9529456587001e-05,3.5515396278357904e-06,2.88595056628648e-05,1.673906631928942,1.666840697021443,0.002785280026569502,1.8382826406604489,-0.0021657295117077486,1.4566900416263941
25.382,0.0,0.0,0.000151352721318504,5.92461056065489e-05,7.35318550050359e-05,-6.99425974226293e-05,3.39197692914325e-05,-8.10215791783426e-05,1.92057898812883e-05,8.69357285850922e-06,2.64891124717351e-05,1.673906631928942,1.666840697021443,0.002785280026569502,1.8382826406604489,-0.0021657295117077486,1.4566900416263941
25.402,0.0,0.0,0.00016709753398252,4.49343446855241e-05,7.21768447029366e-05,-7.13532496630562e-05,3.13029718100903e-05,-7.757417021115942e-05,1.04167581805577e-05,1.4014876550852402e-05,2.44167998852756e-05,1.673906631928942,1.666840697021443,0.002785280026569502,1.8382826406604489,-0.0021657295117077486,1.4566900416263941
25.422,0.0,0.0,0.000181607958246378,3.0495237632408802e-05,7.04193534688723e-05,-7.21106476342365e-05,2.84687120827477e-05,-7.372774691849509e-05,3.12626751013638e-06,1.94370967802641e-05,2.2664889576954998e-05,1.673906631928942,1.666840697021443,0.002785280026569502,1.8382826406604489,-0.0021657295117077486,1.4566900416263941
25.442,0.0,0.0,0.00019445732709418001,1.60500323573065e-05,6.82912506110966e-05,-7.221787584558249e-05,2.54752868890602e-05,-6.94858554477131e-05,-2.7446672414299703e-06,2.487431449675e-05,2.1241156982403e-05,1.673906631928942,1.666840697021443,0.002785280026569502,1.8382826406604489,-0.0021657295117077486,1.4566900416263941
25.462,0.0,0.0,0.00020527164406401,1.7221846977986098e-06,6.58290600430464e-05,-7.17014743402504e-05,2.2383590622929e-05,-6.48636560655213e-05,-7.3096578828095305e-06,3.02332967050299e-05,2.0138051916582998e-05,1.673906631928942,1.666840697021443,0.002785280026569502,1.8382826406604489,-0.0021657295117077486,1.4566900416263941
25.482,0.0,0.0,0.00021374428034418998,-1.23627938708259e-05,6.307299377292061e-05,-7.061298969344251e-05,1.92535241507708e-05,-5.9888932272196805e-05,-1.0706259676394502e-05,3.54139922072089e-05,1.9333025681962e-05,1.673906631928942,1.666840697021443,0.002785280026569502,1.8382826406604489,-0.0021657295117077486,1.4566900416263941
25.502,0.0,0.0,0.00021964667637951998,-2.6077559833358604e-05,6.00665251256661e-05,-6.902926662268871e-05,1.6141241711825502e-05,-5.46026288973904e-05,-1.3084515100382099e-05,4.03101761014635e-05,1.87893656198321e-05,1.673906631928942,1.666840697021443,0.002785280026569502,1.8382826406604489,-0.0021657295117077486,1.4566900416263941
25.522,0.0,0.0,0.00022283498995258398,-3.92932950329881e-05,5.6855443299293504e-05,-6.70516720529063e-05,1.30962794208402e-05,-4.9058779647998705e-05,-1.45954057350238e-05,4.4810765229370504e-05,1.8457824303867998e-05,1.673906631928942,1.666840697021443,0.002785280026569502,1.8382826406604489,-0.0021657295117077486,1.4566900416263941
25.542,0.0,0.0,0.00022325243012863901,-5.18804670319573e-05,5.34870943849353e-05,-6.48039942970497e-05,1.0159328962471801e-05,-4.3323562183314e-05,-1.53802831403279e-05,4.88017163926674e-05,1.8278986858517898e-05,1.673906631928942,1.666840697021443,0.002785280026569502,1.8382826406604489,-0.0021657295117077486,1.4566900416263941
25.562,0.0,0.0,0.000220927148251542,-6.37099734030578e-05,5.00095733313367e-05,-6.24288852873406e-05,7.360905545574119e-06,-3.74743470663816e-05,-1.5562309674804098e-05,5.21677387667322e-05,1.81860542103982e-05,1.673906631928942,1.666840697021443,0.002785280026569502,1.8382826406604489,-0.0021657295117077486,1.4566900416263941
25.582,0.0,0.0,0.00021596676576119499,-7.465459246802959e-05,4.64708812449008e-05,-6.0083269540754503e-05,4.720834567071869e-06,-3.15977484798347e-05,-1.5240602128906e-05,5.47950912271362e-05,1.81079325245371e-05,1.673906631928942,1.666840697021443,0.002785280026569502,1.8382826406604489,-0.0021657295117077486,1.4566900416263941
25.602,0.0,0.0,0.000208549231250251,-8.459073144039359e-05,4.29179753887552e-05,-5.7932700757229506e-05,2.24836402228956e-06,-2.57875622381091e-05,-1.4486975604592001e-05,5.657446278021379e-05,1.79727964146832e-05,1.673906631928942,1.666840697021443,0.002785280026569502,1.8382826406604489,-0.0021657295117077486,1.4566900416263941
25.622,0.0,0.0,0.000198911437905696,-9.34009468973905e-05,3.93959248178687e-05,-5.6144896366601796e-05,-5.6282755113560403e-08,-2.01420972098638e-05,-1.33456378882875e-05,5.74036475800901e-05,1.7711324725451397e-05,1.673906631928942,1.666840697021443,0.002785280026569502,1.8382826406604489,-0.0021657295117077486,1.4566900416263941
25.642,0.0,0.0,0.000187336221094389,-0.000100976165130374,3.59469861447417e-05,-5.48832995092861e-05,-2.2002737725512e-06,-1.47617299612629e-05,-1.1835192569402601e-05,5.71909561190573e-05,1.72601066928602e-05,1.673906631928942,1.666840697021443,0.002785280026569502,1.8382826406604489,-0.0021657295117077486,1.4566900416263941
25.662,0.0,0.0,0.000174138549155097,-0.000107218743966822,3.26095357440178e-05,-5.43000786628448e-05,-4.19557466507962e-06,-9.74586413011601e-06,-9.95251014602743e-06,5.585803559696321e-05,1.65645180871796e-05,1.673906631928942,1.666840697021443,0.002785280026569502,1.8382826406604489,-0.0021657295117077486,1.4566900416263941
25.682,0.0,0.0,0.000159652050803413,-0.00011204522099268601,2.94171928611653e-05,-5.45299023027841e-05,-6.0561980452726406e-06,-5.19021451014228e-06,-7.677649702567619e-06,5.33428000266834e-05,1.55812289457553e-05,1.673906631928942,1.666840697021443,0.002785280026569502,1.8382826406604489,-0.0021657295117077486,1.4566900416263941
25.702,0.0,0.0,0.000144216249760443,-0.000115389266282874,2.6397943563929502e-05,-5.56837661524626e-05,-7.795391883982471e-06,-1.18399562826661e-06,-4.97942521594728e-06,4.9601895269772706e-05,1.42801968234844e-05,1.673906631928942,1.666840697021443,0.002785280026569502,1.8382826406604489,-0.0021657295117077486,1.4566900416263941
25.722,0.0,0.0,0.000128165564671243,-0.00011720426509654099,2.35732076394035e-05,-5.784340455445649e-05,-9.42312958330865e-06,2.19237680702118e-06,-1.8204586659321499e-06,4.46129896824101e-05,1.26458436538289e-05,1.673906631928942,1.666840697021443,0.002785280026569502,1.8382826406604489,-0.0021657295117077486,1.4566900416263941
25.742,0.0,0.0,0.000111819902874766,-0.00011746596170385,2.09571433334721e-05,-6.105655969046569e-05,-1.0943670773697198e-05,4.8699053022327e-06,1.83762529974654e-06,3.83762054721353e-05,1.0677664099570401e-05,1.673906631928942,1.666840697021443,0.002785280026569502,1.8382826406604489,-0.0021657295117077486,1.4566900416263941
25.762,0.0,0.0,9.547735977159059e-05,-0.00011617403399005601,1.85560733445728e-05,-6.53329710096364e-05,-1.23542218012333e-05,6.79253854501751e-06,6.03013307038162e-06,3.09154526266898e-05,8.39003077232934e-06,1.673906631928942,1.666840697021443,0.002785280026569502,1.8382826406604489,-0.0021657295117077486,1.4566900416263941
25.782,0.0,0.0,7.940855109328621e-05,-0.00011335338331769299,1.6367920045291002e-05,-7.06409399684785e-05,-1.36439269234831e-05,7.91880731165682e-06,1.0785641880793901e-05,2.22788791540585e-05,5.81131348781674e-06,1.673906631928942,1.666840697021443,0.002785280026569502,1.8382826406604489,-0.0021657295117077486,1.4566900416263941
25.802,0.0,0.0,6.38527989011132e-05,-0.000109054966679246,1.4382225978344e-05,-7.69053828196555e-05,-1.47936200891857e-05,8.222756914288519e-06,1.6122686988462302e-05,1.2538643361925e-05,2.98231892853203e-06,1.673906631928942,1.666840697021443,0.002785280026569502,1.8382826406604489,-0.0021657295117077486,1.4566900416263941
25.822,0.0,0.0,4.90151880018375e-05,-0.000103355224977277,1.25799548709804e-05,-8.40071147865412e-05,-1.57766276922912e-05,7.69446966995232e-06,2.20470641148771e-05,1.7902561060935699e-06,-4.5606406541335304e-08,1.673906631928942,1.666840697021443,0.002785280026569502,1.8382826406604489,-0.0021657295117077486,1.4566900416263941
25.842,0.0,0.0,3.50648958297121e-05,-9.63551094347351e-05,1.09339999098429e-05,-9.178338873137891e-05,-1.6559886216115302e-05,6.3399738500905504e-06,2.85492684885125e-05,-9.848826917679961e-06,-3.21317799858853e-06,1.673906631928942,1.666840697021443,0.002785280026569502,1.8382826406604489,-0.0021657295117077486,1.4566900416263941
25.862,0.0,0.0,2.2134115420594603e-05,-8.817850807830258e-05,9.40977004888089e-06,-0.000100030834480304,-1.71058312471368e-05,4.1809252891575e-06,3.56020085501461e-05,-2.2241434836645497e-05,-6.4557126606316e-06,1.673906631928942,1.666840697021443,0.002785280026569502,1.8382826406604489,-0.0021657295117077486,1.4566900416263941
25.882,0.0,0.0,1.03180108467915e-05,-7.896944228077759e-05,7.966061931577479e-06,-0.00010851040850917099,-1.73745113646082e-05,1.25339582939016e-06,4.3158102766122397e-05,-3.52331568721767e-05,-9.70600383174792e-06,1.673906631928942,1.666840697021443,0.002785280026569502,1.8382826406604489,-0.0021657295117077486,1.4566900416263941
25.902,0.0,0.0,-3.25061814012505e-07,-6.88892149590964e-05,6.55639225586419e-06,-0.000116954565140531,-1.73262145388278e-05,-2.39332588528782e-06,5.11491110845358e-05,-4.86556059998739e-05,-1.28970006901618e-05,1.673906631928942,1.666840697021443,0.002785280026569502,1.8382826406604489,-0.0021657295117077486,1.4566900416263941
25.922,0.0,0.0,-9.77181838917342e-06,-5.81128707035236e-05,5.13043874736824e-06,-0.000125076874809522,-1.69235486875109e-05,-6.6984944482515e-06,5.948376391703579e-05,-6.233004658511209e-05,-1.59644192727241e-05,1.673906631928942,1.666840697021443,0.002785280026569502,1.8382826406604489,-0.0021657295117077486,1.4566900416263941
25.942,0.0,0.0,-1.8031638916717998e-05,-4.68254743572379e-05,3.6357818110192003e-06,-0.000132583687974987,-1.61340097982601e-05,-1.15918040929178e-05,6.804828066643929e-05,-7.60715197651412e-05,-1.88489061948599e-05,1.673906631928942,1.666840697021443,0.002785280026569502,1.8382826406604489,-0.0021657295117077486,1.4566900416263941
25.962,0.0,0.0,-2.51429488220004e-05,-3.52181158346959e-05,2.01986993353294e-06,-0.000139187134708078,-1.49318900093932e-05,-1.69955366401212e-05,7.67069193967029e-05,-8.969273449428979e-05,-2.1497903734301103e-05,1.673906631928942,1.666840697021443,0.002785280026569502,1.8382826406604489,-0.0021657295117077486,1.4566900416263941
25.982,0.0,0.0,-3.11684253091283e-05,-2.34841166527464e-05,2.32113140437988e-07,-0.000144619253313529,-1.3299678789080099e-05,-2.2826720585958498e-05,8.53039203516684e-05,-0.000103008652221286,-2.38670081141907e-05,1.673906631928942,1.666840697021443,0.002785280026569502,1.8382826406604489,-0.0021657295117077486,1.4566900416263941
26.002,0.0,0.0,-3.61892290596367e-05,-1.1815145252592599e-05,-1.7740796068407001e-06,-0.000148646063603901,-1.12293374786857e-05,-2.8999276307538e-05,9.36665081085008e-05,-0.00011584069209033799,-2.5920886075831e-05,1.673906631928942,1.666840697021443,0.002785280026569502,1.8382826406604489,-0.0021657295117077486,1.4566900416263941
26.022,0.0,0.0,-4.0298909441844504e-05,-3.97712506211934e-07,-4.03884889662354e-06,-0.000151080383784949,-8.722869894138451e-06,-3.54261611898798e-05,0.000101608939368759,-0.00012802076702294,-2.76337240106523e-05,1.673906631928942,1.666840697021443,0.002785280026569502,1.8382826406604489,-0.0021657295117077486,1.4566900416263941
26.042,0.0,0.0,-4.3596945959990604e-05,1.0590381912240599e-05,-6.59405011621083e-06,-0.00015179319005438502,-5.79229970593488e-06,-4.2021486496529297e-05,0.00010893746331926,-0.000139395132383096,-2.89890383711461e-05,1.673906631928942,1.666840697021443,0.002785280026569502,1.8382826406604489,-0.0021657295117077486,1.4566900416263941
26.062,0.0,0.0,-4.61827119831466e-05,2.09829990686627e-05,-9.46120842306061e-06,-0.00015072180745506002,-2.45963650562788e-06,-4.8702215008980606e-05,0.00011545610015483798,-0.000149827906286461,-2.9979525127287603e-05,1.673906631928942,1.666840697021443,0.002785280026569502,1.8382826406604489,-0.0021657295117077486,1.4566900416263941
26.082,0.0,0.0,-4.81504122992125e-05,3.06286066312922e-05,-1.26498803560833e-05,-0.000147874880988529,1.2438990771878099e-06,-5.53900615463156e-05,0.00012097314629283899,-0.000159203943117565,-3.06061281655701e-05,1.673906631928942,1.666840697021443,0.002785280026569502,1.8382826406604489,-0.0021657295117077486,1.4566900416263941
26.102,0.0,0.0,-4.9584732418095206e-05,3.93929402923468e-05,-1.6156334261180098e-05,-0.000143333252053378,5.27868453441298e-06,-6.201309391692769e-05,0.000125308215153314,-0.00016743125107785502,-3.0877180916052195e-05,1.673906631928942,1.666840697021443,0.002785280026569502,1.8382826406604489,-0.0021657295117077486,1.4566900416263941
26.122,0.0,0.0,-5.0558437158315996e-05,4.71611565133092e-05,-1.99625539389051e-05,-0.00013724705393424198,9.597597754353541e-06,-6.85069822092155e-05,0.000128299730526093,-0.000174442954071123,-3.08072784882146e-05,1.673906631928942,1.666840697021443,0.002785280026569502,1.8382826406604489,-0.0021657295117077486,1.4566900416263941
26.142,0.0,0.0,-5.11311472545894e-05,5.38400054858854e-05,-2.40359763764727e-05,-0.000129828466434046,1.4147103664659802e-05,-7.48163567693287e-05,0.000129812236754201,-0.00018019824598124198,-3.04162262836076e-05,1.673906631928942,1.666840697021443,0.002785280026569502,1.8382826406604489,-0.0021657295117077486,1.4566900416263941
26.162,0.0,0.0,-5.13495216051001e-05,5.9359523469202194e-05,-2.83293965179236e-05,-0.00012134129084521201,1.88683818154186e-05,-8.089586598685021e-05,0.000129743954038301,-0.00018468301930772701,-2.9727783604114598e-05,1.673906631928942,1.666840697021443,0.002785280026569502,1.8382826406604489,-0.0021657295117077486,1.4566900416263941
26.182,0.0,0.0,-5.1248812016429e-05,6.36741577266102e-05,-3.27817751788487e-05,-0.000112087679854873,2.36981634416886e-05,-8.67110175635634e-05,0.000128033178660817,-0.000187909666554766,-2.8768633845842603e-05,1.673906631928942,1.666840697021443,0.002785280026569502,1.8382826406604489,-0.0021657295117077486,1.4566900416263941
26.202,0.0,0.0,-5.08551586694749e-05,6.67638197781837e-05,-3.7319293011055394e-05,-0.00010239283969683101,2.85697387639854e-05,-9.22387968119913e-05,0.000124663756770476,-0.000189915927293099,-2.7567480551027003e-05,1.673906631928942,1.666840697021443,0.002785280026569502,1.8382826406604489,-0.0021657295117077486,1.4566900416263941
26.222,0.0,0.0,-5.01885789568938e-05,6.86342095412396e-05,-4.18571332214869e-05,-9.258896165458409e-05,3.3413893312686105e-05,-9.746788481376641e-05,0.000119668703917919,-0.00019076349167115902,-2.6154162000917002e-05,1.673906631928942,1.666840697021443,0.002785280026569502,1.8382826406604489,-0.0021657295117077486,1.4566900416263941
26.242,0.0,0.0,-4.926594778068089e-05,6.931628278259771e-05,-4.6301716917595706e-05,-8.299963790242909e-05,3.81596118418555e-05,-0.00010239873401671501,0.000113131330952045,-0.000190535516853324,-2.4559098390219396e-05,1.673906631928942,1.666840697021443,0.002785280026569502,1.8382826406604489,-0.0021657295117077486,1.4566900416263941
26.262,0.0,0.0,-4.8103619440488795e-05,6.886566330555489e-05,-5.05531138538396e-05,-7.392537380502359e-05,4.27348110603295e-05,-0.00010704306330786,0.00010518373260587299,-0.000189333668102782,-2.28127502751736e-05,1.673906631928942,1.666840697021443,0.002785280026569502,1.8382826406604489,-0.0021657295117077486,1.4566900416263941
26.282,0.0,0.0,-4.67194955930449e-05,6.736097250644139e-05,-5.4508039702364796e-05,-6.56315555728643e-05,4.7067314549258e-05,-0.00011142282628634599,9.60023849849539e-05,-0.000187274713091222,-2.09452359772553e-05,1.673906631928942,1.666840697021443,0.002785280026569502,1.8382826406604489,-0.0021657295117077486,1.4566900416263941
26.302,0.0,0.0,-4.51339169083808e-05,6.4901461485657e-05,-5.80628918378448e-05,-5.833920207868729e-05,5.10853333664126e-05,-0.000115569055621904,8.58004145847098e-05,-0.000184486521231211,-1.8986340347985198e-05,1.673906631928942,1.666840697021443,0.002785280026569502,1.8382826406604489,-0.0021657295117077486,1.4566900416263941
26.322,0.0,0.0,-4.3369430792114205e-05,6.16044367716412e-05,-6.11166735329137e-05,-5.2219274644131896e-05,5.47183625610306e-05,-0.000119519686525525,7.48176644498124e-05,-0.00018110393466628502,-1.696535212681e-05,1.673906631928942,1.666840697021443,0.002785280026569502,1.8382826406604489,-0.0021657295117077486,1.4566900416263941
26.342,0.0,0.0,-4.14493581564657e-05,5.7601740078312706e-05,-6.35741601923145e-05,-4.73905304385092e-05,5.78980179359928e-05,-0.00012331771420216202,6.33086017824425e-05,-0.000177264368543162,-1.4911054590527899e-05,1.673906631928942,1.666840697021443,0.002785280026569502,1.8382826406604489,-0.0021657295117077486,1.4566900416263941
26.362,0.0,0.0,-3.93953701707531e-05,5.30361527687596e-05,-6.53485048035902e-05,-4.39203872024789e-05,6.055881789058149e-05,-0.000127008168947613,5.1528772124813704e-05,-0.000173103551269499,-1.2852041353150501e-05,1.673906631928942,1.666840697021443,0.002785280026569502,1.8382826406604489,-0.0021657295117077486,1.4566900416263941
26.382,0.0,0.0,-3.72246256743489e-05,4.8057460237729205e-05,-6.636386407173929e-05,-4.18288586047677e-05,6.26390059061861e-05,-0.000130635451215772,3.9721710545984004e-05,-0.000168751502471129,-1.0816834592888302e-05,1.673906631928942,1.666840697021443,0.002785280026569502,1.8382826406604489,-0.0021657295117077486,1.4566900416263941
26.402,0.0,0.0,-3.4946749710843896e-05,4.28184504033334e-05,-6.65573543434614e-05,-4.1094929232454604e-05,6.40815262875311e-05,-0.000134240359919072,2.81062718269859e-05,-0.000164328672866743,-8.83385535564668e-06,1.673906631928942,1.666840697021443,0.002785280026569502,1.8382826406604489,-0.0021657295117077486,1.4566900416263941
26.422,0.0,0.0,-3.25613875638786e-05,3.74710996047448e-05,-6.588075114872261e-05,-4.16637772096019e-05,6.483508441648679e-05,-0.00013785718598451999,1.6865804776940698e-05,-0.000159942700184258,-6.93197194634176e-06,1.673906631928942,1.666840697021443,0.002785280026569502,1.8382826406604489,-0.0021657295117077486,1.4566900416263941
26.442,0.0,0.0,-3.0057282523073902e-05,3.21629944990413e-05,-6.43016874791277e-05,-4.34550839880238e-05,6.48549769793619e-05,-0.000141510986383001,6.14033103080236e-06,-0.000155685887720245,-5.14033164680743e-06,1.673906631928942,1.666840697021443,0.002785280026569502,1.8382826406604489,-0.0021657295117077486,1.4566900416263941
26.462,0.0,0.0,-2.74125777313742e-05,2.7034304549104e-05,-6.1804225433716e-05,-4.6371005418642206e-05,6.410434534609361e-05,-0.000145215495209888,-3.97828391370183e-06,-0.00015163282866791498,-3.4884054852268602e-06,1.673906631928942,1.666840697021443,0.002785280026569502,1.8382826406604489,-0.0021657295117077486,1.4566900416263941
26.482,0.0,0.0,-2.4597458360402698e-05,2.22149614431655e-05,-5.83892805964396e-05,-5.03030570275255e-05,6.25551921533657e-05,-0.00014897141558268,-1.34477969351044e-05,-0.000147839306950137,-2.00604409291814e-06,1.673906631928942,1.666840697021443,0.002785280026569502,1.8382826406604489,-0.0021657295117077486,1.4566900416263941
26.502,0.0,0.0,-2.15781894659848e-05,1.78229867499996e-05,-5.4074486020090294e-05,-5.5137974659275296e-05,6.01896085345265e-05,-0.00015276543542506698,-2.22735377133827e-05,-0.000144341377660494,-7.231693548999391e-07,1.673906631928942,1.666840697021443,0.002785280026569502,1.8382826406604489,-0.0021657295117077486,1.4566900416263941
26.522,0.0,0.0,-1.8322876387318698e-05,1.3962894647519598e-05,-4.88937427639082e-05,-6.07614720517588e-05,5.700086648826329e-05,-0.00015657009425031299,-3.0503220414513202e-05,-0.000141155205019674,3.30588878667995e-07,1.673906631928942,1.666840697021443,0.002785280026569502,1.8382826406604489,-0.0021657295117077486,1.4566900416263941
26.542,0.0,0.0,-1.4807885975285999e-05,1.07249001909566e-05,-4.28966262498695e-05,-6.70604743239189e-05,5.29945771574396e-05,-0.00016034431463798,-3.82193890747791e-05,-0.00013827766752457199,1.12633095242783e-06,1.673906631928942,1.666840697021443,0.002785280026569502,1.8382826406604489,-0.0021657295117077486,1.4566900416263941
26.562,0.0,0.0,-1.10240387853054e-05,8.18464794332147e-06,-3.61475949031887e-05,-7.39238459821199e-05,4.818978677997871e-05,-0.00016403496353667,-4.5530059474605606e-05,-0.000135687156200616,1.6363638384065201e-06,1.673906631928942,1.666840697021443,0.002785280026569502,1.8382826406604489,-0.0021657295117077486,1.4566900416263941
26.582,0.0,0.0,-6.9820080853196506e-06,6.40329137684673e-06,-2.87249781685123e-05,-8.124152551399359e-05,4.2619801047440795e-05,-0.00016757882904358401,-5.2558021172230704e-05,-0.000133345184302311,1.8350517528839902e-06,1.673906631928942,1.666840697021443,0.002785280026569502,1.8382826406604489,-0.0021657295117077486,1.4566900416263941
26.602,0.0,0.0,-2.7158077077435298e-06,5.42757174408308e-06,-2.07200227102059e-05,-8.890317739967221e-05,3.6332954954286895e-05,-0.000170905469674584,-5.943011035265179e-05,-0.000131198414318507,1.69940668075143e-06,1.673906631928942,1.666840697021443,0.002785280026569502,1.8382826406604489,-0.0021657295117077486,1.4566900416263941
26.622,0.0,0.0,1.71611174791666e-06,5.29038438500583e-06,-1.22358037532482e-05,-9.67965746355515e-05,2.9392958826871398e-05,-0.000173940512687103,-6.62664557159534e-05,-0.000129180740356114,1.2098364075265801e-06,1.673906631928942,1.666840697021443,0.002785280026569502,1.8382826406604489,-0.0021657295117077486,1.4566900416263941
26.642,0.0,0.0,6.23251129933045e-06,6.01104033293369e-06,-3.3858619284017897e-06,-0.000104805747271825,2.18788833090542e-05,-0.000176609010403787,-7.317075360568441e-05,-0.000127216195318125,3.50807995321489e-07,1.673906631928942,1.666840697021443,0.002785280026569502,1.8382826406604489,-0.0021657295117077486,1.4566900416263941
26.662,0.0,0.0,1.07333987500811e-05,7.59562549082613e-06,5.7068973888494e-06,-0.00011281011032491102,1.3884663289475e-05,-0.000178839257847554,-8.02214094109837e-05,-0.000125221956460064,-8.884612317382549e-07,1.673906631928942,1.666840697021443,0.002785280026569502,1.8382826406604489,-0.0021657295117077486,1.4566900416263941
26.682,0.0,0.0,1.51064991998853e-05,1.0036966858467098e-05,1.4911943073252801e-05,-0.000120683982489712,5.51819326349347e-06,-0.00018056615765990301,-8.7464350031198e-05,-0.000123111180089311,-2.5137250389464803e-06,1.673906631928942,1.666840697021443,0.002785280026569502,1.8382826406604489,-0.0021657295117077486,1.4566900416263941
26.702,0.0,0.0,1.92351044242783e-05,1.33146200971285e-05,2.40928433765275e-05,-0.000128296942195226,-3.10041078975844e-06,-0.00018173445824904498,-9.490723295599871e-05,-0.000120796610107228,-4.52518026534878e-06,1.673906631928942,1.666840697021443,0.002785280026569502,1.8382826406604489,-0.0021657295117077486,1.4566900416263941
26.722,0.0,0.0,2.30064094449537e-05,1.73947292847895e-05,3.31093601579497e-05,-0.00013551525445043602,-1.1840614745401599e-05,-0.000182301430825098,-0.000102515390306799,-0.000118193595085849,-6.9173450371801195e-06,1.673906631928942,1.666840697021443,0.002785280026569502,1.8382826406604489,-0.0021657295117077486,1.4566900416263941
26.742,0.0,0.0,2.63194460354665e-05,2.2229438529443898e-05,4.18197514395711e-05,-0.000142203622952602,-2.0564320297426102e-05,-0.000182239131876664,-0.00011020972916048999,-0.00011522310921216999,-9.6790990936349e-06,1.673906631928942,1.666840697021443,0.002785280026569502,1.8382826406604489,-0.0021657295117077486,1.4566900416263941
26.762,0.0,0.0,2.90918500780268e-05,2.77568188592393e-05,5.0083799327928494e-05,-0.00014822743327313201,-2.9128893387777e-05,-0.000181535599305104,-0.000117866629688197,-0.00011181475163286101,-1.2793702898130301e-05,1.673906631928942,1.666840697021443,0.002785280026569502,1.8382826406604489,-0.0021657295117077486,1.4566900416263941
26.782,0.0,0.0,3.12642852465665e-05,3.39005294866884e-05,5.7765708751312705e-05,-0.00015345581479696,-3.7390230365958e-05,-0.000180195591226485,-0.00012532004510756398,-0.000107908989426187,-1.6238972802548598e-05,1.673906631928942,1.666840697021443,0.002785280026569502,1.8382826406604489,-0.0021657295117077486,1.4566900416263941
26.802,0.0,0.0,3.28026698668387e-05,4.05697855315684e-05,6.47377226408962e-05,-0.00015776425975563702,-4.5206789438340294e-05,-0.000178240427091173,-0.000132365860919269,-0.000103459127892785,-1.9987509861367302e-05,1.673906631928942,1.666840697021443,0.002785280026569502,1.8382826406604489,-0.0021657295117077486,1.4566900416263941
26.822,0.0,0.0,3.36974823067904e-05,4.76597538681849e-05,7.08834699241503e-05,-0.000161037539646703,-5.24428416729923e-05,-0.00017570706451722098,-0.00013876897378429,-9.84328450368614e-05,-2.40069972525867e-05,1.673906631928942,1.666840697021443,0.002785280026569502,1.8382826406604489,-0.0021657295117077486,1.4566900416263941
26.842,0.0,0.0,3.39609312031411e-05,5.5052469262913596e-05,7.6101870458413e-05,-0.000163172802338514,-5.8972085389848706e-05,-0.000172646426305472,-0.00014427225795943602,-9.28130243231354e-05,-2.8260197071984996e-05,1.673906631928942,1.666840697021443,0.002785280026569502,1.8382826406604489,-0.0021657295117077486,1.4566900416263941
26.862,0.0,0.0,3.3621972008232694e-05,6.261797200914421e-05,8.0310272608582e-05,-0.000164082093367757,-6.46811174339121e-05,-0.00016912141066478202,-0.00014860797647973998,-8.65979876694095e-05,-3.27052380837237e-05,1.673906631928942,1.666840697021443,0.002785280026569502,1.8382826406604489,-0.0021657295117077486,1.4566900416263941
26.882,0.0,0.0,3.2720081293304104e-05,7.02164463681255e-05,8.34476177306423e-05,-0.000163694927637135,-6.94720011852562e-05,-0.000165204137850975,-0.00015151052894201,-7.98014715060882e-05,-3.7295508969013e-05,1.673906631928942,1.666840697021443,0.002785280026569502,1.8382826406604489,-0.0021657295117077486,1.4566900416263941
26.902,0.0,0.0,3.12988528389917e-05,7.770068176160579e-05,8.547709226867109e-05,-0.0001619604760762,-7.326487368692659e-05,-0.00016097308777128402,-0.00015273040581126,-7.245189936880309e-05,-4.1979829561650797e-05,1.673906631928942,1.666840697021443,0.002785280026569502,1.8382826406604489,-0.0021657295117077486,1.4566900416263941
26.922,0.0,0.0,2.9399623594443103e-05,8.491890731776309e-05,8.638780367178141e-05,-0.000158849078361284,-7.59997943016202e-05,-0.000156510070146247,-0.00015204801858563702,-6.45913803421722e-05,-4.670217059812629e-05,1.673906631928942,1.666840697021443,0.002785280026569502,1.8382826406604489,-0.0021657295117077486,1.4566900416263941
26.942,0.0,0.0,2.70564569322254e-05,9.1718556087725e-05,8.61956305502439e-05,-0.000154353541396283,-7.76378068249271e-05,-0.00015189737002268002,-0.000149286996232368,-5.6274295194207996e-05,-5.14020744386055e-05,1.673906631928942,1.666840697021443,0.002785280026569502,1.8382826406604489,-0.0021657295117077486,1.4566900416263941
26.962,0.0,0.0,2.42927064384849e-05,9.794986846997941e-05,8.49432703562053e-05,-0.000148489153736142,-7.816166826187791e-05,-0.00014721456796931598,-0.000144325816379971,-4.756570227871239e-05,-5.6014531535656496e-05,1.673906631928942,1.666840697021443,0.002785280026569502,1.8382826406604489,-0.0021657295117077486,1.4566900416263941
26.982,0.0,0.0,2.11193562644438e-05,0.000103469718332031,8.26990981644125e-05,-0.00014129350480022199,-7.757575954283159e-05,-0.000142536149507549,-0.000137107223229357,-3.85394753345383e-05,-6.04705882243957e-05,1.673906631928942,1.666840697021443,0.002785280026569502,1.8382826406604489,-0.0021657295117077486,1.4566900416263941
27.002,0.0,0.0,1.75356520055883e-05,0.00010814561707082399,7.9554915921652e-05,-0.000132825162244343,-7.59055122120755e-05,-0.00013792947058928798,-0.00012764443838743201,-2.92762812275114e-05,-6.46977586924376e-05,1.673906631928942,1.666840697021443,0.002785280026569502,1.8382826406604489,-0.0021657295117077486,1.4566900416263941
27.022,0.0,0.0,1.3531311010535301e-05,0.00011185920768249899,7.562309158747379e-05,-0.000123161665814199,-7.319633866518969e-05,-0.000133452754976122,-0.000116024613515245,-1.9861493278993e-05,-6.862126980709979e-05,1.673906631928942,1.666840697021443,0.002785280026569502,1.8382826406604489,-0.0021657295117077486,1.4566900416263941
27.042,0.0,0.0,9.09031777558905e-06,0.00011450925168245401,7.10326031141154e-05,-0.000112397338571001,-6.9512114714898e-05,-0.00012915424993955902,-0.000102408539614423,-1.0382851698516499e-05,-7.216501560292092e-05,1.673906631928942,1.666840697021443,0.002785280026569502,1.8382826406604489,-0.0021657295117077486,1.4566900416263941
27.062,0.0,0.0,4.19592935521002e-06,0.00011601429453961899,6.59246490948934e-05,-0.000100640473006114,-6.49334409777446e-05,-0.00012507142870566798,-8.70272552357514e-05,-9.2839581355725e-07,-7.525345145052241e-05,1.673906631928942,1.666840697021443,0.002785280026569502,1.8382826406604489,-0.0021657295117077486,1.4566900416263941
27.082,0.0,0.0,-1.1638778658135701e-06,0.00011631428019626201,6.04480689976186e-05,-8.80107665304609e-05,-5.95555858658338e-05,-0.000121231125072355,-7.01755481600636e-05,8.41592163576492e-06,-7.78132258984717e-05,1.673906631928942,1.666840697021443,0.002785280026569502,1.8382826406604489,-0.0021657295117077486,1.4566900416263941
27.102,0.0,0.0,-6.99087976469009e-06,0.000115371285881994,5.4754421889349103e-05,-7.4636937156736e-05,-5.34863230879081e-05,-0.00011764990898312199,-5.22028466281193e-05,1.75683255410047e-05,-7.97755353215655e-05,1.673906631928942,1.666840697021443,0.002785280026569502,1.8382826406604489,-0.0021657295117077486,1.4566900416263941
27.122,0.0,0.0,-1.32714804444773e-05,0.000113169809392667,4.89934574282319e-05,-6.0654560239691294e-05,-4.68438289660769e-05,-0.00011433516684845401,-3.3501982432942605e-05,2.6453255562284e-05,-8.10779016678563e-05,1.673906631928942,1.666840697021443,0.002785280026569502,1.8382826406604489,-0.0021657295117077486,1.4566900416263941
27.142,0.0,0.0,-1.9972338383912197e-05,0.000109715748480291,4.33087773988951e-05,-4.62042957655448e-05,-3.97542893155975e-05,-0.00011128620593853502,-1.4495911672505701e-05,3.50029784417097e-05,-8.16666532524149e-05,1.673906631928942,1.666840697021443,0.002785280026569502,1.8382826406604489,-0.0021657295117077486,1.4566900416263941
27.162,0.0,0.0,-2.70375301346353e-05,0.000105034758513755,3.78342015287655e-05,-3.14303459952821e-05,-3.23497220857346e-05,-0.000108496056363224,4.37615712573459e-06,4.315915658987029e-05,-8.149869723323579e-05,1.673906631928942,1.666840697021443,0.002785280026569502,1.8382826406604489,-0.0021657295117077486,1.4566900416263941
27.182,0.0,0.0,-3.43870115759589e-05,9.917024655992009e-05,3.26908388178284e-05,-1.64789944245747e-05,-2.4765799161790198e-05,-0.000105953106643813,2.26738972668324e-05,5.0873652239757794e-05,-8.054311355061569e-05,1.673906631928942,1.666840697021443,0.002785280026569502,1.8382826406604489,-0.0021657295117077486,1.4566900416263941
27.202,0.0,0.0,-4.1916923622130394e-05,9.21806761301786e-05,2.79846248850143e-05,-1.49706102831264e-06,-1.71396017505229e-05,-0.000103642809735645,3.9970791150540004e-05,5.81090415005681e-05,-7.87825160613e-05,1.673906631928942,1.666840697021443,0.002785280026569502,1.8382826406604489,-0.0021657295117077486,1.4566900416263941
27.222,0.0,0.0,-4.9502040523317105e-05,8.41365781248162e-05,2.38048946935777e-05,1.33700262319823e-05,-9.60742191229364e-06,-0.000101549514692272,5.586871824901221e-05,6.48384004976098e-05,-7.62136272149317e-05,1.673906631928942,1.666840697021443,0.002785280026569502,1.8382826406604489,-0.0021657295117077486,1.4566900416263941
27.242,0.0,0.0,-5.6999583577729897e-05,7.51177676191299e-05,2.0223838996799104e-05,2.7980422928227697e-05,-2.30254439299547e-06,-9.96580293993661e-05,7.00116886001666e-05,7.10447294272235e-05,-7.284750196199179e-05,1.673906631928942,1.666840697021443,0.002785280026569502,1.8382826406604489,-0.0021657295117077486,1.4566900416263941
27.262,0.0,0.0,-6.42551890010843e-05,6.521048268582379e-05,1.72961929332064e-05,4.219850453704079e-05,4.64699666166687e-06,-9.79547808474163e-05,8.209794266924591e-05,7.67195117196723e-05,-6.8709235463456e-05,1.673906631928942,1.666840697021443,0.002785280026569502,1.8382826406604489,-0.0021657295117077486,1.4566900416263941
27.282,0.0,0.0,-7.11099440843958e-05,5.45047366480061e-05,1.5059660681185e-05,5.58979129997894e-05,1.11207740451321e-05,-9.64289601472475e-05,9.189037005234741e-05,8.18610706847371e-05,-6.38369635515305e-05,1.673906631928942,1.666840697021443,0.002785280026569502,1.8382826406604489,-0.0021657295117077486,1.4566900416263941
27.302,0.0,0.0,-7.74085151471315e-05,4.3092365840483294e-05,1.3535955273871001e-05,6.89645395169597e-05,1.70082227476746e-05,-9.50729774637558e-05,9.92243037849025e-05,8.64722667910896e-05,-5.828032808036589e-05,1.673906631928942,1.666840697021443,0.002785280026569502,1.8382826406604489,-0.0021657295117077486,1.4566900416263941
27.322,0.0,0.0,-8.30073273147222e-05,3.1065364890046504e-05,1.27318501973884e-05,8.129933657776559e-05,2.2211090256869298e-05,-9.388271548356429e-05,0.000104012771084804,9.055810283933359e-05,-5.2098891057108797e-05,1.673906631928942,1.666840697021443,0.002785280026569502,1.8382826406604489,-0.0021657295117077486,1.4566900416263941
27.342,0.0,0.0,-8.77827690992797e-05,1.85147492731362e-05,1.26405017894117e-05,9.28206563218982e-05,2.66455932142599e-05,-9.285725286486641e-05,0.000106248632059425,9.41231218762412e-05,-4.53597910054433e-05,1.673906631928942,1.666840697021443,0.002785280026569502,1.8382826406604489,-0.0021657295117077486,1.4566900416263941
27.362,0.0,0.0,-9.163815352123531e-05,5.5301780223151396e-06,1.32428401110638e-05,0.00010346559987535,3.02446696825641e-05,-9.19983263333202e-05,0.000106003488585965,9.716900001089659e-05,-3.81356570940652e-05,1.673906631928942,1.666840697021443,0.002785280026569502,1.8382826406604489,-0.0021657295117077486,1.4566900416263941
27.382,0.0,0.0,-9.45091135616886e-05,-7.80036837083461e-06,1.45089688192056e-05,0.00011318996030167099,3.29598583975116e-05,-9.130927620530849e-05,0.000103423969012945,9.969224311656221e-05,-3.0502447883351802e-05,1.673906631928942,1.666840697021443,0.002785280026569502,1.8382826406604489,-0.0021657295117077486,1.4566900416263941
27.402,0.0,0.0,-9.63670876331354e-05,-2.13901848610159e-05,1.63993711793808e-05,0.00012196719817989099,3.4762859773581e-05,-9.07938850591543e-05,9.87245816100153e-05,0.000101682469180491,-2.25370429438165e-05,1.673906631928942,1.666840697021443,0.002785280026569502,1.8382826406604489,-0.0021657295117077486,1.4566900416263941
27.422,0.0,0.0,-9.72201709908075e-05,-3.51534057731238e-05,1.8866130408082603e-05,0.000129785492332253,3.5646558912279296e-05,-9.045488928677741e-05,9.217871390172429e-05,0.000103121211113699,-1.4315631703190399e-05,1.673906631928942,1.666840697021443,0.002785280026569502,1.8382826406604489,-0.0021657295117077486,1.4566900416263941
27.442,0.0,0.0,-9.71113221058934e-05,-4.9004558738781e-05,2.18539829249914e-05,0.000136643675346299,3.56257633301873e-05,-9.02925708455363e-05,8.410745733972829e-05,0.00010398155572562,-5.91194950786463e-06,1.673906631928942,1.666840697021443,0.002785280026569502,1.8382826406604489,-0.0021657295117077486,1.4566900416263941
27.462,0.0,0.0,-9.611425865887991e-05,-6.28580684867116e-05,2.5301336147014003e-05,0.000142546456204358,3.47368991754359e-05,-9.03031790641083e-05,7.486738496474571e-05,0.000104228325901363,2.60406799460315e-06,1.673906631928942,1.666840697021443,0.002785280026569502,1.8382826406604489,-0.0021657295117077486,1.4566900416263941
27.482,0.0,0.0,-9.432700523227671e-05,-7.662793884270029e-05,2.9141072323669e-05,0.000147498893623431,3.3037199100036305e-05,-9.047766497214309e-05,6.483755070498311e-05,0.000103819382479169,1.1166999506544199e-05,1.673906631928942,1.666840697021443,0.002785280026569502,1.8382826406604489,-0.0021657295117077486,1.4566900416263941
27.502,0.0,0.0,-9.1864114576285e-05,-9.02279427254216e-05,3.33015529362224e-05,0.000151501571965776,3.06032933930083e-05,-9.080061945991079e-05,5.44069092885106e-05,0.000102707521801808,1.9716576536242103e-05,1.673906631928942,1.666840697021443,0.002785280026569502,1.8382826406604489,-0.0021657295117077486,1.4566900416263941
27.522,0.0,0.0,-8.884795052279471e-05,-0.000103571796269939,3.77075294212536e-05,0.000154546695711662,2.75288129166901e-05,-9.12495362486735e-05,4.39621491619236e-05,0.000100843212464192,2.8197791859410902e-05,1.673906631928942,1.666840697021443,0.002785280026569502,1.8382826406604489,-0.0021657295117077486,1.4566900416263941
27.542,0.0,0.0,-8.54005025225697e-05,-0.00011657371870838501,4.22809689642858e-05,0.000156615867574827,2.3921648366872e-05,-9.179470790613051e-05,3.38770291456049e-05,9.81779012604712e-05,3.65608809252171e-05,1.673906631928942,1.666840697021443,0.002785280026569502,1.8382826406604489,-0.0021657295117077486,1.4566900416263941
27.562,0.0,0.0,-8.163581514450341e-05,-0.00012914952867858602,4.69419709247975e-05,0.000157680017136423,1.99005956379501e-05,-9.239941841427691e-05,2.45029837771193e-05,9.46676451772994e-05,4.47610799917824e-05,1.673906631928942,1.666840697021443,0.002785280026569502,1.8382826406604489,-0.0021657295117077486,1.4566900416263941
27.582,0.0,0.0,-7.765430165259391e-05,-0.000141217259591489,5.1609979242827004e-05,0.000157702007251506,1.55917129020827e-05,-9.3020835636422e-05,1.61615260052656e-05,9.02771656473545e-05,5.27583080179036e-05,1.673906631928942,1.666840697021443,0.002785280026569502,1.8382826406604489,-0.0021657295117077486,1.4566900416263941
27.602,0.0,0.0,-7.353916764410071e-05,-0.000152698460428469,5.620466403402579e-05,0.000156641027434276,1.11244163020746e-05,-9.3611254119685e-05,9.13816559056245e-06,8.49836671687226e-05,6.051686909898721e-05,1.673906631928942,1.666840697021443,0.002785280026569502,1.8382826406604489,-0.0021657295117077486,1.4566900416263941
27.622,0.0,0.0,-6.93547976001309e-05,-0.00016351895604855,6.06468981227447e-05,0.00015445915093966102,6.62765140521486e-06,-9.412010613053409e-05,3.67794372320093e-06,7.87804847695196e-05,6.80052721894489e-05,1.673906631928942,1.666840697021443,0.002785280026569502,1.8382826406604489,-0.0021657295117077486,1.4566900416263941
27.642,0.0,0.0,-6.51472610338731e-05,-0.000173609632420771,6.48599042417839e-05,0.000151128805709113,2.22620875193627e-06,-9.44958596091756e-05,-1.77318763262637e-08,7.16802950237999e-05,7.51960740805821e-05,1.673906631928942,1.666840697021443,0.002785280026569502,1.8382826406604489,-0.0021657295117077486,1.4566900416263941
27.662,0.0,0.0,-6.0946372887451794e-05,-0.000182906953147602,6.87702749597074e-05,0.00014664054433843798,-1.9627282267521703e-06,-9.468863793749391e-05,-1.79367325815142e-06,6.37175948495525e-05,8.20659815107375e-05,1.673906631928942,1.666840697021443,0.002785280026569502,1.8382826406604489,-0.0021657295117077486,1.4566900416263941
27.682,0.0,0.0,-5.67684034564587e-05,-0.000191353308356562,7.23086256778503e-05,0.000141009934593721,-5.83260573694555e-06,-9.465267424958921e-05,-1.54208078804415e-06,5.4950059452781606e-05,8.859600445943029e-05,1.673906631928942,1.666840697021443,0.002785280026569502,1.8382826406604489,-0.0021657295117077486,1.4566900416263941
27.702,0.0,0.0,-5.26194255314536e-05,-0.000198896971367335,7.541082969246759e-05,0.000134283019355506,-9.29000136007944e-06,-9.43486602867127e-05,7.9628710732375e-07,4.54592744459577e-05,9.47717549157433e-05,1.673906631928942,1.666840697021443,0.002785280026569502,1.8382826406604489,-0.0021657295117077486,1.4566900416263941
27.722,0.0,0.0,-4.84984309056164e-05,-0.000205492064197449,7.80186734517278e-05,0.000126539373244651,-1.22566773962742e-05,-9.37459696948134e-05,5.23176305801052e-06,3.53500094811874e-05,0.000100583767811494,1.673906631928942,1.666840697021443,0.002785280026569502,1.8382826406604489,-0.0021657295117077486,1.4566900416263941
27.742,0.0,0.0,-4.4399809911609004e-05,-0.000211098342443398,8.00805708599958e-05,0.00011789254260691598,-1.46710149087322e-05,-9.28243926070744e-05,1.17261004173649e-05,2.47483390889522e-05,0.000106027857246333,1.673906631928942,1.666840697021443,0.002785280026569502,1.8382826406604489,-0.0021657295117077486,1.4566900416263941
27.762,0.0,0.0,-4.03155387172266e-05,-0.00021568108333444398,8.155231330589549e-05,0.000108487889296447,-1.6488911422156302e-05,-9.15752801507268e-05,2.0193695602405603e-05,1.3798846109320801e-05,0.00011110531552406201,1.673906631928942,1.666840697021443,0.002785280026569502,1.8382826406604489,-0.0021657295117077486,1.4566900416263941
27.782,0.0,0.0,-3.62368886363844e-05,-0.000219210883242106,8.239755981892459e-05,9.8497729403612e-05,-1.76841030395547e-05,-9.00021107162762e-05,3.0503768891047e-05,2.66064006365764e-06,0.000115822870451119,1.673906631928942,1.666840697021443,0.002785280026569502,1.8382826406604489,-0.0021657295117077486,1.4566900416263941
27.802,0.0,0.0,-3.21557931828083e-05,-0.00022166391536415097,8.25884446887735e-05,8.81148423838364e-05,-1.82481858994453e-05,-8.81201447618742e-05,4.24841190516975e-05,-8.497560353421358e-06,0.000120192684305781,1.673906631928942,1.666840697021443,0.002785280026569502,1.8382826406604489,-0.0021657295117077486,1.4566900416263941
27.822,0.0,0.0,-2.8066451564479303e-05,-0.000223022126934726,8.21057861104078e-05,7.754451412464691e-05,-1.81897857658735e-05,-8.595553539245601e-05,5.5925947637589795e-05,-1.9502891707363602e-05,0.000124231672419657,1.673906631928942,1.666840697021443,0.002785280026569502,1.8382826406604489,-0.0021657295117077486,1.4566900416263941
27.842,0.0,0.0,-2.39674906419908e-05,-0.000223273658853873,8.09394957567062e-05,6.69961019735266e-05,-1.75337065962096e-05,-8.35436569018038e-05,7.05905465730862e-05,-3.0184170450527002e-05,0.00012796094629755,1.673906631928942,1.666840697021443,0.002785280026569502,1.8382826406604489,-0.0021657295117077486,1.4566900416263941
27.862,0.0,0.0,-1.9864487437288396e-05,-0.00022241367953868902,7.908856330808441e-05,5.6675103906688296e-05,-1.63194553073831e-05,-8.09267289443557e-05,8.62166770469462e-05,-4.03780544544191e-05,0.000131404760005895,1.673906631928942,1.666840697021443,0.002785280026569502,1.8382826406604489,-0.0021657295117077486,1.4566900416263941
27.882,0.0,0.0,-1.57730151954616e-05,-0.000220445028903283,7.65611709784781e-05,4.67756695517362e-05,-1.45995700759958e-05,-7.815128994380699e-05,0.000102529099266423,-4.99347628222813e-05,0.00013458932230556102,1.673906631928942,1.666840697021443,0.002785280026569502,1.8382826406604489,-0.0021657295117077486,1.4566900416263941
27.902,0.0,0.0,-1.17221093375505e-05,-0.000217379240769143,7.3374414519001e-05,3.74746185168331e-05,-1.24373662644874e-05,-7.52652428974819e-05,0.000119247219245829,-5.87234299150505e-05,0.000137541432179808,1.673906631928942,1.666840697021443,0.002785280026569502,1.8382826406604489,-0.0021657295117077486,1.4566900416263941
27.922,0.0,0.0,-7.75753311992958e-06,-0.000213237252570877,6.95539173561885e-05,2.8927117146628003e-05,-9.905016361594509e-06,-7.23147103362295e-05,0.00013609373923041898,-6.66365933079633e-05,0.000140287280175335,1.673906631928942,1.666840697021443,0.002785280026569502,1.8382826406604489,-0.0021657295117077486,1.4566900416263941
27.942,0.0,0.0,-3.94403618825427e-06,-0.000208050353918525,6.5133437495827e-05,2.12633088489129e-05,-7.08089167381972e-06,-6.9341635841959e-05,0.000152802359964057,-7.359373657428621e-05,0.000142850985190141,1.673906631928942,1.666840697021443,0.002785280026569502,1.8382826406604489,-0.0021657295117077486,1.4566900416263941
27.962,0.0,0.0,-3.6661203443958203e-07,-0.000201860700314838,6.01543388080557e-05,1.4586664377273401e-05,-4.04696014249185e-06,-6.638117449503921e-05,0.000169124761711115,-7.954333625334158e-05,0.000145253610442466,1.673906631928942,1.666840697021443,0.002785280026569502,1.8382826406604489,-0.0021657295117077486,1.4566900416263941
27.982,0.0,0.0,2.87022608969922e-06,-0.000194721802133436,5.466464611065011e-05,8.97326522393269e-06,-8.86403444748011e-07,-6.34599232658513e-05,0.00018483602672663202,-8.44639256428532e-05,0.000147512420185071,1.673906631928942,1.666840697021443,0.002785280026569502,1.8382826406604489,-0.0021657295117077486,1.4566900416263941
28.002,0.0,0.0,5.64529499367035e-06,-0.00018669857987349,4.8718466182452e-05,4.47188065111033e-06,2.31913536737303e-06,-6.0594849923480604e-05,0.000199739006413849,-8.836348678517579e-05,0.000149640109205354,1.673906631928942,1.666840697021443,0.002785280026569502,1.8382826406604489,-0.0021657295117077486,1.4566900416263941
28.022,0.0,0.0,7.82582196485681e-06,-0.000177867253374696,4.23753586994113e-05,1.10447911560037e-06,5.49202774670615e-06,-5.7792812978174796e-05,0.000213667310163908,-9.12775854641615e-05,0.00015164503723361498,1.673906631928942,1.666840697021443,0.002785280026569502,1.8382826406604489,-0.0021657295117077486,1.4566900416263941
28.042,0.0,0.0,9.27455996145221e-06,-0.000168314674366159,3.56992499641652e-05,-1.13260504301465e-06,8.56078025644985e-06,-5.50508303688183e-05,0.000226487316318292,-9.32663836148664e-05,0.000153531506043225,1.673906631928942,1.666840697021443,0.002785280026569502,1.8382826406604489,-0.0021657295117077486,1.4566900416263941
28.062,0.0,0.0,9.85824131124975e-06,-0.00015813753212681002,2.8758037520676e-05,-2.26713147763251e-06,1.14623035227352e-05,-5.2357086006576705e-05,0.000238099055097359,-9.441060221743292e-05,0.000155300291795037,1.673906631928942,1.666840697021443,0.002785280026569502,1.8382826406604489,-0.0021657295117077486,1.4566900416263941
28.082,0.0,0.0,9.45725680369513e-06,-0.00014744090929533102,2.1622991488781302e-05,-2.34888434812502e-06,1.4143702978788199e-05,-4.9692491464473296e-05,0.000248436497420433,-9.48068986540245e-05,0.000156949861475248,1.673906631928942,1.666840697021443,0.002785280026569502,1.8382826406604489,-0.0021657295117077486,1.4566900416263941
28.102,0.0,0.0,7.97479055426276e-06,-0.000136336609976384,1.43679623420698e-05,-1.44670657414422e-06,1.65636245478266e-05,-4.70323820491714e-05,0.000257466683950768,-9.45627615175247e-05,0.000158477575243773,1.673906631928942,1.666840697021443,0.002785280026569502,1.8382826406604489,-0.0021657295117077486,1.4566900416263941
28.122,0.0,0.0,5.3452530755045305e-06,-0.000124941163235758,7.069200766408189e-06,3.55247538055371e-07,1.86934747662309e-05,-4.4348786506245e-05,0.00026518826651189504,-9.379130663489499e-05,0.000159880995316075,1.673906631928942,1.666840697021443,0.002785280026569502,1.8382826406604489,-0.0021657295117077486,1.4566900416263941
28.142,0.0,0.0,1.54061174782276e-06,-0.000113373381131734,-1.95276356730239e-07,2.96226503589665e-06,2.05180224058948e-05,-4.16125176246197e-05,0.000271628699771489,-9.260658256636109e-05,0.00016115921548303898,1.673906631928942,1.666840697021443,0.002785280026569502,1.8382826406604489,-0.0021657295117077486,1.4566900416263941
28.162,0.0,0.0,-3.42565027866997e-06,-0.000101751876719751,-7.34612032207193e-06,6.2744434061838796e-06,2.20357150017161e-05,-3.8795086319043605e-05,0.000276840299614423,-9.11189625512557e-05,0.000162314111891988,1.673906631928942,1.666840697021443,0.002785280026569502,1.8382826406604489,-0.0021657295117077486,1.4566900416263941
28.182,0.0,0.0,-9.497951467885671e-06,-9.01925213720301e-05,-1.43029896157682e-05,1.01926677713661e-05,2.32584702066245e-05,-3.58705160425397e-05,0.000280895361806021,-8.9431604517047e-05,0.000163351096600999,1.673906631928942,1.666840697021443,0.002785280026569502,1.8382826406604489,-0.0021657295117077486,1.4566900416263941
28.202,0.0,0.0,-1.65810716616266e-05,-7.8805686702573e-05,-2.09852609949716e-05,1.4624453669937301e-05,2.4211064674235198e-05,-3.2816833874327504e-05,0.000283879929953035,-8.76376302547437e-05,0.000164279762951823,1.673906631928942,1.666840697021443,0.002785280026569502,1.8382826406604489,-0.0021657295117077486,1.4566900416263941
28.222,0.0,0.0,-2.4545617044862e-05,-6.76939583670067e-05,-2.7312687520404898e-05,1.94893564736035e-05,2.4929988163594396e-05,-2.9616921523595502e-05,0.00028588704295528703,-8.58180544076815e-05,0.000165113998808931,1.673906631928942,1.666840697021443,0.002785280026569502,1.8382826406604489,-0.0021657295117077486,1.4566900416263941
28.242,0.0,0.0,-3.32354369129385e-05,-5.69497921075402e-05,-3.32061459263359e-05,2.4722895799580803e-05,2.5461852505966298e-05,-2.6259077896526398e-05,0.000287009755354454,-8.4040800628965e-05,0.000165871623581542,1.673906631928942,1.666840697021443,0.002785280026569502,1.8382826406604489,-0.0021657295117077486,1.4566900416263941
28.262,0.0,0.0,-4.2476888777159004e-05,-4.66539305513634e-05,-3.85887470569952e-05,3.0278949428856105e-05,2.58614832784832e-05,-2.2737309898166898e-05,0.000287334617109962,-8.23605865726735e-05,0.000166573627451683,1.673906631928942,1.666840697021443,0.002785280026569502,1.8382826406604489,-0.0021657295117077486,1.4566900416263941
28.282,0.0,0.0,-5.2087850233575105e-05,-3.6873982238545e-05,-4.33871151124169e-05,3.6130213905453295e-05,2.6189420805094298e-05,-1.9051187355651604e-05,0.000286935868861381,-8.081903807509359e-05,0.000167243032757066,1.673906631928942,1.666840697021443,0.002785280026569502,1.8382826406604489,-0.0021657295117077486,1.4566900416263941
28.302,0.0,0.0,-6.18860015890558e-05,-2.7663551635332203e-05,-4.75325095363452e-05,4.2265978570914794e-05,2.65092169080794e-05,-1.52055073324036e-05,0.000285871535926431,-7.94458759249359e-05,0.000167903452289136,1.673906631928942,1.666840697021443,0.002785280026569502,1.8382826406604489,-0.0021657295117077486,1.4566900416263941
28.322,0.0,0.0,-7.16957385130788e-05,-1.90620237074234e-05,-5.0962627214926295e-05,4.86881558236277e-05,2.68843674495571e-05,-1.12098383988445e-05,0.00028418119725317,-7.82601869015268e-05,0.000168577399652126,1.673906631928942,1.666840697021443,0.002785280026569502,1.8382826406604489,-0.0021657295117077486,1.4566900416263941
28.342,0.0,0.0,-8.13525362093041e-05,-1.10946784266831e-05,-5.36229616126424e-05,5.54054621554725e-05,2.73752870321575e-05,-7.0780826145770495e-06,0.000281885801916944,-7.72717841780861e-05,0.000169284734764674,1.673906631928942,1.666840697021443,0.002785280026569502,1.8382826406604489,-0.0021657295117077486,1.4566900416263941
28.362,0.0,0.0,-9.07054083064432e-05,-3.7731109073855798e-06,-5.5468501764436795e-05,6.24260957938301e-05,2.8035980937497996e-05,-2.82810154845786e-06,0.000278989511944806,-7.64827351516034e-05,0.000170040749145627,1.673906631928942,1.666840697021443,0.002785280026569502,1.8382826406604489,-0.0021657295117077486,1.4566900416263941
28.382,0.0,0.0,-9.96171749233575e-05,2.90373571907239e-06,-5.64652889184537e-05,6.9749896916054e-05,2.89112740354645e-05,1.51856531845209e-06,0.00027548324733095696,-7.588883727971941e-05,0.00017085516195988602,1.673906631928942,1.666840697021443,0.002785280026569502,1.8382826406604489,-0.0021657295117077486,1.4566900416263941
28.402,0.0,0.0,-0.000107963471944026,8.94863631056082e-06,-5.6591717825611e-05,7.73608204581056e-05,3.0034148586516603e-05,5.93698005438258e-06,0.0002713492279593,-7.54807547889633e-05,0.000171730822491414,1.673906631928942,1.666840697021443,0.002785280026569502,1.8382826406604489,-0.0021657295117077486,1.4566900416263941
28.422,0.0,0.0,-0.000115631156567772,1.4384867432856101e-05,-5.58397952800575e-05,8.522000554943571e-05,3.1423684520413104e-05,1.0398834840355801e-05,0.00026656628485707004,-7.524495656096659e-05,0.00017266308993441398,1.673906631928942,1.666840697021443,0.002785280026569502,1.8382826406604489,-0.0021657295117077486,1.4566900416263941
28.442,0.0,0.0,-0.000122516636530388,1.9244792845137698e-05,-5.4215925004528e-05,9.32606420031825e-05,3.30837873530242e-05,1.4872544398896698e-05,0.000261115216364469,-7.51645904786612e-05,0.000173639924660357,1.673906631928942,1.666840697021443,0.002785280026569502,1.8382826406604489,-0.0021657295117077486,1.4566900416263941
28.462,0.0,0.0,-0.00012852463483870402,2.35685914824115e-05,-5.17414051518567e-05,0.00010138517827489,3.50026941532576e-05,1.93233438559789e-05,0.000254983641287485,-7.52198229425886e-05,0.000174642151240698,1.673906631928942,1.666840697021443,0.002785280026569502,1.8382826406604489,-0.0021657295117077486,1.4566900416263941
28.482,0.0,0.0,-0.00013356785012477702,2.7402880483738e-05,-4.84524559865025e-05,0.000109464868003869,3.71533470603203e-05,2.37133917595065e-05,0.000248170020877168,-7.53883703441897e-05,0.000175644332936741,1.673906631928942,1.666840697021443,0.002785280026569502,1.8382826406604489,-0.0021657295117077486,1.4566900416263941
28.502,0.0,0.0,-0.000137567258989799,3.07993512885167e-05,-4.43997200992021e-05,0.000117342254883722,3.9494852116893395e-05,2.8002098635573803e-05,0.00024068666248707203,-7.56453870462258e-05,0.00017661645144364298,1.673906631928942,1.666840697021443,0.002785280026569502,1.8382826406604489,-0.0021657295117077486,1.4566900416263941
28.522,0.0,0.0,-0.000140452734135583,3.3813328220992306e-05,-3.9647401651117295e-05,0.00012483647608155801,4.19746634568099e-05,3.21465114922878e-05,0.00023256157923042998,-7.59639013439568e-05,0.00017752558601511498,1.673906631928942,1.666840697021443,0.002785280026569502,1.8382826406604489,-0.0021657295117077486,1.4566900416263941
28.542,0.0,0.0,-0.000142164129715817,3.6502389175866206e-05,-3.42718160055763e-05,0.000131750705091131,4.4531590024697e-05,3.6102058675044e-05,0.00022383910940529302,-7.63147114994083e-05,0.000178337993745596,1.673906631928942,1.666840697021443,0.002785280026569502,1.8382826406604489,-0.0021657295117077486,1.4566900416263941
28.562,0.0,0.0,-0.00014265187480114,3.89248586664975e-05,-2.8359466393326002e-05,0.00013788141928021202,4.709946614269389e-05,3.9823295585278e-05,0.000214579697774981,-7.66665602890251e-05,0.00017902161501431,1.673906631928942,1.666840697021443,0.002785280026569502,1.8382826406604489,-0.0021657295117077486,1.4566900416263941
28.582,0.0,0.0,-0.00014187735123901798,4.11382270042854e-05,-2.20048854100438e-05,0.000143028889324382,4.96108809914312e-05,4.32652559809622e-05,0.00020485893911406598,-7.698648781977371e-05,0.00017954851263264399,1.673906631928942,1.666840697021443,0.002785280026569502,1.8382826406604489,-0.0021657295117077486,1.4566900416263941
28.602,0.0,0.0,-0.000139812666681579,4.31979311825867e-05,-1.53079718885667e-05,0.00014700780604001202,5.20013378381522e-05,4.6384538920571704e-05,0.00019476602757377199,-7.72400303547441e-05,0.000179897029810812,1.673906631928942,1.666840697021443,0.002785280026569502,1.8382826406604489,-0.0021657295117077486,1.4566900416263941
28.622,0.0,0.0,-0.000136440416982155,4.5155499849629e-05,-8.37122536991809e-06,0.000149657479520045,5.4212672935356705e-05,4.914083054068329e-05,0.000184402003952328,-7.739166794585079e-05,0.00018005428991358302,1.673906631928942,1.666840697021443,0.002785280026569502,1.8382826406604489,-0.0021657295117077486,1.4566900416263941
28.642,0.0,0.0,-0.00013175274733145901,4.7057460921169606e-05,-1.2966687330550698e-06,0.00015085107192299598,5.61962935916303e-05,5.1498654859105e-05,0.000173878016761027,-7.74054355496325e-05,0.00018001786128588602,1.673906631928942,1.666840697021443,0.002785280026569502,1.8382826406604489,-0.0021657295117077486,1.4566900416263941
28.662,0.0,0.0,-0.000125751013139351,4.89442111089557e-05,5.81693631043482e-06,0.00015050320654269098,5.79157768810594e-05,5.3428769248921795e-05,0.00016331359253203402,-7.72453333533278e-05,0.000179797190033646,1.673906631928942,1.666840697021443,0.002785280026569502,1.8382826406604489,-0.0021657295117077486,1.4566900416263941
28.682,0.0,0.0,-0.00011844542564787,5.08489056766887e-05,1.28771093840482e-05,0.00014857571046408,5.9348162622654893e-05,5.49097737133286e-05,0.00015283503540481998,-7.687589802674159e-05,0.000179414706791923,1.673906631928942,1.666840697021443,0.002785280026569502,1.8382826406604489,-0.0021657295117077486,1.4566900416263941
28.702,0.0,0.0,-0.00010985505239226999,5.2796855045928206e-05,1.98002913024033e-05,0.000145081353004222,6.0484554576802896e-05,5.59296544702615e-05,0.000142574042441699,-7.62627212870748e-05,0.000178906110472458,1.673906631928942,1.666840697021443,0.002785280026569502,1.8382826406604489,-0.0021657295117077486,1.4566900416263941
28.722,0.0,0.0,-0.000100008144917831,5.48052135799741e-05,2.65141158454193e-05,0.00014008568765051698,6.13298512617879e-05,5.64868188712082e-05,0.00013266610658911498,-7.537286904710809e-05,0.000178320044940016,1.673906631928942,1.666840697021443,0.002785280026569502,1.8382826406604489,-0.0021657295117077486,1.4566900416263941
28.742,0.0,0.0,-8.89426630675163e-05,5.688290261631021e-05,3.29591720416987e-05,0.000133706438845729,6.190123660503621e-05,5.65912362132545e-05,0.000123249025140098,-7.41750578388943e-05,0.000177717497168507,1.673906631928942,1.666840697021443,0.002785280026569502,1.8382826406604489,-0.0021657295117077486,1.4566900416263941
28.762,0.0,0.0,-7.6706585924816e-05,5.9030663255888e-05,3.90904808913449e-05,0.00012611074329909398,6.22260522421519e-05,5.6264964133482e-05,0.000114460687734121,-7.26400984294918e-05,0.000177170057477312,1.673906631928942,1.666840697021443,0.002785280026569502,1.8382826406604489,-0.0021657295117077486,1.4566900416263941
28.782,0.0,0.0,-6.33582466181071e-05,6.12418331656682e-05,4.487800151388521e-05,0.00011751020666805901,6.23393919769592e-05,5.55424244509356e-05,0.00010643648270807601,-7.074077409284591e-05,0.000176757901951899,1.673906631928942,1.666840697021443,0.002785280026569502,1.8382826406604489,-0.0021657295117077486,1.4566900416263941
28.802,0.0,0.0,-4.8966270686582204e-05,6.35027427216676e-05,5.03066200420159e-05,0.000108153141119993,6.22808359589478e-05,5.447022338435829e-05,9.93059967417845e-05,-6.845208965133421e-05,0.00017656730675836999,1.673906631928942,1.666840697021443,0.002785280026569502,1.8382826406604489,-0.0021657295117077486,1.4566900416263941
28.822,0.0,0.0,-3.36095313976264e-05,6.57936616854117e-05,5.5375479497011294e-05,9.8314341263215e-05,6.20912854750244e-05,5.31064303414002e-05,9.318894132120309e-05,-6.57512290457992e-05,0.000176687407958947,1.673906631928942,1.666840697021443,0.002785280026569502,1.8382826406604489,-0.0021657295117077486,1.4566900416263941
28.842,0.0,0.0,-1.73767280490016e-05,6.80898414919253e-05,6.00966349379959e-05,8.828259976671171e-05,6.181000786173521e-05,5.15195069529677e-05,8.81904223326511e-05,-6.26178790506479e-05,0.000177206528676504,1.673906631928942,1.666840697021443,0.002785280026569502,1.8382826406604489,-0.0021657295117077486,1.4566900416263941
28.862,0.0,0.0,-3.66378813805951e-07,7.0362443938376e-05,6.44927726443536e-05,7.83460166490553e-05,6.14716022950159e-05,4.97865037819383e-05,8.439587159030941e-05,-5.9034303373139894e-05,0.000178208739587628,1.673906631928942,1.666840697021443,0.002785280026569502,1.8382826406604489,-0.0021657295117077486,1.4566900416263941
28.882,0.0,0.0,1.73131332455458e-05,7.2579757759561e-05,6.859497315168531e-05,6.87760615198076e-05,6.11034615869475e-05,4.79910893317255e-05,8.186622353757951e-05,-5.49860380163598e-05,0.000179769736489853,1.673906631928942,1.666840697021443,0.002785280026569502,1.8382826406604489,-0.0021657295117077486,1.4566900416263941
28.902,0.0,0.0,3.5542977006641205e-05,7.470834466131941e-05,7.243956418872809e-05,5.9811603810420494e-05,6.0723859071005394e-05,4.622074022262971e-05,8.06329637423103e-05,-5.04623814594631e-05,0.000181952864414827,1.673906631928942,1.666840697021443,0.002785280026569502,1.8382826406604489,-0.0021657295117077486,1.4566900416263941
28.922,0.0,0.0,5.41933615220478e-05,7.67141957093102e-05,7.60650822380406e-05,5.16437348617039e-05,6.034048985431129e-05,4.45639974344693e-05,8.0694571435165e-05,-4.5457382800395896e-05,0.000184805545851837,1.673906631928942,1.666840697021443,0.002785280026569502,1.8382826406604489,-0.0021657295117077486,1.4566900416263941
28.942,0.0,0.0,7.31228247285708e-05,7.856394819909692e-05,7.950887442513679e-05,4.44032867754201e-05,5.994958609939239e-05,4.3107051752427504e-05,8.20139256151485e-05,-3.99709513941132e-05,0.000188355893865234,1.673906631928942,1.666840697021443,0.002785280026569502,1.8382826406604489,-0.0021657295117077486,1.4566900416263941
28.962,0.0,0.0,9.21779891398432e-05,8.0226082486136e-05,8.28041520572034e-05,3.81521439216712e-05,5.95358910109441e-05,4.19303392258155e-05,8.45175453009633e-05,-3.40099336725257e-05,0.000192609538784515,1.673906631928942,1.666840697021443,0.002785280026569502,1.8382826406604489,-0.0021657295117077486,1.4566900416263941
28.982,0.0,0.0,0.000111194342141872,8.16719858310542e-05,8.5977280276224e-05,3.2879643172705e-05,5.9073085656072806e-05,4.11053210984026e-05,8.80964935257957e-05,-2.75895564364156e-05,0.000197547529964542,1.673906631928942,1.666840697021443,0.002785280026569502,1.8382826406604489,-0.0021657295117077486,1.4566900416263941
29.002,0.0,0.0,0.000129998059738476,8.287707017265379e-05,8.904557903643929e-05,2.8504448749958698e-05,5.8525018587301504e-05,4.06910359410035e-05,9.260988103028109e-05,-2.07344388103829e-05,0.000203124778498377,1.673906631928942,1.666840697021443,0.002785280026569502,1.8382826406604489,-0.0021657295117077486,1.4566900416263941
29.022,0.0,0.0,0.00014840929836846699,8.382171961851271e-05,9.20159446459505e-05,2.48826926121518e-05,5.7847471904264794e-05,4.07313600802688e-05,9.788997047997421e-05,-1.34796444801372e-05,0.00020926932237416202,1.673906631928942,1.666840697021443,0.002785280026569502,1.8382826406604489,-0.0021657295117077486,1.4566900416263941
29.042,0.0,0.0,0.000166247023509828,8.44921314549101e-05,9.48844105103763e-05,2.18210686180522e-05,5.6990405306505393e-05,4.12525371782861e-05,0.000103749658763081,-5.87135018391884e-06,0.00021588295197371002,1.673906631928942,1.666840697021443,0.002785280026569502,1.8382826406604489,-0.0021657295117077486,1.4566900416263941
29.062,0.0,0.0,0.00018333488659296102,8.48808655852841e-05,9.763636160276059e-05,1.90949066855064e-05,5.5900649727346804e-05,4.2261471188468106e-05,0.00010999153277235401,2.0330899078180902e-06,0.00022284258817826201,1.673906631928942,1.666840697021443,0.002785280026569502,1.8382826406604489,-0.0021657295117077486,1.4566900416263941
29.082,0.0,0.0,0.000199507612294041,8.498741434002479e-05,0.000100247925440126,1.64685611841297e-05,5.45250819887345e-05,4.3744795408457e-05,0.000116418168690066,1.01653860141389e-05,0.000230002842900967,1.673906631928942,1.666840697021443,0.002785280026569502,1.8382826406604489,-0.0021657295117077486,1.4566900416263941
29.102,0.0,0.0,0.000214617345151993,8.48183271520283e-05,0.000102688114802016,1.37171282499681e-05,5.2813729332997205e-05,4.56685920669775e-05,0.000122843096807554,1.8447394109365803e-05,0.00023719979504322998,1.673906631928942,1.666840697021443,0.002785280026569502,1.8382826406604489,-0.0021657295117077486,1.4566900416263941
29.122,0.0,0.0,0.00022853907411430602,8.43869776610403e-05,0.000104921619539729,1.06467901403865e-05,5.0722804218120395e-05,4.79793667649812e-05,0.000129101639330422,2.67926350137198e-05,0.000244255567115161,1.673906631928942,1.666840697021443,0.002785280026569502,1.8382826406604489,-0.0021657295117077486,1.4566900416263941
29.142,0.0,0.0,0.00024117415231602902,8.37132040205787e-05,0.000106912220679485,7.11218291313569e-06,4.8217991112648904e-05,5.0605697574278005e-05,0.000135060932043576,3.51084474467612e-05,0.00025098398549035,1.673906631928942,1.666840697021443,0.002785280026569502,1.8382826406604489,-0.0021657295117077486,1.4566900416263941
29.162,0.0,0.0,0.000252451535513566,8.28225752164034e-05,0.00010862633642634101,3.02863915599053e-06,4.527693587600779e-05,5.3460660142239395e-05,0.00014062783550939,4.32986700480191e-05,0.000257196825082323,1.673906631928942,1.666840697021443,0.002785280026569502,1.8382826406604489,-0.0021657295117077486,1.4566900416263941
29.182,0.0,0.0,0.000262326842582718,8.17450184079104e-05,0.000110036638723299,-1.62154165805671e-06,4.18914948713295e-05,5.6445318203301096e-05,0.000145754789627272,5.12664800285438e-05,0.000262710431403991,1.673906631928942,1.666840697021443,0.002785280026569502,1.8382826406604489,-0.0021657295117077486,1.4566900416263941
29.202,0.0,0.0,0.000270778408596806,8.051351018786179e-05,0.00011112541569629499,-6.78937356994106e-06,3.8069271141643105e-05,5.94526363505781e-05,0.000150442061116527,5.89176316272635e-05,0.000267352599167037,1.673906631928942,1.666840697021443,0.002785280026569502,1.8382826406604489,-0.0021657295117077486,1.4566900416263941
29.222,0.0,0.0,0.000277801938905053,7.916235825135992e-05,0.000111887211239456,-1.2366339251166801e-05,3.38345586711703e-05,6.2371683557667e-05,0.000154736993119604,6.61635036198778e-05,0.000270969449770827,1.673906631928942,1.666840697021443,0.002785280026569502,1.8382826406604489,-0.0021657295117077486,1.4566900416263941
29.242,0.0,0.0,0.00028340391236104,7.77249185292325e-05,0.00011233086572389699,-1.81969093113144e-05,2.9228351416043104e-05,6.509227938926229e-05,0.000158729235573325,7.29238775676785e-05,0.000273431522814441,1.673906631928942,1.666840697021443,0.002785280026569502,1.8382826406604489,-0.0021657295117077486,1.4566900416263941
29.262,0.0,0.0,0.000287594868690537,7.62319496361968e-05,0.00011248052604668899,-2.40954124809407e-05,2.4307831705053603e-05,6.750952513947671e-05,0.000162543121387011,7.912950179870721e-05,0.000274639392671513,1.673906631928942,1.666840697021443,0.002785280026569502,1.8382826406604489,-0.0021657295117077486,1.4566900416263941
29.282,0.0,0.0,0.000290383750157223,7.47093871647137e-05,0.000112375653998007,-2.9865195766012202e-05,1.91448610303852e-05,6.952796981854959e-05,0.00016632685551191102,8.47239015922624e-05,0.000274527973108443,1.673906631928942,1.666840697021443,0.002785280026569502,1.8382826406604489,-0.0021657295117077486,1.4566900416263941
29.302,0.0,0.0,0.000291774315684706,7.317641986283209e-05,0.00011206992193866999,-3.5318115188652e-05,1.38240552899452e-05,7.1065443723562e-05,0.000170239820537498,8.96644897388528e-05,0.000273069692746856,1.673906631928942,1.666840697021443,0.002785280026569502,1.8382826406604489,-0.0021657295117077486,1.4566900416263941
29.322,0.0,0.0,0.000291763718307985,7.16442006173078e-05,0.000111629306404679,-4.0291765202887895e-05,8.440041253576939e-06,7.205617134288391e-05,0.00017443881901008998,9.392308599494209e-05,0.000270276152733154,1.673906631928942,1.666840697021443,0.002785280026569502,1.8382826406604489,-0.0021657295117077486,1.4566900416263941
29.342,0.0,0.0,0.000290344041090287,7.01146292086524e-05,0.000111129261261645,-4.4663592977737e-05,3.0944931494227e-06,7.245312380673191e-05,0.000179063810311426,9.74854612569092e-05,0.00026619794786856004,1.673906631928942,1.666840697021443,0.002785280026569502,1.8382826406604489,-0.0021657295117077486,1.4566900416263941
29.362,0.0,0.0,0.00028750627203737205,6.857973393473809e-05,0.000110651327421698,-4.83597752784471e-05,-2.10730140315429e-06,7.222932015532e-05,0.0001842247360559,0.000100350543287336,0.000260923229256225,1.673906631928942,1.666840697021443,0.002785280026569502,1.8382826406604489,-0.0021657295117077486,1.4566900416263941
29.382,0.0,0.0,0.00028324599920426897,6.7021897608951e-05,0.000110279509039668,-5.13584852935288e-05,-7.05999171754561e-06,7.13785849240734e-05,0.000189989809382757,0.000102528675906123,0.000254574511088822,1.673906631928942,1.666840697021443,0.002785280026569502,1.8382826406604489,-0.0021657295117077486,1.4566900416263941
29.402,0.0,0.0,0.00027757015750615497,6.541427518286779e-05,0.00011009636435238601,-5.3687731655743e-05,-1.16617297520767e-05,6.991488795944871e-05,0.00019637648558199,0.000104039652838726,0.00024730394142569,1.673906631928942,1.666840697021443,0.002785280026569502,1.8382826406604489,-0.0021657295117077486,1.4566900416263941
29.422,0.0,0.0,0.000270503698523761,6.37220593573435e-05,0.00011017945868046499,-5.541821537436011e-05,-1.5817574091405702e-05,6.787117371802551e-05,0.00020334543883665,0.000104910567512703,0.00023928782527699502,1.673906631928942,1.666840697021443,0.002785280026569502,1.8382826406604489,-0.0021657295117077486,1.4566900416263941
29.442,0.0,0.0,0.000262095121657455,6.19041573034068e-05,0.000110598291501223,-5.6652087061534996e-05,-1.9442614342888e-05,6.52974324014595e-05,0.000210798127781134,0.00010517354127989,0.00023071988058002003,1.673906631928942,1.666840697021443,0.002785280026569502,1.8382826406604489,-0.0021657295117077486,1.4566900416263941
29.462,0.0,0.0,0.000252420256245441,5.99150915601729e-05,0.000111411476084716,-5.75095913604621e-05,-2.24646808572833e-05,6.22580477014017e-05,0.00021857850526583702,0.000104863309630549,0.000221804251942419,1.673906631928942,1.666840697021443,0.002785280026569502,1.8382826406604489,-0.0021657295117077486,1.4566900416263941
29.482,0.0,0.0,0.00024158397381981498,5.7707237412223596e-05,0.000112664963648121,-5.81149602253766e-05,-2.4826462370715302e-05,5.882884211994351e-05,0.00022647794899706498,0.00010401575870255999,0.00021274813562793,1.673906631928942,1.666840697021443,0.002785280026569502,1.8382826406604489,-0.0021657295117077486,1.4566900416263941
29.502,0.0,0.0,0.000229719317938715,5.5233505472815505e-05,0.00011439082919008101,-5.8582675959076794e-05,-2.64871082749779e-05,5.50938863168625e-05,0.00023424422609233798,0.00010266604969595201,0.000203754879556206,1.673906631928942,1.666840697021443,0.002785280026569502,1.8382826406604489,-0.0021657295117077486,1.4566900416263941
29.522,0.0,0.0,0.000216984805890642,5.24492522213434e-05,0.00011660684113184599,-5.90065979628067e-05,-2.7422945891232998e-05,5.11421867095339e-05,0.000241593602455664,0.00010084768485441,0.00019501729161002,1.673906631928942,1.666840697021443,0.002785280026569502,1.8382826406604489,-0.0021657295117077486,1.4566900416263941
29.542,0.0,0.0,0.000203559641178778,4.9314695277716e-05,0.00011931650603029099,-5.9451508460071705e-05,-2.7627737819005397e-05,4.7064645759709705e-05,0.00024822479459832297,9.85920355946227e-05,0.00018671183780659,1.673906631928942,1.666840697021443,0.002785280026569502,1.8382826406604489,-0.0021657295117077486,1.4566900416263941
29.562,0.0,0.0,0.000189638262780003,4.5797039308559e-05,0.000122509968361497,-5.99488650984484e-05,-2.71120630417852e-05,4.29511334712406e-05,0.00025383493746647997,9.592799639664459e-05,0.000178994069851419,1.673906631928942,1.666840697021443,0.002785280026569502,1.8382826406604489,-0.0021657295117077486,1.4566900416263941
29.582,0.0,0.0,0.000175423800071679,4.18718967170171e-05,0.00012616489431275502,-6.04962483548548e-05,-2.59020778586899e-05,3.8888113473786104e-05,0.00025813591410260697,9.288229370449101e-05,0.000171994829074626,1.673906631928942,1.666840697021443,0.002785280026569502,1.8382826406604489,-0.0021657295117077486,1.4566900416263941
29.602,0.0,0.0,0.00016112117097794,3.75246377544844e-05,0.000130247756163332,-6.10601107217886e-05,-2.40381111109477e-05,3.4956469089748404e-05,0.000260869871255752,8.948006583682791e-05,0.00016581797198931598,1.673906631928942,1.666840697021443,0.002785280026569502,1.8382826406604489,-0.0021657295117077486,1.4566900416263941
29.622,0.0,0.0,0.000146930411854372,3.27515040006951e-05,0.000134715173838565,-6.15818041072151e-05,-2.1572435836543802e-05,3.12302149777102e-05,0.000261823414540935,8.57452802877573e-05,0.000160539273316739,1.673906631928942,1.666840697021443,0.002785280026569502,1.8382826406604489,-0.0021657295117077486,1.4566900416263941
29.642,0.0,0.0,0.00013304014781218799,2.755984820044e-05,0.000139515009307651,-6.19853425965843e-05,-1.85670191368224e-05,2.77752734675867e-05,0.00026083933771985497,8.17015717674403e-05,0.000156206408762466,1.673906631928942,1.666840697021443,0.002785280026569502,1.8382826406604489,-0.0021657295117077486,1.4566900416263941
29.662,0.0,0.0,0.000119620811241558,2.19683330554955e-05,0.000144587497164398,-6.2186210404045e-05,-1.5091469824103699e-05,2.46490511262422e-05,0.000257825246318363,7.73727594408169e-05,0.00015284012511411298,1.673906631928942,1.666840697021443,0.002785280026569502,1.8382826406604489,-0.0021657295117077486,1.4566900416263941
29.682,0.0,0.0,0.00010681899021911899,1.6006703140631303e-05,0.00014986580810708998,-6.210002696906391e-05,-1.12206362996519e-05,2.19002667000108e-05,0.000252758692209665,7.27832879690465e-05,0.000150436339153425,1.673906631928942,1.666840697021443,0.002785280026569502,1.8382826406604489,-0.0021657295117077486,1.4566900416263941
29.702,0.0,0.0,9.475218977566479e-05,9.71495165642791e-06,0.000155276784057788,-6.16503682478109e-05,-7.032456599421651e-06,1.95690224435746e-05,0.000245689107180312,6.79584902872822e-05,0.000148968773060296,1.673906631928942,1.666840697021443,0.002785280026569502,1.8382826406604489,-0.0021657295117077486,1.4566900416263941
29.722,0.0,0.0,8.35045005271992e-05,3.14246134281613e-06,0.000160741244405646,-6.0774523648568894e-05,-2.60640263656582e-06,1.76873277395211e-05,0.00023673612056056002,6.29246153677807e-05,0.000148392455077476,1.673906631928942,1.666840697021443,0.002785280026569502,1.8382826406604489,-0.0021657295117077486,1.4566900416263941
29.742,0.0,0.0,7.312388193548829e-05,-3.6533832466866697e-06,0.00016617409346253702,-5.9427185034621304e-05,1.97826608589458e-06,1.62794845583311e-05,0.00022608534959472201,5.7708550304560496e-05,0.00014864724368812902,1.673906631928942,1.666840697021443,0.002785280026569502,1.8382826406604489,-0.0021657295117077486,1.4566900416263941
29.762,0.0,0.0,6.362115928305699e-05,-1.06085805269786e-05,0.00017148467873013502,-5.75817859939506e-05,6.64383691891022e-06,1.5362686830354502e-05,0.000213981745970517,5.23376127130693e-05,0.000149661694558357,1.673906631928942,1.666840697021443,0.002785280026569502,1.8382826406604489,-0.0021657295117077486,1.4566900416263941
29.782,0.0,0.0,5.49710460728885e-05,-1.7654381701938002e-05,0.000176577238932958,-5.52290318341152e-05,1.1315040178170699e-05,1.4947644819888199e-05,0.00020072131118028402,4.6839023896584496e-05,0.000151356953730137,1.673906631928942,1.666840697021443,0.002785280026569502,1.8382826406604489,-0.0021657295117077486,1.4566900416263941
29.802,0.0,0.0,4.71149689336375e-05,-2.47188996952811e-05,0.00018135134497490702,-5.2374162962047e-05,1.5920042394363e-05,1.5039096170946697e-05,0.000186641452003933,4.12395060847952e-05,0.00015365028200293402,1.673906631928942,1.666840697021443,0.002785280026569502,1.8382826406604489,-0.0021657295117077486,1.4566900416263941
29.822,0.0,0.0,3.9965910976257205e-05,-3.17289630544668e-05,0.000185703006840157,-4.90324650583125e-05,2.03913323510226e-05,1.56360906512554e-05,0.000172110562248312,3.5564912931946e-05,0.000156458488762241,1.673906631928942,1.666840697021443,0.002785280026569502,1.8382826406604489,-0.0021657295117077486,1.4566900416263941
29.842,0.0,0.0,3.34148631357304e-05,-3.8611970839796e-05,0.000189526056034296,-4.5224505197666496e-05,2.46662886636932e-05,1.67325367870107e-05,0.00015751675269291002,2.9839974642674297e-05,0.000159700979611579,1.673906631928942,1.666840697021443,0.002785280026569502,1.8382826406604489,-0.0021657295117077486,1.4566900416263941
29.862,0.0,0.0,2.7337575951693103e-05,-4.52974985319247e-05,0.000192714182599511,-4.0971519106399296e-05,2.8687940353474397e-05,1.83174255496892e-05,0.000143256285620583,2.4088267873611104e-05,0.000163302284649287,1.673906631928942,1.666840697021443,0.002785280026569502,1.8382826406604489,-0.0021657295117077486,1.4566900416263941
29.882,0.0,0.0,2.16024365866242e-05,-5.17186475186766e-05,0.00019516313074916599,-3.6292196319695395e-05,3.24056313288302e-05,2.03751407531334e-05,0.000129721426308539,1.83321779403963e-05,0.000167194237392035,1.673906631928942,1.666840697021443,0.002785280026569502,1.8382826406604489,-0.0021657295117077486,1.4566900416263941
29.902,0.0,0.0,1.60776366324763e-05,-5.78133712947511e-05,0.000196773757224272,-3.12007107178527e-05,3.57756872794633e-05,2.28857293051663e-05,0.000117287951861525,1.25932797418596e-05,0.000171317534280149,1.673906631928942,1.666840697021443,0.002785280026569502,1.8382826406604489,-0.0021657295117077486,1.4566900416263941
29.922,0.0,0.0,1.0638115976838302e-05,-6.35253238694541e-05,0.000197455168825026,-2.5707112254098103e-05,3.87618816187026e-05,2.58253656206204e-05,0.000106303073295788,6.89259527959984e-06,0.00017562297692848202,1.673906631928942,1.666840697021443,0.002785280026569502,1.8382826406604489,-0.0021657295117077486,1.4566900416263941
29.942,0.0,0.0,5.17155616427159e-06,-6.880448289283771e-05,0.000197128091452723,-1.9819830140626397e-05,4.1335858668420794e-05,2.9166565504359697e-05,9.70733478026563e-05,1.2509401707804e-06,0.00018007214670231,1.673906631928942,1.666840697021443,0.002785280026569502,1.8382826406604489,-0.0021657295117077486,1.4566900416263941
29.962,0.0,0.0,-4.16218355894136e-07,-7.36071389768024e-05,0.000195728290944814,-1.35497078131295e-05,4.3477408805723205e-05,3.28789086702687e-05,8.985378098245009e-05,-4.31063711354009e-06,0.000184637485475479,1.673906631928942,1.666840697021443,0.002785280026569502,1.8382826406604489,-0.0021657295117077486,1.4566900416263941
29.982,0.0,0.0,-6.19695402164159e-06,-7.78959704885053e-05,0.000193210015107175,-6.9157985493347504e-06,4.51743813138055e-05,3.6929519583606796e-05,8.48387170117338e-05,-9.7707172444763e-06,0.000189302119988825,1.673906631928942,1.666840697021443,0.002785280026569502,1.8382826406604489,-0.0021657295117077486,1.4566900416263941
