##############################################################################
# SALMON: Scalable Ab-initio Light-Matter simulator for Optics and Nanoscience
#
#                             Version 2.2.1
##############################################################################
  Libxc: [enabled] 6.2.2
   theory= tddft_pulse
 
 Total time step      =       15000
 Time step[fs]        =  2.000000000000000E-003
 Energy range         =        3000
 Energy resolution[eV]=  1.000000000000000E-002
Laser frequency     = 0.17 1.50[eV]
Pulse width of laser=     12.00000000      5.80000000[fs]
Laser intensity     =  0.22000000E+10  0.60000000E+12[W/cm^2]
delay time          =      0.00000000[fs]
   use of real value orbitals =  F
 ======
 MPI distribution:
   nproc_k     :         125
   nproc_ob    :           4
   nproc_rgrid :           3           2           3
 OpenMP parallelization:
   number of threads :           1
 hpsi stencil:
   enables hand-coding vectorization : F
   enables openmp parallelization    : F
 current:
   k,orbital parallelized of openmp  : T
 force:
   k,orbital parallelized of openmp  : T
 ===================pseudopotential data===================
 ik ,atom_symbol=           1 Si
 ps_format =KY              
 ps_file =./Si_rps.dat
 Zps(ik), Mlps(ik) =           4           2
 Rps(ik), NRps(ik) =   2.26767135054939              122
 Lref(ik) =           2
 nproj(ik,l) =           1           1           1
 anorm(ik,l) =  0.6193218      0.3646551      0.0000000E+00
 inorm(ik,l) =           1           1           0
 Mass(ik) =   28.0000000000000     
 flag_nlcc_element(ik) = F
 ==========================================================
 flag_nlcc =  F
 
 ============init_ps==============
 end init_ps
 Maximal rho_NLCC= 0.000000000000000E+000
 Maximal tau_NLCC= 0.000000000000000E+000
 == Ewald ==
 cutoff length in real-space in ewald =  4.00 [A]
 (buffer length in bookkeeping =  2.00 [A])
 cutoff length in G-space in ewald =  0.1870828864+102 [1/A]
 number of ion-ion pair(/atom) used for allocation of bookkeeping=    68
 ===========
   Static dipole moment(xyz) =   -0.7033932583E+04   -0.7046260269E+04   -0.7055781716E+04
 
 
  time-step  time[fs]                               Current(xyz)[a.u.]      electrons Total energy[eV] 
#----------------------------------------------------------------------
      10    0.02000000 -0.79042600E-09  0.20128496E-13 -0.78061815E-13   864.00000000   -23331.01063831
      20    0.04000000 -0.36550779E-08 -0.78282890E-13 -0.46068651E-12   864.00000000   -23331.01063831
      30    0.06000000 -0.92959120E-08  0.93178196E-12 -0.22921192E-11   864.00000000   -23331.01063831
      40    0.08000000 -0.18343634E-07  0.38682446E-11 -0.62636514E-11   864.00000000   -23331.01063830
      50    0.10000000 -0.31323277E-07  0.10247491E-10 -0.14041447E-10   864.00000000   -23331.01063829
      60    0.12000000 -0.48647282E-07  0.21719498E-10 -0.27223924E-10   864.00000000   -23331.01063827
      70    0.14000000 -0.70634007E-07  0.39695115E-10 -0.46828069E-10   864.00000000   -23331.01063822
      80    0.16000000 -0.97512340E-07  0.65854176E-10 -0.73736243E-10   864.00000000   -23331.01063814
      90    0.18000000 -0.12943119E-06  0.10127571E-09 -0.10738326E-09   864.00000000   -23331.01063800
     100    0.20000000 -0.16647502E-06  0.14689100E-09 -0.14664457E-09   864.00000000   -23331.01063777
     110    0.22000000 -0.20866328E-06  0.20354713E-09 -0.18936136E-09   864.00000000   -23331.01063743
     120    0.24000000 -0.25594797E-06  0.27148625E-09 -0.23231748E-09   863.99999999   -23331.01063693
     130    0.26000000 -0.30821858E-06  0.35048545E-09 -0.27148534E-09   863.99999999   -23331.01063622
     140    0.28000000 -0.36530529E-06  0.43974822E-09 -0.30174632E-09   863.99999999   -23331.01063524
     150    0.30000000 -0.42698196E-06  0.53779812E-09 -0.31708496E-09   863.99999999   -23331.01063393
     160    0.32000000 -0.49297311E-06  0.64314933E-09 -0.31093853E-09   863.99999999   -23331.01063220
     170    0.34000000 -0.56296209E-06  0.75389465E-09 -0.27649313E-09   863.99999999   -23331.01062998
     180    0.36000000 -0.63659700E-06  0.86814167E-09 -0.20666093E-09   863.99999999   -23331.01062717
     190    0.38000000 -0.71349616E-06  0.98359196E-09 -0.93906299E-10   863.99999999   -23331.01062366
     200    0.40000000 -0.79325700E-06  0.10980468E-08  0.69043537E-10   863.99999999   -23331.01061933
     210    0.42000000 -0.87546707E-06  0.12094852E-08  0.28926193E-09   863.99999999   -23331.01061407
     220    0.44000000 -0.95970687E-06  0.13156576E-08  0.57327534E-09   863.99999999   -23331.01060774
     230    0.46000000 -0.10455537E-05  0.14145370E-08  0.92743950E-09   863.99999999   -23331.01060021
     240    0.48000000 -0.11325883E-05  0.15039406E-08  0.13579575E-08   863.99999999   -23331.01059134
     250    0.50000000 -0.12203992E-05  0.15816822E-08  0.18702957E-08   863.99999999   -23331.01058097
     260    0.52000000 -0.13085866E-05  0.16454874E-08  0.24695187E-08   863.99999999   -23331.01056895
     270    0.54000000 -0.13967633E-05  0.16929230E-08  0.31594339E-08   863.99999999   -23331.01055514
     280    0.56000000 -0.14845556E-05  0.17221567E-08  0.39430917E-08   863.99999999   -23331.01053936
     290    0.58000000 -0.15716039E-05  0.17312143E-08  0.48226113E-08   863.99999999   -23331.01052146
     300    0.60000000 -0.16575658E-05  0.17185383E-08  0.57993813E-08   863.99999999   -23331.01050128
     310    0.62000000 -0.17421207E-05  0.16827467E-08  0.68734801E-08   863.99999999   -23331.01047866
     320    0.64000000 -0.18249718E-05  0.16226032E-08  0.80440685E-08   863.99999999   -23331.01045345
     330    0.66000000 -0.19058480E-05  0.15373713E-08  0.93092625E-08   863.99999999   -23331.01042547
     340    0.68000000 -0.19845068E-05  0.14265885E-08  0.10666077E-07   863.99999999   -23331.01039460
     350    0.70000000 -0.20607359E-05  0.12898923E-08  0.12110726E-07   863.99999998   -23331.01036067
     360    0.72000000 -0.21343536E-05  0.11272721E-08  0.13638708E-07   863.99999998   -23331.01032355
     370    0.74000000 -0.22052101E-05  0.93876558E-09  0.15244420E-07   863.99999998   -23331.01028310
     380    0.76000000 -0.22731878E-05  0.72447791E-09  0.16921351E-07   863.99999998   -23331.01023918
     390    0.78000000 -0.23381975E-05  0.48436394E-09  0.18662841E-07   863.99999998   -23331.01019169
     400    0.80000000 -0.24001759E-05  0.21865852E-09  0.20461307E-07   863.99999998   -23331.01014049
     410    0.82000000 -0.24590863E-05 -0.72314007E-10  0.22308521E-07   863.99999998   -23331.01008548
     420    0.84000000 -0.25149175E-05 -0.38841303E-09  0.24195950E-07   863.99999998   -23331.01002655
     430    0.86000000 -0.25676830E-05 -0.72910873E-09  0.26114618E-07   863.99999998   -23331.00996361
     440    0.88000000 -0.26174185E-05 -0.10942281E-08  0.28055152E-07   863.99999998   -23331.00989656
     450    0.90000000 -0.26641813E-05 -0.14829831E-08  0.30008342E-07   863.99999998   -23331.00982533
     460    0.92000000 -0.27080495E-05 -0.18945961E-08  0.31964604E-07   863.99999998   -23331.00974984
     470    0.94000000 -0.27491197E-05 -0.23284209E-08  0.33914240E-07   863.99999998   -23331.00967000
     480    0.96000000 -0.27875061E-05 -0.27833662E-08  0.35847414E-07   863.99999998   -23331.00958577
     490    0.98000000 -0.28233378E-05 -0.32581894E-08  0.37754455E-07   863.99999998   -23331.00949707
     500    1.00000000 -0.28567557E-05 -0.37512560E-08  0.39625614E-07   863.99999998   -23331.00940385
     510    1.02000000 -0.28879111E-05 -0.42610365E-08  0.41451322E-07   863.99999998   -23331.00930605
     520    1.04000000 -0.29169619E-05 -0.47856026E-08  0.43222686E-07   863.99999998   -23331.00920362
     530    1.06000000 -0.29440710E-05 -0.53230398E-08  0.44930900E-07   863.99999998   -23331.00909650
     540    1.08000000 -0.29694033E-05 -0.58712640E-08  0.46567837E-07   863.99999998   -23331.00898466
     550    1.10000000 -0.29931241E-05 -0.64278225E-08  0.48125921E-07   863.99999998   -23331.00886803
     560    1.12000000 -0.30153964E-05 -0.69902444E-08  0.49598162E-07   863.99999998   -23331.00874656
     570    1.14000000 -0.30363797E-05 -0.75560290E-08  0.50978355E-07   863.99999998   -23331.00862022
     580    1.16000000 -0.30562287E-05 -0.81223607E-08  0.52260919E-07   863.99999997   -23331.00848893
     590    1.18000000 -0.30750937E-05 -0.86863159E-08  0.53441145E-07   863.99999997   -23331.00835266
     600    1.20000000 -0.30931180E-05 -0.92447379E-08  0.54514962E-07   863.99999997   -23331.00821135
     610    1.22000000 -0.31104364E-05 -0.97946845E-08  0.55478977E-07   863.99999997   -23331.00806493
     620    1.24000000 -0.31271746E-05 -0.10332866E-07  0.56330858E-07   863.99999997   -23331.00791335
     630    1.26000000 -0.31434483E-05 -0.10855913E-07  0.57069055E-07   863.99999997   -23331.00775654
     640    1.28000000 -0.31593631E-05 -0.11360876E-07  0.57692914E-07   863.99999997   -23331.00759443
     650    1.30000000 -0.31750136E-05 -0.11844404E-07  0.58202585E-07   863.99999997   -23331.00742697
     660    1.32000000 -0.31904838E-05 -0.12303375E-07  0.58599109E-07   863.99999997   -23331.00725406
     670    1.34000000 -0.32058465E-05 -0.12734799E-07  0.58884322E-07   863.99999997   -23331.00707565
     680    1.36000000 -0.32211631E-05 -0.13135614E-07  0.59061036E-07   863.99999997   -23331.00689164
     690    1.38000000 -0.32364836E-05 -0.13502976E-07  0.59132861E-07   863.99999997   -23331.00670197
     700    1.40000000 -0.32518475E-05 -0.13834384E-07  0.59103915E-07   863.99999997   -23331.00650655
     710    1.42000000 -0.32672831E-05 -0.14127403E-07  0.58979135E-07   863.99999997   -23331.00630530
     720    1.44000000 -0.32828074E-05 -0.14380030E-07  0.58763988E-07   863.99999997   -23331.00609812
     730    1.46000000 -0.32984268E-05 -0.14590405E-07  0.58464318E-07   863.99999997   -23331.00588495
     740    1.48000000 -0.33141377E-05 -0.14757008E-07  0.58086406E-07   863.99999997   -23331.00566569
     750    1.50000000 -0.33299266E-05 -0.14878629E-07  0.57637048E-07   863.99999997   -23331.00544027
     760    1.52000000 -0.33457720E-05 -0.14954512E-07  0.57123124E-07   863.99999997   -23331.00520860
     770    1.54000000 -0.33616449E-05 -0.14984162E-07  0.56552081E-07   863.99999997   -23331.00497060
     780    1.56000000 -0.33775095E-05 -0.14967354E-07  0.55931313E-07   863.99999997   -23331.00472620
     790    1.58000000 -0.33933233E-05 -0.14904487E-07  0.55268697E-07   863.99999997   -23331.00447533
     800    1.60000000 -0.34090374E-05 -0.14795919E-07  0.54571827E-07   863.99999997   -23331.00421792
     810    1.62000000 -0.34245975E-05 -0.14642675E-07  0.53848320E-07   863.99999996   -23331.00395391
     820    1.64000000 -0.34399447E-05 -0.14445839E-07  0.53105671E-07   863.99999996   -23331.00368325
     830    1.66000000 -0.34550165E-05 -0.14207062E-07  0.52351287E-07   863.99999996   -23331.00340590
     840    1.68000000 -0.34697467E-05 -0.13928329E-07  0.51592222E-07   863.99999996   -23331.00312180
     850    1.70000000 -0.34840661E-05 -0.13611907E-07  0.50835553E-07   863.99999996   -23331.00283093
     860    1.72000000 -0.34979036E-05 -0.13260365E-07  0.50087698E-07   863.99999996   -23331.00253327
     870    1.74000000 -0.35111865E-05 -0.12876323E-07  0.49354832E-07   863.99999996   -23331.00222880
     880    1.76000000 -0.35238414E-05 -0.12463030E-07  0.48642626E-07   863.99999996   -23331.00191753
     890    1.78000000 -0.35357950E-05 -0.12023737E-07  0.47956385E-07   863.99999996   -23331.00159946
     900    1.80000000 -0.35469750E-05 -0.11561657E-07  0.47300614E-07   863.99999996   -23331.00127462
     910    1.82000000 -0.35573107E-05 -0.11080447E-07  0.46679694E-07   863.99999996   -23331.00094303
     920    1.84000000 -0.35667346E-05 -0.10583478E-07  0.46097393E-07   863.99999996   -23331.00060474
     930    1.86000000 -0.35751816E-05 -0.10074564E-07  0.45557021E-07   863.99999996   -23331.00025982
     940    1.88000000 -0.35825902E-05 -0.95575369E-08  0.45060925E-07   863.99999996   -23330.99990832
     950    1.90000000 -0.35889025E-05 -0.90362373E-08  0.44611295E-07   863.99999996   -23330.99955033
     960    1.92000000 -0.35940641E-05 -0.85146735E-08  0.44209512E-07   863.99999996   -23330.99918595
     970    1.94000000 -0.35980257E-05 -0.79968716E-08  0.43856507E-07   863.99999996   -23330.99881529
     980    1.96000000 -0.36007428E-05 -0.74865600E-08  0.43552901E-07   863.99999996   -23330.99843846
     990    1.98000000 -0.36021764E-05 -0.69878384E-08  0.43298686E-07   863.99999996   -23330.99805559
    1000    2.00000000 -0.36022924E-05 -0.65043890E-08  0.43093400E-07   863.99999996   -23330.99766683
    1010    2.02000000 -0.36010632E-05 -0.60400431E-08  0.42936262E-07   863.99999996   -23330.99727233
    1020    2.04000000 -0.35984667E-05 -0.55982382E-08  0.42825815E-07   863.99999996   -23330.99687227
    1030    2.06000000 -0.35944866E-05 -0.51820497E-08  0.42760379E-07   863.99999996   -23330.99646681
    1040    2.08000000 -0.35891121E-05 -0.47945412E-08  0.42737744E-07   863.99999995   -23330.99605615
    1050    2.10000000 -0.35823386E-05 -0.44382609E-08  0.42755166E-07   863.99999995   -23330.99564047
    1060    2.12000000 -0.35741664E-05 -0.41154759E-08  0.42809702E-07   863.99999995   -23330.99521999
    1070    2.14000000 -0.35646015E-05 -0.38284156E-08  0.42897993E-07   863.99999995   -23330.99479491
    1080    2.16000000 -0.35536550E-05 -0.35787458E-08  0.43016218E-07   863.99999995   -23330.99436545
    1090    2.18000000 -0.35413426E-05 -0.33679624E-08  0.43160716E-07   863.99999995   -23330.99393184
    1100    2.20000000 -0.35276842E-05 -0.31971426E-08  0.43327367E-07   863.99999995   -23330.99349432
    1110    2.22000000 -0.35127035E-05 -0.30670832E-08  0.43511915E-07   863.99999995   -23330.99305311
    1120    2.24000000 -0.34964278E-05 -0.29781321E-08  0.43709996E-07   863.99999995   -23330.99260846
    1130    2.26000000 -0.34788871E-05 -0.29301427E-08  0.43917427E-07   863.99999995   -23330.99216060
    1140    2.28000000 -0.34601139E-05 -0.29229721E-08  0.44129820E-07   863.99999995   -23330.99170980
    1150    2.30000000 -0.34401429E-05 -0.29558580E-08  0.44342981E-07   863.99999995   -23330.99125629
    1160    2.32000000 -0.34190101E-05 -0.30277750E-08  0.44552405E-07   863.99999995   -23330.99080034
    1170    2.34000000 -0.33967530E-05 -0.31373338E-08  0.44753895E-07   863.99999995   -23330.99034218
    1180    2.36000000 -0.33734096E-05 -0.32827520E-08  0.44943148E-07   863.99999995   -23330.98988208
    1190    2.38000000 -0.33490184E-05 -0.34619634E-08  0.45115798E-07   863.99999995   -23330.98942029
    1200    2.40000000 -0.33236176E-05 -0.36727046E-08  0.45267893E-07   863.99999995   -23330.98895706
    1210    2.42000000 -0.32972448E-05 -0.39122323E-08  0.45395409E-07   863.99999995   -23330.98849265
    1220    2.44000000 -0.32699363E-05 -0.41778781E-08  0.45494633E-07   863.99999995   -23330.98802730
    1230    2.46000000 -0.32417269E-05 -0.44663580E-08  0.45562050E-07   863.99999995   -23330.98756128
    1240    2.48000000 -0.32126493E-05 -0.47742192E-08  0.45594520E-07   863.99999995   -23330.98709483
    1250    2.50000000 -0.31827342E-05 -0.50981830E-08  0.45589243E-07   863.99999995   -23330.98662821
    1260    2.52000000 -0.31520094E-05 -0.54345126E-08  0.45543769E-07   863.99999995   -23330.98616166
    1270    2.54000000 -0.31204996E-05 -0.57795890E-08  0.45456239E-07   863.99999994   -23330.98569544
    1280    2.56000000 -0.30882270E-05 -0.61296532E-08  0.45325128E-07   863.99999994   -23330.98522980
    1290    2.58000000 -0.30552101E-05 -0.64810800E-08  0.45149130E-07   863.99999994   -23330.98476498
    1300    2.60000000 -0.30214645E-05 -0.68302482E-08  0.44927460E-07   863.99999994   -23330.98430124
    1310    2.62000000 -0.29870025E-05 -0.71734011E-08  0.44659616E-07   863.99999994   -23330.98383882
    1320    2.64000000 -0.29518334E-05 -0.75070475E-08  0.44345383E-07   863.99999994   -23330.98337797
    1330    2.66000000 -0.29159635E-05 -0.78279957E-08  0.43985044E-07   863.99999994   -23330.98291895
    1340    2.68000000 -0.28793967E-05 -0.81328304E-08  0.43578971E-07   863.99999994   -23330.98246202
    1350    2.70000000 -0.28421340E-05 -0.84184740E-08  0.43127862E-07   863.99999994   -23330.98200741
    1360    2.72000000 -0.28041739E-05 -0.86823135E-08  0.42632923E-07   863.99999994   -23330.98155540
    1370    2.74000000 -0.27655126E-05 -0.89218865E-08  0.42095272E-07   863.99999994   -23330.98110624
    1380    2.76000000 -0.27261437E-05 -0.91347887E-08  0.41516537E-07   863.99999994   -23330.98066018
    1390    2.78000000 -0.26860591E-05 -0.93192461E-08  0.40898542E-07   863.99999994   -23330.98021749
    1400    2.80000000 -0.26452492E-05 -0.94735565E-08  0.40242911E-07   863.99999994   -23330.97977844
    1410    2.82000000 -0.26037029E-05 -0.95964624E-08  0.39551635E-07   863.99999994   -23330.97934329
    1420    2.84000000 -0.25614080E-05 -0.96872890E-08  0.38826792E-07   863.99999994   -23330.97891232
    1430    2.86000000 -0.25183517E-05 -0.97454069E-08  0.38070528E-07   863.99999994   -23330.97848579
    1440    2.88000000 -0.24745207E-05 -0.97703536E-08  0.37284919E-07   863.99999994   -23330.97806399
    1450    2.90000000 -0.24299014E-05 -0.97619343E-08  0.36472243E-07   863.99999994   -23330.97764718
    1460    2.92000000 -0.23844803E-05 -0.97201967E-08  0.35634481E-07   863.99999994   -23330.97723567
    1470    2.94000000 -0.23382448E-05 -0.96454790E-08  0.34773761E-07   863.99999994   -23330.97682972
    1480    2.96000000 -0.22911826E-05 -0.95383852E-08  0.33891990E-07   863.99999994   -23330.97642962
    1490    2.98000000 -0.22432826E-05 -0.93997291E-08  0.32991137E-07   863.99999994   -23330.97603567
    1500    3.00000000 -0.21945348E-05 -0.92305249E-08  0.32073029E-07   863.99999993   -23330.97564815
    1510    3.02000000 -0.21449306E-05 -0.90319968E-08  0.31139211E-07   863.99999993   -23330.97526736
    1520    3.04000000 -0.20944635E-05 -0.88057884E-08  0.30191356E-07   863.99999993   -23330.97489358
    1530    3.06000000 -0.20431291E-05 -0.85536647E-08  0.29230747E-07   863.99999993   -23330.97452712
    1540    3.08000000 -0.19909252E-05 -0.82775957E-08  0.28258767E-07   863.99999993   -23330.97416825
    1550    3.10000000 -0.19378520E-05 -0.79795024E-08  0.27276530E-07   863.99999993   -23330.97381728
    1560    3.12000000 -0.18839122E-05 -0.76616959E-08  0.26293099E-07   863.99999993   -23330.97347449
    1570    3.14000000 -0.18291113E-05 -0.73262966E-08  0.25389106E-07   863.99999993   -23330.97314016
    1580    3.16000000 -0.17734575E-05 -0.69757697E-08  0.24690764E-07   863.99999993   -23330.97281460
    1590    3.18000000 -0.17169616E-05 -0.66125144E-08  0.24225104E-07   863.99999993   -23330.97249806
    1600    3.20000000 -0.16596370E-05 -0.62393530E-08  0.23777689E-07   863.99999993   -23330.97219084
    1610    3.22000000 -0.16015003E-05 -0.58587637E-08  0.22762384E-07   863.99999993   -23330.97189320
    1620    3.24000000 -0.15425712E-05 -0.54733375E-08  0.20108916E-07   863.99999993   -23330.97160540
    1630    3.26000000 -0.14828721E-05 -0.50860916E-08  0.14173311E-07   863.99999993   -23330.97132771
    1640    3.28000000 -0.14224293E-05 -0.47000259E-08  0.26734069E-08   863.99999993   -23330.97106038
    1650    3.30000000 -0.13612725E-05 -0.43188551E-08 -0.17349931E-07   863.99999993   -23330.97080364
    1660    3.32000000 -0.12994351E-05 -0.39466291E-08 -0.49544312E-07   863.99999993   -23330.97055770
    1670    3.34000000 -0.12369540E-05 -0.35881438E-08 -0.98233100E-07   863.99999993   -23330.97032273
    1680    3.36000000 -0.11738693E-05 -0.32485187E-08 -0.16837862E-06   863.99999993   -23330.97009883
    1690    3.38000000 -0.11102235E-05 -0.29335866E-08 -0.26552130E-06   863.99999993   -23330.96988598
    1700    3.40000000 -0.10460610E-05 -0.26498355E-08 -0.39569565E-06   863.99999993   -23330.96968397
    1710    3.42000000 -0.98142678E-06 -0.24044243E-08 -0.56532431E-06   863.99999993   -23330.96949233
    1720    3.44000000 -0.91636531E-06 -0.22048513E-08 -0.78109109E-06   863.99999993   -23330.96931016
    1730    3.46000000 -0.85091951E-06 -0.20592213E-08 -0.10497951E-05   863.99999992   -23330.96913600
    1740    3.48000000 -0.78512898E-06 -0.19753545E-08 -0.13781887E-05   863.99999992   -23330.96896760
    1750    3.50000000 -0.71902886E-06 -0.19614301E-08 -0.17728016E-05   863.99999992   -23330.96880170
    1760    3.52000000 -0.65264857E-06 -0.20250295E-08 -0.22397550E-05   863.99999992   -23330.96863373
    1770    3.54000000 -0.58600985E-06 -0.21733246E-08 -0.27845683E-05   863.99999992   -23330.96845751
    1780    3.56000000 -0.51912608E-06 -0.24125188E-08 -0.34119620E-05   863.99999992   -23330.96826491
    1790    3.58000000 -0.45200060E-06 -0.27479193E-08 -0.41256632E-05   863.99999992   -23330.96804552
    1800    3.60000000 -0.38462578E-06 -0.31830871E-08 -0.49282134E-05   863.99999992   -23330.96778631
    1810    3.62000000 -0.31698234E-06 -0.37201531E-08 -0.58207854E-05   863.99999992   -23330.96747138
    1820    3.64000000 -0.24903849E-06 -0.43592381E-08 -0.68030114E-05   863.99999992   -23330.96708172
    1830    3.66000000 -0.18074992E-06 -0.50984331E-08 -0.78728251E-05   863.99999992   -23330.96659512
    1840    3.68000000 -0.11205930E-06 -0.59335891E-08 -0.90263235E-05   863.99999992   -23330.96598616
    1850    3.70000000 -0.42897287E-07 -0.68577879E-08 -0.10257648E-04   863.99999992   -23330.96522639
    1860    3.72000000  0.26817095E-07 -0.78616432E-08 -0.11558887E-04   863.99999992   -23330.96428472
    1870    3.74000000  0.97175436E-07 -0.89330600E-08 -0.12920011E-04   863.99999992   -23330.96312795
    1880    3.76000000  0.16827810E-06 -0.10056838E-07 -0.14328820E-04   863.99999992   -23330.96172166
    1890    3.78000000  0.24023258E-06 -0.11215543E-07 -0.15770936E-04   863.99999992   -23330.96003120
    1900    3.80000000  0.31315114E-06 -0.12389056E-07 -0.17229819E-04   863.99999992   -23330.95802302
    1910    3.82000000  0.38714825E-06 -0.13555013E-07 -0.18686811E-04   863.99999992   -23330.95566617
    1920    3.84000000  0.46233715E-06 -0.14688761E-07 -0.20121219E-04   863.99999992   -23330.95293406
    1930    3.86000000  0.53882718E-06 -0.15763898E-07 -0.21510431E-04   863.99999992   -23330.94980627
    1940    3.88000000  0.61671964E-06 -0.16752481E-07 -0.22830058E-04   863.99999992   -23330.94627051
    1950    3.90000000  0.69610431E-06 -0.17625385E-07 -0.24054121E-04   863.99999991   -23330.94232460
    1960    3.92000000  0.77705590E-06 -0.18352548E-07 -0.25155257E-04   863.99999991   -23330.93797825
    1970    3.94000000  0.85963017E-06 -0.18903430E-07 -0.26104962E-04   863.99999991   -23330.93325479
    1980    3.96000000  0.94385996E-06 -0.19247582E-07 -0.26873864E-04   863.99999991   -23330.92819244
    1990    3.98000000  0.10297518E-05 -0.19354664E-07 -0.27432012E-04   863.99999991   -23330.92284516
    2000    4.00000000  0.11172822E-05 -0.19194855E-07 -0.27749205E-04   863.99999991   -23330.91728299
    2010    4.02000000  0.12063948E-05 -0.18740036E-07 -0.27795319E-04   863.99999991   -23330.91159157
    2020    4.04000000  0.12969975E-05 -0.17962968E-07 -0.27540674E-04   863.99999991   -23330.90587087
    2030    4.06000000  0.13889598E-05 -0.16838420E-07 -0.26956397E-04   863.99999991   -23330.90023299
    2040    4.08000000  0.14821103E-05 -0.15343645E-07 -0.26014807E-04   863.99999991   -23330.89479887
    2050    4.10000000  0.15762360E-05 -0.13458708E-07 -0.24689797E-04   863.99999991   -23330.88969399
    2060    4.12000000  0.16710802E-05 -0.11166892E-07 -0.22957227E-04   863.99999991   -23330.88504287
    2070    4.14000000  0.17663422E-05 -0.84551675E-08 -0.20795303E-04   863.99999991   -23330.88096253
    2080    4.16000000  0.18616775E-05 -0.53146896E-08 -0.18184964E-04   863.99999991   -23330.87755483
    2090    4.18000000  0.19566985E-05 -0.17409403E-08 -0.15110246E-04   863.99999991   -23330.87489794
    2100    4.20000000  0.20509763E-05  0.22658323E-08 -0.11558635E-04   863.99999991   -23330.87303693
    2110    4.22000000  0.21440420E-05  0.67001881E-08 -0.75214020E-05   863.99999991   -23330.87197388
    2120    4.24000000  0.22353910E-05  0.11551324E-07 -0.29939097E-05   863.99999991   -23330.87165750
    2130    4.26000000  0.23244854E-05  0.16802726E-07  0.20241058E-05   863.99999991   -23330.87197289
    2140    4.28000000  0.24107582E-05  0.22432151E-07  0.75282862E-05   863.99999991   -23330.87273142
    2150    4.30000000  0.24936184E-05  0.28411337E-07  0.13509438E-04   863.99999991   -23330.87366146
    2160    4.32000000  0.25724557E-05  0.34705876E-07  0.19953356E-04   863.99999991   -23330.87440004
    2170    4.34000000  0.26466460E-05  0.41275419E-07  0.26840694E-04   863.99999991   -23330.87448608
    2180    4.36000000  0.27155570E-05  0.48073150E-07  0.34146869E-04   863.99999990   -23330.87335557
    2190    4.38000000  0.27785541E-05  0.55046454E-07  0.41842025E-04   863.99999990   -23330.87033893
    2200    4.40000000  0.28350063E-05  0.62136695E-07  0.49891033E-04   863.99999990   -23330.86466124
    2210    4.42000000  0.28842929E-05  0.69279496E-07  0.58253547E-04   863.99999990   -23330.85544536
    2220    4.44000000  0.29258086E-05  0.76405202E-07  0.66884113E-04   863.99999990   -23330.84171849
    2230    4.46000000  0.29589703E-05  0.83439330E-07  0.75732319E-04   863.99999990   -23330.82242218
    2240    4.48000000  0.29832224E-05  0.90303076E-07  0.84743012E-04   863.99999990   -23330.79642608
    2250    4.50000000  0.29980425E-05  0.96914335E-07  0.93856554E-04   863.99999990   -23330.76254536
    2260    4.52000000  0.30029465E-05  0.10318780E-06  0.10300914E-03   863.99999990   -23330.71956170
    2270    4.54000000  0.29974941E-05  0.10903662E-06  0.11213314E-03   863.99999990   -23330.66624783
    2280    4.56000000  0.29812933E-05  0.11437308E-06  0.12115757E-03   863.99999990   -23330.60139508
    2290    4.58000000  0.29540044E-05  0.11910959E-06  0.13000847E-03   863.99999990   -23330.52384365
    2300    4.60000000  0.29153446E-05  0.12316042E-06  0.13860948E-03   863.99999990   -23330.43251501
    2310    4.62000000  0.28650916E-05  0.12644238E-06  0.14688238E-03   863.99999990   -23330.32644569
    2320    4.64000000  0.28030874E-05  0.12887699E-06  0.15474766E-03   863.99999990   -23330.20482181
    2330    4.66000000  0.27292422E-05  0.13039164E-06  0.16212516E-03   863.99999990   -23330.06701330
    2340    4.68000000  0.26435375E-05  0.13092162E-06  0.16893477E-03   863.99999990   -23329.91260698
    2350    4.70000000  0.25460304E-05  0.13041113E-06  0.17509706E-03   863.99999990   -23329.74143745
    2360    4.72000000  0.24368574E-05  0.12881539E-06  0.18053408E-03   863.99999990   -23329.55361476
    2370    4.74000000  0.23162383E-05  0.12610266E-06  0.18517000E-03   863.99999990   -23329.34954781
    2380    4.76000000  0.21844820E-05  0.12225539E-06  0.18893195E-03   863.99999989   -23329.12996244
    2390    4.78000000  0.20419905E-05  0.11727200E-06  0.19175069E-03   863.99999989   -23328.89591337
    2400    4.80000000  0.18892646E-05  0.11116849E-06  0.19356139E-03   863.99999989   -23328.64878900
    2410    4.82000000  0.17269109E-05  0.10397927E-06  0.19430437E-03   863.99999989   -23328.39030843
    2420    4.84000000  0.15556472E-05  0.95758811E-07  0.19392575E-03   863.99999989   -23328.12251021
    2430    4.86000000  0.13763098E-05  0.86582044E-07  0.19237815E-03   863.99999989   -23327.84773223
    2440    4.88000000  0.11898608E-05  0.76545145E-07  0.18962132E-03   863.99999989   -23327.56858289
    2450    4.90000000  0.99739443E-06  0.65765505E-07  0.18562267E-03   863.99999989   -23327.28790336
    2460    4.92000000  0.80014425E-06  0.54381342E-07  0.18035777E-03   863.99999989   -23327.00872148
    2470    4.94000000  0.59948902E-06  0.42550943E-07  0.17381079E-03   863.99999989   -23326.73419775
    2480    4.96000000  0.39695833E-06  0.30451062E-07  0.16597485E-03   863.99999989   -23326.46756430
    2490    4.98000000  0.19423596E-06  0.18275074E-07  0.15685218E-03   863.99999989   -23326.21205798
    2500    5.00000000 -0.68376102E-08  0.62299106E-08  0.14645439E-03   863.99999988   -23325.97084878
    2510    5.02000000 -0.20426597E-06 -0.54670134E-08  0.13480238E-03   863.99999988   -23325.74696516
    2520    5.04000000 -0.39589930E-06 -0.16592023E-07  0.12192640E-03   863.99999988   -23325.54321796
    2530    5.06000000 -0.57944080E-06 -0.26919799E-07  0.10786579E-03   863.99999988   -23325.36212466
    2540    5.08000000 -0.75245618E-06 -0.36228122E-07  0.92668801E-04   863.99999988   -23325.20583578
    2550    5.10000000 -0.91238789E-06 -0.44303942E-07  0.76392173E-04   863.99999988   -23325.07606549
    2560    5.12000000 -0.10565727E-05 -0.50948911E-07  0.59100746E-04   863.99999988   -23324.97402795
    2570    5.14000000 -0.11822637E-05 -0.55985772E-07  0.40866937E-04   863.99999988   -23324.90038147
    2580    5.16000000 -0.12866579E-05 -0.59263871E-07  0.21770173E-04   863.99999988   -23324.85518184
    2590    5.18000000 -0.13669257E-05 -0.60665242E-07  0.18962844E-05   863.99999988   -23324.83784635
    2600    5.20000000 -0.14202465E-05 -0.60110186E-07 -0.18663132E-04   863.99999988   -23324.84712969
    2610    5.22000000 -0.14438463E-05 -0.57562314E-07 -0.39811358E-04   863.99999988   -23324.88111269
    2620    5.24000000 -0.14350399E-05 -0.53032069E-07 -0.61447197E-04   863.99999988   -23324.93720451
    2630    5.26000000 -0.13912731E-05 -0.46579732E-07 -0.83465595E-04   863.99999987   -23325.01215873
    2640    5.28000000 -0.13101685E-05 -0.38317310E-07 -0.10575823E-03   863.99999987   -23325.10210343
    2650    5.30000000 -0.11895701E-05 -0.28408697E-07 -0.12821403E-03   863.99999987   -23325.20258497
    2660    5.32000000 -0.10275879E-05 -0.17068457E-07 -0.15071973E-03   863.99999987   -23325.30862529
    2670    5.34000000 -0.82264116E-06 -0.45587816E-08 -0.17316021E-03   863.99999987   -23325.41479164
    2680    5.36000000 -0.57349846E-06  0.88154103E-08 -0.19541898E-03   863.99999987   -23325.51527825
    2690    5.38000000 -0.27931452E-06  0.22712728E-07 -0.21737844E-03   863.99999987   -23325.60399843
    2700    5.40000000  0.60337397E-07  0.36763586E-07 -0.23892021E-03   863.99999987   -23325.67468605
    2710    5.42000000  0.44543883E-06  0.50579495E-07 -0.25992538E-03   863.99999987   -23325.72100478
    2720    5.44000000  0.87550489E-06  0.63763875E-07 -0.28027479E-03   863.99999987   -23325.73666345
    2730    5.46000000  0.13495688E-05  0.75924636E-07 -0.29984928E-03   863.99999987   -23325.71553587
    2740    5.48000000  0.18661743E-05  0.86686137E-07 -0.31853003E-03   863.99999987   -23325.65178302
    2750    5.50000000  0.24233734E-05  0.95702687E-07 -0.33619886E-03   863.99999987   -23325.53997565
    2760    5.52000000  0.30187307E-05  0.10267172E-06 -0.35273870E-03   863.99999987   -23325.37521514
    2770    5.54000000  0.36493343E-05  0.10734547E-06 -0.36803414E-03   863.99999987   -23325.15325026
    2780    5.56000000  0.43118111E-05  0.10954383E-06 -0.38197203E-03   863.99999987   -23324.87058742
    2790    5.58000000  0.50023498E-05  0.10916402E-06 -0.39444228E-03   863.99999987   -23324.52459200
    2800    5.60000000  0.57167252E-05  0.10618930E-06 -0.40533877E-03   863.99999987   -23324.11357816
    2810    5.62000000  0.64503299E-05  0.10069553E-06 -0.41456041E-03   863.99999986   -23323.63688457
    2820    5.64000000  0.71982072E-05  0.92854574E-07 -0.42201230E-03   863.99999986   -23323.09493368
    2830    5.66000000  0.79550881E-05  0.82935548E-07 -0.42760708E-03   863.99999986   -23322.48927201
    2840    5.68000000  0.87154320E-05  0.71302436E-07 -0.43126632E-03   863.99999986   -23321.82258951
    2850    5.70000000  0.94734680E-05  0.58408343E-07 -0.43292203E-03   863.99999986   -23321.09871590
    2860    5.72000000  0.10223241E-04  0.44785908E-07 -0.43251823E-03   863.99999986   -23320.32259278
    2870    5.74000000  0.10958660E-04  0.31034753E-07 -0.43001247E-03   863.99999986   -23319.50022047
    2880    5.76000000  0.11673548E-04  0.17804599E-07 -0.42537739E-03   863.99999986   -23318.63857924
    2890    5.78000000  0.12361695E-04  0.57759689E-08 -0.41860215E-03   863.99999986   -23317.74552544
    2900    5.80000000  0.13016919E-04 -0.43623676E-08 -0.40969367E-03   863.99999986   -23316.82966348
    2910    5.82000000  0.13633125E-04 -0.11938804E-07 -0.39867782E-03   863.99999985   -23315.90019584
    2920    5.84000000  0.14204370E-04 -0.16325851E-07 -0.38560020E-03   863.99999985   -23314.96675369
    2930    5.86000000  0.14724931E-04 -0.16967956E-07 -0.37052669E-03   863.99999985   -23314.03921190
    2940    5.88000000  0.15189382E-04 -0.13410255E-07 -0.35354368E-03   863.99999985   -23313.12749262
    2950    5.90000000  0.15592667E-04 -0.53258635E-08 -0.33475781E-03   863.99999985   -23312.24136251
    2960    5.92000000  0.15930182E-04  0.74581997E-08 -0.31429540E-03   863.99999985   -23311.39022909
    2970    5.94000000  0.16197853E-04  0.24937787E-07 -0.29230131E-03   863.99999984   -23310.58294198
    2980    5.96000000  0.16392218E-04  0.46912549E-07 -0.26893745E-03   863.99999984   -23309.82760502
    2990    5.98000000  0.16510508E-04  0.72971930E-07 -0.24438074E-03   863.99999984   -23309.13140500
    3000    6.00000000  0.16550720E-04  0.10248694E-06 -0.21882074E-03   863.99999984   -23308.50046247
    3010    6.02000000  0.16511690E-04  0.13460925E-06 -0.19245680E-03   863.99999984   -23307.93970936
    3020    6.04000000  0.16393148E-04  0.16827800E-06 -0.16549492E-03   863.99999984   -23307.45279758
    3030    6.06000000  0.16195775E-04  0.20223420E-06 -0.13814437E-03   863.99999983   -23307.04204111
    3040    6.08000000  0.15921231E-04  0.23504459E-06 -0.11061405E-03   863.99999983   -23306.70839371
    3050    6.10000000  0.15572173E-04  0.26513315E-06 -0.83108909E-04   863.99999983   -23306.45146212
    3060    6.12000000  0.15152260E-04  0.29082091E-06 -0.55826274E-04   863.99999983   -23306.26955416
    3070    6.14000000  0.14666121E-04  0.31037276E-06 -0.28952401E-04   863.99999983   -23306.15975897
    3080    6.16000000  0.14119316E-04  0.32205074E-06 -0.26592743E-05   863.99999983   -23306.11805592
    3090    6.18000000  0.13518264E-04  0.32417158E-06  0.22898206E-04   863.99999982   -23306.13944760
    3100    6.20000000  0.12870149E-04  0.31516703E-06  0.47584558E-04   863.99999982   -23306.21811102
    3110    6.22000000  0.12182809E-04  0.29364523E-06  0.71285470E-04   863.99999982   -23306.34756124
    3120    6.24000000  0.11464598E-04  0.25845061E-06  0.93908905E-04   863.99999982   -23306.52082088
    3130    6.26000000  0.10724233E-04  0.20871900E-06  0.11538551E-03   863.99999982   -23306.73058936
    3140    6.28000000  0.99706283E-05  0.14392812E-06  0.13566829E-03   863.99999982   -23306.96940603
    3150    6.30000000  0.92127159E-05  0.63937967E-07  0.15473160E-03   863.99999982   -23307.22980211
    3160    6.32000000  0.84592649E-05 -0.30978030E-07  0.17256942E-03   863.99999981   -23307.50443730
    3170    6.34000000  0.77186999E-05 -0.14011520E-06  0.18919302E-03   863.99999981   -23307.78621808
    3180    6.36000000  0.69989257E-05 -0.26233243E-06  0.20462815E-03   863.99999981   -23308.06839607
    3190    6.38000000  0.63071639E-05 -0.39606229E-06  0.21891170E-03   863.99999981   -23308.34464582
    3200    6.40000000  0.56498063E-05 -0.53933600E-06  0.23208821E-03   863.99999981   -23308.60912298
    3210    6.42000000  0.50322910E-05 -0.68982205E-06  0.24420618E-03   863.99999981   -23308.85650445
    3220    6.44000000  0.44590043E-05 -0.84488021E-06  0.25531435E-03   863.99999981   -23309.08201321
    3230    6.46000000  0.39332128E-05 -0.10016256E-05  0.26545826E-03   863.99999981   -23309.28143096
    3240    6.48000000  0.34570273E-05 -0.11570041E-05  0.27467700E-03   863.99999981   -23309.45110202
    3250    6.50000000  0.30313990E-05 -0.13078752E-05  0.28300046E-03   863.99999981   -23309.58793176
    3260    6.52000000  0.26561493E-05 -0.14510980E-05  0.29044713E-03   863.99999981   -23309.68938277
    3270    6.54000000  0.23300318E-05 -0.15836197E-05  0.29702245E-03   863.99999981   -23309.75347116
    3280    6.56000000  0.20508231E-05 -0.17025607E-05  0.30271794E-03   863.99999981   -23309.77876475
    3290    6.58000000  0.18154396E-05 -0.18052935E-05  0.30751098E-03   863.99999980   -23309.76438420
    3300    6.60000000  0.16200759E-05 -0.18895142E-05  0.31136531E-03   863.99999980   -23309.71000693
    3310    6.62000000  0.14603611E-05 -0.19533007E-05  0.31423218E-03   863.99999980   -23309.61587307
    3320    6.64000000  0.13315255E-05 -0.19951577E-05  0.31605218E-03   863.99999980   -23309.48279203
    3330    6.66000000  0.12285738E-05 -0.20140465E-05  0.31675748E-03   863.99999980   -23309.31214732
    3340    6.68000000  0.11464599E-05 -0.20093979E-05  0.31627464E-03   863.99999980   -23309.10589731
    3350    6.70000000  0.10802578E-05 -0.19811096E-05  0.31452768E-03   863.99999980   -23308.86656931
    3360    6.72000000  0.10253225E-05 -0.19295276E-05  0.31144130E-03   863.99999980   -23308.59724427
    3370    6.74000000  0.97744057E-06 -0.18554135E-05  0.30694432E-03   863.99999980   -23308.30153014
    3380    6.76000000  0.93296422E-06 -0.17598989E-05  0.30097290E-03   863.99999980   -23307.98352205
    3390    6.78000000  0.88892738E-06 -0.16444308E-05  0.29347383E-03   863.99999980   -23307.64774840
    3400    6.80000000  0.84314246E-06 -0.15107091E-05  0.28440735E-03   863.99999980   -23307.29910258
    3410    6.82000000  0.79427582E-06 -0.13606215E-05  0.27374979E-03   863.99999980   -23306.94276100
    3420    6.84000000  0.74190175E-06 -0.11961759E-05  0.26149569E-03   863.99999979   -23306.58408883
    3430    6.86000000  0.68653368E-06 -0.10194364E-05  0.24765954E-03   863.99999979   -23306.22853564
    3440    6.88000000  0.62963424E-06 -0.83246379E-06  0.23227695E-03   863.99999979   -23305.88152383
    3450    6.90000000  0.57360185E-06 -0.63726443E-06  0.21540526E-03   863.99999979   -23305.54833326
    3460    6.92000000  0.52173614E-06 -0.43574874E-06  0.19712368E-03   863.99999979   -23305.23398566
    3470    6.94000000  0.47818132E-06 -0.22970158E-06  0.17753288E-03   863.99999979   -23304.94313296
    3480    6.96000000  0.44784741E-06 -0.20764510E-07  0.15675399E-03   863.99999979   -23304.67995307
    3490    6.98000000  0.43631174E-06  0.18956869E-06  0.13492725E-03   863.99999979   -23304.44805703
    3500    7.00000000  0.44969885E-06  0.39994475E-06  0.11221016E-03   863.99999979   -23304.25041054
    3510    7.02000000  0.49454142E-06  0.60913309E-06  0.88775257E-04   863.99999978   -23304.08927267
    3520    7.04000000  0.57762364E-06  0.81599928E-06  0.64807643E-04   863.99999978   -23303.96615378
    3530    7.06000000  0.70580750E-06  0.10194726E-05  0.40502210E-04   863.99999978   -23303.88179389
    3540    7.08000000  0.88584687E-06  0.12185104E-05  0.16060735E-04   863.99999978   -23303.83616209
    3550    7.10000000  0.11241907E-05  0.14120631E-05 -0.83111492E-05   863.99999978   -23303.82847669
    3560    7.12000000  0.14267814E-05  0.15990424E-05 -0.32406998E-04   863.99999978   -23303.85724516
    3570    7.14000000  0.17988519E-05  0.17782972E-05 -0.56022582E-04   863.99999978   -23303.92032209
    3580    7.16000000  0.22447286E-05  0.19485978E-05 -0.78958815E-04   863.99999978   -23304.01498294
    3590    7.18000000  0.27676452E-05  0.21086329E-05 -0.10102453E-03   863.99999978   -23304.13801080
    3600    7.20000000  0.33695740E-05  0.22570188E-05 -0.12203907E-03   863.99999978   -23304.28579303
    3610    7.22000000  0.40510824E-05  0.23923233E-05 -0.14183460E-03   863.99999977   -23304.45442442
    3620    7.24000000  0.48112179E-05  0.25131009E-05 -0.16025823E-03   863.99999977   -23304.63981353
    3630    7.26000000  0.56474288E-05  0.26179421E-05 -0.17717371E-03   863.99999977   -23304.83778869
    3640    7.28000000  0.65555229E-05  0.27055290E-05 -0.19246290E-03   863.99999977   -23305.04420065
    3650    7.30000000  0.75296695E-05  0.27746986E-05 -0.20602687E-03   863.99999977   -23305.25501878
    3660    7.32000000  0.85624422E-05  0.28245070E-05 -0.21778663E-03   863.99999977   -23305.46641845
    3670    7.34000000  0.96449053E-05  0.28542911E-05 -0.22768357E-03   863.99999977   -23305.67485742
    3680    7.36000000  0.10766741E-04  0.28637215E-05 -0.23567955E-03   863.99999977   -23305.87713964
    3690    7.38000000  0.11916415E-04  0.28528454E-05 -0.24175664E-03   863.99999977   -23306.07046541
    3700    7.40000000  0.13081373E-04  0.28221118E-05 -0.24591658E-03   863.99999977   -23306.25246738
    3710    7.42000000  0.14248268E-04  0.27723801E-05 -0.24818003E-03   863.99999977   -23306.42123228
    3720    7.44000000  0.15403210E-04  0.27049070E-05 -0.24858546E-03   863.99999977   -23306.57530882
    3730    7.46000000  0.16532033E-04  0.26213143E-05 -0.24718793E-03   863.99999976   -23306.71370263
    3740    7.48000000  0.17620562E-04  0.25235376E-05 -0.24405766E-03   863.99999976   -23306.83585939
    3750    7.50000000  0.18654894E-04  0.24137591E-05 -0.23927842E-03   863.99999976   -23306.94163765
    3760    7.52000000  0.19621669E-04  0.22943285E-05 -0.23294586E-03   863.99999976   -23307.03127308
    3770    7.54000000  0.20508324E-04  0.21676766E-05 -0.22516578E-03   863.99999976   -23307.10533579
    3780    7.56000000  0.21303339E-04  0.20362271E-05 -0.21605234E-03   863.99999976   -23307.16468280
    3790    7.58000000  0.21996447E-04  0.19023121E-05 -0.20572627E-03   863.99999976   -23307.21040738
    3800    7.60000000  0.22578829E-04  0.17680954E-05 -0.19431317E-03   863.99999976   -23307.24378708
    3810    7.62000000  0.23043259E-04  0.16355085E-05 -0.18194181E-03   863.99999976   -23307.26623208
    3820    7.64000000  0.23384231E-04  0.15062026E-05 -0.16874260E-03   863.99999976   -23307.27923530
    3830    7.66000000  0.23598031E-04  0.13815171E-05 -0.15484607E-03   863.99999976   -23307.28432558
    3840    7.68000000  0.23682778E-04  0.12624669E-05 -0.14038164E-03   863.99999976   -23307.28302489
    3850    7.70000000  0.23638427E-04  0.11497466E-05 -0.12547638E-03   863.99999976   -23307.27681041
    3860    7.72000000  0.23466731E-04  0.10437497E-05 -0.11025404E-03   863.99999976   -23307.26708198
    3870    7.74000000  0.23171172E-04  0.94460115E-06 -0.94834175E-04   863.99999976   -23307.25513529
    3880    7.76000000  0.22756859E-04  0.85219932E-06 -0.79331443E-04   863.99999975   -23307.24214085
    3890    7.78000000  0.22230399E-04  0.76626360E-06 -0.63855065E-04   863.99999975   -23307.22912872
    3900    7.80000000  0.21599754E-04  0.68638451E-06 -0.48508387E-04   863.99999975   -23307.21697876
    3910    7.82000000  0.20874071E-04  0.61207240E-06 -0.33388590E-04   863.99999975   -23307.20641601
    3920    7.84000000  0.20063506E-04  0.54280254E-06 -0.18586483E-04   863.99999975   -23307.19801068
    3930    7.86000000  0.19179048E-04  0.47805303E-06 -0.41863982E-05   863.99999975   -23307.19218233
    3940    7.88000000  0.18232327E-04  0.41733502E-06  0.97338558E-05   863.99999975   -23307.18920752
    3950    7.90000000  0.17235437E-04  0.36021367E-06  0.23102986E-04   863.99999975   -23307.18923038
    3960    7.92000000  0.16200754E-04  0.30631926E-06  0.35856169E-04   863.99999975   -23307.19227547
    3970    7.94000000  0.15140767E-04  0.25534948E-06  0.47934988E-04   863.99999975   -23307.19826230
    3980    7.96000000  0.14067912E-04  0.20706480E-06  0.59287356E-04   863.99999975   -23307.20702093
    3990    7.98000000  0.12994417E-04  0.16127572E-06  0.69867436E-04   863.99999975   -23307.21830819
    4000    8.00000000  0.11932159E-04  0.11782655E-06  0.79635566E-04   863.99999975   -23307.23182387
    4010    8.02000000  0.10892526E-04  0.76576862E-07  0.88558195E-04   863.99999975   -23307.24722661
    4020    8.04000000  0.98862873E-05  0.37382208E-07  0.96607821E-04   863.99999974   -23307.26414901
    4030    8.06000000  0.89234800E-05  0.76063576E-10  0.10376294E-03   863.99999974   -23307.28221159
    4040    8.08000000  0.80132968E-05 -0.35544287E-07  0.11000798E-03   863.99999974   -23307.30103556
    4050    8.10000000  0.71639897E-05 -0.69728821E-07  0.11533326E-03   863.99999974   -23307.32025388
    4060    8.12000000  0.63827830E-05 -0.10278051E-06  0.11973492E-03   863.99999974   -23307.33952077
    4070    8.14000000  0.56758005E-05 -0.13505569E-06  0.12321484E-03   863.99999974   -23307.35851942
    4080    8.16000000  0.50480086E-05 -0.16696000E-06  0.12578053E-03   863.99999974   -23307.37696792
    4090    8.18000000  0.45031763E-05 -0.19894084E-06  0.12744500E-03   863.99999974   -23307.39462342
    4100    8.20000000  0.40438564E-05 -0.23147555E-06  0.12822665E-03   863.99999974   -23307.41128470
    4110    8.22000000  0.36713866E-05 -0.26505777E-06  0.12814901E-03   863.99999974   -23307.42679303
    4120    8.24000000  0.33859137E-05 -0.30018221E-06  0.12724063E-03   863.99999974   -23307.44103177
    4130    8.26000000  0.31864396E-05 -0.33732859E-06  0.12553475E-03   863.99999974   -23307.45392464
    4140    8.28000000  0.30708877E-05 -0.37694575E-06  0.12306910E-03   863.99999974   -23307.46543298
    4150    8.30000000  0.30361877E-05 -0.41943585E-06  0.11988557E-03   863.99999974   -23307.47555217
    4160    8.32000000  0.30783751E-05 -0.46513978E-06  0.11602991E-03   863.99999974   -23307.48430744
    4170    8.34000000  0.31927034E-05 -0.51432297E-06  0.11155138E-03   863.99999973   -23307.49174926
    4180    8.36000000  0.33737619E-05 -0.56716294E-06  0.10650238E-03   863.99999973   -23307.49794851
    4190    8.38000000  0.36155990E-05 -0.62373862E-06  0.10093804E-03   863.99999973   -23307.50299167
    4200    8.40000000  0.39118448E-05 -0.68402096E-06  0.94915813E-04   863.99999973   -23307.50697610
    4210    8.42000000  0.42558318E-05 -0.74786645E-06  0.88495032E-04   863.99999973   -23307.51000568
    4220    8.44000000  0.46407114E-05 -0.81501358E-06  0.81736426E-04   863.99999973   -23307.51218675
    4230    8.46000000  0.50595644E-05 -0.88508121E-06  0.74701652E-04   863.99999973   -23307.51362469
    4240    8.48000000  0.55055074E-05 -0.95757093E-06  0.67452797E-04   863.99999973   -23307.51442096
    4250    8.50000000  0.59717904E-05 -0.10318722E-05  0.60051876E-04   863.99999973   -23307.51467075
    4260    8.52000000  0.64518898E-05 -0.11072707E-05  0.52560330E-04   863.99999973   -23307.51446127
    4270    8.54000000  0.69395946E-05 -0.11829591E-05  0.45038532E-04   863.99999973   -23307.51387060
    4280    8.56000000  0.74290844E-05 -0.12580500E-05  0.37545300E-04   863.99999973   -23307.51296704
    4290    8.58000000  0.79150008E-05 -0.13315908E-05  0.30137425E-04   863.99999973   -23307.51180905
    4300    8.60000000  0.83925089E-05 -0.14025786E-05  0.22869233E-04   863.99999973   -23307.51044550
    4310    8.62000000  0.88573485E-05 -0.14699772E-05  0.15792163E-04   863.99999973   -23307.50891631
    4320    8.64000000  0.93058723E-05 -0.15327330E-05  0.89543856E-05   863.99999972   -23307.50725331
    4330    8.66000000  0.97350720E-05 -0.15897909E-05  0.24004606E-05   863.99999972   -23307.50548132
    4340    8.68000000  0.10142588E-04 -0.16401093E-05 -0.38289663E-05   863.99999972   -23307.50361925
    4350    8.70000000  0.10526705E-04 -0.16826738E-05 -0.96974177E-05   863.99999972   -23307.50168128
    4360    8.72000000  0.10886329E-04 -0.17165108E-05 -0.15172792E-04   863.99999972   -23307.49967792
    4370    8.74000000  0.11220955E-04 -0.17406981E-05 -0.20227523E-04   863.99999972   -23307.49761702
    4380    8.76000000  0.11530612E-04 -0.17543749E-05 -0.24838686E-04   863.99999972   -23307.49550463
    4390    8.78000000  0.11815807E-04 -0.17567502E-05 -0.28988063E-04   863.99999972   -23307.49334571
    4400    8.80000000  0.12077457E-04 -0.17471092E-05 -0.32662155E-04   863.99999972   -23307.49114460
    4410    8.82000000  0.12316811E-04 -0.17248185E-05 -0.35852160E-04   863.99999972   -23307.48890542
    4420    8.84000000  0.12535380E-04 -0.16893308E-05 -0.38553902E-04   863.99999972   -23307.48663223
    4430    8.86000000  0.12734868E-04 -0.16401891E-05 -0.40767730E-04   863.99999972   -23307.48432908
    4440    8.88000000  0.12917108E-04 -0.15770300E-05 -0.42498381E-04   863.99999972   -23307.48199992
    4450    8.90000000  0.13084007E-04 -0.14995890E-05 -0.43754811E-04   863.99999972   -23307.47964849
    4460    8.92000000  0.13237509E-04 -0.14077055E-05 -0.44549981E-04   863.99999972   -23307.47727811
    4470    8.94000000  0.13379561E-04 -0.13013297E-05 -0.44900506E-04   863.99999971   -23307.47489161
    4480    8.96000000  0.13512102E-04 -0.11805308E-05 -0.44826210E-04   863.99999971   -23307.47249148
    4490    8.98000000  0.13637052E-04 -0.10455047E-05 -0.44349739E-04   863.99999971   -23307.47007981
    4500    9.00000000  0.13756316E-04 -0.89658455E-06 -0.43496188E-04   863.99999971   -23307.46765837
    4510    9.02000000  0.13871789E-04 -0.73424828E-06 -0.42292722E-04   863.99999971   -23307.46522855
    4520    9.04000000  0.13985364E-04 -0.55912697E-06 -0.40768213E-04   863.99999971   -23307.46279141
    4530    9.06000000  0.14098937E-04 -0.37201085E-06 -0.38952876E-04   863.99999971   -23307.46034770
    4540    9.08000000  0.14214404E-04 -0.17385298E-06 -0.36877922E-04   863.99999971   -23307.45789781
    4550    9.10000000  0.14333647E-04  0.34229492E-07 -0.34575206E-04   863.99999971   -23307.45544182
    4560    9.12000000  0.14458519E-04  0.25095705E-06 -0.32076896E-04   863.99999971   -23307.45297950
    4570    9.14000000  0.14590805E-04  0.47489265E-06 -0.29415137E-04   863.99999971   -23307.45051033
    4580    9.16000000  0.14732183E-04  0.70444919E-06 -0.26621737E-04   863.99999971   -23307.44803352
    4590    9.18000000  0.14884164E-04  0.93789965E-06 -0.23727866E-04   863.99999971   -23307.44554803
    4600    9.20000000  0.15048040E-04  0.11733899E-05 -0.20763765E-04   863.99999971   -23307.44305262
    4610    9.22000000  0.15224812E-04  0.14089540E-05 -0.17758491E-04   863.99999971   -23307.44054591
    4620    9.24000000  0.15415127E-04  0.16425318E-05 -0.14739676E-04   863.99999970   -23307.43802641
    4630    9.26000000  0.15619217E-04  0.18719890E-05 -0.11733326E-04   863.99999970   -23307.43549261
    4640    9.28000000  0.15836846E-04  0.20951399E-05 -0.87636396E-05   863.99999970   -23307.43294305
    4650    9.30000000  0.16067260E-04  0.23097730E-05 -0.58528811E-05   863.99999970   -23307.43037640
    4660    9.32000000  0.16309164E-04  0.25136791E-05 -0.30212764E-05   863.99999970   -23307.42779155
    4670    9.34000000  0.16560704E-04  0.27046820E-05 -0.28695424E-06   863.99999970   -23307.42518768
    4680    9.36000000  0.16819472E-04  0.28806720E-05  0.23340780E-05   863.99999970   -23307.42256434
    4690    9.38000000  0.17082533E-04  0.30396400E-05  0.48279243E-05   863.99999970   -23307.41992154
    4700    9.40000000  0.17346461E-04  0.31797137E-05  0.71827598E-05   863.99999970   -23307.41725982
    4710    9.42000000  0.17607405E-04  0.32991931E-05  0.93887651E-05   863.99999970   -23307.41458028
    4720    9.44000000  0.17861158E-04  0.33965860E-05  0.11438042E-04   863.99999970   -23307.41188463
    4730    9.46000000  0.18103246E-04  0.34706402E-05  0.13324514E-04   863.99999970   -23307.40917524
    4740    9.48000000  0.18329020E-04  0.35203744E-05  0.15043819E-04   863.99999970   -23307.40645510
    4750    9.50000000  0.18533756E-04  0.35451036E-05  0.16593201E-04   863.99999970   -23307.40372787
    4760    9.52000000  0.18712756E-04  0.35444605E-05  0.17971398E-04   863.99999969   -23307.40099782
    4770    9.54000000  0.18861435E-04  0.35184112E-05  0.19178538E-04   863.99999969   -23307.39826978
    4780    9.56000000  0.18975418E-04  0.34672644E-05  0.20216044E-04   863.99999969   -23307.39554915
    4790    9.58000000  0.19050613E-04  0.33916733E-05  0.21086546E-04   863.99999969   -23307.39284177
    4800    9.60000000  0.19083280E-04  0.32926305E-05  0.21793801E-04   863.99999969   -23307.39015386
    4810    9.62000000  0.19070091E-04  0.31714552E-05  0.22342621E-04   863.99999969   -23307.38749200
    4820    9.64000000  0.19008174E-04  0.30297724E-05  0.22738814E-04   863.99999969   -23307.38486296
    4830    9.66000000  0.18895153E-04  0.28694858E-05  0.22989116E-04   863.99999969   -23307.38227368
    4840    9.68000000  0.18729180E-04  0.26927422E-05  0.23101128E-04   863.99999969   -23307.37973114
    4850    9.70000000  0.18508962E-04  0.25018919E-05  0.23083256E-04   863.99999969   -23307.37724231
    4860    9.72000000  0.18233788E-04  0.22994428E-05  0.22944630E-04   863.99999969   -23307.37481402
    4870    9.74000000  0.17903549E-04  0.20880113E-05  0.22695015E-04   863.99999969   -23307.37245289
    4880    9.76000000  0.17518767E-04  0.18702716E-05  0.22344717E-04   863.99999969   -23307.37016528
    4890    9.78000000  0.17080615E-04  0.16489035E-05  0.21904459E-04   863.99999969   -23307.36795715
    4900    9.80000000  0.16590942E-04  0.14265408E-05  0.21385256E-04   863.99999969   -23307.36583400
    4910    9.82000000  0.16052296E-04  0.12057231E-05  0.20798271E-04   863.99999968   -23307.36380082
    4920    9.84000000  0.15467939E-04  0.98884973E-06  0.20154661E-04   863.99999968   -23307.36186198
    4930    9.86000000  0.14841859E-04  0.77813898E-06  0.19465420E-04   863.99999968   -23307.36002117
    4940    9.88000000  0.14178767E-04  0.57559278E-06  0.18741227E-04   863.99999968   -23307.35828133
    4950    9.90000000  0.13484086E-04  0.38296754E-06  0.17992285E-04   863.99999968   -23307.35664460
    4960    9.92000000  0.12763918E-04  0.20175197E-06  0.17228191E-04   863.99999968   -23307.35511228
    4970    9.94000000  0.12025003E-04  0.33153131E-07  0.16457808E-04   863.99999968   -23307.35368478
    4980    9.96000000  0.11274642E-04 -0.12191071E-06  0.15689159E-04   863.99999968   -23307.35236156
    4990    9.98000000  0.10520614E-04 -0.26280987E-06  0.14929350E-04   863.99999968   -23307.35114119
    5000   10.00000000  0.97710624E-05 -0.38919525E-06  0.14184509E-04   863.99999968   -23307.35002127
    5010   10.02000000  0.90343732E-05 -0.50098415E-06  0.13459758E-04   863.99999968   -23307.34899854
    5020   10.04000000  0.83190279E-05 -0.59834125E-06  0.12759201E-04   863.99999968   -23307.34806881
    5030   10.06000000  0.76334524E-05 -0.68165431E-06  0.12085940E-04   863.99999968   -23307.34722711
    5040   10.08000000  0.69858563E-05 -0.75150695E-06  0.11442109E-04   863.99999968   -23307.34646770
    5050   10.10000000  0.63840721E-05 -0.80865033E-06  0.10828923E-04   863.99999968   -23307.34578419
    5060   10.12000000  0.58353997E-05 -0.85397283E-06  0.10246746E-04   863.99999967   -23307.34516961
    5070   10.14000000  0.53464590E-05 -0.88847134E-06  0.96951635E-05   863.99999967   -23307.34461653
    5080   10.16000000  0.49230571E-05 -0.91322287E-06  0.91730723E-05   863.99999967   -23307.34411721
    5090   10.18000000  0.45700732E-05 -0.92935838E-06  0.86787675E-05   863.99999967   -23307.34366367
    5100   10.20000000  0.42913632E-05 -0.93803847E-06  0.82100393E-05   863.99999967   -23307.34324785
    5110   10.22000000  0.40896860E-05 -0.94043165E-06  0.77642710E-05   863.99999967   -23307.34286175
    5120   10.24000000  0.39666534E-05 -0.93769478E-06  0.73385371E-05   863.99999967   -23307.34249751
    5130   10.26000000  0.39227033E-05 -0.93095609E-06  0.69297029E-05   863.99999967   -23307.34214757
    5140   10.28000000  0.39570962E-05 -0.92129958E-06  0.65345211E-05   863.99999967   -23307.34180476
    5150   10.30000000  0.40679363E-05 -0.90975216E-06  0.61497265E-05   863.99999967   -23307.34146239
    5160   10.32000000  0.42522162E-05 -0.89727199E-06  0.57721266E-05   863.99999967   -23307.34111435
    5170   10.34000000  0.45058851E-05 -0.88473797E-06  0.53986852E-05   863.99999967   -23307.34075518
    5180   10.36000000  0.48239414E-05 -0.87294119E-06  0.50265990E-05   863.99999967   -23307.34038013
    5190   10.38000000  0.52005460E-05 -0.86257631E-06  0.46533642E-05   863.99999967   -23307.33998519
    5200   10.40000000  0.56291577E-05 -0.85423463E-06  0.42768325E-05   863.99999967   -23307.33956711
    5210   10.42000000  0.61026868E-05 -0.84839743E-06  0.38952544E-05   863.99999966   -23307.33912343
    5220   10.44000000  0.66136615E-05 -0.84543085E-06  0.35073097E-05   863.99999966   -23307.33865244
    5230   10.46000000  0.71544034E-05 -0.84558129E-06  0.31121250E-05   863.99999966   -23307.33815318
    5240   10.48000000  0.77172057E-05 -0.84897231E-06  0.27092784E-05   863.99999966   -23307.33762538
    5250   10.50000000  0.82945058E-05 -0.85560328E-06  0.22987928E-05   863.99999966   -23307.33706942
    5260   10.52000000  0.88790476E-05 -0.86534997E-06  0.18811186E-05   863.99999966   -23307.33648624
    5270   10.54000000  0.94640230E-05 -0.87796631E-06  0.14571072E-05   863.99999966   -23307.33587732
    5280   10.56000000  0.10043190E-04 -0.89308915E-06  0.10279780E-05   863.99999966   -23307.33524452
    5290   10.58000000  0.10610959E-04 -0.91024443E-06  0.59528090E-06   863.99999966   -23307.33459009
    5300   10.60000000  0.11162451E-04 -0.92885475E-06  0.16085476E-06   863.99999966   -23307.33391652
    5310   10.62000000  0.11693514E-04 -0.94824904E-06 -0.27321473E-06   863.99999966   -23307.33322651
    5320   10.64000000  0.12200720E-04 -0.96767308E-06 -0.70463690E-06   863.99999966   -23307.33252288
    5330   10.66000000  0.12681320E-04 -0.98630027E-06 -0.11309553E-05   863.99999966   -23307.33180850
    5340   10.68000000  0.13133185E-04 -0.10032429E-05 -0.15495845E-05   863.99999966   -23307.33108625
    5350   10.70000000  0.13554725E-04 -0.10175633E-05 -0.19578405E-05   863.99999966   -23307.33035897
    5360   10.72000000  0.13944799E-04 -0.10282848E-05 -0.23529678E-05   863.99999965   -23307.32962942
    5370   10.74000000  0.14302626E-04 -0.10344022E-05 -0.27321598E-05   863.99999965   -23307.32890026
    5380   10.76000000  0.14627686E-04 -0.10348933E-05 -0.30925738E-05   863.99999965   -23307.32817401
    5390   10.78000000  0.14919650E-04 -0.10287299E-05 -0.34313432E-05   863.99999965   -23307.32745308
    5400   10.80000000  0.15178305E-04 -0.10148905E-05 -0.37455858E-05   863.99999965   -23307.32673971
    5410   10.82000000  0.15403507E-04 -0.99237352E-06 -0.40324132E-05   863.99999965   -23307.32603601
    5420   10.84000000  0.15595151E-04 -0.96021394E-06 -0.42889409E-05   863.99999965   -23307.32534392
    5430   10.86000000  0.15753154E-04 -0.91750025E-06 -0.45123039E-05   863.99999965   -23307.32466524
    5440   10.88000000  0.15877459E-04 -0.86339466E-06 -0.46996775E-05   863.99999965   -23307.32400164
    5450   10.90000000  0.15968058E-04 -0.79715503E-06 -0.48483068E-05   863.99999965   -23307.32335462
    5460   10.92000000  0.16025013E-04 -0.71815850E-06 -0.49555441E-05   863.99999965   -23307.32272553
    5470   10.94000000  0.16048499E-04 -0.62592569E-06 -0.50188946E-05   863.99999965   -23307.32211560
    5480   10.96000000  0.16038837E-04 -0.52014508E-06 -0.50360697E-05   863.99999965   -23307.32152588
    5490   10.98000000  0.15996534E-04 -0.40069646E-06 -0.50050461E-05   863.99999965   -23307.32095730
    5500   11.00000000  0.15922311E-04 -0.26767185E-06 -0.49241263E-05   863.99999965   -23307.32041062
    5510   11.02000000  0.15817127E-04 -0.12139399E-06 -0.47920017E-05   863.99999964   -23307.31988647
    5520   11.04000000  0.15682191E-04  0.37569484E-07 -0.46078108E-05   863.99999964   -23307.31938531
    5530   11.06000000  0.15518962E-04  0.20839681E-06 -0.43711931E-05   863.99999964   -23307.31890745
    5540   11.08000000  0.15329137E-04  0.39000827E-06 -0.40823349E-05   863.99999964   -23307.31845306
    5550   11.10000000  0.15114624E-04  0.58106790E-06 -0.37420060E-05   863.99999964   -23307.31802218
    5560   11.12000000  0.14877515E-04  0.77999139E-06 -0.33515849E-05   863.99999964   -23307.31761468
    5570   11.14000000  0.14620037E-04  0.98495962E-06 -0.29130738E-05   863.99999964   -23307.31723034
    5580   11.16000000  0.14344509E-04  0.11939377E-05 -0.24291021E-05   863.99999964   -23307.31686880
    5590   11.18000000  0.14053287E-04  0.14046996E-05 -0.19029192E-05   863.99999964   -23307.31652958
    5600   11.20000000  0.13748718E-04  0.16148575E-05 -0.13383765E-05   863.99999964   -23307.31621214
    5610   11.22000000  0.13433081E-04  0.18218948E-05 -0.73989844E-06   863.99999964   -23307.31591583
    5620   11.24000000  0.13108548E-04  0.20232033E-05 -0.11244449E-06   863.99999964   -23307.31563994
    5630   11.26000000  0.12777140E-04  0.22161230E-05  0.53854083E-06   863.99999964   -23307.31538370
    5640   11.28000000  0.12440694E-04  0.23979845E-05  0.12071878E-05   863.99999964   -23307.31514631
    5650   11.30000000  0.12100842E-04  0.25661538E-05  0.18872734E-05   863.99999964   -23307.31492692
    5660   11.32000000  0.11758995E-04  0.27180770E-05  0.25723041E-05   863.99999963   -23307.31472468
    5670   11.34000000  0.11416350E-04  0.28513273E-05  0.32556094E-05   863.99999963   -23307.31453872
    5680   11.36000000  0.11073895E-04  0.29636509E-05  0.39304467E-05   863.99999963   -23307.31436817
    5690   11.38000000  0.10732442E-04  0.30530129E-05  0.45901128E-05   863.99999963   -23307.31421217
    5700   11.40000000  0.10392662E-04  0.31176403E-05  0.52280632E-05   863.99999963   -23307.31406986
    5710   11.42000000  0.10055141E-04  0.31560635E-05  0.58380324E-05   863.99999963   -23307.31394042
    5720   11.44000000  0.97204351E-05  0.31671535E-05  0.64141532E-05   863.99999963   -23307.31382302
    5730   11.46000000  0.93891392E-05  0.31501537E-05  0.69510703E-05   863.99999963   -23307.31371687
    5740   11.48000000  0.90619599E-05  0.31047050E-05  0.74440420E-05   863.99999963   -23307.31362121
    5750   11.50000000  0.87397826E-05  0.30308636E-05  0.78890280E-05   863.99999963   -23307.31353528
    5760   11.52000000  0.84237357E-05  0.29291105E-05  0.82827576E-05   863.99999963   -23307.31345835
    5770   11.54000000  0.81152436E-05  0.28003503E-05  0.86227760E-05   863.99999963   -23307.31338974
    5780   11.56000000  0.78160645E-05  0.26459009E-05  0.89074660E-05   863.99999963   -23307.31332875
    5790   11.58000000  0.75283090E-05  0.24674714E-05  0.91360448E-05   863.99999963   -23307.31327474
    5800   11.60000000  0.72544377E-05  0.22671317E-05  0.93085347E-05   863.99999962   -23307.31322708
    5810   11.62000000  0.69972331E-05  0.20472717E-05  0.94257118E-05   863.99999962   -23307.31318516
    5820   11.64000000  0.67597487E-05  0.18105532E-05  0.94890319E-05   863.99999962   -23307.31314843
    5830   11.66000000  0.65452345E-05  0.15598543E-05  0.95005393E-05   863.99999962   -23307.31311633
    5840   11.68000000  0.63570406E-05  0.12982112E-05  0.94627616E-05   863.99999962   -23307.31308838
    5850   11.70000000  0.61985060E-05  0.10287564E-05  0.93785964E-05   863.99999962   -23307.31306410
    5860   11.72000000  0.60728340E-05  0.75465848E-06  0.92511935E-05   863.99999962   -23307.31304306
    5870   11.74000000  0.59829632E-05  0.47906317E-06  0.90838398E-05   863.99999962   -23307.31302489
    5880   11.76000000  0.59314370E-05  0.20503958E-06  0.88798487E-05   863.99999962   -23307.31300925
    5890   11.78000000  0.59202812E-05 -0.64467440E-07  0.86424622E-05   863.99999962   -23307.31299583
    5900   11.80000000  0.59508926E-05 -0.32667767E-06  0.83747674E-05   863.99999962   -23307.31298438
    5910   11.82000000  0.60239461E-05 -0.57900786E-06  0.80796307E-05   863.99999962   -23307.31297468
    5920   11.84000000  0.61393218E-05 -0.81909593E-06  0.77596522E-05   863.99999962   -23307.31296655
    5930   11.86000000  0.62960589E-05 -0.10448173E-05  0.74171404E-05   863.99999962   -23307.31295982
    5940   11.88000000  0.64923337E-05 -0.12542945E-05  0.70541083E-05   863.99999962   -23307.31295435
    5950   11.90000000  0.67254676E-05 -0.14459010E-05  0.66722893E-05   863.99999961   -23307.31295003
    5960   11.92000000  0.69919600E-05 -0.16182599E-05  0.62731702E-05   863.99999961   -23307.31294674
    5970   11.94000000  0.72875491E-05 -0.17702412E-05  0.58580395E-05   863.99999961   -23307.31294437
    5980   11.96000000  0.76072953E-05 -0.19009566E-05  0.54280473E-05   863.99999961   -23307.31294278
    5990   11.98000000  0.79456849E-05 -0.20097549E-05  0.49842724E-05   863.99999961   -23307.31294185
    6000   12.00000000  0.82967524E-05 -0.20962167E-05  0.45277939E-05   863.99999961   -23307.31294141
    6010   12.02000000  0.86546928E-05 -0.21601519E-05  0.40597624E-05   863.99999961   -23307.31294118
    6020   12.04000000  0.90128407E-05 -0.22015967E-05  0.35814680E-05   863.99999961   -23307.31294094
    6030   12.06000000  0.93637839E-05 -0.22208135E-05  0.30943998E-05   863.99999961   -23307.31294069
    6040   12.08000000  0.97003150E-05 -0.22182901E-05  0.26002958E-05   863.99999961   -23307.31294045
    6050   12.10000000  0.10015556E-04 -0.21947389E-05  0.21011810E-05   863.99999961   -23307.31294021
    6060   12.12000000  0.10303113E-04 -0.21510947E-05  0.15993891E-05   863.99999961   -23307.31293997
    6070   12.14000000  0.10557224E-04 -0.20885112E-05  0.10975703E-05   863.99999961   -23307.31293973
    6080   12.16000000  0.10772858E-04 -0.20083532E-05  0.59868187E-06   863.99999961   -23307.31293949
    6090   12.18000000  0.10945812E-04 -0.19121871E-05  0.10596387E-06   863.99999961   -23307.31293926
    6100   12.20000000  0.11072779E-04 -0.18017648E-05 -0.37709985E-06   863.99999960   -23307.31293902
    6110   12.22000000  0.11151390E-04 -0.16790036E-05 -0.84683389E-06   863.99999960   -23307.31293880
    6120   12.24000000  0.11180239E-04 -0.15459604E-05 -0.12994333E-05   863.99999960   -23307.31293857
    6130   12.26000000  0.11158907E-04 -0.14048016E-05 -0.17310329E-05   863.99999960   -23307.31293834
    6140   12.28000000  0.11087951E-04 -0.12577680E-05 -0.21377810E-05   863.99999960   -23307.31293812
    6150   12.30000000  0.10968878E-04 -0.11071363E-05 -0.25159139E-05   863.99999960   -23307.31293790
    6160   12.32000000  0.10804107E-04 -0.95517771E-06 -0.28618286E-05   863.99999960   -23307.31293768
    6170   12.34000000  0.10596898E-04 -0.80411336E-06 -0.31721512E-05   863.99999960   -23307.31293746
    6180   12.36000000  0.10351278E-04 -0.65607112E-06 -0.34438000E-05   863.99999960   -23307.31293724
    6190   12.38000000  0.10071940E-04 -0.51304153E-06 -0.36740406E-05   863.99999960   -23307.31293702
    6200   12.40000000  0.97641450E-05 -0.37683590E-06 -0.38605345E-05   863.99999960   -23307.31293680
    6210   12.42000000  0.94336001E-05 -0.24904773E-06 -0.40013803E-05   863.99999960   -23307.31293658
    6220   12.44000000  0.90863385E-05 -0.13101857E-06 -0.40951477E-05   863.99999960   -23307.31293636
    6230   12.46000000  0.87285922E-05 -0.23809685E-07 -0.41409054E-05   863.99999960   -23307.31293614
    6240   12.48000000  0.83666709E-05  0.71819887E-07 -0.41382430E-05   863.99999960   -23307.31293591
    6250   12.50000000  0.80068384E-05  0.15542684E-06 -0.40872878E-05   863.99999959   -23307.31293569
    6260   12.52000000  0.76551947E-05  0.22688862E-06 -0.39887158E-05   863.99999959   -23307.31293547
    6270   12.54000000  0.73175631E-05  0.28639913E-06 -0.38437559E-05   863.99999959   -23307.31293524
    6280   12.56000000  0.69993860E-05  0.33445550E-06 -0.36541891E-05   863.99999959   -23307.31293502
    6290   12.58000000  0.67056312E-05  0.37183475E-06 -0.34223379E-05   863.99999959   -23307.31293479
    6300   12.60000000  0.64407081E-05  0.39956258E-06 -0.31510465E-05   863.99999959   -23307.31293457
    6310   12.62000000  0.62083935E-05  0.41887417E-06 -0.28436526E-05   863.99999959   -23307.31293435
    6320   12.64000000  0.60117655E-05  0.43116857E-06 -0.25039464E-05   863.99999959   -23307.31293412
    6330   12.66000000  0.58531501E-05  0.43795897E-06 -0.21361183E-05   863.99999959   -23307.31293390
    6340   12.68000000  0.57340819E-05  0.44082074E-06 -0.17446969E-05   863.99999959   -23307.31293369
    6350   12.70000000  0.56552781E-05  0.44133921E-06 -0.13344754E-05   863.99999959   -23307.31293347
    6360   12.72000000  0.56166270E-05  0.44105985E-06 -0.91043034E-06   863.99999959   -23307.31293326
    6370   12.74000000  0.56171954E-05  0.44144231E-06 -0.47763420E-06   863.99999959   -23307.31293305
    6380   12.76000000  0.56552518E-05  0.44382041E-06 -0.41164855E-07   863.99999959   -23307.31293285
    6390   12.78000000  0.57283066E-05  0.44936919E-06  0.39398510E-06   863.99999959   -23307.31293264
    6400   12.80000000  0.58331741E-05  0.45908022E-06  0.82299563E-06   863.99999958   -23307.31293244
    6410   12.82000000  0.59660522E-05  0.47374510E-06  0.12412999E-05   863.99999958   -23307.31293225
    6420   12.84000000  0.61226164E-05  0.49394686E-06  0.16446555E-05   863.99999958   -23307.31293205
    6430   12.86000000  0.62981246E-05  0.52005853E-06  0.20292030E-05   863.99999958   -23307.31293185
    6440   12.88000000  0.64875338E-05  0.55224747E-06  0.23915110E-05   863.99999958   -23307.31293166
    6450   12.90000000  0.66856248E-05  0.59048579E-06  0.27286059E-05   863.99999958   -23307.31293147
    6460   12.92000000  0.68871262E-05  0.63456344E-06  0.30379865E-05   863.99999958   -23307.31293127
    6470   12.94000000  0.70868380E-05  0.68410408E-06  0.33176237E-05   863.99999958   -23307.31293108
    6480   12.96000000  0.72797487E-05  0.73858185E-06  0.35659473E-05   863.99999958   -23307.31293088
    6490   12.98000000  0.74611428E-05  0.79733848E-06  0.37818211E-05   863.99999958   -23307.31293069
    6500   13.00000000  0.76266951E-05  0.85959986E-06  0.39645110E-05   863.99999958   -23307.31293049
    6510   13.02000000  0.77725512E-05  0.92449212E-06  0.41136472E-05   863.99999958   -23307.31293030
    6520   13.04000000  0.78953905E-05  0.99105647E-06  0.42291856E-05   863.99999958   -23307.31293010
    6530   13.06000000  0.79924734E-05  0.10582629E-05  0.43113693E-05   863.99999958   -23307.31292991
    6540   13.08000000  0.80616707E-05  0.11250240E-05  0.43606959E-05   863.99999958   -23307.31292971
    6550   13.10000000  0.81014784E-05  0.11902077E-05  0.43778891E-05   863.99999957   -23307.31292952
    6560   13.12000000  0.81110164E-05  0.12526504E-05  0.43638784E-05   863.99999957   -23307.31292932
    6570   13.14000000  0.80900161E-05  0.13111719E-05  0.43197855E-05   863.99999957   -23307.31292913
    6580   13.16000000  0.80387958E-05  0.13645889E-05  0.42469177E-05   863.99999957   -23307.31292894
    6590   13.18000000  0.79582258E-05  0.14117322E-05  0.41467650E-05   863.99999957   -23307.31292875
    6600   13.20000000  0.78496843E-05  0.14514645E-05  0.40210014E-05   863.99999957   -23307.31292856
    6610   13.22000000  0.77150076E-05  0.14826992E-05  0.38714859E-05   863.99999957   -23307.31292837
    6620   13.24000000  0.75564346E-05  0.15044219E-05  0.37002621E-05   863.99999957   -23307.31292818
    6630   13.26000000  0.73765465E-05  0.15157118E-05  0.35095541E-05   863.99999957   -23307.31292799
    6640   13.28000000  0.71782032E-05  0.15157637E-05  0.33017584E-05   863.99999957   -23307.31292781
    6650   13.30000000  0.69644781E-05  0.15039092E-05  0.30794292E-05   863.99999957   -23307.31292763
    6660   13.32000000  0.67385911E-05  0.14796366E-05  0.28452591E-05   863.99999957   -23307.31292744
    6670   13.34000000  0.65038435E-05  0.14426083E-05  0.26020549E-05   863.99999957   -23307.31292726
    6680   13.36000000  0.62635550E-05  0.13926740E-05  0.23527103E-05   863.99999957   -23307.31292708
    6690   13.38000000  0.60210050E-05  0.13298797E-05  0.21001753E-05   863.99999957   -23307.31292691
    6700   13.40000000  0.57793781E-05  0.12544733E-05  0.18474246E-05   863.99999956   -23307.31292673
    6710   13.42000000  0.55417147E-05  0.11669029E-05  0.15974248E-05   863.99999956   -23307.31292655
    6720   13.44000000  0.53108677E-05  0.10678123E-05  0.13531012E-05   863.99999956   -23307.31292638
    6730   13.46000000  0.50894660E-05  0.95803102E-06  0.11173043E-05   863.99999956   -23307.31292620
    6740   13.48000000  0.48798827E-05  0.83856028E-06  0.89277476E-06   863.99999956   -23307.31292603
    6750   13.50000000  0.46842105E-05  0.71055648E-06  0.68210790E-06   863.99999956   -23307.31292585
    6760   13.52000000  0.45042416E-05  0.57531161E-06  0.48771595E-06   863.99999956   -23307.31292568
    6770   13.54000000  0.43414536E-05  0.43423226E-06  0.31178976E-06   863.99999956   -23307.31292550
    6780   13.56000000  0.41970007E-05  0.28881742E-06  0.15626042E-06   863.99999956   -23307.31292533
    6790   13.58000000  0.40717118E-05  0.14063511E-06  0.22761504E-07   863.99999956   -23307.31292516
    6800   13.60000000  0.39660959E-05 -0.87010901E-08 -0.87406026E-07   863.99999956   -23307.31292498
    6810   13.62000000  0.38803543E-05 -0.15755618E-06 -0.17330351E-06   863.99999956   -23307.31292481
    6820   13.64000000  0.38143986E-05 -0.30429829E-06 -0.23437791E-06   863.99999956   -23307.31292463
    6830   13.66000000  0.37678755E-05 -0.44732303E-06 -0.27047552E-06   863.99999956   -23307.31292446
    6840   13.68000000  0.37401944E-05 -0.58507809E-06 -0.28184677E-06   863.99999955   -23307.31292428
    6850   13.70000000  0.37305608E-05 -0.71608722E-06 -0.26913882E-06   863.99999955   -23307.31292410
    6860   13.72000000  0.37380098E-05 -0.83897343E-06 -0.23337897E-06   863.99999955   -23307.31292392
    6870   13.74000000  0.37614389E-05 -0.95248009E-06 -0.17594803E-06   863.99999955   -23307.31292374
    6880   13.76000000  0.37996370E-05 -0.10554899E-05 -0.98545712E-07   863.99999955   -23307.31292357
    6890   13.78000000  0.38513099E-05 -0.11470406E-05 -0.31503755E-08   863.99999955   -23307.31292339
    6900   13.80000000  0.39150996E-05 -0.12263373E-05  0.10802511E-06   863.99999955   -23307.31292321
    6910   13.82000000  0.39895969E-05 -0.12927602E-05  0.23257858E-06   863.99999955   -23307.31292303
    6920   13.84000000  0.40733483E-05 -0.13458689E-05  0.36796359E-06   863.99999955   -23307.31292285
    6930   13.86000000  0.41648586E-05 -0.13854016E-05  0.51153270E-06   863.99999955   -23307.31292268
    6940   13.88000000  0.42625915E-05 -0.14112708E-05  0.66057768E-06   863.99999955   -23307.31292250
    6950   13.90000000  0.43649690E-05 -0.14235568E-05  0.81236717E-06   863.99999955   -23307.31292233
    6960   13.92000000  0.44703740E-05 -0.14224972E-05  0.96418153E-06   863.99999955   -23307.31292216
    6970   13.94000000  0.45771563E-05 -0.14084759E-05  0.11133449E-05   863.99999955   -23307.31292198
    6980   13.96000000  0.46836436E-05 -0.13820104E-05  0.12572562E-05   863.99999955   -23307.31292181
    6990   13.98000000  0.47881588E-05 -0.13437393E-05  0.13934192E-05   863.99999954   -23307.31292164
    7000   14.00000000  0.48890436E-05 -0.12944105E-05  0.15194717E-05   863.99999954   -23307.31292146
    7010   14.02000000  0.49846871E-05 -0.12348689E-05  0.16332160E-05   863.99999954   -23307.31292129
    7020   14.04000000  0.50735577E-05 -0.11660462E-05  0.17326479E-05   863.99999954   -23307.31292112
    7030   14.06000000  0.51542377E-05 -0.10889509E-05  0.18159865E-05   863.99999954   -23307.31292094
    7040   14.08000000  0.52254577E-05 -0.10046584E-05  0.18817030E-05   863.99999954   -23307.31292077
    7050   14.10000000  0.52861272E-05 -0.91430243E-06  0.19285471E-05   863.99999954   -23307.31292059
    7060   14.12000000  0.53353627E-05 -0.81906477E-06  0.19555718E-05   863.99999954   -23307.31292042
    7070   14.14000000  0.53725090E-05 -0.72016532E-06  0.19621536E-05   863.99999954   -23307.31292025
    7080   14.16000000  0.53971529E-05 -0.61884994E-06  0.19480098E-05   863.99999954   -23307.31292008
    7090   14.18000000  0.54091306E-05 -0.51637751E-06  0.19132079E-05   863.99999954   -23307.31291992
    7100   14.20000000  0.54085263E-05 -0.41400384E-06  0.18581712E-05   863.99999954   -23307.31291975
    7110   14.22000000  0.53956635E-05 -0.31296456E-06  0.17836759E-05   863.99999954   -23307.31291959
    7120   14.24000000  0.53710883E-05 -0.21445487E-06  0.16908423E-05   863.99999954   -23307.31291943
    7130   14.26000000  0.53355470E-05 -0.11960888E-06  0.15811173E-05   863.99999954   -23307.31291927
    7140   14.28000000  0.52899575E-05 -0.29477003E-07  0.14562505E-05   863.99999953   -23307.31291911
    7150   14.30000000  0.52353760E-05  0.54996032E-07  0.13182631E-05   863.99999953   -23307.31291894
    7160   14.32000000  0.51729606E-05  0.13299232E-06  0.11694102E-05   863.99999953   -23307.31291878
    7170   14.34000000  0.51039341E-05  0.20383942E-06  0.10121371E-05   863.99999953   -23307.31291862
    7180   14.36000000  0.50295456E-05  0.26702537E-06  0.84903272E-06   863.99999953   -23307.31291845
    7190   14.38000000  0.49510347E-05  0.32220902E-06  0.68277893E-06   863.99999953   -23307.31291829
    7200   14.40000000  0.48695985E-05  0.36922515E-06  0.51609863E-06   863.99999953   -23307.31291812
    7210   14.42000000  0.47863637E-05  0.40808294E-06  0.35170464E-06   863.99999953   -23307.31291795
    7220   14.44000000  0.47023643E-05  0.43895962E-06  0.19224986E-06   863.99999953   -23307.31291778
    7230   14.46000000  0.46185245E-05  0.46218786E-06  0.40280539E-07   863.99999953   -23307.31291761
    7240   14.48000000  0.45356504E-05  0.47823861E-06 -0.10180584E-06   863.99999953   -23307.31291744
    7250   14.50000000  0.44544240E-05  0.48770098E-06 -0.23179871E-06   863.99999953   -23307.31291727
    7260   14.52000000  0.43754053E-05  0.49125956E-06 -0.34770638E-06   863.99999953   -23307.31291710
    7270   14.54000000  0.42990370E-05  0.48967103E-06 -0.44778272E-06   863.99999953   -23307.31291694
    7280   14.56000000  0.42256529E-05  0.48374171E-06 -0.53054937E-06   863.99999953   -23307.31291677
    7290   14.58000000  0.41554873E-05  0.47430549E-06 -0.59481140E-06   863.99999952   -23307.31291661
    7300   14.60000000  0.40886865E-05  0.46220548E-06 -0.63966989E-06   863.99999952   -23307.31291645
    7310   14.62000000  0.40253192E-05  0.44827689E-06 -0.66452834E-06   863.99999952   -23307.31291630
    7320   14.64000000  0.39653874E-05  0.43333395E-06 -0.66909559E-06   863.99999952   -23307.31291615
    7330   14.66000000  0.39088366E-05  0.41815874E-06 -0.65338454E-06   863.99999952   -23307.31291599
    7340   14.68000000  0.38555645E-05  0.40349290E-06 -0.61770585E-06   863.99999952   -23307.31291584
    7350   14.70000000  0.38054300E-05  0.39003117E-06 -0.56265804E-06   863.99999952   -23307.31291569
    7360   14.72000000  0.37582604E-05  0.37841657E-06 -0.48911268E-06   863.99999952   -23307.31291554
    7370   14.74000000  0.37138579E-05  0.36923662E-06 -0.39819559E-06   863.99999952   -23307.31291539
    7380   14.76000000  0.36720055E-05  0.36301956E-06 -0.29126423E-06   863.99999952   -23307.31291524
    7390   14.78000000  0.36324710E-05  0.36023077E-06 -0.16988195E-06   863.99999952   -23307.31291510
    7400   14.80000000  0.35950090E-05  0.36126803E-06 -0.35789504E-07   863.99999952   -23307.31291495
    7410   14.82000000  0.35593624E-05  0.36645621E-06  0.10912521E-06   863.99999952   -23307.31291480
    7420   14.84000000  0.35252616E-05  0.37604034E-06  0.26285753E-06   863.99999952   -23307.31291465
    7430   14.86000000  0.34924238E-05  0.39017721E-06  0.42331632E-06   863.99999952   -23307.31291450
    7440   14.88000000  0.34605507E-05  0.40892564E-06  0.58835305E-06   863.99999951   -23307.31291436
    7450   14.90000000  0.34293282E-05  0.43223603E-06  0.75578866E-06   863.99999951   -23307.31291421
    7460   14.92000000  0.33984267E-05  0.45993978E-06  0.92343879E-06   863.99999951   -23307.31291406
    7470   14.94000000  0.33675030E-05  0.49173970E-06  0.10891364E-05   863.99999951   -23307.31291392
    7480   14.96000000  0.33362068E-05  0.52720289E-06  0.12507522E-05   863.99999951   -23307.31291377
    7490   14.98000000  0.33041878E-05  0.56575689E-06  0.14062137E-05   863.99999951   -23307.31291363
    7500   15.00000000  0.32711079E-05  0.60669053E-06  0.15535239E-05   863.99999951   -23307.31291348
    7510   15.02000000  0.32366554E-05  0.64916058E-06  0.16907790E-05   863.99999951   -23307.31291333
    7520   15.04000000  0.32005604E-05  0.69220409E-06  0.18161874E-05   863.99999951   -23307.31291319
    7530   15.06000000  0.31626114E-05  0.73475828E-06  0.19280883E-05   863.99999951   -23307.31291304
    7540   15.08000000  0.31226707E-05  0.77568479E-06  0.20249721E-05   863.99999951   -23307.31291289
    7550   15.10000000  0.30806891E-05  0.81379987E-06  0.21055012E-05   863.99999951   -23307.31291275
    7560   15.12000000  0.30367172E-05  0.84790725E-06  0.21685297E-05   863.99999951   -23307.31291260
    7570   15.14000000  0.29909133E-05  0.87683385E-06  0.22131239E-05   863.99999951   -23307.31291245
    7580   15.16000000  0.29435465E-05  0.89946449E-06  0.22385794E-05   863.99999951   -23307.31291229
    7590   15.18000000  0.28949963E-05  0.91477631E-06  0.22444352E-05   863.99999950   -23307.31291214
    7600   15.20000000  0.28457472E-05  0.92186870E-06  0.22304849E-05   863.99999950   -23307.31291198
    7610   15.22000000  0.27963790E-05  0.91999009E-06  0.21967815E-05   863.99999950   -23307.31291183
    7620   15.24000000  0.27475536E-05  0.90855957E-06  0.21436382E-05   863.99999950   -23307.31291167
    7630   15.26000000  0.26999970E-05  0.88718310E-06  0.20716216E-05   863.99999950   -23307.31291151
    7640   15.28000000  0.26544802E-05  0.85566427E-06  0.19815426E-05   863.99999950   -23307.31291135
    7650   15.30000000  0.26117957E-05  0.81401085E-06  0.18744401E-05   863.99999950   -23307.31291119
    7660   15.32000000  0.25727331E-05  0.76243556E-06  0.17515630E-05   863.99999950   -23307.31291103
    7670   15.34000000  0.25380521E-05  0.70135325E-06  0.16143491E-05   863.99999950   -23307.31291088
    7680   15.36000000  0.25084553E-05  0.63137446E-06  0.14644023E-05   863.99999950   -23307.31291072
    7690   15.38000000  0.24845607E-05  0.55329451E-06  0.13034711E-05   863.99999950   -23307.31291056
    7700   15.40000000  0.24668749E-05  0.46807970E-06  0.11334257E-05   863.99999950   -23307.31291041
    7710   15.42000000  0.24557686E-05  0.37685015E-06  0.95623785E-06   863.99999950   -23307.31291026
    7720   15.44000000  0.24514555E-05  0.28085885E-06  0.77396153E-06   863.99999950   -23307.31291011
    7730   15.46000000  0.24539749E-05  0.18146822E-06  0.58871408E-06   863.99999950   -23307.31290996
    7740   15.48000000  0.24631812E-05  0.80122714E-07  0.40265827E-06   863.99999949   -23307.31290981
    7750   15.50000000  0.24787383E-05 -0.21680005E-07  0.21798459E-06   863.99999949   -23307.31290966
    7760   15.52000000  0.25001241E-05 -0.12241994E-06  0.36891168E-07   863.99999949   -23307.31290951
    7770   15.54000000  0.25266405E-05 -0.22058639E-06 -0.13843705E-06   863.99999949   -23307.31290935
    7780   15.56000000  0.25574321E-05 -0.31470894E-06 -0.30585215E-06   863.99999949   -23307.31290920
    7790   15.58000000  0.25915123E-05 -0.40338738E-06 -0.46327045E-06   863.99999949   -23307.31290905
    7800   15.60000000  0.26277949E-05 -0.48531853E-06 -0.60870191E-06   863.99999949   -23307.31290889
    7810   15.62000000  0.26651308E-05 -0.55931980E-06 -0.74028285E-06   863.99999949   -23307.31290874
    7820   15.64000000  0.27023474E-05 -0.62434872E-06 -0.85630933E-06   863.99999949   -23307.31290858
    7830   15.66000000  0.27382886E-05 -0.67951796E-06 -0.95527196E-06   863.99999949   -23307.31290843
    7840   15.68000000  0.27718547E-05 -0.72410642E-06 -0.10358889E-05   863.99999949   -23307.31290827
    7850   15.70000000  0.28020389E-05 -0.75756600E-06 -0.10971366E-05   863.99999949   -23307.31290812
    7860   15.72000000  0.28279602E-05 -0.77952491E-06 -0.11382751E-05   863.99999949   -23307.31290796
    7870   15.74000000  0.28488895E-05 -0.78978894E-06 -0.11588685E-05   863.99999949   -23307.31290781
    7880   15.76000000  0.28642716E-05 -0.78833954E-06 -0.11587970E-05   863.99999949   -23307.31290766
    7890   15.78000000  0.28737379E-05 -0.77533135E-06 -0.11382606E-05   863.99999948   -23307.31290751
    7900   15.80000000  0.28771145E-05 -0.75108820E-06 -0.10977745E-05   863.99999948   -23307.31290736
    7910   15.82000000  0.28744222E-05 -0.71609804E-06 -0.10381557E-05   863.99999948   -23307.31290721
    7920   15.84000000  0.28658706E-05 -0.67100652E-06 -0.96050189E-06   863.99999948   -23307.31290706
    7930   15.86000000  0.28518462E-05 -0.61660946E-06 -0.86616256E-06   863.99999948   -23307.31290691
    7940   15.88000000  0.28328949E-05 -0.55384337E-06 -0.75670593E-06   863.99999948   -23307.31290676
    7950   15.90000000  0.28097010E-05 -0.48377303E-06 -0.63388127E-06   863.99999948   -23307.31290661
    7960   15.92000000  0.27830610E-05 -0.40757655E-06 -0.49957998E-06   863.99999948   -23307.31290646
    7970   15.94000000  0.27538558E-05 -0.32652760E-06 -0.35579637E-06   863.99999948   -23307.31290631
    7980   15.96000000  0.27230201E-05 -0.24197277E-06 -0.20458987E-06   863.99999948   -23307.31290616
    7990   15.98000000  0.26915116E-05 -0.15530780E-06 -0.48049301E-07   863.99999948   -23307.31290601
    8000   16.00000000  0.26602798E-05 -0.67949756E-07  0.11173916E-06   863.99999948   -23307.31290586
    8010   16.02000000  0.26302355E-05  0.18692178E-07  0.27272043E-06   863.99999948   -23307.31290571
    8020   16.04000000  0.26022236E-05  0.10324677E-06  0.43289540E-06   863.99999948   -23307.31290556
    8030   16.06000000  0.25769966E-05  0.18441079E-06  0.59034280E-06   863.99999947   -23307.31290541
    8040   16.08000000  0.25551946E-05  0.26097648E-06  0.74323748E-06   863.99999947   -23307.31290526
    8050   16.10000000  0.25373275E-05  0.33185732E-06  0.88986703E-06   863.99999947   -23307.31290511
    8060   16.12000000  0.25237632E-05  0.39610926E-06  0.10286465E-05   863.99999947   -23307.31290497
    8070   16.14000000  0.25147207E-05  0.45294759E-06  0.11581320E-05   863.99999947   -23307.31290482
    8080   16.16000000  0.25102680E-05  0.50175869E-06  0.12770327E-05   863.99999947   -23307.31290467
    8090   16.18000000  0.25103256E-05  0.54210553E-06  0.13842225E-05   863.99999947   -23307.31290452
    8100   16.20000000  0.25146745E-05  0.57372814E-06  0.14787509E-05   863.99999947   -23307.31290437
    8110   16.22000000  0.25229688E-05  0.59653914E-06  0.15598517E-05   863.99999947   -23307.31290422
    8120   16.24000000  0.25347513E-05  0.61061357E-06  0.16269506E-05   863.99999947   -23307.31290408
    8130   16.26000000  0.25494722E-05  0.61617607E-06  0.16796707E-05   863.99999947   -23307.31290393
    8140   16.28000000  0.25665094E-05  0.61358436E-06  0.17178345E-05   863.99999947   -23307.31290378
    8150   16.30000000  0.25851897E-05  0.60331079E-06  0.17414625E-05   863.99999947   -23307.31290363
    8160   16.32000000  0.26048104E-05  0.58592338E-06  0.17507696E-05   863.99999947   -23307.31290349
    8170   16.34000000  0.26246603E-05  0.56206652E-06  0.17461543E-05   863.99999947   -23307.31290334
    8180   16.36000000  0.26440386E-05  0.53244257E-06  0.17281859E-05   863.99999946   -23307.31290319
    8190   16.38000000  0.26622733E-05  0.49779535E-06  0.16975867E-05   863.99999946   -23307.31290304
    8200   16.40000000  0.26787353E-05  0.45889572E-06  0.16552103E-05   863.99999946   -23307.31290289
    8210   16.42000000  0.26928519E-05  0.41652884E-06  0.16020166E-05   863.99999946   -23307.31290274
    8220   16.44000000  0.27041158E-05  0.37148511E-06  0.15390455E-05   863.99999946   -23307.31290259
    8230   16.46000000  0.27120926E-05  0.32455223E-06  0.14673893E-05   863.99999946   -23307.31290244
    8240   16.48000000  0.27164239E-05  0.27650987E-06  0.13881660E-05   863.99999946   -23307.31290229
    8250   16.50000000  0.27168303E-05  0.22812543E-06  0.13024948E-05   863.99999946   -23307.31290214
    8260   16.52000000  0.27131102E-05  0.18015041E-06  0.12114746E-05   863.99999946   -23307.31290198
    8270   16.54000000  0.27051384E-05  0.13331739E-06  0.11161678E-05   863.99999946   -23307.31290183
    8280   16.56000000  0.26928636E-05  0.88335887E-07  0.10175887E-05   863.99999946   -23307.31290168
    8290   16.58000000  0.26763060E-05  0.45887882E-07  0.91669740E-06   863.99999946   -23307.31290153
    8300   16.60000000  0.26555541E-05  0.66211509E-08  0.81439870E-06   863.99999946   -23307.31290138
    8310   16.62000000  0.26307635E-05 -0.28857586E-07  0.71154562E-06   863.99999946   -23307.31290123
    8320   16.64000000  0.26021563E-05 -0.59992790E-07  0.60894591E-06   863.99999946   -23307.31290108
    8330   16.66000000  0.25700211E-05 -0.86289638E-07  0.50736959E-06   863.99999945   -23307.31290093
    8340   16.68000000  0.25347138E-05 -0.10732554E-06  0.40755728E-06   863.99999945   -23307.31290078
    8350   16.70000000  0.24966593E-05 -0.12276064E-06  0.31022620E-06   863.99999945   -23307.31290063
    8360   16.72000000  0.24563527E-05 -0.13234797E-06  0.21607402E-06   863.99999945   -23307.31290048
    8370   16.74000000  0.24143588E-05 -0.13594162E-06  0.12577854E-06   863.99999945   -23307.31290033
    8380   16.76000000  0.23713101E-05 -0.13350267E-06  0.39993195E-07   863.99999945   -23307.31290018
    8390   16.78000000  0.23279019E-05 -0.12510194E-06 -0.40661229E-07   863.99999945   -23307.31290003
    8400   16.80000000  0.22848835E-05 -0.11091870E-06 -0.11560827E-06   863.99999945   -23307.31289988
    8410   16.82000000  0.22430449E-05 -0.91236059E-07 -0.18432891E-06   863.99999945   -23307.31289973
    8420   16.84000000  0.22032000E-05 -0.66433278E-07 -0.24637621E-06   863.99999945   -23307.31289958
    8430   16.86000000  0.21661643E-05 -0.36974545E-07 -0.30138811E-06   863.99999945   -23307.31289943
    8440   16.88000000  0.21327305E-05 -0.33960496E-08 -0.34909878E-06   863.99999945   -23307.31289929
    8450   16.90000000  0.21036409E-05  0.33708132E-07 -0.38934594E-06   863.99999945   -23307.31289914
    8460   16.92000000  0.20795581E-05  0.73701064E-07 -0.42207363E-06   863.99999945   -23307.31289899
    8470   16.94000000  0.20610376E-05  0.11591613E-06 -0.44733146E-06   863.99999945   -23307.31289884
    8480   16.96000000  0.20485010E-05  0.15966892E-06 -0.46526767E-06   863.99999944   -23307.31289869
    8490   16.98000000  0.20422139E-05  0.20426769E-06 -0.47611992E-06   863.99999944   -23307.31289854
    8500   17.00000000  0.20422681E-05  0.24902018E-06 -0.48020206E-06   863.99999944   -23307.31289839
    8510   17.02000000  0.20485711E-05  0.29323923E-06 -0.47788921E-06   863.99999944   -23307.31289823
    8520   17.04000000  0.20608418E-05  0.33624606E-06 -0.46960181E-06   863.99999944   -23307.31289808
    8530   17.06000000  0.20786126E-05  0.37737204E-06 -0.45578959E-06   863.99999944   -23307.31289793
    8540   17.08000000  0.21012403E-05  0.41596029E-06 -0.43691733E-06   863.99999944   -23307.31289777
    8550   17.10000000  0.21279222E-05  0.45136800E-06 -0.41345208E-06   863.99999944   -23307.31289762
    8560   17.12000000  0.21577185E-05  0.48296919E-06 -0.38585296E-06   863.99999944   -23307.31289746
    8570   17.14000000  0.21895798E-05  0.51015982E-06 -0.35456367E-06   863.99999944   -23307.31289730
    8580   17.16000000  0.22223768E-05  0.53236500E-06 -0.32000810E-06   863.99999944   -23307.31289715
    8590   17.18000000  0.22549326E-05  0.54904766E-06 -0.28258851E-06   863.99999944   -23307.31289699
    8600   17.20000000  0.22860563E-05  0.55971958E-06 -0.24268601E-06   863.99999944   -23307.31289683
    8610   17.22000000  0.23145745E-05  0.56395344E-06 -0.20066396E-06   863.99999944   -23307.31289667
    8620   17.24000000  0.23393628E-05  0.56139532E-06 -0.15687194E-06   863.99999944   -23307.31289651
    8630   17.26000000  0.23593737E-05  0.55177630E-06 -0.11165160E-06   863.99999943   -23307.31289635
    8640   17.28000000  0.23736613E-05  0.53492389E-06 -0.65341857E-07   863.99999943   -23307.31289619
    8650   17.30000000  0.23814024E-05  0.51076971E-06 -0.18284911E-07   863.99999943   -23307.31289603
    8660   17.32000000  0.23819148E-05  0.47935616E-06  0.29169413E-07   863.99999943   -23307.31289587
    8670   17.34000000  0.23746696E-05  0.44083888E-06  0.76660489E-07   863.99999943   -23307.31289571
    8680   17.36000000  0.23593025E-05  0.39548679E-06  0.12381507E-06   863.99999943   -23307.31289556
    8690   17.38000000  0.23356188E-05  0.34367865E-06  0.17024755E-06   863.99999943   -23307.31289541
    8700   17.40000000  0.23035979E-05  0.28589699E-06  0.21556256E-06   863.99999943   -23307.31289526
    8710   17.42000000  0.22633920E-05  0.22271955E-06  0.25935899E-06   863.99999943   -23307.31289511
    8720   17.44000000  0.22153233E-05  0.15480935E-06  0.30123614E-06   863.99999943   -23307.31289497
    8730   17.46000000  0.21598777E-05  0.82903252E-07  0.34080171E-06   863.99999943   -23307.31289482
    8740   17.48000000  0.20976952E-05  0.78003418E-08  0.37768077E-06   863.99999943   -23307.31289467
    8750   17.50000000  0.20295578E-05 -0.69649962E-07  0.41152586E-06   863.99999943   -23307.31289453
    8760   17.52000000  0.19563755E-05 -0.14855854E-06  0.44202760E-06   863.99999943   -23307.31289438
    8770   17.54000000  0.18791686E-05 -0.22800613E-06  0.46892557E-06   863.99999943   -23307.31289423
    8780   17.56000000  0.17990491E-05 -0.30705162E-06  0.49201818E-06   863.99999942   -23307.31289407
    8790   17.58000000  0.17171998E-05 -0.38473872E-06  0.51117244E-06   863.99999942   -23307.31289392
    8800   17.60000000  0.16348539E-05 -0.46010132E-06  0.52633154E-06   863.99999942   -23307.31289376
    8810   17.62000000  0.15532727E-05 -0.53216846E-06  0.53751991E-06   863.99999942   -23307.31289360
    8820   17.64000000  0.14737239E-05 -0.59996805E-06  0.54484701E-06   863.99999942   -23307.31289344
    8830   17.66000000  0.13974608E-05 -0.66253235E-06  0.54850644E-06   863.99999942   -23307.31289328
    8840   17.68000000  0.13257015E-05 -0.71890413E-06  0.54877237E-06   863.99999942   -23307.31289312
    8850   17.70000000  0.12596090E-05 -0.76814544E-06  0.54599205E-06   863.99999942   -23307.31289295
    8860   17.72000000  0.12002733E-05 -0.80934882E-06  0.54057479E-06   863.99999942   -23307.31289279
    8870   17.74000000  0.11486932E-05 -0.84165142E-06  0.53297772E-06   863.99999942   -23307.31289263
    8880   17.76000000  0.11057612E-05 -0.86425298E-06  0.52368937E-06   863.99999942   -23307.31289247
    8890   17.78000000  0.10722478E-05 -0.87643555E-06  0.51321129E-06   863.99999942   -23307.31289231
    8900   17.80000000  0.10487893E-05 -0.87758641E-06  0.50203984E-06   863.99999942   -23307.31289216
    8910   17.82000000  0.10358764E-05 -0.86722166E-06  0.49064839E-06   863.99999942   -23307.31289200
    8920   17.84000000  0.10338449E-05 -0.84500946E-06  0.47947163E-06   863.99999942   -23307.31289184
    8930   17.86000000  0.10428691E-05 -0.81079267E-06  0.46889361E-06   863.99999941   -23307.31289169
    8940   17.88000000  0.10629576E-05 -0.76460869E-06  0.45923888E-06   863.99999941   -23307.31289153
    8950   17.90000000  0.10939505E-05 -0.70670522E-06  0.45076887E-06   863.99999941   -23307.31289138
    8960   17.92000000  0.11355213E-05 -0.63755082E-06  0.44368174E-06   863.99999941   -23307.31289122
    8970   17.94000000  0.11871796E-05 -0.55783926E-06  0.43811675E-06   863.99999941   -23307.31289107
    8980   17.96000000  0.12482772E-05 -0.46848696E-06  0.43416083E-06   863.99999941   -23307.31289091
    8990   17.98000000  0.13180170E-05 -0.37062262E-06  0.43185766E-06   863.99999941   -23307.31289075
    9000   18.00000000  0.13954629E-05 -0.26557004E-06  0.43121654E-06   863.99999941   -23307.31289060
    9010   18.02000000  0.14795539E-05 -0.15482271E-06  0.43222057E-06   863.99999941   -23307.31289044
    9020   18.04000000  0.15691178E-05 -0.40012825E-07  0.43483297E-06   863.99999941   -23307.31289028
    9030   18.06000000  0.16628895E-05  0.77126188E-07  0.43900003E-06   863.99999941   -23307.31289012
    9040   18.08000000  0.17595291E-05  0.19480080E-06  0.44465153E-06   863.99999941   -23307.31288996
    9050   18.10000000  0.18576427E-05  0.31120108E-06  0.45169780E-06   863.99999941   -23307.31288980
    9060   18.12000000  0.19558049E-05  0.42454604E-06  0.46002455E-06   863.99999941   -23307.31288964
    9070   18.14000000  0.20525823E-05  0.53312743E-06  0.46948653E-06   863.99999940   -23307.31288949
    9080   18.16000000  0.21465585E-05  0.63535125E-06  0.47990027E-06   863.99999940   -23307.31288934
    9090   18.18000000  0.22363596E-05  0.72977595E-06  0.49103826E-06   863.99999940   -23307.31288918
    9100   18.20000000  0.23206792E-05  0.81514421E-06  0.50262507E-06   863.99999940   -23307.31288903
    9110   18.22000000  0.23983033E-05  0.89040950E-06  0.51433596E-06   863.99999940   -23307.31288888
    9120   18.24000000  0.24681331E-05  0.95475573E-06  0.52579919E-06   863.99999940   -23307.31288873
    9130   18.26000000  0.25292049E-05  0.10076091E-05  0.53660174E-06   863.99999940   -23307.31288858
    9140   18.28000000  0.25807067E-05  0.10486437E-05  0.54629798E-06   863.99999940   -23307.31288842
    9150   18.30000000  0.26219898E-05  0.10777793E-05  0.55442101E-06   863.99999940   -23307.31288827
    9160   18.32000000  0.26525763E-05  0.10951732E-05  0.56049561E-06   863.99999940   -23307.31288811
    9170   18.34000000  0.26721612E-05  0.11012055E-05  0.56405323E-06   863.99999940   -23307.31288795
    9180   18.36000000  0.26806098E-05  0.10964595E-05  0.56464628E-06   863.99999940   -23307.31288779
    9190   18.38000000  0.26779498E-05  0.10816972E-05  0.56186335E-06   863.99999940   -23307.31288762
    9200   18.40000000  0.26643605E-05  0.10578304E-05  0.55534290E-06   863.99999940   -23307.31288745
    9210   18.42000000  0.26401587E-05  0.10258886E-05  0.54478618E-06   863.99999940   -23307.31288729
    9220   18.44000000  0.26057830E-05  0.98698492E-06  0.52996903E-06   863.99999939   -23307.31288712
    9230   18.46000000  0.25617767E-05  0.94227967E-06  0.51075251E-06   863.99999939   -23307.31288695
    9240   18.48000000  0.25087715E-05  0.89294453E-06  0.48709068E-06   863.99999939   -23307.31288678
    9250   18.50000000  0.24474719E-05  0.84012715E-06  0.45903845E-06   863.99999939   -23307.31288662
    9260   18.52000000  0.23786402E-05  0.78491765E-06  0.42675503E-06   863.99999939   -23307.31288645
    9270   18.54000000  0.23030838E-05  0.72831943E-06  0.39050642E-06   863.99999939   -23307.31288629
    9280   18.56000000  0.22216447E-05  0.67122335E-06  0.35066439E-06   863.99999939   -23307.31288613
    9290   18.58000000  0.21351894E-05  0.61438922E-06  0.30770248E-06   863.99999939   -23307.31288597
    9300   18.60000000  0.20446016E-05  0.55843239E-06  0.26218808E-06   863.99999939   -23307.31288581
    9310   18.62000000  0.19507753E-05  0.50381762E-06  0.21477218E-06   863.99999939   -23307.31288565
    9320   18.64000000  0.18546100E-05  0.45086010E-06  0.16617512E-06   863.99999939   -23307.31288550
    9330   18.66000000  0.17570065E-05  0.39973252E-06  0.11717048E-06   863.99999939   -23307.31288534
    9340   18.68000000  0.16588635E-05  0.35047803E-06  0.68566780E-07   863.99999939   -23307.31288518
    9350   18.70000000  0.15610761E-05  0.30302844E-06  0.21188232E-07   863.99999939   -23307.31288503
    9360   18.72000000  0.14645331E-05  0.25722566E-06 -0.24145235E-07   863.99999939   -23307.31288487
    9370   18.74000000  0.13701171E-05  0.21284590E-06 -0.66636966E-07   863.99999938   -23307.31288472
    9380   18.76000000  0.12787024E-05  0.16962535E-06 -0.10553112E-06   863.99999938   -23307.31288456
    9390   18.78000000  0.11911545E-05  0.12728611E-06 -0.14012881E-06   863.99999938   -23307.31288440
    9400   18.80000000  0.11083270E-05  0.85560918E-07 -0.16980189E-06   863.99999938   -23307.31288424
    9410   18.82000000  0.10310581E-05  0.44216706E-07 -0.19400451E-06   863.99999938   -23307.31288408
    9420   18.84000000  0.96016384E-06  0.30752673E-08 -0.21228244E-06   863.99999938   -23307.31288393
    9430   18.86000000  0.89642933E-06 -0.37969585E-07 -0.22428069E-06   863.99999938   -23307.31288377
    9440   18.88000000  0.84059646E-06 -0.78937676E-07 -0.22974858E-06   863.99999938   -23307.31288361
    9450   18.90000000  0.79334824E-06 -0.11975331E-06 -0.22854473E-06   863.99999938   -23307.31288345
    9460   18.92000000  0.75529092E-06 -0.16024022E-06 -0.22063980E-06   863.99999938   -23307.31288329
    9470   18.94000000  0.72693361E-06 -0.20012135E-06 -0.20611927E-06   863.99999938   -23307.31288314
    9480   18.96000000  0.70866666E-06 -0.23902409E-06 -0.18518426E-06   863.99999938   -23307.31288298
    9490   18.98000000  0.70074084E-06 -0.27649013E-06 -0.15815188E-06   863.99999938   -23307.31288282
    9500   19.00000000  0.70324832E-06 -0.31199048E-06 -0.12545434E-06   863.99999938   -23307.31288267
    9510   19.02000000  0.71610669E-06 -0.34494438E-06 -0.87636034E-07   863.99999938   -23307.31288251
    9520   19.04000000  0.73904814E-06 -0.37474267E-06 -0.45348079E-07   863.99999937   -23307.31288236
    9530   19.06000000  0.77161511E-06 -0.40077327E-06  0.65959786E-09   863.99999937   -23307.31288220
    9540   19.08000000  0.81316208E-06 -0.42244847E-06  0.49549649E-07   863.99999937   -23307.31288205
    9550   19.10000000  0.86286595E-06 -0.43923254E-06  0.10041235E-06   863.99999937   -23307.31288190
    9560   19.12000000  0.91974241E-06 -0.45066786E-06  0.15228356E-06   863.99999937   -23307.31288175
    9570   19.14000000  0.98266939E-06 -0.45639781E-06  0.20416670E-06   863.99999937   -23307.31288161
    9580   19.16000000  0.10504163E-05 -0.45618668E-06  0.25505678E-06   863.99999937   -23307.31288146
    9590   19.18000000  0.11216773E-05 -0.44993357E-06  0.30396694E-06   863.99999937   -23307.31288131
    9600   19.20000000  0.11951076E-05 -0.43768012E-06  0.34995502E-06   863.99999937   -23307.31288116
    9610   19.22000000  0.12693611E-05 -0.41961190E-06  0.39214984E-06   863.99999937   -23307.31288102
    9620   19.24000000  0.13431269E-05 -0.39605341E-06  0.42977473E-06   863.99999937   -23307.31288087
    9630   19.26000000  0.14151650E-05 -0.36745617E-06  0.46216844E-06   863.99999937   -23307.31288072
    9640   19.28000000  0.14843378E-05 -0.33438141E-06  0.48880066E-06   863.99999937   -23307.31288058
    9650   19.30000000  0.15496376E-05 -0.29747862E-06  0.50928293E-06   863.99999937   -23307.31288043
    9660   19.32000000  0.16102091E-05 -0.25745956E-06  0.52337312E-06   863.99999937   -23307.31288027
    9670   19.34000000  0.16653658E-05 -0.21507204E-06  0.53097397E-06   863.99999936   -23307.31288012
    9680   19.36000000  0.17145995E-05 -0.17107155E-06  0.53212665E-06   863.99999936   -23307.31287997
    9690   19.38000000  0.17575839E-05 -0.12619541E-06  0.52699964E-06   863.99999936   -23307.31287982
    9700   19.40000000  0.17941712E-05 -0.81138387E-07  0.51587408E-06   863.99999936   -23307.31287966
    9710   19.42000000  0.18243829E-05 -0.36532494E-07  0.49912770E-06   863.99999936   -23307.31287950
    9720   19.44000000  0.18483941E-05  0.70683905E-08  0.47721728E-06   863.99999936   -23307.31287935
    9730   19.46000000  0.18665158E-05  0.49198643E-07  0.45066239E-06   863.99999936   -23307.31287919
    9740   19.48000000  0.18791697E-05  0.89486206E-07  0.42003052E-06   863.99999936   -23307.31287903
    9750   19.50000000  0.18868641E-05  0.12765115E-06  0.38592466E-06   863.99999936   -23307.31287887
    9760   19.52000000  0.18901676E-05  0.16350083E-06  0.34897349E-06   863.99999936   -23307.31287871
    9770   19.54000000  0.18896833E-05  0.19691967E-06  0.30982476E-06   863.99999936   -23307.31287855
    9780   19.56000000  0.18860250E-05  0.22785643E-06  0.26914039E-06   863.99999936   -23307.31287838
    9790   19.58000000  0.18797955E-05  0.25630934E-06  0.22759391E-06   863.99999936   -23307.31287822
    9800   19.60000000  0.18715687E-05  0.28231063E-06  0.18586796E-06   863.99999936   -23307.31287806
    9810   19.62000000  0.18618747E-05  0.30591177E-06  0.14465208E-06   863.99999936   -23307.31287790
    9820   19.64000000  0.18511894E-05  0.32716971E-06  0.10463926E-06   863.99999935   -23307.31287774
    9830   19.66000000  0.18399257E-05  0.34613574E-06  0.66520220E-07   863.99999935   -23307.31287759
    9840   19.68000000  0.18284300E-05  0.36284661E-06  0.30975652E-07   863.99999935   -23307.31287743
    9850   19.70000000  0.18169797E-05  0.37732004E-06 -0.13345528E-08   863.99999935   -23307.31287727
    9860   19.72000000  0.18057835E-05  0.38955218E-06 -0.29783920E-07   863.99999935   -23307.31287712
    9870   19.74000000  0.17949847E-05  0.39951821E-06 -0.53794103E-07   863.99999935   -23307.31287696
    9880   19.76000000  0.17846649E-05  0.40717666E-06 -0.72850144E-07   863.99999935   -23307.31287681
    9890   19.78000000  0.17748507E-05  0.41247427E-06 -0.86515440E-07   863.99999935   -23307.31287666
    9900   19.80000000  0.17655213E-05  0.41535354E-06 -0.94444932E-07   863.99999935   -23307.31287650
    9910   19.82000000  0.17566181E-05  0.41576139E-06 -0.96396285E-07   863.99999935   -23307.31287635
    9920   19.84000000  0.17480547E-05  0.41365747E-06 -0.92237304E-07   863.99999935   -23307.31287620
    9930   19.86000000  0.17397281E-05  0.40902254E-06 -0.81949939E-07   863.99999935   -23307.31287605
    9940   19.88000000  0.17315289E-05  0.40186609E-06 -0.65630943E-07   863.99999935   -23307.31287590
    9950   19.90000000  0.17233517E-05  0.39223276E-06 -0.43489644E-07   863.99999935   -23307.31287575
    9960   19.92000000  0.17151032E-05  0.38020681E-06 -0.15843340E-07   863.99999935   -23307.31287560
    9970   19.94000000  0.17067097E-05  0.36591429E-06  0.16889161E-07   863.99999934   -23307.31287545
    9980   19.96000000  0.16981209E-05  0.34952322E-06  0.54194606E-07   863.99999934   -23307.31287530
    9990   19.98000000  0.16893119E-05  0.33124163E-06  0.95472432E-07   863.99999934   -23307.31287515
   10000   20.00000000  0.16802832E-05  0.31131313E-06  0.14004289E-06   863.99999934   -23307.31287500
   10010   20.02000000  0.16710583E-05  0.29001118E-06  0.18715461E-06   863.99999934   -23307.31287485
   10020   20.04000000  0.16616810E-05  0.26763197E-06  0.23599345E-06   863.99999934   -23307.31287470
   10030   20.06000000  0.16522108E-05  0.24448644E-06  0.28569202E-06   863.99999934   -23307.31287455
   10040   20.08000000  0.16427191E-05  0.22089227E-06  0.33534143E-06   863.99999934   -23307.31287440
   10050   20.10000000  0.16332851E-05  0.19716683E-06  0.38400496E-06   863.99999934   -23307.31287425
   10060   20.12000000  0.16239928E-05  0.17362079E-06  0.43073464E-06   863.99999934   -23307.31287409
   10070   20.14000000  0.16149279E-05  0.15055318E-06  0.47458972E-06   863.99999934   -23307.31287394
   10080   20.16000000  0.16061748E-05  0.12824797E-06  0.51465796E-06   863.99999934   -23307.31287379
   10090   20.18000000  0.15978143E-05  0.10697286E-06  0.55007740E-06   863.99999934   -23307.31287364
   10100   20.20000000  0.15899207E-05  0.86978834E-07  0.58005899E-06   863.99999934   -23307.31287349
   10110   20.22000000  0.15825587E-05  0.68501243E-07  0.60390872E-06   863.99999934   -23307.31287334
   10120   20.24000000  0.15757792E-05  0.51761178E-07  0.62104723E-06   863.99999933   -23307.31287319
   10130   20.26000000  0.15696158E-05  0.36967099E-07  0.63102756E-06   863.99999933   -23307.31287304
   10140   20.28000000  0.15640815E-05  0.24314973E-07  0.63354831E-06   863.99999933   -23307.31287289
   10150   20.30000000  0.15591659E-05  0.13988179E-07  0.62846387E-06   863.99999933   -23307.31287274
   10160   20.32000000  0.15548343E-05  0.61550872E-08  0.61578926E-06   863.99999933   -23307.31287259
   10170   20.34000000  0.15510293E-05  0.96480761E-09  0.59570122E-06   863.99999933   -23307.31287244
   10180   20.36000000  0.15476737E-05 -0.14588733E-08  0.56853471E-06   863.99999933   -23307.31287228
   10190   20.38000000  0.15446780E-05 -0.10248319E-08  0.53477544E-06   863.99999933   -23307.31287214
   10200   20.40000000  0.15419478E-05  0.23166976E-08  0.49504935E-06   863.99999933   -23307.31287199
   10210   20.42000000  0.15393938E-05  0.85655859E-08  0.45010838E-06   863.99999933   -23307.31287184
   10220   20.44000000  0.15369425E-05  0.17663370E-07  0.40081391E-06   863.99999933   -23307.31287169
   10230   20.46000000  0.15345441E-05  0.29487121E-07  0.34811771E-06   863.99999933   -23307.31287155
   10240   20.48000000  0.15321793E-05  0.43845122E-07  0.29304143E-06   863.99999933   -23307.31287140
   10250   20.50000000  0.15298615E-05  0.60476099E-07  0.23665416E-06   863.99999933   -23307.31287126
   10260   20.52000000  0.15276345E-05  0.79051917E-07  0.18004900E-06   863.99999932   -23307.31287111
   10270   20.54000000  0.15255654E-05  0.99183767E-07  0.12431893E-06   863.99999932   -23307.31287097
   10280   20.56000000  0.15237319E-05  0.12043261E-06  0.70532202E-07   863.99999932   -23307.31287082
   10290   20.58000000  0.15222068E-05  0.14232176E-06  0.19707858E-07   863.99999932   -23307.31287068
   10300   20.60000000  0.15210387E-05  0.16435233E-06 -0.27207869E-07   863.99999932   -23307.31287054
   10310   20.62000000  0.15202331E-05  0.18601925E-06 -0.69364203E-07   863.99999932   -23307.31287039
   10320   20.64000000  0.15197355E-05  0.20682660E-06 -0.10602727E-06   863.99999932   -23307.31287025
   10330   20.66000000  0.15194166E-05  0.22630238E-06 -0.13659857E-06   863.99999932   -23307.31287010
   10340   20.68000000  0.15190647E-05  0.24400988E-06 -0.16063164E-06   863.99999932   -23307.31286996
   10350   20.70000000  0.15183833E-05  0.25955611E-06 -0.17784514E-06   863.99999932   -23307.31286981
   10360   20.72000000  0.15169987E-05  0.27259614E-06 -0.18813241E-06   863.99999932   -23307.31286967
   10370   20.74000000  0.15144724E-05  0.28283412E-06 -0.19156700E-06   863.99999932   -23307.31286952
   10380   20.76000000  0.15103236E-05  0.29002092E-06 -0.18840335E-06   863.99999932   -23307.31286937
   10390   20.78000000  0.15040553E-05  0.29394963E-06 -0.17907271E-06   863.99999932   -23307.31286922
   10400   20.80000000  0.14951856E-05  0.29445037E-06 -0.16417297E-06   863.99999932   -23307.31286907
   10410   20.82000000  0.14832815E-05  0.29138575E-06 -0.14445257E-06   863.99999931   -23307.31286891
   10420   20.84000000  0.14679907E-05  0.28464797E-06 -0.12078830E-06   863.99999931   -23307.31286876
   10430   20.86000000  0.14490723E-05  0.27415880E-06 -0.94157628E-07   863.99999931   -23307.31286860
   10440   20.88000000  0.14264221E-05  0.25987326E-06 -0.65604711E-07   863.99999931   -23307.31286845
   10450   20.90000000  0.14000904E-05  0.24178718E-06 -0.36203217E-07   863.99999931   -23307.31286830
   10460   20.92000000  0.13702930E-05  0.21994735E-06 -0.70153674E-08   863.99999931   -23307.31286814
   10470   20.94000000  0.13374123E-05  0.19446421E-06  0.20949963E-07   863.99999931   -23307.31286799
   10480   20.96000000  0.13019887E-05  0.16552471E-06  0.46777835E-07   863.99999931   -23307.31286784
   10490   20.98000000  0.12647042E-05  0.13340411E-06  0.69684589E-07   863.99999931   -23307.31286769
   10500   21.00000000  0.12263563E-05  0.98474416E-07  0.89049864E-07   863.99999931   -23307.31286754
   10510   21.02000000  0.11878273E-05  0.61208385E-07  0.10444073E-06   863.99999931   -23307.31286739
   10520   21.04000000  0.11500471E-05  0.22176937E-07  0.11562766E-06   863.99999931   -23307.31286724
   10530   21.06000000  0.11139556E-05 -0.17960174E-07  0.12258979E-06   863.99999931   -23307.31286710
   10540   21.08000000  0.10804633E-05 -0.58470211E-07  0.12551001E-06   863.99999931   -23307.31286695
   10550   21.10000000  0.10504157E-05 -0.98570245E-07  0.12476083E-06   863.99999931   -23307.31286680
   10560   21.12000000  0.10245618E-05 -0.13745498E-06  0.12088020E-06   863.99999930   -23307.31286665
   10570   21.14000000  0.10035287E-05 -0.17432744E-06  0.11454101E-06   863.99999930   -23307.31286651
   10580   21.16000000  0.98780263E-06 -0.20843105E-06  0.10651485E-06   863.99999930   -23307.31286636
   10590   21.18000000  0.97771907E-06 -0.23908058E-06  0.97632446E-07   863.99999930   -23307.31286621
   10600   21.20000000  0.97345978E-06 -0.26568888E-06  0.88743284E-07   863.99999930   -23307.31286606
   10610   21.22000000  0.97505697E-06 -0.28778907E-06  0.80676281E-07   863.99999930   -23307.31286591
   10620   21.24000000  0.98240402E-06 -0.30504848E-06  0.74203617E-07   863.99999930   -23307.31286575
   10630   21.26000000  0.99527033E-06 -0.31727502E-06  0.70009244E-07   863.99999930   -23307.31286560
   10640   21.28000000  0.10133194E-05 -0.32441561E-06  0.68663088E-07   863.99999930   -23307.31286545
   10650   21.30000000  0.10361289E-05 -0.32654677E-06  0.70601401E-07   863.99999930   -23307.31286530
   10660   21.32000000  0.10632102E-05 -0.32385844E-06  0.76113897E-07   863.99999930   -23307.31286515
   10670   21.34000000  0.10940276E-05 -0.31663365E-06  0.85337095E-07   863.99999930   -23307.31286500
   10680   21.36000000  0.11280145E-05 -0.30522567E-06  0.98254730E-07   863.99999930   -23307.31286485
   10690   21.38000000  0.11645882E-05 -0.29003389E-06  0.11470221E-06   863.99999930   -23307.31286470
   10700   21.40000000  0.12031606E-05 -0.27148252E-06  0.13437743E-06   863.99999930   -23307.31286456
   10710   21.42000000  0.12431474E-05 -0.25000203E-06  0.15685524E-06   863.99999929   -23307.31286441
   10720   21.44000000  0.12839739E-05 -0.22601515E-06  0.18160581E-06   863.99999929   -23307.31286427
   10730   21.46000000  0.13250788E-05 -0.19992792E-06  0.20801643E-06   863.99999929   -23307.31286413
   10740   21.48000000  0.13659181E-05 -0.17212600E-06  0.23541588E-06   863.99999929   -23307.31286398
   10750   21.50000000  0.14059671E-05 -0.14297446E-06  0.26310113E-06   863.99999929   -23307.31286384
   10760   21.52000000  0.14447229E-05 -0.11282093E-06  0.29036552E-06   863.99999929   -23307.31286370
   10770   21.54000000  0.14817068E-05 -0.82000761E-07  0.31652750E-06   863.99999929   -23307.31286356
   10780   21.56000000  0.15164676E-05 -0.50841403E-07  0.34095867E-06   863.99999929   -23307.31286341
   10790   21.58000000  0.15485866E-05 -0.19666657E-07  0.36311056E-06   863.99999929   -23307.31286327
   10800   21.60000000  0.15776815E-05  0.11202266E-07  0.38253779E-06   863.99999929   -23307.31286312
   10810   21.62000000  0.16034123E-05  0.41447760E-07  0.39891644E-06   863.99999929   -23307.31286298
   10820   21.64000000  0.16254866E-05  0.70759871E-07  0.41205777E-06   863.99999929   -23307.31286283
   10830   21.66000000  0.16436650E-05  0.98842847E-07  0.42191416E-06   863.99999929   -23307.31286268
   10840   21.68000000  0.16577660E-05  0.12542291E-06  0.42857815E-06   863.99999929   -23307.31286253
   10850   21.70000000  0.16676692E-05  0.15025751E-06  0.43227411E-06   863.99999929   -23307.31286238
   10860   21.72000000  0.16733185E-05  0.17314455E-06  0.43334315E-06   863.99999928   -23307.31286223
   10870   21.74000000  0.16747228E-05  0.19392947E-06  0.43222201E-06   863.99999928   -23307.31286208
   10880   21.76000000  0.16719549E-05  0.21251140E-06  0.42941795E-06   863.99999928   -23307.31286193
   10890   21.78000000  0.16651503E-05  0.22884597E-06  0.42548079E-06   863.99999928   -23307.31286178
   10900   21.80000000  0.16545032E-05  0.24294528E-06  0.42097403E-06   863.99999928   -23307.31286163
   10910   21.82000000  0.16402627E-05  0.25487567E-06  0.41644664E-06   863.99999928   -23307.31286147
   10920   21.84000000  0.16227277E-05  0.26475183E-06  0.41240703E-06   863.99999928   -23307.31286132
   10930   21.86000000  0.16022409E-05  0.27272892E-06  0.40930056E-06   863.99999928   -23307.31286117
   10940   21.88000000  0.15791831E-05  0.27899289E-06  0.40749100E-06   863.99999928   -23307.31286101
   10950   21.90000000  0.15539665E-05  0.28374960E-06  0.40724618E-06   863.99999928   -23307.31286086
   10960   21.92000000  0.15270273E-05  0.28721340E-06  0.40872895E-06   863.99999928   -23307.31286070
   10970   21.94000000  0.14988187E-05  0.28959556E-06  0.41199136E-06   863.99999928   -23307.31286055
   10980   21.96000000  0.14698026E-05  0.29109393E-06  0.41697381E-06   863.99999928   -23307.31286040
   10990   21.98000000  0.14404403E-05  0.29188244E-06  0.42350684E-06   863.99999928   -23307.31286024
   11000   22.00000000  0.14111837E-05  0.29210296E-06  0.43131631E-06   863.99999928   -23307.31286009
   11010   22.02000000  0.13824651E-05  0.29185790E-06  0.44003094E-06   863.99999927   -23307.31285995
   11020   22.04000000  0.13546876E-05  0.29120489E-06  0.44919168E-06   863.99999927   -23307.31285980
   11030   22.06000000  0.13282158E-05  0.29015315E-06  0.45826341E-06   863.99999927   -23307.31285965
   11040   22.08000000  0.13033683E-05  0.28866167E-06  0.46664795E-06   863.99999927   -23307.31285951
   11050   22.10000000  0.12804107E-05  0.28663993E-06  0.47369914E-06   863.99999927   -23307.31285937
   11060   22.12000000  0.12595521E-05  0.28395017E-06  0.47873942E-06   863.99999927   -23307.31285922
   11070   22.14000000  0.12409427E-05  0.28041294E-06  0.48107745E-06   863.99999927   -23307.31285908
   11080   22.16000000  0.12246752E-05  0.27581416E-06  0.48002815E-06   863.99999927   -23307.31285893
   11090   22.18000000  0.12107871E-05  0.26991547E-06  0.47493333E-06   863.99999927   -23307.31285878
   11100   22.20000000  0.11992658E-05  0.26246693E-06  0.46518355E-06   863.99999927   -23307.31285863
   11110   22.22000000  0.11900544E-05  0.25322113E-06  0.45023996E-06   863.99999927   -23307.31285847
   11120   22.24000000  0.11830584E-05  0.24194956E-06  0.42965583E-06   863.99999927   -23307.31285832
   11130   22.26000000  0.11781509E-05  0.22845944E-06  0.40309671E-06   863.99999927   -23307.31285816
   11140   22.28000000  0.11751783E-05  0.21261072E-06  0.37035836E-06   863.99999927   -23307.31285801
   11150   22.30000000  0.11739639E-05  0.19433097E-06  0.33138100E-06   863.99999927   -23307.31285785
   11160   22.32000000  0.11743099E-05  0.17362825E-06  0.28625945E-06   863.99999926   -23307.31285769
   11170   22.34000000  0.11759983E-05  0.15060017E-06  0.23524749E-06   863.99999926   -23307.31285753
   11180   22.36000000  0.11787915E-05  0.12543854E-06  0.17875759E-06   863.99999926   -23307.31285737
   11190   22.38000000  0.11824319E-05  0.98428273E-07  0.11735409E-06   863.99999926   -23307.31285722
   11200   22.40000000  0.11866436E-05  0.69941513E-07  0.51741267E-07   863.99999926   -23307.31285706
   11210   22.42000000  0.11911341E-05  0.40425531E-07 -0.17253392E-07   863.99999926   -23307.31285690
   11220   22.44000000  0.11955997E-05  0.10386904E-07 -0.88699737E-07   863.99999926   -23307.31285675
   11230   22.46000000  0.11997326E-05 -0.19628248E-07 -0.16158820E-06   863.99999926   -23307.31285659
   11240   22.48000000  0.12032312E-05 -0.49056058E-07 -0.23485408E-06   863.99999926   -23307.31285644
   11250   22.50000000  0.12058117E-05 -0.77337855E-07 -0.30740169E-06   863.99999926   -23307.31285629
   11260   22.52000000  0.12072215E-05 -0.10394179E-06 -0.37812797E-06   863.99999926   -23307.31285613
   11270   22.54000000  0.12072531E-05 -0.12838241E-06 -0.44594373E-06   863.99999926   -23307.31285598
   11280   22.56000000  0.12057562E-05 -0.15023734E-06 -0.50979329E-06   863.99999926   -23307.31285583
   11290   22.58000000  0.12026478E-05 -0.16915878E-06 -0.56867191E-06   863.99999926   -23307.31285568
   11300   22.60000000  0.11979196E-05 -0.18488208E-06 -0.62164137E-06   863.99999926   -23307.31285553
   11310   22.62000000  0.11916394E-05 -0.19722910E-06 -0.66784456E-06   863.99999925   -23307.31285537
   11320   22.64000000  0.11839505E-05 -0.20610808E-06 -0.70651923E-06   863.99999925   -23307.31285522
   11330   22.66000000  0.11750638E-05 -0.21151042E-06 -0.73701209E-06   863.99999925   -23307.31285507
   11340   22.68000000  0.11652480E-05 -0.21350467E-06 -0.75879205E-06   863.99999925   -23307.31285493
   11350   22.70000000  0.11548161E-05 -0.21222928E-06 -0.77146351E-06   863.99999925   -23307.31285478
   11360   22.72000000  0.11441090E-05 -0.20788470E-06 -0.77477870E-06   863.99999925   -23307.31285463
   11370   22.74000000  0.11334796E-05 -0.20072470E-06 -0.76864827E-06   863.99999925   -23307.31285449
   11380   22.76000000  0.11232761E-05 -0.19104756E-06 -0.75314947E-06   863.99999925   -23307.31285434
   11390   22.78000000  0.11138262E-05 -0.17918712E-06 -0.72852882E-06   863.99999925   -23307.31285419
   11400   22.80000000  0.11054249E-05 -0.16550376E-06 -0.69520161E-06   863.99999925   -23307.31285405
   11410   22.82000000  0.10983230E-05 -0.15037466E-06 -0.65374372E-06   863.99999925   -23307.31285391
   11420   22.84000000  0.10927200E-05 -0.13418359E-06 -0.60487866E-06   863.99999925   -23307.31285376
   11430   22.86000000  0.10887584E-05 -0.11731011E-06 -0.54945835E-06   863.99999925   -23307.31285361
   11440   22.88000000  0.10865219E-05 -0.10011800E-06 -0.48843897E-06   863.99999925   -23307.31285347
   11450   22.90000000  0.10860355E-05 -0.82944439E-07 -0.42285253E-06   863.99999924   -23307.31285332
   11460   22.92000000  0.10872678E-05 -0.66088651E-07 -0.35377645E-06   863.99999924   -23307.31285317
   11470   22.94000000  0.10901353E-05 -0.49802432E-07 -0.28230180E-06   863.99999924   -23307.31285302
   11480   22.96000000  0.10945084E-05 -0.34282221E-07 -0.20950382E-06   863.99999924   -23307.31285288
   11490   22.98000000  0.11002184E-05 -0.19663939E-07 -0.13641368E-06   863.99999924   -23307.31285273
   11500   23.00000000  0.11070645E-05 -0.60213694E-08 -0.63994939E-07   863.99999924   -23307.31285258
   11510   23.02000000  0.11148223E-05  0.66327364E-08  0.68754231E-08   863.99999924   -23307.31285243
   11520   23.04000000  0.11232516E-05  0.18341686E-07  0.75420571E-07   863.99999924   -23307.31285228
   11530   23.06000000  0.11321037E-05  0.29196751E-07  0.14097181E-06   863.99999924   -23307.31285212
   11540   23.08000000  0.11411285E-05  0.39326959E-07  0.20297194E-06   863.99999924   -23307.31285197
   11550   23.10000000  0.11500807E-05  0.48887019E-07  0.26097374E-06   863.99999924   -23307.31285182
   11560   23.12000000  0.11587245E-05  0.58044549E-07  0.31463510E-06   863.99999924   -23307.31285167
   11570   23.14000000  0.11668383E-05  0.66967885E-07  0.36371199E-06   863.99999924   -23307.31285152
   11580   23.16000000  0.11742180E-05  0.75814082E-07  0.40804878E-06   863.99999924   -23307.31285137
   11590   23.18000000  0.11806811E-05  0.84719327E-07  0.44756886E-06   863.99999924   -23307.31285122
   11600   23.20000000  0.11860699E-05  0.93790705E-07  0.48226482E-06   863.99999923   -23307.31285108
   11610   23.22000000  0.11902552E-05  0.10310025E-06  0.51218903E-06   863.99999923   -23307.31285093
   11620   23.24000000  0.11931405E-05  0.11268123E-06  0.53744558E-06   863.99999923   -23307.31285078
   11630   23.26000000  0.11946667E-05  0.12252599E-06  0.55818250E-06   863.99999923   -23307.31285064
   11640   23.28000000  0.11948168E-05  0.13258570E-06  0.57458481E-06   863.99999923   -23307.31285049
   11650   23.30000000  0.11936201E-05  0.14277168E-06  0.58686825E-06   863.99999923   -23307.31285035
   11660   23.32000000  0.11911552E-05  0.15295771E-06  0.59527350E-06   863.99999923   -23307.31285020
   11670   23.34000000  0.11875515E-05  0.16298411E-06  0.60005960E-06   863.99999923   -23307.31285006
   11680   23.36000000  0.11829882E-05  0.17266387E-06  0.60149782E-06   863.99999923   -23307.31284991
   11690   23.38000000  0.11776906E-05  0.18178968E-06  0.59986451E-06   863.99999923   -23307.31284977
   11700   23.40000000  0.11719229E-05  0.19014361E-06  0.59543424E-06   863.99999923   -23307.31284963
   11710   23.42000000  0.11659783E-05  0.19750836E-06  0.58847215E-06   863.99999923   -23307.31284949
   11720   23.44000000  0.11601661E-05  0.20368050E-06  0.57922765E-06   863.99999923   -23307.31284935
   11730   23.46000000  0.11547972E-05  0.20848514E-06  0.56792845E-06   863.99999923   -23307.31284921
   11740   23.48000000  0.11501689E-05  0.21179089E-06  0.55477643E-06   863.99999923   -23307.31284907
   11750   23.50000000  0.11465494E-05  0.21352448E-06  0.53994551E-06   863.99999922   -23307.31284893
   11760   23.52000000  0.11441635E-05  0.21368342E-06  0.52358275E-06   863.99999922   -23307.31284878
   11770   23.54000000  0.11431811E-05  0.21234530E-06  0.50581081E-06   863.99999922   -23307.31284864
   11780   23.56000000  0.11437079E-05  0.20967286E-06  0.48673521E-06   863.99999922   -23307.31284850
   11790   23.58000000  0.11457793E-05  0.20591269E-06  0.46645224E-06   863.99999922   -23307.31284835
   11800   23.60000000  0.11493575E-05  0.20138769E-06  0.44505940E-06   863.99999922   -23307.31284820
   11810   23.62000000  0.11543312E-05  0.19648327E-06  0.42266614E-06   863.99999922   -23307.31284805
   11820   23.64000000  0.11605171E-05  0.19162701E-06  0.39940442E-06   863.99999922   -23307.31284789
   11830   23.66000000  0.11676633E-05  0.18726399E-06  0.37543749E-06   863.99999922   -23307.31284774
   11840   23.68000000  0.11754533E-05  0.18382799E-06  0.35096566E-06   863.99999922   -23307.31284758
   11850   23.70000000  0.11835099E-05  0.18171245E-06  0.32622813E-06   863.99999922   -23307.31284742
   11860   23.72000000  0.11914013E-05  0.18124208E-06  0.30150048E-06   863.99999922   -23307.31284726
   11870   23.74000000  0.11986458E-05  0.18264858E-06  0.27708733E-06   863.99999922   -23307.31284710
   11880   23.76000000  0.12047195E-05  0.18605162E-06  0.25330991E-06   863.99999922   -23307.31284694
   11890   23.78000000  0.12090654E-05  0.19144789E-06  0.23049005E-06   863.99999922   -23307.31284679
   11900   23.80000000  0.12111058E-05  0.19870817E-06  0.20893089E-06   863.99999921   -23307.31284664
   11910   23.82000000  0.12102588E-05  0.20758368E-06  0.18889570E-06   863.99999921   -23307.31284648
   11920   23.84000000  0.12059587E-05  0.21772138E-06  0.17058685E-06   863.99999921   -23307.31284633
   11930   23.86000000  0.11976800E-05  0.22868660E-06  0.15412653E-06   863.99999921   -23307.31284619
   11940   23.88000000  0.11849651E-05  0.23999184E-06  0.13954064E-06   863.99999921   -23307.31284604
   11950   23.90000000  0.11674531E-05  0.25112949E-06  0.12674770E-06   863.99999921   -23307.31284590
   11960   23.92000000  0.11449088E-05  0.26160590E-06  0.11555287E-06   863.99999921   -23307.31284575
   11970   23.94000000  0.11172494E-05  0.27097461E-06  0.10564971E-06   863.99999921   -23307.31284561
   11980   23.96000000  0.10845663E-05  0.27886523E-06  0.96627524E-07   863.99999921   -23307.31284546
   11990   23.98000000  0.10471401E-05  0.28500749E-06  0.87986095E-07   863.99999921   -23307.31284532
   12000   24.00000000  0.10054473E-05  0.28924712E-06  0.79155644E-07   863.99999921   -23307.31284517
   12010   24.02000000  0.96015886E-06  0.29155321E-06  0.69521954E-07   863.99999921   -23307.31284502
   12020   24.04000000  0.91212715E-06  0.29201631E-06  0.58453815E-07   863.99999921   -23307.31284487
   12030   24.06000000  0.86236596E-06  0.29083772E-06  0.45332994E-07   863.99999921   -23307.31284472
   12040   24.08000000  0.81202086E-06  0.28831026E-06  0.29583709E-07   863.99999921   -23307.31284457
   12050   24.10000000  0.76233424E-06  0.28479276E-06  0.10700516E-07   863.99999920   -23307.31284442
   12060   24.12000000  0.71460595E-06  0.28067952E-06 -0.11726722E-07   863.99999920   -23307.31284427
   12070   24.14000000  0.67015076E-06  0.27636683E-06 -0.37993017E-07   863.99999920   -23307.31284411
   12080   24.16000000  0.63025662E-06  0.27221963E-06 -0.68262669E-07   863.99999920   -23307.31284396
   12090   24.18000000  0.59614330E-06  0.26854052E-06 -0.10256013E-06   863.99999920   -23307.31284381
   12100   24.20000000  0.56892399E-06  0.26554301E-06 -0.14076604E-06   863.99999920   -23307.31284365
   12110   24.22000000  0.54957089E-06  0.26333158E-06 -0.18261964E-06   863.99999920   -23307.31284350
   12120   24.24000000  0.53888492E-06  0.26188863E-06 -0.22772683E-06   863.99999920   -23307.31284334
   12130   24.26000000  0.53747136E-06  0.26107110E-06 -0.27557262E-06   863.99999920   -23307.31284319
   12140   24.28000000  0.54572014E-06  0.26061534E-06 -0.32553751E-06   863.99999920   -23307.31284304
   12150   24.30000000  0.56379274E-06  0.26015061E-06 -0.37691631E-06   863.99999920   -23307.31284288
   12160   24.32000000  0.59161367E-06  0.25921992E-06 -0.42893958E-06   863.99999920   -23307.31284273
   12170   24.34000000  0.62886887E-06  0.25730658E-06 -0.48079503E-06   863.99999920   -23307.31284258
   12180   24.36000000  0.67501001E-06  0.25386459E-06 -0.53164925E-06   863.99999920   -23307.31284242
   12190   24.38000000  0.72926444E-06  0.24835070E-06 -0.58066809E-06   863.99999920   -23307.31284227
   12200   24.40000000  0.79065167E-06  0.24025602E-06 -0.62703530E-06   863.99999919   -23307.31284212
   12210   24.42000000  0.85800491E-06  0.22913457E-06 -0.66996840E-06   863.99999919   -23307.31284197
   12220   24.44000000  0.92999852E-06  0.21462876E-06 -0.70873319E-06   863.99999919   -23307.31284182
   12230   24.46000000  0.10051796E-05  0.19648831E-06 -0.74265486E-06   863.99999919   -23307.31284167
   12240   24.48000000  0.10820038E-05  0.17458414E-06 -0.77112751E-06   863.99999919   -23307.31284152
   12250   24.50000000  0.11588741E-05  0.14891530E-06 -0.79362208E-06   863.99999919   -23307.31284137
   12260   24.52000000  0.12341813E-05  0.11961108E-06 -0.80969242E-06   863.99999919   -23307.31284123
   12270   24.54000000  0.13063445E-05  0.86926949E-07 -0.81898154E-06   863.99999919   -23307.31284108
   12280   24.56000000  0.13738505E-05  0.51236415E-07 -0.82122631E-06   863.99999919   -23307.31284093
   12290   24.58000000  0.14352918E-05  0.13018539E-07 -0.81626290E-06   863.99999919   -23307.31284078
   12300   24.60000000  0.14893998E-05 -0.27157460E-07 -0.80403158E-06   863.99999919   -23307.31284063
   12310   24.62000000  0.15350741E-05 -0.68650685E-07 -0.78458078E-06   863.99999919   -23307.31284048
   12320   24.64000000  0.15714054E-05 -0.11076940E-06 -0.75807054E-06   863.99999919   -23307.31284033
   12330   24.66000000  0.15976929E-05 -0.15279385E-06 -0.72477364E-06   863.99999919   -23307.31284018
   12340   24.68000000  0.16134544E-05 -0.19400102E-06 -0.68507528E-06   863.99999919   -23307.31284002
   12350   24.70000000  0.16184307E-05 -0.23369074E-06 -0.63946914E-06   863.99999918   -23307.31283987
   12360   24.72000000  0.16125828E-05 -0.27121228E-06 -0.58855069E-06   863.99999918   -23307.31283971
   12370   24.74000000  0.15960844E-05 -0.30598946E-06 -0.53300635E-06   863.99999918   -23307.31283956
   12380   24.76000000  0.15693091E-05 -0.33754499E-06 -0.47359940E-06   863.99999918   -23307.31283941
   12390   24.78000000  0.15328140E-05 -0.36551972E-06 -0.41115268E-06   863.99999918   -23307.31283925
   12400   24.80000000  0.14873200E-05 -0.38968770E-06 -0.34652919E-06   863.99999918   -23307.31283910
   12410   24.82000000  0.14336910E-05 -0.40996373E-06 -0.28061023E-06   863.99999918   -23307.31283895
   12420   24.84000000  0.13729114E-05 -0.42640348E-06 -0.21427364E-06   863.99999918   -23307.31283880
   12430   24.86000000  0.13060643E-05 -0.43919495E-06 -0.14837244E-06   863.99999918   -23307.31283865
   12440   24.88000000  0.12343090E-05 -0.44864164E-06 -0.83715024E-07   863.99999918   -23307.31283850
   12450   24.90000000  0.11588605E-05 -0.45513794E-06 -0.21048311E-07   863.99999918   -23307.31283835
   12460   24.92000000  0.10809700E-05 -0.45913843E-06  0.38956394E-07   863.99999918   -23307.31283820
   12470   24.94000000  0.10019052E-05 -0.46112237E-06  0.95713799E-07   863.99999918   -23307.31283806
   12480   24.96000000  0.92293336E-06 -0.46155642E-06  0.14873180E-06   863.99999918   -23307.31283791
   12490   24.98000000  0.84530393E-06 -0.46085794E-06  0.19761454E-06   863.99999917   -23307.31283776
   12500   25.00000000  0.77023120E-06 -0.45936114E-06  0.24206263E-06   863.99999917   -23307.31283761
   12510   25.02000000  0.69887799E-06 -0.45728943E-06  0.28187116E-06   863.99999917   -23307.31283746
   12520   25.04000000  0.63233804E-06 -0.45473512E-06  0.31692479E-06   863.99999917   -23307.31283731
   12530   25.06000000  0.57161870E-06 -0.45164778E-06  0.34719164E-06   863.99999917   -23307.31283717
   12540   25.08000000  0.51762305E-06 -0.44783402E-06  0.37271546E-06   863.99999917   -23307.31283702
   12550   25.10000000  0.47113289E-06 -0.44296613E-06  0.39360660E-06   863.99999917   -23307.31283687
   12560   25.12000000  0.43279206E-06 -0.43660068E-06  0.41003183E-06   863.99999917   -23307.31283673
   12570   25.14000000  0.40309191E-06 -0.42820580E-06  0.42220320E-06   863.99999917   -23307.31283658
   12580   25.16000000  0.38235938E-06 -0.41719417E-06  0.43036602E-06   863.99999917   -23307.31283643
   12590   25.18000000  0.37074826E-06 -0.40296107E-06  0.43478674E-06   863.99999917   -23307.31283629
   12600   25.20000000  0.36823507E-06 -0.38492301E-06  0.43573963E-06   863.99999917   -23307.31283614
   12610   25.22000000  0.37461871E-06 -0.36255698E-06  0.43349441E-06   863.99999917   -23307.31283600
   12620   25.24000000  0.38952559E-06 -0.33543651E-06  0.42830461E-06   863.99999917   -23307.31283585
   12630   25.26000000  0.41241961E-06 -0.30326318E-06  0.42039685E-06   863.99999917   -23307.31283570
   12640   25.28000000  0.44261555E-06 -0.26589225E-06  0.40996293E-06   863.99999916   -23307.31283555
   12650   25.30000000  0.47929763E-06 -0.22335085E-06  0.39715441E-06   863.99999916   -23307.31283540
   12660   25.32000000  0.52154033E-06 -0.17584859E-06  0.38207975E-06   863.99999916   -23307.31283525
   12670   25.34000000  0.56833211E-06 -0.12377994E-06  0.36480591E-06   863.99999916   -23307.31283511
   12680   25.36000000  0.61860019E-06 -0.67718695E-07  0.34536225E-06   863.99999916   -23307.31283496
   12690   25.38000000  0.67123742E-06 -0.84049937E-08  0.32374917E-06   863.99999916   -23307.31283481
   12700   25.40000000  0.72512875E-06  0.53274906E-07  0.29994817E-06   863.99999916   -23307.31283466
   12710   25.42000000  0.77917747E-06  0.11631450E-06  0.27393516E-06   863.99999916   -23307.31283451
   12720   25.44000000  0.83233085E-06  0.17961812E-06  0.24569488E-06   863.99999916   -23307.31283437
   12730   25.46000000  0.88360348E-06  0.24203570E-06  0.21523673E-06   863.99999916   -23307.31283422
   12740   25.48000000  0.93209878E-06  0.30239924E-06  0.18260968E-06   863.99999916   -23307.31283408
   12750   25.50000000  0.97702700E-06  0.35956046E-06  0.14791668E-06   863.99999916   -23307.31283394
   12760   25.52000000  0.10177194E-05  0.41242721E-06  0.11132704E-06   863.99999916   -23307.31283379
   12770   25.54000000  0.10536381E-05  0.45999844E-06  0.73086121E-07   863.99999916   -23307.31283365
   12780   25.56000000  0.10843809E-05  0.50139503E-06  0.33521485E-07   863.99999916   -23307.31283351
   12790   25.58000000  0.11096808E-05  0.53588623E-06 -0.69546750E-08   863.99999915   -23307.31283336
   12800   25.60000000  0.11294012E-05  0.56291125E-06 -0.47847703E-07   863.99999915   -23307.31283322
   12810   25.62000000  0.11435256E-05  0.58209453E-06 -0.88587214E-07   863.99999915   -23307.31283307
   12820   25.64000000  0.11521449E-05  0.59325494E-06 -0.12853868E-06   863.99999915   -23307.31283293
   12830   25.66000000  0.11554411E-05  0.59640884E-06 -0.16701918E-06   863.99999915   -23307.31283278
   12840   25.68000000  0.11536700E-05  0.59176716E-06 -0.20331734E-06   863.99999915   -23307.31283263
   12850   25.70000000  0.11471434E-05  0.57972579E-06 -0.23671658E-06   863.99999915   -23307.31283249
   12860   25.72000000  0.11362126E-05  0.56085157E-06 -0.26652050E-06   863.99999915   -23307.31283234
   12870   25.74000000  0.11212529E-05  0.53586245E-06 -0.29208000E-06   863.99999915   -23307.31283219
   12880   25.76000000  0.11026506E-05  0.50560451E-06 -0.31281977E-06   863.99999915   -23307.31283204
   12890   25.78000000  0.10807930E-05  0.47102454E-06 -0.32826371E-06   863.99999915   -23307.31283189
   12900   25.80000000  0.10560604E-05  0.43314102E-06 -0.33805660E-06   863.99999915   -23307.31283174
   12910   25.82000000  0.10288204E-05  0.39301321E-06 -0.34198199E-06   863.99999915   -23307.31283159
   12920   25.84000000  0.99942508E-06  0.35171034E-06 -0.33997454E-06   863.99999915   -23307.31283143
   12930   25.86000000  0.96820916E-06  0.31028111E-06 -0.33212603E-06   863.99999915   -23307.31283128
   12940   25.88000000  0.93549062E-06  0.26972566E-06 -0.31868467E-06   863.99999914   -23307.31283112
   12950   25.90000000  0.90157222E-06  0.23096939E-06 -0.30004725E-06   863.99999914   -23307.31283097
   12960   25.92000000  0.86674476E-06  0.19484130E-06 -0.27674601E-06   863.99999914   -23307.31283081
   12970   25.94000000  0.83129297E-06  0.16205491E-06 -0.24942921E-06   863.99999914   -23307.31283065
   12980   25.96000000  0.79550198E-06  0.13319450E-06 -0.21883838E-06   863.99999914   -23307.31283049
   12990   25.98000000  0.75966606E-06  0.10870495E-06 -0.18578240E-06   863.99999914   -23307.31283034
   13000   26.00000000  0.72409867E-06  0.88885376E-07 -0.15111072E-06   863.99999914   -23307.31283018
   13010   26.02000000  0.68914331E-06  0.73887381E-07 -0.11568688E-06   863.99999914   -23307.31283003
   13020   26.04000000  0.65518384E-06  0.63715412E-07 -0.80363442E-07   863.99999914   -23307.31282988
   13030   26.06000000  0.62265431E-06  0.58231119E-07 -0.45959958E-07   863.99999914   -23307.31282973
   13040   26.08000000  0.59204540E-06  0.57159693E-07 -0.13244199E-07   863.99999914   -23307.31282958
   13050   26.10000000  0.56390740E-06  0.60099126E-07  0.17082799E-07   863.99999914   -23307.31282944
   13060   26.12000000  0.53884849E-06  0.66531430E-07  0.44398076E-07   863.99999914   -23307.31282929
   13070   26.14000000  0.51752698E-06  0.75837018E-07  0.68164164E-07   863.99999914   -23307.31282915
   13080   26.16000000  0.50063844E-06  0.87310507E-07  0.87933563E-07   863.99999914   -23307.31282901
   13090   26.18000000  0.48889638E-06  0.10017959E-06  0.10335058E-06   863.99999913   -23307.31282887
   13100   26.20000000  0.48300903E-06  0.11362555E-06  0.11415135E-06   863.99999913   -23307.31282873
   13110   26.22000000  0.48365165E-06  0.12680574E-06  0.12016238E-06   863.99999913   -23307.31282860
   13120   26.24000000  0.49143738E-06  0.13887755E-06  0.12129787E-06   863.99999913   -23307.31282846
   13130   26.26000000  0.50688747E-06  0.14902292E-06  0.11755673E-06   863.99999913   -23307.31282832
   13140   26.28000000  0.53040249E-06  0.15647292E-06  0.10901879E-06   863.99999913   -23307.31282818
   13150   26.30000000  0.56223726E-06  0.16053095E-06  0.95840495E-07   863.99999913   -23307.31282804
   13160   26.32000000  0.60247966E-06  0.16059486E-06  0.78249745E-07   863.99999913   -23307.31282790
   13170   26.34000000  0.65103497E-06  0.15617600E-06  0.56540295E-07   863.99999913   -23307.31282775
   13180   26.36000000  0.70761715E-06  0.14691531E-06  0.31064853E-07   863.99999913   -23307.31282760
   13190   26.38000000  0.77174584E-06  0.13259530E-06  0.22265403E-08   863.99999913   -23307.31282745
   13200   26.40000000  0.84275144E-06  0.11314857E-06 -0.29530653E-07   863.99999913   -23307.31282730
   13210   26.42000000  0.91978599E-06  0.88661338E-07 -0.63732428E-07   863.99999913   -23307.31282715
   13220   26.44000000  0.10018410E-05  0.59373705E-07 -0.99885980E-07   863.99999913   -23307.31282699
   13230   26.46000000  0.10877700E-05  0.25675016E-07 -0.13749288E-06   863.99999913   -23307.31282683
   13240   26.48000000  0.11763165E-05 -0.11903267E-07 -0.17606090E-06   863.99999912   -23307.31282667
   13250   26.50000000  0.12661451E-05 -0.52699353E-07 -0.21511627E-06   863.99999912   -23307.31282652
   13260   26.52000000  0.13558743E-05 -0.95934364E-07 -0.25421361E-06   863.99999912   -23307.31282636
   13270   26.54000000  0.14441106E-05 -0.14072856E-06 -0.29294458E-06   863.99999912   -23307.31282620
   13280   26.56000000  0.15294819E-05 -0.18611954E-06 -0.33094313E-06   863.99999912   -23307.31282604
   13290   26.58000000  0.16106679E-05 -0.23108109E-06 -0.36788749E-06   863.99999912   -23307.31282588
   13300   26.60000000  0.16864275E-05 -0.27454404E-06 -0.40349893E-06   863.99999912   -23307.31282572
   13310   26.62000000  0.17556220E-05 -0.31541812E-06 -0.43753617E-06   863.99999912   -23307.31282557
   13320   26.64000000  0.18172322E-05 -0.35261396E-06 -0.46978656E-06   863.99999912   -23307.31282541
   13330   26.66000000  0.18703706E-05 -0.38506650E-06 -0.50005449E-06   863.99999912   -23307.31282526
   13340   26.68000000  0.19142880E-05 -0.41175839E-06 -0.52814772E-06   863.99999912   -23307.31282510
   13350   26.70000000  0.19483763E-05 -0.43174433E-06 -0.55386240E-06   863.99999912   -23307.31282495
   13360   26.72000000  0.19721668E-05 -0.44417527E-06 -0.57696839E-06   863.99999912   -23307.31282479
   13370   26.74000000  0.19853262E-05 -0.44832293E-06 -0.59719600E-06   863.99999912   -23307.31282464
   13380   26.76000000  0.19876520E-05 -0.44360314E-06 -0.61422513E-06   863.99999912   -23307.31282449
   13390   26.78000000  0.19790665E-05 -0.42959832E-06 -0.62767781E-06   863.99999911   -23307.31282433
   13400   26.80000000  0.19596117E-05 -0.40607697E-06 -0.63711587E-06   863.99999911   -23307.31282418
   13410   26.82000000  0.19294450E-05 -0.37301071E-06 -0.64204275E-06   863.99999911   -23307.31282403
   13420   26.84000000  0.18888347E-05 -0.33058613E-06 -0.64191175E-06   863.99999911   -23307.31282388
   13430   26.86000000  0.18381566E-05 -0.27921164E-06 -0.63613898E-06   863.99999911   -23307.31282372
   13440   26.88000000  0.17778897E-05 -0.21951792E-06 -0.62412180E-06   863.99999911   -23307.31282357
   13450   26.90000000  0.17086120E-05 -0.15235159E-06 -0.60526186E-06   863.99999911   -23307.31282341
   13460   26.92000000  0.16309949E-05 -0.78761140E-07 -0.57899158E-06   863.99999911   -23307.31282326
   13470   26.94000000  0.15457957E-05  0.24590143E-10 -0.54480323E-06   863.99999911   -23307.31282310
   13480   26.96000000  0.14538501E-05  0.82624393E-07 -0.50227903E-06   863.99999911   -23307.31282294
   13490   26.98000000  0.13560637E-05  0.16753927E-06 -0.45112094E-06   863.99999911   -23307.31282278
   13500   27.00000000  0.12534032E-05  0.25319203E-06 -0.39117781E-06   863.99999911   -23307.31282262
   13510   27.02000000  0.11468879E-05  0.33797040E-06 -0.32246911E-06   863.99999911   -23307.31282246
   13520   27.04000000  0.10375810E-05  0.42027217E-06 -0.24520331E-06   863.99999911   -23307.31282230
   13530   27.06000000  0.92658221E-06  0.49855028E-06 -0.15979013E-06   863.99999911   -23307.31282215
   13540   27.08000000  0.81502100E-06  0.57135635E-06 -0.66845637E-07   863.99999910   -23307.31282199
   13550   27.10000000  0.70404903E-06  0.63738029E-06  0.32810119E-07   863.99999910   -23307.31282183
   13560   27.12000000  0.59483281E-06  0.69548492E-06  0.13816265E-06   863.99999910   -23307.31282167
   13570   27.14000000  0.48854462E-06  0.74473493E-06  0.24801978E-06   863.99999910   -23307.31282151
   13580   27.16000000  0.38635218E-06  0.78441735E-06  0.36103434E-06   863.99999910   -23307.31282136
   13590   27.18000000  0.28940629E-06  0.81405437E-06  0.47573069E-06   863.99999910   -23307.31282120
   13600   27.20000000  0.19882681E-06  0.83340833E-06  0.59053533E-06   863.99999910   -23307.31282105
   13610   27.22000000  0.11568703E-06  0.84247772E-06  0.70380924E-06   863.99999910   -23307.31282090
   13620   27.24000000  0.40997737E-07  0.84148558E-06  0.81388035E-06   863.99999910   -23307.31282074
   13630   27.26000000 -0.24309463E-07  0.83086039E-06  0.91907557E-06   863.99999910   -23307.31282059
   13640   27.28000000 -0.79397340E-07  0.81121136E-06  0.10177502E-05   863.99999910   -23307.31282044
   13650   27.30000000 -0.12353679E-06  0.78329731E-06  0.11083155E-05   863.99999910   -23307.31282029
   13660   27.32000000 -0.15611868E-06  0.74799293E-06  0.11892639E-05   863.99999910   -23307.31282014
   13670   27.34000000 -0.17666279E-06  0.70625172E-06  0.12591907E-05   863.99999910   -23307.31281999
   13680   27.36000000 -0.18482452E-06  0.65906857E-06  0.13168143E-05   863.99999909   -23307.31281984
   13690   27.38000000 -0.18039854E-06  0.60744268E-06  0.13609936E-05   863.99999909   -23307.31281969
   13700   27.40000000 -0.16332076E-06  0.55234331E-06  0.13907456E-05   863.99999909   -23307.31281954
   13710   27.42000000 -0.13366786E-06  0.49467930E-06  0.14052608E-05   863.99999909   -23307.31281940
   13720   27.44000000 -0.91655367E-07  0.43527351E-06  0.14039189E-05   863.99999909   -23307.31281925
   13730   27.46000000 -0.37634435E-07  0.37484439E-06  0.13863037E-05   863.99999909   -23307.31281910
   13740   27.48000000  0.27913202E-07  0.31399390E-06  0.13522174E-05   863.99999909   -23307.31281895
   13750   27.50000000  0.10438027E-06  0.25320375E-06  0.13016930E-05   863.99999909   -23307.31281880
   13760   27.52000000  0.19104124E-06  0.19283906E-06  0.12350050E-05   863.99999909   -23307.31281865
   13770   27.54000000  0.28706023E-06  0.13315914E-06  0.11526766E-05   863.99999909   -23307.31281850
   13780   27.56000000  0.39149946E-06  0.74334754E-07  0.10554818E-05   863.99999909   -23307.31281834
   13790   27.58000000  0.50332892E-06  0.16470270E-07  0.94444295E-06   863.99999909   -23307.31281819
   13800   27.60000000  0.62143648E-06 -0.40370883E-07  0.82082161E-06   863.99999909   -23307.31281803
   13810   27.62000000  0.74463855E-06 -0.96138346E-07  0.68610314E-06   863.99999909   -23307.31281787
   13820   27.64000000  0.87169069E-06 -0.15076734E-06  0.54197435E-06   863.99999909   -23307.31281771
   13830   27.66000000  0.10012981E-05 -0.20415335E-06  0.39029525E-06   863.99999908   -23307.31281756
   13840   27.68000000  0.11321267E-05 -0.25612920E-06  0.23306544E-06   863.99999908   -23307.31281740
   13850   27.70000000  0.12628145E-05 -0.30644826E-06  0.72385255E-07   863.99999908   -23307.31281724
   13860   27.72000000  0.13919824E-05 -0.35477263E-06 -0.89584549E-07   863.99999908   -23307.31281709
   13870   27.74000000  0.15182468E-05 -0.40066924E-06 -0.25066591E-06   863.99999908   -23307.31281693
   13880   27.76000000  0.16402330E-05 -0.44361243E-06 -0.40870601E-06   863.99999908   -23307.31281678
   13890   27.78000000  0.17565899E-05 -0.48299404E-06 -0.56161832E-06   863.99999908   -23307.31281663
   13900   27.80000000  0.18660065E-05 -0.51814053E-06 -0.70742071E-06   863.99999908   -23307.31281648
   13910   27.82000000  0.19672299E-05 -0.54833546E-06 -0.84427039E-06   863.99999908   -23307.31281633
   13920   27.84000000  0.20590851E-05 -0.57284698E-06 -0.97049374E-06   863.99999908   -23307.31281618
   13930   27.86000000  0.21404948E-05 -0.59095832E-06 -0.10846114E-05   863.99999908   -23307.31281603
   13940   27.88000000  0.22105000E-05 -0.60199950E-06 -0.11853579E-05   863.99999908   -23307.31281589
   13950   27.90000000  0.22682796E-05 -0.60537907E-06 -0.12716970E-05   863.99999908   -23307.31281574
   13960   27.92000000  0.23131672E-05 -0.60061383E-06 -0.13428308E-05   863.99999908   -23307.31281559
   13970   27.94000000  0.23446656E-05 -0.58735475E-06 -0.13982055E-05   863.99999908   -23307.31281544
   13980   27.96000000  0.23624579E-05 -0.56540816E-06 -0.14375130E-05   863.99999907   -23307.31281529
   13990   27.98000000  0.23664134E-05 -0.53475085E-06 -0.14606876E-05   863.99999907   -23307.31281514
   14000   28.00000000  0.23565892E-05 -0.49553909E-06 -0.14679003E-05   863.99999907   -23307.31281498
   14010   28.02000000  0.23332264E-05 -0.44811037E-06 -0.14595493E-05   863.99999907   -23307.31281483
   14020   28.04000000  0.22967434E-05 -0.39297909E-06 -0.14362467E-05   863.99999907   -23307.31281467
   14030   28.06000000  0.22477247E-05 -0.33082514E-06 -0.13988022E-05   863.99999907   -23307.31281452
   14040   28.08000000  0.21869068E-05 -0.26247783E-06 -0.13482039E-05   863.99999907   -23307.31281436
   14050   28.10000000  0.21151625E-05 -0.18889504E-06 -0.12855955E-05   863.99999907   -23307.31281421
   14060   28.12000000  0.20334841E-05 -0.11113923E-06 -0.12122509E-05   863.99999907   -23307.31281406
   14070   28.14000000  0.19429668E-05 -0.30352096E-07 -0.11295470E-05   863.99999907   -23307.31281391
   14080   28.16000000  0.18447917E-05  0.52271890E-07 -0.10389336E-05   863.99999907   -23307.31281375
   14090   28.18000000  0.17402104E-05  0.13551138E-06 -0.94190477E-06   863.99999907   -23307.31281361
   14100   28.20000000  0.16305291E-05  0.21814177E-06 -0.83996838E-06   863.99999907   -23307.31281346
   14110   28.22000000  0.15170937E-05  0.29895729E-06 -0.73461775E-06   863.99999907   -23307.31281331
   14120   28.24000000  0.14012753E-05  0.37679015E-06 -0.62730528E-06   863.99999907   -23307.31281317
   14130   28.26000000  0.12844549E-05  0.45052668E-06 -0.51941831E-06   863.99999906   -23307.31281302
   14140   28.28000000  0.11680079E-05  0.51912108E-06 -0.41225871E-06   863.99999906   -23307.31281288
   14150   28.30000000  0.10532870E-05  0.58160733E-06 -0.30702504E-06   863.99999906   -23307.31281273
   14160   28.32000000  0.94160478E-06  0.63710894E-06 -0.20479909E-06   863.99999906   -23307.31281258
   14170   28.34000000  0.83421482E-06  0.68484850E-06 -0.10653476E-06   863.99999906   -23307.31281243
   14180   28.36000000  0.73229263E-06  0.72415729E-06 -0.13050538E-07   863.99999906   -23307.31281229
   14190   28.38000000  0.63691675E-06  0.75448475E-06  0.74975555E-07   863.99999906   -23307.31281213
   14200   28.40000000  0.54905058E-06  0.77541010E-06  0.15700839E-06   863.99999906   -23307.31281198
   14210   28.42000000  0.46952651E-06  0.78665371E-06  0.23265548E-06   863.99999906   -23307.31281183
   14220   28.44000000  0.39903218E-06  0.78809016E-06  0.30166458E-06   863.99999906   -23307.31281167
   14230   28.46000000  0.33810092E-06  0.77976058E-06  0.36391888E-06   863.99999906   -23307.31281152
   14240   28.48000000  0.28710636E-06  0.76188424E-06  0.41942934E-06   863.99999906   -23307.31281137
   14250   28.50000000  0.24626125E-06  0.73486812E-06  0.46832500E-06   863.99999906   -23307.31281121
   14260   28.52000000  0.21562144E-06  0.69931221E-06  0.51084037E-06   863.99999906   -23307.31281106
   14270   28.54000000  0.19509380E-06  0.65600983E-06  0.54730008E-06   863.99999906   -23307.31281090
   14280   28.56000000  0.18444794E-06  0.60594112E-06  0.57810140E-06   863.99999905   -23307.31281075
   14290   28.58000000  0.18333176E-06  0.55025885E-06  0.60369509E-06   863.99999905   -23307.31281060
   14300   28.60000000  0.19128833E-06  0.49026666E-06  0.62456489E-06   863.99999905   -23307.31281045
   14310   28.62000000  0.20777558E-06  0.42738813E-06  0.64120634E-06   863.99999905   -23307.31281030
   14320   28.64000000  0.23218507E-06  0.36312891E-06  0.65410572E-06   863.99999905   -23307.31281015
   14330   28.66000000  0.26386129E-06  0.29903209E-06  0.66372085E-06   863.99999905   -23307.31281000
   14340   28.68000000  0.30211925E-06  0.23662916E-06  0.67046366E-06   863.99999905   -23307.31280985
   14350   28.70000000  0.34626000E-06  0.17738923E-06  0.67468532E-06   863.99999905   -23307.31280970
   14360   28.72000000  0.39558396E-06  0.12266840E-06  0.67666507E-06   863.99999905   -23307.31280955
   14370   28.74000000  0.44940109E-06  0.73662668E-07  0.67660262E-06   863.99999905   -23307.31280940
   14380   28.76000000  0.50703779E-06  0.31366333E-07  0.67461433E-06   863.99999905   -23307.31280925
   14390   28.78000000  0.56784125E-06 -0.34614573E-08  0.67073356E-06   863.99999905   -23307.31280909
   14400   28.80000000  0.63118020E-06 -0.30319578E-07  0.66491441E-06   863.99999905   -23307.31280894
   14410   28.82000000  0.69644378E-06 -0.48977752E-07  0.65703924E-06   863.99999905   -23307.31280878
   14420   28.84000000  0.76303778E-06 -0.59476904E-07  0.64692848E-06   863.99999905   -23307.31280863
   14430   28.86000000  0.83038101E-06 -0.62118602E-07  0.63435328E-06   863.99999904   -23307.31280847
   14440   28.88000000  0.89789992E-06 -0.57443829E-07  0.61904999E-06   863.99999904   -23307.31280831
   14450   28.90000000  0.96502550E-06 -0.46202658E-07  0.60073629E-06   863.99999904   -23307.31280816
   14460   28.92000000  0.10311900E-05 -0.29316432E-07  0.57912853E-06   863.99999904   -23307.31280800
   14470   28.94000000  0.10958278E-05 -0.78358353E-08  0.55395860E-06   863.99999904   -23307.31280784
   14480   28.96000000  0.11583768E-05  0.17104392E-07  0.52499162E-06   863.99999904   -23307.31280768
   14490   28.98000000  0.12182847E-05  0.44330375E-07  0.49204251E-06   863.99999904   -23307.31280753
   14500   29.00000000  0.12750166E-05  0.72672727E-07  0.45499153E-06   863.99999904   -23307.31280737
   14510   29.02000000  0.13280659E-05  0.10100572E-06  0.41379768E-06   863.99999904   -23307.31280722
   14520   29.04000000  0.13769666E-05  0.12828194E-06  0.36850972E-06   863.99999904   -23307.31280706
   14530   29.06000000  0.14213069E-05  0.15356050E-06  0.31927440E-06   863.99999904   -23307.31280691
   14540   29.08000000  0.14607432E-05  0.17602902E-06  0.26634063E-06   863.99999904   -23307.31280675
   14550   29.10000000  0.14950130E-05  0.19501862E-06  0.21006080E-06   863.99999904   -23307.31280660
   14560   29.12000000  0.15239455E-05  0.21001274E-06  0.15088753E-06   863.99999904   -23307.31280644
   14570   29.14000000  0.15474704E-05  0.22065019E-06  0.89366348E-07   863.99999904   -23307.31280629
   14580   29.16000000  0.15656227E-05  0.22672297E-06  0.26124726E-07   863.99999903   -23307.31280614
   14590   29.18000000  0.15785434E-05  0.22817004E-06 -0.38142099E-07   863.99999903   -23307.31280599
   14600   29.20000000  0.15864758E-05  0.22506707E-06 -0.10268849E-06   863.99999903   -23307.31280584
   14610   29.22000000  0.15897577E-05  0.21761335E-06 -0.16673760E-06   863.99999903   -23307.31280568
   14620   29.24000000  0.15888094E-05  0.20611661E-06 -0.22950206E-06   863.99999903   -23307.31280553
   14630   29.26000000  0.15841182E-05  0.19097493E-06 -0.29020482E-06   863.99999903   -23307.31280538
   14640   29.28000000  0.15762199E-05  0.17265847E-06 -0.34809912E-06   863.99999903   -23307.31280523
   14650   29.30000000  0.15656792E-05  0.15168975E-06 -0.40248686E-06   863.99999903   -23307.31280508
   14660   29.32000000  0.15530688E-05  0.12862376E-06 -0.45273470E-06   863.99999903   -23307.31280494
   14670   29.34000000  0.15389496E-05  0.10402889E-06 -0.49828623E-06   863.99999903   -23307.31280479
   14680   29.36000000  0.15238526E-05  0.78467775E-07 -0.53867123E-06   863.99999903   -23307.31280464
   14690   29.38000000  0.15082630E-05  0.52480867E-07 -0.57351078E-06   863.99999903   -23307.31280449
   14700   29.40000000  0.14926078E-05  0.26571506E-07 -0.60251896E-06   863.99999903   -23307.31280435
   14710   29.42000000  0.14772475E-05  0.11943028E-08 -0.62550061E-06   863.99999903   -23307.31280420
   14720   29.44000000  0.14624712E-05 -0.23254457E-07 -0.64234698E-06   863.99999903   -23307.31280405
   14730   29.46000000  0.14484961E-05 -0.46442418E-07 -0.65302871E-06   863.99999902   -23307.31280390
   14740   29.48000000  0.14354694E-05 -0.68104570E-07 -0.65758786E-06   863.99999902   -23307.31280375
   14750   29.50000000  0.14234740E-05 -0.88042987E-07 -0.65613002E-06   863.99999902   -23307.31280360
   14760   29.52000000  0.14125357E-05 -0.10612480E-06 -0.64881647E-06   863.99999902   -23307.31280345
   14770   29.54000000  0.14026306E-05 -0.12227718E-06 -0.63585732E-06   863.99999902   -23307.31280330
   14780   29.56000000  0.13936946E-05 -0.13648128E-06 -0.61750654E-06   863.99999902   -23307.31280315
   14790   29.58000000  0.13856300E-05 -0.14876438E-06 -0.59405866E-06   863.99999902   -23307.31280299
   14800   29.60000000  0.13783124E-05 -0.15919110E-06 -0.56584719E-06   863.99999902   -23307.31280284
   14810   29.62000000  0.13715945E-05 -0.16785330E-06 -0.53324456E-06   863.99999902   -23307.31280269
   14820   29.64000000  0.13653091E-05 -0.17486001E-06 -0.49666298E-06   863.99999902   -23307.31280253
   14830   29.66000000  0.13592692E-05 -0.18032647E-06 -0.45655555E-06   863.99999902   -23307.31280238
   14840   29.68000000  0.13532684E-05 -0.18436335E-06 -0.41341681E-06   863.99999902   -23307.31280223
   14850   29.70000000  0.13470795E-05 -0.18706567E-06 -0.36778249E-06   863.99999902   -23307.31280208
   14860   29.72000000  0.13404547E-05 -0.18850239E-06 -0.32022712E-06   863.99999902   -23307.31280193
   14870   29.74000000  0.13331276E-05 -0.18870750E-06 -0.27135962E-06   863.99999901   -23307.31280178
   14880   29.76000000  0.13248169E-05 -0.18767215E-06 -0.22181626E-06   863.99999901   -23307.31280163
   14890   29.78000000  0.13152343E-05 -0.18534012E-06 -0.17225114E-06   863.99999901   -23307.31280148
   14900   29.80000000  0.13040954E-05 -0.18160518E-06 -0.12332475E-06   863.99999901   -23307.31280134
   14910   29.82000000  0.12911327E-05 -0.17631338E-06 -0.75690264E-07   863.99999901   -23307.31280119
   14920   29.84000000  0.12761119E-05 -0.16926837E-06 -0.29979234E-07   863.99999901   -23307.31280105
   14930   29.86000000  0.12588482E-05 -0.16024101E-06  0.13213540E-07   863.99999901   -23307.31280090
   14940   29.88000000  0.12392226E-05 -0.14898258E-06  0.53344637E-07   863.99999901   -23307.31280076
   14950   29.90000000  0.12171956E-05 -0.13524055E-06  0.89934968E-07   863.99999901   -23307.31280061
   14960   29.92000000  0.11928168E-05 -0.11877673E-06  0.12258180E-06   863.99999901   -23307.31280046
   14970   29.94000000  0.11662310E-05 -0.99384289E-07  0.15096785E-06   863.99999901   -23307.31280032
   14980   29.96000000  0.11376776E-05 -0.76905459E-07  0.17486819E-06   863.99999901   -23307.31280017
   14990   29.98000000  0.11074848E-05 -0.51245049E-07  0.19415378E-06   863.99999901   -23307.31280002
   15000   30.00000000  0.10760586E-05 -0.22381446E-07  0.20879300E-06   863.99999901   -23307.31279986
=== application breakdown [s] ===
total calculation time,7393.34085989
rt calculation                         min         max     average   std. dev.  difference    relative
rt initialization              0.54836E-04 0.57822E-01 0.25419E-02 0.10826E-01 0.57767E-01 0.10544E+04
reading lda data               0.28033E+01 0.28336E+01 0.28134E+01 0.36749E-02 0.30273E-01 0.10108E+01
reading rt data                0.21961E-02 0.73180E-02 0.25554E-02 0.43316E-03 0.51219E-02 0.33323E+01
prep. time prop.               0.28896E-03 0.69919E-01 0.26213E-02 0.88528E-02 0.69630E-01 0.24197E+03
rt iterations                  0.73893E+04 0.73893E+04 0.73893E+04 0.30376E-02 0.80462E-02 0.10000E+01
after writing rt data          0.19073E-05 0.98441E+00 0.43218E-03 0.10429E-01 0.98440E+00 0.51611E+06
in rt iterations                       min         max     average   std. dev.  difference    relative
Vbox                           0.12973E+01 0.15257E+01 0.14105E+01 0.32169E-01 0.22847E+00 0.11761E+01
time propagation               0.56115E+04 0.58253E+04 0.57516E+04 0.33395E+02 0.21377E+03 0.10381E+01
calculating rho                0.12183E+03 0.33074E+03 0.19255E+03 0.33356E+02 0.20891E+03 0.27148E+01
Hartree routine                0.40019E+02 0.49968E+02 0.45573E+02 0.17336E+01 0.99488E+01 0.12486E+01
Exc_Cor routine                0.61292E+01 0.10046E+02 0.80322E+01 0.74001E+00 0.39172E+01 0.16391E+01
calculating curr               0.11561E+04 0.11562E+04 0.11562E+04 0.16893E-01 0.10374E+00 0.10001E+01
calc. projection               0.39034E-02 0.86467E-02 0.58970E-02 0.61969E-03 0.47433E-02 0.22152E+01
writing energies               0.14788E+01 0.19143E+01 0.15821E+01 0.10940E+00 0.43549E+00 0.12945E+01
calc_eigen_energy              0.21055E+03 0.21106E+03 0.21072E+03 0.73660E-01 0.51679E+00 0.10025E+01
calc_total_energy_periodic     0.17603E+02 0.22106E+02 0.19081E+02 0.61340E+00 0.45025E+01 0.12558E+01
writing info etc.              0.93808E-02 0.40134E+00 0.11353E-01 0.41864E-02 0.39196E+00 0.42783E+02
total_energy module                    min         max     average   std. dev.  difference    relative
periodic calc.                 0.29173E+01 0.95983E+01 0.48131E+01 0.15027E+01 0.66809E+01 0.32901E+01
periodic comm. coll.           0.94035E+01 0.18634E+02 0.14251E+02 0.16468E+01 0.92309E+01 0.19816E+01
eigen_energy calc.             0.35330E+02 0.38923E+02 0.37790E+02 0.41293E+00 0.35922E+01 0.11017E+01
eigen_energy comm. coll.       0.45735E+01 0.11870E+02 0.74486E+01 0.83451E+00 0.72966E+01 0.25954E+01
eigen_energy hpsi              0.14733E+03 0.15406E+03 0.14986E+03 0.78627E+00 0.67330E+01 0.10457E+01
density_matrix module                  min         max     average   std. dev.  difference    relative
density calc.                  0.78822E+02 0.14450E+03 0.10829E+03 0.12051E+02 0.65676E+02 0.18332E+01
density comm. coll.            0.28894E+02 0.18791E+03 0.84004E+02 0.24222E+02 0.15902E+03 0.65035E+01
current calc.                  0.25133E+03 0.27706E+03 0.26113E+03 0.35455E+01 0.25734E+02 0.11024E+01
current rDivided uVpsi calc.   0.11421E+03 0.11775E+03 0.11572E+03 0.50696E+00 0.35374E+01 0.10310E+01
current comm. coll.            0.85047E+02 0.12733E+03 0.10838E+03 0.52755E+01 0.42286E+02 0.14972E+01
current comm. halo.            0.64180E+03 0.70243E+03 0.67082E+03 0.80072E+01 0.60626E+02 0.10945E+01
conjugate_gradient module              min         max     average   std. dev.  difference    relative
subspace_diag module                   min         max     average   std. dev.  difference    relative
subspace_diag so module                min         max     average   std. dev.  difference    relative
force module                           min         max     average   std. dev.  difference    relative
init_ps                                min         max     average   std. dev.  difference    relative
hamiltonian module                     min         max     average   std. dev.  difference    relative
total                          0.49408E+04 0.51521E+04 0.50323E+04 0.32344E+02 0.21128E+03 0.10428E+01
update overlap (comm.)         0.26312E+04 0.30499E+04 0.27791E+04 0.54587E+02 0.41868E+03 0.11591E+01
stencil                        0.10462E+04 0.13267E+04 0.11822E+04 0.25770E+02 0.28053E+03 0.12681E+01
subtraction                    0.25532E+02 0.31308E+02 0.28580E+02 0.44085E+00 0.57760E+01 0.12262E+01
pseudo-pt                      0.93228E+03 0.11202E+04 0.10212E+04 0.25117E+02 0.18788E+03 0.12015E+01
pseudo-pt (comm.)              0.40019E+02 0.27026E+03 0.13650E+03 0.31772E+02 0.23024E+03 0.67532E+01
hpsi-overlapped                        min         max     average   std. dev.  difference    relative
checkpoint/restart                     min         max     average   std. dev.  difference    relative
restart self                   0.18938E+01 0.23735E+01 0.19022E+01 0.30686E-01 0.47969E+00 0.12533E+01
restart sync                   0.23680E+01 0.23771E+01 0.23725E+01 0.10794E-02 0.90611E-02 0.10038E+01
=== performance [GFLOPS] ===
end SALMON
