##############################################################################
# SALMON: Scalable Ab-initio Light-Matter simulator for Optics and Nanoscience
#
#                             Version 2.2.1
##############################################################################
  Libxc: [enabled] 6.2.2
   theory= tddft_pulse
 
 Total time step      =       15000
 Time step[fs]        =  2.000000000000000E-003
 Energy range         =        3000
 Energy resolution[eV]=  1.000000000000000E-002
Laser frequency     = 0.17 1.50[eV]
Pulse width of laser=     12.00000000      5.80000000[fs]
Laser intensity     =  0.00000000E+00  0.60000000E+12[W/cm^2]
delay time          =      0.00000000[fs]
   use of real value orbitals =  F
 ======
 MPI distribution:
   nproc_k     :         125
   nproc_ob    :           4
   nproc_rgrid :           3           2           3
 OpenMP parallelization:
   number of threads :           1
 hpsi stencil:
   enables hand-coding vectorization : F
   enables openmp parallelization    : F
 current:
   k,orbital parallelized of openmp  : T
 force:
   k,orbital parallelized of openmp  : T
 ===================pseudopotential data===================
 ik ,atom_symbol=           1 Si
 ps_format =KY              
 ps_file =./Si_rps.dat
 Zps(ik), Mlps(ik) =           4           2
 Rps(ik), NRps(ik) =   2.26767135054939              122
 Lref(ik) =           2
 nproj(ik,l) =           1           1           1
 anorm(ik,l) =  0.6193218      0.3646551      0.0000000E+00
 inorm(ik,l) =           1           1           0
 Mass(ik) =   28.0000000000000     
 flag_nlcc_element(ik) = F
 ==========================================================
 flag_nlcc =  F
 
 ============init_ps==============
 end init_ps
 Maximal rho_NLCC= 0.000000000000000E+000
 Maximal tau_NLCC= 0.000000000000000E+000
 == Ewald ==
 cutoff length in real-space in ewald =  4.00 [A]
 (buffer length in bookkeeping =  2.00 [A])
 cutoff length in G-space in ewald =  0.1870828864+102 [1/A]
 number of ion-ion pair(/atom) used for allocation of bookkeeping=    68
 ===========
   Static dipole moment(xyz) =   -0.7033932583E+04   -0.7046260269E+04   -0.7055781716E+04
 
 
  time-step  time[fs]                               Current(xyz)[a.u.]      electrons Total energy[eV] 
#----------------------------------------------------------------------
      10    0.02000000  0.60508583E-12 -0.43065409E-13 -0.74403027E-14   864.00000000   -23331.01063831
      20    0.04000000  0.74373178E-12 -0.62160621E-12  0.31293452E-12   864.00000000   -23331.01063831
      30    0.06000000  0.92965553E-12 -0.89108366E-12  0.50481930E-12   864.00000000   -23331.01063831
      40    0.08000000  0.86275424E-12 -0.91008857E-12  0.82960389E-12   864.00000000   -23331.01063831
      50    0.10000000  0.45306318E-12 -0.66902161E-12  0.10228488E-11   864.00000000   -23331.01063831
      60    0.12000000 -0.49277561E-14 -0.25141222E-12  0.95376151E-12   864.00000000   -23331.01063831
      70    0.14000000 -0.35022596E-12  0.53226749E-13  0.93324693E-12   864.00000000   -23331.01063831
      80    0.16000000 -0.65537781E-12  0.34858965E-12  0.66375482E-12   864.00000000   -23331.01063831
      90    0.18000000 -0.76424867E-12  0.39153636E-12  0.37304246E-12   864.00000000   -23331.01063831
     100    0.20000000 -0.62140322E-12  0.17404795E-12  0.35250806E-13   864.00000000   -23331.01063831
     110    0.22000000 -0.41213958E-12 -0.49053344E-13 -0.27942529E-12   864.00000000   -23331.01063831
     120    0.24000000 -0.17097335E-12 -0.26272993E-12 -0.47896900E-12   863.99999999   -23331.01063831
     130    0.26000000  0.14330261E-12 -0.37986556E-12 -0.64064215E-12   863.99999999   -23331.01063831
     140    0.28000000  0.29665392E-12 -0.30366547E-12 -0.73705675E-12   863.99999999   -23331.01063831
     150    0.30000000  0.30635250E-12 -0.25819463E-12 -0.71654367E-12   863.99999999   -23331.01063832
     160    0.32000000  0.34127008E-12 -0.21574673E-12 -0.48982058E-12   863.99999999   -23331.01063832
     170    0.34000000  0.25199805E-12 -0.25942398E-12 -0.13805744E-12   863.99999999   -23331.01063832
     180    0.36000000  0.21416181E-12 -0.19914958E-12  0.10690966E-12   863.99999999   -23331.01063832
     190    0.38000000  0.18527887E-12 -0.17871259E-12  0.36124443E-12   863.99999999   -23331.01063832
     200    0.40000000  0.26615449E-12 -0.28469774E-12  0.62326237E-12   863.99999999   -23331.01063832
     210    0.42000000  0.31720739E-12 -0.40808429E-12  0.87143036E-12   863.99999999   -23331.01063832
     220    0.44000000  0.36137439E-12 -0.59979600E-12  0.85239998E-12   863.99999999   -23331.01063832
     230    0.46000000  0.43381659E-12 -0.72207377E-12  0.59966539E-12   863.99999999   -23331.01063832
     240    0.48000000  0.39386884E-12 -0.77181960E-12  0.38841528E-12   863.99999999   -23331.01063832
     250    0.50000000  0.49779193E-12 -0.67244268E-12  0.16222865E-12   863.99999999   -23331.01063832
     260    0.52000000  0.39169313E-12 -0.39377331E-12  0.99984977E-13   863.99999999   -23331.01063832
     270    0.54000000  0.24866480E-12 -0.20187808E-12  0.63142613E-13   863.99999999   -23331.01063832
     280    0.56000000  0.75814482E-13  0.74560285E-13  0.75337501E-14   863.99999999   -23331.01063832
     290    0.58000000 -0.97364811E-13  0.30462594E-12 -0.20052959E-12   863.99999999   -23331.01063832
     300    0.60000000 -0.66853003E-13  0.52851656E-12 -0.38378835E-12   863.99999999   -23331.01063832
     310    0.62000000 -0.18191013E-12  0.71824684E-12 -0.58285775E-12   863.99999999   -23331.01063832
     320    0.64000000 -0.16203778E-12  0.72112847E-12 -0.73103028E-12   863.99999999   -23331.01063832
     330    0.66000000 -0.21741392E-13  0.57930894E-12 -0.78648121E-12   863.99999999   -23331.01063833
     340    0.68000000  0.96852317E-13  0.37142181E-12 -0.79455506E-12   863.99999999   -23331.01063833
     350    0.70000000  0.23570782E-12  0.53974870E-13 -0.72145322E-12   863.99999998   -23331.01063833
     360    0.72000000  0.33196593E-12 -0.23121939E-12 -0.43063790E-12   863.99999998   -23331.01063833
     370    0.74000000  0.41694103E-12 -0.37774044E-12 -0.50584874E-13   863.99999998   -23331.01063833
     380    0.76000000  0.34769100E-12 -0.28502527E-12  0.13750720E-12   863.99999998   -23331.01063833
     390    0.78000000  0.20694474E-12 -0.13069032E-12  0.41259577E-12   863.99999998   -23331.01063833
     400    0.80000000  0.60761918E-13  0.61501171E-13  0.76217267E-12   863.99999998   -23331.01063833
     410    0.82000000 -0.14115773E-12  0.30721396E-12  0.10234934E-11   863.99999998   -23331.01063833
     420    0.84000000 -0.19014456E-12  0.41383508E-12  0.11379889E-11   863.99999998   -23331.01063833
     430    0.86000000 -0.24297555E-12  0.53458747E-12  0.10263097E-11   863.99999998   -23331.01063833
     440    0.88000000 -0.28470939E-12  0.41998503E-12  0.55702903E-12   863.99999998   -23331.01063833
     450    0.90000000 -0.40816681E-12  0.31428335E-12  0.98236089E-14   863.99999998   -23331.01063833
     460    0.92000000 -0.46140249E-12  0.30398649E-12 -0.52212103E-12   863.99999998   -23331.01063833
     470    0.94000000 -0.40385056E-12  0.20038676E-12 -0.93032113E-12   863.99999998   -23331.01063833
     480    0.96000000 -0.30837551E-12  0.71275535E-13 -0.12165653E-11   863.99999998   -23331.01063833
     490    0.98000000 -0.22832565E-12 -0.67451351E-13 -0.12583272E-11   863.99999998   -23331.01063833
     500    1.00000000 -0.11285819E-12 -0.25407792E-13 -0.11344546E-11   863.99999998   -23331.01063833
     510    1.02000000 -0.90658661E-13  0.42104502E-13 -0.98433788E-12   863.99999998   -23331.01063833
     520    1.04000000 -0.22426357E-13  0.19481089E-12 -0.63837796E-12   863.99999998   -23331.01063834
     530    1.06000000  0.87353922E-13  0.32381216E-12 -0.27954090E-12   863.99999998   -23331.01063834
     540    1.08000000  0.21173952E-12  0.33061570E-12  0.69316064E-13   863.99999998   -23331.01063834
     550    1.10000000  0.23282391E-12  0.31792599E-12  0.37192775E-12   863.99999998   -23331.01063834
     560    1.12000000  0.35005540E-12  0.27435194E-12  0.57671616E-12   863.99999998   -23331.01063834
     570    1.14000000  0.24287482E-12  0.98232499E-13  0.72379632E-12   863.99999998   -23331.01063834
     580    1.16000000  0.25695872E-12 -0.11540625E-12  0.75221361E-12   863.99999997   -23331.01063834
     590    1.18000000  0.17924531E-12 -0.29782534E-12  0.76288666E-12   863.99999997   -23331.01063834
     600    1.20000000 -0.32401834E-13 -0.29021538E-12  0.73530345E-12   863.99999997   -23331.01063834
     610    1.22000000 -0.32229056E-12 -0.25717145E-12  0.55355116E-12   863.99999997   -23331.01063834
     620    1.24000000 -0.54771144E-12 -0.11488925E-12  0.32164908E-12   863.99999997   -23331.01063834
     630    1.26000000 -0.73600766E-12  0.24159674E-12  0.49248561E-13   863.99999997   -23331.01063834
     640    1.28000000 -0.80307506E-12  0.46489409E-12 -0.21501748E-12   863.99999997   -23331.01063834
     650    1.30000000 -0.64104153E-12  0.62022935E-12 -0.45319148E-12   863.99999997   -23331.01063834
     660    1.32000000 -0.43574021E-12  0.62599011E-12 -0.61916096E-12   863.99999997   -23331.01063834
     670    1.34000000 -0.18724289E-12  0.40048514E-12 -0.75556333E-12   863.99999997   -23331.01063834
     680    1.36000000  0.26861154E-13  0.88151587E-13 -0.79179079E-12   863.99999997   -23331.01063834
     690    1.38000000  0.28323627E-12 -0.19614006E-12 -0.64744198E-12   863.99999997   -23331.01063834
     700    1.40000000  0.46968005E-12 -0.47697157E-12 -0.44421918E-12   863.99999997   -23331.01063834
     710    1.42000000  0.52217599E-12 -0.63997067E-12 -0.12254034E-12   863.99999997   -23331.01063835
     720    1.44000000  0.46804650E-12 -0.75877771E-12  0.30725950E-12   863.99999997   -23331.01063835
     730    1.46000000  0.40445609E-12 -0.76020833E-12  0.72462522E-12   863.99999997   -23331.01063835
     740    1.48000000  0.21268128E-12 -0.63067114E-12  0.10015398E-11   863.99999997   -23331.01063835
     750    1.50000000  0.95023235E-13 -0.37786341E-12  0.11528749E-11   863.99999997   -23331.01063835
     760    1.52000000 -0.64213776E-13 -0.13121338E-12  0.98936565E-12   863.99999997   -23331.01063835
     770    1.54000000 -0.27013920E-12  0.60626083E-13  0.67801696E-12   863.99999997   -23331.01063835
     780    1.56000000 -0.34465532E-12  0.24311867E-12  0.16008312E-12   863.99999997   -23331.01063835
     790    1.58000000 -0.28414568E-12  0.20840256E-12 -0.25100848E-12   863.99999997   -23331.01063835
     800    1.60000000 -0.21400113E-12  0.15606802E-12 -0.56843580E-12   863.99999997   -23331.01063835
     810    1.62000000 -0.12156922E-12  0.37733342E-14 -0.79448975E-12   863.99999996   -23331.01063835
     820    1.64000000 -0.16675979E-13 -0.65318215E-13 -0.92872303E-12   863.99999996   -23331.01063835
     830    1.66000000 -0.18529643E-14 -0.71418525E-13 -0.90268218E-12   863.99999996   -23331.01063835
     840    1.68000000  0.17851685E-13 -0.43040411E-13 -0.82665849E-12   863.99999996   -23331.01063835
     850    1.70000000  0.85718847E-13  0.11286562E-13 -0.52976320E-12   863.99999996   -23331.01063835
     860    1.72000000  0.17784874E-12  0.37051460E-13 -0.18531817E-12   863.99999996   -23331.01063835
     870    1.74000000  0.26738977E-12  0.20914864E-12  0.19066229E-12   863.99999996   -23331.01063835
     880    1.76000000  0.38766573E-12  0.27593344E-12  0.51992147E-12   863.99999996   -23331.01063835
     890    1.78000000  0.42193702E-12  0.18433193E-12  0.84632458E-12   863.99999996   -23331.01063835
     900    1.80000000  0.36878268E-12  0.97501936E-13  0.90394804E-12   863.99999996   -23331.01063835
     910    1.82000000  0.41085732E-12 -0.14689688E-12  0.81726136E-12   863.99999996   -23331.01063836
     920    1.84000000  0.28005834E-12 -0.26608361E-12  0.63763007E-12   863.99999996   -23331.01063836
     930    1.86000000  0.48205582E-13 -0.32494527E-12  0.55491117E-12   863.99999996   -23331.01063836
     940    1.88000000 -0.14459791E-12 -0.33565257E-12  0.36736193E-12   863.99999996   -23331.01063836
     950    1.90000000 -0.47093178E-12 -0.26622793E-12  0.24070571E-12   863.99999996   -23331.01063836
     960    1.92000000 -0.61059562E-12 -0.18941830E-12  0.56641341E-13   863.99999996   -23331.01063836
     970    1.94000000 -0.55317600E-12 -0.15740212E-12 -0.25361641E-12   863.99999996   -23331.01063836
     980    1.96000000 -0.28986525E-12  0.40335232E-13 -0.52274960E-12   863.99999996   -23331.01063836
     990    1.98000000 -0.27275516E-13  0.14418740E-12 -0.72950521E-12   863.99999996   -23331.01063836
    1000    2.00000000  0.31634791E-12  0.27234761E-12 -0.89919627E-12   863.99999996   -23331.01063836
    1010    2.02000000  0.57209979E-12  0.23566885E-12 -0.88916214E-12   863.99999996   -23331.01063836
    1020    2.04000000  0.62320329E-12  0.65462786E-13 -0.83542247E-12   863.99999996   -23331.01063836
    1030    2.06000000  0.56586876E-12 -0.50841983E-13 -0.64669124E-12   863.99999996   -23331.01063836
    1040    2.08000000  0.48676927E-12 -0.19831767E-12 -0.33052860E-12   863.99999995   -23331.01063836
    1050    2.10000000  0.20203739E-12 -0.27354207E-12 -0.17269534E-13   863.99999995   -23331.01063836
    1060    2.12000000 -0.11923698E-12 -0.16039040E-12  0.33090080E-12   863.99999995   -23331.01063836
    1070    2.14000000 -0.45806133E-12 -0.27225931E-13  0.66985420E-12   863.99999995   -23331.01063836
    1080    2.16000000 -0.65568158E-12  0.19116327E-12  0.79386888E-12   863.99999995   -23331.01063836
    1090    2.18000000 -0.75133143E-12  0.38184239E-12  0.90053720E-12   863.99999995   -23331.01063836
    1100    2.20000000 -0.64209652E-12  0.49383951E-12  0.91628180E-12   863.99999995   -23331.01063837
    1110    2.22000000 -0.35202183E-12  0.45249087E-12  0.76427462E-12   863.99999995   -23331.01063837
    1120    2.24000000 -0.26933274E-13  0.29452831E-12  0.37676452E-12   863.99999995   -23331.01063837
    1130    2.26000000  0.33238408E-12  0.20343225E-12 -0.79503744E-13   863.99999995   -23331.01063837
    1140    2.28000000  0.64801760E-12  0.83602438E-13 -0.57550198E-12   863.99999995   -23331.01063837
    1150    2.30000000  0.66437053E-12 -0.29579265E-13 -0.86936277E-12   863.99999995   -23331.01063837
    1160    2.32000000  0.61766085E-12 -0.11907582E-12 -0.10695257E-11   863.99999995   -23331.01063837
    1170    2.34000000  0.34399736E-12 -0.21388850E-12 -0.10350107E-11   863.99999995   -23331.01063837
    1180    2.36000000  0.47652753E-13 -0.22973228E-12 -0.78823549E-12   863.99999995   -23331.01063837
    1190    2.38000000 -0.28924590E-12 -0.15643951E-12 -0.51847430E-12   863.99999995   -23331.01063837
    1200    2.40000000 -0.54540399E-12 -0.11110456E-12 -0.96239113E-13   863.99999995   -23331.01063837
    1210    2.42000000 -0.64570282E-12  0.13613963E-13  0.32608712E-12   863.99999995   -23331.01063837
    1220    2.44000000 -0.63035236E-12 -0.51832642E-13  0.70192832E-12   863.99999995   -23331.01063837
    1230    2.46000000 -0.54199411E-12 -0.14157084E-12  0.95115056E-12   863.99999995   -23331.01063837
    1240    2.48000000 -0.24590325E-12 -0.12561658E-12  0.10417243E-11   863.99999995   -23331.01063837
    1250    2.50000000 -0.38813269E-14 -0.19669666E-12  0.96998755E-12   863.99999995   -23331.01063837
    1260    2.52000000  0.16872995E-12 -0.17671530E-12  0.67003752E-12   863.99999995   -23331.01063837
    1270    2.54000000  0.40375090E-12 -0.16611620E-12  0.32150915E-12   863.99999994   -23331.01063837
    1280    2.56000000  0.40458124E-12 -0.41466167E-13 -0.11549870E-13   863.99999994   -23331.01063837
    1290    2.58000000  0.35136389E-12  0.99876964E-13 -0.34597517E-12   863.99999994   -23331.01063838
    1300    2.60000000  0.13833834E-12  0.14936667E-12 -0.60493088E-12   863.99999994   -23331.01063838
    1310    2.62000000  0.27724349E-13  0.27080464E-12 -0.76679384E-12   863.99999994   -23331.01063838
    1320    2.64000000 -0.16216429E-12  0.40816586E-12 -0.86554540E-12   863.99999994   -23331.01063838
    1330    2.66000000 -0.21505699E-12  0.32277529E-12 -0.75348203E-12   863.99999994   -23331.01063838
    1340    2.68000000 -0.24013785E-12  0.23176860E-12 -0.59489087E-12   863.99999994   -23331.01063838
    1350    2.70000000 -0.26783972E-12  0.21754887E-12 -0.45376613E-12   863.99999994   -23331.01063838
    1360    2.72000000 -0.18510604E-12  0.88289100E-13 -0.14947424E-12   863.99999994   -23331.01063838
    1370    2.74000000 -0.95682727E-13 -0.10506379E-12  0.10138332E-13   863.99999994   -23331.01063838
    1380    2.76000000  0.82528598E-13 -0.25062302E-12  0.26345144E-12   863.99999994   -23331.01063838
    1390    2.78000000  0.23001506E-12 -0.37565928E-12  0.64077037E-12   863.99999994   -23331.01063838
    1400    2.80000000  0.38724729E-12 -0.34109934E-12  0.83866995E-12   863.99999994   -23331.01063838
    1410    2.82000000  0.35298226E-12 -0.97870727E-13  0.95540591E-12   863.99999994   -23331.01063838
    1420    2.84000000  0.25797617E-12  0.40481748E-13  0.90607174E-12   863.99999994   -23331.01063838
    1430    2.86000000  0.17057391E-12  0.20687659E-13  0.77161479E-12   863.99999994   -23331.01063838
    1440    2.88000000  0.77963486E-13 -0.57398148E-13  0.49748524E-12   863.99999994   -23331.01063838
    1450    2.90000000  0.29291902E-13 -0.11652878E-12  0.20426724E-12   863.99999994   -23331.01063838
    1460    2.92000000 -0.34497699E-13 -0.16180458E-12 -0.14122625E-12   863.99999994   -23331.01063838
    1470    2.94000000 -0.48523522E-13 -0.12354638E-12 -0.45639211E-12   863.99999994   -23331.01063838
    1480    2.96000000 -0.12362592E-12 -0.85502210E-13 -0.73411449E-12   863.99999994   -23331.01063838
    1490    2.98000000 -0.20214772E-12 -0.42434377E-13 -0.92538307E-12   863.99999994   -23331.01063839
    1500    3.00000000 -0.24077559E-12 -0.12883031E-14 -0.88885066E-12   863.99999993   -23331.01063839
    1510    3.02000000 -0.33573887E-12  0.24203831E-12 -0.74734672E-12   863.99999993   -23331.01063839
    1520    3.04000000 -0.34524988E-12  0.44171209E-12 -0.50516287E-12   863.99999993   -23331.01063839
    1530    3.06000000 -0.29865144E-12  0.50451205E-12 -0.15899035E-12   863.99999993   -23331.01063839
    1540    3.08000000 -0.23963519E-12  0.33900867E-12  0.21521419E-12   863.99999993   -23331.01063839
    1550    3.10000000 -0.12105284E-12  0.74377185E-13  0.51085908E-12   863.99999993   -23331.01063839
    1560    3.12000000  0.47951825E-13 -0.23759603E-12  0.86644786E-11   863.99999993   -23331.01063839
    1570    3.14000000  0.27538251E-12 -0.41659860E-12  0.10444116E-09   863.99999993   -23331.01063839
    1580    3.16000000  0.51875391E-12 -0.48882417E-12  0.41313705E-09   863.99999993   -23331.01063839
    1590    3.18000000  0.85700311E-12 -0.39489754E-12  0.96108134E-09   863.99999993   -23331.01063839
    1600    3.20000000  0.12813537E-11 -0.26225114E-12  0.15335181E-08   863.99999993   -23331.01063839
    1610    3.22000000  0.16930235E-11  0.25621849E-13  0.15436900E-08   863.99999993   -23331.01063839
    1620    3.24000000  0.17437105E-11  0.57425358E-12 -0.78909199E-10   863.99999993   -23331.01063839
    1630    3.26000000  0.87307367E-12  0.90726852E-12 -0.49783835E-08   863.99999993   -23331.01063839
    1640    3.28000000 -0.24616382E-11  0.61868849E-12 -0.15437119E-07   863.99999993   -23331.01063839
    1650    3.30000000 -0.10931851E-10 -0.14244656E-11 -0.34414307E-07   863.99999993   -23331.01063838
    1660    3.32000000 -0.28071321E-10 -0.67829441E-11 -0.65557626E-07   863.99999993   -23331.01063833
    1670    3.34000000 -0.58465983E-10 -0.17842419E-10 -0.11319041E-06   863.99999993   -23331.01063819
    1680    3.36000000 -0.10790876E-09 -0.37477726E-10 -0.18227492E-06   863.99999993   -23331.01063785
    1690    3.38000000 -0.18276978E-09 -0.69392241E-10 -0.27835163E-06   863.99999993   -23331.01063709
    1700    3.40000000 -0.28980552E-09 -0.11826907E-09 -0.40745492E-06   863.99999993   -23331.01063551
    1710    3.42000000 -0.43497898E-09 -0.18944366E-09 -0.57600715E-06   863.99999993   -23331.01063247
    1720    3.44000000 -0.62314309E-09 -0.28906729E-09 -0.79069182E-06   863.99999993   -23331.01062690
    1730    3.46000000 -0.85680581E-09 -0.42400637E-09 -0.10583078E-05   863.99999992   -23331.01061720
    1740    3.48000000 -0.11348567E-08 -0.60117501E-09 -0.13856067E-05   863.99999992   -23331.01060099
    1750    3.50000000 -0.14517247E-08 -0.82813699E-09 -0.17791179E-05   863.99999992   -23331.01057490
    1760    3.52000000 -0.17960142E-08 -0.11121347E-08 -0.22449618E-05   863.99999992   -23331.01053425
    1770    3.54000000 -0.21495267E-08 -0.14601589E-08 -0.27886568E-05   863.99999992   -23331.01047277
    1780    3.56000000 -0.24861148E-08 -0.18785580E-08 -0.34149226E-05   863.99999992   -23331.01038225
    1790    3.58000000 -0.27706102E-08 -0.23729788E-08 -0.41274851E-05   863.99999992   -23331.01025220
    1800    3.60000000 -0.29582711E-08 -0.29477267E-08 -0.49288847E-05   863.99999992   -23331.01006954
    1810    3.62000000 -0.29942722E-08 -0.36057453E-08 -0.58202925E-05   863.99999992   -23331.00981830
    1820    3.64000000 -0.28131248E-08 -0.43482248E-08 -0.68013391E-05   863.99999992   -23331.00947944
    1830    3.66000000 -0.23387044E-08 -0.51744996E-08 -0.78699566E-05   863.99999992   -23331.00903067
    1840    3.68000000 -0.14843910E-08 -0.60817367E-08 -0.90222399E-05   863.99999992   -23331.00844653
    1850    3.70000000 -0.15353217E-09 -0.70648621E-08 -0.10252328E-04   863.99999992   -23331.00769852
    1860    3.72000000  0.17597155E-08 -0.81160995E-08 -0.11552308E-04   863.99999992   -23331.00675547
    1870    3.74000000  0.43690369E-08 -0.92250986E-08 -0.12912146E-04   863.99999992   -23331.00558413
    1880    3.76000000  0.77950275E-08 -0.10378709E-07 -0.14319640E-04   863.99999992   -23331.00414998
    1890    3.78000000  0.12162873E-07 -0.11561196E-07 -0.15760411E-04   863.99999992   -23331.00241829
    1900    3.80000000  0.17600225E-07 -0.12754429E-07 -0.17217913E-04   863.99999992   -23331.00035541
    1910    3.82000000  0.24234921E-07 -0.13937658E-07 -0.18673487E-04   863.99999992   -23330.99793028
    1920    3.84000000  0.32191712E-07 -0.15088045E-07 -0.20106437E-04   863.99999992   -23330.99511617
    1930    3.86000000  0.41589809E-07 -0.16180805E-07 -0.21494147E-04   863.99999992   -23330.99189251
    1940    3.88000000  0.52539334E-07 -0.17189225E-07 -0.22812227E-04   863.99999992   -23330.98824687
    1950    3.90000000  0.65137794E-07 -0.18085437E-07 -0.24034693E-04   863.99999992   -23330.98417689
    1960    3.92000000  0.79466903E-07 -0.18840556E-07 -0.25134181E-04   863.99999991   -23330.97969212
    1970    3.94000000  0.95589123E-07 -0.19424985E-07 -0.26082185E-04   863.99999991   -23330.97481570
    1980    3.96000000  0.11354350E-06 -0.19808868E-07 -0.26849330E-04   863.99999991   -23330.96958564
    1990    3.98000000  0.13334290E-06 -0.19962285E-07 -0.27405667E-04   863.99999991   -23330.96405575
    2000    4.00000000  0.15497014E-06 -0.19855778E-07 -0.27720990E-04   863.99999991   -23330.95829587
    2010    4.02000000  0.17837506E-06 -0.19461218E-07 -0.27765179E-04   863.99999991   -23330.95239146
    2020    4.04000000  0.20347171E-06 -0.18751133E-07 -0.27508552E-04   863.99999991   -23330.94644234
    2030    4.06000000  0.23013540E-06 -0.17700181E-07 -0.26922238E-04   863.99999991   -23330.94056045
    2040    4.08000000  0.25820030E-06 -0.16285077E-07 -0.25978558E-04   863.99999991   -23330.93486662
    2050    4.10000000  0.28745819E-06 -0.14485147E-07 -0.24651410E-04   863.99999991   -23330.92948624
    2060    4.12000000  0.31765673E-06 -0.12283098E-07 -0.22916656E-04   863.99999991   -23330.92454378
    2070    4.14000000  0.34849842E-06 -0.96648040E-08 -0.20752509E-04   863.99999991   -23330.92015623
    2080    4.16000000  0.37964060E-06 -0.66202389E-08 -0.18139916E-04   863.99999991   -23330.91642549
    2090    4.18000000  0.41069555E-06 -0.31436695E-08 -0.15062920E-04   863.99999991   -23330.91342980
    2100    4.20000000  0.44123141E-06  0.76612102E-09 -0.11509017E-04   863.99999991   -23330.91121439
    2110    4.22000000  0.47077370E-06  0.51051046E-08 -0.74694896E-05   863.99999991   -23330.90978152
    2120    4.24000000  0.49880817E-06  0.98641838E-08 -0.29397131E-05   863.99999991   -23330.90908018
    2130    4.26000000  0.52478302E-06  0.15028486E-07  0.20805622E-05   863.99999991   -23330.90899581
    2140    4.28000000  0.54811269E-06  0.20577312E-07  0.75869623E-05   863.99999991   -23330.90934020
    2150    4.30000000  0.56818253E-06  0.26484285E-07  0.13570276E-04   863.99999991   -23330.90984221
    2160    4.32000000  0.58435373E-06  0.32716596E-07  0.20016282E-04   863.99999991   -23330.91013946
    2170    4.34000000  0.59596897E-06  0.39235189E-07  0.26905611E-04   863.99999991   -23330.90977157
    2180    4.36000000  0.60235851E-06  0.45994902E-07  0.34213663E-04   863.99999991   -23330.90817526
    2190    4.38000000  0.60284713E-06  0.52944298E-07  0.41910557E-04   863.99999990   -23330.90468185
    2200    4.40000000  0.59676159E-06  0.60025970E-07  0.49961142E-04   863.99999990   -23330.89851736
    2210    4.42000000  0.58343819E-06  0.67176514E-07  0.58325050E-04   863.99999990   -23330.88880574
    2220    4.44000000  0.56223121E-06  0.74327084E-07  0.66956802E-04   863.99999990   -23330.87457536
    2230    4.46000000  0.53252134E-06  0.81403662E-07  0.75805964E-04   863.99999990   -23330.85476907
    2240    4.48000000  0.49372450E-06  0.88327652E-07  0.84817357E-04   863.99999990   -23330.82825790
    2250    4.50000000  0.44530038E-06  0.95016660E-07  0.93931321E-04   863.99999990   -23330.79385852
    2260    4.52000000  0.38676190E-06  0.10138489E-06  0.10308402E-03   863.99999990   -23330.75035426
    2270    4.54000000  0.31768434E-06  0.10734427E-06  0.11220783E-03   863.99999990   -23330.69651957
    2280    4.56000000  0.23771412E-06  0.11280563E-06  0.12123171E-03   863.99999990   -23330.63114760
    2290    4.58000000  0.14657790E-06  0.11767948E-06  0.13008171E-03   863.99999990   -23330.55308052
    2300    4.60000000  0.44090470E-07  0.12187719E-06  0.13868144E-03   863.99999990   -23330.46124181
    2310    4.62000000 -0.69836106E-07  0.12531264E-06  0.14695267E-03   863.99999990   -23330.35467018
    2320    4.64000000 -0.19518566E-06  0.12790357E-06  0.15481587E-03   863.99999990   -23330.23255392
    2330    4.66000000 -0.33183011E-06  0.12957302E-06  0.16219089E-03   863.99999990   -23330.09426527
    2340    4.68000000 -0.47952333E-06  0.13025108E-06  0.16899760E-03   863.99999990   -23329.93939336
    2350    4.70000000 -0.63789536E-06  0.12987660E-06  0.17515658E-03   863.99999990   -23329.76777518
    2360    4.72000000 -0.80644728E-06  0.12839879E-06  0.18058987E-03   863.99999990   -23329.57952316
    2370    4.74000000 -0.98454749E-06  0.12577908E-06  0.18522167E-03   863.99999990   -23329.37504855
    2380    4.76000000 -0.11714284E-05  0.12199285E-06  0.18897909E-03   863.99999990   -23329.15507953
    2390    4.78000000 -0.13661852E-05  0.11703118E-06  0.19179293E-03   863.99999989   -23328.92067308
    2400    4.80000000 -0.15677746E-05  0.11090224E-06  0.19359837E-03   863.99999989   -23328.67321973
    2410    4.82000000 -0.17750165E-05  0.10363298E-06  0.19433574E-03   863.99999989   -23328.41444064
    2420    4.84000000 -0.19865951E-05  0.95270288E-07  0.19395119E-03   863.99999989   -23328.14637616
    2430    4.86000000 -0.22010641E-05  0.85882268E-07  0.19239739E-03   863.99999989   -23327.87136586
    2440    4.88000000 -0.24168513E-05  0.75558630E-07  0.18963410E-03   863.99999989   -23327.59201950
    2450    4.90000000 -0.26322662E-05  0.64411153E-07  0.18562875E-03   863.99999989   -23327.31117938
    2460    4.92000000 -0.28455088E-05  0.52573655E-07  0.18035698E-03   863.99999989   -23327.03187411
    2470    4.94000000 -0.30546813E-05  0.40201514E-07  0.17380300E-03   863.99999989   -23326.75726465
    2480    4.96000000 -0.32577998E-05  0.27470098E-07  0.16595992E-03   863.99999989   -23326.49058320
    2490    4.98000000 -0.34528105E-05  0.14573558E-07  0.15683007E-03   863.99999989   -23326.23506626
    2500    5.00000000 -0.36376052E-05  0.17217025E-08  0.14642505E-03   863.99999989   -23325.99388305
    2510    5.02000000 -0.38100403E-05 -0.10862519E-07  0.13476584E-03   863.99999988   -23325.77006084
    2520    5.04000000 -0.39679570E-05 -0.22947115E-07  0.12188271E-03   863.99999988   -23325.56640883
    2530    5.06000000 -0.41092027E-05 -0.34295280E-07  0.10781504E-03   863.99999988   -23325.38544238
    2540    5.08000000 -0.42316538E-05 -0.44670392E-07  0.92611112E-04   863.99999988   -23325.22930951
    2550    5.10000000 -0.43332399E-05 -0.53841457E-07  0.76327708E-04   863.99999988   -23325.09972139
    2560    5.12000000 -0.44119680E-05 -0.61589311E-07  0.59029695E-04   863.99999988   -23324.99788882
    2570    5.14000000 -0.44659480E-05 -0.67712101E-07  0.40789517E-04   863.99999988   -23324.92446639
    2580    5.16000000 -0.44934165E-05 -0.72032215E-07  0.21686624E-04   863.99999988   -23324.87950578
    2590    5.18000000 -0.44927612E-05 -0.74401565E-07  0.18068646E-05   863.99999988   -23324.86241990
    2600    5.20000000 -0.44625436E-05 -0.74708371E-07 -0.18758149E-04   863.99999988   -23324.87195884
    2610    5.22000000 -0.44015203E-05 -0.72881913E-07 -0.39911691E-04   863.99999988   -23324.90619862
    2620    5.24000000 -0.43086622E-05 -0.68897292E-07 -0.61552558E-04   863.99999988   -23324.96254346
    2630    5.26000000 -0.41831711E-05 -0.62779059E-07 -0.83575695E-04   863.99999988   -23325.03774195
    2640    5.28000000 -0.40244926E-05 -0.54603580E-07 -0.10587278E-03   863.99999987   -23325.12791716
    2650    5.30000000 -0.38323276E-05 -0.44500476E-07 -0.12833276E-03   863.99999987   -23325.22861054
    2660    5.32000000 -0.36066383E-05 -0.32651822E-07 -0.15084236E-03   863.99999987   -23325.33483921
    2670    5.34000000 -0.33476512E-05 -0.19290208E-07 -0.17328649E-03   863.99999987   -23325.44116584
    2680    5.36000000 -0.30558577E-05 -0.46952135E-08 -0.19554866E-03   863.99999987   -23325.54178030
    2690    5.38000000 -0.27320082E-05  0.10812637E-07 -0.21751127E-03   863.99999987   -23325.63059189
    2700    5.40000000 -0.23771060E-05  0.26878564E-07 -0.23905596E-03   863.99999987   -23325.70133082
    2710    5.42000000 -0.19923962E-05  0.43122675E-07 -0.26006383E-03   863.99999987   -23325.74765753
    2720    5.44000000 -0.15793524E-05  0.59149962E-07 -0.28041572E-03   863.99999987   -23325.76327811
    2730    5.46000000 -0.11396621E-05  0.74561870E-07 -0.29999246E-03   863.99999987   -23325.74206412
    2740    5.48000000 -0.67520897E-06  0.88968435E-07 -0.31867522E-03   863.99999987   -23325.67817486
    2750    5.50000000 -0.18805662E-06  0.10200161E-06 -0.33634581E-03   863.99999987   -23325.56618003
    2760    5.52000000  0.31956935E-06  0.11332792E-06 -0.35288713E-03   863.99999987   -23325.40118059
    2770    5.54000000  0.84529817E-06  0.12266092E-06 -0.36818374E-03   863.99999987   -23325.17892554
    2780    5.56000000  0.13866294E-05  0.12977418E-06 -0.38212243E-03   863.99999987   -23324.89592225
    2790    5.58000000  0.19409472E-05  0.13451167E-06 -0.39459309E-03   863.99999987   -23324.54953779
    2800    5.60000000  0.25055315E-05  0.13679708E-06 -0.40548952E-03   863.99999987   -23324.13808874
    2810    5.62000000  0.30775675E-05  0.13664113E-06 -0.41471057E-03   863.99999987   -23323.66091701
    2820    5.64000000  0.36541526E-05  0.13414648E-06 -0.42216128E-03   863.99999986   -23323.11844904
    2830    5.66000000  0.42323005E-05  0.12950971E-06 -0.42775421E-03   863.99999986   -23322.51223613
    2840    5.68000000  0.48089434E-05  0.12301986E-06 -0.43141085E-03   863.99999986   -23321.84497378
    2850    5.70000000  0.53809315E-05  0.11505442E-06 -0.43306315E-03   863.99999986   -23321.12049799
    2860    5.72000000  0.59450321E-05  0.10607087E-06 -0.43265504E-03   863.99999986   -23320.34375738
    2870    5.74000000  0.64979278E-05  0.96595219E-07 -0.43014402E-03   863.99999986   -23319.52075988
    2880    5.76000000  0.70362144E-05  0.87206665E-07 -0.42550267E-03   863.99999986   -23318.65849396
    2890    5.78000000  0.75564011E-05  0.78519417E-07 -0.41872009E-03   863.99999986   -23317.76482459
    2900    5.80000000  0.80549117E-05  0.71160914E-07 -0.40980320E-03   863.99999986   -23316.84836517
    2910    5.82000000  0.85280902E-05  0.65748179E-07 -0.39877782E-03   863.99999985   -23315.91832733
    2920    5.84000000  0.89722098E-05  0.62861365E-07 -0.38568957E-03   863.99999985   -23314.98435141
    2930    5.86000000  0.93834886E-05  0.63016692E-07 -0.37060435E-03   863.99999985   -23314.05632131
    2940    5.88000000  0.97581105E-05  0.66639059E-07 -0.35360858E-03   863.99999985   -23313.14416782
    2950    5.90000000  0.10092254E-04  0.74034864E-07 -0.33480899E-03   863.99999985   -23312.25766572
    2960    5.92000000  0.10382129E-04  0.85366716E-07 -0.31433197E-03   863.99999985   -23311.40622988
    2970    5.94000000  0.10624017E-04  0.10063066E-06 -0.29232251E-03   863.99999985   -23310.59871632
    2980    5.96000000  0.10814331E-04  0.11963754E-06 -0.26894264E-03   863.99999984   -23309.84323413
    2990    5.98000000  0.10949667E-04  0.14199914E-06 -0.24436945E-03   863.99999984   -23309.14697403
    3000    6.00000000  0.11026874E-04  0.16711978E-06 -0.21879266E-03   863.99999984   -23308.51605907
    3010    6.02000000  0.11043126E-04  0.19419591E-06 -0.19241181E-03   863.99999984   -23307.95542213
    3020    6.04000000  0.10995998E-04  0.22222159E-06 -0.16543311E-03   863.99999984   -23307.46871440
    3030    6.06000000  0.10883544E-04  0.25000373E-06 -0.13806602E-03   863.99999983   -23307.05824757
    3040    6.08000000  0.10704374E-04  0.27618430E-06 -0.11051967E-03   863.99999983   -23306.72497140
    3050    6.10000000  0.10457732E-04  0.29927151E-06 -0.82999205E-04   863.99999983   -23306.46848716
    3060    6.12000000  0.10143565E-04  0.31767789E-06 -0.55702144E-04   863.99999983   -23306.28709574
    3070    6.14000000  0.97625847E-05  0.32976683E-06 -0.28814930E-04   863.99999983   -23306.17787810
    3080    6.16000000  0.93163196E-05  0.33390334E-06 -0.25097109E-05   863.99999983   -23306.13680442
    3090    6.18000000  0.88071497E-05  0.32851008E-06  0.23058477E-04   863.99999982   -23306.15886729
    3100    6.20000000  0.82383267E-05  0.31212617E-06  0.47754047E-04   863.99999982   -23306.23823320
    3110    6.22000000  0.76139745E-05  0.28346566E-06  0.71462614E-04   863.99999982   -23306.36840651
    3120    6.24000000  0.69390680E-05  0.24147544E-06  0.94092111E-04   863.99999982   -23306.54239915
    3130    6.26000000  0.62193898E-05  0.18538855E-06  0.11557319E-03   863.99999982   -23306.75290028
    3140    6.28000000  0.54614636E-05  0.11477107E-06  0.13585891E-03   863.99999982   -23306.99243955
    3150    6.30000000  0.46724651E-05  0.29561455E-07  0.15492373E-03   863.99999982   -23307.25353937
    3160    6.32000000  0.38601108E-05 -0.69901437E-07  0.17276175E-03   863.99999982   -23307.52885167
    3170    6.34000000  0.30325283E-05 -0.18286167E-06  0.18938442E-03   863.99999981   -23307.81127636
    3180    6.36000000  0.21981083E-05 -0.30814304E-06  0.20481769E-03   863.99999981   -23308.09405974
    3190    6.38000000  0.13653450E-05 -0.44416061E-06  0.21909869E-03   863.99999981   -23308.37087237
    3200    6.40000000  0.54266825E-06 -0.58894519E-06  0.23227223E-03   863.99999981   -23308.63586719
    3210    6.42000000 -0.26172869E-06 -0.74018360E-06  0.24438704E-03   863.99999981   -23308.88371957
    3220    6.44000000 -0.10400578E-05 -0.89527067E-06  0.25549217E-03   863.99999981   -23309.10965203
    3230    6.46000000 -0.17850979E-05 -0.10513736E-05  0.26563341E-03   863.99999981   -23309.30944673
    3240    6.48000000 -0.24903417E-05 -0.12055055E-05  0.27485011E-03   863.99999981   -23309.47944911
    3250    6.50000000 -0.31501255E-05 -0.13546064E-05  0.28317240E-03   863.99999981   -23309.61656622
    3260    6.52000000 -0.37597344E-05 -0.14956274E-05  0.29061896E-03   863.99999981   -23309.71826256
    3270    6.54000000 -0.43154814E-05 -0.16256157E-05  0.29719541E-03   863.99999981   -23309.78255625
    3280    6.56000000 -0.48147567E-05 -0.17417977E-05  0.30289340E-03   863.99999981   -23309.80801705
    3290    6.58000000 -0.52560459E-05 -0.18416549E-05  0.30769039E-03   863.99999981   -23309.79376728
    3300    6.60000000 -0.56389171E-05 -0.19229924E-05  0.31155015E-03   863.99999980   -23309.73948564
    3310    6.62000000 -0.59639786E-05 -0.19839944E-05  0.31442392E-03   863.99999980   -23309.64541316
    3320    6.64000000 -0.62328076E-05 -0.20232665E-05  0.31625220E-03   863.99999980   -23309.51235964
    3330    6.66000000 -0.64478555E-05 -0.20398625E-05  0.31696706E-03   863.99999980   -23309.34170854
    3340    6.68000000 -0.66123308E-05 -0.20332960E-05  0.31649490E-03   863.99999980   -23309.13541783
    3350    6.70000000 -0.67300679E-05 -0.20035346E-05  0.31475952E-03   863.99999980   -23308.89601405
    3360    6.72000000 -0.68053817E-05 -0.19509803E-05  0.31168540E-03   863.99999980   -23308.62657727
    3370    6.74000000 -0.68429176E-05 -0.18764345E-05  0.30720107E-03   863.99999980   -23308.33071448
    3380    6.76000000 -0.68474973E-05 -0.17810518E-05  0.30124244E-03   863.99999980   -23308.01252002
    3390    6.78000000 -0.68239679E-05 -0.16662843E-05  0.29375595E-03   863.99999980   -23307.67652174
    3400    6.80000000 -0.67770561E-05 -0.15338187E-05  0.28470155E-03   863.99999980   -23307.32761296
    3410    6.82000000 -0.67112323E-05 -0.13855099E-05  0.27405522E-03   863.99999980   -23306.97097062
    3420    6.84000000 -0.66305859E-05 -0.12233146E-05  0.26181120E-03   863.99999980   -23306.61196116
    3430    6.86000000 -0.65387154E-05 -0.10492274E-05  0.24798368E-03   863.99999979   -23306.25603625
    3440    6.88000000 -0.64386356E-05 -0.86522182E-06  0.23260794E-03   863.99999979   -23305.90862141
    3450    6.90000000 -0.63327021E-05 -0.67320106E-06  0.21574106E-03   863.99999979   -23305.57500058
    3460    6.92000000 -0.62225567E-05 -0.47495785E-06  0.19746199E-03   863.99999979   -23305.26020071
    3470    6.94000000 -0.61090917E-05 -0.27214700E-06  0.17787115E-03   863.99999979   -23304.96888002
    3480    6.96000000 -0.59924377E-05 -0.66270443E-07  0.15708946E-03   863.99999979   -23304.70522384
    3490    6.98000000 -0.58719720E-05  0.14132416E-06  0.13525701E-03   863.99999979   -23304.47285169
    3500    7.00000000 -0.57463504E-05  0.34943293E-06  0.11253115E-03   863.99999979   -23304.27473878
    3510    7.02000000 -0.56135612E-05  0.55697413E-06  0.89084323E-04   863.99999979   -23304.11315460
    3520    7.04000000 -0.54709997E-05  0.76295770E-06  0.65101591E-04   863.99999978   -23303.98962080
    3530    7.06000000 -0.53155647E-05  0.96644868E-06  0.40777850E-04   863.99999978   -23303.90488937
    3540    7.08000000 -0.51437719E-05  0.11665282E-05  0.16314935E-04   863.99999978   -23303.85894195
    3550    7.10000000 -0.49518835E-05  0.13622539E-05 -0.80813972E-05   863.99999978   -23303.85100983
    3560    7.12000000 -0.47360503E-05  0.15526251E-05 -0.32204521E-04   863.99999978   -23303.87961367
    3570    7.14000000 -0.44924612E-05  0.17365553E-05 -0.55849958E-04   863.99999978   -23303.94262127
    3580    7.16000000 -0.42174966E-05  0.19128540E-05 -0.78818302E-04   863.99999978   -23304.03732121
    3590    7.18000000 -0.39078790E-05  0.20802216E-05 -0.10091800E-03   863.99999978   -23304.16050931
    3600    7.20000000 -0.35608178E-05  0.22372575E-05 -0.12196795E-03   863.99999978   -23304.30858517
    3610    7.22000000 -0.31741420E-05  0.23824824E-05 -0.14179980E-03   863.99999978   -23304.47765511
    3620    7.24000000 -0.27464150E-05  0.25143751E-05 -0.16026008E-03   863.99999977   -23304.66363835
    3630    7.26000000 -0.22770296E-05  0.26314211E-05 -0.17721190E-03   863.99999977   -23304.86237286
    3640    7.28000000 -0.17662795E-05  0.27321710E-05 -0.19253647E-03   863.99999977   -23305.06971787
    3650    7.30000000 -0.12154024E-05  0.28153056E-05 -0.20613414E-03   863.99999977   -23305.28165000
    3660    7.32000000 -0.62659838E-06  0.28797024E-05 -0.21792521E-03   863.99999977   -23305.49435052
    3670    7.34000000 -0.30191791E-08  0.29245005E-05 -0.22785032E-03   863.99999977   -23305.70428166
    3680    7.36000000  0.65126815E-06  0.29491575E-05 -0.23587060E-03   863.99999977   -23305.90825043
    3690    7.38000000  0.13313427E-05  0.29534955E-05 -0.24196742E-03   863.99999977   -23306.10345871
    3700    7.40000000  0.20315132E-05  0.29377303E-05 -0.24614184E-03   863.99999977   -23306.28753927
    3710    7.42000000  0.27454200E-05  0.29024836E-05 -0.24841391E-03   863.99999977   -23306.45857748
    3720    7.44000000  0.34661538E-05  0.28487739E-05 -0.24882156E-03   863.99999977   -23306.61511926
    3730    7.46000000  0.41863852E-05  0.27779883E-05 -0.24741936E-03   863.99999977   -23306.75616602
    3740    7.48000000  0.48985023E-05  0.26918344E-05 -0.24427715E-03   863.99999976   -23306.88115786
    3750    7.50000000  0.55947543E-05  0.25922777E-05 -0.23947842E-03   863.99999976   -23306.98994638
    3760    7.52000000  0.62673934E-05  0.24814654E-05 -0.23311867E-03   863.99999976   -23307.08275896
    3770    7.54000000  0.69088161E-05  0.23616438E-05 -0.22530364E-03   863.99999976   -23307.16015615
    3780    7.56000000  0.75116972E-05  0.22350744E-05 -0.21614757E-03   863.99999976   -23307.22298416
    3790    7.58000000  0.80691147E-05  0.21039512E-05 -0.20577140E-03   863.99999976   -23307.27232425
    3800    7.60000000  0.85746636E-05  0.19703286E-05 -0.19430103E-03   863.99999976   -23307.30944078
    3810    7.62000000  0.90225555E-05  0.18360598E-05 -0.18186570E-03   863.99999976   -23307.33572964
    3820    7.64000000  0.94077009E-05  0.17027502E-05 -0.16859633E-03   863.99999976   -23307.35266842
    3830    7.66000000  0.97257763E-05  0.15717287E-05 -0.15462416E-03   863.99999976   -23307.36176966
    3840    7.68000000  0.99732725E-05  0.14440353E-05 -0.14007933E-03   863.99999976   -23307.36453821
    3850    7.70000000  0.10147525E-04  0.13204258E-05 -0.12508977E-03   863.99999976   -23307.36243334
    3860    7.72000000  0.10246729E-04  0.12013902E-05 -0.10978014E-03   863.99999976   -23307.35683641
    3870    7.74000000  0.10269932E-04  0.10871842E-05 -0.94270972E-04   863.99999976   -23307.34902418
    3880    7.76000000  0.10217025E-04  0.97786860E-06 -0.78677952E-04   863.99999976   -23307.34014794
    3890    7.78000000  0.10088707E-04  0.87335352E-06 -0.63111354E-04   863.99999975   -23307.33121851
    3900    7.80000000  0.98864464E-05  0.77344490E-06 -0.47675599E-04   863.99999975   -23307.32309662
    3910    7.82000000  0.96124392E-05  0.67788864E-06 -0.32468941E-04   863.99999975   -23307.31648855
    3920    7.84000000  0.92695509E-05  0.58641048E-06 -0.17583256E-04   863.99999975   -23307.31194638
    3930    7.86000000  0.88612633E-05  0.49874912E-06 -0.31039126E-05   863.99999975   -23307.30987238
    3940    7.88000000  0.83916151E-05  0.41468075E-06  0.10890287E-04   863.99999975   -23307.31052691
    3950    7.90000000  0.78651430E-05  0.33403455E-06  0.24327111E-04   863.99999975   -23307.31403922
    3960    7.92000000  0.72868224E-05  0.25669974E-06  0.37140871E-04   863.99999975   -23307.32042054
    3970    7.94000000  0.66620073E-05  0.18262313E-06  0.49272364E-04   863.99999975   -23307.32957883
    3980    7.96000000  0.59963716E-05  0.11179992E-06  0.60668817E-04   863.99999975   -23307.34133454
    3990    7.98000000  0.52958484E-05  0.44258602E-07  0.71283812E-04   863.99999975   -23307.35543700
    4000    8.00000000  0.45665708E-05 -0.19958209E-07  0.81077225E-04   863.99999975   -23307.37158076
    4010    8.02000000  0.38148088E-05 -0.80813889E-07  0.90015168E-04   863.99999975   -23307.38942155
    4020    8.04000000  0.30469074E-05 -0.13829846E-06  0.98069931E-04   863.99999975   -23307.40859144
    4030    8.06000000  0.22692209E-05 -0.19244694E-06  0.10521994E-03   863.99999975   -23307.42871288
    4040    8.08000000  0.14880482E-05 -0.24335403E-06  0.11144968E-03   863.99999974   -23307.44941132
    4050    8.10000000  0.70956637E-06 -0.29118406E-06  0.11674968E-03   863.99999974   -23307.47032630
    4060    8.12000000 -0.60233438E-07 -0.33617554E-06  0.12111640E-03   863.99999974   -23307.49112079
    4070    8.14000000 -0.81560797E-06 -0.37864095E-06  0.12455218E-03   863.99999974   -23307.51148871
    4080    8.16000000 -0.15511194E-05 -0.41896086E-06  0.12706509E-03   863.99999974   -23307.53116070
    4090    8.18000000 -0.22616851E-05 -0.45757459E-06  0.12866882E-03   863.99999974   -23307.54990801
    4100    8.20000000 -0.29426206E-05 -0.49496686E-06  0.12938251E-03   863.99999974   -23307.56754477
    4110    8.22000000 -0.35896710E-05 -0.53165272E-06  0.12923056E-03   863.99999974   -23307.58392865
    4120    8.24000000 -0.41990334E-05 -0.56816122E-06  0.12824239E-03   863.99999974   -23307.59896004
    4130    8.26000000 -0.47673671E-05 -0.60501842E-06  0.12645220E-03   863.99999974   -23307.61258010
    4140    8.28000000 -0.52917946E-05 -0.64273049E-06  0.12389869E-03   863.99999974   -23307.62476767
    4150    8.30000000 -0.57698916E-05 -0.68176800E-06  0.12062474E-03   863.99999974   -23307.63553539
    4160    8.32000000 -0.61996707E-05 -0.72255062E-06  0.11667710E-03   863.99999974   -23307.64492527
    4170    8.34000000 -0.65795588E-05 -0.76543261E-06  0.11210602E-03   863.99999974   -23307.65300381
    4180    8.36000000 -0.69083715E-05 -0.81069003E-06  0.10696487E-03   863.99999974   -23307.65985698
    4190    8.38000000 -0.71852864E-05 -0.85850874E-06  0.10130973E-03   863.99999973   -23307.66558517
    4200    8.40000000 -0.74098161E-05 -0.90897322E-06  0.95198985E-04   863.99999973   -23307.67029836
    4210    8.42000000 -0.75817848E-05 -0.96205857E-06  0.88692837E-04   863.99999973   -23307.67411164
    4220    8.44000000 -0.77013071E-05 -0.10176232E-05  0.81852861E-04   863.99999973   -23307.67714107
    4230    8.46000000 -0.77687712E-05 -0.10754048E-05  0.74741508E-04   863.99999973   -23307.67950022
    4240    8.48000000 -0.77848254E-05 -0.11350184E-05  0.67421611E-04   863.99999973   -23307.68129715
    4250    8.50000000 -0.77503678E-05 -0.11959589E-05  0.59955870E-04   863.99999973   -23307.68263217
    4260    8.52000000 -0.76665386E-05 -0.12576050E-05  0.52406355E-04   863.99999973   -23307.68359607
    4270    8.54000000 -0.75347143E-05 -0.13192285E-05  0.44833991E-04   863.99999973   -23307.68426909
    4280    8.56000000 -0.73565015E-05 -0.13800041E-05  0.37298076E-04   863.99999973   -23307.68472038
    4290    8.58000000 -0.71337324E-05 -0.14390239E-05  0.29855793E-04   863.99999973   -23307.68500799
    4300    8.60000000 -0.68684580E-05 -0.14953132E-05  0.22561766E-04   863.99999973   -23307.68517928
    4310    8.62000000 -0.65629409E-05 -0.15478474E-05  0.15467624E-04   863.99999973   -23307.68527168
    4320    8.64000000 -0.62196465E-05 -0.15955708E-05  0.86216156E-05   863.99999973   -23307.68531371
    4330    8.66000000 -0.58412331E-05 -0.16374155E-05  0.20682506E-05   863.99999973   -23307.68532618
    4340    8.68000000 -0.54305411E-05 -0.16723193E-05 -0.41520057E-05   863.99999972   -23307.68532344
    4350    8.70000000 -0.49905808E-05 -0.16992439E-05 -0.10002995E-04   863.99999972   -23307.68531473
    4360    8.72000000 -0.45245200E-05 -0.17171925E-05 -0.15453076E-04   863.99999972   -23307.68530532
    4370    8.74000000 -0.40356706E-05 -0.17252243E-05 -0.20475282E-04   863.99999972   -23307.68529773
    4380    8.76000000 -0.35274746E-05 -0.17224696E-05 -0.25047425E-04   863.99999972   -23307.68529262
    4390    8.78000000 -0.30034903E-05 -0.17081406E-05 -0.29152146E-04   863.99999972   -23307.68528964
    4400    8.80000000 -0.24673755E-05 -0.16815427E-05 -0.32776917E-04   863.99999972   -23307.68528801
    4410    8.82000000 -0.19228701E-05 -0.16420823E-05 -0.35913999E-04   863.99999972   -23307.68528693
    4420    8.84000000 -0.13737761E-05 -0.15892741E-05 -0.38560345E-04   863.99999972   -23307.68528583
    4430    8.86000000 -0.82393451E-06 -0.15227474E-05 -0.40717479E-04   863.99999972   -23307.68528447
    4440    8.88000000 -0.27719852E-06 -0.14422511E-05 -0.42391326E-04   863.99999972   -23307.68528285
    4450    8.90000000  0.26259682E-06 -0.13476584E-05 -0.43592018E-04   863.99999972   -23307.68528111
    4460    8.92000000  0.79166886E-06 -0.12389730E-05 -0.44333655E-04   863.99999972   -23307.68527937
    4470    8.94000000  0.13063249E-05 -0.11163346E-05 -0.44633926E-04   863.99999972   -23307.68527763
    4480    8.96000000  0.18030031E-05 -0.98002514E-06 -0.44513646E-04   863.99999972   -23307.68527591
    4490    8.98000000  0.22783144E-05 -0.83047571E-06 -0.43996351E-04   863.99999971   -23307.68527419
    4500    9.00000000  0.27290852E-05 -0.66827283E-06 -0.43107911E-04   863.99999971   -23307.68527248
    4510    9.02000000  0.31524002E-05 -0.49416379E-06 -0.41876146E-04   863.99999971   -23307.68527080
    4520    9.04000000  0.35456412E-05 -0.30906057E-06 -0.40330454E-04   863.99999971   -23307.68526913
    4530    9.06000000  0.39065231E-05 -0.11404087E-06 -0.38501448E-04   863.99999971   -23307.68526750
    4540    9.08000000  0.42331232E-05  0.89653569E-07 -0.36420607E-04   863.99999971   -23307.68526590
    4550    9.10000000  0.45239044E-05  0.30062269E-06 -0.34119930E-04   863.99999971   -23307.68526433
    4560    9.12000000  0.47777292E-05  0.51731730E-06 -0.31631600E-04   863.99999971   -23307.68526281
    4570    9.14000000  0.49938649E-05  0.73805265E-06 -0.28987653E-04   863.99999971   -23307.68526133
    4580    9.16000000  0.51719795E-05  0.96102511E-06 -0.26219664E-04   863.99999971   -23307.68525990
    4590    9.18000000  0.53121267E-05  0.11843325E-05 -0.23358438E-04   863.99999971   -23307.68525852
    4600    9.20000000  0.54147222E-05  0.14059962E-05 -0.20433723E-04   863.99999971   -23307.68525719
    4610    9.22000000  0.54805106E-05  0.16239856E-05 -0.17473945E-04   863.99999971   -23307.68525591
    4620    9.24000000  0.55105250E-05  0.18362444E-05 -0.14505963E-04   863.99999971   -23307.68525469
    4630    9.26000000  0.55060404E-05  0.20407162E-05 -0.11554866E-04   863.99999971   -23307.68525352
    4640    9.28000000  0.54685248E-05  0.22353728E-05 -0.86437900E-05   863.99999970   -23307.68525241
    4650    9.30000000  0.53995878E-05  0.24182401E-05 -0.57937919E-05   863.99999970   -23307.68525134
    4660    9.32000000  0.53009322E-05  0.25874259E-05 -0.30237545E-05   863.99999970   -23307.68525033
    4670    9.34000000  0.51743094E-05  0.27411468E-05 -0.35034105E-06   863.99999970   -23307.68524937
    4680    9.36000000  0.50214819E-05  0.28777539E-05  0.22120082E-05   863.99999970   -23307.68524846
    4690    9.38000000  0.48441948E-05  0.29957587E-05  0.46510374E-05   863.99999970   -23307.68524759
    4700    9.40000000  0.46441568E-05  0.30938569E-05  0.69565979E-05   863.99999970   -23307.68524676
    4710    9.42000000  0.44230324E-05  0.31709518E-05  0.91205402E-05   863.99999970   -23307.68524597
    4720    9.44000000  0.41824437E-05  0.32261741E-05  0.11136579E-04   863.99999970   -23307.68524522
    4730    9.46000000  0.39239826E-05  0.32589001E-05  0.13000141E-04   863.99999970   -23307.68524449
    4740    9.48000000  0.36492285E-05  0.32687670E-05  0.14708202E-04   863.99999970   -23307.68524378
    4750    9.50000000  0.33597722E-05  0.32556848E-05  0.16259116E-04   863.99999970   -23307.68524309
    4760    9.52000000  0.30572412E-05  0.32198435E-05  0.17652458E-04   863.99999970   -23307.68524242
    4770    9.54000000  0.27433249E-05  0.31617169E-05  0.18888870E-04   863.99999970   -23307.68524175
    4780    9.56000000  0.24197950E-05  0.30820605E-05  0.19969922E-04   863.99999970   -23307.68524109
    4790    9.58000000  0.20885207E-05  0.29819056E-05  0.20897999E-04   863.99999969   -23307.68524043
    4800    9.60000000  0.17514773E-05  0.28625464E-05  0.21676211E-04   863.99999969   -23307.68523978
    4810    9.62000000  0.14107442E-05  0.27255219E-05  0.22308319E-04   863.99999969   -23307.68523911
    4820    9.64000000  0.10684952E-05  0.25725924E-05  0.22798694E-04   863.99999969   -23307.68523845
    4830    9.66000000  0.72698018E-06  0.24057095E-05  0.23152293E-04   863.99999969   -23307.68523779
    4840    9.68000000  0.38849787E-06  0.22269816E-05  0.23374653E-04   863.99999969   -23307.68523712
    4850    9.70000000  0.55363307E-07  0.20386341E-05  0.23471898E-04   863.99999969   -23307.68523645
    4860    9.72000000 -0.27012859E-06  0.18429675E-05  0.23450752E-04   863.99999969   -23307.68523578
    4870    9.74000000 -0.58574176E-06  0.16423127E-05  0.23318554E-04   863.99999969   -23307.68523512
    4880    9.76000000 -0.88933807E-06  0.14389867E-05  0.23083265E-04   863.99999969   -23307.68523446
    4890    9.78000000 -0.11789132E-05  0.12352486E-05  0.22753459E-04   863.99999969   -23307.68523380
    4900    9.80000000 -0.14526293E-05  0.10332602E-05  0.22338304E-04   863.99999969   -23307.68523316
    4910    9.82000000 -0.17088421E-05  0.83504914E-06  0.21847508E-04   863.99999969   -23307.68523252
    4920    9.84000000 -0.19461219E-05  0.64247993E-06  0.21291251E-04   863.99999969   -23307.68523189
    4930    9.86000000 -0.21632673E-05  0.45722923E-06  0.20680079E-04   863.99999969   -23307.68523128
    4940    9.88000000 -0.23593132E-05  0.28076976E-06  0.20024780E-04   863.99999968   -23307.68523068
    4950    9.90000000 -0.25335324E-05  0.11435969E-06  0.19336230E-04   863.99999968   -23307.68523008
    4960    9.92000000 -0.26854324E-05 -0.40960994E-07  0.18625220E-04   863.99999968   -23307.68522950
    4970    9.94000000 -0.28147479E-05 -0.18436897E-06  0.17902269E-04   863.99999968   -23307.68522894
    4980    9.96000000 -0.29214308E-05 -0.31525139E-06  0.17177429E-04   863.99999968   -23307.68522838
    4990    9.98000000 -0.30056374E-05 -0.43319611E-06  0.16460083E-04   863.99999968   -23307.68522784
    5000   10.00000000 -0.30677162E-05 -0.53797996E-06  0.15758755E-04   863.99999968   -23307.68522731
    5010   10.02000000 -0.31081942E-05 -0.62955587E-06  0.15080927E-04   863.99999968   -23307.68522679
    5020   10.04000000 -0.31277632E-05 -0.70803935E-06  0.14432875E-04   863.99999968   -23307.68522628
    5030   10.06000000 -0.31272669E-05 -0.77369632E-06  0.13819529E-04   863.99999968   -23307.68522578
    5040   10.08000000 -0.31076870E-05 -0.82693120E-06  0.13244362E-04   863.99999968   -23307.68522530
    5050   10.10000000 -0.30701298E-05 -0.86827625E-06  0.12709316E-04   863.99999968   -23307.68522483
    5060   10.12000000 -0.30158120E-05 -0.89838240E-06  0.12214756E-04   863.99999968   -23307.68522436
    5070   10.14000000 -0.29460448E-05 -0.91801058E-06  0.11759470E-04   863.99999968   -23307.68522391
    5080   10.16000000 -0.28622182E-05 -0.92802294E-06  0.11340707E-04   863.99999968   -23307.68522346
    5090   10.18000000 -0.27657823E-05 -0.92937361E-06  0.10954252E-04   863.99999967   -23307.68522302
    5100   10.20000000 -0.26582281E-05 -0.92309859E-06  0.10594546E-04   863.99999967   -23307.68522258
    5110   10.22000000 -0.25410671E-05 -0.91030316E-06  0.10254845E-04   863.99999967   -23307.68522215
    5120   10.24000000 -0.24158092E-05 -0.89214675E-06  0.99274170E-05   863.99999967   -23307.68522172
    5130   10.26000000 -0.22839405E-05 -0.86982552E-06  0.96037693E-05   863.99999967   -23307.68522129
    5140   10.28000000 -0.21469007E-05 -0.84455149E-06  0.92749129E-05   863.99999967   -23307.68522087
    5150   10.30000000 -0.20060612E-05 -0.81752901E-06  0.89316476E-05   863.99999967   -23307.68522044
    5160   10.32000000 -0.18627036E-05 -0.78993039E-06  0.85648660E-05   863.99999967   -23307.68522002
    5170   10.34000000 -0.17180018E-05 -0.76286897E-06  0.81658676E-05   863.99999967   -23307.68521961
    5180   10.36000000 -0.15730059E-05 -0.73737330E-06  0.77266729E-05   863.99999967   -23307.68521920
    5190   10.38000000 -0.14286300E-05 -0.71436278E-06  0.72403284E-05   863.99999967   -23307.68521880
    5200   10.40000000 -0.12856452E-05 -0.69462560E-06  0.67011906E-05   863.99999967   -23307.68521841
    5210   10.42000000 -0.11446778E-05 -0.67880081E-06  0.61051810E-05   863.99999967   -23307.68521802
    5220   10.44000000 -0.10062117E-05 -0.66736479E-06  0.54499986E-05   863.99999967   -23307.68521765
    5230   10.46000000 -0.87059739E-06 -0.66062386E-06  0.47352857E-05   863.99999967   -23307.68521728
    5240   10.48000000 -0.73806520E-06 -0.65871179E-06  0.39627359E-05   863.99999966   -23307.68521693
    5250   10.50000000 -0.60874248E-06 -0.66159352E-06  0.31361399E-05   863.99999966   -23307.68521658
    5260   10.52000000 -0.48267306E-06 -0.66907443E-06  0.22613669E-05   863.99999966   -23307.68521624
    5270   10.54000000 -0.35983883E-06 -0.68081279E-06  0.13462799E-05   863.99999966   -23307.68521590
    5280   10.56000000 -0.24018020E-06 -0.69633704E-06  0.40058551E-06   863.99999966   -23307.68521557
    5290   10.58000000 -0.12361558E-06 -0.71506476E-06 -0.56437479E-06   863.99999966   -23307.68521524
    5300   10.60000000 -0.10057333E-07 -0.73632272E-06 -0.15358889E-05   863.99999966   -23307.68521492
    5310   10.62000000  0.10057580E-06 -0.75936709E-06 -0.25001848E-05   863.99999966   -23307.68521460
    5320   10.64000000  0.20835053E-06 -0.78340239E-06 -0.34427758E-05   863.99999966   -23307.68521428
    5330   10.66000000  0.31331539E-06 -0.80759864E-06 -0.43488315E-05   863.99999966   -23307.68521396
    5340   10.68000000  0.41550071E-06 -0.83110596E-06 -0.52035608E-05   863.99999966   -23307.68521365
    5350   10.70000000  0.51492195E-06 -0.85306663E-06 -0.59925947E-05   863.99999966   -23307.68521334
    5360   10.72000000  0.61158479E-06 -0.87262419E-06 -0.67023572E-05   863.99999966   -23307.68521302
    5370   10.74000000  0.70549092E-06 -0.88893035E-06 -0.73204105E-05   863.99999966   -23307.68521271
    5380   10.76000000  0.79664302E-06 -0.90114927E-06 -0.78357666E-05   863.99999966   -23307.68521240
    5390   10.78000000  0.88504869E-06 -0.90846098E-06 -0.82391548E-05   863.99999965   -23307.68521208
    5400   10.80000000  0.97072163E-06 -0.91006449E-06 -0.85232393E-05   863.99999965   -23307.68521176
    5410   10.82000000  0.10536798E-05 -0.90518088E-06 -0.86827820E-05   863.99999965   -23307.68521144
    5420   10.84000000  0.11339411E-05 -0.89305710E-06 -0.87147504E-05   863.99999965   -23307.68521112
    5430   10.86000000  0.12115157E-05 -0.87297232E-06 -0.86183678E-05   863.99999965   -23307.68521080
    5440   10.88000000  0.12863977E-05 -0.84424608E-06 -0.83951115E-05   863.99999965   -23307.68521047
    5450   10.90000000  0.13585542E-05 -0.80624900E-06 -0.80486613E-05   863.99999965   -23307.68521014
    5460   10.92000000  0.14279157E-05 -0.75841628E-06 -0.75848025E-05   863.99999965   -23307.68520982
    5470   10.94000000  0.14943667E-05 -0.70026312E-06 -0.70112919E-05   863.99999965   -23307.68520950
    5480   10.96000000  0.15577386E-05 -0.63140176E-06 -0.63376899E-05   863.99999965   -23307.68520918
    5490   10.98000000  0.16178044E-05 -0.55156012E-06 -0.55751658E-05   863.99999965   -23307.68520887
    5500   11.00000000  0.16742775E-05 -0.46060075E-06 -0.47362798E-05   863.99999965   -23307.68520857
    5510   11.02000000  0.17268126E-05 -0.35853887E-06 -0.38347473E-05   863.99999965   -23307.68520828
    5520   11.04000000  0.17750096E-05 -0.24555938E-06 -0.28851866E-05   863.99999965   -23307.68520799
    5530   11.06000000  0.18184203E-05 -0.12203219E-06 -0.19028539E-05   863.99999965   -23307.68520771
    5540   11.08000000  0.18565564E-05  0.11475623E-07 -0.90336754E-06   863.99999964   -23307.68520744
    5550   11.10000000  0.18888997E-05  0.15419106E-06  0.97577205E-07   863.99999964   -23307.68520717
    5560   11.12000000  0.19149127E-05  0.30512994E-06  0.10845003E-05   863.99999964   -23307.68520691
    5570   11.14000000  0.19340503E-05  0.46309669E-06  0.20424326E-05   863.99999964   -23307.68520664
    5580   11.16000000  0.19457710E-05  0.62668931E-06  0.29572115E-05   863.99999964   -23307.68520638
    5590   11.18000000  0.19495500E-05  0.79430979E-06  0.38157706E-05   863.99999964   -23307.68520611
    5600   11.20000000  0.19448911E-05  0.96418071E-06  0.46064179E-05   863.99999964   -23307.68520585
    5610   11.22000000  0.19313406E-05  0.11343690E-05  0.53190950E-05   863.99999964   -23307.68520558
    5620   11.24000000  0.19085008E-05  0.13028145E-05  0.59456097E-05   863.99999964   -23307.68520531
    5630   11.26000000  0.18760450E-05  0.14673653E-05  0.64798322E-05   863.99999964   -23307.68520504
    5640   11.28000000  0.18337316E-05  0.16258183E-05  0.69178492E-05   863.99999964   -23307.68520477
    5650   11.30000000  0.17814197E-05  0.17759632E-05  0.72580656E-05   863.99999964   -23307.68520451
    5660   11.32000000  0.17190824E-05  0.19156289E-05  0.75012501E-05   863.99999964   -23307.68520424
    5670   11.34000000  0.16468201E-05  0.20427301E-05  0.76505181E-05   863.99999964   -23307.68520398
    5680   11.36000000  0.15648702E-05  0.21553132E-05  0.77112503E-05   863.99999964   -23307.68520372
    5690   11.38000000  0.14736152E-05  0.22515980E-05  0.76909446E-05   863.99999963   -23307.68520346
    5700   11.40000000  0.13735854E-05  0.23300153E-05  0.75990044E-05   863.99999963   -23307.68520321
    5710   11.42000000  0.12654581E-05  0.23892382E-05  0.74464671E-05   863.99999963   -23307.68520296
    5720   11.44000000  0.11500509E-05  0.24282063E-05  0.72456770E-05   863.99999963   -23307.68520271
    5730   11.46000000  0.10283114E-05  0.24461431E-05  0.70099133E-05   863.99999963   -23307.68520246
    5740   11.48000000  0.90130084E-06  0.24425655E-05  0.67529841E-05   863.99999963   -23307.68520220
    5750   11.50000000  0.77017359E-06  0.24172877E-05  0.64887959E-05   863.99999963   -23307.68520195
    5760   11.52000000  0.63615316E-06  0.23704180E-05  0.62309151E-05   863.99999963   -23307.68520169
    5770   11.54000000  0.50050501E-06  0.23023513E-05  0.59921362E-05   863.99999963   -23307.68520143
    5780   11.56000000  0.36450769E-06  0.22137561E-05  0.57840703E-05   863.99999963   -23307.68520116
    5790   11.58000000  0.22942381E-06  0.21055592E-05  0.56167699E-05   863.99999963   -23307.68520089
    5800   11.60000000  0.96471062E-07  0.19789270E-05  0.54984038E-05   863.99999963   -23307.68520062
    5810   11.62000000 -0.33203912E-07  0.18352452E-05  0.54349938E-05   863.99999963   -23307.68520035
    5820   11.64000000 -0.15854909E-06  0.16760959E-05  0.54302225E-05   863.99999963   -23307.68520008
    5830   11.66000000 -0.27862577E-06  0.15032351E-05  0.54853212E-05   863.99999963   -23307.68519981
    5840   11.68000000 -0.39262207E-06  0.13185685E-05  0.55990391E-05   863.99999962   -23307.68519955
    5850   11.70000000 -0.49986077E-06  0.11241274E-05  0.57676957E-05   863.99999962   -23307.68519930
    5860   11.72000000 -0.59980046E-06  0.92204466E-06  0.59853142E-05   863.99999962   -23307.68519905
    5870   11.74000000 -0.69203154E-06  0.71453004E-06  0.62438277E-05   863.99999962   -23307.68519881
    5880   11.76000000 -0.77626592E-06  0.50384579E-06  0.65333542E-05   863.99999962   -23307.68519858
    5890   11.78000000 -0.85232291E-06  0.29228197E-06  0.68425251E-05   863.99999962   -23307.68519836
    5900   11.80000000 -0.92011104E-06  0.82131283E-07  0.71588585E-05   863.99999962   -23307.68519814
    5910   11.82000000 -0.97960865E-06 -0.12433682E-06  0.74691623E-05   863.99999962   -23307.68519793
    5920   11.84000000 -0.10308434E-05 -0.32490316E-06  0.77599542E-05   863.99999962   -23307.68519772
    5930   11.86000000 -0.10738722E-05 -0.51742735E-06  0.80178840E-05   863.99999962   -23307.68519750
    5940   11.88000000 -0.11087647E-05 -0.69987683E-06  0.82301451E-05   863.99999962   -23307.68519729
    5950   11.90000000 -0.11355881E-05 -0.87035805E-06  0.83848627E-05   863.99999962   -23307.68519707
    5960   11.92000000 -0.11543979E-05 -0.10271475E-05  0.84714463E-05   863.99999962   -23307.68519685
    5970   11.94000000 -0.11652310E-05 -0.11687230E-05  0.84808958E-05   863.99999962   -23307.68519662
    5980   11.96000000 -0.11681050E-05 -0.12937934E-05  0.84060557E-05   863.99999962   -23307.68519639
    5990   11.98000000 -0.11630208E-05 -0.14013268E-05  0.82418069E-05   863.99999961   -23307.68519616
    6000   12.00000000 -0.11499693E-05 -0.14905743E-05  0.79851954E-05   863.99999961   -23307.68519592
    6010   12.02000000 -0.11289418E-05 -0.15610888E-05  0.76354934E-05   863.99999961   -23307.68519568
    6020   12.04000000 -0.10999422E-05 -0.16127381E-05  0.71941970E-05   863.99999961   -23307.68519544
    6030   12.06000000 -0.10630012E-05 -0.16457103E-05  0.66649595E-05   863.99999961   -23307.68519521
    6040   12.08000000 -0.10181909E-05 -0.16605103E-05  0.60534696E-05   863.99999961   -23307.68519498
    6050   12.10000000 -0.96563855E-06 -0.16579495E-05  0.53672786E-05   863.99999961   -23307.68519475
    6060   12.12000000 -0.90553927E-06 -0.16391251E-05  0.46155858E-05   863.99999961   -23307.68519453
    6070   12.14000000 -0.83816526E-06 -0.16053924E-05  0.38089928E-05   863.99999961   -23307.68519431
    6080   12.16000000 -0.76387349E-06 -0.15583297E-05  0.29592326E-05   863.99999961   -23307.68519410
    6090   12.18000000 -0.68310883E-06 -0.14996959E-05  0.20788860E-05   863.99999961   -23307.68519389
    6100   12.20000000 -0.59640411E-06 -0.14313845E-05  0.11810924E-05   863.99999961   -23307.68519369
    6110   12.22000000 -0.50437741E-06 -0.13553728E-05  0.27926121E-06   863.99999961   -23307.68519348
    6120   12.24000000 -0.40772565E-06 -0.12736706E-05 -0.61320609E-06   863.99999961   -23307.68519328
    6130   12.26000000 -0.30721637E-06 -0.11882679E-05 -0.14831817E-05   863.99999961   -23307.68519308
    6140   12.28000000 -0.20367760E-06 -0.11010848E-05 -0.23180583E-05   863.99999960   -23307.68519288
    6150   12.30000000 -0.97987277E-07 -0.10139244E-05 -0.31059724E-05   863.99999960   -23307.68519267
    6160   12.32000000  0.89385369E-08 -0.92843024E-06 -0.38360042E-05   863.99999960   -23307.68519246
    6170   12.34000000  0.11615667E-06 -0.84604972E-06 -0.44983483E-05   863.99999960   -23307.68519225
    6180   12.36000000  0.22270892E-06 -0.76800484E-06 -0.50844555E-05   863.99999960   -23307.68519203
    6190   12.38000000  0.32763376E-06 -0.69526944E-06 -0.55871448E-05   863.99999960   -23307.68519181
    6200   12.40000000  0.42997831E-06 -0.62855522E-06 -0.60006823E-05   863.99999960   -23307.68519159
    6210   12.42000000  0.52881080E-06 -0.56830583E-06 -0.63208311E-05   863.99999960   -23307.68519137
    6220   12.44000000  0.62323345E-06 -0.51469892E-06 -0.65448685E-05   863.99999960   -23307.68519114
    6230   12.46000000  0.71239562E-06 -0.46765516E-06 -0.66715753E-05   863.99999960   -23307.68519091
    6240   12.48000000  0.79550748E-06 -0.42685497E-06 -0.67011978E-05   863.99999960   -23307.68519068
    6250   12.50000000  0.87185290E-06 -0.39176040E-06 -0.66353847E-05   863.99999960   -23307.68519046
    6260   12.52000000  0.94080171E-06 -0.36164271E-06 -0.64771031E-05   863.99999960   -23307.68519023
    6270   12.54000000  0.10018195E-05 -0.33561307E-06 -0.62305359E-05   863.99999960   -23307.68519000
    6280   12.56000000  0.10544750E-05 -0.31265629E-06 -0.59009645E-05   863.99999960   -23307.68518978
    6290   12.58000000  0.10984445E-05 -0.29166676E-06 -0.54946414E-05   863.99999959   -23307.68518956
    6300   12.60000000  0.11335121E-05 -0.27148419E-06 -0.50186541E-05   863.99999959   -23307.68518934
    6310   12.62000000  0.11595665E-05 -0.25092979E-06 -0.44807849E-05   863.99999959   -23307.68518913
    6320   12.64000000  0.11765952E-05 -0.22884153E-06 -0.38893696E-05   863.99999959   -23307.68518892
    6330   12.66000000  0.11846744E-05 -0.20410733E-06 -0.32531559E-05   863.99999959   -23307.68518871
    6340   12.68000000  0.11839587E-05 -0.17569660E-06 -0.25811650E-05   863.99999959   -23307.68518851
    6350   12.70000000  0.11746689E-05 -0.14268984E-06 -0.18825577E-05   863.99999959   -23307.68518832
    6360   12.72000000  0.11570820E-05 -0.10430446E-06 -0.11665058E-05   863.99999959   -23307.68518812
    6370   12.74000000  0.11315213E-05 -0.59917481E-07 -0.44207035E-06   863.99999959   -23307.68518794
    6380   12.76000000  0.10983496E-05 -0.90844150E-08  0.28191296E-06   863.99999959   -23307.68518775
    6390   12.78000000  0.10579649E-05  0.48446235E-07  0.99693890E-06   863.99999959   -23307.68518757
    6400   12.80000000  0.10108000E-05  0.11272404E-06  0.16949292E-05   863.99999959   -23307.68518739
    6410   12.82000000  0.95732465E-06  0.18359194E-06  0.23683182E-05   863.99999959   -23307.68518721
    6420   12.84000000  0.89804977E-06  0.26068855E-06  0.30101262E-05   863.99999959   -23307.68518702
    6430   12.86000000  0.83353382E-06  0.34345602E-06  0.36140214E-05   863.99999959   -23307.68518684
    6440   12.88000000  0.76438904E-06  0.43115372E-06  0.41743682E-05   863.99999958   -23307.68518665
    6450   12.90000000  0.69128761E-06  0.52287752E-06  0.46862618E-05   863.99999958   -23307.68518646
    6460   12.92000000  0.61496573E-06  0.61758369E-06  0.51455502E-05   863.99999958   -23307.68518627
    6470   12.94000000  0.53622464E-06  0.71411689E-06  0.55488430E-05   863.99999958   -23307.68518608
    6480   12.96000000  0.45592805E-06  0.81124129E-06  0.58935092E-05   863.99999958   -23307.68518588
    6490   12.98000000  0.37499530E-06  0.90767199E-06  0.61776660E-05   863.99999958   -23307.68518569
    6500   13.00000000  0.29438970E-06  0.10021071E-05  0.64001598E-05   863.99999958   -23307.68518549
    6510   13.02000000  0.21510266E-06  0.10932579E-05  0.65605410E-05   863.99999958   -23307.68518530
    6520   13.04000000  0.13813336E-06  0.11798765E-05  0.66590381E-05   863.99999958   -23307.68518510
    6530   13.06000000  0.64465460E-07  0.12607797E-05  0.66965269E-05   863.99999958   -23307.68518491
    6540   13.08000000 -0.49589556E-08  0.13348690E-05  0.66745017E-05   863.99999958   -23307.68518472
    6550   13.10000000 -0.69266067E-07  0.14011456E-05  0.65950443E-05   863.99999958   -23307.68518452
    6560   13.12000000 -0.12767756E-06  0.14587215E-05  0.64607933E-05   863.99999958   -23307.68518434
    6570   13.14000000 -0.17953562E-06  0.15068263E-05  0.62749116E-05   863.99999958   -23307.68518415
    6580   13.16000000 -0.22432571E-06  0.15448102E-05  0.60410503E-05   863.99999958   -23307.68518396
    6590   13.18000000 -0.26169551E-06  0.15721450E-05  0.57633095E-05   863.99999957   -23307.68518378
    6600   13.20000000 -0.29146865E-06  0.15884226E-05  0.54461925E-05   863.99999957   -23307.68518360
    6610   13.22000000 -0.31365317E-06  0.15933524E-05  0.50945548E-05   863.99999957   -23307.68518342
    6620   13.24000000 -0.32844301E-06  0.15867578E-05  0.47135445E-05   863.99999957   -23307.68518324
    6630   13.26000000 -0.33621409E-06  0.15685732E-05  0.43085386E-05   863.99999957   -23307.68518305
    6640   13.28000000 -0.33751337E-06  0.15388406E-05  0.38850721E-05   863.99999957   -23307.68518287
    6650   13.30000000 -0.33304156E-06  0.14977073E-05  0.34487643E-05   863.99999957   -23307.68518269
    6660   13.32000000 -0.32363029E-06  0.14454238E-05  0.30052440E-05   863.99999957   -23307.68518251
    6670   13.34000000 -0.31021427E-06  0.13823428E-05  0.25600739E-05   863.99999957   -23307.68518232
    6680   13.36000000 -0.29379974E-06  0.13089180E-05  0.21186805E-05   863.99999957   -23307.68518214
    6690   13.38000000 -0.27543022E-06  0.12257041E-05  0.16862872E-05   863.99999957   -23307.68518195
    6700   13.40000000 -0.25615135E-06  0.11333566E-05  0.12678560E-05   863.99999957   -23307.68518177
    6710   13.42000000 -0.23697548E-06  0.10326308E-05  0.86803638E-06   863.99999957   -23307.68518158
    6720   13.44000000 -0.21884827E-06  0.92438164E-06  0.49112230E-06   863.99999957   -23307.68518140
    6730   13.46000000 -0.20261874E-06  0.80956034E-06  0.14101639E-06   863.99999957   -23307.68518122
    6740   13.48000000 -0.18901288E-06  0.68921133E-06 -0.17879815E-06   863.99999956   -23307.68518103
    6750   13.50000000 -0.17861338E-06  0.56446589E-06 -0.46528204E-06   863.99999956   -23307.68518085
    6760   13.52000000 -0.17184435E-06  0.43653344E-06 -0.71586003E-06   863.99999956   -23307.68518067
    6770   13.54000000 -0.16896193E-06  0.30668946E-06 -0.92843975E-06   863.99999956   -23307.68518049
    6780   13.56000000 -0.17005177E-06  0.17626085E-06 -0.11014288E-05   863.99999956   -23307.68518032
    6790   13.58000000 -0.17503131E-06  0.46607528E-07 -0.12337522E-05   863.99999956   -23307.68518014
    6800   13.60000000 -0.18365677E-06 -0.80899010E-07 -0.13248680E-05   863.99999956   -23307.68517996
    6810   13.62000000 -0.19553573E-06 -0.20489905E-06 -0.13747813E-05   863.99999956   -23307.68517978
    6820   13.64000000 -0.21014156E-06 -0.32407012E-06 -0.13840531E-05   863.99999956   -23307.68517961
    6830   13.66000000 -0.22683245E-06 -0.43715236E-06 -0.13538045E-05   863.99999956   -23307.68517943
    6840   13.68000000 -0.24487178E-06 -0.54297407E-06 -0.12857110E-05   863.99999956   -23307.68517925
    6850   13.70000000 -0.26345038E-06 -0.64047458E-06 -0.11819863E-05   863.99999956   -23307.68517907
    6860   13.72000000 -0.28170992E-06 -0.72872526E-06 -0.10453543E-05   863.99999956   -23307.68517890
    6870   13.74000000 -0.29876706E-06 -0.80694558E-06 -0.87900762E-06   863.99999956   -23307.68517872
    6880   13.76000000 -0.31373875E-06 -0.87451553E-06 -0.68655309E-06   863.99999956   -23307.68517854
    6890   13.78000000 -0.32576653E-06 -0.93098286E-06 -0.47194691E-06   863.99999955   -23307.68517836
    6900   13.80000000 -0.33404232E-06 -0.97606576E-06 -0.23941975E-06   863.99999955   -23307.68517819
    6910   13.82000000 -0.33783211E-06 -0.10096500E-05  0.66044667E-08   863.99999955   -23307.68517801
    6920   13.84000000 -0.33649965E-06 -0.10317826E-05  0.26159325E-06   863.99999955   -23307.68517784
    6930   13.86000000 -0.32952780E-06 -0.10426616E-05  0.52098886E-06   863.99999955   -23307.68517767
    6940   13.88000000 -0.31653802E-06 -0.10426228E-05  0.78029008E-06   863.99999955   -23307.68517749
    6950   13.90000000 -0.29730629E-06 -0.10321255E-05  0.10351267E-05   863.99999955   -23307.68517732
    6960   13.92000000 -0.27177463E-06 -0.10117369E-05  0.12813272E-05   863.99999955   -23307.68517715
    6970   13.94000000 -0.24005817E-06 -0.98211624E-06  0.15149775E-05   863.99999955   -23307.68517698
    6980   13.96000000 -0.20244554E-06 -0.94399981E-06  0.17324709E-05   863.99999955   -23307.68517680
    6990   13.98000000 -0.15939396E-06 -0.89818765E-06  0.19305482E-05   863.99999955   -23307.68517663
    7000   14.00000000 -0.11151669E-06 -0.84553124E-06  0.21063306E-05   863.99999955   -23307.68517646
    7010   14.02000000 -0.59564846E-07 -0.78692336E-06  0.22573448E-05   863.99999955   -23307.68517628
    7020   14.04000000 -0.44030257E-08 -0.72328886E-06  0.23815416E-05   863.99999955   -23307.68517611
    7030   14.06000000  0.53019737E-07 -0.65557694E-06  0.24773095E-05   863.99999955   -23307.68517594
    7040   14.08000000  0.11170220E-06 -0.58475329E-06  0.25434835E-05   863.99999954   -23307.68517577
    7050   14.10000000  0.17062492E-06 -0.51179272E-06  0.25793495E-05   863.99999954   -23307.68517560
    7060   14.12000000  0.22878379E-06 -0.43767048E-06  0.25846449E-05   863.99999954   -23307.68517543
    7070   14.14000000  0.28522142E-06 -0.36335282E-06  0.25595562E-05   863.99999954   -23307.68517526
    7080   14.16000000  0.33905421E-06 -0.28978596E-06  0.25047106E-05   863.99999954   -23307.68517509
    7090   14.18000000  0.38949471E-06 -0.21788278E-06  0.24211662E-05   863.99999954   -23307.68517493
    7100   14.20000000  0.43586732E-06 -0.14850925E-06  0.23103959E-05   863.99999954   -23307.68517476
    7110   14.22000000  0.47761808E-06 -0.82468545E-07  0.21742671E-05   863.99999954   -23307.68517460
    7120   14.24000000  0.51431789E-06 -0.20485701E-07  0.20150180E-05   863.99999954   -23307.68517444
    7130   14.26000000  0.54565977E-06  0.36808055E-07  0.18352264E-05   863.99999954   -23307.68517428
    7140   14.28000000  0.57145240E-06  0.88889551E-07  0.16377755E-05   863.99999954   -23307.68517412
    7150   14.30000000  0.59160969E-06  0.13535563E-06  0.14258124E-05   863.99999954   -23307.68517396
    7160   14.32000000  0.60613912E-06  0.17593230E-06  0.12027014E-05   863.99999954   -23307.68517381
    7170   14.34000000  0.61512883E-06  0.21048002E-06  0.97197322E-06   863.99999954   -23307.68517365
    7180   14.36000000  0.61873522E-06  0.23899460E-06  0.73726718E-06   863.99999954   -23307.68517349
    7190   14.38000000  0.61717177E-06  0.26160339E-06  0.50227167E-06   863.99999953   -23307.68517334
    7200   14.40000000  0.61069931E-06  0.27855738E-06  0.27066112E-06   863.99999953   -23307.68517318
    7210   14.42000000  0.59961802E-06  0.29021864E-06  0.46032979E-07   863.99999953   -23307.68517302
    7220   14.44000000  0.58426057E-06  0.29704481E-06 -0.16815376E-06   863.99999953   -23307.68517286
    7230   14.46000000  0.56498740E-06  0.29957071E-06 -0.36863635E-06   863.99999953   -23307.68517271
    7240   14.48000000  0.54218227E-06  0.29838947E-06 -0.55239952E-06   863.99999953   -23307.68517255
    7250   14.50000000  0.51624863E-06  0.29413266E-06 -0.71671988E-06   863.99999953   -23307.68517239
    7260   14.52000000  0.48760625E-06  0.28745245E-06 -0.85920132E-06   863.99999953   -23307.68517223
    7270   14.54000000  0.45668787E-06  0.27900484E-06 -0.97780169E-06   863.99999953   -23307.68517207
    7280   14.56000000  0.42393549E-06  0.26943623E-06 -0.10708503E-05   863.99999953   -23307.68517191
    7290   14.58000000  0.38979606E-06  0.25937216E-06 -0.11370588E-05   863.99999953   -23307.68517175
    7300   14.60000000  0.35471719E-06  0.24940910E-06 -0.11755260E-05   863.99999953   -23307.68517159
    7310   14.62000000  0.31914221E-06  0.24010874E-06 -0.11857374E-05   863.99999953   -23307.68517143
    7320   14.64000000  0.28350447E-06  0.23199385E-06 -0.11675639E-05   863.99999953   -23307.68517127
    7330   14.66000000  0.24822184E-06  0.22554536E-06 -0.11212571E-05   863.99999953   -23307.68517111
    7340   14.68000000  0.21369104E-06  0.22120016E-06 -0.10474463E-05   863.99999952   -23307.68517095
    7350   14.70000000  0.18028163E-06  0.21934890E-06 -0.94713255E-06   863.99999952   -23307.68517079
    7360   14.72000000  0.14833026E-06  0.22033326E-06 -0.82168346E-06   863.99999952   -23307.68517063
    7370   14.74000000  0.11813557E-06  0.22444333E-06 -0.67282395E-06   863.99999952   -23307.68517047
    7380   14.76000000  0.89953431E-07  0.23191443E-06 -0.50262365E-06   863.99999952   -23307.68517031
    7390   14.78000000  0.63993114E-07  0.24292365E-06 -0.31347860E-06   863.99999952   -23307.68517015
    7400   14.80000000  0.40414185E-07  0.25758711E-06 -0.10808560E-06   863.99999952   -23307.68516998
    7410   14.82000000  0.19324685E-07  0.27595660E-06  0.11059128E-06   863.99999952   -23307.68516982
    7420   14.84000000  0.78000991E-09  0.29801778E-06  0.33936275E-06   863.99999952   -23307.68516966
    7430   14.86000000 -0.15216387E-07  0.32368789E-06  0.57486413E-06   863.99999952   -23307.68516950
    7440   14.88000000 -0.28711905E-07  0.35281506E-06  0.81361217E-06   863.99999952   -23307.68516933
    7450   14.90000000 -0.39802153E-07  0.38517786E-06  0.10520668E-05   863.99999952   -23307.68516917
    7460   14.92000000 -0.48627587E-07  0.42048531E-06  0.12866956E-05   863.99999952   -23307.68516901
    7470   14.94000000 -0.55369364E-07  0.45837820E-06  0.15140394E-05   863.99999952   -23307.68516886
    7480   14.96000000 -0.60244873E-07  0.49843011E-06  0.17307754E-05   863.99999952   -23307.68516870
    7490   14.98000000 -0.63501963E-07  0.54015088E-06  0.19337768E-05   863.99999951   -23307.68516855
    7500   15.00000000 -0.65414017E-07  0.58299089E-06  0.21201672E-05   863.99999951   -23307.68516840
    7510   15.02000000 -0.66273843E-07  0.62634648E-06  0.22873679E-05   863.99999951   -23307.68516825
    7520   15.04000000 -0.66388239E-07  0.66956844E-06  0.24331375E-05   863.99999951   -23307.68516810
    7530   15.06000000 -0.66072372E-07  0.71197111E-06  0.25556041E-05   863.99999951   -23307.68516795
    7540   15.08000000 -0.65644544E-07  0.75284448E-06  0.26532893E-05   863.99999951   -23307.68516780
    7550   15.10000000 -0.65421127E-07  0.79146774E-06  0.27251238E-05   863.99999951   -23307.68516765
    7560   15.12000000 -0.65711917E-07  0.82712313E-06  0.27704556E-05   863.99999951   -23307.68516750
    7570   15.14000000 -0.66815740E-07  0.85911068E-06  0.27890499E-05   863.99999951   -23307.68516735
    7580   15.16000000 -0.69016181E-07  0.88676271E-06  0.27810816E-05   863.99999951   -23307.68516720
    7590   15.18000000 -0.72577109E-07  0.90945632E-06  0.27471204E-05   863.99999951   -23307.68516705
    7600   15.20000000 -0.77738967E-07  0.92662471E-06  0.26881084E-05   863.99999951   -23307.68516690
    7610   15.22000000 -0.84713481E-07  0.93776560E-06  0.26053305E-05   863.99999951   -23307.68516674
    7620   15.24000000 -0.93679470E-07  0.94244824E-06  0.25003796E-05   863.99999951   -23307.68516659
    7630   15.26000000 -0.10477754E-06  0.94031694E-06  0.23751153E-05   863.99999951   -23307.68516644
    7640   15.28000000 -0.11810499E-06  0.93109400E-06  0.22316193E-05   863.99999950   -23307.68516629
    7650   15.30000000 -0.13371114E-06  0.91458085E-06  0.20721483E-05   863.99999950   -23307.68516614
    7660   15.32000000 -0.15159280E-06  0.89065919E-06  0.18990856E-05   863.99999950   -23307.68516599
    7670   15.34000000 -0.17169115E-06  0.85929246E-06  0.17148929E-05   863.99999950   -23307.68516584
    7680   15.36000000 -0.19388919E-06  0.82052833E-06  0.15220656E-05   863.99999950   -23307.68516569
    7690   15.38000000 -0.21801139E-06  0.77450243E-06  0.13230899E-05   863.99999950   -23307.68516554
    7700   15.40000000 -0.24382497E-06  0.72144253E-06  0.11204061E-05   863.99999950   -23307.68516540
    7710   15.42000000 -0.27104260E-06  0.66167358E-06  0.91637607E-06   863.99999950   -23307.68516525
    7720   15.44000000 -0.29932770E-06  0.59562286E-06  0.71325705E-06   863.99999950   -23307.68516510
    7730   15.46000000 -0.32830083E-06  0.52382422E-06  0.51318028E-06   863.99999950   -23307.68516495
    7740   15.48000000 -0.35754755E-06  0.44692001E-06  0.31813560E-06   863.99999950   -23307.68516480
    7750   15.50000000 -0.38662752E-06  0.36566076E-06  0.12996101E-06   863.99999950   -23307.68516466
    7760   15.52000000 -0.41508347E-06  0.28090139E-06 -0.49664357E-07   863.99999950   -23307.68516451
    7770   15.54000000 -0.44245153E-06  0.19359383E-06 -0.21922287E-06   863.99999950   -23307.68516436
    7780   15.56000000 -0.46827018E-06  0.10477641E-06 -0.37735915E-06   863.99999950   -23307.68516421
    7790   15.58000000 -0.49208974E-06  0.15559702E-07 -0.52287842E-06   863.99999949   -23307.68516406
    7800   15.60000000 -0.51348005E-06 -0.72890684E-07 -0.65474405E-06   863.99999949   -23307.68516390
    7810   15.62000000 -0.53203779E-06 -0.15937279E-06 -0.77207382E-06   863.99999949   -23307.68516375
    7820   15.64000000 -0.54739215E-06 -0.24266914E-06 -0.87413717E-06   863.99999949   -23307.68516360
    7830   15.66000000 -0.55920970E-06 -0.32156803E-06 -0.96035213E-06   863.99999949   -23307.68516344
    7840   15.68000000 -0.56719750E-06 -0.39488568E-06 -0.10302838E-05   863.99999949   -23307.68516328
    7850   15.70000000 -0.57110473E-06 -0.46148834E-06 -0.10836431E-05   863.99999949   -23307.68516313
    7860   15.72000000 -0.57072325E-06 -0.52031465E-06 -0.11202869E-05   863.99999949   -23307.68516297
    7870   15.74000000 -0.56588643E-06 -0.57039768E-06 -0.11402180E-05   863.99999949   -23307.68516281
    7880   15.76000000 -0.55646725E-06 -0.61088679E-06 -0.11435861E-05   863.99999949   -23307.68516266
    7890   15.78000000 -0.54237474E-06 -0.64107025E-06 -0.11306878E-05   863.99999949   -23307.68516250
    7900   15.80000000 -0.52355003E-06 -0.66039568E-06 -0.11019652E-05   863.99999949   -23307.68516235
    7910   15.82000000 -0.49996236E-06 -0.66849088E-06 -0.10580028E-05   863.99999949   -23307.68516220
    7920   15.84000000 -0.47160448E-06 -0.66518117E-06 -0.99952173E-06   863.99999949   -23307.68516205
    7930   15.86000000 -0.43848955E-06 -0.65050472E-06 -0.92737078E-06   863.99999949   -23307.68516190
    7940   15.88000000 -0.40064884E-06 -0.62472303E-06 -0.84251519E-06   863.99999948   -23307.68516176
    7950   15.90000000 -0.35813157E-06 -0.58832529E-06 -0.74602181E-06   863.99999948   -23307.68516161
    7960   15.92000000 -0.31100674E-06 -0.54202660E-06 -0.63904199E-06   863.99999948   -23307.68516147
    7970   15.94000000 -0.25936806E-06 -0.48675743E-06 -0.52279387E-06   863.99999948   -23307.68516133
    7980   15.96000000 -0.20334093E-06 -0.42364549E-06 -0.39854311E-06   863.99999948   -23307.68516118
    7990   15.98000000 -0.14309236E-06 -0.35398908E-06 -0.26758486E-06   863.99999948   -23307.68516103
    8000   16.00000000 -0.78842496E-07 -0.27922284E-06 -0.13122663E-06   863.99999948   -23307.68516089
    8010   16.02000000 -0.10877720E-07 -0.20087689E-06  0.92263082E-08   863.99999948   -23307.68516074
    8020   16.04000000  0.60436888E-07 -0.12053186E-06  0.15248316E-06   863.99999948   -23307.68516058
    8030   16.06000000  0.13464557E-06 -0.39771622E-07  0.29727731E-06   863.99999948   -23307.68516043
    8040   16.08000000  0.21119259E-06  0.39864647E-07  0.44237370E-06   863.99999948   -23307.68516027
    8050   16.10000000  0.28941751E-06  0.11692735E-06  0.58657347E-06   863.99999948   -23307.68516011
    8060   16.12000000  0.36855452E-06  0.19009671E-06  0.72871845E-06   863.99999948   -23307.68515996
    8070   16.14000000  0.44773756E-06  0.25821697E-06  0.86769331E-06   863.99999948   -23307.68515980
    8080   16.16000000  0.52601168E-06  0.32032219E-06  0.10024278E-05   863.99999948   -23307.68515964
    8090   16.18000000  0.60235064E-06  0.37565373E-06  0.11318995E-05   863.99999947   -23307.68515948
    8100   16.20000000  0.67567887E-06  0.42366800E-06  0.12551353E-05   863.99999947   -23307.68515933
    8110   16.22000000  0.74489870E-06  0.46403662E-06  0.13712136E-05   863.99999947   -23307.68515917
    8120   16.24000000  0.80891987E-06  0.49663728E-06  0.14792667E-05   863.99999947   -23307.68515902
    8130   16.26000000  0.86669075E-06  0.52153822E-06  0.15784824E-05   863.99999947   -23307.68515887
    8140   16.28000000  0.91722916E-06  0.53897703E-06  0.16681060E-05   863.99999947   -23307.68515872
    8150   16.30000000  0.95965128E-06  0.54933510E-06  0.17474408E-05   863.99999947   -23307.68515857
    8160   16.32000000  0.99319736E-06  0.55310948E-06  0.18158498E-05   863.99999947   -23307.68515842
    8170   16.34000000  0.10172532E-05  0.55088375E-06  0.18727559E-05   863.99999947   -23307.68515827
    8180   16.36000000  0.10313665E-05  0.54329876E-06  0.19176432E-05   863.99999947   -23307.68515813
    8190   16.38000000  0.10352582E-05  0.53102507E-06  0.19500593E-05   863.99999947   -23307.68515797
    8200   16.40000000  0.10288285E-05  0.51473818E-06  0.19696175E-05   863.99999947   -23307.68515782
    8210   16.42000000  0.10121572E-05  0.49509730E-06  0.19760024E-05   863.99999947   -23307.68515767
    8220   16.44000000  0.98549969E-06  0.47272768E-06  0.19689762E-05   863.99999947   -23307.68515751
    8230   16.46000000  0.94927954E-06  0.44820810E-06  0.19483873E-05   863.99999947   -23307.68515736
    8240   16.48000000  0.90407688E-06  0.42206225E-06  0.19141810E-05   863.99999946   -23307.68515720
    8250   16.50000000  0.85061431E-06  0.39475515E-06  0.18664122E-05   863.99999946   -23307.68515704
    8260   16.52000000  0.78974091E-06  0.36669369E-06  0.18052588E-05   863.99999946   -23307.68515689
    8270   16.54000000  0.72241442E-06  0.33823119E-06  0.17310350E-05   863.99999946   -23307.68515673
    8280   16.56000000  0.64968212E-06  0.30967450E-06  0.16442048E-05   863.99999946   -23307.68515658
    8290   16.58000000  0.57266110E-06  0.28129358E-06  0.15453928E-05   863.99999946   -23307.68515643
    8300   16.60000000  0.49251807E-06  0.25333253E-06  0.14353929E-05   863.99999946   -23307.68515627
    8310   16.62000000  0.41044868E-06  0.22602072E-06  0.13151733E-05   863.99999946   -23307.68515612
    8320   16.64000000  0.32765660E-06  0.19958360E-06  0.11858764E-05   863.99999946   -23307.68515597
    8330   16.66000000  0.24533240E-06  0.17425136E-06  0.10488142E-05   863.99999946   -23307.68515582
    8340   16.68000000  0.16463297E-06  0.15026527E-06  0.90545899E-06   863.99999946   -23307.68515567
    8350   16.70000000  0.86661218E-07  0.12788046E-06  0.75742716E-06   863.99999946   -23307.68515552
    8360   16.72000000  0.12446494E-07  0.10736564E-06  0.60645986E-06   863.99999946   -23307.68515537
    8370   16.74000000 -0.57074145E-07  0.88998986E-07  0.45439751E-06   863.99999946   -23307.68515522
    8380   16.76000000 -0.12107282E-06  0.73061458E-07  0.30315094E-06   863.99999946   -23307.68515507
    8390   16.78000000 -0.17884629E-06  0.59827105E-07  0.15466944E-06   863.99999945   -23307.68515492
    8400   16.80000000 -0.22982801E-06  0.49552661E-07  0.10906207E-07   863.99999945   -23307.68515477
    8410   16.82000000 -0.27359791E-06  0.42467066E-07 -0.12621772E-06   863.99999945   -23307.68515462
    8420   16.84000000 -0.30988771E-06  0.38761337E-07 -0.25485023E-06   863.99999945   -23307.68515447
    8430   16.86000000 -0.33858283E-06  0.38581845E-07 -0.37324491E-06   863.99999945   -23307.68515433
    8440   16.88000000 -0.35971994E-06  0.42024872E-07 -0.47979687E-06   863.99999945   -23307.68515418
    8450   16.90000000 -0.37347976E-06  0.49134912E-07 -0.57307727E-06   863.99999945   -23307.68515403
    8460   16.92000000 -0.38017647E-06  0.59905775E-07 -0.65186493E-06   863.99999945   -23307.68515389
    8470   16.94000000 -0.38024311E-06  0.74283064E-07 -0.71517595E-06   863.99999945   -23307.68515375
    8480   16.96000000 -0.37421421E-06  0.92169155E-07 -0.76228845E-06   863.99999945   -23307.68515360
    8490   16.98000000 -0.36270714E-06  0.11342767E-06 -0.79276319E-06   863.99999945   -23307.68515346
    8500   17.00000000 -0.34640167E-06  0.13788708E-06 -0.80645784E-06   863.99999945   -23307.68515331
    8510   17.02000000 -0.32601944E-06  0.16534317E-06 -0.80353472E-06   863.99999945   -23307.68515317
    8520   17.04000000 -0.30230394E-06  0.19555911E-06 -0.78446147E-06   863.99999945   -23307.68515302
    8530   17.06000000 -0.27600235E-06  0.22826312E-06 -0.75000271E-06   863.99999945   -23307.68515287
    8540   17.08000000 -0.24784826E-06  0.26314436E-06 -0.70120310E-06   863.99999945   -23307.68515272
    8550   17.10000000 -0.21854695E-06  0.29984642E-06 -0.63936243E-06   863.99999944   -23307.68515257
    8560   17.12000000 -0.18876217E-06  0.33796079E-06 -0.56600196E-06   863.99999944   -23307.68515241
    8570   17.14000000 -0.15910596E-06  0.37702012E-06 -0.48282391E-06   863.99999944   -23307.68515226
    8580   17.16000000 -0.13012950E-06  0.41649347E-06 -0.39166582E-06   863.99999944   -23307.68515210
    8590   17.18000000 -0.10231756E-06  0.45578381E-06 -0.29445024E-06   863.99999944   -23307.68515194
    8600   17.20000000 -0.76083338E-07  0.49422847E-06 -0.19313399E-06   863.99999944   -23307.68515179
    8610   17.22000000 -0.51766603E-07  0.53110423E-06 -0.89657540E-07   863.99999944   -23307.68515163
    8620   17.24000000 -0.29632828E-07  0.56563614E-06  0.14101815E-07   863.99999944   -23307.68515148
    8630   17.26000000 -0.98747349E-08  0.59701097E-06  0.11637220E-06   863.99999944   -23307.68515132
    8640   17.28000000  0.73844623E-08  0.62439412E-06  0.21552215E-06   863.99999944   -23307.68515117
    8650   17.30000000  0.22086953E-07  0.64695070E-06  0.31008782E-06   863.99999944   -23307.68515103
    8660   17.32000000  0.34234313E-07  0.66386773E-06  0.39879173E-06   863.99999944   -23307.68515088
    8670   17.34000000  0.43880967E-07  0.67437897E-06  0.48055344E-06   863.99999944   -23307.68515073
    8680   17.36000000  0.51126343E-07  0.67778924E-06  0.55449191E-06   863.99999944   -23307.68515059
    8690   17.38000000  0.56106091E-07  0.67349852E-06  0.61992176E-06   863.99999944   -23307.68515045
    8700   17.40000000  0.58984280E-07  0.66102428E-06  0.67634387E-06   863.99999943   -23307.68515030
    8710   17.42000000  0.59943488E-07  0.64002134E-06  0.72343224E-06   863.99999943   -23307.68515016
    8720   17.44000000  0.59175745E-07  0.61029820E-06  0.76101915E-06   863.99999943   -23307.68515002
    8730   17.46000000  0.56874102E-07  0.57183018E-06  0.78907843E-06   863.99999943   -23307.68514988
    8740   17.48000000  0.53223647E-07  0.52476866E-06  0.80771047E-06   863.99999943   -23307.68514974
    8750   17.50000000  0.48394160E-07  0.46944580E-06  0.81712749E-06   863.99999943   -23307.68514959
    8760   17.52000000  0.42534375E-07  0.40637564E-06  0.81764172E-06   863.99999943   -23307.68514945
    8770   17.54000000  0.35766879E-07  0.33625070E-06  0.80965540E-06   863.99999943   -23307.68514931
    8780   17.56000000  0.28186159E-07  0.25993482E-06  0.79365297E-06   863.99999943   -23307.68514917
    8790   17.58000000  0.19859009E-07  0.17845276E-06  0.77019616E-06   863.99999943   -23307.68514903
    8800   17.60000000  0.10827028E-07  0.92975296E-07  0.73992040E-06   863.99999943   -23307.68514889
    8810   17.62000000  0.11130437E-08  0.48020367E-08  0.70353259E-06   863.99999943   -23307.68514875
    8820   17.64000000 -0.92714572E-08 -0.84659610E-07  0.66181001E-06   863.99999943   -23307.68514861
    8830   17.66000000 -0.20315600E-07 -0.17391868E-06  0.61559962E-06   863.99999943   -23307.68514847
    8840   17.68000000 -0.31998216E-07 -0.26142722E-06  0.56581641E-06   863.99999943   -23307.68514833
    8850   17.70000000 -0.44275094E-07 -0.34561023E-06  0.51344027E-06   863.99999942   -23307.68514819
    8860   17.72000000 -0.57067441E-07 -0.42489753E-06  0.45951192E-06   863.99999942   -23307.68514805
    8870   17.74000000 -0.70251453E-07 -0.49775841E-06  0.40512452E-06   863.99999942   -23307.68514791
    8880   17.76000000 -0.83649519E-07 -0.56273712E-06  0.35141354E-06   863.99999942   -23307.68514777
    8890   17.78000000 -0.97025015E-07 -0.61848957E-06  0.29954119E-06   863.99999942   -23307.68514762
    8900   17.80000000 -0.11007957E-06 -0.66381972E-06  0.25067834E-06   863.99999942   -23307.68514748
    8910   17.82000000 -0.12245454E-06 -0.69771458E-06  0.20598125E-06   863.99999942   -23307.68514734
    8920   17.84000000 -0.13373590E-06 -0.71937673E-06  0.16656624E-06   863.99999942   -23307.68514720
    8930   17.86000000 -0.14346362E-06 -0.72825270E-06  0.13348093E-06   863.99999942   -23307.68514705
    8940   17.88000000 -0.15114351E-06 -0.72405575E-06  0.10767499E-06   863.99999942   -23307.68514691
    8950   17.90000000 -0.15626317E-06 -0.70678222E-06  0.89970752E-07   863.99999942   -23307.68514677
    8960   17.92000000 -0.15830995E-06 -0.67671894E-06  0.81036157E-07   863.99999942   -23307.68514662
    8970   17.94000000 -0.15679070E-06 -0.63444302E-06  0.81361765E-07   863.99999942   -23307.68514648
    8980   17.96000000 -0.15125337E-06 -0.58081082E-06  0.91242926E-07   863.99999942   -23307.68514633
    8990   17.98000000 -0.14130828E-06 -0.51693832E-06  0.11076857E-06   863.99999942   -23307.68514618
    9000   18.00000000 -0.12664932E-06 -0.44417177E-06  0.13981770E-06   863.99999941   -23307.68514604
    9010   18.02000000 -0.10707274E-06 -0.36405077E-06  0.17806341E-06   863.99999941   -23307.68514589
    9020   18.04000000 -0.82493937E-07 -0.27826329E-06  0.22498476E-06   863.99999941   -23307.68514575
    9030   18.06000000 -0.52960347E-07 -0.18859731E-06  0.27988507E-06   863.99999941   -23307.68514560
    9040   18.08000000 -0.18660370E-07 -0.96887922E-07  0.34191596E-06   863.99999941   -23307.68514546
    9050   18.10000000  0.20072948E-07 -0.49641229E-08  0.41010515E-06   863.99999941   -23307.68514531
    9060   18.12000000  0.62764020E-07  0.85402645E-07  0.48338691E-06   863.99999941   -23307.68514517
    9070   18.14000000  0.10880247E-06  0.17254642E-06  0.56063216E-06   863.99999941   -23307.68514502
    9080   18.16000000  0.15745616E-06  0.25494969E-06  0.64067864E-06   863.99999941   -23307.68514488
    9090   18.18000000  0.20788960E-06  0.33127812E-06  0.72235792E-06   863.99999941   -23307.68514473
    9100   18.20000000  0.25918669E-06  0.40040787E-06  0.80451931E-06   863.99999941   -23307.68514459
    9110   18.22000000  0.31037666E-06  0.46144377E-06  0.88605006E-06   863.99999941   -23307.68514444
    9120   18.24000000  0.36046250E-06  0.51372797E-06  0.96589173E-06   863.99999941   -23307.68514429
    9130   18.26000000  0.40845044E-06  0.55684051E-06  0.10430517E-05   863.99999941   -23307.68514415
    9140   18.28000000  0.45337788E-06  0.59059153E-06  0.11166115E-05   863.99999941   -23307.68514400
    9150   18.30000000  0.49433995E-06  0.61500710E-06  0.11857315E-05   863.99999940   -23307.68514385
    9160   18.32000000  0.53051308E-06  0.63030987E-06  0.12496518E-05   863.99999940   -23307.68514370
    9170   18.34000000  0.56117422E-06  0.63689550E-06  0.13076914E-05   863.99999940   -23307.68514355
    9180   18.36000000  0.58571512E-06  0.63530727E-06  0.13592452E-05   863.99999940   -23307.68514340
    9190   18.38000000  0.60365184E-06  0.62620932E-06  0.14037780E-05   863.99999940   -23307.68514325
    9200   18.40000000  0.61462874E-06  0.61036085E-06  0.14408189E-05   863.99999940   -23307.68514310
    9210   18.42000000  0.61841778E-06  0.58859064E-06  0.14699544E-05   863.99999940   -23307.68514295
    9220   18.44000000  0.61491368E-06  0.56177397E-06  0.14908221E-05   863.99999940   -23307.68514280
    9230   18.46000000  0.60412609E-06  0.53081087E-06  0.15031052E-05   863.99999940   -23307.68514265
    9240   18.48000000  0.58616847E-06  0.49660652E-06  0.15065281E-05   863.99999940   -23307.68514250
    9250   18.50000000  0.56124635E-06  0.46005345E-06  0.15008557E-05   863.99999940   -23307.68514234
    9260   18.52000000  0.52964484E-06  0.42201543E-06  0.14858939E-05   863.99999940   -23307.68514219
    9270   18.54000000  0.49171691E-06  0.38331245E-06  0.14614948E-05   863.99999940   -23307.68514204
    9280   18.56000000  0.44787290E-06  0.34470669E-06  0.14275636E-05   863.99999940   -23307.68514189
    9290   18.58000000  0.39857251E-06  0.30688968E-06  0.13840693E-05   863.99999940   -23307.68514174
    9300   18.60000000  0.34431774E-06  0.27047064E-06  0.13310579E-05   863.99999939   -23307.68514159
    9310   18.62000000  0.28564905E-06  0.23596697E-06  0.12686660E-05   863.99999939   -23307.68514144
    9320   18.64000000  0.22314292E-06  0.20379611E-06  0.11971363E-05   863.99999939   -23307.68514129
    9330   18.66000000  0.15741096E-06  0.17427116E-06  0.11168329E-05   863.99999939   -23307.68514114
    9340   18.68000000  0.89100252E-07  0.14759885E-06  0.10282532E-05   863.99999939   -23307.68514100
    9350   18.70000000  0.18892430E-07  0.12388210E-06  0.93203965E-06   863.99999939   -23307.68514085
    9360   18.72000000 -0.52496933E-07  0.10312674E-06  0.82898604E-06   863.99999939   -23307.68514071
    9370   18.74000000 -0.12432100E-06  0.85252108E-07  0.72004027E-06   863.99999939   -23307.68514057
    9380   18.76000000 -0.19580629E-06  0.70105207E-07  0.60630240E-06   863.99999939   -23307.68514043
    9390   18.78000000 -0.26615942E-06  0.57477338E-07  0.48901670E-06   863.99999939   -23307.68514029
    9400   18.80000000 -0.33457654E-06  0.47122850E-07  0.36955861E-06   863.99999939   -23307.68514015
    9410   18.82000000 -0.40025465E-06  0.38777313E-07  0.24941483E-06   863.99999939   -23307.68514001
    9420   18.84000000 -0.46240516E-06  0.32175302E-07  0.13015943E-06   863.99999939   -23307.68513986
    9430   18.86000000 -0.52026794E-06  0.27064588E-07  0.13423268E-07   863.99999939   -23307.68513972
    9440   18.88000000 -0.57312660E-06  0.23217266E-07 -0.99140253E-07   863.99999939   -23307.68513957
    9450   18.90000000 -0.62032269E-06  0.20436021E-07 -0.20589298E-06   863.99999938   -23307.68513942
    9460   18.92000000 -0.66126967E-06  0.18556179E-07 -0.30525277E-06   863.99999938   -23307.68513928
    9470   18.94000000 -0.69546532E-06  0.17443026E-07 -0.39573442E-06   863.99999938   -23307.68513913
    9480   18.96000000 -0.72250097E-06  0.16985904E-07 -0.47599018E-06   863.99999938   -23307.68513898
    9490   18.98000000 -0.74206987E-06  0.17089534E-07 -0.54484692E-06   863.99999938   -23307.68513883
    9500   19.00000000 -0.75397218E-06  0.17663826E-07 -0.60133965E-06   863.99999938   -23307.68513868
    9510   19.02000000 -0.75811759E-06  0.18614783E-07 -0.64473896E-06   863.99999938   -23307.68513853
    9520   19.04000000 -0.75452566E-06  0.19836565E-07 -0.67457078E-06   863.99999938   -23307.68513839
    9530   19.06000000 -0.74332416E-06  0.21206156E-07 -0.69062795E-06   863.99999938   -23307.68513824
    9540   19.08000000 -0.72474521E-06  0.22581664E-07 -0.69297322E-06   863.99999938   -23307.68513810
    9550   19.10000000 -0.69912008E-06  0.23804483E-07 -0.68193374E-06   863.99999938   -23307.68513796
    9560   19.12000000 -0.66687285E-06  0.24705035E-07 -0.65808765E-06   863.99999938   -23307.68513781
    9570   19.14000000 -0.62851329E-06  0.25112051E-07 -0.62224303E-06   863.99999938   -23307.68513767
    9580   19.16000000 -0.58462839E-06  0.24863794E-07 -0.57541170E-06   863.99999938   -23307.68513753
    9590   19.18000000 -0.53587369E-06  0.23820834E-07 -0.51877763E-06   863.99999938   -23307.68513740
    9600   19.20000000 -0.48296409E-06  0.21878852E-07 -0.45366299E-06   863.99999937   -23307.68513726
    9610   19.22000000 -0.42666384E-06  0.18980143E-07 -0.38149190E-06   863.99999937   -23307.68513712
    9620   19.24000000 -0.36777600E-06  0.15122920E-07 -0.30375412E-06   863.99999937   -23307.68513698
    9630   19.26000000 -0.30713172E-06  0.10367911E-07 -0.22196932E-06   863.99999937   -23307.68513683
    9640   19.28000000 -0.24557755E-06  0.48399579E-08 -0.13765310E-06   863.99999937   -23307.68513669
    9650   19.30000000 -0.18396299E-06 -0.12725654E-08 -0.52285214E-07   863.99999937   -23307.68513655
    9660   19.32000000 -0.12312640E-06 -0.77243004E-08  0.32718542E-07   863.99999937   -23307.68513640
    9670   19.34000000 -0.63880664E-07 -0.14221453E-07  0.11603085E-06   863.99999937   -23307.68513625
    9680   19.36000000 -0.69982591E-08 -0.20434321E-07  0.19643361E-06   863.99999937   -23307.68513611
    9690   19.38000000  0.46804516E-07 -0.26012036E-07  0.27283446E-06   863.99999937   -23307.68513596
    9700   19.40000000  0.96882268E-07 -0.30598319E-07  0.34427901E-06   863.99999937   -23307.68513580
    9710   19.42000000  0.14267607E-06 -0.33848377E-07  0.40995928E-06   863.99999937   -23307.68513565
    9720   19.44000000  0.18372566E-06 -0.35445113E-07  0.46921845E-06   863.99999937   -23307.68513550
    9730   19.46000000  0.21968119E-06 -0.35114776E-07  0.52155271E-06   863.99999937   -23307.68513535
    9740   19.48000000  0.25031139E-06 -0.32640388E-07  0.56661014E-06   863.99999937   -23307.68513520
    9750   19.50000000  0.27550837E-06 -0.27873570E-07  0.60418733E-06   863.99999936   -23307.68513505
    9760   19.52000000  0.29528812E-06 -0.20743882E-07  0.63422525E-06   863.99999936   -23307.68513490
    9770   19.54000000  0.30978612E-06 -0.11265082E-07  0.65680320E-06   863.99999936   -23307.68513475
    9780   19.56000000  0.31924764E-06  0.46114324E-09  0.67213184E-06   863.99999936   -23307.68513461
    9790   19.58000000  0.32401464E-06  0.14244891E-07  0.68054588E-06   863.99999936   -23307.68513446
    9800   19.60000000  0.32450729E-06  0.29810215E-07  0.68249573E-06   863.99999936   -23307.68513432
    9810   19.62000000  0.32120346E-06  0.46801188E-07  0.67853876E-06   863.99999936   -23307.68513417
    9820   19.64000000  0.31461587E-06  0.64790317E-07  0.66933036E-06   863.99999936   -23307.68513403
    9830   19.66000000  0.30526941E-06  0.83290842E-07  0.65561331E-06   863.99999936   -23307.68513389
    9840   19.68000000  0.29367964E-06  0.10177121E-06  0.63820705E-06   863.99999936   -23307.68513375
    9850   19.70000000  0.28033443E-06  0.11967291E-06  0.61799524E-06   863.99999936   -23307.68513361
    9860   19.72000000  0.26567956E-06  0.13643007E-06  0.59591293E-06   863.99999936   -23307.68513346
    9870   19.74000000  0.25010949E-06  0.15149083E-06  0.57293189E-06   863.99999936   -23307.68513332
    9880   19.76000000  0.23396304E-06  0.16433925E-06  0.55004545E-06   863.99999936   -23307.68513318
    9890   19.78000000  0.21752433E-06  0.17451693E-06  0.52825163E-06   863.99999936   -23307.68513303
    9900   19.80000000  0.20102824E-06  0.18164364E-06  0.50853535E-06   863.99999935   -23307.68513289
    9910   19.82000000  0.18466915E-06  0.18543478E-06  0.49184971E-06   863.99999935   -23307.68513274
    9920   19.84000000  0.16861131E-06  0.18571641E-06  0.47909649E-06   863.99999935   -23307.68513259
    9930   19.86000000  0.15299989E-06  0.18243476E-06  0.47110574E-06   863.99999935   -23307.68513245
    9940   19.88000000  0.13797106E-06  0.17566121E-06  0.46861549E-06   863.99999935   -23307.68513230
    9950   19.90000000  0.12365955E-06  0.16559203E-06  0.47225109E-06   863.99999935   -23307.68513216
    9960   19.92000000  0.11020478E-06  0.15254249E-06  0.48250505E-06   863.99999935   -23307.68513201
    9970   19.94000000  0.97751758E-07  0.13693597E-06  0.49971911E-06   863.99999935   -23307.68513187
    9980   19.96000000  0.86450097E-07  0.11928930E-06  0.52406689E-06   863.99999935   -23307.68513173
    9990   19.98000000  0.76449409E-07  0.10019307E-06  0.55553958E-06   863.99999935   -23307.68513158
   10000   20.00000000  0.67893013E-07  0.80291286E-07  0.59393487E-06   863.99999935   -23307.68513144
   10010   20.02000000  0.60910089E-07  0.60258213E-07  0.63885001E-06   863.99999935   -23307.68513131
   10020   20.04000000  0.55607717E-07  0.40775263E-07  0.68967904E-06   863.99999935   -23307.68513117
   10030   20.06000000  0.52062385E-07  0.22508330E-07  0.74561544E-06   863.99999935   -23307.68513103
   10040   20.08000000  0.50313682E-07  0.60869394E-08  0.80566045E-06   863.99999935   -23307.68513089
   10050   20.10000000  0.50358568E-07 -0.79154549E-08  0.86863637E-06   863.99999934   -23307.68513075
   10060   20.12000000  0.52147684E-07 -0.18997248E-07  0.93320636E-06   863.99999934   -23307.68513061
   10070   20.14000000  0.55584037E-07 -0.26742788E-07  0.99789920E-06   863.99999934   -23307.68513047
   10080   20.16000000  0.60522348E-07 -0.30832158E-07  0.10611395E-05   863.99999934   -23307.68513032
   10090   20.18000000  0.66770954E-07 -0.31048046E-07  0.11212820E-05   863.99999934   -23307.68513018
   10100   20.20000000  0.74094548E-07 -0.27278647E-07  0.11766500E-05   863.99999934   -23307.68513003
   10110   20.22000000  0.82218344E-07 -0.19517905E-07  0.12255757E-05   863.99999934   -23307.68512988
   10120   20.24000000  0.90833273E-07 -0.78615610E-08  0.12664431E-05   863.99999934   -23307.68512974
   10130   20.26000000  0.99601764E-07  0.74988007E-08  0.12977307E-05   863.99999934   -23307.68512959
   10140   20.28000000  0.10816468E-06  0.26284726E-07  0.13180534E-05   863.99999934   -23307.68512944
   10150   20.30000000  0.11614891E-06  0.48142380E-07  0.13262026E-05   863.99999934   -23307.68512929
   10160   20.32000000  0.12317532E-06  0.72655199E-07  0.13211819E-05   863.99999934   -23307.68512915
   10170   20.34000000  0.12886781E-06  0.99356884E-07  0.13022391E-05   863.99999934   -23307.68512900
   10180   20.36000000  0.13286208E-06  0.12774613E-06  0.12688917E-05   863.99999934   -23307.68512886
   10190   20.38000000  0.13481463E-06  0.15729969E-06  0.12209458E-05   863.99999934   -23307.68512872
   10200   20.40000000  0.13441085E-06  0.18748516E-06  0.11585078E-05   863.99999933   -23307.68512858
   10210   20.42000000  0.13137314E-06  0.21777228E-06  0.10819877E-05   863.99999933   -23307.68512843
   10220   20.44000000  0.12546712E-06  0.24764258E-06  0.99209443E-06   863.99999933   -23307.68512830
   10230   20.46000000  0.11650745E-06  0.27659648E-06  0.88982370E-06   863.99999933   -23307.68512816
   10240   20.48000000  0.10436133E-06  0.30415913E-06  0.77643829E-06   863.99999933   -23307.68512802
   10250   20.50000000  0.88951231E-07  0.32988397E-06  0.65344155E-06   863.99999933   -23307.68512788
   10260   20.52000000  0.70256211E-07  0.35335487E-06  0.52254523E-06   863.99999933   -23307.68512773
   10270   20.54000000  0.48312418E-07  0.37418689E-06  0.38563278E-06   863.99999933   -23307.68512759
   10280   20.56000000  0.23212930E-07  0.39202657E-06  0.24471952E-06   863.99999933   -23307.68512745
   10290   20.58000000 -0.48924565E-08  0.40655136E-06  0.10191051E-06   863.99999933   -23307.68512731
   10300   20.60000000 -0.35797136E-07  0.41747030E-06 -0.40642264E-07   863.99999933   -23307.68512716
   10310   20.62000000 -0.69237754E-07  0.42452399E-06 -0.18078242E-06   863.99999933   -23307.68512702
   10320   20.64000000 -0.10489393E-06  0.42748592E-06 -0.31639103E-06   863.99999933   -23307.68512687
   10330   20.66000000 -0.14238753E-06  0.42616372E-06 -0.44542600E-06   863.99999933   -23307.68512672
   10340   20.68000000 -0.18128306E-06  0.42040198E-06 -0.56595887E-06   863.99999933   -23307.68512658
   10350   20.70000000 -0.22108816E-06  0.41008534E-06 -0.67620865E-06   863.99999932   -23307.68512643
   10360   20.72000000 -0.26125602E-06  0.39514182E-06 -0.77457166E-06   863.99999932   -23307.68512628
   10370   20.74000000 -0.30118960E-06  0.37554704E-06 -0.85964759E-06   863.99999932   -23307.68512614
   10380   20.76000000 -0.34024880E-06  0.35132793E-06 -0.93026093E-06   863.99999932   -23307.68512599
   10390   20.78000000 -0.37776008E-06  0.32256704E-06 -0.98547729E-06   863.99999932   -23307.68512584
   10400   20.80000000 -0.41302889E-06  0.28940659E-06 -0.10246149E-05   863.99999932   -23307.68512570
   10410   20.82000000 -0.44535488E-06  0.25205238E-06 -0.10472507E-05   863.99999932   -23307.68512555
   10420   20.84000000 -0.47404991E-06  0.21077706E-06 -0.10532214E-05   863.99999932   -23307.68512540
   10430   20.86000000 -0.49845760E-06  0.16592313E-06 -0.10426183E-05   863.99999932   -23307.68512526
   10440   20.88000000 -0.51797421E-06  0.11790458E-06 -0.10157785E-05   863.99999932   -23307.68512511
   10450   20.90000000 -0.53206922E-06  0.67206615E-07 -0.97327056E-06   863.99999932   -23307.68512496
   10460   20.92000000 -0.54030583E-06  0.14383655E-07 -0.91587729E-06   863.99999932   -23307.68512481
   10470   20.94000000 -0.54235893E-06 -0.39945441E-07 -0.84457545E-06   863.99999932   -23307.68512467
   10480   20.96000000 -0.53803133E-06 -0.95105686E-07 -0.76051256E-06   863.99999932   -23307.68512452
   10490   20.98000000 -0.52726586E-06 -0.15037698E-06 -0.66498384E-06   863.99999932   -23307.68512437
   10500   21.00000000 -0.51015364E-06 -0.20500887E-06 -0.55940680E-06   863.99999931   -23307.68512422
   10510   21.02000000 -0.48693701E-06 -0.25823798E-06 -0.44529763E-06   863.99999931   -23307.68512407
   10520   21.04000000 -0.45800740E-06 -0.30930706E-06 -0.32424640E-06   863.99999931   -23307.68512392
   10530   21.06000000 -0.42389747E-06 -0.35748524E-06 -0.19789358E-06   863.99999931   -23307.68512378
   10540   21.08000000 -0.38526859E-06 -0.40208764E-06 -0.67907364E-07   863.99999931   -23307.68512363
   10550   21.10000000 -0.34289210E-06 -0.44249271E-06  0.64039170E-07   863.99999931   -23307.68512349
   10560   21.12000000 -0.29762680E-06 -0.47815652E-06  0.19628956E-06   863.99999931   -23307.68512334
   10570   21.14000000 -0.25039135E-06 -0.50862366E-06  0.32722542E-06   863.99999931   -23307.68512320
   10580   21.16000000 -0.20213534E-06 -0.53353177E-06  0.45528723E-06   863.99999931   -23307.68512305
   10590   21.18000000 -0.15380805E-06 -0.55261310E-06  0.57899391E-06   863.99999931   -23307.68512291
   10600   21.20000000 -0.10632699E-06 -0.56569070E-06  0.69696221E-06   863.99999931   -23307.68512277
   10610   21.22000000 -0.60548755E-07 -0.57267128E-06  0.80792404E-06   863.99999931   -23307.68512263
   10620   21.24000000 -0.17241722E-07 -0.57353685E-06  0.91074286E-06   863.99999931   -23307.68512248
   10630   21.26000000  0.22936215E-07 -0.56833479E-06  0.10044266E-05   863.99999931   -23307.68512234
   10640   21.28000000  0.59455033E-07 -0.55716943E-06  0.10881389E-05   863.99999931   -23307.68512219
   10650   21.30000000  0.91923377E-07 -0.54019478E-06  0.11612059E-05   863.99999930   -23307.68512205
   10660   21.32000000  0.12009299E-06 -0.51760994E-06  0.12231202E-05   863.99999930   -23307.68512190
   10670   21.34000000  0.14385658E-06 -0.48965762E-06  0.12735405E-05   863.99999930   -23307.68512176
   10680   21.36000000  0.16323970E-06 -0.45662579E-06  0.13122876E-05   863.99999930   -23307.68512161
   10690   21.38000000  0.17838615E-06 -0.41885037E-06  0.13393368E-05   863.99999930   -23307.68512147
   10700   21.40000000  0.18953967E-06 -0.37671983E-06  0.13548073E-05   863.99999930   -23307.68512132
   10710   21.42000000  0.19702149E-06 -0.33068010E-06  0.13589495E-05   863.99999930   -23307.68512118
   10720   21.44000000  0.20120577E-06 -0.28123775E-06  0.13521308E-05   863.99999930   -23307.68512104
   10730   21.46000000  0.20249436E-06 -0.22896153E-06  0.13348214E-05   863.99999930   -23307.68512090
   10740   21.48000000  0.20129273E-06 -0.17448086E-06  0.13075800E-05   863.99999930   -23307.68512076
   10750   21.50000000  0.19798689E-06 -0.11848020E-06  0.12710412E-05   863.99999930   -23307.68512062
   10760   21.52000000  0.19292450E-06 -0.61690626E-07  0.12259043E-05   863.99999930   -23307.68512048
   10770   21.54000000  0.18639968E-06 -0.48771200E-08  0.11729240E-05   863.99999930   -23307.68512034
   10780   21.56000000  0.17864281E-06  0.51177497E-07  0.11129041E-05   863.99999930   -23307.68512020
   10790   21.58000000  0.16981629E-06  0.10569023E-06  0.10466910E-05   863.99999930   -23307.68512007
   10800   21.60000000  0.16001484E-06  0.15789765E-06  0.97516978E-06   863.99999929   -23307.68511993
   10810   21.62000000  0.14927116E-06  0.20707613E-06  0.89926084E-06   863.99999929   -23307.68511979
   10820   21.64000000  0.13756615E-06  0.25256104E-06  0.81991571E-06   863.99999929   -23307.68511965
   10830   21.66000000  0.12484159E-06  0.29376473E-06  0.73811293E-06   863.99999929   -23307.68511951
   10840   21.68000000  0.11101518E-06  0.33019183E-06  0.65485262E-06   863.99999929   -23307.68511936
   10850   21.70000000  0.95996060E-07  0.36145111E-06  0.57114960E-06   863.99999929   -23307.68511922
   10860   21.72000000  0.79698977E-07  0.38726325E-06  0.48802523E-06   863.99999929   -23307.68511907
   10870   21.74000000  0.62057542E-07  0.40746461E-06  0.40649694E-06   863.99999929   -23307.68511893
   10880   21.76000000  0.43034003E-07  0.42200683E-06  0.32756635E-06   863.99999929   -23307.68511878
   10890   21.78000000  0.22626493E-07  0.43095175E-06  0.25220552E-06   863.99999929   -23307.68511864
   10900   21.80000000  0.87324332E-09  0.43446283E-06  0.18134161E-06   863.99999929   -23307.68511849
   10910   21.82000000 -0.22146126E-07  0.43279359E-06  0.11583984E-06   863.99999929   -23307.68511834
   10920   21.84000000 -0.46311076E-07  0.42627391E-06  0.56486291E-07   863.99999929   -23307.68511820
   10930   21.86000000 -0.71462503E-07  0.41529496E-06  0.39689931E-08   863.99999929   -23307.68511805
   10940   21.88000000 -0.97405566E-07  0.40029378E-06 -0.41139331E-07   863.99999929   -23307.68511790
   10950   21.90000000 -0.12391255E-06  0.38173857E-06 -0.78399411E-07   863.99999928   -23307.68511776
   10960   21.92000000 -0.15072580E-06  0.36011541E-06 -0.10751954E-06   863.99999928   -23307.68511761
   10970   21.94000000 -0.17755995E-06  0.33591704E-06 -0.12836751E-06   863.99999928   -23307.68511746
   10980   21.96000000 -0.20410438E-06  0.30963361E-06 -0.14097844E-06   863.99999928   -23307.68511731
   10990   21.98000000 -0.23002529E-06  0.28174639E-06 -0.14555704E-06   863.99999928   -23307.68511717
   11000   22.00000000 -0.25496866E-06  0.25272265E-06 -0.14247377E-06   863.99999928   -23307.68511702
   11010   22.02000000 -0.27856355E-06  0.22301229E-06 -0.13225549E-06   863.99999928   -23307.68511687
   11020   22.04000000 -0.30042715E-06  0.19304598E-06 -0.11556905E-06   863.99999928   -23307.68511672
   11030   22.06000000 -0.32017080E-06  0.16323283E-06 -0.93200176E-07   863.99999928   -23307.68511658
   11040   22.08000000 -0.33740802E-06  0.13395765E-06 -0.66027103E-07   863.99999928   -23307.68511643
   11050   22.10000000 -0.35176335E-06  0.10557731E-06 -0.34991432E-07   863.99999928   -23307.68511629
   11060   22.12000000 -0.36288308E-06  0.78415433E-07 -0.10669413E-08   863.99999928   -23307.68511614
   11070   22.14000000 -0.37044576E-06  0.52756684E-07  0.34771090E-07   863.99999928   -23307.68511599
   11080   22.16000000 -0.37417333E-06  0.28838719E-07  0.71574556E-07   863.99999928   -23307.68511585
   11090   22.18000000 -0.37384120E-06  0.68450005E-08  0.10844849E-06   863.99999928   -23307.68511570
   11100   22.20000000 -0.36928763E-06 -0.13102989E-07  0.14457143E-06   863.99999927   -23307.68511555
   11110   22.22000000 -0.36042087E-06 -0.30952336E-07  0.17921154E-06   863.99999927   -23307.68511541
   11120   22.24000000 -0.34722469E-06 -0.46722983E-07  0.21173615E-06   863.99999927   -23307.68511526
   11130   22.26000000 -0.32976084E-06 -0.60510005E-07  0.24161686E-06   863.99999927   -23307.68511511
   11140   22.28000000 -0.30816931E-06 -0.72481868E-07  0.26842920E-06   863.99999927   -23307.68511497
   11150   22.30000000 -0.28266595E-06 -0.82875684E-07  0.29184791E-06   863.99999927   -23307.68511482
   11160   22.32000000 -0.25353725E-06 -0.91989174E-07  0.31164063E-06   863.99999927   -23307.68511467
   11170   22.34000000 -0.22113381E-06 -0.10016841E-06  0.32765785E-06   863.99999927   -23307.68511453
   11180   22.36000000 -0.18586193E-06 -0.10779381E-06  0.33982407E-06   863.99999927   -23307.68511439
   11190   22.38000000 -0.14817384E-06 -0.11526306E-06  0.34812780E-06   863.99999927   -23307.68511424
   11200   22.40000000 -0.10855826E-06 -0.12297338E-06  0.35261278E-06   863.99999927   -23307.68511410
   11210   22.42000000 -0.67529997E-07 -0.13130304E-06  0.35337024E-06   863.99999927   -23307.68511395
   11220   22.44000000 -0.25620744E-07 -0.14059367E-06  0.35053215E-06   863.99999927   -23307.68511381
   11230   22.46000000  0.16628939E-07 -0.15113378E-06  0.34426528E-06   863.99999927   -23307.68511366
   11240   22.48000000  0.58677540E-07 -0.16314430E-06  0.33476616E-06   863.99999927   -23307.68511351
   11250   22.50000000  0.99988150E-07 -0.17676789E-06  0.32225555E-06   863.99999926   -23307.68511336
   11260   22.52000000  0.14003332E-06 -0.19206057E-06  0.30697304E-06   863.99999926   -23307.68511321
   11270   22.54000000  0.17829890E-06 -0.20898910E-06  0.28917125E-06   863.99999926   -23307.68511306
   11280   22.56000000  0.21428686E-06 -0.22743118E-06  0.26910957E-06   863.99999926   -23307.68511291
   11290   22.58000000  0.24751793E-06 -0.24718039E-06  0.24704805E-06   863.99999926   -23307.68511276
   11300   22.60000000  0.27753424E-06 -0.26795569E-06  0.22324197E-06   863.99999926   -23307.68511261
   11310   22.62000000  0.30390248E-06 -0.28941370E-06  0.19793776E-06   863.99999926   -23307.68511246
   11320   22.64000000  0.32621782E-06 -0.31116464E-06  0.17137079E-06   863.99999926   -23307.68511231
   11330   22.66000000  0.34410870E-06 -0.33278982E-06  0.14376694E-06   863.99999926   -23307.68511217
   11340   22.68000000  0.35724251E-06 -0.35386081E-06  0.11534643E-06   863.99999926   -23307.68511202
   11350   22.70000000  0.36533266E-06 -0.37395817E-06  0.86331537E-07   863.99999926   -23307.68511188
   11360   22.72000000  0.36814616E-06 -0.39268918E-06  0.56957278E-07   863.99999926   -23307.68511174
   11370   22.74000000  0.36551113E-06 -0.40970438E-06  0.27483088E-07   863.99999926   -23307.68511160
   11380   22.76000000  0.35732483E-06 -0.42471103E-06 -0.17945541E-08   863.99999926   -23307.68511146
   11390   22.78000000  0.34356007E-06 -0.43748394E-06 -0.30531101E-07   863.99999926   -23307.68511132
   11400   22.80000000  0.32427086E-06 -0.44787283E-06 -0.58325608E-07   863.99999925   -23307.68511118
   11410   22.82000000  0.29959608E-06 -0.45580576E-06 -0.84717938E-07   863.99999925   -23307.68511104
   11420   22.84000000  0.26976085E-06 -0.46128958E-06 -0.10919080E-06   863.99999925   -23307.68511090
   11430   22.86000000  0.23507547E-06 -0.46440673E-06 -0.13117899E-06   863.99999925   -23307.68511075
   11440   22.88000000  0.19593209E-06 -0.46530931E-06 -0.15008458E-06   863.99999925   -23307.68511060
   11450   22.90000000  0.15279815E-06 -0.46421002E-06 -0.16529810E-06   863.99999925   -23307.68511046
   11460   22.92000000  0.10620850E-06 -0.46137095E-06 -0.17622349E-06   863.99999925   -23307.68511031
   11470   22.94000000  0.56754894E-07 -0.45709000E-06 -0.18230572E-06   863.99999925   -23307.68511016
   11480   22.96000000  0.50742514E-08 -0.45168643E-06 -0.18305859E-06   863.99999925   -23307.68511001
   11490   22.98000000 -0.48163848E-07 -0.44548565E-06 -0.17808977E-06   863.99999925   -23307.68510986
   11500   23.00000000 -0.10227022E-06 -0.43880370E-06 -0.16712224E-06   863.99999925   -23307.68510972
   11510   23.02000000 -0.15654939E-06 -0.43193281E-06 -0.15000988E-06   863.99999925   -23307.68510957
   11520   23.04000000 -0.21031194E-06 -0.42512801E-06 -0.12674547E-06   863.99999925   -23307.68510943
   11530   23.06000000 -0.26288601E-06 -0.41859585E-06 -0.97462542E-07   863.99999925   -23307.68510928
   11540   23.08000000 -0.31362805E-06 -0.41248511E-06 -0.62429829E-07   863.99999925   -23307.68510914
   11550   23.10000000 -0.36193170E-06 -0.40688090E-06 -0.22040095E-07   863.99999924   -23307.68510900
   11560   23.12000000 -0.40723508E-06 -0.40180082E-06  0.23204851E-07   863.99999924   -23307.68510886
   11570   23.14000000 -0.44902711E-06 -0.39719409E-06  0.72711947E-07   863.99999924   -23307.68510872
   11580   23.16000000 -0.48685275E-06 -0.39294266E-06  0.12581518E-06   863.99999924   -23307.68510858
   11590   23.18000000 -0.52031669E-06 -0.38886410E-06  0.18179296E-06   863.99999924   -23307.68510844
   11600   23.20000000 -0.54908691E-06 -0.38471710E-06  0.23988359E-06   863.99999924   -23307.68510830
   11610   23.22000000 -0.57289733E-06 -0.38020752E-06  0.29929737E-06   863.99999924   -23307.68510816
   11620   23.24000000 -0.59155003E-06 -0.37499652E-06  0.35922652E-06   863.99999924   -23307.68510801
   11630   23.26000000 -0.60491774E-06 -0.36870983E-06  0.41885285E-06   863.99999924   -23307.68510787
   11640   23.28000000 -0.61294598E-06 -0.36094848E-06  0.47735304E-06   863.99999924   -23307.68510773
   11650   23.30000000 -0.61565390E-06 -0.35130123E-06  0.53390445E-06   863.99999924   -23307.68510759
   11660   23.32000000 -0.61313477E-06 -0.33935810E-06  0.58769165E-06   863.99999924   -23307.68510744
   11670   23.34000000 -0.60555496E-06 -0.32472631E-06  0.63791426E-06   863.99999924   -23307.68510730
   11680   23.36000000 -0.59315095E-06 -0.30704696E-06  0.68379785E-06   863.99999924   -23307.68510716
   11690   23.38000000 -0.57622486E-06 -0.28601218E-06  0.72460715E-06   863.99999924   -23307.68510702
   11700   23.40000000 -0.55513718E-06 -0.26138234E-06  0.75966282E-06   863.99999923   -23307.68510688
   11710   23.42000000 -0.53029790E-06 -0.23300203E-06  0.78835858E-06   863.99999923   -23307.68510674
   11720   23.44000000 -0.50215532E-06 -0.20081375E-06  0.81018087E-06   863.99999923   -23307.68510660
   11730   23.46000000 -0.47118435E-06 -0.16486845E-06  0.82472707E-06   863.99999923   -23307.68510646
   11740   23.48000000 -0.43787409E-06 -0.12533153E-06  0.83172237E-06   863.99999923   -23307.68510633
   11750   23.50000000 -0.40271562E-06 -0.82484292E-07  0.83103316E-06   863.99999923   -23307.68510619
   11760   23.52000000 -0.36619145E-06 -0.36720021E-07  0.82267624E-06   863.99999923   -23307.68510606
   11770   23.54000000 -0.32876680E-06  0.11464500E-07  0.80682279E-06   863.99999923   -23307.68510592
   11780   23.56000000 -0.29088320E-06  0.61482466E-07  0.78379631E-06   863.99999923   -23307.68510579
   11790   23.58000000 -0.25295575E-06  0.11267413E-06  0.75406497E-06   863.99999923   -23307.68510565
   11800   23.60000000 -0.21537245E-06  0.16432580E-06  0.71822812E-06   863.99999923   -23307.68510552
   11810   23.62000000 -0.17849623E-06  0.21569117E-06  0.67699768E-06   863.99999923   -23307.68510538
   11820   23.64000000 -0.14266911E-06  0.26601220E-06  0.63117544E-06   863.99999923   -23307.68510525
   11830   23.66000000 -0.10821657E-06  0.31453994E-06  0.58162733E-06   863.99999923   -23307.68510511
   11840   23.68000000 -0.75452560E-07  0.36055382E-06  0.52925624E-06   863.99999923   -23307.68510497
   11850   23.70000000 -0.44683265E-07  0.40337881E-06  0.47497282E-06   863.99999922   -23307.68510484
   11860   23.72000000 -0.16208918E-07  0.44240131E-06  0.41966882E-06   863.99999922   -23307.68510470
   11870   23.74000000  0.96771148E-08  0.47708153E-06  0.36419015E-06   863.99999922   -23307.68510456
   11880   23.76000000  0.32691959E-07  0.50696452E-06  0.30931442E-06   863.99999922   -23307.68510442
   11890   23.78000000  0.52569881E-07  0.53168846E-06  0.25573066E-06   863.99999922   -23307.68510429
   11900   23.80000000  0.69071203E-07  0.55099067E-06  0.20402377E-06   863.99999922   -23307.68510415
   11910   23.82000000  0.81993577E-07  0.56471156E-06  0.15466259E-06   863.99999922   -23307.68510401
   11920   23.84000000  0.91183598E-07  0.57279575E-06  0.10799357E-06   863.99999922   -23307.68510387
   11930   23.86000000  0.96548885E-07  0.57529161E-06  0.64238072E-07   863.99999922   -23307.68510373
   11940   23.88000000  0.98069062E-07  0.57234714E-06  0.23495014E-07   863.99999922   -23307.68510359
   11950   23.90000000  0.95804082E-07  0.56420425E-06 -0.14252957E-07   863.99999922   -23307.68510345
   11960   23.92000000  0.89899545E-07  0.55119061E-06 -0.49128839E-07   863.99999922   -23307.68510331
   11970   23.94000000  0.80588133E-07  0.53370980E-06 -0.81347533E-07   863.99999922   -23307.68510316
   11980   23.96000000  0.68187768E-07  0.51222956E-06 -0.11119965E-06   863.99999922   -23307.68510302
   11990   23.98000000  0.53094833E-07  0.48726941E-06 -0.13903255E-06   863.99999922   -23307.68510287
   12000   24.00000000  0.35773899E-07  0.45938738E-06 -0.16523088E-06   863.99999921   -23307.68510273
   12010   24.02000000  0.16743866E-07  0.42916666E-06 -0.19019665E-06   863.99999921   -23307.68510258
   12020   24.04000000 -0.34377887E-08  0.39720255E-06 -0.21432944E-06   863.99999921   -23307.68510244
   12030   24.06000000 -0.24193632E-07  0.36409012E-06 -0.23800842E-06   863.99999921   -23307.68510229
   12040   24.08000000 -0.44944194E-07  0.33041161E-06 -0.26157620E-06   863.99999921   -23307.68510215
   12050   24.10000000 -0.65126512E-07  0.29672585E-06 -0.28532505E-06   863.99999921   -23307.68510200
   12060   24.12000000 -0.84211663E-07  0.26355756E-06 -0.30948554E-06   863.99999921   -23307.68510186
   12070   24.14000000 -0.10172002E-06  0.23138827E-06 -0.33421881E-06   863.99999921   -23307.68510172
   12080   24.16000000 -0.11723415E-06  0.20064831E-06 -0.35961026E-06   863.99999921   -23307.68510158
   12090   24.18000000 -0.13040883E-06  0.17170995E-06 -0.38566684E-06   863.99999921   -23307.68510144
   12100   24.20000000 -0.14097822E-06  0.14488246E-06 -0.41231545E-06   863.99999921   -23307.68510129
   12110   24.22000000 -0.14875991E-06  0.12040892E-06 -0.43940352E-06   863.99999921   -23307.68510115
   12120   24.24000000 -0.15365628E-06  0.98464615E-07 -0.46670174E-06   863.99999921   -23307.68510101
   12130   24.26000000 -0.15565399E-06  0.79158077E-07 -0.49390781E-06   863.99999921   -23307.68510086
   12140   24.28000000 -0.15482016E-06  0.62533721E-07 -0.52065202E-06   863.99999921   -23307.68510071
   12150   24.30000000 -0.15129858E-06  0.48575750E-07 -0.54650439E-06   863.99999920   -23307.68510056
   12160   24.32000000 -0.14530324E-06  0.37213424E-07 -0.57098349E-06   863.99999920   -23307.68510041
   12170   24.34000000 -0.13711222E-06  0.28326277E-07 -0.59356671E-06   863.99999920   -23307.68510026
   12180   24.36000000 -0.12706044E-06  0.21749350E-07 -0.61370234E-06   863.99999920   -23307.68510011
   12190   24.38000000 -0.11553240E-06  0.17277061E-07 -0.63082244E-06   863.99999920   -23307.68509996
   12200   24.40000000 -0.10295440E-06  0.14665405E-07 -0.64435699E-06   863.99999920   -23307.68509981
   12210   24.42000000 -0.89786864E-07  0.13632712E-07 -0.65374832E-06   863.99999920   -23307.68509966
   12220   24.44000000 -0.76516497E-07  0.13858476E-07 -0.65846506E-06   863.99999920   -23307.68509951
   12230   24.46000000 -0.63648302E-07  0.14981447E-07 -0.65801623E-06   863.99999920   -23307.68509936
   12240   24.48000000 -0.51696626E-07  0.16597636E-07 -0.65196310E-06   863.99999920   -23307.68509921
   12250   24.50000000 -0.41176225E-07  0.18258825E-07 -0.63993125E-06   863.99999920   -23307.68509906
   12260   24.52000000 -0.32592123E-07  0.19473980E-07 -0.62162032E-06   863.99999920   -23307.68509891
   12270   24.54000000 -0.26428725E-07  0.19713339E-07 -0.59681234E-06   863.99999920   -23307.68509876
   12280   24.56000000 -0.23138780E-07  0.18417193E-07 -0.56537956E-06   863.99999920   -23307.68509862
   12290   24.58000000 -0.23131635E-07  0.15009062E-07 -0.52729048E-06   863.99999920   -23307.68509847
   12300   24.60000000 -0.26761799E-07  0.89136816E-08 -0.48261531E-06   863.99999919   -23307.68509832
   12310   24.62000000 -0.34318265E-07 -0.42116210E-09 -0.43153033E-06   863.99999919   -23307.68509817
   12320   24.64000000 -0.46015299E-07 -0.13499806E-07 -0.37432115E-06   863.99999919   -23307.68509802
   12330   24.66000000 -0.61984890E-07 -0.30752650E-07 -0.31138475E-06   863.99999919   -23307.68509787
   12340   24.68000000 -0.82272098E-07 -0.52510529E-07 -0.24322960E-06   863.99999919   -23307.68509772
   12350   24.70000000 -0.10683261E-06 -0.78981111E-07 -0.17047369E-06   863.99999919   -23307.68509757
   12360   24.72000000 -0.13553359E-06 -0.11022971E-06 -0.93839666E-07   863.99999919   -23307.68509742
   12370   24.74000000 -0.16815673E-06 -0.14616530E-06 -0.14146703E-07   863.99999919   -23307.68509727
   12380   24.76000000 -0.20440397E-06 -0.18653342E-06  0.67700910E-07   863.99999919   -23307.68509712
   12390   24.78000000 -0.24390494E-06 -0.23091560E-06  0.15072906E-06   863.99999919   -23307.68509697
   12400   24.80000000 -0.28622503E-06 -0.27873693E-06  0.23391285E-06   863.99999919   -23307.68509683
   12410   24.82000000 -0.33087456E-06 -0.32927933E-06  0.31619870E-06   863.99999919   -23307.68509668
   12420   24.84000000 -0.37731686E-06 -0.38170123E-06  0.39652946E-06   863.99999919   -23307.68509653
   12430   24.86000000 -0.42497688E-06 -0.43506125E-06  0.47387145E-06   863.99999919   -23307.68509639
   12440   24.88000000 -0.47324857E-06 -0.48834542E-06  0.54724270E-06   863.99999919   -23307.68509624
   12450   24.90000000 -0.52150135E-06 -0.54049540E-06  0.61574069E-06   863.99999918   -23307.68509609
   12460   24.92000000 -0.56908622E-06 -0.59043675E-06  0.67856935E-06   863.99999918   -23307.68509594
   12470   24.94000000 -0.61534220E-06 -0.63710566E-06  0.73506291E-06   863.99999918   -23307.68509579
   12480   24.96000000 -0.65960239E-06 -0.67947396E-06  0.78470663E-06   863.99999918   -23307.68509563
   12490   24.98000000 -0.70120133E-06 -0.71657042E-06  0.82715107E-06   863.99999918   -23307.68509548
   12500   25.00000000 -0.73948320E-06 -0.74749885E-06  0.86222134E-06   863.99999918   -23307.68509532
   12510   25.02000000 -0.77381170E-06 -0.77145271E-06  0.88991837E-06   863.99999918   -23307.68509517
   12520   25.04000000 -0.80358070E-06 -0.78772583E-06  0.91041255E-06   863.99999918   -23307.68509501
   12530   25.06000000 -0.82822626E-06 -0.79572101E-06  0.92402997E-06   863.99999918   -23307.68509486
   12540   25.08000000 -0.84723984E-06 -0.79495533E-06  0.93123102E-06   863.99999918   -23307.68509470
   12550   25.10000000 -0.86018030E-06 -0.78506460E-06  0.93258210E-06   863.99999918   -23307.68509454
   12560   25.12000000 -0.86668661E-06 -0.76580591E-06  0.92872276E-06   863.99999918   -23307.68509439
   12570   25.14000000 -0.86648837E-06 -0.73706055E-06  0.92032929E-06   863.99999918   -23307.68509424
   12580   25.16000000 -0.85941442E-06 -0.69883648E-06  0.90807739E-06   863.99999918   -23307.68509409
   12590   25.18000000 -0.84539967E-06 -0.65127193E-06  0.89260532E-06   863.99999918   -23307.68509394
   12600   25.20000000 -0.82448849E-06 -0.59463902E-06  0.87448153E-06   863.99999917   -23307.68509379
   12610   25.22000000 -0.79683570E-06 -0.52934796E-06  0.85417663E-06   863.99999917   -23307.68509364
   12620   25.24000000 -0.76270402E-06 -0.45595174E-06  0.83204311E-06   863.99999917   -23307.68509350
   12630   25.26000000 -0.72245903E-06 -0.37514980E-06  0.80830296E-06   863.99999917   -23307.68509335
   12640   25.28000000 -0.67656147E-06 -0.28779041E-06  0.78304398E-06   863.99999917   -23307.68509321
   12650   25.30000000 -0.62555663E-06 -0.19487059E-06  0.75622456E-06   863.99999917   -23307.68509307
   12660   25.32000000 -0.57006208E-06 -0.97532451E-07  0.72768674E-06   863.99999917   -23307.68509292
   12670   25.34000000 -0.51075356E-06  0.29444273E-08  0.69717571E-06   863.99999917   -23307.68509277
   12680   25.36000000 -0.44834918E-06  0.10515592E-06  0.66436461E-06   863.99999917   -23307.68509263
   12690   25.38000000 -0.38359369E-06  0.20759127E-06  0.62888313E-06   863.99999917   -23307.68509248
   12700   25.40000000 -0.31724156E-06  0.30865680E-06  0.59034738E-06   863.99999917   -23307.68509233
   12710   25.42000000 -0.25004184E-06  0.40670528E-06  0.54839003E-06   863.99999917   -23307.68509218
   12720   25.44000000 -0.18272352E-06  0.50006880E-06  0.50268920E-06   863.99999917   -23307.68509203
   12730   25.46000000 -0.11598367E-06  0.58709733E-06  0.45299437E-06   863.99999917   -23307.68509188
   12740   25.48000000 -0.50478344E-07  0.66619874E-06  0.39914920E-06   863.99999917   -23307.68509173
   12750   25.50000000  0.13183441E-07  0.73588138E-06  0.34111046E-06   863.99999916   -23307.68509158
   12760   25.52000000  0.74442364E-07  0.79479676E-06  0.27896247E-06   863.99999916   -23307.68509143
   12770   25.54000000  0.13278792E-06  0.84178130E-06  0.21292803E-06   863.99999916   -23307.68509128
   12780   25.56000000  0.18775572E-06  0.87589489E-06  0.14337454E-06   863.99999916   -23307.68509112
   12790   25.58000000  0.23892244E-06  0.89645591E-06  0.70816837E-07   863.99999916   -23307.68509097
   12800   25.60000000  0.28590036E-06  0.90306974E-06 -0.40842235E-08   863.99999916   -23307.68509082
   12810   25.62000000  0.32833289E-06  0.89564997E-06 -0.80526503E-07   863.99999916   -23307.68509067
   12820   25.64000000  0.36589079E-06  0.87443067E-06 -0.15757555E-06   863.99999916   -23307.68509052
   12830   25.66000000  0.39827152E-06  0.83996856E-06 -0.23417759E-06   863.99999916   -23307.68509037
   12840   25.68000000  0.42520089E-06  0.79313404E-06 -0.30917672E-06   863.99999916   -23307.68509022
   12850   25.70000000  0.44643772E-06  0.73509103E-06 -0.38133625E-06   863.99999916   -23307.68509007
   12860   25.72000000  0.46178070E-06  0.66726560E-06 -0.44936431E-06   863.99999916   -23307.68508992
   12870   25.74000000  0.47107633E-06  0.59130459E-06 -0.51194253E-06   863.99999916   -23307.68508978
   12880   25.76000000  0.47422825E-06  0.50902511E-06 -0.56775817E-06   863.99999916   -23307.68508963
   12890   25.78000000  0.47120567E-06  0.42235725E-06 -0.61553851E-06   863.99999916   -23307.68508949
   12900   25.80000000  0.46205010E-06  0.33328242E-06 -0.65408567E-06   863.99999915   -23307.68508934
   12910   25.82000000  0.44688081E-06  0.24377005E-06 -0.68231119E-06   863.99999915   -23307.68508920
   12920   25.84000000  0.42589680E-06  0.15571538E-06 -0.69926924E-06   863.99999915   -23307.68508906
   12930   25.86000000  0.39937733E-06  0.70881537E-07 -0.70418661E-06   863.99999915   -23307.68508891
   12940   25.88000000  0.36767932E-06 -0.91516508E-08 -0.69648922E-06   863.99999915   -23307.68508877
   12950   25.90000000  0.33123356E-06 -0.83030240E-07 -0.67582339E-06   863.99999915   -23307.68508862
   12960   25.92000000  0.29053916E-06 -0.14965754E-06 -0.64207212E-06   863.99999915   -23307.68508848
   12970   25.94000000  0.24615801E-06 -0.20821451E-06 -0.59536535E-06   863.99999915   -23307.68508833
   12980   25.96000000  0.19870815E-06 -0.25816749E-06 -0.53608468E-06   863.99999915   -23307.68508818
   12990   25.98000000  0.14885778E-06 -0.29926425E-06 -0.46486228E-06   863.99999915   -23307.68508803
   13000   26.00000000  0.97319133E-07 -0.33151899E-06 -0.38257470E-06   863.99999915   -23307.68508789
   13010   26.02000000  0.44841279E-07 -0.35518723E-06 -0.29033153E-06   863.99999915   -23307.68508774
   13020   26.04000000 -0.77965185E-08 -0.37073393E-06 -0.18945965E-06   863.99999915   -23307.68508759
   13030   26.06000000 -0.59792890E-07 -0.37879442E-06 -0.81482410E-07   863.99999915   -23307.68508744
   13040   26.08000000 -0.11033395E-06 -0.38013273E-06  0.31904680E-07   863.99999915   -23307.68508729
   13050   26.10000000 -0.15860396E-06 -0.37559826E-06  0.14886294E-06   863.99999914   -23307.68508714
   13060   26.12000000 -0.20379789E-06 -0.36608300E-06  0.26744294E-06   863.99999914   -23307.68508699
   13070   26.14000000 -0.24513565E-06 -0.35248210E-06  0.38562129E-06   863.99999914   -23307.68508684
   13080   26.16000000 -0.28187682E-06 -0.33565794E-06  0.50134073E-06   863.99999914   -23307.68508669
   13090   26.18000000 -0.31333612E-06 -0.31641059E-06  0.61255305E-06   863.99999914   -23307.68508654
   13100   26.20000000 -0.33889860E-06 -0.29545435E-06  0.71726461E-06   863.99999914   -23307.68508638
   13110   26.22000000 -0.35803412E-06 -0.27340094E-06  0.81358182E-06   863.99999914   -23307.68508623
   13120   26.24000000 -0.37030993E-06 -0.25075134E-06  0.89975703E-06   863.99999914   -23307.68508607
   13130   26.26000000 -0.37540114E-06 -0.22789315E-06  0.97423113E-06   863.99999914   -23307.68508592
   13140   26.28000000 -0.37309819E-06 -0.20510520E-06  0.10356723E-05   863.99999914   -23307.68508576
   13150   26.30000000 -0.36331229E-06 -0.18256700E-06  0.10830092E-05   863.99999914   -23307.68508560
   13160   26.32000000 -0.34607685E-06 -0.16037334E-06  0.11154554E-05   863.99999914   -23307.68508544
   13170   26.34000000 -0.32154760E-06 -0.13855169E-06  0.11325270E-05   863.99999914   -23307.68508529
   13180   26.36000000 -0.28999922E-06 -0.11708106E-06  0.11340494E-05   863.99999914   -23307.68508514
   13190   26.38000000 -0.25182098E-06 -0.95911266E-07  0.11201559E-05   863.99999914   -23307.68508498
   13200   26.40000000 -0.20750999E-06 -0.74980901E-07  0.10912767E-05   863.99999913   -23307.68508484
   13210   26.42000000 -0.15766381E-06 -0.54232403E-07  0.10481207E-05   863.99999913   -23307.68508469
   13220   26.44000000 -0.10297218E-06 -0.33624390E-07  0.99164985E-06   863.99999913   -23307.68508454
   13230   26.46000000 -0.44207722E-07 -0.13139548E-07  0.92304870E-06   863.99999913   -23307.68508440
   13240   26.48000000  0.17783777E-07  0.72120556E-08  0.84369027E-06   863.99999913   -23307.68508425
   13250   26.50000000  0.82093602E-07  0.27392860E-07  0.75509975E-06   863.99999913   -23307.68508411
   13260   26.52000000  0.14776124E-06  0.47341872E-07  0.65891710E-06   863.99999913   -23307.68508397
   13270   26.54000000  0.21378563E-06  0.66981006E-07  0.55686006E-06   863.99999913   -23307.68508383
   13280   26.56000000  0.27913759E-06  0.86223534E-07  0.45068812E-06   863.99999913   -23307.68508369
   13290   26.58000000  0.34277302E-06  0.10498264E-06  0.34216854E-06   863.99999913   -23307.68508355
   13300   26.60000000  0.40364616E-06  0.12317978E-06  0.23304446E-06   863.99999913   -23307.68508341
   13310   26.62000000  0.46072445E-06  0.14075176E-06  0.12500640E-06   863.99999913   -23307.68508327
   13320   26.64000000  0.51300352E-06  0.15765604E-06  0.19666249E-07   863.99999913   -23307.68508313
   13330   26.66000000  0.55952294E-06  0.17387381E-06 -0.81464011E-07   863.99999913   -23307.68508299
   13340   26.68000000  0.59938218E-06  0.18941045E-06 -0.17699078E-06   863.99999913   -23307.68508285
   13350   26.70000000  0.63175701E-06  0.20429385E-06 -0.26565218E-06   863.99999912   -23307.68508271
   13360   26.72000000  0.65591593E-06  0.21857082E-06 -0.34632812E-06   863.99999912   -23307.68508256
   13370   26.74000000  0.67123550E-06  0.23230143E-06 -0.41804567E-06   863.99999912   -23307.68508242
   13380   26.76000000  0.67721570E-06  0.24555296E-06 -0.47998138E-06   863.99999912   -23307.68508227
   13390   26.78000000  0.67349329E-06  0.25839239E-06 -0.53146073E-06   863.99999912   -23307.68508212
   13400   26.80000000  0.65985361E-06  0.27087914E-06 -0.57195520E-06   863.99999912   -23307.68508198
   13410   26.82000000  0.63624002E-06  0.28305761E-06 -0.60107876E-06   863.99999912   -23307.68508183
   13420   26.84000000  0.60276025E-06  0.29495046E-06 -0.61858382E-06   863.99999912   -23307.68508168
   13430   26.86000000  0.55969000E-06  0.30655299E-06 -0.62435853E-06   863.99999912   -23307.68508153
   13440   26.88000000  0.50747251E-06  0.31782828E-06 -0.61842484E-06   863.99999912   -23307.68508138
   13450   26.90000000  0.44671422E-06  0.32870487E-06 -0.60093813E-06   863.99999912   -23307.68508124
   13460   26.92000000  0.37817733E-06  0.33907506E-06 -0.57218861E-06   863.99999912   -23307.68508109
   13470   26.94000000  0.30276804E-06  0.34879548E-06 -0.53260302E-06   863.99999912   -23307.68508095
   13480   26.96000000  0.22152141E-06  0.35768915E-06 -0.48274579E-06   863.99999912   -23307.68508081
   13490   26.98000000  0.13558409E-06  0.36554898E-06 -0.42331893E-06   863.99999912   -23307.68508067
   13500   27.00000000  0.46193426E-07  0.37214248E-06 -0.35515887E-06   863.99999911   -23307.68508053
   13510   27.02000000 -0.45344823E-07  0.37721710E-06 -0.27922975E-06   863.99999911   -23307.68508040
   13520   27.04000000 -0.13768059E-06  0.38050545E-06 -0.19661128E-06   863.99999911   -23307.68508027
   13530   27.06000000 -0.22944450E-06  0.38173082E-06 -0.10848219E-06   863.99999911   -23307.68508013
   13540   27.08000000 -0.31927339E-06  0.38061190E-06 -0.16099102E-07   863.99999911   -23307.68508000
   13550   27.10000000 -0.40583612E-06  0.37686714E-06  0.79229893E-07   863.99999911   -23307.68507986
   13560   27.12000000 -0.48785877E-06  0.37021850E-06  0.17617352E-06   863.99999911   -23307.68507973
   13570   27.14000000 -0.56414961E-06  0.36039546E-06  0.27340773E-06   863.99999911   -23307.68507959
   13580   27.16000000 -0.63362203E-06  0.34713831E-06  0.36964565E-06   863.99999911   -23307.68507946
   13590   27.18000000 -0.69531578E-06  0.33020342E-06  0.46366579E-06   863.99999911   -23307.68507932
   13600   27.20000000 -0.74841523E-06  0.30936819E-06  0.55433678E-06   863.99999911   -23307.68507918
   13610   27.22000000 -0.79226488E-06  0.28443829E-06  0.64063757E-06   863.99999911   -23307.68507904
   13620   27.24000000 -0.82637984E-06  0.25525539E-06  0.72167201E-06   863.99999911   -23307.68507890
   13630   27.26000000 -0.85045228E-06  0.22170684E-06  0.79667796E-06   863.99999911   -23307.68507876
   13640   27.28000000 -0.86435228E-06  0.18373485E-06  0.86503004E-06   863.99999911   -23307.68507861
   13650   27.30000000 -0.86812370E-06  0.14134701E-06  0.92623756E-06   863.99999910   -23307.68507847
   13660   27.32000000 -0.86197350E-06  0.94625416E-07  0.97993678E-06   863.99999910   -23307.68507833
   13670   27.34000000 -0.84625742E-06  0.43734248E-07  0.10258804E-05   863.99999910   -23307.68507819
   13680   27.36000000 -0.82146035E-06 -0.11073769E-07  0.10639242E-05   863.99999910   -23307.68507805
   13690   27.38000000 -0.78817378E-06 -0.69454558E-07  0.10940121E-05   863.99999910   -23307.68507791
   13700   27.40000000 -0.74707089E-06 -0.13097193E-06  0.11161617E-05   863.99999910   -23307.68507776
   13710   27.42000000 -0.69888136E-06 -0.19510064E-06  0.11304500E-05   863.99999910   -23307.68507762
   13720   27.44000000 -0.64436685E-06 -0.26123229E-06  0.11370014E-05   863.99999910   -23307.68507748
   13730   27.46000000 -0.58429922E-06 -0.32868381E-06  0.11359777E-05   863.99999910   -23307.68507734
   13740   27.48000000 -0.51944197E-06 -0.39670930E-06  0.11275712E-05   863.99999910   -23307.68507720
   13750   27.50000000 -0.45053672E-06 -0.46451323E-06  0.11119995E-05   863.99999910   -23307.68507705
   13760   27.52000000 -0.37829515E-06 -0.53126544E-06  0.10895038E-05   863.99999910   -23307.68507690
   13770   27.54000000 -0.30339553E-06 -0.59611681E-06  0.10603482E-05   863.99999910   -23307.68507675
   13780   27.56000000 -0.22648510E-06 -0.65821511E-06  0.10248203E-05   863.99999910   -23307.68507660
   13790   27.58000000 -0.14818641E-06 -0.71672040E-06  0.98323364E-06   863.99999910   -23307.68507645
   13800   27.60000000 -0.69106850E-07 -0.77081875E-06  0.93592897E-06   863.99999909   -23307.68507630
   13810   27.62000000  0.10150637E-07 -0.81973503E-06  0.88327584E-06   863.99999909   -23307.68507614
   13820   27.64000000  0.88976575E-07 -0.86274265E-06  0.82567356E-06   863.99999909   -23307.68507599
   13830   27.66000000  0.16674635E-06 -0.89917196E-06  0.76355149E-06   863.99999909   -23307.68507584
   13840   27.68000000  0.24281414E-06 -0.92841585E-06  0.69736891E-06   863.99999909   -23307.68507569
   13850   27.70000000  0.31651126E-06 -0.94993452E-06  0.62761403E-06   863.99999909   -23307.68507554
   13860   27.72000000  0.38715010E-06 -0.96325841E-06  0.55480338E-06   863.99999909   -23307.68507540
   13870   27.74000000  0.45403282E-06 -0.96799099E-06  0.47948102E-06   863.99999909   -23307.68507525
   13880   27.76000000  0.51646527E-06 -0.96381265E-06  0.40221777E-06   863.99999909   -23307.68507511
   13890   27.78000000  0.57377485E-06 -0.95048528E-06  0.32361057E-06   863.99999909   -23307.68507497
   13900   27.80000000  0.62533107E-06 -0.92785877E-06  0.24428201E-06   863.99999909   -23307.68507483
   13910   27.82000000  0.67056775E-06 -0.89588008E-06  0.16487844E-06   863.99999909   -23307.68507469
   13920   27.84000000  0.70900446E-06 -0.85460341E-06  0.86067606E-07   863.99999909   -23307.68507455
   13930   27.86000000  0.74026610E-06 -0.80420261E-06  0.85344844E-08   863.99999909   -23307.68507440
   13940   27.88000000  0.76409851E-06 -0.74498337E-06 -0.67025544E-07   863.99999909   -23307.68507426
   13950   27.90000000  0.78037949E-06 -0.67739495E-06 -0.13991547E-06   863.99999908   -23307.68507412
   13960   27.92000000  0.78912394E-06 -0.60203901E-06 -0.20944842E-06   863.99999908   -23307.68507397
   13970   27.94000000  0.79048330E-06 -0.51967443E-06 -0.27496157E-06   863.99999908   -23307.68507383
   13980   27.96000000  0.78473840E-06 -0.43121638E-06 -0.33583189E-06   863.99999908   -23307.68507368
   13990   27.98000000  0.77228734E-06 -0.33772893E-06 -0.39149303E-06   863.99999908   -23307.68507354
   14000   28.00000000  0.75362776E-06 -0.24041018E-06 -0.44145184E-06   863.99999908   -23307.68507339
   14010   28.02000000  0.72933609E-06 -0.14056980E-06 -0.48530437E-06   863.99999908   -23307.68507324
   14020   28.04000000  0.70004442E-06 -0.39600113E-07 -0.52274852E-06   863.99999908   -23307.68507310
   14030   28.06000000  0.66641589E-06  0.61058737E-07 -0.55359458E-06   863.99999908   -23307.68507296
   14040   28.08000000  0.62912054E-06  0.15995730E-06 -0.57777105E-06   863.99999908   -23307.68507281
   14050   28.10000000  0.58881208E-06  0.25567672E-06 -0.59532609E-06   863.99999908   -23307.68507267
   14060   28.12000000  0.54610766E-06  0.34686815E-06 -0.60642470E-06   863.99999908   -23307.68507253
   14070   28.14000000  0.50157041E-06  0.43228871E-06 -0.61134003E-06   863.99999908   -23307.68507239
   14080   28.16000000  0.45569674E-06  0.51083199E-06 -0.61044167E-06   863.99999908   -23307.68507225
   14090   28.18000000  0.40890844E-06  0.58155154E-06 -0.60417886E-06   863.99999908   -23307.68507210
   14100   28.20000000  0.36154957E-06  0.64367606E-06 -0.59306166E-06   863.99999907   -23307.68507196
   14110   28.22000000  0.31388897E-06  0.69661663E-06 -0.57763887E-06   863.99999907   -23307.68507182
   14120   28.24000000  0.26612781E-06  0.73996475E-06 -0.55847598E-06   863.99999907   -23307.68507168
   14130   28.26000000  0.21841131E-06  0.77348402E-06 -0.53613159E-06   863.99999907   -23307.68507154
   14140   28.28000000  0.17084493E-06  0.79709558E-06 -0.51113595E-06   863.99999907   -23307.68507139
   14150   28.30000000  0.12351283E-06  0.81086014E-06 -0.48397132E-06   863.99999907   -23307.68507125
   14160   28.32000000  0.76496966E-07  0.81495827E-06 -0.45505528E-06   863.99999907   -23307.68507111
   14170   28.34000000  0.29897267E-07  0.80967011E-06 -0.42472789E-06   863.99999907   -23307.68507096
   14180   28.36000000 -0.16151231E-07  0.79535855E-06 -0.39324400E-06   863.99999907   -23307.68507082
   14190   28.38000000 -0.61463742E-07  0.77245400E-06 -0.36077013E-06   863.99999907   -23307.68507068
   14200   28.40000000 -0.10579627E-06  0.74144371E-06 -0.32738665E-06   863.99999907   -23307.68507054
   14210   28.42000000 -0.14884134E-06  0.70286581E-06 -0.29309521E-06   863.99999907   -23307.68507040
   14220   28.44000000 -0.19023007E-06  0.65730645E-06 -0.25783034E-06   863.99999907   -23307.68507026
   14230   28.46000000 -0.22954070E-06  0.60539980E-06 -0.22147458E-06   863.99999907   -23307.68507012
   14240   28.48000000 -0.26631189E-06  0.54783067E-06 -0.18387623E-06   863.99999907   -23307.68506999
   14250   28.50000000 -0.30006321E-06  0.48533695E-06 -0.14486812E-06   863.99999906   -23307.68506985
   14260   28.52000000 -0.33031739E-06  0.41871162E-06 -0.10428686E-06   863.99999906   -23307.68506972
   14270   28.54000000 -0.35662608E-06  0.34880265E-06 -0.61990147E-07   863.99999906   -23307.68506959
   14280   28.56000000 -0.37859556E-06  0.27650998E-06 -0.17871849E-07   863.99999906   -23307.68506946
   14290   28.58000000 -0.39591151E-06  0.20277902E-06  0.28125740E-07   863.99999906   -23307.68506933
   14300   28.60000000 -0.40836018E-06  0.12859064E-06  0.76004023E-07   863.99999906   -23307.68506920
   14310   28.62000000 -0.41584582E-06  0.54947470E-07  0.12570375E-06   863.99999906   -23307.68506906
   14320   28.64000000 -0.41840135E-06 -0.17142629E-07  0.17710496E-06   863.99999906   -23307.68506893
   14330   28.66000000 -0.41619240E-06 -0.86685080E-07  0.23002963E-06   863.99999906   -23307.68506880
   14340   28.68000000 -0.40951472E-06 -0.15271864E-06  0.28424819E-06   863.99999906   -23307.68506866
   14350   28.70000000 -0.39878401E-06 -0.21433534E-06  0.33948629E-06   863.99999906   -23307.68506852
   14360   28.72000000 -0.38451986E-06 -0.27070006E-06  0.39543352E-06   863.99999906   -23307.68506838
   14370   28.74000000 -0.36732384E-06 -0.32106836E-06  0.45175129E-06   863.99999906   -23307.68506824
   14380   28.76000000 -0.34785307E-06 -0.36480310E-06  0.50807995E-06   863.99999906   -23307.68506809
   14390   28.78000000 -0.32679162E-06 -0.40138741E-06  0.56404501E-06   863.99999906   -23307.68506794
   14400   28.80000000 -0.30482083E-06 -0.43043628E-06  0.61926119E-06   863.99999905   -23307.68506779
   14410   28.82000000 -0.28259043E-06 -0.45170454E-06  0.67333513E-06   863.99999905   -23307.68506764
   14420   28.84000000 -0.26069117E-06 -0.46509175E-06  0.72586678E-06   863.99999905   -23307.68506749
   14430   28.86000000 -0.23963166E-06 -0.47064497E-06  0.77644999E-06   863.99999905   -23307.68506734
   14440   28.88000000 -0.21981904E-06 -0.46855803E-06  0.82467299E-06   863.99999905   -23307.68506719
   14450   28.90000000 -0.20154524E-06 -0.45916767E-06  0.87011858E-06   863.99999905   -23307.68506705
   14460   28.92000000 -0.18497908E-06 -0.44294709E-06  0.91236603E-06   863.99999905   -23307.68506690
   14470   28.94000000 -0.17016392E-06 -0.42049594E-06  0.95099332E-06   863.99999905   -23307.68506676
   14480   28.96000000 -0.15702062E-06 -0.39252748E-06  0.98558074E-06   863.99999905   -23307.68506662
   14490   28.98000000 -0.14535594E-06 -0.35985286E-06  0.10157162E-05   863.99999905   -23307.68506648
   14500   29.00000000 -0.13487523E-06 -0.32336232E-06  0.10410009E-05   863.99999905   -23307.68506634
   14510   29.02000000 -0.12519853E-06 -0.28400467E-06  0.10610565E-05   863.99999905   -23307.68506621
   14520   29.04000000 -0.11588021E-06 -0.24276389E-06  0.10755308E-05   863.99999905   -23307.68506607
   14530   29.06000000 -0.10642938E-06 -0.20063501E-06  0.10841052E-05   863.99999905   -23307.68506594
   14540   29.08000000 -0.96332218E-07 -0.15859932E-06  0.10864998E-05   863.99999905   -23307.68506581
   14550   29.10000000 -0.85074429E-07 -0.11760025E-06  0.10824787E-05   863.99999904   -23307.68506568
   14560   29.12000000 -0.72162966E-07 -0.78519855E-07  0.10718535E-05   863.99999904   -23307.68506555
   14570   29.14000000 -0.57146774E-07 -0.42158239E-07  0.10544868E-05   863.99999904   -23307.68506541
   14580   29.16000000 -0.39635396E-07 -0.92152424E-08  0.10302945E-05   863.99999904   -23307.68506527
   14590   29.18000000 -0.19315632E-07  0.19723198E-07  0.99924862E-06   863.99999904   -23307.68506513
   14600   29.20000000  0.40345999E-08  0.44195304E-07  0.96138069E-06   863.99999904   -23307.68506499
   14610   29.22000000  0.30535640E-07  0.63868497E-07  0.91678555E-06   863.99999904   -23307.68506485
   14620   29.24000000  0.60199166E-07  0.78539682E-07  0.86562660E-06   863.99999904   -23307.68506470
   14630   29.26000000  0.92924418E-07  0.88131363E-07  0.80814234E-06   863.99999904   -23307.68506455
   14640   29.28000000  0.12849823E-06  0.92683745E-07  0.74465321E-06   863.99999904   -23307.68506440
   14650   29.30000000  0.16659852E-06  0.92343320E-07  0.67556862E-06   863.99999904   -23307.68506424
   14660   29.32000000  0.20680136E-06  0.87348710E-07  0.60139353E-06   863.99999904   -23307.68506409
   14670   29.34000000  0.24859114E-06  0.78015654E-07  0.52273358E-06   863.99999904   -23307.68506394
   14680   29.36000000  0.29137386E-06  0.64721114E-07  0.44029622E-06   863.99999904   -23307.68506379
   14690   29.38000000  0.33449245E-06  0.47888112E-07  0.35488918E-06   863.99999904   -23307.68506363
   14700   29.40000000  0.37724460E-06  0.27972357E-07  0.26741461E-06   863.99999903   -23307.68506349
   14710   29.42000000  0.41890149E-06  0.54507559E-08  0.17885795E-06   863.99999903   -23307.68506334
   14720   29.44000000  0.45872789E-06 -0.19187582E-07  0.90272314E-07   863.99999903   -23307.68506320
   14730   29.46000000  0.49600220E-06 -0.45446911E-07  0.27584546E-08   863.99999903   -23307.68506305
   14740   29.48000000  0.53003562E-06 -0.72828338E-07 -0.82559387E-07   863.99999903   -23307.68506292
   14750   29.50000000  0.56019074E-06 -0.10083090E-06 -0.16456003E-06   863.99999903   -23307.68506278
   14760   29.52000000  0.58589795E-06 -0.12895101E-06 -0.24215392E-06   863.99999903   -23307.68506265
   14770   29.54000000  0.60667017E-06 -0.15668102E-06 -0.31431164E-06   863.99999903   -23307.68506252
   14780   29.56000000  0.62211430E-06 -0.18350855E-06 -0.38009242E-06   863.99999903   -23307.68506238
   14790   29.58000000  0.63194051E-06 -0.20891613E-06 -0.43866956E-06   863.99999903   -23307.68506225
   14800   29.60000000  0.63596765E-06 -0.23238320E-06 -0.48935374E-06   863.99999903   -23307.68506212
   14810   29.62000000  0.63412684E-06 -0.25339028E-06 -0.53161131E-06   863.99999903   -23307.68506199
   14820   29.64000000  0.62646164E-06 -0.27142637E-06 -0.56507832E-06   863.99999903   -23307.68506186
   14830   29.66000000  0.61312571E-06 -0.28599891E-06 -0.58956889E-06   863.99999903   -23307.68506173
   14840   29.68000000  0.59437853E-06 -0.29664665E-06 -0.60507780E-06   863.99999903   -23307.68506159
   14850   29.70000000  0.57057826E-06 -0.30295524E-06 -0.61177716E-06   863.99999903   -23307.68506145
   14860   29.72000000  0.54217323E-06 -0.30457398E-06 -0.61000745E-06   863.99999902   -23307.68506131
   14870   29.74000000  0.50969113E-06 -0.30123352E-06 -0.60026306E-06   863.99999902   -23307.68506116
   14880   29.76000000  0.47372660E-06 -0.29276227E-06 -0.58317304E-06   863.99999902   -23307.68506101
   14890   29.78000000  0.43492689E-06 -0.27910193E-06 -0.55947843E-06   863.99999902   -23307.68506086
   14900   29.80000000  0.39397596E-06 -0.26031955E-06 -0.53000560E-06   863.99999902   -23307.68506071
   14910   29.82000000  0.35157741E-06 -0.23661541E-06 -0.49563864E-06   863.99999902   -23307.68506056
   14920   29.84000000  0.30843549E-06 -0.20832553E-06 -0.45729070E-06   863.99999902   -23307.68506041
   14930   29.86000000  0.26523646E-06 -0.17591913E-06 -0.41587571E-06   863.99999902   -23307.68506026
   14940   29.88000000  0.22262944E-06 -0.13998878E-06 -0.37228220E-06   863.99999902   -23307.68506011
   14950   29.90000000  0.18120807E-06 -0.10123572E-06 -0.32734926E-06   863.99999902   -23307.68505996
   14960   29.92000000  0.14149399E-06 -0.60449072E-07 -0.28184622E-06   863.99999902   -23307.68505982
   14970   29.94000000  0.10392256E-06 -0.18481167E-07 -0.23645603E-06   863.99999902   -23307.68505967
   14980   29.96000000  0.68832195E-07  0.23781065E-07 -0.19176339E-06   863.99999902   -23307.68505953
   14990   29.98000000  0.36456896E-07  0.65445922E-07 -0.14824714E-06   863.99999902   -23307.68505938
   15000   30.00000000  0.69235646E-08  0.10564712E-06 -0.10627684E-06   863.99999902   -23307.68505924
=== application breakdown [s] ===
total calculation time,7395.50044107
rt calculation                         min         max     average   std. dev.  difference    relative
rt initialization              0.58174E-04 0.48566E-03 0.17314E-03 0.49906E-04 0.42748E-03 0.83484E+01
reading lda data               0.36082E+01 0.36374E+01 0.36110E+01 0.32986E-02 0.29286E-01 0.10081E+01
reading rt data                0.21751E-02 0.35040E-02 0.25028E-02 0.13052E-03 0.13289E-02 0.16110E+01
prep. time prop.               0.29302E-03 0.82831E-02 0.10170E-02 0.32042E-03 0.79901E-02 0.28269E+02
rt iterations                  0.73907E+04 0.73907E+04 0.73907E+04 0.14920E-03 0.10049E-02 0.10000E+01
after writing rt data          0.19073E-05 0.97514E+00 0.11765E-03 0.10278E-01 0.97514E+00 0.51125E+06
in rt iterations                       min         max     average   std. dev.  difference    relative
Vbox                           0.13074E+01 0.15305E+01 0.14141E+01 0.32184E-01 0.22312E+00 0.11707E+01
time propagation               0.56171E+04 0.58258E+04 0.57520E+04 0.33969E+02 0.20870E+03 0.10372E+01
calculating rho                0.12310E+03 0.32931E+03 0.19598E+03 0.33923E+02 0.20621E+03 0.26751E+01
Hartree routine                0.40434E+02 0.48704E+02 0.44832E+02 0.14959E+01 0.82698E+01 0.12045E+01
Exc_Cor routine                0.61925E+01 0.10087E+02 0.80557E+01 0.66216E+00 0.38944E+01 0.16289E+01
calculating curr               0.11545E+04 0.11546E+04 0.11546E+04 0.17893E-01 0.97542E-01 0.10001E+01
calc. projection               0.40014E-02 0.86515E-02 0.59137E-02 0.61917E-03 0.46501E-02 0.21621E+01
writing energies               0.14829E+01 0.19438E+01 0.15882E+01 0.11571E+00 0.46087E+00 0.13108E+01
calc_eigen_energy              0.21059E+03 0.21107E+03 0.21078E+03 0.71984E-01 0.47346E+00 0.10022E+01
calc_total_energy_periodic     0.17397E+02 0.21590E+02 0.18983E+02 0.58406E+00 0.41924E+01 0.12410E+01
writing info etc.              0.93558E-02 0.40062E+00 0.11368E-01 0.41784E-02 0.39127E+00 0.42821E+02
total_energy module                    min         max     average   std. dev.  difference    relative
periodic calc.                 0.28895E+01 0.95756E+01 0.48145E+01 0.15009E+01 0.66861E+01 0.33139E+01
periodic comm. coll.           0.90987E+01 0.18319E+02 0.14152E+02 0.16240E+01 0.92200E+01 0.20133E+01
eigen_energy calc.             0.35833E+02 0.38921E+02 0.37787E+02 0.38563E+00 0.30885E+01 0.10862E+01
eigen_energy comm. coll.       0.45621E+01 0.10904E+02 0.74985E+01 0.81000E+00 0.63416E+01 0.23900E+01
eigen_energy hpsi              0.14802E+03 0.15384E+03 0.14987E+03 0.72172E+00 0.58208E+01 0.10393E+01
density_matrix module                  min         max     average   std. dev.  difference    relative
density calc.                  0.79740E+02 0.14513E+03 0.10828E+03 0.12021E+02 0.65389E+02 0.18200E+01
density comm. coll.            0.27632E+02 0.19044E+03 0.87454E+02 0.24810E+02 0.16281E+03 0.68921E+01
current calc.                  0.25132E+03 0.27475E+03 0.26114E+03 0.35932E+01 0.23430E+02 0.10932E+01
current rDivided uVpsi calc.   0.11417E+03 0.11740E+03 0.11569E+03 0.46397E+00 0.32323E+01 0.10283E+01
current comm. coll.            0.80063E+02 0.12465E+03 0.10678E+03 0.53155E+01 0.44583E+02 0.15568E+01
current comm. halo.            0.64158E+03 0.70123E+03 0.67084E+03 0.80907E+01 0.59649E+02 0.10930E+01
conjugate_gradient module              min         max     average   std. dev.  difference    relative
subspace_diag module                   min         max     average   std. dev.  difference    relative
subspace_diag so module                min         max     average   std. dev.  difference    relative
force module                           min         max     average   std. dev.  difference    relative
init_ps                                min         max     average   std. dev.  difference    relative
hamiltonian module                     min         max     average   std. dev.  difference    relative
total                          0.49428E+04 0.51550E+04 0.50338E+04 0.33244E+02 0.21215E+03 0.10429E+01
update overlap (comm.)         0.26265E+04 0.30353E+04 0.27796E+04 0.54963E+02 0.40886E+03 0.11557E+01
stencil                        0.10740E+04 0.13262E+04 0.11818E+04 0.25691E+02 0.25219E+03 0.12348E+01
subtraction                    0.26558E+02 0.30186E+02 0.28567E+02 0.42722E+00 0.36277E+01 0.11366E+01
pseudo-pt                      0.93700E+03 0.11210E+04 0.10214E+04 0.25130E+02 0.18399E+03 0.11964E+01
pseudo-pt (comm.)              0.40897E+02 0.28523E+03 0.13773E+03 0.32079E+02 0.24433E+03 0.69743E+01
hpsi-overlapped                        min         max     average   std. dev.  difference    relative
checkpoint/restart                     min         max     average   std. dev.  difference    relative
restart self                   0.27019E+01 0.31157E+01 0.27099E+01 0.32967E-01 0.41380E+00 0.11531E+01
restart sync                   0.31123E+01 0.31238E+01 0.31169E+01 0.13227E-02 0.11447E-01 0.10037E+01
=== performance [GFLOPS] ===
end SALMON
