##############################################################################
# SALMON: Scalable Ab-initio Light-Matter simulator for Optics and Nanoscience
#
#                             Version 2.2.1
##############################################################################
  Libxc: [enabled] 6.2.2
   theory= tddft_pulse
 
 Total time step      =       15000
 Time step[fs]        =  2.000000000000000E-003
 Energy range         =        3000
 Energy resolution[eV]=  1.000000000000000E-002
Laser frequency     = 0.17[eV]
Pulse width of laser=     12.00000000[fs]
Laser intensity     =  0.22000000E+10[W/cm^2]
   use of real value orbitals =  F
 ======
 MPI distribution:
   nproc_k     :         125
   nproc_ob    :           4
   nproc_rgrid :           3           2           3
 OpenMP parallelization:
   number of threads :           1
 hpsi stencil:
   enables hand-coding vectorization : F
   enables openmp parallelization    : F
 current:
   k,orbital parallelized of openmp  : T
 force:
   k,orbital parallelized of openmp  : T
 ===================pseudopotential data===================
 ik ,atom_symbol=           1 Si
 ps_format =KY              
 ps_file =./Si_rps.dat
 Zps(ik), Mlps(ik) =           4           2
 Rps(ik), NRps(ik) =   2.26767135054939              122
 Lref(ik) =           2
 nproj(ik,l) =           1           1           1
 anorm(ik,l) =  0.6193218      0.3646551      0.0000000E+00
 inorm(ik,l) =           1           1           0
 Mass(ik) =   28.0000000000000     
 flag_nlcc_element(ik) = F
 ==========================================================
 flag_nlcc =  F
 
 ============init_ps==============
 end init_ps
 Maximal rho_NLCC= 0.000000000000000E+000
 Maximal tau_NLCC= 0.000000000000000E+000
 == Ewald ==
 cutoff length in real-space in ewald =  4.00 [A]
 (buffer length in bookkeeping =  2.00 [A])
 cutoff length in G-space in ewald =  0.1870828864+102 [1/A]
 number of ion-ion pair(/atom) used for allocation of bookkeeping=    68
 ===========
   Static dipole moment(xyz) =   -0.7033932583E+04   -0.7046260269E+04   -0.7055781716E+04
 
 
  time-step  time[fs]                               Current(xyz)[a.u.]      electrons Total energy[eV] 
#----------------------------------------------------------------------
      10    0.02000000 -0.79042600E-09  0.20128496E-13 -0.78061815E-13   864.00000000   -23331.01063831
      20    0.04000000 -0.36550779E-08 -0.78282890E-13 -0.46068651E-12   864.00000000   -23331.01063831
      30    0.06000000 -0.92959120E-08  0.93178196E-12 -0.22921192E-11   864.00000000   -23331.01063831
      40    0.08000000 -0.18343634E-07  0.38682446E-11 -0.62636514E-11   864.00000000   -23331.01063830
      50    0.10000000 -0.31323277E-07  0.10247491E-10 -0.14041447E-10   864.00000000   -23331.01063829
      60    0.12000000 -0.48647282E-07  0.21719498E-10 -0.27223924E-10   864.00000000   -23331.01063827
      70    0.14000000 -0.70634007E-07  0.39695115E-10 -0.46828069E-10   864.00000000   -23331.01063822
      80    0.16000000 -0.97512340E-07  0.65854176E-10 -0.73736243E-10   864.00000000   -23331.01063814
      90    0.18000000 -0.12943119E-06  0.10127571E-09 -0.10738326E-09   864.00000000   -23331.01063800
     100    0.20000000 -0.16647502E-06  0.14689100E-09 -0.14664457E-09   864.00000000   -23331.01063777
     110    0.22000000 -0.20866328E-06  0.20354713E-09 -0.18936136E-09   864.00000000   -23331.01063743
     120    0.24000000 -0.25594797E-06  0.27148625E-09 -0.23231748E-09   863.99999999   -23331.01063693
     130    0.26000000 -0.30821858E-06  0.35048545E-09 -0.27148534E-09   863.99999999   -23331.01063622
     140    0.28000000 -0.36530529E-06  0.43974822E-09 -0.30174632E-09   863.99999999   -23331.01063524
     150    0.30000000 -0.42698196E-06  0.53779812E-09 -0.31708496E-09   863.99999999   -23331.01063393
     160    0.32000000 -0.49297311E-06  0.64314933E-09 -0.31093853E-09   863.99999999   -23331.01063220
     170    0.34000000 -0.56296209E-06  0.75389465E-09 -0.27649313E-09   863.99999999   -23331.01062998
     180    0.36000000 -0.63659700E-06  0.86814167E-09 -0.20666093E-09   863.99999999   -23331.01062717
     190    0.38000000 -0.71349616E-06  0.98359196E-09 -0.93906299E-10   863.99999999   -23331.01062366
     200    0.40000000 -0.79325700E-06  0.10980468E-08  0.69043537E-10   863.99999999   -23331.01061933
     210    0.42000000 -0.87546707E-06  0.12094852E-08  0.28926193E-09   863.99999999   -23331.01061407
     220    0.44000000 -0.95970687E-06  0.13156576E-08  0.57327534E-09   863.99999999   -23331.01060774
     230    0.46000000 -0.10455537E-05  0.14145370E-08  0.92743950E-09   863.99999999   -23331.01060021
     240    0.48000000 -0.11325883E-05  0.15039406E-08  0.13579575E-08   863.99999999   -23331.01059134
     250    0.50000000 -0.12203992E-05  0.15816822E-08  0.18702957E-08   863.99999999   -23331.01058097
     260    0.52000000 -0.13085866E-05  0.16454874E-08  0.24695187E-08   863.99999999   -23331.01056895
     270    0.54000000 -0.13967633E-05  0.16929230E-08  0.31594339E-08   863.99999999   -23331.01055514
     280    0.56000000 -0.14845556E-05  0.17221567E-08  0.39430917E-08   863.99999999   -23331.01053936
     290    0.58000000 -0.15716039E-05  0.17312143E-08  0.48226113E-08   863.99999999   -23331.01052146
     300    0.60000000 -0.16575658E-05  0.17185383E-08  0.57993813E-08   863.99999999   -23331.01050128
     310    0.62000000 -0.17421207E-05  0.16827467E-08  0.68734801E-08   863.99999999   -23331.01047866
     320    0.64000000 -0.18249718E-05  0.16226032E-08  0.80440685E-08   863.99999999   -23331.01045345
     330    0.66000000 -0.19058480E-05  0.15373713E-08  0.93092625E-08   863.99999999   -23331.01042547
     340    0.68000000 -0.19845068E-05  0.14265885E-08  0.10666077E-07   863.99999999   -23331.01039460
     350    0.70000000 -0.20607359E-05  0.12898923E-08  0.12110726E-07   863.99999998   -23331.01036067
     360    0.72000000 -0.21343536E-05  0.11272721E-08  0.13638708E-07   863.99999998   -23331.01032355
     370    0.74000000 -0.22052101E-05  0.93876558E-09  0.15244420E-07   863.99999998   -23331.01028310
     380    0.76000000 -0.22731878E-05  0.72447791E-09  0.16921351E-07   863.99999998   -23331.01023918
     390    0.78000000 -0.23381975E-05  0.48436394E-09  0.18662841E-07   863.99999998   -23331.01019169
     400    0.80000000 -0.24001759E-05  0.21865852E-09  0.20461307E-07   863.99999998   -23331.01014049
     410    0.82000000 -0.24590863E-05 -0.72314007E-10  0.22308521E-07   863.99999998   -23331.01008548
     420    0.84000000 -0.25149175E-05 -0.38841303E-09  0.24195950E-07   863.99999998   -23331.01002655
     430    0.86000000 -0.25676830E-05 -0.72910873E-09  0.26114618E-07   863.99999998   -23331.00996361
     440    0.88000000 -0.26174185E-05 -0.10942281E-08  0.28055152E-07   863.99999998   -23331.00989656
     450    0.90000000 -0.26641813E-05 -0.14829831E-08  0.30008342E-07   863.99999998   -23331.00982533
     460    0.92000000 -0.27080495E-05 -0.18945961E-08  0.31964604E-07   863.99999998   -23331.00974984
     470    0.94000000 -0.27491197E-05 -0.23284209E-08  0.33914240E-07   863.99999998   -23331.00967000
     480    0.96000000 -0.27875061E-05 -0.27833662E-08  0.35847414E-07   863.99999998   -23331.00958577
     490    0.98000000 -0.28233378E-05 -0.32581894E-08  0.37754455E-07   863.99999998   -23331.00949707
     500    1.00000000 -0.28567557E-05 -0.37512560E-08  0.39625614E-07   863.99999998   -23331.00940385
     510    1.02000000 -0.28879111E-05 -0.42610365E-08  0.41451322E-07   863.99999998   -23331.00930605
     520    1.04000000 -0.29169619E-05 -0.47856026E-08  0.43222686E-07   863.99999998   -23331.00920362
     530    1.06000000 -0.29440710E-05 -0.53230398E-08  0.44930900E-07   863.99999998   -23331.00909650
     540    1.08000000 -0.29694033E-05 -0.58712640E-08  0.46567837E-07   863.99999998   -23331.00898466
     550    1.10000000 -0.29931241E-05 -0.64278225E-08  0.48125921E-07   863.99999998   -23331.00886803
     560    1.12000000 -0.30153964E-05 -0.69902444E-08  0.49598162E-07   863.99999998   -23331.00874656
     570    1.14000000 -0.30363797E-05 -0.75560290E-08  0.50978355E-07   863.99999998   -23331.00862022
     580    1.16000000 -0.30562287E-05 -0.81223607E-08  0.52260919E-07   863.99999997   -23331.00848893
     590    1.18000000 -0.30750937E-05 -0.86863159E-08  0.53441145E-07   863.99999997   -23331.00835266
     600    1.20000000 -0.30931180E-05 -0.92447379E-08  0.54514962E-07   863.99999997   -23331.00821135
     610    1.22000000 -0.31104364E-05 -0.97946845E-08  0.55478977E-07   863.99999997   -23331.00806493
     620    1.24000000 -0.31271746E-05 -0.10332866E-07  0.56330858E-07   863.99999997   -23331.00791335
     630    1.26000000 -0.31434483E-05 -0.10855913E-07  0.57069055E-07   863.99999997   -23331.00775654
     640    1.28000000 -0.31593631E-05 -0.11360876E-07  0.57692914E-07   863.99999997   -23331.00759443
     650    1.30000000 -0.31750136E-05 -0.11844404E-07  0.58202585E-07   863.99999997   -23331.00742697
     660    1.32000000 -0.31904838E-05 -0.12303375E-07  0.58599109E-07   863.99999997   -23331.00725406
     670    1.34000000 -0.32058465E-05 -0.12734799E-07  0.58884322E-07   863.99999997   -23331.00707565
     680    1.36000000 -0.32211631E-05 -0.13135614E-07  0.59061036E-07   863.99999997   -23331.00689164
     690    1.38000000 -0.32364836E-05 -0.13502976E-07  0.59132861E-07   863.99999997   -23331.00670197
     700    1.40000000 -0.32518475E-05 -0.13834384E-07  0.59103915E-07   863.99999997   -23331.00650655
     710    1.42000000 -0.32672831E-05 -0.14127403E-07  0.58979135E-07   863.99999997   -23331.00630530
     720    1.44000000 -0.32828074E-05 -0.14380030E-07  0.58763988E-07   863.99999997   -23331.00609812
     730    1.46000000 -0.32984268E-05 -0.14590405E-07  0.58464318E-07   863.99999997   -23331.00588495
     740    1.48000000 -0.33141377E-05 -0.14757008E-07  0.58086406E-07   863.99999997   -23331.00566569
     750    1.50000000 -0.33299266E-05 -0.14878629E-07  0.57637048E-07   863.99999997   -23331.00544027
     760    1.52000000 -0.33457720E-05 -0.14954512E-07  0.57123124E-07   863.99999997   -23331.00520860
     770    1.54000000 -0.33616449E-05 -0.14984162E-07  0.56552081E-07   863.99999997   -23331.00497060
     780    1.56000000 -0.33775095E-05 -0.14967354E-07  0.55931313E-07   863.99999997   -23331.00472620
     790    1.58000000 -0.33933233E-05 -0.14904487E-07  0.55268697E-07   863.99999997   -23331.00447533
     800    1.60000000 -0.34090374E-05 -0.14795919E-07  0.54571827E-07   863.99999997   -23331.00421792
     810    1.62000000 -0.34245975E-05 -0.14642675E-07  0.53848320E-07   863.99999996   -23331.00395391
     820    1.64000000 -0.34399447E-05 -0.14445839E-07  0.53105671E-07   863.99999996   -23331.00368325
     830    1.66000000 -0.34550165E-05 -0.14207062E-07  0.52351287E-07   863.99999996   -23331.00340590
     840    1.68000000 -0.34697467E-05 -0.13928329E-07  0.51592222E-07   863.99999996   -23331.00312180
     850    1.70000000 -0.34840661E-05 -0.13611907E-07  0.50835553E-07   863.99999996   -23331.00283093
     860    1.72000000 -0.34979036E-05 -0.13260365E-07  0.50087698E-07   863.99999996   -23331.00253327
     870    1.74000000 -0.35111865E-05 -0.12876323E-07  0.49354832E-07   863.99999996   -23331.00222880
     880    1.76000000 -0.35238414E-05 -0.12463030E-07  0.48642626E-07   863.99999996   -23331.00191753
     890    1.78000000 -0.35357950E-05 -0.12023737E-07  0.47956385E-07   863.99999996   -23331.00159946
     900    1.80000000 -0.35469750E-05 -0.11561657E-07  0.47300614E-07   863.99999996   -23331.00127462
     910    1.82000000 -0.35573107E-05 -0.11080447E-07  0.46679694E-07   863.99999996   -23331.00094303
     920    1.84000000 -0.35667346E-05 -0.10583478E-07  0.46097393E-07   863.99999996   -23331.00060474
     930    1.86000000 -0.35751816E-05 -0.10074564E-07  0.45557021E-07   863.99999996   -23331.00025982
     940    1.88000000 -0.35825902E-05 -0.95575369E-08  0.45060925E-07   863.99999996   -23330.99990832
     950    1.90000000 -0.35889025E-05 -0.90362373E-08  0.44611295E-07   863.99999996   -23330.99955033
     960    1.92000000 -0.35940641E-05 -0.85146735E-08  0.44209512E-07   863.99999996   -23330.99918595
     970    1.94000000 -0.35980257E-05 -0.79968716E-08  0.43856507E-07   863.99999996   -23330.99881529
     980    1.96000000 -0.36007428E-05 -0.74865600E-08  0.43552901E-07   863.99999996   -23330.99843846
     990    1.98000000 -0.36021764E-05 -0.69878384E-08  0.43298686E-07   863.99999996   -23330.99805559
    1000    2.00000000 -0.36022924E-05 -0.65043890E-08  0.43093400E-07   863.99999996   -23330.99766683
    1010    2.02000000 -0.36010632E-05 -0.60400431E-08  0.42936262E-07   863.99999996   -23330.99727233
    1020    2.04000000 -0.35984667E-05 -0.55982382E-08  0.42825815E-07   863.99999996   -23330.99687227
    1030    2.06000000 -0.35944866E-05 -0.51820497E-08  0.42760379E-07   863.99999996   -23330.99646681
    1040    2.08000000 -0.35891121E-05 -0.47945412E-08  0.42737744E-07   863.99999995   -23330.99605615
    1050    2.10000000 -0.35823386E-05 -0.44382609E-08  0.42755166E-07   863.99999995   -23330.99564047
    1060    2.12000000 -0.35741664E-05 -0.41154759E-08  0.42809702E-07   863.99999995   -23330.99521999
    1070    2.14000000 -0.35646015E-05 -0.38284156E-08  0.42897993E-07   863.99999995   -23330.99479491
    1080    2.16000000 -0.35536550E-05 -0.35787458E-08  0.43016218E-07   863.99999995   -23330.99436545
    1090    2.18000000 -0.35413426E-05 -0.33679624E-08  0.43160716E-07   863.99999995   -23330.99393184
    1100    2.20000000 -0.35276842E-05 -0.31971426E-08  0.43327367E-07   863.99999995   -23330.99349432
    1110    2.22000000 -0.35127035E-05 -0.30670832E-08  0.43511915E-07   863.99999995   -23330.99305311
    1120    2.24000000 -0.34964278E-05 -0.29781321E-08  0.43709996E-07   863.99999995   -23330.99260846
    1130    2.26000000 -0.34788871E-05 -0.29301427E-08  0.43917427E-07   863.99999995   -23330.99216060
    1140    2.28000000 -0.34601139E-05 -0.29229721E-08  0.44129820E-07   863.99999995   -23330.99170980
    1150    2.30000000 -0.34401429E-05 -0.29558580E-08  0.44342981E-07   863.99999995   -23330.99125629
    1160    2.32000000 -0.34190101E-05 -0.30277750E-08  0.44552405E-07   863.99999995   -23330.99080034
    1170    2.34000000 -0.33967530E-05 -0.31373338E-08  0.44753895E-07   863.99999995   -23330.99034218
    1180    2.36000000 -0.33734096E-05 -0.32827520E-08  0.44943148E-07   863.99999995   -23330.98988208
    1190    2.38000000 -0.33490184E-05 -0.34619634E-08  0.45115798E-07   863.99999995   -23330.98942029
    1200    2.40000000 -0.33236176E-05 -0.36727046E-08  0.45267893E-07   863.99999995   -23330.98895706
    1210    2.42000000 -0.32972448E-05 -0.39122323E-08  0.45395409E-07   863.99999995   -23330.98849265
    1220    2.44000000 -0.32699363E-05 -0.41778781E-08  0.45494633E-07   863.99999995   -23330.98802730
    1230    2.46000000 -0.32417269E-05 -0.44663580E-08  0.45562050E-07   863.99999995   -23330.98756128
    1240    2.48000000 -0.32126493E-05 -0.47742192E-08  0.45594520E-07   863.99999995   -23330.98709483
    1250    2.50000000 -0.31827342E-05 -0.50981830E-08  0.45589243E-07   863.99999995   -23330.98662821
    1260    2.52000000 -0.31520094E-05 -0.54345126E-08  0.45543769E-07   863.99999995   -23330.98616166
    1270    2.54000000 -0.31204996E-05 -0.57795890E-08  0.45456239E-07   863.99999994   -23330.98569544
    1280    2.56000000 -0.30882270E-05 -0.61296532E-08  0.45325128E-07   863.99999994   -23330.98522980
    1290    2.58000000 -0.30552101E-05 -0.64810800E-08  0.45149130E-07   863.99999994   -23330.98476498
    1300    2.60000000 -0.30214645E-05 -0.68302482E-08  0.44927460E-07   863.99999994   -23330.98430124
    1310    2.62000000 -0.29870025E-05 -0.71734011E-08  0.44659616E-07   863.99999994   -23330.98383882
    1320    2.64000000 -0.29518334E-05 -0.75070475E-08  0.44345383E-07   863.99999994   -23330.98337797
    1330    2.66000000 -0.29159635E-05 -0.78279957E-08  0.43985044E-07   863.99999994   -23330.98291895
    1340    2.68000000 -0.28793967E-05 -0.81328304E-08  0.43578971E-07   863.99999994   -23330.98246202
    1350    2.70000000 -0.28421340E-05 -0.84184740E-08  0.43127862E-07   863.99999994   -23330.98200741
    1360    2.72000000 -0.28041739E-05 -0.86823135E-08  0.42632923E-07   863.99999994   -23330.98155540
    1370    2.74000000 -0.27655126E-05 -0.89218865E-08  0.42095272E-07   863.99999994   -23330.98110624
    1380    2.76000000 -0.27261437E-05 -0.91347887E-08  0.41516537E-07   863.99999994   -23330.98066018
    1390    2.78000000 -0.26860591E-05 -0.93192461E-08  0.40898542E-07   863.99999994   -23330.98021749
    1400    2.80000000 -0.26452492E-05 -0.94735565E-08  0.40242911E-07   863.99999994   -23330.97977844
    1410    2.82000000 -0.26037029E-05 -0.95964624E-08  0.39551635E-07   863.99999994   -23330.97934329
    1420    2.84000000 -0.25614080E-05 -0.96872890E-08  0.38826792E-07   863.99999994   -23330.97891232
    1430    2.86000000 -0.25183517E-05 -0.97454069E-08  0.38070528E-07   863.99999994   -23330.97848579
    1440    2.88000000 -0.24745207E-05 -0.97703536E-08  0.37284919E-07   863.99999994   -23330.97806399
    1450    2.90000000 -0.24299014E-05 -0.97619343E-08  0.36472243E-07   863.99999994   -23330.97764718
    1460    2.92000000 -0.23844803E-05 -0.97201967E-08  0.35634481E-07   863.99999994   -23330.97723567
    1470    2.94000000 -0.23382448E-05 -0.96454790E-08  0.34773761E-07   863.99999994   -23330.97682972
    1480    2.96000000 -0.22911826E-05 -0.95383852E-08  0.33891990E-07   863.99999994   -23330.97642962
    1490    2.98000000 -0.22432826E-05 -0.93997291E-08  0.32991137E-07   863.99999994   -23330.97603567
    1500    3.00000000 -0.21945348E-05 -0.92305249E-08  0.32073029E-07   863.99999993   -23330.97564815
    1510    3.02000000 -0.21449306E-05 -0.90319968E-08  0.31139211E-07   863.99999993   -23330.97526736
    1520    3.04000000 -0.20944635E-05 -0.88057884E-08  0.30191356E-07   863.99999993   -23330.97489358
    1530    3.06000000 -0.20431291E-05 -0.85536647E-08  0.29230747E-07   863.99999993   -23330.97452712
    1540    3.08000000 -0.19909252E-05 -0.82775957E-08  0.28258767E-07   863.99999993   -23330.97416825
    1550    3.10000000 -0.19378520E-05 -0.79795024E-08  0.27276530E-07   863.99999993   -23330.97381728
    1560    3.12000000 -0.18839122E-05 -0.76616963E-08  0.26285167E-07   863.99999993   -23330.97347449
    1570    3.14000000 -0.18291114E-05 -0.73263049E-08  0.25285392E-07   863.99999993   -23330.97314016
    1580    3.16000000 -0.17734576E-05 -0.69758095E-08  0.24278218E-07   863.99999993   -23330.97281460
    1590    3.18000000 -0.17169619E-05 -0.66126154E-08  0.23264357E-07   863.99999993   -23330.97249806
    1600    3.20000000 -0.16596377E-05 -0.62395540E-08  0.22244351E-07   863.99999993   -23330.97219084
    1610    3.22000000 -0.16015016E-05 -0.58591210E-08  0.21218591E-07   863.99999993   -23330.97189320
    1620    3.24000000 -0.15425728E-05 -0.54738775E-08  0.20187461E-07   863.99999993   -23330.97160540
    1630    3.26000000 -0.14828730E-05 -0.50866506E-08  0.19151208E-07   863.99999993   -23330.97132771
    1640    3.28000000 -0.14224270E-05 -0.46999438E-08  0.18110100E-07   863.99999993   -23330.97106037
    1650    3.30000000 -0.13612619E-05 -0.43165198E-08  0.17064079E-07   863.99999993   -23330.97080364
    1660    3.32000000 -0.12994075E-05 -0.39388942E-08  0.16013195E-07   863.99999993   -23330.97055773
    1670    3.34000000 -0.12368961E-05 -0.35696419E-08  0.14957502E-07   863.99999993   -23330.97032288
    1680    3.36000000 -0.11737618E-05 -0.32108871E-08  0.13897002E-07   863.99999993   -23330.97009930
    1690    3.38000000 -0.11100409E-05 -0.28646350E-08  0.12831723E-07   863.99999993   -23330.96988720
    1700    3.40000000 -0.10457713E-05 -0.25327085E-08  0.11761756E-07   863.99999993   -23330.96968676
    1710    3.42000000 -0.98099173E-06 -0.22168145E-08  0.10687202E-07   863.99999993   -23330.96949816
    1720    3.44000000 -0.91574200E-06 -0.19183073E-08  0.96081018E-08   863.99999993   -23330.96932157
    1730    3.46000000 -0.85006263E-06 -0.16385886E-08  0.85244781E-08   863.99999992   -23330.96915715
    1740    3.48000000 -0.78399423E-06 -0.13783866E-08  0.74363236E-08   863.99999992   -23330.96900504
    1750    3.50000000 -0.71757754E-06 -0.11386189E-08  0.63436645E-08   863.99999992   -23330.96886536
    1760    3.52000000 -0.65085330E-06 -0.91968632E-09  0.52465098E-08   863.99999992   -23330.96873822
    1770    3.54000000 -0.58386148E-06 -0.72191678E-09  0.41449315E-08   863.99999992   -23330.96862375
    1780    3.56000000 -0.51664163E-06 -0.54526913E-09  0.30391747E-08   863.99999992   -23330.96852200
    1790    3.58000000 -0.44923210E-06 -0.38967364E-09  0.19294290E-08   863.99999992   -23330.96843308
    1800    3.60000000 -0.38166991E-06 -0.25445001E-09  0.81623674E-09   863.99999992   -23330.96835703
    1810    3.62000000 -0.31399058E-06 -0.13888872E-09 -0.29983265E-09   863.99999992   -23330.96829390
    1820    3.64000000 -0.24622760E-06 -0.41937275E-10 -0.14184413E-08   863.99999992   -23330.96824372
    1830    3.66000000 -0.17841252E-06  0.37558941E-10 -0.25388459E-08   863.99999992   -23330.96820653
    1840    3.68000000 -0.11057425E-06  0.10082715E-09 -0.36604723E-08   863.99999992   -23330.96818233
    1850    3.70000000 -0.42739468E-07  0.14949190E-09 -0.47825046E-08   863.99999992   -23330.96817112
    1860    3.72000000  0.25067764E-07  0.18511254E-09 -0.59042741E-08   863.99999992   -23330.96817289
    1870    3.74000000  0.92826270E-07  0.20932207E-09 -0.70248916E-08   863.99999992   -23330.96818762
    1880    3.76000000  0.16051746E-06  0.22418838E-09 -0.81434787E-08   863.99999992   -23330.96821526
    1890    3.78000000  0.22812562E-06  0.23137516E-09 -0.92590001E-08   863.99999992   -23330.96825578
    1900    3.80000000  0.29563783E-06  0.23268784E-09 -0.10370391E-07   863.99999992   -23330.96830913
    1910    3.82000000  0.36304401E-06  0.22977792E-09 -0.11476559E-07   863.99999992   -23330.96837525
    1920    3.84000000  0.43033630E-06  0.22439012E-09 -0.12576076E-07   863.99999992   -23330.96845406
    1930    3.86000000  0.49750966E-06  0.21807293E-09 -0.13667570E-07   863.99999992   -23330.96854549
    1940    3.88000000  0.56456087E-06  0.21225178E-09 -0.14749686E-07   863.99999992   -23330.96864945
    1950    3.90000000  0.63148867E-06  0.20817856E-09 -0.15820864E-07   863.99999991   -23330.96876586
    1960    3.92000000  0.69829368E-06  0.20702473E-09 -0.16879714E-07   863.99999991   -23330.96889462
    1970    3.94000000  0.76497815E-06  0.20977996E-09 -0.17924819E-07   863.99999991   -23330.96903563
    1980    3.96000000  0.83154554E-06  0.21707054E-09 -0.18954659E-07   863.99999991   -23330.96918877
    1990    3.98000000  0.89800055E-06  0.22953928E-09 -0.19968004E-07   863.99999991   -23330.96935393
    2000    4.00000000  0.96434857E-06  0.24785191E-09 -0.20963860E-07   863.99999991   -23330.96953100
    2010    4.02000000  0.10305962E-05  0.27191721E-09 -0.21941035E-07   863.99999991   -23330.96971984
    2020    4.04000000  0.10967505E-05  0.30214365E-09 -0.22898662E-07   863.99999991   -23330.96992033
    2030    4.06000000  0.11628191E-05  0.33874394E-09 -0.23836071E-07   863.99999991   -23330.97013234
    2040    4.08000000  0.12288096E-05  0.38167936E-09 -0.24752628E-07   863.99999991   -23330.97035572
    2050    4.10000000  0.12947297E-05  0.43079263E-09 -0.25647733E-07   863.99999991   -23330.97059034
    2060    4.12000000  0.13605867E-05  0.48580425E-09 -0.26521361E-07   863.99999991   -23330.97083603
    2070    4.14000000  0.14263868E-05  0.54628445E-09 -0.27373315E-07   863.99999991   -23330.97109266
    2080    4.16000000  0.14921356E-05  0.61155823E-09 -0.28203598E-07   863.99999991   -23330.97136006
    2090    4.18000000  0.15578371E-05  0.68094459E-09 -0.29012498E-07   863.99999991   -23330.97163807
    2100    4.20000000  0.16234943E-05  0.75370612E-09 -0.29800557E-07   863.99999991   -23330.97192651
    2110    4.22000000  0.16891080E-05  0.82894697E-09 -0.30568419E-07   863.99999991   -23330.97222523
    2120    4.24000000  0.17546785E-05  0.90573116E-09 -0.31316949E-07   863.99999991   -23330.97253402
    2130    4.26000000  0.18202037E-05  0.98304828E-09 -0.32047167E-07   863.99999991   -23330.97285272
    2140    4.28000000  0.18856799E-05  0.10599943E-08 -0.32760168E-07   863.99999991   -23330.97318112
    2150    4.30000000  0.19511020E-05  0.11356438E-08 -0.33457322E-07   863.99999991   -23330.97351903
    2160    4.32000000  0.20164630E-05  0.12090821E-08 -0.34140113E-07   863.99999991   -23330.97386625
    2170    4.34000000  0.20817542E-05  0.12796700E-08 -0.34810251E-07   863.99999991   -23330.97422255
    2180    4.36000000  0.21469649E-05  0.13464598E-08 -0.35469383E-07   863.99999990   -23330.97458772
    2190    4.38000000  0.22120825E-05  0.14088498E-08 -0.36119366E-07   863.99999990   -23330.97496153
    2200    4.40000000  0.22770927E-05  0.14661662E-08 -0.36761989E-07   863.99999990   -23330.97534375
    2210    4.42000000  0.23419790E-05  0.15177329E-08 -0.37399082E-07   863.99999990   -23330.97573414
    2220    4.44000000  0.24067234E-05  0.15629280E-08 -0.38032571E-07   863.99999990   -23330.97613244
    2230    4.46000000  0.24713059E-05  0.16012412E-08 -0.38664237E-07   863.99999990   -23330.97653839
    2240    4.48000000  0.25357049E-05  0.16321858E-08 -0.39295952E-07   863.99999990   -23330.97695174
    2250    4.50000000  0.25998972E-05  0.16556922E-08 -0.39929484E-07   863.99999990   -23330.97737220
    2260    4.52000000  0.26638583E-05  0.16713091E-08 -0.40566422E-07   863.99999990   -23330.97779948
    2270    4.54000000  0.27275626E-05  0.16790556E-08 -0.41208286E-07   863.99999990   -23330.97823331
    2280    4.56000000  0.27909833E-05  0.16790892E-08 -0.41856486E-07   863.99999990   -23330.97867338
    2290    4.58000000  0.28540928E-05  0.16712819E-08 -0.42512210E-07   863.99999990   -23330.97911937
    2300    4.60000000  0.29168628E-05  0.16560493E-08 -0.43176598E-07   863.99999990   -23330.97957099
    2310    4.62000000  0.29792645E-05  0.16333927E-08 -0.43850571E-07   863.99999990   -23330.98002789
    2320    4.64000000  0.30412683E-05  0.16037203E-08 -0.44534876E-07   863.99999990   -23330.98048976
    2330    4.66000000  0.31028448E-05  0.15674267E-08 -0.45230383E-07   863.99999990   -23330.98095626
    2340    4.68000000  0.31639638E-05  0.15252433E-08 -0.45937684E-07   863.99999990   -23330.98142703
    2350    4.70000000  0.32245954E-05  0.14776932E-08 -0.46657429E-07   863.99999990   -23330.98190174
    2360    4.72000000  0.32847093E-05  0.14254013E-08 -0.47389922E-07   863.99999990   -23330.98238001
    2370    4.74000000  0.33442753E-05  0.13694397E-08 -0.48135290E-07   863.99999990   -23330.98286149
    2380    4.76000000  0.34032636E-05  0.13108141E-08 -0.48893495E-07   863.99999990   -23330.98334581
    2390    4.78000000  0.34616446E-05  0.12506555E-08 -0.49664320E-07   863.99999990   -23330.98383259
    2400    4.80000000  0.35193886E-05  0.11902728E-08 -0.50447472E-07   863.99999990   -23330.98432146
    2410    4.82000000  0.35764667E-05  0.11307080E-08 -0.51242201E-07   863.99999989   -23330.98481204
    2420    4.84000000  0.36328504E-05  0.10732616E-08 -0.52047632E-07   863.99999989   -23330.98530393
    2430    4.86000000  0.36885119E-05  0.10189791E-08 -0.52862717E-07   863.99999989   -23330.98579674
    2440    4.88000000  0.37434239E-05  0.96901380E-09 -0.53686222E-07   863.99999989   -23330.98629009
    2450    4.90000000  0.37975604E-05  0.92444910E-09 -0.54516692E-07   863.99999989   -23330.98678357
    2460    4.92000000  0.38508962E-05  0.88631887E-09 -0.55352727E-07   863.99999989   -23330.98727679
    2470    4.94000000  0.39034073E-05  0.85565627E-09 -0.56192599E-07   863.99999989   -23330.98776936
    2480    4.96000000  0.39550717E-05  0.83343875E-09 -0.57034403E-07   863.99999989   -23330.98826087
    2490    4.98000000  0.40058688E-05  0.82073844E-09 -0.57876388E-07   863.99999989   -23330.98875092
    2500    5.00000000  0.40557804E-05  0.81850193E-09 -0.58716610E-07   863.99999989   -23330.98923912
    2510    5.02000000  0.41047900E-05  0.82771063E-09 -0.59553193E-07   863.99999989   -23330.98972506
    2520    5.04000000  0.41528841E-05  0.84919025E-09 -0.60384113E-07   863.99999989   -23330.99020836
    2530    5.06000000  0.42000510E-05  0.88357594E-09 -0.61207168E-07   863.99999989   -23330.99068861
    2540    5.08000000  0.42462823E-05  0.93159427E-09 -0.62020431E-07   863.99999989   -23330.99116544
    2550    5.10000000  0.42915714E-05  0.99366850E-09 -0.62821693E-07   863.99999989   -23330.99163844
    2560    5.12000000  0.43359143E-05  0.10701337E-08 -0.63609100E-07   863.99999989   -23330.99210725
    2570    5.14000000  0.43793092E-05  0.11609823E-08 -0.64380314E-07   863.99999989   -23330.99257147
    2580    5.16000000  0.44217561E-05  0.12661251E-08 -0.65133256E-07   863.99999989   -23330.99303075
    2590    5.18000000  0.44632568E-05  0.13855110E-08 -0.65866005E-07   863.99999989   -23330.99348470
    2600    5.20000000  0.45038148E-05  0.15188256E-08 -0.66576600E-07   863.99999989   -23330.99393297
    2610    5.22000000  0.45434348E-05  0.16651550E-08 -0.67263266E-07   863.99999989   -23330.99437520
    2620    5.24000000  0.45821223E-05  0.18239427E-08 -0.67924474E-07   863.99999989   -23330.99481105
    2630    5.26000000  0.46198836E-05  0.19942722E-08 -0.68558689E-07   863.99999989   -23330.99524017
    2640    5.28000000  0.46567252E-05  0.21751713E-08 -0.69164698E-07   863.99999988   -23330.99566222
    2650    5.30000000  0.46926538E-05  0.23656878E-08 -0.69741366E-07   863.99999988   -23330.99607687
    2660    5.32000000  0.47276762E-05  0.25645571E-08 -0.70287985E-07   863.99999988   -23330.99648381
    2670    5.34000000  0.47617988E-05  0.27703885E-08 -0.70803797E-07   863.99999988   -23330.99688272
    2680    5.36000000  0.47950275E-05  0.29819656E-08 -0.71288565E-07   863.99999988   -23330.99727328
    2690    5.38000000  0.48273678E-05  0.31980149E-08 -0.71741880E-07   863.99999988   -23330.99765520
    2700    5.40000000  0.48588240E-05  0.34170984E-08 -0.72163804E-07   863.99999988   -23330.99802818
    2710    5.42000000  0.48893999E-05  0.36380130E-08 -0.72554740E-07   863.99999988   -23330.99839195
    2720    5.44000000  0.49190979E-05  0.38591731E-08 -0.72914912E-07   863.99999988   -23330.99874621
    2730    5.46000000  0.49479195E-05  0.40793671E-08 -0.73245097E-07   863.99999988   -23330.99909070
    2740    5.48000000  0.49758653E-05  0.42972133E-08 -0.73546200E-07   863.99999988   -23330.99942515
    2750    5.50000000  0.50029343E-05  0.45111993E-08 -0.73819180E-07   863.99999988   -23330.99974931
    2760    5.52000000  0.50291244E-05  0.47203182E-08 -0.74065385E-07   863.99999988   -23331.00006293
    2770    5.54000000  0.50544326E-05  0.49232766E-08 -0.74285994E-07   863.99999988   -23331.00036576
    2780    5.56000000  0.50788540E-05  0.51189294E-08 -0.74482486E-07   863.99999988   -23331.00065758
    2790    5.58000000  0.51023829E-05  0.53063162E-08 -0.74656347E-07   863.99999988   -23331.00093816
    2800    5.60000000  0.51250125E-05  0.54845812E-08 -0.74808742E-07   863.99999988   -23331.00120727
    2810    5.62000000  0.51467351E-05  0.56529168E-08 -0.74941275E-07   863.99999988   -23331.00146471
    2820    5.64000000  0.51675419E-05  0.58104878E-08 -0.75055071E-07   863.99999988   -23331.00171028
    2830    5.66000000  0.51874234E-05  0.59566375E-08 -0.75151323E-07   863.99999988   -23331.00194378
    2840    5.68000000  0.52063696E-05  0.60909947E-08 -0.75231158E-07   863.99999988   -23331.00216503
    2850    5.70000000  0.52243698E-05  0.62131485E-08 -0.75295474E-07   863.99999988   -23331.00237385
    2860    5.72000000  0.52414133E-05  0.63229126E-08 -0.75345260E-07   863.99999988   -23331.00257008
    2870    5.74000000  0.52574891E-05  0.64199052E-08 -0.75381461E-07   863.99999987   -23331.00275355
    2880    5.76000000  0.52725864E-05  0.65042235E-08 -0.75404729E-07   863.99999987   -23331.00292411
    2890    5.78000000  0.52866938E-05  0.65760154E-08 -0.75415850E-07   863.99999987   -23331.00308164
    2900    5.80000000  0.52998008E-05  0.66353510E-08 -0.75415322E-07   863.99999987   -23331.00322598
    2910    5.82000000  0.53118972E-05  0.66826776E-08 -0.75403768E-07   863.99999987   -23331.00335703
    2920    5.84000000  0.53229732E-05  0.67182694E-08 -0.75381571E-07   863.99999987   -23331.00347467
    2930    5.86000000  0.53330201E-05  0.67427489E-08 -0.75349026E-07   863.99999987   -23331.00357881
    2940    5.88000000  0.53420295E-05  0.67566241E-08 -0.75306233E-07   863.99999987   -23331.00366935
    2950    5.90000000  0.53499943E-05  0.67605285E-08 -0.75253276E-07   863.99999987   -23331.00374620
    2960    5.92000000  0.53569081E-05  0.67552395E-08 -0.75190142E-07   863.99999987   -23331.00380931
    2970    5.94000000  0.53627655E-05  0.67415818E-08 -0.75116786E-07   863.99999987   -23331.00385862
    2980    5.96000000  0.53675623E-05  0.67205461E-08 -0.75032991E-07   863.99999987   -23331.00389406
    2990    5.98000000  0.53712953E-05  0.66929231E-08 -0.74938445E-07   863.99999987   -23331.00391562
    3000    6.00000000  0.53739622E-05  0.66596493E-08 -0.74833060E-07   863.99999987   -23331.00392325
    3010    6.02000000  0.53755615E-05  0.66217846E-08 -0.74716407E-07   863.99999987   -23331.00391695
    3020    6.04000000  0.53760924E-05  0.65802115E-08 -0.74588058E-07   863.99999987   -23331.00389671
    3030    6.06000000  0.53755553E-05  0.65359217E-08 -0.74447657E-07   863.99999987   -23331.00386254
    3040    6.08000000  0.53739513E-05  0.64898951E-08 -0.74294655E-07   863.99999987   -23331.00381445
    3050    6.10000000  0.53712822E-05  0.64429435E-08 -0.74128586E-07   863.99999987   -23331.00375248
    3060    6.12000000  0.53675501E-05  0.63958242E-08 -0.73949013E-07   863.99999987   -23331.00367665
    3070    6.14000000  0.53627578E-05  0.63493409E-08 -0.73755338E-07   863.99999987   -23331.00358703
    3080    6.16000000  0.53569086E-05  0.63039305E-08 -0.73546826E-07   863.99999987   -23331.00348367
    3090    6.18000000  0.53500062E-05  0.62603222E-08 -0.73323027E-07   863.99999987   -23331.00336664
    3100    6.20000000  0.53420545E-05  0.62188136E-08 -0.73083421E-07   863.99999986   -23331.00323603
    3110    6.22000000  0.53330573E-05  0.61798059E-08 -0.72827567E-07   863.99999986   -23331.00309193
    3120    6.24000000  0.53230190E-05  0.61435015E-08 -0.72554953E-07   863.99999986   -23331.00293443
    3130    6.26000000  0.53119441E-05  0.61100766E-08 -0.72265120E-07   863.99999986   -23331.00276366
    3140    6.28000000  0.52998367E-05  0.60796593E-08 -0.71957690E-07   863.99999986   -23331.00257974
    3150    6.30000000  0.52867015E-05  0.60521421E-08 -0.71632373E-07   863.99999986   -23331.00238280
    3160    6.32000000  0.52725427E-05  0.60274611E-08 -0.71288731E-07   863.99999986   -23331.00217299
    3170    6.34000000  0.52573644E-05  0.60055287E-08 -0.70926763E-07   863.99999986   -23331.00195045
    3180    6.36000000  0.52411707E-05  0.59861855E-08 -0.70546175E-07   863.99999986   -23331.00171536
    3190    6.38000000  0.52239658E-05  0.59693191E-08 -0.70146902E-07   863.99999986   -23331.00146787
    3200    6.40000000  0.52057537E-05  0.59546440E-08 -0.69728831E-07   863.99999986   -23331.00120819
    3210    6.42000000  0.51865383E-05  0.59420311E-08 -0.69292004E-07   863.99999986   -23331.00093649
    3220    6.44000000  0.51663235E-05  0.59309905E-08 -0.68836371E-07   863.99999986   -23331.00065298
    3230    6.46000000  0.51451132E-05  0.59213171E-08 -0.68362196E-07   863.99999986   -23331.00035787
    3240    6.48000000  0.51229117E-05  0.59127036E-08 -0.67869626E-07   863.99999986   -23331.00005137
    3250    6.50000000  0.50997231E-05  0.59046876E-08 -0.67358885E-07   863.99999986   -23330.99973372
    3260    6.52000000  0.50755522E-05  0.58969831E-08 -0.66830353E-07   863.99999986   -23330.99940515
    3270    6.54000000  0.50504037E-05  0.58891621E-08 -0.66284556E-07   863.99999986   -23330.99906591
    3280    6.56000000  0.50242825E-05  0.58808183E-08 -0.65722034E-07   863.99999986   -23330.99871624
    3290    6.58000000  0.49971941E-05  0.58715606E-08 -0.65143260E-07   863.99999986   -23330.99835641
    3300    6.60000000  0.49691441E-05  0.58610567E-08 -0.64548791E-07   863.99999986   -23330.99798668
    3310    6.62000000  0.49401387E-05  0.58487949E-08 -0.63939294E-07   863.99999986   -23330.99760733
    3320    6.64000000  0.49101843E-05  0.58344889E-08 -0.63315314E-07   863.99999986   -23330.99721865
    3330    6.66000000  0.48792876E-05  0.58179392E-08 -0.62677709E-07   863.99999985   -23330.99682092
    3340    6.68000000  0.48474560E-05  0.57989695E-08 -0.62026913E-07   863.99999985   -23330.99641445
    3350    6.70000000  0.48146968E-05  0.57775081E-08 -0.61363564E-07   863.99999985   -23330.99599953
    3360    6.72000000  0.47810181E-05  0.57535070E-08 -0.60688184E-07   863.99999985   -23330.99557647
    3370    6.74000000  0.47464283E-05  0.57269440E-08 -0.60001381E-07   863.99999985   -23330.99514559
    3380    6.76000000  0.47109362E-05  0.56978500E-08 -0.59303956E-07   863.99999985   -23330.99470721
    3390    6.78000000  0.46745509E-05  0.56662080E-08 -0.58596553E-07   863.99999985   -23330.99426166
    3400    6.80000000  0.46372818E-05  0.56323359E-08 -0.57879952E-07   863.99999985   -23330.99380927
    3410    6.82000000  0.45991390E-05  0.55962616E-08 -0.57154813E-07   863.99999985   -23330.99335037
    3420    6.84000000  0.45601323E-05  0.55581984E-08 -0.56422008E-07   863.99999985   -23330.99288531
    3430    6.86000000  0.45202724E-05  0.55183958E-08 -0.55682512E-07   863.99999985   -23330.99241444
    3440    6.88000000  0.44795702E-05  0.54771335E-08 -0.54937155E-07   863.99999985   -23330.99193810
    3450    6.90000000  0.44380367E-05  0.54346114E-08 -0.54186629E-07   863.99999985   -23330.99145665
    3460    6.92000000  0.43956830E-05  0.53911939E-08 -0.53431808E-07   863.99999985   -23330.99097043
    3470    6.94000000  0.43525206E-05  0.53473295E-08 -0.52673357E-07   863.99999985   -23330.99047982
    3480    6.96000000  0.43085608E-05  0.53033107E-08 -0.51912012E-07   863.99999985   -23330.98998518
    3490    6.98000000  0.42638154E-05  0.52593895E-08 -0.51148356E-07   863.99999985   -23330.98948687
    3500    7.00000000  0.42182962E-05  0.52159178E-08 -0.50382895E-07   863.99999985   -23330.98898525
    3510    7.02000000  0.41720148E-05  0.51730520E-08 -0.49616015E-07   863.99999985   -23330.98848069
    3520    7.04000000  0.41249832E-05  0.51311061E-08 -0.48848014E-07   863.99999985   -23330.98797358
    3530    7.06000000  0.40772128E-05  0.50898957E-08 -0.48079091E-07   863.99999985   -23330.98746427
    3540    7.08000000  0.40287155E-05  0.50492496E-08 -0.47309508E-07   863.99999985   -23330.98695314
    3550    7.10000000  0.39795028E-05  0.50089116E-08 -0.46539208E-07   863.99999985   -23330.98644057
    3560    7.12000000  0.39295863E-05  0.49685108E-08 -0.45768235E-07   863.99999984   -23330.98592692
    3570    7.14000000  0.38789773E-05  0.49277300E-08 -0.44996362E-07   863.99999984   -23330.98541258
    3580    7.16000000  0.38276874E-05  0.48859382E-08 -0.44223210E-07   863.99999984   -23330.98489791
    3590    7.18000000  0.37757276E-05  0.48424597E-08 -0.43448770E-07   863.99999984   -23330.98438329
    3600    7.20000000  0.37231090E-05  0.47965302E-08 -0.42672420E-07   863.99999984   -23330.98386910
    3610    7.22000000  0.36698428E-05  0.47471589E-08 -0.41893666E-07   863.99999984   -23330.98335570
    3620    7.24000000  0.36159399E-05  0.46936051E-08 -0.41112119E-07   863.99999984   -23330.98284347
    3630    7.26000000  0.35614113E-05  0.46351703E-08 -0.40327131E-07   863.99999984   -23330.98233278
    3640    7.28000000  0.35062679E-05  0.45709053E-08 -0.39538155E-07   863.99999984   -23330.98182399
    3650    7.30000000  0.34505207E-05  0.44998400E-08 -0.38744446E-07   863.99999984   -23330.98131748
    3660    7.32000000  0.33941804E-05  0.44212080E-08 -0.37945426E-07   863.99999984   -23330.98081360
    3670    7.34000000  0.33372581E-05  0.43341857E-08 -0.37140413E-07   863.99999984   -23330.98031273
    3680    7.36000000  0.32797646E-05  0.42380983E-08 -0.36328554E-07   863.99999984   -23330.97981521
    3690    7.38000000  0.32217108E-05  0.41323657E-08 -0.35509238E-07   863.99999984   -23330.97932140
    3700    7.40000000  0.31631076E-05  0.40162583E-08 -0.34681838E-07   863.99999984   -23330.97883167
    3710    7.42000000  0.31039664E-05  0.38894250E-08 -0.33845595E-07   863.99999984   -23330.97834636
    3720    7.44000000  0.30442981E-05  0.37513951E-08 -0.33000035E-07   863.99999984   -23330.97786581
    3730    7.46000000  0.29841143E-05  0.36022629E-08 -0.32144611E-07   863.99999984   -23330.97739037
    3740    7.48000000  0.29234267E-05  0.34417424E-08 -0.31279144E-07   863.99999984   -23330.97692039
    3750    7.50000000  0.28622473E-05  0.32699928E-08 -0.30403298E-07   863.99999984   -23330.97645618
    3760    7.52000000  0.28005883E-05  0.30872606E-08 -0.29517022E-07   863.99999984   -23330.97599809
    3770    7.54000000  0.27384625E-05  0.28936823E-08 -0.28620509E-07   863.99999984   -23330.97554644
    3780    7.56000000  0.26758830E-05  0.26896593E-08 -0.27713976E-07   863.99999984   -23330.97510154
    3790    7.58000000  0.26128636E-05  0.24755627E-08 -0.26797765E-07   863.99999983   -23330.97466372
    3800    7.60000000  0.25494182E-05  0.22517876E-08 -0.25872489E-07   863.99999983   -23330.97423327
    3810    7.62000000  0.24855614E-05  0.20189337E-08 -0.24938698E-07   863.99999983   -23330.97381051
    3820    7.64000000  0.24213083E-05  0.17776938E-08 -0.23997337E-07   863.99999983   -23330.97339573
    3830    7.66000000  0.23566748E-05  0.15287102E-08 -0.23049110E-07   863.99999983   -23330.97298921
    3840    7.68000000  0.22916770E-05  0.12727775E-08 -0.22095060E-07   863.99999983   -23330.97259125
    3850    7.70000000  0.22263313E-05  0.10108164E-08 -0.21136146E-07   863.99999983   -23330.97220211
    3860    7.72000000  0.21606549E-05  0.74374143E-09 -0.20173337E-07   863.99999983   -23330.97182206
    3870    7.74000000  0.20946653E-05  0.47228464E-09 -0.19207907E-07   863.99999983   -23330.97145137
    3880    7.76000000  0.20283807E-05  0.19738880E-09 -0.18240797E-07   863.99999983   -23330.97109027
    3890    7.78000000  0.19618193E-05 -0.79903885E-10 -0.17273369E-07   863.99999983   -23330.97073903
    3900    7.80000000  0.18950000E-05 -0.35882247E-09 -0.16306982E-07   863.99999983   -23330.97039787
    3910    7.82000000  0.18279417E-05 -0.63855333E-09 -0.15342610E-07   863.99999983   -23330.97006702
    3920    7.84000000  0.17606640E-05 -0.91827503E-09 -0.14381631E-07   863.99999983   -23330.96974669
    3930    7.86000000  0.16931865E-05 -0.11972184E-08 -0.13425248E-07   863.99999983   -23330.96943710
    3940    7.88000000  0.16255287E-05 -0.14747960E-08 -0.12474777E-07   863.99999983   -23330.96913843
    3950    7.90000000  0.15577105E-05 -0.17502859E-08 -0.11531350E-07   863.99999983   -23330.96885089
    3960    7.92000000  0.14897517E-05 -0.20232214E-08 -0.10595974E-07   863.99999983   -23330.96857465
    3970    7.94000000  0.14216721E-05 -0.22930065E-08 -0.96696421E-08   863.99999983   -23330.96830988
    3980    7.96000000  0.13534914E-05 -0.25591835E-08 -0.87534465E-08   863.99999983   -23330.96805675
    3990    7.98000000  0.12852291E-05 -0.28215988E-08 -0.78481943E-08   863.99999983   -23330.96781539
    4000    8.00000000  0.12169045E-05 -0.30797922E-08 -0.69545743E-08   863.99999983   -23330.96758595
    4010    8.02000000  0.11485367E-05 -0.33336459E-08 -0.60733304E-08   863.99999983   -23330.96736856
    4020    8.04000000  0.10801447E-05 -0.35829825E-08 -0.52050082E-08   863.99999982   -23330.96716334
    4030    8.06000000  0.10117470E-05 -0.38277019E-08 -0.43499895E-08   863.99999982   -23330.96697041
    4040    8.08000000  0.94336204E-06 -0.40676286E-08 -0.35086927E-08   863.99999982   -23330.96678985
    4050    8.10000000  0.87500770E-06 -0.43027750E-08 -0.26811418E-08   863.99999982   -23330.96662177
    4060    8.12000000  0.80670158E-06 -0.45334548E-08 -0.18676369E-08   863.99999982   -23330.96646623
    4070    8.14000000  0.73846093E-06 -0.47597587E-08 -0.10680479E-08   863.99999982   -23330.96632332
    4080    8.16000000  0.67030239E-06 -0.49819695E-08 -0.28228547E-09   863.99999982   -23330.96619308
    4090    8.18000000  0.60224239E-06 -0.52005539E-08  0.48975557E-09   863.99999982   -23330.96607558
    4100    8.20000000  0.53429656E-06 -0.54158549E-08  0.12483810E-08   863.99999982   -23330.96597085
    4110    8.22000000  0.46648018E-06 -0.56283567E-08  0.19937250E-08   863.99999982   -23330.96587892
    4120    8.24000000  0.39880815E-06 -0.58386079E-08  0.27262745E-08   863.99999982   -23330.96579981
    4130    8.26000000  0.33129476E-06 -0.60472087E-08  0.34465795E-08   863.99999982   -23330.96573354
    4140    8.28000000  0.26395358E-06 -0.62545342E-08  0.41549338E-08   863.99999982   -23330.96568010
    4150    8.30000000  0.19679827E-06 -0.64612667E-08  0.48519841E-08   863.99999982   -23330.96563950
    4160    8.32000000  0.12984192E-06 -0.66676431E-08  0.55382742E-08   863.99999982   -23330.96561172
    4170    8.34000000  0.63097305E-07 -0.68740671E-08  0.62143406E-08   863.99999982   -23330.96559672
    4180    8.36000000 -0.34233193E-08 -0.70809227E-08  0.68808127E-08   863.99999982   -23330.96559449
    4190    8.38000000 -0.69707707E-07 -0.72885754E-08  0.75384253E-08   863.99999982   -23330.96560498
    4200    8.40000000 -0.13574395E-06 -0.74973319E-08  0.81877450E-08   863.99999982   -23330.96562813
    4210    8.42000000 -0.20152062E-06 -0.77075184E-08  0.88294822E-08   863.99999982   -23330.96566389
    4220    8.44000000 -0.26702605E-06 -0.79194710E-08  0.94642485E-08   863.99999982   -23330.96571219
    4230    8.46000000 -0.33224888E-06 -0.81335561E-08  0.10092796E-07   863.99999982   -23330.96577296
    4240    8.48000000 -0.39717768E-06 -0.83498539E-08  0.10715852E-07   863.99999982   -23330.96584612
    4250    8.50000000 -0.46180113E-06 -0.85684932E-08  0.11334017E-07   863.99999981   -23330.96593157
    4260    8.52000000 -0.52610801E-06 -0.87893701E-08  0.11948150E-07   863.99999981   -23330.96602921
    4270    8.54000000 -0.59008680E-06 -0.90123608E-08  0.12558903E-07   863.99999981   -23330.96613894
    4280    8.56000000 -0.65372598E-06 -0.92375354E-08  0.13166716E-07   863.99999981   -23330.96626064
    4290    8.58000000 -0.71701378E-06 -0.94644492E-08  0.13772213E-07   863.99999981   -23330.96639420
    4300    8.60000000 -0.77993835E-06 -0.96928155E-08  0.14375764E-07   863.99999981   -23330.96653947
    4310    8.62000000 -0.84248761E-06 -0.99219372E-08  0.14977943E-07   863.99999981   -23330.96669634
    4320    8.64000000 -0.90464929E-06 -0.10151472E-07  0.15579015E-07   863.99999981   -23330.96686464
    4330    8.66000000 -0.96641078E-06 -0.10380766E-07  0.16179468E-07   863.99999981   -23330.96704424
    4340    8.68000000 -0.10277593E-05 -0.10609040E-07  0.16779504E-07   863.99999981   -23330.96723497
    4350    8.70000000 -0.10886817E-05 -0.10835840E-07  0.17379662E-07   863.99999981   -23330.96743667
    4360    8.72000000 -0.11491647E-05 -0.11060224E-07  0.17979835E-07   863.99999981   -23330.96764916
    4370    8.74000000 -0.12091947E-05 -0.11281460E-07  0.18580391E-07   863.99999981   -23330.96787227
    4380    8.76000000 -0.12687577E-05 -0.11498837E-07  0.19181427E-07   863.99999981   -23330.96810581
    4390    8.78000000 -0.13278397E-05 -0.11711758E-07  0.19782941E-07   863.99999981   -23330.96834960
    4400    8.80000000 -0.13864261E-05 -0.11919518E-07  0.20384869E-07   863.99999981   -23330.96860343
    4410    8.82000000 -0.14445026E-05 -0.12121420E-07  0.20987067E-07   863.99999981   -23330.96886709
    4420    8.84000000 -0.15020545E-05 -0.12316868E-07  0.21589209E-07   863.99999981   -23330.96914039
    4430    8.86000000 -0.15590667E-05 -0.12505350E-07  0.22190955E-07   863.99999981   -23330.96942309
    4440    8.88000000 -0.16155238E-05 -0.12686641E-07  0.22791939E-07   863.99999981   -23330.96971499
    4450    8.90000000 -0.16714106E-05 -0.12860422E-07  0.23391785E-07   863.99999981   -23330.97001584
    4460    8.92000000 -0.17267114E-05 -0.13026449E-07  0.23990020E-07   863.99999981   -23330.97032543
    4470    8.94000000 -0.17814109E-05 -0.13184531E-07  0.24586206E-07   863.99999981   -23330.97064351
    4480    8.96000000 -0.18354932E-05 -0.13334784E-07  0.25179738E-07   863.99999980   -23330.97096983
    4490    8.98000000 -0.18889426E-05 -0.13477073E-07  0.25770035E-07   863.99999980   -23330.97130415
    4500    9.00000000 -0.19417432E-05 -0.13611671E-07  0.26356671E-07   863.99999980   -23330.97164622
    4510    9.02000000 -0.19938795E-05 -0.13738669E-07  0.26938877E-07   863.99999980   -23330.97199578
    4520    9.04000000 -0.20453359E-05 -0.13858227E-07  0.27516199E-07   863.99999980   -23330.97235257
    4530    9.06000000 -0.20960969E-05 -0.13970876E-07  0.28088079E-07   863.99999980   -23330.97271632
    4540    9.08000000 -0.21461476E-05 -0.14076732E-07  0.28653756E-07   863.99999980   -23330.97308677
    4550    9.10000000 -0.21954728E-05 -0.14176252E-07  0.29212860E-07   863.99999980   -23330.97346364
    4560    9.12000000 -0.22440584E-05 -0.14269992E-07  0.29764620E-07   863.99999980   -23330.97384666
    4570    9.14000000 -0.22918904E-05 -0.14357923E-07  0.30308661E-07   863.99999980   -23330.97423555
    4580    9.16000000 -0.23389551E-05 -0.14440507E-07  0.30844297E-07   863.99999980   -23330.97463002
    4590    9.18000000 -0.23852397E-05 -0.14518037E-07  0.31371163E-07   863.99999980   -23330.97502981
    4600    9.20000000 -0.24307317E-05 -0.14590815E-07  0.31888763E-07   863.99999980   -23330.97543462
    4610    9.22000000 -0.24754194E-05 -0.14659092E-07  0.32396779E-07   863.99999980   -23330.97584417
    4620    9.24000000 -0.25192910E-05 -0.14723105E-07  0.32894634E-07   863.99999980   -23330.97625817
    4630    9.26000000 -0.25623357E-05 -0.14783102E-07  0.33381780E-07   863.99999980   -23330.97667634
    4640    9.28000000 -0.26045431E-05 -0.14839408E-07  0.33857777E-07   863.99999980   -23330.97709838
    4650    9.30000000 -0.26459031E-05 -0.14892270E-07  0.34322361E-07   863.99999980   -23330.97752402
    4660    9.32000000 -0.26864065E-05 -0.14941982E-07  0.34775185E-07   863.99999980   -23330.97795295
    4670    9.34000000 -0.27260441E-05 -0.14988808E-07  0.35216016E-07   863.99999980   -23330.97838490
    4680    9.36000000 -0.27648076E-05 -0.15032923E-07  0.35644342E-07   863.99999980   -23330.97881958
    4690    9.38000000 -0.28026889E-05 -0.15074597E-07  0.36060142E-07   863.99999980   -23330.97925670
    4700    9.40000000 -0.28396806E-05 -0.15114003E-07  0.36462916E-07   863.99999979   -23330.97969598
    4710    9.42000000 -0.28757755E-05 -0.15151268E-07  0.36852531E-07   863.99999979   -23330.98013713
    4720    9.44000000 -0.29109675E-05 -0.15186339E-07  0.37228981E-07   863.99999979   -23330.98057988
    4730    9.46000000 -0.29452509E-05 -0.15219183E-07  0.37592138E-07   863.99999979   -23330.98102394
    4740    9.48000000 -0.29786202E-05 -0.15249661E-07  0.37942016E-07   863.99999979   -23330.98146904
    4750    9.50000000 -0.30110706E-05 -0.15277648E-07  0.38278707E-07   863.99999979   -23330.98191490
    4760    9.52000000 -0.30425980E-05 -0.15303018E-07  0.38602208E-07   863.99999979   -23330.98236126
    4770    9.54000000 -0.30731986E-05 -0.15325605E-07  0.38912674E-07   863.99999979   -23330.98280785
    4780    9.56000000 -0.31028690E-05 -0.15345154E-07  0.39210231E-07   863.99999979   -23330.98325440
    4790    9.58000000 -0.31316063E-05 -0.15361278E-07  0.39494897E-07   863.99999979   -23330.98370064
    4800    9.60000000 -0.31594078E-05 -0.15373668E-07  0.39766859E-07   863.99999979   -23330.98414634
    4810    9.62000000 -0.31862714E-05 -0.15381676E-07  0.40026369E-07   863.99999979   -23330.98459122
    4820    9.64000000 -0.32121947E-05 -0.15384850E-07  0.40273677E-07   863.99999979   -23330.98503505
    4830    9.66000000 -0.32371756E-05 -0.15382673E-07  0.40509051E-07   863.99999979   -23330.98547757
    4840    9.68000000 -0.32612124E-05 -0.15374537E-07  0.40732783E-07   863.99999979   -23330.98591855
    4850    9.70000000 -0.32843032E-05 -0.15359826E-07  0.40945045E-07   863.99999979   -23330.98635776
    4860    9.72000000 -0.33064463E-05 -0.15338032E-07  0.41146125E-07   863.99999979   -23330.98679496
    4870    9.74000000 -0.33276397E-05 -0.15308571E-07  0.41336518E-07   863.99999979   -23330.98722992
    4880    9.76000000 -0.33478817E-05 -0.15270891E-07  0.41516273E-07   863.99999979   -23330.98766243
    4890    9.78000000 -0.33671702E-05 -0.15224443E-07  0.41685746E-07   863.99999979   -23330.98809227
    4900    9.80000000 -0.33855034E-05 -0.15168794E-07  0.41844955E-07   863.99999979   -23330.98851923
    4910    9.82000000 -0.34028793E-05 -0.15103420E-07  0.41994210E-07   863.99999979   -23330.98894311
    4920    9.84000000 -0.34192957E-05 -0.15027973E-07  0.42133471E-07   863.99999979   -23330.98936370
    4930    9.86000000 -0.34347505E-05 -0.14941933E-07  0.42262835E-07   863.99999978   -23330.98978080
    4940    9.88000000 -0.34492413E-05 -0.14844818E-07  0.42382397E-07   863.99999978   -23330.99019425
    4950    9.90000000 -0.34627658E-05 -0.14736371E-07  0.42492040E-07   863.99999978   -23330.99060384
    4960    9.92000000 -0.34753217E-05 -0.14616311E-07  0.42591632E-07   863.99999978   -23330.99100940
    4970    9.94000000 -0.34869064E-05 -0.14484544E-07  0.42681182E-07   863.99999978   -23330.99141075
    4980    9.96000000 -0.34975175E-05 -0.14340951E-07  0.42760422E-07   863.99999978   -23330.99180775
    4990    9.98000000 -0.35071522E-05 -0.14185570E-07  0.42829061E-07   863.99999978   -23330.99220021
    5000   10.00000000 -0.35158078E-05 -0.14018431E-07  0.42886892E-07   863.99999978   -23330.99258800
    5010   10.02000000 -0.35234819E-05 -0.13839761E-07  0.42933741E-07   863.99999978   -23330.99297095
    5020   10.04000000 -0.35301717E-05 -0.13649719E-07  0.42969045E-07   863.99999978   -23330.99334893
    5030   10.06000000 -0.35358747E-05 -0.13448779E-07  0.42992603E-07   863.99999978   -23330.99372181
    5040   10.08000000 -0.35405884E-05 -0.13237360E-07  0.43003865E-07   863.99999978   -23330.99408945
    5050   10.10000000 -0.35443105E-05 -0.13015783E-07  0.43002735E-07   863.99999978   -23330.99445172
    5060   10.12000000 -0.35470391E-05 -0.12784455E-07  0.42988869E-07   863.99999978   -23330.99480852
    5070   10.14000000 -0.35487723E-05 -0.12543903E-07  0.42961843E-07   863.99999978   -23330.99515973
    5080   10.16000000 -0.35495084E-05 -0.12294653E-07  0.42921442E-07   863.99999978   -23330.99550525
    5090   10.18000000 -0.35492462E-05 -0.12037204E-07  0.42867480E-07   863.99999978   -23330.99584497
    5100   10.20000000 -0.35479847E-05 -0.11772110E-07  0.42799746E-07   863.99999978   -23330.99617881
    5110   10.22000000 -0.35457233E-05 -0.11499866E-07  0.42717886E-07   863.99999978   -23330.99650667
    5120   10.24000000 -0.35424619E-05 -0.11221097E-07  0.42621900E-07   863.99999978   -23330.99682849
    5130   10.26000000 -0.35382007E-05 -0.10936589E-07  0.42511525E-07   863.99999978   -23330.99714419
    5140   10.28000000 -0.35329403E-05 -0.10646854E-07  0.42386703E-07   863.99999978   -23330.99745370
    5150   10.30000000 -0.35266819E-05 -0.10352576E-07  0.42247232E-07   863.99999978   -23330.99775697
    5160   10.32000000 -0.35194269E-05 -0.10054272E-07  0.42093055E-07   863.99999977   -23330.99805393
    5170   10.34000000 -0.35111775E-05 -0.97522334E-08  0.41923995E-07   863.99999977   -23330.99834455
    5180   10.36000000 -0.35019358E-05 -0.94472561E-08  0.41740189E-07   863.99999977   -23330.99862878
    5190   10.38000000 -0.34917050E-05 -0.91395936E-08  0.41541532E-07   863.99999977   -23330.99890659
    5200   10.40000000 -0.34804887E-05 -0.88297913E-08  0.41328171E-07   863.99999977   -23330.99917796
    5210   10.42000000 -0.34682910E-05 -0.85182541E-08  0.41100050E-07   863.99999977   -23330.99944286
    5220   10.44000000 -0.34551165E-05 -0.82052996E-08  0.40857380E-07   863.99999977   -23330.99970128
    5230   10.46000000 -0.34409703E-05 -0.78911628E-08  0.40600333E-07   863.99999977   -23330.99995322
    5240   10.48000000 -0.34258579E-05 -0.75764665E-08  0.40329040E-07   863.99999977   -23331.00019866
    5250   10.50000000 -0.34097848E-05 -0.72614906E-08  0.40043722E-07   863.99999977   -23331.00043761
    5260   10.52000000 -0.33927576E-05 -0.69463659E-08  0.39744525E-07   863.99999977   -23331.00067010
    5270   10.54000000 -0.33747831E-05 -0.66313232E-08  0.39431554E-07   863.99999977   -23331.00089612
    5280   10.56000000 -0.33558679E-05 -0.63166798E-08  0.39105030E-07   863.99999977   -23331.00111571
    5290   10.58000000 -0.33360193E-05 -0.60024685E-08  0.38765217E-07   863.99999977   -23331.00132889
    5300   10.60000000 -0.33152446E-05 -0.56890228E-08  0.38412403E-07   863.99999977   -23331.00153570
    5310   10.62000000 -0.32935515E-05 -0.53765509E-08  0.38046593E-07   863.99999977   -23331.00173618
    5320   10.64000000 -0.32709479E-05 -0.50650089E-08  0.37668337E-07   863.99999977   -23331.00193037
    5330   10.66000000 -0.32474419E-05 -0.47544851E-08  0.37277855E-07   863.99999977   -23331.00211832
    5340   10.68000000 -0.32230418E-05 -0.44452034E-08  0.36875518E-07   863.99999977   -23331.00230008
    5350   10.70000000 -0.31977559E-05 -0.41373166E-08  0.36461833E-07   863.99999977   -23331.00247573
    5360   10.72000000 -0.31715928E-05 -0.38309974E-08  0.36037064E-07   863.99999977   -23331.00264531
    5370   10.74000000 -0.31445613E-05 -0.35262275E-08  0.35601667E-07   863.99999977   -23331.00280891
    5380   10.76000000 -0.31166701E-05 -0.32233690E-08  0.35156092E-07   863.99999977   -23331.00296659
    5390   10.78000000 -0.30879284E-05 -0.29224908E-08  0.34700840E-07   863.99999976   -23331.00311844
    5400   10.80000000 -0.30583451E-05 -0.26238679E-08  0.34236183E-07   863.99999976   -23331.00326453
    5410   10.82000000 -0.30279293E-05 -0.23279247E-08  0.33762522E-07   863.99999976   -23331.00340496
    5420   10.84000000 -0.29966900E-05 -0.20346988E-08  0.33280166E-07   863.99999976   -23331.00353981
    5430   10.86000000 -0.29646366E-05 -0.17445640E-08  0.32789545E-07   863.99999976   -23331.00366918
    5440   10.88000000 -0.29317786E-05 -0.14578034E-08  0.32291068E-07   863.99999976   -23331.00379316
    5450   10.90000000 -0.28981255E-05 -0.11746643E-08  0.31784828E-07   863.99999976   -23331.00391186
    5460   10.92000000 -0.28636866E-05 -0.89562412E-09  0.31271281E-07   863.99999976   -23331.00402538
    5470   10.94000000 -0.28284718E-05 -0.62092174E-09  0.30750676E-07   863.99999976   -23331.00413383
    5480   10.96000000 -0.27924906E-05 -0.35093482E-09  0.30223362E-07   863.99999976   -23331.00423731
    5490   10.98000000 -0.27557530E-05 -0.85898860E-10  0.29689438E-07   863.99999976   -23331.00433593
    5500   11.00000000 -0.27182687E-05  0.17382988E-09  0.29149130E-07   863.99999976   -23331.00442982
    5510   11.02000000 -0.26800478E-05  0.42810460E-09  0.28602560E-07   863.99999976   -23331.00451908
    5520   11.04000000 -0.26411001E-05  0.67669511E-09  0.28049849E-07   863.99999976   -23331.00460384
    5530   11.06000000 -0.26014358E-05  0.91942920E-09  0.27490922E-07   863.99999976   -23331.00468422
    5540   11.08000000 -0.25610650E-05  0.11561362E-08  0.26925886E-07   863.99999976   -23331.00476033
    5550   11.10000000 -0.25199980E-05  0.13865231E-08  0.26354715E-07   863.99999976   -23331.00483230
    5560   11.12000000 -0.24782453E-05  0.16104374E-08  0.25777356E-07   863.99999976   -23331.00490025
    5570   11.14000000 -0.24358172E-05  0.18278307E-08  0.25193641E-07   863.99999976   -23331.00496431
    5580   11.16000000 -0.23927243E-05  0.20384645E-08  0.24603420E-07   863.99999976   -23331.00502460
    5590   11.18000000 -0.23489774E-05  0.22422902E-08  0.24006577E-07   863.99999976   -23331.00508126
    5600   11.20000000 -0.23045876E-05  0.24390392E-08  0.23403061E-07   863.99999976   -23331.00513440
    5610   11.22000000 -0.22595659E-05  0.26286886E-08  0.22792756E-07   863.99999976   -23331.00518415
    5620   11.24000000 -0.22139235E-05  0.28112025E-08  0.22175434E-07   863.99999975   -23331.00523065
    5630   11.26000000 -0.21676718E-05  0.29866015E-08  0.21550920E-07   863.99999975   -23331.00527401
    5640   11.28000000 -0.21208222E-05  0.31547593E-08  0.20918753E-07   863.99999975   -23331.00531437
    5650   11.30000000 -0.20733866E-05  0.33156640E-08  0.20278702E-07   863.99999975   -23331.00535184
    5660   11.32000000 -0.20253766E-05  0.34692393E-08  0.19630361E-07   863.99999975   -23331.00538657
    5670   11.34000000 -0.19768043E-05  0.36156294E-08  0.18973582E-07   863.99999975   -23331.00541866
    5680   11.36000000 -0.19276817E-05  0.37549256E-08  0.18308001E-07   863.99999975   -23331.00544824
    5690   11.38000000 -0.18780210E-05  0.38873357E-08  0.17633007E-07   863.99999975   -23331.00547544
    5700   11.40000000 -0.18278347E-05  0.40128266E-08  0.16948387E-07   863.99999975   -23331.00550038
    5710   11.42000000 -0.17771352E-05  0.41317085E-08  0.16253821E-07   863.99999975   -23331.00552317
    5720   11.44000000 -0.17259352E-05  0.42441348E-08  0.15549051E-07   863.99999975   -23331.00554394
    5730   11.46000000 -0.16742476E-05  0.43504176E-08  0.14833948E-07   863.99999975   -23331.00556279
    5740   11.48000000 -0.16220854E-05  0.44508681E-08  0.14108325E-07   863.99999975   -23331.00557985
    5750   11.50000000 -0.15694616E-05  0.45460803E-08  0.13372078E-07   863.99999975   -23331.00559522
    5760   11.52000000 -0.15163898E-05  0.46363453E-08  0.12625091E-07   863.99999975   -23331.00560901
    5770   11.54000000 -0.14628835E-05  0.47219667E-08  0.11867293E-07   863.99999975   -23331.00562133
    5780   11.56000000 -0.14089564E-05  0.48034521E-08  0.11098584E-07   863.99999975   -23331.00563228
    5790   11.58000000 -0.13546224E-05  0.48814395E-08  0.10319266E-07   863.99999975   -23331.00564196
    5800   11.60000000 -0.12998955E-05  0.49562402E-08  0.95293358E-08   863.99999975   -23331.00565048
    5810   11.62000000 -0.12447900E-05  0.50285497E-08  0.87289962E-08   863.99999975   -23331.00565792
    5820   11.64000000 -0.11893205E-05  0.50987772E-08  0.79185666E-08   863.99999975   -23331.00566437
    5830   11.66000000 -0.11335014E-05  0.51673402E-08  0.70983184E-08   863.99999975   -23331.00566993
    5840   11.68000000 -0.10773478E-05  0.52347958E-08  0.62687547E-08   863.99999975   -23331.00567468
    5850   11.70000000 -0.10208748E-05  0.53016296E-08  0.54304250E-08   863.99999975   -23331.00567870
    5860   11.72000000 -0.96409769E-06  0.53684144E-08  0.45837580E-08   863.99999974   -23331.00568207
    5870   11.74000000 -0.90703193E-06  0.54355198E-08  0.37296242E-08   863.99999974   -23331.00568486
    5880   11.76000000 -0.84969358E-06  0.55033599E-08  0.28687078E-08   863.99999974   -23331.00568714
    5890   11.78000000 -0.79209851E-06  0.55725026E-08  0.20017416E-08   863.99999974   -23331.00568897
    5900   11.80000000 -0.73426316E-06  0.56431903E-08  0.11295562E-08   863.99999974   -23331.00569042
    5910   11.82000000 -0.67620397E-06  0.57159568E-08  0.25296508E-09   863.99999974   -23331.00569154
    5920   11.84000000 -0.61793757E-06  0.57912430E-08 -0.62708558E-09   863.99999974   -23331.00569239
    5930   11.86000000 -0.55948068E-06  0.58692413E-08 -0.15094435E-08   863.99999974   -23331.00569301
    5940   11.88000000 -0.50085018E-06  0.59502220E-08 -0.23931758E-08   863.99999974   -23331.00569345
    5950   11.90000000 -0.44206315E-06  0.60341920E-08 -0.32771705E-08   863.99999974   -23331.00569374
    5960   11.92000000 -0.38313637E-06  0.61212684E-08 -0.41603852E-08   863.99999974   -23331.00569393
    5970   11.94000000 -0.32408697E-06  0.62113814E-08 -0.50416897E-08   863.99999974   -23331.00569404
    5980   11.96000000 -0.26493206E-06  0.63044357E-08 -0.59200333E-08   863.99999974   -23331.00569410
    5990   11.98000000 -0.20568868E-06  0.63999968E-08 -0.67943797E-08   863.99999974   -23331.00569412
    6000   12.00000000 -0.14637383E-06  0.64976646E-08 -0.76638125E-08   863.99999974   -23331.00569412
    6010   12.02000000 -0.86526965E-07  0.65971512E-08 -0.85270738E-08   863.99999974   -23331.00569412
    6020   12.04000000 -0.26373090E-07  0.66979619E-08 -0.93832033E-08   863.99999974   -23331.00569412
    6030   12.06000000  0.33142308E-07  0.67996783E-08 -0.10231301E-07   863.99999974   -23331.00569412
    6040   12.08000000  0.91157702E-07  0.69021124E-08 -0.11071013E-07   863.99999974   -23331.00569413
    6050   12.10000000  0.14687689E-06  0.70049395E-08 -0.11901943E-07   863.99999974   -23331.00569413
    6060   12.12000000  0.19959010E-06  0.71084066E-08 -0.12724394E-07   863.99999974   -23331.00569413
    6070   12.14000000  0.24869505E-06  0.72133749E-08 -0.13538893E-07   863.99999974   -23331.00569413
    6080   12.16000000  0.29369083E-06  0.73208635E-08 -0.14346545E-07   863.99999974   -23331.00569413
    6090   12.18000000  0.33417766E-06  0.74319238E-08 -0.15148225E-07   863.99999973   -23331.00569413
    6100   12.20000000  0.36985122E-06  0.75474750E-08 -0.15944394E-07   863.99999973   -23331.00569413
    6110   12.22000000  0.40048506E-06  0.76682266E-08 -0.16735073E-07   863.99999973   -23331.00569413
    6120   12.24000000  0.42592430E-06  0.77946682E-08 -0.17519550E-07   863.99999973   -23331.00569413
    6130   12.26000000  0.44608547E-06  0.79270489E-08 -0.18296019E-07   863.99999973   -23331.00569413
    6140   12.28000000  0.46095278E-06  0.80652415E-08 -0.19062181E-07   863.99999973   -23331.00569413
    6150   12.30000000  0.47057583E-06  0.82086806E-08 -0.19814648E-07   863.99999973   -23331.00569413
    6160   12.32000000  0.47506801E-06  0.83564557E-08 -0.20548932E-07   863.99999973   -23331.00569413
    6170   12.34000000  0.47460198E-06  0.85070438E-08 -0.21260022E-07   863.99999973   -23331.00569413
    6180   12.36000000  0.46940326E-06  0.86590156E-08 -0.21942274E-07   863.99999973   -23331.00569413
    6190   12.38000000  0.45974310E-06  0.88105679E-08 -0.22589371E-07   863.99999973   -23331.00569413
    6200   12.40000000  0.44593472E-06  0.89595814E-08 -0.23194599E-07   863.99999973   -23331.00569413
    6210   12.42000000  0.42832636E-06  0.91039752E-08 -0.23751243E-07   863.99999973   -23331.00569413
    6220   12.44000000  0.40728929E-06  0.92418213E-08 -0.24252534E-07   863.99999973   -23331.00569413
    6230   12.46000000  0.38321159E-06  0.93708957E-08 -0.24691670E-07   863.99999973   -23331.00569413
    6240   12.48000000  0.35649342E-06  0.94891947E-08 -0.25062397E-07   863.99999973   -23331.00569413
    6250   12.50000000  0.32754156E-06  0.95947461E-08 -0.25358561E-07   863.99999973   -23331.00569413
    6260   12.52000000  0.29676258E-06  0.96856521E-08 -0.25574495E-07   863.99999973   -23331.00569413
    6270   12.54000000  0.26455799E-06  0.97598630E-08 -0.25704589E-07   863.99999973   -23331.00569414
    6280   12.56000000  0.23131985E-06  0.98154159E-08 -0.25744200E-07   863.99999973   -23331.00569414
    6290   12.58000000  0.19743005E-06  0.98506313E-08 -0.25689121E-07   863.99999973   -23331.00569414
    6300   12.60000000  0.16325901E-06  0.98638713E-08 -0.25535910E-07   863.99999973   -23331.00569414
    6310   12.62000000  0.12916492E-06  0.98538132E-08 -0.25281914E-07   863.99999973   -23331.00569414
    6320   12.64000000  0.95489803E-07  0.98192751E-08 -0.24925526E-07   863.99999972   -23331.00569414
    6330   12.66000000  0.62556088E-07  0.97595061E-08 -0.24466068E-07   863.99999972   -23331.00569414
    6340   12.68000000  0.30664611E-07  0.96737554E-08 -0.23903853E-07   863.99999972   -23331.00569414
    6350   12.70000000  0.91917706E-10  0.95618011E-08 -0.23240194E-07   863.99999972   -23331.00569414
    6360   12.72000000 -0.28912879E-07  0.94234988E-08 -0.22477400E-07   863.99999972   -23331.00569414
    6370   12.74000000 -0.56129059E-07  0.92590227E-08 -0.21618427E-07   863.99999972   -23331.00569414
    6380   12.76000000 -0.81366356E-07  0.90688418E-08 -0.20667404E-07   863.99999972   -23331.00569414
    6390   12.78000000 -0.10446740E-06  0.88530718E-08 -0.19628989E-07   863.99999972   -23331.00569414
    6400   12.80000000 -0.12530610E-06  0.86122179E-08 -0.18508669E-07   863.99999972   -23331.00569414
    6410   12.82000000 -0.14378517E-06  0.83469551E-08 -0.17312599E-07   863.99999972   -23331.00569414
    6420   12.84000000 -0.15983422E-06  0.80576285E-08 -0.16047545E-07   863.99999972   -23331.00569414
    6430   12.86000000 -0.17341088E-06  0.77450647E-08 -0.14720919E-07   863.99999972   -23331.00569414
    6440   12.88000000 -0.18449914E-06  0.74099710E-08 -0.13340523E-07   863.99999972   -23331.00569414
    6450   12.90000000 -0.19310754E-06  0.70528628E-08 -0.11914594E-07   863.99999972   -23331.00569414
    6460   12.92000000 -0.19926805E-06  0.66743878E-08 -0.10451797E-07   863.99999972   -23331.00569414
    6470   12.94000000 -0.20303569E-06  0.62753675E-08 -0.89607867E-08   863.99999972   -23331.00569414
    6480   12.96000000 -0.20448689E-06  0.58565173E-08 -0.74507397E-08   863.99999972   -23331.00569415
    6490   12.98000000 -0.20371796E-06  0.54187280E-08 -0.59309794E-08   863.99999972   -23331.00569415
    6500   13.00000000 -0.20084415E-06  0.49631177E-08 -0.44109164E-08   863.99999972   -23331.00569415
    6510   13.02000000 -0.19599654E-06  0.44907074E-08 -0.29000208E-08   863.99999972   -23331.00569415
    6520   13.04000000 -0.18932020E-06  0.40028817E-08 -0.14076295E-08   863.99999972   -23331.00569415
    6530   13.06000000 -0.18097190E-06  0.35010570E-08  0.56998948E-10   863.99999972   -23331.00569415
    6540   13.08000000 -0.17111696E-06  0.29870141E-08  0.14849632E-08   863.99999972   -23331.00569415
    6550   13.10000000 -0.15992677E-06  0.24624343E-08  0.28675659E-08   863.99999971   -23331.00569415
    6560   13.12000000 -0.14757689E-06  0.19292522E-08  0.41967333E-08   863.99999971   -23331.00569415
    6570   13.14000000 -0.13424410E-06  0.13893636E-08  0.54648644E-08   863.99999971   -23331.00569415
    6580   13.16000000 -0.12010380E-06  0.84498317E-09  0.66647750E-08   863.99999971   -23331.00569415
    6590   13.18000000 -0.10532902E-06  0.29816816E-09  0.77902327E-08   863.99999971   -23331.00569415
    6600   13.20000000 -0.90089400E-07 -0.24860195E-09  0.88352270E-08   863.99999971   -23331.00569415
    6610   13.22000000 -0.74550108E-07 -0.79287439E-09  0.97948602E-08   863.99999971   -23331.00569415
    6620   13.24000000 -0.58870009E-07 -0.13321862E-08  0.10664449E-07   863.99999971   -23331.00569415
    6630   13.26000000 -0.43200222E-07 -0.18638664E-08  0.11440359E-07   863.99999971   -23331.00569415
    6640   13.28000000 -0.27682996E-07 -0.23850601E-08  0.12119721E-07   863.99999971   -23331.00569415
    6650   13.30000000 -0.12451411E-07 -0.28930221E-08  0.12700332E-07   863.99999971   -23331.00569415
    6660   13.32000000  0.23719355E-08 -0.33848725E-08  0.13180861E-07   863.99999971   -23331.00569415
    6670   13.34000000  0.16674983E-07 -0.38575490E-08  0.13560832E-07   863.99999971   -23331.00569415
    6680   13.36000000  0.30356439E-07 -0.43080253E-08  0.13840424E-07   863.99999971   -23331.00569416
    6690   13.38000000  0.43326473E-07 -0.47336137E-08  0.14020742E-07   863.99999971   -23331.00569416
    6700   13.40000000  0.55506951E-07 -0.51313616E-08  0.14103775E-07   863.99999971   -23331.00569416
    6710   13.42000000  0.66830771E-07 -0.54987191E-08  0.14092231E-07   863.99999971   -23331.00569416
    6720   13.44000000  0.77242111E-07 -0.58329389E-08  0.13989644E-07   863.99999971   -23331.00569416
    6730   13.46000000  0.86696918E-07 -0.61317645E-08  0.13800248E-07   863.99999971   -23331.00569416
    6740   13.48000000  0.95162448E-07 -0.63930455E-08  0.13528668E-07   863.99999971   -23331.00569416
    6750   13.50000000  0.10261733E-06 -0.66149363E-08  0.13180274E-07   863.99999971   -23331.00569416
    6760   13.52000000  0.10905117E-06 -0.67956632E-08  0.12760820E-07   863.99999971   -23331.00569416
    6770   13.54000000  0.11446414E-06 -0.69337067E-08  0.12276362E-07   863.99999971   -23331.00569416
    6780   13.56000000  0.11886502E-06 -0.70278674E-08  0.11733463E-07   863.99999970   -23331.00569416
    6790   13.58000000  0.12227094E-06 -0.70774402E-08  0.11139085E-07   863.99999970   -23331.00569416
    6800   13.60000000  0.12470673E-06 -0.70819342E-08  0.10500289E-07   863.99999970   -23331.00569416
    6810   13.62000000  0.12620475E-06 -0.70411605E-08  0.98244279E-08   863.99999970   -23331.00569416
    6820   13.64000000  0.12680449E-06 -0.69552214E-08  0.91188776E-08   863.99999970   -23331.00569416
    6830   13.66000000  0.12655137E-06 -0.68248176E-08  0.83913287E-08   863.99999970   -23331.00569416
    6840   13.68000000  0.12549619E-06 -0.66505136E-08  0.76491485E-08   863.99999970   -23331.00569416
    6850   13.70000000  0.12369434E-06 -0.64335030E-08  0.68997806E-08   863.99999970   -23331.00569416
    6860   13.72000000  0.12120553E-06 -0.61754435E-08  0.61504242E-08   863.99999970   -23331.00569416
    6870   13.74000000  0.11809300E-06 -0.58779242E-08  0.54081931E-08   863.99999970   -23331.00569416
    6880   13.76000000  0.11442268E-06 -0.55430449E-08  0.46799119E-08   863.99999970   -23331.00569417
    6890   13.78000000  0.11026285E-06 -0.51732085E-08  0.39720377E-08   863.99999970   -23331.00569417
    6900   13.80000000  0.10568368E-06 -0.47710644E-08  0.32906100E-08   863.99999970   -23331.00569417
    6910   13.82000000  0.10075597E-06 -0.43395713E-08  0.26412666E-08   863.99999970   -23331.00569417
    6920   13.84000000  0.95549944E-07 -0.38818642E-08  0.20291906E-08   863.99999970   -23331.00569417
    6930   13.86000000  0.90134947E-07 -0.34011133E-08  0.14591048E-08   863.99999970   -23331.00569417
    6940   13.88000000  0.84578399E-07 -0.29008782E-08  0.93527225E-09   863.99999970   -23331.00569417
    6950   13.90000000  0.78945299E-07 -0.23847715E-08  0.46120973E-09   863.99999970   -23331.00569417
    6960   13.92000000  0.73298095E-07 -0.18565527E-08  0.39971025E-10   863.99999970   -23331.00569417
    6970   13.94000000  0.67695791E-07 -0.13201820E-08 -0.32601704E-09   863.99999970   -23331.00569417
    6980   13.96000000  0.62194438E-07 -0.77956311E-09 -0.63474332E-09   863.99999970   -23331.00569417
    6990   13.98000000  0.56845592E-07 -0.23874751E-09 -0.88492438E-09   863.99999970   -23331.00569417
    7000   14.00000000  0.51696460E-07  0.29810624E-09 -0.10757730E-08   863.99999970   -23331.00569417
    7010   14.02000000  0.46789735E-07  0.82706013E-09 -0.12070330E-08   863.99999969   -23331.00569417
    7020   14.04000000  0.42162743E-07  0.13441711E-08 -0.12787367E-08   863.99999969   -23331.00569417
    7030   14.06000000  0.37847530E-07  0.18454955E-08 -0.12913572E-08   863.99999969   -23331.00569417
    7040   14.08000000  0.33870608E-07  0.23273401E-08 -0.12459370E-08   863.99999969   -23331.00569417
    7050   14.10000000  0.30252929E-07  0.27861768E-08 -0.11438368E-08   863.99999969   -23331.00569417
    7060   14.12000000  0.27009997E-07  0.32187341E-08 -0.98694261E-09   863.99999969   -23331.00569417
    7070   14.14000000  0.24151805E-07  0.36219073E-08 -0.77743138E-09   863.99999969   -23331.00569417
    7080   14.16000000  0.21682996E-07  0.39931896E-08 -0.51807778E-09   863.99999969   -23331.00569418
    7090   14.18000000  0.19602620E-07  0.43299604E-08 -0.21192100E-09   863.99999969   -23331.00569418
    7100   14.20000000  0.17904684E-07  0.46300532E-08  0.13750011E-09   863.99999969   -23331.00569418
    7110   14.22000000  0.16578766E-07  0.48917092E-08  0.52658854E-09   863.99999969   -23331.00569418
    7120   14.24000000  0.15609943E-07  0.51133983E-08  0.95127646E-09   863.99999969   -23331.00569418
    7130   14.26000000  0.14979628E-07  0.52937849E-08  0.14072673E-08   863.99999969   -23331.00569418
    7140   14.28000000  0.14665496E-07  0.54318903E-08  0.18903135E-08   863.99999969   -23331.00569418
    7150   14.30000000  0.14642458E-07  0.55270578E-08  0.23959241E-08   863.99999969   -23331.00569418
    7160   14.32000000  0.14882673E-07  0.55789059E-08  0.29195984E-08   863.99999969   -23331.00569418
    7170   14.34000000  0.15356357E-07  0.55874707E-08  0.34567587E-08   863.99999969   -23331.00569418
    7180   14.36000000  0.16031850E-07  0.55532607E-08  0.40029393E-08   863.99999969   -23331.00569418
    7190   14.38000000  0.16876254E-07  0.54768574E-08  0.45536353E-08   863.99999969   -23331.00569418
    7200   14.40000000  0.17855473E-07  0.53595876E-08  0.51046085E-08   863.99999969   -23331.00569418
    7210   14.42000000  0.18935203E-07  0.52029288E-08  0.56515216E-08   863.99999969   -23331.00569418
    7220   14.44000000  0.20081284E-07  0.50087933E-08  0.61902607E-08   863.99999969   -23331.00569418
    7230   14.46000000  0.21259974E-07  0.47794657E-08  0.67169566E-08   863.99999969   -23331.00569418
    7240   14.48000000  0.22438808E-07  0.45176303E-08  0.72277339E-08   863.99999968   -23331.00569418
    7250   14.50000000  0.23586788E-07  0.42258263E-08  0.77189615E-08   863.99999968   -23331.00569418
    7260   14.52000000  0.24674786E-07  0.39070676E-08  0.81873590E-08   863.99999968   -23331.00569418
    7270   14.54000000  0.25676345E-07  0.35647597E-08  0.86301028E-08   863.99999968   -23331.00569418
    7280   14.56000000  0.26567511E-07  0.32022216E-08  0.90445029E-08   863.99999968   -23331.00569419
    7290   14.58000000  0.27327260E-07  0.28230451E-08  0.94284359E-08   863.99999968   -23331.00569419
    7300   14.60000000  0.27937931E-07  0.24308767E-08  0.97802354E-08   863.99999968   -23331.00569419
    7310   14.62000000  0.28384993E-07  0.20292715E-08  0.10098373E-07   863.99999968   -23331.00569419
    7320   14.64000000  0.28657211E-07  0.16220108E-08  0.10382019E-07   863.99999968   -23331.00569419
    7330   14.66000000  0.28746869E-07  0.12129607E-08  0.10630448E-07   863.99999968   -23331.00569419
    7340   14.68000000  0.28649420E-07  0.80579834E-09  0.10843290E-07   863.99999968   -23331.00569419
    7350   14.70000000  0.28363535E-07  0.40411005E-09  0.11020516E-07   863.99999968   -23331.00569419
    7360   14.72000000  0.27891009E-07  0.11431008E-10  0.11162286E-07   863.99999968   -23331.00569419
    7370   14.74000000  0.27236260E-07 -0.36884775E-09  0.11269002E-07   863.99999968   -23331.00569419
    7380   14.76000000  0.26407079E-07 -0.73368388E-09  0.11341472E-07   863.99999968   -23331.00569419
    7390   14.78000000  0.25414061E-07 -0.10801972E-08  0.11380287E-07   863.99999968   -23331.00569419
    7400   14.80000000  0.24270347E-07 -0.14056000E-08  0.11386792E-07   863.99999968   -23331.00569419
    7410   14.82000000  0.22991332E-07 -0.17077676E-08  0.11362152E-07   863.99999968   -23331.00569419
    7420   14.84000000  0.21594820E-07 -0.19846007E-08  0.11307676E-07   863.99999968   -23331.00569419
    7430   14.86000000  0.20099922E-07 -0.22342347E-08  0.11225048E-07   863.99999968   -23331.00569419
    7440   14.88000000  0.18527348E-07 -0.24553738E-08  0.11115867E-07   863.99999968   -23331.00569419
    7450   14.90000000  0.16899088E-07 -0.26468050E-08  0.10981707E-07   863.99999968   -23331.00569419
    7460   14.92000000  0.15238055E-07 -0.28077895E-08  0.10824330E-07   863.99999968   -23331.00569419
    7470   14.94000000  0.13567780E-07 -0.29377799E-08  0.10645305E-07   863.99999967   -23331.00569419
    7480   14.96000000  0.11912106E-07 -0.30364287E-08  0.10446351E-07   863.99999967   -23331.00569420
    7490   14.98000000  0.10294629E-07 -0.31036165E-08  0.10228941E-07   863.99999967   -23331.00569420
    7500   15.00000000  0.87387609E-08 -0.31395235E-08  0.99946553E-08   863.99999967   -23331.00569420
    7510   15.02000000  0.72677840E-08 -0.31444643E-08  0.97447503E-08   863.99999967   -23331.00569420
    7520   15.04000000  0.59038187E-08 -0.31190613E-08  0.94805028E-08   863.99999967   -23331.00569420
    7530   15.06000000  0.46681113E-08 -0.30640260E-08  0.92030571E-08   863.99999967   -23331.00569420
    7540   15.08000000  0.35804187E-08 -0.29803772E-08  0.89135640E-08   863.99999967   -23331.00569420
    7550   15.10000000  0.26585478E-08 -0.28692521E-08  0.86132708E-08   863.99999967   -23331.00569420
    7560   15.12000000  0.19186931E-08 -0.27321832E-08  0.83031528E-08   863.99999967   -23331.00569420
    7570   15.14000000  0.13750103E-08 -0.25708622E-08  0.79840474E-08   863.99999967   -23331.00569420
    7580   15.16000000  0.10391058E-08 -0.23872168E-08  0.76569030E-08   863.99999967   -23331.00569420
    7590   15.18000000  0.92042125E-09 -0.21834316E-08  0.73224755E-08   863.99999967   -23331.00569420
    7600   15.20000000  0.10259703E-08 -0.19618474E-08  0.69815669E-08   863.99999967   -23331.00569420
    7610   15.22000000  0.13603281E-08 -0.17248954E-08  0.66348606E-08   863.99999967   -23331.00569420
    7620   15.24000000  0.19253882E-08 -0.14750175E-08  0.62828939E-08   863.99999967   -23331.00569420
    7630   15.26000000  0.27207318E-08 -0.12147649E-08  0.59261346E-08   863.99999967   -23331.00569420
    7640   15.28000000  0.37427398E-08 -0.94667504E-09  0.55649934E-08   863.99999967   -23331.00569420
    7650   15.30000000  0.49857254E-08 -0.67333892E-09  0.51997873E-08   863.99999967   -23331.00569420
    7660   15.32000000  0.64412021E-08 -0.39745159E-09  0.48306687E-08   863.99999967   -23331.00569420
    7670   15.34000000  0.80981152E-08 -0.12154749E-09  0.44579577E-08   863.99999967   -23331.00569421
    7680   15.36000000  0.99426596E-08  0.15197974E-09  0.40819134E-08   863.99999967   -23331.00569421
    7690   15.38000000  0.11958746E-07  0.42039487E-09  0.37026832E-08   863.99999967   -23331.00569421
    7700   15.40000000  0.14128078E-07  0.68132186E-09  0.33208338E-08   863.99999966   -23331.00569421
    7710   15.42000000  0.16430248E-07  0.93234422E-09  0.29365365E-08   863.99999966   -23331.00569421
    7720   15.44000000  0.18843084E-07  0.11712472E-08  0.25502445E-08   863.99999966   -23331.00569421
    7730   15.46000000  0.21343236E-07  0.13959180E-08  0.21625549E-08   863.99999966   -23331.00569421
    7740   15.48000000  0.23906247E-07  0.16045968E-08  0.17738517E-08   863.99999966   -23331.00569421
    7750   15.50000000  0.26506824E-07  0.17955535E-08  0.13847988E-08   863.99999966   -23331.00569421
    7760   15.52000000  0.29118937E-07  0.19673531E-08  0.99589613E-09   863.99999966   -23331.00569421
    7770   15.54000000  0.31716522E-07  0.21187496E-08  0.60767314E-09   863.99999966   -23331.00569421
    7780   15.56000000  0.34273376E-07  0.22489699E-08  0.22068775E-09   863.99999966   -23331.00569421
    7790   15.58000000  0.36763565E-07  0.23573313E-08 -0.16443759E-09   863.99999966   -23331.00569421
    7800   15.60000000  0.39161544E-07  0.24433987E-08 -0.54694483E-09   863.99999966   -23331.00569421
    7810   15.62000000  0.41442604E-07  0.25070151E-08 -0.92641801E-09   863.99999966   -23331.00569421
    7820   15.64000000  0.43583207E-07  0.25483300E-08 -0.13021538E-08   863.99999966   -23331.00569421
    7830   15.66000000  0.45560883E-07  0.25675947E-08 -0.16733174E-08   863.99999966   -23331.00569421
    7840   15.68000000  0.47354959E-07  0.25652667E-08 -0.20393568E-08   863.99999966   -23331.00569421
    7850   15.70000000  0.48946750E-07  0.25423186E-08 -0.23994282E-08   863.99999966   -23331.00569421
    7860   15.72000000  0.50319700E-07  0.24997016E-08 -0.27526926E-08   863.99999966   -23331.00569421
    7870   15.74000000  0.51459495E-07  0.24386900E-08 -0.30983135E-08   863.99999966   -23331.00569422
    7880   15.76000000  0.52354332E-07  0.23607706E-08 -0.34354539E-08   863.99999966   -23331.00569422
    7890   15.78000000  0.52994676E-07  0.22677382E-08 -0.37632075E-08   863.99999966   -23331.00569422
    7900   15.80000000  0.53373922E-07  0.21612124E-08 -0.40807870E-08   863.99999966   -23331.00569422
    7910   15.82000000  0.53488251E-07  0.20431524E-08 -0.43873392E-08   863.99999966   -23331.00569422
    7920   15.84000000  0.53337029E-07  0.19156476E-08 -0.46820534E-08   863.99999966   -23331.00569422
    7930   15.86000000  0.52922455E-07  0.17805431E-08 -0.49640551E-08   863.99999965   -23331.00569422
    7940   15.88000000  0.52249759E-07  0.16396616E-08 -0.52323809E-08   863.99999965   -23331.00569422
    7950   15.90000000  0.51326898E-07  0.14947335E-08 -0.54861495E-08   863.99999965   -23331.00569422
    7960   15.92000000  0.50164606E-07  0.13474148E-08 -0.57241243E-08   863.99999965   -23331.00569422
    7970   15.94000000  0.48775892E-07  0.11989022E-08 -0.59452372E-08   863.99999965   -23331.00569422
    7980   15.96000000  0.47175546E-07  0.10506067E-08 -0.61484910E-08   863.99999965   -23331.00569422
    7990   15.98000000  0.45380309E-07  0.90376984E-09 -0.63325607E-08   863.99999965   -23331.00569422
    8000   16.00000000  0.43408143E-07  0.75931363E-09 -0.64963021E-08   863.99999965   -23331.00569422
    8010   16.02000000  0.41278326E-07  0.61817805E-09 -0.66389405E-08   863.99999965   -23331.00569422
    8020   16.04000000  0.39011278E-07  0.48109231E-09 -0.67595538E-08   863.99999965   -23331.00569422
    8030   16.06000000  0.36628374E-07  0.34891515E-09 -0.68574914E-08   863.99999965   -23331.00569422
    8040   16.08000000  0.34151951E-07  0.22230941E-09 -0.69320899E-08   863.99999965   -23331.00569422
    8050   16.10000000  0.31605605E-07  0.10180226E-09 -0.69831209E-08   863.99999965   -23331.00569422
    8060   16.12000000  0.29013570E-07 -0.12348981E-10 -0.70104985E-08   863.99999965   -23331.00569422
    8070   16.14000000  0.26400922E-07 -0.12016904E-09 -0.70141386E-08   863.99999965   -23331.00569423
    8080   16.16000000  0.23793033E-07 -0.22179162E-09 -0.69942027E-08   863.99999965   -23331.00569423
    8090   16.18000000  0.21214863E-07 -0.31747367E-09 -0.69509333E-08   863.99999965   -23331.00569423
    8100   16.20000000  0.18690813E-07 -0.40767064E-09 -0.68845834E-08   863.99999965   -23331.00569423
    8110   16.22000000  0.16244386E-07 -0.49303645E-09 -0.67955909E-08   863.99999965   -23331.00569423
    8120   16.24000000  0.13897788E-07 -0.57453537E-09 -0.66846008E-08   863.99999965   -23331.00569423
    8130   16.26000000  0.11671953E-07 -0.65296698E-09 -0.65524118E-08   863.99999965   -23331.00569423
    8140   16.28000000  0.95863666E-08 -0.72921867E-09 -0.64000655E-08   863.99999965   -23331.00569423
    8150   16.30000000  0.76586843E-08 -0.80410973E-09 -0.62287601E-08   863.99999965   -23331.00569423
    8160   16.32000000  0.59053644E-08 -0.87849401E-09 -0.60400030E-08   863.99999964   -23331.00569423
    8170   16.34000000  0.43411043E-08 -0.95307664E-09 -0.58353851E-08   863.99999964   -23331.00569423
    8180   16.36000000  0.29790717E-08 -0.10288768E-08 -0.56167165E-08   863.99999964   -23331.00569423
    8190   16.38000000  0.18308521E-08 -0.11066022E-08 -0.53860213E-08   863.99999964   -23331.00569423
    8200   16.40000000  0.90586901E-09 -0.11869093E-08 -0.51452762E-08   863.99999964   -23331.00569423
    8210   16.42000000  0.21152008E-09 -0.12703797E-08 -0.48966045E-08   863.99999964   -23331.00569423
    8220   16.44000000 -0.24715579E-09 -0.13574744E-08 -0.46421312E-08   863.99999964   -23331.00569423
    8230   16.46000000 -0.46785579E-09 -0.14491047E-08 -0.43842864E-08   863.99999964   -23331.00569423
    8240   16.48000000 -0.45100967E-09 -0.15457773E-08 -0.41253372E-08   863.99999964   -23331.00569423
    8250   16.50000000 -0.19948000E-09 -0.16479930E-08 -0.38674293E-08   863.99999964   -23331.00569423
    8260   16.52000000  0.28105257E-09 -0.17560555E-08 -0.36129681E-08   863.99999964   -23331.00569424
    8270   16.54000000  0.98221210E-09 -0.18702557E-08 -0.33641168E-08   863.99999964   -23331.00569424
    8280   16.56000000  0.18930721E-08 -0.19908658E-08 -0.31232237E-08   863.99999964   -23331.00569424
    8290   16.58000000  0.30006247E-08 -0.21180375E-08 -0.28924956E-08   863.99999964   -23331.00569424
    8300   16.60000000  0.42900066E-08 -0.22518936E-08 -0.26740787E-08   863.99999964   -23331.00569424
    8310   16.62000000  0.57445308E-08 -0.23922821E-08 -0.24700240E-08   863.99999964   -23331.00569424
    8320   16.64000000  0.73463651E-08 -0.25389745E-08 -0.22821762E-08   863.99999964   -23331.00569424
    8330   16.66000000  0.90763078E-08 -0.26916998E-08 -0.21122423E-08   863.99999964   -23331.00569424
    8340   16.68000000  0.10914865E-07 -0.28500570E-08 -0.19618974E-08   863.99999964   -23331.00569424
    8350   16.70000000  0.12841801E-07 -0.30135026E-08 -0.18325555E-08   863.99999964   -23331.00569424
    8360   16.72000000  0.14837191E-07 -0.31813235E-08 -0.17253734E-08   863.99999964   -23331.00569424
    8370   16.74000000  0.16881519E-07 -0.33524824E-08 -0.16413645E-08   863.99999964   -23331.00569424
    8380   16.76000000  0.18955770E-07 -0.35261119E-08 -0.15812707E-08   863.99999964   -23331.00569424
    8390   16.78000000  0.21042456E-07 -0.37012803E-08 -0.15455242E-08   863.99999964   -23331.00569424
    8400   16.80000000  0.23125401E-07 -0.38766880E-08 -0.15345539E-08   863.99999963   -23331.00569424
    8410   16.82000000  0.25189934E-07 -0.40511678E-08 -0.15485252E-08   863.99999963   -23331.00569424
    8420   16.84000000  0.27223215E-07 -0.42235697E-08 -0.15872383E-08   863.99999963   -23331.00569424
    8430   16.86000000  0.29213919E-07 -0.43926687E-08 -0.16503052E-08   863.99999963   -23331.00569424
    8440   16.88000000  0.31152346E-07 -0.45572252E-08 -0.17368142E-08   863.99999963   -23331.00569424
    8450   16.90000000  0.33030483E-07 -0.47162744E-08 -0.18458695E-08   863.99999963   -23331.00569424
    8460   16.92000000  0.34841631E-07 -0.48687394E-08 -0.19761008E-08   863.99999963   -23331.00569425
    8470   16.94000000  0.36580124E-07 -0.50137919E-08 -0.21262045E-08   863.99999963   -23331.00569425
    8480   16.96000000  0.38240992E-07 -0.51504554E-08 -0.22942607E-08   863.99999963   -23331.00569425
    8490   16.98000000  0.39819759E-07 -0.52780070E-08 -0.24783886E-08   863.99999963   -23331.00569425
    8500   17.00000000  0.41312437E-07 -0.53956698E-08 -0.26763425E-08   863.99999963   -23331.00569425
    8510   17.02000000  0.42715491E-07 -0.55029450E-08 -0.28859083E-08   863.99999963   -23331.00569425
    8520   17.04000000  0.44025237E-07 -0.55991160E-08 -0.31048273E-08   863.99999963   -23331.00569425
    8530   17.06000000  0.45237771E-07 -0.56838152E-08 -0.33308889E-08   863.99999963   -23331.00569425
    8540   17.08000000  0.46349260E-07 -0.57564280E-08 -0.35617837E-08   863.99999963   -23331.00569425
    8550   17.10000000  0.47355726E-07 -0.58165771E-08 -0.37954165E-08   863.99999963   -23331.00569425
    8560   17.12000000  0.48253285E-07 -0.58641116E-08 -0.40296688E-08   863.99999963   -23331.00569425
    8570   17.14000000  0.49038289E-07 -0.58988384E-08 -0.42627022E-08   863.99999963   -23331.00569425
    8580   17.16000000  0.49707300E-07 -0.59204224E-08 -0.44925413E-08   863.99999963   -23331.00569425
    8590   17.18000000  0.50257311E-07 -0.59288267E-08 -0.47175736E-08   863.99999963   -23331.00569425
    8600   17.20000000  0.50686039E-07 -0.59238916E-08 -0.49359454E-08   863.99999963   -23331.00569425
    8610   17.22000000  0.50991819E-07 -0.59058038E-08 -0.51461704E-08   863.99999963   -23331.00569425
    8620   17.24000000  0.51174034E-07 -0.58745454E-08 -0.53469576E-08   863.99999963   -23331.00569425
    8630   17.26000000  0.51233166E-07 -0.58303658E-08 -0.55370794E-08   863.99999962   -23331.00569425
    8640   17.28000000  0.51170962E-07 -0.57735571E-08 -0.57153483E-08   863.99999962   -23331.00569425
    8650   17.30000000  0.50990082E-07 -0.57042912E-08 -0.58808763E-08   863.99999962   -23331.00569425
    8660   17.32000000  0.50694780E-07 -0.56229433E-08 -0.60329709E-08   863.99999962   -23331.00569426
    8670   17.34000000  0.50290533E-07 -0.55300935E-08 -0.61710057E-08   863.99999962   -23331.00569426
    8680   17.36000000  0.49783925E-07 -0.54263182E-08 -0.62947136E-08   863.99999962   -23331.00569426
    8690   17.38000000  0.49182917E-07 -0.53124065E-08 -0.64036872E-08   863.99999962   -23331.00569426
    8700   17.40000000  0.48496545E-07 -0.51889740E-08 -0.64977554E-08   863.99999962   -23331.00569426
    8710   17.42000000  0.47735020E-07 -0.50572156E-08 -0.65767325E-08   863.99999962   -23331.00569426
    8720   17.44000000  0.46909662E-07 -0.49178785E-08 -0.66407270E-08   863.99999962   -23331.00569426
    8730   17.46000000  0.46032827E-07 -0.47720669E-08 -0.66898887E-08   863.99999962   -23331.00569426
    8740   17.48000000  0.45117095E-07 -0.46207413E-08 -0.67245389E-08   863.99999962   -23331.00569426
    8750   17.50000000  0.44175854E-07 -0.44648965E-08 -0.67450183E-08   863.99999962   -23331.00569426
    8760   17.52000000  0.43222535E-07 -0.43055584E-08 -0.67519769E-08   863.99999962   -23331.00569426
    8770   17.54000000  0.42270736E-07 -0.41434792E-08 -0.67459616E-08   863.99999962   -23331.00569426
    8780   17.56000000  0.41333870E-07 -0.39798772E-08 -0.67277807E-08   863.99999962   -23331.00569426
    8790   17.58000000  0.40424769E-07 -0.38157622E-08 -0.66980769E-08   863.99999962   -23331.00569426
    8800   17.60000000  0.39555787E-07 -0.36520211E-08 -0.66579029E-08   863.99999962   -23331.00569426
    8810   17.62000000  0.38738373E-07 -0.34898167E-08 -0.66079932E-08   863.99999962   -23331.00569426
    8820   17.64000000  0.37983214E-07 -0.33301110E-08 -0.65491232E-08   863.99999962   -23331.00569426
    8830   17.66000000  0.37299680E-07 -0.31740391E-08 -0.64820233E-08   863.99999962   -23331.00569426
    8840   17.68000000  0.36696383E-07 -0.30228350E-08 -0.64073389E-08   863.99999962   -23331.00569426
    8850   17.70000000  0.36180574E-07 -0.28773789E-08 -0.63255605E-08   863.99999962   -23331.00569426
    8860   17.72000000  0.35758436E-07 -0.27388830E-08 -0.62372460E-08   863.99999961   -23331.00569427
    8870   17.74000000  0.35434803E-07 -0.26082255E-08 -0.61428372E-08   863.99999961   -23331.00569427
    8880   17.76000000  0.35213183E-07 -0.24863931E-08 -0.60428767E-08   863.99999961   -23331.00569427
    8890   17.78000000  0.35095784E-07 -0.23740561E-08 -0.59378557E-08   863.99999961   -23331.00569427
    8900   17.80000000  0.35083333E-07 -0.22718050E-08 -0.58281745E-08   863.99999961   -23331.00569427
    8910   17.82000000  0.35175317E-07 -0.21803727E-08 -0.57145201E-08   863.99999961   -23331.00569427
    8920   17.84000000  0.35369791E-07 -0.21003630E-08 -0.55971598E-08   863.99999961   -23331.00569427
    8930   17.86000000  0.35663365E-07 -0.20319565E-08 -0.54768319E-08   863.99999961   -23331.00569427
    8940   17.88000000  0.36051500E-07 -0.19754466E-08 -0.53541142E-08   863.99999961   -23331.00569427
    8950   17.90000000  0.36528272E-07 -0.19312496E-08 -0.52294598E-08   863.99999961   -23331.00569427
    8960   17.92000000  0.37086541E-07 -0.18995691E-08 -0.51032251E-08   863.99999961   -23331.00569427
    8970   17.94000000  0.37718290E-07 -0.18805605E-08 -0.49758729E-08   863.99999961   -23331.00569427
    8980   17.96000000  0.38414579E-07 -0.18743058E-08 -0.48476581E-08   863.99999961   -23331.00569427
    8990   17.98000000  0.39165578E-07 -0.18806201E-08 -0.47188164E-08   863.99999961   -23331.00569427
    9000   18.00000000  0.39960761E-07 -0.18993378E-08 -0.45897039E-08   863.99999961   -23331.00569427
    9010   18.02000000  0.40789192E-07 -0.19301764E-08 -0.44605146E-08   863.99999961   -23331.00569427
    9020   18.04000000  0.41639235E-07 -0.19726404E-08 -0.43314130E-08   863.99999961   -23331.00569427
    9030   18.06000000  0.42499240E-07 -0.20260469E-08 -0.42028214E-08   863.99999961   -23331.00569427
    9040   18.08000000  0.43357176E-07 -0.20897880E-08 -0.40748922E-08   863.99999961   -23331.00569427
    9050   18.10000000  0.44201274E-07 -0.21630564E-08 -0.39477473E-08   863.99999961   -23331.00569428
    9060   18.12000000  0.45019884E-07 -0.22449630E-08 -0.38217784E-08   863.99999961   -23331.00569428
    9070   18.14000000  0.45801958E-07 -0.23344940E-08 -0.36971169E-08   863.99999961   -23331.00569428
    9080   18.16000000  0.46537227E-07 -0.24304756E-08 -0.35740084E-08   863.99999961   -23331.00569428
    9090   18.18000000  0.47216153E-07 -0.25318314E-08 -0.34526015E-08   863.99999960   -23331.00569428
    9100   18.20000000  0.47829985E-07 -0.26372965E-08 -0.33328309E-08   863.99999960   -23331.00569428
    9110   18.22000000  0.48371149E-07 -0.27456026E-08 -0.32148329E-08   863.99999960   -23331.00569428
    9120   18.24000000  0.48833202E-07 -0.28553500E-08 -0.30987377E-08   863.99999960   -23331.00569428
    9130   18.26000000  0.49210813E-07 -0.29653548E-08 -0.29846029E-08   863.99999960   -23331.00569428
    9140   18.28000000  0.49499906E-07 -0.30740132E-08 -0.28723985E-08   863.99999960   -23331.00569428
    9150   18.30000000  0.49697591E-07 -0.31802272E-08 -0.27622337E-08   863.99999960   -23331.00569428
    9160   18.32000000  0.49802260E-07 -0.32826845E-08 -0.26540057E-08   863.99999960   -23331.00569428
    9170   18.34000000  0.49813224E-07 -0.33802236E-08 -0.25476841E-08   863.99999960   -23331.00569428
    9180   18.36000000  0.49731643E-07 -0.34716958E-08 -0.24432904E-08   863.99999960   -23331.00569428
    9190   18.38000000  0.49559748E-07 -0.35559692E-08 -0.23406187E-08   863.99999960   -23331.00569428
    9200   18.40000000  0.49300975E-07 -0.36318792E-08 -0.22396301E-08   863.99999960   -23331.00569428
    9210   18.42000000  0.48959888E-07 -0.36984666E-08 -0.21403424E-08   863.99999960   -23331.00569428
    9220   18.44000000  0.48542133E-07 -0.37548409E-08 -0.20426263E-08   863.99999960   -23331.00569428
    9230   18.46000000  0.48054147E-07 -0.38000145E-08 -0.19463822E-08   863.99999960   -23331.00569428
    9240   18.48000000  0.47503343E-07 -0.38332442E-08 -0.18516739E-08   863.99999960   -23331.00569428
    9250   18.50000000  0.46897702E-07 -0.38536836E-08 -0.17585356E-08   863.99999960   -23331.00569429
    9260   18.52000000  0.46245488E-07 -0.38608167E-08 -0.16668507E-08   863.99999960   -23331.00569429
    9270   18.54000000  0.45555382E-07 -0.38538512E-08 -0.15768063E-08   863.99999960   -23331.00569429
    9280   18.56000000  0.44836519E-07 -0.38326138E-08 -0.14884586E-08   863.99999960   -23331.00569429
    9290   18.58000000  0.44098083E-07 -0.37966293E-08 -0.14018495E-08   863.99999960   -23331.00569429
    9300   18.60000000  0.43349371E-07 -0.37457540E-08 -0.13172363E-08   863.99999960   -23331.00569429
    9310   18.62000000  0.42599466E-07 -0.36799587E-08 -0.12348478E-08   863.99999960   -23331.00569429
    9320   18.64000000  0.41857161E-07 -0.35993095E-08 -0.11547132E-08   863.99999959   -23331.00569429
    9330   18.66000000  0.41130973E-07 -0.35038096E-08 -0.10770382E-08   863.99999959   -23331.00569429
    9340   18.68000000  0.40428896E-07 -0.33935530E-08 -0.10019919E-08   863.99999959   -23331.00569429
    9350   18.70000000  0.39758200E-07 -0.32688766E-08 -0.92984722E-09   863.99999959   -23331.00569429
    9360   18.72000000  0.39125720E-07 -0.31301840E-08 -0.86053113E-09   863.99999959   -23331.00569429
    9370   18.74000000  0.38537302E-07 -0.29778781E-08 -0.79426880E-09   863.99999959   -23331.00569429
    9380   18.76000000  0.37998146E-07 -0.28126179E-08 -0.73099149E-09   863.99999959   -23331.00569429
    9390   18.78000000  0.37512743E-07 -0.26349404E-08 -0.67070759E-09   863.99999959   -23331.00569429
    9400   18.80000000  0.37084651E-07 -0.24457124E-08 -0.61361441E-09   863.99999959   -23331.00569429
    9410   18.82000000  0.36716674E-07 -0.22457178E-08 -0.55972891E-09   863.99999959   -23331.00569429
    9420   18.84000000  0.36410831E-07 -0.20357512E-08 -0.50901139E-09   863.99999959   -23331.00569429
    9430   18.86000000  0.36168269E-07 -0.18170263E-08 -0.46155508E-09   863.99999959   -23331.00569429
    9440   18.88000000  0.35989197E-07 -0.15903566E-08 -0.41740953E-09   863.99999959   -23331.00569429
    9450   18.90000000  0.35872942E-07 -0.13569650E-08 -0.37638149E-09   863.99999959   -23331.00569430
    9460   18.92000000  0.35817921E-07 -0.11177027E-08 -0.33852965E-09   863.99999959   -23331.00569430
    9470   18.94000000  0.35821725E-07 -0.87384245E-09 -0.30367271E-09   863.99999959   -23331.00569430
    9480   18.96000000  0.35880771E-07 -0.62639243E-09 -0.27170508E-09   863.99999959   -23331.00569430
    9490   18.98000000  0.35990763E-07 -0.37649747E-09 -0.24252520E-09   863.99999959   -23331.00569430
    9500   19.00000000  0.36146615E-07 -0.12519997E-09 -0.21588904E-09   863.99999959   -23331.00569430
    9510   19.02000000  0.36342437E-07  0.12647732E-09 -0.19193481E-09   863.99999959   -23331.00569430
    9520   19.04000000  0.36571748E-07  0.37755489E-09 -0.17050815E-09   863.99999959   -23331.00569430
    9530   19.06000000  0.36827248E-07  0.62693674E-09 -0.15153823E-09   863.99999959   -23331.00569430
    9540   19.08000000  0.37101259E-07  0.87384202E-09 -0.13517651E-09   863.99999959   -23331.00569430
    9550   19.10000000  0.37385830E-07  0.11171190E-08 -0.12163139E-09   863.99999958   -23331.00569430
    9560   19.12000000  0.37672671E-07  0.13558600E-08 -0.11087406E-09   863.99999958   -23331.00569430
    9570   19.14000000  0.37953818E-07  0.15893960E-08 -0.10319909E-09   863.99999958   -23331.00569430
    9580   19.16000000  0.38221295E-07  0.18166380E-08 -0.98808974E-10   863.99999958   -23331.00569430
    9590   19.18000000  0.38467317E-07  0.20368898E-08 -0.97748584E-10   863.99999958   -23331.00569430
    9600   19.20000000  0.38684558E-07  0.22494672E-08 -0.10016114E-09   863.99999958   -23331.00569430
    9610   19.22000000  0.38866167E-07  0.24536852E-08 -0.10610782E-09   863.99999958   -23331.00569430
    9620   19.24000000  0.39005993E-07  0.26488758E-08 -0.11546755E-09   863.99999958   -23331.00569430
    9630   19.26000000  0.39098477E-07  0.28345139E-08 -0.12837122E-09   863.99999958   -23331.00569430
    9640   19.28000000  0.39138757E-07  0.30104122E-08 -0.14472038E-09   863.99999958   -23331.00569431
    9650   19.30000000  0.39122607E-07  0.31762218E-08 -0.16460052E-09   863.99999958   -23331.00569431
    9660   19.32000000  0.39046945E-07  0.33318929E-08 -0.18779497E-09   863.99999958   -23331.00569431
    9670   19.34000000  0.38909184E-07  0.34772053E-08 -0.21403135E-09   863.99999958   -23331.00569431
    9680   19.36000000  0.38707840E-07  0.36120710E-08 -0.24326732E-09   863.99999958   -23331.00569431
    9690   19.38000000  0.38442140E-07  0.37365607E-08 -0.27503120E-09   863.99999958   -23331.00569431
    9700   19.40000000  0.38112219E-07  0.38506665E-08 -0.30917034E-09   863.99999958   -23331.00569431
    9710   19.42000000  0.37718751E-07  0.39545224E-08 -0.34547769E-09   863.99999958   -23331.00569431
    9720   19.44000000  0.37263428E-07  0.40483390E-08 -0.38346382E-09   863.99999958   -23331.00569431
    9730   19.46000000  0.36748594E-07  0.41323245E-08 -0.42279529E-09   863.99999958   -23331.00569431
    9740   19.48000000  0.36177346E-07  0.42066278E-08 -0.46292334E-09   863.99999958   -23331.00569431
    9750   19.50000000  0.35553245E-07  0.42717678E-08 -0.50343596E-09   863.99999958   -23331.00569431
    9760   19.52000000  0.34880369E-07  0.43280254E-08 -0.54399063E-09   863.99999958   -23331.00569431
    9770   19.54000000  0.34163444E-07  0.43757737E-08 -0.58412581E-09   863.99999958   -23331.00569431
    9780   19.56000000  0.33407620E-07  0.44153708E-08 -0.62327105E-09   863.99999957   -23331.00569431
    9790   19.58000000  0.32618503E-07  0.44473167E-08 -0.66098516E-09   863.99999957   -23331.00569431
    9800   19.60000000  0.31802263E-07  0.44718816E-08 -0.69658024E-09   863.99999957   -23331.00569431
    9810   19.62000000  0.30965183E-07  0.44895374E-08 -0.72979110E-09   863.99999957   -23331.00569431
    9820   19.64000000  0.30113812E-07  0.45005396E-08 -0.76010339E-09   863.99999957   -23331.00569431
    9830   19.66000000  0.29254812E-07  0.45052036E-08 -0.78709453E-09   863.99999957   -23331.00569431
    9840   19.68000000  0.28394968E-07  0.45036881E-08 -0.81035126E-09   863.99999957   -23331.00569432
    9850   19.70000000  0.27540760E-07  0.44963314E-08 -0.82958693E-09   863.99999957   -23331.00569432
    9860   19.72000000  0.26698697E-07  0.44833219E-08 -0.84453192E-09   863.99999957   -23331.00569432
    9870   19.74000000  0.25874911E-07  0.44648951E-08 -0.85490962E-09   863.99999957   -23331.00569432
    9880   19.76000000  0.25074940E-07  0.44411179E-08 -0.86077856E-09   863.99999957   -23331.00569432
    9890   19.78000000  0.24304057E-07  0.44121140E-08 -0.86205156E-09   863.99999957   -23331.00569432
    9900   19.80000000  0.23567321E-07  0.43780963E-08 -0.85889552E-09   863.99999957   -23331.00569432
    9910   19.82000000  0.22868980E-07  0.43392342E-08 -0.85162069E-09   863.99999957   -23331.00569432
    9920   19.84000000  0.22213125E-07  0.42955803E-08 -0.84065424E-09   863.99999957   -23331.00569432
    9930   19.86000000  0.21603138E-07  0.42473690E-08 -0.82638213E-09   863.99999957   -23331.00569432
    9940   19.88000000  0.21041927E-07  0.41946499E-08 -0.80924549E-09   863.99999957   -23331.00569432
    9950   19.90000000  0.20531976E-07  0.41376682E-08 -0.78968271E-09   863.99999957   -23331.00569432
    9960   19.92000000  0.20074959E-07  0.40767422E-08 -0.76825561E-09   863.99999957   -23331.00569432
    9970   19.94000000  0.19671949E-07  0.40121379E-08 -0.74554288E-09   863.99999957   -23331.00569432
    9980   19.96000000  0.19323494E-07  0.39442289E-08 -0.72215025E-09   863.99999957   -23331.00569432
    9990   19.98000000  0.19029332E-07  0.38733896E-08 -0.69877009E-09   863.99999957   -23331.00569432
   10000   20.00000000  0.18788743E-07  0.38000318E-08 -0.67605716E-09   863.99999957   -23331.00569432
   10010   20.02000000  0.18600369E-07  0.37247012E-08 -0.65489775E-09   863.99999956   -23331.00569432
   10020   20.04000000  0.18462288E-07  0.36481119E-08 -0.63598522E-09   863.99999956   -23331.00569432
   10030   20.06000000  0.18372060E-07  0.35707180E-08 -0.62014029E-09   863.99999956   -23331.00569432
   10040   20.08000000  0.18326641E-07  0.34934276E-08 -0.60834011E-09   863.99999956   -23331.00569433
   10050   20.10000000  0.18322914E-07  0.34169101E-08 -0.60127505E-09   863.99999956   -23331.00569433
   10060   20.12000000  0.18357339E-07  0.33417801E-08 -0.59972866E-09   863.99999956   -23331.00569433
   10070   20.14000000  0.18426039E-07  0.32690356E-08 -0.60466838E-09   863.99999956   -23331.00569433
   10080   20.16000000  0.18524977E-07  0.31994296E-08 -0.61694150E-09   863.99999956   -23331.00569433
   10090   20.18000000  0.18649933E-07  0.31337003E-08 -0.63728511E-09   863.99999956   -23331.00569433
   10100   20.20000000  0.18796450E-07  0.30727905E-08 -0.66680656E-09   863.99999956   -23331.00569433
   10110   20.22000000  0.18960005E-07  0.30173206E-08 -0.70606217E-09   863.99999956   -23331.00569433
   10120   20.24000000  0.19136252E-07  0.29679895E-08 -0.75591806E-09   863.99999956   -23331.00569433
   10130   20.26000000  0.19320505E-07  0.29254787E-08 -0.81695036E-09   863.99999956   -23331.00569433
   10140   20.28000000  0.19508147E-07  0.28903016E-08 -0.88978586E-09   863.99999956   -23331.00569433
   10150   20.30000000  0.19694633E-07  0.28629953E-08 -0.97480203E-09   863.99999956   -23331.00569433
   10160   20.32000000  0.19875696E-07  0.28441349E-08 -0.10722456E-08   863.99999956   -23331.00569433
   10170   20.34000000  0.20047277E-07  0.28339287E-08 -0.11824269E-08   863.99999956   -23331.00569433
   10180   20.36000000  0.20205664E-07  0.28327632E-08 -0.13051148E-08   863.99999956   -23331.00569433
   10190   20.38000000  0.20347540E-07  0.28407084E-08 -0.14403899E-08   863.99999956   -23331.00569433
   10200   20.40000000  0.20469652E-07  0.28580505E-08 -0.15878544E-08   863.99999956   -23331.00569433
   10210   20.42000000  0.20569291E-07  0.28849674E-08 -0.17471387E-08   863.99999956   -23331.00569433
   10220   20.44000000  0.20644162E-07  0.29213681E-08 -0.19176658E-08   863.99999956   -23331.00569433
   10230   20.46000000  0.20692746E-07  0.29675070E-08 -0.20987071E-08   863.99999956   -23331.00569434
   10240   20.48000000  0.20713441E-07  0.30230989E-08 -0.22895869E-08   863.99999955   -23331.00569434
   10250   20.50000000  0.20705616E-07  0.30882973E-08 -0.24892975E-08   863.99999955   -23331.00569434
   10260   20.52000000  0.20668799E-07  0.31630711E-08 -0.26967738E-08   863.99999955   -23331.00569434
   10270   20.54000000  0.20603016E-07  0.32471936E-08 -0.29109041E-08   863.99999955   -23331.00569434
   10280   20.56000000  0.20508673E-07  0.33406692E-08 -0.31303606E-08   863.99999955   -23331.00569434
   10290   20.58000000  0.20386691E-07  0.34431569E-08 -0.33537167E-08   863.99999955   -23331.00569434
   10300   20.60000000  0.20238092E-07  0.35545596E-08 -0.35795130E-08   863.99999955   -23331.00569434
   10310   20.62000000  0.20064412E-07  0.36746388E-08 -0.38060375E-08   863.99999955   -23331.00569434
   10320   20.64000000  0.19867361E-07  0.38031350E-08 -0.40316433E-08   863.99999955   -23331.00569434
   10330   20.66000000  0.19649045E-07  0.39396244E-08 -0.42545938E-08   863.99999955   -23331.00569434
   10340   20.68000000  0.19411534E-07  0.40836696E-08 -0.44731686E-08   863.99999955   -23331.00569434
   10350   20.70000000  0.19157122E-07  0.42349637E-08 -0.46859353E-08   863.99999955   -23331.00569434
   10360   20.72000000  0.18888314E-07  0.43930666E-08 -0.48912611E-08   863.99999955   -23331.00569434
   10370   20.74000000  0.18607712E-07  0.45571730E-08 -0.50875744E-08   863.99999955   -23331.00569434
   10380   20.76000000  0.18318005E-07  0.47268863E-08 -0.52734678E-08   863.99999955   -23331.00569434
   10390   20.78000000  0.18022168E-07  0.49014913E-08 -0.54477504E-08   863.99999955   -23331.00569434
   10400   20.80000000  0.17723032E-07  0.50801364E-08 -0.56093715E-08   863.99999955   -23331.00569434
   10410   20.82000000  0.17423603E-07  0.52619573E-08 -0.57572451E-08   863.99999955   -23331.00569434
   10420   20.84000000  0.17126706E-07  0.54461983E-08 -0.58905560E-08   863.99999955   -23331.00569434
   10430   20.86000000  0.16835231E-07  0.56317095E-08 -0.60083562E-08   863.99999955   -23331.00569435
   10440   20.88000000  0.16551748E-07  0.58173876E-08 -0.61101975E-08   863.99999955   -23331.00569435
   10450   20.90000000  0.16278995E-07  0.60022279E-08 -0.61957893E-08   863.99999955   -23331.00569435
   10460   20.92000000  0.16019382E-07  0.61850663E-08 -0.62649052E-08   863.99999955   -23331.00569435
   10470   20.94000000  0.15775102E-07  0.63648587E-08 -0.63173590E-08   863.99999954   -23331.00569435
   10480   20.96000000  0.15548362E-07  0.65406374E-08 -0.63532543E-08   863.99999954   -23331.00569435
   10490   20.98000000  0.15340968E-07  0.67113305E-08 -0.63728153E-08   863.99999954   -23331.00569435
   10500   21.00000000  0.15154726E-07  0.68759850E-08 -0.63764146E-08   863.99999954   -23331.00569435
   10510   21.02000000  0.14991257E-07  0.70336519E-08 -0.63645732E-08   863.99999954   -23331.00569435
   10520   21.04000000  0.14851881E-07  0.71836106E-08 -0.63378283E-08   863.99999954   -23331.00569435
   10530   21.06000000  0.14737973E-07  0.73250829E-08 -0.62968543E-08   863.99999954   -23331.00569435
   10540   21.08000000  0.14650206E-07  0.74575936E-08 -0.62425304E-08   863.99999954   -23331.00569435
   10550   21.10000000  0.14589111E-07  0.75804939E-08 -0.61757531E-08   863.99999954   -23331.00569435
   10560   21.12000000  0.14555107E-07  0.76930452E-08 -0.60977421E-08   863.99999954   -23331.00569435
   10570   21.14000000  0.14547936E-07  0.77949815E-08 -0.60096854E-08   863.99999954   -23331.00569435
   10580   21.16000000  0.14567128E-07  0.78859321E-08 -0.59130476E-08   863.99999954   -23331.00569435
   10590   21.18000000  0.14611880E-07  0.79655226E-08 -0.58093081E-08   863.99999954   -23331.00569435
   10600   21.20000000  0.14680926E-07  0.80338762E-08 -0.56998619E-08   863.99999954   -23331.00569435
   10610   21.22000000  0.14772753E-07  0.80908214E-08 -0.55864513E-08   863.99999954   -23331.00569435
   10620   21.24000000  0.14885768E-07  0.81363867E-08 -0.54705252E-08   863.99999954   -23331.00569435
   10630   21.26000000  0.15017992E-07  0.81708502E-08 -0.53536552E-08   863.99999954   -23331.00569436
   10640   21.28000000  0.15167415E-07  0.81944540E-08 -0.52373227E-08   863.99999954   -23331.00569436
   10650   21.30000000  0.15332019E-07  0.82076992E-08 -0.51228236E-08   863.99999954   -23331.00569436
   10660   21.32000000  0.15509761E-07  0.82110430E-08 -0.50117095E-08   863.99999954   -23331.00569436
   10670   21.34000000  0.15698437E-07  0.82049978E-08 -0.49051278E-08   863.99999954   -23331.00569436
   10680   21.36000000  0.15895947E-07  0.81901814E-08 -0.48042305E-08   863.99999954   -23331.00569436
   10690   21.38000000  0.16100076E-07  0.81673073E-08 -0.47102106E-08   863.99999954   -23331.00569436
   10700   21.40000000  0.16308797E-07  0.81370137E-08 -0.46238486E-08   863.99999953   -23331.00569436
   10710   21.42000000  0.16519907E-07  0.81000383E-08 -0.45460017E-08   863.99999953   -23331.00569436
   10720   21.44000000  0.16731552E-07  0.80571051E-08 -0.44773291E-08   863.99999953   -23331.00569436
   10730   21.46000000  0.16941536E-07  0.80090933E-08 -0.44185524E-08   863.99999953   -23331.00569436
   10740   21.48000000  0.17148132E-07  0.79568648E-08 -0.43699102E-08   863.99999953   -23331.00569436
   10750   21.50000000  0.17349317E-07  0.79013661E-08 -0.43318002E-08   863.99999953   -23331.00569436
   10760   21.52000000  0.17543568E-07  0.78435259E-08 -0.43044203E-08   863.99999953   -23331.00569436
   10770   21.54000000  0.17729302E-07  0.77841442E-08 -0.42877269E-08   863.99999953   -23331.00569436
   10780   21.56000000  0.17905007E-07  0.77243383E-08 -0.42817754E-08   863.99999953   -23331.00569436
   10790   21.58000000  0.18069184E-07  0.76649590E-08 -0.42861562E-08   863.99999953   -23331.00569436
   10800   21.60000000  0.18220656E-07  0.76068196E-08 -0.43006000E-08   863.99999953   -23331.00569436
   10810   21.62000000  0.18358145E-07  0.75506218E-08 -0.43243178E-08   863.99999953   -23331.00569436
   10820   21.64000000  0.18480448E-07  0.74970427E-08 -0.43567486E-08   863.99999953   -23331.00569437
   10830   21.66000000  0.18586879E-07  0.74468788E-08 -0.43970996E-08   863.99999953   -23331.00569437
   10840   21.68000000  0.18676229E-07  0.74005995E-08 -0.44444273E-08   863.99999953   -23331.00569437
   10850   21.70000000  0.18747693E-07  0.73586434E-08 -0.44975699E-08   863.99999953   -23331.00569437
   10860   21.72000000  0.18800807E-07  0.73214152E-08 -0.45552659E-08   863.99999953   -23331.00569437
   10870   21.74000000  0.18835164E-07  0.72892029E-08 -0.46164113E-08   863.99999953   -23331.00569437
   10880   21.76000000  0.18850638E-07  0.72622169E-08 -0.46797577E-08   863.99999953   -23331.00569437
   10890   21.78000000  0.18847266E-07  0.72405901E-08 -0.47440804E-08   863.99999953   -23331.00569437
   10900   21.80000000  0.18825195E-07  0.72244408E-08 -0.48081786E-08   863.99999953   -23331.00569437
   10910   21.82000000  0.18784835E-07  0.72136954E-08 -0.48708275E-08   863.99999953   -23331.00569437
   10920   21.84000000  0.18726790E-07  0.72082429E-08 -0.49308489E-08   863.99999953   -23331.00569437
   10930   21.86000000  0.18652008E-07  0.72078793E-08 -0.49869570E-08   863.99999953   -23331.00569437
   10940   21.88000000  0.18561575E-07  0.72123759E-08 -0.50378930E-08   863.99999952   -23331.00569437
   10950   21.90000000  0.18456674E-07  0.72214365E-08 -0.50825490E-08   863.99999952   -23331.00569437
   10960   21.92000000  0.18338743E-07  0.72346796E-08 -0.51199368E-08   863.99999952   -23331.00569437
   10970   21.94000000  0.18209348E-07  0.72515676E-08 -0.51490765E-08   863.99999952   -23331.00569437
   10980   21.96000000  0.18070300E-07  0.72716236E-08 -0.51691030E-08   863.99999952   -23331.00569437
   10990   21.98000000  0.17923674E-07  0.72941780E-08 -0.51792387E-08   863.99999952   -23331.00569437
   11000   22.00000000  0.17771401E-07  0.73189202E-08 -0.51788344E-08   863.99999952   -23331.00569437
   11010   22.02000000  0.17615663E-07  0.73449601E-08 -0.51672869E-08   863.99999952   -23331.00569437
   11020   22.04000000  0.17458698E-07  0.73719316E-08 -0.51442260E-08   863.99999952   -23331.00569438
   11030   22.06000000  0.17302801E-07  0.73991825E-08 -0.51095387E-08   863.99999952   -23331.00569438
   11040   22.08000000  0.17150255E-07  0.74260935E-08 -0.50631277E-08   863.99999952   -23331.00569438
   11050   22.10000000  0.17003170E-07  0.74520111E-08 -0.50051420E-08   863.99999952   -23331.00569438
   11060   22.12000000  0.16863554E-07  0.74763512E-08 -0.49358582E-08   863.99999952   -23331.00569438
   11070   22.14000000  0.16733294E-07  0.74986628E-08 -0.48557105E-08   863.99999952   -23331.00569438
   11080   22.16000000  0.16614221E-07  0.75182000E-08 -0.47652616E-08   863.99999952   -23331.00569438
   11090   22.18000000  0.16507983E-07  0.75345030E-08 -0.46652666E-08   863.99999952   -23331.00569438
   11100   22.20000000  0.16415909E-07  0.75468934E-08 -0.45568643E-08   863.99999952   -23331.00569438
   11110   22.22000000  0.16339259E-07  0.75547826E-08 -0.44410138E-08   863.99999952   -23331.00569438
   11120   22.24000000  0.16278819E-07  0.75575535E-08 -0.43189810E-08   863.99999952   -23331.00569438
   11130   22.26000000  0.16235445E-07  0.75547497E-08 -0.41921396E-08   863.99999952   -23331.00569438
   11140   22.28000000  0.16209617E-07  0.75459664E-08 -0.40618852E-08   863.99999952   -23331.00569438
   11150   22.30000000  0.16201771E-07  0.75307689E-08 -0.39295135E-08   863.99999952   -23331.00569438
   11160   22.32000000  0.16212287E-07  0.75086941E-08 -0.37966433E-08   863.99999952   -23331.00569438
   11170   22.34000000  0.16241052E-07  0.74795275E-08 -0.36648044E-08   863.99999951   -23331.00569438
   11180   22.36000000  0.16287967E-07  0.74429213E-08 -0.35353524E-08   863.99999951   -23331.00569438
   11190   22.38000000  0.16352687E-07  0.73987636E-08 -0.34097307E-08   863.99999951   -23331.00569438
   11200   22.40000000  0.16434691E-07  0.73470009E-08 -0.32893019E-08   863.99999951   -23331.00569438
   11210   22.42000000  0.16533522E-07  0.72876281E-08 -0.31751844E-08   863.99999951   -23331.00569439
   11220   22.44000000  0.16648464E-07  0.72205623E-08 -0.30686947E-08   863.99999951   -23331.00569439
   11230   22.46000000  0.16778590E-07  0.71459994E-08 -0.29707505E-08   863.99999951   -23331.00569439
   11240   22.48000000  0.16922952E-07  0.70640575E-08 -0.28824774E-08   863.99999951   -23331.00569439
   11250   22.50000000  0.17080519E-07  0.69748888E-08 -0.28046627E-08   863.99999951   -23331.00569439
   11260   22.52000000  0.17250071E-07  0.68788370E-08 -0.27379849E-08   863.99999951   -23331.00569439
   11270   22.54000000  0.17430431E-07  0.67760315E-08 -0.26829633E-08   863.99999951   -23331.00569439
   11280   22.56000000  0.17620315E-07  0.66669120E-08 -0.26399787E-08   863.99999951   -23331.00569439
   11290   22.58000000  0.17818195E-07  0.65519904E-08 -0.26094838E-08   863.99999951   -23331.00569439
   11300   22.60000000  0.18022678E-07  0.64315883E-08 -0.25916686E-08   863.99999951   -23331.00569439
   11310   22.62000000  0.18232341E-07  0.63061349E-08 -0.25865249E-08   863.99999951   -23331.00569439
   11320   22.64000000  0.18445911E-07  0.61759699E-08 -0.25938284E-08   863.99999951   -23331.00569439
   11330   22.66000000  0.18661928E-07  0.60414604E-08 -0.26134233E-08   863.99999951   -23331.00569439
   11340   22.68000000  0.18879015E-07  0.59030189E-08 -0.26448334E-08   863.99999951   -23331.00569439
   11350   22.70000000  0.19095739E-07  0.57613324E-08 -0.26875637E-08   863.99999951   -23331.00569439
   11360   22.72000000  0.19310679E-07  0.56168148E-08 -0.27410053E-08   863.99999951   -23331.00569439
   11370   22.74000000  0.19522558E-07  0.54700196E-08 -0.28043362E-08   863.99999951   -23331.00569439
   11380   22.76000000  0.19730081E-07  0.53213528E-08 -0.28766413E-08   863.99999951   -23331.00569439
   11390   22.78000000  0.19932052E-07  0.51714009E-08 -0.29569464E-08   863.99999951   -23331.00569439
   11400   22.80000000  0.20127201E-07  0.50206608E-08 -0.30441222E-08   863.99999950   -23331.00569439
   11410   22.82000000  0.20314220E-07  0.48695298E-08 -0.31369636E-08   863.99999950   -23331.00569440
   11420   22.84000000  0.20492063E-07  0.47185265E-08 -0.32342082E-08   863.99999950   -23331.00569440
   11430   22.86000000  0.20659788E-07  0.45679977E-08 -0.33347088E-08   863.99999950   -23331.00569440
   11440   22.88000000  0.20816529E-07  0.44185493E-08 -0.34372293E-08   863.99999950   -23331.00569440
   11450   22.90000000  0.20961379E-07  0.42705918E-08 -0.35404610E-08   863.99999950   -23331.00569440
   11460   22.92000000  0.21093510E-07  0.41244888E-08 -0.36431465E-08   863.99999950   -23331.00569440
   11470   22.94000000  0.21212485E-07  0.39806510E-08 -0.37443918E-08   863.99999950   -23331.00569440
   11480   22.96000000  0.21317641E-07  0.38394258E-08 -0.38429742E-08   863.99999950   -23331.00569440
   11490   22.98000000  0.21408873E-07  0.37010373E-08 -0.39379814E-08   863.99999950   -23331.00569440
   11500   23.00000000  0.21485955E-07  0.35657406E-08 -0.40285793E-08   863.99999950   -23331.00569440
   11510   23.02000000  0.21548782E-07  0.34336626E-08 -0.41140029E-08   863.99999950   -23331.00569440
   11520   23.04000000  0.21597522E-07  0.33050664E-08 -0.41934427E-08   863.99999950   -23331.00569440
   11530   23.06000000  0.21632271E-07  0.31797281E-08 -0.42663900E-08   863.99999950   -23331.00569440
   11540   23.08000000  0.21653353E-07  0.30575545E-08 -0.43322491E-08   863.99999950   -23331.00569440
   11550   23.10000000  0.21661381E-07  0.29383627E-08 -0.43906321E-08   863.99999950   -23331.00569440
   11560   23.12000000  0.21656874E-07  0.28217588E-08 -0.44412173E-08   863.99999950   -23331.00569440
   11570   23.14000000  0.21640253E-07  0.27074520E-08 -0.44838138E-08   863.99999950   -23331.00569440
   11580   23.16000000  0.21612193E-07  0.25949390E-08 -0.45183405E-08   863.99999950   -23331.00569440
   11590   23.18000000  0.21573446E-07  0.24837039E-08 -0.45447861E-08   863.99999950   -23331.00569440
   11600   23.20000000  0.21524588E-07  0.23732287E-08 -0.45631881E-08   863.99999950   -23331.00569440
   11610   23.22000000  0.21466441E-07  0.22631172E-08 -0.45737372E-08   863.99999950   -23331.00569441
   11620   23.24000000  0.21399581E-07  0.21527334E-08 -0.45766693E-08   863.99999950   -23331.00569441
   11630   23.26000000  0.21324806E-07  0.20415762E-08 -0.45722364E-08   863.99999949   -23331.00569441
   11640   23.28000000  0.21242912E-07  0.19289964E-08 -0.45608974E-08   863.99999949   -23331.00569441
   11650   23.30000000  0.21154751E-07  0.18144158E-08 -0.45430851E-08   863.99999949   -23331.00569441
   11660   23.32000000  0.21061103E-07  0.16973004E-08 -0.45193534E-08   863.99999949   -23331.00569441
   11670   23.34000000  0.20962972E-07  0.15770828E-08 -0.44903356E-08   863.99999949   -23331.00569441
   11680   23.36000000  0.20861241E-07  0.14529878E-08 -0.44566450E-08   863.99999949   -23331.00569441
   11690   23.38000000  0.20756747E-07  0.13242758E-08 -0.44191533E-08   863.99999949   -23331.00569441
   11700   23.40000000  0.20650603E-07  0.11903074E-08 -0.43785675E-08   863.99999949   -23331.00569441
   11710   23.42000000  0.20543555E-07  0.10505829E-08 -0.43357635E-08   863.99999949   -23331.00569441
   11720   23.44000000  0.20436619E-07  0.90446221E-09 -0.42916184E-08   863.99999949   -23331.00569441
   11730   23.46000000  0.20330678E-07  0.75145943E-09 -0.42468364E-08   863.99999949   -23331.00569441
   11740   23.48000000  0.20226741E-07  0.59106848E-09 -0.42021614E-08   863.99999949   -23331.00569441
   11750   23.50000000  0.20125739E-07  0.42296765E-09 -0.41583193E-08   863.99999949   -23331.00569441
   11760   23.52000000  0.20028720E-07  0.24681696E-09 -0.41159285E-08   863.99999949   -23331.00569441
   11770   23.54000000  0.19936616E-07  0.62513356E-10 -0.40755178E-08   863.99999949   -23331.00569441
   11780   23.56000000  0.19850234E-07 -0.13012558E-09 -0.40374887E-08   863.99999949   -23331.00569441
   11790   23.58000000  0.19770773E-07 -0.33118369E-09 -0.40022137E-08   863.99999949   -23331.00569441
   11800   23.60000000  0.19698943E-07 -0.54074383E-09 -0.39700471E-08   863.99999949   -23331.00569442
   11810   23.62000000  0.19635533E-07 -0.75899186E-09 -0.39413056E-08   863.99999949   -23331.00569442
   11820   23.64000000  0.19581195E-07 -0.98573067E-09 -0.39160816E-08   863.99999949   -23331.00569442
   11830   23.66000000  0.19536659E-07 -0.12208604E-08 -0.38944149E-08   863.99999949   -23331.00569442
   11840   23.68000000  0.19502308E-07 -0.14640503E-08 -0.38763909E-08   863.99999949   -23331.00569442
   11850   23.70000000  0.19478765E-07 -0.17151389E-08 -0.38620567E-08   863.99999949   -23331.00569442
   11860   23.72000000  0.19466401E-07 -0.19736746E-08 -0.38513781E-08   863.99999948   -23331.00569442
   11870   23.74000000  0.19465692E-07 -0.22394394E-08 -0.38442761E-08   863.99999948   -23331.00569442
   11880   23.76000000  0.19476936E-07 -0.25116090E-08 -0.38406593E-08   863.99999948   -23331.00569442
   11890   23.78000000  0.19500398E-07 -0.27897813E-08 -0.38403371E-08   863.99999948   -23331.00569442
   11900   23.80000000  0.19536289E-07 -0.30731694E-08 -0.38432706E-08   863.99999948   -23331.00569442
   11910   23.82000000  0.19584659E-07 -0.33610563E-08 -0.38493711E-08   863.99999948   -23331.00569442
   11920   23.84000000  0.19645722E-07 -0.36528199E-08 -0.38584146E-08   863.99999948   -23331.00569442
   11930   23.86000000  0.19719186E-07 -0.39474090E-08 -0.38703247E-08   863.99999948   -23331.00569442
   11940   23.88000000  0.19804933E-07 -0.42440867E-08 -0.38847371E-08   863.99999948   -23331.00569442
   11950   23.90000000  0.19902757E-07 -0.45419522E-08 -0.39016815E-08   863.99999948   -23331.00569442
   11960   23.92000000  0.20012358E-07 -0.48402533E-08 -0.39208572E-08   863.99999948   -23331.00569442
   11970   23.94000000  0.20133341E-07 -0.51380914E-08 -0.39420470E-08   863.99999948   -23331.00569442
   11980   23.96000000  0.20265139E-07 -0.54346815E-08 -0.39652377E-08   863.99999948   -23331.00569442
   11990   23.98000000  0.20407169E-07 -0.57293536E-08 -0.39902147E-08   863.99999948   -23331.00569442
   12000   24.00000000  0.20558640E-07 -0.60212978E-08 -0.40169796E-08   863.99999948   -23331.00569443
   12010   24.02000000  0.20718867E-07 -0.63098033E-08 -0.40452953E-08   863.99999948   -23331.00569443
   12020   24.04000000  0.20886945E-07 -0.65941896E-08 -0.40749945E-08   863.99999948   -23331.00569443
   12030   24.06000000  0.21061951E-07 -0.68738642E-08 -0.41058877E-08   863.99999948   -23331.00569443
   12040   24.08000000  0.21242887E-07 -0.71483428E-08 -0.41377764E-08   863.99999948   -23331.00569443
   12050   24.10000000  0.21428604E-07 -0.74172423E-08 -0.41704631E-08   863.99999948   -23331.00569443
   12060   24.12000000  0.21618111E-07 -0.76801492E-08 -0.42033387E-08   863.99999948   -23331.00569443
   12070   24.14000000  0.21810129E-07 -0.79367270E-08 -0.42360025E-08   863.99999948   -23331.00569443
   12080   24.16000000  0.22003534E-07 -0.81867332E-08 -0.42678368E-08   863.99999948   -23331.00569443
   12090   24.18000000  0.22197229E-07 -0.84300015E-08 -0.42985436E-08   863.99999947   -23331.00569443
   12100   24.20000000  0.22389968E-07 -0.86665558E-08 -0.43277700E-08   863.99999947   -23331.00569443
   12110   24.22000000  0.22580692E-07 -0.88961109E-08 -0.43550135E-08   863.99999947   -23331.00569443
   12120   24.24000000  0.22768297E-07 -0.91188133E-08 -0.43798528E-08   863.99999947   -23331.00569443
   12130   24.26000000  0.22951835E-07 -0.93343300E-08 -0.44018075E-08   863.99999947   -23331.00569443
   12140   24.28000000  0.23130060E-07 -0.95425377E-08 -0.44206237E-08   863.99999947   -23331.00569443
   12150   24.30000000  0.23302185E-07 -0.97437096E-08 -0.44359864E-08   863.99999947   -23331.00569443
   12160   24.32000000  0.23467272E-07 -0.99375924E-08 -0.44474997E-08   863.99999947   -23331.00569443
   12170   24.34000000  0.23624367E-07 -0.10124276E-07 -0.44550447E-08   863.99999947   -23331.00569443
   12180   24.36000000  0.23772741E-07 -0.10303582E-07 -0.44582207E-08   863.99999947   -23331.00569443
   12190   24.38000000  0.23911547E-07 -0.10475662E-07 -0.44566102E-08   863.99999947   -23331.00569443
   12200   24.40000000  0.24040308E-07 -0.10640375E-07 -0.44501254E-08   863.99999947   -23331.00569444
   12210   24.42000000  0.24158337E-07 -0.10797906E-07 -0.44382003E-08   863.99999947   -23331.00569444
   12220   24.44000000  0.24265298E-07 -0.10948022E-07 -0.44208380E-08   863.99999947   -23331.00569444
   12230   24.46000000  0.24360943E-07 -0.11090682E-07 -0.43979910E-08   863.99999947   -23331.00569444
   12240   24.48000000  0.24445289E-07 -0.11225733E-07 -0.43695505E-08   863.99999947   -23331.00569444
   12250   24.50000000  0.24518333E-07 -0.11353190E-07 -0.43355742E-08   863.99999947   -23331.00569444
   12260   24.52000000  0.24580214E-07 -0.11473032E-07 -0.42966416E-08   863.99999947   -23331.00569444
   12270   24.54000000  0.24631135E-07 -0.11585063E-07 -0.42528472E-08   863.99999947   -23331.00569444
   12280   24.56000000  0.24671456E-07 -0.11689227E-07 -0.42046776E-08   863.99999947   -23331.00569444
   12290   24.58000000  0.24701540E-07 -0.11785475E-07 -0.41524308E-08   863.99999947   -23331.00569444
   12300   24.60000000  0.24721738E-07 -0.11873974E-07 -0.40966794E-08   863.99999947   -23331.00569444
   12310   24.62000000  0.24732349E-07 -0.11954790E-07 -0.40378761E-08   863.99999947   -23331.00569444
   12320   24.64000000  0.24733728E-07 -0.12028248E-07 -0.39765384E-08   863.99999946   -23331.00569444
   12330   24.66000000  0.24726341E-07 -0.12094686E-07 -0.39131628E-08   863.99999946   -23331.00569444
   12340   24.68000000  0.24710708E-07 -0.12154400E-07 -0.38481269E-08   863.99999946   -23331.00569444
   12350   24.70000000  0.24687359E-07 -0.12207672E-07 -0.37817584E-08   863.99999946   -23331.00569444
   12360   24.72000000  0.24656940E-07 -0.12255041E-07 -0.37145163E-08   863.99999946   -23331.00569444
   12370   24.74000000  0.24620083E-07 -0.12296823E-07 -0.36466984E-08   863.99999946   -23331.00569444
   12380   24.76000000  0.24577577E-07 -0.12333409E-07 -0.35785033E-08   863.99999946   -23331.00569444
   12390   24.78000000  0.24530314E-07 -0.12365251E-07 -0.35102157E-08   863.99999946   -23331.00569445
   12400   24.80000000  0.24479215E-07 -0.12392573E-07 -0.34420886E-08   863.99999946   -23331.00569445
   12410   24.82000000  0.24425026E-07 -0.12415895E-07 -0.33741709E-08   863.99999946   -23331.00569445
   12420   24.84000000  0.24368745E-07 -0.12435421E-07 -0.33068086E-08   863.99999946   -23331.00569445
   12430   24.86000000  0.24311158E-07 -0.12451697E-07 -0.32400432E-08   863.99999946   -23331.00569445
   12440   24.88000000  0.24253053E-07 -0.12464962E-07 -0.31740993E-08   863.99999946   -23331.00569445
   12450   24.90000000  0.24195331E-07 -0.12475624E-07 -0.31090701E-08   863.99999946   -23331.00569445
   12460   24.92000000  0.24139070E-07 -0.12484270E-07 -0.30452016E-08   863.99999946   -23331.00569445
   12470   24.94000000  0.24085071E-07 -0.12491303E-07 -0.29826001E-08   863.99999946   -23331.00569445
   12480   24.96000000  0.24034174E-07 -0.12497163E-07 -0.29214840E-08   863.99999946   -23331.00569445
   12490   24.98000000  0.23987241E-07 -0.12501983E-07 -0.28619555E-08   863.99999946   -23331.00569445
   12500   25.00000000  0.23945092E-07 -0.12506241E-07 -0.28041259E-08   863.99999946   -23331.00569445
   12510   25.02000000  0.23908437E-07 -0.12510155E-07 -0.27480074E-08   863.99999946   -23331.00569445
   12520   25.04000000  0.23878143E-07 -0.12514124E-07 -0.26938223E-08   863.99999946   -23331.00569445
   12530   25.06000000  0.23854712E-07 -0.12518386E-07 -0.26413397E-08   863.99999946   -23331.00569445
   12540   25.08000000  0.23838854E-07 -0.12523322E-07 -0.25906306E-08   863.99999946   -23331.00569445
   12550   25.10000000  0.23831053E-07 -0.12529002E-07 -0.25414594E-08   863.99999945   -23331.00569445
   12560   25.12000000  0.23831753E-07 -0.12535696E-07 -0.24936432E-08   863.99999945   -23331.00569445
   12570   25.14000000  0.23841278E-07 -0.12543443E-07 -0.24471654E-08   863.99999945   -23331.00569445
   12580   25.16000000  0.23859802E-07 -0.12552237E-07 -0.24018623E-08   863.99999945   -23331.00569445
   12590   25.18000000  0.23887423E-07 -0.12562300E-07 -0.23575267E-08   863.99999945   -23331.00569446
   12600   25.20000000  0.23924470E-07 -0.12573458E-07 -0.23139623E-08   863.99999945   -23331.00569446
   12610   25.22000000  0.23970729E-07 -0.12585675E-07 -0.22712094E-08   863.99999945   -23331.00569446
   12620   25.24000000  0.24026296E-07 -0.12598515E-07 -0.22291736E-08   863.99999945   -23331.00569446
   12630   25.26000000  0.24090881E-07 -0.12611764E-07 -0.21877748E-08   863.99999945   -23331.00569446
   12640   25.28000000  0.24164066E-07 -0.12625057E-07 -0.21470670E-08   863.99999945   -23331.00569446
   12650   25.30000000  0.24245564E-07 -0.12637812E-07 -0.21069653E-08   863.99999945   -23331.00569446
   12660   25.32000000  0.24334944E-07 -0.12649578E-07 -0.20675962E-08   863.99999945   -23331.00569446
   12670   25.34000000  0.24431833E-07 -0.12659825E-07 -0.20289602E-08   863.99999945   -23331.00569446
   12680   25.36000000  0.24535776E-07 -0.12667770E-07 -0.19912387E-08   863.99999945   -23331.00569446
   12690   25.38000000  0.24646289E-07 -0.12672575E-07 -0.19542967E-08   863.99999945   -23331.00569446
   12700   25.40000000  0.24762788E-07 -0.12673634E-07 -0.19182611E-08   863.99999945   -23331.00569446
   12710   25.42000000  0.24884573E-07 -0.12670221E-07 -0.18832112E-08   863.99999945   -23331.00569446
   12720   25.44000000  0.25010877E-07 -0.12661447E-07 -0.18491829E-08   863.99999945   -23331.00569446
   12730   25.46000000  0.25141018E-07 -0.12646525E-07 -0.18164744E-08   863.99999945   -23331.00569446
   12740   25.48000000  0.25274229E-07 -0.12624472E-07 -0.17852587E-08   863.99999945   -23331.00569446
   12750   25.50000000  0.25409707E-07 -0.12594354E-07 -0.17557415E-08   863.99999945   -23331.00569446
   12760   25.52000000  0.25546579E-07 -0.12555367E-07 -0.17283036E-08   863.99999945   -23331.00569446
   12770   25.54000000  0.25683840E-07 -0.12506615E-07 -0.17032567E-08   863.99999945   -23331.00569446
   12780   25.56000000  0.25820662E-07 -0.12447206E-07 -0.16808164E-08   863.99999944   -23331.00569446
   12790   25.58000000  0.25956091E-07 -0.12376451E-07 -0.16612845E-08   863.99999944   -23331.00569447
   12800   25.60000000  0.26089387E-07 -0.12293511E-07 -0.16448735E-08   863.99999944   -23331.00569447
   12810   25.62000000  0.26219959E-07 -0.12197786E-07 -0.16317723E-08   863.99999944   -23331.00569447
   12820   25.64000000  0.26346973E-07 -0.12088821E-07 -0.16220952E-08   863.99999944   -23331.00569447
   12830   25.66000000  0.26469770E-07 -0.11966216E-07 -0.16160660E-08   863.99999944   -23331.00569447
   12840   25.68000000  0.26587726E-07 -0.11829584E-07 -0.16137342E-08   863.99999944   -23331.00569447
   12850   25.70000000  0.26700400E-07 -0.11678561E-07 -0.16150627E-08   863.99999944   -23331.00569447
   12860   25.72000000  0.26807253E-07 -0.11513077E-07 -0.16200848E-08   863.99999944   -23331.00569447
   12870   25.74000000  0.26907837E-07 -0.11332886E-07 -0.16287762E-08   863.99999944   -23331.00569447
   12880   25.76000000  0.27001391E-07 -0.11138125E-07 -0.16413057E-08   863.99999944   -23331.00569447
   12890   25.78000000  0.27087390E-07 -0.10928770E-07 -0.16576158E-08   863.99999944   -23331.00569447
   12900   25.80000000  0.27165475E-07 -0.10705089E-07 -0.16778693E-08   863.99999944   -23331.00569447
   12910   25.82000000  0.27235079E-07 -0.10467179E-07 -0.17020130E-08   863.99999944   -23331.00569447
   12920   25.84000000  0.27295909E-07 -0.10215411E-07 -0.17299842E-08   863.99999944   -23331.00569447
   12930   25.86000000  0.27347485E-07 -0.99504546E-08 -0.17619813E-08   863.99999944   -23331.00569447
   12940   25.88000000  0.27389648E-07 -0.96728403E-08 -0.17980962E-08   863.99999944   -23331.00569447
   12950   25.90000000  0.27422063E-07 -0.93831823E-08 -0.18383065E-08   863.99999944   -23331.00569447
   12960   25.92000000  0.27444619E-07 -0.90823379E-08 -0.18827468E-08   863.99999944   -23331.00569447
   12970   25.94000000  0.27457277E-07 -0.87709388E-08 -0.19314526E-08   863.99999944   -23331.00569447
   12980   25.96000000  0.27460128E-07 -0.84499664E-08 -0.19841964E-08   863.99999944   -23331.00569448
   12990   25.98000000  0.27453346E-07 -0.81203607E-08 -0.20409559E-08   863.99999944   -23331.00569448
   13000   26.00000000  0.27437163E-07 -0.77831828E-08 -0.21016937E-08   863.99999944   -23331.00569448
   13010   26.02000000  0.27411947E-07 -0.74393426E-08 -0.21663310E-08   863.99999943   -23331.00569448
   13020   26.04000000  0.27378072E-07 -0.70899639E-08 -0.22346626E-08   863.99999943   -23331.00569448
   13030   26.06000000  0.27335932E-07 -0.67358139E-08 -0.23066797E-08   863.99999943   -23331.00569448
   13040   26.08000000  0.27286021E-07 -0.63780749E-08 -0.23822415E-08   863.99999943   -23331.00569448
   13050   26.10000000  0.27228954E-07 -0.60176048E-08 -0.24613579E-08   863.99999943   -23331.00569448
   13060   26.12000000  0.27165238E-07 -0.56553463E-08 -0.25439000E-08   863.99999943   -23331.00569448
   13070   26.14000000  0.27095643E-07 -0.52919948E-08 -0.26297890E-08   863.99999943   -23331.00569448
   13080   26.16000000  0.27020923E-07 -0.49285488E-08 -0.27189887E-08   863.99999943   -23331.00569448
   13090   26.18000000  0.26941752E-07 -0.45656159E-08 -0.28113451E-08   863.99999943   -23331.00569448
   13100   26.20000000  0.26858923E-07 -0.42041666E-08 -0.29066021E-08   863.99999943   -23331.00569448
   13110   26.22000000  0.26773506E-07 -0.38449781E-08 -0.30045134E-08   863.99999943   -23331.00569448
   13120   26.24000000  0.26686236E-07 -0.34886900E-08 -0.31046756E-08   863.99999943   -23331.00569448
   13130   26.26000000  0.26598224E-07 -0.31360974E-08 -0.32068715E-08   863.99999943   -23331.00569448
   13140   26.28000000  0.26510659E-07 -0.27880551E-08 -0.33106028E-08   863.99999943   -23331.00569448
   13150   26.30000000  0.26424472E-07 -0.24452518E-08 -0.34154284E-08   863.99999943   -23331.00569448
   13160   26.32000000  0.26340803E-07 -0.21085447E-08 -0.35209175E-08   863.99999943   -23331.00569448
   13170   26.34000000  0.26260743E-07 -0.17784978E-08 -0.36263798E-08   863.99999943   -23331.00569448
   13180   26.36000000  0.26185369E-07 -0.14558607E-08 -0.37313818E-08   863.99999943   -23331.00569449
   13190   26.38000000  0.26115658E-07 -0.11409634E-08 -0.38353018E-08   863.99999943   -23331.00569449
   13200   26.40000000  0.26052497E-07 -0.83440990E-09 -0.39376755E-08   863.99999943   -23331.00569449
   13210   26.42000000  0.25996741E-07 -0.53660737E-09 -0.40377193E-08   863.99999943   -23331.00569449
   13220   26.44000000  0.25949058E-07 -0.24793041E-09 -0.41349870E-08   863.99999943   -23331.00569449
   13230   26.46000000  0.25910254E-07  0.31351536E-10 -0.42289745E-08   863.99999943   -23331.00569449
   13240   26.48000000  0.25880652E-07  0.30109341E-09 -0.43191076E-08   863.99999942   -23331.00569449
   13250   26.50000000  0.25860661E-07  0.56126399E-09 -0.44050607E-08   863.99999942   -23331.00569449
   13260   26.52000000  0.25850489E-07  0.81167632E-09 -0.44865986E-08   863.99999942   -23331.00569449
   13270   26.54000000  0.25850416E-07  0.10525336E-08 -0.45634828E-08   863.99999942   -23331.00569449
   13280   26.56000000  0.25860454E-07  0.12836686E-08 -0.46353377E-08   863.99999942   -23331.00569449
   13290   26.58000000  0.25880489E-07  0.15052406E-08 -0.47019843E-08   863.99999942   -23331.00569449
   13300   26.60000000  0.25910174E-07  0.17173980E-08 -0.47632066E-08   863.99999942   -23331.00569449
   13310   26.62000000  0.25949323E-07  0.19203370E-08 -0.48189326E-08   863.99999942   -23331.00569449
   13320   26.64000000  0.25997525E-07  0.21142105E-08 -0.48690316E-08   863.99999942   -23331.00569449
   13330   26.66000000  0.26054213E-07  0.22994343E-08 -0.49132913E-08   863.99999942   -23331.00569449
   13340   26.68000000  0.26118878E-07  0.24761094E-08 -0.49518024E-08   863.99999942   -23331.00569449
   13350   26.70000000  0.26190833E-07  0.26444964E-08 -0.49845950E-08   863.99999942   -23331.00569449
   13360   26.72000000  0.26269404E-07  0.28049261E-08 -0.50119710E-08   863.99999942   -23331.00569449
   13370   26.74000000  0.26353841E-07  0.29579669E-08 -0.50340511E-08   863.99999942   -23331.00569449
   13380   26.76000000  0.26443281E-07  0.31037205E-08 -0.50510783E-08   863.99999942   -23331.00569450
   13390   26.78000000  0.26536765E-07  0.32427678E-08 -0.50634442E-08   863.99999942   -23331.00569450
   13400   26.80000000  0.26633281E-07  0.33755055E-08 -0.50715959E-08   863.99999942   -23331.00569450
   13410   26.82000000  0.26731800E-07  0.35023684E-08 -0.50760303E-08   863.99999942   -23331.00569450
   13420   26.84000000  0.26831082E-07  0.36238263E-08 -0.50770845E-08   863.99999942   -23331.00569450
   13430   26.86000000  0.26929958E-07  0.37403512E-08 -0.50752813E-08   863.99999942   -23331.00569450
   13440   26.88000000  0.27027173E-07  0.38523296E-08 -0.50709898E-08   863.99999942   -23331.00569450
   13450   26.90000000  0.27121487E-07  0.39602403E-08 -0.50648011E-08   863.99999942   -23331.00569450
   13460   26.92000000  0.27211728E-07  0.40644694E-08 -0.50572919E-08   863.99999942   -23331.00569450
   13470   26.94000000  0.27296566E-07  0.41655452E-08 -0.50488739E-08   863.99999941   -23331.00569450
   13480   26.96000000  0.27374916E-07  0.42638609E-08 -0.50401031E-08   863.99999941   -23331.00569450
   13490   26.98000000  0.27445529E-07  0.43598391E-08 -0.50313876E-08   863.99999941   -23331.00569450
   13500   27.00000000  0.27507322E-07  0.44539230E-08 -0.50232515E-08   863.99999941   -23331.00569450
   13510   27.02000000  0.27559192E-07  0.45466435E-08 -0.50159244E-08   863.99999941   -23331.00569450
   13520   27.04000000  0.27600015E-07  0.46382893E-08 -0.50099842E-08   863.99999941   -23331.00569450
   13530   27.06000000  0.27628784E-07  0.47292902E-08 -0.50055312E-08   863.99999941   -23331.00569450
   13540   27.08000000  0.27644531E-07  0.48199455E-08 -0.50029113E-08   863.99999941   -23331.00569450
   13550   27.10000000  0.27646432E-07  0.49106892E-08 -0.50023463E-08   863.99999941   -23331.00569450
   13560   27.12000000  0.27633840E-07  0.50019055E-08 -0.50039632E-08   863.99999941   -23331.00569450
   13570   27.14000000  0.27606145E-07  0.50938360E-08 -0.50079441E-08   863.99999941   -23331.00569451
   13580   27.16000000  0.27562876E-07  0.51869285E-08 -0.50143572E-08   863.99999941   -23331.00569451
   13590   27.18000000  0.27503800E-07  0.52810949E-08 -0.50231657E-08   863.99999941   -23331.00569451
   13600   27.20000000  0.27428745E-07  0.53766375E-08 -0.50345201E-08   863.99999941   -23331.00569451
   13610   27.22000000  0.27337653E-07  0.54736415E-08 -0.50483300E-08   863.99999941   -23331.00569451
   13620   27.24000000  0.27230697E-07  0.55722205E-08 -0.50644442E-08   863.99999941   -23331.00569451
   13630   27.26000000  0.27108249E-07  0.56723478E-08 -0.50827401E-08   863.99999941   -23331.00569451
   13640   27.28000000  0.26970460E-07  0.57739097E-08 -0.51028960E-08   863.99999941   -23331.00569451
   13650   27.30000000  0.26817926E-07  0.58770086E-08 -0.51245364E-08   863.99999941   -23331.00569451
   13660   27.32000000  0.26651164E-07  0.59815898E-08 -0.51472547E-08   863.99999941   -23331.00569451
   13670   27.34000000  0.26470861E-07  0.60874633E-08 -0.51705468E-08   863.99999941   -23331.00569451
   13680   27.36000000  0.26277744E-07  0.61945220E-08 -0.51940722E-08   863.99999941   -23331.00569451
   13690   27.38000000  0.26072605E-07  0.63025543E-08 -0.52172971E-08   863.99999941   -23331.00569451
   13700   27.40000000  0.25856309E-07  0.64114728E-08 -0.52397569E-08   863.99999941   -23331.00569451
   13710   27.42000000  0.25629596E-07  0.65209184E-08 -0.52610062E-08   863.99999940   -23331.00569451
   13720   27.44000000  0.25393374E-07  0.66307293E-08 -0.52804515E-08   863.99999940   -23331.00569451
   13730   27.46000000  0.25148538E-07  0.67405599E-08 -0.52975535E-08   863.99999940   -23331.00569451
   13740   27.48000000  0.24896117E-07  0.68502170E-08 -0.53118595E-08   863.99999940   -23331.00569451
   13750   27.50000000  0.24637014E-07  0.69592241E-08 -0.53229081E-08   863.99999940   -23331.00569451
   13760   27.52000000  0.24372099E-07  0.70675147E-08 -0.53301197E-08   863.99999940   -23331.00569451
   13770   27.54000000  0.24102287E-07  0.71746580E-08 -0.53329714E-08   863.99999940   -23331.00569452
   13780   27.56000000  0.23828664E-07  0.72804224E-08 -0.53309784E-08   863.99999940   -23331.00569452
   13790   27.58000000  0.23552217E-07  0.73846353E-08 -0.53236575E-08   863.99999940   -23331.00569452
   13800   27.60000000  0.23273913E-07  0.74870238E-08 -0.53107209E-08   863.99999940   -23331.00569452
   13810   27.62000000  0.22994812E-07  0.75872676E-08 -0.52919766E-08   863.99999940   -23331.00569452
   13820   27.64000000  0.22715989E-07  0.76851656E-08 -0.52669232E-08   863.99999940   -23331.00569452
   13830   27.66000000  0.22438449E-07  0.77806144E-08 -0.52353893E-08   863.99999940   -23331.00569452
   13840   27.68000000  0.22163498E-07  0.78732939E-08 -0.51972042E-08   863.99999940   -23331.00569452
   13850   27.70000000  0.21892075E-07  0.79630161E-08 -0.51522948E-08   863.99999940   -23331.00569452
   13860   27.72000000  0.21625000E-07  0.80497643E-08 -0.51005546E-08   863.99999940   -23331.00569452
   13870   27.74000000  0.21363321E-07  0.81332688E-08 -0.50419024E-08   863.99999940   -23331.00569452
   13880   27.76000000  0.21107846E-07  0.82135474E-08 -0.49764750E-08   863.99999940   -23331.00569452
   13890   27.78000000  0.20859395E-07  0.82904919E-08 -0.49042309E-08   863.99999940   -23331.00569452
   13900   27.80000000  0.20618687E-07  0.83639918E-08 -0.48255348E-08   863.99999940   -23331.00569452
   13910   27.82000000  0.20386394E-07  0.84343007E-08 -0.47405529E-08   863.99999940   -23331.00569452
   13920   27.84000000  0.20163124E-07  0.85013964E-08 -0.46498248E-08   863.99999940   -23331.00569452
   13930   27.86000000  0.19949673E-07  0.85653377E-08 -0.45538207E-08   863.99999940   -23331.00569452
   13940   27.88000000  0.19746615E-07  0.86262629E-08 -0.44530555E-08   863.99999939   -23331.00569452
   13950   27.90000000  0.19554435E-07  0.86843236E-08 -0.43482664E-08   863.99999939   -23331.00569452
   13960   27.92000000  0.19373503E-07  0.87394994E-08 -0.42400004E-08   863.99999939   -23331.00569452
   13970   27.94000000  0.19204151E-07  0.87920664E-08 -0.41290580E-08   863.99999939   -23331.00569453
   13980   27.96000000  0.19046712E-07  0.88420493E-08 -0.40161441E-08   863.99999939   -23331.00569453
   13990   27.98000000  0.18901570E-07  0.88896273E-08 -0.39019813E-08   863.99999939   -23331.00569453
   14000   28.00000000  0.18769062E-07  0.89350467E-08 -0.37874312E-08   863.99999939   -23331.00569453
   14010   28.02000000  0.18649424E-07  0.89783819E-08 -0.36732386E-08   863.99999939   -23331.00569453
   14020   28.04000000  0.18542755E-07  0.90196480E-08 -0.35602308E-08   863.99999939   -23331.00569453
   14030   28.06000000  0.18449221E-07  0.90589571E-08 -0.34491853E-08   863.99999939   -23331.00569453
   14040   28.08000000  0.18368929E-07  0.90962767E-08 -0.33407505E-08   863.99999939   -23331.00569453
   14050   28.10000000  0.18301708E-07  0.91316584E-08 -0.32357924E-08   863.99999939   -23331.00569453
   14060   28.12000000  0.18247472E-07  0.91650633E-08 -0.31349258E-08   863.99999939   -23331.00569453
   14070   28.14000000  0.18205692E-07  0.91966502E-08 -0.30388316E-08   863.99999939   -23331.00569453
   14080   28.16000000  0.18175761E-07  0.92262408E-08 -0.29479452E-08   863.99999939   -23331.00569453
   14090   28.18000000  0.18157031E-07  0.92539760E-08 -0.28627323E-08   863.99999939   -23331.00569453
   14100   28.20000000  0.18148772E-07  0.92796392E-08 -0.27836646E-08   863.99999939   -23331.00569453
   14110   28.22000000  0.18150147E-07  0.93029918E-08 -0.27110884E-08   863.99999939   -23331.00569453
   14120   28.24000000  0.18160218E-07  0.93239516E-08 -0.26451690E-08   863.99999939   -23331.00569453
   14130   28.26000000  0.18177896E-07  0.93422118E-08 -0.25860926E-08   863.99999939   -23331.00569453
   14140   28.28000000  0.18202431E-07  0.93572691E-08 -0.25338593E-08   863.99999939   -23331.00569453
   14150   28.30000000  0.18232769E-07  0.93689025E-08 -0.24885459E-08   863.99999939   -23331.00569453
   14160   28.32000000  0.18268025E-07  0.93767670E-08 -0.24501053E-08   863.99999939   -23331.00569454
   14170   28.34000000  0.18307272E-07  0.93804269E-08 -0.24185566E-08   863.99999938   -23331.00569454
   14180   28.36000000  0.18349581E-07  0.93795842E-08 -0.23937189E-08   863.99999938   -23331.00569454
   14190   28.38000000  0.18394074E-07  0.93737063E-08 -0.23754890E-08   863.99999938   -23331.00569454
   14200   28.40000000  0.18439971E-07  0.93625578E-08 -0.23634588E-08   863.99999938   -23331.00569454
   14210   28.42000000  0.18486443E-07  0.93456471E-08 -0.23571947E-08   863.99999938   -23331.00569454
   14220   28.44000000  0.18532394E-07  0.93225235E-08 -0.23561525E-08   863.99999938   -23331.00569454
   14230   28.46000000  0.18577261E-07  0.92927857E-08 -0.23597902E-08   863.99999938   -23331.00569454
   14240   28.48000000  0.18620195E-07  0.92559562E-08 -0.23674553E-08   863.99999938   -23331.00569454
   14250   28.50000000  0.18660416E-07  0.92115241E-08 -0.23784944E-08   863.99999938   -23331.00569454
   14260   28.52000000  0.18697392E-07  0.91590806E-08 -0.23921032E-08   863.99999938   -23331.00569454
   14270   28.54000000  0.18730546E-07  0.90981176E-08 -0.24076613E-08   863.99999938   -23331.00569454
   14280   28.56000000  0.18759314E-07  0.90282559E-08 -0.24244779E-08   863.99999938   -23331.00569454
   14290   28.58000000  0.18783314E-07  0.89492187E-08 -0.24418259E-08   863.99999938   -23331.00569454
   14300   28.60000000  0.18802089E-07  0.88607363E-08 -0.24591256E-08   863.99999938   -23331.00569454
   14310   28.62000000  0.18815312E-07  0.87625726E-08 -0.24756472E-08   863.99999938   -23331.00569454
   14320   28.64000000  0.18822662E-07  0.86548612E-08 -0.24909444E-08   863.99999938   -23331.00569454
   14330   28.66000000  0.18823968E-07  0.85377200E-08 -0.25044234E-08   863.99999938   -23331.00569454
   14340   28.68000000  0.18819056E-07  0.84113516E-08 -0.25156813E-08   863.99999938   -23331.00569454
   14350   28.70000000  0.18807829E-07  0.82759508E-08 -0.25240651E-08   863.99999938   -23331.00569454
   14360   28.72000000  0.18790159E-07  0.81319262E-08 -0.25291751E-08   863.99999938   -23331.00569455
   14370   28.74000000  0.18766066E-07  0.79797964E-08 -0.25306889E-08   863.99999938   -23331.00569455
   14380   28.76000000  0.18735514E-07  0.78199576E-08 -0.25283735E-08   863.99999938   -23331.00569455
   14390   28.78000000  0.18698472E-07  0.76532876E-08 -0.25221669E-08   863.99999938   -23331.00569455
   14400   28.80000000  0.18655073E-07  0.74803359E-08 -0.25119958E-08   863.99999937   -23331.00569455
   14410   28.82000000  0.18605294E-07  0.73019029E-08 -0.24980787E-08   863.99999937   -23331.00569455
   14420   28.84000000  0.18549223E-07  0.71189978E-08 -0.24804385E-08   863.99999937   -23331.00569455
   14430   28.86000000  0.18486992E-07  0.69326164E-08 -0.24592544E-08   863.99999937   -23331.00569455
   14440   28.88000000  0.18418715E-07  0.67436616E-08 -0.24350148E-08   863.99999937   -23331.00569455
   14450   28.90000000  0.18344533E-07  0.65530386E-08 -0.24077746E-08   863.99999937   -23331.00569455
   14460   28.92000000  0.18264486E-07  0.63616871E-08 -0.23777598E-08   863.99999937   -23331.00569455
   14470   28.94000000  0.18178642E-07  0.61704519E-08 -0.23452376E-08   863.99999937   -23331.00569455
   14480   28.96000000  0.18087203E-07  0.59802979E-08 -0.23106021E-08   863.99999937   -23331.00569455
   14490   28.98000000  0.17990336E-07  0.57920702E-08 -0.22741052E-08   863.99999937   -23331.00569455
   14500   29.00000000  0.17888377E-07  0.56064270E-08 -0.22359277E-08   863.99999937   -23331.00569455
   14510   29.02000000  0.17781661E-07  0.54240246E-08 -0.21963860E-08   863.99999937   -23331.00569455
   14520   29.04000000  0.17670408E-07  0.52453629E-08 -0.21554386E-08   863.99999937   -23331.00569455
   14530   29.06000000  0.17554912E-07  0.50710485E-08 -0.21134762E-08   863.99999937   -23331.00569455
   14540   29.08000000  0.17435555E-07  0.49013893E-08 -0.20707421E-08   863.99999937   -23331.00569455
   14550   29.10000000  0.17312775E-07  0.47367471E-08 -0.20274781E-08   863.99999937   -23331.00569455
   14560   29.12000000  0.17187022E-07  0.45773260E-08 -0.19837818E-08   863.99999937   -23331.00569456
   14570   29.14000000  0.17058554E-07  0.44232592E-08 -0.19398574E-08   863.99999937   -23331.00569456
   14580   29.16000000  0.16927923E-07  0.42744550E-08 -0.18960454E-08   863.99999937   -23331.00569456
   14590   29.18000000  0.16795579E-07  0.41309565E-08 -0.18526260E-08   863.99999937   -23331.00569456
   14600   29.20000000  0.16662201E-07  0.39925128E-08 -0.18098072E-08   863.99999937   -23331.00569456
   14610   29.22000000  0.16528355E-07  0.38587729E-08 -0.17678591E-08   863.99999937   -23331.00569456
   14620   29.24000000  0.16394749E-07  0.37296192E-08 -0.17269151E-08   863.99999937   -23331.00569456
   14630   29.26000000  0.16261918E-07  0.36045872E-08 -0.16870980E-08   863.99999936   -23331.00569456
   14640   29.28000000  0.16130485E-07  0.34834490E-08 -0.16485555E-08   863.99999936   -23331.00569456
   14650   29.30000000  0.16001161E-07  0.33659572E-08 -0.16113868E-08   863.99999936   -23331.00569456
   14660   29.32000000  0.15874463E-07  0.32519967E-08 -0.15756714E-08   863.99999936   -23331.00569456
   14670   29.34000000  0.15751199E-07  0.31412595E-08 -0.15411952E-08   863.99999936   -23331.00569456
   14680   29.36000000  0.15631839E-07  0.30335671E-08 -0.15079486E-08   863.99999936   -23331.00569456
   14690   29.38000000  0.15517112E-07  0.29285419E-08 -0.14755793E-08   863.99999936   -23331.00569456
   14700   29.40000000  0.15407501E-07  0.28261667E-08 -0.14439369E-08   863.99999936   -23331.00569456
   14710   29.42000000  0.15303667E-07  0.27261384E-08 -0.14130592E-08   863.99999936   -23331.00569456
   14720   29.44000000  0.15206252E-07  0.26283794E-08 -0.13824888E-08   863.99999936   -23331.00569456
   14730   29.46000000  0.15115950E-07  0.25326061E-08 -0.13521293E-08   863.99999936   -23331.00569456
   14740   29.48000000  0.15033406E-07  0.24387488E-08 -0.13215403E-08   863.99999936   -23331.00569456
   14750   29.50000000  0.14959273E-07  0.23467518E-08 -0.12903775E-08   863.99999936   -23331.00569456
   14760   29.52000000  0.14894182E-07  0.22564762E-08 -0.12584614E-08   863.99999936   -23331.00569457
   14770   29.54000000  0.14838769E-07  0.21680566E-08 -0.12256081E-08   863.99999936   -23331.00569457
   14780   29.56000000  0.14793677E-07  0.20813084E-08 -0.11914756E-08   863.99999936   -23331.00569457
   14790   29.58000000  0.14759387E-07  0.19964489E-08 -0.11559352E-08   863.99999936   -23331.00569457
   14800   29.60000000  0.14736396E-07  0.19135533E-08 -0.11186532E-08   863.99999936   -23331.00569457
   14810   29.62000000  0.14725149E-07  0.18327619E-08 -0.10794347E-08   863.99999936   -23331.00569457
   14820   29.64000000  0.14726059E-07  0.17543172E-08 -0.10382212E-08   863.99999936   -23331.00569457
   14830   29.66000000  0.14739342E-07  0.16784852E-08 -0.99495205E-09   863.99999936   -23331.00569457
   14840   29.68000000  0.14765225E-07  0.16054576E-08 -0.94950629E-09   863.99999936   -23331.00569457
   14850   29.70000000  0.14803720E-07  0.15354625E-08 -0.90199404E-09   863.99999936   -23331.00569457
   14860   29.72000000  0.14854737E-07  0.14688989E-08 -0.85228008E-09   863.99999935   -23331.00569457
   14870   29.74000000  0.14918116E-07  0.14060349E-08 -0.80051013E-09   863.99999935   -23331.00569457
   14880   29.76000000  0.14993460E-07  0.13473199E-08 -0.74675947E-09   863.99999935   -23331.00569457
   14890   29.78000000  0.15080355E-07  0.12929584E-08 -0.69131723E-09   863.99999935   -23331.00569457
   14900   29.80000000  0.15178200E-07  0.12431515E-08 -0.63421923E-09   863.99999935   -23331.00569457
   14910   29.82000000  0.15286410E-07  0.11982923E-08 -0.57567857E-09   863.99999935   -23331.00569457
   14920   29.84000000  0.15404326E-07  0.11583644E-08 -0.51605144E-09   863.99999935   -23331.00569457
   14930   29.86000000  0.15531216E-07  0.11234921E-08 -0.45545247E-09   863.99999935   -23331.00569457
   14940   29.88000000  0.15666455E-07  0.10937322E-08 -0.39438430E-09   863.99999935   -23331.00569457
   14950   29.90000000  0.15809329E-07  0.10691454E-08 -0.33305519E-09   863.99999935   -23331.00569458
   14960   29.92000000  0.15959225E-07  0.10495289E-08 -0.27203279E-09   863.99999935   -23331.00569458
   14970   29.94000000  0.16115176E-07  0.10349618E-08 -0.21165270E-09   863.99999935   -23331.00569458
   14980   29.96000000  0.16276533E-07  0.10252983E-08 -0.15229879E-09   863.99999935   -23331.00569458
   14990   29.98000000  0.16442341E-07  0.10203766E-08 -0.94369630E-10   863.99999935   -23331.00569458
   15000   30.00000000  0.16611987E-07  0.10200404E-08 -0.38320406E-10   863.99999935   -23331.00569458
=== application breakdown [s] ===
total calculation time,7397.34305096
rt calculation                         min         max     average   std. dev.  difference    relative
rt initialization              0.49114E-04 0.11389E-02 0.15330E-03 0.58923E-04 0.10898E-02 0.23189E+02
reading lda data               0.41643E+01 0.42123E+01 0.41944E+01 0.78618E-02 0.47997E-01 0.10115E+01
reading rt data                0.19162E-02 0.89538E-02 0.25455E-02 0.31468E-03 0.70376E-02 0.46728E+01
prep. time prop.               0.30899E-03 0.18771E-02 0.99235E-03 0.76811E-04 0.15681E-02 0.60748E+01
rt iterations                  0.73919E+04 0.73919E+04 0.73919E+04 0.97745E-04 0.13380E-02 0.10000E+01
after writing rt data          0.19073E-05 0.97887E+00 0.11754E-03 0.10318E-01 0.97887E+00 0.51321E+06
in rt iterations                       min         max     average   std. dev.  difference    relative
Vbox                           0.12988E+01 0.15493E+01 0.14180E+01 0.32990E-01 0.25049E+00 0.11929E+01
time propagation               0.56168E+04 0.58413E+04 0.57543E+04 0.33378E+02 0.22452E+03 0.10400E+01
calculating rho                0.11118E+03 0.33178E+03 0.19515E+03 0.33348E+02 0.22060E+03 0.29842E+01
Hartree routine                0.37940E+02 0.51178E+02 0.44503E+02 0.22090E+01 0.13239E+02 0.13489E+01
Exc_Cor routine                0.60050E+01 0.10545E+02 0.81308E+01 0.91866E+00 0.45398E+01 0.17560E+01
calculating curr               0.11544E+04 0.11545E+04 0.11545E+04 0.19024E-01 0.10911E+00 0.10001E+01
calc. projection               0.41785E-02 0.83435E-02 0.58676E-02 0.60299E-03 0.41649E-02 0.19967E+01
writing energies               0.14862E+01 0.19918E+01 0.15982E+01 0.12913E+00 0.50554E+00 0.13402E+01
calc_eigen_energy              0.21066E+03 0.21124E+03 0.21086E+03 0.86813E-01 0.57293E+00 0.10027E+01
calc_total_energy_periodic     0.17192E+02 0.22346E+02 0.18946E+02 0.78562E+00 0.51538E+01 0.12998E+01
writing info etc.              0.91853E-02 0.39898E+00 0.11364E-01 0.41595E-02 0.38980E+00 0.43437E+02
total_energy module                    min         max     average   std. dev.  difference    relative
periodic calc.                 0.29656E+01 0.95382E+01 0.48309E+01 0.15002E+01 0.65726E+01 0.32163E+01
periodic comm. coll.           0.87991E+01 0.18975E+02 0.14099E+02 0.17378E+01 0.10176E+02 0.21564E+01
eigen_energy calc.             0.35678E+02 0.39005E+02 0.37813E+02 0.36677E+00 0.33264E+01 0.10932E+01
eigen_energy comm. coll.       0.45110E+01 0.10960E+02 0.75076E+01 0.80652E+00 0.64490E+01 0.24296E+01
eigen_energy hpsi              0.14753E+03 0.15329E+03 0.14992E+03 0.70122E+00 0.57687E+01 0.10391E+01
density_matrix module                  min         max     average   std. dev.  difference    relative
density calc.                  0.79675E+02 0.14067E+03 0.10814E+03 0.11339E+02 0.60993E+02 0.17655E+01
density comm. coll.            0.26263E+02 0.19516E+03 0.86767E+02 0.25072E+02 0.16890E+03 0.74310E+01
current calc.                  0.25153E+03 0.27539E+03 0.26115E+03 0.35556E+01 0.23862E+02 0.10949E+01
current rDivided uVpsi calc.   0.11373E+03 0.11803E+03 0.11554E+03 0.48192E+00 0.42988E+01 0.10378E+01
current comm. coll.            0.86217E+02 0.12545E+03 0.10609E+03 0.51880E+01 0.39230E+02 0.14550E+01
current comm. halo.            0.64109E+03 0.69429E+03 0.67154E+03 0.79630E+01 0.53205E+02 0.10830E+01
conjugate_gradient module              min         max     average   std. dev.  difference    relative
subspace_diag module                   min         max     average   std. dev.  difference    relative
subspace_diag so module                min         max     average   std. dev.  difference    relative
force module                           min         max     average   std. dev.  difference    relative
init_ps                                min         max     average   std. dev.  difference    relative
hamiltonian module                     min         max     average   std. dev.  difference    relative
total                          0.49479E+04 0.51688E+04 0.50339E+04 0.31857E+02 0.22093E+03 0.10447E+01
update overlap (comm.)         0.26321E+04 0.30219E+04 0.27815E+04 0.54817E+02 0.38984E+03 0.11481E+01
stencil                        0.10631E+04 0.13416E+04 0.11820E+04 0.24996E+02 0.27849E+03 0.12620E+01
subtraction                    0.25969E+02 0.30973E+02 0.28580E+02 0.43491E+00 0.50042E+01 0.11927E+01
pseudo-pt                      0.93892E+03 0.11211E+04 0.10210E+04 0.24722E+02 0.18220E+03 0.11941E+01
pseudo-pt (comm.)              0.36528E+02 0.28352E+03 0.13600E+03 0.31518E+02 0.24699E+03 0.77618E+01
hpsi-overlapped                        min         max     average   std. dev.  difference    relative
checkpoint/restart                     min         max     average   std. dev.  difference    relative
restart self                   0.33064E+01 0.37644E+01 0.33140E+01 0.22411E-01 0.45793E+00 0.11385E+01
restart sync                   0.37613E+01 0.37689E+01 0.37645E+01 0.10936E-02 0.76008E-02 0.10020E+01
=== performance [GFLOPS] ===
end SALMON
