# Units: Time [fs], Current Jm [1/fs*Angstrom^2]
time,fid_signal,fid_exp_fit,normalized_fid
14.452,0.0015283919112706107,0.00010345922440817008,10.261188282526229
14.462,0.0014538960634009651,0.00010345922440073766,9.764753814298372
14.472,0.0013810482299535694,0.00010345922439340929,9.279218718769378
14.482,0.001309889395030136,0.00010345922438618353,8.804856007909153
14.492,0.001240455822292415,0.00010345922437905893,8.341907205308118
14.502,0.0011727786951180187,0.00010345922437203407,7.8905799657246245
14.512,0.0011068837779844099,0.00010345922436510756,7.451045842034104
14.522,0.001042791112403616,0.00010345922435827802,7.02343828796417
14.532,0.0009805147676619447,0.00010345922435154411,6.607851030832129
14.542,0.0009200626918299499,0.00010345922434490447,6.204337116350503
14.552,0.0008614366497334627,0.00010345922433835779,5.812908535822201
14.562,0.0008046322548331162,0.00010345922433190276,5.433536480844769
14.572,0.0007496390982001369,0.0001034592243255381,5.066152245812452
14.582,0.000696440969377251,0.00010345922431926255,4.710648742322481
14.592,0.0006450162095844871,0.00010345922431307487,4.366882893932978
14.602,0.0005953381699987429,0.0001034592243069738,4.034678728441805
14.612,0.0005473757535708576,0.00010345922430095816,3.7138310227153126
14.622,0.0005010940536147581,0.00010345922429502675,3.4041095875275116
14.632,0.00045645505342793724,0.00010345922428917838,3.105263953441254
14.642,0.00041341837649925395,0.00010345922428341187,2.81702838681984
14.652,0.0003719420832086166,0.00010345922427772611,2.53912720819969
14.662,0.0003319834715710217,0.00010345922427211995,2.2712801300102012
14.672,0.00029349986648550207,0.00010345922426659228,2.0132075095990634
14.682,0.0002564493752857936,0.00010345922426114199,1.76463536952383
14.692,0.000220791573920641,0.00010345922425576801,1.525299947561014
14.702,0.00018648812382318647,0.00010345922425046927,1.2949517771646115
14.712,0.00015350330033202817,0.0001034592242452447,1.073359171730429
14.722,0.00012180439066208145,0.00010345922424009329,0.86031083363462
14.732,9.13619546938963e-05,0.00010345922423501401,0.655617543970872
14.742,6.214995819078486e-05,0.00010345922423000583,0.45911299825205665
14.752,3.4145767194039436e-05,0.00010345922422506777,0.2706537147263739
14.762,7.330000732416351e-06,0.00010345922422019884,0.09011799753664178
14.772,-1.8313770059502708e-05,0.00010345922421539808,-0.08259612329376328
14.782,-4.279944649708119e-05,0.00010345922421066453,-0.24757377417179738
14.792,-6.613893491315317e-05,0.00010345922420599726,-0.4048868366420666
14.802,-8.834278528350152e-05,0.00010345922420139532,-0.5545982481839414
14.812,-0.00010942090976979421,0.00010345922419685782,-0.6967668301593757
14.822,-0.00012938334732369314,0.00010345922419238384,-0.8314524164382113
14.832,-0.0001482410606990078,0.0001034592241879725,-0.9587211908250853
14.842,-0.0001660067487472317,0.00010345922418362292,-1.0786511187232257
14.852,-0.00018269562422913163,0.00010345922417933424,-1.1913371416706244
14.862,-0.00019832612902253536,0.00010345922417510559,-1.296895947812432
14.872,-0.00021292058747599189,0.00010345922417093615,-1.395470323611182
14.882,-0.00022650575892860591,0.00010345922416682509,-1.4872328280781753
14.892,-0.00023911326266655777,0.00010345922416277157,-1.572388612340215
14.902,-0.000250779890286606,0.00010345922415877482,-1.651177485404998
14.912,-0.00026154776279694046,0.00010345922415483402,-1.7238749436887275
14.922,-0.0002714643131084126,0.00010345922415094839,-1.7907920368546906
14.932,-0.0002805821438982617,0.00010345922414711715,-1.8522744042730348
14.942,-0.0002889587314002859,0.00010345922414333956,-1.9087002872704664
14.952,-0.00029665597382706103,0.00010345922413961485,-1.9604775100745677
14.962,-0.0003037396208068126,0.0001034592241359423,-2.0080396731666
14.972,-0.0003102785818800376,0.00010345922413232117,-2.0518415468298654
14.982,-0.00031634414260405994,0.00010345922412875071,-2.0923538558836587
14.992,-0.0003220091045396077,0.00010345922412523027,-2.130057564376144
15.002,-0.00032734687431136664,0.0001034592241217591,-2.165437828242663
15.012,-0.00033243043386653465,0.00010345922411833653,-2.1989771635914366
15.022,-0.00033733077134751895,0.00010345922411496187,-2.2311450275005216
15.032,-0.0003421155368321656,0.00010345922411163447,-2.262388903105263
15.042,-0.00034684811418859074,0.00010345922410835365,-2.293128162408283
15.052,-0.0003515867851471824,0.00010345922410511875,-2.3237485472694885
15.062,-0.0003563840044528367,0.00010345922410192917,-2.35459739301365
15.072,-0.00036128578496698625,0.00010345922409878422,-2.3859795857320303
15.082,-0.00036633120795903596,0.00010345922409568331,-2.418154353385763
15.092,-0.00037155207970568686,0.0001034592240926258,-2.451333030179631
15.102,-0.00037697274446697206,0.00010345922408961111,-2.485677859757293
15.112,-0.0003826100482392895,0.00010345922408663862,-2.5213017985565327
15.122,-0.0003884734362759446,0.00010345922408370775,-2.558269204922979
15.132,-0.00039456516517671436,0.00010345922408081792,-2.596597285064749
15.142,-0.0004008806306247002,0.00010345922407796854,-2.636258302571666
15.152,-0.000407408812664666,0.00010345922407515905,-2.6771825634368085
15.162,-0.00041413280889064815,0.0001034592240723889,-2.7192619784596417
15.172,-0.00042103042551477405,0.00010345922406965752,-2.7623540028274935
15.182,-0.0004280748149641328,0.00010345922406696439,-2.806285877417758
15.192,-0.00043523514047569224,0.00010345922406430898,-2.8508590419355126
15.202,-0.00044247726265050116,0.00010345922406169072,-2.895853686511278
15.212,-0.00044976442216952206,0.00010345922405910913,-2.941033270176094
15.222,-0.0004570579084522715,0.00010345922405656368,-2.9861489388743
15.232,-0.00046431769184084444,0.00010345922405405387,-3.0309436943839105
15.242,-0.0004715030101530546,0.0001034592240515792,-3.0751562536913375
15.252,-0.00047857291039083783,0.00010345922404913917,-3.1185246047351414
15.262,-0.0004854867494841784,0.00010345922404673331,-3.1607892852751354
15.272,-0.0004922046441540055,0.00010345922404436112,-3.201696319926412
15.282,-0.0004986878446119641,0.00010345922404202216,-3.240999647455577
15.292,-0.0005048990556060201,0.00010345922403971594,-3.2784631956884946
15.302,-0.0005108027214565617,0.000103459224037442,-3.3138627156851608
15.312,-0.0005163652596882713,0.0001034592240351999,-3.3469872732650954
15.322,-0.0005215552374264571,0.00010345922403298918,-3.3776403601770286
15.332,-0.000526343514528539,0.00010345922403080942,-3.405640784976545
15.342,-0.000530703362706008,0.00010345922402866018,-3.4308234055560334
15.352,-0.0005346105523206341,0.00010345922402654102,-3.453039648759363
15.362,-0.0005380434125348817,0.00010345922402445155,-3.472157855285311
15.372,-0.00054098286293387,0.00010345922402239132,-3.4880634376203754
15.382,-0.0005434124161573586,0.00010345922402035993,-3.5006588479898726
15.392,-0.0005453181681868706,0.00010345922401835698,-3.5098634675924845
15.402,-0.000546688779001551,0.00010345922401638208,-3.5156134354190343
15.412,-0.0005475154189633688,0.00010345922401443482,-3.5178612520914014
15.422,-0.0005477916844735818,0.00010345922401251484,-3.5165751824698424
15.432,-0.0005475134991994325,0.00010345922401062172,-3.5117385656229176
15.442,-0.0005466789934685868,0.00010345922400875511,-3.503348982481335
15.452,-0.0005452883425795965,0.00010345922400691463,-3.4914171527649067
15.462,-0.0005433435882192253,0.00010345922400509994,-3.47596572227015
15.472,-0.0005408484365794176,0.00010345922400331064,-3.45702789749903
15.482,-0.0005378080234080011,0.00010345922400154638,-3.434645862406919
15.492,-0.0005342286625381262,0.00010345922399980684,-3.4088690873534246
15.502,-0.0005301175729259613,0.00010345922399809164,-3.3797524970085595
15.512,-0.0005254825934996412,0.00010345922399640046,-3.3473545594915577
15.522,-0.000520331899935961,0.00010345922399473295,-3.311735390564165
15.532,-0.0005146737255857401,0.0001034592239930888,-3.2729548876585186
15.542,-0.0005085160915657133,0.00010345922399146765,-3.231070927591408
15.552,-0.0005018665625398989,0.0001034592239898692,-3.1861377380353324
15.562,-0.0004947320309948286,0.00010345922398829314,-3.1382044617758718
15.572,-0.00048711853400178136,0.00010345922398673914,-3.087313940655108
15.582,-0.00047903113307803106,0.0001034592239852069,-3.0335019232227505
15.592,-0.00047047385467850517,0.0001034592239836961,-2.976796680091451
15.602,-0.0004614496723797254,0.00010345922398220647,-2.917218900935539
15.612,-0.00045196054806677773,0.00010345922398073768,-2.8547819881909247
15.622,-0.0004420075537535702,0.00010345922397928946,-2.7894928917211477
15.632,-0.0004315910563930179,0.00010345922397786151,-2.7213533670310213
15.642,-0.0004207109459994769,0.00010345922397645357,-2.6503615252994583
15.652,-0.0004093669088405081,0.00010345922397506533,-2.5765136864265363
15.662,-0.0003975587569028258,0.00010345922397369652,-2.4998066096657565
15.672,-0.0003852867925918151,0.00010345922397234688,-2.420239960747401
15.682,-0.00037255218341950924,0.00010345922397101613,-2.3378188462431453
15.692,-0.000359357338329128,0.00010345922396970402,-2.2525563589578943
15.702,-0.0003457062828604147,0.00010345922396841026,-2.1644761148354803
15.712,-0.0003316050131933441,0.00010345922396713463,-2.0736146474731054
15.722,-0.0003170618229430926,0.00010345922396587686,-1.9800236185731457
15.732,-0.00030208759566486393,0.0001034592239646367,-1.883771796490614
15.742,-0.0002866960319654476,0.0001034592239634139,-1.7849465949751009
15.752,-0.00027090382161917864,0.00010345922396220822,-1.6836552408985062
15.762,-0.00025473076274512167,0.00010345922396101942,-1.5800255843008446
15.772,-0.00023819982189202295,0.00010345922395984726,-1.4742065094709915
15.782,-0.00022133712312789026,0.00010345922395869152,-1.3663678676767192
15.792,-0.00020417185614994478,0.00010345922395755194,-1.256699865149275
15.802,-0.00018673614912130326,0.00010345922395642833,-1.1454122114891214
15.812,-0.0001690648993929584,0.00010345922395532045,-1.03273298336924
15.822,-0.00015119552794992094,0.00010345922395422809,-0.9189069763621109
15.832,-0.00013316769619542228,0.000103459223953151,-0.8041938031374997
15.842,-0.00011502301025162824,0.00010345922395208901,-0.6888659067795401
15.852,-9.680470168639486e-05,0.00010345922395104187,-0.5732064162124854
15.862,-7.855726678377746e-05,0.00010345922395000942,-0.45750672560013034
15.872,-6.0326099661641764e-05,0.00010345922394899139,-0.34206403385518896
15.882,-4.215713747277147e-05,0.00010345922394798764,-0.2271789664718894
15.892,-2.4096490142287767e-05,0.00010345922394699792,-0.11315309698752142
15.902,-6.190074459966479e-06,0.00010345922394602207,-0.00028650099039459476
15.912,1.1516744593278083e-05,0.00010345922394505988,0.11112463765630096
15.922,2.897949646142565e-05,0.00010345922394411117,0.22079030928221433
15.932,4.61549283624928e-05,0.00010345922394317573,0.32842882809811685
15.942,6.30013315282329e-05,0.00010345922394225339,0.43376899662138757
15.952,7.947884106636796e-05,0.00010345922394134396,0.5365520896887864
15.962,9.55497198370256e-05,0.00010345922394044727,0.636533727508727
15.972,0.00011117862455762017,0.00010345922393956313,0.733485626139317
15.982,0.00012633283755526396,0.00010345922393869136,0.8271971154162179
15.992,0.00014098248760384833,0.0001034592239378318,0.9174765809588374
16.002,0.00015510074902759925,0.00010345922393698429,1.0041527583150556
16.012,0.00016866400436183816,0.00010345922393614862,1.0870757819173533
16.022,0.00018165198144082318,0.00010345922393532467,1.16611806187746
16.032,0.00019404786611961186,0.00010345922393451225,1.2411749968474646
16.042,0.00020583836851678365,0.0001034592239337112,1.3121653759279963
16.052,0.00021701376642879874,0.00010345922393292136,1.3790316278525832
16.062,0.0002275679168345451,0.00010345922393214259,1.441739857503351
16.072,0.0002374982064704024,0.00010345922393137472,1.5002794763573597
16.082,0.00024680548088383493,0.00010345922393061759,1.5546626896705835
16.092,0.0002554939331017716,0.00010345922392987108,1.60492371541246
16.102,0.0002635709517162933,0.000103459223929135,1.6511177340846628
16.112,0.00027104691881321414,0.00010345922392840924,1.693319505774606
16.122,0.0002779349628100147,0.00010345922392769363,1.7316216884265478
16.132,0.0002842507017932873,0.00010345922392698805,1.7661330951990726
16.142,0.00029001193807155274,0.00010345922392629234,1.7969766298681837
16.152,0.00029523830196815905,0.00010345922392560637,1.8242868876931817
16.162,0.00029995086835682785,0.00010345922392493002,1.848207579011506
16.172,0.00030417175360357033,0.00010345922392426312,1.8688888271019455
16.182,0.0003079237097950157,0.00010345922392360556,1.8864844537658412
16.192,0.0003112296915247349,0.00010345922392295722,1.9011490890670448
16.202,0.00031411240720374264,0.00010345922392231794,1.9130351855693664
16.212,0.0003165938698192847,0.00010345922392168762,1.9222900370789326
16.222,0.0003186949633262041,0.00010345922392106611,1.9290529105474095
16.232,0.0003204350546512919,0.00010345922392045332,1.9334524916666693
16.242,0.00032183160171495435,0.0001034592239198491,1.9356043141177102
16.252,0.00032289978954261464,0.00010345922391925334,1.9356083863516562
16.262,0.00032365225092938335,0.00010345922391866592,1.9335473921517206
16.272,0.0003240988373918763,0.00010345922391808672,1.9294852366129283
16.282,0.00032424645039557667,0.00010345922391751565,1.923466003566138
16.292,0.0003240989431978095,0.00010345922391695255,1.9155133924580743
16.302,0.000323657101815993,0.00010345922391639735,1.9056306905763538
16.312,0.00032291872953635385,0.00010345922391584992,1.8938014418486522
16.322,0.0003218788067017181,0.00010345922391531015,1.8799906221003067
16.332,0.00032052973307139016,0.00010345922391477793,1.8641463676202914
16.342,0.0003188616593978848,0.00010345922391425317,1.8462022993444727
16.352,0.0003168628852191741,0.00010345922391373575,1.8260802871789497
16.362,0.0003145203418083019,0.00010345922391322558,1.8036937782327391
16.372,0.0003118201313774683,0.00010345922391272256,1.7789514939160687
16.382,0.00030874811118995814,0.00010345922391222657,1.7517614180121708
16.392,0.000305290505566943,0.00010345922391173753,1.722034960192526
16.402,0.00030143452191751447,0.00010345922391125534,1.6896911341231204
16.412,0.0002971689786490711,0.00010345922391077989,1.6546608008923052
16.422,0.0002924849170618032,0.00010345922391031111,1.6168907880770733
16.432,0.0002873761600757964,0.00010345922390984889,1.576347630710069
16.442,0.00028183981450560346,0.00010345922390939313,1.5330209165510125
16.452,0.0002758767061401033,0.00010345922390894375,1.4869261679488566
16.462,0.00026949173169009763,0.00010345922390850068,1.4381071547257573
16.472,0.0002626941064676342,0.0001034592239080638,1.3866374980400944
16.482,0.0002554974921912556,0.00010345922390763304,1.3326214625878703
16.492,0.00024792003639087187,0.00010345922390720831,1.276194148840979
16.502,0.00023998429903038067,0.00010345922390678953,1.2175209246587948
16.512,0.00023171703304681424,0.00010345922390637661,1.1567958764428279
16.522,0.00022314886577522663,0.00010345922390596946,1.0942395955390802
16.532,0.00021431390012174094,0.00010345922390556802,1.0300964277741818
16.542,0.00020524922543279468,0.00010345922390517221,0.9646311215543389
16.552,0.00019599433956857655,0.00010345922390478194,0.8981248874252598
16.562,0.00018659052327103012,0.00010345922390439713,0.8308711450345242
16.572,0.00017708018678830968,0.0001034592239040177,0.7631710921948816
16.582,0.000167506186171113,0.00010345922390364358,0.6953290806377806
16.592,0.00015791116029427547,0.0001034592239032747,0.6276481400017134
16.602,0.00014833690532954662,0.000103459223902911,0.5604257623533843
16.612,0.00013882377458177467,0.00010345922390255237,0.4939498674171989
16.622,0.00012941013351191886,0.00010345922390219877,0.42849514713707826
16.632,0.00012013190326711903,0.00010345922390185013,0.36432001112671625
16.642,0.00011102221595971437,0.00010345922390150636,0.30166428744083024
16.652,0.00010211115964374107,0.00010345922390116741,0.24074753062088838
16.662,9.342561417484673e-05,0.00010345922390083319,0.18176794333837976
16.672,8.498919213115592e-05,0.00010345922390050366,0.12490200472483837
16.682,7.68222823793547e-05,0.00010345922390017875,0.07030478794951417
16.692,6.894219977018532e-05,0.00010345922389985838,0.018110988221124724
16.702,6.136341314601205e-05,0.0001034592238995425,-0.03156352616794128
16.712,5.409784710359408e-05,0.00010345922389923104,-0.0786196716816846
16.722,4.715524661130942e-05,0.00010345922389892394,-0.1229726903801574
16.732,4.0543576391356066e-05,0.00010345922389862115,-0.16454946243087681
16.742,3.426944533861995e-05,0.00010345922389832258,-0.20328565668700666
16.752,2.8338541946986052e-05,0.0001034592238980282,-0.2391228138994891
16.762,2.2756065230410724e-05,0.00010345922389773794,-0.272005466568622
16.772,1.752713056556789e-05,0.00010345922389745175,-0.301878433267993
16.782,1.265713562707371e-05,0.00010345922389716956,-0.32868438668479527
16.792,8.152058664926147e-06,0.00010345922389689132,-0.35236188033115734
16.802,4.018707736377046e-06,0.00010345922389661699,-0.37284370989279997
16.812,2.6492066895276024e-07,0.00010345922389634648,-0.3900556104324535
16.822,-3.100332356228226e-06,0.00010345922389607976,-0.4039156095259911
16.832,-6.066922473640219e-06,0.00010345922389581679,-0.41433389507305163
16.842,-8.623592348770812e-06,0.00010345922389555749,-0.42121306581434376
16.852,-1.0758072576038964e-05,0.00010345922389530182,-0.424448961051004
16.862,-1.2457265775606472e-05,0.00010345922389504973,-0.42393194544329726
16.872,-1.3707478229000789e-05,0.00010345922389480116,-0.419548513656225
16.882,-1.4494711654737053e-05,0.0001034592238945561,-0.4111832979578631
16.892,-1.4804993035305775e-05,0.00010345922389431444,-0.3987213306136189
16.902,-1.4624736800982857e-05,0.00010345922389407618,-0.38205052212766766
16.912,-1.3941128588535525e-05,0.00010345922389384125,-0.36106428267369073
16.922,-1.2742516248024467e-05,0.00010345922389360961,-0.33566419014893706
16.932,-1.1018800053862253e-05,0.00010345922389338121,-0.30576265041835404
16.942,-8.761814306985807e-06,0.00010345922389315601,-0.27128549720404305
16.952,-5.965674454485887e-06,0.00010345922389293396,-0.23217435863218178
16.962,-2.6270846389201134e-06,0.00010345922389271502,-0.18959238435862694
16.972,1.254376763020371e-06,0.00010345922389249916,-0.1443191434687106
16.982,5.676014486580424e-06,0.0001034592238922863,-0.09635147756017491
16.992,1.0631831978174058e-05,0.00010345922389207644,-0.04570775300462113
17.002,1.6112420095001955e-05,0.00010345922389186951,0.0075713407733147275
17.012,2.2104900093918375e-05,0.00010345922389166547,0.06342235083415773
17.022,2.8592914441339734e-05,0.00010345922389146429,0.12175893578733128
17.032,3.5556682595408483e-05,0.00010345922389126593,0.18247217157020634
17.042,4.297311558477306e-05,0.00010345922389107034,0.2454312478717542
17.052,5.08159928538303e-05,0.0001034592238908775,0.31048457950959607
17.062,5.905619007166458e-05,0.00010345922389068735,0.37746125837489025
17.072,6.766193915767063e-05,0.00010345922389049986,0.4461727221038077
17.082,7.659912572985736e-05,0.000103459223890315,0.5164146748587483
17.092,8.583161341511631e-05,0.00010345922389013274,0.587969190796193
17.102,9.532160144872198e-05,0.00010345922388995302,0.6606070440816643
17.112,0.00010502999445548665,0.00010345922388977582,0.7340901251610878
17.122,0.00011491675020283002,0.00010345922388960109,0.8081737158168335
17.132,0.00012494124092258076,0.00010345922388942882,0.8826088605550552
17.142,0.00013506260192891985,0.00010345922388925895,0.9571446592676817
17.152,0.00014524004072468072,0.00010345922388909146,1.0315303027713043
17.162,0.0001554331232312098,0.00010345922388892632,1.1055169618793865
17.172,0.00016560202602878616,0.0001034592238887635,1.1788594554909295
17.182,0.00017570774006486393,0.00010345922388860294,1.2513176006341535
17.192,0.00018571224000952174,0.00010345922388844464,1.3226573383704485
17.202,0.00019557860580361953,0.00010345922388828855,1.3926515452175836
17.212,0.00020527108314096854,0.00010345922388813465,1.461080441179987
17.222,0.00021475511309827018,0.00010345922388798291,1.5277317949914917
17.232,0.00022399733032305177,0.0001034592238878333,1.5924009220023594
17.242,0.00023296551250886593,0.00010345922388768576,1.6548903587235637
17.252,0.0002416284866802936,0.0001034592238875403,1.7150092499409364
17.262,0.00024995602399991535,0.00010345922388739688,1.7725726592999684
17.272,0.0002579187326820577,0.00010345922388725546,1.8274008662306145
17.282,0.0002654879376076818,0.00010345922388711603,1.8793185723661483
17.292,0.00027263555069400187,0.00010345922388697854,1.9281540440286546
17.302,0.00027933395374931384,0.00010345922388684298,1.973738334891514
17.312,0.000285555918943804,0.00010345922388670932,2.0159047557870986
17.322,0.0002912745665453219,0.00010345922388657753,2.054488588845995
17.332,0.00029646335354385203,0.00010345922388644758,2.08932700315323
17.342,0.00030109610182116374,0.00010345922388631945,2.120259229280352
17.352,0.000305147089159812,0.00010345922388619313,2.1471271477549005
17.362,0.0003085911983755758,0.00010345922388606857,2.169776260177501
17.372,0.00031140412695073913,0.00010345922388594574,2.188057058932801
17.382,0.0003135626551016794,0.00010345922388582463,2.2018267820207424
17.392,0.000315044942329312,0.00010345922388570524,2.2109513538005308
17.402,0.00031583089133329685,0.0001034592238855875,2.21530777115702
17.412,0.00031590256305980474,0.00010345922388547141,2.2147868275770186
17.422,0.0003152445952623095,0.00010345922388535696,2.2092958586244755
17.432,0.0003138446401592605,0.0001034592238852441,2.1987616135042343
17.442,0.0003116938093411054,0.00010345922388513282,2.183133174636164
17.452,0.0003087870898396515,0.00010345922388502311,2.1623846856345526
17.462,0.0003051237245437144,0.00010345922388491492,2.136517843187612
17.472,0.0003007075629185588,0.00010345922388480825,2.10556419367572
17.482,0.00029554734176067126,0.00010345922388470308,2.0695869669241214
17.492,0.00028965687322111586,0.00010345922388459938,2.0286822962160795
17.502,0.0002830551624057173,0.00010345922388449712,1.9829799743915715
17.512,0.0002757664333035078,0.0001034592238843963,1.932643605846552
17.522,0.0002678200421991338,0.0001034592238842969,1.8778700210106474
17.532,0.0002592502920897402,0.00010345922388419889,1.8188880464477937
17.542,0.0002500961447366787,0.00010345922388410224,1.7559566029562812
17.552,0.00024040084441692626,0.00010345922388400696,1.689362224397622
17.562,0.00023021145226018738,0.000103459223883913,1.6194159899370015
17.572,0.00021957829674777718,0.00010345922388382035,1.546449906719675
17.582,0.00020855436916987111,0.000103459223883729,1.4708129348109853
17.592,0.00019719467765155825,0.00010345922388363894,1.3928667448567786
17.602,0.00018555556440452754,0.00010345922388355014,1.3129812386724655
17.612,0.0001736940053973341,0.00010345922388346258,1.2315299599084295
17.622,0.0001616669150600293,0.00010345922388337625,1.148885545094383
17.632,0.0001495304761298909,0.00010345922388329111,1.0654153483757234
17.642,0.00013733951358148213,0.00010345922388320718,0.9814773650168785
17.652,0.00012514690952275653,0.00010345922388312443,0.8974164318021343
17.662,0.00011300306271058098,0.00010345922388304283,0.8135607276713063
17.672,0.00010095542338518126,0.00010345922388296237,0.7302187779873722
17.682,8.904810652716759e-05,0.00010345922388288303,0.6476769820450939
17.692,7.732157314736251e-05,0.0001034592238828048,0.5661975935113787
17.702,6.58124100053135e-05,0.00010345922388272769,0.4860173548602315
17.712,5.455317275177143e-05,0.00010345922388265163,0.40734655130485675
17.722,4.357229039427091e-05,0.00010345922388257666,0.3303684690898677
17.732,3.289406100798523e-05,0.00010345922388250272,0.2552394563316353
17.742,2.2538707770015888e-05,0.00010345922388242983,0.18208937945771575
17.752,1.2522488124341809e-05,0.00010345922388235795,0.1110224261977527
17.762,2.8578685170657105e-06,0.00010345922388228709,0.042118336922534624
17.772,-6.4462561056504255e-06,0.00010345922388221721,-0.024566075130912315
17.782,-1.5384313891715314e-05,0.00010345922388214831,-0.08899522097862027
17.792,-2.395375973751276e-05,0.00010345922388208037,-0.1511527241030695
17.802,-3.215476468785357e-05,0.00010345922388201339,-0.21103932465350708
17.812,-3.99898864773361e-05,0.00010345922388194734,-0.26867066920671595
17.822,-4.746371185661402e-05,0.00010345922388188222,-0.32407492373271996
17.832,-5.458250986029885e-05,0.000103459223881818,-0.37729047029315216
17.842,-6.13538811497381e-05,0.0001034592238817547,-0.4283635883317253
17.852,-6.77864033097872e-05,0.00010345922388169228,-0.47734611932507015
17.862,-7.388929894133978e-05,0.00010345922388163072,-0.5242932927190972
17.872,-7.96721249658055e-05,0.00010345922388157003,-0.5692617015687549
17.882,-8.51444814247243e-05,0.0001034592238815102,-0.6123074151951559
17.892,-9.031573989472455e-05,0.00010345922388145119,-0.6534842285364556
17.902,-9.51948163615715e-05,0.00010345922388139303,-0.6928422125716723
17.912,-9.97899870937005e-05,0.00010345922388133566,-0.7304265544525319
17.922,-0.0001041087293444271,0.0001034592238812791,-0.7662765644214831
17.932,-0.00010815760587492627,0.00010345922388122333,-0.8004249748179688
17.942,-0.0001119421978170353,0.00010345922388116835,-0.8328975599874756
17.952,-0.00011546707751629214,0.00010345922388111414,-0.8637130194776805
17.962,-0.00011873581802916641,0.00010345922388106069,-0.8928831010658281
17.972,-0.00012175103870427354,0.00010345922388100797,-0.9204129590844099
17.982,-0.0001245144884223649,0.00010345922388095601,-0.946301757573571
17.992,-0.00012702716744173223,0.00010345922388090477,-0.970543523810437
18.002,-0.00012928945708144424,0.00010345922388085424,-0.9931280467103627
18.012,-0.00013130126086795572,0.00010345922388080443,-1.0140418441755834
18.022,-0.0001330621739640401,0.0001034592238807553,-1.0332693119205605
18.032,-0.00013457164598989563,0.00010345922388070687,-1.050793821822881
18.042,-0.00013582914186322084,0.00010345922388065912,-1.0665988012253025
18.052,-0.00013683431128367376,0.00010345922388061203,-1.080668865283556
18.062,-0.00013758712374634024,0.0001034592238805656,-1.0929907166268096
18.072,-0.0001380879831802066,0.00010345922388051982,-1.1035539073518776
18.082,-0.00013833784038567851,0.00010345922388047469,-1.1123515859101838
18.092,-0.00013833826264150666,0.00010345922388043019,-1.1193809603613465
18.102,-0.00013809147394232648,0.0001034592238803863,-1.124643569403681
18.112,-0.00013760038732706602,0.00010345922388034304,-1.128145505214088
18.122,-0.00013686860076202794,0.00010345922388030038,-1.129897399464772
18.132,-0.00013590036516124206,0.00010345922388025831,-1.129914231198539
18.142,-0.00013470053657457348,0.00010345922388021684,-1.1282150375401818
18.152,-0.00013327450127869792,0.00010345922388017595,-1.1248224526218822
18.162,-0.0001316280857736067,0.00010345922388013564,-1.1197621549629657
18.172,-0.00012976747701177132,0.00010345922388009587,-1.1130623920596057
18.182,-0.00012769912894633457,0.00010345922388005668,-1.1047534223426547
18.192,-0.00012542965535097713,0.00010345922388001803,-1.094866873259933
18.202,-0.00012296574517129278,0.00010345922387997992,-1.0834352559492038
18.212,-0.00012031408217362664,0.00010345922387994234,-1.070491513590715
18.222,-0.00011748126935585435,0.00010345922387990528,-1.056068604666069
18.232,-0.00011447378141294615,0.00010345922387986876,-1.0401992746632958
18.242,-0.0001112979328221478,0.00010345922387983274,-1.022915931455038
18.252,-0.00010795985695563657,0.00010345922387979722,-1.004250591549571
18.262,-0.00010446551098393952,0.0001034592238797622,-0.9842349936402175
18.272,-0.00010082069655279838,0.00010345922387972768,-0.9629008109387366
18.282,-9.703109263457666e-05,0.00010345922387969362,-0.9402799368385576
18.292,-9.31022990991165e-05,0.00010345922387966006,-0.916404832444219
18.302,-8.90398850528303e-05,0.00010345922387962695,-0.8913088948355921
18.312,-8.48494586087723e-05,0.00010345922387959432,-0.8650269566255253
18.322,-8.053673065618183e-05,0.00010345922387956215,-0.8375957334422904
18.332,-7.610756201434406e-05,0.00010345922387953042,-0.8090541477925943
18.342,-7.156802402592157e-05,0.00010345922387949914,-0.7794437294946872
18.352,-6.692444788181939e-05,0.0001034592238794683,-0.7488089287565858
18.362,-6.218343818421016e-05,0.00010345922387943787,-0.7171971791020674
18.372,-5.7351888083234285e-05,0.00010345922387940789,-0.6846589592921476
18.382,-5.243700454567033e-05,0.00010345922387937832,-0.6512479122519559
18.392,-4.744629453796488e-05,0.00010345922387934917,-0.6170206941053256
18.402,-4.238752597070781e-05,0.00010345922387932042,-0.5820366468939393
18.412,-3.726868583460929e-05,0.00010345922387929207,-0.546357445796688
18.422,-3.209793039392786e-05,0.00010345922387926413,-0.5100466877841124
18.432,-2.6883537344147103e-05,0.00010345922387923657,-0.47316948928373914
18.442,-2.1633844531306447e-05,0.0001034592238792094,-0.4357919913456879
18.452,-1.6357176754155386e-05,0.00010345922387918262,-0.397980783573317
18.462,-1.1061772415050928e-05,0.00010345922387915621,-0.3598023267209556
18.472,-5.755717306415574e-06,0.00010345922387913016,-0.32132242367560865
18.482,-4.4689199425163007e-07,0.00010345922387910448,-0.28260578296497113
18.492,4.857085391427041e-06,0.00010345922387907916,-0.24371555446301996
18.502,1.0148913397739522e-05,0.0001034592238790542,-0.204712888405232
18.512,1.542163803673621e-05,0.00010345922387902957,-0.16565665494462573
18.522,2.066867967044086e-05,0.0001034592238790053,-0.12660319461123318
18.532,2.588386008579475e-05,0.00010345922387898138,-0.08760607280655414
18.542,3.106142780621987e-05,0.00010345922387895777,-0.04871585175620671
18.552,3.619606147255245e-05,0.00010345922387893452,-0.009980014312922753
18.562,4.128285929476627e-05,0.00010345922387891157,0.028557013968072115
18.572,4.631734996712338e-05,0.00010345922387888895,0.06685397995175399
18.582,5.129549403268645e-05,0.00010345922387886664,0.10487284867138669
18.592,5.621366149350624e-05,0.00010345922387884466,0.1425786856603571
18.602,6.106861483061058e-05,0.00010345922387882298,0.1799395706621012
18.612,6.585751687088694e-05,0.00010345922387880159,0.21692667240173963
18.622,7.057793310486619e-05,0.00010345922387878052,0.25351428184426683
18.632,7.522780250457259e-05,0.00010345922387875973,0.2896796318363488
18.642,7.980542225387717e-05,0.00010345922387873924,0.32540280632370444
18.652,8.430943446744444e-05,0.00010345922387871903,0.36066665959040867
18.662,8.873880601078033e-05,0.00010345922387869911,0.3954566865506587
18.672,9.30928206572564e-05,0.00010345922387867947,0.4297609724125779
18.682,9.73710530157148e-05,0.00010345922387866009,0.46357001823502564
18.692,0.00010157331810123381,0.000103459223878641,0.49687640174898795
18.702,0.0001056996284237236,0.00010345922387862217,0.5296744854689179
18.712,0.00010975014375381599,0.0001034592238786036,0.5619600729850714
18.722,0.00011372510280994072,0.0001034592238785853,0.5937299416622791
18.732,0.00011762474196640537,0.00010345922387856724,0.6249812858314978
18.742,0.00012144920599491864,0.00010345922387854943,0.6557111036715836
18.752,0.00012519845508104598,0.0001034592238785319,0.6859155553381518
18.762,0.00012887215066228173,0.00010345922387851459,0.7155891760789064
18.772,0.0001324695234946478,0.00010345922387849753,0.7447239674612114
18.782,0.00013598925637897547,0.00010345922387848071,0.7733085829383097
18.792,0.00013942936955304045,0.00010345922387846412,0.8013275278527059
18.802,0.00014278709114764305,0.00010345922387844776,0.8287602567136836
18.812,0.00014605873998538066,0.00010345922387843164,0.8555803504405936
18.822,0.00014923962541261185,0.00010345922387841574,0.88175480587641
18.832,0.00015232396672388635,0.00010345922387840006,0.9072434550835433
18.842,0.00015530483533663948,0.0001034592238783846,0.9319985364493335
18.852,0.00015817411857979656,0.00010345922387836936,0.9559644111912957
18.862,0.0001609225163605444,0.00010345922387835433,0.9790775014700602
18.872,0.00016353956906323868,0.00010345922387833952,1.0012664403901386
18.882,0.00016601373056817481,0.00010345922387832491,1.0224525276293202
18.892,0.00016833248415086343,0.0001034592238783105,1.0425504769286338
18.902,0.00017048247197815582,0.00010345922387829629,1.0614692609307612
18.912,0.00017244966173211095,0.00010345922387828229,1.079113210927455
18.922,0.0001742195520951082,0.00010345922387826848,1.0953833839500182
18.932,0.00017577739502005059,0.00010345922387825486,1.1101790502532853
18.942,0.000177108433136971,0.00010345922387824144,1.1233992902549252
18.952,0.00017819814173325492,0.0001034592238782282,1.1349446304397968
18.962,0.00017903247829152865,0.00010345922387821515,1.144718737417405
18.972,0.00017959813689565431,0.00010345922387820229,1.1526301513625363
18.982,0.00017988277031335946,0.00010345922387818959,1.1585938099234043
18.992,0.0001798751798907649,0.00010345922387817708,1.162532362293283
19.002,0.00017956549837805602,0.00010345922387816475,1.164377439540139
19.012,0.00017894534288576868,0.00010345922387815258,1.1640707272663857
19.022,0.00017800792295805934,0.00010345922387814058,1.161564738581906
19.032,0.00017674812112850643,0.00010345922387812876,1.1568234015873895
19.042,0.0001751625414254688,0.0001034592238781171,1.1498224295757626
19.052,0.00017324951127025264,0.0001034592238781056,1.1405493752062499
19.062,0.00017100905955215516,0.00010345922387809427,1.1290035188663947
19.072,0.0001684428932032533,0.00010345922387808309,1.1151957387588665
19.082,0.00016555434126681585,0.00010345922387807207,1.0991481549994564
19.092,0.00016234828247340983,0.0001034592238780612,1.0808936537672114
19.102,0.00015883107274294406,0.0001034592238780505,1.0604754008081012
19.112,0.00015501047004952035,0.00010345922387803993,1.0379463270324387
19.122,0.00015089557642176027,0.00010345922387802952,1.0133687179919995
19.132,0.00014649677600342298,0.00010345922387801925,0.9868137674262162
19.142,0.0001418256733392414,0.00010345922387800912,0.9583611238507875
19.152,0.00013689505780879253,0.00010345922387799913,0.928098604170856
19.162,0.0001317188807761932,0.00010345922387798928,0.8961219859919148
19.172,0.00012631221756728987,0.00010345922387797958,0.8625346943385221
19.182,0.00012069122361206032,0.00010345922387797001,0.8274474467073618
19.192,0.00011487310516688403,0.00010345922387796058,0.7909779943846491
19.202,0.00010887608249387468,0.00010345922387795127,0.7532508143858299
19.212,0.00010271932673388707,0.00010345922387794209,0.7143966284358925
19.222,9.642287890536866e-05,0.00010345922387793305,0.6745518068097494
19.232,9.000754944226314e-05,0.00010345922387792412,0.6338576480299012
19.242,8.349479835729611e-05,0.00010345922387791532,0.5924595361066549
19.252,7.690658753321762e-05,0.00010345922387790666,0.550505919692034
19.262,7.026521234614768e-05,0.00010345922387789811,0.508147162057261
19.272,6.359311941108947e-05,0.00010345922387788968,0.4655343076540651
19.282,5.6912705799301734e-05,0.00010345922387788136,0.42281773455581073
19.292,5.024610806666046e-05,0.00010345922387787318,0.3801457481196505
19.302,4.36149893778452e-05,0.00010345922387786509,0.3376631708517532
19.312,3.704034305925769e-05,0.00010345922387785712,0.29551005081397774
19.322,3.0542308209061944e-05,0.00010345922387784927,0.25382045872910497
19.332,2.4140009754180966e-05,0.00010345922387784152,0.21272145521101435
19.342,1.785143419600306e-05,0.00010345922387783387,0.17233230231981114
19.352,1.169331187279366e-05,0.00010345922387782635,0.1327637241528221
19.362,5.681035695026093e-06,0.00010345922387781893,0.09411741498539553
19.372,-1.7135495428336855e-07,0.00010345922387781161,0.056485985155942414
19.382,-5.851162308898982e-06,0.00010345922387780438,0.019953095823185718
19.392,-1.1347001518716371e-05,0.00010345922387779727,-0.015406293293178754
19.402,-1.6648744174202913e-05,0.00010345922387779025,-0.04952549085538867
19.412,-2.174744170277648e-05,0.00010345922387778332,-0.08234550781572234
19.422,-2.6635234499038085e-05,0.0001034592238777765,-0.11381439858472285
19.432,-3.130525073697559e-05,0.00010345922387776977,-0.143886536460054
19.442,-3.575150855161281e-05,0.00010345922387776314,-0.17252191542284437
19.452,-3.996884377388866e-05,0.0001034592238777566,-0.19968562723143504
19.462,-4.4043230795244175e-05,0.00010345922387775015,-0.22594965718950596
19.472,-4.803119698576567e-05,0.00010345922387774379,-0.25168936082251614
19.482,-5.192963630995496e-05,0.00010345922387773752,-0.276882300988859
19.492,-5.5736095226964683e-05,0.00010345922387773134,-0.301509932926681
19.502,-5.944882677192572e-05,0.00010345922387772524,-0.32555795621190614
19.512,-6.306685083161639e-05,0.00010345922387771923,-0.34901671533336487
19.522,-6.659005403271144e-05,0.00010345922387771331,-0.37188187170684167
19.532,-7.001929953935154e-05,0.00010345922387770746,-0.3941551491455706
19.542,-7.335653061139248e-05,0.0001034592238777017,-0.41584504487687657
19.552,-7.660486448201576e-05,0.00010345922387769602,-0.4369674827051617
19.562,-7.976866650091332e-05,0.00010345922387769042,-0.45754634088342544
19.572,-8.285360193951933e-05,0.00010345922387768489,-0.4776138368588125
19.582,-8.586664126378465e-05,0.00010345922387767946,-0.49721060700607916
19.592,-8.88160226754048e-05,0.00010345922387767408,-0.5163855057726636
19.602,-9.171116489479564e-05,0.00010345922387766879,-0.5351950765096049
19.612,-9.456251660584914e-05,0.00010345922387766357,-0.5537026028289328
19.622,-9.7381352858553e-05,0.00010345922387765842,-0.57197680863574
19.632,-0.00010017951956065394,0.00010345922387765334,-0.5900902133342494
19.642,-0.0001029691327188232,0.00010345922387764834,-0.608117185382064
19.652,-0.00010576224725674657,0.0001034592238776434,-0.6261317926670715
19.662,-0.00010857048672312478,0.00010345922387763854,-0.6442053914661454
19.672,-0.00011140466069283657,0.00010345922387763374,-0.6624041316113716
19.682,-0.00011427440011525436,0.00010345922387762901,-0.6807865791349883
19.692,-0.00011718780411371785,0.00010345922387762435,-0.6994014129766023
19.702,-0.00012015111324665208,0.00010345922387761976,-0.7182852951451123
19.712,-0.00012316842311520205,0.00010345922387761522,-0.7374610068609582
19.722,-0.000126241475802682,0.00010345922387761076,-0.7569361004565948
19.732,-0.00012936953899237954,0.00010345922387760634,-0.7767021324209027
19.742,-0.00013254933271795245,0.000103459223877602,-0.7967342108491178
19.752,-0.00013577504865739423,0.00010345922387759772,-0.8169911568188137
19.762,-0.0001390384737231965,0.00010345922387759349,-0.8374163580035925
19.772,-0.00014232917644089286,0.00010345922387758933,-0.8579390377099065
19.782,-0.0001456347786558583,0.00010345922387758521,-0.8784760896463498
19.792,-0.00014894129308505905,0.00010345922387758117,-0.8989343488122348
19.802,-0.00015223351875826236,0.00010345922387757718,-0.9192132454204684
19.812,-0.00015549548293758645,0.00010345922387757323,-0.939207765635005
19.822,-0.0001587108952330345,0.00010345922387756936,-0.9588114903229323
19.832,-0.00016186361329287926,0.00010345922387756553,-0.9779197074333491
19.842,-0.00016493809866136881,0.00010345922387756175,-0.9964324551520098
19.852,-0.0001679198389969088,0.00010345922387755803,-1.014257336593015
19.862,-0.00017079571804298993,0.00010345922387755437,-1.0313119814070733
19.872,-0.0001735543339336967,0.00010345922387755075,-1.0475261577778014
19.882,-0.0001761862452540061,0.00010345922387754718,-1.0628433970429787
19.892,-0.00017868411568822956,0.00010345922387754366,-1.0772219361960045
19.902,-0.00018104278540933725,0.00010345922387754019,-1.0906351653736168
19.912,-0.00018325923941994902,0.00010345922387753678,-1.1030713808277681
19.922,-0.0001853324654209753,0.0001034592238775334,-1.1145327936362572
19.932,-0.00018726324954080714,0.00010345922387753008,-1.1250341163278947
19.942,-0.00018905388528430271,0.0001034592238775268,-1.1346005628931177
19.952,-0.00019070778738766337,0.00010345922387752356,-1.143265206723659
19.962,-0.00019222906643693132,0.00010345922387752038,-1.1510660691243844
19.972,-0.00019362206109711165,0.00010345922387751723,-1.1580429175945794
19.982,-0.00019489082171666249,0.00010345922387751414,-1.1642337327672903
19.992,-0.00019603859697550806,0.00010345922387751108,-1.1696711894283165
20.002,-0.00019706735614114898,0.00010345922387750807,-1.1743793696433766
20.012,-0.00019797734911478467,0.0001034592238775051,-1.1783707236029992
20.022,-0.0001987666897291009,0.00010345922387750218,-1.1816431828445895
20.032,-0.00019943100451468802,0.00010345922387749929,-1.1841777086568435
20.042,-0.00019996318147539132,0.00010345922387749644,-1.1859365074650414
20.052,-0.00020035322508404614,0.00010345922387749364,-1.1868619564689116
20.062,-0.0002005882186631624,0.00010345922387749086,-1.1868762490855729
20.072,-0.0002006523870954293,0.00010345922387748814,-1.1858817150699332
20.082,-0.00020052728308345198,0.00010345922387748545,-1.1837619718893926
20.092,-0.00020019208425160157,0.0001034592238774828,-1.1803838243421207
20.102,-0.00019962397582533025,0.00010345922387748018,-1.1755997458735927
20.112,-0.00019879864338232312,0.00010345922387747759,-1.1692511063021453
20.122,-0.00019769086990428802,0.00010345922387747506,-1.1611721084603612
20.132,-0.0001962751801408111,0.00010345922387747255,-1.1511940552275652
20.142,-0.0001945265089974906,0.00010345922387747007,-1.1391497927232719
20.152,-0.00019242091293639687,0.00010345922387746763,-1.1248784564627508
20.162,-0.00018993628902001954,0.00010345922387746523,-1.1082302850478318
20.172,-0.00018705306330003596,0.00010345922387746286,-1.089071246066324
20.182,-0.0001837548514193283,0.00010345922387746053,-1.0672874926480445
20.192,-0.0001800290532392003,0.00010345922387745823,-1.0427893956016105
20.202,-0.00017586735590887468,0.00010345922387745595,-1.015514979416477
20.212,-0.00017126615186192367,0.00010345922387745371,-0.9854328037018969
20.222,-0.00016622684955937804,0.0001034592238774515,-0.9525441408342405
20.232,-0.00016075606868266033,0.00010345922387744932,-0.9168843926192314
20.242,-0.0001548657202530568,0.00010345922387744718,-0.8785237469794532
20.252,-0.00014857295147829798,0.00010345922387744507,-0.8375669377684978
20.262,-0.00014189997638824263,0.00010345922387744296,-0.7941522456057212
20.272,-0.00013487380207954355,0.00010345922387744092,-0.7484498029313627
20.282,-0.00012752583852877834,0.00010345922387743889,-0.7006591209167956
20.292,-0.00011989141290169976,0.00010345922387743688,-0.6510059752515622
20.302,-0.00011200922322643874,0.00010345922387743491,-0.5997388810105585
20.312,-0.00010392072422422894,0.00010345922387743296,-0.54712510684754
20.322,-9.566947346193054e-05,0.00010345922387743104,-0.49344641432802916
20.332,-8.730046876943929e-05,0.00010345922387742915,-0.4389947272167942
20.342,-7.885946365583324e-05,0.00010345922387742728,-0.38406764140764765
20.352,-7.039230620803794e-05,0.00010345922387742545,-0.32896407761954316
20.362,-6.194432267887229e-05,0.00010345922387742364,-0.2739802177277135
20.372,-5.355975798972373e-05,0.00010345922387742185,-0.2194058062014973
20.382,-4.52812805280771e-05,0.00010345922387742009,-0.16552086594059806
20.392,-3.714955462589189e-05,0.00010345922387741835,-0.11259285154526968
20.402,-2.9202900663851208e-05,0.00010345922387741663,-0.06087437375496349
20.412,-2.1477060329824115e-05,0.00010345922387741495,-0.010601613109593483
20.422,-1.400505694495457e-05,0.00010345922387741328,0.03800664322828888
20.432,-6.817119822269537e-06,0.00010345922387741163,0.08474954707601387
20.442,5.929200106740318e-08,0.00010345922387741002,0.12944408004326854
20.452,6.599365303792623e-06,0.00010345922387740842,0.17192427879893876
20.462,1.2780759441708084e-05,0.00010345922387740685,0.21204013937122895
20.472,1.8583395313743865e-05,0.00010345922387740529,0.2496562720302386
20.482,2.3989205037013006e-05,0.00010345922387740376,0.2846502953170639
20.492,2.8981851349412977e-05,0.00010345922387740225,0.3169110278468976
20.502,3.3546439090623094e-05,0.00010345922387740076,0.34633662541320903
20.512,3.766925138119537e-05,0.0001034592238773993,0.3728328798056708
20.522,4.13375271593209e-05,0.00010345922387739785,0.3963117895339453
20.532,4.453927028725944e-05,0.00010345922387739643,0.4166903365072438
20.542,4.726310923166627e-05,0.00010345922387739502,0.43388959481379474
20.552,4.9498249955712005e-05,0.00010345922387739363,0.44783445537983424
20.562,5.12345037823432e-05,0.00010345922387739226,0.45845384520399185
20.572,5.2462360778071155e-05,0.00010345922387739091,0.4656812452672595
20.582,5.3173138302446644e-05,0.00010345922387738958,0.4694557048472558
20.592,5.335923698211701e-05,0.00010345922387738827,0.46972356803996357
20.602,5.301445145440922e-05,0.00010345922387738698,0.4664405624026133
20.612,5.213430474921947e-05,0.0001034592238773857,0.45957404272152996
20.622,5.071643048386261e-05,0.00010345922387738445,0.44910555205458436
20.632,4.876098349522516e-05,0.00010345922387738321,0.43503357192213077
20.642,4.627105300440942e-05,0.00010345922387738199,0.4173762897485543
20.652,4.3253056845858466e-05,0.00010345922387738079,0.3961742414737389
20.662,3.971709478525735e-05,0.0001034592238773796,0.37149268340466324
20.672,3.5677252098054635e-05,0.00010345922387737843,0.3434236345709383
20.682,3.1151841570551785e-05,0.00010345922387737728,0.31208751121643546
20.692,2.6163563957133055e-05,0.00010345922387737614,0.2776342206994839
20.702,2.0739581355292498e-05,0.00010345922387737501,0.24024367748890343
20.712,1.4911487867706784e-05,0.0001034592238773739,0.2001256367752433
20.722,8.715167372777571e-06,0.00010345922387737282,0.15751877746682372
20.732,2.190564652335662e-06,0.00010345922387737173,0.11268920855638341
20.742,-4.618639675495125e-06,0.00010345922387737068,0.0659283342510916
20.752,-1.1665457793859005e-05,0.00010345922387736963,0.017550027765517756
20.762,-1.8900111651896413e-05,0.0001034592238773686,-0.03211278571724163
20.772,-2.6270613293860254e-05,0.00010345922387736757,-0.08271197176026249
20.782,-3.37233855601817e-05,0.00010345922387736657,-0.1338883030071507
20.792,-4.1203944495379224e-05,0.0001034592238773656,-0.18527599231974984
20.802,-4.865762231878021e-05,0.00010345922387736462,-0.236507502819369
20.812,-5.603027228136631e-05,0.00010345922387736366,-0.28721824475164814
20.822,-6.326895697274603e-05,0.00010345922387736271,-0.3370511701426615
20.832,-7.032264921416921e-05,0.00010345922387736177,-0.38566145975411004
20.842,-7.714289285414358e-05,0.00010345922387736085,-0.4327209515513664
20.852,-8.368438455937921e-05,0.00010345922387735994,-0.4779220515894014
20.862,-8.990549826954952e-05,0.00010345922387735905,-0.5209812712638007
20.872,-9.57687566235522e-05,0.00010345922387735815,-0.5616424187774636
20.882,-0.00010124123163939908,0.00010345922387735729,-0.5996793264379806
20.892,-0.00010629485081307803,0.00010345922387735643,-0.634897954130766
20.902,-0.00011090659636591406,0.00010345922387735558,-0.6671377856958003
20.912,-0.0001150586241151684,0.00010345922387735475,-0.6962726935712461
20.922,-0.00011873830024256672,0.00010345922387735392,-0.722211258917355
20.932,-0.00012193814093935387,0.00010345922387735311,-0.744896445606719
20.942,-0.0001246556821701545,0.00010345922387735231,-0.7643048083778395
20.952,-0.00012689327071041702,0.00010345922387735153,-0.7804451748397001
20.962,-0.00012865776599009512,0.00010345922387735074,-0.79335672995118
20.972,-0.0001299601783856708,0.00010345922387734998,-0.8031066724894553
20.982,-0.00013081526283326638,0.00010345922387734922,-0.8097875684293439
20.992,-0.00013124106574400067,0.00010345922387734848,-0.8135143866438289
21.002,-0.00013125843891756905,0.00010345922387734774,-0.8144213069842694
21.012,-0.0001308905353213975,0.00010345922387734701,-0.8126583993153166
21.022,-0.00013016229035274545,0.0001034592238773463,-0.8083881971300715
21.032,-0.00012909989979860336,0.00010345922387734559,-0.8017822397526069
21.042,-0.00012773031578317906,0.0001034592238773449,-0.7930177246987679
21.052,-0.00012608078604393124,0.00010345922387734422,-0.7822744392210167
21.062,-0.0001241784279974435,0.00010345922387734354,-0.7697319145025284
21.072,-0.0001220498314386556,0.00010345922387734287,-0.7555667614512499
21.082,-0.00011972071747976397,0.00010345922387734222,-0.7399503723649091
21.092,-0.0001172156795315436,0.00010345922387734156,-0.7230471616054349
21.102,-0.00011455799685217334,0.00010345922387734093,-0.7050132830009075
21.112,-0.00011176949341247374,0.0001034592238773403,-0.6859956428719388
21.122,-0.00010887045821955273,0.00010345922387733968,-0.6661313174586604
21.132,-0.00010587965328635013,0.00010345922387733907,-0.6455475509051939
21.142,-0.00010281438268147502,0.00010345922387733846,-0.6243621579117872
21.152,-9.969060881262307e-05,0.00010345922387733787,-0.6026842400582131
21.162,-9.652312171037994e-05,0.00010345922387733728,-0.5806152558597968
21.172,-9.332573011255649e-05,0.0001034592238773367,-0.5582502379403358
21.182,-9.011148135745271e-05,0.00010345922387733613,-0.5356792052742705
21.192,-8.689290457656075e-05,0.00010345922387733557,-0.5129887353750122
21.202,-8.368223827119736e-05,0.00010345922387733502,-0.4902634383574286
21.212,-8.049164916815516e-05,0.00010345922387733446,-0.46758737958221375
21.222,-7.733343068009796e-05,0.00010345922387733392,-0.4450453741411244
21.232,-7.422016787020762e-05,0.00010345922387733339,-0.4227240667880169
21.242,-7.116486554800989e-05,0.00010345922387733288,-0.4007127751519996
21.252,-6.818100560411171e-05,0.00010345922387733235,-0.3791038703721209
21.262,-6.528254896759648e-05,0.00010345922387733185,-0.35799279779252263
21.272,-6.248391086118146e-05,0.00010345922387733135,-0.33747792886093786
21.282,-5.9799880172536554e-05,0.00010345922387733084,-0.31766004897449507
21.292,-5.724546713985074e-05,0.00010345922387733036,-0.29864137482550535
21.302,-5.4835698021895614e-05,0.00010345922387732988,-0.28052422491100315
21.312,-5.2585399418733045e-05,0.0001034592238773294,-0.2634096265246875
21.322,-5.0508962098844655e-05,0.00010345922387732893,-0.2473957901276328
21.332,-4.8620061141730546e-05,0.00010345922387732847,-0.23257629484448
21.342,-4.693137880744548e-05,0.00010345922387732801,-0.21903829269334807
21.352,-4.5454341867132505e-05,0.00010345922387732757,-0.2068608083881518
21.362,-4.4198867480197334e-05,0.00010345922387732712,-0.1961130937391859
21.372,-4.317314242639013e-05,0.00010345922387732668,-0.18685320015058005
21.382,-4.238345160111306e-05,0.00010345922387732625,-0.179126873946248
21.392,-4.183405078672658e-05,0.00010345922387732583,-0.17296673998526352
21.402,-4.152707282538171e-05,0.00010345922387732541,-0.16839169995211342
21.412,-4.1462495897801776e-05,0.000103459223877325,-0.1654067358496615
21.422,-4.1638174656443507e-05,0.0001034592238773246,-0.1640031230409513
21.432,-4.2049921451161524e-05,0.00010345922387732419,-0.16415896764724774
21.442,-4.269165282632856e-05,0.0001034592238773238,-0.1658401693496079
21.452,-4.355557581355794e-05,0.0001034592238773234,-0.16900163991854655
21.462,-4.4632395885774455e-05,0.00010345922387732302,-0.1735886573257541
21.472,-4.591156208189358e-05,0.00010345922387732265,-0.1795384593815072
21.482,-4.738153982929017e-05,0.00010345922387732227,-0.18678201459663374
21.492,-4.903008666246392e-05,0.0001034592238773219,-0.1952458064187838
21.502,-5.0844526203502486e-05,0.00010345922387732153,-0.20485360105892167
21.512,-5.281200306255288e-05,0.00010345922387732118,-0.21552808438043064
21.522,-5.491970699079163e-05,0.00010345922387732083,-0.22719229169780422
21.532,-5.7155066540893324e-05,0.00010345922387732048,-0.23977083346044478
21.542,-5.950590761648572e-05,0.00010345922387732014,-0.25319088691575703
21.552,-6.19605682123734e-05,0.0001034592238773198,-0.26738289708720697
21.562,-6.450795360442632e-05,0.00010345922387731946,-0.28228088350439984
21.572,-6.71375347390872e-05,0.00010345922387731914,-0.29782237147381674
21.582,-6.983929786982321e-05,0.00010345922387731881,-0.31394800194851163
21.592,-7.260364737810208e-05,0.00010345922387731848,-0.33060083372319365
21.602,-7.542126597145953e-05,0.00010345922387731817,-0.3477253662087617
21.612,-7.82829344579222e-05,0.00010345922387731786,-0.3652662974249589
21.622,-8.117931485815874e-05,0.00010345922387731755,-0.38316704217466885
21.632,-8.410071130902867e-05,0.00010345922387731725,-0.4013681067699231
21.642,-8.703682137431745e-05,0.00010345922387731695,-0.4198054042696113
21.652,-8.997648283375233e-05,0.00010345922387731666,-0.43840854355848324
21.662,-9.290742736671774e-05,0.00010345922387731637,-0.4570991680379614
21.672,-9.581605234627413e-05,0.00010345922387731609,-0.4757894185900344
21.682,-9.868722271639344e-05,0.0001034592238773158,-0.49438060054365035
21.692,-0.00010150411310702428,0.00010345922387731553,-0.5127621217777905
21.702,-0.00010424809064238822,0.00010345922387731525,-0.5308107047740394
21.712,-0.0001068986330760221,0.00010345922387731497,-0.5483898372694863
21.722,-0.00010943331325380581,0.00010345922387731472,-0.5653496680969277
21.732,-0.00011182785286199865,0.00010345922387731445,-0.5815273677544862
21.742,-0.00011405622518624036,0.00010345922387731419,-0.5967478186962148
21.752,-0.00011609082310146665,0.00010345922387731393,-0.6108247438955161
21.762,-0.00011790268880300465,0.00010345922387731369,-0.6235622506999129
21.772,-0.00011946179865403261,0.00010345922387731344,-0.6347567457549198
21.782,-0.00012073739902412344,0.00010345922387731319,-0.6441991938085917
21.792,-0.00012169837768201572,0.00010345922387731296,-0.651677617721653
21.802,-0.00012231368855293513,0.00010345922387731271,-0.65697995847465
21.812,-0.00012255282612426795,0.00010345922387731248,-0.6598972704989026
21.822,-0.00012238631221110695,0.00010345922387731225,-0.6602270035326061
21.832,-0.0001217861876750144,0.00010345922387731202,-0.6577763213512864
21.842,-0.00012072651039994114,0.00010345922387731179,-0.6523654658648834
21.852,-0.00011918385876527416,0.00010345922387731157,-0.6438311613782896
21.862,-0.00011713782600200617,0.00010345922387731136,-0.632029961185993
21.872,-0.00011457148232480008,0.00010345922387731114,-0.6168413816878889
21.882,-0.00011147179320343317,0.00010345922387731092,-0.598170745921291
21.892,-0.00010783000870723884,0.00010345922387731072,-0.5759518355382114
21.902,-0.00010364200989938935,0.0001034592238773105,-0.5501492571318146
21.912,-9.890856765746212e-05,0.0001034592238773103,-0.5207602249761544
21.922,-9.363553428499928e-05,0.00010345922387731011,-0.48781589531954495
21.932,-8.783398821336648e-05,0.0001034592238773099,-0.45138238689051874
21.942,-8.152028423060276e-05,0.0001034592238773097,-0.41156117010300347
21.952,-7.47160019337817e-05,0.00010345922387730951,-0.3684887757583315
21.962,-6.744783235930756e-05,0.00010345922387730932,-0.3223366512627168
21.972,-5.974738806420856e-05,0.00010345922387730913,-0.27331066411665056
21.982,-5.165091373139497e-05,0.00010345922387730896,-0.22164809177200542
21.992,-4.31989153441385e-05,0.00010345922387730877,-0.16761502859176175
22.002,-3.443572286607137e-05,0.00010345922387730859,-0.11150350668613498
22.012,-2.5408991653304622e-05,0.00010345922387730842,-0.05362820423506898
22.022,-1.6169148006727222e-05,0.00010345922387730824,0.005677222870373214
22.032,-6.7687824910211026e-06,0.00010345922387730806,0.06606416196868159
22.042,2.7379856925347802e-06,0.0001034592238773079,0.12717326240174628
22.052,1.2296170608210548e-05,0.00010345922387730774,0.188638834787212
22.062,2.1850599635518745e-05,0.00010345922387730756,0.2500933770113936
22.072,3.13465854690771e-05,0.0001034592238773074,0.3111720527802789
22.082,4.073057701123976e-05,0.00010345922387730725,0.37151703631064537
22.092,4.995076617819125e-05,0.00010345922387730709,0.4307815704580902
22.102,5.8957663976114783e-05,0.00010345922387730692,0.48863382752913476
22.112,6.770464969567538e-05,0.00010345922387730678,0.5447605989295556
22.122,7.614845624016986e-05,0.00010345922387730663,0.5988705676040218
22.132,8.424956884587925e-05,0.00010345922387730648,0.6506970118948778
22.142,9.197254346499106e-05,0.00010345922387730633,0.69999998250507
22.152,9.928627968471123e-05,0.00010345922387730618,0.7465681844869034
22.162,0.00010616421874466275,0.00010345922387730604,0.7902203678453424
22.172,0.00011258443872027093,0.0001034592238773059,0.8308060401319112
22.182,0.00011852970428624982,0.00010345922387730576,0.868205882309981
22.192,0.00012398744864747455,0.00010345922387730562,0.9023317173367279
22.202,0.00012894967107509537,0.00010345922387730549,0.9331259198103282
22.212,0.00013341278933935553,0.00010345922387730535,0.96056052677221
22.222,0.00013737744672784308,0.00010345922387730522,0.9846360455836406
22.232,0.00014084827762984734,0.0001034592238773051,1.0053799831551735
22.242,0.00014383364130354716,0.00010345922387730496,1.0228451587057035
22.252,0.00014634532977639769,0.00010345922387730484,1.0371078377440526
22.262,0.00014839825123738533,0.00010345922387730472,1.0482656939630863
22.272,0.00015001009918322685,0.0001034592238773046,1.0564356655668372
22.282,0.00015120102893471,0.00010345922387730447,1.0617518483881787
22.292,0.00015199333127248894,0.00010345922387730435,1.0643633560019483
22.302,0.00015241110872470353,0.00010345922387730423,1.064432182652644
22.312,0.00015247997052732722,0.00010345922387730412,1.0621311748333746
22.322,0.0001522267353897533,0.000103459223877304,1.0576420387857466
22.332,0.000151679154223053,0.00010345922387730389,1.0511534650045178
22.342,0.00015086564692396522,0.00010345922387730378,1.0428593309415553
22.352,0.00014981504700496223,0.00010345922387730367,1.0329569415568325
22.362,0.00014855636730900615,0.00010345922387730356,1.021645397334329
22.372,0.00014711859195706535,0.00010345922387730346,1.009124125703178
22.382,0.0001455304768269251,0.00010345922387730335,0.9955914596576616
22.392,0.00014382036078380915,0.00010345922387730324,0.9812432809419291
22.402,0.0001420159845644765,0.00010345922387730314,0.9662717097321954
22.412,0.00014014429282383585,0.00010345922387730304,0.9508636799506585
22.422,0.00013823124791921136,0.00010345922387730294,0.9351995934591668
22.432,0.00013630165872051658,0.00010345922387730285,0.9194520775426663
22.442,0.00013437898640177154,0.00010345922387730275,0.9037845942890124
22.452,0.0001324851393366614,0.00010345922387730266,0.8883499849986362
22.462,0.00013064026508421885,0.00010345922387730256,0.873289004882793
22.472,0.00012886252124641781,0.00010345922387730247,0.8587287281685702
22.482,0.00012716783428099858,0.00010345922387730237,0.8447808856121765
22.492,0.00012556965830241054,0.00010345922387730229,0.831540215510152
22.502,0.00012407873245629135,0.0001034592238773022,0.8190828188511633
22.512,0.00012270284254420832,0.00010345922387730211,0.8074645515740567
22.522,0.00012144658993826175,0.00010345922387730202,0.7967194823300932
22.532,0.00012031117166100887,0.00010345922387730194,0.7868584454270726
22.542,0.00011929419347081954,0.00010345922387730186,0.7778678197162571
22.552,0.00011838953425101584,0.00010345922387730177,0.769708659267245
22.562,0.00011758725526049053,0.0001034592238773017,0.7623161313566913
22.572,0.0001168735707726196,0.00010345922387730161,0.7555993700621745
22.582,0.00011623089565685141,0.00010345922387730153,0.7494418474657893
22.592,0.00011563797675678703,0.00010345922387730145,0.743702306116334
22.602,0.00011507012498531972,0.00010345922387730137,0.7382163635080179
22.612,0.00011449951909840944,0.0001034592238773013,0.732798593084157
22.622,0.00011389558779198233,0.00010345922387730122,0.7272451241043066
22.632,0.00011322551306933734,0.00010345922387730115,0.7213370451037456
22.642,0.00011245482391452171,0.00010345922387730107,0.7148444035526554
22.652,0.00011154804494379342,0.000103459223877301,0.7075305650782892
22.662,0.0001104694072207627,0.00010345922387730093,0.6991569791434338
22.672,0.00010918360105737764,0.00010345922387730087,0.6894882164104509
22.682,0.0001076565571658665,0.0001034592238773008,0.6782971865823622
22.692,0.00010585624207803387,0.00010345922387730073,0.6653704430372682
22.702,0.00010375343201037614,0.00010345922387730066,0.6505133361547125
22.712,0.00010132243681007703,0.0001034592238773006,0.6335548265188604
22.722,9.85417697796614e-05,0.00010345922387730053,0.6143519308169466
22.732,9.539475060840042e-05,0.00010345922387730046,0.5927937165359438
22.742,9.187000490140412e-05,0.0001034592238773004,0.5688046030569764
22.752,8.796183621304494e-05,0.00010345922387730034,0.54234680996629
22.762,8.36704828129527e-05,0.00010345922387730028,0.5134220353290804
22.772,7.900226035630951e-05,0.00010345922387730022,0.48207237273614073
22.782,7.3969565545864e-05,0.00010345922387730016,0.4483803025710628
22.792,6.85907433213069e-05,0.0001034592238773001,0.4124677756925341
22.802,6.288982861774912e-05,0.00010345922387730004,0.37449446400234915
22.812,5.689617334678004e-05,0.00010345922387729999,0.3346552498564983
22.822,5.0643967586778233e-05,0.00010345922387729993,0.29317701513942135
22.832,4.4171669308732834e-05,0.00010345922387729988,0.25031482580468645
22.842,3.752136866431161e-05,0.00010345922387729981,0.20634768580284207
22.852,3.073809169680048e-05,0.00010345922387729976,0.16157389338296096
22.862,2.3869070221671507e-05,0.00010345922387729971,0.11630617792661178
22.872,1.696299275602038e-05,0.00010345922387729966,0.07086671595407332
22.882,1.0069253973849087e-05,0.0001034592238772996,0.025582142355636793
22.892,3.237229943838394e-06,0.00010345922387729955,-0.019221261832255403
22.902,-3.4844137301178965e-06,0.0001034592238772995,-0.06322215841238715
22.912,-1.0048358387564006e-05,0.00010345922387729946,-0.10610836886468325
22.922,-1.6409214942201893e-05,0.0001034592238772994,-0.14758073022541818
22.932,-2.252404373118152e-05,0.00010345922387729935,-0.1873565313924587
22.942,-2.835278441451879e-05,0.00010345922387729931,-0.22517234985922624
22.952,-3.3858604304784896e-05,0.00010345922387729925,-0.26078634602879575
22.962,-3.900816343477913e-05,0.00010345922387729921,-0.29398000466161306
22.972,-4.377179487623131e-05,0.00010345922387729917,-0.3245593141655954
22.982,-4.8123617578048556e-05,0.00010345922387729912,-0.3523554995184035
22.992,-5.2041573551865194e-05,0.00010345922387729908,-0.3772252550411931
23.002,-5.550738042518069e-05,0.00010345922387729904,-0.3990504176974037
23.012,-5.8506434710122444e-05,0.000103459223877299,-0.4177373164379337
23.022,-6.1027680674291464e-05,0.00010345922387729894,-0.433215896332643
23.032,-6.306342659451593e-05,0.0001034592238772989,-0.4454384958880069
23.042,-6.460912550285488e-05,0.00010345922387729886,-0.45437839141239755
23.052,-6.566315255153465e-05,0.00010345922387729882,-0.46002832145966177
23.062,-6.62265812583779e-05,0.00010345922387729878,-0.46239900516026217
23.072,-6.630295252944629e-05,0.00010345922387729874,-0.4615176131278116
23.082,-6.589807061939911e-05,0.00010345922387729871,-0.45742641762655434
23.092,-6.501983486478818e-05,0.00010345922387729867,-0.45018167937755815
23.102,-6.367807851637053e-05,0.00010345922387729863,-0.4398525787510685
23.112,-6.18844464184087e-05,0.00010345922387729859,-0.4265204021601616
23.122,-5.96523289040277e-05,0.00010345922387729855,-0.4102780986424247
23.132,-5.699682397932994e-05,0.00010345922387729852,-0.39123001986651956
23.142,-5.3934745466381254e-05,0.00010345922387729848,-0.3694919606891701
23.152,-5.048467383790076e-05,0.00010345922387729844,-0.34519147825713076
23.162,-4.66670061413795e-05,0.00010345922387729841,-0.3184681994183885
23.172,-4.2504030541490274e-05,0.00010345922387729837,-0.2894742869102959
23.182,-3.8020034974540454e-05,0.00010345922387729835,-0.2583751281333699
23.192,-3.324139995972535e-05,0.0001034592238772983,-0.2253499144658556
23.202,-2.8196675841974967e-05,0.00010345922387729828,-0.19059211387693747
23.212,-2.291664770829799e-05,0.00010345922387729824,-0.154309859655535
23.222,-1.7434357365944192e-05,0.00010345922387729821,-0.11672605277006189
23.232,-1.1785077762078647e-05,0.00010345922387729818,-0.07807814828849792
23.242,-6.006233499415871e-06,0.00010345922387729814,-0.03861758492864692
23.252,-1.3725799693017774e-07,0.00010345922387729812,0.001391203792797764
23.262,5.780607494219414e-06,0.00010345922387729809,0.04167216115930607
23.272,1.1704588744523316e-05,0.00010345922387729806,0.08193946514406515
23.282,1.759072389998382e-05,0.00010345922387729803,0.1218998490664084
23.292,2.339427188968629e-05,0.000103459223877298,0.16125533484405805
23.302,2.907019111473476e-05,0.00010345922387729797,0.1997064263365976
23.312,3.457365453739044e-05,0.00010345922387729794,0.23695553681186513
23.322,3.9860603383567924e-05,0.00010345922387729791,0.2727106654876515
23.332,4.488834190161621e-05,0.00010345922387729789,0.30668933924679853
23.342,4.9616135770530825e-05,0.00010345922387729786,0.3386225704598192
23.352,5.4005824350047244e-05,0.00010345922387729783,0.36825889964740416
23.362,5.8022410526732855e-05,0.0001034592238772978,0.3953682823029586
23.372,6.163459714916218e-05,0.00010345922387729778,0.41974561410356825
23.382,6.481529416799955e-05,0.00010345922387729775,0.44121405594859053
23.392,6.754206620006049e-05,0.00010345922387729772,0.45962795806589657
23.402,6.979750118243244e-05,0.00010345922387729771,0.4748752558417742
23.412,7.156950973866475e-05,0.00010345922387729768,0.4868794029242663
23.422,7.285151768692791e-05,0.00010345922387729765,0.49560059233327225
23.432,7.364255193547973e-05,0.00010345922387729763,0.501036268372577
23.442,7.394724967030986e-05,0.00010345922387729761,0.5032211297602911
23.452,7.377576600181405e-05,0.00010345922387729759,0.5022264597089703
23.462,7.314355895562128e-05,0.00010345922387729756,0.498158643647425
23.472,7.207108652308101e-05,0.00010345922387729753,0.49115710690576986
23.482,7.058342856022581e-05,0.00010345922387729752,0.481391758279877
23.492,6.870981283067321e-05,0.00010345922387729749,0.4690598023213507
23.502,6.648306721689318e-05,0.00010345922387729748,0.45438206765214806
23.512,6.393902569897764e-05,0.00010345922387729745,0.4375990354545389
23.522,6.111588034850773e-05,0.00010345922387729742,0.4189665167445408
23.532,5.805348693051947e-05,0.00010345922387729741,0.39875102904773724
23.542,5.479266281583096e-05,0.00010345922387729738,0.37722513005907027
23.552,5.1374487531406006e-05,0.00010345922387729737,0.3546627762832278
23.562,4.783960911625083e-05,0.00010345922387729734,0.3313347268486701
23.572,4.4227562524587575e-05,0.00010345922387729733,0.3075040335062778
23.582,4.0576136192896166e-05,0.00010345922387729732,0.28342185645219103
23.592,3.692081061942745e-05,0.00010345922387729729,0.2593237631960532
23.602,3.329424265340416e-05,0.00010345922387729728,0.23542633356151704
23.612,2.972582250045333e-05,0.00010345922387729725,0.21192424952374883
23.622,2.6241344367347906e-05,0.00010345922387729723,0.18898814121250945
23.632,2.286275904722572e-05,0.00010345922387729722,0.16676297632830878
23.642,1.9608013965565526e-05,0.0001034592238772972,0.14536702837565724
23.652,1.649101029800026e-05,0.00010345922387729718,0.12489161979337915
23.662,1.3521669542104547e-05,0.00010345922387729717,0.10540158799496141
23.672,1.070609870407096e-05,0.00010345922387729715,0.0869364014568719
23.682,8.04684254567209e-06,0.00010345922387729713,0.06951184862575421
23.692,5.543231898377262e-06,0.00010345922387729711,0.05312235920137892
23.702,3.1918089297103703e-06,0.0001034592238772971,0.03774383067548638
23.712,9.868064597056228e-07,0.00010345922387729709,0.023336808082095387
23.722,-1.0793063409323788e-06,0.00010345922387729707,0.009850099617334709
23.732,-3.015241011822842e-06,0.00010345922387729704,-0.0027753648782827475
23.742,-4.8303069707121885e-06,0.00010345922387729703,-0.014602680104915125
23.752,-6.533834984994016e-06,0.00010345922387729702,-0.025695156004108096
23.762,-8.134603756829932e-06,0.000103459223877297,-0.03611252992272103
23.772,-9.640299024498084e-06,0.00010345922387729699,-0.04590739467985924
23.782,-1.1057044831318344e-05,0.00010345922387729698,-0.05512210516660375
23.792,-1.2389006640294996e-05,0.00010345922387729696,-0.06378615952812096
23.802,-1.363806120661048e-05,0.00010345922387729695,-0.07191401947728977
23.812,-1.4803545848028046e-05,0.00010345922387729694,-0.07950345267959799
23.822,-1.5882114263957692e-05,0.00010345922387729692,-0.0865345772017463
23.832,-1.6867703724890887e-05,0.00010345922387729691,-0.09296963923752594
23.842,-1.77515940241361e-05,0.0001034592238772969,-0.09875339293901422
23.852,-1.8522542585946262e-05,0.00010345922387729688,-0.10381397853731793
23.862,-1.9167021169743423e-05,0.00010345922387729687,-0.10806446833791902
23.872,-1.9669544106285842e-05,0.00010345922387729686,-0.11140501388717622
23.882,-2.0013037450717264e-05,0.00010345922387729684,-0.11372525831559037
23.892,-2.0179270175080195e-05,0.00010345922387729683,-0.11490715615248004
23.902,-2.0149340173384808e-05,0.00010345922387729681,-0.11482815365256073
23.912,-1.9904177233838314e-05,0.0001034592238772968,-0.11336447895057337
23.922,-1.9425043620209086e-05,0.00010345922387729679,-0.11039441514026616
23.932,-1.8694018983947424e-05,0.00010345922387729677,-0.10580146990219377
23.942,-1.7694482044870014e-05,0.00010345922387729677,-0.09947752653113552
23.952,-1.64115611232545e-05,0.00010345922387729676,-0.09132579210860192
23.962,-1.4832519531811367e-05,0.00010345922387729675,-0.08126331810720315
23.972,-1.2947096776480462e-05,0.00010345922387729673,-0.06922323471072368
23.982,-1.0747797680102388e-05,0.00010345922387729672,-0.05515664757681586
23.992,-8.23010652545154e-06,0.0001034592238772967,-0.03903404526682199
24.002,-5.392641601300143e-06,0.0001034592238772967,-0.020846320534528017
24.012,-2.23724428521517e-06,0.00010345922387729669,-0.0006053668081758487
24.022,1.2310105446093774e-06,0.00010345922387729668,0.021655838441864153
24.032,5.003850643297669e-06,0.00010345922387729667,0.04588345015952901
24.042,9.069881509801383e-06,0.00010345922387729667,0.0720032222788386
24.052,1.3414726730540143e-05,0.00010345922387729665,0.09992140043722865
24.062,1.8021221833913715e-05,0.00010345922387729664,0.1295259645544395
24.072,2.286962275725477e-05,0.00010345922387729662,0.16068796406833338
24.082,2.7937834306059528e-05,0.00010345922387729662,0.19326298341691991
24.092,3.320167538022257e-05,0.00010345922387729661,0.22709285163347012
24.102,3.863515171607129e-05,0.0001034592238772966,0.2620074034728348
24.112,4.421072101223807e-05,0.0001034592238772966,0.2978261932086087
24.122,4.9899569518843683e-05,0.00010345922387729658,0.3343602901253804
24.132,5.5671893327516537e-05,0.00010345922387729657,0.3714141124501474
24.142,6.149715648289444e-05,0.00010345922387729657,0.4087871154590444
24.152,6.734434120522108e-05,0.00010345922387729656,0.44627543694820987
24.162,7.318219559130219e-05,0.00010345922387729654,0.4836735364922537
24.172,7.897946725645425e-05,0.00010345922387729654,0.5207757519717159
24.182,8.470511568588269e-05,0.00010345922387729653,0.5573777253310686
24.192,9.032849182397386e-05,0.00010345922387729653,0.5932776205898992
24.202,9.581952206770824e-05,0.00010345922387729652,0.6282773809846303
24.212,0.00010114889354300712,0.0001034592238772965,0.662184003581876
24.222,0.00010628820876380259,0.0001034592238772965,0.6948106174013458
24.232,0.00011121011367898781,0.00010345922387729649,0.7259773897628372
24.242,0.00011588842410892422,0.00010345922387729649,0.755512425467933
24.252,0.00012029826577132592,0.00010345922387729648,0.783252758117662
24.262,0.00012441619458716178,0.00010345922387729648,0.809045209497818
24.272,0.0001282203051662141,0.00010345922387729646,0.8327471675759506
24.282,0.00013169034905183752,0.00010345922387729645,0.8542274248380967
24.292,0.00013480784711403856,0.00010345922387729645,0.8733669710542488
24.302,0.0001375562149209549,0.00010345922387729643,0.8900598639227656
24.312,0.0001399208977996061,0.00010345922387729643,0.9042141538372169
24.322,0.0001418894876871987,0.00010345922387729642,0.9157526758230246
24.332,0.00014345184729096217,0.00010345922387729642,0.9246138777976716
24.342,0.00014460025691633935,0.00010345922387729641,0.9307527867357139
24.352,0.00014532955558800212,0.00010345922387729641,0.934141923217992
24.362,0.00014563726665243364,0.0001034592238772964,0.934772098987449
24.372,0.0001455237275702141,0.0001034592238772964,0.9326532292592841
24.382,0.00014499221515540747,0.0001034592238772964,0.9278151024095918
24.392,0.0001440490451929018,0.00010345922387729638,0.9203079676619548
24.402,0.00014270364972095737,0.00010345922387729638,0.9102029636341057
24.412,0.00014096863297185646,0.00010345922387729637,0.8975923964048588
24.422,0.00013885979824942578,0.00010345922387729637,0.8825898179321133
24.432,0.0001363961401969981,0.00010345922387729635,0.8653298692593225
24.442,0.00013359978943655633,0.00010345922387729635,0.8459678038708307
24.452,0.00013049589866208992,0.00010345922387729634,0.8246786213167113
24.462,0.00012711249238349243,0.00010345922387729634,0.8016559612687998
24.472,0.00012348027807725846,0.00010345922387729634,0.7771107450079087
24.482,0.00011963239430594114,0.00010345922387729633,0.7512694036328162
24.492,0.00011560410860088358,0.00010345922387729633,0.7243717804691706
24.502,0.00011143247331087054,0.00010345922387729631,0.6966687642692634
24.512,0.00010715593095519108,0.00010345922387729631,0.6684195981684637
24.522,0.0001028138803908412,0.00010345922387729631,0.639888940943388
24.532,9.844621721179204e-05,0.0001034592238772963,0.6113437710121621
24.542,9.409284313213723e-05,0.0001034592238772963,0.5830500985414708
24.552,8.979315311452319e-05,0.0001034592238772963,0.5552695441477314
24.562,8.558551568685935e-05,0.00010345922387729629,0.5282558872068025
24.572,8.150674049013708e-05,0.00010345922387729629,0.5022515435165333
24.582,7.759154656177464e-05,0.00010345922387729629,0.47748406114883596
24.592,7.387205399398867e-05,0.00010345922387729627,0.4541627838869609
24.602,7.037729964790154e-05,0.00010345922387729627,0.4324756852291818
24.612,6.713277499246944e-05,0.00010345922387729627,0.4125863588137537
24.622,6.415999670169963e-05,0.00010345922387729626,0.39463123451658955
24.632,6.147612157942608e-05,0.00010345922387729626,0.37871709489236266
24.642,5.909362737781127e-05,0.00010345922387729626,0.3649190334254935
24.652,5.702005862396841e-05,0.00010345922387729625,0.3532788471903701
24.662,5.5257824026512e-05,0.00010345922387729625,0.3438037728007
24.672,5.380407146188924e-05,0.00010345922387729625,0.3364657368424667
24.682,5.265064927659373e-05,0.00010345922387729623,0.33120117769328056
24.692,5.178413997126798e-05,0.00010345922387729623,0.32791134491116847
24.702,5.1185978980492e-05,0.00010345922387729623,0.3264631594910699
24.712,5.083267032852739e-05,0.00010345922387729622,0.3266907128365903
24.722,5.069608603677333e-05,0.00010345922387729622,0.3283973169493176
24.732,5.0743842530863204e-05,0.00010345922387729622,0.3313580605025581
24.742,5.093976069848281e-05,0.00010345922387729622,0.3353229150032508
24.752,5.124439909811888e-05,0.0001034592238772962,0.3400203215708111
24.762,5.1615653625689895e-05,0.0001034592238772962,0.3451612142799897
24.772,5.200941778842966e-05,0.0001034592238772962,0.3504434415825271
24.782,5.238028705111222e-05,0.0001034592238772962,0.3555564764454536
24.792,5.26822910393831e-05,0.00010345922387729619,0.3601863080218628
24.802,5.286964384029297e-05,0.00010345922387729619,0.3640204506981106
24.812,5.2897503099679204e-05,0.00010345922387729619,0.36675300953468387
24.822,5.272272373677681e-05,0.00010345922387729619,0.3680897083153284
24.832,5.230458489705519e-05,0.00010345922387729618,0.36775273860223545
24.842,5.1605466910134394e-05,0.00010345922387729618,0.3654852758739823
24.852,5.0591475682746885e-05,0.00010345922387729618,0.36105564592930717
24.862,4.9233000564008565e-05,0.00010345922387729618,0.35426104879911363
24.872,4.7505203814990994e-05,0.00010345922387729616,0.34493082839216394
24.882,4.538843191684744e-05,0.00010345922387729616,0.332929223052189
24.892,4.286851665344032e-05,0.00010345922387729616,0.3181573832206013
24.902,3.9936975407969854e-05,0.00010345922387729616,0.300554719066646
24.912,3.6591125217654756e-05,0.00010345922387729615,0.2800996744761986
24.922,3.2834090151703625e-05,0.00010345922387729615,0.2568097907809571
24.932,2.8674705225286578e-05,0.00010345922387729615,0.23074108157564577
24.942,2.4127343555141266e-05,0.00010345922387729615,0.20198689595640723
24.952,1.9211659662794837e-05,0.00010345922387729615,0.17067622201629756
24.962,1.3952240631143366e-05,0.00010345922387729614,0.1369713745990757
24.972,8.378189090758561e-06,0.00010345922387729614,0.1010652262954188
24.982,2.5226510171718936e-06,0.00010345922387729614,0.06317806758504951
24.992,-3.5777012951540522e-06,0.00010345922387729614,0.023554164563739034
25.002,-9.883183506795534e-06,0.00010345922387729614,-0.017541669550556943
25.012,-1.6351098418694235e-05,0.00010345922387729612,-0.05982407575187122
25.022,-2.2937382072553446e-05,0.00010345922387729612,-0.10299812974380634
25.032,-2.959698382418036e-05,0.00010345922387729612,-0.14676189232543124
25.042,-3.628424197719922e-05,0.00010345922387729612,-0.19080893618395
25.052,-4.2953461173202986e-05,0.00010345922387729612,-0.2348322226986128
25.062,-4.955944292585267e-05,0.00010345922387729611,-0.2785276718486697
25.072,-5.605799418933045e-05,0.00010345922387729611,-0.3215975910641405
25.082,-6.240642575887186e-05,0.00010345922387729611,-0.36375404098003417
25.092,-6.856400511346186e-05,0.00010345922387729611,-0.4047219012365013
25.102,-7.449234930125367e-05,0.00010345922387729611,-0.44424153923715665
25.112,-8.015577431867078e-05,0.00010345922387729611,-0.4820711904317285
25.122,-8.552161484590517e-05,0.0001034592238772961,-0.51798914168802
25.132,-9.056050013254291e-05,0.0001034592238772961,-0.5517956217192636
25.142,-9.524657352060047e-05,0.0001034592238772961,-0.583314313464249
25.152,-9.955765719824062e-05,0.0001034592238772961,-0.6123934978050637
25.162,-0.0001034753752108805,0.0001034592238772961,-0.6389069142622489
25.172,-0.00010698522670618088,0.0001034592238772961,-0.6627542839469387
25.182,-0.0001100766066483074,0.0001034592238772961,-0.6838614753729091
25.192,-0.00011274280001338021,0.00010345922387729608,-0.7021804855712965
25.202,-0.00011498091593127629,0.00010345922387729608,-0.7176890123441211
25.212,-0.00011679175426500999,0.00010345922387729608,-0.7303895674318074
25.222,-0.0001181796552684829,0.00010345922387729608,-0.7403084680297973
25.232,-0.0001191523103602757,0.00010345922387729608,-0.7474945602742546
25.242,-0.00011972052965391534,0.00010345922387729608,-0.7520176460412267
25.252,-0.00011989798910998632,0.00010345922387729608,-0.7539667664147931
25.262,-0.00011970093973037637,0.00010345922387729607,-0.7534482259055797
25.272,-0.00011914789946804798,0.00010345922387729607,-0.7505834963560978
25.282,-0.00011825934317815967,0.00010345922387729607,-0.7455071040433658
25.292,-0.00011705737943860384,0.00010345922387729607,-0.7383644272071865
25.302,-0.00011556542980986804,0.00010345922387729607,-0.7293095094790119
25.312,-0.00011380792076424072,0.00010345922387729607,-0.7185029591715794
25.322,-0.00011180998943662359,0.00010345922387729607,-0.7061099440109502
25.332,-0.00010959719810272293,0.00010345922387729607,-0.6922982491582186
25.342,-0.00010719527897116962,0.00010345922387729606,-0.6772365437192258
25.352,-0.00010462993099574168,0.00010345922387729606,-0.6610930015292227
25.362,-0.00010192663776257447,0.00010345922387729606,-0.644034071232543
25.372,-9.911050050390891e-05,0.00010345922387729606,-0.6262233571605582
25.382,-9.620611568687682e-05,0.00010345922387729606,-0.6078208077030134
25.392,-9.323748654708869e-05,0.00010345922387729606,-0.588982140137073
25.402,-9.022795672212236e-05,0.00010345922387729606,-0.5698584228017667
25.412,-8.720018325448634e-05,0.00010345922387729606,-0.5505959291866548
25.422,-8.417612862638769e-05,0.00010345922387729606,-0.5313361275529238
25.432,-8.117705311717641e-05,0.00010345922387729604,-0.5122156803446958
25.442,-7.82235141759392e-05,0.00010345922387729604,-0.4933664962924556
25.452,-7.533537573669127e-05,0.00010345922387729604,-0.47491585286240323
25.462,-7.253181960135678e-05,0.00010345922387729604,-0.4569865348248415
25.472,-6.983134383384257e-05,0.00010345922387729604,-0.4396968865843372
25.482,-6.725174645100498e-05,0.00010345922387729604,-0.4231607648227017
25.492,-6.481009124402378e-05,0.00010345922387729604,-0.4074873685669712
25.502,-6.252265446686316e-05,0.00010345922387729604,-0.39278093643086787
25.512,-6.040486710563663e-05,0.00010345922387729604,-0.3791404073793054
25.522,-5.847125005247424e-05,0.00010345922387729604,-0.36665902598137406
25.532,-5.673531966431458e-05,0.00010345922387729603,-0.35542374107891267
25.542,-5.520947317644794e-05,0.00010345922387729603,-0.3455144602483772
25.552,-5.390488422654351e-05,0.00010345922387729603,-0.33700336137223014
25.562,-5.283139827048827e-05,0.00010345922387729603,-0.32995419347794214
25.572,-5.199742523928749e-05,0.00010345922387729603,-0.3244215499311832
25.582,-5.14098504284922e-05,0.00010345922387729603,-0.3204502545807344
25.592,-5.107395168780257e-05,0.00010345922387729603,-0.3180747824731322
25.602,-5.099333169867026e-05,0.00010345922387729603,-0.31731877527379254
25.612,-5.116987881950878e-05,0.00010345922387729603,-0.31819474303989903
25.622,-5.1603736547174163e-05,0.00010345922387729603,-0.3207038214086335
25.632,-5.229329242844078e-05,0.00010345922387729603,-0.32483565801965836
25.642,-5.323520652808912e-05,0.00010345922387729603,-0.33056856404935187
25.652,-5.442445625437615e-05,0.00010345922387729601,-0.3378697784782027
25.662,-5.585439385683217e-05,0.00010345922387729601,-0.3466958218130316
25.672,-5.751682527562927e-05,0.00010345922387729601,-0.35699299813744595
25.682,-5.940209912539101e-05,0.00010345922387729601,-0.36869797227184825
25.692,-6.149921171347457e-05,0.00010345922387729601,-0.381738462050801
25.702,-6.379592498749744e-05,0.00010345922387729601,-0.39603402495950046
25.712,-6.627888269459243e-05,0.00010345922387729601,-0.4114968412388987
25.722,-6.893373133673542e-05,0.00010345922387729601,-0.4280325369291429
25.732,-7.174524303431786e-05,0.00010345922387729601,-0.4455410265306224
25.742,-7.469741899248096e-05,0.00010345922387729601,-0.4639172323327271
25.752,-7.777360547064075e-05,0.00010345922387729601,-0.48305189161819434
25.762,-8.095662845114177e-05,0.00010345922387729601,-0.50283249125862
25.772,-8.422888840651919e-05,0.00010345922387729601,-0.5231439374405893
25.782,-8.757243807652142e-05,0.00010345922387729601,-0.5438691114168399
25.792,-9.096907960381169e-05,0.000103459223877296,-0.564889551700687
25.802,-9.440045506432843e-05,0.000103459223877296,-0.5860860877021742
25.812,-9.784812666067384e-05,0.000103459223877296,-0.6073393983454107
25.822,-0.00010129364761587051,0.000103459223877296,-0.6285305013558583
25.832,-0.00010471862777956937,0.000103459223877296,-0.6495411986236711
25.842,-0.00010810479988102001,0.000103459223877296,-0.6702545162701861
25.852,-0.00011143407213411093,0.000103459223877296,-0.6905550434141756
25.862,-0.00011468858629676512,0.000103459223877296,-0.7103292967237744
25.872,-0.0001178507828413866,0.000103459223877296,-0.7294661221884053
25.882,-0.00012090345292770716,0.000103459223877296,-0.7478569989241831
25.892,-0.00012382978732357948,0.000103459223877296,-0.7653963133088814
25.902,-0.00012661343745752388,0.000103459223877296,-0.7819817057847297
25.912,-0.00012923859063646693,0.000103459223877296,-0.7975145048155676
25.922,-0.00013169004130564175,0.000103459223877296,-0.8119001287151233
25.932,-0.00013395325660419487,0.000103459223877296,-0.8250484456386844
25.942,-0.00013601445468977927,0.000103459223877296,-0.8368742163709194
25.952,-0.00013786070354674412,0.000103459223877296,-0.847297672831347
25.962,-0.00013948002991351187,0.000103459223877296,-0.856245165078753
25.972,-0.00014086152387646306,0.00010345922387729599,-0.8636497822584409
25.982,-0.00014199545360295772,0.00010345922387729599,-0.8694520455833282
25.992,-0.00014287339277331448,0.00010345922387729599,-0.8736006921229191
26.002,-0.0001434883417994325,0.00010345922387729599,-0.87605342474101
26.012,-0.000143834849972115,0.00010345922387729599,-0.8767776767743013
26.022,-0.00014390913926698532,0.00010345922387729599,-0.8757513973549016
26.032,-0.000143709217249006,0.00010345922387729599,-0.8729637748233028
26.042,-0.00014323497226610915,0.00010345922387729599,-0.8684158534920157
26.052,-0.00014248823660232358,0.00010345922387729599,-0.8621209484500256
26.062,-0.00014147282865983066,0.00010345922387729599,-0.8541049322832406
26.072,-0.00014019457846683087,0.00010345922387729599,-0.8444064225020258
26.082,-0.00013866130870640912,0.00010345922387729599,-0.8330766840961916
26.092,-0.00013688276183872257,0.00010345922387729599,-0.8201791834420734
26.102,-0.0001348704899098929,0.00010345922387729599,-0.8057889036732615
26.112,-0.0001326377000688652,0.00010345922387729599,-0.7899913742892087
26.122,-0.00013019905065100054,0.00010345922387729599,-0.7728813789279753
26.132,-0.00012757042127903322,0.00010345922387729599,-0.7545614961355042
26.142,-0.00012476864792429517,0.00010345922387729599,-0.7351404116439746
26.152,-0.00012181121217178768,0.00010345922387729599,-0.7147309286830585
26.162,-0.0001187158992717304,0.00010345922387729599,-0.6934477714675886
26.172,-0.00011550045524775773,0.00010345922387729599,-0.6714053816041896
26.182,-0.00011218224561828398,0.00010345922387729599,-0.6487157226706626
26.192,-0.00010877791268502584,0.00010345922387729599,-0.625486070866454
26.202,-0.00010530306083921446,0.00010345922387729599,-0.6018169860085567
26.212,-0.00010177196526892794,0.00010345922387729597,-0.5778004305133984
26.222,-9.819731299220408e-05,0.00010345922387729597,-0.5535180943452974
26.232,-9.459001371636592e-05,0.00010345922387729597,-0.5290401743720288
26.242,-9.095906877756664e-05,0.00010345922387729597,-0.5044245289083373
26.252,-8.731149323786183e-05,0.00010345922387729597,-0.4797161740717507
26.262,-8.365231350519636e-05,0.00010345922387729597,-0.4549472706387949
26.272,-7.998464120634636e-05,0.00010345922387729597,-0.43013760612422736
26.282,-7.63098234359931e-05,0.00010345922387729597,-0.40529557312117737
26.292,-7.26276511622998e-05,0.00010345922387729597,-0.3804195233547444
26.302,-6.893662374806301e-05,0.00010345922387729597,-0.3554994851098407
26.312,-6.523428779202893e-05,0.00010345922387729597,-0.3305193665724647
26.322,-6.151761975759065e-05,0.00010345922387729597,-0.3054594431312898
26.332,-5.778343313730036e-05,0.00010345922387729597,-0.28029900226079313
26.342,-5.402880058209757e-05,0.00010345922387729597,-0.25501908430365944
26.352,-5.0251473070401636e-05,0.00010345922387729597,-0.2296052018564099
26.362,-4.645030638135268e-05,0.00010345922387729597,-0.20405010833326262
26.372,-4.26256675827564e-05,0.00010345922387729597,-0.17835643603551354
26.382,-3.877977460473389e-05,0.00010345922387729597,-0.15253889282031788
26.392,-3.491697330245251e-05,0.00010345922387729597,-0.12662604865902524
26.402,-3.104396201084671e-05,0.00010345922387729597,-0.10066178062546874
26.412,-2.716994332380203e-05,0.00010345922387729597,-0.07470624249526817
26.422,-2.3306676617073496e-05,0.00010345922387729597,-0.048836183622644955
26.432,-1.9468426074933172e-05,0.00010345922387729597,-0.023144582951528242
26.442,-1.5671832224692134e-05,0.00010345922387729597,0.002260214788469009
26.452,-1.1935693761755346e-05,0.00010345922387729597,0.027255948445773143
26.462,-8.28063516547311e-06,0.00010345922387729597,0.051708639042879555
26.472,-4.7286942735650294e-06,0.00010345922387729597,0.07547531045725683
26.482,-1.302857092969062e-06,0.00010345922387729597,0.09840705083742829
26.492,1.9734590931511932e-06,0.00010345922387729597,0.12035240870101216
26.502,5.076973777094323e-06,0.00010345922387729597,0.14116112138914755
26.512,7.98514374042203e-06,0.00010345922387729597,0.16068805257852325
26.522,1.0676749858876209e-05,0.00010345922387729597,0.17879703255686286
26.532,1.313245517372828e-05,0.00010345922387729597,0.1953645025662622
26.542,1.5335342578989077e-05,0.00010345922387729597,0.21028302027727824
26.552,1.7271393080301047e-05,0.00010345922387729597,0.223464367692565
26.562,1.892986984283347e-05,0.00010345922387729597,0.23484203123606884
26.572,2.0303620300370366e-05,0.00010345922387729596,0.24437313717176706
26.582,2.138929343109883e-05,0.00010345922387729596,0.25203982409089926
26.592,2.2187431038995576e-05,0.00010345922387729596,0.25784977933607267
26.602,2.2702434921386842e-05,0.00010345922387729596,0.2618359531014774
26.612,2.2942435305331005e-05,0.00010345922387729596,0.26405562021896023
26.622,2.2919051062160023e-05,0.00010345922387729596,0.26458872714540904
26.632,2.264704757830939e-05,0.00010345922387729596,0.26353556399548794
26.642,2.2143895083387666e-05,0.00010345922387729596,0.261013780773906
26.652,2.1429247850225262e-05,0.00010345922387729596,0.25715488436920064
26.662,2.0524385744950774e-05,0.00010345922387729596,0.2521004930812626
26.672,1.945160983459176e-05,0.00010345922387729596,0.24599829361845582
26.682,1.8233616652904263e-05,0.00010345922387729596,0.2389978647334054
26.692,1.6892887532646674e-05,0.00010345922387729596,0.2312466099604551
26.702,1.545109426940409e-05,0.00010345922387729596,0.22288580784620243
26.712,1.3928544724009165e-05,0.00010345922387729596,0.21404693710142292
26.722,1.2343689149512494e-05,0.00010345922387729596,0.20484841484258234
26.732,1.071271182560653e-05,0.00010345922387729596,0.19539291125309993
26.742,9.049218108443972e-06,0.00010345922387729596,0.18576530759430332
26.752,7.364010434907434e-06,0.00010345922387729596,0.1760312543111736
26.762,5.6649617780199426e-06,0.00010345922387729596,0.16623638531058507
26.772,3.956990823328468e-06,0.00010345922387729596,0.1564062159869412
26.782,2.2421365864706865e-06,0.00010345922387729596,0.1465467093374874
26.792,5.197377217671512e-07,0.00010345922387729596,0.13664554440247229
26.802,-1.213283502373016e-06,0.00010345922387729596,0.1266740860065768
26.812,-2.9620728393866386e-06,0.00010345922387729596,0.11658978683738691
26.822,-4.733442796497423e-06,0.00010345922387729596,0.10633894432870566
26.832,-6.535409372077907e-06,0.00010345922387729596,0.09585987188598244
26.842,-8.376686489472706e-06,0.00010345922387729596,0.08508635253392784
26.852,-1.0266163660987038e-05,0.00010345922387729596,0.07395120402308529
26.862,-1.2212388997339708e-05,0.00010345922387729596,0.06238980694332376
26.872,-1.4223063885481624e-05,0.00010345922387729596,0.050343552577539655
26.882,-1.630457277864656e-05,0.00010345922387729596,0.037763053460844756
26.892,-1.8461550546069913e-05,0.00010345922387729596,0.02461109936492499
26.902,-2.0696499357571033e-05,0.00010345922387729596,0.010865277662978567
26.912,-2.30095051952568e-05,0.00010345922387729596,-0.003480076588684683
26.922,-2.539802716940162e-05,0.00010345922387729596,-0.0184124229279084
26.932,-2.7856743008782876e-05,0.00010345922387729596,-0.033899940346760804
26.942,-3.0377499079778153e-05,0.00010345922387729596,-0.049891157893604765
26.952,-3.294936442040509e-05,0.00010345922387729596,-0.06631528845383369
26.962,-3.555877291974764e-05,0.00010345922387729596,-0.08308316065371643
26.972,-3.818973918364018e-05,0.00010345922387729596,-0.10008865302334008
26.982,-4.0824139860944645e-05,0.00010345922387729596,-0.11721057592926204
26.992,-4.3442078324242825e-05,0.00010345922387729596,-0.13431512077071112
27.002,-4.60223099577734e-05,0.00010345922387729596,-0.151258725030464
27.012,-4.854269524214952e-05,0.00010345922387729596,-0.16789113447787254
27.022,-5.0980687923674165e-05,0.00010345922387729596,-0.1840587107697062
27.032,-5.331383082128366e-05,0.00010345922387729596,-0.1996078007670552
27.042,-5.5520229973756656e-05,0.00010345922387729596,-0.21438797136167312
27.052,-5.757901656555409e-05,0.00010345922387729596,-0.2282551719028053
27.062,-5.947078554252889e-05,0.00010345922387729596,-0.24107474912166088
27.072,-6.117797673984708e-05,0.00010345922387729596,-0.252724085224977
27.082,-6.268518100406315e-05,0.00010345922387729596,-0.26309474087999557
27.092,-6.397937289103246e-05,0.00010345922387729596,-0.2720941118603763
27.102,-6.505006422924742e-05,0.00010345922387729596,-0.2796465592608428
27.112,-6.588939195966632e-05,0.00010345922387729596,-0.2856941008537448
27.122,-6.649212226668029e-05,0.00010345922387729596,-0.29019654202740097
27.132,-6.685554900044989e-05,0.00010345922387729596,-0.2931308975938967
27.142,-6.697932988471102e-05,0.00010345922387729596,-0.2944903923216749
27.152,-6.686526522409398e-05,0.00010345922387729596,-0.29428307001629717
27.162,-6.651700797615182e-05,0.00010345922387729596,-0.2925299353770551
27.172,-6.593973181539498e-05,0.00010345922387729596,-0.28926280463124315
27.182,-6.513977550582869e-05,0.00010345922387729596,-0.28452198595307304
27.192,-6.4124264477539e-05,0.00010345922387729596,-0.2783537947218188
27.202,-6.290071764844258e-05,0.00010345922387729596,-0.27080795646052286
27.212,-6.147668418926379e-05,0.00010345922387729596,-0.2619351950319927
27.222,-5.985941630004841e-05,0.00010345922387729596,-0.2517850465868414
27.232,-5.8055553487388353e-05,0.00010345922387729596,-0.24040373616102412
27.242,-5.6070850504341376e-05,0.00010345922387729596,-0.2278323315643757
27.252,-5.390997753570867e-05,0.00010345922387729596,-0.21410536588579696
27.262,-5.157637983804094e-05,0.00010345922387729596,-0.1992498445636764
27.272,-4.907219659961107e-05,0.00010345922387729596,-0.1832846364901372
27.282,-4.639824082461672e-05,0.00010345922387729596,-0.16622026248622926
27.292,-4.355404275746392e-05,0.00010345922387729596,-0.14805909946448048
27.302,-4.0537963693186064e-05,0.00010345922387729596,-0.12879604763402563
27.312,-3.734735850138921e-05,0.00010345922387729596,-0.10841951804159555
27.322,-3.3978778831849374e-05,0.00010345922387729596,-0.08691268836018576
27.332,-3.0428231149864942e-05,0.00010345922387729596,-0.06425512271344544
27.342,-2.6691471831493736e-05,0.00010345922387729596,-0.04042463893412751
27.352,-2.2764304962359335e-05,0.00010345922387729595,-0.015399196015034172
27.362,-1.8642894609279263e-05,0.00010345922387729595,0.010841118437526678
27.372,-1.4324100675986096e-05,0.00010345922387729595,0.03831193900345617
27.382,-9.805802203546014e-06,0.00010345922387729595,0.06702255138934032
27.392,-5.087203542503599e-06,0.00010345922387729595,0.09697392868844971
27.402,-1.6912226025284321e-07,0.00010345922387729595,0.12815688156750898
27.412,4.945758353496876e-06,0.00010345922387729595,0.1605504361621628
27.422,1.0252662726873064e-05,0.00010345922387729595,0.19412037617586658
27.432,1.574452374948499e-05,0.00010345922387729595,0.22881795772601535
27.442,2.1411825937198506e-05,0.00010345922387729595,0.26457889761738584
27.452,2.7242498972104596e-05,0.00010345922387729595,0.3013226882445687
27.462,3.3221863571407525e-05,0.00010345922387729595,0.33895225191949124
27.472,3.9332612801096754e-05,0.00010345922387729595,0.37735382209485413
27.482,4.555481962966135e-05,0.00010345922387729595,0.41639699075629244
27.492,5.18660021562574e-05,0.00010345922387729595,0.4559351318196446
27.502,5.8241242057045306e-05,0.00010345922387729595,0.49580665094943566
27.512,6.46533305220066e-05,0.00010345922387729595,0.5358435750915247
27.522,7.107294993874207e-05,0.00010345922387729595,0.5758586196375433
27.532,7.746889786306447e-05,0.00010345922387729595,0.6156494112851657
27.542,8.380834660193183e-05,0.00010345922387729595,0.6550030426585378
27.552,9.005711560401082e-05,0.00010345922387729595,0.6936978293252231
27.562,9.61799805117536e-05,0.00010345922387729595,0.7315053051101978
27.572,0.00010214103272265421,0.00010345922387729595,0.7681925492979707
27.582,0.0001079040454096168,0.00010345922387729595,0.8035245536702911
27.592,0.00011343284359452283,0.00010345922387729595,0.8372666149628226
27.602,0.00011869168558711283,0.00010345922387729595,0.8691868031430077
27.612,0.0001236456494410254,0.00010345922387729595,0.8990584650862056
27.622,0.00012826103022333285,0.00010345922387729595,0.9266628038924587
27.632,0.00013250573210169613,0.00010345922387729595,0.951791428749769
27.642,0.0001363496318554721,0.00010345922387729595,0.9742487210153105
27.652,0.00013976491677100217,0.00010345922387729595,0.9938540377810176
27.662,0.00014272638979051044,0.00010345922387729595,1.0104437066957574
27.672,0.00014521172891322802,0.00010345922387729595,1.0238727261597491
27.682,0.00014720170842155185,0.00010345922387729595,1.0340162220754885
27.692,0.0001486803682682244,0.00010345922387729595,1.0407705705880987
27.702,0.0001496351223881734,0.00010345922387729595,1.0440541254411488
27.712,0.00015005681589432134,0.00010345922387729595,1.0438076164303565
27.722,0.00014993972483983873,0.00010345922387729595,1.0399941761653895
27.732,0.00014928149242190612,0.00010345922387729595,1.0325989533713564
27.742,0.00014808301142086103,0.00010345922387729595,1.0216283772943833
27.752,0.0001463482665364752,0.00010345922387729595,1.0071091628938207
27.762,0.00014408415196054197,0.00010345922387729595,0.9890871574192707
27.772,0.0001413002656725628,0.00010345922387729595,0.967626036673817
27.782,0.00013800867965662122,0.00010345922387729595,0.9428058436479835
27.792,0.0001342237026667091,0.00010345922387729595,0.9147214785437535
27.802,0.00012996164796408028,0.00010345922387729595,0.8834812210491481
27.812,0.00012524062463975722,0.00010345922387729595,0.8492054066883526
27.822,0.00012008036725731123,0.00010345922387729595,0.812025353646647
27.832,0.00011450209738257384,0.00010345922387729595,0.77208249577842
27.842,0.00010852841013307089,0.00010345922387729595,0.7295276745336821
27.852,0.00010218318760046548,0.00010345922387729595,0.6845206003495387
27.862,9.549157136319646e-05,0.00010345922387729595,0.637229697125912
27.872,8.84799900700383e-05,0.00010345922387729595,0.5878323027428979
27.882,8.117619248704765e-05,0.00010345922387729595,0.5365148944408584
27.892,7.360928714379792e-05,0.00010345922387729595,0.48347334631949673
27.902,6.580979941546452e-05,0.00010345922387729595,0.42891329169786624
27.912,5.780972972760476e-05,0.00010345922387729595,0.3730504818963524
27.922,4.9642597809718716e-05,0.00010345922387729595,0.31611104150352914
27.932,4.1343452907597006e-05,0.00010345922387729595,0.25833148774461123
27.942,3.2948832179892986e-05,0.00010345922387729595,0.19995839691358147
27.952,2.4496668293650552e-05,0.00010345922387729595,0.14124772587518014
27.962,1.602614271474528e-05,0.00010345922387729595,0.08246376688043934
27.972,7.577464810174954e-06,0.00010345922387729595,0.023877604930967744
27.982,-8.084252144767304e-07,0.00010345922387729595,-0.034234933705346346
27.992,-9.090209860492708e-06,0.00010345922387729595,-0.0915957087293823
28.002,-1.7226603415238228e-05,0.00010345922387729595,-0.1479270606610409
28.012,-2.5176823942954382e-05,0.00010345922387729595,-0.20295502114482217
28.022,-3.29011113046801e-05,0.00010345922387729595,-0.2564128248765278
28.032,-4.03612650733641e-05,0.00010345922387729595,-0.3080445474186916
28.042,-4.752118677043521e-05,0.00010345922387729595,-0.3576087637608712
28.052,-5.434742805117464e-05,0.00010345922387729595,-0.40488223764202214
28.062,-6.0809698150514823e-05,0.00010345922387729595,-0.44966333012798804
28.072,-6.688130574669245e-05,0.00010345922387729595,-0.4917749614093343
28.082,-7.253956994111602e-05,0.00010345922387729595,-0.5310673566444735
28.092,-7.776616309210173e-05,0.00010345922387729595,-0.5674203276076606
28.102,-8.254733647798021e-05,0.00010345922387729595,-0.6007447636861706
28.112,-8.687403671108854e-05,0.00010345922387729595,-0.6309833854091659
28.122,-9.074193587058326e-05,0.00010345922387729595,-0.658110914057516
28.132,-9.415137335025653e-05,0.00010345922387729595,-0.6821336447176859
28.142,-9.710717866567057e-05,0.00010345922387729595,-0.7030882188352913
28.152,-9.961838974152697e-05,0.00010345922387729595,-0.7210396938701188
28.162,-0.00010169790185244171,0.00010345922387729595,-0.7360791454141986
28.172,-0.00010336204302002349,0.00010345922387729595,-0.7483207748926005
28.182,-0.00010463007615209408,0.00010345922387729595,-0.757898525671399
28.192,-0.00010552367224454582,0.00010345922387729595,-0.7649625041105707
28.202,-0.00010606636855133687,0.00010345922387729595,-0.7696752994122432
28.212,-0.00010628300330141375,0.00010345922387729595,-0.7722081470632884
28.222,-0.0001061991691809538,0.00010345922387729595,-0.7727372181791874
28.232,-0.00010584070040753483,0.00010345922387729595,-0.7714401345883612
28.242,-0.00010523318196850335,0.00010345922387729595,-0.7684926342650024
28.252,-0.00010440151566362078,0.00010345922387729595,-0.764065618672136
28.262,-0.00010336956330295985,0.00010345922387729595,-0.7583227187976339
28.272,-0.00010215985038078576,0.00010345922387729595,-0.7514182693681717
28.282,-0.00010079332976332576,0.00010345922387729595,-0.7434956882822452
28.292,-9.928922303206019e-05,0.00010345922387729595,-0.7346863795277456
28.302,-9.766493987606736e-05,0.00010345922387729595,-0.7251091628250674
28.312,-9.593605968126184e-05,0.00010345922387729595,-0.7148701245929263
28.322,-9.411637134529973e-05,0.00010345922387729595,-0.7040628639772093
28.332,-9.221796408925952e-05,0.00010345922387729595,-0.6927690857806248
28.342,-9.025137257524001e-05,0.00010345922387729595,-0.681059562406584
28.352,-8.822576026278665e-05,0.00010345922387729595,-0.6689953576809148
28.362,-8.614911016647565e-05,0.00010345922387729595,-0.6566291069224018
28.372,-8.402844488149708e-05,0.00010345922387729595,-0.6440064989113744
28.382,-8.187006326503709e-05,0.00010345922387729595,-0.6311678752068844
28.392,-7.96797570170082e-05,0.00010345922387729595,-0.6181497013605096
28.402,-7.746302605892054e-05,0.00010345922387729595,-0.6049860357330719
28.412,-7.522528857011783e-05,0.00010345922387729595,-0.5917099678786526
28.422,-7.297206183659466e-05,0.00010345922387729595,-0.5783548669040796
28.432,-7.07091116647281e-05,0.00010345922387729595,-0.5649554241779138
28.442,-6.844257332791828e-05,0.00010345922387729595,-0.5515485096270827
28.452,-6.617904878217787e-05,0.00010345922387729595,-0.5381738725577585
28.462,-6.392568551435201e-05,0.00010345922387729595,-0.5248747219721379
28.472,-6.169021959991525e-05,0.00010345922387729595,-0.5116980695182219
28.482,-5.948096550912414e-05,0.00010345922387729595,-0.4986947180237554
28.492,-5.73067785551016e-05,0.00010345922387729595,-0.48591906735655166
28.502,-5.517700372065909e-05,0.00010345922387729595,-0.47342882833649347
28.512,-5.310139927587951e-05,0.00010345922387729595,-0.46128456679388885
28.522,-5.1090029499275554e-05,0.00010345922387729595,-0.44954903903201066
28.532,-4.915312620211055e-05,0.00010345922387729595,-0.4382863158210719
28.542,-4.7300930594357146e-05,0.00010345922387729595,-0.42756077123992536
28.552,-4.554352391997963e-05,0.00010345922387729595,-0.4174359917447273
28.562,-4.3890642132501836e-05,0.00010345922387729595,-0.4079735730964559
28.572,-4.235146957307301e-05,0.00010345922387729595,-0.39923177114608643
28.582,-4.0934435988279996e-05,0.00010345922387729595,-0.39126416830294264
28.592,-3.964700944354883e-05,0.00010345922387729595,-0.3841183055928359
28.602,-3.849546208280048e-05,0.00010345922387729595,-0.377834126366449
28.612,-3.748465746111334e-05,0.00010345922387729595,-0.37244255629937517
28.622,-3.661786762038235e-05,0.00010345922387729595,-0.3679642739759763
28.632,-3.589659016347272e-05,0.00010345922387729595,-0.36440847415720284
28.642,-3.532038029366332e-05,0.00010345922387729595,-0.361771724161357
28.652,-3.488671616090386e-05,0.00010345922387729595,-0.3600370358784276
28.662,-3.4590904836252724e-05,0.00010345922387729595,-0.359173202582172
28.672,-3.442603302661256e-05,0.00010345922387729595,-0.359134429007047
28.682,-3.438295909028886e-05,0.00010345922387729595,-0.3598602330008447
28.692,-3.4450353317885606e-05,0.00010345922387729595,-0.3612756659451297
28.702,-3.461480219867617e-05,0.00010345922387729595,-0.3632919577963776
28.712,-3.486096785294452e-05,0.00010345922387729595,-0.3658075294544195
28.722,-3.5171796627964e-05,0.00010345922387729595,-0.36870933369300496
28.732,-3.5528786232770406e-05,0.00010345922387729595,-0.3718745884007355
28.742,-3.5912310062352046e-05,0.00010345922387729595,-0.3751728942980268
28.752,-3.630198308525787e-05,0.00010345922387729595,-0.37846863390683694
28.762,-3.6677050272464185e-05,0.00010345922387729595,-0.38162352628837526
28.772,-3.70168111114179e-05,0.00010345922387729595,-0.3844994289488933
28.782,-3.7301082934560045e-05,0.00010345922387729595,-0.3869614056378915
28.792,-3.7510653072833915e-05,0.00010345922387729595,-0.3888807273643197
28.802,-3.76277019710376e-05,0.00010345922387729595,-0.3901376879874494
28.812,-3.763621126089752e-05,0.00010345922387729595,-0.39062432801537655
28.822,-3.7522351864747365e-05,0.00010345922387729595,-0.39024703381061565
28.832,-3.727483329505799e-05,0.00010345922387729595,-0.38892888631532535
28.842,-3.688518419470198e-05,0.00010345922387729595,-0.3866115593079479
28.852,-3.634794906281363e-05,0.00010345922387729595,-0.3832566661675759
28.862,-3.56608189212367e-05,0.00010345922387729595,-0.3788466726532027
28.872,-3.482470141188908e-05,0.00010345922387729595,-0.37338541157587213
28.882,-3.384370158691135e-05,0.00010345922387729595,-0.36689800664098915
28.892,-3.2725007949625546e-05,0.00010345922387729595,-0.35943016770314556
28.902,-3.1478712462084025e-05,0.00010345922387729595,-0.3510470475127598
28.912,-3.011756516041445e-05,0.00010345922387729595,-0.3418316629486461
28.922,-2.8656645063192807e-05,0.00010345922387729595,-0.33188275731645883
28.932,-2.7112974723382446e-05,0.00010345922387729595,-0.32131228451572874
28.942,-2.550509597334648e-05,0.00010345922387729595,-0.31024263046811174
28.952,-2.385260852573172e-05,0.00010345922387729595,-0.29880358157266435
28.962,-2.217569248187586e-05,0.00010345922387729595,-0.28712917932479354
28.972,-2.0494613862497723e-05,0.00010345922387729595,-0.27535445398122615
28.982,-1.8829222399586315e-05,0.00010345922387729595,-0.2636120979996524
28.992,-1.7198466767138267e-05,0.00010345922387729595,-0.25202924659216297
29.002,-1.561994772810151e-05,0.00010345922387729595,-0.24072450136266327
29.012,-1.4109502817854813e-05,0.00010345922387729595,-0.22980515410867164
29.022,-1.2680817087185368e-05,0.00010345922387729595,-0.21936457448628593
29.032,-1.1345094010019422e-05,0.00010345922387729595,-0.20947998956196018
29.042,-1.011079520944717e-05,0.00010345922387729595,-0.20021071361173115
29.052,-8.983426269436014e-06,0.00010345922387729595,-0.19159667756230572
29.062,-7.965383628941381e-06,0.00010345922387729595,-0.18365735931971247
29.072,-7.055877887100938e-06,0.00010345922387729595,-0.17639121868546276
29.082,-6.250910785782096e-06,0.00010345922387729595,-0.1697754871191555
29.092,-5.543309094742447e-06,0.00010345922387729595,-0.1637663357743152
29.102,-4.922833337859823e-06,0.00010345922387729595,-0.15829954333175408
29.112,-4.376352168563707e-06,0.00010345922387729595,-0.15329160411630918
29.122,-3.888061976811582e-06,0.00010345922387729595,-0.14864114220459915
29.132,-3.439746125664879e-06,0.00010345922387729595,-0.1442305960338061
29.142,-3.0110926960174493e-06,0.00010345922387729595,-0.1399283010013012
29.152,-2.5800616281378337e-06,0.00010345922387729595,-0.1355909106455913
29.162,-2.1232730777934574e-06,0.00010345922387729595,-0.1310659693459176
29.172,-1.6164273883899436e-06,0.00010345922387729595,-0.1261947066141409
29.182,-1.0347578554157559e-06,0.00010345922387729595,-0.12081506109805605
29.192,-3.5349739432391785e-07,0.00010345922387729595,-0.11476480801401304
29.202,4.516476547397879e-07,0.00010345922387729595,-0.10788474457345262
29.212,1.4040273229510734e-06,0.00010345922387729595,-0.10002186097418264
29.222,2.525581833928497e-06,0.00010345922387729595,-0.09103249270674928
29.232,3.836383960862842e-06,0.00010345922387729595,-0.08078542243372525
29.242,5.3542056502668385e-06,0.00010345922387729595,-0.06916482459955811
29.252,7.09411250714219e-06,0.00010345922387729595,-0.05607302676888968
29.262,9.06809997011445e-06,0.00010345922387729595,-0.04143299327603881
29.272,1.1284772998472546e-05,0.00010345922387729595,-0.02519051667754285
29.282,1.3749067331035705e-05,0.00010345922387729595,-0.007316127785090082
29.292,1.6462036659345365e-05,0.00010345922387729595,0.012193440090927349
29.302,1.9420703985158824e-05,0.00010345922387729595,0.03331422359690342
29.312,2.261797273526265e-05,0.00010345922387729595,0.055994410831986155
29.322,2.604260746033886e-05,0.00010345922387729595,0.08015419839535765
29.332,2.9679286865654588e-05,0.00010345922387729595,0.10568614352667821
29.342,3.350873159944779e-05,0.00010345922387729595,0.13245602842007903
29.352,3.7507896266170376e-05,0.00010345922387729595,0.1603041666171932
29.362,4.165023454515731e-05,0.00010345922387729595,0.18904721046357062
29.372,4.59060455342162e-05,0.00010345922387729595,0.21848051320367393
29.382,5.024287234509819e-05,0.00010345922387729595,0.24838085138468785
29.392,5.462596277632347e-05,0.00010345922387729595,0.2785095715314603
29.402,5.9018795866807336e-05,0.00010345922387729595,0.3086161849565452
29.412,6.33836422878836e-05,0.00010345922387729595,0.3384421947306708
29.422,6.768216465955921e-05,0.00010345922387729595,0.36772519260877423
29.432,7.18760615709489e-05,0.00010345922387729595,0.3962032491638732
29.442,7.592773242814558e-05,0.00010345922387729595,0.4236194423950848
29.452,7.980094482472279e-05,0.00010345922387729595,0.44972639993959374
29.462,8.346151034848071e-05,0.00010345922387729595,0.47429089152451753
29.472,8.68779525209279e-05,0.00010345922387729595,0.4970983610380336
29.482,9.002213244348902e-05,0.00010345922387729595,0.5179571674858722
29.492,9.286984329585167e-05,0.00010345922387729595,0.536702607249358
29.502,9.54013679428224e-05,0.00010345922387729595,0.553200677853197
29.512,9.760197406939123e-05,0.00010345922387729595,0.5673514123397587
29.522,9.946233522163775e-05,0.00010345922387729595,0.5790917064594471
29.532,0.00010097885167730485,0.00010345922387729595,0.5883974648920147
29.542,0.00010215387339017074,0.00010345922387729595,0.5952850822440099
29.552,0.00010299583675246477,0.00010345922387729595,0.5998123381231742
29.562,0.00010351928462899162,0.00010345922387729595,0.6020785037096361
29.572,0.00010374475417951879,0.00010345922387729595,0.6022235579985036
29.582,0.00010369854766153455,0.00010345922387729595,0.6004266168848947
29.592,0.00010341238166951836,0.00010345922387729595,0.5969035467752328
29.602,0.00010292290870834157,0.00010345922387729595,0.5919037238282927
29.612,0.00010227113772137486,0.00010345922387729595,0.5857061178454465
29.622,0.0001015017463099487,0.00010345922387729595,0.5786146540474835
29.632,0.00010066227328402145,0.00010345922387729595,0.570952778856122
29.642,9.980224518100575e-05,0.00010345922387729595,0.5630575883536026
29.652,9.897225168772956e-05,0.00010345922387729595,0.5552736196352933
29.662,9.822295417944379e-05,0.00010345922387729595,0.5479462005517673
29.672,9.760407653148947e-05,0.00010345922387729595,0.541414686003692
29.682,9.716341227308719e-05,0.00010345922387729595,0.5360058080855896
29.692,9.69458360550013e-05,0.00010345922387729595,0.5320270595229254
29.702,9.699235817375271e-05,0.00010345922387729595,0.5297603680663765
29.712,9.733926915632819e-05,0.00010345922387729595,0.5294563745166778
29.722,9.801737895683783e-05,0.00010345922387729595,0.5313293438452642
29.732,9.905135155270287e-05,0.00010345922387729595,0.5355527139805913
29.742,0.00010045915869523708,0.00010345922387729595,0.5422554396922024
29.752,0.00010225169121960839,0.00010345922387729595,0.5515193862973597
29.762,0.00010443251948442841,0.00010345922387729595,0.5633777160747963
29.772,0.00010699779555900681,0.00010345922387729595,0.5778142175346799
29.782,0.00010993630847824277,0.00010345922387729595,0.5947636524639511
29.792,0.00011322968859110057,0.00010345922387729595,0.6141130937634741
29.802,0.00011685276492433747,0.00010345922387729595,0.6357042796250838
29.812,0.00012077405033950744,0.00010345922387729595,0.6593368157341994
29.822,0.00012495632502475593,0.00010345922387729595,0.6847720293809394
29.832,0.00012935731719859712,0.00010345922387729595,0.71173746817266
29.842,0.0001339304715461496,0.00010345922387729595,0.7399319803118478
29.852,0.00013862578185559068,0.00010345922387729595,0.769031220135692
29.862,0.0001433906526960364,0.00010345922387729595,0.7986933453670626
29.872,0.0001481707587090527,0.00010345922387729595,0.8285646970287163
29.882,0.0001529109053747792,0.00010345922387729595,0.8582854882387454
29.892,0.00015755587939446678,0.00010345922387729595,0.8874954237181698
29.902,0.00016205124765078424,0.00010345922387729595,0.9158389772020918
29.912,0.0001663440972614518,0.00010345922387729595,0.9429702776310165
29.922,0.00017038371204265823,0.00010345922387729595,0.9685575736906616
29.932,0.00017412217407955806,0.00010345922387729595,0.992287201788747
29.942,0.000177514876391169,0.00010345922387729595,1.0138669644573521
29.952,0.00018052094496520834,0.00010345922387729595,1.0330289082477777
29.962,0.00018310359451490543,0.00010345922387729595,1.049531663939005
29.972,0.00018523039327220095,0.00010345922387729595,1.0631621851007924
29.982,0.00018687342447058493,0.00010345922387729595,1.0737368029772403
29.992,0.00018800938694169594,0.00010345922387729595,1.0811018803289183
