# Fourier-transform spectra: 
# sigma: Conductivity
# eps: Dielectric constant
# 1:Energy[eV] 2:Re(sigma_x)[1/fs*V*Angstrom] 3:Re(sigma_y)[1/fs*V*Angstrom] 4:Re(sigma_z)[1/fs*V*Angstrom] 5:Im(sigma_x)[1/fs*V*Angstrom] 6:Im(sigma_y)[1/fs*V*Angstrom] 7:Im(sigma_z)[1/fs*V*Angstrom] 8:Re(eps_x)[none] 9:Re(eps_y)[none] 10:Re(eps_z)[none] 11:Im(eps_x)[none] 12:Im(eps_y)[none] 13:Im(eps_z)[none]
      0.01000000  0.103154101835841E-003 -0.106108464586837E-003  0.241045239717703E-001  0.267820145890094E-004 -0.552259421245684E-004  0.586259740796984E-002  0.397205171463846E+000  0.224299507802479E+001 -0.130952112398741E+003  0.232173569028126E+001 -0.238823085934338E+001  0.542531344915018E+003
      0.02000000  0.917951474406883E-004 -0.683105272979432E-004  0.207089014935112E-001  0.513093514321370E-004 -0.968167328961780E-004  0.106334008418518E-001  0.422578693696763E+000  0.208954884091378E+001 -0.118665363782055E+003  0.103303730154542E+001 -0.768747856008486E+000  0.233052272514181E+003
      0.03000000  0.737797173723073E-004 -0.166300877185054E-004  0.159352433128848E-001  0.712382381579144E-004 -0.115008471459349E-003  0.135397095456063E-001  0.465536328333319E+000  0.186284910349242E+001 -0.100581440868933E+003  0.553531076300944E+000 -0.124766950615326E+000  0.119553892265373E+003
      0.04000000  0.508681455583935E-004  0.354966889210463E-004  0.108004619018578E-001  0.843389237456364E-004 -0.106587001853636E-003  0.143272720696234E-001  0.525436492938085E+000  0.159975037812234E+001 -0.796175864953753E+002  0.286228048471820E+000  0.199734979239987E+000  0.607727114646684E+002
      0.05000000  0.258716562751446E-004  0.751836456988637E-004  0.623473262372148E-002  0.890583237049416E-004 -0.755617776805162E-004  0.132721569590463E-001  0.599104863534292E+000  0.134014057209502E+001 -0.587444792798847E+002  0.116460997035839E+000  0.338438414833571E+000  0.280655853606117E+002
      0.06000000  0.230996903297852E-005  0.937074804450801E-004  0.283061477909576E-002  0.852073429253001E-004 -0.316665864589678E-004  0.110165158473606E-001  0.680366678553529E+000  0.111878901349647E+001 -0.403256115044753E+002  0.866525171541509E-002  0.351519390122277E+000  0.106183196484725E+002
      0.07000000 -0.164304842772824E-004  0.887019312523078E-004  0.742307362837192E-003  0.743605542890553E-004  0.127808619634159E-004  0.830889644483584E-002  0.760904801970461E+000  0.958905057239724E+000 -0.257160090437540E+002 -0.528297553663648E-001  0.285207742480406E+000  0.238677787723896E+001
      0.08000000 -0.281363577633640E-004  0.642981204586716E-004 -0.249960207316390E-003  0.596316060241598E-004  0.466036723376619E-004  0.575866811109080E-002  0.832230583283772E+000  0.868883777476059E+000 -0.152016161306911E+002 -0.791597048143597E-001  0.180898333694562E+000 -0.703245828508256E+000
      0.09000000 -0.325195302080060E-004  0.292738516857134E-004 -0.563555050437665E-003  0.447891814514661E-004  0.628533309143728E-004  0.369317313324796E-002  0.887989975662454E+000  0.842814650831617E+000 -0.823598956560828E+001 -0.813257409937574E-001  0.732088583338724E-001 -0.140935406429500E+001
      0.10000000 -0.312798207896575E-004 -0.605559289791667E-005 -0.614616571282204E-003  0.330365960131176E-004  0.602996598023143E-004  0.215016196019571E-002  0.925643049879759E+000  0.864280847990275E+000 -0.383946607456864E+001 -0.704028972386601E-001 -0.136295948553564E-001 -0.138334511569407E+001
      0.11000000 -0.273946602723729E-004 -0.330754362458975E-004 -0.678509005525839E-003  0.259842625139542E-004  0.429605225179745E-004  0.976646004040582E-003  0.946832775967207E+000  0.912097111701654E+000 -0.998346378684895E+000 -0.560530836394275E-001 -0.676766996147623E-001 -0.138831880588057E+001
      0.12000000 -0.239315287243905E-004 -0.471340808781212E-004 -0.849240434182023E-003  0.232748279700173E-004  0.180212165215852E-004 -0.327989280704798E-004  0.956345249630223E+000  0.966199032292615E+000  0.106151835017460E+001 -0.448864719333790E-001 -0.884056602821677E-001 -0.159285298288327E+001
      0.13000000 -0.229105908113376E-004 -0.481627010685505E-004 -0.108612083669352E-002  0.230103549860895E-004 -0.695367364927225E-005 -0.102632310204587E-002  0.960161200597750E+000  0.101203918886908E+001  0.277691653210123E+001 -0.396660734730814E-001 -0.833861184540813E-001 -0.188044687558255E+001
      0.14000000 -0.247055366021803E-004 -0.396518844756788E-004 -0.130072119268648E-002  0.227492896405172E-004 -0.264351241707158E-004 -0.205190880068009E-002  0.963426537338013E+000  0.104249908643744E+001  0.429880234035163E+001 -0.397184718618601E-001 -0.637473406539160E-001 -0.209113685420959E+001
      0.15000000 -0.281905065547449E-004 -0.266084378731828E-004 -0.143168324843495E-002  0.205918216825615E-004 -0.381476230757383E-004 -0.307887553778369E-002  0.969102041523343E+000  0.105724037882358E+001  0.561984228436672E+001 -0.422997593118288E-001 -0.399258706300168E-001 -0.214823585031970E+001
      0.16000000 -0.314796442057627E-004 -0.134381782094333E-004 -0.147560615435018E-002  0.158767832136804E-004 -0.428342694724806E-004 -0.405172813676789E-002  0.977665881931723E+000  0.106025563358089E+001  0.669962903500263E+001 -0.442829054838425E-001 -0.189036944519986E-001 -0.207575814508422E+001
      0.17000000 -0.328548121841827E-004 -0.260311394157187E-005 -0.147318681978955E-002  0.924792190656562E-005 -0.429342010496633E-004 -0.493782440007745E-002  0.987756051115711E+000  0.105684349071619E+001  0.753751947356096E+001 -0.434987065256743E-001 -0.344643849316658E-002 -0.195045160423615E+001
      0.18000000 -0.314516042182178E-004  0.554629809460881E-005 -0.147306329599311E-002  0.216874900251536E-005 -0.409401493621522E-004 -0.574500840671793E-002  0.997288166241473E+000  0.105119212919091E+001  0.818363799697014E+001 -0.393275210639302E-001  0.693516787344731E-002 -0.184193872591451E+001
      0.19000000 -0.274573875297336E-004  0.119367894558365E-004 -0.150117066395271E-002 -0.379973625390072E-005 -0.382264940759291E-004 -0.650859240414467E-002  0.100450117737358E+001  0.104528320354585E+001  0.871009536078372E+001 -0.325260921359017E-001  0.141403515985253E-001 -0.177829064307607E+001
      0.20000000 -0.218436879272251E-004  0.175385726003682E-004 -0.155230977278421E-002 -0.759991773135070E-005 -0.348020318776175E-004 -0.726446571668054E-002  0.100855273805212E+001  0.103916524794775E+001  0.917522959585390E+001 -0.245822846427923E-001  0.197374264513813E-001 -0.174692665521968E+001
      0.21000000 -0.158593417002871E-004  0.224351533482201E-004 -0.160309067357334E-002 -0.893366955048949E-005 -0.299337474650555E-004 -0.802856404171368E-002  0.100957495772110E+001  0.103208249026808E+001  0.960488076328080E+001 -0.169977773865984E-001  0.240456224132139E-001 -0.171816579243251E+001
      0.22000000 -0.105609719863103E-004  0.256528874216398E-004 -0.163282781527715E-002 -0.816133204593270E-005 -0.231632164405887E-004 -0.879384708391650E-002  0.100834958023263E+001  0.102369749607393E+001  0.999668477736538E+001 -0.108045699449556E-001  0.262445934707961E-001 -0.167049040193456E+001
      0.23000000 -0.656263847169853E-005  0.257633763142465E-004 -0.163740510151256E-002 -0.599478155069661E-005 -0.150918259683816E-004 -0.954248894521471E-002  0.100586640175022E+001  0.101476863060416E+001  0.103381340714788E+002 -0.642209786809314E-002  0.252116469337950E-001 -0.160233964692360E+001
      0.24000000 -0.403097874368362E-005  0.218655715671198E-004 -0.162897560348271E-002 -0.318076187641564E-005 -0.748995211567017E-005 -0.102620925180434E-001  0.100298295149334E+001  0.100702415481464E+001  0.106238968495027E+002 -0.378029369385826E-002  0.205057599068989E-001 -0.152767022424615E+001
      0.25000000 -0.283228119272623E-005  0.143811203926979E-004 -0.162480905550740E-002 -0.306484227451082E-006 -0.267173243031826E-005 -0.109547083233197E-001  0.100027592712523E+001  0.100240535526090E+001  0.108625015731698E+002 -0.254989698442806E-002  0.129472933747584E-001 -0.146281228062732E+001
      0.26000000 -0.270525264301709E-005  0.522096565039579E-005 -0.163472779635947E-002  0.224727283253460E-005 -0.246262097574808E-005 -0.116343680231749E-001  0.998054600817076E+000  0.100213181985058E+001  0.110715363610735E+002 -0.234185907698334E-002  0.451963916588634E-002 -0.141513663730563E+001
      0.27000000 -0.337581608179564E-005 -0.278348427676452E-005 -0.165551151386306E-002  0.425879802917131E-005 -0.728219392236317E-005 -0.123169983186175E-001  0.996449826681077E+000  0.100607050402233E+001  0.112675634064954E+002 -0.281411142324439E-002 -0.232033816708928E-002 -0.138004966787070E+001
      0.28000000 -0.459681882590207E-005 -0.692707354456948E-005 -0.167453649304027E-002  0.559512036373244E-005 -0.157912403838375E-004 -0.130106337115688E-001  0.995502432626559E+000  0.101269359065032E+001  0.114584348297925E+002 -0.369509519527188E-002 -0.556824124274915E-002 -0.134605517077917E+001
      0.29000000 -0.613844800160753E-005 -0.568255873173426E-005 -0.167859979652266E-002  0.616296921422069E-005 -0.252699181014859E-004 -0.137120752865047E-001  0.995216802913075E+000  0.101961246185864E+001  0.116422012322834E+002 -0.476416570957053E-002 -0.441034141614610E-002 -0.130279308199581E+001
      0.30000000 -0.776032850780148E-005  0.695247084628705E-006 -0.166139880319357E-002  0.589117217042005E-005 -0.325564441585960E-004 -0.144108180874739E-001  0.995580158086387E+000  0.102442541692685E+001  0.118116917906907E+002 -0.582217328062654E-002  0.521607944237081E-003 -0.124646162990320E+001
      0.31000000 -0.918222369151437E-005  0.102438923041033E-004 -0.162532525658706E-002  0.474034644905542E-005 -0.351451496358630E-004 -0.150962802869100E-001  0.996558286898984E+000  0.102551702143269E+001  0.119606051368711E+002 -0.666672360663436E-002  0.743754464517106E-002 -0.118006210919927E+001
      0.32000000 -0.100633267498015E-004  0.199789952191279E-004 -0.157778174875977E-002  0.273949474152781E-005 -0.320096892514031E-004 -0.157630894340777E-001  0.998073155053475E+000  0.102251426404984E+001  0.120870916294352E+002 -0.707811918714292E-002  0.140523817735656E-001 -0.110974507204993E+001
      0.33000000 -0.100088338596052E-004  0.268898537688618E-004 -0.152573434519117E-002  0.498846502502421E-007 -0.238691930766607E-004 -0.164115735057865E-001  0.999965976478080E+000  0.101627983778139E+001  0.121934137678427E+002 -0.682646418301417E-002  0.183400610115496E-001 -0.104061781885277E+001
      0.34000000 -0.863138823125739E-005  0.288630383927142E-004 -0.147257440164822E-002 -0.296128540441629E-005 -0.128589857550517E-004 -0.170444074940392E-001  0.100196032295092E+001  0.100851244019356E+001  0.122831215611719E+002 -0.571383913984719E-002  0.191068636984688E-001 -0.974820391232588E+000
      0.35000000 -0.568131009510540E-005  0.252311435290264E-004 -0.141891559544051E-002 -0.568374361128823E-005 -0.178709222486110E-005 -0.176627968436753E-001  0.100365504484813E+001  0.100114922534800E+001  0.123584142815236E+002 -0.365347992694126E-002  0.162253907767662E-001 -0.912462013019132E+000
      0.36000000 -0.121738534184661E-005  0.168197688223780E-004 -0.136584069013724E-002 -0.732235578581529E-005  0.672865728836499E-005 -0.182652491586010E-001  0.100457798749161E+001  0.995793196916060E+000  0.124195601286171E+002 -0.761117737305441E-003  0.105158358229205E-001 -0.853933048035617E+000
      0.37000000  0.425866289431572E-005  0.555072400116032E-005 -0.131756082744367E-002 -0.708173280761491E-005  0.109596963503410E-004 -0.188495876874460E-001  0.100430788487239E+001  0.993333113321804E+000  0.124663820078375E+002  0.259058481270385E-002  0.337655777265441E-002 -0.801484680542562E+000
      0.38000000  0.979863801086471E-005 -0.621467702218861E-005 -0.128126906681284E-002 -0.444279425249951E-005  0.104203254404831E-004 -0.194163658782923E-001  0.100263147276923E+001  0.993828027794046E+000  0.125003385667668E+002  0.580374593909566E-002 -0.368096122035794E-002 -0.758897321766424E+000
      0.39000000  0.141914797544503E-004 -0.163671003292112E-004 -0.126423900459414E-002  0.572289059062772E-006  0.582750701782125E-005 -0.199709776463009E-001  0.999669723927367E+000  0.996636863660751E+000  0.125255323498020E+002  0.819010275302033E-002 -0.944568401495950E-002 -0.729610127425586E+000
      0.40000000  0.163049729836778E-004 -0.235809879130804E-004 -0.127017616836726E-002  0.727713945204873E-005 -0.126597492380952E-005 -0.205228803117090E-001  0.995905253865750E+000  0.100071234665207E+001  0.125479420689672E+002  0.917458371299676E-002 -0.132686970938434E-001 -0.714710634516508E+000
      0.41000000  0.154678061257710E-004 -0.275644167409851E-004 -0.129718818048205E-002  0.144282822181848E-004 -0.902486736923864E-005 -0.210824143947928E-001  0.992079418859690E+000  0.100495431079027E+001  0.125734479907205E+002  0.849124044214656E-002 -0.151318220756124E-001 -0.712107240653345E+000
      0.42000000  0.117346892914507E-004 -0.289903883235647E-004 -0.133848571373304E-002  0.205527055408330E-004 -0.159036475604967E-004 -0.216571923550493E-001  0.988985976843255E+000  0.100852263183356E+001  0.126059084111670E+002  0.628852193383816E-002 -0.155357068530175E-001 -0.717283309330693E+000
      0.43000000  0.591515970040690E-005 -0.291542704648998E-004 -0.138513388354518E-002  0.243825684706753E-004 -0.210809684640100E-004 -0.222500351183842E-001  0.987237455411516E+000  0.101103439124200E+001  0.126463146872834E+002  0.309616640737593E-002 -0.152601920179375E-001 -0.725019309226043E+000
      0.44000000 -0.653543461855702E-006 -0.294686607541578E-004 -0.142910873979815E-002  0.252306040907669E-004 -0.246426307029157E-004 -0.228591962740811E-001  0.987093715095280E+000  0.101260551715327E+001  0.126932317095875E+002 -0.334309003699734E-003 -0.150741904587565E-001 -0.731036184837526E+000
      0.45000000 -0.649923812630659E-005 -0.309483874010163E-004 -0.146514306717046E-002  0.231664524540694E-004 -0.274680472765406E-004 -0.234801626120502E-001  0.988412938932556E+000  0.101373857053978E+001  0.127439680761980E+002 -0.325069490940331E-002 -0.154793167173730E-001 -0.732814064885657E+000
      0.46000000 -0.104199099043568E-004 -0.338428473089576E-004 -0.149096298806906E-002  0.189450372251877E-004 -0.308588764582418E-004 -0.241076524989060E-001  0.990730337828336E+000  0.101509901281084E+001  0.127956904365237E+002 -0.509838241669688E-002 -0.165590469816636E-001 -0.729516814645275E+000
      0.47000000 -0.117606490083729E-004 -0.375326680986644E-004 -0.150658189688280E-002  0.137428024837281E-004 -0.360274678244029E-004 -0.247368277160973E-001  0.993418820711450E+000  0.101725290204422E+001  0.128460189195301E+002 -0.563196187716824E-002 -0.179737152030976E-001 -0.721474792933186E+000
      0.48000000 -0.104956240592691E-004 -0.407277141089964E-004 -0.151360438712660E-002  0.882216242118963E-005 -0.436114142638771E-004 -0.253636725933119E-001  0.995863242268484E+000  0.102044961841839E+001  0.128931576739056E+002 -0.492145257606897E-002 -0.190974364542054E-001 -0.709736950190671E+000
      0.49000000 -0.713667966305545E-005 -0.419053131998241E-004 -0.151497079660082E-002  0.524288360286149E-005 -0.533777882619122E-004 -0.259851633922806E-001  0.997591756418138E+000  0.102451832345192E+001  0.129359130782398E+002 -0.327813171075833E-002 -0.192486061495423E-001 -0.695880163280821E+000
      0.50000000 -0.254556687445328E-005 -0.398442914799011E-004 -0.151482419471067E-002  0.368554866793668E-005 -0.642216682806706E-004 -0.265997814361613E-001  0.998340954023479E+000  0.102890931852112E+001  0.129738645027025E+002 -0.114588433406580E-002 -0.179358671999438E-001 -0.681896567323774E+000
      0.51000000  0.227123935189443E-005 -0.340736727223150E-004 -0.151787736451100E-002  0.438769524603041E-005 -0.744650724444636E-004 -0.272082922907201E-001  0.998063611232339E+000  0.103286311418163E+001  0.130076323957660E+002  0.100234909743482E-002 -0.150374794585231E-001 -0.669873479017223E+000
      0.52000000  0.634260526754996E-005 -0.250811161268987E-004 -0.152803511187995E-002  0.715664921577166E-005 -0.823582843593583E-004 -0.278141306046025E-001  0.996902347740053E+000  0.103564759400376E+001  0.130389447530755E+002  0.274530509301499E-002 -0.108559989053636E-001 -0.661387930983476E+000
      0.53000000  0.888421137624836E-005 -0.142083007458003E-004 -0.154674827476049E-002  0.114272206549323E-004 -0.866139867255151E-004 -0.284227248998480E-001  0.995147215348047E+000  0.103678226211941E+001  0.130702458914315E+002  0.377284782654121E-002 -0.603382273534709E-002 -0.656855810774369E+000
      0.54000000  0.943002287710142E-005 -0.326975078567986E-005 -0.157202994574359E-002  0.163594165735627E-004 -0.867929284604624E-004 -0.290397099553740E-001  0.993181319725098E+000  0.103617569285758E+001  0.131038850359486E+002  0.393047702494972E-002 -0.136284720704477E-002 -0.655229331339370E+000
      0.55000000  0.793370573667667E-005  0.597186186892882E-005 -0.159885630594847E-002  0.209892360747878E-004 -0.834134006113864E-004 -0.296687527668807E-001  0.991410651612174E+000  0.103413496115398E+001  0.131412352902700E+002  0.324668141022376E-002  0.244384321246543E-002 -0.654294124137299E+000
      0.56000000  0.480290216400367E-005  0.122930521387931E-004 -0.162091693336057E-002  0.244333022877771E-004 -0.777563962167831E-004 -0.303100770648207E-001  0.990179798105218E+000  0.103125175223824E+001  0.131821877664018E+002  0.193037635174671E-002  0.494080793845158E-002 -0.651476879907282E+000
      0.57000000  0.823908903690987E-006  0.152976430225104E-004 -0.163289276000671E-002  0.261106724172698E-004 -0.714469231893537E-004 -0.309604361437678E-001  0.989689743354076E+000  0.102821206987211E+001  0.132252708551799E+002  0.325334871280364E-003  0.604054246935046E-002 -0.644776326013181E+000
      0.58000000 -0.303467434550883E-005  0.154226030004847E-004 -0.163215835479622E-002  0.259101242333910E-004 -0.659682112253555E-004 -0.316144778773678E-001  0.989945331020878E+000  0.102559958883412E+001  0.132682974092057E+002 -0.117763410660157E-002  0.598488708774490E-002 -0.633374499912101E+000
      0.59000000 -0.589568503117478E-005  0.136862374175568E-004 -0.161919671218230E-002  0.242285394637945E-004 -0.622799067652133E-004 -0.322667098539841E-001  0.990757243774884E+000  0.102375867504577E+001  0.133091750459242E+002 -0.224909882020106E-002  0.522105578334891E-002 -0.617694703123752E+000
      0.60000000 -0.723387721243381E-005  0.112966617466225E-004 -0.159678489886299E-002  0.218465687117849E-004 -0.606585291270233E-004 -0.329130689852215E-001  0.991804824467208E+000  0.102275447921892E+001  0.133464870486174E+002 -0.271360204527586E-002  0.423765064296839E-002 -0.598992578968918E+000
      0.61000000 -0.702447078021521E-005  0.927894184419903E-005 -0.156863723320896E-002  0.196745973277232E-004 -0.607813276651625E-004 -0.335515013976181E-001  0.992740573824171E+000  0.102242676450777E+001  0.133796509492491E+002 -0.259185111663700E-002  0.342369361800665E-002 -0.578787255538481E+000
      0.62000000 -0.572142011191544E-005  0.825070884442645E-005 -0.153830633918850E-002  0.184600644787456E-004 -0.619760570194602E-004 -0.341816333862382E-001  0.993298565152895E+000  0.102249875717794E+001  0.134087317988097E+002 -0.207700921939141E-002  0.299520014282799E-002 -0.558441153812267E+000
      0.63000000 -0.407701615432557E-005  0.839347540836060E-005 -0.150875308201768E-002  0.185646768184063E-004 -0.635034634469972E-004 -0.348040937358675E-001  0.993367563215487E+000  0.102268731694226E+001  0.134341486686439E+002 -0.145655925915128E-002  0.299866222250193E-002 -0.539018779470451E+000
      0.64000000 -0.287844012212524E-005  0.957139844392605E-005 -0.148244648499469E-002  0.198876517058792E-004 -0.647510681021987E-004 -0.354200596911299E-001  0.993005932698679E+000  0.102277158383689E+001  0.134564873198855E+002 -0.101228663065415E-002  0.336605879239086E-002 -0.521345136167840E+000
      0.65000000 -0.270346337537513E-005  0.114889792234477E-004 -0.146154030177633E-002  0.219467179249339E-004 -0.652873185309721E-004 -0.360312280766553E-001  0.992400544072634E+000  0.102260693838090E+001  0.134764773809910E+002 -0.936124063866113E-003  0.397827099057141E-002 -0.506085290174539E+000
      0.66000000 -0.377679994225327E-005  0.137845119458813E-004 -0.144776230154847E-002  0.240658051474776E-004 -0.648146705921614E-004 -0.366399926986660E-001  0.991793032076509E+000  0.102210322568731E+001  0.134950419465355E+002 -0.128797170049233E-002  0.470082121448068E-002 -0.493718730656832E+000
      0.67000000 -0.595610963907030E-005  0.160219809182666E-004 -0.144200085794468E-002  0.255867029804305E-004 -0.631178358035415E-004 -0.372494503625355E-001  0.991404605769854E+000  0.102120330556461E+001  0.135132851609342E+002 -0.200084827126568E-002  0.538229729894113E-002 -0.484414340672312E+000
      0.68000000 -0.882191842682808E-005  0.176308432828530E-004 -0.144387336108426E-002  0.260313693563834E-004 -0.600951861835962E-004 -0.378630297355003E-001  0.991383827658587E+000  0.101989101971388E+001  0.135323560625185E+002 -0.291998352091309E-002  0.583566627516893E-002 -0.477910383735810E+000
      0.69000000 -0.118147324271827E-004  0.178969364436782E-004 -0.145159112704443E-002  0.251796393230664E-004 -0.558905645006068E-004 -0.384838513449670E-001  0.991786529726147E+000  0.101823121785919E+001  0.135532365650569E+002 -0.385390562347317E-002  0.583788963722478E-002 -0.473501642291047E+000
      0.70000000 -0.143644412280065E-004  0.160914899880739E-004 -0.146221583085714E-002  0.230693528368492E-004 -0.510511141197873E-004 -0.391141149267471E-001  0.992582395952162E+000  0.101641471927798E+001  0.135765564062467E+002 -0.461867041313783E-002  0.517397701250749E-002 -0.470153547110085E+000
      0.71000000 -0.159821841467915E-004  0.117419696636301E-004 -0.147214771902219E-002  0.199510796898802E-004 -0.465821528494082E-004 -0.397547420896512E-001  0.993675381557716E+000  0.101476683706206E+001  0.136025046712624E+002 -0.506645345384714E-002  0.372227864545095E-002 -0.466680137527416E+000
      0.72000000 -0.163139441065150E-004  0.494311306595395E-005 -0.147761224340448E-002  0.162302789940429E-004 -0.437933237884117E-004 -0.404052744245587E-001  0.994926358647853E+000  0.101368994449217E+001  0.136308285421677E+002 -0.509979535569382E-002  0.154523424205887E-002 -0.461906698173691E+000
      0.73000000 -0.151718039935398E-004 -0.345749495920050E-005 -0.147505883338844E-002  0.124132823786948E-004 -0.439287420813434E-004 -0.410638635997485E-001  0.996172721636289E+000  0.101354416333922E+001  0.136608605114329E+002 -0.467778911261980E-002 -0.106601906299163E-002 -0.454791938667026E+000
      0.74000000 -0.125576380403597E-004 -0.119417415262443E-004 -0.146159191222362E-002  0.905461594464063E-005 -0.476993204363376E-004 -0.417272447610368E-001  0.997245995852083E+000  0.101450797329645E+001  0.136915383110275E+002 -0.381946484120753E-002 -0.363213701140980E-002 -0.444550074065641E+000
      0.75000000 -0.868082773187320E-005 -0.187035479148708E-004 -0.143560033113748E-002  0.669412909759168E-005 -0.549181431091918E-004 -0.423908085406493E-001  0.997991096406299E+000  0.101648089743162E+001  0.137214528396012E+002 -0.260511050393935E-002 -0.561292202068025E-002 -0.430822683921413E+000
      0.76000000 -0.395750569945076E-005 -0.222173810034031E-004 -0.139755081118253E-002  0.577710456697832E-005 -0.644270422595359E-004 -0.430490634597689E-001  0.998289106754778E+000  0.101908011013710E+001  0.137490079212783E+002 -0.117201786649675E-002 -0.657969172005687E-002 -0.413885574509793E+000
      0.77000000  0.102675610344608E-005 -0.217707140579494E-004 -0.135059754972707E-002  0.656469968545114E-005 -0.743900949177536E-004 -0.436967016483673E-001  0.998081108524290E+000  0.102174456195327E+001  0.137727439680913E+002  0.300125463302147E-003 -0.636367840534949E-002 -0.394785786016872E+000
      0.78000000  0.560227627272430E-005 -0.177300134296871E-004 -0.130049865184843E-002  0.905732469734501E-005 -0.828671011491172E-004 -0.443301270267193E-001  0.997386445204368E+000  0.102391188533540E+001  0.137917701918794E+002  0.161657625273472E-002 -0.511612017612297E-002 -0.375268040158495E+000
      0.79000000  0.914331371968763E-005 -0.114123202289055E-004 -0.125451515682287E-002  0.129618223410890E-004 -0.884463682663026E-004 -0.449488866601298E-001  0.996307119546828E+000  0.102519876109467E+001  0.138061364035855E+002  0.260497047591960E-002 -0.325142045536796E-002 -0.357416910904032E+000
      0.80000000  0.112125795977582E-004 -0.460289050091555E-005 -0.121946161014297E-002  0.177293170891231E-004 -0.906790870062083E-004 -0.455562689596858E-001  0.995011978738902E+000  0.102551193662171E+001  0.138169425254747E+002  0.315458204871763E-002 -0.129499154229454E-002 -0.343087125573356E+000
      0.81000000  0.116787997291379E-004  0.108573070847217E-005 -0.119960560173423E-002  0.226728390621374E-004 -0.901381490276503E-004 -0.461585816497465E-001  0.993699904076903E+000  0.102504666414507E+001  0.138260731384610E+002  0.324518505858778E-002  0.301691711006324E-003 -0.333334098129405E+000
      0.82000000  0.107591999133159E-004  0.474983467935280E-005 -0.119533881931630E-002  0.271453316911068E-004 -0.880856016604078E-004 -0.467632167469837E-001  0.992549119881747E+000  0.102417783159124E+001  0.138356185104131E+002  0.295319687505243E-002  0.130373978038273E-002 -0.328097897081070E+000
      0.83000000  0.895337304470628E-005  0.641230476766826E-005 -0.120328343594269E-002  0.307279785318237E-004 -0.858995982518926E-004 -0.473762339321420E-001  0.991667368543487E+000  0.102329374494174E+001  0.138472068784233E+002  0.242792274138536E-002  0.173885087691287E-002 -0.326299284512098E+000
      0.84000000  0.686986636715392E-005  0.685036543588341E-005 -0.121785918999997E-002  0.333593946527565E-004 -0.845076248205140E-004 -0.480004887414325E-001  0.991061489581737E+000  0.102264346498921E+001  0.138615304073438E+002  0.184075199007862E-002  0.183552679702157E-002 -0.326320281620954E+000
      0.85000000  0.499305576636962E-005  0.712835917005813E-005 -0.123365126961487E-002  0.353421028793703E-004 -0.840579476252685E-004 -0.486351173800823E-001  0.990641640241121E+000  0.102225799967691E+001  0.138782638348267E+002  0.132212880250279E-002  0.188754330300044E-002 -0.326662859803760E+000
      0.86000000  0.347640826855275E-005  0.804715880019806E-005 -0.124754984012266E-002  0.372003912019733E-004 -0.839484757621755E-004 -0.492765719795321E-001  0.990264117334578E+000  0.102197053535067E+001  0.138963945659129E+002  0.909826534241884E-003  0.210605833264983E-002 -0.326501912217965E+000
      0.87000000  0.205661900570222E-005  0.974135116828718E-005 -0.125976064872491E-002  0.394246779355114E-004 -0.831774583794083E-004 -0.499207024295643E-001  0.989800587016890E+000  0.102151853339892E+001  0.139148007580158E+002  0.532060315683033E-003  0.252014902293896E-002 -0.325908029920582E+000
      0.88000000  0.147708534292023E-006  0.115778247932966E-004 -0.127332256968281E-002  0.421973714351375E-004 -0.808532624810148E-004 -0.505649505459881E-001  0.989207327418461E+000  0.102067955323824E+001  0.139328187226881E+002  0.377788898667134E-004  0.296121933548748E-002 -0.325673214180997E+000
      0.89000000 -0.289845196690014E-005  0.123771167292399E-004 -0.129242392551641E-002  0.452223375425366E-004 -0.766514837047631E-004 -0.512097395679514E-001  0.988563601599058E+000  0.101938459958746E+001  0.139505685803325E+002 -0.732997302677777E-003  0.313008229257070E-002 -0.326844557763338E+000
      0.90000000 -0.745947928941173E-005  0.108527175124147E-004 -0.132027449712924E-002  0.477525339617307E-004 -0.710479981722836E-004 -0.518585468337744E-001  0.988057914170571E+000  0.101776787998020E+001  0.139689288902392E+002 -0.186548722185920E-002  0.271407762611455E-002 -0.330177899580363E+000
      0.91000000 -0.133804595237617E-004  0.609383739425163E-005 -0.135739257603183E-002  0.488312722668149E-004 -0.652580800320660E-004 -0.525167093050641E-001  0.987922336570580E+000  0.101614058143664E+001  0.139891995428985E+002 -0.330945066874286E-002  0.150721686380069E-002 -0.335730156390937E+000
      0.92000000 -0.199107595310699E-004 -0.207688689299343E-005 -0.140092842447522E-002  0.476639824986291E-004 -0.609246579041582E-004 -0.531894764282194E-001  0.988339188509723E+000  0.101490498514157E+001  0.140126025015610E+002 -0.487109136393980E-002 -0.508102455486612E-003 -0.342731794802222E+000
      0.93000000 -0.258885296237327E-004 -0.129731908470673E-004 -0.144522381527795E-002  0.439673747516126E-004 -0.596769153092054E-004 -0.538800393832904E-001  0.989359210251391E+000  0.101444274333499E+001  0.140398090393915E+002 -0.626542753992115E-002 -0.313971432117777E-002 -0.349766681429890E+000
      0.94000000 -0.301108161612971E-004 -0.251564848144449E-004 -0.148338270014843E-002  0.381408705553243E-004 -0.627007347594756E-004 -0.545882132348947E-001  0.990867513826122E+000  0.101501312332272E+001  0.140706534844624E+002 -0.720976234347752E-002 -0.602349255290449E-002 -0.355182558825581E+000
      0.95000000 -0.317384859245955E-004 -0.367308609269464E-004 -0.150932378115022E-002  0.311783975547452E-004 -0.704312030485475E-004 -0.553102027693939E-001  0.992613197956891E+000  0.101668659698319E+001  0.141041217915182E+002 -0.751949846881466E-002 -0.870229453145971E-002 -0.357589769350325E+000
      0.96000000 -0.305653491615704E-004 -0.457310059181960E-004 -0.151965294841166E-002  0.243548220770700E-004 -0.824213970472557E-004 -0.560395397934418E-001  0.994289948783701E+000  0.101932391035210E+001  0.141386154801623E+002 -0.716612540236760E-002 -0.107217529711141E-001 -0.356286575979561E+000
      0.97000000 -0.270429437941755E-004 -0.505162880542974E-004 -0.151474191931012E-002  0.188232409046748E-004 -0.973910486477995E-004 -0.567689213848718E-001  0.995632338810109E+000  0.102259818623031E+001  0.141724082999485E+002 -0.627492452911687E-002 -0.117215750416978E-001 -0.351473985121687E+000
      0.98000000 -0.220664830101516E-004 -0.501062302605420E-004 -0.149862303512545E-002  0.152950612613884E-004 -0.113430466908379E-003 -0.574923807157233E-001  0.996487216205142E+000  0.102605133115778E+001  0.142041513175130E+002 -0.506796165133732E-002 -0.115077900423317E-001 -0.344185526453511E+000
      0.99000000 -0.166353929984022E-004 -0.444109314400271E-004 -0.147767748929585E-002  0.139263115762444E-004 -0.128326556368962E-003 -0.582070708213702E-001  0.996833881332223E+000  0.102917478209983E+001  0.142332593964457E+002 -0.378202282992825E-002 -0.100967351129422E-001 -0.335946977647280E+000
      1.00000000 -0.115487870183529E-004 -0.343157338173661E-004 -0.145851784834396E-002  0.144276301292339E-004 -0.139972519998825E-003 -0.589140187469733E-001  0.996752708501061E+000  0.103150424360798E+001  0.142600427465718E+002 -0.259933735283133E-002 -0.772359630145979E-002 -0.328275161447419E+000
      1.01000000 -0.726061028276431E-005 -0.215814142915780E-004 -0.144579684965710E-002  0.163086854802278E-004 -0.146805518968958E-003 -0.596175369493672E-001  0.996365674184685E+000  0.103271502709807E+001  0.142855314331277E+002 -0.161799817757113E-002 -0.480933249868441E-002 -0.322190088267984E+000
      1.02000000 -0.392428776190786E-005 -0.853867792056802E-005 -0.144075377929336E-002  0.191157030538465E-004 -0.148186891459613E-003 -0.603234751297686E-001  0.995781904781001E+000  0.103269910693964E+001  0.143110543369244E+002 -0.865938302130495E-003 -0.188415547217188E-002 -0.317918551626001E+000
      1.03000000 -0.155647562412629E-005  0.239769533406551E-005 -0.144105777676241E-002  0.225467100244447E-004 -0.144616141455298E-003 -0.610369663214455E-001  0.995073117214732E+000  0.103160136343775E+001  0.143377321262433E+002 -0.340119376613411E-003  0.523941801394429E-003 -0.314898392945581E+000
      1.04000000 -0.197606508511654E-006  0.930082300017952E-005 -0.144199589796057E-002  0.264129863806319E-004 -0.137680183863690E-003 -0.617605455895991E-001  0.994283760144789E+000  0.102979643963515E+001  0.143660801202599E+002 -0.427655617326088E-004  0.201286345866886E-002 -0.312073549888994E+000
      1.05000000  0.329315475279615E-007  0.112340517476201E-004 -0.143849819775945E-002  0.305069044733098E-004 -0.129700168039154E-003 -0.624933695186682E-001  0.993460641925861E+000  0.102780209450048E+001  0.143958698070996E+002  0.705909645501036E-005  0.240809378301138E-002 -0.308351665518317E+000
      1.06000000 -0.985767589920478E-006  0.851271378442628E-005 -0.142715303369788E-002  0.344853404425578E-004 -0.123139416575300E-003 -0.632317895044822E-001  0.992677575069630E+000  0.102614673720111E+001  0.144262856598668E+002 -0.209312394291365E-003  0.180754218575913E-002 -0.303033718655313E+000
      1.07000000 -0.322286232675136E-005  0.261042670015104E-005 -0.140740931951620E-002  0.378610864093337E-004 -0.119938338887910E-003 -0.639709504494934E-001  0.992035920813677E+000  0.102522902850838E+001  0.144562888527820E+002 -0.677929061500427E-003  0.549103232942902E-003 -0.296048537725881E+000
      1.08000000 -0.637015912899743E-005 -0.428670017223115E-005 -0.138156404390831E-002  0.401267395641468E-004 -0.120994028199012E-003 -0.647066767544457E-001  0.991637494945744E+000  0.102521543447933E+001  0.144850206441054E+002 -0.132755585156619E-002 -0.893358200684529E-003 -0.287921132527908E+000
      1.09000000 -0.983496829064444E-005 -0.993955161622954E-005 -0.135368743575570E-002  0.409568362489147E-004 -0.125967904865017E-003 -0.654368577617661E-001  0.991542808213854E+000  0.102601115779226E+001  0.145120801961030E+002 -0.203082612482905E-002 -0.205242157318670E-002 -0.279523403446112E+000
      1.10000000 -0.128813225557467E-004 -0.127013495900792E-004 -0.132807068153491E-002  0.403863029945233E-004 -0.133488003763100E-003 -0.661618541341589E-001  0.991736430395079E+000  0.102731340401888E+001  0.145375869116422E+002 -0.263568828167538E-002 -0.259886344210047E-002 -0.271740756231322E+000
      1.11000000 -0.148744311697381E-004 -0.119241404196421E-004 -0.130789815481480E-002  0.388678961527932E-004 -0.141660371548782E-003 -0.668839340262089E-001  0.992118764036667E+000  0.102872444678869E+001  0.145620426725530E+002 -0.301608559949378E-002 -0.241785570121116E-002 -0.265202261876536E+000
      1.12000000 -0.155303277384181E-004 -0.800138545783103E-005 -0.129463014389617E-002  0.371617231165421E-004 -0.148685969940527E-003 -0.676061608998093E-001  0.992532003667285E+000  0.102987983831535E+001  0.145860912607667E+002 -0.312096482266545E-002 -0.160795335211780E-002 -0.260168053470442E+000
      1.13000000 -0.150627823693401E-004 -0.207324049015757E-005 -0.128818320683935E-002  0.360804050436064E-004 -0.153351580043005E-003 -0.683313090130724E-001  0.992813470107593E+000  0.103054471568972E+001  0.146102960655858E+002 -0.300021952717143E-002 -0.412950041404980E-003 -0.256581574171880E+000
      1.14000000 -0.141527669234078E-004  0.444713850794648E-005 -0.128763180724964E-002  0.361746313709077E-004 -0.155237555410835E-003 -0.690612488068394E-001  0.992857906385071E+000  0.103064913480192E+001  0.146350222642217E+002 -0.279423403768359E-002  0.878015292447521E-003 -0.254221993712778E+000
      1.15000000 -0.137272379324498E-004  0.103175493401802E-004 -0.129198980286561E-002  0.374751623835245E-004 -0.154622432878180E-003 -0.697969397822165E-001  0.992665475586151E+000  0.103026223068141E+001  0.146604440457249E+002 -0.268665311493157E-002  0.201931926944523E-002 -0.252864301282585E+000
      1.16000000 -0.146035802079345E-004  0.147217302679193E-004 -0.130069785500723E-002  0.394002759102070E-004 -0.152194357955256E-003 -0.705388697154943E-001  0.992355174981124E+000  0.102953023065320E+001  0.146866380639868E+002 -0.283352877003211E-002  0.285645339463656E-002 -0.252374057649206E+000
      1.17000000 -0.171141532278916E-004  0.172920498700948E-004 -0.131365813381585E-002  0.408931198177352E-004 -0.148739378791524E-003 -0.712876200050788E-001  0.992133334954170E+000  0.102861319648129E+001  0.147136963624664E+002 -0.329227291991666E-002  0.332649513879425E-002 -0.252710200872905E+000
      1.18000000 -0.208538562887218E-004  0.179735142306464E-004 -0.133088873170320E-002  0.407793923136900E-004 -0.144944914120125E-003 -0.720442517648968E-001  0.992221694115589E+000  0.102764695142447E+001  0.147417993659687E+002 -0.397768735334399E-002  0.342828775937500E-002 -0.253855172084737E+000
      1.19000000 -0.246765525882097E-004  0.168605399205137E-004 -0.135201617542652E-002  0.382489861806154E-004 -0.141361324473090E-003 -0.728103417453248E-001  0.992765654560747E+000  0.102673683030864E+001  0.147712189611633E+002 -0.466727941049277E-002  0.318897263057741E-002 -0.255717942596098E+000
      1.20000000 -0.269959082311087E-004  0.141141852188677E-004 -0.137585418362362E-002  0.332936272748769E-004 -0.138465024424997E-003 -0.735876638567894E-001  0.993755378173100E+000  0.102597078734161E+001  0.148022549515789E+002 -0.506340857321307E-002  0.264728587122616E-002 -0.258058066030283E+000
      1.21000000 -0.263337843597949E-004  0.998677072635614E-005 -0.140025626372755E-002  0.269108469293911E-004 -0.136718407426837E-003 -0.743776439701503E-001  0.994994260199406E+000  0.102543126105715E+001  0.148351324903564E+002 -0.489839925201788E-002  0.185765895200176E-002 -0.260464433868016E+000
      1.22000000 -0.219410739603652E-004  0.489687770172200E-005 -0.142232355760393E-002  0.209393799943534E-004 -0.136545770556996E-003 -0.751807859850859E-001  0.996136950589010E+000  0.102519095878988E+001  0.148698992566044E+002 -0.404784921339263E-002  0.903411682983335E-003 -0.262400614675339E+000
      1.23000000 -0.142458001662121E-004 -0.539379159417523E-006 -0.143893209274035E-002  0.175204607293501E-004 -0.138217930561831E-003 -0.759962759403340E-001  0.996793976609645E+000  0.102529213844276E+001  0.149063602269566E+002 -0.260680179892133E-002 -0.986995849067941E-004 -0.263306428850361E+000
      1.24000000 -0.490904145538728E-005 -0.558700516962291E-005 -0.144743726233822E-002  0.183417925497803E-004 -0.141712334299773E-003 -0.768219234579589E-001  0.996670750313657E+000  0.102572244469770E+001  0.149440768334126E+002 -0.891048390239652E-003 -0.101410672692320E-002 -0.262726777579761E+000
      1.25000000  0.359810927189949E-005 -0.957519348003770E-005 -0.144634080016828E-002  0.239444871701855E-004 -0.146645064777548E-003 -0.776545008836894E-001  0.995688565401929E+000  0.102640485057895E+001  0.149824377705936E+002  0.647874088605437E-003 -0.172410543435920E-002 -0.260427534827814E+000
      1.26000000  0.878670041088088E-005 -0.121087099880785E-004 -0.143569615835080E-002  0.333887419978330E-004 -0.152340273871161E-003 -0.784904072959760E-001  0.994035750722160E+000  0.102721262659375E+001  0.150207844627023E+002  0.156957310891181E-002 -0.216298549992266E-002 -0.256459191430370E+000
      1.27000000  0.902642286180224E-005 -0.132033208192730E-004 -0.141710299636066E-002  0.444547041674407E-004 -0.158030840691962E-003 -0.793264591507322E-001  0.992121559144781E+000  0.102800685900423E+001  0.150585530457934E+002  0.159969883913869E-002 -0.233994543694019E-002 -0.251144673025598E+000
      1.28000000  0.415752426587533E-005 -0.132703222886967E-004 -0.139328763493291E-002  0.543402075484013E-004 -0.163112605566063E-003 -0.801605496743179E-001  0.990444848029772E+000  0.102868163013650E+001  0.150953866153880E+002  0.731056762066404E-003 -0.233344611445333E-002 -0.244994925316872E+000
      1.29000000 -0.442070571734204E-005 -0.129452410413236E-004 -0.136742684741274E-002  0.606011658526477E-004 -0.167341852475398E-003 -0.809919666109063E-001  0.989426529828215E+000  0.102919719547875E+001  0.151311826441897E+002 -0.771308594197808E-003 -0.225863839566739E-002 -0.238583644056815E+000
      1.30000000 -0.142309535228275E-004 -0.128295460027601E-004 -0.134246800197400E-002  0.619678409104151E-004 -0.170887743945377E-003 -0.818213029251482E-001  0.989271245989412E+000  0.102958651683322E+001  0.151660677379219E+002 -0.246386508613798E-002 -0.222123348351160E-002 -0.232427154934869E+000
      1.31000000 -0.225755166148238E-004 -0.132554140271220E-004 -0.132067403108502E-002  0.587199369214227E-004 -0.174215783474787E-003 -0.826500697350958E-001  0.989911175665198E+000  0.102993246464449E+001  0.152003223867964E+002 -0.387875793700448E-002 -0.227744699017074E-002 -0.226908423300624E+000
      1.32000000 -0.274260707277586E-004 -0.141739200064765E-004 -0.130348574827600E-002  0.524944308641431E-004 -0.177853402225742E-003 -0.834802320291836E-001  0.991049123276287E+000  0.103032595747796E+001  0.152342959712045E+002 -0.467644613073940E-002 -0.241680895632672E-002 -0.222258629189258E+000
      1.33000000 -0.280074385225509E-004 -0.152126495011827E-004 -0.129162224818360E-002  0.456397604082836E-004 -0.182140108417080E-003 -0.843138733613881E-001  0.992276431717575E+000  0.103082337750556E+001  0.152683474285772E+002 -0.473966913738399E-002 -0.257442055190232E-002 -0.218579864129495E+000
      1.34000000 -0.248914559161231E-004 -0.158749563393359E-004 -0.128523297602970E-002  0.404033244414882E-004 -0.187070575476006E-003 -0.851530666254401E-001  0.993213613687377E+000  0.103142150331573E+001  0.153028231912364E+002 -0.418091922052283E-002 -0.266645351351661E-002 -0.215875490386714E+000
      1.35000000 -0.196355008094609E-004 -0.157919881508552E-004 -0.128393565283819E-002  0.382699056282636E-004 -0.192298193776963E-003 -0.859998657982646E-001  0.993619570735755E+000  0.103206030960604E+001  0.153380562729976E+002 -0.327366691728283E-002 -0.263286939657112E-002 -0.214060120564437E+000
      1.36000000 -0.141736308449973E-004 -0.149158415594053E-004 -0.128670679415118E-002  0.396576753816747E-004 -0.197296875602650E-003 -0.868562415933763E-001  0.993436815384732E+000  0.103265183362699E+001  0.153743561133955E+002 -0.234567848491080E-002 -0.246851135131579E-002 -0.212944761750605E+000
      1.37000000 -0.102215771695166E-004 -0.135674738957509E-004 -0.129174935754470E-002  0.439980479987894E-004 -0.201609721884156E-003 -0.877238224011704E-001  0.992771650925778E+000  0.103312204774574E+001  0.154119668776702E+002 -0.167928195069915E-002 -0.222897246206417E-002 -0.212218852822556E+000
      1.38000000 -0.888617324657789E-005 -0.123163297825657E-004 -0.129654123552056E-002  0.500733509297849E-004 -0.205074161547417E-003 -0.886034489748618E-001  0.991833163809514E+000  0.103344707420535E+001  0.154509971921879E+002 -0.144931225726919E-002 -0.200876206474101E-002 -0.211462578159675E+000
      1.39000000 -0.105357098251727E-004 -0.117435320037575E-004 -0.129821278103673E-002  0.564289375863548E-004 -0.207922424330982E-003 -0.894947166475191E-001  0.990862795416722E+000  0.103366765014238E+001  0.154913508938474E+002 -0.170598526607621E-002 -0.190156077782602E-002 -0.210211928140702E+000
      1.40000000 -0.148722548134840E-004 -0.121936289568846E-004 -0.129423728660332E-002  0.617177138109752E-004 -0.210711628788151E-003 -0.903957594485230E-001  0.990077797868340E+000  0.103387558033550E+001  0.155326996369339E+002 -0.239097512368806E-002 -0.196033915966530E-002 -0.208071284094220E+000
      1.41000000 -0.211035299637600E-004 -0.136253823877025E-004 -0.128323619483133E-002  0.649241492282288E-004 -0.214115770516529E-003 -0.913034730135890E-001  0.989636333473869E+000  0.103417872193933E+001  0.155745267090702E+002 -0.336869946958870E-002 -0.217498297683933E-002 -0.204839526672017E+000
      1.42000000 -0.281390959713865E-004 -0.156248221917986E-004 -0.126560104629956E-002  0.654862094017488E-004 -0.218675893231651E-003 -0.922142033848559E-001  0.989620228726076E+000  0.103466082058500E+001  0.156162428408372E+002 -0.446013569431270E-002 -0.247658372698945E-002 -0.200601767985017E+000
      1.43000000 -0.347888229859823E-004 -0.175649097994470E-004 -0.124366925463671E-002  0.633504359156408E-004 -0.224621947095734E-003 -0.931247322410759E-001  0.990028974069939E+000  0.103535431487693E+001  0.156573438127916E+002 -0.547557804545264E-002 -0.276462456079534E-002 -0.195747009585152E+000
      1.44000000 -0.399707903115359E-004 -0.188252208224386E-004 -0.122134120989753E-002  0.589677879918647E-004 -0.231839274554697E-003 -0.940332595301415E-001  0.990783232755580E+000  0.103623687956517E+001  0.156975610895056E+002 -0.624750365280391E-002 -0.294241457164988E-002 -0.190897743344159E+000
      1.45000000 -0.429209993175221E-004 -0.189605807288688E-004 -0.120321935258284E-002  0.532073273166055E-004 -0.239973885520743E-003 -0.949400742618477E-001  0.991740957185488E+000  0.103724965516661E+001  0.157369578155235E+002 -0.666236003352929E-002 -0.294313313457618E-002 -0.186768263872746E+000
      1.46000000 -0.433591078131877E-004 -0.177449181646425E-004 -0.119350448748358E-002  0.471687834942508E-004 -0.248596286266389E-003 -0.958477053337765E-001  0.992728431570205E+000  0.103832375509958E+001  0.157759407078697E+002 -0.668426650343626E-002 -0.273556740616470E-002 -0.183991379660282E+000
      1.47000000 -0.415436515223914E-004 -0.150964430049183E-004 -0.119495037508488E-002  0.419181813258557E-004 -0.257316866249282E-003 -0.967605048098901E-001  0.993581827686949E+000  0.103939827383741E+001  0.158151845649037E+002 -0.636082734389954E-002 -0.231144504496791E-002 -0.182961120217037E+000
      1.48000000 -0.381746577756167E-004 -0.109665955197491E-004 -0.120814857303997E-002  0.382228574935906E-004 -0.265784926794420E-003 -0.976837744930446E-001  0.994187168802842E+000  0.104041986956271E+001  0.158554903809738E+002 -0.580550111137466E-002 -0.166777087700746E-002 -0.183732043512103E+000
      1.49000000 -0.341639405746457E-004 -0.530053776300726E-005 -0.123131744686632E-002  0.363822533184062E-004 -0.273588020267226E-003 -0.986226591543859E-001  0.994504216694599E+000  0.104132730485886E+001  0.158976139265315E+002 -0.516069229175112E-002 -0.800681769010802E-003 -0.185998756286842E+000
      1.50000000 -0.303563303342598E-004  0.186882602940104E-005 -0.126063790121591E-002  0.362181945550238E-004 -0.280148242009255E-003 -0.995810778906838E-001  0.994565472211677E+000  0.104203614853678E+001  0.159421069061259E+002 -0.455495705348874E-002  0.280416710802380E-003 -0.189158288792178E+000
      1.51000000 -0.273080513143433E-004  0.102259701891551E-004 -0.129104513673690E-002  0.372184638023756E-004 -0.284735593228776E-003 -0.100560947590036E+000  0.994452366375107E+000  0.104244153545905E+001  0.159892079684924E+002 -0.407042763791053E-002  0.152424174113527E-002 -0.192437964389047E+000
      1.52000000 -0.251963691511115E-004  0.189984089112575E-004 -0.131727665289015E-002  0.387613608160288E-004 -0.286663538694757E-003 -0.101561876381410E+000  0.994260398991666E+000  0.104244779597791E+001  0.160388076118839E+002 -0.373096049110537E-002  0.281319552895339E-002 -0.195056165367059E+000
      1.53000000 -0.238680182021451E-004  0.269502287749787E-004 -0.133491595745285E-002  0.403247562734629E-004 -0.285622400088421E-003 -0.102581384653301E+000  0.994067925510761E+000  0.104201720009489E+001  0.160904920750407E+002 -0.351116472782771E-002  0.396458105068348E-002 -0.196376162642677E+000
      1.54000000 -0.229738662243643E-004  0.326290135794105E-004 -0.134117855751263E-002  0.416106832113880E-004 -0.282001628491331E-003 -0.103615573579868E+000  0.993918504338459E+000  0.104121517715788E+001  0.161436509223579E+002 -0.335768261872863E-002  0.476880428796345E-002 -0.196016285948244E+000
      1.55000000 -0.221170307470516E-004  0.348262356882370E-004 -0.133526573158187E-002  0.425725063947202E-004 -0.277014763000120E-003 -0.104660045145166E+000  0.993818074076380E+000  0.104022513329937E+001  0.161976169843368E+002 -0.321159962866705E-002  0.505709499993002E-002 -0.193893067146541E+000
      1.56000000 -0.209653676850517E-004  0.330845919438557E-004 -0.131824071140775E-002  0.433778913164382E-004 -0.272500889410345E-003 -0.105710822335239E+000  0.993741502062539E+000  0.103931602488212E+001  0.162518009399334E+002 -0.302485221003080E-002  0.477339594338205E-002 -0.190193818165058E+000
      1.57000000 -0.193220816480533E-004  0.280259917527033E-004 -0.129251717236887E-002  0.443508318519220E-004 -0.270412632922376E-003 -0.106765042710980E+000  0.993641884791308E+000  0.103876623283520E+001  0.163057882675984E+002 -0.277000489190962E-002  0.401779351053659E-002 -0.185294677641509E+000
      1.58000000 -0.171763116328594E-004  0.213179703006645E-004 -0.126114365895885E-002  0.459120217008729E-004 -0.272150831063698E-003 -0.107821289850022E+000  0.993459731083982E+000  0.103876848709628E+001  0.163593809282785E+002 -0.244680353647111E-002  0.303679196308158E-002 -0.179652700224381E+000
      1.59000000 -0.147504603358822E-004  0.152306175700635E-004 -0.122709227930812E-002  0.485049127075682E-004 -0.277998184513150E-003 -0.108879545234339E+000  0.993133824836925E+000  0.103935238975466E+001  0.164125837471777E+002 -0.208802034162527E-002  0.215598961507975E-002 -0.173702622284529E+000
      1.60000000 -0.125312475676997E-004  0.119036662717110E-004 -0.119272066160389E-002  0.524841012301038E-004 -0.286892792298084E-003 -0.109940843273476E+000  0.992616979788636E+000  0.104035765564023E+001  0.164655495458302E+002 -0.176279010019272E-002  0.167450726245782E-002 -0.167781871933490E+000
      1.61000000 -0.112442405696645E-004  0.125721183165214E-004 -0.115950199019504E-002  0.579644169707888E-004 -0.296669026512323E-003 -0.111006767898490E+000  0.991896700862907E+000  0.104147368320380E+001  0.165185041708709E+002 -0.157192032055361E-002  0.175755473495120E-002 -0.162095850655064E+000
      1.62000000 -0.117324780527131E-004  0.170348490739287E-004 -0.112804052447240E-002  0.646694570099323E-004 -0.304722969816869E-003 -0.112078940646679E+000  0.991015157357651E+000  0.104233664638460E+001  0.165716731172938E+002 -0.163005032023458E-002  0.236673455201426E-002 -0.156724164314853E+000
      1.63000000 -0.147348943517815E-004  0.235796849630549E-004 -0.109832531069847E-002  0.718490977922000E-004 -0.308899118383393E-003 -0.113158632547615E+000  0.990078896275528E+000  0.104265356543158E+001  0.166252279474859E+002 -0.203463118849401E-002  0.325594207161004E-002 -0.151659515087686E+000
      1.64000000 -0.206129552320510E-004  0.294274317264204E-004 -0.107012282780071E-002  0.783332479594658E-004 -0.308303676678553E-003 -0.114246596408906E+000  0.989249502521080E+000  0.104231176397268E+001  0.166792649183232E+002 -0.282893316730500E-002  0.403863670697891E-002 -0.146864237882227E+000
      1.65000000 -0.291161574535669E-004  0.315799987785908E-004 -0.104336959311594E-002  0.827491978639468E-004 -0.303759216787673E-003 -0.115343160340599E+000  0.988712282703159E+000  0.104143542480069E+001  0.167338200207035E+002 -0.397169957643028E-002  0.430778917075929E-002 -0.142324775432590E+000
      1.66000000 -0.392857639224703E-004  0.278139527909972E-004 -0.101841200453145E-002  0.838678731880536E-004 -0.297722500851573E-003 -0.116448543146094E+000  0.988628603121519E+000  0.104036731334829E+001  0.167889135577100E+002 -0.532664053892280E-002  0.377121159656183E-002 -0.138083471645567E+000
      1.67000000 -0.495641775198667E-004  0.174981385972961E-004 -0.995977338544105E-003  0.809858594116851E-004 -0.293658146590533E-003 -0.117563260840532E+000  0.989085119139969E+000  0.103957781897849E+001  0.168446054028790E+002 -0.668001915994645E-002  0.235831414828754E-002 -0.134232989172076E+000
      1.68000000 -0.581141996793432E-004  0.195553855406672E-005 -0.976858721585740E-003  0.742188587694415E-004 -0.295042225577968E-003 -0.118688430679164E+000  0.990056683443334E+000  0.103952766581360E+001  0.169010345540746E+002 -0.778572849852210E-002  0.261989192561621E-003 -0.130872606516912E+000
      1.69000000 -0.632782765694710E-004 -0.157725602913777E-004 -0.961432396595949E-003  0.645919806233503E-004 -0.304302768682574E-003 -0.119825793130065E+000  0.991397628921670E+000  0.104052709502183E+001  0.169584197188615E+002 -0.842741174669886E-002 -0.210059228982228E-002 -0.128043731782648E+000
      1.70000000 -0.640469024387621E-004 -0.317073541323368E-004 -0.949232998466649E-003  0.538644602046858E-004 -0.322039906450070E-003 -0.120977383589869E+000  0.992868520040618E+000  0.104263703990057E+001  0.170170135063292E+002 -0.847960231044463E-002 -0.419795092535073E-002 -0.125675372585648E+000
      1.71000000 -0.603808418947727E-004 -0.420179504953337E-004 -0.938820479988180E-003  0.441100881436583E-004 -0.346786123777653E-003 -0.122144957496505E+000  0.994194119526202E+000  0.104564485969893E+001  0.170770257677157E+002 -0.794747790588408E-002 -0.553050806734620E-002 -0.123569907079144E+000
      1.72000000 -0.532604255972521E-004 -0.440603914114578E-004 -0.928052798138744E-003  0.371660044855167E-004 -0.375386914033072E-003 -0.123329417252483E+000  0.995136558418849E+000  0.104912210370743E+001  0.171385498481182E+002 -0.696951345901166E-002 -0.576562217646493E-002 -0.121442448023456E+000
      1.73000000 -0.444184268679146E-004 -0.370340635760731E-004 -0.914678860765600E-003  0.341273530139930E-004 -0.403865394678758E-003 -0.124530515918426E+000  0.995560001972173E+000  0.105254323577765E+001  0.172015274039966E+002 -0.577887560197970E-002 -0.481816357608392E-002 -0.119000507781222E+000
      1.74000000 -0.358289158172226E-004 -0.220620723154078E-004 -0.896994032190620E-003  0.350693566618656E-004 -0.428465323067993E-003 -0.125746987934941E+000  0.995463668057968E+000  0.105542334151798E+001  0.172657696713279E+002 -0.463458331548951E-002 -0.285379866864299E-002 -0.116029008438095E+000
      1.75000000 -0.291278065880943E-004 -0.171990280456342E-005 -0.874262065114613E-003  0.391057186194322E-004 -0.446517588065315E-003 -0.126977039199663E+000  0.994970457320124E+000  0.105742841062058E+001  0.173310242226726E+002 -0.374624355664415E-002 -0.221203569865899E-003 -0.112442336443992E+000
      1.76000000 -0.251795841319523E-004  0.207616799485428E-004 -0.846736943823600E-003  0.447621018860782E-004 -0.456869770828587E-003 -0.128218941870772E+000  0.994275677686932E+000  0.105842598343519E+001  0.173970528411912E+002 -0.322004662889014E-002  0.265507075804186E-002 -0.108283458028047E+000
      1.77000000 -0.239489536793820E-004  0.422969983766982E-004 -0.815346362102181E-003  0.505109477967947E-004 -0.459815456631272E-003 -0.129471439771675E+000  0.993576991053836E+000  0.105847046868748E+001  0.174636826707698E+002 -0.304536640953127E-002  0.537851714963604E-002 -0.103680037822161E+000
      1.78000000 -0.247025750295675E-004  0.604771697911628E-004 -0.781287331725616E-003  0.552466963297822E-004 -0.456667709999730E-003 -0.130733809423609E+000  0.993014257290781E+000  0.105774396185834E+001  0.175308120973939E+002 -0.312355027315383E-002  0.764711695014188E-002 -0.987909258651042E-001
      1.79000000 -0.264183986750935E-004  0.737292473200282E-004 -0.745811877258766E-003  0.585196125757117E-004 -0.449240622174585E-003 -0.132005657461369E+000  0.992641747498007E+000  0.105648748832430E+001  0.175983832862119E+002 -0.332184783175282E-002  0.927071104342537E-002 -0.937783397789068E-001
      1.80000000 -0.281979069243157E-004  0.811949761526197E-004 -0.710322659098417E-003  0.604756443016324E-004 -0.439479656974102E-003 -0.133286717614094E+000  0.992438041765292E+000  0.105495314435124E+001  0.176663555796437E+002 -0.352590529510234E-002  0.101527321556395E-001 -0.888197280623890E-001
      1.81000000 -0.295065772625061E-004  0.825419552322227E-004 -0.676650389039755E-003  0.615974938436125E-004 -0.429336285742614E-003 -0.134576915755138E+000  0.992340317935672E+000  0.105338820205603E+001  0.177347131118576E+002 -0.366915902798172E-002  0.102641372983784E-001 -0.841418461261979E-001
      1.82000000 -0.301901135946631E-004  0.779033913695745E-004 -0.647207296158096E-003  0.624217564692329E-004 -0.420801576184507E-003 -0.135876784464263E+000  0.992280469765469E+000  0.105203939577855E+001  0.178035153954662E+002 -0.373352990784249E-002  0.963410225962452E-002 -0.800383804189222E-001
      1.83000000 -0.303489848661708E-004  0.680040487662877E-004 -0.624727953390061E-003  0.633730550254154E-004 -0.415902787336281E-003 -0.137188037973157E+000  0.992205651330823E+000  0.105115251798546E+001  0.178729659754321E+002 -0.373266792499796E-002  0.836392165073251E-002 -0.768362435762393E-001
      1.84000000 -0.302126651936688E-004  0.543547246814304E-004 -0.611527644445403E-003  0.647382010506287E-004 -0.416492554312906E-003 -0.138513933244491E+000  0.992081023037754E+000  0.105094665729082E+001  0.179434526834527E+002 -0.369570664235169E-002  0.664883802076670E-002 -0.748039526824718E-001
      1.85000000 -0.301013206354333E-004  0.392940534370891E-004 -0.608510491047424E-003  0.666901281207881E-004 -0.423809309035251E-003 -0.139859068219616E+000  0.991886353188575E+000  0.105156144013816E+001  0.180155181116708E+002 -0.366218346066165E-002  0.478058867723799E-002 -0.740325344174354E-001
      1.86000000 -0.304425158089434E-004  0.256945091067668E-004 -0.614370412108984E-003  0.692494835976297E-004 -0.437973799578522E-003 -0.141228507128449E+000  0.991620272994180E+000  0.105299824179909E+001  0.180897496081307E+002 -0.368378157635856E-002  0.310923577588413E-002 -0.743436061392144E-001
      1.87000000 -0.317235844553677E-004  0.163185666373934E-004 -0.625421529379971E-003  0.721608750403943E-004 -0.457696836131714E-003 -0.142626454067535E+000  0.991314667285485E+000  0.105508870703078E+001  0.181666184310357E+002 -0.381827251592586E-002  0.196411394111301E-002 -0.752761668486615E-001
      1.88000000 -0.342877529277756E-004  0.130225239775104E-004 -0.636265185660079E-003  0.747917878919993E-004 -0.480431827985351E-003 -0.144054946696609E+000  0.991045891731122E+000  0.105751752598571E+001  0.182463264449776E+002 -0.410494601967788E-002  0.155906273823903E-002 -0.761739693714129E-001
      1.89000000 -0.380199551225123E-004  0.161396305892519E-004 -0.641160838210442E-003  0.762219675938843E-004 -0.503018900900339E-003 -0.145513085824124E+000  0.990922952109489E+000  0.105990302792539E+001  0.183287215013798E+002 -0.452768361059487E-002  0.192202070372099E-002 -0.763539412281365E-001
      1.90000000 -0.421187547633465E-004  0.243458583750884E-004 -0.635678817538305E-003  0.756069210347124E-004 -0.522625153285946E-003 -0.146997138910278E+000  0.991043584619899E+000  0.106191031054907E+001  0.184133190156276E+002 -0.498939856021820E-002  0.288401666683773E-002 -0.753026767958234E-001
      1.91000000 -0.451857380864846E-004  0.351198996841076E-004 -0.618095387675983E-003  0.727037100878701E-004 -0.537615210069685E-003 -0.148501546923854E+000  0.991432591362396E+000  0.106335260179833E+001  0.184994293176406E+002 -0.532468951461704E-002  0.413853064089495E-002 -0.728363897363420E-001
      1.92000000 -0.457211584773292E-004  0.456416816135878E-004 -0.590073115262169E-003  0.682704990292143E-004 -0.547984500355536E-003 -0.150020559237447E+000  0.991996902198967E+000  0.106423819383419E+001  0.185863546453534E+002 -0.535972210652852E-002  0.535040532808855E-002 -0.691720863089458E-001
      1.93000000 -0.428587756100652E-004  0.537642256922944E-004 -0.556395457789980E-003  0.640367001748944E-004 -0.555167180473768E-003 -0.151550026983721E+000  0.992532110021547E+000  0.106474298975592E+001  0.186735984935990E+002 -0.499814356444101E-002  0.626992523272147E-002 -0.648862301139583E-001
      1.94000000 -0.369670069178927E-004  0.586515763649670E-004 -0.523801096952716E-003  0.621372918226344E-004 -0.561309457534561E-003 -0.153088842728189E+000  0.992790969437382E+000  0.106512187634446E+001  0.187610274547130E+002 -0.428883002240086E-002  0.680462559854837E-002 -0.607702396725543E-001
      1.95000000 -0.297440532718296E-004  0.608277819634593E-004 -0.499211874449702E-003  0.642159900526347E-004 -0.568340849172873E-003 -0.154639608810702E+000  0.992588009622420E+000  0.106559950102462E+001  0.188489390501980E+002 -0.343314237560325E-002  0.702091386013248E-002 -0.576204401234310E-001
      1.96000000 -0.236755675199118E-004  0.616566107981121E-004 -0.487820737638057E-003  0.706335261191668E-004 -0.577259608831540E-003 -0.156208311347829E+000  0.991888875053039E+000  0.106628898585874E+001  0.189380133020463E+002 -0.271875831344217E-002  0.708027053818477E-002 -0.560183693509156E-001
      1.97000000 -0.210759426226395E-004  0.625333133470411E-004 -0.491573850641431E-003  0.802050530929591E-004 -0.587931746058656E-003 -0.157803034796016E+000  0.990836491648747E+000  0.106717179600556E+001  0.190291561621480E+002 -0.240794773876956E-002  0.714449423059389E-002 -0.561628090986915E-001
      1.98000000 -0.231798464699147E-004  0.641885717594302E-004 -0.508517010969429E-003  0.906195599289779E-004 -0.599445060667961E-003 -0.159432030731052E+000  0.989698913499598E+000  0.106814130886333E+001  0.191232742774570E+002 -0.263494552103065E-002  0.729657074641909E-002 -0.578051551014748E-001
      1.99000000 -0.297255724530012E-004  0.664240828132264E-004 -0.533263180862599E-003  0.993223570508023E-004 -0.610791367771782E-003 -0.161101687352016E+000  0.988766367387941E+000  0.106908218886364E+001  0.192210453178202E+002 -0.336204425705852E-002  0.751274702970574E-002 -0.603135370245442E-001
      2.00000000 -0.391851481567892E-004  0.683647157505727E-004 -0.558499038703588E-003  0.104403259368174E-003 -0.621506410328084E-003 -0.162815041810133E+000  0.988250744801087E+000  0.106994261929078E+001  0.193227562819941E+002 -0.440978862621275E-002  0.769357677926529E-002 -0.628519432610369E-001
      2.01000000 -0.494327024409920E-004  0.690476539454965E-004 -0.577076435153633E-003  0.105079263183908E-003 -0.631946314548548E-003 -0.164571356820876E+000  0.988233501685494E+000  0.107076367895709E+001  0.194282658059719E+002 -0.553534343817575E-002  0.773177389289754E-002 -0.646194948064307E-001
      2.02000000 -0.584403642043494E-004  0.680106246638723E-004 -0.583977832136725E-003  0.101650899167744E-003 -0.643089016225144E-003 -0.166366938747729E+000  0.988673750332509E+000  0.107165491713130E+001  0.195371059193821E+002 -0.651160158008302E-002  0.757794885526645E-002 -0.650685707771811E-001
      2.03000000 -0.646744043830913E-004  0.655661899069227E-004 -0.577443525132823E-003  0.951377381644655E-004 -0.656003776117111E-003 -0.168196909367554E+000  0.989451685746473E+000  0.107273385005245E+001  0.196486865329289E+002 -0.717071852615634E-002  0.726959447311083E-002 -0.640235503206507E-001
      2.04000000 -0.671529104718217E-004  0.626354947388724E-004 -0.558849623940729E-003  0.869313894148546E-004 -0.671297061574856E-003 -0.170057249548153E+000  0.990408804817725E+000  0.107406462943007E+001  0.197625239117425E+002 -0.740902308968541E-002  0.691061375439421E-002 -0.616582325076780E-001
      2.05000000 -0.653906656198202E-004  0.602570223935175E-004 -0.531431033238120E-003  0.786616695445875E-004 -0.688836583542517E-003 -0.171946304759722E+000  0.991363543811544E+000  0.107562904536877E+001  0.198784033751345E+002 -0.717940036143586E-002  0.661576517459309E-002 -0.583471068224077E-001
      2.06000000 -0.594890834353314E-004  0.590531939166442E-004 -0.498434599767089E-003  0.721834266083386E-004 -0.707889535176763E-003 -0.173865168961339E+000  0.992113277689900E+000  0.107734362931338E+001  0.199964147093889E+002 -0.649974521274173E-002  0.645212015871898E-002 -0.544586958920412E-001
      2.07000000 -0.504043368844849E-004  0.589456891237153E-004 -0.461527095383269E-003  0.694058497855958E-004 -0.727582413357322E-003 -0.175816863063909E+000  0.992453388274930E+000  0.107911122749104E+001  0.201168554864171E+002 -0.548054610529095E-002  0.640926132390225E-002 -0.501825970032274E-001
      2.08000000 -0.401329073777827E-004  0.592640161941060E-004 -0.420141789282048E-003  0.717779408946678E-004 -0.747422707279149E-003 -0.177804767990252E+000  0.992232988717096E+000  0.108087778122605E+001  0.202400565120831E+002 -0.434273734428239E-002  0.641289338635800E-002 -0.454630764981368E-001
      2.09000000 -0.314545420048468E-004  0.591775584569994E-004 -0.371984228613698E-003  0.795676857898295E-004 -0.767601462036991E-003 -0.179831094794051E+000  0.991431264913387E+000  0.108266387937517E+001  0.203662162764931E+002 -0.338737560398845E-002  0.637289895335154E-002 -0.400594070287318E-001
      2.10000000 -0.270994425746977E-004  0.582154633688223E-004 -0.314358724986675E-003  0.913777851782900E-004 -0.788921854157093E-003 -0.181896113050308E+000  0.990206281698862E+000  0.108455532585026E+001  0.204953214045492E+002 -0.290447296546539E-002  0.623943607182005E-002 -0.336924427749839E-001
      2.11000000 -0.286346286674417E-004  0.566034243849655E-004 -0.245602970856060E-003  0.104352938745459E-003 -0.812396863123399E-003 -0.183998445949527E+000  0.988868632933976E+000  0.108665867770884E+001  0.206271831542582E+002 -0.305446656633294E-002  0.603790848248073E-002 -0.261985609027597E-001
      2.12000000 -0.356801623984180E-004  0.552492640782781E-004 -0.165916826356065E-003  0.115174481295821E-003 -0.838722855668715E-003 -0.186136191488877E+000  0.987772246375416E+000  0.108904486760468E+001  0.207615605864845E+002 -0.378806338161313E-002  0.586566035711987E-002 -0.176149269528196E-001
      2.13000000 -0.459926292992244E-004  0.553871628286838E-004 -0.772349333052106E-004  0.121416580781125E-003 -0.867887231176136E-003 -0.188308230761762E+000  0.987170058664430E+000  0.109170858041171E+001  0.208983000355911E+002 -0.485998478940368E-002  0.585269363759048E-002 -0.816132077668064E-002
      2.14000000 -0.564758336454644E-004  0.580503144495927E-004  0.176797558534362E-004  0.122524969290835E-003 -0.899093390519847E-003 -0.190515042211439E+000  0.987113436904791E+000  0.109456214331233E+001  0.210374187094588E+002 -0.593984555016919E-002  0.610544156167631E-002  0.185946824252933E-002
      2.15000000 -0.645907526041991E-004  0.636111546723320E-004  0.116340938442282E-003  0.119839115844026E-003 -0.931033587304002E-003 -0.192758667596621E+000  0.987454545149799E+000  0.109746600474544E+001  0.211790971527665E+002 -0.676173522167098E-002  0.665918521920281E-002  0.121792453171739E-001
      2.16000000 -0.693534414254999E-004  0.715865714936357E-004  0.217200662529147E-003  0.115653052903644E-003 -0.962386994806998E-003 -0.195041982787082E+000  0.987948818544044E+000  0.110028183445304E+001  0.213235994821071E+002 -0.722670855831243E-002  0.745940328612285E-002  0.226325594593117E-001
      2.17000000 -0.713640806694782E-004  0.807839436459670E-004  0.319535506158788E-003  0.111923462715411E-003 -0.992331990685099E-003 -0.197367826106825E+000  0.988391190629554E+000  0.110292563000262E+001  0.214711810512811E+002 -0.740195119316158E-002  0.837898845538277E-002  0.331425305122876E-001
      2.18000000 -0.719573014486991E-004  0.897213070205059E-004  0.422724500703589E-003  0.109446116724229E-003 -0.102086616701570E-002 -0.199738599730167E+000  0.988700216079187E+000  0.110539951023033E+001  0.216220474983462E+002 -0.742924447419048E-002  0.926329241063127E-002  0.436442667766809E-001
      2.19000000 -0.721525740955948E-004  0.971485263073406E-004  0.525483337109575E-003  0.107957046486435E-003 -0.104881298356560E-002 -0.202156646448530E+000  0.988904850583361E+000  0.110779043278322E+001  0.217763946024112E+002 -0.741538988366360E-002  0.998431737498141E-002  0.540058878131424E-001
      2.20000000 -0.721739611681921E-004  0.102462213446146E-003  0.625674343765871E-003  0.106919475785608E-003 -0.107752184004744E-002 -0.204625194030478E+000  0.989061433397408E+000  0.111023758138078E+001  0.219345051219556E+002 -0.738387160440417E-002  0.104825593073146E-001  0.640106063982126E-001
      2.21000000 -0.718120037569236E-004  0.105854241642481E-003  0.720978081797071E-003  0.106249055452032E-003 -0.110839014898837E-002 -0.207149254335313E+000  0.989179207234945E+000  0.111288251038096E+001  0.220968383959902E+002 -0.731359735285220E-002  0.107805834813512E-001  0.734270472154474E-001
      2.22000000 -0.711805010665833E-004  0.108144473575643E-003  0.810174197940825E-003  0.106318048435114E-003 -0.114240636511608E-002 -0.209735817122513E+000  0.989220954697622E+000  0.111582276146488E+001  0.222640460163697E+002 -0.721662837999649E-002  0.109642172428055E-001  0.821394345641307E-001
      2.23000000 -0.710504003140810E-004  0.110381679750772E-003  0.894353383924533E-003  0.107231354732476E-003 -0.117990155106451E-002 -0.212393039345013E+000  0.989177110977250E+000  0.111908777592898E+001  0.224368856923476E+002 -0.717113571436000E-002  0.111408521608982E-001  0.902673238203963E-001
      2.24000000 -0.722676328631432E-004  0.113396542979204E-003  0.977335278006392E-003  0.108087194275701E-003 -0.122060230719998E-002 -0.215128705256807E+000  0.989139432959918E+000  0.112264573315513E+001  0.226160641539830E+002 -0.726142885656012E-002  0.113940487158713E-001  0.982023391258640E-001
      2.25000000 -0.745916161154532E-004  0.117506317725562E-003  0.106494938782673E-002  0.107108914073697E-003 -0.126393680215953E-002 -0.217948686122738E+000  0.989285562554731E+000  0.112643552517201E+001  0.228020842049973E+002 -0.746163110439729E-002  0.117545220356554E-001  0.106530195893833E+000
      2.26000000 -0.759826655422874E-004  0.122485815650263E-003  0.116343919754147E-002  0.102917479137796E-003 -0.130942711160002E-002 -0.220856183586092E+000  0.989750398597507E+000  0.113040647781072E+001  0.229951738810317E+002 -0.756715032112933E-002  0.121984214770122E-001  0.115867471014039E+000
      2.27000000 -0.732832492927832E-004  0.127773250673172E-003  0.127772291096928E-002  0.961907498801470E-004 -0.135697403456732E-002 -0.223852153133808E+000  0.990462518057292E+000  0.113454636092904E+001  0.231953344891285E+002 -0.726616299076311E-002  0.126689424146799E-001  0.126688472710085E+000
      2.28000000 -0.642776731453398E-004  0.132757369009690E-003  0.141030907159814E-002  0.903273730782707E-004 -0.140692809131613E-002 -0.226936698232066E+000  0.991083163392863E+000  0.113888755402403E+001  0.234024832045663E+002 -0.634529145918283E-002  0.131053934982374E-001  0.139221313854740E+000
      2.29000000 -0.498915354247275E-004  0.136977352818538E-003  0.156129313508509E-002  0.901351394247276E-004 -0.145999086781808E-002 -0.230110759832537E+000  0.991140995383116E+000  0.114349637578817E+001  0.236166209622787E+002 -0.490362965533789E-002  0.134629292057778E-001  0.153452950539666E+000
      2.30000000 -0.347718029625853E-004  0.140177187150536E-003  0.172929389734825E-002  0.989119751288350E-004 -0.151709730625122E-002 -0.233377362525816E+000  0.990320625045198E+000  0.114846082742760E+001  0.238379525826651E+002 -0.340271557908900E-002  0.137175256360229E-001  0.169226062038312E+000
      2.31000000 -0.252737075730409E-004  0.142313081381689E-003  0.191277664349758E-002  0.115703629077529E-003 -0.157939989864771E-002 -0.236742013051494E+000  0.988726434912802E+000  0.115388858325428E+001  0.240669211872521E+002 -0.246253976293674E-002  0.138662529300719E-001  0.186371094490855E+000
      2.32000000 -0.256534338849831E-004  0.143679633429082E-003  0.211117054161256E-002  0.134876840450351E-003 -0.164831332582504E-002 -0.240212319305179E+000  0.986914941323106E+000  0.115991089733649E+001  0.243041661009111E+002 -0.248876446488520E-002  0.139390604629874E-001  0.204814928357543E+000
      2.33000000 -0.348500014009870E-004  0.145203013033404E-003  0.232545850440051E-002  0.148908345947245E-003 -0.172540779291897E-002 -0.243797190541541E+000  0.985615678077435E+000  0.116667179386870E+001  0.245504413823039E+002 -0.336645764187880E-002  0.140263923443138E-001  0.224635788760382E+000
      2.34000000 -0.463526929394715E-004  0.148692527087342E-003  0.255821986471220E-002  0.153064608430567E-003 -0.181193856598822E-002 -0.247505960876657E+000  0.985277376606856E+000  0.117428254246414E+001  0.248065290657841E+002 -0.445846527425986E-002  0.143020917776350E-001  0.246064116396322E+000
      2.35000000 -0.518799296590125E-004  0.156642250786328E-003  0.281318738663711E-002  0.148938187099659E-003 -0.190805909075213E-002 -0.251347604405011E+000  0.985735239760958E+000  0.118274699042289E+001  0.250731633929178E+002 -0.496887179987616E-002  0.150026275616992E-001  0.269436901034814E+000
      2.36000000 -0.468953125734701E-004  0.171266179693905E-003  0.309425112115471E-002  0.144034668071688E-003 -0.201217477703303E-002 -0.255330181073578E+000  0.986263334951107E+000  0.119190220869726E+001  0.253509789777508E+002 -0.447243160142728E-002  0.163337492018781E-001  0.295100421291000E+000
      2.37000000 -0.342182205235604E-004  0.192916093837296E-003  0.340379921580999E-002  0.147000692415000E-003 -0.212115446449056E-002 -0.259460912824595E+000  0.986039617749807E+000  0.120144209288751E+001  0.256405201397927E+002 -0.324964073694083E-002  0.183208824933935E-001  0.323252478440468E+000
      2.38000000 -0.226825563592454E-004  0.218668104151412E-003  0.374065701019477E-002  0.161279074746323E-003 -0.223191463365375E-002 -0.263747615876599E+000  0.984747980857211E+000  0.121107018856043E+001  0.259423782505090E+002 -0.214506924932922E-002  0.206792487846337E-001  0.353750617777524E+000
      2.39000000 -0.209370733720473E-004  0.242233522131360E-003  0.409865896939674E-002  0.181719673573682E-003 -0.234415576751345E-002 -0.268202108490027E+000  0.982886835596541E+000  0.122075718191574E+001  0.262575116699352E+002 -0.197171594960984E-002  0.228119608996654E-001  0.385984761020148E+000
      2.40000000 -0.301986094079316E-004  0.256036018859397E-003  0.446754195216154E-002  0.197350811251147E-003 -0.246308258664646E-002 -0.272845308407739E+000  0.981492236136954E+000  0.123099044082884E+001  0.265877161443434E+002 -0.283205692629801E-002  0.240113235280985E-001  0.418970720082989E+000
      2.41000000 -0.413860504722542E-004  0.255237188880018E-003  0.483760691980137E-002  0.199483404193314E-003 -0.260039541788287E-002 -0.277712252720783E+000  0.981369864920753E+000  0.124285588112215E+001  0.269360762479093E+002 -0.386512208277471E-002  0.238370872269360E-001  0.451793324565807E+000
      2.42000000 -0.399164244522740E-004  0.242152090139657E-003  0.520803663869477E-002  0.190033636200608E-003 -0.277224938459817E-002 -0.282854131751327E+000  0.982325733956330E+000  0.125783579234923E+001  0.273071279173271E+002 -0.371246648428487E-002  0.225215943331265E-001  0.484378591905180E+000
      2.43000000 -0.163243140174365E-004  0.228706634145889E-003  0.559636976259465E-002  0.183566643449427E-003 -0.299430097561009E-002 -0.288334769788027E+000  0.982997461428879E+000  0.127734187908372E+001  0.277065026226663E+002 -0.151201097058257E-002  0.211835510824058E-001  0.518353939249233E+000
      2.44000000  0.240733475784277E-004  0.235067750372980E-003  0.604483800902713E-002  0.199764295468517E-003 -0.327576651425921E-002 -0.294221315771758E+000  0.981573013523931E+000  0.130216863887235E+001  0.281400461928490E+002  0.222061329438780E-002  0.216835057882784E-001  0.557597882950647E+000
      2.45000000  0.603004004722767E-004  0.284390655433980E-003  0.661968521589194E-002  0.249484645262320E-003 -0.361551834516435E-002 -0.300572409291469E+000  0.977080559431147E+000  0.133214732614291E+001  0.286127272848772E+002  0.553962526811709E-002  0.261261558550139E-001  0.608131541444663E+000
      2.46000000  0.669487045605542E-004  0.395959993018727E-003  0.740283512051511E-002  0.323326625854748E-003 -0.400272339080615E-002 -0.307429716171395E+000  0.970417652217375E+000  0.136622395421795E+001  0.291278807721250E+002  0.612538437461144E-002  0.362278429452570E-001  0.677312740741890E+000
      2.47000000  0.326813571316793E-004  0.580478284045720E-003  0.848016328945929E-002  0.392295117961283E-003 -0.442230088230637E-002 -0.314818279013510E+000  0.964252783903070E+000  0.140297454148041E+001  0.296872727594595E+002  0.297803230842755E-002  0.528950825776161E-001  0.772740255399955E+000
      2.48000000 -0.256369625947912E-004  0.840723593732522E-003  0.993436444160853E-002  0.424061327905750E-003 -0.486255384984496E-002 -0.322756785538383E+000  0.961513956744179E+000  0.144130517329438E+001  0.302920641235665E+002 -0.232670414971273E-002  0.763005783959874E-001  0.901601618584311E+000
      2.49000000 -0.652061644752502E-004  0.117814067247595E-002  0.118500538931300E-001  0.408071914915596E-003 -0.532040530894849E-002 -0.331272226304327E+000  0.963113823978326E+000  0.148091868016233E+001  0.309441475973192E+002 -0.589407399190852E-002  0.106493739546447E+000  0.107114250648376E+001
      2.50000000 -0.400871870039170E-004  0.160236204158771E-002  0.143332083830195E-001  0.374438264322889E-003 -0.580015975048674E-002 -0.340408145267583E+000  0.966289399389318E+000  0.152218720001919E+001  0.316468759289064E+002 -0.360904127450357E-002  0.144260327975190E+000  0.129041582901098E+001
      2.51000000  0.641377332999968E-004  0.213820866832004E-002  0.175383440642555E-001  0.391201728188651E-003 -0.630477996197374E-002 -0.350215589404540E+000  0.964920506130064E+000  0.156535662828335E+001  0.324042212404242E+002  0.575130184763361E-002  0.191735548358330E+000  0.157268280981161E+001
      2.52000000  0.202932192466629E-003  0.282509003276915E-002  0.216895307827546E-001  0.534284059314796E-003 -0.682289718799541E-002 -0.360722421026417E+000  0.952280272866577E+000  0.160938893158837E+001  0.332180218596907E+002  0.181249443666991E-001  0.252323690255686E+000  0.193720638405797E+001
      2.53000000  0.272539769721818E-003  0.370713289553827E-002  0.270802465263359E-001  0.840191790581507E-003 -0.731778072743136E-002 -0.371887509451884E+000  0.925254648577532E+000  0.165100623242921E+001  0.340839492782581E+002  0.242457509021324E-001  0.329794880351093E+000  0.240911963900186E+001
      2.54000000  0.145573495974479E-003  0.481718660368459E-002  0.340441685828855E-001  0.126479009264065E-002 -0.772430042146472E-002 -0.383555935124041E+000  0.887924415134957E+000  0.168446574055741E+001  0.349876600928586E+002  0.128995592210289E-001  0.426860559039337E+000  0.301672200578747E+001
      2.55000000 -0.267729940068951E-003  0.616135019961970E-002  0.429016364588362E-001  0.167368642354330E-002 -0.795625447104543E-002 -0.395433874584000E+000  0.852272894564965E+000  0.170225487079222E+001  0.359027756104897E+002 -0.236310509115259E-001  0.543828531890964E+000  0.378669175022202E+001
      2.56000000 -0.959523735945246E-003  0.771058775966897E-002  0.538982412861931E-001  0.187770807787642E-002 -0.792116700965201E-002 -0.407094733212718E+000  0.834912426274287E+000  0.169642680782336E+001  0.367916561016292E+002 -0.843610608942896E-001  0.677912738535232E+000  0.473871843384926E+001
      2.57000000 -0.179724942219173E-002  0.940206567760874E-002  0.671558801259106E-001  0.170525759121283E-002 -0.753588484412372E-002 -0.418014235734010E+000  0.850657594033572E+000  0.165997487975229E+001  0.376086930293824E+002 -0.157398831833370E+000  0.823410560717577E+000  0.588135233320581E+001
      2.58000000 -0.254938502151703E-002  0.111472086985551E-001  0.826495026559610E-001  0.108272991287659E-002 -0.673654364419577E-002 -0.427618973969091E+000  0.905544618846641E+000  0.158768377044117E+001  0.383046987012198E+002 -0.222403695557181E+000  0.972462138429973E+000  0.721019174095196E+001
      2.59000000 -0.296041218833103E-002  0.128396612628137E-001  0.100207795810115E+000  0.859704577617219E-004 -0.548096918238583E-002 -0.435328389876478E+000  0.992529051363047E+000  0.147630360833741E+001  0.388306237473908E+002 -0.257263808743828E+000  0.111578386701422E+001  0.870819250020310E+001
      2.60000000 -0.284715504262938E-002  0.143571826125034E-001  0.119521619630024E+000 -0.106453665081092E-002 -0.374779528896631E-002 -0.440578170080590E+000  0.109215386314909E+001  0.132443581337204E+001  0.391395796576409E+002 -0.246469988574681E+000  0.124285983077352E+001  0.103466413959087E+002
      2.61000000 -0.217624328650477E-002  0.155571740435546E-001  0.140139476582333E+000 -0.206813764028405E-002 -0.154042845691833E-002 -0.442830196375583E+000  0.117834675304704E+001  0.113283952104606E+001  0.391876554714816E+002 -0.187669290683790E+000  0.134157970108539E+001  0.120849889946100E+002
      2.62000000 -0.108869271113898E-002  0.162730124422605E-001  0.161439424251601E+000 -0.264473907353102E-002  0.109777968724864E-002 -0.441590964709873E+000  0.122719973251971E+001  0.905693815391980E+000  0.389354432614223E+002 -0.935255561663742E-001  0.139795419184216E+001  0.138686626500091E+002
      2.63000000  0.140143243336873E-003  0.163228153558271E-001  0.182588268466124E+000 -0.263188757392722E-002  0.405835381810482E-002 -0.436465736478287E+000  0.122523602831844E+001  0.652687483858993E+000  0.383525867728313E+002  0.119934102951675E-001  0.139690089278237E+001  0.156258408657954E+002
      2.64000000  0.118948653516377E-002  0.155397860974397E-001  0.202520879355764E+000 -0.204000732124977E-002  0.714351432135711E-002 -0.427263361032481E+000  0.117392182129981E+001  0.390976194884149E+000  0.374265466850992E+002  0.101410255959546E+000  0.132485205936441E+001  0.172660165588110E+002
      2.65000000  0.179557891170376E-002  0.138234942794547E-001  0.219981974894130E+000 -0.104623532594580E-002  0.100602854722889E-001 -0.414139425491849E+000  0.108886071049814E+001  0.145542027962473E+000  0.361744226961821E+002  0.152505286232068E+000  0.117408148317762E+001  0.186838984510528E+002
      2.66000000  0.182938552883566E-002  0.111983210612240E-001  0.233661077645041E+000  0.667959377901191E-004  0.124480889382685E-001 -0.397734578617110E+000  0.994348097120850E+000 -0.532884489350407E-001  0.346541005994548E+002  0.154792487081921E+000  0.947540002304475E+000  0.197711082616566E+002
      2.67000000  0.132491135284683E-002  0.785559506274499E-002  0.242419431780416E+000  0.100023730405249E-002  0.139435766278503E-001 -0.379245795764574E+000  0.915682433901399E+000 -0.175409514528540E+000  0.329694959610483E+002  0.111686796838950E+000  0.662207511420794E+000  0.204353670673113E+002
      2.68000000  0.455529256505281E-003  0.415578000511320E-002  0.245566428783371E+000  0.152278477953115E-002  0.142697621533408E-001 -0.360372910604183E+000  0.872111937226269E+000 -0.198417703251891E+000  0.312652049277047E+002  0.382567221148317E-001  0.349014950314494E+000  0.206234100061323E+002
      2.69000000 -0.525077663001300E-003  0.578454046391403E-003  0.243109337406515E+000  0.152366898327282E-002  0.133221810821914E-001 -0.343113571887895E+000  0.872513375486929E+000 -0.114677739040360E+000  0.297085919480047E+002 -0.439336756199240E-001  0.483997210811259E-001  0.203411562181918E+002
      2.70000000 -0.135256781461610E-002 -0.237295056083539E-002  0.235889443275415E+000  0.102624880893863E-002  0.112203422095889E-001 -0.329428394562637E+000  0.914450952707441E+000  0.646619241199828E-001  0.284614548250706E+002 -0.112751300592160E+000 -0.197811347485764E+000  0.196639615683984E+002
      2.71000000 -0.181142512981371E-002 -0.428567229667218E-002  0.225537792299065E+000  0.168959655645802E-003  0.830157933478129E-002 -0.320847783090397E+000  0.985967340076855E+000  0.310526295850151E+000  0.276474727945766E+002 -0.150444866413564E+000 -0.355939301908365E+000  0.187316618695318E+002
      2.72000000 -0.177442733953522E-002 -0.493537795294090E-002  0.214231053323956E+000 -0.832447545429450E-003  0.505388843603866E-002 -0.318124105717753E+000  0.106888334818667E+001  0.581800969024827E+000  0.273241253590645E+002 -0.146830268083861E+000 -0.408392528552510E+000  0.177271857182294E+002
      2.73000000 -0.122223959992734E-002 -0.433511599250873E-002  0.204288685315103E+000 -0.172932574124058E-002  0.200654259920401E-002 -0.321033941659561E+000  0.114257403294357E+001  0.834570859717633E+000  0.274676010323771E+002 -0.100767382818214E+000 -0.357408066965313E+000  0.168425537511633E+002
      2.74000000 -0.247025995137323E-003 -0.272031350544119E-002  0.197706924524050E+000 -0.228549761841605E-002 -0.387288349667438E-003 -0.328401303504162E+000  0.118773985830767E+001  0.103181340435663E+001  0.279761883325239E+002 -0.202916970692509E-001 -0.223457363485647E+000  0.162404325856681E+002
      2.75000000  0.958495159172442E-003 -0.477419929574809E-003  0.195753965611112E+000 -0.232229193349199E-002 -0.183964888904386E-002 -0.338351985641664E+000  0.119006860853751E+001  0.115056655862055E+001  0.286925093608336E+002  0.784482943623312E-001 -0.390745626739153E-001  0.160215360191416E+002
      2.76000000  0.212924790110739E-002  0.195717977320831E-002  0.198741798226800E+000 -0.176080697412222E-002 -0.226435974292536E-002 -0.348739239481365E+000  0.114359156970427E+001  0.118465565768440E+001  0.294392415242254E+002  0.173637458791840E+000  0.159605521762841E+000  0.162071409260869E+002
      2.77000000  0.297621316941277E-002  0.419377840613751E-002  0.206042635672715E+000 -0.653418489067828E-003 -0.175719064725823E-002 -0.357624522009158E+000  0.105309308066474E+001  0.114277934637465E+001  0.300585404490314E+002  0.241830203036542E+000  0.340762648949170E+000  0.167418560373981E+002
      2.78000000  0.325195572421497E-002  0.595346897963741E-002  0.216344059750400E+000  0.808280479240557E-003 -0.535706036684116E-003 -0.363674853894387E+000  0.934559957927714E+000  0.104337185726906E+001  0.304438605789939E+002  0.263284991875334E+000  0.482005034774044E+000  0.175156579130274E+002
      2.79000000  0.282010203805109E-002  0.708789043830388E-002  0.228060147628709E+000  0.232065816334704E-002  0.113392940074537E-002 -0.366361667234429E+000  0.812788188711340E+000  0.908523805728962E+000  0.305550772591034E+002  0.227502877804685E+000  0.571793307660887E+000  0.183980363823816E+002
      2.80000000  0.170745941967297E-002  0.756096957930674E-002  0.239763485467910E+000  0.353254794072604E-002  0.299700104225378E-002 -0.365911000689030E+000  0.716040561588092E+000  0.759089827750965E+000  0.304132971463767E+002  0.137251985268687E+000  0.607779062482642E+000  0.192730872524709E+002
      2.81000000  0.117117361072722E-003  0.741148812956197E-002  0.250497054067518E+000  0.413485392542491E-002  0.484227973170250E-002 -0.363041066652536E+000  0.668807779316354E+000  0.612144611045925E+000  0.300787484231761E+002  0.938082930953773E-002  0.593643029831548E+000  0.200642337329504E+002
      2.82000000 -0.160936670157787E-002  0.671752616122409E-002  0.259871820860707E+000  0.395011217787414E-002  0.650633845366028E-002 -0.358598904126193E+000  0.684727132823953E+000  0.480705385889270E+000  0.296210870929994E+002 -0.128449429154485E+000  0.536150275691412E+000  0.207413183149417E+002
      2.83000000 -0.307556860545668E-002  0.557652145928217E-002  0.267940700270049E+000  0.299218832111859E-002  0.786223293964455E-002 -0.353241704649775E+000  0.762026409349687E+000  0.374703861394350E+000  0.290938857456401E+002 -0.244604959910507E+000  0.443509797039711E+000  0.213097585050349E+002
      2.84000000 -0.393695944171372E-002  0.410272886626952E-002  0.274929490428376E+000  0.147321389792097E-002  0.880834062710731E-002 -0.347283435432218E+000  0.883245469254656E+000  0.301925078215470E+000  0.285227613564740E+002 -0.312010260580230E+000  0.325147749578434E+000  0.217885968142989E+002
      2.85000000 -0.399776325003793E-002  0.243354859109766E-002  0.280961833103930E+000 -0.248440204031863E-003  0.926846377704992E-002 -0.340750875209933E+000  0.101962019379509E+001  0.268036925838544E+000  0.279102910839941E+002 -0.315717377621219E+000  0.192185862804126E+000  0.221885408442788E+002
      2.86000000 -0.326624567857930E-002  0.732100065254926E-003  0.285911167687577E+000 -0.176510071516083E-002  0.920480381351153E-002 -0.333596656352205E+000  0.113890879159438E+001  0.275606109262864E+000  0.272531809181150E+002 -0.257044958604804E+000  0.576143528339484E-001  0.225004581697207E+002
      2.87000000 -0.194994658518604E-002 -0.823449316837320E-003  0.289447094852596E+000 -0.273164321668698E-002  0.863637829982273E-002 -0.325943974332128E+000  0.121422411321799E+001  0.322707858993929E+000  0.265615588571388E+002 -0.152920987441604E+000 -0.645775036072914E-001  0.226993579686900E+002
      2.88000000 -0.392523758708958E-003 -0.206542936582352E-002  0.291244946044481E+000 -0.295683467536527E-002  0.765113463565247E-002 -0.318223929856359E+000  0.123107918671488E+001  0.402057212132009E+000  0.258694752929795E+002 -0.306760711663835E-001 -0.161415090957893E+000  0.227610443788052E+002
      2.89000000  0.102650072127405E-002 -0.287040294573739E-002  0.291242205416650E+000 -0.244593233154331E-002  0.640185351029564E-002 -0.311121201721409E+000  0.119049030209749E+001  0.501420790169358E+000  0.252302581067114E+002  0.799443345087984E-001 -0.223548263058460E+000  0.226820729984591E+002
      2.90000000  0.199594564823575E-002 -0.318944670171806E-002  0.289796551466817E+000 -0.138338983178028E-002  0.508238247875211E-002 -0.305342733631223E+000  0.110736750393276E+001  0.605546673656730E+000  0.246982276440469E+002  0.154909120562740E+000 -0.247538996906852E+000  0.224916590136210E+002
      2.91000000  0.234814070184285E-002 -0.306342541729229E-002  0.287644712262609E+000 -0.651022040086828E-004  0.388852535080697E-002 -0.301319541972700E+000  0.100503534205870E+001  0.699241284632546E+000  0.243056159297024E+002  0.181617378639882E+000 -0.236941207786554E+000  0.222479336863240E+002
      2.92000000  0.208394195278906E-002 -0.261618343930542E-002  0.285659881092133E+000  0.119394782407072E-002  0.297384429975607E-002 -0.298995025311058E+000  0.907970137650535E+000  0.770775174561497E+000  0.240466277234251E+002  0.160630881176673E+000 -0.201656217253566E+000  0.220187507407495E+002
      2.93000000  0.134531428646259E-002 -0.202526164694231E-002  0.284510437898148E+000  0.214450154536347E-002  0.241291669576852E-002 -0.297819825015399E+000  0.835265326800998E+000  0.814646417861885E+000  0.238776946569094E+002  0.103343319947481E+000 -0.155574994232503E+000  0.218553043760631E+002
      2.94000000  0.351628635143755E-003 -0.147631033946100E-002  0.284381058559391E+000  0.265406056314986E-002  0.218311348129738E-002 -0.296976831854774E+000  0.796815874582547E+000  0.832869675416140E+000  0.237353432274526E+002  0.269192638990214E-001 -0.113020339223958E+000  0.217710618480023E+002
      2.95000000 -0.673320649481231E-003 -0.111223303074273E-002  0.284897486686761E+000  0.271318237011217E-002  0.217166862830077E-002 -0.295746465730428E+000  0.792993851084556E+000  0.834309420399764E+000  0.235644017153474E+002 -0.513719667980125E-001 -0.848594178286237E-001  0.217366632646508E+002
      2.96000000 -0.155724059116527E-002 -0.990546873382295E-003  0.285305291178834E+000  0.240406764001945E-002  0.220881343521793E-002 -0.293848123038036E+000  0.817197871975851E+000  0.832044743814736E+000  0.233438231574967E+002 -0.118410517729148E+000 -0.753198759251575E-001  0.216942375064033E+002
      2.97000000 -0.220303221133898E-002 -0.106211912017469E-002  0.284833732048182E+000  0.185152837675815E-002  0.212094826427782E-002 -0.291596696424200E+000  0.859686260656583E+000  0.839268905812928E+000  0.230979723395355E+002 -0.166951633767666E+000 -0.804902086571243E-001  0.215854569319634E+002
      2.98000000 -0.258108051016669E-002 -0.118087346237703E-002  0.283086097126168E+000  0.117926675916291E-002  0.179115470738484E-002 -0.289793596467452E+000  0.910931924544342E+000  0.864717035911913E+000  0.228876329008473E+002 -0.194944758554750E+000 -0.891894271023471E-001  0.213810265263300E+002
      2.99000000 -0.270412623740181E-002 -0.114687639188432E-002  0.280281246586228E+000  0.486651818816796E-003  0.120937339842932E-002 -0.289391912990482E+000  0.963366919692379E+000  0.908963511254768E+000  0.227841930905170E+002 -0.203555128710980E+000 -0.863319797488093E-001  0.210983808503523E+002
      3.00000000 -0.260303509517455E-002 -0.774972188268802E-003  0.277235724304278E+000 -0.152396242676266E-003  0.493615222999188E-003 -0.291078214167123E+000  0.101143350221947E+001  0.962966601744150E+000  0.228380935728767E+002 -0.195292265841874E+000 -0.581421567815248E-001  0.207995631223193E+002
      3.01000000 -0.231606022863300E-002  0.297620641609213E-004  0.275090763273650E+000 -0.678778535516137E-003 -0.131093730505284E-003 -0.294950966694670E+000  0.105075605746581E+001  0.100980260949748E+001  0.230551290764758E+002 -0.173184742751737E+000  0.222547555618279E-002  0.205700708824163E+002
      3.02000000 -0.189254249264292E-002  0.121576173762153E-002  0.274899855120450E+000 -0.104040553393730E-002 -0.397135459097145E-003 -0.300431611882326E+000  0.107753931965385E+001  0.102959770234235E+001  0.233905602459726E+002 -0.141047363272085E+000  0.906082627603966E-001  0.204877300664833E+002
      3.03000000 -0.140154139247852E-002  0.257295233445728E-002  0.277249789316781E+000 -0.119661180777076E-002 -0.867576577101143E-004 -0.306441321844919E+000  0.108888673030830E+001  0.100644453320031E+001  0.237630773432631E+002 -0.104109311775253E+000  0.191124071117994E+000  0.205946716311814E+002
      3.04000000 -0.932697310761956E-003  0.377820588435931E-002  0.282067708928669E+000 -0.113356385665035E-002  0.877472907582934E-003 -0.311762853061502E+000  0.108392641689648E+001  0.935033958056158E+000  0.240821925252561E+002 -0.690547276026789E-001  0.279729527640784E+000  0.208836335012787E+002
      3.05000000 -0.582177278938559E-003  0.449097188396076E-002  0.288681542298079E+000 -0.880189035608814E-003  0.237987042408866E-002 -0.315433398665872E+000  0.106495347496412E+001  0.824377664620691E+000  0.242773808059515E+002 -0.429617227463608E-001  0.331410887920939E+000  0.213032298423154E+002
      3.06000000 -0.426966856662320E-003  0.446961578217634E-002  0.296091935170938E+000 -0.512095340468551E-003  0.412347274824440E-002 -0.317010715406047E+000  0.103766653522529E+001  0.696703095599002E+000  0.243173285031496E+002 -0.314050155812575E-001  0.328757024324483E+000  0.217786736661909E+002
      3.07000000 -0.499261429953865E-003  0.366524724069435E-002  0.303329085956228E+000 -0.137206705594715E-003  0.571112193723232E-002 -0.316618322023681E+000  0.101005919522490E+001  0.581293856806554E+000  0.242126082993706E+002 -0.366029354790020E-001  0.268714545560074E+000  0.222383190369551E+002
      3.08000000 -0.773889825600912E-003  0.225281183776578E-002  0.309742259975092E+000  0.132731177511591E-003  0.677181810000988E-002 -0.314774795993478E+000  0.990300518786398E+000  0.505141718212816E+000  0.240025249341852E+002 -0.565528760125575E-001  0.164626778032472E+000  0.226347666615454E+002
      3.09000000 -0.117496985182472E-002  0.580759690539681E-003  0.315110305412261E+000  0.212712830055550E-003  0.708599191782332E-002 -0.312102810069277E+000  0.984506073842996E+000  0.483858893254301E+000  0.237334566106988E+002 -0.855843820804029E-001  0.423023273106582E-001  0.229525214915035E+002
      3.10000000 -0.159785570307345E-002 -0.946400281789228E-003  0.319547161943927E+000  0.645572959945947E-004  0.665879586210768E-002 -0.309057842748627E+000  0.995312838549279E+000  0.516540295062763E+000  0.234390440190632E+002 -0.116011792933333E+000 -0.687130842364513E-001  0.232006176230853E+002
      3.11000000 -0.193547677812604E-002 -0.200792823124670E-002  0.323268728069383E+000 -0.299181261648400E-003  0.570862222906798E-002 -0.305798178291616E+000  0.102165211254055E+001  0.586860051748342E+000  0.231309868625649E+002 -0.140072813346388E+000 -0.145316213310851E+000  0.233953518426755E+002
      3.12000000 -0.209862314513289E-002 -0.247137324791106E-002  0.326347227721514E+000 -0.823945678208313E-003  0.457308240836273E-002 -0.302247046285275E+000  0.105943883129345E+001  0.670101220322222E+000  0.228038781781813E+002 -0.151393120167006E+000 -0.178283036650123E+000  0.235424474266360E+002
      3.13000000 -0.202661847820493E-002 -0.241681014294299E-002  0.328581658798178E+000 -0.142580983570681E-002  0.357168378632181E-002 -0.298305835793082E+000  0.110252824989498E+001  0.743164566115984E+000  0.224508095759929E+002 -0.145731668117002E+000 -0.173789875815767E+000  0.236279071587879E+002
      3.14000000 -0.169261517698668E-002 -0.207058223861151E-002  0.329557116632364E+000 -0.200143698316680E-002  0.288569675364316E-002 -0.294103903340731E+000  0.114346255065068E+001  0.793153908834544E+000  0.220813013272205E+002 -0.121326273374016E+000 -0.148418866934891E+000  0.236225796439290E+002
      3.15000000 -0.111029071695653E-002 -0.168010670085691E-002  0.328875073635558E+000 -0.243617093007130E-002  0.250948503977094E-002 -0.290148013116543E+000  0.117406981923806E+001  0.820691724927215E+000  0.217317194257798E+002 -0.793327356535955E-001 -0.120047352223457E+000  0.234988538419060E+002
      3.16000000 -0.343749251923520E-003 -0.139007677422070E-002  0.326449999290748E+000 -0.261738916806684E-002  0.229482934168076E-002 -0.287274917543923E+000  0.118642643454650E+001  0.836548245372997E+000  0.214614733130835E+002 -0.244839201582927E-001 -0.990097536604644E-001  0.232517617815433E+002
      3.17000000  0.486457857928361E-003 -0.118102971049506E-002  0.322724467162175E+000 -0.245952492965391E-002  0.206490531631477E-002 -0.286399427010731E+000  0.117462975399199E+001  0.853388797544918E+000  0.213347650106437E+002  0.345391969942163E-001 -0.838547824071089E-001  0.229138943168421E+002
      3.18000000  0.121374779122434E-002 -0.901648673418213E-003  0.318678258212822E+000 -0.193832324640467E-002  0.173922550631048E-002 -0.288150335073067E+000  0.113719091726557E+001  0.876900850781733E+000  0.213947452275467E+002  0.859068130746437E-001 -0.638170175108663E-001  0.225554548953094E+002
      3.19000000  0.166097357404632E-002 -0.379433353016122E-003  0.315591824123223E+000 -0.112022641672762E-002  0.140336250402879E-002 -0.292552112163705E+000  0.107903899369013E+001  0.900983981055441E+000  0.216413848147662E+002  0.117192094275029E+000 -0.267714008052699E-001  0.222669808737400E+002
      3.20000000  0.169626540501177E-002  0.446820846202309E-003  0.314636558687937E+000 -0.166972860029940E-003  0.128300109208209E-002 -0.298907241116334E+000  0.101174416605655E+001  0.909759119694979E+000  0.220238734279716E+002  0.119308147377182E+000  0.314274919552064E-001  0.221302072206851E+002
      3.21000000  0.128899114088107E-002  0.144372761216567E-002  0.316452927437660E+000  0.698156689499426E-003  0.162957799363374E-002 -0.305957390295256E+000  0.951047582210389E+000  0.885739427889302E+000  0.224527114340065E+002  0.903797583043421E-001  0.101229363419556E+000  0.221886234819018E+002
      3.22000000  0.537985008306764E-003  0.229907868388280E-002  0.320898089324330E+000  0.125844340998534E-002  0.257137084168859E-002 -0.312281261320475E+000  0.912036177269295E+000  0.820263980804799E+000  0.228281197985972E+002  0.376045657094937E-001  0.160703094146574E+000  0.224304266842448E+002
      3.23000000 -0.348456293670100E-003  0.263876091160780E-002  0.327081607300516E+000  0.138212136011032E-002  0.400563946913097E-002 -0.316777090281301E+000  0.903690321736750E+000  0.720877008600905E+000  0.230738211033258E+002 -0.242813073444528E-001  0.183875469799773E+000  0.227918656596298E+002
      3.24000000 -0.112044877729388E-002  0.219529659949158E-002  0.333685478612935E+000  0.107635213585523E-002  0.559200753762322E-002 -0.319032191477252E+000  0.925228577634958E+000  0.611537578144072E+000  0.231623481222868E+002 -0.778347029514356E-001  0.152501624504791E+000  0.231802743984193E+002
      3.25000000 -0.157757667370661E-002  0.948922313638889E-003  0.339438720408495E+000  0.488777408449178E-003  0.686067043477392E-002 -0.319426538443268E+000  0.966150361192898E+000  0.524873260962488E+000  0.231214662641919E+002 -0.109253004890121E+000  0.657163711280985E-001  0.235073836972710E+002
      3.26000000 -0.164405736609875E-002 -0.829561837228297E-003  0.343548251294182E+000 -0.148784770638281E-003  0.739318983910140E-002 -0.318934530859472E+000  0.101027228724843E+001  0.489564897108544E+000  0.230196401847947E+002 -0.113507783390838E+000 -0.572739901119484E-001  0.237190023269901E+002
      3.27000000 -0.139351779201093E-002 -0.266134003252774E-002  0.345912006484631E+000 -0.612343853243839E-003  0.699601935707353E-002 -0.318723547885288E+000  0.104214770052450E+001  0.518463152420809E+000  0.229377798523040E+002 -0.959159959916338E-001 -0.183180352167548E+000  0.238091647036378E+002
      3.28000000 -0.101134622680301E-002 -0.403611844761526E-002  0.347046333320696E+000 -0.773227455953440E-003  0.578675200838131E-002 -0.319733468211220E+000  0.105305907792921E+001  0.602911506302974E+000  0.229401973840648E+002 -0.693988526250519E-001 -0.276959543527187E+000  0.238144136022755E+002
      3.29000000 -0.711856199773547E-003 -0.460602808948799E-002  0.347794445243368E+000 -0.642348831327212E-003  0.415157127129535E-002 -0.322415446445452E+000  0.104394417503542E+001  0.715983954947238E+000  0.230569885422649E+002 -0.486992922183145E-001 -0.315106208202017E+000  0.237932089742302E+002
      3.30000000 -0.648435236026194E-003 -0.431079744371783E-002  0.348977159896797E+000 -0.353237578695863E-003  0.259161824352198E-002 -0.326715515845643E+000  0.102409235394339E+001  0.823240255921815E+000  0.232834327978670E+002 -0.442261303946927E-001 -0.294015314496684E+000  0.238017746736727E+002
      3.31000000 -0.856666334149965E-003 -0.337957038156221E-002  0.351153620452237E+000 -0.949756444303820E-004  0.152750845027298E-002 -0.332259731701904E+000  0.100645818573114E+001  0.896131967970209E+000  0.235931086983222E+002 -0.582518847725069E-001 -0.229805160538591E+000  0.238778616838368E+002
      3.32000000 -0.125266193505308E-002 -0.221232185205189E-002  0.354578275313532E+000 -0.286699673780679E-004  0.114999226078960E-002 -0.338602484242725E+000  0.100194363804134E+001  0.922037975284659E+000  0.239550546949611E+002 -0.849223634544466E-001 -0.149981088385354E+000  0.240381098256575E+002
      3.33000000 -0.168147645993159E-002 -0.119974778808684E-002  0.359319578685024E+000 -0.225804297487056E-003  0.138152098458689E-002 -0.345388868209007E+000  0.101526209825400E+001  0.906623083611017E+000  0.243448118618930E+002 -0.113650888086963E+000 -0.810908774791805E-001  0.242863877061044E+002
      3.34000000 -0.198796708316217E-002 -0.567676851875704E-003  0.365415855989588E+000 -0.652569233046143E-003  0.195952451332039E-002 -0.352358089304703E+000  0.104397505616019E+001  0.867952400822971E+000  0.247445561037917E+002 -0.133964274899380E+000 -0.382543647139894E-001  0.246244872960947E+002
      3.35000000 -0.207578551201268E-002 -0.317378151263573E-003  0.372936513382639E+000 -0.119993328229863E-002  0.259385746549002E-002 -0.359230186770164E+000  0.108061921552862E+001  0.825728015760792E+000  0.251353884243717E+002 -0.139464586950659E+000 -0.213235001964248E-001  0.250562673728745E+002
      3.36000000 -0.193098494342425E-002 -0.284027463393695E-003  0.381895521020743E+000 -0.173817383867428E-002  0.311662103358051E-002 -0.365601947723572E+000  0.111643410445143E+001  0.791228603902926E+000  0.254903785926040E+002 -0.129349836934769E+000 -0.190259930301790E-001  0.255818273147967E+002
      3.37000000 -0.160732410161163E-002 -0.276352179217577E-003  0.392080393085207E+000 -0.216708980248575E-002  0.354905586987206E-002 -0.370976765715040E+000  0.114473490591507E+001  0.762966782999005E+000  0.257766784841373E+002 -0.107349451949308E+000 -0.184569216340737E-001  0.261861408508487E+002
      3.38000000 -0.118881005477605E-002 -0.220374083777324E-003  0.402940658014309E+000 -0.244102644868619E-002  0.405400237749111E-002 -0.374964278296483E+000  0.116254816094016E+001  0.730043633380996E+000  0.259689035070275E+002 -0.791629636848150E-001 -0.146747291722941E-001  0.268318530360438E+002
      3.39000000 -0.752177935169373E-003 -0.229033291553888E-003  0.413669991898012E+000 -0.256456806888696E-002  0.480170084862326E-002 -0.377559699908386E+000  0.117027104754777E+001  0.681197530521797E+000  0.260675684514487E+002 -0.499398423139514E-001 -0.152063573391991E-001  0.274650627191669E+002
      3.40000000 -0.346156579991502E-003 -0.557881634293199E-003  0.423512531799180E+000 -0.256996360777137E-002  0.582192935381604E-002 -0.379326974579336E+000  0.117012742627993E+001  0.614597711051941E+000  0.261108310283419E+002 -0.229150046583290E-001 -0.369308601585406E-001  0.280358433148293E+002
      3.41000000  0.881778777607064E-005 -0.146595449731961E-002  0.432180063646809E+000 -0.249324098708514E-002  0.692399017890731E-002 -0.381323433036796E+000  0.116456449988243E+001  0.542987225508900E+000  0.261689669695804E+002  0.582011463374390E-003 -0.967592262245916E-001  0.285257206991212E+002
      3.42000000  0.308560198612474E-003 -0.305105060032010E-002  0.440165649683282E+000 -0.236127978252730E-002  0.773329118020644E-002 -0.384721797124798E+000  0.115539878471677E+001  0.491062406006469E+000  0.263190241027928E+002  0.203067337598694E-001 -0.200793467554131E+000  0.289678535940540E+002
      3.43000000  0.552937675973147E-003 -0.514480133774215E-002  0.448746879182822E+000 -0.219182702878950E-002  0.783512581535745E-002 -0.390252463633174E+000  0.114382634155623E+001  0.485863862953642E+000  0.266081266406608E+002  0.362834302156328E-001 -0.337598699496699E+000  0.294464942123127E+002
      3.44000000  0.741379568090855E-003 -0.732655818351572E-002  0.459598630321948E+000 -0.199985238534577E-002  0.696137387150611E-002 -0.397715734917369E+000  0.113084760363258E+001  0.544526838204828E+000  0.270219960344283E+002  0.485074501386641E-001 -0.479366671366585E+000  0.300709091586512E+002
      3.45000000  0.875829871752947E-003 -0.905871415960037E-002  0.474125862745044E+000 -0.180163565501954E-002  0.513152606756791E-002 -0.405824688604339E+000  0.111753687737108E+001  0.665224459534969E+000  0.274755898484525E+002  0.571382498716366E-001 -0.590981296551372E+000  0.309314889681832E+002
      3.46000000  0.964978411754623E-003 -0.988703203994957E-002  0.492786668360876E+000 -0.161246003338084E-002  0.267812464466748E-002 -0.412515502982871E+000  0.110489121973839E+001  0.825786838262514E+000  0.278343111600388E+002  0.627722613489724E-001 -0.643155693036575E+000  0.320559850446728E+002
      3.47000000  0.102355868894219E-002 -0.961682284585617E-002  0.514718500164362E+000 -0.144049348767273E-002  0.139739722332119E-003 -0.415654002892784E+000  0.109343467943938E+001  0.990936067206979E+000  0.279605512626978E+002  0.663910519604060E-001 -0.623775648774077E+000  0.333861683346274E+002
      3.48000000  0.106550158268861E-002 -0.838556039491090E-002  0.537874550622681E+000 -0.128326300382227E-002 -0.193363833055323E-002 -0.413872709131327E+000  0.108299705937572E+001  0.112506110972894E+001  0.277678704298731E+002  0.689129959017983E-001 -0.542349348436080E+000  0.347878851659812E+002
      3.49000000  0.109565198327367E-002 -0.660007889982287E-002  0.559664238878510E+000 -0.113148988917996E-002 -0.317734891897494E-002 -0.407188305654684E+000  0.107297120635926E+001  0.120491122886649E+001  0.272600860715935E+002  0.706599747235341E-001 -0.425647391100763E+000  0.360934508188115E+002
      3.50000000  0.110715010034225E-002 -0.476873004443566E-002  0.577868041751708E+000 -0.979331983012140E-003 -0.352561115664497E-002 -0.397121695759000E+000  0.106297789914388E+001  0.122672146697466E+001  0.265377037993111E+002  0.711974984642406E-001 -0.306662709880196E+000  0.371609585750230E+002
      3.51000000  0.108860111448357E-002 -0.330565526825046E-002  0.591467125923393E+000 -0.834373396367950E-003 -0.319670775663871E-002 -0.386243828902464E+000  0.105350318147758E+001  0.120498500548885E+001  0.257674167972291E+002  0.698052253804451E-001 -0.211971132456306E+000  0.379271116673378E+002
      3.52000000  0.103856213761858E-002 -0.239353999341497E-002  0.601054335379626E+000 -0.719064045430475E-003 -0.256473878565031E-002 -0.377310520344212E+000  0.104597811749612E+001  0.116399354408394E+001  0.251258446269852E+002  0.664073420078438E-001 -0.153046816550262E+000  0.384323858622225E+002
      3.53000000  0.978775162818997E-003 -0.195958387924938E-002  0.608664223819575E+000 -0.659231380827308E-003 -0.198345827673339E-002 -0.372319988501899E+000  0.104203290852460E+001  0.112646624953390E+001  0.247393007580117E+002  0.624071730828214E-001 -0.124944006517703E+000  0.388087223789248E+002
      3.54000000  0.955912370695466E-003 -0.176375593271730E-002  0.617098037013055E+000 -0.662893569168103E-003 -0.164482215500853E-002 -0.371852252312532E+000  0.104214701476451E+001  0.110457839218312E+001  0.246425017489606E+002  0.607772569763160E-001 -0.112140245123380E+000  0.392353181367825E+002
      3.55000000  0.102592339475245E-002 -0.154670451233845E-002  0.629017720185370E+000 -0.699797871958466E-003 -0.153187870914492E-002 -0.374922447258981E+000  0.104436807025641E+001  0.109712304783299E+001  0.247705573955788E+002  0.650448409176862E-001 -0.980630225086134E-001  0.398805191041926E+002
      3.56000000  0.122374495891591E-002 -0.116179604228134E-002  0.646155913906543E+000 -0.694785491275397E-003 -0.147591892572798E-002 -0.379362860558498E+000  0.104392654224224E+001  0.109331227530111E+001  0.249845231783244E+002  0.773690373598139E-001 -0.734524303817173E-001  0.408520261342585E+002
      3.57000000  0.153016888612710E-002 -0.631000782624380E-003  0.668912175455982E+000 -0.544187079929806E-003 -0.127732157172377E-002 -0.382541371339200E+000  0.103430885985841E+001  0.108053011255623E+001  0.251177322714327E+002  0.964711434909528E-001 -0.397821231338276E-001  0.421722876777272E+002
      3.58000000  0.185258358094947E-002 -0.107559496885152E-003  0.696424369028395E+000 -0.154944108340080E-003 -0.823140298877236E-003 -0.382116658902026E+000  0.100974133134757E+001  0.105175080538912E+001  0.250236626462720E+002  0.116471873015523E+000 -0.676226227612377E-002  0.437841787590598E+002
      3.59000000  0.203407523344676E-002  0.223984882581514E-003  0.727007688031932E+000  0.505327306463608E-003 -0.143432043974338E-003 -0.376560601029676E+000  0.968318583291152E+000  0.100899244963894E+001  0.246084081836857E+002  0.127526029691440E+000  0.140426972989205E-001  0.455796336759694E+002
      3.60000000  0.189575995392068E-002  0.251888471894922E-003  0.758730756036577E+000  0.136759670259412E-002  0.614706287695006E-003 -0.365316950818869E+000  0.914496908082866E+000  0.961568137654084E+000  0.238398684827943E+002  0.118524223760876E+000  0.157482415133387E-001  0.474363717393412E+002
      3.61000000  0.130314706137224E-002 -0.884971662200758E-005  0.789894415603536E+000  0.225134136491166E-002  0.127243088003796E-002 -0.348636126321802E+000  0.859634484650489E+000  0.920667110280645E+000  0.227365923725819E+002  0.812479669660816E-001 -0.551757744829588E-003  0.492479454452886E+002
      3.62000000  0.234189515647617E-003 -0.435593887048625E-003  0.819278269426899E+000  0.289812233055250E-002  0.171272849326994E-002 -0.327245371060733E+000  0.819808451201585E+000  0.893510637346130E+000  0.213465704766520E+002  0.145607972072214E-001 -0.270831691012332E-001  0.509388505476835E+002
      3.63000000 -0.117946693668429E-002 -0.872998670719706E-003  0.846158402479417E+000  0.304574844563679E-002  0.193196911108258E-002 -0.302033130269681E+000  0.811151438217138E+000  0.880210202993117E+000  0.197272597459308E+002 -0.731316583227202E-001 -0.541294024593347E-001  0.524651986862667E+002
      3.64000000 -0.266137981101122E-002 -0.121903569993065E-002  0.870200935923643E+000  0.252170877378443E-002  0.202566415686694E-002 -0.273854091515883E+000  0.844073539235419E+000  0.874745789061155E+000  0.179333983764859E+002 -0.164562830964225E+000 -0.753774282787616E-001  0.538077011521709E+002
      3.65000000 -0.385614036230051E-002 -0.147544871246315E-002  0.891353034358669E+000  0.132187392185291E-002  0.212098116247537E-002 -0.243452218039670E+000  0.918487644020019E+000  0.869211300197082E+000  0.160122969618381E+002 -0.237785979982127E+000 -0.909824293317768E-001  0.549646109506689E+002
      3.66000000 -0.443611624881377E-002 -0.173810076985121E-002  0.909790544637136E+000 -0.359708488330370E-003  0.229514920571806E-002 -0.211422393924906E+000  0.102212054773267E+001  0.858858049765978E+000  0.140015813034565E+002 -0.272802350828657E+000 -0.106885831975052E+000  0.559482631694022E+002
      3.67000000 -0.421323603881151E-002 -0.213523853375686E-002  0.925890110065149E+000 -0.216924778422832E-002  0.252320045368617E-002 -0.178130610804504E+000  0.113303605982964E+001  0.845256660415043E+000  0.119244295505448E+002 -0.258390178296345E+000 -0.130950333748283E+000  0.567831729385004E+002
      3.68000000 -0.321271729791555E-002 -0.274721937794517E-002  0.940138239275143E+000 -0.369347004482924E-002  0.268071772565804E-002 -0.143582289358062E+000  0.122589833916511E+001  0.836043158697227E+000  0.978171483884595E+001 -0.196494757774511E+000 -0.168024185188350E+000  0.575003084525305E+002
      3.69000000 -0.167637036659285E-002 -0.354790561775243E-002  0.952910920299308E+000 -0.458884224585720E-002  0.259870066811271E-002 -0.107318121315489E+000  0.127990008942749E+001  0.841490181961104E+000  0.754595432660909E+001 -0.102251546334272E+000 -0.216407330320787E+000  0.581235609153926E+002
      3.70000000  0.106964850722231E-004 -0.439486293231196E-002  0.964146776804834E+000 -0.469184643781854E-002  0.214349252215512E-002 -0.684622587789160E-001  0.128540944486531E+001  0.869609327813876E+000  0.516462378538554E+001  0.650677277471318E-003 -0.267343658065987E+000  0.586499579607909E+002
      3.71000000  0.144484116355357E-002 -0.507161935388605E-002  0.973041399155176E+000 -0.406702924076100E-002  0.128568041826720E-002 -0.260088085202364E-001  0.124673437568306E+001  0.922001653651811E+000  0.257787582842654E+001  0.876541478673677E-001 -0.307679822520539E+000  0.590314816840113E+002
      3.72000000  0.233262962278487E-002 -0.536310728377449E-002  0.977942442778413E+000 -0.297355708402424E-002  0.129670057760371E-003  0.206807587072288E-001  0.117991178638332E+001  0.992154456405954E+000 -0.251266458871726E+000  0.141133178394518E+000 -0.324488881405111E+000  0.591693271353719E+002
      3.73000000  0.257367062460116E-002 -0.513428163776952E-002  0.976581223678632E+000 -0.176458079361800E-002 -0.110623537769329E-002  0.713277551740333E-001  0.110647778093395E+001  0.106675210828171E+001 -0.330403703667159E+001  0.155299625811156E+000 -0.309811212644299E+000  0.589285579754384E+002
      3.74000000  0.226732167436823E-002 -0.438394292838147E-002  0.966645285678337E+000 -0.761665497554455E-003 -0.215055487843055E-002  0.124367595090932E+000  0.104583729243669E+001  0.112942113457977E+001 -0.648448478253775E+001  0.136448200646796E+000 -0.263827198001173E+000  0.581730468091916E+002
      3.75000000  0.164617038474497E-002 -0.325692005810719E-002  0.946536347872853E+000 -0.155631761716531E-003 -0.275908158182931E-002  0.176965254395854E+000  0.100934099718868E+001  0.116559970159662E+001 -0.962143052018518E+001  0.988029227864339E-001 -0.195479899289164E+000  0.568109829699816E+002
      3.76000000  0.970297650302065E-003 -0.201165813748659E-002  0.916048448234833E+000  0.290452859299832E-004 -0.279030258284316E-002  0.225484236710622E+000  0.998261342306102E+000  0.116702817337237E+001 -0.124975398057591E+002  0.580822471204248E-001 -0.120418332484816E+000  0.548348770380858E+002
      3.77000000  0.430685298064795E-003 -0.952276465085751E-003  0.876700406939452E+000 -0.100360469505652E-003 -0.225411852162080E-002  0.266298172494935E+000  0.100599166618826E+001  0.113457415849941E+001 -0.148983887181183E+002  0.257125395178706E-001 -0.568522918021032E-001  0.523402910664773E+002
      3.78000000  0.101340510158215E-003 -0.342755300866163E-003  0.831571540097403E+000 -0.384486494495200E-003 -0.131922530807565E-002  0.296689224247242E+000  0.102289367772807E+001  0.107855131320920E+001 -0.166659195642888E+002  0.603417028576381E-002 -0.204088557334638E-001  0.495146932841430E+002
      3.79000000 -0.469824625929703E-004 -0.326184603106465E-003  0.784670970193248E+000 -0.693846058336947E-003 -0.273997805933131E-003  0.315533971445368E+000  0.104120502585553E+001  0.101627174578882E+001 -0.177384295053416E+002 -0.279011974290113E-002 -0.193709322740756E-001  0.465987912252420E+002
      3.80000000 -0.891081591260045E-004 -0.873404410341724E-003  0.740039609599399E+000 -0.974683697306094E-003  0.552567306792410E-003  0.323553402133792E+000  0.105773064117555E+001  0.967271367109208E+000 -0.181641097633411E+002 -0.527788776454862E-002 -0.517318559384325E-001  0.438326415795763E+002
      3.81000000 -0.804213384740879E-004 -0.178083132864789E-002  0.700869796318045E+000 -0.124299190318788E-002  0.890335337394326E-003  0.323062200678910E+000  0.107342933574137E+001  0.947403734292831E+000 -0.180847926990965E+002 -0.475086398265236E-002 -0.105202021987960E+000  0.414036515063618E+002
      3.82000000 -0.198547166529751E-004 -0.272493214328267E-002  0.668902170517975E+000 -0.153917339684020E-002  0.617868469577590E-003  0.317323219431417E+000  0.109068813296406E+001  0.963595175151556E+000 -0.176966915978781E+002 -0.116984037502544E-002 -0.160553066363655E+000  0.394117317154876E+002
      3.83000000  0.142934788434175E-003 -0.336195663491656E-002  0.644244999086829E+000 -0.187472687883168E-002 -0.189913271911363E-003  0.309727754149224E+000  0.111017054748879E+001  0.101116047856256E+001 -0.172015186491371E+002  0.839973228889798E-002 -0.197569367188650E+000  0.378598211119389E+002
      3.84000000  0.465636072774973E-003 -0.344224738410421E-002  0.625614048789212E+000 -0.220294431649063E-002 -0.127858797621201E-002  0.303046023617495E+000  0.112912150244838E+001  0.107494206697150E+001 -0.167624815968261E+002  0.272923962992608E-001 -0.201760957236806E+000  0.366692091705528E+002
      3.85000000  0.964126735667176E-003 -0.289786561044463E-002  0.610870582094952E+000 -0.242923980356241E-002 -0.229583560891088E-002  0.298933427415084E+000  0.114201556125534E+001  0.113421663109230E+001 -0.164759191785340E+002  0.563637230405406E-001 -0.169411850779950E+000  0.357120480420942E+002
      3.86000000  0.158531009448798E-002 -0.186788798239705E-002  0.597676506551913E+000 -0.245354807090187E-002 -0.291162261400574E-002  0.297775753490631E+000  0.114306504707690E+001  0.116977512333386E+001 -0.163631414426856E+002  0.924385651902249E-001 -0.108915527396938E+000  0.348501904489600E+002
      3.87000000  0.221704883437458E-002 -0.648168931602539E-003  0.584091132524150E+000 -0.222015273522253E-002 -0.293216770882453E-002  0.298855318868817E+000  0.112912138126055E+001  0.117053130563698E+001 -0.163810616527414E+002  0.128940862164537E+000 -0.376967162713286E-001  0.339700294565548E+002
      3.88000000  0.272931735631958E-002  0.416648600310314E-003  0.568981434701953E+000 -0.174785007927092E-002 -0.236241967369821E-002  0.300749194761089E+000  0.110139084172114E+001  0.113704134127726E+001 -0.164461267390291E+002  0.158324668324412E+000  0.241693225227989E-001  0.330059810462680E+002
      3.89000000  0.302462751788557E-002  0.105568667410921E-002  0.552180127829253E+000 -0.112545424144821E-002 -0.139193085411307E-002  0.301836815909791E+000  0.106511851924328E+001  0.108053679374139E+001 -0.164642075895165E+002  0.175004240930983E+000  0.610817841109206E-001  0.319490130789676E+002
      3.90000000  0.307262843836378E-002  0.115887514187825E-002  0.534385912802078E+000 -0.476490317670492E-003 -0.311747051401593E-003  0.300789382514012E+000  0.102749892703273E+001  0.101799136121185E+001 -0.163589787142160E+002  0.177325712804263E+000  0.668803158946656E-001  0.308401633328131E+002
      3.91000000  0.291384322718780E-002  0.794500666729795E-003  0.516852842030540E+000  0.880742831381979E-004  0.600036948956018E-003  0.296928341713111E+000  0.994930108850589E+000  0.965459588106344E+000 -0.160923261367741E+002  0.167731912902557E+000  0.457344840619857E-001  0.297520179102340E+002
      3.92000000  0.263405647105115E-002  0.155202956557875E-003  0.500960087277719E+000  0.506401054009792E-003  0.117390746635817E-002  0.290372465971813E+000  0.970923990008537E+000  0.932597799805878E+000 -0.156723047967408E+002  0.151239519870507E+000  0.891128223341739E-002  0.287636062122596E+002
      3.93000000  0.232457523939325E-002 -0.537456388794662E-003  0.487783523820451E+000  0.776942427920805E-003  0.138694255031566E-002  0.281944197935189E+000  0.955503836887989E+000  0.920568603633878E+000 -0.151471874478300E+002  0.133130429361399E+000 -0.307805910476516E-001  0.279357832180054E+002
      3.94000000  0.204785045284050E-002 -0.112321346809335E-002  0.477793707340553E+000  0.943498170312938E-003  0.133369330376714E-002  0.272871969377040E+000  0.946102190387968E+000  0.923812096272067E+000 -0.145879490991125E+002  0.116984491644008E+000 -0.641641367856449E-001  0.272942069018814E+002
      3.95000000  0.182206588131427E-002 -0.154838809755516E-002  0.470769801523966E+000  0.106550864779631E-002  0.115253123396217E-002  0.264389566888996E+000  0.939286375718032E+000  0.934327751861298E+000 -0.140651511476418E+002  0.103822923975231E+000 -0.882285220228515E-001  0.268248792838392E+002
      3.96000000  0.162700226702848E-002 -0.185229859968432E-002  0.465948343109661E+000  0.118925628387624E-002  0.948696022241541E-003  0.257370609566403E+000  0.932406249484344E+000  0.946078971276419E+000 -0.136281714117932E+002  0.924739156874407E-001 -0.105279081662259E+000  0.264831024938401E+002
      3.97000000  0.142351282566754E-002 -0.211127464453544E-002  0.462341539079265E+000  0.133157483627967E-002  0.751789386586187E-003  0.252124422546319E+000  0.924507927532016E+000  0.957378183105808E+000 -0.132938982167861E+002  0.807043888683306E-001 -0.119696237960155E+000  0.262119109059224E+002
      3.98000000  0.117506849686893E-002 -0.237578658169479E-002  0.459096868365241E+000  0.147907678515699E-002  0.523239145860028E-003  0.248417030623347E+000  0.916356167418677E+000  0.970410104495241E+000 -0.130483257720817E+002  0.664517445003774E-001 -0.134354008583226E+000  0.259625612284058E+002
      3.99000000  0.862560407294139E-003 -0.263489858864492E-002  0.455758143165512E+000  0.159830381835620E-002  0.201433114594856E-003  0.245690925041079E+000  0.909840246262598E+000  0.988637229168915E+000 -0.128593382827554E+002  0.486567278461833E-001 -0.148633698516456E+000  0.257091558436487E+002
      4.00000000  0.489659632527267E-003 -0.282310860125620E-002  0.452335471322185E+000  0.164931735005033E-002 -0.245973560599418E-003  0.243379181639842E+000  0.907195184484620E+000  0.101384059345061E+001 -0.126946113200594E+002  0.275524730644682E-001 -0.158852432439075E+000  0.254522939238084E+002
      4.01000000  0.811537659437644E-004 -0.285966145088819E-002  0.449176482901825E+000  0.159724161237654E-002 -0.792784713185786E-003  0.241179178506561E+000  0.910349540662676E+000  0.104449765967903E+001 -0.125369777297127E+002  0.455502307067180E-002 -0.160507941087204E+000  0.252115132135558E+002
      4.02000000 -0.321894759236751E-003 -0.269383728277560E-002  0.446713510850126E+000  0.142035896489661E-002 -0.136146146681239E-002  0.239181115724545E+000  0.920475977561821E+000  0.107622642931210E+001 -0.123914347596292E+002 -0.180224624119150E-001 -0.150824391449414E+000  0.250108994544693E+002
      4.03000000 -0.668265329042875E-003 -0.232987456322240E-002  0.445203135501869E+000  0.111608574093843E-002 -0.185797651136903E-002  0.237819090136388E+000  0.937666890973108E+000  0.110376752269516E+001 -0.122821366050994E+002 -0.373224512115862E-001 -0.130122910670119E+000  0.248644835844052E+002
      4.04000000 -0.904763591692724E-003 -0.182027775169284E-002  0.444559972428703E+000  0.705781443305108E-003 -0.221089365301323E-002  0.237689682476240E+000  0.960679851811423E+000  0.112317221838331E+001 -0.122420505335123E+002 -0.504057436454978E-001 -0.101410417658134E+000  0.247671062485692E+002
      4.05000000 -0.987930716028041E-003 -0.123610689519686E-002  0.444329770628239E+000  0.236778784578048E-003 -0.239188210533857E-002  0.239327840650431E+000  0.986841268080209E+000  0.113292633233160E+001 -0.123003930300325E+002 -0.549032104827569E-001 -0.686953406196694E-001  0.246931596768623E+002
      4.06000000 -0.898414768499755E-003 -0.635394494041833E-003  0.443781708899071E+000 -0.222054464946993E-003 -0.240889885913706E-002  0.243025933890848E+000  0.101231004816202E+001  0.113354228648580E+001 -0.124726448825492E+002 -0.498054793554306E-001 -0.352244068832484E-001  0.246019561519446E+002
      4.07000000 -0.653359183217213E-003 -0.493095474106891E-004  0.442059804678118E+000 -0.594071123467072E-003 -0.228111003437614E-002  0.248740411104872E+000  0.103285264259766E+001  0.112614734115999E+001 -0.127555580515891E+002 -0.361313231467406E-001 -0.272686025922563E-002  0.244462863051242E+002
      4.08000000 -0.309867848670875E-003  0.507791241095114E-003  0.438333333114095E+000 -0.816613389806886E-003 -0.201518081955353E-002  0.256080968932938E+000  0.104504873592161E+001  0.111116808725832E+001 -0.131267876427284E+002 -0.170939578748192E-001  0.280124644157635E-001  0.241807969543170E+002
      4.09000000  0.458195978319189E-004  0.101455930793561E-002  0.431916094365518E+000 -0.864081028347792E-003 -0.159992007739550E-002  0.264348264972989E+000  0.104755075724083E+001  0.108804430222295E+001 -0.135472007397280E+002  0.252147252618676E-002  0.558316428383096E-001  0.237685317438966E+002
      4.10000000  0.323224508849779E-003  0.142402033536939E-002  0.422358652762222E+000 -0.762272362877581E-003 -0.102289750890476E-002  0.272589443905742E+000  0.104184586917477E+001  0.105615320379088E+001 -0.139641293107383E+002  0.177438028322934E-001  0.781733295840944E-001  0.231858923254144E+002
      4.11000000  0.459218339750610E-003  0.166520582424071E-002  0.409532531696863E+000 -0.585375750279918E-003 -0.297477008685596E-003  0.279665689372835E+000  0.103205672717362E+001  0.101629062922969E+001 -0.143152341889149E+002  0.251480130898332E-001  0.911910832829847E-001  0.224270865867821E+002
      4.12000000  0.443972737754957E-003  0.166658270589316E-002  0.393713328702477E+000 -0.433316478472053E-003  0.518637489763201E-003  0.284349618328755E+000  0.102367196251740E+001  0.971666973614569E+000 -0.145339430677763E+002  0.242541110920593E-001  0.910449643760498E-001  0.215084531114719E+002
      4.13000000  0.329265258873159E-003  0.138832589595962E-002  0.375642644125479E+000 -0.395849192935023E-003  0.132732274112257E-002  0.285472896084810E+000  0.102157277369805E+001  0.927664288245206E+000 -0.145575463941293E+002  0.179441187277279E-001  0.756602284587680E-001  0.204715682075098E+002
      4.14000000  0.213313263257723E-003  0.844218462338658E-003  0.356528416912508E+000 -0.516684685255131E-003  0.201649071340953E-002  0.282122036151139E+000  0.102808998604553E+001  0.890371830988875E+000 -0.143377955352172E+002  0.115969502468930E-001  0.458966280658384E-001  0.193829593593646E+002
      4.15000000  0.205928895910268E-003  0.998183463399871E-004  0.337946852210822E+000 -0.772438001666222E-003  0.249504647630953E-002  0.273846318036469E+000  0.104189303363529E+001  0.864681611044298E+000 -0.138520049345761E+002  0.111685159769933E-001  0.541362974325360E-002  0.183284856727238E+002
      4.16000000  0.386533687593826E-003 -0.752155179471415E-003  0.321638425376236E+000 -0.107610657893601E-002  0.271686623817196E-002  0.260817477077572E+000  0.105822214900584E+001  0.853005460570482E+000 -0.131113847930853E+002  0.209131905662305E-001 -0.406949383935514E-001  0.174020684333827E+002
      4.17000000  0.771312723118322E-003 -0.162436248949286E-002  0.309231517466045E+000 -0.130509802998846E-002  0.268097403217903E-002  0.243882263703413E+000  0.107044227194595E+001  0.855295236437937E+000 -0.121634715154251E+002  0.416313712447754E-001 -0.876744747095152E-001  0.166906777476291E+002
      4.18000000  0.130262776588940E-002 -0.245564148593636E-002  0.301959310327472E+000 -0.134375959960938E-002  0.240989630515661E-002  0.224477638693897E+000  0.107235550408969E+001  0.870237755314136E+000 -0.110871268263177E+002  0.701407369811937E-001 -0.132225420105005E+000  0.162591717444629E+002
      4.19000000  0.186503521792686E-002 -0.320786369200653E-002  0.300443031811512E+000 -0.112440086590752E-002  0.192208923470827E-002  0.204421425493427E+000  0.106039951119173E+001  0.896751013127715E+000 -0.998091841734297E+001  0.100184212707121E+000 -0.172317013301587E+000  0.161389170113554E+002
      4.20000000  0.232173374673873E-002 -0.384218049651992E-002  0.304594773409660E+000 -0.651547685890962E-003  0.121868642701010E-002  0.185629554622203E+000  0.103491589604040E+001  0.934691612735692E+000 -0.894773271637274E+001  0.124419771399791E+000 -0.205899242204338E+000  0.163229793814363E+002
      4.21000000  0.255758225290991E-002 -0.429233256731841E-002  0.313655855472408E+000 -0.113315787122851E-005  0.296470382474937E-003  0.169829462753345E+000  0.100006058074356E+001  0.984150137707213E+000 -0.807940137368047E+001  0.136733140668866E+000 -0.229476143751367E+000  0.167686298882966E+002
      4.22000000  0.251312242435551E-002 -0.445696001917073E-002  0.326348074140987E+000  0.703731570102858E-003 -0.817687776069178E-003  0.158333044937246E+000  0.962466344901545E+000  0.104361153068736E+001 -0.744472260707890E+001  0.134037855204031E+000 -0.237712797399023E+000  0.174058356584208E+002
      4.23000000  0.219861874368030E-002 -0.422373414974662E-002  0.341088986542045E+000  0.133023737353047E-002 -0.203112458057563E-002  0.151907579449995E+000  0.929219267387424E+000  0.110807430966926E+001 -0.708286549214704E+001  0.116986523240146E+000 -0.224741090145724E+000  0.181490377837246E+002
      4.24000000  0.168550900071157E-002 -0.351999158652162E-002  0.356215297196827E+000  0.177273266489120E-002 -0.317355042509919E-002  0.150750767299146E+000  0.905896957274477E+000  0.116846350110158E+001 -0.700239436944516E+001  0.894728960826972E-001 -0.186853847294709E+000  0.189091925677666E+002
      4.25000000  0.108094985513968E-002 -0.236717633424736E-002  0.370169269365820E+000  0.197714143807324E-002 -0.402485167951227E-002  0.154548020383482E+000  0.895293152561801E+000  0.121315092721882E+001 -0.718466280689498E+001  0.572457030088614E-001 -0.125362589907021E+000  0.196036846264110E+002
      4.26000000  0.495996018960856E-003 -0.909698275713316E-003  0.381625532891079E+000  0.194727497564048E-002 -0.437868753041905E-002  0.162574382815026E+000  0.897116919530422E+000  0.123134527335826E+001 -0.758951792565862E+001  0.262056458228535E-001 -0.480633511312216E-001  0.201629512528216E+002
      4.27000000  0.180433420260832E-004  0.602617304344770E-003  0.389561037013602E+000  0.173440060311479E-002 -0.411811619130486E-002  0.173803306488132E+000  0.908578610799505E+000  0.121706859558399E+001 -0.816128586339802E+001  0.951076349305809E-003  0.317643519153058E-001  0.205340168345249E+002
      4.28000000 -0.305507262683439E-003  0.187887430756553E-002  0.393290306587575E+000  0.141638463532097E-002 -0.326985070225643E-002  0.186998679255438E+000  0.925515876168789E+000  0.117195326646653E+001 -0.883379262567230E+001 -0.160658624907287E-001  0.988052984324261E-001  0.206821531150297E+002
      4.29000000 -0.470440367807927E-003  0.267609966873196E-002  0.392494177594300E+000  0.107422515813575E-002 -0.201008627758578E-002  0.200789261180620E+000  0.943640867124372E+000  0.110545900805985E+001 -0.953439175686075E+001 -0.246816144627992E-001  0.140401344798358E+000  0.205921741270111E+002
      4.30000000 -0.507905004251871E-003  0.287735557918357E-002  0.387259305154319E+000  0.772355954874635E-003 -0.614855486881118E-003  0.213746190541284E+000  0.959572645826365E+000  0.103218332218048E+001 -0.101880964906657E+002 -0.265852232560111E-001  0.150609148992732E+000  0.202702769205042E+002
      4.31000000 -0.469692642973273E-003  0.252616401978468E-002  0.378121264982751E+000  0.546390826864251E-003  0.627694308112765E-003  0.224492978292464E+000  0.971466673570129E+000  0.967220887117851E+000 -0.107233509713082E+002 -0.245280353269823E-001  0.131919972019992E+000  0.197460443209623E+002
      4.32000000 -0.410941700696041E-003  0.180243188175273E-002  0.366077281565706E+000  0.399542658067144E-003  0.150846147034637E-002  0.231865328069958E+000  0.979183597186259E+000  0.921408287796743E+000 -0.110803172582218E+002 -0.214102995060287E-001  0.939077401056582E-001  0.190728374058877E+002
      4.33000000 -0.374098167835519E-003  0.950074629391169E-003  0.352521576361834E+000  0.307375073332624E-003  0.195554258934931E-002  0.235106432945771E+000  0.984022566283987E+000  0.898350403754574E+000 -0.112208915897823E+002 -0.194457169706988E-001  0.493851184866139E-001  0.183241603124098E+002
      4.34000000 -0.377501794030002E-003  0.186953958294955E-003  0.339070087912831E+000  0.229428236711646E-003  0.203743542812945E-002  0.234045408460843E+000  0.988101741138249E+000  0.894337617350668E+000 -0.111377076125613E+002 -0.195774248650560E-001  0.969552232499700E-002  0.175843380748909E+002
      4.35000000 -0.411438271794288E-003 -0.365759767693034E-003  0.327282891872706E+000  0.124967333357895E-003  0.191333156437636E-002  0.229183606864450E+000  0.993534032443334E+000  0.901001809929224E+000 -0.108582490854732E+002 -0.212883354834314E-001 -0.189248720276667E-001  0.169340299087619E+002
      4.36000000 -0.443199331667182E-003 -0.707765802633548E-003  0.318346606632815E+000 -0.313937786248875E-004  0.175486032443652E-002  0.221624599438734E+000  0.100162062814806E+001  0.909409565771509E+000 -0.104408357288019E+002 -0.228790971830757E-001 -0.365367035198298E-001  0.164338762056709E+002
      4.37000000 -0.430182226898347E-003 -0.931855404611338E-003  0.312818215868209E+000 -0.239292657334889E-003  0.167424723749767E-002  0.212832752618670E+000  0.101232463910865E+001  0.913768800051642E+000 -0.996183600341494E+001 -0.221563033171514E-001 -0.479947094540809E-001  0.161115333003843E+002
      4.38000000 -0.336897732136680E-003 -0.116145916296078E-002  0.310530449416679E+000 -0.471598795207390E-003  0.168843015997597E-002  0.204275665453277E+000  0.102423398595936E+001  0.913236858944422E+000 -0.949708705523066E+001 -0.173121199488022E-001 -0.596837509629030E-001  0.159571878206529E+002
      4.39000000 -0.149491641223492E-003 -0.148445016333558E-002  0.310708604846312E+000 -0.683765930052163E-003  0.173048730273577E-002  0.197064517231466E+000  0.103505655313341E+001  0.911278235125843E+000 -0.910346145574632E+001 -0.766440887622485E-002 -0.761074861113686E-001  0.159299728694750E+002
      4.40000000  0.118326650933348E-003 -0.191297816483403E-002  0.312266431625170E+000 -0.830143941700654E-003  0.169774591442291E-002  0.191720805585860E+000  0.104246459650737E+001  0.913154705339041E+000 -0.880715059438094E+001  0.605279787702744E-002 -0.978551330877228E-001  0.159734563557658E+002
      4.41000000  0.430673215148360E-003 -0.238458212230390E-002  0.314171673326347E+000 -0.880348993071760E-003  0.151041385191390E-002  0.188153969162275E+000  0.104493063514399E+001  0.922912556008064E+000 -0.860287045916485E+001  0.219803978290506E-001 -0.121702631741855E+000  0.160344737574468E+002
      4.42000000  0.743708594059184E-003 -0.279945713789107E-002  0.315739630122068E+000 -0.828357637291181E-003  0.115221609049642E-002  0.185847380408474E+000  0.104218148712167E+001  0.941327047648661E+000 -0.846368878656228E+001  0.378710028981768E-001 -0.142553481604594E+000  0.160780398975335E+002
      4.43000000  0.102178495427647E-002 -0.307234302898830E-002  0.316745808855277E+000 -0.690324543516180E-003  0.675543659910907E-003  0.184160190852169E+000  0.103507323811259E+001  0.965677732507057E+000 -0.835660521603179E+001  0.519137083242949E-001 -0.156096171911261E+000  0.160928671586278E+002
      4.44000000  0.124756396725866E-002 -0.317244278905021E-002  0.317333925334699E+000 -0.492796160257089E-003  0.172003869868766E-003  0.182604695638938E+000  0.102498104608970E+001  0.991280701946710E+000 -0.825667991319630E+001  0.632420775147264E-001 -0.160818906317892E+000  0.160864350291936E+002
      4.45000000  0.142133683051150E-002 -0.313270990659702E-002  0.317792152745585E+000 -0.258021682668463E-003 -0.274127000809661E-003  0.180979271542280E+000  0.101305035926682E+001  0.101386494269902E+001 -0.815366681221604E+001  0.718891377093092E-001 -0.158447884445254E+000  0.160734622091258E+002
      4.46000000  0.155068710595538E-002 -0.302618709642166E-002  0.318329279845245E+000  0.543864903934231E-005 -0.624974154073904E-003  0.179316814979156E+000  0.999725537856286E+000  0.103153940341658E+001 -0.804924680507016E+001  0.782556300749679E-001 -0.152716932413849E+000  0.160645292463773E+002
      4.47000000  0.163703365478806E-002 -0.292352164845198E-002  0.318972212305308E+000  0.301670441773422E-003 -0.901367682984351E-003  0.177707271221164E+000  0.984810219027011E+000  0.104538587738386E+001 -0.794795827953359E+001  0.824283032685016E-001 -0.147205849034196E+000  0.160609637885122E+002
      4.48000000  0.166735323124033E-002 -0.285439910253831E-002  0.319631815652392E+000  0.636828208552308E-003 -0.116350750314372E-002  0.176118320466026E+000  0.968005851672142E+000  0.105845443266526E+001 -0.784815652411619E+001  0.837675622386555E-001 -0.143404558791643E+000  0.160582517905931E+002
      4.49000000  0.161638028663864E-002 -0.279264421492091E-002  0.320284900211323E+000  0.100553224581514E-002 -0.147122854432788E-002  0.174335183064688E+000  0.949594731001746E+000  0.107374966923576E+001 -0.773906514167721E+001  0.810258283516790E-001 -0.139989526397929E+000  0.160552250993637E+002
      4.50000000  0.145844988401833E-002 -0.267211600495267E-002  0.321149822750916E+000  0.138264369346491E-002 -0.184499041626729E-002  0.172069792579173E+000  0.930844927843579E+000  0.109228006171650E+001 -0.760633797267971E+001  0.729466365358806E-001 -0.133650032908873E+000  0.160628072657717E+002
      4.51000000  0.118241756248135E-002 -0.242481952239370E-002  0.322730698523329E+000  0.172582496275414E-002 -0.224780353249368E-002  0.169188931432594E+000  0.913871580043872E+000  0.111217810079449E+001 -0.744348392962196E+001  0.590093193590007E-001 -0.121012199179955E+000  0.161060859212474E+002
      4.52000000  0.801131963537205E-003 -0.202165286492392E-002  0.325673413030020E+000  0.198808371734452E-002 -0.259742831428494E-002  0.165934942594529E+000  0.901002891694008E+000  0.112933956950755E+001 -0.726277049626497E+001  0.398925593875989E-001 -0.100668692107853E+000  0.162169861665478E+002
      4.53000000  0.349954038686710E-003 -0.149512225493659E-002  0.330480074713280E+000  0.213369192450003E-002 -0.280297815949709E-002  0.163003534216522E+000  0.893986838285678E+000  0.113926686111169E+001 -0.709888242743916E+001  0.173875776862996E-001 -0.742856246374065E-001  0.164200075941843E+002
      4.54000000 -0.124918034184115E-003 -0.932420998393579E-003  0.337212235842583E+000  0.214889516795464E-002 -0.280805525621792E-002  0.161407846879045E+000  0.893466633295425E+000  0.113921180744341E+001 -0.700193587708982E+001 -0.619292134032655E-002 -0.462255905389079E-001  0.167175929817372E+002
      4.55000000 -0.581719600473900E-003 -0.441790816940287E-003  0.345331875833524E+000  0.204187866688688E-002 -0.261948026779426E-002  0.162163881288811E+000  0.898994549363268E+000  0.112957762337856E+001 -0.702174789922782E+001 -0.287758775009237E-001 -0.218540314250200E-001  0.170825046088430E+002
      4.56000000 -0.993428667313524E-003 -0.107899940464902E-003  0.353771471518609E+000  0.183276456110892E-002 -0.230776405840132E-002  0.165924918953101E+000  0.909537598770869E+000  0.111390763583237E+001 -0.718979530200253E+001 -0.490340901401228E-001 -0.532577283196127E-002  0.174616082605685E+002
      4.57000000 -0.134766342393323E-002  0.430123549987049E-004  0.361219049910955E+000  0.154026692011199E-002 -0.197900328266855E-002  0.172723778767841E+000  0.924141183344456E+000  0.109746677359646E+001 -0.750672133155322E+001 -0.663730105831923E-001  0.211837721706878E-002  0.177901955316243E+002
      4.58000000 -0.163709166856525E-002  0.523870208141304E-004  0.366504146286855E+000  0.117355537496174E-002 -0.173120184086826E-002  0.181935544841200E+000  0.942328083412809E+000  0.108507628211869E+001 -0.794084062004226E+001 -0.804514351597248E-001  0.257445022118575E-002  0.180110772823177E+002
      4.59000000 -0.184717854523808E-002  0.929695961826454E-005  0.368925908779074E+000  0.734690807444629E-003 -0.161484194288997E-002  0.192473472680989E+000  0.963973821550505E+000  0.107918512578731E+001 -0.843809777301723E+001 -0.905779454765286E-001  0.455884193529389E-003  0.180905906125943E+002
      4.60000000 -0.195004027107538E-002  0.107719598641598E-004  0.368395976404562E+000  0.230497632760989E-003 -0.161493914743927E-002  0.203127570272903E+000  0.988721926688948E+000  0.107901774035395E+001 -0.893887703570937E+001 -0.954139826654791E-001  0.527063777603619E-003  0.180253340549285E+002
      4.61000000 -0.190993374273914E-002  0.120491942802678E-003  0.365358060790364E+000 -0.313333773656853E-003 -0.166149491146781E-002  0.212899394898873E+000  0.101529792612348E+001  0.108111933199388E+001 -0.939440841912769E+001 -0.932488858643010E-001  0.588279015682556E-002  0.178379130897926E+002
      4.62000000 -0.169924456370723E-002  0.343586475794849E-003  0.360546945720898E+000 -0.845242183317849E-003 -0.166241482792970E-002  0.221202694773608E+000  0.104117802027495E+001  0.108098856498283E+001 -0.977642506495197E+001 -0.827828147688675E-001  0.167386473909082E-001  0.175649177643840E+002
      4.63000000 -0.131744127811299E-002  0.627146127923007E-003  0.354712033371433E+000 -0.129408299932243E-002 -0.154362251635837E-002  0.227875122197763E+000  0.106290822280795E+001  0.107503888795485E+001 -0.100775112315906E+002 -0.640437201503386E-001  0.304869535950769E-001  0.172433326453350E+002
      4.64000000 -0.802898469001735E-003  0.884340292695667E-003  0.348426950691523E+000 -0.158813381012632E-002 -0.127920974932539E-002  0.233039672553271E+000  0.107703629482599E+001  0.106205118155974E+001 -0.103041563667344E+002 -0.389465439114559E-001  0.428970777400587E-001  0.169012970617743E+002
      4.65000000 -0.230209199965347E-003  0.103031058829450E-002  0.342044592837651E+000 -0.167943170283281E-002 -0.900191319866983E-003  0.236917791171672E+000  0.108128972788551E+001  0.104357206507026E+001 -0.104675593792202E+002 -0.111428426594290E-001  0.498702431416184E-001  0.165560241774530E+002
      4.66000000  0.307772457867517E-003  0.101436855837521E-002  0.335773173505802E+000 -0.156277077839518E-002 -0.480451211425628E-003  0.239699981848375E+000  0.107548065162035E+001  0.102320543166761E+001 -0.105773285970201E+002  0.148651779210342E-001  0.489932374138596E-001  0.162175913980665E+002
      4.67000000  0.726770398626477E-003  0.836346274750495E-003  0.329788816759822E+000 -0.128058071288105E-002 -0.107880948930441E-003  0.241527762897932E+000  0.106171864054836E+001  0.100519941105006E+001 -0.106406291542602E+002  0.350272970245656E-001  0.403083964845556E-001  0.158944432269912E+002
      4.68000000  0.976258315117124E-003  0.542860348113564E-003  0.324293809184971E+000 -0.910946373635281E-003  0.146471588187304E-003  0.242565540109969E+000  0.104380999803905E+001  0.992955765369970E+000 -0.106656656682773E+002  0.469510347795854E-001  0.261076957707448E-001  0.155962102223130E+002
      4.69000000  0.105310038580140E-002  0.207680621339742E-003  0.319476228149938E+000 -0.543198283094701E-003  0.249567297699490E-003  0.243085349584120E+000  0.102606824664195E+001  0.988023191396830E+000 -0.106657379914786E+002  0.505385997161167E-001  0.996665458696641E-002  0.153317589006461E+002
      4.70000000  0.998736204060553E-003 -0.942922124575184E-004  0.315397025602736E+000 -0.250462241022713E-003  0.211787568513041E-003  0.243481474523193E+000  0.101199418324708E+001  0.989857876796813E+000 -0.106598869784742E+002  0.478276685462868E-001 -0.451548333341565E-002  0.151037925126601E+002
      4.71000000  0.881670702913914E-003 -0.309343229217259E-003  0.311883737656038E+000 -0.692903736444831E-004  0.774252455605811E-004  0.244177225006864E+000  0.100331114554932E+001  0.996300117263647E+000 -0.106683788714189E+002  0.421319711580004E-001 -0.147824351747535E-001  0.149038372219300E+002
      4.72000000  0.772450776490358E-003 -0.416812986855860E-003  0.308515443776162E+000  0.688596880922553E-005 -0.937947235595973E-004  0.245455938275880E+000  0.999671640694786E+000  0.100447262703536E+001 -0.107046335215609E+002  0.368345264562428E-001 -0.198758412301750E-001  0.147116432810970E+002
      4.73000000  0.720412888824107E-003 -0.428807337252768E-003  0.304737832220058E+000  0.193620701177594E-004 -0.246472248661491E-003  0.247302582158172E+000  0.999078666371091E+000  0.101172824857588E+001 -0.107677595459862E+002  0.342804574684512E-001 -0.204045650971722E-001  0.145007848395093E+002
      4.74000000  0.739927767691492E-003 -0.380362511026412E-003  0.300074923934891E+000  0.250596284519255E-004 -0.344261369560379E-003  0.249349869163599E+000  0.998810066855845E+000  0.101634693086843E+001 -0.108401465679225E+002  0.351347816966167E-001 -0.180611599861758E-001  0.142487786043963E+002
      4.75000000  0.809822760662346E-003 -0.314942987570785E-003  0.294344595486284E+000  0.741163935992656E-004 -0.376329608284245E-003  0.250977497849396E+000  0.996488061153844E+000  0.101783204101157E+001 -0.108923436692547E+002  0.383727252981076E-001 -0.149232910380719E-001  0.139472547009421E+002
      4.76000000  0.884974914862835E-003 -0.270277648721751E-003  0.287771600186097E+000  0.191839712663116E-003 -0.355433524144698E-003  0.251537489443188E+000  0.990928944209014E+000  0.101680651666303E+001 -0.108938387083105E+002  0.418456466333489E-001 -0.127799588342634E-001  0.136071525760334E+002
      4.77000000  0.915345694274196E-003 -0.268297824784379E-003  0.280933528048600E+000  0.370565916091574E-003 -0.309714034191287E-003  0.250611651367283E+000  0.982514688737545E+000  0.101461398918525E+001 -0.108252179703220E+002  0.431909781286455E-001 -0.126597476283687E-001  0.132559686918848E+002
      4.78000000  0.865839845149171E-003 -0.311192822387949E-003  0.274552527375795E+000  0.573501545344655E-003 -0.271435935009735E-003  0.248184241408057E+000  0.972995697058796E+000  0.101278102609772E+001 -0.106861802633649E+002  0.407695527008940E-001 -0.146530472622216E-001  0.129277761894669E+002
      4.79000000  0.730465346065364E-003 -0.383837914949032E-003  0.269220378678159E+000  0.748921444638866E-003 -0.266156479043475E-003  0.244647126060424E+000  0.964809371086082E+000  0.101250627012232E+001 -0.104955797963568E+002  0.343234061621218E-001 -0.180359338416017E-001  0.126502378987104E+002
      4.80000000  0.536083490580383E-003 -0.461222045083453E-003  0.265179246689104E+000  0.850004918148677E-003 -0.305400592628094E-003  0.240630498472214E+000  0.960142828378083E+000  0.101432039223999E+001 -0.102832889202141E+002  0.251372330106934E-001 -0.216269409908136E-001  0.124343924607852E+002
      4.81000000  0.334133794097456E-003 -0.518138527069163E-003  0.262257445551019E+000  0.853727277543484E-003 -0.384831867814166E-003  0.236733079398782E+000  0.960051511033461E+000  0.101800745042326E+001 -0.100774588784243E+002  0.156351337692501E-001 -0.242452733750293E-001  0.122718213949232E+002
      4.82000000  0.182498611708628E-003 -0.537668564977433E-003  0.259989524260270E+000  0.772105090526929E-003 -0.488140512710418E-003  0.233272723316536E+000  0.963945817472736E+000  0.102279418612847E+001 -0.989289197581445E+001  0.852194647884606E-002 -0.251069456978178E-001  0.121404584400021E+002
      4.83000000  0.123238722298983E-003 -0.515374059099084E-003  0.257866296074952E+000  0.651052334813227E-003 -0.594781788363903E-003  0.230169290808138E+000  0.969661434269505E+000  0.102771639915362E+001 -0.972572170458050E+001  0.574283491062586E-002 -0.240160566696301E-001  0.120163820246394E+002
      4.84000000  0.164090864471419E-003 -0.457814653562840E-003  0.255602411540947E+000  0.555987589285837E-003 -0.688095815234216E-003  0.227011508450905E+000  0.974144912536318E+000  0.103199851548688E+001 -0.955671478890344E+001  0.763071646679977E-002 -0.212897520342620E-001  0.118862773804142E+002
      4.85000000  0.271235012608529E-003 -0.376527975486391E-003  0.253302848339987E+000  0.548191246662696E-003 -0.760122803153966E-003  0.223277249442208E+000  0.974560027735799E+000  0.103527510362004E+001 -0.936165219276474E+001  0.125872334515531E-001 -0.174735757117326E-001  0.117550535063131E+002
      4.86000000  0.377458856042953E-003 -0.280830104567330E-003  0.251456304282315E+000  0.660038684238802E-003 -0.810989152253104E-003  0.218610381181976E+000  0.969432536935029E+000  0.103755822431253E+001 -0.912420167479392E+001  0.174807324421377E-001 -0.130056980808537E-001  0.116453497001743E+002
      4.87000000  0.404238967518075E-003 -0.173470606663915E-003  0.250759642717911E+000  0.878727382757768E-003 -0.843533683906884E-003  0.213035975931398E+000  0.959388271484606E+000  0.103898519795401E+001 -0.884578310440900E+001  0.186825214808547E-001 -0.801720911567135E-002  0.115892399992323E+002
      4.88000000  0.290438728320187E-003 -0.517365580225876E-004  0.251847971190889E+000  0.114580709818889E-002 -0.856503079086776E-003  0.207026065014608E+000  0.947153289197672E+000  0.103950348238665E+001 -0.854841927900787E+001  0.133955632720320E-001 -0.238618430977533E-002  0.116156872485038E+002
      4.89000000  0.168545458179878E-004  0.863945848790749E-004  0.255039511051531E+000  0.137409956842154E-002 -0.840676086940014E-003  0.201393374393326E+000  0.936753627788570E+000  0.103869422123823E+001 -0.826963417391065E+001  0.775772660698513E-003  0.397652702750700E-002  0.117388318978337E+002
      4.90000000 -0.383368310674024E-003  0.234476253355330E-003  0.260191482408808E+000  0.147655616203325E-002 -0.780940051154880E-003  0.197059820341325E+000  0.932176504957426E+000  0.103587136409029E+001 -0.805166094705542E+001 -0.176094749302832E-001  0.107703312721595E-001  0.119515235322803E+002
      4.91000000 -0.833234042144276E-003  0.372972227425928E-003  0.266713017110054E+000  0.139630349097660E-002 -0.664185638283903E-003  0.194790558192289E+000  0.935993422267264E+000  0.103044628188679E+001 -0.792920277368749E+001 -0.381954638319838E-001  0.170970537717358E-001  0.122261296145920E+002
      4.92000000 -0.123645743731769E-002  0.471399788198525E-003  0.273718637294032E+000  0.112616672033413E-002 -0.489522319103862E-003  0.194988030806205E+000  0.948481422626313E+000  0.102239410294900E+001 -0.792008773714424E+001 -0.565640299997700E-001  0.215650542888001E-001  0.125217647968402E+002
      4.93000000 -0.150850650545418E-002  0.497611995188695E-003  0.280257861658981E+000  0.710096190803709E-003 -0.275567572667525E-003  0.197607852982428E+000  0.967581229558564E+000  0.101258077707655E+001 -0.802159975821246E+001 -0.688694387367160E-001  0.227180053207559E-001  0.127949077874179E+002
      4.94000000 -0.160188757277255E-002  0.430937987415880E-003  0.285539540075744E+000  0.226495801668428E-003 -0.604262508531654E-004  0.202208033851068E+000  0.989680480336633E+000  0.100275311895086E+001 -0.821292918476102E+001 -0.729846212775698E-001  0.196342404674688E-001  0.130096490830063E+002
      4.95000000 -0.151620945227159E-002  0.273686019329422E-003  0.289084429219142E+000 -0.238969273332149E-003  0.106931614103867E-003  0.208097434974520E+000  0.101086583584145E+001  0.995137862918889E+000 -0.846210588470901E+001 -0.689414282427223E-001  0.124443921876144E-001  0.131445516338398E+002
      4.96000000 -0.129052021571066E-002  0.558304122201008E-004  0.290774202179679E+000 -0.619486074856164E-003  0.181400599753859E-003  0.214524441784717E+000  0.102811099044451E+001  0.991768417833292E+000 -0.873467326852363E+001 -0.585611249788273E-001  0.253346806027391E-002  0.131947289063472E+002
      4.97000000 -0.983204873052529E-003 -0.169686545908758E-003  0.290802493339946E+000 -0.881941403153728E-003  0.137412380980793E-003  0.220846703544396E+000  0.103994014323395E+001  0.993777058023509E+000 -0.900140025263140E+001 -0.445260232908989E-001 -0.768452974793369E-002  0.131694613669944E+002
      4.98000000 -0.649591263216288E-003 -0.340032738942870E-003  0.289560164161939E+000 -0.102633484061665E-002 -0.200583823816019E-004  0.226641015946411E+000  0.104638590185261E+001  0.100090655224753E+001 -0.924319501338328E+001 -0.293587193841724E-001 -0.153680111315342E-001  0.130868687524739E+002
      4.99000000 -0.327086514659004E-003 -0.400004602131053E-003  0.287497297013086E+000 -0.107306751585095E-002 -0.253052454624895E-003  0.231737718768448E+000  0.104840082651085E+001  0.101141395837030E+001 -0.945255490120469E+001 -0.147532726656944E-001 -0.180422508978225E-001  0.129675967164409E+002
      5.00000000 -0.326233384850297E-004 -0.318770576818754E-003  0.285000651952529E+000 -0.104653710520175E-002 -0.497791640480014E-003  0.236186544315371E+000  0.104710976112646E+001  0.102240803996074E+001 -0.963191321996790E+001 -0.146853625689760E-002 -0.143494250260536E-001  0.128292753000678E+002
      5.01000000  0.229651285993900E-003 -0.101073754616798E-003  0.282313318130089E+000 -0.963779278191295E-003 -0.679724416158716E-003  0.240175714420300E+000  0.104329783031772E+001  0.103053665201111E+001 -0.978990549467139E+001  0.103170950426222E-001 -0.454074327597660E-002  0.126829393632202E+002
      5.02000000  0.457413343839186E-003  0.210317024137709E-003  0.279508484146444E+000 -0.832618194631784E-003 -0.732799598337697E-003  0.243932755643934E+000  0.103733089957171E+001  0.103285547732215E+001 -0.993686069065824E+001  0.205083815267503E-001  0.942968068308759E-002  0.125319182530324E+002
      5.03000000  0.643348639491420E-003  0.542141055528558E-003  0.276514770194574E+000 -0.657644496199248E-003 -0.618337822913683E-003  0.247635388060254E+000  0.102942723654927E+001  0.102766840365487E+001 -0.100807969724307E+002  0.287875481470336E-001  0.242588711322208E-001  0.123730459220912E+002
      5.04000000  0.776049812034791E-003  0.807294323333831E-003  0.273178008482610E+000 -0.447956818898399E-003 -0.338626983233551E-003  0.251355006055435E+000  0.102000469300245E+001  0.101512228088991E+001 -0.102249206142964E+002  0.346565507866153E-001  0.360518568299208E-001  0.121994843345695E+002
      5.05000000  0.846619428419095E-003  0.927459148795648E-003  0.269335583884175E+000 -0.220410196573434E-003  0.591505766039505E-004  0.255044226454224E+000  0.100982350745971E+001  0.997363705765212E+000 -0.103671186727257E+002  0.377331557246692E-001  0.413361178766283E-001  0.120040731263085E+002
      5.06000000  0.855223915269862E-003  0.856281283828723E-003  0.264877246602358E+000  0.406239093941959E-005  0.491465546819659E-003  0.258565244787416E+000  0.999819300282515E+000  0.978139059783216E+000 -0.105012728664581E+002  0.380413215222575E-001  0.380883544648553E-001  0.117820378055624E+002
      5.07000000  0.812189858598168E-003  0.596045165650404E-003  0.259773007594538E+000  0.208281700016713E-003  0.859192120967706E-003  0.261741292550531E+000  0.990753669134166E+000  0.961857548564527E+000 -0.106195834390592E+002  0.360558616425306E-001  0.264604658601418E-001  0.115322045961752E+002
      5.08000000  0.732336475753017E-003  0.201092161465890E-003  0.254063630422411E+000  0.384895606451476E-003  0.107601880826923E-002  0.264405268513376E+000  0.982946814472996E+000  0.952325908479098E+000 -0.107147403677738E+002  0.324469013932036E-001  0.890958971737797E-002  0.112565437293546E+002
      5.09000000  0.626327893169922E-003 -0.235591798036593E-003  0.247827106339160E+000  0.535828469880102E-003  0.109592613565382E-002  0.266422664089261E+000  0.976306224008414E+000  0.951539289490690E+000 -0.107809322886950E+002  0.276955660854877E-001 -0.104176235528938E-001  0.109586561228390E+002
      5.10000000  0.495433648857646E-003 -0.610379473744756E-003  0.241146894875824E+000  0.664869673184914E-003  0.929475277453389E-003  0.267680687380648E+000  0.970657803358646E+000  0.958980161880944E+000 -0.108133518236609E+002  0.218646031452868E-001 -0.269374213726302E-001  0.106423557792964E+002
      5.11000000  0.334252192845327E-003 -0.842882745788216E-003  0.234107107233220E+000  0.768357072028185E-003  0.641148110281413E-003  0.268056066562593E+000  0.966157030053265E+000  0.971760061802537E+000 -0.108067676279357E+002  0.147224348273842E-001 -0.371255194658842E-001  0.103114555495629E+002
      5.12000000  0.140598599627200E-003 -0.902972734338807E-003  0.226824413245890E+000  0.831082914803264E-003  0.326667698014113E-003  0.267389861105969E+000  0.963465710249026E+000  0.985639733269747E+000 -0.107544212353719E+002  0.618069495337574E-002 -0.396945562542010E-001  0.997116976960328E+001
      5.13000000 -0.737437808363358E-004 -0.819327410189851E-003  0.219502590229299E+000  0.831872527330144E-003  0.777846655245053E-004  0.265498852941294E+000  0.963502283594135E+000  0.996587262387243E+000 -0.106485417204888E+002 -0.323544715234074E-002 -0.359473098079519E-001  0.963049388618913E+001
      5.14000000 -0.279561976286426E-003 -0.664716776935628E-003  0.212475648585073E+000  0.757029502558563E-003 -0.515187127952042E-004  0.262236437011298E+000  0.966850577917893E+000  0.100225594319614E+001 -0.104830218722196E+002 -0.122416866432626E-001 -0.291071575536022E-001  0.930405609465828E+001
      5.15000000 -0.438643049832989E-003 -0.523317700888728E-003  0.206201627748805E+000  0.613816633248696E-003 -0.627525912006121E-004  0.257587762456824E+000  0.973173890111812E+000  0.100274252572532E+001 -0.102575600712331E+002 -0.191703613410262E-001 -0.228709640469892E-001  0.901179151147486E+001
      5.16000000 -0.521365084840089E-003 -0.454056928410049E-003  0.201186592864709E+000  0.434459294385519E-003 -0.621519103576572E-005  0.251758146706824E+000  0.981049282116083E+000  0.100027110096029E+001 -0.998146057610904E+001 -0.227414691433936E-001 -0.198055487930273E-001  0.877557555489275E+001
      5.17000000 -0.523935980487544E-003 -0.466702862763370E-003  0.197851143361685E+000  0.265585142262726E-003  0.475136025032227E-004  0.245205251335651E+000  0.988437825812156E+000  0.997931508729164E+000 -0.967494139002844E+001 -0.228094049918026E-001 -0.203177773698565E-001  0.861339366849449E+001
      5.18000000 -0.474060502577454E-003 -0.522138621489670E-003  0.196384699361679E+000  0.146574416939644E-003  0.446854030968924E-004  0.238581643386721E+000  0.993631242819001E+000  0.998058389125462E+000 -0.936653316655755E+001 -0.205982482690772E-001 -0.226872749318758E-001  0.853304751546779E+001
      5.19000000 -0.419060086726694E-003 -0.556938180119216E-003  0.196648736371429E+000  0.880973811418090E-004 -0.238137889485109E-004  0.232590433795555E+000  0.996179484939193E+000  0.100103273148592E+001 -0.908673860446807E+001 -0.181733594344354E-001 -0.241527123452058E-001  0.852805667158725E+001
      5.20000000 -0.400385778379560E-003 -0.520372361113979E-003  0.198178703909042E+000  0.640984003251128E-004 -0.117915872883563E-003  0.227797029911156E+000  0.997225593309946E+000  0.100510381826898E+001 -0.885986546551013E+001 -0.173301201980803E-001 -0.225235661525296E-001  0.857787899795889E+001
      5.21000000 -0.427559612996577E-003 -0.405390525309718E-003  0.200298209884873E+000  0.245541656731734E-004 -0.169859936912343E-003  0.224465346024988E+000  0.998939248305959E+000  0.100733803046814E+001 -0.869701024334310E+001 -0.184707796561438E-001 -0.175130644711855E-001  0.865297841013143E+001
      5.22000000 -0.467157959122983E-003 -0.257595361224294E-003  0.202313240896629E+000 -0.750118618006635E-004 -0.121505591349326E-003  0.222483759813916E+000  0.100323434033876E+001  0.100523904387989E+001 -0.859299211900148E+001 -0.201427853608004E-001 -0.111069242635184E-001  0.872328536300480E+001
      5.23000000 -0.456053153975520E-003 -0.156842742289832E-003  0.203719271345195E+000 -0.241940303533153E-003  0.409925922104233E-004  0.221414336793494E+000  0.101041196759534E+001  0.998235872504452E+000 -0.852862696364243E+001 -0.196263730829602E-001 -0.674977061051101E-002  0.876711494867597E+001
      5.24000000 -0.335363562473451E-003 -0.179676121493398E-003  0.204346182566921E+000 -0.431013975166673E-003  0.272766601245230E-003  0.220651558916856E+000  0.101851340664381E+001  0.988283816074059E+000 -0.847767885075980E+001 -0.144049204046991E-001 -0.771765486282470E-002  0.877731162315416E+001
      5.25000000 -0.890816210297955E-004 -0.360495729121805E-003  0.204388785014910E+000 -0.556926621637644E-003  0.484000936664612E-003  0.219634476890606E+000  0.102387618581948E+001  0.979250235396136E+000 -0.841602246842545E+001 -0.381904770605799E-002 -0.154549319088597E-001  0.876241935801878E+001
      5.26000000  0.233636927134608E-003 -0.670224657220531E-003  0.204314286999334E+000 -0.532319038885510E-003  0.576103716904952E-003  0.218036855960317E+000  0.102277783962063E+001  0.975348621578554E+000 -0.832975936169301E+001  0.999728370953951E-002 -0.286787971813297E-001  0.874257300887975E+001
      5.27000000  0.527383277491050E-003 -0.102284815028134E-002  0.204683390940557E+000 -0.314599883892565E-003  0.483682946843064E-003  0.215870714507406E+000  0.101343613065376E+001  0.979342563041129E+000 -0.821954289542098E+001  0.225238182967595E-001 -0.436844451946135E-001  0.874174761066050E+001
      5.28000000  0.670466587675344E-003 -0.130688790119016E-002  0.205950295458233E+000  0.620952264550637E-004  0.203165179990940E-003  0.213473400085476E+000  0.997353020558653E+000  0.991339526637806E+000 -0.809988953352977E+001  0.285804783234133E-001 -0.557096834021248E-001  0.877919655243852E+001
      5.29000000  0.579378555015308E-003 -0.142737233806815E-002  0.208308873736265E+000  0.488265796541760E-003 -0.204358685387179E-003  0.211391166046288E+000  0.979225675740314E+000  0.100869488222518E+001 -0.799409432358880E+001  0.246509136135387E-001 -0.607306430234427E-001  0.886295153135335E+001
      5.30000000  0.252079522788374E-003 -0.133977492290434E-002  0.211629922611490E+000  0.816782862395846E-003 -0.636126316154112E-003  0.210205694642460E+000  0.965313776128911E+000  0.102701430310094E+001 -0.792678105654542E+001  0.107050321000948E-001 -0.568960675502138E-001  0.898726358189166E+001
      5.31000000 -0.222000378898246E-003 -0.106230300438852E-002  0.215499388007146E+000  0.921919932735743E-003 -0.985020016566728E-003  0.210362947578490E+000  0.960922663080018E+000  0.104175195447405E+001 -0.791663525878167E+001 -0.940991000902575E-002 -0.450277414985649E-001  0.913435309530181E+001
      5.32000000 -0.692271564916839E-003 -0.663777624440251E-003  0.219334584204283E+000  0.753099127908228E-003 -0.117447341803344E-002  0.212054861693830E+000  0.968138458189747E+000  0.104968872294095E+001 -0.797145487432936E+001 -0.292880958060746E-001 -0.280825959692134E-001  0.927943980558016E+001
      5.33000000 -0.100535026614907E-002 -0.235325791876231E-003  0.222535589278905E+000  0.358153482758654E-003 -0.117734735122790E-002  0.215181022234164E+000  0.984875945100385E+000  0.104971685836680E+001 -0.808663394407871E+001 -0.424537896475722E-001 -0.993730444338539E-002  0.939720156690570E+001
      5.34000000 -0.106548686740389E-002  0.140149396555242E-003  0.224625826682102E+000 -0.135151720789249E-003 -0.101416872347750E-002  0.219390382811042E+000  0.100569648027764E+001  0.104274597539528E+001 -0.824703719263435E+001 -0.449089726035675E-001  0.590712621887252E-002  0.946770476965090E+001
      5.35000000 -0.869936732107024E-003  0.408382428677280E-003  0.225346215508823E+000 -0.570956735417789E-003 -0.735879405566871E-003  0.224181489998435E+000  0.102402014883393E+001  0.103095844527100E+001 -0.843131488173752E+001 -0.365982367578535E-001  0.171806480412412E-001  0.948031488186838E+001
      5.36000000 -0.504232314929482E-003  0.548803139444395E-003  0.224684760345479E+000 -0.826652941816732E-003 -0.401816225364420E-003  0.229028025804531E+000  0.103471240477847E+001  0.101687286980526E+001 -0.861723249888655E+001 -0.211734759931405E-001  0.230450721898123E-001  0.943485222652750E+001
      5.37000000 -0.101413413424971E-003  0.567093330390956E-003  0.222841942588710E+000 -0.856273912846447E-003 -0.629601857766702E-004  0.233494926289533E+000  0.103588927645663E+001  0.100263886996813E+001 -0.878654591142217E+001 -0.425057213143396E-002  0.237687602130187E-001  0.934004407200979E+001
      5.38000000  0.214298497197827E-003  0.482864522232453E-003  0.220147799537227E+000 -0.698217331467246E-003  0.244908856771080E-003  0.237316710243717E+000  0.102921020633172E+001  0.989754138265638E+000 -0.892824119335005E+001  0.896526487901963E-002  0.202008338793852E-001  0.920997282385314E+001
      5.39000000  0.373198882902833E-003  0.319707670859491E-003  0.216957033762716E+000 -0.447326050627365E-003  0.499802178901091E-003  0.240421477473068E+000  0.101867934747406E+001  0.979129365359135E+000 -0.903946967016015E+001  0.155839607393659E-001  0.133502859172428E-001  0.905964634724739E+001
      5.40000000  0.376298182102402E-003  0.100727220180510E-003  0.213552498076105E+000 -0.207854150771780E-003  0.689023928373571E-003  0.242899029288571E+000  0.100866345686321E+001  0.971281164898453E+000 -0.912414356193773E+001  0.156842817727973E-001  0.419835699092429E-002  0.890096660684616E+001
      5.41000000  0.278971989298015E-003 -0.151925232994592E-003  0.210083819393532E+000 -0.509471401365430E-004  0.806117759573126E-003  0.244926945703238E+000  0.100211957515773E+001  0.966462746038088E+000 -0.918979805694227E+001  0.116061882302428E-001 -0.632060894534858E-002  0.874020491499938E+001
      5.42000000  0.154764763861018E-003 -0.417069644202682E-003  0.206556715845662E+000  0.486725316367776E-005  0.850405414362800E-003  0.246680371586347E+000  0.999797879238849E+000  0.964685504563376E+000 -0.924381160980501E+001  0.642686353451223E-002 -0.173195087874480E-001  0.857761025028428E+001
      5.43000000  0.597579513519093E-004 -0.676308159779804E-003  0.202872116905347E+000 -0.146222328278281E-004  0.827063776762740E-003  0.248255533345499E+000  0.100060609421771E+001  0.965718055602451E+000 -0.929023713726949E+001  0.247697798297517E-002 -0.280330965768207E-001  0.840908624820276E+001
      5.44000000  0.144232146631285E-004 -0.916765363926963E-003  0.198897686519447E+000 -0.658064378699731E-004  0.745063716368232E-003  0.249631181086589E+000  0.100272267471843E+001  0.969173743332156E+000 -0.932823729221720E+001  0.596745898925606E-003 -0.379302384369971E-001  0.822919033713709E+001
      5.45000000  0.818640963491751E-005 -0.113173999932321E-002  0.194544116892289E+000 -0.114753589983419E-003  0.612530513097099E-003  0.250677585817545E+000  0.100473910197917E+001  0.974703670993310E+000 -0.935250089563814E+001  0.338082931511991E-003 -0.467386795608871E-001  0.803429687500841E+001
      5.46000000  0.191166238230529E-004 -0.131694916419035E-002  0.189819062009874E+000 -0.151012458892636E-003  0.432277880257971E-003  0.251204929634394E+000  0.100622510114075E+001  0.982180453551664E+000 -0.935527866704541E+001  0.788033766490575E-003 -0.542878501841965E-001  0.782480378187728E+001
      5.47000000  0.342466842257477E-004 -0.146333619151336E-002  0.184842664719377E+000 -0.183090847423053E-003  0.201720293853890E-003  0.251029426122393E+000  0.100753365250085E+001  0.991699800303216E+000 -0.932912617157986E+001  0.140915082263516E-002 -0.602120013858898E-001  0.760573465537301E+001
      5.48000000  0.581354558402359E-004 -0.155100003990867E-002  0.179825074601713E+000 -0.222210463244681E-003 -0.804858894187561E-004  0.250032064180537E+000  0.100912662532393E+001  0.100330571542790E+001 -0.926931376418607E+001  0.238773870384996E-002 -0.637026539387628E-001  0.738577317995403E+001
      5.49000000  0.106193939273718E-003 -0.154988684058431E-002  0.175020309367123E+000 -0.266902858353746E-003 -0.403140603532623E-003  0.248192294119487E+000  0.101094226317465E+001  0.101652762584653E+001 -0.917518289960029E+001  0.435365150546906E-002 -0.635409819332935E-001  0.717533824034742E+001
      5.50000000  0.189175958265060E-003 -0.143007988223100E-002  0.170675987854256E+000 -0.298861755109157E-003 -0.732869969478885E-003  0.245592551073463E+000  0.101223021040539E+001  0.102999096998290E+001 -0.905029423228453E+001  0.774157861843909E-002 -0.585226364939428E-001  0.698451108888880E+001
      5.51000000  0.300216444493780E-003 -0.117894701510512E-002  0.166993592237453E+000 -0.292271500329314E-003 -0.101358217203353E-002  0.242401599090260E+000  0.101193881288448E+001  0.104140317438176E+001 -0.890170896298945E+001  0.122633508625246E-001 -0.481580578270413E-001  0.682141518548192E+001
      5.52000000  0.413371302125157E-003 -0.817185618677737E-003  0.164103371958956E+000 -0.229995886568766E-003 -0.117895720748932E-002  0.238849109759061E+000  0.100937793604390E+001  0.104807123055664E+001 -0.873892059061958E+001  0.168549520234718E-001 -0.333202240365349E-001  0.669121065501711E+001
      5.53000000  0.494817627082557E-003 -0.404295430515176E-003  0.162049063323447E+000 -0.115892763002228E-003 -0.117524688144812E-002  0.235199517749179E+000  0.100471690860274E+001  0.104783328986072E+001 -0.857276882431246E+001  0.201393897384923E-001 -0.164550792029044E-001  0.659549915848899E+001
      5.54000000  0.519798286746574E-003 -0.277223348018948E-004  0.160775975672244E+000  0.247116768930227E-004 -0.985269990981925E-003  0.231724445225972E+000  0.998996034641969E+000  0.104002872583418E+001 -0.841430711574059E+001  0.211179304147043E-001 -0.112627985163979E-002  0.653187198413753E+001
      5.55000000  0.484966330359301E-003  0.222547460580163E-003  0.160122294323561E+000  0.156789311310108E-003 -0.642102406332397E-003  0.228666996804601E+000  0.993641572190551E+000  0.102603979673629E+001 -0.827335275240631E+001  0.196673062457928E-001  0.902518131147539E-002  0.649359347670032E+001
      5.56000000  0.408850173175206E-003  0.284533109175823E-003  0.159822763244396E+000  0.252507399331738E-003 -0.224393717104657E-003  0.226193309267241E+000  0.989778242045782E+000  0.100908368732465E+001 -0.815653665719213E+001  0.165506734487672E-001  0.115181914654918E-001  0.646978902710185E+001
      5.57000000  0.320556848737209E-003  0.146912484950960E-003  0.159538798303187E+000  0.303259067561407E-003  0.166775545097505E-003  0.224336897741810E+000  0.987745802497501E+000  0.993260875974309E+000 -0.806508311237690E+001  0.129531722391419E-001  0.593649060734991E-002  0.644669905318737E+001
      5.58000000  0.243882099046866E-003 -0.146643337242241E-003  0.158924188291432E+000  0.320124887020539E-003  0.440869352283742E-003  0.222953952598911E+000  0.987087464908822E+000  0.982217124588557E+000 -0.799305506499240E+001  0.983721131887710E-002 -0.591499541210718E-002  0.641035496255676E+001
      5.59000000  0.186435754431900E-003 -0.514000858806152E-003  0.157721089450039E+000  0.323301944066333E-003  0.547052545178339E-003  0.221714639603105E+000  0.986982643952718E+000  0.977973600567965E+000 -0.792706789296730E+001  0.750660687300344E-002 -0.206956138386712E-001  0.635044612387221E+001
      5.60000000  0.139904618997302E-003 -0.865082328795091E-003  0.155863148647061E+000  0.327683642510347E-003  0.487224787154503E-003  0.220150592817306E+000  0.986829780562740E+000  0.980417523093498E+000 -0.784826473007505E+001  0.562302871869033E-002 -0.347692793398059E-001  0.626443192018431E+001
      5.61000000  0.904738746194876E-004 -0.113314752237404E-002  0.153550343465781E+000  0.333813057395591E-003  0.307857184554523E-003  0.217761842871178E+000  0.986607343354658E+000  0.987648698943330E+000 -0.773665522488686E+001  0.362983266025034E-002 -0.454621392406808E-001  0.616047509901492E+001
      5.62000000  0.321297463602672E-004 -0.129349196247595E-002  0.151260806958996E+000  0.329758144484044E-003  0.752029576293917E-004  0.214163350974391E+000  0.986793568269892E+000  0.996988208653986E+000 -0.757699414266137E+001  0.128675912607550E-002 -0.518028548547620E-001  0.605782011440734E+001
      5.63000000 -0.261204440595582E-004 -0.136237304510896E-002  0.149680318952058E+000  0.302435640778222E-003 -0.154164605866339E-003  0.209231665126425E+000  0.987909316567439E+000  0.100616314744267E+001 -0.736460220297332E+001 -0.104423545925137E-002 -0.544645504183329E-001  0.598387593432200E+001
      5.64000000 -0.642056428788143E-004 -0.137837277761736E-002  0.149555621046330E+000  0.250862200025727E-003 -0.353956920876073E-003  0.203204697878266E+000  0.989988886200345E+000  0.101412529673543E+001 -0.710925422353468E+001 -0.256224332471731E-002 -0.550064805843956E-001  0.596828992777446E+001
      5.65000000 -0.641957150492527E-004 -0.137644882790641E-002  0.151504156263663E+000  0.192383905894568E-003 -0.531260583697466E-003  0.196696291719708E+000  0.992336157596577E+000  0.102116339914025E+001 -0.683563143740128E+001 -0.255731289384537E-002 -0.548324811496025E-001  0.603534880773542E+001
      5.66000000 -0.248762200939007E-004 -0.136777493532132E-002  0.155830589664103E+000  0.156964907777008E-003 -0.712258569443518E-003  0.190609910309764E+000  0.993758163139975E+000  0.102832353967256E+001 -0.657975767263727E+001 -0.989223067239955E-003 -0.543906796010471E-001  0.619672978030657E+001
      5.67000000  0.315193431589957E-004 -0.133491747338370E-002  0.162403044507813E+000  0.171709848523438E-003 -0.919085724056831E-003  0.185965192161191E+000  0.993183861260645E+000  0.103648373032999E+001 -0.638201426046040E+001  0.125118167532326E-002 -0.529904532699576E-001  0.644669885028651E+001
      5.68000000  0.655608026910641E-004 -0.124388128576114E-002  0.170628178121821E+000  0.243809357685178E-003 -0.115020937927323E-002  0.183677765946841E+000  0.990338861455207E+000  0.104557795596602E+001 -0.627837668438389E+001  0.259789863654066E-002 -0.492897793140926E-001  0.676127645030364E+001
      5.69000000  0.378419512322206E-004 -0.106613744669178E-002  0.179538097492417E+000  0.351573245514774E-003 -0.137442208974943E-002  0.184348288033972E+000  0.986093116156308E+000  0.105436684559533E+001 -0.629210843310364E+001  0.149688187858149E-002 -0.421722921800935E-001  0.710183581713859E+001
      5.70000000 -0.710574548455979E-004 -0.799028634340104E-003  0.187971405047858E+000  0.449322197670453E-003 -0.154139515316074E-002  0.188116326355074E+000  0.982257725497605E+000  0.106086468922708E+001 -0.642810285776652E+001 -0.280582814703666E-002 -0.315510460850486E-001  0.742238038594737E+001
      5.71000000 -0.247961592029155E-003 -0.474088487020725E-003  0.194804327419213E+000  0.484816900001689E-003 -0.160343439038596E-002  0.194618404173562E+000  0.980889681838431E+000  0.106320353385241E+001 -0.667139021729794E+001 -0.977405060654838E-002 -0.186874298805828E-001  0.767871886524319E+001
      5.72000000 -0.448516520816297E-003 -0.149020237945105E-003  0.199173615531709E+000  0.421459049977718E-003 -0.153770146300903E-002  0.203061739487966E+000  0.983416139703511E+000  0.106050653377024E+001 -0.699021285557539E+001 -0.176485362510977E-001 -0.586375071922620E-002  0.783722028249052E+001
      5.73000000 -0.612534940678199E-003  0.112881878704392E-003  0.200635068066025E+000  0.255045398749405E-003 -0.135821663299970E-002  0.212393851592848E+000  0.989981812713612E+000  0.105335077077100E+001 -0.734283384122210E+001 -0.240603821329880E-001  0.443400197629564E-002  0.788094863878582E+001
      5.74000000 -0.686604609468136E-003  0.266218445123797E-003  0.199219776350614E+000  0.174783372901885E-004 -0.111217513960046E-002  0.221522435873240E+000  0.999314646714541E+000  0.104361014856709E+001 -0.768624553399580E+001 -0.269228541077720E-001  0.104388468414419E-001  0.781172293356044E+001
      5.75000000 -0.644180020326312E-003  0.299286124569326E-003  0.195379253965530E+000 -0.234045473299909E-003 -0.862693350660931E-003  0.229527563064497E+000  0.100916133315341E+001  0.103376874195944E+001 -0.798448683273944E+001 -0.252153895299680E-001  0.117150733860192E-001  0.764780626434178E+001
      5.76000000 -0.494948271668061E-003  0.235771669751089E-003  0.189841600188831E+000 -0.437430411102784E-003 -0.666223469989634E-003  0.235813211849872E+000  0.101709278244133E+001  0.102603297013834E+001 -0.821450320927421E+001 -0.193403177113486E-001  0.921287993380311E-002  0.741814260732518E+001
      5.77000000 -0.280350552366482E-003  0.122833977418883E-003  0.183423960614226E+000 -0.547033261513968E-003 -0.554639493813560E-003  0.240165674691471E+000  0.102133851517576E+001  0.102163521688437E+001 -0.836831314409944E+001 -0.109358332245625E-001  0.479147224795403E-002  0.715494878013911E+001
      5.78000000 -0.580405615373584E-004  0.121407591417219E-004  0.176854557914208E+000 -0.547744112565059E-003 -0.528858540770332E-003  0.242715431386280E+000  0.102132927802806E+001  0.102059386964614E+001 -0.845139308480417E+001 -0.226011242391631E-002  0.472763871423254E-003  0.688675596825248E+001
      5.79000000  0.117935773420872E-003 -0.572773689045151E-004  0.170648603618746E+000 -0.457330077710214E-003 -0.564789611858389E-003  0.243826682521582E+000  0.101777777792448E+001  0.102195504906203E+001 -0.847826706617385E+001  0.458451366182963E-002 -0.222654138468501E-002  0.663361787496310E+001
      5.80000000  0.213748936209809E-003 -0.677510513320453E-004  0.165060759752657E+000 -0.317556467867046E-003 -0.626721052113687E-003  0.243955769328469E+000  0.101232307934081E+001  0.102432050369380E+001 -0.846693456214195E+001  0.829472980858737E-002 -0.262914368142366E-002  0.640533903197791E+001
      5.81000000  0.223960817755267E-003 -0.218286222514299E-004  0.160111154190835E+000 -0.178535505022672E-003 -0.680819766450485E-003  0.243521518649615E+000  0.100691631459730E+001  0.102637438244138E+001 -0.843381785028859E+001  0.867605282695704E-002 -0.845622380250672E-003  0.620257081514465E+001
      5.82000000  0.169764903210530E-003  0.651760279571029E-004  0.155661597286972E+000 -0.823245980467880E-004 -0.703096296136225E-003  0.242818585097447E+000  0.100318370566191E+001  0.102719055679574E+001 -0.839042427820297E+001  0.656524898230165E-002  0.252052599285016E-002  0.601983757446250E+001
      5.83000000  0.892366909928648E-004  0.173222215672464E-003  0.151509738702675E+000 -0.509959567279980E-004 -0.680534895999717E-003  0.241985573703827E+000  0.100196876311711E+001  0.102627290650306E+001 -0.834215775029662E+001  0.344509481127235E-002  0.668746173542026E-002  0.584922422441181E+001
      5.84000000  0.236061843275090E-004  0.281961239681128E-003  0.147472208028661E+000 -0.821453631897059E-004 -0.608272070996527E-003  0.241021326474904E+000  0.100316589482161E+001  0.102344289835630E+001 -0.828899866961733E+001  0.909785943094975E-003  0.108668291664819E-001  0.568360138174907E+001
      5.85000000  0.402982869109425E-005  0.371128559093112E-003  0.143439173329758E+000 -0.152224933399159E-003 -0.487248762329265E-003  0.239831479227319E+000  0.100585674347182E+001  0.101874654134644E+001 -0.822734153293461E+001  0.155044724619744E-003  0.142789010784201E-001  0.551871775039578E+001
      5.86000000  0.425843999169717E-004  0.419906201337584E-003  0.139395890940972E+000 -0.225945660384896E-003 -0.324981129986552E-003  0.238285175417539E+000  0.100867826013106E+001  0.101248207546409E+001 -0.815220382690889E+001  0.163560786861288E-002  0.161280160886657E-001  0.535400326222491E+001
      5.87000000  0.129741052488218E-003  0.408981371359331E-003  0.135416451543411E+000 -0.268598168323829E-003 -0.138463529138231E-003  0.236266391267941E+000  0.101029890900450E+001  0.100530913258246E+001 -0.805920572606451E+001  0.497468505486239E-002  0.156816479965210E-001  0.519229792541324E+001
      5.88000000  0.238758138040794E-003  0.326632639185651E-003  0.131639000917314E+000 -0.257532569439308E-003  0.446153670807738E-004  0.233711332864982E+000  0.100985782514057E+001  0.998292214114035E+000 -0.794599645306535E+001  0.913917793317873E-002  0.125028358522020E-001  0.503887432780889E+001
      5.89000000  0.335496348359560E-003  0.176322705349552E-003  0.128231411018655E+000 -0.189282761945881E-003  0.190074095072480E-003  0.230629086638907E+000  0.100723305962401E+001  0.992736701173913E+000 -0.781302617069947E+001  0.128203174255129E-001  0.673781715645916E-002  0.490010517616332E+001
      5.90000000  0.390453626989296E-003 -0.192978740681215E-004  0.125354417799200E+000 -0.800245569469880E-004  0.267382929576570E-003  0.227105734595683E+000  0.100305279430066E+001  0.989799817522940E+000 -0.766367923386616E+001  0.148951103588698E-001 -0.736179520606994E-003  0.478204774658720E+001
      5.91000000  0.388892279390715E-003 -0.222322162325758E-003  0.123127779317811E+000  0.408508029452781E-004  0.261892695501542E-003  0.223293323388773E+000  0.998444251496596E+000  0.990026164978329E+000 -0.750382926738419E+001  0.148104452795690E-001 -0.846684388982934E-002  0.468915772984312E+001
      5.92000000  0.335352618845670E-003 -0.391759071849004E-003  0.121604464462756E+000  0.141790574687283E-003  0.182647815626078E-003  0.219386057194368E+000  0.994609215989781E+000  0.993055850671668E+000 -0.734091301059105E+001  0.127498850995232E-001 -0.148944211915319E-001  0.462332143051704E+001
      5.93000000  0.250787976946417E-003 -0.499161108661900E-003  0.120757274514030E+000  0.200578267247064E-003  0.604458549115744E-004  0.215587757414088E+000  0.992387006528691E+000  0.997705763913881E+000 -0.718268206328610E+001  0.951871435215902E-002 -0.189457727077355E-001  0.458336964969373E+001
      5.94000000  0.163470861300382E-003 -0.539955773038771E-003  0.120480529978175E+000  0.211695247352246E-003 -0.644326166829672E-004  0.212076488946544E+000  0.991978585872599E+000  0.100244143743514E+001 -0.703585987783091E+001  0.619412808106848E-002 -0.204596414902885E-001  0.456516732109542E+001
      5.95000000  0.975142388566801E-004 -0.534043952913431E-003  0.120606481446072E+000  0.186550404174129E-003 -0.159568236855692E-003  0.208973008592621E+000  0.992943237453379E+000  0.100603609068798E+001 -0.690495687650531E+001  0.368873405325761E-002 -0.202016253025712E-001  0.456225921844675E+001
      5.96000000  0.639985815398312E-004 -0.514524180514689E-003  0.120933096050497E+000  0.146657136862134E-003 -0.214119604867181E-003  0.206318533242601E+000  0.994461614036582E+000  0.100808605049479E+001 -0.679144945109663E+001  0.241685371242510E-002 -0.194305818330593E-001  0.456693875258466E+001
      5.97000000  0.585642168398806E-004 -0.509907229534165E-003  0.121258300114880E+000  0.113054787305727E-003 -0.241467035834981E-003  0.204064751604441E+000  0.995737730546147E+000  0.100910352931954E+001 -0.669342880651028E+001  0.220792483427034E-002 -0.192239714968032E-001  0.457154943123447E+001
      5.98000000  0.662918768495924E-004 -0.529169219319322E-003  0.121416157743595E+000  0.970403437158263E-004 -0.268973276524256E-003  0.202076573613676E+000  0.996347607707432E+000  0.101012358246546E+001 -0.660573274695338E+001  0.249508535104053E-002 -0.199168047442801E-001  0.456984612538591E+001
      5.99000000  0.711616619830425E-004 -0.557940602734338E-003  0.121311864982026E+000  0.966088624972098E-004 -0.320120598900638E-003  0.200147270312567E+000  0.996369918114498E+000  0.101202854435098E+001 -0.652054171443531E+001  0.267390230491899E-002 -0.209646405393784E-001  0.455829819526643E+001
      6.00000000  0.651304507911230E-004 -0.568316583711071E-003  0.120952974728006E+000  0.100117149877077E-003 -0.398810335790558E-003  0.198026491291788E+000  0.996244363918610E+000  0.101496033884869E+001 -0.642845193535437E+001  0.244320050349690E-002 -0.213189275769265E-001  0.453723819143578E+001
      6.01000000  0.521083952101725E-004 -0.537247211113374E-003  0.120472615803576E+000  0.949862370730651E-004 -0.484867466158410E-003  0.195462549421069E+000  0.996442765573424E+000  0.101815828583270E+001 -0.632007216342309E+001  0.195145931733927E-002 -0.201199071975462E-001  0.451169926929984E+001
      6.02000000  0.447951260963692E-004 -0.463396359124568E-003  0.120137136419262E+000  0.766407253590040E-004 -0.543940922876012E-003  0.192258973217125E+000  0.997134572723646E+000  0.102033674850848E+001 -0.618813794362623E+001  0.167479072729258E-002 -0.173253653456257E-001  0.449166191977237E+001
      6.03000000  0.561128119502572E-004 -0.372694419932964E-003  0.120328094193085E+000  0.527393248034017E-004 -0.547094388063730E-003  0.188340257411326E+000  0.998031463241479E+000  0.102042072812457E+001 -0.602994816876259E+001  0.209445481829372E-002 -0.139111122121585E-001  0.449134070989383E+001
      6.04000000  0.898877588539709E-004 -0.308558876263777E-003  0.121490096624743E+000  0.402025826603965E-004 -0.489752705416298E-003  0.183814001094409E+000  0.998501891423041E+000  0.101825013917069E+001 -0.584964281849555E+001  0.334957641006102E-002 -0.114981344092375E-001  0.452720556056332E+001
      6.05000000  0.135943182330275E-003 -0.310924990306636E-003  0.124043631259802E+000  0.563446702306846E-004 -0.399464709016898E-003  0.179009743801656E+000  0.997903843315930E+000  0.101486104393597E+001 -0.565959121683016E+001  0.505741198109163E-002 -0.115671543378853E-001  0.461472018057743E+001
      6.06000000  0.172576888034347E-003 -0.394443555329732E-003  0.128274670319808E+000  0.108593267250029E-003 -0.327401138483044E-003  0.174473392019399E+000  0.995966736916405E+000  0.101216000732651E+001 -0.548011712808254E+001  0.640967906406162E-002 -0.146500300668757E-001  0.476425017372338E+001
      6.07000000  0.175625973780088E-003 -0.537112029159011E-003  0.134226158743953E+000  0.188175432404243E-003 -0.326799189089071E-003  0.170903420095264E+000  0.993022489365212E+000  0.101211765419202E+001 -0.533706757572202E+001  0.651217900306515E-002 -0.199160158563038E-001  0.497708142947568E+001
      6.08000000  0.129909054861702E-003 -0.685692141263574E-003  0.141624382873175E+000  0.271287208757858E-003 -0.428352538687719E-003  0.169030782533373E+000  0.989957264759582E+000  0.101585711009118E+001 -0.525732191442373E+001  0.480908130273674E-002 -0.253835212602744E-001  0.524276904648471E+001
      6.09000000  0.375294504163307E-004 -0.776083681443893E-003  0.149870492803171E+000  0.327607794706399E-003 -0.624322580108977E-003  0.169464252083417E+000  0.987892256577531E+000  0.102307374163544E+001 -0.526306735267226E+001  0.138701509478561E-002 -0.286825351567381E-001  0.553892032723456E+001
      6.10000000 -0.810390590555062E-004 -0.759565036495500E-003  0.158112577802878E+000  0.332431427495127E-003 -0.869076325232509E-003  0.172539359351620E+000  0.987734125551703E+000  0.103206670672389E+001 -0.536626366870058E+001 -0.299013523261876E-002 -0.280260186083224E-001  0.583395211048466E+001
      6.11000000 -0.193748284693297E-003 -0.623065265079652E-003  0.165390145924136E+000  0.276960837576416E-003 -0.109600898482622E-002  0.178214873642293E+000  0.989797574570087E+000  0.104037375838423E+001 -0.556491356231979E+001 -0.713711889397189E-002 -0.229518980393400E-001  0.609248818496896E+001
      6.12000000 -0.268667884747445E-003 -0.394569342580873E-003  0.170818385935802E+000  0.172231248600720E-003 -0.124329992718354E-002  0.186051685034260E+000  0.993665872465878E+000  0.104572468913700E+001 -0.584240003204890E+001 -0.988076588969303E-002 -0.145110283834502E-001  0.628216685694862E+001
      6.13000000 -0.285485408707968E-003 -0.131684649116122E-003  0.173763485420626E+000  0.451512013110010E-004 -0.127725189265779E-002  0.195286369908165E+000  0.998342188641798E+000  0.104689670780513E+001 -0.617030671910080E+001 -0.104821342381786E-001 -0.483504980303433E-002  0.638005349595983E+001
      6.14000000 -0.242090904734980E-003  0.101183459988105E-003  0.173959646818197E+000 -0.713098985088172E-004 -0.120355178139635E-002  0.204982625308220E+000  0.100261401287736E+001  0.104411869769728E+001 -0.651406513534058E+001 -0.887434641895584E-002  0.370909050377577E-002  0.637685323401091E+001
      6.15000000 -0.154004289333565E-003  0.257111221012211E-003  0.171534972317226E+000 -0.149405903579572E-003 -0.106251496460275E-002  0.214218494439008E+000  0.100546787928620E+001  0.103888536816172E+001 -0.683985666161857E+001 -0.563616860818404E-002  0.940962228358568E-002  0.627774739498347E+001
      6.16000000 -0.476472278899452E-004  0.322614059253805E-003  0.166942082202606E+000 -0.174826089936074E-003 -0.911286671496460E-003  0.222255652879591E+000  0.100638780732143E+001  0.103329665311533E+001 -0.712079185214105E+001 -0.174093758702011E-002  0.117876939903697E-001  0.609974092161720E+001
      6.17000000  0.491266687084205E-004  0.319717424758955E-003  0.160819959562058E+000 -0.149159725180582E-003 -0.800943499599625E-003  0.228644061004219E+000  0.100544117489991E+001  0.102921749594931E+001 -0.734067188205383E+001  0.179208426650424E-002  0.116629232492528E-001  0.586652681421514E+001
      6.18000000  0.115263073913113E-003  0.294543762574839E-003  0.153834464559401E+000 -0.867117239977393E-004 -0.757625106075764E-003  0.233238879420606E+000  0.100315802541910E+001  0.102759257033336E+001 -0.749451811097027E+001  0.419786045668397E-002  0.107272309482904E-001  0.560262357861334E+001
      6.19000000  0.140790802485806E-003  0.297853787734483E-003  0.146548051069480E+000 -0.802929433101470E-005 -0.774301777180108E-003  0.236137738245696E+000  0.100029195304197E+001  0.102815437446049E+001 -0.758620050057823E+001  0.511929210367319E-002  0.108302567829458E-001  0.532863132678227E+001
      6.20000000  0.126659628703079E-003  0.365261957793939E-003  0.139353401552679E+000  0.667196403550076E-004 -0.815145563301655E-003  0.237572912530964E+000  0.997577921120611E+000  0.102959168907379E+001 -0.762445197088118E+001  0.459804054579234E-002  0.132598627437094E-001  0.505885416761624E+001
      6.21000000  0.815662809314723E-004  0.504017236389179E-003  0.132477846938025E+000  0.122163915188793E-003 -0.829841370481968E-003  0.237804181482494E+000  0.995572305804231E+000  0.103007667046209E+001 -0.761894604844975E+001  0.295627844026287E-002  0.182675398760676E-001  0.480151109309940E+001
      6.22000000  0.179913984257645E-004  0.690207613728593E-003  0.126037568742256E+000  0.149243648784551E-003 -0.772192037347695E-003  0.237050180300805E+000  0.994599527621413E+000  0.102794223943614E+001 -0.757780522976648E+001  0.651029715782124E-003  0.249755831071420E-001  0.456074623074523E+001
      6.23000000 -0.508126901208511E-004  0.876480896658378E-003  0.120104521930002E+000  0.144632930379050E-003 -0.616680603229118E-003  0.235473399366145E+000  0.994774769968003E+000  0.102227914486485E+001 -0.750707148696868E+001 -0.183573681132076E-002  0.316650868629166E-001  0.433907930457143E+001
      6.24000000 -0.112343607196808E-003  0.100718572062473E-002  0.114750969022037E+000  0.109514268871857E-003 -0.367962571384614E-003  0.233207614649632E+000  0.996049860856207E+000  0.101327227375620E+001 -0.741171234349389E+001 -0.405219232995361E-002  0.363288161542165E-001  0.413902497995504E+001
      6.25000000 -0.155437052570085E-003  0.103597863105660E-002  0.110054151501249E+000  0.487865515632315E-004 -0.607736743392896E-004  0.230398694764819E+000  0.998243102683007E+000  0.100218857660501E+001 -0.729709900988294E+001 -0.559758646330364E-002  0.373075779911585E-001  0.396326113039229E+001
      6.26000000 -0.170879510980823E-003  0.940602876225293E-003  0.106067327437899E+000 -0.291161533448203E-004  0.249402214430279E-003  0.227228055024809E+000  0.100104685357449E+001  0.991032895157161E+000 -0.716984643579246E+001 -0.614386882633929E-002  0.338188039984162E-001  0.381358620936108E+001
      6.27000000 -0.152630984780720E-003  0.730553115540628E-003  0.102781157359663E+000 -0.112399215695363E-003  0.502032501734018E-003  0.223901900181576E+000  0.100403480003084E+001  0.981978515232966E+000 -0.703741723791813E+001 -0.547900177319675E-002  0.262247001892314E-001  0.368954012996674E+001
      6.28000000 -0.994830026353936E-004  0.445367098283729E-003  0.100102896434234E+000 -0.186874884500928E-003  0.649014588180728E-003  0.220610528673703E+000  0.100669757474468E+001  0.976739390494677E+000 -0.690665641989059E+001 -0.356545957342103E-002  0.159619064784592E-001  0.358767649712688E+001
      6.29000000 -0.163732073432857E-004  0.143899518474639E-003  0.978695118628033E-001 -0.238097879076831E-003  0.668788603683231E-003  0.217478946495954E+000  0.100851983446697E+001  0.976068799021350E+000 -0.678202910240498E+001 -0.585880969620802E-003  0.514914320965103E-002  0.350205572459252E+001
      6.30000000  0.855122441762630E-004 -0.112428871815831E-003  0.958918473889844E-001 -0.254339601540076E-003  0.572743453106026E-003  0.214534400183701E+000  0.100908656447679E+001  0.979538104629417E+000 -0.666447949102439E+001  0.305501980642372E-002 -0.401664619517235E-002  0.342584264826518E+001
      6.31000000  0.190294998262992E-003 -0.277442632474043E-003  0.940109418173422E-001 -0.229529606396653E-003  0.401690344662028E-003  0.211707002459463E+000  0.100818720430906E+001  0.985671909727222E+000 -0.655148109215976E+001  0.678772579376872E-002 -0.989623757810245E-002  0.335332247560269E+001
      6.32000000  0.280420460528956E-003 -0.333491382662192E-003  0.921427466454600E-001 -0.165185439654445E-003  0.213168193234706E-003  0.208862670289682E+000  0.100588275769792E+001  0.992408429990406E+000 -0.643823719587053E+001  0.998662852053302E-002 -0.118766460448857E-001  0.328148445328860E+001
      6.33000000  0.340412120453621E-003 -0.295725534152165E-003  0.902951670987983E-001 -0.706589583605414E-004  0.633839554978067E-004  0.205852905633910E+000  0.100251240585226E+001  0.997746269907921E+000 -0.631946885178453E+001  0.121039628017753E-001 -0.105150511683987E-001  0.321060643283659E+001
      6.34000000  0.360434186222225E-003 -0.205641275372710E-003  0.885559135040288E-001  0.384765825233508E-004 -0.103491669358100E-004  0.202561070092765E+000  0.998634054068838E+000  0.100036740275616E+001 -0.619106145503315E+001  0.127956688934942E-001 -0.730041092407012E-002  0.314379765037002E+001
      6.35000000  0.338806780798319E-003 -0.115796219088290E-003  0.870622093974404E-001  0.143624384007906E-003 -0.602784483205477E-006  0.198930915535632E+000  0.994909262198612E+000  0.100002136557644E+001 -0.605106684061575E+001  0.120089391386473E-001 -0.410437401589232E-002  0.308590274216618E+001
      6.36000000  0.282827227883961E-003 -0.708974029321821E-004  0.859673405740759E-001  0.227362585462960E-003  0.698494262362837E-004  0.194974913179266E+000  0.991953849361970E+000  0.997528093708414E+000 -0.589998100999229E+001  0.100089927964929E-001 -0.250899321309123E-002  0.304230430350434E+001
      6.37000000  0.207494134891773E-003 -0.921484378422318E-004  0.854137970068073E-001  0.277836739121185E-003  0.158795518447196E-003  0.190769358359518E+000  0.990183051417489E+000  0.994389196170888E+000 -0.574055198048194E+001  0.733149712254793E-002 -0.325592820847678E-002  0.301796967566301E+001
      6.38000000  0.132042345537825E-003 -0.170950858286859E-003  0.855136955914748E-001  0.292333308401941E-003  0.222618712170547E-003  0.186444877251011E+000  0.989687026580889E+000  0.992146427399046E+000 -0.557742723102688E+001  0.465820746589832E-002 -0.603082716480111E-002  0.301676355125526E+001
      6.39000000  0.746855149233901E-004 -0.274777451981001E-003  0.863315553150373E-001  0.278881546726939E-003  0.234650158787798E-003  0.182175332041095E+000  0.990176976211265E+000  0.991734935068831E+000 -0.541674804720081E+001  0.263064228657887E-002 -0.967846556753450E-002  0.304084989319306E+001
      6.40000000  0.466500639829518E-004 -0.363276855083925E-003  0.878664486814636E-001  0.254859226329082E-003  0.196247193975257E-003  0.178161000738224E+000  0.991037138986191E+000  0.993098400441352E+000 -0.526554632021006E+001  0.164058427778711E-002 -0.127756801609626E-001  0.309007752496282E+001
      6.41000000  0.472695963591317E-004 -0.408211964550350E-003  0.900381449469387E-001  0.242193899063496E-003  0.135453969138111E-003  0.174600118262001E+000  0.991495839561873E+000  0.995243801392249E+000 -0.513073832147480E+001  0.165977851976430E-002 -0.143335569257631E-001  0.316151163650635E+001
      6.42000000  0.621937937333813E-004 -0.408619130461578E-003  0.926883916149039E-001  0.259880447439729E-003  0.930174371761832E-004  0.171649234149287E+000  0.990889025035668E+000  0.996738963820835E+000 -0.501773581040045E+001  0.218041065891691E-002 -0.143255050707347E-001  0.324950039068815E+001
      6.43000000  0.662562919838557E-004 -0.393868685497344E-003  0.956071868268573E-001  0.315861408328439E-003  0.101104038415611E-003  0.169383784544614E+000  0.988943647664877E+000  0.996460973573370E+000 -0.492907760303028E+001  0.231922257444805E-002 -0.137869041478536E-001  0.334661568477675E+001
      6.44000000  0.311348510867010E-004 -0.412008092398460E-003  0.985830348169326E-001  0.401235355204884E-003  0.163902394414560E-003  0.167777767106448E+000  0.985977042996735E+000  0.994271700637064E+000 -0.486374152655662E+001  0.108814607792708E-002 -0.143994582973644E-001  0.344542334207646E+001
      6.45000000 -0.640111875813062E-004 -0.507204696112400E-003  0.101461038093776E+000  0.489648023099308E-003  0.249437821153655E-003  0.166718283678821E+000  0.982913600112901E+000  0.991295799925381E+000 -0.481767949433641E+001 -0.223368766269992E-002 -0.176990447291841E-001  0.354051030137394E+001
      6.46000000 -0.222446382089294E-003 -0.695550512564932E-003  0.104182899885522E+000  0.543300410370282E-003  0.297820889361952E-003  0.166055965632958E+000  0.981070733282468E+000  0.989623547228792E+000 -0.478559780833099E+001 -0.775031054007216E-002 -0.242338509534431E-001  0.362986270891077E+001
      6.47000000 -0.424409332152884E-003 -0.950301075019993E-003  0.106786481957709E+000  0.524592608345675E-003  0.244175760546051E-003  0.165672773510498E+000  0.981750786091473E+000  0.991505759679813E+000 -0.476332535859849E+001 -0.147640980143764E-001 -0.330585054376427E-001  0.371482426702652E+001
      6.48000000 -0.629328212060746E-003 -0.120452178883991E-002  0.109360199430407E+000  0.409899862327102E-003  0.475590771440716E-004  0.165535733674005E+000  0.985762653915728E+000  0.998348096442617E+000 -0.474967143499537E+001 -0.218589084290904E-001 -0.418375197210360E-001  0.379848628954456E+001
      6.49000000 -0.786128887088595E-003 -0.137202267957131E-002  0.111971106882400E+000  0.200478030094501E-003 -0.286463545223723E-003  0.165708001582392E+000  0.993047382055650E+000  0.100993461270537E+001 -0.474678644228989E+001 -0.272631061087712E-001 -0.475820193242406E-001  0.388318024968774E+001
      6.50000000 -0.848848292190847E-003 -0.137930277606843E-002  0.114601983350350E+000 -0.741234958195990E-004 -0.700237804963543E-003  0.166308076784383E+000  0.100256666277659E+001  0.102424702570880E+001 -0.475872394319201E+001 -0.293929379672563E-001 -0.477609029882204E-001  0.396830507704436E+001
      6.51000000 -0.792254710725273E-003 -0.119572045307226E-002  0.117131511214796E+000 -0.362374439172662E-003 -0.109941503092892E-002  0.167435011118154E+000  0.101252860863730E+001  0.103801079536382E+001 -0.478884021530410E+001 -0.273911405958829E-001 -0.413404257495572E-001  0.404966439259867E+001
      6.52000000 -0.621564320372678E-003 -0.849013339865958E-003  0.119371378824974E+000 -0.605405753803641E-003 -0.138436711550033E-002  0.169097478214162E+000  0.102089898642934E+001  0.104778922132519E+001 -0.483735103313826E+001 -0.214567902845606E-001 -0.293084731301430E-001  0.412077488600147E+001
      6.53000000 -0.372124579124227E-003 -0.418967348365913E-003  0.121144330973757E+000 -0.755139146883285E-003 -0.148549163302514E-002  0.171185576347011E+000  0.102602795691604E+001  0.105120157309166E+001 -0.490038382223680E+001 -0.128263016860159E-001 -0.144408671401879E-001  0.417557405177808E+001
      6.54000000 -0.985946288784032E-004 -0.111058468419064E-004  0.122363669025341E+000 -0.789303139715983E-003 -0.138823078350934E-002  0.173503963176561E+000  0.102716391466948E+001  0.104777604528264E+001 -0.497114924975608E+001 -0.339314003829503E-002 -0.382208382009536E-003  0.421115297380578E+001
      6.55000000  0.142708179160582E-003  0.279328491335323E-003  0.123070989468223E+000 -0.717572681286591E-003 -0.113777256577390E-002  0.175852940741435E+000  0.102465760390254E+001  0.103909672983611E+001 -0.504274977431558E+001  0.490381232056589E-002  0.959843020457788E-002  0.422902904380415E+001
      6.56000000  0.311745586323145E-003  0.398912170137560E-003  0.123408447981379E+000 -0.576349532737015E-003 -0.821892121303815E-003  0.178117172282776E+000  0.101977463069664E+001  0.102819923023808E+001 -0.511122435702282E+001  0.106960333802503E-001  0.136867307021201E-001  0.423416060057852E+001
      6.57000000  0.396128490087744E-003  0.351186830293427E-003  0.123535349389959E+000 -0.414178529120474E-003 -0.539340735315492E-003  0.180314764084063E+000  0.101418889214219E+001  0.101847668815071E+001 -0.517720755507454E+001  0.135705354699047E-001  0.120309279850200E-001  0.423206328914181E+001
      6.58000000  0.411622616713294E-003  0.190732741808680E-003  0.123529108330419E+000 -0.273607572158616E-003 -0.366580805435338E-003  0.182577263642326E+000  0.100935897946378E+001  0.101253920789845E+001 -0.524521042126651E+001  0.140799013209162E-001  0.652417548087384E-002  0.422541810127144E+001
      6.59000000  0.391925615234636E-003  0.190623067279596E-006  0.123321399432628E+000 -0.176763516063315E-003 -0.335301689126681E-003  0.185065333292923E+000  0.100603717121370E+001  0.101145187508477E+001 -0.532071101374933E+001  0.133858054812623E-001  0.651052954862019E-005  0.421191215964268E+001
      6.60000000  0.372295645477854E-003 -0.139536407052452E-003  0.122705301601184E+000 -0.120307898222196E-003 -0.427648278002102E-003  0.187858108873718E+000  0.100410276346709E+001  0.101458374518779E+001 -0.540637395776392E+001  0.126960988912197E-001 -0.475849783466991E-002  0.418452018584849E+001
      6.61000000  0.374110202643746E-003 -0.174418909297391E-003  0.121415550792411E+000 -0.813823421528579E-004 -0.588399867791297E-003  0.190869368321514E+000  0.100277111788006E+001  0.102003537070974E+001 -0.549921721738281E+001  0.127386782468162E-001 -0.593906915662466E-002  0.413427280190308E+001
      6.62000000  0.396842353759079E-003 -0.899087981798242E-004  0.119248506314193E+000 -0.314136011921991E-004 -0.747103062884253E-003  0.193832702426878E+000  0.100106803629604E+001  0.102540088234908E+001 -0.559015056201423E+001  0.134923097491406E-001 -0.305682431001710E-002  0.405434996812417E+001
      6.63000000  0.420500080602539E-003  0.907165788548677E-004  0.116168831132781E+000  0.486539263393743E-004 -0.840882526420301E-003  0.196366346837826E+000  0.998348302009573E+000  0.102854618493450E+001 -0.566622254074951E+001  0.142750891934384E-001  0.307963616230758E-002  0.394368634493891E+001
      6.64000000  0.416847785258011E-003  0.318523883145111E-003  0.112355581775708E+000  0.158496946092783E-003 -0.830574776895764E-003  0.198091959469862E+000  0.994627466962209E+000  0.102815379437416E+001 -0.571467572725048E+001  0.141297895841953E-001  0.107969278128598E-001  0.380849025770395E+001
      6.65000000  0.363898971798859E-003  0.535289300127367E-003  0.108167892463173E+000  0.278014284740832E-003 -0.707157728898354E-003  0.198758095447177E+000  0.990590387449555E+000  0.102393431059555E+001 -0.572712436760466E+001  0.123164474635700E-001  0.181172881864420E-001  0.366102755988038E+001
      6.66000000  0.256994461045647E-003  0.688462414875225E-003  0.104045648167934E+000  0.376014926927700E-003 -0.489602602965358E-003  0.198318987675896E+000  0.987292587378527E+000  0.101654610455830E+001 -0.570218394695521E+001  0.868511972283471E-002  0.232665656432229E-001  0.351621940528102E+001
      6.67000000  0.111733609251343E-003  0.741765192535878E-003  0.100386522875139E+000  0.423538231482475E-003 -0.217394434019627E-003  0.196940984652030E+000  0.985707998258839E+000  0.100733582330608E+001 -0.564563594578152E+001  0.377037258803500E-002  0.250303482312521E-001  0.338747308524826E+001
      6.68000000 -0.419434780286804E-004  0.681004420527803E-003  0.974463732535112E-001  0.405575664086056E-003  0.592170408836345E-004  0.194940696616503E+000  0.986334620372663E+000  0.998004753697671E+000 -0.556829011199465E+001 -0.141323457225772E-002  0.229456172016097E-001  0.328333724563387E+001
      6.69000000 -0.171153790218623E-003  0.515778474183387E-003  0.952949353335060E-001  0.326223552144130E-003  0.289527666034070E-003  0.192685045395333E+000  0.989024723504701E+000  0.990259298671487E+000 -0.548258421509887E+001 -0.575819911996380E-002  0.173525526507206E-001  0.320604768421128E+001
      6.70000000 -0.251444222127458E-003  0.277429824319306E-003  0.938326554940858E-001  0.205789056221161E-003  0.432527912918565E-003  0.190492987587438E+000  0.993086885528693E+000  0.985470000062451E+000 -0.539927046343045E+001 -0.844681793402979E-002  0.931975766103374E-002  0.315213986831369E+001
      6.71000000 -0.273333728533197E-003  0.129277357092843E-004  0.928508008455057E-001  0.722109751099981E-004  0.465960101586064E-003  0.188570104840320E+000  0.997577816926412E+000  0.984370233620165E+000 -0.532523401648105E+001 -0.916847237813118E-002  0.433636889228466E-003  0.311450770238912E+001
      6.72000000 -0.242149625555223E-003 -0.225413162069162E-003  0.921058757610266E-001 -0.486028989277150E-004  0.392336288174138E-003  0.186987879765823E+000  0.100162786796248E+001  0.986859391350581E+000 -0.526282764110952E+001 -0.811037255522032E-002 -0.754981437216488E-002  0.308492307280650E+001
      6.73000000 -0.172722083317646E-003 -0.392971617044544E-003  0.913829913445910E-001 -0.139251354044728E-003  0.239362316560233E-003  0.185700497224395E+000  0.100465704718401E+001  0.991994895777197E+000 -0.521046727768218E+001 -0.577642420246799E-002 -0.131423308240469E-001  0.305616347810049E+001
      6.74000000 -0.825983999524853E-004 -0.465204075217339E-003  0.905356363234347E-001 -0.192284572117073E-003  0.531125956781191E-004  0.184582065645619E+000  0.100642112048665E+001  0.998226366408637E+000 -0.516390420788826E+001 -0.275827786004651E-002 -0.155349510621699E-001  0.302333267181695E+001
      6.75000000  0.127562373052275E-004 -0.444899469624572E-003  0.895023467139721E-001 -0.207721968351190E-003 -0.115192463059503E-003  0.183468245652534E+000  0.100692635795117E+001  0.100384101998821E+001 -0.511763287316031E+001  0.425348683085399E-003 -0.148348920596400E-001  0.298439927048392E+001
      6.76000000  0.101364031142824E-003 -0.360835238722468E-003  0.883072812751525E-001 -0.189500103237078E-003 -0.224935964452458E-003  0.182193975327931E+000  0.100630941407778E+001  0.100748925259919E+001 -0.506615623519188E+001  0.337491977127389E-002 -0.120140247739448E-001  0.294019472354082E+001
      6.77000000  0.173794093173995E-003 -0.257424233840977E-003  0.870504813367187E-001 -0.143414398357163E-003 -0.258679286431358E-003  0.180626235812800E+000  0.100476793539520E+001  0.100860001603681E+001 -0.500507503359784E+001  0.577793455756654E-002 -0.855829073071987E-002  0.289406834940399E+001
      6.78000000  0.222209925703263E-003 -0.178763688234815E-003  0.858886623963157E-001 -0.772403251977204E-004 -0.226487562567044E-003  0.178692674041166E+000  0.100256413375100E+001  0.100751866854358E+001 -0.493202987419771E+001  0.737666457054273E-002 -0.593438732013375E-002  0.285123110907419E+001
      6.79000000  0.241154346587995E-003 -0.153175766648090E-003  0.850045501715816E-001 -0.167210906446907E-005 -0.160042909322233E-003  0.176403373824881E+000  0.100005542696547E+001  0.100530509223225E+001 -0.484740787445068E+001  0.799376902278810E-002 -0.507746062137235E-002  0.281772545082318E+001
      6.80000000  0.229932731481828E-003 -0.184399823137741E-003  0.845654452745124E-001  0.700709075205514E-004 -0.988495390794454E-004  0.173858416462417E+000  0.997680709735048E+000  0.100327183965207E+001 -0.475457271854227E+001  0.761058711225097E-002 -0.610348473846737E-002  0.279904772061055E+001
      6.81000000  0.194681805159671E-003 -0.252868216222343E-003  0.846786682084885E-001  0.125130330745876E-003 -0.742421928138664E-004  0.171233335496859E+000  0.995864369247352E+000  0.100245374797553E+001 -0.465936207423200E+001  0.643434773647726E-002 -0.835744271706764E-002  0.279867960268978E+001
      6.82000000  0.147870400993063E-003 -0.326186212050513E-003  0.853578932443284E-001  0.155498905142543E-003 -0.978103276457228E-004  0.168740590269724E+000  0.994868205743127E+000  0.100322794862906E+001 -0.456879800056292E+001  0.488003741172378E-002 -0.107648380426698E-001  0.281699183623495E+001
      6.83000000  0.104400051821712E-003 -0.374041913536128E-003  0.865148385285059E-001  0.161590931701665E-003 -0.158815733340465E-003  0.166575582910349E+000  0.994674963893830E+000  0.100523358275963E+001 -0.448929933173166E+001  0.344037898403219E-002 -0.123261044034199E-001  0.285099314690673E+001
      6.84000000  0.757567676437295E-004 -0.381064167897818E-003  0.879832270738083E-001  0.152382054245870E-003 -0.231188934380148E-003  0.164864887047711E+000  0.994985772923294E+000  0.100760741689919E+001 -0.442498251991575E+001  0.249282395780017E-002 -0.125391554674323E-001  0.289514327440178E+001
      6.85000000  0.652561057595244E-004 -0.352314735978044E-003  0.895690403029915E-001  0.141417012816232E-003 -0.286595592956316E-003  0.163636501000256E+000  0.995353377796681E+000  0.100941684044292E+001 -0.437670103249418E+001  0.214415835751239E-002 -0.115762130888700E-001  0.294302278851497E+001
      6.86000000  0.671456104204986E-004 -0.309491095416860E-003  0.911090433554644E-001  0.140499939035970E-003 -0.307674018937690E-003  0.162824727139848E+000  0.995390240207144E+000  0.101009468994461E+001 -0.434222922516590E+001  0.220302682910012E-002 -0.101543076651036E-001  0.298925969439781E+001
      6.87000000  0.702058696568591E-004 -0.279929725374089E-003  0.925147211957221E-001  0.154453499558593E-003 -0.295787340078913E-003  0.162308325997053E+000  0.994939804555632E+000  0.100969056547794E+001 -0.431753475408797E+001  0.230008010709257E-002 -0.917103934277559E-002  0.303096124121164E+001
      6.88000000  0.638012697625454E-004 -0.283394055690374E-003  0.937841341625355E-001  0.179835871268410E-003 -0.270221964714268E-003  0.161966280333157E+000  0.994116792575523E+000  0.100884012659905E+001 -0.429861598940278E+001  0.208721486603665E-002 -0.927104253857045E-002  0.306808375054212E+001
      6.89000000  0.428189223673458E-004 -0.322293282061765E-003  0.949777382763764E-001  0.208130583849151E-003 -0.259444035279573E-003  0.161727713823878E+000  0.993201032642181E+000  0.100847521538846E+001 -0.428313247773442E+001  0.139875865472794E-002 -0.105283013378300E-001  0.310262206696450E+001
      6.90000000  0.866693265679791E-005 -0.379323577974534E-003  0.961697922619335E-001  0.231136026064032E-003 -0.288216553928130E-003  0.161595104967571E+000  0.992460460394465E+000  0.100940147739111E+001 -0.427115013055579E+001  0.282710934929413E-003 -0.123733421749663E-001  0.313700970792862E+001
      6.91000000 -0.338881049464776E-004 -0.423405356198013E-003  0.973974187696545E-001  0.244910130522186E-003 -0.365861215013174E-003  0.161631841243599E+000  0.992022717392221E+000  0.101191693582116E+001 -0.426471842249507E+001 -0.110381301754943E-002 -0.137912799966142E-001  0.317245649715306E+001
      6.92000000 -0.814321558581029E-004 -0.421541351882879E-003  0.986299650263325E-001  0.249666909796548E-003 -0.480298990248730E-003  0.161920934418791E+000  0.991879529986872E+000  0.101562182810221E+001 -0.426651326568263E+001 -0.264859840773044E-002 -0.137107232594338E-001  0.320796085490422E+001
      6.93000000 -0.134408716841597E-003 -0.352075877018499E-003  0.997718887971687E-001  0.245909447346133E-003 -0.600156539708488E-003  0.162514236538012E+000  0.992013283759792E+000  0.101949205300604E+001 -0.427818311264899E+001 -0.436536413386899E-002 -0.114348194228231E-001  0.324041948437628E+001
      6.94000000 -0.195118167665077E-003 -0.214485216579331E-003  0.100697361072275E+000  0.229959132448649E-003 -0.684197162310559E-003  0.163395275918784E+000  0.992542084359156E+000  0.102218952847788E+001 -0.429915107497151E+001 -0.632797149192244E-002 -0.695607360500929E-002  0.326576473017599E+001
      6.95000000 -0.262177720507287E-003 -0.322347103963043E-004  0.101300860506931E+000  0.192900118037136E-003 -0.694776502295802E-003  0.164472440266483E+000  0.993752964638236E+000  0.102250021110681E+001 -0.432641016934272E+001 -0.849057796201306E-002 -0.104391525402376E-002  0.328061000793240E+001
      6.96000000 -0.325390790351023E-003  0.152262415088391E-003  0.101541238936179E+000  0.124988252129463E-003 -0.610790183629291E-003  0.165605729431616E+000  0.995958093799806E+000  0.101975190938482E+001 -0.435540591354080E+001 -0.105225813674349E-001  0.492390596009596E-002  0.328366991488432E+001
      6.97000000 -0.365559382517738E-003  0.288929499793638E-003  0.101459769702195E+000  0.238036240688987E-004 -0.435961149569834E-003  0.166655686958519E+000  0.999231335931585E+000  0.101407801055542E+001 -0.438162751987769E+001 -0.118046042652996E-001  0.933008033371799E-002  0.327632797148827E+001
      6.98000000 -0.361232215268950E-003  0.334054096406070E-003  0.101163976676541E+000 -0.987859957018205E-004 -0.199993068292342E-003  0.167533638250196E+000  0.100318541656744E+001  0.100644890228200E+001 -0.440222754342595E+001 -0.116481599950952E-001  0.107717844574239E-001  0.326209605970801E+001
      6.99000000 -0.299991902853860E-003  0.262984266809805E-003  0.100783598994243E+000 -0.216177652190709E-003  0.476331718039350E-004  0.168231859406196E+000  0.100696081186002E+001  0.998466235784027E+000 -0.441698140543382E+001 -0.965958864911779E-002  0.846796134964371E-002  0.324518128523047E+001
      7.00000000 -0.188293865772606E-003  0.780817675651185E-004  0.100416712259654E+000 -0.295334260365115E-003  0.249419705012498E-003  0.168820740508872E+000  0.100949602973539E+001  0.991980283857135E+000 -0.442817744829574E+001 -0.605430655474215E-002  0.251060200626103E-002  0.322874861984871E+001
      7.01000000 -0.535192753591856E-004 -0.190032858661193E-003  0.100088049199519E+000 -0.310996396796935E-003  0.354116516591435E-003  0.169413657748743E+000  0.100998535742134E+001  0.988630157701552E+000 -0.443947113889877E+001 -0.171837712236177E-002 -0.610150482473519E-002  0.321359010958196E+001
      7.02000000  0.645499522466554E-004 -0.488262050749107E-003  0.997364962872611E-001 -0.258863533271257E-003  0.330079760511062E-003  0.170113375033654E+000  0.100829965496193E+001  0.989417017964873E+000 -0.445415686538489E+001  0.206959367619808E-002 -0.156546057338132E-001  0.319774089395960E+001
      7.03000000  0.129895743966624E-003 -0.752722144040134E-003  0.992369287596633E-001 -0.160320972263925E-003  0.174626351050535E-003  0.170961015412201E+000  0.100513288209557E+001  0.994409112806235E+000 -0.447353675977829E+001  0.415877928559218E-002 -0.240993674222689E-001  0.317719789031360E+001
      7.04000000  0.126438216142073E-003 -0.924092758883085E-003  0.984480236235705E-001 -0.551165810680555E-004 -0.830202965388232E-004  0.171907240437330E+000  0.100176212164719E+001  0.100265422598521E+001 -0.449601342849017E+001  0.404233196940015E-002 -0.295439924407576E-001  0.314746289025978E+001
      7.05000000  0.658175574307750E-004 -0.963442617696130E-003  0.972680107727865E-001  0.153283753723133E-004 -0.386628318692440E-003  0.172816181421502E+000  0.999510634570851E+000  0.101234328678040E+001 -0.451723602345845E+001  0.210125577273018E-002 -0.307583483975004E-001  0.310532595125952E+001
      7.06000000 -0.177065359403982E-004 -0.864619545492595E-003  0.956781925297376E-001  0.260220677381164E-004 -0.665732948035029E-003  0.173499960532658E+000  0.999170410249976E+000  0.102122372578157E+001 -0.453122028333824E+001 -0.564488605302901E-003 -0.275642781284619E-001  0.305024368633220E+001
      7.07000000 -0.830749659106788E-004 -0.659104189418647E-003  0.937598285461892E-001 -0.211923853003348E-004 -0.854322190046936E-003  0.173770683932887E+000  0.100067466270463E+001  0.102719747263898E+001 -0.453201529444307E+001 -0.264470376476567E-002 -0.209826788614336E-001  0.298485793911130E+001
      7.08000000 -0.101060849441829E-003 -0.410200530647620E-003  0.916806432349911E-001 -0.100220062318236E-003 -0.911076831963572E-003  0.173491834414195E+000  0.100318601404712E+001  0.102896329854019E+001 -0.451533703649663E+001 -0.321274282301739E-002 -0.130403496320763E-001  0.291454435807388E+001
      7.09000000 -0.662486905602327E-004 -0.196040820225663E-003  0.896579466764773E-001 -0.174752999682552E-003 -0.834872497663925E-003  0.172613360584558E+000  0.100554759412531E+001  0.102650331480341E+001 -0.447967054567920E+001 -0.210308748478882E-002 -0.622338331577248E-002  0.284622237771971E+001
      7.10000000  0.349054615993616E-005 -0.848576342390890E-004  0.879118492430095E-001 -0.216169502760468E-003 -0.669035531221015E-003  0.171182473546699E+000  0.100685270995390E+001  0.102120884947119E+001 -0.442659267577568E+001  0.110652520865689E-003 -0.269004067358489E-002  0.278686122084727E+001
      7.11000000  0.790604540247355E-004 -0.110019390170324E-003  0.866224350129866E-001 -0.215816321266593E-003 -0.490365537153674E-003  0.169331168900478E+000  0.100683189149478E+001  0.101552303423093E+001 -0.436035535136341E+001  0.250274140646717E-002 -0.348277892772269E-002  0.274212382802894E+001
      7.12000000  0.136565644657221E-003 -0.254412238101419E-003  0.859002425717463E-001 -0.185567384680283E-003 -0.384114444083265E-003  0.167247848575398E+000  0.100586607928943E+001  0.101214246667911E+001 -0.428696970332835E+001  0.431705658379655E-002 -0.804237427539632E-002  0.271544288224814E+001
      7.13000000  0.168844846786262E-003 -0.452099341851491E-003  0.857732274346996E-001 -0.147253834125838E-003 -0.412311255673904E-003  0.165142237599437E+000  0.100464839855183E+001  0.101301553236392E+001 -0.421308625109595E+001  0.532996743985542E-002 -0.142715328155610E-001  0.270762488841004E+001
      7.14000000  0.186020333003093E-003 -0.609444367080263E-003  0.861888028944633E-001 -0.117757615984410E-003 -0.587249389304363E-003  0.163210908922468E+000  0.100371207778820E+001  0.101851188473840E+001 -0.414490366282368E+001  0.586392600191897E-002 -0.192115378633667E-001  0.271693289764571E+001
      7.15000000  0.205517039728962E-003 -0.639807091402705E-003  0.870280056881495E-001 -0.987275252063599E-004 -0.861912943891903E-003  0.161607750547079E+000  0.100310783880052E+001  0.102713211421132E+001 -0.408724225149630E+001  0.646946055725863E-002 -0.201404552515110E-001  0.273955021403035E+001
      7.16000000  0.238113359046570E-003 -0.498975939224433E-003  0.881293557748425E-001 -0.768343416378962E-004 -0.114358002369235E-002  0.160422085620490E+000  0.100241528635321E+001  0.103594842053882E+001 -0.404286580573572E+001  0.748508979658503E-002 -0.156853010111867E-001  0.277034494969629E+001
      7.17000000  0.278739678505322E-003 -0.206362881334232E-003  0.893202620681369E-001 -0.340733938009049E-004 -0.132743460768632E-002  0.159667512867961E+000  0.100106960275394E+001  0.104166968868300E+001 -0.401214561943187E+001  0.874995691664365E-002 -0.647796657638212E-002  0.280386505814455E+001
      7.18000000  0.307752156112469E-003  0.158458716153799E-003  0.904521113079562E-001  0.383812590034094E-004 -0.133770997090217E-002  0.159285333386856E+000  0.998796846474806E+000  0.104193375905245E+001 -0.399318457372949E+001  0.964723672769467E-002  0.496727225444235E-002  0.283544050943624E+001
      7.19000000  0.302087489384875E-003  0.484288554734157E-003  0.914317883756171E-001  0.131377880330852E-003 -0.115926695070489E-002  0.159165211246617E+000  0.995887370032742E+000  0.103628948792228E+001 -0.398247966757696E+001  0.945649342529617E-002  0.151600834020471E-001  0.286216455834593E+001
      7.20000000  0.249770500341940E-003  0.671090562807611E-003  0.922397694068142E-001  0.219682747749824E-003 -0.845432402957449E-003  0.159181124556762E+000  0.993132641319684E+000  0.102642850934149E+001 -0.397605701250688E+001  0.780791223334191E-002  0.209785231156300E-001  0.288344709629895E+001
      7.21000000  0.159148374386716E-003  0.669136451767796E-003  0.929261290538960E-001  0.273938268140279E-003 -0.497742902920329E-003  0.159233886640762E+000  0.991448472108010E+000  0.101553803470490E+001 -0.397080248116755E+001  0.496813304607714E-002  0.208884252269175E-001  0.290087394468055E+001
      7.22000000  0.571468680559440E-004  0.497467599364210E-003  0.935821601148697E-001  0.276137054037629E-003 -0.225739408453605E-003  0.159286056479495E+000  0.991391771922911E+000  0.100703714436561E+001 -0.396554404280953E+001  0.178148229990831E-002  0.155079316363872E-001  0.291730706341807E+001
      7.23000000 -0.229401834732820E-004  0.233575063070357E-003  0.942950475724096E-001  0.229911216008224E-003 -0.104208149607911E-003  0.159374805055340E+000  0.992842717872884E+000  0.100324406586002E+001 -0.396143886992621E+001 -0.714142476460188E-003  0.727134001237109E-002  0.293546469973623E+001
      7.24000000 -0.576901231475370E-004 -0.207741956329261E-004  0.951017178589217E-001  0.159734405423164E-003 -0.146575030947252E-003  0.159595000933848E+000  0.995034234820566E+000  0.100455667132528E+001 -0.396143142330229E+001 -0.179344959505975E-002 -0.645820648541187E-003  0.295648766336272E+001
      7.25000000 -0.450941161529799E-004 -0.181759076605171E-003  0.959607299761476E-001  0.992358804394182E-004 -0.305622468809843E-003  0.160056467366130E+000  0.996919246176723E+000  0.100948797536835E+001 -0.396891418300534E+001 -0.139993589143807E-002 -0.564266641951703E-002  0.297907757203772E+001
      7.26000000 -0.524533317683972E-005 -0.214628044467937E-003  0.967554563931199E-001  0.747544980911349E-004 -0.499841677886708E-003  0.160830938664480E+000  0.997682461355019E+000  0.101549608965955E+001 -0.398608010462672E+001 -0.162615797758539E-003 -0.665389775936728E-002  0.299961226454223E+001
      7.27000000  0.301017757284199E-004 -0.140467615150890E-003  0.973295432069748E-001  0.927352133498491E-004 -0.651870940857428E-003  0.161909967293632E+000  0.997128977869828E+000  0.102018150203804E+001 -0.401262769991989E+001  0.931931476209917E-003 -0.434878636822955E-002  0.301325960627885E+001
      7.28000000  0.335050095957252E-004 -0.174957971733578E-004  0.975420726799956E-001  0.137342620595164E-003 -0.720476071389666E-003  0.163191652607271E+000  0.995753802151111E+000  0.102227483305076E+001 -0.404536786363065E+001  0.103586853851970E-002 -0.540914510005560E-003  0.301569125006611E+001
      7.29000000 -0.492867243137778E-005  0.920199697425216E-004  0.973212812079789E-001  0.179129451226471E-003 -0.711771488443006E-003  0.164502721632050E+000  0.994469482860156E+000  0.102197552881189E+001 -0.407892541013105E+001 -0.152169881455992E-003  0.284106279779463E-002  0.300473769169186E+001
      7.30000000 -0.735069338810646E-004  0.151960950756480E-003  0.966961130075652E-001  0.189887279866280E-003 -0.666469256846187E-003  0.165648277347122E+000  0.994145372226258E+000  0.102054866141758E+001 -0.410728789159505E+001 -0.226637475119847E-002  0.468527856868367E-002  0.298134635045406E+001
      7.31000000 -0.145517381852935E-003  0.165208524871412E-003  0.957939520717584E-001  0.155972349916046E-003 -0.632010813301424E-003  0.166470862535343E+000  0.995197620085773E+000  0.101945957752773E+001 -0.412562852950600E+001 -0.448047203339304E-002  0.508676122356686E-002  0.294949041661204E+001
      7.32000000 -0.192369331464211E-003  0.164613707044187E-003  0.948061558710442E-001  0.837427205661634E-004 -0.635272522852360E-003  0.166897846395168E+000  0.997425088776546E+000  0.101953328406321E+001 -0.413175515373574E+001 -0.591494935066308E-002  0.506152270832421E-002  0.291508841788860E+001
      7.33000000 -0.196371842769790E-003  0.189128743897870E-003  0.939344835549306E-001 -0.476709908864335E-005 -0.669879602206978E-003  0.166961952977824E+000  0.100014637822620E+001  0.102056927832094E+001 -0.412672257595742E+001 -0.602978068748367E-002  0.580737457732339E-002  0.288434597770862E+001
      7.34000000 -0.157101218734120E-003  0.259255514598591E-003  0.933366366905584E-001 -0.827901979466996E-004 -0.703344846156291E-003  0.166790555464828E+000  0.100253868686819E+001  0.102156743635154E+001 -0.411448218990127E+001 -0.481736740421660E-002  0.794983689785599E-002  0.286208391529586E+001
      7.35000000 -0.891739668330404E-004  0.365133663631056E-003  0.930868940838235E-001 -0.130356623835428E-003 -0.698324071941881E-003  0.166569991420998E+000  0.100399183002440E+001  0.102138434484661E+001 -0.410076951484502E+001 -0.273071906685849E-002  0.111812616690703E-001  0.285054221065727E+001
      7.36000000 -0.137538645284855E-004  0.472744089298096E-003  0.931606368974630E-001 -0.140877477589279E-003 -0.635170151012327E-003  0.166497522643359E+000  0.100430814218430E+001  0.101942399430067E+001 -0.409162297023291E+001 -0.420603811101220E-003  0.144568797535081E-001  0.284892430360477E+001
      7.37000000  0.511218376306221E-004  0.543474100965973E-003  0.934433936818590E-001 -0.120490774546618E-003 -0.523232796108445E-003  0.166734422640214E+000  0.100367970144889E+001  0.101597915263797E+001 -0.409194914613039E+001  0.156122409128179E-002  0.165973075057761E-001  0.285369392315939E+001
      7.38000000  0.965140949704437E-004  0.555334902203193E-003  0.937590692436721E-001 -0.818355229357964E-004 -0.395381627675136E-003  0.167370517577553E+000  0.100249581146625E+001  0.101205830872092E+001 -0.410444904482997E+001  0.294347706522586E-002  0.169365474406109E-001  0.285945457044577E+001
      7.39000000  0.122635061418282E-003  0.513995552617342E-003  0.939092867622266E-001 -0.364631648261885E-004 -0.289790687150739E-003  0.168405973462813E+000  0.100111054509356E+001  0.100882604752795E+001 -0.412907830264494E+001  0.373505060260191E-002  0.156545719987050E-001  0.286016033306181E+001
      7.40000000  0.134183517924184E-003  0.448134198906195E-003  0.937153910188578E-001  0.989825979342576E-005 -0.229757878138892E-003  0.169752167187876E+000  0.999698939759622E+000  0.100698819423463E+001 -0.416309223286310E+001  0.408125498866729E-002  0.136302130334049E-001  0.285039782104032E+001
      7.41000000  0.134463664601933E-003  0.392543892566714E-003  0.930552146889164E-001  0.571931359759540E-004 -0.212753933403467E-003  0.171250502502600E+000  0.998262791371949E+000  0.100646227842648E+001 -0.420163557092965E+001  0.408425651644642E-002  0.119232950846098E-001  0.282649865380111E+001
      7.42000000  0.121939997528113E-003  0.368927663900509E-003  0.918875777088378E-001  0.106907132761797E-003 -0.214176380721799E-003  0.172705372747107E+000  0.996757133635322E+000  0.100649671694683E+001 -0.423875657135599E+001  0.369886560678661E-002  0.111908633348882E-001  0.278727085261579E+001
      7.43000000  0.910999547620224E-004  0.374991616459958E-003  0.902591712297412E-001  0.156951505724819E-003 -0.202937924616309E-003  0.173924642399314E+000  0.995245520838805E+000  0.100614753027789E+001 -0.426864068036143E+001  0.275966028170009E-002  0.113594948824987E-001  0.273419070901363E+001
      7.44000000  0.369403053112416E-004  0.387310651739833E-003  0.882917875633800E-001  0.198848068973695E-003 -0.159758928953247E-003  0.174758596772265E+000  0.993984458630349E+000  0.100483301875271E+001 -0.428678791809002E+001  0.111751618184785E-002  0.117169015544000E-001  0.267099853385140E+001
      7.45000000 -0.395657937082103E-004  0.375674124940251E-003  0.861527438371615E-001  0.219071287612269E-003 -0.881156854128352E-004  0.175127747655306E+000  0.993381562628266E+000  0.100266209301880E+001 -0.429084410167369E+001 -0.119533568536008E-002  0.113496190906520E-001  0.260278992150927E+001
      7.46000000 -0.128144094278501E-003  0.320596441026815E-003  0.840163543485434E-001  0.204153168291892E-003 -0.123451777295543E-004  0.175032385518186E+000  0.993840526767327E+000  0.100037246442176E+001 -0.428087466126724E+001 -0.386621537758833E-002  0.967266495796609E-002  0.253484425466609E+001
      7.47000000 -0.210095371656258E-003  0.224509827793736E-003  0.820271969331619E-001  0.147231262034407E-003  0.354156967901282E-004  0.174542111395187E+000  0.995563855251333E+000  0.998932908981659E+000 -0.425903303543053E+001 -0.633026890358669E-002  0.676458300927047E-002  0.247151667312281E+001
      7.48000000 -0.263453346246224E-003  0.111099019176060E-003  0.802750658201815E-001  0.529574886753026E-004  0.320032171480867E-004  0.173769841381379E+000  0.998406500029924E+000  0.999037017675054E+000 -0.422876450466059E+001 -0.792735663758236E-002  0.334298865299326E-002  0.241549057899316E+001
      7.49000000 -0.270545125796711E-003  0.137932717255499E-004  0.787870617329958E-001 -0.616839370663745E-004 -0.251666519928290E-004  0.172839272308753E+000  0.100185360222974E+001  0.100075625786011E+001 -0.419381991122334E+001 -0.812988068323535E-002  0.414487797663836E-003  0.236755110403745E+001
      7.50000000 -0.224937627297243E-003 -0.400648953575856E-004  0.775362416846965E-001 -0.171431277656362E-003 -0.117233307432154E-003  0.171855642827109E+000  0.100514464099416E+001  0.100351816359034E+001 -0.415737616409931E+001 -0.675036291126579E-002 -0.120234478737611E-002  0.232685734457256E+001
      7.51000000 -0.134851126077294E-003 -0.411704197646267E-004  0.764613498465658E-001 -0.250452200108641E-003 -0.213455575690564E-003  0.170886835637302E+000  0.100750604544709E+001  0.100639725764586E+001 -0.412147369456837E+001 -0.404148448481790E-002 -0.123387633127222E-002  0.229154452085188E+001
      7.52000000 -0.213942200263420E-004 -0.754608522595680E-006  0.754902210722048E-001 -0.280922106787633E-003 -0.285699840315558E-003  0.169957251815499E+000  0.100840803191832E+001  0.100855103004852E+001 -0.408684067037728E+001 -0.640331538539692E-003 -0.225855224296052E-004  0.225943125500011E+001
      7.53000000  0.880447604869596E-004  0.567745081430953E-004  0.745605164483543E-001 -0.259173711614316E-003 -0.320416482035291E-003  0.169052813259089E+000  0.100774679828224E+001  0.100957736738488E+001 -0.405305123427090E+001  0.263169051773113E-002  0.169701108734531E-002  0.222864146655646E+001
      7.54000000  0.168954737770873E-003  0.106630205422668E-003  0.736340269381143E-001 -0.196884889504565E-003 -0.322604401092971E-003  0.168133367936955E+000  0.100587715731719E+001  0.100962997628316E+001 -0.401890346243168E+001  0.504342195007022E-002  0.318298927668123E-002  0.219802932212161E+001
      7.55000000  0.207946033970788E-003  0.135313816212913E-003  0.727031254799557E-001 -0.116615474444445E-003 -0.310648448800216E-003  0.167148551266960E+000  0.100347644615665E+001  0.100926080017292E+001 -0.398289735054351E+001  0.619911889080125E-002  0.403386599039305E-002  0.216736674403899E+001
      7.56000000  0.206796155209019E-003  0.145804494962609E-003  0.717893081167860E-001 -0.432685945226638E-004 -0.305311649309269E-003  0.166053617622777E+000  0.100128818212464E+001  0.100908966453437E+001 -0.394370811701366E+001  0.615668508587683E-002  0.434085613769161E-002  0.213729390742926E+001
      7.57000000  0.180588808811862E-003  0.154477068717135E-003  0.709346664714301E-001  0.517996604100472E-005 -0.318489303399071E-003  0.164821934122238E+000  0.999845987025503E+000  0.100946946072109E+001 -0.390055651630276E+001  0.536934400453030E-002  0.459297853621639E-002  0.210905996134303E+001
      7.58000000  0.150664505316571E-003  0.181845844638193E-003  0.701885349791226E-001  0.238970923316542E-004 -0.346821384336319E-003  0.163450898921425E+000  0.999290418749544E+000  0.101029823830309E+001 -0.385338097351926E+001  0.447371197291280E-002  0.539958585914427E-002  0.208412252532563E+001
      7.59000000  0.135357632257709E-003  0.241671875503379E-003  0.695935989439708E-001  0.217722023524201E-004 -0.372595759278295E-003  0.161959127415769E+000  0.999354365303131E+000  0.101104898559193E+001 -0.380274941605471E+001  0.401390646922544E-002  0.716655786846190E-002  0.206373436324626E+001
      7.60000000  0.142516239001342E-003  0.333157671235864E-003  0.691772056042854E-001  0.162161612512715E-004 -0.371074028217738E-003  0.160375697567100E+000  0.999519757338186E+000  0.101098938128944E+001 -0.374953663178824E+001  0.422062761397097E-002  0.986648593084969E-002  0.204868740767181E+001
      7.61000000  0.167014161968640E-003  0.439223164034300E-003  0.689526344517498E-001  0.246229981307313E-004 -0.320906056642191E-003  0.158726402057215E+000  0.999271746549769E+000  0.100949116519885E+001 -0.369451564457202E+001  0.493963566278183E-002  0.129905295419863E-001  0.203935335881622E+001
      7.62000000  0.194153430323489E-003  0.531250701356169E-003  0.689307915552412E-001  0.564345559735791E-004 -0.213462646904826E-003  0.157024989079176E+000  0.998333073631706E+000  0.100630511764703E+001 -0.363809965829530E+001  0.573477485412325E-002  0.156917297742131E-001  0.203603186112744E+001
      7.63000000  0.207099164936299E-003  0.578320123437565E-003  0.691365951192414E-001  0.109372139214805E-003 -0.576856004662295E-004  0.155276607729779E+000  0.996773672542970E+000  0.100170164575728E+001 -0.358044604914541E+001  0.610914010605256E-002  0.170596470599792E-001  0.203943432687808E+001
      7.64000000  0.194657796607281E-003  0.557565038562503E-003  0.696196431564646E-001  0.171297306046682E-003  0.121141539405965E-003  0.153495142002037E+000  0.994953579337118E+000  0.996431168815784E+000 -0.352196869949639E+001  0.573462099119317E-002  0.164258726330223E-001  0.205099551111177E+001
      7.65000000  0.155736451489802E-003  0.462110101010970E-003  0.704491399200996E-001  0.226390594030823E-003  0.288192194737215E-003  0.151727875274415E+000  0.993339248682142E+000  0.991520952762592E+000 -0.346406198771787E+001  0.458200032090556E-002  0.135959732668278E-001  0.207271951192850E+001
      7.66000000  0.986764450726810E-004  0.303966579419676E-003  0.716896603231993E-001  0.262321761421277E-003  0.409171329871863E-003  0.150074442221940E+000  0.992292175356227E+000  0.987977280867496E+000 -0.340965125383214E+001  0.289941913690373E-002  0.893147819319422E-002  0.210646393783352E+001
      7.67000000  0.363302062397797E-004  0.110934081920520E-003  0.733645565262913E-001  0.274857942718355E-003  0.460352371578498E-003  0.148686700389614E+000  0.991934353143646E+000  0.986491059265324E+000 -0.336317905067071E+001  0.106610204111453E-002  0.325533663046309E-002  0.215286703692040E+001
      7.68000000 -0.201904500005659E-004 -0.814808824004917E-004  0.754222673148612E-001  0.267970839185062E-003  0.435270181273575E-003  0.147743409424719E+000  0.992146692699195E+000  0.987243722104934E+000 -0.332985320122742E+001 -0.591712922488887E-003 -0.238792553166556E-002  0.221036827868441E+001
      7.69000000 -0.657934238663635E-004 -0.240427455929874E-003  0.777222747382000E-001  0.250008776527504E-003  0.345849108078292E-003  0.147405463317714E+000  0.992682627051872E+000  0.989877527730281E+000 -0.331433153935133E+001 -0.192567247698784E-002 -0.703694240835918E-002  0.227481162275787E+001
      7.70000000 -0.101822876019239E-003 -0.344817705007031E-003  0.800502323801489E-001  0.228485964453947E-003  0.217651619615705E-003  0.147767755088881E+000  0.993321251686781E+000  0.993637944497590E+000 -0.331931846407549E+001 -0.297632882214816E-002 -0.100791778225307E-001  0.233990457908180E+001
      7.71000000 -0.133018325618711E-003 -0.390066344358894E-003  0.821590588717549E-001  0.206456961878360E-003  0.810511918844880E-004  0.148826707424175E+000  0.993972996694788E+000  0.997633909765334E+000 -0.334462974456547E+001 -0.388314291203267E-002 -0.113870277142225E-001  0.239843168701150E+001
      7.72000000 -0.163251126432121E-003 -0.386996694903855E-003  0.838211538268867E-001  0.182183995932047E-003 -0.383582788732830E-004  0.150476060326969E+000  0.994688475383102E+000  0.100111832513858E+001 -0.338708841899959E+001 -0.475954198031748E-002 -0.112827828872892E-001  0.244378283443943E+001
      7.73000000 -0.192643250216894E-003 -0.355724744749393E-003  0.848726142762428E-001  0.151729875674404E-003 -0.126595446187135E-003  0.152530938275675E+000  0.995582079631947E+000  0.100368608092327E+001 -0.344124491614552E+001 -0.560919552011943E-002 -0.103576410925242E-001  0.247123679258490E+001
      7.74000000 -0.217509779435542E-003 -0.317276238182021E-003  0.852355751233343E-001  0.112491948897530E-003 -0.183108228927113E-003  0.154768336406922E+000  0.996728802574728E+000  0.100532467588021E+001 -0.350056904987148E+001 -0.632505203647189E-002 -0.922619995130857E-002  0.247859866077178E+001
      7.75000000 -0.232706260168218E-003 -0.286401072528173E-003  0.849162649946503E-001  0.654351699269458E-004 -0.217521187696221E-003  0.156967319192060E+000  0.998099640319330E+000  0.100631722199623E+001 -0.355862443558149E+001 -0.675822489277300E-002 -0.831762263841808E-002  0.246612710579125E+001
      7.76000000 -0.234591030592522E-003 -0.268185767351274E-003  0.839872613339725E-001  0.148962298909538E-004 -0.243375804332102E-003  0.158936487723032E+000  0.999567943124806E+000  0.100705898004310E+001 -0.360986455919665E+001 -0.680418255950408E-002 -0.777857924196750E-002  0.243600387169851E+001
      7.77000000 -0.222716703470875E-003 -0.259082730688718E-003  0.825666275024018E-001 -0.335122538721548E-004 -0.271929738096050E-003  0.160526222981812E+000  0.100097075334134E+001  0.100787702023489E+001 -0.364998170303711E+001 -0.645146055805255E-002 -0.750487948259971E-002  0.239171706675706E+001
      7.78000000 -0.199467525724308E-003 -0.250917471607250E-003  0.808024566786537E-001 -0.752646416790965E-004 -0.308527895257707E-003  0.161632165844178E+000  0.100217739728415E+001  0.100892567593800E+001 -0.367599966050781E+001 -0.577057219828621E-002 -0.725901311736488E-002  0.233760562462445E+001
      7.79000000 -0.168325998612596E-003 -0.235368603985134E-003  0.788625807788964E-001 -0.108021815440447E-003 -0.352346231758794E-003  0.162198702062767E+000  0.100312104686287E+001  0.101018025013550E+001 -0.368636588054427E+001 -0.486340030268153E-002 -0.680044526275200E-002  0.227855650577813E+001
      7.80000000 -0.132274928523445E-003 -0.206822852475658E-003  0.769224645683203E-001 -0.131061616961085E-003 -0.398465314839825E-003  0.162225923017125E+000  0.100378187521126E+001  0.101149799713814E+001 -0.368114319895768E+001 -0.381688617043513E-002 -0.596801899011697E-002  0.221965186059102E+001
      7.81000000 -0.935091483532836E-004 -0.163004445465084E-003  0.751446933877346E-001 -0.143926806799577E-003 -0.440311915792734E-003  0.161774982703391E+000  0.100414779163822E+001  0.101268924200534E+001 -0.366215387843251E+001 -0.269481740241314E-002 -0.469758546672282E-002  0.216557664149827E+001
      7.82000000 -0.544495545213724E-004 -0.104348891015511E-003  0.736510464545389E-001 -0.145712242779934E-003 -0.470969005108373E-003  0.160961759643897E+000  0.100419387580409E+001  0.101355538475913E+001 -0.363278593668354E+001 -0.156716185883758E-002 -0.300335977858771E-002  0.211981735905154E+001
      7.83000000 -0.189088514200323E-004 -0.337124304630541E-004  0.724977192869351E-001 -0.135824661239571E-003 -0.483274626335424E-003  0.159931912323694E+000  0.100390429966941E+001  0.101389179952019E+001 -0.359726611291013E+001 -0.543537688034562E-003 -0.969068723682588E-003  0.208395749977987E+001
      7.84000000  0.799496436039048E-005  0.427045518120976E-004  0.716685916729268E-001 -0.115771077826499E-003 -0.469969340614879E-003  0.158820958901078E+000  0.100332361177860E+001  0.101349210584694E+001 -0.355950846793863E+001  0.229523281777772E-003  0.122598281079552E-002  0.205749639643895E+001
      7.85000000  0.217187178099803E-004  0.113875792691706E-003  0.710960543823042E-001 -0.904987180285823E-004 -0.425412998873003E-003  0.157714715283401E+000  0.100259477106263E+001  0.101219740304823E+001 -0.352198205989019E+001  0.622717113771343E-003  0.326503643418660E-002  0.203845964447931E+001
      7.86000000  0.210958282344298E-004  0.163808514409408E-003  0.707053439179117E-001 -0.678126439680339E-004 -0.349274620888747E-003  0.156630354796307E+000  0.100194184431087E+001  0.101000162942803E+001 -0.348517777176861E+001  0.604088141134339E-003  0.469072746857391E-002  0.202467802169181E+001
      7.87000000  0.102123941466075E-004  0.174585863353220E-003  0.704637492442373E-001 -0.555356471975609E-004 -0.250743652941169E-003  0.155531833741483E+000  0.100158826651737E+001  0.100717102921289E+001 -0.344806203551448E+001  0.292064727859756E-003  0.499298910093063E-002  0.201519599141528E+001
      7.88000000 -0.227691511318645E-005  0.132840509305882E-003  0.704092765778914E-001 -0.576581451554954E-004 -0.150452519570831E-003  0.154377325871163E+000  0.100164687533477E+001  0.100429733809276E+001 -0.340944136407744E+001 -0.650349630421526E-004  0.379429060098706E-002  0.201108274680458E+001
      7.89000000 -0.663433915905806E-005  0.375501536854677E-004  0.706396596056887E-001 -0.717037477126012E-004 -0.775251233597507E-004  0.153178505726765E+000  0.100204546064332E+001  0.100221152441483E+001 -0.336965451405009E+001 -0.189254816898582E-003  0.107117638846576E-002  0.201510587926452E+001
      7.90000000  0.320606534083612E-005 -0.946745085584776E-004  0.712603002021583E-001 -0.891801100333376E-004 -0.611985078966131E-004  0.152041772957562E+000  0.100254078073659E+001  0.100174357252883E+001 -0.333173728697620E+001  0.913422180709394E-004 -0.269731857812111E-002  0.203023743713490E+001
      7.91000000  0.261866102923723E-004 -0.230492433254680E-003  0.723106540015445E-001 -0.993807631143474E-004 -0.119427191122180E-003  0.151166041672608E+000  0.100282782232781E+001  0.100339823188130E+001 -0.330134257830952E+001  0.745124900975627E-003 -0.655852932422303E-002  0.205755797718035E+001
      7.92000000  0.541302457947232E-004 -0.328300997367018E-003  0.737022098702493E-001 -0.948388084297369E-004 -0.249192583439917E-003  0.150789620745040E+000  0.100269517632285E+001  0.100708167850099E+001 -0.328521427348258E+001  0.153830018777535E-002 -0.932982066646647E-002  0.209450597569455E+001
      7.93000000  0.756044222659215E-004 -0.352095743587190E-003  0.752001387955536E-001 -0.755761404004237E-004 -0.423470633687480E-003  0.151102146925699E+000  0.100214505186464E+001  0.101201922283408E+001 -0.328868079657363E+001  0.214585457920291E-002 -0.999341362648021E-002  0.213437993909345E+001
      7.94000000  0.819087610247713E-004 -0.285486840663629E-003  0.764644523032549E-001 -0.496873173065573E-004 -0.597502682380275E-003  0.152155585547956E+000  0.100140848206824E+001  0.101693735664309E+001 -0.331314116850068E+001  0.232186053482392E-002 -0.809267067716944E-002  0.216753118834457E+001
      7.95000000  0.721317128135002E-004 -0.139741220018628E-003  0.771418793084995E-001 -0.296096929137347E-004 -0.723030161924712E-003  0.153812333130792E+000  0.100083828761551E+001  0.102046989248240E+001 -0.335462043972513E+001  0.204213943431281E-002 -0.395624954500753E-002  0.218398354382904E+001
      7.96000000  0.544999899161659E-004  0.483095518544667E-004  0.769773533519216E-001 -0.257094181620284E-004 -0.765321178204417E-003  0.155756125347988E+000  0.100072695153155E+001  0.102163998419253E+001 -0.340411187670013E+001  0.154102480614207E-002  0.136598590010486E-002  0.217658776100595E+001
      7.97000000  0.430204680942841E-004  0.228512660257269E-003  0.759036892676455E-001 -0.403286777059459E-004 -0.716042467354046E-003  0.157567681817514E+000  0.100113889041191E+001  0.102022119114687E+001 -0.344974475379329E+001  0.121490714339490E-002  0.645324599198432E-002  0.214353628368682E+001
      7.98000000  0.507740646384990E-004  0.355315928356914E-003  0.740742098556358E-001 -0.653749194501668E-004 -0.596331603171727E-003  0.158841530536413E+000  0.100184388805512E+001  0.101681942753008E+001 -0.348009731064893E+001  0.143207352428217E-002  0.100216229954900E-001  0.208925000434067E+001
      7.99000000  0.829538177103015E-004  0.404157058248305E-003  0.718234286861631E-001 -0.849124697762427E-004 -0.448381861613113E-003  0.159303514326126E+000  0.100239194378761E+001  0.101263070325466E+001 -0.348750404318133E+001  0.233676949279489E-002  0.113849116301140E-001  0.202323174091736E+001
      8.00000000  0.132986947743426E-003  0.379479515243720E-003  0.695675374364384E-001 -0.818601807223672E-004 -0.318760421626598E-003  0.158886791033869E+000  0.100230307980746E+001  0.100896810493195E+001 -0.347017044029732E+001  0.374149618656030E-002  0.106763948135829E-001  0.195723475456404E+001
      8.01000000  0.183755495103053E-003  0.310960185950577E-003  0.676792446801293E-001 -0.459539640240057E-004 -0.240330305329865E-003  0.157738482305404E+000  0.100129126904299E+001  0.100675308626698E+001 -0.343232316111154E+001  0.516338007709409E-002  0.873772851258808E-002  0.190173177361677E+001
      8.02000000  0.213697880618426E-003  0.239549891686442E-003  0.663818261332787E-001  0.205152413274840E-004 -0.220354989301407E-003  0.156154333434779E+000  0.999424257171184E+000  0.100618407567617E+001 -0.338233878064071E+001  0.599724957339081E-002  0.672276431364130E-002  0.186294958708347E+001
      8.03000000  0.205462744778014E-003  0.199320093402053E-003  0.657009244595893E-001  0.101802181521757E-003 -0.239761593855733E-003  0.154465648677884E+000  0.997146566111200E+000  0.100672032609630E+001 -0.332954883681735E+001  0.575895673424453E-002  0.558678311928611E-002  0.184154446963823E+001
      8.04000000  0.153678047850551E-003  0.202923597519535E-003  0.654914703146428E-001  0.173315073831810E-003 -0.263741503436793E-003  0.152921335834119E+000  0.995148158965125E+000  0.100738326921417E+001 -0.328093180762725E+001  0.430211546079564E-002  0.568071210208265E-002  0.183339046097762E+001
      8.05000000  0.686715010256219E-004  0.236901633148981E-003  0.655284168369060E-001  0.210224410970039E-003 -0.258976538377004E-003  0.151610693408388E+000  0.994122217122039E+000  0.100724087110551E+001 -0.323896888910088E+001  0.192002522956184E-002  0.662366637945974E-002  0.183214596595408E+001
      8.06000000 -0.255573699390816E-004  0.268792057032266E-003  0.656244400088819E-001  0.196994056481011E-003 -0.209934772953863E-003  0.150457596092307E+000  0.994498965648483E+000  0.100586240223805E+001 -0.320150952437589E+001 -0.713686354201562E-003  0.750598452340554E-002  0.183255426705073E+001
      8.07000000 -0.987424287914059E-004  0.262885474860761E-003  0.657256899690713E-001  0.134306047391151E-003 -0.127114735354651E-003  0.149288703662304E+000  0.996254167884328E+000  0.100354526447108E+001 -0.316370246573244E+001 -0.275395314009281E-002  0.733194724738828E-002  0.183310733279070E+001
      8.08000000 -0.124800163114933E-003  0.197758600402100E-003  0.659439943464091E-001  0.406293286136617E-004 -0.436202781243545E-004  0.147947658163599E+000  0.998868239426634E+000  0.100121507572645E+001 -0.312119353542622E+001 -0.347640261315026E-002  0.550871487706043E-002  0.183691966857688E+001
      8.09000000 -0.917642278927838E-004  0.779806605073696E-004  0.665090688805833E-001 -0.525724427898896E-004 -0.147758817634523E-005  0.146406523716611E+000  0.100146263482939E+001  0.100004110845560E+001 -0.307322295623714E+001 -0.255300208027448E-002  0.216952502154871E-002  0.185037018354950E+001
      8.10000000 -0.756643836149984E-005 -0.650826700842029E-004  0.676579340091715E-001 -0.110812719990030E-003 -0.334745596307432E-004  0.144824564764201E+000  0.100307915018284E+001  0.100093015672223E+001 -0.302423643344688E+001 -0.210248426952666E-003 -0.180845046947169E-002  0.188000926151414E+001
      8.11000000  0.100802438134421E-003 -0.183792411449323E-003  0.695068689740031E-001 -0.108599010643946E-003 -0.148144955817116E-003  0.143524797703511E+000  0.100301391701332E+001  0.100411142422134E+001 -0.298320230605464E+001  0.279754098565182E-002 -0.510073777377898E-002  0.192900408301439E+001
      8.12000000  0.195053955092413E-003 -0.231776098410496E-003  0.719610697745422E-001 -0.393253692698336E-004 -0.324099255511110E-003  0.142893055740158E+000  0.100109004155763E+001  0.100898355600633E+001 -0.296078592384737E+001  0.540660954949167E-002 -0.642449350189493E-002  0.199465530883670E+001
      8.13000000  0.238070507429606E-003 -0.181382290400200E-003  0.747032619839016E-001  0.807514680865269E-004 -0.515916891607118E-003  0.143238075246301E+000  0.997764440894442E+000  0.101428286979882E+001 -0.296546577997071E+001  0.659084847942165E-002 -0.502146698381635E-002  0.206811791166538E+001
      8.14000000  0.206899136353575E-003 -0.342243819474017E-004  0.772700108655090E-001  0.216388776264649E-003 -0.669052771688426E-003  0.144669128089944E+000  0.994016757549770E+000  0.101849959602394E+001 -0.300016342514405E+001  0.572084983757492E-002 -0.946318836103312E-003  0.213654893345679E+001
      8.15000000  0.101533048283931E-003  0.178920522716660E-003  0.791874576707393E-001  0.324211801599674E-003 -0.737741161826529E-003  0.147041329263869E+000  0.991046404168717E+000  0.102037383018911E+001 -0.306076714736286E+001  0.280398761971952E-002  0.494115895356865E-002  0.218688057434161E+001
      8.16000000 -0.539810786911705E-004  0.408163019618157E-003  0.801133945976038E-001  0.366931296355226E-003 -0.699112050078347E-003  0.149990428098947E+000  0.989879059493018E+000  0.101928336867648E+001 -0.313713470201418E+001 -0.148894163938297E-002  0.112582210341263E-001  0.220974037534751E+001
      8.17000000 -0.218791633204842E-003  0.600030302350874E-003  0.799312304235189E-001  0.325815853720431E-003 -0.558810256670101E-003  0.153041513226173E+000  0.991024132528935E+000  0.101539460633382E+001 -0.321612492026885E+001 -0.602746821862645E-002  0.165301731362215E-001  0.220201725265427E+001
      8.18000000 -0.348302940589198E-003  0.712441642686996E-003  0.787636518712496E-001  0.206821901726929E-003 -0.347190816505942E-003  0.155746788837240E+000  0.994309250105914E+000  0.100955303130743E+001 -0.328540698387949E+001 -0.958363164499365E-002  0.196029877339431E-001  0.216719912060364E+001
      8.19000000 -0.408218262576555E-003  0.724207213731856E-003  0.769085789571002E-001  0.382173682041144E-004 -0.108838229032488E-003  0.157799407794423E+000  0.998949724704180E+000  0.100299105115201E+001 -0.333658379656855E+001 -0.112185002953821E-001  0.199023894469814E-001  0.211357255381450E+001
      8.20000000 -0.384440110777172E-003  0.637083386887393E-003  0.747306945266956E-001 -0.139106464705301E-003  0.109878529534439E-003  0.159085700038198E+000  0.100381820934807E+001  0.996984042190211E+000 -0.336660156892229E+001 -0.105521539049279E-001  0.174867339807968E-001  0.205121621797917E+001
      8.21000000 -0.285562897218764E-003  0.471627233293384E-003  0.725546749871319E-001 -0.284644055790356E-003  0.270879113554550E-003  0.159667981006883E+000  0.100780342457989E+001  0.992573936852396E+000 -0.337724597532958E+001 -0.782861431998948E-002  0.129295078184793E-001  0.198906291089808E+001
      8.22000000 -0.137841582253774E-003  0.260030875918829E-003  0.705972487422254E-001 -0.369634584712794E-003  0.349881839180209E-003  0.159719089165876E+000  0.101012108464555E+001  0.990419771696861E+000 -0.337332026767595E+001 -0.377428514366800E-002  0.711998988859940E-002  0.193304620242286E+001
      8.23000000  0.245283808516631E-004  0.390939877199843E-004  0.689514756566626E-001 -0.383007924242889E-003  0.337697824974596E-003  0.159444421726616E+000  0.101047452167267E+001  0.990764621401760E+000 -0.336049477112720E+001  0.670803501870264E-003  0.106914451562181E-002  0.188568872969353E+001
      8.24000000  0.169575732573490E-003 -0.155060880883507E-003  0.676118383553737E-001 -0.330843479925222E-003  0.239203485809404E-003  0.159022772491931E+000  0.100903694510249E+001  0.993466188996461E+000 -0.334368561647511E+001  0.463193830003229E-002 -0.423546708070271E-002  0.184680826000929E+001
      8.25000000  0.274561149428007E-003 -0.290803005469861E-003  0.665152640476239E-001 -0.231034731881771E-003  0.718000782981116E-004  0.158579374542019E+000  0.100630303327779E+001  0.998041167753547E+000 -0.332632386813775E+001  0.749051039874656E-002 -0.793361675895051E-002  0.181465323139151E+001
      8.26000000  0.328354881555133E-003 -0.344579196248084E-003  0.655756570881126E-001 -0.106365457744376E-003 -0.136151551490929E-003  0.158185105363563E+000  0.100289832338952E+001  0.100370995654579E+001 -0.331034285444517E+001  0.894725274026571E-002 -0.938934467265278E-002  0.178685322050808E+001
      8.27000000  0.330050359980539E-003 -0.305038605119300E-003  0.647030846447855E-001  0.210889805842538E-004 -0.347866708207655E-003  0.157865675491034E+000  0.999426046970019E+000  0.100946746337063E+001 -0.329643729890459E+001  0.898257757885949E-002 -0.830186319200732E-002  0.176094483716839E+001
      8.28000000  0.285994832624429E-003 -0.177005023283523E-003  0.638130306227296E-001  0.132947154531045E-003 -0.523017379658041E-003  0.157607560883475E+000  0.996386109534362E+000  0.101421713408141E+001 -0.328423205895907E+001  0.777417164352983E-002 -0.481151152328743E-002  0.173462383429284E+001
      8.29000000  0.207203936129183E-003  0.167196186534239E-004  0.628369359122988E-001  0.215419278749532E-003 -0.625343541634604E-003  0.157358763163752E+000  0.994151340846113E+000  0.101697815186429E+001 -0.327230921932487E+001  0.562561162026867E-002  0.453939643909665E-003  0.170603031705882E+001
      8.30000000  0.107832912489297E-003  0.237859201641896E-003  0.617400559313936E-001  0.259554170908056E-003 -0.631530643119958E-003  0.157032833938058E+000  0.992961563524468E+000  0.101712547441793E+001 -0.325832350287054E+001  0.292414913569783E-002  0.645012513195322E-002  0.167423031634836E+001
      8.31000000  0.404543305297774E-005  0.440207986686930E-003  0.605415725535464E-001  0.261894608294298E-003 -0.538357797536644E-003  0.156526288294377E+000  0.992906643140923E+000  0.101458130047299E+001 -0.323947949112060E+001  0.109569648956000E-003  0.119229348100103E-001  0.163975494466619E+001
      8.32000000 -0.878145039916056E-004  0.580664933363823E-003  0.593237243800799E-001  0.225424829633614E-003 -0.364987275998310E-003  0.155751374536750E+000  0.993901757373549E+000  0.100987371696464E+001 -0.321342082357146E+001 -0.237557749220716E-002  0.157082769190945E-001  0.160483858571576E+001
      8.33000000 -0.154150228729123E-003  0.630301906374676E-003  0.582180368926117E-001  0.159707140142774E-003 -0.148822340356341E-003  0.154673926657685E+000  0.995684753519807E+000  0.100402114194658E+001 -0.317925032650749E+001 -0.416510014110632E-002  0.170305978837951E-001  0.157303661289046E+001
      8.34000000 -0.187308056975885E-003  0.581602827753029E-003  0.573675679533835E-001  0.791007641124192E-004  0.640932410788736E-004  0.153338394503757E+000  0.997865280075249E+000  0.998270293336503E+000 -0.313819676269261E+001 -0.505494789815905E-002  0.156959184734485E-001  0.154819857581347E+001
      8.35000000 -0.187407934488481E-003  0.449407780768777E-003  0.568779699273873E-001 -0.998825405753929E-006  0.230927573190770E-003  0.151864976482792E+000  0.100002692336757E+001  0.993775340616291E+000 -0.309352481325144E+001 -0.505158626956837E-002  0.121137996689691E-001  0.153314731689641E+001
      8.36000000 -0.161493405307746E-003  0.265600554675176E-003  0.567783607458535E-001 -0.685715864173472E-004  0.322186794345435E-003  0.150416272277735E+000  0.100184613814216E+001  0.991325833905603E+000 -0.304962509927798E+001 -0.434785238058931E-002  0.715070687703749E-002  0.152863165195128E+001
      8.37000000 -0.120035976452310E-003  0.699009923731398E-004  0.570100460577321E-001 -0.117968124729278E-003  0.327156680476062E-003  0.149146064003109E+000  0.100317223602823E+001  0.991202553985982E+000 -0.301063014932586E+001 -0.322784184337153E-002  0.187968103183512E-002  0.153303549149530E+001
      8.38000000 -0.723884477393716E-004 -0.998601090437105E-004  0.574483081770709E-001 -0.149942803336932E-003  0.253858205699854E-003  0.148151951273488E+000  0.100402724344265E+001  0.993181741493988E+000 -0.297914378685479E+001 -0.194424737295870E-002 -0.268209584173753E-002  0.154297717028462E+001
      8.39000000 -0.235168145770613E-004 -0.215218041169372E-003  0.579469194796626E-001 -0.168749405547078E-003  0.124795618859407E-003  0.147451426810751E+000  0.100452695905338E+001  0.996652168019278E+000 -0.295560843234609E+001 -0.630874261815963E-003 -0.577355076757051E-002  0.155451410867949E+001
      8.40000000  0.263048504890254E-004 -0.261166297202156E-003  0.583853414805253E-001 -0.178010457141965E-003 -0.292500207702998E-004  0.146989045101818E+000  0.100476971582454E+001  0.100078374208558E+001 -0.293851004998545E+001  0.704827478419411E-003 -0.699784181559705E-002  0.156441083098129E+001
      8.41000000  0.788628747115319E-004 -0.237268842608145E-003  0.586996086498717E-001 -0.177804056139144E-003 -0.175507770597814E-003  0.146667607510245E+000  0.100475852049056E+001  0.100469706563943E+001 -0.292522437785504E+001  0.211058517678357E-002 -0.634996002812609E-002  0.157096129646031E+001
      8.42000000  0.134217645412641E-003 -0.156784540756676E-003  0.588881263984840E-001 -0.164677342562727E-003 -0.284829138481583E-003  0.146386884368024E+000  0.100440197968609E+001  0.100761374978542E+001 -0.291305859852536E+001  0.358776343743597E-002 -0.419099769745336E-002  0.157413480278272E+001
      8.43000000  0.188246889750250E-003 -0.443329579661880E-004  0.589964104480825E-001 -0.134492285307152E-003 -0.336730072207168E-003  0.146073689157941E+000  0.100359084016341E+001  0.100899043290659E+001 -0.290005470311746E+001  0.502604659298963E-002 -0.118365574400049E-002  0.157515860221966E+001
      8.44000000  0.233178096177646E-003  0.681940766553699E-004  0.590927907460612E-001 -0.862287446296655E-004 -0.323888760030222E-003  0.145695432017173E+000  0.100229951312262E+001  0.100863733383985E+001 -0.288534657749807E+001  0.621829871663062E-002  0.181857192549010E-002  0.157586253118050E+001
      8.45000000  0.260888741869304E-003  0.148009137586118E-003  0.592466896180138E-001 -0.242265847244524E-004 -0.255229701123982E-003  0.145259433715187E+000  0.100064530014330E+001  0.100679830709042E+001 -0.286913526845577E+001  0.694904149419139E-002  0.394237647525881E-002  0.157809686075034E+001
      8.46000000  0.266965784616946E-003  0.169774710112002E-003  0.595142740020273E-001  0.427222963637876E-004 -0.155852830243433E-003  0.144805836078112E+000  0.998863392543432E+000  0.100414639436686E+001 -0.285249406163622E+001  0.710250448291356E-002  0.451677971162490E-002  0.158335046007208E+001
      8.47000000  0.252946903110665E-003  0.124007705776687E-003  0.599289001057908E-001  0.105057891669710E-003 -0.621969511687012E-004  0.144400295784305E+000  0.997208282003602E+000  0.100165276825129E+001 -0.283716918376380E+001  0.672159330749948E-002  0.329527404754299E-002  0.159249901431153E+001
      8.48000000  0.225210405865354E-003  0.223582354383222E-004  0.604913156899836E-001  0.156740969212248E-003 -0.123567549704167E-004  0.144126402914803E+000  0.995839812055495E+000  0.100032797055753E+001 -0.282537460948743E+001  0.597749025137990E-002  0.593427882948402E-003  0.160554859106378E+001
      8.49000000  0.191039163658843E-003 -0.103289864691892E-003  0.611585338017082E-001  0.197477774713444E-003 -0.338449674477358E-004  0.144072637494592E+000  0.994764757419566E+000  0.100089724838642E+001 -0.281944351753811E+001  0.506455152013206E-002 -0.273827016000624E-002  0.162134579843336E+001
      8.50000000  0.154208594582002E-003 -0.209026445486407E-003  0.618372038194978E-001  0.231372370230906E-003 -0.133030052892936E-003  0.144309394514797E+000  0.993873409609281E+000  0.100352254957200E+001 -0.282121922700806E+001  0.408334362823631E-002 -0.553488478786397E-002  0.163740907495286E+001
      8.51000000  0.112896389301968E-003 -0.252526232934786E-003  0.623912660985024E-001  0.262665385096672E-003 -0.290720961582161E-003  0.144858556164686E+000  0.993052963843134E+000  0.100768905667158E+001 -0.283125331469584E+001  0.298591037479774E-002 -0.667887346522449E-002  0.165013894502857E+001
      8.52000000  0.614460649367720E-004 -0.207470968592041E-003  0.626704084644038E-001  0.291099257717252E-003 -0.466447534656563E-003  0.145666877358186E+000  0.992309974520546E+000  0.101232223487777E+001 -0.284811011605207E+001  0.162323260004652E-002 -0.548080076614130E-002  0.165557632018145E+001
      8.53000000 -0.476832010572835E-005 -0.732971069659238E-004  0.625558125728777E-001  0.309884833042627E-003 -0.610589710977319E-003  0.146598670532275E+000  0.991823309392957E+000  0.101611115686265E+001 -0.286818535317409E+001 -0.125817962231541E-003 -0.193403388015855E-002  0.165061168066347E+001
      8.54000000 -0.841033064201880E-004  0.123691440076194E-003  0.620081736003030E-001  0.307903810916587E-003 -0.680186286702650E-003  0.147458701088924E+000  0.991885094457541E+000  0.101792653183290E+001 -0.288632224845860E+001 -0.221657012096290E-002  0.325992831865588E-002  0.163424567604062E+001
      8.55000000 -0.166238119317446E-003  0.338452621441527E-003  0.610970697378393E-001  0.275381645058199E-003 -0.652601799247152E-003  0.148043754259030E+000  0.992750715388831E+000  0.101717941723931E+001 -0.289717807554991E+001 -0.437613567128980E-002  0.890959664253356E-002  0.160834992232122E+001
      8.56000000 -0.234442647293863E-003  0.521516527746385E-003  0.599950089158540E-001  0.210161715006165E-003 -0.532053288783296E-003  0.148206929867443E+000  0.994474060641885E+000  0.101398967556491E+001 -0.289691579589489E+001 -0.616437609420828E-002  0.137126246162230E-001  0.157749369835914E+001
      8.57000000 -0.271878321494924E-003  0.634087959169573E-003  0.589330071837130E-001  0.121119208250023E-003 -0.346902590703148E-003  0.147910085485363E+000  0.996819038031054E+000  0.100911072623326E+001 -0.288457259216303E+001 -0.714035877010551E-002  0.166530950146362E-001  0.154776155884416E+001
      8.58000000 -0.269034586835009E-003  0.658531485899547E-003  0.581312370170649E-001  0.265495238042578E-004 -0.139249065618522E-003  0.147242137393491E+000  0.999303540729550E+000  0.100365284527762E+001 -0.286252319795443E+001 -0.705743852335739E-002  0.172748996034531E-001  0.152492523865064E+001
      8.59000000 -0.228624713708381E-003  0.600964981195772E-003  0.577299844274878E-001 -0.521214331355312E-004  0.488834540661867E-004  0.146393771004847E+000  0.100136568160671E+001  0.998719159660923E+000 -0.283579783537334E+001 -0.599040639458918E-002  0.157464361918076E-001  0.151263641740442E+001
      8.60000000 -0.165392438098177E-003  0.485890099098730E-003  0.577470540601986E-001 -0.985661033238298E-004  0.187640620115730E-003  0.145596727951805E+000  0.100257961807858E+001  0.995089172447689E+000 -0.281047783103152E+001 -0.432856031628658E-002  0.127164495863278E-001  0.151132427492879E+001
      8.61000000 -0.100715386744926E-003  0.345646268237534E-003  0.580773727838291E-001 -0.107967709540278E-003  0.265782015830939E-003  0.145050089319433E+000  0.100282238991915E+001  0.993052177494867E+000 -0.279176247796284E+001 -0.263280654430981E-002  0.903555838331614E-002  0.151820384236661E+001
      8.62000000 -0.543581099009048E-004  0.208939142164792E-003  0.585337793049117E-001 -0.887134485712463E-004  0.290010642991935E-003  0.144860552208932E+000  0.100231637288032E+001  0.992427610477910E+000 -0.278241472931590E+001 -0.141932991702539E-002  0.545555347403962E-002  0.152835969233433E+001
      8.63000000 -0.369881384399263E-004  0.924619835016844E-004  0.589124506862710E-001 -0.586912303458131E-004  0.278340963367474E-003  0.145017107722010E+000  0.100153069510553E+001  0.992740735749030E+000 -0.278211490371119E+001 -0.964668181924757E-003  0.241145235428897E-002  0.153646463686076E+001
      8.64000000 -0.465710618576242E-004 -0.190645976983026E-005  0.590585409224146E-001 -0.379424520508215E-004  0.250501218456944E-003  0.145406418700151E+000  0.100098841181246E+001  0.993474371054697E+000 -0.278787911910159E+001 -0.121318958503927E-002 -0.496638265222588E-004  0.153849201406945E+001
      8.65000000 -0.698784285735212E-004 -0.839392114398584E-004  0.589097884900391E-001 -0.408737785042754E-004  0.218997246582457E-003  0.145860096831759E+000  0.100106354275923E+001  0.994301653910709E+000 -0.279530485125001E+001 -0.181824875153288E-002 -0.218411274438719E-002  0.153284284666453E+001
      8.66000000 -0.880988695109007E-004 -0.167491818413277E-003  0.585059048735253E-001 -0.711164529948835E-004  0.183936389386923E-003  0.146215050492792E+000  0.100184832556772E+001  0.995219470080106E+000 -0.280014757248074E+001 -0.228970071125920E-002 -0.435313344972636E-002  0.152057583423586E+001
      8.67000000 -0.840185501515103E-004 -0.261410648302270E-003  0.579644403080596E-001 -0.120690414833973E-003  0.133347479855028E-003  0.146366097894186E+000  0.100313314113198E+001  0.996538279576266E+000 -0.279968568564906E+001 -0.218113406678694E-002 -0.678625933683399E-002  0.150476549750215E+001
      8.68000000 -0.480110720100418E-004 -0.362266572955769E-003  0.574343687337087E-001 -0.173232669949357E-003  0.489396219478988E-004  0.146295335413011E+000  0.100449196485121E+001  0.998730983816817E+000 -0.279347327939952E+001 -0.124493865967255E-002 -0.939365948099207E-002  0.148928701311912E+001
      8.69000000  0.189936727878892E-004 -0.451771648041037E-003  0.570437439891874E-001 -0.209615213599094E-003 -0.845669653206604E-004  0.146071974769104E+000  0.100542911822552E+001  0.100219031836867E+001 -0.278332281727114E+001  0.491943754137583E-003 -0.117010671412608E-001  0.147745588130786E+001
      8.70000000  0.105975782787898E-003 -0.500335174141523E-003  0.568571215502133E-001 -0.213827593378902E-003 -0.269777201526197E-003  0.145825658145710E+000  0.100553185478300E+001  0.100697930645444E+001 -0.277260180386209E+001  0.274166037990264E-002 -0.129439867064813E-001  0.147092961588702E+001
      8.71000000  0.194981018717275E-003 -0.476169517336632E-003  0.568536988592432E-001 -0.177453655221479E-003 -0.490324888156654E-003  0.145702924360908E+000  0.100458556728101E+001  0.101267045055449E+001 -0.276509890350535E+001  0.503849063426028E-002 -0.123046626241075E-001  0.146915238780611E+001
      8.72000000  0.265722726587726E-003 -0.357233264792199E-003  0.569306243139149E-001 -0.101928452098540E-003 -0.710856933896998E-003  0.145819553299620E+000  0.100263090532257E+001  0.101834813786013E+001 -0.276379147344925E+001  0.685864762304944E-002 -0.922065309920834E-002  0.146945312560777E+001
      8.73000000  0.300478421940947E-003 -0.141883533688375E-003  0.569295339111409E-001  0.152049191441832E-005 -0.884219505597823E-003  0.146221276652568E+000  0.999960799090173E+000  0.102279670728744E+001 -0.276983726545498E+001  0.774685311488278E-002 -0.365800275375641E-002  0.146774179077332E+001
      8.74000000  0.288431444585851E-003  0.145901770586086E-003  0.566791858065035E-001  0.114007669328112E-003 -0.964148663850494E-003  0.146862627691268E+000  0.997064048275160E+000  0.102482897816714E+001 -0.278204016997955E+001  0.742775290662855E-002  0.375729595678837E-002  0.145961543036368E+001
      8.75000000  0.228774023991968E-003  0.459255219620156E-003  0.560436405523487E-001  0.212874414117196E-003 -0.919510897788835E-003  0.147609301150759E+000  0.994524274254232E+000  0.102365239391224E+001 -0.279692436960085E+001  0.588470821320114E-002  0.118133296590924E-001  0.144159929567737E+001
      8.76000000  0.131863182874761E-003  0.738870348318269E-003  0.549641719986312E-001  0.276847347897577E-003 -0.745236763266591E-003  0.148264025524245E+000  0.992886840668363E+000  0.101914769231912E+001 -0.280941209916881E+001  0.338801811499365E-002  0.189841172506166E-001  0.141221837928676E+001
      8.77000000  0.177551550517492E-004  0.928105040472938E-003  0.534842851358188E-001  0.291586204088145E-003 -0.466035351324783E-003  0.148610475775461E+000  0.992516691414911E+000  0.101196039557643E+001 -0.281395976082762E+001  0.455670749731954E-003  0.238190158514355E-001  0.137262807537776E+001
      8.78000000 -0.881375107178223E-004  0.987945750967163E-003  0.517508294755489E-001  0.254208446085595E-003 -0.131453631448189E-003  0.148465267777974E+000  0.993483389925203E+000  0.100336980172081E+001 -0.280589344947865E+001 -0.225939696007527E-002  0.253258982273834E-001  0.132662774165217E+001
      8.79000000 -0.161624047710033E-003  0.907134584529340E-003  0.499896224540624E-001  0.175137203294206E-003  0.196162818253855E-003  0.147725679948816E+000  0.995515481594929E+000  0.994977105079312E+000 -0.278262595366017E+001 -0.413850400157510E-002  0.232278560104940E-001  0.128002147882430E+001
      8.80000000 -0.186825764847172E-003  0.704564913919480E-003  0.484600723498970E-001  0.760680410007859E-004  0.456969718024144E-003  0.146401156051866E+000  0.998054434595049E+000  0.988312246998859E+000 -0.274445063540357E+001 -0.477837656994945E-002  0.180204078352647E-001  0.123944614643609E+001
      8.81000000 -0.161371261614986E-003  0.423711985367094E-003  0.473986116676481E-001 -0.159374639004224E-004  0.607611248969556E-003  0.144619895121857E+000  0.100040716419586E+001  0.984476981586851E+000 -0.269469343875934E+001 -0.412265090491757E-002  0.108248307809960E-001  0.121092149449564E+001
      8.82000000 -0.975326655433277E-004  0.121260459717987E-003  0.469640849478184E-001 -0.766503547918997E-004  0.630204235784352E-003  0.142607305590265E+000  0.100195601355367E+001  0.983918038864663E+000 -0.263914587667497E+001 -0.248890192675620E-002  0.309440319456220E-002  0.119846003248051E+001
      8.83000000 -0.184344621757189E-004 -0.146595327942936E-003  0.471987575998591E-001 -0.923835773589367E-004  0.534508011592841E-003  0.140639730827486E+000  0.100235483426896E+001  0.986375524538949E+000 -0.258487154532587E+001 -0.469889827848033E-003 -0.373667822547938E-002  0.120308452027697E+001
      8.84000000  0.496253423168252E-004 -0.336644874169820E-003  0.480159514061216E-001 -0.642859771821086E-004  0.353459091447192E-003  0.138983357357121E+000  0.100163677981378E+001  0.991000608044931E+000 -0.253864347629886E+001  0.126350663264888E-002 -0.857128659476474E-002  0.122253006714297E+001
      8.85000000  0.860224608607999E-004 -0.427225798631921E-003  0.492195511871348E-001 -0.743951311867049E-005  0.133709476772159E-003  0.137833145561059E+000  0.100018920278237E+001  0.996599481090913E+000 -0.250539265498728E+001  0.218773576731439E-002 -0.108652688034461E-001  0.125175880236095E+001
      8.86000000  0.824813631406799E-004 -0.421256640733694E-003  0.505524880533693E-001  0.549932264463911E-004 -0.764136540929355E-004  0.137268403173935E+000  0.998602982797113E+000  0.100194116978038E+001 -0.248708982975750E+001  0.209531047132494E-002 -0.107013683677731E-001  0.128420716555195E+001
      8.87000000  0.450468262427711E-004 -0.343238326206465E-003  0.517624576193028E-001  0.100298736475714E-003 -0.238799813486053E-003  0.137238874396666E+000  0.997454939458907E+000  0.100605949789478E+001 -0.248240921275710E+001  0.114305427964881E-002 -0.870960443684433E-002  0.131346209360042E+001
      8.88000000 -0.925068402425927E-005 -0.230829511019462E-003  0.526662601494529E-001  0.114065485609959E-003 -0.334524747087779E-003  0.137587487615618E+000  0.997108870377785E+000  0.100847893997468E+001 -0.248732361033289E+001 -0.234469931594758E-003 -0.585065704512790E-002  0.133489095316741E+001
      8.89000000 -0.594579123912736E-004 -0.122851679334841E-003  0.531923369139024E-001  0.943823054982752E-004 -0.367421398629161E-003  0.138104528386716E+000  0.997610455645412E+000  0.100930227042256E+001 -0.249649115273611E+001 -0.150533850746812E-002 -0.311032386056332E-002  0.134670845037047E+001
      8.90000000 -0.884780428180241E-004 -0.468730601489271E-004  0.533864344381190E-001  0.510563816096096E-004 -0.360746029141000E-003  0.138596438415183E+000  0.998708821452565E+000  0.100912300322144E+001 -0.250500255582038E+001 -0.223754498858166E-002 -0.118538540744431E-002  0.135010387922959E+001
      8.91000000 -0.884973602668224E-004 -0.103276854711352E-004  0.533774225183758E-001  0.661198675189112E-006 -0.347285191775803E-003  0.138945435302816E+000  0.999983297535930E+000  0.100877273148827E+001 -0.250988474112623E+001 -0.223552169060839E-002 -0.260886480849750E-003  0.134836096205384E+001
      8.92000000 -0.622650868464702E-004  0.128752481678443E-005  0.533153819321159E-001 -0.401519858437773E-004 -0.355664243543048E-003  0.139137727630748E+000  0.100101313764037E+001  0.100897432156581E+001 -0.251080192165366E+001 -0.157110792503853E-002  0.324875551578623E-004  0.134528390342640E+001
      8.93000000 -0.203604241794300E-004  0.176384491942414E-004  0.533060216230728E-001 -0.602386766554105E-004 -0.397648654979376E-003  0.139249196654299E+000  0.100151827429454E+001  0.101002246006445E+001 -0.250967995238760E+001 -0.513170447525502E-003  0.444564945548107E-003  0.134354150635786E+001
      8.94000000  0.237817968067163E-004  0.699693124109192E-004  0.533683322305061E-001 -0.564851800557463E-004 -0.461686671338404E-003  0.139394527247097E+000  0.100142207752974E+001  0.101162347788294E+001 -0.250941299596578E+001  0.598733310619593E-003  0.176155563021778E-002  0.134360740268343E+001
      8.95000000  0.586943441360312E-004  0.175679896773949E-003  0.534335573536483E-001 -0.329380444505246E-004 -0.516108038374779E-003  0.139661788463339E+000  0.100082832553847E+001  0.101297907862858E+001 -0.251221294591977E+001  0.147604464753759E-002  0.441799589262227E-002  0.134374644596000E+001
      8.96000000  0.777122620942982E-004  0.327546438694328E-003  0.533858736820808E-001  0.229040689396123E-005 -0.521628246865547E-003  0.140061716088767E+000  0.999942465160217E+000  0.101310326024985E+001 -0.251833921567744E+001  0.195212586922816E-002  0.822794059929532E-002  0.134104891889105E+001
      8.97000000  0.792758846644492E-004  0.492790199882211E-003  0.531262074332990E-001  0.404839039781974E-004 -0.448611347884880E-003  0.140515137058669E+000  0.998984181264540E+000  0.101125651845155E+001 -0.252579407649996E+001  0.198918387306918E-002  0.123650505139278E-001  0.133303835726272E+001
      8.98000000  0.654399275801924E-004  0.623318172760273E-003  0.526294197874868E-001  0.746312776289860E-004 -0.291930848594881E-003  0.140884883405444E+000  0.998129443565719E+000  0.100731694732494E+001 -0.253113511545439E+001  0.164018467166705E-002  0.156228307447328E-001  0.131910243189656E+001
      8.99000000  0.399491933243825E-004  0.673555364863237E-003  0.519675885040262E-001  0.100073310023416E-003 -0.767264401776704E-004  0.141037783392843E+000  0.997494555143980E+000  0.100192093041410E+001 -0.253103528626535E+001  0.100017178299889E-002  0.168631958286017E-001  0.130106546157720E+001
      9.00000000  0.699871493726776E-005  0.618647584939375E-003  0.512877160761155E-001  0.114008599605533E-003  0.148032234837842E-003  0.140907872167597E+000  0.997148841393687E+000  0.996297968909100E+000 -0.252386305785630E+001  0.175025799769165E-003  0.154713099904520E-001  0.128261739548152E+001
      9.01000000 -0.290191238901786E-004  0.465291886479333E-003  0.507536676004859E-001  0.114857460645397E-003  0.326005383147782E-003  0.140531135876914E+000  0.997130800840979E+000  0.991856215818216E+000 -0.251054093141710E+001 -0.724912821451629E-003  0.116232335442918E-001  0.126785303782856E+001
      9.02000000 -0.632897368438587E-004  0.250460648560258E-003  0.504790147875582E-001  0.102225084004106E-003  0.413327211849340E-003  0.140035555221888E+000  0.997449195267432E+000  0.989686318007405E+000 -0.249428284131805E+001 -0.157925779017059E-002  0.624970097988874E-002  0.125959407194348E+001
      9.03000000 -0.906883715368895E-004  0.285046476824007E-004  0.504813872582376E-001  0.774825854792552E-004  0.393659595710942E-003  0.139591380556766E+000  0.998068731623345E+000  0.990187958705030E+000 -0.247934206448396E+001 -0.226042513935547E-002  0.710483837319316E-003  0.125825830692795E+001
      9.04000000 -0.106698890203870E-003 -0.147882184572310E-003  0.506780865230468E-001  0.443225122380319E-004  0.282432677544210E-003  0.139344931073699E+000  0.998896474905422E+000  0.992968098344133E+000 -0.246935722903550E+001 -0.265654848875039E-002 -0.368191452777104E-002  0.126176377194107E+001
      9.05000000 -0.108888144717477E-003 -0.244908683332228E-003  0.509228017962570E-001  0.849224050624002E-005  0.119054369963541E-003  0.139365763346728E+000  0.999788797049254E+000  0.997039104790189E+000 -0.246604178604604E+001 -0.270806007539201E-002 -0.609090575626621E-002  0.126645565345379E+001
      9.06000000 -0.980902613730279E-004 -0.256387537787789E-003  0.510644638843626E-001 -0.236309430071547E-004 -0.489682275357948E-004  0.139629011646721E+000  0.100058705545860E+001  0.100121650097772E+001 -0.246875592060540E+001 -0.243682291293660E-002 -0.636934816899650E-002  0.126857706247742E+001
      9.07000000 -0.784037143163761E-004 -0.201227595676999E-003  0.510008228451253E-001 -0.471766992370908E-004 -0.182924938648497E-003  0.140036818106170E+000  0.100117070248504E+001  0.100453933157076E+001 -0.247505131992556E+001 -0.194560926624043E-002 -0.499351692947381E-002  0.126559914129779E+001
      9.08000000 -0.556722849084499E-004 -0.112017720006134E-003  0.507047144421170E-001 -0.605826081725018E-004 -0.263959854995316E-003  0.140464586070170E+000  0.100150171802436E+001  0.100654302090834E+001 -0.248182765729399E+001 -0.138000122851006E-002 -0.277668846316558E-002  0.125686539247382E+001
      9.09000000 -0.349969889557920E-004 -0.205144948128842E-004  0.502163459805489E-001 -0.660006417299742E-004 -0.294640572578026E-003  0.140808383046291E+000  0.100163422011035E+001  0.100729549798928E+001 -0.248650990730792E+001 -0.866548894892156E-003 -0.507952636491991E-003  0.124339037195270E+001
      9.10000000 -0.184899573304352E-004  0.535564004947716E-004  0.496115859209757E-001 -0.678969504983850E-004 -0.291868791326015E-003  0.141013031533961E+000  0.100167932654206E+001  0.100721892521646E+001 -0.248774024302214E+001 -0.457320628963216E-003  0.132463511524493E-002  0.122706619987150E+001
      9.11000000 -0.450818154713788E-005  0.106265139860487E-003  0.489656020324454E-001 -0.704095076063027E-004 -0.275559770184572E-003  0.141073186702536E+000  0.100173955917052E+001  0.100680806529611E+001 -0.248539798083567E+001 -0.111380533954810E-003  0.262541956101077E-002  0.120975937698315E+001
      9.12000000  0.110823436077957E-004  0.145509167750758E-003  0.483293845520814E-001 -0.747906540785204E-004 -0.258714670397359E-003  0.141014234375917E+000  0.100184577503871E+001  0.100638487638128E+001 -0.248012137505939E+001  0.273503600866478E-003  0.359105282667121E-002  0.119273153499380E+001
      9.13000000  0.321327802038837E-004  0.182460529161426E-003  0.477262151623088E-001 -0.783513153232863E-004 -0.243060860647575E-003  0.140868300739562E+000  0.100193153147515E+001  0.100599198240363E+001 -0.247271204837980E+001  0.792143387661581E-003  0.449805154634542E-002  0.117655570165595E+001
      9.14000000  0.593326146972870E-004  0.223163096899670E-003  0.471628840471832E-001 -0.756317335054230E-004 -0.221329812601909E-003  0.140659417109972E+000  0.100186244790770E+001  0.100545029483375E+001 -0.246376877737702E+001  0.146107855763347E-002  0.549543985881509E-002  0.116139629020334E+001
      9.15000000  0.888213557526340E-004  0.264278608658102E-003  0.466434215770673E-001 -0.613692399924973E-004 -0.184082159585320E-003  0.140403084338274E+000  0.100150957928057E+001  0.100452810909939E+001 -0.245367788603984E+001  0.218485479586666E-002  0.650080581048211E-002  0.114734910838449E+001
      9.16000000  0.113224127166457E-003  0.294565347950576E-003  0.461744958468804E-001 -0.338116186837348E-004 -0.127175677748250E-003  0.140115236973280E+000  0.100083080052889E+001  0.100312489092356E+001 -0.244283466793418E+001  0.278208108322725E-002  0.723789798885138E-002  0.113457435829294E+001
      9.17000000  0.124820991794576E-003  0.300859185924164E-003  0.457594386905166E-001  0.340195100455775E-005 -0.561128212706031E-004  0.139820079800955E+000  0.999916500284766E+000  0.100137726986391E+001 -0.243183568245688E+001  0.306368823541009E-002  0.738448505478843E-002  0.112314965583535E+001
      9.18000000  0.119386857267446E-003  0.275375552784554E-003  0.453866383347661E-001  0.419732711701584E-004  0.147192349005336E-004  0.139548153978765E+000  0.998970902764835E+000  0.999639115000628E+000 -0.242143024425655E+001  0.292711721778660E-002  0.675163531700542E-002  0.111278589258395E+001
      9.19000000  0.987425392149393E-004  0.220776867581231E-003  0.450223763180170E-001  0.721974306364630E-004  0.674467616051848E-004  0.139323354398428E+000  0.998231795439793E+000  0.998348145212508E+000 -0.241220163126113E+001  0.241832717019254E-002  0.540709912532726E-002  0.110265379827321E+001
      9.20000000  0.705502752570452E-004  0.150623539904442E-003  0.446158604619115E-001  0.873095633706557E-004  0.882331929042591E-004  0.139145538580426E+000  0.997864004838889E+000  0.997841408594694E+000 -0.240414252029010E+001  0.172598557072575E-002  0.368494744406741E-002  0.109151000619353E+001
      9.21000000  0.451854734993831E-004  0.849146282644685E-004  0.441170817645164E-001  0.868021490587238E-004  0.735662429439662E-004  0.138979097712486E+000  0.997878724270950E+000  0.998202184078083E+000 -0.239637889176293E+001  0.110424510544099E-002  0.207514839127802E-002  0.107813568901679E+001
      9.22000000  0.310068302290249E-004  0.425245950820837E-004  0.435006190111495E-001  0.769334687109459E-004  0.325218662446670E-004  0.138755535063603E+000  0.998121934786941E+000  0.999206090838211E+000 -0.238723767287070E+001  0.756924784441333E-003  0.103809127628372E-002  0.106191753316522E+001
      9.23000000  0.302747329379925E-004  0.336422265534072E-004  0.427847861394243E-001  0.679337407455461E-004 -0.160980038358818E-004  0.138391423828633E+000  0.998343428810520E+000  0.100039255146368E+001 -0.237468897001194E+001  0.738252447221096E-003  0.820369122128624E-003  0.104331136911940E+001
      9.24000000  0.378173055010544E-004  0.553543518883246E-004  0.420371825138375E-001  0.690505603010395E-004 -0.507573998031165E-004  0.137815943135838E+000  0.998318017351600E+000  0.100123638483706E+001 -0.235701874129301E+001  0.921180818587232E-003  0.134836066476050E-002  0.102397158354177E+001
      9.25000000  0.433168835761598E-004  0.923006288242360E-004  0.413633567436226E-001  0.837496595645442E-004 -0.556054720376093E-004  0.136998079555702E+000  0.997962171681383E+000  0.100135301332779E+001 -0.233348896659849E+001  0.105400275636601E-002  0.224589372926642E-002  0.100646880433299E+001
      9.26000000  0.363384971122337E-004  0.122319896093849E-003  0.408817879343995E-001  0.107474064305837E-003 -0.269670766440388E-004  0.135963964644663E+000  0.997387724594571E+000  0.100065546447442E+001 -0.230475378557499E+001  0.883247161905074E-003  0.297311968449690E-002  0.993676845113857E+000
      9.27000000  0.117980481311269E-004  0.124981035990191E-003  0.406928488496260E-001  0.129252307816080E-003  0.247701482579775E-004  0.134798710746723E+000  0.996861769437537E+000  0.999398583765247E+000 -0.227289656172227E+001  0.286455196414685E-003  0.303452459379493E-002  0.988017499194531E+000
      9.28000000 -0.267933685166572E-004  0.896547843340617E-004  0.408506229866680E-001  0.136624047418917E-003  0.787536100089250E-004  0.133632225136556E+000  0.996686359068054E+000  0.998089932258675E+000 -0.224107812208021E+001 -0.649838767763022E-003  0.217446173442080E-002  0.990779434377745E+000
      9.29000000 -0.680337725975698E-004  0.198842606001449E-004  0.413449191420125E-001  0.121694007680280E-003  0.111408719201510E-003  0.132612789574884E+000  0.997051645127803E+000  0.997300833078601E+000 -0.221289085396889E+001 -0.164829566168126E-002  0.481748097034517E-003  0.100168854750201E+001
      9.30000000 -0.971760541688310E-004 -0.677235126215911E-004  0.420978762339695E-001  0.854665898382263E-004  0.105254313195060E-003  0.131874797899977E+000  0.997931575359828E+000  0.997452681623203E+000 -0.219157558421784E+001 -0.235181192157053E-002 -0.163901452591781E-002  0.101883419785536E+001
      9.31000000 -0.102556277731411E-003 -0.149601426488713E-003  0.429762263121394E-001  0.383203183276757E-004  0.552461933610580E-004  0.131508059203887E+000  0.999073584734763E+000  0.998664392178627E+000 -0.217928135425300E+001 -0.247935574083378E-002 -0.361669869272283E-002  0.103897446147014E+001
      9.32000000 -0.809880941083796E-004 -0.203743920093274E-003  0.438169764164354E-001 -0.375240343547742E-005 -0.298433682935669E-004  0.131535838937133E+000  0.100009061912994E+001  0.100072070610626E+001 -0.217654097826170E+001 -0.195583197526523E-002 -0.492033894699441E-002  0.105816348042496E+001
      9.33000000 -0.396341938925281E-004 -0.217091724659621E-003  0.444611137130380E-001 -0.255338650428072E-004 -0.131347708206772E-003  0.131907306288427E+000  0.100061597231107E+001  0.100316859790880E+001 -0.218209750720147E+001 -0.956124972407374E-003 -0.523706423329528E-002  0.107256832918945E+001
      9.34000000  0.651483408221074E-005 -0.188840015794942E-003  0.447874430133083E-001 -0.187635150659984E-004 -0.227972255348721E-003  0.132507024413828E+000  0.100045216151943E+001  0.100549365516025E+001 -0.219314250467288E+001  0.156993893046984E-003 -0.455064992731813E-002  0.107928382358637E+001
      9.35000000  0.404021029006119E-004 -0.128671230865788E-003  0.447378710445946E-001  0.145959092137051E-004 -0.303083964987021E-003  0.133179729905874E+000  0.999648645259025E+000  0.100729587903382E+001 -0.220592083844413E+001  0.972564996922424E-003 -0.309739162733271E-002  0.107693620606424E+001
      9.36000000  0.493189423978292E-004 -0.512604431385771E-004  0.443273293758776E-001  0.633191744514308E-004 -0.348920299907765E-003  0.133764034802073E+000  0.998477400542536E+000  0.100839028404808E+001 -0.221654615023500E+001  0.118594399861016E-002 -0.123263014068543E-002  0.106591357583637E+001
      9.37000000  0.292183646194430E-004  0.299875926102702E-004  0.436360496858016E-001  0.111454443956645E-003 -0.366298174324014E-003  0.134125729142422E+000  0.997322779917209E+000  0.100879875932961E+001 -0.222180150859471E+001  0.701847228055944E-003  0.720324666479924E-003  0.104817093339002E+001
      9.38000000 -0.146931950361068E-004  0.106921503583065E-003  0.427875701836273E-001  0.144233610730914E-003 -0.360698402149727E-003  0.134181677610491E+000  0.996539093130807E+000  0.100865501162580E+001 -0.221970924397348E+001 -0.352565392859267E-003  0.256559732741800E-002  0.102669408894481E+001
      9.39000000 -0.708963679769912E-004  0.176746565435593E-003  0.419202117435956E-001  0.152753819478228E-003 -0.337335883371097E-003  0.133909079166059E+000  0.996338552920672E+000  0.100808580426428E+001 -0.220974629952167E+001 -0.169935717712971E-002  0.423654346585822E-002  0.100481046809614E+001
      9.40000000 -0.126289093863436E-003  0.238853217090007E-003  0.411607619954017E-001  0.135688938325302E-003 -0.298116416359469E-003  0.133340440488138E+000  0.996751051207899E+000  0.100713812771174E+001 -0.219271613743156E+001 -0.302387802592621E-002  0.571912405485528E-002  0.985557184081671E+000
      9.41000000 -0.170415115669491E-003  0.290759566078513E-003  0.406063977571428E-001  0.978842413744497E-004 -0.242103135428648E-003  0.132549274717545E+000  0.997658741153558E+000  0.100579078000314E+001 -0.217039962372187E+001 -0.407609939583894E-002  0.695457610653253E-002  0.971250189367546E+000
      9.42000000 -0.197531518332927E-003  0.325966006361213E-003  0.403161651464293E-001  0.471437966000184E-004 -0.168979867758179E-003  0.131633053420026E+000  0.998873581104563E+000  0.100403747957777E+001 -0.214514250717570E+001 -0.471967153138550E-002  0.778838989041476E-002  0.963284535562246E+000
      9.43000000 -0.206216957362172E-003  0.335340821470848E-003  0.403094066189623E-001 -0.889006642526523E-005 -0.831792339405894E-004  0.130697979291645E+000  0.100021218739875E+001  0.100198531534365E+001 -0.211948898034662E+001 -0.492196994581252E-002  0.800388807010091E-002  0.962101712923745E+000
      9.44000000 -0.197513064183443E-003  0.311536140543410E-003  0.405675009161071E-001 -0.643463262339444E-004  0.415140279806435E-005  0.129846494994981E+000  0.100153418607901E+001  0.999901019611314E+000 -0.209588280619892E+001 -0.470923223171195E-002  0.742784301613376E-002  0.967236185940099E+000
      9.45000000 -0.173127198183034E-003  0.254043471130429E-003  0.410372584215260E-001 -0.114961751893242E-003  0.770492114446550E-004  0.129165837255114E+000  0.100273809076426E+001  0.998164887618920E+000 -0.207639523773377E+001 -0.412344083645377E-002  0.605065659288381E-002  0.977401060996373E+000
      9.46000000 -0.134804369185227E-003  0.171898765523680E-003  0.416372957947867E-001 -0.156985205561274E-003  0.120051619686693E-003  0.128716230919346E+000  0.100373502802761E+001  0.997143704321139E+000 -0.206244609721807E+001 -0.320729647963298E-002  0.408985486783297E-002  0.990644094336161E+000
      9.47000000 -0.849603015455227E-004  0.821121637196765E-004  0.422699869305192E-001 -0.186410242056378E-003  0.124466732970981E-003  0.128520151174865E+000  0.100443043191501E+001  0.997041786009026E+000 -0.205455200962168E+001 -0.201926046189319E-002  0.195156846931390E-002  0.100463524470668E+001
      9.48000000 -0.277308471207740E-004  0.409768223830086E-005  0.428396475511820E-001 -0.199357045740775E-003  0.923807543541405E-004  0.128557096307395E+000  0.100473314192792E+001  0.997806692910493E+000 -0.205220706096984E+001 -0.658386738809944E-003  0.972873145131324E-004  0.101710040519681E+001
      9.49000000  0.306910329848456E-004 -0.474487940289325E-004  0.432733469230739E-001 -0.193476883716141E-003  0.361474615017515E-004  0.128768713057314E+000  0.100458869452113E+001  0.999142690044619E+000 -0.205400974395585E+001  0.727899748023964E-003 -0.112534384993672E-002  0.102631470035604E+001
      9.50000000  0.830523803741918E-004 -0.678071362663434E-004  0.435370175212274E-001 -0.169433194165102E-003 -0.266710642735663E-004  0.129075686195102E+000  0.100401421998238E+001  0.100063189223154E+001 -0.205806782028353E+001  0.196768128302928E-002 -0.160649017265928E-002  0.103148126651476E+001
      9.51000000  0.123053387165392E-003 -0.630085412383010E-004  0.436393577094785E-001 -0.131349184536007E-003 -0.806056613442007E-004  0.129401972997808E+000  0.100310865938730E+001  0.100190770537855E+001 -0.206257446146531E+001  0.291232159911437E-002 -0.149123189376620E-002  0.103281873791879E+001
      9.52000000  0.147304061322095E-003 -0.457072673290355E-004  0.436204417194079E-001 -0.857015348472239E-004 -0.118302305418640E-003  0.129697137846907E+000  0.100202617954640E+001  0.100279693604040E+001 -0.206633584102188E+001  0.348260362763895E-002 -0.108062393922391E-002  0.103128662718301E+001
      9.53000000  0.156074286557691E-003 -0.282021129966492E-004  0.435290939653926E-001 -0.391067890513141E-004 -0.142322377035981E-003  0.129947030723876E+000  0.100092360342253E+001  0.100336129448931E+001 -0.206902011736258E+001  0.368607980174924E-002 -0.666062561466027E-003  0.102804707676795E+001
      9.54000000  0.152351753715831E-003 -0.161290763192006E-004  0.433990544273685E-001  0.382196881217944E-005 -0.161885685287390E-003  0.130167871787888E+000  0.999909829383364E+000  0.100381932265390E+001 -0.207101335517883E+001  0.359439133420456E-002 -0.380528682712725E-003  0.102390147367366E+001
      9.55000000  0.139730776639566E-003 -0.602699650211615E-005  0.432351230695480E-001  0.413471554033801E-004 -0.186290317313317E-003  0.130386790538371E+000  0.999025529850086E+000  0.100439049196175E+001 -0.207295711357163E+001  0.329317626644917E-002 -0.142044310609813E-003  0.101896578974089E+001
      9.56000000  0.120388359269001E-003  0.119878137073901E-004  0.430157361556947E-001  0.737317767757229E-004 -0.218452517809636E-003  0.130618756923039E+000  0.998264106476602E+000  0.100514310555663E+001 -0.207520399063042E+001  0.283434608911195E-002  0.282233374595817E-003  0.101273482156807E+001
      9.57000000  0.943967180920665E-004  0.478179170766442E-004  0.427100901729361E-001  0.101197637521690E-003 -0.251970779953733E-003  0.130851717026072E+000  0.997619957503205E+000  0.100592603917371E+001 -0.207746954304067E+001  0.222009333537021E-002  0.112461790154191E-002  0.100448816931873E+001
      9.58000000  0.608453893559914E-004  0.104561555985011E-003  0.423004663567395E-001  0.122050963136400E-003 -0.273340491117687E-003  0.131047395961051E+000  0.997132509568884E+000  0.100642191771843E+001 -0.207885447426622E+001  0.142951409208347E-002  0.245659070231636E-002  0.993815856857651E+000
      9.59000000  0.201348209115974E-004  0.174836511756012E-003  0.417979199727230E-001  0.132290914511380E-003 -0.268331057923466E-003  0.131156949900852E+000  0.996895170994006E+000  0.100629765131587E+001 -0.207821518880520E+001  0.472558347848171E-003  0.410336170863929E-002  0.980984936122434E+000
      9.60000000 -0.239939060005520E-004  0.242273959945748E-003  0.412433184146003E-001  0.127196341149503E-003 -0.229413387039993E-003  0.131142965935157E+000  0.997017848784971E+000  0.100537865637268E+001 -0.207468085694681E+001 -0.562543350588515E-003  0.568017584069444E-002  0.966960299411210E+000
      9.61000000 -0.641225726094181E-004  0.287648581297577E-003  0.406936365632670E-001  0.104206863734205E-003 -0.160559222225401E-003  0.130996382907691E+000  0.997559385353736E+000  0.100376043549641E+001 -0.206804829620000E+001 -0.150180596803895E-002  0.673697792385811E-002  0.953080074066560E+000
      9.62000000 -0.910907500097199E-004  0.296830487268019E-003  0.402010045460355E-001  0.655443449377931E-004 -0.769911878718747E-004  0.130740155998963E+000  0.998466490640840E+000  0.100180132561072E+001 -0.205886423966473E+001 -0.213120625136153E-002  0.694479944443085E-002  0.940563473134012E+000
      9.63000000 -0.975251496075477E-004  0.266864798830983E-003  0.397951553743523E-001  0.189774757703612E-004  0.111155287640979E-006  0.130418845905737E+000  0.999556454238007E+000  0.999997402054027E+000 -0.204817811838871E+001 -0.227937937160687E-002  0.623722311538276E-002  0.930101175083649E+000
      9.64000000 -0.813135028886930E-004  0.207402205094481E-003  0.394772024929858E-001 -0.240146083456905E-004  0.515679623061451E-004  0.130080526722357E+000  0.100056069250368E+001  0.998795992444321E+000 -0.203711703965697E+001 -0.189850572872105E-002  0.484242174464240E-002  0.921712783538639E+000
      9.65000000 -0.472360161485027E-004  0.136911669549957E-003  0.392260105929585E-001 -0.521017030847824E-004  0.672629862810672E-004  0.129760550789750E+000  0.100121520873269E+001  0.998431172812474E+000 -0.202650671941172E+001 -0.110172251428958E-002  0.319329785005471E-002  0.914898895795087E+000
      9.66000000 -0.577740173622939E-005  0.754874790614224E-004  0.390118094479320E-001 -0.583152165864437E-004  0.492964796024948E-004  0.129474403955499E+000  0.100135872335978E+001  0.998851409935323E+000 -0.201670657240436E+001 -0.134611361447888E-003  0.175883083653430E-002  0.908960986631865E+000
      9.67000000  0.305011054793315E-004  0.374780155134628E-004  0.388088118276813E-001 -0.426758431360883E-004  0.101061579650321E-004  0.129220927766138E+000  0.100099330337601E+001  0.999764773696605E+000 -0.200768712153864E+001  0.709929759279413E-003  0.872321121271238E-003  0.903296126673689E+000
      9.68000000  0.514502634316417E-004  0.270170078977468E-004  0.386006893293191E-001 -0.120146630879646E-004 -0.332909034505807E-004  0.128991308085774E+000  0.100027935890204E+001  0.100077406333976E+001 -0.199924100544794E+001  0.119629564282477E-002  0.628185876505346E-003  0.897523809883891E+000
      9.69000000  0.526879130930786E-004  0.380281024715920E-004  0.383781182083133E-001  0.228929493397965E-004 -0.662155782371847E-004  0.128776810982973E+000  0.999468253982840E+000  0.100153802244870E+001 -0.199116358169576E+001  0.122380858507520E-002  0.883297810574458E-003  0.891427801655226E+000
      9.70000000  0.364145425983967E-004  0.582245260185082E-004  0.381327486185205E-001  0.514912203784908E-004 -0.814682567920885E-004  0.128570372997622E+000  0.998805220599332E+000  0.100189035323514E+001 -0.198328981260629E+001  0.844946867864529E-003  0.135101603320431E-002  0.884815356975070E+000
      9.71000000  0.955895125602639E-005  0.750210755177363E-004  0.378537850272899E-001  0.669750486324259E-004 -0.808367113418774E-004  0.128362140492873E+000  0.998447541200814E+000  0.100187376741611E+001 -0.197539066502482E+001  0.221573231993490E-003  0.173896295993902E-002  0.877437834657396E+000
      9.72000000 -0.195908692655585E-004  0.807652580670886E-004  0.375309880709025E-001  0.677120774392901E-004 -0.728322297076657E-004  0.128133617546847E+000  0.998432071880329E+000  0.100168648940183E+001 -0.196703792919453E+001 -0.453642481104162E-003  0.187018511327539E-002  0.869060495274023E+000
      9.73000000 -0.444973442220156E-004  0.753307786960540E-004  0.371630060556049E-001  0.562614011446292E-004 -0.680350012601644E-004  0.127856371867889E+000  0.998698560514747E+000  0.100157378656091E+001 -0.195757530748871E+001 -0.102931316286562E-002  0.174255258232696E-002  0.859655154110589E+000
      9.74000000 -0.618028774888017E-004  0.654290700665578E-004  0.367656696979125E-001  0.369460826679199E-004 -0.741415676784375E-004  0.127498507339542E+000  0.999146240171606E+000  0.100171328291194E+001 -0.194626915457056E+001 -0.142815720284505E-002  0.151195221788726E-002  0.849590797871989E+000
      9.75000000 -0.707541498970655E-004  0.613105357415601E-004  0.363739366264941E-001  0.135717636741861E-004 -0.925826883581647E-004  0.127037037925878E+000  0.999686701764849E+000  0.100213723091298E+001 -0.193259452024657E+001 -0.163332863911629E-002  0.141532693208722E-002  0.839676435882356E+000
      9.76000000 -0.714903605801147E-004  0.723300435006731E-004  0.360342386388073E-001 -0.114311661856144E-004 -0.117721359494931E-003  0.126469971547676E+000  0.100026361310490E+001  0.100271476178247E+001 -0.191651274552360E+001 -0.164863283562441E-002  0.166799668864057E-002  0.830982366637941E+000
      9.77000000 -0.636633960578818E-004  0.102977897183400E-003  0.357893898708713E-001 -0.362191180840202E-004 -0.138630129083692E-003  0.125820988526912E+000  0.100083439094629E+001  0.100319366485740E+001 -0.189857675267525E+001 -0.146663320619408E-002  0.237233344221692E-002  0.824491165477929E+000
      9.78000000 -0.465107302043535E-004  0.150584273235713E-003  0.356629110022855E-001 -0.580309930879804E-004 -0.142671395941638E-003  0.125132809232127E+000  0.100133551085852E+001  0.100328340406293E+001 -0.187977538543594E+001 -0.107038639045243E-002  0.346550905521131E-002  0.820737374215413E+000
      9.79000000 -0.204146664495545E-004  0.205279003636224E-003  0.356508985683116E-001 -0.724388772126388E-004 -0.119716546732257E-003  0.124451115296479E+000  0.100166538747430E+001  0.100275231264020E+001 -0.186116152751709E+001 -0.469338166262395E-003  0.471941441594796E-002  0.819622862857167E+000
      9.80000000  0.111848473155596E-004  0.252158718334614E-003  0.357265018881143E-001 -0.743876716761013E-004 -0.657961398251775E-004  0.123806204381437E+000  0.100170844564226E+001  0.100151112577970E+001 -0.184343044477953E+001  0.256879980580693E-003  0.579127500282796E-002  0.820522878168203E+000
      9.81000000  0.411578358895594E-004  0.275080388806661E-003  0.358560197021074E-001 -0.608585452112584E-004  0.148291695101540E-004  0.123201556389653E+000  0.100139630031086E+001  0.999659768830737E+000 -0.182665927830994E+001  0.944299585992498E-003  0.631127200083616E-002  0.822658038942906E+000
      9.82000000  0.604156483256845E-004  0.261093965991538E-003  0.360195323071976E-001 -0.337311025732523E-004  0.109806557606468E-003  0.122615919413979E+000  0.100077311718148E+001  0.997483232688874E+000 -0.181035800166644E+001  0.138472721575985E-002  0.598427610393541E-002  0.825568012046198E+000
      9.83000000  0.617157024454203E-004  0.204302198577443E-003  0.362259105265873E-001 -0.898488258664953E-006  0.201120423814580E-003  0.122019376883988E+000  0.100002057240966E+001  0.995395007436622E+000 -0.179384019027753E+001  0.141308548089996E-002  0.467784468273760E-002  0.829453545356191E+000
      9.84000000  0.438099874756373E-004  0.108001127003014E-003  0.365137103303114E-001  0.256651454045539E-004  0.269245208196084E-003  0.121396906155340E+000  0.999412950251745E+000  0.993841440241269E+000 -0.177676288499919E+001  0.100208441110489E-002  0.247035555104104E-002  0.835193571647379E+000
      9.85000000  0.135820465785967E-004 -0.156064604581211E-004  0.369354169848570E-001  0.346096244092984E-004  0.297875731152751E-003  0.120768465300583E+000  0.999209163088663E+000  0.993193479351257E+000 -0.175958383586441E+001  0.310352508852093E-003 -0.356610775073583E-003  0.843981741662748E+000
      9.86000000 -0.155041949443783E-004 -0.148082316154058E-003  0.375302736763771E-001  0.207234998294848E-004  0.277835355411648E-003  0.120194951467953E+000  0.999526944101084E+000  0.993657844722832E+000 -0.174369345331145E+001 -0.353914683172840E-003 -0.338027909176714E-002  0.856704586417824E+000
      9.87000000 -0.285601644129669E-004 -0.268962042586236E-003  0.382970671946347E-001 -0.115277645810897E-004  0.209013358496519E-003  0.119764719934887E+000  0.100026287798769E+001  0.995233680329355E+000 -0.173110266530845E+001 -0.651283125717729E-003 -0.613338345193341E-002  0.873322480490320E+000
      9.88000000 -0.159796841314931E-004 -0.360153889169650E-003  0.391797958650567E-001 -0.486059967463147E-004  0.998959821796485E-004  0.119563747534582E+000  0.100110728440767E+001  0.997724287724539E+000 -0.172376007550735E+001 -0.364030289733016E-003 -0.820460051300461E-002  0.892547832802771E+000
      9.89000000  0.214569086263011E-004 -0.409234871081111E-003  0.400749739392940E-001 -0.729307025509813E-004 -0.348704730043735E-004  0.119640465756609E+000  0.100165974122455E+001  0.100079357471600E+001 -0.172275195760761E+001  0.488311706219194E-003 -0.931327907586183E-002  0.912017627599872E+000
      9.90000000  0.717777497526812E-004 -0.410942178380671E-003  0.408607275460529E-001 -0.703795683992336E-004 -0.177830928502292E-003  0.119980177219348E+000  0.100160006520118E+001  0.100404295006152E+001 -0.172772497425214E+001  0.163185257042975E-002 -0.934268700814836E-002  0.928960346422193E+000
      9.91000000  0.116104311967577E-003 -0.366958374783947E-003  0.414381759981481E-001 -0.368775338957165E-004 -0.311869567705361E-003  0.120501658863397E+000  0.100083755722993E+001  0.100708313663177E+001 -0.173681629267213E+001  0.263694438433057E-002 -0.833430567109191E-002  0.941137875445426E+000
      9.92000000  0.136366827455567E-003 -0.284656768888415E-003  0.417690278052302E-001  0.191079467786037E-004 -0.422497540069139E-003  0.121080421307844E+000  0.999566460546000E+000  0.100958603009315E+001 -0.174718892365163E+001  0.309402159236769E-002 -0.645856624948873E-002  0.947695831405171E+000
      9.93000000  0.123038847275646E-003 -0.175522991673123E-003  0.418930608287975E-001  0.795370714551642E-004 -0.499265660143037E-003  0.121592112630534E+000  0.998197203844386E+000  0.101131641128179E+001 -0.175602042158289E+001  0.278881227082606E-002 -0.397842375663249E-002  0.949552801320322E+000
      9.94000000  0.793508510982168E-004 -0.535642443460445E-004  0.419159468792986E-001  0.124045809621120E-003 -0.536670394024938E-003  0.121960251590006E+000  0.997191192415890E+000  0.101215199350554E+001 -0.176158364939794E+001  0.179676583232469E-002 -0.121287173033771E-002  0.949115732722786E+000
      9.95000000  0.200416584872880E-004  0.664629275604538E-004  0.419694301783910E-001  0.138253684799248E-003 -0.534805159164534E-003  0.122189069294636E+000  0.996872625361672E+000  0.101209758780496E+001 -0.176398417118377E+001  0.453353373938552E-003  0.150342809555790E-002  0.949371669301741E+000
      9.96000000 -0.347534212739926E-004  0.171298684214829E-003  0.421575759439335E-001  0.119430378632388E-003 -0.499535009614128E-003  0.122366728550913E+000  0.997301131364627E+000  0.101128841242200E+001 -0.176522380219365E+001 -0.785352267340573E-003  0.387098032679869E-002  0.952670172876677E+000
      9.97000000 -0.676632399741293E-004  0.251788857797270E-003  0.425096170286269E-001  0.771118486069847E-004 -0.441584512882876E-003  0.122635257449585E+000  0.998259186556810E+000  0.100996884746271E+001 -0.176851234452093E+001 -0.152750945392412E-002  0.568417741782892E-002  0.959662025033804E+000
      9.98000000 -0.706644577675276E-004  0.305069798971952E-003  0.429585749999032E-001  0.286435524059932E-004 -0.374063716050871E-003  0.123136862320782E+000  0.999354014733380E+000  0.100843609221095E+001 -0.177705075507392E+001 -0.159366401012382E-002  0.688010316015927E-002  0.968825588795654E+000
      9.99000000 -0.473913131575943E-004  0.335135508587400E-003  0.433554355261493E-001 -0.809873058553853E-005 -0.308707601272667E-003  0.123956292618805E+000  0.100018246423017E+001  0.100695517577952E+001 -0.179273267190983E+001 -0.106772529109865E-002  0.755059597682061E-002  0.976797052741060E+000
     10.00000000 -0.105899684361634E-004  0.350923331972066E-003  0.435148717456868E-001 -0.214951692197073E-004 -0.252083922456538E-003  0.125081208525112E+000  0.100048380142581E+001  0.100567376603836E+001 -0.181525892667280E+001 -0.238353174906419E-003  0.789838901111814E-002  0.979408758274603E+000
     10.01000000  0.236747054525693E-004  0.362147243714174E-003  0.432760473510078E-001 -0.972258633411319E-005 -0.203562600856609E-003  0.126395859541459E+000  0.100021861200444E+001  0.100457709776735E+001 -0.184200636106683E+001  0.532324901596289E-003  0.814286776491210E-002  0.973060370011974E+000
     10.02000000  0.422486257089496E-004  0.374440759272645E-003  0.425561657474251E-001  0.199408246155230E-004 -0.156411260657258E-003  0.127710490624760E+000  0.999552078748664E+000  0.100351339169505E+001 -0.186869995962174E+001  0.949010768594136E-003  0.841088453854799E-002  0.955918894086731E+000
     10.03000000  0.389894460168885E-004  0.386130082111854E-003  0.413776168102638E-001  0.550621834436944E-004 -0.102001012696384E-003  0.128815165916251E+000  0.998764397519581E+000  0.100228891584769E+001 -0.189062889568232E+001  0.874928184747581E-003  0.866480871957563E-002  0.928519044597448E+000
     10.04000000  0.155529974825005E-004  0.388531240369468E-003  0.398603256499331E-001  0.830609230963768E-004 -0.354199024604949E-004  0.129537887875268E+000  0.998137958671552E+000  0.100079403550758E+001 -0.190395160361716E+001  0.348663643673508E-003  0.871000706459489E-002  0.893579928547886E+000
     10.05000000 -0.206585113204345E-004  0.370078895219324E-003  0.381845008579780E-001  0.951106514310964E-004  0.402404222987441E-004  0.129786501537255E+000  0.997869952099308E+000  0.999098796761975E+000 -0.190662991976053E+001 -0.462657105249501E-003  0.828809141763971E-002  0.855159907619986E+000
     10.06000000 -0.598330205247540E-004  0.322592117927960E-003  0.365396200807735E-001  0.877917762432742E-004  0.113322095105482E-003  0.129561660527026E+000  0.998035816173082E+000  0.997464620993408E+000 -0.189871021051651E+001 -0.133865672001765E-002  0.721742112802629E-002  0.817508585376911E+000
     10.07000000 -0.927440603987443E-004  0.246658570296738E-003  0.350789405783918E-001  0.626511468701450E-004  0.167460776460803E-003  0.128940326202494E+000  0.998599684711576E+000  0.996257085509136E+000 -0.188194421165217E+001 -0.207292176081149E-002  0.551306375481573E-002  0.784049123561404E+000
     10.08000000 -0.112518658609268E-003  0.153297249467682E-003  0.338942139779946E-001  0.246675811800516E-004  0.188312114858920E-003  0.128040434977810E+000  0.999449202057206E+000  0.995795212967560E+000 -0.185899163219555E+001 -0.251240870499633E-002  0.342294645861404E-002  0.756817751827583E+000
     10.09000000 -0.115236856506166E-003  0.607784975784854E-004  0.330153057115823E-001 -0.193343043632161E-004  0.169984554955742E-003  0.126982915715864E+000  0.100043128431137E+001  0.996208207425013E+000 -0.183256838885690E+001 -0.257055270097114E-002  0.135576703363983E-002  0.736462151462409E+000
     10.10000000 -0.999697000217838E-004 -0.120962621547836E-004  0.324288615044934E-001 -0.618453476367146E-004  0.117991667495740E-003  0.125865422553828E+000  0.100137819902006E+001  0.997370602531444E+000 -0.180486097421797E+001 -0.222778507795071E-002 -0.269560400016553E-003  0.722664304673299E+000
     10.11000000 -0.687710764552313E-004 -0.531046364898001E-004  0.321036055582146E-001 -0.955806609245805E-004  0.471887890605911E-004  0.124754610694768E+000  0.100212787028182E+001  0.998949456711162E+000 -0.177735711439162E+001 -0.153102027567240E-002 -0.118224520232752E-002  0.714708472882672E+000
     10.12000000 -0.266283990687736E-004 -0.606994852684067E-004  0.320096323456176E-001 -0.114554119744932E-003 -0.243391753967859E-004  0.123694510161029E+000  0.100254774803599E+001  0.100054131694655E+001 -0.175103545840918E+001 -0.592230568224088E-003 -0.134999068320159E-002  0.711912222125276E+000
     10.13000000  0.190690268704025E-004 -0.432008429466406E-004  0.321244275041912E-001 -0.115442562775531E-003 -0.824402031737969E-004  0.122721851721192E+000  0.100256497295030E+001  0.100183170648740E+001 -0.172670861169068E+001  0.423687216700536E-003 -0.959862557831342E-003  0.713760034523546E+000
     10.14000000  0.599700984273216E-004 -0.136829851175807E-004  0.324261685209846E-001 -0.988044787164765E-004 -0.121633601043164E-003  0.121877719369756E+000  0.100219313290886E+001  0.100269986398123E+001 -0.170528260134138E+001  0.133113800221325E-002 -0.303717051520328E-003  0.719753782574896E+000
     10.15000000  0.890190032263978E-004  0.167001990462452E-004  0.328812376563417E-001 -0.693678401719611E-004 -0.145276118457243E-003  0.121208620629468E+000  0.100153821983019E+001  0.100322147274170E+001 -0.168778014971504E+001  0.197398096419853E-002  0.370324018701648E-003  0.729135744733423E+000
     10.16000000  0.102756231124436E-003  0.435355416791420E-004  0.334350740500493E-001 -0.348019971146589E-004 -0.161407131218666E-003  0.120756598751180E+000  0.100077096867769E+001  0.100357565234302E+001 -0.167512105567962E+001  0.227635889322838E-002  0.964442899358756E-003  0.740687229637789E+000
     10.17000000  0.102537389212383E-003  0.698125734628702E-004  0.340129879389364E-001 -0.310829286780168E-005 -0.176709297508752E-003  0.120543980669311E+000  0.100006879030808E+001  0.100391079204373E+001 -0.166778515430476E+001  0.226927734743048E-002  0.154503730533823E-002  0.752748862060291E+000
     10.18000000  0.938391886418096E-004  0.102373191579541E-003  0.345320553394820E-001  0.203959118676694E-004 -0.191857518986996E-003  0.120561039809924E+000  0.999549057026547E+000  0.100424186967725E+001 -0.166554170890566E+001  0.207473551695445E-002  0.226341787080866E-002  0.763485732594441E+000
     10.19000000  0.836928232695512E-004  0.146261920352553E-003  0.349195781233614E-001  0.350921472575831E-004 -0.200644522134082E-003  0.120763347048323E+000  0.999224892329651E+000  0.100443179230322E+001 -0.166739438618698E+001  0.184858876811364E-002  0.323060129415935E-002  0.771296001070593E+000
     10.20000000  0.772859781109493E-004  0.200060646478909E-003  0.351304364610166E-001  0.449701263862336E-004 -0.193217063643499E-003  0.121080986589344E+000  0.999007683502023E+000  0.100426355217011E+001 -0.167178836794803E+001  0.170540217038909E-002  0.441456353473049E-002  0.775192655274760E+000
     10.21000000  0.753381964156501E-004  0.254648703554221E-003  0.351561753527967E-001  0.562830618280915E-004 -0.161656866685962E-003  0.121436494250990E+000  0.998759267242037E+000  0.100356364709972E+001 -0.167700852682137E+001  0.166079394373157E-002  0.561360697180286E-002  0.775000808203063E+000
     10.22000000  0.736191636370891E-004  0.296017373400281E-003  0.350222834923165E-001  0.739411765293060E-004 -0.105055694435202E-003  0.121764754729842E+000  0.998371597590361E+000  0.100231363570333E+001 -0.168161840693155E+001  0.162131073766078E-002  0.651917411604803E-002  0.771293797405841E+000
     10.23000000  0.650074845327228E-004  0.310785914279110E-003  0.347749789402531E-001  0.983567169399211E-004 -0.316124891693359E-004  0.122027567635181E+000  0.997836012908882E+000  0.100069551953958E+001 -0.168477933524719E+001  0.143025674027725E-002  0.683773033022334E-002  0.765098794082090E+000
     10.24000000  0.432443017423883E-004  0.291890886140709E-003  0.344627452330064E-001  0.124347806879411E-003  0.432101601142513E-004  0.122218053220810E+000  0.997266843821771E+000  0.999050243675041E+000 -0.168634434039958E+001  0.950506755579841E-003  0.641574145009208E-002  0.757488752042696E+000
     10.25000000  0.664891832901723E-005  0.242009056435283E-003  0.341193742825694E-001  0.142789381241493E-003  0.101639273376524E-003  0.122354164952253E+000  0.996864561247153E+000  0.997768155350312E+000 -0.168671232432028E+001  0.146000185812561E-003  0.531415268761412E-002  0.749209832120128E+000
     10.26000000 -0.400076066043768E-004  0.173407610467120E-003  0.337540950284332E-001  0.144401545816160E-003  0.129603363857261E-003  0.122464474754979E+000  0.996832251039302E+000  0.997156880012320E+000 -0.168651357182426E+001 -0.877650260076707E-003  0.380405746164026E-002  0.740466446126207E+000
     10.27000000 -0.864756689483264E-004  0.104422255459429E-003  0.333513596395198E-001  0.124021116802363E-003  0.121543487980645E-003  0.122571643271016E+000  0.997281987374639E+000  0.997336286405256E+000 -0.168624636280919E+001 -0.189517693476876E-002  0.228848938007632E-002  0.730919208844336E+000
     10.28000000 -0.120558368909985E-003  0.539416930226743E-004  0.328794487305050E-001  0.834199493897794E-004  0.824524320265299E-004  0.122679050779281E+000  0.998173569786221E+000  0.998194753003875E+000 -0.168598490624880E+001 -0.263955383708335E-002  0.118102131012640E-002  0.719875989053811E+000
     10.29000000 -0.132737882844162E-003  0.357436293308409E-004  0.323045217524780E-001  0.313497829622913E-004  0.266737003621911E-004  0.122764372890653E+000  0.999314282174517E+000  0.999416562729256E+000 -0.168524088114423E+001 -0.290339274414046E-002  0.781824990912715E-003  0.706600949550988E+000
     10.30000000 -0.119926287133758E-003  0.543178763579723E-004  0.316057054213413E-001 -0.192866968687246E-004 -0.260039634510972E-004  0.122781422905957E+000  0.100042145082224E+001  0.100056823580796E+001 -0.168300642626019E+001 -0.262061630694611E-002  0.118694838258121E-002  0.690644470026181E+000
     10.31000000 -0.867500092157074E-004  0.103220992220103E-003  0.307871684462802E-001 -0.559847717860746E-004 -0.557977611580994E-004  0.122669321811392E+000  0.100122218661296E+001  0.100121810404053E+001 -0.167795684711426E+001 -0.189381320232305E-002  0.225338624849300E-002  0.672105358752536E+000
     10.32000000 -0.438495687450408E-004  0.166333707773661E-003  0.298843095696384E-001 -0.710305582041175E-004 -0.485325414578415E-004  0.122366539241617E+000  0.100154914405913E+001  0.100105847258102E+001 -0.166875837801895E+001 -0.956339083266690E-003  0.362766225897267E-002  0.651763153796539E+000
     10.33000000 -0.394098565555551E-005  0.221775629567358E-003  0.289626073684755E-001 -0.639723958883831E-004 -0.189769127266418E-007  0.121826607590874E+000  0.100139385812235E+001  0.100000041347715E+001 -0.165441061181188E+001 -0.858678933278327E-004  0.483214296290519E-002  0.631049767082088E+000
     10.34000000  0.227184214508529E-004  0.247665205615578E-003  0.281090556837592E-001 -0.412627307326589E-004  0.819677561168981E-004  0.121032105516653E+000  0.100089818066653E+001  0.998215778439381E+000 -0.163454927181275E+001  0.494520031974860E-003  0.539101740255276E-002  0.611859901691974E+000
     10.35000000  0.316545135522908E-004  0.228389265299797E-003  0.274174534925738E-001 -0.133575125000559E-004  0.178869989525272E-003  0.120003660558414E+000  0.100029047684240E+001  0.996110234614562E+000 -0.160963891262507E+001  0.688369420914997E-003  0.496662777767582E-002  0.596228924904173E+000
     10.36000000  0.250795435735746E-004  0.159683499039636E-003  0.269702072771174E-001  0.943505824404861E-005  0.265745703343059E-003  0.118801316197292E+000  0.999795020180876E+000  0.994226585062308E+000 -0.158099861981767E+001  0.544861533701834E-003  0.346917781571137E-002  0.585936839646085E+000
     10.37000000  0.102103121493556E-004  0.508552878599869E-004  0.268205779094172E-001  0.206566273558762E-004  0.317993488011808E-003  0.117516894810876E+000  0.999551660571322E+000  0.993098146358433E+000 -0.155063213233478E+001  0.221608563528044E-003  0.110378283500061E-002  0.582124195279677E+000
     10.38000000 -0.412940454511735E-005 -0.769059377254023E-004  0.269799704655960E-001  0.195615120418631E-004  0.318600395108622E-003  0.116258064567675E+000  0.999575838405186E+000  0.993091635687034E+000 -0.152087905942483E+001 -0.895398481334640E-004 -0.166758812542027E-002  0.585019566802013E+000
     10.39000000 -0.111538365001581E-004 -0.196029486594311E-003  0.274143118025342E-001  0.105886424235304E-004  0.263634884298788E-003  0.115127332605051E+000  0.999770622396781E+000  0.994288981016960E+000 -0.149395820178722E+001 -0.241621180579169E-003 -0.424650979764448E-002  0.593865472422862E+000
     10.40000000 -0.857401013202225E-005 -0.280426237484314E-003  0.280514788019216E-001  0.871467014242443E-006  0.164009121964773E-003  0.114201290793041E+000  0.999981139904411E+000  0.996450551005165E+000 -0.147151897381222E+001 -0.185556823182970E-003 -0.606892235529345E-002  0.607083874630472E+000
     10.41000000  0.972625617343486E-006 -0.313269635454319E-003  0.287984930131789E-001 -0.306536371485281E-005  0.426462848830695E-004  0.113516111674916E+000  0.100006627619366E+001  0.999077945164527E+000 -0.145433054628300E+001  0.210291272976273E-004 -0.677319918885468E-002  0.622651886558421E+000
     10.42000000  0.115074608254415E-004 -0.292087160888170E-003  0.295638551327489E-001  0.193322394896019E-005 -0.722425848189138E-004  0.113063884146605E+000  0.999958241900659E+000  0.100156045709817E+001 -0.144220691999321E+001  0.248563904128776E-003 -0.630915248442467E-002  0.638586336670123E+000
     10.43000000  0.165299226723249E-004 -0.229374233646094E-003  0.302783364745570E-001  0.144621228782027E-004 -0.155650356123881E-003  0.112801086973812E+000  0.999687914195893E+000  0.100335886141748E+001 -0.143419435921243E+001  0.356707950310198E-003 -0.494978799113541E-002  0.653392248514533E+000
     10.44000000  0.118898863304975E-004 -0.148469188558125E-003  0.309078023205696E-001  0.292837256235555E-004 -0.193233650937566E-003  0.112666436696388E+000  0.999368676281458E+000  0.100416589707968E+001 -0.142895984904338E+001  0.256332385697915E-003 -0.320082633659167E-002  0.666336959436655E+000
     10.45000000 -0.239652286504990E-005 -0.760710606607420E-004  0.314543108872778E-001  0.395790933032579E-004 -0.185285840287728E-003  0.112602120479843E+000  0.999147536434879E+000  0.100399072881149E+001 -0.142525022816746E+001 -0.516168576622076E-004 -0.163843590545376E-002  0.677470142934621E+000
     10.46000000 -0.220337451486043E-004 -0.339067796888983E-004  0.319458315298244E-001  0.397920101529636E-004 -0.145994948822565E-003  0.112571388798192E+000  0.999143769941974E+000  0.100314146641553E+001 -0.142227036011121E+001 -0.474114145392562E-003 -0.729593801089878E-003  0.687398829044587E+000
     10.47000000 -0.400262378862652E-004 -0.322609280740789E-004  0.324188081289449E-001  0.279692286675166E-004 -0.983749313402468E-004  0.112567068501092E+000  0.999398743086049E+000  0.100211477435903E+001 -0.141986395206259E+001 -0.860447478000328E-003 -0.693515945169968E-003  0.696909906286724E+000
     10.48000000 -0.493291819718895E-004 -0.673518566771373E-004  0.328999144512260E-001  0.672519435745913E-005 -0.666602439101310E-004  0.112609044930118E+000  0.999855565869007E+000  0.100143163362859E+001 -0.141845643143768E+001 -0.105942180285349E-002 -0.144648710102439E-002  0.706577431215175E+000
     10.49000000 -0.455780973853280E-004 -0.123199945674278E-003  0.333929967508322E-001 -0.175262556953819E-004 -0.686740528675845E-004  0.112732642575019E+000  0.100037604509716E+001  0.100147347735486E+001 -0.141880286734098E+001 -0.977928221368666E-003 -0.264339037076057E-002  0.716483482024927E+000
     10.50000000 -0.288821730982148E-004 -0.177184962143845E-003  0.338747854393017E-001 -0.368059877494079E-004 -0.110547162841242E-003  0.112972559719508E+000  0.100078896085106E+001  0.100236965203248E+001 -0.142164202927997E+001 -0.619108608720837E-003 -0.379807762477230E-002  0.726128578093011E+000
     10.51000000 -0.399313685631969E-005 -0.207394111445093E-003  0.342997156730906E-001 -0.444694784789279E-004 -0.185305488487558E-003  0.113347728099028E+000  0.100095232589979E+001  0.100396836711595E+001 -0.142737223018766E+001 -0.855141049488085E-004 -0.444140094617900E-002  0.734537680856318E+000
     10.52000000  0.212626712720357E-004 -0.199411535607355E-003  0.346114886893096E-001 -0.377080378591991E-004 -0.275584673480987E-003  0.113851319665766E+000  0.100080676020959E+001  0.100589611026086E+001 -0.143583914016376E+001  0.454913013401230E-003 -0.426639256232190E-002  0.740509807846406E+000
     10.53000000  0.387601085916445E-004 -0.150468499717398E-003  0.347576477053713E-001 -0.186937538136413E-004 -0.359462177041707E-003  0.114448004345837E+000  0.100039957142575E+001  0.100768335862429E+001 -0.144627979627883E+001  0.828481641871132E-003 -0.321620331380158E-002  0.742930659506253E+000
     10.54000000  0.430466895524677E-004 -0.697465572660026E-004  0.347034290953952E-001  0.612094407911888E-005 -0.417471171754394E-003  0.115078503133418E+000  0.999869291426059E+000  0.100891481131281E+001 -0.145742271803845E+001  0.919232610454975E-003 -0.148939002214630E-002  0.741067990378613E+000
     10.55000000  0.333678368178897E-004  0.251510979990133E-004  0.344418983224593E-001  0.283490717215641E-004 -0.438526403147612E-003  0.115670064986459E+000  0.999395198780010E+000  0.100935555513867E+001 -0.146771383229720E+001  0.711871930555078E-003  0.536575409003991E-003  0.734786039161091E+000
     10.56000000  0.139162736189684E-004  0.114316949341522E-003  0.339982761509756E-001  0.407972319922421E-004 -0.422855698941295E-003  0.116150684247263E+000  0.999130453011348E+000  0.100901269232478E+001 -0.147562083957714E+001  0.296609677365613E-003  0.243653684815399E-002  0.724634912781731E+000
     10.57000000 -0.784932496562232E-005  0.182142303074635E-003  0.334272082965098E-001  0.401498999398817E-004 -0.381016669477256E-003  0.116464290768554E+000  0.999145059766475E+000  0.100811325758888E+001 -0.147995656517489E+001 -0.167141231464419E-003  0.387848496157228E-002  0.711789202710545E+000
     10.58000000 -0.241803260235703E-004  0.222119122562718E-003  0.328027932667759E-001  0.281058348582281E-004 -0.329411066252617E-003  0.116583580018591E+000  0.999402088236500E+000  0.100700775310654E+001 -0.148015027042158E+001 -0.514402132072771E-003  0.472526921717347E-002  0.697832890173762E+000
     10.59000000 -0.300975993169613E-004  0.238166235716259E-003  0.322027910086277E-001  0.104663133183539E-004 -0.283955286786472E-003  0.116516891723645E+000  0.999777554283622E+000  0.100603504168728E+001 -0.147639093739944E+001 -0.639679115048666E-003  0.506186441293983E-002  0.684421791836648E+000
     10.60000000 -0.252400019772641E-004  0.242059302441219E-003  0.316904767567090E-001 -0.546348237928806E-005 -0.254258724868925E-003  0.116306240257794E+000  0.100011600853890E+001  0.100539878801210E+001 -0.146958186374837E+001 -0.535932130433108E-003  0.513975227756842E-002  0.672897915696001E+000
     10.61000000 -0.136949985839381E-004  0.248008045206946E-003  0.312993004055494E-001 -0.140476453893602E-004 -0.240490677680256E-003  0.116015716673537E+000  0.100029799873961E+001  0.100510163211343E+001 -0.146109126371899E+001 -0.290517891351025E-003  0.526110126189535E-002  0.663965512581146E+000
     10.62000000 -0.188117293624500E-005  0.266530746104367E-003  0.310257268557818E-001 -0.136680946447576E-004 -0.234088599757867E-003  0.115712734717148E+000  0.100028967414659E+001  0.100496114616739E+001 -0.145235261757303E+001 -0.398685536694371E-004  0.564870733087834E-002  0.657542340978020E+000
     10.63000000  0.456424605950700E-005  0.300052609239762E-003  0.308336003352303E-001 -0.718970663768258E-005 -0.221946185415290E-003  0.115447777248420E+000  0.100015223137889E+001  0.100469938142779E+001 -0.144443552505883E+001  0.966411435445923E-004  0.635316915486396E-002  0.652855774457401E+000
     10.64000000  0.346346000917501E-005  0.341950313162137E-003  0.306693851513616E-001 -0.326168919012628E-006 -0.192327619977180E-003  0.115239766182754E+000  0.100000689965256E+001  0.100406842491120E+001 -0.143773793672689E+001  0.732647083239734E-004  0.723348613489056E-002  0.648768443012956E+000
     10.65000000 -0.291287440619025E-005  0.379347781210364E-003  0.304831868416887E-001  0.133790889308673E-005 -0.140074038787772E-003  0.115072753127491E+000  0.999971724961286E+000  0.100296029041293E+001 -0.143191936793160E+001 -0.615599739489849E-004  0.801704305523360E-002  0.644224201314168E+000
     10.66000000 -0.903160050119004E-005  0.398428199115537E-003  0.302476654073863E-001 -0.473172048606416E-005 -0.689995466873403E-004  0.114905444025642E+000  0.100009990521361E+001  0.100145685157675E+001 -0.142610546506891E+001 -0.190692577884878E-003  0.841238497887057E-002  0.638647080412128E+000
     10.67000000 -0.892639274261161E-005  0.390020504814657E-003  0.299674419701718E-001 -0.165561564306790E-004  0.942131024203099E-005  0.114689770271012E+000  0.100034923790736E+001  0.999801265548119E+000 -0.141928224903652E+001 -0.188294592090459E-003  0.822714773801279E-002  0.632137462967724E+000
     10.68000000  0.651763873401316E-006  0.353169655063343E-003  0.296755068492145E-001 -0.283811338789831E-004  0.804166870137914E-004  0.114390775700074E+000  0.100059811509781E+001  0.998305267336250E+000 -0.141071587514374E+001  0.137355263729775E-004  0.744283521874645E-002  0.625393219221711E+000
     10.69000000  0.182702352824410E-004  0.295311022652899E-003  0.294188261605665E-001 -0.333337061791050E-004  0.131435409381706E-003  0.113999555655484E+000  0.100070183039581E+001  0.997232669991919E+000 -0.140022375064235E+001  0.384673891074323E-003  0.621767801043068E-002  0.619403863994040E+000
     10.70000000  0.380259122869434E-004  0.229126040203211E-003  0.292401096216578E-001 -0.268035151267085E-004  0.156520506585064E-003  0.113534323503037E+000  0.100056381191663E+001  0.996707591284492E+000 -0.138819439296632E+001  0.799875030819892E-003  0.481966604998748E-002  0.615065679642649E+000
     10.71000000  0.519327826575154E-004  0.167523974801051E-003  0.291641368237281E-001 -0.897998145249129E-005  0.157809859857038E-003  0.113030376092996E+000  0.100018871753027E+001  0.996683569207604E+000 -0.137537388405593E+001  0.109138604961838E-002  0.352057640123448E-002  0.612894793034402E+000
     10.72000000  0.534798979622236E-004  0.118904014760612E-003  0.291943480579248E-001  0.146813615162732E-004  0.143700179708214E-003  0.112524968897179E+000  0.999691753734928E+000  0.996982906276359E+000 -0.136254664470136E+001  0.112285081904867E-002  0.249647952687637E-002  0.612957370479428E+000
     10.73000000  0.407879384412456E-004  0.846382857152036E-004  0.293199169686170E-001  0.353837561710401E-004  0.124611206062917E-003  0.112045220703681E+000  0.999257783700984E+000  0.997386131994216E+000 -0.135028154250041E+001  0.855575438854513E-003  0.177538853916314E-002  0.615020071772872E+000
     10.74000000  0.179241114805282E-004  0.597123693491519E-004  0.295280606614189E-001  0.445612180918897E-004  0.108240065799974E-003  0.111605048812348E+000  0.999066145860950E+000  0.997731650125679E+000 -0.133886866730929E+001  0.375629446671839E-003  0.125137161094166E-002  0.618809423250387E+000
     10.75000000 -0.629386962086791E-005  0.361129975299344E-004  0.298137643222711E-001  0.376034096263440E-004  0.963333139178140E-004  0.111211897961445E+000  0.999212691324768E+000  0.997983053810412E+000 -0.132846151251038E+001 -0.131775767211794E-003  0.756103675876350E-003  0.624215610379472E+000
     10.76000000 -0.216013032301932E-004  0.742345494316378E-005  0.301807649937019E-001  0.161311228575258E-004  0.843072035599145E-004  0.110878439192231E+000  0.999662573953843E+000  0.998236486907264E+000 -0.131932232313550E+001 -0.451849657657488E-003  0.155281629953506E-003  0.631312295601867E+000
     10.77000000 -0.203825602385839E-004 -0.273791102172987E-004  0.306326763036911E-001 -0.122005935629800E-004  0.638284653819674E-004  0.110631453563808E+000  0.100025497143721E+001  0.998666094770797E+000 -0.131200724535618E+001 -0.425960478981999E-003 -0.572176349082228E-003  0.640170288623534E+000
     10.78000000 -0.881345189983675E-006 -0.625691784453965E-004  0.311588760816804E-001 -0.363756854811154E-004  0.272323106145317E-004  0.110511379196800E+000  0.100075948412546E+001  0.999431419440275E+000 -0.130735550607812E+001 -0.184015138680233E-004 -0.130637532031589E-002  0.650562908659752E+000
     10.79000000  0.318167032044998E-004 -0.873814510905830E-004  0.317231753294843E-001 -0.461405860238301E-004 -0.281056522170395E-004  0.110560861144499E+000  0.100096247162983E+001  0.100058627111677E+001 -0.130624925668991E+001  0.663681951787622E-003 -0.182273730993068E-002  0.661731002871330E+000
     10.80000000  0.674744416916001E-004 -0.901336655913932E-004  0.322625208097892E-001 -0.359387727681452E-004 -0.973156723928306E-004  0.110806586215378E+000  0.100074897231168E+001  0.100202808105289E+001 -0.130923480785088E+001  0.140618292392554E-002 -0.187840637503504E-002  0.672358373158139E+000
     10.81000000  0.944246074043188E-004 -0.631101553749425E-004  0.326984037019541E-001 -0.707552395204994E-005 -0.168597412433845E-003  0.111242638548553E+000  0.100014731914411E+001  0.100351035862030E+001 -0.131617763010770E+001  0.196601021204769E-002 -0.131401351153913E-002  0.680811891760743E+000
     10.82000000  0.103848733833661E-003 -0.621735499751470E-005  0.329575555828200E-001  0.327589603440488E-004 -0.226675620477160E-003  0.111823551890055E+000  0.999318557642764E+000  0.100471524027392E+001 -0.132612097557914E+001  0.216023113176837E-002 -0.129331608841759E-003  0.685573477583579E+000
     10.83000000  0.929098243568545E-004  0.721031169784950E-004  0.329939391718217E-001  0.724074798641035E-004 -0.257841197280637E-003  0.112471196126961E+000  0.998495191446799E+000  0.100535858504900E+001 -0.133743279338363E+001  0.193089855676539E-002  0.149848313109840E-002  0.685696587738466E+000
     10.84000000  0.655073876624204E-004  0.157121102099646E-003  0.328031820868475E-001  0.101409121608240E-003 -0.254616930044826E-003  0.113093628403597E+000  0.997894409006703E+000  0.100528669518226E+001 -0.134820025644038E+001  0.136015146634682E-002  0.326235719421706E-002  0.681103274125265E+000
     10.85000000  0.304097383069999E-004  0.232370918189304E-003  0.324237601064111E-001  0.113711378832155E-003 -0.218236037855925E-003  0.113608957654079E+000  0.997641149249520E+000  0.100452713041531E+001 -0.135672610582963E+001  0.630825470274708E-003  0.482034709621922E-002  0.672604726509369E+000
     10.86000000 -0.239142163176295E-005  0.284743830448962E-003  0.319247746630515E-001  0.109446248344195E-003 -0.158014862878307E-003  0.113965418680961E+000  0.997731716521946E+000  0.100327487244356E+001 -0.136194369541644E+001 -0.495624314077002E-004  0.590134185371099E-002  0.661643866321195E+000
     10.87000000 -0.255309307691845E-004  0.308181407719596E-003  0.313854377541240E-001  0.941284410662442E-004 -0.879596191411195E-004  0.114150858313345E+000  0.998050974157809E+000  0.100182129406196E+001 -0.136361051177371E+001 -0.528644087596462E-003  0.638121189434893E-002  0.649867654859276E+000
     10.88000000 -0.367063391955152E-004  0.304665290026621E-003  0.308740694927986E-001  0.757491714317906E-004 -0.220306983659358E-004  0.114189492290952E+000  0.998432977375200E+000  0.100045574891615E+001 -0.136223729648915E+001 -0.759343804106731E-003  0.630260890566720E-002  0.638691678078911E+000
     10.89000000 -0.387471311303465E-004  0.282346643646784E-003  0.304336274123102E-001  0.611364833582578E-004  0.300637623555036E-004  0.114128798245637E+000  0.998736431328156E+000  0.999378642241367E+000 -0.135881369187169E+001 -0.800825600864534E-003  0.583553966330766E-002  0.629002128621147E+000
     10.90000000 -0.374457575169185E-004  0.251804131288494E-003  0.300772931215058E-001  0.532277817922773E-004  0.650288210074364E-004  0.114022577851064E+000  0.998900897627364E+000  0.998657217545944E+000 -0.135445629388117E+001 -0.773218788124726E-003  0.519951252559707E-002  0.621067102914804E+000
     10.91000000 -0.382860882214689E-004  0.222065379032706E-003  0.297933159922098E-001  0.504236858004780E-004  0.855416543888628E-004  0.113916472211400E+000  0.998959753860187E+000  0.998235266336473E+000 -0.135010925119425E+001 -0.789846177419717E-003  0.458123299908945E-002  0.614639359680235E+000
     10.92000000 -0.436696313402830E-004  0.197928887313181E-003  0.295551172669387E-001  0.481840631688551E-004  0.977523935431932E-004  0.113839921672264E+000  0.999006867814755E+000  0.997985204197657E+000 -0.134637933671649E+001 -0.900084250882183E-003  0.407955526065758E-002  0.609166937491605E+000
     10.93000000 -0.519444331611961E-004  0.179393806949331E-003  0.293317338062122E-001  0.419619346115775E-004  0.108016913438588E-003  0.113805152437838E+000  0.999135904753095E+000  0.997775676875921E+000 -0.134351662298481E+001 -0.106965844671470E-002  0.369414178216512E-002  0.604009610139317E+000
     10.94000000 -0.586294414274243E-004  0.163036796618335E-003  0.290949754686291E-001  0.299564697034431E-004  0.120256413658339E-003  0.113810908513917E+000  0.999383689474175E+000  0.997525900272319E+000 -0.134149289169235E+001 -0.120621495899419E-002  0.335424350223371E-002  0.598586542654895E+000
     10.95000000 -0.591410472746163E-004  0.144426831254368E-003  0.288221760889274E-001  0.142957085976255E-004  0.134844150776910E-003  0.113847439601479E+000  0.999706155312563E+000  0.997228312464036E+000 -0.134010542931788E+001 -0.121562932207636E-002  0.296865711816266E-002  0.592432565778833E+000
     10.96000000 -0.515969670766130E-004  0.120433504881009E-003  0.284957996242113E-001  0.642340787081919E-007  0.149140443984822E-003  0.113899882145158E+000  0.999998680889368E+000  0.996937252789498E+000 -0.133904725637084E+001 -0.105959498820024E-002  0.247322169138015E-002  0.585189560109988E+000
     10.97000000 -0.382488764875892E-004  0.905676046629100E-004  0.281023990319886E-001 -0.732833023852368E-005  0.159128346521647E-003  0.113948987531055E+000  0.100015035735587E+001  0.996735120191368E+000 -0.133792254325713E+001 -0.784762660310797E-003  0.185820031593094E-002  0.576584607200549E+000
     10.98000000 -0.247822959588778E-004  0.570563385267465E-004  0.276331741841258E-001 -0.511668949000711E-005  0.161310045399564E-003  0.113970130675967E+000  0.100010488490706E+001  0.996693371924970E+000 -0.133622669235857E+001 -0.508002061361759E-003  0.116957434587324E-002  0.566441038021569E+000
     10.99000000 -0.177745879133501E-004  0.238852978404528E-004  0.270869749191609E-001  0.500572671022291E-005  0.154135139659163E-003  0.113932757749127E+000  0.999897483040186E+000  0.996843322292022E+000 -0.133333552225970E+001 -0.364022412790807E-003  0.489169357539829E-003  0.554739497384983E+000
     11.00000000 -0.215026320708167E-004 -0.467554773157334E-005  0.264748013636116E-001  0.171667131528504E-004  0.138575434526605E-003  0.113802431278728E+000  0.999648746435034E+000  0.997164564062974E+000 -0.132854765688402E+001 -0.439972177771023E-003 -0.956678657272193E-004  0.541709311382969E+000
     11.01000000 -0.356117246972807E-004 -0.255265212948391E-004  0.258234905959599E-001  0.236330538028829E-004  0.117812765157380E-003  0.113546470602317E+000  0.999516875790994E+000  0.997591585097205E+000 -0.132120018228154E+001 -0.728000979864904E-003 -0.521831859398941E-003  0.527902723532692E+000
     11.02000000 -0.547617155713028E-004 -0.377701167370112E-004  0.251759501177866E-001  0.181562192497431E-004  0.962327749443464E-004  0.113142373634864E+000  0.999629174065778E+000  0.998034524248652E+000 -0.131084047984577E+001 -0.111846326908748E-002 -0.771423754693888E-003  0.514198198090765E+000
     11.03000000 -0.704658451231994E-004 -0.430668966367852E-004  0.245862087923210E-001 -0.113171380230478E-005  0.780233080287446E-004  0.112586492233129E+000  0.100002309337328E+001  0.998407882475660E+000 -0.129740229960880E+001 -0.143790246430894E-002 -0.878808686618364E-003  0.501697952372296E+000
     11.04000000 -0.743666009385606E-004 -0.451886253629791E-004  0.241094457363373E-001 -0.305399350261990E-004  0.657404095318490E-004  0.111899567586153E+000  0.100062262321673E+001  0.998659738299483E+000 -0.128131686139741E+001 -0.151612543556374E-002 -0.921268734167045E-003  0.491523660579886E+000
     11.05000000 -0.615889352415775E-004 -0.487963084622183E-004  0.237893549988211E-001 -0.618701510163267E-004  0.592696707540226E-004  0.111126209519389E+000  0.100126021653490E+001  0.998792751951057E+000 -0.126349999792381E+001 -0.125448852610343E-002 -0.993918937581049E-003  0.484559000287371E+000
     11.06000000 -0.328133316796569E-004 -0.577106177854090E-004  0.236468090958264E-001 -0.852706410319140E-004  0.556176852302474E-004  0.110327243562835E+000  0.100173528445532E+001  0.998868162553334E+000 -0.124519422437107E+001 -0.667761655148929E-003 -0.117442928466613E-002  0.481220027730659E+000
     11.07000000  0.572761760291709E-005 -0.732265325176478E-004  0.236739903118383E-001 -0.927572611293648E-004  0.498029710910954E-004  0.109566490863960E+000  0.100188593435222E+001  0.998987409364186E+000 -0.122769847294746E+001  0.116453533256694E-003 -0.148883690061173E-002  0.481337967935255E+000
     11.08000000  0.442837069670085E-004 -0.931908197836464E-004  0.238366263525010E-001 -0.810557668690249E-004  0.367267965869143E-004  0.108895962866473E+000  0.100164653298029E+001  0.999253947199853E+000 -0.121206708918761E+001  0.899560720070616E-003 -0.189303937475248E-002  0.484207267961662E+000
     11.09000000  0.728449873960012E-004 -0.112421088093482E-003  0.240840912493591E-001 -0.527442728036152E-004  0.134052941515139E-004  0.108344526962560E+000  0.100107045900113E+001  0.999727936000925E+000 -0.119888090109470E+001  0.147840833326913E-002 -0.228161579010323E-002  0.488793017544284E+000
     11.10000000  0.844145865110951E-004 -0.124539008421815E-003  0.243640107438730E-001 -0.153539973856082E-004 -0.194001053203427E-004  0.107914142152050E+000  0.100031133271505E+001  0.100039337556924E+001 -0.118817302263433E+001  0.171167297665352E-002 -0.252527512205284E-002  0.494028585778858E+000
     11.11000000  0.771562260842557E-004 -0.124591526110286E-003  0.246360392937339E-001  0.211666861054826E-004 -0.570355697075829E-004  0.107584944502505E+000  0.999571189821014E+000  0.100115546820759E+001 -0.117953434365713E+001  0.156308715271674E-002 -0.252406608881690E-002  0.499094868530878E+000
     11.12000000  0.547383104219349E-004 -0.111304529811020E-003  0.248796949761281E-001  0.476755177743579E-004 -0.925846235937926E-004  0.107326878089905E+000  0.999035023123439E+000  0.100187396015951E+001 -0.117235093450781E+001  0.110793141396380E-002 -0.225286064081150E-002  0.503577757906895E+000
     11.13000000  0.248555556914139E-004 -0.878095928415078E-004  0.250936468436760E-001  0.586194843886625E-004 -0.119693480796687E-003  0.107112829361009E+000  0.998814577666130E+000  0.100242048061041E+001 -0.116607057350861E+001  0.502637154601898E-003 -0.177571422826218E-002  0.507451911543754E+000
     11.14000000 -0.346928572022806E-005 -0.603196324152300E-004  0.252876194055992E-001  0.534645444391245E-004 -0.135299331943029E-003  0.106927695889987E+000  0.998919793079550E+000  0.100273361114792E+001 -0.116038569672402E+001 -0.700940498665646E-004 -0.121870830580309E-002  0.510915444435132E+000
     11.15000000 -0.228158788690186E-004 -0.352513033749123E-004  0.254713584966690E-001  0.363686985568747E-004 -0.140861664332775E-003  0.106769882412748E+000  0.999265859525202E+000  0.100284344101487E+001 -0.115526249986894E+001 -0.460562538955056E-003 -0.711584676489075E-003  0.514166191326948E+000
     11.16000000 -0.295075287741262E-004 -0.161741598167731E-004  0.256462586216009E-001  0.143222064583936E-004 -0.141347775409052E-003  0.106645461185252E+000  0.999711150240148E+000  0.100285069699987E+001 -0.115082193809729E+001 -0.595106810182787E-003 -0.326199890530531E-003  0.517232848546996E+000
     11.17000000 -0.242650461364335E-004 -0.218815581639353E-005  0.258036412227823E-001 -0.548827586739931E-005 -0.142362627042132E-003  0.106558836192977E+000  0.100011058826267E+001  0.100286859406739E+001 -0.114715091792069E+001 -0.488938486442147E-003 -0.440911419228928E-004  0.519941038365474E+000
     11.18000000 -0.112458746504233E-004  0.113090679350346E-004  0.259300568399873E-001 -0.180821550629883E-004 -0.146850959343061E-003  0.106505371859401E+000  0.100036402789231E+001  0.100295638683704E+001 -0.114415405147944E+001 -0.226400671376151E-003  0.227672871405690E-003  0.522020959674658E+000
     11.19000000  0.404304296555401E-005  0.297303286732015E-004  0.260162045352186E-001 -0.219723288577590E-004 -0.153141728301556E-003  0.106470212898357E+000  0.100044194912604E+001  0.100308027671632E+001 -0.114153073371764E+001  0.813213436206852E-004  0.597992723448100E-003  0.523287218745802E+000
     11.20000000  0.170458167466707E-004  0.557242209279795E-004  0.260641084244538E-001 -0.189300782418043E-004 -0.155500264588468E-003  0.106434043417470E+000  0.100038041765298E+001  0.100312492346504E+001 -0.113889179310909E+001  0.342551653358601E-003  0.111983041321429E-002  0.523782671537774E+000
     11.21000000  0.257078679184499E-004  0.868271419396852E-004  0.260881302653666E-001 -0.124627985800505E-004 -0.147068990345124E-003  0.106382637633532E+000  0.100025022819262E+001  0.100295285263647E+001 -0.113595164604805E+001  0.516162825234283E-003  0.174331621092709E-002  0.523797736380451E+000
     11.22000000  0.306744056520595E-004  0.115707794161693E-003  0.261087612260750E-001 -0.578437535077828E-005 -0.123781083736550E-003  0.106314835265827E+000  0.100011603523479E+001  0.100248306277562E+001 -0.113268782253476E+001  0.615332105195540E-003  0.232111165825528E-002  0.523744752922695E+000
     11.23000000  0.341682985344077E-004  0.133061291707531E-003  0.261421349457918E-001 -0.256150935587206E-006 -0.872342470521045E-004  0.106244257226874E+000  0.100000513384161E+001  0.100174837076582E+001 -0.112937418100530E+001  0.684809650960083E-003  0.266684794499709E-002  0.523947257413221E+000
     11.24000000  0.382001188407210E-004  0.131818508767636E-003  0.261906746423948E-001  0.497892782176978E-005 -0.449670939800860E-004  0.106193328489327E+000  0.999900299853897E+000  0.100090044001442E+001 -0.112645990151598E+001  0.764935256324532E-003  0.263958929585849E-002  0.524453091479298E+000
     11.25000000  0.430753583477659E-004  0.110611264836593E-003  0.262398732705418E-001  0.120519789721054E-004 -0.787292965617388E-005  0.106182259365280E+000  0.999758880619965E+000  0.100015751072269E+001 -0.112434825916317E+001  0.861792384772212E-003  0.221295769466633E-002  0.524971209278721E+000
     11.26000000  0.470001024654919E-004  0.747750573579730E-004  0.262631125506315E-001  0.226684492042586E-004  0.140633375109785E-004  0.106218352764055E+000  0.999546883689815E+000  0.999718890006791E+000 -0.112318309226657E+001  0.939478162603348E-003  0.149466766688023E-002  0.524969509192621E+000
     11.27000000  0.470096824900038E-004  0.344018288686072E-004  0.262323162404818E-001  0.366095145883707E-004  0.156803323152603E-004  0.106290893397976E+000  0.999268867094980E+000  0.999686846246222E+000 -0.112274788510508E+001  0.938835876668030E-003  0.687042954857441E-003  0.523888661020049E+000
     11.28000000  0.407337927298935E-004  0.418584308582414E-006  0.261293103686543E-001  0.513045359284337E-004 -0.160669991923916E-005  0.106374018516852E+000  0.998976299443349E+000  0.100003205914588E+001 -0.112252464617945E+001  0.812778159620504E-003  0.835218527848894E-005  0.521368902091021E+000
     11.29000000  0.280313130138553E-004 -0.194096997085280E-004  0.259525602979384E-001  0.627919756988328E-004 -0.309014281178391E-004  0.106435937764014E+000  0.998748195577388E+000  0.100061604279770E+001 -0.112187904799866E+001  0.558824932832992E-003 -0.386946702445421E-003  0.517383461779729E+000
     11.30000000  0.115438073359058E-004 -0.227366168317949E-004  0.257164975330283E-001  0.676358412970301E-004 -0.630341803996214E-004  0.106449832963755E+000  0.998652822786519E+000  0.100125552088769E+001 -0.112027804485889E+001  0.229930668437365E-003 -0.452870128027709E-003  0.512223679378750E+000
     11.31000000 -0.425261237317328E-005 -0.123308911327840E-004  0.254444768180026E-001  0.648043577433895E-004 -0.901844045400156E-004  0.106401290656385E+000  0.998710361821888E+000  0.100179471343001E+001 -0.111743733614603E+001 -0.846290506399353E-004 -0.245390719524529E-003  0.506357440598469E+000
     11.32000000 -0.151237389265912E-004  0.627039879547276E-005  0.251594184826459E-001  0.564571787895810E-004 -0.108196757778279E-003  0.106289311475490E+000  0.998877467248659E+000  0.100215126591160E+001 -0.111334033699089E+001 -0.300703872063889E-003  0.124673746772247E-003  0.500242340424517E+000
     11.33000000 -0.192581334107643E-004  0.276853784880158E-004  0.248768456242175E-001  0.470911628723637E-004 -0.116730792928687E-003  0.106121450493901E+000  0.999064517256347E+000  0.100231889882893E+001 -0.110814045806255E+001 -0.382569687853366E-003  0.549979916555276E-003  0.494187409664204E+000
     11.34000000 -0.183760546661111E-004  0.486294026823581E-004  0.246031656714328E-001  0.413332459048707E-004 -0.117605104790630E-003  0.105906478626820E+000  0.999179624404022E+000  0.100233420714537E+001 -0.110201470074216E+001 -0.364724968204404E-003  0.965188538529510E-003  0.488319662750548E+000
     11.35000000 -0.170514573892576E-004  0.680593545251598E-004  0.243389264751065E-001  0.414231053151404E-004 -0.112595505367829E-003  0.105648638906414E+000  0.999178565258206E+000  0.100223280845739E+001 -0.109504965310506E+001 -0.338136394922651E-003  0.134964092831141E-002  0.482649468998747E+000
     11.36000000 -0.204100442173833E-004  0.858053713791139E-004  0.240842697222440E-001  0.456966700574261E-004 -0.102067795095013E-003  0.105345957495034E+000  0.999094616661452E+000  0.100202225853580E+001 -0.108720842414824E+001 -0.404382068763945E-003  0.170005283769999E-002  0.477179113931314E+000
     11.37000000 -0.312356528036260E-004  0.100803178406362E-003  0.238432734699025E-001  0.489885248567619E-004 -0.851740228263302E-004  0.104992355644811E+000  0.999030249140957E+000  0.100168605978738E+001 -0.107837299402661E+001 -0.618324418374512E-003  0.199544626296975E-002  0.471988797324271E+000
     11.38000000 -0.479297240697315E-004  0.110164638209367E-003  0.236253948777512E-001  0.449695110950549E-004 -0.613448238053917E-004  0.104581253132752E+000  0.999110589649120E+000  0.100121328250934E+001 -0.106841583951502E+001 -0.947957664301206E-003  0.217884444679058E-002  0.467264825349790E+000
     11.39000000 -0.644796714162619E-004  0.109738248497066E-003  0.234445929703926E-001  0.294466019312334E-004 -0.320507490671357E-004  0.104108178050348E+000  0.999418114229717E+000  0.100063334556743E+001 -0.105725154702286E+001 -0.127416410753514E-002  0.216850573812739E-002  0.463281809949035E+000
     11.40000000 -0.726950267036458E-004  0.959004820345414E-004  0.233182468083201E-001  0.306779131750470E-005 -0.168296824905009E-005  0.103571544635408E+000  0.999939431441454E+000  0.100003322747553E+001 -0.104485198492931E+001 -0.143524527101260E-002  0.189339930899291E-002  0.460380922568222E+000
     11.41000000 -0.658683670558739E-004  0.676132938396406E-004  0.232676054529999E-001 -0.279834270724933E-004  0.230676192321620E-004  0.102972949199472E+000  0.100055200311900E+001  0.999544966464216E+000 -0.103125189005244E+001 -0.129932420229834E-002  0.133374475502684E-002  0.458978478530775E+000
     11.42000000 -0.422408926261769E-004  0.276517047741227E-004  0.233194442378211E-001 -0.538698246679501E-004  0.351189660180103E-004  0.102319383841091E+000  0.100106170957397E+001  0.999307847339782E+000 -0.101659222202463E+001 -0.832517283857181E-003  0.544981905479604E-003  0.459598251148201E+000
     11.43000000 -0.660223922194671E-005 -0.176324146635490E-004  0.235062994466154E-001 -0.649341625855593E-004  0.293183089568346E-004  0.101628694334203E+000  0.100127865472906E+001  0.999422676863719E+000 -0.100122717294291E+001 -0.130008366434189E-003 -0.347209688961001E-003  0.462875622835468E+000
     11.44000000  0.308983160253953E-004 -0.598934000727925E-004  0.238618898356427E-001 -0.558844374961891E-004  0.414534701663090E-005  0.100936823816723E+000  0.100109948962329E+001  0.999918443018595E+000 -0.985865750226978E+000  0.607904085093234E-003 -0.117836333036561E-002  0.469467018759521E+000
     11.45000000  0.584180669215350E-004 -0.909917787856948E-004  0.244100876353650E-001 -0.284491746431611E-004 -0.378519376606729E-004  0.100302555086264E+000  0.100055922999869E+001  0.100074406162266E+001 -0.971663447276456E+000  0.114833333119660E-002 -0.178864002098574E-002  0.479833016158678E+000
     11.46000000  0.670940059820696E-004 -0.104906076945228E-003  0.251495323394616E-001  0.879366730448785E-005 -0.908925120751744E-004  0.998045823627168E-001  0.999827292304777E+000  0.100178512965410E+001 -0.960162784845771E+000  0.131772680671425E-002 -0.206035617868604E-002  0.493937013522370E+000
     11.47000000  0.547186549864283E-004 -0.987388747692927E-004  0.260397773410499E-001  0.434952402826992E-004 -0.147530066143579E-003  0.995279164602331E-001  0.999146497903991E+000  0.100289496551483E+001 -0.953024854169265E+000  0.107373787150369E-002 -0.193754157984594E-002  0.510975554928090E+000
     11.48000000  0.267808864936380E-004 -0.727238539806029E-004  0.269964263088802E-001  0.643023836605252E-004 -0.200236738886153E-003  0.995412988870692E-001  0.998739300850736E+000  0.100392579982257E+001 -0.951585986082042E+000  0.525060486051455E-003 -0.142580874339845E-002  0.529286314803667E+000
     11.49000000 -0.564279458280935E-005 -0.295861109086811E-004  0.279006639539756E-001  0.653104701036430E-004 -0.242493987482240E-003  0.998723702514437E-001  0.998720650933333E+000  0.100475014888219E+001 -0.956372744894924E+000 -0.110535171029340E-003 -0.579554293779718E-003  0.546538530993170E+000
     11.50000000 -0.302859059474724E-004  0.262416624114579E-004  0.286233162066175E-001  0.483094676670015E-004 -0.269284541192310E-003  0.100490168292687E+000  0.999054501842054E+000  0.100527035485913E+001 -0.966762905925406E+000 -0.592746508457876E-003  0.513593808205699E-003  0.560206809444122E+000
     11.51000000 -0.385220310965004E-004  0.892025511048123E-004  0.290572433980276E-001  0.218884547871693E-004 -0.277215814356062E-003  0.101303321153097E+000  0.999571978035904E+000  0.100542086951742E+001 -0.980955115882872E+000 -0.753286404692358E-003  0.174432829989681E-002  0.568205408347731E+000
     11.52000000 -0.286098547568008E-004  0.152958608876144E-003  0.291474077500008E-001 -0.216959603803158E-005 -0.264603346521840E-003  0.102177106421751E+000  0.100004238895162E+001  0.100516974508464E+001 -0.996307305370539E+000 -0.558971222191835E-003  0.298846188752276E-002  0.569473780004731E+000
     11.53000000 -0.607092841055155E-005  0.210694088707988E-003  0.289076359293832E-001 -0.136262859019932E-004 -0.231701719871981E-003  0.102965376426469E+000  0.100026599560758E+001  0.100452299622929E+001 -0.100996354097779E+001 -0.118509203662348E-003  0.411291107069395E-002  0.564299343045795E+000
     11.54000000  0.188114921554913E-004  0.255623942225223E-003  0.284173777108046E-001 -0.767457784563075E-005 -0.181027288278829E-003  0.103547284392970E+000  0.100014968385594E+001  0.100353073003959E+001 -0.101957125359537E+001  0.366896621356921E-003  0.498565238552824E-002  0.554248423449713E+000
     11.55000000  0.351780295739392E-004  0.281813618963551E-003  0.277990032197004E-001  0.135307392032448E-004 -0.117539593527705E-003  0.103856492891083E+000  0.999736326906421E+000  0.100229049039952E+001 -0.102384824343108E+001  0.685513167051073E-003  0.549169321856918E-002  0.541718310229558E+000
     11.56000000  0.356684056793850E-004  0.285207621275573E-003  0.271833739687682E-001  0.421060022320956E-004 -0.484296817114917E-004  0.103893167741480E+000  0.999180191436424E+000  0.100094293130893E+001 -0.102281157308758E+001  0.694467840092974E-003  0.555302422277254E-002  0.529263325538567E+000
     11.57000000  0.188198741681858E-004  0.264612977028887E-003  0.266755630585174E-001  0.676715447709449E-004  0.176150101946301E-004  0.103715483395131E+000  0.998683566252936E+000  0.999657330212372E+000 -0.101760670451054E+001  0.366108348115347E-003  0.514759126677353E-002  0.518927291390176E+000
     11.58000000 -0.109059989742079E-004  0.222349870258623E-003  0.263320383370032E-001  0.811121905092090E-004  0.716274155247279E-004  0.103414892032595E+000  0.998423464167215E+000  0.998607814849092E+000 -0.101002194502996E+001 -0.211974279910508E-003  0.432169980464257E-002  0.511802254728116E+000
     11.59000000 -0.451196395699688E-004  0.164343192621653E-003  0.261557519083525E-001  0.774092504205566E-004  0.105878305406727E-003  0.103084954326261E+000  0.998496734461585E+000  0.997943873543291E+000 -0.100188037638756E+001 -0.876210516220702E-003  0.319149787136645E-002  0.507937233102635E+000
     11.60000000 -0.744557678262606E-004  0.995275112859037E-004  0.261085747676950E-001  0.567151280364198E-004  0.115433379646256E-003  0.102794979656260E+000  0.998899557884443E+000  0.997760249215655E+000 -0.994528246659828E+000 -0.144466327589939E-002  0.193112964507894E-002  0.506583979376533E+000
     11.61000000 -0.912906139292621E-004  0.385405467785280E-004  0.261343010139546E-001  0.236875742210958E-004  0.994436819112766E-004  0.102576779231626E+000  0.999540786503316E+000  0.998072158826086E+000 -0.988580216354494E+000 -0.176978366993430E-002  0.747157099543990E-003  0.506646380924585E+000
     11.62000000 -0.914368475583724E-004 -0.819751578091999E-005  0.261824112184491E-001 -0.142692247838925E-004  0.618303230882044E-004  0.102427014608977E+000  0.100027638885513E+001  0.998802372765920E+000 -0.983967996192249E+000 -0.177109310391460E-002 -0.158782417116360E-003  0.507142242882428E+000
     11.63000000 -0.746414372046445E-004 -0.327470924948668E-004  0.262238317144142E-001 -0.490380953624565E-004  0.110303198932449E-004  0.102321481698152E+000  0.100094903046635E+001  0.999786531072325E+000 -0.980219720518497E+000 -0.144452996054639E-002 -0.633751947995389E-003  0.507507786699488E+000
     11.64000000 -0.441737581796557E-004 -0.317676831427206E-004  0.262542346046489E-001 -0.735161547388932E-004 -0.414144236941844E-004  0.102233654807074E+000  0.100142153016011E+001  0.100080080157285E+001 -0.976820254027306E+000 -0.854156882396863E-003 -0.614269338003813E-003  0.507659662744085E+000
     11.65000000 -0.591385438858090E-005 -0.783986145044451E-005  0.262859495741011E-001 -0.828393140028236E-004 -0.833624237593878E-004  0.102149282817811E+000  0.100160043059089E+001  0.100161053691379E+001 -0.973493371192338E+000 -0.114253885216962E-003 -0.151463761435444E-003  0.507836627032488E+000
     11.66000000  0.328035642789787E-004  0.306359678883495E-004  0.263339870981587E-001 -0.751553899346281E-004 -0.105197461998567E-003  0.102071611566564E+000  0.100145073422727E+001  0.100203064023586E+001 -0.970301540059865E+000  0.633211450533193E-003  0.591370056622216E-003  0.508328364166000E+000
     11.67000000  0.645339251845839E-004  0.712758206131019E-004  0.264033650876096E-001 -0.519902915936430E-004 -0.102706560160646E-003  0.102016439196978E+000  0.100100271537154E+001  0.100198085918495E+001 -0.967549105752326E+000  0.124463927370028E-002  0.137466743804195E-002  0.509230843341543E+000
     11.68000000  0.832303298130820E-004  0.101024514951835E-003  0.264834998986927E-001 -0.180916382929648E-004 -0.786906358168144E-004  0.102000652019857E+000  0.100034862724907E+001  0.100151637455097E+001 -0.965560340178456E+000  0.160385480034695E-002  0.194675010446439E-002  0.510339061948905E+000
     11.69000000  0.857023970437759E-004  0.110056584661226E-003  0.265517505922200E-001  0.194537530155381E-004 -0.425344814477655E-004  0.102030374721217E+000  0.999625445376712E+000  0.100081894155142E+001 -0.964451205743896E+000  0.165007898547664E-002  0.211898457717652E-002  0.511216572594349E+000
     11.70000000  0.725724290255950E-004  0.949824482981464E-004  0.265839749735145E-001  0.528777604664877E-004 -0.760389708231160E-005  0.102094573222598E+000  0.998982783334171E+000  0.100014627720178E+001 -0.964007182916968E+000  0.139608568201989E-002  0.182719026898590E-002  0.511399540156076E+000
     11.71000000  0.482181773842290E-004  0.601539355518711E-004  0.265669267288421E-001  0.758401266426445E-004  0.128431724246332E-004  0.102167210632807E+000  0.998542299072967E+000  0.999753145133346E+000 -0.963726120257465E+000  0.926787506619205E-003  0.115620122882715E-002  0.510635140464929E+000
     11.72000000  0.194672766398983E-004  0.164601705777011E-004  0.265066483232529E-001  0.852912102918000E-004  0.989607446929175E-005  0.102217155510370E+000  0.998362041323245E+000  0.999809952737365E+000 -0.963009742839617E+000  0.373855577567872E-003  0.316106186397948E-003  0.509041839882640E+000
     11.73000000 -0.665704759377229E-005 -0.220809663053087E-004  0.264288405759560E-001  0.822936071638572E-004 -0.181156585454557E-004  0.102221636586277E+000  0.998420955524711E+000  0.100034760209849E+001 -0.961422230345810E+000 -0.127735003810808E-003 -0.423688170382548E-003  0.507114904036909E+000
     11.74000000 -0.253204189110583E-004 -0.427760086179558E-004  0.263706573571535E-001  0.713329528975204E-004 -0.651298341860304E-004  0.102177504846540E+000  0.998632433728982E+000  0.100124864260979E+001 -0.958905437233812E+000 -0.485432741310372E-003 -0.820084185758146E-003  0.505567484329766E+000
     11.75000000 -0.353872413568988E-004 -0.381773903136736E-004  0.263669972859147E-001  0.582925071998859E-004 -0.119422164328821E-003  0.102105468422680E+000  0.998883390948780E+000  0.100228756449176E+001 -0.955858406105082E+000 -0.677852367223324E-003 -0.731298439952776E-003  0.505067104456390E+000
     11.76000000 -0.393596385855897E-004 -0.811292229016466E-005  0.264366415495055E-001  0.479143474791636E-004 -0.167434615168643E-003  0.102045364463642E+000  0.999082967913141E+000  0.100320452896968E+001 -0.953044932294516E+000 -0.753303622174024E-003 -0.155273116502522E-003  0.505970546300949E+000
     11.77000000 -0.417417332143489E-004  0.407777149395065E-004  0.265736069913446E-001  0.418671396901047E-004 -0.197926108417843E-003  0.102044170941260E+000  0.999199386140184E+000  0.100378488682990E+001 -0.951362767403707E+000 -0.798215746083786E-003  0.779781088314779E-003  0.508159817461579E+000
     11.78000000 -0.465666093984703E-004  0.976310479223600E-004  0.267468962614112E-001  0.382992706760507E-004 -0.204979061868922E-003  0.102141302215631E+000  0.999268235243642E+000  0.100391643106042E+001 -0.951562100545169E+000 -0.889724607789833E-003  0.186538695736962E-002  0.511039392671806E+000
     11.79000000 -0.552303970768055E-004  0.150943460392978E-003  0.269084167883303E-001  0.330737516553418E-004 -0.188951286221379E-003  0.102356604218632E+000  0.999368612570037E+000  0.100360713438979E+001 -0.954017008738635E+000 -0.105436416254049E-002  0.288155406499952E-002  0.513689414415474E+000
     11.80000000 -0.656356243151319E-004  0.191777589316228E-003  0.270056994659789E-001  0.220936529154682E-004 -0.155334375951741E-003  0.102685069440902E+000  0.999578583248228E+000  0.100296286487357E+001 -0.958626243690098E+000 -0.125194107580157E-002  0.365798671054673E-002  0.515109664835120E+000
     11.81000000 -0.730246563791781E-004  0.215552550881852E-003  0.269945142527540E-001  0.362712350818915E-005 -0.112272775088539E-003  0.103099331875613E+000  0.999930874430550E+000  0.100213968989316E+001 -0.964862792711731E+000 -0.139170087390203E-002  0.410799157857620E-002  0.514460333521411E+000
     11.82000000 -0.720985419014294E-004  0.222092201336013E-003  0.268471323743234E-001 -0.204314437218789E-004 -0.678826266558868E-004  0.103557860294033E+000  0.100038905218136E+001  0.100129260978014E+001 -0.971931694757431E+000 -0.137288854286435E-002  0.422904306567799E-002  0.511218666472649E+000
     11.83000000 -0.594525348914738E-004  0.214349059514925E-003  0.265543811943109E-001 -0.449080748496465E-004 -0.283662990981286E-004  0.104014860001873E+000  0.100085440930358E+001  0.100053968979830E+001 -0.978959561148377E+000 -0.113112840180596E-002  0.407814922543360E-002  0.505216721475315E+000
     11.84000000 -0.352701523142786E-004  0.196666283910458E-003  0.261225372948275E-001 -0.631128119598701E-004  0.262612711041651E-005  0.104427993766786E+000  0.100119975371531E+001  0.999950078190786E+000 -0.985141679053023E+000 -0.670473949178676E-003  0.373856111730933E-002  0.496580808230300E+000
     11.85000000 -0.360484332889900E-005  0.173424452473589E-003  0.255680844134609E-001 -0.692380040517461E-004  0.235882716578636E-004  0.104761910173106E+000  0.100131508088421E+001  0.999551973145765E+000 -0.989808737972554E+000 -0.684690527598522E-004  0.329395951581876E-002  0.485630680989481E+000
     11.86000000  0.287836264558958E-004  0.148508246852579E-003  0.249135376403478E-001 -0.604146574061216E-004  0.343445630033788E-004  0.104988119741641E+000  0.100114652598887E+001  0.999348222174046E+000 -0.992423907954056E+000  0.546244524137331E-003  0.281833203876365E-002  0.472799476250212E+000
     11.87000000  0.544970322268928E-004  0.125463426213925E-003  0.241859933277330E-001 -0.376882096068166E-004  0.355208380263922E-004  0.105083597647624E+000  0.100071462970271E+001  0.999326467184736E+000 -0.992555786804402E+000  0.103335229624979E-002  0.237899045646650E-002  0.458605739083930E+000
     11.88000000  0.676579210753467E-004  0.107794492721531E-003  0.234178044188658E-001 -0.567688796062668E-005  0.286465957147872E-004  0.105030681410390E+000  0.100010755241286E+001  0.999457271217841E+000 -0.989876018033607E+000  0.128182425144701E-002  0.204223825897651E-002  0.443665858226953E+000
     11.89000000  0.654376340005115E-004  0.987908116985415E-004  0.226471536876505E-001  0.288160334537700E-004  0.167122795699595E-004  0.104819388388375E+000  0.999454520265366E+000  0.999683641059080E+000 -0.984202727080342E+000  0.123871674729119E-002  0.187008339770532E-002  0.428704505898714E+000
     11.90000000  0.485714274078297E-004  0.100594935387881E-003  0.219162495505261E-001  0.586575558588066E-004  0.458245145689521E-005  0.104451148049659E+000  0.998890561387167E+000  0.999913328325511E+000 -0.975570497345045E+000  0.918671367357537E-003  0.190263477468093E-002  0.414520058734886E+000
     11.91000000  0.208781464401001E-004  0.112777185021984E-003  0.212664066083937E-001  0.780951914292777E-004 -0.141395662351515E-005  0.103941463743047E+000  0.998524161594189E+000  0.100002672087040E+001 -0.964279763462059E+000  0.394554002551552E-003  0.213125671259098E-002  0.401891320731164E+000
     11.92000000 -0.119049020546600E-004  0.131167338037651E-003  0.207314501507980E-001  0.838875306001695E-004  0.494655241408844E-005  0.103319140826099E+000  0.998416028255009E+000  0.999906598761425E+000 -0.950881121597336E+000 -0.224789409660236E-003  0.247671323533878E-002  0.391453068610027E+000
     11.93000000 -0.435447898824847E-004  0.147836217891629E-003  0.203323416079790E-001  0.756842284444431E-004  0.273470953552908E-004  0.102621442729105E+000  0.998572121613744E+000  0.999484062569081E+000 -0.936082894032695E+000 -0.821527358938758E-003  0.278911663066393E-002  0.383595257832726E+000
     11.94000000 -0.686054662773178E-004  0.152778776631201E-003  0.200756849173977E-001  0.557196480480245E-004  0.645511793495082E-004  0.101886880577105E+000  0.998949659012615E+000  0.998783180586561E+000 -0.920614549730788E+000 -0.129324458631909E-002  0.287995019207497E-002  0.378435892136137E+000
     11.95000000 -0.833492418471836E-004  0.137115081679826E-003  0.199568519403676E-001  0.280329334830727E-004  0.109282853960004E-003  0.101148885232085E+000  0.999472008517325E+000  0.997941691827288E+000 -0.905107430760807E+000 -0.156985674757570E-002  0.258251942548103E-002  0.375881027645051E+000
     11.96000000 -0.861385215317620E-004  0.968011861612355E-004  0.199659010521159E-001 -0.251611513432534E-005  0.149292191370350E-003  0.100433326271810E+000  0.100004735061301E+001  0.997190479607645E+000 -0.890048472346177E+000 -0.162103543788495E-002  0.182169545525344E-002  0.375737040516190E+000
     11.97000000 -0.773668316901856E-004  0.353308944788866E-004  0.200927704677207E-001 -0.311825731729756E-004  0.170722289470764E-003  0.997607382200849E-001  0.100058633264546E+001  0.996789871988168E+000 -0.875822666355294E+000 -0.145474521437860E-002  0.664334425231423E-003  0.377808694539477E+000
     11.98000000 -0.590513433682661E-004 -0.359717995073843E-004  0.203285184335354E-001 -0.540406050829047E-004  0.162852585651990E-003  0.991512993653738E-001  0.100101528895239E+001  0.996940403779210E+000 -0.862807026429225E+000 -0.110942829847479E-002 -0.675820905066826E-003  0.381922447988718E+000
     11.99000000 -0.342709655648149E-004 -0.100663650448468E-003  0.206616749710012E-001 -0.683785153458665E-004  0.122487572414829E-003  0.986287153469305E-001  0.100128359128402E+001  0.997700681572899E+000 -0.851443523351346E+000 -0.643329450361214E-003 -0.188964302134673E-002  0.387857878631909E+000
     12.00000000 -0.662071093371920E-005 -0.142268665842730E-003  0.210718942439767E-001 -0.728181660679188E-004  0.561181085883699E-004  0.982194219747090E-001  0.100136579263493E+001  0.998947437108964E+000 -0.842223862317333E+000 -0.124179428288057E-003 -0.266842062197245E-002  0.395228821550965E+000
